,TMC
0,WECHUK__ligand422-0
1,WECHUK__ligand113-0
2,WECHUK__ligand196-0
3,WECHUK__ligand1307-0
4,WECHUK__ligand502-0
5,WECHUK__ligand17-0
6,WECHUK__ligand3853-0
7,WECHUK__ligand2853-0
8,WECHUK__ligand5089-0
9,WECHUK__ligand2599-0
10,WECHUK__ligand353-0
11,WECHUK__ligand1246-0
12,WECHUK__ligand92-0
13,WECHUK__ligand236-0
14,WECHUK__ligand6166-0
15,WECHUK__ligand391-0
16,WECHUK__ligand170-0
17,WECHUK__ligand1788-0
18,WECHUK__ligand1321-0
19,WECHUK__ligand3566-0
20,WECHUK__ligand481-0
21,WECHUK__ligand1178-0
22,WECHUK__ligand314-0
23,WECHUK__ligand3337-0
24,WECHUK__ligand7514-0
25,WECHUK__ligand89-0
26,WECHUK__ligand1449-1
27,WECHUK__ligand4811-0
28,WECHUK__ligand4894-0
29,WECHUK__ligand1260-0
30,WECHUK__ligand9620-0
31,WECHUK__ligand210-0
32,WECHUK__ligand49-0
33,WECHUK__ligand2929-0
34,WECHUK__ligand8-0
35,WECHUK__ligand291-0
36,WECHUK__ligand2376-0
37,WECHUK__ligand115-0
38,WECHUK__ligand1379-0
39,WECHUK__ligand1264-0
40,WECHUK__ligand1221-0
41,WECHUK__ligand6430-0
42,WECHUK__ligand1299-0
43,WECHUK__ligand2442-0
44,WECHUK__ligand1019-0
45,WECHUK__ligand7414-0
46,WECHUK__ligand5762-0
47,WECHUK__ligand1104-0
48,WECHUK__ligand784-0
49,WECHUK__ligand355-0
50,WECHUK__ligand485-0
51,WECHUK__ligand11-0
52,WECHUK__ligand6571-0
53,WECHUK__ligand1325-0
54,WECHUK__ligand2482-0
55,WECHUK__ligand487-0
56,WECHUK__ligand5334-0
57,WECHUK__ligand3051-0
58,WECHUK__ligand522-0
59,WECHUK__ligand4504-0
60,WECHUK__ligand2480-0
61,WECHUK__ligand1898-0
62,WECHUK__ligand666-0
63,WECHUK__ligand2315-0
64,WECHUK__ligand1858-0
65,WECHUK__ligand133-0
66,WECHUK__ligand8032-0
67,WECHUK__ligand447-0
68,WECHUK__ligand682-0
69,WECHUK__ligand1712-0
70,WECHUK__ligand3579-0
71,WECHUK__ligand10357-0
72,WECHUK__ligand2110-0
73,WECHUK__ligand15630-0
74,WECHUK__ligand2916-0
75,WECHUK__ligand1919-0
76,WECHUK__ligand2389-0
77,WECHUK__ligand1285-0
78,WECHUK__ligand1555-0
79,WECHUK__ligand525-0
80,WECHUK__ligand560-0
81,WECHUK__ligand7630-0
82,WECHUK__ligand51-0
83,WECHUK__ligand109-0
84,WECHUK__ligand29-0
85,WECHUK__ligand134-0
86,WECHUK__ligand3890-0
87,WECHUK__ligand932-0
88,WECHUK__ligand235-0
89,WECHUK__ligand91-0
90,WECHUK__ligand4423-0
91,WECHUK__ligand390-0
92,WECHUK__ligand1907-0
93,WECHUK__ligand2762-0
94,WECHUK__ligand1038-0
95,WECHUK__ligand48-0
96,WECHUK__ligand916-0
97,WECHUK__ligand584-0
98,WECHUK__ligand2253-0
99,WECHUK__ligand1160-0
100,WECHUK__ligand5093-0
101,WECHUK__ligand2954-0
102,WECHUK__ligand421-0
103,WECHUK__ligand798-0
104,WECHUK__ligand331-0
105,WECHUK__ligand294-0
106,WECHUK__ligand7550-0
107,WECHUK__ligand993-0
108,WECHUK__ligand9176-0
109,WECHUK__ligand2718-0
110,WECHUK__ligand3035-0
111,WECHUK__ligand197-0
112,WECHUK__ligand3070-0
113,WECHUK__ligand32-0
114,WECHUK__ligand1493-0
115,WECHUK__ligand296-0
116,WECHUK__ligand112-0
117,WECHUK__ligand4619-0
118,WECHUK__ligand5235-0
119,WECHUK__ligand6143-0
120,WECHUK__ligand3251-0
121,WECHUK__ligand1818-0
122,WECHUK__ligand136-0
123,WECHUK__ligand7456-0
124,WECHUK__ligand868-0
125,WECHUK__ligand442-0
126,WECHUK__ligand783-0
127,WECHUK__ligand352-0
128,WECHUK__ligand5758-0
129,WECHUK__ligand3478-0
130,WECHUK__ligand3852-0
131,WECHUK__ligand3618-0
132,WECHUK__ligand2618-0
133,WECHUK__ligand177-0
134,WECHUK__ligand934-0
135,WECHUK__ligand1436-0
136,WECHUK__ligand10910-0
137,WECHUK__ligand57-0
138,WECHUK__ligand909-0
139,WECHUK__ligand851-0
140,WECHUK__ligand4370-0
141,WECHUK__ligand73-0
142,WECHUK__ligand193-0
143,WECHUK__ligand830-0
144,WECHUK__ligand1918-0
145,WECHUK__ligand2255-0
146,WECHUK__ligand14530-0
147,WECHUK__ligand252-0
148,WECHUK__ligand955-0
149,WECHUK__ligand4175-0
150,WECHUK__ligand2915-0
151,WECHUK__ligand460-0
152,WECHUK__ligand10479-0
153,WECHUK__ligand250-0
154,WECHUK__ligand34-0
155,WECHUK__ligand3196-0
156,WECHUK__ligand4012-0
157,WECHUK__ligand370-0
158,WECHUK__ligand55-0
159,WECHUK__ligand10114-0
160,WECHUK__ligand1551-0
161,WECHUK__ligand311-0
162,WECHUK__ligand2526-0
163,WECHUK__ligand369-0
164,WECHUK__ligand444-0
165,WECHUK__ligand1690-0
166,WECHUK__ligand2707-0
167,WECHUK__ligand188-0
168,WECHUK__ligand95-0
169,WECHUK__ligand5801-0
170,WECHUK__ligand365-0
171,WECHUK__ligand3063-0
172,WECHUK__ligand1438-0
173,WECHUK__ligand278-0
174,WECHUK__ligand21-0
175,WECHUK__ligand669-0
176,WECHUK__ligand430-0
177,WECHUK__ligand358-0
178,WECHUK__ligand1171-0
179,WECHUK__ligand3757-0
180,WECHUK__ligand509-0
181,WECHUK__ligand2087-0
182,WECHUK__ligand38-0
183,WECHUK__ligand1048-0
184,WECHUK__ligand1685-0
185,WECHUK__ligand1544-0
186,WECHUK__ligand118-0
187,WECHUK__ligand40-0
188,WECHUK__ligand670-0
189,WECHUK__ligand1459-0
190,WECHUK__ligand571-0
191,WECHUK__ligand2259-0
192,WECHUK__ligand2688-0
193,WECHUK__ligand1376-0
194,WECHUK__ligand2768-0
195,WECHUK__ligand162-0
196,WECHUK__ligand6277-0
197,WECHUK__ligand226-0
198,WECHUK__ligand1687-0
199,WECHUK__ligand1951-0
200,WECHUK__ligand383-0
201,WECHUK__ligand3734-0
202,WECHUK__ligand1706-0
203,WECHUK__ligand4381-0
204,WECHUK__ligand2629-0
205,WECHUK__ligand66-0
206,WECHUK__ligand436-0
207,WECHUK__ligand3145-0
208,WECHUK__ligand142-0
209,WECHUK__ligand1747-0
210,WECHUK__ligand6686-0
211,WECHUK__ligand206-0
212,WECHUK__ligand7915-0
213,WECHUK__ligand5548-0
214,WECHUK__ligand2863-0
215,WECHUK__ligand553-0
216,WECHUK__ligand62-0
217,WECHUK__ligand2098-0
218,WECHUK__ligand6502-0
219,WECHUK__ligand283-0
220,WECHUK__ligand6332-0
221,WECHUK__ligand821-0
222,WECHUK__ligand326-0
223,WECHUK__ligand3178-0
224,WECHUK__ligand633-0
225,WECHUK__ligand918-0
226,WECHUK__ligand3041-0
227,WECHUK__ligand532-0
228,WECHUK__ligand2634-0
229,WECHUK__ligand1542-0
230,WECHUK__ligand497-0
231,WECHUK__ligand838-0
232,WECHUK__ligand86-0
233,WECHUK__ligand3-0
234,WECHUK__ligand2751-0
235,WECHUK__ligand166-0
236,WECHUK__ligand1538-0
237,WECHUK__ligand1114-0
238,WECHUK__ligand927-0
239,WECHUK__ligand1-0
240,WECHUK__ligand199-0
241,WECHUK__ligand575-0
242,WECHUK__ligand9244-0
243,WECHUK__ligand1228-0
244,WECHUK__ligand1479-0
245,WECHUK__ligand409-0
246,WECHUK__ligand324-0
247,WECHUK__ligand361-0
248,WECHUK__ligand1148-0
249,WECHUK__ligand3246-0
250,WECHUK__ligand140-0
251,WECHUK__ligand105-0
252,WECHUK__ligand18-0
253,WECHUK__ligand6396-0
254,WECHUK__ligand1113-0
255,WECHUK__ligand2265-0
256,WECHUK__ligand126-0
257,WECHUK__ligand9027-0
258,WECHUK__ligand6-0
259,WECHUK__ligand4983-0
260,WECHUK__ligand2794-0
261,WECHUK__ligand2345-0
262,WECHUK__ligand1835-0
263,WECHUK__ligand1502-0
264,WECHUK__ligand67-0
265,WECHUK__ligand1052-0
266,WECHUK__ligand612-0
267,WECHUK__ligand187-0
268,WECHUK__ligand366-0
269,WECHUK__ligand861-0
270,WECHUK__ligand1273-0
271,WECHUK__ligand596-0
272,WECHUK__ligand2142-0
273,WECHUK__ligand6538-0
274,WECHUK__ligand100-0
275,WECHUK__ligand9495-0
276,WECHUK__ligand6151-0
277,WECHUK__ligand201-0
278,WECHUK__ligand244-0
279,WECHUK__ligand2772-0
280,WECHUK__ligand2864-0
281,WECHUK__ligand279-0
282,WECHUK__ligand178-0
283,WECHUK__ligand321-0
284,WECHUK__ligand119-0
285,WECHUK__ligand11730-0
286,WECHUK__ligand5022-0
287,WECHUK__ligand1169-0
288,WECHUK__ligand4-0
289,WECHUK__ligand2838-0
290,WECHUK__ligand3838-0
291,WECHUK__ligand1799-0
292,WECHUK__ligand124-0
293,WECHUK__ligand2880-0
294,WECHUK__ligand5941-0
295,WECHUK__ligand3637-0
296,WECHUK__ligand8774-0
297,WECHUK__ligand45-0
298,WECHUK__ligand120-0
299,WECHUK__ligand78-0
300,WECHUK__ligand85-0
301,WECHUK__ligand384-0
302,WECHUK__ligand240-0
303,WECHUK__ligand141-0
304,WECHUK__ligand7464-0
305,WECHUK__ligand1248-0
306,WECHUK__ligand4303-0
307,WECHUK__ligand1598-0
308,WECHUK__ligand1054-0
309,WECHUK__ligand6294-0
310,WECHUK__ligand2510-0
311,WECHUK__ligand2285-0
312,WECHUK__ligand1567-0
313,WECHUK__ligand8921-0
314,WECHUK__ligand2862-0
315,WECHUK__ligand2320-0
316,WECHUK__ligand1056-0
317,WECHUK__ligand1703-0
318,WECHUK__ligand2430-0
319,WECHUK__ligand2907-0
320,WECHUK__ligand1727-0
321,WECHUK__ligand757-0
322,WECHUK__ligand1152-0
323,WECHUK__ligand797-0
324,WECHUK__ligand1607-0
