,TMC
0,DOCQIV__ligand366-0
1,DOCQIV__ligand861-0
2,DOCQIV__ligand1169-0
3,DOCQIV__ligand612-0
4,DOCQIV__ligand5022-0
5,DOCQIV__ligand187-0
6,DOCQIV__ligand34-0
7,DOCQIV__ligand596-0
8,DOCQIV__ligand5941-0
9,DOCQIV__ligand2880-0
10,DOCQIV__ligand3838-0
11,DOCQIV__ligand1799-0
12,DOCQIV__ligand2838-0
13,DOCQIV__ligand126-0
14,DOCQIV__ligand2142-0
15,DOCQIV__ligand55-0
16,DOCQIV__ligand2772-0
17,DOCQIV__ligand6151-0
18,DOCQIV__ligand9495-0
19,DOCQIV__ligand1-0
20,DOCQIV__ligand6538-0
21,DOCQIV__ligand2864-0
22,DOCQIV__ligand95-0
23,DOCQIV__ligand1052-0
24,DOCQIV__ligand119-0
25,DOCQIV__ligand57-0
26,DOCQIV__ligand1273-0
27,DOCQIV__ligand124-0
28,DOCQIV__ligand3-0
29,DOCQIV__ligand2265-0
30,DOCQIV__ligand100-0
31,DOCQIV__ligand1113-0
32,DOCQIV__ligand201-0
33,DOCQIV__ligand73-0
34,DOCQIV__ligand244-0
35,DOCQIV__ligand6396-0
36,DOCQIV__ligand9027-0
37,DOCQIV__ligand1835-0
38,DOCQIV__ligand2345-0
39,DOCQIV__ligand2794-0
40,DOCQIV__ligand4983-0
41,DOCQIV__ligand321-0
42,DOCQIV__ligand1502-0
43,DOCQIV__ligand279-0
44,DOCQIV__ligand178-0
45,DOCQIV__ligand1727-0
46,DOCQIV__ligand32-0
47,DOCQIV__ligand240-0
48,DOCQIV__ligand141-0
49,DOCQIV__ligand1152-0
50,DOCQIV__ligand1607-0
51,DOCQIV__ligand8921-0
52,DOCQIV__ligand1567-0
53,DOCQIV__ligand2285-0
54,DOCQIV__ligand2510-0
55,DOCQIV__ligand1056-0
56,DOCQIV__ligand2320-0
57,DOCQIV__ligand2862-0
58,DOCQIV__ligand2430-0
59,DOCQIV__ligand384-0
60,DOCQIV__ligand1703-0
61,DOCQIV__ligand120-0
62,DOCQIV__ligand2907-0
63,DOCQIV__ligand757-0
64,DOCQIV__ligand51-0
65,DOCQIV__ligand7464-0
66,DOCQIV__ligand91-0
67,DOCQIV__ligand1598-0
68,DOCQIV__ligand4303-0
69,DOCQIV__ligand29-0
70,DOCQIV__ligand1248-0
71,DOCQIV__ligand6294-0
72,DOCQIV__ligand797-0
73,DOCQIV__ligand1054-0
74,DOCQIV__ligand48-0
75,DOCQIV__ligand3637-0
76,DOCQIV__ligand8774-0
77,DOCQIV__ligand1706-0
78,DOCQIV__ligand3734-0
79,DOCQIV__ligand509-0
80,DOCQIV__ligand2629-0
81,DOCQIV__ligand4381-0
82,DOCQIV__ligand118-0
83,DOCQIV__ligand670-0
84,DOCQIV__ligand571-0
85,DOCQIV__ligand278-0
86,DOCQIV__ligand2688-0
87,DOCQIV__ligand2259-0
88,DOCQIV__ligand2768-0
89,DOCQIV__ligand1376-0
90,DOCQIV__ligand365-0
91,DOCQIV__ligand430-0
92,DOCQIV__ligand358-0
93,DOCQIV__ligand6277-0
94,DOCQIV__ligand669-0
95,DOCQIV__ligand1951-0
96,DOCQIV__ligand1687-0
97,DOCQIV__ligand1048-0
98,DOCQIV__ligand2087-0
99,DOCQIV__ligand3757-0
100,DOCQIV__ligand1685-0
101,DOCQIV__ligand1544-0
102,DOCQIV__ligand1459-0
103,DOCQIV__ligand5801-0
104,DOCQIV__ligand1438-0
105,DOCQIV__ligand3063-0
106,DOCQIV__ligand383-0
107,DOCQIV__ligand162-0
108,DOCQIV__ligand1171-0
109,DOCQIV__ligand11-0
110,DOCQIV__ligand226-0
111,DOCQIV__ligand1479-0
112,DOCQIV__ligand497-0
113,DOCQIV__ligand633-0
114,DOCQIV__ligand918-0
115,DOCQIV__ligand1148-0
116,DOCQIV__ligand532-0
117,DOCQIV__ligand166-0
118,DOCQIV__ligand3246-0
119,DOCQIV__ligand4-0
120,DOCQIV__ligand838-0
121,DOCQIV__ligand142-0
122,DOCQIV__ligand1114-0
123,DOCQIV__ligand89-0
124,DOCQIV__ligand206-0
125,DOCQIV__ligand1538-0
126,DOCQIV__ligand436-0
127,DOCQIV__ligand821-0
128,DOCQIV__ligand326-0
129,DOCQIV__ligand49-0
130,DOCQIV__ligand1228-0
131,DOCQIV__ligand553-0
132,DOCQIV__ligand9244-0
133,DOCQIV__ligand283-0
134,DOCQIV__ligand409-0
135,DOCQIV__ligand3041-0
136,DOCQIV__ligand324-0
137,DOCQIV__ligand361-0
138,DOCQIV__ligand1542-0
139,DOCQIV__ligand2634-0
140,DOCQIV__ligand11730-0
141,DOCQIV__ligand140-0
142,DOCQIV__ligand105-0
143,DOCQIV__ligand2751-0
144,DOCQIV__ligand927-0
145,DOCQIV__ligand17-0
146,DOCQIV__ligand3145-0
147,DOCQIV__ligand199-0
148,DOCQIV__ligand5548-0
149,DOCQIV__ligand7915-0
150,DOCQIV__ligand6-0
151,DOCQIV__ligand6686-0
152,DOCQIV__ligand1747-0
153,DOCQIV__ligand6502-0
154,DOCQIV__ligand2098-0
155,DOCQIV__ligand2863-0
156,DOCQIV__ligand3178-0
157,DOCQIV__ligand575-0
158,DOCQIV__ligand6332-0
159,DOCQIV__ligand92-0
160,DOCQIV__ligand1818-0
161,DOCQIV__ligand421-0
162,DOCQIV__ligand798-0
163,DOCQIV__ligand7456-0
164,DOCQIV__ligand916-0
165,DOCQIV__ligand584-0
166,DOCQIV__ligand294-0
167,DOCQIV__ligand5758-0
168,DOCQIV__ligand993-0
169,DOCQIV__ligand331-0
170,DOCQIV__ligand3852-0
171,DOCQIV__ligand3478-0
172,DOCQIV__ligand9176-0
173,DOCQIV__ligand525-0
174,DOCQIV__ligand560-0
175,DOCQIV__ligand109-0
176,DOCQIV__ligand1493-0
177,DOCQIV__ligand3035-0
178,DOCQIV__ligand3070-0
179,DOCQIV__ligand2718-0
180,DOCQIV__ligand6143-0
181,DOCQIV__ligand5235-0
182,DOCQIV__ligand4619-0
183,DOCQIV__ligand390-0
184,DOCQIV__ligand3251-0
185,DOCQIV__ligand134-0
186,DOCQIV__ligand932-0
187,DOCQIV__ligand235-0
188,DOCQIV__ligand868-0
189,DOCQIV__ligand1038-0
190,DOCQIV__ligand442-0
191,DOCQIV__ligand2762-0
192,DOCQIV__ligand5093-0
193,DOCQIV__ligand45-0
194,DOCQIV__ligand2954-0
195,DOCQIV__ligand1160-0
196,DOCQIV__ligand136-0
197,DOCQIV__ligand2253-0
198,DOCQIV__ligand85-0
199,DOCQIV__ligand15630-0
200,DOCQIV__ligand10357-0
201,DOCQIV__ligand78-0
202,DOCQIV__ligand783-0
203,DOCQIV__ligand352-0
204,DOCQIV__ligand7550-0
205,DOCQIV__ligand197-0
206,DOCQIV__ligand1555-0
207,DOCQIV__ligand296-0
208,DOCQIV__ligand1285-0
209,DOCQIV__ligand8-0
210,DOCQIV__ligand7630-0
211,DOCQIV__ligand3890-0
212,DOCQIV__ligand1907-0
213,DOCQIV__ligand112-0
214,DOCQIV__ligand4423-0
215,DOCQIV__ligand830-0
216,DOCQIV__ligand2526-0
217,DOCQIV__ligand193-0
218,DOCQIV__ligand1551-0
219,DOCQIV__ligand1690-0
220,DOCQIV__ligand252-0
221,DOCQIV__ligand955-0
222,DOCQIV__ligand2707-0
223,DOCQIV__ligand177-0
224,DOCQIV__ligand934-0
225,DOCQIV__ligand2915-0
226,DOCQIV__ligand851-0
227,DOCQIV__ligand3196-0
228,DOCQIV__ligand4012-0
229,DOCQIV__ligand909-0
230,DOCQIV__ligand311-0
231,DOCQIV__ligand1918-0
232,DOCQIV__ligand188-0
233,DOCQIV__ligand2255-0
234,DOCQIV__ligand4175-0
235,DOCQIV__ligand369-0
236,DOCQIV__ligand444-0
237,DOCQIV__ligand2618-0
238,DOCQIV__ligand3618-0
239,DOCQIV__ligand67-0
240,DOCQIV__ligand250-0
241,DOCQIV__ligand1436-0
242,DOCQIV__ligand460-0
243,DOCQIV__ligand370-0
244,DOCQIV__ligand4370-0
245,DOCQIV__ligand353-0
246,DOCQIV__ligand7514-0
247,DOCQIV__ligand3337-0
248,DOCQIV__ligand1449-1
249,DOCQIV__ligand4811-0
250,DOCQIV__ligand14530-0
251,DOCQIV__ligand9620-0
252,DOCQIV__ligand1260-0
253,DOCQIV__ligand4894-0
254,DOCQIV__ligand236-0
255,DOCQIV__ligand113-0
256,DOCQIV__ligand1788-0
257,DOCQIV__ligand422-0
258,DOCQIV__ligand10910-0
259,DOCQIV__ligand1321-0
260,DOCQIV__ligand18-0
261,DOCQIV__ligand196-0
262,DOCQIV__ligand502-0
263,DOCQIV__ligand1178-0
264,DOCQIV__ligand3566-0
265,DOCQIV__ligand2853-0
266,DOCQIV__ligand3853-0
267,DOCQIV__ligand2599-0
268,DOCQIV__ligand5089-0
269,DOCQIV__ligand1246-0
270,DOCQIV__ligand62-0
271,DOCQIV__ligand210-0
272,DOCQIV__ligand10114-0
273,DOCQIV__ligand6166-0
274,DOCQIV__ligand170-0
275,DOCQIV__ligand391-0
276,DOCQIV__ligand481-0
277,DOCQIV__ligand314-0
278,DOCQIV__ligand1307-0
279,DOCQIV__ligand10479-0
280,DOCQIV__ligand86-0
281,DOCQIV__ligand1712-0
282,DOCQIV__ligand2110-0
283,DOCQIV__ligand2916-0
284,DOCQIV__ligand3579-0
285,DOCQIV__ligand1919-0
286,DOCQIV__ligand784-0
287,DOCQIV__ligand355-0
288,DOCQIV__ligand2389-0
289,DOCQIV__ligand485-0
290,DOCQIV__ligand5334-0
291,DOCQIV__ligand291-0
292,DOCQIV__ligand2315-0
293,DOCQIV__ligand1898-0
294,DOCQIV__ligand2480-0
295,DOCQIV__ligand3051-0
296,DOCQIV__ligand4504-0
297,DOCQIV__ligand8032-0
298,DOCQIV__ligand1858-0
299,DOCQIV__ligand115-0
300,DOCQIV__ligand66-0
301,DOCQIV__ligand1019-0
302,DOCQIV__ligand2442-0
303,DOCQIV__ligand682-0
304,DOCQIV__ligand21-0
305,DOCQIV__ligand1104-0
306,DOCQIV__ligand5762-0
307,DOCQIV__ligand7414-0
308,DOCQIV__ligand2482-0
309,DOCQIV__ligand1325-0
310,DOCQIV__ligand6571-0
311,DOCQIV__ligand522-0
312,DOCQIV__ligand2929-0
313,DOCQIV__ligand38-0
314,DOCQIV__ligand666-0
315,DOCQIV__ligand2376-0
316,DOCQIV__ligand487-0
317,DOCQIV__ligand447-0
318,DOCQIV__ligand1379-0
319,DOCQIV__ligand1299-0
320,DOCQIV__ligand6430-0
321,DOCQIV__ligand133-0
322,DOCQIV__ligand1264-0
323,DOCQIV__ligand1221-0
324,DOCQIV__ligand40-0
