,TMC
0,FUVNER__ligand487-0
1,FUVNER__ligand5280-0
2,FUVNER__ligand5614-0
3,FUVNER__ligand11618-0
4,FUVNER__ligand1831-0
5,FUVNER__ligand5515-0
6,FUVNER__ligand6663-0
7,FUVNER__ligand26529-0
8,FUVNER__ligand27239-0
9,FUVNER__ligand5019-0
10,FUVNER__ligand176-0
11,FUVNER__ligand21729-0
12,FUVNER__ligand1152-0
13,FUVNER__ligand3261-0
14,FUVNER__ligand1216-0
15,FUVNER__ligand19927-0
16,FUVNER__ligand447-0
17,FUVNER__ligand26324-0
18,FUVNER__ligand28559-0
19,FUVNER__ligand746-0
20,FUVNER__ligand14043-0
21,FUVNER__ligand1849-0
22,FUVNER__ligand16148-0
23,FUVNER__ligand26631-0
24,FUVNER__ligand3144-0
25,FUVNER__ligand5085-0
26,FUVNER__ligand12003-0
27,FUVNER__ligand4710-0
28,FUVNER__ligand5755-0
29,FUVNER__ligand10872-0
30,FUVNER__ligand152-0
31,FUVNER__ligand21399-0
32,FUVNER__ligand29215-0
33,FUVNER__ligand17-0
34,FUVNER__ligand1828-0
35,FUVNER__ligand1397-0
36,FUVNER__ligand7213-0
37,FUVNER__ligand8042-0
38,FUVNER__ligand6112-0
39,FUVNER__ligand27754-0
40,FUVNER__ligand20695-0
41,FUVNER__ligand1786-0
42,FUVNER__ligand5630-0
43,FUVNER__ligand16369-0
44,FUVNER__ligand11111-0
45,FUVNER__ligand28540-0
46,FUVNER__ligand1908-0
47,FUVNER__ligand22403-0
48,FUVNER__ligand506-0
49,FUVNER__ligand3285-0
50,FUVNER__ligand4795-0
51,FUVNER__ligand11587-0
52,FUVNER__ligand13220-0
53,FUVNER__ligand1779-0
54,FUVNER__ligand833-0
55,FUVNER__ligand6993-0
56,FUVNER__ligand1817-0
57,FUVNER__ligand9750-0
58,FUVNER__ligand17396-0
59,FUVNER__ligand15788-0
60,FUVNER__ligand23175-0
61,FUVNER__ligand7075-0
62,FUVNER__ligand14569-0
63,FUVNER__ligand13385-0
64,FUVNER__ligand22444-0
65,FUVNER__ligand3980-0
66,FUVNER__ligand24111-0
67,FUVNER__ligand3557-0
68,FUVNER__ligand1149-0
69,FUVNER__ligand10033-0
70,FUVNER__ligand115-0
71,FUVNER__ligand1288-0
72,FUVNER__ligand24644-0
73,FUVNER__ligand12001-0
74,FUVNER__ligand4266-0
75,FUVNER__ligand1400-0
76,FUVNER__ligand27840-0
77,FUVNER__ligand30728-0
78,FUVNER__ligand9491-0
79,FUVNER__ligand4167-0
80,FUVNER__ligand24872-0
81,FUVNER__ligand25561-0
82,FUVNER__ligand1539-0
83,FUVNER__ligand1150-0
84,FUVNER__ligand395-0
85,FUVNER__ligand11949-0
86,FUVNER__ligand3453-0
87,FUVNER__ligand3416-0
88,FUVNER__ligand22129-0
89,FUVNER__ligand89-0
90,FUVNER__ligand24780-0
91,FUVNER__ligand4207-0
92,FUVNER__ligand12138-0
93,FUVNER__ligand368-0
94,FUVNER__ligand3042-0
95,FUVNER__ligand784-0
96,FUVNER__ligand49-0
97,FUVNER__ligand17427-0
98,FUVNER__ligand7438-0
99,FUVNER__ligand8200-0
100,FUVNER__ligand4063-0
101,FUVNER__ligand31694-0
102,FUVNER__ligand29486-0
103,FUVNER__ligand22168-0
104,FUVNER__ligand28930-0
105,FUVNER__ligand22294-0
106,FUVNER__ligand391-0
107,FUVNER__ligand1498-0
108,FUVNER__ligand21919-0
109,FUVNER__ligand4596-0
110,FUVNER__ligand1154-0
111,FUVNER__ligand618-0
112,FUVNER__ligand12365-0
113,FUVNER__ligand10056-0
114,FUVNER__ligand28743-0
115,FUVNER__ligand15531-0
116,FUVNER__ligand9615-0
117,FUVNER__ligand13862-0
118,FUVNER__ligand11357-0
119,FUVNER__ligand11447-0
120,FUVNER__ligand11096-0
121,FUVNER__ligand28810-0
122,FUVNER__ligand24230-0
123,FUVNER__ligand1169-0
124,FUVNER__ligand15926-0
125,FUVNER__ligand10828-0
126,FUVNER__ligand8529-0
127,FUVNER__ligand19792-0
128,FUVNER__ligand11970-0
129,FUVNER__ligand813-0
130,FUVNER__ligand15883-0
131,FUVNER__ligand780-0
132,FUVNER__ligand314-0
133,FUVNER__ligand25913-0
134,FUVNER__ligand314-1
135,FUVNER__ligand16988-0
136,FUVNER__ligand11682-0
137,FUVNER__ligand30711-0
138,FUVNER__ligand20207-0
139,FUVNER__ligand2027-0
140,FUVNER__ligand1015-0
141,FUVNER__ligand69-0
142,FUVNER__ligand1050-0
143,FUVNER__ligand24035-0
144,FUVNER__ligand11-0
145,FUVNER__ligand1028-0
146,FUVNER__ligand31044-0
147,FUVNER__ligand4262-0
148,FUVNER__ligand31842-0
149,FUVNER__ligand465-0
150,FUVNER__ligand11994-0
151,FUVNER__ligand16663-0
152,FUVNER__ligand1618-0
153,FUVNER__ligand14614-0
154,FUVNER__ligand2692-0
155,FUVNER__ligand422-0
156,FUVNER__ligand13672-0
157,FUVNER__ligand18568-0
158,FUVNER__ligand28685-0
159,FUVNER__ligand4161-0
160,FUVNER__ligand3471-0
161,FUVNER__ligand4124-0
162,FUVNER__ligand5415-0
163,FUVNER__ligand686-0
164,FUVNER__ligand10371-0
165,FUVNER__ligand196-0
166,FUVNER__ligand2650-0
167,FUVNER__ligand2281-0
168,FUVNER__ligand4-0
169,FUVNER__ligand4340-0
170,FUVNER__ligand12453-0
171,FUVNER__ligand18448-0
172,FUVNER__ligand28459-0
173,FUVNER__ligand3180-0
174,FUVNER__ligand6995-0
175,FUVNER__ligand19184-0
176,FUVNER__ligand2823-0
177,FUVNER__ligand13477-0
178,FUVNER__ligand14167-0
179,FUVNER__ligand30142-0
180,FUVNER__ligand9944-0
181,FUVNER__ligand27669-0
182,FUVNER__ligand8593-0
183,FUVNER__ligand353-0
184,FUVNER__ligand2001-0
185,FUVNER__ligand7566-0
186,FUVNER__ligand23197-0
187,FUVNER__ligand393-0
188,FUVNER__ligand5201-0
189,FUVNER__ligand29029-0
190,FUVNER__ligand27285-0
191,FUVNER__ligand8553-0
192,FUVNER__ligand1113-0
193,FUVNER__ligand30004-0
194,FUVNER__ligand20557-0
195,FUVNER__ligand51-0
196,FUVNER__ligand1289-0
197,FUVNER__ligand5387-0
198,FUVNER__ligand2203-0
199,FUVNER__ligand250-0
200,FUVNER__ligand3-0
201,FUVNER__ligand20432-0
202,FUVNER__ligand2612-0
203,FUVNER__ligand27122-0
204,FUVNER__ligand16133-0
205,FUVNER__ligand13755-0
206,FUVNER__ligand24953-0
207,FUVNER__ligand23445-0
208,FUVNER__ligand1599-0
209,FUVNER__ligand9450-0
210,FUVNER__ligand25048-0
211,FUVNER__ligand21940-0
212,FUVNER__ligand91-0
213,FUVNER__ligand370-0
214,FUVNER__ligand620-0
215,FUVNER__ligand370-1
216,FUVNER__ligand1604-0
217,FUVNER__ligand21752-0
218,FUVNER__ligand1228-0
219,FUVNER__ligand9943-0
220,FUVNER__ligand564-0
221,FUVNER__ligand479-0
222,FUVNER__ligand2043-0
223,FUVNER__ligand14339-0
224,FUVNER__ligand311-0
225,FUVNER__ligand785-0
226,FUVNER__ligand8788-0
227,FUVNER__ligand1832-0
228,FUVNER__ligand48-0
229,FUVNER__ligand13691-0
230,FUVNER__ligand30788-0
231,FUVNER__ligand2417-0
232,FUVNER__ligand6391-0
233,FUVNER__ligand3126-0
234,FUVNER__ligand24560-0
235,FUVNER__ligand188-0
236,FUVNER__ligand18757-0
237,FUVNER__ligand9284-0
238,FUVNER__ligand24624-0
239,FUVNER__ligand1114-0
240,FUVNER__ligand18413-0
241,FUVNER__ligand20844-0
242,FUVNER__ligand7172-0
243,FUVNER__ligand7273-0
244,FUVNER__ligand18019-1
245,FUVNER__ligand9323-0
246,FUVNER__ligand32-0
247,FUVNER__ligand14007-0
248,FUVNER__ligand177-0
249,FUVNER__ligand1116-0
250,FUVNER__ligand3225-0
251,FUVNER__ligand1153-0
252,FUVNER__ligand2260-0
253,FUVNER__ligand27550-0
254,FUVNER__ligand7092-0
255,FUVNER__ligand8612-0
256,FUVNER__ligand2124-0
257,FUVNER__ligand6017-0
258,FUVNER__ligand21339-0
259,FUVNER__ligand14226-0
260,FUVNER__ligand16956-0
261,FUVNER__ligand20942-1
262,FUVNER__ligand7316-0
263,FUVNER__ligand909-0
264,FUVNER__ligand5708-0
265,FUVNER__ligand29565-0
266,FUVNER__ligand23682-0
267,FUVNER__ligand18158-0
268,FUVNER__ligand27771-0
269,FUVNER__ligand5180-0
270,FUVNER__ligand29334-0
271,FUVNER__ligand12413-0
272,FUVNER__ligand20731-0
273,FUVNER__ligand4807-0
274,FUVNER__ligand3178-0
275,FUVNER__ligand193-0
276,FUVNER__ligand1-0
277,FUVNER__ligand11798-0
278,FUVNER__ligand17069-0
279,FUVNER__ligand5530-0
280,FUVNER__ligand1787-0
281,FUVNER__ligand1356-0
282,FUVNER__ligand14477-0
283,FUVNER__ligand9753-0
284,FUVNER__ligand372-0
285,FUVNER__ligand7196-0
286,FUVNER__ligand5159-0
287,FUVNER__ligand17445-0
288,FUVNER__ligand830-0
289,FUVNER__ligand5649-0
290,FUVNER__ligand2788-0
291,FUVNER__ligand8793-0
292,FUVNER__ligand4649-0
293,FUVNER__ligand16-0
294,FUVNER__ligand29214-0
295,FUVNER__ligand11501-0
296,FUVNER__ligand11544-0
297,FUVNER__ligand2906-0
298,FUVNER__ligand252-0
299,FUVNER__ligand21448-0
300,FUVNER__ligand3244-0
301,FUVNER__ligand4711-0
302,FUVNER__ligand11758-0
303,FUVNER__ligand22357-0
304,FUVNER__ligand116-0
305,FUVNER__ligand10151-0
306,FUVNER__ligand7293-0
307,FUVNER__ligand2822-0
308,FUVNER__ligand3867-0
309,FUVNER__ligand1317-0
310,FUVNER__ligand9167-0
311,FUVNER__ligand197-0
312,FUVNER__ligand5304-0
313,FUVNER__ligand2238-0
314,FUVNER__ligand22353-0
315,FUVNER__ligand5080-0
316,FUVNER__ligand7762-0
317,FUVNER__ligand8002-0
318,FUVNER__ligand5509-0
319,FUVNER__ligand19668-0
320,FUVNER__ligand19906-0
321,FUVNER__ligand1407-0
322,FUVNER__ligand6117-0
323,FUVNER__ligand57-0
324,FUVNER__ligand4358-0
325,FUVNER__ligand3926-0
326,FUVNER__ligand11479-0
327,FUVNER__ligand3120-0
328,FUVNER__ligand27610-0
329,FUVNER__ligand10479-0
330,FUVNER__ligand10853-0
331,FUVNER__ligand29441-0
332,FUVNER__ligand2221-0
333,FUVNER__ligand4101-0
334,FUVNER__ligand24851-0
335,FUVNER__ligand5595-0
336,FUVNER__ligand868-0
337,FUVNER__ligand11698-0
338,FUVNER__ligand20530-0
339,FUVNER__ligand14347-0
340,FUVNER__ligand13657-0
341,FUVNER__ligand14302-0
342,FUVNER__ligand9773-0
343,FUVNER__ligand352-0
344,FUVNER__ligand783-0
345,FUVNER__ligand20220-0
346,FUVNER__ligand5510-0
347,FUVNER__ligand1376-0
348,FUVNER__ligand15387-0
349,FUVNER__ligand20121-0
350,FUVNER__ligand1296-0
351,FUVNER__ligand2259-0
352,FUVNER__ligand1197-0
353,FUVNER__ligand16952-0
354,FUVNER__ligand29813-0
355,FUVNER__ligand8592-0
356,FUVNER__ligand5099-0
357,FUVNER__ligand6699-0
358,FUVNER__ligand11177-0
359,FUVNER__ligand15455-0
360,FUVNER__ligand560-0
361,FUVNER__ligand3677-0
362,FUVNER__ligand3632-0
363,FUVNER__ligand1168-0
364,FUVNER__ligand25658-0
365,FUVNER__ligand17686-0
366,FUVNER__ligand31205-0
367,FUVNER__ligand1294-0
368,FUVNER__ligand6892-0
369,FUVNER__ligand134-0
370,FUVNER__ligand11814-0
371,FUVNER__ligand1211-0
372,FUVNER__ligand235-0
373,FUVNER__ligand16603-0
374,FUVNER__ligand16870-0
375,FUVNER__ligand1464-0
376,FUVNER__ligand3712-0
377,FUVNER__ligand11622-0
378,FUVNER__ligand1499-0
379,FUVNER__ligand34-0
380,FUVNER__ligand2881-0
381,FUVNER__ligand685-0
382,FUVNER__ligand26673-0
383,FUVNER__ligand3945-0
384,FUVNER__ligand5383-0
385,FUVNER__ligand2693-0
386,FUVNER__ligand20821-0
387,FUVNER__ligand55-0
388,FUVNER__ligand11606-0
389,FUVNER__ligand9344-0
390,FUVNER__ligand31000-0
391,FUVNER__ligand3736-0
392,FUVNER__ligand421-0
393,FUVNER__ligand8000-0
394,FUVNER__ligand11252-0
395,FUVNER__ligand7291-0
396,FUVNER__ligand3677-1
397,FUVNER__ligand9883-0
398,FUVNER__ligand13260-0
399,FUVNER__ligand10582-0
400,FUVNER__ligand68-0
401,FUVNER__ligand2985-0
402,FUVNER__ligand4007-0
403,FUVNER__ligand294-0
404,FUVNER__ligand18067-0
405,FUVNER__ligand19824-0
406,FUVNER__ligand9299-0
407,FUVNER__ligand28924-0
408,FUVNER__ligand7967-0
409,FUVNER__ligand15438-0
410,FUVNER__ligand6124-0
411,FUVNER__ligand3707-0
412,FUVNER__ligand1018-0
413,FUVNER__ligand4116-0
414,FUVNER__ligand29087-0
415,FUVNER__ligand8992-0
416,FUVNER__ligand199-0
417,FUVNER__ligand18703-0
418,FUVNER__ligand9601-0
419,FUVNER__ligand17945-0
420,FUVNER__ligand9952-0
421,FUVNER__ligand9111-0
422,FUVNER__ligand25224-0
423,FUVNER__ligand18013-0
424,FUVNER__ligand17207-0
425,FUVNER__ligand31578-0
426,FUVNER__ligand1615-0
427,FUVNER__ligand2526-0
428,FUVNER__ligand5036-0
429,FUVNER__ligand588-0
430,FUVNER__ligand1823-0
431,FUVNER__ligand24750-0
432,FUVNER__ligand5643-0
433,FUVNER__ligand1324-0
434,FUVNER__ligand300-0
435,FUVNER__ligand8721-0
436,FUVNER__ligand29898-0
437,FUVNER__ligand1631-0
438,FUVNER__ligand26277-0
439,FUVNER__ligand1575-0
440,FUVNER__ligand1530-0
441,FUVNER__ligand22755-0
442,FUVNER__ligand10432-0
443,FUVNER__ligand11432-0
444,FUVNER__ligand31618-0
445,FUVNER__ligand9933-0
446,FUVNER__ligand361-0
447,FUVNER__ligand324-0
448,FUVNER__ligand409-0
449,FUVNER__ligand9441-0
450,FUVNER__ligand38-0
451,FUVNER__ligand2332-0
452,FUVNER__ligand6244-0
453,FUVNER__ligand24064-0
454,FUVNER__ligand1378-0
455,FUVNER__ligand23589-0
456,FUVNER__ligand2915-0
457,FUVNER__ligand3156-0
458,FUVNER__ligand15168-0
459,FUVNER__ligand10555-0
460,FUVNER__ligand436-0
461,FUVNER__ligand31483-0
462,FUVNER__ligand6102-0
463,FUVNER__ligand6596-0
464,FUVNER__ligand3721-0
465,FUVNER__ligand6904-0
466,FUVNER__ligand42-0
467,FUVNER__ligand3465-0
468,FUVNER__ligand24613-0
469,FUVNER__ligand2917-0
470,FUVNER__ligand19725-0
471,FUVNER__ligand7819-0
472,FUVNER__ligand692-0
473,FUVNER__ligand1577-0
474,FUVNER__ligand21421-0
475,FUVNER__ligand6067-0
476,FUVNER__ligand2295-0
477,FUVNER__ligand14586-0
478,FUVNER__ligand11774-0
479,FUVNER__ligand4620-0
480,FUVNER__ligand11568-0
481,FUVNER__ligand326-0
482,FUVNER__ligand20579-0
483,FUVNER__ligand17710-0
484,FUVNER__ligand633-0
485,FUVNER__ligand17240-0
486,FUVNER__ligand17590-0
487,FUVNER__ligand18699-0
488,FUVNER__ligand497-0
489,FUVNER__ligand12682-0
490,FUVNER__ligand4641-0
491,FUVNER__ligand66-0
492,FUVNER__ligand7126-0
493,FUVNER__ligand8835-0
494,FUVNER__ligand2028-0
495,FUVNER__ligand13072-0
496,FUVNER__ligand12336-0
497,FUVNER__ligand1142-0
498,FUVNER__ligand3234-0
499,FUVNER__ligand13257-0
500,FUVNER__ligand21936-0
501,FUVNER__ligand6919-0
502,FUVNER__ligand3852-0
503,FUVNER__ligand23904-0
504,FUVNER__ligand2485-0
505,FUVNER__ligand1512-0
506,FUVNER__ligand5331-0
507,FUVNER__ligand25267-0
508,FUVNER__ligand10084-0
509,FUVNER__ligand3565-0
510,FUVNER__ligand12467-0
511,FUVNER__ligand162-0
512,FUVNER__ligand4720-0
513,FUVNER__ligand6839-0
514,FUVNER__ligand14523-0
515,FUVNER__ligand226-0
516,FUVNER__ligand27169-0
517,FUVNER__ligand18391-0
518,FUVNER__ligand8969-0
519,FUVNER__ligand3131-0
520,FUVNER__ligand3174-0
521,FUVNER__ligand1202-0
522,FUVNER__ligand3937-0
523,FUVNER__ligand27074-0
524,FUVNER__ligand5211-0
525,FUVNER__ligand416-0
526,FUVNER__ligand22981-0
527,FUVNER__ligand25805-0
528,FUVNER__ligand4155-0
529,FUVNER__ligand3094-0
530,FUVNER__ligand383-0
531,FUVNER__ligand20599-0
532,FUVNER__ligand9908-0
533,FUVNER__ligand1263-0
534,FUVNER__ligand696-0
535,FUVNER__ligand18465-0
536,FUVNER__ligand18799-0
537,FUVNER__ligand16791-0
538,FUVNER__ligand7242-0
539,FUVNER__ligand7106-0
540,FUVNER__ligand28668-0
541,FUVNER__ligand6616-0
542,FUVNER__ligand3876-0
543,FUVNER__ligand1343-0
544,FUVNER__ligand3035-0
545,FUVNER__ligand3718-0
546,FUVNER__ligand29610-0
547,FUVNER__ligand1844-0
548,FUVNER__ligand4661-0
549,FUVNER__ligand11140-0
550,FUVNER__ligand656-0
551,FUVNER__ligand1959-0
552,FUVNER__ligand3504-0
553,FUVNER__ligand9935-0
554,FUVNER__ligand29863-0
555,FUVNER__ligand13869-0
556,FUVNER__ligand1573-0
557,FUVNER__ligand1536-0
558,FUVNER__ligand18074-0
559,FUVNER__ligand7238-0
560,FUVNER__ligand25735-0
561,FUVNER__ligand12519-0
562,FUVNER__ligand11206-0
563,FUVNER__ligand1304-0
564,FUVNER__ligand23124-0
565,FUVNER__ligand1790-0
566,FUVNER__ligand7280-0
567,FUVNER__ligand7867-0
568,FUVNER__ligand1219-0
569,FUVNER__ligand6709-0
570,FUVNER__ligand4016-0
571,FUVNER__ligand9520-0
572,FUVNER__ligand31248-0
573,FUVNER__ligand8699-0
574,FUVNER__ligand25650-0
575,FUVNER__ligand1160-0
576,FUVNER__ligand694-0
577,FUVNER__ligand3954-0
578,FUVNER__ligand4093-0
579,FUVNER__ligand4442-0
580,FUVNER__ligand358-0
581,FUVNER__ligand4272-0
582,FUVNER__ligand1451-0
583,FUVNER__ligand430-0
584,FUVNER__ligand12660-0
585,FUVNER__ligand7629-0
586,FUVNER__ligand488-0
587,FUVNER__ligand13209-0
588,FUVNER__ligand19257-0
589,FUVNER__ligand9784-0
590,FUVNER__ligand25575-0
591,FUVNER__ligand2176-0
592,FUVNER__ligand21787-0
593,FUVNER__ligand9291-0
594,FUVNER__ligand25689-0
595,FUVNER__ligand2232-0
596,FUVNER__ligand4157-0
597,FUVNER__ligand9833-0
598,FUVNER__ligand7648-0
599,FUVNER__ligand12295-0
600,FUVNER__ligand8876-0
601,FUVNER__ligand2828-0
602,FUVNER__ligand27835-0
603,FUVNER__ligand5256-0
604,FUVNER__ligand4546-0
605,FUVNER__ligand4503-0
606,FUVNER__ligand23906-0
607,FUVNER__ligand21132-0
608,FUVNER__ligand18-0
609,FUVNER__ligand11166-0
610,FUVNER__ligand30539-0
611,FUVNER__ligand670-0
612,FUVNER__ligand1285-0
613,FUVNER__ligand8115-0
614,FUVNER__ligand534-0
615,FUVNER__ligand571-0
616,FUVNER__ligand6768-0
617,FUVNER__ligand1982-0
618,FUVNER__ligand7000-0
619,FUVNER__ligand1496-0
620,FUVNER__ligand27893-0
621,FUVNER__ligand7557-0
622,FUVNER__ligand14723-0
623,FUVNER__ligand19641-0
624,FUVNER__ligand20578-0
625,FUVNER__ligand12934-0
626,FUVNER__ligand15422-0
627,FUVNER__ligand1533-0
628,FUVNER__ligand23713-0
629,FUVNER__ligand27175-0
630,FUVNER__ligand18832-0
631,FUVNER__ligand30988-0
632,FUVNER__ligand17258-0
633,FUVNER__ligand14603-0
634,FUVNER__ligand14297-0
635,FUVNER__ligand5094-0
636,FUVNER__ligand5892-0
637,FUVNER__ligand26665-0
638,FUVNER__ligand13012-0
639,FUVNER__ligand693-0
640,FUVNER__ligand17631-0
641,FUVNER__ligand43-0
642,FUVNER__ligand4131-0
643,FUVNER__ligand1712-0
644,FUVNER__ligand31783-0
645,FUVNER__ligand17281-0
646,FUVNER__ligand8-0
647,FUVNER__ligand30296-0
648,FUVNER__ligand29410-0
649,FUVNER__ligand9197-0
650,FUVNER__ligand12337-0
651,FUVNER__ligand122-0
652,FUVNER__ligand26540-0
653,FUVNER__ligand1900-0
654,FUVNER__ligand30333-0
655,FUVNER__ligand1773-0
656,FUVNER__ligand4581-0
657,FUVNER__ligand67-0
658,FUVNER__ligand2328-0
659,FUVNER__ligand757-0
660,FUVNER__ligand7162-0
661,FUVNER__ligand3029-0
662,FUVNER__ligand12606-0
663,FUVNER__ligand8722-0
664,FUVNER__ligand9809-0
665,FUVNER__ligand6672-0
666,FUVNER__ligand1327-0
667,FUVNER__ligand3350-0
668,FUVNER__ligand7573-0
669,FUVNER__ligand2781-0
670,FUVNER__ligand27460-0
671,FUVNER__ligand28468-0
672,FUVNER__ligand20740-0
673,FUVNER__ligand12427-0
674,FUVNER__ligand2208-0
675,FUVNER__ligand3208-0
676,FUVNER__ligand16628-0
677,FUVNER__ligand768-0
678,FUVNER__ligand8349-0
679,FUVNER__ligand8464-0
680,FUVNER__ligand1709-0
681,FUVNER__ligand27763-0
682,FUVNER__ligand28676-0
683,FUVNER__ligand10262-0
684,FUVNER__ligand19057-0
685,FUVNER__ligand18814-0
686,FUVNER__ligand29302-0
687,FUVNER__ligand13425-0
688,FUVNER__ligand2527-0
689,FUVNER__ligand14108-0
690,FUVNER__ligand5849-0
691,FUVNER__ligand12641-0
692,FUVNER__ligand3392-0
693,FUVNER__ligand384-0
694,FUVNER__ligand10958-0
695,FUVNER__ligand1771-0
696,FUVNER__ligand4911-0
697,FUVNER__ligand23769-0
698,FUVNER__ligand240-0
699,FUVNER__ligand3157-0
700,FUVNER__ligand24185-0
701,FUVNER__ligand9525-0
702,FUVNER__ligand25178-0
703,FUVNER__ligand141-0
704,FUVNER__ligand1165-0
705,FUVNER__ligand5935-0
706,FUVNER__ligand17302-0
707,FUVNER__ligand2722-0
708,FUVNER__ligand1379-0
709,FUVNER__ligand17805-0
710,FUVNER__ligand17387-0
711,FUVNER__ligand12130-0
712,FUVNER__ligand1469-0
713,FUVNER__ligand26702-0
714,FUVNER__ligand3871-0
715,FUVNER__ligand13658-0
716,FUVNER__ligand18292-0
717,FUVNER__ligand12289-0
718,FUVNER__ligand12231-0
719,FUVNER__ligand1768-0
720,FUVNER__ligand24145-0
721,FUVNER__ligand4850-0
722,FUVNER__ligand5056-0
723,FUVNER__ligand12401-0
724,FUVNER__ligand15585-0
725,FUVNER__ligand13068-0
726,FUVNER__ligand3647-0
727,FUVNER__ligand19830-0
728,FUVNER__ligand5357-0
729,FUVNER__ligand10476-0
730,FUVNER__ligand1688-0
731,FUVNER__ligand27482-0
732,FUVNER__ligand1415-0
733,FUVNER__ligand6946-0
734,FUVNER__ligand26810-0
735,FUVNER__ligand13208-0
736,FUVNER__ligand45-0
737,FUVNER__ligand7529-0
738,FUVNER__ligand201-0
739,FUVNER__ligand9148-0
740,FUVNER__ligand5316-0
741,FUVNER__ligand279-0
742,FUVNER__ligand185-0
743,FUVNER__ligand13390-0
744,FUVNER__ligand5483-0
745,FUVNER__ligand178-0
746,FUVNER__ligand1729-0
747,FUVNER__ligand78-0
748,FUVNER__ligand5627-0
749,FUVNER__ligand321-0
750,FUVNER__ligand2830-0
751,FUVNER__ligand20682-0
752,FUVNER__ligand10712-0
753,FUVNER__ligand9681-0
754,FUVNER__ligand14174-0
755,FUVNER__ligand11456-0
756,FUVNER__ligand4332-0
757,FUVNER__ligand3012-0
758,FUVNER__ligand25411-0
759,FUVNER__ligand1449-0
760,FUVNER__ligand1065-0
761,FUVNER__ligand19-0
762,FUVNER__ligand7530-0
763,FUVNER__ligand24-0
764,FUVNER__ligand2403-0
765,FUVNER__ligand13294-0
766,FUVNER__ligand338-0
767,FUVNER__ligand31832-0
768,FUVNER__ligand14248-0
769,FUVNER__ligand3934-0
770,FUVNER__ligand29879-0
771,FUVNER__ligand12030-0
772,FUVNER__ligand6882-0
773,FUVNER__ligand6455-0
774,FUVNER__ligand13331-0
775,FUVNER__ligand28884-0
776,FUVNER__ligand7925-0
777,FUVNER__ligand17398-0
778,FUVNER__ligand2068-0
779,FUVNER__ligand10589-0
780,FUVNER__ligand22557-0
781,FUVNER__ligand24047-0
782,FUVNER__ligand11675-0
783,FUVNER__ligand20598-0
784,FUVNER__ligand29414-0
785,FUVNER__ligand163-0
786,FUVNER__ligand126-0
787,FUVNER__ligand17982-0
788,FUVNER__ligand20011-0
789,FUVNER__ligand17278-0
790,FUVNER__ligand1147-0
791,FUVNER__ligand3973-0
792,FUVNER__ligand4330-0
793,FUVNER__ligand2599-0
794,FUVNER__ligand20251-1
795,FUVNER__ligand845-0
796,FUVNER__ligand14703-0
797,FUVNER__ligand16475-0
798,FUVNER__ligand7532-0
799,FUVNER__ligand4194-0
800,FUVNER__ligand17261-0
801,FUVNER__ligand657-0
802,FUVNER__ligand4738-0
803,FUVNER__ligand14117-0
804,FUVNER__ligand4813-0
805,FUVNER__ligand5813-0
806,FUVNER__ligand187-0
807,FUVNER__ligand6062-0
808,FUVNER__ligand6283-0
809,FUVNER__ligand30702-0
810,FUVNER__ligand20214-0
811,FUVNER__ligand20251-0
812,FUVNER__ligand366-0
813,FUVNER__ligand20539-0
814,FUVNER__ligand21581-0
815,FUVNER__ligand31097-0
816,FUVNER__ligand777-0
817,FUVNER__ligand29568-0
818,FUVNER__ligand30851-0
819,FUVNER__ligand7107-0
820,FUVNER__ligand14889-0
821,FUVNER__ligand17118-0
822,FUVNER__ligand21371-0
823,FUVNER__ligand20419-0
824,FUVNER__ligand28789-0
825,FUVNER__ligand3215-0
826,FUVNER__ligand596-0
827,FUVNER__ligand941-0
