,TMC
0,TONBON__ligand686-0
1,TONBON__ligand4063-0
2,TONBON__ligand8200-0
3,TONBON__ligand7438-0
4,TONBON__ligand29863-0
5,TONBON__ligand13869-0
6,TONBON__ligand18074-0
7,TONBON__ligand3042-0
8,TONBON__ligand29610-0
9,TONBON__ligand422-0
10,TONBON__ligand11140-0
11,TONBON__ligand3453-0
12,TONBON__ligand16791-0
13,TONBON__ligand3416-0
14,TONBON__ligand4207-0
15,TONBON__ligand28668-0
16,TONBON__ligand1539-0
17,TONBON__ligand18465-0
18,TONBON__ligand196-0
19,TONBON__ligand1150-0
20,TONBON__ligand18799-0
21,TONBON__ligand27074-0
22,TONBON__ligand9491-0
23,TONBON__ligand4266-0
24,TONBON__ligand1400-0
25,TONBON__ligand25805-0
26,TONBON__ligand22981-0
27,TONBON__ligand4167-0
28,TONBON__ligand353-0
29,TONBON__ligand20599-0
30,TONBON__ligand1288-0
31,TONBON__ligand14523-0
32,TONBON__ligand27169-0
33,TONBON__ligand18391-0
34,TONBON__ligand25267-0
35,TONBON__ligand10084-0
36,TONBON__ligand7075-0
37,TONBON__ligand1149-0
38,TONBON__ligand12467-0
39,TONBON__ligand3980-0
40,TONBON__ligand3557-0
41,TONBON__ligand6993-0
42,TONBON__ligand13257-0
43,TONBON__ligand1817-0
44,TONBON__ligand1779-0
45,TONBON__ligand21936-0
46,TONBON__ligand393-0
47,TONBON__ligand9750-0
48,TONBON__ligand23904-0
49,TONBON__ligand18-0
50,TONBON__ligand30539-0
51,TONBON__ligand1908-0
52,TONBON__ligand3285-0
53,TONBON__ligand4795-0
54,TONBON__ligand618-0
55,TONBON__ligand23906-0
56,TONBON__ligand391-0
57,TONBON__ligand1786-0
58,TONBON__ligand21132-0
59,TONBON__ligand5630-0
60,TONBON__ligand11166-0
61,TONBON__ligand314-0
62,TONBON__ligand780-0
63,TONBON__ligand1397-0
64,TONBON__ligand7213-0
65,TONBON__ligand1828-0
66,TONBON__ligand6112-0
67,TONBON__ligand813-0
68,TONBON__ligand12295-0
69,TONBON__ligand8042-0
70,TONBON__ligand27835-0
71,TONBON__ligand25575-0
72,TONBON__ligand21787-0
73,TONBON__ligand3144-0
74,TONBON__ligand25689-0
75,TONBON__ligand5085-0
76,TONBON__ligand4710-0
77,TONBON__ligand5755-0
78,TONBON__ligand12660-0
79,TONBON__ligand13209-0
80,TONBON__ligand19257-0
81,TONBON__ligand1849-0
82,TONBON__ligand1152-0
83,TONBON__ligand3261-0
84,TONBON__ligand31248-0
85,TONBON__ligand5019-0
86,TONBON__ligand25650-0
87,TONBON__ligand1216-0
88,TONBON__ligand314-1
89,TONBON__ligand5280-0
90,TONBON__ligand5614-0
91,TONBON__ligand1831-0
92,TONBON__ligand465-0
93,TONBON__ligand12519-0
94,TONBON__ligand25735-0
95,TONBON__ligand5515-0
96,TONBON__ligand11206-0
97,TONBON__ligand6663-0
98,TONBON__ligand23124-0
99,TONBON__ligand1113-0
100,TONBON__ligand15168-0
101,TONBON__ligand8553-0
102,TONBON__ligand24064-0
103,TONBON__ligand833-0
104,TONBON__ligand23589-0
105,TONBON__ligand42-0
106,TONBON__ligand5201-0
107,TONBON__ligand2001-0
108,TONBON__ligand7566-0
109,TONBON__ligand26277-0
110,TONBON__ligand29898-0
111,TONBON__ligand9944-0
112,TONBON__ligand8593-0
113,TONBON__ligand22755-0
114,TONBON__ligand10432-0
115,TONBON__ligand31618-0
116,TONBON__ligand11432-0
117,TONBON__ligand115-0
118,TONBON__ligand24750-0
119,TONBON__ligand368-0
120,TONBON__ligand6995-0
121,TONBON__ligand2823-0
122,TONBON__ligand395-0
123,TONBON__ligand2281-0
124,TONBON__ligand17945-0
125,TONBON__ligand2650-0
126,TONBON__ligand4340-0
127,TONBON__ligand25224-0
128,TONBON__ligand18013-0
129,TONBON__ligand17207-0
130,TONBON__ligand3180-0
131,TONBON__ligand31578-0
132,TONBON__ligand29087-0
133,TONBON__ligand18703-0
134,TONBON__ligand5415-0
135,TONBON__ligand28924-0
136,TONBON__ligand66-0
137,TONBON__ligand15438-0
138,TONBON__ligand4161-0
139,TONBON__ligand3471-0
140,TONBON__ligand784-0
141,TONBON__ligand4124-0
142,TONBON__ligand13072-0
143,TONBON__ligand12336-0
144,TONBON__ligand2692-0
145,TONBON__ligand1618-0
146,TONBON__ligand1028-0
147,TONBON__ligand4262-0
148,TONBON__ligand487-0
149,TONBON__ligand2027-0
150,TONBON__ligand746-0
151,TONBON__ligand12682-0
152,TONBON__ligand18699-0
153,TONBON__ligand1015-0
154,TONBON__ligand1050-0
155,TONBON__ligand447-0
156,TONBON__ligand17240-0
157,TONBON__ligand17590-0
158,TONBON__ligand176-0
159,TONBON__ligand11568-0
160,TONBON__ligand38-0
161,TONBON__ligand20579-0
162,TONBON__ligand17710-0
163,TONBON__ligand152-0
164,TONBON__ligand21421-0
165,TONBON__ligand8529-0
166,TONBON__ligand11774-0
167,TONBON__ligand14586-0
168,TONBON__ligand1169-0
169,TONBON__ligand24613-0
170,TONBON__ligand1154-0
171,TONBON__ligand506-0
172,TONBON__ligand9615-0
173,TONBON__ligand19725-0
174,TONBON__ligand10555-0
175,TONBON__ligand31483-0
176,TONBON__ligand4596-0
177,TONBON__ligand1498-0
178,TONBON__ligand29879-0
179,TONBON__ligand14248-0
180,TONBON__ligand2906-0
181,TONBON__ligand12030-0
182,TONBON__ligand3244-0
183,TONBON__ligand13331-0
184,TONBON__ligand560-0
185,TONBON__ligand4711-0
186,TONBON__ligand28884-0
187,TONBON__ligand2788-0
188,TONBON__ligand5649-0
189,TONBON__ligand8793-0
190,TONBON__ligand4649-0
191,TONBON__ligand13294-0
192,TONBON__ligand31832-0
193,TONBON__ligand9753-0
194,TONBON__ligand25411-0
195,TONBON__ligand5530-0
196,TONBON__ligand1356-0
197,TONBON__ligand1787-0
198,TONBON__ligand5159-0
199,TONBON__ligand7196-0
200,TONBON__ligand10712-0
201,TONBON__ligand235-0
202,TONBON__ligand14174-0
203,TONBON__ligand4807-0
204,TONBON__ligand134-0
205,TONBON__ligand11456-0
206,TONBON__ligand3178-0
207,TONBON__ligand421-0
208,TONBON__ligand5180-0
209,TONBON__ligand20682-0
210,TONBON__ligand6017-0
211,TONBON__ligand13390-0
212,TONBON__ligand5708-0
213,TONBON__ligand7316-0
214,TONBON__ligand685-0
215,TONBON__ligand1116-0
216,TONBON__ligand3225-0
217,TONBON__ligand1153-0
218,TONBON__ligand2260-0
219,TONBON__ligand7092-0
220,TONBON__ligand294-0
221,TONBON__ligand2124-0
222,TONBON__ligand8-0
223,TONBON__ligand8612-0
224,TONBON__ligand27482-0
225,TONBON__ligand26810-0
226,TONBON__ligand7172-0
227,TONBON__ligand9323-0
228,TONBON__ligand13208-0
229,TONBON__ligand7273-0
230,TONBON__ligand17118-0
231,TONBON__ligand9284-0
232,TONBON__ligand21371-0
233,TONBON__ligand3126-0
234,TONBON__ligand6391-0
235,TONBON__ligand20419-0
236,TONBON__ligand28789-0
237,TONBON__ligand1114-0
238,TONBON__ligand197-0
239,TONBON__ligand2417-0
240,TONBON__ligand29568-0
241,TONBON__ligand45-0
242,TONBON__ligand30851-0
243,TONBON__ligand14889-0
244,TONBON__ligand20251-0
245,TONBON__ligand30702-0
246,TONBON__ligand20214-0
247,TONBON__ligand78-0
248,TONBON__ligand20539-0
249,TONBON__ligand2043-0
250,TONBON__ligand21581-0
251,TONBON__ligand31097-0
252,TONBON__ligand8788-0
253,TONBON__ligand1832-0
254,TONBON__ligand17261-0
255,TONBON__ligand1604-0
256,TONBON__ligand14117-0
257,TONBON__ligand9943-0
258,TONBON__ligand1228-0
259,TONBON__ligand14703-0
260,TONBON__ligand16475-0
261,TONBON__ligand9450-0
262,TONBON__ligand868-0
263,TONBON__ligand19-0
264,TONBON__ligand2612-0
265,TONBON__ligand1599-0
266,TONBON__ligand20251-1
267,TONBON__ligand29414-0
268,TONBON__ligand17982-0
269,TONBON__ligand5387-0
270,TONBON__ligand2203-0
271,TONBON__ligand20011-0
272,TONBON__ligand17278-0
273,TONBON__ligand1289-0
274,TONBON__ligand17398-0
275,TONBON__ligand24-0
276,TONBON__ligand10589-0
277,TONBON__ligand22557-0
278,TONBON__ligand24047-0
279,TONBON__ligand783-0
280,TONBON__ligand11675-0
281,TONBON__ligand352-0
282,TONBON__ligand20598-0
283,TONBON__ligand28468-0
284,TONBON__ligand20740-0
285,TONBON__ligand12427-0
286,TONBON__ligand2985-0
287,TONBON__ligand4007-0
288,TONBON__ligand16628-0
289,TONBON__ligand9299-0
290,TONBON__ligand177-0
291,TONBON__ligand7291-0
292,TONBON__ligand9883-0
293,TONBON__ligand3677-1
294,TONBON__ligand27460-0
295,TONBON__ligand30333-0
296,TONBON__ligand9344-0
297,TONBON__ligand8000-0
298,TONBON__ligand3736-0
299,TONBON__ligand12606-0
300,TONBON__ligand3945-0
301,TONBON__ligand17281-0
302,TONBON__ligand30296-0
303,TONBON__ligand909-0
304,TONBON__ligand29410-0
305,TONBON__ligand5383-0
306,TONBON__ligand2693-0
307,TONBON__ligand12337-0
308,TONBON__ligand26540-0
309,TONBON__ligand1464-0
310,TONBON__ligand3712-0
311,TONBON__ligand830-0
312,TONBON__ligand372-0
313,TONBON__ligand2881-0
314,TONBON__ligand31783-0
315,TONBON__ligand1499-0
316,TONBON__ligand17258-0
317,TONBON__ligand14297-0
318,TONBON__ligand6892-0
319,TONBON__ligand193-0
320,TONBON__ligand14603-0
321,TONBON__ligand26665-0
322,TONBON__ligand1211-0
323,TONBON__ligand13012-0
324,TONBON__ligand17631-0
325,TONBON__ligand3677-0
326,TONBON__ligand116-0
327,TONBON__ligand3632-0
328,TONBON__ligand23713-0
329,TONBON__ligand18832-0
330,TONBON__ligand27175-0
331,TONBON__ligand30988-0
332,TONBON__ligand1294-0
333,TONBON__ligand252-0
334,TONBON__ligand1168-0
335,TONBON__ligand6699-0
336,TONBON__ligand27893-0
337,TONBON__ligand14723-0
338,TONBON__ligand19641-0
339,TONBON__ligand15422-0
340,TONBON__ligand20578-0
341,TONBON__ligand12934-0
342,TONBON__ligand24145-0
343,TONBON__ligand2259-0
344,TONBON__ligand15585-0
345,TONBON__ligand12401-0
346,TONBON__ligand1296-0
347,TONBON__ligand250-0
348,TONBON__ligand19830-0
349,TONBON__ligand13068-0
350,TONBON__ligand8592-0
351,TONBON__ligand5099-0
352,TONBON__ligand10476-0
353,TONBON__ligand1197-0
354,TONBON__ligand17387-0
355,TONBON__ligand12130-0
356,TONBON__ligand5510-0
357,TONBON__ligand1376-0
358,TONBON__ligand13658-0
359,TONBON__ligand9773-0
360,TONBON__ligand26702-0
361,TONBON__ligand12289-0
362,TONBON__ligand18292-0
363,TONBON__ligand12231-0
364,TONBON__ligand370-0
365,TONBON__ligand4101-0
366,TONBON__ligand17302-0
367,TONBON__ligand5595-0
368,TONBON__ligand43-0
369,TONBON__ligand17805-0
370,TONBON__ligand3926-0
371,TONBON__ligand23769-0
372,TONBON__ligand3120-0
373,TONBON__ligand24185-0
374,TONBON__ligand4358-0
375,TONBON__ligand2221-0
376,TONBON__ligand25178-0
377,TONBON__ligand1407-0
378,TONBON__ligand6117-0
379,TONBON__ligand67-0
380,TONBON__ligand12641-0
381,TONBON__ligand8002-0
382,TONBON__ligand5509-0
383,TONBON__ligand785-0
384,TONBON__ligand311-0
385,TONBON__ligand10958-0
386,TONBON__ligand479-0
387,TONBON__ligand14108-0
388,TONBON__ligand564-0
389,TONBON__ligand370-1
390,TONBON__ligand620-0
391,TONBON__ligand5080-0
392,TONBON__ligand7762-0
393,TONBON__ligand5304-0
394,TONBON__ligand9167-0
395,TONBON__ligand19057-0
396,TONBON__ligand18814-0
397,TONBON__ligand29302-0
398,TONBON__ligand13425-0
399,TONBON__ligand188-0
400,TONBON__ligand2238-0
401,TONBON__ligand27763-0
402,TONBON__ligand7293-0
403,TONBON__ligand10262-0
404,TONBON__ligand28676-0
405,TONBON__ligand2822-0
406,TONBON__ligand3867-0
407,TONBON__ligand1317-0
408,TONBON__ligand16663-0
409,TONBON__ligand1142-0
410,TONBON__ligand14614-0
411,TONBON__ligand3234-0
412,TONBON__ligand24035-0
413,TONBON__ligand31842-0
414,TONBON__ligand31044-0
415,TONBON__ligand2028-0
416,TONBON__ligand8835-0
417,TONBON__ligand7126-0
418,TONBON__ligand11994-0
419,TONBON__ligand11682-0
420,TONBON__ligand30711-0
421,TONBON__ligand20207-0
422,TONBON__ligand488-0
423,TONBON__ligand4641-0
424,TONBON__ligand430-0
425,TONBON__ligand358-0
426,TONBON__ligand25913-0
427,TONBON__ligand16988-0
428,TONBON__ligand694-0
429,TONBON__ligand11970-0
430,TONBON__ligand4620-0
431,TONBON__ligand15883-0
432,TONBON__ligand11447-0
433,TONBON__ligand1577-0
434,TONBON__ligand6067-0
435,TONBON__ligand11096-0
436,TONBON__ligand2295-0
437,TONBON__ligand28810-0
438,TONBON__ligand24230-0
439,TONBON__ligand15926-0
440,TONBON__ligand10828-0
441,TONBON__ligand19792-0
442,TONBON__ligand10056-0
443,TONBON__ligand12365-0
444,TONBON__ligand571-0
445,TONBON__ligand534-0
446,TONBON__ligand7819-0
447,TONBON__ligand15531-0
448,TONBON__ligand28743-0
449,TONBON__ligand2917-0
450,TONBON__ligand11357-0
451,TONBON__ligand13862-0
452,TONBON__ligand670-0
453,TONBON__ligand28930-0
454,TONBON__ligand22168-0
455,TONBON__ligand6102-0
456,TONBON__ligand3721-0
457,TONBON__ligand6904-0
458,TONBON__ligand6596-0
459,TONBON__ligand22294-0
460,TONBON__ligand21919-0
461,TONBON__ligand3465-0
462,TONBON__ligand2915-0
463,TONBON__ligand3156-0
464,TONBON__ligand29029-0
465,TONBON__ligand27285-0
466,TONBON__ligand23197-0
467,TONBON__ligand6244-0
468,TONBON__ligand1378-0
469,TONBON__ligand383-0
470,TONBON__ligand416-0
471,TONBON__ligand2332-0
472,TONBON__ligand9441-0
473,TONBON__ligand13477-0
474,TONBON__ligand14167-0
475,TONBON__ligand1631-0
476,TONBON__ligand226-0
477,TONBON__ligand30142-0
478,TONBON__ligand9933-0
479,TONBON__ligand162-0
480,TONBON__ligand1575-0
481,TONBON__ligand1530-0
482,TONBON__ligand27669-0
483,TONBON__ligand19184-0
484,TONBON__ligand1823-0
485,TONBON__ligand5643-0
486,TONBON__ligand69-0
487,TONBON__ligand8721-0
488,TONBON__ligand1324-0
489,TONBON__ligand9952-0
490,TONBON__ligand9111-0
491,TONBON__ligand696-0
492,TONBON__ligand1615-0
493,TONBON__ligand2526-0
494,TONBON__ligand5036-0
495,TONBON__ligand18448-0
496,TONBON__ligand12453-0
497,TONBON__ligand28459-0
498,TONBON__ligand8992-0
499,TONBON__ligand9601-0
500,TONBON__ligand10371-0
501,TONBON__ligand656-0
502,TONBON__ligand11-0
503,TONBON__ligand7967-0
504,TONBON__ligand13672-0
505,TONBON__ligand6124-0
506,TONBON__ligand3707-0
507,TONBON__ligand28685-0
508,TONBON__ligand18568-0
509,TONBON__ligand4116-0
510,TONBON__ligand1018-0
511,TONBON__ligand692-0
512,TONBON__ligand1285-0
513,TONBON__ligand22403-0
514,TONBON__ligand1982-0
515,TONBON__ligand7000-0
516,TONBON__ligand8115-0
517,TONBON__ligand6768-0
518,TONBON__ligand27754-0
519,TONBON__ligand20695-0
520,TONBON__ligand4546-0
521,TONBON__ligand4503-0
522,TONBON__ligand16369-0
523,TONBON__ligand436-0
524,TONBON__ligand11111-0
525,TONBON__ligand28540-0
526,TONBON__ligand326-0
527,TONBON__ligand4157-0
528,TONBON__ligand29215-0
529,TONBON__ligand5256-0
530,TONBON__ligand9833-0
531,TONBON__ligand7648-0
532,TONBON__ligand2828-0
533,TONBON__ligand8876-0
534,TONBON__ligand16148-0
535,TONBON__ligand26631-0
536,TONBON__ligand9291-0
537,TONBON__ligand12003-0
538,TONBON__ligand2176-0
539,TONBON__ligand2232-0
540,TONBON__ligand10872-0
541,TONBON__ligand21399-0
542,TONBON__ligand19927-0
543,TONBON__ligand7629-0
544,TONBON__ligand4272-0
545,TONBON__ligand1451-0
546,TONBON__ligand497-0
547,TONBON__ligand9784-0
548,TONBON__ligand26324-0
549,TONBON__ligand89-0
550,TONBON__ligand28559-0
551,TONBON__ligand14043-0
552,TONBON__ligand8699-0
553,TONBON__ligand27239-0
554,TONBON__ligand1160-0
555,TONBON__ligand21729-0
556,TONBON__ligand9520-0
557,TONBON__ligand3954-0
558,TONBON__ligand633-0
559,TONBON__ligand4442-0
560,TONBON__ligand4093-0
561,TONBON__ligand1219-0
562,TONBON__ligand6709-0
563,TONBON__ligand7867-0
564,TONBON__ligand26529-0
565,TONBON__ligand4016-0
566,TONBON__ligand7238-0
567,TONBON__ligand11618-0
568,TONBON__ligand1304-0
569,TONBON__ligand1790-0
570,TONBON__ligand7280-0
571,TONBON__ligand49-0
572,TONBON__ligand3504-0
573,TONBON__ligand1959-0
574,TONBON__ligand31694-0
575,TONBON__ligand199-0
576,TONBON__ligand1573-0
577,TONBON__ligand1536-0
578,TONBON__ligand29486-0
579,TONBON__ligand4-0
580,TONBON__ligand9935-0
581,TONBON__ligand3718-0
582,TONBON__ligand6616-0
583,TONBON__ligand1343-0
584,TONBON__ligand3876-0
585,TONBON__ligand3035-0
586,TONBON__ligand1844-0
587,TONBON__ligand4661-0
588,TONBON__ligand17427-0
589,TONBON__ligand7242-0
590,TONBON__ligand300-0
591,TONBON__ligand11949-0
592,TONBON__ligand7106-0
593,TONBON__ligand22129-0
594,TONBON__ligand24780-0
595,TONBON__ligand12138-0
596,TONBON__ligand588-0
597,TONBON__ligand25561-0
598,TONBON__ligand1263-0
599,TONBON__ligand9908-0
600,TONBON__ligand27840-0
601,TONBON__ligand17-0
602,TONBON__ligand30728-0
603,TONBON__ligand5211-0
604,TONBON__ligand24872-0
605,TONBON__ligand409-0
606,TONBON__ligand3094-0
607,TONBON__ligand4155-0
608,TONBON__ligand324-0
609,TONBON__ligand361-0
610,TONBON__ligand10033-0
611,TONBON__ligand4720-0
612,TONBON__ligand24644-0
613,TONBON__ligand12001-0
614,TONBON__ligand8969-0
615,TONBON__ligand3131-0
616,TONBON__ligand3174-0
617,TONBON__ligand3937-0
618,TONBON__ligand1202-0
619,TONBON__ligand6839-0
620,TONBON__ligand14569-0
621,TONBON__ligand1512-0
622,TONBON__ligand13385-0
623,TONBON__ligand5331-0
624,TONBON__ligand22444-0
625,TONBON__ligand24111-0
626,TONBON__ligand3565-0
627,TONBON__ligand11587-0
628,TONBON__ligand13220-0
629,TONBON__ligand3852-0
630,TONBON__ligand2485-0
631,TONBON__ligand17396-0
632,TONBON__ligand15788-0
633,TONBON__ligand23175-0
634,TONBON__ligand6919-0
635,TONBON__ligand4850-0
636,TONBON__ligand5056-0
637,TONBON__ligand3-0
638,TONBON__ligand1688-0
639,TONBON__ligand3647-0
640,TONBON__ligand16952-0
641,TONBON__ligand126-0
642,TONBON__ligand29813-0
643,TONBON__ligand163-0
644,TONBON__ligand5357-0
645,TONBON__ligand3871-0
646,TONBON__ligand20220-0
647,TONBON__ligand1469-0
648,TONBON__ligand15387-0
649,TONBON__ligand20121-0
650,TONBON__ligand1768-0
651,TONBON__ligand24851-0
652,TONBON__ligand5935-0
653,TONBON__ligand11698-0
654,TONBON__ligand1379-0
655,TONBON__ligand20530-0
656,TONBON__ligand2722-0
657,TONBON__ligand34-0
658,TONBON__ligand14302-0
659,TONBON__ligand14347-0
660,TONBON__ligand845-0
661,TONBON__ligand13657-0
662,TONBON__ligand3157-0
663,TONBON__ligand11479-0
664,TONBON__ligand27610-0
665,TONBON__ligand10479-0
666,TONBON__ligand10853-0
667,TONBON__ligand29441-0
668,TONBON__ligand1165-0
669,TONBON__ligand9525-0
670,TONBON__ligand55-0
671,TONBON__ligand19668-0
672,TONBON__ligand3392-0
673,TONBON__ligand19906-0
674,TONBON__ligand366-0
675,TONBON__ligand1771-0
676,TONBON__ligand4911-0
677,TONBON__ligand5849-0
678,TONBON__ligand22353-0
679,TONBON__ligand187-0
680,TONBON__ligand657-0
681,TONBON__ligand941-0
682,TONBON__ligand596-0
683,TONBON__ligand2527-0
684,TONBON__ligand8464-0
685,TONBON__ligand1709-0
686,TONBON__ligand10151-0
687,TONBON__ligand8349-0
688,TONBON__ligand68-0
689,TONBON__ligand777-0
690,TONBON__ligand2208-0
691,TONBON__ligand3208-0
692,TONBON__ligand201-0
693,TONBON__ligand18067-0
694,TONBON__ligand19824-0
695,TONBON__ligand6672-0
696,TONBON__ligand11252-0
697,TONBON__ligand9809-0
698,TONBON__ligand1327-0
699,TONBON__ligand8722-0
700,TONBON__ligand13260-0
701,TONBON__ligand3350-0
702,TONBON__ligand7573-0
703,TONBON__ligand10582-0
704,TONBON__ligand2781-0
705,TONBON__ligand2328-0
706,TONBON__ligand1773-0
707,TONBON__ligand4581-0
708,TONBON__ligand321-0
709,TONBON__ligand11606-0
710,TONBON__ligand3029-0
711,TONBON__ligand31000-0
712,TONBON__ligand57-0
713,TONBON__ligand7162-0
714,TONBON__ligand178-0
715,TONBON__ligand26673-0
716,TONBON__ligand185-0
717,TONBON__ligand1900-0
718,TONBON__ligand279-0
719,TONBON__ligand9197-0
720,TONBON__ligand20821-0
721,TONBON__ligand16870-0
722,TONBON__ligand4131-0
723,TONBON__ligand1712-0
724,TONBON__ligand11622-0
725,TONBON__ligand11814-0
726,TONBON__ligand5094-0
727,TONBON__ligand5892-0
728,TONBON__ligand16603-0
729,TONBON__ligand1533-0
730,TONBON__ligand1-0
731,TONBON__ligand25658-0
732,TONBON__ligand17686-0
733,TONBON__ligand31205-0
734,TONBON__ligand338-0
735,TONBON__ligand1496-0
736,TONBON__ligand11177-0
737,TONBON__ligand7557-0
738,TONBON__ligand15455-0
739,TONBON__ligand24560-0
740,TONBON__ligand18757-0
741,TONBON__ligand24624-0
742,TONBON__ligand20844-0
743,TONBON__ligand18413-0
744,TONBON__ligand3215-0
745,TONBON__ligand32-0
746,TONBON__ligand7107-0
747,TONBON__ligand768-0
748,TONBON__ligand14339-0
749,TONBON__ligand384-0
750,TONBON__ligand6283-0
751,TONBON__ligand13691-0
752,TONBON__ligand30788-0
753,TONBON__ligand4813-0
754,TONBON__ligand5813-0
755,TONBON__ligand4738-0
756,TONBON__ligand21752-0
757,TONBON__ligand6062-0
758,TONBON__ligand25048-0
759,TONBON__ligand7532-0
760,TONBON__ligand21940-0
761,TONBON__ligand4194-0
762,TONBON__ligand20432-0
763,TONBON__ligand27122-0
764,TONBON__ligand2599-0
765,TONBON__ligand16133-0
766,TONBON__ligand13755-0
767,TONBON__ligand4330-0
768,TONBON__ligand141-0
769,TONBON__ligand23445-0
770,TONBON__ligand24953-0
771,TONBON__ligand240-0
772,TONBON__ligand1147-0
773,TONBON__ligand3973-0
774,TONBON__ligand20557-0
775,TONBON__ligand2068-0
776,TONBON__ligand30004-0
777,TONBON__ligand7925-0
778,TONBON__ligand16-0
779,TONBON__ligand3934-0
780,TONBON__ligand21448-0
781,TONBON__ligand11758-0
782,TONBON__ligand22357-0
783,TONBON__ligand6882-0
784,TONBON__ligand6455-0
785,TONBON__ligand2403-0
786,TONBON__ligand29214-0
787,TONBON__ligand51-0
788,TONBON__ligand11544-0
789,TONBON__ligand11501-0
790,TONBON__ligand17069-0
791,TONBON__ligand1449-0
792,TONBON__ligand3012-0
793,TONBON__ligand14477-0
794,TONBON__ligand1065-0
795,TONBON__ligand91-0
796,TONBON__ligand17445-0
797,TONBON__ligand7530-0
798,TONBON__ligand29334-0
799,TONBON__ligand693-0
800,TONBON__ligand12413-0
801,TONBON__ligand20731-0
802,TONBON__ligand9681-0
803,TONBON__ligand4332-0
804,TONBON__ligand11798-0
805,TONBON__ligand29565-0
806,TONBON__ligand5627-0
807,TONBON__ligand1729-0
808,TONBON__ligand23682-0
809,TONBON__ligand757-0
810,TONBON__ligand18158-0
811,TONBON__ligand2830-0
812,TONBON__ligand27771-0
813,TONBON__ligand48-0
814,TONBON__ligand122-0
815,TONBON__ligand16956-0
816,TONBON__ligand21339-0
817,TONBON__ligand14226-0
818,TONBON__ligand20942-1
819,TONBON__ligand5316-0
820,TONBON__ligand5483-0
821,TONBON__ligand27550-0
822,TONBON__ligand9148-0
823,TONBON__ligand6946-0
824,TONBON__ligand1415-0
825,TONBON__ligand7529-0
826,TONBON__ligand18019-1
827,TONBON__ligand14007-0
