,TMC
0,SEJYAJ__ligand23682-0
1,SEJYAJ__ligand29565-0
2,SEJYAJ__ligand27771-0
3,SEJYAJ__ligand326-0
4,SEJYAJ__ligand18158-0
5,SEJYAJ__ligand16956-0
6,SEJYAJ__ligand21339-0
7,SEJYAJ__ligand14226-0
8,SEJYAJ__ligand20942-1
9,SEJYAJ__ligand1169-0
10,SEJYAJ__ligand8529-0
11,SEJYAJ__ligand27550-0
12,SEJYAJ__ligand9615-0
13,SEJYAJ__ligand1154-0
14,SEJYAJ__ligand692-0
15,SEJYAJ__ligand1498-0
16,SEJYAJ__ligand436-0
17,SEJYAJ__ligand4596-0
18,SEJYAJ__ligand14007-0
19,SEJYAJ__ligand18019-1
20,SEJYAJ__ligand1618-0
21,SEJYAJ__ligand21448-0
22,SEJYAJ__ligand2692-0
23,SEJYAJ__ligand11758-0
24,SEJYAJ__ligand22357-0
25,SEJYAJ__ligand4262-0
26,SEJYAJ__ligand29214-0
27,SEJYAJ__ligand89-0
28,SEJYAJ__ligand1028-0
29,SEJYAJ__ligand11544-0
30,SEJYAJ__ligand11501-0
31,SEJYAJ__ligand14477-0
32,SEJYAJ__ligand1015-0
33,SEJYAJ__ligand1050-0
34,SEJYAJ__ligand17069-0
35,SEJYAJ__ligand497-0
36,SEJYAJ__ligand17445-0
37,SEJYAJ__ligand49-0
38,SEJYAJ__ligand2027-0
39,SEJYAJ__ligand20731-0
40,SEJYAJ__ligand633-0
41,SEJYAJ__ligand29334-0
42,SEJYAJ__ligand12413-0
43,SEJYAJ__ligand11798-0
44,SEJYAJ__ligand2823-0
45,SEJYAJ__ligand21940-0
46,SEJYAJ__ligand25048-0
47,SEJYAJ__ligand6995-0
48,SEJYAJ__ligand300-0
49,SEJYAJ__ligand16133-0
50,SEJYAJ__ligand13755-0
51,SEJYAJ__ligand20432-0
52,SEJYAJ__ligand27122-0
53,SEJYAJ__ligand3180-0
54,SEJYAJ__ligand4340-0
55,SEJYAJ__ligand23445-0
56,SEJYAJ__ligand588-0
57,SEJYAJ__ligand2650-0
58,SEJYAJ__ligand2281-0
59,SEJYAJ__ligand24953-0
60,SEJYAJ__ligand5415-0
61,SEJYAJ__ligand199-0
62,SEJYAJ__ligand4161-0
63,SEJYAJ__ligand3471-0
64,SEJYAJ__ligand20557-0
65,SEJYAJ__ligand4124-0
66,SEJYAJ__ligand30004-0
67,SEJYAJ__ligand8553-0
68,SEJYAJ__ligand24560-0
69,SEJYAJ__ligand18757-0
70,SEJYAJ__ligand1113-0
71,SEJYAJ__ligand24624-0
72,SEJYAJ__ligand20844-0
73,SEJYAJ__ligand18413-0
74,SEJYAJ__ligand5201-0
75,SEJYAJ__ligand17-0
76,SEJYAJ__ligand324-0
77,SEJYAJ__ligand361-0
78,SEJYAJ__ligand409-0
79,SEJYAJ__ligand14339-0
80,SEJYAJ__ligand7566-0
81,SEJYAJ__ligand13691-0
82,SEJYAJ__ligand30788-0
83,SEJYAJ__ligand2001-0
84,SEJYAJ__ligand21752-0
85,SEJYAJ__ligand8593-0
86,SEJYAJ__ligand9944-0
87,SEJYAJ__ligand358-0
88,SEJYAJ__ligand1849-0
89,SEJYAJ__ligand430-0
90,SEJYAJ__ligand16870-0
91,SEJYAJ__ligand488-0
92,SEJYAJ__ligand11622-0
93,SEJYAJ__ligand11814-0
94,SEJYAJ__ligand1216-0
95,SEJYAJ__ligand694-0
96,SEJYAJ__ligand16603-0
97,SEJYAJ__ligand5019-0
98,SEJYAJ__ligand1152-0
99,SEJYAJ__ligand3261-0
100,SEJYAJ__ligand31205-0
101,SEJYAJ__ligand17686-0
102,SEJYAJ__ligand25658-0
103,SEJYAJ__ligand11177-0
104,SEJYAJ__ligand6663-0
105,SEJYAJ__ligand5515-0
106,SEJYAJ__ligand15455-0
107,SEJYAJ__ligand1831-0
108,SEJYAJ__ligand5280-0
109,SEJYAJ__ligand4-0
110,SEJYAJ__ligand5614-0
111,SEJYAJ__ligand670-0
112,SEJYAJ__ligand3285-0
113,SEJYAJ__ligand4795-0
114,SEJYAJ__ligand571-0
115,SEJYAJ__ligand534-0
116,SEJYAJ__ligand1908-0
117,SEJYAJ__ligand18067-0
118,SEJYAJ__ligand19824-0
119,SEJYAJ__ligand5630-0
120,SEJYAJ__ligand11252-0
121,SEJYAJ__ligand1786-0
122,SEJYAJ__ligand13260-0
123,SEJYAJ__ligand10582-0
124,SEJYAJ__ligand8042-0
125,SEJYAJ__ligand11606-0
126,SEJYAJ__ligand6112-0
127,SEJYAJ__ligand1828-0
128,SEJYAJ__ligand7213-0
129,SEJYAJ__ligand31000-0
130,SEJYAJ__ligand1397-0
131,SEJYAJ__ligand26673-0
132,SEJYAJ__ligand5755-0
133,SEJYAJ__ligand4710-0
134,SEJYAJ__ligand5085-0
135,SEJYAJ__ligand20821-0
136,SEJYAJ__ligand3144-0
137,SEJYAJ__ligand19906-0
138,SEJYAJ__ligand4167-0
139,SEJYAJ__ligand19668-0
140,SEJYAJ__ligand416-0
141,SEJYAJ__ligand1400-0
142,SEJYAJ__ligand4266-0
143,SEJYAJ__ligand9491-0
144,SEJYAJ__ligand383-0
145,SEJYAJ__ligand162-0
146,SEJYAJ__ligand22353-0
147,SEJYAJ__ligand1288-0
148,SEJYAJ__ligand226-0
149,SEJYAJ__ligand3980-0
150,SEJYAJ__ligand3557-0
151,SEJYAJ__ligand1149-0
152,SEJYAJ__ligand7075-0
153,SEJYAJ__ligand10151-0
154,SEJYAJ__ligand9750-0
155,SEJYAJ__ligand1779-0
156,SEJYAJ__ligand6993-0
157,SEJYAJ__ligand1817-0
158,SEJYAJ__ligand656-0
159,SEJYAJ__ligand7438-0
160,SEJYAJ__ligand29813-0
161,SEJYAJ__ligand8200-0
162,SEJYAJ__ligand16952-0
163,SEJYAJ__ligand4063-0
164,SEJYAJ__ligand20220-0
165,SEJYAJ__ligand3042-0
166,SEJYAJ__ligand20121-0
167,SEJYAJ__ligand69-0
168,SEJYAJ__ligand15387-0
169,SEJYAJ__ligand11-0
170,SEJYAJ__ligand24851-0
171,SEJYAJ__ligand4207-0
172,SEJYAJ__ligand14302-0
173,SEJYAJ__ligand14347-0
174,SEJYAJ__ligand13657-0
175,SEJYAJ__ligand11698-0
176,SEJYAJ__ligand3453-0
177,SEJYAJ__ligand3416-0
178,SEJYAJ__ligand20530-0
179,SEJYAJ__ligand11479-0
180,SEJYAJ__ligand1150-0
181,SEJYAJ__ligand10479-0
182,SEJYAJ__ligand27610-0
183,SEJYAJ__ligand696-0
184,SEJYAJ__ligand1539-0
185,SEJYAJ__ligand10853-0
186,SEJYAJ__ligand29441-0
187,SEJYAJ__ligand30728-0
188,SEJYAJ__ligand27840-0
189,SEJYAJ__ligand8002-0
190,SEJYAJ__ligand384-0
191,SEJYAJ__ligand32-0
192,SEJYAJ__ligand5509-0
193,SEJYAJ__ligand24872-0
194,SEJYAJ__ligand1407-0
195,SEJYAJ__ligand6117-0
196,SEJYAJ__ligand5080-0
197,SEJYAJ__ligand7762-0
198,SEJYAJ__ligand24644-0
199,SEJYAJ__ligand10033-0
200,SEJYAJ__ligand12001-0
201,SEJYAJ__ligand2238-0
202,SEJYAJ__ligand13385-0
203,SEJYAJ__ligand14569-0
204,SEJYAJ__ligand9167-0
205,SEJYAJ__ligand22444-0
206,SEJYAJ__ligand24111-0
207,SEJYAJ__ligand5304-0
208,SEJYAJ__ligand3867-0
209,SEJYAJ__ligand1317-0
210,SEJYAJ__ligand7293-0
211,SEJYAJ__ligand2822-0
212,SEJYAJ__ligand768-0
213,SEJYAJ__ligand13220-0
214,SEJYAJ__ligand11587-0
215,SEJYAJ__ligand15788-0
216,SEJYAJ__ligand23175-0
217,SEJYAJ__ligand17396-0
218,SEJYAJ__ligand1197-0
219,SEJYAJ__ligand31694-0
220,SEJYAJ__ligand8592-0
221,SEJYAJ__ligand5099-0
222,SEJYAJ__ligand1296-0
223,SEJYAJ__ligand2259-0
224,SEJYAJ__ligand29486-0
225,SEJYAJ__ligand1-0
226,SEJYAJ__ligand17427-0
227,SEJYAJ__ligand9773-0
228,SEJYAJ__ligand1376-0
229,SEJYAJ__ligand5510-0
230,SEJYAJ__ligand11949-0
231,SEJYAJ__ligand16-0
232,SEJYAJ__ligand24780-0
233,SEJYAJ__ligand5595-0
234,SEJYAJ__ligand4101-0
235,SEJYAJ__ligand12138-0
236,SEJYAJ__ligand22129-0
237,SEJYAJ__ligand240-0
238,SEJYAJ__ligand2221-0
239,SEJYAJ__ligand25561-0
240,SEJYAJ__ligand4358-0
241,SEJYAJ__ligand141-0
242,SEJYAJ__ligand3926-0
243,SEJYAJ__ligand3120-0
244,SEJYAJ__ligand1499-0
245,SEJYAJ__ligand2881-0
246,SEJYAJ__ligand19927-0
247,SEJYAJ__ligand14043-0
248,SEJYAJ__ligand51-0
249,SEJYAJ__ligand26324-0
250,SEJYAJ__ligand1464-0
251,SEJYAJ__ligand3712-0
252,SEJYAJ__ligand28559-0
253,SEJYAJ__ligand1211-0
254,SEJYAJ__ligand27239-0
255,SEJYAJ__ligand21729-0
256,SEJYAJ__ligand6892-0
257,SEJYAJ__ligand693-0
258,SEJYAJ__ligand1168-0
259,SEJYAJ__ligand1294-0
260,SEJYAJ__ligand26529-0
261,SEJYAJ__ligand3677-0
262,SEJYAJ__ligand3632-0
263,SEJYAJ__ligand11618-0
264,SEJYAJ__ligand3-0
265,SEJYAJ__ligand91-0
266,SEJYAJ__ligand6699-0
267,SEJYAJ__ligand22403-0
268,SEJYAJ__ligand9299-0
269,SEJYAJ__ligand4007-0
270,SEJYAJ__ligand2985-0
271,SEJYAJ__ligand3677-1
272,SEJYAJ__ligand9883-0
273,SEJYAJ__ligand20695-0
274,SEJYAJ__ligand27754-0
275,SEJYAJ__ligand11111-0
276,SEJYAJ__ligand28540-0
277,SEJYAJ__ligand16369-0
278,SEJYAJ__ligand7291-0
279,SEJYAJ__ligand48-0
280,SEJYAJ__ligand3736-0
281,SEJYAJ__ligand757-0
282,SEJYAJ__ligand8000-0
283,SEJYAJ__ligand29215-0
284,SEJYAJ__ligand9344-0
285,SEJYAJ__ligand12003-0
286,SEJYAJ__ligand5383-0
287,SEJYAJ__ligand2693-0
288,SEJYAJ__ligand16148-0
289,SEJYAJ__ligand26631-0
290,SEJYAJ__ligand10872-0
291,SEJYAJ__ligand122-0
292,SEJYAJ__ligand21399-0
293,SEJYAJ__ligand3945-0
294,SEJYAJ__ligand845-0
295,SEJYAJ__ligand19184-0
296,SEJYAJ__ligand9450-0
297,SEJYAJ__ligand1599-0
298,SEJYAJ__ligand28459-0
299,SEJYAJ__ligand2612-0
300,SEJYAJ__ligand18448-0
301,SEJYAJ__ligand12453-0
302,SEJYAJ__ligand126-0
303,SEJYAJ__ligand163-0
304,SEJYAJ__ligand1289-0
305,SEJYAJ__ligand10371-0
306,SEJYAJ__ligand5387-0
307,SEJYAJ__ligand2203-0
308,SEJYAJ__ligand13672-0
309,SEJYAJ__ligand28685-0
310,SEJYAJ__ligand18568-0
311,SEJYAJ__ligand34-0
312,SEJYAJ__ligand29029-0
313,SEJYAJ__ligand27285-0
314,SEJYAJ__ligand1114-0
315,SEJYAJ__ligand6391-0
316,SEJYAJ__ligand3126-0
317,SEJYAJ__ligand9284-0
318,SEJYAJ__ligand941-0
319,SEJYAJ__ligand596-0
320,SEJYAJ__ligand777-0
321,SEJYAJ__ligand55-0
322,SEJYAJ__ligand23197-0
323,SEJYAJ__ligand2417-0
324,SEJYAJ__ligand1832-0
325,SEJYAJ__ligand8788-0
326,SEJYAJ__ligand366-0
327,SEJYAJ__ligand2043-0
328,SEJYAJ__ligand68-0
329,SEJYAJ__ligand13477-0
330,SEJYAJ__ligand14167-0
331,SEJYAJ__ligand657-0
332,SEJYAJ__ligand1228-0
333,SEJYAJ__ligand9943-0
334,SEJYAJ__ligand187-0
335,SEJYAJ__ligand27669-0
336,SEJYAJ__ligand1604-0
337,SEJYAJ__ligand30142-0
338,SEJYAJ__ligand11970-0
339,SEJYAJ__ligand5180-0
340,SEJYAJ__ligand321-0
341,SEJYAJ__ligand15883-0
342,SEJYAJ__ligand279-0
343,SEJYAJ__ligand24230-0
344,SEJYAJ__ligand7316-0
345,SEJYAJ__ligand5708-0
346,SEJYAJ__ligand11096-0
347,SEJYAJ__ligand11447-0
348,SEJYAJ__ligand185-0
349,SEJYAJ__ligand28810-0
350,SEJYAJ__ligand6017-0
351,SEJYAJ__ligand10828-0
352,SEJYAJ__ligand178-0
353,SEJYAJ__ligand19792-0
354,SEJYAJ__ligand15926-0
355,SEJYAJ__ligand10056-0
356,SEJYAJ__ligand12365-0
357,SEJYAJ__ligand8612-0
358,SEJYAJ__ligand2124-0
359,SEJYAJ__ligand15531-0
360,SEJYAJ__ligand28743-0
361,SEJYAJ__ligand201-0
362,SEJYAJ__ligand13862-0
363,SEJYAJ__ligand11357-0
364,SEJYAJ__ligand2260-0
365,SEJYAJ__ligand7092-0
366,SEJYAJ__ligand1116-0
367,SEJYAJ__ligand3225-0
368,SEJYAJ__ligand1153-0
369,SEJYAJ__ligand7273-0
370,SEJYAJ__ligand22294-0
371,SEJYAJ__ligand9323-0
372,SEJYAJ__ligand28930-0
373,SEJYAJ__ligand22168-0
374,SEJYAJ__ligand7172-0
375,SEJYAJ__ligand21919-0
376,SEJYAJ__ligand57-0
377,SEJYAJ__ligand3244-0
378,SEJYAJ__ligand4711-0
379,SEJYAJ__ligand16663-0
380,SEJYAJ__ligand2906-0
381,SEJYAJ__ligand14614-0
382,SEJYAJ__ligand24035-0
383,SEJYAJ__ligand4649-0
384,SEJYAJ__ligand5649-0
385,SEJYAJ__ligand11994-0
386,SEJYAJ__ligand2788-0
387,SEJYAJ__ligand8793-0
388,SEJYAJ__ligand338-0
389,SEJYAJ__ligand31842-0
390,SEJYAJ__ligand31044-0
391,SEJYAJ__ligand20207-0
392,SEJYAJ__ligand30711-0
393,SEJYAJ__ligand7196-0
394,SEJYAJ__ligand5159-0
395,SEJYAJ__ligand11682-0
396,SEJYAJ__ligand1787-0
397,SEJYAJ__ligand1356-0
398,SEJYAJ__ligand5530-0
399,SEJYAJ__ligand9753-0
400,SEJYAJ__ligand3178-0
401,SEJYAJ__ligand25913-0
402,SEJYAJ__ligand16988-0
403,SEJYAJ__ligand4807-0
404,SEJYAJ__ligand4155-0
405,SEJYAJ__ligand3094-0
406,SEJYAJ__ligand12641-0
407,SEJYAJ__ligand10958-0
408,SEJYAJ__ligand5211-0
409,SEJYAJ__ligand42-0
410,SEJYAJ__ligand115-0
411,SEJYAJ__ligand6839-0
412,SEJYAJ__ligand3131-0
413,SEJYAJ__ligand3174-0
414,SEJYAJ__ligand1202-0
415,SEJYAJ__ligand3937-0
416,SEJYAJ__ligand14108-0
417,SEJYAJ__ligand8969-0
418,SEJYAJ__ligand4720-0
419,SEJYAJ__ligand19057-0
420,SEJYAJ__ligand18814-0
421,SEJYAJ__ligand3565-0
422,SEJYAJ__ligand5331-0
423,SEJYAJ__ligand1512-0
424,SEJYAJ__ligand13425-0
425,SEJYAJ__ligand29302-0
426,SEJYAJ__ligand6919-0
427,SEJYAJ__ligand833-0
428,SEJYAJ__ligand2485-0
429,SEJYAJ__ligand3852-0
430,SEJYAJ__ligand10262-0
431,SEJYAJ__ligand28676-0
432,SEJYAJ__ligand27763-0
433,SEJYAJ__ligand15585-0
434,SEJYAJ__ligand9935-0
435,SEJYAJ__ligand12401-0
436,SEJYAJ__ligand24145-0
437,SEJYAJ__ligand1573-0
438,SEJYAJ__ligand1536-0
439,SEJYAJ__ligand1959-0
440,SEJYAJ__ligand10476-0
441,SEJYAJ__ligand19830-0
442,SEJYAJ__ligand13068-0
443,SEJYAJ__ligand3504-0
444,SEJYAJ__ligand13658-0
445,SEJYAJ__ligand26702-0
446,SEJYAJ__ligand1844-0
447,SEJYAJ__ligand12289-0
448,SEJYAJ__ligand4661-0
449,SEJYAJ__ligand18292-0
450,SEJYAJ__ligand12130-0
451,SEJYAJ__ligand17387-0
452,SEJYAJ__ligand784-0
453,SEJYAJ__ligand6616-0
454,SEJYAJ__ligand3876-0
455,SEJYAJ__ligand1343-0
456,SEJYAJ__ligand3035-0
457,SEJYAJ__ligand3718-0
458,SEJYAJ__ligand12231-0
459,SEJYAJ__ligand395-0
460,SEJYAJ__ligand66-0
461,SEJYAJ__ligand17302-0
462,SEJYAJ__ligand7106-0
463,SEJYAJ__ligand17805-0
464,SEJYAJ__ligand368-0
465,SEJYAJ__ligand7242-0
466,SEJYAJ__ligand24185-0
467,SEJYAJ__ligand23769-0
468,SEJYAJ__ligand9908-0
469,SEJYAJ__ligand1263-0
470,SEJYAJ__ligand25178-0
471,SEJYAJ__ligand447-0
472,SEJYAJ__ligand9784-0
473,SEJYAJ__ligand4272-0
474,SEJYAJ__ligand1451-0
475,SEJYAJ__ligand31783-0
476,SEJYAJ__ligand746-0
477,SEJYAJ__ligand7629-0
478,SEJYAJ__ligand176-0
479,SEJYAJ__ligand14297-0
480,SEJYAJ__ligand14603-0
481,SEJYAJ__ligand17258-0
482,SEJYAJ__ligand3954-0
483,SEJYAJ__ligand4093-0
484,SEJYAJ__ligand4442-0
485,SEJYAJ__ligand13012-0
486,SEJYAJ__ligand9520-0
487,SEJYAJ__ligand17631-0
488,SEJYAJ__ligand1160-0
489,SEJYAJ__ligand8699-0
490,SEJYAJ__ligand26665-0
491,SEJYAJ__ligand23713-0
492,SEJYAJ__ligand18832-0
493,SEJYAJ__ligand4016-0
494,SEJYAJ__ligand27175-0
495,SEJYAJ__ligand7867-0
496,SEJYAJ__ligand1219-0
497,SEJYAJ__ligand6709-0
498,SEJYAJ__ligand30988-0
499,SEJYAJ__ligand14723-0
500,SEJYAJ__ligand487-0
501,SEJYAJ__ligand7280-0
502,SEJYAJ__ligand1304-0
503,SEJYAJ__ligand1790-0
504,SEJYAJ__ligand27893-0
505,SEJYAJ__ligand15422-0
506,SEJYAJ__ligand20578-0
507,SEJYAJ__ligand12934-0
508,SEJYAJ__ligand7238-0
509,SEJYAJ__ligand19641-0
510,SEJYAJ__ligand6768-0
511,SEJYAJ__ligand12427-0
512,SEJYAJ__ligand8115-0
513,SEJYAJ__ligand7000-0
514,SEJYAJ__ligand1982-0
515,SEJYAJ__ligand20740-0
516,SEJYAJ__ligand28468-0
517,SEJYAJ__ligand506-0
518,SEJYAJ__ligand16628-0
519,SEJYAJ__ligand1285-0
520,SEJYAJ__ligand38-0
521,SEJYAJ__ligand27460-0
522,SEJYAJ__ligand4546-0
523,SEJYAJ__ligand4503-0
524,SEJYAJ__ligand7648-0
525,SEJYAJ__ligand8876-0
526,SEJYAJ__ligand2828-0
527,SEJYAJ__ligand9833-0
528,SEJYAJ__ligand30333-0
529,SEJYAJ__ligand5256-0
530,SEJYAJ__ligand12606-0
531,SEJYAJ__ligand4157-0
532,SEJYAJ__ligand30296-0
533,SEJYAJ__ligand2232-0
534,SEJYAJ__ligand17281-0
535,SEJYAJ__ligand2176-0
536,SEJYAJ__ligand26540-0
537,SEJYAJ__ligand152-0
538,SEJYAJ__ligand29410-0
539,SEJYAJ__ligand9291-0
540,SEJYAJ__ligand12337-0
541,SEJYAJ__ligand1324-0
542,SEJYAJ__ligand14703-0
543,SEJYAJ__ligand16475-0
544,SEJYAJ__ligand8721-0
545,SEJYAJ__ligand5643-0
546,SEJYAJ__ligand1823-0
547,SEJYAJ__ligand196-0
548,SEJYAJ__ligand2526-0
549,SEJYAJ__ligand5036-0
550,SEJYAJ__ligand1615-0
551,SEJYAJ__ligand20251-1
552,SEJYAJ__ligand9952-0
553,SEJYAJ__ligand9111-0
554,SEJYAJ__ligand17278-0
555,SEJYAJ__ligand20011-0
556,SEJYAJ__ligand29414-0
557,SEJYAJ__ligand17982-0
558,SEJYAJ__ligand9601-0
559,SEJYAJ__ligand8992-0
560,SEJYAJ__ligand686-0
561,SEJYAJ__ligand422-0
562,SEJYAJ__ligand1018-0
563,SEJYAJ__ligand17398-0
564,SEJYAJ__ligand4116-0
565,SEJYAJ__ligand11675-0
566,SEJYAJ__ligand20598-0
567,SEJYAJ__ligand6124-0
568,SEJYAJ__ligand22557-0
569,SEJYAJ__ligand10589-0
570,SEJYAJ__ligand3707-0
571,SEJYAJ__ligand7967-0
572,SEJYAJ__ligand24047-0
573,SEJYAJ__ligand20419-0
574,SEJYAJ__ligand17118-0
575,SEJYAJ__ligand21371-0
576,SEJYAJ__ligand28789-0
577,SEJYAJ__ligand3156-0
578,SEJYAJ__ligand2915-0
579,SEJYAJ__ligand29568-0
580,SEJYAJ__ligand393-0
581,SEJYAJ__ligand1378-0
582,SEJYAJ__ligand6244-0
583,SEJYAJ__ligand30851-0
584,SEJYAJ__ligand14889-0
585,SEJYAJ__ligand20539-0
586,SEJYAJ__ligand9441-0
587,SEJYAJ__ligand353-0
588,SEJYAJ__ligand2332-0
589,SEJYAJ__ligand20251-0
590,SEJYAJ__ligand20214-0
591,SEJYAJ__ligand30702-0
592,SEJYAJ__ligand31097-0
593,SEJYAJ__ligand21581-0
594,SEJYAJ__ligand18-0
595,SEJYAJ__ligand1575-0
596,SEJYAJ__ligand1530-0
597,SEJYAJ__ligand9933-0
598,SEJYAJ__ligand17261-0
599,SEJYAJ__ligand14117-0
600,SEJYAJ__ligand1631-0
601,SEJYAJ__ligand813-0
602,SEJYAJ__ligand20682-0
603,SEJYAJ__ligand4620-0
604,SEJYAJ__ligand314-0
605,SEJYAJ__ligand780-0
606,SEJYAJ__ligand13390-0
607,SEJYAJ__ligand2295-0
608,SEJYAJ__ligand1577-0
609,SEJYAJ__ligand6067-0
610,SEJYAJ__ligand618-0
611,SEJYAJ__ligand2917-0
612,SEJYAJ__ligand7819-0
613,SEJYAJ__ligand3465-0
614,SEJYAJ__ligand27482-0
615,SEJYAJ__ligand26810-0
616,SEJYAJ__ligand391-0
617,SEJYAJ__ligand6102-0
618,SEJYAJ__ligand6596-0
619,SEJYAJ__ligand3721-0
620,SEJYAJ__ligand6904-0
621,SEJYAJ__ligand13208-0
622,SEJYAJ__ligand12030-0
623,SEJYAJ__ligand1142-0
624,SEJYAJ__ligand3234-0
625,SEJYAJ__ligand29879-0
626,SEJYAJ__ligand14248-0
627,SEJYAJ__ligand13331-0
628,SEJYAJ__ligand28884-0
629,SEJYAJ__ligand7126-0
630,SEJYAJ__ligand8835-0
631,SEJYAJ__ligand2028-0
632,SEJYAJ__ligand31832-0
633,SEJYAJ__ligand13294-0
634,SEJYAJ__ligand465-0
635,SEJYAJ__ligand4641-0
636,SEJYAJ__ligand25411-0
637,SEJYAJ__ligand314-1
638,SEJYAJ__ligand10712-0
639,SEJYAJ__ligand14174-0
640,SEJYAJ__ligand11456-0
641,SEJYAJ__ligand2830-0
642,SEJYAJ__ligand17710-0
643,SEJYAJ__ligand20579-0
644,SEJYAJ__ligand1729-0
645,SEJYAJ__ligand11568-0
646,SEJYAJ__ligand5627-0
647,SEJYAJ__ligand5483-0
648,SEJYAJ__ligand21421-0
649,SEJYAJ__ligand909-0
650,SEJYAJ__ligand5316-0
651,SEJYAJ__ligand11774-0
652,SEJYAJ__ligand14586-0
653,SEJYAJ__ligand177-0
654,SEJYAJ__ligand9148-0
655,SEJYAJ__ligand24613-0
656,SEJYAJ__ligand19725-0
657,SEJYAJ__ligand31483-0
658,SEJYAJ__ligand7529-0
659,SEJYAJ__ligand10555-0
660,SEJYAJ__ligand1415-0
661,SEJYAJ__ligand6946-0
662,SEJYAJ__ligand6882-0
663,SEJYAJ__ligand6455-0
664,SEJYAJ__ligand13072-0
665,SEJYAJ__ligand252-0
666,SEJYAJ__ligand3934-0
667,SEJYAJ__ligand116-0
668,SEJYAJ__ligand12336-0
669,SEJYAJ__ligand2403-0
670,SEJYAJ__ligand7530-0
671,SEJYAJ__ligand1065-0
672,SEJYAJ__ligand372-0
673,SEJYAJ__ligand3012-0
674,SEJYAJ__ligand12682-0
675,SEJYAJ__ligand1449-0
676,SEJYAJ__ligand18699-0
677,SEJYAJ__ligand830-0
678,SEJYAJ__ligand17240-0
679,SEJYAJ__ligand4332-0
680,SEJYAJ__ligand9681-0
681,SEJYAJ__ligand17590-0
682,SEJYAJ__ligand193-0
683,SEJYAJ__ligand24750-0
684,SEJYAJ__ligand4194-0
685,SEJYAJ__ligand370-0
686,SEJYAJ__ligand7532-0
687,SEJYAJ__ligand18013-0
688,SEJYAJ__ligand25224-0
689,SEJYAJ__ligand17945-0
690,SEJYAJ__ligand4330-0
691,SEJYAJ__ligand17207-0
692,SEJYAJ__ligand31578-0
693,SEJYAJ__ligand2599-0
694,SEJYAJ__ligand29087-0
695,SEJYAJ__ligand3973-0
696,SEJYAJ__ligand250-0
697,SEJYAJ__ligand18703-0
698,SEJYAJ__ligand1147-0
699,SEJYAJ__ligand15438-0
700,SEJYAJ__ligand28924-0
701,SEJYAJ__ligand7925-0
702,SEJYAJ__ligand43-0
703,SEJYAJ__ligand2068-0
704,SEJYAJ__ligand3215-0
705,SEJYAJ__ligand188-0
706,SEJYAJ__ligand15168-0
707,SEJYAJ__ligand67-0
708,SEJYAJ__ligand24064-0
709,SEJYAJ__ligand7107-0
710,SEJYAJ__ligand8-0
711,SEJYAJ__ligand23589-0
712,SEJYAJ__ligand479-0
713,SEJYAJ__ligand785-0
714,SEJYAJ__ligand311-0
715,SEJYAJ__ligand6283-0
716,SEJYAJ__ligand620-0
717,SEJYAJ__ligand370-1
718,SEJYAJ__ligand26277-0
719,SEJYAJ__ligand29898-0
720,SEJYAJ__ligand6062-0
721,SEJYAJ__ligand4738-0
722,SEJYAJ__ligand10432-0
723,SEJYAJ__ligand31618-0
724,SEJYAJ__ligand11432-0
725,SEJYAJ__ligand564-0
726,SEJYAJ__ligand5813-0
727,SEJYAJ__ligand4813-0
728,SEJYAJ__ligand22755-0
729,SEJYAJ__ligand12660-0
730,SEJYAJ__ligand4131-0
731,SEJYAJ__ligand1712-0
732,SEJYAJ__ligand19257-0
733,SEJYAJ__ligand13209-0
734,SEJYAJ__ligand25650-0
735,SEJYAJ__ligand5094-0
736,SEJYAJ__ligand5892-0
737,SEJYAJ__ligand134-0
738,SEJYAJ__ligand31248-0
739,SEJYAJ__ligand235-0
740,SEJYAJ__ligand560-0
741,SEJYAJ__ligand1533-0
742,SEJYAJ__ligand12519-0
743,SEJYAJ__ligand25735-0
744,SEJYAJ__ligand7557-0
745,SEJYAJ__ligand23124-0
746,SEJYAJ__ligand1496-0
747,SEJYAJ__ligand11206-0
748,SEJYAJ__ligand30539-0
749,SEJYAJ__ligand294-0
750,SEJYAJ__ligand3208-0
751,SEJYAJ__ligand2208-0
752,SEJYAJ__ligand23906-0
753,SEJYAJ__ligand7573-0
754,SEJYAJ__ligand2781-0
755,SEJYAJ__ligand3350-0
756,SEJYAJ__ligand8722-0
757,SEJYAJ__ligand11166-0
758,SEJYAJ__ligand21132-0
759,SEJYAJ__ligand9809-0
760,SEJYAJ__ligand6672-0
761,SEJYAJ__ligand1327-0
762,SEJYAJ__ligand7162-0
763,SEJYAJ__ligand3029-0
764,SEJYAJ__ligand1773-0
765,SEJYAJ__ligand27835-0
766,SEJYAJ__ligand4581-0
767,SEJYAJ__ligand2328-0
768,SEJYAJ__ligand421-0
769,SEJYAJ__ligand12295-0
770,SEJYAJ__ligand685-0
771,SEJYAJ__ligand9197-0
772,SEJYAJ__ligand25689-0
773,SEJYAJ__ligand1900-0
774,SEJYAJ__ligand25575-0
775,SEJYAJ__ligand21787-0
776,SEJYAJ__ligand1771-0
777,SEJYAJ__ligand4911-0
778,SEJYAJ__ligand27074-0
779,SEJYAJ__ligand45-0
780,SEJYAJ__ligand20599-0
781,SEJYAJ__ligand25805-0
782,SEJYAJ__ligand3392-0
783,SEJYAJ__ligand22981-0
784,SEJYAJ__ligand18391-0
785,SEJYAJ__ligand5849-0
786,SEJYAJ__ligand14523-0
787,SEJYAJ__ligand27169-0
788,SEJYAJ__ligand10084-0
789,SEJYAJ__ligand197-0
790,SEJYAJ__ligand2527-0
791,SEJYAJ__ligand25267-0
792,SEJYAJ__ligand12467-0
793,SEJYAJ__ligand78-0
794,SEJYAJ__ligand21936-0
795,SEJYAJ__ligand13257-0
796,SEJYAJ__ligand23904-0
797,SEJYAJ__ligand8349-0
798,SEJYAJ__ligand1709-0
799,SEJYAJ__ligand8464-0
800,SEJYAJ__ligand5357-0
801,SEJYAJ__ligand3647-0
802,SEJYAJ__ligand1688-0
803,SEJYAJ__ligand5056-0
804,SEJYAJ__ligand13869-0
805,SEJYAJ__ligand4850-0
806,SEJYAJ__ligand18074-0
807,SEJYAJ__ligand29863-0
808,SEJYAJ__ligand1768-0
809,SEJYAJ__ligand783-0
810,SEJYAJ__ligand352-0
811,SEJYAJ__ligand29610-0
812,SEJYAJ__ligand1469-0
813,SEJYAJ__ligand11140-0
814,SEJYAJ__ligand19-0
815,SEJYAJ__ligand3871-0
816,SEJYAJ__ligand2722-0
817,SEJYAJ__ligand868-0
818,SEJYAJ__ligand16791-0
819,SEJYAJ__ligand24-0
820,SEJYAJ__ligand1379-0
821,SEJYAJ__ligand28668-0
822,SEJYAJ__ligand5935-0
823,SEJYAJ__ligand9525-0
824,SEJYAJ__ligand1165-0
825,SEJYAJ__ligand18799-0
826,SEJYAJ__ligand3157-0
827,SEJYAJ__ligand18465-0
