,TMC
0,TUMNEW__ligand6166-0
1,TUMNEW__ligand927-0
2,TUMNEW__ligand199-0
3,TUMNEW__ligand1246-0
4,TUMNEW__ligand2599-0
5,TUMNEW__ligand5089-0
6,TUMNEW__ligand575-0
7,TUMNEW__ligand3853-0
8,TUMNEW__ligand2853-0
9,TUMNEW__ligand409-0
10,TUMNEW__ligand361-0
11,TUMNEW__ligand324-0
12,TUMNEW__ligand1307-0
13,TUMNEW__ligand67-0
14,TUMNEW__ligand105-0
15,TUMNEW__ligand140-0
16,TUMNEW__ligand142-0
17,TUMNEW__ligand206-0
18,TUMNEW__ligand436-0
19,TUMNEW__ligand9620-0
20,TUMNEW__ligand1260-0
21,TUMNEW__ligand4894-0
22,TUMNEW__ligand821-0
23,TUMNEW__ligand4811-0
24,TUMNEW__ligand326-0
25,TUMNEW__ligand1449-1
26,TUMNEW__ligand3337-0
27,TUMNEW__ligand553-0
28,TUMNEW__ligand7514-0
29,TUMNEW__ligand283-0
30,TUMNEW__ligand1178-0
31,TUMNEW__ligand3566-0
32,TUMNEW__ligand497-0
33,TUMNEW__ligand633-0
34,TUMNEW__ligand1321-0
35,TUMNEW__ligand918-0
36,TUMNEW__ligand532-0
37,TUMNEW__ligand1788-0
38,TUMNEW__ligand166-0
39,TUMNEW__ligand838-0
40,TUMNEW__ligand6571-0
41,TUMNEW__ligand85-0
42,TUMNEW__ligand1325-0
43,TUMNEW__ligand78-0
44,TUMNEW__ligand2482-0
45,TUMNEW__ligand5762-0
46,TUMNEW__ligand7414-0
47,TUMNEW__ligand1104-0
48,TUMNEW__ligand383-0
49,TUMNEW__ligand45-0
50,TUMNEW__ligand162-0
51,TUMNEW__ligand1019-0
52,TUMNEW__ligand2442-0
53,TUMNEW__ligand226-0
54,TUMNEW__ligand1221-0
55,TUMNEW__ligand1264-0
56,TUMNEW__ligand1299-0
57,TUMNEW__ligand6430-0
58,TUMNEW__ligand1379-0
59,TUMNEW__ligand2376-0
60,TUMNEW__ligand3-0
61,TUMNEW__ligand2929-0
62,TUMNEW__ligand278-0
63,TUMNEW__ligand2389-0
64,TUMNEW__ligand1919-0
65,TUMNEW__ligand1-0
66,TUMNEW__ligand365-0
67,TUMNEW__ligand430-0
68,TUMNEW__ligand3579-0
69,TUMNEW__ligand358-0
70,TUMNEW__ligand2916-0
71,TUMNEW__ligand2110-0
72,TUMNEW__ligand669-0
73,TUMNEW__ligand1712-0
74,TUMNEW__ligand15630-0
75,TUMNEW__ligand1858-0
76,TUMNEW__ligand509-0
77,TUMNEW__ligand10357-0
78,TUMNEW__ligand8032-0
79,TUMNEW__ligand1898-0
80,TUMNEW__ligand118-0
81,TUMNEW__ligand4504-0
82,TUMNEW__ligand3051-0
83,TUMNEW__ligand670-0
84,TUMNEW__ligand2480-0
85,TUMNEW__ligand571-0
86,TUMNEW__ligand2315-0
87,TUMNEW__ligand5334-0
88,TUMNEW__ligand7550-0
89,TUMNEW__ligand6-0
90,TUMNEW__ligand2253-0
91,TUMNEW__ligand1160-0
92,TUMNEW__ligand2954-0
93,TUMNEW__ligand5093-0
94,TUMNEW__ligand2762-0
95,TUMNEW__ligand21-0
96,TUMNEW__ligand1038-0
97,TUMNEW__ligand4423-0
98,TUMNEW__ligand757-0
99,TUMNEW__ligand1907-0
100,TUMNEW__ligand3890-0
101,TUMNEW__ligand40-0
102,TUMNEW__ligand38-0
103,TUMNEW__ligand7630-0
104,TUMNEW__ligand1285-0
105,TUMNEW__ligand797-0
106,TUMNEW__ligand1555-0
107,TUMNEW__ligand3478-0
108,TUMNEW__ligand3852-0
109,TUMNEW__ligand5758-0
110,TUMNEW__ligand7456-0
111,TUMNEW__ligand384-0
112,TUMNEW__ligand120-0
113,TUMNEW__ligand1818-0
114,TUMNEW__ligand3251-0
115,TUMNEW__ligand4619-0
116,TUMNEW__ligand240-0
117,TUMNEW__ligand66-0
118,TUMNEW__ligand5235-0
119,TUMNEW__ligand141-0
120,TUMNEW__ligand6143-0
121,TUMNEW__ligand3070-0
122,TUMNEW__ligand3035-0
123,TUMNEW__ligand2718-0
124,TUMNEW__ligand1493-0
125,TUMNEW__ligand4-0
126,TUMNEW__ligand9176-0
127,TUMNEW__ligand62-0
128,TUMNEW__ligand100-0
129,TUMNEW__ligand244-0
130,TUMNEW__ligand4175-0
131,TUMNEW__ligand201-0
132,TUMNEW__ligand2255-0
133,TUMNEW__ligand1918-0
134,TUMNEW__ligand321-0
135,TUMNEW__ligand10910-0
136,TUMNEW__ligand279-0
137,TUMNEW__ligand178-0
138,TUMNEW__ligand4370-0
139,TUMNEW__ligand119-0
140,TUMNEW__ligand86-0
141,TUMNEW__ligand14530-0
142,TUMNEW__ligand1436-0
143,TUMNEW__ligand124-0
144,TUMNEW__ligand3618-0
145,TUMNEW__ligand2618-0
146,TUMNEW__ligand10479-0
147,TUMNEW__ligand2707-0
148,TUMNEW__ligand126-0
149,TUMNEW__ligand1690-0
150,TUMNEW__ligand1551-0
151,TUMNEW__ligand2526-0
152,TUMNEW__ligand10114-0
153,TUMNEW__ligand4012-0
154,TUMNEW__ligand3196-0
155,TUMNEW__ligand366-0
156,TUMNEW__ligand861-0
157,TUMNEW__ligand18-0
158,TUMNEW__ligand612-0
159,TUMNEW__ligand187-0
160,TUMNEW__ligand596-0
161,TUMNEW__ligand2915-0
162,TUMNEW__ligand522-0
163,TUMNEW__ligand91-0
164,TUMNEW__ligand29-0
165,TUMNEW__ligand666-0
166,TUMNEW__ligand1459-0
167,TUMNEW__ligand487-0
168,TUMNEW__ligand1544-0
169,TUMNEW__ligand447-0
170,TUMNEW__ligand1685-0
171,TUMNEW__ligand51-0
172,TUMNEW__ligand133-0
173,TUMNEW__ligand3757-0
174,TUMNEW__ligand1048-0
175,TUMNEW__ligand2087-0
176,TUMNEW__ligand1171-0
177,TUMNEW__ligand682-0
178,TUMNEW__ligand1438-0
179,TUMNEW__ligand48-0
180,TUMNEW__ligand3063-0
181,TUMNEW__ligand5801-0
182,TUMNEW__ligand291-0
183,TUMNEW__ligand4381-0
184,TUMNEW__ligand2629-0
185,TUMNEW__ligand32-0
186,TUMNEW__ligand3734-0
187,TUMNEW__ligand115-0
188,TUMNEW__ligand1706-0
189,TUMNEW__ligand1687-0
190,TUMNEW__ligand1951-0
191,TUMNEW__ligand6277-0
192,TUMNEW__ligand2768-0
193,TUMNEW__ligand1376-0
194,TUMNEW__ligand355-0
195,TUMNEW__ligand784-0
196,TUMNEW__ligand2688-0
197,TUMNEW__ligand2259-0
198,TUMNEW__ligand485-0
199,TUMNEW__ligand170-0
200,TUMNEW__ligand2751-0
201,TUMNEW__ligand57-0
202,TUMNEW__ligand8-0
203,TUMNEW__ligand391-0
204,TUMNEW__ligand2634-0
205,TUMNEW__ligand481-0
206,TUMNEW__ligand1542-0
207,TUMNEW__ligand314-0
208,TUMNEW__ligand3041-0
209,TUMNEW__ligand6332-0
210,TUMNEW__ligand3178-0
211,TUMNEW__ligand2863-0
212,TUMNEW__ligand6502-0
213,TUMNEW__ligand2098-0
214,TUMNEW__ligand6686-0
215,TUMNEW__ligand210-0
216,TUMNEW__ligand1747-0
217,TUMNEW__ligand5548-0
218,TUMNEW__ligand73-0
219,TUMNEW__ligand7915-0
220,TUMNEW__ligand3145-0
221,TUMNEW__ligand113-0
222,TUMNEW__ligand34-0
223,TUMNEW__ligand3246-0
224,TUMNEW__ligand422-0
225,TUMNEW__ligand1148-0
226,TUMNEW__ligand502-0
227,TUMNEW__ligand196-0
228,TUMNEW__ligand1479-0
229,TUMNEW__ligand9244-0
230,TUMNEW__ligand353-0
231,TUMNEW__ligand1228-0
232,TUMNEW__ligand95-0
233,TUMNEW__ligand236-0
234,TUMNEW__ligand55-0
235,TUMNEW__ligand1538-0
236,TUMNEW__ligand1114-0
237,TUMNEW__ligand250-0
238,TUMNEW__ligand460-0
239,TUMNEW__ligand1273-0
240,TUMNEW__ligand370-0
241,TUMNEW__ligand1052-0
242,TUMNEW__ligand311-0
243,TUMNEW__ligand1502-0
244,TUMNEW__ligand4983-0
245,TUMNEW__ligand92-0
246,TUMNEW__ligand2345-0
247,TUMNEW__ligand2794-0
248,TUMNEW__ligand1835-0
249,TUMNEW__ligand188-0
250,TUMNEW__ligand17-0
251,TUMNEW__ligand9027-0
252,TUMNEW__ligand6396-0
253,TUMNEW__ligand369-0
254,TUMNEW__ligand444-0
255,TUMNEW__ligand1113-0
256,TUMNEW__ligand2265-0
257,TUMNEW__ligand2838-0
258,TUMNEW__ligand1799-0
259,TUMNEW__ligand3838-0
260,TUMNEW__ligand934-0
261,TUMNEW__ligand177-0
262,TUMNEW__ligand5941-0
263,TUMNEW__ligand2880-0
264,TUMNEW__ligand851-0
265,TUMNEW__ligand1169-0
266,TUMNEW__ligand5022-0
267,TUMNEW__ligand909-0
268,TUMNEW__ligand830-0
269,TUMNEW__ligand2864-0
270,TUMNEW__ligand49-0
271,TUMNEW__ligand11730-0
272,TUMNEW__ligand193-0
273,TUMNEW__ligand89-0
274,TUMNEW__ligand252-0
275,TUMNEW__ligand6538-0
276,TUMNEW__ligand6151-0
277,TUMNEW__ligand955-0
278,TUMNEW__ligand2772-0
279,TUMNEW__ligand9495-0
280,TUMNEW__ligand2142-0
281,TUMNEW__ligand197-0
282,TUMNEW__ligand1054-0
283,TUMNEW__ligand296-0
284,TUMNEW__ligand6294-0
285,TUMNEW__ligand4303-0
286,TUMNEW__ligand1248-0
287,TUMNEW__ligand1598-0
288,TUMNEW__ligand7464-0
289,TUMNEW__ligand112-0
290,TUMNEW__ligand868-0
291,TUMNEW__ligand442-0
292,TUMNEW__ligand11-0
293,TUMNEW__ligand136-0
294,TUMNEW__ligand8774-0
295,TUMNEW__ligand352-0
296,TUMNEW__ligand783-0
297,TUMNEW__ligand3637-0
298,TUMNEW__ligand560-0
299,TUMNEW__ligand525-0
300,TUMNEW__ligand109-0
301,TUMNEW__ligand1607-0
302,TUMNEW__ligand1152-0
303,TUMNEW__ligand390-0
304,TUMNEW__ligand932-0
305,TUMNEW__ligand134-0
306,TUMNEW__ligand1727-0
307,TUMNEW__ligand235-0
308,TUMNEW__ligand2907-0
309,TUMNEW__ligand421-0
310,TUMNEW__ligand798-0
311,TUMNEW__ligand1703-0
312,TUMNEW__ligand2430-0
313,TUMNEW__ligand584-0
314,TUMNEW__ligand916-0
315,TUMNEW__ligand2862-0
316,TUMNEW__ligand294-0
317,TUMNEW__ligand2320-0
318,TUMNEW__ligand1056-0
319,TUMNEW__ligand993-0
320,TUMNEW__ligand2510-0
321,TUMNEW__ligand331-0
322,TUMNEW__ligand8921-0
323,TUMNEW__ligand2285-0
324,TUMNEW__ligand1567-0
