,TMC
0,XUMYAG__ligand3852-0
1,XUMYAG__ligand3478-0
2,XUMYAG__ligand797-0
3,XUMYAG__ligand89-0
4,XUMYAG__ligand5758-0
5,XUMYAG__ligand49-0
6,XUMYAG__ligand7456-0
7,XUMYAG__ligand1818-0
8,XUMYAG__ligand757-0
9,XUMYAG__ligand3251-0
10,XUMYAG__ligand6143-0
11,XUMYAG__ligand5235-0
12,XUMYAG__ligand4619-0
13,XUMYAG__ligand1493-0
14,XUMYAG__ligand3070-0
15,XUMYAG__ligand3035-0
16,XUMYAG__ligand2718-0
17,XUMYAG__ligand9176-0
18,XUMYAG__ligand7550-0
19,XUMYAG__ligand17-0
20,XUMYAG__ligand141-0
21,XUMYAG__ligand2954-0
22,XUMYAG__ligand5093-0
23,XUMYAG__ligand92-0
24,XUMYAG__ligand1160-0
25,XUMYAG__ligand240-0
26,XUMYAG__ligand2253-0
27,XUMYAG__ligand1038-0
28,XUMYAG__ligand2762-0
29,XUMYAG__ligand1907-0
30,XUMYAG__ligand4423-0
31,XUMYAG__ligand120-0
32,XUMYAG__ligand384-0
33,XUMYAG__ligand3890-0
34,XUMYAG__ligand7630-0
35,XUMYAG__ligand1555-0
36,XUMYAG__ligand1285-0
37,XUMYAG__ligand2707-0
38,XUMYAG__ligand124-0
39,XUMYAG__ligand1690-0
40,XUMYAG__ligand2526-0
41,XUMYAG__ligand119-0
42,XUMYAG__ligand1551-0
43,XUMYAG__ligand15630-0
44,XUMYAG__ligand10357-0
45,XUMYAG__ligand178-0
46,XUMYAG__ligand4012-0
47,XUMYAG__ligand3196-0
48,XUMYAG__ligand279-0
49,XUMYAG__ligand321-0
50,XUMYAG__ligand201-0
51,XUMYAG__ligand244-0
52,XUMYAG__ligand100-0
53,XUMYAG__ligand2915-0
54,XUMYAG__ligand4175-0
55,XUMYAG__ligand596-0
56,XUMYAG__ligand2255-0
57,XUMYAG__ligand1918-0
58,XUMYAG__ligand187-0
59,XUMYAG__ligand612-0
60,XUMYAG__ligand11-0
61,XUMYAG__ligand861-0
62,XUMYAG__ligand366-0
63,XUMYAG__ligand4370-0
64,XUMYAG__ligand1436-0
65,XUMYAG__ligand8-0
66,XUMYAG__ligand2618-0
67,XUMYAG__ligand3618-0
68,XUMYAG__ligand126-0
69,XUMYAG__ligand9620-0
70,XUMYAG__ligand140-0
71,XUMYAG__ligand105-0
72,XUMYAG__ligand1260-0
73,XUMYAG__ligand4894-0
74,XUMYAG__ligand4811-0
75,XUMYAG__ligand1449-1
76,XUMYAG__ligand409-0
77,XUMYAG__ligand7514-0
78,XUMYAG__ligand3337-0
79,XUMYAG__ligand324-0
80,XUMYAG__ligand361-0
81,XUMYAG__ligand32-0
82,XUMYAG__ligand1178-0
83,XUMYAG__ligand3566-0
84,XUMYAG__ligand575-0
85,XUMYAG__ligand1321-0
86,XUMYAG__ligand1788-0
87,XUMYAG__ligand199-0
88,XUMYAG__ligand927-0
89,XUMYAG__ligand6166-0
90,XUMYAG__ligand838-0
91,XUMYAG__ligand48-0
92,XUMYAG__ligand166-0
93,XUMYAG__ligand1246-0
94,XUMYAG__ligand532-0
95,XUMYAG__ligand633-0
96,XUMYAG__ligand918-0
97,XUMYAG__ligand2599-0
98,XUMYAG__ligand5089-0
99,XUMYAG__ligand2853-0
100,XUMYAG__ligand3853-0
101,XUMYAG__ligand497-0
102,XUMYAG__ligand283-0
103,XUMYAG__ligand51-0
104,XUMYAG__ligand553-0
105,XUMYAG__ligand326-0
106,XUMYAG__ligand1307-0
107,XUMYAG__ligand821-0
108,XUMYAG__ligand436-0
109,XUMYAG__ligand91-0
110,XUMYAG__ligand206-0
111,XUMYAG__ligand142-0
112,XUMYAG__ligand29-0
113,XUMYAG__ligand2389-0
114,XUMYAG__ligand1919-0
115,XUMYAG__ligand55-0
116,XUMYAG__ligand10114-0
117,XUMYAG__ligand2916-0
118,XUMYAG__ligand2110-0
119,XUMYAG__ligand95-0
120,XUMYAG__ligand3579-0
121,XUMYAG__ligand1712-0
122,XUMYAG__ligand226-0
123,XUMYAG__ligand162-0
124,XUMYAG__ligand383-0
125,XUMYAG__ligand8032-0
126,XUMYAG__ligand1858-0
127,XUMYAG__ligand10479-0
128,XUMYAG__ligand2315-0
129,XUMYAG__ligand1898-0
130,XUMYAG__ligand2480-0
131,XUMYAG__ligand4504-0
132,XUMYAG__ligand3051-0
133,XUMYAG__ligand5334-0
134,XUMYAG__ligand34-0
135,XUMYAG__ligand2482-0
136,XUMYAG__ligand1325-0
137,XUMYAG__ligand14530-0
138,XUMYAG__ligand6571-0
139,XUMYAG__ligand571-0
140,XUMYAG__ligand118-0
141,XUMYAG__ligand670-0
142,XUMYAG__ligand73-0
143,XUMYAG__ligand1104-0
144,XUMYAG__ligand5762-0
145,XUMYAG__ligand7414-0
146,XUMYAG__ligand509-0
147,XUMYAG__ligand1019-0
148,XUMYAG__ligand2442-0
149,XUMYAG__ligand1299-0
150,XUMYAG__ligand6430-0
151,XUMYAG__ligand669-0
152,XUMYAG__ligand1221-0
153,XUMYAG__ligand10910-0
154,XUMYAG__ligand1264-0
155,XUMYAG__ligand1379-0
156,XUMYAG__ligand430-0
157,XUMYAG__ligand358-0
158,XUMYAG__ligand2376-0
159,XUMYAG__ligand365-0
160,XUMYAG__ligand57-0
161,XUMYAG__ligand2929-0
162,XUMYAG__ligand278-0
163,XUMYAG__ligand369-0
164,XUMYAG__ligand5941-0
165,XUMYAG__ligand2880-0
166,XUMYAG__ligand444-0
167,XUMYAG__ligand1799-0
168,XUMYAG__ligand3838-0
169,XUMYAG__ligand2838-0
170,XUMYAG__ligand188-0
171,XUMYAG__ligand1169-0
172,XUMYAG__ligand5022-0
173,XUMYAG__ligand66-0
174,XUMYAG__ligand311-0
175,XUMYAG__ligand370-0
176,XUMYAG__ligand2864-0
177,XUMYAG__ligand2772-0
178,XUMYAG__ligand6151-0
179,XUMYAG__ligand9495-0
180,XUMYAG__ligand460-0
181,XUMYAG__ligand6538-0
182,XUMYAG__ligand250-0
183,XUMYAG__ligand2142-0
184,XUMYAG__ligand1273-0
185,XUMYAG__ligand955-0
186,XUMYAG__ligand38-0
187,XUMYAG__ligand252-0
188,XUMYAG__ligand193-0
189,XUMYAG__ligand40-0
190,XUMYAG__ligand830-0
191,XUMYAG__ligand1052-0
192,XUMYAG__ligand21-0
193,XUMYAG__ligand1502-0
194,XUMYAG__ligand909-0
195,XUMYAG__ligand1835-0
196,XUMYAG__ligand2345-0
197,XUMYAG__ligand2794-0
198,XUMYAG__ligand851-0
199,XUMYAG__ligand4983-0
200,XUMYAG__ligand9027-0
201,XUMYAG__ligand2265-0
202,XUMYAG__ligand1113-0
203,XUMYAG__ligand6396-0
204,XUMYAG__ligand177-0
205,XUMYAG__ligand934-0
206,XUMYAG__ligand783-0
207,XUMYAG__ligand352-0
208,XUMYAG__ligand1607-0
209,XUMYAG__ligand18-0
210,XUMYAG__ligand136-0
211,XUMYAG__ligand1152-0
212,XUMYAG__ligand442-0
213,XUMYAG__ligand1727-0
214,XUMYAG__ligand868-0
215,XUMYAG__ligand2907-0
216,XUMYAG__ligand112-0
217,XUMYAG__ligand2430-0
218,XUMYAG__ligand1703-0
219,XUMYAG__ligand1056-0
220,XUMYAG__ligand2320-0
221,XUMYAG__ligand2862-0
222,XUMYAG__ligand8921-0
223,XUMYAG__ligand1567-0
224,XUMYAG__ligand296-0
225,XUMYAG__ligand2285-0
226,XUMYAG__ligand197-0
227,XUMYAG__ligand1-0
228,XUMYAG__ligand2510-0
229,XUMYAG__ligand6294-0
230,XUMYAG__ligand1054-0
231,XUMYAG__ligand331-0
232,XUMYAG__ligand993-0
233,XUMYAG__ligand3-0
234,XUMYAG__ligand1598-0
235,XUMYAG__ligand4303-0
236,XUMYAG__ligand294-0
237,XUMYAG__ligand1248-0
238,XUMYAG__ligand916-0
239,XUMYAG__ligand584-0
240,XUMYAG__ligand7464-0
241,XUMYAG__ligand86-0
242,XUMYAG__ligand421-0
243,XUMYAG__ligand798-0
244,XUMYAG__ligand235-0
245,XUMYAG__ligand134-0
246,XUMYAG__ligand932-0
247,XUMYAG__ligand390-0
248,XUMYAG__ligand8774-0
249,XUMYAG__ligand109-0
250,XUMYAG__ligand62-0
251,XUMYAG__ligand3637-0
252,XUMYAG__ligand525-0
253,XUMYAG__ligand560-0
254,XUMYAG__ligand4-0
255,XUMYAG__ligand2629-0
256,XUMYAG__ligand682-0
257,XUMYAG__ligand4381-0
258,XUMYAG__ligand1706-0
259,XUMYAG__ligand11730-0
260,XUMYAG__ligand3734-0
261,XUMYAG__ligand1951-0
262,XUMYAG__ligand133-0
263,XUMYAG__ligand1687-0
264,XUMYAG__ligand6277-0
265,XUMYAG__ligand447-0
266,XUMYAG__ligand2768-0
267,XUMYAG__ligand1376-0
268,XUMYAG__ligand487-0
269,XUMYAG__ligand666-0
270,XUMYAG__ligand522-0
271,XUMYAG__ligand2688-0
272,XUMYAG__ligand2259-0
273,XUMYAG__ligand485-0
274,XUMYAG__ligand1459-0
275,XUMYAG__ligand784-0
276,XUMYAG__ligand355-0
277,XUMYAG__ligand1544-0
278,XUMYAG__ligand67-0
279,XUMYAG__ligand1685-0
280,XUMYAG__ligand1048-0
281,XUMYAG__ligand2087-0
282,XUMYAG__ligand3757-0
283,XUMYAG__ligand1171-0
284,XUMYAG__ligand115-0
285,XUMYAG__ligand1438-0
286,XUMYAG__ligand3063-0
287,XUMYAG__ligand291-0
288,XUMYAG__ligand6-0
289,XUMYAG__ligand5801-0
290,XUMYAG__ligand3246-0
291,XUMYAG__ligand210-0
292,XUMYAG__ligand1148-0
293,XUMYAG__ligand1479-0
294,XUMYAG__ligand1228-0
295,XUMYAG__ligand9244-0
296,XUMYAG__ligand314-0
297,XUMYAG__ligand481-0
298,XUMYAG__ligand391-0
299,XUMYAG__ligand1114-0
300,XUMYAG__ligand170-0
301,XUMYAG__ligand1538-0
302,XUMYAG__ligand2751-0
303,XUMYAG__ligand236-0
304,XUMYAG__ligand1542-0
305,XUMYAG__ligand2634-0
306,XUMYAG__ligand3041-0
307,XUMYAG__ligand353-0
308,XUMYAG__ligand3178-0
309,XUMYAG__ligand45-0
310,XUMYAG__ligand196-0
311,XUMYAG__ligand6332-0
312,XUMYAG__ligand502-0
313,XUMYAG__ligand6502-0
314,XUMYAG__ligand2098-0
315,XUMYAG__ligand2863-0
316,XUMYAG__ligand5548-0
317,XUMYAG__ligand7915-0
318,XUMYAG__ligand6686-0
319,XUMYAG__ligand422-0
320,XUMYAG__ligand1747-0
321,XUMYAG__ligand85-0
322,XUMYAG__ligand3145-0
323,XUMYAG__ligand113-0
324,XUMYAG__ligand78-0
