,TMC
0,SAFVIF__ligand7172-0
1,SAFVIF__ligand17240-0
2,SAFVIF__ligand7273-0
3,SAFVIF__ligand17590-0
4,SAFVIF__ligand9323-0
5,SAFVIF__ligand3225-0
6,SAFVIF__ligand1153-0
7,SAFVIF__ligand1116-0
8,SAFVIF__ligand7092-0
9,SAFVIF__ligand2260-0
10,SAFVIF__ligand12682-0
11,SAFVIF__ligand8612-0
12,SAFVIF__ligand18699-0
13,SAFVIF__ligand370-0
14,SAFVIF__ligand2124-0
15,SAFVIF__ligand6017-0
16,SAFVIF__ligand7316-0
17,SAFVIF__ligand5708-0
18,SAFVIF__ligand13072-0
19,SAFVIF__ligand12336-0
20,SAFVIF__ligand5180-0
21,SAFVIF__ligand250-0
22,SAFVIF__ligand10555-0
23,SAFVIF__ligand31483-0
24,SAFVIF__ligand4807-0
25,SAFVIF__ligand3178-0
26,SAFVIF__ligand69-0
27,SAFVIF__ligand5530-0
28,SAFVIF__ligand24613-0
29,SAFVIF__ligand1356-0
30,SAFVIF__ligand1787-0
31,SAFVIF__ligand9753-0
32,SAFVIF__ligand188-0
33,SAFVIF__ligand7196-0
34,SAFVIF__ligand19725-0
35,SAFVIF__ligand5159-0
36,SAFVIF__ligand8793-0
37,SAFVIF__ligand2788-0
38,SAFVIF__ligand5649-0
39,SAFVIF__ligand4649-0
40,SAFVIF__ligand370-1
41,SAFVIF__ligand620-0
42,SAFVIF__ligand21421-0
43,SAFVIF__ligand11-0
44,SAFVIF__ligand11774-0
45,SAFVIF__ligand14586-0
46,SAFVIF__ligand564-0
47,SAFVIF__ligand311-0
48,SAFVIF__ligand785-0
49,SAFVIF__ligand2906-0
50,SAFVIF__ligand479-0
51,SAFVIF__ligand11568-0
52,SAFVIF__ligand4711-0
53,SAFVIF__ligand3244-0
54,SAFVIF__ligand17710-0
55,SAFVIF__ligand20579-0
56,SAFVIF__ligand26277-0
57,SAFVIF__ligand29898-0
58,SAFVIF__ligand22755-0
59,SAFVIF__ligand10432-0
60,SAFVIF__ligand31618-0
61,SAFVIF__ligand11432-0
62,SAFVIF__ligand909-0
63,SAFVIF__ligand1289-0
64,SAFVIF__ligand2203-0
65,SAFVIF__ligand5387-0
66,SAFVIF__ligand2612-0
67,SAFVIF__ligand24064-0
68,SAFVIF__ligand23589-0
69,SAFVIF__ligand1599-0
70,SAFVIF__ligand9450-0
71,SAFVIF__ligand177-0
72,SAFVIF__ligand15168-0
73,SAFVIF__ligand28924-0
74,SAFVIF__ligand15438-0
75,SAFVIF__ligand1604-0
76,SAFVIF__ligand9943-0
77,SAFVIF__ligand1228-0
78,SAFVIF__ligand2043-0
79,SAFVIF__ligand252-0
80,SAFVIF__ligand29087-0
81,SAFVIF__ligand18703-0
82,SAFVIF__ligand8788-0
83,SAFVIF__ligand1832-0
84,SAFVIF__ligand116-0
85,SAFVIF__ligand17945-0
86,SAFVIF__ligand25224-0
87,SAFVIF__ligand18013-0
88,SAFVIF__ligand2417-0
89,SAFVIF__ligand17207-0
90,SAFVIF__ligand31578-0
91,SAFVIF__ligand193-0
92,SAFVIF__ligand24750-0
93,SAFVIF__ligand3126-0
94,SAFVIF__ligand6391-0
95,SAFVIF__ligand372-0
96,SAFVIF__ligand9284-0
97,SAFVIF__ligand1114-0
98,SAFVIF__ligand830-0
99,SAFVIF__ligand25575-0
100,SAFVIF__ligand21787-0
101,SAFVIF__ligand6699-0
102,SAFVIF__ligand25689-0
103,SAFVIF__ligand3632-0
104,SAFVIF__ligand3677-0
105,SAFVIF__ligand1168-0
106,SAFVIF__ligand12295-0
107,SAFVIF__ligand27835-0
108,SAFVIF__ligand1294-0
109,SAFVIF__ligand23906-0
110,SAFVIF__ligand6892-0
111,SAFVIF__ligand21132-0
112,SAFVIF__ligand1211-0
113,SAFVIF__ligand11166-0
114,SAFVIF__ligand30539-0
115,SAFVIF__ligand197-0
116,SAFVIF__ligand1464-0
117,SAFVIF__ligand3712-0
118,SAFVIF__ligand1499-0
119,SAFVIF__ligand2881-0
120,SAFVIF__ligand3945-0
121,SAFVIF__ligand352-0
122,SAFVIF__ligand783-0
123,SAFVIF__ligand12519-0
124,SAFVIF__ligand25735-0
125,SAFVIF__ligand11206-0
126,SAFVIF__ligand23124-0
127,SAFVIF__ligand5383-0
128,SAFVIF__ligand2693-0
129,SAFVIF__ligand9344-0
130,SAFVIF__ligand3736-0
131,SAFVIF__ligand17-0
132,SAFVIF__ligand8000-0
133,SAFVIF__ligand31248-0
134,SAFVIF__ligand7291-0
135,SAFVIF__ligand25650-0
136,SAFVIF__ligand9883-0
137,SAFVIF__ligand3677-1
138,SAFVIF__ligand2985-0
139,SAFVIF__ligand4007-0
140,SAFVIF__ligand868-0
141,SAFVIF__ligand12660-0
142,SAFVIF__ligand13209-0
143,SAFVIF__ligand9299-0
144,SAFVIF__ligand19257-0
145,SAFVIF__ligand134-0
146,SAFVIF__ligand2822-0
147,SAFVIF__ligand18465-0
148,SAFVIF__ligand7293-0
149,SAFVIF__ligand1317-0
150,SAFVIF__ligand235-0
151,SAFVIF__ligand3867-0
152,SAFVIF__ligand18799-0
153,SAFVIF__ligand9167-0
154,SAFVIF__ligand16791-0
155,SAFVIF__ligand5304-0
156,SAFVIF__ligand2238-0
157,SAFVIF__ligand28668-0
158,SAFVIF__ligand29610-0
159,SAFVIF__ligand7762-0
160,SAFVIF__ligand5080-0
161,SAFVIF__ligand11140-0
162,SAFVIF__ligand5509-0
163,SAFVIF__ligand8002-0
164,SAFVIF__ligand1407-0
165,SAFVIF__ligand560-0
166,SAFVIF__ligand6117-0
167,SAFVIF__ligand29863-0
168,SAFVIF__ligand13869-0
169,SAFVIF__ligand18074-0
170,SAFVIF__ligand13257-0
171,SAFVIF__ligand4358-0
172,SAFVIF__ligand3120-0
173,SAFVIF__ligand3926-0
174,SAFVIF__ligand21936-0
175,SAFVIF__ligand23904-0
176,SAFVIF__ligand2221-0
177,SAFVIF__ligand294-0
178,SAFVIF__ligand4101-0
179,SAFVIF__ligand89-0
180,SAFVIF__ligand5595-0
181,SAFVIF__ligand25267-0
182,SAFVIF__ligand10084-0
183,SAFVIF__ligand12467-0
184,SAFVIF__ligand9773-0
185,SAFVIF__ligand49-0
186,SAFVIF__ligand5510-0
187,SAFVIF__ligand685-0
188,SAFVIF__ligand1376-0
189,SAFVIF__ligand14523-0
190,SAFVIF__ligand4-0
191,SAFVIF__ligand27169-0
192,SAFVIF__ligand18391-0
193,SAFVIF__ligand27074-0
194,SAFVIF__ligand1296-0
195,SAFVIF__ligand2259-0
196,SAFVIF__ligand25805-0
197,SAFVIF__ligand22981-0
198,SAFVIF__ligand421-0
199,SAFVIF__ligand1197-0
200,SAFVIF__ligand5099-0
201,SAFVIF__ligand20599-0
202,SAFVIF__ligand8592-0
203,SAFVIF__ligand23769-0
204,SAFVIF__ligand1779-0
205,SAFVIF__ligand24185-0
206,SAFVIF__ligand1817-0
207,SAFVIF__ligand6993-0
208,SAFVIF__ligand176-0
209,SAFVIF__ligand9750-0
210,SAFVIF__ligand25178-0
211,SAFVIF__ligand7075-0
212,SAFVIF__ligand447-0
213,SAFVIF__ligand17302-0
214,SAFVIF__ligand3557-0
215,SAFVIF__ligand746-0
216,SAFVIF__ligand3980-0
217,SAFVIF__ligand1149-0
218,SAFVIF__ligand17805-0
219,SAFVIF__ligand17387-0
220,SAFVIF__ligand12130-0
221,SAFVIF__ligand1288-0
222,SAFVIF__ligand487-0
223,SAFVIF__ligand13658-0
224,SAFVIF__ligand26702-0
225,SAFVIF__ligand12289-0
226,SAFVIF__ligand18292-0
227,SAFVIF__ligand12231-0
228,SAFVIF__ligand24145-0
229,SAFVIF__ligand4266-0
230,SAFVIF__ligand1400-0
231,SAFVIF__ligand57-0
232,SAFVIF__ligand15585-0
233,SAFVIF__ligand12401-0
234,SAFVIF__ligand9491-0
235,SAFVIF__ligand19830-0
236,SAFVIF__ligand13068-0
237,SAFVIF__ligand4167-0
238,SAFVIF__ligand10476-0
239,SAFVIF__ligand1539-0
240,SAFVIF__ligand1150-0
241,SAFVIF__ligand27763-0
242,SAFVIF__ligand10262-0
243,SAFVIF__ligand28676-0
244,SAFVIF__ligand19057-0
245,SAFVIF__ligand3416-0
246,SAFVIF__ligand3453-0
247,SAFVIF__ligand18814-0
248,SAFVIF__ligand29302-0
249,SAFVIF__ligand13425-0
250,SAFVIF__ligand506-0
251,SAFVIF__ligand4207-0
252,SAFVIF__ligand14108-0
253,SAFVIF__ligand3042-0
254,SAFVIF__ligand152-0
255,SAFVIF__ligand3-0
256,SAFVIF__ligand8200-0
257,SAFVIF__ligand7438-0
258,SAFVIF__ligand12641-0
259,SAFVIF__ligand4063-0
260,SAFVIF__ligand10958-0
261,SAFVIF__ligand17281-0
262,SAFVIF__ligand1-0
263,SAFVIF__ligand5614-0
264,SAFVIF__ligand5280-0
265,SAFVIF__ligand30296-0
266,SAFVIF__ligand115-0
267,SAFVIF__ligand1831-0
268,SAFVIF__ligand29410-0
269,SAFVIF__ligand12337-0
270,SAFVIF__ligand5515-0
271,SAFVIF__ligand6663-0
272,SAFVIF__ligand26540-0
273,SAFVIF__ligand30333-0
274,SAFVIF__ligand12606-0
275,SAFVIF__ligand5019-0
276,SAFVIF__ligand833-0
277,SAFVIF__ligand3261-0
278,SAFVIF__ligand1152-0
279,SAFVIF__ligand1216-0
280,SAFVIF__ligand27460-0
281,SAFVIF__ligand28468-0
282,SAFVIF__ligand20740-0
283,SAFVIF__ligand12427-0
284,SAFVIF__ligand34-0
285,SAFVIF__ligand16628-0
286,SAFVIF__ligand1849-0
287,SAFVIF__ligand3144-0
288,SAFVIF__ligand784-0
289,SAFVIF__ligand5085-0
290,SAFVIF__ligand27893-0
291,SAFVIF__ligand14723-0
292,SAFVIF__ligand19641-0
293,SAFVIF__ligand4710-0
294,SAFVIF__ligand5755-0
295,SAFVIF__ligand15422-0
296,SAFVIF__ligand20578-0
297,SAFVIF__ligand12934-0
298,SAFVIF__ligand1828-0
299,SAFVIF__ligand1397-0
300,SAFVIF__ligand23713-0
301,SAFVIF__ligand18832-0
302,SAFVIF__ligand27175-0
303,SAFVIF__ligand7213-0
304,SAFVIF__ligand55-0
305,SAFVIF__ligand8042-0
306,SAFVIF__ligand30988-0
307,SAFVIF__ligand6112-0
308,SAFVIF__ligand17258-0
309,SAFVIF__ligand68-0
310,SAFVIF__ligand1786-0
311,SAFVIF__ligand14297-0
312,SAFVIF__ligand14603-0
313,SAFVIF__ligand5630-0
314,SAFVIF__ligand26665-0
315,SAFVIF__ligand13012-0
316,SAFVIF__ligand17631-0
317,SAFVIF__ligand1908-0
318,SAFVIF__ligand395-0
319,SAFVIF__ligand368-0
320,SAFVIF__ligand3285-0
321,SAFVIF__ligand4795-0
322,SAFVIF__ligand31783-0
323,SAFVIF__ligand51-0
324,SAFVIF__ligand17261-0
325,SAFVIF__ligand14117-0
326,SAFVIF__ligand4124-0
327,SAFVIF__ligand4161-0
328,SAFVIF__ligand3471-0
329,SAFVIF__ligand813-0
330,SAFVIF__ligand20251-0
331,SAFVIF__ligand20214-0
332,SAFVIF__ligand30702-0
333,SAFVIF__ligand20539-0
334,SAFVIF__ligand31097-0
335,SAFVIF__ligand21581-0
336,SAFVIF__ligand780-0
337,SAFVIF__ligand314-0
338,SAFVIF__ligand5415-0
339,SAFVIF__ligand2281-0
340,SAFVIF__ligand2650-0
341,SAFVIF__ligand4340-0
342,SAFVIF__ligand29568-0
343,SAFVIF__ligand30851-0
344,SAFVIF__ligand391-0
345,SAFVIF__ligand3180-0
346,SAFVIF__ligand14889-0
347,SAFVIF__ligand17118-0
348,SAFVIF__ligand6995-0
349,SAFVIF__ligand21371-0
350,SAFVIF__ligand618-0
351,SAFVIF__ligand91-0
352,SAFVIF__ligand20419-0
353,SAFVIF__ligand2823-0
354,SAFVIF__ligand28789-0
355,SAFVIF__ligand17398-0
356,SAFVIF__ligand10589-0
357,SAFVIF__ligand22557-0
358,SAFVIF__ligand465-0
359,SAFVIF__ligand24047-0
360,SAFVIF__ligand11675-0
361,SAFVIF__ligand9944-0
362,SAFVIF__ligand8593-0
363,SAFVIF__ligand20598-0
364,SAFVIF__ligand29414-0
365,SAFVIF__ligand17982-0
366,SAFVIF__ligand17278-0
367,SAFVIF__ligand20011-0
368,SAFVIF__ligand2001-0
369,SAFVIF__ligand48-0
370,SAFVIF__ligand7566-0
371,SAFVIF__ligand314-1
372,SAFVIF__ligand5201-0
373,SAFVIF__ligand20251-1
374,SAFVIF__ligand14703-0
375,SAFVIF__ligand16475-0
376,SAFVIF__ligand8553-0
377,SAFVIF__ligand1113-0
378,SAFVIF__ligand10712-0
379,SAFVIF__ligand32-0
380,SAFVIF__ligand14174-0
381,SAFVIF__ligand196-0
382,SAFVIF__ligand11456-0
383,SAFVIF__ligand1498-0
384,SAFVIF__ligand4596-0
385,SAFVIF__ligand1154-0
386,SAFVIF__ligand25411-0
387,SAFVIF__ligand9615-0
388,SAFVIF__ligand422-0
389,SAFVIF__ligand1169-0
390,SAFVIF__ligand13294-0
391,SAFVIF__ligand8529-0
392,SAFVIF__ligand31832-0
393,SAFVIF__ligand29879-0
394,SAFVIF__ligand14248-0
395,SAFVIF__ligand12030-0
396,SAFVIF__ligand686-0
397,SAFVIF__ligand13331-0
398,SAFVIF__ligand28884-0
399,SAFVIF__ligand27482-0
400,SAFVIF__ligand393-0
401,SAFVIF__ligand26810-0
402,SAFVIF__ligand13208-0
403,SAFVIF__ligand2027-0
404,SAFVIF__ligand1050-0
405,SAFVIF__ligand1015-0
406,SAFVIF__ligand1028-0
407,SAFVIF__ligand13390-0
408,SAFVIF__ligand4262-0
409,SAFVIF__ligand16-0
410,SAFVIF__ligand353-0
411,SAFVIF__ligand1618-0
412,SAFVIF__ligand2692-0
413,SAFVIF__ligand20682-0
414,SAFVIF__ligand25561-0
415,SAFVIF__ligand8349-0
416,SAFVIF__ligand8464-0
417,SAFVIF__ligand1709-0
418,SAFVIF__ligand693-0
419,SAFVIF__ligand11949-0
420,SAFVIF__ligand22129-0
421,SAFVIF__ligand24780-0
422,SAFVIF__ligand12138-0
423,SAFVIF__ligand2527-0
424,SAFVIF__ligand5849-0
425,SAFVIF__ligand17427-0
426,SAFVIF__ligand3392-0
427,SAFVIF__ligand31694-0
428,SAFVIF__ligand29486-0
429,SAFVIF__ligand4911-0
430,SAFVIF__ligand1771-0
431,SAFVIF__ligand11587-0
432,SAFVIF__ligand13220-0
433,SAFVIF__ligand3157-0
434,SAFVIF__ligand9525-0
435,SAFVIF__ligand17396-0
436,SAFVIF__ligand15788-0
437,SAFVIF__ligand23175-0
438,SAFVIF__ligand1165-0
439,SAFVIF__ligand5935-0
440,SAFVIF__ligand14569-0
441,SAFVIF__ligand13385-0
442,SAFVIF__ligand2722-0
443,SAFVIF__ligand22444-0
444,SAFVIF__ligand24111-0
445,SAFVIF__ligand1379-0
446,SAFVIF__ligand10033-0
447,SAFVIF__ligand1469-0
448,SAFVIF__ligand3871-0
449,SAFVIF__ligand24644-0
450,SAFVIF__ligand12001-0
451,SAFVIF__ligand1768-0
452,SAFVIF__ligand122-0
453,SAFVIF__ligand4850-0
454,SAFVIF__ligand757-0
455,SAFVIF__ligand27840-0
456,SAFVIF__ligand5056-0
457,SAFVIF__ligand30728-0
458,SAFVIF__ligand3647-0
459,SAFVIF__ligand24872-0
460,SAFVIF__ligand5357-0
461,SAFVIF__ligand1688-0
462,SAFVIF__ligand1496-0
463,SAFVIF__ligand16148-0
464,SAFVIF__ligand26631-0
465,SAFVIF__ligand7557-0
466,SAFVIF__ligand12003-0
467,SAFVIF__ligand10872-0
468,SAFVIF__ligand21399-0
469,SAFVIF__ligand29215-0
470,SAFVIF__ligand1533-0
471,SAFVIF__ligand384-0
472,SAFVIF__ligand27754-0
473,SAFVIF__ligand20695-0
474,SAFVIF__ligand768-0
475,SAFVIF__ligand5892-0
476,SAFVIF__ligand5094-0
477,SAFVIF__ligand16369-0
478,SAFVIF__ligand11111-0
479,SAFVIF__ligand28540-0
480,SAFVIF__ligand22403-0
481,SAFVIF__ligand1712-0
482,SAFVIF__ligand4131-0
483,SAFVIF__ligand11618-0
484,SAFVIF__ligand9197-0
485,SAFVIF__ligand1900-0
486,SAFVIF__ligand4581-0
487,SAFVIF__ligand1773-0
488,SAFVIF__ligand2328-0
489,SAFVIF__ligand7162-0
490,SAFVIF__ligand3029-0
491,SAFVIF__ligand26529-0
492,SAFVIF__ligand27239-0
493,SAFVIF__ligand8722-0
494,SAFVIF__ligand21729-0
495,SAFVIF__ligand240-0
496,SAFVIF__ligand1327-0
497,SAFVIF__ligand6672-0
498,SAFVIF__ligand9809-0
499,SAFVIF__ligand18-0
500,SAFVIF__ligand141-0
501,SAFVIF__ligand3350-0
502,SAFVIF__ligand2781-0
503,SAFVIF__ligand7573-0
504,SAFVIF__ligand19927-0
505,SAFVIF__ligand2208-0
506,SAFVIF__ligand3208-0
507,SAFVIF__ligand26324-0
508,SAFVIF__ligand28559-0
509,SAFVIF__ligand14043-0
510,SAFVIF__ligand7925-0
511,SAFVIF__ligand185-0
512,SAFVIF__ligand13477-0
513,SAFVIF__ligand14167-0
514,SAFVIF__ligand279-0
515,SAFVIF__ligand2068-0
516,SAFVIF__ligand30142-0
517,SAFVIF__ligand178-0
518,SAFVIF__ligand27669-0
519,SAFVIF__ligand1147-0
520,SAFVIF__ligand3973-0
521,SAFVIF__ligand321-0
522,SAFVIF__ligand4330-0
523,SAFVIF__ligand23197-0
524,SAFVIF__ligand2599-0
525,SAFVIF__ligand29029-0
526,SAFVIF__ligand7532-0
527,SAFVIF__ligand27285-0
528,SAFVIF__ligand4194-0
529,SAFVIF__ligand201-0
530,SAFVIF__ligand13672-0
531,SAFVIF__ligand4738-0
532,SAFVIF__ligand4813-0
533,SAFVIF__ligand5813-0
534,SAFVIF__ligand28685-0
535,SAFVIF__ligand18568-0
536,SAFVIF__ligand338-0
537,SAFVIF__ligand6062-0
538,SAFVIF__ligand6283-0
539,SAFVIF__ligand38-0
540,SAFVIF__ligand10371-0
541,SAFVIF__ligand18448-0
542,SAFVIF__ligand12453-0
543,SAFVIF__ligand28459-0
544,SAFVIF__ligand7107-0
545,SAFVIF__ligand19184-0
546,SAFVIF__ligand3215-0
547,SAFVIF__ligand25913-0
548,SAFVIF__ligand1415-0
549,SAFVIF__ligand6946-0
550,SAFVIF__ligand16988-0
551,SAFVIF__ligand42-0
552,SAFVIF__ligand7529-0
553,SAFVIF__ligand11682-0
554,SAFVIF__ligand20207-0
555,SAFVIF__ligand30711-0
556,SAFVIF__ligand845-0
557,SAFVIF__ligand9148-0
558,SAFVIF__ligand24035-0
559,SAFVIF__ligand5316-0
560,SAFVIF__ligand31842-0
561,SAFVIF__ligand31044-0
562,SAFVIF__ligand5483-0
563,SAFVIF__ligand11994-0
564,SAFVIF__ligand16663-0
565,SAFVIF__ligand1729-0
566,SAFVIF__ligand163-0
567,SAFVIF__ligand126-0
568,SAFVIF__ligand5627-0
569,SAFVIF__ligand14614-0
570,SAFVIF__ligand2830-0
571,SAFVIF__ligand28930-0
572,SAFVIF__ligand22168-0
573,SAFVIF__ligand9681-0
574,SAFVIF__ligand777-0
575,SAFVIF__ligand22294-0
576,SAFVIF__ligand21919-0
577,SAFVIF__ligand4332-0
578,SAFVIF__ligand3012-0
579,SAFVIF__ligand10056-0
580,SAFVIF__ligand12365-0
581,SAFVIF__ligand1449-0
582,SAFVIF__ligand596-0
583,SAFVIF__ligand1065-0
584,SAFVIF__ligand941-0
585,SAFVIF__ligand7530-0
586,SAFVIF__ligand15531-0
587,SAFVIF__ligand28743-0
588,SAFVIF__ligand11357-0
589,SAFVIF__ligand13862-0
590,SAFVIF__ligand11447-0
591,SAFVIF__ligand11096-0
592,SAFVIF__ligand28810-0
593,SAFVIF__ligand2403-0
594,SAFVIF__ligand657-0
595,SAFVIF__ligand24230-0
596,SAFVIF__ligand15926-0
597,SAFVIF__ligand66-0
598,SAFVIF__ligand10828-0
599,SAFVIF__ligand187-0
600,SAFVIF__ligand19792-0
601,SAFVIF__ligand3934-0
602,SAFVIF__ligand366-0
603,SAFVIF__ligand11970-0
604,SAFVIF__ligand6455-0
605,SAFVIF__ligand6882-0
606,SAFVIF__ligand15883-0
607,SAFVIF__ligand29334-0
608,SAFVIF__ligand45-0
609,SAFVIF__ligand12413-0
610,SAFVIF__ligand20731-0
611,SAFVIF__ligand3721-0
612,SAFVIF__ligand6904-0
613,SAFVIF__ligand6596-0
614,SAFVIF__ligand6102-0
615,SAFVIF__ligand588-0
616,SAFVIF__ligand8-0
617,SAFVIF__ligand11798-0
618,SAFVIF__ligand3465-0
619,SAFVIF__ligand17069-0
620,SAFVIF__ligand14477-0
621,SAFVIF__ligand2917-0
622,SAFVIF__ligand300-0
623,SAFVIF__ligand17445-0
624,SAFVIF__ligand7819-0
625,SAFVIF__ligand29214-0
626,SAFVIF__ligand1577-0
627,SAFVIF__ligand6067-0
628,SAFVIF__ligand2295-0
629,SAFVIF__ligand11544-0
630,SAFVIF__ligand11501-0
631,SAFVIF__ligand4620-0
632,SAFVIF__ligand21448-0
633,SAFVIF__ligand11758-0
634,SAFVIF__ligand22357-0
635,SAFVIF__ligand78-0
636,SAFVIF__ligand199-0
637,SAFVIF__ligand18019-1
638,SAFVIF__ligand14007-0
639,SAFVIF__ligand19-0
640,SAFVIF__ligand27550-0
641,SAFVIF__ligand4641-0
642,SAFVIF__ligand16956-0
643,SAFVIF__ligand21339-0
644,SAFVIF__ligand14226-0
645,SAFVIF__ligand20942-1
646,SAFVIF__ligand7126-0
647,SAFVIF__ligand2028-0
648,SAFVIF__ligand24-0
649,SAFVIF__ligand8835-0
650,SAFVIF__ligand409-0
651,SAFVIF__ligand29565-0
652,SAFVIF__ligand361-0
653,SAFVIF__ligand324-0
654,SAFVIF__ligand23682-0
655,SAFVIF__ligand18158-0
656,SAFVIF__ligand27771-0
657,SAFVIF__ligand1142-0
658,SAFVIF__ligand3234-0
659,SAFVIF__ligand7967-0
660,SAFVIF__ligand3707-0
661,SAFVIF__ligand6124-0
662,SAFVIF__ligand21752-0
663,SAFVIF__ligand1018-0
664,SAFVIF__ligand4116-0
665,SAFVIF__ligand14339-0
666,SAFVIF__ligand8992-0
667,SAFVIF__ligand326-0
668,SAFVIF__ligand13691-0
669,SAFVIF__ligand9601-0
670,SAFVIF__ligand30788-0
671,SAFVIF__ligand9952-0
672,SAFVIF__ligand9111-0
673,SAFVIF__ligand436-0
674,SAFVIF__ligand1615-0
675,SAFVIF__ligand2526-0
676,SAFVIF__ligand5036-0
677,SAFVIF__ligand1823-0
678,SAFVIF__ligand24560-0
679,SAFVIF__ligand18757-0
680,SAFVIF__ligand5643-0
681,SAFVIF__ligand1324-0
682,SAFVIF__ligand24624-0
683,SAFVIF__ligand692-0
684,SAFVIF__ligand20844-0
685,SAFVIF__ligand18413-0
686,SAFVIF__ligand8721-0
687,SAFVIF__ligand1631-0
688,SAFVIF__ligand20557-0
689,SAFVIF__ligand30004-0
690,SAFVIF__ligand1530-0
691,SAFVIF__ligand1575-0
692,SAFVIF__ligand9933-0
693,SAFVIF__ligand9441-0
694,SAFVIF__ligand2332-0
695,SAFVIF__ligand20432-0
696,SAFVIF__ligand27122-0
697,SAFVIF__ligand633-0
698,SAFVIF__ligand6244-0
699,SAFVIF__ligand13755-0
700,SAFVIF__ligand16133-0
701,SAFVIF__ligand23445-0
702,SAFVIF__ligand24953-0
703,SAFVIF__ligand1378-0
704,SAFVIF__ligand25048-0
705,SAFVIF__ligand2915-0
706,SAFVIF__ligand3156-0
707,SAFVIF__ligand21940-0
708,SAFVIF__ligand497-0
709,SAFVIF__ligand7238-0
710,SAFVIF__ligand26673-0
711,SAFVIF__ligand162-0
712,SAFVIF__ligand226-0
713,SAFVIF__ligand1790-0
714,SAFVIF__ligand1304-0
715,SAFVIF__ligand7280-0
716,SAFVIF__ligand20821-0
717,SAFVIF__ligand416-0
718,SAFVIF__ligand7867-0
719,SAFVIF__ligand1219-0
720,SAFVIF__ligand11606-0
721,SAFVIF__ligand6709-0
722,SAFVIF__ligand383-0
723,SAFVIF__ligand31000-0
724,SAFVIF__ligand4016-0
725,SAFVIF__ligand11252-0
726,SAFVIF__ligand9520-0
727,SAFVIF__ligand8699-0
728,SAFVIF__ligand1160-0
729,SAFVIF__ligand13260-0
730,SAFVIF__ligand10582-0
731,SAFVIF__ligand4442-0
732,SAFVIF__ligand4093-0
733,SAFVIF__ligand3954-0
734,SAFVIF__ligand1451-0
735,SAFVIF__ligand4272-0
736,SAFVIF__ligand7629-0
737,SAFVIF__ligand43-0
738,SAFVIF__ligand18067-0
739,SAFVIF__ligand19824-0
740,SAFVIF__ligand9784-0
741,SAFVIF__ligand2176-0
742,SAFVIF__ligand11177-0
743,SAFVIF__ligand9291-0
744,SAFVIF__ligand2232-0
745,SAFVIF__ligand15455-0
746,SAFVIF__ligand4157-0
747,SAFVIF__ligand656-0
748,SAFVIF__ligand9833-0
749,SAFVIF__ligand2828-0
750,SAFVIF__ligand67-0
751,SAFVIF__ligand8876-0
752,SAFVIF__ligand7648-0
753,SAFVIF__ligand25658-0
754,SAFVIF__ligand17686-0
755,SAFVIF__ligand5256-0
756,SAFVIF__ligand31205-0
757,SAFVIF__ligand4503-0
758,SAFVIF__ligand4546-0
759,SAFVIF__ligand696-0
760,SAFVIF__ligand11814-0
761,SAFVIF__ligand16603-0
762,SAFVIF__ligand16870-0
763,SAFVIF__ligand1285-0
764,SAFVIF__ligand8115-0
765,SAFVIF__ligand6768-0
766,SAFVIF__ligand11622-0
767,SAFVIF__ligand1982-0
768,SAFVIF__ligand7000-0
769,SAFVIF__ligand11479-0
770,SAFVIF__ligand10479-0
771,SAFVIF__ligand27610-0
772,SAFVIF__ligand10853-0
773,SAFVIF__ligand29441-0
774,SAFVIF__ligand6919-0
775,SAFVIF__ligand3852-0
776,SAFVIF__ligand694-0
777,SAFVIF__ligand2485-0
778,SAFVIF__ligand1512-0
779,SAFVIF__ligand24851-0
780,SAFVIF__ligand430-0
781,SAFVIF__ligand5331-0
782,SAFVIF__ligand358-0
783,SAFVIF__ligand3565-0
784,SAFVIF__ligand11698-0
785,SAFVIF__ligand20530-0
786,SAFVIF__ligand14302-0
787,SAFVIF__ligand14347-0
788,SAFVIF__ligand13657-0
789,SAFVIF__ligand488-0
790,SAFVIF__ligand20220-0
791,SAFVIF__ligand4720-0
792,SAFVIF__ligand6839-0
793,SAFVIF__ligand15387-0
794,SAFVIF__ligand8969-0
795,SAFVIF__ligand20121-0
796,SAFVIF__ligand3174-0
797,SAFVIF__ligand1202-0
798,SAFVIF__ligand3937-0
799,SAFVIF__ligand3131-0
800,SAFVIF__ligand5211-0
801,SAFVIF__ligand3094-0
802,SAFVIF__ligand4155-0
803,SAFVIF__ligand16952-0
804,SAFVIF__ligand29813-0
805,SAFVIF__ligand1263-0
806,SAFVIF__ligand9908-0
807,SAFVIF__ligand10151-0
808,SAFVIF__ligand7242-0
809,SAFVIF__ligand670-0
810,SAFVIF__ligand7106-0
811,SAFVIF__ligand534-0
812,SAFVIF__ligand571-0
813,SAFVIF__ligand3876-0
814,SAFVIF__ligand1343-0
815,SAFVIF__ligand3035-0
816,SAFVIF__ligand6616-0
817,SAFVIF__ligand22353-0
818,SAFVIF__ligand3718-0
819,SAFVIF__ligand1844-0
820,SAFVIF__ligand4661-0
821,SAFVIF__ligand19668-0
822,SAFVIF__ligand1959-0
823,SAFVIF__ligand19906-0
824,SAFVIF__ligand3504-0
825,SAFVIF__ligand9935-0
826,SAFVIF__ligand1536-0
827,SAFVIF__ligand1573-0
