,TMC
0,JEWPOR__ligand14043-0
1,JEWPOR__ligand5530-0
2,JEWPOR__ligand1356-0
3,JEWPOR__ligand1787-0
4,JEWPOR__ligand9753-0
5,JEWPOR__ligand16-0
6,JEWPOR__ligand28559-0
7,JEWPOR__ligand26324-0
8,JEWPOR__ligand7196-0
9,JEWPOR__ligand19927-0
10,JEWPOR__ligand5159-0
11,JEWPOR__ligand152-0
12,JEWPOR__ligand4807-0
13,JEWPOR__ligand3178-0
14,JEWPOR__ligand21729-0
15,JEWPOR__ligand27239-0
16,JEWPOR__ligand506-0
17,JEWPOR__ligand26529-0
18,JEWPOR__ligand2906-0
19,JEWPOR__ligand4711-0
20,JEWPOR__ligand3244-0
21,JEWPOR__ligand8793-0
22,JEWPOR__ligand2788-0
23,JEWPOR__ligand5649-0
24,JEWPOR__ligand4649-0
25,JEWPOR__ligand11618-0
26,JEWPOR__ligand1153-0
27,JEWPOR__ligand3225-0
28,JEWPOR__ligand1116-0
29,JEWPOR__ligand7092-0
30,JEWPOR__ligand2260-0
31,JEWPOR__ligand8612-0
32,JEWPOR__ligand22403-0
33,JEWPOR__ligand2124-0
34,JEWPOR__ligand28540-0
35,JEWPOR__ligand11111-0
36,JEWPOR__ligand7172-0
37,JEWPOR__ligand16369-0
38,JEWPOR__ligand487-0
39,JEWPOR__ligand7273-0
40,JEWPOR__ligand20695-0
41,JEWPOR__ligand27754-0
42,JEWPOR__ligand9323-0
43,JEWPOR__ligand746-0
44,JEWPOR__ligand32-0
45,JEWPOR__ligand5180-0
46,JEWPOR__ligand29215-0
47,JEWPOR__ligand447-0
48,JEWPOR__ligand21399-0
49,JEWPOR__ligand6017-0
50,JEWPOR__ligand10872-0
51,JEWPOR__ligand7316-0
52,JEWPOR__ligand12003-0
53,JEWPOR__ligand176-0
54,JEWPOR__ligand16148-0
55,JEWPOR__ligand26631-0
56,JEWPOR__ligand5708-0
57,JEWPOR__ligand2043-0
58,JEWPOR__ligand368-0
59,JEWPOR__ligand24872-0
60,JEWPOR__ligand8788-0
61,JEWPOR__ligand395-0
62,JEWPOR__ligand30728-0
63,JEWPOR__ligand1832-0
64,JEWPOR__ligand27840-0
65,JEWPOR__ligand12001-0
66,JEWPOR__ligand1604-0
67,JEWPOR__ligand9943-0
68,JEWPOR__ligand1228-0
69,JEWPOR__ligand24644-0
70,JEWPOR__ligand10033-0
71,JEWPOR__ligand3126-0
72,JEWPOR__ligand6391-0
73,JEWPOR__ligand24111-0
74,JEWPOR__ligand22444-0
75,JEWPOR__ligand9284-0
76,JEWPOR__ligand1114-0
77,JEWPOR__ligand13385-0
78,JEWPOR__ligand14569-0
79,JEWPOR__ligand23175-0
80,JEWPOR__ligand15788-0
81,JEWPOR__ligand17396-0
82,JEWPOR__ligand2417-0
83,JEWPOR__ligand48-0
84,JEWPOR__ligand784-0
85,JEWPOR__ligand13220-0
86,JEWPOR__ligand11587-0
87,JEWPOR__ligand1289-0
88,JEWPOR__ligand2203-0
89,JEWPOR__ligand29486-0
90,JEWPOR__ligand5387-0
91,JEWPOR__ligand31694-0
92,JEWPOR__ligand17427-0
93,JEWPOR__ligand833-0
94,JEWPOR__ligand91-0
95,JEWPOR__ligand12138-0
96,JEWPOR__ligand9450-0
97,JEWPOR__ligand24780-0
98,JEWPOR__ligand22129-0
99,JEWPOR__ligand51-0
100,JEWPOR__ligand11949-0
101,JEWPOR__ligand2612-0
102,JEWPOR__ligand115-0
103,JEWPOR__ligand1599-0
104,JEWPOR__ligand25561-0
105,JEWPOR__ligand15883-0
106,JEWPOR__ligand9344-0
107,JEWPOR__ligand68-0
108,JEWPOR__ligand3736-0
109,JEWPOR__ligand11970-0
110,JEWPOR__ligand8000-0
111,JEWPOR__ligand19792-0
112,JEWPOR__ligand10828-0
113,JEWPOR__ligand3945-0
114,JEWPOR__ligand15926-0
115,JEWPOR__ligand24230-0
116,JEWPOR__ligand314-1
117,JEWPOR__ligand28810-0
118,JEWPOR__ligand11096-0
119,JEWPOR__ligand11447-0
120,JEWPOR__ligand2693-0
121,JEWPOR__ligand5383-0
122,JEWPOR__ligand2985-0
123,JEWPOR__ligand11357-0
124,JEWPOR__ligand13862-0
125,JEWPOR__ligand15531-0
126,JEWPOR__ligand4007-0
127,JEWPOR__ligand28743-0
128,JEWPOR__ligand9299-0
129,JEWPOR__ligand10056-0
130,JEWPOR__ligand12365-0
131,JEWPOR__ligand55-0
132,JEWPOR__ligand1-0
133,JEWPOR__ligand21919-0
134,JEWPOR__ligand7291-0
135,JEWPOR__ligand465-0
136,JEWPOR__ligand22294-0
137,JEWPOR__ligand9883-0
138,JEWPOR__ligand3677-1
139,JEWPOR__ligand28930-0
140,JEWPOR__ligand22168-0
141,JEWPOR__ligand14614-0
142,JEWPOR__ligand3632-0
143,JEWPOR__ligand3677-0
144,JEWPOR__ligand618-0
145,JEWPOR__ligand1168-0
146,JEWPOR__ligand16663-0
147,JEWPOR__ligand1294-0
148,JEWPOR__ligand11994-0
149,JEWPOR__ligand391-0
150,JEWPOR__ligand6699-0
151,JEWPOR__ligand31842-0
152,JEWPOR__ligand31044-0
153,JEWPOR__ligand34-0
154,JEWPOR__ligand24035-0
155,JEWPOR__ligand780-0
156,JEWPOR__ligand3712-0
157,JEWPOR__ligand314-0
158,JEWPOR__ligand1464-0
159,JEWPOR__ligand1499-0
160,JEWPOR__ligand30711-0
161,JEWPOR__ligand20207-0
162,JEWPOR__ligand813-0
163,JEWPOR__ligand11682-0
164,JEWPOR__ligand2881-0
165,JEWPOR__ligand6892-0
166,JEWPOR__ligand1211-0
167,JEWPOR__ligand16988-0
168,JEWPOR__ligand25913-0
169,JEWPOR__ligand4101-0
170,JEWPOR__ligand5595-0
171,JEWPOR__ligand353-0
172,JEWPOR__ligand19184-0
173,JEWPOR__ligand4358-0
174,JEWPOR__ligand28459-0
175,JEWPOR__ligand3120-0
176,JEWPOR__ligand18448-0
177,JEWPOR__ligand3926-0
178,JEWPOR__ligand12453-0
179,JEWPOR__ligand2221-0
180,JEWPOR__ligand1296-0
181,JEWPOR__ligand10371-0
182,JEWPOR__ligand2259-0
183,JEWPOR__ligand1197-0
184,JEWPOR__ligand5099-0
185,JEWPOR__ligand8592-0
186,JEWPOR__ligand9773-0
187,JEWPOR__ligand5510-0
188,JEWPOR__ligand28685-0
189,JEWPOR__ligand1376-0
190,JEWPOR__ligand18568-0
191,JEWPOR__ligand13672-0
192,JEWPOR__ligand393-0
193,JEWPOR__ligand9167-0
194,JEWPOR__ligand5304-0
195,JEWPOR__ligand686-0
196,JEWPOR__ligand27285-0
197,JEWPOR__ligand2238-0
198,JEWPOR__ligand29029-0
199,JEWPOR__ligand2822-0
200,JEWPOR__ligand7293-0
201,JEWPOR__ligand1317-0
202,JEWPOR__ligand3867-0
203,JEWPOR__ligand422-0
204,JEWPOR__ligand57-0
205,JEWPOR__ligand23197-0
206,JEWPOR__ligand3-0
207,JEWPOR__ligand5509-0
208,JEWPOR__ligand8002-0
209,JEWPOR__ligand6117-0
210,JEWPOR__ligand1407-0
211,JEWPOR__ligand27669-0
212,JEWPOR__ligand30142-0
213,JEWPOR__ligand196-0
214,JEWPOR__ligand7762-0
215,JEWPOR__ligand5080-0
216,JEWPOR__ligand13477-0
217,JEWPOR__ligand14167-0
218,JEWPOR__ligand3416-0
219,JEWPOR__ligand3453-0
220,JEWPOR__ligand21940-0
221,JEWPOR__ligand479-0
222,JEWPOR__ligand4207-0
223,JEWPOR__ligand311-0
224,JEWPOR__ligand25048-0
225,JEWPOR__ligand49-0
226,JEWPOR__ligand785-0
227,JEWPOR__ligand564-0
228,JEWPOR__ligand23445-0
229,JEWPOR__ligand24953-0
230,JEWPOR__ligand1539-0
231,JEWPOR__ligand620-0
232,JEWPOR__ligand1150-0
233,JEWPOR__ligand16133-0
234,JEWPOR__ligand13755-0
235,JEWPOR__ligand20432-0
236,JEWPOR__ligand27122-0
237,JEWPOR__ligand370-1
238,JEWPOR__ligand8200-0
239,JEWPOR__ligand7438-0
240,JEWPOR__ligand4063-0
241,JEWPOR__ligand188-0
242,JEWPOR__ligand3042-0
243,JEWPOR__ligand89-0
244,JEWPOR__ligand20557-0
245,JEWPOR__ligand30004-0
246,JEWPOR__ligand7075-0
247,JEWPOR__ligand250-0
248,JEWPOR__ligand20844-0
249,JEWPOR__ligand18413-0
250,JEWPOR__ligand24624-0
251,JEWPOR__ligand3557-0
252,JEWPOR__ligand3980-0
253,JEWPOR__ligand1149-0
254,JEWPOR__ligand18757-0
255,JEWPOR__ligand24560-0
256,JEWPOR__ligand1779-0
257,JEWPOR__ligand1817-0
258,JEWPOR__ligand6993-0
259,JEWPOR__ligand9750-0
260,JEWPOR__ligand4-0
261,JEWPOR__ligand30788-0
262,JEWPOR__ligand1400-0
263,JEWPOR__ligand4266-0
264,JEWPOR__ligand370-0
265,JEWPOR__ligand13691-0
266,JEWPOR__ligand9491-0
267,JEWPOR__ligand4167-0
268,JEWPOR__ligand14339-0
269,JEWPOR__ligand1288-0
270,JEWPOR__ligand21752-0
271,JEWPOR__ligand27771-0
272,JEWPOR__ligand1828-0
273,JEWPOR__ligand1397-0
274,JEWPOR__ligand18158-0
275,JEWPOR__ligand830-0
276,JEWPOR__ligand7213-0
277,JEWPOR__ligand23682-0
278,JEWPOR__ligand8042-0
279,JEWPOR__ligand372-0
280,JEWPOR__ligand6112-0
281,JEWPOR__ligand29565-0
282,JEWPOR__ligand3144-0
283,JEWPOR__ligand193-0
284,JEWPOR__ligand5085-0
285,JEWPOR__ligand20942-1
286,JEWPOR__ligand4710-0
287,JEWPOR__ligand5755-0
288,JEWPOR__ligand16956-0
289,JEWPOR__ligand21339-0
290,JEWPOR__ligand14226-0
291,JEWPOR__ligand1908-0
292,JEWPOR__ligand116-0
293,JEWPOR__ligand27550-0
294,JEWPOR__ligand252-0
295,JEWPOR__ligand4795-0
296,JEWPOR__ligand3285-0
297,JEWPOR__ligand14007-0
298,JEWPOR__ligand1786-0
299,JEWPOR__ligand18019-1
300,JEWPOR__ligand17-0
301,JEWPOR__ligand5630-0
302,JEWPOR__ligand22357-0
303,JEWPOR__ligand11758-0
304,JEWPOR__ligand21448-0
305,JEWPOR__ligand177-0
306,JEWPOR__ligand5614-0
307,JEWPOR__ligand11544-0
308,JEWPOR__ligand11501-0
309,JEWPOR__ligand5280-0
310,JEWPOR__ligand1831-0
311,JEWPOR__ligand5515-0
312,JEWPOR__ligand29214-0
313,JEWPOR__ligand6663-0
314,JEWPOR__ligand17445-0
315,JEWPOR__ligand14477-0
316,JEWPOR__ligand1849-0
317,JEWPOR__ligand17069-0
318,JEWPOR__ligand11798-0
319,JEWPOR__ligand5019-0
320,JEWPOR__ligand909-0
321,JEWPOR__ligand3261-0
322,JEWPOR__ligand1152-0
323,JEWPOR__ligand20731-0
324,JEWPOR__ligand1216-0
325,JEWPOR__ligand12413-0
326,JEWPOR__ligand29334-0
327,JEWPOR__ligand2001-0
328,JEWPOR__ligand868-0
329,JEWPOR__ligand19906-0
330,JEWPOR__ligand19668-0
331,JEWPOR__ligand7566-0
332,JEWPOR__ligand22353-0
333,JEWPOR__ligand9944-0
334,JEWPOR__ligand8593-0
335,JEWPOR__ligand8553-0
336,JEWPOR__ligand1113-0
337,JEWPOR__ligand10151-0
338,JEWPOR__ligand352-0
339,JEWPOR__ligand783-0
340,JEWPOR__ligand5201-0
341,JEWPOR__ligand29813-0
342,JEWPOR__ligand16952-0
343,JEWPOR__ligand197-0
344,JEWPOR__ligand5415-0
345,JEWPOR__ligand20121-0
346,JEWPOR__ligand15387-0
347,JEWPOR__ligand20220-0
348,JEWPOR__ligand4124-0
349,JEWPOR__ligand3471-0
350,JEWPOR__ligand4161-0
351,JEWPOR__ligand14302-0
352,JEWPOR__ligand14347-0
353,JEWPOR__ligand13657-0
354,JEWPOR__ligand6995-0
355,JEWPOR__ligand20530-0
356,JEWPOR__ligand11698-0
357,JEWPOR__ligand2823-0
358,JEWPOR__ligand24851-0
359,JEWPOR__ligand2281-0
360,JEWPOR__ligand2650-0
361,JEWPOR__ligand29441-0
362,JEWPOR__ligand4340-0
363,JEWPOR__ligand10853-0
364,JEWPOR__ligand27610-0
365,JEWPOR__ligand10479-0
366,JEWPOR__ligand11479-0
367,JEWPOR__ligand3180-0
368,JEWPOR__ligand11-0
369,JEWPOR__ligand2027-0
370,JEWPOR__ligand11622-0
371,JEWPOR__ligand421-0
372,JEWPOR__ligand16870-0
373,JEWPOR__ligand1050-0
374,JEWPOR__ligand1015-0
375,JEWPOR__ligand16603-0
376,JEWPOR__ligand11814-0
377,JEWPOR__ligand685-0
378,JEWPOR__ligand31205-0
379,JEWPOR__ligand17686-0
380,JEWPOR__ligand25658-0
381,JEWPOR__ligand1618-0
382,JEWPOR__ligand294-0
383,JEWPOR__ligand2692-0
384,JEWPOR__ligand15455-0
385,JEWPOR__ligand1028-0
386,JEWPOR__ligand69-0
387,JEWPOR__ligand4262-0
388,JEWPOR__ligand11177-0
389,JEWPOR__ligand1154-0
390,JEWPOR__ligand19824-0
391,JEWPOR__ligand18067-0
392,JEWPOR__ligand560-0
393,JEWPOR__ligand9615-0
394,JEWPOR__ligand10582-0
395,JEWPOR__ligand13260-0
396,JEWPOR__ligand1498-0
397,JEWPOR__ligand4596-0
398,JEWPOR__ligand11252-0
399,JEWPOR__ligand31000-0
400,JEWPOR__ligand11606-0
401,JEWPOR__ligand20821-0
402,JEWPOR__ligand235-0
403,JEWPOR__ligand1169-0
404,JEWPOR__ligand26673-0
405,JEWPOR__ligand8529-0
406,JEWPOR__ligand134-0
407,JEWPOR__ligand5935-0
408,JEWPOR__ligand2722-0
409,JEWPOR__ligand361-0
410,JEWPOR__ligand324-0
411,JEWPOR__ligand409-0
412,JEWPOR__ligand1379-0
413,JEWPOR__ligand24750-0
414,JEWPOR__ligand31578-0
415,JEWPOR__ligand3157-0
416,JEWPOR__ligand17207-0
417,JEWPOR__ligand18013-0
418,JEWPOR__ligand9525-0
419,JEWPOR__ligand25224-0
420,JEWPOR__ligand1165-0
421,JEWPOR__ligand17945-0
422,JEWPOR__ligand4850-0
423,JEWPOR__ligand5056-0
424,JEWPOR__ligand18703-0
425,JEWPOR__ligand3647-0
426,JEWPOR__ligand29087-0
427,JEWPOR__ligand5357-0
428,JEWPOR__ligand1688-0
429,JEWPOR__ligand1469-0
430,JEWPOR__ligand3871-0
431,JEWPOR__ligand1768-0
432,JEWPOR__ligand15438-0
433,JEWPOR__ligand28924-0
434,JEWPOR__ligand199-0
435,JEWPOR__ligand15168-0
436,JEWPOR__ligand2527-0
437,JEWPOR__ligand23589-0
438,JEWPOR__ligand8349-0
439,JEWPOR__ligand8464-0
440,JEWPOR__ligand1709-0
441,JEWPOR__ligand24064-0
442,JEWPOR__ligand3392-0
443,JEWPOR__ligand300-0
444,JEWPOR__ligand4911-0
445,JEWPOR__ligand1771-0
446,JEWPOR__ligand31618-0
447,JEWPOR__ligand11432-0
448,JEWPOR__ligand10432-0
449,JEWPOR__ligand588-0
450,JEWPOR__ligand22755-0
451,JEWPOR__ligand5849-0
452,JEWPOR__ligand26277-0
453,JEWPOR__ligand29898-0
454,JEWPOR__ligand497-0
455,JEWPOR__ligand20579-0
456,JEWPOR__ligand17710-0
457,JEWPOR__ligand4581-0
458,JEWPOR__ligand1773-0
459,JEWPOR__ligand11568-0
460,JEWPOR__ligand2328-0
461,JEWPOR__ligand7162-0
462,JEWPOR__ligand3029-0
463,JEWPOR__ligand11774-0
464,JEWPOR__ligand14586-0
465,JEWPOR__ligand9197-0
466,JEWPOR__ligand21421-0
467,JEWPOR__ligand1900-0
468,JEWPOR__ligand633-0
469,JEWPOR__ligand19725-0
470,JEWPOR__ligand2208-0
471,JEWPOR__ligand3208-0
472,JEWPOR__ligand24613-0
473,JEWPOR__ligand8722-0
474,JEWPOR__ligand67-0
475,JEWPOR__ligand1327-0
476,JEWPOR__ligand6672-0
477,JEWPOR__ligand9809-0
478,JEWPOR__ligand31483-0
479,JEWPOR__ligand3350-0
480,JEWPOR__ligand10555-0
481,JEWPOR__ligand2781-0
482,JEWPOR__ligand7573-0
483,JEWPOR__ligand12336-0
484,JEWPOR__ligand1533-0
485,JEWPOR__ligand692-0
486,JEWPOR__ligand13072-0
487,JEWPOR__ligand1496-0
488,JEWPOR__ligand7557-0
489,JEWPOR__ligand436-0
490,JEWPOR__ligand43-0
491,JEWPOR__ligand12682-0
492,JEWPOR__ligand326-0
493,JEWPOR__ligand18699-0
494,JEWPOR__ligand1712-0
495,JEWPOR__ligand4131-0
496,JEWPOR__ligand17590-0
497,JEWPOR__ligand5892-0
498,JEWPOR__ligand5094-0
499,JEWPOR__ligand17240-0
500,JEWPOR__ligand20599-0
501,JEWPOR__ligand6283-0
502,JEWPOR__ligand25805-0
503,JEWPOR__ligand22981-0
504,JEWPOR__ligand27074-0
505,JEWPOR__ligand4738-0
506,JEWPOR__ligand18391-0
507,JEWPOR__ligand27169-0
508,JEWPOR__ligand4813-0
509,JEWPOR__ligand14523-0
510,JEWPOR__ligand5813-0
511,JEWPOR__ligand6062-0
512,JEWPOR__ligand696-0
513,JEWPOR__ligand12467-0
514,JEWPOR__ligand3215-0
515,JEWPOR__ligand10084-0
516,JEWPOR__ligand656-0
517,JEWPOR__ligand25267-0
518,JEWPOR__ligand23904-0
519,JEWPOR__ligand21936-0
520,JEWPOR__ligand13257-0
521,JEWPOR__ligand7107-0
522,JEWPOR__ligand18074-0
523,JEWPOR__ligand13869-0
524,JEWPOR__ligand29863-0
525,JEWPOR__ligand1147-0
526,JEWPOR__ligand3973-0
527,JEWPOR__ligand11140-0
528,JEWPOR__ligand7925-0
529,JEWPOR__ligand2068-0
530,JEWPOR__ligand29610-0
531,JEWPOR__ligand28668-0
532,JEWPOR__ligand383-0
533,JEWPOR__ligand7532-0
534,JEWPOR__ligand4194-0
535,JEWPOR__ligand416-0
536,JEWPOR__ligand16791-0
537,JEWPOR__ligand4330-0
538,JEWPOR__ligand226-0
539,JEWPOR__ligand18799-0
540,JEWPOR__ligand2599-0
541,JEWPOR__ligand18465-0
542,JEWPOR__ligand162-0
543,JEWPOR__ligand3012-0
544,JEWPOR__ligand19257-0
545,JEWPOR__ligand13209-0
546,JEWPOR__ligand1449-0
547,JEWPOR__ligand24-0
548,JEWPOR__ligand12660-0
549,JEWPOR__ligand1065-0
550,JEWPOR__ligand7530-0
551,JEWPOR__ligand9681-0
552,JEWPOR__ligand25650-0
553,JEWPOR__ligand4332-0
554,JEWPOR__ligand31248-0
555,JEWPOR__ligand534-0
556,JEWPOR__ligand571-0
557,JEWPOR__ligand3934-0
558,JEWPOR__ligand6455-0
559,JEWPOR__ligand6882-0
560,JEWPOR__ligand670-0
561,JEWPOR__ligand23124-0
562,JEWPOR__ligand11206-0
563,JEWPOR__ligand2403-0
564,JEWPOR__ligand12519-0
565,JEWPOR__ligand25735-0
566,JEWPOR__ligand8-0
567,JEWPOR__ligand19-0
568,JEWPOR__ligand30539-0
569,JEWPOR__ligand9148-0
570,JEWPOR__ligand11166-0
571,JEWPOR__ligand1415-0
572,JEWPOR__ligand6946-0
573,JEWPOR__ligand78-0
574,JEWPOR__ligand21132-0
575,JEWPOR__ligand23906-0
576,JEWPOR__ligand7529-0
577,JEWPOR__ligand1729-0
578,JEWPOR__ligand27835-0
579,JEWPOR__ligand488-0
580,JEWPOR__ligand12295-0
581,JEWPOR__ligand5627-0
582,JEWPOR__ligand45-0
583,JEWPOR__ligand358-0
584,JEWPOR__ligand430-0
585,JEWPOR__ligand2830-0
586,JEWPOR__ligand694-0
587,JEWPOR__ligand5316-0
588,JEWPOR__ligand25689-0
589,JEWPOR__ligand5483-0
590,JEWPOR__ligand21787-0
591,JEWPOR__ligand25575-0
592,JEWPOR__ligand31783-0
593,JEWPOR__ligand66-0
594,JEWPOR__ligand4641-0
595,JEWPOR__ligand757-0
596,JEWPOR__ligand17631-0
597,JEWPOR__ligand122-0
598,JEWPOR__ligand13012-0
599,JEWPOR__ligand26665-0
600,JEWPOR__ligand14297-0
601,JEWPOR__ligand14603-0
602,JEWPOR__ligand17258-0
603,JEWPOR__ligand30988-0
604,JEWPOR__ligand18832-0
605,JEWPOR__ligand27175-0
606,JEWPOR__ligand23713-0
607,JEWPOR__ligand3234-0
608,JEWPOR__ligand1142-0
609,JEWPOR__ligand15422-0
610,JEWPOR__ligand20578-0
611,JEWPOR__ligand12934-0
612,JEWPOR__ligand19641-0
613,JEWPOR__ligand14723-0
614,JEWPOR__ligand7126-0
615,JEWPOR__ligand27893-0
616,JEWPOR__ligand2028-0
617,JEWPOR__ligand8835-0
618,JEWPOR__ligand16628-0
619,JEWPOR__ligand2917-0
620,JEWPOR__ligand12427-0
621,JEWPOR__ligand20740-0
622,JEWPOR__ligand28468-0
623,JEWPOR__ligand7819-0
624,JEWPOR__ligand27460-0
625,JEWPOR__ligand6904-0
626,JEWPOR__ligand3721-0
627,JEWPOR__ligand6596-0
628,JEWPOR__ligand6102-0
629,JEWPOR__ligand3465-0
630,JEWPOR__ligand12606-0
631,JEWPOR__ligand4620-0
632,JEWPOR__ligand42-0
633,JEWPOR__ligand30333-0
634,JEWPOR__ligand26540-0
635,JEWPOR__ligand693-0
636,JEWPOR__ligand6067-0
637,JEWPOR__ligand1577-0
638,JEWPOR__ligand12337-0
639,JEWPOR__ligand2295-0
640,JEWPOR__ligand29410-0
641,JEWPOR__ligand30296-0
642,JEWPOR__ligand17281-0
643,JEWPOR__ligand10958-0
644,JEWPOR__ligand9441-0
645,JEWPOR__ligand12641-0
646,JEWPOR__ligand2332-0
647,JEWPOR__ligand1631-0
648,JEWPOR__ligand141-0
649,JEWPOR__ligand240-0
650,JEWPOR__ligand1530-0
651,JEWPOR__ligand1575-0
652,JEWPOR__ligand14108-0
653,JEWPOR__ligand9933-0
654,JEWPOR__ligand2915-0
655,JEWPOR__ligand13425-0
656,JEWPOR__ligand29302-0
657,JEWPOR__ligand3156-0
658,JEWPOR__ligand18814-0
659,JEWPOR__ligand19057-0
660,JEWPOR__ligand10262-0
661,JEWPOR__ligand6244-0
662,JEWPOR__ligand28676-0
663,JEWPOR__ligand27763-0
664,JEWPOR__ligand38-0
665,JEWPOR__ligand1378-0
666,JEWPOR__ligand10476-0
667,JEWPOR__ligand19830-0
668,JEWPOR__ligand13068-0
669,JEWPOR__ligand8992-0
670,JEWPOR__ligand15585-0
671,JEWPOR__ligand12401-0
672,JEWPOR__ligand9601-0
673,JEWPOR__ligand24145-0
674,JEWPOR__ligand7967-0
675,JEWPOR__ligand3707-0
676,JEWPOR__ligand12231-0
677,JEWPOR__ligand6124-0
678,JEWPOR__ligand768-0
679,JEWPOR__ligand12289-0
680,JEWPOR__ligand1018-0
681,JEWPOR__ligand18292-0
682,JEWPOR__ligand13658-0
683,JEWPOR__ligand26702-0
684,JEWPOR__ligand12130-0
685,JEWPOR__ligand17387-0
686,JEWPOR__ligand4116-0
687,JEWPOR__ligand17805-0
688,JEWPOR__ligand1823-0
689,JEWPOR__ligand384-0
690,JEWPOR__ligand5643-0
691,JEWPOR__ligand1324-0
692,JEWPOR__ligand17302-0
693,JEWPOR__ligand8721-0
694,JEWPOR__ligand9111-0
695,JEWPOR__ligand9952-0
696,JEWPOR__ligand25178-0
697,JEWPOR__ligand24185-0
698,JEWPOR__ligand1615-0
699,JEWPOR__ligand5036-0
700,JEWPOR__ligand2526-0
701,JEWPOR__ligand23769-0
702,JEWPOR__ligand20682-0
703,JEWPOR__ligand4157-0
704,JEWPOR__ligand9833-0
705,JEWPOR__ligand2828-0
706,JEWPOR__ligand8876-0
707,JEWPOR__ligand7648-0
708,JEWPOR__ligand5256-0
709,JEWPOR__ligand18-0
710,JEWPOR__ligand2176-0
711,JEWPOR__ligand9291-0
712,JEWPOR__ligand13390-0
713,JEWPOR__ligand2232-0
714,JEWPOR__ligand1285-0
715,JEWPOR__ligand8115-0
716,JEWPOR__ligand6768-0
717,JEWPOR__ligand1982-0
718,JEWPOR__ligand7000-0
719,JEWPOR__ligand4503-0
720,JEWPOR__ligand4546-0
721,JEWPOR__ligand13208-0
722,JEWPOR__ligand338-0
723,JEWPOR__ligand26810-0
724,JEWPOR__ligand27482-0
725,JEWPOR__ligand201-0
726,JEWPOR__ligand28884-0
727,JEWPOR__ligand7867-0
728,JEWPOR__ligand13331-0
729,JEWPOR__ligand6709-0
730,JEWPOR__ligand1219-0
731,JEWPOR__ligand12030-0
732,JEWPOR__ligand4016-0
733,JEWPOR__ligand29879-0
734,JEWPOR__ligand14248-0
735,JEWPOR__ligand31832-0
736,JEWPOR__ligand7238-0
737,JEWPOR__ligand13294-0
738,JEWPOR__ligand1790-0
739,JEWPOR__ligand1304-0
740,JEWPOR__ligand7280-0
741,JEWPOR__ligand1451-0
742,JEWPOR__ligand321-0
743,JEWPOR__ligand4272-0
744,JEWPOR__ligand7629-0
745,JEWPOR__ligand25411-0
746,JEWPOR__ligand9784-0
747,JEWPOR__ligand178-0
748,JEWPOR__ligand9520-0
749,JEWPOR__ligand8699-0
750,JEWPOR__ligand11456-0
751,JEWPOR__ligand1160-0
752,JEWPOR__ligand279-0
753,JEWPOR__ligand14174-0
754,JEWPOR__ligand4442-0
755,JEWPOR__ligand10712-0
756,JEWPOR__ligand185-0
757,JEWPOR__ligand4093-0
758,JEWPOR__ligand3954-0
759,JEWPOR__ligand7242-0
760,JEWPOR__ligand14703-0
761,JEWPOR__ligand16475-0
762,JEWPOR__ligand7106-0
763,JEWPOR__ligand366-0
764,JEWPOR__ligand20251-1
765,JEWPOR__ligand187-0
766,JEWPOR__ligand1263-0
767,JEWPOR__ligand9908-0
768,JEWPOR__ligand657-0
769,JEWPOR__ligand1959-0
770,JEWPOR__ligand596-0
771,JEWPOR__ligand941-0
772,JEWPOR__ligand3504-0
773,JEWPOR__ligand20011-0
774,JEWPOR__ligand17278-0
775,JEWPOR__ligand9935-0
776,JEWPOR__ligand17982-0
777,JEWPOR__ligand1536-0
778,JEWPOR__ligand1573-0
779,JEWPOR__ligand29414-0
780,JEWPOR__ligand3035-0
781,JEWPOR__ligand3876-0
782,JEWPOR__ligand1343-0
783,JEWPOR__ligand6616-0
784,JEWPOR__ligand20598-0
785,JEWPOR__ligand11675-0
786,JEWPOR__ligand24047-0
787,JEWPOR__ligand22557-0
788,JEWPOR__ligand10589-0
789,JEWPOR__ligand3718-0
790,JEWPOR__ligand4661-0
791,JEWPOR__ligand777-0
792,JEWPOR__ligand1844-0
793,JEWPOR__ligand17398-0
794,JEWPOR__ligand1512-0
795,JEWPOR__ligand5331-0
796,JEWPOR__ligand28789-0
797,JEWPOR__ligand163-0
798,JEWPOR__ligand3565-0
799,JEWPOR__ligand20419-0
800,JEWPOR__ligand126-0
801,JEWPOR__ligand21371-0
802,JEWPOR__ligand17118-0
803,JEWPOR__ligand14889-0
804,JEWPOR__ligand30851-0
805,JEWPOR__ligand29568-0
806,JEWPOR__ligand6919-0
807,JEWPOR__ligand3852-0
808,JEWPOR__ligand2485-0
809,JEWPOR__ligand5211-0
810,JEWPOR__ligand21581-0
811,JEWPOR__ligand31097-0
812,JEWPOR__ligand20539-0
813,JEWPOR__ligand845-0
814,JEWPOR__ligand3094-0
815,JEWPOR__ligand4155-0
816,JEWPOR__ligand20251-0
817,JEWPOR__ligand30702-0
818,JEWPOR__ligand20214-0
819,JEWPOR__ligand4720-0
820,JEWPOR__ligand6839-0
821,JEWPOR__ligand8969-0
822,JEWPOR__ligand14117-0
823,JEWPOR__ligand1202-0
824,JEWPOR__ligand3937-0
825,JEWPOR__ligand3174-0
826,JEWPOR__ligand3131-0
827,JEWPOR__ligand17261-0
