,TMC
0,FIRGEU__ligand49-0
1,FIRGEU__ligand9952-0
2,FIRGEU__ligand9111-0
3,FIRGEU__ligand845-0
4,FIRGEU__ligand1615-0
5,FIRGEU__ligand27763-0
6,FIRGEU__ligand2526-0
7,FIRGEU__ligand5036-0
8,FIRGEU__ligand28676-0
9,FIRGEU__ligand10262-0
10,FIRGEU__ligand18814-0
11,FIRGEU__ligand1823-0
12,FIRGEU__ligand5643-0
13,FIRGEU__ligand19057-0
14,FIRGEU__ligand13425-0
15,FIRGEU__ligand29302-0
16,FIRGEU__ligand8721-0
17,FIRGEU__ligand1324-0
18,FIRGEU__ligand7967-0
19,FIRGEU__ligand14108-0
20,FIRGEU__ligand6124-0
21,FIRGEU__ligand3707-0
22,FIRGEU__ligand163-0
23,FIRGEU__ligand4116-0
24,FIRGEU__ligand126-0
25,FIRGEU__ligand1018-0
26,FIRGEU__ligand12641-0
27,FIRGEU__ligand8992-0
28,FIRGEU__ligand89-0
29,FIRGEU__ligand9601-0
30,FIRGEU__ligand10958-0
31,FIRGEU__ligand23769-0
32,FIRGEU__ligand24185-0
33,FIRGEU__ligand596-0
34,FIRGEU__ligand941-0
35,FIRGEU__ligand6244-0
36,FIRGEU__ligand25178-0
37,FIRGEU__ligand1378-0
38,FIRGEU__ligand2915-0
39,FIRGEU__ligand3156-0
40,FIRGEU__ligand17302-0
41,FIRGEU__ligand777-0
42,FIRGEU__ligand17805-0
43,FIRGEU__ligand12130-0
44,FIRGEU__ligand17387-0
45,FIRGEU__ligand18292-0
46,FIRGEU__ligand12289-0
47,FIRGEU__ligand1631-0
48,FIRGEU__ligand26702-0
49,FIRGEU__ligand13658-0
50,FIRGEU__ligand9933-0
51,FIRGEU__ligand12231-0
52,FIRGEU__ligand1575-0
53,FIRGEU__ligand1530-0
54,FIRGEU__ligand366-0
55,FIRGEU__ligand187-0
56,FIRGEU__ligand24145-0
57,FIRGEU__ligand12401-0
58,FIRGEU__ligand15585-0
59,FIRGEU__ligand657-0
60,FIRGEU__ligand13068-0
61,FIRGEU__ligand2332-0
62,FIRGEU__ligand19830-0
63,FIRGEU__ligand10476-0
64,FIRGEU__ligand9441-0
65,FIRGEU__ligand1577-0
66,FIRGEU__ligand321-0
67,FIRGEU__ligand6067-0
68,FIRGEU__ligand27893-0
69,FIRGEU__ligand2295-0
70,FIRGEU__ligand8-0
71,FIRGEU__ligand14723-0
72,FIRGEU__ligand19641-0
73,FIRGEU__ligand20578-0
74,FIRGEU__ligand12934-0
75,FIRGEU__ligand15422-0
76,FIRGEU__ligand178-0
77,FIRGEU__ligand27175-0
78,FIRGEU__ligand18832-0
79,FIRGEU__ligand4620-0
80,FIRGEU__ligand23713-0
81,FIRGEU__ligand30988-0
82,FIRGEU__ligand279-0
83,FIRGEU__ligand185-0
84,FIRGEU__ligand6102-0
85,FIRGEU__ligand201-0
86,FIRGEU__ligand17258-0
87,FIRGEU__ligand3721-0
88,FIRGEU__ligand6904-0
89,FIRGEU__ligand6596-0
90,FIRGEU__ligand14603-0
91,FIRGEU__ligand14297-0
92,FIRGEU__ligand26665-0
93,FIRGEU__ligand3465-0
94,FIRGEU__ligand17631-0
95,FIRGEU__ligand13012-0
96,FIRGEU__ligand7819-0
97,FIRGEU__ligand17-0
98,FIRGEU__ligand31783-0
99,FIRGEU__ligand2917-0
100,FIRGEU__ligand17281-0
101,FIRGEU__ligand30296-0
102,FIRGEU__ligand12337-0
103,FIRGEU__ligand2028-0
104,FIRGEU__ligand8835-0
105,FIRGEU__ligand29410-0
106,FIRGEU__ligand7126-0
107,FIRGEU__ligand26540-0
108,FIRGEU__ligand30333-0
109,FIRGEU__ligand338-0
110,FIRGEU__ligand1142-0
111,FIRGEU__ligand3234-0
112,FIRGEU__ligand12606-0
113,FIRGEU__ligand27460-0
114,FIRGEU__ligand20740-0
115,FIRGEU__ligand28468-0
116,FIRGEU__ligand12427-0
117,FIRGEU__ligand4641-0
118,FIRGEU__ligand16628-0
119,FIRGEU__ligand17398-0
120,FIRGEU__ligand4720-0
121,FIRGEU__ligand384-0
122,FIRGEU__ligand24047-0
123,FIRGEU__ligand8969-0
124,FIRGEU__ligand3131-0
125,FIRGEU__ligand22557-0
126,FIRGEU__ligand10589-0
127,FIRGEU__ligand3174-0
128,FIRGEU__ligand3937-0
129,FIRGEU__ligand1202-0
130,FIRGEU__ligand20598-0
131,FIRGEU__ligand6839-0
132,FIRGEU__ligand11675-0
133,FIRGEU__ligand17982-0
134,FIRGEU__ligand29414-0
135,FIRGEU__ligand5211-0
136,FIRGEU__ligand20011-0
137,FIRGEU__ligand17278-0
138,FIRGEU__ligand3094-0
139,FIRGEU__ligand4155-0
140,FIRGEU__ligand3852-0
141,FIRGEU__ligand2485-0
142,FIRGEU__ligand6919-0
143,FIRGEU__ligand20251-1
144,FIRGEU__ligand14703-0
145,FIRGEU__ligand16475-0
146,FIRGEU__ligand1512-0
147,FIRGEU__ligand5331-0
148,FIRGEU__ligand768-0
149,FIRGEU__ligand3565-0
150,FIRGEU__ligand14117-0
151,FIRGEU__ligand3718-0
152,FIRGEU__ligand17261-0
153,FIRGEU__ligand6616-0
154,FIRGEU__ligand1343-0
155,FIRGEU__ligand3876-0
156,FIRGEU__ligand3035-0
157,FIRGEU__ligand1844-0
158,FIRGEU__ligand4661-0
159,FIRGEU__ligand3504-0
160,FIRGEU__ligand30702-0
161,FIRGEU__ligand20214-0
162,FIRGEU__ligand20251-0
163,FIRGEU__ligand1959-0
164,FIRGEU__ligand20539-0
165,FIRGEU__ligand1573-0
166,FIRGEU__ligand1536-0
167,FIRGEU__ligand21581-0
168,FIRGEU__ligand31097-0
169,FIRGEU__ligand9935-0
170,FIRGEU__ligand29568-0
171,FIRGEU__ligand1263-0
172,FIRGEU__ligand9908-0
173,FIRGEU__ligand14889-0
174,FIRGEU__ligand30851-0
175,FIRGEU__ligand21371-0
176,FIRGEU__ligand7242-0
177,FIRGEU__ligand17118-0
178,FIRGEU__ligand141-0
179,FIRGEU__ligand20419-0
180,FIRGEU__ligand7106-0
181,FIRGEU__ligand240-0
182,FIRGEU__ligand28789-0
183,FIRGEU__ligand8699-0
184,FIRGEU__ligand26810-0
185,FIRGEU__ligand1160-0
186,FIRGEU__ligand27482-0
187,FIRGEU__ligand9520-0
188,FIRGEU__ligand13208-0
189,FIRGEU__ligand11-0
190,FIRGEU__ligand3954-0
191,FIRGEU__ligand4442-0
192,FIRGEU__ligand4093-0
193,FIRGEU__ligand7629-0
194,FIRGEU__ligand4272-0
195,FIRGEU__ligand693-0
196,FIRGEU__ligand1451-0
197,FIRGEU__ligand9784-0
198,FIRGEU__ligand13390-0
199,FIRGEU__ligand7238-0
200,FIRGEU__ligand1304-0
201,FIRGEU__ligand1790-0
202,FIRGEU__ligand7280-0
203,FIRGEU__ligand69-0
204,FIRGEU__ligand1219-0
205,FIRGEU__ligand6709-0
206,FIRGEU__ligand7867-0
207,FIRGEU__ligand4016-0
208,FIRGEU__ligand20682-0
209,FIRGEU__ligand14174-0
210,FIRGEU__ligand10712-0
211,FIRGEU__ligand4546-0
212,FIRGEU__ligand4503-0
213,FIRGEU__ligand11456-0
214,FIRGEU__ligand1285-0
215,FIRGEU__ligand25411-0
216,FIRGEU__ligand1982-0
217,FIRGEU__ligand7000-0
218,FIRGEU__ligand8115-0
219,FIRGEU__ligand6768-0
220,FIRGEU__ligand9291-0
221,FIRGEU__ligand2176-0
222,FIRGEU__ligand13294-0
223,FIRGEU__ligand2232-0
224,FIRGEU__ligand31832-0
225,FIRGEU__ligand757-0
226,FIRGEU__ligand14248-0
227,FIRGEU__ligand29879-0
228,FIRGEU__ligand4157-0
229,FIRGEU__ligand122-0
230,FIRGEU__ligand12030-0
231,FIRGEU__ligand5256-0
232,FIRGEU__ligand9833-0
233,FIRGEU__ligand28884-0
234,FIRGEU__ligand13331-0
235,FIRGEU__ligand7648-0
236,FIRGEU__ligand2828-0
237,FIRGEU__ligand8876-0
238,FIRGEU__ligand10555-0
239,FIRGEU__ligand488-0
240,FIRGEU__ligand31483-0
241,FIRGEU__ligand358-0
242,FIRGEU__ligand5094-0
243,FIRGEU__ligand16-0
244,FIRGEU__ligand5892-0
245,FIRGEU__ligand430-0
246,FIRGEU__ligand24613-0
247,FIRGEU__ligand694-0
248,FIRGEU__ligand19725-0
249,FIRGEU__ligand4131-0
250,FIRGEU__ligand1712-0
251,FIRGEU__ligand1496-0
252,FIRGEU__ligand21421-0
253,FIRGEU__ligand7557-0
254,FIRGEU__ligand14586-0
255,FIRGEU__ligand11774-0
256,FIRGEU__ligand1533-0
257,FIRGEU__ligand11568-0
258,FIRGEU__ligand20579-0
259,FIRGEU__ligand17710-0
260,FIRGEU__ligand534-0
261,FIRGEU__ligand6672-0
262,FIRGEU__ligand9809-0
263,FIRGEU__ligand571-0
264,FIRGEU__ligand1327-0
265,FIRGEU__ligand8722-0
266,FIRGEU__ligand17240-0
267,FIRGEU__ligand3350-0
268,FIRGEU__ligand670-0
269,FIRGEU__ligand7573-0
270,FIRGEU__ligand2781-0
271,FIRGEU__ligand17590-0
272,FIRGEU__ligand2208-0
273,FIRGEU__ligand3208-0
274,FIRGEU__ligand18699-0
275,FIRGEU__ligand12682-0
276,FIRGEU__ligand32-0
277,FIRGEU__ligand1900-0
278,FIRGEU__ligand9197-0
279,FIRGEU__ligand13072-0
280,FIRGEU__ligand2328-0
281,FIRGEU__ligand1773-0
282,FIRGEU__ligand4581-0
283,FIRGEU__ligand3029-0
284,FIRGEU__ligand12336-0
285,FIRGEU__ligand7162-0
286,FIRGEU__ligand28924-0
287,FIRGEU__ligand5849-0
288,FIRGEU__ligand383-0
289,FIRGEU__ligand15438-0
290,FIRGEU__ligand416-0
291,FIRGEU__ligand226-0
292,FIRGEU__ligand3392-0
293,FIRGEU__ligand29087-0
294,FIRGEU__ligand1771-0
295,FIRGEU__ligand18703-0
296,FIRGEU__ligand4911-0
297,FIRGEU__ligand162-0
298,FIRGEU__ligand8464-0
299,FIRGEU__ligand17945-0
300,FIRGEU__ligand1709-0
301,FIRGEU__ligand18013-0
302,FIRGEU__ligand25224-0
303,FIRGEU__ligand8349-0
304,FIRGEU__ligand31578-0
305,FIRGEU__ligand17207-0
306,FIRGEU__ligand24750-0
307,FIRGEU__ligand48-0
308,FIRGEU__ligand2527-0
309,FIRGEU__ligand3871-0
310,FIRGEU__ligand29898-0
311,FIRGEU__ligand26277-0
312,FIRGEU__ligand1469-0
313,FIRGEU__ligand22755-0
314,FIRGEU__ligand656-0
315,FIRGEU__ligand11432-0
316,FIRGEU__ligand31618-0
317,FIRGEU__ligand10432-0
318,FIRGEU__ligand1768-0
319,FIRGEU__ligand4850-0
320,FIRGEU__ligand5056-0
321,FIRGEU__ligand91-0
322,FIRGEU__ligand1688-0
323,FIRGEU__ligand3647-0
324,FIRGEU__ligand5357-0
325,FIRGEU__ligand51-0
326,FIRGEU__ligand24064-0
327,FIRGEU__ligand3157-0
328,FIRGEU__ligand1165-0
329,FIRGEU__ligand9525-0
330,FIRGEU__ligand23589-0
331,FIRGEU__ligand5935-0
332,FIRGEU__ligand1379-0
333,FIRGEU__ligand2722-0
334,FIRGEU__ligand15168-0
335,FIRGEU__ligand696-0
336,FIRGEU__ligand68-0
337,FIRGEU__ligand25735-0
338,FIRGEU__ligand12519-0
339,FIRGEU__ligand326-0
340,FIRGEU__ligand5316-0
341,FIRGEU__ligand11206-0
342,FIRGEU__ligand23124-0
343,FIRGEU__ligand5483-0
344,FIRGEU__ligand5627-0
345,FIRGEU__ligand1729-0
346,FIRGEU__ligand2830-0
347,FIRGEU__ligand31248-0
348,FIRGEU__ligand25650-0
349,FIRGEU__ligand6946-0
350,FIRGEU__ligand1415-0
351,FIRGEU__ligand692-0
352,FIRGEU__ligand7529-0
353,FIRGEU__ligand12660-0
354,FIRGEU__ligand55-0
355,FIRGEU__ligand19257-0
356,FIRGEU__ligand13209-0
357,FIRGEU__ligand436-0
358,FIRGEU__ligand9148-0
359,FIRGEU__ligand2403-0
360,FIRGEU__ligand21787-0
361,FIRGEU__ligand25575-0
362,FIRGEU__ligand25689-0
363,FIRGEU__ligand34-0
364,FIRGEU__ligand3934-0
365,FIRGEU__ligand12295-0
366,FIRGEU__ligand6882-0
367,FIRGEU__ligand27835-0
368,FIRGEU__ligand6455-0
369,FIRGEU__ligand497-0
370,FIRGEU__ligand23906-0
371,FIRGEU__ligand9681-0
372,FIRGEU__ligand4332-0
373,FIRGEU__ligand21132-0
374,FIRGEU__ligand11166-0
375,FIRGEU__ligand30539-0
376,FIRGEU__ligand1449-0
377,FIRGEU__ligand3012-0
378,FIRGEU__ligand1065-0
379,FIRGEU__ligand633-0
380,FIRGEU__ligand7530-0
381,FIRGEU__ligand13257-0
382,FIRGEU__ligand2599-0
383,FIRGEU__ligand300-0
384,FIRGEU__ligand4330-0
385,FIRGEU__ligand21936-0
386,FIRGEU__ligand23904-0
387,FIRGEU__ligand25267-0
388,FIRGEU__ligand7532-0
389,FIRGEU__ligand588-0
390,FIRGEU__ligand10084-0
391,FIRGEU__ligand4194-0
392,FIRGEU__ligand12467-0
393,FIRGEU__ligand199-0
394,FIRGEU__ligand2068-0
395,FIRGEU__ligand7925-0
396,FIRGEU__ligand27169-0
397,FIRGEU__ligand14523-0
398,FIRGEU__ligand18391-0
399,FIRGEU__ligand27074-0
400,FIRGEU__ligand1147-0
401,FIRGEU__ligand22981-0
402,FIRGEU__ligand3973-0
403,FIRGEU__ligand25805-0
404,FIRGEU__ligand20599-0
405,FIRGEU__ligand7107-0
406,FIRGEU__ligand18465-0
407,FIRGEU__ligand18799-0
408,FIRGEU__ligand16791-0
409,FIRGEU__ligand57-0
410,FIRGEU__ligand28668-0
411,FIRGEU__ligand3215-0
412,FIRGEU__ligand4813-0
413,FIRGEU__ligand5813-0
414,FIRGEU__ligand29610-0
415,FIRGEU__ligand4738-0
416,FIRGEU__ligand361-0
417,FIRGEU__ligand324-0
418,FIRGEU__ligand6062-0
419,FIRGEU__ligand11140-0
420,FIRGEU__ligand409-0
421,FIRGEU__ligand6283-0
422,FIRGEU__ligand29863-0
423,FIRGEU__ligand18074-0
424,FIRGEU__ligand13869-0
425,FIRGEU__ligand1152-0
426,FIRGEU__ligand3261-0
427,FIRGEU__ligand5019-0
428,FIRGEU__ligand18019-1
429,FIRGEU__ligand1216-0
430,FIRGEU__ligand66-0
431,FIRGEU__ligand1-0
432,FIRGEU__ligand14007-0
433,FIRGEU__ligand27550-0
434,FIRGEU__ligand235-0
435,FIRGEU__ligand1849-0
436,FIRGEU__ligand134-0
437,FIRGEU__ligand5280-0
438,FIRGEU__ligand5614-0
439,FIRGEU__ligand1831-0
440,FIRGEU__ligand20942-1
441,FIRGEU__ligand21339-0
442,FIRGEU__ligand14226-0
443,FIRGEU__ligand16956-0
444,FIRGEU__ligand5515-0
445,FIRGEU__ligand560-0
446,FIRGEU__ligand6663-0
447,FIRGEU__ligand29565-0
448,FIRGEU__ligand23682-0
449,FIRGEU__ligand18158-0
450,FIRGEU__ligand27771-0
451,FIRGEU__ligand12413-0
452,FIRGEU__ligand29334-0
453,FIRGEU__ligand20731-0
454,FIRGEU__ligand1786-0
455,FIRGEU__ligand5630-0
456,FIRGEU__ligand11798-0
457,FIRGEU__ligand294-0
458,FIRGEU__ligand17069-0
459,FIRGEU__ligand1908-0
460,FIRGEU__ligand14477-0
461,FIRGEU__ligand3285-0
462,FIRGEU__ligand4795-0
463,FIRGEU__ligand17445-0
464,FIRGEU__ligand29214-0
465,FIRGEU__ligand421-0
466,FIRGEU__ligand3144-0
467,FIRGEU__ligand42-0
468,FIRGEU__ligand5085-0
469,FIRGEU__ligand11501-0
470,FIRGEU__ligand11544-0
471,FIRGEU__ligand4710-0
472,FIRGEU__ligand5755-0
473,FIRGEU__ligand1397-0
474,FIRGEU__ligand7213-0
475,FIRGEU__ligand21448-0
476,FIRGEU__ligand1828-0
477,FIRGEU__ligand6112-0
478,FIRGEU__ligand685-0
479,FIRGEU__ligand22357-0
480,FIRGEU__ligand11758-0
481,FIRGEU__ligand8042-0
482,FIRGEU__ligand30004-0
483,FIRGEU__ligand20557-0
484,FIRGEU__ligand1288-0
485,FIRGEU__ligand9491-0
486,FIRGEU__ligand4266-0
487,FIRGEU__ligand1400-0
488,FIRGEU__ligand4167-0
489,FIRGEU__ligand6993-0
490,FIRGEU__ligand20432-0
491,FIRGEU__ligand1817-0
492,FIRGEU__ligand27122-0
493,FIRGEU__ligand1779-0
494,FIRGEU__ligand13755-0
495,FIRGEU__ligand16133-0
496,FIRGEU__ligand24953-0
497,FIRGEU__ligand23445-0
498,FIRGEU__ligand197-0
499,FIRGEU__ligand9750-0
500,FIRGEU__ligand25048-0
501,FIRGEU__ligand38-0
502,FIRGEU__ligand21940-0
503,FIRGEU__ligand7075-0
504,FIRGEU__ligand1149-0
505,FIRGEU__ligand3980-0
506,FIRGEU__ligand3557-0
507,FIRGEU__ligand21752-0
508,FIRGEU__ligand3042-0
509,FIRGEU__ligand14339-0
510,FIRGEU__ligand4063-0
511,FIRGEU__ligand8200-0
512,FIRGEU__ligand7438-0
513,FIRGEU__ligand352-0
514,FIRGEU__ligand783-0
515,FIRGEU__ligand30788-0
516,FIRGEU__ligand13691-0
517,FIRGEU__ligand3-0
518,FIRGEU__ligand1539-0
519,FIRGEU__ligand868-0
520,FIRGEU__ligand1150-0
521,FIRGEU__ligand3453-0
522,FIRGEU__ligand18757-0
523,FIRGEU__ligand3416-0
524,FIRGEU__ligand24560-0
525,FIRGEU__ligand18413-0
526,FIRGEU__ligand4207-0
527,FIRGEU__ligand20844-0
528,FIRGEU__ligand24624-0
529,FIRGEU__ligand18-0
530,FIRGEU__ligand11177-0
531,FIRGEU__ligand8529-0
532,FIRGEU__ligand15455-0
533,FIRGEU__ligand1169-0
534,FIRGEU__ligand909-0
535,FIRGEU__ligand17686-0
536,FIRGEU__ligand25658-0
537,FIRGEU__ligand31205-0
538,FIRGEU__ligand11814-0
539,FIRGEU__ligand4596-0
540,FIRGEU__ligand177-0
541,FIRGEU__ligand16603-0
542,FIRGEU__ligand1498-0
543,FIRGEU__ligand16870-0
544,FIRGEU__ligand1154-0
545,FIRGEU__ligand11622-0
546,FIRGEU__ligand9615-0
547,FIRGEU__ligand1028-0
548,FIRGEU__ligand116-0
549,FIRGEU__ligand26673-0
550,FIRGEU__ligand252-0
551,FIRGEU__ligand20821-0
552,FIRGEU__ligand4262-0
553,FIRGEU__ligand11606-0
554,FIRGEU__ligand31000-0
555,FIRGEU__ligand2692-0
556,FIRGEU__ligand1618-0
557,FIRGEU__ligand11252-0
558,FIRGEU__ligand830-0
559,FIRGEU__ligand10582-0
560,FIRGEU__ligand13260-0
561,FIRGEU__ligand372-0
562,FIRGEU__ligand2027-0
563,FIRGEU__ligand193-0
564,FIRGEU__ligand19824-0
565,FIRGEU__ligand1015-0
566,FIRGEU__ligand18067-0
567,FIRGEU__ligand1050-0
568,FIRGEU__ligand2281-0
569,FIRGEU__ligand2650-0
570,FIRGEU__ligand4340-0
571,FIRGEU__ligand370-0
572,FIRGEU__ligand10151-0
573,FIRGEU__ligand3180-0
574,FIRGEU__ligand6995-0
575,FIRGEU__ligand2823-0
576,FIRGEU__ligand250-0
577,FIRGEU__ligand22353-0
578,FIRGEU__ligand4161-0
579,FIRGEU__ligand3471-0
580,FIRGEU__ligand4124-0
581,FIRGEU__ligand19668-0
582,FIRGEU__ligand19906-0
583,FIRGEU__ligand5415-0
584,FIRGEU__ligand27610-0
585,FIRGEU__ligand10479-0
586,FIRGEU__ligand11479-0
587,FIRGEU__ligand29441-0
588,FIRGEU__ligand188-0
589,FIRGEU__ligand10853-0
590,FIRGEU__ligand5201-0
591,FIRGEU__ligand24851-0
592,FIRGEU__ligand20530-0
593,FIRGEU__ligand1113-0
594,FIRGEU__ligand11698-0
595,FIRGEU__ligand14347-0
596,FIRGEU__ligand13657-0
597,FIRGEU__ligand8553-0
598,FIRGEU__ligand14302-0
599,FIRGEU__ligand20220-0
600,FIRGEU__ligand9944-0
601,FIRGEU__ligand15387-0
602,FIRGEU__ligand479-0
603,FIRGEU__ligand8593-0
604,FIRGEU__ligand311-0
605,FIRGEU__ligand20121-0
606,FIRGEU__ligand785-0
607,FIRGEU__ligand2001-0
608,FIRGEU__ligand564-0
609,FIRGEU__ligand7566-0
610,FIRGEU__ligand620-0
611,FIRGEU__ligand370-1
612,FIRGEU__ligand29813-0
613,FIRGEU__ligand16952-0
614,FIRGEU__ligand13220-0
615,FIRGEU__ligand11587-0
616,FIRGEU__ligand2612-0
617,FIRGEU__ligand17396-0
618,FIRGEU__ligand1599-0
619,FIRGEU__ligand23175-0
620,FIRGEU__ligand15788-0
621,FIRGEU__ligand14569-0
622,FIRGEU__ligand9450-0
623,FIRGEU__ligand13385-0
624,FIRGEU__ligand24111-0
625,FIRGEU__ligand22444-0
626,FIRGEU__ligand196-0
627,FIRGEU__ligand10033-0
628,FIRGEU__ligand686-0
629,FIRGEU__ligand24644-0
630,FIRGEU__ligand12001-0
631,FIRGEU__ligand27840-0
632,FIRGEU__ligand5387-0
633,FIRGEU__ligand2203-0
634,FIRGEU__ligand30728-0
635,FIRGEU__ligand1289-0
636,FIRGEU__ligand422-0
637,FIRGEU__ligand24872-0
638,FIRGEU__ligand25561-0
639,FIRGEU__ligand2417-0
640,FIRGEU__ligand9284-0
641,FIRGEU__ligand3126-0
642,FIRGEU__ligand6391-0
643,FIRGEU__ligand11949-0
644,FIRGEU__ligand22129-0
645,FIRGEU__ligand393-0
646,FIRGEU__ligand1114-0
647,FIRGEU__ligand12138-0
648,FIRGEU__ligand24780-0
649,FIRGEU__ligand1604-0
650,FIRGEU__ligand353-0
651,FIRGEU__ligand9943-0
652,FIRGEU__ligand17427-0
653,FIRGEU__ligand1228-0
654,FIRGEU__ligand31694-0
655,FIRGEU__ligand2043-0
656,FIRGEU__ligand29486-0
657,FIRGEU__ligand8788-0
658,FIRGEU__ligand1832-0
659,FIRGEU__ligand11618-0
660,FIRGEU__ligand6017-0
661,FIRGEU__ligand780-0
662,FIRGEU__ligand314-0
663,FIRGEU__ligand5708-0
664,FIRGEU__ligand7316-0
665,FIRGEU__ligand813-0
666,FIRGEU__ligand5180-0
667,FIRGEU__ligand26529-0
668,FIRGEU__ligand21729-0
669,FIRGEU__ligand27239-0
670,FIRGEU__ligand7172-0
671,FIRGEU__ligand9323-0
672,FIRGEU__ligand618-0
673,FIRGEU__ligand7273-0
674,FIRGEU__ligand391-0
675,FIRGEU__ligand1116-0
676,FIRGEU__ligand3225-0
677,FIRGEU__ligand1153-0
678,FIRGEU__ligand2260-0
679,FIRGEU__ligand19927-0
680,FIRGEU__ligand7092-0
681,FIRGEU__ligand28559-0
682,FIRGEU__ligand67-0
683,FIRGEU__ligand26324-0
684,FIRGEU__ligand2124-0
685,FIRGEU__ligand14043-0
686,FIRGEU__ligand8612-0
687,FIRGEU__ligand16148-0
688,FIRGEU__ligand26631-0
689,FIRGEU__ligand2788-0
690,FIRGEU__ligand5649-0
691,FIRGEU__ligand8793-0
692,FIRGEU__ligand4649-0
693,FIRGEU__ligand12003-0
694,FIRGEU__ligand21399-0
695,FIRGEU__ligand10872-0
696,FIRGEU__ligand29215-0
697,FIRGEU__ligand465-0
698,FIRGEU__ligand2906-0
699,FIRGEU__ligand43-0
700,FIRGEU__ligand3244-0
701,FIRGEU__ligand4711-0
702,FIRGEU__ligand20695-0
703,FIRGEU__ligand27754-0
704,FIRGEU__ligand4807-0
705,FIRGEU__ligand16369-0
706,FIRGEU__ligand28540-0
707,FIRGEU__ligand3178-0
708,FIRGEU__ligand11111-0
709,FIRGEU__ligand9753-0
710,FIRGEU__ligand5530-0
711,FIRGEU__ligand1356-0
712,FIRGEU__ligand1787-0
713,FIRGEU__ligand22403-0
714,FIRGEU__ligand314-1
715,FIRGEU__ligand5159-0
716,FIRGEU__ligand7196-0
717,FIRGEU__ligand13672-0
718,FIRGEU__ligand18568-0
719,FIRGEU__ligand28685-0
720,FIRGEU__ligand5080-0
721,FIRGEU__ligand7762-0
722,FIRGEU__ligand1407-0
723,FIRGEU__ligand6117-0
724,FIRGEU__ligand8002-0
725,FIRGEU__ligand5509-0
726,FIRGEU__ligand115-0
727,FIRGEU__ligand10371-0
728,FIRGEU__ligand12453-0
729,FIRGEU__ligand18448-0
730,FIRGEU__ligand7293-0
731,FIRGEU__ligand2822-0
732,FIRGEU__ligand3867-0
733,FIRGEU__ligand1317-0
734,FIRGEU__ligand28459-0
735,FIRGEU__ligand19184-0
736,FIRGEU__ligand5304-0
737,FIRGEU__ligand9167-0
738,FIRGEU__ligand833-0
739,FIRGEU__ligand2238-0
740,FIRGEU__ligand5510-0
741,FIRGEU__ligand1376-0
742,FIRGEU__ligand9773-0
743,FIRGEU__ligand13477-0
744,FIRGEU__ligand14167-0
745,FIRGEU__ligand30142-0
746,FIRGEU__ligand27669-0
747,FIRGEU__ligand2259-0
748,FIRGEU__ligand1296-0
749,FIRGEU__ligand8592-0
750,FIRGEU__ligand5099-0
751,FIRGEU__ligand784-0
752,FIRGEU__ligand1197-0
753,FIRGEU__ligand3926-0
754,FIRGEU__ligand3120-0
755,FIRGEU__ligand23197-0
756,FIRGEU__ligand4-0
757,FIRGEU__ligand4358-0
758,FIRGEU__ligand368-0
759,FIRGEU__ligand395-0
760,FIRGEU__ligand2221-0
761,FIRGEU__ligand4101-0
762,FIRGEU__ligand27285-0
763,FIRGEU__ligand29029-0
764,FIRGEU__ligand5595-0
765,FIRGEU__ligand22168-0
766,FIRGEU__ligand28930-0
767,FIRGEU__ligand6892-0
768,FIRGEU__ligand746-0
769,FIRGEU__ligand22294-0
770,FIRGEU__ligand21919-0
771,FIRGEU__ligand1211-0
772,FIRGEU__ligand447-0
773,FIRGEU__ligand24-0
774,FIRGEU__ligand1464-0
775,FIRGEU__ligand3712-0
776,FIRGEU__ligand12365-0
777,FIRGEU__ligand10056-0
778,FIRGEU__ligand176-0
779,FIRGEU__ligand2881-0
780,FIRGEU__ligand13862-0
781,FIRGEU__ligand11357-0
782,FIRGEU__ligand28743-0
783,FIRGEU__ligand15531-0
784,FIRGEU__ligand1499-0
785,FIRGEU__ligand28810-0
786,FIRGEU__ligand6699-0
787,FIRGEU__ligand11096-0
788,FIRGEU__ligand11447-0
789,FIRGEU__ligand24230-0
790,FIRGEU__ligand15926-0
791,FIRGEU__ligand19792-0
792,FIRGEU__ligand10828-0
793,FIRGEU__ligand3677-0
794,FIRGEU__ligand3632-0
795,FIRGEU__ligand11970-0
796,FIRGEU__ligand19-0
797,FIRGEU__ligand487-0
798,FIRGEU__ligand1294-0
799,FIRGEU__ligand1168-0
800,FIRGEU__ligand15883-0
801,FIRGEU__ligand7291-0
802,FIRGEU__ligand16988-0
803,FIRGEU__ligand506-0
804,FIRGEU__ligand25913-0
805,FIRGEU__ligand9883-0
806,FIRGEU__ligand3677-1
807,FIRGEU__ligand11682-0
808,FIRGEU__ligand2985-0
809,FIRGEU__ligand4007-0
810,FIRGEU__ligand30711-0
811,FIRGEU__ligand20207-0
812,FIRGEU__ligand78-0
813,FIRGEU__ligand9299-0
814,FIRGEU__ligand3945-0
815,FIRGEU__ligand24035-0
816,FIRGEU__ligand45-0
817,FIRGEU__ligand31044-0
818,FIRGEU__ligand5383-0
819,FIRGEU__ligand2693-0
820,FIRGEU__ligand31842-0
821,FIRGEU__ligand11994-0
822,FIRGEU__ligand16663-0
823,FIRGEU__ligand9344-0
824,FIRGEU__ligand152-0
825,FIRGEU__ligand8000-0
826,FIRGEU__ligand14614-0
827,FIRGEU__ligand3736-0
