,TMC
0,VAZWEY__ligand6-0
1,VAZWEY__ligand2751-0
2,VAZWEY__ligand124-0
3,VAZWEY__ligand57-0
4,VAZWEY__ligand2634-0
5,VAZWEY__ligand1542-0
6,VAZWEY__ligand119-0
7,VAZWEY__ligand3041-0
8,VAZWEY__ligand6332-0
9,VAZWEY__ligand178-0
10,VAZWEY__ligand279-0
11,VAZWEY__ligand3178-0
12,VAZWEY__ligand2863-0
13,VAZWEY__ligand321-0
14,VAZWEY__ligand2098-0
15,VAZWEY__ligand6502-0
16,VAZWEY__ligand6686-0
17,VAZWEY__ligand1747-0
18,VAZWEY__ligand7915-0
19,VAZWEY__ligand5548-0
20,VAZWEY__ligand201-0
21,VAZWEY__ligand3145-0
22,VAZWEY__ligand244-0
23,VAZWEY__ligand100-0
24,VAZWEY__ligand73-0
25,VAZWEY__ligand34-0
26,VAZWEY__ligand596-0
27,VAZWEY__ligand3246-0
28,VAZWEY__ligand187-0
29,VAZWEY__ligand1148-0
30,VAZWEY__ligand612-0
31,VAZWEY__ligand861-0
32,VAZWEY__ligand366-0
33,VAZWEY__ligand1479-0
34,VAZWEY__ligand9244-0
35,VAZWEY__ligand95-0
36,VAZWEY__ligand1228-0
37,VAZWEY__ligand4-0
38,VAZWEY__ligand1538-0
39,VAZWEY__ligand126-0
40,VAZWEY__ligand1114-0
41,VAZWEY__ligand55-0
42,VAZWEY__ligand1459-0
43,VAZWEY__ligand797-0
44,VAZWEY__ligand1544-0
45,VAZWEY__ligand91-0
46,VAZWEY__ligand29-0
47,VAZWEY__ligand51-0
48,VAZWEY__ligand1685-0
49,VAZWEY__ligand3757-0
50,VAZWEY__ligand757-0
51,VAZWEY__ligand2087-0
52,VAZWEY__ligand1048-0
53,VAZWEY__ligand1171-0
54,VAZWEY__ligand3063-0
55,VAZWEY__ligand1438-0
56,VAZWEY__ligand48-0
57,VAZWEY__ligand5801-0
58,VAZWEY__ligand32-0
59,VAZWEY__ligand4381-0
60,VAZWEY__ligand141-0
61,VAZWEY__ligand2629-0
62,VAZWEY__ligand240-0
63,VAZWEY__ligand3734-0
64,VAZWEY__ligand1706-0
65,VAZWEY__ligand1687-0
66,VAZWEY__ligand120-0
67,VAZWEY__ligand1951-0
68,VAZWEY__ligand384-0
69,VAZWEY__ligand6277-0
70,VAZWEY__ligand1376-0
71,VAZWEY__ligand2768-0
72,VAZWEY__ligand2688-0
73,VAZWEY__ligand2259-0
74,VAZWEY__ligand1054-0
75,VAZWEY__ligand6294-0
76,VAZWEY__ligand1248-0
77,VAZWEY__ligand4303-0
78,VAZWEY__ligand1598-0
79,VAZWEY__ligand7464-0
80,VAZWEY__ligand226-0
81,VAZWEY__ligand162-0
82,VAZWEY__ligand11-0
83,VAZWEY__ligand383-0
84,VAZWEY__ligand8774-0
85,VAZWEY__ligand3637-0
86,VAZWEY__ligand571-0
87,VAZWEY__ligand118-0
88,VAZWEY__ligand670-0
89,VAZWEY__ligand1607-0
90,VAZWEY__ligand1152-0
91,VAZWEY__ligand509-0
92,VAZWEY__ligand1727-0
93,VAZWEY__ligand2907-0
94,VAZWEY__ligand669-0
95,VAZWEY__ligand1703-0
96,VAZWEY__ligand2430-0
97,VAZWEY__ligand430-0
98,VAZWEY__ligand358-0
99,VAZWEY__ligand2862-0
100,VAZWEY__ligand365-0
101,VAZWEY__ligand2320-0
102,VAZWEY__ligand1056-0
103,VAZWEY__ligand2510-0
104,VAZWEY__ligand2285-0
105,VAZWEY__ligand1567-0
106,VAZWEY__ligand278-0
107,VAZWEY__ligand8921-0
108,VAZWEY__ligand140-0
109,VAZWEY__ligand105-0
110,VAZWEY__ligand1273-0
111,VAZWEY__ligand1052-0
112,VAZWEY__ligand409-0
113,VAZWEY__ligand324-0
114,VAZWEY__ligand361-0
115,VAZWEY__ligand1502-0
116,VAZWEY__ligand575-0
117,VAZWEY__ligand92-0
118,VAZWEY__ligand4983-0
119,VAZWEY__ligand2345-0
120,VAZWEY__ligand2794-0
121,VAZWEY__ligand1835-0
122,VAZWEY__ligand9027-0
123,VAZWEY__ligand3-0
124,VAZWEY__ligand6396-0
125,VAZWEY__ligand199-0
126,VAZWEY__ligand927-0
127,VAZWEY__ligand1113-0
128,VAZWEY__ligand17-0
129,VAZWEY__ligand2265-0
130,VAZWEY__ligand2838-0
131,VAZWEY__ligand3838-0
132,VAZWEY__ligand1-0
133,VAZWEY__ligand1799-0
134,VAZWEY__ligand5941-0
135,VAZWEY__ligand2880-0
136,VAZWEY__ligand838-0
137,VAZWEY__ligand166-0
138,VAZWEY__ligand532-0
139,VAZWEY__ligand5022-0
140,VAZWEY__ligand633-0
141,VAZWEY__ligand1169-0
142,VAZWEY__ligand918-0
143,VAZWEY__ligand497-0
144,VAZWEY__ligand49-0
145,VAZWEY__ligand283-0
146,VAZWEY__ligand553-0
147,VAZWEY__ligand2864-0
148,VAZWEY__ligand326-0
149,VAZWEY__ligand821-0
150,VAZWEY__ligand6538-0
151,VAZWEY__ligand9495-0
152,VAZWEY__ligand436-0
153,VAZWEY__ligand6151-0
154,VAZWEY__ligand2772-0
155,VAZWEY__ligand206-0
156,VAZWEY__ligand11730-0
157,VAZWEY__ligand2142-0
158,VAZWEY__ligand89-0
159,VAZWEY__ligand142-0
160,VAZWEY__ligand6571-0
161,VAZWEY__ligand352-0
162,VAZWEY__ligand1325-0
163,VAZWEY__ligand783-0
164,VAZWEY__ligand2482-0
165,VAZWEY__ligand85-0
166,VAZWEY__ligand78-0
167,VAZWEY__ligand5762-0
168,VAZWEY__ligand7414-0
169,VAZWEY__ligand136-0
170,VAZWEY__ligand1104-0
171,VAZWEY__ligand45-0
172,VAZWEY__ligand442-0
173,VAZWEY__ligand2442-0
174,VAZWEY__ligand868-0
175,VAZWEY__ligand1019-0
176,VAZWEY__ligand1264-0
177,VAZWEY__ligand1221-0
178,VAZWEY__ligand112-0
179,VAZWEY__ligand6430-0
180,VAZWEY__ligand1299-0
181,VAZWEY__ligand1379-0
182,VAZWEY__ligand2376-0
183,VAZWEY__ligand296-0
184,VAZWEY__ligand2929-0
185,VAZWEY__ligand197-0
186,VAZWEY__ligand2389-0
187,VAZWEY__ligand331-0
188,VAZWEY__ligand993-0
189,VAZWEY__ligand294-0
190,VAZWEY__ligand1919-0
191,VAZWEY__ligand3579-0
192,VAZWEY__ligand584-0
193,VAZWEY__ligand916-0
194,VAZWEY__ligand2110-0
195,VAZWEY__ligand2916-0
196,VAZWEY__ligand421-0
197,VAZWEY__ligand798-0
198,VAZWEY__ligand1712-0
199,VAZWEY__ligand235-0
200,VAZWEY__ligand134-0
201,VAZWEY__ligand932-0
202,VAZWEY__ligand1858-0
203,VAZWEY__ligand390-0
204,VAZWEY__ligand8032-0
205,VAZWEY__ligand3051-0
206,VAZWEY__ligand4504-0
207,VAZWEY__ligand2480-0
208,VAZWEY__ligand1898-0
209,VAZWEY__ligand2315-0
210,VAZWEY__ligand109-0
211,VAZWEY__ligand10357-0
212,VAZWEY__ligand525-0
213,VAZWEY__ligand560-0
214,VAZWEY__ligand5334-0
215,VAZWEY__ligand15630-0
216,VAZWEY__ligand369-0
217,VAZWEY__ligand444-0
218,VAZWEY__ligand6166-0
219,VAZWEY__ligand1246-0
220,VAZWEY__ligand188-0
221,VAZWEY__ligand2599-0
222,VAZWEY__ligand5089-0
223,VAZWEY__ligand3853-0
224,VAZWEY__ligand311-0
225,VAZWEY__ligand2853-0
226,VAZWEY__ligand370-0
227,VAZWEY__ligand1307-0
228,VAZWEY__ligand460-0
229,VAZWEY__ligand250-0
230,VAZWEY__ligand67-0
231,VAZWEY__ligand955-0
232,VAZWEY__ligand1260-0
233,VAZWEY__ligand4894-0
234,VAZWEY__ligand252-0
235,VAZWEY__ligand9620-0
236,VAZWEY__ligand193-0
237,VAZWEY__ligand1449-1
238,VAZWEY__ligand4811-0
239,VAZWEY__ligand830-0
240,VAZWEY__ligand3337-0
241,VAZWEY__ligand7514-0
242,VAZWEY__ligand3566-0
243,VAZWEY__ligand909-0
244,VAZWEY__ligand1178-0
245,VAZWEY__ligand1321-0
246,VAZWEY__ligand851-0
247,VAZWEY__ligand1788-0
248,VAZWEY__ligand177-0
249,VAZWEY__ligand934-0
250,VAZWEY__ligand10910-0
251,VAZWEY__ligand4175-0
252,VAZWEY__ligand2255-0
253,VAZWEY__ligand62-0
254,VAZWEY__ligand210-0
255,VAZWEY__ligand1918-0
256,VAZWEY__ligand14530-0
257,VAZWEY__ligand4370-0
258,VAZWEY__ligand86-0
259,VAZWEY__ligand314-0
260,VAZWEY__ligand481-0
261,VAZWEY__ligand391-0
262,VAZWEY__ligand1436-0
263,VAZWEY__ligand3618-0
264,VAZWEY__ligand2618-0
265,VAZWEY__ligand170-0
266,VAZWEY__ligand2707-0
267,VAZWEY__ligand236-0
268,VAZWEY__ligand1690-0
269,VAZWEY__ligand1551-0
270,VAZWEY__ligand2526-0
271,VAZWEY__ligand10479-0
272,VAZWEY__ligand353-0
273,VAZWEY__ligand18-0
274,VAZWEY__ligand3196-0
275,VAZWEY__ligand4012-0
276,VAZWEY__ligand196-0
277,VAZWEY__ligand502-0
278,VAZWEY__ligand10114-0
279,VAZWEY__ligand422-0
280,VAZWEY__ligand2915-0
281,VAZWEY__ligand113-0
282,VAZWEY__ligand7550-0
283,VAZWEY__ligand8-0
284,VAZWEY__ligand2253-0
285,VAZWEY__ligand21-0
286,VAZWEY__ligand1160-0
287,VAZWEY__ligand5093-0
288,VAZWEY__ligand2954-0
289,VAZWEY__ligand682-0
290,VAZWEY__ligand2762-0
291,VAZWEY__ligand1038-0
292,VAZWEY__ligand4423-0
293,VAZWEY__ligand40-0
294,VAZWEY__ligand1907-0
295,VAZWEY__ligand133-0
296,VAZWEY__ligand3890-0
297,VAZWEY__ligand447-0
298,VAZWEY__ligand7630-0
299,VAZWEY__ligand487-0
300,VAZWEY__ligand666-0
301,VAZWEY__ligand1285-0
302,VAZWEY__ligand38-0
303,VAZWEY__ligand1555-0
304,VAZWEY__ligand522-0
305,VAZWEY__ligand485-0
306,VAZWEY__ligand3478-0
307,VAZWEY__ligand3852-0
308,VAZWEY__ligand355-0
309,VAZWEY__ligand784-0
310,VAZWEY__ligand5758-0
311,VAZWEY__ligand7456-0
312,VAZWEY__ligand1818-0
313,VAZWEY__ligand66-0
314,VAZWEY__ligand3251-0
315,VAZWEY__ligand115-0
316,VAZWEY__ligand4619-0
317,VAZWEY__ligand5235-0
318,VAZWEY__ligand6143-0
319,VAZWEY__ligand2718-0
320,VAZWEY__ligand3035-0
321,VAZWEY__ligand3070-0
322,VAZWEY__ligand1493-0
323,VAZWEY__ligand291-0
324,VAZWEY__ligand9176-0
