,TMC
0,AYUSEU__ligand13425-0
1,AYUSEU__ligand29302-0
2,AYUSEU__ligand9952-0
3,AYUSEU__ligand9111-0
4,AYUSEU__ligand18814-0
5,AYUSEU__ligand1615-0
6,AYUSEU__ligand19057-0
7,AYUSEU__ligand2526-0
8,AYUSEU__ligand5036-0
9,AYUSEU__ligand10262-0
10,AYUSEU__ligand28676-0
11,AYUSEU__ligand1823-0
12,AYUSEU__ligand27763-0
13,AYUSEU__ligand5643-0
14,AYUSEU__ligand8721-0
15,AYUSEU__ligand1324-0
16,AYUSEU__ligand7967-0
17,AYUSEU__ligand10958-0
18,AYUSEU__ligand3707-0
19,AYUSEU__ligand6124-0
20,AYUSEU__ligand4116-0
21,AYUSEU__ligand1018-0
22,AYUSEU__ligand12641-0
23,AYUSEU__ligand197-0
24,AYUSEU__ligand8992-0
25,AYUSEU__ligand9601-0
26,AYUSEU__ligand18-0
27,AYUSEU__ligand14108-0
28,AYUSEU__ligand17805-0
29,AYUSEU__ligand6244-0
30,AYUSEU__ligand1378-0
31,AYUSEU__ligand17302-0
32,AYUSEU__ligand2915-0
33,AYUSEU__ligand3156-0
34,AYUSEU__ligand25178-0
35,AYUSEU__ligand24185-0
36,AYUSEU__ligand352-0
37,AYUSEU__ligand783-0
38,AYUSEU__ligand23769-0
39,AYUSEU__ligand10476-0
40,AYUSEU__ligand1631-0
41,AYUSEU__ligand19830-0
42,AYUSEU__ligand13068-0
43,AYUSEU__ligand15585-0
44,AYUSEU__ligand9933-0
45,AYUSEU__ligand12401-0
46,AYUSEU__ligand868-0
47,AYUSEU__ligand1530-0
48,AYUSEU__ligand1575-0
49,AYUSEU__ligand24145-0
50,AYUSEU__ligand12231-0
51,AYUSEU__ligand12289-0
52,AYUSEU__ligand18292-0
53,AYUSEU__ligand13658-0
54,AYUSEU__ligand2332-0
55,AYUSEU__ligand26702-0
56,AYUSEU__ligand12130-0
57,AYUSEU__ligand17387-0
58,AYUSEU__ligand9441-0
59,AYUSEU__ligand1577-0
60,AYUSEU__ligand6067-0
61,AYUSEU__ligand2295-0
62,AYUSEU__ligand30988-0
63,AYUSEU__ligand18832-0
64,AYUSEU__ligand27175-0
65,AYUSEU__ligand23713-0
66,AYUSEU__ligand4-0
67,AYUSEU__ligand15422-0
68,AYUSEU__ligand235-0
69,AYUSEU__ligand12934-0
70,AYUSEU__ligand20578-0
71,AYUSEU__ligand4620-0
72,AYUSEU__ligand19641-0
73,AYUSEU__ligand14723-0
74,AYUSEU__ligand134-0
75,AYUSEU__ligand27893-0
76,AYUSEU__ligand31783-0
77,AYUSEU__ligand6596-0
78,AYUSEU__ligand3721-0
79,AYUSEU__ligand6904-0
80,AYUSEU__ligand6102-0
81,AYUSEU__ligand3465-0
82,AYUSEU__ligand560-0
83,AYUSEU__ligand17631-0
84,AYUSEU__ligand13012-0
85,AYUSEU__ligand26665-0
86,AYUSEU__ligand7819-0
87,AYUSEU__ligand14297-0
88,AYUSEU__ligand14603-0
89,AYUSEU__ligand2917-0
90,AYUSEU__ligand17258-0
91,AYUSEU__ligand12606-0
92,AYUSEU__ligand294-0
93,AYUSEU__ligand8835-0
94,AYUSEU__ligand2028-0
95,AYUSEU__ligand7126-0
96,AYUSEU__ligand30333-0
97,AYUSEU__ligand26540-0
98,AYUSEU__ligand12337-0
99,AYUSEU__ligand29410-0
100,AYUSEU__ligand1142-0
101,AYUSEU__ligand3234-0
102,AYUSEU__ligand30296-0
103,AYUSEU__ligand17281-0
104,AYUSEU__ligand421-0
105,AYUSEU__ligand16628-0
106,AYUSEU__ligand12427-0
107,AYUSEU__ligand20740-0
108,AYUSEU__ligand28468-0
109,AYUSEU__ligand27460-0
110,AYUSEU__ligand4641-0
111,AYUSEU__ligand685-0
112,AYUSEU__ligand4720-0
113,AYUSEU__ligand370-0
114,AYUSEU__ligand8969-0
115,AYUSEU__ligand17278-0
116,AYUSEU__ligand20011-0
117,AYUSEU__ligand3174-0
118,AYUSEU__ligand3937-0
119,AYUSEU__ligand1202-0
120,AYUSEU__ligand3131-0
121,AYUSEU__ligand6839-0
122,AYUSEU__ligand17982-0
123,AYUSEU__ligand29414-0
124,AYUSEU__ligand20598-0
125,AYUSEU__ligand11675-0
126,AYUSEU__ligand5211-0
127,AYUSEU__ligand24047-0
128,AYUSEU__ligand22557-0
129,AYUSEU__ligand10589-0
130,AYUSEU__ligand4155-0
131,AYUSEU__ligand17398-0
132,AYUSEU__ligand3094-0
133,AYUSEU__ligand250-0
134,AYUSEU__ligand3852-0
135,AYUSEU__ligand2485-0
136,AYUSEU__ligand16475-0
137,AYUSEU__ligand14703-0
138,AYUSEU__ligand6919-0
139,AYUSEU__ligand20251-1
140,AYUSEU__ligand1512-0
141,AYUSEU__ligand5331-0
142,AYUSEU__ligand66-0
143,AYUSEU__ligand3565-0
144,AYUSEU__ligand3718-0
145,AYUSEU__ligand1343-0
146,AYUSEU__ligand3876-0
147,AYUSEU__ligand3035-0
148,AYUSEU__ligand6616-0
149,AYUSEU__ligand31097-0
150,AYUSEU__ligand21581-0
151,AYUSEU__ligand20539-0
152,AYUSEU__ligand188-0
153,AYUSEU__ligand20251-0
154,AYUSEU__ligand1844-0
155,AYUSEU__ligand4661-0
156,AYUSEU__ligand20214-0
157,AYUSEU__ligand30702-0
158,AYUSEU__ligand3504-0
159,AYUSEU__ligand1959-0
160,AYUSEU__ligand1536-0
161,AYUSEU__ligand1573-0
162,AYUSEU__ligand42-0
163,AYUSEU__ligand14117-0
164,AYUSEU__ligand9935-0
165,AYUSEU__ligand17261-0
166,AYUSEU__ligand9908-0
167,AYUSEU__ligand28789-0
168,AYUSEU__ligand1263-0
169,AYUSEU__ligand785-0
170,AYUSEU__ligand20419-0
171,AYUSEU__ligand311-0
172,AYUSEU__ligand21371-0
173,AYUSEU__ligand17118-0
174,AYUSEU__ligand479-0
175,AYUSEU__ligand7242-0
176,AYUSEU__ligand14889-0
177,AYUSEU__ligand30851-0
178,AYUSEU__ligand564-0
179,AYUSEU__ligand29568-0
180,AYUSEU__ligand7106-0
181,AYUSEU__ligand370-1
182,AYUSEU__ligand620-0
183,AYUSEU__ligand8699-0
184,AYUSEU__ligand1160-0
185,AYUSEU__ligand9520-0
186,AYUSEU__ligand4093-0
187,AYUSEU__ligand4442-0
188,AYUSEU__ligand3954-0
189,AYUSEU__ligand38-0
190,AYUSEU__ligand7629-0
191,AYUSEU__ligand13208-0
192,AYUSEU__ligand909-0
193,AYUSEU__ligand1451-0
194,AYUSEU__ligand4272-0
195,AYUSEU__ligand9784-0
196,AYUSEU__ligand26810-0
197,AYUSEU__ligand27482-0
198,AYUSEU__ligand20682-0
199,AYUSEU__ligand7238-0
200,AYUSEU__ligand1790-0
201,AYUSEU__ligand1304-0
202,AYUSEU__ligand7280-0
203,AYUSEU__ligand177-0
204,AYUSEU__ligand1219-0
205,AYUSEU__ligand6709-0
206,AYUSEU__ligand7867-0
207,AYUSEU__ligand13390-0
208,AYUSEU__ligand4016-0
209,AYUSEU__ligand116-0
210,AYUSEU__ligand4503-0
211,AYUSEU__ligand4546-0
212,AYUSEU__ligand252-0
213,AYUSEU__ligand25411-0
214,AYUSEU__ligand1285-0
215,AYUSEU__ligand11456-0
216,AYUSEU__ligand1982-0
217,AYUSEU__ligand7000-0
218,AYUSEU__ligand14174-0
219,AYUSEU__ligand8115-0
220,AYUSEU__ligand6768-0
221,AYUSEU__ligand10712-0
222,AYUSEU__ligand9291-0
223,AYUSEU__ligand830-0
224,AYUSEU__ligand28884-0
225,AYUSEU__ligand13331-0
226,AYUSEU__ligand2176-0
227,AYUSEU__ligand372-0
228,AYUSEU__ligand12030-0
229,AYUSEU__ligand29879-0
230,AYUSEU__ligand14248-0
231,AYUSEU__ligand2232-0
232,AYUSEU__ligand31832-0
233,AYUSEU__ligand4157-0
234,AYUSEU__ligand193-0
235,AYUSEU__ligand13294-0
236,AYUSEU__ligand5256-0
237,AYUSEU__ligand9833-0
238,AYUSEU__ligand8876-0
239,AYUSEU__ligand2828-0
240,AYUSEU__ligand7648-0
241,AYUSEU__ligand314-0
242,AYUSEU__ligand780-0
243,AYUSEU__ligand19725-0
244,AYUSEU__ligand813-0
245,AYUSEU__ligand24613-0
246,AYUSEU__ligand5892-0
247,AYUSEU__ligand5094-0
248,AYUSEU__ligand31483-0
249,AYUSEU__ligand1712-0
250,AYUSEU__ligand4131-0
251,AYUSEU__ligand10555-0
252,AYUSEU__ligand17710-0
253,AYUSEU__ligand20579-0
254,AYUSEU__ligand1496-0
255,AYUSEU__ligand11568-0
256,AYUSEU__ligand7557-0
257,AYUSEU__ligand618-0
258,AYUSEU__ligand1533-0
259,AYUSEU__ligand11774-0
260,AYUSEU__ligand14586-0
261,AYUSEU__ligand391-0
262,AYUSEU__ligand21421-0
263,AYUSEU__ligand1327-0
264,AYUSEU__ligand9809-0
265,AYUSEU__ligand6672-0
266,AYUSEU__ligand8722-0
267,AYUSEU__ligand12682-0
268,AYUSEU__ligand18699-0
269,AYUSEU__ligand3350-0
270,AYUSEU__ligand2781-0
271,AYUSEU__ligand7573-0
272,AYUSEU__ligand2208-0
273,AYUSEU__ligand17590-0
274,AYUSEU__ligand465-0
275,AYUSEU__ligand3208-0
276,AYUSEU__ligand17240-0
277,AYUSEU__ligand12336-0
278,AYUSEU__ligand1900-0
279,AYUSEU__ligand9197-0
280,AYUSEU__ligand13072-0
281,AYUSEU__ligand2328-0
282,AYUSEU__ligand4581-0
283,AYUSEU__ligand1773-0
284,AYUSEU__ligand3029-0
285,AYUSEU__ligand7162-0
286,AYUSEU__ligand314-1
287,AYUSEU__ligand5849-0
288,AYUSEU__ligand18703-0
289,AYUSEU__ligand19-0
290,AYUSEU__ligand29087-0
291,AYUSEU__ligand3392-0
292,AYUSEU__ligand4911-0
293,AYUSEU__ligand15438-0
294,AYUSEU__ligand1771-0
295,AYUSEU__ligand196-0
296,AYUSEU__ligand28924-0
297,AYUSEU__ligand8464-0
298,AYUSEU__ligand686-0
299,AYUSEU__ligand1709-0
300,AYUSEU__ligand8349-0
301,AYUSEU__ligand24750-0
302,AYUSEU__ligand24-0
303,AYUSEU__ligand31578-0
304,AYUSEU__ligand17207-0
305,AYUSEU__ligand18013-0
306,AYUSEU__ligand25224-0
307,AYUSEU__ligand2527-0
308,AYUSEU__ligand422-0
309,AYUSEU__ligand17945-0
310,AYUSEU__ligand3871-0
311,AYUSEU__ligand1469-0
312,AYUSEU__ligand1768-0
313,AYUSEU__ligand31618-0
314,AYUSEU__ligand11432-0
315,AYUSEU__ligand10432-0
316,AYUSEU__ligand4850-0
317,AYUSEU__ligand22755-0
318,AYUSEU__ligand5056-0
319,AYUSEU__ligand393-0
320,AYUSEU__ligand1688-0
321,AYUSEU__ligand3647-0
322,AYUSEU__ligand45-0
323,AYUSEU__ligand26277-0
324,AYUSEU__ligand5357-0
325,AYUSEU__ligand29898-0
326,AYUSEU__ligand15168-0
327,AYUSEU__ligand3157-0
328,AYUSEU__ligand78-0
329,AYUSEU__ligand1165-0
330,AYUSEU__ligand9525-0
331,AYUSEU__ligand353-0
332,AYUSEU__ligand23589-0
333,AYUSEU__ligand5935-0
334,AYUSEU__ligand1379-0
335,AYUSEU__ligand24064-0
336,AYUSEU__ligand2722-0
337,AYUSEU__ligand746-0
338,AYUSEU__ligand5316-0
339,AYUSEU__ligand447-0
340,AYUSEU__ligand3-0
341,AYUSEU__ligand5483-0
342,AYUSEU__ligand23124-0
343,AYUSEU__ligand5627-0
344,AYUSEU__ligand11206-0
345,AYUSEU__ligand1729-0
346,AYUSEU__ligand12519-0
347,AYUSEU__ligand25735-0
348,AYUSEU__ligand2830-0
349,AYUSEU__ligand176-0
350,AYUSEU__ligand19257-0
351,AYUSEU__ligand13209-0
352,AYUSEU__ligand6946-0
353,AYUSEU__ligand1415-0
354,AYUSEU__ligand12660-0
355,AYUSEU__ligand7529-0
356,AYUSEU__ligand9148-0
357,AYUSEU__ligand25650-0
358,AYUSEU__ligand487-0
359,AYUSEU__ligand31248-0
360,AYUSEU__ligand2403-0
361,AYUSEU__ligand27835-0
362,AYUSEU__ligand12295-0
363,AYUSEU__ligand506-0
364,AYUSEU__ligand3934-0
365,AYUSEU__ligand25689-0
366,AYUSEU__ligand21787-0
367,AYUSEU__ligand6455-0
368,AYUSEU__ligand6882-0
369,AYUSEU__ligand25575-0
370,AYUSEU__ligand9681-0
371,AYUSEU__ligand4332-0
372,AYUSEU__ligand30539-0
373,AYUSEU__ligand11166-0
374,AYUSEU__ligand1449-0
375,AYUSEU__ligand152-0
376,AYUSEU__ligand3012-0
377,AYUSEU__ligand21132-0
378,AYUSEU__ligand1065-0
379,AYUSEU__ligand23906-0
380,AYUSEU__ligand7530-0
381,AYUSEU__ligand2599-0
382,AYUSEU__ligand12467-0
383,AYUSEU__ligand4330-0
384,AYUSEU__ligand67-0
385,AYUSEU__ligand10084-0
386,AYUSEU__ligand25267-0
387,AYUSEU__ligand23904-0
388,AYUSEU__ligand7532-0
389,AYUSEU__ligand4194-0
390,AYUSEU__ligand21936-0
391,AYUSEU__ligand13257-0
392,AYUSEU__ligand115-0
393,AYUSEU__ligand20599-0
394,AYUSEU__ligand2068-0
395,AYUSEU__ligand7925-0
396,AYUSEU__ligand25805-0
397,AYUSEU__ligand22981-0
398,AYUSEU__ligand27074-0
399,AYUSEU__ligand1147-0
400,AYUSEU__ligand18391-0
401,AYUSEU__ligand27169-0
402,AYUSEU__ligand14523-0
403,AYUSEU__ligand3973-0
404,AYUSEU__ligand833-0
405,AYUSEU__ligand28668-0
406,AYUSEU__ligand7107-0
407,AYUSEU__ligand16791-0
408,AYUSEU__ligand18799-0
409,AYUSEU__ligand18465-0
410,AYUSEU__ligand784-0
411,AYUSEU__ligand3215-0
412,AYUSEU__ligand368-0
413,AYUSEU__ligand18074-0
414,AYUSEU__ligand4813-0
415,AYUSEU__ligand13869-0
416,AYUSEU__ligand5813-0
417,AYUSEU__ligand29863-0
418,AYUSEU__ligand4738-0
419,AYUSEU__ligand1-0
420,AYUSEU__ligand6062-0
421,AYUSEU__ligand43-0
422,AYUSEU__ligand395-0
423,AYUSEU__ligand11140-0
424,AYUSEU__ligand6283-0
425,AYUSEU__ligand29610-0
426,AYUSEU__ligand3261-0
427,AYUSEU__ligand1152-0
428,AYUSEU__ligand5019-0
429,AYUSEU__ligand321-0
430,AYUSEU__ligand1216-0
431,AYUSEU__ligand27550-0
432,AYUSEU__ligand14007-0
433,AYUSEU__ligand18019-1
434,AYUSEU__ligand178-0
435,AYUSEU__ligand1849-0
436,AYUSEU__ligand185-0
437,AYUSEU__ligand279-0
438,AYUSEU__ligand5614-0
439,AYUSEU__ligand5280-0
440,AYUSEU__ligand1831-0
441,AYUSEU__ligand27771-0
442,AYUSEU__ligand201-0
443,AYUSEU__ligand18158-0
444,AYUSEU__ligand5515-0
445,AYUSEU__ligand23682-0
446,AYUSEU__ligand6663-0
447,AYUSEU__ligand29565-0
448,AYUSEU__ligand20942-1
449,AYUSEU__ligand16956-0
450,AYUSEU__ligand14226-0
451,AYUSEU__ligand21339-0
452,AYUSEU__ligand17445-0
453,AYUSEU__ligand1786-0
454,AYUSEU__ligand14477-0
455,AYUSEU__ligand5630-0
456,AYUSEU__ligand17069-0
457,AYUSEU__ligand11798-0
458,AYUSEU__ligand338-0
459,AYUSEU__ligand1908-0
460,AYUSEU__ligand3285-0
461,AYUSEU__ligand20731-0
462,AYUSEU__ligand4795-0
463,AYUSEU__ligand12413-0
464,AYUSEU__ligand29334-0
465,AYUSEU__ligand22357-0
466,AYUSEU__ligand3144-0
467,AYUSEU__ligand5085-0
468,AYUSEU__ligand11758-0
469,AYUSEU__ligand21448-0
470,AYUSEU__ligand4710-0
471,AYUSEU__ligand5755-0
472,AYUSEU__ligand1397-0
473,AYUSEU__ligand7213-0
474,AYUSEU__ligand11544-0
475,AYUSEU__ligand11501-0
476,AYUSEU__ligand1828-0
477,AYUSEU__ligand6112-0
478,AYUSEU__ligand29214-0
479,AYUSEU__ligand8042-0
480,AYUSEU__ligand1288-0
481,AYUSEU__ligand69-0
482,AYUSEU__ligand845-0
483,AYUSEU__ligand9491-0
484,AYUSEU__ligand4266-0
485,AYUSEU__ligand1400-0
486,AYUSEU__ligand20557-0
487,AYUSEU__ligand4167-0
488,AYUSEU__ligand30004-0
489,AYUSEU__ligand1817-0
490,AYUSEU__ligand6993-0
491,AYUSEU__ligand1779-0
492,AYUSEU__ligand21940-0
493,AYUSEU__ligand126-0
494,AYUSEU__ligand25048-0
495,AYUSEU__ligand163-0
496,AYUSEU__ligand9750-0
497,AYUSEU__ligand11-0
498,AYUSEU__ligand23445-0
499,AYUSEU__ligand7075-0
500,AYUSEU__ligand24953-0
501,AYUSEU__ligand1149-0
502,AYUSEU__ligand13755-0
503,AYUSEU__ligand16133-0
504,AYUSEU__ligand3557-0
505,AYUSEU__ligand27122-0
506,AYUSEU__ligand20432-0
507,AYUSEU__ligand3980-0
508,AYUSEU__ligand941-0
509,AYUSEU__ligand596-0
510,AYUSEU__ligand30788-0
511,AYUSEU__ligand13691-0
512,AYUSEU__ligand3042-0
513,AYUSEU__ligand14339-0
514,AYUSEU__ligand4063-0
515,AYUSEU__ligand7438-0
516,AYUSEU__ligand8200-0
517,AYUSEU__ligand21752-0
518,AYUSEU__ligand777-0
519,AYUSEU__ligand1539-0
520,AYUSEU__ligand20844-0
521,AYUSEU__ligand18413-0
522,AYUSEU__ligand24624-0
523,AYUSEU__ligand366-0
524,AYUSEU__ligand18757-0
525,AYUSEU__ligand1150-0
526,AYUSEU__ligand24560-0
527,AYUSEU__ligand3416-0
528,AYUSEU__ligand3453-0
529,AYUSEU__ligand187-0
530,AYUSEU__ligand4207-0
531,AYUSEU__ligand657-0
532,AYUSEU__ligand31205-0
533,AYUSEU__ligand17686-0
534,AYUSEU__ligand25658-0
535,AYUSEU__ligand8529-0
536,AYUSEU__ligand1169-0
537,AYUSEU__ligand89-0
538,AYUSEU__ligand15455-0
539,AYUSEU__ligand693-0
540,AYUSEU__ligand11177-0
541,AYUSEU__ligand11622-0
542,AYUSEU__ligand4596-0
543,AYUSEU__ligand16870-0
544,AYUSEU__ligand1498-0
545,AYUSEU__ligand16603-0
546,AYUSEU__ligand1154-0
547,AYUSEU__ligand49-0
548,AYUSEU__ligand11814-0
549,AYUSEU__ligand9615-0
550,AYUSEU__ligand1028-0
551,AYUSEU__ligand31000-0
552,AYUSEU__ligand11606-0
553,AYUSEU__ligand4262-0
554,AYUSEU__ligand20821-0
555,AYUSEU__ligand2692-0
556,AYUSEU__ligand26673-0
557,AYUSEU__ligand1618-0
558,AYUSEU__ligand19824-0
559,AYUSEU__ligand18067-0
560,AYUSEU__ligand757-0
561,AYUSEU__ligand2027-0
562,AYUSEU__ligand10582-0
563,AYUSEU__ligand122-0
564,AYUSEU__ligand13260-0
565,AYUSEU__ligand1050-0
566,AYUSEU__ligand1015-0
567,AYUSEU__ligand11252-0
568,AYUSEU__ligand2650-0
569,AYUSEU__ligand17-0
570,AYUSEU__ligand2281-0
571,AYUSEU__ligand4340-0
572,AYUSEU__ligand384-0
573,AYUSEU__ligand3180-0
574,AYUSEU__ligand6995-0
575,AYUSEU__ligand10151-0
576,AYUSEU__ligand2823-0
577,AYUSEU__ligand4124-0
578,AYUSEU__ligand4161-0
579,AYUSEU__ligand3471-0
580,AYUSEU__ligand19906-0
581,AYUSEU__ligand19668-0
582,AYUSEU__ligand22353-0
583,AYUSEU__ligand768-0
584,AYUSEU__ligand5415-0
585,AYUSEU__ligand14302-0
586,AYUSEU__ligand13657-0
587,AYUSEU__ligand14347-0
588,AYUSEU__ligand20530-0
589,AYUSEU__ligand11698-0
590,AYUSEU__ligand5201-0
591,AYUSEU__ligand24851-0
592,AYUSEU__ligand29441-0
593,AYUSEU__ligand10853-0
594,AYUSEU__ligand1113-0
595,AYUSEU__ligand10479-0
596,AYUSEU__ligand27610-0
597,AYUSEU__ligand11479-0
598,AYUSEU__ligand8553-0
599,AYUSEU__ligand29813-0
600,AYUSEU__ligand16952-0
601,AYUSEU__ligand9944-0
602,AYUSEU__ligand8593-0
603,AYUSEU__ligand2001-0
604,AYUSEU__ligand20121-0
605,AYUSEU__ligand15387-0
606,AYUSEU__ligand141-0
607,AYUSEU__ligand7566-0
608,AYUSEU__ligand20220-0
609,AYUSEU__ligand240-0
610,AYUSEU__ligand383-0
611,AYUSEU__ligand55-0
612,AYUSEU__ligand2612-0
613,AYUSEU__ligand24111-0
614,AYUSEU__ligand22444-0
615,AYUSEU__ligand416-0
616,AYUSEU__ligand1599-0
617,AYUSEU__ligand13385-0
618,AYUSEU__ligand14569-0
619,AYUSEU__ligand23175-0
620,AYUSEU__ligand15788-0
621,AYUSEU__ligand9450-0
622,AYUSEU__ligand226-0
623,AYUSEU__ligand17396-0
624,AYUSEU__ligand162-0
625,AYUSEU__ligand13220-0
626,AYUSEU__ligand11587-0
627,AYUSEU__ligand24872-0
628,AYUSEU__ligand30728-0
629,AYUSEU__ligand27840-0
630,AYUSEU__ligand2203-0
631,AYUSEU__ligand5387-0
632,AYUSEU__ligand12001-0
633,AYUSEU__ligand1289-0
634,AYUSEU__ligand24644-0
635,AYUSEU__ligand68-0
636,AYUSEU__ligand10033-0
637,AYUSEU__ligand12138-0
638,AYUSEU__ligand24780-0
639,AYUSEU__ligand2417-0
640,AYUSEU__ligand22129-0
641,AYUSEU__ligand11949-0
642,AYUSEU__ligand656-0
643,AYUSEU__ligand9284-0
644,AYUSEU__ligand6391-0
645,AYUSEU__ligand3126-0
646,AYUSEU__ligand1114-0
647,AYUSEU__ligand25561-0
648,AYUSEU__ligand1604-0
649,AYUSEU__ligand29486-0
650,AYUSEU__ligand31694-0
651,AYUSEU__ligand34-0
652,AYUSEU__ligand1228-0
653,AYUSEU__ligand9943-0
654,AYUSEU__ligand17427-0
655,AYUSEU__ligand2043-0
656,AYUSEU__ligand696-0
657,AYUSEU__ligand8788-0
658,AYUSEU__ligand1832-0
659,AYUSEU__ligand26529-0
660,AYUSEU__ligand488-0
661,AYUSEU__ligand6017-0
662,AYUSEU__ligand430-0
663,AYUSEU__ligand5708-0
664,AYUSEU__ligand7316-0
665,AYUSEU__ligand358-0
666,AYUSEU__ligand694-0
667,AYUSEU__ligand5180-0
668,AYUSEU__ligand11618-0
669,AYUSEU__ligand14043-0
670,AYUSEU__ligand28559-0
671,AYUSEU__ligand26324-0
672,AYUSEU__ligand7172-0
673,AYUSEU__ligand9323-0
674,AYUSEU__ligand19927-0
675,AYUSEU__ligand7273-0
676,AYUSEU__ligand3225-0
677,AYUSEU__ligand1153-0
678,AYUSEU__ligand1116-0
679,AYUSEU__ligand7092-0
680,AYUSEU__ligand2260-0
681,AYUSEU__ligand2124-0
682,AYUSEU__ligand21729-0
683,AYUSEU__ligand8612-0
684,AYUSEU__ligand27239-0
685,AYUSEU__ligand8793-0
686,AYUSEU__ligand5649-0
687,AYUSEU__ligand2788-0
688,AYUSEU__ligand571-0
689,AYUSEU__ligand534-0
690,AYUSEU__ligand4649-0
691,AYUSEU__ligand29215-0
692,AYUSEU__ligand670-0
693,AYUSEU__ligand21399-0
694,AYUSEU__ligand10872-0
695,AYUSEU__ligand2906-0
696,AYUSEU__ligand12003-0
697,AYUSEU__ligand4711-0
698,AYUSEU__ligand3244-0
699,AYUSEU__ligand26631-0
700,AYUSEU__ligand16148-0
701,AYUSEU__ligand4807-0
702,AYUSEU__ligand57-0
703,AYUSEU__ligand22403-0
704,AYUSEU__ligand3178-0
705,AYUSEU__ligand28540-0
706,AYUSEU__ligand9753-0
707,AYUSEU__ligand11111-0
708,AYUSEU__ligand16369-0
709,AYUSEU__ligand5530-0
710,AYUSEU__ligand1787-0
711,AYUSEU__ligand1356-0
712,AYUSEU__ligand5159-0
713,AYUSEU__ligand7196-0
714,AYUSEU__ligand20695-0
715,AYUSEU__ligand27754-0
716,AYUSEU__ligand10371-0
717,AYUSEU__ligand300-0
718,AYUSEU__ligand7762-0
719,AYUSEU__ligand5080-0
720,AYUSEU__ligand1407-0
721,AYUSEU__ligand6117-0
722,AYUSEU__ligand588-0
723,AYUSEU__ligand5509-0
724,AYUSEU__ligand8002-0
725,AYUSEU__ligand28685-0
726,AYUSEU__ligand18568-0
727,AYUSEU__ligand13672-0
728,AYUSEU__ligand199-0
729,AYUSEU__ligand2822-0
730,AYUSEU__ligand19184-0
731,AYUSEU__ligand7293-0
732,AYUSEU__ligand1317-0
733,AYUSEU__ligand3867-0
734,AYUSEU__ligand5304-0
735,AYUSEU__ligand16-0
736,AYUSEU__ligand28459-0
737,AYUSEU__ligand18448-0
738,AYUSEU__ligand9167-0
739,AYUSEU__ligand12453-0
740,AYUSEU__ligand2238-0
741,AYUSEU__ligand5510-0
742,AYUSEU__ligand1376-0
743,AYUSEU__ligand9773-0
744,AYUSEU__ligand27669-0
745,AYUSEU__ligand2259-0
746,AYUSEU__ligand30142-0
747,AYUSEU__ligand1296-0
748,AYUSEU__ligand5099-0
749,AYUSEU__ligand14167-0
750,AYUSEU__ligand13477-0
751,AYUSEU__ligand8592-0
752,AYUSEU__ligand32-0
753,AYUSEU__ligand1197-0
754,AYUSEU__ligand3120-0
755,AYUSEU__ligand3926-0
756,AYUSEU__ligand4358-0
757,AYUSEU__ligand8-0
758,AYUSEU__ligand27285-0
759,AYUSEU__ligand409-0
760,AYUSEU__ligand2221-0
761,AYUSEU__ligand29029-0
762,AYUSEU__ligand324-0
763,AYUSEU__ligand361-0
764,AYUSEU__ligand4101-0
765,AYUSEU__ligand5595-0
766,AYUSEU__ligand23197-0
767,AYUSEU__ligand13862-0
768,AYUSEU__ligand11357-0
769,AYUSEU__ligand15531-0
770,AYUSEU__ligand326-0
771,AYUSEU__ligand28743-0
772,AYUSEU__ligand6892-0
773,AYUSEU__ligand48-0
774,AYUSEU__ligand10056-0
775,AYUSEU__ligand12365-0
776,AYUSEU__ligand1211-0
777,AYUSEU__ligand1464-0
778,AYUSEU__ligand3712-0
779,AYUSEU__ligand21919-0
780,AYUSEU__ligand22294-0
781,AYUSEU__ligand2881-0
782,AYUSEU__ligand1499-0
783,AYUSEU__ligand28930-0
784,AYUSEU__ligand22168-0
785,AYUSEU__ligand6699-0
786,AYUSEU__ligand692-0
787,AYUSEU__ligand15883-0
788,AYUSEU__ligand11970-0
789,AYUSEU__ligand19792-0
790,AYUSEU__ligand3632-0
791,AYUSEU__ligand10828-0
792,AYUSEU__ligand3677-0
793,AYUSEU__ligand15926-0
794,AYUSEU__ligand24230-0
795,AYUSEU__ligand1294-0
796,AYUSEU__ligand436-0
797,AYUSEU__ligand1168-0
798,AYUSEU__ligand28810-0
799,AYUSEU__ligand11096-0
800,AYUSEU__ligand11447-0
801,AYUSEU__ligand7291-0
802,AYUSEU__ligand20207-0
803,AYUSEU__ligand30711-0
804,AYUSEU__ligand3677-1
805,AYUSEU__ligand9883-0
806,AYUSEU__ligand11682-0
807,AYUSEU__ligand2985-0
808,AYUSEU__ligand4007-0
809,AYUSEU__ligand51-0
810,AYUSEU__ligand16988-0
811,AYUSEU__ligand9299-0
812,AYUSEU__ligand25913-0
813,AYUSEU__ligand3945-0
814,AYUSEU__ligand14614-0
815,AYUSEU__ligand497-0
816,AYUSEU__ligand91-0
817,AYUSEU__ligand5383-0
818,AYUSEU__ligand2693-0
819,AYUSEU__ligand16663-0
820,AYUSEU__ligand11994-0
821,AYUSEU__ligand9344-0
822,AYUSEU__ligand31842-0
823,AYUSEU__ligand31044-0
824,AYUSEU__ligand8000-0
825,AYUSEU__ligand633-0
826,AYUSEU__ligand3736-0
827,AYUSEU__ligand24035-0
