,TMC
0,OJECOX__ligand353-0
1,OJECOX__ligand5235-0
2,OJECOX__ligand6143-0
3,OJECOX__ligand4619-0
4,OJECOX__ligand32-0
5,OJECOX__ligand3251-0
6,OJECOX__ligand236-0
7,OJECOX__ligand9176-0
8,OJECOX__ligand10479-0
9,OJECOX__ligand1493-0
10,OJECOX__ligand2718-0
11,OJECOX__ligand3035-0
12,OJECOX__ligand3070-0
13,OJECOX__ligand5758-0
14,OJECOX__ligand113-0
15,OJECOX__ligand3852-0
16,OJECOX__ligand422-0
17,OJECOX__ligand3478-0
18,OJECOX__ligand1818-0
19,OJECOX__ligand10114-0
20,OJECOX__ligand502-0
21,OJECOX__ligand196-0
22,OJECOX__ligand7456-0
23,OJECOX__ligand10910-0
24,OJECOX__ligand3890-0
25,OJECOX__ligand51-0
26,OJECOX__ligand1907-0
27,OJECOX__ligand4423-0
28,OJECOX__ligand1555-0
29,OJECOX__ligand91-0
30,OJECOX__ligand210-0
31,OJECOX__ligand1285-0
32,OJECOX__ligand29-0
33,OJECOX__ligand7630-0
34,OJECOX__ligand48-0
35,OJECOX__ligand14530-0
36,OJECOX__ligand170-0
37,OJECOX__ligand7550-0
38,OJECOX__ligand391-0
39,OJECOX__ligand1038-0
40,OJECOX__ligand481-0
41,OJECOX__ligand314-0
42,OJECOX__ligand2762-0
43,OJECOX__ligand5093-0
44,OJECOX__ligand2954-0
45,OJECOX__ligand2253-0
46,OJECOX__ligand1160-0
47,OJECOX__ligand3196-0
48,OJECOX__ligand4012-0
49,OJECOX__ligand34-0
50,OJECOX__ligand2915-0
51,OJECOX__ligand355-0
52,OJECOX__ligand784-0
53,OJECOX__ligand485-0
54,OJECOX__ligand1690-0
55,OJECOX__ligand55-0
56,OJECOX__ligand291-0
57,OJECOX__ligand2707-0
58,OJECOX__ligand115-0
59,OJECOX__ligand2526-0
60,OJECOX__ligand1551-0
61,OJECOX__ligand95-0
62,OJECOX__ligand4370-0
63,OJECOX__ligand682-0
64,OJECOX__ligand57-0
65,OJECOX__ligand3618-0
66,OJECOX__ligand2618-0
67,OJECOX__ligand1436-0
68,OJECOX__ligand522-0
69,OJECOX__ligand73-0
70,OJECOX__ligand2255-0
71,OJECOX__ligand666-0
72,OJECOX__ligand487-0
73,OJECOX__ligand4175-0
74,OJECOX__ligand447-0
75,OJECOX__ligand133-0
76,OJECOX__ligand1918-0
77,OJECOX__ligand8-0
78,OJECOX__ligand798-0
79,OJECOX__ligand1321-0
80,OJECOX__ligand421-0
81,OJECOX__ligand3566-0
82,OJECOX__ligand584-0
83,OJECOX__ligand916-0
84,OJECOX__ligand1178-0
85,OJECOX__ligand294-0
86,OJECOX__ligand993-0
87,OJECOX__ligand331-0
88,OJECOX__ligand1788-0
89,OJECOX__ligand560-0
90,OJECOX__ligand525-0
91,OJECOX__ligand1260-0
92,OJECOX__ligand4894-0
93,OJECOX__ligand9620-0
94,OJECOX__ligand89-0
95,OJECOX__ligand109-0
96,OJECOX__ligand3337-0
97,OJECOX__ligand7514-0
98,OJECOX__ligand390-0
99,OJECOX__ligand49-0
100,OJECOX__ligand10357-0
101,OJECOX__ligand1449-1
102,OJECOX__ligand4811-0
103,OJECOX__ligand932-0
104,OJECOX__ligand134-0
105,OJECOX__ligand15630-0
106,OJECOX__ligand235-0
107,OJECOX__ligand868-0
108,OJECOX__ligand1307-0
109,OJECOX__ligand442-0
110,OJECOX__ligand136-0
111,OJECOX__ligand352-0
112,OJECOX__ligand783-0
113,OJECOX__ligand197-0
114,OJECOX__ligand1246-0
115,OJECOX__ligand17-0
116,OJECOX__ligand296-0
117,OJECOX__ligand6166-0
118,OJECOX__ligand3853-0
119,OJECOX__ligand2853-0
120,OJECOX__ligand112-0
121,OJECOX__ligand5089-0
122,OJECOX__ligand2599-0
123,OJECOX__ligand92-0
124,OJECOX__ligand8032-0
125,OJECOX__ligand1858-0
126,OJECOX__ligand830-0
127,OJECOX__ligand193-0
128,OJECOX__ligand252-0
129,OJECOX__ligand5334-0
130,OJECOX__ligand955-0
131,OJECOX__ligand2315-0
132,OJECOX__ligand3051-0
133,OJECOX__ligand4504-0
134,OJECOX__ligand2480-0
135,OJECOX__ligand1898-0
136,OJECOX__ligand934-0
137,OJECOX__ligand177-0
138,OJECOX__ligand1919-0
139,OJECOX__ligand2389-0
140,OJECOX__ligand851-0
141,OJECOX__ligand1712-0
142,OJECOX__ligand2110-0
143,OJECOX__ligand2916-0
144,OJECOX__ligand3579-0
145,OJECOX__ligand909-0
146,OJECOX__ligand1379-0
147,OJECOX__ligand311-0
148,OJECOX__ligand6430-0
149,OJECOX__ligand1299-0
150,OJECOX__ligand1264-0
151,OJECOX__ligand1221-0
152,OJECOX__ligand2929-0
153,OJECOX__ligand188-0
154,OJECOX__ligand2376-0
155,OJECOX__ligand444-0
156,OJECOX__ligand369-0
157,OJECOX__ligand250-0
158,OJECOX__ligand1325-0
159,OJECOX__ligand2482-0
160,OJECOX__ligand460-0
161,OJECOX__ligand6571-0
162,OJECOX__ligand2442-0
163,OJECOX__ligand1019-0
164,OJECOX__ligand370-0
165,OJECOX__ligand11-0
166,OJECOX__ligand7414-0
167,OJECOX__ligand5762-0
168,OJECOX__ligand1104-0
169,OJECOX__ligand2864-0
170,OJECOX__ligand509-0
171,OJECOX__ligand670-0
172,OJECOX__ligand118-0
173,OJECOX__ligand2142-0
174,OJECOX__ligand571-0
175,OJECOX__ligand9495-0
176,OJECOX__ligand6151-0
177,OJECOX__ligand2772-0
178,OJECOX__ligand6538-0
179,OJECOX__ligand278-0
180,OJECOX__ligand5941-0
181,OJECOX__ligand2880-0
182,OJECOX__ligand365-0
183,OJECOX__ligand2838-0
184,OJECOX__ligand3838-0
185,OJECOX__ligand1799-0
186,OJECOX__ligand358-0
187,OJECOX__ligand430-0
188,OJECOX__ligand5022-0
189,OJECOX__ligand1169-0
190,OJECOX__ligand669-0
191,OJECOX__ligand2345-0
192,OJECOX__ligand2794-0
193,OJECOX__ligand1835-0
194,OJECOX__ligand4983-0
195,OJECOX__ligand1502-0
196,OJECOX__ligand1113-0
197,OJECOX__ligand2265-0
198,OJECOX__ligand6396-0
199,OJECOX__ligand9027-0
200,OJECOX__ligand1273-0
201,OJECOX__ligand67-0
202,OJECOX__ligand383-0
203,OJECOX__ligand1052-0
204,OJECOX__ligand162-0
205,OJECOX__ligand226-0
206,OJECOX__ligand1703-0
207,OJECOX__ligand497-0
208,OJECOX__ligand2430-0
209,OJECOX__ligand918-0
210,OJECOX__ligand633-0
211,OJECOX__ligand532-0
212,OJECOX__ligand2907-0
213,OJECOX__ligand2285-0
214,OJECOX__ligand1567-0
215,OJECOX__ligand8921-0
216,OJECOX__ligand2510-0
217,OJECOX__ligand166-0
218,OJECOX__ligand838-0
219,OJECOX__ligand2320-0
220,OJECOX__ligand1056-0
221,OJECOX__ligand2862-0
222,OJECOX__ligand142-0
223,OJECOX__ligand1607-0
224,OJECOX__ligand206-0
225,OJECOX__ligand436-0
226,OJECOX__ligand1727-0
227,OJECOX__ligand821-0
228,OJECOX__ligand326-0
229,OJECOX__ligand553-0
230,OJECOX__ligand11730-0
231,OJECOX__ligand1-0
232,OJECOX__ligand1152-0
233,OJECOX__ligand283-0
234,OJECOX__ligand361-0
235,OJECOX__ligand324-0
236,OJECOX__ligand409-0
237,OJECOX__ligand45-0
238,OJECOX__ligand3-0
239,OJECOX__ligand85-0
240,OJECOX__ligand3637-0
241,OJECOX__ligand105-0
242,OJECOX__ligand140-0
243,OJECOX__ligand78-0
244,OJECOX__ligand8774-0
245,OJECOX__ligand1598-0
246,OJECOX__ligand927-0
247,OJECOX__ligand1248-0
248,OJECOX__ligand199-0
249,OJECOX__ligand4303-0
250,OJECOX__ligand6294-0
251,OJECOX__ligand1054-0
252,OJECOX__ligand575-0
253,OJECOX__ligand7464-0
254,OJECOX__ligand366-0
255,OJECOX__ligand6277-0
256,OJECOX__ligand861-0
257,OJECOX__ligand1951-0
258,OJECOX__ligand612-0
259,OJECOX__ligand1687-0
260,OJECOX__ligand187-0
261,OJECOX__ligand4-0
262,OJECOX__ligand2688-0
263,OJECOX__ligand2259-0
264,OJECOX__ligand596-0
265,OJECOX__ligand1376-0
266,OJECOX__ligand2768-0
267,OJECOX__ligand126-0
268,OJECOX__ligand1706-0
269,OJECOX__ligand3734-0
270,OJECOX__ligand2629-0
271,OJECOX__ligand4381-0
272,OJECOX__ligand66-0
273,OJECOX__ligand1171-0
274,OJECOX__ligand21-0
275,OJECOX__ligand119-0
276,OJECOX__ligand5801-0
277,OJECOX__ligand124-0
278,OJECOX__ligand3063-0
279,OJECOX__ligand1438-0
280,OJECOX__ligand100-0
281,OJECOX__ligand38-0
282,OJECOX__ligand244-0
283,OJECOX__ligand201-0
284,OJECOX__ligand1544-0
285,OJECOX__ligand1459-0
286,OJECOX__ligand2087-0
287,OJECOX__ligand1048-0
288,OJECOX__ligand3757-0
289,OJECOX__ligand321-0
290,OJECOX__ligand279-0
291,OJECOX__ligand6-0
292,OJECOX__ligand1685-0
293,OJECOX__ligand178-0
294,OJECOX__ligand40-0
295,OJECOX__ligand240-0
296,OJECOX__ligand1228-0
297,OJECOX__ligand141-0
298,OJECOX__ligand9244-0
299,OJECOX__ligand1114-0
300,OJECOX__ligand1538-0
301,OJECOX__ligand3246-0
302,OJECOX__ligand1479-0
303,OJECOX__ligand384-0
304,OJECOX__ligand1148-0
305,OJECOX__ligand18-0
306,OJECOX__ligand120-0
307,OJECOX__ligand2098-0
308,OJECOX__ligand757-0
309,OJECOX__ligand6502-0
310,OJECOX__ligand2863-0
311,OJECOX__ligand3178-0
312,OJECOX__ligand6332-0
313,OJECOX__ligand62-0
314,OJECOX__ligand3145-0
315,OJECOX__ligand797-0
316,OJECOX__ligand7915-0
317,OJECOX__ligand5548-0
318,OJECOX__ligand6686-0
319,OJECOX__ligand1747-0
320,OJECOX__ligand2751-0
321,OJECOX__ligand3041-0
322,OJECOX__ligand2634-0
323,OJECOX__ligand86-0
324,OJECOX__ligand1542-0
