,TMC
0,JEJNOB__ligand3041-0
1,JEJNOB__ligand124-0
2,JEJNOB__ligand2634-0
3,JEJNOB__ligand1542-0
4,JEJNOB__ligand119-0
5,JEJNOB__ligand2751-0
6,JEJNOB__ligand279-0
7,JEJNOB__ligand3145-0
8,JEJNOB__ligand178-0
9,JEJNOB__ligand7915-0
10,JEJNOB__ligand5548-0
11,JEJNOB__ligand6686-0
12,JEJNOB__ligand1747-0
13,JEJNOB__ligand321-0
14,JEJNOB__ligand2098-0
15,JEJNOB__ligand6502-0
16,JEJNOB__ligand2863-0
17,JEJNOB__ligand3178-0
18,JEJNOB__ligand100-0
19,JEJNOB__ligand6332-0
20,JEJNOB__ligand201-0
21,JEJNOB__ligand244-0
22,JEJNOB__ligand1479-0
23,JEJNOB__ligand1148-0
24,JEJNOB__ligand596-0
25,JEJNOB__ligand612-0
26,JEJNOB__ligand3246-0
27,JEJNOB__ligand187-0
28,JEJNOB__ligand366-0
29,JEJNOB__ligand861-0
30,JEJNOB__ligand1114-0
31,JEJNOB__ligand1538-0
32,JEJNOB__ligand11-0
33,JEJNOB__ligand1228-0
34,JEJNOB__ligand126-0
35,JEJNOB__ligand9244-0
36,JEJNOB__ligand2087-0
37,JEJNOB__ligand797-0
38,JEJNOB__ligand1048-0
39,JEJNOB__ligand3757-0
40,JEJNOB__ligand1685-0
41,JEJNOB__ligand1544-0
42,JEJNOB__ligand1459-0
43,JEJNOB__ligand757-0
44,JEJNOB__ligand11730-0
45,JEJNOB__ligand5801-0
46,JEJNOB__ligand8-0
47,JEJNOB__ligand3063-0
48,JEJNOB__ligand1438-0
49,JEJNOB__ligand89-0
50,JEJNOB__ligand49-0
51,JEJNOB__ligand1171-0
52,JEJNOB__ligand1706-0
53,JEJNOB__ligand3734-0
54,JEJNOB__ligand2629-0
55,JEJNOB__ligand4381-0
56,JEJNOB__ligand240-0
57,JEJNOB__ligand141-0
58,JEJNOB__ligand120-0
59,JEJNOB__ligand2688-0
60,JEJNOB__ligand2259-0
61,JEJNOB__ligand17-0
62,JEJNOB__ligand1376-0
63,JEJNOB__ligand2768-0
64,JEJNOB__ligand384-0
65,JEJNOB__ligand92-0
66,JEJNOB__ligand6277-0
67,JEJNOB__ligand1951-0
68,JEJNOB__ligand1687-0
69,JEJNOB__ligand7464-0
70,JEJNOB__ligand1598-0
71,JEJNOB__ligand1248-0
72,JEJNOB__ligand4303-0
73,JEJNOB__ligand6294-0
74,JEJNOB__ligand34-0
75,JEJNOB__ligand1054-0
76,JEJNOB__ligand3637-0
77,JEJNOB__ligand162-0
78,JEJNOB__ligand226-0
79,JEJNOB__ligand55-0
80,JEJNOB__ligand8774-0
81,JEJNOB__ligand383-0
82,JEJNOB__ligand95-0
83,JEJNOB__ligand1727-0
84,JEJNOB__ligand118-0
85,JEJNOB__ligand670-0
86,JEJNOB__ligand1152-0
87,JEJNOB__ligand571-0
88,JEJNOB__ligand509-0
89,JEJNOB__ligand1607-0
90,JEJNOB__ligand57-0
91,JEJNOB__ligand2285-0
92,JEJNOB__ligand669-0
93,JEJNOB__ligand1567-0
94,JEJNOB__ligand8921-0
95,JEJNOB__ligand2510-0
96,JEJNOB__ligand430-0
97,JEJNOB__ligand358-0
98,JEJNOB__ligand2320-0
99,JEJNOB__ligand73-0
100,JEJNOB__ligand1056-0
101,JEJNOB__ligand2862-0
102,JEJNOB__ligand1703-0
103,JEJNOB__ligand2430-0
104,JEJNOB__ligand365-0
105,JEJNOB__ligand278-0
106,JEJNOB__ligand2907-0
107,JEJNOB__ligand32-0
108,JEJNOB__ligand1052-0
109,JEJNOB__ligand140-0
110,JEJNOB__ligand105-0
111,JEJNOB__ligand1273-0
112,JEJNOB__ligand409-0
113,JEJNOB__ligand324-0
114,JEJNOB__ligand361-0
115,JEJNOB__ligand1113-0
116,JEJNOB__ligand2265-0
117,JEJNOB__ligand575-0
118,JEJNOB__ligand6396-0
119,JEJNOB__ligand9027-0
120,JEJNOB__ligand2345-0
121,JEJNOB__ligand2794-0
122,JEJNOB__ligand1835-0
123,JEJNOB__ligand4983-0
124,JEJNOB__ligand927-0
125,JEJNOB__ligand1502-0
126,JEJNOB__ligand199-0
127,JEJNOB__ligand838-0
128,JEJNOB__ligand51-0
129,JEJNOB__ligand5022-0
130,JEJNOB__ligand1169-0
131,JEJNOB__ligand166-0
132,JEJNOB__ligand633-0
133,JEJNOB__ligand918-0
134,JEJNOB__ligand532-0
135,JEJNOB__ligand5941-0
136,JEJNOB__ligand2880-0
137,JEJNOB__ligand29-0
138,JEJNOB__ligand91-0
139,JEJNOB__ligand2838-0
140,JEJNOB__ligand497-0
141,JEJNOB__ligand1799-0
142,JEJNOB__ligand3838-0
143,JEJNOB__ligand553-0
144,JEJNOB__ligand2142-0
145,JEJNOB__ligand283-0
146,JEJNOB__ligand821-0
147,JEJNOB__ligand9495-0
148,JEJNOB__ligand6151-0
149,JEJNOB__ligand2772-0
150,JEJNOB__ligand326-0
151,JEJNOB__ligand48-0
152,JEJNOB__ligand6538-0
153,JEJNOB__ligand436-0
154,JEJNOB__ligand2864-0
155,JEJNOB__ligand142-0
156,JEJNOB__ligand206-0
157,JEJNOB__ligand2442-0
158,JEJNOB__ligand1019-0
159,JEJNOB__ligand783-0
160,JEJNOB__ligand352-0
161,JEJNOB__ligand5762-0
162,JEJNOB__ligand7414-0
163,JEJNOB__ligand10479-0
164,JEJNOB__ligand1104-0
165,JEJNOB__ligand136-0
166,JEJNOB__ligand1325-0
167,JEJNOB__ligand868-0
168,JEJNOB__ligand2482-0
169,JEJNOB__ligand442-0
170,JEJNOB__ligand6571-0
171,JEJNOB__ligand112-0
172,JEJNOB__ligand2929-0
173,JEJNOB__ligand2376-0
174,JEJNOB__ligand10114-0
175,JEJNOB__ligand1379-0
176,JEJNOB__ligand18-0
177,JEJNOB__ligand6430-0
178,JEJNOB__ligand1299-0
179,JEJNOB__ligand197-0
180,JEJNOB__ligand1221-0
181,JEJNOB__ligand1264-0
182,JEJNOB__ligand296-0
183,JEJNOB__ligand1712-0
184,JEJNOB__ligand331-0
185,JEJNOB__ligand294-0
186,JEJNOB__ligand2916-0
187,JEJNOB__ligand2110-0
188,JEJNOB__ligand3579-0
189,JEJNOB__ligand993-0
190,JEJNOB__ligand1919-0
191,JEJNOB__ligand916-0
192,JEJNOB__ligand584-0
193,JEJNOB__ligand2389-0
194,JEJNOB__ligand10910-0
195,JEJNOB__ligand421-0
196,JEJNOB__ligand62-0
197,JEJNOB__ligand798-0
198,JEJNOB__ligand134-0
199,JEJNOB__ligand932-0
200,JEJNOB__ligand5334-0
201,JEJNOB__ligand235-0
202,JEJNOB__ligand2315-0
203,JEJNOB__ligand4504-0
204,JEJNOB__ligand3051-0
205,JEJNOB__ligand2480-0
206,JEJNOB__ligand390-0
207,JEJNOB__ligand1898-0
208,JEJNOB__ligand8032-0
209,JEJNOB__ligand86-0
210,JEJNOB__ligand1858-0
211,JEJNOB__ligand525-0
212,JEJNOB__ligand14530-0
213,JEJNOB__ligand560-0
214,JEJNOB__ligand109-0
215,JEJNOB__ligand3853-0
216,JEJNOB__ligand2853-0
217,JEJNOB__ligand369-0
218,JEJNOB__ligand444-0
219,JEJNOB__ligand188-0
220,JEJNOB__ligand2599-0
221,JEJNOB__ligand5089-0
222,JEJNOB__ligand1246-0
223,JEJNOB__ligand311-0
224,JEJNOB__ligand3-0
225,JEJNOB__ligand6166-0
226,JEJNOB__ligand370-0
227,JEJNOB__ligand460-0
228,JEJNOB__ligand66-0
229,JEJNOB__ligand1307-0
230,JEJNOB__ligand250-0
231,JEJNOB__ligand3337-0
232,JEJNOB__ligand21-0
233,JEJNOB__ligand7514-0
234,JEJNOB__ligand252-0
235,JEJNOB__ligand4811-0
236,JEJNOB__ligand1449-1
237,JEJNOB__ligand955-0
238,JEJNOB__ligand1260-0
239,JEJNOB__ligand4894-0
240,JEJNOB__ligand9620-0
241,JEJNOB__ligand193-0
242,JEJNOB__ligand830-0
243,JEJNOB__ligand909-0
244,JEJNOB__ligand1788-0
245,JEJNOB__ligand851-0
246,JEJNOB__ligand1-0
247,JEJNOB__ligand38-0
248,JEJNOB__ligand40-0
249,JEJNOB__ligand1321-0
250,JEJNOB__ligand177-0
251,JEJNOB__ligand934-0
252,JEJNOB__ligand3566-0
253,JEJNOB__ligand1178-0
254,JEJNOB__ligand210-0
255,JEJNOB__ligand1918-0
256,JEJNOB__ligand2255-0
257,JEJNOB__ligand4175-0
258,JEJNOB__ligand10357-0
259,JEJNOB__ligand15630-0
260,JEJNOB__ligand3618-0
261,JEJNOB__ligand2618-0
262,JEJNOB__ligand481-0
263,JEJNOB__ligand1436-0
264,JEJNOB__ligand314-0
265,JEJNOB__ligand6-0
266,JEJNOB__ligand391-0
267,JEJNOB__ligand170-0
268,JEJNOB__ligand4370-0
269,JEJNOB__ligand45-0
270,JEJNOB__ligand2526-0
271,JEJNOB__ligand236-0
272,JEJNOB__ligand1551-0
273,JEJNOB__ligand1690-0
274,JEJNOB__ligand4-0
275,JEJNOB__ligand78-0
276,JEJNOB__ligand353-0
277,JEJNOB__ligand2707-0
278,JEJNOB__ligand85-0
279,JEJNOB__ligand196-0
280,JEJNOB__ligand502-0
281,JEJNOB__ligand2915-0
282,JEJNOB__ligand422-0
283,JEJNOB__ligand113-0
284,JEJNOB__ligand4012-0
285,JEJNOB__ligand3196-0
286,JEJNOB__ligand1038-0
287,JEJNOB__ligand2762-0
288,JEJNOB__ligand2954-0
289,JEJNOB__ligand5093-0
290,JEJNOB__ligand2253-0
291,JEJNOB__ligand1160-0
292,JEJNOB__ligand682-0
293,JEJNOB__ligand7550-0
294,JEJNOB__ligand1555-0
295,JEJNOB__ligand133-0
296,JEJNOB__ligand1285-0
297,JEJNOB__ligand447-0
298,JEJNOB__ligand7630-0
299,JEJNOB__ligand487-0
300,JEJNOB__ligand3890-0
301,JEJNOB__ligand522-0
302,JEJNOB__ligand1907-0
303,JEJNOB__ligand666-0
304,JEJNOB__ligand4423-0
305,JEJNOB__ligand1818-0
306,JEJNOB__ligand784-0
307,JEJNOB__ligand355-0
308,JEJNOB__ligand485-0
309,JEJNOB__ligand7456-0
310,JEJNOB__ligand5758-0
311,JEJNOB__ligand3852-0
312,JEJNOB__ligand3478-0
313,JEJNOB__ligand115-0
314,JEJNOB__ligand9176-0
315,JEJNOB__ligand67-0
316,JEJNOB__ligand1493-0
317,JEJNOB__ligand2718-0
318,JEJNOB__ligand3070-0
319,JEJNOB__ligand3035-0
320,JEJNOB__ligand5235-0
321,JEJNOB__ligand6143-0
322,JEJNOB__ligand4619-0
323,JEJNOB__ligand3251-0
324,JEJNOB__ligand291-0
