,TMC
0,HOVMIP__ligand1052-0
1,HOVMIP__ligand311-0
2,HOVMIP__ligand444-0
3,HOVMIP__ligand369-0
4,HOVMIP__ligand32-0
5,HOVMIP__ligand14530-0
6,HOVMIP__ligand1273-0
7,HOVMIP__ligand188-0
8,HOVMIP__ligand6396-0
9,HOVMIP__ligand2265-0
10,HOVMIP__ligand1113-0
11,HOVMIP__ligand460-0
12,HOVMIP__ligand250-0
13,HOVMIP__ligand9027-0
14,HOVMIP__ligand4983-0
15,HOVMIP__ligand10910-0
16,HOVMIP__ligand1835-0
17,HOVMIP__ligand2345-0
18,HOVMIP__ligand2794-0
19,HOVMIP__ligand370-0
20,HOVMIP__ligand1502-0
21,HOVMIP__ligand193-0
22,HOVMIP__ligand10114-0
23,HOVMIP__ligand91-0
24,HOVMIP__ligand830-0
25,HOVMIP__ligand5022-0
26,HOVMIP__ligand1169-0
27,HOVMIP__ligand29-0
28,HOVMIP__ligand51-0
29,HOVMIP__ligand3838-0
30,HOVMIP__ligand1799-0
31,HOVMIP__ligand2838-0
32,HOVMIP__ligand955-0
33,HOVMIP__ligand5941-0
34,HOVMIP__ligand2880-0
35,HOVMIP__ligand252-0
36,HOVMIP__ligand2142-0
37,HOVMIP__ligand10479-0
38,HOVMIP__ligand6538-0
39,HOVMIP__ligand9495-0
40,HOVMIP__ligand177-0
41,HOVMIP__ligand934-0
42,HOVMIP__ligand2772-0
43,HOVMIP__ligand6151-0
44,HOVMIP__ligand2864-0
45,HOVMIP__ligand909-0
46,HOVMIP__ligand48-0
47,HOVMIP__ligand851-0
48,HOVMIP__ligand136-0
49,HOVMIP__ligand7464-0
50,HOVMIP__ligand34-0
51,HOVMIP__ligand442-0
52,HOVMIP__ligand868-0
53,HOVMIP__ligand1248-0
54,HOVMIP__ligand4303-0
55,HOVMIP__ligand783-0
56,HOVMIP__ligand352-0
57,HOVMIP__ligand1598-0
58,HOVMIP__ligand1054-0
59,HOVMIP__ligand6294-0
60,HOVMIP__ligand95-0
61,HOVMIP__ligand3637-0
62,HOVMIP__ligand296-0
63,HOVMIP__ligand8774-0
64,HOVMIP__ligand197-0
65,HOVMIP__ligand112-0
66,HOVMIP__ligand1-0
67,HOVMIP__ligand55-0
68,HOVMIP__ligand916-0
69,HOVMIP__ligand584-0
70,HOVMIP__ligand1727-0
71,HOVMIP__ligand798-0
72,HOVMIP__ligand57-0
73,HOVMIP__ligand1152-0
74,HOVMIP__ligand421-0
75,HOVMIP__ligand3-0
76,HOVMIP__ligand331-0
77,HOVMIP__ligand1607-0
78,HOVMIP__ligand993-0
79,HOVMIP__ligand294-0
80,HOVMIP__ligand2510-0
81,HOVMIP__ligand1567-0
82,HOVMIP__ligand2285-0
83,HOVMIP__ligand8921-0
84,HOVMIP__ligand2862-0
85,HOVMIP__ligand109-0
86,HOVMIP__ligand560-0
87,HOVMIP__ligand525-0
88,HOVMIP__ligand1056-0
89,HOVMIP__ligand2320-0
90,HOVMIP__ligand2430-0
91,HOVMIP__ligand1703-0
92,HOVMIP__ligand235-0
93,HOVMIP__ligand932-0
94,HOVMIP__ligand134-0
95,HOVMIP__ligand390-0
96,HOVMIP__ligand2907-0
97,HOVMIP__ligand73-0
98,HOVMIP__ligand3757-0
99,HOVMIP__ligand2087-0
100,HOVMIP__ligand1048-0
101,HOVMIP__ligand682-0
102,HOVMIP__ligand4-0
103,HOVMIP__ligand1685-0
104,HOVMIP__ligand1544-0
105,HOVMIP__ligand1459-0
106,HOVMIP__ligand49-0
107,HOVMIP__ligand5801-0
108,HOVMIP__ligand487-0
109,HOVMIP__ligand3063-0
110,HOVMIP__ligand666-0
111,HOVMIP__ligand1438-0
112,HOVMIP__ligand522-0
113,HOVMIP__ligand133-0
114,HOVMIP__ligand89-0
115,HOVMIP__ligand1171-0
116,HOVMIP__ligand447-0
117,HOVMIP__ligand3734-0
118,HOVMIP__ligand1706-0
119,HOVMIP__ligand10357-0
120,HOVMIP__ligand4381-0
121,HOVMIP__ligand2629-0
122,HOVMIP__ligand15630-0
123,HOVMIP__ligand485-0
124,HOVMIP__ligand784-0
125,HOVMIP__ligand355-0
126,HOVMIP__ligand2688-0
127,HOVMIP__ligand2259-0
128,HOVMIP__ligand92-0
129,HOVMIP__ligand1376-0
130,HOVMIP__ligand2768-0
131,HOVMIP__ligand291-0
132,HOVMIP__ligand6277-0
133,HOVMIP__ligand115-0
134,HOVMIP__ligand1687-0
135,HOVMIP__ligand6-0
136,HOVMIP__ligand17-0
137,HOVMIP__ligand1951-0
138,HOVMIP__ligand3041-0
139,HOVMIP__ligand1542-0
140,HOVMIP__ligand2634-0
141,HOVMIP__ligand2751-0
142,HOVMIP__ligand210-0
143,HOVMIP__ligand391-0
144,HOVMIP__ligand3145-0
145,HOVMIP__ligand6686-0
146,HOVMIP__ligand1747-0
147,HOVMIP__ligand7915-0
148,HOVMIP__ligand5548-0
149,HOVMIP__ligand170-0
150,HOVMIP__ligand2863-0
151,HOVMIP__ligand2098-0
152,HOVMIP__ligand6502-0
153,HOVMIP__ligand6332-0
154,HOVMIP__ligand314-0
155,HOVMIP__ligand481-0
156,HOVMIP__ligand3178-0
157,HOVMIP__ligand1479-0
158,HOVMIP__ligand353-0
159,HOVMIP__ligand1148-0
160,HOVMIP__ligand3246-0
161,HOVMIP__ligand236-0
162,HOVMIP__ligand1538-0
163,HOVMIP__ligand422-0
164,HOVMIP__ligand11-0
165,HOVMIP__ligand1114-0
166,HOVMIP__ligand113-0
167,HOVMIP__ligand502-0
168,HOVMIP__ligand196-0
169,HOVMIP__ligand9244-0
170,HOVMIP__ligand1228-0
171,HOVMIP__ligand2762-0
172,HOVMIP__ligand1038-0
173,HOVMIP__ligand1160-0
174,HOVMIP__ligand2253-0
175,HOVMIP__ligand5093-0
176,HOVMIP__ligand2954-0
177,HOVMIP__ligand757-0
178,HOVMIP__ligand797-0
179,HOVMIP__ligand7550-0
180,HOVMIP__ligand1285-0
181,HOVMIP__ligand1555-0
182,HOVMIP__ligand7630-0
183,HOVMIP__ligand3890-0
184,HOVMIP__ligand4423-0
185,HOVMIP__ligand1907-0
186,HOVMIP__ligand141-0
187,HOVMIP__ligand240-0
188,HOVMIP__ligand1818-0
189,HOVMIP__ligand7456-0
190,HOVMIP__ligand5758-0
191,HOVMIP__ligand3478-0
192,HOVMIP__ligand3852-0
193,HOVMIP__ligand9176-0
194,HOVMIP__ligand2718-0
195,HOVMIP__ligand3035-0
196,HOVMIP__ligand3070-0
197,HOVMIP__ligand1493-0
198,HOVMIP__ligand4619-0
199,HOVMIP__ligand6143-0
200,HOVMIP__ligand5235-0
201,HOVMIP__ligand120-0
202,HOVMIP__ligand384-0
203,HOVMIP__ligand67-0
204,HOVMIP__ligand3251-0
205,HOVMIP__ligand119-0
206,HOVMIP__ligand1918-0
207,HOVMIP__ligand2255-0
208,HOVMIP__ligand124-0
209,HOVMIP__ligand4175-0
210,HOVMIP__ligand2618-0
211,HOVMIP__ligand3618-0
212,HOVMIP__ligand244-0
213,HOVMIP__ligand201-0
214,HOVMIP__ligand100-0
215,HOVMIP__ligand1436-0
216,HOVMIP__ligand178-0
217,HOVMIP__ligand279-0
218,HOVMIP__ligand321-0
219,HOVMIP__ligand4370-0
220,HOVMIP__ligand187-0
221,HOVMIP__ligand612-0
222,HOVMIP__ligand85-0
223,HOVMIP__ligand11730-0
224,HOVMIP__ligand1551-0
225,HOVMIP__ligand861-0
226,HOVMIP__ligand2526-0
227,HOVMIP__ligand78-0
228,HOVMIP__ligand366-0
229,HOVMIP__ligand45-0
230,HOVMIP__ligand1690-0
231,HOVMIP__ligand2707-0
232,HOVMIP__ligand596-0
233,HOVMIP__ligand2915-0
234,HOVMIP__ligand126-0
235,HOVMIP__ligand3196-0
236,HOVMIP__ligand4012-0
237,HOVMIP__ligand8-0
238,HOVMIP__ligand2853-0
239,HOVMIP__ligand3853-0
240,HOVMIP__ligand5089-0
241,HOVMIP__ligand2599-0
242,HOVMIP__ligand361-0
243,HOVMIP__ligand324-0
244,HOVMIP__ligand409-0
245,HOVMIP__ligand1246-0
246,HOVMIP__ligand105-0
247,HOVMIP__ligand140-0
248,HOVMIP__ligand6166-0
249,HOVMIP__ligand66-0
250,HOVMIP__ligand199-0
251,HOVMIP__ligand927-0
252,HOVMIP__ligand1307-0
253,HOVMIP__ligand575-0
254,HOVMIP__ligand7514-0
255,HOVMIP__ligand3337-0
256,HOVMIP__ligand532-0
257,HOVMIP__ligand918-0
258,HOVMIP__ligand633-0
259,HOVMIP__ligand497-0
260,HOVMIP__ligand1449-1
261,HOVMIP__ligand4811-0
262,HOVMIP__ligand21-0
263,HOVMIP__ligand1260-0
264,HOVMIP__ligand4894-0
265,HOVMIP__ligand838-0
266,HOVMIP__ligand9620-0
267,HOVMIP__ligand166-0
268,HOVMIP__ligand436-0
269,HOVMIP__ligand40-0
270,HOVMIP__ligand206-0
271,HOVMIP__ligand142-0
272,HOVMIP__ligand1788-0
273,HOVMIP__ligand283-0
274,HOVMIP__ligand1321-0
275,HOVMIP__ligand553-0
276,HOVMIP__ligand3566-0
277,HOVMIP__ligand1178-0
278,HOVMIP__ligand38-0
279,HOVMIP__ligand326-0
280,HOVMIP__ligand821-0
281,HOVMIP__ligand2442-0
282,HOVMIP__ligand1019-0
283,HOVMIP__ligand1104-0
284,HOVMIP__ligand7414-0
285,HOVMIP__ligand5762-0
286,HOVMIP__ligand6571-0
287,HOVMIP__ligand2482-0
288,HOVMIP__ligand1325-0
289,HOVMIP__ligand18-0
290,HOVMIP__ligand2929-0
291,HOVMIP__ligand2376-0
292,HOVMIP__ligand226-0
293,HOVMIP__ligand162-0
294,HOVMIP__ligand1379-0
295,HOVMIP__ligand1264-0
296,HOVMIP__ligand1221-0
297,HOVMIP__ligand383-0
298,HOVMIP__ligand6430-0
299,HOVMIP__ligand1299-0
300,HOVMIP__ligand1712-0
301,HOVMIP__ligand509-0
302,HOVMIP__ligand3579-0
303,HOVMIP__ligand62-0
304,HOVMIP__ligand2110-0
305,HOVMIP__ligand2916-0
306,HOVMIP__ligand1919-0
307,HOVMIP__ligand571-0
308,HOVMIP__ligand670-0
309,HOVMIP__ligand2389-0
310,HOVMIP__ligand118-0
311,HOVMIP__ligand365-0
312,HOVMIP__ligand5334-0
313,HOVMIP__ligand86-0
314,HOVMIP__ligand2480-0
315,HOVMIP__ligand3051-0
316,HOVMIP__ligand4504-0
317,HOVMIP__ligand1898-0
318,HOVMIP__ligand278-0
319,HOVMIP__ligand2315-0
320,HOVMIP__ligand1858-0
321,HOVMIP__ligand8032-0
322,HOVMIP__ligand669-0
323,HOVMIP__ligand358-0
324,HOVMIP__ligand430-0
