,TMC
0,REDNUK__ligand78-0
1,REDNUK__ligand10555-0
2,REDNUK__ligand7566-0
3,REDNUK__ligand31483-0
4,REDNUK__ligand2001-0
5,REDNUK__ligand8593-0
6,REDNUK__ligand9944-0
7,REDNUK__ligand24613-0
8,REDNUK__ligand19725-0
9,REDNUK__ligand430-0
10,REDNUK__ligand1113-0
11,REDNUK__ligand21421-0
12,REDNUK__ligand358-0
13,REDNUK__ligand8553-0
14,REDNUK__ligand14586-0
15,REDNUK__ligand11774-0
16,REDNUK__ligand488-0
17,REDNUK__ligand5201-0
18,REDNUK__ligand11568-0
19,REDNUK__ligand45-0
20,REDNUK__ligand694-0
21,REDNUK__ligand20579-0
22,REDNUK__ligand17710-0
23,REDNUK__ligand5415-0
24,REDNUK__ligand17240-0
25,REDNUK__ligand17590-0
26,REDNUK__ligand3471-0
27,REDNUK__ligand4161-0
28,REDNUK__ligand4124-0
29,REDNUK__ligand24-0
30,REDNUK__ligand18699-0
31,REDNUK__ligand12682-0
32,REDNUK__ligand670-0
33,REDNUK__ligand2823-0
34,REDNUK__ligand4-0
35,REDNUK__ligand6995-0
36,REDNUK__ligand571-0
37,REDNUK__ligand19-0
38,REDNUK__ligand534-0
39,REDNUK__ligand13072-0
40,REDNUK__ligand3180-0
41,REDNUK__ligand4340-0
42,REDNUK__ligand12336-0
43,REDNUK__ligand2281-0
44,REDNUK__ligand2650-0
45,REDNUK__ligand1015-0
46,REDNUK__ligand1050-0
47,REDNUK__ligand28924-0
48,REDNUK__ligand15438-0
49,REDNUK__ligand2027-0
50,REDNUK__ligand29087-0
51,REDNUK__ligand18703-0
52,REDNUK__ligand416-0
53,REDNUK__ligand17945-0
54,REDNUK__ligand2692-0
55,REDNUK__ligand1618-0
56,REDNUK__ligand25224-0
57,REDNUK__ligand18013-0
58,REDNUK__ligand17207-0
59,REDNUK__ligand383-0
60,REDNUK__ligand31578-0
61,REDNUK__ligand24750-0
62,REDNUK__ligand162-0
63,REDNUK__ligand4262-0
64,REDNUK__ligand1028-0
65,REDNUK__ligand226-0
66,REDNUK__ligand29898-0
67,REDNUK__ligand9615-0
68,REDNUK__ligand26277-0
69,REDNUK__ligand22755-0
70,REDNUK__ligand10432-0
71,REDNUK__ligand11432-0
72,REDNUK__ligand1154-0
73,REDNUK__ligand31618-0
74,REDNUK__ligand696-0
75,REDNUK__ligand4596-0
76,REDNUK__ligand1498-0
77,REDNUK__ligand24064-0
78,REDNUK__ligand656-0
79,REDNUK__ligand23589-0
80,REDNUK__ligand8529-0
81,REDNUK__ligand1169-0
82,REDNUK__ligand15168-0
83,REDNUK__ligand4207-0
84,REDNUK__ligand25735-0
85,REDNUK__ligand12519-0
86,REDNUK__ligand692-0
87,REDNUK__ligand3453-0
88,REDNUK__ligand11206-0
89,REDNUK__ligand3416-0
90,REDNUK__ligand23124-0
91,REDNUK__ligand43-0
92,REDNUK__ligand436-0
93,REDNUK__ligand1150-0
94,REDNUK__ligand1539-0
95,REDNUK__ligand31248-0
96,REDNUK__ligand25650-0
97,REDNUK__ligand4063-0
98,REDNUK__ligand326-0
99,REDNUK__ligand8200-0
100,REDNUK__ligand7438-0
101,REDNUK__ligand12660-0
102,REDNUK__ligand13209-0
103,REDNUK__ligand19257-0
104,REDNUK__ligand3042-0
105,REDNUK__ligand25575-0
106,REDNUK__ligand1149-0
107,REDNUK__ligand21787-0
108,REDNUK__ligand3980-0
109,REDNUK__ligand3557-0
110,REDNUK__ligand25689-0
111,REDNUK__ligand7075-0
112,REDNUK__ligand497-0
113,REDNUK__ligand633-0
114,REDNUK__ligand9750-0
115,REDNUK__ligand6993-0
116,REDNUK__ligand1817-0
117,REDNUK__ligand12295-0
118,REDNUK__ligand27835-0
119,REDNUK__ligand1779-0
120,REDNUK__ligand23906-0
121,REDNUK__ligand67-0
122,REDNUK__ligand4167-0
123,REDNUK__ligand9491-0
124,REDNUK__ligand21132-0
125,REDNUK__ligand1400-0
126,REDNUK__ligand4266-0
127,REDNUK__ligand11166-0
128,REDNUK__ligand30539-0
129,REDNUK__ligand1288-0
130,REDNUK__ligand6112-0
131,REDNUK__ligand13257-0
132,REDNUK__ligand21936-0
133,REDNUK__ligand8042-0
134,REDNUK__ligand7213-0
135,REDNUK__ligand1397-0
136,REDNUK__ligand1828-0
137,REDNUK__ligand23904-0
138,REDNUK__ligand199-0
139,REDNUK__ligand25267-0
140,REDNUK__ligand10084-0
141,REDNUK__ligand5755-0
142,REDNUK__ligand4710-0
143,REDNUK__ligand12467-0
144,REDNUK__ligand5085-0
145,REDNUK__ligand3144-0
146,REDNUK__ligand4795-0
147,REDNUK__ligand3285-0
148,REDNUK__ligand14523-0
149,REDNUK__ligand300-0
150,REDNUK__ligand27169-0
151,REDNUK__ligand18391-0
152,REDNUK__ligand1908-0
153,REDNUK__ligand27074-0
154,REDNUK__ligand5630-0
155,REDNUK__ligand22981-0
156,REDNUK__ligand25805-0
157,REDNUK__ligand588-0
158,REDNUK__ligand1786-0
159,REDNUK__ligand20599-0
160,REDNUK__ligand409-0
161,REDNUK__ligand324-0
162,REDNUK__ligand361-0
163,REDNUK__ligand18465-0
164,REDNUK__ligand18799-0
165,REDNUK__ligand16791-0
166,REDNUK__ligand6663-0
167,REDNUK__ligand5515-0
168,REDNUK__ligand1831-0
169,REDNUK__ligand5280-0
170,REDNUK__ligand5614-0
171,REDNUK__ligand28668-0
172,REDNUK__ligand1849-0
173,REDNUK__ligand29610-0
174,REDNUK__ligand11140-0
175,REDNUK__ligand1216-0
176,REDNUK__ligand1152-0
177,REDNUK__ligand3261-0
178,REDNUK__ligand29863-0
179,REDNUK__ligand13869-0
180,REDNUK__ligand18074-0
181,REDNUK__ligand5019-0
182,REDNUK__ligand8000-0
183,REDNUK__ligand126-0
184,REDNUK__ligand163-0
185,REDNUK__ligand3736-0
186,REDNUK__ligand9344-0
187,REDNUK__ligand27763-0
188,REDNUK__ligand28676-0
189,REDNUK__ligand10262-0
190,REDNUK__ligand2693-0
191,REDNUK__ligand5383-0
192,REDNUK__ligand19057-0
193,REDNUK__ligand18814-0
194,REDNUK__ligand29302-0
195,REDNUK__ligand13425-0
196,REDNUK__ligand3945-0
197,REDNUK__ligand14108-0
198,REDNUK__ligand9299-0
199,REDNUK__ligand845-0
200,REDNUK__ligand4007-0
201,REDNUK__ligand2985-0
202,REDNUK__ligand12641-0
203,REDNUK__ligand9883-0
204,REDNUK__ligand3677-1
205,REDNUK__ligand7291-0
206,REDNUK__ligand10958-0
207,REDNUK__ligand23769-0
208,REDNUK__ligand1294-0
209,REDNUK__ligand366-0
210,REDNUK__ligand1168-0
211,REDNUK__ligand24185-0
212,REDNUK__ligand3677-0
213,REDNUK__ligand3632-0
214,REDNUK__ligand25178-0
215,REDNUK__ligand17302-0
216,REDNUK__ligand657-0
217,REDNUK__ligand6699-0
218,REDNUK__ligand187-0
219,REDNUK__ligand17805-0
220,REDNUK__ligand2881-0
221,REDNUK__ligand17387-0
222,REDNUK__ligand12130-0
223,REDNUK__ligand26702-0
224,REDNUK__ligand1499-0
225,REDNUK__ligand13658-0
226,REDNUK__ligand18292-0
227,REDNUK__ligand12289-0
228,REDNUK__ligand941-0
229,REDNUK__ligand12231-0
230,REDNUK__ligand596-0
231,REDNUK__ligand3712-0
232,REDNUK__ligand1464-0
233,REDNUK__ligand24145-0
234,REDNUK__ligand12401-0
235,REDNUK__ligand777-0
236,REDNUK__ligand15585-0
237,REDNUK__ligand1211-0
238,REDNUK__ligand13068-0
239,REDNUK__ligand19830-0
240,REDNUK__ligand10476-0
241,REDNUK__ligand6892-0
242,REDNUK__ligand27893-0
243,REDNUK__ligand14723-0
244,REDNUK__ligand19641-0
245,REDNUK__ligand201-0
246,REDNUK__ligand12934-0
247,REDNUK__ligand20578-0
248,REDNUK__ligand15422-0
249,REDNUK__ligand5595-0
250,REDNUK__ligand4101-0
251,REDNUK__ligand2221-0
252,REDNUK__ligand23713-0
253,REDNUK__ligand27175-0
254,REDNUK__ligand18832-0
255,REDNUK__ligand30988-0
256,REDNUK__ligand3926-0
257,REDNUK__ligand3120-0
258,REDNUK__ligand4358-0
259,REDNUK__ligand8592-0
260,REDNUK__ligand5099-0
261,REDNUK__ligand17258-0
262,REDNUK__ligand14603-0
263,REDNUK__ligand14297-0
264,REDNUK__ligand1197-0
265,REDNUK__ligand2259-0
266,REDNUK__ligand26665-0
267,REDNUK__ligand13012-0
268,REDNUK__ligand1296-0
269,REDNUK__ligand321-0
270,REDNUK__ligand17631-0
271,REDNUK__ligand185-0
272,REDNUK__ligand279-0
273,REDNUK__ligand1376-0
274,REDNUK__ligand5510-0
275,REDNUK__ligand178-0
276,REDNUK__ligand9773-0
277,REDNUK__ligand31783-0
278,REDNUK__ligand17281-0
279,REDNUK__ligand2238-0
280,REDNUK__ligand30296-0
281,REDNUK__ligand29410-0
282,REDNUK__ligand12337-0
283,REDNUK__ligand5304-0
284,REDNUK__ligand26540-0
285,REDNUK__ligand9167-0
286,REDNUK__ligand30333-0
287,REDNUK__ligand3867-0
288,REDNUK__ligand1317-0
289,REDNUK__ligand7293-0
290,REDNUK__ligand2822-0
291,REDNUK__ligand18-0
292,REDNUK__ligand12606-0
293,REDNUK__ligand6117-0
294,REDNUK__ligand1407-0
295,REDNUK__ligand8002-0
296,REDNUK__ligand5509-0
297,REDNUK__ligand27460-0
298,REDNUK__ligand28468-0
299,REDNUK__ligand20740-0
300,REDNUK__ligand5080-0
301,REDNUK__ligand12427-0
302,REDNUK__ligand7762-0
303,REDNUK__ligand16628-0
304,REDNUK__ligand338-0
305,REDNUK__ligand5159-0
306,REDNUK__ligand17398-0
307,REDNUK__ligand1-0
308,REDNUK__ligand7196-0
309,REDNUK__ligand10589-0
310,REDNUK__ligand22557-0
311,REDNUK__ligand24047-0
312,REDNUK__ligand9753-0
313,REDNUK__ligand1356-0
314,REDNUK__ligand1787-0
315,REDNUK__ligand11675-0
316,REDNUK__ligand20598-0
317,REDNUK__ligand5530-0
318,REDNUK__ligand29414-0
319,REDNUK__ligand17982-0
320,REDNUK__ligand768-0
321,REDNUK__ligand20011-0
322,REDNUK__ligand17278-0
323,REDNUK__ligand3178-0
324,REDNUK__ligand4807-0
325,REDNUK__ligand3244-0
326,REDNUK__ligand4711-0
327,REDNUK__ligand384-0
328,REDNUK__ligand2906-0
329,REDNUK__ligand20251-1
330,REDNUK__ligand16475-0
331,REDNUK__ligand14703-0
332,REDNUK__ligand4649-0
333,REDNUK__ligand2788-0
334,REDNUK__ligand5649-0
335,REDNUK__ligand8793-0
336,REDNUK__ligand17261-0
337,REDNUK__ligand2124-0
338,REDNUK__ligand14117-0
339,REDNUK__ligand8612-0
340,REDNUK__ligand2260-0
341,REDNUK__ligand7092-0
342,REDNUK__ligand1116-0
343,REDNUK__ligand1153-0
344,REDNUK__ligand3225-0
345,REDNUK__ligand9323-0
346,REDNUK__ligand30702-0
347,REDNUK__ligand20214-0
348,REDNUK__ligand20251-0
349,REDNUK__ligand7273-0
350,REDNUK__ligand240-0
351,REDNUK__ligand20539-0
352,REDNUK__ligand21581-0
353,REDNUK__ligand31097-0
354,REDNUK__ligand7172-0
355,REDNUK__ligand141-0
356,REDNUK__ligand5180-0
357,REDNUK__ligand29568-0
358,REDNUK__ligand38-0
359,REDNUK__ligand30851-0
360,REDNUK__ligand14889-0
361,REDNUK__ligand17118-0
362,REDNUK__ligand5708-0
363,REDNUK__ligand21371-0
364,REDNUK__ligand7316-0
365,REDNUK__ligand20419-0
366,REDNUK__ligand28789-0
367,REDNUK__ligand6017-0
368,REDNUK__ligand27482-0
369,REDNUK__ligand26810-0
370,REDNUK__ligand1832-0
371,REDNUK__ligand8788-0
372,REDNUK__ligand13208-0
373,REDNUK__ligand2043-0
374,REDNUK__ligand9943-0
375,REDNUK__ligand1228-0
376,REDNUK__ligand1604-0
377,REDNUK__ligand1114-0
378,REDNUK__ligand13390-0
379,REDNUK__ligand9284-0
380,REDNUK__ligand3126-0
381,REDNUK__ligand6391-0
382,REDNUK__ligand2417-0
383,REDNUK__ligand693-0
384,REDNUK__ligand42-0
385,REDNUK__ligand20682-0
386,REDNUK__ligand757-0
387,REDNUK__ligand10712-0
388,REDNUK__ligand14174-0
389,REDNUK__ligand5387-0
390,REDNUK__ligand2203-0
391,REDNUK__ligand11456-0
392,REDNUK__ligand1289-0
393,REDNUK__ligand66-0
394,REDNUK__ligand25411-0
395,REDNUK__ligand122-0
396,REDNUK__ligand13294-0
397,REDNUK__ligand3-0
398,REDNUK__ligand9450-0
399,REDNUK__ligand31832-0
400,REDNUK__ligand1599-0
401,REDNUK__ligand14248-0
402,REDNUK__ligand29879-0
403,REDNUK__ligand12030-0
404,REDNUK__ligand13331-0
405,REDNUK__ligand28884-0
406,REDNUK__ligand2612-0
407,REDNUK__ligand11587-0
408,REDNUK__ligand13220-0
409,REDNUK__ligand5256-0
410,REDNUK__ligand7648-0
411,REDNUK__ligand2828-0
412,REDNUK__ligand8876-0
413,REDNUK__ligand9833-0
414,REDNUK__ligand4157-0
415,REDNUK__ligand17396-0
416,REDNUK__ligand686-0
417,REDNUK__ligand15788-0
418,REDNUK__ligand57-0
419,REDNUK__ligand23175-0
420,REDNUK__ligand14569-0
421,REDNUK__ligand13385-0
422,REDNUK__ligand422-0
423,REDNUK__ligand2232-0
424,REDNUK__ligand22444-0
425,REDNUK__ligand24111-0
426,REDNUK__ligand9291-0
427,REDNUK__ligand2176-0
428,REDNUK__ligand10033-0
429,REDNUK__ligand7000-0
430,REDNUK__ligand1982-0
431,REDNUK__ligand24644-0
432,REDNUK__ligand6768-0
433,REDNUK__ligand8115-0
434,REDNUK__ligand12001-0
435,REDNUK__ligand1285-0
436,REDNUK__ligand27840-0
437,REDNUK__ligand196-0
438,REDNUK__ligand30728-0
439,REDNUK__ligand24872-0
440,REDNUK__ligand4546-0
441,REDNUK__ligand4503-0
442,REDNUK__ligand25561-0
443,REDNUK__ligand353-0
444,REDNUK__ligand4016-0
445,REDNUK__ligand6709-0
446,REDNUK__ligand1219-0
447,REDNUK__ligand7867-0
448,REDNUK__ligand7280-0
449,REDNUK__ligand1304-0
450,REDNUK__ligand1790-0
451,REDNUK__ligand11949-0
452,REDNUK__ligand22129-0
453,REDNUK__ligand24780-0
454,REDNUK__ligand12138-0
455,REDNUK__ligand7238-0
456,REDNUK__ligand9784-0
457,REDNUK__ligand7629-0
458,REDNUK__ligand4272-0
459,REDNUK__ligand1451-0
460,REDNUK__ligand17427-0
461,REDNUK__ligand3954-0
462,REDNUK__ligand4442-0
463,REDNUK__ligand4093-0
464,REDNUK__ligand393-0
465,REDNUK__ligand31694-0
466,REDNUK__ligand29486-0
467,REDNUK__ligand1160-0
468,REDNUK__ligand8699-0
469,REDNUK__ligand9520-0
470,REDNUK__ligand7106-0
471,REDNUK__ligand618-0
472,REDNUK__ligand11618-0
473,REDNUK__ligand7242-0
474,REDNUK__ligand34-0
475,REDNUK__ligand1263-0
476,REDNUK__ligand9908-0
477,REDNUK__ligand26529-0
478,REDNUK__ligand391-0
479,REDNUK__ligand27239-0
480,REDNUK__ligand813-0
481,REDNUK__ligand1573-0
482,REDNUK__ligand1536-0
483,REDNUK__ligand21729-0
484,REDNUK__ligand9935-0
485,REDNUK__ligand314-0
486,REDNUK__ligand780-0
487,REDNUK__ligand3504-0
488,REDNUK__ligand1959-0
489,REDNUK__ligand19927-0
490,REDNUK__ligand4661-0
491,REDNUK__ligand1844-0
492,REDNUK__ligand3718-0
493,REDNUK__ligand26324-0
494,REDNUK__ligand28559-0
495,REDNUK__ligand6616-0
496,REDNUK__ligand3035-0
497,REDNUK__ligand3876-0
498,REDNUK__ligand1343-0
499,REDNUK__ligand14043-0
500,REDNUK__ligand26631-0
501,REDNUK__ligand16148-0
502,REDNUK__ligand12003-0
503,REDNUK__ligand3565-0
504,REDNUK__ligand10872-0
505,REDNUK__ligand5331-0
506,REDNUK__ligand21399-0
507,REDNUK__ligand1512-0
508,REDNUK__ligand2485-0
509,REDNUK__ligand29215-0
510,REDNUK__ligand3852-0
511,REDNUK__ligand6919-0
512,REDNUK__ligand314-1
513,REDNUK__ligand68-0
514,REDNUK__ligand27754-0
515,REDNUK__ligand20695-0
516,REDNUK__ligand55-0
517,REDNUK__ligand3094-0
518,REDNUK__ligand4155-0
519,REDNUK__ligand16369-0
520,REDNUK__ligand11111-0
521,REDNUK__ligand5211-0
522,REDNUK__ligand28540-0
523,REDNUK__ligand3131-0
524,REDNUK__ligand1202-0
525,REDNUK__ligand3937-0
526,REDNUK__ligand3174-0
527,REDNUK__ligand8969-0
528,REDNUK__ligand22403-0
529,REDNUK__ligand6839-0
530,REDNUK__ligand4720-0
531,REDNUK__ligand465-0
532,REDNUK__ligand4641-0
533,REDNUK__ligand13672-0
534,REDNUK__ligand18568-0
535,REDNUK__ligand28685-0
536,REDNUK__ligand91-0
537,REDNUK__ligand833-0
538,REDNUK__ligand10371-0
539,REDNUK__ligand3234-0
540,REDNUK__ligand1142-0
541,REDNUK__ligand12453-0
542,REDNUK__ligand18448-0
543,REDNUK__ligand28459-0
544,REDNUK__ligand2028-0
545,REDNUK__ligand8835-0
546,REDNUK__ligand19184-0
547,REDNUK__ligand7126-0
548,REDNUK__ligand115-0
549,REDNUK__ligand51-0
550,REDNUK__ligand7819-0
551,REDNUK__ligand14167-0
552,REDNUK__ligand13477-0
553,REDNUK__ligand395-0
554,REDNUK__ligand2917-0
555,REDNUK__ligand368-0
556,REDNUK__ligand30142-0
557,REDNUK__ligand27669-0
558,REDNUK__ligand3465-0
559,REDNUK__ligand6102-0
560,REDNUK__ligand6904-0
561,REDNUK__ligand3721-0
562,REDNUK__ligand6596-0
563,REDNUK__ligand23197-0
564,REDNUK__ligand48-0
565,REDNUK__ligand4620-0
566,REDNUK__ligand784-0
567,REDNUK__ligand29029-0
568,REDNUK__ligand27285-0
569,REDNUK__ligand2295-0
570,REDNUK__ligand6067-0
571,REDNUK__ligand1577-0
572,REDNUK__ligand22168-0
573,REDNUK__ligand28930-0
574,REDNUK__ligand2332-0
575,REDNUK__ligand9441-0
576,REDNUK__ligand22294-0
577,REDNUK__ligand21919-0
578,REDNUK__ligand9933-0
579,REDNUK__ligand12365-0
580,REDNUK__ligand487-0
581,REDNUK__ligand10056-0
582,REDNUK__ligand1575-0
583,REDNUK__ligand1530-0
584,REDNUK__ligand28743-0
585,REDNUK__ligand15531-0
586,REDNUK__ligand11357-0
587,REDNUK__ligand13862-0
588,REDNUK__ligand1631-0
589,REDNUK__ligand11447-0
590,REDNUK__ligand11096-0
591,REDNUK__ligand28810-0
592,REDNUK__ligand447-0
593,REDNUK__ligand24230-0
594,REDNUK__ligand3156-0
595,REDNUK__ligand15926-0
596,REDNUK__ligand2915-0
597,REDNUK__ligand746-0
598,REDNUK__ligand10828-0
599,REDNUK__ligand19792-0
600,REDNUK__ligand1378-0
601,REDNUK__ligand11970-0
602,REDNUK__ligand176-0
603,REDNUK__ligand32-0
604,REDNUK__ligand6244-0
605,REDNUK__ligand15883-0
606,REDNUK__ligand25913-0
607,REDNUK__ligand9601-0
608,REDNUK__ligand16988-0
609,REDNUK__ligand8992-0
610,REDNUK__ligand11682-0
611,REDNUK__ligand4116-0
612,REDNUK__ligand16-0
613,REDNUK__ligand30711-0
614,REDNUK__ligand20207-0
615,REDNUK__ligand1018-0
616,REDNUK__ligand6124-0
617,REDNUK__ligand3707-0
618,REDNUK__ligand7967-0
619,REDNUK__ligand152-0
620,REDNUK__ligand24035-0
621,REDNUK__ligand8721-0
622,REDNUK__ligand1324-0
623,REDNUK__ligand31044-0
624,REDNUK__ligand31842-0
625,REDNUK__ligand5643-0
626,REDNUK__ligand506-0
627,REDNUK__ligand11994-0
628,REDNUK__ligand1823-0
629,REDNUK__ligand5036-0
630,REDNUK__ligand2526-0
631,REDNUK__ligand16663-0
632,REDNUK__ligand1615-0
633,REDNUK__ligand14614-0
634,REDNUK__ligand9111-0
635,REDNUK__ligand9952-0
636,REDNUK__ligand560-0
637,REDNUK__ligand18019-1
638,REDNUK__ligand6283-0
639,REDNUK__ligand14007-0
640,REDNUK__ligand6062-0
641,REDNUK__ligand27550-0
642,REDNUK__ligand5813-0
643,REDNUK__ligand4813-0
644,REDNUK__ligand4738-0
645,REDNUK__ligand14226-0
646,REDNUK__ligand21339-0
647,REDNUK__ligand16956-0
648,REDNUK__ligand3215-0
649,REDNUK__ligand20942-1
650,REDNUK__ligand29565-0
651,REDNUK__ligand134-0
652,REDNUK__ligand7107-0
653,REDNUK__ligand23682-0
654,REDNUK__ligand235-0
655,REDNUK__ligand18158-0
656,REDNUK__ligand27771-0
657,REDNUK__ligand29334-0
658,REDNUK__ligand3973-0
659,REDNUK__ligand12413-0
660,REDNUK__ligand20731-0
661,REDNUK__ligand1147-0
662,REDNUK__ligand421-0
663,REDNUK__ligand11798-0
664,REDNUK__ligand17069-0
665,REDNUK__ligand11-0
666,REDNUK__ligand14477-0
667,REDNUK__ligand685-0
668,REDNUK__ligand2068-0
669,REDNUK__ligand7925-0
670,REDNUK__ligand17445-0
671,REDNUK__ligand294-0
672,REDNUK__ligand29214-0
673,REDNUK__ligand4194-0
674,REDNUK__ligand7532-0
675,REDNUK__ligand69-0
676,REDNUK__ligand11501-0
677,REDNUK__ligand11544-0
678,REDNUK__ligand21448-0
679,REDNUK__ligand11758-0
680,REDNUK__ligand2599-0
681,REDNUK__ligand22357-0
682,REDNUK__ligand4330-0
683,REDNUK__ligand30004-0
684,REDNUK__ligand20557-0
685,REDNUK__ligand7530-0
686,REDNUK__ligand197-0
687,REDNUK__ligand1065-0
688,REDNUK__ligand1449-0
689,REDNUK__ligand3012-0
690,REDNUK__ligand4332-0
691,REDNUK__ligand9681-0
692,REDNUK__ligand27122-0
693,REDNUK__ligand20432-0
694,REDNUK__ligand6882-0
695,REDNUK__ligand13755-0
696,REDNUK__ligand16133-0
697,REDNUK__ligand6455-0
698,REDNUK__ligand24953-0
699,REDNUK__ligand23445-0
700,REDNUK__ligand3934-0
701,REDNUK__ligand25048-0
702,REDNUK__ligand21940-0
703,REDNUK__ligand2403-0
704,REDNUK__ligand9148-0
705,REDNUK__ligand868-0
706,REDNUK__ligand21752-0
707,REDNUK__ligand7529-0
708,REDNUK__ligand14339-0
709,REDNUK__ligand13691-0
710,REDNUK__ligand1415-0
711,REDNUK__ligand6946-0
712,REDNUK__ligand30788-0
713,REDNUK__ligand2830-0
714,REDNUK__ligand5627-0
715,REDNUK__ligand1729-0
716,REDNUK__ligand24560-0
717,REDNUK__ligand18757-0
718,REDNUK__ligand352-0
719,REDNUK__ligand5483-0
720,REDNUK__ligand783-0
721,REDNUK__ligand24624-0
722,REDNUK__ligand18413-0
723,REDNUK__ligand20844-0
724,REDNUK__ligand5316-0
725,REDNUK__ligand1379-0
726,REDNUK__ligand11177-0
727,REDNUK__ligand2722-0
728,REDNUK__ligand177-0
729,REDNUK__ligand15455-0
730,REDNUK__ligand5935-0
731,REDNUK__ligand1165-0
732,REDNUK__ligand9525-0
733,REDNUK__ligand3157-0
734,REDNUK__ligand25658-0
735,REDNUK__ligand17686-0
736,REDNUK__ligand31205-0
737,REDNUK__ligand1688-0
738,REDNUK__ligand5357-0
739,REDNUK__ligand3647-0
740,REDNUK__ligand11814-0
741,REDNUK__ligand5056-0
742,REDNUK__ligand16603-0
743,REDNUK__ligand4850-0
744,REDNUK__ligand16870-0
745,REDNUK__ligand1768-0
746,REDNUK__ligand3871-0
747,REDNUK__ligand11622-0
748,REDNUK__ligand1469-0
749,REDNUK__ligand909-0
750,REDNUK__ligand372-0
751,REDNUK__ligand2527-0
752,REDNUK__ligand26673-0
753,REDNUK__ligand830-0
754,REDNUK__ligand20821-0
755,REDNUK__ligand11606-0
756,REDNUK__ligand1709-0
757,REDNUK__ligand31000-0
758,REDNUK__ligand8464-0
759,REDNUK__ligand8349-0
760,REDNUK__ligand193-0
761,REDNUK__ligand1771-0
762,REDNUK__ligand11252-0
763,REDNUK__ligand4911-0
764,REDNUK__ligand252-0
765,REDNUK__ligand17-0
766,REDNUK__ligand13260-0
767,REDNUK__ligand3392-0
768,REDNUK__ligand116-0
769,REDNUK__ligand10582-0
770,REDNUK__ligand5849-0
771,REDNUK__ligand18067-0
772,REDNUK__ligand19824-0
773,REDNUK__ligand3029-0
774,REDNUK__ligand7162-0
775,REDNUK__ligand10151-0
776,REDNUK__ligand2328-0
777,REDNUK__ligand1773-0
778,REDNUK__ligand4581-0
779,REDNUK__ligand8-0
780,REDNUK__ligand250-0
781,REDNUK__ligand1900-0
782,REDNUK__ligand9197-0
783,REDNUK__ligand22353-0
784,REDNUK__ligand3208-0
785,REDNUK__ligand2208-0
786,REDNUK__ligand370-0
787,REDNUK__ligand7573-0
788,REDNUK__ligand2781-0
789,REDNUK__ligand19668-0
790,REDNUK__ligand3350-0
791,REDNUK__ligand19906-0
792,REDNUK__ligand6672-0
793,REDNUK__ligand9809-0
794,REDNUK__ligand1327-0
795,REDNUK__ligand8722-0
796,REDNUK__ligand785-0
797,REDNUK__ligand311-0
798,REDNUK__ligand11479-0
799,REDNUK__ligand27610-0
800,REDNUK__ligand10479-0
801,REDNUK__ligand479-0
802,REDNUK__ligand10853-0
803,REDNUK__ligand1533-0
804,REDNUK__ligand29441-0
805,REDNUK__ligand24851-0
806,REDNUK__ligand370-1
807,REDNUK__ligand620-0
808,REDNUK__ligand11698-0
809,REDNUK__ligand20530-0
810,REDNUK__ligand7557-0
811,REDNUK__ligand564-0
812,REDNUK__ligand49-0
813,REDNUK__ligand1496-0
814,REDNUK__ligand13657-0
815,REDNUK__ligand14347-0
816,REDNUK__ligand14302-0
817,REDNUK__ligand4131-0
818,REDNUK__ligand1712-0
819,REDNUK__ligand188-0
820,REDNUK__ligand20220-0
821,REDNUK__ligand15387-0
822,REDNUK__ligand89-0
823,REDNUK__ligand20121-0
824,REDNUK__ligand5094-0
825,REDNUK__ligand5892-0
826,REDNUK__ligand16952-0
827,REDNUK__ligand29813-0
