,TMC
0,FABWIO__ligand5415-0
1,FABWIO__ligand26529-0
2,FABWIO__ligand4124-0
3,FABWIO__ligand4161-0
4,FABWIO__ligand3471-0
5,FABWIO__ligand11618-0
6,FABWIO__ligand66-0
7,FABWIO__ligand177-0
8,FABWIO__ligand2823-0
9,FABWIO__ligand19927-0
10,FABWIO__ligand909-0
11,FABWIO__ligand28559-0
12,FABWIO__ligand26324-0
13,FABWIO__ligand6995-0
14,FABWIO__ligand14043-0
15,FABWIO__ligand21729-0
16,FABWIO__ligand27239-0
17,FABWIO__ligand3180-0
18,FABWIO__ligand2650-0
19,FABWIO__ligand2281-0
20,FABWIO__ligand4340-0
21,FABWIO__ligand193-0
22,FABWIO__ligand29215-0
23,FABWIO__ligand7566-0
24,FABWIO__ligand2001-0
25,FABWIO__ligand26631-0
26,FABWIO__ligand16148-0
27,FABWIO__ligand830-0
28,FABWIO__ligand9944-0
29,FABWIO__ligand12003-0
30,FABWIO__ligand8593-0
31,FABWIO__ligand372-0
32,FABWIO__ligand21399-0
33,FABWIO__ligand10872-0
34,FABWIO__ligand8553-0
35,FABWIO__ligand1113-0
36,FABWIO__ligand22403-0
37,FABWIO__ligand5201-0
38,FABWIO__ligand20695-0
39,FABWIO__ligand27754-0
40,FABWIO__ligand42-0
41,FABWIO__ligand116-0
42,FABWIO__ligand16369-0
43,FABWIO__ligand28540-0
44,FABWIO__ligand11111-0
45,FABWIO__ligand252-0
46,FABWIO__ligand14569-0
47,FABWIO__ligand13385-0
48,FABWIO__ligand9615-0
49,FABWIO__ligand24111-0
50,FABWIO__ligand1154-0
51,FABWIO__ligand22444-0
52,FABWIO__ligand1498-0
53,FABWIO__ligand13220-0
54,FABWIO__ligand250-0
55,FABWIO__ligand11587-0
56,FABWIO__ligand4596-0
57,FABWIO__ligand17396-0
58,FABWIO__ligand23175-0
59,FABWIO__ligand15788-0
60,FABWIO__ligand27840-0
61,FABWIO__ligand38-0
62,FABWIO__ligand30728-0
63,FABWIO__ligand24872-0
64,FABWIO__ligand370-0
65,FABWIO__ligand1169-0
66,FABWIO__ligand10033-0
67,FABWIO__ligand8529-0
68,FABWIO__ligand24644-0
69,FABWIO__ligand12001-0
70,FABWIO__ligand564-0
71,FABWIO__ligand1050-0
72,FABWIO__ligand1015-0
73,FABWIO__ligand11949-0
74,FABWIO__ligand620-0
75,FABWIO__ligand22129-0
76,FABWIO__ligand2027-0
77,FABWIO__ligand12138-0
78,FABWIO__ligand370-1
79,FABWIO__ligand24780-0
80,FABWIO__ligand25561-0
81,FABWIO__ligand479-0
82,FABWIO__ligand785-0
83,FABWIO__ligand311-0
84,FABWIO__ligand1618-0
85,FABWIO__ligand31694-0
86,FABWIO__ligand2692-0
87,FABWIO__ligand29486-0
88,FABWIO__ligand4262-0
89,FABWIO__ligand188-0
90,FABWIO__ligand17427-0
91,FABWIO__ligand1028-0
92,FABWIO__ligand3557-0
93,FABWIO__ligand3980-0
94,FABWIO__ligand1149-0
95,FABWIO__ligand10056-0
96,FABWIO__ligand12365-0
97,FABWIO__ligand7075-0
98,FABWIO__ligand11357-0
99,FABWIO__ligand13862-0
100,FABWIO__ligand15531-0
101,FABWIO__ligand28743-0
102,FABWIO__ligand9750-0
103,FABWIO__ligand28930-0
104,FABWIO__ligand22168-0
105,FABWIO__ligand22294-0
106,FABWIO__ligand18-0
107,FABWIO__ligand21919-0
108,FABWIO__ligand560-0
109,FABWIO__ligand1779-0
110,FABWIO__ligand1817-0
111,FABWIO__ligand6993-0
112,FABWIO__ligand4167-0
113,FABWIO__ligand3-0
114,FABWIO__ligand11970-0
115,FABWIO__ligand235-0
116,FABWIO__ligand4266-0
117,FABWIO__ligand1400-0
118,FABWIO__ligand15883-0
119,FABWIO__ligand134-0
120,FABWIO__ligand9491-0
121,FABWIO__ligand28810-0
122,FABWIO__ligand11096-0
123,FABWIO__ligand11447-0
124,FABWIO__ligand24230-0
125,FABWIO__ligand15926-0
126,FABWIO__ligand1288-0
127,FABWIO__ligand19792-0
128,FABWIO__ligand10828-0
129,FABWIO__ligand11682-0
130,FABWIO__ligand4207-0
131,FABWIO__ligand20207-0
132,FABWIO__ligand30711-0
133,FABWIO__ligand685-0
134,FABWIO__ligand3416-0
135,FABWIO__ligand3453-0
136,FABWIO__ligand16988-0
137,FABWIO__ligand1150-0
138,FABWIO__ligand25913-0
139,FABWIO__ligand421-0
140,FABWIO__ligand1539-0
141,FABWIO__ligand16663-0
142,FABWIO__ligand14614-0
143,FABWIO__ligand7438-0
144,FABWIO__ligand8200-0
145,FABWIO__ligand4063-0
146,FABWIO__ligand24035-0
147,FABWIO__ligand31842-0
148,FABWIO__ligand31044-0
149,FABWIO__ligand3042-0
150,FABWIO__ligand11994-0
151,FABWIO__ligand294-0
152,FABWIO__ligand10371-0
153,FABWIO__ligand13672-0
154,FABWIO__ligand5515-0
155,FABWIO__ligand6663-0
156,FABWIO__ligand197-0
157,FABWIO__ligand28685-0
158,FABWIO__ligand18568-0
159,FABWIO__ligand5614-0
160,FABWIO__ligand5280-0
161,FABWIO__ligand1831-0
162,FABWIO__ligand19184-0
163,FABWIO__ligand1849-0
164,FABWIO__ligand1216-0
165,FABWIO__ligand5019-0
166,FABWIO__ligand18448-0
167,FABWIO__ligand12453-0
168,FABWIO__ligand3261-0
169,FABWIO__ligand1152-0
170,FABWIO__ligand28459-0
171,FABWIO__ligand8042-0
172,FABWIO__ligand6112-0
173,FABWIO__ligand1-0
174,FABWIO__ligand1828-0
175,FABWIO__ligand1397-0
176,FABWIO__ligand7213-0
177,FABWIO__ligand4710-0
178,FABWIO__ligand5755-0
179,FABWIO__ligand14167-0
180,FABWIO__ligand13477-0
181,FABWIO__ligand3144-0
182,FABWIO__ligand868-0
183,FABWIO__ligand5085-0
184,FABWIO__ligand30142-0
185,FABWIO__ligand27669-0
186,FABWIO__ligand27285-0
187,FABWIO__ligand3285-0
188,FABWIO__ligand4795-0
189,FABWIO__ligand29029-0
190,FABWIO__ligand783-0
191,FABWIO__ligand1908-0
192,FABWIO__ligand352-0
193,FABWIO__ligand5630-0
194,FABWIO__ligand23197-0
195,FABWIO__ligand1786-0
196,FABWIO__ligand1168-0
197,FABWIO__ligand1294-0
198,FABWIO__ligand833-0
199,FABWIO__ligand3632-0
200,FABWIO__ligand3677-0
201,FABWIO__ligand20557-0
202,FABWIO__ligand30004-0
203,FABWIO__ligand6699-0
204,FABWIO__ligand25048-0
205,FABWIO__ligand1499-0
206,FABWIO__ligand21940-0
207,FABWIO__ligand2881-0
208,FABWIO__ligand115-0
209,FABWIO__ligand1464-0
210,FABWIO__ligand3712-0
211,FABWIO__ligand1211-0
212,FABWIO__ligand27122-0
213,FABWIO__ligand20432-0
214,FABWIO__ligand13755-0
215,FABWIO__ligand16133-0
216,FABWIO__ligand23445-0
217,FABWIO__ligand6892-0
218,FABWIO__ligand24953-0
219,FABWIO__ligand14339-0
220,FABWIO__ligand3736-0
221,FABWIO__ligand8000-0
222,FABWIO__ligand30788-0
223,FABWIO__ligand9344-0
224,FABWIO__ligand13691-0
225,FABWIO__ligand368-0
226,FABWIO__ligand21752-0
227,FABWIO__ligand5383-0
228,FABWIO__ligand2693-0
229,FABWIO__ligand395-0
230,FABWIO__ligand3945-0
231,FABWIO__ligand18757-0
232,FABWIO__ligand24560-0
233,FABWIO__ligand9299-0
234,FABWIO__ligand20844-0
235,FABWIO__ligand2985-0
236,FABWIO__ligand18413-0
237,FABWIO__ligand4007-0
238,FABWIO__ligand24624-0
239,FABWIO__ligand784-0
240,FABWIO__ligand3677-1
241,FABWIO__ligand9883-0
242,FABWIO__ligand7291-0
243,FABWIO__ligand2238-0
244,FABWIO__ligand27550-0
245,FABWIO__ligand9167-0
246,FABWIO__ligand487-0
247,FABWIO__ligand5304-0
248,FABWIO__ligand2822-0
249,FABWIO__ligand7293-0
250,FABWIO__ligand1317-0
251,FABWIO__ligand3867-0
252,FABWIO__ligand18019-1
253,FABWIO__ligand14007-0
254,FABWIO__ligand4-0
255,FABWIO__ligand29565-0
256,FABWIO__ligand23682-0
257,FABWIO__ligand5509-0
258,FABWIO__ligand18158-0
259,FABWIO__ligand67-0
260,FABWIO__ligand8002-0
261,FABWIO__ligand176-0
262,FABWIO__ligand1407-0
263,FABWIO__ligand6117-0
264,FABWIO__ligand27771-0
265,FABWIO__ligand7762-0
266,FABWIO__ligand5080-0
267,FABWIO__ligand20942-1
268,FABWIO__ligand16956-0
269,FABWIO__ligand746-0
270,FABWIO__ligand14226-0
271,FABWIO__ligand21339-0
272,FABWIO__ligand447-0
273,FABWIO__ligand17069-0
274,FABWIO__ligand43-0
275,FABWIO__ligand152-0
276,FABWIO__ligand14477-0
277,FABWIO__ligand4101-0
278,FABWIO__ligand5595-0
279,FABWIO__ligand17445-0
280,FABWIO__ligand12413-0
281,FABWIO__ligand29334-0
282,FABWIO__ligand20731-0
283,FABWIO__ligand2221-0
284,FABWIO__ligand4358-0
285,FABWIO__ligand3120-0
286,FABWIO__ligand11798-0
287,FABWIO__ligand3926-0
288,FABWIO__ligand1197-0
289,FABWIO__ligand21448-0
290,FABWIO__ligand5099-0
291,FABWIO__ligand8592-0
292,FABWIO__ligand22357-0
293,FABWIO__ligand11758-0
294,FABWIO__ligand1296-0
295,FABWIO__ligand2259-0
296,FABWIO__ligand29214-0
297,FABWIO__ligand506-0
298,FABWIO__ligand9773-0
299,FABWIO__ligand11544-0
300,FABWIO__ligand11501-0
301,FABWIO__ligand5510-0
302,FABWIO__ligand1376-0
303,FABWIO__ligand8612-0
304,FABWIO__ligand2124-0
305,FABWIO__ligand422-0
306,FABWIO__ligand3225-0
307,FABWIO__ligand1153-0
308,FABWIO__ligand1116-0
309,FABWIO__ligand7092-0
310,FABWIO__ligand2260-0
311,FABWIO__ligand7273-0
312,FABWIO__ligand10151-0
313,FABWIO__ligand686-0
314,FABWIO__ligand9323-0
315,FABWIO__ligand7172-0
316,FABWIO__ligand19668-0
317,FABWIO__ligand5180-0
318,FABWIO__ligand19906-0
319,FABWIO__ligand196-0
320,FABWIO__ligand22353-0
321,FABWIO__ligand7316-0
322,FABWIO__ligand5708-0
323,FABWIO__ligand6017-0
324,FABWIO__ligand7196-0
325,FABWIO__ligand24851-0
326,FABWIO__ligand5159-0
327,FABWIO__ligand5530-0
328,FABWIO__ligand20530-0
329,FABWIO__ligand1787-0
330,FABWIO__ligand11698-0
331,FABWIO__ligand1356-0
332,FABWIO__ligand9753-0
333,FABWIO__ligand14302-0
334,FABWIO__ligand13657-0
335,FABWIO__ligand14347-0
336,FABWIO__ligand3178-0
337,FABWIO__ligand10479-0
338,FABWIO__ligand27610-0
339,FABWIO__ligand11479-0
340,FABWIO__ligand29441-0
341,FABWIO__ligand353-0
342,FABWIO__ligand10853-0
343,FABWIO__ligand4807-0
344,FABWIO__ligand4711-0
345,FABWIO__ligand3244-0
346,FABWIO__ligand2906-0
347,FABWIO__ligand29813-0
348,FABWIO__ligand16952-0
349,FABWIO__ligand393-0
350,FABWIO__ligand20220-0
351,FABWIO__ligand8793-0
352,FABWIO__ligand15387-0
353,FABWIO__ligand5649-0
354,FABWIO__ligand2788-0
355,FABWIO__ligand4649-0
356,FABWIO__ligand20121-0
357,FABWIO__ligand391-0
358,FABWIO__ligand17686-0
359,FABWIO__ligand25658-0
360,FABWIO__ligand1289-0
361,FABWIO__ligand31205-0
362,FABWIO__ligand2203-0
363,FABWIO__ligand5387-0
364,FABWIO__ligand11177-0
365,FABWIO__ligand618-0
366,FABWIO__ligand15455-0
367,FABWIO__ligand24-0
368,FABWIO__ligand16870-0
369,FABWIO__ligand19-0
370,FABWIO__ligand9450-0
371,FABWIO__ligand11622-0
372,FABWIO__ligand314-0
373,FABWIO__ligand780-0
374,FABWIO__ligand11814-0
375,FABWIO__ligand1599-0
376,FABWIO__ligand2612-0
377,FABWIO__ligand16603-0
378,FABWIO__ligand813-0
379,FABWIO__ligand8788-0
380,FABWIO__ligand1832-0
381,FABWIO__ligand11606-0
382,FABWIO__ligand2043-0
383,FABWIO__ligand78-0
384,FABWIO__ligand314-1
385,FABWIO__ligand31000-0
386,FABWIO__ligand1228-0
387,FABWIO__ligand9943-0
388,FABWIO__ligand26673-0
389,FABWIO__ligand20821-0
390,FABWIO__ligand1604-0
391,FABWIO__ligand1114-0
392,FABWIO__ligand465-0
393,FABWIO__ligand6391-0
394,FABWIO__ligand19824-0
395,FABWIO__ligand3126-0
396,FABWIO__ligand18067-0
397,FABWIO__ligand9284-0
398,FABWIO__ligand45-0
399,FABWIO__ligand11252-0
400,FABWIO__ligand10582-0
401,FABWIO__ligand13260-0
402,FABWIO__ligand2417-0
403,FABWIO__ligand4016-0
404,FABWIO__ligand29087-0
405,FABWIO__ligand768-0
406,FABWIO__ligand7867-0
407,FABWIO__ligand18703-0
408,FABWIO__ligand1219-0
409,FABWIO__ligand6709-0
410,FABWIO__ligand28924-0
411,FABWIO__ligand1790-0
412,FABWIO__ligand1304-0
413,FABWIO__ligand49-0
414,FABWIO__ligand7280-0
415,FABWIO__ligand15438-0
416,FABWIO__ligand7238-0
417,FABWIO__ligand89-0
418,FABWIO__ligand24750-0
419,FABWIO__ligand9784-0
420,FABWIO__ligand1451-0
421,FABWIO__ligand4272-0
422,FABWIO__ligand7629-0
423,FABWIO__ligand384-0
424,FABWIO__ligand17945-0
425,FABWIO__ligand18013-0
426,FABWIO__ligand25224-0
427,FABWIO__ligand4093-0
428,FABWIO__ligand4442-0
429,FABWIO__ligand3954-0
430,FABWIO__ligand31578-0
431,FABWIO__ligand9520-0
432,FABWIO__ligand17207-0
433,FABWIO__ligand8699-0
434,FABWIO__ligand1160-0
435,FABWIO__ligand141-0
436,FABWIO__ligand9833-0
437,FABWIO__ligand8876-0
438,FABWIO__ligand2828-0
439,FABWIO__ligand7648-0
440,FABWIO__ligand5256-0
441,FABWIO__ligand240-0
442,FABWIO__ligand4157-0
443,FABWIO__ligand2232-0
444,FABWIO__ligand26277-0
445,FABWIO__ligand29898-0
446,FABWIO__ligand2176-0
447,FABWIO__ligand22755-0
448,FABWIO__ligand9291-0
449,FABWIO__ligand31618-0
450,FABWIO__ligand11432-0
451,FABWIO__ligand10432-0
452,FABWIO__ligand8115-0
453,FABWIO__ligand6768-0
454,FABWIO__ligand1982-0
455,FABWIO__ligand7000-0
456,FABWIO__ligand1285-0
457,FABWIO__ligand15168-0
458,FABWIO__ligand24064-0
459,FABWIO__ligand4503-0
460,FABWIO__ligand4546-0
461,FABWIO__ligand23589-0
462,FABWIO__ligand3565-0
463,FABWIO__ligand24613-0
464,FABWIO__ligand1512-0
465,FABWIO__ligand19725-0
466,FABWIO__ligand5331-0
467,FABWIO__ligand10555-0
468,FABWIO__ligand6919-0
469,FABWIO__ligand3852-0
470,FABWIO__ligand31483-0
471,FABWIO__ligand2485-0
472,FABWIO__ligand4155-0
473,FABWIO__ligand3094-0
474,FABWIO__ligand693-0
475,FABWIO__ligand5211-0
476,FABWIO__ligand11568-0
477,FABWIO__ligand17710-0
478,FABWIO__ligand20579-0
479,FABWIO__ligand17-0
480,FABWIO__ligand6839-0
481,FABWIO__ligand8969-0
482,FABWIO__ligand3174-0
483,FABWIO__ligand3937-0
484,FABWIO__ligand1202-0
485,FABWIO__ligand21421-0
486,FABWIO__ligand3131-0
487,FABWIO__ligand11774-0
488,FABWIO__ligand14586-0
489,FABWIO__ligand4720-0
490,FABWIO__ligand122-0
491,FABWIO__ligand7106-0
492,FABWIO__ligand12682-0
493,FABWIO__ligand18699-0
494,FABWIO__ligand7242-0
495,FABWIO__ligand17240-0
496,FABWIO__ligand9908-0
497,FABWIO__ligand1263-0
498,FABWIO__ligand757-0
499,FABWIO__ligand17590-0
500,FABWIO__ligand9935-0
501,FABWIO__ligand13072-0
502,FABWIO__ligand1536-0
503,FABWIO__ligand1573-0
504,FABWIO__ligand12336-0
505,FABWIO__ligand1959-0
506,FABWIO__ligand3504-0
507,FABWIO__ligand1844-0
508,FABWIO__ligand4661-0
509,FABWIO__ligand1343-0
510,FABWIO__ligand3876-0
511,FABWIO__ligand3035-0
512,FABWIO__ligand6616-0
513,FABWIO__ligand3718-0
514,FABWIO__ligand2917-0
515,FABWIO__ligand25267-0
516,FABWIO__ligand10084-0
517,FABWIO__ligand7819-0
518,FABWIO__ligand12467-0
519,FABWIO__ligand13257-0
520,FABWIO__ligand3465-0
521,FABWIO__ligand21936-0
522,FABWIO__ligand126-0
523,FABWIO__ligand163-0
524,FABWIO__ligand23904-0
525,FABWIO__ligand6596-0
526,FABWIO__ligand3721-0
527,FABWIO__ligand6904-0
528,FABWIO__ligand6102-0
529,FABWIO__ligand27074-0
530,FABWIO__ligand4620-0
531,FABWIO__ligand25805-0
532,FABWIO__ligand22981-0
533,FABWIO__ligand20599-0
534,FABWIO__ligand27169-0
535,FABWIO__ligand14523-0
536,FABWIO__ligand845-0
537,FABWIO__ligand1577-0
538,FABWIO__ligand6067-0
539,FABWIO__ligand2295-0
540,FABWIO__ligand18391-0
541,FABWIO__ligand187-0
542,FABWIO__ligand16791-0
543,FABWIO__ligand4641-0
544,FABWIO__ligand8-0
545,FABWIO__ligand657-0
546,FABWIO__ligand28668-0
547,FABWIO__ligand18465-0
548,FABWIO__ligand18799-0
549,FABWIO__ligand366-0
550,FABWIO__ligand1142-0
551,FABWIO__ligand3234-0
552,FABWIO__ligand777-0
553,FABWIO__ligand29863-0
554,FABWIO__ligand18074-0
555,FABWIO__ligand13869-0
556,FABWIO__ligand7126-0
557,FABWIO__ligand941-0
558,FABWIO__ligand29610-0
559,FABWIO__ligand596-0
560,FABWIO__ligand8835-0
561,FABWIO__ligand2028-0
562,FABWIO__ligand11140-0
563,FABWIO__ligand9601-0
564,FABWIO__ligand8992-0
565,FABWIO__ligand1018-0
566,FABWIO__ligand201-0
567,FABWIO__ligand12519-0
568,FABWIO__ligand25735-0
569,FABWIO__ligand4116-0
570,FABWIO__ligand11206-0
571,FABWIO__ligand11-0
572,FABWIO__ligand7967-0
573,FABWIO__ligand3707-0
574,FABWIO__ligand23124-0
575,FABWIO__ligand6124-0
576,FABWIO__ligand178-0
577,FABWIO__ligand1324-0
578,FABWIO__ligand69-0
579,FABWIO__ligand8721-0
580,FABWIO__ligand12660-0
581,FABWIO__ligand279-0
582,FABWIO__ligand19257-0
583,FABWIO__ligand1823-0
584,FABWIO__ligand13209-0
585,FABWIO__ligand5643-0
586,FABWIO__ligand185-0
587,FABWIO__ligand31248-0
588,FABWIO__ligand321-0
589,FABWIO__ligand1615-0
590,FABWIO__ligand25650-0
591,FABWIO__ligand2526-0
592,FABWIO__ligand5036-0
593,FABWIO__ligand9952-0
594,FABWIO__ligand9111-0
595,FABWIO__ligand9441-0
596,FABWIO__ligand2332-0
597,FABWIO__ligand12295-0
598,FABWIO__ligand27835-0
599,FABWIO__ligand1530-0
600,FABWIO__ligand21787-0
601,FABWIO__ligand1575-0
602,FABWIO__ligand25575-0
603,FABWIO__ligand25689-0
604,FABWIO__ligand9933-0
605,FABWIO__ligand1631-0
606,FABWIO__ligand30539-0
607,FABWIO__ligand338-0
608,FABWIO__ligand2915-0
609,FABWIO__ligand3156-0
610,FABWIO__ligand23906-0
611,FABWIO__ligand1378-0
612,FABWIO__ligand6244-0
613,FABWIO__ligand21132-0
614,FABWIO__ligand11166-0
615,FABWIO__ligand18832-0
616,FABWIO__ligand27175-0
617,FABWIO__ligand3973-0
618,FABWIO__ligand23713-0
619,FABWIO__ligand436-0
620,FABWIO__ligand30988-0
621,FABWIO__ligand1147-0
622,FABWIO__ligand27893-0
623,FABWIO__ligand14723-0
624,FABWIO__ligand692-0
625,FABWIO__ligand7925-0
626,FABWIO__ligand19641-0
627,FABWIO__ligand15422-0
628,FABWIO__ligand12934-0
629,FABWIO__ligand20578-0
630,FABWIO__ligand16-0
631,FABWIO__ligand2068-0
632,FABWIO__ligand4194-0
633,FABWIO__ligand31783-0
634,FABWIO__ligand7532-0
635,FABWIO__ligand17258-0
636,FABWIO__ligand326-0
637,FABWIO__ligand14297-0
638,FABWIO__ligand14603-0
639,FABWIO__ligand4330-0
640,FABWIO__ligand26665-0
641,FABWIO__ligand17631-0
642,FABWIO__ligand2599-0
643,FABWIO__ligand13012-0
644,FABWIO__ligand30333-0
645,FABWIO__ligand6283-0
646,FABWIO__ligand12606-0
647,FABWIO__ligand633-0
648,FABWIO__ligand17281-0
649,FABWIO__ligand497-0
650,FABWIO__ligand6062-0
651,FABWIO__ligand30296-0
652,FABWIO__ligand12337-0
653,FABWIO__ligand29410-0
654,FABWIO__ligand4738-0
655,FABWIO__ligand4813-0
656,FABWIO__ligand26540-0
657,FABWIO__ligand5813-0
658,FABWIO__ligand20740-0
659,FABWIO__ligand28468-0
660,FABWIO__ligand3215-0
661,FABWIO__ligand12427-0
662,FABWIO__ligand16628-0
663,FABWIO__ligand32-0
664,FABWIO__ligand7107-0
665,FABWIO__ligand27460-0
666,FABWIO__ligand18814-0
667,FABWIO__ligand9148-0
668,FABWIO__ligand19057-0
669,FABWIO__ligand13425-0
670,FABWIO__ligand29302-0
671,FABWIO__ligand199-0
672,FABWIO__ligand7529-0
673,FABWIO__ligand27763-0
674,FABWIO__ligand6946-0
675,FABWIO__ligand1415-0
676,FABWIO__ligand10262-0
677,FABWIO__ligand28676-0
678,FABWIO__ligand12641-0
679,FABWIO__ligand588-0
680,FABWIO__ligand2830-0
681,FABWIO__ligand48-0
682,FABWIO__ligand1729-0
683,FABWIO__ligand10958-0
684,FABWIO__ligand5627-0
685,FABWIO__ligand14108-0
686,FABWIO__ligand5483-0
687,FABWIO__ligand300-0
688,FABWIO__ligand5316-0
689,FABWIO__ligand1065-0
690,FABWIO__ligand7530-0
691,FABWIO__ligand91-0
692,FABWIO__ligand17302-0
693,FABWIO__ligand3012-0
694,FABWIO__ligand17805-0
695,FABWIO__ligand1449-0
696,FABWIO__ligand23769-0
697,FABWIO__ligand4332-0
698,FABWIO__ligand24185-0
699,FABWIO__ligand25178-0
700,FABWIO__ligand324-0
701,FABWIO__ligand9681-0
702,FABWIO__ligand361-0
703,FABWIO__ligand409-0
704,FABWIO__ligand6455-0
705,FABWIO__ligand24145-0
706,FABWIO__ligand6882-0
707,FABWIO__ligand15585-0
708,FABWIO__ligand12401-0
709,FABWIO__ligand19830-0
710,FABWIO__ligand13068-0
711,FABWIO__ligand3934-0
712,FABWIO__ligand10476-0
713,FABWIO__ligand12130-0
714,FABWIO__ligand17387-0
715,FABWIO__ligand51-0
716,FABWIO__ligand12289-0
717,FABWIO__ligand18292-0
718,FABWIO__ligand13658-0
719,FABWIO__ligand26702-0
720,FABWIO__ligand12231-0
721,FABWIO__ligand2403-0
722,FABWIO__ligand2527-0
723,FABWIO__ligand26810-0
724,FABWIO__ligand27482-0
725,FABWIO__ligand68-0
726,FABWIO__ligand13208-0
727,FABWIO__ligand8349-0
728,FABWIO__ligand8464-0
729,FABWIO__ligand1709-0
730,FABWIO__ligand694-0
731,FABWIO__ligand4911-0
732,FABWIO__ligand1771-0
733,FABWIO__ligand55-0
734,FABWIO__ligand20682-0
735,FABWIO__ligand3392-0
736,FABWIO__ligand488-0
737,FABWIO__ligand13390-0
738,FABWIO__ligand358-0
739,FABWIO__ligand430-0
740,FABWIO__ligand5849-0
741,FABWIO__ligand25411-0
742,FABWIO__ligand2722-0
743,FABWIO__ligand1379-0
744,FABWIO__ligand34-0
745,FABWIO__ligand5935-0
746,FABWIO__ligand9525-0
747,FABWIO__ligand14174-0
748,FABWIO__ligand10712-0
749,FABWIO__ligand1165-0
750,FABWIO__ligand11456-0
751,FABWIO__ligand3157-0
752,FABWIO__ligand29879-0
753,FABWIO__ligand14248-0
754,FABWIO__ligand3647-0
755,FABWIO__ligand5357-0
756,FABWIO__ligand12030-0
757,FABWIO__ligand1688-0
758,FABWIO__ligand4850-0
759,FABWIO__ligand5056-0
760,FABWIO__ligand28884-0
761,FABWIO__ligand13331-0
762,FABWIO__ligand1768-0
763,FABWIO__ligand571-0
764,FABWIO__ligand534-0
765,FABWIO__ligand670-0
766,FABWIO__ligand1469-0
767,FABWIO__ligand13294-0
768,FABWIO__ligand31832-0
769,FABWIO__ligand3871-0
770,FABWIO__ligand17982-0
771,FABWIO__ligand29414-0
772,FABWIO__ligand17278-0
773,FABWIO__ligand20011-0
774,FABWIO__ligand1533-0
775,FABWIO__ligand17398-0
776,FABWIO__ligand24047-0
777,FABWIO__ligand1496-0
778,FABWIO__ligand22557-0
779,FABWIO__ligand10589-0
780,FABWIO__ligand7557-0
781,FABWIO__ligand20598-0
782,FABWIO__ligand11675-0
783,FABWIO__ligand16475-0
784,FABWIO__ligand14703-0
785,FABWIO__ligand226-0
786,FABWIO__ligand1712-0
787,FABWIO__ligand4131-0
788,FABWIO__ligand162-0
789,FABWIO__ligand5892-0
790,FABWIO__ligand5094-0
791,FABWIO__ligand383-0
792,FABWIO__ligand416-0
793,FABWIO__ligand20251-1
794,FABWIO__ligand20251-0
795,FABWIO__ligand7162-0
796,FABWIO__ligand20214-0
797,FABWIO__ligand30702-0
798,FABWIO__ligand3029-0
799,FABWIO__ligand20539-0
800,FABWIO__ligand57-0
801,FABWIO__ligand31097-0
802,FABWIO__ligand21581-0
803,FABWIO__ligand4581-0
804,FABWIO__ligand1773-0
805,FABWIO__ligand696-0
806,FABWIO__ligand2328-0
807,FABWIO__ligand14117-0
808,FABWIO__ligand9197-0
809,FABWIO__ligand17261-0
810,FABWIO__ligand1900-0
811,FABWIO__ligand21371-0
812,FABWIO__ligand17118-0
813,FABWIO__ligand20419-0
814,FABWIO__ligand28789-0
815,FABWIO__ligand2208-0
816,FABWIO__ligand3208-0
817,FABWIO__ligand29568-0
818,FABWIO__ligand3350-0
819,FABWIO__ligand2781-0
820,FABWIO__ligand7573-0
821,FABWIO__ligand8722-0
822,FABWIO__ligand656-0
823,FABWIO__ligand1327-0
824,FABWIO__ligand9809-0
825,FABWIO__ligand6672-0
826,FABWIO__ligand14889-0
827,FABWIO__ligand30851-0
