,TMC
0,KOJBUI__ligand2527-0
1,KOJBUI__ligand656-0
2,KOJBUI__ligand22755-0
3,KOJBUI__ligand10432-0
4,KOJBUI__ligand31618-0
5,KOJBUI__ligand11432-0
6,KOJBUI__ligand26277-0
7,KOJBUI__ligand29898-0
8,KOJBUI__ligand8349-0
9,KOJBUI__ligand8464-0
10,KOJBUI__ligand1709-0
11,KOJBUI__ligand15168-0
12,KOJBUI__ligand1771-0
13,KOJBUI__ligand4911-0
14,KOJBUI__ligand3392-0
15,KOJBUI__ligand23589-0
16,KOJBUI__ligand24064-0
17,KOJBUI__ligand696-0
18,KOJBUI__ligand5849-0
19,KOJBUI__ligand2722-0
20,KOJBUI__ligand18703-0
21,KOJBUI__ligand1379-0
22,KOJBUI__ligand383-0
23,KOJBUI__ligand5935-0
24,KOJBUI__ligand29087-0
25,KOJBUI__ligand416-0
26,KOJBUI__ligand9525-0
27,KOJBUI__ligand226-0
28,KOJBUI__ligand1165-0
29,KOJBUI__ligand69-0
30,KOJBUI__ligand28924-0
31,KOJBUI__ligand162-0
32,KOJBUI__ligand15438-0
33,KOJBUI__ligand3157-0
34,KOJBUI__ligand3647-0
35,KOJBUI__ligand11-0
36,KOJBUI__ligand5357-0
37,KOJBUI__ligand1688-0
38,KOJBUI__ligand24750-0
39,KOJBUI__ligand4850-0
40,KOJBUI__ligand5056-0
41,KOJBUI__ligand17207-0
42,KOJBUI__ligand31578-0
43,KOJBUI__ligand1768-0
44,KOJBUI__ligand17945-0
45,KOJBUI__ligand1469-0
46,KOJBUI__ligand3871-0
47,KOJBUI__ligand25224-0
48,KOJBUI__ligand18013-0
49,KOJBUI__ligand12682-0
50,KOJBUI__ligand571-0
51,KOJBUI__ligand18699-0
52,KOJBUI__ligand534-0
53,KOJBUI__ligand670-0
54,KOJBUI__ligand1533-0
55,KOJBUI__ligand17590-0
56,KOJBUI__ligand1496-0
57,KOJBUI__ligand7557-0
58,KOJBUI__ligand17240-0
59,KOJBUI__ligand12336-0
60,KOJBUI__ligand4131-0
61,KOJBUI__ligand1712-0
62,KOJBUI__ligand13072-0
63,KOJBUI__ligand8-0
64,KOJBUI__ligand5094-0
65,KOJBUI__ligand5892-0
66,KOJBUI__ligand488-0
67,KOJBUI__ligand7162-0
68,KOJBUI__ligand19725-0
69,KOJBUI__ligand3029-0
70,KOJBUI__ligand358-0
71,KOJBUI__ligand1773-0
72,KOJBUI__ligand24613-0
73,KOJBUI__ligand4581-0
74,KOJBUI__ligand430-0
75,KOJBUI__ligand2328-0
76,KOJBUI__ligand9197-0
77,KOJBUI__ligand694-0
78,KOJBUI__ligand1900-0
79,KOJBUI__ligand10555-0
80,KOJBUI__ligand31483-0
81,KOJBUI__ligand11568-0
82,KOJBUI__ligand20579-0
83,KOJBUI__ligand17710-0
84,KOJBUI__ligand2208-0
85,KOJBUI__ligand3208-0
86,KOJBUI__ligand11774-0
87,KOJBUI__ligand14586-0
88,KOJBUI__ligand3350-0
89,KOJBUI__ligand7573-0
90,KOJBUI__ligand2781-0
91,KOJBUI__ligand8722-0
92,KOJBUI__ligand9809-0
93,KOJBUI__ligand6672-0
94,KOJBUI__ligand1327-0
95,KOJBUI__ligand21421-0
96,KOJBUI__ligand28668-0
97,KOJBUI__ligand3973-0
98,KOJBUI__ligand16791-0
99,KOJBUI__ligand1147-0
100,KOJBUI__ligand18465-0
101,KOJBUI__ligand18799-0
102,KOJBUI__ligand7925-0
103,KOJBUI__ligand2068-0
104,KOJBUI__ligand29863-0
105,KOJBUI__ligand4194-0
106,KOJBUI__ligand13869-0
107,KOJBUI__ligand18074-0
108,KOJBUI__ligand324-0
109,KOJBUI__ligand361-0
110,KOJBUI__ligand409-0
111,KOJBUI__ligand7532-0
112,KOJBUI__ligand11140-0
113,KOJBUI__ligand4330-0
114,KOJBUI__ligand2599-0
115,KOJBUI__ligand29610-0
116,KOJBUI__ligand300-0
117,KOJBUI__ligand12467-0
118,KOJBUI__ligand6283-0
119,KOJBUI__ligand25267-0
120,KOJBUI__ligand10084-0
121,KOJBUI__ligand23904-0
122,KOJBUI__ligand6062-0
123,KOJBUI__ligand17-0
124,KOJBUI__ligand588-0
125,KOJBUI__ligand4738-0
126,KOJBUI__ligand13257-0
127,KOJBUI__ligand4813-0
128,KOJBUI__ligand21936-0
129,KOJBUI__ligand5813-0
130,KOJBUI__ligand25805-0
131,KOJBUI__ligand22981-0
132,KOJBUI__ligand199-0
133,KOJBUI__ligand3215-0
134,KOJBUI__ligand20599-0
135,KOJBUI__ligand27074-0
136,KOJBUI__ligand14523-0
137,KOJBUI__ligand27169-0
138,KOJBUI__ligand18391-0
139,KOJBUI__ligand7107-0
140,KOJBUI__ligand12295-0
141,KOJBUI__ligand27835-0
142,KOJBUI__ligand9148-0
143,KOJBUI__ligand7529-0
144,KOJBUI__ligand25575-0
145,KOJBUI__ligand21787-0
146,KOJBUI__ligand6946-0
147,KOJBUI__ligand1415-0
148,KOJBUI__ligand25689-0
149,KOJBUI__ligand497-0
150,KOJBUI__ligand2830-0
151,KOJBUI__ligand30539-0
152,KOJBUI__ligand1729-0
153,KOJBUI__ligand5627-0
154,KOJBUI__ligand21132-0
155,KOJBUI__ligand5483-0
156,KOJBUI__ligand11166-0
157,KOJBUI__ligand23906-0
158,KOJBUI__ligand5316-0
159,KOJBUI__ligand633-0
160,KOJBUI__ligand1065-0
161,KOJBUI__ligand7530-0
162,KOJBUI__ligand326-0
163,KOJBUI__ligand3012-0
164,KOJBUI__ligand1449-0
165,KOJBUI__ligand11206-0
166,KOJBUI__ligand4332-0
167,KOJBUI__ligand23124-0
168,KOJBUI__ligand9681-0
169,KOJBUI__ligand89-0
170,KOJBUI__ligand12519-0
171,KOJBUI__ligand25735-0
172,KOJBUI__ligand13209-0
173,KOJBUI__ligand19257-0
174,KOJBUI__ligand6882-0
175,KOJBUI__ligand6455-0
176,KOJBUI__ligand692-0
177,KOJBUI__ligand3934-0
178,KOJBUI__ligand49-0
179,KOJBUI__ligand12660-0
180,KOJBUI__ligand31248-0
181,KOJBUI__ligand436-0
182,KOJBUI__ligand2403-0
183,KOJBUI__ligand25650-0
184,KOJBUI__ligand2917-0
185,KOJBUI__ligand12606-0
186,KOJBUI__ligand7819-0
187,KOJBUI__ligand30333-0
188,KOJBUI__ligand29410-0
189,KOJBUI__ligand12337-0
190,KOJBUI__ligand338-0
191,KOJBUI__ligand3465-0
192,KOJBUI__ligand26540-0
193,KOJBUI__ligand17281-0
194,KOJBUI__ligand30296-0
195,KOJBUI__ligand6102-0
196,KOJBUI__ligand6596-0
197,KOJBUI__ligand6904-0
198,KOJBUI__ligand3721-0
199,KOJBUI__ligand16628-0
200,KOJBUI__ligand4620-0
201,KOJBUI__ligand28468-0
202,KOJBUI__ligand20740-0
203,KOJBUI__ligand12427-0
204,KOJBUI__ligand27460-0
205,KOJBUI__ligand6067-0
206,KOJBUI__ligand1577-0
207,KOJBUI__ligand57-0
208,KOJBUI__ligand2295-0
209,KOJBUI__ligand30988-0
210,KOJBUI__ligand321-0
211,KOJBUI__ligand4641-0
212,KOJBUI__ligand23713-0
213,KOJBUI__ligand18832-0
214,KOJBUI__ligand27175-0
215,KOJBUI__ligand19641-0
216,KOJBUI__ligand178-0
217,KOJBUI__ligand15422-0
218,KOJBUI__ligand12934-0
219,KOJBUI__ligand20578-0
220,KOJBUI__ligand279-0
221,KOJBUI__ligand27893-0
222,KOJBUI__ligand185-0
223,KOJBUI__ligand14723-0
224,KOJBUI__ligand201-0
225,KOJBUI__ligand3234-0
226,KOJBUI__ligand1142-0
227,KOJBUI__ligand31783-0
228,KOJBUI__ligand7126-0
229,KOJBUI__ligand26665-0
230,KOJBUI__ligand13012-0
231,KOJBUI__ligand8835-0
232,KOJBUI__ligand17631-0
233,KOJBUI__ligand2028-0
234,KOJBUI__ligand17258-0
235,KOJBUI__ligand14297-0
236,KOJBUI__ligand14603-0
237,KOJBUI__ligand9601-0
238,KOJBUI__ligand941-0
239,KOJBUI__ligand17805-0
240,KOJBUI__ligand596-0
241,KOJBUI__ligand8992-0
242,KOJBUI__ligand17302-0
243,KOJBUI__ligand1018-0
244,KOJBUI__ligand25178-0
245,KOJBUI__ligand4116-0
246,KOJBUI__ligand23769-0
247,KOJBUI__ligand777-0
248,KOJBUI__ligand7967-0
249,KOJBUI__ligand24185-0
250,KOJBUI__ligand6124-0
251,KOJBUI__ligand3707-0
252,KOJBUI__ligand19830-0
253,KOJBUI__ligand1324-0
254,KOJBUI__ligand13068-0
255,KOJBUI__ligand8721-0
256,KOJBUI__ligand10476-0
257,KOJBUI__ligand24145-0
258,KOJBUI__ligand1823-0
259,KOJBUI__ligand5643-0
260,KOJBUI__ligand366-0
261,KOJBUI__ligand15585-0
262,KOJBUI__ligand12401-0
263,KOJBUI__ligand12231-0
264,KOJBUI__ligand187-0
265,KOJBUI__ligand1615-0
266,KOJBUI__ligand5036-0
267,KOJBUI__ligand2526-0
268,KOJBUI__ligand17387-0
269,KOJBUI__ligand12130-0
270,KOJBUI__ligand657-0
271,KOJBUI__ligand9111-0
272,KOJBUI__ligand9952-0
273,KOJBUI__ligand34-0
274,KOJBUI__ligand13658-0
275,KOJBUI__ligand26702-0
276,KOJBUI__ligand12289-0
277,KOJBUI__ligand18292-0
278,KOJBUI__ligand9441-0
279,KOJBUI__ligand29302-0
280,KOJBUI__ligand13425-0
281,KOJBUI__ligand2332-0
282,KOJBUI__ligand845-0
283,KOJBUI__ligand19057-0
284,KOJBUI__ligand18814-0
285,KOJBUI__ligand1575-0
286,KOJBUI__ligand55-0
287,KOJBUI__ligand1530-0
288,KOJBUI__ligand27763-0
289,KOJBUI__ligand10262-0
290,KOJBUI__ligand28676-0
291,KOJBUI__ligand9933-0
292,KOJBUI__ligand1631-0
293,KOJBUI__ligand10958-0
294,KOJBUI__ligand68-0
295,KOJBUI__ligand126-0
296,KOJBUI__ligand163-0
297,KOJBUI__ligand12641-0
298,KOJBUI__ligand2915-0
299,KOJBUI__ligand3156-0
300,KOJBUI__ligand1378-0
301,KOJBUI__ligand14108-0
302,KOJBUI__ligand6244-0
303,KOJBUI__ligand4016-0
304,KOJBUI__ligand51-0
305,KOJBUI__ligand25411-0
306,KOJBUI__ligand7867-0
307,KOJBUI__ligand6709-0
308,KOJBUI__ligand1219-0
309,KOJBUI__ligand11456-0
310,KOJBUI__ligand1304-0
311,KOJBUI__ligand1790-0
312,KOJBUI__ligand7280-0
313,KOJBUI__ligand10712-0
314,KOJBUI__ligand7238-0
315,KOJBUI__ligand14174-0
316,KOJBUI__ligand9784-0
317,KOJBUI__ligand13331-0
318,KOJBUI__ligand28884-0
319,KOJBUI__ligand29879-0
320,KOJBUI__ligand4272-0
321,KOJBUI__ligand1451-0
322,KOJBUI__ligand14248-0
323,KOJBUI__ligand757-0
324,KOJBUI__ligand12030-0
325,KOJBUI__ligand7629-0
326,KOJBUI__ligand13294-0
327,KOJBUI__ligand122-0
328,KOJBUI__ligand3954-0
329,KOJBUI__ligand31832-0
330,KOJBUI__ligand4093-0
331,KOJBUI__ligand4442-0
332,KOJBUI__ligand9520-0
333,KOJBUI__ligand8699-0
334,KOJBUI__ligand1160-0
335,KOJBUI__ligand91-0
336,KOJBUI__ligand9833-0
337,KOJBUI__ligand7648-0
338,KOJBUI__ligand8876-0
339,KOJBUI__ligand2828-0
340,KOJBUI__ligand5256-0
341,KOJBUI__ligand4157-0
342,KOJBUI__ligand2232-0
343,KOJBUI__ligand13208-0
344,KOJBUI__ligand693-0
345,KOJBUI__ligand27482-0
346,KOJBUI__ligand2176-0
347,KOJBUI__ligand26810-0
348,KOJBUI__ligand48-0
349,KOJBUI__ligand9291-0
350,KOJBUI__ligand8115-0
351,KOJBUI__ligand6768-0
352,KOJBUI__ligand1982-0
353,KOJBUI__ligand20682-0
354,KOJBUI__ligand7000-0
355,KOJBUI__ligand1285-0
356,KOJBUI__ligand4546-0
357,KOJBUI__ligand4503-0
358,KOJBUI__ligand13390-0
359,KOJBUI__ligand21581-0
360,KOJBUI__ligand31097-0
361,KOJBUI__ligand3565-0
362,KOJBUI__ligand32-0
363,KOJBUI__ligand1512-0
364,KOJBUI__ligand5331-0
365,KOJBUI__ligand20251-0
366,KOJBUI__ligand30702-0
367,KOJBUI__ligand20214-0
368,KOJBUI__ligand20539-0
369,KOJBUI__ligand6919-0
370,KOJBUI__ligand3852-0
371,KOJBUI__ligand2485-0
372,KOJBUI__ligand17261-0
373,KOJBUI__ligand14117-0
374,KOJBUI__ligand28789-0
375,KOJBUI__ligand4155-0
376,KOJBUI__ligand3094-0
377,KOJBUI__ligand5211-0
378,KOJBUI__ligand17118-0
379,KOJBUI__ligand21371-0
380,KOJBUI__ligand20419-0
381,KOJBUI__ligand6839-0
382,KOJBUI__ligand141-0
383,KOJBUI__ligand30851-0
384,KOJBUI__ligand8969-0
385,KOJBUI__ligand3131-0
386,KOJBUI__ligand14889-0
387,KOJBUI__ligand3937-0
388,KOJBUI__ligand1202-0
389,KOJBUI__ligand3174-0
390,KOJBUI__ligand240-0
391,KOJBUI__ligand4720-0
392,KOJBUI__ligand29568-0
393,KOJBUI__ligand384-0
394,KOJBUI__ligand7106-0
395,KOJBUI__ligand29414-0
396,KOJBUI__ligand17982-0
397,KOJBUI__ligand20011-0
398,KOJBUI__ligand17278-0
399,KOJBUI__ligand7242-0
400,KOJBUI__ligand10589-0
401,KOJBUI__ligand22557-0
402,KOJBUI__ligand24047-0
403,KOJBUI__ligand11675-0
404,KOJBUI__ligand20598-0
405,KOJBUI__ligand17398-0
406,KOJBUI__ligand9908-0
407,KOJBUI__ligand1263-0
408,KOJBUI__ligand9935-0
409,KOJBUI__ligand16-0
410,KOJBUI__ligand1573-0
411,KOJBUI__ligand1536-0
412,KOJBUI__ligand16475-0
413,KOJBUI__ligand14703-0
414,KOJBUI__ligand1959-0
415,KOJBUI__ligand3504-0
416,KOJBUI__ligand4661-0
417,KOJBUI__ligand1844-0
418,KOJBUI__ligand20251-1
419,KOJBUI__ligand6616-0
420,KOJBUI__ligand3035-0
421,KOJBUI__ligand1343-0
422,KOJBUI__ligand3876-0
423,KOJBUI__ligand768-0
424,KOJBUI__ligand3718-0
425,KOJBUI__ligand8612-0
426,KOJBUI__ligand2124-0
427,KOJBUI__ligand29215-0
428,KOJBUI__ligand1116-0
429,KOJBUI__ligand1153-0
430,KOJBUI__ligand3225-0
431,KOJBUI__ligand2260-0
432,KOJBUI__ligand7092-0
433,KOJBUI__ligand7273-0
434,KOJBUI__ligand10872-0
435,KOJBUI__ligand465-0
436,KOJBUI__ligand9323-0
437,KOJBUI__ligand21399-0
438,KOJBUI__ligand26631-0
439,KOJBUI__ligand16148-0
440,KOJBUI__ligand7172-0
441,KOJBUI__ligand12003-0
442,KOJBUI__ligand1-0
443,KOJBUI__ligand5180-0
444,KOJBUI__ligand22403-0
445,KOJBUI__ligand7316-0
446,KOJBUI__ligand16369-0
447,KOJBUI__ligand11111-0
448,KOJBUI__ligand5708-0
449,KOJBUI__ligand28540-0
450,KOJBUI__ligand314-1
451,KOJBUI__ligand27754-0
452,KOJBUI__ligand20695-0
453,KOJBUI__ligand6017-0
454,KOJBUI__ligand7196-0
455,KOJBUI__ligand26529-0
456,KOJBUI__ligand5159-0
457,KOJBUI__ligand314-0
458,KOJBUI__ligand780-0
459,KOJBUI__ligand5530-0
460,KOJBUI__ligand1787-0
461,KOJBUI__ligand1356-0
462,KOJBUI__ligand9753-0
463,KOJBUI__ligand813-0
464,KOJBUI__ligand3178-0
465,KOJBUI__ligand4807-0
466,KOJBUI__ligand11618-0
467,KOJBUI__ligand3244-0
468,KOJBUI__ligand26324-0
469,KOJBUI__ligand4711-0
470,KOJBUI__ligand28559-0
471,KOJBUI__ligand14043-0
472,KOJBUI__ligand19927-0
473,KOJBUI__ligand2906-0
474,KOJBUI__ligand618-0
475,KOJBUI__ligand391-0
476,KOJBUI__ligand5649-0
477,KOJBUI__ligand27239-0
478,KOJBUI__ligand2788-0
479,KOJBUI__ligand8793-0
480,KOJBUI__ligand4649-0
481,KOJBUI__ligand21729-0
482,KOJBUI__ligand22129-0
483,KOJBUI__ligand24780-0
484,KOJBUI__ligand12138-0
485,KOJBUI__ligand1289-0
486,KOJBUI__ligand11949-0
487,KOJBUI__ligand5387-0
488,KOJBUI__ligand2203-0
489,KOJBUI__ligand25561-0
490,KOJBUI__ligand393-0
491,KOJBUI__ligand29486-0
492,KOJBUI__ligand9450-0
493,KOJBUI__ligand353-0
494,KOJBUI__ligand31694-0
495,KOJBUI__ligand1599-0
496,KOJBUI__ligand17427-0
497,KOJBUI__ligand2612-0
498,KOJBUI__ligand8788-0
499,KOJBUI__ligand22444-0
500,KOJBUI__ligand1832-0
501,KOJBUI__ligand24111-0
502,KOJBUI__ligand2043-0
503,KOJBUI__ligand14569-0
504,KOJBUI__ligand3-0
505,KOJBUI__ligand13385-0
506,KOJBUI__ligand1228-0
507,KOJBUI__ligand9943-0
508,KOJBUI__ligand17396-0
509,KOJBUI__ligand15788-0
510,KOJBUI__ligand23175-0
511,KOJBUI__ligand11587-0
512,KOJBUI__ligand13220-0
513,KOJBUI__ligand196-0
514,KOJBUI__ligand1604-0
515,KOJBUI__ligand1114-0
516,KOJBUI__ligand24872-0
517,KOJBUI__ligand686-0
518,KOJBUI__ligand6391-0
519,KOJBUI__ligand3126-0
520,KOJBUI__ligand27840-0
521,KOJBUI__ligand30728-0
522,KOJBUI__ligand18-0
523,KOJBUI__ligand9284-0
524,KOJBUI__ligand12001-0
525,KOJBUI__ligand422-0
526,KOJBUI__ligand10033-0
527,KOJBUI__ligand24644-0
528,KOJBUI__ligand2417-0
529,KOJBUI__ligand1168-0
530,KOJBUI__ligand506-0
531,KOJBUI__ligand1294-0
532,KOJBUI__ligand11682-0
533,KOJBUI__ligand30711-0
534,KOJBUI__ligand20207-0
535,KOJBUI__ligand3677-0
536,KOJBUI__ligand3632-0
537,KOJBUI__ligand25913-0
538,KOJBUI__ligand16988-0
539,KOJBUI__ligand6699-0
540,KOJBUI__ligand14614-0
541,KOJBUI__ligand1499-0
542,KOJBUI__ligand2881-0
543,KOJBUI__ligand16663-0
544,KOJBUI__ligand3712-0
545,KOJBUI__ligand1464-0
546,KOJBUI__ligand31842-0
547,KOJBUI__ligand1211-0
548,KOJBUI__ligand31044-0
549,KOJBUI__ligand152-0
550,KOJBUI__ligand11994-0
551,KOJBUI__ligand6892-0
552,KOJBUI__ligand24035-0
553,KOJBUI__ligand3736-0
554,KOJBUI__ligand8000-0
555,KOJBUI__ligand15531-0
556,KOJBUI__ligand28743-0
557,KOJBUI__ligand746-0
558,KOJBUI__ligand13862-0
559,KOJBUI__ligand11357-0
560,KOJBUI__ligand10056-0
561,KOJBUI__ligand12365-0
562,KOJBUI__ligand447-0
563,KOJBUI__ligand9344-0
564,KOJBUI__ligand21919-0
565,KOJBUI__ligand2693-0
566,KOJBUI__ligand5383-0
567,KOJBUI__ligand176-0
568,KOJBUI__ligand28930-0
569,KOJBUI__ligand22168-0
570,KOJBUI__ligand38-0
571,KOJBUI__ligand3945-0
572,KOJBUI__ligand22294-0
573,KOJBUI__ligand9299-0
574,KOJBUI__ligand15883-0
575,KOJBUI__ligand2985-0
576,KOJBUI__ligand4007-0
577,KOJBUI__ligand11970-0
578,KOJBUI__ligand3677-1
579,KOJBUI__ligand9883-0
580,KOJBUI__ligand15926-0
581,KOJBUI__ligand10828-0
582,KOJBUI__ligand19792-0
583,KOJBUI__ligand11447-0
584,KOJBUI__ligand11096-0
585,KOJBUI__ligand28810-0
586,KOJBUI__ligand487-0
587,KOJBUI__ligand7291-0
588,KOJBUI__ligand24230-0
589,KOJBUI__ligand2238-0
590,KOJBUI__ligand9167-0
591,KOJBUI__ligand5304-0
592,KOJBUI__ligand42-0
593,KOJBUI__ligand30142-0
594,KOJBUI__ligand7293-0
595,KOJBUI__ligand2822-0
596,KOJBUI__ligand3867-0
597,KOJBUI__ligand1317-0
598,KOJBUI__ligand27669-0
599,KOJBUI__ligand14167-0
600,KOJBUI__ligand13477-0
601,KOJBUI__ligand784-0
602,KOJBUI__ligand368-0
603,KOJBUI__ligand8002-0
604,KOJBUI__ligand395-0
605,KOJBUI__ligand5509-0
606,KOJBUI__ligand29029-0
607,KOJBUI__ligand6117-0
608,KOJBUI__ligand1407-0
609,KOJBUI__ligand27285-0
610,KOJBUI__ligand5080-0
611,KOJBUI__ligand7762-0
612,KOJBUI__ligand23197-0
613,KOJBUI__ligand10371-0
614,KOJBUI__ligand4101-0
615,KOJBUI__ligand5595-0
616,KOJBUI__ligand28685-0
617,KOJBUI__ligand18568-0
618,KOJBUI__ligand2221-0
619,KOJBUI__ligand115-0
620,KOJBUI__ligand13672-0
621,KOJBUI__ligand4358-0
622,KOJBUI__ligand3926-0
623,KOJBUI__ligand3120-0
624,KOJBUI__ligand66-0
625,KOJBUI__ligand1197-0
626,KOJBUI__ligand8592-0
627,KOJBUI__ligand5099-0
628,KOJBUI__ligand19184-0
629,KOJBUI__ligand1296-0
630,KOJBUI__ligand2259-0
631,KOJBUI__ligand18448-0
632,KOJBUI__ligand12453-0
633,KOJBUI__ligand28459-0
634,KOJBUI__ligand9773-0
635,KOJBUI__ligand833-0
636,KOJBUI__ligand5510-0
637,KOJBUI__ligand1376-0
638,KOJBUI__ligand3980-0
639,KOJBUI__ligand3557-0
640,KOJBUI__ligand13691-0
641,KOJBUI__ligand1149-0
642,KOJBUI__ligand30788-0
643,KOJBUI__ligand7075-0
644,KOJBUI__ligand45-0
645,KOJBUI__ligand14339-0
646,KOJBUI__ligand9750-0
647,KOJBUI__ligand1779-0
648,KOJBUI__ligand783-0
649,KOJBUI__ligand352-0
650,KOJBUI__ligand6993-0
651,KOJBUI__ligand21752-0
652,KOJBUI__ligand1817-0
653,KOJBUI__ligand4167-0
654,KOJBUI__ligand24624-0
655,KOJBUI__ligand20844-0
656,KOJBUI__ligand18413-0
657,KOJBUI__ligand24560-0
658,KOJBUI__ligand1400-0
659,KOJBUI__ligand4266-0
660,KOJBUI__ligand18757-0
661,KOJBUI__ligand868-0
662,KOJBUI__ligand9491-0
663,KOJBUI__ligand78-0
664,KOJBUI__ligand1288-0
665,KOJBUI__ligand4207-0
666,KOJBUI__ligand3453-0
667,KOJBUI__ligand3416-0
668,KOJBUI__ligand1150-0
669,KOJBUI__ligand20557-0
670,KOJBUI__ligand30004-0
671,KOJBUI__ligand1539-0
672,KOJBUI__ligand19-0
673,KOJBUI__ligand24-0
674,KOJBUI__ligand25048-0
675,KOJBUI__ligand7438-0
676,KOJBUI__ligand8200-0
677,KOJBUI__ligand197-0
678,KOJBUI__ligand4063-0
679,KOJBUI__ligand21940-0
680,KOJBUI__ligand23445-0
681,KOJBUI__ligand24953-0
682,KOJBUI__ligand27122-0
683,KOJBUI__ligand20432-0
684,KOJBUI__ligand3042-0
685,KOJBUI__ligand16133-0
686,KOJBUI__ligand13755-0
687,KOJBUI__ligand17445-0
688,KOJBUI__ligand17069-0
689,KOJBUI__ligand14477-0
690,KOJBUI__ligand294-0
691,KOJBUI__ligand5515-0
692,KOJBUI__ligand11798-0
693,KOJBUI__ligand6663-0
694,KOJBUI__ligand29334-0
695,KOJBUI__ligand12413-0
696,KOJBUI__ligand5280-0
697,KOJBUI__ligand20731-0
698,KOJBUI__ligand5614-0
699,KOJBUI__ligand1831-0
700,KOJBUI__ligand11758-0
701,KOJBUI__ligand22357-0
702,KOJBUI__ligand421-0
703,KOJBUI__ligand1849-0
704,KOJBUI__ligand21448-0
705,KOJBUI__ligand11544-0
706,KOJBUI__ligand11501-0
707,KOJBUI__ligand1216-0
708,KOJBUI__ligand685-0
709,KOJBUI__ligand5019-0
710,KOJBUI__ligand29214-0
711,KOJBUI__ligand1152-0
712,KOJBUI__ligand3261-0
713,KOJBUI__ligand8042-0
714,KOJBUI__ligand6112-0
715,KOJBUI__ligand1828-0
716,KOJBUI__ligand1397-0
717,KOJBUI__ligand7213-0
718,KOJBUI__ligand27550-0
719,KOJBUI__ligand4710-0
720,KOJBUI__ligand18019-1
721,KOJBUI__ligand5755-0
722,KOJBUI__ligand235-0
723,KOJBUI__ligand14007-0
724,KOJBUI__ligand3144-0
725,KOJBUI__ligand5085-0
726,KOJBUI__ligand134-0
727,KOJBUI__ligand18158-0
728,KOJBUI__ligand27771-0
729,KOJBUI__ligand4795-0
730,KOJBUI__ligand3285-0
731,KOJBUI__ligand29565-0
732,KOJBUI__ligand1908-0
733,KOJBUI__ligand560-0
734,KOJBUI__ligand23682-0
735,KOJBUI__ligand5630-0
736,KOJBUI__ligand1786-0
737,KOJBUI__ligand16956-0
738,KOJBUI__ligand14226-0
739,KOJBUI__ligand21339-0
740,KOJBUI__ligand20942-1
741,KOJBUI__ligand11698-0
742,KOJBUI__ligand5415-0
743,KOJBUI__ligand20530-0
744,KOJBUI__ligand14302-0
745,KOJBUI__ligand13657-0
746,KOJBUI__ligand14347-0
747,KOJBUI__ligand24851-0
748,KOJBUI__ligand188-0
749,KOJBUI__ligand10853-0
750,KOJBUI__ligand29441-0
751,KOJBUI__ligand3471-0
752,KOJBUI__ligand4161-0
753,KOJBUI__ligand4124-0
754,KOJBUI__ligand11479-0
755,KOJBUI__ligand27610-0
756,KOJBUI__ligand10479-0
757,KOJBUI__ligand2823-0
758,KOJBUI__ligand16952-0
759,KOJBUI__ligand29813-0
760,KOJBUI__ligand479-0
761,KOJBUI__ligand6995-0
762,KOJBUI__ligand785-0
763,KOJBUI__ligand311-0
764,KOJBUI__ligand564-0
765,KOJBUI__ligand15387-0
766,KOJBUI__ligand20121-0
767,KOJBUI__ligand3180-0
768,KOJBUI__ligand620-0
769,KOJBUI__ligand370-1
770,KOJBUI__ligand2650-0
771,KOJBUI__ligand20220-0
772,KOJBUI__ligand2281-0
773,KOJBUI__ligand43-0
774,KOJBUI__ligand4340-0
775,KOJBUI__ligand370-0
776,KOJBUI__ligand7566-0
777,KOJBUI__ligand4-0
778,KOJBUI__ligand2001-0
779,KOJBUI__ligand67-0
780,KOJBUI__ligand9944-0
781,KOJBUI__ligand8593-0
782,KOJBUI__ligand10151-0
783,KOJBUI__ligand8553-0
784,KOJBUI__ligand250-0
785,KOJBUI__ligand1113-0
786,KOJBUI__ligand19668-0
787,KOJBUI__ligand19906-0
788,KOJBUI__ligand5201-0
789,KOJBUI__ligand22353-0
790,KOJBUI__ligand31000-0
791,KOJBUI__ligand116-0
792,KOJBUI__ligand9615-0
793,KOJBUI__ligand1154-0
794,KOJBUI__ligand252-0
795,KOJBUI__ligand11606-0
796,KOJBUI__ligand1498-0
797,KOJBUI__ligand4596-0
798,KOJBUI__ligand20821-0
799,KOJBUI__ligand26673-0
800,KOJBUI__ligand18067-0
801,KOJBUI__ligand19824-0
802,KOJBUI__ligand830-0
803,KOJBUI__ligand372-0
804,KOJBUI__ligand13260-0
805,KOJBUI__ligand1169-0
806,KOJBUI__ligand10582-0
807,KOJBUI__ligand193-0
808,KOJBUI__ligand8529-0
809,KOJBUI__ligand11252-0
810,KOJBUI__ligand25658-0
811,KOJBUI__ligand17686-0
812,KOJBUI__ligand31205-0
813,KOJBUI__ligand1015-0
814,KOJBUI__ligand1050-0
815,KOJBUI__ligand2027-0
816,KOJBUI__ligand909-0
817,KOJBUI__ligand15455-0
818,KOJBUI__ligand11177-0
819,KOJBUI__ligand1618-0
820,KOJBUI__ligand11622-0
821,KOJBUI__ligand2692-0
822,KOJBUI__ligand177-0
823,KOJBUI__ligand16870-0
824,KOJBUI__ligand4262-0
825,KOJBUI__ligand16603-0
826,KOJBUI__ligand1028-0
827,KOJBUI__ligand11814-0
