,TMC
0,TAWHIJ__ligand5316-0
1,TAWHIJ__ligand187-0
2,TAWHIJ__ligand25561-0
3,TAWHIJ__ligand5483-0
4,TAWHIJ__ligand657-0
5,TAWHIJ__ligand1729-0
6,TAWHIJ__ligand11949-0
7,TAWHIJ__ligand5627-0
8,TAWHIJ__ligand12138-0
9,TAWHIJ__ligand366-0
10,TAWHIJ__ligand24780-0
11,TAWHIJ__ligand2830-0
12,TAWHIJ__ligand22129-0
13,TAWHIJ__ligand6946-0
14,TAWHIJ__ligand1415-0
15,TAWHIJ__ligand17427-0
16,TAWHIJ__ligand7529-0
17,TAWHIJ__ligand777-0
18,TAWHIJ__ligand31694-0
19,TAWHIJ__ligand596-0
20,TAWHIJ__ligand941-0
21,TAWHIJ__ligand48-0
22,TAWHIJ__ligand9148-0
23,TAWHIJ__ligand29486-0
24,TAWHIJ__ligand13220-0
25,TAWHIJ__ligand2403-0
26,TAWHIJ__ligand11587-0
27,TAWHIJ__ligand23175-0
28,TAWHIJ__ligand15788-0
29,TAWHIJ__ligand17396-0
30,TAWHIJ__ligand3934-0
31,TAWHIJ__ligand13385-0
32,TAWHIJ__ligand91-0
33,TAWHIJ__ligand14569-0
34,TAWHIJ__ligand6455-0
35,TAWHIJ__ligand6882-0
36,TAWHIJ__ligand24111-0
37,TAWHIJ__ligand163-0
38,TAWHIJ__ligand22444-0
39,TAWHIJ__ligand126-0
40,TAWHIJ__ligand9681-0
41,TAWHIJ__ligand51-0
42,TAWHIJ__ligand24644-0
43,TAWHIJ__ligand10033-0
44,TAWHIJ__ligand4332-0
45,TAWHIJ__ligand12001-0
46,TAWHIJ__ligand30728-0
47,TAWHIJ__ligand3012-0
48,TAWHIJ__ligand1449-0
49,TAWHIJ__ligand27840-0
50,TAWHIJ__ligand7530-0
51,TAWHIJ__ligand1065-0
52,TAWHIJ__ligand845-0
53,TAWHIJ__ligand24872-0
54,TAWHIJ__ligand4330-0
55,TAWHIJ__ligand12003-0
56,TAWHIJ__ligand2599-0
57,TAWHIJ__ligand26631-0
58,TAWHIJ__ligand16148-0
59,TAWHIJ__ligand21399-0
60,TAWHIJ__ligand10872-0
61,TAWHIJ__ligand16-0
62,TAWHIJ__ligand7532-0
63,TAWHIJ__ligand29215-0
64,TAWHIJ__ligand4194-0
65,TAWHIJ__ligand338-0
66,TAWHIJ__ligand7925-0
67,TAWHIJ__ligand2068-0
68,TAWHIJ__ligand20695-0
69,TAWHIJ__ligand27754-0
70,TAWHIJ__ligand28540-0
71,TAWHIJ__ligand11111-0
72,TAWHIJ__ligand16369-0
73,TAWHIJ__ligand22403-0
74,TAWHIJ__ligand1147-0
75,TAWHIJ__ligand3973-0
76,TAWHIJ__ligand11618-0
77,TAWHIJ__ligand7107-0
78,TAWHIJ__ligand201-0
79,TAWHIJ__ligand3215-0
80,TAWHIJ__ligand26529-0
81,TAWHIJ__ligand4738-0
82,TAWHIJ__ligand32-0
83,TAWHIJ__ligand21729-0
84,TAWHIJ__ligand5813-0
85,TAWHIJ__ligand27239-0
86,TAWHIJ__ligand178-0
87,TAWHIJ__ligand4813-0
88,TAWHIJ__ligand185-0
89,TAWHIJ__ligand6062-0
90,TAWHIJ__ligand279-0
91,TAWHIJ__ligand6283-0
92,TAWHIJ__ligand321-0
93,TAWHIJ__ligand19927-0
94,TAWHIJ__ligand14043-0
95,TAWHIJ__ligand28559-0
96,TAWHIJ__ligand26324-0
97,TAWHIJ__ligand14167-0
98,TAWHIJ__ligand13477-0
99,TAWHIJ__ligand141-0
100,TAWHIJ__ligand27669-0
101,TAWHIJ__ligand5892-0
102,TAWHIJ__ligand5094-0
103,TAWHIJ__ligand240-0
104,TAWHIJ__ligand30142-0
105,TAWHIJ__ligand1712-0
106,TAWHIJ__ligand4131-0
107,TAWHIJ__ligand7557-0
108,TAWHIJ__ligand1496-0
109,TAWHIJ__ligand23197-0
110,TAWHIJ__ligand27285-0
111,TAWHIJ__ligand29029-0
112,TAWHIJ__ligand1533-0
113,TAWHIJ__ligand8722-0
114,TAWHIJ__ligand13672-0
115,TAWHIJ__ligand1327-0
116,TAWHIJ__ligand6672-0
117,TAWHIJ__ligand9809-0
118,TAWHIJ__ligand2781-0
119,TAWHIJ__ligand7573-0
120,TAWHIJ__ligand768-0
121,TAWHIJ__ligand3350-0
122,TAWHIJ__ligand28685-0
123,TAWHIJ__ligand18568-0
124,TAWHIJ__ligand3208-0
125,TAWHIJ__ligand57-0
126,TAWHIJ__ligand2208-0
127,TAWHIJ__ligand10371-0
128,TAWHIJ__ligand28459-0
129,TAWHIJ__ligand9197-0
130,TAWHIJ__ligand18448-0
131,TAWHIJ__ligand1900-0
132,TAWHIJ__ligand12453-0
133,TAWHIJ__ligand4581-0
134,TAWHIJ__ligand1773-0
135,TAWHIJ__ligand19184-0
136,TAWHIJ__ligand2328-0
137,TAWHIJ__ligand384-0
138,TAWHIJ__ligand7162-0
139,TAWHIJ__ligand3029-0
140,TAWHIJ__ligand68-0
141,TAWHIJ__ligand16988-0
142,TAWHIJ__ligand5849-0
143,TAWHIJ__ligand25913-0
144,TAWHIJ__ligand122-0
145,TAWHIJ__ligand20207-0
146,TAWHIJ__ligand30711-0
147,TAWHIJ__ligand3392-0
148,TAWHIJ__ligand11682-0
149,TAWHIJ__ligand757-0
150,TAWHIJ__ligand4911-0
151,TAWHIJ__ligand1771-0
152,TAWHIJ__ligand8349-0
153,TAWHIJ__ligand1709-0
154,TAWHIJ__ligand8464-0
155,TAWHIJ__ligand24035-0
156,TAWHIJ__ligand11994-0
157,TAWHIJ__ligand31842-0
158,TAWHIJ__ligand31044-0
159,TAWHIJ__ligand16663-0
160,TAWHIJ__ligand55-0
161,TAWHIJ__ligand2527-0
162,TAWHIJ__ligand14614-0
163,TAWHIJ__ligand22294-0
164,TAWHIJ__ligand1469-0
165,TAWHIJ__ligand28930-0
166,TAWHIJ__ligand22168-0
167,TAWHIJ__ligand3871-0
168,TAWHIJ__ligand1768-0
169,TAWHIJ__ligand21919-0
170,TAWHIJ__ligand5056-0
171,TAWHIJ__ligand4850-0
172,TAWHIJ__ligand10056-0
173,TAWHIJ__ligand12365-0
174,TAWHIJ__ligand34-0
175,TAWHIJ__ligand11357-0
176,TAWHIJ__ligand13862-0
177,TAWHIJ__ligand5357-0
178,TAWHIJ__ligand15531-0
179,TAWHIJ__ligand3647-0
180,TAWHIJ__ligand28743-0
181,TAWHIJ__ligand1688-0
182,TAWHIJ__ligand24230-0
183,TAWHIJ__ligand693-0
184,TAWHIJ__ligand3157-0
185,TAWHIJ__ligand28810-0
186,TAWHIJ__ligand11096-0
187,TAWHIJ__ligand11447-0
188,TAWHIJ__ligand19792-0
189,TAWHIJ__ligand9525-0
190,TAWHIJ__ligand10828-0
191,TAWHIJ__ligand1165-0
192,TAWHIJ__ligand15926-0
193,TAWHIJ__ligand11970-0
194,TAWHIJ__ligand5935-0
195,TAWHIJ__ligand15883-0
196,TAWHIJ__ligand2722-0
197,TAWHIJ__ligand1379-0
198,TAWHIJ__ligand20731-0
199,TAWHIJ__ligand12413-0
200,TAWHIJ__ligand4720-0
201,TAWHIJ__ligand29334-0
202,TAWHIJ__ligand11798-0
203,TAWHIJ__ligand6839-0
204,TAWHIJ__ligand3937-0
205,TAWHIJ__ligand1202-0
206,TAWHIJ__ligand3174-0
207,TAWHIJ__ligand3131-0
208,TAWHIJ__ligand8969-0
209,TAWHIJ__ligand5211-0
210,TAWHIJ__ligand14477-0
211,TAWHIJ__ligand17069-0
212,TAWHIJ__ligand17445-0
213,TAWHIJ__ligand3094-0
214,TAWHIJ__ligand4155-0
215,TAWHIJ__ligand29214-0
216,TAWHIJ__ligand6919-0
217,TAWHIJ__ligand11544-0
218,TAWHIJ__ligand2485-0
219,TAWHIJ__ligand11501-0
220,TAWHIJ__ligand3852-0
221,TAWHIJ__ligand21448-0
222,TAWHIJ__ligand5331-0
223,TAWHIJ__ligand1512-0
224,TAWHIJ__ligand534-0
225,TAWHIJ__ligand571-0
226,TAWHIJ__ligand3565-0
227,TAWHIJ__ligand22357-0
228,TAWHIJ__ligand670-0
229,TAWHIJ__ligand17-0
230,TAWHIJ__ligand11758-0
231,TAWHIJ__ligand3035-0
232,TAWHIJ__ligand1343-0
233,TAWHIJ__ligand3876-0
234,TAWHIJ__ligand6616-0
235,TAWHIJ__ligand3718-0
236,TAWHIJ__ligand14007-0
237,TAWHIJ__ligand4661-0
238,TAWHIJ__ligand1844-0
239,TAWHIJ__ligand18019-1
240,TAWHIJ__ligand27550-0
241,TAWHIJ__ligand1959-0
242,TAWHIJ__ligand3504-0
243,TAWHIJ__ligand9935-0
244,TAWHIJ__ligand1536-0
245,TAWHIJ__ligand1573-0
246,TAWHIJ__ligand1263-0
247,TAWHIJ__ligand9908-0
248,TAWHIJ__ligand20942-1
249,TAWHIJ__ligand16956-0
250,TAWHIJ__ligand14226-0
251,TAWHIJ__ligand21339-0
252,TAWHIJ__ligand694-0
253,TAWHIJ__ligand23682-0
254,TAWHIJ__ligand488-0
255,TAWHIJ__ligand7242-0
256,TAWHIJ__ligand29565-0
257,TAWHIJ__ligand27771-0
258,TAWHIJ__ligand430-0
259,TAWHIJ__ligand18158-0
260,TAWHIJ__ligand358-0
261,TAWHIJ__ligand7106-0
262,TAWHIJ__ligand21752-0
263,TAWHIJ__ligand9520-0
264,TAWHIJ__ligand1160-0
265,TAWHIJ__ligand49-0
266,TAWHIJ__ligand8699-0
267,TAWHIJ__ligand696-0
268,TAWHIJ__ligand4442-0
269,TAWHIJ__ligand4093-0
270,TAWHIJ__ligand3954-0
271,TAWHIJ__ligand1451-0
272,TAWHIJ__ligand4272-0
273,TAWHIJ__ligand7629-0
274,TAWHIJ__ligand14339-0
275,TAWHIJ__ligand30788-0
276,TAWHIJ__ligand13691-0
277,TAWHIJ__ligand9784-0
278,TAWHIJ__ligand7238-0
279,TAWHIJ__ligand7280-0
280,TAWHIJ__ligand1790-0
281,TAWHIJ__ligand1304-0
282,TAWHIJ__ligand89-0
283,TAWHIJ__ligand7867-0
284,TAWHIJ__ligand18757-0
285,TAWHIJ__ligand6709-0
286,TAWHIJ__ligand1219-0
287,TAWHIJ__ligand24560-0
288,TAWHIJ__ligand4016-0
289,TAWHIJ__ligand20844-0
290,TAWHIJ__ligand656-0
291,TAWHIJ__ligand18413-0
292,TAWHIJ__ligand24624-0
293,TAWHIJ__ligand4503-0
294,TAWHIJ__ligand4546-0
295,TAWHIJ__ligand20557-0
296,TAWHIJ__ligand30004-0
297,TAWHIJ__ligand1285-0
298,TAWHIJ__ligand6768-0
299,TAWHIJ__ligand8115-0
300,TAWHIJ__ligand7000-0
301,TAWHIJ__ligand1982-0
302,TAWHIJ__ligand2176-0
303,TAWHIJ__ligand16133-0
304,TAWHIJ__ligand13755-0
305,TAWHIJ__ligand226-0
306,TAWHIJ__ligand9291-0
307,TAWHIJ__ligand27122-0
308,TAWHIJ__ligand20432-0
309,TAWHIJ__ligand2232-0
310,TAWHIJ__ligand23445-0
311,TAWHIJ__ligand24953-0
312,TAWHIJ__ligand162-0
313,TAWHIJ__ligand21940-0
314,TAWHIJ__ligand383-0
315,TAWHIJ__ligand25048-0
316,TAWHIJ__ligand4157-0
317,TAWHIJ__ligand2828-0
318,TAWHIJ__ligand8876-0
319,TAWHIJ__ligand7648-0
320,TAWHIJ__ligand416-0
321,TAWHIJ__ligand9833-0
322,TAWHIJ__ligand5256-0
323,TAWHIJ__ligand9111-0
324,TAWHIJ__ligand9952-0
325,TAWHIJ__ligand26673-0
326,TAWHIJ__ligand633-0
327,TAWHIJ__ligand20821-0
328,TAWHIJ__ligand11-0
329,TAWHIJ__ligand5036-0
330,TAWHIJ__ligand2526-0
331,TAWHIJ__ligand1615-0
332,TAWHIJ__ligand11606-0
333,TAWHIJ__ligand5643-0
334,TAWHIJ__ligand1823-0
335,TAWHIJ__ligand497-0
336,TAWHIJ__ligand1324-0
337,TAWHIJ__ligand8721-0
338,TAWHIJ__ligand31000-0
339,TAWHIJ__ligand3707-0
340,TAWHIJ__ligand6124-0
341,TAWHIJ__ligand11252-0
342,TAWHIJ__ligand7967-0
343,TAWHIJ__ligand1018-0
344,TAWHIJ__ligand10582-0
345,TAWHIJ__ligand4116-0
346,TAWHIJ__ligand13260-0
347,TAWHIJ__ligand69-0
348,TAWHIJ__ligand8992-0
349,TAWHIJ__ligand19824-0
350,TAWHIJ__ligand18067-0
351,TAWHIJ__ligand9601-0
352,TAWHIJ__ligand6244-0
353,TAWHIJ__ligand11177-0
354,TAWHIJ__ligand15455-0
355,TAWHIJ__ligand436-0
356,TAWHIJ__ligand1378-0
357,TAWHIJ__ligand692-0
358,TAWHIJ__ligand3156-0
359,TAWHIJ__ligand2915-0
360,TAWHIJ__ligand31205-0
361,TAWHIJ__ligand17686-0
362,TAWHIJ__ligand25658-0
363,TAWHIJ__ligand11814-0
364,TAWHIJ__ligand1631-0
365,TAWHIJ__ligand16603-0
366,TAWHIJ__ligand1530-0
367,TAWHIJ__ligand1575-0
368,TAWHIJ__ligand9933-0
369,TAWHIJ__ligand326-0
370,TAWHIJ__ligand16870-0
371,TAWHIJ__ligand9441-0
372,TAWHIJ__ligand2332-0
373,TAWHIJ__ligand11622-0
374,TAWHIJ__ligand10479-0
375,TAWHIJ__ligand27610-0
376,TAWHIJ__ligand11479-0
377,TAWHIJ__ligand2295-0
378,TAWHIJ__ligand6067-0
379,TAWHIJ__ligand1577-0
380,TAWHIJ__ligand29441-0
381,TAWHIJ__ligand10853-0
382,TAWHIJ__ligand4620-0
383,TAWHIJ__ligand24851-0
384,TAWHIJ__ligand14302-0
385,TAWHIJ__ligand13657-0
386,TAWHIJ__ligand14347-0
387,TAWHIJ__ligand409-0
388,TAWHIJ__ligand361-0
389,TAWHIJ__ligand324-0
390,TAWHIJ__ligand20530-0
391,TAWHIJ__ligand11698-0
392,TAWHIJ__ligand20220-0
393,TAWHIJ__ligand6904-0
394,TAWHIJ__ligand3721-0
395,TAWHIJ__ligand6596-0
396,TAWHIJ__ligand6102-0
397,TAWHIJ__ligand20121-0
398,TAWHIJ__ligand8-0
399,TAWHIJ__ligand15387-0
400,TAWHIJ__ligand3465-0
401,TAWHIJ__ligand29813-0
402,TAWHIJ__ligand2917-0
403,TAWHIJ__ligand16952-0
404,TAWHIJ__ligand7819-0
405,TAWHIJ__ligand10151-0
406,TAWHIJ__ligand7126-0
407,TAWHIJ__ligand2028-0
408,TAWHIJ__ligand8835-0
409,TAWHIJ__ligand199-0
410,TAWHIJ__ligand3234-0
411,TAWHIJ__ligand1142-0
412,TAWHIJ__ligand588-0
413,TAWHIJ__ligand22353-0
414,TAWHIJ__ligand300-0
415,TAWHIJ__ligand19906-0
416,TAWHIJ__ligand19668-0
417,TAWHIJ__ligand4641-0
418,TAWHIJ__ligand17240-0
419,TAWHIJ__ligand7762-0
420,TAWHIJ__ligand5080-0
421,TAWHIJ__ligand17590-0
422,TAWHIJ__ligand685-0
423,TAWHIJ__ligand421-0
424,TAWHIJ__ligand5509-0
425,TAWHIJ__ligand8002-0
426,TAWHIJ__ligand6117-0
427,TAWHIJ__ligand1407-0
428,TAWHIJ__ligand12682-0
429,TAWHIJ__ligand18699-0
430,TAWHIJ__ligand1317-0
431,TAWHIJ__ligand3867-0
432,TAWHIJ__ligand2822-0
433,TAWHIJ__ligand7293-0
434,TAWHIJ__ligand9167-0
435,TAWHIJ__ligand5304-0
436,TAWHIJ__ligand13072-0
437,TAWHIJ__ligand67-0
438,TAWHIJ__ligand2238-0
439,TAWHIJ__ligand294-0
440,TAWHIJ__ligand12336-0
441,TAWHIJ__ligand31483-0
442,TAWHIJ__ligand9773-0
443,TAWHIJ__ligand1376-0
444,TAWHIJ__ligand10555-0
445,TAWHIJ__ligand5510-0
446,TAWHIJ__ligand4-0
447,TAWHIJ__ligand1296-0
448,TAWHIJ__ligand43-0
449,TAWHIJ__ligand24613-0
450,TAWHIJ__ligand2259-0
451,TAWHIJ__ligand1197-0
452,TAWHIJ__ligand19725-0
453,TAWHIJ__ligand5099-0
454,TAWHIJ__ligand8592-0
455,TAWHIJ__ligand560-0
456,TAWHIJ__ligand4358-0
457,TAWHIJ__ligand235-0
458,TAWHIJ__ligand21421-0
459,TAWHIJ__ligand3120-0
460,TAWHIJ__ligand3926-0
461,TAWHIJ__ligand134-0
462,TAWHIJ__ligand11774-0
463,TAWHIJ__ligand2221-0
464,TAWHIJ__ligand14586-0
465,TAWHIJ__ligand5595-0
466,TAWHIJ__ligand4101-0
467,TAWHIJ__ligand17710-0
468,TAWHIJ__ligand20579-0
469,TAWHIJ__ligand11568-0
470,TAWHIJ__ligand6892-0
471,TAWHIJ__ligand26277-0
472,TAWHIJ__ligand29898-0
473,TAWHIJ__ligand31618-0
474,TAWHIJ__ligand11432-0
475,TAWHIJ__ligand10432-0
476,TAWHIJ__ligand1211-0
477,TAWHIJ__ligand22755-0
478,TAWHIJ__ligand3712-0
479,TAWHIJ__ligand1464-0
480,TAWHIJ__ligand1499-0
481,TAWHIJ__ligand2881-0
482,TAWHIJ__ligand868-0
483,TAWHIJ__ligand24064-0
484,TAWHIJ__ligand6699-0
485,TAWHIJ__ligand23589-0
486,TAWHIJ__ligand352-0
487,TAWHIJ__ligand783-0
488,TAWHIJ__ligand3632-0
489,TAWHIJ__ligand3677-0
490,TAWHIJ__ligand15168-0
491,TAWHIJ__ligand1168-0
492,TAWHIJ__ligand1294-0
493,TAWHIJ__ligand15438-0
494,TAWHIJ__ligand28924-0
495,TAWHIJ__ligand7291-0
496,TAWHIJ__ligand9883-0
497,TAWHIJ__ligand3677-1
498,TAWHIJ__ligand4007-0
499,TAWHIJ__ligand2985-0
500,TAWHIJ__ligand29087-0
501,TAWHIJ__ligand9299-0
502,TAWHIJ__ligand18703-0
503,TAWHIJ__ligand197-0
504,TAWHIJ__ligand18013-0
505,TAWHIJ__ligand25224-0
506,TAWHIJ__ligand3945-0
507,TAWHIJ__ligand17945-0
508,TAWHIJ__ligand31578-0
509,TAWHIJ__ligand2693-0
510,TAWHIJ__ligand5383-0
511,TAWHIJ__ligand17207-0
512,TAWHIJ__ligand9344-0
513,TAWHIJ__ligand24750-0
514,TAWHIJ__ligand3736-0
515,TAWHIJ__ligand8000-0
516,TAWHIJ__ligand25689-0
517,TAWHIJ__ligand2612-0
518,TAWHIJ__ligand21787-0
519,TAWHIJ__ligand193-0
520,TAWHIJ__ligand25575-0
521,TAWHIJ__ligand24-0
522,TAWHIJ__ligand1599-0
523,TAWHIJ__ligand9450-0
524,TAWHIJ__ligand830-0
525,TAWHIJ__ligand372-0
526,TAWHIJ__ligand27835-0
527,TAWHIJ__ligand12295-0
528,TAWHIJ__ligand23906-0
529,TAWHIJ__ligand11166-0
530,TAWHIJ__ligand21132-0
531,TAWHIJ__ligand116-0
532,TAWHIJ__ligand1289-0
533,TAWHIJ__ligand2203-0
534,TAWHIJ__ligand19-0
535,TAWHIJ__ligand5387-0
536,TAWHIJ__ligand30539-0
537,TAWHIJ__ligand252-0
538,TAWHIJ__ligand12519-0
539,TAWHIJ__ligand25735-0
540,TAWHIJ__ligand2417-0
541,TAWHIJ__ligand23124-0
542,TAWHIJ__ligand11206-0
543,TAWHIJ__ligand3126-0
544,TAWHIJ__ligand6391-0
545,TAWHIJ__ligand9284-0
546,TAWHIJ__ligand78-0
547,TAWHIJ__ligand1114-0
548,TAWHIJ__ligand177-0
549,TAWHIJ__ligand45-0
550,TAWHIJ__ligand25650-0
551,TAWHIJ__ligand909-0
552,TAWHIJ__ligand1604-0
553,TAWHIJ__ligand31248-0
554,TAWHIJ__ligand9943-0
555,TAWHIJ__ligand1228-0
556,TAWHIJ__ligand12660-0
557,TAWHIJ__ligand2043-0
558,TAWHIJ__ligand1832-0
559,TAWHIJ__ligand8788-0
560,TAWHIJ__ligand19257-0
561,TAWHIJ__ligand13209-0
562,TAWHIJ__ligand6017-0
563,TAWHIJ__ligand564-0
564,TAWHIJ__ligand18799-0
565,TAWHIJ__ligand370-1
566,TAWHIJ__ligand7316-0
567,TAWHIJ__ligand5708-0
568,TAWHIJ__ligand18465-0
569,TAWHIJ__ligand620-0
570,TAWHIJ__ligand16791-0
571,TAWHIJ__ligand311-0
572,TAWHIJ__ligand28668-0
573,TAWHIJ__ligand785-0
574,TAWHIJ__ligand479-0
575,TAWHIJ__ligand5180-0
576,TAWHIJ__ligand29610-0
577,TAWHIJ__ligand7172-0
578,TAWHIJ__ligand11140-0
579,TAWHIJ__ligand7273-0
580,TAWHIJ__ligand9323-0
581,TAWHIJ__ligand7092-0
582,TAWHIJ__ligand2260-0
583,TAWHIJ__ligand1153-0
584,TAWHIJ__ligand3225-0
585,TAWHIJ__ligand1116-0
586,TAWHIJ__ligand18074-0
587,TAWHIJ__ligand8612-0
588,TAWHIJ__ligand13869-0
589,TAWHIJ__ligand29863-0
590,TAWHIJ__ligand2124-0
591,TAWHIJ__ligand188-0
592,TAWHIJ__ligand4649-0
593,TAWHIJ__ligand8793-0
594,TAWHIJ__ligand2788-0
595,TAWHIJ__ligand21936-0
596,TAWHIJ__ligand5649-0
597,TAWHIJ__ligand13257-0
598,TAWHIJ__ligand23904-0
599,TAWHIJ__ligand2906-0
600,TAWHIJ__ligand10084-0
601,TAWHIJ__ligand250-0
602,TAWHIJ__ligand25267-0
603,TAWHIJ__ligand4711-0
604,TAWHIJ__ligand3244-0
605,TAWHIJ__ligand12467-0
606,TAWHIJ__ligand4807-0
607,TAWHIJ__ligand3178-0
608,TAWHIJ__ligand18391-0
609,TAWHIJ__ligand27169-0
610,TAWHIJ__ligand14523-0
611,TAWHIJ__ligand1356-0
612,TAWHIJ__ligand1787-0
613,TAWHIJ__ligand5530-0
614,TAWHIJ__ligand9753-0
615,TAWHIJ__ligand370-0
616,TAWHIJ__ligand27074-0
617,TAWHIJ__ligand20599-0
618,TAWHIJ__ligand7196-0
619,TAWHIJ__ligand5159-0
620,TAWHIJ__ligand25805-0
621,TAWHIJ__ligand22981-0
622,TAWHIJ__ligand24185-0
623,TAWHIJ__ligand23769-0
624,TAWHIJ__ligand1169-0
625,TAWHIJ__ligand25178-0
626,TAWHIJ__ligand8529-0
627,TAWHIJ__ligand17302-0
628,TAWHIJ__ligand17805-0
629,TAWHIJ__ligand353-0
630,TAWHIJ__ligand12289-0
631,TAWHIJ__ligand18292-0
632,TAWHIJ__ligand13658-0
633,TAWHIJ__ligand26702-0
634,TAWHIJ__ligand12130-0
635,TAWHIJ__ligand17387-0
636,TAWHIJ__ligand393-0
637,TAWHIJ__ligand1498-0
638,TAWHIJ__ligand12231-0
639,TAWHIJ__ligand4596-0
640,TAWHIJ__ligand38-0
641,TAWHIJ__ligand15585-0
642,TAWHIJ__ligand12401-0
643,TAWHIJ__ligand1154-0
644,TAWHIJ__ligand24145-0
645,TAWHIJ__ligand10476-0
646,TAWHIJ__ligand9615-0
647,TAWHIJ__ligand19830-0
648,TAWHIJ__ligand13068-0
649,TAWHIJ__ligand1028-0
650,TAWHIJ__ligand10262-0
651,TAWHIJ__ligand4262-0
652,TAWHIJ__ligand28676-0
653,TAWHIJ__ligand27763-0
654,TAWHIJ__ligand422-0
655,TAWHIJ__ligand18814-0
656,TAWHIJ__ligand686-0
657,TAWHIJ__ligand19057-0
658,TAWHIJ__ligand1618-0
659,TAWHIJ__ligand2692-0
660,TAWHIJ__ligand13425-0
661,TAWHIJ__ligand29302-0
662,TAWHIJ__ligand14108-0
663,TAWHIJ__ligand196-0
664,TAWHIJ__ligand12641-0
665,TAWHIJ__ligand2027-0
666,TAWHIJ__ligand10958-0
667,TAWHIJ__ligand1050-0
668,TAWHIJ__ligand1015-0
669,TAWHIJ__ligand30296-0
670,TAWHIJ__ligand4340-0
671,TAWHIJ__ligand17281-0
672,TAWHIJ__ligand2281-0
673,TAWHIJ__ligand2650-0
674,TAWHIJ__ligand66-0
675,TAWHIJ__ligand26540-0
676,TAWHIJ__ligand3180-0
677,TAWHIJ__ligand314-1
678,TAWHIJ__ligand12337-0
679,TAWHIJ__ligand29410-0
680,TAWHIJ__ligand6995-0
681,TAWHIJ__ligand30333-0
682,TAWHIJ__ligand12606-0
683,TAWHIJ__ligand2823-0
684,TAWHIJ__ligand465-0
685,TAWHIJ__ligand27460-0
686,TAWHIJ__ligand4124-0
687,TAWHIJ__ligand3471-0
688,TAWHIJ__ligand4161-0
689,TAWHIJ__ligand12427-0
690,TAWHIJ__ligand20740-0
691,TAWHIJ__ligand28468-0
692,TAWHIJ__ligand5415-0
693,TAWHIJ__ligand16628-0
694,TAWHIJ__ligand14723-0
695,TAWHIJ__ligand391-0
696,TAWHIJ__ligand27893-0
697,TAWHIJ__ligand5201-0
698,TAWHIJ__ligand15422-0
699,TAWHIJ__ligand12934-0
700,TAWHIJ__ligand20578-0
701,TAWHIJ__ligand19641-0
702,TAWHIJ__ligand18832-0
703,TAWHIJ__ligand27175-0
704,TAWHIJ__ligand23713-0
705,TAWHIJ__ligand8553-0
706,TAWHIJ__ligand1113-0
707,TAWHIJ__ligand30988-0
708,TAWHIJ__ligand618-0
709,TAWHIJ__ligand14297-0
710,TAWHIJ__ligand14603-0
711,TAWHIJ__ligand42-0
712,TAWHIJ__ligand17258-0
713,TAWHIJ__ligand17631-0
714,TAWHIJ__ligand13012-0
715,TAWHIJ__ligand8593-0
716,TAWHIJ__ligand26665-0
717,TAWHIJ__ligand9944-0
718,TAWHIJ__ligand780-0
719,TAWHIJ__ligand314-0
720,TAWHIJ__ligand2001-0
721,TAWHIJ__ligand31783-0
722,TAWHIJ__ligand813-0
723,TAWHIJ__ligand7566-0
724,TAWHIJ__ligand5019-0
725,TAWHIJ__ligand14117-0
726,TAWHIJ__ligand3261-0
727,TAWHIJ__ligand17261-0
728,TAWHIJ__ligand1152-0
729,TAWHIJ__ligand1216-0
730,TAWHIJ__ligand20539-0
731,TAWHIJ__ligand368-0
732,TAWHIJ__ligand20251-0
733,TAWHIJ__ligand20214-0
734,TAWHIJ__ligand30702-0
735,TAWHIJ__ligand1849-0
736,TAWHIJ__ligand395-0
737,TAWHIJ__ligand31097-0
738,TAWHIJ__ligand21581-0
739,TAWHIJ__ligand29568-0
740,TAWHIJ__ligand1-0
741,TAWHIJ__ligand1831-0
742,TAWHIJ__ligand5614-0
743,TAWHIJ__ligand5280-0
744,TAWHIJ__ligand14889-0
745,TAWHIJ__ligand784-0
746,TAWHIJ__ligand30851-0
747,TAWHIJ__ligand6663-0
748,TAWHIJ__ligand5515-0
749,TAWHIJ__ligand20419-0
750,TAWHIJ__ligand21371-0
751,TAWHIJ__ligand17118-0
752,TAWHIJ__ligand28789-0
753,TAWHIJ__ligand1786-0
754,TAWHIJ__ligand17398-0
755,TAWHIJ__ligand20598-0
756,TAWHIJ__ligand5630-0
757,TAWHIJ__ligand11675-0
758,TAWHIJ__ligand24047-0
759,TAWHIJ__ligand833-0
760,TAWHIJ__ligand22557-0
761,TAWHIJ__ligand10589-0
762,TAWHIJ__ligand17278-0
763,TAWHIJ__ligand20011-0
764,TAWHIJ__ligand1908-0
765,TAWHIJ__ligand17982-0
766,TAWHIJ__ligand29414-0
767,TAWHIJ__ligand4795-0
768,TAWHIJ__ligand3285-0
769,TAWHIJ__ligand5085-0
770,TAWHIJ__ligand3144-0
771,TAWHIJ__ligand5755-0
772,TAWHIJ__ligand20251-1
773,TAWHIJ__ligand4710-0
774,TAWHIJ__ligand115-0
775,TAWHIJ__ligand1828-0
776,TAWHIJ__ligand16475-0
777,TAWHIJ__ligand14703-0
778,TAWHIJ__ligand7213-0
779,TAWHIJ__ligand1397-0
780,TAWHIJ__ligand8042-0
781,TAWHIJ__ligand6112-0
782,TAWHIJ__ligand1288-0
783,TAWHIJ__ligand152-0
784,TAWHIJ__ligand14174-0
785,TAWHIJ__ligand18-0
786,TAWHIJ__ligand10712-0
787,TAWHIJ__ligand11456-0
788,TAWHIJ__ligand4266-0
789,TAWHIJ__ligand1400-0
790,TAWHIJ__ligand25411-0
791,TAWHIJ__ligand9491-0
792,TAWHIJ__ligand4167-0
793,TAWHIJ__ligand1779-0
794,TAWHIJ__ligand1817-0
795,TAWHIJ__ligand6993-0
796,TAWHIJ__ligand31832-0
797,TAWHIJ__ligand9750-0
798,TAWHIJ__ligand13294-0
799,TAWHIJ__ligand12030-0
800,TAWHIJ__ligand7075-0
801,TAWHIJ__ligand29879-0
802,TAWHIJ__ligand14248-0
803,TAWHIJ__ligand506-0
804,TAWHIJ__ligand3557-0
805,TAWHIJ__ligand3980-0
806,TAWHIJ__ligand28884-0
807,TAWHIJ__ligand13331-0
808,TAWHIJ__ligand1149-0
809,TAWHIJ__ligand3042-0
810,TAWHIJ__ligand26810-0
811,TAWHIJ__ligand27482-0
812,TAWHIJ__ligand3-0
813,TAWHIJ__ligand13208-0
814,TAWHIJ__ligand487-0
815,TAWHIJ__ligand8200-0
816,TAWHIJ__ligand7438-0
817,TAWHIJ__ligand4063-0
818,TAWHIJ__ligand13390-0
819,TAWHIJ__ligand1539-0
820,TAWHIJ__ligand1150-0
821,TAWHIJ__ligand176-0
822,TAWHIJ__ligand746-0
823,TAWHIJ__ligand3416-0
824,TAWHIJ__ligand3453-0
825,TAWHIJ__ligand447-0
826,TAWHIJ__ligand20682-0
827,TAWHIJ__ligand4207-0
