,TMC
0,DOSVUC__ligand34-0
1,DOSVUC__ligand4661-0
2,DOSVUC__ligand1844-0
3,DOSVUC__ligand16988-0
4,DOSVUC__ligand3718-0
5,DOSVUC__ligand25913-0
6,DOSVUC__ligand3035-0
7,DOSVUC__ligand1343-0
8,DOSVUC__ligand3876-0
9,DOSVUC__ligand6616-0
10,DOSVUC__ligand1536-0
11,DOSVUC__ligand1573-0
12,DOSVUC__ligand9935-0
13,DOSVUC__ligand3504-0
14,DOSVUC__ligand11682-0
15,DOSVUC__ligand1959-0
16,DOSVUC__ligand20207-0
17,DOSVUC__ligand30711-0
18,DOSVUC__ligand197-0
19,DOSVUC__ligand31842-0
20,DOSVUC__ligand31044-0
21,DOSVUC__ligand11994-0
22,DOSVUC__ligand24035-0
23,DOSVUC__ligand9908-0
24,DOSVUC__ligand1263-0
25,DOSVUC__ligand14614-0
26,DOSVUC__ligand7106-0
27,DOSVUC__ligand16663-0
28,DOSVUC__ligand7242-0
29,DOSVUC__ligand3937-0
30,DOSVUC__ligand1202-0
31,DOSVUC__ligand3174-0
32,DOSVUC__ligand21919-0
33,DOSVUC__ligand3131-0
34,DOSVUC__ligand8969-0
35,DOSVUC__ligand6839-0
36,DOSVUC__ligand4720-0
37,DOSVUC__ligand28930-0
38,DOSVUC__ligand22168-0
39,DOSVUC__ligand22294-0
40,DOSVUC__ligand783-0
41,DOSVUC__ligand352-0
42,DOSVUC__ligand68-0
43,DOSVUC__ligand11357-0
44,DOSVUC__ligand13862-0
45,DOSVUC__ligand4155-0
46,DOSVUC__ligand3094-0
47,DOSVUC__ligand15531-0
48,DOSVUC__ligand28743-0
49,DOSVUC__ligand5211-0
50,DOSVUC__ligand10056-0
51,DOSVUC__ligand12365-0
52,DOSVUC__ligand868-0
53,DOSVUC__ligand15926-0
54,DOSVUC__ligand2485-0
55,DOSVUC__ligand3852-0
56,DOSVUC__ligand19792-0
57,DOSVUC__ligand6919-0
58,DOSVUC__ligand10828-0
59,DOSVUC__ligand28810-0
60,DOSVUC__ligand55-0
61,DOSVUC__ligand11447-0
62,DOSVUC__ligand11096-0
63,DOSVUC__ligand24230-0
64,DOSVUC__ligand15883-0
65,DOSVUC__ligand3565-0
66,DOSVUC__ligand5331-0
67,DOSVUC__ligand11970-0
68,DOSVUC__ligand1512-0
69,DOSVUC__ligand30142-0
70,DOSVUC__ligand27669-0
71,DOSVUC__ligand57-0
72,DOSVUC__ligand4503-0
73,DOSVUC__ligand14167-0
74,DOSVUC__ligand4546-0
75,DOSVUC__ligand13477-0
76,DOSVUC__ligand7000-0
77,DOSVUC__ligand1982-0
78,DOSVUC__ligand6768-0
79,DOSVUC__ligand134-0
80,DOSVUC__ligand8115-0
81,DOSVUC__ligand1285-0
82,DOSVUC__ligand235-0
83,DOSVUC__ligand560-0
84,DOSVUC__ligand2232-0
85,DOSVUC__ligand9291-0
86,DOSVUC__ligand23197-0
87,DOSVUC__ligand2176-0
88,DOSVUC__ligand5256-0
89,DOSVUC__ligand8876-0
90,DOSVUC__ligand2828-0
91,DOSVUC__ligand7648-0
92,DOSVUC__ligand9833-0
93,DOSVUC__ligand4157-0
94,DOSVUC__ligand27285-0
95,DOSVUC__ligand29029-0
96,DOSVUC__ligand4093-0
97,DOSVUC__ligand4442-0
98,DOSVUC__ligand3954-0
99,DOSVUC__ligand28685-0
100,DOSVUC__ligand18568-0
101,DOSVUC__ligand294-0
102,DOSVUC__ligand13672-0
103,DOSVUC__ligand1160-0
104,DOSVUC__ligand8699-0
105,DOSVUC__ligand9520-0
106,DOSVUC__ligand9784-0
107,DOSVUC__ligand10371-0
108,DOSVUC__ligand7629-0
109,DOSVUC__ligand1451-0
110,DOSVUC__ligand4272-0
111,DOSVUC__ligand7280-0
112,DOSVUC__ligand18448-0
113,DOSVUC__ligand12453-0
114,DOSVUC__ligand1790-0
115,DOSVUC__ligand1304-0
116,DOSVUC__ligand28459-0
117,DOSVUC__ligand7238-0
118,DOSVUC__ligand421-0
119,DOSVUC__ligand685-0
120,DOSVUC__ligand4016-0
121,DOSVUC__ligand19184-0
122,DOSVUC__ligand6709-0
123,DOSVUC__ligand1219-0
124,DOSVUC__ligand7867-0
125,DOSVUC__ligand1378-0
126,DOSVUC__ligand21399-0
127,DOSVUC__ligand10872-0
128,DOSVUC__ligand370-0
129,DOSVUC__ligand26631-0
130,DOSVUC__ligand16148-0
131,DOSVUC__ligand6244-0
132,DOSVUC__ligand12003-0
133,DOSVUC__ligand3156-0
134,DOSVUC__ligand29215-0
135,DOSVUC__ligand2915-0
136,DOSVUC__ligand16369-0
137,DOSVUC__ligand9933-0
138,DOSVUC__ligand28540-0
139,DOSVUC__ligand11111-0
140,DOSVUC__ligand1530-0
141,DOSVUC__ligand1575-0
142,DOSVUC__ligand27754-0
143,DOSVUC__ligand20695-0
144,DOSVUC__ligand250-0
145,DOSVUC__ligand1631-0
146,DOSVUC__ligand2332-0
147,DOSVUC__ligand32-0
148,DOSVUC__ligand9441-0
149,DOSVUC__ligand22403-0
150,DOSVUC__ligand188-0
151,DOSVUC__ligand5036-0
152,DOSVUC__ligand2526-0
153,DOSVUC__ligand1615-0
154,DOSVUC__ligand11618-0
155,DOSVUC__ligand9111-0
156,DOSVUC__ligand9952-0
157,DOSVUC__ligand8721-0
158,DOSVUC__ligand26529-0
159,DOSVUC__ligand1324-0
160,DOSVUC__ligand5643-0
161,DOSVUC__ligand1823-0
162,DOSVUC__ligand16-0
163,DOSVUC__ligand4116-0
164,DOSVUC__ligand479-0
165,DOSVUC__ligand785-0
166,DOSVUC__ligand311-0
167,DOSVUC__ligand1018-0
168,DOSVUC__ligand21729-0
169,DOSVUC__ligand3707-0
170,DOSVUC__ligand6124-0
171,DOSVUC__ligand27239-0
172,DOSVUC__ligand7967-0
173,DOSVUC__ligand620-0
174,DOSVUC__ligand28559-0
175,DOSVUC__ligand26324-0
176,DOSVUC__ligand9601-0
177,DOSVUC__ligand14043-0
178,DOSVUC__ligand370-1
179,DOSVUC__ligand8992-0
180,DOSVUC__ligand564-0
181,DOSVUC__ligand19927-0
182,DOSVUC__ligand8835-0
183,DOSVUC__ligand2028-0
184,DOSVUC__ligand91-0
185,DOSVUC__ligand7126-0
186,DOSVUC__ligand25561-0
187,DOSVUC__ligand3234-0
188,DOSVUC__ligand1142-0
189,DOSVUC__ligand22129-0
190,DOSVUC__ligand12138-0
191,DOSVUC__ligand24780-0
192,DOSVUC__ligand909-0
193,DOSVUC__ligand11949-0
194,DOSVUC__ligand177-0
195,DOSVUC__ligand17427-0
196,DOSVUC__ligand51-0
197,DOSVUC__ligand29486-0
198,DOSVUC__ligand4641-0
199,DOSVUC__ligand31694-0
200,DOSVUC__ligand17396-0
201,DOSVUC__ligand23175-0
202,DOSVUC__ligand15788-0
203,DOSVUC__ligand252-0
204,DOSVUC__ligand2295-0
205,DOSVUC__ligand11587-0
206,DOSVUC__ligand6067-0
207,DOSVUC__ligand13220-0
208,DOSVUC__ligand1577-0
209,DOSVUC__ligand116-0
210,DOSVUC__ligand24111-0
211,DOSVUC__ligand22444-0
212,DOSVUC__ligand14569-0
213,DOSVUC__ligand4620-0
214,DOSVUC__ligand13385-0
215,DOSVUC__ligand3465-0
216,DOSVUC__ligand12001-0
217,DOSVUC__ligand372-0
218,DOSVUC__ligand48-0
219,DOSVUC__ligand6596-0
220,DOSVUC__ligand6904-0
221,DOSVUC__ligand3721-0
222,DOSVUC__ligand6102-0
223,DOSVUC__ligand10033-0
224,DOSVUC__ligand830-0
225,DOSVUC__ligand24644-0
226,DOSVUC__ligand7819-0
227,DOSVUC__ligand24872-0
228,DOSVUC__ligand2917-0
229,DOSVUC__ligand27840-0
230,DOSVUC__ligand193-0
231,DOSVUC__ligand30728-0
232,DOSVUC__ligand29441-0
233,DOSVUC__ligand10853-0
234,DOSVUC__ligand813-0
235,DOSVUC__ligand2403-0
236,DOSVUC__ligand10479-0
237,DOSVUC__ligand27610-0
238,DOSVUC__ligand314-0
239,DOSVUC__ligand780-0
240,DOSVUC__ligand11479-0
241,DOSVUC__ligand20530-0
242,DOSVUC__ligand11698-0
243,DOSVUC__ligand14302-0
244,DOSVUC__ligand6455-0
245,DOSVUC__ligand13657-0
246,DOSVUC__ligand14347-0
247,DOSVUC__ligand6882-0
248,DOSVUC__ligand24851-0
249,DOSVUC__ligand3934-0
250,DOSVUC__ligand618-0
251,DOSVUC__ligand15387-0
252,DOSVUC__ligand4332-0
253,DOSVUC__ligand20121-0
254,DOSVUC__ligand9681-0
255,DOSVUC__ligand20220-0
256,DOSVUC__ligand7530-0
257,DOSVUC__ligand16952-0
258,DOSVUC__ligand29813-0
259,DOSVUC__ligand1065-0
260,DOSVUC__ligand1449-0
261,DOSVUC__ligand391-0
262,DOSVUC__ligand3012-0
263,DOSVUC__ligand5483-0
264,DOSVUC__ligand5316-0
265,DOSVUC__ligand10151-0
266,DOSVUC__ligand2830-0
267,DOSVUC__ligand5627-0
268,DOSVUC__ligand1729-0
269,DOSVUC__ligand465-0
270,DOSVUC__ligand7529-0
271,DOSVUC__ligand22353-0
272,DOSVUC__ligand6946-0
273,DOSVUC__ligand1415-0
274,DOSVUC__ligand9148-0
275,DOSVUC__ligand314-1
276,DOSVUC__ligand19668-0
277,DOSVUC__ligand19906-0
278,DOSVUC__ligand7107-0
279,DOSVUC__ligand20821-0
280,DOSVUC__ligand26673-0
281,DOSVUC__ligand196-0
282,DOSVUC__ligand31000-0
283,DOSVUC__ligand3215-0
284,DOSVUC__ligand11606-0
285,DOSVUC__ligand10582-0
286,DOSVUC__ligand6062-0
287,DOSVUC__ligand13260-0
288,DOSVUC__ligand5813-0
289,DOSVUC__ligand11252-0
290,DOSVUC__ligand4813-0
291,DOSVUC__ligand4738-0
292,DOSVUC__ligand686-0
293,DOSVUC__ligand19824-0
294,DOSVUC__ligand422-0
295,DOSVUC__ligand18067-0
296,DOSVUC__ligand6283-0
297,DOSVUC__ligand15455-0
298,DOSVUC__ligand2599-0
299,DOSVUC__ligand4330-0
300,DOSVUC__ligand11177-0
301,DOSVUC__ligand25658-0
302,DOSVUC__ligand17686-0
303,DOSVUC__ligand4194-0
304,DOSVUC__ligand31205-0
305,DOSVUC__ligand393-0
306,DOSVUC__ligand7532-0
307,DOSVUC__ligand11-0
308,DOSVUC__ligand353-0
309,DOSVUC__ligand69-0
310,DOSVUC__ligand16603-0
311,DOSVUC__ligand2068-0
312,DOSVUC__ligand8-0
313,DOSVUC__ligand11814-0
314,DOSVUC__ligand7925-0
315,DOSVUC__ligand3973-0
316,DOSVUC__ligand11622-0
317,DOSVUC__ligand1147-0
318,DOSVUC__ligand16870-0
319,DOSVUC__ligand2781-0
320,DOSVUC__ligand7573-0
321,DOSVUC__ligand3350-0
322,DOSVUC__ligand447-0
323,DOSVUC__ligand1327-0
324,DOSVUC__ligand9809-0
325,DOSVUC__ligand6672-0
326,DOSVUC__ligand21752-0
327,DOSVUC__ligand8722-0
328,DOSVUC__ligand746-0
329,DOSVUC__ligand176-0
330,DOSVUC__ligand30788-0
331,DOSVUC__ligand13691-0
332,DOSVUC__ligand3208-0
333,DOSVUC__ligand14339-0
334,DOSVUC__ligand2208-0
335,DOSVUC__ligand1900-0
336,DOSVUC__ligand9197-0
337,DOSVUC__ligand20844-0
338,DOSVUC__ligand18413-0
339,DOSVUC__ligand487-0
340,DOSVUC__ligand3029-0
341,DOSVUC__ligand24624-0
342,DOSVUC__ligand7162-0
343,DOSVUC__ligand2328-0
344,DOSVUC__ligand18757-0
345,DOSVUC__ligand24560-0
346,DOSVUC__ligand4581-0
347,DOSVUC__ligand1773-0
348,DOSVUC__ligand5892-0
349,DOSVUC__ligand5094-0
350,DOSVUC__ligand20557-0
351,DOSVUC__ligand30004-0
352,DOSVUC__ligand506-0
353,DOSVUC__ligand1712-0
354,DOSVUC__ligand4131-0
355,DOSVUC__ligand49-0
356,DOSVUC__ligand23445-0
357,DOSVUC__ligand89-0
358,DOSVUC__ligand24953-0
359,DOSVUC__ligand27122-0
360,DOSVUC__ligand20432-0
361,DOSVUC__ligand7557-0
362,DOSVUC__ligand16133-0
363,DOSVUC__ligand13755-0
364,DOSVUC__ligand1496-0
365,DOSVUC__ligand25048-0
366,DOSVUC__ligand1533-0
367,DOSVUC__ligand21940-0
368,DOSVUC__ligand152-0
369,DOSVUC__ligand11798-0
370,DOSVUC__ligand1768-0
371,DOSVUC__ligand12413-0
372,DOSVUC__ligand29334-0
373,DOSVUC__ligand3871-0
374,DOSVUC__ligand1469-0
375,DOSVUC__ligand20731-0
376,DOSVUC__ligand1688-0
377,DOSVUC__ligand115-0
378,DOSVUC__ligand17445-0
379,DOSVUC__ligand5357-0
380,DOSVUC__ligand3647-0
381,DOSVUC__ligand17069-0
382,DOSVUC__ligand5056-0
383,DOSVUC__ligand4850-0
384,DOSVUC__ligand14477-0
385,DOSVUC__ligand1165-0
386,DOSVUC__ligand11544-0
387,DOSVUC__ligand11501-0
388,DOSVUC__ligand9525-0
389,DOSVUC__ligand29214-0
390,DOSVUC__ligand3157-0
391,DOSVUC__ligand22357-0
392,DOSVUC__ligand833-0
393,DOSVUC__ligand11758-0
394,DOSVUC__ligand1379-0
395,DOSVUC__ligand2722-0
396,DOSVUC__ligand21448-0
397,DOSVUC__ligand5935-0
398,DOSVUC__ligand18019-1
399,DOSVUC__ligand14007-0
400,DOSVUC__ligand5849-0
401,DOSVUC__ligand4911-0
402,DOSVUC__ligand1771-0
403,DOSVUC__ligand784-0
404,DOSVUC__ligand3392-0
405,DOSVUC__ligand27550-0
406,DOSVUC__ligand395-0
407,DOSVUC__ligand1709-0
408,DOSVUC__ligand8464-0
409,DOSVUC__ligand368-0
410,DOSVUC__ligand20942-1
411,DOSVUC__ligand8349-0
412,DOSVUC__ligand16956-0
413,DOSVUC__ligand17-0
414,DOSVUC__ligand14226-0
415,DOSVUC__ligand21339-0
416,DOSVUC__ligand18158-0
417,DOSVUC__ligand2527-0
418,DOSVUC__ligand27771-0
419,DOSVUC__ligand29565-0
420,DOSVUC__ligand23682-0
421,DOSVUC__ligand18465-0
422,DOSVUC__ligand18799-0
423,DOSVUC__ligand4262-0
424,DOSVUC__ligand1028-0
425,DOSVUC__ligand321-0
426,DOSVUC__ligand279-0
427,DOSVUC__ligand2692-0
428,DOSVUC__ligand1618-0
429,DOSVUC__ligand185-0
430,DOSVUC__ligand28668-0
431,DOSVUC__ligand178-0
432,DOSVUC__ligand16791-0
433,DOSVUC__ligand11140-0
434,DOSVUC__ligand201-0
435,DOSVUC__ligand29610-0
436,DOSVUC__ligand1050-0
437,DOSVUC__ligand29863-0
438,DOSVUC__ligand1015-0
439,DOSVUC__ligand18074-0
440,DOSVUC__ligand13869-0
441,DOSVUC__ligand2027-0
442,DOSVUC__ligand8529-0
443,DOSVUC__ligand23904-0
444,DOSVUC__ligand1169-0
445,DOSVUC__ligand13257-0
446,DOSVUC__ligand21936-0
447,DOSVUC__ligand12467-0
448,DOSVUC__ligand25267-0
449,DOSVUC__ligand10084-0
450,DOSVUC__ligand338-0
451,DOSVUC__ligand27169-0
452,DOSVUC__ligand14523-0
453,DOSVUC__ligand4596-0
454,DOSVUC__ligand1498-0
455,DOSVUC__ligand18391-0
456,DOSVUC__ligand9615-0
457,DOSVUC__ligand25805-0
458,DOSVUC__ligand22981-0
459,DOSVUC__ligand20599-0
460,DOSVUC__ligand27074-0
461,DOSVUC__ligand1154-0
462,DOSVUC__ligand845-0
463,DOSVUC__ligand5201-0
464,DOSVUC__ligand21787-0
465,DOSVUC__ligand78-0
466,DOSVUC__ligand25575-0
467,DOSVUC__ligand25689-0
468,DOSVUC__ligand12295-0
469,DOSVUC__ligand1113-0
470,DOSVUC__ligand8553-0
471,DOSVUC__ligand27835-0
472,DOSVUC__ligand126-0
473,DOSVUC__ligand8593-0
474,DOSVUC__ligand163-0
475,DOSVUC__ligand21132-0
476,DOSVUC__ligand9944-0
477,DOSVUC__ligand11166-0
478,DOSVUC__ligand23906-0
479,DOSVUC__ligand45-0
480,DOSVUC__ligand7566-0
481,DOSVUC__ligand2001-0
482,DOSVUC__ligand30539-0
483,DOSVUC__ligand11206-0
484,DOSVUC__ligand3180-0
485,DOSVUC__ligand23124-0
486,DOSVUC__ligand4340-0
487,DOSVUC__ligand2650-0
488,DOSVUC__ligand2281-0
489,DOSVUC__ligand941-0
490,DOSVUC__ligand12519-0
491,DOSVUC__ligand596-0
492,DOSVUC__ligand25735-0
493,DOSVUC__ligand777-0
494,DOSVUC__ligand2823-0
495,DOSVUC__ligand24-0
496,DOSVUC__ligand6995-0
497,DOSVUC__ligand4124-0
498,DOSVUC__ligand3471-0
499,DOSVUC__ligand4161-0
500,DOSVUC__ligand19-0
501,DOSVUC__ligand366-0
502,DOSVUC__ligand31248-0
503,DOSVUC__ligand25650-0
504,DOSVUC__ligand13209-0
505,DOSVUC__ligand19257-0
506,DOSVUC__ligand657-0
507,DOSVUC__ligand5415-0
508,DOSVUC__ligand187-0
509,DOSVUC__ligand12660-0
510,DOSVUC__ligand22755-0
511,DOSVUC__ligand31618-0
512,DOSVUC__ligand11432-0
513,DOSVUC__ligand5630-0
514,DOSVUC__ligand10432-0
515,DOSVUC__ligand26277-0
516,DOSVUC__ligand4-0
517,DOSVUC__ligand29898-0
518,DOSVUC__ligand1786-0
519,DOSVUC__ligand4795-0
520,DOSVUC__ligand3285-0
521,DOSVUC__ligand693-0
522,DOSVUC__ligand1908-0
523,DOSVUC__ligand5755-0
524,DOSVUC__ligand4710-0
525,DOSVUC__ligand23589-0
526,DOSVUC__ligand24064-0
527,DOSVUC__ligand5085-0
528,DOSVUC__ligand3144-0
529,DOSVUC__ligand6112-0
530,DOSVUC__ligand15168-0
531,DOSVUC__ligand8042-0
532,DOSVUC__ligand7213-0
533,DOSVUC__ligand1397-0
534,DOSVUC__ligand1828-0
535,DOSVUC__ligand1216-0
536,DOSVUC__ligand28924-0
537,DOSVUC__ligand3261-0
538,DOSVUC__ligand1152-0
539,DOSVUC__ligand15438-0
540,DOSVUC__ligand5019-0
541,DOSVUC__ligand1849-0
542,DOSVUC__ligand18703-0
543,DOSVUC__ligand29087-0
544,DOSVUC__ligand6663-0
545,DOSVUC__ligand31578-0
546,DOSVUC__ligand5515-0
547,DOSVUC__ligand17207-0
548,DOSVUC__ligand757-0
549,DOSVUC__ligand1831-0
550,DOSVUC__ligand5614-0
551,DOSVUC__ligand5280-0
552,DOSVUC__ligand17945-0
553,DOSVUC__ligand25224-0
554,DOSVUC__ligand18013-0
555,DOSVUC__ligand122-0
556,DOSVUC__ligand24750-0
557,DOSVUC__ligand43-0
558,DOSVUC__ligand17590-0
559,DOSVUC__ligand384-0
560,DOSVUC__ligand3042-0
561,DOSVUC__ligand17240-0
562,DOSVUC__ligand12682-0
563,DOSVUC__ligand18699-0
564,DOSVUC__ligand4063-0
565,DOSVUC__ligand7438-0
566,DOSVUC__ligand8200-0
567,DOSVUC__ligand1150-0
568,DOSVUC__ligand1539-0
569,DOSVUC__ligand12336-0
570,DOSVUC__ligand768-0
571,DOSVUC__ligand4207-0
572,DOSVUC__ligand3416-0
573,DOSVUC__ligand3453-0
574,DOSVUC__ligand13072-0
575,DOSVUC__ligand10555-0
576,DOSVUC__ligand1288-0
577,DOSVUC__ligand31483-0
578,DOSVUC__ligand19725-0
579,DOSVUC__ligand4167-0
580,DOSVUC__ligand24613-0
581,DOSVUC__ligand9491-0
582,DOSVUC__ligand4266-0
583,DOSVUC__ligand1400-0
584,DOSVUC__ligand11774-0
585,DOSVUC__ligand14586-0
586,DOSVUC__ligand9750-0
587,DOSVUC__ligand67-0
588,DOSVUC__ligand1817-0
589,DOSVUC__ligand6993-0
590,DOSVUC__ligand1779-0
591,DOSVUC__ligand21421-0
592,DOSVUC__ligand240-0
593,DOSVUC__ligand1149-0
594,DOSVUC__ligand11568-0
595,DOSVUC__ligand3557-0
596,DOSVUC__ligand3980-0
597,DOSVUC__ligand17710-0
598,DOSVUC__ligand20579-0
599,DOSVUC__ligand141-0
600,DOSVUC__ligand7075-0
601,DOSVUC__ligand11456-0
602,DOSVUC__ligand416-0
603,DOSVUC__ligand14174-0
604,DOSVUC__ligand1376-0
605,DOSVUC__ligand10712-0
606,DOSVUC__ligand5510-0
607,DOSVUC__ligand383-0
608,DOSVUC__ligand9773-0
609,DOSVUC__ligand5099-0
610,DOSVUC__ligand162-0
611,DOSVUC__ligand8592-0
612,DOSVUC__ligand1197-0
613,DOSVUC__ligand2259-0
614,DOSVUC__ligand25411-0
615,DOSVUC__ligand226-0
616,DOSVUC__ligand1296-0
617,DOSVUC__ligand2221-0
618,DOSVUC__ligand13294-0
619,DOSVUC__ligand31832-0
620,DOSVUC__ligand3120-0
621,DOSVUC__ligand3926-0
622,DOSVUC__ligand4358-0
623,DOSVUC__ligand28884-0
624,DOSVUC__ligand13331-0
625,DOSVUC__ligand29879-0
626,DOSVUC__ligand14248-0
627,DOSVUC__ligand5595-0
628,DOSVUC__ligand12030-0
629,DOSVUC__ligand4101-0
630,DOSVUC__ligand13208-0
631,DOSVUC__ligand656-0
632,DOSVUC__ligand7762-0
633,DOSVUC__ligand5080-0
634,DOSVUC__ligand26810-0
635,DOSVUC__ligand27482-0
636,DOSVUC__ligand18-0
637,DOSVUC__ligand6117-0
638,DOSVUC__ligand1407-0
639,DOSVUC__ligand5509-0
640,DOSVUC__ligand8002-0
641,DOSVUC__ligand1-0
642,DOSVUC__ligand1317-0
643,DOSVUC__ligand3867-0
644,DOSVUC__ligand2822-0
645,DOSVUC__ligand7293-0
646,DOSVUC__ligand13390-0
647,DOSVUC__ligand696-0
648,DOSVUC__ligand20682-0
649,DOSVUC__ligand2238-0
650,DOSVUC__ligand5304-0
651,DOSVUC__ligand9167-0
652,DOSVUC__ligand358-0
653,DOSVUC__ligand430-0
654,DOSVUC__ligand3677-1
655,DOSVUC__ligand9883-0
656,DOSVUC__ligand14117-0
657,DOSVUC__ligand488-0
658,DOSVUC__ligand17261-0
659,DOSVUC__ligand7291-0
660,DOSVUC__ligand3-0
661,DOSVUC__ligand31097-0
662,DOSVUC__ligand21581-0
663,DOSVUC__ligand9299-0
664,DOSVUC__ligand20251-0
665,DOSVUC__ligand694-0
666,DOSVUC__ligand20214-0
667,DOSVUC__ligand30702-0
668,DOSVUC__ligand4007-0
669,DOSVUC__ligand2985-0
670,DOSVUC__ligand20539-0
671,DOSVUC__ligand2693-0
672,DOSVUC__ligand5383-0
673,DOSVUC__ligand14889-0
674,DOSVUC__ligand30851-0
675,DOSVUC__ligand3945-0
676,DOSVUC__ligand29568-0
677,DOSVUC__ligand8000-0
678,DOSVUC__ligand28789-0
679,DOSVUC__ligand3736-0
680,DOSVUC__ligand9344-0
681,DOSVUC__ligand21371-0
682,DOSVUC__ligand17118-0
683,DOSVUC__ligand20419-0
684,DOSVUC__ligand24047-0
685,DOSVUC__ligand670-0
686,DOSVUC__ligand10589-0
687,DOSVUC__ligand22557-0
688,DOSVUC__ligand20598-0
689,DOSVUC__ligand11675-0
690,DOSVUC__ligand1211-0
691,DOSVUC__ligand571-0
692,DOSVUC__ligand17398-0
693,DOSVUC__ligand534-0
694,DOSVUC__ligand6892-0
695,DOSVUC__ligand2881-0
696,DOSVUC__ligand1499-0
697,DOSVUC__ligand17982-0
698,DOSVUC__ligand29414-0
699,DOSVUC__ligand3712-0
700,DOSVUC__ligand1464-0
701,DOSVUC__ligand17278-0
702,DOSVUC__ligand20011-0
703,DOSVUC__ligand20251-1
704,DOSVUC__ligand6699-0
705,DOSVUC__ligand1294-0
706,DOSVUC__ligand1168-0
707,DOSVUC__ligand16475-0
708,DOSVUC__ligand3632-0
709,DOSVUC__ligand14703-0
710,DOSVUC__ligand3677-0
711,DOSVUC__ligand12337-0
712,DOSVUC__ligand29410-0
713,DOSVUC__ligand26540-0
714,DOSVUC__ligand17281-0
715,DOSVUC__ligand2417-0
716,DOSVUC__ligand300-0
717,DOSVUC__ligand30296-0
718,DOSVUC__ligand12606-0
719,DOSVUC__ligand1114-0
720,DOSVUC__ligand9284-0
721,DOSVUC__ligand30333-0
722,DOSVUC__ligand588-0
723,DOSVUC__ligand6391-0
724,DOSVUC__ligand3126-0
725,DOSVUC__ligand27460-0
726,DOSVUC__ligand1228-0
727,DOSVUC__ligand9943-0
728,DOSVUC__ligand1604-0
729,DOSVUC__ligand199-0
730,DOSVUC__ligand16628-0
731,DOSVUC__ligand1832-0
732,DOSVUC__ligand42-0
733,DOSVUC__ligand8788-0
734,DOSVUC__ligand28468-0
735,DOSVUC__ligand20740-0
736,DOSVUC__ligand2043-0
737,DOSVUC__ligand12427-0
738,DOSVUC__ligand1599-0
739,DOSVUC__ligand19641-0
740,DOSVUC__ligand15422-0
741,DOSVUC__ligand12934-0
742,DOSVUC__ligand20578-0
743,DOSVUC__ligand27893-0
744,DOSVUC__ligand14723-0
745,DOSVUC__ligand2612-0
746,DOSVUC__ligand30988-0
747,DOSVUC__ligand66-0
748,DOSVUC__ligand18832-0
749,DOSVUC__ligand27175-0
750,DOSVUC__ligand9450-0
751,DOSVUC__ligand23713-0
752,DOSVUC__ligand26665-0
753,DOSVUC__ligand324-0
754,DOSVUC__ligand361-0
755,DOSVUC__ligand17631-0
756,DOSVUC__ligand409-0
757,DOSVUC__ligand13012-0
758,DOSVUC__ligand17258-0
759,DOSVUC__ligand14297-0
760,DOSVUC__ligand14603-0
761,DOSVUC__ligand31783-0
762,DOSVUC__ligand2203-0
763,DOSVUC__ligand5387-0
764,DOSVUC__ligand1289-0
765,DOSVUC__ligand25178-0
766,DOSVUC__ligand23769-0
767,DOSVUC__ligand24185-0
768,DOSVUC__ligand4649-0
769,DOSVUC__ligand8793-0
770,DOSVUC__ligand326-0
771,DOSVUC__ligand5649-0
772,DOSVUC__ligand2788-0
773,DOSVUC__ligand17805-0
774,DOSVUC__ligand4711-0
775,DOSVUC__ligand3244-0
776,DOSVUC__ligand17302-0
777,DOSVUC__ligand2906-0
778,DOSVUC__ligand12231-0
779,DOSVUC__ligand3178-0
780,DOSVUC__ligand4807-0
781,DOSVUC__ligand17387-0
782,DOSVUC__ligand12130-0
783,DOSVUC__ligand692-0
784,DOSVUC__ligand12289-0
785,DOSVUC__ligand18292-0
786,DOSVUC__ligand13658-0
787,DOSVUC__ligand26702-0
788,DOSVUC__ligand436-0
789,DOSVUC__ligand5159-0
790,DOSVUC__ligand19830-0
791,DOSVUC__ligand13068-0
792,DOSVUC__ligand7196-0
793,DOSVUC__ligand10476-0
794,DOSVUC__ligand24145-0
795,DOSVUC__ligand9753-0
796,DOSVUC__ligand1787-0
797,DOSVUC__ligand1356-0
798,DOSVUC__ligand15585-0
799,DOSVUC__ligand12401-0
800,DOSVUC__ligand5530-0
801,DOSVUC__ligand27763-0
802,DOSVUC__ligand5708-0
803,DOSVUC__ligand10262-0
804,DOSVUC__ligand28676-0
805,DOSVUC__ligand7316-0
806,DOSVUC__ligand6017-0
807,DOSVUC__ligand29302-0
808,DOSVUC__ligand13425-0
809,DOSVUC__ligand5180-0
810,DOSVUC__ligand18814-0
811,DOSVUC__ligand19057-0
812,DOSVUC__ligand9323-0
813,DOSVUC__ligand38-0
814,DOSVUC__ligand7273-0
815,DOSVUC__ligand14108-0
816,DOSVUC__ligand497-0
817,DOSVUC__ligand7172-0
818,DOSVUC__ligand2124-0
819,DOSVUC__ligand8612-0
820,DOSVUC__ligand10958-0
821,DOSVUC__ligand633-0
822,DOSVUC__ligand7092-0
823,DOSVUC__ligand12641-0
824,DOSVUC__ligand2260-0
825,DOSVUC__ligand1153-0
826,DOSVUC__ligand3225-0
827,DOSVUC__ligand1116-0
