,TMC
0,ZOTBIV__ligand166-0
1,ZOTBIV__ligand2751-0
2,ZOTBIV__ligand838-0
3,ZOTBIV__ligand497-0
4,ZOTBIV__ligand1542-0
5,ZOTBIV__ligand2634-0
6,ZOTBIV__ligand3041-0
7,ZOTBIV__ligand918-0
8,ZOTBIV__ligand633-0
9,ZOTBIV__ligand21-0
10,ZOTBIV__ligand532-0
11,ZOTBIV__ligand821-0
12,ZOTBIV__ligand3178-0
13,ZOTBIV__ligand6332-0
14,ZOTBIV__ligand6-0
15,ZOTBIV__ligand326-0
16,ZOTBIV__ligand2098-0
17,ZOTBIV__ligand553-0
18,ZOTBIV__ligand6502-0
19,ZOTBIV__ligand40-0
20,ZOTBIV__ligand283-0
21,ZOTBIV__ligand2863-0
22,ZOTBIV__ligand7915-0
23,ZOTBIV__ligand5548-0
24,ZOTBIV__ligand142-0
25,ZOTBIV__ligand6686-0
26,ZOTBIV__ligand1747-0
27,ZOTBIV__ligand206-0
28,ZOTBIV__ligand38-0
29,ZOTBIV__ligand436-0
30,ZOTBIV__ligand3145-0
31,ZOTBIV__ligand105-0
32,ZOTBIV__ligand140-0
33,ZOTBIV__ligand3246-0
34,ZOTBIV__ligand361-0
35,ZOTBIV__ligand324-0
36,ZOTBIV__ligand1148-0
37,ZOTBIV__ligand4-0
38,ZOTBIV__ligand409-0
39,ZOTBIV__ligand1479-0
40,ZOTBIV__ligand1228-0
41,ZOTBIV__ligand9244-0
42,ZOTBIV__ligand575-0
43,ZOTBIV__ligand66-0
44,ZOTBIV__ligand927-0
45,ZOTBIV__ligand199-0
46,ZOTBIV__ligand1114-0
47,ZOTBIV__ligand1538-0
48,ZOTBIV__ligand670-0
49,ZOTBIV__ligand1459-0
50,ZOTBIV__ligand118-0
51,ZOTBIV__ligand571-0
52,ZOTBIV__ligand62-0
53,ZOTBIV__ligand1544-0
54,ZOTBIV__ligand1685-0
55,ZOTBIV__ligand509-0
56,ZOTBIV__ligand2087-0
57,ZOTBIV__ligand14530-0
58,ZOTBIV__ligand1048-0
59,ZOTBIV__ligand3757-0
60,ZOTBIV__ligand358-0
61,ZOTBIV__ligand1171-0
62,ZOTBIV__ligand430-0
63,ZOTBIV__ligand86-0
64,ZOTBIV__ligand669-0
65,ZOTBIV__ligand278-0
66,ZOTBIV__ligand3063-0
67,ZOTBIV__ligand1438-0
68,ZOTBIV__ligand10910-0
69,ZOTBIV__ligand365-0
70,ZOTBIV__ligand5801-0
71,ZOTBIV__ligand10114-0
72,ZOTBIV__ligand2629-0
73,ZOTBIV__ligand4381-0
74,ZOTBIV__ligand1706-0
75,ZOTBIV__ligand3734-0
76,ZOTBIV__ligand1951-0
77,ZOTBIV__ligand1687-0
78,ZOTBIV__ligand383-0
79,ZOTBIV__ligand162-0
80,ZOTBIV__ligand226-0
81,ZOTBIV__ligand10479-0
82,ZOTBIV__ligand18-0
83,ZOTBIV__ligand6277-0
84,ZOTBIV__ligand1376-0
85,ZOTBIV__ligand2768-0
86,ZOTBIV__ligand2688-0
87,ZOTBIV__ligand2259-0
88,ZOTBIV__ligand6294-0
89,ZOTBIV__ligand1054-0
90,ZOTBIV__ligand1598-0
91,ZOTBIV__ligand1248-0
92,ZOTBIV__ligand4303-0
93,ZOTBIV__ligand7464-0
94,ZOTBIV__ligand240-0
95,ZOTBIV__ligand141-0
96,ZOTBIV__ligand384-0
97,ZOTBIV__ligand120-0
98,ZOTBIV__ligand67-0
99,ZOTBIV__ligand8774-0
100,ZOTBIV__ligand3637-0
101,ZOTBIV__ligand797-0
102,ZOTBIV__ligand1607-0
103,ZOTBIV__ligand757-0
104,ZOTBIV__ligand1152-0
105,ZOTBIV__ligand1727-0
106,ZOTBIV__ligand2907-0
107,ZOTBIV__ligand2430-0
108,ZOTBIV__ligand1703-0
109,ZOTBIV__ligand1056-0
110,ZOTBIV__ligand2320-0
111,ZOTBIV__ligand2862-0
112,ZOTBIV__ligand1567-0
113,ZOTBIV__ligand2285-0
114,ZOTBIV__ligand8921-0
115,ZOTBIV__ligand2510-0
116,ZOTBIV__ligand78-0
117,ZOTBIV__ligand85-0
118,ZOTBIV__ligand596-0
119,ZOTBIV__ligand1273-0
120,ZOTBIV__ligand3-0
121,ZOTBIV__ligand366-0
122,ZOTBIV__ligand861-0
123,ZOTBIV__ligand612-0
124,ZOTBIV__ligand187-0
125,ZOTBIV__ligand1052-0
126,ZOTBIV__ligand45-0
127,ZOTBIV__ligand1502-0
128,ZOTBIV__ligand1835-0
129,ZOTBIV__ligand2345-0
130,ZOTBIV__ligand2794-0
131,ZOTBIV__ligand4983-0
132,ZOTBIV__ligand9027-0
133,ZOTBIV__ligand126-0
134,ZOTBIV__ligand2265-0
135,ZOTBIV__ligand1113-0
136,ZOTBIV__ligand6396-0
137,ZOTBIV__ligand10357-0
138,ZOTBIV__ligand5941-0
139,ZOTBIV__ligand2880-0
140,ZOTBIV__ligand15630-0
141,ZOTBIV__ligand1799-0
142,ZOTBIV__ligand3838-0
143,ZOTBIV__ligand124-0
144,ZOTBIV__ligand2838-0
145,ZOTBIV__ligand5022-0
146,ZOTBIV__ligand1169-0
147,ZOTBIV__ligand119-0
148,ZOTBIV__ligand321-0
149,ZOTBIV__ligand1-0
150,ZOTBIV__ligand279-0
151,ZOTBIV__ligand2864-0
152,ZOTBIV__ligand178-0
153,ZOTBIV__ligand9495-0
154,ZOTBIV__ligand100-0
155,ZOTBIV__ligand2772-0
156,ZOTBIV__ligand6151-0
157,ZOTBIV__ligand6538-0
158,ZOTBIV__ligand244-0
159,ZOTBIV__ligand201-0
160,ZOTBIV__ligand2142-0
161,ZOTBIV__ligand2482-0
162,ZOTBIV__ligand1325-0
163,ZOTBIV__ligand6571-0
164,ZOTBIV__ligand784-0
165,ZOTBIV__ligand355-0
166,ZOTBIV__ligand485-0
167,ZOTBIV__ligand1104-0
168,ZOTBIV__ligand7414-0
169,ZOTBIV__ligand5762-0
170,ZOTBIV__ligand2442-0
171,ZOTBIV__ligand1019-0
172,ZOTBIV__ligand6430-0
173,ZOTBIV__ligand1299-0
174,ZOTBIV__ligand1221-0
175,ZOTBIV__ligand1264-0
176,ZOTBIV__ligand115-0
177,ZOTBIV__ligand1379-0
178,ZOTBIV__ligand92-0
179,ZOTBIV__ligand17-0
180,ZOTBIV__ligand2376-0
181,ZOTBIV__ligand291-0
182,ZOTBIV__ligand2929-0
183,ZOTBIV__ligand2389-0
184,ZOTBIV__ligand11730-0
185,ZOTBIV__ligand1919-0
186,ZOTBIV__ligand2916-0
187,ZOTBIV__ligand2110-0
188,ZOTBIV__ligand3579-0
189,ZOTBIV__ligand1712-0
190,ZOTBIV__ligand682-0
191,ZOTBIV__ligand447-0
192,ZOTBIV__ligand133-0
193,ZOTBIV__ligand8032-0
194,ZOTBIV__ligand49-0
195,ZOTBIV__ligand1858-0
196,ZOTBIV__ligand2315-0
197,ZOTBIV__ligand522-0
198,ZOTBIV__ligand2480-0
199,ZOTBIV__ligand4504-0
200,ZOTBIV__ligand3051-0
201,ZOTBIV__ligand1898-0
202,ZOTBIV__ligand666-0
203,ZOTBIV__ligand89-0
204,ZOTBIV__ligand487-0
205,ZOTBIV__ligand5334-0
206,ZOTBIV__ligand236-0
207,ZOTBIV__ligand6166-0
208,ZOTBIV__ligand1246-0
209,ZOTBIV__ligand353-0
210,ZOTBIV__ligand5089-0
211,ZOTBIV__ligand2599-0
212,ZOTBIV__ligand2853-0
213,ZOTBIV__ligand3853-0
214,ZOTBIV__ligand502-0
215,ZOTBIV__ligand196-0
216,ZOTBIV__ligand11-0
217,ZOTBIV__ligand1307-0
218,ZOTBIV__ligand113-0
219,ZOTBIV__ligand422-0
220,ZOTBIV__ligand210-0
221,ZOTBIV__ligand1260-0
222,ZOTBIV__ligand4894-0
223,ZOTBIV__ligand9620-0
224,ZOTBIV__ligand4811-0
225,ZOTBIV__ligand1449-1
226,ZOTBIV__ligand7514-0
227,ZOTBIV__ligand3337-0
228,ZOTBIV__ligand481-0
229,ZOTBIV__ligand3566-0
230,ZOTBIV__ligand1178-0
231,ZOTBIV__ligand314-0
232,ZOTBIV__ligand1321-0
233,ZOTBIV__ligand170-0
234,ZOTBIV__ligand1788-0
235,ZOTBIV__ligand391-0
236,ZOTBIV__ligand4175-0
237,ZOTBIV__ligand252-0
238,ZOTBIV__ligand29-0
239,ZOTBIV__ligand91-0
240,ZOTBIV__ligand955-0
241,ZOTBIV__ligand2255-0
242,ZOTBIV__ligand1918-0
243,ZOTBIV__ligand830-0
244,ZOTBIV__ligand193-0
245,ZOTBIV__ligand51-0
246,ZOTBIV__ligand851-0
247,ZOTBIV__ligand4370-0
248,ZOTBIV__ligand909-0
249,ZOTBIV__ligand177-0
250,ZOTBIV__ligand934-0
251,ZOTBIV__ligand1436-0
252,ZOTBIV__ligand48-0
253,ZOTBIV__ligand2618-0
254,ZOTBIV__ligand3618-0
255,ZOTBIV__ligand188-0
256,ZOTBIV__ligand2707-0
257,ZOTBIV__ligand1690-0
258,ZOTBIV__ligand444-0
259,ZOTBIV__ligand369-0
260,ZOTBIV__ligand2526-0
261,ZOTBIV__ligand311-0
262,ZOTBIV__ligand1551-0
263,ZOTBIV__ligand32-0
264,ZOTBIV__ligand370-0
265,ZOTBIV__ligand4012-0
266,ZOTBIV__ligand3196-0
267,ZOTBIV__ligand250-0
268,ZOTBIV__ligand460-0
269,ZOTBIV__ligand2915-0
270,ZOTBIV__ligand294-0
271,ZOTBIV__ligand7550-0
272,ZOTBIV__ligand57-0
273,ZOTBIV__ligand993-0
274,ZOTBIV__ligand331-0
275,ZOTBIV__ligand2954-0
276,ZOTBIV__ligand5093-0
277,ZOTBIV__ligand1160-0
278,ZOTBIV__ligand798-0
279,ZOTBIV__ligand2253-0
280,ZOTBIV__ligand421-0
281,ZOTBIV__ligand1038-0
282,ZOTBIV__ligand916-0
283,ZOTBIV__ligand584-0
284,ZOTBIV__ligand2762-0
285,ZOTBIV__ligand8-0
286,ZOTBIV__ligand1907-0
287,ZOTBIV__ligand390-0
288,ZOTBIV__ligand4423-0
289,ZOTBIV__ligand932-0
290,ZOTBIV__ligand134-0
291,ZOTBIV__ligand3890-0
292,ZOTBIV__ligand235-0
293,ZOTBIV__ligand560-0
294,ZOTBIV__ligand525-0
295,ZOTBIV__ligand73-0
296,ZOTBIV__ligand109-0
297,ZOTBIV__ligand7630-0
298,ZOTBIV__ligand1555-0
299,ZOTBIV__ligand1285-0
300,ZOTBIV__ligand3852-0
301,ZOTBIV__ligand34-0
302,ZOTBIV__ligand3478-0
303,ZOTBIV__ligand5758-0
304,ZOTBIV__ligand783-0
305,ZOTBIV__ligand352-0
306,ZOTBIV__ligand868-0
307,ZOTBIV__ligand7456-0
308,ZOTBIV__ligand442-0
309,ZOTBIV__ligand1818-0
310,ZOTBIV__ligand136-0
311,ZOTBIV__ligand3251-0
312,ZOTBIV__ligand6143-0
313,ZOTBIV__ligand95-0
314,ZOTBIV__ligand5235-0
315,ZOTBIV__ligand112-0
316,ZOTBIV__ligand4619-0
317,ZOTBIV__ligand197-0
318,ZOTBIV__ligand55-0
319,ZOTBIV__ligand1493-0
320,ZOTBIV__ligand2718-0
321,ZOTBIV__ligand296-0
322,ZOTBIV__ligand3070-0
323,ZOTBIV__ligand3035-0
324,ZOTBIV__ligand9176-0
