,TMC
0,BOKGUD__ligand28789-0
1,BOKGUD__ligand5708-0
2,BOKGUD__ligand7316-0
3,BOKGUD__ligand17118-0
4,BOKGUD__ligand21371-0
5,BOKGUD__ligand78-0
6,BOKGUD__ligand6017-0
7,BOKGUD__ligand20419-0
8,BOKGUD__ligand5180-0
9,BOKGUD__ligand30851-0
10,BOKGUD__ligand240-0
11,BOKGUD__ligand14889-0
12,BOKGUD__ligand141-0
13,BOKGUD__ligand29568-0
14,BOKGUD__ligand21581-0
15,BOKGUD__ligand31097-0
16,BOKGUD__ligand9323-0
17,BOKGUD__ligand7273-0
18,BOKGUD__ligand20251-0
19,BOKGUD__ligand30702-0
20,BOKGUD__ligand20214-0
21,BOKGUD__ligand20539-0
22,BOKGUD__ligand7172-0
23,BOKGUD__ligand2124-0
24,BOKGUD__ligand45-0
25,BOKGUD__ligand8612-0
26,BOKGUD__ligand1116-0
27,BOKGUD__ligand17261-0
28,BOKGUD__ligand1153-0
29,BOKGUD__ligand3225-0
30,BOKGUD__ligand2260-0
31,BOKGUD__ligand14117-0
32,BOKGUD__ligand7092-0
33,BOKGUD__ligand14703-0
34,BOKGUD__ligand16475-0
35,BOKGUD__ligand2788-0
36,BOKGUD__ligand5649-0
37,BOKGUD__ligand8793-0
38,BOKGUD__ligand4649-0
39,BOKGUD__ligand20251-1
40,BOKGUD__ligand3244-0
41,BOKGUD__ligand768-0
42,BOKGUD__ligand4711-0
43,BOKGUD__ligand24-0
44,BOKGUD__ligand2906-0
45,BOKGUD__ligand19-0
46,BOKGUD__ligand3178-0
47,BOKGUD__ligand29414-0
48,BOKGUD__ligand17982-0
49,BOKGUD__ligand4807-0
50,BOKGUD__ligand384-0
51,BOKGUD__ligand20011-0
52,BOKGUD__ligand17278-0
53,BOKGUD__ligand10589-0
54,BOKGUD__ligand22557-0
55,BOKGUD__ligand5159-0
56,BOKGUD__ligand24047-0
57,BOKGUD__ligand11675-0
58,BOKGUD__ligand7196-0
59,BOKGUD__ligand20598-0
60,BOKGUD__ligand9753-0
61,BOKGUD__ligand17398-0
62,BOKGUD__ligand5530-0
63,BOKGUD__ligand1356-0
64,BOKGUD__ligand1787-0
65,BOKGUD__ligand1599-0
66,BOKGUD__ligand757-0
67,BOKGUD__ligand13331-0
68,BOKGUD__ligand28884-0
69,BOKGUD__ligand29879-0
70,BOKGUD__ligand14248-0
71,BOKGUD__ligand2612-0
72,BOKGUD__ligand12030-0
73,BOKGUD__ligand13294-0
74,BOKGUD__ligand31832-0
75,BOKGUD__ligand122-0
76,BOKGUD__ligand9450-0
77,BOKGUD__ligand25411-0
78,BOKGUD__ligand11456-0
79,BOKGUD__ligand10712-0
80,BOKGUD__ligand14174-0
81,BOKGUD__ligand5387-0
82,BOKGUD__ligand2203-0
83,BOKGUD__ligand1289-0
84,BOKGUD__ligand20682-0
85,BOKGUD__ligand2417-0
86,BOKGUD__ligand1114-0
87,BOKGUD__ligand9284-0
88,BOKGUD__ligand3126-0
89,BOKGUD__ligand6391-0
90,BOKGUD__ligand13390-0
91,BOKGUD__ligand9943-0
92,BOKGUD__ligand1228-0
93,BOKGUD__ligand1604-0
94,BOKGUD__ligand13208-0
95,BOKGUD__ligand8788-0
96,BOKGUD__ligand1832-0
97,BOKGUD__ligand27482-0
98,BOKGUD__ligand693-0
99,BOKGUD__ligand26810-0
100,BOKGUD__ligand2043-0
101,BOKGUD__ligand19830-0
102,BOKGUD__ligand43-0
103,BOKGUD__ligand13068-0
104,BOKGUD__ligand366-0
105,BOKGUD__ligand1211-0
106,BOKGUD__ligand10476-0
107,BOKGUD__ligand24145-0
108,BOKGUD__ligand6892-0
109,BOKGUD__ligand15585-0
110,BOKGUD__ligand12401-0
111,BOKGUD__ligand12231-0
112,BOKGUD__ligand2881-0
113,BOKGUD__ligand657-0
114,BOKGUD__ligand1499-0
115,BOKGUD__ligand3712-0
116,BOKGUD__ligand17387-0
117,BOKGUD__ligand1464-0
118,BOKGUD__ligand12130-0
119,BOKGUD__ligand13658-0
120,BOKGUD__ligand26702-0
121,BOKGUD__ligand12289-0
122,BOKGUD__ligand18292-0
123,BOKGUD__ligand187-0
124,BOKGUD__ligand17805-0
125,BOKGUD__ligand941-0
126,BOKGUD__ligand596-0
127,BOKGUD__ligand6699-0
128,BOKGUD__ligand17302-0
129,BOKGUD__ligand1294-0
130,BOKGUD__ligand25178-0
131,BOKGUD__ligand1168-0
132,BOKGUD__ligand777-0
133,BOKGUD__ligand23769-0
134,BOKGUD__ligand3677-0
135,BOKGUD__ligand3632-0
136,BOKGUD__ligand24185-0
137,BOKGUD__ligand9883-0
138,BOKGUD__ligand3677-1
139,BOKGUD__ligand126-0
140,BOKGUD__ligand10958-0
141,BOKGUD__ligand163-0
142,BOKGUD__ligand7291-0
143,BOKGUD__ligand12641-0
144,BOKGUD__ligand9299-0
145,BOKGUD__ligand14108-0
146,BOKGUD__ligand2985-0
147,BOKGUD__ligand4007-0
148,BOKGUD__ligand2693-0
149,BOKGUD__ligand5383-0
150,BOKGUD__ligand29302-0
151,BOKGUD__ligand13425-0
152,BOKGUD__ligand845-0
153,BOKGUD__ligand3945-0
154,BOKGUD__ligand19057-0
155,BOKGUD__ligand67-0
156,BOKGUD__ligand18814-0
157,BOKGUD__ligand8000-0
158,BOKGUD__ligand27763-0
159,BOKGUD__ligand3736-0
160,BOKGUD__ligand10262-0
161,BOKGUD__ligand28676-0
162,BOKGUD__ligand9344-0
163,BOKGUD__ligand16628-0
164,BOKGUD__ligand5080-0
165,BOKGUD__ligand7762-0
166,BOKGUD__ligand28468-0
167,BOKGUD__ligand20740-0
168,BOKGUD__ligand12427-0
169,BOKGUD__ligand27460-0
170,BOKGUD__ligand6117-0
171,BOKGUD__ligand1407-0
172,BOKGUD__ligand8002-0
173,BOKGUD__ligand5509-0
174,BOKGUD__ligand7293-0
175,BOKGUD__ligand2822-0
176,BOKGUD__ligand3867-0
177,BOKGUD__ligand12606-0
178,BOKGUD__ligand1317-0
179,BOKGUD__ligand30333-0
180,BOKGUD__ligand29410-0
181,BOKGUD__ligand12337-0
182,BOKGUD__ligand2238-0
183,BOKGUD__ligand26540-0
184,BOKGUD__ligand5304-0
185,BOKGUD__ligand338-0
186,BOKGUD__ligand17281-0
187,BOKGUD__ligand9167-0
188,BOKGUD__ligand30296-0
189,BOKGUD__ligand31783-0
190,BOKGUD__ligand5510-0
191,BOKGUD__ligand1376-0
192,BOKGUD__ligand201-0
193,BOKGUD__ligand9773-0
194,BOKGUD__ligand8592-0
195,BOKGUD__ligand26665-0
196,BOKGUD__ligand5099-0
197,BOKGUD__ligand13012-0
198,BOKGUD__ligand17631-0
199,BOKGUD__ligand1197-0
200,BOKGUD__ligand17258-0
201,BOKGUD__ligand2259-0
202,BOKGUD__ligand14297-0
203,BOKGUD__ligand14603-0
204,BOKGUD__ligand1296-0
205,BOKGUD__ligand30988-0
206,BOKGUD__ligand2221-0
207,BOKGUD__ligand3926-0
208,BOKGUD__ligand3120-0
209,BOKGUD__ligand23713-0
210,BOKGUD__ligand18832-0
211,BOKGUD__ligand321-0
212,BOKGUD__ligand27175-0
213,BOKGUD__ligand4358-0
214,BOKGUD__ligand19641-0
215,BOKGUD__ligand185-0
216,BOKGUD__ligand279-0
217,BOKGUD__ligand15422-0
218,BOKGUD__ligand20578-0
219,BOKGUD__ligand12934-0
220,BOKGUD__ligand27893-0
221,BOKGUD__ligand178-0
222,BOKGUD__ligand4101-0
223,BOKGUD__ligand14723-0
224,BOKGUD__ligand5595-0
225,BOKGUD__ligand30539-0
226,BOKGUD__ligand497-0
227,BOKGUD__ligand1288-0
228,BOKGUD__ligand21132-0
229,BOKGUD__ligand633-0
230,BOKGUD__ligand4167-0
231,BOKGUD__ligand11166-0
232,BOKGUD__ligand23906-0
233,BOKGUD__ligand9491-0
234,BOKGUD__ligand4266-0
235,BOKGUD__ligand1400-0
236,BOKGUD__ligand12295-0
237,BOKGUD__ligand9750-0
238,BOKGUD__ligand27835-0
239,BOKGUD__ligand6993-0
240,BOKGUD__ligand1817-0
241,BOKGUD__ligand1779-0
242,BOKGUD__ligand1149-0
243,BOKGUD__ligand3980-0
244,BOKGUD__ligand3557-0
245,BOKGUD__ligand25575-0
246,BOKGUD__ligand21787-0
247,BOKGUD__ligand7075-0
248,BOKGUD__ligand25689-0
249,BOKGUD__ligand13209-0
250,BOKGUD__ligand19257-0
251,BOKGUD__ligand692-0
252,BOKGUD__ligand3042-0
253,BOKGUD__ligand12660-0
254,BOKGUD__ligand436-0
255,BOKGUD__ligand31248-0
256,BOKGUD__ligand4063-0
257,BOKGUD__ligand25650-0
258,BOKGUD__ligand8200-0
259,BOKGUD__ligand7438-0
260,BOKGUD__ligand1150-0
261,BOKGUD__ligand326-0
262,BOKGUD__ligand1539-0
263,BOKGUD__ligand4207-0
264,BOKGUD__ligand11206-0
265,BOKGUD__ligand23124-0
266,BOKGUD__ligand3453-0
267,BOKGUD__ligand3416-0
268,BOKGUD__ligand12519-0
269,BOKGUD__ligand25735-0
270,BOKGUD__ligand1216-0
271,BOKGUD__ligand409-0
272,BOKGUD__ligand29863-0
273,BOKGUD__ligand13869-0
274,BOKGUD__ligand324-0
275,BOKGUD__ligand361-0
276,BOKGUD__ligand18074-0
277,BOKGUD__ligand1152-0
278,BOKGUD__ligand3261-0
279,BOKGUD__ligand5019-0
280,BOKGUD__ligand1849-0
281,BOKGUD__ligand11140-0
282,BOKGUD__ligand29610-0
283,BOKGUD__ligand5515-0
284,BOKGUD__ligand6663-0
285,BOKGUD__ligand28668-0
286,BOKGUD__ligand5280-0
287,BOKGUD__ligand16791-0
288,BOKGUD__ligand5614-0
289,BOKGUD__ligand1831-0
290,BOKGUD__ligand18465-0
291,BOKGUD__ligand18799-0
292,BOKGUD__ligand25805-0
293,BOKGUD__ligand22981-0
294,BOKGUD__ligand5630-0
295,BOKGUD__ligand20599-0
296,BOKGUD__ligand27074-0
297,BOKGUD__ligand199-0
298,BOKGUD__ligand1786-0
299,BOKGUD__ligand14523-0
300,BOKGUD__ligand18-0
301,BOKGUD__ligand4795-0
302,BOKGUD__ligand27169-0
303,BOKGUD__ligand3285-0
304,BOKGUD__ligand18391-0
305,BOKGUD__ligand1908-0
306,BOKGUD__ligand4710-0
307,BOKGUD__ligand12467-0
308,BOKGUD__ligand5755-0
309,BOKGUD__ligand300-0
310,BOKGUD__ligand25267-0
311,BOKGUD__ligand10084-0
312,BOKGUD__ligand3144-0
313,BOKGUD__ligand5085-0
314,BOKGUD__ligand6112-0
315,BOKGUD__ligand23904-0
316,BOKGUD__ligand8042-0
317,BOKGUD__ligand1397-0
318,BOKGUD__ligand588-0
319,BOKGUD__ligand7213-0
320,BOKGUD__ligand13257-0
321,BOKGUD__ligand21936-0
322,BOKGUD__ligand1828-0
323,BOKGUD__ligand12336-0
324,BOKGUD__ligand3180-0
325,BOKGUD__ligand13072-0
326,BOKGUD__ligand2281-0
327,BOKGUD__ligand2650-0
328,BOKGUD__ligand4340-0
329,BOKGUD__ligand2823-0
330,BOKGUD__ligand6995-0
331,BOKGUD__ligand3471-0
332,BOKGUD__ligand4161-0
333,BOKGUD__ligand12682-0
334,BOKGUD__ligand18699-0
335,BOKGUD__ligand4124-0
336,BOKGUD__ligand670-0
337,BOKGUD__ligand571-0
338,BOKGUD__ligand534-0
339,BOKGUD__ligand17590-0
340,BOKGUD__ligand5415-0
341,BOKGUD__ligand17240-0
342,BOKGUD__ligand11568-0
343,BOKGUD__ligand20579-0
344,BOKGUD__ligand17710-0
345,BOKGUD__ligand5201-0
346,BOKGUD__ligand1113-0
347,BOKGUD__ligand11774-0
348,BOKGUD__ligand14586-0
349,BOKGUD__ligand8553-0
350,BOKGUD__ligand21421-0
351,BOKGUD__ligand430-0
352,BOKGUD__ligand9944-0
353,BOKGUD__ligand19725-0
354,BOKGUD__ligand8593-0
355,BOKGUD__ligand38-0
356,BOKGUD__ligand358-0
357,BOKGUD__ligand24613-0
358,BOKGUD__ligand488-0
359,BOKGUD__ligand7566-0
360,BOKGUD__ligand2001-0
361,BOKGUD__ligand10555-0
362,BOKGUD__ligand694-0
363,BOKGUD__ligand31483-0
364,BOKGUD__ligand8529-0
365,BOKGUD__ligand15168-0
366,BOKGUD__ligand1169-0
367,BOKGUD__ligand696-0
368,BOKGUD__ligand23589-0
369,BOKGUD__ligand24064-0
370,BOKGUD__ligand4596-0
371,BOKGUD__ligand1498-0
372,BOKGUD__ligand656-0
373,BOKGUD__ligand42-0
374,BOKGUD__ligand9615-0
375,BOKGUD__ligand22755-0
376,BOKGUD__ligand10432-0
377,BOKGUD__ligand31618-0
378,BOKGUD__ligand11432-0
379,BOKGUD__ligand26277-0
380,BOKGUD__ligand29898-0
381,BOKGUD__ligand1154-0
382,BOKGUD__ligand4262-0
383,BOKGUD__ligand24750-0
384,BOKGUD__ligand1028-0
385,BOKGUD__ligand17207-0
386,BOKGUD__ligand31578-0
387,BOKGUD__ligand2692-0
388,BOKGUD__ligand1618-0
389,BOKGUD__ligand17945-0
390,BOKGUD__ligand66-0
391,BOKGUD__ligand25224-0
392,BOKGUD__ligand18013-0
393,BOKGUD__ligand8-0
394,BOKGUD__ligand416-0
395,BOKGUD__ligand18703-0
396,BOKGUD__ligand383-0
397,BOKGUD__ligand29087-0
398,BOKGUD__ligand1015-0
399,BOKGUD__ligand1050-0
400,BOKGUD__ligand162-0
401,BOKGUD__ligand2027-0
402,BOKGUD__ligand28924-0
403,BOKGUD__ligand15438-0
404,BOKGUD__ligand226-0
405,BOKGUD__ligand372-0
406,BOKGUD__ligand18067-0
407,BOKGUD__ligand19824-0
408,BOKGUD__ligand57-0
409,BOKGUD__ligand830-0
410,BOKGUD__ligand5849-0
411,BOKGUD__ligand13260-0
412,BOKGUD__ligand1771-0
413,BOKGUD__ligand10582-0
414,BOKGUD__ligand4911-0
415,BOKGUD__ligand11252-0
416,BOKGUD__ligand3392-0
417,BOKGUD__ligand193-0
418,BOKGUD__ligand31000-0
419,BOKGUD__ligand252-0
420,BOKGUD__ligand8464-0
421,BOKGUD__ligand1709-0
422,BOKGUD__ligand116-0
423,BOKGUD__ligand8349-0
424,BOKGUD__ligand11606-0
425,BOKGUD__ligand2527-0
426,BOKGUD__ligand20821-0
427,BOKGUD__ligand4-0
428,BOKGUD__ligand26673-0
429,BOKGUD__ligand11622-0
430,BOKGUD__ligand1768-0
431,BOKGUD__ligand177-0
432,BOKGUD__ligand3871-0
433,BOKGUD__ligand16870-0
434,BOKGUD__ligand1469-0
435,BOKGUD__ligand1688-0
436,BOKGUD__ligand3647-0
437,BOKGUD__ligand16603-0
438,BOKGUD__ligand5357-0
439,BOKGUD__ligand4850-0
440,BOKGUD__ligand5056-0
441,BOKGUD__ligand11814-0
442,BOKGUD__ligand25658-0
443,BOKGUD__ligand17686-0
444,BOKGUD__ligand1165-0
445,BOKGUD__ligand9525-0
446,BOKGUD__ligand31205-0
447,BOKGUD__ligand3157-0
448,BOKGUD__ligand1379-0
449,BOKGUD__ligand2722-0
450,BOKGUD__ligand15455-0
451,BOKGUD__ligand11177-0
452,BOKGUD__ligand5935-0
453,BOKGUD__ligand909-0
454,BOKGUD__ligand785-0
455,BOKGUD__ligand311-0
456,BOKGUD__ligand34-0
457,BOKGUD__ligand5094-0
458,BOKGUD__ligand16952-0
459,BOKGUD__ligand29813-0
460,BOKGUD__ligand5892-0
461,BOKGUD__ligand479-0
462,BOKGUD__ligand4131-0
463,BOKGUD__ligand370-1
464,BOKGUD__ligand1712-0
465,BOKGUD__ligand15387-0
466,BOKGUD__ligand620-0
467,BOKGUD__ligand20121-0
468,BOKGUD__ligand564-0
469,BOKGUD__ligand20220-0
470,BOKGUD__ligand11698-0
471,BOKGUD__ligand20530-0
472,BOKGUD__ligand188-0
473,BOKGUD__ligand14302-0
474,BOKGUD__ligand14347-0
475,BOKGUD__ligand13657-0
476,BOKGUD__ligand24851-0
477,BOKGUD__ligand1496-0
478,BOKGUD__ligand7557-0
479,BOKGUD__ligand10853-0
480,BOKGUD__ligand29441-0
481,BOKGUD__ligand1533-0
482,BOKGUD__ligand11479-0
483,BOKGUD__ligand27610-0
484,BOKGUD__ligand10479-0
485,BOKGUD__ligand3350-0
486,BOKGUD__ligand7573-0
487,BOKGUD__ligand2781-0
488,BOKGUD__ligand6672-0
489,BOKGUD__ligand9809-0
490,BOKGUD__ligand1327-0
491,BOKGUD__ligand19668-0
492,BOKGUD__ligand8722-0
493,BOKGUD__ligand19906-0
494,BOKGUD__ligand250-0
495,BOKGUD__ligand68-0
496,BOKGUD__ligand2208-0
497,BOKGUD__ligand3208-0
498,BOKGUD__ligand22353-0
499,BOKGUD__ligand1900-0
500,BOKGUD__ligand9197-0
501,BOKGUD__ligand370-0
502,BOKGUD__ligand55-0
503,BOKGUD__ligand3029-0
504,BOKGUD__ligand7162-0
505,BOKGUD__ligand2328-0
506,BOKGUD__ligand10151-0
507,BOKGUD__ligand1773-0
508,BOKGUD__ligand4581-0
509,BOKGUD__ligand11758-0
510,BOKGUD__ligand91-0
511,BOKGUD__ligand22357-0
512,BOKGUD__ligand2599-0
513,BOKGUD__ligand421-0
514,BOKGUD__ligand4330-0
515,BOKGUD__ligand21448-0
516,BOKGUD__ligand4194-0
517,BOKGUD__ligand11544-0
518,BOKGUD__ligand11501-0
519,BOKGUD__ligand685-0
520,BOKGUD__ligand29214-0
521,BOKGUD__ligand7532-0
522,BOKGUD__ligand294-0
523,BOKGUD__ligand17445-0
524,BOKGUD__ligand17069-0
525,BOKGUD__ligand2068-0
526,BOKGUD__ligand7925-0
527,BOKGUD__ligand14477-0
528,BOKGUD__ligand3973-0
529,BOKGUD__ligand11798-0
530,BOKGUD__ligand51-0
531,BOKGUD__ligand29334-0
532,BOKGUD__ligand12413-0
533,BOKGUD__ligand1147-0
534,BOKGUD__ligand20731-0
535,BOKGUD__ligand7107-0
536,BOKGUD__ligand18158-0
537,BOKGUD__ligand27771-0
538,BOKGUD__ligand560-0
539,BOKGUD__ligand29565-0
540,BOKGUD__ligand23682-0
541,BOKGUD__ligand3215-0
542,BOKGUD__ligand16956-0
543,BOKGUD__ligand21339-0
544,BOKGUD__ligand14226-0
545,BOKGUD__ligand20942-1
546,BOKGUD__ligand6062-0
547,BOKGUD__ligand48-0
548,BOKGUD__ligand4813-0
549,BOKGUD__ligand5813-0
550,BOKGUD__ligand4738-0
551,BOKGUD__ligand27550-0
552,BOKGUD__ligand18019-1
553,BOKGUD__ligand134-0
554,BOKGUD__ligand14007-0
555,BOKGUD__ligand235-0
556,BOKGUD__ligand6283-0
557,BOKGUD__ligand24624-0
558,BOKGUD__ligand20844-0
559,BOKGUD__ligand18413-0
560,BOKGUD__ligand868-0
561,BOKGUD__ligand5483-0
562,BOKGUD__ligand24560-0
563,BOKGUD__ligand18757-0
564,BOKGUD__ligand5316-0
565,BOKGUD__ligand2830-0
566,BOKGUD__ligand5627-0
567,BOKGUD__ligand1729-0
568,BOKGUD__ligand7529-0
569,BOKGUD__ligand13691-0
570,BOKGUD__ligand30788-0
571,BOKGUD__ligand14339-0
572,BOKGUD__ligand6946-0
573,BOKGUD__ligand1415-0
574,BOKGUD__ligand9148-0
575,BOKGUD__ligand352-0
576,BOKGUD__ligand783-0
577,BOKGUD__ligand32-0
578,BOKGUD__ligand21752-0
579,BOKGUD__ligand197-0
580,BOKGUD__ligand2403-0
581,BOKGUD__ligand25048-0
582,BOKGUD__ligand21940-0
583,BOKGUD__ligand23445-0
584,BOKGUD__ligand24953-0
585,BOKGUD__ligand6882-0
586,BOKGUD__ligand6455-0
587,BOKGUD__ligand20432-0
588,BOKGUD__ligand27122-0
589,BOKGUD__ligand16-0
590,BOKGUD__ligand13755-0
591,BOKGUD__ligand16133-0
592,BOKGUD__ligand3934-0
593,BOKGUD__ligand4332-0
594,BOKGUD__ligand9681-0
595,BOKGUD__ligand1065-0
596,BOKGUD__ligand7530-0
597,BOKGUD__ligand20557-0
598,BOKGUD__ligand30004-0
599,BOKGUD__ligand1449-0
600,BOKGUD__ligand3012-0
601,BOKGUD__ligand395-0
602,BOKGUD__ligand6067-0
603,BOKGUD__ligand1577-0
604,BOKGUD__ligand368-0
605,BOKGUD__ligand2295-0
606,BOKGUD__ligand29029-0
607,BOKGUD__ligand27285-0
608,BOKGUD__ligand23197-0
609,BOKGUD__ligand4620-0
610,BOKGUD__ligand3465-0
611,BOKGUD__ligand6102-0
612,BOKGUD__ligand6904-0
613,BOKGUD__ligand3721-0
614,BOKGUD__ligand6596-0
615,BOKGUD__ligand30142-0
616,BOKGUD__ligand784-0
617,BOKGUD__ligand7819-0
618,BOKGUD__ligand2917-0
619,BOKGUD__ligand27669-0
620,BOKGUD__ligand13477-0
621,BOKGUD__ligand14167-0
622,BOKGUD__ligand2028-0
623,BOKGUD__ligand8835-0
624,BOKGUD__ligand7126-0
625,BOKGUD__ligand19184-0
626,BOKGUD__ligand18448-0
627,BOKGUD__ligand3234-0
628,BOKGUD__ligand1142-0
629,BOKGUD__ligand12453-0
630,BOKGUD__ligand28459-0
631,BOKGUD__ligand833-0
632,BOKGUD__ligand11-0
633,BOKGUD__ligand10371-0
634,BOKGUD__ligand69-0
635,BOKGUD__ligand28685-0
636,BOKGUD__ligand4641-0
637,BOKGUD__ligand18568-0
638,BOKGUD__ligand115-0
639,BOKGUD__ligand13672-0
640,BOKGUD__ligand1615-0
641,BOKGUD__ligand5036-0
642,BOKGUD__ligand2526-0
643,BOKGUD__ligand14614-0
644,BOKGUD__ligand16663-0
645,BOKGUD__ligand9111-0
646,BOKGUD__ligand9952-0
647,BOKGUD__ligand31842-0
648,BOKGUD__ligand8721-0
649,BOKGUD__ligand31044-0
650,BOKGUD__ligand1324-0
651,BOKGUD__ligand11994-0
652,BOKGUD__ligand24035-0
653,BOKGUD__ligand152-0
654,BOKGUD__ligand1823-0
655,BOKGUD__ligand5643-0
656,BOKGUD__ligand4116-0
657,BOKGUD__ligand1018-0
658,BOKGUD__ligand7967-0
659,BOKGUD__ligand11682-0
660,BOKGUD__ligand6124-0
661,BOKGUD__ligand3707-0
662,BOKGUD__ligand30711-0
663,BOKGUD__ligand20207-0
664,BOKGUD__ligand506-0
665,BOKGUD__ligand9601-0
666,BOKGUD__ligand25913-0
667,BOKGUD__ligand8992-0
668,BOKGUD__ligand16988-0
669,BOKGUD__ligand1378-0
670,BOKGUD__ligand15883-0
671,BOKGUD__ligand11970-0
672,BOKGUD__ligand6244-0
673,BOKGUD__ligand15926-0
674,BOKGUD__ligand487-0
675,BOKGUD__ligand10828-0
676,BOKGUD__ligand19792-0
677,BOKGUD__ligand11447-0
678,BOKGUD__ligand11096-0
679,BOKGUD__ligand2915-0
680,BOKGUD__ligand28810-0
681,BOKGUD__ligand3156-0
682,BOKGUD__ligand24230-0
683,BOKGUD__ligand447-0
684,BOKGUD__ligand9933-0
685,BOKGUD__ligand1575-0
686,BOKGUD__ligand15531-0
687,BOKGUD__ligand1530-0
688,BOKGUD__ligand28743-0
689,BOKGUD__ligand13862-0
690,BOKGUD__ligand11357-0
691,BOKGUD__ligand746-0
692,BOKGUD__ligand10056-0
693,BOKGUD__ligand12365-0
694,BOKGUD__ligand1631-0
695,BOKGUD__ligand21919-0
696,BOKGUD__ligand2332-0
697,BOKGUD__ligand176-0
698,BOKGUD__ligand9441-0
699,BOKGUD__ligand28930-0
700,BOKGUD__ligand22168-0
701,BOKGUD__ligand22294-0
702,BOKGUD__ligand29486-0
703,BOKGUD__ligand3954-0
704,BOKGUD__ligand4442-0
705,BOKGUD__ligand4093-0
706,BOKGUD__ligand353-0
707,BOKGUD__ligand8699-0
708,BOKGUD__ligand1160-0
709,BOKGUD__ligand9520-0
710,BOKGUD__ligand31694-0
711,BOKGUD__ligand9784-0
712,BOKGUD__ligand17427-0
713,BOKGUD__ligand7629-0
714,BOKGUD__ligand4272-0
715,BOKGUD__ligand1451-0
716,BOKGUD__ligand1304-0
717,BOKGUD__ligand22129-0
718,BOKGUD__ligand1790-0
719,BOKGUD__ligand7280-0
720,BOKGUD__ligand24780-0
721,BOKGUD__ligand12138-0
722,BOKGUD__ligand11949-0
723,BOKGUD__ligand7238-0
724,BOKGUD__ligand393-0
725,BOKGUD__ligand4016-0
726,BOKGUD__ligand6709-0
727,BOKGUD__ligand1219-0
728,BOKGUD__ligand25561-0
729,BOKGUD__ligand7867-0
730,BOKGUD__ligand24872-0
731,BOKGUD__ligand27840-0
732,BOKGUD__ligand686-0
733,BOKGUD__ligand4546-0
734,BOKGUD__ligand4503-0
735,BOKGUD__ligand30728-0
736,BOKGUD__ligand12001-0
737,BOKGUD__ligand1-0
738,BOKGUD__ligand1982-0
739,BOKGUD__ligand7000-0
740,BOKGUD__ligand8115-0
741,BOKGUD__ligand422-0
742,BOKGUD__ligand6768-0
743,BOKGUD__ligand1285-0
744,BOKGUD__ligand10033-0
745,BOKGUD__ligand24644-0
746,BOKGUD__ligand22444-0
747,BOKGUD__ligand24111-0
748,BOKGUD__ligand2232-0
749,BOKGUD__ligand9291-0
750,BOKGUD__ligand14569-0
751,BOKGUD__ligand17-0
752,BOKGUD__ligand13385-0
753,BOKGUD__ligand2176-0
754,BOKGUD__ligand5256-0
755,BOKGUD__ligand17396-0
756,BOKGUD__ligand9833-0
757,BOKGUD__ligand196-0
758,BOKGUD__ligand15788-0
759,BOKGUD__ligand7648-0
760,BOKGUD__ligand23175-0
761,BOKGUD__ligand2828-0
762,BOKGUD__ligand8876-0
763,BOKGUD__ligand11587-0
764,BOKGUD__ligand13220-0
765,BOKGUD__ligand4157-0
766,BOKGUD__ligand8969-0
767,BOKGUD__ligand3131-0
768,BOKGUD__ligand3937-0
769,BOKGUD__ligand1202-0
770,BOKGUD__ligand3174-0
771,BOKGUD__ligand6839-0
772,BOKGUD__ligand4720-0
773,BOKGUD__ligand22403-0
774,BOKGUD__ligand16369-0
775,BOKGUD__ligand11111-0
776,BOKGUD__ligand3094-0
777,BOKGUD__ligand314-1
778,BOKGUD__ligand4155-0
779,BOKGUD__ligand28540-0
780,BOKGUD__ligand27754-0
781,BOKGUD__ligand20695-0
782,BOKGUD__ligand5211-0
783,BOKGUD__ligand3852-0
784,BOKGUD__ligand2485-0
785,BOKGUD__ligand6919-0
786,BOKGUD__ligand29215-0
787,BOKGUD__ligand10872-0
788,BOKGUD__ligand3565-0
789,BOKGUD__ligand21399-0
790,BOKGUD__ligand16148-0
791,BOKGUD__ligand26631-0
792,BOKGUD__ligand465-0
793,BOKGUD__ligand12003-0
794,BOKGUD__ligand3-0
795,BOKGUD__ligand1512-0
796,BOKGUD__ligand5331-0
797,BOKGUD__ligand26324-0
798,BOKGUD__ligand28559-0
799,BOKGUD__ligand618-0
800,BOKGUD__ligand4661-0
801,BOKGUD__ligand1844-0
802,BOKGUD__ligand14043-0
803,BOKGUD__ligand19927-0
804,BOKGUD__ligand3718-0
805,BOKGUD__ligand6616-0
806,BOKGUD__ligand3035-0
807,BOKGUD__ligand1343-0
808,BOKGUD__ligand3876-0
809,BOKGUD__ligand1573-0
810,BOKGUD__ligand1536-0
811,BOKGUD__ligand49-0
812,BOKGUD__ligand9935-0
813,BOKGUD__ligand27239-0
814,BOKGUD__ligand3504-0
815,BOKGUD__ligand21729-0
816,BOKGUD__ligand1959-0
817,BOKGUD__ligand391-0
818,BOKGUD__ligand813-0
819,BOKGUD__ligand26529-0
820,BOKGUD__ligand89-0
821,BOKGUD__ligand314-0
822,BOKGUD__ligand780-0
823,BOKGUD__ligand1263-0
824,BOKGUD__ligand9908-0
825,BOKGUD__ligand7106-0
826,BOKGUD__ligand7242-0
827,BOKGUD__ligand11618-0
