,TMC
0,LEMQIE__ligand390-0
1,LEMQIE__ligand5762-0
2,LEMQIE__ligand7414-0
3,LEMQIE__ligand1104-0
4,LEMQIE__ligand2442-0
5,LEMQIE__ligand235-0
6,LEMQIE__ligand1019-0
7,LEMQIE__ligand134-0
8,LEMQIE__ligand932-0
9,LEMQIE__ligand109-0
10,LEMQIE__ligand1325-0
11,LEMQIE__ligand2482-0
12,LEMQIE__ligand6571-0
13,LEMQIE__ligand525-0
14,LEMQIE__ligand560-0
15,LEMQIE__ligand2376-0
16,LEMQIE__ligand993-0
17,LEMQIE__ligand10357-0
18,LEMQIE__ligand294-0
19,LEMQIE__ligand15630-0
20,LEMQIE__ligand2929-0
21,LEMQIE__ligand45-0
22,LEMQIE__ligand331-0
23,LEMQIE__ligand421-0
24,LEMQIE__ligand6430-0
25,LEMQIE__ligand78-0
26,LEMQIE__ligand1299-0
27,LEMQIE__ligand798-0
28,LEMQIE__ligand1264-0
29,LEMQIE__ligand85-0
30,LEMQIE__ligand1221-0
31,LEMQIE__ligand1379-0
32,LEMQIE__ligand916-0
33,LEMQIE__ligand584-0
34,LEMQIE__ligand2110-0
35,LEMQIE__ligand2916-0
36,LEMQIE__ligand3579-0
37,LEMQIE__ligand1712-0
38,LEMQIE__ligand112-0
39,LEMQIE__ligand2389-0
40,LEMQIE__ligand296-0
41,LEMQIE__ligand197-0
42,LEMQIE__ligand1919-0
43,LEMQIE__ligand2315-0
44,LEMQIE__ligand3051-0
45,LEMQIE__ligand4504-0
46,LEMQIE__ligand2480-0
47,LEMQIE__ligand1898-0
48,LEMQIE__ligand5334-0
49,LEMQIE__ligand8-0
50,LEMQIE__ligand783-0
51,LEMQIE__ligand352-0
52,LEMQIE__ligand442-0
53,LEMQIE__ligand868-0
54,LEMQIE__ligand8032-0
55,LEMQIE__ligand136-0
56,LEMQIE__ligand1858-0
57,LEMQIE__ligand67-0
58,LEMQIE__ligand2599-0
59,LEMQIE__ligand5089-0
60,LEMQIE__ligand851-0
61,LEMQIE__ligand3853-0
62,LEMQIE__ligand2853-0
63,LEMQIE__ligand909-0
64,LEMQIE__ligand177-0
65,LEMQIE__ligand934-0
66,LEMQIE__ligand6166-0
67,LEMQIE__ligand1246-0
68,LEMQIE__ligand955-0
69,LEMQIE__ligand252-0
70,LEMQIE__ligand830-0
71,LEMQIE__ligand193-0
72,LEMQIE__ligand1307-0
73,LEMQIE__ligand1449-1
74,LEMQIE__ligand4811-0
75,LEMQIE__ligand370-0
76,LEMQIE__ligand3337-0
77,LEMQIE__ligand7514-0
78,LEMQIE__ligand250-0
79,LEMQIE__ligand1260-0
80,LEMQIE__ligand4894-0
81,LEMQIE__ligand9620-0
82,LEMQIE__ligand460-0
83,LEMQIE__ligand1788-0
84,LEMQIE__ligand188-0
85,LEMQIE__ligand369-0
86,LEMQIE__ligand444-0
87,LEMQIE__ligand3566-0
88,LEMQIE__ligand311-0
89,LEMQIE__ligand1178-0
90,LEMQIE__ligand1321-0
91,LEMQIE__ligand1918-0
92,LEMQIE__ligand10479-0
93,LEMQIE__ligand196-0
94,LEMQIE__ligand502-0
95,LEMQIE__ligand4175-0
96,LEMQIE__ligand113-0
97,LEMQIE__ligand86-0
98,LEMQIE__ligand2255-0
99,LEMQIE__ligand422-0
100,LEMQIE__ligand1436-0
101,LEMQIE__ligand236-0
102,LEMQIE__ligand10114-0
103,LEMQIE__ligand3618-0
104,LEMQIE__ligand2618-0
105,LEMQIE__ligand4370-0
106,LEMQIE__ligand62-0
107,LEMQIE__ligand353-0
108,LEMQIE__ligand314-0
109,LEMQIE__ligand2526-0
110,LEMQIE__ligand1551-0
111,LEMQIE__ligand481-0
112,LEMQIE__ligand170-0
113,LEMQIE__ligand2707-0
114,LEMQIE__ligand10910-0
115,LEMQIE__ligand391-0
116,LEMQIE__ligand1690-0
117,LEMQIE__ligand18-0
118,LEMQIE__ligand210-0
119,LEMQIE__ligand2915-0
120,LEMQIE__ligand3196-0
121,LEMQIE__ligand4012-0
122,LEMQIE__ligand14530-0
123,LEMQIE__ligand5093-0
124,LEMQIE__ligand2954-0
125,LEMQIE__ligand2253-0
126,LEMQIE__ligand1160-0
127,LEMQIE__ligand38-0
128,LEMQIE__ligand1038-0
129,LEMQIE__ligand115-0
130,LEMQIE__ligand2762-0
131,LEMQIE__ligand291-0
132,LEMQIE__ligand7550-0
133,LEMQIE__ligand40-0
134,LEMQIE__ligand7630-0
135,LEMQIE__ligand1555-0
136,LEMQIE__ligand485-0
137,LEMQIE__ligand21-0
138,LEMQIE__ligand1285-0
139,LEMQIE__ligand784-0
140,LEMQIE__ligand355-0
141,LEMQIE__ligand1907-0
142,LEMQIE__ligand4423-0
143,LEMQIE__ligand3890-0
144,LEMQIE__ligand7456-0
145,LEMQIE__ligand447-0
146,LEMQIE__ligand1818-0
147,LEMQIE__ligand133-0
148,LEMQIE__ligand3852-0
149,LEMQIE__ligand666-0
150,LEMQIE__ligand522-0
151,LEMQIE__ligand3478-0
152,LEMQIE__ligand5758-0
153,LEMQIE__ligand66-0
154,LEMQIE__ligand487-0
155,LEMQIE__ligand1493-0
156,LEMQIE__ligand2718-0
157,LEMQIE__ligand3035-0
158,LEMQIE__ligand3070-0
159,LEMQIE__ligand9176-0
160,LEMQIE__ligand3251-0
161,LEMQIE__ligand5235-0
162,LEMQIE__ligand6143-0
163,LEMQIE__ligand682-0
164,LEMQIE__ligand4619-0
165,LEMQIE__ligand73-0
166,LEMQIE__ligand2634-0
167,LEMQIE__ligand1542-0
168,LEMQIE__ligand3041-0
169,LEMQIE__ligand126-0
170,LEMQIE__ligand2751-0
171,LEMQIE__ligand596-0
172,LEMQIE__ligand7915-0
173,LEMQIE__ligand5548-0
174,LEMQIE__ligand6686-0
175,LEMQIE__ligand1747-0
176,LEMQIE__ligand1-0
177,LEMQIE__ligand3145-0
178,LEMQIE__ligand861-0
179,LEMQIE__ligand3178-0
180,LEMQIE__ligand366-0
181,LEMQIE__ligand57-0
182,LEMQIE__ligand6332-0
183,LEMQIE__ligand2098-0
184,LEMQIE__ligand187-0
185,LEMQIE__ligand6502-0
186,LEMQIE__ligand612-0
187,LEMQIE__ligand2863-0
188,LEMQIE__ligand1148-0
189,LEMQIE__ligand321-0
190,LEMQIE__ligand55-0
191,LEMQIE__ligand1479-0
192,LEMQIE__ligand178-0
193,LEMQIE__ligand279-0
194,LEMQIE__ligand201-0
195,LEMQIE__ligand244-0
196,LEMQIE__ligand100-0
197,LEMQIE__ligand95-0
198,LEMQIE__ligand3-0
199,LEMQIE__ligand3246-0
200,LEMQIE__ligand124-0
201,LEMQIE__ligand1114-0
202,LEMQIE__ligand1538-0
203,LEMQIE__ligand1228-0
204,LEMQIE__ligand34-0
205,LEMQIE__ligand9244-0
206,LEMQIE__ligand119-0
207,LEMQIE__ligand1685-0
208,LEMQIE__ligand384-0
209,LEMQIE__ligand48-0
210,LEMQIE__ligand2087-0
211,LEMQIE__ligand1048-0
212,LEMQIE__ligand3757-0
213,LEMQIE__ligand120-0
214,LEMQIE__ligand1459-0
215,LEMQIE__ligand1544-0
216,LEMQIE__ligand3063-0
217,LEMQIE__ligand1438-0
218,LEMQIE__ligand5801-0
219,LEMQIE__ligand51-0
220,LEMQIE__ligand1171-0
221,LEMQIE__ligand29-0
222,LEMQIE__ligand91-0
223,LEMQIE__ligand141-0
224,LEMQIE__ligand240-0
225,LEMQIE__ligand2629-0
226,LEMQIE__ligand4381-0
227,LEMQIE__ligand1706-0
228,LEMQIE__ligand3734-0
229,LEMQIE__ligand1376-0
230,LEMQIE__ligand2768-0
231,LEMQIE__ligand2688-0
232,LEMQIE__ligand2259-0
233,LEMQIE__ligand797-0
234,LEMQIE__ligand32-0
235,LEMQIE__ligand1951-0
236,LEMQIE__ligand1687-0
237,LEMQIE__ligand757-0
238,LEMQIE__ligand6277-0
239,LEMQIE__ligand430-0
240,LEMQIE__ligand7464-0
241,LEMQIE__ligand358-0
242,LEMQIE__ligand669-0
243,LEMQIE__ligand6294-0
244,LEMQIE__ligand1054-0
245,LEMQIE__ligand278-0
246,LEMQIE__ligand1598-0
247,LEMQIE__ligand365-0
248,LEMQIE__ligand11-0
249,LEMQIE__ligand1248-0
250,LEMQIE__ligand4303-0
251,LEMQIE__ligand571-0
252,LEMQIE__ligand118-0
253,LEMQIE__ligand8774-0
254,LEMQIE__ligand670-0
255,LEMQIE__ligand3637-0
256,LEMQIE__ligand509-0
257,LEMQIE__ligand383-0
258,LEMQIE__ligand1152-0
259,LEMQIE__ligand1727-0
260,LEMQIE__ligand226-0
261,LEMQIE__ligand162-0
262,LEMQIE__ligand1607-0
263,LEMQIE__ligand2320-0
264,LEMQIE__ligand1056-0
265,LEMQIE__ligand2862-0
266,LEMQIE__ligand2285-0
267,LEMQIE__ligand1567-0
268,LEMQIE__ligand8921-0
269,LEMQIE__ligand2510-0
270,LEMQIE__ligand2907-0
271,LEMQIE__ligand1703-0
272,LEMQIE__ligand2430-0
273,LEMQIE__ligand326-0
274,LEMQIE__ligand17-0
275,LEMQIE__ligand821-0
276,LEMQIE__ligand283-0
277,LEMQIE__ligand553-0
278,LEMQIE__ligand1052-0
279,LEMQIE__ligand206-0
280,LEMQIE__ligand142-0
281,LEMQIE__ligand1273-0
282,LEMQIE__ligand92-0
283,LEMQIE__ligand4-0
284,LEMQIE__ligand436-0
285,LEMQIE__ligand11730-0
286,LEMQIE__ligand9027-0
287,LEMQIE__ligand166-0
288,LEMQIE__ligand1113-0
289,LEMQIE__ligand2265-0
290,LEMQIE__ligand6396-0
291,LEMQIE__ligand838-0
292,LEMQIE__ligand497-0
293,LEMQIE__ligand1502-0
294,LEMQIE__ligand2345-0
295,LEMQIE__ligand2794-0
296,LEMQIE__ligand532-0
297,LEMQIE__ligand1835-0
298,LEMQIE__ligand633-0
299,LEMQIE__ligand4983-0
300,LEMQIE__ligand918-0
301,LEMQIE__ligand5022-0
302,LEMQIE__ligand1169-0
303,LEMQIE__ligand89-0
304,LEMQIE__ligand575-0
305,LEMQIE__ligand5941-0
306,LEMQIE__ligand2880-0
307,LEMQIE__ligand199-0
308,LEMQIE__ligand927-0
309,LEMQIE__ligand2838-0
310,LEMQIE__ligand3838-0
311,LEMQIE__ligand1799-0
312,LEMQIE__ligand49-0
313,LEMQIE__ligand9495-0
314,LEMQIE__ligand6151-0
315,LEMQIE__ligand140-0
316,LEMQIE__ligand105-0
317,LEMQIE__ligand2772-0
318,LEMQIE__ligand6538-0
319,LEMQIE__ligand6-0
320,LEMQIE__ligand2142-0
321,LEMQIE__ligand409-0
322,LEMQIE__ligand324-0
323,LEMQIE__ligand361-0
324,LEMQIE__ligand2864-0
