,TMC
0,YIYCEP__ligand12337-0
1,YIYCEP__ligand29410-0
2,YIYCEP__ligand26540-0
3,YIYCEP__ligand176-0
4,YIYCEP__ligand17281-0
5,YIYCEP__ligand5201-0
6,YIYCEP__ligand30296-0
7,YIYCEP__ligand447-0
8,YIYCEP__ligand12606-0
9,YIYCEP__ligand8553-0
10,YIYCEP__ligand30333-0
11,YIYCEP__ligand746-0
12,YIYCEP__ligand1113-0
13,YIYCEP__ligand27460-0
14,YIYCEP__ligand487-0
15,YIYCEP__ligand9944-0
16,YIYCEP__ligand8593-0
17,YIYCEP__ligand16628-0
18,YIYCEP__ligand2001-0
19,YIYCEP__ligand1-0
20,YIYCEP__ligand43-0
21,YIYCEP__ligand20740-0
22,YIYCEP__ligand28468-0
23,YIYCEP__ligand7566-0
24,YIYCEP__ligand12427-0
25,YIYCEP__ligand19641-0
26,YIYCEP__ligand2650-0
27,YIYCEP__ligand2281-0
28,YIYCEP__ligand15422-0
29,YIYCEP__ligand4340-0
30,YIYCEP__ligand12934-0
31,YIYCEP__ligand20578-0
32,YIYCEP__ligand27893-0
33,YIYCEP__ligand14723-0
34,YIYCEP__ligand3180-0
35,YIYCEP__ligand30988-0
36,YIYCEP__ligand6995-0
37,YIYCEP__ligand2823-0
38,YIYCEP__ligand67-0
39,YIYCEP__ligand18832-0
40,YIYCEP__ligand506-0
41,YIYCEP__ligand27175-0
42,YIYCEP__ligand23713-0
43,YIYCEP__ligand26665-0
44,YIYCEP__ligand17631-0
45,YIYCEP__ligand13012-0
46,YIYCEP__ligand17258-0
47,YIYCEP__ligand152-0
48,YIYCEP__ligand4124-0
49,YIYCEP__ligand3471-0
50,YIYCEP__ligand4161-0
51,YIYCEP__ligand14297-0
52,YIYCEP__ligand14603-0
53,YIYCEP__ligand31783-0
54,YIYCEP__ligand5415-0
55,YIYCEP__ligand25178-0
56,YIYCEP__ligand1028-0
57,YIYCEP__ligand115-0
58,YIYCEP__ligand4262-0
59,YIYCEP__ligand23769-0
60,YIYCEP__ligand24185-0
61,YIYCEP__ligand17805-0
62,YIYCEP__ligand1618-0
63,YIYCEP__ligand17302-0
64,YIYCEP__ligand2692-0
65,YIYCEP__ligand12231-0
66,YIYCEP__ligand833-0
67,YIYCEP__ligand12130-0
68,YIYCEP__ligand17387-0
69,YIYCEP__ligand12289-0
70,YIYCEP__ligand18292-0
71,YIYCEP__ligand13658-0
72,YIYCEP__ligand26702-0
73,YIYCEP__ligand19830-0
74,YIYCEP__ligand13068-0
75,YIYCEP__ligand2027-0
76,YIYCEP__ligand10476-0
77,YIYCEP__ligand24145-0
78,YIYCEP__ligand15585-0
79,YIYCEP__ligand1050-0
80,YIYCEP__ligand1015-0
81,YIYCEP__ligand12401-0
82,YIYCEP__ligand27763-0
83,YIYCEP__ligand784-0
84,YIYCEP__ligand10262-0
85,YIYCEP__ligand28676-0
86,YIYCEP__ligand1169-0
87,YIYCEP__ligand8529-0
88,YIYCEP__ligand13425-0
89,YIYCEP__ligand29302-0
90,YIYCEP__ligand3-0
91,YIYCEP__ligand18814-0
92,YIYCEP__ligand19057-0
93,YIYCEP__ligand14108-0
94,YIYCEP__ligand1498-0
95,YIYCEP__ligand4596-0
96,YIYCEP__ligand1154-0
97,YIYCEP__ligand10958-0
98,YIYCEP__ligand395-0
99,YIYCEP__ligand368-0
100,YIYCEP__ligand12641-0
101,YIYCEP__ligand9615-0
102,YIYCEP__ligand11456-0
103,YIYCEP__ligand45-0
104,YIYCEP__ligand3042-0
105,YIYCEP__ligand14174-0
106,YIYCEP__ligand10712-0
107,YIYCEP__ligand813-0
108,YIYCEP__ligand7438-0
109,YIYCEP__ligand8200-0
110,YIYCEP__ligand4063-0
111,YIYCEP__ligand314-0
112,YIYCEP__ligand25411-0
113,YIYCEP__ligand780-0
114,YIYCEP__ligand13294-0
115,YIYCEP__ligand31832-0
116,YIYCEP__ligand1539-0
117,YIYCEP__ligand1150-0
118,YIYCEP__ligand391-0
119,YIYCEP__ligand3416-0
120,YIYCEP__ligand618-0
121,YIYCEP__ligand3453-0
122,YIYCEP__ligand28884-0
123,YIYCEP__ligand13331-0
124,YIYCEP__ligand29879-0
125,YIYCEP__ligand14248-0
126,YIYCEP__ligand78-0
127,YIYCEP__ligand4207-0
128,YIYCEP__ligand12030-0
129,YIYCEP__ligand13208-0
130,YIYCEP__ligand1288-0
131,YIYCEP__ligand26810-0
132,YIYCEP__ligand27482-0
133,YIYCEP__ligand465-0
134,YIYCEP__ligand1400-0
135,YIYCEP__ligand4266-0
136,YIYCEP__ligand9491-0
137,YIYCEP__ligand19-0
138,YIYCEP__ligand4167-0
139,YIYCEP__ligand1779-0
140,YIYCEP__ligand1817-0
141,YIYCEP__ligand314-1
142,YIYCEP__ligand6993-0
143,YIYCEP__ligand9750-0
144,YIYCEP__ligand13390-0
145,YIYCEP__ligand24-0
146,YIYCEP__ligand7075-0
147,YIYCEP__ligand20682-0
148,YIYCEP__ligand3557-0
149,YIYCEP__ligand3980-0
150,YIYCEP__ligand1149-0
151,YIYCEP__ligand1786-0
152,YIYCEP__ligand196-0
153,YIYCEP__ligand5630-0
154,YIYCEP__ligand14117-0
155,YIYCEP__ligand17261-0
156,YIYCEP__ligand1908-0
157,YIYCEP__ligand31097-0
158,YIYCEP__ligand21581-0
159,YIYCEP__ligand20251-0
160,YIYCEP__ligand20214-0
161,YIYCEP__ligand30702-0
162,YIYCEP__ligand4795-0
163,YIYCEP__ligand20539-0
164,YIYCEP__ligand3285-0
165,YIYCEP__ligand3144-0
166,YIYCEP__ligand5085-0
167,YIYCEP__ligand14889-0
168,YIYCEP__ligand422-0
169,YIYCEP__ligand30851-0
170,YIYCEP__ligand4710-0
171,YIYCEP__ligand5755-0
172,YIYCEP__ligand29568-0
173,YIYCEP__ligand28789-0
174,YIYCEP__ligand1828-0
175,YIYCEP__ligand1397-0
176,YIYCEP__ligand7213-0
177,YIYCEP__ligand21371-0
178,YIYCEP__ligand8042-0
179,YIYCEP__ligand686-0
180,YIYCEP__ligand17118-0
181,YIYCEP__ligand20419-0
182,YIYCEP__ligand6112-0
183,YIYCEP__ligand5019-0
184,YIYCEP__ligand24047-0
185,YIYCEP__ligand393-0
186,YIYCEP__ligand22557-0
187,YIYCEP__ligand10589-0
188,YIYCEP__ligand3261-0
189,YIYCEP__ligand20598-0
190,YIYCEP__ligand1152-0
191,YIYCEP__ligand11675-0
192,YIYCEP__ligand17398-0
193,YIYCEP__ligand1216-0
194,YIYCEP__ligand17982-0
195,YIYCEP__ligand29414-0
196,YIYCEP__ligand17278-0
197,YIYCEP__ligand20011-0
198,YIYCEP__ligand1849-0
199,YIYCEP__ligand5614-0
200,YIYCEP__ligand5280-0
201,YIYCEP__ligand20251-1
202,YIYCEP__ligand1831-0
203,YIYCEP__ligand5515-0
204,YIYCEP__ligand6663-0
205,YIYCEP__ligand353-0
206,YIYCEP__ligand16475-0
207,YIYCEP__ligand14703-0
208,YIYCEP__ligand22755-0
209,YIYCEP__ligand31618-0
210,YIYCEP__ligand7291-0
211,YIYCEP__ligand11432-0
212,YIYCEP__ligand10432-0
213,YIYCEP__ligand3677-1
214,YIYCEP__ligand9883-0
215,YIYCEP__ligand26277-0
216,YIYCEP__ligand29898-0
217,YIYCEP__ligand2985-0
218,YIYCEP__ligand4007-0
219,YIYCEP__ligand9299-0
220,YIYCEP__ligand370-0
221,YIYCEP__ligand3945-0
222,YIYCEP__ligand23589-0
223,YIYCEP__ligand24064-0
224,YIYCEP__ligand2693-0
225,YIYCEP__ligand5383-0
226,YIYCEP__ligand15168-0
227,YIYCEP__ligand9344-0
228,YIYCEP__ligand3736-0
229,YIYCEP__ligand8000-0
230,YIYCEP__ligand250-0
231,YIYCEP__ligand6892-0
232,YIYCEP__ligand28924-0
233,YIYCEP__ligand1211-0
234,YIYCEP__ligand15438-0
235,YIYCEP__ligand18703-0
236,YIYCEP__ligand38-0
237,YIYCEP__ligand188-0
238,YIYCEP__ligand3712-0
239,YIYCEP__ligand1464-0
240,YIYCEP__ligand1499-0
241,YIYCEP__ligand29087-0
242,YIYCEP__ligand2881-0
243,YIYCEP__ligand31578-0
244,YIYCEP__ligand370-1
245,YIYCEP__ligand17207-0
246,YIYCEP__ligand6699-0
247,YIYCEP__ligand620-0
248,YIYCEP__ligand17945-0
249,YIYCEP__ligand18013-0
250,YIYCEP__ligand25224-0
251,YIYCEP__ligand564-0
252,YIYCEP__ligand785-0
253,YIYCEP__ligand311-0
254,YIYCEP__ligand3632-0
255,YIYCEP__ligand479-0
256,YIYCEP__ligand3677-0
257,YIYCEP__ligand1168-0
258,YIYCEP__ligand24750-0
259,YIYCEP__ligand1294-0
260,YIYCEP__ligand9773-0
261,YIYCEP__ligand5510-0
262,YIYCEP__ligand42-0
263,YIYCEP__ligand17590-0
264,YIYCEP__ligand1376-0
265,YIYCEP__ligand909-0
266,YIYCEP__ligand17240-0
267,YIYCEP__ligand12682-0
268,YIYCEP__ligand1296-0
269,YIYCEP__ligand18699-0
270,YIYCEP__ligand2259-0
271,YIYCEP__ligand1197-0
272,YIYCEP__ligand5099-0
273,YIYCEP__ligand8592-0
274,YIYCEP__ligand4358-0
275,YIYCEP__ligand3120-0
276,YIYCEP__ligand3926-0
277,YIYCEP__ligand2221-0
278,YIYCEP__ligand12336-0
279,YIYCEP__ligand4101-0
280,YIYCEP__ligand5595-0
281,YIYCEP__ligand177-0
282,YIYCEP__ligand13072-0
283,YIYCEP__ligand10555-0
284,YIYCEP__ligand7762-0
285,YIYCEP__ligand5080-0
286,YIYCEP__ligand31483-0
287,YIYCEP__ligand19725-0
288,YIYCEP__ligand5509-0
289,YIYCEP__ligand8002-0
290,YIYCEP__ligand252-0
291,YIYCEP__ligand6117-0
292,YIYCEP__ligand1407-0
293,YIYCEP__ligand24613-0
294,YIYCEP__ligand116-0
295,YIYCEP__ligand11774-0
296,YIYCEP__ligand14586-0
297,YIYCEP__ligand2822-0
298,YIYCEP__ligand7293-0
299,YIYCEP__ligand66-0
300,YIYCEP__ligand1317-0
301,YIYCEP__ligand3867-0
302,YIYCEP__ligand193-0
303,YIYCEP__ligand21421-0
304,YIYCEP__ligand372-0
305,YIYCEP__ligand9167-0
306,YIYCEP__ligand11568-0
307,YIYCEP__ligand5304-0
308,YIYCEP__ligand17710-0
309,YIYCEP__ligand20579-0
310,YIYCEP__ligand830-0
311,YIYCEP__ligand2238-0
312,YIYCEP__ligand8793-0
313,YIYCEP__ligand5649-0
314,YIYCEP__ligand2788-0
315,YIYCEP__ligand18465-0
316,YIYCEP__ligand4649-0
317,YIYCEP__ligand18799-0
318,YIYCEP__ligand2906-0
319,YIYCEP__ligand28668-0
320,YIYCEP__ligand4711-0
321,YIYCEP__ligand3244-0
322,YIYCEP__ligand16791-0
323,YIYCEP__ligand11140-0
324,YIYCEP__ligand4807-0
325,YIYCEP__ligand3178-0
326,YIYCEP__ligand29610-0
327,YIYCEP__ligand29863-0
328,YIYCEP__ligand5530-0
329,YIYCEP__ligand1787-0
330,YIYCEP__ligand1356-0
331,YIYCEP__ligand9753-0
332,YIYCEP__ligand18074-0
333,YIYCEP__ligand197-0
334,YIYCEP__ligand13869-0
335,YIYCEP__ligand7196-0
336,YIYCEP__ligand5159-0
337,YIYCEP__ligand6017-0
338,YIYCEP__ligand352-0
339,YIYCEP__ligand783-0
340,YIYCEP__ligand23904-0
341,YIYCEP__ligand13257-0
342,YIYCEP__ligand7316-0
343,YIYCEP__ligand5708-0
344,YIYCEP__ligand21936-0
345,YIYCEP__ligand12467-0
346,YIYCEP__ligand25267-0
347,YIYCEP__ligand5180-0
348,YIYCEP__ligand4-0
349,YIYCEP__ligand10084-0
350,YIYCEP__ligand27169-0
351,YIYCEP__ligand14523-0
352,YIYCEP__ligand7172-0
353,YIYCEP__ligand18391-0
354,YIYCEP__ligand7273-0
355,YIYCEP__ligand9323-0
356,YIYCEP__ligand25805-0
357,YIYCEP__ligand22981-0
358,YIYCEP__ligand1153-0
359,YIYCEP__ligand3225-0
360,YIYCEP__ligand868-0
361,YIYCEP__ligand20599-0
362,YIYCEP__ligand1116-0
363,YIYCEP__ligand7092-0
364,YIYCEP__ligand2260-0
365,YIYCEP__ligand8612-0
366,YIYCEP__ligand27074-0
367,YIYCEP__ligand2124-0
368,YIYCEP__ligand134-0
369,YIYCEP__ligand2417-0
370,YIYCEP__ligand21787-0
371,YIYCEP__ligand235-0
372,YIYCEP__ligand25575-0
373,YIYCEP__ligand25689-0
374,YIYCEP__ligand6391-0
375,YIYCEP__ligand12295-0
376,YIYCEP__ligand3126-0
377,YIYCEP__ligand9284-0
378,YIYCEP__ligand27835-0
379,YIYCEP__ligand1114-0
380,YIYCEP__ligand21132-0
381,YIYCEP__ligand11166-0
382,YIYCEP__ligand1604-0
383,YIYCEP__ligand1228-0
384,YIYCEP__ligand9943-0
385,YIYCEP__ligand23906-0
386,YIYCEP__ligand2043-0
387,YIYCEP__ligand560-0
388,YIYCEP__ligand8788-0
389,YIYCEP__ligand30539-0
390,YIYCEP__ligand1832-0
391,YIYCEP__ligand2612-0
392,YIYCEP__ligand11206-0
393,YIYCEP__ligand23124-0
394,YIYCEP__ligand12519-0
395,YIYCEP__ligand1599-0
396,YIYCEP__ligand25735-0
397,YIYCEP__ligand9450-0
398,YIYCEP__ligand294-0
399,YIYCEP__ligand18-0
400,YIYCEP__ligand685-0
401,YIYCEP__ligand31248-0
402,YIYCEP__ligand25650-0
403,YIYCEP__ligand19257-0
404,YIYCEP__ligand13209-0
405,YIYCEP__ligand1289-0
406,YIYCEP__ligand2203-0
407,YIYCEP__ligand5387-0
408,YIYCEP__ligand421-0
409,YIYCEP__ligand12660-0
410,YIYCEP__ligand4503-0
411,YIYCEP__ligand51-0
412,YIYCEP__ligand4546-0
413,YIYCEP__ligand588-0
414,YIYCEP__ligand21752-0
415,YIYCEP__ligand30788-0
416,YIYCEP__ligand1285-0
417,YIYCEP__ligand13691-0
418,YIYCEP__ligand14339-0
419,YIYCEP__ligand8115-0
420,YIYCEP__ligand6768-0
421,YIYCEP__ligand300-0
422,YIYCEP__ligand1982-0
423,YIYCEP__ligand7000-0
424,YIYCEP__ligand2176-0
425,YIYCEP__ligand9291-0
426,YIYCEP__ligand2232-0
427,YIYCEP__ligand20844-0
428,YIYCEP__ligand18413-0
429,YIYCEP__ligand24624-0
430,YIYCEP__ligand4157-0
431,YIYCEP__ligand91-0
432,YIYCEP__ligand18757-0
433,YIYCEP__ligand9833-0
434,YIYCEP__ligand8876-0
435,YIYCEP__ligand24560-0
436,YIYCEP__ligand2828-0
437,YIYCEP__ligand7648-0
438,YIYCEP__ligand5256-0
439,YIYCEP__ligand199-0
440,YIYCEP__ligand9520-0
441,YIYCEP__ligand8699-0
442,YIYCEP__ligand1160-0
443,YIYCEP__ligand20557-0
444,YIYCEP__ligand30004-0
445,YIYCEP__ligand4093-0
446,YIYCEP__ligand4442-0
447,YIYCEP__ligand3954-0
448,YIYCEP__ligand1451-0
449,YIYCEP__ligand4272-0
450,YIYCEP__ligand48-0
451,YIYCEP__ligand7629-0
452,YIYCEP__ligand9784-0
453,YIYCEP__ligand7238-0
454,YIYCEP__ligand23445-0
455,YIYCEP__ligand24953-0
456,YIYCEP__ligand27122-0
457,YIYCEP__ligand20432-0
458,YIYCEP__ligand1790-0
459,YIYCEP__ligand1304-0
460,YIYCEP__ligand7280-0
461,YIYCEP__ligand16133-0
462,YIYCEP__ligand13755-0
463,YIYCEP__ligand409-0
464,YIYCEP__ligand7867-0
465,YIYCEP__ligand324-0
466,YIYCEP__ligand6709-0
467,YIYCEP__ligand1219-0
468,YIYCEP__ligand361-0
469,YIYCEP__ligand25048-0
470,YIYCEP__ligand4016-0
471,YIYCEP__ligand21940-0
472,YIYCEP__ligand32-0
473,YIYCEP__ligand3035-0
474,YIYCEP__ligand3876-0
475,YIYCEP__ligand1343-0
476,YIYCEP__ligand6616-0
477,YIYCEP__ligand11798-0
478,YIYCEP__ligand3718-0
479,YIYCEP__ligand4661-0
480,YIYCEP__ligand1844-0
481,YIYCEP__ligand12413-0
482,YIYCEP__ligand29334-0
483,YIYCEP__ligand20731-0
484,YIYCEP__ligand1959-0
485,YIYCEP__ligand17445-0
486,YIYCEP__ligand3504-0
487,YIYCEP__ligand326-0
488,YIYCEP__ligand9935-0
489,YIYCEP__ligand17069-0
490,YIYCEP__ligand1536-0
491,YIYCEP__ligand1573-0
492,YIYCEP__ligand14477-0
493,YIYCEP__ligand11544-0
494,YIYCEP__ligand11501-0
495,YIYCEP__ligand9908-0
496,YIYCEP__ligand1263-0
497,YIYCEP__ligand436-0
498,YIYCEP__ligand29214-0
499,YIYCEP__ligand22357-0
500,YIYCEP__ligand11758-0
501,YIYCEP__ligand7242-0
502,YIYCEP__ligand692-0
503,YIYCEP__ligand8-0
504,YIYCEP__ligand21448-0
505,YIYCEP__ligand7106-0
506,YIYCEP__ligand18019-1
507,YIYCEP__ligand14007-0
508,YIYCEP__ligand4720-0
509,YIYCEP__ligand6839-0
510,YIYCEP__ligand8969-0
511,YIYCEP__ligand1202-0
512,YIYCEP__ligand3937-0
513,YIYCEP__ligand3174-0
514,YIYCEP__ligand3131-0
515,YIYCEP__ligand5211-0
516,YIYCEP__ligand4155-0
517,YIYCEP__ligand3094-0
518,YIYCEP__ligand27550-0
519,YIYCEP__ligand633-0
520,YIYCEP__ligand6919-0
521,YIYCEP__ligand16-0
522,YIYCEP__ligand3852-0
523,YIYCEP__ligand20942-1
524,YIYCEP__ligand16956-0
525,YIYCEP__ligand14226-0
526,YIYCEP__ligand21339-0
527,YIYCEP__ligand2485-0
528,YIYCEP__ligand18158-0
529,YIYCEP__ligand1512-0
530,YIYCEP__ligand5331-0
531,YIYCEP__ligand27771-0
532,YIYCEP__ligand3565-0
533,YIYCEP__ligand29565-0
534,YIYCEP__ligand23682-0
535,YIYCEP__ligand497-0
536,YIYCEP__ligand29441-0
537,YIYCEP__ligand10853-0
538,YIYCEP__ligand162-0
539,YIYCEP__ligand7126-0
540,YIYCEP__ligand10479-0
541,YIYCEP__ligand27610-0
542,YIYCEP__ligand226-0
543,YIYCEP__ligand11479-0
544,YIYCEP__ligand8835-0
545,YIYCEP__ligand2028-0
546,YIYCEP__ligand416-0
547,YIYCEP__ligand20530-0
548,YIYCEP__ligand11698-0
549,YIYCEP__ligand14302-0
550,YIYCEP__ligand13657-0
551,YIYCEP__ligand14347-0
552,YIYCEP__ligand383-0
553,YIYCEP__ligand24851-0
554,YIYCEP__ligand3234-0
555,YIYCEP__ligand1142-0
556,YIYCEP__ligand15387-0
557,YIYCEP__ligand20121-0
558,YIYCEP__ligand20220-0
559,YIYCEP__ligand57-0
560,YIYCEP__ligand29813-0
561,YIYCEP__ligand16952-0
562,YIYCEP__ligand4641-0
563,YIYCEP__ligand6067-0
564,YIYCEP__ligand1577-0
565,YIYCEP__ligand2295-0
566,YIYCEP__ligand10151-0
567,YIYCEP__ligand4620-0
568,YIYCEP__ligand656-0
569,YIYCEP__ligand696-0
570,YIYCEP__ligand6596-0
571,YIYCEP__ligand6904-0
572,YIYCEP__ligand3721-0
573,YIYCEP__ligand6102-0
574,YIYCEP__ligand22353-0
575,YIYCEP__ligand3465-0
576,YIYCEP__ligand19668-0
577,YIYCEP__ligand2917-0
578,YIYCEP__ligand7819-0
579,YIYCEP__ligand19906-0
580,YIYCEP__ligand6244-0
581,YIYCEP__ligand20821-0
582,YIYCEP__ligand694-0
583,YIYCEP__ligand1378-0
584,YIYCEP__ligand26673-0
585,YIYCEP__ligand430-0
586,YIYCEP__ligand31000-0
587,YIYCEP__ligand2915-0
588,YIYCEP__ligand358-0
589,YIYCEP__ligand3156-0
590,YIYCEP__ligand11606-0
591,YIYCEP__ligand488-0
592,YIYCEP__ligand10582-0
593,YIYCEP__ligand1631-0
594,YIYCEP__ligand13260-0
595,YIYCEP__ligand1530-0
596,YIYCEP__ligand1575-0
597,YIYCEP__ligand11252-0
598,YIYCEP__ligand9933-0
599,YIYCEP__ligand19824-0
600,YIYCEP__ligand18067-0
601,YIYCEP__ligand34-0
602,YIYCEP__ligand9441-0
603,YIYCEP__ligand2332-0
604,YIYCEP__ligand9111-0
605,YIYCEP__ligand9952-0
606,YIYCEP__ligand15455-0
607,YIYCEP__ligand1615-0
608,YIYCEP__ligand11177-0
609,YIYCEP__ligand5036-0
610,YIYCEP__ligand2526-0
611,YIYCEP__ligand1823-0
612,YIYCEP__ligand17686-0
613,YIYCEP__ligand25658-0
614,YIYCEP__ligand5643-0
615,YIYCEP__ligand31205-0
616,YIYCEP__ligand670-0
617,YIYCEP__ligand55-0
618,YIYCEP__ligand1324-0
619,YIYCEP__ligand8721-0
620,YIYCEP__ligand571-0
621,YIYCEP__ligand534-0
622,YIYCEP__ligand68-0
623,YIYCEP__ligand16603-0
624,YIYCEP__ligand7967-0
625,YIYCEP__ligand3707-0
626,YIYCEP__ligand6124-0
627,YIYCEP__ligand1018-0
628,YIYCEP__ligand11814-0
629,YIYCEP__ligand4116-0
630,YIYCEP__ligand11622-0
631,YIYCEP__ligand8992-0
632,YIYCEP__ligand16870-0
633,YIYCEP__ligand9601-0
634,YIYCEP__ligand21399-0
635,YIYCEP__ligand10872-0
636,YIYCEP__ligand693-0
637,YIYCEP__ligand26631-0
638,YIYCEP__ligand16148-0
639,YIYCEP__ligand7107-0
640,YIYCEP__ligand12003-0
641,YIYCEP__ligand29215-0
642,YIYCEP__ligand3215-0
643,YIYCEP__ligand16369-0
644,YIYCEP__ligand4738-0
645,YIYCEP__ligand28540-0
646,YIYCEP__ligand4813-0
647,YIYCEP__ligand11111-0
648,YIYCEP__ligand5813-0
649,YIYCEP__ligand20695-0
650,YIYCEP__ligand27754-0
651,YIYCEP__ligand6062-0
652,YIYCEP__ligand6283-0
653,YIYCEP__ligand22403-0
654,YIYCEP__ligand4330-0
655,YIYCEP__ligand2599-0
656,YIYCEP__ligand11618-0
657,YIYCEP__ligand26529-0
658,YIYCEP__ligand7532-0
659,YIYCEP__ligand4194-0
660,YIYCEP__ligand17-0
661,YIYCEP__ligand7925-0
662,YIYCEP__ligand2068-0
663,YIYCEP__ligand21729-0
664,YIYCEP__ligand27239-0
665,YIYCEP__ligand122-0
666,YIYCEP__ligand757-0
667,YIYCEP__ligand28559-0
668,YIYCEP__ligand26324-0
669,YIYCEP__ligand14043-0
670,YIYCEP__ligand1147-0
671,YIYCEP__ligand19927-0
672,YIYCEP__ligand3973-0
673,YIYCEP__ligand2403-0
674,YIYCEP__ligand25561-0
675,YIYCEP__ligand22129-0
676,YIYCEP__ligand3934-0
677,YIYCEP__ligand12138-0
678,YIYCEP__ligand24780-0
679,YIYCEP__ligand6455-0
680,YIYCEP__ligand6882-0
681,YIYCEP__ligand384-0
682,YIYCEP__ligand11949-0
683,YIYCEP__ligand9681-0
684,YIYCEP__ligand17427-0
685,YIYCEP__ligand768-0
686,YIYCEP__ligand4332-0
687,YIYCEP__ligand3012-0
688,YIYCEP__ligand29486-0
689,YIYCEP__ligand1449-0
690,YIYCEP__ligand1065-0
691,YIYCEP__ligand7530-0
692,YIYCEP__ligand31694-0
693,YIYCEP__ligand17396-0
694,YIYCEP__ligand5316-0
695,YIYCEP__ligand23175-0
696,YIYCEP__ligand15788-0
697,YIYCEP__ligand5483-0
698,YIYCEP__ligand13220-0
699,YIYCEP__ligand11587-0
700,YIYCEP__ligand24111-0
701,YIYCEP__ligand22444-0
702,YIYCEP__ligand1729-0
703,YIYCEP__ligand89-0
704,YIYCEP__ligand5627-0
705,YIYCEP__ligand14569-0
706,YIYCEP__ligand2830-0
707,YIYCEP__ligand13385-0
708,YIYCEP__ligand12001-0
709,YIYCEP__ligand1415-0
710,YIYCEP__ligand6946-0
711,YIYCEP__ligand240-0
712,YIYCEP__ligand49-0
713,YIYCEP__ligand10033-0
714,YIYCEP__ligand141-0
715,YIYCEP__ligand7529-0
716,YIYCEP__ligand24644-0
717,YIYCEP__ligand24872-0
718,YIYCEP__ligand27840-0
719,YIYCEP__ligand9148-0
720,YIYCEP__ligand30728-0
721,YIYCEP__ligand1469-0
722,YIYCEP__ligand185-0
723,YIYCEP__ligand279-0
724,YIYCEP__ligand3871-0
725,YIYCEP__ligand16988-0
726,YIYCEP__ligand1768-0
727,YIYCEP__ligand25913-0
728,YIYCEP__ligand178-0
729,YIYCEP__ligand4850-0
730,YIYCEP__ligand5056-0
731,YIYCEP__ligand3647-0
732,YIYCEP__ligand5357-0
733,YIYCEP__ligand11682-0
734,YIYCEP__ligand20207-0
735,YIYCEP__ligand30711-0
736,YIYCEP__ligand321-0
737,YIYCEP__ligand1688-0
738,YIYCEP__ligand31842-0
739,YIYCEP__ligand31044-0
740,YIYCEP__ligand11994-0
741,YIYCEP__ligand3157-0
742,YIYCEP__ligand9525-0
743,YIYCEP__ligand24035-0
744,YIYCEP__ligand1165-0
745,YIYCEP__ligand14614-0
746,YIYCEP__ligand5935-0
747,YIYCEP__ligand16663-0
748,YIYCEP__ligand2722-0
749,YIYCEP__ligand1379-0
750,YIYCEP__ligand201-0
751,YIYCEP__ligand21919-0
752,YIYCEP__ligand5849-0
753,YIYCEP__ligand338-0
754,YIYCEP__ligand28930-0
755,YIYCEP__ligand22168-0
756,YIYCEP__ligand22294-0
757,YIYCEP__ligand69-0
758,YIYCEP__ligand13862-0
759,YIYCEP__ligand11357-0
760,YIYCEP__ligand15531-0
761,YIYCEP__ligand3392-0
762,YIYCEP__ligand28743-0
763,YIYCEP__ligand4911-0
764,YIYCEP__ligand10056-0
765,YIYCEP__ligand1771-0
766,YIYCEP__ligand12365-0
767,YIYCEP__ligand15926-0
768,YIYCEP__ligand8349-0
769,YIYCEP__ligand8464-0
770,YIYCEP__ligand19792-0
771,YIYCEP__ligand10828-0
772,YIYCEP__ligand1709-0
773,YIYCEP__ligand11-0
774,YIYCEP__ligand28810-0
775,YIYCEP__ligand11096-0
776,YIYCEP__ligand11447-0
777,YIYCEP__ligand24230-0
778,YIYCEP__ligand15883-0
779,YIYCEP__ligand11970-0
780,YIYCEP__ligand2527-0
781,YIYCEP__ligand8722-0
782,YIYCEP__ligand30142-0
783,YIYCEP__ligand1327-0
784,YIYCEP__ligand9809-0
785,YIYCEP__ligand27669-0
786,YIYCEP__ligand6672-0
787,YIYCEP__ligand3350-0
788,YIYCEP__ligand2781-0
789,YIYCEP__ligand14167-0
790,YIYCEP__ligand13477-0
791,YIYCEP__ligand7573-0
792,YIYCEP__ligand2208-0
793,YIYCEP__ligand3208-0
794,YIYCEP__ligand845-0
795,YIYCEP__ligand9197-0
796,YIYCEP__ligand23197-0
797,YIYCEP__ligand1900-0
798,YIYCEP__ligand4581-0
799,YIYCEP__ligand1773-0
800,YIYCEP__ligand126-0
801,YIYCEP__ligand163-0
802,YIYCEP__ligand2328-0
803,YIYCEP__ligand7162-0
804,YIYCEP__ligand3029-0
805,YIYCEP__ligand27285-0
806,YIYCEP__ligand29029-0
807,YIYCEP__ligand28685-0
808,YIYCEP__ligand18568-0
809,YIYCEP__ligand777-0
810,YIYCEP__ligand5892-0
811,YIYCEP__ligand13672-0
812,YIYCEP__ligand5094-0
813,YIYCEP__ligand10371-0
814,YIYCEP__ligand941-0
815,YIYCEP__ligand596-0
816,YIYCEP__ligand1712-0
817,YIYCEP__ligand4131-0
818,YIYCEP__ligand18448-0
819,YIYCEP__ligand1496-0
820,YIYCEP__ligand12453-0
821,YIYCEP__ligand7557-0
822,YIYCEP__ligand28459-0
823,YIYCEP__ligand657-0
824,YIYCEP__ligand187-0
825,YIYCEP__ligand366-0
826,YIYCEP__ligand1533-0
827,YIYCEP__ligand19184-0
