,TMC
0,HEHGIK__ligand140-0
1,HEHGIK__ligand105-0
2,HEHGIK__ligand10910-0
3,HEHGIK__ligand3734-0
4,HEHGIK__ligand1706-0
5,HEHGIK__ligand4381-0
6,HEHGIK__ligand324-0
7,HEHGIK__ligand361-0
8,HEHGIK__ligand2629-0
9,HEHGIK__ligand409-0
10,HEHGIK__ligand6277-0
11,HEHGIK__ligand575-0
12,HEHGIK__ligand1687-0
13,HEHGIK__ligand1-0
14,HEHGIK__ligand1951-0
15,HEHGIK__ligand14530-0
16,HEHGIK__ligand2259-0
17,HEHGIK__ligand2688-0
18,HEHGIK__ligand199-0
19,HEHGIK__ligand1376-0
20,HEHGIK__ligand2768-0
21,HEHGIK__ligand32-0
22,HEHGIK__ligand927-0
23,HEHGIK__ligand1544-0
24,HEHGIK__ligand838-0
25,HEHGIK__ligand166-0
26,HEHGIK__ligand1459-0
27,HEHGIK__ligand3757-0
28,HEHGIK__ligand532-0
29,HEHGIK__ligand2087-0
30,HEHGIK__ligand918-0
31,HEHGIK__ligand48-0
32,HEHGIK__ligand633-0
33,HEHGIK__ligand1048-0
34,HEHGIK__ligand497-0
35,HEHGIK__ligand10479-0
36,HEHGIK__ligand1685-0
37,HEHGIK__ligand3-0
38,HEHGIK__ligand29-0
39,HEHGIK__ligand283-0
40,HEHGIK__ligand553-0
41,HEHGIK__ligand91-0
42,HEHGIK__ligand326-0
43,HEHGIK__ligand1171-0
44,HEHGIK__ligand821-0
45,HEHGIK__ligand5801-0
46,HEHGIK__ligand436-0
47,HEHGIK__ligand3063-0
48,HEHGIK__ligand10114-0
49,HEHGIK__ligand1438-0
50,HEHGIK__ligand206-0
51,HEHGIK__ligand51-0
52,HEHGIK__ligand142-0
53,HEHGIK__ligand3246-0
54,HEHGIK__ligand95-0
55,HEHGIK__ligand55-0
56,HEHGIK__ligand1479-0
57,HEHGIK__ligand1148-0
58,HEHGIK__ligand226-0
59,HEHGIK__ligand162-0
60,HEHGIK__ligand34-0
61,HEHGIK__ligand9244-0
62,HEHGIK__ligand383-0
63,HEHGIK__ligand1228-0
64,HEHGIK__ligand1538-0
65,HEHGIK__ligand1114-0
66,HEHGIK__ligand571-0
67,HEHGIK__ligand2751-0
68,HEHGIK__ligand670-0
69,HEHGIK__ligand118-0
70,HEHGIK__ligand73-0
71,HEHGIK__ligand509-0
72,HEHGIK__ligand3041-0
73,HEHGIK__ligand2634-0
74,HEHGIK__ligand1542-0
75,HEHGIK__ligand2863-0
76,HEHGIK__ligand2098-0
77,HEHGIK__ligand57-0
78,HEHGIK__ligand669-0
79,HEHGIK__ligand6502-0
80,HEHGIK__ligand6332-0
81,HEHGIK__ligand358-0
82,HEHGIK__ligand3178-0
83,HEHGIK__ligand430-0
84,HEHGIK__ligand365-0
85,HEHGIK__ligand3145-0
86,HEHGIK__ligand1747-0
87,HEHGIK__ligand6686-0
88,HEHGIK__ligand7915-0
89,HEHGIK__ligand278-0
90,HEHGIK__ligand5548-0
91,HEHGIK__ligand797-0
92,HEHGIK__ligand2838-0
93,HEHGIK__ligand3838-0
94,HEHGIK__ligand1799-0
95,HEHGIK__ligand2880-0
96,HEHGIK__ligand5941-0
97,HEHGIK__ligand49-0
98,HEHGIK__ligand89-0
99,HEHGIK__ligand5022-0
100,HEHGIK__ligand1169-0
101,HEHGIK__ligand757-0
102,HEHGIK__ligand2864-0
103,HEHGIK__ligand2142-0
104,HEHGIK__ligand6538-0
105,HEHGIK__ligand9495-0
106,HEHGIK__ligand6151-0
107,HEHGIK__ligand2772-0
108,HEHGIK__ligand1273-0
109,HEHGIK__ligand92-0
110,HEHGIK__ligand141-0
111,HEHGIK__ligand17-0
112,HEHGIK__ligand1052-0
113,HEHGIK__ligand240-0
114,HEHGIK__ligand4983-0
115,HEHGIK__ligand2794-0
116,HEHGIK__ligand2345-0
117,HEHGIK__ligand1835-0
118,HEHGIK__ligand120-0
119,HEHGIK__ligand384-0
120,HEHGIK__ligand1502-0
121,HEHGIK__ligand6396-0
122,HEHGIK__ligand15630-0
123,HEHGIK__ligand1113-0
124,HEHGIK__ligand2265-0
125,HEHGIK__ligand10357-0
126,HEHGIK__ligand9027-0
127,HEHGIK__ligand1607-0
128,HEHGIK__ligand124-0
129,HEHGIK__ligand1727-0
130,HEHGIK__ligand119-0
131,HEHGIK__ligand1152-0
132,HEHGIK__ligand4-0
133,HEHGIK__ligand1703-0
134,HEHGIK__ligand178-0
135,HEHGIK__ligand2430-0
136,HEHGIK__ligand279-0
137,HEHGIK__ligand321-0
138,HEHGIK__ligand2907-0
139,HEHGIK__ligand2510-0
140,HEHGIK__ligand2285-0
141,HEHGIK__ligand1567-0
142,HEHGIK__ligand8921-0
143,HEHGIK__ligand201-0
144,HEHGIK__ligand244-0
145,HEHGIK__ligand2862-0
146,HEHGIK__ligand100-0
147,HEHGIK__ligand2320-0
148,HEHGIK__ligand1056-0
149,HEHGIK__ligand1248-0
150,HEHGIK__ligand4303-0
151,HEHGIK__ligand1598-0
152,HEHGIK__ligand11-0
153,HEHGIK__ligand1054-0
154,HEHGIK__ligand596-0
155,HEHGIK__ligand6294-0
156,HEHGIK__ligand187-0
157,HEHGIK__ligand612-0
158,HEHGIK__ligand7464-0
159,HEHGIK__ligand861-0
160,HEHGIK__ligand366-0
161,HEHGIK__ligand6-0
162,HEHGIK__ligand3637-0
163,HEHGIK__ligand8774-0
164,HEHGIK__ligand126-0
165,HEHGIK__ligand4894-0
166,HEHGIK__ligand1260-0
167,HEHGIK__ligand9620-0
168,HEHGIK__ligand3337-0
169,HEHGIK__ligand7514-0
170,HEHGIK__ligand682-0
171,HEHGIK__ligand1449-1
172,HEHGIK__ligand4811-0
173,HEHGIK__ligand1321-0
174,HEHGIK__ligand133-0
175,HEHGIK__ligand3566-0
176,HEHGIK__ligand1178-0
177,HEHGIK__ligand447-0
178,HEHGIK__ligand487-0
179,HEHGIK__ligand666-0
180,HEHGIK__ligand1788-0
181,HEHGIK__ligand522-0
182,HEHGIK__ligand485-0
183,HEHGIK__ligand1246-0
184,HEHGIK__ligand355-0
185,HEHGIK__ligand784-0
186,HEHGIK__ligand6166-0
187,HEHGIK__ligand67-0
188,HEHGIK__ligand3853-0
189,HEHGIK__ligand2853-0
190,HEHGIK__ligand5089-0
191,HEHGIK__ligand2599-0
192,HEHGIK__ligand1307-0
193,HEHGIK__ligand115-0
194,HEHGIK__ligand8-0
195,HEHGIK__ligand291-0
196,HEHGIK__ligand1919-0
197,HEHGIK__ligand210-0
198,HEHGIK__ligand2389-0
199,HEHGIK__ligand1712-0
200,HEHGIK__ligand3579-0
201,HEHGIK__ligand2110-0
202,HEHGIK__ligand2916-0
203,HEHGIK__ligand1858-0
204,HEHGIK__ligand8032-0
205,HEHGIK__ligand314-0
206,HEHGIK__ligand481-0
207,HEHGIK__ligand391-0
208,HEHGIK__ligand5334-0
209,HEHGIK__ligand3051-0
210,HEHGIK__ligand4504-0
211,HEHGIK__ligand2480-0
212,HEHGIK__ligand1898-0
213,HEHGIK__ligand2315-0
214,HEHGIK__ligand170-0
215,HEHGIK__ligand6571-0
216,HEHGIK__ligand236-0
217,HEHGIK__ligand1325-0
218,HEHGIK__ligand2482-0
219,HEHGIK__ligand2442-0
220,HEHGIK__ligand1019-0
221,HEHGIK__ligand7414-0
222,HEHGIK__ligand5762-0
223,HEHGIK__ligand1104-0
224,HEHGIK__ligand353-0
225,HEHGIK__ligand78-0
226,HEHGIK__ligand1379-0
227,HEHGIK__ligand196-0
228,HEHGIK__ligand502-0
229,HEHGIK__ligand85-0
230,HEHGIK__ligand1264-0
231,HEHGIK__ligand1221-0
232,HEHGIK__ligand6430-0
233,HEHGIK__ligand1299-0
234,HEHGIK__ligand422-0
235,HEHGIK__ligand11730-0
236,HEHGIK__ligand2929-0
237,HEHGIK__ligand2376-0
238,HEHGIK__ligand45-0
239,HEHGIK__ligand113-0
240,HEHGIK__ligand444-0
241,HEHGIK__ligand369-0
242,HEHGIK__ligand5758-0
243,HEHGIK__ligand66-0
244,HEHGIK__ligand3478-0
245,HEHGIK__ligand3852-0
246,HEHGIK__ligand188-0
247,HEHGIK__ligand1818-0
248,HEHGIK__ligand7456-0
249,HEHGIK__ligand311-0
250,HEHGIK__ligand4619-0
251,HEHGIK__ligand5235-0
252,HEHGIK__ligand6143-0
253,HEHGIK__ligand370-0
254,HEHGIK__ligand3251-0
255,HEHGIK__ligand460-0
256,HEHGIK__ligand9176-0
257,HEHGIK__ligand250-0
258,HEHGIK__ligand2718-0
259,HEHGIK__ligand3035-0
260,HEHGIK__ligand3070-0
261,HEHGIK__ligand1493-0
262,HEHGIK__ligand7550-0
263,HEHGIK__ligand40-0
264,HEHGIK__ligand955-0
265,HEHGIK__ligand252-0
266,HEHGIK__ligand193-0
267,HEHGIK__ligand2762-0
268,HEHGIK__ligand1038-0
269,HEHGIK__ligand38-0
270,HEHGIK__ligand2253-0
271,HEHGIK__ligand1160-0
272,HEHGIK__ligand830-0
273,HEHGIK__ligand5093-0
274,HEHGIK__ligand2954-0
275,HEHGIK__ligand909-0
276,HEHGIK__ligand3890-0
277,HEHGIK__ligand4423-0
278,HEHGIK__ligand851-0
279,HEHGIK__ligand1907-0
280,HEHGIK__ligand1285-0
281,HEHGIK__ligand1555-0
282,HEHGIK__ligand7630-0
283,HEHGIK__ligand934-0
284,HEHGIK__ligand177-0
285,HEHGIK__ligand21-0
286,HEHGIK__ligand352-0
287,HEHGIK__ligand783-0
288,HEHGIK__ligand1690-0
289,HEHGIK__ligand2707-0
290,HEHGIK__ligand18-0
291,HEHGIK__ligand136-0
292,HEHGIK__ligand1551-0
293,HEHGIK__ligand442-0
294,HEHGIK__ligand868-0
295,HEHGIK__ligand2526-0
296,HEHGIK__ligand112-0
297,HEHGIK__ligand3196-0
298,HEHGIK__ligand4012-0
299,HEHGIK__ligand2915-0
300,HEHGIK__ligand296-0
301,HEHGIK__ligand197-0
302,HEHGIK__ligand2255-0
303,HEHGIK__ligand331-0
304,HEHGIK__ligand86-0
305,HEHGIK__ligand993-0
306,HEHGIK__ligand4175-0
307,HEHGIK__ligand294-0
308,HEHGIK__ligand584-0
309,HEHGIK__ligand916-0
310,HEHGIK__ligand798-0
311,HEHGIK__ligand421-0
312,HEHGIK__ligand1918-0
313,HEHGIK__ligand235-0
314,HEHGIK__ligand62-0
315,HEHGIK__ligand134-0
316,HEHGIK__ligand932-0
317,HEHGIK__ligand390-0
318,HEHGIK__ligand4370-0
319,HEHGIK__ligand3618-0
320,HEHGIK__ligand2618-0
321,HEHGIK__ligand109-0
322,HEHGIK__ligand525-0
323,HEHGIK__ligand560-0
324,HEHGIK__ligand1436-0
