,TMC
0,HEBBAS__ligand1317-0
1,HEBBAS__ligand31783-0
2,HEBBAS__ligand3867-0
3,HEBBAS__ligand2822-0
4,HEBBAS__ligand7293-0
5,HEBBAS__ligand17258-0
6,HEBBAS__ligand5304-0
7,HEBBAS__ligand14297-0
8,HEBBAS__ligand9167-0
9,HEBBAS__ligand14603-0
10,HEBBAS__ligand4-0
11,HEBBAS__ligand26665-0
12,HEBBAS__ligand17631-0
13,HEBBAS__ligand2238-0
14,HEBBAS__ligand67-0
15,HEBBAS__ligand13012-0
16,HEBBAS__ligand18832-0
17,HEBBAS__ligand27175-0
18,HEBBAS__ligand383-0
19,HEBBAS__ligand23713-0
20,HEBBAS__ligand30988-0
21,HEBBAS__ligand7762-0
22,HEBBAS__ligand5080-0
23,HEBBAS__ligand416-0
24,HEBBAS__ligand27893-0
25,HEBBAS__ligand1407-0
26,HEBBAS__ligand6117-0
27,HEBBAS__ligand226-0
28,HEBBAS__ligand14723-0
29,HEBBAS__ligand5509-0
30,HEBBAS__ligand8002-0
31,HEBBAS__ligand19641-0
32,HEBBAS__ligand162-0
33,HEBBAS__ligand15422-0
34,HEBBAS__ligand20578-0
35,HEBBAS__ligand12934-0
36,HEBBAS__ligand28468-0
37,HEBBAS__ligand20740-0
38,HEBBAS__ligand3120-0
39,HEBBAS__ligand3926-0
40,HEBBAS__ligand4358-0
41,HEBBAS__ligand12427-0
42,HEBBAS__ligand2221-0
43,HEBBAS__ligand16628-0
44,HEBBAS__ligand5595-0
45,HEBBAS__ligand4101-0
46,HEBBAS__ligand27460-0
47,HEBBAS__ligand696-0
48,HEBBAS__ligand1376-0
49,HEBBAS__ligand30333-0
50,HEBBAS__ligand5510-0
51,HEBBAS__ligand9773-0
52,HEBBAS__ligand656-0
53,HEBBAS__ligand12606-0
54,HEBBAS__ligand2259-0
55,HEBBAS__ligand17281-0
56,HEBBAS__ligand43-0
57,HEBBAS__ligand1296-0
58,HEBBAS__ligand30296-0
59,HEBBAS__ligand5099-0
60,HEBBAS__ligand12337-0
61,HEBBAS__ligand8592-0
62,HEBBAS__ligand29410-0
63,HEBBAS__ligand1197-0
64,HEBBAS__ligand26540-0
65,HEBBAS__ligand12641-0
66,HEBBAS__ligand6699-0
67,HEBBAS__ligand10958-0
68,HEBBAS__ligand3632-0
69,HEBBAS__ligand14108-0
70,HEBBAS__ligand3677-0
71,HEBBAS__ligand1294-0
72,HEBBAS__ligand1168-0
73,HEBBAS__ligand488-0
74,HEBBAS__ligand18814-0
75,HEBBAS__ligand19057-0
76,HEBBAS__ligand6892-0
77,HEBBAS__ligand29302-0
78,HEBBAS__ligand358-0
79,HEBBAS__ligand13425-0
80,HEBBAS__ligand1211-0
81,HEBBAS__ligand430-0
82,HEBBAS__ligand1464-0
83,HEBBAS__ligand3712-0
84,HEBBAS__ligand694-0
85,HEBBAS__ligand27763-0
86,HEBBAS__ligand2881-0
87,HEBBAS__ligand1499-0
88,HEBBAS__ligand10262-0
89,HEBBAS__ligand28676-0
90,HEBBAS__ligand3945-0
91,HEBBAS__ligand24145-0
92,HEBBAS__ligand15585-0
93,HEBBAS__ligand12401-0
94,HEBBAS__ligand5383-0
95,HEBBAS__ligand2693-0
96,HEBBAS__ligand19830-0
97,HEBBAS__ligand13068-0
98,HEBBAS__ligand10476-0
99,HEBBAS__ligand9344-0
100,HEBBAS__ligand17387-0
101,HEBBAS__ligand12130-0
102,HEBBAS__ligand12289-0
103,HEBBAS__ligand18292-0
104,HEBBAS__ligand13658-0
105,HEBBAS__ligand26702-0
106,HEBBAS__ligand12231-0
107,HEBBAS__ligand8000-0
108,HEBBAS__ligand3736-0
109,HEBBAS__ligand534-0
110,HEBBAS__ligand571-0
111,HEBBAS__ligand7291-0
112,HEBBAS__ligand17302-0
113,HEBBAS__ligand670-0
114,HEBBAS__ligand17805-0
115,HEBBAS__ligand9883-0
116,HEBBAS__ligand3677-1
117,HEBBAS__ligand23769-0
118,HEBBAS__ligand24185-0
119,HEBBAS__ligand4007-0
120,HEBBAS__ligand2985-0
121,HEBBAS__ligand25178-0
122,HEBBAS__ligand9299-0
123,HEBBAS__ligand199-0
124,HEBBAS__ligand20682-0
125,HEBBAS__ligand2203-0
126,HEBBAS__ligand5387-0
127,HEBBAS__ligand19-0
128,HEBBAS__ligand13390-0
129,HEBBAS__ligand1289-0
130,HEBBAS__ligand300-0
131,HEBBAS__ligand2612-0
132,HEBBAS__ligand24-0
133,HEBBAS__ligand1599-0
134,HEBBAS__ligand26810-0
135,HEBBAS__ligand27482-0
136,HEBBAS__ligand588-0
137,HEBBAS__ligand9450-0
138,HEBBAS__ligand13208-0
139,HEBBAS__ligand29879-0
140,HEBBAS__ligand14248-0
141,HEBBAS__ligand1604-0
142,HEBBAS__ligand12030-0
143,HEBBAS__ligand45-0
144,HEBBAS__ligand361-0
145,HEBBAS__ligand324-0
146,HEBBAS__ligand28884-0
147,HEBBAS__ligand9943-0
148,HEBBAS__ligand409-0
149,HEBBAS__ligand1228-0
150,HEBBAS__ligand13331-0
151,HEBBAS__ligand2043-0
152,HEBBAS__ligand13294-0
153,HEBBAS__ligand31832-0
154,HEBBAS__ligand1832-0
155,HEBBAS__ligand8788-0
156,HEBBAS__ligand25411-0
157,HEBBAS__ligand2417-0
158,HEBBAS__ligand14174-0
159,HEBBAS__ligand9284-0
160,HEBBAS__ligand10712-0
161,HEBBAS__ligand3126-0
162,HEBBAS__ligand6391-0
163,HEBBAS__ligand11456-0
164,HEBBAS__ligand78-0
165,HEBBAS__ligand1114-0
166,HEBBAS__ligand14703-0
167,HEBBAS__ligand16475-0
168,HEBBAS__ligand7172-0
169,HEBBAS__ligand692-0
170,HEBBAS__ligand9323-0
171,HEBBAS__ligand7273-0
172,HEBBAS__ligand7092-0
173,HEBBAS__ligand2260-0
174,HEBBAS__ligand3225-0
175,HEBBAS__ligand1153-0
176,HEBBAS__ligand1116-0
177,HEBBAS__ligand2124-0
178,HEBBAS__ligand436-0
179,HEBBAS__ligand8612-0
180,HEBBAS__ligand20251-1
181,HEBBAS__ligand17982-0
182,HEBBAS__ligand29414-0
183,HEBBAS__ligand326-0
184,HEBBAS__ligand6017-0
185,HEBBAS__ligand17278-0
186,HEBBAS__ligand20011-0
187,HEBBAS__ligand5708-0
188,HEBBAS__ligand7316-0
189,HEBBAS__ligand17398-0
190,HEBBAS__ligand24047-0
191,HEBBAS__ligand5180-0
192,HEBBAS__ligand10589-0
193,HEBBAS__ligand22557-0
194,HEBBAS__ligand20598-0
195,HEBBAS__ligand11675-0
196,HEBBAS__ligand497-0
197,HEBBAS__ligand4807-0
198,HEBBAS__ligand21371-0
199,HEBBAS__ligand17118-0
200,HEBBAS__ligand20419-0
201,HEBBAS__ligand28789-0
202,HEBBAS__ligand3178-0
203,HEBBAS__ligand9753-0
204,HEBBAS__ligand29568-0
205,HEBBAS__ligand1356-0
206,HEBBAS__ligand1787-0
207,HEBBAS__ligand5530-0
208,HEBBAS__ligand5159-0
209,HEBBAS__ligand633-0
210,HEBBAS__ligand14889-0
211,HEBBAS__ligand30851-0
212,HEBBAS__ligand7196-0
213,HEBBAS__ligand20251-0
214,HEBBAS__ligand20214-0
215,HEBBAS__ligand30702-0
216,HEBBAS__ligand4649-0
217,HEBBAS__ligand20539-0
218,HEBBAS__ligand8793-0
219,HEBBAS__ligand2788-0
220,HEBBAS__ligand5649-0
221,HEBBAS__ligand31097-0
222,HEBBAS__ligand21581-0
223,HEBBAS__ligand14117-0
224,HEBBAS__ligand17261-0
225,HEBBAS__ligand2906-0
226,HEBBAS__ligand4711-0
227,HEBBAS__ligand3244-0
228,HEBBAS__ligand24750-0
229,HEBBAS__ligand201-0
230,HEBBAS__ligand4596-0
231,HEBBAS__ligand1498-0
232,HEBBAS__ligand17945-0
233,HEBBAS__ligand25224-0
234,HEBBAS__ligand18013-0
235,HEBBAS__ligand38-0
236,HEBBAS__ligand1154-0
237,HEBBAS__ligand9615-0
238,HEBBAS__ligand31578-0
239,HEBBAS__ligand17207-0
240,HEBBAS__ligand321-0
241,HEBBAS__ligand29087-0
242,HEBBAS__ligand8529-0
243,HEBBAS__ligand18703-0
244,HEBBAS__ligand1169-0
245,HEBBAS__ligand28924-0
246,HEBBAS__ligand178-0
247,HEBBAS__ligand15438-0
248,HEBBAS__ligand279-0
249,HEBBAS__ligand185-0
250,HEBBAS__ligand15168-0
251,HEBBAS__ligand24064-0
252,HEBBAS__ligand2027-0
253,HEBBAS__ligand1050-0
254,HEBBAS__ligand1015-0
255,HEBBAS__ligand23589-0
256,HEBBAS__ligand1028-0
257,HEBBAS__ligand4262-0
258,HEBBAS__ligand26277-0
259,HEBBAS__ligand29898-0
260,HEBBAS__ligand338-0
261,HEBBAS__ligand2692-0
262,HEBBAS__ligand22755-0
263,HEBBAS__ligand31618-0
264,HEBBAS__ligand1618-0
265,HEBBAS__ligand11432-0
266,HEBBAS__ligand10432-0
267,HEBBAS__ligand4124-0
268,HEBBAS__ligand11568-0
269,HEBBAS__ligand163-0
270,HEBBAS__ligand4161-0
271,HEBBAS__ligand3471-0
272,HEBBAS__ligand126-0
273,HEBBAS__ligand17710-0
274,HEBBAS__ligand20579-0
275,HEBBAS__ligand21421-0
276,HEBBAS__ligand11774-0
277,HEBBAS__ligand14586-0
278,HEBBAS__ligand5415-0
279,HEBBAS__ligand4340-0
280,HEBBAS__ligand24613-0
281,HEBBAS__ligand2281-0
282,HEBBAS__ligand2650-0
283,HEBBAS__ligand19725-0
284,HEBBAS__ligand3180-0
285,HEBBAS__ligand845-0
286,HEBBAS__ligand66-0
287,HEBBAS__ligand10555-0
288,HEBBAS__ligand6995-0
289,HEBBAS__ligand31483-0
290,HEBBAS__ligand2823-0
291,HEBBAS__ligand42-0
292,HEBBAS__ligand13072-0
293,HEBBAS__ligand8593-0
294,HEBBAS__ligand12336-0
295,HEBBAS__ligand9944-0
296,HEBBAS__ligand366-0
297,HEBBAS__ligand187-0
298,HEBBAS__ligand2001-0
299,HEBBAS__ligand657-0
300,HEBBAS__ligand7566-0
301,HEBBAS__ligand596-0
302,HEBBAS__ligand941-0
303,HEBBAS__ligand12682-0
304,HEBBAS__ligand18699-0
305,HEBBAS__ligand5201-0
306,HEBBAS__ligand17240-0
307,HEBBAS__ligand1113-0
308,HEBBAS__ligand777-0
309,HEBBAS__ligand17590-0
310,HEBBAS__ligand8553-0
311,HEBBAS__ligand1831-0
312,HEBBAS__ligand5614-0
313,HEBBAS__ligand27074-0
314,HEBBAS__ligand5280-0
315,HEBBAS__ligand6663-0
316,HEBBAS__ligand25805-0
317,HEBBAS__ligand5515-0
318,HEBBAS__ligand22981-0
319,HEBBAS__ligand20599-0
320,HEBBAS__ligand27169-0
321,HEBBAS__ligand14523-0
322,HEBBAS__ligand18391-0
323,HEBBAS__ligand25267-0
324,HEBBAS__ligand3261-0
325,HEBBAS__ligand1152-0
326,HEBBAS__ligand10084-0
327,HEBBAS__ligand5019-0
328,HEBBAS__ligand1216-0
329,HEBBAS__ligand12467-0
330,HEBBAS__ligand13257-0
331,HEBBAS__ligand693-0
332,HEBBAS__ligand21936-0
333,HEBBAS__ligand1849-0
334,HEBBAS__ligand23904-0
335,HEBBAS__ligand5085-0
336,HEBBAS__ligand3144-0
337,HEBBAS__ligand29863-0
338,HEBBAS__ligand5755-0
339,HEBBAS__ligand18074-0
340,HEBBAS__ligand13869-0
341,HEBBAS__ligand4710-0
342,HEBBAS__ligand757-0
343,HEBBAS__ligand7213-0
344,HEBBAS__ligand1397-0
345,HEBBAS__ligand122-0
346,HEBBAS__ligand1828-0
347,HEBBAS__ligand29610-0
348,HEBBAS__ligand6112-0
349,HEBBAS__ligand11140-0
350,HEBBAS__ligand8042-0
351,HEBBAS__ligand16791-0
352,HEBBAS__ligand1786-0
353,HEBBAS__ligand5630-0
354,HEBBAS__ligand28668-0
355,HEBBAS__ligand1-0
356,HEBBAS__ligand1908-0
357,HEBBAS__ligand3285-0
358,HEBBAS__ligand4795-0
359,HEBBAS__ligand18465-0
360,HEBBAS__ligand18799-0
361,HEBBAS__ligand1817-0
362,HEBBAS__ligand6993-0
363,HEBBAS__ligand12660-0
364,HEBBAS__ligand1779-0
365,HEBBAS__ligand13209-0
366,HEBBAS__ligand19257-0
367,HEBBAS__ligand9750-0
368,HEBBAS__ligand31248-0
369,HEBBAS__ligand7075-0
370,HEBBAS__ligand25650-0
371,HEBBAS__ligand768-0
372,HEBBAS__ligand1149-0
373,HEBBAS__ligand3557-0
374,HEBBAS__ligand3-0
375,HEBBAS__ligand3980-0
376,HEBBAS__ligand18-0
377,HEBBAS__ligand384-0
378,HEBBAS__ligand1288-0
379,HEBBAS__ligand9491-0
380,HEBBAS__ligand12519-0
381,HEBBAS__ligand25735-0
382,HEBBAS__ligand1400-0
383,HEBBAS__ligand4266-0
384,HEBBAS__ligand11206-0
385,HEBBAS__ligand4167-0
386,HEBBAS__ligand23124-0
387,HEBBAS__ligand1539-0
388,HEBBAS__ligand30539-0
389,HEBBAS__ligand1150-0
390,HEBBAS__ligand3416-0
391,HEBBAS__ligand141-0
392,HEBBAS__ligand23906-0
393,HEBBAS__ligand3453-0
394,HEBBAS__ligand21132-0
395,HEBBAS__ligand240-0
396,HEBBAS__ligand4207-0
397,HEBBAS__ligand11166-0
398,HEBBAS__ligand3042-0
399,HEBBAS__ligand12295-0
400,HEBBAS__ligand27835-0
401,HEBBAS__ligand21787-0
402,HEBBAS__ligand4063-0
403,HEBBAS__ligand25575-0
404,HEBBAS__ligand25689-0
405,HEBBAS__ligand8200-0
406,HEBBAS__ligand7438-0
407,HEBBAS__ligand25048-0
408,HEBBAS__ligand6946-0
409,HEBBAS__ligand1415-0
410,HEBBAS__ligand21940-0
411,HEBBAS__ligand7529-0
412,HEBBAS__ligand618-0
413,HEBBAS__ligand391-0
414,HEBBAS__ligand48-0
415,HEBBAS__ligand20432-0
416,HEBBAS__ligand27122-0
417,HEBBAS__ligand16133-0
418,HEBBAS__ligand13755-0
419,HEBBAS__ligand23445-0
420,HEBBAS__ligand9148-0
421,HEBBAS__ligand24953-0
422,HEBBAS__ligand5316-0
423,HEBBAS__ligand780-0
424,HEBBAS__ligand314-0
425,HEBBAS__ligand5483-0
426,HEBBAS__ligand813-0
427,HEBBAS__ligand20557-0
428,HEBBAS__ligand5627-0
429,HEBBAS__ligand30004-0
430,HEBBAS__ligand1729-0
431,HEBBAS__ligand2830-0
432,HEBBAS__ligand18757-0
433,HEBBAS__ligand24560-0
434,HEBBAS__ligand9681-0
435,HEBBAS__ligand51-0
436,HEBBAS__ligand20844-0
437,HEBBAS__ligand18413-0
438,HEBBAS__ligand4332-0
439,HEBBAS__ligand24624-0
440,HEBBAS__ligand1449-0
441,HEBBAS__ligand3012-0
442,HEBBAS__ligand314-1
443,HEBBAS__ligand7530-0
444,HEBBAS__ligand1065-0
445,HEBBAS__ligand14339-0
446,HEBBAS__ligand2403-0
447,HEBBAS__ligand30788-0
448,HEBBAS__ligand13691-0
449,HEBBAS__ligand91-0
450,HEBBAS__ligand465-0
451,HEBBAS__ligand3934-0
452,HEBBAS__ligand21752-0
453,HEBBAS__ligand6455-0
454,HEBBAS__ligand6882-0
455,HEBBAS__ligand2068-0
456,HEBBAS__ligand29565-0
457,HEBBAS__ligand686-0
458,HEBBAS__ligand23682-0
459,HEBBAS__ligand7925-0
460,HEBBAS__ligand18158-0
461,HEBBAS__ligand27771-0
462,HEBBAS__ligand1147-0
463,HEBBAS__ligand20942-1
464,HEBBAS__ligand16956-0
465,HEBBAS__ligand21339-0
466,HEBBAS__ligand14226-0
467,HEBBAS__ligand3973-0
468,HEBBAS__ligand422-0
469,HEBBAS__ligand2599-0
470,HEBBAS__ligand27550-0
471,HEBBAS__ligand4330-0
472,HEBBAS__ligand16-0
473,HEBBAS__ligand7532-0
474,HEBBAS__ligand18019-1
475,HEBBAS__ligand4194-0
476,HEBBAS__ligand196-0
477,HEBBAS__ligand14007-0
478,HEBBAS__ligand5813-0
479,HEBBAS__ligand4813-0
480,HEBBAS__ligand21448-0
481,HEBBAS__ligand32-0
482,HEBBAS__ligand4738-0
483,HEBBAS__ligand22357-0
484,HEBBAS__ligand353-0
485,HEBBAS__ligand6062-0
486,HEBBAS__ligand11758-0
487,HEBBAS__ligand29214-0
488,HEBBAS__ligand6283-0
489,HEBBAS__ligand11544-0
490,HEBBAS__ligand11501-0
491,HEBBAS__ligand17069-0
492,HEBBAS__ligand14477-0
493,HEBBAS__ligand7107-0
494,HEBBAS__ligand17445-0
495,HEBBAS__ligand12413-0
496,HEBBAS__ligand29334-0
497,HEBBAS__ligand20731-0
498,HEBBAS__ligand11798-0
499,HEBBAS__ligand393-0
500,HEBBAS__ligand3215-0
501,HEBBAS__ligand19668-0
502,HEBBAS__ligand7557-0
503,HEBBAS__ligand19906-0
504,HEBBAS__ligand1496-0
505,HEBBAS__ligand22353-0
506,HEBBAS__ligand1533-0
507,HEBBAS__ligand487-0
508,HEBBAS__ligand746-0
509,HEBBAS__ligand447-0
510,HEBBAS__ligand5892-0
511,HEBBAS__ligand5094-0
512,HEBBAS__ligand10151-0
513,HEBBAS__ligand1712-0
514,HEBBAS__ligand176-0
515,HEBBAS__ligand4131-0
516,HEBBAS__ligand1900-0
517,HEBBAS__ligand16952-0
518,HEBBAS__ligand29813-0
519,HEBBAS__ligand9197-0
520,HEBBAS__ligand2328-0
521,HEBBAS__ligand4581-0
522,HEBBAS__ligand152-0
523,HEBBAS__ligand1773-0
524,HEBBAS__ligand20220-0
525,HEBBAS__ligand15387-0
526,HEBBAS__ligand3029-0
527,HEBBAS__ligand20121-0
528,HEBBAS__ligand7162-0
529,HEBBAS__ligand506-0
530,HEBBAS__ligand1327-0
531,HEBBAS__ligand24851-0
532,HEBBAS__ligand6672-0
533,HEBBAS__ligand9809-0
534,HEBBAS__ligand8722-0
535,HEBBAS__ligand2781-0
536,HEBBAS__ligand7573-0
537,HEBBAS__ligand20530-0
538,HEBBAS__ligand3350-0
539,HEBBAS__ligand11698-0
540,HEBBAS__ligand14302-0
541,HEBBAS__ligand14347-0
542,HEBBAS__ligand13657-0
543,HEBBAS__ligand3208-0
544,HEBBAS__ligand57-0
545,HEBBAS__ligand2208-0
546,HEBBAS__ligand10479-0
547,HEBBAS__ligand27610-0
548,HEBBAS__ligand11479-0
549,HEBBAS__ligand29441-0
550,HEBBAS__ligand10853-0
551,HEBBAS__ligand1709-0
552,HEBBAS__ligand16870-0
553,HEBBAS__ligand8464-0
554,HEBBAS__ligand8349-0
555,HEBBAS__ligand11622-0
556,HEBBAS__ligand11814-0
557,HEBBAS__ligand2527-0
558,HEBBAS__ligand833-0
559,HEBBAS__ligand16603-0
560,HEBBAS__ligand55-0
561,HEBBAS__ligand5849-0
562,HEBBAS__ligand68-0
563,HEBBAS__ligand25658-0
564,HEBBAS__ligand17686-0
565,HEBBAS__ligand31205-0
566,HEBBAS__ligand3392-0
567,HEBBAS__ligand11177-0
568,HEBBAS__ligand4911-0
569,HEBBAS__ligand115-0
570,HEBBAS__ligand1771-0
571,HEBBAS__ligand15455-0
572,HEBBAS__ligand3157-0
573,HEBBAS__ligand368-0
574,HEBBAS__ligand395-0
575,HEBBAS__ligand19824-0
576,HEBBAS__ligand1165-0
577,HEBBAS__ligand18067-0
578,HEBBAS__ligand9525-0
579,HEBBAS__ligand11252-0
580,HEBBAS__ligand5935-0
581,HEBBAS__ligand10582-0
582,HEBBAS__ligand1379-0
583,HEBBAS__ligand13260-0
584,HEBBAS__ligand2722-0
585,HEBBAS__ligand3871-0
586,HEBBAS__ligand1469-0
587,HEBBAS__ligand11606-0
588,HEBBAS__ligand31000-0
589,HEBBAS__ligand1768-0
590,HEBBAS__ligand34-0
591,HEBBAS__ligand5056-0
592,HEBBAS__ligand4850-0
593,HEBBAS__ligand26673-0
594,HEBBAS__ligand1688-0
595,HEBBAS__ligand20821-0
596,HEBBAS__ligand5357-0
597,HEBBAS__ligand784-0
598,HEBBAS__ligand3647-0
599,HEBBAS__ligand19927-0
600,HEBBAS__ligand2485-0
601,HEBBAS__ligand28559-0
602,HEBBAS__ligand26324-0
603,HEBBAS__ligand3852-0
604,HEBBAS__ligand197-0
605,HEBBAS__ligand14043-0
606,HEBBAS__ligand6919-0
607,HEBBAS__ligand21729-0
608,HEBBAS__ligand27239-0
609,HEBBAS__ligand5331-0
610,HEBBAS__ligand1512-0
611,HEBBAS__ligand17-0
612,HEBBAS__ligand3565-0
613,HEBBAS__ligand4720-0
614,HEBBAS__ligand3174-0
615,HEBBAS__ligand3937-0
616,HEBBAS__ligand1202-0
617,HEBBAS__ligand3131-0
618,HEBBAS__ligand8969-0
619,HEBBAS__ligand6839-0
620,HEBBAS__ligand26529-0
621,HEBBAS__ligand11618-0
622,HEBBAS__ligand5211-0
623,HEBBAS__ligand3094-0
624,HEBBAS__ligand4155-0
625,HEBBAS__ligand1263-0
626,HEBBAS__ligand9908-0
627,HEBBAS__ligand22403-0
628,HEBBAS__ligand868-0
629,HEBBAS__ligand7242-0
630,HEBBAS__ligand27754-0
631,HEBBAS__ligand20695-0
632,HEBBAS__ligand16369-0
633,HEBBAS__ligand7106-0
634,HEBBAS__ligand28540-0
635,HEBBAS__ligand11111-0
636,HEBBAS__ligand29215-0
637,HEBBAS__ligand3718-0
638,HEBBAS__ligand1343-0
639,HEBBAS__ligand3876-0
640,HEBBAS__ligand3035-0
641,HEBBAS__ligand6616-0
642,HEBBAS__ligand1844-0
643,HEBBAS__ligand4661-0
644,HEBBAS__ligand16148-0
645,HEBBAS__ligand3504-0
646,HEBBAS__ligand26631-0
647,HEBBAS__ligand1959-0
648,HEBBAS__ligand12003-0
649,HEBBAS__ligand1536-0
650,HEBBAS__ligand1573-0
651,HEBBAS__ligand352-0
652,HEBBAS__ligand783-0
653,HEBBAS__ligand9935-0
654,HEBBAS__ligand21399-0
655,HEBBAS__ligand10872-0
656,HEBBAS__ligand27840-0
657,HEBBAS__ligand7238-0
658,HEBBAS__ligand30728-0
659,HEBBAS__ligand7280-0
660,HEBBAS__ligand560-0
661,HEBBAS__ligand1790-0
662,HEBBAS__ligand1304-0
663,HEBBAS__ligand24872-0
664,HEBBAS__ligand1219-0
665,HEBBAS__ligand6709-0
666,HEBBAS__ligand10033-0
667,HEBBAS__ligand7867-0
668,HEBBAS__ligand24644-0
669,HEBBAS__ligand89-0
670,HEBBAS__ligand12001-0
671,HEBBAS__ligand4016-0
672,HEBBAS__ligand14569-0
673,HEBBAS__ligand1160-0
674,HEBBAS__ligand49-0
675,HEBBAS__ligand8699-0
676,HEBBAS__ligand13385-0
677,HEBBAS__ligand9520-0
678,HEBBAS__ligand24111-0
679,HEBBAS__ligand4442-0
680,HEBBAS__ligand4093-0
681,HEBBAS__ligand3954-0
682,HEBBAS__ligand22444-0
683,HEBBAS__ligand7629-0
684,HEBBAS__ligand11587-0
685,HEBBAS__ligand13220-0
686,HEBBAS__ligand1451-0
687,HEBBAS__ligand235-0
688,HEBBAS__ligand4272-0
689,HEBBAS__ligand17396-0
690,HEBBAS__ligand9784-0
691,HEBBAS__ligand23175-0
692,HEBBAS__ligand134-0
693,HEBBAS__ligand15788-0
694,HEBBAS__ligand9291-0
695,HEBBAS__ligand421-0
696,HEBBAS__ligand31694-0
697,HEBBAS__ligand2176-0
698,HEBBAS__ligand29486-0
699,HEBBAS__ligand2232-0
700,HEBBAS__ligand4157-0
701,HEBBAS__ligand685-0
702,HEBBAS__ligand5256-0
703,HEBBAS__ligand17427-0
704,HEBBAS__ligand2828-0
705,HEBBAS__ligand8876-0
706,HEBBAS__ligand7648-0
707,HEBBAS__ligand9833-0
708,HEBBAS__ligand4503-0
709,HEBBAS__ligand4546-0
710,HEBBAS__ligand11949-0
711,HEBBAS__ligand22129-0
712,HEBBAS__ligand12138-0
713,HEBBAS__ligand24780-0
714,HEBBAS__ligand294-0
715,HEBBAS__ligand25561-0
716,HEBBAS__ligand1285-0
717,HEBBAS__ligand7000-0
718,HEBBAS__ligand1982-0
719,HEBBAS__ligand6768-0
720,HEBBAS__ligand8115-0
721,HEBBAS__ligand250-0
722,HEBBAS__ligand3707-0
723,HEBBAS__ligand6124-0
724,HEBBAS__ligand7967-0
725,HEBBAS__ligand11970-0
726,HEBBAS__ligand4116-0
727,HEBBAS__ligand15883-0
728,HEBBAS__ligand1018-0
729,HEBBAS__ligand28810-0
730,HEBBAS__ligand8992-0
731,HEBBAS__ligand11447-0
732,HEBBAS__ligand11096-0
733,HEBBAS__ligand24230-0
734,HEBBAS__ligand69-0
735,HEBBAS__ligand15926-0
736,HEBBAS__ligand9601-0
737,HEBBAS__ligand19792-0
738,HEBBAS__ligand10828-0
739,HEBBAS__ligand370-0
740,HEBBAS__ligand9952-0
741,HEBBAS__ligand9111-0
742,HEBBAS__ligand10056-0
743,HEBBAS__ligand12365-0
744,HEBBAS__ligand2526-0
745,HEBBAS__ligand5036-0
746,HEBBAS__ligand1615-0
747,HEBBAS__ligand13862-0
748,HEBBAS__ligand11357-0
749,HEBBAS__ligand11-0
750,HEBBAS__ligand15531-0
751,HEBBAS__ligand28743-0
752,HEBBAS__ligand28930-0
753,HEBBAS__ligand22168-0
754,HEBBAS__ligand22294-0
755,HEBBAS__ligand5643-0
756,HEBBAS__ligand1823-0
757,HEBBAS__ligand21919-0
758,HEBBAS__ligand8721-0
759,HEBBAS__ligand1324-0
760,HEBBAS__ligand16663-0
761,HEBBAS__ligand1631-0
762,HEBBAS__ligand9933-0
763,HEBBAS__ligand14614-0
764,HEBBAS__ligand479-0
765,HEBBAS__ligand1530-0
766,HEBBAS__ligand311-0
767,HEBBAS__ligand1575-0
768,HEBBAS__ligand785-0
769,HEBBAS__ligand564-0
770,HEBBAS__ligand24035-0
771,HEBBAS__ligand2332-0
772,HEBBAS__ligand31842-0
773,HEBBAS__ligand31044-0
774,HEBBAS__ligand620-0
775,HEBBAS__ligand11994-0
776,HEBBAS__ligand9441-0
777,HEBBAS__ligand370-1
778,HEBBAS__ligand11682-0
779,HEBBAS__ligand6244-0
780,HEBBAS__ligand20207-0
781,HEBBAS__ligand30711-0
782,HEBBAS__ligand188-0
783,HEBBAS__ligand1378-0
784,HEBBAS__ligand3156-0
785,HEBBAS__ligand16988-0
786,HEBBAS__ligand2915-0
787,HEBBAS__ligand25913-0
788,HEBBAS__ligand3721-0
789,HEBBAS__ligand6904-0
790,HEBBAS__ligand19184-0
791,HEBBAS__ligand6596-0
792,HEBBAS__ligand6102-0
793,HEBBAS__ligand177-0
794,HEBBAS__ligand3465-0
795,HEBBAS__ligand7819-0
796,HEBBAS__ligand18448-0
797,HEBBAS__ligand12453-0
798,HEBBAS__ligand28459-0
799,HEBBAS__ligand2917-0
800,HEBBAS__ligand2295-0
801,HEBBAS__ligand1577-0
802,HEBBAS__ligand6067-0
803,HEBBAS__ligand10371-0
804,HEBBAS__ligand13672-0
805,HEBBAS__ligand909-0
806,HEBBAS__ligand4620-0
807,HEBBAS__ligand28685-0
808,HEBBAS__ligand18568-0
809,HEBBAS__ligand27285-0
810,HEBBAS__ligand29029-0
811,HEBBAS__ligand830-0
812,HEBBAS__ligand372-0
813,HEBBAS__ligand193-0
814,HEBBAS__ligand23197-0
815,HEBBAS__ligand4641-0
816,HEBBAS__ligand116-0
817,HEBBAS__ligand2028-0
818,HEBBAS__ligand8835-0
819,HEBBAS__ligand252-0
820,HEBBAS__ligand7126-0
821,HEBBAS__ligand13477-0
822,HEBBAS__ligand14167-0
823,HEBBAS__ligand1142-0
824,HEBBAS__ligand3234-0
825,HEBBAS__ligand30142-0
826,HEBBAS__ligand27669-0
827,HEBBAS__ligand8-0
