,TMC
0,HISPOR__ligand29414-0
1,HISPOR__ligand5755-0
2,HISPOR__ligand4710-0
3,HISPOR__ligand17982-0
4,HISPOR__ligand17278-0
5,HISPOR__ligand20011-0
6,HISPOR__ligand5085-0
7,HISPOR__ligand3144-0
8,HISPOR__ligand17398-0
9,HISPOR__ligand8042-0
10,HISPOR__ligand6112-0
11,HISPOR__ligand10589-0
12,HISPOR__ligand22557-0
13,HISPOR__ligand1828-0
14,HISPOR__ligand24047-0
15,HISPOR__ligand7213-0
16,HISPOR__ligand11675-0
17,HISPOR__ligand20598-0
18,HISPOR__ligand1397-0
19,HISPOR__ligand5630-0
20,HISPOR__ligand16475-0
21,HISPOR__ligand14703-0
22,HISPOR__ligand1786-0
23,HISPOR__ligand4795-0
24,HISPOR__ligand3285-0
25,HISPOR__ligand1908-0
26,HISPOR__ligand20251-1
27,HISPOR__ligand338-0
28,HISPOR__ligand20214-0
29,HISPOR__ligand30702-0
30,HISPOR__ligand20251-0
31,HISPOR__ligand6663-0
32,HISPOR__ligand20539-0
33,HISPOR__ligand5515-0
34,HISPOR__ligand201-0
35,HISPOR__ligand31097-0
36,HISPOR__ligand21581-0
37,HISPOR__ligand69-0
38,HISPOR__ligand1831-0
39,HISPOR__ligand5614-0
40,HISPOR__ligand5280-0
41,HISPOR__ligand17261-0
42,HISPOR__ligand14117-0
43,HISPOR__ligand17118-0
44,HISPOR__ligand21371-0
45,HISPOR__ligand20419-0
46,HISPOR__ligand1216-0
47,HISPOR__ligand28789-0
48,HISPOR__ligand5019-0
49,HISPOR__ligand321-0
50,HISPOR__ligand3261-0
51,HISPOR__ligand1152-0
52,HISPOR__ligand279-0
53,HISPOR__ligand11-0
54,HISPOR__ligand1849-0
55,HISPOR__ligand29568-0
56,HISPOR__ligand185-0
57,HISPOR__ligand178-0
58,HISPOR__ligand30851-0
59,HISPOR__ligand14889-0
60,HISPOR__ligand1150-0
61,HISPOR__ligand366-0
62,HISPOR__ligand1539-0
63,HISPOR__ligand27482-0
64,HISPOR__ligand26810-0
65,HISPOR__ligand657-0
66,HISPOR__ligand4207-0
67,HISPOR__ligand13208-0
68,HISPOR__ligand187-0
69,HISPOR__ligand3416-0
70,HISPOR__ligand3453-0
71,HISPOR__ligand3042-0
72,HISPOR__ligand941-0
73,HISPOR__ligand596-0
74,HISPOR__ligand20682-0
75,HISPOR__ligand777-0
76,HISPOR__ligand13390-0
77,HISPOR__ligand7438-0
78,HISPOR__ligand8200-0
79,HISPOR__ligand4063-0
80,HISPOR__ligand126-0
81,HISPOR__ligand163-0
82,HISPOR__ligand25411-0
83,HISPOR__ligand9750-0
84,HISPOR__ligand1779-0
85,HISPOR__ligand1817-0
86,HISPOR__ligand6993-0
87,HISPOR__ligand3557-0
88,HISPOR__ligand10712-0
89,HISPOR__ligand3980-0
90,HISPOR__ligand14174-0
91,HISPOR__ligand1149-0
92,HISPOR__ligand11456-0
93,HISPOR__ligand7075-0
94,HISPOR__ligand14248-0
95,HISPOR__ligand29879-0
96,HISPOR__ligand845-0
97,HISPOR__ligand12030-0
98,HISPOR__ligand1288-0
99,HISPOR__ligand13331-0
100,HISPOR__ligand28884-0
101,HISPOR__ligand4167-0
102,HISPOR__ligand13294-0
103,HISPOR__ligand4266-0
104,HISPOR__ligand1400-0
105,HISPOR__ligand9491-0
106,HISPOR__ligand31832-0
107,HISPOR__ligand757-0
108,HISPOR__ligand19057-0
109,HISPOR__ligand18814-0
110,HISPOR__ligand29302-0
111,HISPOR__ligand13425-0
112,HISPOR__ligand1050-0
113,HISPOR__ligand1015-0
114,HISPOR__ligand122-0
115,HISPOR__ligand27763-0
116,HISPOR__ligand28676-0
117,HISPOR__ligand10262-0
118,HISPOR__ligand2027-0
119,HISPOR__ligand12641-0
120,HISPOR__ligand4262-0
121,HISPOR__ligand1028-0
122,HISPOR__ligand10958-0
123,HISPOR__ligand1618-0
124,HISPOR__ligand14108-0
125,HISPOR__ligand2692-0
126,HISPOR__ligand1498-0
127,HISPOR__ligand17-0
128,HISPOR__ligand17302-0
129,HISPOR__ligand4596-0
130,HISPOR__ligand17805-0
131,HISPOR__ligand23769-0
132,HISPOR__ligand9615-0
133,HISPOR__ligand24185-0
134,HISPOR__ligand25178-0
135,HISPOR__ligand1154-0
136,HISPOR__ligand24145-0
137,HISPOR__ligand1169-0
138,HISPOR__ligand12401-0
139,HISPOR__ligand15585-0
140,HISPOR__ligand8529-0
141,HISPOR__ligand13068-0
142,HISPOR__ligand19830-0
143,HISPOR__ligand10476-0
144,HISPOR__ligand17387-0
145,HISPOR__ligand12130-0
146,HISPOR__ligand26702-0
147,HISPOR__ligand13658-0
148,HISPOR__ligand18292-0
149,HISPOR__ligand12289-0
150,HISPOR__ligand12231-0
151,HISPOR__ligand693-0
152,HISPOR__ligand23713-0
153,HISPOR__ligand8593-0
154,HISPOR__ligand27175-0
155,HISPOR__ligand18832-0
156,HISPOR__ligand9944-0
157,HISPOR__ligand30988-0
158,HISPOR__ligand240-0
159,HISPOR__ligand27893-0
160,HISPOR__ligand7566-0
161,HISPOR__ligand14723-0
162,HISPOR__ligand19641-0
163,HISPOR__ligand141-0
164,HISPOR__ligand12934-0
165,HISPOR__ligand20578-0
166,HISPOR__ligand15422-0
167,HISPOR__ligand2001-0
168,HISPOR__ligand5201-0
169,HISPOR__ligand31783-0
170,HISPOR__ligand17258-0
171,HISPOR__ligand8553-0
172,HISPOR__ligand14603-0
173,HISPOR__ligand14297-0
174,HISPOR__ligand1113-0
175,HISPOR__ligand26665-0
176,HISPOR__ligand13012-0
177,HISPOR__ligand17631-0
178,HISPOR__ligand30333-0
179,HISPOR__ligand4124-0
180,HISPOR__ligand3471-0
181,HISPOR__ligand4161-0
182,HISPOR__ligand89-0
183,HISPOR__ligand12606-0
184,HISPOR__ligand5415-0
185,HISPOR__ligand768-0
186,HISPOR__ligand17281-0
187,HISPOR__ligand30296-0
188,HISPOR__ligand29410-0
189,HISPOR__ligand12337-0
190,HISPOR__ligand26540-0
191,HISPOR__ligand28468-0
192,HISPOR__ligand20740-0
193,HISPOR__ligand12427-0
194,HISPOR__ligand3180-0
195,HISPOR__ligand384-0
196,HISPOR__ligand16628-0
197,HISPOR__ligand4340-0
198,HISPOR__ligand2650-0
199,HISPOR__ligand2281-0
200,HISPOR__ligand2823-0
201,HISPOR__ligand6995-0
202,HISPOR__ligand49-0
203,HISPOR__ligand27460-0
204,HISPOR__ligand1228-0
205,HISPOR__ligand9943-0
206,HISPOR__ligand1604-0
207,HISPOR__ligand1832-0
208,HISPOR__ligand8788-0
209,HISPOR__ligand696-0
210,HISPOR__ligand25735-0
211,HISPOR__ligand12519-0
212,HISPOR__ligand2043-0
213,HISPOR__ligand11206-0
214,HISPOR__ligand23124-0
215,HISPOR__ligand656-0
216,HISPOR__ligand12660-0
217,HISPOR__ligand13209-0
218,HISPOR__ligand19257-0
219,HISPOR__ligand2417-0
220,HISPOR__ligand57-0
221,HISPOR__ligand31248-0
222,HISPOR__ligand1114-0
223,HISPOR__ligand25650-0
224,HISPOR__ligand6391-0
225,HISPOR__ligand3126-0
226,HISPOR__ligand9284-0
227,HISPOR__ligand12295-0
228,HISPOR__ligand27835-0
229,HISPOR__ligand25575-0
230,HISPOR__ligand21787-0
231,HISPOR__ligand25689-0
232,HISPOR__ligand1289-0
233,HISPOR__ligand2203-0
234,HISPOR__ligand5387-0
235,HISPOR__ligand30539-0
236,HISPOR__ligand416-0
237,HISPOR__ligand1599-0
238,HISPOR__ligand2612-0
239,HISPOR__ligand383-0
240,HISPOR__ligand162-0
241,HISPOR__ligand23906-0
242,HISPOR__ligand226-0
243,HISPOR__ligand21132-0
244,HISPOR__ligand9450-0
245,HISPOR__ligand11166-0
246,HISPOR__ligand25267-0
247,HISPOR__ligand3178-0
248,HISPOR__ligand10084-0
249,HISPOR__ligand12467-0
250,HISPOR__ligand4807-0
251,HISPOR__ligand7196-0
252,HISPOR__ligand13257-0
253,HISPOR__ligand21936-0
254,HISPOR__ligand5159-0
255,HISPOR__ligand1787-0
256,HISPOR__ligand1356-0
257,HISPOR__ligand5530-0
258,HISPOR__ligand23904-0
259,HISPOR__ligand9753-0
260,HISPOR__ligand27074-0
261,HISPOR__ligand670-0
262,HISPOR__ligand22981-0
263,HISPOR__ligand4649-0
264,HISPOR__ligand25805-0
265,HISPOR__ligand8793-0
266,HISPOR__ligand571-0
267,HISPOR__ligand5649-0
268,HISPOR__ligand534-0
269,HISPOR__ligand2788-0
270,HISPOR__ligand34-0
271,HISPOR__ligand20599-0
272,HISPOR__ligand4711-0
273,HISPOR__ligand3244-0
274,HISPOR__ligand14523-0
275,HISPOR__ligand2906-0
276,HISPOR__ligand27169-0
277,HISPOR__ligand18391-0
278,HISPOR__ligand16791-0
279,HISPOR__ligand7273-0
280,HISPOR__ligand55-0
281,HISPOR__ligand9323-0
282,HISPOR__ligand7172-0
283,HISPOR__ligand28668-0
284,HISPOR__ligand8612-0
285,HISPOR__ligand2124-0
286,HISPOR__ligand18465-0
287,HISPOR__ligand7092-0
288,HISPOR__ligand2260-0
289,HISPOR__ligand1153-0
290,HISPOR__ligand3225-0
291,HISPOR__ligand1116-0
292,HISPOR__ligand18799-0
293,HISPOR__ligand358-0
294,HISPOR__ligand7316-0
295,HISPOR__ligand430-0
296,HISPOR__ligand5708-0
297,HISPOR__ligand6017-0
298,HISPOR__ligand488-0
299,HISPOR__ligand29863-0
300,HISPOR__ligand13869-0
301,HISPOR__ligand18074-0
302,HISPOR__ligand29610-0
303,HISPOR__ligand5180-0
304,HISPOR__ligand694-0
305,HISPOR__ligand68-0
306,HISPOR__ligand11140-0
307,HISPOR__ligand324-0
308,HISPOR__ligand24613-0
309,HISPOR__ligand361-0
310,HISPOR__ligand2221-0
311,HISPOR__ligand409-0
312,HISPOR__ligand4358-0
313,HISPOR__ligand19725-0
314,HISPOR__ligand3120-0
315,HISPOR__ligand3926-0
316,HISPOR__ligand10555-0
317,HISPOR__ligand31483-0
318,HISPOR__ligand5595-0
319,HISPOR__ligand51-0
320,HISPOR__ligand4101-0
321,HISPOR__ligand11568-0
322,HISPOR__ligand9773-0
323,HISPOR__ligand91-0
324,HISPOR__ligand1376-0
325,HISPOR__ligand17710-0
326,HISPOR__ligand20579-0
327,HISPOR__ligand5510-0
328,HISPOR__ligand1197-0
329,HISPOR__ligand5099-0
330,HISPOR__ligand21421-0
331,HISPOR__ligand8592-0
332,HISPOR__ligand1296-0
333,HISPOR__ligand14586-0
334,HISPOR__ligand11774-0
335,HISPOR__ligand2259-0
336,HISPOR__ligand1317-0
337,HISPOR__ligand3867-0
338,HISPOR__ligand2822-0
339,HISPOR__ligand7293-0
340,HISPOR__ligand18699-0
341,HISPOR__ligand12682-0
342,HISPOR__ligand199-0
343,HISPOR__ligand48-0
344,HISPOR__ligand2238-0
345,HISPOR__ligand17240-0
346,HISPOR__ligand9167-0
347,HISPOR__ligand17590-0
348,HISPOR__ligand5304-0
349,HISPOR__ligand7762-0
350,HISPOR__ligand13072-0
351,HISPOR__ligand5080-0
352,HISPOR__ligand12336-0
353,HISPOR__ligand300-0
354,HISPOR__ligand5509-0
355,HISPOR__ligand8002-0
356,HISPOR__ligand588-0
357,HISPOR__ligand6117-0
358,HISPOR__ligand1407-0
359,HISPOR__ligand29087-0
360,HISPOR__ligand2693-0
361,HISPOR__ligand5383-0
362,HISPOR__ligand18703-0
363,HISPOR__ligand497-0
364,HISPOR__ligand3945-0
365,HISPOR__ligand28924-0
366,HISPOR__ligand3736-0
367,HISPOR__ligand15438-0
368,HISPOR__ligand8000-0
369,HISPOR__ligand633-0
370,HISPOR__ligand32-0
371,HISPOR__ligand9344-0
372,HISPOR__ligand24750-0
373,HISPOR__ligand3677-1
374,HISPOR__ligand9883-0
375,HISPOR__ligand7291-0
376,HISPOR__ligand9299-0
377,HISPOR__ligand17945-0
378,HISPOR__ligand25224-0
379,HISPOR__ligand18013-0
380,HISPOR__ligand17207-0
381,HISPOR__ligand4007-0
382,HISPOR__ligand2985-0
383,HISPOR__ligand31578-0
384,HISPOR__ligand8-0
385,HISPOR__ligand692-0
386,HISPOR__ligand6699-0
387,HISPOR__ligand29898-0
388,HISPOR__ligand436-0
389,HISPOR__ligand26277-0
390,HISPOR__ligand1168-0
391,HISPOR__ligand1294-0
392,HISPOR__ligand22755-0
393,HISPOR__ligand10432-0
394,HISPOR__ligand3632-0
395,HISPOR__ligand3677-0
396,HISPOR__ligand11432-0
397,HISPOR__ligand31618-0
398,HISPOR__ligand1211-0
399,HISPOR__ligand6892-0
400,HISPOR__ligand15168-0
401,HISPOR__ligand326-0
402,HISPOR__ligand1499-0
403,HISPOR__ligand24064-0
404,HISPOR__ligand2881-0
405,HISPOR__ligand16-0
406,HISPOR__ligand23589-0
407,HISPOR__ligand3712-0
408,HISPOR__ligand1464-0
409,HISPOR__ligand868-0
410,HISPOR__ligand1530-0
411,HISPOR__ligand1575-0
412,HISPOR__ligand9933-0
413,HISPOR__ligand1631-0
414,HISPOR__ligand25658-0
415,HISPOR__ligand17686-0
416,HISPOR__ligand31205-0
417,HISPOR__ligand9441-0
418,HISPOR__ligand2332-0
419,HISPOR__ligand11177-0
420,HISPOR__ligand15455-0
421,HISPOR__ligand16870-0
422,HISPOR__ligand4-0
423,HISPOR__ligand1378-0
424,HISPOR__ligand6244-0
425,HISPOR__ligand11622-0
426,HISPOR__ligand352-0
427,HISPOR__ligand783-0
428,HISPOR__ligand11814-0
429,HISPOR__ligand3156-0
430,HISPOR__ligand2915-0
431,HISPOR__ligand16603-0
432,HISPOR__ligand197-0
433,HISPOR__ligand1018-0
434,HISPOR__ligand4116-0
435,HISPOR__ligand11606-0
436,HISPOR__ligand31000-0
437,HISPOR__ligand3707-0
438,HISPOR__ligand6124-0
439,HISPOR__ligand7967-0
440,HISPOR__ligand26673-0
441,HISPOR__ligand9601-0
442,HISPOR__ligand8992-0
443,HISPOR__ligand20821-0
444,HISPOR__ligand5036-0
445,HISPOR__ligand2526-0
446,HISPOR__ligand1615-0
447,HISPOR__ligand9111-0
448,HISPOR__ligand18067-0
449,HISPOR__ligand9952-0
450,HISPOR__ligand19824-0
451,HISPOR__ligand11252-0
452,HISPOR__ligand1324-0
453,HISPOR__ligand8721-0
454,HISPOR__ligand13260-0
455,HISPOR__ligand5643-0
456,HISPOR__ligand1823-0
457,HISPOR__ligand10582-0
458,HISPOR__ligand421-0
459,HISPOR__ligand685-0
460,HISPOR__ligand4641-0
461,HISPOR__ligand10151-0
462,HISPOR__ligand7126-0
463,HISPOR__ligand19668-0
464,HISPOR__ligand19906-0
465,HISPOR__ligand294-0
466,HISPOR__ligand8835-0
467,HISPOR__ligand2028-0
468,HISPOR__ligand22353-0
469,HISPOR__ligand3234-0
470,HISPOR__ligand1142-0
471,HISPOR__ligand560-0
472,HISPOR__ligand24851-0
473,HISPOR__ligand3465-0
474,HISPOR__ligand11698-0
475,HISPOR__ligand20530-0
476,HISPOR__ligand6596-0
477,HISPOR__ligand6904-0
478,HISPOR__ligand3721-0
479,HISPOR__ligand6102-0
480,HISPOR__ligand13657-0
481,HISPOR__ligand14347-0
482,HISPOR__ligand14302-0
483,HISPOR__ligand2917-0
484,HISPOR__ligand7819-0
485,HISPOR__ligand11479-0
486,HISPOR__ligand10479-0
487,HISPOR__ligand27610-0
488,HISPOR__ligand10853-0
489,HISPOR__ligand29441-0
490,HISPOR__ligand2295-0
491,HISPOR__ligand16952-0
492,HISPOR__ligand29813-0
493,HISPOR__ligand6067-0
494,HISPOR__ligand1577-0
495,HISPOR__ligand20220-0
496,HISPOR__ligand134-0
497,HISPOR__ligand4620-0
498,HISPOR__ligand15387-0
499,HISPOR__ligand20121-0
500,HISPOR__ligand18-0
501,HISPOR__ligand235-0
502,HISPOR__ligand479-0
503,HISPOR__ligand785-0
504,HISPOR__ligand311-0
505,HISPOR__ligand27550-0
506,HISPOR__ligand9908-0
507,HISPOR__ligand1263-0
508,HISPOR__ligand620-0
509,HISPOR__ligand370-1
510,HISPOR__ligand7106-0
511,HISPOR__ligand564-0
512,HISPOR__ligand18019-1
513,HISPOR__ligand7242-0
514,HISPOR__ligand14007-0
515,HISPOR__ligand188-0
516,HISPOR__ligand29565-0
517,HISPOR__ligand4661-0
518,HISPOR__ligand1844-0
519,HISPOR__ligand23682-0
520,HISPOR__ligand3035-0
521,HISPOR__ligand1343-0
522,HISPOR__ligand3876-0
523,HISPOR__ligand18158-0
524,HISPOR__ligand6616-0
525,HISPOR__ligand27771-0
526,HISPOR__ligand3718-0
527,HISPOR__ligand9935-0
528,HISPOR__ligand14226-0
529,HISPOR__ligand21339-0
530,HISPOR__ligand16956-0
531,HISPOR__ligand20942-1
532,HISPOR__ligand1536-0
533,HISPOR__ligand1573-0
534,HISPOR__ligand1959-0
535,HISPOR__ligand3504-0
536,HISPOR__ligand17069-0
537,HISPOR__ligand6919-0
538,HISPOR__ligand14477-0
539,HISPOR__ligand2485-0
540,HISPOR__ligand3852-0
541,HISPOR__ligand38-0
542,HISPOR__ligand250-0
543,HISPOR__ligand17445-0
544,HISPOR__ligand29334-0
545,HISPOR__ligand12413-0
546,HISPOR__ligand3565-0
547,HISPOR__ligand20731-0
548,HISPOR__ligand5331-0
549,HISPOR__ligand1512-0
550,HISPOR__ligand11798-0
551,HISPOR__ligand6839-0
552,HISPOR__ligand3937-0
553,HISPOR__ligand1202-0
554,HISPOR__ligand3174-0
555,HISPOR__ligand3131-0
556,HISPOR__ligand8969-0
557,HISPOR__ligand21448-0
558,HISPOR__ligand370-0
559,HISPOR__ligand11758-0
560,HISPOR__ligand22357-0
561,HISPOR__ligand4720-0
562,HISPOR__ligand4155-0
563,HISPOR__ligand3094-0
564,HISPOR__ligand29214-0
565,HISPOR__ligand5211-0
566,HISPOR__ligand11501-0
567,HISPOR__ligand11544-0
568,HISPOR__ligand2232-0
569,HISPOR__ligand372-0
570,HISPOR__ligand2176-0
571,HISPOR__ligand830-0
572,HISPOR__ligand9291-0
573,HISPOR__ligand8876-0
574,HISPOR__ligand2828-0
575,HISPOR__ligand7648-0
576,HISPOR__ligand30004-0
577,HISPOR__ligand20557-0
578,HISPOR__ligand9833-0
579,HISPOR__ligand5256-0
580,HISPOR__ligand193-0
581,HISPOR__ligand42-0
582,HISPOR__ligand4157-0
583,HISPOR__ligand25048-0
584,HISPOR__ligand21940-0
585,HISPOR__ligand252-0
586,HISPOR__ligand4503-0
587,HISPOR__ligand4546-0
588,HISPOR__ligand116-0
589,HISPOR__ligand6768-0
590,HISPOR__ligand27122-0
591,HISPOR__ligand20432-0
592,HISPOR__ligand8115-0
593,HISPOR__ligand7000-0
594,HISPOR__ligand16133-0
595,HISPOR__ligand13755-0
596,HISPOR__ligand1982-0
597,HISPOR__ligand24953-0
598,HISPOR__ligand23445-0
599,HISPOR__ligand1285-0
600,HISPOR__ligand14339-0
601,HISPOR__ligand177-0
602,HISPOR__ligand7280-0
603,HISPOR__ligand1790-0
604,HISPOR__ligand1304-0
605,HISPOR__ligand7238-0
606,HISPOR__ligand13691-0
607,HISPOR__ligand30788-0
608,HISPOR__ligand4016-0
609,HISPOR__ligand21752-0
610,HISPOR__ligand7867-0
611,HISPOR__ligand6709-0
612,HISPOR__ligand1219-0
613,HISPOR__ligand24560-0
614,HISPOR__ligand18757-0
615,HISPOR__ligand4093-0
616,HISPOR__ligand4442-0
617,HISPOR__ligand3954-0
618,HISPOR__ligand24624-0
619,HISPOR__ligand18413-0
620,HISPOR__ligand9520-0
621,HISPOR__ligand20844-0
622,HISPOR__ligand1160-0
623,HISPOR__ligand8699-0
624,HISPOR__ligand66-0
625,HISPOR__ligand9784-0
626,HISPOR__ligand1451-0
627,HISPOR__ligand4272-0
628,HISPOR__ligand909-0
629,HISPOR__ligand7629-0
630,HISPOR__ligand9197-0
631,HISPOR__ligand1900-0
632,HISPOR__ligand10371-0
633,HISPOR__ligand314-1
634,HISPOR__ligand7162-0
635,HISPOR__ligand13672-0
636,HISPOR__ligand3029-0
637,HISPOR__ligand45-0
638,HISPOR__ligand18568-0
639,HISPOR__ligand4581-0
640,HISPOR__ligand1773-0
641,HISPOR__ligand28685-0
642,HISPOR__ligand2328-0
643,HISPOR__ligand78-0
644,HISPOR__ligand19184-0
645,HISPOR__ligand2781-0
646,HISPOR__ligand7573-0
647,HISPOR__ligand3350-0
648,HISPOR__ligand8722-0
649,HISPOR__ligand1327-0
650,HISPOR__ligand9809-0
651,HISPOR__ligand6672-0
652,HISPOR__ligand12453-0
653,HISPOR__ligand18448-0
654,HISPOR__ligand28459-0
655,HISPOR__ligand3208-0
656,HISPOR__ligand465-0
657,HISPOR__ligand2208-0
658,HISPOR__ligand618-0
659,HISPOR__ligand7557-0
660,HISPOR__ligand1496-0
661,HISPOR__ligand19-0
662,HISPOR__ligand14167-0
663,HISPOR__ligand13477-0
664,HISPOR__ligand30142-0
665,HISPOR__ligand391-0
666,HISPOR__ligand27669-0
667,HISPOR__ligand1533-0
668,HISPOR__ligand5892-0
669,HISPOR__ligand5094-0
670,HISPOR__ligand29029-0
671,HISPOR__ligand813-0
672,HISPOR__ligand27285-0
673,HISPOR__ligand314-0
674,HISPOR__ligand780-0
675,HISPOR__ligand23197-0
676,HISPOR__ligand1712-0
677,HISPOR__ligand4131-0
678,HISPOR__ligand24-0
679,HISPOR__ligand353-0
680,HISPOR__ligand9525-0
681,HISPOR__ligand1165-0
682,HISPOR__ligand12365-0
683,HISPOR__ligand10056-0
684,HISPOR__ligand28743-0
685,HISPOR__ligand15531-0
686,HISPOR__ligand3157-0
687,HISPOR__ligand11357-0
688,HISPOR__ligand13862-0
689,HISPOR__ligand22168-0
690,HISPOR__ligand28930-0
691,HISPOR__ligand2722-0
692,HISPOR__ligand1379-0
693,HISPOR__ligand22294-0
694,HISPOR__ligand5935-0
695,HISPOR__ligand21919-0
696,HISPOR__ligand1768-0
697,HISPOR__ligand11970-0
698,HISPOR__ligand1469-0
699,HISPOR__ligand15883-0
700,HISPOR__ligand3871-0
701,HISPOR__ligand5357-0
702,HISPOR__ligand11447-0
703,HISPOR__ligand11096-0
704,HISPOR__ligand28810-0
705,HISPOR__ligand3647-0
706,HISPOR__ligand1688-0
707,HISPOR__ligand393-0
708,HISPOR__ligand24230-0
709,HISPOR__ligand5056-0
710,HISPOR__ligand4850-0
711,HISPOR__ligand15926-0
712,HISPOR__ligand10828-0
713,HISPOR__ligand19792-0
714,HISPOR__ligand11682-0
715,HISPOR__ligand20207-0
716,HISPOR__ligand30711-0
717,HISPOR__ligand8349-0
718,HISPOR__ligand1709-0
719,HISPOR__ligand8464-0
720,HISPOR__ligand686-0
721,HISPOR__ligand25913-0
722,HISPOR__ligand422-0
723,HISPOR__ligand16988-0
724,HISPOR__ligand2527-0
725,HISPOR__ligand16663-0
726,HISPOR__ligand14614-0
727,HISPOR__ligand5849-0
728,HISPOR__ligand24035-0
729,HISPOR__ligand196-0
730,HISPOR__ligand4911-0
731,HISPOR__ligand1771-0
732,HISPOR__ligand31044-0
733,HISPOR__ligand31842-0
734,HISPOR__ligand3392-0
735,HISPOR__ligand11994-0
736,HISPOR__ligand14569-0
737,HISPOR__ligand13385-0
738,HISPOR__ligand4332-0
739,HISPOR__ligand22444-0
740,HISPOR__ligand9681-0
741,HISPOR__ligand24111-0
742,HISPOR__ligand11587-0
743,HISPOR__ligand7530-0
744,HISPOR__ligand13220-0
745,HISPOR__ligand1065-0
746,HISPOR__ligand17396-0
747,HISPOR__ligand3012-0
748,HISPOR__ligand1449-0
749,HISPOR__ligand15788-0
750,HISPOR__ligand152-0
751,HISPOR__ligand23175-0
752,HISPOR__ligand27840-0
753,HISPOR__ligand30728-0
754,HISPOR__ligand24872-0
755,HISPOR__ligand506-0
756,HISPOR__ligand43-0
757,HISPOR__ligand2403-0
758,HISPOR__ligand6455-0
759,HISPOR__ligand10033-0
760,HISPOR__ligand6882-0
761,HISPOR__ligand24644-0
762,HISPOR__ligand12001-0
763,HISPOR__ligand3934-0
764,HISPOR__ligand67-0
765,HISPOR__ligand11949-0
766,HISPOR__ligand7529-0
767,HISPOR__ligand6946-0
768,HISPOR__ligand1415-0
769,HISPOR__ligand22129-0
770,HISPOR__ligand24780-0
771,HISPOR__ligand1-0
772,HISPOR__ligand12138-0
773,HISPOR__ligand487-0
774,HISPOR__ligand25561-0
775,HISPOR__ligand9148-0
776,HISPOR__ligand5483-0
777,HISPOR__ligand447-0
778,HISPOR__ligand31694-0
779,HISPOR__ligand29486-0
780,HISPOR__ligand5316-0
781,HISPOR__ligand746-0
782,HISPOR__ligand176-0
783,HISPOR__ligand2830-0
784,HISPOR__ligand1729-0
785,HISPOR__ligand5627-0
786,HISPOR__ligand17427-0
787,HISPOR__ligand395-0
788,HISPOR__ligand6062-0
789,HISPOR__ligand4738-0
790,HISPOR__ligand368-0
791,HISPOR__ligand5813-0
792,HISPOR__ligand26529-0
793,HISPOR__ligand4813-0
794,HISPOR__ligand11618-0
795,HISPOR__ligand6283-0
796,HISPOR__ligand19927-0
797,HISPOR__ligand3-0
798,HISPOR__ligand7107-0
799,HISPOR__ligand26324-0
800,HISPOR__ligand28559-0
801,HISPOR__ligand14043-0
802,HISPOR__ligand3215-0
803,HISPOR__ligand27239-0
804,HISPOR__ligand21729-0
805,HISPOR__ligand784-0
806,HISPOR__ligand29215-0
807,HISPOR__ligand7925-0
808,HISPOR__ligand2068-0
809,HISPOR__ligand26631-0
810,HISPOR__ligand16148-0
811,HISPOR__ligand833-0
812,HISPOR__ligand3973-0
813,HISPOR__ligand12003-0
814,HISPOR__ligand10872-0
815,HISPOR__ligand1147-0
816,HISPOR__ligand21399-0
817,HISPOR__ligand22403-0
818,HISPOR__ligand4330-0
819,HISPOR__ligand2599-0
820,HISPOR__ligand27754-0
821,HISPOR__ligand20695-0
822,HISPOR__ligand115-0
823,HISPOR__ligand4194-0
824,HISPOR__ligand16369-0
825,HISPOR__ligand7532-0
826,HISPOR__ligand11111-0
827,HISPOR__ligand28540-0
