,TMC
0,FIKVOM__ligand571-0
1,FIKVOM__ligand5089-0
2,FIKVOM__ligand2599-0
3,FIKVOM__ligand670-0
4,FIKVOM__ligand118-0
5,FIKVOM__ligand3853-0
6,FIKVOM__ligand2853-0
7,FIKVOM__ligand11-0
8,FIKVOM__ligand6166-0
9,FIKVOM__ligand14530-0
10,FIKVOM__ligand1246-0
11,FIKVOM__ligand509-0
12,FIKVOM__ligand358-0
13,FIKVOM__ligand430-0
14,FIKVOM__ligand669-0
15,FIKVOM__ligand278-0
16,FIKVOM__ligand365-0
17,FIKVOM__ligand10910-0
18,FIKVOM__ligand1307-0
19,FIKVOM__ligand4811-0
20,FIKVOM__ligand1449-1
21,FIKVOM__ligand3337-0
22,FIKVOM__ligand10114-0
23,FIKVOM__ligand7514-0
24,FIKVOM__ligand4894-0
25,FIKVOM__ligand1260-0
26,FIKVOM__ligand9620-0
27,FIKVOM__ligand383-0
28,FIKVOM__ligand1788-0
29,FIKVOM__ligand226-0
30,FIKVOM__ligand162-0
31,FIKVOM__ligand10479-0
32,FIKVOM__ligand3566-0
33,FIKVOM__ligand1178-0
34,FIKVOM__ligand1321-0
35,FIKVOM__ligand166-0
36,FIKVOM__ligand7414-0
37,FIKVOM__ligand5762-0
38,FIKVOM__ligand1104-0
39,FIKVOM__ligand2442-0
40,FIKVOM__ligand1019-0
41,FIKVOM__ligand838-0
42,FIKVOM__ligand92-0
43,FIKVOM__ligand497-0
44,FIKVOM__ligand1325-0
45,FIKVOM__ligand2482-0
46,FIKVOM__ligand6571-0
47,FIKVOM__ligand17-0
48,FIKVOM__ligand532-0
49,FIKVOM__ligand918-0
50,FIKVOM__ligand633-0
51,FIKVOM__ligand2376-0
52,FIKVOM__ligand326-0
53,FIKVOM__ligand821-0
54,FIKVOM__ligand2929-0
55,FIKVOM__ligand283-0
56,FIKVOM__ligand553-0
57,FIKVOM__ligand6430-0
58,FIKVOM__ligand1299-0
59,FIKVOM__ligand206-0
60,FIKVOM__ligand1221-0
61,FIKVOM__ligand1264-0
62,FIKVOM__ligand142-0
63,FIKVOM__ligand1379-0
64,FIKVOM__ligand436-0
65,FIKVOM__ligand140-0
66,FIKVOM__ligand105-0
67,FIKVOM__ligand2916-0
68,FIKVOM__ligand2110-0
69,FIKVOM__ligand3579-0
70,FIKVOM__ligand1712-0
71,FIKVOM__ligand49-0
72,FIKVOM__ligand2389-0
73,FIKVOM__ligand89-0
74,FIKVOM__ligand324-0
75,FIKVOM__ligand361-0
76,FIKVOM__ligand409-0
77,FIKVOM__ligand1919-0
78,FIKVOM__ligand2315-0
79,FIKVOM__ligand4504-0
80,FIKVOM__ligand3051-0
81,FIKVOM__ligand2480-0
82,FIKVOM__ligand1898-0
83,FIKVOM__ligand5334-0
84,FIKVOM__ligand575-0
85,FIKVOM__ligand199-0
86,FIKVOM__ligand927-0
87,FIKVOM__ligand8032-0
88,FIKVOM__ligand1858-0
89,FIKVOM__ligand2954-0
90,FIKVOM__ligand5093-0
91,FIKVOM__ligand596-0
92,FIKVOM__ligand2253-0
93,FIKVOM__ligand1160-0
94,FIKVOM__ligand1038-0
95,FIKVOM__ligand2762-0
96,FIKVOM__ligand861-0
97,FIKVOM__ligand73-0
98,FIKVOM__ligand7550-0
99,FIKVOM__ligand366-0
100,FIKVOM__ligand187-0
101,FIKVOM__ligand612-0
102,FIKVOM__ligand57-0
103,FIKVOM__ligand7630-0
104,FIKVOM__ligand1555-0
105,FIKVOM__ligand1285-0
106,FIKVOM__ligand1907-0
107,FIKVOM__ligand126-0
108,FIKVOM__ligand4423-0
109,FIKVOM__ligand3890-0
110,FIKVOM__ligand10357-0
111,FIKVOM__ligand124-0
112,FIKVOM__ligand7456-0
113,FIKVOM__ligand15630-0
114,FIKVOM__ligand1818-0
115,FIKVOM__ligand95-0
116,FIKVOM__ligand3852-0
117,FIKVOM__ligand55-0
118,FIKVOM__ligand3478-0
119,FIKVOM__ligand5758-0
120,FIKVOM__ligand119-0
121,FIKVOM__ligand321-0
122,FIKVOM__ligand1493-0
123,FIKVOM__ligand34-0
124,FIKVOM__ligand2718-0
125,FIKVOM__ligand3070-0
126,FIKVOM__ligand3035-0
127,FIKVOM__ligand178-0
128,FIKVOM__ligand9176-0
129,FIKVOM__ligand279-0
130,FIKVOM__ligand201-0
131,FIKVOM__ligand244-0
132,FIKVOM__ligand3251-0
133,FIKVOM__ligand100-0
134,FIKVOM__ligand5235-0
135,FIKVOM__ligand6143-0
136,FIKVOM__ligand4619-0
137,FIKVOM__ligand1918-0
138,FIKVOM__ligand4175-0
139,FIKVOM__ligand48-0
140,FIKVOM__ligand141-0
141,FIKVOM__ligand240-0
142,FIKVOM__ligand2255-0
143,FIKVOM__ligand384-0
144,FIKVOM__ligand91-0
145,FIKVOM__ligand1436-0
146,FIKVOM__ligand29-0
147,FIKVOM__ligand120-0
148,FIKVOM__ligand3618-0
149,FIKVOM__ligand2618-0
150,FIKVOM__ligand4370-0
151,FIKVOM__ligand51-0
152,FIKVOM__ligand2526-0
153,FIKVOM__ligand1551-0
154,FIKVOM__ligand8-0
155,FIKVOM__ligand797-0
156,FIKVOM__ligand2707-0
157,FIKVOM__ligand757-0
158,FIKVOM__ligand1690-0
159,FIKVOM__ligand2915-0
160,FIKVOM__ligand4012-0
161,FIKVOM__ligand3196-0
162,FIKVOM__ligand32-0
163,FIKVOM__ligand1685-0
164,FIKVOM__ligand236-0
165,FIKVOM__ligand2087-0
166,FIKVOM__ligand1048-0
167,FIKVOM__ligand86-0
168,FIKVOM__ligand3757-0
169,FIKVOM__ligand1459-0
170,FIKVOM__ligand353-0
171,FIKVOM__ligand1544-0
172,FIKVOM__ligand62-0
173,FIKVOM__ligand3063-0
174,FIKVOM__ligand1438-0
175,FIKVOM__ligand196-0
176,FIKVOM__ligand502-0
177,FIKVOM__ligand5801-0
178,FIKVOM__ligand1171-0
179,FIKVOM__ligand113-0
180,FIKVOM__ligand4-0
181,FIKVOM__ligand422-0
182,FIKVOM__ligand2629-0
183,FIKVOM__ligand210-0
184,FIKVOM__ligand4381-0
185,FIKVOM__ligand1706-0
186,FIKVOM__ligand18-0
187,FIKVOM__ligand3734-0
188,FIKVOM__ligand6-0
189,FIKVOM__ligand314-0
190,FIKVOM__ligand1376-0
191,FIKVOM__ligand481-0
192,FIKVOM__ligand2768-0
193,FIKVOM__ligand2259-0
194,FIKVOM__ligand2688-0
195,FIKVOM__ligand1951-0
196,FIKVOM__ligand1687-0
197,FIKVOM__ligand170-0
198,FIKVOM__ligand391-0
199,FIKVOM__ligand6277-0
200,FIKVOM__ligand2634-0
201,FIKVOM__ligand1542-0
202,FIKVOM__ligand3041-0
203,FIKVOM__ligand485-0
204,FIKVOM__ligand40-0
205,FIKVOM__ligand784-0
206,FIKVOM__ligand355-0
207,FIKVOM__ligand38-0
208,FIKVOM__ligand2751-0
209,FIKVOM__ligand7915-0
210,FIKVOM__ligand5548-0
211,FIKVOM__ligand1747-0
212,FIKVOM__ligand6686-0
213,FIKVOM__ligand115-0
214,FIKVOM__ligand3145-0
215,FIKVOM__ligand291-0
216,FIKVOM__ligand3178-0
217,FIKVOM__ligand6332-0
218,FIKVOM__ligand2098-0
219,FIKVOM__ligand21-0
220,FIKVOM__ligand6502-0
221,FIKVOM__ligand2863-0
222,FIKVOM__ligand1148-0
223,FIKVOM__ligand11730-0
224,FIKVOM__ligand1479-0
225,FIKVOM__ligand66-0
226,FIKVOM__ligand3246-0
227,FIKVOM__ligand682-0
228,FIKVOM__ligand447-0
229,FIKVOM__ligand1114-0
230,FIKVOM__ligand133-0
231,FIKVOM__ligand1538-0
232,FIKVOM__ligand666-0
233,FIKVOM__ligand1228-0
234,FIKVOM__ligand9244-0
235,FIKVOM__ligand522-0
236,FIKVOM__ligand487-0
237,FIKVOM__ligand993-0
238,FIKVOM__ligand294-0
239,FIKVOM__ligand331-0
240,FIKVOM__ligand1052-0
241,FIKVOM__ligand798-0
242,FIKVOM__ligand421-0
243,FIKVOM__ligand916-0
244,FIKVOM__ligand584-0
245,FIKVOM__ligand1273-0
246,FIKVOM__ligand390-0
247,FIKVOM__ligand9027-0
248,FIKVOM__ligand85-0
249,FIKVOM__ligand78-0
250,FIKVOM__ligand1113-0
251,FIKVOM__ligand2265-0
252,FIKVOM__ligand235-0
253,FIKVOM__ligand6396-0
254,FIKVOM__ligand134-0
255,FIKVOM__ligand932-0
256,FIKVOM__ligand1502-0
257,FIKVOM__ligand109-0
258,FIKVOM__ligand525-0
259,FIKVOM__ligand560-0
260,FIKVOM__ligand2794-0
261,FIKVOM__ligand2345-0
262,FIKVOM__ligand45-0
263,FIKVOM__ligand1835-0
264,FIKVOM__ligand4983-0
265,FIKVOM__ligand5022-0
266,FIKVOM__ligand1169-0
267,FIKVOM__ligand783-0
268,FIKVOM__ligand352-0
269,FIKVOM__ligand2880-0
270,FIKVOM__ligand5941-0
271,FIKVOM__ligand442-0
272,FIKVOM__ligand868-0
273,FIKVOM__ligand2838-0
274,FIKVOM__ligand1799-0
275,FIKVOM__ligand3838-0
276,FIKVOM__ligand136-0
277,FIKVOM__ligand9495-0
278,FIKVOM__ligand6151-0
279,FIKVOM__ligand2772-0
280,FIKVOM__ligand6538-0
281,FIKVOM__ligand2142-0
282,FIKVOM__ligand112-0
283,FIKVOM__ligand296-0
284,FIKVOM__ligand197-0
285,FIKVOM__ligand2864-0
286,FIKVOM__ligand955-0
287,FIKVOM__ligand7464-0
288,FIKVOM__ligand252-0
289,FIKVOM__ligand1-0
290,FIKVOM__ligand6294-0
291,FIKVOM__ligand830-0
292,FIKVOM__ligand67-0
293,FIKVOM__ligand1054-0
294,FIKVOM__ligand1598-0
295,FIKVOM__ligand193-0
296,FIKVOM__ligand1248-0
297,FIKVOM__ligand4303-0
298,FIKVOM__ligand851-0
299,FIKVOM__ligand8774-0
300,FIKVOM__ligand909-0
301,FIKVOM__ligand3637-0
302,FIKVOM__ligand934-0
303,FIKVOM__ligand177-0
304,FIKVOM__ligand1152-0
305,FIKVOM__ligand188-0
306,FIKVOM__ligand444-0
307,FIKVOM__ligand1727-0
308,FIKVOM__ligand369-0
309,FIKVOM__ligand311-0
310,FIKVOM__ligand1607-0
311,FIKVOM__ligand370-0
312,FIKVOM__ligand2320-0
313,FIKVOM__ligand1056-0
314,FIKVOM__ligand2862-0
315,FIKVOM__ligand2285-0
316,FIKVOM__ligand1567-0
317,FIKVOM__ligand8921-0
318,FIKVOM__ligand2510-0
319,FIKVOM__ligand250-0
320,FIKVOM__ligand2907-0
321,FIKVOM__ligand3-0
322,FIKVOM__ligand1703-0
323,FIKVOM__ligand2430-0
324,FIKVOM__ligand460-0
