,TMC
0,EZEZUE__ligand2862-0
1,EZEZUE__ligand10357-0
2,EZEZUE__ligand861-0
3,EZEZUE__ligand2320-0
4,EZEZUE__ligand15630-0
5,EZEZUE__ligand1056-0
6,EZEZUE__ligand366-0
7,EZEZUE__ligand32-0
8,EZEZUE__ligand3-0
9,EZEZUE__ligand187-0
10,EZEZUE__ligand2510-0
11,EZEZUE__ligand612-0
12,EZEZUE__ligand8921-0
13,EZEZUE__ligand2285-0
14,EZEZUE__ligand1567-0
15,EZEZUE__ligand2907-0
16,EZEZUE__ligand596-0
17,EZEZUE__ligand1703-0
18,EZEZUE__ligand2430-0
19,EZEZUE__ligand1152-0
20,EZEZUE__ligand126-0
21,EZEZUE__ligand1727-0
22,EZEZUE__ligand1607-0
23,EZEZUE__ligand8774-0
24,EZEZUE__ligand51-0
25,EZEZUE__ligand119-0
26,EZEZUE__ligand3637-0
27,EZEZUE__ligand124-0
28,EZEZUE__ligand91-0
29,EZEZUE__ligand29-0
30,EZEZUE__ligand244-0
31,EZEZUE__ligand201-0
32,EZEZUE__ligand48-0
33,EZEZUE__ligand7464-0
34,EZEZUE__ligand100-0
35,EZEZUE__ligand321-0
36,EZEZUE__ligand1054-0
37,EZEZUE__ligand6294-0
38,EZEZUE__ligand178-0
39,EZEZUE__ligand4303-0
40,EZEZUE__ligand1248-0
41,EZEZUE__ligand279-0
42,EZEZUE__ligand1-0
43,EZEZUE__ligand1598-0
44,EZEZUE__ligand6538-0
45,EZEZUE__ligand6151-0
46,EZEZUE__ligand2772-0
47,EZEZUE__ligand9495-0
48,EZEZUE__ligand141-0
49,EZEZUE__ligand2142-0
50,EZEZUE__ligand240-0
51,EZEZUE__ligand34-0
52,EZEZUE__ligand2864-0
53,EZEZUE__ligand1169-0
54,EZEZUE__ligand55-0
55,EZEZUE__ligand5022-0
56,EZEZUE__ligand2838-0
57,EZEZUE__ligand384-0
58,EZEZUE__ligand1799-0
59,EZEZUE__ligand3838-0
60,EZEZUE__ligand5941-0
61,EZEZUE__ligand2880-0
62,EZEZUE__ligand120-0
63,EZEZUE__ligand95-0
64,EZEZUE__ligand757-0
65,EZEZUE__ligand9027-0
66,EZEZUE__ligand6396-0
67,EZEZUE__ligand1113-0
68,EZEZUE__ligand2265-0
69,EZEZUE__ligand57-0
70,EZEZUE__ligand1502-0
71,EZEZUE__ligand4983-0
72,EZEZUE__ligand797-0
73,EZEZUE__ligand2345-0
74,EZEZUE__ligand2794-0
75,EZEZUE__ligand1835-0
76,EZEZUE__ligand73-0
77,EZEZUE__ligand1052-0
78,EZEZUE__ligand1273-0
79,EZEZUE__ligand1538-0
80,EZEZUE__ligand1114-0
81,EZEZUE__ligand10114-0
82,EZEZUE__ligand509-0
83,EZEZUE__ligand9244-0
84,EZEZUE__ligand571-0
85,EZEZUE__ligand1228-0
86,EZEZUE__ligand670-0
87,EZEZUE__ligand118-0
88,EZEZUE__ligand89-0
89,EZEZUE__ligand278-0
90,EZEZUE__ligand1148-0
91,EZEZUE__ligand365-0
92,EZEZUE__ligand10479-0
93,EZEZUE__ligand1479-0
94,EZEZUE__ligand358-0
95,EZEZUE__ligand430-0
96,EZEZUE__ligand3246-0
97,EZEZUE__ligand49-0
98,EZEZUE__ligand669-0
99,EZEZUE__ligand6686-0
100,EZEZUE__ligand1747-0
101,EZEZUE__ligand5548-0
102,EZEZUE__ligand7915-0
103,EZEZUE__ligand3145-0
104,EZEZUE__ligand6332-0
105,EZEZUE__ligand3178-0
106,EZEZUE__ligand2863-0
107,EZEZUE__ligand14530-0
108,EZEZUE__ligand6502-0
109,EZEZUE__ligand2098-0
110,EZEZUE__ligand2634-0
111,EZEZUE__ligand1542-0
112,EZEZUE__ligand17-0
113,EZEZUE__ligand3041-0
114,EZEZUE__ligand2751-0
115,EZEZUE__ligand383-0
116,EZEZUE__ligand226-0
117,EZEZUE__ligand10910-0
118,EZEZUE__ligand162-0
119,EZEZUE__ligand92-0
120,EZEZUE__ligand2768-0
121,EZEZUE__ligand497-0
122,EZEZUE__ligand1376-0
123,EZEZUE__ligand532-0
124,EZEZUE__ligand2688-0
125,EZEZUE__ligand2259-0
126,EZEZUE__ligand918-0
127,EZEZUE__ligand633-0
128,EZEZUE__ligand166-0
129,EZEZUE__ligand1687-0
130,EZEZUE__ligand1951-0
131,EZEZUE__ligand6277-0
132,EZEZUE__ligand838-0
133,EZEZUE__ligand4381-0
134,EZEZUE__ligand206-0
135,EZEZUE__ligand2629-0
136,EZEZUE__ligand142-0
137,EZEZUE__ligand3734-0
138,EZEZUE__ligand436-0
139,EZEZUE__ligand1706-0
140,EZEZUE__ligand326-0
141,EZEZUE__ligand821-0
142,EZEZUE__ligand283-0
143,EZEZUE__ligand6-0
144,EZEZUE__ligand553-0
145,EZEZUE__ligand1438-0
146,EZEZUE__ligand3063-0
147,EZEZUE__ligand361-0
148,EZEZUE__ligand324-0
149,EZEZUE__ligand409-0
150,EZEZUE__ligand5801-0
151,EZEZUE__ligand4-0
152,EZEZUE__ligand105-0
153,EZEZUE__ligand140-0
154,EZEZUE__ligand1171-0
155,EZEZUE__ligand199-0
156,EZEZUE__ligand1685-0
157,EZEZUE__ligand927-0
158,EZEZUE__ligand3757-0
159,EZEZUE__ligand1048-0
160,EZEZUE__ligand2087-0
161,EZEZUE__ligand1459-0
162,EZEZUE__ligand1544-0
163,EZEZUE__ligand11-0
164,EZEZUE__ligand575-0
165,EZEZUE__ligand798-0
166,EZEZUE__ligand421-0
167,EZEZUE__ligand916-0
168,EZEZUE__ligand584-0
169,EZEZUE__ligand2915-0
170,EZEZUE__ligand4012-0
171,EZEZUE__ligand3196-0
172,EZEZUE__ligand993-0
173,EZEZUE__ligand294-0
174,EZEZUE__ligand331-0
175,EZEZUE__ligand1551-0
176,EZEZUE__ligand109-0
177,EZEZUE__ligand560-0
178,EZEZUE__ligand525-0
179,EZEZUE__ligand2526-0
180,EZEZUE__ligand390-0
181,EZEZUE__ligand2707-0
182,EZEZUE__ligand8-0
183,EZEZUE__ligand235-0
184,EZEZUE__ligand1690-0
185,EZEZUE__ligand932-0
186,EZEZUE__ligand134-0
187,EZEZUE__ligand442-0
188,EZEZUE__ligand868-0
189,EZEZUE__ligand1436-0
190,EZEZUE__ligand3618-0
191,EZEZUE__ligand2618-0
192,EZEZUE__ligand136-0
193,EZEZUE__ligand4370-0
194,EZEZUE__ligand783-0
195,EZEZUE__ligand352-0
196,EZEZUE__ligand296-0
197,EZEZUE__ligand197-0
198,EZEZUE__ligand1918-0
199,EZEZUE__ligand67-0
200,EZEZUE__ligand4175-0
201,EZEZUE__ligand2255-0
202,EZEZUE__ligand112-0
203,EZEZUE__ligand3070-0
204,EZEZUE__ligand3035-0
205,EZEZUE__ligand2718-0
206,EZEZUE__ligand830-0
207,EZEZUE__ligand1493-0
208,EZEZUE__ligand193-0
209,EZEZUE__ligand9176-0
210,EZEZUE__ligand955-0
211,EZEZUE__ligand3251-0
212,EZEZUE__ligand252-0
213,EZEZUE__ligand4619-0
214,EZEZUE__ligand5235-0
215,EZEZUE__ligand6143-0
216,EZEZUE__ligand7456-0
217,EZEZUE__ligand934-0
218,EZEZUE__ligand177-0
219,EZEZUE__ligand1818-0
220,EZEZUE__ligand3478-0
221,EZEZUE__ligand851-0
222,EZEZUE__ligand3852-0
223,EZEZUE__ligand909-0
224,EZEZUE__ligand5758-0
225,EZEZUE__ligand7630-0
226,EZEZUE__ligand311-0
227,EZEZUE__ligand45-0
228,EZEZUE__ligand1285-0
229,EZEZUE__ligand1555-0
230,EZEZUE__ligand4423-0
231,EZEZUE__ligand85-0
232,EZEZUE__ligand188-0
233,EZEZUE__ligand78-0
234,EZEZUE__ligand1907-0
235,EZEZUE__ligand444-0
236,EZEZUE__ligand369-0
237,EZEZUE__ligand3890-0
238,EZEZUE__ligand250-0
239,EZEZUE__ligand2253-0
240,EZEZUE__ligand1160-0
241,EZEZUE__ligand2954-0
242,EZEZUE__ligand5093-0
243,EZEZUE__ligand2762-0
244,EZEZUE__ligand1038-0
245,EZEZUE__ligand460-0
246,EZEZUE__ligand370-0
247,EZEZUE__ligand7550-0
248,EZEZUE__ligand1898-0
249,EZEZUE__ligand4504-0
250,EZEZUE__ligand3051-0
251,EZEZUE__ligand2480-0
252,EZEZUE__ligand353-0
253,EZEZUE__ligand2315-0
254,EZEZUE__ligand5334-0
255,EZEZUE__ligand236-0
256,EZEZUE__ligand1858-0
257,EZEZUE__ligand8032-0
258,EZEZUE__ligand3579-0
259,EZEZUE__ligand2916-0
260,EZEZUE__ligand2110-0
261,EZEZUE__ligand113-0
262,EZEZUE__ligand422-0
263,EZEZUE__ligand1712-0
264,EZEZUE__ligand2389-0
265,EZEZUE__ligand502-0
266,EZEZUE__ligand196-0
267,EZEZUE__ligand66-0
268,EZEZUE__ligand1919-0
269,EZEZUE__ligand2376-0
270,EZEZUE__ligand21-0
271,EZEZUE__ligand2929-0
272,EZEZUE__ligand1221-0
273,EZEZUE__ligand1264-0
274,EZEZUE__ligand1299-0
275,EZEZUE__ligand210-0
276,EZEZUE__ligand6430-0
277,EZEZUE__ligand1379-0
278,EZEZUE__ligand7414-0
279,EZEZUE__ligand5762-0
280,EZEZUE__ligand1104-0
281,EZEZUE__ligand38-0
282,EZEZUE__ligand170-0
283,EZEZUE__ligand391-0
284,EZEZUE__ligand1019-0
285,EZEZUE__ligand2442-0
286,EZEZUE__ligand6571-0
287,EZEZUE__ligand314-0
288,EZEZUE__ligand1325-0
289,EZEZUE__ligand2482-0
290,EZEZUE__ligand481-0
291,EZEZUE__ligand40-0
292,EZEZUE__ligand11730-0
293,EZEZUE__ligand1788-0
294,EZEZUE__ligand1178-0
295,EZEZUE__ligand3566-0
296,EZEZUE__ligand1321-0
297,EZEZUE__ligand485-0
298,EZEZUE__ligand784-0
299,EZEZUE__ligand355-0
300,EZEZUE__ligand291-0
301,EZEZUE__ligand4811-0
302,EZEZUE__ligand1449-1
303,EZEZUE__ligand3337-0
304,EZEZUE__ligand7514-0
305,EZEZUE__ligand18-0
306,EZEZUE__ligand9620-0
307,EZEZUE__ligand115-0
308,EZEZUE__ligand1260-0
309,EZEZUE__ligand4894-0
310,EZEZUE__ligand682-0
311,EZEZUE__ligand62-0
312,EZEZUE__ligand1307-0
313,EZEZUE__ligand666-0
314,EZEZUE__ligand5089-0
315,EZEZUE__ligand2599-0
316,EZEZUE__ligand522-0
317,EZEZUE__ligand487-0
318,EZEZUE__ligand3853-0
319,EZEZUE__ligand2853-0
320,EZEZUE__ligand6166-0
321,EZEZUE__ligand447-0
322,EZEZUE__ligand86-0
323,EZEZUE__ligand133-0
324,EZEZUE__ligand1246-0
