,TMC
0,WIPZAZ__ligand62-0
1,WIPZAZ__ligand1918-0
2,WIPZAZ__ligand352-0
3,WIPZAZ__ligand783-0
4,WIPZAZ__ligand868-0
5,WIPZAZ__ligand442-0
6,WIPZAZ__ligand2255-0
7,WIPZAZ__ligand4175-0
8,WIPZAZ__ligand136-0
9,WIPZAZ__ligand3618-0
10,WIPZAZ__ligand2618-0
11,WIPZAZ__ligand112-0
12,WIPZAZ__ligand1436-0
13,WIPZAZ__ligand86-0
14,WIPZAZ__ligand197-0
15,WIPZAZ__ligand296-0
16,WIPZAZ__ligand4370-0
17,WIPZAZ__ligand294-0
18,WIPZAZ__ligand993-0
19,WIPZAZ__ligand331-0
20,WIPZAZ__ligand2526-0
21,WIPZAZ__ligand1551-0
22,WIPZAZ__ligand1690-0
23,WIPZAZ__ligand421-0
24,WIPZAZ__ligand798-0
25,WIPZAZ__ligand11730-0
26,WIPZAZ__ligand584-0
27,WIPZAZ__ligand916-0
28,WIPZAZ__ligand2707-0
29,WIPZAZ__ligand2915-0
30,WIPZAZ__ligand390-0
31,WIPZAZ__ligand932-0
32,WIPZAZ__ligand134-0
33,WIPZAZ__ligand235-0
34,WIPZAZ__ligand18-0
35,WIPZAZ__ligand560-0
36,WIPZAZ__ligand525-0
37,WIPZAZ__ligand109-0
38,WIPZAZ__ligand4012-0
39,WIPZAZ__ligand3196-0
40,WIPZAZ__ligand1038-0
41,WIPZAZ__ligand188-0
42,WIPZAZ__ligand2762-0
43,WIPZAZ__ligand2954-0
44,WIPZAZ__ligand5093-0
45,WIPZAZ__ligand369-0
46,WIPZAZ__ligand444-0
47,WIPZAZ__ligand2253-0
48,WIPZAZ__ligand1160-0
49,WIPZAZ__ligand311-0
50,WIPZAZ__ligand21-0
51,WIPZAZ__ligand7550-0
52,WIPZAZ__ligand1555-0
53,WIPZAZ__ligand1285-0
54,WIPZAZ__ligand370-0
55,WIPZAZ__ligand40-0
56,WIPZAZ__ligand7630-0
57,WIPZAZ__ligand250-0
58,WIPZAZ__ligand38-0
59,WIPZAZ__ligand3890-0
60,WIPZAZ__ligand460-0
61,WIPZAZ__ligand1907-0
62,WIPZAZ__ligand4423-0
63,WIPZAZ__ligand252-0
64,WIPZAZ__ligand1818-0
65,WIPZAZ__ligand955-0
66,WIPZAZ__ligand7456-0
67,WIPZAZ__ligand5758-0
68,WIPZAZ__ligand830-0
69,WIPZAZ__ligand3852-0
70,WIPZAZ__ligand3478-0
71,WIPZAZ__ligand193-0
72,WIPZAZ__ligand9176-0
73,WIPZAZ__ligand851-0
74,WIPZAZ__ligand1493-0
75,WIPZAZ__ligand66-0
76,WIPZAZ__ligand3070-0
77,WIPZAZ__ligand3035-0
78,WIPZAZ__ligand2718-0
79,WIPZAZ__ligand909-0
80,WIPZAZ__ligand934-0
81,WIPZAZ__ligand177-0
82,WIPZAZ__ligand5235-0
83,WIPZAZ__ligand6143-0
84,WIPZAZ__ligand4619-0
85,WIPZAZ__ligand3251-0
86,WIPZAZ__ligand1019-0
87,WIPZAZ__ligand210-0
88,WIPZAZ__ligand2442-0
89,WIPZAZ__ligand78-0
90,WIPZAZ__ligand85-0
91,WIPZAZ__ligand5762-0
92,WIPZAZ__ligand7414-0
93,WIPZAZ__ligand1104-0
94,WIPZAZ__ligand1325-0
95,WIPZAZ__ligand2482-0
96,WIPZAZ__ligand6571-0
97,WIPZAZ__ligand45-0
98,WIPZAZ__ligand481-0
99,WIPZAZ__ligand2929-0
100,WIPZAZ__ligand314-0
101,WIPZAZ__ligand2376-0
102,WIPZAZ__ligand170-0
103,WIPZAZ__ligand1379-0
104,WIPZAZ__ligand1299-0
105,WIPZAZ__ligand6430-0
106,WIPZAZ__ligand391-0
107,WIPZAZ__ligand1221-0
108,WIPZAZ__ligand1264-0
109,WIPZAZ__ligand236-0
110,WIPZAZ__ligand1712-0
111,WIPZAZ__ligand2916-0
112,WIPZAZ__ligand2110-0
113,WIPZAZ__ligand3579-0
114,WIPZAZ__ligand1919-0
115,WIPZAZ__ligand353-0
116,WIPZAZ__ligand2389-0
117,WIPZAZ__ligand5334-0
118,WIPZAZ__ligand502-0
119,WIPZAZ__ligand2315-0
120,WIPZAZ__ligand196-0
121,WIPZAZ__ligand1898-0
122,WIPZAZ__ligand4504-0
123,WIPZAZ__ligand3051-0
124,WIPZAZ__ligand2480-0
125,WIPZAZ__ligand113-0
126,WIPZAZ__ligand8032-0
127,WIPZAZ__ligand1858-0
128,WIPZAZ__ligand422-0
129,WIPZAZ__ligand8-0
130,WIPZAZ__ligand3853-0
131,WIPZAZ__ligand2853-0
132,WIPZAZ__ligand2599-0
133,WIPZAZ__ligand5089-0
134,WIPZAZ__ligand1246-0
135,WIPZAZ__ligand682-0
136,WIPZAZ__ligand6166-0
137,WIPZAZ__ligand447-0
138,WIPZAZ__ligand133-0
139,WIPZAZ__ligand522-0
140,WIPZAZ__ligand67-0
141,WIPZAZ__ligand1307-0
142,WIPZAZ__ligand666-0
143,WIPZAZ__ligand487-0
144,WIPZAZ__ligand3337-0
145,WIPZAZ__ligand7514-0
146,WIPZAZ__ligand4811-0
147,WIPZAZ__ligand1449-1
148,WIPZAZ__ligand355-0
149,WIPZAZ__ligand784-0
150,WIPZAZ__ligand485-0
151,WIPZAZ__ligand9620-0
152,WIPZAZ__ligand4894-0
153,WIPZAZ__ligand1260-0
154,WIPZAZ__ligand1788-0
155,WIPZAZ__ligand115-0
156,WIPZAZ__ligand1321-0
157,WIPZAZ__ligand291-0
158,WIPZAZ__ligand1178-0
159,WIPZAZ__ligand3566-0
160,WIPZAZ__ligand124-0
161,WIPZAZ__ligand7464-0
162,WIPZAZ__ligand1598-0
163,WIPZAZ__ligand4303-0
164,WIPZAZ__ligand1248-0
165,WIPZAZ__ligand119-0
166,WIPZAZ__ligand6294-0
167,WIPZAZ__ligand1054-0
168,WIPZAZ__ligand3637-0
169,WIPZAZ__ligand321-0
170,WIPZAZ__ligand11-0
171,WIPZAZ__ligand279-0
172,WIPZAZ__ligand8774-0
173,WIPZAZ__ligand178-0
174,WIPZAZ__ligand100-0
175,WIPZAZ__ligand244-0
176,WIPZAZ__ligand201-0
177,WIPZAZ__ligand1727-0
178,WIPZAZ__ligand596-0
179,WIPZAZ__ligand1152-0
180,WIPZAZ__ligand366-0
181,WIPZAZ__ligand1607-0
182,WIPZAZ__ligand861-0
183,WIPZAZ__ligand612-0
184,WIPZAZ__ligand187-0
185,WIPZAZ__ligand8921-0
186,WIPZAZ__ligand2285-0
187,WIPZAZ__ligand1567-0
188,WIPZAZ__ligand2510-0
189,WIPZAZ__ligand2320-0
190,WIPZAZ__ligand1056-0
191,WIPZAZ__ligand2862-0
192,WIPZAZ__ligand126-0
193,WIPZAZ__ligand1703-0
194,WIPZAZ__ligand2430-0
195,WIPZAZ__ligand2907-0
196,WIPZAZ__ligand14530-0
197,WIPZAZ__ligand1052-0
198,WIPZAZ__ligand797-0
199,WIPZAZ__ligand4-0
200,WIPZAZ__ligand1273-0
201,WIPZAZ__ligand757-0
202,WIPZAZ__ligand1113-0
203,WIPZAZ__ligand10910-0
204,WIPZAZ__ligand2265-0
205,WIPZAZ__ligand6396-0
206,WIPZAZ__ligand92-0
207,WIPZAZ__ligand9027-0
208,WIPZAZ__ligand17-0
209,WIPZAZ__ligand2794-0
210,WIPZAZ__ligand2345-0
211,WIPZAZ__ligand1835-0
212,WIPZAZ__ligand4983-0
213,WIPZAZ__ligand1502-0
214,WIPZAZ__ligand1169-0
215,WIPZAZ__ligand5022-0
216,WIPZAZ__ligand10114-0
217,WIPZAZ__ligand240-0
218,WIPZAZ__ligand2880-0
219,WIPZAZ__ligand5941-0
220,WIPZAZ__ligand2838-0
221,WIPZAZ__ligand1799-0
222,WIPZAZ__ligand3838-0
223,WIPZAZ__ligand141-0
224,WIPZAZ__ligand384-0
225,WIPZAZ__ligand2142-0
226,WIPZAZ__ligand6151-0
227,WIPZAZ__ligand2772-0
228,WIPZAZ__ligand120-0
229,WIPZAZ__ligand9495-0
230,WIPZAZ__ligand49-0
231,WIPZAZ__ligand6538-0
232,WIPZAZ__ligand10479-0
233,WIPZAZ__ligand2864-0
234,WIPZAZ__ligand89-0
235,WIPZAZ__ligand6-0
236,WIPZAZ__ligand3041-0
237,WIPZAZ__ligand57-0
238,WIPZAZ__ligand2634-0
239,WIPZAZ__ligand1542-0
240,WIPZAZ__ligand2751-0
241,WIPZAZ__ligand3145-0
242,WIPZAZ__ligand383-0
243,WIPZAZ__ligand5548-0
244,WIPZAZ__ligand7915-0
245,WIPZAZ__ligand162-0
246,WIPZAZ__ligand1747-0
247,WIPZAZ__ligand6686-0
248,WIPZAZ__ligand226-0
249,WIPZAZ__ligand6502-0
250,WIPZAZ__ligand73-0
251,WIPZAZ__ligand2098-0
252,WIPZAZ__ligand2863-0
253,WIPZAZ__ligand3178-0
254,WIPZAZ__ligand1-0
255,WIPZAZ__ligand6332-0
256,WIPZAZ__ligand1479-0
257,WIPZAZ__ligand118-0
258,WIPZAZ__ligand670-0
259,WIPZAZ__ligand34-0
260,WIPZAZ__ligand571-0
261,WIPZAZ__ligand1148-0
262,WIPZAZ__ligand3-0
263,WIPZAZ__ligand3246-0
264,WIPZAZ__ligand509-0
265,WIPZAZ__ligand1114-0
266,WIPZAZ__ligand430-0
267,WIPZAZ__ligand358-0
268,WIPZAZ__ligand1538-0
269,WIPZAZ__ligand669-0
270,WIPZAZ__ligand95-0
271,WIPZAZ__ligand55-0
272,WIPZAZ__ligand278-0
273,WIPZAZ__ligand1228-0
274,WIPZAZ__ligand9244-0
275,WIPZAZ__ligand365-0
276,WIPZAZ__ligand1048-0
277,WIPZAZ__ligand29-0
278,WIPZAZ__ligand2087-0
279,WIPZAZ__ligand91-0
280,WIPZAZ__ligand3757-0
281,WIPZAZ__ligand105-0
282,WIPZAZ__ligand140-0
283,WIPZAZ__ligand1685-0
284,WIPZAZ__ligand409-0
285,WIPZAZ__ligand361-0
286,WIPZAZ__ligand324-0
287,WIPZAZ__ligand1544-0
288,WIPZAZ__ligand1459-0
289,WIPZAZ__ligand51-0
290,WIPZAZ__ligand5801-0
291,WIPZAZ__ligand575-0
292,WIPZAZ__ligand1438-0
293,WIPZAZ__ligand3063-0
294,WIPZAZ__ligand927-0
295,WIPZAZ__ligand48-0
296,WIPZAZ__ligand199-0
297,WIPZAZ__ligand1171-0
298,WIPZAZ__ligand1706-0
299,WIPZAZ__ligand3734-0
300,WIPZAZ__ligand166-0
301,WIPZAZ__ligand2629-0
302,WIPZAZ__ligand838-0
303,WIPZAZ__ligand4381-0
304,WIPZAZ__ligand497-0
305,WIPZAZ__ligand633-0
306,WIPZAZ__ligand10357-0
307,WIPZAZ__ligand918-0
308,WIPZAZ__ligand532-0
309,WIPZAZ__ligand15630-0
310,WIPZAZ__ligand32-0
311,WIPZAZ__ligand821-0
312,WIPZAZ__ligand326-0
313,WIPZAZ__ligand2259-0
314,WIPZAZ__ligand2688-0
315,WIPZAZ__ligand553-0
316,WIPZAZ__ligand2768-0
317,WIPZAZ__ligand283-0
318,WIPZAZ__ligand1376-0
319,WIPZAZ__ligand142-0
320,WIPZAZ__ligand6277-0
321,WIPZAZ__ligand206-0
322,WIPZAZ__ligand1951-0
323,WIPZAZ__ligand436-0
324,WIPZAZ__ligand1687-0
