,TMC
0,WUBZUQ__ligand16628-0
1,WUBZUQ__ligand1539-0
2,WUBZUQ__ligand20740-0
3,WUBZUQ__ligand28468-0
4,WUBZUQ__ligand1150-0
5,WUBZUQ__ligand12427-0
6,WUBZUQ__ligand27460-0
7,WUBZUQ__ligand3416-0
8,WUBZUQ__ligand3453-0
9,WUBZUQ__ligand4207-0
10,WUBZUQ__ligand3042-0
11,WUBZUQ__ligand12606-0
12,WUBZUQ__ligand30333-0
13,WUBZUQ__ligand8200-0
14,WUBZUQ__ligand12337-0
15,WUBZUQ__ligand7438-0
16,WUBZUQ__ligand197-0
17,WUBZUQ__ligand29410-0
18,WUBZUQ__ligand4063-0
19,WUBZUQ__ligand26540-0
20,WUBZUQ__ligand17281-0
21,WUBZUQ__ligand30296-0
22,WUBZUQ__ligand1779-0
23,WUBZUQ__ligand783-0
24,WUBZUQ__ligand352-0
25,WUBZUQ__ligand89-0
26,WUBZUQ__ligand31783-0
27,WUBZUQ__ligand1817-0
28,WUBZUQ__ligand6993-0
29,WUBZUQ__ligand9750-0
30,WUBZUQ__ligand26665-0
31,WUBZUQ__ligand7075-0
32,WUBZUQ__ligand17631-0
33,WUBZUQ__ligand13012-0
34,WUBZUQ__ligand3557-0
35,WUBZUQ__ligand3980-0
36,WUBZUQ__ligand17258-0
37,WUBZUQ__ligand1149-0
38,WUBZUQ__ligand14297-0
39,WUBZUQ__ligand14603-0
40,WUBZUQ__ligand1288-0
41,WUBZUQ__ligand30988-0
42,WUBZUQ__ligand18832-0
43,WUBZUQ__ligand27175-0
44,WUBZUQ__ligand23713-0
45,WUBZUQ__ligand4266-0
46,WUBZUQ__ligand1400-0
47,WUBZUQ__ligand19641-0
48,WUBZUQ__ligand868-0
49,WUBZUQ__ligand9491-0
50,WUBZUQ__ligand49-0
51,WUBZUQ__ligand15422-0
52,WUBZUQ__ligand20578-0
53,WUBZUQ__ligand12934-0
54,WUBZUQ__ligand27893-0
55,WUBZUQ__ligand4167-0
56,WUBZUQ__ligand14723-0
57,WUBZUQ__ligand4-0
58,WUBZUQ__ligand5085-0
59,WUBZUQ__ligand3144-0
60,WUBZUQ__ligand19830-0
61,WUBZUQ__ligand13068-0
62,WUBZUQ__ligand134-0
63,WUBZUQ__ligand10476-0
64,WUBZUQ__ligand5755-0
65,WUBZUQ__ligand24145-0
66,WUBZUQ__ligand4710-0
67,WUBZUQ__ligand235-0
68,WUBZUQ__ligand15585-0
69,WUBZUQ__ligand12401-0
70,WUBZUQ__ligand1828-0
71,WUBZUQ__ligand12231-0
72,WUBZUQ__ligand7213-0
73,WUBZUQ__ligand1397-0
74,WUBZUQ__ligand12130-0
75,WUBZUQ__ligand17387-0
76,WUBZUQ__ligand8042-0
77,WUBZUQ__ligand12289-0
78,WUBZUQ__ligand18292-0
79,WUBZUQ__ligand13658-0
80,WUBZUQ__ligand6112-0
81,WUBZUQ__ligand26702-0
82,WUBZUQ__ligand1786-0
83,WUBZUQ__ligand17805-0
84,WUBZUQ__ligand5630-0
85,WUBZUQ__ligand17302-0
86,WUBZUQ__ligand25178-0
87,WUBZUQ__ligand1908-0
88,WUBZUQ__ligand560-0
89,WUBZUQ__ligand23769-0
90,WUBZUQ__ligand4795-0
91,WUBZUQ__ligand24185-0
92,WUBZUQ__ligand3285-0
93,WUBZUQ__ligand1831-0
94,WUBZUQ__ligand5614-0
95,WUBZUQ__ligand10958-0
96,WUBZUQ__ligand5280-0
97,WUBZUQ__ligand12641-0
98,WUBZUQ__ligand6663-0
99,WUBZUQ__ligand17-0
100,WUBZUQ__ligand5515-0
101,WUBZUQ__ligand294-0
102,WUBZUQ__ligand14108-0
103,WUBZUQ__ligand685-0
104,WUBZUQ__ligand13425-0
105,WUBZUQ__ligand29302-0
106,WUBZUQ__ligand5019-0
107,WUBZUQ__ligand3261-0
108,WUBZUQ__ligand1152-0
109,WUBZUQ__ligand18814-0
110,WUBZUQ__ligand1216-0
111,WUBZUQ__ligand19057-0
112,WUBZUQ__ligand27763-0
113,WUBZUQ__ligand10262-0
114,WUBZUQ__ligand28676-0
115,WUBZUQ__ligand1849-0
116,WUBZUQ__ligand421-0
117,WUBZUQ__ligand28884-0
118,WUBZUQ__ligand13331-0
119,WUBZUQ__ligand29879-0
120,WUBZUQ__ligand14248-0
121,WUBZUQ__ligand8593-0
122,WUBZUQ__ligand12030-0
123,WUBZUQ__ligand9944-0
124,WUBZUQ__ligand13294-0
125,WUBZUQ__ligand31832-0
126,WUBZUQ__ligand2001-0
127,WUBZUQ__ligand370-0
128,WUBZUQ__ligand7566-0
129,WUBZUQ__ligand5201-0
130,WUBZUQ__ligand25411-0
131,WUBZUQ__ligand11456-0
132,WUBZUQ__ligand14174-0
133,WUBZUQ__ligand250-0
134,WUBZUQ__ligand8553-0
135,WUBZUQ__ligand10712-0
136,WUBZUQ__ligand1113-0
137,WUBZUQ__ligand20682-0
138,WUBZUQ__ligand4124-0
139,WUBZUQ__ligand3471-0
140,WUBZUQ__ligand4161-0
141,WUBZUQ__ligand188-0
142,WUBZUQ__ligand5415-0
143,WUBZUQ__ligand13390-0
144,WUBZUQ__ligand620-0
145,WUBZUQ__ligand4340-0
146,WUBZUQ__ligand370-1
147,WUBZUQ__ligand2281-0
148,WUBZUQ__ligand2650-0
149,WUBZUQ__ligand564-0
150,WUBZUQ__ligand3180-0
151,WUBZUQ__ligand479-0
152,WUBZUQ__ligand6995-0
153,WUBZUQ__ligand13208-0
154,WUBZUQ__ligand311-0
155,WUBZUQ__ligand785-0
156,WUBZUQ__ligand26810-0
157,WUBZUQ__ligand27482-0
158,WUBZUQ__ligand2823-0
159,WUBZUQ__ligand28789-0
160,WUBZUQ__ligand21371-0
161,WUBZUQ__ligand909-0
162,WUBZUQ__ligand17118-0
163,WUBZUQ__ligand20419-0
164,WUBZUQ__ligand14889-0
165,WUBZUQ__ligand2027-0
166,WUBZUQ__ligand30851-0
167,WUBZUQ__ligand29568-0
168,WUBZUQ__ligand1050-0
169,WUBZUQ__ligand1015-0
170,WUBZUQ__ligand21581-0
171,WUBZUQ__ligand31097-0
172,WUBZUQ__ligand1028-0
173,WUBZUQ__ligand20251-0
174,WUBZUQ__ligand30702-0
175,WUBZUQ__ligand20214-0
176,WUBZUQ__ligand4262-0
177,WUBZUQ__ligand20539-0
178,WUBZUQ__ligand177-0
179,WUBZUQ__ligand14117-0
180,WUBZUQ__ligand1618-0
181,WUBZUQ__ligand17261-0
182,WUBZUQ__ligand2692-0
183,WUBZUQ__ligand69-0
184,WUBZUQ__ligand14703-0
185,WUBZUQ__ligand16475-0
186,WUBZUQ__ligand1498-0
187,WUBZUQ__ligand4596-0
188,WUBZUQ__ligand1154-0
189,WUBZUQ__ligand252-0
190,WUBZUQ__ligand20251-1
191,WUBZUQ__ligand116-0
192,WUBZUQ__ligand9615-0
193,WUBZUQ__ligand17982-0
194,WUBZUQ__ligand1169-0
195,WUBZUQ__ligand193-0
196,WUBZUQ__ligand29414-0
197,WUBZUQ__ligand20011-0
198,WUBZUQ__ligand17278-0
199,WUBZUQ__ligand8529-0
200,WUBZUQ__ligand24047-0
201,WUBZUQ__ligand22557-0
202,WUBZUQ__ligand10589-0
203,WUBZUQ__ligand20598-0
204,WUBZUQ__ligand11675-0
205,WUBZUQ__ligand372-0
206,WUBZUQ__ligand11-0
207,WUBZUQ__ligand17398-0
208,WUBZUQ__ligand830-0
209,WUBZUQ__ligand4807-0
210,WUBZUQ__ligand15168-0
211,WUBZUQ__ligand3178-0
212,WUBZUQ__ligand32-0
213,WUBZUQ__ligand1356-0
214,WUBZUQ__ligand1787-0
215,WUBZUQ__ligand5530-0
216,WUBZUQ__ligand9753-0
217,WUBZUQ__ligand813-0
218,WUBZUQ__ligand23589-0
219,WUBZUQ__ligand24064-0
220,WUBZUQ__ligand7196-0
221,WUBZUQ__ligand5159-0
222,WUBZUQ__ligand780-0
223,WUBZUQ__ligand314-0
224,WUBZUQ__ligand4649-0
225,WUBZUQ__ligand8793-0
226,WUBZUQ__ligand2788-0
227,WUBZUQ__ligand5649-0
228,WUBZUQ__ligand391-0
229,WUBZUQ__ligand22755-0
230,WUBZUQ__ligand2906-0
231,WUBZUQ__ligand618-0
232,WUBZUQ__ligand31618-0
233,WUBZUQ__ligand11432-0
234,WUBZUQ__ligand10432-0
235,WUBZUQ__ligand4711-0
236,WUBZUQ__ligand26277-0
237,WUBZUQ__ligand3244-0
238,WUBZUQ__ligand29898-0
239,WUBZUQ__ligand7172-0
240,WUBZUQ__ligand7273-0
241,WUBZUQ__ligand24750-0
242,WUBZUQ__ligand465-0
243,WUBZUQ__ligand9323-0
244,WUBZUQ__ligand31578-0
245,WUBZUQ__ligand17207-0
246,WUBZUQ__ligand7092-0
247,WUBZUQ__ligand2260-0
248,WUBZUQ__ligand1153-0
249,WUBZUQ__ligand3225-0
250,WUBZUQ__ligand1116-0
251,WUBZUQ__ligand8612-0
252,WUBZUQ__ligand17945-0
253,WUBZUQ__ligand18013-0
254,WUBZUQ__ligand2124-0
255,WUBZUQ__ligand25224-0
256,WUBZUQ__ligand314-1
257,WUBZUQ__ligand6017-0
258,WUBZUQ__ligand18703-0
259,WUBZUQ__ligand7316-0
260,WUBZUQ__ligand5708-0
261,WUBZUQ__ligand29087-0
262,WUBZUQ__ligand28924-0
263,WUBZUQ__ligand16-0
264,WUBZUQ__ligand5180-0
265,WUBZUQ__ligand15438-0
266,WUBZUQ__ligand12336-0
267,WUBZUQ__ligand196-0
268,WUBZUQ__ligand1604-0
269,WUBZUQ__ligand9943-0
270,WUBZUQ__ligand1228-0
271,WUBZUQ__ligand13072-0
272,WUBZUQ__ligand51-0
273,WUBZUQ__ligand2043-0
274,WUBZUQ__ligand1832-0
275,WUBZUQ__ligand8788-0
276,WUBZUQ__ligand422-0
277,WUBZUQ__ligand12682-0
278,WUBZUQ__ligand18699-0
279,WUBZUQ__ligand2417-0
280,WUBZUQ__ligand91-0
281,WUBZUQ__ligand3126-0
282,WUBZUQ__ligand6391-0
283,WUBZUQ__ligand9284-0
284,WUBZUQ__ligand17590-0
285,WUBZUQ__ligand1114-0
286,WUBZUQ__ligand686-0
287,WUBZUQ__ligand17240-0
288,WUBZUQ__ligand11568-0
289,WUBZUQ__ligand48-0
290,WUBZUQ__ligand393-0
291,WUBZUQ__ligand20579-0
292,WUBZUQ__ligand17710-0
293,WUBZUQ__ligand11774-0
294,WUBZUQ__ligand14586-0
295,WUBZUQ__ligand1289-0
296,WUBZUQ__ligand2203-0
297,WUBZUQ__ligand5387-0
298,WUBZUQ__ligand21421-0
299,WUBZUQ__ligand19725-0
300,WUBZUQ__ligand2612-0
301,WUBZUQ__ligand24613-0
302,WUBZUQ__ligand1599-0
303,WUBZUQ__ligand9450-0
304,WUBZUQ__ligand353-0
305,WUBZUQ__ligand10555-0
306,WUBZUQ__ligand31483-0
307,WUBZUQ__ligand29863-0
308,WUBZUQ__ligand176-0
309,WUBZUQ__ligand3-0
310,WUBZUQ__ligand18074-0
311,WUBZUQ__ligand3945-0
312,WUBZUQ__ligand13869-0
313,WUBZUQ__ligand2693-0
314,WUBZUQ__ligand5383-0
315,WUBZUQ__ligand447-0
316,WUBZUQ__ligand9344-0
317,WUBZUQ__ligand11140-0
318,WUBZUQ__ligand3736-0
319,WUBZUQ__ligand746-0
320,WUBZUQ__ligand29610-0
321,WUBZUQ__ligand8000-0
322,WUBZUQ__ligand487-0
323,WUBZUQ__ligand34-0
324,WUBZUQ__ligand7291-0
325,WUBZUQ__ligand28668-0
326,WUBZUQ__ligand9883-0
327,WUBZUQ__ligand3677-1
328,WUBZUQ__ligand16791-0
329,WUBZUQ__ligand4007-0
330,WUBZUQ__ligand2985-0
331,WUBZUQ__ligand18465-0
332,WUBZUQ__ligand18799-0
333,WUBZUQ__ligand9299-0
334,WUBZUQ__ligand25805-0
335,WUBZUQ__ligand22981-0
336,WUBZUQ__ligand20599-0
337,WUBZUQ__ligand6699-0
338,WUBZUQ__ligand55-0
339,WUBZUQ__ligand27074-0
340,WUBZUQ__ligand27169-0
341,WUBZUQ__ligand14523-0
342,WUBZUQ__ligand3632-0
343,WUBZUQ__ligand3677-0
344,WUBZUQ__ligand18391-0
345,WUBZUQ__ligand506-0
346,WUBZUQ__ligand1168-0
347,WUBZUQ__ligand1294-0
348,WUBZUQ__ligand6892-0
349,WUBZUQ__ligand12467-0
350,WUBZUQ__ligand25267-0
351,WUBZUQ__ligand1211-0
352,WUBZUQ__ligand152-0
353,WUBZUQ__ligand10084-0
354,WUBZUQ__ligand68-0
355,WUBZUQ__ligand23904-0
356,WUBZUQ__ligand3712-0
357,WUBZUQ__ligand1464-0
358,WUBZUQ__ligand13257-0
359,WUBZUQ__ligand1499-0
360,WUBZUQ__ligand2881-0
361,WUBZUQ__ligand21936-0
362,WUBZUQ__ligand115-0
363,WUBZUQ__ligand4358-0
364,WUBZUQ__ligand3120-0
365,WUBZUQ__ligand3926-0
366,WUBZUQ__ligand30539-0
367,WUBZUQ__ligand2221-0
368,WUBZUQ__ligand5595-0
369,WUBZUQ__ligand21132-0
370,WUBZUQ__ligand4101-0
371,WUBZUQ__ligand11166-0
372,WUBZUQ__ligand23906-0
373,WUBZUQ__ligand12295-0
374,WUBZUQ__ligand833-0
375,WUBZUQ__ligand9773-0
376,WUBZUQ__ligand1376-0
377,WUBZUQ__ligand57-0
378,WUBZUQ__ligand27835-0
379,WUBZUQ__ligand5510-0
380,WUBZUQ__ligand1296-0
381,WUBZUQ__ligand2259-0
382,WUBZUQ__ligand1197-0
383,WUBZUQ__ligand21787-0
384,WUBZUQ__ligand25575-0
385,WUBZUQ__ligand5099-0
386,WUBZUQ__ligand25689-0
387,WUBZUQ__ligand8592-0
388,WUBZUQ__ligand19257-0
389,WUBZUQ__ligand13209-0
390,WUBZUQ__ligand784-0
391,WUBZUQ__ligand1317-0
392,WUBZUQ__ligand3867-0
393,WUBZUQ__ligand2822-0
394,WUBZUQ__ligand7293-0
395,WUBZUQ__ligand12660-0
396,WUBZUQ__ligand9167-0
397,WUBZUQ__ligand5304-0
398,WUBZUQ__ligand2238-0
399,WUBZUQ__ligand31248-0
400,WUBZUQ__ligand25650-0
401,WUBZUQ__ligand7762-0
402,WUBZUQ__ligand5080-0
403,WUBZUQ__ligand1-0
404,WUBZUQ__ligand11206-0
405,WUBZUQ__ligand395-0
406,WUBZUQ__ligand5509-0
407,WUBZUQ__ligand8002-0
408,WUBZUQ__ligand6117-0
409,WUBZUQ__ligand1407-0
410,WUBZUQ__ligand23124-0
411,WUBZUQ__ligand12519-0
412,WUBZUQ__ligand25735-0
413,WUBZUQ__ligand368-0
414,WUBZUQ__ligand20844-0
415,WUBZUQ__ligand18413-0
416,WUBZUQ__ligand279-0
417,WUBZUQ__ligand24624-0
418,WUBZUQ__ligand185-0
419,WUBZUQ__ligand18757-0
420,WUBZUQ__ligand24560-0
421,WUBZUQ__ligand178-0
422,WUBZUQ__ligand42-0
423,WUBZUQ__ligand321-0
424,WUBZUQ__ligand4641-0
425,WUBZUQ__ligand30788-0
426,WUBZUQ__ligand13691-0
427,WUBZUQ__ligand14339-0
428,WUBZUQ__ligand7126-0
429,WUBZUQ__ligand2028-0
430,WUBZUQ__ligand8835-0
431,WUBZUQ__ligand201-0
432,WUBZUQ__ligand3234-0
433,WUBZUQ__ligand21752-0
434,WUBZUQ__ligand1142-0
435,WUBZUQ__ligand6904-0
436,WUBZUQ__ligand3721-0
437,WUBZUQ__ligand6596-0
438,WUBZUQ__ligand6102-0
439,WUBZUQ__ligand25048-0
440,WUBZUQ__ligand338-0
441,WUBZUQ__ligand3465-0
442,WUBZUQ__ligand21940-0
443,WUBZUQ__ligand23445-0
444,WUBZUQ__ligand24953-0
445,WUBZUQ__ligand2917-0
446,WUBZUQ__ligand20432-0
447,WUBZUQ__ligand27122-0
448,WUBZUQ__ligand7819-0
449,WUBZUQ__ligand16133-0
450,WUBZUQ__ligand13755-0
451,WUBZUQ__ligand2295-0
452,WUBZUQ__ligand6067-0
453,WUBZUQ__ligand1577-0
454,WUBZUQ__ligand4620-0
455,WUBZUQ__ligand20557-0
456,WUBZUQ__ligand30004-0
457,WUBZUQ__ligand66-0
458,WUBZUQ__ligand22357-0
459,WUBZUQ__ligand1631-0
460,WUBZUQ__ligand11758-0
461,WUBZUQ__ligand1530-0
462,WUBZUQ__ligand1575-0
463,WUBZUQ__ligand9933-0
464,WUBZUQ__ligand21448-0
465,WUBZUQ__ligand845-0
466,WUBZUQ__ligand11544-0
467,WUBZUQ__ligand11501-0
468,WUBZUQ__ligand29214-0
469,WUBZUQ__ligand9441-0
470,WUBZUQ__ligand2332-0
471,WUBZUQ__ligand6244-0
472,WUBZUQ__ligand17445-0
473,WUBZUQ__ligand17069-0
474,WUBZUQ__ligand1378-0
475,WUBZUQ__ligand14477-0
476,WUBZUQ__ligand163-0
477,WUBZUQ__ligand126-0
478,WUBZUQ__ligand3156-0
479,WUBZUQ__ligand11798-0
480,WUBZUQ__ligand2915-0
481,WUBZUQ__ligand12413-0
482,WUBZUQ__ligand29334-0
483,WUBZUQ__ligand20731-0
484,WUBZUQ__ligand18158-0
485,WUBZUQ__ligand38-0
486,WUBZUQ__ligand777-0
487,WUBZUQ__ligand3707-0
488,WUBZUQ__ligand6124-0
489,WUBZUQ__ligand27771-0
490,WUBZUQ__ligand7967-0
491,WUBZUQ__ligand1018-0
492,WUBZUQ__ligand29565-0
493,WUBZUQ__ligand4116-0
494,WUBZUQ__ligand23682-0
495,WUBZUQ__ligand8992-0
496,WUBZUQ__ligand20942-1
497,WUBZUQ__ligand16956-0
498,WUBZUQ__ligand596-0
499,WUBZUQ__ligand9601-0
500,WUBZUQ__ligand941-0
501,WUBZUQ__ligand21339-0
502,WUBZUQ__ligand14226-0
503,WUBZUQ__ligand657-0
504,WUBZUQ__ligand9111-0
505,WUBZUQ__ligand9952-0
506,WUBZUQ__ligand187-0
507,WUBZUQ__ligand5036-0
508,WUBZUQ__ligand2526-0
509,WUBZUQ__ligand27550-0
510,WUBZUQ__ligand1615-0
511,WUBZUQ__ligand18019-1
512,WUBZUQ__ligand5643-0
513,WUBZUQ__ligand1823-0
514,WUBZUQ__ligand14007-0
515,WUBZUQ__ligand366-0
516,WUBZUQ__ligand1324-0
517,WUBZUQ__ligand8721-0
518,WUBZUQ__ligand2176-0
519,WUBZUQ__ligand29813-0
520,WUBZUQ__ligand9291-0
521,WUBZUQ__ligand16952-0
522,WUBZUQ__ligand2232-0
523,WUBZUQ__ligand693-0
524,WUBZUQ__ligand15387-0
525,WUBZUQ__ligand4157-0
526,WUBZUQ__ligand20121-0
527,WUBZUQ__ligand2828-0
528,WUBZUQ__ligand8876-0
529,WUBZUQ__ligand7648-0
530,WUBZUQ__ligand9833-0
531,WUBZUQ__ligand20220-0
532,WUBZUQ__ligand5256-0
533,WUBZUQ__ligand20530-0
534,WUBZUQ__ligand4503-0
535,WUBZUQ__ligand4546-0
536,WUBZUQ__ligand11698-0
537,WUBZUQ__ligand14302-0
538,WUBZUQ__ligand14347-0
539,WUBZUQ__ligand13657-0
540,WUBZUQ__ligand24851-0
541,WUBZUQ__ligand29441-0
542,WUBZUQ__ligand10853-0
543,WUBZUQ__ligand1285-0
544,WUBZUQ__ligand6768-0
545,WUBZUQ__ligand8115-0
546,WUBZUQ__ligand27610-0
547,WUBZUQ__ligand10479-0
548,WUBZUQ__ligand7000-0
549,WUBZUQ__ligand11479-0
550,WUBZUQ__ligand1982-0
551,WUBZUQ__ligand7238-0
552,WUBZUQ__ligand19668-0
553,WUBZUQ__ligand7280-0
554,WUBZUQ__ligand1790-0
555,WUBZUQ__ligand1304-0
556,WUBZUQ__ligand19906-0
557,WUBZUQ__ligand7867-0
558,WUBZUQ__ligand6709-0
559,WUBZUQ__ligand1219-0
560,WUBZUQ__ligand22353-0
561,WUBZUQ__ligand4016-0
562,WUBZUQ__ligand9520-0
563,WUBZUQ__ligand1160-0
564,WUBZUQ__ligand8699-0
565,WUBZUQ__ligand122-0
566,WUBZUQ__ligand4442-0
567,WUBZUQ__ligand4093-0
568,WUBZUQ__ligand3954-0
569,WUBZUQ__ligand1451-0
570,WUBZUQ__ligand4272-0
571,WUBZUQ__ligand7629-0
572,WUBZUQ__ligand18-0
573,WUBZUQ__ligand757-0
574,WUBZUQ__ligand10151-0
575,WUBZUQ__ligand9784-0
576,WUBZUQ__ligand19824-0
577,WUBZUQ__ligand1263-0
578,WUBZUQ__ligand9908-0
579,WUBZUQ__ligand18067-0
580,WUBZUQ__ligand10582-0
581,WUBZUQ__ligand13260-0
582,WUBZUQ__ligand7242-0
583,WUBZUQ__ligand11252-0
584,WUBZUQ__ligand384-0
585,WUBZUQ__ligand7106-0
586,WUBZUQ__ligand3035-0
587,WUBZUQ__ligand1343-0
588,WUBZUQ__ligand3876-0
589,WUBZUQ__ligand768-0
590,WUBZUQ__ligand6616-0
591,WUBZUQ__ligand31000-0
592,WUBZUQ__ligand3718-0
593,WUBZUQ__ligand4661-0
594,WUBZUQ__ligand1844-0
595,WUBZUQ__ligand11606-0
596,WUBZUQ__ligand1959-0
597,WUBZUQ__ligand20821-0
598,WUBZUQ__ligand3504-0
599,WUBZUQ__ligand9935-0
600,WUBZUQ__ligand1536-0
601,WUBZUQ__ligand26673-0
602,WUBZUQ__ligand1573-0
603,WUBZUQ__ligand11622-0
604,WUBZUQ__ligand16870-0
605,WUBZUQ__ligand6919-0
606,WUBZUQ__ligand2485-0
607,WUBZUQ__ligand3852-0
608,WUBZUQ__ligand5331-0
609,WUBZUQ__ligand1512-0
610,WUBZUQ__ligand16603-0
611,WUBZUQ__ligand3565-0
612,WUBZUQ__ligand11814-0
613,WUBZUQ__ligand17686-0
614,WUBZUQ__ligand25658-0
615,WUBZUQ__ligand240-0
616,WUBZUQ__ligand31205-0
617,WUBZUQ__ligand4720-0
618,WUBZUQ__ligand141-0
619,WUBZUQ__ligand6839-0
620,WUBZUQ__ligand3937-0
621,WUBZUQ__ligand1202-0
622,WUBZUQ__ligand3174-0
623,WUBZUQ__ligand3131-0
624,WUBZUQ__ligand8969-0
625,WUBZUQ__ligand5211-0
626,WUBZUQ__ligand15455-0
627,WUBZUQ__ligand3094-0
628,WUBZUQ__ligand4155-0
629,WUBZUQ__ligand11177-0
630,WUBZUQ__ligand162-0
631,WUBZUQ__ligand3157-0
632,WUBZUQ__ligand226-0
633,WUBZUQ__ligand9525-0
634,WUBZUQ__ligand1165-0
635,WUBZUQ__ligand22403-0
636,WUBZUQ__ligand16369-0
637,WUBZUQ__ligand5935-0
638,WUBZUQ__ligand28540-0
639,WUBZUQ__ligand11111-0
640,WUBZUQ__ligand416-0
641,WUBZUQ__ligand20695-0
642,WUBZUQ__ligand27754-0
643,WUBZUQ__ligand2722-0
644,WUBZUQ__ligand383-0
645,WUBZUQ__ligand1379-0
646,WUBZUQ__ligand1469-0
647,WUBZUQ__ligand3871-0
648,WUBZUQ__ligand1768-0
649,WUBZUQ__ligand29215-0
650,WUBZUQ__ligand5056-0
651,WUBZUQ__ligand4850-0
652,WUBZUQ__ligand21399-0
653,WUBZUQ__ligand10872-0
654,WUBZUQ__ligand5357-0
655,WUBZUQ__ligand16148-0
656,WUBZUQ__ligand26631-0
657,WUBZUQ__ligand3647-0
658,WUBZUQ__ligand1688-0
659,WUBZUQ__ligand12003-0
660,WUBZUQ__ligand28559-0
661,WUBZUQ__ligand8349-0
662,WUBZUQ__ligand26324-0
663,WUBZUQ__ligand14043-0
664,WUBZUQ__ligand1709-0
665,WUBZUQ__ligand8464-0
666,WUBZUQ__ligand19927-0
667,WUBZUQ__ligand656-0
668,WUBZUQ__ligand21729-0
669,WUBZUQ__ligand27239-0
670,WUBZUQ__ligand2527-0
671,WUBZUQ__ligand5849-0
672,WUBZUQ__ligand26529-0
673,WUBZUQ__ligand696-0
674,WUBZUQ__ligand3392-0
675,WUBZUQ__ligand4911-0
676,WUBZUQ__ligand1771-0
677,WUBZUQ__ligand11618-0
678,WUBZUQ__ligand29486-0
679,WUBZUQ__ligand9197-0
680,WUBZUQ__ligand694-0
681,WUBZUQ__ligand31694-0
682,WUBZUQ__ligand1900-0
683,WUBZUQ__ligand4581-0
684,WUBZUQ__ligand358-0
685,WUBZUQ__ligand1773-0
686,WUBZUQ__ligand17427-0
687,WUBZUQ__ligand2328-0
688,WUBZUQ__ligand430-0
689,WUBZUQ__ligand488-0
690,WUBZUQ__ligand7162-0
691,WUBZUQ__ligand3029-0
692,WUBZUQ__ligand22129-0
693,WUBZUQ__ligand8722-0
694,WUBZUQ__ligand12138-0
695,WUBZUQ__ligand1327-0
696,WUBZUQ__ligand24780-0
697,WUBZUQ__ligand6672-0
698,WUBZUQ__ligand43-0
699,WUBZUQ__ligand9809-0
700,WUBZUQ__ligand2781-0
701,WUBZUQ__ligand7573-0
702,WUBZUQ__ligand3350-0
703,WUBZUQ__ligand11949-0
704,WUBZUQ__ligand3208-0
705,WUBZUQ__ligand2208-0
706,WUBZUQ__ligand25561-0
707,WUBZUQ__ligand7557-0
708,WUBZUQ__ligand1496-0
709,WUBZUQ__ligand24872-0
710,WUBZUQ__ligand27840-0
711,WUBZUQ__ligand67-0
712,WUBZUQ__ligand30728-0
713,WUBZUQ__ligand670-0
714,WUBZUQ__ligand12001-0
715,WUBZUQ__ligand1533-0
716,WUBZUQ__ligand534-0
717,WUBZUQ__ligand571-0
718,WUBZUQ__ligand10033-0
719,WUBZUQ__ligand24644-0
720,WUBZUQ__ligand24111-0
721,WUBZUQ__ligand22444-0
722,WUBZUQ__ligand14569-0
723,WUBZUQ__ligand5892-0
724,WUBZUQ__ligand5094-0
725,WUBZUQ__ligand13385-0
726,WUBZUQ__ligand17396-0
727,WUBZUQ__ligand23175-0
728,WUBZUQ__ligand15788-0
729,WUBZUQ__ligand13220-0
730,WUBZUQ__ligand11587-0
731,WUBZUQ__ligand1712-0
732,WUBZUQ__ligand4131-0
733,WUBZUQ__ligand14614-0
734,WUBZUQ__ligand4738-0
735,WUBZUQ__ligand5813-0
736,WUBZUQ__ligand4813-0
737,WUBZUQ__ligand16663-0
738,WUBZUQ__ligand588-0
739,WUBZUQ__ligand6062-0
740,WUBZUQ__ligand31842-0
741,WUBZUQ__ligand31044-0
742,WUBZUQ__ligand6283-0
743,WUBZUQ__ligand11994-0
744,WUBZUQ__ligand24035-0
745,WUBZUQ__ligand300-0
746,WUBZUQ__ligand11682-0
747,WUBZUQ__ligand7107-0
748,WUBZUQ__ligand30711-0
749,WUBZUQ__ligand20207-0
750,WUBZUQ__ligand16988-0
751,WUBZUQ__ligand3215-0
752,WUBZUQ__ligand199-0
753,WUBZUQ__ligand25913-0
754,WUBZUQ__ligand7925-0
755,WUBZUQ__ligand2068-0
756,WUBZUQ__ligand15883-0
757,WUBZUQ__ligand11970-0
758,WUBZUQ__ligand15926-0
759,WUBZUQ__ligand1147-0
760,WUBZUQ__ligand19792-0
761,WUBZUQ__ligand10828-0
762,WUBZUQ__ligand28810-0
763,WUBZUQ__ligand11096-0
764,WUBZUQ__ligand11447-0
765,WUBZUQ__ligand3973-0
766,WUBZUQ__ligand24230-0
767,WUBZUQ__ligand4330-0
768,WUBZUQ__ligand13862-0
769,WUBZUQ__ligand11357-0
770,WUBZUQ__ligand15531-0
771,WUBZUQ__ligand2599-0
772,WUBZUQ__ligand8-0
773,WUBZUQ__ligand28743-0
774,WUBZUQ__ligand10056-0
775,WUBZUQ__ligand12365-0
776,WUBZUQ__ligand21919-0
777,WUBZUQ__ligand361-0
778,WUBZUQ__ligand324-0
779,WUBZUQ__ligand7532-0
780,WUBZUQ__ligand409-0
781,WUBZUQ__ligand28930-0
782,WUBZUQ__ligand22168-0
783,WUBZUQ__ligand22294-0
784,WUBZUQ__ligand4194-0
785,WUBZUQ__ligand9681-0
786,WUBZUQ__ligand27285-0
787,WUBZUQ__ligand4332-0
788,WUBZUQ__ligand29029-0
789,WUBZUQ__ligand45-0
790,WUBZUQ__ligand3012-0
791,WUBZUQ__ligand1449-0
792,WUBZUQ__ligand7530-0
793,WUBZUQ__ligand23197-0
794,WUBZUQ__ligand1065-0
795,WUBZUQ__ligand326-0
796,WUBZUQ__ligand436-0
797,WUBZUQ__ligand2403-0
798,WUBZUQ__ligand78-0
799,WUBZUQ__ligand3934-0
800,WUBZUQ__ligand30142-0
801,WUBZUQ__ligand27669-0
802,WUBZUQ__ligand6455-0
803,WUBZUQ__ligand6882-0
804,WUBZUQ__ligand13477-0
805,WUBZUQ__ligand692-0
806,WUBZUQ__ligand14167-0
807,WUBZUQ__ligand6946-0
808,WUBZUQ__ligand1415-0
809,WUBZUQ__ligand19-0
810,WUBZUQ__ligand19184-0
811,WUBZUQ__ligand7529-0
812,WUBZUQ__ligand18448-0
813,WUBZUQ__ligand12453-0
814,WUBZUQ__ligand28459-0
815,WUBZUQ__ligand9148-0
816,WUBZUQ__ligand5316-0
817,WUBZUQ__ligand633-0
818,WUBZUQ__ligand10371-0
819,WUBZUQ__ligand5483-0
820,WUBZUQ__ligand1729-0
821,WUBZUQ__ligand28685-0
822,WUBZUQ__ligand18568-0
823,WUBZUQ__ligand5627-0
824,WUBZUQ__ligand13672-0
825,WUBZUQ__ligand497-0
826,WUBZUQ__ligand2830-0
827,WUBZUQ__ligand24-0
