,TMC
0,KUNBOK__ligand6277-0
1,KUNBOK__ligand1687-0
2,KUNBOK__ligand1951-0
3,KUNBOK__ligand370-0
4,KUNBOK__ligand2259-0
5,KUNBOK__ligand2688-0
6,KUNBOK__ligand460-0
7,KUNBOK__ligand1376-0
8,KUNBOK__ligand57-0
9,KUNBOK__ligand2768-0
10,KUNBOK__ligand250-0
11,KUNBOK__ligand444-0
12,KUNBOK__ligand369-0
13,KUNBOK__ligand188-0
14,KUNBOK__ligand73-0
15,KUNBOK__ligand3734-0
16,KUNBOK__ligand1706-0
17,KUNBOK__ligand4381-0
18,KUNBOK__ligand311-0
19,KUNBOK__ligand2629-0
20,KUNBOK__ligand909-0
21,KUNBOK__ligand851-0
22,KUNBOK__ligand1171-0
23,KUNBOK__ligand5801-0
24,KUNBOK__ligand177-0
25,KUNBOK__ligand934-0
26,KUNBOK__ligand34-0
27,KUNBOK__ligand3063-0
28,KUNBOK__ligand1438-0
29,KUNBOK__ligand1544-0
30,KUNBOK__ligand252-0
31,KUNBOK__ligand1459-0
32,KUNBOK__ligand955-0
33,KUNBOK__ligand55-0
34,KUNBOK__ligand3757-0
35,KUNBOK__ligand95-0
36,KUNBOK__ligand2087-0
37,KUNBOK__ligand193-0
38,KUNBOK__ligand1048-0
39,KUNBOK__ligand11730-0
40,KUNBOK__ligand1685-0
41,KUNBOK__ligand830-0
42,KUNBOK__ligand112-0
43,KUNBOK__ligand51-0
44,KUNBOK__ligand9244-0
45,KUNBOK__ligand1228-0
46,KUNBOK__ligand1538-0
47,KUNBOK__ligand1114-0
48,KUNBOK__ligand91-0
49,KUNBOK__ligand197-0
50,KUNBOK__ligand296-0
51,KUNBOK__ligand29-0
52,KUNBOK__ligand3246-0
53,KUNBOK__ligand352-0
54,KUNBOK__ligand783-0
55,KUNBOK__ligand48-0
56,KUNBOK__ligand136-0
57,KUNBOK__ligand1479-0
58,KUNBOK__ligand868-0
59,KUNBOK__ligand1148-0
60,KUNBOK__ligand442-0
61,KUNBOK__ligand2863-0
62,KUNBOK__ligand134-0
63,KUNBOK__ligand932-0
64,KUNBOK__ligand32-0
65,KUNBOK__ligand2098-0
66,KUNBOK__ligand235-0
67,KUNBOK__ligand6502-0
68,KUNBOK__ligand6332-0
69,KUNBOK__ligand390-0
70,KUNBOK__ligand3178-0
71,KUNBOK__ligand3145-0
72,KUNBOK__ligand1747-0
73,KUNBOK__ligand6686-0
74,KUNBOK__ligand525-0
75,KUNBOK__ligand560-0
76,KUNBOK__ligand7915-0
77,KUNBOK__ligand5548-0
78,KUNBOK__ligand109-0
79,KUNBOK__ligand331-0
80,KUNBOK__ligand294-0
81,KUNBOK__ligand2751-0
82,KUNBOK__ligand993-0
83,KUNBOK__ligand584-0
84,KUNBOK__ligand916-0
85,KUNBOK__ligand3041-0
86,KUNBOK__ligand2634-0
87,KUNBOK__ligand1542-0
88,KUNBOK__ligand798-0
89,KUNBOK__ligand421-0
90,KUNBOK__ligand2864-0
91,KUNBOK__ligand133-0
92,KUNBOK__ligand8-0
93,KUNBOK__ligand447-0
94,KUNBOK__ligand487-0
95,KUNBOK__ligand2142-0
96,KUNBOK__ligand6538-0
97,KUNBOK__ligand522-0
98,KUNBOK__ligand9495-0
99,KUNBOK__ligand6151-0
100,KUNBOK__ligand2772-0
101,KUNBOK__ligand666-0
102,KUNBOK__ligand2838-0
103,KUNBOK__ligand1799-0
104,KUNBOK__ligand3838-0
105,KUNBOK__ligand2880-0
106,KUNBOK__ligand5941-0
107,KUNBOK__ligand682-0
108,KUNBOK__ligand11-0
109,KUNBOK__ligand5022-0
110,KUNBOK__ligand1169-0
111,KUNBOK__ligand115-0
112,KUNBOK__ligand4983-0
113,KUNBOK__ligand2794-0
114,KUNBOK__ligand2345-0
115,KUNBOK__ligand1835-0
116,KUNBOK__ligand1502-0
117,KUNBOK__ligand6396-0
118,KUNBOK__ligand1113-0
119,KUNBOK__ligand2265-0
120,KUNBOK__ligand9027-0
121,KUNBOK__ligand291-0
122,KUNBOK__ligand355-0
123,KUNBOK__ligand784-0
124,KUNBOK__ligand1273-0
125,KUNBOK__ligand485-0
126,KUNBOK__ligand1052-0
127,KUNBOK__ligand1703-0
128,KUNBOK__ligand2430-0
129,KUNBOK__ligand2907-0
130,KUNBOK__ligand481-0
131,KUNBOK__ligand314-0
132,KUNBOK__ligand2510-0
133,KUNBOK__ligand391-0
134,KUNBOK__ligand2285-0
135,KUNBOK__ligand1567-0
136,KUNBOK__ligand8921-0
137,KUNBOK__ligand170-0
138,KUNBOK__ligand2862-0
139,KUNBOK__ligand2320-0
140,KUNBOK__ligand1056-0
141,KUNBOK__ligand1607-0
142,KUNBOK__ligand210-0
143,KUNBOK__ligand17-0
144,KUNBOK__ligand1727-0
145,KUNBOK__ligand92-0
146,KUNBOK__ligand1152-0
147,KUNBOK__ligand196-0
148,KUNBOK__ligand502-0
149,KUNBOK__ligand422-0
150,KUNBOK__ligand3637-0
151,KUNBOK__ligand8774-0
152,KUNBOK__ligand113-0
153,KUNBOK__ligand1248-0
154,KUNBOK__ligand4303-0
155,KUNBOK__ligand1598-0
156,KUNBOK__ligand236-0
157,KUNBOK__ligand1054-0
158,KUNBOK__ligand89-0
159,KUNBOK__ligand6294-0
160,KUNBOK__ligand49-0
161,KUNBOK__ligand7464-0
162,KUNBOK__ligand353-0
163,KUNBOK__ligand1321-0
164,KUNBOK__ligand45-0
165,KUNBOK__ligand3566-0
166,KUNBOK__ligand1178-0
167,KUNBOK__ligand85-0
168,KUNBOK__ligand78-0
169,KUNBOK__ligand1788-0
170,KUNBOK__ligand797-0
171,KUNBOK__ligand4894-0
172,KUNBOK__ligand1260-0
173,KUNBOK__ligand9620-0
174,KUNBOK__ligand3337-0
175,KUNBOK__ligand7514-0
176,KUNBOK__ligand757-0
177,KUNBOK__ligand4811-0
178,KUNBOK__ligand1449-1
179,KUNBOK__ligand1307-0
180,KUNBOK__ligand120-0
181,KUNBOK__ligand384-0
182,KUNBOK__ligand1246-0
183,KUNBOK__ligand6166-0
184,KUNBOK__ligand240-0
185,KUNBOK__ligand3853-0
186,KUNBOK__ligand2853-0
187,KUNBOK__ligand141-0
188,KUNBOK__ligand2599-0
189,KUNBOK__ligand5089-0
190,KUNBOK__ligand1858-0
191,KUNBOK__ligand279-0
192,KUNBOK__ligand10910-0
193,KUNBOK__ligand8032-0
194,KUNBOK__ligand178-0
195,KUNBOK__ligand6-0
196,KUNBOK__ligand321-0
197,KUNBOK__ligand5334-0
198,KUNBOK__ligand4504-0
199,KUNBOK__ligand3051-0
200,KUNBOK__ligand100-0
201,KUNBOK__ligand2480-0
202,KUNBOK__ligand1898-0
203,KUNBOK__ligand201-0
204,KUNBOK__ligand2315-0
205,KUNBOK__ligand244-0
206,KUNBOK__ligand14530-0
207,KUNBOK__ligand1919-0
208,KUNBOK__ligand2389-0
209,KUNBOK__ligand67-0
210,KUNBOK__ligand124-0
211,KUNBOK__ligand119-0
212,KUNBOK__ligand1712-0
213,KUNBOK__ligand3579-0
214,KUNBOK__ligand2916-0
215,KUNBOK__ligand2110-0
216,KUNBOK__ligand1379-0
217,KUNBOK__ligand1221-0
218,KUNBOK__ligand1264-0
219,KUNBOK__ligand6430-0
220,KUNBOK__ligand1299-0
221,KUNBOK__ligand2929-0
222,KUNBOK__ligand10479-0
223,KUNBOK__ligand126-0
224,KUNBOK__ligand2376-0
225,KUNBOK__ligand6571-0
226,KUNBOK__ligand1325-0
227,KUNBOK__ligand596-0
228,KUNBOK__ligand2482-0
229,KUNBOK__ligand612-0
230,KUNBOK__ligand4-0
231,KUNBOK__ligand2442-0
232,KUNBOK__ligand187-0
233,KUNBOK__ligand1019-0
234,KUNBOK__ligand10114-0
235,KUNBOK__ligand366-0
236,KUNBOK__ligand5762-0
237,KUNBOK__ligand7414-0
238,KUNBOK__ligand1104-0
239,KUNBOK__ligand861-0
240,KUNBOK__ligand575-0
241,KUNBOK__ligand4619-0
242,KUNBOK__ligand5235-0
243,KUNBOK__ligand6143-0
244,KUNBOK__ligand3251-0
245,KUNBOK__ligand9176-0
246,KUNBOK__ligand2718-0
247,KUNBOK__ligand3070-0
248,KUNBOK__ligand62-0
249,KUNBOK__ligand3035-0
250,KUNBOK__ligand927-0
251,KUNBOK__ligand199-0
252,KUNBOK__ligand1493-0
253,KUNBOK__ligand5758-0
254,KUNBOK__ligand3478-0
255,KUNBOK__ligand3852-0
256,KUNBOK__ligand140-0
257,KUNBOK__ligand105-0
258,KUNBOK__ligand3-0
259,KUNBOK__ligand1818-0
260,KUNBOK__ligand86-0
261,KUNBOK__ligand324-0
262,KUNBOK__ligand7456-0
263,KUNBOK__ligand361-0
264,KUNBOK__ligand409-0
265,KUNBOK__ligand553-0
266,KUNBOK__ligand3890-0
267,KUNBOK__ligand283-0
268,KUNBOK__ligand1-0
269,KUNBOK__ligand821-0
270,KUNBOK__ligand4423-0
271,KUNBOK__ligand326-0
272,KUNBOK__ligand1907-0
273,KUNBOK__ligand1285-0
274,KUNBOK__ligand436-0
275,KUNBOK__ligand1555-0
276,KUNBOK__ligand7630-0
277,KUNBOK__ligand142-0
278,KUNBOK__ligand206-0
279,KUNBOK__ligand838-0
280,KUNBOK__ligand7550-0
281,KUNBOK__ligand166-0
282,KUNBOK__ligand18-0
283,KUNBOK__ligand918-0
284,KUNBOK__ligand2762-0
285,KUNBOK__ligand633-0
286,KUNBOK__ligand1038-0
287,KUNBOK__ligand532-0
288,KUNBOK__ligand2253-0
289,KUNBOK__ligand1160-0
290,KUNBOK__ligand2954-0
291,KUNBOK__ligand497-0
292,KUNBOK__ligand5093-0
293,KUNBOK__ligand21-0
294,KUNBOK__ligand162-0
295,KUNBOK__ligand226-0
296,KUNBOK__ligand4012-0
297,KUNBOK__ligand3196-0
298,KUNBOK__ligand383-0
299,KUNBOK__ligand2915-0
300,KUNBOK__ligand1690-0
301,KUNBOK__ligand2707-0
302,KUNBOK__ligand38-0
303,KUNBOK__ligand40-0
304,KUNBOK__ligand1551-0
305,KUNBOK__ligand2526-0
306,KUNBOK__ligand669-0
307,KUNBOK__ligand358-0
308,KUNBOK__ligand430-0
309,KUNBOK__ligand4370-0
310,KUNBOK__ligand3618-0
311,KUNBOK__ligand2618-0
312,KUNBOK__ligand365-0
313,KUNBOK__ligand278-0
314,KUNBOK__ligand1436-0
315,KUNBOK__ligand2255-0
316,KUNBOK__ligand670-0
317,KUNBOK__ligand118-0
318,KUNBOK__ligand571-0
319,KUNBOK__ligand4175-0
320,KUNBOK__ligand509-0
321,KUNBOK__ligand66-0
322,KUNBOK__ligand10357-0
323,KUNBOK__ligand15630-0
324,KUNBOK__ligand1918-0
