,TMC
0,LIBGEI__ligand27169-0
1,LIBGEI__ligand14523-0
2,LIBGEI__ligand18391-0
3,LIBGEI__ligand4546-0
4,LIBGEI__ligand4503-0
5,LIBGEI__ligand6768-0
6,LIBGEI__ligand22981-0
7,LIBGEI__ligand8115-0
8,LIBGEI__ligand25805-0
9,LIBGEI__ligand20599-0
10,LIBGEI__ligand7000-0
11,LIBGEI__ligand1982-0
12,LIBGEI__ligand27074-0
13,LIBGEI__ligand506-0
14,LIBGEI__ligand1285-0
15,LIBGEI__ligand2232-0
16,LIBGEI__ligand23904-0
17,LIBGEI__ligand13257-0
18,LIBGEI__ligand152-0
19,LIBGEI__ligand2176-0
20,LIBGEI__ligand21936-0
21,LIBGEI__ligand9291-0
22,LIBGEI__ligand7648-0
23,LIBGEI__ligand2828-0
24,LIBGEI__ligand8876-0
25,LIBGEI__ligand9833-0
26,LIBGEI__ligand12467-0
27,LIBGEI__ligand5256-0
28,LIBGEI__ligand25267-0
29,LIBGEI__ligand4157-0
30,LIBGEI__ligand10084-0
31,LIBGEI__ligand11140-0
32,LIBGEI__ligand3954-0
33,LIBGEI__ligand4442-0
34,LIBGEI__ligand4093-0
35,LIBGEI__ligand8-0
36,LIBGEI__ligand176-0
37,LIBGEI__ligand9520-0
38,LIBGEI__ligand29610-0
39,LIBGEI__ligand1160-0
40,LIBGEI__ligand8699-0
41,LIBGEI__ligand29863-0
42,LIBGEI__ligand447-0
43,LIBGEI__ligand18074-0
44,LIBGEI__ligand13869-0
45,LIBGEI__ligand9784-0
46,LIBGEI__ligand4272-0
47,LIBGEI__ligand1451-0
48,LIBGEI__ligand746-0
49,LIBGEI__ligand7629-0
50,LIBGEI__ligand18465-0
51,LIBGEI__ligand487-0
52,LIBGEI__ligand7280-0
53,LIBGEI__ligand18799-0
54,LIBGEI__ligand1304-0
55,LIBGEI__ligand1790-0
56,LIBGEI__ligand7238-0
57,LIBGEI__ligand4016-0
58,LIBGEI__ligand28668-0
59,LIBGEI__ligand7867-0
60,LIBGEI__ligand16791-0
61,LIBGEI__ligand1219-0
62,LIBGEI__ligand6709-0
63,LIBGEI__ligand784-0
64,LIBGEI__ligand1844-0
65,LIBGEI__ligand4661-0
66,LIBGEI__ligand31248-0
67,LIBGEI__ligand6616-0
68,LIBGEI__ligand3876-0
69,LIBGEI__ligand1343-0
70,LIBGEI__ligand3035-0
71,LIBGEI__ligand3718-0
72,LIBGEI__ligand25650-0
73,LIBGEI__ligand9935-0
74,LIBGEI__ligand19257-0
75,LIBGEI__ligand13209-0
76,LIBGEI__ligand1573-0
77,LIBGEI__ligand1536-0
78,LIBGEI__ligand1959-0
79,LIBGEI__ligand12660-0
80,LIBGEI__ligand3504-0
81,LIBGEI__ligand11206-0
82,LIBGEI__ligand23124-0
83,LIBGEI__ligand1263-0
84,LIBGEI__ligand9908-0
85,LIBGEI__ligand67-0
86,LIBGEI__ligand25735-0
87,LIBGEI__ligand12519-0
88,LIBGEI__ligand7106-0
89,LIBGEI__ligand395-0
90,LIBGEI__ligand368-0
91,LIBGEI__ligand7242-0
92,LIBGEI__ligand21132-0
93,LIBGEI__ligand6839-0
94,LIBGEI__ligand3131-0
95,LIBGEI__ligand11166-0
96,LIBGEI__ligand3174-0
97,LIBGEI__ligand1202-0
98,LIBGEI__ligand3937-0
99,LIBGEI__ligand115-0
100,LIBGEI__ligand8969-0
101,LIBGEI__ligand43-0
102,LIBGEI__ligand23906-0
103,LIBGEI__ligand4720-0
104,LIBGEI__ligand3094-0
105,LIBGEI__ligand4155-0
106,LIBGEI__ligand30539-0
107,LIBGEI__ligand5211-0
108,LIBGEI__ligand6919-0
109,LIBGEI__ligand833-0
110,LIBGEI__ligand2485-0
111,LIBGEI__ligand3852-0
112,LIBGEI__ligand21787-0
113,LIBGEI__ligand25575-0
114,LIBGEI__ligand25689-0
115,LIBGEI__ligand12295-0
116,LIBGEI__ligand3565-0
117,LIBGEI__ligand27835-0
118,LIBGEI__ligand5331-0
119,LIBGEI__ligand1512-0
120,LIBGEI__ligand31578-0
121,LIBGEI__ligand17207-0
122,LIBGEI__ligand7126-0
123,LIBGEI__ligand2028-0
124,LIBGEI__ligand8835-0
125,LIBGEI__ligand17945-0
126,LIBGEI__ligand465-0
127,LIBGEI__ligand18013-0
128,LIBGEI__ligand25224-0
129,LIBGEI__ligand1142-0
130,LIBGEI__ligand3234-0
131,LIBGEI__ligand24750-0
132,LIBGEI__ligand314-1
133,LIBGEI__ligand28924-0
134,LIBGEI__ligand15438-0
135,LIBGEI__ligand18703-0
136,LIBGEI__ligand4641-0
137,LIBGEI__ligand29087-0
138,LIBGEI__ligand23589-0
139,LIBGEI__ligand24064-0
140,LIBGEI__ligand2295-0
141,LIBGEI__ligand1577-0
142,LIBGEI__ligand6067-0
143,LIBGEI__ligand813-0
144,LIBGEI__ligand15168-0
145,LIBGEI__ligand780-0
146,LIBGEI__ligand314-0
147,LIBGEI__ligand4620-0
148,LIBGEI__ligand22755-0
149,LIBGEI__ligand11432-0
150,LIBGEI__ligand3465-0
151,LIBGEI__ligand31618-0
152,LIBGEI__ligand10432-0
153,LIBGEI__ligand29898-0
154,LIBGEI__ligand26277-0
155,LIBGEI__ligand6102-0
156,LIBGEI__ligand3721-0
157,LIBGEI__ligand6904-0
158,LIBGEI__ligand6596-0
159,LIBGEI__ligand391-0
160,LIBGEI__ligand2917-0
161,LIBGEI__ligand7819-0
162,LIBGEI__ligand618-0
163,LIBGEI__ligand14586-0
164,LIBGEI__ligand11774-0
165,LIBGEI__ligand393-0
166,LIBGEI__ligand1378-0
167,LIBGEI__ligand6244-0
168,LIBGEI__ligand21421-0
169,LIBGEI__ligand11568-0
170,LIBGEI__ligand20579-0
171,LIBGEI__ligand17710-0
172,LIBGEI__ligand3156-0
173,LIBGEI__ligand24-0
174,LIBGEI__ligand2915-0
175,LIBGEI__ligand1575-0
176,LIBGEI__ligand1530-0
177,LIBGEI__ligand9933-0
178,LIBGEI__ligand19-0
179,LIBGEI__ligand10555-0
180,LIBGEI__ligand1631-0
181,LIBGEI__ligand31483-0
182,LIBGEI__ligand9441-0
183,LIBGEI__ligand19725-0
184,LIBGEI__ligand353-0
185,LIBGEI__ligand2332-0
186,LIBGEI__ligand24613-0
187,LIBGEI__ligand2526-0
188,LIBGEI__ligand5036-0
189,LIBGEI__ligand196-0
190,LIBGEI__ligand1615-0
191,LIBGEI__ligand9952-0
192,LIBGEI__ligand9111-0
193,LIBGEI__ligand78-0
194,LIBGEI__ligand12336-0
195,LIBGEI__ligand1324-0
196,LIBGEI__ligand8721-0
197,LIBGEI__ligand5643-0
198,LIBGEI__ligand13072-0
199,LIBGEI__ligand1823-0
200,LIBGEI__ligand1018-0
201,LIBGEI__ligand4116-0
202,LIBGEI__ligand17590-0
203,LIBGEI__ligand422-0
204,LIBGEI__ligand6124-0
205,LIBGEI__ligand3707-0
206,LIBGEI__ligand7967-0
207,LIBGEI__ligand17240-0
208,LIBGEI__ligand18699-0
209,LIBGEI__ligand12682-0
210,LIBGEI__ligand45-0
211,LIBGEI__ligand9601-0
212,LIBGEI__ligand686-0
213,LIBGEI__ligand8992-0
214,LIBGEI__ligand7107-0
215,LIBGEI__ligand13390-0
216,LIBGEI__ligand3215-0
217,LIBGEI__ligand20682-0
218,LIBGEI__ligand188-0
219,LIBGEI__ligand66-0
220,LIBGEI__ligand13208-0
221,LIBGEI__ligand370-1
222,LIBGEI__ligand620-0
223,LIBGEI__ligand6062-0
224,LIBGEI__ligand4738-0
225,LIBGEI__ligand26810-0
226,LIBGEI__ligand27482-0
227,LIBGEI__ligand5813-0
228,LIBGEI__ligand564-0
229,LIBGEI__ligand4813-0
230,LIBGEI__ligand311-0
231,LIBGEI__ligand785-0
232,LIBGEI__ligand479-0
233,LIBGEI__ligand6283-0
234,LIBGEI__ligand13294-0
235,LIBGEI__ligand31832-0
236,LIBGEI__ligand4330-0
237,LIBGEI__ligand2599-0
238,LIBGEI__ligand28884-0
239,LIBGEI__ligand13331-0
240,LIBGEI__ligand4194-0
241,LIBGEI__ligand14248-0
242,LIBGEI__ligand29879-0
243,LIBGEI__ligand12030-0
244,LIBGEI__ligand7532-0
245,LIBGEI__ligand370-0
246,LIBGEI__ligand11456-0
247,LIBGEI__ligand14174-0
248,LIBGEI__ligand7925-0
249,LIBGEI__ligand10712-0
250,LIBGEI__ligand2068-0
251,LIBGEI__ligand3973-0
252,LIBGEI__ligand42-0
253,LIBGEI__ligand25411-0
254,LIBGEI__ligand1147-0
255,LIBGEI__ligand250-0
256,LIBGEI__ligand20251-1
257,LIBGEI__ligand2403-0
258,LIBGEI__ligand6882-0
259,LIBGEI__ligand6455-0
260,LIBGEI__ligand252-0
261,LIBGEI__ligand3934-0
262,LIBGEI__ligand14703-0
263,LIBGEI__ligand16475-0
264,LIBGEI__ligand116-0
265,LIBGEI__ligand24047-0
266,LIBGEI__ligand22557-0
267,LIBGEI__ligand38-0
268,LIBGEI__ligand10589-0
269,LIBGEI__ligand20598-0
270,LIBGEI__ligand11675-0
271,LIBGEI__ligand4332-0
272,LIBGEI__ligand9681-0
273,LIBGEI__ligand17398-0
274,LIBGEI__ligand193-0
275,LIBGEI__ligand7530-0
276,LIBGEI__ligand372-0
277,LIBGEI__ligand1065-0
278,LIBGEI__ligand17982-0
279,LIBGEI__ligand830-0
280,LIBGEI__ligand3012-0
281,LIBGEI__ligand29414-0
282,LIBGEI__ligand1449-0
283,LIBGEI__ligand20011-0
284,LIBGEI__ligand17278-0
285,LIBGEI__ligand5483-0
286,LIBGEI__ligand14889-0
287,LIBGEI__ligand30851-0
288,LIBGEI__ligand5316-0
289,LIBGEI__ligand29568-0
290,LIBGEI__ligand909-0
291,LIBGEI__ligand28789-0
292,LIBGEI__ligand2830-0
293,LIBGEI__ligand1729-0
294,LIBGEI__ligand21371-0
295,LIBGEI__ligand17118-0
296,LIBGEI__ligand5627-0
297,LIBGEI__ligand20419-0
298,LIBGEI__ligand7529-0
299,LIBGEI__ligand14117-0
300,LIBGEI__ligand1415-0
301,LIBGEI__ligand6946-0
302,LIBGEI__ligand17261-0
303,LIBGEI__ligand21581-0
304,LIBGEI__ligand31097-0
305,LIBGEI__ligand9148-0
306,LIBGEI__ligand177-0
307,LIBGEI__ligand30702-0
308,LIBGEI__ligand20214-0
309,LIBGEI__ligand20251-0
310,LIBGEI__ligand20539-0
311,LIBGEI__ligand26665-0
312,LIBGEI__ligand1768-0
313,LIBGEI__ligand783-0
314,LIBGEI__ligand17631-0
315,LIBGEI__ligand352-0
316,LIBGEI__ligand13012-0
317,LIBGEI__ligand1469-0
318,LIBGEI__ligand17258-0
319,LIBGEI__ligand3871-0
320,LIBGEI__ligand14603-0
321,LIBGEI__ligand14297-0
322,LIBGEI__ligand5357-0
323,LIBGEI__ligand3647-0
324,LIBGEI__ligand1688-0
325,LIBGEI__ligand31783-0
326,LIBGEI__ligand18-0
327,LIBGEI__ligand5056-0
328,LIBGEI__ligand4850-0
329,LIBGEI__ligand19641-0
330,LIBGEI__ligand9525-0
331,LIBGEI__ligand1165-0
332,LIBGEI__ligand20578-0
333,LIBGEI__ligand12934-0
334,LIBGEI__ligand15422-0
335,LIBGEI__ligand27893-0
336,LIBGEI__ligand3157-0
337,LIBGEI__ligand14723-0
338,LIBGEI__ligand30988-0
339,LIBGEI__ligand2722-0
340,LIBGEI__ligand868-0
341,LIBGEI__ligand1379-0
342,LIBGEI__ligand5935-0
343,LIBGEI__ligand27175-0
344,LIBGEI__ligand18832-0
345,LIBGEI__ligand23713-0
346,LIBGEI__ligand27460-0
347,LIBGEI__ligand5849-0
348,LIBGEI__ligand16628-0
349,LIBGEI__ligand1771-0
350,LIBGEI__ligand4911-0
351,LIBGEI__ligand20740-0
352,LIBGEI__ligand28468-0
353,LIBGEI__ligand3392-0
354,LIBGEI__ligand12427-0
355,LIBGEI__ligand12337-0
356,LIBGEI__ligand29410-0
357,LIBGEI__ligand26540-0
358,LIBGEI__ligand17281-0
359,LIBGEI__ligand8349-0
360,LIBGEI__ligand1709-0
361,LIBGEI__ligand30296-0
362,LIBGEI__ligand8464-0
363,LIBGEI__ligand197-0
364,LIBGEI__ligand2527-0
365,LIBGEI__ligand12606-0
366,LIBGEI__ligand30333-0
367,LIBGEI__ligand7573-0
368,LIBGEI__ligand2781-0
369,LIBGEI__ligand3350-0
370,LIBGEI__ligand14108-0
371,LIBGEI__ligand8722-0
372,LIBGEI__ligand6672-0
373,LIBGEI__ligand9809-0
374,LIBGEI__ligand1327-0
375,LIBGEI__ligand294-0
376,LIBGEI__ligand10958-0
377,LIBGEI__ligand12641-0
378,LIBGEI__ligand3208-0
379,LIBGEI__ligand2208-0
380,LIBGEI__ligand27763-0
381,LIBGEI__ligand9197-0
382,LIBGEI__ligand1900-0
383,LIBGEI__ligand685-0
384,LIBGEI__ligand28676-0
385,LIBGEI__ligand10262-0
386,LIBGEI__ligand13425-0
387,LIBGEI__ligand29302-0
388,LIBGEI__ligand7162-0
389,LIBGEI__ligand3029-0
390,LIBGEI__ligand1773-0
391,LIBGEI__ligand4581-0
392,LIBGEI__ligand421-0
393,LIBGEI__ligand18814-0
394,LIBGEI__ligand2328-0
395,LIBGEI__ligand19057-0
396,LIBGEI__ligand5094-0
397,LIBGEI__ligand5892-0
398,LIBGEI__ligand134-0
399,LIBGEI__ligand12231-0
400,LIBGEI__ligand12130-0
401,LIBGEI__ligand235-0
402,LIBGEI__ligand17387-0
403,LIBGEI__ligand18292-0
404,LIBGEI__ligand12289-0
405,LIBGEI__ligand26702-0
406,LIBGEI__ligand13658-0
407,LIBGEI__ligand13068-0
408,LIBGEI__ligand19830-0
409,LIBGEI__ligand4131-0
410,LIBGEI__ligand1712-0
411,LIBGEI__ligand10476-0
412,LIBGEI__ligand24145-0
413,LIBGEI__ligand12401-0
414,LIBGEI__ligand15585-0
415,LIBGEI__ligand25178-0
416,LIBGEI__ligand7557-0
417,LIBGEI__ligand1496-0
418,LIBGEI__ligand23769-0
419,LIBGEI__ligand24185-0
420,LIBGEI__ligand560-0
421,LIBGEI__ligand17805-0
422,LIBGEI__ligand17302-0
423,LIBGEI__ligand1533-0
424,LIBGEI__ligand15926-0
425,LIBGEI__ligand5201-0
426,LIBGEI__ligand19792-0
427,LIBGEI__ligand10828-0
428,LIBGEI__ligand28810-0
429,LIBGEI__ligand11096-0
430,LIBGEI__ligand11447-0
431,LIBGEI__ligand24230-0
432,LIBGEI__ligand8553-0
433,LIBGEI__ligand15883-0
434,LIBGEI__ligand1113-0
435,LIBGEI__ligand16-0
436,LIBGEI__ligand11970-0
437,LIBGEI__ligand21919-0
438,LIBGEI__ligand3-0
439,LIBGEI__ligand8593-0
440,LIBGEI__ligand9944-0
441,LIBGEI__ligand22168-0
442,LIBGEI__ligand28930-0
443,LIBGEI__ligand22294-0
444,LIBGEI__ligand409-0
445,LIBGEI__ligand13862-0
446,LIBGEI__ligand11357-0
447,LIBGEI__ligand361-0
448,LIBGEI__ligand28743-0
449,LIBGEI__ligand7566-0
450,LIBGEI__ligand15531-0
451,LIBGEI__ligand324-0
452,LIBGEI__ligand12365-0
453,LIBGEI__ligand10056-0
454,LIBGEI__ligand2001-0
455,LIBGEI__ligand31044-0
456,LIBGEI__ligand31842-0
457,LIBGEI__ligand3180-0
458,LIBGEI__ligand11994-0
459,LIBGEI__ligand588-0
460,LIBGEI__ligand24035-0
461,LIBGEI__ligand4340-0
462,LIBGEI__ligand2281-0
463,LIBGEI__ligand2650-0
464,LIBGEI__ligand14614-0
465,LIBGEI__ligand2823-0
466,LIBGEI__ligand6995-0
467,LIBGEI__ligand16663-0
468,LIBGEI__ligand300-0
469,LIBGEI__ligand4161-0
470,LIBGEI__ligand3471-0
471,LIBGEI__ligand4124-0
472,LIBGEI__ligand16988-0
473,LIBGEI__ligand25913-0
474,LIBGEI__ligand5415-0
475,LIBGEI__ligand32-0
476,LIBGEI__ligand11682-0
477,LIBGEI__ligand199-0
478,LIBGEI__ligand30711-0
479,LIBGEI__ligand20207-0
480,LIBGEI__ligand12453-0
481,LIBGEI__ligand18448-0
482,LIBGEI__ligand4262-0
483,LIBGEI__ligand28459-0
484,LIBGEI__ligand1028-0
485,LIBGEI__ligand1618-0
486,LIBGEI__ligand2692-0
487,LIBGEI__ligand19184-0
488,LIBGEI__ligand633-0
489,LIBGEI__ligand18568-0
490,LIBGEI__ligand28685-0
491,LIBGEI__ligand48-0
492,LIBGEI__ligand13672-0
493,LIBGEI__ligand1015-0
494,LIBGEI__ligand1050-0
495,LIBGEI__ligand10371-0
496,LIBGEI__ligand497-0
497,LIBGEI__ligand2027-0
498,LIBGEI__ligand1169-0
499,LIBGEI__ligand91-0
500,LIBGEI__ligand8529-0
501,LIBGEI__ligand1-0
502,LIBGEI__ligand23197-0
503,LIBGEI__ligand326-0
504,LIBGEI__ligand27285-0
505,LIBGEI__ligand29029-0
506,LIBGEI__ligand1498-0
507,LIBGEI__ligand30142-0
508,LIBGEI__ligand27669-0
509,LIBGEI__ligand436-0
510,LIBGEI__ligand4596-0
511,LIBGEI__ligand13477-0
512,LIBGEI__ligand14167-0
513,LIBGEI__ligand51-0
514,LIBGEI__ligand9615-0
515,LIBGEI__ligand692-0
516,LIBGEI__ligand1154-0
517,LIBGEI__ligand3042-0
518,LIBGEI__ligand21729-0
519,LIBGEI__ligand27239-0
520,LIBGEI__ligand68-0
521,LIBGEI__ligand28559-0
522,LIBGEI__ligand26324-0
523,LIBGEI__ligand14043-0
524,LIBGEI__ligand656-0
525,LIBGEI__ligand8200-0
526,LIBGEI__ligand7438-0
527,LIBGEI__ligand19927-0
528,LIBGEI__ligand4063-0
529,LIBGEI__ligand696-0
530,LIBGEI__ligand1150-0
531,LIBGEI__ligand55-0
532,LIBGEI__ligand11618-0
533,LIBGEI__ligand1539-0
534,LIBGEI__ligand4207-0
535,LIBGEI__ligand26529-0
536,LIBGEI__ligand3453-0
537,LIBGEI__ligand3416-0
538,LIBGEI__ligand16369-0
539,LIBGEI__ligand34-0
540,LIBGEI__ligand162-0
541,LIBGEI__ligand28540-0
542,LIBGEI__ligand11111-0
543,LIBGEI__ligand1288-0
544,LIBGEI__ligand20695-0
545,LIBGEI__ligand27754-0
546,LIBGEI__ligand226-0
547,LIBGEI__ligand416-0
548,LIBGEI__ligand4167-0
549,LIBGEI__ligand383-0
550,LIBGEI__ligand4266-0
551,LIBGEI__ligand1400-0
552,LIBGEI__ligand9491-0
553,LIBGEI__ligand22403-0
554,LIBGEI__ligand9750-0
555,LIBGEI__ligand21399-0
556,LIBGEI__ligand10872-0
557,LIBGEI__ligand16148-0
558,LIBGEI__ligand26631-0
559,LIBGEI__ligand1779-0
560,LIBGEI__ligand6993-0
561,LIBGEI__ligand1817-0
562,LIBGEI__ligand12003-0
563,LIBGEI__ligand3980-0
564,LIBGEI__ligand3557-0
565,LIBGEI__ligand1149-0
566,LIBGEI__ligand29215-0
567,LIBGEI__ligand7075-0
568,LIBGEI__ligand12001-0
569,LIBGEI__ligand5630-0
570,LIBGEI__ligand1786-0
571,LIBGEI__ligand10033-0
572,LIBGEI__ligand24644-0
573,LIBGEI__ligand24872-0
574,LIBGEI__ligand3285-0
575,LIBGEI__ligand4795-0
576,LIBGEI__ligand670-0
577,LIBGEI__ligand27840-0
578,LIBGEI__ligand1908-0
579,LIBGEI__ligand30728-0
580,LIBGEI__ligand534-0
581,LIBGEI__ligand571-0
582,LIBGEI__ligand17396-0
583,LIBGEI__ligand5755-0
584,LIBGEI__ligand4710-0
585,LIBGEI__ligand23175-0
586,LIBGEI__ligand15788-0
587,LIBGEI__ligand5085-0
588,LIBGEI__ligand13220-0
589,LIBGEI__ligand11587-0
590,LIBGEI__ligand3144-0
591,LIBGEI__ligand24111-0
592,LIBGEI__ligand22444-0
593,LIBGEI__ligand8042-0
594,LIBGEI__ligand6112-0
595,LIBGEI__ligand1828-0
596,LIBGEI__ligand14569-0
597,LIBGEI__ligand7213-0
598,LIBGEI__ligand13385-0
599,LIBGEI__ligand1397-0
600,LIBGEI__ligand17427-0
601,LIBGEI__ligand57-0
602,LIBGEI__ligand1216-0
603,LIBGEI__ligand5019-0
604,LIBGEI__ligand694-0
605,LIBGEI__ligand1152-0
606,LIBGEI__ligand3261-0
607,LIBGEI__ligand430-0
608,LIBGEI__ligand29486-0
609,LIBGEI__ligand1849-0
610,LIBGEI__ligand358-0
611,LIBGEI__ligand31694-0
612,LIBGEI__ligand488-0
613,LIBGEI__ligand6663-0
614,LIBGEI__ligand5515-0
615,LIBGEI__ligand25561-0
616,LIBGEI__ligand1831-0
617,LIBGEI__ligand5280-0
618,LIBGEI__ligand5614-0
619,LIBGEI__ligand22129-0
620,LIBGEI__ligand12138-0
621,LIBGEI__ligand24780-0
622,LIBGEI__ligand11949-0
623,LIBGEI__ligand9883-0
624,LIBGEI__ligand3677-1
625,LIBGEI__ligand22353-0
626,LIBGEI__ligand7291-0
627,LIBGEI__ligand9299-0
628,LIBGEI__ligand49-0
629,LIBGEI__ligand19668-0
630,LIBGEI__ligand4007-0
631,LIBGEI__ligand2985-0
632,LIBGEI__ligand19906-0
633,LIBGEI__ligand89-0
634,LIBGEI__ligand5383-0
635,LIBGEI__ligand2693-0
636,LIBGEI__ligand122-0
637,LIBGEI__ligand10151-0
638,LIBGEI__ligand3945-0
639,LIBGEI__ligand757-0
640,LIBGEI__ligand3736-0
641,LIBGEI__ligand8000-0
642,LIBGEI__ligand9344-0
643,LIBGEI__ligand15387-0
644,LIBGEI__ligand1211-0
645,LIBGEI__ligand20121-0
646,LIBGEI__ligand693-0
647,LIBGEI__ligand6892-0
648,LIBGEI__ligand20220-0
649,LIBGEI__ligand1499-0
650,LIBGEI__ligand2881-0
651,LIBGEI__ligand29813-0
652,LIBGEI__ligand16952-0
653,LIBGEI__ligand1464-0
654,LIBGEI__ligand3712-0
655,LIBGEI__ligand29441-0
656,LIBGEI__ligand10853-0
657,LIBGEI__ligand27610-0
658,LIBGEI__ligand10479-0
659,LIBGEI__ligand11479-0
660,LIBGEI__ligand6699-0
661,LIBGEI__ligand20530-0
662,LIBGEI__ligand1168-0
663,LIBGEI__ligand11698-0
664,LIBGEI__ligand14347-0
665,LIBGEI__ligand13657-0
666,LIBGEI__ligand1294-0
667,LIBGEI__ligand14302-0
668,LIBGEI__ligand24851-0
669,LIBGEI__ligand3677-0
670,LIBGEI__ligand3632-0
671,LIBGEI__ligand16603-0
672,LIBGEI__ligand9773-0
673,LIBGEI__ligand11814-0
674,LIBGEI__ligand1376-0
675,LIBGEI__ligand5510-0
676,LIBGEI__ligand11622-0
677,LIBGEI__ligand1197-0
678,LIBGEI__ligand8592-0
679,LIBGEI__ligand5099-0
680,LIBGEI__ligand16870-0
681,LIBGEI__ligand1296-0
682,LIBGEI__ligand2259-0
683,LIBGEI__ligand15455-0
684,LIBGEI__ligand240-0
685,LIBGEI__ligand2221-0
686,LIBGEI__ligand4358-0
687,LIBGEI__ligand141-0
688,LIBGEI__ligand17-0
689,LIBGEI__ligand3926-0
690,LIBGEI__ligand11177-0
691,LIBGEI__ligand3120-0
692,LIBGEI__ligand17686-0
693,LIBGEI__ligand25658-0
694,LIBGEI__ligand31205-0
695,LIBGEI__ligand5595-0
696,LIBGEI__ligand4101-0
697,LIBGEI__ligand5080-0
698,LIBGEI__ligand10582-0
699,LIBGEI__ligand7762-0
700,LIBGEI__ligand13260-0
701,LIBGEI__ligand11252-0
702,LIBGEI__ligand19824-0
703,LIBGEI__ligand18067-0
704,LIBGEI__ligand8002-0
705,LIBGEI__ligand5509-0
706,LIBGEI__ligand384-0
707,LIBGEI__ligand1407-0
708,LIBGEI__ligand6117-0
709,LIBGEI__ligand3867-0
710,LIBGEI__ligand1317-0
711,LIBGEI__ligand7293-0
712,LIBGEI__ligand2822-0
713,LIBGEI__ligand20821-0
714,LIBGEI__ligand768-0
715,LIBGEI__ligand26673-0
716,LIBGEI__ligand2238-0
717,LIBGEI__ligand31000-0
718,LIBGEI__ligand9167-0
719,LIBGEI__ligand11606-0
720,LIBGEI__ligand5304-0
721,LIBGEI__ligand24953-0
722,LIBGEI__ligand23445-0
723,LIBGEI__ligand4649-0
724,LIBGEI__ligand2788-0
725,LIBGEI__ligand5649-0
726,LIBGEI__ligand338-0
727,LIBGEI__ligand20432-0
728,LIBGEI__ligand8793-0
729,LIBGEI__ligand27122-0
730,LIBGEI__ligand13755-0
731,LIBGEI__ligand16133-0
732,LIBGEI__ligand3244-0
733,LIBGEI__ligand4711-0
734,LIBGEI__ligand2906-0
735,LIBGEI__ligand25048-0
736,LIBGEI__ligand21940-0
737,LIBGEI__ligand3178-0
738,LIBGEI__ligand30004-0
739,LIBGEI__ligand20557-0
740,LIBGEI__ligand4807-0
741,LIBGEI__ligand7196-0
742,LIBGEI__ligand5159-0
743,LIBGEI__ligand1356-0
744,LIBGEI__ligand1787-0
745,LIBGEI__ligand5530-0
746,LIBGEI__ligand9753-0
747,LIBGEI__ligand185-0
748,LIBGEI__ligand7316-0
749,LIBGEI__ligand5708-0
750,LIBGEI__ligand279-0
751,LIBGEI__ligand6017-0
752,LIBGEI__ligand178-0
753,LIBGEI__ligand18413-0
754,LIBGEI__ligand20844-0
755,LIBGEI__ligand24624-0
756,LIBGEI__ligand5180-0
757,LIBGEI__ligand18757-0
758,LIBGEI__ligand24560-0
759,LIBGEI__ligand321-0
760,LIBGEI__ligand7273-0
761,LIBGEI__ligand9323-0
762,LIBGEI__ligand7172-0
763,LIBGEI__ligand21752-0
764,LIBGEI__ligand8612-0
765,LIBGEI__ligand30788-0
766,LIBGEI__ligand2124-0
767,LIBGEI__ligand13691-0
768,LIBGEI__ligand14339-0
769,LIBGEI__ligand2260-0
770,LIBGEI__ligand201-0
771,LIBGEI__ligand7092-0
772,LIBGEI__ligand1116-0
773,LIBGEI__ligand3225-0
774,LIBGEI__ligand1153-0
775,LIBGEI__ligand777-0
776,LIBGEI__ligand2417-0
777,LIBGEI__ligand20942-1
778,LIBGEI__ligand21339-0
779,LIBGEI__ligand14226-0
780,LIBGEI__ligand16956-0
781,LIBGEI__ligand18158-0
782,LIBGEI__ligand1114-0
783,LIBGEI__ligand27771-0
784,LIBGEI__ligand596-0
785,LIBGEI__ligand941-0
786,LIBGEI__ligand11-0
787,LIBGEI__ligand29565-0
788,LIBGEI__ligand3126-0
789,LIBGEI__ligand6391-0
790,LIBGEI__ligand23682-0
791,LIBGEI__ligand9284-0
792,LIBGEI__ligand4-0
793,LIBGEI__ligand18019-1
794,LIBGEI__ligand69-0
795,LIBGEI__ligand9943-0
796,LIBGEI__ligand1228-0
797,LIBGEI__ligand14007-0
798,LIBGEI__ligand657-0
799,LIBGEI__ligand1604-0
800,LIBGEI__ligand187-0
801,LIBGEI__ligand1832-0
802,LIBGEI__ligand8788-0
803,LIBGEI__ligand366-0
804,LIBGEI__ligand2043-0
805,LIBGEI__ligand27550-0
806,LIBGEI__ligand11501-0
807,LIBGEI__ligand11544-0
808,LIBGEI__ligand1599-0
809,LIBGEI__ligand29214-0
810,LIBGEI__ligand2612-0
811,LIBGEI__ligand22357-0
812,LIBGEI__ligand11758-0
813,LIBGEI__ligand845-0
814,LIBGEI__ligand9450-0
815,LIBGEI__ligand21448-0
816,LIBGEI__ligand11798-0
817,LIBGEI__ligand12413-0
818,LIBGEI__ligand29334-0
819,LIBGEI__ligand20731-0
820,LIBGEI__ligand163-0
821,LIBGEI__ligand126-0
822,LIBGEI__ligand17445-0
823,LIBGEI__ligand1289-0
824,LIBGEI__ligand17069-0
825,LIBGEI__ligand5387-0
826,LIBGEI__ligand2203-0
827,LIBGEI__ligand14477-0
