,TMC
0,MACGON__ligand851-0
1,MACGON__ligand1-0
2,MACGON__ligand1114-0
3,MACGON__ligand1538-0
4,MACGON__ligand909-0
5,MACGON__ligand177-0
6,MACGON__ligand934-0
7,MACGON__ligand1228-0
8,MACGON__ligand9244-0
9,MACGON__ligand1148-0
10,MACGON__ligand252-0
11,MACGON__ligand955-0
12,MACGON__ligand1479-0
13,MACGON__ligand830-0
14,MACGON__ligand32-0
15,MACGON__ligand3246-0
16,MACGON__ligand193-0
17,MACGON__ligand7915-0
18,MACGON__ligand5548-0
19,MACGON__ligand6686-0
20,MACGON__ligand1747-0
21,MACGON__ligand370-0
22,MACGON__ligand3145-0
23,MACGON__ligand48-0
24,MACGON__ligand3178-0
25,MACGON__ligand6332-0
26,MACGON__ligand250-0
27,MACGON__ligand460-0
28,MACGON__ligand2098-0
29,MACGON__ligand6502-0
30,MACGON__ligand2863-0
31,MACGON__ligand91-0
32,MACGON__ligand188-0
33,MACGON__ligand29-0
34,MACGON__ligand2634-0
35,MACGON__ligand1542-0
36,MACGON__ligand3041-0
37,MACGON__ligand369-0
38,MACGON__ligand444-0
39,MACGON__ligand311-0
40,MACGON__ligand3-0
41,MACGON__ligand2751-0
42,MACGON__ligand51-0
43,MACGON__ligand1376-0
44,MACGON__ligand390-0
45,MACGON__ligand2768-0
46,MACGON__ligand932-0
47,MACGON__ligand134-0
48,MACGON__ligand235-0
49,MACGON__ligand2688-0
50,MACGON__ligand2259-0
51,MACGON__ligand95-0
52,MACGON__ligand1951-0
53,MACGON__ligand560-0
54,MACGON__ligand525-0
55,MACGON__ligand109-0
56,MACGON__ligand55-0
57,MACGON__ligand1687-0
58,MACGON__ligand6277-0
59,MACGON__ligand2629-0
60,MACGON__ligand294-0
61,MACGON__ligand34-0
62,MACGON__ligand993-0
63,MACGON__ligand4381-0
64,MACGON__ligand1706-0
65,MACGON__ligand331-0
66,MACGON__ligand3734-0
67,MACGON__ligand421-0
68,MACGON__ligand798-0
69,MACGON__ligand584-0
70,MACGON__ligand916-0
71,MACGON__ligand10357-0
72,MACGON__ligand3063-0
73,MACGON__ligand1438-0
74,MACGON__ligand15630-0
75,MACGON__ligand112-0
76,MACGON__ligand5801-0
77,MACGON__ligand1171-0
78,MACGON__ligand197-0
79,MACGON__ligand73-0
80,MACGON__ligand296-0
81,MACGON__ligand57-0
82,MACGON__ligand1685-0
83,MACGON__ligand2087-0
84,MACGON__ligand352-0
85,MACGON__ligand1048-0
86,MACGON__ligand783-0
87,MACGON__ligand3757-0
88,MACGON__ligand1459-0
89,MACGON__ligand868-0
90,MACGON__ligand442-0
91,MACGON__ligand1544-0
92,MACGON__ligand136-0
93,MACGON__ligand2320-0
94,MACGON__ligand1056-0
95,MACGON__ligand2862-0
96,MACGON__ligand2285-0
97,MACGON__ligand1567-0
98,MACGON__ligand49-0
99,MACGON__ligand115-0
100,MACGON__ligand8921-0
101,MACGON__ligand2510-0
102,MACGON__ligand89-0
103,MACGON__ligand291-0
104,MACGON__ligand2907-0
105,MACGON__ligand1703-0
106,MACGON__ligand2430-0
107,MACGON__ligand1152-0
108,MACGON__ligand355-0
109,MACGON__ligand784-0
110,MACGON__ligand1727-0
111,MACGON__ligand485-0
112,MACGON__ligand1607-0
113,MACGON__ligand447-0
114,MACGON__ligand8774-0
115,MACGON__ligand3637-0
116,MACGON__ligand133-0
117,MACGON__ligand92-0
118,MACGON__ligand522-0
119,MACGON__ligand666-0
120,MACGON__ligand17-0
121,MACGON__ligand487-0
122,MACGON__ligand7464-0
123,MACGON__ligand6294-0
124,MACGON__ligand1054-0
125,MACGON__ligand682-0
126,MACGON__ligand1598-0
127,MACGON__ligand1248-0
128,MACGON__ligand4303-0
129,MACGON__ligand9495-0
130,MACGON__ligand6151-0
131,MACGON__ligand2772-0
132,MACGON__ligand6538-0
133,MACGON__ligand502-0
134,MACGON__ligand196-0
135,MACGON__ligand2142-0
136,MACGON__ligand113-0
137,MACGON__ligand422-0
138,MACGON__ligand14530-0
139,MACGON__ligand2864-0
140,MACGON__ligand5022-0
141,MACGON__ligand236-0
142,MACGON__ligand1169-0
143,MACGON__ligand4-0
144,MACGON__ligand5941-0
145,MACGON__ligand2880-0
146,MACGON__ligand353-0
147,MACGON__ligand2838-0
148,MACGON__ligand1799-0
149,MACGON__ligand3838-0
150,MACGON__ligand10910-0
151,MACGON__ligand481-0
152,MACGON__ligand9027-0
153,MACGON__ligand314-0
154,MACGON__ligand6-0
155,MACGON__ligand1113-0
156,MACGON__ligand2265-0
157,MACGON__ligand11-0
158,MACGON__ligand6396-0
159,MACGON__ligand10114-0
160,MACGON__ligand170-0
161,MACGON__ligand1502-0
162,MACGON__ligand2345-0
163,MACGON__ligand2794-0
164,MACGON__ligand1835-0
165,MACGON__ligand4983-0
166,MACGON__ligand391-0
167,MACGON__ligand210-0
168,MACGON__ligand10479-0
169,MACGON__ligand1052-0
170,MACGON__ligand1273-0
171,MACGON__ligand2315-0
172,MACGON__ligand4504-0
173,MACGON__ligand3051-0
174,MACGON__ligand2480-0
175,MACGON__ligand1898-0
176,MACGON__ligand384-0
177,MACGON__ligand120-0
178,MACGON__ligand5334-0
179,MACGON__ligand8032-0
180,MACGON__ligand1858-0
181,MACGON__ligand2916-0
182,MACGON__ligand2110-0
183,MACGON__ligand3579-0
184,MACGON__ligand1712-0
185,MACGON__ligand2389-0
186,MACGON__ligand1919-0
187,MACGON__ligand240-0
188,MACGON__ligand141-0
189,MACGON__ligand2376-0
190,MACGON__ligand8-0
191,MACGON__ligand2929-0
192,MACGON__ligand6430-0
193,MACGON__ligand1299-0
194,MACGON__ligand1221-0
195,MACGON__ligand67-0
196,MACGON__ligand1264-0
197,MACGON__ligand1379-0
198,MACGON__ligand5762-0
199,MACGON__ligand7414-0
200,MACGON__ligand1104-0
201,MACGON__ligand2442-0
202,MACGON__ligand1019-0
203,MACGON__ligand797-0
204,MACGON__ligand757-0
205,MACGON__ligand1325-0
206,MACGON__ligand2482-0
207,MACGON__ligand6571-0
208,MACGON__ligand1788-0
209,MACGON__ligand126-0
210,MACGON__ligand3566-0
211,MACGON__ligand1178-0
212,MACGON__ligand1321-0
213,MACGON__ligand4811-0
214,MACGON__ligand1449-1
215,MACGON__ligand596-0
216,MACGON__ligand3337-0
217,MACGON__ligand7514-0
218,MACGON__ligand366-0
219,MACGON__ligand861-0
220,MACGON__ligand1260-0
221,MACGON__ligand4894-0
222,MACGON__ligand9620-0
223,MACGON__ligand612-0
224,MACGON__ligand187-0
225,MACGON__ligand321-0
226,MACGON__ligand279-0
227,MACGON__ligand178-0
228,MACGON__ligand100-0
229,MACGON__ligand244-0
230,MACGON__ligand201-0
231,MACGON__ligand1307-0
232,MACGON__ligand85-0
233,MACGON__ligand2599-0
234,MACGON__ligand5089-0
235,MACGON__ligand78-0
236,MACGON__ligand124-0
237,MACGON__ligand3853-0
238,MACGON__ligand2853-0
239,MACGON__ligand6166-0
240,MACGON__ligand119-0
241,MACGON__ligand45-0
242,MACGON__ligand1246-0
243,MACGON__ligand821-0
244,MACGON__ligand326-0
245,MACGON__ligand553-0
246,MACGON__ligand2915-0
247,MACGON__ligand66-0
248,MACGON__ligand283-0
249,MACGON__ligand142-0
250,MACGON__ligand206-0
251,MACGON__ligand4012-0
252,MACGON__ligand3196-0
253,MACGON__ligand436-0
254,MACGON__ligand2526-0
255,MACGON__ligand1551-0
256,MACGON__ligand166-0
257,MACGON__ligand838-0
258,MACGON__ligand2707-0
259,MACGON__ligand497-0
260,MACGON__ligand633-0
261,MACGON__ligand918-0
262,MACGON__ligand1690-0
263,MACGON__ligand532-0
264,MACGON__ligand11730-0
265,MACGON__ligand1436-0
266,MACGON__ligand575-0
267,MACGON__ligand40-0
268,MACGON__ligand3618-0
269,MACGON__ligand2618-0
270,MACGON__ligand38-0
271,MACGON__ligand927-0
272,MACGON__ligand4370-0
273,MACGON__ligand199-0
274,MACGON__ligand1918-0
275,MACGON__ligand105-0
276,MACGON__ligand140-0
277,MACGON__ligand409-0
278,MACGON__ligand4175-0
279,MACGON__ligand361-0
280,MACGON__ligand324-0
281,MACGON__ligand21-0
282,MACGON__ligand2255-0
283,MACGON__ligand430-0
284,MACGON__ligand1493-0
285,MACGON__ligand358-0
286,MACGON__ligand2718-0
287,MACGON__ligand3070-0
288,MACGON__ligand3035-0
289,MACGON__ligand669-0
290,MACGON__ligand9176-0
291,MACGON__ligand18-0
292,MACGON__ligand278-0
293,MACGON__ligand3251-0
294,MACGON__ligand5235-0
295,MACGON__ligand6143-0
296,MACGON__ligand4619-0
297,MACGON__ligand365-0
298,MACGON__ligand118-0
299,MACGON__ligand670-0
300,MACGON__ligand7456-0
301,MACGON__ligand571-0
302,MACGON__ligand1818-0
303,MACGON__ligand3852-0
304,MACGON__ligand3478-0
305,MACGON__ligand5758-0
306,MACGON__ligand509-0
307,MACGON__ligand383-0
308,MACGON__ligand7630-0
309,MACGON__ligand1555-0
310,MACGON__ligand162-0
311,MACGON__ligand1285-0
312,MACGON__ligand86-0
313,MACGON__ligand226-0
314,MACGON__ligand1907-0
315,MACGON__ligand4423-0
316,MACGON__ligand3890-0
317,MACGON__ligand2954-0
318,MACGON__ligand5093-0
319,MACGON__ligand62-0
320,MACGON__ligand2253-0
321,MACGON__ligand1160-0
322,MACGON__ligand1038-0
323,MACGON__ligand2762-0
324,MACGON__ligand7550-0
