,TMC
0,QITXIC__ligand16791-0
1,QITXIC__ligand3565-0
2,QITXIC__ligand28668-0
3,QITXIC__ligand5331-0
4,QITXIC__ligand1512-0
5,QITXIC__ligand2485-0
6,QITXIC__ligand409-0
7,QITXIC__ligand3852-0
8,QITXIC__ligand361-0
9,QITXIC__ligand6919-0
10,QITXIC__ligand324-0
11,QITXIC__ligand18799-0
12,QITXIC__ligand18465-0
13,QITXIC__ligand3094-0
14,QITXIC__ligand4155-0
15,QITXIC__ligand18074-0
16,QITXIC__ligand13869-0
17,QITXIC__ligand29863-0
18,QITXIC__ligand5211-0
19,QITXIC__ligand3131-0
20,QITXIC__ligand29610-0
21,QITXIC__ligand67-0
22,QITXIC__ligand3937-0
23,QITXIC__ligand1202-0
24,QITXIC__ligand3174-0
25,QITXIC__ligand8969-0
26,QITXIC__ligand6839-0
27,QITXIC__ligand11140-0
28,QITXIC__ligand4720-0
29,QITXIC__ligand7106-0
30,QITXIC__ligand10084-0
31,QITXIC__ligand25267-0
32,QITXIC__ligand12467-0
33,QITXIC__ligand7242-0
34,QITXIC__ligand21936-0
35,QITXIC__ligand13257-0
36,QITXIC__ligand23904-0
37,QITXIC__ligand1263-0
38,QITXIC__ligand43-0
39,QITXIC__ligand9908-0
40,QITXIC__ligand199-0
41,QITXIC__ligand1573-0
42,QITXIC__ligand1536-0
43,QITXIC__ligand9935-0
44,QITXIC__ligand27074-0
45,QITXIC__ligand20599-0
46,QITXIC__ligand588-0
47,QITXIC__ligand3504-0
48,QITXIC__ligand1959-0
49,QITXIC__ligand22981-0
50,QITXIC__ligand25805-0
51,QITXIC__ligand4661-0
52,QITXIC__ligand1844-0
53,QITXIC__ligand3718-0
54,QITXIC__ligand300-0
55,QITXIC__ligand18391-0
56,QITXIC__ligand27169-0
57,QITXIC__ligand6616-0
58,QITXIC__ligand3035-0
59,QITXIC__ligand1343-0
60,QITXIC__ligand3876-0
61,QITXIC__ligand14523-0
62,QITXIC__ligand633-0
63,QITXIC__ligand4016-0
64,QITXIC__ligand6709-0
65,QITXIC__ligand1219-0
66,QITXIC__ligand27835-0
67,QITXIC__ligand12295-0
68,QITXIC__ligand7867-0
69,QITXIC__ligand7280-0
70,QITXIC__ligand25689-0
71,QITXIC__ligand1304-0
72,QITXIC__ligand1790-0
73,QITXIC__ligand21787-0
74,QITXIC__ligand25575-0
75,QITXIC__ligand497-0
76,QITXIC__ligand7238-0
77,QITXIC__ligand9784-0
78,QITXIC__ligand30539-0
79,QITXIC__ligand7629-0
80,QITXIC__ligand4272-0
81,QITXIC__ligand1451-0
82,QITXIC__ligand3954-0
83,QITXIC__ligand4442-0
84,QITXIC__ligand4093-0
85,QITXIC__ligand23906-0
86,QITXIC__ligand11166-0
87,QITXIC__ligand1160-0
88,QITXIC__ligand8699-0
89,QITXIC__ligand9520-0
90,QITXIC__ligand21132-0
91,QITXIC__ligand5256-0
92,QITXIC__ligand7648-0
93,QITXIC__ligand2828-0
94,QITXIC__ligand8876-0
95,QITXIC__ligand9833-0
96,QITXIC__ligand436-0
97,QITXIC__ligand4157-0
98,QITXIC__ligand25735-0
99,QITXIC__ligand12519-0
100,QITXIC__ligand2232-0
101,QITXIC__ligand23124-0
102,QITXIC__ligand692-0
103,QITXIC__ligand9291-0
104,QITXIC__ligand11206-0
105,QITXIC__ligand2176-0
106,QITXIC__ligand12660-0
107,QITXIC__ligand7000-0
108,QITXIC__ligand1982-0
109,QITXIC__ligand6768-0
110,QITXIC__ligand8115-0
111,QITXIC__ligand1285-0
112,QITXIC__ligand19257-0
113,QITXIC__ligand13209-0
114,QITXIC__ligand25650-0
115,QITXIC__ligand31248-0
116,QITXIC__ligand326-0
117,QITXIC__ligand4546-0
118,QITXIC__ligand4503-0
119,QITXIC__ligand9601-0
120,QITXIC__ligand696-0
121,QITXIC__ligand24-0
122,QITXIC__ligand8992-0
123,QITXIC__ligand4116-0
124,QITXIC__ligand29898-0
125,QITXIC__ligand1018-0
126,QITXIC__ligand26277-0
127,QITXIC__ligand6124-0
128,QITXIC__ligand11432-0
129,QITXIC__ligand3707-0
130,QITXIC__ligand31618-0
131,QITXIC__ligand10432-0
132,QITXIC__ligand7967-0
133,QITXIC__ligand22755-0
134,QITXIC__ligand8721-0
135,QITXIC__ligand1324-0
136,QITXIC__ligand15168-0
137,QITXIC__ligand5643-0
138,QITXIC__ligand1823-0
139,QITXIC__ligand5036-0
140,QITXIC__ligand2526-0
141,QITXIC__ligand1615-0
142,QITXIC__ligand656-0
143,QITXIC__ligand24064-0
144,QITXIC__ligand23589-0
145,QITXIC__ligand9111-0
146,QITXIC__ligand9952-0
147,QITXIC__ligand19-0
148,QITXIC__ligand2332-0
149,QITXIC__ligand29087-0
150,QITXIC__ligand9441-0
151,QITXIC__ligand18703-0
152,QITXIC__ligand78-0
153,QITXIC__ligand9933-0
154,QITXIC__ligand15438-0
155,QITXIC__ligand28924-0
156,QITXIC__ligand1575-0
157,QITXIC__ligand1530-0
158,QITXIC__ligand1631-0
159,QITXIC__ligand162-0
160,QITXIC__ligand24750-0
161,QITXIC__ligand45-0
162,QITXIC__ligand3156-0
163,QITXIC__ligand2915-0
164,QITXIC__ligand226-0
165,QITXIC__ligand18013-0
166,QITXIC__ligand25224-0
167,QITXIC__ligand1378-0
168,QITXIC__ligand416-0
169,QITXIC__ligand17945-0
170,QITXIC__ligand383-0
171,QITXIC__ligand31578-0
172,QITXIC__ligand6244-0
173,QITXIC__ligand17207-0
174,QITXIC__ligand7819-0
175,QITXIC__ligand2917-0
176,QITXIC__ligand18699-0
177,QITXIC__ligand12682-0
178,QITXIC__ligand3465-0
179,QITXIC__ligand17240-0
180,QITXIC__ligand6102-0
181,QITXIC__ligand6904-0
182,QITXIC__ligand3721-0
183,QITXIC__ligand6596-0
184,QITXIC__ligand17590-0
185,QITXIC__ligand13072-0
186,QITXIC__ligand12336-0
187,QITXIC__ligand4620-0
188,QITXIC__ligand670-0
189,QITXIC__ligand2295-0
190,QITXIC__ligand6067-0
191,QITXIC__ligand1577-0
192,QITXIC__ligand534-0
193,QITXIC__ligand571-0
194,QITXIC__ligand4641-0
195,QITXIC__ligand24613-0
196,QITXIC__ligand19725-0
197,QITXIC__ligand31483-0
198,QITXIC__ligand10555-0
199,QITXIC__ligand3234-0
200,QITXIC__ligand1142-0
201,QITXIC__ligand20579-0
202,QITXIC__ligand17710-0
203,QITXIC__ligand694-0
204,QITXIC__ligand11568-0
205,QITXIC__ligand2028-0
206,QITXIC__ligand8835-0
207,QITXIC__ligand21421-0
208,QITXIC__ligand430-0
209,QITXIC__ligand358-0
210,QITXIC__ligand7126-0
211,QITXIC__ligand14586-0
212,QITXIC__ligand11774-0
213,QITXIC__ligand488-0
214,QITXIC__ligand9148-0
215,QITXIC__ligand25411-0
216,QITXIC__ligand122-0
217,QITXIC__ligand7529-0
218,QITXIC__ligand757-0
219,QITXIC__ligand14174-0
220,QITXIC__ligand10712-0
221,QITXIC__ligand11456-0
222,QITXIC__ligand6946-0
223,QITXIC__ligand1415-0
224,QITXIC__ligand12030-0
225,QITXIC__ligand2830-0
226,QITXIC__ligand14248-0
227,QITXIC__ligand29879-0
228,QITXIC__ligand5627-0
229,QITXIC__ligand28884-0
230,QITXIC__ligand13331-0
231,QITXIC__ligand1729-0
232,QITXIC__ligand5483-0
233,QITXIC__ligand38-0
234,QITXIC__ligand31832-0
235,QITXIC__ligand5316-0
236,QITXIC__ligand13294-0
237,QITXIC__ligand7530-0
238,QITXIC__ligand1065-0
239,QITXIC__ligand1449-0
240,QITXIC__ligand3012-0
241,QITXIC__ligand4332-0
242,QITXIC__ligand26810-0
243,QITXIC__ligand27482-0
244,QITXIC__ligand9681-0
245,QITXIC__ligand13208-0
246,QITXIC__ligand6882-0
247,QITXIC__ligand6455-0
248,QITXIC__ligand20682-0
249,QITXIC__ligand693-0
250,QITXIC__ligand3934-0
251,QITXIC__ligand13390-0
252,QITXIC__ligand2403-0
253,QITXIC__ligand3973-0
254,QITXIC__ligand66-0
255,QITXIC__ligand20539-0
256,QITXIC__ligand30702-0
257,QITXIC__ligand20214-0
258,QITXIC__ligand20251-0
259,QITXIC__ligand240-0
260,QITXIC__ligand1147-0
261,QITXIC__ligand141-0
262,QITXIC__ligand21581-0
263,QITXIC__ligand31097-0
264,QITXIC__ligand14117-0
265,QITXIC__ligand17261-0
266,QITXIC__ligand2068-0
267,QITXIC__ligand7925-0
268,QITXIC__ligand20419-0
269,QITXIC__ligand4194-0
270,QITXIC__ligand21371-0
271,QITXIC__ligand17118-0
272,QITXIC__ligand7532-0
273,QITXIC__ligand28789-0
274,QITXIC__ligand29568-0
275,QITXIC__ligand14889-0
276,QITXIC__ligand30851-0
277,QITXIC__ligand2599-0
278,QITXIC__ligand4330-0
279,QITXIC__ligand20011-0
280,QITXIC__ligand17278-0
281,QITXIC__ligand17982-0
282,QITXIC__ligand768-0
283,QITXIC__ligand29414-0
284,QITXIC__ligand6283-0
285,QITXIC__ligand6062-0
286,QITXIC__ligand17398-0
287,QITXIC__ligand5813-0
288,QITXIC__ligand20598-0
289,QITXIC__ligand4813-0
290,QITXIC__ligand11675-0
291,QITXIC__ligand4738-0
292,QITXIC__ligand24047-0
293,QITXIC__ligand22557-0
294,QITXIC__ligand10589-0
295,QITXIC__ligand16475-0
296,QITXIC__ligand14703-0
297,QITXIC__ligand3215-0
298,QITXIC__ligand42-0
299,QITXIC__ligand7107-0
300,QITXIC__ligand20251-1
301,QITXIC__ligand384-0
302,QITXIC__ligand30333-0
303,QITXIC__ligand12606-0
304,QITXIC__ligand1533-0
305,QITXIC__ligand30296-0
306,QITXIC__ligand17281-0
307,QITXIC__ligand26540-0
308,QITXIC__ligand7557-0
309,QITXIC__ligand12337-0
310,QITXIC__ligand1496-0
311,QITXIC__ligand29410-0
312,QITXIC__ligand4131-0
313,QITXIC__ligand1712-0
314,QITXIC__ligand12427-0
315,QITXIC__ligand20740-0
316,QITXIC__ligand28468-0
317,QITXIC__ligand338-0
318,QITXIC__ligand16628-0
319,QITXIC__ligand5094-0
320,QITXIC__ligand5892-0
321,QITXIC__ligand27460-0
322,QITXIC__ligand27175-0
323,QITXIC__ligand18832-0
324,QITXIC__ligand23713-0
325,QITXIC__ligand3029-0
326,QITXIC__ligand7162-0
327,QITXIC__ligand2328-0
328,QITXIC__ligand1773-0
329,QITXIC__ligand4581-0
330,QITXIC__ligand30988-0
331,QITXIC__ligand14723-0
332,QITXIC__ligand1900-0
333,QITXIC__ligand27893-0
334,QITXIC__ligand9197-0
335,QITXIC__ligand12934-0
336,QITXIC__ligand20578-0
337,QITXIC__ligand15422-0
338,QITXIC__ligand19641-0
339,QITXIC__ligand201-0
340,QITXIC__ligand185-0
341,QITXIC__ligand279-0
342,QITXIC__ligand3208-0
343,QITXIC__ligand31783-0
344,QITXIC__ligand2208-0
345,QITXIC__ligand178-0
346,QITXIC__ligand7573-0
347,QITXIC__ligand2781-0
348,QITXIC__ligand14603-0
349,QITXIC__ligand3350-0
350,QITXIC__ligand14297-0
351,QITXIC__ligand17258-0
352,QITXIC__ligand17631-0
353,QITXIC__ligand6672-0
354,QITXIC__ligand9809-0
355,QITXIC__ligand13012-0
356,QITXIC__ligand1327-0
357,QITXIC__ligand26665-0
358,QITXIC__ligand321-0
359,QITXIC__ligand8722-0
360,QITXIC__ligand17302-0
361,QITXIC__ligand2527-0
362,QITXIC__ligand657-0
363,QITXIC__ligand17805-0
364,QITXIC__ligand187-0
365,QITXIC__ligand18-0
366,QITXIC__ligand24185-0
367,QITXIC__ligand366-0
368,QITXIC__ligand23769-0
369,QITXIC__ligand1709-0
370,QITXIC__ligand8464-0
371,QITXIC__ligand8349-0
372,QITXIC__ligand25178-0
373,QITXIC__ligand1771-0
374,QITXIC__ligand4911-0
375,QITXIC__ligand12401-0
376,QITXIC__ligand15585-0
377,QITXIC__ligand777-0
378,QITXIC__ligand24145-0
379,QITXIC__ligand3392-0
380,QITXIC__ligand10476-0
381,QITXIC__ligand8-0
382,QITXIC__ligand13068-0
383,QITXIC__ligand19830-0
384,QITXIC__ligand18292-0
385,QITXIC__ligand12289-0
386,QITXIC__ligand26702-0
387,QITXIC__ligand13658-0
388,QITXIC__ligand12130-0
389,QITXIC__ligand17387-0
390,QITXIC__ligand5849-0
391,QITXIC__ligand596-0
392,QITXIC__ligand941-0
393,QITXIC__ligand12231-0
394,QITXIC__ligand18814-0
395,QITXIC__ligand1379-0
396,QITXIC__ligand19057-0
397,QITXIC__ligand2722-0
398,QITXIC__ligand13425-0
399,QITXIC__ligand29302-0
400,QITXIC__ligand5935-0
401,QITXIC__ligand1165-0
402,QITXIC__ligand163-0
403,QITXIC__ligand126-0
404,QITXIC__ligand9525-0
405,QITXIC__ligand3157-0
406,QITXIC__ligand28676-0
407,QITXIC__ligand10262-0
408,QITXIC__ligand27763-0
409,QITXIC__ligand1688-0
410,QITXIC__ligand12641-0
411,QITXIC__ligand5357-0
412,QITXIC__ligand3647-0
413,QITXIC__ligand10958-0
414,QITXIC__ligand5056-0
415,QITXIC__ligand4850-0
416,QITXIC__ligand845-0
417,QITXIC__ligand1768-0
418,QITXIC__ligand14108-0
419,QITXIC__ligand3871-0
420,QITXIC__ligand1469-0
421,QITXIC__ligand9615-0
422,QITXIC__ligand30711-0
423,QITXIC__ligand20207-0
424,QITXIC__ligand11682-0
425,QITXIC__ligand152-0
426,QITXIC__ligand1154-0
427,QITXIC__ligand4596-0
428,QITXIC__ligand1498-0
429,QITXIC__ligand16988-0
430,QITXIC__ligand25913-0
431,QITXIC__ligand16663-0
432,QITXIC__ligand14614-0
433,QITXIC__ligand8529-0
434,QITXIC__ligand24035-0
435,QITXIC__ligand1169-0
436,QITXIC__ligand11994-0
437,QITXIC__ligand31044-0
438,QITXIC__ligand506-0
439,QITXIC__ligand31842-0
440,QITXIC__ligand48-0
441,QITXIC__ligand1015-0
442,QITXIC__ligand1050-0
443,QITXIC__ligand12365-0
444,QITXIC__ligand10056-0
445,QITXIC__ligand487-0
446,QITXIC__ligand13862-0
447,QITXIC__ligand11357-0
448,QITXIC__ligand28743-0
449,QITXIC__ligand4-0
450,QITXIC__ligand15531-0
451,QITXIC__ligand2027-0
452,QITXIC__ligand22294-0
453,QITXIC__ligand22168-0
454,QITXIC__ligand28930-0
455,QITXIC__ligand91-0
456,QITXIC__ligand21919-0
457,QITXIC__ligand2692-0
458,QITXIC__ligand11970-0
459,QITXIC__ligand1618-0
460,QITXIC__ligand176-0
461,QITXIC__ligand15883-0
462,QITXIC__ligand51-0
463,QITXIC__ligand447-0
464,QITXIC__ligand24230-0
465,QITXIC__ligand28810-0
466,QITXIC__ligand4262-0
467,QITXIC__ligand11096-0
468,QITXIC__ligand11447-0
469,QITXIC__ligand746-0
470,QITXIC__ligand19792-0
471,QITXIC__ligand1028-0
472,QITXIC__ligand10828-0
473,QITXIC__ligand15926-0
474,QITXIC__ligand5415-0
475,QITXIC__ligand16-0
476,QITXIC__ligand14167-0
477,QITXIC__ligand13477-0
478,QITXIC__ligand3471-0
479,QITXIC__ligand4161-0
480,QITXIC__ligand4124-0
481,QITXIC__ligand395-0
482,QITXIC__ligand27669-0
483,QITXIC__ligand368-0
484,QITXIC__ligand30142-0
485,QITXIC__ligand27285-0
486,QITXIC__ligand784-0
487,QITXIC__ligand29029-0
488,QITXIC__ligand2823-0
489,QITXIC__ligand6995-0
490,QITXIC__ligand3180-0
491,QITXIC__ligand23197-0
492,QITXIC__ligand4340-0
493,QITXIC__ligand2281-0
494,QITXIC__ligand2650-0
495,QITXIC__ligand7566-0
496,QITXIC__ligand833-0
497,QITXIC__ligand10371-0
498,QITXIC__ligand2001-0
499,QITXIC__ligand8593-0
500,QITXIC__ligand9944-0
501,QITXIC__ligand13672-0
502,QITXIC__ligand18568-0
503,QITXIC__ligand28685-0
504,QITXIC__ligand1113-0
505,QITXIC__ligand115-0
506,QITXIC__ligand19184-0
507,QITXIC__ligand8553-0
508,QITXIC__ligand32-0
509,QITXIC__ligand5201-0
510,QITXIC__ligand28459-0
511,QITXIC__ligand12453-0
512,QITXIC__ligand18448-0
513,QITXIC__ligand29215-0
514,QITXIC__ligand314-1
515,QITXIC__ligand6663-0
516,QITXIC__ligand12003-0
517,QITXIC__ligand5515-0
518,QITXIC__ligand26631-0
519,QITXIC__ligand16148-0
520,QITXIC__ligand21399-0
521,QITXIC__ligand1831-0
522,QITXIC__ligand10872-0
523,QITXIC__ligand5280-0
524,QITXIC__ligand5614-0
525,QITXIC__ligand1849-0
526,QITXIC__ligand22403-0
527,QITXIC__ligand465-0
528,QITXIC__ligand1216-0
529,QITXIC__ligand20695-0
530,QITXIC__ligand27754-0
531,QITXIC__ligand28540-0
532,QITXIC__ligand1152-0
533,QITXIC__ligand11111-0
534,QITXIC__ligand3261-0
535,QITXIC__ligand16369-0
536,QITXIC__ligand5019-0
537,QITXIC__ligand6112-0
538,QITXIC__ligand8042-0
539,QITXIC__ligand7213-0
540,QITXIC__ligand26529-0
541,QITXIC__ligand1397-0
542,QITXIC__ligand1828-0
543,QITXIC__ligand391-0
544,QITXIC__ligand11618-0
545,QITXIC__ligand5755-0
546,QITXIC__ligand4710-0
547,QITXIC__ligand618-0
548,QITXIC__ligand5085-0
549,QITXIC__ligand57-0
550,QITXIC__ligand3144-0
551,QITXIC__ligand4795-0
552,QITXIC__ligand3285-0
553,QITXIC__ligand19927-0
554,QITXIC__ligand14043-0
555,QITXIC__ligand28559-0
556,QITXIC__ligand1908-0
557,QITXIC__ligand26324-0
558,QITXIC__ligand813-0
559,QITXIC__ligand21729-0
560,QITXIC__ligand5630-0
561,QITXIC__ligand27239-0
562,QITXIC__ligand780-0
563,QITXIC__ligand314-0
564,QITXIC__ligand1786-0
565,QITXIC__ligand11949-0
566,QITXIC__ligand1149-0
567,QITXIC__ligand3980-0
568,QITXIC__ligand3557-0
569,QITXIC__ligand12138-0
570,QITXIC__ligand68-0
571,QITXIC__ligand24780-0
572,QITXIC__ligand7075-0
573,QITXIC__ligand22129-0
574,QITXIC__ligand25561-0
575,QITXIC__ligand9750-0
576,QITXIC__ligand353-0
577,QITXIC__ligand6993-0
578,QITXIC__ligand1817-0
579,QITXIC__ligand1779-0
580,QITXIC__ligand393-0
581,QITXIC__ligand31694-0
582,QITXIC__ligand4167-0
583,QITXIC__ligand9491-0
584,QITXIC__ligand4266-0
585,QITXIC__ligand1400-0
586,QITXIC__ligand29486-0
587,QITXIC__ligand55-0
588,QITXIC__ligand17427-0
589,QITXIC__ligand1288-0
590,QITXIC__ligand13385-0
591,QITXIC__ligand4207-0
592,QITXIC__ligand14569-0
593,QITXIC__ligand422-0
594,QITXIC__ligand3453-0
595,QITXIC__ligand3416-0
596,QITXIC__ligand24111-0
597,QITXIC__ligand22444-0
598,QITXIC__ligand13220-0
599,QITXIC__ligand11587-0
600,QITXIC__ligand1150-0
601,QITXIC__ligand1539-0
602,QITXIC__ligand686-0
603,QITXIC__ligand23175-0
604,QITXIC__ligand15788-0
605,QITXIC__ligand17396-0
606,QITXIC__ligand34-0
607,QITXIC__ligand30728-0
608,QITXIC__ligand27840-0
609,QITXIC__ligand196-0
610,QITXIC__ligand4063-0
611,QITXIC__ligand8200-0
612,QITXIC__ligand7438-0
613,QITXIC__ligand24872-0
614,QITXIC__ligand24644-0
615,QITXIC__ligand10033-0
616,QITXIC__ligand3042-0
617,QITXIC__ligand12001-0
618,QITXIC__ligand370-1
619,QITXIC__ligand2238-0
620,QITXIC__ligand620-0
621,QITXIC__ligand24851-0
622,QITXIC__ligand13657-0
623,QITXIC__ligand14347-0
624,QITXIC__ligand14302-0
625,QITXIC__ligand5304-0
626,QITXIC__ligand20530-0
627,QITXIC__ligand9167-0
628,QITXIC__ligand11698-0
629,QITXIC__ligand564-0
630,QITXIC__ligand27610-0
631,QITXIC__ligand10479-0
632,QITXIC__ligand311-0
633,QITXIC__ligand785-0
634,QITXIC__ligand11479-0
635,QITXIC__ligand3867-0
636,QITXIC__ligand479-0
637,QITXIC__ligand1317-0
638,QITXIC__ligand7293-0
639,QITXIC__ligand2822-0
640,QITXIC__ligand29441-0
641,QITXIC__ligand10853-0
642,QITXIC__ligand6117-0
643,QITXIC__ligand29813-0
644,QITXIC__ligand1407-0
645,QITXIC__ligand16952-0
646,QITXIC__ligand8002-0
647,QITXIC__ligand5509-0
648,QITXIC__ligand20220-0
649,QITXIC__ligand5080-0
650,QITXIC__ligand7762-0
651,QITXIC__ligand17-0
652,QITXIC__ligand188-0
653,QITXIC__ligand20121-0
654,QITXIC__ligand15387-0
655,QITXIC__ligand5595-0
656,QITXIC__ligand4101-0
657,QITXIC__ligand2221-0
658,QITXIC__ligand10151-0
659,QITXIC__ligand3926-0
660,QITXIC__ligand3120-0
661,QITXIC__ligand250-0
662,QITXIC__ligand4358-0
663,QITXIC__ligand8592-0
664,QITXIC__ligand5099-0
665,QITXIC__ligand19906-0
666,QITXIC__ligand19668-0
667,QITXIC__ligand1197-0
668,QITXIC__ligand2259-0
669,QITXIC__ligand1296-0
670,QITXIC__ligand22353-0
671,QITXIC__ligand1376-0
672,QITXIC__ligand5510-0
673,QITXIC__ligand9773-0
674,QITXIC__ligand370-0
675,QITXIC__ligand11606-0
676,QITXIC__ligand1294-0
677,QITXIC__ligand1168-0
678,QITXIC__ligand3677-0
679,QITXIC__ligand3632-0
680,QITXIC__ligand49-0
681,QITXIC__ligand193-0
682,QITXIC__ligand31000-0
683,QITXIC__ligand26673-0
684,QITXIC__ligand372-0
685,QITXIC__ligand20821-0
686,QITXIC__ligand830-0
687,QITXIC__ligand6699-0
688,QITXIC__ligand2881-0
689,QITXIC__ligand1499-0
690,QITXIC__ligand3712-0
691,QITXIC__ligand1464-0
692,QITXIC__ligand19824-0
693,QITXIC__ligand18067-0
694,QITXIC__ligand252-0
695,QITXIC__ligand1211-0
696,QITXIC__ligand11252-0
697,QITXIC__ligand89-0
698,QITXIC__ligand116-0
699,QITXIC__ligand10582-0
700,QITXIC__ligand13260-0
701,QITXIC__ligand6892-0
702,QITXIC__ligand8000-0
703,QITXIC__ligand3736-0
704,QITXIC__ligand31205-0
705,QITXIC__ligand9344-0
706,QITXIC__ligand17686-0
707,QITXIC__ligand25658-0
708,QITXIC__ligand2693-0
709,QITXIC__ligand5383-0
710,QITXIC__ligand11177-0
711,QITXIC__ligand177-0
712,QITXIC__ligand15455-0
713,QITXIC__ligand3945-0
714,QITXIC__ligand16870-0
715,QITXIC__ligand9299-0
716,QITXIC__ligand11622-0
717,QITXIC__ligand909-0
718,QITXIC__ligand4007-0
719,QITXIC__ligand2985-0
720,QITXIC__ligand11814-0
721,QITXIC__ligand9883-0
722,QITXIC__ligand3677-1
723,QITXIC__ligand16603-0
724,QITXIC__ligand7291-0
725,QITXIC__ligand11-0
726,QITXIC__ligand14339-0
727,QITXIC__ligand30788-0
728,QITXIC__ligand5387-0
729,QITXIC__ligand2203-0
730,QITXIC__ligand13691-0
731,QITXIC__ligand1289-0
732,QITXIC__ligand21752-0
733,QITXIC__ligand868-0
734,QITXIC__ligand1-0
735,QITXIC__ligand18757-0
736,QITXIC__ligand24560-0
737,QITXIC__ligand783-0
738,QITXIC__ligand352-0
739,QITXIC__ligand18413-0
740,QITXIC__ligand20844-0
741,QITXIC__ligand24624-0
742,QITXIC__ligand9450-0
743,QITXIC__ligand1599-0
744,QITXIC__ligand69-0
745,QITXIC__ligand2612-0
746,QITXIC__ligand1832-0
747,QITXIC__ligand8788-0
748,QITXIC__ligand2043-0
749,QITXIC__ligand30004-0
750,QITXIC__ligand20557-0
751,QITXIC__ligand197-0
752,QITXIC__ligand9943-0
753,QITXIC__ligand1228-0
754,QITXIC__ligand1604-0
755,QITXIC__ligand21940-0
756,QITXIC__ligand25048-0
757,QITXIC__ligand1114-0
758,QITXIC__ligand9284-0
759,QITXIC__ligand3126-0
760,QITXIC__ligand6391-0
761,QITXIC__ligand16133-0
762,QITXIC__ligand13755-0
763,QITXIC__ligand27122-0
764,QITXIC__ligand20432-0
765,QITXIC__ligand2417-0
766,QITXIC__ligand24953-0
767,QITXIC__ligand23445-0
768,QITXIC__ligand2124-0
769,QITXIC__ligand14477-0
770,QITXIC__ligand685-0
771,QITXIC__ligand17069-0
772,QITXIC__ligand8612-0
773,QITXIC__ligand2260-0
774,QITXIC__ligand7092-0
775,QITXIC__ligand17445-0
776,QITXIC__ligand1116-0
777,QITXIC__ligand1153-0
778,QITXIC__ligand3225-0
779,QITXIC__ligand9323-0
780,QITXIC__ligand20731-0
781,QITXIC__ligand7273-0
782,QITXIC__ligand12413-0
783,QITXIC__ligand29334-0
784,QITXIC__ligand421-0
785,QITXIC__ligand11798-0
786,QITXIC__ligand7172-0
787,QITXIC__ligand21448-0
788,QITXIC__ligand5180-0
789,QITXIC__ligand22357-0
790,QITXIC__ligand11758-0
791,QITXIC__ligand5708-0
792,QITXIC__ligand294-0
793,QITXIC__ligand29214-0
794,QITXIC__ligand7316-0
795,QITXIC__ligand6017-0
796,QITXIC__ligand11501-0
797,QITXIC__ligand11544-0
798,QITXIC__ligand27550-0
799,QITXIC__ligand5159-0
800,QITXIC__ligand7196-0
801,QITXIC__ligand9753-0
802,QITXIC__ligand1356-0
803,QITXIC__ligand1787-0
804,QITXIC__ligand5530-0
805,QITXIC__ligand3-0
806,QITXIC__ligand560-0
807,QITXIC__ligand3178-0
808,QITXIC__ligand4807-0
809,QITXIC__ligand14007-0
810,QITXIC__ligand18019-1
811,QITXIC__ligand23682-0
812,QITXIC__ligand134-0
813,QITXIC__ligand3244-0
814,QITXIC__ligand29565-0
815,QITXIC__ligand4711-0
816,QITXIC__ligand235-0
817,QITXIC__ligand27771-0
818,QITXIC__ligand2906-0
819,QITXIC__ligand18158-0
820,QITXIC__ligand20942-1
821,QITXIC__ligand14226-0
822,QITXIC__ligand21339-0
823,QITXIC__ligand16956-0
824,QITXIC__ligand4649-0
825,QITXIC__ligand2788-0
826,QITXIC__ligand5649-0
827,QITXIC__ligand8793-0
