,TMC
0,VAJPEB__ligand11698-0
1,VAJPEB__ligand20530-0
2,VAJPEB__ligand1786-0
3,VAJPEB__ligand14302-0
4,VAJPEB__ligand14347-0
5,VAJPEB__ligand13657-0
6,VAJPEB__ligand24851-0
7,VAJPEB__ligand5630-0
8,VAJPEB__ligand10853-0
9,VAJPEB__ligand252-0
10,VAJPEB__ligand29441-0
11,VAJPEB__ligand1908-0
12,VAJPEB__ligand3285-0
13,VAJPEB__ligand116-0
14,VAJPEB__ligand4795-0
15,VAJPEB__ligand11479-0
16,VAJPEB__ligand10479-0
17,VAJPEB__ligand27610-0
18,VAJPEB__ligand29813-0
19,VAJPEB__ligand16952-0
20,VAJPEB__ligand5085-0
21,VAJPEB__ligand3144-0
22,VAJPEB__ligand5755-0
23,VAJPEB__ligand4710-0
24,VAJPEB__ligand193-0
25,VAJPEB__ligand7213-0
26,VAJPEB__ligand15387-0
27,VAJPEB__ligand372-0
28,VAJPEB__ligand1397-0
29,VAJPEB__ligand1828-0
30,VAJPEB__ligand20121-0
31,VAJPEB__ligand6112-0
32,VAJPEB__ligand830-0
33,VAJPEB__ligand20220-0
34,VAJPEB__ligand8042-0
35,VAJPEB__ligand1152-0
36,VAJPEB__ligand3261-0
37,VAJPEB__ligand5019-0
38,VAJPEB__ligand1216-0
39,VAJPEB__ligand909-0
40,VAJPEB__ligand1849-0
41,VAJPEB__ligand10151-0
42,VAJPEB__ligand1831-0
43,VAJPEB__ligand5280-0
44,VAJPEB__ligand5614-0
45,VAJPEB__ligand6663-0
46,VAJPEB__ligand19668-0
47,VAJPEB__ligand5515-0
48,VAJPEB__ligand19906-0
49,VAJPEB__ligand177-0
50,VAJPEB__ligand22353-0
51,VAJPEB__ligand31000-0
52,VAJPEB__ligand3042-0
53,VAJPEB__ligand11606-0
54,VAJPEB__ligand4063-0
55,VAJPEB__ligand7438-0
56,VAJPEB__ligand8200-0
57,VAJPEB__ligand20821-0
58,VAJPEB__ligand188-0
59,VAJPEB__ligand26673-0
60,VAJPEB__ligand18067-0
61,VAJPEB__ligand1539-0
62,VAJPEB__ligand370-1
63,VAJPEB__ligand19824-0
64,VAJPEB__ligand620-0
65,VAJPEB__ligand1150-0
66,VAJPEB__ligand564-0
67,VAJPEB__ligand13260-0
68,VAJPEB__ligand3453-0
69,VAJPEB__ligand10582-0
70,VAJPEB__ligand311-0
71,VAJPEB__ligand3416-0
72,VAJPEB__ligand785-0
73,VAJPEB__ligand479-0
74,VAJPEB__ligand67-0
75,VAJPEB__ligand11252-0
76,VAJPEB__ligand4207-0
77,VAJPEB__ligand17686-0
78,VAJPEB__ligand25658-0
79,VAJPEB__ligand1288-0
80,VAJPEB__ligand31205-0
81,VAJPEB__ligand9491-0
82,VAJPEB__ligand4266-0
83,VAJPEB__ligand1400-0
84,VAJPEB__ligand15455-0
85,VAJPEB__ligand43-0
86,VAJPEB__ligand11177-0
87,VAJPEB__ligand4167-0
88,VAJPEB__ligand370-0
89,VAJPEB__ligand6993-0
90,VAJPEB__ligand1817-0
91,VAJPEB__ligand11622-0
92,VAJPEB__ligand1779-0
93,VAJPEB__ligand16870-0
94,VAJPEB__ligand9750-0
95,VAJPEB__ligand7075-0
96,VAJPEB__ligand16603-0
97,VAJPEB__ligand1149-0
98,VAJPEB__ligand3980-0
99,VAJPEB__ligand250-0
100,VAJPEB__ligand3557-0
101,VAJPEB__ligand11814-0
102,VAJPEB__ligand1028-0
103,VAJPEB__ligand13691-0
104,VAJPEB__ligand30788-0
105,VAJPEB__ligand14339-0
106,VAJPEB__ligand4262-0
107,VAJPEB__ligand294-0
108,VAJPEB__ligand2692-0
109,VAJPEB__ligand1618-0
110,VAJPEB__ligand21752-0
111,VAJPEB__ligand24624-0
112,VAJPEB__ligand20844-0
113,VAJPEB__ligand18413-0
114,VAJPEB__ligand685-0
115,VAJPEB__ligand24560-0
116,VAJPEB__ligand18757-0
117,VAJPEB__ligand2027-0
118,VAJPEB__ligand1015-0
119,VAJPEB__ligand421-0
120,VAJPEB__ligand1050-0
121,VAJPEB__ligand134-0
122,VAJPEB__ligand235-0
123,VAJPEB__ligand8529-0
124,VAJPEB__ligand1169-0
125,VAJPEB__ligand20557-0
126,VAJPEB__ligand30004-0
127,VAJPEB__ligand4596-0
128,VAJPEB__ligand25048-0
129,VAJPEB__ligand1498-0
130,VAJPEB__ligand21940-0
131,VAJPEB__ligand23445-0
132,VAJPEB__ligand24953-0
133,VAJPEB__ligand1154-0
134,VAJPEB__ligand560-0
135,VAJPEB__ligand9615-0
136,VAJPEB__ligand20432-0
137,VAJPEB__ligand27122-0
138,VAJPEB__ligand16133-0
139,VAJPEB__ligand13755-0
140,VAJPEB__ligand24-0
141,VAJPEB__ligand17445-0
142,VAJPEB__ligand783-0
143,VAJPEB__ligand352-0
144,VAJPEB__ligand17069-0
145,VAJPEB__ligand5201-0
146,VAJPEB__ligand14477-0
147,VAJPEB__ligand11798-0
148,VAJPEB__ligand29334-0
149,VAJPEB__ligand1113-0
150,VAJPEB__ligand12413-0
151,VAJPEB__ligand20731-0
152,VAJPEB__ligand8553-0
153,VAJPEB__ligand11758-0
154,VAJPEB__ligand22357-0
155,VAJPEB__ligand8593-0
156,VAJPEB__ligand9944-0
157,VAJPEB__ligand21448-0
158,VAJPEB__ligand11544-0
159,VAJPEB__ligand2001-0
160,VAJPEB__ligand11501-0
161,VAJPEB__ligand868-0
162,VAJPEB__ligand19-0
163,VAJPEB__ligand29214-0
164,VAJPEB__ligand7566-0
165,VAJPEB__ligand4340-0
166,VAJPEB__ligand2650-0
167,VAJPEB__ligand2281-0
168,VAJPEB__ligand3180-0
169,VAJPEB__ligand27550-0
170,VAJPEB__ligand18019-1
171,VAJPEB__ligand6995-0
172,VAJPEB__ligand78-0
173,VAJPEB__ligand14007-0
174,VAJPEB__ligand2823-0
175,VAJPEB__ligand18158-0
176,VAJPEB__ligand27771-0
177,VAJPEB__ligand29565-0
178,VAJPEB__ligand4161-0
179,VAJPEB__ligand3471-0
180,VAJPEB__ligand4124-0
181,VAJPEB__ligand45-0
182,VAJPEB__ligand23682-0
183,VAJPEB__ligand197-0
184,VAJPEB__ligand5415-0
185,VAJPEB__ligand16956-0
186,VAJPEB__ligand21339-0
187,VAJPEB__ligand14226-0
188,VAJPEB__ligand20942-1
189,VAJPEB__ligand2417-0
190,VAJPEB__ligand784-0
191,VAJPEB__ligand66-0
192,VAJPEB__ligand11682-0
193,VAJPEB__ligand20207-0
194,VAJPEB__ligand30711-0
195,VAJPEB__ligand9284-0
196,VAJPEB__ligand6391-0
197,VAJPEB__ligand3126-0
198,VAJPEB__ligand25913-0
199,VAJPEB__ligand16988-0
200,VAJPEB__ligand1114-0
201,VAJPEB__ligand1604-0
202,VAJPEB__ligand14614-0
203,VAJPEB__ligand16663-0
204,VAJPEB__ligand1228-0
205,VAJPEB__ligand9943-0
206,VAJPEB__ligand31842-0
207,VAJPEB__ligand31044-0
208,VAJPEB__ligand395-0
209,VAJPEB__ligand11994-0
210,VAJPEB__ligand2043-0
211,VAJPEB__ligand24035-0
212,VAJPEB__ligand368-0
213,VAJPEB__ligand1832-0
214,VAJPEB__ligand8788-0
215,VAJPEB__ligand115-0
216,VAJPEB__ligand15531-0
217,VAJPEB__ligand28743-0
218,VAJPEB__ligand13862-0
219,VAJPEB__ligand11357-0
220,VAJPEB__ligand2612-0
221,VAJPEB__ligand1599-0
222,VAJPEB__ligand10056-0
223,VAJPEB__ligand12365-0
224,VAJPEB__ligand21919-0
225,VAJPEB__ligand9450-0
226,VAJPEB__ligand28930-0
227,VAJPEB__ligand22168-0
228,VAJPEB__ligand22294-0
229,VAJPEB__ligand833-0
230,VAJPEB__ligand15883-0
231,VAJPEB__ligand42-0
232,VAJPEB__ligand11970-0
233,VAJPEB__ligand5387-0
234,VAJPEB__ligand2203-0
235,VAJPEB__ligand15926-0
236,VAJPEB__ligand1289-0
237,VAJPEB__ligand10828-0
238,VAJPEB__ligand19792-0
239,VAJPEB__ligand11096-0
240,VAJPEB__ligand11447-0
241,VAJPEB__ligand28810-0
242,VAJPEB__ligand8-0
243,VAJPEB__ligand24230-0
244,VAJPEB__ligand4649-0
245,VAJPEB__ligand5649-0
246,VAJPEB__ligand2788-0
247,VAJPEB__ligand8793-0
248,VAJPEB__ligand30142-0
249,VAJPEB__ligand2906-0
250,VAJPEB__ligand27669-0
251,VAJPEB__ligand13477-0
252,VAJPEB__ligand14167-0
253,VAJPEB__ligand3244-0
254,VAJPEB__ligand506-0
255,VAJPEB__ligand4711-0
256,VAJPEB__ligand4807-0
257,VAJPEB__ligand152-0
258,VAJPEB__ligand29029-0
259,VAJPEB__ligand27285-0
260,VAJPEB__ligand3178-0
261,VAJPEB__ligand9753-0
262,VAJPEB__ligand1787-0
263,VAJPEB__ligand1356-0
264,VAJPEB__ligand5530-0
265,VAJPEB__ligand5159-0
266,VAJPEB__ligand23197-0
267,VAJPEB__ligand38-0
268,VAJPEB__ligand7196-0
269,VAJPEB__ligand10371-0
270,VAJPEB__ligand6017-0
271,VAJPEB__ligand176-0
272,VAJPEB__ligand5708-0
273,VAJPEB__ligand7316-0
274,VAJPEB__ligand447-0
275,VAJPEB__ligand28685-0
276,VAJPEB__ligand18568-0
277,VAJPEB__ligand746-0
278,VAJPEB__ligand13672-0
279,VAJPEB__ligand5180-0
280,VAJPEB__ligand7172-0
281,VAJPEB__ligand487-0
282,VAJPEB__ligand9323-0
283,VAJPEB__ligand19184-0
284,VAJPEB__ligand7273-0
285,VAJPEB__ligand2260-0
286,VAJPEB__ligand7092-0
287,VAJPEB__ligand18448-0
288,VAJPEB__ligand1116-0
289,VAJPEB__ligand3225-0
290,VAJPEB__ligand1153-0
291,VAJPEB__ligand12453-0
292,VAJPEB__ligand28459-0
293,VAJPEB__ligand2124-0
294,VAJPEB__ligand8612-0
295,VAJPEB__ligand393-0
296,VAJPEB__ligand1376-0
297,VAJPEB__ligand5510-0
298,VAJPEB__ligand9773-0
299,VAJPEB__ligand18-0
300,VAJPEB__ligand29215-0
301,VAJPEB__ligand2259-0
302,VAJPEB__ligand10872-0
303,VAJPEB__ligand1296-0
304,VAJPEB__ligand21399-0
305,VAJPEB__ligand8592-0
306,VAJPEB__ligand5099-0
307,VAJPEB__ligand16148-0
308,VAJPEB__ligand26631-0
309,VAJPEB__ligand12003-0
310,VAJPEB__ligand1197-0
311,VAJPEB__ligand3926-0
312,VAJPEB__ligand3120-0
313,VAJPEB__ligand4358-0
314,VAJPEB__ligand2221-0
315,VAJPEB__ligand22403-0
316,VAJPEB__ligand16369-0
317,VAJPEB__ligand11111-0
318,VAJPEB__ligand5595-0
319,VAJPEB__ligand4101-0
320,VAJPEB__ligand28540-0
321,VAJPEB__ligand353-0
322,VAJPEB__ligand20695-0
323,VAJPEB__ligand27754-0
324,VAJPEB__ligand26529-0
325,VAJPEB__ligand196-0
326,VAJPEB__ligand5080-0
327,VAJPEB__ligand7762-0
328,VAJPEB__ligand1407-0
329,VAJPEB__ligand6117-0
330,VAJPEB__ligand8002-0
331,VAJPEB__ligand5509-0
332,VAJPEB__ligand11618-0
333,VAJPEB__ligand26324-0
334,VAJPEB__ligand28559-0
335,VAJPEB__ligand422-0
336,VAJPEB__ligand14043-0
337,VAJPEB__ligand19927-0
338,VAJPEB__ligand3867-0
339,VAJPEB__ligand1317-0
340,VAJPEB__ligand7293-0
341,VAJPEB__ligand2822-0
342,VAJPEB__ligand5304-0
343,VAJPEB__ligand9167-0
344,VAJPEB__ligand27239-0
345,VAJPEB__ligand686-0
346,VAJPEB__ligand21729-0
347,VAJPEB__ligand2238-0
348,VAJPEB__ligand22129-0
349,VAJPEB__ligand7291-0
350,VAJPEB__ligand24780-0
351,VAJPEB__ligand12138-0
352,VAJPEB__ligand465-0
353,VAJPEB__ligand11949-0
354,VAJPEB__ligand3677-1
355,VAJPEB__ligand9883-0
356,VAJPEB__ligand4007-0
357,VAJPEB__ligand2985-0
358,VAJPEB__ligand25561-0
359,VAJPEB__ligand9299-0
360,VAJPEB__ligand29486-0
361,VAJPEB__ligand3945-0
362,VAJPEB__ligand314-1
363,VAJPEB__ligand5383-0
364,VAJPEB__ligand2693-0
365,VAJPEB__ligand31694-0
366,VAJPEB__ligand9344-0
367,VAJPEB__ligand17427-0
368,VAJPEB__ligand8000-0
369,VAJPEB__ligand3736-0
370,VAJPEB__ligand22444-0
371,VAJPEB__ligand24111-0
372,VAJPEB__ligand6892-0
373,VAJPEB__ligand14569-0
374,VAJPEB__ligand13385-0
375,VAJPEB__ligand1211-0
376,VAJPEB__ligand813-0
377,VAJPEB__ligand1464-0
378,VAJPEB__ligand3712-0
379,VAJPEB__ligand17396-0
380,VAJPEB__ligand15788-0
381,VAJPEB__ligand23175-0
382,VAJPEB__ligand2881-0
383,VAJPEB__ligand13220-0
384,VAJPEB__ligand11587-0
385,VAJPEB__ligand780-0
386,VAJPEB__ligand314-0
387,VAJPEB__ligand1499-0
388,VAJPEB__ligand24872-0
389,VAJPEB__ligand6699-0
390,VAJPEB__ligand27840-0
391,VAJPEB__ligand391-0
392,VAJPEB__ligand30728-0
393,VAJPEB__ligand12001-0
394,VAJPEB__ligand3677-0
395,VAJPEB__ligand3632-0
396,VAJPEB__ligand618-0
397,VAJPEB__ligand10033-0
398,VAJPEB__ligand1294-0
399,VAJPEB__ligand24644-0
400,VAJPEB__ligand1168-0
401,VAJPEB__ligand16-0
402,VAJPEB__ligand6244-0
403,VAJPEB__ligand1378-0
404,VAJPEB__ligand25411-0
405,VAJPEB__ligand3156-0
406,VAJPEB__ligand2915-0
407,VAJPEB__ligand11456-0
408,VAJPEB__ligand10712-0
409,VAJPEB__ligand14174-0
410,VAJPEB__ligand13331-0
411,VAJPEB__ligand240-0
412,VAJPEB__ligand1631-0
413,VAJPEB__ligand28884-0
414,VAJPEB__ligand9933-0
415,VAJPEB__ligand29879-0
416,VAJPEB__ligand14248-0
417,VAJPEB__ligand141-0
418,VAJPEB__ligand1575-0
419,VAJPEB__ligand12030-0
420,VAJPEB__ligand1530-0
421,VAJPEB__ligand13294-0
422,VAJPEB__ligand31832-0
423,VAJPEB__ligand2332-0
424,VAJPEB__ligand9441-0
425,VAJPEB__ligand9952-0
426,VAJPEB__ligand9111-0
427,VAJPEB__ligand2526-0
428,VAJPEB__ligand5036-0
429,VAJPEB__ligand1615-0
430,VAJPEB__ligand13208-0
431,VAJPEB__ligand5643-0
432,VAJPEB__ligand1823-0
433,VAJPEB__ligand27482-0
434,VAJPEB__ligand26810-0
435,VAJPEB__ligand8721-0
436,VAJPEB__ligand1324-0
437,VAJPEB__ligand384-0
438,VAJPEB__ligand6124-0
439,VAJPEB__ligand3707-0
440,VAJPEB__ligand7967-0
441,VAJPEB__ligand20682-0
442,VAJPEB__ligand768-0
443,VAJPEB__ligand4116-0
444,VAJPEB__ligand1018-0
445,VAJPEB__ligand32-0
446,VAJPEB__ligand8992-0
447,VAJPEB__ligand9601-0
448,VAJPEB__ligand13390-0
449,VAJPEB__ligand31097-0
450,VAJPEB__ligand21581-0
451,VAJPEB__ligand8835-0
452,VAJPEB__ligand2028-0
453,VAJPEB__ligand20251-0
454,VAJPEB__ligand20214-0
455,VAJPEB__ligand30702-0
456,VAJPEB__ligand20539-0
457,VAJPEB__ligand7126-0
458,VAJPEB__ligand1142-0
459,VAJPEB__ligand3234-0
460,VAJPEB__ligand17261-0
461,VAJPEB__ligand14117-0
462,VAJPEB__ligand28789-0
463,VAJPEB__ligand17118-0
464,VAJPEB__ligand21371-0
465,VAJPEB__ligand122-0
466,VAJPEB__ligand20419-0
467,VAJPEB__ligand757-0
468,VAJPEB__ligand30851-0
469,VAJPEB__ligand14889-0
470,VAJPEB__ligand4641-0
471,VAJPEB__ligand48-0
472,VAJPEB__ligand29568-0
473,VAJPEB__ligand2295-0
474,VAJPEB__ligand1577-0
475,VAJPEB__ligand6067-0
476,VAJPEB__ligand29414-0
477,VAJPEB__ligand17982-0
478,VAJPEB__ligand693-0
479,VAJPEB__ligand17278-0
480,VAJPEB__ligand20011-0
481,VAJPEB__ligand22557-0
482,VAJPEB__ligand10589-0
483,VAJPEB__ligand24047-0
484,VAJPEB__ligand11675-0
485,VAJPEB__ligand20598-0
486,VAJPEB__ligand4620-0
487,VAJPEB__ligand91-0
488,VAJPEB__ligand17398-0
489,VAJPEB__ligand6102-0
490,VAJPEB__ligand6596-0
491,VAJPEB__ligand3721-0
492,VAJPEB__ligand6904-0
493,VAJPEB__ligand3465-0
494,VAJPEB__ligand14703-0
495,VAJPEB__ligand16475-0
496,VAJPEB__ligand51-0
497,VAJPEB__ligand20251-1
498,VAJPEB__ligand7819-0
499,VAJPEB__ligand2917-0
500,VAJPEB__ligand3718-0
501,VAJPEB__ligand12606-0
502,VAJPEB__ligand6616-0
503,VAJPEB__ligand777-0
504,VAJPEB__ligand1343-0
505,VAJPEB__ligand3876-0
506,VAJPEB__ligand3035-0
507,VAJPEB__ligand30333-0
508,VAJPEB__ligand1844-0
509,VAJPEB__ligand4661-0
510,VAJPEB__ligand68-0
511,VAJPEB__ligand29410-0
512,VAJPEB__ligand3504-0
513,VAJPEB__ligand12337-0
514,VAJPEB__ligand1959-0
515,VAJPEB__ligand26540-0
516,VAJPEB__ligand1573-0
517,VAJPEB__ligand596-0
518,VAJPEB__ligand941-0
519,VAJPEB__ligand17281-0
520,VAJPEB__ligand1536-0
521,VAJPEB__ligand30296-0
522,VAJPEB__ligand9935-0
523,VAJPEB__ligand16628-0
524,VAJPEB__ligand9908-0
525,VAJPEB__ligand657-0
526,VAJPEB__ligand1263-0
527,VAJPEB__ligand20740-0
528,VAJPEB__ligand28468-0
529,VAJPEB__ligand187-0
530,VAJPEB__ligand12427-0
531,VAJPEB__ligand366-0
532,VAJPEB__ligand7242-0
533,VAJPEB__ligand27460-0
534,VAJPEB__ligand55-0
535,VAJPEB__ligand7106-0
536,VAJPEB__ligand4720-0
537,VAJPEB__ligand30988-0
538,VAJPEB__ligand3131-0
539,VAJPEB__ligand3174-0
540,VAJPEB__ligand3937-0
541,VAJPEB__ligand1202-0
542,VAJPEB__ligand8969-0
543,VAJPEB__ligand23713-0
544,VAJPEB__ligand18832-0
545,VAJPEB__ligand6839-0
546,VAJPEB__ligand27175-0
547,VAJPEB__ligand19641-0
548,VAJPEB__ligand845-0
549,VAJPEB__ligand15422-0
550,VAJPEB__ligand20578-0
551,VAJPEB__ligand12934-0
552,VAJPEB__ligand5211-0
553,VAJPEB__ligand27893-0
554,VAJPEB__ligand34-0
555,VAJPEB__ligand4155-0
556,VAJPEB__ligand3094-0
557,VAJPEB__ligand14723-0
558,VAJPEB__ligand31783-0
559,VAJPEB__ligand2485-0
560,VAJPEB__ligand3852-0
561,VAJPEB__ligand6919-0
562,VAJPEB__ligand26665-0
563,VAJPEB__ligand5331-0
564,VAJPEB__ligand13012-0
565,VAJPEB__ligand163-0
566,VAJPEB__ligand17631-0
567,VAJPEB__ligand126-0
568,VAJPEB__ligand1512-0
569,VAJPEB__ligand17258-0
570,VAJPEB__ligand14297-0
571,VAJPEB__ligand14603-0
572,VAJPEB__ligand3565-0
573,VAJPEB__ligand17805-0
574,VAJPEB__ligand4546-0
575,VAJPEB__ligand4503-0
576,VAJPEB__ligand338-0
577,VAJPEB__ligand17302-0
578,VAJPEB__ligand1285-0
579,VAJPEB__ligand25178-0
580,VAJPEB__ligand7000-0
581,VAJPEB__ligand23769-0
582,VAJPEB__ligand4-0
583,VAJPEB__ligand1982-0
584,VAJPEB__ligand6768-0
585,VAJPEB__ligand8115-0
586,VAJPEB__ligand24185-0
587,VAJPEB__ligand19830-0
588,VAJPEB__ligand13068-0
589,VAJPEB__ligand9291-0
590,VAJPEB__ligand10476-0
591,VAJPEB__ligand2176-0
592,VAJPEB__ligand24145-0
593,VAJPEB__ligand15585-0
594,VAJPEB__ligand12401-0
595,VAJPEB__ligand2232-0
596,VAJPEB__ligand4157-0
597,VAJPEB__ligand12231-0
598,VAJPEB__ligand12130-0
599,VAJPEB__ligand17387-0
600,VAJPEB__ligand5256-0
601,VAJPEB__ligand13658-0
602,VAJPEB__ligand7648-0
603,VAJPEB__ligand26702-0
604,VAJPEB__ligand8876-0
605,VAJPEB__ligand2828-0
606,VAJPEB__ligand12289-0
607,VAJPEB__ligand9833-0
608,VAJPEB__ligand18292-0
609,VAJPEB__ligand1160-0
610,VAJPEB__ligand185-0
611,VAJPEB__ligand8699-0
612,VAJPEB__ligand13425-0
613,VAJPEB__ligand29302-0
614,VAJPEB__ligand9520-0
615,VAJPEB__ligand279-0
616,VAJPEB__ligand3954-0
617,VAJPEB__ligand4093-0
618,VAJPEB__ligand4442-0
619,VAJPEB__ligand19057-0
620,VAJPEB__ligand18814-0
621,VAJPEB__ligand178-0
622,VAJPEB__ligand7629-0
623,VAJPEB__ligand27763-0
624,VAJPEB__ligand10262-0
625,VAJPEB__ligand4272-0
626,VAJPEB__ligand1451-0
627,VAJPEB__ligand28676-0
628,VAJPEB__ligand57-0
629,VAJPEB__ligand9784-0
630,VAJPEB__ligand321-0
631,VAJPEB__ligand10958-0
632,VAJPEB__ligand7238-0
633,VAJPEB__ligand7280-0
634,VAJPEB__ligand1304-0
635,VAJPEB__ligand1790-0
636,VAJPEB__ligand12641-0
637,VAJPEB__ligand1219-0
638,VAJPEB__ligand6709-0
639,VAJPEB__ligand7867-0
640,VAJPEB__ligand14108-0
641,VAJPEB__ligand4016-0
642,VAJPEB__ligand201-0
643,VAJPEB__ligand9809-0
644,VAJPEB__ligand6672-0
645,VAJPEB__ligand1327-0
646,VAJPEB__ligand28668-0
647,VAJPEB__ligand8722-0
648,VAJPEB__ligand7573-0
649,VAJPEB__ligand2781-0
650,VAJPEB__ligand16791-0
651,VAJPEB__ligand49-0
652,VAJPEB__ligand3350-0
653,VAJPEB__ligand3208-0
654,VAJPEB__ligand18465-0
655,VAJPEB__ligand2208-0
656,VAJPEB__ligand18799-0
657,VAJPEB__ligand3-0
658,VAJPEB__ligand633-0
659,VAJPEB__ligand29863-0
660,VAJPEB__ligand13869-0
661,VAJPEB__ligand18074-0
662,VAJPEB__ligand1900-0
663,VAJPEB__ligand9197-0
664,VAJPEB__ligand2328-0
665,VAJPEB__ligand1773-0
666,VAJPEB__ligand4581-0
667,VAJPEB__ligand11140-0
668,VAJPEB__ligand3029-0
669,VAJPEB__ligand89-0
670,VAJPEB__ligand497-0
671,VAJPEB__ligand7162-0
672,VAJPEB__ligand29610-0
673,VAJPEB__ligand12467-0
674,VAJPEB__ligand25267-0
675,VAJPEB__ligand10084-0
676,VAJPEB__ligand5094-0
677,VAJPEB__ligand5892-0
678,VAJPEB__ligand23904-0
679,VAJPEB__ligand4131-0
680,VAJPEB__ligand1712-0
681,VAJPEB__ligand326-0
682,VAJPEB__ligand13257-0
683,VAJPEB__ligand21936-0
684,VAJPEB__ligand25805-0
685,VAJPEB__ligand22981-0
686,VAJPEB__ligand7557-0
687,VAJPEB__ligand20599-0
688,VAJPEB__ligand1496-0
689,VAJPEB__ligand436-0
690,VAJPEB__ligand27074-0
691,VAJPEB__ligand14523-0
692,VAJPEB__ligand1533-0
693,VAJPEB__ligand27169-0
694,VAJPEB__ligand18391-0
695,VAJPEB__ligand692-0
696,VAJPEB__ligand12295-0
697,VAJPEB__ligand3871-0
698,VAJPEB__ligand1469-0
699,VAJPEB__ligand27835-0
700,VAJPEB__ligand1768-0
701,VAJPEB__ligand5056-0
702,VAJPEB__ligand4850-0
703,VAJPEB__ligand1688-0
704,VAJPEB__ligand25575-0
705,VAJPEB__ligand21787-0
706,VAJPEB__ligand5357-0
707,VAJPEB__ligand3647-0
708,VAJPEB__ligand25689-0
709,VAJPEB__ligand3157-0
710,VAJPEB__ligand30539-0
711,VAJPEB__ligand1165-0
712,VAJPEB__ligand9525-0
713,VAJPEB__ligand21132-0
714,VAJPEB__ligand409-0
715,VAJPEB__ligand17-0
716,VAJPEB__ligand361-0
717,VAJPEB__ligand324-0
718,VAJPEB__ligand11166-0
719,VAJPEB__ligand5935-0
720,VAJPEB__ligand23906-0
721,VAJPEB__ligand1379-0
722,VAJPEB__ligand2722-0
723,VAJPEB__ligand5849-0
724,VAJPEB__ligand588-0
725,VAJPEB__ligand3392-0
726,VAJPEB__ligand11206-0
727,VAJPEB__ligand23124-0
728,VAJPEB__ligand1771-0
729,VAJPEB__ligand4911-0
730,VAJPEB__ligand300-0
731,VAJPEB__ligand12519-0
732,VAJPEB__ligand25735-0
733,VAJPEB__ligand1709-0
734,VAJPEB__ligand19257-0
735,VAJPEB__ligand13209-0
736,VAJPEB__ligand8464-0
737,VAJPEB__ligand8349-0
738,VAJPEB__ligand12660-0
739,VAJPEB__ligand1-0
740,VAJPEB__ligand31248-0
741,VAJPEB__ligand2527-0
742,VAJPEB__ligand199-0
743,VAJPEB__ligand25650-0
744,VAJPEB__ligand2403-0
745,VAJPEB__ligand22755-0
746,VAJPEB__ligand3934-0
747,VAJPEB__ligand670-0
748,VAJPEB__ligand10432-0
749,VAJPEB__ligand31618-0
750,VAJPEB__ligand11432-0
751,VAJPEB__ligand26277-0
752,VAJPEB__ligand29898-0
753,VAJPEB__ligand6882-0
754,VAJPEB__ligand534-0
755,VAJPEB__ligand6455-0
756,VAJPEB__ligand571-0
757,VAJPEB__ligand15168-0
758,VAJPEB__ligand9681-0
759,VAJPEB__ligand4332-0
760,VAJPEB__ligand1449-0
761,VAJPEB__ligand23589-0
762,VAJPEB__ligand3012-0
763,VAJPEB__ligand24064-0
764,VAJPEB__ligand7530-0
765,VAJPEB__ligand1065-0
766,VAJPEB__ligand18703-0
767,VAJPEB__ligand5316-0
768,VAJPEB__ligand5483-0
769,VAJPEB__ligand29087-0
770,VAJPEB__ligand694-0
771,VAJPEB__ligand5627-0
772,VAJPEB__ligand430-0
773,VAJPEB__ligand1729-0
774,VAJPEB__ligand358-0
775,VAJPEB__ligand2830-0
776,VAJPEB__ligand28924-0
777,VAJPEB__ligand15438-0
778,VAJPEB__ligand488-0
779,VAJPEB__ligand6946-0
780,VAJPEB__ligand1415-0
781,VAJPEB__ligand7529-0
782,VAJPEB__ligand24750-0
783,VAJPEB__ligand17207-0
784,VAJPEB__ligand31578-0
785,VAJPEB__ligand17945-0
786,VAJPEB__ligand9148-0
787,VAJPEB__ligand18013-0
788,VAJPEB__ligand25224-0
789,VAJPEB__ligand12682-0
790,VAJPEB__ligand18699-0
791,VAJPEB__ligand11-0
792,VAJPEB__ligand7107-0
793,VAJPEB__ligand17590-0
794,VAJPEB__ligand656-0
795,VAJPEB__ligand17240-0
796,VAJPEB__ligand3215-0
797,VAJPEB__ligand5813-0
798,VAJPEB__ligand4813-0
799,VAJPEB__ligand12336-0
800,VAJPEB__ligand696-0
801,VAJPEB__ligand4738-0
802,VAJPEB__ligand13072-0
803,VAJPEB__ligand6062-0
804,VAJPEB__ligand6283-0
805,VAJPEB__ligand69-0
806,VAJPEB__ligand19725-0
807,VAJPEB__ligand2599-0
808,VAJPEB__ligand162-0
809,VAJPEB__ligand4330-0
810,VAJPEB__ligand24613-0
811,VAJPEB__ligand226-0
812,VAJPEB__ligand7532-0
813,VAJPEB__ligand416-0
814,VAJPEB__ligand383-0
815,VAJPEB__ligand4194-0
816,VAJPEB__ligand10555-0
817,VAJPEB__ligand31483-0
818,VAJPEB__ligand11568-0
819,VAJPEB__ligand2068-0
820,VAJPEB__ligand17710-0
821,VAJPEB__ligand20579-0
822,VAJPEB__ligand7925-0
823,VAJPEB__ligand1147-0
824,VAJPEB__ligand11774-0
825,VAJPEB__ligand14586-0
826,VAJPEB__ligand3973-0
827,VAJPEB__ligand21421-0
