,TMC
0,BAMHED__ligand768-0
1,BAMHED__ligand30539-0
2,BAMHED__ligand2001-0
3,BAMHED__ligand48-0
4,BAMHED__ligand7566-0
5,BAMHED__ligand23906-0
6,BAMHED__ligand11166-0
7,BAMHED__ligand8593-0
8,BAMHED__ligand21132-0
9,BAMHED__ligand9944-0
10,BAMHED__ligand27835-0
11,BAMHED__ligand8553-0
12,BAMHED__ligand12295-0
13,BAMHED__ligand1113-0
14,BAMHED__ligand25689-0
15,BAMHED__ligand21787-0
16,BAMHED__ligand25575-0
17,BAMHED__ligand384-0
18,BAMHED__ligand5201-0
19,BAMHED__ligand12660-0
20,BAMHED__ligand240-0
21,BAMHED__ligand5415-0
22,BAMHED__ligand141-0
23,BAMHED__ligand13209-0
24,BAMHED__ligand19257-0
25,BAMHED__ligand25650-0
26,BAMHED__ligand31248-0
27,BAMHED__ligand51-0
28,BAMHED__ligand4161-0
29,BAMHED__ligand3471-0
30,BAMHED__ligand4124-0
31,BAMHED__ligand6995-0
32,BAMHED__ligand2823-0
33,BAMHED__ligand91-0
34,BAMHED__ligand12519-0
35,BAMHED__ligand25735-0
36,BAMHED__ligand4340-0
37,BAMHED__ligand2281-0
38,BAMHED__ligand2650-0
39,BAMHED__ligand23124-0
40,BAMHED__ligand11206-0
41,BAMHED__ligand3180-0
42,BAMHED__ligand2027-0
43,BAMHED__ligand18074-0
44,BAMHED__ligand13869-0
45,BAMHED__ligand1015-0
46,BAMHED__ligand29863-0
47,BAMHED__ligand1050-0
48,BAMHED__ligand29610-0
49,BAMHED__ligand11140-0
50,BAMHED__ligand16791-0
51,BAMHED__ligand1618-0
52,BAMHED__ligand28668-0
53,BAMHED__ligand2692-0
54,BAMHED__ligand693-0
55,BAMHED__ligand1028-0
56,BAMHED__ligand16-0
57,BAMHED__ligand18799-0
58,BAMHED__ligand4262-0
59,BAMHED__ligand18465-0
60,BAMHED__ligand1154-0
61,BAMHED__ligand27074-0
62,BAMHED__ligand122-0
63,BAMHED__ligand20599-0
64,BAMHED__ligand9615-0
65,BAMHED__ligand25805-0
66,BAMHED__ligand22981-0
67,BAMHED__ligand757-0
68,BAMHED__ligand1498-0
69,BAMHED__ligand32-0
70,BAMHED__ligand18391-0
71,BAMHED__ligand4-0
72,BAMHED__ligand27169-0
73,BAMHED__ligand4596-0
74,BAMHED__ligand14523-0
75,BAMHED__ligand10084-0
76,BAMHED__ligand25267-0
77,BAMHED__ligand12467-0
78,BAMHED__ligand21936-0
79,BAMHED__ligand13257-0
80,BAMHED__ligand23904-0
81,BAMHED__ligand1169-0
82,BAMHED__ligand8529-0
83,BAMHED__ligand3453-0
84,BAMHED__ligand13072-0
85,BAMHED__ligand3416-0
86,BAMHED__ligand12336-0
87,BAMHED__ligand4207-0
88,BAMHED__ligand126-0
89,BAMHED__ligand163-0
90,BAMHED__ligand1539-0
91,BAMHED__ligand1150-0
92,BAMHED__ligand8200-0
93,BAMHED__ligand7438-0
94,BAMHED__ligand4063-0
95,BAMHED__ligand12682-0
96,BAMHED__ligand18699-0
97,BAMHED__ligand3042-0
98,BAMHED__ligand17240-0
99,BAMHED__ligand845-0
100,BAMHED__ligand17590-0
101,BAMHED__ligand7075-0
102,BAMHED__ligand657-0
103,BAMHED__ligand3980-0
104,BAMHED__ligand3557-0
105,BAMHED__ligand17710-0
106,BAMHED__ligand20579-0
107,BAMHED__ligand187-0
108,BAMHED__ligand11568-0
109,BAMHED__ligand1149-0
110,BAMHED__ligand1779-0
111,BAMHED__ligand21421-0
112,BAMHED__ligand6993-0
113,BAMHED__ligand1817-0
114,BAMHED__ligand366-0
115,BAMHED__ligand9750-0
116,BAMHED__ligand11774-0
117,BAMHED__ligand14586-0
118,BAMHED__ligand777-0
119,BAMHED__ligand4266-0
120,BAMHED__ligand1400-0
121,BAMHED__ligand24613-0
122,BAMHED__ligand9491-0
123,BAMHED__ligand4167-0
124,BAMHED__ligand19725-0
125,BAMHED__ligand57-0
126,BAMHED__ligand31483-0
127,BAMHED__ligand1288-0
128,BAMHED__ligand10555-0
129,BAMHED__ligand941-0
130,BAMHED__ligand596-0
131,BAMHED__ligand1828-0
132,BAMHED__ligand55-0
133,BAMHED__ligand7213-0
134,BAMHED__ligand1397-0
135,BAMHED__ligand15168-0
136,BAMHED__ligand8042-0
137,BAMHED__ligand6112-0
138,BAMHED__ligand5085-0
139,BAMHED__ligand3144-0
140,BAMHED__ligand24064-0
141,BAMHED__ligand201-0
142,BAMHED__ligand5755-0
143,BAMHED__ligand4710-0
144,BAMHED__ligand23589-0
145,BAMHED__ligand279-0
146,BAMHED__ligand1908-0
147,BAMHED__ligand185-0
148,BAMHED__ligand178-0
149,BAMHED__ligand3285-0
150,BAMHED__ligand4795-0
151,BAMHED__ligand1786-0
152,BAMHED__ligand26277-0
153,BAMHED__ligand29898-0
154,BAMHED__ligand31618-0
155,BAMHED__ligand68-0
156,BAMHED__ligand11432-0
157,BAMHED__ligand321-0
158,BAMHED__ligand5630-0
159,BAMHED__ligand10432-0
160,BAMHED__ligand22755-0
161,BAMHED__ligand24750-0
162,BAMHED__ligand25224-0
163,BAMHED__ligand18013-0
164,BAMHED__ligand1831-0
165,BAMHED__ligand5280-0
166,BAMHED__ligand5614-0
167,BAMHED__ligand17945-0
168,BAMHED__ligand6663-0
169,BAMHED__ligand31578-0
170,BAMHED__ligand17207-0
171,BAMHED__ligand5515-0
172,BAMHED__ligand29087-0
173,BAMHED__ligand1849-0
174,BAMHED__ligand34-0
175,BAMHED__ligand18703-0
176,BAMHED__ligand338-0
177,BAMHED__ligand15438-0
178,BAMHED__ligand5019-0
179,BAMHED__ligand28924-0
180,BAMHED__ligand1152-0
181,BAMHED__ligand3261-0
182,BAMHED__ligand1216-0
183,BAMHED__ligand436-0
184,BAMHED__ligand20419-0
185,BAMHED__ligand17-0
186,BAMHED__ligand9344-0
187,BAMHED__ligand21371-0
188,BAMHED__ligand17118-0
189,BAMHED__ligand3736-0
190,BAMHED__ligand8000-0
191,BAMHED__ligand28789-0
192,BAMHED__ligand29568-0
193,BAMHED__ligand3945-0
194,BAMHED__ligand14889-0
195,BAMHED__ligand30851-0
196,BAMHED__ligand5383-0
197,BAMHED__ligand692-0
198,BAMHED__ligand2693-0
199,BAMHED__ligand4007-0
200,BAMHED__ligand20539-0
201,BAMHED__ligand2985-0
202,BAMHED__ligand20251-0
203,BAMHED__ligand20214-0
204,BAMHED__ligand30702-0
205,BAMHED__ligand9299-0
206,BAMHED__ligand31097-0
207,BAMHED__ligand21581-0
208,BAMHED__ligand14117-0
209,BAMHED__ligand7291-0
210,BAMHED__ligand17261-0
211,BAMHED__ligand9883-0
212,BAMHED__ligand3677-1
213,BAMHED__ligand326-0
214,BAMHED__ligand3677-0
215,BAMHED__ligand14703-0
216,BAMHED__ligand16475-0
217,BAMHED__ligand3632-0
218,BAMHED__ligand633-0
219,BAMHED__ligand1168-0
220,BAMHED__ligand1294-0
221,BAMHED__ligand6699-0
222,BAMHED__ligand20251-1
223,BAMHED__ligand497-0
224,BAMHED__ligand17278-0
225,BAMHED__ligand20011-0
226,BAMHED__ligand17982-0
227,BAMHED__ligand1464-0
228,BAMHED__ligand3712-0
229,BAMHED__ligand29414-0
230,BAMHED__ligand1499-0
231,BAMHED__ligand2881-0
232,BAMHED__ligand6892-0
233,BAMHED__ligand17398-0
234,BAMHED__ligand20598-0
235,BAMHED__ligand1211-0
236,BAMHED__ligand11675-0
237,BAMHED__ligand24047-0
238,BAMHED__ligand10589-0
239,BAMHED__ligand22557-0
240,BAMHED__ligand5595-0
241,BAMHED__ligand12030-0
242,BAMHED__ligand4101-0
243,BAMHED__ligand29879-0
244,BAMHED__ligand14248-0
245,BAMHED__ligand28884-0
246,BAMHED__ligand89-0
247,BAMHED__ligand13331-0
248,BAMHED__ligand4358-0
249,BAMHED__ligand3926-0
250,BAMHED__ligand3120-0
251,BAMHED__ligand31832-0
252,BAMHED__ligand199-0
253,BAMHED__ligand2221-0
254,BAMHED__ligand13294-0
255,BAMHED__ligand1296-0
256,BAMHED__ligand25411-0
257,BAMHED__ligand2259-0
258,BAMHED__ligand1197-0
259,BAMHED__ligand8592-0
260,BAMHED__ligand5099-0
261,BAMHED__ligand588-0
262,BAMHED__ligand9773-0
263,BAMHED__ligand1376-0
264,BAMHED__ligand14174-0
265,BAMHED__ligand10712-0
266,BAMHED__ligand5510-0
267,BAMHED__ligand49-0
268,BAMHED__ligand11456-0
269,BAMHED__ligand300-0
270,BAMHED__ligand9167-0
271,BAMHED__ligand5304-0
272,BAMHED__ligand20682-0
273,BAMHED__ligand2238-0
274,BAMHED__ligand13390-0
275,BAMHED__ligand324-0
276,BAMHED__ligand361-0
277,BAMHED__ligand409-0
278,BAMHED__ligand3867-0
279,BAMHED__ligand1317-0
280,BAMHED__ligand7293-0
281,BAMHED__ligand2822-0
282,BAMHED__ligand8002-0
283,BAMHED__ligand5509-0
284,BAMHED__ligand1407-0
285,BAMHED__ligand6117-0
286,BAMHED__ligand26810-0
287,BAMHED__ligand27482-0
288,BAMHED__ligand5080-0
289,BAMHED__ligand7762-0
290,BAMHED__ligand13208-0
291,BAMHED__ligand1356-0
292,BAMHED__ligand1787-0
293,BAMHED__ligand15585-0
294,BAMHED__ligand5530-0
295,BAMHED__ligand12401-0
296,BAMHED__ligand24145-0
297,BAMHED__ligand9753-0
298,BAMHED__ligand69-0
299,BAMHED__ligand7196-0
300,BAMHED__ligand10476-0
301,BAMHED__ligand5159-0
302,BAMHED__ligand19830-0
303,BAMHED__ligand13068-0
304,BAMHED__ligand12289-0
305,BAMHED__ligand18292-0
306,BAMHED__ligand13658-0
307,BAMHED__ligand26702-0
308,BAMHED__ligand4807-0
309,BAMHED__ligand17387-0
310,BAMHED__ligand12130-0
311,BAMHED__ligand3178-0
312,BAMHED__ligand12231-0
313,BAMHED__ligand2906-0
314,BAMHED__ligand17302-0
315,BAMHED__ligand17805-0
316,BAMHED__ligand694-0
317,BAMHED__ligand3244-0
318,BAMHED__ligand4711-0
319,BAMHED__ligand24185-0
320,BAMHED__ligand4649-0
321,BAMHED__ligand11-0
322,BAMHED__ligand2788-0
323,BAMHED__ligand358-0
324,BAMHED__ligand5649-0
325,BAMHED__ligand8793-0
326,BAMHED__ligand430-0
327,BAMHED__ligand23769-0
328,BAMHED__ligand488-0
329,BAMHED__ligand25178-0
330,BAMHED__ligand2260-0
331,BAMHED__ligand12641-0
332,BAMHED__ligand7092-0
333,BAMHED__ligand1116-0
334,BAMHED__ligand3225-0
335,BAMHED__ligand1153-0
336,BAMHED__ligand10958-0
337,BAMHED__ligand8612-0
338,BAMHED__ligand2124-0
339,BAMHED__ligand7172-0
340,BAMHED__ligand14108-0
341,BAMHED__ligand7273-0
342,BAMHED__ligand3-0
343,BAMHED__ligand9323-0
344,BAMHED__ligand18814-0
345,BAMHED__ligand19057-0
346,BAMHED__ligand29302-0
347,BAMHED__ligand13425-0
348,BAMHED__ligand5180-0
349,BAMHED__ligand6017-0
350,BAMHED__ligand670-0
351,BAMHED__ligand7316-0
352,BAMHED__ligand571-0
353,BAMHED__ligand10262-0
354,BAMHED__ligand28676-0
355,BAMHED__ligand534-0
356,BAMHED__ligand27763-0
357,BAMHED__ligand5708-0
358,BAMHED__ligand12427-0
359,BAMHED__ligand2043-0
360,BAMHED__ligand28468-0
361,BAMHED__ligand20740-0
362,BAMHED__ligand1832-0
363,BAMHED__ligand8788-0
364,BAMHED__ligand16628-0
365,BAMHED__ligand1604-0
366,BAMHED__ligand27460-0
367,BAMHED__ligand9943-0
368,BAMHED__ligand1228-0
369,BAMHED__ligand162-0
370,BAMHED__ligand3126-0
371,BAMHED__ligand6391-0
372,BAMHED__ligand9284-0
373,BAMHED__ligand30333-0
374,BAMHED__ligand12606-0
375,BAMHED__ligand226-0
376,BAMHED__ligand1114-0
377,BAMHED__ligand30296-0
378,BAMHED__ligand2417-0
379,BAMHED__ligand416-0
380,BAMHED__ligand17281-0
381,BAMHED__ligand1-0
382,BAMHED__ligand26540-0
383,BAMHED__ligand12337-0
384,BAMHED__ligand383-0
385,BAMHED__ligand29410-0
386,BAMHED__ligand1289-0
387,BAMHED__ligand5387-0
388,BAMHED__ligand696-0
389,BAMHED__ligand2203-0
390,BAMHED__ligand31783-0
391,BAMHED__ligand14297-0
392,BAMHED__ligand14603-0
393,BAMHED__ligand17258-0
394,BAMHED__ligand17631-0
395,BAMHED__ligand13012-0
396,BAMHED__ligand26665-0
397,BAMHED__ligand18832-0
398,BAMHED__ligand27175-0
399,BAMHED__ligand9450-0
400,BAMHED__ligand23713-0
401,BAMHED__ligand30988-0
402,BAMHED__ligand14723-0
403,BAMHED__ligand656-0
404,BAMHED__ligand2612-0
405,BAMHED__ligand27893-0
406,BAMHED__ligand15422-0
407,BAMHED__ligand20578-0
408,BAMHED__ligand12934-0
409,BAMHED__ligand1599-0
410,BAMHED__ligand19641-0
411,BAMHED__ligand27285-0
412,BAMHED__ligand67-0
413,BAMHED__ligand29029-0
414,BAMHED__ligand4157-0
415,BAMHED__ligand7648-0
416,BAMHED__ligand2828-0
417,BAMHED__ligand8876-0
418,BAMHED__ligand9833-0
419,BAMHED__ligand5256-0
420,BAMHED__ligand2176-0
421,BAMHED__ligand177-0
422,BAMHED__ligand23197-0
423,BAMHED__ligand9291-0
424,BAMHED__ligand2232-0
425,BAMHED__ligand1285-0
426,BAMHED__ligand6768-0
427,BAMHED__ligand909-0
428,BAMHED__ligand8115-0
429,BAMHED__ligand7000-0
430,BAMHED__ligand1982-0
431,BAMHED__ligand4546-0
432,BAMHED__ligand4503-0
433,BAMHED__ligand13477-0
434,BAMHED__ligand14167-0
435,BAMHED__ligand27669-0
436,BAMHED__ligand30142-0
437,BAMHED__ligand7867-0
438,BAMHED__ligand19184-0
439,BAMHED__ligand1219-0
440,BAMHED__ligand6709-0
441,BAMHED__ligand193-0
442,BAMHED__ligand4016-0
443,BAMHED__ligand7238-0
444,BAMHED__ligand372-0
445,BAMHED__ligand28459-0
446,BAMHED__ligand830-0
447,BAMHED__ligand18448-0
448,BAMHED__ligand7280-0
449,BAMHED__ligand12453-0
450,BAMHED__ligand1304-0
451,BAMHED__ligand1790-0
452,BAMHED__ligand4272-0
453,BAMHED__ligand1451-0
454,BAMHED__ligand7629-0
455,BAMHED__ligand10371-0
456,BAMHED__ligand9784-0
457,BAMHED__ligand43-0
458,BAMHED__ligand9520-0
459,BAMHED__ligand13672-0
460,BAMHED__ligand1160-0
461,BAMHED__ligand8699-0
462,BAMHED__ligand252-0
463,BAMHED__ligand3954-0
464,BAMHED__ligand4442-0
465,BAMHED__ligand4093-0
466,BAMHED__ligand28685-0
467,BAMHED__ligand116-0
468,BAMHED__ligand18568-0
469,BAMHED__ligand16663-0
470,BAMHED__ligand7242-0
471,BAMHED__ligand14614-0
472,BAMHED__ligand7106-0
473,BAMHED__ligand1263-0
474,BAMHED__ligand9908-0
475,BAMHED__ligand24035-0
476,BAMHED__ligand11994-0
477,BAMHED__ligand250-0
478,BAMHED__ligand31842-0
479,BAMHED__ligand31044-0
480,BAMHED__ligand1959-0
481,BAMHED__ligand20207-0
482,BAMHED__ligand30711-0
483,BAMHED__ligand3504-0
484,BAMHED__ligand11682-0
485,BAMHED__ligand9935-0
486,BAMHED__ligand1573-0
487,BAMHED__ligand1536-0
488,BAMHED__ligand6616-0
489,BAMHED__ligand3876-0
490,BAMHED__ligand1343-0
491,BAMHED__ligand3035-0
492,BAMHED__ligand16988-0
493,BAMHED__ligand3718-0
494,BAMHED__ligand25913-0
495,BAMHED__ligand370-0
496,BAMHED__ligand1844-0
497,BAMHED__ligand4661-0
498,BAMHED__ligand5331-0
499,BAMHED__ligand620-0
500,BAMHED__ligand11970-0
501,BAMHED__ligand1512-0
502,BAMHED__ligand370-1
503,BAMHED__ligand564-0
504,BAMHED__ligand15883-0
505,BAMHED__ligand3565-0
506,BAMHED__ligand24230-0
507,BAMHED__ligand479-0
508,BAMHED__ligand785-0
509,BAMHED__ligand311-0
510,BAMHED__ligand28810-0
511,BAMHED__ligand11447-0
512,BAMHED__ligand11096-0
513,BAMHED__ligand6919-0
514,BAMHED__ligand19792-0
515,BAMHED__ligand10828-0
516,BAMHED__ligand2485-0
517,BAMHED__ligand15926-0
518,BAMHED__ligand3852-0
519,BAMHED__ligand10056-0
520,BAMHED__ligand12365-0
521,BAMHED__ligand5211-0
522,BAMHED__ligand3094-0
523,BAMHED__ligand11357-0
524,BAMHED__ligand13862-0
525,BAMHED__ligand4155-0
526,BAMHED__ligand15531-0
527,BAMHED__ligand28743-0
528,BAMHED__ligand188-0
529,BAMHED__ligand22294-0
530,BAMHED__ligand4720-0
531,BAMHED__ligand28930-0
532,BAMHED__ligand22168-0
533,BAMHED__ligand6839-0
534,BAMHED__ligand3131-0
535,BAMHED__ligand21919-0
536,BAMHED__ligand3174-0
537,BAMHED__ligand1202-0
538,BAMHED__ligand3937-0
539,BAMHED__ligand8969-0
540,BAMHED__ligand31694-0
541,BAMHED__ligand19-0
542,BAMHED__ligand4641-0
543,BAMHED__ligand29486-0
544,BAMHED__ligand560-0
545,BAMHED__ligand17427-0
546,BAMHED__ligand11949-0
547,BAMHED__ligand134-0
548,BAMHED__ligand12138-0
549,BAMHED__ligand24780-0
550,BAMHED__ligand1142-0
551,BAMHED__ligand3234-0
552,BAMHED__ligand235-0
553,BAMHED__ligand22129-0
554,BAMHED__ligand25561-0
555,BAMHED__ligand24-0
556,BAMHED__ligand7126-0
557,BAMHED__ligand2028-0
558,BAMHED__ligand8835-0
559,BAMHED__ligand30728-0
560,BAMHED__ligand685-0
561,BAMHED__ligand27840-0
562,BAMHED__ligand2917-0
563,BAMHED__ligand7819-0
564,BAMHED__ligand24872-0
565,BAMHED__ligand24644-0
566,BAMHED__ligand6102-0
567,BAMHED__ligand3721-0
568,BAMHED__ligand6904-0
569,BAMHED__ligand6596-0
570,BAMHED__ligand10033-0
571,BAMHED__ligand45-0
572,BAMHED__ligand3465-0
573,BAMHED__ligand12001-0
574,BAMHED__ligand421-0
575,BAMHED__ligand78-0
576,BAMHED__ligand13385-0
577,BAMHED__ligand4620-0
578,BAMHED__ligand14569-0
579,BAMHED__ligand24111-0
580,BAMHED__ligand22444-0
581,BAMHED__ligand294-0
582,BAMHED__ligand2295-0
583,BAMHED__ligand1577-0
584,BAMHED__ligand6067-0
585,BAMHED__ligand11587-0
586,BAMHED__ligand13220-0
587,BAMHED__ligand23175-0
588,BAMHED__ligand15788-0
589,BAMHED__ligand17396-0
590,BAMHED__ligand22403-0
591,BAMHED__ligand9441-0
592,BAMHED__ligand2332-0
593,BAMHED__ligand197-0
594,BAMHED__ligand1631-0
595,BAMHED__ligand27754-0
596,BAMHED__ligand20695-0
597,BAMHED__ligand28540-0
598,BAMHED__ligand1575-0
599,BAMHED__ligand11111-0
600,BAMHED__ligand1530-0
601,BAMHED__ligand16369-0
602,BAMHED__ligand9933-0
603,BAMHED__ligand29215-0
604,BAMHED__ligand3156-0
605,BAMHED__ligand2915-0
606,BAMHED__ligand6244-0
607,BAMHED__ligand12003-0
608,BAMHED__ligand16148-0
609,BAMHED__ligand26631-0
610,BAMHED__ligand21399-0
611,BAMHED__ligand10872-0
612,BAMHED__ligand1378-0
613,BAMHED__ligand8992-0
614,BAMHED__ligand19927-0
615,BAMHED__ligand14043-0
616,BAMHED__ligand28559-0
617,BAMHED__ligand26324-0
618,BAMHED__ligand9601-0
619,BAMHED__ligand868-0
620,BAMHED__ligand6124-0
621,BAMHED__ligand21729-0
622,BAMHED__ligand3707-0
623,BAMHED__ligand27239-0
624,BAMHED__ligand7967-0
625,BAMHED__ligand1018-0
626,BAMHED__ligand4116-0
627,BAMHED__ligand352-0
628,BAMHED__ligand5643-0
629,BAMHED__ligand783-0
630,BAMHED__ligand1823-0
631,BAMHED__ligand1324-0
632,BAMHED__ligand26529-0
633,BAMHED__ligand8721-0
634,BAMHED__ligand9952-0
635,BAMHED__ligand9111-0
636,BAMHED__ligand11618-0
637,BAMHED__ligand2526-0
638,BAMHED__ligand5036-0
639,BAMHED__ligand1615-0
640,BAMHED__ligand833-0
641,BAMHED__ligand6283-0
642,BAMHED__ligand38-0
643,BAMHED__ligand19824-0
644,BAMHED__ligand18067-0
645,BAMHED__ligand4738-0
646,BAMHED__ligand5813-0
647,BAMHED__ligand11252-0
648,BAMHED__ligand4813-0
649,BAMHED__ligand10582-0
650,BAMHED__ligand6062-0
651,BAMHED__ligand13260-0
652,BAMHED__ligand11606-0
653,BAMHED__ligand115-0
654,BAMHED__ligand3215-0
655,BAMHED__ligand31000-0
656,BAMHED__ligand26673-0
657,BAMHED__ligand20821-0
658,BAMHED__ligand7107-0
659,BAMHED__ligand16870-0
660,BAMHED__ligand1147-0
661,BAMHED__ligand3973-0
662,BAMHED__ligand11622-0
663,BAMHED__ligand11814-0
664,BAMHED__ligand7925-0
665,BAMHED__ligand395-0
666,BAMHED__ligand2068-0
667,BAMHED__ligand16603-0
668,BAMHED__ligand368-0
669,BAMHED__ligand7532-0
670,BAMHED__ligand784-0
671,BAMHED__ligand31205-0
672,BAMHED__ligand25658-0
673,BAMHED__ligand17686-0
674,BAMHED__ligand4194-0
675,BAMHED__ligand11177-0
676,BAMHED__ligand4330-0
677,BAMHED__ligand2599-0
678,BAMHED__ligand15455-0
679,BAMHED__ligand487-0
680,BAMHED__ligand3012-0
681,BAMHED__ligand1449-0
682,BAMHED__ligand7530-0
683,BAMHED__ligand16952-0
684,BAMHED__ligand1065-0
685,BAMHED__ligand29813-0
686,BAMHED__ligand9681-0
687,BAMHED__ligand20220-0
688,BAMHED__ligand20121-0
689,BAMHED__ligand15387-0
690,BAMHED__ligand4332-0
691,BAMHED__ligand3934-0
692,BAMHED__ligand176-0
693,BAMHED__ligand24851-0
694,BAMHED__ligand14302-0
695,BAMHED__ligand6882-0
696,BAMHED__ligand14347-0
697,BAMHED__ligand13657-0
698,BAMHED__ligand6455-0
699,BAMHED__ligand20530-0
700,BAMHED__ligand11698-0
701,BAMHED__ligand10479-0
702,BAMHED__ligand27610-0
703,BAMHED__ligand11479-0
704,BAMHED__ligand66-0
705,BAMHED__ligand2403-0
706,BAMHED__ligand447-0
707,BAMHED__ligand29441-0
708,BAMHED__ligand10853-0
709,BAMHED__ligand746-0
710,BAMHED__ligand19906-0
711,BAMHED__ligand19668-0
712,BAMHED__ligand9148-0
713,BAMHED__ligand152-0
714,BAMHED__ligand1415-0
715,BAMHED__ligand6946-0
716,BAMHED__ligand22353-0
717,BAMHED__ligand7529-0
718,BAMHED__ligand42-0
719,BAMHED__ligand1729-0
720,BAMHED__ligand5627-0
721,BAMHED__ligand2830-0
722,BAMHED__ligand10151-0
723,BAMHED__ligand5316-0
724,BAMHED__ligand5483-0
725,BAMHED__ligand506-0
726,BAMHED__ligand21448-0
727,BAMHED__ligand422-0
728,BAMHED__ligand5935-0
729,BAMHED__ligand2722-0
730,BAMHED__ligand22357-0
731,BAMHED__ligand11758-0
732,BAMHED__ligand1379-0
733,BAMHED__ligand3157-0
734,BAMHED__ligand29214-0
735,BAMHED__ligand9525-0
736,BAMHED__ligand11544-0
737,BAMHED__ligand11501-0
738,BAMHED__ligand1165-0
739,BAMHED__ligand686-0
740,BAMHED__ligand5056-0
741,BAMHED__ligand196-0
742,BAMHED__ligand14477-0
743,BAMHED__ligand4850-0
744,BAMHED__ligand17069-0
745,BAMHED__ligand17445-0
746,BAMHED__ligand5357-0
747,BAMHED__ligand3647-0
748,BAMHED__ligand1688-0
749,BAMHED__ligand1469-0
750,BAMHED__ligand20731-0
751,BAMHED__ligand12413-0
752,BAMHED__ligand3871-0
753,BAMHED__ligand29334-0
754,BAMHED__ligand11798-0
755,BAMHED__ligand1768-0
756,BAMHED__ligand8-0
757,BAMHED__ligand23682-0
758,BAMHED__ligand29565-0
759,BAMHED__ligand27771-0
760,BAMHED__ligand18158-0
761,BAMHED__ligand2527-0
762,BAMHED__ligand8349-0
763,BAMHED__ligand353-0
764,BAMHED__ligand20942-1
765,BAMHED__ligand16956-0
766,BAMHED__ligand21339-0
767,BAMHED__ligand14226-0
768,BAMHED__ligand1709-0
769,BAMHED__ligand8464-0
770,BAMHED__ligand27550-0
771,BAMHED__ligand3392-0
772,BAMHED__ligand393-0
773,BAMHED__ligand1771-0
774,BAMHED__ligand4911-0
775,BAMHED__ligand5849-0
776,BAMHED__ligand14007-0
777,BAMHED__ligand18019-1
778,BAMHED__ligand1773-0
779,BAMHED__ligand4581-0
780,BAMHED__ligand18757-0
781,BAMHED__ligand2328-0
782,BAMHED__ligand24560-0
783,BAMHED__ligand7162-0
784,BAMHED__ligand391-0
785,BAMHED__ligand20844-0
786,BAMHED__ligand18413-0
787,BAMHED__ligand24624-0
788,BAMHED__ligand3029-0
789,BAMHED__ligand618-0
790,BAMHED__ligand9197-0
791,BAMHED__ligand1900-0
792,BAMHED__ligand3208-0
793,BAMHED__ligand14339-0
794,BAMHED__ligand2208-0
795,BAMHED__ligand30788-0
796,BAMHED__ligand13691-0
797,BAMHED__ligand21752-0
798,BAMHED__ligand8722-0
799,BAMHED__ligand813-0
800,BAMHED__ligand6672-0
801,BAMHED__ligand9809-0
802,BAMHED__ligand1327-0
803,BAMHED__ligand314-0
804,BAMHED__ligand7573-0
805,BAMHED__ligand2781-0
806,BAMHED__ligand780-0
807,BAMHED__ligand18-0
808,BAMHED__ligand3350-0
809,BAMHED__ligand21940-0
810,BAMHED__ligand314-1
811,BAMHED__ligand25048-0
812,BAMHED__ligand1533-0
813,BAMHED__ligand7557-0
814,BAMHED__ligand13755-0
815,BAMHED__ligand16133-0
816,BAMHED__ligand1496-0
817,BAMHED__ligand20432-0
818,BAMHED__ligand27122-0
819,BAMHED__ligand23445-0
820,BAMHED__ligand24953-0
821,BAMHED__ligand4131-0
822,BAMHED__ligand1712-0
823,BAMHED__ligand465-0
824,BAMHED__ligand20557-0
825,BAMHED__ligand30004-0
826,BAMHED__ligand5094-0
827,BAMHED__ligand5892-0
