,TMC
0,HAZYIT__ligand560-0
1,HAZYIT__ligand525-0
2,HAZYIT__ligand109-0
3,HAZYIT__ligand1818-0
4,HAZYIT__ligand7456-0
5,HAZYIT__ligand5758-0
6,HAZYIT__ligand390-0
7,HAZYIT__ligand932-0
8,HAZYIT__ligand134-0
9,HAZYIT__ligand3478-0
10,HAZYIT__ligand3852-0
11,HAZYIT__ligand235-0
12,HAZYIT__ligand421-0
13,HAZYIT__ligand9176-0
14,HAZYIT__ligand798-0
15,HAZYIT__ligand2718-0
16,HAZYIT__ligand3035-0
17,HAZYIT__ligand3070-0
18,HAZYIT__ligand916-0
19,HAZYIT__ligand1493-0
20,HAZYIT__ligand584-0
21,HAZYIT__ligand294-0
22,HAZYIT__ligand4619-0
23,HAZYIT__ligand5235-0
24,HAZYIT__ligand6143-0
25,HAZYIT__ligand993-0
26,HAZYIT__ligand331-0
27,HAZYIT__ligand3251-0
28,HAZYIT__ligand2762-0
29,HAZYIT__ligand197-0
30,HAZYIT__ligand1038-0
31,HAZYIT__ligand296-0
32,HAZYIT__ligand2253-0
33,HAZYIT__ligand1160-0
34,HAZYIT__ligand5093-0
35,HAZYIT__ligand2954-0
36,HAZYIT__ligand112-0
37,HAZYIT__ligand7550-0
38,HAZYIT__ligand1285-0
39,HAZYIT__ligand868-0
40,HAZYIT__ligand1555-0
41,HAZYIT__ligand442-0
42,HAZYIT__ligand7630-0
43,HAZYIT__ligand136-0
44,HAZYIT__ligand3890-0
45,HAZYIT__ligand4423-0
46,HAZYIT__ligand783-0
47,HAZYIT__ligand352-0
48,HAZYIT__ligand67-0
49,HAZYIT__ligand1907-0
50,HAZYIT__ligand934-0
51,HAZYIT__ligand177-0
52,HAZYIT__ligand1551-0
53,HAZYIT__ligand2526-0
54,HAZYIT__ligand851-0
55,HAZYIT__ligand1690-0
56,HAZYIT__ligand2707-0
57,HAZYIT__ligand909-0
58,HAZYIT__ligand2915-0
59,HAZYIT__ligand830-0
60,HAZYIT__ligand193-0
61,HAZYIT__ligand252-0
62,HAZYIT__ligand955-0
63,HAZYIT__ligand3196-0
64,HAZYIT__ligand4012-0
65,HAZYIT__ligand250-0
66,HAZYIT__ligand460-0
67,HAZYIT__ligand85-0
68,HAZYIT__ligand78-0
69,HAZYIT__ligand1918-0
70,HAZYIT__ligand2255-0
71,HAZYIT__ligand45-0
72,HAZYIT__ligand370-0
73,HAZYIT__ligand4175-0
74,HAZYIT__ligand311-0
75,HAZYIT__ligand3618-0
76,HAZYIT__ligand2618-0
77,HAZYIT__ligand8-0
78,HAZYIT__ligand1436-0
79,HAZYIT__ligand188-0
80,HAZYIT__ligand369-0
81,HAZYIT__ligand4370-0
82,HAZYIT__ligand444-0
83,HAZYIT__ligand113-0
84,HAZYIT__ligand3337-0
85,HAZYIT__ligand7514-0
86,HAZYIT__ligand422-0
87,HAZYIT__ligand1449-1
88,HAZYIT__ligand4811-0
89,HAZYIT__ligand1260-0
90,HAZYIT__ligand4894-0
91,HAZYIT__ligand9620-0
92,HAZYIT__ligand502-0
93,HAZYIT__ligand196-0
94,HAZYIT__ligand353-0
95,HAZYIT__ligand66-0
96,HAZYIT__ligand1788-0
97,HAZYIT__ligand1321-0
98,HAZYIT__ligand236-0
99,HAZYIT__ligand3566-0
100,HAZYIT__ligand1178-0
101,HAZYIT__ligand170-0
102,HAZYIT__ligand3853-0
103,HAZYIT__ligand2853-0
104,HAZYIT__ligand2599-0
105,HAZYIT__ligand5089-0
106,HAZYIT__ligand391-0
107,HAZYIT__ligand21-0
108,HAZYIT__ligand481-0
109,HAZYIT__ligand1246-0
110,HAZYIT__ligand314-0
111,HAZYIT__ligand6166-0
112,HAZYIT__ligand40-0
113,HAZYIT__ligand1307-0
114,HAZYIT__ligand210-0
115,HAZYIT__ligand38-0
116,HAZYIT__ligand11730-0
117,HAZYIT__ligand1712-0
118,HAZYIT__ligand291-0
119,HAZYIT__ligand3579-0
120,HAZYIT__ligand2110-0
121,HAZYIT__ligand2916-0
122,HAZYIT__ligand1919-0
123,HAZYIT__ligand115-0
124,HAZYIT__ligand2389-0
125,HAZYIT__ligand18-0
126,HAZYIT__ligand5334-0
127,HAZYIT__ligand3051-0
128,HAZYIT__ligand4504-0
129,HAZYIT__ligand2480-0
130,HAZYIT__ligand1898-0
131,HAZYIT__ligand2315-0
132,HAZYIT__ligand1858-0
133,HAZYIT__ligand8032-0
134,HAZYIT__ligand784-0
135,HAZYIT__ligand355-0
136,HAZYIT__ligand485-0
137,HAZYIT__ligand522-0
138,HAZYIT__ligand2442-0
139,HAZYIT__ligand666-0
140,HAZYIT__ligand1019-0
141,HAZYIT__ligand62-0
142,HAZYIT__ligand5762-0
143,HAZYIT__ligand7414-0
144,HAZYIT__ligand487-0
145,HAZYIT__ligand1104-0
146,HAZYIT__ligand447-0
147,HAZYIT__ligand133-0
148,HAZYIT__ligand6571-0
149,HAZYIT__ligand1325-0
150,HAZYIT__ligand2482-0
151,HAZYIT__ligand2929-0
152,HAZYIT__ligand86-0
153,HAZYIT__ligand682-0
154,HAZYIT__ligand2376-0
155,HAZYIT__ligand1379-0
156,HAZYIT__ligand1264-0
157,HAZYIT__ligand1221-0
158,HAZYIT__ligand6430-0
159,HAZYIT__ligand1299-0
160,HAZYIT__ligand126-0
161,HAZYIT__ligand5022-0
162,HAZYIT__ligand1169-0
163,HAZYIT__ligand32-0
164,HAZYIT__ligand2838-0
165,HAZYIT__ligand3838-0
166,HAZYIT__ligand1799-0
167,HAZYIT__ligand5941-0
168,HAZYIT__ligand2880-0
169,HAZYIT__ligand366-0
170,HAZYIT__ligand2142-0
171,HAZYIT__ligand861-0
172,HAZYIT__ligand6538-0
173,HAZYIT__ligand612-0
174,HAZYIT__ligand9495-0
175,HAZYIT__ligand187-0
176,HAZYIT__ligand6151-0
177,HAZYIT__ligand2772-0
178,HAZYIT__ligand2864-0
179,HAZYIT__ligand596-0
180,HAZYIT__ligand1052-0
181,HAZYIT__ligand100-0
182,HAZYIT__ligand244-0
183,HAZYIT__ligand201-0
184,HAZYIT__ligand91-0
185,HAZYIT__ligand29-0
186,HAZYIT__ligand51-0
187,HAZYIT__ligand321-0
188,HAZYIT__ligand1273-0
189,HAZYIT__ligand279-0
190,HAZYIT__ligand178-0
191,HAZYIT__ligand6396-0
192,HAZYIT__ligand1113-0
193,HAZYIT__ligand2265-0
194,HAZYIT__ligand119-0
195,HAZYIT__ligand9027-0
196,HAZYIT__ligand4983-0
197,HAZYIT__ligand2345-0
198,HAZYIT__ligand2794-0
199,HAZYIT__ligand1835-0
200,HAZYIT__ligand124-0
201,HAZYIT__ligand48-0
202,HAZYIT__ligand1502-0
203,HAZYIT__ligand1727-0
204,HAZYIT__ligand1152-0
205,HAZYIT__ligand34-0
206,HAZYIT__ligand1607-0
207,HAZYIT__ligand384-0
208,HAZYIT__ligand120-0
209,HAZYIT__ligand2510-0
210,HAZYIT__ligand2285-0
211,HAZYIT__ligand95-0
212,HAZYIT__ligand1567-0
213,HAZYIT__ligand8921-0
214,HAZYIT__ligand2862-0
215,HAZYIT__ligand240-0
216,HAZYIT__ligand1-0
217,HAZYIT__ligand2320-0
218,HAZYIT__ligand141-0
219,HAZYIT__ligand1056-0
220,HAZYIT__ligand1703-0
221,HAZYIT__ligand2430-0
222,HAZYIT__ligand2907-0
223,HAZYIT__ligand55-0
224,HAZYIT__ligand57-0
225,HAZYIT__ligand7464-0
226,HAZYIT__ligand1248-0
227,HAZYIT__ligand4303-0
228,HAZYIT__ligand1598-0
229,HAZYIT__ligand1054-0
230,HAZYIT__ligand3-0
231,HAZYIT__ligand6294-0
232,HAZYIT__ligand757-0
233,HAZYIT__ligand3637-0
234,HAZYIT__ligand8774-0
235,HAZYIT__ligand15630-0
236,HAZYIT__ligand797-0
237,HAZYIT__ligand10357-0
238,HAZYIT__ligand73-0
239,HAZYIT__ligand3734-0
240,HAZYIT__ligand278-0
241,HAZYIT__ligand1706-0
242,HAZYIT__ligand4381-0
243,HAZYIT__ligand2629-0
244,HAZYIT__ligand365-0
245,HAZYIT__ligand430-0
246,HAZYIT__ligand358-0
247,HAZYIT__ligand669-0
248,HAZYIT__ligand4-0
249,HAZYIT__ligand2688-0
250,HAZYIT__ligand2259-0
251,HAZYIT__ligand49-0
252,HAZYIT__ligand1376-0
253,HAZYIT__ligand509-0
254,HAZYIT__ligand2768-0
255,HAZYIT__ligand118-0
256,HAZYIT__ligand670-0
257,HAZYIT__ligand6277-0
258,HAZYIT__ligand571-0
259,HAZYIT__ligand1687-0
260,HAZYIT__ligand89-0
261,HAZYIT__ligand1951-0
262,HAZYIT__ligand3757-0
263,HAZYIT__ligand2087-0
264,HAZYIT__ligand1048-0
265,HAZYIT__ligand1685-0
266,HAZYIT__ligand1544-0
267,HAZYIT__ligand383-0
268,HAZYIT__ligand162-0
269,HAZYIT__ligand1459-0
270,HAZYIT__ligand226-0
271,HAZYIT__ligand5801-0
272,HAZYIT__ligand92-0
273,HAZYIT__ligand3063-0
274,HAZYIT__ligand1438-0
275,HAZYIT__ligand6-0
276,HAZYIT__ligand1171-0
277,HAZYIT__ligand17-0
278,HAZYIT__ligand142-0
279,HAZYIT__ligand206-0
280,HAZYIT__ligand1479-0
281,HAZYIT__ligand10910-0
282,HAZYIT__ligand436-0
283,HAZYIT__ligand1148-0
284,HAZYIT__ligand821-0
285,HAZYIT__ligand3246-0
286,HAZYIT__ligand326-0
287,HAZYIT__ligand553-0
288,HAZYIT__ligand283-0
289,HAZYIT__ligand1538-0
290,HAZYIT__ligand14530-0
291,HAZYIT__ligand497-0
292,HAZYIT__ligand1114-0
293,HAZYIT__ligand633-0
294,HAZYIT__ligand918-0
295,HAZYIT__ligand532-0
296,HAZYIT__ligand166-0
297,HAZYIT__ligand9244-0
298,HAZYIT__ligand838-0
299,HAZYIT__ligand1228-0
300,HAZYIT__ligand927-0
301,HAZYIT__ligand3041-0
302,HAZYIT__ligand199-0
303,HAZYIT__ligand2634-0
304,HAZYIT__ligand1542-0
305,HAZYIT__ligand10479-0
306,HAZYIT__ligand575-0
307,HAZYIT__ligand2751-0
308,HAZYIT__ligand409-0
309,HAZYIT__ligand361-0
310,HAZYIT__ligand3145-0
311,HAZYIT__ligand324-0
312,HAZYIT__ligand11-0
313,HAZYIT__ligand6686-0
314,HAZYIT__ligand1747-0
315,HAZYIT__ligand7915-0
316,HAZYIT__ligand5548-0
317,HAZYIT__ligand10114-0
318,HAZYIT__ligand2863-0
319,HAZYIT__ligand2098-0
320,HAZYIT__ligand105-0
321,HAZYIT__ligand6502-0
322,HAZYIT__ligand140-0
323,HAZYIT__ligand6332-0
324,HAZYIT__ligand3178-0
