,TMC
0,MIPQUZ__ligand391-0
1,MIPQUZ__ligand1459-0
2,MIPQUZ__ligand1544-0
3,MIPQUZ__ligand170-0
4,MIPQUZ__ligand34-0
5,MIPQUZ__ligand1685-0
6,MIPQUZ__ligand314-0
7,MIPQUZ__ligand3757-0
8,MIPQUZ__ligand1048-0
9,MIPQUZ__ligand481-0
10,MIPQUZ__ligand2087-0
11,MIPQUZ__ligand55-0
12,MIPQUZ__ligand1171-0
13,MIPQUZ__ligand1438-0
14,MIPQUZ__ligand3063-0
15,MIPQUZ__ligand5801-0
16,MIPQUZ__ligand95-0
17,MIPQUZ__ligand210-0
18,MIPQUZ__ligand422-0
19,MIPQUZ__ligand113-0
20,MIPQUZ__ligand4381-0
21,MIPQUZ__ligand57-0
22,MIPQUZ__ligand196-0
23,MIPQUZ__ligand502-0
24,MIPQUZ__ligand2629-0
25,MIPQUZ__ligand3734-0
26,MIPQUZ__ligand1706-0
27,MIPQUZ__ligand1687-0
28,MIPQUZ__ligand1951-0
29,MIPQUZ__ligand73-0
30,MIPQUZ__ligand6277-0
31,MIPQUZ__ligand353-0
32,MIPQUZ__ligand2768-0
33,MIPQUZ__ligand1376-0
34,MIPQUZ__ligand2688-0
35,MIPQUZ__ligand2259-0
36,MIPQUZ__ligand236-0
37,MIPQUZ__ligand2751-0
38,MIPQUZ__ligand487-0
39,MIPQUZ__ligand666-0
40,MIPQUZ__ligand32-0
41,MIPQUZ__ligand522-0
42,MIPQUZ__ligand1542-0
43,MIPQUZ__ligand2634-0
44,MIPQUZ__ligand133-0
45,MIPQUZ__ligand3041-0
46,MIPQUZ__ligand447-0
47,MIPQUZ__ligand6332-0
48,MIPQUZ__ligand3178-0
49,MIPQUZ__ligand682-0
50,MIPQUZ__ligand2863-0
51,MIPQUZ__ligand6502-0
52,MIPQUZ__ligand2098-0
53,MIPQUZ__ligand6686-0
54,MIPQUZ__ligand1747-0
55,MIPQUZ__ligand5548-0
56,MIPQUZ__ligand7915-0
57,MIPQUZ__ligand3145-0
58,MIPQUZ__ligand291-0
59,MIPQUZ__ligand3246-0
60,MIPQUZ__ligand51-0
61,MIPQUZ__ligand91-0
62,MIPQUZ__ligand115-0
63,MIPQUZ__ligand1148-0
64,MIPQUZ__ligand29-0
65,MIPQUZ__ligand1479-0
66,MIPQUZ__ligand48-0
67,MIPQUZ__ligand9244-0
68,MIPQUZ__ligand1228-0
69,MIPQUZ__ligand485-0
70,MIPQUZ__ligand784-0
71,MIPQUZ__ligand355-0
72,MIPQUZ__ligand1538-0
73,MIPQUZ__ligand1114-0
74,MIPQUZ__ligand296-0
75,MIPQUZ__ligand197-0
76,MIPQUZ__ligand1273-0
77,MIPQUZ__ligand112-0
78,MIPQUZ__ligand1052-0
79,MIPQUZ__ligand136-0
80,MIPQUZ__ligand1502-0
81,MIPQUZ__ligand11730-0
82,MIPQUZ__ligand4983-0
83,MIPQUZ__ligand442-0
84,MIPQUZ__ligand868-0
85,MIPQUZ__ligand1835-0
86,MIPQUZ__ligand2345-0
87,MIPQUZ__ligand2794-0
88,MIPQUZ__ligand783-0
89,MIPQUZ__ligand352-0
90,MIPQUZ__ligand9027-0
91,MIPQUZ__ligand6396-0
92,MIPQUZ__ligand2265-0
93,MIPQUZ__ligand1113-0
94,MIPQUZ__ligand1799-0
95,MIPQUZ__ligand3838-0
96,MIPQUZ__ligand2838-0
97,MIPQUZ__ligand5941-0
98,MIPQUZ__ligand2880-0
99,MIPQUZ__ligand109-0
100,MIPQUZ__ligand525-0
101,MIPQUZ__ligand560-0
102,MIPQUZ__ligand235-0
103,MIPQUZ__ligand1169-0
104,MIPQUZ__ligand134-0
105,MIPQUZ__ligand5022-0
106,MIPQUZ__ligand932-0
107,MIPQUZ__ligand390-0
108,MIPQUZ__ligand916-0
109,MIPQUZ__ligand584-0
110,MIPQUZ__ligand798-0
111,MIPQUZ__ligand2864-0
112,MIPQUZ__ligand421-0
113,MIPQUZ__ligand6538-0
114,MIPQUZ__ligand2772-0
115,MIPQUZ__ligand331-0
116,MIPQUZ__ligand6151-0
117,MIPQUZ__ligand9495-0
118,MIPQUZ__ligand993-0
119,MIPQUZ__ligand2142-0
120,MIPQUZ__ligand294-0
121,MIPQUZ__ligand11-0
122,MIPQUZ__ligand1054-0
123,MIPQUZ__ligand6294-0
124,MIPQUZ__ligand460-0
125,MIPQUZ__ligand4303-0
126,MIPQUZ__ligand250-0
127,MIPQUZ__ligand1248-0
128,MIPQUZ__ligand1598-0
129,MIPQUZ__ligand7464-0
130,MIPQUZ__ligand370-0
131,MIPQUZ__ligand89-0
132,MIPQUZ__ligand311-0
133,MIPQUZ__ligand8-0
134,MIPQUZ__ligand444-0
135,MIPQUZ__ligand8774-0
136,MIPQUZ__ligand369-0
137,MIPQUZ__ligand49-0
138,MIPQUZ__ligand188-0
139,MIPQUZ__ligand3637-0
140,MIPQUZ__ligand1607-0
141,MIPQUZ__ligand177-0
142,MIPQUZ__ligand934-0
143,MIPQUZ__ligand909-0
144,MIPQUZ__ligand1152-0
145,MIPQUZ__ligand851-0
146,MIPQUZ__ligand1727-0
147,MIPQUZ__ligand193-0
148,MIPQUZ__ligand2907-0
149,MIPQUZ__ligand17-0
150,MIPQUZ__ligand830-0
151,MIPQUZ__ligand2430-0
152,MIPQUZ__ligand1703-0
153,MIPQUZ__ligand2862-0
154,MIPQUZ__ligand1056-0
155,MIPQUZ__ligand2320-0
156,MIPQUZ__ligand2510-0
157,MIPQUZ__ligand955-0
158,MIPQUZ__ligand8921-0
159,MIPQUZ__ligand1567-0
160,MIPQUZ__ligand92-0
161,MIPQUZ__ligand2285-0
162,MIPQUZ__ligand252-0
163,MIPQUZ__ligand6166-0
164,MIPQUZ__ligand1246-0
165,MIPQUZ__ligand226-0
166,MIPQUZ__ligand5089-0
167,MIPQUZ__ligand2599-0
168,MIPQUZ__ligand162-0
169,MIPQUZ__ligand383-0
170,MIPQUZ__ligand2853-0
171,MIPQUZ__ligand3853-0
172,MIPQUZ__ligand1307-0
173,MIPQUZ__ligand6-0
174,MIPQUZ__ligand365-0
175,MIPQUZ__ligand45-0
176,MIPQUZ__ligand278-0
177,MIPQUZ__ligand9620-0
178,MIPQUZ__ligand1260-0
179,MIPQUZ__ligand4894-0
180,MIPQUZ__ligand85-0
181,MIPQUZ__ligand4811-0
182,MIPQUZ__ligand1449-1
183,MIPQUZ__ligand78-0
184,MIPQUZ__ligand669-0
185,MIPQUZ__ligand7514-0
186,MIPQUZ__ligand3337-0
187,MIPQUZ__ligand358-0
188,MIPQUZ__ligand4-0
189,MIPQUZ__ligand430-0
190,MIPQUZ__ligand1178-0
191,MIPQUZ__ligand3566-0
192,MIPQUZ__ligand509-0
193,MIPQUZ__ligand1321-0
194,MIPQUZ__ligand1788-0
195,MIPQUZ__ligand571-0
196,MIPQUZ__ligand670-0
197,MIPQUZ__ligand118-0
198,MIPQUZ__ligand6571-0
199,MIPQUZ__ligand2482-0
200,MIPQUZ__ligand1325-0
201,MIPQUZ__ligand199-0
202,MIPQUZ__ligand927-0
203,MIPQUZ__ligand1104-0
204,MIPQUZ__ligand7414-0
205,MIPQUZ__ligand5762-0
206,MIPQUZ__ligand575-0
207,MIPQUZ__ligand1019-0
208,MIPQUZ__ligand2442-0
209,MIPQUZ__ligand15630-0
210,MIPQUZ__ligand1221-0
211,MIPQUZ__ligand1264-0
212,MIPQUZ__ligand1299-0
213,MIPQUZ__ligand10357-0
214,MIPQUZ__ligand6430-0
215,MIPQUZ__ligand324-0
216,MIPQUZ__ligand361-0
217,MIPQUZ__ligand409-0
218,MIPQUZ__ligand1379-0
219,MIPQUZ__ligand2376-0
220,MIPQUZ__ligand140-0
221,MIPQUZ__ligand105-0
222,MIPQUZ__ligand2929-0
223,MIPQUZ__ligand436-0
224,MIPQUZ__ligand2389-0
225,MIPQUZ__ligand206-0
226,MIPQUZ__ligand1919-0
227,MIPQUZ__ligand142-0
228,MIPQUZ__ligand283-0
229,MIPQUZ__ligand3579-0
230,MIPQUZ__ligand2916-0
231,MIPQUZ__ligand553-0
232,MIPQUZ__ligand2110-0
233,MIPQUZ__ligand326-0
234,MIPQUZ__ligand1712-0
235,MIPQUZ__ligand821-0
236,MIPQUZ__ligand532-0
237,MIPQUZ__ligand918-0
238,MIPQUZ__ligand67-0
239,MIPQUZ__ligand633-0
240,MIPQUZ__ligand497-0
241,MIPQUZ__ligand1858-0
242,MIPQUZ__ligand8032-0
243,MIPQUZ__ligand1898-0
244,MIPQUZ__ligand2480-0
245,MIPQUZ__ligand4504-0
246,MIPQUZ__ligand3051-0
247,MIPQUZ__ligand838-0
248,MIPQUZ__ligand2315-0
249,MIPQUZ__ligand166-0
250,MIPQUZ__ligand5334-0
251,MIPQUZ__ligand7550-0
252,MIPQUZ__ligand201-0
253,MIPQUZ__ligand244-0
254,MIPQUZ__ligand100-0
255,MIPQUZ__ligand178-0
256,MIPQUZ__ligand1160-0
257,MIPQUZ__ligand2253-0
258,MIPQUZ__ligand279-0
259,MIPQUZ__ligand2954-0
260,MIPQUZ__ligand5093-0
261,MIPQUZ__ligand2762-0
262,MIPQUZ__ligand321-0
263,MIPQUZ__ligand1038-0
264,MIPQUZ__ligand4423-0
265,MIPQUZ__ligand1907-0
266,MIPQUZ__ligand119-0
267,MIPQUZ__ligand3890-0
268,MIPQUZ__ligand7630-0
269,MIPQUZ__ligand18-0
270,MIPQUZ__ligand124-0
271,MIPQUZ__ligand1285-0
272,MIPQUZ__ligand1555-0
273,MIPQUZ__ligand3478-0
274,MIPQUZ__ligand3852-0
275,MIPQUZ__ligand126-0
276,MIPQUZ__ligand5758-0
277,MIPQUZ__ligand62-0
278,MIPQUZ__ligand7456-0
279,MIPQUZ__ligand1818-0
280,MIPQUZ__ligand187-0
281,MIPQUZ__ligand3251-0
282,MIPQUZ__ligand612-0
283,MIPQUZ__ligand4619-0
284,MIPQUZ__ligand861-0
285,MIPQUZ__ligand6143-0
286,MIPQUZ__ligand366-0
287,MIPQUZ__ligand5235-0
288,MIPQUZ__ligand3070-0
289,MIPQUZ__ligand3035-0
290,MIPQUZ__ligand2718-0
291,MIPQUZ__ligand1493-0
292,MIPQUZ__ligand596-0
293,MIPQUZ__ligand9176-0
294,MIPQUZ__ligand86-0
295,MIPQUZ__ligand4175-0
296,MIPQUZ__ligand10479-0
297,MIPQUZ__ligand2255-0
298,MIPQUZ__ligand1918-0
299,MIPQUZ__ligand3-0
300,MIPQUZ__ligand4370-0
301,MIPQUZ__ligand10114-0
302,MIPQUZ__ligand757-0
303,MIPQUZ__ligand1436-0
304,MIPQUZ__ligand797-0
305,MIPQUZ__ligand2618-0
306,MIPQUZ__ligand3618-0
307,MIPQUZ__ligand66-0
308,MIPQUZ__ligand2707-0
309,MIPQUZ__ligand21-0
310,MIPQUZ__ligand1690-0
311,MIPQUZ__ligand1551-0
312,MIPQUZ__ligand120-0
313,MIPQUZ__ligand2526-0
314,MIPQUZ__ligand384-0
315,MIPQUZ__ligand10910-0
316,MIPQUZ__ligand141-0
317,MIPQUZ__ligand4012-0
318,MIPQUZ__ligand3196-0
319,MIPQUZ__ligand38-0
320,MIPQUZ__ligand240-0
321,MIPQUZ__ligand1-0
322,MIPQUZ__ligand2915-0
323,MIPQUZ__ligand14530-0
324,MIPQUZ__ligand40-0
