,TMC
0,YOVCIV__ligand21448-0
1,YOVCIV__ligand1533-0
2,YOVCIV__ligand22357-0
3,YOVCIV__ligand11758-0
4,YOVCIV__ligand7557-0
5,YOVCIV__ligand29214-0
6,YOVCIV__ligand1496-0
7,YOVCIV__ligand11501-0
8,YOVCIV__ligand11544-0
9,YOVCIV__ligand240-0
10,YOVCIV__ligand17069-0
11,YOVCIV__ligand14477-0
12,YOVCIV__ligand141-0
13,YOVCIV__ligand4131-0
14,YOVCIV__ligand1712-0
15,YOVCIV__ligand17445-0
16,YOVCIV__ligand12413-0
17,YOVCIV__ligand4-0
18,YOVCIV__ligand29334-0
19,YOVCIV__ligand20731-0
20,YOVCIV__ligand38-0
21,YOVCIV__ligand5094-0
22,YOVCIV__ligand5892-0
23,YOVCIV__ligand11798-0
24,YOVCIV__ligand1773-0
25,YOVCIV__ligand4581-0
26,YOVCIV__ligand29565-0
27,YOVCIV__ligand23682-0
28,YOVCIV__ligand2328-0
29,YOVCIV__ligand18158-0
30,YOVCIV__ligand7162-0
31,YOVCIV__ligand3029-0
32,YOVCIV__ligand27771-0
33,YOVCIV__ligand20942-1
34,YOVCIV__ligand21339-0
35,YOVCIV__ligand14226-0
36,YOVCIV__ligand16956-0
37,YOVCIV__ligand9197-0
38,YOVCIV__ligand384-0
39,YOVCIV__ligand1900-0
40,YOVCIV__ligand768-0
41,YOVCIV__ligand27550-0
42,YOVCIV__ligand3208-0
43,YOVCIV__ligand2208-0
44,YOVCIV__ligand8722-0
45,YOVCIV__ligand6672-0
46,YOVCIV__ligand9809-0
47,YOVCIV__ligand1327-0
48,YOVCIV__ligand18019-1
49,YOVCIV__ligand7573-0
50,YOVCIV__ligand14007-0
51,YOVCIV__ligand2781-0
52,YOVCIV__ligand3350-0
53,YOVCIV__ligand66-0
54,YOVCIV__ligand18757-0
55,YOVCIV__ligand24560-0
56,YOVCIV__ligand18413-0
57,YOVCIV__ligand20844-0
58,YOVCIV__ligand24624-0
59,YOVCIV__ligand2527-0
60,YOVCIV__ligand8349-0
61,YOVCIV__ligand1709-0
62,YOVCIV__ligand8464-0
63,YOVCIV__ligand14339-0
64,YOVCIV__ligand3392-0
65,YOVCIV__ligand122-0
66,YOVCIV__ligand30788-0
67,YOVCIV__ligand1771-0
68,YOVCIV__ligand4911-0
69,YOVCIV__ligand13691-0
70,YOVCIV__ligand5849-0
71,YOVCIV__ligand21752-0
72,YOVCIV__ligand757-0
73,YOVCIV__ligand25048-0
74,YOVCIV__ligand5935-0
75,YOVCIV__ligand21940-0
76,YOVCIV__ligand2722-0
77,YOVCIV__ligand693-0
78,YOVCIV__ligand1379-0
79,YOVCIV__ligand20432-0
80,YOVCIV__ligand27122-0
81,YOVCIV__ligand3157-0
82,YOVCIV__ligand13755-0
83,YOVCIV__ligand16133-0
84,YOVCIV__ligand24953-0
85,YOVCIV__ligand23445-0
86,YOVCIV__ligand9525-0
87,YOVCIV__ligand1165-0
88,YOVCIV__ligand5056-0
89,YOVCIV__ligand4850-0
90,YOVCIV__ligand5357-0
91,YOVCIV__ligand3647-0
92,YOVCIV__ligand42-0
93,YOVCIV__ligand1688-0
94,YOVCIV__ligand30004-0
95,YOVCIV__ligand20557-0
96,YOVCIV__ligand1469-0
97,YOVCIV__ligand3871-0
98,YOVCIV__ligand1768-0
99,YOVCIV__ligand777-0
100,YOVCIV__ligand19824-0
101,YOVCIV__ligand18067-0
102,YOVCIV__ligand9148-0
103,YOVCIV__ligand6946-0
104,YOVCIV__ligand1415-0
105,YOVCIV__ligand11252-0
106,YOVCIV__ligand10582-0
107,YOVCIV__ligand13260-0
108,YOVCIV__ligand7529-0
109,YOVCIV__ligand596-0
110,YOVCIV__ligand941-0
111,YOVCIV__ligand1729-0
112,YOVCIV__ligand657-0
113,YOVCIV__ligand5627-0
114,YOVCIV__ligand11606-0
115,YOVCIV__ligand187-0
116,YOVCIV__ligand31000-0
117,YOVCIV__ligand2830-0
118,YOVCIV__ligand5316-0
119,YOVCIV__ligand366-0
120,YOVCIV__ligand26673-0
121,YOVCIV__ligand5483-0
122,YOVCIV__ligand20821-0
123,YOVCIV__ligand16870-0
124,YOVCIV__ligand3012-0
125,YOVCIV__ligand1449-0
126,YOVCIV__ligand11622-0
127,YOVCIV__ligand7530-0
128,YOVCIV__ligand1065-0
129,YOVCIV__ligand9681-0
130,YOVCIV__ligand845-0
131,YOVCIV__ligand11814-0
132,YOVCIV__ligand16603-0
133,YOVCIV__ligand4332-0
134,YOVCIV__ligand3934-0
135,YOVCIV__ligand17686-0
136,YOVCIV__ligand6882-0
137,YOVCIV__ligand25658-0
138,YOVCIV__ligand6455-0
139,YOVCIV__ligand31205-0
140,YOVCIV__ligand163-0
141,YOVCIV__ligand126-0
142,YOVCIV__ligand2403-0
143,YOVCIV__ligand11177-0
144,YOVCIV__ligand15455-0
145,YOVCIV__ligand1147-0
146,YOVCIV__ligand18-0
147,YOVCIV__ligand3973-0
148,YOVCIV__ligand338-0
149,YOVCIV__ligand29813-0
150,YOVCIV__ligand16952-0
151,YOVCIV__ligand7925-0
152,YOVCIV__ligand2068-0
153,YOVCIV__ligand20220-0
154,YOVCIV__ligand15387-0
155,YOVCIV__ligand20121-0
156,YOVCIV__ligand24851-0
157,YOVCIV__ligand7532-0
158,YOVCIV__ligand20530-0
159,YOVCIV__ligand11698-0
160,YOVCIV__ligand14347-0
161,YOVCIV__ligand13657-0
162,YOVCIV__ligand14302-0
163,YOVCIV__ligand4194-0
164,YOVCIV__ligand4330-0
165,YOVCIV__ligand27610-0
166,YOVCIV__ligand10479-0
167,YOVCIV__ligand11479-0
168,YOVCIV__ligand2599-0
169,YOVCIV__ligand29441-0
170,YOVCIV__ligand10853-0
171,YOVCIV__ligand19668-0
172,YOVCIV__ligand6283-0
173,YOVCIV__ligand279-0
174,YOVCIV__ligand185-0
175,YOVCIV__ligand19906-0
176,YOVCIV__ligand178-0
177,YOVCIV__ligand4738-0
178,YOVCIV__ligand22353-0
179,YOVCIV__ligand5813-0
180,YOVCIV__ligand4813-0
181,YOVCIV__ligand321-0
182,YOVCIV__ligand6062-0
183,YOVCIV__ligand3215-0
184,YOVCIV__ligand10151-0
185,YOVCIV__ligand201-0
186,YOVCIV__ligand7107-0
187,YOVCIV__ligand8992-0
188,YOVCIV__ligand31694-0
189,YOVCIV__ligand29486-0
190,YOVCIV__ligand9601-0
191,YOVCIV__ligand6124-0
192,YOVCIV__ligand3707-0
193,YOVCIV__ligand7967-0
194,YOVCIV__ligand1018-0
195,YOVCIV__ligand4116-0
196,YOVCIV__ligand17427-0
197,YOVCIV__ligand5643-0
198,YOVCIV__ligand1823-0
199,YOVCIV__ligand633-0
200,YOVCIV__ligand11949-0
201,YOVCIV__ligand1324-0
202,YOVCIV__ligand22129-0
203,YOVCIV__ligand12138-0
204,YOVCIV__ligand8721-0
205,YOVCIV__ligand24780-0
206,YOVCIV__ligand9952-0
207,YOVCIV__ligand9111-0
208,YOVCIV__ligand25561-0
209,YOVCIV__ligand67-0
210,YOVCIV__ligand497-0
211,YOVCIV__ligand2526-0
212,YOVCIV__ligand5036-0
213,YOVCIV__ligand1615-0
214,YOVCIV__ligand27840-0
215,YOVCIV__ligand30728-0
216,YOVCIV__ligand9441-0
217,YOVCIV__ligand24872-0
218,YOVCIV__ligand2332-0
219,YOVCIV__ligand10033-0
220,YOVCIV__ligand1631-0
221,YOVCIV__ligand24644-0
222,YOVCIV__ligand1575-0
223,YOVCIV__ligand1530-0
224,YOVCIV__ligand12001-0
225,YOVCIV__ligand326-0
226,YOVCIV__ligand9933-0
227,YOVCIV__ligand43-0
228,YOVCIV__ligand14569-0
229,YOVCIV__ligand436-0
230,YOVCIV__ligand3156-0
231,YOVCIV__ligand13385-0
232,YOVCIV__ligand2915-0
233,YOVCIV__ligand24111-0
234,YOVCIV__ligand22444-0
235,YOVCIV__ligand6244-0
236,YOVCIV__ligand13220-0
237,YOVCIV__ligand11587-0
238,YOVCIV__ligand17396-0
239,YOVCIV__ligand23175-0
240,YOVCIV__ligand15788-0
241,YOVCIV__ligand1378-0
242,YOVCIV__ligand692-0
243,YOVCIV__ligand22403-0
244,YOVCIV__ligand2917-0
245,YOVCIV__ligand7819-0
246,YOVCIV__ligand20695-0
247,YOVCIV__ligand27754-0
248,YOVCIV__ligand6102-0
249,YOVCIV__ligand3721-0
250,YOVCIV__ligand6904-0
251,YOVCIV__ligand6596-0
252,YOVCIV__ligand16369-0
253,YOVCIV__ligand3465-0
254,YOVCIV__ligand28540-0
255,YOVCIV__ligand11111-0
256,YOVCIV__ligand29215-0
257,YOVCIV__ligand4620-0
258,YOVCIV__ligand361-0
259,YOVCIV__ligand324-0
260,YOVCIV__ligand16148-0
261,YOVCIV__ligand26631-0
262,YOVCIV__ligand2295-0
263,YOVCIV__ligand1577-0
264,YOVCIV__ligand6067-0
265,YOVCIV__ligand409-0
266,YOVCIV__ligand12003-0
267,YOVCIV__ligand21399-0
268,YOVCIV__ligand10872-0
269,YOVCIV__ligand19927-0
270,YOVCIV__ligand28559-0
271,YOVCIV__ligand26324-0
272,YOVCIV__ligand14043-0
273,YOVCIV__ligand588-0
274,YOVCIV__ligand4641-0
275,YOVCIV__ligand21729-0
276,YOVCIV__ligand27239-0
277,YOVCIV__ligand300-0
278,YOVCIV__ligand1142-0
279,YOVCIV__ligand3234-0
280,YOVCIV__ligand26529-0
281,YOVCIV__ligand11618-0
282,YOVCIV__ligand199-0
283,YOVCIV__ligand7126-0
284,YOVCIV__ligand2028-0
285,YOVCIV__ligand8835-0
286,YOVCIV__ligand5331-0
287,YOVCIV__ligand1512-0
288,YOVCIV__ligand24-0
289,YOVCIV__ligand27285-0
290,YOVCIV__ligand29029-0
291,YOVCIV__ligand3565-0
292,YOVCIV__ligand670-0
293,YOVCIV__ligand23197-0
294,YOVCIV__ligand534-0
295,YOVCIV__ligand6919-0
296,YOVCIV__ligand571-0
297,YOVCIV__ligand2485-0
298,YOVCIV__ligand3852-0
299,YOVCIV__ligand5211-0
300,YOVCIV__ligand3094-0
301,YOVCIV__ligand4155-0
302,YOVCIV__ligand4720-0
303,YOVCIV__ligand13477-0
304,YOVCIV__ligand14167-0
305,YOVCIV__ligand30142-0
306,YOVCIV__ligand6839-0
307,YOVCIV__ligand27669-0
308,YOVCIV__ligand3131-0
309,YOVCIV__ligand3174-0
310,YOVCIV__ligand3937-0
311,YOVCIV__ligand1202-0
312,YOVCIV__ligand19-0
313,YOVCIV__ligand8969-0
314,YOVCIV__ligand19184-0
315,YOVCIV__ligand7242-0
316,YOVCIV__ligand694-0
317,YOVCIV__ligand7106-0
318,YOVCIV__ligand1263-0
319,YOVCIV__ligand78-0
320,YOVCIV__ligand9908-0
321,YOVCIV__ligand358-0
322,YOVCIV__ligand430-0
323,YOVCIV__ligand12453-0
324,YOVCIV__ligand1-0
325,YOVCIV__ligand18448-0
326,YOVCIV__ligand488-0
327,YOVCIV__ligand28459-0
328,YOVCIV__ligand1959-0
329,YOVCIV__ligand3504-0
330,YOVCIV__ligand9935-0
331,YOVCIV__ligand45-0
332,YOVCIV__ligand1573-0
333,YOVCIV__ligand1536-0
334,YOVCIV__ligand10371-0
335,YOVCIV__ligand13672-0
336,YOVCIV__ligand6616-0
337,YOVCIV__ligand1343-0
338,YOVCIV__ligand3876-0
339,YOVCIV__ligand3035-0
340,YOVCIV__ligand3718-0
341,YOVCIV__ligand18568-0
342,YOVCIV__ligand1844-0
343,YOVCIV__ligand4661-0
344,YOVCIV__ligand28685-0
345,YOVCIV__ligand7867-0
346,YOVCIV__ligand16663-0
347,YOVCIV__ligand1219-0
348,YOVCIV__ligand6709-0
349,YOVCIV__ligand14614-0
350,YOVCIV__ligand4016-0
351,YOVCIV__ligand656-0
352,YOVCIV__ligand24035-0
353,YOVCIV__ligand7238-0
354,YOVCIV__ligand31044-0
355,YOVCIV__ligand31842-0
356,YOVCIV__ligand7280-0
357,YOVCIV__ligand11994-0
358,YOVCIV__ligand1304-0
359,YOVCIV__ligand1790-0
360,YOVCIV__ligand4272-0
361,YOVCIV__ligand1451-0
362,YOVCIV__ligand11682-0
363,YOVCIV__ligand7629-0
364,YOVCIV__ligand696-0
365,YOVCIV__ligand30711-0
366,YOVCIV__ligand20207-0
367,YOVCIV__ligand9784-0
368,YOVCIV__ligand16988-0
369,YOVCIV__ligand25913-0
370,YOVCIV__ligand9520-0
371,YOVCIV__ligand1160-0
372,YOVCIV__ligand3-0
373,YOVCIV__ligand8699-0
374,YOVCIV__ligand3954-0
375,YOVCIV__ligand4442-0
376,YOVCIV__ligand4093-0
377,YOVCIV__ligand162-0
378,YOVCIV__ligand4157-0
379,YOVCIV__ligand11970-0
380,YOVCIV__ligand7648-0
381,YOVCIV__ligand2828-0
382,YOVCIV__ligand8876-0
383,YOVCIV__ligand9833-0
384,YOVCIV__ligand226-0
385,YOVCIV__ligand15883-0
386,YOVCIV__ligand5256-0
387,YOVCIV__ligand28810-0
388,YOVCIV__ligand11096-0
389,YOVCIV__ligand11447-0
390,YOVCIV__ligand2176-0
391,YOVCIV__ligand24230-0
392,YOVCIV__ligand416-0
393,YOVCIV__ligand9291-0
394,YOVCIV__ligand15926-0
395,YOVCIV__ligand2232-0
396,YOVCIV__ligand19792-0
397,YOVCIV__ligand10828-0
398,YOVCIV__ligand383-0
399,YOVCIV__ligand1285-0
400,YOVCIV__ligand12365-0
401,YOVCIV__ligand10056-0
402,YOVCIV__ligand6768-0
403,YOVCIV__ligand8115-0
404,YOVCIV__ligand11357-0
405,YOVCIV__ligand13862-0
406,YOVCIV__ligand7000-0
407,YOVCIV__ligand28743-0
408,YOVCIV__ligand15531-0
409,YOVCIV__ligand1982-0
410,YOVCIV__ligand4546-0
411,YOVCIV__ligand22168-0
412,YOVCIV__ligand4503-0
413,YOVCIV__ligand28930-0
414,YOVCIV__ligand22294-0
415,YOVCIV__ligand21919-0
416,YOVCIV__ligand1289-0
417,YOVCIV__ligand24145-0
418,YOVCIV__ligand5387-0
419,YOVCIV__ligand2203-0
420,YOVCIV__ligand12401-0
421,YOVCIV__ligand15585-0
422,YOVCIV__ligand13068-0
423,YOVCIV__ligand19830-0
424,YOVCIV__ligand10476-0
425,YOVCIV__ligand12130-0
426,YOVCIV__ligand17387-0
427,YOVCIV__ligand252-0
428,YOVCIV__ligand18292-0
429,YOVCIV__ligand12289-0
430,YOVCIV__ligand26702-0
431,YOVCIV__ligand13658-0
432,YOVCIV__ligand12231-0
433,YOVCIV__ligand116-0
434,YOVCIV__ligand9450-0
435,YOVCIV__ligand17302-0
436,YOVCIV__ligand193-0
437,YOVCIV__ligand17805-0
438,YOVCIV__ligand23769-0
439,YOVCIV__ligand2612-0
440,YOVCIV__ligand24185-0
441,YOVCIV__ligand17-0
442,YOVCIV__ligand372-0
443,YOVCIV__ligand25178-0
444,YOVCIV__ligand1599-0
445,YOVCIV__ligand830-0
446,YOVCIV__ligand12641-0
447,YOVCIV__ligand2043-0
448,YOVCIV__ligand1832-0
449,YOVCIV__ligand909-0
450,YOVCIV__ligand8788-0
451,YOVCIV__ligand10958-0
452,YOVCIV__ligand14108-0
453,YOVCIV__ligand1604-0
454,YOVCIV__ligand9943-0
455,YOVCIV__ligand1228-0
456,YOVCIV__ligand3126-0
457,YOVCIV__ligand6391-0
458,YOVCIV__ligand9284-0
459,YOVCIV__ligand18814-0
460,YOVCIV__ligand19057-0
461,YOVCIV__ligand13425-0
462,YOVCIV__ligand29302-0
463,YOVCIV__ligand1114-0
464,YOVCIV__ligand177-0
465,YOVCIV__ligand2417-0
466,YOVCIV__ligand27763-0
467,YOVCIV__ligand28676-0
468,YOVCIV__ligand10262-0
469,YOVCIV__ligand20740-0
470,YOVCIV__ligand28468-0
471,YOVCIV__ligand2260-0
472,YOVCIV__ligand7092-0
473,YOVCIV__ligand1116-0
474,YOVCIV__ligand12427-0
475,YOVCIV__ligand3225-0
476,YOVCIV__ligand1153-0
477,YOVCIV__ligand16628-0
478,YOVCIV__ligand8612-0
479,YOVCIV__ligand2124-0
480,YOVCIV__ligand49-0
481,YOVCIV__ligand7172-0
482,YOVCIV__ligand188-0
483,YOVCIV__ligand7273-0
484,YOVCIV__ligand9323-0
485,YOVCIV__ligand27460-0
486,YOVCIV__ligand30333-0
487,YOVCIV__ligand620-0
488,YOVCIV__ligand370-1
489,YOVCIV__ligand564-0
490,YOVCIV__ligand12606-0
491,YOVCIV__ligand5180-0
492,YOVCIV__ligand6017-0
493,YOVCIV__ligand17281-0
494,YOVCIV__ligand479-0
495,YOVCIV__ligand30296-0
496,YOVCIV__ligand311-0
497,YOVCIV__ligand785-0
498,YOVCIV__ligand12337-0
499,YOVCIV__ligand89-0
500,YOVCIV__ligand7316-0
501,YOVCIV__ligand29410-0
502,YOVCIV__ligand5708-0
503,YOVCIV__ligand26540-0
504,YOVCIV__ligand1356-0
505,YOVCIV__ligand1787-0
506,YOVCIV__ligand5530-0
507,YOVCIV__ligand9753-0
508,YOVCIV__ligand7196-0
509,YOVCIV__ligand5159-0
510,YOVCIV__ligand31783-0
511,YOVCIV__ligand17258-0
512,YOVCIV__ligand4807-0
513,YOVCIV__ligand14603-0
514,YOVCIV__ligand14297-0
515,YOVCIV__ligand26665-0
516,YOVCIV__ligand370-0
517,YOVCIV__ligand3178-0
518,YOVCIV__ligand17631-0
519,YOVCIV__ligand13012-0
520,YOVCIV__ligand2906-0
521,YOVCIV__ligand27175-0
522,YOVCIV__ligand18832-0
523,YOVCIV__ligand23713-0
524,YOVCIV__ligand30988-0
525,YOVCIV__ligand3244-0
526,YOVCIV__ligand4711-0
527,YOVCIV__ligand4649-0
528,YOVCIV__ligand27893-0
529,YOVCIV__ligand2788-0
530,YOVCIV__ligand5649-0
531,YOVCIV__ligand8793-0
532,YOVCIV__ligand14723-0
533,YOVCIV__ligand250-0
534,YOVCIV__ligand19641-0
535,YOVCIV__ligand20578-0
536,YOVCIV__ligand12934-0
537,YOVCIV__ligand15422-0
538,YOVCIV__ligand21371-0
539,YOVCIV__ligand9167-0
540,YOVCIV__ligand17118-0
541,YOVCIV__ligand11-0
542,YOVCIV__ligand20419-0
543,YOVCIV__ligand5304-0
544,YOVCIV__ligand2238-0
545,YOVCIV__ligand28789-0
546,YOVCIV__ligand29568-0
547,YOVCIV__ligand294-0
548,YOVCIV__ligand3867-0
549,YOVCIV__ligand1317-0
550,YOVCIV__ligand7293-0
551,YOVCIV__ligand2822-0
552,YOVCIV__ligand14889-0
553,YOVCIV__ligand30851-0
554,YOVCIV__ligand30702-0
555,YOVCIV__ligand20214-0
556,YOVCIV__ligand685-0
557,YOVCIV__ligand20251-0
558,YOVCIV__ligand8002-0
559,YOVCIV__ligand5509-0
560,YOVCIV__ligand1407-0
561,YOVCIV__ligand20539-0
562,YOVCIV__ligand6117-0
563,YOVCIV__ligand21581-0
564,YOVCIV__ligand31097-0
565,YOVCIV__ligand14117-0
566,YOVCIV__ligand17261-0
567,YOVCIV__ligand5080-0
568,YOVCIV__ligand7762-0
569,YOVCIV__ligand69-0
570,YOVCIV__ligand421-0
571,YOVCIV__ligand14703-0
572,YOVCIV__ligand16475-0
573,YOVCIV__ligand5595-0
574,YOVCIV__ligand4101-0
575,YOVCIV__ligand134-0
576,YOVCIV__ligand235-0
577,YOVCIV__ligand4358-0
578,YOVCIV__ligand3926-0
579,YOVCIV__ligand3120-0
580,YOVCIV__ligand2221-0
581,YOVCIV__ligand20251-1
582,YOVCIV__ligand17982-0
583,YOVCIV__ligand1296-0
584,YOVCIV__ligand29414-0
585,YOVCIV__ligand2259-0
586,YOVCIV__ligand20011-0
587,YOVCIV__ligand17278-0
588,YOVCIV__ligand1197-0
589,YOVCIV__ligand8592-0
590,YOVCIV__ligand5099-0
591,YOVCIV__ligand17398-0
592,YOVCIV__ligand560-0
593,YOVCIV__ligand9773-0
594,YOVCIV__ligand1376-0
595,YOVCIV__ligand5510-0
596,YOVCIV__ligand24047-0
597,YOVCIV__ligand22557-0
598,YOVCIV__ligand10589-0
599,YOVCIV__ligand20598-0
600,YOVCIV__ligand11675-0
601,YOVCIV__ligand14248-0
602,YOVCIV__ligand29879-0
603,YOVCIV__ligand352-0
604,YOVCIV__ligand783-0
605,YOVCIV__ligand3677-0
606,YOVCIV__ligand12030-0
607,YOVCIV__ligand3632-0
608,YOVCIV__ligand1168-0
609,YOVCIV__ligand28884-0
610,YOVCIV__ligand1294-0
611,YOVCIV__ligand13331-0
612,YOVCIV__ligand6699-0
613,YOVCIV__ligand13294-0
614,YOVCIV__ligand31832-0
615,YOVCIV__ligand25411-0
616,YOVCIV__ligand1464-0
617,YOVCIV__ligand3712-0
618,YOVCIV__ligand1499-0
619,YOVCIV__ligand2881-0
620,YOVCIV__ligand14174-0
621,YOVCIV__ligand6892-0
622,YOVCIV__ligand868-0
623,YOVCIV__ligand10712-0
624,YOVCIV__ligand11456-0
625,YOVCIV__ligand1211-0
626,YOVCIV__ligand9344-0
627,YOVCIV__ligand3736-0
628,YOVCIV__ligand20682-0
629,YOVCIV__ligand8000-0
630,YOVCIV__ligand13390-0
631,YOVCIV__ligand3945-0
632,YOVCIV__ligand5383-0
633,YOVCIV__ligand2693-0
634,YOVCIV__ligand4007-0
635,YOVCIV__ligand2985-0
636,YOVCIV__ligand9299-0
637,YOVCIV__ligand26810-0
638,YOVCIV__ligand197-0
639,YOVCIV__ligand27482-0
640,YOVCIV__ligand7291-0
641,YOVCIV__ligand13208-0
642,YOVCIV__ligand9883-0
643,YOVCIV__ligand3677-1
644,YOVCIV__ligand13072-0
645,YOVCIV__ligand784-0
646,YOVCIV__ligand12336-0
647,YOVCIV__ligand1831-0
648,YOVCIV__ligand5280-0
649,YOVCIV__ligand5614-0
650,YOVCIV__ligand6663-0
651,YOVCIV__ligand5515-0
652,YOVCIV__ligand18699-0
653,YOVCIV__ligand12682-0
654,YOVCIV__ligand1849-0
655,YOVCIV__ligand395-0
656,YOVCIV__ligand5019-0
657,YOVCIV__ligand1152-0
658,YOVCIV__ligand17240-0
659,YOVCIV__ligand3261-0
660,YOVCIV__ligand48-0
661,YOVCIV__ligand1216-0
662,YOVCIV__ligand17590-0
663,YOVCIV__ligand368-0
664,YOVCIV__ligand1828-0
665,YOVCIV__ligand115-0
666,YOVCIV__ligand7213-0
667,YOVCIV__ligand1397-0
668,YOVCIV__ligand8042-0
669,YOVCIV__ligand11568-0
670,YOVCIV__ligand6112-0
671,YOVCIV__ligand20579-0
672,YOVCIV__ligand17710-0
673,YOVCIV__ligand5085-0
674,YOVCIV__ligand3144-0
675,YOVCIV__ligand21421-0
676,YOVCIV__ligand14586-0
677,YOVCIV__ligand5755-0
678,YOVCIV__ligand11774-0
679,YOVCIV__ligand4710-0
680,YOVCIV__ligand91-0
681,YOVCIV__ligand24613-0
682,YOVCIV__ligand833-0
683,YOVCIV__ligand1908-0
684,YOVCIV__ligand19725-0
685,YOVCIV__ligand51-0
686,YOVCIV__ligand3285-0
687,YOVCIV__ligand4795-0
688,YOVCIV__ligand10555-0
689,YOVCIV__ligand1786-0
690,YOVCIV__ligand31483-0
691,YOVCIV__ligand5630-0
692,YOVCIV__ligand7075-0
693,YOVCIV__ligand16-0
694,YOVCIV__ligand3980-0
695,YOVCIV__ligand3557-0
696,YOVCIV__ligand15168-0
697,YOVCIV__ligand1149-0
698,YOVCIV__ligand24064-0
699,YOVCIV__ligand1779-0
700,YOVCIV__ligand6993-0
701,YOVCIV__ligand1817-0
702,YOVCIV__ligand506-0
703,YOVCIV__ligand9750-0
704,YOVCIV__ligand23589-0
705,YOVCIV__ligand4266-0
706,YOVCIV__ligand1400-0
707,YOVCIV__ligand9491-0
708,YOVCIV__ligand4167-0
709,YOVCIV__ligand152-0
710,YOVCIV__ligand1288-0
711,YOVCIV__ligand29898-0
712,YOVCIV__ligand26277-0
713,YOVCIV__ligand22755-0
714,YOVCIV__ligand11432-0
715,YOVCIV__ligand31618-0
716,YOVCIV__ligand10432-0
717,YOVCIV__ligand176-0
718,YOVCIV__ligand24750-0
719,YOVCIV__ligand3453-0
720,YOVCIV__ligand3416-0
721,YOVCIV__ligand4207-0
722,YOVCIV__ligand17945-0
723,YOVCIV__ligand447-0
724,YOVCIV__ligand1539-0
725,YOVCIV__ligand18013-0
726,YOVCIV__ligand25224-0
727,YOVCIV__ligand31578-0
728,YOVCIV__ligand1150-0
729,YOVCIV__ligand17207-0
730,YOVCIV__ligand746-0
731,YOVCIV__ligand8200-0
732,YOVCIV__ligand7438-0
733,YOVCIV__ligand487-0
734,YOVCIV__ligand4063-0
735,YOVCIV__ligand29087-0
736,YOVCIV__ligand32-0
737,YOVCIV__ligand18703-0
738,YOVCIV__ligand3042-0
739,YOVCIV__ligand28924-0
740,YOVCIV__ligand15438-0
741,YOVCIV__ligand1154-0
742,YOVCIV__ligand30539-0
743,YOVCIV__ligand393-0
744,YOVCIV__ligand9615-0
745,YOVCIV__ligand23906-0
746,YOVCIV__ligand1498-0
747,YOVCIV__ligand21132-0
748,YOVCIV__ligand11166-0
749,YOVCIV__ligand4596-0
750,YOVCIV__ligand12295-0
751,YOVCIV__ligand27835-0
752,YOVCIV__ligand21787-0
753,YOVCIV__ligand353-0
754,YOVCIV__ligand25575-0
755,YOVCIV__ligand25689-0
756,YOVCIV__ligand1169-0
757,YOVCIV__ligand8529-0
758,YOVCIV__ligand196-0
759,YOVCIV__ligand12660-0
760,YOVCIV__ligand2027-0
761,YOVCIV__ligand19257-0
762,YOVCIV__ligand13209-0
763,YOVCIV__ligand1015-0
764,YOVCIV__ligand1050-0
765,YOVCIV__ligand31248-0
766,YOVCIV__ligand25650-0
767,YOVCIV__ligand57-0
768,YOVCIV__ligand422-0
769,YOVCIV__ligand1618-0
770,YOVCIV__ligand2692-0
771,YOVCIV__ligand25735-0
772,YOVCIV__ligand12519-0
773,YOVCIV__ligand1028-0
774,YOVCIV__ligand11206-0
775,YOVCIV__ligand4262-0
776,YOVCIV__ligand686-0
777,YOVCIV__ligand23124-0
778,YOVCIV__ligand5415-0
779,YOVCIV__ligand29863-0
780,YOVCIV__ligand68-0
781,YOVCIV__ligand18074-0
782,YOVCIV__ligand465-0
783,YOVCIV__ligand13869-0
784,YOVCIV__ligand29610-0
785,YOVCIV__ligand11140-0
786,YOVCIV__ligand4161-0
787,YOVCIV__ligand3471-0
788,YOVCIV__ligand4124-0
789,YOVCIV__ligand6995-0
790,YOVCIV__ligand314-1
791,YOVCIV__ligand16791-0
792,YOVCIV__ligand2823-0
793,YOVCIV__ligand28668-0
794,YOVCIV__ligand55-0
795,YOVCIV__ligand4340-0
796,YOVCIV__ligand2281-0
797,YOVCIV__ligand2650-0
798,YOVCIV__ligand18465-0
799,YOVCIV__ligand3180-0
800,YOVCIV__ligand18799-0
801,YOVCIV__ligand27074-0
802,YOVCIV__ligand2001-0
803,YOVCIV__ligand22981-0
804,YOVCIV__ligand25805-0
805,YOVCIV__ligand20599-0
806,YOVCIV__ligand7566-0
807,YOVCIV__ligand813-0
808,YOVCIV__ligand8-0
809,YOVCIV__ligand27169-0
810,YOVCIV__ligand14523-0
811,YOVCIV__ligand8593-0
812,YOVCIV__ligand9944-0
813,YOVCIV__ligand34-0
814,YOVCIV__ligand780-0
815,YOVCIV__ligand18391-0
816,YOVCIV__ligand314-0
817,YOVCIV__ligand25267-0
818,YOVCIV__ligand10084-0
819,YOVCIV__ligand391-0
820,YOVCIV__ligand8553-0
821,YOVCIV__ligand12467-0
822,YOVCIV__ligand1113-0
823,YOVCIV__ligand13257-0
824,YOVCIV__ligand618-0
825,YOVCIV__ligand21936-0
826,YOVCIV__ligand5201-0
827,YOVCIV__ligand23904-0
