,TMC
0,YORHIY__ligand2906-0
1,YORHIY__ligand696-0
2,YORHIY__ligand3244-0
3,YORHIY__ligand4711-0
4,YORHIY__ligand13072-0
5,YORHIY__ligand4649-0
6,YORHIY__ligand2788-0
7,YORHIY__ligand5649-0
8,YORHIY__ligand8793-0
9,YORHIY__ligand12336-0
10,YORHIY__ligand9753-0
11,YORHIY__ligand1356-0
12,YORHIY__ligand1787-0
13,YORHIY__ligand17240-0
14,YORHIY__ligand5530-0
15,YORHIY__ligand5159-0
16,YORHIY__ligand17590-0
17,YORHIY__ligand7196-0
18,YORHIY__ligand4807-0
19,YORHIY__ligand12682-0
20,YORHIY__ligand18699-0
21,YORHIY__ligand656-0
22,YORHIY__ligand3178-0
23,YORHIY__ligand21421-0
24,YORHIY__ligand11774-0
25,YORHIY__ligand14586-0
26,YORHIY__ligand5180-0
27,YORHIY__ligand6017-0
28,YORHIY__ligand5708-0
29,YORHIY__ligand11568-0
30,YORHIY__ligand7316-0
31,YORHIY__ligand20579-0
32,YORHIY__ligand17710-0
33,YORHIY__ligand226-0
34,YORHIY__ligand2260-0
35,YORHIY__ligand7092-0
36,YORHIY__ligand10555-0
37,YORHIY__ligand1116-0
38,YORHIY__ligand1153-0
39,YORHIY__ligand3225-0
40,YORHIY__ligand31483-0
41,YORHIY__ligand2124-0
42,YORHIY__ligand162-0
43,YORHIY__ligand8612-0
44,YORHIY__ligand24613-0
45,YORHIY__ligand38-0
46,YORHIY__ligand383-0
47,YORHIY__ligand7172-0
48,YORHIY__ligand19725-0
49,YORHIY__ligand9323-0
50,YORHIY__ligand7273-0
51,YORHIY__ligand416-0
52,YORHIY__ligand24064-0
53,YORHIY__ligand9284-0
54,YORHIY__ligand3126-0
55,YORHIY__ligand6391-0
56,YORHIY__ligand1114-0
57,YORHIY__ligand23589-0
58,YORHIY__ligand2417-0
59,YORHIY__ligand15168-0
60,YORHIY__ligand26277-0
61,YORHIY__ligand29898-0
62,YORHIY__ligand42-0
63,YORHIY__ligand2043-0
64,YORHIY__ligand22755-0
65,YORHIY__ligand31618-0
66,YORHIY__ligand1832-0
67,YORHIY__ligand11432-0
68,YORHIY__ligand8788-0
69,YORHIY__ligand10432-0
70,YORHIY__ligand1604-0
71,YORHIY__ligand534-0
72,YORHIY__ligand571-0
73,YORHIY__ligand670-0
74,YORHIY__ligand9943-0
75,YORHIY__ligand1228-0
76,YORHIY__ligand17945-0
77,YORHIY__ligand25224-0
78,YORHIY__ligand18013-0
79,YORHIY__ligand9450-0
80,YORHIY__ligand31578-0
81,YORHIY__ligand66-0
82,YORHIY__ligand17207-0
83,YORHIY__ligand24750-0
84,YORHIY__ligand2612-0
85,YORHIY__ligand1599-0
86,YORHIY__ligand28924-0
87,YORHIY__ligand5387-0
88,YORHIY__ligand2203-0
89,YORHIY__ligand694-0
90,YORHIY__ligand1289-0
91,YORHIY__ligand15438-0
92,YORHIY__ligand488-0
93,YORHIY__ligand29087-0
94,YORHIY__ligand18703-0
95,YORHIY__ligand358-0
96,YORHIY__ligand430-0
97,YORHIY__ligand23906-0
98,YORHIY__ligand4007-0
99,YORHIY__ligand2985-0
100,YORHIY__ligand21132-0
101,YORHIY__ligand9299-0
102,YORHIY__ligand11166-0
103,YORHIY__ligand7291-0
104,YORHIY__ligand30539-0
105,YORHIY__ligand361-0
106,YORHIY__ligand324-0
107,YORHIY__ligand409-0
108,YORHIY__ligand9883-0
109,YORHIY__ligand3677-1
110,YORHIY__ligand21787-0
111,YORHIY__ligand9344-0
112,YORHIY__ligand25575-0
113,YORHIY__ligand25689-0
114,YORHIY__ligand8000-0
115,YORHIY__ligand3736-0
116,YORHIY__ligand3945-0
117,YORHIY__ligand12295-0
118,YORHIY__ligand2693-0
119,YORHIY__ligand5383-0
120,YORHIY__ligand27835-0
121,YORHIY__ligand3712-0
122,YORHIY__ligand1464-0
123,YORHIY__ligand31248-0
124,YORHIY__ligand25650-0
125,YORHIY__ligand2881-0
126,YORHIY__ligand1499-0
127,YORHIY__ligand199-0
128,YORHIY__ligand12660-0
129,YORHIY__ligand6892-0
130,YORHIY__ligand13209-0
131,YORHIY__ligand19257-0
132,YORHIY__ligand1211-0
133,YORHIY__ligand3677-0
134,YORHIY__ligand3632-0
135,YORHIY__ligand12519-0
136,YORHIY__ligand588-0
137,YORHIY__ligand25735-0
138,YORHIY__ligand11206-0
139,YORHIY__ligand1294-0
140,YORHIY__ligand1168-0
141,YORHIY__ligand23124-0
142,YORHIY__ligand6699-0
143,YORHIY__ligand300-0
144,YORHIY__ligand2259-0
145,YORHIY__ligand1296-0
146,YORHIY__ligand29610-0
147,YORHIY__ligand8592-0
148,YORHIY__ligand5099-0
149,YORHIY__ligand11140-0
150,YORHIY__ligand1197-0
151,YORHIY__ligand633-0
152,YORHIY__ligand1376-0
153,YORHIY__ligand497-0
154,YORHIY__ligand5510-0
155,YORHIY__ligand9773-0
156,YORHIY__ligand29863-0
157,YORHIY__ligand18074-0
158,YORHIY__ligand13869-0
159,YORHIY__ligand5595-0
160,YORHIY__ligand4101-0
161,YORHIY__ligand18465-0
162,YORHIY__ligand18799-0
163,YORHIY__ligand3926-0
164,YORHIY__ligand3120-0
165,YORHIY__ligand16791-0
166,YORHIY__ligand4358-0
167,YORHIY__ligand2221-0
168,YORHIY__ligand28668-0
169,YORHIY__ligand6117-0
170,YORHIY__ligand1407-0
171,YORHIY__ligand18-0
172,YORHIY__ligand8002-0
173,YORHIY__ligand5509-0
174,YORHIY__ligand436-0
175,YORHIY__ligand27169-0
176,YORHIY__ligand14523-0
177,YORHIY__ligand18391-0
178,YORHIY__ligand27074-0
179,YORHIY__ligand692-0
180,YORHIY__ligand25805-0
181,YORHIY__ligand22981-0
182,YORHIY__ligand5080-0
183,YORHIY__ligand20599-0
184,YORHIY__ligand7762-0
185,YORHIY__ligand13257-0
186,YORHIY__ligand5304-0
187,YORHIY__ligand4-0
188,YORHIY__ligand9167-0
189,YORHIY__ligand21936-0
190,YORHIY__ligand2238-0
191,YORHIY__ligand23904-0
192,YORHIY__ligand25267-0
193,YORHIY__ligand10084-0
194,YORHIY__ligand326-0
195,YORHIY__ligand3867-0
196,YORHIY__ligand1317-0
197,YORHIY__ligand7293-0
198,YORHIY__ligand12467-0
199,YORHIY__ligand2822-0
200,YORHIY__ligand4063-0
201,YORHIY__ligand17387-0
202,YORHIY__ligand12130-0
203,YORHIY__ligand8200-0
204,YORHIY__ligand12289-0
205,YORHIY__ligand7438-0
206,YORHIY__ligand18292-0
207,YORHIY__ligand13658-0
208,YORHIY__ligand26702-0
209,YORHIY__ligand12231-0
210,YORHIY__ligand24145-0
211,YORHIY__ligand3042-0
212,YORHIY__ligand43-0
213,YORHIY__ligand15585-0
214,YORHIY__ligand12401-0
215,YORHIY__ligand19830-0
216,YORHIY__ligand13068-0
217,YORHIY__ligand10476-0
218,YORHIY__ligand3453-0
219,YORHIY__ligand23769-0
220,YORHIY__ligand3416-0
221,YORHIY__ligand24185-0
222,YORHIY__ligand338-0
223,YORHIY__ligand25178-0
224,YORHIY__ligand4207-0
225,YORHIY__ligand1539-0
226,YORHIY__ligand17302-0
227,YORHIY__ligand17805-0
228,YORHIY__ligand1150-0
229,YORHIY__ligand14108-0
230,YORHIY__ligand9491-0
231,YORHIY__ligand1400-0
232,YORHIY__ligand4266-0
233,YORHIY__ligand4167-0
234,YORHIY__ligand201-0
235,YORHIY__ligand12641-0
236,YORHIY__ligand1288-0
237,YORHIY__ligand10958-0
238,YORHIY__ligand3-0
239,YORHIY__ligand178-0
240,YORHIY__ligand7075-0
241,YORHIY__ligand27763-0
242,YORHIY__ligand279-0
243,YORHIY__ligand1149-0
244,YORHIY__ligand3980-0
245,YORHIY__ligand3557-0
246,YORHIY__ligand10262-0
247,YORHIY__ligand185-0
248,YORHIY__ligand28676-0
249,YORHIY__ligand6993-0
250,YORHIY__ligand1817-0
251,YORHIY__ligand321-0
252,YORHIY__ligand18814-0
253,YORHIY__ligand1779-0
254,YORHIY__ligand19057-0
255,YORHIY__ligand67-0
256,YORHIY__ligand29302-0
257,YORHIY__ligand13425-0
258,YORHIY__ligand9750-0
259,YORHIY__ligand187-0
260,YORHIY__ligand1908-0
261,YORHIY__ligand4795-0
262,YORHIY__ligand3285-0
263,YORHIY__ligand657-0
264,YORHIY__ligand1-0
265,YORHIY__ligand27460-0
266,YORHIY__ligand28468-0
267,YORHIY__ligand20740-0
268,YORHIY__ligand1786-0
269,YORHIY__ligand12427-0
270,YORHIY__ligand16628-0
271,YORHIY__ligand5630-0
272,YORHIY__ligand366-0
273,YORHIY__ligand7213-0
274,YORHIY__ligand17281-0
275,YORHIY__ligand1397-0
276,YORHIY__ligand1828-0
277,YORHIY__ligand30296-0
278,YORHIY__ligand12337-0
279,YORHIY__ligand777-0
280,YORHIY__ligand6112-0
281,YORHIY__ligand29410-0
282,YORHIY__ligand26540-0
283,YORHIY__ligand8042-0
284,YORHIY__ligand30333-0
285,YORHIY__ligand596-0
286,YORHIY__ligand5085-0
287,YORHIY__ligand941-0
288,YORHIY__ligand3144-0
289,YORHIY__ligand12606-0
290,YORHIY__ligand5755-0
291,YORHIY__ligand4710-0
292,YORHIY__ligand17258-0
293,YORHIY__ligand14297-0
294,YORHIY__ligand14603-0
295,YORHIY__ligand1849-0
296,YORHIY__ligand26665-0
297,YORHIY__ligand17631-0
298,YORHIY__ligand13012-0
299,YORHIY__ligand1152-0
300,YORHIY__ligand3261-0
301,YORHIY__ligand5019-0
302,YORHIY__ligand163-0
303,YORHIY__ligand126-0
304,YORHIY__ligand1216-0
305,YORHIY__ligand31783-0
306,YORHIY__ligand27893-0
307,YORHIY__ligand14723-0
308,YORHIY__ligand19641-0
309,YORHIY__ligand15422-0
310,YORHIY__ligand12934-0
311,YORHIY__ligand20578-0
312,YORHIY__ligand1831-0
313,YORHIY__ligand5280-0
314,YORHIY__ligand5614-0
315,YORHIY__ligand18832-0
316,YORHIY__ligand27175-0
317,YORHIY__ligand23713-0
318,YORHIY__ligand6663-0
319,YORHIY__ligand845-0
320,YORHIY__ligand30988-0
321,YORHIY__ligand5515-0
322,YORHIY__ligand122-0
323,YORHIY__ligand29568-0
324,YORHIY__ligand1113-0
325,YORHIY__ligand14889-0
326,YORHIY__ligand8553-0
327,YORHIY__ligand30851-0
328,YORHIY__ligand21371-0
329,YORHIY__ligand17118-0
330,YORHIY__ligand20419-0
331,YORHIY__ligand78-0
332,YORHIY__ligand28789-0
333,YORHIY__ligand5201-0
334,YORHIY__ligand757-0
335,YORHIY__ligand45-0
336,YORHIY__ligand14117-0
337,YORHIY__ligand17261-0
338,YORHIY__ligand2001-0
339,YORHIY__ligand7566-0
340,YORHIY__ligand20251-0
341,YORHIY__ligand30702-0
342,YORHIY__ligand20214-0
343,YORHIY__ligand20539-0
344,YORHIY__ligand8593-0
345,YORHIY__ligand9944-0
346,YORHIY__ligand21581-0
347,YORHIY__ligand31097-0
348,YORHIY__ligand6995-0
349,YORHIY__ligand24-0
350,YORHIY__ligand20251-1
351,YORHIY__ligand2823-0
352,YORHIY__ligand16475-0
353,YORHIY__ligand14703-0
354,YORHIY__ligand4340-0
355,YORHIY__ligand2281-0
356,YORHIY__ligand2650-0
357,YORHIY__ligand3180-0
358,YORHIY__ligand17398-0
359,YORHIY__ligand693-0
360,YORHIY__ligand24047-0
361,YORHIY__ligand10589-0
362,YORHIY__ligand22557-0
363,YORHIY__ligand5415-0
364,YORHIY__ligand20598-0
365,YORHIY__ligand11675-0
366,YORHIY__ligand17982-0
367,YORHIY__ligand29414-0
368,YORHIY__ligand19-0
369,YORHIY__ligand20011-0
370,YORHIY__ligand17278-0
371,YORHIY__ligand3471-0
372,YORHIY__ligand4161-0
373,YORHIY__ligand4124-0
374,YORHIY__ligand141-0
375,YORHIY__ligand240-0
376,YORHIY__ligand2692-0
377,YORHIY__ligand13294-0
378,YORHIY__ligand1618-0
379,YORHIY__ligand31832-0
380,YORHIY__ligand29879-0
381,YORHIY__ligand1028-0
382,YORHIY__ligand14248-0
383,YORHIY__ligand12030-0
384,YORHIY__ligand28884-0
385,YORHIY__ligand4262-0
386,YORHIY__ligand13331-0
387,YORHIY__ligand14174-0
388,YORHIY__ligand10712-0
389,YORHIY__ligand2027-0
390,YORHIY__ligand1015-0
391,YORHIY__ligand11456-0
392,YORHIY__ligand1050-0
393,YORHIY__ligand25411-0
394,YORHIY__ligand13390-0
395,YORHIY__ligand768-0
396,YORHIY__ligand8529-0
397,YORHIY__ligand20682-0
398,YORHIY__ligand1169-0
399,YORHIY__ligand26810-0
400,YORHIY__ligand27482-0
401,YORHIY__ligand1154-0
402,YORHIY__ligand9615-0
403,YORHIY__ligand13208-0
404,YORHIY__ligand384-0
405,YORHIY__ligand4596-0
406,YORHIY__ligand1498-0
407,YORHIY__ligand5056-0
408,YORHIY__ligand4850-0
409,YORHIY__ligand1688-0
410,YORHIY__ligand314-1
411,YORHIY__ligand17427-0
412,YORHIY__ligand5357-0
413,YORHIY__ligand3647-0
414,YORHIY__ligand3871-0
415,YORHIY__ligand31694-0
416,YORHIY__ligand1469-0
417,YORHIY__ligand29486-0
418,YORHIY__ligand1768-0
419,YORHIY__ligand25561-0
420,YORHIY__ligand465-0
421,YORHIY__ligand5935-0
422,YORHIY__ligand1379-0
423,YORHIY__ligand2722-0
424,YORHIY__ligand3157-0
425,YORHIY__ligand11949-0
426,YORHIY__ligand1165-0
427,YORHIY__ligand22129-0
428,YORHIY__ligand12138-0
429,YORHIY__ligand24780-0
430,YORHIY__ligand9525-0
431,YORHIY__ligand3392-0
432,YORHIY__ligand391-0
433,YORHIY__ligand10033-0
434,YORHIY__ligand24644-0
435,YORHIY__ligand1771-0
436,YORHIY__ligand4911-0
437,YORHIY__ligand12001-0
438,YORHIY__ligand27840-0
439,YORHIY__ligand5849-0
440,YORHIY__ligand30728-0
441,YORHIY__ligand618-0
442,YORHIY__ligand24872-0
443,YORHIY__ligand11587-0
444,YORHIY__ligand13220-0
445,YORHIY__ligand2527-0
446,YORHIY__ligand17396-0
447,YORHIY__ligand23175-0
448,YORHIY__ligand15788-0
449,YORHIY__ligand1709-0
450,YORHIY__ligand14569-0
451,YORHIY__ligand8464-0
452,YORHIY__ligand780-0
453,YORHIY__ligand8349-0
454,YORHIY__ligand314-0
455,YORHIY__ligand13385-0
456,YORHIY__ligand24111-0
457,YORHIY__ligand22444-0
458,YORHIY__ligand813-0
459,YORHIY__ligand17-0
460,YORHIY__ligand3208-0
461,YORHIY__ligand2208-0
462,YORHIY__ligand27754-0
463,YORHIY__ligand20695-0
464,YORHIY__ligand16369-0
465,YORHIY__ligand28540-0
466,YORHIY__ligand11111-0
467,YORHIY__ligand6672-0
468,YORHIY__ligand9809-0
469,YORHIY__ligand1327-0
470,YORHIY__ligand22403-0
471,YORHIY__ligand8722-0
472,YORHIY__ligand7573-0
473,YORHIY__ligand353-0
474,YORHIY__ligand2781-0
475,YORHIY__ligand3350-0
476,YORHIY__ligand2328-0
477,YORHIY__ligand26631-0
478,YORHIY__ligand16148-0
479,YORHIY__ligand1773-0
480,YORHIY__ligand4581-0
481,YORHIY__ligand12003-0
482,YORHIY__ligand3029-0
483,YORHIY__ligand21399-0
484,YORHIY__ligand393-0
485,YORHIY__ligand7162-0
486,YORHIY__ligand10872-0
487,YORHIY__ligand29215-0
488,YORHIY__ligand1900-0
489,YORHIY__ligand9197-0
490,YORHIY__ligand21729-0
491,YORHIY__ligand27239-0
492,YORHIY__ligand49-0
493,YORHIY__ligand4131-0
494,YORHIY__ligand1712-0
495,YORHIY__ligand422-0
496,YORHIY__ligand19927-0
497,YORHIY__ligand686-0
498,YORHIY__ligand28559-0
499,YORHIY__ligand26324-0
500,YORHIY__ligand14043-0
501,YORHIY__ligand5094-0
502,YORHIY__ligand5892-0
503,YORHIY__ligand1533-0
504,YORHIY__ligand11618-0
505,YORHIY__ligand196-0
506,YORHIY__ligand89-0
507,YORHIY__ligand7557-0
508,YORHIY__ligand1496-0
509,YORHIY__ligand26529-0
510,YORHIY__ligand23197-0
511,YORHIY__ligand152-0
512,YORHIY__ligand3215-0
513,YORHIY__ligand27285-0
514,YORHIY__ligand29029-0
515,YORHIY__ligand7107-0
516,YORHIY__ligand6283-0
517,YORHIY__ligand14167-0
518,YORHIY__ligand13477-0
519,YORHIY__ligand30142-0
520,YORHIY__ligand27669-0
521,YORHIY__ligand5813-0
522,YORHIY__ligand506-0
523,YORHIY__ligand4813-0
524,YORHIY__ligand4738-0
525,YORHIY__ligand6062-0
526,YORHIY__ligand7532-0
527,YORHIY__ligand487-0
528,YORHIY__ligand18448-0
529,YORHIY__ligand12453-0
530,YORHIY__ligand11-0
531,YORHIY__ligand4194-0
532,YORHIY__ligand28459-0
533,YORHIY__ligand19184-0
534,YORHIY__ligand2599-0
535,YORHIY__ligand4330-0
536,YORHIY__ligand13672-0
537,YORHIY__ligand1147-0
538,YORHIY__ligand3973-0
539,YORHIY__ligand28685-0
540,YORHIY__ligand18568-0
541,YORHIY__ligand176-0
542,YORHIY__ligand2068-0
543,YORHIY__ligand69-0
544,YORHIY__ligand746-0
545,YORHIY__ligand7925-0
546,YORHIY__ligand447-0
547,YORHIY__ligand10371-0
548,YORHIY__ligand24035-0
549,YORHIY__ligand3934-0
550,YORHIY__ligand31842-0
551,YORHIY__ligand31044-0
552,YORHIY__ligand6882-0
553,YORHIY__ligand11994-0
554,YORHIY__ligand6455-0
555,YORHIY__ligand16663-0
556,YORHIY__ligand2403-0
557,YORHIY__ligand368-0
558,YORHIY__ligand14614-0
559,YORHIY__ligand395-0
560,YORHIY__ligand16988-0
561,YORHIY__ligand1449-0
562,YORHIY__ligand25913-0
563,YORHIY__ligand3012-0
564,YORHIY__ligand784-0
565,YORHIY__ligand7530-0
566,YORHIY__ligand1065-0
567,YORHIY__ligand11682-0
568,YORHIY__ligand9681-0
569,YORHIY__ligand30711-0
570,YORHIY__ligand20207-0
571,YORHIY__ligand4332-0
572,YORHIY__ligand5627-0
573,YORHIY__ligand28810-0
574,YORHIY__ligand11447-0
575,YORHIY__ligand11096-0
576,YORHIY__ligand1729-0
577,YORHIY__ligand24230-0
578,YORHIY__ligand833-0
579,YORHIY__ligand15926-0
580,YORHIY__ligand2830-0
581,YORHIY__ligand19792-0
582,YORHIY__ligand10828-0
583,YORHIY__ligand5316-0
584,YORHIY__ligand11970-0
585,YORHIY__ligand5483-0
586,YORHIY__ligand15883-0
587,YORHIY__ligand28930-0
588,YORHIY__ligand22168-0
589,YORHIY__ligand22294-0
590,YORHIY__ligand21919-0
591,YORHIY__ligand9148-0
592,YORHIY__ligand115-0
593,YORHIY__ligand6946-0
594,YORHIY__ligand1415-0
595,YORHIY__ligand10056-0
596,YORHIY__ligand12365-0
597,YORHIY__ligand7529-0
598,YORHIY__ligand13862-0
599,YORHIY__ligand11357-0
600,YORHIY__ligand15531-0
601,YORHIY__ligand28743-0
602,YORHIY__ligand29214-0
603,YORHIY__ligand8-0
604,YORHIY__ligand11544-0
605,YORHIY__ligand3234-0
606,YORHIY__ligand1142-0
607,YORHIY__ligand11501-0
608,YORHIY__ligand21448-0
609,YORHIY__ligand91-0
610,YORHIY__ligand2028-0
611,YORHIY__ligand22357-0
612,YORHIY__ligand8835-0
613,YORHIY__ligand868-0
614,YORHIY__ligand11758-0
615,YORHIY__ligand7126-0
616,YORHIY__ligand12413-0
617,YORHIY__ligand51-0
618,YORHIY__ligand29334-0
619,YORHIY__ligand20731-0
620,YORHIY__ligand352-0
621,YORHIY__ligand783-0
622,YORHIY__ligand4641-0
623,YORHIY__ligand11798-0
624,YORHIY__ligand17069-0
625,YORHIY__ligand14477-0
626,YORHIY__ligand17445-0
627,YORHIY__ligand20942-1
628,YORHIY__ligand16956-0
629,YORHIY__ligand14226-0
630,YORHIY__ligand21339-0
631,YORHIY__ligand4620-0
632,YORHIY__ligand2295-0
633,YORHIY__ligand6067-0
634,YORHIY__ligand1577-0
635,YORHIY__ligand29565-0
636,YORHIY__ligand23682-0
637,YORHIY__ligand18158-0
638,YORHIY__ligand197-0
639,YORHIY__ligand27771-0
640,YORHIY__ligand18019-1
641,YORHIY__ligand7819-0
642,YORHIY__ligand14007-0
643,YORHIY__ligand2917-0
644,YORHIY__ligand6102-0
645,YORHIY__ligand6904-0
646,YORHIY__ligand3721-0
647,YORHIY__ligand6596-0
648,YORHIY__ligand27550-0
649,YORHIY__ligand48-0
650,YORHIY__ligand3465-0
651,YORHIY__ligand3156-0
652,YORHIY__ligand2915-0
653,YORHIY__ligand685-0
654,YORHIY__ligand18757-0
655,YORHIY__ligand24560-0
656,YORHIY__ligand6244-0
657,YORHIY__ligand421-0
658,YORHIY__ligand20844-0
659,YORHIY__ligand18413-0
660,YORHIY__ligand1378-0
661,YORHIY__ligand24624-0
662,YORHIY__ligand32-0
663,YORHIY__ligand21752-0
664,YORHIY__ligand2332-0
665,YORHIY__ligand9441-0
666,YORHIY__ligand14339-0
667,YORHIY__ligand1631-0
668,YORHIY__ligand9933-0
669,YORHIY__ligand294-0
670,YORHIY__ligand30788-0
671,YORHIY__ligand1575-0
672,YORHIY__ligand13691-0
673,YORHIY__ligand1530-0
674,YORHIY__ligand27122-0
675,YORHIY__ligand20432-0
676,YORHIY__ligand5643-0
677,YORHIY__ligand13755-0
678,YORHIY__ligand16133-0
679,YORHIY__ligand1823-0
680,YORHIY__ligand23445-0
681,YORHIY__ligand24953-0
682,YORHIY__ligand8721-0
683,YORHIY__ligand1324-0
684,YORHIY__ligand16-0
685,YORHIY__ligand25048-0
686,YORHIY__ligand9111-0
687,YORHIY__ligand9952-0
688,YORHIY__ligand21940-0
689,YORHIY__ligand5036-0
690,YORHIY__ligand560-0
691,YORHIY__ligand2526-0
692,YORHIY__ligand1615-0
693,YORHIY__ligand20557-0
694,YORHIY__ligand8992-0
695,YORHIY__ligand30004-0
696,YORHIY__ligand235-0
697,YORHIY__ligand9601-0
698,YORHIY__ligand134-0
699,YORHIY__ligand6124-0
700,YORHIY__ligand3707-0
701,YORHIY__ligand7967-0
702,YORHIY__ligand4116-0
703,YORHIY__ligand1018-0
704,YORHIY__ligand564-0
705,YORHIY__ligand11252-0
706,YORHIY__ligand1285-0
707,YORHIY__ligand10582-0
708,YORHIY__ligand7000-0
709,YORHIY__ligand620-0
710,YORHIY__ligand13260-0
711,YORHIY__ligand1982-0
712,YORHIY__ligand6768-0
713,YORHIY__ligand8115-0
714,YORHIY__ligand370-1
715,YORHIY__ligand4546-0
716,YORHIY__ligand57-0
717,YORHIY__ligand4503-0
718,YORHIY__ligand19824-0
719,YORHIY__ligand479-0
720,YORHIY__ligand18067-0
721,YORHIY__ligand311-0
722,YORHIY__ligand785-0
723,YORHIY__ligand4157-0
724,YORHIY__ligand26673-0
725,YORHIY__ligand5256-0
726,YORHIY__ligand7648-0
727,YORHIY__ligand2828-0
728,YORHIY__ligand8876-0
729,YORHIY__ligand20821-0
730,YORHIY__ligand9833-0
731,YORHIY__ligand9291-0
732,YORHIY__ligand11606-0
733,YORHIY__ligand2176-0
734,YORHIY__ligand188-0
735,YORHIY__ligand31000-0
736,YORHIY__ligand2232-0
737,YORHIY__ligand7629-0
738,YORHIY__ligand4272-0
739,YORHIY__ligand1451-0
740,YORHIY__ligand11814-0
741,YORHIY__ligand9784-0
742,YORHIY__ligand16603-0
743,YORHIY__ligand1160-0
744,YORHIY__ligand16870-0
745,YORHIY__ligand250-0
746,YORHIY__ligand8699-0
747,YORHIY__ligand9520-0
748,YORHIY__ligand3954-0
749,YORHIY__ligand4442-0
750,YORHIY__ligand11622-0
751,YORHIY__ligand4093-0
752,YORHIY__ligand6709-0
753,YORHIY__ligand1219-0
754,YORHIY__ligand7867-0
755,YORHIY__ligand11177-0
756,YORHIY__ligand15455-0
757,YORHIY__ligand4016-0
758,YORHIY__ligand370-0
759,YORHIY__ligand7238-0
760,YORHIY__ligand25658-0
761,YORHIY__ligand7280-0
762,YORHIY__ligand17686-0
763,YORHIY__ligand1304-0
764,YORHIY__ligand1790-0
765,YORHIY__ligand31205-0
766,YORHIY__ligand193-0
767,YORHIY__ligand3504-0
768,YORHIY__ligand1959-0
769,YORHIY__ligand20220-0
770,YORHIY__ligand15387-0
771,YORHIY__ligand1573-0
772,YORHIY__ligand1536-0
773,YORHIY__ligand9935-0
774,YORHIY__ligand20121-0
775,YORHIY__ligand3718-0
776,YORHIY__ligand830-0
777,YORHIY__ligand6616-0
778,YORHIY__ligand3035-0
779,YORHIY__ligand1343-0
780,YORHIY__ligand3876-0
781,YORHIY__ligand34-0
782,YORHIY__ligand372-0
783,YORHIY__ligand16952-0
784,YORHIY__ligand4661-0
785,YORHIY__ligand29813-0
786,YORHIY__ligand1844-0
787,YORHIY__ligand7242-0
788,YORHIY__ligand27610-0
789,YORHIY__ligand10479-0
790,YORHIY__ligand11479-0
791,YORHIY__ligand29441-0
792,YORHIY__ligand10853-0
793,YORHIY__ligand7106-0
794,YORHIY__ligand24851-0
795,YORHIY__ligand1263-0
796,YORHIY__ligand9908-0
797,YORHIY__ligand116-0
798,YORHIY__ligand20530-0
799,YORHIY__ligand11698-0
800,YORHIY__ligand14302-0
801,YORHIY__ligand13657-0
802,YORHIY__ligand14347-0
803,YORHIY__ligand252-0
804,YORHIY__ligand22353-0
805,YORHIY__ligand68-0
806,YORHIY__ligand5211-0
807,YORHIY__ligand3094-0
808,YORHIY__ligand4155-0
809,YORHIY__ligand19668-0
810,YORHIY__ligand4720-0
811,YORHIY__ligand19906-0
812,YORHIY__ligand3131-0
813,YORHIY__ligand3937-0
814,YORHIY__ligand1202-0
815,YORHIY__ligand3174-0
816,YORHIY__ligand177-0
817,YORHIY__ligand8969-0
818,YORHIY__ligand6839-0
819,YORHIY__ligand909-0
820,YORHIY__ligand10151-0
821,YORHIY__ligand5331-0
822,YORHIY__ligand1512-0
823,YORHIY__ligand3565-0
824,YORHIY__ligand2485-0
825,YORHIY__ligand55-0
826,YORHIY__ligand3852-0
827,YORHIY__ligand6919-0
