,TMC
0,POLXET__ligand199-0
1,POLXET__ligand1438-0
2,POLXET__ligand927-0
3,POLXET__ligand3063-0
4,POLXET__ligand5801-0
5,POLXET__ligand1171-0
6,POLXET__ligand48-0
7,POLXET__ligand575-0
8,POLXET__ligand1685-0
9,POLXET__ligand409-0
10,POLXET__ligand324-0
11,POLXET__ligand361-0
12,POLXET__ligand91-0
13,POLXET__ligand1048-0
14,POLXET__ligand2087-0
15,POLXET__ligand3757-0
16,POLXET__ligand29-0
17,POLXET__ligand140-0
18,POLXET__ligand1459-0
19,POLXET__ligand105-0
20,POLXET__ligand51-0
21,POLXET__ligand1544-0
22,POLXET__ligand206-0
23,POLXET__ligand142-0
24,POLXET__ligand2768-0
25,POLXET__ligand1376-0
26,POLXET__ligand436-0
27,POLXET__ligand2259-0
28,POLXET__ligand2688-0
29,POLXET__ligand326-0
30,POLXET__ligand1951-0
31,POLXET__ligand821-0
32,POLXET__ligand1687-0
33,POLXET__ligand283-0
34,POLXET__ligand6277-0
35,POLXET__ligand553-0
36,POLXET__ligand2629-0
37,POLXET__ligand497-0
38,POLXET__ligand4381-0
39,POLXET__ligand532-0
40,POLXET__ligand1706-0
41,POLXET__ligand633-0
42,POLXET__ligand3734-0
43,POLXET__ligand918-0
44,POLXET__ligand166-0
45,POLXET__ligand32-0
46,POLXET__ligand838-0
47,POLXET__ligand5548-0
48,POLXET__ligand7915-0
49,POLXET__ligand1747-0
50,POLXET__ligand6686-0
51,POLXET__ligand3145-0
52,POLXET__ligand3178-0
53,POLXET__ligand383-0
54,POLXET__ligand6332-0
55,POLXET__ligand6502-0
56,POLXET__ligand226-0
57,POLXET__ligand2098-0
58,POLXET__ligand2863-0
59,POLXET__ligand162-0
60,POLXET__ligand73-0
61,POLXET__ligand2634-0
62,POLXET__ligand1542-0
63,POLXET__ligand57-0
64,POLXET__ligand3041-0
65,POLXET__ligand2751-0
66,POLXET__ligand95-0
67,POLXET__ligand278-0
68,POLXET__ligand1114-0
69,POLXET__ligand365-0
70,POLXET__ligand1538-0
71,POLXET__ligand1228-0
72,POLXET__ligand9244-0
73,POLXET__ligand430-0
74,POLXET__ligand358-0
75,POLXET__ligand669-0
76,POLXET__ligand55-0
77,POLXET__ligand1148-0
78,POLXET__ligand1479-0
79,POLXET__ligand34-0
80,POLXET__ligand509-0
81,POLXET__ligand571-0
82,POLXET__ligand118-0
83,POLXET__ligand670-0
84,POLXET__ligand3246-0
85,POLXET__ligand9027-0
86,POLXET__ligand92-0
87,POLXET__ligand1113-0
88,POLXET__ligand2265-0
89,POLXET__ligand6396-0
90,POLXET__ligand11730-0
91,POLXET__ligand1502-0
92,POLXET__ligand2794-0
93,POLXET__ligand2345-0
94,POLXET__ligand1835-0
95,POLXET__ligand17-0
96,POLXET__ligand4983-0
97,POLXET__ligand757-0
98,POLXET__ligand1052-0
99,POLXET__ligand1273-0
100,POLXET__ligand797-0
101,POLXET__ligand6151-0
102,POLXET__ligand2772-0
103,POLXET__ligand49-0
104,POLXET__ligand9495-0
105,POLXET__ligand6538-0
106,POLXET__ligand2142-0
107,POLXET__ligand384-0
108,POLXET__ligand89-0
109,POLXET__ligand120-0
110,POLXET__ligand2864-0
111,POLXET__ligand1169-0
112,POLXET__ligand5022-0
113,POLXET__ligand141-0
114,POLXET__ligand240-0
115,POLXET__ligand2880-0
116,POLXET__ligand5941-0
117,POLXET__ligand2838-0
118,POLXET__ligand1799-0
119,POLXET__ligand3838-0
120,POLXET__ligand201-0
121,POLXET__ligand244-0
122,POLXET__ligand100-0
123,POLXET__ligand8774-0
124,POLXET__ligand11-0
125,POLXET__ligand3637-0
126,POLXET__ligand321-0
127,POLXET__ligand178-0
128,POLXET__ligand279-0
129,POLXET__ligand7464-0
130,POLXET__ligand119-0
131,POLXET__ligand124-0
132,POLXET__ligand6294-0
133,POLXET__ligand1054-0
134,POLXET__ligand1598-0
135,POLXET__ligand4303-0
136,POLXET__ligand1248-0
137,POLXET__ligand2320-0
138,POLXET__ligand1056-0
139,POLXET__ligand2862-0
140,POLXET__ligand126-0
141,POLXET__ligand8921-0
142,POLXET__ligand2285-0
143,POLXET__ligand1567-0
144,POLXET__ligand2510-0
145,POLXET__ligand2907-0
146,POLXET__ligand1703-0
147,POLXET__ligand2430-0
148,POLXET__ligand861-0
149,POLXET__ligand366-0
150,POLXET__ligand1152-0
151,POLXET__ligand1727-0
152,POLXET__ligand187-0
153,POLXET__ligand612-0
154,POLXET__ligand596-0
155,POLXET__ligand1607-0
156,POLXET__ligand8-0
157,POLXET__ligand666-0
158,POLXET__ligand522-0
159,POLXET__ligand4-0
160,POLXET__ligand487-0
161,POLXET__ligand447-0
162,POLXET__ligand1307-0
163,POLXET__ligand67-0
164,POLXET__ligand133-0
165,POLXET__ligand2599-0
166,POLXET__ligand5089-0
167,POLXET__ligand3853-0
168,POLXET__ligand2853-0
169,POLXET__ligand682-0
170,POLXET__ligand6166-0
171,POLXET__ligand1246-0
172,POLXET__ligand291-0
173,POLXET__ligand1788-0
174,POLXET__ligand1178-0
175,POLXET__ligand3566-0
176,POLXET__ligand1321-0
177,POLXET__ligand115-0
178,POLXET__ligand4811-0
179,POLXET__ligand1449-1
180,POLXET__ligand3337-0
181,POLXET__ligand7514-0
182,POLXET__ligand9620-0
183,POLXET__ligand485-0
184,POLXET__ligand4894-0
185,POLXET__ligand1260-0
186,POLXET__ligand784-0
187,POLXET__ligand6-0
188,POLXET__ligand355-0
189,POLXET__ligand2376-0
190,POLXET__ligand170-0
191,POLXET__ligand15630-0
192,POLXET__ligand2929-0
193,POLXET__ligand391-0
194,POLXET__ligand10357-0
195,POLXET__ligand1299-0
196,POLXET__ligand314-0
197,POLXET__ligand6430-0
198,POLXET__ligand481-0
199,POLXET__ligand1221-0
200,POLXET__ligand1264-0
201,POLXET__ligand1379-0
202,POLXET__ligand5762-0
203,POLXET__ligand7414-0
204,POLXET__ligand1104-0
205,POLXET__ligand1019-0
206,POLXET__ligand85-0
207,POLXET__ligand2442-0
208,POLXET__ligand78-0
209,POLXET__ligand1325-0
210,POLXET__ligand2482-0
211,POLXET__ligand45-0
212,POLXET__ligand6571-0
213,POLXET__ligand210-0
214,POLXET__ligand2315-0
215,POLXET__ligand1898-0
216,POLXET__ligand113-0
217,POLXET__ligand4504-0
218,POLXET__ligand3051-0
219,POLXET__ligand2480-0
220,POLXET__ligand5334-0
221,POLXET__ligand422-0
222,POLXET__ligand8032-0
223,POLXET__ligand196-0
224,POLXET__ligand1858-0
225,POLXET__ligand502-0
226,POLXET__ligand2916-0
227,POLXET__ligand2110-0
228,POLXET__ligand353-0
229,POLXET__ligand3579-0
230,POLXET__ligand1712-0
231,POLXET__ligand2389-0
232,POLXET__ligand236-0
233,POLXET__ligand1919-0
234,POLXET__ligand250-0
235,POLXET__ligand7630-0
236,POLXET__ligand40-0
237,POLXET__ligand1555-0
238,POLXET__ligand460-0
239,POLXET__ligand1285-0
240,POLXET__ligand1907-0
241,POLXET__ligand370-0
242,POLXET__ligand4423-0
243,POLXET__ligand38-0
244,POLXET__ligand3890-0
245,POLXET__ligand2954-0
246,POLXET__ligand5093-0
247,POLXET__ligand311-0
248,POLXET__ligand2253-0
249,POLXET__ligand1160-0
250,POLXET__ligand1038-0
251,POLXET__ligand2762-0
252,POLXET__ligand21-0
253,POLXET__ligand188-0
254,POLXET__ligand7550-0
255,POLXET__ligand369-0
256,POLXET__ligand444-0
257,POLXET__ligand1493-0
258,POLXET__ligand3070-0
259,POLXET__ligand3035-0
260,POLXET__ligand66-0
261,POLXET__ligand2718-0
262,POLXET__ligand177-0
263,POLXET__ligand934-0
264,POLXET__ligand9176-0
265,POLXET__ligand3251-0
266,POLXET__ligand851-0
267,POLXET__ligand5235-0
268,POLXET__ligand909-0
269,POLXET__ligand6143-0
270,POLXET__ligand4619-0
271,POLXET__ligand830-0
272,POLXET__ligand7456-0
273,POLXET__ligand1818-0
274,POLXET__ligand193-0
275,POLXET__ligand955-0
276,POLXET__ligand3852-0
277,POLXET__ligand252-0
278,POLXET__ligand3478-0
279,POLXET__ligand5758-0
280,POLXET__ligand10114-0
281,POLXET__ligand1436-0
282,POLXET__ligand296-0
283,POLXET__ligand197-0
284,POLXET__ligand86-0
285,POLXET__ligand3618-0
286,POLXET__ligand2618-0
287,POLXET__ligand4370-0
288,POLXET__ligand112-0
289,POLXET__ligand10479-0
290,POLXET__ligand442-0
291,POLXET__ligand1918-0
292,POLXET__ligand868-0
293,POLXET__ligand62-0
294,POLXET__ligand136-0
295,POLXET__ligand4175-0
296,POLXET__ligand2255-0
297,POLXET__ligand783-0
298,POLXET__ligand1-0
299,POLXET__ligand352-0
300,POLXET__ligand18-0
301,POLXET__ligand109-0
302,POLXET__ligand525-0
303,POLXET__ligand560-0
304,POLXET__ligand3-0
305,POLXET__ligand2915-0
306,POLXET__ligand390-0
307,POLXET__ligand4012-0
308,POLXET__ligand14530-0
309,POLXET__ligand3196-0
310,POLXET__ligand235-0
311,POLXET__ligand134-0
312,POLXET__ligand932-0
313,POLXET__ligand421-0
314,POLXET__ligand798-0
315,POLXET__ligand2526-0
316,POLXET__ligand1551-0
317,POLXET__ligand916-0
318,POLXET__ligand584-0
319,POLXET__ligand993-0
320,POLXET__ligand294-0
321,POLXET__ligand2707-0
322,POLXET__ligand10910-0
323,POLXET__ligand1690-0
324,POLXET__ligand331-0
