,TMC
0,SULMUI__ligand22755-0
1,SULMUI__ligand31618-0
2,SULMUI__ligand11432-0
3,SULMUI__ligand10432-0
4,SULMUI__ligand26277-0
5,SULMUI__ligand696-0
6,SULMUI__ligand29898-0
7,SULMUI__ligand5201-0
8,SULMUI__ligand32-0
9,SULMUI__ligand8553-0
10,SULMUI__ligand1113-0
11,SULMUI__ligand23589-0
12,SULMUI__ligand24064-0
13,SULMUI__ligand9944-0
14,SULMUI__ligand8593-0
15,SULMUI__ligand2001-0
16,SULMUI__ligand15168-0
17,SULMUI__ligand656-0
18,SULMUI__ligand7566-0
19,SULMUI__ligand2281-0
20,SULMUI__ligand2650-0
21,SULMUI__ligand4340-0
22,SULMUI__ligand28924-0
23,SULMUI__ligand15438-0
24,SULMUI__ligand3180-0
25,SULMUI__ligand6995-0
26,SULMUI__ligand18703-0
27,SULMUI__ligand2823-0
28,SULMUI__ligand29087-0
29,SULMUI__ligand31578-0
30,SULMUI__ligand17207-0
31,SULMUI__ligand226-0
32,SULMUI__ligand17945-0
33,SULMUI__ligand25224-0
34,SULMUI__ligand4161-0
35,SULMUI__ligand18013-0
36,SULMUI__ligand3471-0
37,SULMUI__ligand4124-0
38,SULMUI__ligand162-0
39,SULMUI__ligand383-0
40,SULMUI__ligand16-0
41,SULMUI__ligand24750-0
42,SULMUI__ligand416-0
43,SULMUI__ligand5415-0
44,SULMUI__ligand17590-0
45,SULMUI__ligand8-0
46,SULMUI__ligand1028-0
47,SULMUI__ligand4262-0
48,SULMUI__ligand17240-0
49,SULMUI__ligand12682-0
50,SULMUI__ligand18699-0
51,SULMUI__ligand51-0
52,SULMUI__ligand1618-0
53,SULMUI__ligand2692-0
54,SULMUI__ligand91-0
55,SULMUI__ligand12336-0
56,SULMUI__ligand571-0
57,SULMUI__ligand2027-0
58,SULMUI__ligand534-0
59,SULMUI__ligand13072-0
60,SULMUI__ligand670-0
61,SULMUI__ligand1015-0
62,SULMUI__ligand1050-0
63,SULMUI__ligand48-0
64,SULMUI__ligand1169-0
65,SULMUI__ligand10555-0
66,SULMUI__ligand31483-0
67,SULMUI__ligand8529-0
68,SULMUI__ligand19725-0
69,SULMUI__ligand24613-0
70,SULMUI__ligand11774-0
71,SULMUI__ligand14586-0
72,SULMUI__ligand694-0
73,SULMUI__ligand1498-0
74,SULMUI__ligand4596-0
75,SULMUI__ligand21421-0
76,SULMUI__ligand1154-0
77,SULMUI__ligand11568-0
78,SULMUI__ligand488-0
79,SULMUI__ligand17710-0
80,SULMUI__ligand20579-0
81,SULMUI__ligand430-0
82,SULMUI__ligand358-0
83,SULMUI__ligand9615-0
84,SULMUI__ligand3042-0
85,SULMUI__ligand18465-0
86,SULMUI__ligand18799-0
87,SULMUI__ligand8200-0
88,SULMUI__ligand7438-0
89,SULMUI__ligand28668-0
90,SULMUI__ligand4063-0
91,SULMUI__ligand409-0
92,SULMUI__ligand16791-0
93,SULMUI__ligand324-0
94,SULMUI__ligand361-0
95,SULMUI__ligand34-0
96,SULMUI__ligand11140-0
97,SULMUI__ligand1539-0
98,SULMUI__ligand1150-0
99,SULMUI__ligand29610-0
100,SULMUI__ligand29863-0
101,SULMUI__ligand3453-0
102,SULMUI__ligand18074-0
103,SULMUI__ligand3416-0
104,SULMUI__ligand13869-0
105,SULMUI__ligand4207-0
106,SULMUI__ligand1288-0
107,SULMUI__ligand23904-0
108,SULMUI__ligand13257-0
109,SULMUI__ligand55-0
110,SULMUI__ligand21936-0
111,SULMUI__ligand4266-0
112,SULMUI__ligand1400-0
113,SULMUI__ligand199-0
114,SULMUI__ligand9491-0
115,SULMUI__ligand12467-0
116,SULMUI__ligand4167-0
117,SULMUI__ligand25267-0
118,SULMUI__ligand10084-0
119,SULMUI__ligand1779-0
120,SULMUI__ligand27169-0
121,SULMUI__ligand14523-0
122,SULMUI__ligand588-0
123,SULMUI__ligand6993-0
124,SULMUI__ligand18391-0
125,SULMUI__ligand1817-0
126,SULMUI__ligand9750-0
127,SULMUI__ligand300-0
128,SULMUI__ligand7075-0
129,SULMUI__ligand25805-0
130,SULMUI__ligand22981-0
131,SULMUI__ligand68-0
132,SULMUI__ligand20599-0
133,SULMUI__ligand3980-0
134,SULMUI__ligand27074-0
135,SULMUI__ligand3557-0
136,SULMUI__ligand1149-0
137,SULMUI__ligand1786-0
138,SULMUI__ligand21787-0
139,SULMUI__ligand633-0
140,SULMUI__ligand5630-0
141,SULMUI__ligand25575-0
142,SULMUI__ligand25689-0
143,SULMUI__ligand12295-0
144,SULMUI__ligand1908-0
145,SULMUI__ligand497-0
146,SULMUI__ligand27835-0
147,SULMUI__ligand3285-0
148,SULMUI__ligand4795-0
149,SULMUI__ligand3144-0
150,SULMUI__ligand57-0
151,SULMUI__ligand21132-0
152,SULMUI__ligand5085-0
153,SULMUI__ligand11166-0
154,SULMUI__ligand4710-0
155,SULMUI__ligand23906-0
156,SULMUI__ligand5755-0
157,SULMUI__ligand1828-0
158,SULMUI__ligand1397-0
159,SULMUI__ligand7213-0
160,SULMUI__ligand8042-0
161,SULMUI__ligand30539-0
162,SULMUI__ligand6112-0
163,SULMUI__ligand11206-0
164,SULMUI__ligand5019-0
165,SULMUI__ligand1152-0
166,SULMUI__ligand3261-0
167,SULMUI__ligand23124-0
168,SULMUI__ligand12519-0
169,SULMUI__ligand1216-0
170,SULMUI__ligand25735-0
171,SULMUI__ligand436-0
172,SULMUI__ligand692-0
173,SULMUI__ligand1849-0
174,SULMUI__ligand5280-0
175,SULMUI__ligand5614-0
176,SULMUI__ligand1831-0
177,SULMUI__ligand31248-0
178,SULMUI__ligand5515-0
179,SULMUI__ligand6663-0
180,SULMUI__ligand25650-0
181,SULMUI__ligand13209-0
182,SULMUI__ligand19257-0
183,SULMUI__ligand326-0
184,SULMUI__ligand12660-0
185,SULMUI__ligand12337-0
186,SULMUI__ligand29410-0
187,SULMUI__ligand7291-0
188,SULMUI__ligand26540-0
189,SULMUI__ligand9883-0
190,SULMUI__ligand3677-1
191,SULMUI__ligand17281-0
192,SULMUI__ligand30296-0
193,SULMUI__ligand2985-0
194,SULMUI__ligand4007-0
195,SULMUI__ligand12606-0
196,SULMUI__ligand9299-0
197,SULMUI__ligand30333-0
198,SULMUI__ligand338-0
199,SULMUI__ligand27460-0
200,SULMUI__ligand3945-0
201,SULMUI__ligand5383-0
202,SULMUI__ligand2693-0
203,SULMUI__ligand16628-0
204,SULMUI__ligand9344-0
205,SULMUI__ligand3736-0
206,SULMUI__ligand28468-0
207,SULMUI__ligand20740-0
208,SULMUI__ligand8000-0
209,SULMUI__ligand12427-0
210,SULMUI__ligand6892-0
211,SULMUI__ligand19641-0
212,SULMUI__ligand15422-0
213,SULMUI__ligand89-0
214,SULMUI__ligand12934-0
215,SULMUI__ligand20578-0
216,SULMUI__ligand1211-0
217,SULMUI__ligand27893-0
218,SULMUI__ligand14723-0
219,SULMUI__ligand30988-0
220,SULMUI__ligand1464-0
221,SULMUI__ligand3712-0
222,SULMUI__ligand201-0
223,SULMUI__ligand1499-0
224,SULMUI__ligand18832-0
225,SULMUI__ligand27175-0
226,SULMUI__ligand2881-0
227,SULMUI__ligand23713-0
228,SULMUI__ligand26665-0
229,SULMUI__ligand17631-0
230,SULMUI__ligand6699-0
231,SULMUI__ligand178-0
232,SULMUI__ligand13012-0
233,SULMUI__ligand185-0
234,SULMUI__ligand17258-0
235,SULMUI__ligand279-0
236,SULMUI__ligand14297-0
237,SULMUI__ligand14603-0
238,SULMUI__ligand49-0
239,SULMUI__ligand31783-0
240,SULMUI__ligand321-0
241,SULMUI__ligand3677-0
242,SULMUI__ligand3632-0
243,SULMUI__ligand1168-0
244,SULMUI__ligand1294-0
245,SULMUI__ligand9773-0
246,SULMUI__ligand25178-0
247,SULMUI__ligand5510-0
248,SULMUI__ligand187-0
249,SULMUI__ligand1376-0
250,SULMUI__ligand23769-0
251,SULMUI__ligand24185-0
252,SULMUI__ligand657-0
253,SULMUI__ligand1296-0
254,SULMUI__ligand17805-0
255,SULMUI__ligand2259-0
256,SULMUI__ligand366-0
257,SULMUI__ligand1197-0
258,SULMUI__ligand17302-0
259,SULMUI__ligand8592-0
260,SULMUI__ligand5099-0
261,SULMUI__ligand12231-0
262,SULMUI__ligand4358-0
263,SULMUI__ligand3926-0
264,SULMUI__ligand3120-0
265,SULMUI__ligand17387-0
266,SULMUI__ligand12130-0
267,SULMUI__ligand12289-0
268,SULMUI__ligand18292-0
269,SULMUI__ligand777-0
270,SULMUI__ligand13658-0
271,SULMUI__ligand2221-0
272,SULMUI__ligand26702-0
273,SULMUI__ligand4101-0
274,SULMUI__ligand19830-0
275,SULMUI__ligand941-0
276,SULMUI__ligand5595-0
277,SULMUI__ligand13068-0
278,SULMUI__ligand596-0
279,SULMUI__ligand10476-0
280,SULMUI__ligand24145-0
281,SULMUI__ligand15585-0
282,SULMUI__ligand12401-0
283,SULMUI__ligand27763-0
284,SULMUI__ligand10262-0
285,SULMUI__ligand28676-0
286,SULMUI__ligand17-0
287,SULMUI__ligand5080-0
288,SULMUI__ligand7762-0
289,SULMUI__ligand8002-0
290,SULMUI__ligand5509-0
291,SULMUI__ligand29302-0
292,SULMUI__ligand13425-0
293,SULMUI__ligand1407-0
294,SULMUI__ligand6117-0
295,SULMUI__ligand18814-0
296,SULMUI__ligand126-0
297,SULMUI__ligand19057-0
298,SULMUI__ligand163-0
299,SULMUI__ligand14108-0
300,SULMUI__ligand7293-0
301,SULMUI__ligand2822-0
302,SULMUI__ligand3867-0
303,SULMUI__ligand1317-0
304,SULMUI__ligand9167-0
305,SULMUI__ligand5304-0
306,SULMUI__ligand10958-0
307,SULMUI__ligand12641-0
308,SULMUI__ligand2238-0
309,SULMUI__ligand845-0
310,SULMUI__ligand2788-0
311,SULMUI__ligand5649-0
312,SULMUI__ligand11456-0
313,SULMUI__ligand8793-0
314,SULMUI__ligand4649-0
315,SULMUI__ligand122-0
316,SULMUI__ligand14174-0
317,SULMUI__ligand10712-0
318,SULMUI__ligand2906-0
319,SULMUI__ligand25411-0
320,SULMUI__ligand3244-0
321,SULMUI__ligand4711-0
322,SULMUI__ligand757-0
323,SULMUI__ligand13294-0
324,SULMUI__ligand31832-0
325,SULMUI__ligand4807-0
326,SULMUI__ligand3178-0
327,SULMUI__ligand5530-0
328,SULMUI__ligand1356-0
329,SULMUI__ligand1787-0
330,SULMUI__ligand28884-0
331,SULMUI__ligand9753-0
332,SULMUI__ligand13331-0
333,SULMUI__ligand29879-0
334,SULMUI__ligand7196-0
335,SULMUI__ligand14248-0
336,SULMUI__ligand12030-0
337,SULMUI__ligand5159-0
338,SULMUI__ligand13208-0
339,SULMUI__ligand6017-0
340,SULMUI__ligand7316-0
341,SULMUI__ligand26810-0
342,SULMUI__ligand27482-0
343,SULMUI__ligand5708-0
344,SULMUI__ligand5180-0
345,SULMUI__ligand7172-0
346,SULMUI__ligand693-0
347,SULMUI__ligand7273-0
348,SULMUI__ligand13390-0
349,SULMUI__ligand9323-0
350,SULMUI__ligand20682-0
351,SULMUI__ligand1116-0
352,SULMUI__ligand3225-0
353,SULMUI__ligand1153-0
354,SULMUI__ligand2260-0
355,SULMUI__ligand7092-0
356,SULMUI__ligand8612-0
357,SULMUI__ligand2124-0
358,SULMUI__ligand2417-0
359,SULMUI__ligand141-0
360,SULMUI__ligand14117-0
361,SULMUI__ligand17261-0
362,SULMUI__ligand240-0
363,SULMUI__ligand3126-0
364,SULMUI__ligand6391-0
365,SULMUI__ligand31097-0
366,SULMUI__ligand21581-0
367,SULMUI__ligand9284-0
368,SULMUI__ligand20251-0
369,SULMUI__ligand1114-0
370,SULMUI__ligand20214-0
371,SULMUI__ligand30702-0
372,SULMUI__ligand20539-0
373,SULMUI__ligand14889-0
374,SULMUI__ligand1604-0
375,SULMUI__ligand30851-0
376,SULMUI__ligand9943-0
377,SULMUI__ligand1228-0
378,SULMUI__ligand29568-0
379,SULMUI__ligand2043-0
380,SULMUI__ligand28789-0
381,SULMUI__ligand8788-0
382,SULMUI__ligand21371-0
383,SULMUI__ligand1832-0
384,SULMUI__ligand17118-0
385,SULMUI__ligand20419-0
386,SULMUI__ligand24047-0
387,SULMUI__ligand2612-0
388,SULMUI__ligand10589-0
389,SULMUI__ligand22557-0
390,SULMUI__ligand69-0
391,SULMUI__ligand20598-0
392,SULMUI__ligand11675-0
393,SULMUI__ligand17398-0
394,SULMUI__ligand1599-0
395,SULMUI__ligand768-0
396,SULMUI__ligand9450-0
397,SULMUI__ligand17982-0
398,SULMUI__ligand29414-0
399,SULMUI__ligand17278-0
400,SULMUI__ligand20011-0
401,SULMUI__ligand20251-1
402,SULMUI__ligand1289-0
403,SULMUI__ligand5387-0
404,SULMUI__ligand384-0
405,SULMUI__ligand2203-0
406,SULMUI__ligand16475-0
407,SULMUI__ligand14703-0
408,SULMUI__ligand11-0
409,SULMUI__ligand4546-0
410,SULMUI__ligand4503-0
411,SULMUI__ligand21399-0
412,SULMUI__ligand10872-0
413,SULMUI__ligand1-0
414,SULMUI__ligand26631-0
415,SULMUI__ligand16148-0
416,SULMUI__ligand314-1
417,SULMUI__ligand12003-0
418,SULMUI__ligand1285-0
419,SULMUI__ligand8115-0
420,SULMUI__ligand29215-0
421,SULMUI__ligand6768-0
422,SULMUI__ligand1982-0
423,SULMUI__ligand7000-0
424,SULMUI__ligand16369-0
425,SULMUI__ligand2176-0
426,SULMUI__ligand465-0
427,SULMUI__ligand28540-0
428,SULMUI__ligand9291-0
429,SULMUI__ligand11111-0
430,SULMUI__ligand2232-0
431,SULMUI__ligand27754-0
432,SULMUI__ligand20695-0
433,SULMUI__ligand4157-0
434,SULMUI__ligand9833-0
435,SULMUI__ligand7648-0
436,SULMUI__ligand2828-0
437,SULMUI__ligand8876-0
438,SULMUI__ligand5256-0
439,SULMUI__ligand22403-0
440,SULMUI__ligand9520-0
441,SULMUI__ligand8699-0
442,SULMUI__ligand391-0
443,SULMUI__ligand1160-0
444,SULMUI__ligand11618-0
445,SULMUI__ligand3954-0
446,SULMUI__ligand4442-0
447,SULMUI__ligand4093-0
448,SULMUI__ligand4272-0
449,SULMUI__ligand1451-0
450,SULMUI__ligand26529-0
451,SULMUI__ligand7629-0
452,SULMUI__ligand9784-0
453,SULMUI__ligand618-0
454,SULMUI__ligand7238-0
455,SULMUI__ligand21729-0
456,SULMUI__ligand27239-0
457,SULMUI__ligand1304-0
458,SULMUI__ligand1790-0
459,SULMUI__ligand7280-0
460,SULMUI__ligand28559-0
461,SULMUI__ligand26324-0
462,SULMUI__ligand314-0
463,SULMUI__ligand780-0
464,SULMUI__ligand7867-0
465,SULMUI__ligand14043-0
466,SULMUI__ligand1219-0
467,SULMUI__ligand6709-0
468,SULMUI__ligand4016-0
469,SULMUI__ligand19927-0
470,SULMUI__ligand813-0
471,SULMUI__ligand6616-0
472,SULMUI__ligand1343-0
473,SULMUI__ligand3876-0
474,SULMUI__ligand3035-0
475,SULMUI__ligand3718-0
476,SULMUI__ligand1844-0
477,SULMUI__ligand4661-0
478,SULMUI__ligand25561-0
479,SULMUI__ligand1959-0
480,SULMUI__ligand22129-0
481,SULMUI__ligand12138-0
482,SULMUI__ligand3504-0
483,SULMUI__ligand24780-0
484,SULMUI__ligand9935-0
485,SULMUI__ligand1573-0
486,SULMUI__ligand1536-0
487,SULMUI__ligand11949-0
488,SULMUI__ligand353-0
489,SULMUI__ligand1263-0
490,SULMUI__ligand9908-0
491,SULMUI__ligand43-0
492,SULMUI__ligand17427-0
493,SULMUI__ligand393-0
494,SULMUI__ligand29486-0
495,SULMUI__ligand7242-0
496,SULMUI__ligand31694-0
497,SULMUI__ligand7106-0
498,SULMUI__ligand17396-0
499,SULMUI__ligand23175-0
500,SULMUI__ligand4720-0
501,SULMUI__ligand15788-0
502,SULMUI__ligand6839-0
503,SULMUI__ligand11587-0
504,SULMUI__ligand13220-0
505,SULMUI__ligand422-0
506,SULMUI__ligand8969-0
507,SULMUI__ligand3131-0
508,SULMUI__ligand3174-0
509,SULMUI__ligand3937-0
510,SULMUI__ligand1202-0
511,SULMUI__ligand67-0
512,SULMUI__ligand24111-0
513,SULMUI__ligand686-0
514,SULMUI__ligand5211-0
515,SULMUI__ligand22444-0
516,SULMUI__ligand14569-0
517,SULMUI__ligand3094-0
518,SULMUI__ligand4155-0
519,SULMUI__ligand13385-0
520,SULMUI__ligand12001-0
521,SULMUI__ligand3-0
522,SULMUI__ligand6919-0
523,SULMUI__ligand10033-0
524,SULMUI__ligand3852-0
525,SULMUI__ligand2485-0
526,SULMUI__ligand196-0
527,SULMUI__ligand24644-0
528,SULMUI__ligand1512-0
529,SULMUI__ligand5331-0
530,SULMUI__ligand24872-0
531,SULMUI__ligand27840-0
532,SULMUI__ligand3565-0
533,SULMUI__ligand30728-0
534,SULMUI__ligand152-0
535,SULMUI__ligand7126-0
536,SULMUI__ligand16988-0
537,SULMUI__ligand25913-0
538,SULMUI__ligand2028-0
539,SULMUI__ligand8835-0
540,SULMUI__ligand11682-0
541,SULMUI__ligand20207-0
542,SULMUI__ligand30711-0
543,SULMUI__ligand1142-0
544,SULMUI__ligand3234-0
545,SULMUI__ligand31842-0
546,SULMUI__ligand31044-0
547,SULMUI__ligand11994-0
548,SULMUI__ligand24035-0
549,SULMUI__ligand14614-0
550,SULMUI__ligand506-0
551,SULMUI__ligand16663-0
552,SULMUI__ligand4641-0
553,SULMUI__ligand21919-0
554,SULMUI__ligand1577-0
555,SULMUI__ligand6067-0
556,SULMUI__ligand2295-0
557,SULMUI__ligand28930-0
558,SULMUI__ligand22168-0
559,SULMUI__ligand22294-0
560,SULMUI__ligand487-0
561,SULMUI__ligand4620-0
562,SULMUI__ligand13862-0
563,SULMUI__ligand11357-0
564,SULMUI__ligand15531-0
565,SULMUI__ligand28743-0
566,SULMUI__ligand10056-0
567,SULMUI__ligand12365-0
568,SULMUI__ligand15926-0
569,SULMUI__ligand19792-0
570,SULMUI__ligand6102-0
571,SULMUI__ligand3721-0
572,SULMUI__ligand6904-0
573,SULMUI__ligand6596-0
574,SULMUI__ligand10828-0
575,SULMUI__ligand28810-0
576,SULMUI__ligand11447-0
577,SULMUI__ligand11096-0
578,SULMUI__ligand176-0
579,SULMUI__ligand24230-0
580,SULMUI__ligand3465-0
581,SULMUI__ligand746-0
582,SULMUI__ligand15883-0
583,SULMUI__ligand447-0
584,SULMUI__ligand2917-0
585,SULMUI__ligand11970-0
586,SULMUI__ligand7819-0
587,SULMUI__ligand30142-0
588,SULMUI__ligand6244-0
589,SULMUI__ligand27669-0
590,SULMUI__ligand1378-0
591,SULMUI__ligand14167-0
592,SULMUI__ligand13477-0
593,SULMUI__ligand368-0
594,SULMUI__ligand2915-0
595,SULMUI__ligand3156-0
596,SULMUI__ligand45-0
597,SULMUI__ligand395-0
598,SULMUI__ligand1631-0
599,SULMUI__ligand1575-0
600,SULMUI__ligand1530-0
601,SULMUI__ligand23197-0
602,SULMUI__ligand784-0
603,SULMUI__ligand78-0
604,SULMUI__ligand9933-0
605,SULMUI__ligand9441-0
606,SULMUI__ligand27285-0
607,SULMUI__ligand2332-0
608,SULMUI__ligand29029-0
609,SULMUI__ligand9952-0
610,SULMUI__ligand28685-0
611,SULMUI__ligand9111-0
612,SULMUI__ligand19-0
613,SULMUI__ligand18568-0
614,SULMUI__ligand13672-0
615,SULMUI__ligand1615-0
616,SULMUI__ligand2526-0
617,SULMUI__ligand5036-0
618,SULMUI__ligand833-0
619,SULMUI__ligand1823-0
620,SULMUI__ligand5643-0
621,SULMUI__ligand10371-0
622,SULMUI__ligand1324-0
623,SULMUI__ligand8721-0
624,SULMUI__ligand18448-0
625,SULMUI__ligand12453-0
626,SULMUI__ligand7967-0
627,SULMUI__ligand28459-0
628,SULMUI__ligand6124-0
629,SULMUI__ligand3707-0
630,SULMUI__ligand1018-0
631,SULMUI__ligand115-0
632,SULMUI__ligand4116-0
633,SULMUI__ligand8992-0
634,SULMUI__ligand19184-0
635,SULMUI__ligand24-0
636,SULMUI__ligand9601-0
637,SULMUI__ligand21752-0
638,SULMUI__ligand7107-0
639,SULMUI__ligand42-0
640,SULMUI__ligand30788-0
641,SULMUI__ligand13691-0
642,SULMUI__ligand14339-0
643,SULMUI__ligand3215-0
644,SULMUI__ligand868-0
645,SULMUI__ligand4738-0
646,SULMUI__ligand4813-0
647,SULMUI__ligand5813-0
648,SULMUI__ligand6062-0
649,SULMUI__ligand783-0
650,SULMUI__ligand352-0
651,SULMUI__ligand20844-0
652,SULMUI__ligand6283-0
653,SULMUI__ligand18413-0
654,SULMUI__ligand24624-0
655,SULMUI__ligand18757-0
656,SULMUI__ligand24560-0
657,SULMUI__ligand4330-0
658,SULMUI__ligand2599-0
659,SULMUI__ligand20557-0
660,SULMUI__ligand30004-0
661,SULMUI__ligand7532-0
662,SULMUI__ligand4194-0
663,SULMUI__ligand197-0
664,SULMUI__ligand23445-0
665,SULMUI__ligand7925-0
666,SULMUI__ligand24953-0
667,SULMUI__ligand2068-0
668,SULMUI__ligand27122-0
669,SULMUI__ligand20432-0
670,SULMUI__ligand16133-0
671,SULMUI__ligand13755-0
672,SULMUI__ligand1147-0
673,SULMUI__ligand25048-0
674,SULMUI__ligand21940-0
675,SULMUI__ligand66-0
676,SULMUI__ligand3973-0
677,SULMUI__ligand2403-0
678,SULMUI__ligand11798-0
679,SULMUI__ligand12413-0
680,SULMUI__ligand29334-0
681,SULMUI__ligand685-0
682,SULMUI__ligand20731-0
683,SULMUI__ligand421-0
684,SULMUI__ligand3934-0
685,SULMUI__ligand17445-0
686,SULMUI__ligand6882-0
687,SULMUI__ligand17069-0
688,SULMUI__ligand6455-0
689,SULMUI__ligand14477-0
690,SULMUI__ligand11544-0
691,SULMUI__ligand11501-0
692,SULMUI__ligand9681-0
693,SULMUI__ligand29214-0
694,SULMUI__ligand4332-0
695,SULMUI__ligand3012-0
696,SULMUI__ligand22357-0
697,SULMUI__ligand11758-0
698,SULMUI__ligand1449-0
699,SULMUI__ligand1065-0
700,SULMUI__ligand7530-0
701,SULMUI__ligand294-0
702,SULMUI__ligand21448-0
703,SULMUI__ligand18019-1
704,SULMUI__ligand5316-0
705,SULMUI__ligand14007-0
706,SULMUI__ligand38-0
707,SULMUI__ligand5483-0
708,SULMUI__ligand1729-0
709,SULMUI__ligand5627-0
710,SULMUI__ligand27550-0
711,SULMUI__ligand560-0
712,SULMUI__ligand2830-0
713,SULMUI__ligand235-0
714,SULMUI__ligand6946-0
715,SULMUI__ligand1415-0
716,SULMUI__ligand134-0
717,SULMUI__ligand20942-1
718,SULMUI__ligand16956-0
719,SULMUI__ligand7529-0
720,SULMUI__ligand14226-0
721,SULMUI__ligand21339-0
722,SULMUI__ligand18158-0
723,SULMUI__ligand27771-0
724,SULMUI__ligand29565-0
725,SULMUI__ligand23682-0
726,SULMUI__ligand9148-0
727,SULMUI__ligand29441-0
728,SULMUI__ligand10853-0
729,SULMUI__ligand1469-0
730,SULMUI__ligand3871-0
731,SULMUI__ligand564-0
732,SULMUI__ligand370-1
733,SULMUI__ligand1768-0
734,SULMUI__ligand10479-0
735,SULMUI__ligand27610-0
736,SULMUI__ligand620-0
737,SULMUI__ligand11479-0
738,SULMUI__ligand20530-0
739,SULMUI__ligand4850-0
740,SULMUI__ligand5056-0
741,SULMUI__ligand11698-0
742,SULMUI__ligand14302-0
743,SULMUI__ligand13657-0
744,SULMUI__ligand14347-0
745,SULMUI__ligand3647-0
746,SULMUI__ligand24851-0
747,SULMUI__ligand785-0
748,SULMUI__ligand5357-0
749,SULMUI__ligand311-0
750,SULMUI__ligand479-0
751,SULMUI__ligand1688-0
752,SULMUI__ligand15387-0
753,SULMUI__ligand3157-0
754,SULMUI__ligand20121-0
755,SULMUI__ligand9525-0
756,SULMUI__ligand20220-0
757,SULMUI__ligand1165-0
758,SULMUI__ligand5935-0
759,SULMUI__ligand16952-0
760,SULMUI__ligand29813-0
761,SULMUI__ligand2722-0
762,SULMUI__ligand1379-0
763,SULMUI__ligand188-0
764,SULMUI__ligand5849-0
765,SULMUI__ligand10151-0
766,SULMUI__ligand250-0
767,SULMUI__ligand3392-0
768,SULMUI__ligand1771-0
769,SULMUI__ligand4911-0
770,SULMUI__ligand4-0
771,SULMUI__ligand8349-0
772,SULMUI__ligand8464-0
773,SULMUI__ligand1709-0
774,SULMUI__ligand22353-0
775,SULMUI__ligand18-0
776,SULMUI__ligand370-0
777,SULMUI__ligand19668-0
778,SULMUI__ligand19906-0
779,SULMUI__ligand2527-0
780,SULMUI__ligand8722-0
781,SULMUI__ligand6672-0
782,SULMUI__ligand9809-0
783,SULMUI__ligand1327-0
784,SULMUI__ligand20821-0
785,SULMUI__ligand193-0
786,SULMUI__ligand3350-0
787,SULMUI__ligand7573-0
788,SULMUI__ligand2781-0
789,SULMUI__ligand26673-0
790,SULMUI__ligand830-0
791,SULMUI__ligand31000-0
792,SULMUI__ligand2208-0
793,SULMUI__ligand3208-0
794,SULMUI__ligand372-0
795,SULMUI__ligand11606-0
796,SULMUI__ligand10582-0
797,SULMUI__ligand13260-0
798,SULMUI__ligand9197-0
799,SULMUI__ligand11252-0
800,SULMUI__ligand1900-0
801,SULMUI__ligand19824-0
802,SULMUI__ligand116-0
803,SULMUI__ligand18067-0
804,SULMUI__ligand1773-0
805,SULMUI__ligand4581-0
806,SULMUI__ligand2328-0
807,SULMUI__ligand7162-0
808,SULMUI__ligand252-0
809,SULMUI__ligand3029-0
810,SULMUI__ligand15455-0
811,SULMUI__ligand5094-0
812,SULMUI__ligand5892-0
813,SULMUI__ligand11177-0
814,SULMUI__ligand25658-0
815,SULMUI__ligand17686-0
816,SULMUI__ligand31205-0
817,SULMUI__ligand177-0
818,SULMUI__ligand4131-0
819,SULMUI__ligand1712-0
820,SULMUI__ligand1496-0
821,SULMUI__ligand7557-0
822,SULMUI__ligand16603-0
823,SULMUI__ligand909-0
824,SULMUI__ligand11814-0
825,SULMUI__ligand11622-0
826,SULMUI__ligand1533-0
827,SULMUI__ligand16870-0
