,TMC
0,QUVZOX__ligand4619-0
1,QUVZOX__ligand927-0
2,QUVZOX__ligand199-0
3,QUVZOX__ligand6143-0
4,QUVZOX__ligand5235-0
5,QUVZOX__ligand3251-0
6,QUVZOX__ligand9176-0
7,QUVZOX__ligand3035-0
8,QUVZOX__ligand3070-0
9,QUVZOX__ligand575-0
10,QUVZOX__ligand2718-0
11,QUVZOX__ligand1493-0
12,QUVZOX__ligand361-0
13,QUVZOX__ligand324-0
14,QUVZOX__ligand409-0
15,QUVZOX__ligand5758-0
16,QUVZOX__ligand3478-0
17,QUVZOX__ligand3852-0
18,QUVZOX__ligand105-0
19,QUVZOX__ligand140-0
20,QUVZOX__ligand1818-0
21,QUVZOX__ligand7456-0
22,QUVZOX__ligand3890-0
23,QUVZOX__ligand142-0
24,QUVZOX__ligand206-0
25,QUVZOX__ligand4423-0
26,QUVZOX__ligand436-0
27,QUVZOX__ligand1907-0
28,QUVZOX__ligand821-0
29,QUVZOX__ligand1285-0
30,QUVZOX__ligand1555-0
31,QUVZOX__ligand326-0
32,QUVZOX__ligand7630-0
33,QUVZOX__ligand553-0
34,QUVZOX__ligand283-0
35,QUVZOX__ligand497-0
36,QUVZOX__ligand45-0
37,QUVZOX__ligand918-0
38,QUVZOX__ligand7550-0
39,QUVZOX__ligand633-0
40,QUVZOX__ligand532-0
41,QUVZOX__ligand2762-0
42,QUVZOX__ligand166-0
43,QUVZOX__ligand1038-0
44,QUVZOX__ligand78-0
45,QUVZOX__ligand838-0
46,QUVZOX__ligand1160-0
47,QUVZOX__ligand2253-0
48,QUVZOX__ligand85-0
49,QUVZOX__ligand5093-0
50,QUVZOX__ligand2954-0
51,QUVZOX__ligand3196-0
52,QUVZOX__ligand4012-0
53,QUVZOX__ligand2915-0
54,QUVZOX__ligand383-0
55,QUVZOX__ligand162-0
56,QUVZOX__ligand226-0
57,QUVZOX__ligand10357-0
58,QUVZOX__ligand1690-0
59,QUVZOX__ligand15630-0
60,QUVZOX__ligand2707-0
61,QUVZOX__ligand1551-0
62,QUVZOX__ligand2526-0
63,QUVZOX__ligand278-0
64,QUVZOX__ligand67-0
65,QUVZOX__ligand4370-0
66,QUVZOX__ligand365-0
67,QUVZOX__ligand2618-0
68,QUVZOX__ligand3618-0
69,QUVZOX__ligand358-0
70,QUVZOX__ligand430-0
71,QUVZOX__ligand669-0
72,QUVZOX__ligand1436-0
73,QUVZOX__ligand2255-0
74,QUVZOX__ligand509-0
75,QUVZOX__ligand4175-0
76,QUVZOX__ligand670-0
77,QUVZOX__ligand118-0
78,QUVZOX__ligand571-0
79,QUVZOX__ligand1918-0
80,QUVZOX__ligand1321-0
81,QUVZOX__ligand1178-0
82,QUVZOX__ligand3566-0
83,QUVZOX__ligand18-0
84,QUVZOX__ligand1788-0
85,QUVZOX__ligand757-0
86,QUVZOX__ligand9620-0
87,QUVZOX__ligand1260-0
88,QUVZOX__ligand4894-0
89,QUVZOX__ligand7514-0
90,QUVZOX__ligand3337-0
91,QUVZOX__ligand797-0
92,QUVZOX__ligand1449-1
93,QUVZOX__ligand4811-0
94,QUVZOX__ligand1307-0
95,QUVZOX__ligand86-0
96,QUVZOX__ligand384-0
97,QUVZOX__ligand120-0
98,QUVZOX__ligand1246-0
99,QUVZOX__ligand240-0
100,QUVZOX__ligand6166-0
101,QUVZOX__ligand141-0
102,QUVZOX__ligand2853-0
103,QUVZOX__ligand3853-0
104,QUVZOX__ligand5089-0
105,QUVZOX__ligand2599-0
106,QUVZOX__ligand62-0
107,QUVZOX__ligand100-0
108,QUVZOX__ligand1858-0
109,QUVZOX__ligand244-0
110,QUVZOX__ligand201-0
111,QUVZOX__ligand8032-0
112,QUVZOX__ligand10479-0
113,QUVZOX__ligand66-0
114,QUVZOX__ligand5334-0
115,QUVZOX__ligand321-0
116,QUVZOX__ligand279-0
117,QUVZOX__ligand1898-0
118,QUVZOX__ligand2480-0
119,QUVZOX__ligand3051-0
120,QUVZOX__ligand4504-0
121,QUVZOX__ligand178-0
122,QUVZOX__ligand2315-0
123,QUVZOX__ligand1919-0
124,QUVZOX__ligand119-0
125,QUVZOX__ligand10114-0
126,QUVZOX__ligand2389-0
127,QUVZOX__ligand1712-0
128,QUVZOX__ligand124-0
129,QUVZOX__ligand3579-0
130,QUVZOX__ligand2110-0
131,QUVZOX__ligand2916-0
132,QUVZOX__ligand8-0
133,QUVZOX__ligand126-0
134,QUVZOX__ligand1379-0
135,QUVZOX__ligand1264-0
136,QUVZOX__ligand1221-0
137,QUVZOX__ligand38-0
138,QUVZOX__ligand1299-0
139,QUVZOX__ligand6430-0
140,QUVZOX__ligand40-0
141,QUVZOX__ligand2929-0
142,QUVZOX__ligand10910-0
143,QUVZOX__ligand2376-0
144,QUVZOX__ligand366-0
145,QUVZOX__ligand861-0
146,QUVZOX__ligand21-0
147,QUVZOX__ligand612-0
148,QUVZOX__ligand6571-0
149,QUVZOX__ligand2482-0
150,QUVZOX__ligand1325-0
151,QUVZOX__ligand187-0
152,QUVZOX__ligand1019-0
153,QUVZOX__ligand596-0
154,QUVZOX__ligand2442-0
155,QUVZOX__ligand1104-0
156,QUVZOX__ligand7414-0
157,QUVZOX__ligand5762-0
158,QUVZOX__ligand14530-0
159,QUVZOX__ligand522-0
160,QUVZOX__ligand2864-0
161,QUVZOX__ligand666-0
162,QUVZOX__ligand487-0
163,QUVZOX__ligand55-0
164,QUVZOX__ligand2142-0
165,QUVZOX__ligand447-0
166,QUVZOX__ligand95-0
167,QUVZOX__ligand133-0
168,QUVZOX__ligand6538-0
169,QUVZOX__ligand2772-0
170,QUVZOX__ligand6151-0
171,QUVZOX__ligand9495-0
172,QUVZOX__ligand3838-0
173,QUVZOX__ligand1799-0
174,QUVZOX__ligand2838-0
175,QUVZOX__ligand682-0
176,QUVZOX__ligand5941-0
177,QUVZOX__ligand2880-0
178,QUVZOX__ligand6-0
179,QUVZOX__ligand1169-0
180,QUVZOX__ligand34-0
181,QUVZOX__ligand5022-0
182,QUVZOX__ligand4983-0
183,QUVZOX__ligand1835-0
184,QUVZOX__ligand291-0
185,QUVZOX__ligand2345-0
186,QUVZOX__ligand2794-0
187,QUVZOX__ligand73-0
188,QUVZOX__ligand1502-0
189,QUVZOX__ligand4-0
190,QUVZOX__ligand6396-0
191,QUVZOX__ligand2265-0
192,QUVZOX__ligand1113-0
193,QUVZOX__ligand115-0
194,QUVZOX__ligand9027-0
195,QUVZOX__ligand1273-0
196,QUVZOX__ligand1052-0
197,QUVZOX__ligand784-0
198,QUVZOX__ligand355-0
199,QUVZOX__ligand485-0
200,QUVZOX__ligand57-0
201,QUVZOX__ligand2430-0
202,QUVZOX__ligand170-0
203,QUVZOX__ligand1703-0
204,QUVZOX__ligand2907-0
205,QUVZOX__ligand391-0
206,QUVZOX__ligand481-0
207,QUVZOX__ligand2510-0
208,QUVZOX__ligand8921-0
209,QUVZOX__ligand1567-0
210,QUVZOX__ligand314-0
211,QUVZOX__ligand2285-0
212,QUVZOX__ligand2862-0
213,QUVZOX__ligand1056-0
214,QUVZOX__ligand2320-0
215,QUVZOX__ligand32-0
216,QUVZOX__ligand1607-0
217,QUVZOX__ligand210-0
218,QUVZOX__ligand1727-0
219,QUVZOX__ligand1152-0
220,QUVZOX__ligand113-0
221,QUVZOX__ligand422-0
222,QUVZOX__ligand48-0
223,QUVZOX__ligand3637-0
224,QUVZOX__ligand502-0
225,QUVZOX__ligand196-0
226,QUVZOX__ligand8774-0
227,QUVZOX__ligand353-0
228,QUVZOX__ligand4303-0
229,QUVZOX__ligand1248-0
230,QUVZOX__ligand51-0
231,QUVZOX__ligand1598-0
232,QUVZOX__ligand1054-0
233,QUVZOX__ligand6294-0
234,QUVZOX__ligand236-0
235,QUVZOX__ligand29-0
236,QUVZOX__ligand7464-0
237,QUVZOX__ligand91-0
238,QUVZOX__ligand6277-0
239,QUVZOX__ligand250-0
240,QUVZOX__ligand1687-0
241,QUVZOX__ligand460-0
242,QUVZOX__ligand1951-0
243,QUVZOX__ligand2688-0
244,QUVZOX__ligand2259-0
245,QUVZOX__ligand370-0
246,QUVZOX__ligand2768-0
247,QUVZOX__ligand1376-0
248,QUVZOX__ligand11730-0
249,QUVZOX__ligand311-0
250,QUVZOX__ligand188-0
251,QUVZOX__ligand3734-0
252,QUVZOX__ligand1706-0
253,QUVZOX__ligand4381-0
254,QUVZOX__ligand444-0
255,QUVZOX__ligand369-0
256,QUVZOX__ligand2629-0
257,QUVZOX__ligand177-0
258,QUVZOX__ligand934-0
259,QUVZOX__ligand1171-0
260,QUVZOX__ligand851-0
261,QUVZOX__ligand11-0
262,QUVZOX__ligand5801-0
263,QUVZOX__ligand1438-0
264,QUVZOX__ligand3063-0
265,QUVZOX__ligand909-0
266,QUVZOX__ligand1544-0
267,QUVZOX__ligand830-0
268,QUVZOX__ligand193-0
269,QUVZOX__ligand1459-0
270,QUVZOX__ligand3757-0
271,QUVZOX__ligand252-0
272,QUVZOX__ligand1048-0
273,QUVZOX__ligand2087-0
274,QUVZOX__ligand955-0
275,QUVZOX__ligand1685-0
276,QUVZOX__ligand197-0
277,QUVZOX__ligand296-0
278,QUVZOX__ligand9244-0
279,QUVZOX__ligand1228-0
280,QUVZOX__ligand89-0
281,QUVZOX__ligand3-0
282,QUVZOX__ligand1538-0
283,QUVZOX__ligand1114-0
284,QUVZOX__ligand49-0
285,QUVZOX__ligand112-0
286,QUVZOX__ligand868-0
287,QUVZOX__ligand3246-0
288,QUVZOX__ligand442-0
289,QUVZOX__ligand136-0
290,QUVZOX__ligand1479-0
291,QUVZOX__ligand783-0
292,QUVZOX__ligand352-0
293,QUVZOX__ligand1148-0
294,QUVZOX__ligand560-0
295,QUVZOX__ligand525-0
296,QUVZOX__ligand2863-0
297,QUVZOX__ligand6502-0
298,QUVZOX__ligand2098-0
299,QUVZOX__ligand109-0
300,QUVZOX__ligand17-0
301,QUVZOX__ligand6332-0
302,QUVZOX__ligand3178-0
303,QUVZOX__ligand92-0
304,QUVZOX__ligand3145-0
305,QUVZOX__ligand390-0
306,QUVZOX__ligand932-0
307,QUVZOX__ligand134-0
308,QUVZOX__ligand6686-0
309,QUVZOX__ligand1747-0
310,QUVZOX__ligand5548-0
311,QUVZOX__ligand7915-0
312,QUVZOX__ligand235-0
313,QUVZOX__ligand798-0
314,QUVZOX__ligand421-0
315,QUVZOX__ligand2751-0
316,QUVZOX__ligand916-0
317,QUVZOX__ligand584-0
318,QUVZOX__ligand294-0
319,QUVZOX__ligand3041-0
320,QUVZOX__ligand993-0
321,QUVZOX__ligand1542-0
322,QUVZOX__ligand331-0
323,QUVZOX__ligand2634-0
324,QUVZOX__ligand1-0
