,TMC
0,ZIQWUR__ligand89-0
1,ZIQWUR__ligand3246-0
2,ZIQWUR__ligand119-0
3,ZIQWUR__ligand1479-0
4,ZIQWUR__ligand1148-0
5,ZIQWUR__ligand49-0
6,ZIQWUR__ligand124-0
7,ZIQWUR__ligand244-0
8,ZIQWUR__ligand201-0
9,ZIQWUR__ligand1228-0
10,ZIQWUR__ligand100-0
11,ZIQWUR__ligand9244-0
12,ZIQWUR__ligand178-0
13,ZIQWUR__ligand1114-0
14,ZIQWUR__ligand279-0
15,ZIQWUR__ligand1538-0
16,ZIQWUR__ligand321-0
17,ZIQWUR__ligand187-0
18,ZIQWUR__ligand612-0
19,ZIQWUR__ligand17-0
20,ZIQWUR__ligand861-0
21,ZIQWUR__ligand2751-0
22,ZIQWUR__ligand366-0
23,ZIQWUR__ligand3041-0
24,ZIQWUR__ligand596-0
25,ZIQWUR__ligand92-0
26,ZIQWUR__ligand1542-0
27,ZIQWUR__ligand2634-0
28,ZIQWUR__ligand2098-0
29,ZIQWUR__ligand6502-0
30,ZIQWUR__ligand2863-0
31,ZIQWUR__ligand3178-0
32,ZIQWUR__ligand6332-0
33,ZIQWUR__ligand126-0
34,ZIQWUR__ligand3145-0
35,ZIQWUR__ligand7915-0
36,ZIQWUR__ligand5548-0
37,ZIQWUR__ligand6686-0
38,ZIQWUR__ligand1747-0
39,ZIQWUR__ligand757-0
40,ZIQWUR__ligand14530-0
41,ZIQWUR__ligand1706-0
42,ZIQWUR__ligand3734-0
43,ZIQWUR__ligand797-0
44,ZIQWUR__ligand2629-0
45,ZIQWUR__ligand4381-0
46,ZIQWUR__ligand6277-0
47,ZIQWUR__ligand4-0
48,ZIQWUR__ligand1951-0
49,ZIQWUR__ligand1687-0
50,ZIQWUR__ligand10910-0
51,ZIQWUR__ligand2688-0
52,ZIQWUR__ligand2259-0
53,ZIQWUR__ligand1376-0
54,ZIQWUR__ligand2768-0
55,ZIQWUR__ligand141-0
56,ZIQWUR__ligand240-0
57,ZIQWUR__ligand1544-0
58,ZIQWUR__ligand1459-0
59,ZIQWUR__ligand2087-0
60,ZIQWUR__ligand6-0
61,ZIQWUR__ligand1048-0
62,ZIQWUR__ligand3757-0
63,ZIQWUR__ligand10114-0
64,ZIQWUR__ligand1685-0
65,ZIQWUR__ligand11-0
66,ZIQWUR__ligand1171-0
67,ZIQWUR__ligand120-0
68,ZIQWUR__ligand5801-0
69,ZIQWUR__ligand384-0
70,ZIQWUR__ligand10479-0
71,ZIQWUR__ligand3063-0
72,ZIQWUR__ligand1438-0
73,ZIQWUR__ligand1607-0
74,ZIQWUR__ligand1-0
75,ZIQWUR__ligand1727-0
76,ZIQWUR__ligand1152-0
77,ZIQWUR__ligand2430-0
78,ZIQWUR__ligand1703-0
79,ZIQWUR__ligand32-0
80,ZIQWUR__ligand2907-0
81,ZIQWUR__ligand226-0
82,ZIQWUR__ligand1567-0
83,ZIQWUR__ligand2285-0
84,ZIQWUR__ligand8921-0
85,ZIQWUR__ligand162-0
86,ZIQWUR__ligand2510-0
87,ZIQWUR__ligand383-0
88,ZIQWUR__ligand1056-0
89,ZIQWUR__ligand2320-0
90,ZIQWUR__ligand2862-0
91,ZIQWUR__ligand1598-0
92,ZIQWUR__ligand48-0
93,ZIQWUR__ligand509-0
94,ZIQWUR__ligand1248-0
95,ZIQWUR__ligand4303-0
96,ZIQWUR__ligand6294-0
97,ZIQWUR__ligand1054-0
98,ZIQWUR__ligand571-0
99,ZIQWUR__ligand7464-0
100,ZIQWUR__ligand670-0
101,ZIQWUR__ligand118-0
102,ZIQWUR__ligand365-0
103,ZIQWUR__ligand3-0
104,ZIQWUR__ligand51-0
105,ZIQWUR__ligand278-0
106,ZIQWUR__ligand3637-0
107,ZIQWUR__ligand91-0
108,ZIQWUR__ligand29-0
109,ZIQWUR__ligand669-0
110,ZIQWUR__ligand8774-0
111,ZIQWUR__ligand358-0
112,ZIQWUR__ligand430-0
113,ZIQWUR__ligand55-0
114,ZIQWUR__ligand5941-0
115,ZIQWUR__ligand2880-0
116,ZIQWUR__ligand361-0
117,ZIQWUR__ligand324-0
118,ZIQWUR__ligand1799-0
119,ZIQWUR__ligand409-0
120,ZIQWUR__ligand3838-0
121,ZIQWUR__ligand2838-0
122,ZIQWUR__ligand105-0
123,ZIQWUR__ligand140-0
124,ZIQWUR__ligand5022-0
125,ZIQWUR__ligand1169-0
126,ZIQWUR__ligand95-0
127,ZIQWUR__ligand2864-0
128,ZIQWUR__ligand199-0
129,ZIQWUR__ligand927-0
130,ZIQWUR__ligand34-0
131,ZIQWUR__ligand2142-0
132,ZIQWUR__ligand575-0
133,ZIQWUR__ligand9495-0
134,ZIQWUR__ligand2772-0
135,ZIQWUR__ligand6151-0
136,ZIQWUR__ligand6538-0
137,ZIQWUR__ligand532-0
138,ZIQWUR__ligand1273-0
139,ZIQWUR__ligand918-0
140,ZIQWUR__ligand73-0
141,ZIQWUR__ligand633-0
142,ZIQWUR__ligand497-0
143,ZIQWUR__ligand15630-0
144,ZIQWUR__ligand838-0
145,ZIQWUR__ligand10357-0
146,ZIQWUR__ligand1052-0
147,ZIQWUR__ligand166-0
148,ZIQWUR__ligand1835-0
149,ZIQWUR__ligand2345-0
150,ZIQWUR__ligand2794-0
151,ZIQWUR__ligand436-0
152,ZIQWUR__ligand4983-0
153,ZIQWUR__ligand206-0
154,ZIQWUR__ligand1502-0
155,ZIQWUR__ligand142-0
156,ZIQWUR__ligand2265-0
157,ZIQWUR__ligand283-0
158,ZIQWUR__ligand1113-0
159,ZIQWUR__ligand57-0
160,ZIQWUR__ligand6396-0
161,ZIQWUR__ligand553-0
162,ZIQWUR__ligand9027-0
163,ZIQWUR__ligand326-0
164,ZIQWUR__ligand821-0
165,ZIQWUR__ligand136-0
166,ZIQWUR__ligand1919-0
167,ZIQWUR__ligand2389-0
168,ZIQWUR__ligand442-0
169,ZIQWUR__ligand868-0
170,ZIQWUR__ligand1712-0
171,ZIQWUR__ligand352-0
172,ZIQWUR__ligand783-0
173,ZIQWUR__ligand2916-0
174,ZIQWUR__ligand2110-0
175,ZIQWUR__ligand66-0
176,ZIQWUR__ligand3579-0
177,ZIQWUR__ligand8032-0
178,ZIQWUR__ligand1858-0
179,ZIQWUR__ligand296-0
180,ZIQWUR__ligand197-0
181,ZIQWUR__ligand5334-0
182,ZIQWUR__ligand112-0
183,ZIQWUR__ligand2315-0
184,ZIQWUR__ligand2480-0
185,ZIQWUR__ligand4504-0
186,ZIQWUR__ligand3051-0
187,ZIQWUR__ligand1898-0
188,ZIQWUR__ligand584-0
189,ZIQWUR__ligand38-0
190,ZIQWUR__ligand916-0
191,ZIQWUR__ligand798-0
192,ZIQWUR__ligand2482-0
193,ZIQWUR__ligand421-0
194,ZIQWUR__ligand1325-0
195,ZIQWUR__ligand6571-0
196,ZIQWUR__ligand2442-0
197,ZIQWUR__ligand1019-0
198,ZIQWUR__ligand331-0
199,ZIQWUR__ligand11730-0
200,ZIQWUR__ligand993-0
201,ZIQWUR__ligand40-0
202,ZIQWUR__ligand294-0
203,ZIQWUR__ligand1104-0
204,ZIQWUR__ligand5762-0
205,ZIQWUR__ligand7414-0
206,ZIQWUR__ligand1379-0
207,ZIQWUR__ligand6430-0
208,ZIQWUR__ligand109-0
209,ZIQWUR__ligand1299-0
210,ZIQWUR__ligand21-0
211,ZIQWUR__ligand1221-0
212,ZIQWUR__ligand560-0
213,ZIQWUR__ligand1264-0
214,ZIQWUR__ligand525-0
215,ZIQWUR__ligand2929-0
216,ZIQWUR__ligand235-0
217,ZIQWUR__ligand932-0
218,ZIQWUR__ligand134-0
219,ZIQWUR__ligand2376-0
220,ZIQWUR__ligand390-0
221,ZIQWUR__ligand1260-0
222,ZIQWUR__ligand4894-0
223,ZIQWUR__ligand9620-0
224,ZIQWUR__ligand311-0
225,ZIQWUR__ligand444-0
226,ZIQWUR__ligand369-0
227,ZIQWUR__ligand7514-0
228,ZIQWUR__ligand3337-0
229,ZIQWUR__ligand18-0
230,ZIQWUR__ligand4811-0
231,ZIQWUR__ligand1449-1
232,ZIQWUR__ligand188-0
233,ZIQWUR__ligand460-0
234,ZIQWUR__ligand1321-0
235,ZIQWUR__ligand250-0
236,ZIQWUR__ligand3566-0
237,ZIQWUR__ligand1178-0
238,ZIQWUR__ligand370-0
239,ZIQWUR__ligand1788-0
240,ZIQWUR__ligand193-0
241,ZIQWUR__ligand1246-0
242,ZIQWUR__ligand830-0
243,ZIQWUR__ligand6166-0
244,ZIQWUR__ligand2853-0
245,ZIQWUR__ligand3853-0
246,ZIQWUR__ligand955-0
247,ZIQWUR__ligand86-0
248,ZIQWUR__ligand2599-0
249,ZIQWUR__ligand5089-0
250,ZIQWUR__ligand252-0
251,ZIQWUR__ligand1307-0
252,ZIQWUR__ligand934-0
253,ZIQWUR__ligand177-0
254,ZIQWUR__ligand62-0
255,ZIQWUR__ligand909-0
256,ZIQWUR__ligand851-0
257,ZIQWUR__ligand1690-0
258,ZIQWUR__ligand2707-0
259,ZIQWUR__ligand2526-0
260,ZIQWUR__ligand1551-0
261,ZIQWUR__ligand210-0
262,ZIQWUR__ligand391-0
263,ZIQWUR__ligand4012-0
264,ZIQWUR__ligand3196-0
265,ZIQWUR__ligand170-0
266,ZIQWUR__ligand2915-0
267,ZIQWUR__ligand314-0
268,ZIQWUR__ligand481-0
269,ZIQWUR__ligand67-0
270,ZIQWUR__ligand2255-0
271,ZIQWUR__ligand4175-0
272,ZIQWUR__ligand353-0
273,ZIQWUR__ligand8-0
274,ZIQWUR__ligand1918-0
275,ZIQWUR__ligand236-0
276,ZIQWUR__ligand422-0
277,ZIQWUR__ligand4370-0
278,ZIQWUR__ligand113-0
279,ZIQWUR__ligand502-0
280,ZIQWUR__ligand196-0
281,ZIQWUR__ligand2618-0
282,ZIQWUR__ligand3618-0
283,ZIQWUR__ligand1436-0
284,ZIQWUR__ligand5758-0
285,ZIQWUR__ligand682-0
286,ZIQWUR__ligand3852-0
287,ZIQWUR__ligand3478-0
288,ZIQWUR__ligand1818-0
289,ZIQWUR__ligand7456-0
290,ZIQWUR__ligand6143-0
291,ZIQWUR__ligand5235-0
292,ZIQWUR__ligand487-0
293,ZIQWUR__ligand4619-0
294,ZIQWUR__ligand3251-0
295,ZIQWUR__ligand666-0
296,ZIQWUR__ligand522-0
297,ZIQWUR__ligand9176-0
298,ZIQWUR__ligand133-0
299,ZIQWUR__ligand1493-0
300,ZIQWUR__ligand2718-0
301,ZIQWUR__ligand3070-0
302,ZIQWUR__ligand447-0
303,ZIQWUR__ligand3035-0
304,ZIQWUR__ligand7550-0
305,ZIQWUR__ligand1038-0
306,ZIQWUR__ligand485-0
307,ZIQWUR__ligand355-0
308,ZIQWUR__ligand784-0
309,ZIQWUR__ligand2762-0
310,ZIQWUR__ligand2954-0
311,ZIQWUR__ligand5093-0
312,ZIQWUR__ligand1160-0
313,ZIQWUR__ligand2253-0
314,ZIQWUR__ligand3890-0
315,ZIQWUR__ligand45-0
316,ZIQWUR__ligand1907-0
317,ZIQWUR__ligand291-0
318,ZIQWUR__ligand4423-0
319,ZIQWUR__ligand1555-0
320,ZIQWUR__ligand85-0
321,ZIQWUR__ligand78-0
322,ZIQWUR__ligand1285-0
323,ZIQWUR__ligand115-0
324,ZIQWUR__ligand7630-0
