,TMC
0,VOXMOM__ligand6-0
1,VOXMOM__ligand2929-0
2,VOXMOM__ligand481-0
3,VOXMOM__ligand314-0
4,VOXMOM__ligand2376-0
5,VOXMOM__ligand391-0
6,VOXMOM__ligand1379-0
7,VOXMOM__ligand170-0
8,VOXMOM__ligand1264-0
9,VOXMOM__ligand1221-0
10,VOXMOM__ligand1299-0
11,VOXMOM__ligand6430-0
12,VOXMOM__ligand1019-0
13,VOXMOM__ligand2442-0
14,VOXMOM__ligand1104-0
15,VOXMOM__ligand5762-0
16,VOXMOM__ligand7414-0
17,VOXMOM__ligand210-0
18,VOXMOM__ligand6571-0
19,VOXMOM__ligand2482-0
20,VOXMOM__ligand1325-0
21,VOXMOM__ligand502-0
22,VOXMOM__ligand196-0
23,VOXMOM__ligand5334-0
24,VOXMOM__ligand1898-0
25,VOXMOM__ligand2480-0
26,VOXMOM__ligand3051-0
27,VOXMOM__ligand4504-0
28,VOXMOM__ligand67-0
29,VOXMOM__ligand2315-0
30,VOXMOM__ligand422-0
31,VOXMOM__ligand1858-0
32,VOXMOM__ligand8032-0
33,VOXMOM__ligand113-0
34,VOXMOM__ligand1712-0
35,VOXMOM__ligand236-0
36,VOXMOM__ligand3579-0
37,VOXMOM__ligand2110-0
38,VOXMOM__ligand2916-0
39,VOXMOM__ligand4-0
40,VOXMOM__ligand1919-0
41,VOXMOM__ligand353-0
42,VOXMOM__ligand2389-0
43,VOXMOM__ligand133-0
44,VOXMOM__ligand447-0
45,VOXMOM__ligand1307-0
46,VOXMOM__ligand487-0
47,VOXMOM__ligand522-0
48,VOXMOM__ligand666-0
49,VOXMOM__ligand2853-0
50,VOXMOM__ligand3853-0
51,VOXMOM__ligand2599-0
52,VOXMOM__ligand5089-0
53,VOXMOM__ligand682-0
54,VOXMOM__ligand1246-0
55,VOXMOM__ligand6166-0
56,VOXMOM__ligand115-0
57,VOXMOM__ligand1788-0
58,VOXMOM__ligand1321-0
59,VOXMOM__ligand1178-0
60,VOXMOM__ligand3566-0
61,VOXMOM__ligand291-0
62,VOXMOM__ligand355-0
63,VOXMOM__ligand784-0
64,VOXMOM__ligand45-0
65,VOXMOM__ligand7514-0
66,VOXMOM__ligand3337-0
67,VOXMOM__ligand485-0
68,VOXMOM__ligand1449-1
69,VOXMOM__ligand4811-0
70,VOXMOM__ligand9620-0
71,VOXMOM__ligand4894-0
72,VOXMOM__ligand1260-0
73,VOXMOM__ligand85-0
74,VOXMOM__ligand78-0
75,VOXMOM__ligand2618-0
76,VOXMOM__ligand3618-0
77,VOXMOM__ligand112-0
78,VOXMOM__ligand1436-0
79,VOXMOM__ligand66-0
80,VOXMOM__ligand197-0
81,VOXMOM__ligand4370-0
82,VOXMOM__ligand296-0
83,VOXMOM__ligand352-0
84,VOXMOM__ligand783-0
85,VOXMOM__ligand1918-0
86,VOXMOM__ligand2255-0
87,VOXMOM__ligand136-0
88,VOXMOM__ligand868-0
89,VOXMOM__ligand442-0
90,VOXMOM__ligand4175-0
91,VOXMOM__ligand932-0
92,VOXMOM__ligand134-0
93,VOXMOM__ligand2915-0
94,VOXMOM__ligand235-0
95,VOXMOM__ligand38-0
96,VOXMOM__ligand390-0
97,VOXMOM__ligand40-0
98,VOXMOM__ligand3196-0
99,VOXMOM__ligand4012-0
100,VOXMOM__ligand560-0
101,VOXMOM__ligand525-0
102,VOXMOM__ligand109-0
103,VOXMOM__ligand331-0
104,VOXMOM__ligand21-0
105,VOXMOM__ligand294-0
106,VOXMOM__ligand1551-0
107,VOXMOM__ligand993-0
108,VOXMOM__ligand2526-0
109,VOXMOM__ligand1690-0
110,VOXMOM__ligand584-0
111,VOXMOM__ligand916-0
112,VOXMOM__ligand2707-0
113,VOXMOM__ligand421-0
114,VOXMOM__ligand798-0
115,VOXMOM__ligand1285-0
116,VOXMOM__ligand1555-0
117,VOXMOM__ligand7630-0
118,VOXMOM__ligand11730-0
119,VOXMOM__ligand370-0
120,VOXMOM__ligand460-0
121,VOXMOM__ligand18-0
122,VOXMOM__ligand3890-0
123,VOXMOM__ligand4423-0
124,VOXMOM__ligand1907-0
125,VOXMOM__ligand250-0
126,VOXMOM__ligand2762-0
127,VOXMOM__ligand369-0
128,VOXMOM__ligand1038-0
129,VOXMOM__ligand444-0
130,VOXMOM__ligand188-0
131,VOXMOM__ligand1160-0
132,VOXMOM__ligand2253-0
133,VOXMOM__ligand5093-0
134,VOXMOM__ligand2954-0
135,VOXMOM__ligand3-0
136,VOXMOM__ligand311-0
137,VOXMOM__ligand7550-0
138,VOXMOM__ligand9176-0
139,VOXMOM__ligand909-0
140,VOXMOM__ligand1-0
141,VOXMOM__ligand3035-0
142,VOXMOM__ligand3070-0
143,VOXMOM__ligand851-0
144,VOXMOM__ligand2718-0
145,VOXMOM__ligand1493-0
146,VOXMOM__ligand4619-0
147,VOXMOM__ligand86-0
148,VOXMOM__ligand6143-0
149,VOXMOM__ligand5235-0
150,VOXMOM__ligand177-0
151,VOXMOM__ligand934-0
152,VOXMOM__ligand3251-0
153,VOXMOM__ligand1818-0
154,VOXMOM__ligand252-0
155,VOXMOM__ligand7456-0
156,VOXMOM__ligand955-0
157,VOXMOM__ligand193-0
158,VOXMOM__ligand5758-0
159,VOXMOM__ligand3478-0
160,VOXMOM__ligand62-0
161,VOXMOM__ligand830-0
162,VOXMOM__ligand3852-0
163,VOXMOM__ligand3145-0
164,VOXMOM__ligand162-0
165,VOXMOM__ligand226-0
166,VOXMOM__ligand15630-0
167,VOXMOM__ligand1747-0
168,VOXMOM__ligand6686-0
169,VOXMOM__ligand383-0
170,VOXMOM__ligand5548-0
171,VOXMOM__ligand7915-0
172,VOXMOM__ligand10357-0
173,VOXMOM__ligand2863-0
174,VOXMOM__ligand6502-0
175,VOXMOM__ligand2098-0
176,VOXMOM__ligand6332-0
177,VOXMOM__ligand3178-0
178,VOXMOM__ligand32-0
179,VOXMOM__ligand3041-0
180,VOXMOM__ligand1542-0
181,VOXMOM__ligand2634-0
182,VOXMOM__ligand2751-0
183,VOXMOM__ligand669-0
184,VOXMOM__ligand1538-0
185,VOXMOM__ligand1114-0
186,VOXMOM__ligand430-0
187,VOXMOM__ligand48-0
188,VOXMOM__ligand358-0
189,VOXMOM__ligand365-0
190,VOXMOM__ligand9244-0
191,VOXMOM__ligand278-0
192,VOXMOM__ligand1228-0
193,VOXMOM__ligand51-0
194,VOXMOM__ligand1479-0
195,VOXMOM__ligand118-0
196,VOXMOM__ligand670-0
197,VOXMOM__ligand571-0
198,VOXMOM__ligand1148-0
199,VOXMOM__ligand3246-0
200,VOXMOM__ligand509-0
201,VOXMOM__ligand91-0
202,VOXMOM__ligand29-0
203,VOXMOM__ligand5801-0
204,VOXMOM__ligand575-0
205,VOXMOM__ligand1438-0
206,VOXMOM__ligand3063-0
207,VOXMOM__ligand55-0
208,VOXMOM__ligand95-0
209,VOXMOM__ligand927-0
210,VOXMOM__ligand1171-0
211,VOXMOM__ligand199-0
212,VOXMOM__ligand3757-0
213,VOXMOM__ligand1048-0
214,VOXMOM__ligand2087-0
215,VOXMOM__ligand1685-0
216,VOXMOM__ligand105-0
217,VOXMOM__ligand140-0
218,VOXMOM__ligand1544-0
219,VOXMOM__ligand409-0
220,VOXMOM__ligand361-0
221,VOXMOM__ligand34-0
222,VOXMOM__ligand324-0
223,VOXMOM__ligand1459-0
224,VOXMOM__ligand2259-0
225,VOXMOM__ligand2688-0
226,VOXMOM__ligand553-0
227,VOXMOM__ligand283-0
228,VOXMOM__ligand2768-0
229,VOXMOM__ligand821-0
230,VOXMOM__ligand1376-0
231,VOXMOM__ligand326-0
232,VOXMOM__ligand73-0
233,VOXMOM__ligand6277-0
234,VOXMOM__ligand436-0
235,VOXMOM__ligand142-0
236,VOXMOM__ligand1687-0
237,VOXMOM__ligand206-0
238,VOXMOM__ligand1951-0
239,VOXMOM__ligand838-0
240,VOXMOM__ligand3734-0
241,VOXMOM__ligand1706-0
242,VOXMOM__ligand4381-0
243,VOXMOM__ligand166-0
244,VOXMOM__ligand2629-0
245,VOXMOM__ligand633-0
246,VOXMOM__ligand918-0
247,VOXMOM__ligand532-0
248,VOXMOM__ligand57-0
249,VOXMOM__ligand497-0
250,VOXMOM__ligand279-0
251,VOXMOM__ligand10114-0
252,VOXMOM__ligand178-0
253,VOXMOM__ligand3637-0
254,VOXMOM__ligand89-0
255,VOXMOM__ligand8774-0
256,VOXMOM__ligand321-0
257,VOXMOM__ligand49-0
258,VOXMOM__ligand100-0
259,VOXMOM__ligand244-0
260,VOXMOM__ligand201-0
261,VOXMOM__ligand10479-0
262,VOXMOM__ligand7464-0
263,VOXMOM__ligand124-0
264,VOXMOM__ligand119-0
265,VOXMOM__ligand4303-0
266,VOXMOM__ligand1248-0
267,VOXMOM__ligand1598-0
268,VOXMOM__ligand1054-0
269,VOXMOM__ligand6294-0
270,VOXMOM__ligand2510-0
271,VOXMOM__ligand8921-0
272,VOXMOM__ligand1567-0
273,VOXMOM__ligand2285-0
274,VOXMOM__ligand2862-0
275,VOXMOM__ligand1056-0
276,VOXMOM__ligand2320-0
277,VOXMOM__ligand17-0
278,VOXMOM__ligand2430-0
279,VOXMOM__ligand1703-0
280,VOXMOM__ligand92-0
281,VOXMOM__ligand14530-0
282,VOXMOM__ligand2907-0
283,VOXMOM__ligand126-0
284,VOXMOM__ligand1727-0
285,VOXMOM__ligand1152-0
286,VOXMOM__ligand596-0
287,VOXMOM__ligand612-0
288,VOXMOM__ligand1607-0
289,VOXMOM__ligand10910-0
290,VOXMOM__ligand187-0
291,VOXMOM__ligand366-0
292,VOXMOM__ligand861-0
293,VOXMOM__ligand8-0
294,VOXMOM__ligand6396-0
295,VOXMOM__ligand2265-0
296,VOXMOM__ligand1113-0
297,VOXMOM__ligand9027-0
298,VOXMOM__ligand4983-0
299,VOXMOM__ligand1835-0
300,VOXMOM__ligand2794-0
301,VOXMOM__ligand2345-0
302,VOXMOM__ligand1502-0
303,VOXMOM__ligand1052-0
304,VOXMOM__ligand797-0
305,VOXMOM__ligand1273-0
306,VOXMOM__ligand757-0
307,VOXMOM__ligand120-0
308,VOXMOM__ligand2142-0
309,VOXMOM__ligand6538-0
310,VOXMOM__ligand2772-0
311,VOXMOM__ligand6151-0
312,VOXMOM__ligand9495-0
313,VOXMOM__ligand384-0
314,VOXMOM__ligand2864-0
315,VOXMOM__ligand11-0
316,VOXMOM__ligand1169-0
317,VOXMOM__ligand5022-0
318,VOXMOM__ligand240-0
319,VOXMOM__ligand141-0
320,VOXMOM__ligand3838-0
321,VOXMOM__ligand1799-0
322,VOXMOM__ligand2838-0
323,VOXMOM__ligand2880-0
324,VOXMOM__ligand5941-0
