,TMC
0,VUDFIJ__ligand4012-0
1,VUDFIJ__ligand3196-0
2,VUDFIJ__ligand67-0
3,VUDFIJ__ligand141-0
4,VUDFIJ__ligand240-0
5,VUDFIJ__ligand2915-0
6,VUDFIJ__ligand120-0
7,VUDFIJ__ligand4-0
8,VUDFIJ__ligand2707-0
9,VUDFIJ__ligand1690-0
10,VUDFIJ__ligand384-0
11,VUDFIJ__ligand2526-0
12,VUDFIJ__ligand1551-0
13,VUDFIJ__ligand4370-0
14,VUDFIJ__ligand797-0
15,VUDFIJ__ligand1436-0
16,VUDFIJ__ligand6-0
17,VUDFIJ__ligand757-0
18,VUDFIJ__ligand3618-0
19,VUDFIJ__ligand2618-0
20,VUDFIJ__ligand4175-0
21,VUDFIJ__ligand2255-0
22,VUDFIJ__ligand1918-0
23,VUDFIJ__ligand3251-0
24,VUDFIJ__ligand596-0
25,VUDFIJ__ligand5235-0
26,VUDFIJ__ligand15630-0
27,VUDFIJ__ligand6143-0
28,VUDFIJ__ligand4619-0
29,VUDFIJ__ligand10357-0
30,VUDFIJ__ligand1493-0
31,VUDFIJ__ligand187-0
32,VUDFIJ__ligand3070-0
33,VUDFIJ__ligand3035-0
34,VUDFIJ__ligand2718-0
35,VUDFIJ__ligand612-0
36,VUDFIJ__ligand9176-0
37,VUDFIJ__ligand861-0
38,VUDFIJ__ligand366-0
39,VUDFIJ__ligand78-0
40,VUDFIJ__ligand3852-0
41,VUDFIJ__ligand85-0
42,VUDFIJ__ligand3478-0
43,VUDFIJ__ligand5758-0
44,VUDFIJ__ligand7456-0
45,VUDFIJ__ligand1818-0
46,VUDFIJ__ligand45-0
47,VUDFIJ__ligand126-0
48,VUDFIJ__ligand1907-0
49,VUDFIJ__ligand4423-0
50,VUDFIJ__ligand124-0
51,VUDFIJ__ligand3890-0
52,VUDFIJ__ligand119-0
53,VUDFIJ__ligand7630-0
54,VUDFIJ__ligand1555-0
55,VUDFIJ__ligand1285-0
56,VUDFIJ__ligand178-0
57,VUDFIJ__ligand279-0
58,VUDFIJ__ligand7550-0
59,VUDFIJ__ligand321-0
60,VUDFIJ__ligand2954-0
61,VUDFIJ__ligand5093-0
62,VUDFIJ__ligand2253-0
63,VUDFIJ__ligand1160-0
64,VUDFIJ__ligand201-0
65,VUDFIJ__ligand244-0
66,VUDFIJ__ligand1038-0
67,VUDFIJ__ligand2762-0
68,VUDFIJ__ligand100-0
69,VUDFIJ__ligand838-0
70,VUDFIJ__ligand166-0
71,VUDFIJ__ligand40-0
72,VUDFIJ__ligand8032-0
73,VUDFIJ__ligand1858-0
74,VUDFIJ__ligand532-0
75,VUDFIJ__ligand2315-0
76,VUDFIJ__ligand1898-0
77,VUDFIJ__ligand633-0
78,VUDFIJ__ligand4504-0
79,VUDFIJ__ligand918-0
80,VUDFIJ__ligand38-0
81,VUDFIJ__ligand3051-0
82,VUDFIJ__ligand2480-0
83,VUDFIJ__ligand5334-0
84,VUDFIJ__ligand497-0
85,VUDFIJ__ligand2389-0
86,VUDFIJ__ligand283-0
87,VUDFIJ__ligand553-0
88,VUDFIJ__ligand326-0
89,VUDFIJ__ligand1919-0
90,VUDFIJ__ligand821-0
91,VUDFIJ__ligand2916-0
92,VUDFIJ__ligand2110-0
93,VUDFIJ__ligand436-0
94,VUDFIJ__ligand3579-0
95,VUDFIJ__ligand206-0
96,VUDFIJ__ligand1712-0
97,VUDFIJ__ligand21-0
98,VUDFIJ__ligand142-0
99,VUDFIJ__ligand1299-0
100,VUDFIJ__ligand6430-0
101,VUDFIJ__ligand1221-0
102,VUDFIJ__ligand1264-0
103,VUDFIJ__ligand140-0
104,VUDFIJ__ligand1379-0
105,VUDFIJ__ligand66-0
106,VUDFIJ__ligand105-0
107,VUDFIJ__ligand2376-0
108,VUDFIJ__ligand2929-0
109,VUDFIJ__ligand409-0
110,VUDFIJ__ligand324-0
111,VUDFIJ__ligand361-0
112,VUDFIJ__ligand1325-0
113,VUDFIJ__ligand2482-0
114,VUDFIJ__ligand6571-0
115,VUDFIJ__ligand575-0
116,VUDFIJ__ligand5762-0
117,VUDFIJ__ligand7414-0
118,VUDFIJ__ligand1104-0
119,VUDFIJ__ligand1019-0
120,VUDFIJ__ligand2442-0
121,VUDFIJ__ligand199-0
122,VUDFIJ__ligand927-0
123,VUDFIJ__ligand10114-0
124,VUDFIJ__ligand1178-0
125,VUDFIJ__ligand3566-0
126,VUDFIJ__ligand571-0
127,VUDFIJ__ligand86-0
128,VUDFIJ__ligand118-0
129,VUDFIJ__ligand1321-0
130,VUDFIJ__ligand670-0
131,VUDFIJ__ligand1788-0
132,VUDFIJ__ligand1-0
133,VUDFIJ__ligand509-0
134,VUDFIJ__ligand10479-0
135,VUDFIJ__ligand669-0
136,VUDFIJ__ligand62-0
137,VUDFIJ__ligand9620-0
138,VUDFIJ__ligand4894-0
139,VUDFIJ__ligand1260-0
140,VUDFIJ__ligand430-0
141,VUDFIJ__ligand358-0
142,VUDFIJ__ligand4811-0
143,VUDFIJ__ligand1449-1
144,VUDFIJ__ligand365-0
145,VUDFIJ__ligand3337-0
146,VUDFIJ__ligand278-0
147,VUDFIJ__ligand7514-0
148,VUDFIJ__ligand18-0
149,VUDFIJ__ligand1307-0
150,VUDFIJ__ligand14530-0
151,VUDFIJ__ligand226-0
152,VUDFIJ__ligand6166-0
153,VUDFIJ__ligand162-0
154,VUDFIJ__ligand3-0
155,VUDFIJ__ligand383-0
156,VUDFIJ__ligand1246-0
157,VUDFIJ__ligand10910-0
158,VUDFIJ__ligand2599-0
159,VUDFIJ__ligand5089-0
160,VUDFIJ__ligand3853-0
161,VUDFIJ__ligand2853-0
162,VUDFIJ__ligand2907-0
163,VUDFIJ__ligand955-0
164,VUDFIJ__ligand252-0
165,VUDFIJ__ligand1703-0
166,VUDFIJ__ligand2430-0
167,VUDFIJ__ligand2320-0
168,VUDFIJ__ligand1056-0
169,VUDFIJ__ligand193-0
170,VUDFIJ__ligand2862-0
171,VUDFIJ__ligand48-0
172,VUDFIJ__ligand830-0
173,VUDFIJ__ligand8921-0
174,VUDFIJ__ligand2285-0
175,VUDFIJ__ligand1567-0
176,VUDFIJ__ligand2510-0
177,VUDFIJ__ligand909-0
178,VUDFIJ__ligand29-0
179,VUDFIJ__ligand91-0
180,VUDFIJ__ligand1607-0
181,VUDFIJ__ligand851-0
182,VUDFIJ__ligand1152-0
183,VUDFIJ__ligand1727-0
184,VUDFIJ__ligand51-0
185,VUDFIJ__ligand177-0
186,VUDFIJ__ligand934-0
187,VUDFIJ__ligand369-0
188,VUDFIJ__ligand444-0
189,VUDFIJ__ligand188-0
190,VUDFIJ__ligand8774-0
191,VUDFIJ__ligand3637-0
192,VUDFIJ__ligand311-0
193,VUDFIJ__ligand6294-0
194,VUDFIJ__ligand1054-0
195,VUDFIJ__ligand370-0
196,VUDFIJ__ligand1598-0
197,VUDFIJ__ligand4303-0
198,VUDFIJ__ligand1248-0
199,VUDFIJ__ligand460-0
200,VUDFIJ__ligand7464-0
201,VUDFIJ__ligand250-0
202,VUDFIJ__ligand32-0
203,VUDFIJ__ligand331-0
204,VUDFIJ__ligand993-0
205,VUDFIJ__ligand294-0
206,VUDFIJ__ligand2864-0
207,VUDFIJ__ligand6151-0
208,VUDFIJ__ligand2772-0
209,VUDFIJ__ligand9495-0
210,VUDFIJ__ligand73-0
211,VUDFIJ__ligand584-0
212,VUDFIJ__ligand916-0
213,VUDFIJ__ligand6538-0
214,VUDFIJ__ligand421-0
215,VUDFIJ__ligand798-0
216,VUDFIJ__ligand2142-0
217,VUDFIJ__ligand235-0
218,VUDFIJ__ligand2880-0
219,VUDFIJ__ligand5941-0
220,VUDFIJ__ligand2838-0
221,VUDFIJ__ligand57-0
222,VUDFIJ__ligand134-0
223,VUDFIJ__ligand1799-0
224,VUDFIJ__ligand3838-0
225,VUDFIJ__ligand932-0
226,VUDFIJ__ligand390-0
227,VUDFIJ__ligand1169-0
228,VUDFIJ__ligand5022-0
229,VUDFIJ__ligand109-0
230,VUDFIJ__ligand525-0
231,VUDFIJ__ligand560-0
232,VUDFIJ__ligand1502-0
233,VUDFIJ__ligand352-0
234,VUDFIJ__ligand783-0
235,VUDFIJ__ligand95-0
236,VUDFIJ__ligand2794-0
237,VUDFIJ__ligand2345-0
238,VUDFIJ__ligand1835-0
239,VUDFIJ__ligand4983-0
240,VUDFIJ__ligand55-0
241,VUDFIJ__ligand136-0
242,VUDFIJ__ligand9027-0
243,VUDFIJ__ligand442-0
244,VUDFIJ__ligand1113-0
245,VUDFIJ__ligand2265-0
246,VUDFIJ__ligand6396-0
247,VUDFIJ__ligand868-0
248,VUDFIJ__ligand112-0
249,VUDFIJ__ligand34-0
250,VUDFIJ__ligand1273-0
251,VUDFIJ__ligand296-0
252,VUDFIJ__ligand1052-0
253,VUDFIJ__ligand197-0
254,VUDFIJ__ligand1228-0
255,VUDFIJ__ligand485-0
256,VUDFIJ__ligand9244-0
257,VUDFIJ__ligand355-0
258,VUDFIJ__ligand784-0
259,VUDFIJ__ligand92-0
260,VUDFIJ__ligand11730-0
261,VUDFIJ__ligand17-0
262,VUDFIJ__ligand1114-0
263,VUDFIJ__ligand1538-0
264,VUDFIJ__ligand115-0
265,VUDFIJ__ligand3246-0
266,VUDFIJ__ligand1148-0
267,VUDFIJ__ligand291-0
268,VUDFIJ__ligand1479-0
269,VUDFIJ__ligand3178-0
270,VUDFIJ__ligand6332-0
271,VUDFIJ__ligand6502-0
272,VUDFIJ__ligand2098-0
273,VUDFIJ__ligand2863-0
274,VUDFIJ__ligand49-0
275,VUDFIJ__ligand5548-0
276,VUDFIJ__ligand7915-0
277,VUDFIJ__ligand682-0
278,VUDFIJ__ligand1747-0
279,VUDFIJ__ligand6686-0
280,VUDFIJ__ligand89-0
281,VUDFIJ__ligand3145-0
282,VUDFIJ__ligand2751-0
283,VUDFIJ__ligand133-0
284,VUDFIJ__ligand447-0
285,VUDFIJ__ligand2634-0
286,VUDFIJ__ligand1542-0
287,VUDFIJ__ligand487-0
288,VUDFIJ__ligand666-0
289,VUDFIJ__ligand3041-0
290,VUDFIJ__ligand522-0
291,VUDFIJ__ligand1951-0
292,VUDFIJ__ligand1687-0
293,VUDFIJ__ligand11-0
294,VUDFIJ__ligand6277-0
295,VUDFIJ__ligand236-0
296,VUDFIJ__ligand2768-0
297,VUDFIJ__ligand1376-0
298,VUDFIJ__ligand353-0
299,VUDFIJ__ligand2259-0
300,VUDFIJ__ligand2688-0
301,VUDFIJ__ligand196-0
302,VUDFIJ__ligand502-0
303,VUDFIJ__ligand2629-0
304,VUDFIJ__ligand4381-0
305,VUDFIJ__ligand422-0
306,VUDFIJ__ligand1706-0
307,VUDFIJ__ligand113-0
308,VUDFIJ__ligand3734-0
309,VUDFIJ__ligand1171-0
310,VUDFIJ__ligand210-0
311,VUDFIJ__ligand1438-0
312,VUDFIJ__ligand8-0
313,VUDFIJ__ligand3063-0
314,VUDFIJ__ligand5801-0
315,VUDFIJ__ligand1459-0
316,VUDFIJ__ligand314-0
317,VUDFIJ__ligand481-0
318,VUDFIJ__ligand1544-0
319,VUDFIJ__ligand1685-0
320,VUDFIJ__ligand391-0
321,VUDFIJ__ligand1048-0
322,VUDFIJ__ligand2087-0
323,VUDFIJ__ligand170-0
324,VUDFIJ__ligand3757-0
