,TMC
0,TEYCAB__ligand1154-0
1,TEYCAB__ligand9615-0
2,TEYCAB__ligand21729-0
3,TEYCAB__ligand27239-0
4,TEYCAB__ligand14043-0
5,TEYCAB__ligand28559-0
6,TEYCAB__ligand26324-0
7,TEYCAB__ligand4596-0
8,TEYCAB__ligand1498-0
9,TEYCAB__ligand19927-0
10,TEYCAB__ligand162-0
11,TEYCAB__ligand11618-0
12,TEYCAB__ligand226-0
13,TEYCAB__ligand17-0
14,TEYCAB__ligand26529-0
15,TEYCAB__ligand416-0
16,TEYCAB__ligand8529-0
17,TEYCAB__ligand383-0
18,TEYCAB__ligand1169-0
19,TEYCAB__ligand28540-0
20,TEYCAB__ligand2027-0
21,TEYCAB__ligand11111-0
22,TEYCAB__ligand696-0
23,TEYCAB__ligand16369-0
24,TEYCAB__ligand1050-0
25,TEYCAB__ligand1015-0
26,TEYCAB__ligand27754-0
27,TEYCAB__ligand20695-0
28,TEYCAB__ligand22403-0
29,TEYCAB__ligand21399-0
30,TEYCAB__ligand10872-0
31,TEYCAB__ligand2692-0
32,TEYCAB__ligand12003-0
33,TEYCAB__ligand1618-0
34,TEYCAB__ligand16148-0
35,TEYCAB__ligand26631-0
36,TEYCAB__ligand1028-0
37,TEYCAB__ligand656-0
38,TEYCAB__ligand29215-0
39,TEYCAB__ligand4262-0
40,TEYCAB__ligand12001-0
41,TEYCAB__ligand24644-0
42,TEYCAB__ligand5415-0
43,TEYCAB__ligand10033-0
44,TEYCAB__ligand49-0
45,TEYCAB__ligand24872-0
46,TEYCAB__ligand4124-0
47,TEYCAB__ligand30728-0
48,TEYCAB__ligand4161-0
49,TEYCAB__ligand3471-0
50,TEYCAB__ligand27840-0
51,TEYCAB__ligand23175-0
52,TEYCAB__ligand15788-0
53,TEYCAB__ligand89-0
54,TEYCAB__ligand17396-0
55,TEYCAB__ligand6995-0
56,TEYCAB__ligand694-0
57,TEYCAB__ligand11587-0
58,TEYCAB__ligand13220-0
59,TEYCAB__ligand2823-0
60,TEYCAB__ligand4340-0
61,TEYCAB__ligand2650-0
62,TEYCAB__ligand2281-0
63,TEYCAB__ligand358-0
64,TEYCAB__ligand430-0
65,TEYCAB__ligand24111-0
66,TEYCAB__ligand22444-0
67,TEYCAB__ligand3180-0
68,TEYCAB__ligand13385-0
69,TEYCAB__ligand488-0
70,TEYCAB__ligand14569-0
71,TEYCAB__ligand17427-0
72,TEYCAB__ligand2001-0
73,TEYCAB__ligand7566-0
74,TEYCAB__ligand29486-0
75,TEYCAB__ligand8593-0
76,TEYCAB__ligand31694-0
77,TEYCAB__ligand9944-0
78,TEYCAB__ligand1113-0
79,TEYCAB__ligand25561-0
80,TEYCAB__ligand8553-0
81,TEYCAB__ligand12138-0
82,TEYCAB__ligand670-0
83,TEYCAB__ligand24780-0
84,TEYCAB__ligand22129-0
85,TEYCAB__ligand571-0
86,TEYCAB__ligand11949-0
87,TEYCAB__ligand534-0
88,TEYCAB__ligand5201-0
89,TEYCAB__ligand19792-0
90,TEYCAB__ligand10828-0
91,TEYCAB__ligand15926-0
92,TEYCAB__ligand24230-0
93,TEYCAB__ligand28810-0
94,TEYCAB__ligand11447-0
95,TEYCAB__ligand11096-0
96,TEYCAB__ligand15883-0
97,TEYCAB__ligand1831-0
98,TEYCAB__ligand5614-0
99,TEYCAB__ligand5280-0
100,TEYCAB__ligand11-0
101,TEYCAB__ligand6663-0
102,TEYCAB__ligand5515-0
103,TEYCAB__ligand199-0
104,TEYCAB__ligand11970-0
105,TEYCAB__ligand69-0
106,TEYCAB__ligand21919-0
107,TEYCAB__ligand1849-0
108,TEYCAB__ligand22294-0
109,TEYCAB__ligand588-0
110,TEYCAB__ligand22168-0
111,TEYCAB__ligand28930-0
112,TEYCAB__ligand11357-0
113,TEYCAB__ligand13862-0
114,TEYCAB__ligand3261-0
115,TEYCAB__ligand28743-0
116,TEYCAB__ligand1152-0
117,TEYCAB__ligand15531-0
118,TEYCAB__ligand5019-0
119,TEYCAB__ligand12365-0
120,TEYCAB__ligand1216-0
121,TEYCAB__ligand10056-0
122,TEYCAB__ligand300-0
123,TEYCAB__ligand11994-0
124,TEYCAB__ligand7213-0
125,TEYCAB__ligand1397-0
126,TEYCAB__ligand1828-0
127,TEYCAB__ligand31044-0
128,TEYCAB__ligand31842-0
129,TEYCAB__ligand6112-0
130,TEYCAB__ligand24035-0
131,TEYCAB__ligand8042-0
132,TEYCAB__ligand324-0
133,TEYCAB__ligand361-0
134,TEYCAB__ligand5085-0
135,TEYCAB__ligand409-0
136,TEYCAB__ligand14614-0
137,TEYCAB__ligand3144-0
138,TEYCAB__ligand5755-0
139,TEYCAB__ligand16663-0
140,TEYCAB__ligand4710-0
141,TEYCAB__ligand1908-0
142,TEYCAB__ligand3285-0
143,TEYCAB__ligand4795-0
144,TEYCAB__ligand16988-0
145,TEYCAB__ligand25913-0
146,TEYCAB__ligand1786-0
147,TEYCAB__ligand20207-0
148,TEYCAB__ligand30711-0
149,TEYCAB__ligand11682-0
150,TEYCAB__ligand5630-0
151,TEYCAB__ligand436-0
152,TEYCAB__ligand28459-0
153,TEYCAB__ligand12453-0
154,TEYCAB__ligand18448-0
155,TEYCAB__ligand7075-0
156,TEYCAB__ligand1149-0
157,TEYCAB__ligand3557-0
158,TEYCAB__ligand3980-0
159,TEYCAB__ligand1817-0
160,TEYCAB__ligand6993-0
161,TEYCAB__ligand1779-0
162,TEYCAB__ligand692-0
163,TEYCAB__ligand19184-0
164,TEYCAB__ligand9750-0
165,TEYCAB__ligand9491-0
166,TEYCAB__ligand18568-0
167,TEYCAB__ligand28685-0
168,TEYCAB__ligand4266-0
169,TEYCAB__ligand1400-0
170,TEYCAB__ligand13672-0
171,TEYCAB__ligand4167-0
172,TEYCAB__ligand10371-0
173,TEYCAB__ligand1288-0
174,TEYCAB__ligand326-0
175,TEYCAB__ligand3416-0
176,TEYCAB__ligand3453-0
177,TEYCAB__ligand633-0
178,TEYCAB__ligand4207-0
179,TEYCAB__ligand23197-0
180,TEYCAB__ligand1539-0
181,TEYCAB__ligand27285-0
182,TEYCAB__ligand29029-0
183,TEYCAB__ligand497-0
184,TEYCAB__ligand1150-0
185,TEYCAB__ligand4063-0
186,TEYCAB__ligand27669-0
187,TEYCAB__ligand7438-0
188,TEYCAB__ligand8200-0
189,TEYCAB__ligand30142-0
190,TEYCAB__ligand13477-0
191,TEYCAB__ligand14167-0
192,TEYCAB__ligand3042-0
193,TEYCAB__ligand5304-0
194,TEYCAB__ligand24953-0
195,TEYCAB__ligand23445-0
196,TEYCAB__ligand9167-0
197,TEYCAB__ligand16133-0
198,TEYCAB__ligand13755-0
199,TEYCAB__ligand2238-0
200,TEYCAB__ligand20432-0
201,TEYCAB__ligand27122-0
202,TEYCAB__ligand21940-0
203,TEYCAB__ligand201-0
204,TEYCAB__ligand1317-0
205,TEYCAB__ligand25048-0
206,TEYCAB__ligand3867-0
207,TEYCAB__ligand2822-0
208,TEYCAB__ligand7293-0
209,TEYCAB__ligand279-0
210,TEYCAB__ligand1407-0
211,TEYCAB__ligand6117-0
212,TEYCAB__ligand48-0
213,TEYCAB__ligand5509-0
214,TEYCAB__ligand8002-0
215,TEYCAB__ligand185-0
216,TEYCAB__ligand178-0
217,TEYCAB__ligand30004-0
218,TEYCAB__ligand20557-0
219,TEYCAB__ligand321-0
220,TEYCAB__ligand7762-0
221,TEYCAB__ligand5080-0
222,TEYCAB__ligand5595-0
223,TEYCAB__ligand91-0
224,TEYCAB__ligand4101-0
225,TEYCAB__ligand8-0
226,TEYCAB__ligand3120-0
227,TEYCAB__ligand3926-0
228,TEYCAB__ligand18413-0
229,TEYCAB__ligand4358-0
230,TEYCAB__ligand20844-0
231,TEYCAB__ligand24624-0
232,TEYCAB__ligand2221-0
233,TEYCAB__ligand18757-0
234,TEYCAB__ligand24560-0
235,TEYCAB__ligand2259-0
236,TEYCAB__ligand1296-0
237,TEYCAB__ligand5099-0
238,TEYCAB__ligand21752-0
239,TEYCAB__ligand8592-0
240,TEYCAB__ligand1197-0
241,TEYCAB__ligand338-0
242,TEYCAB__ligand51-0
243,TEYCAB__ligand30788-0
244,TEYCAB__ligand1376-0
245,TEYCAB__ligand13691-0
246,TEYCAB__ligand5510-0
247,TEYCAB__ligand9773-0
248,TEYCAB__ligand14339-0
249,TEYCAB__ligand3632-0
250,TEYCAB__ligand3677-0
251,TEYCAB__ligand20942-1
252,TEYCAB__ligand1294-0
253,TEYCAB__ligand21339-0
254,TEYCAB__ligand14226-0
255,TEYCAB__ligand16956-0
256,TEYCAB__ligand1168-0
257,TEYCAB__ligand126-0
258,TEYCAB__ligand163-0
259,TEYCAB__ligand6699-0
260,TEYCAB__ligand27771-0
261,TEYCAB__ligand18158-0
262,TEYCAB__ligand23682-0
263,TEYCAB__ligand16-0
264,TEYCAB__ligand29565-0
265,TEYCAB__ligand14007-0
266,TEYCAB__ligand1464-0
267,TEYCAB__ligand3712-0
268,TEYCAB__ligand18019-1
269,TEYCAB__ligand2881-0
270,TEYCAB__ligand1499-0
271,TEYCAB__ligand845-0
272,TEYCAB__ligand6892-0
273,TEYCAB__ligand27550-0
274,TEYCAB__ligand1211-0
275,TEYCAB__ligand9344-0
276,TEYCAB__ligand657-0
277,TEYCAB__ligand11501-0
278,TEYCAB__ligand11544-0
279,TEYCAB__ligand8000-0
280,TEYCAB__ligand187-0
281,TEYCAB__ligand29214-0
282,TEYCAB__ligand3736-0
283,TEYCAB__ligand3945-0
284,TEYCAB__ligand22357-0
285,TEYCAB__ligand366-0
286,TEYCAB__ligand11758-0
287,TEYCAB__ligand5383-0
288,TEYCAB__ligand21448-0
289,TEYCAB__ligand2693-0
290,TEYCAB__ligand777-0
291,TEYCAB__ligand11798-0
292,TEYCAB__ligand4007-0
293,TEYCAB__ligand2985-0
294,TEYCAB__ligand20731-0
295,TEYCAB__ligand12413-0
296,TEYCAB__ligand9299-0
297,TEYCAB__ligand29334-0
298,TEYCAB__ligand32-0
299,TEYCAB__ligand17445-0
300,TEYCAB__ligand7291-0
301,TEYCAB__ligand14477-0
302,TEYCAB__ligand941-0
303,TEYCAB__ligand596-0
304,TEYCAB__ligand17069-0
305,TEYCAB__ligand3677-1
306,TEYCAB__ligand9883-0
307,TEYCAB__ligand2203-0
308,TEYCAB__ligand5387-0
309,TEYCAB__ligand1289-0
310,TEYCAB__ligand22353-0
311,TEYCAB__ligand19906-0
312,TEYCAB__ligand19668-0
313,TEYCAB__ligand9450-0
314,TEYCAB__ligand10151-0
315,TEYCAB__ligand693-0
316,TEYCAB__ligand2612-0
317,TEYCAB__ligand1599-0
318,TEYCAB__ligand20121-0
319,TEYCAB__ligand57-0
320,TEYCAB__ligand15387-0
321,TEYCAB__ligand2043-0
322,TEYCAB__ligand122-0
323,TEYCAB__ligand20220-0
324,TEYCAB__ligand1832-0
325,TEYCAB__ligand8788-0
326,TEYCAB__ligand1604-0
327,TEYCAB__ligand16952-0
328,TEYCAB__ligand29813-0
329,TEYCAB__ligand757-0
330,TEYCAB__ligand1228-0
331,TEYCAB__ligand9943-0
332,TEYCAB__ligand9284-0
333,TEYCAB__ligand29441-0
334,TEYCAB__ligand6391-0
335,TEYCAB__ligand3126-0
336,TEYCAB__ligand10853-0
337,TEYCAB__ligand10479-0
338,TEYCAB__ligand27610-0
339,TEYCAB__ligand11479-0
340,TEYCAB__ligand1114-0
341,TEYCAB__ligand14347-0
342,TEYCAB__ligand13657-0
343,TEYCAB__ligand14302-0
344,TEYCAB__ligand2417-0
345,TEYCAB__ligand20530-0
346,TEYCAB__ligand11698-0
347,TEYCAB__ligand24851-0
348,TEYCAB__ligand7092-0
349,TEYCAB__ligand768-0
350,TEYCAB__ligand16603-0
351,TEYCAB__ligand2260-0
352,TEYCAB__ligand3225-0
353,TEYCAB__ligand1153-0
354,TEYCAB__ligand1116-0
355,TEYCAB__ligand2124-0
356,TEYCAB__ligand11814-0
357,TEYCAB__ligand8612-0
358,TEYCAB__ligand68-0
359,TEYCAB__ligand11622-0
360,TEYCAB__ligand7172-0
361,TEYCAB__ligand9323-0
362,TEYCAB__ligand16870-0
363,TEYCAB__ligand7273-0
364,TEYCAB__ligand15455-0
365,TEYCAB__ligand55-0
366,TEYCAB__ligand5180-0
367,TEYCAB__ligand11177-0
368,TEYCAB__ligand31205-0
369,TEYCAB__ligand25658-0
370,TEYCAB__ligand17686-0
371,TEYCAB__ligand6017-0
372,TEYCAB__ligand384-0
373,TEYCAB__ligand5708-0
374,TEYCAB__ligand7316-0
375,TEYCAB__ligand240-0
376,TEYCAB__ligand9753-0
377,TEYCAB__ligand1787-0
378,TEYCAB__ligand34-0
379,TEYCAB__ligand1356-0
380,TEYCAB__ligand10582-0
381,TEYCAB__ligand13260-0
382,TEYCAB__ligand5530-0
383,TEYCAB__ligand5159-0
384,TEYCAB__ligand141-0
385,TEYCAB__ligand7196-0
386,TEYCAB__ligand11252-0
387,TEYCAB__ligand4807-0
388,TEYCAB__ligand19824-0
389,TEYCAB__ligand18067-0
390,TEYCAB__ligand3178-0
391,TEYCAB__ligand20821-0
392,TEYCAB__ligand2906-0
393,TEYCAB__ligand26673-0
394,TEYCAB__ligand4711-0
395,TEYCAB__ligand3244-0
396,TEYCAB__ligand4649-0
397,TEYCAB__ligand8793-0
398,TEYCAB__ligand31000-0
399,TEYCAB__ligand5649-0
400,TEYCAB__ligand2788-0
401,TEYCAB__ligand11606-0
402,TEYCAB__ligand31578-0
403,TEYCAB__ligand5331-0
404,TEYCAB__ligand17207-0
405,TEYCAB__ligand1512-0
406,TEYCAB__ligand25224-0
407,TEYCAB__ligand18013-0
408,TEYCAB__ligand391-0
409,TEYCAB__ligand3565-0
410,TEYCAB__ligand17945-0
411,TEYCAB__ligand618-0
412,TEYCAB__ligand2485-0
413,TEYCAB__ligand3852-0
414,TEYCAB__ligand6919-0
415,TEYCAB__ligand24750-0
416,TEYCAB__ligand38-0
417,TEYCAB__ligand5211-0
418,TEYCAB__ligand15438-0
419,TEYCAB__ligand4155-0
420,TEYCAB__ligand28924-0
421,TEYCAB__ligand3094-0
422,TEYCAB__ligand4720-0
423,TEYCAB__ligand813-0
424,TEYCAB__ligand18703-0
425,TEYCAB__ligand3174-0
426,TEYCAB__ligand1202-0
427,TEYCAB__ligand3937-0
428,TEYCAB__ligand3131-0
429,TEYCAB__ligand29087-0
430,TEYCAB__ligand8969-0
431,TEYCAB__ligand314-0
432,TEYCAB__ligand780-0
433,TEYCAB__ligand6839-0
434,TEYCAB__ligand23589-0
435,TEYCAB__ligand7242-0
436,TEYCAB__ligand314-1
437,TEYCAB__ligand7106-0
438,TEYCAB__ligand24064-0
439,TEYCAB__ligand15168-0
440,TEYCAB__ligand9908-0
441,TEYCAB__ligand1263-0
442,TEYCAB__ligand11432-0
443,TEYCAB__ligand31618-0
444,TEYCAB__ligand10432-0
445,TEYCAB__ligand3504-0
446,TEYCAB__ligand22755-0
447,TEYCAB__ligand1959-0
448,TEYCAB__ligand1536-0
449,TEYCAB__ligand1573-0
450,TEYCAB__ligand9935-0
451,TEYCAB__ligand29898-0
452,TEYCAB__ligand26277-0
453,TEYCAB__ligand465-0
454,TEYCAB__ligand3718-0
455,TEYCAB__ligand3876-0
456,TEYCAB__ligand1343-0
457,TEYCAB__ligand3035-0
458,TEYCAB__ligand6616-0
459,TEYCAB__ligand1844-0
460,TEYCAB__ligand4661-0
461,TEYCAB__ligand1219-0
462,TEYCAB__ligand6709-0
463,TEYCAB__ligand422-0
464,TEYCAB__ligand7867-0
465,TEYCAB__ligand14586-0
466,TEYCAB__ligand11774-0
467,TEYCAB__ligand21421-0
468,TEYCAB__ligand4016-0
469,TEYCAB__ligand17710-0
470,TEYCAB__ligand20579-0
471,TEYCAB__ligand7238-0
472,TEYCAB__ligand11568-0
473,TEYCAB__ligand7280-0
474,TEYCAB__ligand1790-0
475,TEYCAB__ligand66-0
476,TEYCAB__ligand1304-0
477,TEYCAB__ligand686-0
478,TEYCAB__ligand7629-0
479,TEYCAB__ligand196-0
480,TEYCAB__ligand1451-0
481,TEYCAB__ligand4272-0
482,TEYCAB__ligand31483-0
483,TEYCAB__ligand9784-0
484,TEYCAB__ligand10555-0
485,TEYCAB__ligand1160-0
486,TEYCAB__ligand8699-0
487,TEYCAB__ligand19725-0
488,TEYCAB__ligand9520-0
489,TEYCAB__ligand4093-0
490,TEYCAB__ligand4442-0
491,TEYCAB__ligand3954-0
492,TEYCAB__ligand24613-0
493,TEYCAB__ligand4157-0
494,TEYCAB__ligand5256-0
495,TEYCAB__ligand8876-0
496,TEYCAB__ligand2828-0
497,TEYCAB__ligand7648-0
498,TEYCAB__ligand9833-0
499,TEYCAB__ligand353-0
500,TEYCAB__ligand9291-0
501,TEYCAB__ligand12336-0
502,TEYCAB__ligand2176-0
503,TEYCAB__ligand13072-0
504,TEYCAB__ligand2232-0
505,TEYCAB__ligand17590-0
506,TEYCAB__ligand1285-0
507,TEYCAB__ligand393-0
508,TEYCAB__ligand7000-0
509,TEYCAB__ligand1982-0
510,TEYCAB__ligand17240-0
511,TEYCAB__ligand6768-0
512,TEYCAB__ligand8115-0
513,TEYCAB__ligand18699-0
514,TEYCAB__ligand4503-0
515,TEYCAB__ligand42-0
516,TEYCAB__ligand4546-0
517,TEYCAB__ligand12682-0
518,TEYCAB__ligand487-0
519,TEYCAB__ligand8992-0
520,TEYCAB__ligand18391-0
521,TEYCAB__ligand27169-0
522,TEYCAB__ligand14523-0
523,TEYCAB__ligand9601-0
524,TEYCAB__ligand3707-0
525,TEYCAB__ligand20599-0
526,TEYCAB__ligand6124-0
527,TEYCAB__ligand7967-0
528,TEYCAB__ligand22981-0
529,TEYCAB__ligand25805-0
530,TEYCAB__ligand4116-0
531,TEYCAB__ligand27074-0
532,TEYCAB__ligand1018-0
533,TEYCAB__ligand176-0
534,TEYCAB__ligand23904-0
535,TEYCAB__ligand5643-0
536,TEYCAB__ligand1823-0
537,TEYCAB__ligand8721-0
538,TEYCAB__ligand21936-0
539,TEYCAB__ligand13257-0
540,TEYCAB__ligand1324-0
541,TEYCAB__ligand12467-0
542,TEYCAB__ligand9952-0
543,TEYCAB__ligand9111-0
544,TEYCAB__ligand447-0
545,TEYCAB__ligand2526-0
546,TEYCAB__ligand5036-0
547,TEYCAB__ligand1615-0
548,TEYCAB__ligand10084-0
549,TEYCAB__ligand25267-0
550,TEYCAB__ligand746-0
551,TEYCAB__ligand11140-0
552,TEYCAB__ligand2332-0
553,TEYCAB__ligand29610-0
554,TEYCAB__ligand9441-0
555,TEYCAB__ligand152-0
556,TEYCAB__ligand18074-0
557,TEYCAB__ligand13869-0
558,TEYCAB__ligand29863-0
559,TEYCAB__ligand1631-0
560,TEYCAB__ligand9933-0
561,TEYCAB__ligand1530-0
562,TEYCAB__ligand1575-0
563,TEYCAB__ligand3156-0
564,TEYCAB__ligand18799-0
565,TEYCAB__ligand2915-0
566,TEYCAB__ligand18465-0
567,TEYCAB__ligand28668-0
568,TEYCAB__ligand6244-0
569,TEYCAB__ligand506-0
570,TEYCAB__ligand1378-0
571,TEYCAB__ligand16791-0
572,TEYCAB__ligand833-0
573,TEYCAB__ligand7819-0
574,TEYCAB__ligand25650-0
575,TEYCAB__ligand2917-0
576,TEYCAB__ligand31248-0
577,TEYCAB__ligand6596-0
578,TEYCAB__ligand3721-0
579,TEYCAB__ligand6904-0
580,TEYCAB__ligand6102-0
581,TEYCAB__ligand13209-0
582,TEYCAB__ligand19257-0
583,TEYCAB__ligand18-0
584,TEYCAB__ligand3465-0
585,TEYCAB__ligand12660-0
586,TEYCAB__ligand23124-0
587,TEYCAB__ligand115-0
588,TEYCAB__ligand11206-0
589,TEYCAB__ligand4620-0
590,TEYCAB__ligand25735-0
591,TEYCAB__ligand12519-0
592,TEYCAB__ligand2295-0
593,TEYCAB__ligand1577-0
594,TEYCAB__ligand6067-0
595,TEYCAB__ligand4-0
596,TEYCAB__ligand11166-0
597,TEYCAB__ligand21132-0
598,TEYCAB__ligand4641-0
599,TEYCAB__ligand23906-0
600,TEYCAB__ligand395-0
601,TEYCAB__ligand368-0
602,TEYCAB__ligand30539-0
603,TEYCAB__ligand784-0
604,TEYCAB__ligand1142-0
605,TEYCAB__ligand25689-0
606,TEYCAB__ligand3234-0
607,TEYCAB__ligand21787-0
608,TEYCAB__ligand25575-0
609,TEYCAB__ligand27835-0
610,TEYCAB__ligand12295-0
611,TEYCAB__ligand8835-0
612,TEYCAB__ligand2028-0
613,TEYCAB__ligand7126-0
614,TEYCAB__ligand17631-0
615,TEYCAB__ligand13012-0
616,TEYCAB__ligand26665-0
617,TEYCAB__ligand9148-0
618,TEYCAB__ligand14603-0
619,TEYCAB__ligand14297-0
620,TEYCAB__ligand17258-0
621,TEYCAB__ligand197-0
622,TEYCAB__ligand31783-0
623,TEYCAB__ligand1415-0
624,TEYCAB__ligand6946-0
625,TEYCAB__ligand7529-0
626,TEYCAB__ligand5627-0
627,TEYCAB__ligand20578-0
628,TEYCAB__ligand12934-0
629,TEYCAB__ligand15422-0
630,TEYCAB__ligand1729-0
631,TEYCAB__ligand19641-0
632,TEYCAB__ligand2830-0
633,TEYCAB__ligand14723-0
634,TEYCAB__ligand67-0
635,TEYCAB__ligand27893-0
636,TEYCAB__ligand3-0
637,TEYCAB__ligand5316-0
638,TEYCAB__ligand30988-0
639,TEYCAB__ligand27175-0
640,TEYCAB__ligand18832-0
641,TEYCAB__ligand23713-0
642,TEYCAB__ligand5483-0
643,TEYCAB__ligand1449-0
644,TEYCAB__ligand27460-0
645,TEYCAB__ligand43-0
646,TEYCAB__ligand3012-0
647,TEYCAB__ligand7530-0
648,TEYCAB__ligand1065-0
649,TEYCAB__ligand868-0
650,TEYCAB__ligand9681-0
651,TEYCAB__ligand16628-0
652,TEYCAB__ligand12427-0
653,TEYCAB__ligand4332-0
654,TEYCAB__ligand28468-0
655,TEYCAB__ligand20740-0
656,TEYCAB__ligand352-0
657,TEYCAB__ligand26540-0
658,TEYCAB__ligand783-0
659,TEYCAB__ligand12337-0
660,TEYCAB__ligand3934-0
661,TEYCAB__ligand29410-0
662,TEYCAB__ligand30296-0
663,TEYCAB__ligand17281-0
664,TEYCAB__ligand6455-0
665,TEYCAB__ligand6882-0
666,TEYCAB__ligand12606-0
667,TEYCAB__ligand2403-0
668,TEYCAB__ligand30333-0
669,TEYCAB__ligand1147-0
670,TEYCAB__ligand3973-0
671,TEYCAB__ligand14108-0
672,TEYCAB__ligand560-0
673,TEYCAB__ligand2068-0
674,TEYCAB__ligand10958-0
675,TEYCAB__ligand7925-0
676,TEYCAB__ligand12641-0
677,TEYCAB__ligand7532-0
678,TEYCAB__ligand28676-0
679,TEYCAB__ligand10262-0
680,TEYCAB__ligand27763-0
681,TEYCAB__ligand134-0
682,TEYCAB__ligand4194-0
683,TEYCAB__ligand235-0
684,TEYCAB__ligand2599-0
685,TEYCAB__ligand29302-0
686,TEYCAB__ligand13425-0
687,TEYCAB__ligand4330-0
688,TEYCAB__ligand18814-0
689,TEYCAB__ligand19057-0
690,TEYCAB__ligand685-0
691,TEYCAB__ligand6283-0
692,TEYCAB__ligand12231-0
693,TEYCAB__ligand18292-0
694,TEYCAB__ligand12289-0
695,TEYCAB__ligand26702-0
696,TEYCAB__ligand13658-0
697,TEYCAB__ligand17387-0
698,TEYCAB__ligand12130-0
699,TEYCAB__ligand5813-0
700,TEYCAB__ligand10476-0
701,TEYCAB__ligand4813-0
702,TEYCAB__ligand4738-0
703,TEYCAB__ligand13068-0
704,TEYCAB__ligand19830-0
705,TEYCAB__ligand12401-0
706,TEYCAB__ligand6062-0
707,TEYCAB__ligand15585-0
708,TEYCAB__ligand1-0
709,TEYCAB__ligand421-0
710,TEYCAB__ligand24145-0
711,TEYCAB__ligand25178-0
712,TEYCAB__ligand24185-0
713,TEYCAB__ligand3215-0
714,TEYCAB__ligand23769-0
715,TEYCAB__ligand17805-0
716,TEYCAB__ligand294-0
717,TEYCAB__ligand17302-0
718,TEYCAB__ligand7107-0
719,TEYCAB__ligand1533-0
720,TEYCAB__ligand13390-0
721,TEYCAB__ligand20682-0
722,TEYCAB__ligand7557-0
723,TEYCAB__ligand1496-0
724,TEYCAB__ligand250-0
725,TEYCAB__ligand24-0
726,TEYCAB__ligand13208-0
727,TEYCAB__ligand19-0
728,TEYCAB__ligand1712-0
729,TEYCAB__ligand4131-0
730,TEYCAB__ligand26810-0
731,TEYCAB__ligand27482-0
732,TEYCAB__ligand370-0
733,TEYCAB__ligand5892-0
734,TEYCAB__ligand5094-0
735,TEYCAB__ligand2328-0
736,TEYCAB__ligand620-0
737,TEYCAB__ligand31832-0
738,TEYCAB__ligand4581-0
739,TEYCAB__ligand1773-0
740,TEYCAB__ligand370-1
741,TEYCAB__ligand13294-0
742,TEYCAB__ligand564-0
743,TEYCAB__ligand3029-0
744,TEYCAB__ligand78-0
745,TEYCAB__ligand7162-0
746,TEYCAB__ligand28884-0
747,TEYCAB__ligand13331-0
748,TEYCAB__ligand479-0
749,TEYCAB__ligand785-0
750,TEYCAB__ligand311-0
751,TEYCAB__ligand1900-0
752,TEYCAB__ligand12030-0
753,TEYCAB__ligand14248-0
754,TEYCAB__ligand29879-0
755,TEYCAB__ligand9197-0
756,TEYCAB__ligand3208-0
757,TEYCAB__ligand2208-0
758,TEYCAB__ligand11456-0
759,TEYCAB__ligand14174-0
760,TEYCAB__ligand10712-0
761,TEYCAB__ligand188-0
762,TEYCAB__ligand45-0
763,TEYCAB__ligand1327-0
764,TEYCAB__ligand9809-0
765,TEYCAB__ligand6672-0
766,TEYCAB__ligand8722-0
767,TEYCAB__ligand2781-0
768,TEYCAB__ligand7573-0
769,TEYCAB__ligand3350-0
770,TEYCAB__ligand25411-0
771,TEYCAB__ligand20251-1
772,TEYCAB__ligand2527-0
773,TEYCAB__ligand1709-0
774,TEYCAB__ligand8464-0
775,TEYCAB__ligand177-0
776,TEYCAB__ligand8349-0
777,TEYCAB__ligand14703-0
778,TEYCAB__ligand16475-0
779,TEYCAB__ligand3392-0
780,TEYCAB__ligand20598-0
781,TEYCAB__ligand11675-0
782,TEYCAB__ligand24047-0
783,TEYCAB__ligand10589-0
784,TEYCAB__ligand22557-0
785,TEYCAB__ligand4911-0
786,TEYCAB__ligand1771-0
787,TEYCAB__ligand909-0
788,TEYCAB__ligand17398-0
789,TEYCAB__ligand5849-0
790,TEYCAB__ligand17278-0
791,TEYCAB__ligand20011-0
792,TEYCAB__ligand17982-0
793,TEYCAB__ligand29414-0
794,TEYCAB__ligand14889-0
795,TEYCAB__ligand30851-0
796,TEYCAB__ligand5935-0
797,TEYCAB__ligand193-0
798,TEYCAB__ligand29568-0
799,TEYCAB__ligand1379-0
800,TEYCAB__ligand2722-0
801,TEYCAB__ligand3157-0
802,TEYCAB__ligand372-0
803,TEYCAB__ligand28789-0
804,TEYCAB__ligand1165-0
805,TEYCAB__ligand20419-0
806,TEYCAB__ligand21371-0
807,TEYCAB__ligand830-0
808,TEYCAB__ligand9525-0
809,TEYCAB__ligand17118-0
810,TEYCAB__ligand5056-0
811,TEYCAB__ligand4850-0
812,TEYCAB__ligand1688-0
813,TEYCAB__ligand14117-0
814,TEYCAB__ligand5357-0
815,TEYCAB__ligand17261-0
816,TEYCAB__ligand3647-0
817,TEYCAB__ligand3871-0
818,TEYCAB__ligand1469-0
819,TEYCAB__ligand252-0
820,TEYCAB__ligand31097-0
821,TEYCAB__ligand21581-0
822,TEYCAB__ligand20539-0
823,TEYCAB__ligand20214-0
824,TEYCAB__ligand30702-0
825,TEYCAB__ligand1768-0
826,TEYCAB__ligand20251-0
827,TEYCAB__ligand116-0
