,TMC
0,GUQBUQ__ligand1542-0
1,GUQBUQ__ligand2634-0
2,GUQBUQ__ligand18-0
3,GUQBUQ__ligand3041-0
4,GUQBUQ__ligand196-0
5,GUQBUQ__ligand502-0
6,GUQBUQ__ligand2751-0
7,GUQBUQ__ligand113-0
8,GUQBUQ__ligand422-0
9,GUQBUQ__ligand1747-0
10,GUQBUQ__ligand6686-0
11,GUQBUQ__ligand7915-0
12,GUQBUQ__ligand5548-0
13,GUQBUQ__ligand236-0
14,GUQBUQ__ligand3145-0
15,GUQBUQ__ligand6332-0
16,GUQBUQ__ligand353-0
17,GUQBUQ__ligand3178-0
18,GUQBUQ__ligand2863-0
19,GUQBUQ__ligand2098-0
20,GUQBUQ__ligand6502-0
21,GUQBUQ__ligand314-0
22,GUQBUQ__ligand481-0
23,GUQBUQ__ligand1148-0
24,GUQBUQ__ligand86-0
25,GUQBUQ__ligand1479-0
26,GUQBUQ__ligand170-0
27,GUQBUQ__ligand3246-0
28,GUQBUQ__ligand391-0
29,GUQBUQ__ligand62-0
30,GUQBUQ__ligand210-0
31,GUQBUQ__ligand1538-0
32,GUQBUQ__ligand1114-0
33,GUQBUQ__ligand9244-0
34,GUQBUQ__ligand1228-0
35,GUQBUQ__ligand1685-0
36,GUQBUQ__ligand3757-0
37,GUQBUQ__ligand2087-0
38,GUQBUQ__ligand66-0
39,GUQBUQ__ligand1048-0
40,GUQBUQ__ligand115-0
41,GUQBUQ__ligand291-0
42,GUQBUQ__ligand4-0
43,GUQBUQ__ligand1459-0
44,GUQBUQ__ligand1544-0
45,GUQBUQ__ligand3063-0
46,GUQBUQ__ligand1438-0
47,GUQBUQ__ligand485-0
48,GUQBUQ__ligand5801-0
49,GUQBUQ__ligand784-0
50,GUQBUQ__ligand355-0
51,GUQBUQ__ligand1171-0
52,GUQBUQ__ligand4381-0
53,GUQBUQ__ligand2629-0
54,GUQBUQ__ligand447-0
55,GUQBUQ__ligand3734-0
56,GUQBUQ__ligand40-0
57,GUQBUQ__ligand1706-0
58,GUQBUQ__ligand133-0
59,GUQBUQ__ligand666-0
60,GUQBUQ__ligand38-0
61,GUQBUQ__ligand522-0
62,GUQBUQ__ligand487-0
63,GUQBUQ__ligand1376-0
64,GUQBUQ__ligand2768-0
65,GUQBUQ__ligand6-0
66,GUQBUQ__ligand2259-0
67,GUQBUQ__ligand2688-0
68,GUQBUQ__ligand1687-0
69,GUQBUQ__ligand1951-0
70,GUQBUQ__ligand6277-0
71,GUQBUQ__ligand21-0
72,GUQBUQ__ligand682-0
73,GUQBUQ__ligand7464-0
74,GUQBUQ__ligand390-0
75,GUQBUQ__ligand235-0
76,GUQBUQ__ligand134-0
77,GUQBUQ__ligand932-0
78,GUQBUQ__ligand1054-0
79,GUQBUQ__ligand109-0
80,GUQBUQ__ligand6294-0
81,GUQBUQ__ligand525-0
82,GUQBUQ__ligand560-0
83,GUQBUQ__ligand1248-0
84,GUQBUQ__ligand4303-0
85,GUQBUQ__ligand1598-0
86,GUQBUQ__ligand993-0
87,GUQBUQ__ligand8774-0
88,GUQBUQ__ligand294-0
89,GUQBUQ__ligand1-0
90,GUQBUQ__ligand3637-0
91,GUQBUQ__ligand11730-0
92,GUQBUQ__ligand331-0
93,GUQBUQ__ligand421-0
94,GUQBUQ__ligand798-0
95,GUQBUQ__ligand916-0
96,GUQBUQ__ligand584-0
97,GUQBUQ__ligand1152-0
98,GUQBUQ__ligand112-0
99,GUQBUQ__ligand1727-0
100,GUQBUQ__ligand296-0
101,GUQBUQ__ligand3-0
102,GUQBUQ__ligand197-0
103,GUQBUQ__ligand1607-0
104,GUQBUQ__ligand85-0
105,GUQBUQ__ligand2862-0
106,GUQBUQ__ligand78-0
107,GUQBUQ__ligand1056-0
108,GUQBUQ__ligand2320-0
109,GUQBUQ__ligand2510-0
110,GUQBUQ__ligand1567-0
111,GUQBUQ__ligand2285-0
112,GUQBUQ__ligand783-0
113,GUQBUQ__ligand352-0
114,GUQBUQ__ligand8921-0
115,GUQBUQ__ligand442-0
116,GUQBUQ__ligand2907-0
117,GUQBUQ__ligand868-0
118,GUQBUQ__ligand2430-0
119,GUQBUQ__ligand1703-0
120,GUQBUQ__ligand45-0
121,GUQBUQ__ligand136-0
122,GUQBUQ__ligand851-0
123,GUQBUQ__ligand1052-0
124,GUQBUQ__ligand909-0
125,GUQBUQ__ligand177-0
126,GUQBUQ__ligand934-0
127,GUQBUQ__ligand1273-0
128,GUQBUQ__ligand955-0
129,GUQBUQ__ligand9027-0
130,GUQBUQ__ligand252-0
131,GUQBUQ__ligand6396-0
132,GUQBUQ__ligand2265-0
133,GUQBUQ__ligand1113-0
134,GUQBUQ__ligand830-0
135,GUQBUQ__ligand1502-0
136,GUQBUQ__ligand4983-0
137,GUQBUQ__ligand193-0
138,GUQBUQ__ligand1835-0
139,GUQBUQ__ligand2794-0
140,GUQBUQ__ligand2345-0
141,GUQBUQ__ligand370-0
142,GUQBUQ__ligand5022-0
143,GUQBUQ__ligand1169-0
144,GUQBUQ__ligand1799-0
145,GUQBUQ__ligand3838-0
146,GUQBUQ__ligand2838-0
147,GUQBUQ__ligand250-0
148,GUQBUQ__ligand2880-0
149,GUQBUQ__ligand5941-0
150,GUQBUQ__ligand67-0
151,GUQBUQ__ligand460-0
152,GUQBUQ__ligand6538-0
153,GUQBUQ__ligand9495-0
154,GUQBUQ__ligand2772-0
155,GUQBUQ__ligand188-0
156,GUQBUQ__ligand6151-0
157,GUQBUQ__ligand369-0
158,GUQBUQ__ligand2142-0
159,GUQBUQ__ligand444-0
160,GUQBUQ__ligand311-0
161,GUQBUQ__ligand2864-0
162,GUQBUQ__ligand1104-0
163,GUQBUQ__ligand5762-0
164,GUQBUQ__ligand7414-0
165,GUQBUQ__ligand430-0
166,GUQBUQ__ligand358-0
167,GUQBUQ__ligand2442-0
168,GUQBUQ__ligand669-0
169,GUQBUQ__ligand1019-0
170,GUQBUQ__ligand6571-0
171,GUQBUQ__ligand278-0
172,GUQBUQ__ligand2482-0
173,GUQBUQ__ligand1325-0
174,GUQBUQ__ligand365-0
175,GUQBUQ__ligand571-0
176,GUQBUQ__ligand118-0
177,GUQBUQ__ligand2376-0
178,GUQBUQ__ligand670-0
179,GUQBUQ__ligand2929-0
180,GUQBUQ__ligand1221-0
181,GUQBUQ__ligand1264-0
182,GUQBUQ__ligand6430-0
183,GUQBUQ__ligand1299-0
184,GUQBUQ__ligand1379-0
185,GUQBUQ__ligand509-0
186,GUQBUQ__ligand383-0
187,GUQBUQ__ligand3579-0
188,GUQBUQ__ligand2916-0
189,GUQBUQ__ligand2110-0
190,GUQBUQ__ligand226-0
191,GUQBUQ__ligand1712-0
192,GUQBUQ__ligand11-0
193,GUQBUQ__ligand162-0
194,GUQBUQ__ligand2389-0
195,GUQBUQ__ligand1919-0
196,GUQBUQ__ligand2480-0
197,GUQBUQ__ligand4504-0
198,GUQBUQ__ligand3051-0
199,GUQBUQ__ligand1898-0
200,GUQBUQ__ligand2315-0
201,GUQBUQ__ligand5334-0
202,GUQBUQ__ligand1858-0
203,GUQBUQ__ligand8032-0
204,GUQBUQ__ligand326-0
205,GUQBUQ__ligand2599-0
206,GUQBUQ__ligand5089-0
207,GUQBUQ__ligand821-0
208,GUQBUQ__ligand49-0
209,GUQBUQ__ligand283-0
210,GUQBUQ__ligand2853-0
211,GUQBUQ__ligand3853-0
212,GUQBUQ__ligand553-0
213,GUQBUQ__ligand206-0
214,GUQBUQ__ligand89-0
215,GUQBUQ__ligand6166-0
216,GUQBUQ__ligand142-0
217,GUQBUQ__ligand1246-0
218,GUQBUQ__ligand436-0
219,GUQBUQ__ligand166-0
220,GUQBUQ__ligand15630-0
221,GUQBUQ__ligand10357-0
222,GUQBUQ__ligand838-0
223,GUQBUQ__ligand497-0
224,GUQBUQ__ligand532-0
225,GUQBUQ__ligand1307-0
226,GUQBUQ__ligand633-0
227,GUQBUQ__ligand918-0
228,GUQBUQ__ligand4811-0
229,GUQBUQ__ligand1449-1
230,GUQBUQ__ligand7514-0
231,GUQBUQ__ligand3337-0
232,GUQBUQ__ligand92-0
233,GUQBUQ__ligand575-0
234,GUQBUQ__ligand199-0
235,GUQBUQ__ligand927-0
236,GUQBUQ__ligand17-0
237,GUQBUQ__ligand4894-0
238,GUQBUQ__ligand1260-0
239,GUQBUQ__ligand9620-0
240,GUQBUQ__ligand140-0
241,GUQBUQ__ligand105-0
242,GUQBUQ__ligand1788-0
243,GUQBUQ__ligand3566-0
244,GUQBUQ__ligand1178-0
245,GUQBUQ__ligand409-0
246,GUQBUQ__ligand324-0
247,GUQBUQ__ligand361-0
248,GUQBUQ__ligand1321-0
249,GUQBUQ__ligand1918-0
250,GUQBUQ__ligand95-0
251,GUQBUQ__ligand4175-0
252,GUQBUQ__ligand55-0
253,GUQBUQ__ligand126-0
254,GUQBUQ__ligand2255-0
255,GUQBUQ__ligand596-0
256,GUQBUQ__ligand34-0
257,GUQBUQ__ligand1436-0
258,GUQBUQ__ligand2618-0
259,GUQBUQ__ligand3618-0
260,GUQBUQ__ligand861-0
261,GUQBUQ__ligand366-0
262,GUQBUQ__ligand4370-0
263,GUQBUQ__ligand187-0
264,GUQBUQ__ligand612-0
265,GUQBUQ__ligand1551-0
266,GUQBUQ__ligand321-0
267,GUQBUQ__ligand2526-0
268,GUQBUQ__ligand178-0
269,GUQBUQ__ligand279-0
270,GUQBUQ__ligand2707-0
271,GUQBUQ__ligand201-0
272,GUQBUQ__ligand244-0
273,GUQBUQ__ligand73-0
274,GUQBUQ__ligand100-0
275,GUQBUQ__ligand1690-0
276,GUQBUQ__ligand124-0
277,GUQBUQ__ligand8-0
278,GUQBUQ__ligand57-0
279,GUQBUQ__ligand2915-0
280,GUQBUQ__ligand4012-0
281,GUQBUQ__ligand3196-0
282,GUQBUQ__ligand119-0
283,GUQBUQ__ligand1160-0
284,GUQBUQ__ligand10479-0
285,GUQBUQ__ligand2253-0
286,GUQBUQ__ligand384-0
287,GUQBUQ__ligand2954-0
288,GUQBUQ__ligand5093-0
289,GUQBUQ__ligand2762-0
290,GUQBUQ__ligand120-0
291,GUQBUQ__ligand1038-0
292,GUQBUQ__ligand7550-0
293,GUQBUQ__ligand10114-0
294,GUQBUQ__ligand7630-0
295,GUQBUQ__ligand1285-0
296,GUQBUQ__ligand1555-0
297,GUQBUQ__ligand4423-0
298,GUQBUQ__ligand1907-0
299,GUQBUQ__ligand32-0
300,GUQBUQ__ligand3890-0
301,GUQBUQ__ligand141-0
302,GUQBUQ__ligand240-0
303,GUQBUQ__ligand7456-0
304,GUQBUQ__ligand1818-0
305,GUQBUQ__ligand48-0
306,GUQBUQ__ligand3478-0
307,GUQBUQ__ligand3852-0
308,GUQBUQ__ligand10910-0
309,GUQBUQ__ligand5758-0
310,GUQBUQ__ligand2718-0
311,GUQBUQ__ligand3070-0
312,GUQBUQ__ligand3035-0
313,GUQBUQ__ligand91-0
314,GUQBUQ__ligand29-0
315,GUQBUQ__ligand1493-0
316,GUQBUQ__ligand9176-0
317,GUQBUQ__ligand797-0
318,GUQBUQ__ligand757-0
319,GUQBUQ__ligand14530-0
320,GUQBUQ__ligand3251-0
321,GUQBUQ__ligand51-0
322,GUQBUQ__ligand4619-0
323,GUQBUQ__ligand6143-0
324,GUQBUQ__ligand5235-0
