,TMC
0,KOCNUM__ligand1171-0
1,KOCNUM__ligand210-0
2,KOCNUM__ligand1438-0
3,KOCNUM__ligand3063-0
4,KOCNUM__ligand5801-0
5,KOCNUM__ligand1459-0
6,KOCNUM__ligand314-0
7,KOCNUM__ligand481-0
8,KOCNUM__ligand1544-0
9,KOCNUM__ligand1685-0
10,KOCNUM__ligand170-0
11,KOCNUM__ligand391-0
12,KOCNUM__ligand1048-0
13,KOCNUM__ligand2087-0
14,KOCNUM__ligand3757-0
15,KOCNUM__ligand1951-0
16,KOCNUM__ligand45-0
17,KOCNUM__ligand236-0
18,KOCNUM__ligand1687-0
19,KOCNUM__ligand6277-0
20,KOCNUM__ligand353-0
21,KOCNUM__ligand2768-0
22,KOCNUM__ligand1376-0
23,KOCNUM__ligand85-0
24,KOCNUM__ligand2259-0
25,KOCNUM__ligand2688-0
26,KOCNUM__ligand78-0
27,KOCNUM__ligand502-0
28,KOCNUM__ligand196-0
29,KOCNUM__ligand2629-0
30,KOCNUM__ligand4381-0
31,KOCNUM__ligand113-0
32,KOCNUM__ligand1706-0
33,KOCNUM__ligand422-0
34,KOCNUM__ligand3734-0
35,KOCNUM__ligand3178-0
36,KOCNUM__ligand6332-0
37,KOCNUM__ligand6502-0
38,KOCNUM__ligand2098-0
39,KOCNUM__ligand2863-0
40,KOCNUM__ligand10479-0
41,KOCNUM__ligand5548-0
42,KOCNUM__ligand7915-0
43,KOCNUM__ligand1747-0
44,KOCNUM__ligand6686-0
45,KOCNUM__ligand3145-0
46,KOCNUM__ligand682-0
47,KOCNUM__ligand2751-0
48,KOCNUM__ligand447-0
49,KOCNUM__ligand133-0
50,KOCNUM__ligand10114-0
51,KOCNUM__ligand666-0
52,KOCNUM__ligand2634-0
53,KOCNUM__ligand1542-0
54,KOCNUM__ligand522-0
55,KOCNUM__ligand3041-0
56,KOCNUM__ligand487-0
57,KOCNUM__ligand1228-0
58,KOCNUM__ligand9244-0
59,KOCNUM__ligand485-0
60,KOCNUM__ligand355-0
61,KOCNUM__ligand784-0
62,KOCNUM__ligand10910-0
63,KOCNUM__ligand1114-0
64,KOCNUM__ligand1538-0
65,KOCNUM__ligand115-0
66,KOCNUM__ligand3246-0
67,KOCNUM__ligand67-0
68,KOCNUM__ligand1148-0
69,KOCNUM__ligand291-0
70,KOCNUM__ligand1479-0
71,KOCNUM__ligand14530-0
72,KOCNUM__ligand1502-0
73,KOCNUM__ligand2794-0
74,KOCNUM__ligand2345-0
75,KOCNUM__ligand1835-0
76,KOCNUM__ligand8-0
77,KOCNUM__ligand352-0
78,KOCNUM__ligand783-0
79,KOCNUM__ligand4983-0
80,KOCNUM__ligand442-0
81,KOCNUM__ligand9027-0
82,KOCNUM__ligand868-0
83,KOCNUM__ligand136-0
84,KOCNUM__ligand1113-0
85,KOCNUM__ligand2265-0
86,KOCNUM__ligand6396-0
87,KOCNUM__ligand1273-0
88,KOCNUM__ligand112-0
89,KOCNUM__ligand296-0
90,KOCNUM__ligand18-0
91,KOCNUM__ligand197-0
92,KOCNUM__ligand1052-0
93,KOCNUM__ligand993-0
94,KOCNUM__ligand294-0
95,KOCNUM__ligand331-0
96,KOCNUM__ligand2864-0
97,KOCNUM__ligand6151-0
98,KOCNUM__ligand798-0
99,KOCNUM__ligand2772-0
100,KOCNUM__ligand421-0
101,KOCNUM__ligand9495-0
102,KOCNUM__ligand6538-0
103,KOCNUM__ligand584-0
104,KOCNUM__ligand916-0
105,KOCNUM__ligand62-0
106,KOCNUM__ligand2142-0
107,KOCNUM__ligand390-0
108,KOCNUM__ligand2880-0
109,KOCNUM__ligand5941-0
110,KOCNUM__ligand2838-0
111,KOCNUM__ligand3838-0
112,KOCNUM__ligand1799-0
113,KOCNUM__ligand235-0
114,KOCNUM__ligand932-0
115,KOCNUM__ligand134-0
116,KOCNUM__ligand1169-0
117,KOCNUM__ligand109-0
118,KOCNUM__ligand5022-0
119,KOCNUM__ligand560-0
120,KOCNUM__ligand525-0
121,KOCNUM__ligand86-0
122,KOCNUM__ligand188-0
123,KOCNUM__ligand444-0
124,KOCNUM__ligand369-0
125,KOCNUM__ligand311-0
126,KOCNUM__ligand8774-0
127,KOCNUM__ligand3637-0
128,KOCNUM__ligand370-0
129,KOCNUM__ligand6294-0
130,KOCNUM__ligand10357-0
131,KOCNUM__ligand1054-0
132,KOCNUM__ligand15630-0
133,KOCNUM__ligand1598-0
134,KOCNUM__ligand4303-0
135,KOCNUM__ligand1248-0
136,KOCNUM__ligand250-0
137,KOCNUM__ligand66-0
138,KOCNUM__ligand7464-0
139,KOCNUM__ligand460-0
140,KOCNUM__ligand21-0
141,KOCNUM__ligand955-0
142,KOCNUM__ligand2907-0
143,KOCNUM__ligand252-0
144,KOCNUM__ligand1703-0
145,KOCNUM__ligand2430-0
146,KOCNUM__ligand2320-0
147,KOCNUM__ligand1056-0
148,KOCNUM__ligand830-0
149,KOCNUM__ligand2862-0
150,KOCNUM__ligand8921-0
151,KOCNUM__ligand193-0
152,KOCNUM__ligand2285-0
153,KOCNUM__ligand1567-0
154,KOCNUM__ligand2510-0
155,KOCNUM__ligand851-0
156,KOCNUM__ligand909-0
157,KOCNUM__ligand1607-0
158,KOCNUM__ligand38-0
159,KOCNUM__ligand934-0
160,KOCNUM__ligand177-0
161,KOCNUM__ligand1152-0
162,KOCNUM__ligand40-0
163,KOCNUM__ligand1727-0
164,KOCNUM__ligand1307-0
165,KOCNUM__ligand34-0
166,KOCNUM__ligand11730-0
167,KOCNUM__ligand383-0
168,KOCNUM__ligand6166-0
169,KOCNUM__ligand226-0
170,KOCNUM__ligand1246-0
171,KOCNUM__ligand162-0
172,KOCNUM__ligand55-0
173,KOCNUM__ligand95-0
174,KOCNUM__ligand2599-0
175,KOCNUM__ligand5089-0
176,KOCNUM__ligand3853-0
177,KOCNUM__ligand2853-0
178,KOCNUM__ligand571-0
179,KOCNUM__ligand670-0
180,KOCNUM__ligand1178-0
181,KOCNUM__ligand3566-0
182,KOCNUM__ligand118-0
183,KOCNUM__ligand1321-0
184,KOCNUM__ligand1788-0
185,KOCNUM__ligand57-0
186,KOCNUM__ligand509-0
187,KOCNUM__ligand358-0
188,KOCNUM__ligand430-0
189,KOCNUM__ligand9620-0
190,KOCNUM__ligand4894-0
191,KOCNUM__ligand1260-0
192,KOCNUM__ligand669-0
193,KOCNUM__ligand73-0
194,KOCNUM__ligand1449-1
195,KOCNUM__ligand4811-0
196,KOCNUM__ligand278-0
197,KOCNUM__ligand365-0
198,KOCNUM__ligand3337-0
199,KOCNUM__ligand7514-0
200,KOCNUM__ligand1299-0
201,KOCNUM__ligand105-0
202,KOCNUM__ligand140-0
203,KOCNUM__ligand32-0
204,KOCNUM__ligand6430-0
205,KOCNUM__ligand1264-0
206,KOCNUM__ligand1221-0
207,KOCNUM__ligand6-0
208,KOCNUM__ligand1379-0
209,KOCNUM__ligand2376-0
210,KOCNUM__ligand361-0
211,KOCNUM__ligand324-0
212,KOCNUM__ligand409-0
213,KOCNUM__ligand2929-0
214,KOCNUM__ligand1325-0
215,KOCNUM__ligand2482-0
216,KOCNUM__ligand6571-0
217,KOCNUM__ligand575-0
218,KOCNUM__ligand199-0
219,KOCNUM__ligand5762-0
220,KOCNUM__ligand7414-0
221,KOCNUM__ligand1104-0
222,KOCNUM__ligand927-0
223,KOCNUM__ligand1019-0
224,KOCNUM__ligand2442-0
225,KOCNUM__ligand166-0
226,KOCNUM__ligand51-0
227,KOCNUM__ligand8032-0
228,KOCNUM__ligand838-0
229,KOCNUM__ligand1858-0
230,KOCNUM__ligand497-0
231,KOCNUM__ligand2315-0
232,KOCNUM__ligand1898-0
233,KOCNUM__ligand3051-0
234,KOCNUM__ligand4504-0
235,KOCNUM__ligand2480-0
236,KOCNUM__ligand5334-0
237,KOCNUM__ligand91-0
238,KOCNUM__ligand532-0
239,KOCNUM__ligand918-0
240,KOCNUM__ligand29-0
241,KOCNUM__ligand633-0
242,KOCNUM__ligand2389-0
243,KOCNUM__ligand326-0
244,KOCNUM__ligand821-0
245,KOCNUM__ligand283-0
246,KOCNUM__ligand48-0
247,KOCNUM__ligand1919-0
248,KOCNUM__ligand553-0
249,KOCNUM__ligand2110-0
250,KOCNUM__ligand2916-0
251,KOCNUM__ligand206-0
252,KOCNUM__ligand3579-0
253,KOCNUM__ligand142-0
254,KOCNUM__ligand1712-0
255,KOCNUM__ligand436-0
256,KOCNUM__ligand4-0
257,KOCNUM__ligand1907-0
258,KOCNUM__ligand124-0
259,KOCNUM__ligand4423-0
260,KOCNUM__ligand3890-0
261,KOCNUM__ligand7630-0
262,KOCNUM__ligand1555-0
263,KOCNUM__ligand1285-0
264,KOCNUM__ligand119-0
265,KOCNUM__ligand321-0
266,KOCNUM__ligand7550-0
267,KOCNUM__ligand178-0
268,KOCNUM__ligand279-0
269,KOCNUM__ligand244-0
270,KOCNUM__ligand201-0
271,KOCNUM__ligand5093-0
272,KOCNUM__ligand2954-0
273,KOCNUM__ligand100-0
274,KOCNUM__ligand2253-0
275,KOCNUM__ligand1160-0
276,KOCNUM__ligand1038-0
277,KOCNUM__ligand2762-0
278,KOCNUM__ligand3-0
279,KOCNUM__ligand3251-0
280,KOCNUM__ligand596-0
281,KOCNUM__ligand5235-0
282,KOCNUM__ligand6143-0
283,KOCNUM__ligand1-0
284,KOCNUM__ligand4619-0
285,KOCNUM__ligand1493-0
286,KOCNUM__ligand861-0
287,KOCNUM__ligand3035-0
288,KOCNUM__ligand3070-0
289,KOCNUM__ligand366-0
290,KOCNUM__ligand2718-0
291,KOCNUM__ligand187-0
292,KOCNUM__ligand9176-0
293,KOCNUM__ligand612-0
294,KOCNUM__ligand3852-0
295,KOCNUM__ligand3478-0
296,KOCNUM__ligand5758-0
297,KOCNUM__ligand126-0
298,KOCNUM__ligand11-0
299,KOCNUM__ligand7456-0
300,KOCNUM__ligand1818-0
301,KOCNUM__ligand4370-0
302,KOCNUM__ligand797-0
303,KOCNUM__ligand1436-0
304,KOCNUM__ligand757-0
305,KOCNUM__ligand3618-0
306,KOCNUM__ligand2618-0
307,KOCNUM__ligand4175-0
308,KOCNUM__ligand89-0
309,KOCNUM__ligand2255-0
310,KOCNUM__ligand49-0
311,KOCNUM__ligand1918-0
312,KOCNUM__ligand3196-0
313,KOCNUM__ligand4012-0
314,KOCNUM__ligand141-0
315,KOCNUM__ligand240-0
316,KOCNUM__ligand2915-0
317,KOCNUM__ligand384-0
318,KOCNUM__ligand2707-0
319,KOCNUM__ligand1690-0
320,KOCNUM__ligand17-0
321,KOCNUM__ligand120-0
322,KOCNUM__ligand2526-0
323,KOCNUM__ligand1551-0
324,KOCNUM__ligand92-0
