,TMC
0,FEVMUP__ligand6332-0
1,FEVMUP__ligand993-0
2,FEVMUP__ligand294-0
3,FEVMUP__ligand3178-0
4,FEVMUP__ligand2863-0
5,FEVMUP__ligand2098-0
6,FEVMUP__ligand331-0
7,FEVMUP__ligand6502-0
8,FEVMUP__ligand1747-0
9,FEVMUP__ligand421-0
10,FEVMUP__ligand6686-0
11,FEVMUP__ligand798-0
12,FEVMUP__ligand7915-0
13,FEVMUP__ligand5548-0
14,FEVMUP__ligand916-0
15,FEVMUP__ligand584-0
16,FEVMUP__ligand3145-0
17,FEVMUP__ligand390-0
18,FEVMUP__ligand2751-0
19,FEVMUP__ligand235-0
20,FEVMUP__ligand932-0
21,FEVMUP__ligand134-0
22,FEVMUP__ligand109-0
23,FEVMUP__ligand2634-0
24,FEVMUP__ligand1542-0
25,FEVMUP__ligand66-0
26,FEVMUP__ligand560-0
27,FEVMUP__ligand525-0
28,FEVMUP__ligand8-0
29,FEVMUP__ligand3041-0
30,FEVMUP__ligand9244-0
31,FEVMUP__ligand21-0
32,FEVMUP__ligand1228-0
33,FEVMUP__ligand783-0
34,FEVMUP__ligand352-0
35,FEVMUP__ligand442-0
36,FEVMUP__ligand868-0
37,FEVMUP__ligand1538-0
38,FEVMUP__ligand136-0
39,FEVMUP__ligand1114-0
40,FEVMUP__ligand3246-0
41,FEVMUP__ligand38-0
42,FEVMUP__ligand112-0
43,FEVMUP__ligand296-0
44,FEVMUP__ligand40-0
45,FEVMUP__ligand1148-0
46,FEVMUP__ligand197-0
47,FEVMUP__ligand1479-0
48,FEVMUP__ligand955-0
49,FEVMUP__ligand252-0
50,FEVMUP__ligand1171-0
51,FEVMUP__ligand830-0
52,FEVMUP__ligand3063-0
53,FEVMUP__ligand1438-0
54,FEVMUP__ligand5801-0
55,FEVMUP__ligand193-0
56,FEVMUP__ligand1459-0
57,FEVMUP__ligand851-0
58,FEVMUP__ligand1544-0
59,FEVMUP__ligand909-0
60,FEVMUP__ligand18-0
61,FEVMUP__ligand934-0
62,FEVMUP__ligand177-0
63,FEVMUP__ligand1685-0
64,FEVMUP__ligand3757-0
65,FEVMUP__ligand2087-0
66,FEVMUP__ligand1048-0
67,FEVMUP__ligand1687-0
68,FEVMUP__ligand1951-0
69,FEVMUP__ligand188-0
70,FEVMUP__ligand369-0
71,FEVMUP__ligand6277-0
72,FEVMUP__ligand444-0
73,FEVMUP__ligand1376-0
74,FEVMUP__ligand2768-0
75,FEVMUP__ligand311-0
76,FEVMUP__ligand62-0
77,FEVMUP__ligand2259-0
78,FEVMUP__ligand2688-0
79,FEVMUP__ligand370-0
80,FEVMUP__ligand250-0
81,FEVMUP__ligand4381-0
82,FEVMUP__ligand2629-0
83,FEVMUP__ligand86-0
84,FEVMUP__ligand3734-0
85,FEVMUP__ligand1706-0
86,FEVMUP__ligand460-0
87,FEVMUP__ligand236-0
88,FEVMUP__ligand8774-0
89,FEVMUP__ligand353-0
90,FEVMUP__ligand3637-0
91,FEVMUP__ligand1054-0
92,FEVMUP__ligand6294-0
93,FEVMUP__ligand1248-0
94,FEVMUP__ligand4303-0
95,FEVMUP__ligand1598-0
96,FEVMUP__ligand502-0
97,FEVMUP__ligand196-0
98,FEVMUP__ligand7464-0
99,FEVMUP__ligand113-0
100,FEVMUP__ligand422-0
101,FEVMUP__ligand2907-0
102,FEVMUP__ligand210-0
103,FEVMUP__ligand1703-0
104,FEVMUP__ligand2430-0
105,FEVMUP__ligand2862-0
106,FEVMUP__ligand2320-0
107,FEVMUP__ligand1056-0
108,FEVMUP__ligand2510-0
109,FEVMUP__ligand2285-0
110,FEVMUP__ligand1567-0
111,FEVMUP__ligand8921-0
112,FEVMUP__ligand314-0
113,FEVMUP__ligand481-0
114,FEVMUP__ligand67-0
115,FEVMUP__ligand1607-0
116,FEVMUP__ligand1152-0
117,FEVMUP__ligand170-0
118,FEVMUP__ligand391-0
119,FEVMUP__ligand1727-0
120,FEVMUP__ligand1502-0
121,FEVMUP__ligand485-0
122,FEVMUP__ligand4983-0
123,FEVMUP__ligand2794-0
124,FEVMUP__ligand2345-0
125,FEVMUP__ligand784-0
126,FEVMUP__ligand355-0
127,FEVMUP__ligand1835-0
128,FEVMUP__ligand9027-0
129,FEVMUP__ligand6396-0
130,FEVMUP__ligand1113-0
131,FEVMUP__ligand2265-0
132,FEVMUP__ligand115-0
133,FEVMUP__ligand1273-0
134,FEVMUP__ligand291-0
135,FEVMUP__ligand1052-0
136,FEVMUP__ligand45-0
137,FEVMUP__ligand2864-0
138,FEVMUP__ligand11730-0
139,FEVMUP__ligand6538-0
140,FEVMUP__ligand9495-0
141,FEVMUP__ligand6151-0
142,FEVMUP__ligand2772-0
143,FEVMUP__ligand2142-0
144,FEVMUP__ligand85-0
145,FEVMUP__ligand78-0
146,FEVMUP__ligand682-0
147,FEVMUP__ligand2838-0
148,FEVMUP__ligand1799-0
149,FEVMUP__ligand3838-0
150,FEVMUP__ligand447-0
151,FEVMUP__ligand2880-0
152,FEVMUP__ligand5941-0
153,FEVMUP__ligand133-0
154,FEVMUP__ligand666-0
155,FEVMUP__ligand5022-0
156,FEVMUP__ligand522-0
157,FEVMUP__ligand1169-0
158,FEVMUP__ligand487-0
159,FEVMUP__ligand596-0
160,FEVMUP__ligand1221-0
161,FEVMUP__ligand1264-0
162,FEVMUP__ligand6430-0
163,FEVMUP__ligand1299-0
164,FEVMUP__ligand1379-0
165,FEVMUP__ligand3-0
166,FEVMUP__ligand861-0
167,FEVMUP__ligand366-0
168,FEVMUP__ligand2376-0
169,FEVMUP__ligand187-0
170,FEVMUP__ligand2929-0
171,FEVMUP__ligand612-0
172,FEVMUP__ligand6571-0
173,FEVMUP__ligand1325-0
174,FEVMUP__ligand2482-0
175,FEVMUP__ligand89-0
176,FEVMUP__ligand7414-0
177,FEVMUP__ligand5762-0
178,FEVMUP__ligand1104-0
179,FEVMUP__ligand49-0
180,FEVMUP__ligand126-0
181,FEVMUP__ligand2442-0
182,FEVMUP__ligand1019-0
183,FEVMUP__ligand124-0
184,FEVMUP__ligand1858-0
185,FEVMUP__ligand8032-0
186,FEVMUP__ligand4504-0
187,FEVMUP__ligand3051-0
188,FEVMUP__ligand2480-0
189,FEVMUP__ligand10357-0
190,FEVMUP__ligand1898-0
191,FEVMUP__ligand2315-0
192,FEVMUP__ligand15630-0
193,FEVMUP__ligand119-0
194,FEVMUP__ligand5334-0
195,FEVMUP__ligand321-0
196,FEVMUP__ligand2389-0
197,FEVMUP__ligand178-0
198,FEVMUP__ligand1919-0
199,FEVMUP__ligand17-0
200,FEVMUP__ligand279-0
201,FEVMUP__ligand3579-0
202,FEVMUP__ligand244-0
203,FEVMUP__ligand201-0
204,FEVMUP__ligand92-0
205,FEVMUP__ligand2916-0
206,FEVMUP__ligand2110-0
207,FEVMUP__ligand100-0
208,FEVMUP__ligand1-0
209,FEVMUP__ligand1712-0
210,FEVMUP__ligand1307-0
211,FEVMUP__ligand141-0
212,FEVMUP__ligand240-0
213,FEVMUP__ligand6166-0
214,FEVMUP__ligand384-0
215,FEVMUP__ligand120-0
216,FEVMUP__ligand1246-0
217,FEVMUP__ligand5089-0
218,FEVMUP__ligand2599-0
219,FEVMUP__ligand3853-0
220,FEVMUP__ligand2853-0
221,FEVMUP__ligand3566-0
222,FEVMUP__ligand1178-0
223,FEVMUP__ligand1321-0
224,FEVMUP__ligand797-0
225,FEVMUP__ligand757-0
226,FEVMUP__ligand1788-0
227,FEVMUP__ligand4894-0
228,FEVMUP__ligand1260-0
229,FEVMUP__ligand9620-0
230,FEVMUP__ligand11-0
231,FEVMUP__ligand4811-0
232,FEVMUP__ligand1449-1
233,FEVMUP__ligand3337-0
234,FEVMUP__ligand7514-0
235,FEVMUP__ligand32-0
236,FEVMUP__ligand571-0
237,FEVMUP__ligand118-0
238,FEVMUP__ligand670-0
239,FEVMUP__ligand4370-0
240,FEVMUP__ligand14530-0
241,FEVMUP__ligand1436-0
242,FEVMUP__ligand3618-0
243,FEVMUP__ligand2618-0
244,FEVMUP__ligand509-0
245,FEVMUP__ligand4175-0
246,FEVMUP__ligand430-0
247,FEVMUP__ligand358-0
248,FEVMUP__ligand10910-0
249,FEVMUP__ligand2255-0
250,FEVMUP__ligand669-0
251,FEVMUP__ligand278-0
252,FEVMUP__ligand1918-0
253,FEVMUP__ligand365-0
254,FEVMUP__ligand51-0
255,FEVMUP__ligand4012-0
256,FEVMUP__ligand3196-0
257,FEVMUP__ligand2915-0
258,FEVMUP__ligand91-0
259,FEVMUP__ligand29-0
260,FEVMUP__ligand10114-0
261,FEVMUP__ligand2707-0
262,FEVMUP__ligand383-0
263,FEVMUP__ligand48-0
264,FEVMUP__ligand226-0
265,FEVMUP__ligand1690-0
266,FEVMUP__ligand162-0
267,FEVMUP__ligand1551-0
268,FEVMUP__ligand2526-0
269,FEVMUP__ligand10479-0
270,FEVMUP__ligand4423-0
271,FEVMUP__ligand166-0
272,FEVMUP__ligand1907-0
273,FEVMUP__ligand3890-0
274,FEVMUP__ligand838-0
275,FEVMUP__ligand497-0
276,FEVMUP__ligand7630-0
277,FEVMUP__ligand532-0
278,FEVMUP__ligand1285-0
279,FEVMUP__ligand34-0
280,FEVMUP__ligand633-0
281,FEVMUP__ligand1555-0
282,FEVMUP__ligand918-0
283,FEVMUP__ligand326-0
284,FEVMUP__ligand7550-0
285,FEVMUP__ligand821-0
286,FEVMUP__ligand283-0
287,FEVMUP__ligand55-0
288,FEVMUP__ligand553-0
289,FEVMUP__ligand2253-0
290,FEVMUP__ligand1160-0
291,FEVMUP__ligand206-0
292,FEVMUP__ligand2954-0
293,FEVMUP__ligand5093-0
294,FEVMUP__ligand142-0
295,FEVMUP__ligand95-0
296,FEVMUP__ligand6-0
297,FEVMUP__ligand2762-0
298,FEVMUP__ligand1038-0
299,FEVMUP__ligand436-0
300,FEVMUP__ligand105-0
301,FEVMUP__ligand140-0
302,FEVMUP__ligand3251-0
303,FEVMUP__ligand4619-0
304,FEVMUP__ligand5235-0
305,FEVMUP__ligand6143-0
306,FEVMUP__ligand4-0
307,FEVMUP__ligand2718-0
308,FEVMUP__ligand3070-0
309,FEVMUP__ligand3035-0
310,FEVMUP__ligand409-0
311,FEVMUP__ligand361-0
312,FEVMUP__ligand324-0
313,FEVMUP__ligand1493-0
314,FEVMUP__ligand57-0
315,FEVMUP__ligand9176-0
316,FEVMUP__ligand3478-0
317,FEVMUP__ligand3852-0
318,FEVMUP__ligand5758-0
319,FEVMUP__ligand73-0
320,FEVMUP__ligand575-0
321,FEVMUP__ligand7456-0
322,FEVMUP__ligand199-0
323,FEVMUP__ligand927-0
324,FEVMUP__ligand1818-0
