,TMC
0,CAMJEF__ligand1054-0
1,CAMJEF__ligand10910-0
2,CAMJEF__ligand6294-0
3,CAMJEF__ligand4303-0
4,CAMJEF__ligand682-0
5,CAMJEF__ligand1248-0
6,CAMJEF__ligand1598-0
7,CAMJEF__ligand7464-0
8,CAMJEF__ligand8-0
9,CAMJEF__ligand14530-0
10,CAMJEF__ligand522-0
11,CAMJEF__ligand66-0
12,CAMJEF__ligand666-0
13,CAMJEF__ligand487-0
14,CAMJEF__ligand8774-0
15,CAMJEF__ligand447-0
16,CAMJEF__ligand133-0
17,CAMJEF__ligand3637-0
18,CAMJEF__ligand1607-0
19,CAMJEF__ligand21-0
20,CAMJEF__ligand1152-0
21,CAMJEF__ligand10479-0
22,CAMJEF__ligand784-0
23,CAMJEF__ligand355-0
24,CAMJEF__ligand1727-0
25,CAMJEF__ligand485-0
26,CAMJEF__ligand2907-0
27,CAMJEF__ligand40-0
28,CAMJEF__ligand291-0
29,CAMJEF__ligand2430-0
30,CAMJEF__ligand1703-0
31,CAMJEF__ligand2862-0
32,CAMJEF__ligand1056-0
33,CAMJEF__ligand10114-0
34,CAMJEF__ligand2320-0
35,CAMJEF__ligand115-0
36,CAMJEF__ligand38-0
37,CAMJEF__ligand2510-0
38,CAMJEF__ligand8921-0
39,CAMJEF__ligand1567-0
40,CAMJEF__ligand2285-0
41,CAMJEF__ligand1273-0
42,CAMJEF__ligand210-0
43,CAMJEF__ligand1052-0
44,CAMJEF__ligand18-0
45,CAMJEF__ligand170-0
46,CAMJEF__ligand1502-0
47,CAMJEF__ligand4983-0
48,CAMJEF__ligand391-0
49,CAMJEF__ligand1835-0
50,CAMJEF__ligand2794-0
51,CAMJEF__ligand2345-0
52,CAMJEF__ligand481-0
53,CAMJEF__ligand9027-0
54,CAMJEF__ligand314-0
55,CAMJEF__ligand6396-0
56,CAMJEF__ligand2265-0
57,CAMJEF__ligand1113-0
58,CAMJEF__ligand353-0
59,CAMJEF__ligand1799-0
60,CAMJEF__ligand3838-0
61,CAMJEF__ligand2838-0
62,CAMJEF__ligand2880-0
63,CAMJEF__ligand5941-0
64,CAMJEF__ligand62-0
65,CAMJEF__ligand236-0
66,CAMJEF__ligand1169-0
67,CAMJEF__ligand5022-0
68,CAMJEF__ligand113-0
69,CAMJEF__ligand86-0
70,CAMJEF__ligand422-0
71,CAMJEF__ligand2864-0
72,CAMJEF__ligand6538-0
73,CAMJEF__ligand2772-0
74,CAMJEF__ligand6151-0
75,CAMJEF__ligand9495-0
76,CAMJEF__ligand502-0
77,CAMJEF__ligand196-0
78,CAMJEF__ligand2142-0
79,CAMJEF__ligand2751-0
80,CAMJEF__ligand311-0
81,CAMJEF__ligand188-0
82,CAMJEF__ligand1542-0
83,CAMJEF__ligand2634-0
84,CAMJEF__ligand444-0
85,CAMJEF__ligand369-0
86,CAMJEF__ligand3041-0
87,CAMJEF__ligand6332-0
88,CAMJEF__ligand250-0
89,CAMJEF__ligand3178-0
90,CAMJEF__ligand2863-0
91,CAMJEF__ligand460-0
92,CAMJEF__ligand6502-0
93,CAMJEF__ligand2098-0
94,CAMJEF__ligand1747-0
95,CAMJEF__ligand6686-0
96,CAMJEF__ligand370-0
97,CAMJEF__ligand5548-0
98,CAMJEF__ligand7915-0
99,CAMJEF__ligand3145-0
100,CAMJEF__ligand830-0
101,CAMJEF__ligand3246-0
102,CAMJEF__ligand193-0
103,CAMJEF__ligand252-0
104,CAMJEF__ligand1148-0
105,CAMJEF__ligand955-0
106,CAMJEF__ligand1479-0
107,CAMJEF__ligand9244-0
108,CAMJEF__ligand177-0
109,CAMJEF__ligand934-0
110,CAMJEF__ligand1228-0
111,CAMJEF__ligand851-0
112,CAMJEF__ligand10357-0
113,CAMJEF__ligand1538-0
114,CAMJEF__ligand15630-0
115,CAMJEF__ligand1114-0
116,CAMJEF__ligand909-0
117,CAMJEF__ligand67-0
118,CAMJEF__ligand868-0
119,CAMJEF__ligand1459-0
120,CAMJEF__ligand442-0
121,CAMJEF__ligand1544-0
122,CAMJEF__ligand136-0
123,CAMJEF__ligand1685-0
124,CAMJEF__ligand783-0
125,CAMJEF__ligand352-0
126,CAMJEF__ligand3757-0
127,CAMJEF__ligand1048-0
128,CAMJEF__ligand2087-0
129,CAMJEF__ligand197-0
130,CAMJEF__ligand296-0
131,CAMJEF__ligand1171-0
132,CAMJEF__ligand1438-0
133,CAMJEF__ligand3063-0
134,CAMJEF__ligand5801-0
135,CAMJEF__ligand112-0
136,CAMJEF__ligand798-0
137,CAMJEF__ligand421-0
138,CAMJEF__ligand85-0
139,CAMJEF__ligand916-0
140,CAMJEF__ligand584-0
141,CAMJEF__ligand78-0
142,CAMJEF__ligand4381-0
143,CAMJEF__ligand294-0
144,CAMJEF__ligand45-0
145,CAMJEF__ligand993-0
146,CAMJEF__ligand2629-0
147,CAMJEF__ligand331-0
148,CAMJEF__ligand3734-0
149,CAMJEF__ligand1706-0
150,CAMJEF__ligand560-0
151,CAMJEF__ligand525-0
152,CAMJEF__ligand1687-0
153,CAMJEF__ligand1951-0
154,CAMJEF__ligand109-0
155,CAMJEF__ligand6277-0
156,CAMJEF__ligand2768-0
157,CAMJEF__ligand1376-0
158,CAMJEF__ligand390-0
159,CAMJEF__ligand2259-0
160,CAMJEF__ligand2688-0
161,CAMJEF__ligand932-0
162,CAMJEF__ligand134-0
163,CAMJEF__ligand235-0
164,CAMJEF__ligand361-0
165,CAMJEF__ligand324-0
166,CAMJEF__ligand409-0
167,CAMJEF__ligand4175-0
168,CAMJEF__ligand2255-0
169,CAMJEF__ligand105-0
170,CAMJEF__ligand140-0
171,CAMJEF__ligand1918-0
172,CAMJEF__ligand49-0
173,CAMJEF__ligand927-0
174,CAMJEF__ligand199-0
175,CAMJEF__ligand4370-0
176,CAMJEF__ligand3-0
177,CAMJEF__ligand1436-0
178,CAMJEF__ligand2618-0
179,CAMJEF__ligand3618-0
180,CAMJEF__ligand575-0
181,CAMJEF__ligand89-0
182,CAMJEF__ligand2707-0
183,CAMJEF__ligand497-0
184,CAMJEF__ligand918-0
185,CAMJEF__ligand633-0
186,CAMJEF__ligand1690-0
187,CAMJEF__ligand532-0
188,CAMJEF__ligand1551-0
189,CAMJEF__ligand166-0
190,CAMJEF__ligand2526-0
191,CAMJEF__ligand838-0
192,CAMJEF__ligand1-0
193,CAMJEF__ligand4012-0
194,CAMJEF__ligand3196-0
195,CAMJEF__ligand142-0
196,CAMJEF__ligand206-0
197,CAMJEF__ligand92-0
198,CAMJEF__ligand436-0
199,CAMJEF__ligand821-0
200,CAMJEF__ligand326-0
201,CAMJEF__ligand553-0
202,CAMJEF__ligand2915-0
203,CAMJEF__ligand283-0
204,CAMJEF__ligand17-0
205,CAMJEF__ligand7550-0
206,CAMJEF__ligand1160-0
207,CAMJEF__ligand2253-0
208,CAMJEF__ligand2954-0
209,CAMJEF__ligand5093-0
210,CAMJEF__ligand2762-0
211,CAMJEF__ligand1038-0
212,CAMJEF__ligand4423-0
213,CAMJEF__ligand1907-0
214,CAMJEF__ligand3890-0
215,CAMJEF__ligand7630-0
216,CAMJEF__ligand383-0
217,CAMJEF__ligand162-0
218,CAMJEF__ligand1285-0
219,CAMJEF__ligand226-0
220,CAMJEF__ligand1555-0
221,CAMJEF__ligand3478-0
222,CAMJEF__ligand3852-0
223,CAMJEF__ligand509-0
224,CAMJEF__ligand5758-0
225,CAMJEF__ligand670-0
226,CAMJEF__ligand118-0
227,CAMJEF__ligand7456-0
228,CAMJEF__ligand571-0
229,CAMJEF__ligand1818-0
230,CAMJEF__ligand278-0
231,CAMJEF__ligand3251-0
232,CAMJEF__ligand11-0
233,CAMJEF__ligand4619-0
234,CAMJEF__ligand365-0
235,CAMJEF__ligand6143-0
236,CAMJEF__ligand5235-0
237,CAMJEF__ligand3070-0
238,CAMJEF__ligand358-0
239,CAMJEF__ligand3035-0
240,CAMJEF__ligand430-0
241,CAMJEF__ligand2718-0
242,CAMJEF__ligand1493-0
243,CAMJEF__ligand669-0
244,CAMJEF__ligand11730-0
245,CAMJEF__ligand9176-0
246,CAMJEF__ligand6571-0
247,CAMJEF__ligand757-0
248,CAMJEF__ligand2482-0
249,CAMJEF__ligand1325-0
250,CAMJEF__ligand1104-0
251,CAMJEF__ligand5762-0
252,CAMJEF__ligand7414-0
253,CAMJEF__ligand32-0
254,CAMJEF__ligand797-0
255,CAMJEF__ligand1019-0
256,CAMJEF__ligand2442-0
257,CAMJEF__ligand1221-0
258,CAMJEF__ligand1264-0
259,CAMJEF__ligand1299-0
260,CAMJEF__ligand6430-0
261,CAMJEF__ligand1379-0
262,CAMJEF__ligand2376-0
263,CAMJEF__ligand2929-0
264,CAMJEF__ligand2389-0
265,CAMJEF__ligand240-0
266,CAMJEF__ligand91-0
267,CAMJEF__ligand141-0
268,CAMJEF__ligand1919-0
269,CAMJEF__ligand29-0
270,CAMJEF__ligand51-0
271,CAMJEF__ligand3579-0
272,CAMJEF__ligand2916-0
273,CAMJEF__ligand2110-0
274,CAMJEF__ligand1712-0
275,CAMJEF__ligand1858-0
276,CAMJEF__ligand8032-0
277,CAMJEF__ligand1898-0
278,CAMJEF__ligand2480-0
279,CAMJEF__ligand4504-0
280,CAMJEF__ligand3051-0
281,CAMJEF__ligand384-0
282,CAMJEF__ligand2315-0
283,CAMJEF__ligand48-0
284,CAMJEF__ligand120-0
285,CAMJEF__ligand5334-0
286,CAMJEF__ligand6166-0
287,CAMJEF__ligand34-0
288,CAMJEF__ligand119-0
289,CAMJEF__ligand1246-0
290,CAMJEF__ligand2599-0
291,CAMJEF__ligand5089-0
292,CAMJEF__ligand124-0
293,CAMJEF__ligand2853-0
294,CAMJEF__ligand6-0
295,CAMJEF__ligand3853-0
296,CAMJEF__ligand100-0
297,CAMJEF__ligand244-0
298,CAMJEF__ligand201-0
299,CAMJEF__ligand95-0
300,CAMJEF__ligand1307-0
301,CAMJEF__ligand321-0
302,CAMJEF__ligand279-0
303,CAMJEF__ligand178-0
304,CAMJEF__ligand55-0
305,CAMJEF__ligand366-0
306,CAMJEF__ligand861-0
307,CAMJEF__ligand612-0
308,CAMJEF__ligand57-0
309,CAMJEF__ligand187-0
310,CAMJEF__ligand9620-0
311,CAMJEF__ligand4894-0
312,CAMJEF__ligand1260-0
313,CAMJEF__ligand4811-0
314,CAMJEF__ligand1449-1
315,CAMJEF__ligand596-0
316,CAMJEF__ligand7514-0
317,CAMJEF__ligand3337-0
318,CAMJEF__ligand1178-0
319,CAMJEF__ligand126-0
320,CAMJEF__ligand3566-0
321,CAMJEF__ligand4-0
322,CAMJEF__ligand1321-0
323,CAMJEF__ligand1788-0
324,CAMJEF__ligand73-0
