,TMC
0,COQHIA__ligand1148-0
1,COQHIA__ligand11730-0
2,COQHIA__ligand1479-0
3,COQHIA__ligand124-0
4,COQHIA__ligand119-0
5,COQHIA__ligand3246-0
6,COQHIA__ligand279-0
7,COQHIA__ligand178-0
8,COQHIA__ligand1114-0
9,COQHIA__ligand321-0
10,COQHIA__ligand1538-0
11,COQHIA__ligand92-0
12,COQHIA__ligand1228-0
13,COQHIA__ligand17-0
14,COQHIA__ligand9244-0
15,COQHIA__ligand100-0
16,COQHIA__ligand201-0
17,COQHIA__ligand244-0
18,COQHIA__ligand2634-0
19,COQHIA__ligand1542-0
20,COQHIA__ligand3041-0
21,COQHIA__ligand596-0
22,COQHIA__ligand612-0
23,COQHIA__ligand187-0
24,COQHIA__ligand2751-0
25,COQHIA__ligand366-0
26,COQHIA__ligand861-0
27,COQHIA__ligand7915-0
28,COQHIA__ligand5548-0
29,COQHIA__ligand6686-0
30,COQHIA__ligand1747-0
31,COQHIA__ligand49-0
32,COQHIA__ligand3145-0
33,COQHIA__ligand3178-0
34,COQHIA__ligand89-0
35,COQHIA__ligand6332-0
36,COQHIA__ligand2098-0
37,COQHIA__ligand126-0
38,COQHIA__ligand6502-0
39,COQHIA__ligand2863-0
40,COQHIA__ligand797-0
41,COQHIA__ligand2629-0
42,COQHIA__ligand4381-0
43,COQHIA__ligand1706-0
44,COQHIA__ligand3734-0
45,COQHIA__ligand757-0
46,COQHIA__ligand1376-0
47,COQHIA__ligand2768-0
48,COQHIA__ligand2688-0
49,COQHIA__ligand2259-0
50,COQHIA__ligand11-0
51,COQHIA__ligand1951-0
52,COQHIA__ligand1687-0
53,COQHIA__ligand6277-0
54,COQHIA__ligand1685-0
55,COQHIA__ligand2087-0
56,COQHIA__ligand1048-0
57,COQHIA__ligand3757-0
58,COQHIA__ligand1459-0
59,COQHIA__ligand240-0
60,COQHIA__ligand141-0
61,COQHIA__ligand1544-0
62,COQHIA__ligand120-0
63,COQHIA__ligand3063-0
64,COQHIA__ligand1438-0
65,COQHIA__ligand384-0
66,COQHIA__ligand5801-0
67,COQHIA__ligand1171-0
68,COQHIA__ligand91-0
69,COQHIA__ligand1152-0
70,COQHIA__ligand29-0
71,COQHIA__ligand1727-0
72,COQHIA__ligand51-0
73,COQHIA__ligand1607-0
74,COQHIA__ligand162-0
75,COQHIA__ligand2320-0
76,COQHIA__ligand1056-0
77,COQHIA__ligand226-0
78,COQHIA__ligand2862-0
79,COQHIA__ligand2285-0
80,COQHIA__ligand1567-0
81,COQHIA__ligand8921-0
82,COQHIA__ligand8-0
83,COQHIA__ligand2510-0
84,COQHIA__ligand383-0
85,COQHIA__ligand48-0
86,COQHIA__ligand2907-0
87,COQHIA__ligand1703-0
88,COQHIA__ligand2430-0
89,COQHIA__ligand7464-0
90,COQHIA__ligand670-0
91,COQHIA__ligand118-0
92,COQHIA__ligand571-0
93,COQHIA__ligand509-0
94,COQHIA__ligand6294-0
95,COQHIA__ligand1054-0
96,COQHIA__ligand1598-0
97,COQHIA__ligand32-0
98,COQHIA__ligand1248-0
99,COQHIA__ligand4303-0
100,COQHIA__ligand669-0
101,COQHIA__ligand8774-0
102,COQHIA__ligand358-0
103,COQHIA__ligand3637-0
104,COQHIA__ligand430-0
105,COQHIA__ligand365-0
106,COQHIA__ligand278-0
107,COQHIA__ligand5022-0
108,COQHIA__ligand57-0
109,COQHIA__ligand1169-0
110,COQHIA__ligand140-0
111,COQHIA__ligand105-0
112,COQHIA__ligand5941-0
113,COQHIA__ligand2880-0
114,COQHIA__ligand2838-0
115,COQHIA__ligand1799-0
116,COQHIA__ligand3838-0
117,COQHIA__ligand324-0
118,COQHIA__ligand361-0
119,COQHIA__ligand409-0
120,COQHIA__ligand575-0
121,COQHIA__ligand9495-0
122,COQHIA__ligand6151-0
123,COQHIA__ligand2772-0
124,COQHIA__ligand6538-0
125,COQHIA__ligand2142-0
126,COQHIA__ligand73-0
127,COQHIA__ligand927-0
128,COQHIA__ligand2864-0
129,COQHIA__ligand199-0
130,COQHIA__ligand838-0
131,COQHIA__ligand34-0
132,COQHIA__ligand166-0
133,COQHIA__ligand1052-0
134,COQHIA__ligand918-0
135,COQHIA__ligand633-0
136,COQHIA__ligand532-0
137,COQHIA__ligand1273-0
138,COQHIA__ligand497-0
139,COQHIA__ligand553-0
140,COQHIA__ligand9027-0
141,COQHIA__ligand283-0
142,COQHIA__ligand1113-0
143,COQHIA__ligand2265-0
144,COQHIA__ligand821-0
145,COQHIA__ligand6396-0
146,COQHIA__ligand95-0
147,COQHIA__ligand326-0
148,COQHIA__ligand436-0
149,COQHIA__ligand1502-0
150,COQHIA__ligand55-0
151,COQHIA__ligand2345-0
152,COQHIA__ligand2794-0
153,COQHIA__ligand1835-0
154,COQHIA__ligand142-0
155,COQHIA__ligand4983-0
156,COQHIA__ligand206-0
157,COQHIA__ligand783-0
158,COQHIA__ligand352-0
159,COQHIA__ligand2916-0
160,COQHIA__ligand2110-0
161,COQHIA__ligand3579-0
162,COQHIA__ligand1712-0
163,COQHIA__ligand2389-0
164,COQHIA__ligand136-0
165,COQHIA__ligand21-0
166,COQHIA__ligand868-0
167,COQHIA__ligand1919-0
168,COQHIA__ligand442-0
169,COQHIA__ligand2315-0
170,COQHIA__ligand112-0
171,COQHIA__ligand4504-0
172,COQHIA__ligand3051-0
173,COQHIA__ligand2480-0
174,COQHIA__ligand1898-0
175,COQHIA__ligand5334-0
176,COQHIA__ligand40-0
177,COQHIA__ligand38-0
178,COQHIA__ligand8032-0
179,COQHIA__ligand197-0
180,COQHIA__ligand1858-0
181,COQHIA__ligand296-0
182,COQHIA__ligand331-0
183,COQHIA__ligand7414-0
184,COQHIA__ligand5762-0
185,COQHIA__ligand1104-0
186,COQHIA__ligand2442-0
187,COQHIA__ligand1019-0
188,COQHIA__ligand294-0
189,COQHIA__ligand993-0
190,COQHIA__ligand1325-0
191,COQHIA__ligand2482-0
192,COQHIA__ligand916-0
193,COQHIA__ligand584-0
194,COQHIA__ligand6571-0
195,COQHIA__ligand798-0
196,COQHIA__ligand421-0
197,COQHIA__ligand2376-0
198,COQHIA__ligand134-0
199,COQHIA__ligand932-0
200,COQHIA__ligand235-0
201,COQHIA__ligand2929-0
202,COQHIA__ligand390-0
203,COQHIA__ligand66-0
204,COQHIA__ligand6430-0
205,COQHIA__ligand1299-0
206,COQHIA__ligand1221-0
207,COQHIA__ligand1264-0
208,COQHIA__ligand1379-0
209,COQHIA__ligand525-0
210,COQHIA__ligand560-0
211,COQHIA__ligand109-0
212,COQHIA__ligand62-0
213,COQHIA__ligand4811-0
214,COQHIA__ligand1449-1
215,COQHIA__ligand444-0
216,COQHIA__ligand369-0
217,COQHIA__ligand188-0
218,COQHIA__ligand10114-0
219,COQHIA__ligand3337-0
220,COQHIA__ligand7514-0
221,COQHIA__ligand1260-0
222,COQHIA__ligand4894-0
223,COQHIA__ligand9620-0
224,COQHIA__ligand311-0
225,COQHIA__ligand1788-0
226,COQHIA__ligand10479-0
227,COQHIA__ligand370-0
228,COQHIA__ligand6-0
229,COQHIA__ligand86-0
230,COQHIA__ligand460-0
231,COQHIA__ligand3566-0
232,COQHIA__ligand1178-0
233,COQHIA__ligand250-0
234,COQHIA__ligand1321-0
235,COQHIA__ligand5089-0
236,COQHIA__ligand2599-0
237,COQHIA__ligand3853-0
238,COQHIA__ligand2853-0
239,COQHIA__ligand252-0
240,COQHIA__ligand955-0
241,COQHIA__ligand193-0
242,COQHIA__ligand6166-0
243,COQHIA__ligand4-0
244,COQHIA__ligand1246-0
245,COQHIA__ligand14530-0
246,COQHIA__ligand830-0
247,COQHIA__ligand909-0
248,COQHIA__ligand18-0
249,COQHIA__ligand851-0
250,COQHIA__ligand934-0
251,COQHIA__ligand177-0
252,COQHIA__ligand10910-0
253,COQHIA__ligand1307-0
254,COQHIA__ligand2526-0
255,COQHIA__ligand1551-0
256,COQHIA__ligand210-0
257,COQHIA__ligand2707-0
258,COQHIA__ligand3-0
259,COQHIA__ligand1690-0
260,COQHIA__ligand481-0
261,COQHIA__ligand2915-0
262,COQHIA__ligand314-0
263,COQHIA__ligand391-0
264,COQHIA__ligand4012-0
265,COQHIA__ligand67-0
266,COQHIA__ligand3196-0
267,COQHIA__ligand170-0
268,COQHIA__ligand1918-0
269,COQHIA__ligand236-0
270,COQHIA__ligand4175-0
271,COQHIA__ligand353-0
272,COQHIA__ligand2255-0
273,COQHIA__ligand196-0
274,COQHIA__ligand502-0
275,COQHIA__ligand1436-0
276,COQHIA__ligand1-0
277,COQHIA__ligand3618-0
278,COQHIA__ligand2618-0
279,COQHIA__ligand422-0
280,COQHIA__ligand4370-0
281,COQHIA__ligand113-0
282,COQHIA__ligand85-0
283,COQHIA__ligand15630-0
284,COQHIA__ligand7456-0
285,COQHIA__ligand78-0
286,COQHIA__ligand10357-0
287,COQHIA__ligand1818-0
288,COQHIA__ligand3852-0
289,COQHIA__ligand682-0
290,COQHIA__ligand3478-0
291,COQHIA__ligand5758-0
292,COQHIA__ligand45-0
293,COQHIA__ligand133-0
294,COQHIA__ligand1493-0
295,COQHIA__ligand2718-0
296,COQHIA__ligand3070-0
297,COQHIA__ligand3035-0
298,COQHIA__ligand447-0
299,COQHIA__ligand9176-0
300,COQHIA__ligand487-0
301,COQHIA__ligand3251-0
302,COQHIA__ligand5235-0
303,COQHIA__ligand6143-0
304,COQHIA__ligand522-0
305,COQHIA__ligand4619-0
306,COQHIA__ligand666-0
307,COQHIA__ligand2954-0
308,COQHIA__ligand5093-0
309,COQHIA__ligand784-0
310,COQHIA__ligand355-0
311,COQHIA__ligand2253-0
312,COQHIA__ligand1160-0
313,COQHIA__ligand485-0
314,COQHIA__ligand1038-0
315,COQHIA__ligand2762-0
316,COQHIA__ligand7550-0
317,COQHIA__ligand115-0
318,COQHIA__ligand7630-0
319,COQHIA__ligand1555-0
320,COQHIA__ligand1285-0
321,COQHIA__ligand1907-0
322,COQHIA__ligand4423-0
323,COQHIA__ligand3890-0
324,COQHIA__ligand291-0
