,TMC
0,SIPDIF__ligand4911-0
1,SIPDIF__ligand1771-0
2,SIPDIF__ligand13294-0
3,SIPDIF__ligand31832-0
4,SIPDIF__ligand3392-0
5,SIPDIF__ligand28884-0
6,SIPDIF__ligand13331-0
7,SIPDIF__ligand29879-0
8,SIPDIF__ligand409-0
9,SIPDIF__ligand14248-0
10,SIPDIF__ligand5849-0
11,SIPDIF__ligand12030-0
12,SIPDIF__ligand324-0
13,SIPDIF__ligand68-0
14,SIPDIF__ligand361-0
15,SIPDIF__ligand2527-0
16,SIPDIF__ligand11456-0
17,SIPDIF__ligand55-0
18,SIPDIF__ligand14174-0
19,SIPDIF__ligand10712-0
20,SIPDIF__ligand25411-0
21,SIPDIF__ligand1709-0
22,SIPDIF__ligand8464-0
23,SIPDIF__ligand8349-0
24,SIPDIF__ligand1688-0
25,SIPDIF__ligand5357-0
26,SIPDIF__ligand3647-0
27,SIPDIF__ligand34-0
28,SIPDIF__ligand13390-0
29,SIPDIF__ligand5056-0
30,SIPDIF__ligand4850-0
31,SIPDIF__ligand1768-0
32,SIPDIF__ligand20682-0
33,SIPDIF__ligand199-0
34,SIPDIF__ligand4-0
35,SIPDIF__ligand3871-0
36,SIPDIF__ligand1469-0
37,SIPDIF__ligand13208-0
38,SIPDIF__ligand588-0
39,SIPDIF__ligand1379-0
40,SIPDIF__ligand2722-0
41,SIPDIF__ligand26810-0
42,SIPDIF__ligand27482-0
43,SIPDIF__ligand5935-0
44,SIPDIF__ligand1165-0
45,SIPDIF__ligand300-0
46,SIPDIF__ligand9525-0
47,SIPDIF__ligand3157-0
48,SIPDIF__ligand1712-0
49,SIPDIF__ligand4131-0
50,SIPDIF__ligand14889-0
51,SIPDIF__ligand30851-0
52,SIPDIF__ligand633-0
53,SIPDIF__ligand29568-0
54,SIPDIF__ligand28789-0
55,SIPDIF__ligand5892-0
56,SIPDIF__ligand5094-0
57,SIPDIF__ligand497-0
58,SIPDIF__ligand21371-0
59,SIPDIF__ligand17118-0
60,SIPDIF__ligand20419-0
61,SIPDIF__ligand14117-0
62,SIPDIF__ligand1533-0
63,SIPDIF__ligand17261-0
64,SIPDIF__ligand31097-0
65,SIPDIF__ligand21581-0
66,SIPDIF__ligand20251-0
67,SIPDIF__ligand20214-0
68,SIPDIF__ligand30702-0
69,SIPDIF__ligand7557-0
70,SIPDIF__ligand20539-0
71,SIPDIF__ligand1496-0
72,SIPDIF__ligand20251-1
73,SIPDIF__ligand3208-0
74,SIPDIF__ligand57-0
75,SIPDIF__ligand2208-0
76,SIPDIF__ligand436-0
77,SIPDIF__ligand692-0
78,SIPDIF__ligand2781-0
79,SIPDIF__ligand7573-0
80,SIPDIF__ligand3350-0
81,SIPDIF__ligand14703-0
82,SIPDIF__ligand16475-0
83,SIPDIF__ligand1327-0
84,SIPDIF__ligand6672-0
85,SIPDIF__ligand9809-0
86,SIPDIF__ligand8722-0
87,SIPDIF__ligand24047-0
88,SIPDIF__ligand3029-0
89,SIPDIF__ligand10589-0
90,SIPDIF__ligand22557-0
91,SIPDIF__ligand20598-0
92,SIPDIF__ligand11675-0
93,SIPDIF__ligand7162-0
94,SIPDIF__ligand2328-0
95,SIPDIF__ligand17398-0
96,SIPDIF__ligand4581-0
97,SIPDIF__ligand1773-0
98,SIPDIF__ligand1900-0
99,SIPDIF__ligand326-0
100,SIPDIF__ligand9197-0
101,SIPDIF__ligand17982-0
102,SIPDIF__ligand29414-0
103,SIPDIF__ligand17278-0
104,SIPDIF__ligand20011-0
105,SIPDIF__ligand4194-0
106,SIPDIF__ligand27460-0
107,SIPDIF__ligand7532-0
108,SIPDIF__ligand696-0
109,SIPDIF__ligand16628-0
110,SIPDIF__ligand16-0
111,SIPDIF__ligand28468-0
112,SIPDIF__ligand20740-0
113,SIPDIF__ligand2599-0
114,SIPDIF__ligand4330-0
115,SIPDIF__ligand12427-0
116,SIPDIF__ligand3973-0
117,SIPDIF__ligand12337-0
118,SIPDIF__ligand29410-0
119,SIPDIF__ligand26540-0
120,SIPDIF__ligand1147-0
121,SIPDIF__ligand17281-0
122,SIPDIF__ligand30296-0
123,SIPDIF__ligand12606-0
124,SIPDIF__ligand2068-0
125,SIPDIF__ligand30333-0
126,SIPDIF__ligand656-0
127,SIPDIF__ligand7925-0
128,SIPDIF__ligand26665-0
129,SIPDIF__ligand3215-0
130,SIPDIF__ligand17631-0
131,SIPDIF__ligand13012-0
132,SIPDIF__ligand17258-0
133,SIPDIF__ligand14297-0
134,SIPDIF__ligand14603-0
135,SIPDIF__ligand7107-0
136,SIPDIF__ligand31783-0
137,SIPDIF__ligand19641-0
138,SIPDIF__ligand226-0
139,SIPDIF__ligand15422-0
140,SIPDIF__ligand20578-0
141,SIPDIF__ligand12934-0
142,SIPDIF__ligand27893-0
143,SIPDIF__ligand162-0
144,SIPDIF__ligand14723-0
145,SIPDIF__ligand6283-0
146,SIPDIF__ligand383-0
147,SIPDIF__ligand6062-0
148,SIPDIF__ligand30988-0
149,SIPDIF__ligand416-0
150,SIPDIF__ligand5813-0
151,SIPDIF__ligand4813-0
152,SIPDIF__ligand18832-0
153,SIPDIF__ligand4738-0
154,SIPDIF__ligand27175-0
155,SIPDIF__ligand23713-0
156,SIPDIF__ligand32-0
157,SIPDIF__ligand2830-0
158,SIPDIF__ligand12231-0
159,SIPDIF__ligand5627-0
160,SIPDIF__ligand17387-0
161,SIPDIF__ligand12130-0
162,SIPDIF__ligand12289-0
163,SIPDIF__ligand1729-0
164,SIPDIF__ligand18292-0
165,SIPDIF__ligand13658-0
166,SIPDIF__ligand26702-0
167,SIPDIF__ligand19830-0
168,SIPDIF__ligand13068-0
169,SIPDIF__ligand5483-0
170,SIPDIF__ligand10476-0
171,SIPDIF__ligand24145-0
172,SIPDIF__ligand5316-0
173,SIPDIF__ligand15585-0
174,SIPDIF__ligand12401-0
175,SIPDIF__ligand9148-0
176,SIPDIF__ligand25178-0
177,SIPDIF__ligand48-0
178,SIPDIF__ligand23769-0
179,SIPDIF__ligand24185-0
180,SIPDIF__ligand7529-0
181,SIPDIF__ligand17805-0
182,SIPDIF__ligand571-0
183,SIPDIF__ligand534-0
184,SIPDIF__ligand6946-0
185,SIPDIF__ligand1415-0
186,SIPDIF__ligand17302-0
187,SIPDIF__ligand670-0
188,SIPDIF__ligand6455-0
189,SIPDIF__ligand6882-0
190,SIPDIF__ligand14108-0
191,SIPDIF__ligand91-0
192,SIPDIF__ligand3934-0
193,SIPDIF__ligand10958-0
194,SIPDIF__ligand12641-0
195,SIPDIF__ligand2403-0
196,SIPDIF__ligand27763-0
197,SIPDIF__ligand7530-0
198,SIPDIF__ligand694-0
199,SIPDIF__ligand10262-0
200,SIPDIF__ligand28676-0
201,SIPDIF__ligand1065-0
202,SIPDIF__ligand1449-0
203,SIPDIF__ligand3012-0
204,SIPDIF__ligand29302-0
205,SIPDIF__ligand13425-0
206,SIPDIF__ligand4332-0
207,SIPDIF__ligand488-0
208,SIPDIF__ligand430-0
209,SIPDIF__ligand18814-0
210,SIPDIF__ligand9681-0
211,SIPDIF__ligand19057-0
212,SIPDIF__ligand358-0
213,SIPDIF__ligand51-0
214,SIPDIF__ligand122-0
215,SIPDIF__ligand11140-0
216,SIPDIF__ligand29610-0
217,SIPDIF__ligand4620-0
218,SIPDIF__ligand29863-0
219,SIPDIF__ligand18074-0
220,SIPDIF__ligand13869-0
221,SIPDIF__ligand757-0
222,SIPDIF__ligand2295-0
223,SIPDIF__ligand6067-0
224,SIPDIF__ligand1577-0
225,SIPDIF__ligand7819-0
226,SIPDIF__ligand18465-0
227,SIPDIF__ligand18799-0
228,SIPDIF__ligand2917-0
229,SIPDIF__ligand3465-0
230,SIPDIF__ligand28668-0
231,SIPDIF__ligand6904-0
232,SIPDIF__ligand3721-0
233,SIPDIF__ligand6596-0
234,SIPDIF__ligand6102-0
235,SIPDIF__ligand16791-0
236,SIPDIF__ligand3234-0
237,SIPDIF__ligand1142-0
238,SIPDIF__ligand27169-0
239,SIPDIF__ligand14523-0
240,SIPDIF__ligand18391-0
241,SIPDIF__ligand2028-0
242,SIPDIF__ligand8835-0
243,SIPDIF__ligand25805-0
244,SIPDIF__ligand22981-0
245,SIPDIF__ligand20599-0
246,SIPDIF__ligand7126-0
247,SIPDIF__ligand27074-0
248,SIPDIF__ligand693-0
249,SIPDIF__ligand4641-0
250,SIPDIF__ligand23904-0
251,SIPDIF__ligand13257-0
252,SIPDIF__ligand21936-0
253,SIPDIF__ligand12467-0
254,SIPDIF__ligand25267-0
255,SIPDIF__ligand10084-0
256,SIPDIF__ligand21132-0
257,SIPDIF__ligand8721-0
258,SIPDIF__ligand141-0
259,SIPDIF__ligand11166-0
260,SIPDIF__ligand1324-0
261,SIPDIF__ligand23906-0
262,SIPDIF__ligand5643-0
263,SIPDIF__ligand240-0
264,SIPDIF__ligand1823-0
265,SIPDIF__ligand5036-0
266,SIPDIF__ligand2526-0
267,SIPDIF__ligand1615-0
268,SIPDIF__ligand11-0
269,SIPDIF__ligand30539-0
270,SIPDIF__ligand9111-0
271,SIPDIF__ligand9952-0
272,SIPDIF__ligand9601-0
273,SIPDIF__ligand21787-0
274,SIPDIF__ligand8992-0
275,SIPDIF__ligand25575-0
276,SIPDIF__ligand25689-0
277,SIPDIF__ligand69-0
278,SIPDIF__ligand12295-0
279,SIPDIF__ligand4116-0
280,SIPDIF__ligand1018-0
281,SIPDIF__ligand27835-0
282,SIPDIF__ligand3707-0
283,SIPDIF__ligand6124-0
284,SIPDIF__ligand7967-0
285,SIPDIF__ligand3156-0
286,SIPDIF__ligand2915-0
287,SIPDIF__ligand31248-0
288,SIPDIF__ligand768-0
289,SIPDIF__ligand25650-0
290,SIPDIF__ligand13209-0
291,SIPDIF__ligand19257-0
292,SIPDIF__ligand1378-0
293,SIPDIF__ligand6244-0
294,SIPDIF__ligand12660-0
295,SIPDIF__ligand11206-0
296,SIPDIF__ligand2332-0
297,SIPDIF__ligand9441-0
298,SIPDIF__ligand23124-0
299,SIPDIF__ligand12519-0
300,SIPDIF__ligand25735-0
301,SIPDIF__ligand9933-0
302,SIPDIF__ligand384-0
303,SIPDIF__ligand1530-0
304,SIPDIF__ligand1575-0
305,SIPDIF__ligand1631-0
306,SIPDIF__ligand9784-0
307,SIPDIF__ligand23589-0
308,SIPDIF__ligand24064-0
309,SIPDIF__ligand7629-0
310,SIPDIF__ligand1451-0
311,SIPDIF__ligand4272-0
312,SIPDIF__ligand4442-0
313,SIPDIF__ligand4093-0
314,SIPDIF__ligand3954-0
315,SIPDIF__ligand15168-0
316,SIPDIF__ligand1160-0
317,SIPDIF__ligand49-0
318,SIPDIF__ligand8699-0
319,SIPDIF__ligand9520-0
320,SIPDIF__ligand22755-0
321,SIPDIF__ligand338-0
322,SIPDIF__ligand31618-0
323,SIPDIF__ligand11432-0
324,SIPDIF__ligand10432-0
325,SIPDIF__ligand4016-0
326,SIPDIF__ligand6709-0
327,SIPDIF__ligand1219-0
328,SIPDIF__ligand26277-0
329,SIPDIF__ligand29898-0
330,SIPDIF__ligand89-0
331,SIPDIF__ligand7867-0
332,SIPDIF__ligand7280-0
333,SIPDIF__ligand1790-0
334,SIPDIF__ligand1-0
335,SIPDIF__ligand1304-0
336,SIPDIF__ligand7238-0
337,SIPDIF__ligand7000-0
338,SIPDIF__ligand31578-0
339,SIPDIF__ligand1982-0
340,SIPDIF__ligand17207-0
341,SIPDIF__ligand6768-0
342,SIPDIF__ligand8115-0
343,SIPDIF__ligand1285-0
344,SIPDIF__ligand17945-0
345,SIPDIF__ligand25224-0
346,SIPDIF__ligand18013-0
347,SIPDIF__ligand201-0
348,SIPDIF__ligand24750-0
349,SIPDIF__ligand4503-0
350,SIPDIF__ligand4546-0
351,SIPDIF__ligand5256-0
352,SIPDIF__ligand2828-0
353,SIPDIF__ligand8876-0
354,SIPDIF__ligand178-0
355,SIPDIF__ligand7648-0
356,SIPDIF__ligand9833-0
357,SIPDIF__ligand28924-0
358,SIPDIF__ligand4157-0
359,SIPDIF__ligand185-0
360,SIPDIF__ligand279-0
361,SIPDIF__ligand15438-0
362,SIPDIF__ligand18703-0
363,SIPDIF__ligand2232-0
364,SIPDIF__ligand321-0
365,SIPDIF__ligand9291-0
366,SIPDIF__ligand2176-0
367,SIPDIF__ligand29087-0
368,SIPDIF__ligand3094-0
369,SIPDIF__ligand4155-0
370,SIPDIF__ligand187-0
371,SIPDIF__ligand5211-0
372,SIPDIF__ligand657-0
373,SIPDIF__ligand3937-0
374,SIPDIF__ligand1202-0
375,SIPDIF__ligand3174-0
376,SIPDIF__ligand12336-0
377,SIPDIF__ligand3131-0
378,SIPDIF__ligand8969-0
379,SIPDIF__ligand6839-0
380,SIPDIF__ligand4720-0
381,SIPDIF__ligand366-0
382,SIPDIF__ligand13072-0
383,SIPDIF__ligand17-0
384,SIPDIF__ligand17590-0
385,SIPDIF__ligand3565-0
386,SIPDIF__ligand777-0
387,SIPDIF__ligand5331-0
388,SIPDIF__ligand17240-0
389,SIPDIF__ligand1512-0
390,SIPDIF__ligand941-0
391,SIPDIF__ligand2485-0
392,SIPDIF__ligand596-0
393,SIPDIF__ligand3852-0
394,SIPDIF__ligand12682-0
395,SIPDIF__ligand18699-0
396,SIPDIF__ligand6919-0
397,SIPDIF__ligand11774-0
398,SIPDIF__ligand14586-0
399,SIPDIF__ligand1536-0
400,SIPDIF__ligand1573-0
401,SIPDIF__ligand9935-0
402,SIPDIF__ligand3504-0
403,SIPDIF__ligand1959-0
404,SIPDIF__ligand21421-0
405,SIPDIF__ligand11568-0
406,SIPDIF__ligand17710-0
407,SIPDIF__ligand20579-0
408,SIPDIF__ligand4661-0
409,SIPDIF__ligand1844-0
410,SIPDIF__ligand3718-0
411,SIPDIF__ligand126-0
412,SIPDIF__ligand163-0
413,SIPDIF__ligand3035-0
414,SIPDIF__ligand1343-0
415,SIPDIF__ligand3876-0
416,SIPDIF__ligand3-0
417,SIPDIF__ligand6616-0
418,SIPDIF__ligand7106-0
419,SIPDIF__ligand10555-0
420,SIPDIF__ligand7242-0
421,SIPDIF__ligand31483-0
422,SIPDIF__ligand19725-0
423,SIPDIF__ligand24613-0
424,SIPDIF__ligand1263-0
425,SIPDIF__ligand9908-0
426,SIPDIF__ligand845-0
427,SIPDIF__ligand15387-0
428,SIPDIF__ligand152-0
429,SIPDIF__ligand5180-0
430,SIPDIF__ligand20121-0
431,SIPDIF__ligand20220-0
432,SIPDIF__ligand5708-0
433,SIPDIF__ligand16952-0
434,SIPDIF__ligand29813-0
435,SIPDIF__ligand7316-0
436,SIPDIF__ligand6017-0
437,SIPDIF__ligand29441-0
438,SIPDIF__ligand2124-0
439,SIPDIF__ligand10853-0
440,SIPDIF__ligand8612-0
441,SIPDIF__ligand7092-0
442,SIPDIF__ligand2260-0
443,SIPDIF__ligand1153-0
444,SIPDIF__ligand3225-0
445,SIPDIF__ligand1116-0
446,SIPDIF__ligand10479-0
447,SIPDIF__ligand27610-0
448,SIPDIF__ligand11479-0
449,SIPDIF__ligand20530-0
450,SIPDIF__ligand9323-0
451,SIPDIF__ligand11698-0
452,SIPDIF__ligand14302-0
453,SIPDIF__ligand14347-0
454,SIPDIF__ligand13657-0
455,SIPDIF__ligand7273-0
456,SIPDIF__ligand506-0
457,SIPDIF__ligand24851-0
458,SIPDIF__ligand7172-0
459,SIPDIF__ligand4711-0
460,SIPDIF__ligand3244-0
461,SIPDIF__ligand22353-0
462,SIPDIF__ligand487-0
463,SIPDIF__ligand2906-0
464,SIPDIF__ligand19668-0
465,SIPDIF__ligand4649-0
466,SIPDIF__ligand8793-0
467,SIPDIF__ligand19906-0
468,SIPDIF__ligand2788-0
469,SIPDIF__ligand5649-0
470,SIPDIF__ligand5159-0
471,SIPDIF__ligand7196-0
472,SIPDIF__ligand9753-0
473,SIPDIF__ligand10151-0
474,SIPDIF__ligand1356-0
475,SIPDIF__ligand1787-0
476,SIPDIF__ligand176-0
477,SIPDIF__ligand5530-0
478,SIPDIF__ligand746-0
479,SIPDIF__ligand3178-0
480,SIPDIF__ligand4807-0
481,SIPDIF__ligand447-0
482,SIPDIF__ligand10582-0
483,SIPDIF__ligand13260-0
484,SIPDIF__ligand11252-0
485,SIPDIF__ligand9450-0
486,SIPDIF__ligand368-0
487,SIPDIF__ligand19824-0
488,SIPDIF__ligand24-0
489,SIPDIF__ligand18067-0
490,SIPDIF__ligand1599-0
491,SIPDIF__ligand2612-0
492,SIPDIF__ligand395-0
493,SIPDIF__ligand20821-0
494,SIPDIF__ligand19-0
495,SIPDIF__ligand2203-0
496,SIPDIF__ligand784-0
497,SIPDIF__ligand5387-0
498,SIPDIF__ligand1289-0
499,SIPDIF__ligand26673-0
500,SIPDIF__ligand31000-0
501,SIPDIF__ligand11606-0
502,SIPDIF__ligand16603-0
503,SIPDIF__ligand78-0
504,SIPDIF__ligand1114-0
505,SIPDIF__ligand9284-0
506,SIPDIF__ligand833-0
507,SIPDIF__ligand11814-0
508,SIPDIF__ligand3126-0
509,SIPDIF__ligand6391-0
510,SIPDIF__ligand11622-0
511,SIPDIF__ligand16870-0
512,SIPDIF__ligand2417-0
513,SIPDIF__ligand1832-0
514,SIPDIF__ligand15455-0
515,SIPDIF__ligand8788-0
516,SIPDIF__ligand11177-0
517,SIPDIF__ligand2043-0
518,SIPDIF__ligand115-0
519,SIPDIF__ligand25658-0
520,SIPDIF__ligand17686-0
521,SIPDIF__ligand31205-0
522,SIPDIF__ligand9943-0
523,SIPDIF__ligand1228-0
524,SIPDIF__ligand1604-0
525,SIPDIF__ligand45-0
526,SIPDIF__ligand2881-0
527,SIPDIF__ligand1499-0
528,SIPDIF__ligand3712-0
529,SIPDIF__ligand1464-0
530,SIPDIF__ligand314-1
531,SIPDIF__ligand20844-0
532,SIPDIF__ligand18413-0
533,SIPDIF__ligand24624-0
534,SIPDIF__ligand1211-0
535,SIPDIF__ligand18757-0
536,SIPDIF__ligand24560-0
537,SIPDIF__ligand6892-0
538,SIPDIF__ligand1294-0
539,SIPDIF__ligand465-0
540,SIPDIF__ligand1168-0
541,SIPDIF__ligand3632-0
542,SIPDIF__ligand3677-0
543,SIPDIF__ligand21752-0
544,SIPDIF__ligand30788-0
545,SIPDIF__ligand13691-0
546,SIPDIF__ligand14339-0
547,SIPDIF__ligand6699-0
548,SIPDIF__ligand23445-0
549,SIPDIF__ligand24953-0
550,SIPDIF__ligand9299-0
551,SIPDIF__ligand391-0
552,SIPDIF__ligand20432-0
553,SIPDIF__ligand27122-0
554,SIPDIF__ligand4007-0
555,SIPDIF__ligand13755-0
556,SIPDIF__ligand16133-0
557,SIPDIF__ligand2985-0
558,SIPDIF__ligand9883-0
559,SIPDIF__ligand3677-1
560,SIPDIF__ligand25048-0
561,SIPDIF__ligand7291-0
562,SIPDIF__ligand618-0
563,SIPDIF__ligand21940-0
564,SIPDIF__ligand8000-0
565,SIPDIF__ligand3736-0
566,SIPDIF__ligand20557-0
567,SIPDIF__ligand9344-0
568,SIPDIF__ligand30004-0
569,SIPDIF__ligand314-0
570,SIPDIF__ligand780-0
571,SIPDIF__ligand2693-0
572,SIPDIF__ligand5383-0
573,SIPDIF__ligand813-0
574,SIPDIF__ligand3945-0
575,SIPDIF__ligand11544-0
576,SIPDIF__ligand11501-0
577,SIPDIF__ligand29214-0
578,SIPDIF__ligand6117-0
579,SIPDIF__ligand1407-0
580,SIPDIF__ligand5509-0
581,SIPDIF__ligand8002-0
582,SIPDIF__ligand22357-0
583,SIPDIF__ligand11758-0
584,SIPDIF__ligand7762-0
585,SIPDIF__ligand5080-0
586,SIPDIF__ligand21448-0
587,SIPDIF__ligand353-0
588,SIPDIF__ligand11798-0
589,SIPDIF__ligand67-0
590,SIPDIF__ligand2238-0
591,SIPDIF__ligand12413-0
592,SIPDIF__ligand5304-0
593,SIPDIF__ligand29334-0
594,SIPDIF__ligand393-0
595,SIPDIF__ligand20731-0
596,SIPDIF__ligand9167-0
597,SIPDIF__ligand1317-0
598,SIPDIF__ligand17445-0
599,SIPDIF__ligand3867-0
600,SIPDIF__ligand2822-0
601,SIPDIF__ligand7293-0
602,SIPDIF__ligand17069-0
603,SIPDIF__ligand14477-0
604,SIPDIF__ligand5099-0
605,SIPDIF__ligand8592-0
606,SIPDIF__ligand1197-0
607,SIPDIF__ligand2259-0
608,SIPDIF__ligand43-0
609,SIPDIF__ligand1296-0
610,SIPDIF__ligand20942-1
611,SIPDIF__ligand16956-0
612,SIPDIF__ligand422-0
613,SIPDIF__ligand21339-0
614,SIPDIF__ligand14226-0
615,SIPDIF__ligand18158-0
616,SIPDIF__ligand686-0
617,SIPDIF__ligand27771-0
618,SIPDIF__ligand1376-0
619,SIPDIF__ligand29565-0
620,SIPDIF__ligand5510-0
621,SIPDIF__ligand23682-0
622,SIPDIF__ligand9773-0
623,SIPDIF__ligand18019-1
624,SIPDIF__ligand14007-0
625,SIPDIF__ligand196-0
626,SIPDIF__ligand5595-0
627,SIPDIF__ligand4101-0
628,SIPDIF__ligand2221-0
629,SIPDIF__ligand3120-0
630,SIPDIF__ligand3926-0
631,SIPDIF__ligand4358-0
632,SIPDIF__ligand27550-0
633,SIPDIF__ligand31842-0
634,SIPDIF__ligand31044-0
635,SIPDIF__ligand11994-0
636,SIPDIF__ligand564-0
637,SIPDIF__ligand4167-0
638,SIPDIF__ligand9491-0
639,SIPDIF__ligand370-1
640,SIPDIF__ligand24035-0
641,SIPDIF__ligand620-0
642,SIPDIF__ligand1400-0
643,SIPDIF__ligand4266-0
644,SIPDIF__ligand14614-0
645,SIPDIF__ligand16663-0
646,SIPDIF__ligand785-0
647,SIPDIF__ligand18-0
648,SIPDIF__ligand311-0
649,SIPDIF__ligand1288-0
650,SIPDIF__ligand479-0
651,SIPDIF__ligand1149-0
652,SIPDIF__ligand3557-0
653,SIPDIF__ligand3980-0
654,SIPDIF__ligand16988-0
655,SIPDIF__ligand25913-0
656,SIPDIF__ligand7075-0
657,SIPDIF__ligand9750-0
658,SIPDIF__ligand1817-0
659,SIPDIF__ligand6993-0
660,SIPDIF__ligand11682-0
661,SIPDIF__ligand188-0
662,SIPDIF__ligand20207-0
663,SIPDIF__ligand30711-0
664,SIPDIF__ligand1779-0
665,SIPDIF__ligand15926-0
666,SIPDIF__ligand19792-0
667,SIPDIF__ligand10828-0
668,SIPDIF__ligand4063-0
669,SIPDIF__ligand28810-0
670,SIPDIF__ligand11447-0
671,SIPDIF__ligand11096-0
672,SIPDIF__ligand24230-0
673,SIPDIF__ligand8200-0
674,SIPDIF__ligand7438-0
675,SIPDIF__ligand15883-0
676,SIPDIF__ligand250-0
677,SIPDIF__ligand3042-0
678,SIPDIF__ligand11970-0
679,SIPDIF__ligand21919-0
680,SIPDIF__ligand4207-0
681,SIPDIF__ligand28930-0
682,SIPDIF__ligand3416-0
683,SIPDIF__ligand3453-0
684,SIPDIF__ligand22168-0
685,SIPDIF__ligand22294-0
686,SIPDIF__ligand11357-0
687,SIPDIF__ligand13862-0
688,SIPDIF__ligand370-0
689,SIPDIF__ligand15531-0
690,SIPDIF__ligand28743-0
691,SIPDIF__ligand1150-0
692,SIPDIF__ligand1539-0
693,SIPDIF__ligand10056-0
694,SIPDIF__ligand12365-0
695,SIPDIF__ligand1849-0
696,SIPDIF__ligand193-0
697,SIPDIF__ligand23197-0
698,SIPDIF__ligand830-0
699,SIPDIF__ligand1216-0
700,SIPDIF__ligand372-0
701,SIPDIF__ligand3261-0
702,SIPDIF__ligand1152-0
703,SIPDIF__ligand27285-0
704,SIPDIF__ligand5019-0
705,SIPDIF__ligand29029-0
706,SIPDIF__ligand30142-0
707,SIPDIF__ligand27669-0
708,SIPDIF__ligand13477-0
709,SIPDIF__ligand14167-0
710,SIPDIF__ligand6663-0
711,SIPDIF__ligand116-0
712,SIPDIF__ligand5515-0
713,SIPDIF__ligand1831-0
714,SIPDIF__ligand5614-0
715,SIPDIF__ligand5280-0
716,SIPDIF__ligand252-0
717,SIPDIF__ligand18448-0
718,SIPDIF__ligand4795-0
719,SIPDIF__ligand3285-0
720,SIPDIF__ligand12453-0
721,SIPDIF__ligand28459-0
722,SIPDIF__ligand1908-0
723,SIPDIF__ligand5630-0
724,SIPDIF__ligand19184-0
725,SIPDIF__ligand1786-0
726,SIPDIF__ligand177-0
727,SIPDIF__ligand28685-0
728,SIPDIF__ligand6112-0
729,SIPDIF__ligand18568-0
730,SIPDIF__ligand909-0
731,SIPDIF__ligand8042-0
732,SIPDIF__ligand13672-0
733,SIPDIF__ligand7213-0
734,SIPDIF__ligand1397-0
735,SIPDIF__ligand1828-0
736,SIPDIF__ligand5755-0
737,SIPDIF__ligand10371-0
738,SIPDIF__ligand4710-0
739,SIPDIF__ligand5085-0
740,SIPDIF__ligand3144-0
741,SIPDIF__ligand16369-0
742,SIPDIF__ligand28540-0
743,SIPDIF__ligand11111-0
744,SIPDIF__ligand2823-0
745,SIPDIF__ligand27754-0
746,SIPDIF__ligand20695-0
747,SIPDIF__ligand6995-0
748,SIPDIF__ligand3180-0
749,SIPDIF__ligand66-0
750,SIPDIF__ligand4340-0
751,SIPDIF__ligand2281-0
752,SIPDIF__ligand2650-0
753,SIPDIF__ligand868-0
754,SIPDIF__ligand22403-0
755,SIPDIF__ligand21399-0
756,SIPDIF__ligand5415-0
757,SIPDIF__ligand10872-0
758,SIPDIF__ligand16148-0
759,SIPDIF__ligand26631-0
760,SIPDIF__ligand783-0
761,SIPDIF__ligand352-0
762,SIPDIF__ligand12003-0
763,SIPDIF__ligand4124-0
764,SIPDIF__ligand3471-0
765,SIPDIF__ligand4161-0
766,SIPDIF__ligand29215-0
767,SIPDIF__ligand1113-0
768,SIPDIF__ligand8553-0
769,SIPDIF__ligand21729-0
770,SIPDIF__ligand27239-0
771,SIPDIF__ligand28559-0
772,SIPDIF__ligand26324-0
773,SIPDIF__ligand14043-0
774,SIPDIF__ligand5201-0
775,SIPDIF__ligand19927-0
776,SIPDIF__ligand197-0
777,SIPDIF__ligand7566-0
778,SIPDIF__ligand2001-0
779,SIPDIF__ligand11618-0
780,SIPDIF__ligand8593-0
781,SIPDIF__ligand9944-0
782,SIPDIF__ligand26529-0
783,SIPDIF__ligand42-0
784,SIPDIF__ligand17427-0
785,SIPDIF__ligand685-0
786,SIPDIF__ligand8529-0
787,SIPDIF__ligand29486-0
788,SIPDIF__ligand421-0
789,SIPDIF__ligand1169-0
790,SIPDIF__ligand31694-0
791,SIPDIF__ligand9615-0
792,SIPDIF__ligand25561-0
793,SIPDIF__ligand38-0
794,SIPDIF__ligand1154-0
795,SIPDIF__ligand22129-0
796,SIPDIF__ligand4596-0
797,SIPDIF__ligand12138-0
798,SIPDIF__ligand1498-0
799,SIPDIF__ligand24780-0
800,SIPDIF__ligand294-0
801,SIPDIF__ligand8-0
802,SIPDIF__ligand11949-0
803,SIPDIF__ligand2692-0
804,SIPDIF__ligand12001-0
805,SIPDIF__ligand1618-0
806,SIPDIF__ligand10033-0
807,SIPDIF__ligand24644-0
808,SIPDIF__ligand24872-0
809,SIPDIF__ligand4262-0
810,SIPDIF__ligand27840-0
811,SIPDIF__ligand1028-0
812,SIPDIF__ligand560-0
813,SIPDIF__ligand30728-0
814,SIPDIF__ligand1050-0
815,SIPDIF__ligand17396-0
816,SIPDIF__ligand1015-0
817,SIPDIF__ligand235-0
818,SIPDIF__ligand23175-0
819,SIPDIF__ligand15788-0
820,SIPDIF__ligand134-0
821,SIPDIF__ligand2027-0
822,SIPDIF__ligand11587-0
823,SIPDIF__ligand13220-0
824,SIPDIF__ligand24111-0
825,SIPDIF__ligand22444-0
826,SIPDIF__ligand14569-0
827,SIPDIF__ligand13385-0
