,TMC
0,BIKSAQ__ligand2707-0
1,BIKSAQ__ligand1690-0
2,BIKSAQ__ligand2526-0
3,BIKSAQ__ligand48-0
4,BIKSAQ__ligand1551-0
5,BIKSAQ__ligand29-0
6,BIKSAQ__ligand4012-0
7,BIKSAQ__ligand3196-0
8,BIKSAQ__ligand91-0
9,BIKSAQ__ligand797-0
10,BIKSAQ__ligand757-0
11,BIKSAQ__ligand51-0
12,BIKSAQ__ligand2915-0
13,BIKSAQ__ligand384-0
14,BIKSAQ__ligand4175-0
15,BIKSAQ__ligand2255-0
16,BIKSAQ__ligand120-0
17,BIKSAQ__ligand1918-0
18,BIKSAQ__ligand4370-0
19,BIKSAQ__ligand1436-0
20,BIKSAQ__ligand141-0
21,BIKSAQ__ligand2618-0
22,BIKSAQ__ligand240-0
23,BIKSAQ__ligand32-0
24,BIKSAQ__ligand3618-0
25,BIKSAQ__ligand321-0
26,BIKSAQ__ligand3852-0
27,BIKSAQ__ligand3478-0
28,BIKSAQ__ligand178-0
29,BIKSAQ__ligand5758-0
30,BIKSAQ__ligand279-0
31,BIKSAQ__ligand10114-0
32,BIKSAQ__ligand201-0
33,BIKSAQ__ligand73-0
34,BIKSAQ__ligand244-0
35,BIKSAQ__ligand100-0
36,BIKSAQ__ligand7456-0
37,BIKSAQ__ligand1818-0
38,BIKSAQ__ligand3-0
39,BIKSAQ__ligand3251-0
40,BIKSAQ__ligand124-0
41,BIKSAQ__ligand57-0
42,BIKSAQ__ligand6143-0
43,BIKSAQ__ligand5235-0
44,BIKSAQ__ligand4619-0
45,BIKSAQ__ligand10479-0
46,BIKSAQ__ligand1493-0
47,BIKSAQ__ligand3070-0
48,BIKSAQ__ligand3035-0
49,BIKSAQ__ligand2718-0
50,BIKSAQ__ligand9176-0
51,BIKSAQ__ligand119-0
52,BIKSAQ__ligand7550-0
53,BIKSAQ__ligand95-0
54,BIKSAQ__ligand55-0
55,BIKSAQ__ligand2954-0
56,BIKSAQ__ligand5093-0
57,BIKSAQ__ligand126-0
58,BIKSAQ__ligand1160-0
59,BIKSAQ__ligand2253-0
60,BIKSAQ__ligand14530-0
61,BIKSAQ__ligand1038-0
62,BIKSAQ__ligand2762-0
63,BIKSAQ__ligand1907-0
64,BIKSAQ__ligand596-0
65,BIKSAQ__ligand4423-0
66,BIKSAQ__ligand34-0
67,BIKSAQ__ligand1-0
68,BIKSAQ__ligand3890-0
69,BIKSAQ__ligand861-0
70,BIKSAQ__ligand7630-0
71,BIKSAQ__ligand366-0
72,BIKSAQ__ligand10910-0
73,BIKSAQ__ligand187-0
74,BIKSAQ__ligand1555-0
75,BIKSAQ__ligand612-0
76,BIKSAQ__ligand1285-0
77,BIKSAQ__ligand2389-0
78,BIKSAQ__ligand1919-0
79,BIKSAQ__ligand92-0
80,BIKSAQ__ligand575-0
81,BIKSAQ__ligand2916-0
82,BIKSAQ__ligand199-0
83,BIKSAQ__ligand2110-0
84,BIKSAQ__ligand17-0
85,BIKSAQ__ligand927-0
86,BIKSAQ__ligand3579-0
87,BIKSAQ__ligand1712-0
88,BIKSAQ__ligand140-0
89,BIKSAQ__ligand105-0
90,BIKSAQ__ligand6-0
91,BIKSAQ__ligand8032-0
92,BIKSAQ__ligand1858-0
93,BIKSAQ__ligand2315-0
94,BIKSAQ__ligand1898-0
95,BIKSAQ__ligand324-0
96,BIKSAQ__ligand361-0
97,BIKSAQ__ligand2480-0
98,BIKSAQ__ligand409-0
99,BIKSAQ__ligand4504-0
100,BIKSAQ__ligand3051-0
101,BIKSAQ__ligand5334-0
102,BIKSAQ__ligand2482-0
103,BIKSAQ__ligand1325-0
104,BIKSAQ__ligand326-0
105,BIKSAQ__ligand6571-0
106,BIKSAQ__ligand821-0
107,BIKSAQ__ligand283-0
108,BIKSAQ__ligand553-0
109,BIKSAQ__ligand49-0
110,BIKSAQ__ligand206-0
111,BIKSAQ__ligand1104-0
112,BIKSAQ__ligand7414-0
113,BIKSAQ__ligand89-0
114,BIKSAQ__ligand5762-0
115,BIKSAQ__ligand142-0
116,BIKSAQ__ligand1019-0
117,BIKSAQ__ligand2442-0
118,BIKSAQ__ligand436-0
119,BIKSAQ__ligand4-0
120,BIKSAQ__ligand166-0
121,BIKSAQ__ligand1299-0
122,BIKSAQ__ligand6430-0
123,BIKSAQ__ligand1221-0
124,BIKSAQ__ligand1264-0
125,BIKSAQ__ligand1379-0
126,BIKSAQ__ligand838-0
127,BIKSAQ__ligand497-0
128,BIKSAQ__ligand2376-0
129,BIKSAQ__ligand532-0
130,BIKSAQ__ligand2929-0
131,BIKSAQ__ligand918-0
132,BIKSAQ__ligand633-0
133,BIKSAQ__ligand383-0
134,BIKSAQ__ligand10357-0
135,BIKSAQ__ligand15630-0
136,BIKSAQ__ligand11-0
137,BIKSAQ__ligand226-0
138,BIKSAQ__ligand9620-0
139,BIKSAQ__ligand1260-0
140,BIKSAQ__ligand4894-0
141,BIKSAQ__ligand162-0
142,BIKSAQ__ligand4811-0
143,BIKSAQ__ligand1449-1
144,BIKSAQ__ligand7514-0
145,BIKSAQ__ligand3337-0
146,BIKSAQ__ligand1178-0
147,BIKSAQ__ligand3566-0
148,BIKSAQ__ligand1321-0
149,BIKSAQ__ligand1788-0
150,BIKSAQ__ligand6166-0
151,BIKSAQ__ligand358-0
152,BIKSAQ__ligand430-0
153,BIKSAQ__ligand1246-0
154,BIKSAQ__ligand669-0
155,BIKSAQ__ligand278-0
156,BIKSAQ__ligand5089-0
157,BIKSAQ__ligand2599-0
158,BIKSAQ__ligand365-0
159,BIKSAQ__ligand2853-0
160,BIKSAQ__ligand3853-0
161,BIKSAQ__ligand571-0
162,BIKSAQ__ligand670-0
163,BIKSAQ__ligand118-0
164,BIKSAQ__ligand1307-0
165,BIKSAQ__ligand509-0
166,BIKSAQ__ligand370-0
167,BIKSAQ__ligand11730-0
168,BIKSAQ__ligand1607-0
169,BIKSAQ__ligand67-0
170,BIKSAQ__ligand250-0
171,BIKSAQ__ligand1152-0
172,BIKSAQ__ligand1727-0
173,BIKSAQ__ligand460-0
174,BIKSAQ__ligand188-0
175,BIKSAQ__ligand2907-0
176,BIKSAQ__ligand444-0
177,BIKSAQ__ligand369-0
178,BIKSAQ__ligand2430-0
179,BIKSAQ__ligand1703-0
180,BIKSAQ__ligand1056-0
181,BIKSAQ__ligand2320-0
182,BIKSAQ__ligand2862-0
183,BIKSAQ__ligand311-0
184,BIKSAQ__ligand8921-0
185,BIKSAQ__ligand1567-0
186,BIKSAQ__ligand2285-0
187,BIKSAQ__ligand2510-0
188,BIKSAQ__ligand6294-0
189,BIKSAQ__ligand851-0
190,BIKSAQ__ligand1054-0
191,BIKSAQ__ligand909-0
192,BIKSAQ__ligand1598-0
193,BIKSAQ__ligand4303-0
194,BIKSAQ__ligand1248-0
195,BIKSAQ__ligand177-0
196,BIKSAQ__ligand934-0
197,BIKSAQ__ligand7464-0
198,BIKSAQ__ligand955-0
199,BIKSAQ__ligand252-0
200,BIKSAQ__ligand830-0
201,BIKSAQ__ligand8774-0
202,BIKSAQ__ligand193-0
203,BIKSAQ__ligand3637-0
204,BIKSAQ__ligand5941-0
205,BIKSAQ__ligand2880-0
206,BIKSAQ__ligand1799-0
207,BIKSAQ__ligand3838-0
208,BIKSAQ__ligand2838-0
209,BIKSAQ__ligand112-0
210,BIKSAQ__ligand296-0
211,BIKSAQ__ligand1169-0
212,BIKSAQ__ligand5022-0
213,BIKSAQ__ligand197-0
214,BIKSAQ__ligand78-0
215,BIKSAQ__ligand85-0
216,BIKSAQ__ligand352-0
217,BIKSAQ__ligand783-0
218,BIKSAQ__ligand8-0
219,BIKSAQ__ligand2864-0
220,BIKSAQ__ligand2772-0
221,BIKSAQ__ligand6151-0
222,BIKSAQ__ligand9495-0
223,BIKSAQ__ligand442-0
224,BIKSAQ__ligand868-0
225,BIKSAQ__ligand6538-0
226,BIKSAQ__ligand136-0
227,BIKSAQ__ligand45-0
228,BIKSAQ__ligand2142-0
229,BIKSAQ__ligand390-0
230,BIKSAQ__ligand1273-0
231,BIKSAQ__ligand235-0
232,BIKSAQ__ligand134-0
233,BIKSAQ__ligand932-0
234,BIKSAQ__ligand109-0
235,BIKSAQ__ligand525-0
236,BIKSAQ__ligand560-0
237,BIKSAQ__ligand1052-0
238,BIKSAQ__ligand1502-0
239,BIKSAQ__ligand993-0
240,BIKSAQ__ligand294-0
241,BIKSAQ__ligand1835-0
242,BIKSAQ__ligand2345-0
243,BIKSAQ__ligand2794-0
244,BIKSAQ__ligand331-0
245,BIKSAQ__ligand4983-0
246,BIKSAQ__ligand798-0
247,BIKSAQ__ligand9027-0
248,BIKSAQ__ligand421-0
249,BIKSAQ__ligand584-0
250,BIKSAQ__ligand916-0
251,BIKSAQ__ligand2265-0
252,BIKSAQ__ligand1113-0
253,BIKSAQ__ligand6396-0
254,BIKSAQ__ligand447-0
255,BIKSAQ__ligand40-0
256,BIKSAQ__ligand133-0
257,BIKSAQ__ligand3246-0
258,BIKSAQ__ligand666-0
259,BIKSAQ__ligand1148-0
260,BIKSAQ__ligand38-0
261,BIKSAQ__ligand522-0
262,BIKSAQ__ligand1479-0
263,BIKSAQ__ligand487-0
264,BIKSAQ__ligand1228-0
265,BIKSAQ__ligand9244-0
266,BIKSAQ__ligand1114-0
267,BIKSAQ__ligand1538-0
268,BIKSAQ__ligand682-0
269,BIKSAQ__ligand21-0
270,BIKSAQ__ligand2751-0
271,BIKSAQ__ligand66-0
272,BIKSAQ__ligand115-0
273,BIKSAQ__ligand291-0
274,BIKSAQ__ligand1542-0
275,BIKSAQ__ligand2634-0
276,BIKSAQ__ligand3041-0
277,BIKSAQ__ligand3178-0
278,BIKSAQ__ligand6332-0
279,BIKSAQ__ligand6502-0
280,BIKSAQ__ligand2098-0
281,BIKSAQ__ligand485-0
282,BIKSAQ__ligand2863-0
283,BIKSAQ__ligand355-0
284,BIKSAQ__ligand784-0
285,BIKSAQ__ligand5548-0
286,BIKSAQ__ligand7915-0
287,BIKSAQ__ligand6686-0
288,BIKSAQ__ligand1747-0
289,BIKSAQ__ligand3145-0
290,BIKSAQ__ligand314-0
291,BIKSAQ__ligand481-0
292,BIKSAQ__ligand86-0
293,BIKSAQ__ligand2629-0
294,BIKSAQ__ligand4381-0
295,BIKSAQ__ligand170-0
296,BIKSAQ__ligand391-0
297,BIKSAQ__ligand1706-0
298,BIKSAQ__ligand3734-0
299,BIKSAQ__ligand1951-0
300,BIKSAQ__ligand210-0
301,BIKSAQ__ligand62-0
302,BIKSAQ__ligand1687-0
303,BIKSAQ__ligand6277-0
304,BIKSAQ__ligand2768-0
305,BIKSAQ__ligand1376-0
306,BIKSAQ__ligand2688-0
307,BIKSAQ__ligand2259-0
308,BIKSAQ__ligand1459-0
309,BIKSAQ__ligand196-0
310,BIKSAQ__ligand502-0
311,BIKSAQ__ligand1544-0
312,BIKSAQ__ligand18-0
313,BIKSAQ__ligand1685-0
314,BIKSAQ__ligand113-0
315,BIKSAQ__ligand1048-0
316,BIKSAQ__ligand2087-0
317,BIKSAQ__ligand422-0
318,BIKSAQ__ligand3757-0
319,BIKSAQ__ligand1171-0
320,BIKSAQ__ligand236-0
321,BIKSAQ__ligand353-0
322,BIKSAQ__ligand1438-0
323,BIKSAQ__ligand3063-0
324,BIKSAQ__ligand5801-0
