,TMC
0,BAXQAV__ligand3178-0
1,BAXQAV__ligand67-0
2,BAXQAV__ligand116-0
3,BAXQAV__ligand31694-0
4,BAXQAV__ligand29486-0
5,BAXQAV__ligand252-0
6,BAXQAV__ligand4807-0
7,BAXQAV__ligand7196-0
8,BAXQAV__ligand5159-0
9,BAXQAV__ligand5530-0
10,BAXQAV__ligand1356-0
11,BAXQAV__ligand1787-0
12,BAXQAV__ligand9753-0
13,BAXQAV__ligand17427-0
14,BAXQAV__ligand11949-0
15,BAXQAV__ligand830-0
16,BAXQAV__ligand8793-0
17,BAXQAV__ligand2788-0
18,BAXQAV__ligand5649-0
19,BAXQAV__ligand22129-0
20,BAXQAV__ligand4649-0
21,BAXQAV__ligand24780-0
22,BAXQAV__ligand372-0
23,BAXQAV__ligand12138-0
24,BAXQAV__ligand193-0
25,BAXQAV__ligand4711-0
26,BAXQAV__ligand3244-0
27,BAXQAV__ligand25561-0
28,BAXQAV__ligand2906-0
29,BAXQAV__ligand27840-0
30,BAXQAV__ligand7273-0
31,BAXQAV__ligand30728-0
32,BAXQAV__ligand9323-0
33,BAXQAV__ligand24872-0
34,BAXQAV__ligand7172-0
35,BAXQAV__ligand10033-0
36,BAXQAV__ligand8612-0
37,BAXQAV__ligand909-0
38,BAXQAV__ligand24644-0
39,BAXQAV__ligand2124-0
40,BAXQAV__ligand12001-0
41,BAXQAV__ligand1153-0
42,BAXQAV__ligand3225-0
43,BAXQAV__ligand1116-0
44,BAXQAV__ligand7092-0
45,BAXQAV__ligand2260-0
46,BAXQAV__ligand7316-0
47,BAXQAV__ligand14569-0
48,BAXQAV__ligand13385-0
49,BAXQAV__ligand5708-0
50,BAXQAV__ligand22444-0
51,BAXQAV__ligand177-0
52,BAXQAV__ligand6017-0
53,BAXQAV__ligand24111-0
54,BAXQAV__ligand43-0
55,BAXQAV__ligand11587-0
56,BAXQAV__ligand13220-0
57,BAXQAV__ligand5180-0
58,BAXQAV__ligand17396-0
59,BAXQAV__ligand15788-0
60,BAXQAV__ligand23175-0
61,BAXQAV__ligand9943-0
62,BAXQAV__ligand1228-0
63,BAXQAV__ligand22403-0
64,BAXQAV__ligand188-0
65,BAXQAV__ligand1604-0
66,BAXQAV__ligand27754-0
67,BAXQAV__ligand20695-0
68,BAXQAV__ligand8788-0
69,BAXQAV__ligand1832-0
70,BAXQAV__ligand2043-0
71,BAXQAV__ligand16369-0
72,BAXQAV__ligand11111-0
73,BAXQAV__ligand28540-0
74,BAXQAV__ligand29215-0
75,BAXQAV__ligand479-0
76,BAXQAV__ligand311-0
77,BAXQAV__ligand785-0
78,BAXQAV__ligand2417-0
79,BAXQAV__ligand26631-0
80,BAXQAV__ligand16148-0
81,BAXQAV__ligand564-0
82,BAXQAV__ligand1114-0
83,BAXQAV__ligand12003-0
84,BAXQAV__ligand3126-0
85,BAXQAV__ligand6391-0
86,BAXQAV__ligand620-0
87,BAXQAV__ligand10872-0
88,BAXQAV__ligand21399-0
89,BAXQAV__ligand370-1
90,BAXQAV__ligand9284-0
91,BAXQAV__ligand19927-0
92,BAXQAV__ligand370-0
93,BAXQAV__ligand26324-0
94,BAXQAV__ligand28559-0
95,BAXQAV__ligand14043-0
96,BAXQAV__ligand27239-0
97,BAXQAV__ligand21729-0
98,BAXQAV__ligand1289-0
99,BAXQAV__ligand2203-0
100,BAXQAV__ligand5387-0
101,BAXQAV__ligand250-0
102,BAXQAV__ligand1599-0
103,BAXQAV__ligand2612-0
104,BAXQAV__ligand26529-0
105,BAXQAV__ligand11618-0
106,BAXQAV__ligand9450-0
107,BAXQAV__ligand29029-0
108,BAXQAV__ligand2693-0
109,BAXQAV__ligand5383-0
110,BAXQAV__ligand27285-0
111,BAXQAV__ligand3945-0
112,BAXQAV__ligand294-0
113,BAXQAV__ligand19-0
114,BAXQAV__ligand3736-0
115,BAXQAV__ligand23197-0
116,BAXQAV__ligand8000-0
117,BAXQAV__ligand9344-0
118,BAXQAV__ligand9883-0
119,BAXQAV__ligand3677-1
120,BAXQAV__ligand421-0
121,BAXQAV__ligand7291-0
122,BAXQAV__ligand9299-0
123,BAXQAV__ligand14167-0
124,BAXQAV__ligand13477-0
125,BAXQAV__ligand24-0
126,BAXQAV__ligand2985-0
127,BAXQAV__ligand30142-0
128,BAXQAV__ligand685-0
129,BAXQAV__ligand4007-0
130,BAXQAV__ligand27669-0
131,BAXQAV__ligand19184-0
132,BAXQAV__ligand6699-0
133,BAXQAV__ligand1168-0
134,BAXQAV__ligand1294-0
135,BAXQAV__ligand235-0
136,BAXQAV__ligand12453-0
137,BAXQAV__ligand45-0
138,BAXQAV__ligand18448-0
139,BAXQAV__ligand28459-0
140,BAXQAV__ligand3632-0
141,BAXQAV__ligand134-0
142,BAXQAV__ligand3677-0
143,BAXQAV__ligand1211-0
144,BAXQAV__ligand78-0
145,BAXQAV__ligand560-0
146,BAXQAV__ligand6892-0
147,BAXQAV__ligand10371-0
148,BAXQAV__ligand1499-0
149,BAXQAV__ligand13672-0
150,BAXQAV__ligand3-0
151,BAXQAV__ligand2881-0
152,BAXQAV__ligand18568-0
153,BAXQAV__ligand28685-0
154,BAXQAV__ligand3712-0
155,BAXQAV__ligand1464-0
156,BAXQAV__ligand16663-0
157,BAXQAV__ligand2221-0
158,BAXQAV__ligand4358-0
159,BAXQAV__ligand14614-0
160,BAXQAV__ligand3120-0
161,BAXQAV__ligand3926-0
162,BAXQAV__ligand24035-0
163,BAXQAV__ligand31044-0
164,BAXQAV__ligand783-0
165,BAXQAV__ligand4101-0
166,BAXQAV__ligand31842-0
167,BAXQAV__ligand352-0
168,BAXQAV__ligand1-0
169,BAXQAV__ligand5595-0
170,BAXQAV__ligand11994-0
171,BAXQAV__ligand11682-0
172,BAXQAV__ligand30711-0
173,BAXQAV__ligand20207-0
174,BAXQAV__ligand9773-0
175,BAXQAV__ligand868-0
176,BAXQAV__ligand5510-0
177,BAXQAV__ligand1376-0
178,BAXQAV__ligand25913-0
179,BAXQAV__ligand1197-0
180,BAXQAV__ligand16988-0
181,BAXQAV__ligand5099-0
182,BAXQAV__ligand8592-0
183,BAXQAV__ligand1296-0
184,BAXQAV__ligand2259-0
185,BAXQAV__ligand2822-0
186,BAXQAV__ligand7293-0
187,BAXQAV__ligand1317-0
188,BAXQAV__ligand3867-0
189,BAXQAV__ligand11970-0
190,BAXQAV__ligand15883-0
191,BAXQAV__ligand11447-0
192,BAXQAV__ligand11096-0
193,BAXQAV__ligand28810-0
194,BAXQAV__ligand2238-0
195,BAXQAV__ligand24230-0
196,BAXQAV__ligand9167-0
197,BAXQAV__ligand15926-0
198,BAXQAV__ligand5304-0
199,BAXQAV__ligand10828-0
200,BAXQAV__ligand19792-0
201,BAXQAV__ligand7762-0
202,BAXQAV__ligand5080-0
203,BAXQAV__ligand12365-0
204,BAXQAV__ligand10056-0
205,BAXQAV__ligand197-0
206,BAXQAV__ligand28743-0
207,BAXQAV__ligand15531-0
208,BAXQAV__ligand11357-0
209,BAXQAV__ligand13862-0
210,BAXQAV__ligand22168-0
211,BAXQAV__ligand28930-0
212,BAXQAV__ligand22294-0
213,BAXQAV__ligand5509-0
214,BAXQAV__ligand8002-0
215,BAXQAV__ligand21919-0
216,BAXQAV__ligand6117-0
217,BAXQAV__ligand1407-0
218,BAXQAV__ligand1150-0
219,BAXQAV__ligand21448-0
220,BAXQAV__ligand11758-0
221,BAXQAV__ligand38-0
222,BAXQAV__ligand22357-0
223,BAXQAV__ligand1539-0
224,BAXQAV__ligand29214-0
225,BAXQAV__ligand4207-0
226,BAXQAV__ligand11501-0
227,BAXQAV__ligand11544-0
228,BAXQAV__ligand784-0
229,BAXQAV__ligand3416-0
230,BAXQAV__ligand3453-0
231,BAXQAV__ligand17069-0
232,BAXQAV__ligand14477-0
233,BAXQAV__ligand368-0
234,BAXQAV__ligand395-0
235,BAXQAV__ligand3042-0
236,BAXQAV__ligand17445-0
237,BAXQAV__ligand29334-0
238,BAXQAV__ligand12413-0
239,BAXQAV__ligand20731-0
240,BAXQAV__ligand8200-0
241,BAXQAV__ligand7438-0
242,BAXQAV__ligand4063-0
243,BAXQAV__ligand11798-0
244,BAXQAV__ligand29565-0
245,BAXQAV__ligand9750-0
246,BAXQAV__ligand23682-0
247,BAXQAV__ligand1779-0
248,BAXQAV__ligand18158-0
249,BAXQAV__ligand27771-0
250,BAXQAV__ligand1817-0
251,BAXQAV__ligand6993-0
252,BAXQAV__ligand3557-0
253,BAXQAV__ligand3980-0
254,BAXQAV__ligand14226-0
255,BAXQAV__ligand1149-0
256,BAXQAV__ligand21339-0
257,BAXQAV__ligand16956-0
258,BAXQAV__ligand20942-1
259,BAXQAV__ligand7075-0
260,BAXQAV__ligand115-0
261,BAXQAV__ligand27550-0
262,BAXQAV__ligand1288-0
263,BAXQAV__ligand4167-0
264,BAXQAV__ligand833-0
265,BAXQAV__ligand4266-0
266,BAXQAV__ligand1400-0
267,BAXQAV__ligand18019-1
268,BAXQAV__ligand9491-0
269,BAXQAV__ligand14007-0
270,BAXQAV__ligand506-0
271,BAXQAV__ligand24560-0
272,BAXQAV__ligand4710-0
273,BAXQAV__ligand5755-0
274,BAXQAV__ligand18757-0
275,BAXQAV__ligand24624-0
276,BAXQAV__ligand3144-0
277,BAXQAV__ligand18413-0
278,BAXQAV__ligand5085-0
279,BAXQAV__ligand20844-0
280,BAXQAV__ligand8042-0
281,BAXQAV__ligand6112-0
282,BAXQAV__ligand1828-0
283,BAXQAV__ligand1397-0
284,BAXQAV__ligand7213-0
285,BAXQAV__ligand5630-0
286,BAXQAV__ligand14339-0
287,BAXQAV__ligand1786-0
288,BAXQAV__ligand13691-0
289,BAXQAV__ligand30788-0
290,BAXQAV__ligand66-0
291,BAXQAV__ligand21752-0
292,BAXQAV__ligand4795-0
293,BAXQAV__ligand3285-0
294,BAXQAV__ligand152-0
295,BAXQAV__ligand1908-0
296,BAXQAV__ligand25048-0
297,BAXQAV__ligand5515-0
298,BAXQAV__ligand6663-0
299,BAXQAV__ligand746-0
300,BAXQAV__ligand21940-0
301,BAXQAV__ligand5614-0
302,BAXQAV__ligand5280-0
303,BAXQAV__ligand447-0
304,BAXQAV__ligand1831-0
305,BAXQAV__ligand27122-0
306,BAXQAV__ligand20432-0
307,BAXQAV__ligand16133-0
308,BAXQAV__ligand13755-0
309,BAXQAV__ligand24953-0
310,BAXQAV__ligand176-0
311,BAXQAV__ligand23445-0
312,BAXQAV__ligand42-0
313,BAXQAV__ligand1216-0
314,BAXQAV__ligand5019-0
315,BAXQAV__ligand3261-0
316,BAXQAV__ligand1152-0
317,BAXQAV__ligand30004-0
318,BAXQAV__ligand20557-0
319,BAXQAV__ligand4-0
320,BAXQAV__ligand1849-0
321,BAXQAV__ligand487-0
322,BAXQAV__ligand9944-0
323,BAXQAV__ligand8593-0
324,BAXQAV__ligand18067-0
325,BAXQAV__ligand19824-0
326,BAXQAV__ligand11252-0
327,BAXQAV__ligand7566-0
328,BAXQAV__ligand13260-0
329,BAXQAV__ligand10582-0
330,BAXQAV__ligand2001-0
331,BAXQAV__ligand393-0
332,BAXQAV__ligand5201-0
333,BAXQAV__ligand11606-0
334,BAXQAV__ligand31000-0
335,BAXQAV__ligand353-0
336,BAXQAV__ligand8553-0
337,BAXQAV__ligand1113-0
338,BAXQAV__ligand26673-0
339,BAXQAV__ligand20821-0
340,BAXQAV__ligand16870-0
341,BAXQAV__ligand4124-0
342,BAXQAV__ligand3471-0
343,BAXQAV__ligand4161-0
344,BAXQAV__ligand11622-0
345,BAXQAV__ligand5415-0
346,BAXQAV__ligand11814-0
347,BAXQAV__ligand196-0
348,BAXQAV__ligand16603-0
349,BAXQAV__ligand3180-0
350,BAXQAV__ligand686-0
351,BAXQAV__ligand25658-0
352,BAXQAV__ligand17686-0
353,BAXQAV__ligand2281-0
354,BAXQAV__ligand2650-0
355,BAXQAV__ligand4340-0
356,BAXQAV__ligand31205-0
357,BAXQAV__ligand2823-0
358,BAXQAV__ligand11177-0
359,BAXQAV__ligand6995-0
360,BAXQAV__ligand422-0
361,BAXQAV__ligand15455-0
362,BAXQAV__ligand16952-0
363,BAXQAV__ligand29813-0
364,BAXQAV__ligand20220-0
365,BAXQAV__ligand1050-0
366,BAXQAV__ligand465-0
367,BAXQAV__ligand1015-0
368,BAXQAV__ligand15387-0
369,BAXQAV__ligand2027-0
370,BAXQAV__ligand20121-0
371,BAXQAV__ligand24851-0
372,BAXQAV__ligand4262-0
373,BAXQAV__ligand11698-0
374,BAXQAV__ligand20530-0
375,BAXQAV__ligand13657-0
376,BAXQAV__ligand14347-0
377,BAXQAV__ligand1028-0
378,BAXQAV__ligand14302-0
379,BAXQAV__ligand1618-0
380,BAXQAV__ligand11479-0
381,BAXQAV__ligand2692-0
382,BAXQAV__ligand27610-0
383,BAXQAV__ligand10479-0
384,BAXQAV__ligand10853-0
385,BAXQAV__ligand29441-0
386,BAXQAV__ligand314-1
387,BAXQAV__ligand18-0
388,BAXQAV__ligand1498-0
389,BAXQAV__ligand19668-0
390,BAXQAV__ligand19906-0
391,BAXQAV__ligand780-0
392,BAXQAV__ligand4596-0
393,BAXQAV__ligand314-0
394,BAXQAV__ligand813-0
395,BAXQAV__ligand22353-0
396,BAXQAV__ligand9615-0
397,BAXQAV__ligand1154-0
398,BAXQAV__ligand1169-0
399,BAXQAV__ligand8529-0
400,BAXQAV__ligand618-0
401,BAXQAV__ligand391-0
402,BAXQAV__ligand10151-0
403,BAXQAV__ligand13072-0
404,BAXQAV__ligand9525-0
405,BAXQAV__ligand1165-0
406,BAXQAV__ligand12336-0
407,BAXQAV__ligand48-0
408,BAXQAV__ligand3157-0
409,BAXQAV__ligand2722-0
410,BAXQAV__ligand1379-0
411,BAXQAV__ligand5935-0
412,BAXQAV__ligand1768-0
413,BAXQAV__ligand18699-0
414,BAXQAV__ligand12682-0
415,BAXQAV__ligand1469-0
416,BAXQAV__ligand3871-0
417,BAXQAV__ligand141-0
418,BAXQAV__ligand3647-0
419,BAXQAV__ligand5357-0
420,BAXQAV__ligand17240-0
421,BAXQAV__ligand1688-0
422,BAXQAV__ligand4850-0
423,BAXQAV__ligand240-0
424,BAXQAV__ligand5056-0
425,BAXQAV__ligand17590-0
426,BAXQAV__ligand384-0
427,BAXQAV__ligand11568-0
428,BAXQAV__ligand8349-0
429,BAXQAV__ligand8464-0
430,BAXQAV__ligand20579-0
431,BAXQAV__ligand17710-0
432,BAXQAV__ligand1709-0
433,BAXQAV__ligand21421-0
434,BAXQAV__ligand2527-0
435,BAXQAV__ligand51-0
436,BAXQAV__ligand14586-0
437,BAXQAV__ligand11774-0
438,BAXQAV__ligand24613-0
439,BAXQAV__ligand19725-0
440,BAXQAV__ligand91-0
441,BAXQAV__ligand5849-0
442,BAXQAV__ligand10555-0
443,BAXQAV__ligand31483-0
444,BAXQAV__ligand4911-0
445,BAXQAV__ligand1771-0
446,BAXQAV__ligand768-0
447,BAXQAV__ligand3392-0
448,BAXQAV__ligand9197-0
449,BAXQAV__ligand1900-0
450,BAXQAV__ligand15168-0
451,BAXQAV__ligand7162-0
452,BAXQAV__ligand24064-0
453,BAXQAV__ligand3029-0
454,BAXQAV__ligand4581-0
455,BAXQAV__ligand1773-0
456,BAXQAV__ligand23589-0
457,BAXQAV__ligand2328-0
458,BAXQAV__ligand3350-0
459,BAXQAV__ligand2781-0
460,BAXQAV__ligand7573-0
461,BAXQAV__ligand8722-0
462,BAXQAV__ligand1327-0
463,BAXQAV__ligand757-0
464,BAXQAV__ligand6672-0
465,BAXQAV__ligand9809-0
466,BAXQAV__ligand29898-0
467,BAXQAV__ligand26277-0
468,BAXQAV__ligand122-0
469,BAXQAV__ligand16-0
470,BAXQAV__ligand22755-0
471,BAXQAV__ligand10432-0
472,BAXQAV__ligand2208-0
473,BAXQAV__ligand11432-0
474,BAXQAV__ligand31618-0
475,BAXQAV__ligand3208-0
476,BAXQAV__ligand24750-0
477,BAXQAV__ligand1496-0
478,BAXQAV__ligand7557-0
479,BAXQAV__ligand17945-0
480,BAXQAV__ligand693-0
481,BAXQAV__ligand25224-0
482,BAXQAV__ligand18013-0
483,BAXQAV__ligand32-0
484,BAXQAV__ligand17207-0
485,BAXQAV__ligand31578-0
486,BAXQAV__ligand1533-0
487,BAXQAV__ligand5892-0
488,BAXQAV__ligand5094-0
489,BAXQAV__ligand29087-0
490,BAXQAV__ligand18703-0
491,BAXQAV__ligand28924-0
492,BAXQAV__ligand15438-0
493,BAXQAV__ligand1712-0
494,BAXQAV__ligand4131-0
495,BAXQAV__ligand30539-0
496,BAXQAV__ligand6062-0
497,BAXQAV__ligand596-0
498,BAXQAV__ligand941-0
499,BAXQAV__ligand4738-0
500,BAXQAV__ligand4813-0
501,BAXQAV__ligand5813-0
502,BAXQAV__ligand23906-0
503,BAXQAV__ligand8-0
504,BAXQAV__ligand21132-0
505,BAXQAV__ligand777-0
506,BAXQAV__ligand6283-0
507,BAXQAV__ligand11166-0
508,BAXQAV__ligand7107-0
509,BAXQAV__ligand12295-0
510,BAXQAV__ligand27835-0
511,BAXQAV__ligand366-0
512,BAXQAV__ligand25575-0
513,BAXQAV__ligand187-0
514,BAXQAV__ligand3215-0
515,BAXQAV__ligand21787-0
516,BAXQAV__ligand25689-0
517,BAXQAV__ligand657-0
518,BAXQAV__ligand12660-0
519,BAXQAV__ligand7925-0
520,BAXQAV__ligand845-0
521,BAXQAV__ligand13209-0
522,BAXQAV__ligand19257-0
523,BAXQAV__ligand2068-0
524,BAXQAV__ligand31248-0
525,BAXQAV__ligand25650-0
526,BAXQAV__ligand3973-0
527,BAXQAV__ligand1147-0
528,BAXQAV__ligand4330-0
529,BAXQAV__ligand163-0
530,BAXQAV__ligand126-0
531,BAXQAV__ligand2599-0
532,BAXQAV__ligand57-0
533,BAXQAV__ligand4194-0
534,BAXQAV__ligand25735-0
535,BAXQAV__ligand12519-0
536,BAXQAV__ligand11206-0
537,BAXQAV__ligand23124-0
538,BAXQAV__ligand7532-0
539,BAXQAV__ligand55-0
540,BAXQAV__ligand4332-0
541,BAXQAV__ligand9681-0
542,BAXQAV__ligand29863-0
543,BAXQAV__ligand13869-0
544,BAXQAV__ligand18074-0
545,BAXQAV__ligand1065-0
546,BAXQAV__ligand7530-0
547,BAXQAV__ligand29610-0
548,BAXQAV__ligand338-0
549,BAXQAV__ligand3012-0
550,BAXQAV__ligand1449-0
551,BAXQAV__ligand11140-0
552,BAXQAV__ligand16791-0
553,BAXQAV__ligand28668-0
554,BAXQAV__ligand2403-0
555,BAXQAV__ligand6455-0
556,BAXQAV__ligand6882-0
557,BAXQAV__ligand18465-0
558,BAXQAV__ligand68-0
559,BAXQAV__ligand3934-0
560,BAXQAV__ligand18799-0
561,BAXQAV__ligand27074-0
562,BAXQAV__ligand321-0
563,BAXQAV__ligand7529-0
564,BAXQAV__ligand22981-0
565,BAXQAV__ligand25805-0
566,BAXQAV__ligand1415-0
567,BAXQAV__ligand6946-0
568,BAXQAV__ligand20599-0
569,BAXQAV__ligand178-0
570,BAXQAV__ligand9148-0
571,BAXQAV__ligand14523-0
572,BAXQAV__ligand279-0
573,BAXQAV__ligand27169-0
574,BAXQAV__ligand18391-0
575,BAXQAV__ligand185-0
576,BAXQAV__ligand201-0
577,BAXQAV__ligand25267-0
578,BAXQAV__ligand5483-0
579,BAXQAV__ligand10084-0
580,BAXQAV__ligand5316-0
581,BAXQAV__ligand12467-0
582,BAXQAV__ligand34-0
583,BAXQAV__ligand13257-0
584,BAXQAV__ligand21936-0
585,BAXQAV__ligand2830-0
586,BAXQAV__ligand1729-0
587,BAXQAV__ligand23904-0
588,BAXQAV__ligand5627-0
589,BAXQAV__ligand24145-0
590,BAXQAV__ligand12401-0
591,BAXQAV__ligand17-0
592,BAXQAV__ligand15585-0
593,BAXQAV__ligand13068-0
594,BAXQAV__ligand19830-0
595,BAXQAV__ligand10476-0
596,BAXQAV__ligand17387-0
597,BAXQAV__ligand12130-0
598,BAXQAV__ligand26702-0
599,BAXQAV__ligand4641-0
600,BAXQAV__ligand13658-0
601,BAXQAV__ligand18292-0
602,BAXQAV__ligand12289-0
603,BAXQAV__ligand12231-0
604,BAXQAV__ligand7126-0
605,BAXQAV__ligand497-0
606,BAXQAV__ligand17302-0
607,BAXQAV__ligand2028-0
608,BAXQAV__ligand8835-0
609,BAXQAV__ligand17805-0
610,BAXQAV__ligand23769-0
611,BAXQAV__ligand24185-0
612,BAXQAV__ligand3234-0
613,BAXQAV__ligand1142-0
614,BAXQAV__ligand25178-0
615,BAXQAV__ligand633-0
616,BAXQAV__ligand12641-0
617,BAXQAV__ligand3465-0
618,BAXQAV__ligand326-0
619,BAXQAV__ligand10958-0
620,BAXQAV__ligand6904-0
621,BAXQAV__ligand3721-0
622,BAXQAV__ligand6596-0
623,BAXQAV__ligand6102-0
624,BAXQAV__ligand2917-0
625,BAXQAV__ligand14108-0
626,BAXQAV__ligand7819-0
627,BAXQAV__ligand692-0
628,BAXQAV__ligand19057-0
629,BAXQAV__ligand18814-0
630,BAXQAV__ligand29302-0
631,BAXQAV__ligand13425-0
632,BAXQAV__ligand6067-0
633,BAXQAV__ligand1577-0
634,BAXQAV__ligand2295-0
635,BAXQAV__ligand4620-0
636,BAXQAV__ligand436-0
637,BAXQAV__ligand27763-0
638,BAXQAV__ligand28676-0
639,BAXQAV__ligand10262-0
640,BAXQAV__ligand1530-0
641,BAXQAV__ligand1575-0
642,BAXQAV__ligand28468-0
643,BAXQAV__ligand20740-0
644,BAXQAV__ligand12427-0
645,BAXQAV__ligand9933-0
646,BAXQAV__ligand1631-0
647,BAXQAV__ligand16628-0
648,BAXQAV__ligand89-0
649,BAXQAV__ligand9441-0
650,BAXQAV__ligand2332-0
651,BAXQAV__ligand27460-0
652,BAXQAV__ligand30333-0
653,BAXQAV__ligand1378-0
654,BAXQAV__ligand361-0
655,BAXQAV__ligand6244-0
656,BAXQAV__ligand324-0
657,BAXQAV__ligand409-0
658,BAXQAV__ligand12606-0
659,BAXQAV__ligand17281-0
660,BAXQAV__ligand30296-0
661,BAXQAV__ligand29410-0
662,BAXQAV__ligand12337-0
663,BAXQAV__ligand2915-0
664,BAXQAV__ligand49-0
665,BAXQAV__ligand26540-0
666,BAXQAV__ligand3156-0
667,BAXQAV__ligand1018-0
668,BAXQAV__ligand4116-0
669,BAXQAV__ligand300-0
670,BAXQAV__ligand7967-0
671,BAXQAV__ligand3707-0
672,BAXQAV__ligand6124-0
673,BAXQAV__ligand31783-0
674,BAXQAV__ligand17258-0
675,BAXQAV__ligand588-0
676,BAXQAV__ligand14603-0
677,BAXQAV__ligand14297-0
678,BAXQAV__ligand9601-0
679,BAXQAV__ligand26665-0
680,BAXQAV__ligand13012-0
681,BAXQAV__ligand8992-0
682,BAXQAV__ligand17631-0
683,BAXQAV__ligand199-0
684,BAXQAV__ligand23713-0
685,BAXQAV__ligand1615-0
686,BAXQAV__ligand27175-0
687,BAXQAV__ligand5036-0
688,BAXQAV__ligand2526-0
689,BAXQAV__ligand18832-0
690,BAXQAV__ligand30988-0
691,BAXQAV__ligand9111-0
692,BAXQAV__ligand9952-0
693,BAXQAV__ligand1324-0
694,BAXQAV__ligand27893-0
695,BAXQAV__ligand8721-0
696,BAXQAV__ligand14723-0
697,BAXQAV__ligand19641-0
698,BAXQAV__ligand1823-0
699,BAXQAV__ligand5643-0
700,BAXQAV__ligand12934-0
701,BAXQAV__ligand20578-0
702,BAXQAV__ligand15422-0
703,BAXQAV__ligand17118-0
704,BAXQAV__ligand2232-0
705,BAXQAV__ligand534-0
706,BAXQAV__ligand21371-0
707,BAXQAV__ligand571-0
708,BAXQAV__ligand20419-0
709,BAXQAV__ligand28789-0
710,BAXQAV__ligand2176-0
711,BAXQAV__ligand69-0
712,BAXQAV__ligand670-0
713,BAXQAV__ligand9291-0
714,BAXQAV__ligand9833-0
715,BAXQAV__ligand2828-0
716,BAXQAV__ligand8876-0
717,BAXQAV__ligand7648-0
718,BAXQAV__ligand5256-0
719,BAXQAV__ligand29568-0
720,BAXQAV__ligand30851-0
721,BAXQAV__ligand14889-0
722,BAXQAV__ligand4157-0
723,BAXQAV__ligand30702-0
724,BAXQAV__ligand20214-0
725,BAXQAV__ligand20251-0
726,BAXQAV__ligand20539-0
727,BAXQAV__ligand4503-0
728,BAXQAV__ligand4546-0
729,BAXQAV__ligand21581-0
730,BAXQAV__ligand31097-0
731,BAXQAV__ligand17261-0
732,BAXQAV__ligand11-0
733,BAXQAV__ligand8115-0
734,BAXQAV__ligand6768-0
735,BAXQAV__ligand14117-0
736,BAXQAV__ligand1982-0
737,BAXQAV__ligand7000-0
738,BAXQAV__ligand1285-0
739,BAXQAV__ligand488-0
740,BAXQAV__ligand16475-0
741,BAXQAV__ligand14703-0
742,BAXQAV__ligand1790-0
743,BAXQAV__ligand1304-0
744,BAXQAV__ligand7280-0
745,BAXQAV__ligand7238-0
746,BAXQAV__ligand358-0
747,BAXQAV__ligand430-0
748,BAXQAV__ligand694-0
749,BAXQAV__ligand4016-0
750,BAXQAV__ligand7867-0
751,BAXQAV__ligand20251-1
752,BAXQAV__ligand6709-0
753,BAXQAV__ligand1219-0
754,BAXQAV__ligand29414-0
755,BAXQAV__ligand17982-0
756,BAXQAV__ligand20011-0
757,BAXQAV__ligand17278-0
758,BAXQAV__ligand4442-0
759,BAXQAV__ligand4093-0
760,BAXQAV__ligand3954-0
761,BAXQAV__ligand9520-0
762,BAXQAV__ligand8699-0
763,BAXQAV__ligand1160-0
764,BAXQAV__ligand17398-0
765,BAXQAV__ligand9784-0
766,BAXQAV__ligand10589-0
767,BAXQAV__ligand22557-0
768,BAXQAV__ligand1451-0
769,BAXQAV__ligand24047-0
770,BAXQAV__ligand4272-0
771,BAXQAV__ligand11675-0
772,BAXQAV__ligand7629-0
773,BAXQAV__ligand20598-0
774,BAXQAV__ligand14248-0
775,BAXQAV__ligand29879-0
776,BAXQAV__ligand12030-0
777,BAXQAV__ligand1263-0
778,BAXQAV__ligand656-0
779,BAXQAV__ligand9908-0
780,BAXQAV__ligand13331-0
781,BAXQAV__ligand28884-0
782,BAXQAV__ligand7106-0
783,BAXQAV__ligand13294-0
784,BAXQAV__ligand7242-0
785,BAXQAV__ligand31832-0
786,BAXQAV__ligand4661-0
787,BAXQAV__ligand1844-0
788,BAXQAV__ligand25411-0
789,BAXQAV__ligand3035-0
790,BAXQAV__ligand3876-0
791,BAXQAV__ligand1343-0
792,BAXQAV__ligand6616-0
793,BAXQAV__ligand3718-0
794,BAXQAV__ligand10712-0
795,BAXQAV__ligand9935-0
796,BAXQAV__ligand14174-0
797,BAXQAV__ligand1536-0
798,BAXQAV__ligand1573-0
799,BAXQAV__ligand11456-0
800,BAXQAV__ligand1959-0
801,BAXQAV__ligand696-0
802,BAXQAV__ligand3504-0
803,BAXQAV__ligand6919-0
804,BAXQAV__ligand3852-0
805,BAXQAV__ligand383-0
806,BAXQAV__ligand2485-0
807,BAXQAV__ligand416-0
808,BAXQAV__ligand20682-0
809,BAXQAV__ligand226-0
810,BAXQAV__ligand3565-0
811,BAXQAV__ligand13390-0
812,BAXQAV__ligand1512-0
813,BAXQAV__ligand162-0
814,BAXQAV__ligand5331-0
815,BAXQAV__ligand6839-0
816,BAXQAV__ligand8969-0
817,BAXQAV__ligand1202-0
818,BAXQAV__ligand3937-0
819,BAXQAV__ligand3174-0
820,BAXQAV__ligand3131-0
821,BAXQAV__ligand4720-0
822,BAXQAV__ligand27482-0
823,BAXQAV__ligand3094-0
824,BAXQAV__ligand26810-0
825,BAXQAV__ligand4155-0
826,BAXQAV__ligand5211-0
827,BAXQAV__ligand13208-0
