,TMC
0,LALTUO__ligand1149-0
1,LALTUO__ligand3980-0
2,LALTUO__ligand10582-0
3,LALTUO__ligand3557-0
4,LALTUO__ligand13260-0
5,LALTUO__ligand685-0
6,LALTUO__ligand7075-0
7,LALTUO__ligand11252-0
8,LALTUO__ligand421-0
9,LALTUO__ligand19824-0
10,LALTUO__ligand9750-0
11,LALTUO__ligand18067-0
12,LALTUO__ligand6993-0
13,LALTUO__ligand1817-0
14,LALTUO__ligand1779-0
15,LALTUO__ligand20821-0
16,LALTUO__ligand4167-0
17,LALTUO__ligand9491-0
18,LALTUO__ligand26673-0
19,LALTUO__ligand4266-0
20,LALTUO__ligand1400-0
21,LALTUO__ligand31000-0
22,LALTUO__ligand11606-0
23,LALTUO__ligand294-0
24,LALTUO__ligand1288-0
25,LALTUO__ligand16603-0
26,LALTUO__ligand4207-0
27,LALTUO__ligand89-0
28,LALTUO__ligand11814-0
29,LALTUO__ligand3453-0
30,LALTUO__ligand3416-0
31,LALTUO__ligand11622-0
32,LALTUO__ligand1150-0
33,LALTUO__ligand1539-0
34,LALTUO__ligand16870-0
35,LALTUO__ligand560-0
36,LALTUO__ligand15455-0
37,LALTUO__ligand235-0
38,LALTUO__ligand134-0
39,LALTUO__ligand4063-0
40,LALTUO__ligand11177-0
41,LALTUO__ligand8200-0
42,LALTUO__ligand7438-0
43,LALTUO__ligand31205-0
44,LALTUO__ligand49-0
45,LALTUO__ligand17686-0
46,LALTUO__ligand25658-0
47,LALTUO__ligand3042-0
48,LALTUO__ligand20121-0
49,LALTUO__ligand15387-0
50,LALTUO__ligand20220-0
51,LALTUO__ligand6663-0
52,LALTUO__ligand29813-0
53,LALTUO__ligand16952-0
54,LALTUO__ligand5515-0
55,LALTUO__ligand1831-0
56,LALTUO__ligand5280-0
57,LALTUO__ligand5614-0
58,LALTUO__ligand868-0
59,LALTUO__ligand1849-0
60,LALTUO__ligand29441-0
61,LALTUO__ligand10853-0
62,LALTUO__ligand27610-0
63,LALTUO__ligand10479-0
64,LALTUO__ligand11479-0
65,LALTUO__ligand783-0
66,LALTUO__ligand352-0
67,LALTUO__ligand13657-0
68,LALTUO__ligand14347-0
69,LALTUO__ligand14302-0
70,LALTUO__ligand1216-0
71,LALTUO__ligand20530-0
72,LALTUO__ligand11698-0
73,LALTUO__ligand1152-0
74,LALTUO__ligand3261-0
75,LALTUO__ligand24851-0
76,LALTUO__ligand5019-0
77,LALTUO__ligand6112-0
78,LALTUO__ligand8042-0
79,LALTUO__ligand7213-0
80,LALTUO__ligand17-0
81,LALTUO__ligand1397-0
82,LALTUO__ligand1828-0
83,LALTUO__ligand22353-0
84,LALTUO__ligand5755-0
85,LALTUO__ligand4710-0
86,LALTUO__ligand19906-0
87,LALTUO__ligand19668-0
88,LALTUO__ligand5085-0
89,LALTUO__ligand197-0
90,LALTUO__ligand3144-0
91,LALTUO__ligand4795-0
92,LALTUO__ligand3285-0
93,LALTUO__ligand10151-0
94,LALTUO__ligand1908-0
95,LALTUO__ligand5630-0
96,LALTUO__ligand1786-0
97,LALTUO__ligand5415-0
98,LALTUO__ligand11501-0
99,LALTUO__ligand11544-0
100,LALTUO__ligand193-0
101,LALTUO__ligand29214-0
102,LALTUO__ligand830-0
103,LALTUO__ligand3471-0
104,LALTUO__ligand4161-0
105,LALTUO__ligand4124-0
106,LALTUO__ligand22357-0
107,LALTUO__ligand4-0
108,LALTUO__ligand11758-0
109,LALTUO__ligand21448-0
110,LALTUO__ligand372-0
111,LALTUO__ligand11798-0
112,LALTUO__ligand2823-0
113,LALTUO__ligand20731-0
114,LALTUO__ligand6995-0
115,LALTUO__ligand12413-0
116,LALTUO__ligand29334-0
117,LALTUO__ligand116-0
118,LALTUO__ligand3180-0
119,LALTUO__ligand17445-0
120,LALTUO__ligand4340-0
121,LALTUO__ligand252-0
122,LALTUO__ligand14477-0
123,LALTUO__ligand2281-0
124,LALTUO__ligand2650-0
125,LALTUO__ligand17069-0
126,LALTUO__ligand7566-0
127,LALTUO__ligand20942-1
128,LALTUO__ligand14226-0
129,LALTUO__ligand21339-0
130,LALTUO__ligand2001-0
131,LALTUO__ligand16956-0
132,LALTUO__ligand8593-0
133,LALTUO__ligand9944-0
134,LALTUO__ligand27771-0
135,LALTUO__ligand18158-0
136,LALTUO__ligand23682-0
137,LALTUO__ligand177-0
138,LALTUO__ligand29565-0
139,LALTUO__ligand14007-0
140,LALTUO__ligand1113-0
141,LALTUO__ligand909-0
142,LALTUO__ligand18019-1
143,LALTUO__ligand8553-0
144,LALTUO__ligand5201-0
145,LALTUO__ligand27550-0
146,LALTUO__ligand9615-0
147,LALTUO__ligand564-0
148,LALTUO__ligand370-1
149,LALTUO__ligand620-0
150,LALTUO__ligand1154-0
151,LALTUO__ligand4596-0
152,LALTUO__ligand1498-0
153,LALTUO__ligand18413-0
154,LALTUO__ligand20844-0
155,LALTUO__ligand24624-0
156,LALTUO__ligand785-0
157,LALTUO__ligand311-0
158,LALTUO__ligand18757-0
159,LALTUO__ligand479-0
160,LALTUO__ligand24560-0
161,LALTUO__ligand21752-0
162,LALTUO__ligand30788-0
163,LALTUO__ligand13691-0
164,LALTUO__ligand8529-0
165,LALTUO__ligand1169-0
166,LALTUO__ligand14339-0
167,LALTUO__ligand188-0
168,LALTUO__ligand1015-0
169,LALTUO__ligand1050-0
170,LALTUO__ligand24953-0
171,LALTUO__ligand23445-0
172,LALTUO__ligand69-0
173,LALTUO__ligand2027-0
174,LALTUO__ligand16133-0
175,LALTUO__ligand13755-0
176,LALTUO__ligand27122-0
177,LALTUO__ligand20432-0
178,LALTUO__ligand250-0
179,LALTUO__ligand21940-0
180,LALTUO__ligand25048-0
181,LALTUO__ligand2692-0
182,LALTUO__ligand1618-0
183,LALTUO__ligand30004-0
184,LALTUO__ligand20557-0
185,LALTUO__ligand4262-0
186,LALTUO__ligand370-0
187,LALTUO__ligand1028-0
188,LALTUO__ligand11-0
189,LALTUO__ligand2124-0
190,LALTUO__ligand8612-0
191,LALTUO__ligand2260-0
192,LALTUO__ligand7092-0
193,LALTUO__ligand1116-0
194,LALTUO__ligand1153-0
195,LALTUO__ligand3225-0
196,LALTUO__ligand23197-0
197,LALTUO__ligand9323-0
198,LALTUO__ligand7273-0
199,LALTUO__ligand32-0
200,LALTUO__ligand27285-0
201,LALTUO__ligand29029-0
202,LALTUO__ligand7172-0
203,LALTUO__ligand353-0
204,LALTUO__ligand27669-0
205,LALTUO__ligand5180-0
206,LALTUO__ligand30142-0
207,LALTUO__ligand393-0
208,LALTUO__ligand14167-0
209,LALTUO__ligand13477-0
210,LALTUO__ligand5708-0
211,LALTUO__ligand7316-0
212,LALTUO__ligand6017-0
213,LALTUO__ligand5159-0
214,LALTUO__ligand28459-0
215,LALTUO__ligand12453-0
216,LALTUO__ligand18448-0
217,LALTUO__ligand7196-0
218,LALTUO__ligand9753-0
219,LALTUO__ligand1356-0
220,LALTUO__ligand422-0
221,LALTUO__ligand1787-0
222,LALTUO__ligand5530-0
223,LALTUO__ligand686-0
224,LALTUO__ligand3178-0
225,LALTUO__ligand4807-0
226,LALTUO__ligand19184-0
227,LALTUO__ligand18568-0
228,LALTUO__ligand3244-0
229,LALTUO__ligand28685-0
230,LALTUO__ligand4711-0
231,LALTUO__ligand2906-0
232,LALTUO__ligand13672-0
233,LALTUO__ligand196-0
234,LALTUO__ligand10371-0
235,LALTUO__ligand16-0
236,LALTUO__ligand4649-0
237,LALTUO__ligand1-0
238,LALTUO__ligand2788-0
239,LALTUO__ligand5649-0
240,LALTUO__ligand8793-0
241,LALTUO__ligand11994-0
242,LALTUO__ligand31044-0
243,LALTUO__ligand31842-0
244,LALTUO__ligand5387-0
245,LALTUO__ligand2203-0
246,LALTUO__ligand314-1
247,LALTUO__ligand1289-0
248,LALTUO__ligand24035-0
249,LALTUO__ligand3-0
250,LALTUO__ligand14614-0
251,LALTUO__ligand51-0
252,LALTUO__ligand16663-0
253,LALTUO__ligand91-0
254,LALTUO__ligand465-0
255,LALTUO__ligand16988-0
256,LALTUO__ligand25913-0
257,LALTUO__ligand9450-0
258,LALTUO__ligand1599-0
259,LALTUO__ligand30711-0
260,LALTUO__ligand20207-0
261,LALTUO__ligand11682-0
262,LALTUO__ligand2612-0
263,LALTUO__ligand19792-0
264,LALTUO__ligand10828-0
265,LALTUO__ligand48-0
266,LALTUO__ligand1832-0
267,LALTUO__ligand15926-0
268,LALTUO__ligand391-0
269,LALTUO__ligand8788-0
270,LALTUO__ligand24230-0
271,LALTUO__ligand28810-0
272,LALTUO__ligand11096-0
273,LALTUO__ligand11447-0
274,LALTUO__ligand2043-0
275,LALTUO__ligand15883-0
276,LALTUO__ligand9943-0
277,LALTUO__ligand1228-0
278,LALTUO__ligand1604-0
279,LALTUO__ligand11970-0
280,LALTUO__ligand618-0
281,LALTUO__ligand21919-0
282,LALTUO__ligand1114-0
283,LALTUO__ligand9284-0
284,LALTUO__ligand22294-0
285,LALTUO__ligand22168-0
286,LALTUO__ligand3126-0
287,LALTUO__ligand6391-0
288,LALTUO__ligand28930-0
289,LALTUO__ligand11357-0
290,LALTUO__ligand13862-0
291,LALTUO__ligand28743-0
292,LALTUO__ligand314-0
293,LALTUO__ligand780-0
294,LALTUO__ligand15531-0
295,LALTUO__ligand2417-0
296,LALTUO__ligand12365-0
297,LALTUO__ligand813-0
298,LALTUO__ligand10056-0
299,LALTUO__ligand1294-0
300,LALTUO__ligand17427-0
301,LALTUO__ligand1168-0
302,LALTUO__ligand3677-0
303,LALTUO__ligand3632-0
304,LALTUO__ligand368-0
305,LALTUO__ligand29486-0
306,LALTUO__ligand31694-0
307,LALTUO__ligand6699-0
308,LALTUO__ligand395-0
309,LALTUO__ligand2881-0
310,LALTUO__ligand34-0
311,LALTUO__ligand1499-0
312,LALTUO__ligand3712-0
313,LALTUO__ligand1464-0
314,LALTUO__ligand784-0
315,LALTUO__ligand25561-0
316,LALTUO__ligand12138-0
317,LALTUO__ligand24780-0
318,LALTUO__ligand1211-0
319,LALTUO__ligand22129-0
320,LALTUO__ligand11949-0
321,LALTUO__ligand6892-0
322,LALTUO__ligand8000-0
323,LALTUO__ligand3736-0
324,LALTUO__ligand12001-0
325,LALTUO__ligand9344-0
326,LALTUO__ligand24644-0
327,LALTUO__ligand55-0
328,LALTUO__ligand10033-0
329,LALTUO__ligand833-0
330,LALTUO__ligand2693-0
331,LALTUO__ligand5383-0
332,LALTUO__ligand24872-0
333,LALTUO__ligand30728-0
334,LALTUO__ligand3945-0
335,LALTUO__ligand27840-0
336,LALTUO__ligand23175-0
337,LALTUO__ligand15788-0
338,LALTUO__ligand17396-0
339,LALTUO__ligand9299-0
340,LALTUO__ligand115-0
341,LALTUO__ligand4007-0
342,LALTUO__ligand13220-0
343,LALTUO__ligand11587-0
344,LALTUO__ligand2985-0
345,LALTUO__ligand24111-0
346,LALTUO__ligand22444-0
347,LALTUO__ligand9883-0
348,LALTUO__ligand3677-1
349,LALTUO__ligand68-0
350,LALTUO__ligand7291-0
351,LALTUO__ligand13385-0
352,LALTUO__ligand14569-0
353,LALTUO__ligand152-0
354,LALTUO__ligand28540-0
355,LALTUO__ligand11111-0
356,LALTUO__ligand2238-0
357,LALTUO__ligand16369-0
358,LALTUO__ligand5304-0
359,LALTUO__ligand9167-0
360,LALTUO__ligand20695-0
361,LALTUO__ligand27754-0
362,LALTUO__ligand3867-0
363,LALTUO__ligand1317-0
364,LALTUO__ligand7293-0
365,LALTUO__ligand2822-0
366,LALTUO__ligand22403-0
367,LALTUO__ligand21399-0
368,LALTUO__ligand57-0
369,LALTUO__ligand10872-0
370,LALTUO__ligand6117-0
371,LALTUO__ligand12003-0
372,LALTUO__ligand1407-0
373,LALTUO__ligand26631-0
374,LALTUO__ligand16148-0
375,LALTUO__ligand8002-0
376,LALTUO__ligand5509-0
377,LALTUO__ligand5080-0
378,LALTUO__ligand7762-0
379,LALTUO__ligand506-0
380,LALTUO__ligand29215-0
381,LALTUO__ligand21729-0
382,LALTUO__ligand5595-0
383,LALTUO__ligand4101-0
384,LALTUO__ligand487-0
385,LALTUO__ligand27239-0
386,LALTUO__ligand14043-0
387,LALTUO__ligand2221-0
388,LALTUO__ligand28559-0
389,LALTUO__ligand26324-0
390,LALTUO__ligand3926-0
391,LALTUO__ligand3120-0
392,LALTUO__ligand4358-0
393,LALTUO__ligand19927-0
394,LALTUO__ligand8592-0
395,LALTUO__ligand5099-0
396,LALTUO__ligand1197-0
397,LALTUO__ligand11618-0
398,LALTUO__ligand2259-0
399,LALTUO__ligand176-0
400,LALTUO__ligand1296-0
401,LALTUO__ligand746-0
402,LALTUO__ligand26529-0
403,LALTUO__ligand1376-0
404,LALTUO__ligand447-0
405,LALTUO__ligand5510-0
406,LALTUO__ligand9773-0
407,LALTUO__ligand14889-0
408,LALTUO__ligand7819-0
409,LALTUO__ligand30851-0
410,LALTUO__ligand187-0
411,LALTUO__ligand2917-0
412,LALTUO__ligand29568-0
413,LALTUO__ligand657-0
414,LALTUO__ligand3465-0
415,LALTUO__ligand42-0
416,LALTUO__ligand28789-0
417,LALTUO__ligand20419-0
418,LALTUO__ligand6102-0
419,LALTUO__ligand366-0
420,LALTUO__ligand6904-0
421,LALTUO__ligand3721-0
422,LALTUO__ligand6596-0
423,LALTUO__ligand21371-0
424,LALTUO__ligand17118-0
425,LALTUO__ligand14117-0
426,LALTUO__ligand777-0
427,LALTUO__ligand17261-0
428,LALTUO__ligand4620-0
429,LALTUO__ligand941-0
430,LALTUO__ligand596-0
431,LALTUO__ligand21581-0
432,LALTUO__ligand31097-0
433,LALTUO__ligand2295-0
434,LALTUO__ligand6067-0
435,LALTUO__ligand1577-0
436,LALTUO__ligand20539-0
437,LALTUO__ligand30702-0
438,LALTUO__ligand20214-0
439,LALTUO__ligand20251-0
440,LALTUO__ligand4641-0
441,LALTUO__ligand20251-1
442,LALTUO__ligand16475-0
443,LALTUO__ligand14703-0
444,LALTUO__ligand126-0
445,LALTUO__ligand163-0
446,LALTUO__ligand20598-0
447,LALTUO__ligand3234-0
448,LALTUO__ligand1142-0
449,LALTUO__ligand11675-0
450,LALTUO__ligand24047-0
451,LALTUO__ligand22557-0
452,LALTUO__ligand10589-0
453,LALTUO__ligand17398-0
454,LALTUO__ligand2028-0
455,LALTUO__ligand8835-0
456,LALTUO__ligand7126-0
457,LALTUO__ligand20011-0
458,LALTUO__ligand17278-0
459,LALTUO__ligand845-0
460,LALTUO__ligand66-0
461,LALTUO__ligand17982-0
462,LALTUO__ligand29414-0
463,LALTUO__ligand31832-0
464,LALTUO__ligand9601-0
465,LALTUO__ligand13294-0
466,LALTUO__ligand8992-0
467,LALTUO__ligand28884-0
468,LALTUO__ligand4116-0
469,LALTUO__ligand13331-0
470,LALTUO__ligand1018-0
471,LALTUO__ligand12030-0
472,LALTUO__ligand6124-0
473,LALTUO__ligand3707-0
474,LALTUO__ligand7967-0
475,LALTUO__ligand14248-0
476,LALTUO__ligand29879-0
477,LALTUO__ligand338-0
478,LALTUO__ligand8721-0
479,LALTUO__ligand11456-0
480,LALTUO__ligand1324-0
481,LALTUO__ligand5643-0
482,LALTUO__ligand14174-0
483,LALTUO__ligand10712-0
484,LALTUO__ligand1823-0
485,LALTUO__ligand5036-0
486,LALTUO__ligand2526-0
487,LALTUO__ligand1615-0
488,LALTUO__ligand9111-0
489,LALTUO__ligand9952-0
490,LALTUO__ligand25411-0
491,LALTUO__ligand2332-0
492,LALTUO__ligand9441-0
493,LALTUO__ligand38-0
494,LALTUO__ligand13390-0
495,LALTUO__ligand20682-0
496,LALTUO__ligand9933-0
497,LALTUO__ligand1575-0
498,LALTUO__ligand201-0
499,LALTUO__ligand1530-0
500,LALTUO__ligand1631-0
501,LALTUO__ligand13208-0
502,LALTUO__ligand178-0
503,LALTUO__ligand3156-0
504,LALTUO__ligand185-0
505,LALTUO__ligand2915-0
506,LALTUO__ligand26810-0
507,LALTUO__ligand279-0
508,LALTUO__ligand27482-0
509,LALTUO__ligand1378-0
510,LALTUO__ligand321-0
511,LALTUO__ligand6244-0
512,LALTUO__ligand4016-0
513,LALTUO__ligand141-0
514,LALTUO__ligand12231-0
515,LALTUO__ligand6709-0
516,LALTUO__ligand18292-0
517,LALTUO__ligand1219-0
518,LALTUO__ligand12289-0
519,LALTUO__ligand26702-0
520,LALTUO__ligand13658-0
521,LALTUO__ligand7867-0
522,LALTUO__ligand12130-0
523,LALTUO__ligand17387-0
524,LALTUO__ligand240-0
525,LALTUO__ligand7280-0
526,LALTUO__ligand10476-0
527,LALTUO__ligand1304-0
528,LALTUO__ligand1790-0
529,LALTUO__ligand13068-0
530,LALTUO__ligand19830-0
531,LALTUO__ligand12401-0
532,LALTUO__ligand15585-0
533,LALTUO__ligand24145-0
534,LALTUO__ligand7238-0
535,LALTUO__ligand9784-0
536,LALTUO__ligand25178-0
537,LALTUO__ligand7629-0
538,LALTUO__ligand24185-0
539,LALTUO__ligand4272-0
540,LALTUO__ligand1451-0
541,LALTUO__ligand23769-0
542,LALTUO__ligand3954-0
543,LALTUO__ligand4442-0
544,LALTUO__ligand17805-0
545,LALTUO__ligand4093-0
546,LALTUO__ligand17302-0
547,LALTUO__ligand1160-0
548,LALTUO__ligand8699-0
549,LALTUO__ligand9520-0
550,LALTUO__ligand5256-0
551,LALTUO__ligand7648-0
552,LALTUO__ligand2828-0
553,LALTUO__ligand8876-0
554,LALTUO__ligand9833-0
555,LALTUO__ligand4157-0
556,LALTUO__ligand14108-0
557,LALTUO__ligand768-0
558,LALTUO__ligand10958-0
559,LALTUO__ligand2232-0
560,LALTUO__ligand9291-0
561,LALTUO__ligand12641-0
562,LALTUO__ligand2176-0
563,LALTUO__ligand7000-0
564,LALTUO__ligand28676-0
565,LALTUO__ligand10262-0
566,LALTUO__ligand1982-0
567,LALTUO__ligand27763-0
568,LALTUO__ligand6768-0
569,LALTUO__ligand8115-0
570,LALTUO__ligand1285-0
571,LALTUO__ligand18-0
572,LALTUO__ligand13425-0
573,LALTUO__ligand29302-0
574,LALTUO__ligand384-0
575,LALTUO__ligand18814-0
576,LALTUO__ligand19057-0
577,LALTUO__ligand4546-0
578,LALTUO__ligand4503-0
579,LALTUO__ligand27460-0
580,LALTUO__ligand122-0
581,LALTUO__ligand3565-0
582,LALTUO__ligand5331-0
583,LALTUO__ligand1512-0
584,LALTUO__ligand2485-0
585,LALTUO__ligand3852-0
586,LALTUO__ligand6919-0
587,LALTUO__ligand16628-0
588,LALTUO__ligand757-0
589,LALTUO__ligand12427-0
590,LALTUO__ligand20740-0
591,LALTUO__ligand28468-0
592,LALTUO__ligand26540-0
593,LALTUO__ligand3094-0
594,LALTUO__ligand4155-0
595,LALTUO__ligand12337-0
596,LALTUO__ligand29410-0
597,LALTUO__ligand30296-0
598,LALTUO__ligand17281-0
599,LALTUO__ligand5211-0
600,LALTUO__ligand3131-0
601,LALTUO__ligand3937-0
602,LALTUO__ligand1202-0
603,LALTUO__ligand12606-0
604,LALTUO__ligand3174-0
605,LALTUO__ligand8969-0
606,LALTUO__ligand6839-0
607,LALTUO__ligand4720-0
608,LALTUO__ligand30333-0
609,LALTUO__ligand17631-0
610,LALTUO__ligand13012-0
611,LALTUO__ligand7106-0
612,LALTUO__ligand26665-0
613,LALTUO__ligand14603-0
614,LALTUO__ligand7242-0
615,LALTUO__ligand14297-0
616,LALTUO__ligand17258-0
617,LALTUO__ligand31783-0
618,LALTUO__ligand1263-0
619,LALTUO__ligand9908-0
620,LALTUO__ligand12934-0
621,LALTUO__ligand1573-0
622,LALTUO__ligand20578-0
623,LALTUO__ligand15422-0
624,LALTUO__ligand693-0
625,LALTUO__ligand1536-0
626,LALTUO__ligand9935-0
627,LALTUO__ligand19641-0
628,LALTUO__ligand14723-0
629,LALTUO__ligand3504-0
630,LALTUO__ligand1959-0
631,LALTUO__ligand27893-0
632,LALTUO__ligand30988-0
633,LALTUO__ligand4661-0
634,LALTUO__ligand1844-0
635,LALTUO__ligand3718-0
636,LALTUO__ligand27175-0
637,LALTUO__ligand18832-0
638,LALTUO__ligand23713-0
639,LALTUO__ligand6616-0
640,LALTUO__ligand3035-0
641,LALTUO__ligand1343-0
642,LALTUO__ligand3876-0
643,LALTUO__ligand11166-0
644,LALTUO__ligand2527-0
645,LALTUO__ligand21132-0
646,LALTUO__ligand23906-0
647,LALTUO__ligand1709-0
648,LALTUO__ligand8464-0
649,LALTUO__ligand8349-0
650,LALTUO__ligand30539-0
651,LALTUO__ligand1771-0
652,LALTUO__ligand4911-0
653,LALTUO__ligand25689-0
654,LALTUO__ligand3392-0
655,LALTUO__ligand21787-0
656,LALTUO__ligand25575-0
657,LALTUO__ligand27835-0
658,LALTUO__ligand571-0
659,LALTUO__ligand12295-0
660,LALTUO__ligand534-0
661,LALTUO__ligand5849-0
662,LALTUO__ligand670-0
663,LALTUO__ligand1379-0
664,LALTUO__ligand2722-0
665,LALTUO__ligand25650-0
666,LALTUO__ligand31248-0
667,LALTUO__ligand5935-0
668,LALTUO__ligand1165-0
669,LALTUO__ligand19257-0
670,LALTUO__ligand13209-0
671,LALTUO__ligand9525-0
672,LALTUO__ligand3157-0
673,LALTUO__ligand12660-0
674,LALTUO__ligand1688-0
675,LALTUO__ligand23124-0
676,LALTUO__ligand5357-0
677,LALTUO__ligand11206-0
678,LALTUO__ligand694-0
679,LALTUO__ligand3647-0
680,LALTUO__ligand25735-0
681,LALTUO__ligand12519-0
682,LALTUO__ligand5056-0
683,LALTUO__ligand4850-0
684,LALTUO__ligand488-0
685,LALTUO__ligand1768-0
686,LALTUO__ligand3871-0
687,LALTUO__ligand430-0
688,LALTUO__ligand358-0
689,LALTUO__ligand1469-0
690,LALTUO__ligand11140-0
691,LALTUO__ligand29610-0
692,LALTUO__ligand1533-0
693,LALTUO__ligand696-0
694,LALTUO__ligand18074-0
695,LALTUO__ligand13869-0
696,LALTUO__ligand29863-0
697,LALTUO__ligand7557-0
698,LALTUO__ligand1496-0
699,LALTUO__ligand43-0
700,LALTUO__ligand4131-0
701,LALTUO__ligand1712-0
702,LALTUO__ligand18799-0
703,LALTUO__ligand18465-0
704,LALTUO__ligand28668-0
705,LALTUO__ligand5094-0
706,LALTUO__ligand5892-0
707,LALTUO__ligand656-0
708,LALTUO__ligand16791-0
709,LALTUO__ligand18391-0
710,LALTUO__ligand3029-0
711,LALTUO__ligand27169-0
712,LALTUO__ligand7162-0
713,LALTUO__ligand14523-0
714,LALTUO__ligand2328-0
715,LALTUO__ligand67-0
716,LALTUO__ligand1773-0
717,LALTUO__ligand4581-0
718,LALTUO__ligand20599-0
719,LALTUO__ligand1900-0
720,LALTUO__ligand9197-0
721,LALTUO__ligand22981-0
722,LALTUO__ligand25805-0
723,LALTUO__ligand27074-0
724,LALTUO__ligand23904-0
725,LALTUO__ligand226-0
726,LALTUO__ligand3208-0
727,LALTUO__ligand21936-0
728,LALTUO__ligand2208-0
729,LALTUO__ligand13257-0
730,LALTUO__ligand162-0
731,LALTUO__ligand7573-0
732,LALTUO__ligand2781-0
733,LALTUO__ligand12467-0
734,LALTUO__ligand8-0
735,LALTUO__ligand383-0
736,LALTUO__ligand3350-0
737,LALTUO__ligand6672-0
738,LALTUO__ligand9809-0
739,LALTUO__ligand416-0
740,LALTUO__ligand1327-0
741,LALTUO__ligand10084-0
742,LALTUO__ligand25267-0
743,LALTUO__ligand8722-0
744,LALTUO__ligand3973-0
745,LALTUO__ligand633-0
746,LALTUO__ligand1147-0
747,LALTUO__ligand12336-0
748,LALTUO__ligand497-0
749,LALTUO__ligand2068-0
750,LALTUO__ligand13072-0
751,LALTUO__ligand7925-0
752,LALTUO__ligand17590-0
753,LALTUO__ligand4194-0
754,LALTUO__ligand7532-0
755,LALTUO__ligand17240-0
756,LALTUO__ligand18699-0
757,LALTUO__ligand12682-0
758,LALTUO__ligand2599-0
759,LALTUO__ligand4330-0
760,LALTUO__ligand14586-0
761,LALTUO__ligand11774-0
762,LALTUO__ligand21421-0
763,LALTUO__ligand6283-0
764,LALTUO__ligand436-0
765,LALTUO__ligand692-0
766,LALTUO__ligand20579-0
767,LALTUO__ligand17710-0
768,LALTUO__ligand6062-0
769,LALTUO__ligand11568-0
770,LALTUO__ligand5813-0
771,LALTUO__ligand4813-0
772,LALTUO__ligand4738-0
773,LALTUO__ligand3215-0
774,LALTUO__ligand31483-0
775,LALTUO__ligand10555-0
776,LALTUO__ligand326-0
777,LALTUO__ligand7107-0
778,LALTUO__ligand19725-0
779,LALTUO__ligand24613-0
780,LALTUO__ligand9148-0
781,LALTUO__ligand23589-0
782,LALTUO__ligand24064-0
783,LALTUO__ligand7529-0
784,LALTUO__ligand15168-0
785,LALTUO__ligand45-0
786,LALTUO__ligand409-0
787,LALTUO__ligand324-0
788,LALTUO__ligand6946-0
789,LALTUO__ligand1415-0
790,LALTUO__ligand361-0
791,LALTUO__ligand11432-0
792,LALTUO__ligand2830-0
793,LALTUO__ligand31618-0
794,LALTUO__ligand10432-0
795,LALTUO__ligand22755-0
796,LALTUO__ligand5627-0
797,LALTUO__ligand1729-0
798,LALTUO__ligand78-0
799,LALTUO__ligand29898-0
800,LALTUO__ligand26277-0
801,LALTUO__ligand5483-0
802,LALTUO__ligand5316-0
803,LALTUO__ligand19-0
804,LALTUO__ligand31578-0
805,LALTUO__ligand7530-0
806,LALTUO__ligand1065-0
807,LALTUO__ligand17207-0
808,LALTUO__ligand18013-0
809,LALTUO__ligand25224-0
810,LALTUO__ligand1449-0
811,LALTUO__ligand3012-0
812,LALTUO__ligand17945-0
813,LALTUO__ligand4332-0
814,LALTUO__ligand199-0
815,LALTUO__ligand9681-0
816,LALTUO__ligand24750-0
817,LALTUO__ligand588-0
818,LALTUO__ligand6882-0
819,LALTUO__ligand6455-0
820,LALTUO__ligand15438-0
821,LALTUO__ligand3934-0
822,LALTUO__ligand28924-0
823,LALTUO__ligand300-0
824,LALTUO__ligand18703-0
825,LALTUO__ligand24-0
826,LALTUO__ligand29087-0
827,LALTUO__ligand2403-0
