,TMC
0,BAGDUJ__ligand17069-0
1,BAGDUJ__ligand6117-0
2,BAGDUJ__ligand1407-0
3,BAGDUJ__ligand14477-0
4,BAGDUJ__ligand8002-0
5,BAGDUJ__ligand5509-0
6,BAGDUJ__ligand17445-0
7,BAGDUJ__ligand29334-0
8,BAGDUJ__ligand12413-0
9,BAGDUJ__ligand20731-0
10,BAGDUJ__ligand670-0
11,BAGDUJ__ligand571-0
12,BAGDUJ__ligand5080-0
13,BAGDUJ__ligand534-0
14,BAGDUJ__ligand7762-0
15,BAGDUJ__ligand11798-0
16,BAGDUJ__ligand5304-0
17,BAGDUJ__ligand9167-0
18,BAGDUJ__ligand21448-0
19,BAGDUJ__ligand11758-0
20,BAGDUJ__ligand22357-0
21,BAGDUJ__ligand2238-0
22,BAGDUJ__ligand34-0
23,BAGDUJ__ligand29214-0
24,BAGDUJ__ligand11544-0
25,BAGDUJ__ligand11501-0
26,BAGDUJ__ligand3867-0
27,BAGDUJ__ligand1317-0
28,BAGDUJ__ligand7293-0
29,BAGDUJ__ligand2822-0
30,BAGDUJ__ligand55-0
31,BAGDUJ__ligand2259-0
32,BAGDUJ__ligand1296-0
33,BAGDUJ__ligand27550-0
34,BAGDUJ__ligand8592-0
35,BAGDUJ__ligand5099-0
36,BAGDUJ__ligand1197-0
37,BAGDUJ__ligand694-0
38,BAGDUJ__ligand1376-0
39,BAGDUJ__ligand430-0
40,BAGDUJ__ligand5510-0
41,BAGDUJ__ligand358-0
42,BAGDUJ__ligand9773-0
43,BAGDUJ__ligand18019-1
44,BAGDUJ__ligand488-0
45,BAGDUJ__ligand14007-0
46,BAGDUJ__ligand29565-0
47,BAGDUJ__ligand5595-0
48,BAGDUJ__ligand4101-0
49,BAGDUJ__ligand23682-0
50,BAGDUJ__ligand18158-0
51,BAGDUJ__ligand27771-0
52,BAGDUJ__ligand3926-0
53,BAGDUJ__ligand3120-0
54,BAGDUJ__ligand16956-0
55,BAGDUJ__ligand21339-0
56,BAGDUJ__ligand14226-0
57,BAGDUJ__ligand4358-0
58,BAGDUJ__ligand20942-1
59,BAGDUJ__ligand2221-0
60,BAGDUJ__ligand68-0
61,BAGDUJ__ligand3712-0
62,BAGDUJ__ligand1464-0
63,BAGDUJ__ligand14339-0
64,BAGDUJ__ligand2881-0
65,BAGDUJ__ligand13691-0
66,BAGDUJ__ligand1499-0
67,BAGDUJ__ligand30788-0
68,BAGDUJ__ligand656-0
69,BAGDUJ__ligand6892-0
70,BAGDUJ__ligand21752-0
71,BAGDUJ__ligand1211-0
72,BAGDUJ__ligand3677-0
73,BAGDUJ__ligand24560-0
74,BAGDUJ__ligand3632-0
75,BAGDUJ__ligand18757-0
76,BAGDUJ__ligand696-0
77,BAGDUJ__ligand1294-0
78,BAGDUJ__ligand24624-0
79,BAGDUJ__ligand20844-0
80,BAGDUJ__ligand18413-0
81,BAGDUJ__ligand57-0
82,BAGDUJ__ligand1168-0
83,BAGDUJ__ligand6699-0
84,BAGDUJ__ligand4007-0
85,BAGDUJ__ligand162-0
86,BAGDUJ__ligand2985-0
87,BAGDUJ__ligand9299-0
88,BAGDUJ__ligand226-0
89,BAGDUJ__ligand7291-0
90,BAGDUJ__ligand416-0
91,BAGDUJ__ligand20557-0
92,BAGDUJ__ligand30004-0
93,BAGDUJ__ligand383-0
94,BAGDUJ__ligand9883-0
95,BAGDUJ__ligand3677-1
96,BAGDUJ__ligand9344-0
97,BAGDUJ__ligand25048-0
98,BAGDUJ__ligand21940-0
99,BAGDUJ__ligand8000-0
100,BAGDUJ__ligand3736-0
101,BAGDUJ__ligand20432-0
102,BAGDUJ__ligand27122-0
103,BAGDUJ__ligand3945-0
104,BAGDUJ__ligand16133-0
105,BAGDUJ__ligand13755-0
106,BAGDUJ__ligand2693-0
107,BAGDUJ__ligand5383-0
108,BAGDUJ__ligand23445-0
109,BAGDUJ__ligand24953-0
110,BAGDUJ__ligand11606-0
111,BAGDUJ__ligand9450-0
112,BAGDUJ__ligand31000-0
113,BAGDUJ__ligand26673-0
114,BAGDUJ__ligand2612-0
115,BAGDUJ__ligand32-0
116,BAGDUJ__ligand1599-0
117,BAGDUJ__ligand20821-0
118,BAGDUJ__ligand5387-0
119,BAGDUJ__ligand2203-0
120,BAGDUJ__ligand633-0
121,BAGDUJ__ligand1289-0
122,BAGDUJ__ligand18067-0
123,BAGDUJ__ligand19824-0
124,BAGDUJ__ligand11252-0
125,BAGDUJ__ligand13260-0
126,BAGDUJ__ligand10582-0
127,BAGDUJ__ligand497-0
128,BAGDUJ__ligand9284-0
129,BAGDUJ__ligand3126-0
130,BAGDUJ__ligand6391-0
131,BAGDUJ__ligand17686-0
132,BAGDUJ__ligand25658-0
133,BAGDUJ__ligand1114-0
134,BAGDUJ__ligand31205-0
135,BAGDUJ__ligand2417-0
136,BAGDUJ__ligand11177-0
137,BAGDUJ__ligand326-0
138,BAGDUJ__ligand15455-0
139,BAGDUJ__ligand16870-0
140,BAGDUJ__ligand436-0
141,BAGDUJ__ligand2043-0
142,BAGDUJ__ligand11622-0
143,BAGDUJ__ligand1832-0
144,BAGDUJ__ligand8788-0
145,BAGDUJ__ligand1604-0
146,BAGDUJ__ligand16-0
147,BAGDUJ__ligand11814-0
148,BAGDUJ__ligand692-0
149,BAGDUJ__ligand16603-0
150,BAGDUJ__ligand9943-0
151,BAGDUJ__ligand1228-0
152,BAGDUJ__ligand24851-0
153,BAGDUJ__ligand11698-0
154,BAGDUJ__ligand5180-0
155,BAGDUJ__ligand20530-0
156,BAGDUJ__ligand14302-0
157,BAGDUJ__ligand14347-0
158,BAGDUJ__ligand13657-0
159,BAGDUJ__ligand11479-0
160,BAGDUJ__ligand6017-0
161,BAGDUJ__ligand10479-0
162,BAGDUJ__ligand27610-0
163,BAGDUJ__ligand51-0
164,BAGDUJ__ligand10853-0
165,BAGDUJ__ligand5708-0
166,BAGDUJ__ligand29441-0
167,BAGDUJ__ligand7316-0
168,BAGDUJ__ligand2260-0
169,BAGDUJ__ligand7092-0
170,BAGDUJ__ligand1116-0
171,BAGDUJ__ligand1153-0
172,BAGDUJ__ligand3225-0
173,BAGDUJ__ligand2124-0
174,BAGDUJ__ligand29813-0
175,BAGDUJ__ligand16952-0
176,BAGDUJ__ligand91-0
177,BAGDUJ__ligand8612-0
178,BAGDUJ__ligand409-0
179,BAGDUJ__ligand324-0
180,BAGDUJ__ligand7172-0
181,BAGDUJ__ligand361-0
182,BAGDUJ__ligand20220-0
183,BAGDUJ__ligand9323-0
184,BAGDUJ__ligand15387-0
185,BAGDUJ__ligand7273-0
186,BAGDUJ__ligand20121-0
187,BAGDUJ__ligand2906-0
188,BAGDUJ__ligand588-0
189,BAGDUJ__ligand48-0
190,BAGDUJ__ligand3244-0
191,BAGDUJ__ligand4711-0
192,BAGDUJ__ligand4649-0
193,BAGDUJ__ligand2788-0
194,BAGDUJ__ligand5649-0
195,BAGDUJ__ligand10151-0
196,BAGDUJ__ligand8793-0
197,BAGDUJ__ligand300-0
198,BAGDUJ__ligand19668-0
199,BAGDUJ__ligand9753-0
200,BAGDUJ__ligand1356-0
201,BAGDUJ__ligand1787-0
202,BAGDUJ__ligand19906-0
203,BAGDUJ__ligand5530-0
204,BAGDUJ__ligand5159-0
205,BAGDUJ__ligand7196-0
206,BAGDUJ__ligand4807-0
207,BAGDUJ__ligand22353-0
208,BAGDUJ__ligand199-0
209,BAGDUJ__ligand3178-0
210,BAGDUJ__ligand11949-0
211,BAGDUJ__ligand777-0
212,BAGDUJ__ligand22129-0
213,BAGDUJ__ligand24780-0
214,BAGDUJ__ligand12138-0
215,BAGDUJ__ligand25561-0
216,BAGDUJ__ligand941-0
217,BAGDUJ__ligand596-0
218,BAGDUJ__ligand8529-0
219,BAGDUJ__ligand1169-0
220,BAGDUJ__ligand657-0
221,BAGDUJ__ligand31694-0
222,BAGDUJ__ligand1154-0
223,BAGDUJ__ligand9615-0
224,BAGDUJ__ligand29486-0
225,BAGDUJ__ligand187-0
226,BAGDUJ__ligand366-0
227,BAGDUJ__ligand4596-0
228,BAGDUJ__ligand1498-0
229,BAGDUJ__ligand17427-0
230,BAGDUJ__ligand14569-0
231,BAGDUJ__ligand13385-0
232,BAGDUJ__ligand22444-0
233,BAGDUJ__ligand2692-0
234,BAGDUJ__ligand24111-0
235,BAGDUJ__ligand1618-0
236,BAGDUJ__ligand13220-0
237,BAGDUJ__ligand1028-0
238,BAGDUJ__ligand11587-0
239,BAGDUJ__ligand845-0
240,BAGDUJ__ligand17396-0
241,BAGDUJ__ligand15788-0
242,BAGDUJ__ligand4262-0
243,BAGDUJ__ligand23175-0
244,BAGDUJ__ligand27840-0
245,BAGDUJ__ligand2027-0
246,BAGDUJ__ligand30728-0
247,BAGDUJ__ligand1015-0
248,BAGDUJ__ligand1050-0
249,BAGDUJ__ligand24872-0
250,BAGDUJ__ligand10033-0
251,BAGDUJ__ligand24644-0
252,BAGDUJ__ligand126-0
253,BAGDUJ__ligand163-0
254,BAGDUJ__ligand12001-0
255,BAGDUJ__ligand29215-0
256,BAGDUJ__ligand6995-0
257,BAGDUJ__ligand8-0
258,BAGDUJ__ligand338-0
259,BAGDUJ__ligand2823-0
260,BAGDUJ__ligand16148-0
261,BAGDUJ__ligand26631-0
262,BAGDUJ__ligand4340-0
263,BAGDUJ__ligand2281-0
264,BAGDUJ__ligand2650-0
265,BAGDUJ__ligand12003-0
266,BAGDUJ__ligand3180-0
267,BAGDUJ__ligand10872-0
268,BAGDUJ__ligand21399-0
269,BAGDUJ__ligand22403-0
270,BAGDUJ__ligand5415-0
271,BAGDUJ__ligand20695-0
272,BAGDUJ__ligand27754-0
273,BAGDUJ__ligand16369-0
274,BAGDUJ__ligand3471-0
275,BAGDUJ__ligand4161-0
276,BAGDUJ__ligand4124-0
277,BAGDUJ__ligand11111-0
278,BAGDUJ__ligand28540-0
279,BAGDUJ__ligand185-0
280,BAGDUJ__ligand279-0
281,BAGDUJ__ligand69-0
282,BAGDUJ__ligand1113-0
283,BAGDUJ__ligand26529-0
284,BAGDUJ__ligand178-0
285,BAGDUJ__ligand8553-0
286,BAGDUJ__ligand11618-0
287,BAGDUJ__ligand321-0
288,BAGDUJ__ligand5201-0
289,BAGDUJ__ligand19927-0
290,BAGDUJ__ligand2001-0
291,BAGDUJ__ligand26324-0
292,BAGDUJ__ligand7566-0
293,BAGDUJ__ligand28559-0
294,BAGDUJ__ligand14043-0
295,BAGDUJ__ligand11-0
296,BAGDUJ__ligand27239-0
297,BAGDUJ__ligand21729-0
298,BAGDUJ__ligand8593-0
299,BAGDUJ__ligand9944-0
300,BAGDUJ__ligand201-0
301,BAGDUJ__ligand1849-0
302,BAGDUJ__ligand1152-0
303,BAGDUJ__ligand3261-0
304,BAGDUJ__ligand13477-0
305,BAGDUJ__ligand14167-0
306,BAGDUJ__ligand5019-0
307,BAGDUJ__ligand30142-0
308,BAGDUJ__ligand1216-0
309,BAGDUJ__ligand27669-0
310,BAGDUJ__ligand29029-0
311,BAGDUJ__ligand27285-0
312,BAGDUJ__ligand240-0
313,BAGDUJ__ligand141-0
314,BAGDUJ__ligand23197-0
315,BAGDUJ__ligand1831-0
316,BAGDUJ__ligand5280-0
317,BAGDUJ__ligand5614-0
318,BAGDUJ__ligand6663-0
319,BAGDUJ__ligand5515-0
320,BAGDUJ__ligand1908-0
321,BAGDUJ__ligand4795-0
322,BAGDUJ__ligand3285-0
323,BAGDUJ__ligand89-0
324,BAGDUJ__ligand10371-0
325,BAGDUJ__ligand13672-0
326,BAGDUJ__ligand1786-0
327,BAGDUJ__ligand28685-0
328,BAGDUJ__ligand18568-0
329,BAGDUJ__ligand384-0
330,BAGDUJ__ligand5630-0
331,BAGDUJ__ligand7213-0
332,BAGDUJ__ligand19184-0
333,BAGDUJ__ligand1397-0
334,BAGDUJ__ligand1828-0
335,BAGDUJ__ligand768-0
336,BAGDUJ__ligand6112-0
337,BAGDUJ__ligand8042-0
338,BAGDUJ__ligand5085-0
339,BAGDUJ__ligand3144-0
340,BAGDUJ__ligand18448-0
341,BAGDUJ__ligand12453-0
342,BAGDUJ__ligand49-0
343,BAGDUJ__ligand28459-0
344,BAGDUJ__ligand5755-0
345,BAGDUJ__ligand4710-0
346,BAGDUJ__ligand9491-0
347,BAGDUJ__ligand11682-0
348,BAGDUJ__ligand20207-0
349,BAGDUJ__ligand30711-0
350,BAGDUJ__ligand1400-0
351,BAGDUJ__ligand4266-0
352,BAGDUJ__ligand4167-0
353,BAGDUJ__ligand25913-0
354,BAGDUJ__ligand16988-0
355,BAGDUJ__ligand1288-0
356,BAGDUJ__ligand16663-0
357,BAGDUJ__ligand7075-0
358,BAGDUJ__ligand14614-0
359,BAGDUJ__ligand1149-0
360,BAGDUJ__ligand3980-0
361,BAGDUJ__ligand3557-0
362,BAGDUJ__ligand122-0
363,BAGDUJ__ligand6993-0
364,BAGDUJ__ligand24035-0
365,BAGDUJ__ligand1817-0
366,BAGDUJ__ligand757-0
367,BAGDUJ__ligand1779-0
368,BAGDUJ__ligand31842-0
369,BAGDUJ__ligand31044-0
370,BAGDUJ__ligand9750-0
371,BAGDUJ__ligand11994-0
372,BAGDUJ__ligand4063-0
373,BAGDUJ__ligand17-0
374,BAGDUJ__ligand8200-0
375,BAGDUJ__ligand10056-0
376,BAGDUJ__ligand7438-0
377,BAGDUJ__ligand12365-0
378,BAGDUJ__ligand693-0
379,BAGDUJ__ligand15531-0
380,BAGDUJ__ligand28743-0
381,BAGDUJ__ligand13862-0
382,BAGDUJ__ligand11357-0
383,BAGDUJ__ligand28930-0
384,BAGDUJ__ligand22168-0
385,BAGDUJ__ligand3042-0
386,BAGDUJ__ligand22294-0
387,BAGDUJ__ligand21919-0
388,BAGDUJ__ligand3453-0
389,BAGDUJ__ligand3416-0
390,BAGDUJ__ligand11970-0
391,BAGDUJ__ligand4207-0
392,BAGDUJ__ligand15883-0
393,BAGDUJ__ligand11096-0
394,BAGDUJ__ligand1539-0
395,BAGDUJ__ligand11447-0
396,BAGDUJ__ligand28810-0
397,BAGDUJ__ligand24230-0
398,BAGDUJ__ligand15926-0
399,BAGDUJ__ligand10828-0
400,BAGDUJ__ligand1150-0
401,BAGDUJ__ligand19792-0
402,BAGDUJ__ligand5627-0
403,BAGDUJ__ligand393-0
404,BAGDUJ__ligand1729-0
405,BAGDUJ__ligand17302-0
406,BAGDUJ__ligand2830-0
407,BAGDUJ__ligand17805-0
408,BAGDUJ__ligand23769-0
409,BAGDUJ__ligand5316-0
410,BAGDUJ__ligand24185-0
411,BAGDUJ__ligand25178-0
412,BAGDUJ__ligand5483-0
413,BAGDUJ__ligand24145-0
414,BAGDUJ__ligand15585-0
415,BAGDUJ__ligand12401-0
416,BAGDUJ__ligand19830-0
417,BAGDUJ__ligand13068-0
418,BAGDUJ__ligand9148-0
419,BAGDUJ__ligand10476-0
420,BAGDUJ__ligand12130-0
421,BAGDUJ__ligand17387-0
422,BAGDUJ__ligand13658-0
423,BAGDUJ__ligand26702-0
424,BAGDUJ__ligand1415-0
425,BAGDUJ__ligand6946-0
426,BAGDUJ__ligand12289-0
427,BAGDUJ__ligand353-0
428,BAGDUJ__ligand18292-0
429,BAGDUJ__ligand12231-0
430,BAGDUJ__ligand7529-0
431,BAGDUJ__ligand3934-0
432,BAGDUJ__ligand19057-0
433,BAGDUJ__ligand18814-0
434,BAGDUJ__ligand196-0
435,BAGDUJ__ligand13425-0
436,BAGDUJ__ligand29302-0
437,BAGDUJ__ligand6882-0
438,BAGDUJ__ligand6455-0
439,BAGDUJ__ligand2403-0
440,BAGDUJ__ligand27763-0
441,BAGDUJ__ligand10262-0
442,BAGDUJ__ligand28676-0
443,BAGDUJ__ligand1449-0
444,BAGDUJ__ligand12641-0
445,BAGDUJ__ligand422-0
446,BAGDUJ__ligand3012-0
447,BAGDUJ__ligand10958-0
448,BAGDUJ__ligand7530-0
449,BAGDUJ__ligand1065-0
450,BAGDUJ__ligand14108-0
451,BAGDUJ__ligand9681-0
452,BAGDUJ__ligand686-0
453,BAGDUJ__ligand4332-0
454,BAGDUJ__ligand7532-0
455,BAGDUJ__ligand30333-0
456,BAGDUJ__ligand465-0
457,BAGDUJ__ligand4194-0
458,BAGDUJ__ligand12606-0
459,BAGDUJ__ligand17281-0
460,BAGDUJ__ligand2599-0
461,BAGDUJ__ligand30296-0
462,BAGDUJ__ligand4330-0
463,BAGDUJ__ligand29410-0
464,BAGDUJ__ligand45-0
465,BAGDUJ__ligand12337-0
466,BAGDUJ__ligand26540-0
467,BAGDUJ__ligand1147-0
468,BAGDUJ__ligand20740-0
469,BAGDUJ__ligand78-0
470,BAGDUJ__ligand28468-0
471,BAGDUJ__ligand314-1
472,BAGDUJ__ligand12427-0
473,BAGDUJ__ligand16628-0
474,BAGDUJ__ligand3973-0
475,BAGDUJ__ligand2068-0
476,BAGDUJ__ligand7925-0
477,BAGDUJ__ligand27460-0
478,BAGDUJ__ligand23713-0
479,BAGDUJ__ligand18832-0
480,BAGDUJ__ligand27175-0
481,BAGDUJ__ligand30988-0
482,BAGDUJ__ligand3215-0
483,BAGDUJ__ligand19-0
484,BAGDUJ__ligand27893-0
485,BAGDUJ__ligand813-0
486,BAGDUJ__ligand14723-0
487,BAGDUJ__ligand19641-0
488,BAGDUJ__ligand314-0
489,BAGDUJ__ligand7107-0
490,BAGDUJ__ligand780-0
491,BAGDUJ__ligand15422-0
492,BAGDUJ__ligand20578-0
493,BAGDUJ__ligand12934-0
494,BAGDUJ__ligand6283-0
495,BAGDUJ__ligand391-0
496,BAGDUJ__ligand31783-0
497,BAGDUJ__ligand5813-0
498,BAGDUJ__ligand17258-0
499,BAGDUJ__ligand4813-0
500,BAGDUJ__ligand4738-0
501,BAGDUJ__ligand14297-0
502,BAGDUJ__ligand14603-0
503,BAGDUJ__ligand618-0
504,BAGDUJ__ligand24-0
505,BAGDUJ__ligand26665-0
506,BAGDUJ__ligand6062-0
507,BAGDUJ__ligand13012-0
508,BAGDUJ__ligand17631-0
509,BAGDUJ__ligand20251-0
510,BAGDUJ__ligand20214-0
511,BAGDUJ__ligand30702-0
512,BAGDUJ__ligand784-0
513,BAGDUJ__ligand20539-0
514,BAGDUJ__ligand31097-0
515,BAGDUJ__ligand21581-0
516,BAGDUJ__ligand4131-0
517,BAGDUJ__ligand1712-0
518,BAGDUJ__ligand17261-0
519,BAGDUJ__ligand14117-0
520,BAGDUJ__ligand5094-0
521,BAGDUJ__ligand5892-0
522,BAGDUJ__ligand17118-0
523,BAGDUJ__ligand1533-0
524,BAGDUJ__ligand21371-0
525,BAGDUJ__ligand20419-0
526,BAGDUJ__ligand28789-0
527,BAGDUJ__ligand7557-0
528,BAGDUJ__ligand395-0
529,BAGDUJ__ligand1496-0
530,BAGDUJ__ligand29568-0
531,BAGDUJ__ligand368-0
532,BAGDUJ__ligand30851-0
533,BAGDUJ__ligand14889-0
534,BAGDUJ__ligand3208-0
535,BAGDUJ__ligand29414-0
536,BAGDUJ__ligand17982-0
537,BAGDUJ__ligand2208-0
538,BAGDUJ__ligand17278-0
539,BAGDUJ__ligand20011-0
540,BAGDUJ__ligand115-0
541,BAGDUJ__ligand17398-0
542,BAGDUJ__ligand6672-0
543,BAGDUJ__ligand9809-0
544,BAGDUJ__ligand1327-0
545,BAGDUJ__ligand8722-0
546,BAGDUJ__ligand7573-0
547,BAGDUJ__ligand22557-0
548,BAGDUJ__ligand10589-0
549,BAGDUJ__ligand2781-0
550,BAGDUJ__ligand3350-0
551,BAGDUJ__ligand24047-0
552,BAGDUJ__ligand11675-0
553,BAGDUJ__ligand20598-0
554,BAGDUJ__ligand2328-0
555,BAGDUJ__ligand14703-0
556,BAGDUJ__ligand16475-0
557,BAGDUJ__ligand4-0
558,BAGDUJ__ligand1773-0
559,BAGDUJ__ligand4581-0
560,BAGDUJ__ligand833-0
561,BAGDUJ__ligand3029-0
562,BAGDUJ__ligand7162-0
563,BAGDUJ__ligand1900-0
564,BAGDUJ__ligand20251-1
565,BAGDUJ__ligand9197-0
566,BAGDUJ__ligand3392-0
567,BAGDUJ__ligand25411-0
568,BAGDUJ__ligand1771-0
569,BAGDUJ__ligand4911-0
570,BAGDUJ__ligand10712-0
571,BAGDUJ__ligand5849-0
572,BAGDUJ__ligand14174-0
573,BAGDUJ__ligand11456-0
574,BAGDUJ__ligand506-0
575,BAGDUJ__ligand29879-0
576,BAGDUJ__ligand14248-0
577,BAGDUJ__ligand12030-0
578,BAGDUJ__ligand152-0
579,BAGDUJ__ligand2527-0
580,BAGDUJ__ligand13331-0
581,BAGDUJ__ligand43-0
582,BAGDUJ__ligand28884-0
583,BAGDUJ__ligand1709-0
584,BAGDUJ__ligand8464-0
585,BAGDUJ__ligand8349-0
586,BAGDUJ__ligand13294-0
587,BAGDUJ__ligand31832-0
588,BAGDUJ__ligand67-0
589,BAGDUJ__ligand5056-0
590,BAGDUJ__ligand176-0
591,BAGDUJ__ligand4850-0
592,BAGDUJ__ligand1688-0
593,BAGDUJ__ligand5357-0
594,BAGDUJ__ligand3647-0
595,BAGDUJ__ligand27482-0
596,BAGDUJ__ligand447-0
597,BAGDUJ__ligand3871-0
598,BAGDUJ__ligand26810-0
599,BAGDUJ__ligand1469-0
600,BAGDUJ__ligand746-0
601,BAGDUJ__ligand13208-0
602,BAGDUJ__ligand1768-0
603,BAGDUJ__ligand487-0
604,BAGDUJ__ligand5935-0
605,BAGDUJ__ligand1379-0
606,BAGDUJ__ligand20682-0
607,BAGDUJ__ligand2722-0
608,BAGDUJ__ligand3157-0
609,BAGDUJ__ligand13390-0
610,BAGDUJ__ligand1165-0
611,BAGDUJ__ligand9525-0
612,BAGDUJ__ligand5211-0
613,BAGDUJ__ligand12682-0
614,BAGDUJ__ligand18699-0
615,BAGDUJ__ligand1-0
616,BAGDUJ__ligand3094-0
617,BAGDUJ__ligand4155-0
618,BAGDUJ__ligand4720-0
619,BAGDUJ__ligand294-0
620,BAGDUJ__ligand17240-0
621,BAGDUJ__ligand3131-0
622,BAGDUJ__ligand1202-0
623,BAGDUJ__ligand3937-0
624,BAGDUJ__ligand3174-0
625,BAGDUJ__ligand8969-0
626,BAGDUJ__ligand17590-0
627,BAGDUJ__ligand6839-0
628,BAGDUJ__ligand13072-0
629,BAGDUJ__ligand5331-0
630,BAGDUJ__ligand685-0
631,BAGDUJ__ligand1512-0
632,BAGDUJ__ligand12336-0
633,BAGDUJ__ligand3565-0
634,BAGDUJ__ligand2485-0
635,BAGDUJ__ligand421-0
636,BAGDUJ__ligand3852-0
637,BAGDUJ__ligand6919-0
638,BAGDUJ__ligand134-0
639,BAGDUJ__ligand3504-0
640,BAGDUJ__ligand24613-0
641,BAGDUJ__ligand1959-0
642,BAGDUJ__ligand235-0
643,BAGDUJ__ligand1573-0
644,BAGDUJ__ligand19725-0
645,BAGDUJ__ligand1536-0
646,BAGDUJ__ligand9935-0
647,BAGDUJ__ligand3718-0
648,BAGDUJ__ligand10555-0
649,BAGDUJ__ligand6616-0
650,BAGDUJ__ligand3035-0
651,BAGDUJ__ligand3876-0
652,BAGDUJ__ligand1343-0
653,BAGDUJ__ligand31483-0
654,BAGDUJ__ligand4661-0
655,BAGDUJ__ligand1844-0
656,BAGDUJ__ligand7242-0
657,BAGDUJ__ligand11568-0
658,BAGDUJ__ligand7106-0
659,BAGDUJ__ligand17710-0
660,BAGDUJ__ligand20579-0
661,BAGDUJ__ligand1263-0
662,BAGDUJ__ligand9908-0
663,BAGDUJ__ligand21421-0
664,BAGDUJ__ligand560-0
665,BAGDUJ__ligand11774-0
666,BAGDUJ__ligand14586-0
667,BAGDUJ__ligand18-0
668,BAGDUJ__ligand7629-0
669,BAGDUJ__ligand4272-0
670,BAGDUJ__ligand1451-0
671,BAGDUJ__ligand352-0
672,BAGDUJ__ligand783-0
673,BAGDUJ__ligand9784-0
674,BAGDUJ__ligand26277-0
675,BAGDUJ__ligand1160-0
676,BAGDUJ__ligand29898-0
677,BAGDUJ__ligand8699-0
678,BAGDUJ__ligand9520-0
679,BAGDUJ__ligand3954-0
680,BAGDUJ__ligand4442-0
681,BAGDUJ__ligand4093-0
682,BAGDUJ__ligand22755-0
683,BAGDUJ__ligand10432-0
684,BAGDUJ__ligand31618-0
685,BAGDUJ__ligand11432-0
686,BAGDUJ__ligand6709-0
687,BAGDUJ__ligand1219-0
688,BAGDUJ__ligand7867-0
689,BAGDUJ__ligand15168-0
690,BAGDUJ__ligand4016-0
691,BAGDUJ__ligand24064-0
692,BAGDUJ__ligand868-0
693,BAGDUJ__ligand7238-0
694,BAGDUJ__ligand7280-0
695,BAGDUJ__ligand1304-0
696,BAGDUJ__ligand1790-0
697,BAGDUJ__ligand23589-0
698,BAGDUJ__ligand1285-0
699,BAGDUJ__ligand29087-0
700,BAGDUJ__ligand18703-0
701,BAGDUJ__ligand7000-0
702,BAGDUJ__ligand1982-0
703,BAGDUJ__ligand6768-0
704,BAGDUJ__ligand8115-0
705,BAGDUJ__ligand28924-0
706,BAGDUJ__ligand15438-0
707,BAGDUJ__ligand4546-0
708,BAGDUJ__ligand4503-0
709,BAGDUJ__ligand24750-0
710,BAGDUJ__ligand4157-0
711,BAGDUJ__ligand3-0
712,BAGDUJ__ligand5256-0
713,BAGDUJ__ligand7648-0
714,BAGDUJ__ligand2828-0
715,BAGDUJ__ligand8876-0
716,BAGDUJ__ligand9833-0
717,BAGDUJ__ligand17945-0
718,BAGDUJ__ligand9291-0
719,BAGDUJ__ligand18013-0
720,BAGDUJ__ligand25224-0
721,BAGDUJ__ligand197-0
722,BAGDUJ__ligand2176-0
723,BAGDUJ__ligand17207-0
724,BAGDUJ__ligand31578-0
725,BAGDUJ__ligand2232-0
726,BAGDUJ__ligand5643-0
727,BAGDUJ__ligand1823-0
728,BAGDUJ__ligand12295-0
729,BAGDUJ__ligand8721-0
730,BAGDUJ__ligand27835-0
731,BAGDUJ__ligand1324-0
732,BAGDUJ__ligand252-0
733,BAGDUJ__ligand25575-0
734,BAGDUJ__ligand21787-0
735,BAGDUJ__ligand9111-0
736,BAGDUJ__ligand9952-0
737,BAGDUJ__ligand25689-0
738,BAGDUJ__ligand5036-0
739,BAGDUJ__ligand2526-0
740,BAGDUJ__ligand116-0
741,BAGDUJ__ligand1615-0
742,BAGDUJ__ligand42-0
743,BAGDUJ__ligand30539-0
744,BAGDUJ__ligand8992-0
745,BAGDUJ__ligand9601-0
746,BAGDUJ__ligand193-0
747,BAGDUJ__ligand23906-0
748,BAGDUJ__ligand6124-0
749,BAGDUJ__ligand3707-0
750,BAGDUJ__ligand372-0
751,BAGDUJ__ligand7967-0
752,BAGDUJ__ligand21132-0
753,BAGDUJ__ligand4116-0
754,BAGDUJ__ligand830-0
755,BAGDUJ__ligand11166-0
756,BAGDUJ__ligand1018-0
757,BAGDUJ__ligand3156-0
758,BAGDUJ__ligand2915-0
759,BAGDUJ__ligand909-0
760,BAGDUJ__ligand6244-0
761,BAGDUJ__ligand12519-0
762,BAGDUJ__ligand25735-0
763,BAGDUJ__ligand11206-0
764,BAGDUJ__ligand1378-0
765,BAGDUJ__ligand23124-0
766,BAGDUJ__ligand12660-0
767,BAGDUJ__ligand2332-0
768,BAGDUJ__ligand19257-0
769,BAGDUJ__ligand13209-0
770,BAGDUJ__ligand9441-0
771,BAGDUJ__ligand31248-0
772,BAGDUJ__ligand66-0
773,BAGDUJ__ligand25650-0
774,BAGDUJ__ligand177-0
775,BAGDUJ__ligand1631-0
776,BAGDUJ__ligand9933-0
777,BAGDUJ__ligand1575-0
778,BAGDUJ__ligand1530-0
779,BAGDUJ__ligand16791-0
780,BAGDUJ__ligand4620-0
781,BAGDUJ__ligand28668-0
782,BAGDUJ__ligand2295-0
783,BAGDUJ__ligand6067-0
784,BAGDUJ__ligand1577-0
785,BAGDUJ__ligand188-0
786,BAGDUJ__ligand18465-0
787,BAGDUJ__ligand18799-0
788,BAGDUJ__ligand370-1
789,BAGDUJ__ligand620-0
790,BAGDUJ__ligand7819-0
791,BAGDUJ__ligand29863-0
792,BAGDUJ__ligand13869-0
793,BAGDUJ__ligand564-0
794,BAGDUJ__ligand18074-0
795,BAGDUJ__ligand2917-0
796,BAGDUJ__ligand6102-0
797,BAGDUJ__ligand6904-0
798,BAGDUJ__ligand3721-0
799,BAGDUJ__ligand6596-0
800,BAGDUJ__ligand785-0
801,BAGDUJ__ligand311-0
802,BAGDUJ__ligand479-0
803,BAGDUJ__ligand29610-0
804,BAGDUJ__ligand3465-0
805,BAGDUJ__ligand11140-0
806,BAGDUJ__ligand25267-0
807,BAGDUJ__ligand10084-0
808,BAGDUJ__ligand3234-0
809,BAGDUJ__ligand1142-0
810,BAGDUJ__ligand38-0
811,BAGDUJ__ligand12467-0
812,BAGDUJ__ligand13257-0
813,BAGDUJ__ligand21936-0
814,BAGDUJ__ligand2028-0
815,BAGDUJ__ligand8835-0
816,BAGDUJ__ligand23904-0
817,BAGDUJ__ligand370-0
818,BAGDUJ__ligand7126-0
819,BAGDUJ__ligand27074-0
820,BAGDUJ__ligand25805-0
821,BAGDUJ__ligand22981-0
822,BAGDUJ__ligand4641-0
823,BAGDUJ__ligand20599-0
824,BAGDUJ__ligand14523-0
825,BAGDUJ__ligand27169-0
826,BAGDUJ__ligand250-0
827,BAGDUJ__ligand18391-0
