,TMC
0,RUHVUL__ligand1538-0
1,RUHVUL__ligand48-0
2,RUHVUL__ligand1114-0
3,RUHVUL__ligand409-0
4,RUHVUL__ligand361-0
5,RUHVUL__ligand324-0
6,RUHVUL__ligand9244-0
7,RUHVUL__ligand105-0
8,RUHVUL__ligand140-0
9,RUHVUL__ligand1228-0
10,RUHVUL__ligand1479-0
11,RUHVUL__ligand51-0
12,RUHVUL__ligand199-0
13,RUHVUL__ligand1148-0
14,RUHVUL__ligand927-0
15,RUHVUL__ligand3246-0
16,RUHVUL__ligand91-0
17,RUHVUL__ligand29-0
18,RUHVUL__ligand575-0
19,RUHVUL__ligand532-0
20,RUHVUL__ligand3145-0
21,RUHVUL__ligand633-0
22,RUHVUL__ligand918-0
23,RUHVUL__ligand6686-0
24,RUHVUL__ligand1747-0
25,RUHVUL__ligand497-0
26,RUHVUL__ligand7915-0
27,RUHVUL__ligand5548-0
28,RUHVUL__ligand2863-0
29,RUHVUL__ligand2098-0
30,RUHVUL__ligand838-0
31,RUHVUL__ligand6502-0
32,RUHVUL__ligand6332-0
33,RUHVUL__ligand166-0
34,RUHVUL__ligand3178-0
35,RUHVUL__ligand3041-0
36,RUHVUL__ligand436-0
37,RUHVUL__ligand206-0
38,RUHVUL__ligand32-0
39,RUHVUL__ligand2634-0
40,RUHVUL__ligand1542-0
41,RUHVUL__ligand142-0
42,RUHVUL__ligand283-0
43,RUHVUL__ligand553-0
44,RUHVUL__ligand326-0
45,RUHVUL__ligand2751-0
46,RUHVUL__ligand821-0
47,RUHVUL__ligand2688-0
48,RUHVUL__ligand2259-0
49,RUHVUL__ligand73-0
50,RUHVUL__ligand1376-0
51,RUHVUL__ligand2768-0
52,RUHVUL__ligand6277-0
53,RUHVUL__ligand1687-0
54,RUHVUL__ligand1951-0
55,RUHVUL__ligand3734-0
56,RUHVUL__ligand1706-0
57,RUHVUL__ligand4381-0
58,RUHVUL__ligand2629-0
59,RUHVUL__ligand57-0
60,RUHVUL__ligand226-0
61,RUHVUL__ligand162-0
62,RUHVUL__ligand383-0
63,RUHVUL__ligand5801-0
64,RUHVUL__ligand55-0
65,RUHVUL__ligand509-0
66,RUHVUL__ligand3063-0
67,RUHVUL__ligand1438-0
68,RUHVUL__ligand571-0
69,RUHVUL__ligand1171-0
70,RUHVUL__ligand118-0
71,RUHVUL__ligand95-0
72,RUHVUL__ligand670-0
73,RUHVUL__ligand3757-0
74,RUHVUL__ligand365-0
75,RUHVUL__ligand2087-0
76,RUHVUL__ligand1048-0
77,RUHVUL__ligand15630-0
78,RUHVUL__ligand1685-0
79,RUHVUL__ligand10357-0
80,RUHVUL__ligand278-0
81,RUHVUL__ligand1544-0
82,RUHVUL__ligand34-0
83,RUHVUL__ligand669-0
84,RUHVUL__ligand1459-0
85,RUHVUL__ligand430-0
86,RUHVUL__ligand358-0
87,RUHVUL__ligand2510-0
88,RUHVUL__ligand2285-0
89,RUHVUL__ligand1567-0
90,RUHVUL__ligand17-0
91,RUHVUL__ligand8921-0
92,RUHVUL__ligand2862-0
93,RUHVUL__ligand757-0
94,RUHVUL__ligand2320-0
95,RUHVUL__ligand1056-0
96,RUHVUL__ligand1703-0
97,RUHVUL__ligand2430-0
98,RUHVUL__ligand797-0
99,RUHVUL__ligand2907-0
100,RUHVUL__ligand92-0
101,RUHVUL__ligand1727-0
102,RUHVUL__ligand1152-0
103,RUHVUL__ligand1607-0
104,RUHVUL__ligand89-0
105,RUHVUL__ligand141-0
106,RUHVUL__ligand3637-0
107,RUHVUL__ligand240-0
108,RUHVUL__ligand8774-0
109,RUHVUL__ligand49-0
110,RUHVUL__ligand7464-0
111,RUHVUL__ligand1248-0
112,RUHVUL__ligand4303-0
113,RUHVUL__ligand1598-0
114,RUHVUL__ligand120-0
115,RUHVUL__ligand1054-0
116,RUHVUL__ligand384-0
117,RUHVUL__ligand6294-0
118,RUHVUL__ligand2142-0
119,RUHVUL__ligand119-0
120,RUHVUL__ligand6538-0
121,RUHVUL__ligand9495-0
122,RUHVUL__ligand6151-0
123,RUHVUL__ligand2772-0
124,RUHVUL__ligand2864-0
125,RUHVUL__ligand10910-0
126,RUHVUL__ligand124-0
127,RUHVUL__ligand8-0
128,RUHVUL__ligand11-0
129,RUHVUL__ligand244-0
130,RUHVUL__ligand201-0
131,RUHVUL__ligand5022-0
132,RUHVUL__ligand1169-0
133,RUHVUL__ligand100-0
134,RUHVUL__ligand178-0
135,RUHVUL__ligand14530-0
136,RUHVUL__ligand279-0
137,RUHVUL__ligand321-0
138,RUHVUL__ligand2838-0
139,RUHVUL__ligand3838-0
140,RUHVUL__ligand1799-0
141,RUHVUL__ligand5941-0
142,RUHVUL__ligand2880-0
143,RUHVUL__ligand6396-0
144,RUHVUL__ligand187-0
145,RUHVUL__ligand10479-0
146,RUHVUL__ligand1113-0
147,RUHVUL__ligand2265-0
148,RUHVUL__ligand612-0
149,RUHVUL__ligand861-0
150,RUHVUL__ligand366-0
151,RUHVUL__ligand9027-0
152,RUHVUL__ligand4983-0
153,RUHVUL__ligand2345-0
154,RUHVUL__ligand2794-0
155,RUHVUL__ligand1835-0
156,RUHVUL__ligand596-0
157,RUHVUL__ligand1502-0
158,RUHVUL__ligand10114-0
159,RUHVUL__ligand1052-0
160,RUHVUL__ligand126-0
161,RUHVUL__ligand1273-0
162,RUHVUL__ligand67-0
163,RUHVUL__ligand682-0
164,RUHVUL__ligand5334-0
165,RUHVUL__ligand3051-0
166,RUHVUL__ligand4504-0
167,RUHVUL__ligand2480-0
168,RUHVUL__ligand1898-0
169,RUHVUL__ligand2315-0
170,RUHVUL__ligand1858-0
171,RUHVUL__ligand8032-0
172,RUHVUL__ligand6-0
173,RUHVUL__ligand1712-0
174,RUHVUL__ligand487-0
175,RUHVUL__ligand3579-0
176,RUHVUL__ligand666-0
177,RUHVUL__ligand522-0
178,RUHVUL__ligand2110-0
179,RUHVUL__ligand2916-0
180,RUHVUL__ligand133-0
181,RUHVUL__ligand1919-0
182,RUHVUL__ligand447-0
183,RUHVUL__ligand2389-0
184,RUHVUL__ligand2929-0
185,RUHVUL__ligand2376-0
186,RUHVUL__ligand485-0
187,RUHVUL__ligand1379-0
188,RUHVUL__ligand355-0
189,RUHVUL__ligand784-0
190,RUHVUL__ligand1264-0
191,RUHVUL__ligand1221-0
192,RUHVUL__ligand6430-0
193,RUHVUL__ligand1299-0
194,RUHVUL__ligand2442-0
195,RUHVUL__ligand1019-0
196,RUHVUL__ligand291-0
197,RUHVUL__ligand7414-0
198,RUHVUL__ligand5762-0
199,RUHVUL__ligand1104-0
200,RUHVUL__ligand4-0
201,RUHVUL__ligand115-0
202,RUHVUL__ligand6571-0
203,RUHVUL__ligand1325-0
204,RUHVUL__ligand2482-0
205,RUHVUL__ligand1788-0
206,RUHVUL__ligand1321-0
207,RUHVUL__ligand3566-0
208,RUHVUL__ligand1178-0
209,RUHVUL__ligand210-0
210,RUHVUL__ligand3337-0
211,RUHVUL__ligand7514-0
212,RUHVUL__ligand391-0
213,RUHVUL__ligand45-0
214,RUHVUL__ligand170-0
215,RUHVUL__ligand1449-1
216,RUHVUL__ligand4811-0
217,RUHVUL__ligand85-0
218,RUHVUL__ligand78-0
219,RUHVUL__ligand1260-0
220,RUHVUL__ligand4894-0
221,RUHVUL__ligand9620-0
222,RUHVUL__ligand314-0
223,RUHVUL__ligand481-0
224,RUHVUL__ligand353-0
225,RUHVUL__ligand1307-0
226,RUHVUL__ligand236-0
227,RUHVUL__ligand3853-0
228,RUHVUL__ligand2853-0
229,RUHVUL__ligand422-0
230,RUHVUL__ligand5089-0
231,RUHVUL__ligand2599-0
232,RUHVUL__ligand113-0
233,RUHVUL__ligand1246-0
234,RUHVUL__ligand502-0
235,RUHVUL__ligand196-0
236,RUHVUL__ligand6166-0
237,RUHVUL__ligand2915-0
238,RUHVUL__ligand38-0
239,RUHVUL__ligand311-0
240,RUHVUL__ligand369-0
241,RUHVUL__ligand444-0
242,RUHVUL__ligand3196-0
243,RUHVUL__ligand4012-0
244,RUHVUL__ligand40-0
245,RUHVUL__ligand188-0
246,RUHVUL__ligand460-0
247,RUHVUL__ligand1551-0
248,RUHVUL__ligand250-0
249,RUHVUL__ligand21-0
250,RUHVUL__ligand2526-0
251,RUHVUL__ligand1690-0
252,RUHVUL__ligand2707-0
253,RUHVUL__ligand370-0
254,RUHVUL__ligand3618-0
255,RUHVUL__ligand2618-0
256,RUHVUL__ligand193-0
257,RUHVUL__ligand830-0
258,RUHVUL__ligand1436-0
259,RUHVUL__ligand955-0
260,RUHVUL__ligand252-0
261,RUHVUL__ligand66-0
262,RUHVUL__ligand4370-0
263,RUHVUL__ligand11730-0
264,RUHVUL__ligand934-0
265,RUHVUL__ligand177-0
266,RUHVUL__ligand1918-0
267,RUHVUL__ligand2255-0
268,RUHVUL__ligand909-0
269,RUHVUL__ligand4175-0
270,RUHVUL__ligand851-0
271,RUHVUL__ligand136-0
272,RUHVUL__ligand9176-0
273,RUHVUL__ligand442-0
274,RUHVUL__ligand2718-0
275,RUHVUL__ligand3035-0
276,RUHVUL__ligand3070-0
277,RUHVUL__ligand1493-0
278,RUHVUL__ligand868-0
279,RUHVUL__ligand4619-0
280,RUHVUL__ligand5235-0
281,RUHVUL__ligand6143-0
282,RUHVUL__ligand352-0
283,RUHVUL__ligand783-0
284,RUHVUL__ligand86-0
285,RUHVUL__ligand3251-0
286,RUHVUL__ligand1818-0
287,RUHVUL__ligand7456-0
288,RUHVUL__ligand296-0
289,RUHVUL__ligand3-0
290,RUHVUL__ligand197-0
291,RUHVUL__ligand62-0
292,RUHVUL__ligand5758-0
293,RUHVUL__ligand112-0
294,RUHVUL__ligand3478-0
295,RUHVUL__ligand3852-0
296,RUHVUL__ligand1285-0
297,RUHVUL__ligand584-0
298,RUHVUL__ligand916-0
299,RUHVUL__ligand1555-0
300,RUHVUL__ligand421-0
301,RUHVUL__ligand798-0
302,RUHVUL__ligand7630-0
303,RUHVUL__ligand3890-0
304,RUHVUL__ligand331-0
305,RUHVUL__ligand993-0
306,RUHVUL__ligand18-0
307,RUHVUL__ligand1-0
308,RUHVUL__ligand4423-0
309,RUHVUL__ligand294-0
310,RUHVUL__ligand1907-0
311,RUHVUL__ligand2762-0
312,RUHVUL__ligand1038-0
313,RUHVUL__ligand109-0
314,RUHVUL__ligand2253-0
315,RUHVUL__ligand1160-0
316,RUHVUL__ligand5093-0
317,RUHVUL__ligand2954-0
318,RUHVUL__ligand560-0
319,RUHVUL__ligand525-0
320,RUHVUL__ligand235-0
321,RUHVUL__ligand932-0
322,RUHVUL__ligand134-0
323,RUHVUL__ligand7550-0
324,RUHVUL__ligand390-0
