,TMC
0,QOYCEO__ligand126-0
1,QOYCEO__ligand1169-0
2,QOYCEO__ligand5022-0
3,QOYCEO__ligand2838-0
4,QOYCEO__ligand3838-0
5,QOYCEO__ligand1799-0
6,QOYCEO__ligand62-0
7,QOYCEO__ligand5941-0
8,QOYCEO__ligand2880-0
9,QOYCEO__ligand612-0
10,QOYCEO__ligand2142-0
11,QOYCEO__ligand187-0
12,QOYCEO__ligand366-0
13,QOYCEO__ligand6538-0
14,QOYCEO__ligand6151-0
15,QOYCEO__ligand8-0
16,QOYCEO__ligand2772-0
17,QOYCEO__ligand861-0
18,QOYCEO__ligand9495-0
19,QOYCEO__ligand86-0
20,QOYCEO__ligand2864-0
21,QOYCEO__ligand596-0
22,QOYCEO__ligand1052-0
23,QOYCEO__ligand100-0
24,QOYCEO__ligand244-0
25,QOYCEO__ligand201-0
26,QOYCEO__ligand279-0
27,QOYCEO__ligand1273-0
28,QOYCEO__ligand178-0
29,QOYCEO__ligand321-0
30,QOYCEO__ligand6396-0
31,QOYCEO__ligand119-0
32,QOYCEO__ligand1113-0
33,QOYCEO__ligand2265-0
34,QOYCEO__ligand9027-0
35,QOYCEO__ligand4983-0
36,QOYCEO__ligand2345-0
37,QOYCEO__ligand2794-0
38,QOYCEO__ligand18-0
39,QOYCEO__ligand1835-0
40,QOYCEO__ligand1502-0
41,QOYCEO__ligand124-0
42,QOYCEO__ligand1727-0
43,QOYCEO__ligand21-0
44,QOYCEO__ligand1152-0
45,QOYCEO__ligand120-0
46,QOYCEO__ligand1607-0
47,QOYCEO__ligand384-0
48,QOYCEO__ligand240-0
49,QOYCEO__ligand2510-0
50,QOYCEO__ligand141-0
51,QOYCEO__ligand8921-0
52,QOYCEO__ligand2285-0
53,QOYCEO__ligand1567-0
54,QOYCEO__ligand2862-0
55,QOYCEO__ligand2320-0
56,QOYCEO__ligand38-0
57,QOYCEO__ligand1056-0
58,QOYCEO__ligand40-0
59,QOYCEO__ligand1703-0
60,QOYCEO__ligand2430-0
61,QOYCEO__ligand2907-0
62,QOYCEO__ligand7464-0
63,QOYCEO__ligand4303-0
64,QOYCEO__ligand1248-0
65,QOYCEO__ligand1598-0
66,QOYCEO__ligand1054-0
67,QOYCEO__ligand6294-0
68,QOYCEO__ligand3637-0
69,QOYCEO__ligand757-0
70,QOYCEO__ligand8774-0
71,QOYCEO__ligand797-0
72,QOYCEO__ligand66-0
73,QOYCEO__ligand3734-0
74,QOYCEO__ligand365-0
75,QOYCEO__ligand45-0
76,QOYCEO__ligand1706-0
77,QOYCEO__ligand4381-0
78,QOYCEO__ligand278-0
79,QOYCEO__ligand2629-0
80,QOYCEO__ligand669-0
81,QOYCEO__ligand358-0
82,QOYCEO__ligand78-0
83,QOYCEO__ligand430-0
84,QOYCEO__ligand85-0
85,QOYCEO__ligand509-0
86,QOYCEO__ligand2688-0
87,QOYCEO__ligand2259-0
88,QOYCEO__ligand2768-0
89,QOYCEO__ligand1376-0
90,QOYCEO__ligand6277-0
91,QOYCEO__ligand670-0
92,QOYCEO__ligand1687-0
93,QOYCEO__ligand118-0
94,QOYCEO__ligand571-0
95,QOYCEO__ligand1951-0
96,QOYCEO__ligand3757-0
97,QOYCEO__ligand1048-0
98,QOYCEO__ligand2087-0
99,QOYCEO__ligand1685-0
100,QOYCEO__ligand162-0
101,QOYCEO__ligand1544-0
102,QOYCEO__ligand226-0
103,QOYCEO__ligand1459-0
104,QOYCEO__ligand383-0
105,QOYCEO__ligand5801-0
106,QOYCEO__ligand1438-0
107,QOYCEO__ligand3063-0
108,QOYCEO__ligand1171-0
109,QOYCEO__ligand436-0
110,QOYCEO__ligand1479-0
111,QOYCEO__ligand142-0
112,QOYCEO__ligand1148-0
113,QOYCEO__ligand206-0
114,QOYCEO__ligand553-0
115,QOYCEO__ligand3246-0
116,QOYCEO__ligand283-0
117,QOYCEO__ligand821-0
118,QOYCEO__ligand326-0
119,QOYCEO__ligand918-0
120,QOYCEO__ligand633-0
121,QOYCEO__ligand1538-0
122,QOYCEO__ligand1114-0
123,QOYCEO__ligand532-0
124,QOYCEO__ligand67-0
125,QOYCEO__ligand497-0
126,QOYCEO__ligand838-0
127,QOYCEO__ligand9244-0
128,QOYCEO__ligand1228-0
129,QOYCEO__ligand166-0
130,QOYCEO__ligand3041-0
131,QOYCEO__ligand2634-0
132,QOYCEO__ligand1542-0
133,QOYCEO__ligand927-0
134,QOYCEO__ligand199-0
135,QOYCEO__ligand575-0
136,QOYCEO__ligand2751-0
137,QOYCEO__ligand3145-0
138,QOYCEO__ligand361-0
139,QOYCEO__ligand324-0
140,QOYCEO__ligand11730-0
141,QOYCEO__ligand6686-0
142,QOYCEO__ligand1747-0
143,QOYCEO__ligand409-0
144,QOYCEO__ligand5548-0
145,QOYCEO__ligand7915-0
146,QOYCEO__ligand2863-0
147,QOYCEO__ligand6502-0
148,QOYCEO__ligand2098-0
149,QOYCEO__ligand6332-0
150,QOYCEO__ligand3178-0
151,QOYCEO__ligand105-0
152,QOYCEO__ligand140-0
153,QOYCEO__ligand1818-0
154,QOYCEO__ligand560-0
155,QOYCEO__ligand525-0
156,QOYCEO__ligand7456-0
157,QOYCEO__ligand109-0
158,QOYCEO__ligand932-0
159,QOYCEO__ligand134-0
160,QOYCEO__ligand235-0
161,QOYCEO__ligand5758-0
162,QOYCEO__ligand3478-0
163,QOYCEO__ligand390-0
164,QOYCEO__ligand3-0
165,QOYCEO__ligand3852-0
166,QOYCEO__ligand916-0
167,QOYCEO__ligand584-0
168,QOYCEO__ligand9176-0
169,QOYCEO__ligand3035-0
170,QOYCEO__ligand3070-0
171,QOYCEO__ligand2718-0
172,QOYCEO__ligand1493-0
173,QOYCEO__ligand798-0
174,QOYCEO__ligand421-0
175,QOYCEO__ligand4619-0
176,QOYCEO__ligand11-0
177,QOYCEO__ligand331-0
178,QOYCEO__ligand5235-0
179,QOYCEO__ligand6143-0
180,QOYCEO__ligand294-0
181,QOYCEO__ligand3251-0
182,QOYCEO__ligand993-0
183,QOYCEO__ligand2762-0
184,QOYCEO__ligand1038-0
185,QOYCEO__ligand197-0
186,QOYCEO__ligand2253-0
187,QOYCEO__ligand1160-0
188,QOYCEO__ligand296-0
189,QOYCEO__ligand5093-0
190,QOYCEO__ligand2954-0
191,QOYCEO__ligand112-0
192,QOYCEO__ligand7550-0
193,QOYCEO__ligand1285-0
194,QOYCEO__ligand136-0
195,QOYCEO__ligand1555-0
196,QOYCEO__ligand10357-0
197,QOYCEO__ligand7630-0
198,QOYCEO__ligand868-0
199,QOYCEO__ligand1-0
200,QOYCEO__ligand15630-0
201,QOYCEO__ligand442-0
202,QOYCEO__ligand783-0
203,QOYCEO__ligand352-0
204,QOYCEO__ligand3890-0
205,QOYCEO__ligand4423-0
206,QOYCEO__ligand1907-0
207,QOYCEO__ligand177-0
208,QOYCEO__ligand934-0
209,QOYCEO__ligand1551-0
210,QOYCEO__ligand2526-0
211,QOYCEO__ligand909-0
212,QOYCEO__ligand1690-0
213,QOYCEO__ligand851-0
214,QOYCEO__ligand2707-0
215,QOYCEO__ligand2915-0
216,QOYCEO__ligand193-0
217,QOYCEO__ligand17-0
218,QOYCEO__ligand830-0
219,QOYCEO__ligand92-0
220,QOYCEO__ligand3196-0
221,QOYCEO__ligand4012-0
222,QOYCEO__ligand252-0
223,QOYCEO__ligand955-0
224,QOYCEO__ligand460-0
225,QOYCEO__ligand250-0
226,QOYCEO__ligand1918-0
227,QOYCEO__ligand2255-0
228,QOYCEO__ligand370-0
229,QOYCEO__ligand4175-0
230,QOYCEO__ligand3618-0
231,QOYCEO__ligand2618-0
232,QOYCEO__ligand311-0
233,QOYCEO__ligand89-0
234,QOYCEO__ligand1436-0
235,QOYCEO__ligand444-0
236,QOYCEO__ligand49-0
237,QOYCEO__ligand369-0
238,QOYCEO__ligand188-0
239,QOYCEO__ligand4370-0
240,QOYCEO__ligand422-0
241,QOYCEO__ligand3337-0
242,QOYCEO__ligand7514-0
243,QOYCEO__ligand113-0
244,QOYCEO__ligand1449-1
245,QOYCEO__ligand4811-0
246,QOYCEO__ligand502-0
247,QOYCEO__ligand196-0
248,QOYCEO__ligand10910-0
249,QOYCEO__ligand9620-0
250,QOYCEO__ligand1260-0
251,QOYCEO__ligand4894-0
252,QOYCEO__ligand57-0
253,QOYCEO__ligand73-0
254,QOYCEO__ligand353-0
255,QOYCEO__ligand1788-0
256,QOYCEO__ligand1321-0
257,QOYCEO__ligand14530-0
258,QOYCEO__ligand236-0
259,QOYCEO__ligand1178-0
260,QOYCEO__ligand3566-0
261,QOYCEO__ligand10479-0
262,QOYCEO__ligand391-0
263,QOYCEO__ligand3853-0
264,QOYCEO__ligand2853-0
265,QOYCEO__ligand5089-0
266,QOYCEO__ligand2599-0
267,QOYCEO__ligand170-0
268,QOYCEO__ligand1246-0
269,QOYCEO__ligand6166-0
270,QOYCEO__ligand481-0
271,QOYCEO__ligand34-0
272,QOYCEO__ligand314-0
273,QOYCEO__ligand10114-0
274,QOYCEO__ligand55-0
275,QOYCEO__ligand1307-0
276,QOYCEO__ligand95-0
277,QOYCEO__ligand210-0
278,QOYCEO__ligand51-0
279,QOYCEO__ligand1712-0
280,QOYCEO__ligand3579-0
281,QOYCEO__ligand2110-0
282,QOYCEO__ligand2916-0
283,QOYCEO__ligand291-0
284,QOYCEO__ligand115-0
285,QOYCEO__ligand1919-0
286,QOYCEO__ligand29-0
287,QOYCEO__ligand2389-0
288,QOYCEO__ligand91-0
289,QOYCEO__ligand5334-0
290,QOYCEO__ligand6-0
291,QOYCEO__ligand1898-0
292,QOYCEO__ligand3051-0
293,QOYCEO__ligand4504-0
294,QOYCEO__ligand2480-0
295,QOYCEO__ligand48-0
296,QOYCEO__ligand2315-0
297,QOYCEO__ligand1858-0
298,QOYCEO__ligand784-0
299,QOYCEO__ligand355-0
300,QOYCEO__ligand485-0
301,QOYCEO__ligand8032-0
302,QOYCEO__ligand487-0
303,QOYCEO__ligand32-0
304,QOYCEO__ligand1019-0
305,QOYCEO__ligand2442-0
306,QOYCEO__ligand7414-0
307,QOYCEO__ligand5762-0
308,QOYCEO__ligand1104-0
309,QOYCEO__ligand522-0
310,QOYCEO__ligand666-0
311,QOYCEO__ligand133-0
312,QOYCEO__ligand6571-0
313,QOYCEO__ligand447-0
314,QOYCEO__ligand1325-0
315,QOYCEO__ligand2482-0
316,QOYCEO__ligand4-0
317,QOYCEO__ligand682-0
318,QOYCEO__ligand2929-0
319,QOYCEO__ligand2376-0
320,QOYCEO__ligand1379-0
321,QOYCEO__ligand1264-0
322,QOYCEO__ligand1221-0
323,QOYCEO__ligand1299-0
324,QOYCEO__ligand6430-0
