,TMC
0,ZEPPAL__ligand31578-0
1,ZEPPAL__ligand7172-0
2,ZEPPAL__ligand17207-0
3,ZEPPAL__ligand18013-0
4,ZEPPAL__ligand25224-0
5,ZEPPAL__ligand9323-0
6,ZEPPAL__ligand17945-0
7,ZEPPAL__ligand7273-0
8,ZEPPAL__ligand1116-0
9,ZEPPAL__ligand116-0
10,ZEPPAL__ligand1153-0
11,ZEPPAL__ligand3225-0
12,ZEPPAL__ligand2260-0
13,ZEPPAL__ligand7092-0
14,ZEPPAL__ligand252-0
15,ZEPPAL__ligand2124-0
16,ZEPPAL__ligand8612-0
17,ZEPPAL__ligand24750-0
18,ZEPPAL__ligand32-0
19,ZEPPAL__ligand6017-0
20,ZEPPAL__ligand193-0
21,ZEPPAL__ligand5708-0
22,ZEPPAL__ligand15438-0
23,ZEPPAL__ligand7316-0
24,ZEPPAL__ligand28924-0
25,ZEPPAL__ligand830-0
26,ZEPPAL__ligand18703-0
27,ZEPPAL__ligand5180-0
28,ZEPPAL__ligand29087-0
29,ZEPPAL__ligand372-0
30,ZEPPAL__ligand23589-0
31,ZEPPAL__ligand4807-0
32,ZEPPAL__ligand909-0
33,ZEPPAL__ligand16-0
34,ZEPPAL__ligand3178-0
35,ZEPPAL__ligand24064-0
36,ZEPPAL__ligand9753-0
37,ZEPPAL__ligand15168-0
38,ZEPPAL__ligand5530-0
39,ZEPPAL__ligand1787-0
40,ZEPPAL__ligand1356-0
41,ZEPPAL__ligand5159-0
42,ZEPPAL__ligand7196-0
43,ZEPPAL__ligand11432-0
44,ZEPPAL__ligand31618-0
45,ZEPPAL__ligand10432-0
46,ZEPPAL__ligand5649-0
47,ZEPPAL__ligand2788-0
48,ZEPPAL__ligand22755-0
49,ZEPPAL__ligand8793-0
50,ZEPPAL__ligand4649-0
51,ZEPPAL__ligand29898-0
52,ZEPPAL__ligand26277-0
53,ZEPPAL__ligand2906-0
54,ZEPPAL__ligand3244-0
55,ZEPPAL__ligand4711-0
56,ZEPPAL__ligand177-0
57,ZEPPAL__ligand14586-0
58,ZEPPAL__ligand11774-0
59,ZEPPAL__ligand21421-0
60,ZEPPAL__ligand5387-0
61,ZEPPAL__ligand91-0
62,ZEPPAL__ligand17710-0
63,ZEPPAL__ligand20579-0
64,ZEPPAL__ligand2203-0
65,ZEPPAL__ligand1289-0
66,ZEPPAL__ligand11568-0
67,ZEPPAL__ligand188-0
68,ZEPPAL__ligand51-0
69,ZEPPAL__ligand2612-0
70,ZEPPAL__ligand564-0
71,ZEPPAL__ligand370-1
72,ZEPPAL__ligand1599-0
73,ZEPPAL__ligand31483-0
74,ZEPPAL__ligand8-0
75,ZEPPAL__ligand10555-0
76,ZEPPAL__ligand620-0
77,ZEPPAL__ligand9450-0
78,ZEPPAL__ligand19725-0
79,ZEPPAL__ligand785-0
80,ZEPPAL__ligand311-0
81,ZEPPAL__ligand479-0
82,ZEPPAL__ligand24613-0
83,ZEPPAL__ligand1604-0
84,ZEPPAL__ligand1228-0
85,ZEPPAL__ligand9943-0
86,ZEPPAL__ligand2043-0
87,ZEPPAL__ligand12336-0
88,ZEPPAL__ligand370-0
89,ZEPPAL__ligand8788-0
90,ZEPPAL__ligand1832-0
91,ZEPPAL__ligand13072-0
92,ZEPPAL__ligand2417-0
93,ZEPPAL__ligand17590-0
94,ZEPPAL__ligand17240-0
95,ZEPPAL__ligand48-0
96,ZEPPAL__ligand9284-0
97,ZEPPAL__ligand6391-0
98,ZEPPAL__ligand3126-0
99,ZEPPAL__ligand250-0
100,ZEPPAL__ligand18699-0
101,ZEPPAL__ligand12682-0
102,ZEPPAL__ligand1114-0
103,ZEPPAL__ligand6699-0
104,ZEPPAL__ligand18391-0
105,ZEPPAL__ligand27169-0
106,ZEPPAL__ligand14523-0
107,ZEPPAL__ligand20599-0
108,ZEPPAL__ligand34-0
109,ZEPPAL__ligand3677-0
110,ZEPPAL__ligand3632-0
111,ZEPPAL__ligand22981-0
112,ZEPPAL__ligand25805-0
113,ZEPPAL__ligand1294-0
114,ZEPPAL__ligand294-0
115,ZEPPAL__ligand1168-0
116,ZEPPAL__ligand27074-0
117,ZEPPAL__ligand23904-0
118,ZEPPAL__ligand6892-0
119,ZEPPAL__ligand21936-0
120,ZEPPAL__ligand1211-0
121,ZEPPAL__ligand13257-0
122,ZEPPAL__ligand685-0
123,ZEPPAL__ligand3712-0
124,ZEPPAL__ligand1464-0
125,ZEPPAL__ligand421-0
126,ZEPPAL__ligand12467-0
127,ZEPPAL__ligand2881-0
128,ZEPPAL__ligand10084-0
129,ZEPPAL__ligand25267-0
130,ZEPPAL__ligand1499-0
131,ZEPPAL__ligand11140-0
132,ZEPPAL__ligand235-0
133,ZEPPAL__ligand3945-0
134,ZEPPAL__ligand68-0
135,ZEPPAL__ligand29610-0
136,ZEPPAL__ligand134-0
137,ZEPPAL__ligand2693-0
138,ZEPPAL__ligand5383-0
139,ZEPPAL__ligand18074-0
140,ZEPPAL__ligand13869-0
141,ZEPPAL__ligand9344-0
142,ZEPPAL__ligand29863-0
143,ZEPPAL__ligand8000-0
144,ZEPPAL__ligand3736-0
145,ZEPPAL__ligand7291-0
146,ZEPPAL__ligand18799-0
147,ZEPPAL__ligand18465-0
148,ZEPPAL__ligand3677-1
149,ZEPPAL__ligand9883-0
150,ZEPPAL__ligand28668-0
151,ZEPPAL__ligand2985-0
152,ZEPPAL__ligand4007-0
153,ZEPPAL__ligand55-0
154,ZEPPAL__ligand16791-0
155,ZEPPAL__ligand9299-0
156,ZEPPAL__ligand560-0
157,ZEPPAL__ligand25650-0
158,ZEPPAL__ligand7293-0
159,ZEPPAL__ligand2822-0
160,ZEPPAL__ligand783-0
161,ZEPPAL__ligand31248-0
162,ZEPPAL__ligand3867-0
163,ZEPPAL__ligand352-0
164,ZEPPAL__ligand1317-0
165,ZEPPAL__ligand57-0
166,ZEPPAL__ligand5304-0
167,ZEPPAL__ligand9167-0
168,ZEPPAL__ligand19257-0
169,ZEPPAL__ligand13209-0
170,ZEPPAL__ligand12660-0
171,ZEPPAL__ligand2238-0
172,ZEPPAL__ligand23124-0
173,ZEPPAL__ligand11206-0
174,ZEPPAL__ligand25735-0
175,ZEPPAL__ligand12519-0
176,ZEPPAL__ligand5080-0
177,ZEPPAL__ligand7762-0
178,ZEPPAL__ligand6117-0
179,ZEPPAL__ligand1407-0
180,ZEPPAL__ligand8002-0
181,ZEPPAL__ligand5509-0
182,ZEPPAL__ligand868-0
183,ZEPPAL__ligand11166-0
184,ZEPPAL__ligand3926-0
185,ZEPPAL__ligand3120-0
186,ZEPPAL__ligand4358-0
187,ZEPPAL__ligand21132-0
188,ZEPPAL__ligand2221-0
189,ZEPPAL__ligand23906-0
190,ZEPPAL__ligand4101-0
191,ZEPPAL__ligand5595-0
192,ZEPPAL__ligand30539-0
193,ZEPPAL__ligand5510-0
194,ZEPPAL__ligand1376-0
195,ZEPPAL__ligand9773-0
196,ZEPPAL__ligand25689-0
197,ZEPPAL__ligand21787-0
198,ZEPPAL__ligand25575-0
199,ZEPPAL__ligand27835-0
200,ZEPPAL__ligand2259-0
201,ZEPPAL__ligand12295-0
202,ZEPPAL__ligand1296-0
203,ZEPPAL__ligand8592-0
204,ZEPPAL__ligand5099-0
205,ZEPPAL__ligand197-0
206,ZEPPAL__ligand1197-0
207,ZEPPAL__ligand17631-0
208,ZEPPAL__ligand13012-0
209,ZEPPAL__ligand6993-0
210,ZEPPAL__ligand1817-0
211,ZEPPAL__ligand26665-0
212,ZEPPAL__ligand1779-0
213,ZEPPAL__ligand14603-0
214,ZEPPAL__ligand784-0
215,ZEPPAL__ligand14297-0
216,ZEPPAL__ligand9750-0
217,ZEPPAL__ligand17258-0
218,ZEPPAL__ligand31783-0
219,ZEPPAL__ligand7075-0
220,ZEPPAL__ligand1149-0
221,ZEPPAL__ligand3980-0
222,ZEPPAL__ligand3557-0
223,ZEPPAL__ligand20578-0
224,ZEPPAL__ligand12934-0
225,ZEPPAL__ligand15422-0
226,ZEPPAL__ligand19641-0
227,ZEPPAL__ligand1288-0
228,ZEPPAL__ligand14723-0
229,ZEPPAL__ligand27893-0
230,ZEPPAL__ligand9491-0
231,ZEPPAL__ligand368-0
232,ZEPPAL__ligand4266-0
233,ZEPPAL__ligand1400-0
234,ZEPPAL__ligand30988-0
235,ZEPPAL__ligand27175-0
236,ZEPPAL__ligand18832-0
237,ZEPPAL__ligand23713-0
238,ZEPPAL__ligand4167-0
239,ZEPPAL__ligand395-0
240,ZEPPAL__ligand49-0
241,ZEPPAL__ligand27460-0
242,ZEPPAL__ligand1539-0
243,ZEPPAL__ligand1150-0
244,ZEPPAL__ligand115-0
245,ZEPPAL__ligand3453-0
246,ZEPPAL__ligand3416-0
247,ZEPPAL__ligand16628-0
248,ZEPPAL__ligand4207-0
249,ZEPPAL__ligand12427-0
250,ZEPPAL__ligand20740-0
251,ZEPPAL__ligand28468-0
252,ZEPPAL__ligand26540-0
253,ZEPPAL__ligand12337-0
254,ZEPPAL__ligand3042-0
255,ZEPPAL__ligand29410-0
256,ZEPPAL__ligand30296-0
257,ZEPPAL__ligand17281-0
258,ZEPPAL__ligand833-0
259,ZEPPAL__ligand12606-0
260,ZEPPAL__ligand4063-0
261,ZEPPAL__ligand7438-0
262,ZEPPAL__ligand8200-0
263,ZEPPAL__ligand89-0
264,ZEPPAL__ligand30333-0
265,ZEPPAL__ligand5280-0
266,ZEPPAL__ligand5614-0
267,ZEPPAL__ligand1831-0
268,ZEPPAL__ligand5515-0
269,ZEPPAL__ligand6663-0
270,ZEPPAL__ligand14108-0
271,ZEPPAL__ligand10958-0
272,ZEPPAL__ligand506-0
273,ZEPPAL__ligand12641-0
274,ZEPPAL__ligand152-0
275,ZEPPAL__ligand1152-0
276,ZEPPAL__ligand3261-0
277,ZEPPAL__ligand28676-0
278,ZEPPAL__ligand10262-0
279,ZEPPAL__ligand5019-0
280,ZEPPAL__ligand27763-0
281,ZEPPAL__ligand1216-0
282,ZEPPAL__ligand13425-0
283,ZEPPAL__ligand29302-0
284,ZEPPAL__ligand18814-0
285,ZEPPAL__ligand19057-0
286,ZEPPAL__ligand1849-0
287,ZEPPAL__ligand3144-0
288,ZEPPAL__ligand12231-0
289,ZEPPAL__ligand5085-0
290,ZEPPAL__ligand18292-0
291,ZEPPAL__ligand12289-0
292,ZEPPAL__ligand26702-0
293,ZEPPAL__ligand13658-0
294,ZEPPAL__ligand176-0
295,ZEPPAL__ligand4710-0
296,ZEPPAL__ligand12130-0
297,ZEPPAL__ligand17387-0
298,ZEPPAL__ligand5755-0
299,ZEPPAL__ligand746-0
300,ZEPPAL__ligand1397-0
301,ZEPPAL__ligand10476-0
302,ZEPPAL__ligand7213-0
303,ZEPPAL__ligand13068-0
304,ZEPPAL__ligand1828-0
305,ZEPPAL__ligand19830-0
306,ZEPPAL__ligand6112-0
307,ZEPPAL__ligand447-0
308,ZEPPAL__ligand12401-0
309,ZEPPAL__ligand15585-0
310,ZEPPAL__ligand8042-0
311,ZEPPAL__ligand24145-0
312,ZEPPAL__ligand25178-0
313,ZEPPAL__ligand1786-0
314,ZEPPAL__ligand24185-0
315,ZEPPAL__ligand5630-0
316,ZEPPAL__ligand23769-0
317,ZEPPAL__ligand487-0
318,ZEPPAL__ligand17805-0
319,ZEPPAL__ligand1908-0
320,ZEPPAL__ligand17-0
321,ZEPPAL__ligand17302-0
322,ZEPPAL__ligand4795-0
323,ZEPPAL__ligand3285-0
324,ZEPPAL__ligand3471-0
325,ZEPPAL__ligand4161-0
326,ZEPPAL__ligand4124-0
327,ZEPPAL__ligand13390-0
328,ZEPPAL__ligand393-0
329,ZEPPAL__ligand20682-0
330,ZEPPAL__ligand5415-0
331,ZEPPAL__ligand2650-0
332,ZEPPAL__ligand2281-0
333,ZEPPAL__ligand4340-0
334,ZEPPAL__ligand13208-0
335,ZEPPAL__ligand3180-0
336,ZEPPAL__ligand26810-0
337,ZEPPAL__ligand27482-0
338,ZEPPAL__ligand6995-0
339,ZEPPAL__ligand2823-0
340,ZEPPAL__ligand353-0
341,ZEPPAL__ligand31832-0
342,ZEPPAL__ligand13294-0
343,ZEPPAL__ligand9944-0
344,ZEPPAL__ligand8593-0
345,ZEPPAL__ligand196-0
346,ZEPPAL__ligand28884-0
347,ZEPPAL__ligand2001-0
348,ZEPPAL__ligand13331-0
349,ZEPPAL__ligand12030-0
350,ZEPPAL__ligand7566-0
351,ZEPPAL__ligand14248-0
352,ZEPPAL__ligand29879-0
353,ZEPPAL__ligand11456-0
354,ZEPPAL__ligand422-0
355,ZEPPAL__ligand14174-0
356,ZEPPAL__ligand5201-0
357,ZEPPAL__ligand10712-0
358,ZEPPAL__ligand686-0
359,ZEPPAL__ligand1113-0
360,ZEPPAL__ligand25411-0
361,ZEPPAL__ligand8553-0
362,ZEPPAL__ligand465-0
363,ZEPPAL__ligand20251-1
364,ZEPPAL__ligand4596-0
365,ZEPPAL__ligand1498-0
366,ZEPPAL__ligand1154-0
367,ZEPPAL__ligand9615-0
368,ZEPPAL__ligand14703-0
369,ZEPPAL__ligand16475-0
370,ZEPPAL__ligand20598-0
371,ZEPPAL__ligand11675-0
372,ZEPPAL__ligand24047-0
373,ZEPPAL__ligand22557-0
374,ZEPPAL__ligand10589-0
375,ZEPPAL__ligand8529-0
376,ZEPPAL__ligand314-1
377,ZEPPAL__ligand1169-0
378,ZEPPAL__ligand17398-0
379,ZEPPAL__ligand17278-0
380,ZEPPAL__ligand20011-0
381,ZEPPAL__ligand17982-0
382,ZEPPAL__ligand29414-0
383,ZEPPAL__ligand14889-0
384,ZEPPAL__ligand30851-0
385,ZEPPAL__ligand29568-0
386,ZEPPAL__ligand11-0
387,ZEPPAL__ligand2027-0
388,ZEPPAL__ligand314-0
389,ZEPPAL__ligand780-0
390,ZEPPAL__ligand28789-0
391,ZEPPAL__ligand20419-0
392,ZEPPAL__ligand1015-0
393,ZEPPAL__ligand1050-0
394,ZEPPAL__ligand813-0
395,ZEPPAL__ligand21371-0
396,ZEPPAL__ligand17118-0
397,ZEPPAL__ligand1028-0
398,ZEPPAL__ligand391-0
399,ZEPPAL__ligand14117-0
400,ZEPPAL__ligand4262-0
401,ZEPPAL__ligand17261-0
402,ZEPPAL__ligand69-0
403,ZEPPAL__ligand31097-0
404,ZEPPAL__ligand21581-0
405,ZEPPAL__ligand20539-0
406,ZEPPAL__ligand2692-0
407,ZEPPAL__ligand20214-0
408,ZEPPAL__ligand30702-0
409,ZEPPAL__ligand20251-0
410,ZEPPAL__ligand618-0
411,ZEPPAL__ligand1618-0
412,ZEPPAL__ligand8464-0
413,ZEPPAL__ligand1709-0
414,ZEPPAL__ligand8349-0
415,ZEPPAL__ligand21729-0
416,ZEPPAL__ligand27239-0
417,ZEPPAL__ligand14043-0
418,ZEPPAL__ligand28559-0
419,ZEPPAL__ligand26324-0
420,ZEPPAL__ligand2527-0
421,ZEPPAL__ligand19927-0
422,ZEPPAL__ligand5849-0
423,ZEPPAL__ligand1-0
424,ZEPPAL__ligand141-0
425,ZEPPAL__ligand11618-0
426,ZEPPAL__ligand240-0
427,ZEPPAL__ligand26529-0
428,ZEPPAL__ligand3392-0
429,ZEPPAL__ligand1771-0
430,ZEPPAL__ligand4911-0
431,ZEPPAL__ligand28540-0
432,ZEPPAL__ligand3157-0
433,ZEPPAL__ligand11111-0
434,ZEPPAL__ligand16369-0
435,ZEPPAL__ligand1165-0
436,ZEPPAL__ligand9525-0
437,ZEPPAL__ligand20695-0
438,ZEPPAL__ligand27754-0
439,ZEPPAL__ligand5935-0
440,ZEPPAL__ligand384-0
441,ZEPPAL__ligand1379-0
442,ZEPPAL__ligand22403-0
443,ZEPPAL__ligand2722-0
444,ZEPPAL__ligand3871-0
445,ZEPPAL__ligand21399-0
446,ZEPPAL__ligand10872-0
447,ZEPPAL__ligand1469-0
448,ZEPPAL__ligand12003-0
449,ZEPPAL__ligand16148-0
450,ZEPPAL__ligand26631-0
451,ZEPPAL__ligand768-0
452,ZEPPAL__ligand1768-0
453,ZEPPAL__ligand4850-0
454,ZEPPAL__ligand5056-0
455,ZEPPAL__ligand1688-0
456,ZEPPAL__ligand29215-0
457,ZEPPAL__ligand3647-0
458,ZEPPAL__ligand5357-0
459,ZEPPAL__ligand1496-0
460,ZEPPAL__ligand7557-0
461,ZEPPAL__ligand12001-0
462,ZEPPAL__ligand24644-0
463,ZEPPAL__ligand10033-0
464,ZEPPAL__ligand1533-0
465,ZEPPAL__ligand43-0
466,ZEPPAL__ligand24872-0
467,ZEPPAL__ligand30728-0
468,ZEPPAL__ligand27840-0
469,ZEPPAL__ligand23175-0
470,ZEPPAL__ligand15788-0
471,ZEPPAL__ligand17396-0
472,ZEPPAL__ligand122-0
473,ZEPPAL__ligand5094-0
474,ZEPPAL__ligand5892-0
475,ZEPPAL__ligand13220-0
476,ZEPPAL__ligand11587-0
477,ZEPPAL__ligand24111-0
478,ZEPPAL__ligand22444-0
479,ZEPPAL__ligand13385-0
480,ZEPPAL__ligand4131-0
481,ZEPPAL__ligand757-0
482,ZEPPAL__ligand1712-0
483,ZEPPAL__ligand14569-0
484,ZEPPAL__ligand17427-0
485,ZEPPAL__ligand693-0
486,ZEPPAL__ligand3-0
487,ZEPPAL__ligand1900-0
488,ZEPPAL__ligand9197-0
489,ZEPPAL__ligand2328-0
490,ZEPPAL__ligand1773-0
491,ZEPPAL__ligand29486-0
492,ZEPPAL__ligand4581-0
493,ZEPPAL__ligand3029-0
494,ZEPPAL__ligand31694-0
495,ZEPPAL__ligand7162-0
496,ZEPPAL__ligand9809-0
497,ZEPPAL__ligand6672-0
498,ZEPPAL__ligand1327-0
499,ZEPPAL__ligand8722-0
500,ZEPPAL__ligand3350-0
501,ZEPPAL__ligand7573-0
502,ZEPPAL__ligand2781-0
503,ZEPPAL__ligand25561-0
504,ZEPPAL__ligand2208-0
505,ZEPPAL__ligand12138-0
506,ZEPPAL__ligand3208-0
507,ZEPPAL__ligand24780-0
508,ZEPPAL__ligand22129-0
509,ZEPPAL__ligand11949-0
510,ZEPPAL__ligand67-0
511,ZEPPAL__ligand19792-0
512,ZEPPAL__ligand10828-0
513,ZEPPAL__ligand2068-0
514,ZEPPAL__ligand7925-0
515,ZEPPAL__ligand15926-0
516,ZEPPAL__ligand24230-0
517,ZEPPAL__ligand28810-0
518,ZEPPAL__ligand777-0
519,ZEPPAL__ligand11096-0
520,ZEPPAL__ligand11447-0
521,ZEPPAL__ligand15883-0
522,ZEPPAL__ligand941-0
523,ZEPPAL__ligand1147-0
524,ZEPPAL__ligand596-0
525,ZEPPAL__ligand11970-0
526,ZEPPAL__ligand3973-0
527,ZEPPAL__ligand2599-0
528,ZEPPAL__ligand187-0
529,ZEPPAL__ligand21919-0
530,ZEPPAL__ligand4330-0
531,ZEPPAL__ligand22294-0
532,ZEPPAL__ligand657-0
533,ZEPPAL__ligand22168-0
534,ZEPPAL__ligand28930-0
535,ZEPPAL__ligand11357-0
536,ZEPPAL__ligand13862-0
537,ZEPPAL__ligand28743-0
538,ZEPPAL__ligand15531-0
539,ZEPPAL__ligand7532-0
540,ZEPPAL__ligand366-0
541,ZEPPAL__ligand4194-0
542,ZEPPAL__ligand12365-0
543,ZEPPAL__ligand10056-0
544,ZEPPAL__ligand4813-0
545,ZEPPAL__ligand11994-0
546,ZEPPAL__ligand5813-0
547,ZEPPAL__ligand31044-0
548,ZEPPAL__ligand4738-0
549,ZEPPAL__ligand31842-0
550,ZEPPAL__ligand6062-0
551,ZEPPAL__ligand24035-0
552,ZEPPAL__ligand6283-0
553,ZEPPAL__ligand14614-0
554,ZEPPAL__ligand845-0
555,ZEPPAL__ligand16663-0
556,ZEPPAL__ligand7107-0
557,ZEPPAL__ligand16988-0
558,ZEPPAL__ligand25913-0
559,ZEPPAL__ligand20207-0
560,ZEPPAL__ligand30711-0
561,ZEPPAL__ligand126-0
562,ZEPPAL__ligand11682-0
563,ZEPPAL__ligand3215-0
564,ZEPPAL__ligand163-0
565,ZEPPAL__ligand338-0
566,ZEPPAL__ligand28459-0
567,ZEPPAL__ligand12453-0
568,ZEPPAL__ligand18448-0
569,ZEPPAL__ligand1415-0
570,ZEPPAL__ligand6946-0
571,ZEPPAL__ligand7529-0
572,ZEPPAL__ligand9148-0
573,ZEPPAL__ligand19184-0
574,ZEPPAL__ligand78-0
575,ZEPPAL__ligand45-0
576,ZEPPAL__ligand18568-0
577,ZEPPAL__ligand5316-0
578,ZEPPAL__ligand28685-0
579,ZEPPAL__ligand13672-0
580,ZEPPAL__ligand5483-0
581,ZEPPAL__ligand5627-0
582,ZEPPAL__ligand10371-0
583,ZEPPAL__ligand1729-0
584,ZEPPAL__ligand2830-0
585,ZEPPAL__ligand178-0
586,ZEPPAL__ligand9681-0
587,ZEPPAL__ligand185-0
588,ZEPPAL__ligand4332-0
589,ZEPPAL__ligand24-0
590,ZEPPAL__ligand279-0
591,ZEPPAL__ligand23197-0
592,ZEPPAL__ligand1449-0
593,ZEPPAL__ligand3012-0
594,ZEPPAL__ligand321-0
595,ZEPPAL__ligand27285-0
596,ZEPPAL__ligand29029-0
597,ZEPPAL__ligand1065-0
598,ZEPPAL__ligand7530-0
599,ZEPPAL__ligand27669-0
600,ZEPPAL__ligand2403-0
601,ZEPPAL__ligand30142-0
602,ZEPPAL__ligand13477-0
603,ZEPPAL__ligand14167-0
604,ZEPPAL__ligand19-0
605,ZEPPAL__ligand201-0
606,ZEPPAL__ligand3934-0
607,ZEPPAL__ligand6882-0
608,ZEPPAL__ligand6455-0
609,ZEPPAL__ligand6102-0
610,ZEPPAL__ligand6596-0
611,ZEPPAL__ligand6904-0
612,ZEPPAL__ligand3721-0
613,ZEPPAL__ligand24953-0
614,ZEPPAL__ligand23445-0
615,ZEPPAL__ligand3465-0
616,ZEPPAL__ligand16133-0
617,ZEPPAL__ligand13755-0
618,ZEPPAL__ligand20432-0
619,ZEPPAL__ligand27122-0
620,ZEPPAL__ligand21940-0
621,ZEPPAL__ligand7819-0
622,ZEPPAL__ligand2917-0
623,ZEPPAL__ligand25048-0
624,ZEPPAL__ligand6067-0
625,ZEPPAL__ligand1577-0
626,ZEPPAL__ligand42-0
627,ZEPPAL__ligand2295-0
628,ZEPPAL__ligand633-0
629,ZEPPAL__ligand30004-0
630,ZEPPAL__ligand20557-0
631,ZEPPAL__ligand4620-0
632,ZEPPAL__ligand497-0
633,ZEPPAL__ligand66-0
634,ZEPPAL__ligand326-0
635,ZEPPAL__ligand18413-0
636,ZEPPAL__ligand20844-0
637,ZEPPAL__ligand24624-0
638,ZEPPAL__ligand4641-0
639,ZEPPAL__ligand18757-0
640,ZEPPAL__ligand24560-0
641,ZEPPAL__ligand21752-0
642,ZEPPAL__ligand8835-0
643,ZEPPAL__ligand2028-0
644,ZEPPAL__ligand7126-0
645,ZEPPAL__ligand436-0
646,ZEPPAL__ligand30788-0
647,ZEPPAL__ligand692-0
648,ZEPPAL__ligand13691-0
649,ZEPPAL__ligand3234-0
650,ZEPPAL__ligand1142-0
651,ZEPPAL__ligand14339-0
652,ZEPPAL__ligand7967-0
653,ZEPPAL__ligand6124-0
654,ZEPPAL__ligand3707-0
655,ZEPPAL__ligand20942-1
656,ZEPPAL__ligand21339-0
657,ZEPPAL__ligand14226-0
658,ZEPPAL__ligand4116-0
659,ZEPPAL__ligand16956-0
660,ZEPPAL__ligand1018-0
661,ZEPPAL__ligand8992-0
662,ZEPPAL__ligand27771-0
663,ZEPPAL__ligand18158-0
664,ZEPPAL__ligand23682-0
665,ZEPPAL__ligand9601-0
666,ZEPPAL__ligand29565-0
667,ZEPPAL__ligand14007-0
668,ZEPPAL__ligand18019-1
669,ZEPPAL__ligand9111-0
670,ZEPPAL__ligand9952-0
671,ZEPPAL__ligand1615-0
672,ZEPPAL__ligand5036-0
673,ZEPPAL__ligand2526-0
674,ZEPPAL__ligand1823-0
675,ZEPPAL__ligand5643-0
676,ZEPPAL__ligand27550-0
677,ZEPPAL__ligand8721-0
678,ZEPPAL__ligand409-0
679,ZEPPAL__ligand324-0
680,ZEPPAL__ligand1324-0
681,ZEPPAL__ligand361-0
682,ZEPPAL__ligand588-0
683,ZEPPAL__ligand11501-0
684,ZEPPAL__ligand1631-0
685,ZEPPAL__ligand11544-0
686,ZEPPAL__ligand9933-0
687,ZEPPAL__ligand1575-0
688,ZEPPAL__ligand29214-0
689,ZEPPAL__ligand1530-0
690,ZEPPAL__ligand300-0
691,ZEPPAL__ligand22357-0
692,ZEPPAL__ligand11758-0
693,ZEPPAL__ligand21448-0
694,ZEPPAL__ligand2332-0
695,ZEPPAL__ligand9441-0
696,ZEPPAL__ligand11798-0
697,ZEPPAL__ligand6244-0
698,ZEPPAL__ligand1378-0
699,ZEPPAL__ligand20731-0
700,ZEPPAL__ligand12413-0
701,ZEPPAL__ligand29334-0
702,ZEPPAL__ligand2915-0
703,ZEPPAL__ligand17445-0
704,ZEPPAL__ligand3156-0
705,ZEPPAL__ligand199-0
706,ZEPPAL__ligand38-0
707,ZEPPAL__ligand14477-0
708,ZEPPAL__ligand17069-0
709,ZEPPAL__ligand7238-0
710,ZEPPAL__ligand1304-0
711,ZEPPAL__ligand1790-0
712,ZEPPAL__ligand7280-0
713,ZEPPAL__ligand22353-0
714,ZEPPAL__ligand6709-0
715,ZEPPAL__ligand1219-0
716,ZEPPAL__ligand571-0
717,ZEPPAL__ligand534-0
718,ZEPPAL__ligand7867-0
719,ZEPPAL__ligand19906-0
720,ZEPPAL__ligand4016-0
721,ZEPPAL__ligand670-0
722,ZEPPAL__ligand19668-0
723,ZEPPAL__ligand8699-0
724,ZEPPAL__ligand1160-0
725,ZEPPAL__ligand9520-0
726,ZEPPAL__ligand10151-0
727,ZEPPAL__ligand3954-0
728,ZEPPAL__ligand4093-0
729,ZEPPAL__ligand4442-0
730,ZEPPAL__ligand7629-0
731,ZEPPAL__ligand4272-0
732,ZEPPAL__ligand1451-0
733,ZEPPAL__ligand9784-0
734,ZEPPAL__ligand9291-0
735,ZEPPAL__ligand20121-0
736,ZEPPAL__ligand18-0
737,ZEPPAL__ligand15387-0
738,ZEPPAL__ligand2176-0
739,ZEPPAL__ligand694-0
740,ZEPPAL__ligand20220-0
741,ZEPPAL__ligand2232-0
742,ZEPPAL__ligand4-0
743,ZEPPAL__ligand4157-0
744,ZEPPAL__ligand29813-0
745,ZEPPAL__ligand16952-0
746,ZEPPAL__ligand488-0
747,ZEPPAL__ligand5256-0
748,ZEPPAL__ligand430-0
749,ZEPPAL__ligand358-0
750,ZEPPAL__ligand9833-0
751,ZEPPAL__ligand7648-0
752,ZEPPAL__ligand8876-0
753,ZEPPAL__ligand2828-0
754,ZEPPAL__ligand4546-0
755,ZEPPAL__ligand4503-0
756,ZEPPAL__ligand29441-0
757,ZEPPAL__ligand10853-0
758,ZEPPAL__ligand10479-0
759,ZEPPAL__ligand27610-0
760,ZEPPAL__ligand11479-0
761,ZEPPAL__ligand14347-0
762,ZEPPAL__ligand1285-0
763,ZEPPAL__ligand13657-0
764,ZEPPAL__ligand14302-0
765,ZEPPAL__ligand20530-0
766,ZEPPAL__ligand11698-0
767,ZEPPAL__ligand1982-0
768,ZEPPAL__ligand7000-0
769,ZEPPAL__ligand8115-0
770,ZEPPAL__ligand6768-0
771,ZEPPAL__ligand24851-0
772,ZEPPAL__ligand16603-0
773,ZEPPAL__ligand11814-0
774,ZEPPAL__ligand3852-0
775,ZEPPAL__ligand2485-0
776,ZEPPAL__ligand6919-0
777,ZEPPAL__ligand11622-0
778,ZEPPAL__ligand1512-0
779,ZEPPAL__ligand5331-0
780,ZEPPAL__ligand656-0
781,ZEPPAL__ligand16870-0
782,ZEPPAL__ligand3565-0
783,ZEPPAL__ligand15455-0
784,ZEPPAL__ligand4720-0
785,ZEPPAL__ligand8969-0
786,ZEPPAL__ligand696-0
787,ZEPPAL__ligand3131-0
788,ZEPPAL__ligand11177-0
789,ZEPPAL__ligand1202-0
790,ZEPPAL__ligand3937-0
791,ZEPPAL__ligand3174-0
792,ZEPPAL__ligand6839-0
793,ZEPPAL__ligand31205-0
794,ZEPPAL__ligand17686-0
795,ZEPPAL__ligand25658-0
796,ZEPPAL__ligand5211-0
797,ZEPPAL__ligand4155-0
798,ZEPPAL__ligand3094-0
799,ZEPPAL__ligand10582-0
800,ZEPPAL__ligand9908-0
801,ZEPPAL__ligand13260-0
802,ZEPPAL__ligand1263-0
803,ZEPPAL__ligand226-0
804,ZEPPAL__ligand162-0
805,ZEPPAL__ligand11252-0
806,ZEPPAL__ligand7242-0
807,ZEPPAL__ligand383-0
808,ZEPPAL__ligand19824-0
809,ZEPPAL__ligand18067-0
810,ZEPPAL__ligand7106-0
811,ZEPPAL__ligand416-0
812,ZEPPAL__ligand20821-0
813,ZEPPAL__ligand3718-0
814,ZEPPAL__ligand6616-0
815,ZEPPAL__ligand3035-0
816,ZEPPAL__ligand3876-0
817,ZEPPAL__ligand1343-0
818,ZEPPAL__ligand26673-0
819,ZEPPAL__ligand4661-0
820,ZEPPAL__ligand1844-0
821,ZEPPAL__ligand3504-0
822,ZEPPAL__ligand31000-0
823,ZEPPAL__ligand1959-0
824,ZEPPAL__ligand11606-0
825,ZEPPAL__ligand1573-0
826,ZEPPAL__ligand1536-0
827,ZEPPAL__ligand9935-0
