,TMC
0,YUGYAA__ligand20598-0
1,YUGYAA__ligand2176-0
2,YUGYAA__ligand11675-0
3,YUGYAA__ligand38-0
4,YUGYAA__ligand24047-0
5,YUGYAA__ligand9291-0
6,YUGYAA__ligand22557-0
7,YUGYAA__ligand10589-0
8,YUGYAA__ligand2232-0
9,YUGYAA__ligand17398-0
10,YUGYAA__ligand4157-0
11,YUGYAA__ligand9833-0
12,YUGYAA__ligand17278-0
13,YUGYAA__ligand20011-0
14,YUGYAA__ligand7648-0
15,YUGYAA__ligand2828-0
16,YUGYAA__ligand8876-0
17,YUGYAA__ligand17982-0
18,YUGYAA__ligand5256-0
19,YUGYAA__ligand29414-0
20,YUGYAA__ligand4546-0
21,YUGYAA__ligand4503-0
22,YUGYAA__ligand358-0
23,YUGYAA__ligand20251-1
24,YUGYAA__ligand430-0
25,YUGYAA__ligand488-0
26,YUGYAA__ligand3-0
27,YUGYAA__ligand1285-0
28,YUGYAA__ligand8115-0
29,YUGYAA__ligand694-0
30,YUGYAA__ligand6768-0
31,YUGYAA__ligand14703-0
32,YUGYAA__ligand16475-0
33,YUGYAA__ligand1982-0
34,YUGYAA__ligand7000-0
35,YUGYAA__ligand7238-0
36,YUGYAA__ligand1304-0
37,YUGYAA__ligand14117-0
38,YUGYAA__ligand1790-0
39,YUGYAA__ligand7280-0
40,YUGYAA__ligand17261-0
41,YUGYAA__ligand7867-0
42,YUGYAA__ligand31097-0
43,YUGYAA__ligand21581-0
44,YUGYAA__ligand1219-0
45,YUGYAA__ligand6709-0
46,YUGYAA__ligand4016-0
47,YUGYAA__ligand20539-0
48,YUGYAA__ligand20251-0
49,YUGYAA__ligand20214-0
50,YUGYAA__ligand30702-0
51,YUGYAA__ligand9520-0
52,YUGYAA__ligand14889-0
53,YUGYAA__ligand670-0
54,YUGYAA__ligand30851-0
55,YUGYAA__ligand8699-0
56,YUGYAA__ligand1160-0
57,YUGYAA__ligand29568-0
58,YUGYAA__ligand534-0
59,YUGYAA__ligand571-0
60,YUGYAA__ligand3954-0
61,YUGYAA__ligand4442-0
62,YUGYAA__ligand4093-0
63,YUGYAA__ligand4272-0
64,YUGYAA__ligand1451-0
65,YUGYAA__ligand7629-0
66,YUGYAA__ligand28789-0
67,YUGYAA__ligand20419-0
68,YUGYAA__ligand9784-0
69,YUGYAA__ligand21371-0
70,YUGYAA__ligand17118-0
71,YUGYAA__ligand1263-0
72,YUGYAA__ligand9908-0
73,YUGYAA__ligand13208-0
74,YUGYAA__ligand26810-0
75,YUGYAA__ligand27482-0
76,YUGYAA__ligand7242-0
77,YUGYAA__ligand7106-0
78,YUGYAA__ligand6616-0
79,YUGYAA__ligand3876-0
80,YUGYAA__ligand1343-0
81,YUGYAA__ligand3035-0
82,YUGYAA__ligand3718-0
83,YUGYAA__ligand416-0
84,YUGYAA__ligand13390-0
85,YUGYAA__ligand1844-0
86,YUGYAA__ligand4661-0
87,YUGYAA__ligand383-0
88,YUGYAA__ligand20682-0
89,YUGYAA__ligand1959-0
90,YUGYAA__ligand162-0
91,YUGYAA__ligand3504-0
92,YUGYAA__ligand226-0
93,YUGYAA__ligand9935-0
94,YUGYAA__ligand66-0
95,YUGYAA__ligand1573-0
96,YUGYAA__ligand1536-0
97,YUGYAA__ligand11456-0
98,YUGYAA__ligand1-0
99,YUGYAA__ligand6919-0
100,YUGYAA__ligand14174-0
101,YUGYAA__ligand3852-0
102,YUGYAA__ligand2485-0
103,YUGYAA__ligand10712-0
104,YUGYAA__ligand1512-0
105,YUGYAA__ligand5331-0
106,YUGYAA__ligand42-0
107,YUGYAA__ligand696-0
108,YUGYAA__ligand3565-0
109,YUGYAA__ligand25411-0
110,YUGYAA__ligand31832-0
111,YUGYAA__ligand656-0
112,YUGYAA__ligand4720-0
113,YUGYAA__ligand13294-0
114,YUGYAA__ligand6839-0
115,YUGYAA__ligand8969-0
116,YUGYAA__ligand3131-0
117,YUGYAA__ligand3174-0
118,YUGYAA__ligand1202-0
119,YUGYAA__ligand3937-0
120,YUGYAA__ligand28884-0
121,YUGYAA__ligand5211-0
122,YUGYAA__ligand13331-0
123,YUGYAA__ligand12030-0
124,YUGYAA__ligand3094-0
125,YUGYAA__ligand4155-0
126,YUGYAA__ligand29879-0
127,YUGYAA__ligand14248-0
128,YUGYAA__ligand10262-0
129,YUGYAA__ligand28676-0
130,YUGYAA__ligand27763-0
131,YUGYAA__ligand692-0
132,YUGYAA__ligand436-0
133,YUGYAA__ligand13425-0
134,YUGYAA__ligand29302-0
135,YUGYAA__ligand18814-0
136,YUGYAA__ligand19057-0
137,YUGYAA__ligand4641-0
138,YUGYAA__ligand7126-0
139,YUGYAA__ligand14108-0
140,YUGYAA__ligand326-0
141,YUGYAA__ligand2028-0
142,YUGYAA__ligand8835-0
143,YUGYAA__ligand10958-0
144,YUGYAA__ligand12641-0
145,YUGYAA__ligand1142-0
146,YUGYAA__ligand3234-0
147,YUGYAA__ligand25178-0
148,YUGYAA__ligand6102-0
149,YUGYAA__ligand3721-0
150,YUGYAA__ligand6904-0
151,YUGYAA__ligand6596-0
152,YUGYAA__ligand497-0
153,YUGYAA__ligand24185-0
154,YUGYAA__ligand3465-0
155,YUGYAA__ligand23769-0
156,YUGYAA__ligand17805-0
157,YUGYAA__ligand633-0
158,YUGYAA__ligand17302-0
159,YUGYAA__ligand2917-0
160,YUGYAA__ligand7819-0
161,YUGYAA__ligand1577-0
162,YUGYAA__ligand6067-0
163,YUGYAA__ligand12231-0
164,YUGYAA__ligand2295-0
165,YUGYAA__ligand12289-0
166,YUGYAA__ligand18292-0
167,YUGYAA__ligand13658-0
168,YUGYAA__ligand26702-0
169,YUGYAA__ligand12130-0
170,YUGYAA__ligand17387-0
171,YUGYAA__ligand4620-0
172,YUGYAA__ligand10476-0
173,YUGYAA__ligand19830-0
174,YUGYAA__ligand13068-0
175,YUGYAA__ligand15585-0
176,YUGYAA__ligand12401-0
177,YUGYAA__ligand24145-0
178,YUGYAA__ligand1631-0
179,YUGYAA__ligand15422-0
180,YUGYAA__ligand20578-0
181,YUGYAA__ligand12934-0
182,YUGYAA__ligand19641-0
183,YUGYAA__ligand14723-0
184,YUGYAA__ligand1575-0
185,YUGYAA__ligand199-0
186,YUGYAA__ligand1530-0
187,YUGYAA__ligand27893-0
188,YUGYAA__ligand9933-0
189,YUGYAA__ligand30988-0
190,YUGYAA__ligand18832-0
191,YUGYAA__ligand27175-0
192,YUGYAA__ligand9441-0
193,YUGYAA__ligand23713-0
194,YUGYAA__ligand2332-0
195,YUGYAA__ligand17631-0
196,YUGYAA__ligand13012-0
197,YUGYAA__ligand6244-0
198,YUGYAA__ligand26665-0
199,YUGYAA__ligand14297-0
200,YUGYAA__ligand14603-0
201,YUGYAA__ligand1378-0
202,YUGYAA__ligand300-0
203,YUGYAA__ligand17258-0
204,YUGYAA__ligand31783-0
205,YUGYAA__ligand2915-0
206,YUGYAA__ligand3156-0
207,YUGYAA__ligand18-0
208,YUGYAA__ligand588-0
209,YUGYAA__ligand361-0
210,YUGYAA__ligand324-0
211,YUGYAA__ligand26540-0
212,YUGYAA__ligand7967-0
213,YUGYAA__ligand12337-0
214,YUGYAA__ligand6124-0
215,YUGYAA__ligand409-0
216,YUGYAA__ligand3707-0
217,YUGYAA__ligand29410-0
218,YUGYAA__ligand1018-0
219,YUGYAA__ligand30296-0
220,YUGYAA__ligand17281-0
221,YUGYAA__ligand4116-0
222,YUGYAA__ligand12606-0
223,YUGYAA__ligand8992-0
224,YUGYAA__ligand9601-0
225,YUGYAA__ligand30333-0
226,YUGYAA__ligand27460-0
227,YUGYAA__ligand9952-0
228,YUGYAA__ligand9111-0
229,YUGYAA__ligand1615-0
230,YUGYAA__ligand2526-0
231,YUGYAA__ligand5036-0
232,YUGYAA__ligand1823-0
233,YUGYAA__ligand5643-0
234,YUGYAA__ligand16628-0
235,YUGYAA__ligand1324-0
236,YUGYAA__ligand12427-0
237,YUGYAA__ligand20740-0
238,YUGYAA__ligand28468-0
239,YUGYAA__ligand8721-0
240,YUGYAA__ligand4738-0
241,YUGYAA__ligand163-0
242,YUGYAA__ligand23124-0
243,YUGYAA__ligand126-0
244,YUGYAA__ligand11206-0
245,YUGYAA__ligand4813-0
246,YUGYAA__ligand5813-0
247,YUGYAA__ligand12519-0
248,YUGYAA__ligand25735-0
249,YUGYAA__ligand67-0
250,YUGYAA__ligand6062-0
251,YUGYAA__ligand6283-0
252,YUGYAA__ligand845-0
253,YUGYAA__ligand25650-0
254,YUGYAA__ligand7107-0
255,YUGYAA__ligand31248-0
256,YUGYAA__ligand19257-0
257,YUGYAA__ligand13209-0
258,YUGYAA__ligand12660-0
259,YUGYAA__ligand3215-0
260,YUGYAA__ligand7925-0
261,YUGYAA__ligand366-0
262,YUGYAA__ligand2068-0
263,YUGYAA__ligand25689-0
264,YUGYAA__ligand21787-0
265,YUGYAA__ligand25575-0
266,YUGYAA__ligand657-0
267,YUGYAA__ligand27835-0
268,YUGYAA__ligand12295-0
269,YUGYAA__ligand1147-0
270,YUGYAA__ligand187-0
271,YUGYAA__ligand3973-0
272,YUGYAA__ligand11166-0
273,YUGYAA__ligand4330-0
274,YUGYAA__ligand2599-0
275,YUGYAA__ligand21132-0
276,YUGYAA__ligand43-0
277,YUGYAA__ligand596-0
278,YUGYAA__ligand23906-0
279,YUGYAA__ligand941-0
280,YUGYAA__ligand777-0
281,YUGYAA__ligand7532-0
282,YUGYAA__ligand4194-0
283,YUGYAA__ligand30539-0
284,YUGYAA__ligand9681-0
285,YUGYAA__ligand23904-0
286,YUGYAA__ligand201-0
287,YUGYAA__ligand21936-0
288,YUGYAA__ligand13257-0
289,YUGYAA__ligand4332-0
290,YUGYAA__ligand3012-0
291,YUGYAA__ligand12467-0
292,YUGYAA__ligand1449-0
293,YUGYAA__ligand1065-0
294,YUGYAA__ligand10084-0
295,YUGYAA__ligand7530-0
296,YUGYAA__ligand25267-0
297,YUGYAA__ligand18391-0
298,YUGYAA__ligand2403-0
299,YUGYAA__ligand27169-0
300,YUGYAA__ligand14523-0
301,YUGYAA__ligand321-0
302,YUGYAA__ligand20599-0
303,YUGYAA__ligand3934-0
304,YUGYAA__ligand279-0
305,YUGYAA__ligand185-0
306,YUGYAA__ligand25805-0
307,YUGYAA__ligand22981-0
308,YUGYAA__ligand6882-0
309,YUGYAA__ligand178-0
310,YUGYAA__ligand6455-0
311,YUGYAA__ligand27074-0
312,YUGYAA__ligand18799-0
313,YUGYAA__ligand1415-0
314,YUGYAA__ligand6946-0
315,YUGYAA__ligand18465-0
316,YUGYAA__ligand7529-0
317,YUGYAA__ligand28668-0
318,YUGYAA__ligand16791-0
319,YUGYAA__ligand9148-0
320,YUGYAA__ligand11140-0
321,YUGYAA__ligand5316-0
322,YUGYAA__ligand29610-0
323,YUGYAA__ligand5483-0
324,YUGYAA__ligand18074-0
325,YUGYAA__ligand1729-0
326,YUGYAA__ligand13869-0
327,YUGYAA__ligand29863-0
328,YUGYAA__ligand5627-0
329,YUGYAA__ligand338-0
330,YUGYAA__ligand2830-0
331,YUGYAA__ligand19-0
332,YUGYAA__ligand3157-0
333,YUGYAA__ligand9525-0
334,YUGYAA__ligand31483-0
335,YUGYAA__ligand10555-0
336,YUGYAA__ligand1165-0
337,YUGYAA__ligand5935-0
338,YUGYAA__ligand768-0
339,YUGYAA__ligand19725-0
340,YUGYAA__ligand2722-0
341,YUGYAA__ligand24613-0
342,YUGYAA__ligand1379-0
343,YUGYAA__ligand1469-0
344,YUGYAA__ligand3871-0
345,YUGYAA__ligand11774-0
346,YUGYAA__ligand14586-0
347,YUGYAA__ligand1768-0
348,YUGYAA__ligand21421-0
349,YUGYAA__ligand384-0
350,YUGYAA__ligand4850-0
351,YUGYAA__ligand5056-0
352,YUGYAA__ligand17710-0
353,YUGYAA__ligand20579-0
354,YUGYAA__ligand11568-0
355,YUGYAA__ligand3647-0
356,YUGYAA__ligand5357-0
357,YUGYAA__ligand1688-0
358,YUGYAA__ligand24-0
359,YUGYAA__ligand17590-0
360,YUGYAA__ligand8349-0
361,YUGYAA__ligand8464-0
362,YUGYAA__ligand1709-0
363,YUGYAA__ligand17240-0
364,YUGYAA__ligand240-0
365,YUGYAA__ligand45-0
366,YUGYAA__ligand12682-0
367,YUGYAA__ligand18699-0
368,YUGYAA__ligand141-0
369,YUGYAA__ligand2527-0
370,YUGYAA__ligand5849-0
371,YUGYAA__ligand78-0
372,YUGYAA__ligand12336-0
373,YUGYAA__ligand3392-0
374,YUGYAA__ligand1771-0
375,YUGYAA__ligand4911-0
376,YUGYAA__ligand13072-0
377,YUGYAA__ligand9197-0
378,YUGYAA__ligand15438-0
379,YUGYAA__ligand28924-0
380,YUGYAA__ligand1900-0
381,YUGYAA__ligand1773-0
382,YUGYAA__ligand4581-0
383,YUGYAA__ligand18703-0
384,YUGYAA__ligand2328-0
385,YUGYAA__ligand7162-0
386,YUGYAA__ligand29087-0
387,YUGYAA__ligand3029-0
388,YUGYAA__ligand8722-0
389,YUGYAA__ligand6672-0
390,YUGYAA__ligand9809-0
391,YUGYAA__ligand31578-0
392,YUGYAA__ligand1327-0
393,YUGYAA__ligand17207-0
394,YUGYAA__ligand18013-0
395,YUGYAA__ligand25224-0
396,YUGYAA__ligand3350-0
397,YUGYAA__ligand7573-0
398,YUGYAA__ligand17945-0
399,YUGYAA__ligand4-0
400,YUGYAA__ligand2781-0
401,YUGYAA__ligand2208-0
402,YUGYAA__ligand3208-0
403,YUGYAA__ligand693-0
404,YUGYAA__ligand24750-0
405,YUGYAA__ligand1496-0
406,YUGYAA__ligand31618-0
407,YUGYAA__ligand11432-0
408,YUGYAA__ligand7557-0
409,YUGYAA__ligand10432-0
410,YUGYAA__ligand22755-0
411,YUGYAA__ligand757-0
412,YUGYAA__ligand26277-0
413,YUGYAA__ligand29898-0
414,YUGYAA__ligand1533-0
415,YUGYAA__ligand122-0
416,YUGYAA__ligand23589-0
417,YUGYAA__ligand5094-0
418,YUGYAA__ligand5892-0
419,YUGYAA__ligand24064-0
420,YUGYAA__ligand15168-0
421,YUGYAA__ligand4131-0
422,YUGYAA__ligand1712-0
423,YUGYAA__ligand15455-0
424,YUGYAA__ligand11177-0
425,YUGYAA__ligand9944-0
426,YUGYAA__ligand17-0
427,YUGYAA__ligand686-0
428,YUGYAA__ligand8593-0
429,YUGYAA__ligand31205-0
430,YUGYAA__ligand422-0
431,YUGYAA__ligand17686-0
432,YUGYAA__ligand2001-0
433,YUGYAA__ligand25658-0
434,YUGYAA__ligand7566-0
435,YUGYAA__ligand16603-0
436,YUGYAA__ligand11814-0
437,YUGYAA__ligand5201-0
438,YUGYAA__ligand196-0
439,YUGYAA__ligand11622-0
440,YUGYAA__ligand8553-0
441,YUGYAA__ligand1113-0
442,YUGYAA__ligand16870-0
443,YUGYAA__ligand20821-0
444,YUGYAA__ligand353-0
445,YUGYAA__ligand8-0
446,YUGYAA__ligand26673-0
447,YUGYAA__ligand4161-0
448,YUGYAA__ligand3471-0
449,YUGYAA__ligand4124-0
450,YUGYAA__ligand31000-0
451,YUGYAA__ligand11606-0
452,YUGYAA__ligand5415-0
453,YUGYAA__ligand10582-0
454,YUGYAA__ligand2281-0
455,YUGYAA__ligand2650-0
456,YUGYAA__ligand4340-0
457,YUGYAA__ligand13260-0
458,YUGYAA__ligand11252-0
459,YUGYAA__ligand3180-0
460,YUGYAA__ligand6995-0
461,YUGYAA__ligand393-0
462,YUGYAA__ligand19824-0
463,YUGYAA__ligand18067-0
464,YUGYAA__ligand2823-0
465,YUGYAA__ligand89-0
466,YUGYAA__ligand618-0
467,YUGYAA__ligand10151-0
468,YUGYAA__ligand2027-0
469,YUGYAA__ligand391-0
470,YUGYAA__ligand1015-0
471,YUGYAA__ligand1050-0
472,YUGYAA__ligand813-0
473,YUGYAA__ligand1028-0
474,YUGYAA__ligand4262-0
475,YUGYAA__ligand22353-0
476,YUGYAA__ligand780-0
477,YUGYAA__ligand314-0
478,YUGYAA__ligand49-0
479,YUGYAA__ligand1618-0
480,YUGYAA__ligand19906-0
481,YUGYAA__ligand19668-0
482,YUGYAA__ligand2692-0
483,YUGYAA__ligand29441-0
484,YUGYAA__ligand10853-0
485,YUGYAA__ligand10479-0
486,YUGYAA__ligand27610-0
487,YUGYAA__ligand11479-0
488,YUGYAA__ligand1498-0
489,YUGYAA__ligand4596-0
490,YUGYAA__ligand14302-0
491,YUGYAA__ligand1154-0
492,YUGYAA__ligand314-1
493,YUGYAA__ligand14347-0
494,YUGYAA__ligand13657-0
495,YUGYAA__ligand20530-0
496,YUGYAA__ligand11698-0
497,YUGYAA__ligand9615-0
498,YUGYAA__ligand24851-0
499,YUGYAA__ligand20121-0
500,YUGYAA__ligand15387-0
501,YUGYAA__ligand1169-0
502,YUGYAA__ligand20220-0
503,YUGYAA__ligand8529-0
504,YUGYAA__ligand29813-0
505,YUGYAA__ligand16952-0
506,YUGYAA__ligand465-0
507,YUGYAA__ligand14007-0
508,YUGYAA__ligand69-0
509,YUGYAA__ligand18019-1
510,YUGYAA__ligand1539-0
511,YUGYAA__ligand1150-0
512,YUGYAA__ligand833-0
513,YUGYAA__ligand3453-0
514,YUGYAA__ligand3416-0
515,YUGYAA__ligand27550-0
516,YUGYAA__ligand4207-0
517,YUGYAA__ligand3042-0
518,YUGYAA__ligand20942-1
519,YUGYAA__ligand16956-0
520,YUGYAA__ligand21339-0
521,YUGYAA__ligand14226-0
522,YUGYAA__ligand115-0
523,YUGYAA__ligand8200-0
524,YUGYAA__ligand7438-0
525,YUGYAA__ligand27771-0
526,YUGYAA__ligand18158-0
527,YUGYAA__ligand4063-0
528,YUGYAA__ligand11-0
529,YUGYAA__ligand23682-0
530,YUGYAA__ligand29565-0
531,YUGYAA__ligand395-0
532,YUGYAA__ligand1779-0
533,YUGYAA__ligand11798-0
534,YUGYAA__ligand6993-0
535,YUGYAA__ligand1817-0
536,YUGYAA__ligand9750-0
537,YUGYAA__ligand20731-0
538,YUGYAA__ligand12413-0
539,YUGYAA__ligand368-0
540,YUGYAA__ligand29334-0
541,YUGYAA__ligand17445-0
542,YUGYAA__ligand7075-0
543,YUGYAA__ligand3980-0
544,YUGYAA__ligand3557-0
545,YUGYAA__ligand14477-0
546,YUGYAA__ligand1149-0
547,YUGYAA__ligand17069-0
548,YUGYAA__ligand1288-0
549,YUGYAA__ligand11544-0
550,YUGYAA__ligand11501-0
551,YUGYAA__ligand29214-0
552,YUGYAA__ligand4266-0
553,YUGYAA__ligand1400-0
554,YUGYAA__ligand22357-0
555,YUGYAA__ligand784-0
556,YUGYAA__ligand9491-0
557,YUGYAA__ligand11758-0
558,YUGYAA__ligand4167-0
559,YUGYAA__ligand21448-0
560,YUGYAA__ligand3144-0
561,YUGYAA__ligand5085-0
562,YUGYAA__ligand4710-0
563,YUGYAA__ligand5755-0
564,YUGYAA__ligand20557-0
565,YUGYAA__ligand30004-0
566,YUGYAA__ligand487-0
567,YUGYAA__ligand1828-0
568,YUGYAA__ligand1397-0
569,YUGYAA__ligand7213-0
570,YUGYAA__ligand8042-0
571,YUGYAA__ligand6112-0
572,YUGYAA__ligand1786-0
573,YUGYAA__ligand447-0
574,YUGYAA__ligand23445-0
575,YUGYAA__ligand24953-0
576,YUGYAA__ligand5630-0
577,YUGYAA__ligand13755-0
578,YUGYAA__ligand16133-0
579,YUGYAA__ligand746-0
580,YUGYAA__ligand20432-0
581,YUGYAA__ligand27122-0
582,YUGYAA__ligand1908-0
583,YUGYAA__ligand176-0
584,YUGYAA__ligand21940-0
585,YUGYAA__ligand25048-0
586,YUGYAA__ligand3285-0
587,YUGYAA__ligand4795-0
588,YUGYAA__ligand5280-0
589,YUGYAA__ligand5614-0
590,YUGYAA__ligand1831-0
591,YUGYAA__ligand21752-0
592,YUGYAA__ligand5515-0
593,YUGYAA__ligand6663-0
594,YUGYAA__ligand30788-0
595,YUGYAA__ligand13691-0
596,YUGYAA__ligand14339-0
597,YUGYAA__ligand152-0
598,YUGYAA__ligand5019-0
599,YUGYAA__ligand1152-0
600,YUGYAA__ligand3261-0
601,YUGYAA__ligand506-0
602,YUGYAA__ligand1216-0
603,YUGYAA__ligand20844-0
604,YUGYAA__ligand18413-0
605,YUGYAA__ligand24624-0
606,YUGYAA__ligand18757-0
607,YUGYAA__ligand24560-0
608,YUGYAA__ligand1849-0
609,YUGYAA__ligand560-0
610,YUGYAA__ligand3945-0
611,YUGYAA__ligand48-0
612,YUGYAA__ligand28685-0
613,YUGYAA__ligand18568-0
614,YUGYAA__ligand13672-0
615,YUGYAA__ligand5383-0
616,YUGYAA__ligand2693-0
617,YUGYAA__ligand10371-0
618,YUGYAA__ligand9344-0
619,YUGYAA__ligand3736-0
620,YUGYAA__ligand8000-0
621,YUGYAA__ligand28459-0
622,YUGYAA__ligand18448-0
623,YUGYAA__ligand7291-0
624,YUGYAA__ligand12453-0
625,YUGYAA__ligand9883-0
626,YUGYAA__ligand3677-1
627,YUGYAA__ligand2985-0
628,YUGYAA__ligand4007-0
629,YUGYAA__ligand134-0
630,YUGYAA__ligand9299-0
631,YUGYAA__ligand19184-0
632,YUGYAA__ligand235-0
633,YUGYAA__ligand27669-0
634,YUGYAA__ligand6699-0
635,YUGYAA__ligand30142-0
636,YUGYAA__ligand13477-0
637,YUGYAA__ligand14167-0
638,YUGYAA__ligand421-0
639,YUGYAA__ligand685-0
640,YUGYAA__ligand51-0
641,YUGYAA__ligand3677-0
642,YUGYAA__ligand3632-0
643,YUGYAA__ligand1168-0
644,YUGYAA__ligand1294-0
645,YUGYAA__ligand6892-0
646,YUGYAA__ligand294-0
647,YUGYAA__ligand91-0
648,YUGYAA__ligand1211-0
649,YUGYAA__ligand23197-0
650,YUGYAA__ligand1464-0
651,YUGYAA__ligand3712-0
652,YUGYAA__ligand27285-0
653,YUGYAA__ligand1499-0
654,YUGYAA__ligand29029-0
655,YUGYAA__ligand2881-0
656,YUGYAA__ligand197-0
657,YUGYAA__ligand4358-0
658,YUGYAA__ligand21919-0
659,YUGYAA__ligand3926-0
660,YUGYAA__ligand3120-0
661,YUGYAA__ligand22294-0
662,YUGYAA__ligand28930-0
663,YUGYAA__ligand2221-0
664,YUGYAA__ligand22168-0
665,YUGYAA__ligand11357-0
666,YUGYAA__ligand13862-0
667,YUGYAA__ligand4101-0
668,YUGYAA__ligand15531-0
669,YUGYAA__ligand5595-0
670,YUGYAA__ligand28743-0
671,YUGYAA__ligand10056-0
672,YUGYAA__ligand12365-0
673,YUGYAA__ligand9773-0
674,YUGYAA__ligand19792-0
675,YUGYAA__ligand10828-0
676,YUGYAA__ligand5510-0
677,YUGYAA__ligand15926-0
678,YUGYAA__ligand1376-0
679,YUGYAA__ligand24230-0
680,YUGYAA__ligand28810-0
681,YUGYAA__ligand11096-0
682,YUGYAA__ligand11447-0
683,YUGYAA__ligand15883-0
684,YUGYAA__ligand1296-0
685,YUGYAA__ligand2259-0
686,YUGYAA__ligand11970-0
687,YUGYAA__ligand1197-0
688,YUGYAA__ligand16-0
689,YUGYAA__ligand8592-0
690,YUGYAA__ligand5099-0
691,YUGYAA__ligand868-0
692,YUGYAA__ligand7293-0
693,YUGYAA__ligand2822-0
694,YUGYAA__ligand3867-0
695,YUGYAA__ligand1317-0
696,YUGYAA__ligand16988-0
697,YUGYAA__ligand25913-0
698,YUGYAA__ligand9167-0
699,YUGYAA__ligand32-0
700,YUGYAA__ligand5304-0
701,YUGYAA__ligand20207-0
702,YUGYAA__ligand30711-0
703,YUGYAA__ligand2238-0
704,YUGYAA__ligand11682-0
705,YUGYAA__ligand11994-0
706,YUGYAA__ligand31842-0
707,YUGYAA__ligand31044-0
708,YUGYAA__ligand5080-0
709,YUGYAA__ligand7762-0
710,YUGYAA__ligand24035-0
711,YUGYAA__ligand8002-0
712,YUGYAA__ligand5509-0
713,YUGYAA__ligand352-0
714,YUGYAA__ligand783-0
715,YUGYAA__ligand14614-0
716,YUGYAA__ligand1407-0
717,YUGYAA__ligand6117-0
718,YUGYAA__ligand16663-0
719,YUGYAA__ligand23175-0
720,YUGYAA__ligand177-0
721,YUGYAA__ligand15788-0
722,YUGYAA__ligand17396-0
723,YUGYAA__ligand4807-0
724,YUGYAA__ligand3178-0
725,YUGYAA__ligand13220-0
726,YUGYAA__ligand11587-0
727,YUGYAA__ligand5530-0
728,YUGYAA__ligand1356-0
729,YUGYAA__ligand1787-0
730,YUGYAA__ligand24111-0
731,YUGYAA__ligand9753-0
732,YUGYAA__ligand22444-0
733,YUGYAA__ligand7196-0
734,YUGYAA__ligand13385-0
735,YUGYAA__ligand14569-0
736,YUGYAA__ligand5159-0
737,YUGYAA__ligand2788-0
738,YUGYAA__ligand5649-0
739,YUGYAA__ligand8793-0
740,YUGYAA__ligand4649-0
741,YUGYAA__ligand12001-0
742,YUGYAA__ligand24644-0
743,YUGYAA__ligand10033-0
744,YUGYAA__ligand2906-0
745,YUGYAA__ligand24872-0
746,YUGYAA__ligand3244-0
747,YUGYAA__ligand909-0
748,YUGYAA__ligand4711-0
749,YUGYAA__ligand30728-0
750,YUGYAA__ligand27840-0
751,YUGYAA__ligand7172-0
752,YUGYAA__ligand372-0
753,YUGYAA__ligand7273-0
754,YUGYAA__ligand25561-0
755,YUGYAA__ligand9323-0
756,YUGYAA__ligand830-0
757,YUGYAA__ligand12138-0
758,YUGYAA__ligand24780-0
759,YUGYAA__ligand1116-0
760,YUGYAA__ligand3225-0
761,YUGYAA__ligand1153-0
762,YUGYAA__ligand2260-0
763,YUGYAA__ligand22129-0
764,YUGYAA__ligand7092-0
765,YUGYAA__ligand8612-0
766,YUGYAA__ligand193-0
767,YUGYAA__ligand11949-0
768,YUGYAA__ligand2124-0
769,YUGYAA__ligand17427-0
770,YUGYAA__ligand6017-0
771,YUGYAA__ligand252-0
772,YUGYAA__ligand57-0
773,YUGYAA__ligand7316-0
774,YUGYAA__ligand116-0
775,YUGYAA__ligand5708-0
776,YUGYAA__ligand29486-0
777,YUGYAA__ligand31694-0
778,YUGYAA__ligand5180-0
779,YUGYAA__ligand1604-0
780,YUGYAA__ligand250-0
781,YUGYAA__ligand55-0
782,YUGYAA__ligand9943-0
783,YUGYAA__ligand11618-0
784,YUGYAA__ligand1228-0
785,YUGYAA__ligand2043-0
786,YUGYAA__ligand26529-0
787,YUGYAA__ligand8788-0
788,YUGYAA__ligand1832-0
789,YUGYAA__ligand2417-0
790,YUGYAA__ligand370-0
791,YUGYAA__ligand21729-0
792,YUGYAA__ligand27239-0
793,YUGYAA__ligand14043-0
794,YUGYAA__ligand68-0
795,YUGYAA__ligand3126-0
796,YUGYAA__ligand6391-0
797,YUGYAA__ligand28559-0
798,YUGYAA__ligand9284-0
799,YUGYAA__ligand26324-0
800,YUGYAA__ligand1114-0
801,YUGYAA__ligand19927-0
802,YUGYAA__ligand479-0
803,YUGYAA__ligand21399-0
804,YUGYAA__ligand10872-0
805,YUGYAA__ligand311-0
806,YUGYAA__ligand785-0
807,YUGYAA__ligand12003-0
808,YUGYAA__ligand16148-0
809,YUGYAA__ligand26631-0
810,YUGYAA__ligand1289-0
811,YUGYAA__ligand620-0
812,YUGYAA__ligand370-1
813,YUGYAA__ligand5387-0
814,YUGYAA__ligand2203-0
815,YUGYAA__ligand564-0
816,YUGYAA__ligand29215-0
817,YUGYAA__ligand28540-0
818,YUGYAA__ligand2612-0
819,YUGYAA__ligand11111-0
820,YUGYAA__ligand188-0
821,YUGYAA__ligand16369-0
822,YUGYAA__ligand34-0
823,YUGYAA__ligand1599-0
824,YUGYAA__ligand20695-0
825,YUGYAA__ligand27754-0
826,YUGYAA__ligand9450-0
827,YUGYAA__ligand22403-0
