,TMC
0,JODWII__ligand18019-1
1,JODWII__ligand9520-0
2,JODWII__ligand1160-0
3,JODWII__ligand14007-0
4,JODWII__ligand8699-0
5,JODWII__ligand4093-0
6,JODWII__ligand4442-0
7,JODWII__ligand3954-0
8,JODWII__ligand1451-0
9,JODWII__ligand4272-0
10,JODWII__ligand7629-0
11,JODWII__ligand27550-0
12,JODWII__ligand9784-0
13,JODWII__ligand7238-0
14,JODWII__ligand7280-0
15,JODWII__ligand21339-0
16,JODWII__ligand14226-0
17,JODWII__ligand16956-0
18,JODWII__ligand1790-0
19,JODWII__ligand20942-1
20,JODWII__ligand1304-0
21,JODWII__ligand7867-0
22,JODWII__ligand693-0
23,JODWII__ligand18158-0
24,JODWII__ligand1219-0
25,JODWII__ligand6709-0
26,JODWII__ligand27771-0
27,JODWII__ligand29565-0
28,JODWII__ligand4016-0
29,JODWII__ligand23682-0
30,JODWII__ligand4503-0
31,JODWII__ligand4546-0
32,JODWII__ligand11798-0
33,JODWII__ligand757-0
34,JODWII__ligand29334-0
35,JODWII__ligand12413-0
36,JODWII__ligand20731-0
37,JODWII__ligand122-0
38,JODWII__ligand1285-0
39,JODWII__ligand17445-0
40,JODWII__ligand6768-0
41,JODWII__ligand17069-0
42,JODWII__ligand8115-0
43,JODWII__ligand7000-0
44,JODWII__ligand14477-0
45,JODWII__ligand1982-0
46,JODWII__ligand2176-0
47,JODWII__ligand11501-0
48,JODWII__ligand11544-0
49,JODWII__ligand9291-0
50,JODWII__ligand29214-0
51,JODWII__ligand2232-0
52,JODWII__ligand11758-0
53,JODWII__ligand22357-0
54,JODWII__ligand4157-0
55,JODWII__ligand8876-0
56,JODWII__ligand2828-0
57,JODWII__ligand7648-0
58,JODWII__ligand9833-0
59,JODWII__ligand5256-0
60,JODWII__ligand21448-0
61,JODWII__ligand4720-0
62,JODWII__ligand6839-0
63,JODWII__ligand30004-0
64,JODWII__ligand20557-0
65,JODWII__ligand3174-0
66,JODWII__ligand3937-0
67,JODWII__ligand1202-0
68,JODWII__ligand3131-0
69,JODWII__ligand8969-0
70,JODWII__ligand5211-0
71,JODWII__ligand4155-0
72,JODWII__ligand3094-0
73,JODWII__ligand768-0
74,JODWII__ligand24953-0
75,JODWII__ligand23445-0
76,JODWII__ligand384-0
77,JODWII__ligand6919-0
78,JODWII__ligand20432-0
79,JODWII__ligand27122-0
80,JODWII__ligand13755-0
81,JODWII__ligand16133-0
82,JODWII__ligand2485-0
83,JODWII__ligand3852-0
84,JODWII__ligand5331-0
85,JODWII__ligand1512-0
86,JODWII__ligand3565-0
87,JODWII__ligand25048-0
88,JODWII__ligand21940-0
89,JODWII__ligand1343-0
90,JODWII__ligand3876-0
91,JODWII__ligand3035-0
92,JODWII__ligand6616-0
93,JODWII__ligand3718-0
94,JODWII__ligand11-0
95,JODWII__ligand1844-0
96,JODWII__ligand4661-0
97,JODWII__ligand21752-0
98,JODWII__ligand1959-0
99,JODWII__ligand13691-0
100,JODWII__ligand141-0
101,JODWII__ligand30788-0
102,JODWII__ligand3504-0
103,JODWII__ligand9935-0
104,JODWII__ligand14339-0
105,JODWII__ligand240-0
106,JODWII__ligand1536-0
107,JODWII__ligand1573-0
108,JODWII__ligand9908-0
109,JODWII__ligand1263-0
110,JODWII__ligand24624-0
111,JODWII__ligand18413-0
112,JODWII__ligand20844-0
113,JODWII__ligand7242-0
114,JODWII__ligand24560-0
115,JODWII__ligand18757-0
116,JODWII__ligand69-0
117,JODWII__ligand7106-0
118,JODWII__ligand2295-0
119,JODWII__ligand201-0
120,JODWII__ligand15455-0
121,JODWII__ligand1577-0
122,JODWII__ligand6067-0
123,JODWII__ligand11177-0
124,JODWII__ligand17686-0
125,JODWII__ligand4620-0
126,JODWII__ligand25658-0
127,JODWII__ligand31205-0
128,JODWII__ligand6596-0
129,JODWII__ligand3721-0
130,JODWII__ligand6904-0
131,JODWII__ligand6102-0
132,JODWII__ligand321-0
133,JODWII__ligand16603-0
134,JODWII__ligand3465-0
135,JODWII__ligand11814-0
136,JODWII__ligand11622-0
137,JODWII__ligand178-0
138,JODWII__ligand2917-0
139,JODWII__ligand16870-0
140,JODWII__ligand185-0
141,JODWII__ligand279-0
142,JODWII__ligand7819-0
143,JODWII__ligand20821-0
144,JODWII__ligand49-0
145,JODWII__ligand7126-0
146,JODWII__ligand26673-0
147,JODWII__ligand8835-0
148,JODWII__ligand2028-0
149,JODWII__ligand31000-0
150,JODWII__ligand1142-0
151,JODWII__ligand3234-0
152,JODWII__ligand11606-0
153,JODWII__ligand1-0
154,JODWII__ligand13260-0
155,JODWII__ligand10582-0
156,JODWII__ligand11252-0
157,JODWII__ligand18067-0
158,JODWII__ligand338-0
159,JODWII__ligand19824-0
160,JODWII__ligand89-0
161,JODWII__ligand4641-0
162,JODWII__ligand9952-0
163,JODWII__ligand9111-0
164,JODWII__ligand126-0
165,JODWII__ligand3-0
166,JODWII__ligand163-0
167,JODWII__ligand2526-0
168,JODWII__ligand5036-0
169,JODWII__ligand1615-0
170,JODWII__ligand10151-0
171,JODWII__ligand5643-0
172,JODWII__ligand1823-0
173,JODWII__ligand1324-0
174,JODWII__ligand8721-0
175,JODWII__ligand3707-0
176,JODWII__ligand6124-0
177,JODWII__ligand7967-0
178,JODWII__ligand1018-0
179,JODWII__ligand22353-0
180,JODWII__ligand4116-0
181,JODWII__ligand845-0
182,JODWII__ligand8992-0
183,JODWII__ligand19668-0
184,JODWII__ligand19906-0
185,JODWII__ligand9601-0
186,JODWII__ligand6244-0
187,JODWII__ligand10853-0
188,JODWII__ligand29441-0
189,JODWII__ligand366-0
190,JODWII__ligand11479-0
191,JODWII__ligand1378-0
192,JODWII__ligand27610-0
193,JODWII__ligand10479-0
194,JODWII__ligand11698-0
195,JODWII__ligand20530-0
196,JODWII__ligand3156-0
197,JODWII__ligand2915-0
198,JODWII__ligand14347-0
199,JODWII__ligand13657-0
200,JODWII__ligand187-0
201,JODWII__ligand14302-0
202,JODWII__ligand24851-0
203,JODWII__ligand657-0
204,JODWII__ligand941-0
205,JODWII__ligand596-0
206,JODWII__ligand15387-0
207,JODWII__ligand1631-0
208,JODWII__ligand20121-0
209,JODWII__ligand1530-0
210,JODWII__ligand1575-0
211,JODWII__ligand20220-0
212,JODWII__ligand9933-0
213,JODWII__ligand17-0
214,JODWII__ligand29813-0
215,JODWII__ligand16952-0
216,JODWII__ligand9441-0
217,JODWII__ligand777-0
218,JODWII__ligand2332-0
219,JODWII__ligand17396-0
220,JODWII__ligand4330-0
221,JODWII__ligand15788-0
222,JODWII__ligand2599-0
223,JODWII__ligand23175-0
224,JODWII__ligand199-0
225,JODWII__ligand13220-0
226,JODWII__ligand11587-0
227,JODWII__ligand4-0
228,JODWII__ligand22444-0
229,JODWII__ligand24111-0
230,JODWII__ligand7532-0
231,JODWII__ligand34-0
232,JODWII__ligand14569-0
233,JODWII__ligand13385-0
234,JODWII__ligand4194-0
235,JODWII__ligand12001-0
236,JODWII__ligand300-0
237,JODWII__ligand7925-0
238,JODWII__ligand2068-0
239,JODWII__ligand10033-0
240,JODWII__ligand24644-0
241,JODWII__ligand24872-0
242,JODWII__ligand588-0
243,JODWII__ligand1147-0
244,JODWII__ligand27840-0
245,JODWII__ligand30728-0
246,JODWII__ligand3973-0
247,JODWII__ligand409-0
248,JODWII__ligand25561-0
249,JODWII__ligand68-0
250,JODWII__ligand7107-0
251,JODWII__ligand324-0
252,JODWII__ligand361-0
253,JODWII__ligand22129-0
254,JODWII__ligand24780-0
255,JODWII__ligand12138-0
256,JODWII__ligand3215-0
257,JODWII__ligand11949-0
258,JODWII__ligand4738-0
259,JODWII__ligand5813-0
260,JODWII__ligand4813-0
261,JODWII__ligand17427-0
262,JODWII__ligand6062-0
263,JODWII__ligand29486-0
264,JODWII__ligand6283-0
265,JODWII__ligand55-0
266,JODWII__ligand31694-0
267,JODWII__ligand5316-0
268,JODWII__ligand692-0
269,JODWII__ligand5483-0
270,JODWII__ligand11618-0
271,JODWII__ligand1729-0
272,JODWII__ligand26529-0
273,JODWII__ligand5627-0
274,JODWII__ligand57-0
275,JODWII__ligand2830-0
276,JODWII__ligand436-0
277,JODWII__ligand6946-0
278,JODWII__ligand1415-0
279,JODWII__ligand326-0
280,JODWII__ligand27239-0
281,JODWII__ligand21729-0
282,JODWII__ligand7529-0
283,JODWII__ligand26324-0
284,JODWII__ligand28559-0
285,JODWII__ligand14043-0
286,JODWII__ligand19927-0
287,JODWII__ligand9148-0
288,JODWII__ligand10872-0
289,JODWII__ligand21399-0
290,JODWII__ligand2403-0
291,JODWII__ligand497-0
292,JODWII__ligand16148-0
293,JODWII__ligand26631-0
294,JODWII__ligand12003-0
295,JODWII__ligand3934-0
296,JODWII__ligand6455-0
297,JODWII__ligand6882-0
298,JODWII__ligand29215-0
299,JODWII__ligand633-0
300,JODWII__ligand9681-0
301,JODWII__ligand16369-0
302,JODWII__ligand11111-0
303,JODWII__ligand28540-0
304,JODWII__ligand20695-0
305,JODWII__ligand27754-0
306,JODWII__ligand4332-0
307,JODWII__ligand3012-0
308,JODWII__ligand1449-0
309,JODWII__ligand7530-0
310,JODWII__ligand1065-0
311,JODWII__ligand22403-0
312,JODWII__ligand18568-0
313,JODWII__ligand28685-0
314,JODWII__ligand5849-0
315,JODWII__ligand13672-0
316,JODWII__ligand3392-0
317,JODWII__ligand10371-0
318,JODWII__ligand4911-0
319,JODWII__ligand1771-0
320,JODWII__ligand8349-0
321,JODWII__ligand383-0
322,JODWII__ligand12453-0
323,JODWII__ligand18448-0
324,JODWII__ligand1709-0
325,JODWII__ligand28459-0
326,JODWII__ligand8464-0
327,JODWII__ligand416-0
328,JODWII__ligand32-0
329,JODWII__ligand226-0
330,JODWII__ligand19184-0
331,JODWII__ligand162-0
332,JODWII__ligand2527-0
333,JODWII__ligand1469-0
334,JODWII__ligand16-0
335,JODWII__ligand30142-0
336,JODWII__ligand27669-0
337,JODWII__ligand3871-0
338,JODWII__ligand1768-0
339,JODWII__ligand13477-0
340,JODWII__ligand14167-0
341,JODWII__ligand5056-0
342,JODWII__ligand4850-0
343,JODWII__ligand696-0
344,JODWII__ligand5357-0
345,JODWII__ligand3647-0
346,JODWII__ligand1688-0
347,JODWII__ligand3157-0
348,JODWII__ligand23197-0
349,JODWII__ligand9525-0
350,JODWII__ligand1165-0
351,JODWII__ligand656-0
352,JODWII__ligand5935-0
353,JODWII__ligand2722-0
354,JODWII__ligand29029-0
355,JODWII__ligand1379-0
356,JODWII__ligand27285-0
357,JODWII__ligand21919-0
358,JODWII__ligand22168-0
359,JODWII__ligand28930-0
360,JODWII__ligand5892-0
361,JODWII__ligand5094-0
362,JODWII__ligand22294-0
363,JODWII__ligand28743-0
364,JODWII__ligand15531-0
365,JODWII__ligand11357-0
366,JODWII__ligand13862-0
367,JODWII__ligand91-0
368,JODWII__ligand1712-0
369,JODWII__ligand12365-0
370,JODWII__ligand4131-0
371,JODWII__ligand10056-0
372,JODWII__ligand7557-0
373,JODWII__ligand15926-0
374,JODWII__ligand1496-0
375,JODWII__ligand10828-0
376,JODWII__ligand488-0
377,JODWII__ligand19792-0
378,JODWII__ligand430-0
379,JODWII__ligand11096-0
380,JODWII__ligand11447-0
381,JODWII__ligand28810-0
382,JODWII__ligand51-0
383,JODWII__ligand358-0
384,JODWII__ligand24230-0
385,JODWII__ligand694-0
386,JODWII__ligand15883-0
387,JODWII__ligand1533-0
388,JODWII__ligand11970-0
389,JODWII__ligand8722-0
390,JODWII__ligand1327-0
391,JODWII__ligand9809-0
392,JODWII__ligand6672-0
393,JODWII__ligand25913-0
394,JODWII__ligand16988-0
395,JODWII__ligand2781-0
396,JODWII__ligand7573-0
397,JODWII__ligand3350-0
398,JODWII__ligand3208-0
399,JODWII__ligand2208-0
400,JODWII__ligand11682-0
401,JODWII__ligand30711-0
402,JODWII__ligand20207-0
403,JODWII__ligand31044-0
404,JODWII__ligand31842-0
405,JODWII__ligand571-0
406,JODWII__ligand11994-0
407,JODWII__ligand534-0
408,JODWII__ligand24035-0
409,JODWII__ligand9197-0
410,JODWII__ligand1900-0
411,JODWII__ligand670-0
412,JODWII__ligand4581-0
413,JODWII__ligand1773-0
414,JODWII__ligand14614-0
415,JODWII__ligand2328-0
416,JODWII__ligand48-0
417,JODWII__ligand7162-0
418,JODWII__ligand16663-0
419,JODWII__ligand3029-0
420,JODWII__ligand27763-0
421,JODWII__ligand4340-0
422,JODWII__ligand28676-0
423,JODWII__ligand10262-0
424,JODWII__ligand2650-0
425,JODWII__ligand2281-0
426,JODWII__ligand250-0
427,JODWII__ligand3180-0
428,JODWII__ligand6995-0
429,JODWII__ligand13425-0
430,JODWII__ligand29302-0
431,JODWII__ligand2823-0
432,JODWII__ligand19057-0
433,JODWII__ligand18814-0
434,JODWII__ligand370-0
435,JODWII__ligand14108-0
436,JODWII__ligand4124-0
437,JODWII__ligand4161-0
438,JODWII__ligand3471-0
439,JODWII__ligand10958-0
440,JODWII__ligand5415-0
441,JODWII__ligand12641-0
442,JODWII__ligand25178-0
443,JODWII__ligand785-0
444,JODWII__ligand5201-0
445,JODWII__ligand23769-0
446,JODWII__ligand311-0
447,JODWII__ligand18-0
448,JODWII__ligand479-0
449,JODWII__ligand24185-0
450,JODWII__ligand564-0
451,JODWII__ligand17805-0
452,JODWII__ligand370-1
453,JODWII__ligand8553-0
454,JODWII__ligand620-0
455,JODWII__ligand1113-0
456,JODWII__ligand17302-0
457,JODWII__ligand12231-0
458,JODWII__ligand12130-0
459,JODWII__ligand17387-0
460,JODWII__ligand26702-0
461,JODWII__ligand8593-0
462,JODWII__ligand188-0
463,JODWII__ligand13658-0
464,JODWII__ligand18292-0
465,JODWII__ligand12289-0
466,JODWII__ligand9944-0
467,JODWII__ligand13068-0
468,JODWII__ligand19830-0
469,JODWII__ligand10476-0
470,JODWII__ligand2001-0
471,JODWII__ligand24145-0
472,JODWII__ligand12401-0
473,JODWII__ligand15585-0
474,JODWII__ligand7566-0
475,JODWII__ligand19641-0
476,JODWII__ligand20578-0
477,JODWII__ligand12934-0
478,JODWII__ligand15422-0
479,JODWII__ligand27893-0
480,JODWII__ligand1169-0
481,JODWII__ligand8529-0
482,JODWII__ligand177-0
483,JODWII__ligand14723-0
484,JODWII__ligand30988-0
485,JODWII__ligand23713-0
486,JODWII__ligand27175-0
487,JODWII__ligand18832-0
488,JODWII__ligand26665-0
489,JODWII__ligand13012-0
490,JODWII__ligand17631-0
491,JODWII__ligand17258-0
492,JODWII__ligand1498-0
493,JODWII__ligand14603-0
494,JODWII__ligand14297-0
495,JODWII__ligand4596-0
496,JODWII__ligand1154-0
497,JODWII__ligand909-0
498,JODWII__ligand31783-0
499,JODWII__ligand9615-0
500,JODWII__ligand830-0
501,JODWII__ligand29410-0
502,JODWII__ligand12337-0
503,JODWII__ligand1028-0
504,JODWII__ligand26540-0
505,JODWII__ligand372-0
506,JODWII__ligand17281-0
507,JODWII__ligand4262-0
508,JODWII__ligand30296-0
509,JODWII__ligand193-0
510,JODWII__ligand12606-0
511,JODWII__ligand30333-0
512,JODWII__ligand1618-0
513,JODWII__ligand2692-0
514,JODWII__ligand116-0
515,JODWII__ligand27460-0
516,JODWII__ligand252-0
517,JODWII__ligand16628-0
518,JODWII__ligand2027-0
519,JODWII__ligand20740-0
520,JODWII__ligand28468-0
521,JODWII__ligand1050-0
522,JODWII__ligand12427-0
523,JODWII__ligand1015-0
524,JODWII__ligand22557-0
525,JODWII__ligand1288-0
526,JODWII__ligand10589-0
527,JODWII__ligand24047-0
528,JODWII__ligand11675-0
529,JODWII__ligand20598-0
530,JODWII__ligand17398-0
531,JODWII__ligand197-0
532,JODWII__ligand4266-0
533,JODWII__ligand1400-0
534,JODWII__ligand9491-0
535,JODWII__ligand29414-0
536,JODWII__ligand17982-0
537,JODWII__ligand4167-0
538,JODWII__ligand20011-0
539,JODWII__ligand17278-0
540,JODWII__ligand1779-0
541,JODWII__ligand1817-0
542,JODWII__ligand20251-1
543,JODWII__ligand6993-0
544,JODWII__ligand42-0
545,JODWII__ligand9750-0
546,JODWII__ligand7075-0
547,JODWII__ligand3557-0
548,JODWII__ligand3980-0
549,JODWII__ligand14703-0
550,JODWII__ligand16475-0
551,JODWII__ligand1149-0
552,JODWII__ligand3042-0
553,JODWII__ligand66-0
554,JODWII__ligand17261-0
555,JODWII__ligand14117-0
556,JODWII__ligand868-0
557,JODWII__ligand7438-0
558,JODWII__ligand21581-0
559,JODWII__ligand31097-0
560,JODWII__ligand8200-0
561,JODWII__ligand4063-0
562,JODWII__ligand30702-0
563,JODWII__ligand20214-0
564,JODWII__ligand20251-0
565,JODWII__ligand20539-0
566,JODWII__ligand30851-0
567,JODWII__ligand1539-0
568,JODWII__ligand14889-0
569,JODWII__ligand1150-0
570,JODWII__ligand29568-0
571,JODWII__ligand28789-0
572,JODWII__ligand3416-0
573,JODWII__ligand3453-0
574,JODWII__ligand17118-0
575,JODWII__ligand21371-0
576,JODWII__ligand783-0
577,JODWII__ligand352-0
578,JODWII__ligand20419-0
579,JODWII__ligand4207-0
580,JODWII__ligand5019-0
581,JODWII__ligand13208-0
582,JODWII__ligand3261-0
583,JODWII__ligand1152-0
584,JODWII__ligand27482-0
585,JODWII__ligand26810-0
586,JODWII__ligand560-0
587,JODWII__ligand1216-0
588,JODWII__ligand1849-0
589,JODWII__ligand1831-0
590,JODWII__ligand5614-0
591,JODWII__ligand5280-0
592,JODWII__ligand6663-0
593,JODWII__ligand5515-0
594,JODWII__ligand13390-0
595,JODWII__ligand235-0
596,JODWII__ligand20682-0
597,JODWII__ligand134-0
598,JODWII__ligand1786-0
599,JODWII__ligand11456-0
600,JODWII__ligand421-0
601,JODWII__ligand10712-0
602,JODWII__ligand5630-0
603,JODWII__ligand14174-0
604,JODWII__ligand1908-0
605,JODWII__ligand25411-0
606,JODWII__ligand3285-0
607,JODWII__ligand4795-0
608,JODWII__ligand685-0
609,JODWII__ligand13294-0
610,JODWII__ligand5085-0
611,JODWII__ligand3144-0
612,JODWII__ligand31832-0
613,JODWII__ligand5755-0
614,JODWII__ligand294-0
615,JODWII__ligand4710-0
616,JODWII__ligand8-0
617,JODWII__ligand1828-0
618,JODWII__ligand13331-0
619,JODWII__ligand7213-0
620,JODWII__ligand1397-0
621,JODWII__ligand28884-0
622,JODWII__ligand14248-0
623,JODWII__ligand8042-0
624,JODWII__ligand29879-0
625,JODWII__ligand38-0
626,JODWII__ligand12030-0
627,JODWII__ligand6112-0
628,JODWII__ligand6892-0
629,JODWII__ligand10555-0
630,JODWII__ligand1211-0
631,JODWII__ligand31483-0
632,JODWII__ligand19725-0
633,JODWII__ligand1464-0
634,JODWII__ligand3712-0
635,JODWII__ligand1499-0
636,JODWII__ligand24613-0
637,JODWII__ligand2881-0
638,JODWII__ligand487-0
639,JODWII__ligand14586-0
640,JODWII__ligand11774-0
641,JODWII__ligand746-0
642,JODWII__ligand6699-0
643,JODWII__ligand447-0
644,JODWII__ligand21421-0
645,JODWII__ligand11568-0
646,JODWII__ligand3632-0
647,JODWII__ligand20579-0
648,JODWII__ligand17710-0
649,JODWII__ligand3677-0
650,JODWII__ligand1168-0
651,JODWII__ligand1294-0
652,JODWII__ligand176-0
653,JODWII__ligand17590-0
654,JODWII__ligand7291-0
655,JODWII__ligand3677-1
656,JODWII__ligand9883-0
657,JODWII__ligand17240-0
658,JODWII__ligand4007-0
659,JODWII__ligand18699-0
660,JODWII__ligand12682-0
661,JODWII__ligand152-0
662,JODWII__ligand2985-0
663,JODWII__ligand9299-0
664,JODWII__ligand506-0
665,JODWII__ligand3945-0
666,JODWII__ligand5383-0
667,JODWII__ligand2693-0
668,JODWII__ligand12336-0
669,JODWII__ligand9344-0
670,JODWII__ligand13072-0
671,JODWII__ligand3736-0
672,JODWII__ligand8000-0
673,JODWII__ligand7762-0
674,JODWII__ligand5080-0
675,JODWII__ligand28924-0
676,JODWII__ligand15438-0
677,JODWII__ligand18703-0
678,JODWII__ligand5509-0
679,JODWII__ligand8002-0
680,JODWII__ligand78-0
681,JODWII__ligand1407-0
682,JODWII__ligand6117-0
683,JODWII__ligand29087-0
684,JODWII__ligand833-0
685,JODWII__ligand17207-0
686,JODWII__ligand31578-0
687,JODWII__ligand17945-0
688,JODWII__ligand1317-0
689,JODWII__ligand3867-0
690,JODWII__ligand2822-0
691,JODWII__ligand7293-0
692,JODWII__ligand18013-0
693,JODWII__ligand45-0
694,JODWII__ligand25224-0
695,JODWII__ligand9167-0
696,JODWII__ligand5304-0
697,JODWII__ligand2238-0
698,JODWII__ligand24750-0
699,JODWII__ligand115-0
700,JODWII__ligand368-0
701,JODWII__ligand9773-0
702,JODWII__ligand24-0
703,JODWII__ligand22755-0
704,JODWII__ligand10432-0
705,JODWII__ligand1376-0
706,JODWII__ligand11432-0
707,JODWII__ligand5510-0
708,JODWII__ligand31618-0
709,JODWII__ligand29898-0
710,JODWII__ligand26277-0
711,JODWII__ligand395-0
712,JODWII__ligand1296-0
713,JODWII__ligand2259-0
714,JODWII__ligand1197-0
715,JODWII__ligand5099-0
716,JODWII__ligand8592-0
717,JODWII__ligand4358-0
718,JODWII__ligand23589-0
719,JODWII__ligand3120-0
720,JODWII__ligand3926-0
721,JODWII__ligand24064-0
722,JODWII__ligand2221-0
723,JODWII__ligand5595-0
724,JODWII__ligand4101-0
725,JODWII__ligand15168-0
726,JODWII__ligand784-0
727,JODWII__ligand19-0
728,JODWII__ligand6017-0
729,JODWII__ligand11206-0
730,JODWII__ligand23124-0
731,JODWII__ligand7316-0
732,JODWII__ligand618-0
733,JODWII__ligand5708-0
734,JODWII__ligand25735-0
735,JODWII__ligand12519-0
736,JODWII__ligand391-0
737,JODWII__ligand5180-0
738,JODWII__ligand314-0
739,JODWII__ligand780-0
740,JODWII__ligand7172-0
741,JODWII__ligand31248-0
742,JODWII__ligand813-0
743,JODWII__ligand7273-0
744,JODWII__ligand25650-0
745,JODWII__ligand9323-0
746,JODWII__ligand19257-0
747,JODWII__ligand13209-0
748,JODWII__ligand7092-0
749,JODWII__ligand2260-0
750,JODWII__ligand3225-0
751,JODWII__ligand1153-0
752,JODWII__ligand1116-0
753,JODWII__ligand8612-0
754,JODWII__ligand2124-0
755,JODWII__ligand12660-0
756,JODWII__ligand4649-0
757,JODWII__ligand8793-0
758,JODWII__ligand5649-0
759,JODWII__ligand2788-0
760,JODWII__ligand25575-0
761,JODWII__ligand21787-0
762,JODWII__ligand25689-0
763,JODWII__ligand2906-0
764,JODWII__ligand12295-0
765,JODWII__ligand27835-0
766,JODWII__ligand4711-0
767,JODWII__ligand3244-0
768,JODWII__ligand314-1
769,JODWII__ligand21132-0
770,JODWII__ligand4807-0
771,JODWII__ligand11166-0
772,JODWII__ligand23906-0
773,JODWII__ligand3178-0
774,JODWII__ligand1787-0
775,JODWII__ligand1356-0
776,JODWII__ligand5530-0
777,JODWII__ligand465-0
778,JODWII__ligand9753-0
779,JODWII__ligand30539-0
780,JODWII__ligand7196-0
781,JODWII__ligand5159-0
782,JODWII__ligand2612-0
783,JODWII__ligand686-0
784,JODWII__ligand23904-0
785,JODWII__ligand13257-0
786,JODWII__ligand21936-0
787,JODWII__ligand1599-0
788,JODWII__ligand9450-0
789,JODWII__ligand12467-0
790,JODWII__ligand25267-0
791,JODWII__ligand43-0
792,JODWII__ligand10084-0
793,JODWII__ligand422-0
794,JODWII__ligand14523-0
795,JODWII__ligand27169-0
796,JODWII__ligand18391-0
797,JODWII__ligand22981-0
798,JODWII__ligand1289-0
799,JODWII__ligand25805-0
800,JODWII__ligand2203-0
801,JODWII__ligand5387-0
802,JODWII__ligand20599-0
803,JODWII__ligand27074-0
804,JODWII__ligand196-0
805,JODWII__ligand18465-0
806,JODWII__ligand2417-0
807,JODWII__ligand18799-0
808,JODWII__ligand353-0
809,JODWII__ligand6391-0
810,JODWII__ligand3126-0
811,JODWII__ligand28668-0
812,JODWII__ligand9284-0
813,JODWII__ligand16791-0
814,JODWII__ligand1114-0
815,JODWII__ligand1604-0
816,JODWII__ligand11140-0
817,JODWII__ligand1228-0
818,JODWII__ligand9943-0
819,JODWII__ligand29610-0
820,JODWII__ligand2043-0
821,JODWII__ligand29863-0
822,JODWII__ligand13869-0
823,JODWII__ligand18074-0
824,JODWII__ligand67-0
825,JODWII__ligand1832-0
826,JODWII__ligand8788-0
827,JODWII__ligand393-0
