,TMC
0,ZESJEP__ligand2907-0
1,ZESJEP__ligand669-0
2,ZESJEP__ligand358-0
3,ZESJEP__ligand430-0
4,ZESJEP__ligand1703-0
5,ZESJEP__ligand2430-0
6,ZESJEP__ligand2320-0
7,ZESJEP__ligand365-0
8,ZESJEP__ligand1056-0
9,ZESJEP__ligand2862-0
10,ZESJEP__ligand8921-0
11,ZESJEP__ligand2285-0
12,ZESJEP__ligand1567-0
13,ZESJEP__ligand278-0
14,ZESJEP__ligand2510-0
15,ZESJEP__ligand11-0
16,ZESJEP__ligand1607-0
17,ZESJEP__ligand571-0
18,ZESJEP__ligand670-0
19,ZESJEP__ligand118-0
20,ZESJEP__ligand509-0
21,ZESJEP__ligand1152-0
22,ZESJEP__ligand1727-0
23,ZESJEP__ligand226-0
24,ZESJEP__ligand162-0
25,ZESJEP__ligand383-0
26,ZESJEP__ligand8774-0
27,ZESJEP__ligand3637-0
28,ZESJEP__ligand6294-0
29,ZESJEP__ligand1054-0
30,ZESJEP__ligand1598-0
31,ZESJEP__ligand4303-0
32,ZESJEP__ligand1248-0
33,ZESJEP__ligand7464-0
34,ZESJEP__ligand283-0
35,ZESJEP__ligand553-0
36,ZESJEP__ligand10357-0
37,ZESJEP__ligand326-0
38,ZESJEP__ligand15630-0
39,ZESJEP__ligand2864-0
40,ZESJEP__ligand821-0
41,ZESJEP__ligand6151-0
42,ZESJEP__ligand2772-0
43,ZESJEP__ligand9495-0
44,ZESJEP__ligand436-0
45,ZESJEP__ligand6538-0
46,ZESJEP__ligand206-0
47,ZESJEP__ligand142-0
48,ZESJEP__ligand2142-0
49,ZESJEP__ligand5941-0
50,ZESJEP__ligand2880-0
51,ZESJEP__ligand2838-0
52,ZESJEP__ligand92-0
53,ZESJEP__ligand3838-0
54,ZESJEP__ligand838-0
55,ZESJEP__ligand1799-0
56,ZESJEP__ligand166-0
57,ZESJEP__ligand1169-0
58,ZESJEP__ligand5022-0
59,ZESJEP__ligand532-0
60,ZESJEP__ligand918-0
61,ZESJEP__ligand633-0
62,ZESJEP__ligand497-0
63,ZESJEP__ligand17-0
64,ZESJEP__ligand1502-0
65,ZESJEP__ligand575-0
66,ZESJEP__ligand2345-0
67,ZESJEP__ligand2794-0
68,ZESJEP__ligand1835-0
69,ZESJEP__ligand4983-0
70,ZESJEP__ligand9027-0
71,ZESJEP__ligand199-0
72,ZESJEP__ligand1113-0
73,ZESJEP__ligand2265-0
74,ZESJEP__ligand6396-0
75,ZESJEP__ligand927-0
76,ZESJEP__ligand49-0
77,ZESJEP__ligand105-0
78,ZESJEP__ligand1273-0
79,ZESJEP__ligand140-0
80,ZESJEP__ligand89-0
81,ZESJEP__ligand361-0
82,ZESJEP__ligand1052-0
83,ZESJEP__ligand324-0
84,ZESJEP__ligand409-0
85,ZESJEP__ligand1228-0
86,ZESJEP__ligand9244-0
87,ZESJEP__ligand57-0
88,ZESJEP__ligand1114-0
89,ZESJEP__ligand126-0
90,ZESJEP__ligand1538-0
91,ZESJEP__ligand596-0
92,ZESJEP__ligand3246-0
93,ZESJEP__ligand187-0
94,ZESJEP__ligand1148-0
95,ZESJEP__ligand612-0
96,ZESJEP__ligand1479-0
97,ZESJEP__ligand861-0
98,ZESJEP__ligand73-0
99,ZESJEP__ligand366-0
100,ZESJEP__ligand3178-0
101,ZESJEP__ligand178-0
102,ZESJEP__ligand279-0
103,ZESJEP__ligand6332-0
104,ZESJEP__ligand321-0
105,ZESJEP__ligand6502-0
106,ZESJEP__ligand34-0
107,ZESJEP__ligand2098-0
108,ZESJEP__ligand2863-0
109,ZESJEP__ligand5548-0
110,ZESJEP__ligand7915-0
111,ZESJEP__ligand6686-0
112,ZESJEP__ligand1747-0
113,ZESJEP__ligand244-0
114,ZESJEP__ligand201-0
115,ZESJEP__ligand3145-0
116,ZESJEP__ligand100-0
117,ZESJEP__ligand2751-0
118,ZESJEP__ligand95-0
119,ZESJEP__ligand124-0
120,ZESJEP__ligand2634-0
121,ZESJEP__ligand1542-0
122,ZESJEP__ligand119-0
123,ZESJEP__ligand3041-0
124,ZESJEP__ligand55-0
125,ZESJEP__ligand1951-0
126,ZESJEP__ligand10114-0
127,ZESJEP__ligand1687-0
128,ZESJEP__ligand120-0
129,ZESJEP__ligand384-0
130,ZESJEP__ligand91-0
131,ZESJEP__ligand6277-0
132,ZESJEP__ligand29-0
133,ZESJEP__ligand51-0
134,ZESJEP__ligand2768-0
135,ZESJEP__ligand1376-0
136,ZESJEP__ligand2688-0
137,ZESJEP__ligand2259-0
138,ZESJEP__ligand10479-0
139,ZESJEP__ligand141-0
140,ZESJEP__ligand2629-0
141,ZESJEP__ligand240-0
142,ZESJEP__ligand4381-0
143,ZESJEP__ligand1706-0
144,ZESJEP__ligand48-0
145,ZESJEP__ligand3734-0
146,ZESJEP__ligand1171-0
147,ZESJEP__ligand32-0
148,ZESJEP__ligand14530-0
149,ZESJEP__ligand1438-0
150,ZESJEP__ligand3063-0
151,ZESJEP__ligand5801-0
152,ZESJEP__ligand1459-0
153,ZESJEP__ligand797-0
154,ZESJEP__ligand1544-0
155,ZESJEP__ligand1685-0
156,ZESJEP__ligand10910-0
157,ZESJEP__ligand8-0
158,ZESJEP__ligand1048-0
159,ZESJEP__ligand2087-0
160,ZESJEP__ligand3757-0
161,ZESJEP__ligand757-0
162,ZESJEP__ligand4-0
163,ZESJEP__ligand3196-0
164,ZESJEP__ligand502-0
165,ZESJEP__ligand4012-0
166,ZESJEP__ligand196-0
167,ZESJEP__ligand62-0
168,ZESJEP__ligand422-0
169,ZESJEP__ligand2915-0
170,ZESJEP__ligand113-0
171,ZESJEP__ligand86-0
172,ZESJEP__ligand2707-0
173,ZESJEP__ligand1690-0
174,ZESJEP__ligand236-0
175,ZESJEP__ligand2526-0
176,ZESJEP__ligand1551-0
177,ZESJEP__ligand353-0
178,ZESJEP__ligand4370-0
179,ZESJEP__ligand314-0
180,ZESJEP__ligand481-0
181,ZESJEP__ligand391-0
182,ZESJEP__ligand1436-0
183,ZESJEP__ligand3618-0
184,ZESJEP__ligand2618-0
185,ZESJEP__ligand170-0
186,ZESJEP__ligand18-0
187,ZESJEP__ligand4175-0
188,ZESJEP__ligand2255-0
189,ZESJEP__ligand210-0
190,ZESJEP__ligand1918-0
191,ZESJEP__ligand6-0
192,ZESJEP__ligand3251-0
193,ZESJEP__ligand115-0
194,ZESJEP__ligand5235-0
195,ZESJEP__ligand6143-0
196,ZESJEP__ligand4619-0
197,ZESJEP__ligand1493-0
198,ZESJEP__ligand21-0
199,ZESJEP__ligand3035-0
200,ZESJEP__ligand3070-0
201,ZESJEP__ligand2718-0
202,ZESJEP__ligand9176-0
203,ZESJEP__ligand291-0
204,ZESJEP__ligand485-0
205,ZESJEP__ligand3852-0
206,ZESJEP__ligand40-0
207,ZESJEP__ligand3478-0
208,ZESJEP__ligand355-0
209,ZESJEP__ligand784-0
210,ZESJEP__ligand5758-0
211,ZESJEP__ligand7456-0
212,ZESJEP__ligand38-0
213,ZESJEP__ligand1818-0
214,ZESJEP__ligand1907-0
215,ZESJEP__ligand133-0
216,ZESJEP__ligand4423-0
217,ZESJEP__ligand3890-0
218,ZESJEP__ligand447-0
219,ZESJEP__ligand487-0
220,ZESJEP__ligand7630-0
221,ZESJEP__ligand1555-0
222,ZESJEP__ligand666-0
223,ZESJEP__ligand522-0
224,ZESJEP__ligand1285-0
225,ZESJEP__ligand66-0
226,ZESJEP__ligand7550-0
227,ZESJEP__ligand5093-0
228,ZESJEP__ligand2954-0
229,ZESJEP__ligand2253-0
230,ZESJEP__ligand1160-0
231,ZESJEP__ligand682-0
232,ZESJEP__ligand1038-0
233,ZESJEP__ligand2762-0
234,ZESJEP__ligand235-0
235,ZESJEP__ligand932-0
236,ZESJEP__ligand134-0
237,ZESJEP__ligand390-0
238,ZESJEP__ligand11730-0
239,ZESJEP__ligand8032-0
240,ZESJEP__ligand85-0
241,ZESJEP__ligand78-0
242,ZESJEP__ligand1858-0
243,ZESJEP__ligand45-0
244,ZESJEP__ligand2315-0
245,ZESJEP__ligand1898-0
246,ZESJEP__ligand3051-0
247,ZESJEP__ligand4504-0
248,ZESJEP__ligand2480-0
249,ZESJEP__ligand5334-0
250,ZESJEP__ligand109-0
251,ZESJEP__ligand560-0
252,ZESJEP__ligand525-0
253,ZESJEP__ligand2389-0
254,ZESJEP__ligand331-0
255,ZESJEP__ligand1919-0
256,ZESJEP__ligand993-0
257,ZESJEP__ligand294-0
258,ZESJEP__ligand2110-0
259,ZESJEP__ligand2916-0
260,ZESJEP__ligand584-0
261,ZESJEP__ligand916-0
262,ZESJEP__ligand3579-0
263,ZESJEP__ligand798-0
264,ZESJEP__ligand421-0
265,ZESJEP__ligand1712-0
266,ZESJEP__ligand1299-0
267,ZESJEP__ligand6430-0
268,ZESJEP__ligand1264-0
269,ZESJEP__ligand1221-0
270,ZESJEP__ligand112-0
271,ZESJEP__ligand1379-0
272,ZESJEP__ligand2376-0
273,ZESJEP__ligand296-0
274,ZESJEP__ligand2929-0
275,ZESJEP__ligand197-0
276,ZESJEP__ligand1325-0
277,ZESJEP__ligand2482-0
278,ZESJEP__ligand352-0
279,ZESJEP__ligand6571-0
280,ZESJEP__ligand783-0
281,ZESJEP__ligand136-0
282,ZESJEP__ligand5762-0
283,ZESJEP__ligand7414-0
284,ZESJEP__ligand1104-0
285,ZESJEP__ligand1019-0
286,ZESJEP__ligand2442-0
287,ZESJEP__ligand442-0
288,ZESJEP__ligand868-0
289,ZESJEP__ligand909-0
290,ZESJEP__ligand1178-0
291,ZESJEP__ligand3566-0
292,ZESJEP__ligand1321-0
293,ZESJEP__ligand851-0
294,ZESJEP__ligand1788-0
295,ZESJEP__ligand177-0
296,ZESJEP__ligand934-0
297,ZESJEP__ligand9620-0
298,ZESJEP__ligand1260-0
299,ZESJEP__ligand4894-0
300,ZESJEP__ligand955-0
301,ZESJEP__ligand252-0
302,ZESJEP__ligand1449-1
303,ZESJEP__ligand193-0
304,ZESJEP__ligand4811-0
305,ZESJEP__ligand1-0
306,ZESJEP__ligand830-0
307,ZESJEP__ligand67-0
308,ZESJEP__ligand3337-0
309,ZESJEP__ligand7514-0
310,ZESJEP__ligand3-0
311,ZESJEP__ligand370-0
312,ZESJEP__ligand1307-0
313,ZESJEP__ligand460-0
314,ZESJEP__ligand250-0
315,ZESJEP__ligand444-0
316,ZESJEP__ligand369-0
317,ZESJEP__ligand6166-0
318,ZESJEP__ligand1246-0
319,ZESJEP__ligand188-0
320,ZESJEP__ligand2599-0
321,ZESJEP__ligand5089-0
322,ZESJEP__ligand3853-0
323,ZESJEP__ligand2853-0
324,ZESJEP__ligand311-0
