,TMC
0,DOPXIR__ligand12289-0
1,DOPXIR__ligand18292-0
2,DOPXIR__ligand13658-0
3,DOPXIR__ligand26702-0
4,DOPXIR__ligand17387-0
5,DOPXIR__ligand12130-0
6,DOPXIR__ligand2208-0
7,DOPXIR__ligand3208-0
8,DOPXIR__ligand294-0
9,DOPXIR__ligand12231-0
10,DOPXIR__ligand3350-0
11,DOPXIR__ligand15585-0
12,DOPXIR__ligand2781-0
13,DOPXIR__ligand7573-0
14,DOPXIR__ligand12401-0
15,DOPXIR__ligand24145-0
16,DOPXIR__ligand1327-0
17,DOPXIR__ligand6672-0
18,DOPXIR__ligand9809-0
19,DOPXIR__ligand10476-0
20,DOPXIR__ligand8722-0
21,DOPXIR__ligand19830-0
22,DOPXIR__ligand13068-0
23,DOPXIR__ligand24185-0
24,DOPXIR__ligand3029-0
25,DOPXIR__ligand7162-0
26,DOPXIR__ligand421-0
27,DOPXIR__ligand23769-0
28,DOPXIR__ligand2328-0
29,DOPXIR__ligand25178-0
30,DOPXIR__ligand4581-0
31,DOPXIR__ligand1773-0
32,DOPXIR__ligand17302-0
33,DOPXIR__ligand1900-0
34,DOPXIR__ligand9197-0
35,DOPXIR__ligand17805-0
36,DOPXIR__ligand685-0
37,DOPXIR__ligand18-0
38,DOPXIR__ligand1712-0
39,DOPXIR__ligand4131-0
40,DOPXIR__ligand14108-0
41,DOPXIR__ligand5892-0
42,DOPXIR__ligand5094-0
43,DOPXIR__ligand3-0
44,DOPXIR__ligand12641-0
45,DOPXIR__ligand235-0
46,DOPXIR__ligand10958-0
47,DOPXIR__ligand134-0
48,DOPXIR__ligand560-0
49,DOPXIR__ligand1533-0
50,DOPXIR__ligand10262-0
51,DOPXIR__ligand28676-0
52,DOPXIR__ligand27763-0
53,DOPXIR__ligand18814-0
54,DOPXIR__ligand19057-0
55,DOPXIR__ligand1496-0
56,DOPXIR__ligand29302-0
57,DOPXIR__ligand13425-0
58,DOPXIR__ligand7557-0
59,DOPXIR__ligand1688-0
60,DOPXIR__ligand3647-0
61,DOPXIR__ligand5357-0
62,DOPXIR__ligand27460-0
63,DOPXIR__ligand4850-0
64,DOPXIR__ligand5056-0
65,DOPXIR__ligand12427-0
66,DOPXIR__ligand28468-0
67,DOPXIR__ligand20740-0
68,DOPXIR__ligand1768-0
69,DOPXIR__ligand3871-0
70,DOPXIR__ligand352-0
71,DOPXIR__ligand783-0
72,DOPXIR__ligand1469-0
73,DOPXIR__ligand16628-0
74,DOPXIR__ligand1379-0
75,DOPXIR__ligand30296-0
76,DOPXIR__ligand17281-0
77,DOPXIR__ligand2722-0
78,DOPXIR__ligand868-0
79,DOPXIR__ligand26540-0
80,DOPXIR__ligand5935-0
81,DOPXIR__ligand12337-0
82,DOPXIR__ligand29410-0
83,DOPXIR__ligand1165-0
84,DOPXIR__ligand9525-0
85,DOPXIR__ligand30333-0
86,DOPXIR__ligand12606-0
87,DOPXIR__ligand1-0
88,DOPXIR__ligand3157-0
89,DOPXIR__ligand14297-0
90,DOPXIR__ligand4911-0
91,DOPXIR__ligand1771-0
92,DOPXIR__ligand14603-0
93,DOPXIR__ligand17258-0
94,DOPXIR__ligand17631-0
95,DOPXIR__ligand3392-0
96,DOPXIR__ligand13012-0
97,DOPXIR__ligand26665-0
98,DOPXIR__ligand31783-0
99,DOPXIR__ligand5849-0
100,DOPXIR__ligand14723-0
101,DOPXIR__ligand2527-0
102,DOPXIR__ligand27893-0
103,DOPXIR__ligand197-0
104,DOPXIR__ligand15422-0
105,DOPXIR__ligand20578-0
106,DOPXIR__ligand12934-0
107,DOPXIR__ligand19641-0
108,DOPXIR__ligand18832-0
109,DOPXIR__ligand27175-0
110,DOPXIR__ligand23713-0
111,DOPXIR__ligand8464-0
112,DOPXIR__ligand1709-0
113,DOPXIR__ligand8349-0
114,DOPXIR__ligand30988-0
115,DOPXIR__ligand29568-0
116,DOPXIR__ligand6455-0
117,DOPXIR__ligand6882-0
118,DOPXIR__ligand116-0
119,DOPXIR__ligand14889-0
120,DOPXIR__ligand30851-0
121,DOPXIR__ligand252-0
122,DOPXIR__ligand3934-0
123,DOPXIR__ligand20419-0
124,DOPXIR__ligand21371-0
125,DOPXIR__ligand17118-0
126,DOPXIR__ligand2403-0
127,DOPXIR__ligand28789-0
128,DOPXIR__ligand42-0
129,DOPXIR__ligand14117-0
130,DOPXIR__ligand830-0
131,DOPXIR__ligand1065-0
132,DOPXIR__ligand7530-0
133,DOPXIR__ligand17261-0
134,DOPXIR__ligand1449-0
135,DOPXIR__ligand372-0
136,DOPXIR__ligand3012-0
137,DOPXIR__ligand4332-0
138,DOPXIR__ligand193-0
139,DOPXIR__ligand20539-0
140,DOPXIR__ligand20251-0
141,DOPXIR__ligand30702-0
142,DOPXIR__ligand20214-0
143,DOPXIR__ligand21581-0
144,DOPXIR__ligand31097-0
145,DOPXIR__ligand9681-0
146,DOPXIR__ligand2830-0
147,DOPXIR__ligand20251-1
148,DOPXIR__ligand5627-0
149,DOPXIR__ligand66-0
150,DOPXIR__ligand1729-0
151,DOPXIR__ligand909-0
152,DOPXIR__ligand14703-0
153,DOPXIR__ligand16475-0
154,DOPXIR__ligand5483-0
155,DOPXIR__ligand5316-0
156,DOPXIR__ligand9148-0
157,DOPXIR__ligand17398-0
158,DOPXIR__ligand20598-0
159,DOPXIR__ligand11675-0
160,DOPXIR__ligand177-0
161,DOPXIR__ligand24047-0
162,DOPXIR__ligand10589-0
163,DOPXIR__ligand22557-0
164,DOPXIR__ligand20011-0
165,DOPXIR__ligand17278-0
166,DOPXIR__ligand7529-0
167,DOPXIR__ligand17982-0
168,DOPXIR__ligand29414-0
169,DOPXIR__ligand1415-0
170,DOPXIR__ligand6946-0
171,DOPXIR__ligand3215-0
172,DOPXIR__ligand31832-0
173,DOPXIR__ligand188-0
174,DOPXIR__ligand13294-0
175,DOPXIR__ligand7107-0
176,DOPXIR__ligand12030-0
177,DOPXIR__ligand29879-0
178,DOPXIR__ligand14248-0
179,DOPXIR__ligand28884-0
180,DOPXIR__ligand13331-0
181,DOPXIR__ligand14174-0
182,DOPXIR__ligand10712-0
183,DOPXIR__ligand479-0
184,DOPXIR__ligand311-0
185,DOPXIR__ligand11456-0
186,DOPXIR__ligand785-0
187,DOPXIR__ligand6283-0
188,DOPXIR__ligand564-0
189,DOPXIR__ligand6062-0
190,DOPXIR__ligand25411-0
191,DOPXIR__ligand620-0
192,DOPXIR__ligand4813-0
193,DOPXIR__ligand5813-0
194,DOPXIR__ligand4738-0
195,DOPXIR__ligand370-1
196,DOPXIR__ligand13390-0
197,DOPXIR__ligand4194-0
198,DOPXIR__ligand370-0
199,DOPXIR__ligand7532-0
200,DOPXIR__ligand2599-0
201,DOPXIR__ligand20682-0
202,DOPXIR__ligand4330-0
203,DOPXIR__ligand250-0
204,DOPXIR__ligand3973-0
205,DOPXIR__ligand26810-0
206,DOPXIR__ligand27482-0
207,DOPXIR__ligand1147-0
208,DOPXIR__ligand13208-0
209,DOPXIR__ligand38-0
210,DOPXIR__ligand2068-0
211,DOPXIR__ligand7925-0
212,DOPXIR__ligand2915-0
213,DOPXIR__ligand3156-0
214,DOPXIR__ligand1378-0
215,DOPXIR__ligand13072-0
216,DOPXIR__ligand12336-0
217,DOPXIR__ligand393-0
218,DOPXIR__ligand6244-0
219,DOPXIR__ligand17240-0
220,DOPXIR__ligand2332-0
221,DOPXIR__ligand9441-0
222,DOPXIR__ligand353-0
223,DOPXIR__ligand17590-0
224,DOPXIR__ligand9933-0
225,DOPXIR__ligand1530-0
226,DOPXIR__ligand1575-0
227,DOPXIR__ligand1631-0
228,DOPXIR__ligand12682-0
229,DOPXIR__ligand18699-0
230,DOPXIR__ligand8721-0
231,DOPXIR__ligand21421-0
232,DOPXIR__ligand1324-0
233,DOPXIR__ligand1823-0
234,DOPXIR__ligand11774-0
235,DOPXIR__ligand14586-0
236,DOPXIR__ligand5643-0
237,DOPXIR__ligand1615-0
238,DOPXIR__ligand5036-0
239,DOPXIR__ligand2526-0
240,DOPXIR__ligand196-0
241,DOPXIR__ligand20579-0
242,DOPXIR__ligand17710-0
243,DOPXIR__ligand11568-0
244,DOPXIR__ligand9111-0
245,DOPXIR__ligand9952-0
246,DOPXIR__ligand9601-0
247,DOPXIR__ligand31483-0
248,DOPXIR__ligand10555-0
249,DOPXIR__ligand686-0
250,DOPXIR__ligand8992-0
251,DOPXIR__ligand4116-0
252,DOPXIR__ligand24613-0
253,DOPXIR__ligand1018-0
254,DOPXIR__ligand7967-0
255,DOPXIR__ligand3707-0
256,DOPXIR__ligand6124-0
257,DOPXIR__ligand422-0
258,DOPXIR__ligand19725-0
259,DOPXIR__ligand3234-0
260,DOPXIR__ligand1142-0
261,DOPXIR__ligand24064-0
262,DOPXIR__ligand23589-0
263,DOPXIR__ligand2028-0
264,DOPXIR__ligand8835-0
265,DOPXIR__ligand7126-0
266,DOPXIR__ligand465-0
267,DOPXIR__ligand15168-0
268,DOPXIR__ligand78-0
269,DOPXIR__ligand4641-0
270,DOPXIR__ligand45-0
271,DOPXIR__ligand26277-0
272,DOPXIR__ligand29898-0
273,DOPXIR__ligand31618-0
274,DOPXIR__ligand11432-0
275,DOPXIR__ligand10432-0
276,DOPXIR__ligand22755-0
277,DOPXIR__ligand314-1
278,DOPXIR__ligand25224-0
279,DOPXIR__ligand18013-0
280,DOPXIR__ligand780-0
281,DOPXIR__ligand314-0
282,DOPXIR__ligand17945-0
283,DOPXIR__ligand24-0
284,DOPXIR__ligand813-0
285,DOPXIR__ligand4620-0
286,DOPXIR__ligand31578-0
287,DOPXIR__ligand17207-0
288,DOPXIR__ligand24750-0
289,DOPXIR__ligand6067-0
290,DOPXIR__ligand1577-0
291,DOPXIR__ligand2295-0
292,DOPXIR__ligand7819-0
293,DOPXIR__ligand15438-0
294,DOPXIR__ligand28924-0
295,DOPXIR__ligand2917-0
296,DOPXIR__ligand618-0
297,DOPXIR__ligand19-0
298,DOPXIR__ligand391-0
299,DOPXIR__ligand3465-0
300,DOPXIR__ligand29087-0
301,DOPXIR__ligand6904-0
302,DOPXIR__ligand3721-0
303,DOPXIR__ligand6596-0
304,DOPXIR__ligand6102-0
305,DOPXIR__ligand18703-0
306,DOPXIR__ligand1536-0
307,DOPXIR__ligand1573-0
308,DOPXIR__ligand9935-0
309,DOPXIR__ligand23906-0
310,DOPXIR__ligand11166-0
311,DOPXIR__ligand3504-0
312,DOPXIR__ligand21132-0
313,DOPXIR__ligand1959-0
314,DOPXIR__ligand4661-0
315,DOPXIR__ligand1844-0
316,DOPXIR__ligand30539-0
317,DOPXIR__ligand3718-0
318,DOPXIR__ligand3035-0
319,DOPXIR__ligand3876-0
320,DOPXIR__ligand1343-0
321,DOPXIR__ligand784-0
322,DOPXIR__ligand6616-0
323,DOPXIR__ligand25689-0
324,DOPXIR__ligand7106-0
325,DOPXIR__ligand21787-0
326,DOPXIR__ligand368-0
327,DOPXIR__ligand25575-0
328,DOPXIR__ligand7242-0
329,DOPXIR__ligand395-0
330,DOPXIR__ligand27835-0
331,DOPXIR__ligand12295-0
332,DOPXIR__ligand1263-0
333,DOPXIR__ligand9908-0
334,DOPXIR__ligand25650-0
335,DOPXIR__ligand3094-0
336,DOPXIR__ligand31248-0
337,DOPXIR__ligand4155-0
338,DOPXIR__ligand5211-0
339,DOPXIR__ligand8969-0
340,DOPXIR__ligand12660-0
341,DOPXIR__ligand1202-0
342,DOPXIR__ligand3937-0
343,DOPXIR__ligand3174-0
344,DOPXIR__ligand3131-0
345,DOPXIR__ligand6839-0
346,DOPXIR__ligand115-0
347,DOPXIR__ligand4720-0
348,DOPXIR__ligand13209-0
349,DOPXIR__ligand19257-0
350,DOPXIR__ligand12519-0
351,DOPXIR__ligand25735-0
352,DOPXIR__ligand3565-0
353,DOPXIR__ligand23124-0
354,DOPXIR__ligand11206-0
355,DOPXIR__ligand1512-0
356,DOPXIR__ligand5331-0
357,DOPXIR__ligand3852-0
358,DOPXIR__ligand2485-0
359,DOPXIR__ligand6919-0
360,DOPXIR__ligand833-0
361,DOPXIR__ligand506-0
362,DOPXIR__ligand1982-0
363,DOPXIR__ligand29610-0
364,DOPXIR__ligand7000-0
365,DOPXIR__ligand8115-0
366,DOPXIR__ligand6768-0
367,DOPXIR__ligand1285-0
368,DOPXIR__ligand11140-0
369,DOPXIR__ligand43-0
370,DOPXIR__ligand18074-0
371,DOPXIR__ligand13869-0
372,DOPXIR__ligand4503-0
373,DOPXIR__ligand29863-0
374,DOPXIR__ligand4546-0
375,DOPXIR__ligand5256-0
376,DOPXIR__ligand9833-0
377,DOPXIR__ligand2828-0
378,DOPXIR__ligand8876-0
379,DOPXIR__ligand7648-0
380,DOPXIR__ligand18799-0
381,DOPXIR__ligand4157-0
382,DOPXIR__ligand18465-0
383,DOPXIR__ligand2232-0
384,DOPXIR__ligand16791-0
385,DOPXIR__ligand152-0
386,DOPXIR__ligand9291-0
387,DOPXIR__ligand28668-0
388,DOPXIR__ligand2176-0
389,DOPXIR__ligand9784-0
390,DOPXIR__ligand746-0
391,DOPXIR__ligand7629-0
392,DOPXIR__ligand18391-0
393,DOPXIR__ligand27169-0
394,DOPXIR__ligand1451-0
395,DOPXIR__ligand14523-0
396,DOPXIR__ligand447-0
397,DOPXIR__ligand4272-0
398,DOPXIR__ligand4-0
399,DOPXIR__ligand4442-0
400,DOPXIR__ligand4093-0
401,DOPXIR__ligand3954-0
402,DOPXIR__ligand27074-0
403,DOPXIR__ligand20599-0
404,DOPXIR__ligand8699-0
405,DOPXIR__ligand176-0
406,DOPXIR__ligand1160-0
407,DOPXIR__ligand9520-0
408,DOPXIR__ligand25805-0
409,DOPXIR__ligand22981-0
410,DOPXIR__ligand21936-0
411,DOPXIR__ligand13257-0
412,DOPXIR__ligand4016-0
413,DOPXIR__ligand23904-0
414,DOPXIR__ligand6709-0
415,DOPXIR__ligand1219-0
416,DOPXIR__ligand7867-0
417,DOPXIR__ligand1790-0
418,DOPXIR__ligand1304-0
419,DOPXIR__ligand10084-0
420,DOPXIR__ligand7280-0
421,DOPXIR__ligand25267-0
422,DOPXIR__ligand487-0
423,DOPXIR__ligand12467-0
424,DOPXIR__ligand67-0
425,DOPXIR__ligand7238-0
426,DOPXIR__ligand596-0
427,DOPXIR__ligand29214-0
428,DOPXIR__ligand941-0
429,DOPXIR__ligand1114-0
430,DOPXIR__ligand9284-0
431,DOPXIR__ligand3126-0
432,DOPXIR__ligand11544-0
433,DOPXIR__ligand6391-0
434,DOPXIR__ligand11501-0
435,DOPXIR__ligand21448-0
436,DOPXIR__ligand777-0
437,DOPXIR__ligand2417-0
438,DOPXIR__ligand22357-0
439,DOPXIR__ligand11758-0
440,DOPXIR__ligand20731-0
441,DOPXIR__ligand12413-0
442,DOPXIR__ligand8788-0
443,DOPXIR__ligand29334-0
444,DOPXIR__ligand1832-0
445,DOPXIR__ligand11798-0
446,DOPXIR__ligand2043-0
447,DOPXIR__ligand366-0
448,DOPXIR__ligand187-0
449,DOPXIR__ligand14477-0
450,DOPXIR__ligand9943-0
451,DOPXIR__ligand1228-0
452,DOPXIR__ligand8-0
453,DOPXIR__ligand17069-0
454,DOPXIR__ligand17445-0
455,DOPXIR__ligand657-0
456,DOPXIR__ligand1604-0
457,DOPXIR__ligand20942-1
458,DOPXIR__ligand16956-0
459,DOPXIR__ligand21339-0
460,DOPXIR__ligand14226-0
461,DOPXIR__ligand845-0
462,DOPXIR__ligand9450-0
463,DOPXIR__ligand1599-0
464,DOPXIR__ligand23682-0
465,DOPXIR__ligand29565-0
466,DOPXIR__ligand27771-0
467,DOPXIR__ligand18158-0
468,DOPXIR__ligand2612-0
469,DOPXIR__ligand163-0
470,DOPXIR__ligand14007-0
471,DOPXIR__ligand126-0
472,DOPXIR__ligand2203-0
473,DOPXIR__ligand5387-0
474,DOPXIR__ligand18019-1
475,DOPXIR__ligand1289-0
476,DOPXIR__ligand27550-0
477,DOPXIR__ligand4711-0
478,DOPXIR__ligand3244-0
479,DOPXIR__ligand2906-0
480,DOPXIR__ligand18757-0
481,DOPXIR__ligand24560-0
482,DOPXIR__ligand338-0
483,DOPXIR__ligand8793-0
484,DOPXIR__ligand20844-0
485,DOPXIR__ligand2788-0
486,DOPXIR__ligand18413-0
487,DOPXIR__ligand5649-0
488,DOPXIR__ligand4649-0
489,DOPXIR__ligand24624-0
490,DOPXIR__ligand21752-0
491,DOPXIR__ligand5159-0
492,DOPXIR__ligand7196-0
493,DOPXIR__ligand9753-0
494,DOPXIR__ligand5530-0
495,DOPXIR__ligand1356-0
496,DOPXIR__ligand1787-0
497,DOPXIR__ligand3178-0
498,DOPXIR__ligand14339-0
499,DOPXIR__ligand30788-0
500,DOPXIR__ligand13691-0
501,DOPXIR__ligand4807-0
502,DOPXIR__ligand5180-0
503,DOPXIR__ligand16133-0
504,DOPXIR__ligand13755-0
505,DOPXIR__ligand321-0
506,DOPXIR__ligand20432-0
507,DOPXIR__ligand27122-0
508,DOPXIR__ligand23445-0
509,DOPXIR__ligand24953-0
510,DOPXIR__ligand11-0
511,DOPXIR__ligand21940-0
512,DOPXIR__ligand178-0
513,DOPXIR__ligand5708-0
514,DOPXIR__ligand25048-0
515,DOPXIR__ligand7316-0
516,DOPXIR__ligand279-0
517,DOPXIR__ligand185-0
518,DOPXIR__ligand6017-0
519,DOPXIR__ligand201-0
520,DOPXIR__ligand2124-0
521,DOPXIR__ligand20557-0
522,DOPXIR__ligand8612-0
523,DOPXIR__ligand30004-0
524,DOPXIR__ligand1153-0
525,DOPXIR__ligand3225-0
526,DOPXIR__ligand1116-0
527,DOPXIR__ligand7092-0
528,DOPXIR__ligand2260-0
529,DOPXIR__ligand9323-0
530,DOPXIR__ligand69-0
531,DOPXIR__ligand7273-0
532,DOPXIR__ligand7172-0
533,DOPXIR__ligand5099-0
534,DOPXIR__ligand8592-0
535,DOPXIR__ligand11252-0
536,DOPXIR__ligand1197-0
537,DOPXIR__ligand2259-0
538,DOPXIR__ligand10582-0
539,DOPXIR__ligand1296-0
540,DOPXIR__ligand13260-0
541,DOPXIR__ligand5510-0
542,DOPXIR__ligand1376-0
543,DOPXIR__ligand19824-0
544,DOPXIR__ligand9773-0
545,DOPXIR__ligand18067-0
546,DOPXIR__ligand26673-0
547,DOPXIR__ligand20821-0
548,DOPXIR__ligand4101-0
549,DOPXIR__ligand5595-0
550,DOPXIR__ligand141-0
551,DOPXIR__ligand11606-0
552,DOPXIR__ligand2221-0
553,DOPXIR__ligand240-0
554,DOPXIR__ligand3120-0
555,DOPXIR__ligand3926-0
556,DOPXIR__ligand4358-0
557,DOPXIR__ligand31000-0
558,DOPXIR__ligand384-0
559,DOPXIR__ligand11814-0
560,DOPXIR__ligand49-0
561,DOPXIR__ligand6117-0
562,DOPXIR__ligand16603-0
563,DOPXIR__ligand1407-0
564,DOPXIR__ligand5509-0
565,DOPXIR__ligand8002-0
566,DOPXIR__ligand16870-0
567,DOPXIR__ligand7762-0
568,DOPXIR__ligand5080-0
569,DOPXIR__ligand11622-0
570,DOPXIR__ligand11177-0
571,DOPXIR__ligand2238-0
572,DOPXIR__ligand5304-0
573,DOPXIR__ligand15455-0
574,DOPXIR__ligand9167-0
575,DOPXIR__ligand2822-0
576,DOPXIR__ligand89-0
577,DOPXIR__ligand7293-0
578,DOPXIR__ligand1317-0
579,DOPXIR__ligand3867-0
580,DOPXIR__ligand768-0
581,DOPXIR__ligand31205-0
582,DOPXIR__ligand25658-0
583,DOPXIR__ligand17686-0
584,DOPXIR__ligand20220-0
585,DOPXIR__ligand9299-0
586,DOPXIR__ligand20121-0
587,DOPXIR__ligand2985-0
588,DOPXIR__ligand15387-0
589,DOPXIR__ligand4007-0
590,DOPXIR__ligand9883-0
591,DOPXIR__ligand3677-1
592,DOPXIR__ligand7291-0
593,DOPXIR__ligand16952-0
594,DOPXIR__ligand29813-0
595,DOPXIR__ligand27610-0
596,DOPXIR__ligand10479-0
597,DOPXIR__ligand8000-0
598,DOPXIR__ligand11479-0
599,DOPXIR__ligand3736-0
600,DOPXIR__ligand9344-0
601,DOPXIR__ligand29441-0
602,DOPXIR__ligand757-0
603,DOPXIR__ligand10853-0
604,DOPXIR__ligand122-0
605,DOPXIR__ligand2693-0
606,DOPXIR__ligand5383-0
607,DOPXIR__ligand24851-0
608,DOPXIR__ligand14302-0
609,DOPXIR__ligand3945-0
610,DOPXIR__ligand14347-0
611,DOPXIR__ligand13657-0
612,DOPXIR__ligand20530-0
613,DOPXIR__ligand11698-0
614,DOPXIR__ligand2881-0
615,DOPXIR__ligand22353-0
616,DOPXIR__ligand1499-0
617,DOPXIR__ligand3712-0
618,DOPXIR__ligand1464-0
619,DOPXIR__ligand19906-0
620,DOPXIR__ligand19668-0
621,DOPXIR__ligand693-0
622,DOPXIR__ligand1211-0
623,DOPXIR__ligand6892-0
624,DOPXIR__ligand10151-0
625,DOPXIR__ligand1294-0
626,DOPXIR__ligand1168-0
627,DOPXIR__ligand3632-0
628,DOPXIR__ligand3677-0
629,DOPXIR__ligand6699-0
630,DOPXIR__ligand17-0
631,DOPXIR__ligand534-0
632,DOPXIR__ligand4795-0
633,DOPXIR__ligand3285-0
634,DOPXIR__ligand571-0
635,DOPXIR__ligand17427-0
636,DOPXIR__ligand670-0
637,DOPXIR__ligand1908-0
638,DOPXIR__ligand31694-0
639,DOPXIR__ligand34-0
640,DOPXIR__ligand5630-0
641,DOPXIR__ligand1786-0
642,DOPXIR__ligand29486-0
643,DOPXIR__ligand6112-0
644,DOPXIR__ligand25561-0
645,DOPXIR__ligand8042-0
646,DOPXIR__ligand1397-0
647,DOPXIR__ligand7213-0
648,DOPXIR__ligand1828-0
649,DOPXIR__ligand11949-0
650,DOPXIR__ligand4710-0
651,DOPXIR__ligand5755-0
652,DOPXIR__ligand12138-0
653,DOPXIR__ligand24780-0
654,DOPXIR__ligand3144-0
655,DOPXIR__ligand5085-0
656,DOPXIR__ligand22129-0
657,DOPXIR__ligand1849-0
658,DOPXIR__ligand24644-0
659,DOPXIR__ligand488-0
660,DOPXIR__ligand10033-0
661,DOPXIR__ligand68-0
662,DOPXIR__ligand358-0
663,DOPXIR__ligand430-0
664,DOPXIR__ligand12001-0
665,DOPXIR__ligand1216-0
666,DOPXIR__ligand694-0
667,DOPXIR__ligand30728-0
668,DOPXIR__ligand27840-0
669,DOPXIR__ligand3261-0
670,DOPXIR__ligand1152-0
671,DOPXIR__ligand5019-0
672,DOPXIR__ligand24872-0
673,DOPXIR__ligand11587-0
674,DOPXIR__ligand13220-0
675,DOPXIR__ligand23175-0
676,DOPXIR__ligand15788-0
677,DOPXIR__ligand17396-0
678,DOPXIR__ligand5515-0
679,DOPXIR__ligand6663-0
680,DOPXIR__ligand13385-0
681,DOPXIR__ligand14569-0
682,DOPXIR__ligand5614-0
683,DOPXIR__ligand5280-0
684,DOPXIR__ligand1831-0
685,DOPXIR__ligand24111-0
686,DOPXIR__ligand55-0
687,DOPXIR__ligand22444-0
688,DOPXIR__ligand27754-0
689,DOPXIR__ligand20695-0
690,DOPXIR__ligand28540-0
691,DOPXIR__ligand4063-0
692,DOPXIR__ligand11111-0
693,DOPXIR__ligand656-0
694,DOPXIR__ligand16369-0
695,DOPXIR__ligand8200-0
696,DOPXIR__ligand7438-0
697,DOPXIR__ligand57-0
698,DOPXIR__ligand22403-0
699,DOPXIR__ligand3042-0
700,DOPXIR__ligand4207-0
701,DOPXIR__ligand12003-0
702,DOPXIR__ligand16148-0
703,DOPXIR__ligand26631-0
704,DOPXIR__ligand3416-0
705,DOPXIR__ligand21399-0
706,DOPXIR__ligand3453-0
707,DOPXIR__ligand10872-0
708,DOPXIR__ligand29215-0
709,DOPXIR__ligand1150-0
710,DOPXIR__ligand1539-0
711,DOPXIR__ligand696-0
712,DOPXIR__ligand383-0
713,DOPXIR__ligand21729-0
714,DOPXIR__ligand4167-0
715,DOPXIR__ligand27239-0
716,DOPXIR__ligand9491-0
717,DOPXIR__ligand1400-0
718,DOPXIR__ligand4266-0
719,DOPXIR__ligand416-0
720,DOPXIR__ligand226-0
721,DOPXIR__ligand19927-0
722,DOPXIR__ligand14043-0
723,DOPXIR__ligand162-0
724,DOPXIR__ligand28559-0
725,DOPXIR__ligand26324-0
726,DOPXIR__ligand1288-0
727,DOPXIR__ligand1149-0
728,DOPXIR__ligand11618-0
729,DOPXIR__ligand3557-0
730,DOPXIR__ligand3980-0
731,DOPXIR__ligand7075-0
732,DOPXIR__ligand9750-0
733,DOPXIR__ligand1817-0
734,DOPXIR__ligand26529-0
735,DOPXIR__ligand6993-0
736,DOPXIR__ligand1779-0
737,DOPXIR__ligand2692-0
738,DOPXIR__ligand23197-0
739,DOPXIR__ligand1618-0
740,DOPXIR__ligand27285-0
741,DOPXIR__ligand29029-0
742,DOPXIR__ligand4262-0
743,DOPXIR__ligand1028-0
744,DOPXIR__ligand497-0
745,DOPXIR__ligand1050-0
746,DOPXIR__ligand13477-0
747,DOPXIR__ligand1015-0
748,DOPXIR__ligand14167-0
749,DOPXIR__ligand32-0
750,DOPXIR__ligand2027-0
751,DOPXIR__ligand27669-0
752,DOPXIR__ligand30142-0
753,DOPXIR__ligand633-0
754,DOPXIR__ligand326-0
755,DOPXIR__ligand28459-0
756,DOPXIR__ligand16-0
757,DOPXIR__ligand18448-0
758,DOPXIR__ligand12453-0
759,DOPXIR__ligand8529-0
760,DOPXIR__ligand1169-0
761,DOPXIR__ligand19184-0
762,DOPXIR__ligand9615-0
763,DOPXIR__ligand13672-0
764,DOPXIR__ligand692-0
765,DOPXIR__ligand1154-0
766,DOPXIR__ligand28685-0
767,DOPXIR__ligand18568-0
768,DOPXIR__ligand4596-0
769,DOPXIR__ligand1498-0
770,DOPXIR__ligand436-0
771,DOPXIR__ligand10371-0
772,DOPXIR__ligand1113-0
773,DOPXIR__ligand8553-0
774,DOPXIR__ligand24035-0
775,DOPXIR__ligand11994-0
776,DOPXIR__ligand31842-0
777,DOPXIR__ligand31044-0
778,DOPXIR__ligand91-0
779,DOPXIR__ligand16663-0
780,DOPXIR__ligand5201-0
781,DOPXIR__ligand14614-0
782,DOPXIR__ligand7566-0
783,DOPXIR__ligand16988-0
784,DOPXIR__ligand51-0
785,DOPXIR__ligand25913-0
786,DOPXIR__ligand2001-0
787,DOPXIR__ligand361-0
788,DOPXIR__ligand324-0
789,DOPXIR__ligand409-0
790,DOPXIR__ligand9944-0
791,DOPXIR__ligand30711-0
792,DOPXIR__ligand20207-0
793,DOPXIR__ligand8593-0
794,DOPXIR__ligand11682-0
795,DOPXIR__ligand24230-0
796,DOPXIR__ligand28810-0
797,DOPXIR__ligand2823-0
798,DOPXIR__ligand11447-0
799,DOPXIR__ligand11096-0
800,DOPXIR__ligand300-0
801,DOPXIR__ligand19792-0
802,DOPXIR__ligand10828-0
803,DOPXIR__ligand15926-0
804,DOPXIR__ligand6995-0
805,DOPXIR__ligand3180-0
806,DOPXIR__ligand11970-0
807,DOPXIR__ligand588-0
808,DOPXIR__ligand2281-0
809,DOPXIR__ligand2650-0
810,DOPXIR__ligand15883-0
811,DOPXIR__ligand4340-0
812,DOPXIR__ligand22294-0
813,DOPXIR__ligand199-0
814,DOPXIR__ligand28930-0
815,DOPXIR__ligand5415-0
816,DOPXIR__ligand22168-0
817,DOPXIR__ligand21919-0
818,DOPXIR__ligand4124-0
819,DOPXIR__ligand3471-0
820,DOPXIR__ligand4161-0
821,DOPXIR__ligand10056-0
822,DOPXIR__ligand12365-0
823,DOPXIR__ligand48-0
824,DOPXIR__ligand13862-0
825,DOPXIR__ligand11357-0
826,DOPXIR__ligand15531-0
827,DOPXIR__ligand28743-0
