,TMC
0,HITBOC__ligand6995-0
1,HITBOC__ligand201-0
2,HITBOC__ligand2823-0
3,HITBOC__ligand4340-0
4,HITBOC__ligand2281-0
5,HITBOC__ligand23124-0
6,HITBOC__ligand2650-0
7,HITBOC__ligand11206-0
8,HITBOC__ligand67-0
9,HITBOC__ligand3180-0
10,HITBOC__ligand25735-0
11,HITBOC__ligand12519-0
12,HITBOC__ligand19257-0
13,HITBOC__ligand13209-0
14,HITBOC__ligand12660-0
15,HITBOC__ligand321-0
16,HITBOC__ligand5415-0
17,HITBOC__ligand185-0
18,HITBOC__ligand279-0
19,HITBOC__ligand25650-0
20,HITBOC__ligand4124-0
21,HITBOC__ligand4161-0
22,HITBOC__ligand3471-0
23,HITBOC__ligand31248-0
24,HITBOC__ligand178-0
25,HITBOC__ligand27835-0
26,HITBOC__ligand12295-0
27,HITBOC__ligand1113-0
28,HITBOC__ligand8553-0
29,HITBOC__ligand25689-0
30,HITBOC__ligand5201-0
31,HITBOC__ligand21787-0
32,HITBOC__ligand25575-0
33,HITBOC__ligand2001-0
34,HITBOC__ligand7566-0
35,HITBOC__ligand30539-0
36,HITBOC__ligand11166-0
37,HITBOC__ligand21132-0
38,HITBOC__ligand8593-0
39,HITBOC__ligand338-0
40,HITBOC__ligand43-0
41,HITBOC__ligand9944-0
42,HITBOC__ligand23906-0
43,HITBOC__ligand12467-0
44,HITBOC__ligand126-0
45,HITBOC__ligand163-0
46,HITBOC__ligand10084-0
47,HITBOC__ligand25267-0
48,HITBOC__ligand23904-0
49,HITBOC__ligand21936-0
50,HITBOC__ligand8529-0
51,HITBOC__ligand13257-0
52,HITBOC__ligand1169-0
53,HITBOC__ligand20599-0
54,HITBOC__ligand845-0
55,HITBOC__ligand22981-0
56,HITBOC__ligand25805-0
57,HITBOC__ligand1154-0
58,HITBOC__ligand9615-0
59,HITBOC__ligand27074-0
60,HITBOC__ligand18391-0
61,HITBOC__ligand27169-0
62,HITBOC__ligand14523-0
63,HITBOC__ligand4596-0
64,HITBOC__ligand1498-0
65,HITBOC__ligand366-0
66,HITBOC__ligand28668-0
67,HITBOC__ligand2692-0
68,HITBOC__ligand1618-0
69,HITBOC__ligand16791-0
70,HITBOC__ligand1028-0
71,HITBOC__ligand18799-0
72,HITBOC__ligand657-0
73,HITBOC__ligand18465-0
74,HITBOC__ligand187-0
75,HITBOC__ligand4262-0
76,HITBOC__ligand18074-0
77,HITBOC__ligand13869-0
78,HITBOC__ligand2027-0
79,HITBOC__ligand29863-0
80,HITBOC__ligand1050-0
81,HITBOC__ligand1015-0
82,HITBOC__ligand941-0
83,HITBOC__ligand8-0
84,HITBOC__ligand596-0
85,HITBOC__ligand11140-0
86,HITBOC__ligand777-0
87,HITBOC__ligand29610-0
88,HITBOC__ligand9491-0
89,HITBOC__ligand19725-0
90,HITBOC__ligand4266-0
91,HITBOC__ligand1400-0
92,HITBOC__ligand24613-0
93,HITBOC__ligand4167-0
94,HITBOC__ligand1288-0
95,HITBOC__ligand31483-0
96,HITBOC__ligand19-0
97,HITBOC__ligand10555-0
98,HITBOC__ligand17710-0
99,HITBOC__ligand24-0
100,HITBOC__ligand20579-0
101,HITBOC__ligand11568-0
102,HITBOC__ligand7075-0
103,HITBOC__ligand1149-0
104,HITBOC__ligand3557-0
105,HITBOC__ligand3980-0
106,HITBOC__ligand1817-0
107,HITBOC__ligand6993-0
108,HITBOC__ligand14586-0
109,HITBOC__ligand11774-0
110,HITBOC__ligand1779-0
111,HITBOC__ligand21421-0
112,HITBOC__ligand693-0
113,HITBOC__ligand9750-0
114,HITBOC__ligand4063-0
115,HITBOC__ligand757-0
116,HITBOC__ligand8200-0
117,HITBOC__ligand7438-0
118,HITBOC__ligand18699-0
119,HITBOC__ligand12682-0
120,HITBOC__ligand45-0
121,HITBOC__ligand17590-0
122,HITBOC__ligand3042-0
123,HITBOC__ligand17240-0
124,HITBOC__ligand122-0
125,HITBOC__ligand3416-0
126,HITBOC__ligand3453-0
127,HITBOC__ligand12336-0
128,HITBOC__ligand4207-0
129,HITBOC__ligand13072-0
130,HITBOC__ligand1539-0
131,HITBOC__ligand78-0
132,HITBOC__ligand1150-0
133,HITBOC__ligand18703-0
134,HITBOC__ligand1849-0
135,HITBOC__ligand29087-0
136,HITBOC__ligand3261-0
137,HITBOC__ligand1152-0
138,HITBOC__ligand5019-0
139,HITBOC__ligand768-0
140,HITBOC__ligand1216-0
141,HITBOC__ligand15438-0
142,HITBOC__ligand28924-0
143,HITBOC__ligand384-0
144,HITBOC__ligand24750-0
145,HITBOC__ligand1831-0
146,HITBOC__ligand5614-0
147,HITBOC__ligand5280-0
148,HITBOC__ligand31578-0
149,HITBOC__ligand17207-0
150,HITBOC__ligand6663-0
151,HITBOC__ligand18013-0
152,HITBOC__ligand25224-0
153,HITBOC__ligand5515-0
154,HITBOC__ligand17945-0
155,HITBOC__ligand1908-0
156,HITBOC__ligand3285-0
157,HITBOC__ligand4795-0
158,HITBOC__ligand11432-0
159,HITBOC__ligand31618-0
160,HITBOC__ligand10432-0
161,HITBOC__ligand22755-0
162,HITBOC__ligand1786-0
163,HITBOC__ligand240-0
164,HITBOC__ligand5630-0
165,HITBOC__ligand29898-0
166,HITBOC__ligand141-0
167,HITBOC__ligand26277-0
168,HITBOC__ligand7213-0
169,HITBOC__ligand1397-0
170,HITBOC__ligand15168-0
171,HITBOC__ligand1828-0
172,HITBOC__ligand6112-0
173,HITBOC__ligand8042-0
174,HITBOC__ligand23589-0
175,HITBOC__ligand5085-0
176,HITBOC__ligand3144-0
177,HITBOC__ligand5755-0
178,HITBOC__ligand24064-0
179,HITBOC__ligand4710-0
180,HITBOC__ligand1464-0
181,HITBOC__ligand3712-0
182,HITBOC__ligand2881-0
183,HITBOC__ligand17278-0
184,HITBOC__ligand20011-0
185,HITBOC__ligand1499-0
186,HITBOC__ligand17982-0
187,HITBOC__ligand29414-0
188,HITBOC__ligand20598-0
189,HITBOC__ligand11675-0
190,HITBOC__ligand24047-0
191,HITBOC__ligand22557-0
192,HITBOC__ligand10589-0
193,HITBOC__ligand6892-0
194,HITBOC__ligand17398-0
195,HITBOC__ligand1211-0
196,HITBOC__ligand38-0
197,HITBOC__ligand3632-0
198,HITBOC__ligand3677-0
199,HITBOC__ligand416-0
200,HITBOC__ligand1294-0
201,HITBOC__ligand383-0
202,HITBOC__ligand16475-0
203,HITBOC__ligand14703-0
204,HITBOC__ligand1168-0
205,HITBOC__ligand6699-0
206,HITBOC__ligand20251-1
207,HITBOC__ligand162-0
208,HITBOC__ligand226-0
209,HITBOC__ligand4007-0
210,HITBOC__ligand2985-0
211,HITBOC__ligand31097-0
212,HITBOC__ligand21581-0
213,HITBOC__ligand20539-0
214,HITBOC__ligand9299-0
215,HITBOC__ligand20214-0
216,HITBOC__ligand30702-0
217,HITBOC__ligand20251-0
218,HITBOC__ligand696-0
219,HITBOC__ligand7291-0
220,HITBOC__ligand14117-0
221,HITBOC__ligand17261-0
222,HITBOC__ligand9883-0
223,HITBOC__ligand3677-1
224,HITBOC__ligand9344-0
225,HITBOC__ligand656-0
226,HITBOC__ligand28789-0
227,HITBOC__ligand20419-0
228,HITBOC__ligand8000-0
229,HITBOC__ligand21371-0
230,HITBOC__ligand17118-0
231,HITBOC__ligand3736-0
232,HITBOC__ligand14889-0
233,HITBOC__ligand3945-0
234,HITBOC__ligand30851-0
235,HITBOC__ligand29568-0
236,HITBOC__ligand5383-0
237,HITBOC__ligand2693-0
238,HITBOC__ligand1407-0
239,HITBOC__ligand6117-0
240,HITBOC__ligand5509-0
241,HITBOC__ligand8002-0
242,HITBOC__ligand13208-0
243,HITBOC__ligand7762-0
244,HITBOC__ligand26810-0
245,HITBOC__ligand5080-0
246,HITBOC__ligand27482-0
247,HITBOC__ligand20682-0
248,HITBOC__ligand430-0
249,HITBOC__ligand5304-0
250,HITBOC__ligand358-0
251,HITBOC__ligand9167-0
252,HITBOC__ligand66-0
253,HITBOC__ligand488-0
254,HITBOC__ligand2238-0
255,HITBOC__ligand13390-0
256,HITBOC__ligand1317-0
257,HITBOC__ligand3867-0
258,HITBOC__ligand694-0
259,HITBOC__ligand2822-0
260,HITBOC__ligand7293-0
261,HITBOC__ligand2259-0
262,HITBOC__ligand1296-0
263,HITBOC__ligand5099-0
264,HITBOC__ligand8592-0
265,HITBOC__ligand42-0
266,HITBOC__ligand1197-0
267,HITBOC__ligand25411-0
268,HITBOC__ligand1376-0
269,HITBOC__ligand5510-0
270,HITBOC__ligand11456-0
271,HITBOC__ligand9773-0
272,HITBOC__ligand14174-0
273,HITBOC__ligand10712-0
274,HITBOC__ligand28884-0
275,HITBOC__ligand13331-0
276,HITBOC__ligand670-0
277,HITBOC__ligand5595-0
278,HITBOC__ligand4101-0
279,HITBOC__ligand12030-0
280,HITBOC__ligand14248-0
281,HITBOC__ligand571-0
282,HITBOC__ligand29879-0
283,HITBOC__ligand534-0
284,HITBOC__ligand31832-0
285,HITBOC__ligand3120-0
286,HITBOC__ligand3926-0
287,HITBOC__ligand4358-0
288,HITBOC__ligand13294-0
289,HITBOC__ligand2221-0
290,HITBOC__ligand13425-0
291,HITBOC__ligand29302-0
292,HITBOC__ligand18814-0
293,HITBOC__ligand5180-0
294,HITBOC__ligand19057-0
295,HITBOC__ligand199-0
296,HITBOC__ligand28676-0
297,HITBOC__ligand10262-0
298,HITBOC__ligand6017-0
299,HITBOC__ligand27763-0
300,HITBOC__ligand5708-0
301,HITBOC__ligand7316-0
302,HITBOC__ligand7092-0
303,HITBOC__ligand2260-0
304,HITBOC__ligand3225-0
305,HITBOC__ligand1153-0
306,HITBOC__ligand10958-0
307,HITBOC__ligand1116-0
308,HITBOC__ligand300-0
309,HITBOC__ligand2124-0
310,HITBOC__ligand12641-0
311,HITBOC__ligand8612-0
312,HITBOC__ligand7172-0
313,HITBOC__ligand9323-0
314,HITBOC__ligand588-0
315,HITBOC__ligand7273-0
316,HITBOC__ligand14108-0
317,HITBOC__ligand17805-0
318,HITBOC__ligand409-0
319,HITBOC__ligand324-0
320,HITBOC__ligand2906-0
321,HITBOC__ligand361-0
322,HITBOC__ligand17302-0
323,HITBOC__ligand4711-0
324,HITBOC__ligand3244-0
325,HITBOC__ligand25178-0
326,HITBOC__ligand4649-0
327,HITBOC__ligand8793-0
328,HITBOC__ligand2788-0
329,HITBOC__ligand5649-0
330,HITBOC__ligand24185-0
331,HITBOC__ligand23769-0
332,HITBOC__ligand10476-0
333,HITBOC__ligand9753-0
334,HITBOC__ligand1356-0
335,HITBOC__ligand1787-0
336,HITBOC__ligand13068-0
337,HITBOC__ligand19830-0
338,HITBOC__ligand5530-0
339,HITBOC__ligand5159-0
340,HITBOC__ligand12401-0
341,HITBOC__ligand15585-0
342,HITBOC__ligand24145-0
343,HITBOC__ligand7196-0
344,HITBOC__ligand4807-0
345,HITBOC__ligand12231-0
346,HITBOC__ligand18292-0
347,HITBOC__ligand12289-0
348,HITBOC__ligand26702-0
349,HITBOC__ligand13658-0
350,HITBOC__ligand3178-0
351,HITBOC__ligand12130-0
352,HITBOC__ligand17387-0
353,HITBOC__ligand30988-0
354,HITBOC__ligand9450-0
355,HITBOC__ligand27175-0
356,HITBOC__ligand18832-0
357,HITBOC__ligand23713-0
358,HITBOC__ligand692-0
359,HITBOC__ligand12934-0
360,HITBOC__ligand20578-0
361,HITBOC__ligand15422-0
362,HITBOC__ligand436-0
363,HITBOC__ligand2612-0
364,HITBOC__ligand19641-0
365,HITBOC__ligand14723-0
366,HITBOC__ligand1599-0
367,HITBOC__ligand27893-0
368,HITBOC__ligand2203-0
369,HITBOC__ligand31783-0
370,HITBOC__ligand5387-0
371,HITBOC__ligand1289-0
372,HITBOC__ligand326-0
373,HITBOC__ligand18-0
374,HITBOC__ligand17631-0
375,HITBOC__ligand13012-0
376,HITBOC__ligand26665-0
377,HITBOC__ligand14603-0
378,HITBOC__ligand14297-0
379,HITBOC__ligand17258-0
380,HITBOC__ligand12606-0
381,HITBOC__ligand9284-0
382,HITBOC__ligand3126-0
383,HITBOC__ligand6391-0
384,HITBOC__ligand497-0
385,HITBOC__ligand30333-0
386,HITBOC__ligand1114-0
387,HITBOC__ligand26540-0
388,HITBOC__ligand2417-0
389,HITBOC__ligand633-0
390,HITBOC__ligand12337-0
391,HITBOC__ligand29410-0
392,HITBOC__ligand30296-0
393,HITBOC__ligand17281-0
394,HITBOC__ligand16628-0
395,HITBOC__ligand2043-0
396,HITBOC__ligand12427-0
397,HITBOC__ligand20740-0
398,HITBOC__ligand28468-0
399,HITBOC__ligand1832-0
400,HITBOC__ligand8788-0
401,HITBOC__ligand27460-0
402,HITBOC__ligand1604-0
403,HITBOC__ligand9943-0
404,HITBOC__ligand1228-0
405,HITBOC__ligand7629-0
406,HITBOC__ligand10371-0
407,HITBOC__ligand1451-0
408,HITBOC__ligand4272-0
409,HITBOC__ligand197-0
410,HITBOC__ligand9784-0
411,HITBOC__ligand1160-0
412,HITBOC__ligand8699-0
413,HITBOC__ligand18568-0
414,HITBOC__ligand28685-0
415,HITBOC__ligand9520-0
416,HITBOC__ligand4442-0
417,HITBOC__ligand4093-0
418,HITBOC__ligand3954-0
419,HITBOC__ligand48-0
420,HITBOC__ligand13672-0
421,HITBOC__ligand1219-0
422,HITBOC__ligand6709-0
423,HITBOC__ligand7867-0
424,HITBOC__ligand19184-0
425,HITBOC__ligand4016-0
426,HITBOC__ligand28459-0
427,HITBOC__ligand12453-0
428,HITBOC__ligand18448-0
429,HITBOC__ligand7238-0
430,HITBOC__ligand7280-0
431,HITBOC__ligand1790-0
432,HITBOC__ligand1304-0
433,HITBOC__ligand1285-0
434,HITBOC__ligand868-0
435,HITBOC__ligand7000-0
436,HITBOC__ligand1982-0
437,HITBOC__ligand51-0
438,HITBOC__ligand6768-0
439,HITBOC__ligand8115-0
440,HITBOC__ligand27669-0
441,HITBOC__ligand4503-0
442,HITBOC__ligand4546-0
443,HITBOC__ligand30142-0
444,HITBOC__ligand14167-0
445,HITBOC__ligand13477-0
446,HITBOC__ligand4157-0
447,HITBOC__ligand1-0
448,HITBOC__ligand27285-0
449,HITBOC__ligand29029-0
450,HITBOC__ligand5256-0
451,HITBOC__ligand2828-0
452,HITBOC__ligand8876-0
453,HITBOC__ligand7648-0
454,HITBOC__ligand9833-0
455,HITBOC__ligand9291-0
456,HITBOC__ligand783-0
457,HITBOC__ligand2176-0
458,HITBOC__ligand352-0
459,HITBOC__ligand91-0
460,HITBOC__ligand23197-0
461,HITBOC__ligand2232-0
462,HITBOC__ligand13862-0
463,HITBOC__ligand11357-0
464,HITBOC__ligand28743-0
465,HITBOC__ligand15531-0
466,HITBOC__ligand5211-0
467,HITBOC__ligand560-0
468,HITBOC__ligand3-0
469,HITBOC__ligand12365-0
470,HITBOC__ligand10056-0
471,HITBOC__ligand3094-0
472,HITBOC__ligand4155-0
473,HITBOC__ligand4720-0
474,HITBOC__ligand21919-0
475,HITBOC__ligand3174-0
476,HITBOC__ligand1202-0
477,HITBOC__ligand3937-0
478,HITBOC__ligand3131-0
479,HITBOC__ligand22294-0
480,HITBOC__ligand8969-0
481,HITBOC__ligand22168-0
482,HITBOC__ligand6839-0
483,HITBOC__ligand28930-0
484,HITBOC__ligand15883-0
485,HITBOC__ligand16-0
486,HITBOC__ligand5331-0
487,HITBOC__ligand1512-0
488,HITBOC__ligand11970-0
489,HITBOC__ligand3565-0
490,HITBOC__ligand134-0
491,HITBOC__ligand19792-0
492,HITBOC__ligand10828-0
493,HITBOC__ligand15926-0
494,HITBOC__ligand235-0
495,HITBOC__ligand2485-0
496,HITBOC__ligand24230-0
497,HITBOC__ligand3852-0
498,HITBOC__ligand28810-0
499,HITBOC__ligand6919-0
500,HITBOC__ligand11096-0
501,HITBOC__ligand11447-0
502,HITBOC__ligand3504-0
503,HITBOC__ligand1959-0
504,HITBOC__ligand421-0
505,HITBOC__ligand1536-0
506,HITBOC__ligand1573-0
507,HITBOC__ligand20207-0
508,HITBOC__ligand30711-0
509,HITBOC__ligand9935-0
510,HITBOC__ligand32-0
511,HITBOC__ligand11682-0
512,HITBOC__ligand3718-0
513,HITBOC__ligand685-0
514,HITBOC__ligand3876-0
515,HITBOC__ligand1343-0
516,HITBOC__ligand3035-0
517,HITBOC__ligand6616-0
518,HITBOC__ligand16988-0
519,HITBOC__ligand25913-0
520,HITBOC__ligand1844-0
521,HITBOC__ligand4661-0
522,HITBOC__ligand7242-0
523,HITBOC__ligand294-0
524,HITBOC__ligand14614-0
525,HITBOC__ligand7106-0
526,HITBOC__ligand16663-0
527,HITBOC__ligand11994-0
528,HITBOC__ligand1263-0
529,HITBOC__ligand9908-0
530,HITBOC__ligand31044-0
531,HITBOC__ligand31842-0
532,HITBOC__ligand24035-0
533,HITBOC__ligand24111-0
534,HITBOC__ligand22444-0
535,HITBOC__ligand4620-0
536,HITBOC__ligand13385-0
537,HITBOC__ligand14569-0
538,HITBOC__ligand250-0
539,HITBOC__ligand2295-0
540,HITBOC__ligand23175-0
541,HITBOC__ligand15788-0
542,HITBOC__ligand1577-0
543,HITBOC__ligand6067-0
544,HITBOC__ligand17396-0
545,HITBOC__ligand13220-0
546,HITBOC__ligand11587-0
547,HITBOC__ligand24872-0
548,HITBOC__ligand7819-0
549,HITBOC__ligand30728-0
550,HITBOC__ligand27840-0
551,HITBOC__ligand370-0
552,HITBOC__ligand2917-0
553,HITBOC__ligand3721-0
554,HITBOC__ligand6904-0
555,HITBOC__ligand6596-0
556,HITBOC__ligand6102-0
557,HITBOC__ligand12001-0
558,HITBOC__ligand3465-0
559,HITBOC__ligand24644-0
560,HITBOC__ligand10033-0
561,HITBOC__ligand12138-0
562,HITBOC__ligand785-0
563,HITBOC__ligand24780-0
564,HITBOC__ligand311-0
565,HITBOC__ligand479-0
566,HITBOC__ligand22129-0
567,HITBOC__ligand1142-0
568,HITBOC__ligand3234-0
569,HITBOC__ligand11949-0
570,HITBOC__ligand370-1
571,HITBOC__ligand620-0
572,HITBOC__ligand2028-0
573,HITBOC__ligand8835-0
574,HITBOC__ligand25561-0
575,HITBOC__ligand564-0
576,HITBOC__ligand7126-0
577,HITBOC__ligand29486-0
578,HITBOC__ligand188-0
579,HITBOC__ligand31694-0
580,HITBOC__ligand4641-0
581,HITBOC__ligand17427-0
582,HITBOC__ligand57-0
583,HITBOC__ligand26529-0
584,HITBOC__ligand177-0
585,HITBOC__ligand5643-0
586,HITBOC__ligand1823-0
587,HITBOC__ligand8721-0
588,HITBOC__ligand1324-0
589,HITBOC__ligand55-0
590,HITBOC__ligand9952-0
591,HITBOC__ligand9111-0
592,HITBOC__ligand11618-0
593,HITBOC__ligand2526-0
594,HITBOC__ligand5036-0
595,HITBOC__ligand1615-0
596,HITBOC__ligand14043-0
597,HITBOC__ligand8992-0
598,HITBOC__ligand28559-0
599,HITBOC__ligand26324-0
600,HITBOC__ligand9601-0
601,HITBOC__ligand68-0
602,HITBOC__ligand19927-0
603,HITBOC__ligand3707-0
604,HITBOC__ligand6124-0
605,HITBOC__ligand7967-0
606,HITBOC__ligand4116-0
607,HITBOC__ligand909-0
608,HITBOC__ligand21729-0
609,HITBOC__ligand1018-0
610,HITBOC__ligand27239-0
611,HITBOC__ligand3156-0
612,HITBOC__ligand372-0
613,HITBOC__ligand2915-0
614,HITBOC__ligand830-0
615,HITBOC__ligand29215-0
616,HITBOC__ligand21399-0
617,HITBOC__ligand10872-0
618,HITBOC__ligand6244-0
619,HITBOC__ligand12003-0
620,HITBOC__ligand1378-0
621,HITBOC__ligand26631-0
622,HITBOC__ligand16148-0
623,HITBOC__ligand193-0
624,HITBOC__ligand252-0
625,HITBOC__ligand116-0
626,HITBOC__ligand2332-0
627,HITBOC__ligand22403-0
628,HITBOC__ligand9441-0
629,HITBOC__ligand28540-0
630,HITBOC__ligand11111-0
631,HITBOC__ligand16369-0
632,HITBOC__ligand1631-0
633,HITBOC__ligand9933-0
634,HITBOC__ligand34-0
635,HITBOC__ligand1530-0
636,HITBOC__ligand20695-0
637,HITBOC__ligand27754-0
638,HITBOC__ligand1575-0
639,HITBOC__ligand7532-0
640,HITBOC__ligand31205-0
641,HITBOC__ligand17686-0
642,HITBOC__ligand25658-0
643,HITBOC__ligand618-0
644,HITBOC__ligand4194-0
645,HITBOC__ligand15455-0
646,HITBOC__ligand17-0
647,HITBOC__ligand2599-0
648,HITBOC__ligand4330-0
649,HITBOC__ligand11177-0
650,HITBOC__ligand391-0
651,HITBOC__ligand1147-0
652,HITBOC__ligand813-0
653,HITBOC__ligand11622-0
654,HITBOC__ligand3973-0
655,HITBOC__ligand314-0
656,HITBOC__ligand780-0
657,HITBOC__ligand16870-0
658,HITBOC__ligand2068-0
659,HITBOC__ligand16603-0
660,HITBOC__ligand7925-0
661,HITBOC__ligand11814-0
662,HITBOC__ligand31000-0
663,HITBOC__ligand11606-0
664,HITBOC__ligand3215-0
665,HITBOC__ligand20821-0
666,HITBOC__ligand314-1
667,HITBOC__ligand26673-0
668,HITBOC__ligand7107-0
669,HITBOC__ligand19824-0
670,HITBOC__ligand18067-0
671,HITBOC__ligand6283-0
672,HITBOC__ligand5813-0
673,HITBOC__ligand4813-0
674,HITBOC__ligand10582-0
675,HITBOC__ligand4738-0
676,HITBOC__ligand13260-0
677,HITBOC__ligand465-0
678,HITBOC__ligand6062-0
679,HITBOC__ligand11252-0
680,HITBOC__ligand5627-0
681,HITBOC__ligand1729-0
682,HITBOC__ligand686-0
683,HITBOC__ligand2830-0
684,HITBOC__ligand422-0
685,HITBOC__ligand5316-0
686,HITBOC__ligand10151-0
687,HITBOC__ligand5483-0
688,HITBOC__ligand89-0
689,HITBOC__ligand49-0
690,HITBOC__ligand9148-0
691,HITBOC__ligand19906-0
692,HITBOC__ligand19668-0
693,HITBOC__ligand1415-0
694,HITBOC__ligand6946-0
695,HITBOC__ligand196-0
696,HITBOC__ligand7529-0
697,HITBOC__ligand22353-0
698,HITBOC__ligand13657-0
699,HITBOC__ligand14347-0
700,HITBOC__ligand14302-0
701,HITBOC__ligand20530-0
702,HITBOC__ligand3934-0
703,HITBOC__ligand11698-0
704,HITBOC__ligand353-0
705,HITBOC__ligand6455-0
706,HITBOC__ligand6882-0
707,HITBOC__ligand24851-0
708,HITBOC__ligand2403-0
709,HITBOC__ligand29441-0
710,HITBOC__ligand10853-0
711,HITBOC__ligand10479-0
712,HITBOC__ligand27610-0
713,HITBOC__ligand11479-0
714,HITBOC__ligand1449-0
715,HITBOC__ligand29813-0
716,HITBOC__ligand16952-0
717,HITBOC__ligand3012-0
718,HITBOC__ligand7530-0
719,HITBOC__ligand1065-0
720,HITBOC__ligand393-0
721,HITBOC__ligand20121-0
722,HITBOC__ligand15387-0
723,HITBOC__ligand9681-0
724,HITBOC__ligand4332-0
725,HITBOC__ligand20220-0
726,HITBOC__ligand3392-0
727,HITBOC__ligand27550-0
728,HITBOC__ligand4911-0
729,HITBOC__ligand1771-0
730,HITBOC__ligand4-0
731,HITBOC__ligand14007-0
732,HITBOC__ligand5849-0
733,HITBOC__ligand18019-1
734,HITBOC__ligand487-0
735,HITBOC__ligand69-0
736,HITBOC__ligand447-0
737,HITBOC__ligand27771-0
738,HITBOC__ligand11-0
739,HITBOC__ligand18158-0
740,HITBOC__ligand23682-0
741,HITBOC__ligand2527-0
742,HITBOC__ligand746-0
743,HITBOC__ligand29565-0
744,HITBOC__ligand1709-0
745,HITBOC__ligand8464-0
746,HITBOC__ligand176-0
747,HITBOC__ligand8349-0
748,HITBOC__ligand20942-1
749,HITBOC__ligand14226-0
750,HITBOC__ligand21339-0
751,HITBOC__ligand16956-0
752,HITBOC__ligand17445-0
753,HITBOC__ligand5056-0
754,HITBOC__ligand4850-0
755,HITBOC__ligand1688-0
756,HITBOC__ligand14477-0
757,HITBOC__ligand5357-0
758,HITBOC__ligand17069-0
759,HITBOC__ligand3647-0
760,HITBOC__ligand11798-0
761,HITBOC__ligand3871-0
762,HITBOC__ligand1469-0
763,HITBOC__ligand152-0
764,HITBOC__ligand20731-0
765,HITBOC__ligand1768-0
766,HITBOC__ligand12413-0
767,HITBOC__ligand29334-0
768,HITBOC__ligand22357-0
769,HITBOC__ligand5935-0
770,HITBOC__ligand11758-0
771,HITBOC__ligand21448-0
772,HITBOC__ligand1379-0
773,HITBOC__ligand506-0
774,HITBOC__ligand2722-0
775,HITBOC__ligand3157-0
776,HITBOC__ligand11501-0
777,HITBOC__ligand11544-0
778,HITBOC__ligand1165-0
779,HITBOC__ligand29214-0
780,HITBOC__ligand9525-0
781,HITBOC__ligand1712-0
782,HITBOC__ligand4131-0
783,HITBOC__ligand833-0
784,HITBOC__ligand30004-0
785,HITBOC__ligand20557-0
786,HITBOC__ligand5892-0
787,HITBOC__ligand5094-0
788,HITBOC__ligand1533-0
789,HITBOC__ligand21940-0
790,HITBOC__ligand25048-0
791,HITBOC__ligand24953-0
792,HITBOC__ligand7557-0
793,HITBOC__ligand115-0
794,HITBOC__ligand23445-0
795,HITBOC__ligand1496-0
796,HITBOC__ligand13755-0
797,HITBOC__ligand16133-0
798,HITBOC__ligand27122-0
799,HITBOC__ligand20432-0
800,HITBOC__ligand30788-0
801,HITBOC__ligand3208-0
802,HITBOC__ligand13691-0
803,HITBOC__ligand2208-0
804,HITBOC__ligand395-0
805,HITBOC__ligand368-0
806,HITBOC__ligand14339-0
807,HITBOC__ligand1327-0
808,HITBOC__ligand6672-0
809,HITBOC__ligand9809-0
810,HITBOC__ligand8722-0
811,HITBOC__ligand21752-0
812,HITBOC__ligand2781-0
813,HITBOC__ligand7573-0
814,HITBOC__ligand3350-0
815,HITBOC__ligand2328-0
816,HITBOC__ligand4581-0
817,HITBOC__ligand18413-0
818,HITBOC__ligand20844-0
819,HITBOC__ligand1773-0
820,HITBOC__ligand24624-0
821,HITBOC__ligand3029-0
822,HITBOC__ligand18757-0
823,HITBOC__ligand24560-0
824,HITBOC__ligand7162-0
825,HITBOC__ligand784-0
826,HITBOC__ligand1900-0
827,HITBOC__ligand9197-0
