,TMC
0,HONPAC__ligand669-0
1,HONPAC__ligand95-0
2,HONPAC__ligand11730-0
3,HONPAC__ligand358-0
4,HONPAC__ligand1607-0
5,HONPAC__ligand430-0
6,HONPAC__ligand365-0
7,HONPAC__ligand1152-0
8,HONPAC__ligand278-0
9,HONPAC__ligand1727-0
10,HONPAC__ligand3-0
11,HONPAC__ligand55-0
12,HONPAC__ligand2907-0
13,HONPAC__ligand670-0
14,HONPAC__ligand118-0
15,HONPAC__ligand34-0
16,HONPAC__ligand2430-0
17,HONPAC__ligand1703-0
18,HONPAC__ligand571-0
19,HONPAC__ligand509-0
20,HONPAC__ligand1056-0
21,HONPAC__ligand2320-0
22,HONPAC__ligand2862-0
23,HONPAC__ligand1567-0
24,HONPAC__ligand2285-0
25,HONPAC__ligand8921-0
26,HONPAC__ligand2510-0
27,HONPAC__ligand6294-0
28,HONPAC__ligand162-0
29,HONPAC__ligand1054-0
30,HONPAC__ligand226-0
31,HONPAC__ligand1598-0
32,HONPAC__ligand1248-0
33,HONPAC__ligand383-0
34,HONPAC__ligand4303-0
35,HONPAC__ligand7464-0
36,HONPAC__ligand73-0
37,HONPAC__ligand1-0
38,HONPAC__ligand57-0
39,HONPAC__ligand8774-0
40,HONPAC__ligand3637-0
41,HONPAC__ligand2880-0
42,HONPAC__ligand5941-0
43,HONPAC__ligand553-0
44,HONPAC__ligand283-0
45,HONPAC__ligand3838-0
46,HONPAC__ligand1799-0
47,HONPAC__ligand2838-0
48,HONPAC__ligand821-0
49,HONPAC__ligand326-0
50,HONPAC__ligand436-0
51,HONPAC__ligand5022-0
52,HONPAC__ligand1169-0
53,HONPAC__ligand142-0
54,HONPAC__ligand206-0
55,HONPAC__ligand838-0
56,HONPAC__ligand166-0
57,HONPAC__ligand2864-0
58,HONPAC__ligand918-0
59,HONPAC__ligand9495-0
60,HONPAC__ligand32-0
61,HONPAC__ligand2772-0
62,HONPAC__ligand633-0
63,HONPAC__ligand6151-0
64,HONPAC__ligand6538-0
65,HONPAC__ligand532-0
66,HONPAC__ligand2142-0
67,HONPAC__ligand497-0
68,HONPAC__ligand575-0
69,HONPAC__ligand1273-0
70,HONPAC__ligand927-0
71,HONPAC__ligand48-0
72,HONPAC__ligand199-0
73,HONPAC__ligand1052-0
74,HONPAC__ligand1502-0
75,HONPAC__ligand1835-0
76,HONPAC__ligand2794-0
77,HONPAC__ligand2345-0
78,HONPAC__ligand91-0
79,HONPAC__ligand105-0
80,HONPAC__ligand4983-0
81,HONPAC__ligand140-0
82,HONPAC__ligand29-0
83,HONPAC__ligand9027-0
84,HONPAC__ligand51-0
85,HONPAC__ligand2265-0
86,HONPAC__ligand1113-0
87,HONPAC__ligand361-0
88,HONPAC__ligand324-0
89,HONPAC__ligand409-0
90,HONPAC__ligand6396-0
91,HONPAC__ligand3246-0
92,HONPAC__ligand1148-0
93,HONPAC__ligand126-0
94,HONPAC__ligand1479-0
95,HONPAC__ligand1228-0
96,HONPAC__ligand9244-0
97,HONPAC__ligand596-0
98,HONPAC__ligand612-0
99,HONPAC__ligand187-0
100,HONPAC__ligand1114-0
101,HONPAC__ligand366-0
102,HONPAC__ligand1538-0
103,HONPAC__ligand861-0
104,HONPAC__ligand279-0
105,HONPAC__ligand178-0
106,HONPAC__ligand11-0
107,HONPAC__ligand2751-0
108,HONPAC__ligand321-0
109,HONPAC__ligand1542-0
110,HONPAC__ligand2634-0
111,HONPAC__ligand3041-0
112,HONPAC__ligand100-0
113,HONPAC__ligand244-0
114,HONPAC__ligand201-0
115,HONPAC__ligand3178-0
116,HONPAC__ligand6332-0
117,HONPAC__ligand2098-0
118,HONPAC__ligand6502-0
119,HONPAC__ligand124-0
120,HONPAC__ligand2863-0
121,HONPAC__ligand7915-0
122,HONPAC__ligand119-0
123,HONPAC__ligand5548-0
124,HONPAC__ligand1747-0
125,HONPAC__ligand6686-0
126,HONPAC__ligand3145-0
127,HONPAC__ligand120-0
128,HONPAC__ligand49-0
129,HONPAC__ligand384-0
130,HONPAC__ligand2629-0
131,HONPAC__ligand4381-0
132,HONPAC__ligand89-0
133,HONPAC__ligand1706-0
134,HONPAC__ligand3734-0
135,HONPAC__ligand1951-0
136,HONPAC__ligand1687-0
137,HONPAC__ligand6-0
138,HONPAC__ligand6277-0
139,HONPAC__ligand240-0
140,HONPAC__ligand141-0
141,HONPAC__ligand1376-0
142,HONPAC__ligand2768-0
143,HONPAC__ligand2259-0
144,HONPAC__ligand2688-0
145,HONPAC__ligand1459-0
146,HONPAC__ligand92-0
147,HONPAC__ligand1544-0
148,HONPAC__ligand1685-0
149,HONPAC__ligand2087-0
150,HONPAC__ligand1048-0
151,HONPAC__ligand3757-0
152,HONPAC__ligand4-0
153,HONPAC__ligand17-0
154,HONPAC__ligand1171-0
155,HONPAC__ligand797-0
156,HONPAC__ligand3063-0
157,HONPAC__ligand1438-0
158,HONPAC__ligand757-0
159,HONPAC__ligand5801-0
160,HONPAC__ligand502-0
161,HONPAC__ligand196-0
162,HONPAC__ligand2707-0
163,HONPAC__ligand1690-0
164,HONPAC__ligand2526-0
165,HONPAC__ligand422-0
166,HONPAC__ligand1551-0
167,HONPAC__ligand113-0
168,HONPAC__ligand3196-0
169,HONPAC__ligand4012-0
170,HONPAC__ligand236-0
171,HONPAC__ligand8-0
172,HONPAC__ligand353-0
173,HONPAC__ligand2915-0
174,HONPAC__ligand4175-0
175,HONPAC__ligand481-0
176,HONPAC__ligand314-0
177,HONPAC__ligand2255-0
178,HONPAC__ligand1918-0
179,HONPAC__ligand391-0
180,HONPAC__ligand170-0
181,HONPAC__ligand4370-0
182,HONPAC__ligand210-0
183,HONPAC__ligand85-0
184,HONPAC__ligand78-0
185,HONPAC__ligand45-0
186,HONPAC__ligand1436-0
187,HONPAC__ligand2618-0
188,HONPAC__ligand3618-0
189,HONPAC__ligand115-0
190,HONPAC__ligand3852-0
191,HONPAC__ligand3478-0
192,HONPAC__ligand5758-0
193,HONPAC__ligand10114-0
194,HONPAC__ligand7456-0
195,HONPAC__ligand1818-0
196,HONPAC__ligand291-0
197,HONPAC__ligand784-0
198,HONPAC__ligand3251-0
199,HONPAC__ligand355-0
200,HONPAC__ligand485-0
201,HONPAC__ligand6143-0
202,HONPAC__ligand5235-0
203,HONPAC__ligand10479-0
204,HONPAC__ligand4619-0
205,HONPAC__ligand1493-0
206,HONPAC__ligand2718-0
207,HONPAC__ligand3035-0
208,HONPAC__ligand3070-0
209,HONPAC__ligand9176-0
210,HONPAC__ligand133-0
211,HONPAC__ligand7550-0
212,HONPAC__ligand447-0
213,HONPAC__ligand487-0
214,HONPAC__ligand5093-0
215,HONPAC__ligand2954-0
216,HONPAC__ligand1160-0
217,HONPAC__ligand2253-0
218,HONPAC__ligand1038-0
219,HONPAC__ligand522-0
220,HONPAC__ligand67-0
221,HONPAC__ligand14530-0
222,HONPAC__ligand666-0
223,HONPAC__ligand2762-0
224,HONPAC__ligand1907-0
225,HONPAC__ligand4423-0
226,HONPAC__ligand3890-0
227,HONPAC__ligand682-0
228,HONPAC__ligand7630-0
229,HONPAC__ligand1555-0
230,HONPAC__ligand1285-0
231,HONPAC__ligand10910-0
232,HONPAC__ligand2389-0
233,HONPAC__ligand18-0
234,HONPAC__ligand932-0
235,HONPAC__ligand134-0
236,HONPAC__ligand235-0
237,HONPAC__ligand1919-0
238,HONPAC__ligand390-0
239,HONPAC__ligand2110-0
240,HONPAC__ligand2916-0
241,HONPAC__ligand3579-0
242,HONPAC__ligand1712-0
243,HONPAC__ligand560-0
244,HONPAC__ligand525-0
245,HONPAC__ligand109-0
246,HONPAC__ligand331-0
247,HONPAC__ligand8032-0
248,HONPAC__ligand294-0
249,HONPAC__ligand1858-0
250,HONPAC__ligand993-0
251,HONPAC__ligand2315-0
252,HONPAC__ligand2480-0
253,HONPAC__ligand916-0
254,HONPAC__ligand584-0
255,HONPAC__ligand3051-0
256,HONPAC__ligand4504-0
257,HONPAC__ligand1898-0
258,HONPAC__ligand5334-0
259,HONPAC__ligand798-0
260,HONPAC__ligand421-0
261,HONPAC__ligand2482-0
262,HONPAC__ligand1325-0
263,HONPAC__ligand112-0
264,HONPAC__ligand86-0
265,HONPAC__ligand6571-0
266,HONPAC__ligand1104-0
267,HONPAC__ligand7414-0
268,HONPAC__ligand5762-0
269,HONPAC__ligand197-0
270,HONPAC__ligand2442-0
271,HONPAC__ligand1019-0
272,HONPAC__ligand296-0
273,HONPAC__ligand6430-0
274,HONPAC__ligand783-0
275,HONPAC__ligand352-0
276,HONPAC__ligand1299-0
277,HONPAC__ligand1264-0
278,HONPAC__ligand1221-0
279,HONPAC__ligand62-0
280,HONPAC__ligand1379-0
281,HONPAC__ligand2376-0
282,HONPAC__ligand136-0
283,HONPAC__ligand868-0
284,HONPAC__ligand2929-0
285,HONPAC__ligand442-0
286,HONPAC__ligand15630-0
287,HONPAC__ligand10357-0
288,HONPAC__ligand66-0
289,HONPAC__ligand909-0
290,HONPAC__ligand4894-0
291,HONPAC__ligand851-0
292,HONPAC__ligand1260-0
293,HONPAC__ligand9620-0
294,HONPAC__ligand1449-1
295,HONPAC__ligand4811-0
296,HONPAC__ligand934-0
297,HONPAC__ligand177-0
298,HONPAC__ligand7514-0
299,HONPAC__ligand3337-0
300,HONPAC__ligand3566-0
301,HONPAC__ligand1178-0
302,HONPAC__ligand252-0
303,HONPAC__ligand1321-0
304,HONPAC__ligand955-0
305,HONPAC__ligand1788-0
306,HONPAC__ligand193-0
307,HONPAC__ligand830-0
308,HONPAC__ligand40-0
309,HONPAC__ligand6166-0
310,HONPAC__ligand1246-0
311,HONPAC__ligand370-0
312,HONPAC__ligand460-0
313,HONPAC__ligand5089-0
314,HONPAC__ligand2599-0
315,HONPAC__ligand38-0
316,HONPAC__ligand2853-0
317,HONPAC__ligand3853-0
318,HONPAC__ligand250-0
319,HONPAC__ligand444-0
320,HONPAC__ligand369-0
321,HONPAC__ligand188-0
322,HONPAC__ligand1307-0
323,HONPAC__ligand21-0
324,HONPAC__ligand311-0
