,TMC
0,CUHXIN__ligand442-0
1,CUHXIN__ligand868-0
2,CUHXIN__ligand136-0
3,CUHXIN__ligand1307-0
4,CUHXIN__ligand783-0
5,CUHXIN__ligand352-0
6,CUHXIN__ligand296-0
7,CUHXIN__ligand67-0
8,CUHXIN__ligand6166-0
9,CUHXIN__ligand197-0
10,CUHXIN__ligand1246-0
11,CUHXIN__ligand5089-0
12,CUHXIN__ligand2599-0
13,CUHXIN__ligand3853-0
14,CUHXIN__ligand2853-0
15,CUHXIN__ligand112-0
16,CUHXIN__ligand3566-0
17,CUHXIN__ligand798-0
18,CUHXIN__ligand421-0
19,CUHXIN__ligand1178-0
20,CUHXIN__ligand916-0
21,CUHXIN__ligand584-0
22,CUHXIN__ligand1321-0
23,CUHXIN__ligand993-0
24,CUHXIN__ligand1788-0
25,CUHXIN__ligand294-0
26,CUHXIN__ligand331-0
27,CUHXIN__ligand109-0
28,CUHXIN__ligand525-0
29,CUHXIN__ligand560-0
30,CUHXIN__ligand4894-0
31,CUHXIN__ligand1260-0
32,CUHXIN__ligand9620-0
33,CUHXIN__ligand390-0
34,CUHXIN__ligand1449-1
35,CUHXIN__ligand4811-0
36,CUHXIN__ligand3337-0
37,CUHXIN__ligand7514-0
38,CUHXIN__ligand235-0
39,CUHXIN__ligand134-0
40,CUHXIN__ligand932-0
41,CUHXIN__ligand1264-0
42,CUHXIN__ligand1221-0
43,CUHXIN__ligand6430-0
44,CUHXIN__ligand1299-0
45,CUHXIN__ligand311-0
46,CUHXIN__ligand1379-0
47,CUHXIN__ligand11730-0
48,CUHXIN__ligand45-0
49,CUHXIN__ligand78-0
50,CUHXIN__ligand85-0
51,CUHXIN__ligand2376-0
52,CUHXIN__ligand188-0
53,CUHXIN__ligand444-0
54,CUHXIN__ligand369-0
55,CUHXIN__ligand2929-0
56,CUHXIN__ligand250-0
57,CUHXIN__ligand6571-0
58,CUHXIN__ligand1325-0
59,CUHXIN__ligand2482-0
60,CUHXIN__ligand460-0
61,CUHXIN__ligand370-0
62,CUHXIN__ligand7414-0
63,CUHXIN__ligand5762-0
64,CUHXIN__ligand1104-0
65,CUHXIN__ligand2442-0
66,CUHXIN__ligand1019-0
67,CUHXIN__ligand830-0
68,CUHXIN__ligand1858-0
69,CUHXIN__ligand193-0
70,CUHXIN__ligand8-0
71,CUHXIN__ligand8032-0
72,CUHXIN__ligand3051-0
73,CUHXIN__ligand4504-0
74,CUHXIN__ligand2480-0
75,CUHXIN__ligand955-0
76,CUHXIN__ligand1898-0
77,CUHXIN__ligand2315-0
78,CUHXIN__ligand252-0
79,CUHXIN__ligand5334-0
80,CUHXIN__ligand934-0
81,CUHXIN__ligand2389-0
82,CUHXIN__ligand177-0
83,CUHXIN__ligand1919-0
84,CUHXIN__ligand3579-0
85,CUHXIN__ligand851-0
86,CUHXIN__ligand2110-0
87,CUHXIN__ligand2916-0
88,CUHXIN__ligand909-0
89,CUHXIN__ligand1712-0
90,CUHXIN__ligand4423-0
91,CUHXIN__ligand1907-0
92,CUHXIN__ligand3890-0
93,CUHXIN__ligand21-0
94,CUHXIN__ligand7630-0
95,CUHXIN__ligand210-0
96,CUHXIN__ligand1285-0
97,CUHXIN__ligand1555-0
98,CUHXIN__ligand7550-0
99,CUHXIN__ligand170-0
100,CUHXIN__ligand38-0
101,CUHXIN__ligand391-0
102,CUHXIN__ligand2253-0
103,CUHXIN__ligand1160-0
104,CUHXIN__ligand314-0
105,CUHXIN__ligand5093-0
106,CUHXIN__ligand2954-0
107,CUHXIN__ligand481-0
108,CUHXIN__ligand40-0
109,CUHXIN__ligand2762-0
110,CUHXIN__ligand1038-0
111,CUHXIN__ligand353-0
112,CUHXIN__ligand3251-0
113,CUHXIN__ligand4619-0
114,CUHXIN__ligand5235-0
115,CUHXIN__ligand6143-0
116,CUHXIN__ligand2718-0
117,CUHXIN__ligand3035-0
118,CUHXIN__ligand3070-0
119,CUHXIN__ligand236-0
120,CUHXIN__ligand1493-0
121,CUHXIN__ligand9176-0
122,CUHXIN__ligand3478-0
123,CUHXIN__ligand3852-0
124,CUHXIN__ligand113-0
125,CUHXIN__ligand422-0
126,CUHXIN__ligand5758-0
127,CUHXIN__ligand7456-0
128,CUHXIN__ligand66-0
129,CUHXIN__ligand1818-0
130,CUHXIN__ligand196-0
131,CUHXIN__ligand502-0
132,CUHXIN__ligand4370-0
133,CUHXIN__ligand682-0
134,CUHXIN__ligand62-0
135,CUHXIN__ligand1436-0
136,CUHXIN__ligand3618-0
137,CUHXIN__ligand2618-0
138,CUHXIN__ligand666-0
139,CUHXIN__ligand4175-0
140,CUHXIN__ligand522-0
141,CUHXIN__ligand2255-0
142,CUHXIN__ligand487-0
143,CUHXIN__ligand447-0
144,CUHXIN__ligand1918-0
145,CUHXIN__ligand86-0
146,CUHXIN__ligand133-0
147,CUHXIN__ligand3196-0
148,CUHXIN__ligand4012-0
149,CUHXIN__ligand2915-0
150,CUHXIN__ligand485-0
151,CUHXIN__ligand784-0
152,CUHXIN__ligand355-0
153,CUHXIN__ligand2707-0
154,CUHXIN__ligand291-0
155,CUHXIN__ligand1690-0
156,CUHXIN__ligand1551-0
157,CUHXIN__ligand2526-0
158,CUHXIN__ligand115-0
159,CUHXIN__ligand18-0
160,CUHXIN__ligand10114-0
161,CUHXIN__ligand1171-0
162,CUHXIN__ligand51-0
163,CUHXIN__ligand119-0
164,CUHXIN__ligand3063-0
165,CUHXIN__ligand1438-0
166,CUHXIN__ligand124-0
167,CUHXIN__ligand29-0
168,CUHXIN__ligand91-0
169,CUHXIN__ligand5801-0
170,CUHXIN__ligand201-0
171,CUHXIN__ligand244-0
172,CUHXIN__ligand10479-0
173,CUHXIN__ligand1459-0
174,CUHXIN__ligand100-0
175,CUHXIN__ligand48-0
176,CUHXIN__ligand1544-0
177,CUHXIN__ligand321-0
178,CUHXIN__ligand1685-0
179,CUHXIN__ligand3757-0
180,CUHXIN__ligand178-0
181,CUHXIN__ligand279-0
182,CUHXIN__ligand2087-0
183,CUHXIN__ligand1048-0
184,CUHXIN__ligand1687-0
185,CUHXIN__ligand861-0
186,CUHXIN__ligand1951-0
187,CUHXIN__ligand366-0
188,CUHXIN__ligand187-0
189,CUHXIN__ligand6277-0
190,CUHXIN__ligand612-0
191,CUHXIN__ligand32-0
192,CUHXIN__ligand1376-0
193,CUHXIN__ligand596-0
194,CUHXIN__ligand2768-0
195,CUHXIN__ligand14530-0
196,CUHXIN__ligand2259-0
197,CUHXIN__ligand2688-0
198,CUHXIN__ligand126-0
199,CUHXIN__ligand4381-0
200,CUHXIN__ligand2629-0
201,CUHXIN__ligand10910-0
202,CUHXIN__ligand3734-0
203,CUHXIN__ligand1706-0
204,CUHXIN__ligand6332-0
205,CUHXIN__ligand3178-0
206,CUHXIN__ligand757-0
207,CUHXIN__ligand2863-0
208,CUHXIN__ligand1-0
209,CUHXIN__ligand2098-0
210,CUHXIN__ligand6502-0
211,CUHXIN__ligand1747-0
212,CUHXIN__ligand6686-0
213,CUHXIN__ligand57-0
214,CUHXIN__ligand7915-0
215,CUHXIN__ligand5548-0
216,CUHXIN__ligand3145-0
217,CUHXIN__ligand797-0
218,CUHXIN__ligand73-0
219,CUHXIN__ligand2751-0
220,CUHXIN__ligand2634-0
221,CUHXIN__ligand1542-0
222,CUHXIN__ligand3041-0
223,CUHXIN__ligand9244-0
224,CUHXIN__ligand1228-0
225,CUHXIN__ligand141-0
226,CUHXIN__ligand240-0
227,CUHXIN__ligand34-0
228,CUHXIN__ligand1538-0
229,CUHXIN__ligand1114-0
230,CUHXIN__ligand55-0
231,CUHXIN__ligand3246-0
232,CUHXIN__ligand384-0
233,CUHXIN__ligand1148-0
234,CUHXIN__ligand95-0
235,CUHXIN__ligand3-0
236,CUHXIN__ligand1479-0
237,CUHXIN__ligand120-0
238,CUHXIN__ligand1502-0
239,CUHXIN__ligand4983-0
240,CUHXIN__ligand15630-0
241,CUHXIN__ligand2794-0
242,CUHXIN__ligand2345-0
243,CUHXIN__ligand1835-0
244,CUHXIN__ligand10357-0
245,CUHXIN__ligand9027-0
246,CUHXIN__ligand6396-0
247,CUHXIN__ligand1113-0
248,CUHXIN__ligand2265-0
249,CUHXIN__ligand17-0
250,CUHXIN__ligand1273-0
251,CUHXIN__ligand383-0
252,CUHXIN__ligand226-0
253,CUHXIN__ligand92-0
254,CUHXIN__ligand1052-0
255,CUHXIN__ligand162-0
256,CUHXIN__ligand4-0
257,CUHXIN__ligand2864-0
258,CUHXIN__ligand6-0
259,CUHXIN__ligand509-0
260,CUHXIN__ligand571-0
261,CUHXIN__ligand6538-0
262,CUHXIN__ligand670-0
263,CUHXIN__ligand9495-0
264,CUHXIN__ligand6151-0
265,CUHXIN__ligand118-0
266,CUHXIN__ligand2772-0
267,CUHXIN__ligand2142-0
268,CUHXIN__ligand2838-0
269,CUHXIN__ligand3838-0
270,CUHXIN__ligand1799-0
271,CUHXIN__ligand2880-0
272,CUHXIN__ligand5941-0
273,CUHXIN__ligand278-0
274,CUHXIN__ligand89-0
275,CUHXIN__ligand365-0
276,CUHXIN__ligand358-0
277,CUHXIN__ligand5022-0
278,CUHXIN__ligand1169-0
279,CUHXIN__ligand430-0
280,CUHXIN__ligand49-0
281,CUHXIN__ligand669-0
282,CUHXIN__ligand324-0
283,CUHXIN__ligand361-0
284,CUHXIN__ligand409-0
285,CUHXIN__ligand140-0
286,CUHXIN__ligand105-0
287,CUHXIN__ligand8774-0
288,CUHXIN__ligand3637-0
289,CUHXIN__ligand199-0
290,CUHXIN__ligand1054-0
291,CUHXIN__ligand6294-0
292,CUHXIN__ligand927-0
293,CUHXIN__ligand1248-0
294,CUHXIN__ligand4303-0
295,CUHXIN__ligand1598-0
296,CUHXIN__ligand7464-0
297,CUHXIN__ligand11-0
298,CUHXIN__ligand575-0
299,CUHXIN__ligand497-0
300,CUHXIN__ligand2907-0
301,CUHXIN__ligand1703-0
302,CUHXIN__ligand2430-0
303,CUHXIN__ligand532-0
304,CUHXIN__ligand918-0
305,CUHXIN__ligand633-0
306,CUHXIN__ligand166-0
307,CUHXIN__ligand2862-0
308,CUHXIN__ligand2320-0
309,CUHXIN__ligand1056-0
310,CUHXIN__ligand2510-0
311,CUHXIN__ligand2285-0
312,CUHXIN__ligand838-0
313,CUHXIN__ligand1567-0
314,CUHXIN__ligand8921-0
315,CUHXIN__ligand206-0
316,CUHXIN__ligand142-0
317,CUHXIN__ligand436-0
318,CUHXIN__ligand1607-0
319,CUHXIN__ligand1152-0
320,CUHXIN__ligand326-0
321,CUHXIN__ligand821-0
322,CUHXIN__ligand283-0
323,CUHXIN__ligand553-0
324,CUHXIN__ligand1727-0
