,TMC
0,LUNCED__ligand657-0
1,LUNCED__ligand2221-0
2,LUNCED__ligand18757-0
3,LUNCED__ligand24560-0
4,LUNCED__ligand187-0
5,LUNCED__ligand3926-0
6,LUNCED__ligand3120-0
7,LUNCED__ligand20844-0
8,LUNCED__ligand18413-0
9,LUNCED__ligand4358-0
10,LUNCED__ligand24624-0
11,LUNCED__ligand366-0
12,LUNCED__ligand5595-0
13,LUNCED__ligand4101-0
14,LUNCED__ligand777-0
15,LUNCED__ligand14339-0
16,LUNCED__ligand1376-0
17,LUNCED__ligand30788-0
18,LUNCED__ligand5510-0
19,LUNCED__ligand13691-0
20,LUNCED__ligand9773-0
21,LUNCED__ligand8592-0
22,LUNCED__ligand21752-0
23,LUNCED__ligand5099-0
24,LUNCED__ligand1197-0
25,LUNCED__ligand2259-0
26,LUNCED__ligand1296-0
27,LUNCED__ligand596-0
28,LUNCED__ligand941-0
29,LUNCED__ligand21940-0
30,LUNCED__ligand25048-0
31,LUNCED__ligand3867-0
32,LUNCED__ligand1317-0
33,LUNCED__ligand7293-0
34,LUNCED__ligand2822-0
35,LUNCED__ligand13755-0
36,LUNCED__ligand16133-0
37,LUNCED__ligand163-0
38,LUNCED__ligand126-0
39,LUNCED__ligand2238-0
40,LUNCED__ligand27122-0
41,LUNCED__ligand20432-0
42,LUNCED__ligand5304-0
43,LUNCED__ligand23445-0
44,LUNCED__ligand24953-0
45,LUNCED__ligand9167-0
46,LUNCED__ligand5080-0
47,LUNCED__ligand7762-0
48,LUNCED__ligand845-0
49,LUNCED__ligand20557-0
50,LUNCED__ligand30004-0
51,LUNCED__ligand1407-0
52,LUNCED__ligand6117-0
53,LUNCED__ligand8002-0
54,LUNCED__ligand5509-0
55,LUNCED__ligand21448-0
56,LUNCED__ligand5383-0
57,LUNCED__ligand2693-0
58,LUNCED__ligand3945-0
59,LUNCED__ligand22357-0
60,LUNCED__ligand11758-0
61,LUNCED__ligand8000-0
62,LUNCED__ligand29214-0
63,LUNCED__ligand3736-0
64,LUNCED__ligand9344-0
65,LUNCED__ligand11544-0
66,LUNCED__ligand11501-0
67,LUNCED__ligand14477-0
68,LUNCED__ligand9883-0
69,LUNCED__ligand3677-1
70,LUNCED__ligand17069-0
71,LUNCED__ligand17445-0
72,LUNCED__ligand7291-0
73,LUNCED__ligand338-0
74,LUNCED__ligand20731-0
75,LUNCED__ligand12413-0
76,LUNCED__ligand9299-0
77,LUNCED__ligand29334-0
78,LUNCED__ligand11798-0
79,LUNCED__ligand4007-0
80,LUNCED__ligand2985-0
81,LUNCED__ligand18-0
82,LUNCED__ligand23682-0
83,LUNCED__ligand29565-0
84,LUNCED__ligand27771-0
85,LUNCED__ligand6699-0
86,LUNCED__ligand18158-0
87,LUNCED__ligand20942-1
88,LUNCED__ligand1294-0
89,LUNCED__ligand16956-0
90,LUNCED__ligand14226-0
91,LUNCED__ligand21339-0
92,LUNCED__ligand1168-0
93,LUNCED__ligand3677-0
94,LUNCED__ligand3632-0
95,LUNCED__ligand201-0
96,LUNCED__ligand27550-0
97,LUNCED__ligand279-0
98,LUNCED__ligand185-0
99,LUNCED__ligand1211-0
100,LUNCED__ligand178-0
101,LUNCED__ligand6892-0
102,LUNCED__ligand2881-0
103,LUNCED__ligand1499-0
104,LUNCED__ligand321-0
105,LUNCED__ligand14007-0
106,LUNCED__ligand1464-0
107,LUNCED__ligand3712-0
108,LUNCED__ligand18019-1
109,LUNCED__ligand240-0
110,LUNCED__ligand9943-0
111,LUNCED__ligand1228-0
112,LUNCED__ligand1604-0
113,LUNCED__ligand16952-0
114,LUNCED__ligand29813-0
115,LUNCED__ligand141-0
116,LUNCED__ligand20220-0
117,LUNCED__ligand1832-0
118,LUNCED__ligand8788-0
119,LUNCED__ligand20121-0
120,LUNCED__ligand15387-0
121,LUNCED__ligand2043-0
122,LUNCED__ligand24851-0
123,LUNCED__ligand2417-0
124,LUNCED__ligand14302-0
125,LUNCED__ligand13657-0
126,LUNCED__ligand14347-0
127,LUNCED__ligand20530-0
128,LUNCED__ligand11698-0
129,LUNCED__ligand10479-0
130,LUNCED__ligand27610-0
131,LUNCED__ligand11479-0
132,LUNCED__ligand1114-0
133,LUNCED__ligand9284-0
134,LUNCED__ligand29441-0
135,LUNCED__ligand10853-0
136,LUNCED__ligand3126-0
137,LUNCED__ligand6391-0
138,LUNCED__ligand768-0
139,LUNCED__ligand19906-0
140,LUNCED__ligand19668-0
141,LUNCED__ligand22353-0
142,LUNCED__ligand5387-0
143,LUNCED__ligand2203-0
144,LUNCED__ligand1289-0
145,LUNCED__ligand1599-0
146,LUNCED__ligand2612-0
147,LUNCED__ligand10151-0
148,LUNCED__ligand38-0
149,LUNCED__ligand384-0
150,LUNCED__ligand9450-0
151,LUNCED__ligand3178-0
152,LUNCED__ligand4807-0
153,LUNCED__ligand122-0
154,LUNCED__ligand19824-0
155,LUNCED__ligand18067-0
156,LUNCED__ligand5159-0
157,LUNCED__ligand11252-0
158,LUNCED__ligand7196-0
159,LUNCED__ligand757-0
160,LUNCED__ligand4-0
161,LUNCED__ligand9753-0
162,LUNCED__ligand1356-0
163,LUNCED__ligand10582-0
164,LUNCED__ligand1787-0
165,LUNCED__ligand5530-0
166,LUNCED__ligand13260-0
167,LUNCED__ligand42-0
168,LUNCED__ligand11606-0
169,LUNCED__ligand4649-0
170,LUNCED__ligand2788-0
171,LUNCED__ligand5649-0
172,LUNCED__ligand31000-0
173,LUNCED__ligand8793-0
174,LUNCED__ligand26673-0
175,LUNCED__ligand3244-0
176,LUNCED__ligand4711-0
177,LUNCED__ligand20821-0
178,LUNCED__ligand2906-0
179,LUNCED__ligand9323-0
180,LUNCED__ligand7273-0
181,LUNCED__ligand16870-0
182,LUNCED__ligand7172-0
183,LUNCED__ligand66-0
184,LUNCED__ligand11622-0
185,LUNCED__ligand11814-0
186,LUNCED__ligand2124-0
187,LUNCED__ligand8612-0
188,LUNCED__ligand16603-0
189,LUNCED__ligand2260-0
190,LUNCED__ligand7092-0
191,LUNCED__ligand1116-0
192,LUNCED__ligand3225-0
193,LUNCED__ligand1153-0
194,LUNCED__ligand5708-0
195,LUNCED__ligand7316-0
196,LUNCED__ligand31205-0
197,LUNCED__ligand6017-0
198,LUNCED__ligand25658-0
199,LUNCED__ligand17686-0
200,LUNCED__ligand693-0
201,LUNCED__ligand11177-0
202,LUNCED__ligand5180-0
203,LUNCED__ligand15455-0
204,LUNCED__ligand22403-0
205,LUNCED__ligand1015-0
206,LUNCED__ligand1050-0
207,LUNCED__ligand27754-0
208,LUNCED__ligand20695-0
209,LUNCED__ligand28540-0
210,LUNCED__ligand11111-0
211,LUNCED__ligand2027-0
212,LUNCED__ligand3-0
213,LUNCED__ligand16369-0
214,LUNCED__ligand78-0
215,LUNCED__ligand45-0
216,LUNCED__ligand29215-0
217,LUNCED__ligand4262-0
218,LUNCED__ligand1028-0
219,LUNCED__ligand2692-0
220,LUNCED__ligand670-0
221,LUNCED__ligand12003-0
222,LUNCED__ligand1618-0
223,LUNCED__ligand26631-0
224,LUNCED__ligand16148-0
225,LUNCED__ligand534-0
226,LUNCED__ligand571-0
227,LUNCED__ligand21399-0
228,LUNCED__ligand10872-0
229,LUNCED__ligand4596-0
230,LUNCED__ligand1498-0
231,LUNCED__ligand19927-0
232,LUNCED__ligand14043-0
233,LUNCED__ligand24-0
234,LUNCED__ligand28559-0
235,LUNCED__ligand26324-0
236,LUNCED__ligand9615-0
237,LUNCED__ligand21729-0
238,LUNCED__ligand27239-0
239,LUNCED__ligand1154-0
240,LUNCED__ligand8529-0
241,LUNCED__ligand1169-0
242,LUNCED__ligand26529-0
243,LUNCED__ligand694-0
244,LUNCED__ligand19-0
245,LUNCED__ligand11618-0
246,LUNCED__ligand358-0
247,LUNCED__ligand430-0
248,LUNCED__ligand488-0
249,LUNCED__ligand31694-0
250,LUNCED__ligand8593-0
251,LUNCED__ligand9944-0
252,LUNCED__ligand696-0
253,LUNCED__ligand29486-0
254,LUNCED__ligand7566-0
255,LUNCED__ligand17427-0
256,LUNCED__ligand2001-0
257,LUNCED__ligand11949-0
258,LUNCED__ligand5201-0
259,LUNCED__ligand12138-0
260,LUNCED__ligand24780-0
261,LUNCED__ligand22129-0
262,LUNCED__ligand656-0
263,LUNCED__ligand1113-0
264,LUNCED__ligand25561-0
265,LUNCED__ligand8553-0
266,LUNCED__ligand4161-0
267,LUNCED__ligand3471-0
268,LUNCED__ligand4124-0
269,LUNCED__ligand30728-0
270,LUNCED__ligand27840-0
271,LUNCED__ligand24872-0
272,LUNCED__ligand24644-0
273,LUNCED__ligand5415-0
274,LUNCED__ligand10033-0
275,LUNCED__ligand12001-0
276,LUNCED__ligand3180-0
277,LUNCED__ligand162-0
278,LUNCED__ligand13385-0
279,LUNCED__ligand14569-0
280,LUNCED__ligand4340-0
281,LUNCED__ligand226-0
282,LUNCED__ligand2281-0
283,LUNCED__ligand2650-0
284,LUNCED__ligand24111-0
285,LUNCED__ligand22444-0
286,LUNCED__ligand1-0
287,LUNCED__ligand2823-0
288,LUNCED__ligand11587-0
289,LUNCED__ligand416-0
290,LUNCED__ligand13220-0
291,LUNCED__ligand23175-0
292,LUNCED__ligand15788-0
293,LUNCED__ligand6995-0
294,LUNCED__ligand17396-0
295,LUNCED__ligand383-0
296,LUNCED__ligand16663-0
297,LUNCED__ligand633-0
298,LUNCED__ligand5755-0
299,LUNCED__ligand4710-0
300,LUNCED__ligand14614-0
301,LUNCED__ligand5085-0
302,LUNCED__ligand3144-0
303,LUNCED__ligand43-0
304,LUNCED__ligand6112-0
305,LUNCED__ligand8042-0
306,LUNCED__ligand24035-0
307,LUNCED__ligand497-0
308,LUNCED__ligand7213-0
309,LUNCED__ligand11994-0
310,LUNCED__ligand1397-0
311,LUNCED__ligand1828-0
312,LUNCED__ligand31842-0
313,LUNCED__ligand31044-0
314,LUNCED__ligand20207-0
315,LUNCED__ligand30711-0
316,LUNCED__ligand5630-0
317,LUNCED__ligand11682-0
318,LUNCED__ligand1786-0
319,LUNCED__ligand3285-0
320,LUNCED__ligand4795-0
321,LUNCED__ligand16988-0
322,LUNCED__ligand25913-0
323,LUNCED__ligand1908-0
324,LUNCED__ligand6663-0
325,LUNCED__ligand11970-0
326,LUNCED__ligand436-0
327,LUNCED__ligand5515-0
328,LUNCED__ligand15883-0
329,LUNCED__ligand1831-0
330,LUNCED__ligand5280-0
331,LUNCED__ligand5614-0
332,LUNCED__ligand24230-0
333,LUNCED__ligand28810-0
334,LUNCED__ligand11447-0
335,LUNCED__ligand11096-0
336,LUNCED__ligand19792-0
337,LUNCED__ligand10828-0
338,LUNCED__ligand15926-0
339,LUNCED__ligand692-0
340,LUNCED__ligand10056-0
341,LUNCED__ligand12365-0
342,LUNCED__ligand1216-0
343,LUNCED__ligand13862-0
344,LUNCED__ligand11357-0
345,LUNCED__ligand15531-0
346,LUNCED__ligand1152-0
347,LUNCED__ligand28743-0
348,LUNCED__ligand3261-0
349,LUNCED__ligand5019-0
350,LUNCED__ligand22294-0
351,LUNCED__ligand1849-0
352,LUNCED__ligand28930-0
353,LUNCED__ligand22168-0
354,LUNCED__ligand67-0
355,LUNCED__ligand21919-0
356,LUNCED__ligand326-0
357,LUNCED__ligand27285-0
358,LUNCED__ligand29029-0
359,LUNCED__ligand1150-0
360,LUNCED__ligand1539-0
361,LUNCED__ligand361-0
362,LUNCED__ligand324-0
363,LUNCED__ligand4207-0
364,LUNCED__ligand409-0
365,LUNCED__ligand23197-0
366,LUNCED__ligand3453-0
367,LUNCED__ligand3416-0
368,LUNCED__ligand3042-0
369,LUNCED__ligand14167-0
370,LUNCED__ligand13477-0
371,LUNCED__ligand4063-0
372,LUNCED__ligand27669-0
373,LUNCED__ligand8200-0
374,LUNCED__ligand7438-0
375,LUNCED__ligand30142-0
376,LUNCED__ligand19184-0
377,LUNCED__ligand9750-0
378,LUNCED__ligand6993-0
379,LUNCED__ligand1817-0
380,LUNCED__ligand1779-0
381,LUNCED__ligand1149-0
382,LUNCED__ligand3980-0
383,LUNCED__ligand3557-0
384,LUNCED__ligand199-0
385,LUNCED__ligand28459-0
386,LUNCED__ligand18448-0
387,LUNCED__ligand12453-0
388,LUNCED__ligand7075-0
389,LUNCED__ligand10371-0
390,LUNCED__ligand1288-0
391,LUNCED__ligand588-0
392,LUNCED__ligand13672-0
393,LUNCED__ligand4167-0
394,LUNCED__ligand9491-0
395,LUNCED__ligand300-0
396,LUNCED__ligand28685-0
397,LUNCED__ligand1400-0
398,LUNCED__ligand4266-0
399,LUNCED__ligand18568-0
400,LUNCED__ligand685-0
401,LUNCED__ligand12427-0
402,LUNCED__ligand4332-0
403,LUNCED__ligand28468-0
404,LUNCED__ligand20740-0
405,LUNCED__ligand9681-0
406,LUNCED__ligand16628-0
407,LUNCED__ligand7530-0
408,LUNCED__ligand1065-0
409,LUNCED__ligand27460-0
410,LUNCED__ligand1449-0
411,LUNCED__ligand421-0
412,LUNCED__ligand3012-0
413,LUNCED__ligand30333-0
414,LUNCED__ligand12606-0
415,LUNCED__ligand2403-0
416,LUNCED__ligand30296-0
417,LUNCED__ligand6882-0
418,LUNCED__ligand17281-0
419,LUNCED__ligand6455-0
420,LUNCED__ligand294-0
421,LUNCED__ligand26540-0
422,LUNCED__ligand3934-0
423,LUNCED__ligand12337-0
424,LUNCED__ligand29410-0
425,LUNCED__ligand7529-0
426,LUNCED__ligand31783-0
427,LUNCED__ligand1415-0
428,LUNCED__ligand6946-0
429,LUNCED__ligand11-0
430,LUNCED__ligand9148-0
431,LUNCED__ligand14297-0
432,LUNCED__ligand560-0
433,LUNCED__ligand14603-0
434,LUNCED__ligand17258-0
435,LUNCED__ligand17631-0
436,LUNCED__ligand13012-0
437,LUNCED__ligand26665-0
438,LUNCED__ligand18832-0
439,LUNCED__ligand27175-0
440,LUNCED__ligand23713-0
441,LUNCED__ligand5483-0
442,LUNCED__ligand134-0
443,LUNCED__ligand235-0
444,LUNCED__ligand5316-0
445,LUNCED__ligand30988-0
446,LUNCED__ligand14723-0
447,LUNCED__ligand2830-0
448,LUNCED__ligand27893-0
449,LUNCED__ligand69-0
450,LUNCED__ligand5627-0
451,LUNCED__ligand15422-0
452,LUNCED__ligand12934-0
453,LUNCED__ligand20578-0
454,LUNCED__ligand1729-0
455,LUNCED__ligand19641-0
456,LUNCED__ligand15585-0
457,LUNCED__ligand12401-0
458,LUNCED__ligand6062-0
459,LUNCED__ligand24145-0
460,LUNCED__ligand5813-0
461,LUNCED__ligand4813-0
462,LUNCED__ligand10476-0
463,LUNCED__ligand4738-0
464,LUNCED__ligand19830-0
465,LUNCED__ligand13068-0
466,LUNCED__ligand12289-0
467,LUNCED__ligand18292-0
468,LUNCED__ligand13658-0
469,LUNCED__ligand868-0
470,LUNCED__ligand26702-0
471,LUNCED__ligand17387-0
472,LUNCED__ligand12130-0
473,LUNCED__ligand12231-0
474,LUNCED__ligand6283-0
475,LUNCED__ligand17302-0
476,LUNCED__ligand352-0
477,LUNCED__ligand783-0
478,LUNCED__ligand7107-0
479,LUNCED__ligand17805-0
480,LUNCED__ligand24185-0
481,LUNCED__ligand3215-0
482,LUNCED__ligand23769-0
483,LUNCED__ligand25178-0
484,LUNCED__ligand12641-0
485,LUNCED__ligand2068-0
486,LUNCED__ligand10958-0
487,LUNCED__ligand7925-0
488,LUNCED__ligand3973-0
489,LUNCED__ligand197-0
490,LUNCED__ligand14108-0
491,LUNCED__ligand1147-0
492,LUNCED__ligand18814-0
493,LUNCED__ligand19057-0
494,LUNCED__ligand2599-0
495,LUNCED__ligand29302-0
496,LUNCED__ligand13425-0
497,LUNCED__ligand4330-0
498,LUNCED__ligand4194-0
499,LUNCED__ligand7532-0
500,LUNCED__ligand10262-0
501,LUNCED__ligand28676-0
502,LUNCED__ligand27763-0
503,LUNCED__ligand12030-0
504,LUNCED__ligand1900-0
505,LUNCED__ligand29879-0
506,LUNCED__ligand14248-0
507,LUNCED__ligand9197-0
508,LUNCED__ligand28884-0
509,LUNCED__ligand193-0
510,LUNCED__ligand13331-0
511,LUNCED__ligand3029-0
512,LUNCED__ligand7162-0
513,LUNCED__ligand372-0
514,LUNCED__ligand31832-0
515,LUNCED__ligand2328-0
516,LUNCED__ligand1773-0
517,LUNCED__ligand4581-0
518,LUNCED__ligand830-0
519,LUNCED__ligand13294-0
520,LUNCED__ligand7573-0
521,LUNCED__ligand2781-0
522,LUNCED__ligand3350-0
523,LUNCED__ligand25411-0
524,LUNCED__ligand6672-0
525,LUNCED__ligand9809-0
526,LUNCED__ligand1327-0
527,LUNCED__ligand8722-0
528,LUNCED__ligand252-0
529,LUNCED__ligand14174-0
530,LUNCED__ligand10712-0
531,LUNCED__ligand3208-0
532,LUNCED__ligand2208-0
533,LUNCED__ligand11456-0
534,LUNCED__ligand116-0
535,LUNCED__ligand20682-0
536,LUNCED__ligand7557-0
537,LUNCED__ligand1496-0
538,LUNCED__ligand13390-0
539,LUNCED__ligand177-0
540,LUNCED__ligand1533-0
541,LUNCED__ligand5094-0
542,LUNCED__ligand5892-0
543,LUNCED__ligand909-0
544,LUNCED__ligand4131-0
545,LUNCED__ligand1712-0
546,LUNCED__ligand26810-0
547,LUNCED__ligand27482-0
548,LUNCED__ligand17-0
549,LUNCED__ligand13208-0
550,LUNCED__ligand20419-0
551,LUNCED__ligand1165-0
552,LUNCED__ligand620-0
553,LUNCED__ligand370-1
554,LUNCED__ligand21371-0
555,LUNCED__ligand17118-0
556,LUNCED__ligand9525-0
557,LUNCED__ligand3157-0
558,LUNCED__ligand564-0
559,LUNCED__ligand28789-0
560,LUNCED__ligand29568-0
561,LUNCED__ligand479-0
562,LUNCED__ligand1379-0
563,LUNCED__ligand311-0
564,LUNCED__ligand2722-0
565,LUNCED__ligand785-0
566,LUNCED__ligand14889-0
567,LUNCED__ligand30851-0
568,LUNCED__ligand5935-0
569,LUNCED__ligand20539-0
570,LUNCED__ligand20251-0
571,LUNCED__ligand1768-0
572,LUNCED__ligand20214-0
573,LUNCED__ligand30702-0
574,LUNCED__ligand3871-0
575,LUNCED__ligand1469-0
576,LUNCED__ligand31097-0
577,LUNCED__ligand21581-0
578,LUNCED__ligand1688-0
579,LUNCED__ligand188-0
580,LUNCED__ligand5357-0
581,LUNCED__ligand14117-0
582,LUNCED__ligand3647-0
583,LUNCED__ligand17261-0
584,LUNCED__ligand5056-0
585,LUNCED__ligand4850-0
586,LUNCED__ligand49-0
587,LUNCED__ligand16475-0
588,LUNCED__ligand14703-0
589,LUNCED__ligand1709-0
590,LUNCED__ligand8464-0
591,LUNCED__ligand8349-0
592,LUNCED__ligand2527-0
593,LUNCED__ligand250-0
594,LUNCED__ligand20251-1
595,LUNCED__ligand17278-0
596,LUNCED__ligand20011-0
597,LUNCED__ligand17982-0
598,LUNCED__ligand29414-0
599,LUNCED__ligand5849-0
600,LUNCED__ligand1771-0
601,LUNCED__ligand4911-0
602,LUNCED__ligand89-0
603,LUNCED__ligand17398-0
604,LUNCED__ligand20598-0
605,LUNCED__ligand3392-0
606,LUNCED__ligand11675-0
607,LUNCED__ligand370-0
608,LUNCED__ligand24047-0
609,LUNCED__ligand10589-0
610,LUNCED__ligand22557-0
611,LUNCED__ligand15168-0
612,LUNCED__ligand1263-0
613,LUNCED__ligand9908-0
614,LUNCED__ligand353-0
615,LUNCED__ligand57-0
616,LUNCED__ligand7106-0
617,LUNCED__ligand24064-0
618,LUNCED__ligand7242-0
619,LUNCED__ligand23589-0
620,LUNCED__ligand393-0
621,LUNCED__ligand1844-0
622,LUNCED__ligand4661-0
623,LUNCED__ligand3718-0
624,LUNCED__ligand6616-0
625,LUNCED__ligand3876-0
626,LUNCED__ligand1343-0
627,LUNCED__ligand3035-0
628,LUNCED__ligand1573-0
629,LUNCED__ligand1536-0
630,LUNCED__ligand9935-0
631,LUNCED__ligand26277-0
632,LUNCED__ligand29898-0
633,LUNCED__ligand31618-0
634,LUNCED__ligand11432-0
635,LUNCED__ligand3504-0
636,LUNCED__ligand10432-0
637,LUNCED__ligand1959-0
638,LUNCED__ligand22755-0
639,LUNCED__ligand2485-0
640,LUNCED__ligand422-0
641,LUNCED__ligand3852-0
642,LUNCED__ligand6919-0
643,LUNCED__ligand24750-0
644,LUNCED__ligand25224-0
645,LUNCED__ligand18013-0
646,LUNCED__ligand3565-0
647,LUNCED__ligand17945-0
648,LUNCED__ligand5331-0
649,LUNCED__ligand686-0
650,LUNCED__ligand31578-0
651,LUNCED__ligand1512-0
652,LUNCED__ligand17207-0
653,LUNCED__ligand3131-0
654,LUNCED__ligand3174-0
655,LUNCED__ligand1202-0
656,LUNCED__ligand3937-0
657,LUNCED__ligand8969-0
658,LUNCED__ligand29087-0
659,LUNCED__ligand196-0
660,LUNCED__ligand6839-0
661,LUNCED__ligand4720-0
662,LUNCED__ligand18703-0
663,LUNCED__ligand15438-0
664,LUNCED__ligand3094-0
665,LUNCED__ligand28924-0
666,LUNCED__ligand4155-0
667,LUNCED__ligand8-0
668,LUNCED__ligand5211-0
669,LUNCED__ligand314-1
670,LUNCED__ligand2232-0
671,LUNCED__ligand13072-0
672,LUNCED__ligand9291-0
673,LUNCED__ligand12336-0
674,LUNCED__ligand2176-0
675,LUNCED__ligand5256-0
676,LUNCED__ligand34-0
677,LUNCED__ligand7648-0
678,LUNCED__ligand2828-0
679,LUNCED__ligand8876-0
680,LUNCED__ligand9833-0
681,LUNCED__ligand4157-0
682,LUNCED__ligand465-0
683,LUNCED__ligand4546-0
684,LUNCED__ligand12682-0
685,LUNCED__ligand18699-0
686,LUNCED__ligand4503-0
687,LUNCED__ligand7000-0
688,LUNCED__ligand17240-0
689,LUNCED__ligand1982-0
690,LUNCED__ligand6768-0
691,LUNCED__ligand8115-0
692,LUNCED__ligand1285-0
693,LUNCED__ligand17590-0
694,LUNCED__ligand7280-0
695,LUNCED__ligand1304-0
696,LUNCED__ligand1790-0
697,LUNCED__ligand68-0
698,LUNCED__ligand391-0
699,LUNCED__ligand17710-0
700,LUNCED__ligand20579-0
701,LUNCED__ligand11568-0
702,LUNCED__ligand7238-0
703,LUNCED__ligand618-0
704,LUNCED__ligand21421-0
705,LUNCED__ligand4016-0
706,LUNCED__ligand1219-0
707,LUNCED__ligand6709-0
708,LUNCED__ligand11774-0
709,LUNCED__ligand14586-0
710,LUNCED__ligand7867-0
711,LUNCED__ligand3954-0
712,LUNCED__ligand4442-0
713,LUNCED__ligand4093-0
714,LUNCED__ligand24613-0
715,LUNCED__ligand1160-0
716,LUNCED__ligand8699-0
717,LUNCED__ligand19725-0
718,LUNCED__ligand9520-0
719,LUNCED__ligand31483-0
720,LUNCED__ligand9784-0
721,LUNCED__ligand10555-0
722,LUNCED__ligand813-0
723,LUNCED__ligand7629-0
724,LUNCED__ligand4272-0
725,LUNCED__ligand1451-0
726,LUNCED__ligand55-0
727,LUNCED__ligand780-0
728,LUNCED__ligand314-0
729,LUNCED__ligand9933-0
730,LUNCED__ligand1575-0
731,LUNCED__ligand1530-0
732,LUNCED__ligand18074-0
733,LUNCED__ligand13869-0
734,LUNCED__ligand29863-0
735,LUNCED__ligand1631-0
736,LUNCED__ligand395-0
737,LUNCED__ligand91-0
738,LUNCED__ligand2332-0
739,LUNCED__ligand29610-0
740,LUNCED__ligand9441-0
741,LUNCED__ligand11140-0
742,LUNCED__ligand368-0
743,LUNCED__ligand1378-0
744,LUNCED__ligand51-0
745,LUNCED__ligand784-0
746,LUNCED__ligand16791-0
747,LUNCED__ligand28668-0
748,LUNCED__ligand6244-0
749,LUNCED__ligand18799-0
750,LUNCED__ligand3156-0
751,LUNCED__ligand2915-0
752,LUNCED__ligand18465-0
753,LUNCED__ligand4116-0
754,LUNCED__ligand833-0
755,LUNCED__ligand27074-0
756,LUNCED__ligand1018-0
757,LUNCED__ligand6124-0
758,LUNCED__ligand20599-0
759,LUNCED__ligand3707-0
760,LUNCED__ligand7967-0
761,LUNCED__ligand25805-0
762,LUNCED__ligand22981-0
763,LUNCED__ligand9601-0
764,LUNCED__ligand8992-0
765,LUNCED__ligand18391-0
766,LUNCED__ligand27169-0
767,LUNCED__ligand14523-0
768,LUNCED__ligand2526-0
769,LUNCED__ligand5036-0
770,LUNCED__ligand115-0
771,LUNCED__ligand10084-0
772,LUNCED__ligand1615-0
773,LUNCED__ligand25267-0
774,LUNCED__ligand12467-0
775,LUNCED__ligand9952-0
776,LUNCED__ligand9111-0
777,LUNCED__ligand21936-0
778,LUNCED__ligand48-0
779,LUNCED__ligand8721-0
780,LUNCED__ligand13257-0
781,LUNCED__ligand1324-0
782,LUNCED__ligand23904-0
783,LUNCED__ligand5643-0
784,LUNCED__ligand1823-0
785,LUNCED__ligand30539-0
786,LUNCED__ligand152-0
787,LUNCED__ligand4641-0
788,LUNCED__ligand23906-0
789,LUNCED__ligand11166-0
790,LUNCED__ligand21132-0
791,LUNCED__ligand2028-0
792,LUNCED__ligand8835-0
793,LUNCED__ligand7126-0
794,LUNCED__ligand32-0
795,LUNCED__ligand27835-0
796,LUNCED__ligand12295-0
797,LUNCED__ligand25689-0
798,LUNCED__ligand1142-0
799,LUNCED__ligand3234-0
800,LUNCED__ligand21787-0
801,LUNCED__ligand25575-0
802,LUNCED__ligand506-0
803,LUNCED__ligand12660-0
804,LUNCED__ligand3465-0
805,LUNCED__ligand487-0
806,LUNCED__ligand6102-0
807,LUNCED__ligand3721-0
808,LUNCED__ligand6904-0
809,LUNCED__ligand6596-0
810,LUNCED__ligand16-0
811,LUNCED__ligand13209-0
812,LUNCED__ligand19257-0
813,LUNCED__ligand7819-0
814,LUNCED__ligand25650-0
815,LUNCED__ligand31248-0
816,LUNCED__ligand2917-0
817,LUNCED__ligand176-0
818,LUNCED__ligand2295-0
819,LUNCED__ligand1577-0
820,LUNCED__ligand6067-0
821,LUNCED__ligand12519-0
822,LUNCED__ligand25735-0
823,LUNCED__ligand447-0
824,LUNCED__ligand23124-0
825,LUNCED__ligand11206-0
826,LUNCED__ligand746-0
827,LUNCED__ligand4620-0
