,TMC
0,ZEYSOO__ligand8-0
1,ZEYSOO__ligand18391-0
2,ZEYSOO__ligand6283-0
3,ZEYSOO__ligand27169-0
4,ZEYSOO__ligand14523-0
5,ZEYSOO__ligand16-0
6,ZEYSOO__ligand250-0
7,ZEYSOO__ligand4813-0
8,ZEYSOO__ligand20599-0
9,ZEYSOO__ligand5813-0
10,ZEYSOO__ligand4738-0
11,ZEYSOO__ligand25805-0
12,ZEYSOO__ligand22981-0
13,ZEYSOO__ligand6062-0
14,ZEYSOO__ligand27074-0
15,ZEYSOO__ligand23904-0
16,ZEYSOO__ligand370-0
17,ZEYSOO__ligand21936-0
18,ZEYSOO__ligand13257-0
19,ZEYSOO__ligand3215-0
20,ZEYSOO__ligand12467-0
21,ZEYSOO__ligand7107-0
22,ZEYSOO__ligand10084-0
23,ZEYSOO__ligand25267-0
24,ZEYSOO__ligand11140-0
25,ZEYSOO__ligand1147-0
26,ZEYSOO__ligand479-0
27,ZEYSOO__ligand785-0
28,ZEYSOO__ligand311-0
29,ZEYSOO__ligand29610-0
30,ZEYSOO__ligand3973-0
31,ZEYSOO__ligand620-0
32,ZEYSOO__ligand18074-0
33,ZEYSOO__ligand2068-0
34,ZEYSOO__ligand13869-0
35,ZEYSOO__ligand7925-0
36,ZEYSOO__ligand29863-0
37,ZEYSOO__ligand370-1
38,ZEYSOO__ligand564-0
39,ZEYSOO__ligand18799-0
40,ZEYSOO__ligand188-0
41,ZEYSOO__ligand7532-0
42,ZEYSOO__ligand18465-0
43,ZEYSOO__ligand4194-0
44,ZEYSOO__ligand32-0
45,ZEYSOO__ligand2599-0
46,ZEYSOO__ligand28668-0
47,ZEYSOO__ligand4330-0
48,ZEYSOO__ligand16791-0
49,ZEYSOO__ligand1449-0
50,ZEYSOO__ligand177-0
51,ZEYSOO__ligand3012-0
52,ZEYSOO__ligand25650-0
53,ZEYSOO__ligand1065-0
54,ZEYSOO__ligand7530-0
55,ZEYSOO__ligand31248-0
56,ZEYSOO__ligand13209-0
57,ZEYSOO__ligand19257-0
58,ZEYSOO__ligand9681-0
59,ZEYSOO__ligand12660-0
60,ZEYSOO__ligand4332-0
61,ZEYSOO__ligand23124-0
62,ZEYSOO__ligand11206-0
63,ZEYSOO__ligand3934-0
64,ZEYSOO__ligand12519-0
65,ZEYSOO__ligand25735-0
66,ZEYSOO__ligand6882-0
67,ZEYSOO__ligand6455-0
68,ZEYSOO__ligand2403-0
69,ZEYSOO__ligand909-0
70,ZEYSOO__ligand48-0
71,ZEYSOO__ligand11166-0
72,ZEYSOO__ligand372-0
73,ZEYSOO__ligand21132-0
74,ZEYSOO__ligand9148-0
75,ZEYSOO__ligand830-0
76,ZEYSOO__ligand23906-0
77,ZEYSOO__ligand1415-0
78,ZEYSOO__ligand6946-0
79,ZEYSOO__ligand193-0
80,ZEYSOO__ligand7529-0
81,ZEYSOO__ligand91-0
82,ZEYSOO__ligand30539-0
83,ZEYSOO__ligand5627-0
84,ZEYSOO__ligand1729-0
85,ZEYSOO__ligand252-0
86,ZEYSOO__ligand25689-0
87,ZEYSOO__ligand2830-0
88,ZEYSOO__ligand51-0
89,ZEYSOO__ligand21787-0
90,ZEYSOO__ligand116-0
91,ZEYSOO__ligand25575-0
92,ZEYSOO__ligand27835-0
93,ZEYSOO__ligand12295-0
94,ZEYSOO__ligand5316-0
95,ZEYSOO__ligand5483-0
96,ZEYSOO__ligand197-0
97,ZEYSOO__ligand5935-0
98,ZEYSOO__ligand31578-0
99,ZEYSOO__ligand17207-0
100,ZEYSOO__ligand25224-0
101,ZEYSOO__ligand18013-0
102,ZEYSOO__ligand1379-0
103,ZEYSOO__ligand68-0
104,ZEYSOO__ligand2722-0
105,ZEYSOO__ligand17945-0
106,ZEYSOO__ligand3157-0
107,ZEYSOO__ligand1165-0
108,ZEYSOO__ligand9525-0
109,ZEYSOO__ligand24750-0
110,ZEYSOO__ligand4850-0
111,ZEYSOO__ligand5056-0
112,ZEYSOO__ligand15438-0
113,ZEYSOO__ligand1688-0
114,ZEYSOO__ligand28924-0
115,ZEYSOO__ligand3647-0
116,ZEYSOO__ligand5357-0
117,ZEYSOO__ligand3871-0
118,ZEYSOO__ligand55-0
119,ZEYSOO__ligand18703-0
120,ZEYSOO__ligand1469-0
121,ZEYSOO__ligand29087-0
122,ZEYSOO__ligand1768-0
123,ZEYSOO__ligand868-0
124,ZEYSOO__ligand23589-0
125,ZEYSOO__ligand2527-0
126,ZEYSOO__ligand24064-0
127,ZEYSOO__ligand8464-0
128,ZEYSOO__ligand15168-0
129,ZEYSOO__ligand1709-0
130,ZEYSOO__ligand8349-0
131,ZEYSOO__ligand34-0
132,ZEYSOO__ligand31618-0
133,ZEYSOO__ligand11432-0
134,ZEYSOO__ligand3392-0
135,ZEYSOO__ligand10432-0
136,ZEYSOO__ligand22755-0
137,ZEYSOO__ligand1771-0
138,ZEYSOO__ligand4911-0
139,ZEYSOO__ligand26277-0
140,ZEYSOO__ligand29898-0
141,ZEYSOO__ligand352-0
142,ZEYSOO__ligand783-0
143,ZEYSOO__ligand5849-0
144,ZEYSOO__ligand560-0
145,ZEYSOO__ligand2328-0
146,ZEYSOO__ligand11774-0
147,ZEYSOO__ligand14586-0
148,ZEYSOO__ligand1773-0
149,ZEYSOO__ligand4581-0
150,ZEYSOO__ligand3029-0
151,ZEYSOO__ligand21421-0
152,ZEYSOO__ligand7162-0
153,ZEYSOO__ligand20579-0
154,ZEYSOO__ligand17710-0
155,ZEYSOO__ligand11568-0
156,ZEYSOO__ligand1900-0
157,ZEYSOO__ligand9197-0
158,ZEYSOO__ligand2208-0
159,ZEYSOO__ligand3208-0
160,ZEYSOO__ligand31483-0
161,ZEYSOO__ligand10555-0
162,ZEYSOO__ligand9809-0
163,ZEYSOO__ligand6672-0
164,ZEYSOO__ligand1327-0
165,ZEYSOO__ligand8722-0
166,ZEYSOO__ligand19725-0
167,ZEYSOO__ligand134-0
168,ZEYSOO__ligand3350-0
169,ZEYSOO__ligand7573-0
170,ZEYSOO__ligand2781-0
171,ZEYSOO__ligand24613-0
172,ZEYSOO__ligand235-0
173,ZEYSOO__ligand1533-0
174,ZEYSOO__ligand421-0
175,ZEYSOO__ligand685-0
176,ZEYSOO__ligand12336-0
177,ZEYSOO__ligand1496-0
178,ZEYSOO__ligand7557-0
179,ZEYSOO__ligand57-0
180,ZEYSOO__ligand13072-0
181,ZEYSOO__ligand17590-0
182,ZEYSOO__ligand294-0
183,ZEYSOO__ligand4131-0
184,ZEYSOO__ligand17240-0
185,ZEYSOO__ligand1712-0
186,ZEYSOO__ligand12682-0
187,ZEYSOO__ligand18699-0
188,ZEYSOO__ligand5094-0
189,ZEYSOO__ligand5892-0
190,ZEYSOO__ligand4157-0
191,ZEYSOO__ligand5256-0
192,ZEYSOO__ligand13390-0
193,ZEYSOO__ligand9833-0
194,ZEYSOO__ligand7648-0
195,ZEYSOO__ligand8876-0
196,ZEYSOO__ligand2828-0
197,ZEYSOO__ligand49-0
198,ZEYSOO__ligand20682-0
199,ZEYSOO__ligand9291-0
200,ZEYSOO__ligand487-0
201,ZEYSOO__ligand2176-0
202,ZEYSOO__ligand2232-0
203,ZEYSOO__ligand1285-0
204,ZEYSOO__ligand13208-0
205,ZEYSOO__ligand447-0
206,ZEYSOO__ligand1982-0
207,ZEYSOO__ligand7000-0
208,ZEYSOO__ligand8115-0
209,ZEYSOO__ligand26810-0
210,ZEYSOO__ligand27482-0
211,ZEYSOO__ligand6768-0
212,ZEYSOO__ligand746-0
213,ZEYSOO__ligand176-0
214,ZEYSOO__ligand4546-0
215,ZEYSOO__ligand4503-0
216,ZEYSOO__ligand89-0
217,ZEYSOO__ligand31832-0
218,ZEYSOO__ligand6709-0
219,ZEYSOO__ligand1219-0
220,ZEYSOO__ligand7867-0
221,ZEYSOO__ligand13294-0
222,ZEYSOO__ligand4016-0
223,ZEYSOO__ligand28884-0
224,ZEYSOO__ligand13331-0
225,ZEYSOO__ligand7238-0
226,ZEYSOO__ligand1304-0
227,ZEYSOO__ligand1790-0
228,ZEYSOO__ligand12030-0
229,ZEYSOO__ligand7280-0
230,ZEYSOO__ligand29879-0
231,ZEYSOO__ligand14248-0
232,ZEYSOO__ligand152-0
233,ZEYSOO__ligand7629-0
234,ZEYSOO__ligand11456-0
235,ZEYSOO__ligand4272-0
236,ZEYSOO__ligand1451-0
237,ZEYSOO__ligand9784-0
238,ZEYSOO__ligand506-0
239,ZEYSOO__ligand14174-0
240,ZEYSOO__ligand10712-0
241,ZEYSOO__ligand8699-0
242,ZEYSOO__ligand1160-0
243,ZEYSOO__ligand9520-0
244,ZEYSOO__ligand3954-0
245,ZEYSOO__ligand4093-0
246,ZEYSOO__ligand4442-0
247,ZEYSOO__ligand25411-0
248,ZEYSOO__ligand7242-0
249,ZEYSOO__ligand20251-1
250,ZEYSOO__ligand7106-0
251,ZEYSOO__ligand833-0
252,ZEYSOO__ligand9908-0
253,ZEYSOO__ligand1263-0
254,ZEYSOO__ligand16475-0
255,ZEYSOO__ligand14703-0
256,ZEYSOO__ligand3504-0
257,ZEYSOO__ligand20598-0
258,ZEYSOO__ligand11675-0
259,ZEYSOO__ligand24047-0
260,ZEYSOO__ligand1959-0
261,ZEYSOO__ligand10589-0
262,ZEYSOO__ligand22557-0
263,ZEYSOO__ligand1573-0
264,ZEYSOO__ligand1536-0
265,ZEYSOO__ligand17398-0
266,ZEYSOO__ligand9935-0
267,ZEYSOO__ligand3718-0
268,ZEYSOO__ligand115-0
269,ZEYSOO__ligand6616-0
270,ZEYSOO__ligand3035-0
271,ZEYSOO__ligand3876-0
272,ZEYSOO__ligand1343-0
273,ZEYSOO__ligand17-0
274,ZEYSOO__ligand20011-0
275,ZEYSOO__ligand17278-0
276,ZEYSOO__ligand4661-0
277,ZEYSOO__ligand1844-0
278,ZEYSOO__ligand17982-0
279,ZEYSOO__ligand29414-0
280,ZEYSOO__ligand14889-0
281,ZEYSOO__ligand30851-0
282,ZEYSOO__ligand395-0
283,ZEYSOO__ligand1512-0
284,ZEYSOO__ligand5331-0
285,ZEYSOO__ligand29568-0
286,ZEYSOO__ligand368-0
287,ZEYSOO__ligand3565-0
288,ZEYSOO__ligand28789-0
289,ZEYSOO__ligand20419-0
290,ZEYSOO__ligand3852-0
291,ZEYSOO__ligand2485-0
292,ZEYSOO__ligand21371-0
293,ZEYSOO__ligand6919-0
294,ZEYSOO__ligand17118-0
295,ZEYSOO__ligand5211-0
296,ZEYSOO__ligand14117-0
297,ZEYSOO__ligand4155-0
298,ZEYSOO__ligand3094-0
299,ZEYSOO__ligand17261-0
300,ZEYSOO__ligand4720-0
301,ZEYSOO__ligand784-0
302,ZEYSOO__ligand21581-0
303,ZEYSOO__ligand31097-0
304,ZEYSOO__ligand8969-0
305,ZEYSOO__ligand3131-0
306,ZEYSOO__ligand20539-0
307,ZEYSOO__ligand1202-0
308,ZEYSOO__ligand3937-0
309,ZEYSOO__ligand3174-0
310,ZEYSOO__ligand20251-0
311,ZEYSOO__ligand6839-0
312,ZEYSOO__ligand30702-0
313,ZEYSOO__ligand20214-0
314,ZEYSOO__ligand618-0
315,ZEYSOO__ligand17631-0
316,ZEYSOO__ligand13012-0
317,ZEYSOO__ligand26665-0
318,ZEYSOO__ligand4641-0
319,ZEYSOO__ligand14297-0
320,ZEYSOO__ligand14603-0
321,ZEYSOO__ligand17258-0
322,ZEYSOO__ligand31783-0
323,ZEYSOO__ligand391-0
324,ZEYSOO__ligand15422-0
325,ZEYSOO__ligand12934-0
326,ZEYSOO__ligand20578-0
327,ZEYSOO__ligand813-0
328,ZEYSOO__ligand19641-0
329,ZEYSOO__ligand14723-0
330,ZEYSOO__ligand3234-0
331,ZEYSOO__ligand1142-0
332,ZEYSOO__ligand314-0
333,ZEYSOO__ligand27893-0
334,ZEYSOO__ligand780-0
335,ZEYSOO__ligand30988-0
336,ZEYSOO__ligand18832-0
337,ZEYSOO__ligand27175-0
338,ZEYSOO__ligand8835-0
339,ZEYSOO__ligand2028-0
340,ZEYSOO__ligand23713-0
341,ZEYSOO__ligand7126-0
342,ZEYSOO__ligand27460-0
343,ZEYSOO__ligand7819-0
344,ZEYSOO__ligand2917-0
345,ZEYSOO__ligand6102-0
346,ZEYSOO__ligand314-1
347,ZEYSOO__ligand6596-0
348,ZEYSOO__ligand6904-0
349,ZEYSOO__ligand3721-0
350,ZEYSOO__ligand16628-0
351,ZEYSOO__ligand3465-0
352,ZEYSOO__ligand12427-0
353,ZEYSOO__ligand28468-0
354,ZEYSOO__ligand20740-0
355,ZEYSOO__ligand26540-0
356,ZEYSOO__ligand4620-0
357,ZEYSOO__ligand12337-0
358,ZEYSOO__ligand29410-0
359,ZEYSOO__ligand30296-0
360,ZEYSOO__ligand17281-0
361,ZEYSOO__ligand6067-0
362,ZEYSOO__ligand12606-0
363,ZEYSOO__ligand1577-0
364,ZEYSOO__ligand2295-0
365,ZEYSOO__ligand465-0
366,ZEYSOO__ligand30333-0
367,ZEYSOO__ligand11-0
368,ZEYSOO__ligand2332-0
369,ZEYSOO__ligand14108-0
370,ZEYSOO__ligand9441-0
371,ZEYSOO__ligand686-0
372,ZEYSOO__ligand422-0
373,ZEYSOO__ligand10958-0
374,ZEYSOO__ligand1631-0
375,ZEYSOO__ligand9933-0
376,ZEYSOO__ligand1575-0
377,ZEYSOO__ligand12641-0
378,ZEYSOO__ligand1530-0
379,ZEYSOO__ligand2915-0
380,ZEYSOO__ligand10262-0
381,ZEYSOO__ligand28676-0
382,ZEYSOO__ligand3156-0
383,ZEYSOO__ligand27763-0
384,ZEYSOO__ligand196-0
385,ZEYSOO__ligand29302-0
386,ZEYSOO__ligand13425-0
387,ZEYSOO__ligand6244-0
388,ZEYSOO__ligand1378-0
389,ZEYSOO__ligand18814-0
390,ZEYSOO__ligand19057-0
391,ZEYSOO__ligand69-0
392,ZEYSOO__ligand353-0
393,ZEYSOO__ligand8992-0
394,ZEYSOO__ligand12231-0
395,ZEYSOO__ligand12289-0
396,ZEYSOO__ligand9601-0
397,ZEYSOO__ligand18292-0
398,ZEYSOO__ligand13658-0
399,ZEYSOO__ligand26702-0
400,ZEYSOO__ligand17387-0
401,ZEYSOO__ligand12130-0
402,ZEYSOO__ligand7967-0
403,ZEYSOO__ligand6124-0
404,ZEYSOO__ligand10476-0
405,ZEYSOO__ligand3707-0
406,ZEYSOO__ligand19830-0
407,ZEYSOO__ligand13068-0
408,ZEYSOO__ligand15585-0
409,ZEYSOO__ligand12401-0
410,ZEYSOO__ligand4116-0
411,ZEYSOO__ligand1018-0
412,ZEYSOO__ligand24145-0
413,ZEYSOO__ligand1823-0
414,ZEYSOO__ligand25178-0
415,ZEYSOO__ligand5643-0
416,ZEYSOO__ligand24185-0
417,ZEYSOO__ligand8721-0
418,ZEYSOO__ligand1324-0
419,ZEYSOO__ligand23769-0
420,ZEYSOO__ligand17805-0
421,ZEYSOO__ligand9111-0
422,ZEYSOO__ligand9952-0
423,ZEYSOO__ligand393-0
424,ZEYSOO__ligand1615-0
425,ZEYSOO__ligand17302-0
426,ZEYSOO__ligand5036-0
427,ZEYSOO__ligand2526-0
428,ZEYSOO__ligand19792-0
429,ZEYSOO__ligand9344-0
430,ZEYSOO__ligand10828-0
431,ZEYSOO__ligand15926-0
432,ZEYSOO__ligand8000-0
433,ZEYSOO__ligand24230-0
434,ZEYSOO__ligand3736-0
435,ZEYSOO__ligand28810-0
436,ZEYSOO__ligand11447-0
437,ZEYSOO__ligand11096-0
438,ZEYSOO__ligand15883-0
439,ZEYSOO__ligand3945-0
440,ZEYSOO__ligand2693-0
441,ZEYSOO__ligand5383-0
442,ZEYSOO__ligand11970-0
443,ZEYSOO__ligand21919-0
444,ZEYSOO__ligand2985-0
445,ZEYSOO__ligand4007-0
446,ZEYSOO__ligand22294-0
447,ZEYSOO__ligand28930-0
448,ZEYSOO__ligand22168-0
449,ZEYSOO__ligand9299-0
450,ZEYSOO__ligand11357-0
451,ZEYSOO__ligand13862-0
452,ZEYSOO__ligand7291-0
453,ZEYSOO__ligand15531-0
454,ZEYSOO__ligand28743-0
455,ZEYSOO__ligand10056-0
456,ZEYSOO__ligand12365-0
457,ZEYSOO__ligand3677-1
458,ZEYSOO__ligand9883-0
459,ZEYSOO__ligand693-0
460,ZEYSOO__ligand11994-0
461,ZEYSOO__ligand3677-0
462,ZEYSOO__ligand3632-0
463,ZEYSOO__ligand757-0
464,ZEYSOO__ligand31842-0
465,ZEYSOO__ligand31044-0
466,ZEYSOO__ligand1294-0
467,ZEYSOO__ligand1168-0
468,ZEYSOO__ligand24035-0
469,ZEYSOO__ligand6699-0
470,ZEYSOO__ligand14614-0
471,ZEYSOO__ligand122-0
472,ZEYSOO__ligand16663-0
473,ZEYSOO__ligand3712-0
474,ZEYSOO__ligand1464-0
475,ZEYSOO__ligand3-0
476,ZEYSOO__ligand2881-0
477,ZEYSOO__ligand16988-0
478,ZEYSOO__ligand1499-0
479,ZEYSOO__ligand25913-0
480,ZEYSOO__ligand6892-0
481,ZEYSOO__ligand30711-0
482,ZEYSOO__ligand20207-0
483,ZEYSOO__ligand1211-0
484,ZEYSOO__ligand11682-0
485,ZEYSOO__ligand28459-0
486,ZEYSOO__ligand4101-0
487,ZEYSOO__ligand18448-0
488,ZEYSOO__ligand12453-0
489,ZEYSOO__ligand5595-0
490,ZEYSOO__ligand1-0
491,ZEYSOO__ligand3926-0
492,ZEYSOO__ligand768-0
493,ZEYSOO__ligand3120-0
494,ZEYSOO__ligand4358-0
495,ZEYSOO__ligand2221-0
496,ZEYSOO__ligand19184-0
497,ZEYSOO__ligand2259-0
498,ZEYSOO__ligand28685-0
499,ZEYSOO__ligand18568-0
500,ZEYSOO__ligand1296-0
501,ZEYSOO__ligand384-0
502,ZEYSOO__ligand8592-0
503,ZEYSOO__ligand5099-0
504,ZEYSOO__ligand13672-0
505,ZEYSOO__ligand1197-0
506,ZEYSOO__ligand5510-0
507,ZEYSOO__ligand67-0
508,ZEYSOO__ligand1376-0
509,ZEYSOO__ligand10371-0
510,ZEYSOO__ligand9773-0
511,ZEYSOO__ligand5304-0
512,ZEYSOO__ligand9167-0
513,ZEYSOO__ligand2238-0
514,ZEYSOO__ligand23197-0
515,ZEYSOO__ligand240-0
516,ZEYSOO__ligand27285-0
517,ZEYSOO__ligand141-0
518,ZEYSOO__ligand29029-0
519,ZEYSOO__ligand7293-0
520,ZEYSOO__ligand2822-0
521,ZEYSOO__ligand43-0
522,ZEYSOO__ligand3867-0
523,ZEYSOO__ligand1317-0
524,ZEYSOO__ligand6117-0
525,ZEYSOO__ligand1407-0
526,ZEYSOO__ligand27669-0
527,ZEYSOO__ligand8002-0
528,ZEYSOO__ligand5509-0
529,ZEYSOO__ligand30142-0
530,ZEYSOO__ligand14167-0
531,ZEYSOO__ligand13477-0
532,ZEYSOO__ligand5080-0
533,ZEYSOO__ligand7762-0
534,ZEYSOO__ligand9753-0
535,ZEYSOO__ligand5530-0
536,ZEYSOO__ligand1787-0
537,ZEYSOO__ligand1356-0
538,ZEYSOO__ligand201-0
539,ZEYSOO__ligand5159-0
540,ZEYSOO__ligand7196-0
541,ZEYSOO__ligand21729-0
542,ZEYSOO__ligand27239-0
543,ZEYSOO__ligand14043-0
544,ZEYSOO__ligand4807-0
545,ZEYSOO__ligand28559-0
546,ZEYSOO__ligand26324-0
547,ZEYSOO__ligand3178-0
548,ZEYSOO__ligand19927-0
549,ZEYSOO__ligand2906-0
550,ZEYSOO__ligand11618-0
551,ZEYSOO__ligand321-0
552,ZEYSOO__ligand3244-0
553,ZEYSOO__ligand4711-0
554,ZEYSOO__ligand279-0
555,ZEYSOO__ligand26529-0
556,ZEYSOO__ligand5649-0
557,ZEYSOO__ligand2788-0
558,ZEYSOO__ligand8793-0
559,ZEYSOO__ligand4649-0
560,ZEYSOO__ligand185-0
561,ZEYSOO__ligand178-0
562,ZEYSOO__ligand1116-0
563,ZEYSOO__ligand28540-0
564,ZEYSOO__ligand1153-0
565,ZEYSOO__ligand3225-0
566,ZEYSOO__ligand11111-0
567,ZEYSOO__ligand2260-0
568,ZEYSOO__ligand7092-0
569,ZEYSOO__ligand16369-0
570,ZEYSOO__ligand2124-0
571,ZEYSOO__ligand8612-0
572,ZEYSOO__ligand27754-0
573,ZEYSOO__ligand20695-0
574,ZEYSOO__ligand7172-0
575,ZEYSOO__ligand9323-0
576,ZEYSOO__ligand22403-0
577,ZEYSOO__ligand7273-0
578,ZEYSOO__ligand21399-0
579,ZEYSOO__ligand10872-0
580,ZEYSOO__ligand5180-0
581,ZEYSOO__ligand12003-0
582,ZEYSOO__ligand26631-0
583,ZEYSOO__ligand16148-0
584,ZEYSOO__ligand6017-0
585,ZEYSOO__ligand5708-0
586,ZEYSOO__ligand7316-0
587,ZEYSOO__ligand29215-0
588,ZEYSOO__ligand338-0
589,ZEYSOO__ligand126-0
590,ZEYSOO__ligand163-0
591,ZEYSOO__ligand24-0
592,ZEYSOO__ligand2043-0
593,ZEYSOO__ligand12001-0
594,ZEYSOO__ligand24644-0
595,ZEYSOO__ligand8788-0
596,ZEYSOO__ligand1832-0
597,ZEYSOO__ligand10033-0
598,ZEYSOO__ligand1604-0
599,ZEYSOO__ligand24872-0
600,ZEYSOO__ligand30728-0
601,ZEYSOO__ligand27840-0
602,ZEYSOO__ligand1228-0
603,ZEYSOO__ligand9943-0
604,ZEYSOO__ligand23175-0
605,ZEYSOO__ligand9284-0
606,ZEYSOO__ligand15788-0
607,ZEYSOO__ligand845-0
608,ZEYSOO__ligand17396-0
609,ZEYSOO__ligand6391-0
610,ZEYSOO__ligand3126-0
611,ZEYSOO__ligand1114-0
612,ZEYSOO__ligand11587-0
613,ZEYSOO__ligand13220-0
614,ZEYSOO__ligand2417-0
615,ZEYSOO__ligand24111-0
616,ZEYSOO__ligand22444-0
617,ZEYSOO__ligand13385-0
618,ZEYSOO__ligand14569-0
619,ZEYSOO__ligand19-0
620,ZEYSOO__ligand17427-0
621,ZEYSOO__ligand5387-0
622,ZEYSOO__ligand2203-0
623,ZEYSOO__ligand1289-0
624,ZEYSOO__ligand366-0
625,ZEYSOO__ligand78-0
626,ZEYSOO__ligand657-0
627,ZEYSOO__ligand29486-0
628,ZEYSOO__ligand31694-0
629,ZEYSOO__ligand187-0
630,ZEYSOO__ligand9450-0
631,ZEYSOO__ligand45-0
632,ZEYSOO__ligand941-0
633,ZEYSOO__ligand596-0
634,ZEYSOO__ligand25561-0
635,ZEYSOO__ligand12138-0
636,ZEYSOO__ligand777-0
637,ZEYSOO__ligand24780-0
638,ZEYSOO__ligand2612-0
639,ZEYSOO__ligand22129-0
640,ZEYSOO__ligand1599-0
641,ZEYSOO__ligand11949-0
642,ZEYSOO__ligand66-0
643,ZEYSOO__ligand2001-0
644,ZEYSOO__ligand7566-0
645,ZEYSOO__ligand199-0
646,ZEYSOO__ligand22353-0
647,ZEYSOO__ligand9944-0
648,ZEYSOO__ligand19906-0
649,ZEYSOO__ligand8593-0
650,ZEYSOO__ligand19668-0
651,ZEYSOO__ligand10151-0
652,ZEYSOO__ligand1113-0
653,ZEYSOO__ligand8553-0
654,ZEYSOO__ligand300-0
655,ZEYSOO__ligand588-0
656,ZEYSOO__ligand5201-0
657,ZEYSOO__ligand324-0
658,ZEYSOO__ligand361-0
659,ZEYSOO__ligand20121-0
660,ZEYSOO__ligand409-0
661,ZEYSOO__ligand15387-0
662,ZEYSOO__ligand20220-0
663,ZEYSOO__ligand5415-0
664,ZEYSOO__ligand16952-0
665,ZEYSOO__ligand29813-0
666,ZEYSOO__ligand3471-0
667,ZEYSOO__ligand4161-0
668,ZEYSOO__ligand4124-0
669,ZEYSOO__ligand29441-0
670,ZEYSOO__ligand10853-0
671,ZEYSOO__ligand6995-0
672,ZEYSOO__ligand27610-0
673,ZEYSOO__ligand10479-0
674,ZEYSOO__ligand11479-0
675,ZEYSOO__ligand42-0
676,ZEYSOO__ligand2823-0
677,ZEYSOO__ligand14302-0
678,ZEYSOO__ligand13657-0
679,ZEYSOO__ligand2650-0
680,ZEYSOO__ligand14347-0
681,ZEYSOO__ligand2281-0
682,ZEYSOO__ligand4340-0
683,ZEYSOO__ligand20530-0
684,ZEYSOO__ligand11698-0
685,ZEYSOO__ligand3180-0
686,ZEYSOO__ligand24851-0
687,ZEYSOO__ligand16603-0
688,ZEYSOO__ligand2027-0
689,ZEYSOO__ligand11814-0
690,ZEYSOO__ligand1015-0
691,ZEYSOO__ligand1050-0
692,ZEYSOO__ligand692-0
693,ZEYSOO__ligand436-0
694,ZEYSOO__ligand11622-0
695,ZEYSOO__ligand16870-0
696,ZEYSOO__ligand15455-0
697,ZEYSOO__ligand11177-0
698,ZEYSOO__ligand2692-0
699,ZEYSOO__ligand326-0
700,ZEYSOO__ligand1618-0
701,ZEYSOO__ligand31205-0
702,ZEYSOO__ligand1028-0
703,ZEYSOO__ligand25658-0
704,ZEYSOO__ligand17686-0
705,ZEYSOO__ligand38-0
706,ZEYSOO__ligand4262-0
707,ZEYSOO__ligand1154-0
708,ZEYSOO__ligand10582-0
709,ZEYSOO__ligand13260-0
710,ZEYSOO__ligand9615-0
711,ZEYSOO__ligand497-0
712,ZEYSOO__ligand11252-0
713,ZEYSOO__ligand19824-0
714,ZEYSOO__ligand18067-0
715,ZEYSOO__ligand633-0
716,ZEYSOO__ligand4596-0
717,ZEYSOO__ligand1498-0
718,ZEYSOO__ligand20821-0
719,ZEYSOO__ligand26673-0
720,ZEYSOO__ligand31000-0
721,ZEYSOO__ligand8529-0
722,ZEYSOO__ligand11606-0
723,ZEYSOO__ligand1169-0
724,ZEYSOO__ligand3453-0
725,ZEYSOO__ligand3416-0
726,ZEYSOO__ligand23445-0
727,ZEYSOO__ligand24953-0
728,ZEYSOO__ligand4207-0
729,ZEYSOO__ligand13755-0
730,ZEYSOO__ligand16133-0
731,ZEYSOO__ligand18-0
732,ZEYSOO__ligand27122-0
733,ZEYSOO__ligand20432-0
734,ZEYSOO__ligand1539-0
735,ZEYSOO__ligand21940-0
736,ZEYSOO__ligand25048-0
737,ZEYSOO__ligand1150-0
738,ZEYSOO__ligand4063-0
739,ZEYSOO__ligand416-0
740,ZEYSOO__ligand7438-0
741,ZEYSOO__ligand8200-0
742,ZEYSOO__ligand20557-0
743,ZEYSOO__ligand30004-0
744,ZEYSOO__ligand383-0
745,ZEYSOO__ligand162-0
746,ZEYSOO__ligand3042-0
747,ZEYSOO__ligand226-0
748,ZEYSOO__ligand7075-0
749,ZEYSOO__ligand1149-0
750,ZEYSOO__ligand3980-0
751,ZEYSOO__ligand3557-0
752,ZEYSOO__ligand6993-0
753,ZEYSOO__ligand1817-0
754,ZEYSOO__ligand696-0
755,ZEYSOO__ligand20844-0
756,ZEYSOO__ligand1779-0
757,ZEYSOO__ligand18413-0
758,ZEYSOO__ligand24624-0
759,ZEYSOO__ligand18757-0
760,ZEYSOO__ligand9750-0
761,ZEYSOO__ligand24560-0
762,ZEYSOO__ligand9491-0
763,ZEYSOO__ligand656-0
764,ZEYSOO__ligand1400-0
765,ZEYSOO__ligand4266-0
766,ZEYSOO__ligand21752-0
767,ZEYSOO__ligand4167-0
768,ZEYSOO__ligand30788-0
769,ZEYSOO__ligand13691-0
770,ZEYSOO__ligand1288-0
771,ZEYSOO__ligand14339-0
772,ZEYSOO__ligand1397-0
773,ZEYSOO__ligand7213-0
774,ZEYSOO__ligand1828-0
775,ZEYSOO__ligand6112-0
776,ZEYSOO__ligand20942-1
777,ZEYSOO__ligand16956-0
778,ZEYSOO__ligand14226-0
779,ZEYSOO__ligand21339-0
780,ZEYSOO__ligand8042-0
781,ZEYSOO__ligand27771-0
782,ZEYSOO__ligand18158-0
783,ZEYSOO__ligand3144-0
784,ZEYSOO__ligand5085-0
785,ZEYSOO__ligand23682-0
786,ZEYSOO__ligand4710-0
787,ZEYSOO__ligand29565-0
788,ZEYSOO__ligand5755-0
789,ZEYSOO__ligand14007-0
790,ZEYSOO__ligand358-0
791,ZEYSOO__ligand430-0
792,ZEYSOO__ligand18019-1
793,ZEYSOO__ligand1908-0
794,ZEYSOO__ligand488-0
795,ZEYSOO__ligand4795-0
796,ZEYSOO__ligand3285-0
797,ZEYSOO__ligand1786-0
798,ZEYSOO__ligand694-0
799,ZEYSOO__ligand27550-0
800,ZEYSOO__ligand5630-0
801,ZEYSOO__ligand11544-0
802,ZEYSOO__ligand11501-0
803,ZEYSOO__ligand29214-0
804,ZEYSOO__ligand5280-0
805,ZEYSOO__ligand5614-0
806,ZEYSOO__ligand1831-0
807,ZEYSOO__ligand22357-0
808,ZEYSOO__ligand11758-0
809,ZEYSOO__ligand21448-0
810,ZEYSOO__ligand5515-0
811,ZEYSOO__ligand6663-0
812,ZEYSOO__ligand11798-0
813,ZEYSOO__ligand670-0
814,ZEYSOO__ligand4-0
815,ZEYSOO__ligand571-0
816,ZEYSOO__ligand20731-0
817,ZEYSOO__ligand534-0
818,ZEYSOO__ligand1849-0
819,ZEYSOO__ligand12413-0
820,ZEYSOO__ligand29334-0
821,ZEYSOO__ligand17445-0
822,ZEYSOO__ligand1152-0
823,ZEYSOO__ligand3261-0
824,ZEYSOO__ligand5019-0
825,ZEYSOO__ligand1216-0
826,ZEYSOO__ligand14477-0
827,ZEYSOO__ligand17069-0
