,TMC
0,HAXSIJ__ligand226-0
1,HAXSIJ__ligand1604-0
2,HAXSIJ__ligand1228-0
3,HAXSIJ__ligand9943-0
4,HAXSIJ__ligand162-0
5,HAXSIJ__ligand11618-0
6,HAXSIJ__ligand2043-0
7,HAXSIJ__ligand383-0
8,HAXSIJ__ligand26529-0
9,HAXSIJ__ligand1832-0
10,HAXSIJ__ligand8788-0
11,HAXSIJ__ligand416-0
12,HAXSIJ__ligand2417-0
13,HAXSIJ__ligand21729-0
14,HAXSIJ__ligand27239-0
15,HAXSIJ__ligand28559-0
16,HAXSIJ__ligand6391-0
17,HAXSIJ__ligand3126-0
18,HAXSIJ__ligand26324-0
19,HAXSIJ__ligand9284-0
20,HAXSIJ__ligand14043-0
21,HAXSIJ__ligand19927-0
22,HAXSIJ__ligand1114-0
23,HAXSIJ__ligand49-0
24,HAXSIJ__ligand21399-0
25,HAXSIJ__ligand10872-0
26,HAXSIJ__ligand16148-0
27,HAXSIJ__ligand26631-0
28,HAXSIJ__ligand12003-0
29,HAXSIJ__ligand1289-0
30,HAXSIJ__ligand2203-0
31,HAXSIJ__ligand5387-0
32,HAXSIJ__ligand29215-0
33,HAXSIJ__ligand656-0
34,HAXSIJ__ligand16369-0
35,HAXSIJ__ligand2612-0
36,HAXSIJ__ligand28540-0
37,HAXSIJ__ligand11111-0
38,HAXSIJ__ligand27754-0
39,HAXSIJ__ligand20695-0
40,HAXSIJ__ligand696-0
41,HAXSIJ__ligand1599-0
42,HAXSIJ__ligand9450-0
43,HAXSIJ__ligand89-0
44,HAXSIJ__ligand22403-0
45,HAXSIJ__ligand17396-0
46,HAXSIJ__ligand694-0
47,HAXSIJ__ligand4807-0
48,HAXSIJ__ligand23175-0
49,HAXSIJ__ligand15788-0
50,HAXSIJ__ligand3178-0
51,HAXSIJ__ligand11587-0
52,HAXSIJ__ligand13220-0
53,HAXSIJ__ligand24111-0
54,HAXSIJ__ligand1787-0
55,HAXSIJ__ligand488-0
56,HAXSIJ__ligand1356-0
57,HAXSIJ__ligand22444-0
58,HAXSIJ__ligand5530-0
59,HAXSIJ__ligand9753-0
60,HAXSIJ__ligand358-0
61,HAXSIJ__ligand14569-0
62,HAXSIJ__ligand7196-0
63,HAXSIJ__ligand5159-0
64,HAXSIJ__ligand13385-0
65,HAXSIJ__ligand430-0
66,HAXSIJ__ligand4649-0
67,HAXSIJ__ligand8793-0
68,HAXSIJ__ligand5649-0
69,HAXSIJ__ligand12001-0
70,HAXSIJ__ligand2788-0
71,HAXSIJ__ligand10033-0
72,HAXSIJ__ligand24644-0
73,HAXSIJ__ligand2906-0
74,HAXSIJ__ligand24872-0
75,HAXSIJ__ligand27840-0
76,HAXSIJ__ligand4711-0
77,HAXSIJ__ligand3244-0
78,HAXSIJ__ligand30728-0
79,HAXSIJ__ligand7172-0
80,HAXSIJ__ligand25561-0
81,HAXSIJ__ligand7273-0
82,HAXSIJ__ligand9323-0
83,HAXSIJ__ligand534-0
84,HAXSIJ__ligand571-0
85,HAXSIJ__ligand22129-0
86,HAXSIJ__ligand7092-0
87,HAXSIJ__ligand12138-0
88,HAXSIJ__ligand2260-0
89,HAXSIJ__ligand3225-0
90,HAXSIJ__ligand1153-0
91,HAXSIJ__ligand24780-0
92,HAXSIJ__ligand1116-0
93,HAXSIJ__ligand670-0
94,HAXSIJ__ligand8612-0
95,HAXSIJ__ligand2124-0
96,HAXSIJ__ligand11949-0
97,HAXSIJ__ligand6017-0
98,HAXSIJ__ligand17427-0
99,HAXSIJ__ligand7316-0
100,HAXSIJ__ligand5708-0
101,HAXSIJ__ligand29486-0
102,HAXSIJ__ligand17-0
103,HAXSIJ__ligand31694-0
104,HAXSIJ__ligand5180-0
105,HAXSIJ__ligand4358-0
106,HAXSIJ__ligand21919-0
107,HAXSIJ__ligand588-0
108,HAXSIJ__ligand3120-0
109,HAXSIJ__ligand3926-0
110,HAXSIJ__ligand22168-0
111,HAXSIJ__ligand28930-0
112,HAXSIJ__ligand2221-0
113,HAXSIJ__ligand22294-0
114,HAXSIJ__ligand5595-0
115,HAXSIJ__ligand4101-0
116,HAXSIJ__ligand11357-0
117,HAXSIJ__ligand13862-0
118,HAXSIJ__ligand300-0
119,HAXSIJ__ligand28743-0
120,HAXSIJ__ligand15531-0
121,HAXSIJ__ligand12365-0
122,HAXSIJ__ligand10056-0
123,HAXSIJ__ligand15926-0
124,HAXSIJ__ligand3-0
125,HAXSIJ__ligand9773-0
126,HAXSIJ__ligand19792-0
127,HAXSIJ__ligand1376-0
128,HAXSIJ__ligand10828-0
129,HAXSIJ__ligand5510-0
130,HAXSIJ__ligand28810-0
131,HAXSIJ__ligand11447-0
132,HAXSIJ__ligand11096-0
133,HAXSIJ__ligand24230-0
134,HAXSIJ__ligand199-0
135,HAXSIJ__ligand1296-0
136,HAXSIJ__ligand15883-0
137,HAXSIJ__ligand2259-0
138,HAXSIJ__ligand1197-0
139,HAXSIJ__ligand5099-0
140,HAXSIJ__ligand8592-0
141,HAXSIJ__ligand11970-0
142,HAXSIJ__ligand1317-0
143,HAXSIJ__ligand16988-0
144,HAXSIJ__ligand3867-0
145,HAXSIJ__ligand2822-0
146,HAXSIJ__ligand25913-0
147,HAXSIJ__ligand7293-0
148,HAXSIJ__ligand9167-0
149,HAXSIJ__ligand5304-0
150,HAXSIJ__ligand2238-0
151,HAXSIJ__ligand11682-0
152,HAXSIJ__ligand30711-0
153,HAXSIJ__ligand20207-0
154,HAXSIJ__ligand31044-0
155,HAXSIJ__ligand31842-0
156,HAXSIJ__ligand11994-0
157,HAXSIJ__ligand7762-0
158,HAXSIJ__ligand5080-0
159,HAXSIJ__ligand24035-0
160,HAXSIJ__ligand14614-0
161,HAXSIJ__ligand5509-0
162,HAXSIJ__ligand8002-0
163,HAXSIJ__ligand1407-0
164,HAXSIJ__ligand6117-0
165,HAXSIJ__ligand361-0
166,HAXSIJ__ligand16663-0
167,HAXSIJ__ligand324-0
168,HAXSIJ__ligand409-0
169,HAXSIJ__ligand18568-0
170,HAXSIJ__ligand28685-0
171,HAXSIJ__ligand3945-0
172,HAXSIJ__ligand13672-0
173,HAXSIJ__ligand5383-0
174,HAXSIJ__ligand2693-0
175,HAXSIJ__ligand9344-0
176,HAXSIJ__ligand326-0
177,HAXSIJ__ligand10371-0
178,HAXSIJ__ligand3736-0
179,HAXSIJ__ligand8000-0
180,HAXSIJ__ligand12453-0
181,HAXSIJ__ligand18448-0
182,HAXSIJ__ligand28459-0
183,HAXSIJ__ligand7291-0
184,HAXSIJ__ligand3677-1
185,HAXSIJ__ligand9883-0
186,HAXSIJ__ligand436-0
187,HAXSIJ__ligand4007-0
188,HAXSIJ__ligand2985-0
189,HAXSIJ__ligand692-0
190,HAXSIJ__ligand9299-0
191,HAXSIJ__ligand19184-0
192,HAXSIJ__ligand30142-0
193,HAXSIJ__ligand27669-0
194,HAXSIJ__ligand6699-0
195,HAXSIJ__ligand1-0
196,HAXSIJ__ligand13477-0
197,HAXSIJ__ligand14167-0
198,HAXSIJ__ligand11-0
199,HAXSIJ__ligand3632-0
200,HAXSIJ__ligand3677-0
201,HAXSIJ__ligand1168-0
202,HAXSIJ__ligand1294-0
203,HAXSIJ__ligand6892-0
204,HAXSIJ__ligand1211-0
205,HAXSIJ__ligand23197-0
206,HAXSIJ__ligand633-0
207,HAXSIJ__ligand497-0
208,HAXSIJ__ligand69-0
209,HAXSIJ__ligand1464-0
210,HAXSIJ__ligand3712-0
211,HAXSIJ__ligand1499-0
212,HAXSIJ__ligand2881-0
213,HAXSIJ__ligand27285-0
214,HAXSIJ__ligand29029-0
215,HAXSIJ__ligand5085-0
216,HAXSIJ__ligand3144-0
217,HAXSIJ__ligand178-0
218,HAXSIJ__ligand30004-0
219,HAXSIJ__ligand5755-0
220,HAXSIJ__ligand20557-0
221,HAXSIJ__ligand4710-0
222,HAXSIJ__ligand279-0
223,HAXSIJ__ligand185-0
224,HAXSIJ__ligand321-0
225,HAXSIJ__ligand1828-0
226,HAXSIJ__ligand7213-0
227,HAXSIJ__ligand1397-0
228,HAXSIJ__ligand8042-0
229,HAXSIJ__ligand6112-0
230,HAXSIJ__ligand24953-0
231,HAXSIJ__ligand1786-0
232,HAXSIJ__ligand23445-0
233,HAXSIJ__ligand32-0
234,HAXSIJ__ligand5630-0
235,HAXSIJ__ligand20432-0
236,HAXSIJ__ligand27122-0
237,HAXSIJ__ligand13755-0
238,HAXSIJ__ligand16133-0
239,HAXSIJ__ligand1908-0
240,HAXSIJ__ligand201-0
241,HAXSIJ__ligand25048-0
242,HAXSIJ__ligand3285-0
243,HAXSIJ__ligand21940-0
244,HAXSIJ__ligand4795-0
245,HAXSIJ__ligand1831-0
246,HAXSIJ__ligand338-0
247,HAXSIJ__ligand5614-0
248,HAXSIJ__ligand5280-0
249,HAXSIJ__ligand16-0
250,HAXSIJ__ligand21752-0
251,HAXSIJ__ligand6663-0
252,HAXSIJ__ligand5515-0
253,HAXSIJ__ligand30788-0
254,HAXSIJ__ligand13691-0
255,HAXSIJ__ligand14339-0
256,HAXSIJ__ligand5019-0
257,HAXSIJ__ligand3261-0
258,HAXSIJ__ligand1152-0
259,HAXSIJ__ligand1216-0
260,HAXSIJ__ligand18413-0
261,HAXSIJ__ligand20844-0
262,HAXSIJ__ligand24624-0
263,HAXSIJ__ligand18757-0
264,HAXSIJ__ligand24560-0
265,HAXSIJ__ligand1849-0
266,HAXSIJ__ligand18019-1
267,HAXSIJ__ligand1539-0
268,HAXSIJ__ligand14007-0
269,HAXSIJ__ligand1150-0
270,HAXSIJ__ligand91-0
271,HAXSIJ__ligand3416-0
272,HAXSIJ__ligand3453-0
273,HAXSIJ__ligand845-0
274,HAXSIJ__ligand27550-0
275,HAXSIJ__ligand4207-0
276,HAXSIJ__ligand3042-0
277,HAXSIJ__ligand4-0
278,HAXSIJ__ligand51-0
279,HAXSIJ__ligand20942-1
280,HAXSIJ__ligand21339-0
281,HAXSIJ__ligand14226-0
282,HAXSIJ__ligand16956-0
283,HAXSIJ__ligand18158-0
284,HAXSIJ__ligand7438-0
285,HAXSIJ__ligand8200-0
286,HAXSIJ__ligand4063-0
287,HAXSIJ__ligand27771-0
288,HAXSIJ__ligand29565-0
289,HAXSIJ__ligand163-0
290,HAXSIJ__ligand126-0
291,HAXSIJ__ligand23682-0
292,HAXSIJ__ligand1779-0
293,HAXSIJ__ligand1817-0
294,HAXSIJ__ligand11798-0
295,HAXSIJ__ligand6993-0
296,HAXSIJ__ligand12413-0
297,HAXSIJ__ligand29334-0
298,HAXSIJ__ligand777-0
299,HAXSIJ__ligand9750-0
300,HAXSIJ__ligand20731-0
301,HAXSIJ__ligand7075-0
302,HAXSIJ__ligand17445-0
303,HAXSIJ__ligand596-0
304,HAXSIJ__ligand941-0
305,HAXSIJ__ligand3557-0
306,HAXSIJ__ligand3980-0
307,HAXSIJ__ligand17069-0
308,HAXSIJ__ligand14477-0
309,HAXSIJ__ligand1149-0
310,HAXSIJ__ligand11501-0
311,HAXSIJ__ligand187-0
312,HAXSIJ__ligand1288-0
313,HAXSIJ__ligand11544-0
314,HAXSIJ__ligand657-0
315,HAXSIJ__ligand29214-0
316,HAXSIJ__ligand22357-0
317,HAXSIJ__ligand48-0
318,HAXSIJ__ligand11758-0
319,HAXSIJ__ligand4266-0
320,HAXSIJ__ligand1400-0
321,HAXSIJ__ligand9491-0
322,HAXSIJ__ligand4167-0
323,HAXSIJ__ligand21448-0
324,HAXSIJ__ligand366-0
325,HAXSIJ__ligand693-0
326,HAXSIJ__ligand10151-0
327,HAXSIJ__ligand34-0
328,HAXSIJ__ligand2027-0
329,HAXSIJ__ligand1050-0
330,HAXSIJ__ligand1015-0
331,HAXSIJ__ligand1028-0
332,HAXSIJ__ligand22353-0
333,HAXSIJ__ligand4262-0
334,HAXSIJ__ligand1618-0
335,HAXSIJ__ligand19668-0
336,HAXSIJ__ligand2692-0
337,HAXSIJ__ligand19906-0
338,HAXSIJ__ligand29441-0
339,HAXSIJ__ligand10853-0
340,HAXSIJ__ligand68-0
341,HAXSIJ__ligand1498-0
342,HAXSIJ__ligand27610-0
343,HAXSIJ__ligand10479-0
344,HAXSIJ__ligand11479-0
345,HAXSIJ__ligand4596-0
346,HAXSIJ__ligand20530-0
347,HAXSIJ__ligand11698-0
348,HAXSIJ__ligand1154-0
349,HAXSIJ__ligand14347-0
350,HAXSIJ__ligand13657-0
351,HAXSIJ__ligand14302-0
352,HAXSIJ__ligand24851-0
353,HAXSIJ__ligand9615-0
354,HAXSIJ__ligand15387-0
355,HAXSIJ__ligand122-0
356,HAXSIJ__ligand20121-0
357,HAXSIJ__ligand1169-0
358,HAXSIJ__ligand8529-0
359,HAXSIJ__ligand20220-0
360,HAXSIJ__ligand16952-0
361,HAXSIJ__ligand29813-0
362,HAXSIJ__ligand757-0
363,HAXSIJ__ligand55-0
364,HAXSIJ__ligand15455-0
365,HAXSIJ__ligand8593-0
366,HAXSIJ__ligand9944-0
367,HAXSIJ__ligand11177-0
368,HAXSIJ__ligand25658-0
369,HAXSIJ__ligand17686-0
370,HAXSIJ__ligand384-0
371,HAXSIJ__ligand57-0
372,HAXSIJ__ligand31205-0
373,HAXSIJ__ligand2001-0
374,HAXSIJ__ligand7566-0
375,HAXSIJ__ligand16603-0
376,HAXSIJ__ligand5201-0
377,HAXSIJ__ligand768-0
378,HAXSIJ__ligand11814-0
379,HAXSIJ__ligand11622-0
380,HAXSIJ__ligand16870-0
381,HAXSIJ__ligand8553-0
382,HAXSIJ__ligand1113-0
383,HAXSIJ__ligand20821-0
384,HAXSIJ__ligand4124-0
385,HAXSIJ__ligand26673-0
386,HAXSIJ__ligand4161-0
387,HAXSIJ__ligand3471-0
388,HAXSIJ__ligand31000-0
389,HAXSIJ__ligand5415-0
390,HAXSIJ__ligand11606-0
391,HAXSIJ__ligand10582-0
392,HAXSIJ__ligand141-0
393,HAXSIJ__ligand13260-0
394,HAXSIJ__ligand4340-0
395,HAXSIJ__ligand2650-0
396,HAXSIJ__ligand2281-0
397,HAXSIJ__ligand240-0
398,HAXSIJ__ligand11252-0
399,HAXSIJ__ligand3180-0
400,HAXSIJ__ligand19824-0
401,HAXSIJ__ligand6995-0
402,HAXSIJ__ligand18067-0
403,HAXSIJ__ligand2823-0
404,HAXSIJ__ligand28924-0
405,HAXSIJ__ligand9197-0
406,HAXSIJ__ligand1900-0
407,HAXSIJ__ligand15438-0
408,HAXSIJ__ligand4581-0
409,HAXSIJ__ligand1773-0
410,HAXSIJ__ligand18703-0
411,HAXSIJ__ligand2328-0
412,HAXSIJ__ligand780-0
413,HAXSIJ__ligand314-0
414,HAXSIJ__ligand7162-0
415,HAXSIJ__ligand813-0
416,HAXSIJ__ligand3029-0
417,HAXSIJ__ligand29087-0
418,HAXSIJ__ligand42-0
419,HAXSIJ__ligand31578-0
420,HAXSIJ__ligand391-0
421,HAXSIJ__ligand17207-0
422,HAXSIJ__ligand8722-0
423,HAXSIJ__ligand1327-0
424,HAXSIJ__ligand9809-0
425,HAXSIJ__ligand6672-0
426,HAXSIJ__ligand17945-0
427,HAXSIJ__ligand2781-0
428,HAXSIJ__ligand25224-0
429,HAXSIJ__ligand7573-0
430,HAXSIJ__ligand18013-0
431,HAXSIJ__ligand3350-0
432,HAXSIJ__ligand3208-0
433,HAXSIJ__ligand2208-0
434,HAXSIJ__ligand24750-0
435,HAXSIJ__ligand618-0
436,HAXSIJ__ligand22755-0
437,HAXSIJ__ligand7557-0
438,HAXSIJ__ligand1496-0
439,HAXSIJ__ligand11432-0
440,HAXSIJ__ligand465-0
441,HAXSIJ__ligand31618-0
442,HAXSIJ__ligand10432-0
443,HAXSIJ__ligand29898-0
444,HAXSIJ__ligand26277-0
445,HAXSIJ__ligand66-0
446,HAXSIJ__ligand1533-0
447,HAXSIJ__ligand23589-0
448,HAXSIJ__ligand24064-0
449,HAXSIJ__ligand314-1
450,HAXSIJ__ligand5892-0
451,HAXSIJ__ligand5094-0
452,HAXSIJ__ligand15168-0
453,HAXSIJ__ligand1712-0
454,HAXSIJ__ligand4131-0
455,HAXSIJ__ligand3157-0
456,HAXSIJ__ligand10555-0
457,HAXSIJ__ligand9525-0
458,HAXSIJ__ligand196-0
459,HAXSIJ__ligand1165-0
460,HAXSIJ__ligand31483-0
461,HAXSIJ__ligand19725-0
462,HAXSIJ__ligand5935-0
463,HAXSIJ__ligand24613-0
464,HAXSIJ__ligand2722-0
465,HAXSIJ__ligand1379-0
466,HAXSIJ__ligand14586-0
467,HAXSIJ__ligand1469-0
468,HAXSIJ__ligand11774-0
469,HAXSIJ__ligand3871-0
470,HAXSIJ__ligand1768-0
471,HAXSIJ__ligand422-0
472,HAXSIJ__ligand21421-0
473,HAXSIJ__ligand5056-0
474,HAXSIJ__ligand4850-0
475,HAXSIJ__ligand11568-0
476,HAXSIJ__ligand686-0
477,HAXSIJ__ligand20579-0
478,HAXSIJ__ligand17710-0
479,HAXSIJ__ligand5357-0
480,HAXSIJ__ligand3647-0
481,HAXSIJ__ligand1688-0
482,HAXSIJ__ligand8349-0
483,HAXSIJ__ligand1709-0
484,HAXSIJ__ligand8464-0
485,HAXSIJ__ligand17590-0
486,HAXSIJ__ligand393-0
487,HAXSIJ__ligand17240-0
488,HAXSIJ__ligand18699-0
489,HAXSIJ__ligand12682-0
490,HAXSIJ__ligand2527-0
491,HAXSIJ__ligand5849-0
492,HAXSIJ__ligand12336-0
493,HAXSIJ__ligand3392-0
494,HAXSIJ__ligand38-0
495,HAXSIJ__ligand13072-0
496,HAXSIJ__ligand353-0
497,HAXSIJ__ligand4911-0
498,HAXSIJ__ligand1771-0
499,HAXSIJ__ligand9681-0
500,HAXSIJ__ligand23904-0
501,HAXSIJ__ligand176-0
502,HAXSIJ__ligand13257-0
503,HAXSIJ__ligand21936-0
504,HAXSIJ__ligand4332-0
505,HAXSIJ__ligand3012-0
506,HAXSIJ__ligand746-0
507,HAXSIJ__ligand1449-0
508,HAXSIJ__ligand12467-0
509,HAXSIJ__ligand25267-0
510,HAXSIJ__ligand7530-0
511,HAXSIJ__ligand1065-0
512,HAXSIJ__ligand447-0
513,HAXSIJ__ligand10084-0
514,HAXSIJ__ligand27169-0
515,HAXSIJ__ligand14523-0
516,HAXSIJ__ligand18391-0
517,HAXSIJ__ligand2403-0
518,HAXSIJ__ligand487-0
519,HAXSIJ__ligand3934-0
520,HAXSIJ__ligand22981-0
521,HAXSIJ__ligand25805-0
522,HAXSIJ__ligand20599-0
523,HAXSIJ__ligand6455-0
524,HAXSIJ__ligand6882-0
525,HAXSIJ__ligand27074-0
526,HAXSIJ__ligand18-0
527,HAXSIJ__ligand6946-0
528,HAXSIJ__ligand1415-0
529,HAXSIJ__ligand8-0
530,HAXSIJ__ligand18465-0
531,HAXSIJ__ligand18799-0
532,HAXSIJ__ligand7529-0
533,HAXSIJ__ligand506-0
534,HAXSIJ__ligand28668-0
535,HAXSIJ__ligand16791-0
536,HAXSIJ__ligand9148-0
537,HAXSIJ__ligand5316-0
538,HAXSIJ__ligand11140-0
539,HAXSIJ__ligand152-0
540,HAXSIJ__ligand5483-0
541,HAXSIJ__ligand29610-0
542,HAXSIJ__ligand1729-0
543,HAXSIJ__ligand29863-0
544,HAXSIJ__ligand18074-0
545,HAXSIJ__ligand5627-0
546,HAXSIJ__ligand13869-0
547,HAXSIJ__ligand2830-0
548,HAXSIJ__ligand11206-0
549,HAXSIJ__ligand4738-0
550,HAXSIJ__ligand5813-0
551,HAXSIJ__ligand23124-0
552,HAXSIJ__ligand4813-0
553,HAXSIJ__ligand115-0
554,HAXSIJ__ligand25735-0
555,HAXSIJ__ligand12519-0
556,HAXSIJ__ligand6062-0
557,HAXSIJ__ligand6283-0
558,HAXSIJ__ligand833-0
559,HAXSIJ__ligand31248-0
560,HAXSIJ__ligand7107-0
561,HAXSIJ__ligand25650-0
562,HAXSIJ__ligand13209-0
563,HAXSIJ__ligand19257-0
564,HAXSIJ__ligand3215-0
565,HAXSIJ__ligand12660-0
566,HAXSIJ__ligand7925-0
567,HAXSIJ__ligand2068-0
568,HAXSIJ__ligand21787-0
569,HAXSIJ__ligand25575-0
570,HAXSIJ__ligand25689-0
571,HAXSIJ__ligand784-0
572,HAXSIJ__ligand12295-0
573,HAXSIJ__ligand1147-0
574,HAXSIJ__ligand27835-0
575,HAXSIJ__ligand3973-0
576,HAXSIJ__ligand4330-0
577,HAXSIJ__ligand21132-0
578,HAXSIJ__ligand11166-0
579,HAXSIJ__ligand2599-0
580,HAXSIJ__ligand23906-0
581,HAXSIJ__ligand7532-0
582,HAXSIJ__ligand368-0
583,HAXSIJ__ligand395-0
584,HAXSIJ__ligand30539-0
585,HAXSIJ__ligand4194-0
586,HAXSIJ__ligand19641-0
587,HAXSIJ__ligand1631-0
588,HAXSIJ__ligand20578-0
589,HAXSIJ__ligand12934-0
590,HAXSIJ__ligand15422-0
591,HAXSIJ__ligand27893-0
592,HAXSIJ__ligand1530-0
593,HAXSIJ__ligand1575-0
594,HAXSIJ__ligand9933-0
595,HAXSIJ__ligand14723-0
596,HAXSIJ__ligand30988-0
597,HAXSIJ__ligand9441-0
598,HAXSIJ__ligand27175-0
599,HAXSIJ__ligand2332-0
600,HAXSIJ__ligand18832-0
601,HAXSIJ__ligand23713-0
602,HAXSIJ__ligand6244-0
603,HAXSIJ__ligand26665-0
604,HAXSIJ__ligand17631-0
605,HAXSIJ__ligand13012-0
606,HAXSIJ__ligand17258-0
607,HAXSIJ__ligand14603-0
608,HAXSIJ__ligand14297-0
609,HAXSIJ__ligand1378-0
610,HAXSIJ__ligand3156-0
611,HAXSIJ__ligand31783-0
612,HAXSIJ__ligand2915-0
613,HAXSIJ__ligand197-0
614,HAXSIJ__ligand12337-0
615,HAXSIJ__ligand29410-0
616,HAXSIJ__ligand26540-0
617,HAXSIJ__ligand3707-0
618,HAXSIJ__ligand6124-0
619,HAXSIJ__ligand7967-0
620,HAXSIJ__ligand17281-0
621,HAXSIJ__ligand1018-0
622,HAXSIJ__ligand783-0
623,HAXSIJ__ligand352-0
624,HAXSIJ__ligand4116-0
625,HAXSIJ__ligand30296-0
626,HAXSIJ__ligand8992-0
627,HAXSIJ__ligand12606-0
628,HAXSIJ__ligand30333-0
629,HAXSIJ__ligand9601-0
630,HAXSIJ__ligand9952-0
631,HAXSIJ__ligand9111-0
632,HAXSIJ__ligand27460-0
633,HAXSIJ__ligand2526-0
634,HAXSIJ__ligand5036-0
635,HAXSIJ__ligand1615-0
636,HAXSIJ__ligand5643-0
637,HAXSIJ__ligand1823-0
638,HAXSIJ__ligand16628-0
639,HAXSIJ__ligand28468-0
640,HAXSIJ__ligand20740-0
641,HAXSIJ__ligand868-0
642,HAXSIJ__ligand1324-0
643,HAXSIJ__ligand12427-0
644,HAXSIJ__ligand8721-0
645,HAXSIJ__ligand27763-0
646,HAXSIJ__ligand235-0
647,HAXSIJ__ligand28676-0
648,HAXSIJ__ligand10262-0
649,HAXSIJ__ligand134-0
650,HAXSIJ__ligand29302-0
651,HAXSIJ__ligand13425-0
652,HAXSIJ__ligand43-0
653,HAXSIJ__ligand18814-0
654,HAXSIJ__ligand19057-0
655,HAXSIJ__ligand4641-0
656,HAXSIJ__ligand14108-0
657,HAXSIJ__ligand7126-0
658,HAXSIJ__ligand8835-0
659,HAXSIJ__ligand2028-0
660,HAXSIJ__ligand10958-0
661,HAXSIJ__ligand12641-0
662,HAXSIJ__ligand560-0
663,HAXSIJ__ligand1142-0
664,HAXSIJ__ligand3234-0
665,HAXSIJ__ligand25178-0
666,HAXSIJ__ligand6596-0
667,HAXSIJ__ligand3721-0
668,HAXSIJ__ligand6904-0
669,HAXSIJ__ligand6102-0
670,HAXSIJ__ligand23769-0
671,HAXSIJ__ligand24185-0
672,HAXSIJ__ligand3465-0
673,HAXSIJ__ligand17805-0
674,HAXSIJ__ligand2917-0
675,HAXSIJ__ligand17302-0
676,HAXSIJ__ligand7819-0
677,HAXSIJ__ligand294-0
678,HAXSIJ__ligand12231-0
679,HAXSIJ__ligand2295-0
680,HAXSIJ__ligand1577-0
681,HAXSIJ__ligand6067-0
682,HAXSIJ__ligand685-0
683,HAXSIJ__ligand17387-0
684,HAXSIJ__ligand12130-0
685,HAXSIJ__ligand18292-0
686,HAXSIJ__ligand12289-0
687,HAXSIJ__ligand26702-0
688,HAXSIJ__ligand13658-0
689,HAXSIJ__ligand4620-0
690,HAXSIJ__ligand13068-0
691,HAXSIJ__ligand19830-0
692,HAXSIJ__ligand421-0
693,HAXSIJ__ligand10476-0
694,HAXSIJ__ligand24145-0
695,HAXSIJ__ligand67-0
696,HAXSIJ__ligand12401-0
697,HAXSIJ__ligand15585-0
698,HAXSIJ__ligand13208-0
699,HAXSIJ__ligand9908-0
700,HAXSIJ__ligand1263-0
701,HAXSIJ__ligand26810-0
702,HAXSIJ__ligand27482-0
703,HAXSIJ__ligand370-0
704,HAXSIJ__ligand7242-0
705,HAXSIJ__ligand7106-0
706,HAXSIJ__ligand1343-0
707,HAXSIJ__ligand3876-0
708,HAXSIJ__ligand3035-0
709,HAXSIJ__ligand6616-0
710,HAXSIJ__ligand3718-0
711,HAXSIJ__ligand1844-0
712,HAXSIJ__ligand4661-0
713,HAXSIJ__ligand13390-0
714,HAXSIJ__ligand250-0
715,HAXSIJ__ligand1959-0
716,HAXSIJ__ligand20682-0
717,HAXSIJ__ligand3504-0
718,HAXSIJ__ligand9935-0
719,HAXSIJ__ligand1536-0
720,HAXSIJ__ligand1573-0
721,HAXSIJ__ligand11456-0
722,HAXSIJ__ligand6919-0
723,HAXSIJ__ligand14174-0
724,HAXSIJ__ligand10712-0
725,HAXSIJ__ligand2485-0
726,HAXSIJ__ligand3852-0
727,HAXSIJ__ligand5331-0
728,HAXSIJ__ligand1512-0
729,HAXSIJ__ligand25411-0
730,HAXSIJ__ligand3565-0
731,HAXSIJ__ligand188-0
732,HAXSIJ__ligand13294-0
733,HAXSIJ__ligand564-0
734,HAXSIJ__ligand4720-0
735,HAXSIJ__ligand31832-0
736,HAXSIJ__ligand6839-0
737,HAXSIJ__ligand620-0
738,HAXSIJ__ligand3174-0
739,HAXSIJ__ligand3937-0
740,HAXSIJ__ligand1202-0
741,HAXSIJ__ligand370-1
742,HAXSIJ__ligand3131-0
743,HAXSIJ__ligand8969-0
744,HAXSIJ__ligand5211-0
745,HAXSIJ__ligand28884-0
746,HAXSIJ__ligand13331-0
747,HAXSIJ__ligand479-0
748,HAXSIJ__ligand14248-0
749,HAXSIJ__ligand4155-0
750,HAXSIJ__ligand29879-0
751,HAXSIJ__ligand3094-0
752,HAXSIJ__ligand12030-0
753,HAXSIJ__ligand311-0
754,HAXSIJ__ligand785-0
755,HAXSIJ__ligand24047-0
756,HAXSIJ__ligand909-0
757,HAXSIJ__ligand2176-0
758,HAXSIJ__ligand10589-0
759,HAXSIJ__ligand22557-0
760,HAXSIJ__ligand20598-0
761,HAXSIJ__ligand9291-0
762,HAXSIJ__ligand11675-0
763,HAXSIJ__ligand17398-0
764,HAXSIJ__ligand2232-0
765,HAXSIJ__ligand4157-0
766,HAXSIJ__ligand8876-0
767,HAXSIJ__ligand2828-0
768,HAXSIJ__ligand7648-0
769,HAXSIJ__ligand17982-0
770,HAXSIJ__ligand29414-0
771,HAXSIJ__ligand9833-0
772,HAXSIJ__ligand78-0
773,HAXSIJ__ligand5256-0
774,HAXSIJ__ligand20011-0
775,HAXSIJ__ligand17278-0
776,HAXSIJ__ligand4503-0
777,HAXSIJ__ligand4546-0
778,HAXSIJ__ligand45-0
779,HAXSIJ__ligand20251-1
780,HAXSIJ__ligand1285-0
781,HAXSIJ__ligand177-0
782,HAXSIJ__ligand6768-0
783,HAXSIJ__ligand14703-0
784,HAXSIJ__ligand16475-0
785,HAXSIJ__ligand8115-0
786,HAXSIJ__ligand7000-0
787,HAXSIJ__ligand1982-0
788,HAXSIJ__ligand7238-0
789,HAXSIJ__ligand14117-0
790,HAXSIJ__ligand24-0
791,HAXSIJ__ligand17261-0
792,HAXSIJ__ligand7280-0
793,HAXSIJ__ligand1790-0
794,HAXSIJ__ligand1304-0
795,HAXSIJ__ligand7867-0
796,HAXSIJ__ligand21581-0
797,HAXSIJ__ligand31097-0
798,HAXSIJ__ligand1219-0
799,HAXSIJ__ligand6709-0
800,HAXSIJ__ligand116-0
801,HAXSIJ__ligand30702-0
802,HAXSIJ__ligand20214-0
803,HAXSIJ__ligand20251-0
804,HAXSIJ__ligand4016-0
805,HAXSIJ__ligand252-0
806,HAXSIJ__ligand20539-0
807,HAXSIJ__ligand193-0
808,HAXSIJ__ligand9520-0
809,HAXSIJ__ligand14889-0
810,HAXSIJ__ligand1160-0
811,HAXSIJ__ligand30851-0
812,HAXSIJ__ligand8699-0
813,HAXSIJ__ligand4093-0
814,HAXSIJ__ligand4442-0
815,HAXSIJ__ligand29568-0
816,HAXSIJ__ligand3954-0
817,HAXSIJ__ligand1451-0
818,HAXSIJ__ligand19-0
819,HAXSIJ__ligand4272-0
820,HAXSIJ__ligand28789-0
821,HAXSIJ__ligand7629-0
822,HAXSIJ__ligand830-0
823,HAXSIJ__ligand21371-0
824,HAXSIJ__ligand17118-0
825,HAXSIJ__ligand20419-0
826,HAXSIJ__ligand9784-0
827,HAXSIJ__ligand372-0
