,TMC
0,XUYYAR__ligand1052-0
1,XUYYAR__ligand1273-0
2,XUYYAR__ligand11-0
3,XUYYAR__ligand1113-0
4,XUYYAR__ligand2265-0
5,XUYYAR__ligand162-0
6,XUYYAR__ligand6396-0
7,XUYYAR__ligand226-0
8,XUYYAR__ligand9027-0
9,XUYYAR__ligand383-0
10,XUYYAR__ligand2345-0
11,XUYYAR__ligand2794-0
12,XUYYAR__ligand1835-0
13,XUYYAR__ligand4983-0
14,XUYYAR__ligand1502-0
15,XUYYAR__ligand670-0
16,XUYYAR__ligand5022-0
17,XUYYAR__ligand1169-0
18,XUYYAR__ligand118-0
19,XUYYAR__ligand571-0
20,XUYYAR__ligand509-0
21,XUYYAR__ligand5941-0
22,XUYYAR__ligand2880-0
23,XUYYAR__ligand2838-0
24,XUYYAR__ligand3838-0
25,XUYYAR__ligand1799-0
26,XUYYAR__ligand669-0
27,XUYYAR__ligand2142-0
28,XUYYAR__ligand358-0
29,XUYYAR__ligand9495-0
30,XUYYAR__ligand6151-0
31,XUYYAR__ligand430-0
32,XUYYAR__ligand2772-0
33,XUYYAR__ligand6538-0
34,XUYYAR__ligand2864-0
35,XUYYAR__ligand365-0
36,XUYYAR__ligand278-0
37,XUYYAR__ligand17-0
38,XUYYAR__ligand140-0
39,XUYYAR__ligand7464-0
40,XUYYAR__ligand105-0
41,XUYYAR__ligand1598-0
42,XUYYAR__ligand1248-0
43,XUYYAR__ligand4303-0
44,XUYYAR__ligand324-0
45,XUYYAR__ligand361-0
46,XUYYAR__ligand6294-0
47,XUYYAR__ligand92-0
48,XUYYAR__ligand409-0
49,XUYYAR__ligand1054-0
50,XUYYAR__ligand575-0
51,XUYYAR__ligand3637-0
52,XUYYAR__ligand8774-0
53,XUYYAR__ligand927-0
54,XUYYAR__ligand199-0
55,XUYYAR__ligand838-0
56,XUYYAR__ligand1727-0
57,XUYYAR__ligand89-0
58,XUYYAR__ligand1152-0
59,XUYYAR__ligand166-0
60,XUYYAR__ligand918-0
61,XUYYAR__ligand633-0
62,XUYYAR__ligand1607-0
63,XUYYAR__ligand532-0
64,XUYYAR__ligand49-0
65,XUYYAR__ligand497-0
66,XUYYAR__ligand2285-0
67,XUYYAR__ligand553-0
68,XUYYAR__ligand1567-0
69,XUYYAR__ligand8921-0
70,XUYYAR__ligand283-0
71,XUYYAR__ligand2510-0
72,XUYYAR__ligand2320-0
73,XUYYAR__ligand821-0
74,XUYYAR__ligand1056-0
75,XUYYAR__ligand326-0
76,XUYYAR__ligand2862-0
77,XUYYAR__ligand436-0
78,XUYYAR__ligand1703-0
79,XUYYAR__ligand2430-0
80,XUYYAR__ligand15630-0
81,XUYYAR__ligand142-0
82,XUYYAR__ligand10357-0
83,XUYYAR__ligand2907-0
84,XUYYAR__ligand206-0
85,XUYYAR__ligand2087-0
86,XUYYAR__ligand73-0
87,XUYYAR__ligand1048-0
88,XUYYAR__ligand3757-0
89,XUYYAR__ligand1685-0
90,XUYYAR__ligand124-0
91,XUYYAR__ligand119-0
92,XUYYAR__ligand1544-0
93,XUYYAR__ligand1459-0
94,XUYYAR__ligand279-0
95,XUYYAR__ligand178-0
96,XUYYAR__ligand5801-0
97,XUYYAR__ligand321-0
98,XUYYAR__ligand3063-0
99,XUYYAR__ligand1438-0
100,XUYYAR__ligand57-0
101,XUYYAR__ligand1171-0
102,XUYYAR__ligand100-0
103,XUYYAR__ligand201-0
104,XUYYAR__ligand244-0
105,XUYYAR__ligand1706-0
106,XUYYAR__ligand55-0
107,XUYYAR__ligand3734-0
108,XUYYAR__ligand2629-0
109,XUYYAR__ligand4381-0
110,XUYYAR__ligand596-0
111,XUYYAR__ligand612-0
112,XUYYAR__ligand187-0
113,XUYYAR__ligand95-0
114,XUYYAR__ligand366-0
115,XUYYAR__ligand861-0
116,XUYYAR__ligand2688-0
117,XUYYAR__ligand2259-0
118,XUYYAR__ligand1376-0
119,XUYYAR__ligand2768-0
120,XUYYAR__ligand34-0
121,XUYYAR__ligand6277-0
122,XUYYAR__ligand1951-0
123,XUYYAR__ligand126-0
124,XUYYAR__ligand1687-0
125,XUYYAR__ligand797-0
126,XUYYAR__ligand3041-0
127,XUYYAR__ligand48-0
128,XUYYAR__ligand10910-0
129,XUYYAR__ligand2634-0
130,XUYYAR__ligand1542-0
131,XUYYAR__ligand757-0
132,XUYYAR__ligand2751-0
133,XUYYAR__ligand3145-0
134,XUYYAR__ligand14530-0
135,XUYYAR__ligand7915-0
136,XUYYAR__ligand5548-0
137,XUYYAR__ligand6686-0
138,XUYYAR__ligand1747-0
139,XUYYAR__ligand51-0
140,XUYYAR__ligand2098-0
141,XUYYAR__ligand29-0
142,XUYYAR__ligand6502-0
143,XUYYAR__ligand91-0
144,XUYYAR__ligand8-0
145,XUYYAR__ligand2863-0
146,XUYYAR__ligand3178-0
147,XUYYAR__ligand6332-0
148,XUYYAR__ligand1479-0
149,XUYYAR__ligand1148-0
150,XUYYAR__ligand240-0
151,XUYYAR__ligand10479-0
152,XUYYAR__ligand3246-0
153,XUYYAR__ligand141-0
154,XUYYAR__ligand1114-0
155,XUYYAR__ligand120-0
156,XUYYAR__ligand1538-0
157,XUYYAR__ligand384-0
158,XUYYAR__ligand32-0
159,XUYYAR__ligand10114-0
160,XUYYAR__ligand1228-0
161,XUYYAR__ligand9244-0
162,XUYYAR__ligand1038-0
163,XUYYAR__ligand2762-0
164,XUYYAR__ligand5093-0
165,XUYYAR__ligand2954-0
166,XUYYAR__ligand210-0
167,XUYYAR__ligand2253-0
168,XUYYAR__ligand1160-0
169,XUYYAR__ligand86-0
170,XUYYAR__ligand7550-0
171,XUYYAR__ligand1555-0
172,XUYYAR__ligand1285-0
173,XUYYAR__ligand481-0
174,XUYYAR__ligand314-0
175,XUYYAR__ligand7630-0
176,XUYYAR__ligand6-0
177,XUYYAR__ligand391-0
178,XUYYAR__ligand3890-0
179,XUYYAR__ligand62-0
180,XUYYAR__ligand170-0
181,XUYYAR__ligand1907-0
182,XUYYAR__ligand4423-0
183,XUYYAR__ligand1818-0
184,XUYYAR__ligand4-0
185,XUYYAR__ligand236-0
186,XUYYAR__ligand7456-0
187,XUYYAR__ligand5758-0
188,XUYYAR__ligand3852-0
189,XUYYAR__ligand353-0
190,XUYYAR__ligand18-0
191,XUYYAR__ligand3478-0
192,XUYYAR__ligand196-0
193,XUYYAR__ligand502-0
194,XUYYAR__ligand9176-0
195,XUYYAR__ligand1493-0
196,XUYYAR__ligand2718-0
197,XUYYAR__ligand3035-0
198,XUYYAR__ligand3070-0
199,XUYYAR__ligand5235-0
200,XUYYAR__ligand422-0
201,XUYYAR__ligand6143-0
202,XUYYAR__ligand4619-0
203,XUYYAR__ligand113-0
204,XUYYAR__ligand3251-0
205,XUYYAR__ligand38-0
206,XUYYAR__ligand1918-0
207,XUYYAR__ligand682-0
208,XUYYAR__ligand2255-0
209,XUYYAR__ligand4175-0
210,XUYYAR__ligand40-0
211,XUYYAR__ligand133-0
212,XUYYAR__ligand3618-0
213,XUYYAR__ligand2618-0
214,XUYYAR__ligand447-0
215,XUYYAR__ligand1436-0
216,XUYYAR__ligand21-0
217,XUYYAR__ligand487-0
218,XUYYAR__ligand4370-0
219,XUYYAR__ligand522-0
220,XUYYAR__ligand666-0
221,XUYYAR__ligand784-0
222,XUYYAR__ligand355-0
223,XUYYAR__ligand485-0
224,XUYYAR__ligand2526-0
225,XUYYAR__ligand1551-0
226,XUYYAR__ligand1690-0
227,XUYYAR__ligand66-0
228,XUYYAR__ligand2707-0
229,XUYYAR__ligand115-0
230,XUYYAR__ligand2915-0
231,XUYYAR__ligand3196-0
232,XUYYAR__ligand4012-0
233,XUYYAR__ligand291-0
234,XUYYAR__ligand3853-0
235,XUYYAR__ligand783-0
236,XUYYAR__ligand352-0
237,XUYYAR__ligand2853-0
238,XUYYAR__ligand2599-0
239,XUYYAR__ligand5089-0
240,XUYYAR__ligand1246-0
241,XUYYAR__ligand136-0
242,XUYYAR__ligand868-0
243,XUYYAR__ligand442-0
244,XUYYAR__ligand6166-0
245,XUYYAR__ligand112-0
246,XUYYAR__ligand45-0
247,XUYYAR__ligand78-0
248,XUYYAR__ligand85-0
249,XUYYAR__ligand1307-0
250,XUYYAR__ligand197-0
251,XUYYAR__ligand296-0
252,XUYYAR__ligand331-0
253,XUYYAR__ligand3337-0
254,XUYYAR__ligand7514-0
255,XUYYAR__ligand1449-1
256,XUYYAR__ligand4811-0
257,XUYYAR__ligand294-0
258,XUYYAR__ligand993-0
259,XUYYAR__ligand1260-0
260,XUYYAR__ligand4894-0
261,XUYYAR__ligand9620-0
262,XUYYAR__ligand916-0
263,XUYYAR__ligand584-0
264,XUYYAR__ligand798-0
265,XUYYAR__ligand421-0
266,XUYYAR__ligand134-0
267,XUYYAR__ligand932-0
268,XUYYAR__ligand235-0
269,XUYYAR__ligand1788-0
270,XUYYAR__ligand390-0
271,XUYYAR__ligand1321-0
272,XUYYAR__ligand525-0
273,XUYYAR__ligand560-0
274,XUYYAR__ligand3566-0
275,XUYYAR__ligand11730-0
276,XUYYAR__ligand109-0
277,XUYYAR__ligand1178-0
278,XUYYAR__ligand2442-0
279,XUYYAR__ligand1019-0
280,XUYYAR__ligand67-0
281,XUYYAR__ligand3-0
282,XUYYAR__ligand444-0
283,XUYYAR__ligand369-0
284,XUYYAR__ligand188-0
285,XUYYAR__ligand5762-0
286,XUYYAR__ligand7414-0
287,XUYYAR__ligand1104-0
288,XUYYAR__ligand1325-0
289,XUYYAR__ligand2482-0
290,XUYYAR__ligand311-0
291,XUYYAR__ligand6571-0
292,XUYYAR__ligand2929-0
293,XUYYAR__ligand2376-0
294,XUYYAR__ligand370-0
295,XUYYAR__ligand1379-0
296,XUYYAR__ligand460-0
297,XUYYAR__ligand6430-0
298,XUYYAR__ligand1299-0
299,XUYYAR__ligand250-0
300,XUYYAR__ligand1264-0
301,XUYYAR__ligand1221-0
302,XUYYAR__ligand1712-0
303,XUYYAR__ligand2110-0
304,XUYYAR__ligand252-0
305,XUYYAR__ligand2916-0
306,XUYYAR__ligand3579-0
307,XUYYAR__ligand955-0
308,XUYYAR__ligand1919-0
309,XUYYAR__ligand193-0
310,XUYYAR__ligand2389-0
311,XUYYAR__ligand830-0
312,XUYYAR__ligand5334-0
313,XUYYAR__ligand909-0
314,XUYYAR__ligand2315-0
315,XUYYAR__ligand851-0
316,XUYYAR__ligand3051-0
317,XUYYAR__ligand4504-0
318,XUYYAR__ligand2480-0
319,XUYYAR__ligand1898-0
320,XUYYAR__ligand8032-0
321,XUYYAR__ligand1-0
322,XUYYAR__ligand1858-0
323,XUYYAR__ligand177-0
324,XUYYAR__ligand934-0
