,TMC
0,IGOVEG__ligand2255-0
1,IGOVEG__ligand124-0
2,IGOVEG__ligand4175-0
3,IGOVEG__ligand51-0
4,IGOVEG__ligand29-0
5,IGOVEG__ligand91-0
6,IGOVEG__ligand1918-0
7,IGOVEG__ligand119-0
8,IGOVEG__ligand321-0
9,IGOVEG__ligand48-0
10,IGOVEG__ligand4370-0
11,IGOVEG__ligand3-0
12,IGOVEG__ligand279-0
13,IGOVEG__ligand178-0
14,IGOVEG__ligand100-0
15,IGOVEG__ligand3618-0
16,IGOVEG__ligand2618-0
17,IGOVEG__ligand201-0
18,IGOVEG__ligand244-0
19,IGOVEG__ligand1436-0
20,IGOVEG__ligand1690-0
21,IGOVEG__ligand596-0
22,IGOVEG__ligand32-0
23,IGOVEG__ligand2707-0
24,IGOVEG__ligand366-0
25,IGOVEG__ligand861-0
26,IGOVEG__ligand612-0
27,IGOVEG__ligand2526-0
28,IGOVEG__ligand1-0
29,IGOVEG__ligand1551-0
30,IGOVEG__ligand187-0
31,IGOVEG__ligand4012-0
32,IGOVEG__ligand3196-0
33,IGOVEG__ligand126-0
34,IGOVEG__ligand2915-0
35,IGOVEG__ligand11730-0
36,IGOVEG__ligand797-0
37,IGOVEG__ligand7550-0
38,IGOVEG__ligand757-0
39,IGOVEG__ligand1038-0
40,IGOVEG__ligand2762-0
41,IGOVEG__ligand57-0
42,IGOVEG__ligand2954-0
43,IGOVEG__ligand5093-0
44,IGOVEG__ligand2253-0
45,IGOVEG__ligand1160-0
46,IGOVEG__ligand73-0
47,IGOVEG__ligand3890-0
48,IGOVEG__ligand1907-0
49,IGOVEG__ligand4423-0
50,IGOVEG__ligand1555-0
51,IGOVEG__ligand1285-0
52,IGOVEG__ligand7630-0
53,IGOVEG__ligand5758-0
54,IGOVEG__ligand3852-0
55,IGOVEG__ligand3478-0
56,IGOVEG__ligand1818-0
57,IGOVEG__ligand34-0
58,IGOVEG__ligand240-0
59,IGOVEG__ligand7456-0
60,IGOVEG__ligand141-0
61,IGOVEG__ligand55-0
62,IGOVEG__ligand5235-0
63,IGOVEG__ligand6143-0
64,IGOVEG__ligand4619-0
65,IGOVEG__ligand384-0
66,IGOVEG__ligand120-0
67,IGOVEG__ligand3251-0
68,IGOVEG__ligand9176-0
69,IGOVEG__ligand1493-0
70,IGOVEG__ligand95-0
71,IGOVEG__ligand3070-0
72,IGOVEG__ligand3035-0
73,IGOVEG__ligand2718-0
74,IGOVEG__ligand1325-0
75,IGOVEG__ligand2482-0
76,IGOVEG__ligand6571-0
77,IGOVEG__ligand1019-0
78,IGOVEG__ligand2442-0
79,IGOVEG__ligand7414-0
80,IGOVEG__ligand5762-0
81,IGOVEG__ligand1104-0
82,IGOVEG__ligand17-0
83,IGOVEG__ligand1379-0
84,IGOVEG__ligand383-0
85,IGOVEG__ligand1299-0
86,IGOVEG__ligand6430-0
87,IGOVEG__ligand162-0
88,IGOVEG__ligand1221-0
89,IGOVEG__ligand1264-0
90,IGOVEG__ligand226-0
91,IGOVEG__ligand2929-0
92,IGOVEG__ligand92-0
93,IGOVEG__ligand2376-0
94,IGOVEG__ligand118-0
95,IGOVEG__ligand1919-0
96,IGOVEG__ligand670-0
97,IGOVEG__ligand571-0
98,IGOVEG__ligand2389-0
99,IGOVEG__ligand1712-0
100,IGOVEG__ligand2916-0
101,IGOVEG__ligand2110-0
102,IGOVEG__ligand509-0
103,IGOVEG__ligand3579-0
104,IGOVEG__ligand430-0
105,IGOVEG__ligand358-0
106,IGOVEG__ligand8032-0
107,IGOVEG__ligand89-0
108,IGOVEG__ligand1858-0
109,IGOVEG__ligand669-0
110,IGOVEG__ligand5334-0
111,IGOVEG__ligand278-0
112,IGOVEG__ligand2315-0
113,IGOVEG__ligand1898-0
114,IGOVEG__ligand49-0
115,IGOVEG__ligand4504-0
116,IGOVEG__ligand3051-0
117,IGOVEG__ligand365-0
118,IGOVEG__ligand2480-0
119,IGOVEG__ligand1246-0
120,IGOVEG__ligand140-0
121,IGOVEG__ligand105-0
122,IGOVEG__ligand6166-0
123,IGOVEG__ligand409-0
124,IGOVEG__ligand324-0
125,IGOVEG__ligand3853-0
126,IGOVEG__ligand361-0
127,IGOVEG__ligand2853-0
128,IGOVEG__ligand5089-0
129,IGOVEG__ligand6-0
130,IGOVEG__ligand2599-0
131,IGOVEG__ligand1307-0
132,IGOVEG__ligand575-0
133,IGOVEG__ligand927-0
134,IGOVEG__ligand199-0
135,IGOVEG__ligand11-0
136,IGOVEG__ligand9620-0
137,IGOVEG__ligand1260-0
138,IGOVEG__ligand4894-0
139,IGOVEG__ligand166-0
140,IGOVEG__ligand838-0
141,IGOVEG__ligand3337-0
142,IGOVEG__ligand497-0
143,IGOVEG__ligand7514-0
144,IGOVEG__ligand4811-0
145,IGOVEG__ligand1449-1
146,IGOVEG__ligand633-0
147,IGOVEG__ligand918-0
148,IGOVEG__ligand532-0
149,IGOVEG__ligand821-0
150,IGOVEG__ligand326-0
151,IGOVEG__ligand1321-0
152,IGOVEG__ligand4-0
153,IGOVEG__ligand553-0
154,IGOVEG__ligand1178-0
155,IGOVEG__ligand283-0
156,IGOVEG__ligand3566-0
157,IGOVEG__ligand142-0
158,IGOVEG__ligand206-0
159,IGOVEG__ligand1788-0
160,IGOVEG__ligand436-0
161,IGOVEG__ligand1598-0
162,IGOVEG__ligand4303-0
163,IGOVEG__ligand1248-0
164,IGOVEG__ligand352-0
165,IGOVEG__ligand783-0
166,IGOVEG__ligand6294-0
167,IGOVEG__ligand1054-0
168,IGOVEG__ligand868-0
169,IGOVEG__ligand442-0
170,IGOVEG__ligand8-0
171,IGOVEG__ligand136-0
172,IGOVEG__ligand7464-0
173,IGOVEG__ligand67-0
174,IGOVEG__ligand112-0
175,IGOVEG__ligand3637-0
176,IGOVEG__ligand197-0
177,IGOVEG__ligand296-0
178,IGOVEG__ligand8774-0
179,IGOVEG__ligand294-0
180,IGOVEG__ligand1607-0
181,IGOVEG__ligand993-0
182,IGOVEG__ligand331-0
183,IGOVEG__ligand1727-0
184,IGOVEG__ligand421-0
185,IGOVEG__ligand798-0
186,IGOVEG__ligand1152-0
187,IGOVEG__ligand584-0
188,IGOVEG__ligand916-0
189,IGOVEG__ligand390-0
190,IGOVEG__ligand1703-0
191,IGOVEG__ligand2430-0
192,IGOVEG__ligand134-0
193,IGOVEG__ligand932-0
194,IGOVEG__ligand235-0
195,IGOVEG__ligand2907-0
196,IGOVEG__ligand8921-0
197,IGOVEG__ligand2285-0
198,IGOVEG__ligand525-0
199,IGOVEG__ligand1567-0
200,IGOVEG__ligand560-0
201,IGOVEG__ligand109-0
202,IGOVEG__ligand2510-0
203,IGOVEG__ligand2320-0
204,IGOVEG__ligand1056-0
205,IGOVEG__ligand2862-0
206,IGOVEG__ligand1273-0
207,IGOVEG__ligand188-0
208,IGOVEG__ligand10910-0
209,IGOVEG__ligand45-0
210,IGOVEG__ligand369-0
211,IGOVEG__ligand444-0
212,IGOVEG__ligand78-0
213,IGOVEG__ligand311-0
214,IGOVEG__ligand1052-0
215,IGOVEG__ligand85-0
216,IGOVEG__ligand2345-0
217,IGOVEG__ligand2794-0
218,IGOVEG__ligand1835-0
219,IGOVEG__ligand14530-0
220,IGOVEG__ligand370-0
221,IGOVEG__ligand4983-0
222,IGOVEG__ligand1502-0
223,IGOVEG__ligand1113-0
224,IGOVEG__ligand2265-0
225,IGOVEG__ligand6396-0
226,IGOVEG__ligand250-0
227,IGOVEG__ligand460-0
228,IGOVEG__ligand9027-0
229,IGOVEG__ligand252-0
230,IGOVEG__ligand955-0
231,IGOVEG__ligand5941-0
232,IGOVEG__ligand2880-0
233,IGOVEG__ligand2838-0
234,IGOVEG__ligand1799-0
235,IGOVEG__ligand3838-0
236,IGOVEG__ligand10479-0
237,IGOVEG__ligand830-0
238,IGOVEG__ligand1169-0
239,IGOVEG__ligand5022-0
240,IGOVEG__ligand193-0
241,IGOVEG__ligand851-0
242,IGOVEG__ligand2864-0
243,IGOVEG__ligand909-0
244,IGOVEG__ligand10114-0
245,IGOVEG__ligand177-0
246,IGOVEG__ligand934-0
247,IGOVEG__ligand2142-0
248,IGOVEG__ligand6151-0
249,IGOVEG__ligand2772-0
250,IGOVEG__ligand9495-0
251,IGOVEG__ligand6538-0
252,IGOVEG__ligand210-0
253,IGOVEG__ligand2751-0
254,IGOVEG__ligand21-0
255,IGOVEG__ligand3041-0
256,IGOVEG__ligand2634-0
257,IGOVEG__ligand1542-0
258,IGOVEG__ligand481-0
259,IGOVEG__ligand6502-0
260,IGOVEG__ligand2098-0
261,IGOVEG__ligand2863-0
262,IGOVEG__ligand314-0
263,IGOVEG__ligand38-0
264,IGOVEG__ligand3178-0
265,IGOVEG__ligand6332-0
266,IGOVEG__ligand170-0
267,IGOVEG__ligand3145-0
268,IGOVEG__ligand5548-0
269,IGOVEG__ligand40-0
270,IGOVEG__ligand7915-0
271,IGOVEG__ligand6686-0
272,IGOVEG__ligand1747-0
273,IGOVEG__ligand391-0
274,IGOVEG__ligand236-0
275,IGOVEG__ligand3246-0
276,IGOVEG__ligand1479-0
277,IGOVEG__ligand353-0
278,IGOVEG__ligand1148-0
279,IGOVEG__ligand1228-0
280,IGOVEG__ligand196-0
281,IGOVEG__ligand502-0
282,IGOVEG__ligand9244-0
283,IGOVEG__ligand1114-0
284,IGOVEG__ligand113-0
285,IGOVEG__ligand1538-0
286,IGOVEG__ligand66-0
287,IGOVEG__ligand422-0
288,IGOVEG__ligand1544-0
289,IGOVEG__ligand1459-0
290,IGOVEG__ligand1048-0
291,IGOVEG__ligand2087-0
292,IGOVEG__ligand62-0
293,IGOVEG__ligand3757-0
294,IGOVEG__ligand682-0
295,IGOVEG__ligand1685-0
296,IGOVEG__ligand447-0
297,IGOVEG__ligand1171-0
298,IGOVEG__ligand133-0
299,IGOVEG__ligand522-0
300,IGOVEG__ligand5801-0
301,IGOVEG__ligand666-0
302,IGOVEG__ligand86-0
303,IGOVEG__ligand487-0
304,IGOVEG__ligand1438-0
305,IGOVEG__ligand3063-0
306,IGOVEG__ligand355-0
307,IGOVEG__ligand784-0
308,IGOVEG__ligand485-0
309,IGOVEG__ligand1706-0
310,IGOVEG__ligand3734-0
311,IGOVEG__ligand2629-0
312,IGOVEG__ligand4381-0
313,IGOVEG__ligand6277-0
314,IGOVEG__ligand1951-0
315,IGOVEG__ligand115-0
316,IGOVEG__ligand1687-0
317,IGOVEG__ligand291-0
318,IGOVEG__ligand2688-0
319,IGOVEG__ligand2259-0
320,IGOVEG__ligand15630-0
321,IGOVEG__ligand2768-0
322,IGOVEG__ligand10357-0
323,IGOVEG__ligand1376-0
324,IGOVEG__ligand18-0
