,TMC
0,VISQOD__ligand136-0
1,VISQOD__ligand442-0
2,VISQOD__ligand868-0
3,VISQOD__ligand4381-0
4,VISQOD__ligand352-0
5,VISQOD__ligand783-0
6,VISQOD__ligand2629-0
7,VISQOD__ligand66-0
8,VISQOD__ligand3734-0
9,VISQOD__ligand1706-0
10,VISQOD__ligand1687-0
11,VISQOD__ligand1951-0
12,VISQOD__ligand296-0
13,VISQOD__ligand6277-0
14,VISQOD__ligand197-0
15,VISQOD__ligand1376-0
16,VISQOD__ligand2768-0
17,VISQOD__ligand112-0
18,VISQOD__ligand2688-0
19,VISQOD__ligand2259-0
20,VISQOD__ligand584-0
21,VISQOD__ligand916-0
22,VISQOD__ligand1459-0
23,VISQOD__ligand1544-0
24,VISQOD__ligand798-0
25,VISQOD__ligand38-0
26,VISQOD__ligand421-0
27,VISQOD__ligand331-0
28,VISQOD__ligand40-0
29,VISQOD__ligand1685-0
30,VISQOD__ligand3757-0
31,VISQOD__ligand993-0
32,VISQOD__ligand2087-0
33,VISQOD__ligand1048-0
34,VISQOD__ligand294-0
35,VISQOD__ligand21-0
36,VISQOD__ligand1171-0
37,VISQOD__ligand109-0
38,VISQOD__ligand525-0
39,VISQOD__ligand560-0
40,VISQOD__ligand3063-0
41,VISQOD__ligand235-0
42,VISQOD__ligand1438-0
43,VISQOD__ligand134-0
44,VISQOD__ligand932-0
45,VISQOD__ligand390-0
46,VISQOD__ligand5801-0
47,VISQOD__ligand14530-0
48,VISQOD__ligand3246-0
49,VISQOD__ligand311-0
50,VISQOD__ligand18-0
51,VISQOD__ligand444-0
52,VISQOD__ligand369-0
53,VISQOD__ligand1148-0
54,VISQOD__ligand188-0
55,VISQOD__ligand1479-0
56,VISQOD__ligand10910-0
57,VISQOD__ligand9244-0
58,VISQOD__ligand460-0
59,VISQOD__ligand1228-0
60,VISQOD__ligand250-0
61,VISQOD__ligand4-0
62,VISQOD__ligand370-0
63,VISQOD__ligand1538-0
64,VISQOD__ligand1114-0
65,VISQOD__ligand193-0
66,VISQOD__ligand2751-0
67,VISQOD__ligand830-0
68,VISQOD__ligand1542-0
69,VISQOD__ligand2634-0
70,VISQOD__ligand10114-0
71,VISQOD__ligand86-0
72,VISQOD__ligand6-0
73,VISQOD__ligand955-0
74,VISQOD__ligand3041-0
75,VISQOD__ligand252-0
76,VISQOD__ligand6332-0
77,VISQOD__ligand3178-0
78,VISQOD__ligand2863-0
79,VISQOD__ligand2098-0
80,VISQOD__ligand934-0
81,VISQOD__ligand177-0
82,VISQOD__ligand6502-0
83,VISQOD__ligand909-0
84,VISQOD__ligand6686-0
85,VISQOD__ligand1747-0
86,VISQOD__ligand10479-0
87,VISQOD__ligand7915-0
88,VISQOD__ligand5548-0
89,VISQOD__ligand62-0
90,VISQOD__ligand3145-0
91,VISQOD__ligand851-0
92,VISQOD__ligand3838-0
93,VISQOD__ligand1799-0
94,VISQOD__ligand2838-0
95,VISQOD__ligand5941-0
96,VISQOD__ligand2880-0
97,VISQOD__ligand5022-0
98,VISQOD__ligand1169-0
99,VISQOD__ligand1-0
100,VISQOD__ligand210-0
101,VISQOD__ligand391-0
102,VISQOD__ligand2864-0
103,VISQOD__ligand170-0
104,VISQOD__ligand6538-0
105,VISQOD__ligand9495-0
106,VISQOD__ligand2772-0
107,VISQOD__ligand6151-0
108,VISQOD__ligand2142-0
109,VISQOD__ligand314-0
110,VISQOD__ligand481-0
111,VISQOD__ligand353-0
112,VISQOD__ligand67-0
113,VISQOD__ligand1273-0
114,VISQOD__ligand1052-0
115,VISQOD__ligand236-0
116,VISQOD__ligand422-0
117,VISQOD__ligand1502-0
118,VISQOD__ligand4983-0
119,VISQOD__ligand3-0
120,VISQOD__ligand1835-0
121,VISQOD__ligand2345-0
122,VISQOD__ligand2794-0
123,VISQOD__ligand113-0
124,VISQOD__ligand9027-0
125,VISQOD__ligand196-0
126,VISQOD__ligand502-0
127,VISQOD__ligand6396-0
128,VISQOD__ligand2265-0
129,VISQOD__ligand1113-0
130,VISQOD__ligand682-0
131,VISQOD__ligand1607-0
132,VISQOD__ligand1152-0
133,VISQOD__ligand1727-0
134,VISQOD__ligand2907-0
135,VISQOD__ligand487-0
136,VISQOD__ligand2430-0
137,VISQOD__ligand1703-0
138,VISQOD__ligand666-0
139,VISQOD__ligand522-0
140,VISQOD__ligand2862-0
141,VISQOD__ligand133-0
142,VISQOD__ligand1056-0
143,VISQOD__ligand2320-0
144,VISQOD__ligand2510-0
145,VISQOD__ligand1567-0
146,VISQOD__ligand2285-0
147,VISQOD__ligand8921-0
148,VISQOD__ligand447-0
149,VISQOD__ligand1054-0
150,VISQOD__ligand6294-0
151,VISQOD__ligand1248-0
152,VISQOD__ligand4303-0
153,VISQOD__ligand1598-0
154,VISQOD__ligand7464-0
155,VISQOD__ligand485-0
156,VISQOD__ligand355-0
157,VISQOD__ligand784-0
158,VISQOD__ligand10357-0
159,VISQOD__ligand15630-0
160,VISQOD__ligand45-0
161,VISQOD__ligand291-0
162,VISQOD__ligand8774-0
163,VISQOD__ligand115-0
164,VISQOD__ligand85-0
165,VISQOD__ligand3637-0
166,VISQOD__ligand78-0
167,VISQOD__ligand119-0
168,VISQOD__ligand89-0
169,VISQOD__ligand1260-0
170,VISQOD__ligand4894-0
171,VISQOD__ligand9620-0
172,VISQOD__ligand49-0
173,VISQOD__ligand1449-1
174,VISQOD__ligand4811-0
175,VISQOD__ligand7514-0
176,VISQOD__ligand3337-0
177,VISQOD__ligand124-0
178,VISQOD__ligand3566-0
179,VISQOD__ligand1178-0
180,VISQOD__ligand201-0
181,VISQOD__ligand244-0
182,VISQOD__ligand1321-0
183,VISQOD__ligand100-0
184,VISQOD__ligand178-0
185,VISQOD__ligand279-0
186,VISQOD__ligand1788-0
187,VISQOD__ligand321-0
188,VISQOD__ligand187-0
189,VISQOD__ligand6166-0
190,VISQOD__ligand612-0
191,VISQOD__ligand861-0
192,VISQOD__ligand1246-0
193,VISQOD__ligand17-0
194,VISQOD__ligand366-0
195,VISQOD__ligand2599-0
196,VISQOD__ligand5089-0
197,VISQOD__ligand92-0
198,VISQOD__ligand596-0
199,VISQOD__ligand11730-0
200,VISQOD__ligand2853-0
201,VISQOD__ligand3853-0
202,VISQOD__ligand1307-0
203,VISQOD__ligand126-0
204,VISQOD__ligand2389-0
205,VISQOD__ligand757-0
206,VISQOD__ligand1919-0
207,VISQOD__ligand3579-0
208,VISQOD__ligand797-0
209,VISQOD__ligand2110-0
210,VISQOD__ligand2916-0
211,VISQOD__ligand1712-0
212,VISQOD__ligand1858-0
213,VISQOD__ligand8032-0
214,VISQOD__ligand2480-0
215,VISQOD__ligand3051-0
216,VISQOD__ligand4504-0
217,VISQOD__ligand1898-0
218,VISQOD__ligand2315-0
219,VISQOD__ligand5334-0
220,VISQOD__ligand141-0
221,VISQOD__ligand6571-0
222,VISQOD__ligand240-0
223,VISQOD__ligand2482-0
224,VISQOD__ligand1325-0
225,VISQOD__ligand1104-0
226,VISQOD__ligand5762-0
227,VISQOD__ligand7414-0
228,VISQOD__ligand11-0
229,VISQOD__ligand2442-0
230,VISQOD__ligand1019-0
231,VISQOD__ligand1264-0
232,VISQOD__ligand1221-0
233,VISQOD__ligand6430-0
234,VISQOD__ligand1299-0
235,VISQOD__ligand1379-0
236,VISQOD__ligand2376-0
237,VISQOD__ligand120-0
238,VISQOD__ligand384-0
239,VISQOD__ligand2929-0
240,VISQOD__ligand3478-0
241,VISQOD__ligand3852-0
242,VISQOD__ligand5758-0
243,VISQOD__ligand7456-0
244,VISQOD__ligand1818-0
245,VISQOD__ligand32-0
246,VISQOD__ligand3251-0
247,VISQOD__ligand4619-0
248,VISQOD__ligand6143-0
249,VISQOD__ligand5235-0
250,VISQOD__ligand226-0
251,VISQOD__ligand2718-0
252,VISQOD__ligand3035-0
253,VISQOD__ligand3070-0
254,VISQOD__ligand162-0
255,VISQOD__ligand1493-0
256,VISQOD__ligand383-0
257,VISQOD__ligand9176-0
258,VISQOD__ligand7550-0
259,VISQOD__ligand509-0
260,VISQOD__ligand48-0
261,VISQOD__ligand1160-0
262,VISQOD__ligand2253-0
263,VISQOD__ligand5093-0
264,VISQOD__ligand2954-0
265,VISQOD__ligand571-0
266,VISQOD__ligand2762-0
267,VISQOD__ligand1038-0
268,VISQOD__ligand670-0
269,VISQOD__ligand8-0
270,VISQOD__ligand118-0
271,VISQOD__ligand365-0
272,VISQOD__ligand4423-0
273,VISQOD__ligand51-0
274,VISQOD__ligand1907-0
275,VISQOD__ligand3890-0
276,VISQOD__ligand278-0
277,VISQOD__ligand7630-0
278,VISQOD__ligand669-0
279,VISQOD__ligand91-0
280,VISQOD__ligand1285-0
281,VISQOD__ligand358-0
282,VISQOD__ligand1555-0
283,VISQOD__ligand430-0
284,VISQOD__ligand29-0
285,VISQOD__ligand2707-0
286,VISQOD__ligand324-0
287,VISQOD__ligand361-0
288,VISQOD__ligand409-0
289,VISQOD__ligand1690-0
290,VISQOD__ligand55-0
291,VISQOD__ligand1551-0
292,VISQOD__ligand95-0
293,VISQOD__ligand2526-0
294,VISQOD__ligand140-0
295,VISQOD__ligand105-0
296,VISQOD__ligand3196-0
297,VISQOD__ligand4012-0
298,VISQOD__ligand199-0
299,VISQOD__ligand927-0
300,VISQOD__ligand575-0
301,VISQOD__ligand2915-0
302,VISQOD__ligand34-0
303,VISQOD__ligand532-0
304,VISQOD__ligand918-0
305,VISQOD__ligand4175-0
306,VISQOD__ligand633-0
307,VISQOD__ligand497-0
308,VISQOD__ligand2255-0
309,VISQOD__ligand73-0
310,VISQOD__ligand838-0
311,VISQOD__ligand1918-0
312,VISQOD__ligand166-0
313,VISQOD__ligand436-0
314,VISQOD__ligand4370-0
315,VISQOD__ligand206-0
316,VISQOD__ligand142-0
317,VISQOD__ligand283-0
318,VISQOD__ligand553-0
319,VISQOD__ligand1436-0
320,VISQOD__ligand57-0
321,VISQOD__ligand2618-0
322,VISQOD__ligand326-0
323,VISQOD__ligand3618-0
324,VISQOD__ligand821-0
