,TMC
0,HADPIL__ligand23682-0
1,HADPIL__ligand370-1
2,HADPIL__ligand7238-0
3,HADPIL__ligand620-0
4,HADPIL__ligand29565-0
5,HADPIL__ligand1790-0
6,HADPIL__ligand1304-0
7,HADPIL__ligand7280-0
8,HADPIL__ligand27771-0
9,HADPIL__ligand564-0
10,HADPIL__ligand18158-0
11,HADPIL__ligand311-0
12,HADPIL__ligand785-0
13,HADPIL__ligand20942-1
14,HADPIL__ligand16956-0
15,HADPIL__ligand6709-0
16,HADPIL__ligand1219-0
17,HADPIL__ligand21339-0
18,HADPIL__ligand14226-0
19,HADPIL__ligand7867-0
20,HADPIL__ligand479-0
21,HADPIL__ligand4016-0
22,HADPIL__ligand16-0
23,HADPIL__ligand27550-0
24,HADPIL__ligand8699-0
25,HADPIL__ligand1160-0
26,HADPIL__ligand9520-0
27,HADPIL__ligand4093-0
28,HADPIL__ligand4442-0
29,HADPIL__ligand3954-0
30,HADPIL__ligand7629-0
31,HADPIL__ligand188-0
32,HADPIL__ligand1451-0
33,HADPIL__ligand4272-0
34,HADPIL__ligand14007-0
35,HADPIL__ligand9784-0
36,HADPIL__ligand18019-1
37,HADPIL__ligand9291-0
38,HADPIL__ligand21448-0
39,HADPIL__ligand2176-0
40,HADPIL__ligand22357-0
41,HADPIL__ligand2232-0
42,HADPIL__ligand11758-0
43,HADPIL__ligand4157-0
44,HADPIL__ligand29214-0
45,HADPIL__ligand5256-0
46,HADPIL__ligand11544-0
47,HADPIL__ligand9833-0
48,HADPIL__ligand11501-0
49,HADPIL__ligand250-0
50,HADPIL__ligand8876-0
51,HADPIL__ligand2828-0
52,HADPIL__ligand7648-0
53,HADPIL__ligand14477-0
54,HADPIL__ligand4503-0
55,HADPIL__ligand4546-0
56,HADPIL__ligand17069-0
57,HADPIL__ligand17445-0
58,HADPIL__ligand1285-0
59,HADPIL__ligand32-0
60,HADPIL__ligand20731-0
61,HADPIL__ligand12413-0
62,HADPIL__ligand29334-0
63,HADPIL__ligand1982-0
64,HADPIL__ligand11798-0
65,HADPIL__ligand7000-0
66,HADPIL__ligand8115-0
67,HADPIL__ligand370-0
68,HADPIL__ligand6768-0
69,HADPIL__ligand21940-0
70,HADPIL__ligand25048-0
71,HADPIL__ligand3852-0
72,HADPIL__ligand2485-0
73,HADPIL__ligand193-0
74,HADPIL__ligand6919-0
75,HADPIL__ligand372-0
76,HADPIL__ligand13755-0
77,HADPIL__ligand16133-0
78,HADPIL__ligand1512-0
79,HADPIL__ligand20432-0
80,HADPIL__ligand27122-0
81,HADPIL__ligand5331-0
82,HADPIL__ligand830-0
83,HADPIL__ligand3565-0
84,HADPIL__ligand23445-0
85,HADPIL__ligand24953-0
86,HADPIL__ligand4720-0
87,HADPIL__ligand48-0
88,HADPIL__ligand8969-0
89,HADPIL__ligand3937-0
90,HADPIL__ligand1202-0
91,HADPIL__ligand3174-0
92,HADPIL__ligand3131-0
93,HADPIL__ligand6839-0
94,HADPIL__ligand252-0
95,HADPIL__ligand5211-0
96,HADPIL__ligand20557-0
97,HADPIL__ligand30004-0
98,HADPIL__ligand116-0
99,HADPIL__ligand4155-0
100,HADPIL__ligand3094-0
101,HADPIL__ligand18757-0
102,HADPIL__ligand24560-0
103,HADPIL__ligand91-0
104,HADPIL__ligand9908-0
105,HADPIL__ligand1263-0
106,HADPIL__ligand20844-0
107,HADPIL__ligand18413-0
108,HADPIL__ligand24624-0
109,HADPIL__ligand7242-0
110,HADPIL__ligand177-0
111,HADPIL__ligand7106-0
112,HADPIL__ligand3718-0
113,HADPIL__ligand3035-0
114,HADPIL__ligand1343-0
115,HADPIL__ligand3876-0
116,HADPIL__ligand14339-0
117,HADPIL__ligand6616-0
118,HADPIL__ligand30788-0
119,HADPIL__ligand13691-0
120,HADPIL__ligand4661-0
121,HADPIL__ligand1844-0
122,HADPIL__ligand909-0
123,HADPIL__ligand51-0
124,HADPIL__ligand3504-0
125,HADPIL__ligand21752-0
126,HADPIL__ligand1959-0
127,HADPIL__ligand1536-0
128,HADPIL__ligand1573-0
129,HADPIL__ligand8-0
130,HADPIL__ligand9935-0
131,HADPIL__ligand6596-0
132,HADPIL__ligand6904-0
133,HADPIL__ligand3721-0
134,HADPIL__ligand6102-0
135,HADPIL__ligand16870-0
136,HADPIL__ligand3465-0
137,HADPIL__ligand11622-0
138,HADPIL__ligand68-0
139,HADPIL__ligand11814-0
140,HADPIL__ligand868-0
141,HADPIL__ligand16603-0
142,HADPIL__ligand7819-0
143,HADPIL__ligand2917-0
144,HADPIL__ligand6067-0
145,HADPIL__ligand1577-0
146,HADPIL__ligand2295-0
147,HADPIL__ligand352-0
148,HADPIL__ligand783-0
149,HADPIL__ligand31205-0
150,HADPIL__ligand55-0
151,HADPIL__ligand17686-0
152,HADPIL__ligand25658-0
153,HADPIL__ligand11177-0
154,HADPIL__ligand4620-0
155,HADPIL__ligand15455-0
156,HADPIL__ligand34-0
157,HADPIL__ligand19824-0
158,HADPIL__ligand18067-0
159,HADPIL__ligand197-0
160,HADPIL__ligand11252-0
161,HADPIL__ligand4641-0
162,HADPIL__ligand10582-0
163,HADPIL__ligand13260-0
164,HADPIL__ligand11606-0
165,HADPIL__ligand8835-0
166,HADPIL__ligand2028-0
167,HADPIL__ligand7126-0
168,HADPIL__ligand31000-0
169,HADPIL__ligand26673-0
170,HADPIL__ligand20821-0
171,HADPIL__ligand3234-0
172,HADPIL__ligand1142-0
173,HADPIL__ligand7967-0
174,HADPIL__ligand3707-0
175,HADPIL__ligand19906-0
176,HADPIL__ligand6124-0
177,HADPIL__ligand19668-0
178,HADPIL__ligand685-0
179,HADPIL__ligand4116-0
180,HADPIL__ligand1018-0
181,HADPIL__ligand8992-0
182,HADPIL__ligand22353-0
183,HADPIL__ligand9601-0
184,HADPIL__ligand421-0
185,HADPIL__ligand9111-0
186,HADPIL__ligand9952-0
187,HADPIL__ligand1615-0
188,HADPIL__ligand5036-0
189,HADPIL__ligand2526-0
190,HADPIL__ligand294-0
191,HADPIL__ligand10151-0
192,HADPIL__ligand1823-0
193,HADPIL__ligand5643-0
194,HADPIL__ligand8721-0
195,HADPIL__ligand1324-0
196,HADPIL__ligand1631-0
197,HADPIL__ligand57-0
198,HADPIL__ligand29813-0
199,HADPIL__ligand16952-0
200,HADPIL__ligand9933-0
201,HADPIL__ligand1530-0
202,HADPIL__ligand1575-0
203,HADPIL__ligand20220-0
204,HADPIL__ligand560-0
205,HADPIL__ligand2332-0
206,HADPIL__ligand20121-0
207,HADPIL__ligand15387-0
208,HADPIL__ligand9441-0
209,HADPIL__ligand134-0
210,HADPIL__ligand6244-0
211,HADPIL__ligand24851-0
212,HADPIL__ligand14302-0
213,HADPIL__ligand1378-0
214,HADPIL__ligand14347-0
215,HADPIL__ligand13657-0
216,HADPIL__ligand235-0
217,HADPIL__ligand20530-0
218,HADPIL__ligand11698-0
219,HADPIL__ligand2915-0
220,HADPIL__ligand27610-0
221,HADPIL__ligand10479-0
222,HADPIL__ligand11479-0
223,HADPIL__ligand3156-0
224,HADPIL__ligand29441-0
225,HADPIL__ligand10853-0
226,HADPIL__ligand30728-0
227,HADPIL__ligand2068-0
228,HADPIL__ligand27840-0
229,HADPIL__ligand7925-0
230,HADPIL__ligand152-0
231,HADPIL__ligand24872-0
232,HADPIL__ligand1147-0
233,HADPIL__ligand24644-0
234,HADPIL__ligand49-0
235,HADPIL__ligand10033-0
236,HADPIL__ligand3973-0
237,HADPIL__ligand12001-0
238,HADPIL__ligand2599-0
239,HADPIL__ligand89-0
240,HADPIL__ligand13385-0
241,HADPIL__ligand14569-0
242,HADPIL__ligand4330-0
243,HADPIL__ligand24111-0
244,HADPIL__ligand22444-0
245,HADPIL__ligand7532-0
246,HADPIL__ligand13220-0
247,HADPIL__ligand11587-0
248,HADPIL__ligand23175-0
249,HADPIL__ligand4194-0
250,HADPIL__ligand15788-0
251,HADPIL__ligand506-0
252,HADPIL__ligand17396-0
253,HADPIL__ligand31694-0
254,HADPIL__ligand4813-0
255,HADPIL__ligand5813-0
256,HADPIL__ligand487-0
257,HADPIL__ligand4738-0
258,HADPIL__ligand6062-0
259,HADPIL__ligand29486-0
260,HADPIL__ligand6283-0
261,HADPIL__ligand17427-0
262,HADPIL__ligand11949-0
263,HADPIL__ligand176-0
264,HADPIL__ligand7107-0
265,HADPIL__ligand12138-0
266,HADPIL__ligand24780-0
267,HADPIL__ligand22129-0
268,HADPIL__ligand447-0
269,HADPIL__ligand25561-0
270,HADPIL__ligand746-0
271,HADPIL__ligand3215-0
272,HADPIL__ligand6946-0
273,HADPIL__ligand19927-0
274,HADPIL__ligand1415-0
275,HADPIL__ligand14043-0
276,HADPIL__ligand7529-0
277,HADPIL__ligand28559-0
278,HADPIL__ligand26324-0
279,HADPIL__ligand21729-0
280,HADPIL__ligand395-0
281,HADPIL__ligand27239-0
282,HADPIL__ligand368-0
283,HADPIL__ligand9148-0
284,HADPIL__ligand784-0
285,HADPIL__ligand5316-0
286,HADPIL__ligand26529-0
287,HADPIL__ligand17-0
288,HADPIL__ligand5483-0
289,HADPIL__ligand11618-0
290,HADPIL__ligand5627-0
291,HADPIL__ligand1729-0
292,HADPIL__ligand2830-0
293,HADPIL__ligand22403-0
294,HADPIL__ligand833-0
295,HADPIL__ligand9681-0
296,HADPIL__ligand4332-0
297,HADPIL__ligand1449-0
298,HADPIL__ligand3012-0
299,HADPIL__ligand20695-0
300,HADPIL__ligand27754-0
301,HADPIL__ligand28540-0
302,HADPIL__ligand11111-0
303,HADPIL__ligand16369-0
304,HADPIL__ligand1065-0
305,HADPIL__ligand7530-0
306,HADPIL__ligand2403-0
307,HADPIL__ligand29215-0
308,HADPIL__ligand115-0
309,HADPIL__ligand12003-0
310,HADPIL__ligand16148-0
311,HADPIL__ligand26631-0
312,HADPIL__ligand3934-0
313,HADPIL__ligand21399-0
314,HADPIL__ligand10872-0
315,HADPIL__ligand6455-0
316,HADPIL__ligand6882-0
317,HADPIL__ligand8464-0
318,HADPIL__ligand1709-0
319,HADPIL__ligand19184-0
320,HADPIL__ligand8349-0
321,HADPIL__ligand314-1
322,HADPIL__ligand2527-0
323,HADPIL__ligand28459-0
324,HADPIL__ligand18448-0
325,HADPIL__ligand12453-0
326,HADPIL__ligand5849-0
327,HADPIL__ligand465-0
328,HADPIL__ligand10371-0
329,HADPIL__ligand3392-0
330,HADPIL__ligand13672-0
331,HADPIL__ligand4911-0
332,HADPIL__ligand1771-0
333,HADPIL__ligand28685-0
334,HADPIL__ligand18568-0
335,HADPIL__ligand27285-0
336,HADPIL__ligand3157-0
337,HADPIL__ligand29029-0
338,HADPIL__ligand1165-0
339,HADPIL__ligand9525-0
340,HADPIL__ligand391-0
341,HADPIL__ligand5935-0
342,HADPIL__ligand618-0
343,HADPIL__ligand23197-0
344,HADPIL__ligand1379-0
345,HADPIL__ligand2722-0
346,HADPIL__ligand3871-0
347,HADPIL__ligand1469-0
348,HADPIL__ligand1768-0
349,HADPIL__ligand813-0
350,HADPIL__ligand13477-0
351,HADPIL__ligand14167-0
352,HADPIL__ligand4850-0
353,HADPIL__ligand5056-0
354,HADPIL__ligand780-0
355,HADPIL__ligand27669-0
356,HADPIL__ligand314-0
357,HADPIL__ligand1688-0
358,HADPIL__ligand3647-0
359,HADPIL__ligand30142-0
360,HADPIL__ligand5357-0
361,HADPIL__ligand11970-0
362,HADPIL__ligand1496-0
363,HADPIL__ligand7557-0
364,HADPIL__ligand15883-0
365,HADPIL__ligand24230-0
366,HADPIL__ligand1533-0
367,HADPIL__ligand353-0
368,HADPIL__ligand28810-0
369,HADPIL__ligand11096-0
370,HADPIL__ligand11447-0
371,HADPIL__ligand11-0
372,HADPIL__ligand19792-0
373,HADPIL__ligand10828-0
374,HADPIL__ligand15926-0
375,HADPIL__ligand69-0
376,HADPIL__ligand393-0
377,HADPIL__ligand10056-0
378,HADPIL__ligand12365-0
379,HADPIL__ligand13862-0
380,HADPIL__ligand11357-0
381,HADPIL__ligand15531-0
382,HADPIL__ligand28743-0
383,HADPIL__ligand5892-0
384,HADPIL__ligand5094-0
385,HADPIL__ligand22294-0
386,HADPIL__ligand28930-0
387,HADPIL__ligand22168-0
388,HADPIL__ligand1712-0
389,HADPIL__ligand4131-0
390,HADPIL__ligand21919-0
391,HADPIL__ligand16663-0
392,HADPIL__ligand422-0
393,HADPIL__ligand1900-0
394,HADPIL__ligand14614-0
395,HADPIL__ligand9197-0
396,HADPIL__ligand2328-0
397,HADPIL__ligand4581-0
398,HADPIL__ligand1773-0
399,HADPIL__ligand24035-0
400,HADPIL__ligand3029-0
401,HADPIL__ligand11994-0
402,HADPIL__ligand686-0
403,HADPIL__ligand7162-0
404,HADPIL__ligand31842-0
405,HADPIL__ligand31044-0
406,HADPIL__ligand1327-0
407,HADPIL__ligand9809-0
408,HADPIL__ligand6672-0
409,HADPIL__ligand30711-0
410,HADPIL__ligand20207-0
411,HADPIL__ligand8722-0
412,HADPIL__ligand196-0
413,HADPIL__ligand11682-0
414,HADPIL__ligand3350-0
415,HADPIL__ligand2781-0
416,HADPIL__ligand7573-0
417,HADPIL__ligand2208-0
418,HADPIL__ligand3208-0
419,HADPIL__ligand16988-0
420,HADPIL__ligand25913-0
421,HADPIL__ligand12641-0
422,HADPIL__ligand4124-0
423,HADPIL__ligand3471-0
424,HADPIL__ligand4161-0
425,HADPIL__ligand10958-0
426,HADPIL__ligand122-0
427,HADPIL__ligand757-0
428,HADPIL__ligand14108-0
429,HADPIL__ligand5415-0
430,HADPIL__ligand2650-0
431,HADPIL__ligand18814-0
432,HADPIL__ligand2281-0
433,HADPIL__ligand19057-0
434,HADPIL__ligand4340-0
435,HADPIL__ligand3180-0
436,HADPIL__ligand13425-0
437,HADPIL__ligand29302-0
438,HADPIL__ligand6995-0
439,HADPIL__ligand10262-0
440,HADPIL__ligand28676-0
441,HADPIL__ligand27763-0
442,HADPIL__ligand2823-0
443,HADPIL__ligand15585-0
444,HADPIL__ligand12401-0
445,HADPIL__ligand24145-0
446,HADPIL__ligand9944-0
447,HADPIL__ligand8593-0
448,HADPIL__ligand10476-0
449,HADPIL__ligand19830-0
450,HADPIL__ligand13068-0
451,HADPIL__ligand2001-0
452,HADPIL__ligand12289-0
453,HADPIL__ligand18292-0
454,HADPIL__ligand13658-0
455,HADPIL__ligand26702-0
456,HADPIL__ligand12130-0
457,HADPIL__ligand17387-0
458,HADPIL__ligand7566-0
459,HADPIL__ligand12231-0
460,HADPIL__ligand17302-0
461,HADPIL__ligand17805-0
462,HADPIL__ligand693-0
463,HADPIL__ligand5201-0
464,HADPIL__ligand24185-0
465,HADPIL__ligand1-0
466,HADPIL__ligand23769-0
467,HADPIL__ligand1113-0
468,HADPIL__ligand8553-0
469,HADPIL__ligand25178-0
470,HADPIL__ligand240-0
471,HADPIL__ligand31783-0
472,HADPIL__ligand4596-0
473,HADPIL__ligand141-0
474,HADPIL__ligand1498-0
475,HADPIL__ligand14297-0
476,HADPIL__ligand14603-0
477,HADPIL__ligand1154-0
478,HADPIL__ligand17258-0
479,HADPIL__ligand17631-0
480,HADPIL__ligand9615-0
481,HADPIL__ligand13012-0
482,HADPIL__ligand26665-0
483,HADPIL__ligand3-0
484,HADPIL__ligand18832-0
485,HADPIL__ligand27175-0
486,HADPIL__ligand23713-0
487,HADPIL__ligand8529-0
488,HADPIL__ligand67-0
489,HADPIL__ligand1169-0
490,HADPIL__ligand30988-0
491,HADPIL__ligand14723-0
492,HADPIL__ligand27893-0
493,HADPIL__ligand15422-0
494,HADPIL__ligand20578-0
495,HADPIL__ligand12934-0
496,HADPIL__ligand19641-0
497,HADPIL__ligand12427-0
498,HADPIL__ligand768-0
499,HADPIL__ligand20740-0
500,HADPIL__ligand28468-0
501,HADPIL__ligand43-0
502,HADPIL__ligand16628-0
503,HADPIL__ligand2027-0
504,HADPIL__ligand27460-0
505,HADPIL__ligand1050-0
506,HADPIL__ligand1015-0
507,HADPIL__ligand1028-0
508,HADPIL__ligand30333-0
509,HADPIL__ligand12606-0
510,HADPIL__ligand4262-0
511,HADPIL__ligand30296-0
512,HADPIL__ligand17281-0
513,HADPIL__ligand26540-0
514,HADPIL__ligand2692-0
515,HADPIL__ligand384-0
516,HADPIL__ligand12337-0
517,HADPIL__ligand1618-0
518,HADPIL__ligand29410-0
519,HADPIL__ligand1817-0
520,HADPIL__ligand6993-0
521,HADPIL__ligand14703-0
522,HADPIL__ligand16475-0
523,HADPIL__ligand1779-0
524,HADPIL__ligand9750-0
525,HADPIL__ligand7075-0
526,HADPIL__ligand1149-0
527,HADPIL__ligand20251-1
528,HADPIL__ligand3557-0
529,HADPIL__ligand3980-0
530,HADPIL__ligand20011-0
531,HADPIL__ligand17278-0
532,HADPIL__ligand17982-0
533,HADPIL__ligand1288-0
534,HADPIL__ligand29414-0
535,HADPIL__ligand338-0
536,HADPIL__ligand9491-0
537,HADPIL__ligand4266-0
538,HADPIL__ligand1400-0
539,HADPIL__ligand17398-0
540,HADPIL__ligand20598-0
541,HADPIL__ligand11675-0
542,HADPIL__ligand4167-0
543,HADPIL__ligand24047-0
544,HADPIL__ligand22557-0
545,HADPIL__ligand10589-0
546,HADPIL__ligand20419-0
547,HADPIL__ligand1539-0
548,HADPIL__ligand21371-0
549,HADPIL__ligand17118-0
550,HADPIL__ligand1150-0
551,HADPIL__ligand28789-0
552,HADPIL__ligand3416-0
553,HADPIL__ligand29568-0
554,HADPIL__ligand3453-0
555,HADPIL__ligand4207-0
556,HADPIL__ligand14889-0
557,HADPIL__ligand30851-0
558,HADPIL__ligand201-0
559,HADPIL__ligand20539-0
560,HADPIL__ligand185-0
561,HADPIL__ligand20251-0
562,HADPIL__ligand30702-0
563,HADPIL__ligand20214-0
564,HADPIL__ligand279-0
565,HADPIL__ligand3042-0
566,HADPIL__ligand178-0
567,HADPIL__ligand21581-0
568,HADPIL__ligand31097-0
569,HADPIL__ligand4063-0
570,HADPIL__ligand14117-0
571,HADPIL__ligand7438-0
572,HADPIL__ligand8200-0
573,HADPIL__ligand17261-0
574,HADPIL__ligand321-0
575,HADPIL__ligand5614-0
576,HADPIL__ligand5280-0
577,HADPIL__ligand1831-0
578,HADPIL__ligand657-0
579,HADPIL__ligand20682-0
580,HADPIL__ligand5515-0
581,HADPIL__ligand6663-0
582,HADPIL__ligand187-0
583,HADPIL__ligand13390-0
584,HADPIL__ligand366-0
585,HADPIL__ligand24-0
586,HADPIL__ligand3261-0
587,HADPIL__ligand1152-0
588,HADPIL__ligand5019-0
589,HADPIL__ligand777-0
590,HADPIL__ligand19-0
591,HADPIL__ligand1216-0
592,HADPIL__ligand26810-0
593,HADPIL__ligand27482-0
594,HADPIL__ligand596-0
595,HADPIL__ligand941-0
596,HADPIL__ligand1849-0
597,HADPIL__ligand13208-0
598,HADPIL__ligand12030-0
599,HADPIL__ligand3144-0
600,HADPIL__ligand29879-0
601,HADPIL__ligand14248-0
602,HADPIL__ligand5085-0
603,HADPIL__ligand28884-0
604,HADPIL__ligand78-0
605,HADPIL__ligand13331-0
606,HADPIL__ligand4710-0
607,HADPIL__ligand5755-0
608,HADPIL__ligand1397-0
609,HADPIL__ligand7213-0
610,HADPIL__ligand163-0
611,HADPIL__ligand126-0
612,HADPIL__ligand1828-0
613,HADPIL__ligand31832-0
614,HADPIL__ligand6112-0
615,HADPIL__ligand8042-0
616,HADPIL__ligand13294-0
617,HADPIL__ligand25411-0
618,HADPIL__ligand1786-0
619,HADPIL__ligand5630-0
620,HADPIL__ligand45-0
621,HADPIL__ligand14174-0
622,HADPIL__ligand1908-0
623,HADPIL__ligand10712-0
624,HADPIL__ligand845-0
625,HADPIL__ligand4795-0
626,HADPIL__ligand3285-0
627,HADPIL__ligand11456-0
628,HADPIL__ligand6699-0
629,HADPIL__ligand20579-0
630,HADPIL__ligand17710-0
631,HADPIL__ligand11568-0
632,HADPIL__ligand409-0
633,HADPIL__ligand3632-0
634,HADPIL__ligand21421-0
635,HADPIL__ligand3677-0
636,HADPIL__ligand361-0
637,HADPIL__ligand324-0
638,HADPIL__ligand1294-0
639,HADPIL__ligand66-0
640,HADPIL__ligand11774-0
641,HADPIL__ligand14586-0
642,HADPIL__ligand1168-0
643,HADPIL__ligand24613-0
644,HADPIL__ligand6892-0
645,HADPIL__ligand19725-0
646,HADPIL__ligand1211-0
647,HADPIL__ligand3712-0
648,HADPIL__ligand31483-0
649,HADPIL__ligand1464-0
650,HADPIL__ligand10555-0
651,HADPIL__ligand2881-0
652,HADPIL__ligand1499-0
653,HADPIL__ligand3945-0
654,HADPIL__ligand13072-0
655,HADPIL__ligand2693-0
656,HADPIL__ligand5383-0
657,HADPIL__ligand12336-0
658,HADPIL__ligand9344-0
659,HADPIL__ligand8000-0
660,HADPIL__ligand3736-0
661,HADPIL__ligand199-0
662,HADPIL__ligand7291-0
663,HADPIL__ligand588-0
664,HADPIL__ligand3677-1
665,HADPIL__ligand9883-0
666,HADPIL__ligand12682-0
667,HADPIL__ligand18699-0
668,HADPIL__ligand17240-0
669,HADPIL__ligand2985-0
670,HADPIL__ligand4007-0
671,HADPIL__ligand42-0
672,HADPIL__ligand17590-0
673,HADPIL__ligand300-0
674,HADPIL__ligand9299-0
675,HADPIL__ligand633-0
676,HADPIL__ligand24750-0
677,HADPIL__ligand2822-0
678,HADPIL__ligand7293-0
679,HADPIL__ligand1317-0
680,HADPIL__ligand3867-0
681,HADPIL__ligand5304-0
682,HADPIL__ligand18013-0
683,HADPIL__ligand25224-0
684,HADPIL__ligand9167-0
685,HADPIL__ligand17945-0
686,HADPIL__ligand31578-0
687,HADPIL__ligand497-0
688,HADPIL__ligand2238-0
689,HADPIL__ligand17207-0
690,HADPIL__ligand29087-0
691,HADPIL__ligand38-0
692,HADPIL__ligand7762-0
693,HADPIL__ligand18703-0
694,HADPIL__ligand5080-0
695,HADPIL__ligand6117-0
696,HADPIL__ligand1407-0
697,HADPIL__ligand15438-0
698,HADPIL__ligand28924-0
699,HADPIL__ligand5509-0
700,HADPIL__ligand8002-0
701,HADPIL__ligand3120-0
702,HADPIL__ligand3926-0
703,HADPIL__ligand436-0
704,HADPIL__ligand4358-0
705,HADPIL__ligand15168-0
706,HADPIL__ligand2221-0
707,HADPIL__ligand24064-0
708,HADPIL__ligand4101-0
709,HADPIL__ligand5595-0
710,HADPIL__ligand692-0
711,HADPIL__ligand23589-0
712,HADPIL__ligand5510-0
713,HADPIL__ligand1376-0
714,HADPIL__ligand9773-0
715,HADPIL__ligand2259-0
716,HADPIL__ligand1296-0
717,HADPIL__ligand26277-0
718,HADPIL__ligand29898-0
719,HADPIL__ligand31618-0
720,HADPIL__ligand11432-0
721,HADPIL__ligand5099-0
722,HADPIL__ligand326-0
723,HADPIL__ligand10432-0
724,HADPIL__ligand8592-0
725,HADPIL__ligand22755-0
726,HADPIL__ligand1197-0
727,HADPIL__ligand12660-0
728,HADPIL__ligand696-0
729,HADPIL__ligand7172-0
730,HADPIL__ligand9323-0
731,HADPIL__ligand19257-0
732,HADPIL__ligand13209-0
733,HADPIL__ligand7273-0
734,HADPIL__ligand1153-0
735,HADPIL__ligand3225-0
736,HADPIL__ligand1116-0
737,HADPIL__ligand7092-0
738,HADPIL__ligand25650-0
739,HADPIL__ligand2260-0
740,HADPIL__ligand18-0
741,HADPIL__ligand31248-0
742,HADPIL__ligand2124-0
743,HADPIL__ligand4-0
744,HADPIL__ligand8612-0
745,HADPIL__ligand6017-0
746,HADPIL__ligand5708-0
747,HADPIL__ligand7316-0
748,HADPIL__ligand12519-0
749,HADPIL__ligand25735-0
750,HADPIL__ligand656-0
751,HADPIL__ligand5180-0
752,HADPIL__ligand23124-0
753,HADPIL__ligand11206-0
754,HADPIL__ligand4807-0
755,HADPIL__ligand30539-0
756,HADPIL__ligand3178-0
757,HADPIL__ligand9753-0
758,HADPIL__ligand5530-0
759,HADPIL__ligand23906-0
760,HADPIL__ligand1787-0
761,HADPIL__ligand1356-0
762,HADPIL__ligand11166-0
763,HADPIL__ligand5159-0
764,HADPIL__ligand7196-0
765,HADPIL__ligand21132-0
766,HADPIL__ligand8793-0
767,HADPIL__ligand5649-0
768,HADPIL__ligand2788-0
769,HADPIL__ligand162-0
770,HADPIL__ligand4649-0
771,HADPIL__ligand27835-0
772,HADPIL__ligand226-0
773,HADPIL__ligand12295-0
774,HADPIL__ligand25689-0
775,HADPIL__ligand416-0
776,HADPIL__ligand21787-0
777,HADPIL__ligand2906-0
778,HADPIL__ligand25575-0
779,HADPIL__ligand383-0
780,HADPIL__ligand4711-0
781,HADPIL__ligand3244-0
782,HADPIL__ligand27074-0
783,HADPIL__ligand20599-0
784,HADPIL__ligand25805-0
785,HADPIL__ligand22981-0
786,HADPIL__ligand2203-0
787,HADPIL__ligand5387-0
788,HADPIL__ligand1289-0
789,HADPIL__ligand18391-0
790,HADPIL__ligand27169-0
791,HADPIL__ligand14523-0
792,HADPIL__ligand10084-0
793,HADPIL__ligand2612-0
794,HADPIL__ligand25267-0
795,HADPIL__ligand1599-0
796,HADPIL__ligand12467-0
797,HADPIL__ligand21936-0
798,HADPIL__ligand9450-0
799,HADPIL__ligand13257-0
800,HADPIL__ligand670-0
801,HADPIL__ligand23904-0
802,HADPIL__ligand534-0
803,HADPIL__ligand571-0
804,HADPIL__ligand1604-0
805,HADPIL__ligand18074-0
806,HADPIL__ligand13869-0
807,HADPIL__ligand1228-0
808,HADPIL__ligand29863-0
809,HADPIL__ligand9943-0
810,HADPIL__ligand29610-0
811,HADPIL__ligand2043-0
812,HADPIL__ligand11140-0
813,HADPIL__ligand8788-0
814,HADPIL__ligand1832-0
815,HADPIL__ligand2417-0
816,HADPIL__ligand16791-0
817,HADPIL__ligand28668-0
818,HADPIL__ligand694-0
819,HADPIL__ligand430-0
820,HADPIL__ligand9284-0
821,HADPIL__ligand6391-0
822,HADPIL__ligand3126-0
823,HADPIL__ligand358-0
824,HADPIL__ligand18799-0
825,HADPIL__ligand1114-0
826,HADPIL__ligand488-0
827,HADPIL__ligand18465-0
