,TMC
0,FUVQAQ__ligand26673-0
1,FUVQAQ__ligand7106-0
2,FUVQAQ__ligand7242-0
3,FUVQAQ__ligand20821-0
4,FUVQAQ__ligand11606-0
5,FUVQAQ__ligand31000-0
6,FUVQAQ__ligand1263-0
7,FUVQAQ__ligand9908-0
8,FUVQAQ__ligand696-0
9,FUVQAQ__ligand1536-0
10,FUVQAQ__ligand1573-0
11,FUVQAQ__ligand9935-0
12,FUVQAQ__ligand11252-0
13,FUVQAQ__ligand656-0
14,FUVQAQ__ligand3504-0
15,FUVQAQ__ligand13260-0
16,FUVQAQ__ligand1959-0
17,FUVQAQ__ligand10582-0
18,FUVQAQ__ligand18-0
19,FUVQAQ__ligand4661-0
20,FUVQAQ__ligand1844-0
21,FUVQAQ__ligand3718-0
22,FUVQAQ__ligand18067-0
23,FUVQAQ__ligand3035-0
24,FUVQAQ__ligand1343-0
25,FUVQAQ__ligand3876-0
26,FUVQAQ__ligand8-0
27,FUVQAQ__ligand6616-0
28,FUVQAQ__ligand19824-0
29,FUVQAQ__ligand11177-0
30,FUVQAQ__ligand3565-0
31,FUVQAQ__ligand15455-0
32,FUVQAQ__ligand5331-0
33,FUVQAQ__ligand1512-0
34,FUVQAQ__ligand2485-0
35,FUVQAQ__ligand3852-0
36,FUVQAQ__ligand6919-0
37,FUVQAQ__ligand31205-0
38,FUVQAQ__ligand17686-0
39,FUVQAQ__ligand25658-0
40,FUVQAQ__ligand11814-0
41,FUVQAQ__ligand3094-0
42,FUVQAQ__ligand4155-0
43,FUVQAQ__ligand383-0
44,FUVQAQ__ligand16603-0
45,FUVQAQ__ligand416-0
46,FUVQAQ__ligand5211-0
47,FUVQAQ__ligand3937-0
48,FUVQAQ__ligand1202-0
49,FUVQAQ__ligand3174-0
50,FUVQAQ__ligand3131-0
51,FUVQAQ__ligand8969-0
52,FUVQAQ__ligand226-0
53,FUVQAQ__ligand6839-0
54,FUVQAQ__ligand16870-0
55,FUVQAQ__ligand4720-0
56,FUVQAQ__ligand162-0
57,FUVQAQ__ligand11622-0
58,FUVQAQ__ligand11479-0
59,FUVQAQ__ligand5256-0
60,FUVQAQ__ligand27610-0
61,FUVQAQ__ligand10479-0
62,FUVQAQ__ligand2828-0
63,FUVQAQ__ligand8876-0
64,FUVQAQ__ligand7648-0
65,FUVQAQ__ligand9833-0
66,FUVQAQ__ligand4157-0
67,FUVQAQ__ligand10853-0
68,FUVQAQ__ligand29441-0
69,FUVQAQ__ligand24851-0
70,FUVQAQ__ligand2232-0
71,FUVQAQ__ligand9291-0
72,FUVQAQ__ligand13657-0
73,FUVQAQ__ligand14347-0
74,FUVQAQ__ligand14302-0
75,FUVQAQ__ligand11698-0
76,FUVQAQ__ligand20530-0
77,FUVQAQ__ligand2176-0
78,FUVQAQ__ligand571-0
79,FUVQAQ__ligand7000-0
80,FUVQAQ__ligand20220-0
81,FUVQAQ__ligand534-0
82,FUVQAQ__ligand1982-0
83,FUVQAQ__ligand6768-0
84,FUVQAQ__ligand8115-0
85,FUVQAQ__ligand20121-0
86,FUVQAQ__ligand670-0
87,FUVQAQ__ligand1285-0
88,FUVQAQ__ligand15387-0
89,FUVQAQ__ligand29813-0
90,FUVQAQ__ligand16952-0
91,FUVQAQ__ligand4503-0
92,FUVQAQ__ligand4546-0
93,FUVQAQ__ligand10151-0
94,FUVQAQ__ligand4016-0
95,FUVQAQ__ligand6709-0
96,FUVQAQ__ligand1219-0
97,FUVQAQ__ligand7867-0
98,FUVQAQ__ligand7280-0
99,FUVQAQ__ligand1790-0
100,FUVQAQ__ligand1304-0
101,FUVQAQ__ligand7238-0
102,FUVQAQ__ligand488-0
103,FUVQAQ__ligand9784-0
104,FUVQAQ__ligand22353-0
105,FUVQAQ__ligand7629-0
106,FUVQAQ__ligand358-0
107,FUVQAQ__ligand1451-0
108,FUVQAQ__ligand4272-0
109,FUVQAQ__ligand430-0
110,FUVQAQ__ligand4442-0
111,FUVQAQ__ligand4093-0
112,FUVQAQ__ligand19906-0
113,FUVQAQ__ligand3954-0
114,FUVQAQ__ligand694-0
115,FUVQAQ__ligand19668-0
116,FUVQAQ__ligand1160-0
117,FUVQAQ__ligand8699-0
118,FUVQAQ__ligand9520-0
119,FUVQAQ__ligand2332-0
120,FUVQAQ__ligand20731-0
121,FUVQAQ__ligand29334-0
122,FUVQAQ__ligand9441-0
123,FUVQAQ__ligand12413-0
124,FUVQAQ__ligand324-0
125,FUVQAQ__ligand361-0
126,FUVQAQ__ligand11798-0
127,FUVQAQ__ligand409-0
128,FUVQAQ__ligand9933-0
129,FUVQAQ__ligand14477-0
130,FUVQAQ__ligand17069-0
131,FUVQAQ__ligand1530-0
132,FUVQAQ__ligand1575-0
133,FUVQAQ__ligand17445-0
134,FUVQAQ__ligand1631-0
135,FUVQAQ__ligand29214-0
136,FUVQAQ__ligand3156-0
137,FUVQAQ__ligand2915-0
138,FUVQAQ__ligand11501-0
139,FUVQAQ__ligand11544-0
140,FUVQAQ__ligand21448-0
141,FUVQAQ__ligand1378-0
142,FUVQAQ__ligand6244-0
143,FUVQAQ__ligand11758-0
144,FUVQAQ__ligand22357-0
145,FUVQAQ__ligand66-0
146,FUVQAQ__ligand199-0
147,FUVQAQ__ligand9601-0
148,FUVQAQ__ligand8992-0
149,FUVQAQ__ligand14007-0
150,FUVQAQ__ligand18019-1
151,FUVQAQ__ligand4116-0
152,FUVQAQ__ligand27550-0
153,FUVQAQ__ligand42-0
154,FUVQAQ__ligand1018-0
155,FUVQAQ__ligand3707-0
156,FUVQAQ__ligand6124-0
157,FUVQAQ__ligand7967-0
158,FUVQAQ__ligand14226-0
159,FUVQAQ__ligand21339-0
160,FUVQAQ__ligand16956-0
161,FUVQAQ__ligand8721-0
162,FUVQAQ__ligand20942-1
163,FUVQAQ__ligand300-0
164,FUVQAQ__ligand1324-0
165,FUVQAQ__ligand5643-0
166,FUVQAQ__ligand1823-0
167,FUVQAQ__ligand5036-0
168,FUVQAQ__ligand2526-0
169,FUVQAQ__ligand23682-0
170,FUVQAQ__ligand1615-0
171,FUVQAQ__ligand29565-0
172,FUVQAQ__ligand588-0
173,FUVQAQ__ligand27771-0
174,FUVQAQ__ligand9111-0
175,FUVQAQ__ligand9952-0
176,FUVQAQ__ligand18158-0
177,FUVQAQ__ligand497-0
178,FUVQAQ__ligand21752-0
179,FUVQAQ__ligand4641-0
180,FUVQAQ__ligand38-0
181,FUVQAQ__ligand14339-0
182,FUVQAQ__ligand13691-0
183,FUVQAQ__ligand30788-0
184,FUVQAQ__ligand633-0
185,FUVQAQ__ligand3234-0
186,FUVQAQ__ligand1142-0
187,FUVQAQ__ligand2028-0
188,FUVQAQ__ligand8835-0
189,FUVQAQ__ligand24560-0
190,FUVQAQ__ligand18757-0
191,FUVQAQ__ligand7126-0
192,FUVQAQ__ligand24624-0
193,FUVQAQ__ligand18413-0
194,FUVQAQ__ligand20844-0
195,FUVQAQ__ligand7819-0
196,FUVQAQ__ligand2917-0
197,FUVQAQ__ligand30004-0
198,FUVQAQ__ligand692-0
199,FUVQAQ__ligand20557-0
200,FUVQAQ__ligand3465-0
201,FUVQAQ__ligand6904-0
202,FUVQAQ__ligand3721-0
203,FUVQAQ__ligand6596-0
204,FUVQAQ__ligand6102-0
205,FUVQAQ__ligand436-0
206,FUVQAQ__ligand13755-0
207,FUVQAQ__ligand16133-0
208,FUVQAQ__ligand326-0
209,FUVQAQ__ligand27122-0
210,FUVQAQ__ligand20432-0
211,FUVQAQ__ligand4620-0
212,FUVQAQ__ligand24953-0
213,FUVQAQ__ligand23445-0
214,FUVQAQ__ligand21940-0
215,FUVQAQ__ligand25048-0
216,FUVQAQ__ligand2295-0
217,FUVQAQ__ligand6067-0
218,FUVQAQ__ligand1577-0
219,FUVQAQ__ligand14167-0
220,FUVQAQ__ligand13477-0
221,FUVQAQ__ligand7530-0
222,FUVQAQ__ligand1065-0
223,FUVQAQ__ligand1449-0
224,FUVQAQ__ligand27669-0
225,FUVQAQ__ligand30142-0
226,FUVQAQ__ligand3012-0
227,FUVQAQ__ligand4332-0
228,FUVQAQ__ligand9681-0
229,FUVQAQ__ligand6455-0
230,FUVQAQ__ligand23197-0
231,FUVQAQ__ligand6882-0
232,FUVQAQ__ligand3934-0
233,FUVQAQ__ligand29029-0
234,FUVQAQ__ligand27285-0
235,FUVQAQ__ligand338-0
236,FUVQAQ__ligand2403-0
237,FUVQAQ__ligand9148-0
238,FUVQAQ__ligand201-0
239,FUVQAQ__ligand13672-0
240,FUVQAQ__ligand18568-0
241,FUVQAQ__ligand28685-0
242,FUVQAQ__ligand7529-0
243,FUVQAQ__ligand10371-0
244,FUVQAQ__ligand6946-0
245,FUVQAQ__ligand1415-0
246,FUVQAQ__ligand2830-0
247,FUVQAQ__ligand321-0
248,FUVQAQ__ligand5627-0
249,FUVQAQ__ligand28459-0
250,FUVQAQ__ligand1729-0
251,FUVQAQ__ligand12453-0
252,FUVQAQ__ligand18448-0
253,FUVQAQ__ligand178-0
254,FUVQAQ__ligand5483-0
255,FUVQAQ__ligand19184-0
256,FUVQAQ__ligand279-0
257,FUVQAQ__ligand5316-0
258,FUVQAQ__ligand185-0
259,FUVQAQ__ligand19-0
260,FUVQAQ__ligand25913-0
261,FUVQAQ__ligand16988-0
262,FUVQAQ__ligand366-0
263,FUVQAQ__ligand6283-0
264,FUVQAQ__ligand30711-0
265,FUVQAQ__ligand20207-0
266,FUVQAQ__ligand187-0
267,FUVQAQ__ligand6062-0
268,FUVQAQ__ligand11682-0
269,FUVQAQ__ligand5813-0
270,FUVQAQ__ligand657-0
271,FUVQAQ__ligand4813-0
272,FUVQAQ__ligand4738-0
273,FUVQAQ__ligand24035-0
274,FUVQAQ__ligand3215-0
275,FUVQAQ__ligand941-0
276,FUVQAQ__ligand596-0
277,FUVQAQ__ligand11994-0
278,FUVQAQ__ligand31044-0
279,FUVQAQ__ligand31842-0
280,FUVQAQ__ligand7107-0
281,FUVQAQ__ligand16663-0
282,FUVQAQ__ligand777-0
283,FUVQAQ__ligand24-0
284,FUVQAQ__ligand14614-0
285,FUVQAQ__ligand3973-0
286,FUVQAQ__ligand22294-0
287,FUVQAQ__ligand22168-0
288,FUVQAQ__ligand28930-0
289,FUVQAQ__ligand1147-0
290,FUVQAQ__ligand126-0
291,FUVQAQ__ligand163-0
292,FUVQAQ__ligand21919-0
293,FUVQAQ__ligand12365-0
294,FUVQAQ__ligand10056-0
295,FUVQAQ__ligand45-0
296,FUVQAQ__ligand28743-0
297,FUVQAQ__ligand15531-0
298,FUVQAQ__ligand2068-0
299,FUVQAQ__ligand11357-0
300,FUVQAQ__ligand13862-0
301,FUVQAQ__ligand7925-0
302,FUVQAQ__ligand4194-0
303,FUVQAQ__ligand24230-0
304,FUVQAQ__ligand11096-0
305,FUVQAQ__ligand11447-0
306,FUVQAQ__ligand28810-0
307,FUVQAQ__ligand7532-0
308,FUVQAQ__ligand10828-0
309,FUVQAQ__ligand845-0
310,FUVQAQ__ligand19792-0
311,FUVQAQ__ligand15926-0
312,FUVQAQ__ligand78-0
313,FUVQAQ__ligand11970-0
314,FUVQAQ__ligand2599-0
315,FUVQAQ__ligand15883-0
316,FUVQAQ__ligand4330-0
317,FUVQAQ__ligand3029-0
318,FUVQAQ__ligand25561-0
319,FUVQAQ__ligand7162-0
320,FUVQAQ__ligand2328-0
321,FUVQAQ__ligand4581-0
322,FUVQAQ__ligand1773-0
323,FUVQAQ__ligand757-0
324,FUVQAQ__ligand11949-0
325,FUVQAQ__ligand1900-0
326,FUVQAQ__ligand122-0
327,FUVQAQ__ligand9197-0
328,FUVQAQ__ligand24780-0
329,FUVQAQ__ligand12138-0
330,FUVQAQ__ligand22129-0
331,FUVQAQ__ligand3208-0
332,FUVQAQ__ligand2208-0
333,FUVQAQ__ligand17427-0
334,FUVQAQ__ligand2781-0
335,FUVQAQ__ligand7573-0
336,FUVQAQ__ligand3350-0
337,FUVQAQ__ligand31694-0
338,FUVQAQ__ligand1327-0
339,FUVQAQ__ligand6672-0
340,FUVQAQ__ligand9809-0
341,FUVQAQ__ligand29486-0
342,FUVQAQ__ligand8722-0
343,FUVQAQ__ligand13220-0
344,FUVQAQ__ligand11587-0
345,FUVQAQ__ligand15788-0
346,FUVQAQ__ligand1533-0
347,FUVQAQ__ligand23175-0
348,FUVQAQ__ligand17396-0
349,FUVQAQ__ligand13385-0
350,FUVQAQ__ligand14569-0
351,FUVQAQ__ligand22444-0
352,FUVQAQ__ligand7557-0
353,FUVQAQ__ligand1496-0
354,FUVQAQ__ligand24111-0
355,FUVQAQ__ligand1712-0
356,FUVQAQ__ligand24644-0
357,FUVQAQ__ligand4131-0
358,FUVQAQ__ligand10033-0
359,FUVQAQ__ligand12001-0
360,FUVQAQ__ligand30728-0
361,FUVQAQ__ligand5892-0
362,FUVQAQ__ligand5094-0
363,FUVQAQ__ligand693-0
364,FUVQAQ__ligand27840-0
365,FUVQAQ__ligand24872-0
366,FUVQAQ__ligand12003-0
367,FUVQAQ__ligand1379-0
368,FUVQAQ__ligand26631-0
369,FUVQAQ__ligand16148-0
370,FUVQAQ__ligand2722-0
371,FUVQAQ__ligand10872-0
372,FUVQAQ__ligand21399-0
373,FUVQAQ__ligand5935-0
374,FUVQAQ__ligand67-0
375,FUVQAQ__ligand1165-0
376,FUVQAQ__ligand141-0
377,FUVQAQ__ligand29215-0
378,FUVQAQ__ligand9525-0
379,FUVQAQ__ligand3157-0
380,FUVQAQ__ligand240-0
381,FUVQAQ__ligand1688-0
382,FUVQAQ__ligand20695-0
383,FUVQAQ__ligand27754-0
384,FUVQAQ__ligand5357-0
385,FUVQAQ__ligand3647-0
386,FUVQAQ__ligand11111-0
387,FUVQAQ__ligand28540-0
388,FUVQAQ__ligand5056-0
389,FUVQAQ__ligand4850-0
390,FUVQAQ__ligand16369-0
391,FUVQAQ__ligand22403-0
392,FUVQAQ__ligand1768-0
393,FUVQAQ__ligand3871-0
394,FUVQAQ__ligand1469-0
395,FUVQAQ__ligand2527-0
396,FUVQAQ__ligand11618-0
397,FUVQAQ__ligand26529-0
398,FUVQAQ__ligand1709-0
399,FUVQAQ__ligand8464-0
400,FUVQAQ__ligand768-0
401,FUVQAQ__ligand8349-0
402,FUVQAQ__ligand4911-0
403,FUVQAQ__ligand1771-0
404,FUVQAQ__ligand384-0
405,FUVQAQ__ligand43-0
406,FUVQAQ__ligand27239-0
407,FUVQAQ__ligand21729-0
408,FUVQAQ__ligand3392-0
409,FUVQAQ__ligand19927-0
410,FUVQAQ__ligand5849-0
411,FUVQAQ__ligand14043-0
412,FUVQAQ__ligand26324-0
413,FUVQAQ__ligand28559-0
414,FUVQAQ__ligand1050-0
415,FUVQAQ__ligand1015-0
416,FUVQAQ__ligand17261-0
417,FUVQAQ__ligand14117-0
418,FUVQAQ__ligand2027-0
419,FUVQAQ__ligand20539-0
420,FUVQAQ__ligand30702-0
421,FUVQAQ__ligand20214-0
422,FUVQAQ__ligand20251-0
423,FUVQAQ__ligand314-1
424,FUVQAQ__ligand21581-0
425,FUVQAQ__ligand31097-0
426,FUVQAQ__ligand2692-0
427,FUVQAQ__ligand29568-0
428,FUVQAQ__ligand1618-0
429,FUVQAQ__ligand30851-0
430,FUVQAQ__ligand14889-0
431,FUVQAQ__ligand20419-0
432,FUVQAQ__ligand17118-0
433,FUVQAQ__ligand465-0
434,FUVQAQ__ligand21371-0
435,FUVQAQ__ligand4262-0
436,FUVQAQ__ligand1028-0
437,FUVQAQ__ligand28789-0
438,FUVQAQ__ligand9615-0
439,FUVQAQ__ligand17398-0
440,FUVQAQ__ligand11675-0
441,FUVQAQ__ligand20598-0
442,FUVQAQ__ligand618-0
443,FUVQAQ__ligand22557-0
444,FUVQAQ__ligand10589-0
445,FUVQAQ__ligand24047-0
446,FUVQAQ__ligand1154-0
447,FUVQAQ__ligand391-0
448,FUVQAQ__ligand20011-0
449,FUVQAQ__ligand17278-0
450,FUVQAQ__ligand4596-0
451,FUVQAQ__ligand29414-0
452,FUVQAQ__ligand1498-0
453,FUVQAQ__ligand17982-0
454,FUVQAQ__ligand3-0
455,FUVQAQ__ligand314-0
456,FUVQAQ__ligand780-0
457,FUVQAQ__ligand20251-1
458,FUVQAQ__ligand813-0
459,FUVQAQ__ligand8529-0
460,FUVQAQ__ligand1169-0
461,FUVQAQ__ligand16475-0
462,FUVQAQ__ligand14703-0
463,FUVQAQ__ligand7566-0
464,FUVQAQ__ligand69-0
465,FUVQAQ__ligand10712-0
466,FUVQAQ__ligand14174-0
467,FUVQAQ__ligand2001-0
468,FUVQAQ__ligand353-0
469,FUVQAQ__ligand11456-0
470,FUVQAQ__ligand8593-0
471,FUVQAQ__ligand9944-0
472,FUVQAQ__ligand25411-0
473,FUVQAQ__ligand1113-0
474,FUVQAQ__ligand8553-0
475,FUVQAQ__ligand31832-0
476,FUVQAQ__ligand13294-0
477,FUVQAQ__ligand1-0
478,FUVQAQ__ligand12030-0
479,FUVQAQ__ligand5201-0
480,FUVQAQ__ligand14248-0
481,FUVQAQ__ligand29879-0
482,FUVQAQ__ligand13331-0
483,FUVQAQ__ligand28884-0
484,FUVQAQ__ligand11-0
485,FUVQAQ__ligand393-0
486,FUVQAQ__ligand686-0
487,FUVQAQ__ligand27482-0
488,FUVQAQ__ligand5415-0
489,FUVQAQ__ligand26810-0
490,FUVQAQ__ligand13208-0
491,FUVQAQ__ligand4124-0
492,FUVQAQ__ligand3471-0
493,FUVQAQ__ligand4161-0
494,FUVQAQ__ligand422-0
495,FUVQAQ__ligand13390-0
496,FUVQAQ__ligand2823-0
497,FUVQAQ__ligand6995-0
498,FUVQAQ__ligand3180-0
499,FUVQAQ__ligand4340-0
500,FUVQAQ__ligand2281-0
501,FUVQAQ__ligand2650-0
502,FUVQAQ__ligand196-0
503,FUVQAQ__ligand20682-0
504,FUVQAQ__ligand6112-0
505,FUVQAQ__ligand24185-0
506,FUVQAQ__ligand23769-0
507,FUVQAQ__ligand89-0
508,FUVQAQ__ligand8042-0
509,FUVQAQ__ligand7213-0
510,FUVQAQ__ligand1397-0
511,FUVQAQ__ligand1828-0
512,FUVQAQ__ligand25178-0
513,FUVQAQ__ligand17302-0
514,FUVQAQ__ligand5755-0
515,FUVQAQ__ligand152-0
516,FUVQAQ__ligand4710-0
517,FUVQAQ__ligand17805-0
518,FUVQAQ__ligand5085-0
519,FUVQAQ__ligand3144-0
520,FUVQAQ__ligand26702-0
521,FUVQAQ__ligand4795-0
522,FUVQAQ__ligand3285-0
523,FUVQAQ__ligand13658-0
524,FUVQAQ__ligand18292-0
525,FUVQAQ__ligand12289-0
526,FUVQAQ__ligand506-0
527,FUVQAQ__ligand12130-0
528,FUVQAQ__ligand17387-0
529,FUVQAQ__ligand12231-0
530,FUVQAQ__ligand1908-0
531,FUVQAQ__ligand49-0
532,FUVQAQ__ligand12401-0
533,FUVQAQ__ligand15585-0
534,FUVQAQ__ligand24145-0
535,FUVQAQ__ligand5630-0
536,FUVQAQ__ligand10476-0
537,FUVQAQ__ligand13068-0
538,FUVQAQ__ligand1786-0
539,FUVQAQ__ligand19830-0
540,FUVQAQ__ligand28676-0
541,FUVQAQ__ligand10262-0
542,FUVQAQ__ligand27763-0
543,FUVQAQ__ligand6663-0
544,FUVQAQ__ligand19057-0
545,FUVQAQ__ligand5515-0
546,FUVQAQ__ligand18814-0
547,FUVQAQ__ligand1831-0
548,FUVQAQ__ligand5614-0
549,FUVQAQ__ligand487-0
550,FUVQAQ__ligand5280-0
551,FUVQAQ__ligand13425-0
552,FUVQAQ__ligand29302-0
553,FUVQAQ__ligand1849-0
554,FUVQAQ__ligand746-0
555,FUVQAQ__ligand14108-0
556,FUVQAQ__ligand447-0
557,FUVQAQ__ligand1216-0
558,FUVQAQ__ligand12641-0
559,FUVQAQ__ligand176-0
560,FUVQAQ__ligand10958-0
561,FUVQAQ__ligand3261-0
562,FUVQAQ__ligand1152-0
563,FUVQAQ__ligand5019-0
564,FUVQAQ__ligand30296-0
565,FUVQAQ__ligand4207-0
566,FUVQAQ__ligand368-0
567,FUVQAQ__ligand17281-0
568,FUVQAQ__ligand17-0
569,FUVQAQ__ligand395-0
570,FUVQAQ__ligand26540-0
571,FUVQAQ__ligand3416-0
572,FUVQAQ__ligand3453-0
573,FUVQAQ__ligand29410-0
574,FUVQAQ__ligand12337-0
575,FUVQAQ__ligand30333-0
576,FUVQAQ__ligand1150-0
577,FUVQAQ__ligand1539-0
578,FUVQAQ__ligand12606-0
579,FUVQAQ__ligand4063-0
580,FUVQAQ__ligand27460-0
581,FUVQAQ__ligand8200-0
582,FUVQAQ__ligand7438-0
583,FUVQAQ__ligand12427-0
584,FUVQAQ__ligand20740-0
585,FUVQAQ__ligand28468-0
586,FUVQAQ__ligand16628-0
587,FUVQAQ__ligand3042-0
588,FUVQAQ__ligand784-0
589,FUVQAQ__ligand1149-0
590,FUVQAQ__ligand14723-0
591,FUVQAQ__ligand3557-0
592,FUVQAQ__ligand3980-0
593,FUVQAQ__ligand27893-0
594,FUVQAQ__ligand12934-0
595,FUVQAQ__ligand20578-0
596,FUVQAQ__ligand15422-0
597,FUVQAQ__ligand19641-0
598,FUVQAQ__ligand7075-0
599,FUVQAQ__ligand23713-0
600,FUVQAQ__ligand27175-0
601,FUVQAQ__ligand18832-0
602,FUVQAQ__ligand9750-0
603,FUVQAQ__ligand1817-0
604,FUVQAQ__ligand6993-0
605,FUVQAQ__ligand833-0
606,FUVQAQ__ligand30988-0
607,FUVQAQ__ligand1779-0
608,FUVQAQ__ligand14603-0
609,FUVQAQ__ligand14297-0
610,FUVQAQ__ligand17258-0
611,FUVQAQ__ligand4167-0
612,FUVQAQ__ligand13012-0
613,FUVQAQ__ligand9491-0
614,FUVQAQ__ligand17631-0
615,FUVQAQ__ligand26665-0
616,FUVQAQ__ligand1400-0
617,FUVQAQ__ligand4266-0
618,FUVQAQ__ligand115-0
619,FUVQAQ__ligand31783-0
620,FUVQAQ__ligand1288-0
621,FUVQAQ__ligand25689-0
622,FUVQAQ__ligand25575-0
623,FUVQAQ__ligand21787-0
624,FUVQAQ__ligand868-0
625,FUVQAQ__ligand55-0
626,FUVQAQ__ligand5595-0
627,FUVQAQ__ligand4101-0
628,FUVQAQ__ligand2221-0
629,FUVQAQ__ligand27835-0
630,FUVQAQ__ligand3120-0
631,FUVQAQ__ligand3926-0
632,FUVQAQ__ligand4358-0
633,FUVQAQ__ligand12295-0
634,FUVQAQ__ligand5099-0
635,FUVQAQ__ligand8592-0
636,FUVQAQ__ligand1197-0
637,FUVQAQ__ligand23906-0
638,FUVQAQ__ligand2259-0
639,FUVQAQ__ligand11166-0
640,FUVQAQ__ligand1296-0
641,FUVQAQ__ligand21132-0
642,FUVQAQ__ligand68-0
643,FUVQAQ__ligand30539-0
644,FUVQAQ__ligand1376-0
645,FUVQAQ__ligand352-0
646,FUVQAQ__ligand783-0
647,FUVQAQ__ligand5510-0
648,FUVQAQ__ligand9773-0
649,FUVQAQ__ligand25735-0
650,FUVQAQ__ligand12519-0
651,FUVQAQ__ligand2238-0
652,FUVQAQ__ligand23124-0
653,FUVQAQ__ligand5304-0
654,FUVQAQ__ligand197-0
655,FUVQAQ__ligand9167-0
656,FUVQAQ__ligand11206-0
657,FUVQAQ__ligand1317-0
658,FUVQAQ__ligand3867-0
659,FUVQAQ__ligand2822-0
660,FUVQAQ__ligand7293-0
661,FUVQAQ__ligand25650-0
662,FUVQAQ__ligand34-0
663,FUVQAQ__ligand31248-0
664,FUVQAQ__ligand6117-0
665,FUVQAQ__ligand1407-0
666,FUVQAQ__ligand5509-0
667,FUVQAQ__ligand8002-0
668,FUVQAQ__ligand12660-0
669,FUVQAQ__ligand7762-0
670,FUVQAQ__ligand5080-0
671,FUVQAQ__ligand19257-0
672,FUVQAQ__ligand13209-0
673,FUVQAQ__ligand8000-0
674,FUVQAQ__ligand421-0
675,FUVQAQ__ligand3736-0
676,FUVQAQ__ligand9344-0
677,FUVQAQ__ligand18799-0
678,FUVQAQ__ligand18465-0
679,FUVQAQ__ligand2693-0
680,FUVQAQ__ligand5383-0
681,FUVQAQ__ligand16791-0
682,FUVQAQ__ligand28668-0
683,FUVQAQ__ligand685-0
684,FUVQAQ__ligand3945-0
685,FUVQAQ__ligand29610-0
686,FUVQAQ__ligand9299-0
687,FUVQAQ__ligand11140-0
688,FUVQAQ__ligand4007-0
689,FUVQAQ__ligand2985-0
690,FUVQAQ__ligand294-0
691,FUVQAQ__ligand9883-0
692,FUVQAQ__ligand3677-1
693,FUVQAQ__ligand13869-0
694,FUVQAQ__ligand18074-0
695,FUVQAQ__ligand7291-0
696,FUVQAQ__ligand29863-0
697,FUVQAQ__ligand1294-0
698,FUVQAQ__ligand21936-0
699,FUVQAQ__ligand13257-0
700,FUVQAQ__ligand1168-0
701,FUVQAQ__ligand3632-0
702,FUVQAQ__ligand23904-0
703,FUVQAQ__ligand3677-0
704,FUVQAQ__ligand560-0
705,FUVQAQ__ligand10084-0
706,FUVQAQ__ligand25267-0
707,FUVQAQ__ligand12467-0
708,FUVQAQ__ligand6699-0
709,FUVQAQ__ligand57-0
710,FUVQAQ__ligand2881-0
711,FUVQAQ__ligand1499-0
712,FUVQAQ__ligand18391-0
713,FUVQAQ__ligand3712-0
714,FUVQAQ__ligand1464-0
715,FUVQAQ__ligand14523-0
716,FUVQAQ__ligand27169-0
717,FUVQAQ__ligand235-0
718,FUVQAQ__ligand27074-0
719,FUVQAQ__ligand1211-0
720,FUVQAQ__ligand20599-0
721,FUVQAQ__ligand134-0
722,FUVQAQ__ligand22981-0
723,FUVQAQ__ligand25805-0
724,FUVQAQ__ligand6892-0
725,FUVQAQ__ligand17240-0
726,FUVQAQ__ligand1832-0
727,FUVQAQ__ligand8788-0
728,FUVQAQ__ligand479-0
729,FUVQAQ__ligand17590-0
730,FUVQAQ__ligand785-0
731,FUVQAQ__ligand2043-0
732,FUVQAQ__ligand311-0
733,FUVQAQ__ligand564-0
734,FUVQAQ__ligand9943-0
735,FUVQAQ__ligand1228-0
736,FUVQAQ__ligand1604-0
737,FUVQAQ__ligand620-0
738,FUVQAQ__ligand18699-0
739,FUVQAQ__ligand370-1
740,FUVQAQ__ligand12682-0
741,FUVQAQ__ligand1114-0
742,FUVQAQ__ligand9284-0
743,FUVQAQ__ligand188-0
744,FUVQAQ__ligand3126-0
745,FUVQAQ__ligand6391-0
746,FUVQAQ__ligand13072-0
747,FUVQAQ__ligand2417-0
748,FUVQAQ__ligand16-0
749,FUVQAQ__ligand12336-0
750,FUVQAQ__ligand250-0
751,FUVQAQ__ligand31483-0
752,FUVQAQ__ligand10555-0
753,FUVQAQ__ligand2203-0
754,FUVQAQ__ligand5387-0
755,FUVQAQ__ligand1289-0
756,FUVQAQ__ligand32-0
757,FUVQAQ__ligand24613-0
758,FUVQAQ__ligand19725-0
759,FUVQAQ__ligand21421-0
760,FUVQAQ__ligand370-0
761,FUVQAQ__ligand9450-0
762,FUVQAQ__ligand14586-0
763,FUVQAQ__ligand11774-0
764,FUVQAQ__ligand1599-0
765,FUVQAQ__ligand20579-0
766,FUVQAQ__ligand17710-0
767,FUVQAQ__ligand11568-0
768,FUVQAQ__ligand2612-0
769,FUVQAQ__ligand48-0
770,FUVQAQ__ligand5159-0
771,FUVQAQ__ligand29898-0
772,FUVQAQ__ligand26277-0
773,FUVQAQ__ligand830-0
774,FUVQAQ__ligand7196-0
775,FUVQAQ__ligand10432-0
776,FUVQAQ__ligand9753-0
777,FUVQAQ__ligand11432-0
778,FUVQAQ__ligand31618-0
779,FUVQAQ__ligand1356-0
780,FUVQAQ__ligand1787-0
781,FUVQAQ__ligand372-0
782,FUVQAQ__ligand22755-0
783,FUVQAQ__ligand5530-0
784,FUVQAQ__ligand193-0
785,FUVQAQ__ligand3178-0
786,FUVQAQ__ligand4807-0
787,FUVQAQ__ligand116-0
788,FUVQAQ__ligand4711-0
789,FUVQAQ__ligand24064-0
790,FUVQAQ__ligand3244-0
791,FUVQAQ__ligand23589-0
792,FUVQAQ__ligand252-0
793,FUVQAQ__ligand2906-0
794,FUVQAQ__ligand15168-0
795,FUVQAQ__ligand4649-0
796,FUVQAQ__ligand8793-0
797,FUVQAQ__ligand2788-0
798,FUVQAQ__ligand5649-0
799,FUVQAQ__ligand2124-0
800,FUVQAQ__ligand15438-0
801,FUVQAQ__ligand8612-0
802,FUVQAQ__ligand28924-0
803,FUVQAQ__ligand7092-0
804,FUVQAQ__ligand2260-0
805,FUVQAQ__ligand177-0
806,FUVQAQ__ligand1153-0
807,FUVQAQ__ligand3225-0
808,FUVQAQ__ligand1116-0
809,FUVQAQ__ligand29087-0
810,FUVQAQ__ligand9323-0
811,FUVQAQ__ligand51-0
812,FUVQAQ__ligand7273-0
813,FUVQAQ__ligand4-0
814,FUVQAQ__ligand18703-0
815,FUVQAQ__ligand7172-0
816,FUVQAQ__ligand5180-0
817,FUVQAQ__ligand91-0
818,FUVQAQ__ligand18013-0
819,FUVQAQ__ligand25224-0
820,FUVQAQ__ligand17945-0
821,FUVQAQ__ligand17207-0
822,FUVQAQ__ligand31578-0
823,FUVQAQ__ligand909-0
824,FUVQAQ__ligand5708-0
825,FUVQAQ__ligand24750-0
826,FUVQAQ__ligand7316-0
827,FUVQAQ__ligand6017-0
