,TMC
0,GELMEP__ligand1379-0
1,GELMEP__ligand682-0
2,GELMEP__ligand1264-0
3,GELMEP__ligand1221-0
4,GELMEP__ligand1299-0
5,GELMEP__ligand6430-0
6,GELMEP__ligand2929-0
7,GELMEP__ligand2376-0
8,GELMEP__ligand522-0
9,GELMEP__ligand666-0
10,GELMEP__ligand6571-0
11,GELMEP__ligand487-0
12,GELMEP__ligand1325-0
13,GELMEP__ligand2482-0
14,GELMEP__ligand447-0
15,GELMEP__ligand1019-0
16,GELMEP__ligand2442-0
17,GELMEP__ligand5762-0
18,GELMEP__ligand7414-0
19,GELMEP__ligand1104-0
20,GELMEP__ligand133-0
21,GELMEP__ligand1858-0
22,GELMEP__ligand8032-0
23,GELMEP__ligand5334-0
24,GELMEP__ligand355-0
25,GELMEP__ligand784-0
26,GELMEP__ligand1898-0
27,GELMEP__ligand3051-0
28,GELMEP__ligand4504-0
29,GELMEP__ligand2480-0
30,GELMEP__ligand485-0
31,GELMEP__ligand2315-0
32,GELMEP__ligand291-0
33,GELMEP__ligand1919-0
34,GELMEP__ligand85-0
35,GELMEP__ligand2389-0
36,GELMEP__ligand78-0
37,GELMEP__ligand45-0
38,GELMEP__ligand1712-0
39,GELMEP__ligand3579-0
40,GELMEP__ligand115-0
41,GELMEP__ligand2110-0
42,GELMEP__ligand2916-0
43,GELMEP__ligand1307-0
44,GELMEP__ligand6-0
45,GELMEP__ligand210-0
46,GELMEP__ligand170-0
47,GELMEP__ligand1246-0
48,GELMEP__ligand6166-0
49,GELMEP__ligand391-0
50,GELMEP__ligand481-0
51,GELMEP__ligand314-0
52,GELMEP__ligand3853-0
53,GELMEP__ligand2853-0
54,GELMEP__ligand2599-0
55,GELMEP__ligand5089-0
56,GELMEP__ligand1321-0
57,GELMEP__ligand353-0
58,GELMEP__ligand1178-0
59,GELMEP__ligand3566-0
60,GELMEP__ligand236-0
61,GELMEP__ligand1788-0
62,GELMEP__ligand67-0
63,GELMEP__ligand113-0
64,GELMEP__ligand9620-0
65,GELMEP__ligand4894-0
66,GELMEP__ligand1260-0
67,GELMEP__ligand422-0
68,GELMEP__ligand3337-0
69,GELMEP__ligand7514-0
70,GELMEP__ligand502-0
71,GELMEP__ligand196-0
72,GELMEP__ligand1449-1
73,GELMEP__ligand4811-0
74,GELMEP__ligand4-0
75,GELMEP__ligand311-0
76,GELMEP__ligand18-0
77,GELMEP__ligand4370-0
78,GELMEP__ligand3618-0
79,GELMEP__ligand2618-0
80,GELMEP__ligand188-0
81,GELMEP__ligand369-0
82,GELMEP__ligand1436-0
83,GELMEP__ligand444-0
84,GELMEP__ligand2255-0
85,GELMEP__ligand250-0
86,GELMEP__ligand460-0
87,GELMEP__ligand4175-0
88,GELMEP__ligand370-0
89,GELMEP__ligand1918-0
90,GELMEP__ligand3-0
91,GELMEP__ligand830-0
92,GELMEP__ligand86-0
93,GELMEP__ligand3196-0
94,GELMEP__ligand4012-0
95,GELMEP__ligand1-0
96,GELMEP__ligand193-0
97,GELMEP__ligand252-0
98,GELMEP__ligand2915-0
99,GELMEP__ligand955-0
100,GELMEP__ligand934-0
101,GELMEP__ligand177-0
102,GELMEP__ligand1690-0
103,GELMEP__ligand2707-0
104,GELMEP__ligand62-0
105,GELMEP__ligand851-0
106,GELMEP__ligand1551-0
107,GELMEP__ligand909-0
108,GELMEP__ligand2526-0
109,GELMEP__ligand868-0
110,GELMEP__ligand3890-0
111,GELMEP__ligand442-0
112,GELMEP__ligand66-0
113,GELMEP__ligand4423-0
114,GELMEP__ligand1907-0
115,GELMEP__ligand136-0
116,GELMEP__ligand1285-0
117,GELMEP__ligand1555-0
118,GELMEP__ligand7630-0
119,GELMEP__ligand352-0
120,GELMEP__ligand783-0
121,GELMEP__ligand197-0
122,GELMEP__ligand296-0
123,GELMEP__ligand7550-0
124,GELMEP__ligand2762-0
125,GELMEP__ligand11730-0
126,GELMEP__ligand1038-0
127,GELMEP__ligand112-0
128,GELMEP__ligand2253-0
129,GELMEP__ligand1160-0
130,GELMEP__ligand5093-0
131,GELMEP__ligand2954-0
132,GELMEP__ligand4619-0
133,GELMEP__ligand421-0
134,GELMEP__ligand5235-0
135,GELMEP__ligand798-0
136,GELMEP__ligand6143-0
137,GELMEP__ligand40-0
138,GELMEP__ligand3251-0
139,GELMEP__ligand584-0
140,GELMEP__ligand916-0
141,GELMEP__ligand294-0
142,GELMEP__ligand993-0
143,GELMEP__ligand9176-0
144,GELMEP__ligand3035-0
145,GELMEP__ligand3070-0
146,GELMEP__ligand331-0
147,GELMEP__ligand2718-0
148,GELMEP__ligand38-0
149,GELMEP__ligand1493-0
150,GELMEP__ligand560-0
151,GELMEP__ligand525-0
152,GELMEP__ligand109-0
153,GELMEP__ligand5758-0
154,GELMEP__ligand3478-0
155,GELMEP__ligand3852-0
156,GELMEP__ligand21-0
157,GELMEP__ligand1818-0
158,GELMEP__ligand390-0
159,GELMEP__ligand932-0
160,GELMEP__ligand134-0
161,GELMEP__ligand7456-0
162,GELMEP__ligand235-0
163,GELMEP__ligand409-0
164,GELMEP__ligand2863-0
165,GELMEP__ligand361-0
166,GELMEP__ligand324-0
167,GELMEP__ligand95-0
168,GELMEP__ligand6502-0
169,GELMEP__ligand2098-0
170,GELMEP__ligand6332-0
171,GELMEP__ligand3178-0
172,GELMEP__ligand3145-0
173,GELMEP__ligand105-0
174,GELMEP__ligand140-0
175,GELMEP__ligand1747-0
176,GELMEP__ligand6686-0
177,GELMEP__ligand5548-0
178,GELMEP__ligand55-0
179,GELMEP__ligand7915-0
180,GELMEP__ligand927-0
181,GELMEP__ligand199-0
182,GELMEP__ligand34-0
183,GELMEP__ligand2751-0
184,GELMEP__ligand10357-0
185,GELMEP__ligand15630-0
186,GELMEP__ligand3041-0
187,GELMEP__ligand2634-0
188,GELMEP__ligand1542-0
189,GELMEP__ligand575-0
190,GELMEP__ligand497-0
191,GELMEP__ligand9244-0
192,GELMEP__ligand633-0
193,GELMEP__ligand918-0
194,GELMEP__ligand1228-0
195,GELMEP__ligand532-0
196,GELMEP__ligand1538-0
197,GELMEP__ligand1114-0
198,GELMEP__ligand166-0
199,GELMEP__ligand838-0
200,GELMEP__ligand73-0
201,GELMEP__ligand142-0
202,GELMEP__ligand3246-0
203,GELMEP__ligand206-0
204,GELMEP__ligand57-0
205,GELMEP__ligand436-0
206,GELMEP__ligand821-0
207,GELMEP__ligand1479-0
208,GELMEP__ligand326-0
209,GELMEP__ligand553-0
210,GELMEP__ligand1148-0
211,GELMEP__ligand283-0
212,GELMEP__ligand1171-0
213,GELMEP__ligand5801-0
214,GELMEP__ligand1438-0
215,GELMEP__ligand3063-0
216,GELMEP__ligand1544-0
217,GELMEP__ligand1459-0
218,GELMEP__ligand3757-0
219,GELMEP__ligand32-0
220,GELMEP__ligand383-0
221,GELMEP__ligand1048-0
222,GELMEP__ligand2087-0
223,GELMEP__ligand162-0
224,GELMEP__ligand1685-0
225,GELMEP__ligand226-0
226,GELMEP__ligand6277-0
227,GELMEP__ligand1687-0
228,GELMEP__ligand509-0
229,GELMEP__ligand1951-0
230,GELMEP__ligand118-0
231,GELMEP__ligand2259-0
232,GELMEP__ligand2688-0
233,GELMEP__ligand670-0
234,GELMEP__ligand571-0
235,GELMEP__ligand48-0
236,GELMEP__ligand2768-0
237,GELMEP__ligand1376-0
238,GELMEP__ligand278-0
239,GELMEP__ligand91-0
240,GELMEP__ligand29-0
241,GELMEP__ligand365-0
242,GELMEP__ligand430-0
243,GELMEP__ligand51-0
244,GELMEP__ligand3734-0
245,GELMEP__ligand358-0
246,GELMEP__ligand1706-0
247,GELMEP__ligand4381-0
248,GELMEP__ligand669-0
249,GELMEP__ligand2629-0
250,GELMEP__ligand757-0
251,GELMEP__ligand8-0
252,GELMEP__ligand3637-0
253,GELMEP__ligand8774-0
254,GELMEP__ligand797-0
255,GELMEP__ligand10479-0
256,GELMEP__ligand4303-0
257,GELMEP__ligand1248-0
258,GELMEP__ligand1598-0
259,GELMEP__ligand1054-0
260,GELMEP__ligand6294-0
261,GELMEP__ligand7464-0
262,GELMEP__ligand10114-0
263,GELMEP__ligand1703-0
264,GELMEP__ligand2430-0
265,GELMEP__ligand11-0
266,GELMEP__ligand2907-0
267,GELMEP__ligand240-0
268,GELMEP__ligand10910-0
269,GELMEP__ligand141-0
270,GELMEP__ligand2510-0
271,GELMEP__ligand8921-0
272,GELMEP__ligand2285-0
273,GELMEP__ligand1567-0
274,GELMEP__ligand2862-0
275,GELMEP__ligand2320-0
276,GELMEP__ligand1056-0
277,GELMEP__ligand1607-0
278,GELMEP__ligand14530-0
279,GELMEP__ligand1727-0
280,GELMEP__ligand384-0
281,GELMEP__ligand120-0
282,GELMEP__ligand1152-0
283,GELMEP__ligand49-0
284,GELMEP__ligand4983-0
285,GELMEP__ligand2794-0
286,GELMEP__ligand2345-0
287,GELMEP__ligand1835-0
288,GELMEP__ligand119-0
289,GELMEP__ligand1502-0
290,GELMEP__ligand6396-0
291,GELMEP__ligand124-0
292,GELMEP__ligand1113-0
293,GELMEP__ligand2265-0
294,GELMEP__ligand89-0
295,GELMEP__ligand9027-0
296,GELMEP__ligand100-0
297,GELMEP__ligand1273-0
298,GELMEP__ligand244-0
299,GELMEP__ligand201-0
300,GELMEP__ligand1052-0
301,GELMEP__ligand321-0
302,GELMEP__ligand279-0
303,GELMEP__ligand178-0
304,GELMEP__ligand366-0
305,GELMEP__ligand2864-0
306,GELMEP__ligand861-0
307,GELMEP__ligand92-0
308,GELMEP__ligand612-0
309,GELMEP__ligand187-0
310,GELMEP__ligand2142-0
311,GELMEP__ligand596-0
312,GELMEP__ligand6538-0
313,GELMEP__ligand17-0
314,GELMEP__ligand6151-0
315,GELMEP__ligand2772-0
316,GELMEP__ligand9495-0
317,GELMEP__ligand126-0
318,GELMEP__ligand2838-0
319,GELMEP__ligand3838-0
320,GELMEP__ligand1799-0
321,GELMEP__ligand2880-0
322,GELMEP__ligand5941-0
323,GELMEP__ligand1169-0
324,GELMEP__ligand5022-0
