,TMC
0,LUNDON__ligand8612-0
1,LUNDON__ligand51-0
2,LUNDON__ligand2124-0
3,LUNDON__ligand13477-0
4,LUNDON__ligand14167-0
5,LUNDON__ligand30142-0
6,LUNDON__ligand1153-0
7,LUNDON__ligand3225-0
8,LUNDON__ligand27669-0
9,LUNDON__ligand1116-0
10,LUNDON__ligand7092-0
11,LUNDON__ligand2260-0
12,LUNDON__ligand7273-0
13,LUNDON__ligand696-0
14,LUNDON__ligand9323-0
15,LUNDON__ligand7172-0
16,LUNDON__ligand23197-0
17,LUNDON__ligand656-0
18,LUNDON__ligand5180-0
19,LUNDON__ligand7316-0
20,LUNDON__ligand27285-0
21,LUNDON__ligand91-0
22,LUNDON__ligand29029-0
23,LUNDON__ligand5708-0
24,LUNDON__ligand6017-0
25,LUNDON__ligand13672-0
26,LUNDON__ligand7196-0
27,LUNDON__ligand5159-0
28,LUNDON__ligand5530-0
29,LUNDON__ligand28685-0
30,LUNDON__ligand1356-0
31,LUNDON__ligand18568-0
32,LUNDON__ligand1787-0
33,LUNDON__ligand9753-0
34,LUNDON__ligand3178-0
35,LUNDON__ligand48-0
36,LUNDON__ligand10371-0
37,LUNDON__ligand4807-0
38,LUNDON__ligand4711-0
39,LUNDON__ligand3244-0
40,LUNDON__ligand416-0
41,LUNDON__ligand18448-0
42,LUNDON__ligand12453-0
43,LUNDON__ligand2906-0
44,LUNDON__ligand383-0
45,LUNDON__ligand28459-0
46,LUNDON__ligand162-0
47,LUNDON__ligand19184-0
48,LUNDON__ligand8793-0
49,LUNDON__ligand2788-0
50,LUNDON__ligand226-0
51,LUNDON__ligand5649-0
52,LUNDON__ligand4649-0
53,LUNDON__ligand16988-0
54,LUNDON__ligand32-0
55,LUNDON__ligand25913-0
56,LUNDON__ligand1289-0
57,LUNDON__ligand2203-0
58,LUNDON__ligand5387-0
59,LUNDON__ligand11682-0
60,LUNDON__ligand30711-0
61,LUNDON__ligand20207-0
62,LUNDON__ligand670-0
63,LUNDON__ligand24035-0
64,LUNDON__ligand9450-0
65,LUNDON__ligand571-0
66,LUNDON__ligand31842-0
67,LUNDON__ligand534-0
68,LUNDON__ligand31044-0
69,LUNDON__ligand11994-0
70,LUNDON__ligand16663-0
71,LUNDON__ligand1599-0
72,LUNDON__ligand14614-0
73,LUNDON__ligand2612-0
74,LUNDON__ligand8788-0
75,LUNDON__ligand28930-0
76,LUNDON__ligand22168-0
77,LUNDON__ligand1832-0
78,LUNDON__ligand22294-0
79,LUNDON__ligand21919-0
80,LUNDON__ligand2043-0
81,LUNDON__ligand9943-0
82,LUNDON__ligand1228-0
83,LUNDON__ligand10056-0
84,LUNDON__ligand12365-0
85,LUNDON__ligand13862-0
86,LUNDON__ligand11357-0
87,LUNDON__ligand15531-0
88,LUNDON__ligand1604-0
89,LUNDON__ligand28743-0
90,LUNDON__ligand1114-0
91,LUNDON__ligand28810-0
92,LUNDON__ligand11096-0
93,LUNDON__ligand11447-0
94,LUNDON__ligand358-0
95,LUNDON__ligand430-0
96,LUNDON__ligand24230-0
97,LUNDON__ligand3126-0
98,LUNDON__ligand6391-0
99,LUNDON__ligand15926-0
100,LUNDON__ligand488-0
101,LUNDON__ligand19792-0
102,LUNDON__ligand10828-0
103,LUNDON__ligand16-0
104,LUNDON__ligand9284-0
105,LUNDON__ligand11970-0
106,LUNDON__ligand694-0
107,LUNDON__ligand15883-0
108,LUNDON__ligand2417-0
109,LUNDON__ligand1168-0
110,LUNDON__ligand25561-0
111,LUNDON__ligand324-0
112,LUNDON__ligand361-0
113,LUNDON__ligand409-0
114,LUNDON__ligand1294-0
115,LUNDON__ligand3632-0
116,LUNDON__ligand3677-0
117,LUNDON__ligand11949-0
118,LUNDON__ligand1-0
119,LUNDON__ligand22129-0
120,LUNDON__ligand12138-0
121,LUNDON__ligand6699-0
122,LUNDON__ligand24780-0
123,LUNDON__ligand1499-0
124,LUNDON__ligand2881-0
125,LUNDON__ligand17427-0
126,LUNDON__ligand3712-0
127,LUNDON__ligand1464-0
128,LUNDON__ligand1211-0
129,LUNDON__ligand31694-0
130,LUNDON__ligand57-0
131,LUNDON__ligand6892-0
132,LUNDON__ligand29486-0
133,LUNDON__ligand3736-0
134,LUNDON__ligand13220-0
135,LUNDON__ligand11587-0
136,LUNDON__ligand8000-0
137,LUNDON__ligand17396-0
138,LUNDON__ligand199-0
139,LUNDON__ligand23175-0
140,LUNDON__ligand9344-0
141,LUNDON__ligand15788-0
142,LUNDON__ligand14569-0
143,LUNDON__ligand13385-0
144,LUNDON__ligand2693-0
145,LUNDON__ligand5383-0
146,LUNDON__ligand24111-0
147,LUNDON__ligand22444-0
148,LUNDON__ligand3945-0
149,LUNDON__ligand9299-0
150,LUNDON__ligand10033-0
151,LUNDON__ligand24644-0
152,LUNDON__ligand2985-0
153,LUNDON__ligand12001-0
154,LUNDON__ligand4007-0
155,LUNDON__ligand300-0
156,LUNDON__ligand27840-0
157,LUNDON__ligand9883-0
158,LUNDON__ligand3677-1
159,LUNDON__ligand30728-0
160,LUNDON__ligand24872-0
161,LUNDON__ligand7291-0
162,LUNDON__ligand588-0
163,LUNDON__ligand16148-0
164,LUNDON__ligand26631-0
165,LUNDON__ligand2238-0
166,LUNDON__ligand12003-0
167,LUNDON__ligand9167-0
168,LUNDON__ligand497-0
169,LUNDON__ligand5304-0
170,LUNDON__ligand21399-0
171,LUNDON__ligand10872-0
172,LUNDON__ligand2822-0
173,LUNDON__ligand7293-0
174,LUNDON__ligand29215-0
175,LUNDON__ligand1317-0
176,LUNDON__ligand3867-0
177,LUNDON__ligand633-0
178,LUNDON__ligand20695-0
179,LUNDON__ligand27754-0
180,LUNDON__ligand5509-0
181,LUNDON__ligand16369-0
182,LUNDON__ligand8002-0
183,LUNDON__ligand6117-0
184,LUNDON__ligand1407-0
185,LUNDON__ligand28540-0
186,LUNDON__ligand11111-0
187,LUNDON__ligand7762-0
188,LUNDON__ligand5080-0
189,LUNDON__ligand22403-0
190,LUNDON__ligand34-0
191,LUNDON__ligand11618-0
192,LUNDON__ligand4101-0
193,LUNDON__ligand5595-0
194,LUNDON__ligand692-0
195,LUNDON__ligand436-0
196,LUNDON__ligand2221-0
197,LUNDON__ligand55-0
198,LUNDON__ligand4358-0
199,LUNDON__ligand3120-0
200,LUNDON__ligand3926-0
201,LUNDON__ligand26529-0
202,LUNDON__ligand21729-0
203,LUNDON__ligand27239-0
204,LUNDON__ligand1197-0
205,LUNDON__ligand68-0
206,LUNDON__ligand5099-0
207,LUNDON__ligand8592-0
208,LUNDON__ligand1296-0
209,LUNDON__ligand326-0
210,LUNDON__ligand2259-0
211,LUNDON__ligand19927-0
212,LUNDON__ligand3-0
213,LUNDON__ligand9773-0
214,LUNDON__ligand28559-0
215,LUNDON__ligand26324-0
216,LUNDON__ligand14043-0
217,LUNDON__ligand5510-0
218,LUNDON__ligand1376-0
219,LUNDON__ligand3557-0
220,LUNDON__ligand3980-0
221,LUNDON__ligand1149-0
222,LUNDON__ligand26673-0
223,LUNDON__ligand7075-0
224,LUNDON__ligand20821-0
225,LUNDON__ligand9750-0
226,LUNDON__ligand11606-0
227,LUNDON__ligand1779-0
228,LUNDON__ligand31000-0
229,LUNDON__ligand1817-0
230,LUNDON__ligand6993-0
231,LUNDON__ligand4167-0
232,LUNDON__ligand11252-0
233,LUNDON__ligand10582-0
234,LUNDON__ligand1400-0
235,LUNDON__ligand4266-0
236,LUNDON__ligand13260-0
237,LUNDON__ligand9491-0
238,LUNDON__ligand19824-0
239,LUNDON__ligand18067-0
240,LUNDON__ligand1288-0
241,LUNDON__ligand338-0
242,LUNDON__ligand4207-0
243,LUNDON__ligand11177-0
244,LUNDON__ligand201-0
245,LUNDON__ligand3416-0
246,LUNDON__ligand15455-0
247,LUNDON__ligand3453-0
248,LUNDON__ligand1150-0
249,LUNDON__ligand17686-0
250,LUNDON__ligand25658-0
251,LUNDON__ligand31205-0
252,LUNDON__ligand17-0
253,LUNDON__ligand1539-0
254,LUNDON__ligand11814-0
255,LUNDON__ligand321-0
256,LUNDON__ligand8200-0
257,LUNDON__ligand7438-0
258,LUNDON__ligand16603-0
259,LUNDON__ligand4063-0
260,LUNDON__ligand4-0
261,LUNDON__ligand279-0
262,LUNDON__ligand16870-0
263,LUNDON__ligand185-0
264,LUNDON__ligand178-0
265,LUNDON__ligand11622-0
266,LUNDON__ligand3042-0
267,LUNDON__ligand27610-0
268,LUNDON__ligand10479-0
269,LUNDON__ligand11479-0
270,LUNDON__ligand366-0
271,LUNDON__ligand29441-0
272,LUNDON__ligand10853-0
273,LUNDON__ligand24851-0
274,LUNDON__ligand657-0
275,LUNDON__ligand5515-0
276,LUNDON__ligand6663-0
277,LUNDON__ligand20530-0
278,LUNDON__ligand187-0
279,LUNDON__ligand11698-0
280,LUNDON__ligand5614-0
281,LUNDON__ligand14302-0
282,LUNDON__ligand14347-0
283,LUNDON__ligand5280-0
284,LUNDON__ligand13657-0
285,LUNDON__ligand1831-0
286,LUNDON__ligand1849-0
287,LUNDON__ligand20220-0
288,LUNDON__ligand15387-0
289,LUNDON__ligand941-0
290,LUNDON__ligand596-0
291,LUNDON__ligand20121-0
292,LUNDON__ligand777-0
293,LUNDON__ligand1216-0
294,LUNDON__ligand5019-0
295,LUNDON__ligand3261-0
296,LUNDON__ligand1152-0
297,LUNDON__ligand29813-0
298,LUNDON__ligand16952-0
299,LUNDON__ligand126-0
300,LUNDON__ligand8042-0
301,LUNDON__ligand163-0
302,LUNDON__ligand10151-0
303,LUNDON__ligand6112-0
304,LUNDON__ligand1828-0
305,LUNDON__ligand1397-0
306,LUNDON__ligand7213-0
307,LUNDON__ligand89-0
308,LUNDON__ligand4710-0
309,LUNDON__ligand5755-0
310,LUNDON__ligand3144-0
311,LUNDON__ligand5085-0
312,LUNDON__ligand22353-0
313,LUNDON__ligand845-0
314,LUNDON__ligand4795-0
315,LUNDON__ligand49-0
316,LUNDON__ligand3285-0
317,LUNDON__ligand1908-0
318,LUNDON__ligand5630-0
319,LUNDON__ligand19668-0
320,LUNDON__ligand19906-0
321,LUNDON__ligand1786-0
322,LUNDON__ligand12413-0
323,LUNDON__ligand29334-0
324,LUNDON__ligand5415-0
325,LUNDON__ligand757-0
326,LUNDON__ligand20731-0
327,LUNDON__ligand11798-0
328,LUNDON__ligand17069-0
329,LUNDON__ligand4124-0
330,LUNDON__ligand3471-0
331,LUNDON__ligand4161-0
332,LUNDON__ligand14477-0
333,LUNDON__ligand122-0
334,LUNDON__ligand17445-0
335,LUNDON__ligand29214-0
336,LUNDON__ligand2823-0
337,LUNDON__ligand11544-0
338,LUNDON__ligand11501-0
339,LUNDON__ligand6995-0
340,LUNDON__ligand21448-0
341,LUNDON__ligand3180-0
342,LUNDON__ligand22357-0
343,LUNDON__ligand11758-0
344,LUNDON__ligand2281-0
345,LUNDON__ligand2650-0
346,LUNDON__ligand4340-0
347,LUNDON__ligand7566-0
348,LUNDON__ligand18019-1
349,LUNDON__ligand14007-0
350,LUNDON__ligand2001-0
351,LUNDON__ligand69-0
352,LUNDON__ligand27550-0
353,LUNDON__ligand9944-0
354,LUNDON__ligand8593-0
355,LUNDON__ligand8553-0
356,LUNDON__ligand1113-0
357,LUNDON__ligand20942-1
358,LUNDON__ligand16956-0
359,LUNDON__ligand21339-0
360,LUNDON__ligand14226-0
361,LUNDON__ligand11-0
362,LUNDON__ligand5201-0
363,LUNDON__ligand29565-0
364,LUNDON__ligand23682-0
365,LUNDON__ligand18158-0
366,LUNDON__ligand693-0
367,LUNDON__ligand27771-0
368,LUNDON__ligand21752-0
369,LUNDON__ligand9615-0
370,LUNDON__ligand1154-0
371,LUNDON__ligand240-0
372,LUNDON__ligand14339-0
373,LUNDON__ligand1498-0
374,LUNDON__ligand4596-0
375,LUNDON__ligand141-0
376,LUNDON__ligand30788-0
377,LUNDON__ligand13691-0
378,LUNDON__ligand1169-0
379,LUNDON__ligand18757-0
380,LUNDON__ligand24560-0
381,LUNDON__ligand8529-0
382,LUNDON__ligand20844-0
383,LUNDON__ligand18413-0
384,LUNDON__ligand24624-0
385,LUNDON__ligand20557-0
386,LUNDON__ligand30004-0
387,LUNDON__ligand1050-0
388,LUNDON__ligand1015-0
389,LUNDON__ligand2027-0
390,LUNDON__ligand768-0
391,LUNDON__ligand20432-0
392,LUNDON__ligand27122-0
393,LUNDON__ligand1618-0
394,LUNDON__ligand16133-0
395,LUNDON__ligand13755-0
396,LUNDON__ligand2692-0
397,LUNDON__ligand384-0
398,LUNDON__ligand23445-0
399,LUNDON__ligand24953-0
400,LUNDON__ligand25048-0
401,LUNDON__ligand4262-0
402,LUNDON__ligand21940-0
403,LUNDON__ligand1028-0
404,LUNDON__ligand21787-0
405,LUNDON__ligand25575-0
406,LUNDON__ligand25689-0
407,LUNDON__ligand2527-0
408,LUNDON__ligand314-1
409,LUNDON__ligand12295-0
410,LUNDON__ligand8349-0
411,LUNDON__ligand8464-0
412,LUNDON__ligand1709-0
413,LUNDON__ligand27835-0
414,LUNDON__ligand23906-0
415,LUNDON__ligand4911-0
416,LUNDON__ligand1771-0
417,LUNDON__ligand21132-0
418,LUNDON__ligand11166-0
419,LUNDON__ligand3392-0
420,LUNDON__ligand30539-0
421,LUNDON__ligand43-0
422,LUNDON__ligand465-0
423,LUNDON__ligand5849-0
424,LUNDON__ligand618-0
425,LUNDON__ligand2722-0
426,LUNDON__ligand12519-0
427,LUNDON__ligand1379-0
428,LUNDON__ligand25735-0
429,LUNDON__ligand5935-0
430,LUNDON__ligand11206-0
431,LUNDON__ligand23124-0
432,LUNDON__ligand9525-0
433,LUNDON__ligand1165-0
434,LUNDON__ligand67-0
435,LUNDON__ligand391-0
436,LUNDON__ligand3157-0
437,LUNDON__ligand3647-0
438,LUNDON__ligand31248-0
439,LUNDON__ligand5357-0
440,LUNDON__ligand813-0
441,LUNDON__ligand25650-0
442,LUNDON__ligand1688-0
443,LUNDON__ligand4850-0
444,LUNDON__ligand5056-0
445,LUNDON__ligand314-0
446,LUNDON__ligand780-0
447,LUNDON__ligand1768-0
448,LUNDON__ligand12660-0
449,LUNDON__ligand19257-0
450,LUNDON__ligand13209-0
451,LUNDON__ligand1469-0
452,LUNDON__ligand3871-0
453,LUNDON__ligand353-0
454,LUNDON__ligand18465-0
455,LUNDON__ligand18799-0
456,LUNDON__ligand1533-0
457,LUNDON__ligand16791-0
458,LUNDON__ligand1496-0
459,LUNDON__ligand7557-0
460,LUNDON__ligand28668-0
461,LUNDON__ligand29610-0
462,LUNDON__ligand1712-0
463,LUNDON__ligand4131-0
464,LUNDON__ligand11140-0
465,LUNDON__ligand5892-0
466,LUNDON__ligand5094-0
467,LUNDON__ligand393-0
468,LUNDON__ligand29863-0
469,LUNDON__ligand18074-0
470,LUNDON__ligand13869-0
471,LUNDON__ligand13257-0
472,LUNDON__ligand7162-0
473,LUNDON__ligand3029-0
474,LUNDON__ligand21936-0
475,LUNDON__ligand4581-0
476,LUNDON__ligand1773-0
477,LUNDON__ligand23904-0
478,LUNDON__ligand686-0
479,LUNDON__ligand2328-0
480,LUNDON__ligand9197-0
481,LUNDON__ligand25267-0
482,LUNDON__ligand422-0
483,LUNDON__ligand1900-0
484,LUNDON__ligand10084-0
485,LUNDON__ligand12467-0
486,LUNDON__ligand27169-0
487,LUNDON__ligand14523-0
488,LUNDON__ligand2208-0
489,LUNDON__ligand3208-0
490,LUNDON__ligand18391-0
491,LUNDON__ligand196-0
492,LUNDON__ligand27074-0
493,LUNDON__ligand3350-0
494,LUNDON__ligand2781-0
495,LUNDON__ligand7573-0
496,LUNDON__ligand8722-0
497,LUNDON__ligand25805-0
498,LUNDON__ligand22981-0
499,LUNDON__ligand20599-0
500,LUNDON__ligand1327-0
501,LUNDON__ligand6672-0
502,LUNDON__ligand9809-0
503,LUNDON__ligand45-0
504,LUNDON__ligand3973-0
505,LUNDON__ligand17240-0
506,LUNDON__ligand1147-0
507,LUNDON__ligand17590-0
508,LUNDON__ligand7925-0
509,LUNDON__ligand12682-0
510,LUNDON__ligand18699-0
511,LUNDON__ligand152-0
512,LUNDON__ligand2068-0
513,LUNDON__ligand4194-0
514,LUNDON__ligand506-0
515,LUNDON__ligand7532-0
516,LUNDON__ligand13072-0
517,LUNDON__ligand4330-0
518,LUNDON__ligand12336-0
519,LUNDON__ligand78-0
520,LUNDON__ligand2599-0
521,LUNDON__ligand10555-0
522,LUNDON__ligand31483-0
523,LUNDON__ligand6283-0
524,LUNDON__ligand24613-0
525,LUNDON__ligand487-0
526,LUNDON__ligand6062-0
527,LUNDON__ligand19-0
528,LUNDON__ligand19725-0
529,LUNDON__ligand4738-0
530,LUNDON__ligand4813-0
531,LUNDON__ligand5813-0
532,LUNDON__ligand3215-0
533,LUNDON__ligand447-0
534,LUNDON__ligand21421-0
535,LUNDON__ligand11774-0
536,LUNDON__ligand14586-0
537,LUNDON__ligand24-0
538,LUNDON__ligand746-0
539,LUNDON__ligand176-0
540,LUNDON__ligand7107-0
541,LUNDON__ligand11568-0
542,LUNDON__ligand20579-0
543,LUNDON__ligand17710-0
544,LUNDON__ligand26277-0
545,LUNDON__ligand395-0
546,LUNDON__ligand29898-0
547,LUNDON__ligand9148-0
548,LUNDON__ligand22755-0
549,LUNDON__ligand31618-0
550,LUNDON__ligand368-0
551,LUNDON__ligand11432-0
552,LUNDON__ligand10432-0
553,LUNDON__ligand8-0
554,LUNDON__ligand7529-0
555,LUNDON__ligand1415-0
556,LUNDON__ligand6946-0
557,LUNDON__ligand24064-0
558,LUNDON__ligand2830-0
559,LUNDON__ligand1729-0
560,LUNDON__ligand23589-0
561,LUNDON__ligand5627-0
562,LUNDON__ligand5483-0
563,LUNDON__ligand784-0
564,LUNDON__ligand5316-0
565,LUNDON__ligand15168-0
566,LUNDON__ligand28924-0
567,LUNDON__ligand1065-0
568,LUNDON__ligand7530-0
569,LUNDON__ligand15438-0
570,LUNDON__ligand3012-0
571,LUNDON__ligand1449-0
572,LUNDON__ligand833-0
573,LUNDON__ligand4332-0
574,LUNDON__ligand29087-0
575,LUNDON__ligand18703-0
576,LUNDON__ligand9681-0
577,LUNDON__ligand6455-0
578,LUNDON__ligand17945-0
579,LUNDON__ligand6882-0
580,LUNDON__ligand18013-0
581,LUNDON__ligand25224-0
582,LUNDON__ligand31578-0
583,LUNDON__ligand3934-0
584,LUNDON__ligand17207-0
585,LUNDON__ligand24750-0
586,LUNDON__ligand115-0
587,LUNDON__ligand2403-0
588,LUNDON__ligand868-0
589,LUNDON__ligand2917-0
590,LUNDON__ligand14117-0
591,LUNDON__ligand17261-0
592,LUNDON__ligand7819-0
593,LUNDON__ligand20251-0
594,LUNDON__ligand30702-0
595,LUNDON__ligand20214-0
596,LUNDON__ligand20539-0
597,LUNDON__ligand3465-0
598,LUNDON__ligand21581-0
599,LUNDON__ligand31097-0
600,LUNDON__ligand6904-0
601,LUNDON__ligand3721-0
602,LUNDON__ligand6596-0
603,LUNDON__ligand6102-0
604,LUNDON__ligand29568-0
605,LUNDON__ligand4620-0
606,LUNDON__ligand14889-0
607,LUNDON__ligand30851-0
608,LUNDON__ligand352-0
609,LUNDON__ligand783-0
610,LUNDON__ligand21371-0
611,LUNDON__ligand17118-0
612,LUNDON__ligand20419-0
613,LUNDON__ligand28789-0
614,LUNDON__ligand6067-0
615,LUNDON__ligand1577-0
616,LUNDON__ligand2295-0
617,LUNDON__ligand197-0
618,LUNDON__ligand17398-0
619,LUNDON__ligand4641-0
620,LUNDON__ligand24047-0
621,LUNDON__ligand22557-0
622,LUNDON__ligand10589-0
623,LUNDON__ligand20598-0
624,LUNDON__ligand11675-0
625,LUNDON__ligand17982-0
626,LUNDON__ligand38-0
627,LUNDON__ligand29414-0
628,LUNDON__ligand20011-0
629,LUNDON__ligand17278-0
630,LUNDON__ligand3234-0
631,LUNDON__ligand1142-0
632,LUNDON__ligand20251-1
633,LUNDON__ligand14703-0
634,LUNDON__ligand16475-0
635,LUNDON__ligand7126-0
636,LUNDON__ligand2028-0
637,LUNDON__ligand8835-0
638,LUNDON__ligand14174-0
639,LUNDON__ligand10712-0
640,LUNDON__ligand42-0
641,LUNDON__ligand9601-0
642,LUNDON__ligand11456-0
643,LUNDON__ligand421-0
644,LUNDON__ligand8992-0
645,LUNDON__ligand1018-0
646,LUNDON__ligand25411-0
647,LUNDON__ligand685-0
648,LUNDON__ligand4116-0
649,LUNDON__ligand7967-0
650,LUNDON__ligand3707-0
651,LUNDON__ligand6124-0
652,LUNDON__ligand1324-0
653,LUNDON__ligand8721-0
654,LUNDON__ligand294-0
655,LUNDON__ligand1823-0
656,LUNDON__ligand5643-0
657,LUNDON__ligand13294-0
658,LUNDON__ligand31832-0
659,LUNDON__ligand29879-0
660,LUNDON__ligand14248-0
661,LUNDON__ligand1615-0
662,LUNDON__ligand12030-0
663,LUNDON__ligand5036-0
664,LUNDON__ligand2526-0
665,LUNDON__ligand9111-0
666,LUNDON__ligand9952-0
667,LUNDON__ligand28884-0
668,LUNDON__ligand13331-0
669,LUNDON__ligand26810-0
670,LUNDON__ligand560-0
671,LUNDON__ligand27482-0
672,LUNDON__ligand9441-0
673,LUNDON__ligand2332-0
674,LUNDON__ligand13208-0
675,LUNDON__ligand1530-0
676,LUNDON__ligand1575-0
677,LUNDON__ligand9933-0
678,LUNDON__ligand1631-0
679,LUNDON__ligand13390-0
680,LUNDON__ligand66-0
681,LUNDON__ligand2915-0
682,LUNDON__ligand3156-0
683,LUNDON__ligand1378-0
684,LUNDON__ligand134-0
685,LUNDON__ligand6244-0
686,LUNDON__ligand20682-0
687,LUNDON__ligand235-0
688,LUNDON__ligand4016-0
689,LUNDON__ligand23769-0
690,LUNDON__ligand479-0
691,LUNDON__ligand24185-0
692,LUNDON__ligand785-0
693,LUNDON__ligand311-0
694,LUNDON__ligand25178-0
695,LUNDON__ligand7867-0
696,LUNDON__ligand6709-0
697,LUNDON__ligand1219-0
698,LUNDON__ligand620-0
699,LUNDON__ligand1790-0
700,LUNDON__ligand1304-0
701,LUNDON__ligand17302-0
702,LUNDON__ligand7280-0
703,LUNDON__ligand370-1
704,LUNDON__ligand7238-0
705,LUNDON__ligand564-0
706,LUNDON__ligand17805-0
707,LUNDON__ligand188-0
708,LUNDON__ligand12130-0
709,LUNDON__ligand17387-0
710,LUNDON__ligand12289-0
711,LUNDON__ligand9784-0
712,LUNDON__ligand18292-0
713,LUNDON__ligand13658-0
714,LUNDON__ligand26702-0
715,LUNDON__ligand1451-0
716,LUNDON__ligand12231-0
717,LUNDON__ligand4272-0
718,LUNDON__ligand7629-0
719,LUNDON__ligand24145-0
720,LUNDON__ligand4442-0
721,LUNDON__ligand15585-0
722,LUNDON__ligand4093-0
723,LUNDON__ligand3954-0
724,LUNDON__ligand12401-0
725,LUNDON__ligand9520-0
726,LUNDON__ligand19830-0
727,LUNDON__ligand13068-0
728,LUNDON__ligand8699-0
729,LUNDON__ligand10476-0
730,LUNDON__ligand1160-0
731,LUNDON__ligand9833-0
732,LUNDON__ligand2828-0
733,LUNDON__ligand8876-0
734,LUNDON__ligand7648-0
735,LUNDON__ligand5256-0
736,LUNDON__ligand27763-0
737,LUNDON__ligand250-0
738,LUNDON__ligand10262-0
739,LUNDON__ligand4157-0
740,LUNDON__ligand28676-0
741,LUNDON__ligand2232-0
742,LUNDON__ligand18814-0
743,LUNDON__ligand19057-0
744,LUNDON__ligand2176-0
745,LUNDON__ligand13425-0
746,LUNDON__ligand29302-0
747,LUNDON__ligand9291-0
748,LUNDON__ligand14108-0
749,LUNDON__ligand8115-0
750,LUNDON__ligand6768-0
751,LUNDON__ligand1982-0
752,LUNDON__ligand7000-0
753,LUNDON__ligand370-0
754,LUNDON__ligand1285-0
755,LUNDON__ligand12641-0
756,LUNDON__ligand4503-0
757,LUNDON__ligand4546-0
758,LUNDON__ligand10958-0
759,LUNDON__ligand3565-0
760,LUNDON__ligand17281-0
761,LUNDON__ligand372-0
762,LUNDON__ligand30296-0
763,LUNDON__ligand1512-0
764,LUNDON__ligand12337-0
765,LUNDON__ligand29410-0
766,LUNDON__ligand5331-0
767,LUNDON__ligand830-0
768,LUNDON__ligand26540-0
769,LUNDON__ligand30333-0
770,LUNDON__ligand6919-0
771,LUNDON__ligand3852-0
772,LUNDON__ligand2485-0
773,LUNDON__ligand193-0
774,LUNDON__ligand12606-0
775,LUNDON__ligand3094-0
776,LUNDON__ligand4155-0
777,LUNDON__ligand252-0
778,LUNDON__ligand5211-0
779,LUNDON__ligand27460-0
780,LUNDON__ligand116-0
781,LUNDON__ligand6839-0
782,LUNDON__ligand20740-0
783,LUNDON__ligand28468-0
784,LUNDON__ligand8969-0
785,LUNDON__ligand1202-0
786,LUNDON__ligand3937-0
787,LUNDON__ligand3174-0
788,LUNDON__ligand3131-0
789,LUNDON__ligand12427-0
790,LUNDON__ligand16628-0
791,LUNDON__ligand4720-0
792,LUNDON__ligand27893-0
793,LUNDON__ligand177-0
794,LUNDON__ligand14723-0
795,LUNDON__ligand7106-0
796,LUNDON__ligand19641-0
797,LUNDON__ligand7242-0
798,LUNDON__ligand15422-0
799,LUNDON__ligand20578-0
800,LUNDON__ligand12934-0
801,LUNDON__ligand18832-0
802,LUNDON__ligand27175-0
803,LUNDON__ligand23713-0
804,LUNDON__ligand1263-0
805,LUNDON__ligand30988-0
806,LUNDON__ligand9908-0
807,LUNDON__ligand17258-0
808,LUNDON__ligand9935-0
809,LUNDON__ligand1536-0
810,LUNDON__ligand1573-0
811,LUNDON__ligand18-0
812,LUNDON__ligand14297-0
813,LUNDON__ligand14603-0
814,LUNDON__ligand26665-0
815,LUNDON__ligand1959-0
816,LUNDON__ligand17631-0
817,LUNDON__ligand3504-0
818,LUNDON__ligand13012-0
819,LUNDON__ligand4661-0
820,LUNDON__ligand1844-0
821,LUNDON__ligand3035-0
822,LUNDON__ligand3876-0
823,LUNDON__ligand1343-0
824,LUNDON__ligand6616-0
825,LUNDON__ligand909-0
826,LUNDON__ligand31783-0
827,LUNDON__ligand3718-0
