,TMC
0,BENGOQ__ligand1469-0
1,BENGOQ__ligand13257-0
2,BENGOQ__ligand21936-0
3,BENGOQ__ligand3871-0
4,BENGOQ__ligand1768-0
5,BENGOQ__ligand23904-0
6,BENGOQ__ligand4850-0
7,BENGOQ__ligand25267-0
8,BENGOQ__ligand5056-0
9,BENGOQ__ligand10084-0
10,BENGOQ__ligand3647-0
11,BENGOQ__ligand5357-0
12,BENGOQ__ligand12467-0
13,BENGOQ__ligand1688-0
14,BENGOQ__ligand38-0
15,BENGOQ__ligand497-0
16,BENGOQ__ligand3157-0
17,BENGOQ__ligand9525-0
18,BENGOQ__ligand14523-0
19,BENGOQ__ligand27169-0
20,BENGOQ__ligand18391-0
21,BENGOQ__ligand1165-0
22,BENGOQ__ligand5935-0
23,BENGOQ__ligand27074-0
24,BENGOQ__ligand22981-0
25,BENGOQ__ligand633-0
26,BENGOQ__ligand25805-0
27,BENGOQ__ligand2722-0
28,BENGOQ__ligand1379-0
29,BENGOQ__ligand20599-0
30,BENGOQ__ligand326-0
31,BENGOQ__ligand5849-0
32,BENGOQ__ligand18465-0
33,BENGOQ__ligand18799-0
34,BENGOQ__ligand16791-0
35,BENGOQ__ligand3392-0
36,BENGOQ__ligand28668-0
37,BENGOQ__ligand4911-0
38,BENGOQ__ligand1771-0
39,BENGOQ__ligand692-0
40,BENGOQ__ligand8349-0
41,BENGOQ__ligand8464-0
42,BENGOQ__ligand29610-0
43,BENGOQ__ligand1709-0
44,BENGOQ__ligand11140-0
45,BENGOQ__ligand29863-0
46,BENGOQ__ligand13869-0
47,BENGOQ__ligand18074-0
48,BENGOQ__ligand2527-0
49,BENGOQ__ligand436-0
50,BENGOQ__ligand8722-0
51,BENGOQ__ligand1327-0
52,BENGOQ__ligand6672-0
53,BENGOQ__ligand9809-0
54,BENGOQ__ligand25735-0
55,BENGOQ__ligand12519-0
56,BENGOQ__ligand11206-0
57,BENGOQ__ligand23124-0
58,BENGOQ__ligand3350-0
59,BENGOQ__ligand2781-0
60,BENGOQ__ligand7573-0
61,BENGOQ__ligand2208-0
62,BENGOQ__ligand3208-0
63,BENGOQ__ligand66-0
64,BENGOQ__ligand31248-0
65,BENGOQ__ligand25650-0
66,BENGOQ__ligand9197-0
67,BENGOQ__ligand409-0
68,BENGOQ__ligand324-0
69,BENGOQ__ligand361-0
70,BENGOQ__ligand1900-0
71,BENGOQ__ligand4581-0
72,BENGOQ__ligand1773-0
73,BENGOQ__ligand2328-0
74,BENGOQ__ligand12660-0
75,BENGOQ__ligand7162-0
76,BENGOQ__ligand19257-0
77,BENGOQ__ligand13209-0
78,BENGOQ__ligand3029-0
79,BENGOQ__ligand25575-0
80,BENGOQ__ligand300-0
81,BENGOQ__ligand21787-0
82,BENGOQ__ligand25689-0
83,BENGOQ__ligand5892-0
84,BENGOQ__ligand5094-0
85,BENGOQ__ligand588-0
86,BENGOQ__ligand12295-0
87,BENGOQ__ligand27835-0
88,BENGOQ__ligand1712-0
89,BENGOQ__ligand4131-0
90,BENGOQ__ligand23906-0
91,BENGOQ__ligand1496-0
92,BENGOQ__ligand7557-0
93,BENGOQ__ligand199-0
94,BENGOQ__ligand21132-0
95,BENGOQ__ligand11166-0
96,BENGOQ__ligand42-0
97,BENGOQ__ligand30539-0
98,BENGOQ__ligand1533-0
99,BENGOQ__ligand28924-0
100,BENGOQ__ligand571-0
101,BENGOQ__ligand15438-0
102,BENGOQ__ligand534-0
103,BENGOQ__ligand670-0
104,BENGOQ__ligand7107-0
105,BENGOQ__ligand29087-0
106,BENGOQ__ligand18703-0
107,BENGOQ__ligand3215-0
108,BENGOQ__ligand17945-0
109,BENGOQ__ligand4738-0
110,BENGOQ__ligand4813-0
111,BENGOQ__ligand18013-0
112,BENGOQ__ligand5813-0
113,BENGOQ__ligand25224-0
114,BENGOQ__ligand17207-0
115,BENGOQ__ligand31578-0
116,BENGOQ__ligand6062-0
117,BENGOQ__ligand6283-0
118,BENGOQ__ligand24750-0
119,BENGOQ__ligand4330-0
120,BENGOQ__ligand29898-0
121,BENGOQ__ligand26277-0
122,BENGOQ__ligand488-0
123,BENGOQ__ligand2599-0
124,BENGOQ__ligand8-0
125,BENGOQ__ligand430-0
126,BENGOQ__ligand22755-0
127,BENGOQ__ligand358-0
128,BENGOQ__ligand10432-0
129,BENGOQ__ligand11432-0
130,BENGOQ__ligand31618-0
131,BENGOQ__ligand7532-0
132,BENGOQ__ligand694-0
133,BENGOQ__ligand4194-0
134,BENGOQ__ligand7925-0
135,BENGOQ__ligand24064-0
136,BENGOQ__ligand2068-0
137,BENGOQ__ligand23589-0
138,BENGOQ__ligand1147-0
139,BENGOQ__ligand15168-0
140,BENGOQ__ligand3973-0
141,BENGOQ__ligand10555-0
142,BENGOQ__ligand2403-0
143,BENGOQ__ligand31483-0
144,BENGOQ__ligand656-0
145,BENGOQ__ligand18-0
146,BENGOQ__ligand3934-0
147,BENGOQ__ligand24613-0
148,BENGOQ__ligand6455-0
149,BENGOQ__ligand6882-0
150,BENGOQ__ligand19725-0
151,BENGOQ__ligand9681-0
152,BENGOQ__ligand21421-0
153,BENGOQ__ligand14586-0
154,BENGOQ__ligand11774-0
155,BENGOQ__ligand4332-0
156,BENGOQ__ligand3012-0
157,BENGOQ__ligand1449-0
158,BENGOQ__ligand11568-0
159,BENGOQ__ligand1065-0
160,BENGOQ__ligand696-0
161,BENGOQ__ligand7530-0
162,BENGOQ__ligand20579-0
163,BENGOQ__ligand17710-0
164,BENGOQ__ligand5316-0
165,BENGOQ__ligand383-0
166,BENGOQ__ligand17240-0
167,BENGOQ__ligand416-0
168,BENGOQ__ligand5483-0
169,BENGOQ__ligand17590-0
170,BENGOQ__ligand1729-0
171,BENGOQ__ligand5627-0
172,BENGOQ__ligand226-0
173,BENGOQ__ligand18699-0
174,BENGOQ__ligand12682-0
175,BENGOQ__ligand162-0
176,BENGOQ__ligand2830-0
177,BENGOQ__ligand6946-0
178,BENGOQ__ligand1415-0
179,BENGOQ__ligand7529-0
180,BENGOQ__ligand13072-0
181,BENGOQ__ligand12336-0
182,BENGOQ__ligand9148-0
183,BENGOQ__ligand27482-0
184,BENGOQ__ligand26810-0
185,BENGOQ__ligand7126-0
186,BENGOQ__ligand13208-0
187,BENGOQ__ligand2028-0
188,BENGOQ__ligand8835-0
189,BENGOQ__ligand1142-0
190,BENGOQ__ligand3234-0
191,BENGOQ__ligand13390-0
192,BENGOQ__ligand67-0
193,BENGOQ__ligand141-0
194,BENGOQ__ligand4641-0
195,BENGOQ__ligand20682-0
196,BENGOQ__ligand240-0
197,BENGOQ__ligand43-0
198,BENGOQ__ligand10712-0
199,BENGOQ__ligand14174-0
200,BENGOQ__ligand1577-0
201,BENGOQ__ligand6067-0
202,BENGOQ__ligand2295-0
203,BENGOQ__ligand384-0
204,BENGOQ__ligand11456-0
205,BENGOQ__ligand4620-0
206,BENGOQ__ligand25411-0
207,BENGOQ__ligand3721-0
208,BENGOQ__ligand6904-0
209,BENGOQ__ligand6596-0
210,BENGOQ__ligand6102-0
211,BENGOQ__ligand13294-0
212,BENGOQ__ligand31832-0
213,BENGOQ__ligand3465-0
214,BENGOQ__ligand14248-0
215,BENGOQ__ligand29879-0
216,BENGOQ__ligand12030-0
217,BENGOQ__ligand2917-0
218,BENGOQ__ligand13331-0
219,BENGOQ__ligand7819-0
220,BENGOQ__ligand28884-0
221,BENGOQ__ligand768-0
222,BENGOQ__ligand17398-0
223,BENGOQ__ligand6244-0
224,BENGOQ__ligand22557-0
225,BENGOQ__ligand10589-0
226,BENGOQ__ligand24047-0
227,BENGOQ__ligand11675-0
228,BENGOQ__ligand1378-0
229,BENGOQ__ligand20598-0
230,BENGOQ__ligand29414-0
231,BENGOQ__ligand17982-0
232,BENGOQ__ligand2915-0
233,BENGOQ__ligand20011-0
234,BENGOQ__ligand17278-0
235,BENGOQ__ligand3156-0
236,BENGOQ__ligand1631-0
237,BENGOQ__ligand1530-0
238,BENGOQ__ligand1575-0
239,BENGOQ__ligand757-0
240,BENGOQ__ligand20251-1
241,BENGOQ__ligand9933-0
242,BENGOQ__ligand16475-0
243,BENGOQ__ligand14703-0
244,BENGOQ__ligand122-0
245,BENGOQ__ligand9441-0
246,BENGOQ__ligand2332-0
247,BENGOQ__ligand17261-0
248,BENGOQ__ligand14117-0
249,BENGOQ__ligand9952-0
250,BENGOQ__ligand9111-0
251,BENGOQ__ligand1615-0
252,BENGOQ__ligand2526-0
253,BENGOQ__ligand5036-0
254,BENGOQ__ligand1823-0
255,BENGOQ__ligand30702-0
256,BENGOQ__ligand20214-0
257,BENGOQ__ligand693-0
258,BENGOQ__ligand5643-0
259,BENGOQ__ligand20251-0
260,BENGOQ__ligand20539-0
261,BENGOQ__ligand1324-0
262,BENGOQ__ligand21581-0
263,BENGOQ__ligand31097-0
264,BENGOQ__ligand8721-0
265,BENGOQ__ligand7967-0
266,BENGOQ__ligand3707-0
267,BENGOQ__ligand6124-0
268,BENGOQ__ligand29568-0
269,BENGOQ__ligand1018-0
270,BENGOQ__ligand30851-0
271,BENGOQ__ligand4116-0
272,BENGOQ__ligand14889-0
273,BENGOQ__ligand17118-0
274,BENGOQ__ligand21371-0
275,BENGOQ__ligand20419-0
276,BENGOQ__ligand8992-0
277,BENGOQ__ligand28789-0
278,BENGOQ__ligand9601-0
279,BENGOQ__ligand4503-0
280,BENGOQ__ligand4546-0
281,BENGOQ__ligand941-0
282,BENGOQ__ligand27893-0
283,BENGOQ__ligand596-0
284,BENGOQ__ligand14723-0
285,BENGOQ__ligand19641-0
286,BENGOQ__ligand12934-0
287,BENGOQ__ligand20578-0
288,BENGOQ__ligand15422-0
289,BENGOQ__ligand23713-0
290,BENGOQ__ligand1285-0
291,BENGOQ__ligand27175-0
292,BENGOQ__ligand18832-0
293,BENGOQ__ligand30988-0
294,BENGOQ__ligand24-0
295,BENGOQ__ligand8115-0
296,BENGOQ__ligand6768-0
297,BENGOQ__ligand1982-0
298,BENGOQ__ligand777-0
299,BENGOQ__ligand7000-0
300,BENGOQ__ligand2176-0
301,BENGOQ__ligand19-0
302,BENGOQ__ligand17258-0
303,BENGOQ__ligand14603-0
304,BENGOQ__ligand9291-0
305,BENGOQ__ligand14297-0
306,BENGOQ__ligand366-0
307,BENGOQ__ligand2232-0
308,BENGOQ__ligand26665-0
309,BENGOQ__ligand13012-0
310,BENGOQ__ligand17631-0
311,BENGOQ__ligand187-0
312,BENGOQ__ligand4157-0
313,BENGOQ__ligand9833-0
314,BENGOQ__ligand2828-0
315,BENGOQ__ligand8876-0
316,BENGOQ__ligand7648-0
317,BENGOQ__ligand657-0
318,BENGOQ__ligand5256-0
319,BENGOQ__ligand31783-0
320,BENGOQ__ligand9520-0
321,BENGOQ__ligand17281-0
322,BENGOQ__ligand30296-0
323,BENGOQ__ligand8699-0
324,BENGOQ__ligand1160-0
325,BENGOQ__ligand29410-0
326,BENGOQ__ligand12337-0
327,BENGOQ__ligand78-0
328,BENGOQ__ligand845-0
329,BENGOQ__ligand4442-0
330,BENGOQ__ligand4093-0
331,BENGOQ__ligand26540-0
332,BENGOQ__ligand3954-0
333,BENGOQ__ligand30333-0
334,BENGOQ__ligand1451-0
335,BENGOQ__ligand4272-0
336,BENGOQ__ligand7629-0
337,BENGOQ__ligand9784-0
338,BENGOQ__ligand12606-0
339,BENGOQ__ligand7238-0
340,BENGOQ__ligand1790-0
341,BENGOQ__ligand1304-0
342,BENGOQ__ligand126-0
343,BENGOQ__ligand7280-0
344,BENGOQ__ligand163-0
345,BENGOQ__ligand27460-0
346,BENGOQ__ligand20740-0
347,BENGOQ__ligand7867-0
348,BENGOQ__ligand28468-0
349,BENGOQ__ligand12427-0
350,BENGOQ__ligand45-0
351,BENGOQ__ligand1219-0
352,BENGOQ__ligand6709-0
353,BENGOQ__ligand16628-0
354,BENGOQ__ligand4016-0
355,BENGOQ__ligand1343-0
356,BENGOQ__ligand3876-0
357,BENGOQ__ligand3035-0
358,BENGOQ__ligand6616-0
359,BENGOQ__ligand3718-0
360,BENGOQ__ligand1844-0
361,BENGOQ__ligand4661-0
362,BENGOQ__ligand27763-0
363,BENGOQ__ligand28676-0
364,BENGOQ__ligand10262-0
365,BENGOQ__ligand338-0
366,BENGOQ__ligand1959-0
367,BENGOQ__ligand3504-0
368,BENGOQ__ligand19057-0
369,BENGOQ__ligand18814-0
370,BENGOQ__ligand13425-0
371,BENGOQ__ligand9935-0
372,BENGOQ__ligand29302-0
373,BENGOQ__ligand1536-0
374,BENGOQ__ligand1573-0
375,BENGOQ__ligand1263-0
376,BENGOQ__ligand14108-0
377,BENGOQ__ligand9908-0
378,BENGOQ__ligand12641-0
379,BENGOQ__ligand7242-0
380,BENGOQ__ligand10958-0
381,BENGOQ__ligand7106-0
382,BENGOQ__ligand23769-0
383,BENGOQ__ligand321-0
384,BENGOQ__ligand4720-0
385,BENGOQ__ligand24185-0
386,BENGOQ__ligand6839-0
387,BENGOQ__ligand25178-0
388,BENGOQ__ligand8969-0
389,BENGOQ__ligand3174-0
390,BENGOQ__ligand3937-0
391,BENGOQ__ligand1202-0
392,BENGOQ__ligand3131-0
393,BENGOQ__ligand5211-0
394,BENGOQ__ligand178-0
395,BENGOQ__ligand17302-0
396,BENGOQ__ligand185-0
397,BENGOQ__ligand3094-0
398,BENGOQ__ligand4155-0
399,BENGOQ__ligand279-0
400,BENGOQ__ligand17805-0
401,BENGOQ__ligand12130-0
402,BENGOQ__ligand17387-0
403,BENGOQ__ligand26702-0
404,BENGOQ__ligand13658-0
405,BENGOQ__ligand18292-0
406,BENGOQ__ligand201-0
407,BENGOQ__ligand12289-0
408,BENGOQ__ligand12231-0
409,BENGOQ__ligand6919-0
410,BENGOQ__ligand3852-0
411,BENGOQ__ligand2485-0
412,BENGOQ__ligand1512-0
413,BENGOQ__ligand24145-0
414,BENGOQ__ligand5331-0
415,BENGOQ__ligand12401-0
416,BENGOQ__ligand15585-0
417,BENGOQ__ligand13068-0
418,BENGOQ__ligand3565-0
419,BENGOQ__ligand19830-0
420,BENGOQ__ligand10476-0
421,BENGOQ__ligand22168-0
422,BENGOQ__ligand8793-0
423,BENGOQ__ligand2788-0
424,BENGOQ__ligand28930-0
425,BENGOQ__ligand5649-0
426,BENGOQ__ligand4649-0
427,BENGOQ__ligand22294-0
428,BENGOQ__ligand21919-0
429,BENGOQ__ligand2906-0
430,BENGOQ__ligand12365-0
431,BENGOQ__ligand10056-0
432,BENGOQ__ligand4711-0
433,BENGOQ__ligand3244-0
434,BENGOQ__ligand784-0
435,BENGOQ__ligand28743-0
436,BENGOQ__ligand15531-0
437,BENGOQ__ligand11357-0
438,BENGOQ__ligand13862-0
439,BENGOQ__ligand11096-0
440,BENGOQ__ligand11447-0
441,BENGOQ__ligand368-0
442,BENGOQ__ligand28810-0
443,BENGOQ__ligand24230-0
444,BENGOQ__ligand4807-0
445,BENGOQ__ligand3178-0
446,BENGOQ__ligand15926-0
447,BENGOQ__ligand17-0
448,BENGOQ__ligand10828-0
449,BENGOQ__ligand395-0
450,BENGOQ__ligand19792-0
451,BENGOQ__ligand5530-0
452,BENGOQ__ligand1356-0
453,BENGOQ__ligand1787-0
454,BENGOQ__ligand9753-0
455,BENGOQ__ligand11970-0
456,BENGOQ__ligand7196-0
457,BENGOQ__ligand15883-0
458,BENGOQ__ligand5159-0
459,BENGOQ__ligand25913-0
460,BENGOQ__ligand6017-0
461,BENGOQ__ligand16988-0
462,BENGOQ__ligand7316-0
463,BENGOQ__ligand5708-0
464,BENGOQ__ligand11682-0
465,BENGOQ__ligand30711-0
466,BENGOQ__ligand20207-0
467,BENGOQ__ligand5180-0
468,BENGOQ__ligand115-0
469,BENGOQ__ligand24035-0
470,BENGOQ__ligand7172-0
471,BENGOQ__ligand31044-0
472,BENGOQ__ligand31842-0
473,BENGOQ__ligand7273-0
474,BENGOQ__ligand11994-0
475,BENGOQ__ligand9323-0
476,BENGOQ__ligand16663-0
477,BENGOQ__ligand3225-0
478,BENGOQ__ligand1153-0
479,BENGOQ__ligand1116-0
480,BENGOQ__ligand7092-0
481,BENGOQ__ligand2260-0
482,BENGOQ__ligand8612-0
483,BENGOQ__ligand14614-0
484,BENGOQ__ligand2124-0
485,BENGOQ__ligand833-0
486,BENGOQ__ligand13672-0
487,BENGOQ__ligand2417-0
488,BENGOQ__ligand506-0
489,BENGOQ__ligand18568-0
490,BENGOQ__ligand28685-0
491,BENGOQ__ligand3126-0
492,BENGOQ__ligand6391-0
493,BENGOQ__ligand49-0
494,BENGOQ__ligand9284-0
495,BENGOQ__ligand1114-0
496,BENGOQ__ligand10371-0
497,BENGOQ__ligand89-0
498,BENGOQ__ligand1604-0
499,BENGOQ__ligand9943-0
500,BENGOQ__ligand1228-0
501,BENGOQ__ligand12453-0
502,BENGOQ__ligand18448-0
503,BENGOQ__ligand28459-0
504,BENGOQ__ligand152-0
505,BENGOQ__ligand2043-0
506,BENGOQ__ligand19184-0
507,BENGOQ__ligand8788-0
508,BENGOQ__ligand1832-0
509,BENGOQ__ligand2612-0
510,BENGOQ__ligand746-0
511,BENGOQ__ligand14167-0
512,BENGOQ__ligand13477-0
513,BENGOQ__ligand447-0
514,BENGOQ__ligand30142-0
515,BENGOQ__ligand1599-0
516,BENGOQ__ligand27669-0
517,BENGOQ__ligand9450-0
518,BENGOQ__ligand176-0
519,BENGOQ__ligand23197-0
520,BENGOQ__ligand1289-0
521,BENGOQ__ligand29029-0
522,BENGOQ__ligand2203-0
523,BENGOQ__ligand27285-0
524,BENGOQ__ligand5387-0
525,BENGOQ__ligand487-0
526,BENGOQ__ligand7291-0
527,BENGOQ__ligand11618-0
528,BENGOQ__ligand9883-0
529,BENGOQ__ligand3677-1
530,BENGOQ__ligand2985-0
531,BENGOQ__ligand4007-0
532,BENGOQ__ligand393-0
533,BENGOQ__ligand9299-0
534,BENGOQ__ligand26529-0
535,BENGOQ__ligand11-0
536,BENGOQ__ligand27239-0
537,BENGOQ__ligand21729-0
538,BENGOQ__ligand3945-0
539,BENGOQ__ligand3-0
540,BENGOQ__ligand69-0
541,BENGOQ__ligand5383-0
542,BENGOQ__ligand353-0
543,BENGOQ__ligand2693-0
544,BENGOQ__ligand19927-0
545,BENGOQ__ligand9344-0
546,BENGOQ__ligand3736-0
547,BENGOQ__ligand26324-0
548,BENGOQ__ligand28559-0
549,BENGOQ__ligand8000-0
550,BENGOQ__ligand14043-0
551,BENGOQ__ligand26631-0
552,BENGOQ__ligand16148-0
553,BENGOQ__ligand6892-0
554,BENGOQ__ligand12003-0
555,BENGOQ__ligand1211-0
556,BENGOQ__ligand10872-0
557,BENGOQ__ligand21399-0
558,BENGOQ__ligand29215-0
559,BENGOQ__ligand1464-0
560,BENGOQ__ligand3712-0
561,BENGOQ__ligand1499-0
562,BENGOQ__ligand196-0
563,BENGOQ__ligand2881-0
564,BENGOQ__ligand20695-0
565,BENGOQ__ligand686-0
566,BENGOQ__ligand27754-0
567,BENGOQ__ligand6699-0
568,BENGOQ__ligand16369-0
569,BENGOQ__ligand11111-0
570,BENGOQ__ligand28540-0
571,BENGOQ__ligand22403-0
572,BENGOQ__ligand3632-0
573,BENGOQ__ligand3677-0
574,BENGOQ__ligand1168-0
575,BENGOQ__ligand422-0
576,BENGOQ__ligand1294-0
577,BENGOQ__ligand9773-0
578,BENGOQ__ligand13220-0
579,BENGOQ__ligand11587-0
580,BENGOQ__ligand5510-0
581,BENGOQ__ligand1376-0
582,BENGOQ__ligand17396-0
583,BENGOQ__ligand15788-0
584,BENGOQ__ligand23175-0
585,BENGOQ__ligand465-0
586,BENGOQ__ligand1296-0
587,BENGOQ__ligand14569-0
588,BENGOQ__ligand13385-0
589,BENGOQ__ligand2259-0
590,BENGOQ__ligand22444-0
591,BENGOQ__ligand1197-0
592,BENGOQ__ligand24111-0
593,BENGOQ__ligand5099-0
594,BENGOQ__ligand8592-0
595,BENGOQ__ligand10033-0
596,BENGOQ__ligand4358-0
597,BENGOQ__ligand3120-0
598,BENGOQ__ligand24644-0
599,BENGOQ__ligand3926-0
600,BENGOQ__ligand12001-0
601,BENGOQ__ligand2221-0
602,BENGOQ__ligand4101-0
603,BENGOQ__ligand5595-0
604,BENGOQ__ligand27840-0
605,BENGOQ__ligand30728-0
606,BENGOQ__ligand24872-0
607,BENGOQ__ligand314-1
608,BENGOQ__ligand314-0
609,BENGOQ__ligand25561-0
610,BENGOQ__ligand780-0
611,BENGOQ__ligand1-0
612,BENGOQ__ligand7762-0
613,BENGOQ__ligand5080-0
614,BENGOQ__ligand813-0
615,BENGOQ__ligand5509-0
616,BENGOQ__ligand8002-0
617,BENGOQ__ligand1407-0
618,BENGOQ__ligand6117-0
619,BENGOQ__ligand11949-0
620,BENGOQ__ligand22129-0
621,BENGOQ__ligand24780-0
622,BENGOQ__ligand12138-0
623,BENGOQ__ligand2822-0
624,BENGOQ__ligand7293-0
625,BENGOQ__ligand1317-0
626,BENGOQ__ligand3867-0
627,BENGOQ__ligand618-0
628,BENGOQ__ligand17427-0
629,BENGOQ__ligand9167-0
630,BENGOQ__ligand5304-0
631,BENGOQ__ligand391-0
632,BENGOQ__ligand31694-0
633,BENGOQ__ligand29486-0
634,BENGOQ__ligand2238-0
635,BENGOQ__ligand116-0
636,BENGOQ__ligand3042-0
637,BENGOQ__ligand10151-0
638,BENGOQ__ligand252-0
639,BENGOQ__ligand8200-0
640,BENGOQ__ligand7438-0
641,BENGOQ__ligand4063-0
642,BENGOQ__ligand830-0
643,BENGOQ__ligand48-0
644,BENGOQ__ligand22353-0
645,BENGOQ__ligand1539-0
646,BENGOQ__ligand1150-0
647,BENGOQ__ligand372-0
648,BENGOQ__ligand19668-0
649,BENGOQ__ligand3416-0
650,BENGOQ__ligand19906-0
651,BENGOQ__ligand3453-0
652,BENGOQ__ligand193-0
653,BENGOQ__ligand4207-0
654,BENGOQ__ligand91-0
655,BENGOQ__ligand1288-0
656,BENGOQ__ligand11479-0
657,BENGOQ__ligand27610-0
658,BENGOQ__ligand10479-0
659,BENGOQ__ligand10853-0
660,BENGOQ__ligand29441-0
661,BENGOQ__ligand1400-0
662,BENGOQ__ligand4266-0
663,BENGOQ__ligand24851-0
664,BENGOQ__ligand909-0
665,BENGOQ__ligand9491-0
666,BENGOQ__ligand11698-0
667,BENGOQ__ligand4167-0
668,BENGOQ__ligand20530-0
669,BENGOQ__ligand13657-0
670,BENGOQ__ligand14347-0
671,BENGOQ__ligand14302-0
672,BENGOQ__ligand1779-0
673,BENGOQ__ligand20220-0
674,BENGOQ__ligand1817-0
675,BENGOQ__ligand6993-0
676,BENGOQ__ligand9750-0
677,BENGOQ__ligand15387-0
678,BENGOQ__ligand20121-0
679,BENGOQ__ligand177-0
680,BENGOQ__ligand7075-0
681,BENGOQ__ligand51-0
682,BENGOQ__ligand3557-0
683,BENGOQ__ligand3980-0
684,BENGOQ__ligand1149-0
685,BENGOQ__ligand29813-0
686,BENGOQ__ligand16952-0
687,BENGOQ__ligand1786-0
688,BENGOQ__ligand11177-0
689,BENGOQ__ligand5630-0
690,BENGOQ__ligand15455-0
691,BENGOQ__ligand188-0
692,BENGOQ__ligand1908-0
693,BENGOQ__ligand17686-0
694,BENGOQ__ligand16-0
695,BENGOQ__ligand25658-0
696,BENGOQ__ligand3285-0
697,BENGOQ__ligand4795-0
698,BENGOQ__ligand31205-0
699,BENGOQ__ligand3144-0
700,BENGOQ__ligand5085-0
701,BENGOQ__ligand4-0
702,BENGOQ__ligand11814-0
703,BENGOQ__ligand4710-0
704,BENGOQ__ligand5755-0
705,BENGOQ__ligand785-0
706,BENGOQ__ligand311-0
707,BENGOQ__ligand479-0
708,BENGOQ__ligand16603-0
709,BENGOQ__ligand16870-0
710,BENGOQ__ligand1828-0
711,BENGOQ__ligand1397-0
712,BENGOQ__ligand7213-0
713,BENGOQ__ligand564-0
714,BENGOQ__ligand370-1
715,BENGOQ__ligand8042-0
716,BENGOQ__ligand11622-0
717,BENGOQ__ligand6112-0
718,BENGOQ__ligand620-0
719,BENGOQ__ligand5019-0
720,BENGOQ__ligand26673-0
721,BENGOQ__ligand3261-0
722,BENGOQ__ligand1152-0
723,BENGOQ__ligand370-0
724,BENGOQ__ligand1216-0
725,BENGOQ__ligand20821-0
726,BENGOQ__ligand11606-0
727,BENGOQ__ligand31000-0
728,BENGOQ__ligand1849-0
729,BENGOQ__ligand11252-0
730,BENGOQ__ligand5614-0
731,BENGOQ__ligand5280-0
732,BENGOQ__ligand250-0
733,BENGOQ__ligand1831-0
734,BENGOQ__ligand13260-0
735,BENGOQ__ligand10582-0
736,BENGOQ__ligand5515-0
737,BENGOQ__ligand6663-0
738,BENGOQ__ligand32-0
739,BENGOQ__ligand18067-0
740,BENGOQ__ligand19824-0
741,BENGOQ__ligand30004-0
742,BENGOQ__ligand20557-0
743,BENGOQ__ligand5201-0
744,BENGOQ__ligand294-0
745,BENGOQ__ligand8553-0
746,BENGOQ__ligand1113-0
747,BENGOQ__ligand27122-0
748,BENGOQ__ligand421-0
749,BENGOQ__ligand20432-0
750,BENGOQ__ligand13755-0
751,BENGOQ__ligand16133-0
752,BENGOQ__ligand24953-0
753,BENGOQ__ligand23445-0
754,BENGOQ__ligand9944-0
755,BENGOQ__ligand8593-0
756,BENGOQ__ligand25048-0
757,BENGOQ__ligand2001-0
758,BENGOQ__ligand21940-0
759,BENGOQ__ligand7566-0
760,BENGOQ__ligand685-0
761,BENGOQ__ligand57-0
762,BENGOQ__ligand2281-0
763,BENGOQ__ligand2650-0
764,BENGOQ__ligand4340-0
765,BENGOQ__ligand21752-0
766,BENGOQ__ligand3180-0
767,BENGOQ__ligand235-0
768,BENGOQ__ligand14339-0
769,BENGOQ__ligand6995-0
770,BENGOQ__ligand134-0
771,BENGOQ__ligand2823-0
772,BENGOQ__ligand13691-0
773,BENGOQ__ligand30788-0
774,BENGOQ__ligand4124-0
775,BENGOQ__ligand4161-0
776,BENGOQ__ligand3471-0
777,BENGOQ__ligand560-0
778,BENGOQ__ligand24560-0
779,BENGOQ__ligand18757-0
780,BENGOQ__ligand24624-0
781,BENGOQ__ligand18413-0
782,BENGOQ__ligand20844-0
783,BENGOQ__ligand5415-0
784,BENGOQ__ligand1028-0
785,BENGOQ__ligand4262-0
786,BENGOQ__ligand18019-1
787,BENGOQ__ligand14007-0
788,BENGOQ__ligand27550-0
789,BENGOQ__ligand68-0
790,BENGOQ__ligand1618-0
791,BENGOQ__ligand783-0
792,BENGOQ__ligand2692-0
793,BENGOQ__ligand352-0
794,BENGOQ__ligand14226-0
795,BENGOQ__ligand21339-0
796,BENGOQ__ligand16956-0
797,BENGOQ__ligand20942-1
798,BENGOQ__ligand868-0
799,BENGOQ__ligand55-0
800,BENGOQ__ligand29565-0
801,BENGOQ__ligand2027-0
802,BENGOQ__ligand23682-0
803,BENGOQ__ligand18158-0
804,BENGOQ__ligand27771-0
805,BENGOQ__ligand1050-0
806,BENGOQ__ligand1015-0
807,BENGOQ__ligand29334-0
808,BENGOQ__ligand12413-0
809,BENGOQ__ligand34-0
810,BENGOQ__ligand20731-0
811,BENGOQ__ligand1169-0
812,BENGOQ__ligand8529-0
813,BENGOQ__ligand11798-0
814,BENGOQ__ligand17069-0
815,BENGOQ__ligand14477-0
816,BENGOQ__ligand17445-0
817,BENGOQ__ligand29214-0
818,BENGOQ__ligand11501-0
819,BENGOQ__ligand1498-0
820,BENGOQ__ligand11544-0
821,BENGOQ__ligand4596-0
822,BENGOQ__ligand197-0
823,BENGOQ__ligand1154-0
824,BENGOQ__ligand21448-0
825,BENGOQ__ligand11758-0
826,BENGOQ__ligand22357-0
827,BENGOQ__ligand9615-0
