,TMC
0,IQUFAB__ligand49-0
1,IQUFAB__ligand187-0
2,IQUFAB__ligand3852-0
3,IQUFAB__ligand612-0
4,IQUFAB__ligand3478-0
5,IQUFAB__ligand5758-0
6,IQUFAB__ligand861-0
7,IQUFAB__ligand366-0
8,IQUFAB__ligand7456-0
9,IQUFAB__ligand1818-0
10,IQUFAB__ligand89-0
11,IQUFAB__ligand596-0
12,IQUFAB__ligand3251-0
13,IQUFAB__ligand6143-0
14,IQUFAB__ligand5235-0
15,IQUFAB__ligand126-0
16,IQUFAB__ligand4619-0
17,IQUFAB__ligand1493-0
18,IQUFAB__ligand2718-0
19,IQUFAB__ligand3070-0
20,IQUFAB__ligand3035-0
21,IQUFAB__ligand1-0
22,IQUFAB__ligand9176-0
23,IQUFAB__ligand7550-0
24,IQUFAB__ligand119-0
25,IQUFAB__ligand92-0
26,IQUFAB__ligand3-0
27,IQUFAB__ligand2954-0
28,IQUFAB__ligand5093-0
29,IQUFAB__ligand1160-0
30,IQUFAB__ligand2253-0
31,IQUFAB__ligand1038-0
32,IQUFAB__ligand124-0
33,IQUFAB__ligand17-0
34,IQUFAB__ligand2762-0
35,IQUFAB__ligand1907-0
36,IQUFAB__ligand4423-0
37,IQUFAB__ligand244-0
38,IQUFAB__ligand201-0
39,IQUFAB__ligand3890-0
40,IQUFAB__ligand100-0
41,IQUFAB__ligand178-0
42,IQUFAB__ligand279-0
43,IQUFAB__ligand7630-0
44,IQUFAB__ligand321-0
45,IQUFAB__ligand1555-0
46,IQUFAB__ligand1285-0
47,IQUFAB__ligand141-0
48,IQUFAB__ligand240-0
49,IQUFAB__ligand2707-0
50,IQUFAB__ligand1690-0
51,IQUFAB__ligand2526-0
52,IQUFAB__ligand1551-0
53,IQUFAB__ligand4012-0
54,IQUFAB__ligand3196-0
55,IQUFAB__ligand120-0
56,IQUFAB__ligand384-0
57,IQUFAB__ligand2915-0
58,IQUFAB__ligand4175-0
59,IQUFAB__ligand11-0
60,IQUFAB__ligand757-0
61,IQUFAB__ligand2255-0
62,IQUFAB__ligand1918-0
63,IQUFAB__ligand797-0
64,IQUFAB__ligand4370-0
65,IQUFAB__ligand1436-0
66,IQUFAB__ligand2618-0
67,IQUFAB__ligand3618-0
68,IQUFAB__ligand509-0
69,IQUFAB__ligand4894-0
70,IQUFAB__ligand1260-0
71,IQUFAB__ligand9620-0
72,IQUFAB__ligand4811-0
73,IQUFAB__ligand1449-1
74,IQUFAB__ligand571-0
75,IQUFAB__ligand670-0
76,IQUFAB__ligand7514-0
77,IQUFAB__ligand3337-0
78,IQUFAB__ligand118-0
79,IQUFAB__ligand365-0
80,IQUFAB__ligand3566-0
81,IQUFAB__ligand1178-0
82,IQUFAB__ligand278-0
83,IQUFAB__ligand1321-0
84,IQUFAB__ligand32-0
85,IQUFAB__ligand1788-0
86,IQUFAB__ligand669-0
87,IQUFAB__ligand358-0
88,IQUFAB__ligand430-0
89,IQUFAB__ligand6166-0
90,IQUFAB__ligand1246-0
91,IQUFAB__ligand2599-0
92,IQUFAB__ligand5089-0
93,IQUFAB__ligand2853-0
94,IQUFAB__ligand48-0
95,IQUFAB__ligand3853-0
96,IQUFAB__ligand11730-0
97,IQUFAB__ligand91-0
98,IQUFAB__ligand29-0
99,IQUFAB__ligand1307-0
100,IQUFAB__ligand226-0
101,IQUFAB__ligand51-0
102,IQUFAB__ligand162-0
103,IQUFAB__ligand383-0
104,IQUFAB__ligand2389-0
105,IQUFAB__ligand532-0
106,IQUFAB__ligand95-0
107,IQUFAB__ligand918-0
108,IQUFAB__ligand633-0
109,IQUFAB__ligand497-0
110,IQUFAB__ligand1919-0
111,IQUFAB__ligand4-0
112,IQUFAB__ligand2916-0
113,IQUFAB__ligand2110-0
114,IQUFAB__ligand838-0
115,IQUFAB__ligand3579-0
116,IQUFAB__ligand1712-0
117,IQUFAB__ligand166-0
118,IQUFAB__ligand55-0
119,IQUFAB__ligand436-0
120,IQUFAB__ligand8032-0
121,IQUFAB__ligand34-0
122,IQUFAB__ligand206-0
123,IQUFAB__ligand1858-0
124,IQUFAB__ligand142-0
125,IQUFAB__ligand2315-0
126,IQUFAB__ligand283-0
127,IQUFAB__ligand2480-0
128,IQUFAB__ligand553-0
129,IQUFAB__ligand4504-0
130,IQUFAB__ligand3051-0
131,IQUFAB__ligand1898-0
132,IQUFAB__ligand5334-0
133,IQUFAB__ligand326-0
134,IQUFAB__ligand821-0
135,IQUFAB__ligand2482-0
136,IQUFAB__ligand1325-0
137,IQUFAB__ligand6571-0
138,IQUFAB__ligand361-0
139,IQUFAB__ligand324-0
140,IQUFAB__ligand409-0
141,IQUFAB__ligand1104-0
142,IQUFAB__ligand5762-0
143,IQUFAB__ligand7414-0
144,IQUFAB__ligand105-0
145,IQUFAB__ligand140-0
146,IQUFAB__ligand2442-0
147,IQUFAB__ligand1019-0
148,IQUFAB__ligand73-0
149,IQUFAB__ligand6430-0
150,IQUFAB__ligand1299-0
151,IQUFAB__ligand1221-0
152,IQUFAB__ligand1264-0
153,IQUFAB__ligand199-0
154,IQUFAB__ligand57-0
155,IQUFAB__ligand1379-0
156,IQUFAB__ligand927-0
157,IQUFAB__ligand2376-0
158,IQUFAB__ligand575-0
159,IQUFAB__ligand2929-0
160,IQUFAB__ligand6-0
161,IQUFAB__ligand916-0
162,IQUFAB__ligand584-0
163,IQUFAB__ligand2880-0
164,IQUFAB__ligand5941-0
165,IQUFAB__ligand1799-0
166,IQUFAB__ligand3838-0
167,IQUFAB__ligand66-0
168,IQUFAB__ligand2838-0
169,IQUFAB__ligand798-0
170,IQUFAB__ligand421-0
171,IQUFAB__ligand5022-0
172,IQUFAB__ligand1169-0
173,IQUFAB__ligand331-0
174,IQUFAB__ligand993-0
175,IQUFAB__ligand294-0
176,IQUFAB__ligand109-0
177,IQUFAB__ligand560-0
178,IQUFAB__ligand2864-0
179,IQUFAB__ligand525-0
180,IQUFAB__ligand9495-0
181,IQUFAB__ligand2772-0
182,IQUFAB__ligand235-0
183,IQUFAB__ligand6151-0
184,IQUFAB__ligand6538-0
185,IQUFAB__ligand932-0
186,IQUFAB__ligand134-0
187,IQUFAB__ligand390-0
188,IQUFAB__ligand2142-0
189,IQUFAB__ligand136-0
190,IQUFAB__ligand40-0
191,IQUFAB__ligand442-0
192,IQUFAB__ligand1273-0
193,IQUFAB__ligand868-0
194,IQUFAB__ligand783-0
195,IQUFAB__ligand352-0
196,IQUFAB__ligand38-0
197,IQUFAB__ligand1052-0
198,IQUFAB__ligand1502-0
199,IQUFAB__ligand1835-0
200,IQUFAB__ligand2794-0
201,IQUFAB__ligand296-0
202,IQUFAB__ligand2345-0
203,IQUFAB__ligand4983-0
204,IQUFAB__ligand197-0
205,IQUFAB__ligand9027-0
206,IQUFAB__ligand21-0
207,IQUFAB__ligand112-0
208,IQUFAB__ligand2265-0
209,IQUFAB__ligand1113-0
210,IQUFAB__ligand6396-0
211,IQUFAB__ligand8-0
212,IQUFAB__ligand193-0
213,IQUFAB__ligand18-0
214,IQUFAB__ligand1607-0
215,IQUFAB__ligand830-0
216,IQUFAB__ligand1152-0
217,IQUFAB__ligand955-0
218,IQUFAB__ligand1727-0
219,IQUFAB__ligand252-0
220,IQUFAB__ligand2907-0
221,IQUFAB__ligand177-0
222,IQUFAB__ligand934-0
223,IQUFAB__ligand2430-0
224,IQUFAB__ligand1703-0
225,IQUFAB__ligand909-0
226,IQUFAB__ligand1056-0
227,IQUFAB__ligand2320-0
228,IQUFAB__ligand2862-0
229,IQUFAB__ligand1567-0
230,IQUFAB__ligand2285-0
231,IQUFAB__ligand8921-0
232,IQUFAB__ligand851-0
233,IQUFAB__ligand2510-0
234,IQUFAB__ligand6294-0
235,IQUFAB__ligand1054-0
236,IQUFAB__ligand86-0
237,IQUFAB__ligand1598-0
238,IQUFAB__ligand1248-0
239,IQUFAB__ligand4303-0
240,IQUFAB__ligand311-0
241,IQUFAB__ligand444-0
242,IQUFAB__ligand369-0
243,IQUFAB__ligand7464-0
244,IQUFAB__ligand188-0
245,IQUFAB__ligand10357-0
246,IQUFAB__ligand460-0
247,IQUFAB__ligand15630-0
248,IQUFAB__ligand250-0
249,IQUFAB__ligand62-0
250,IQUFAB__ligand8774-0
251,IQUFAB__ligand3637-0
252,IQUFAB__ligand370-0
253,IQUFAB__ligand353-0
254,IQUFAB__ligand2629-0
255,IQUFAB__ligand4381-0
256,IQUFAB__ligand1706-0
257,IQUFAB__ligand236-0
258,IQUFAB__ligand3734-0
259,IQUFAB__ligand1951-0
260,IQUFAB__ligand422-0
261,IQUFAB__ligand1687-0
262,IQUFAB__ligand113-0
263,IQUFAB__ligand6277-0
264,IQUFAB__ligand1376-0
265,IQUFAB__ligand502-0
266,IQUFAB__ligand196-0
267,IQUFAB__ligand2768-0
268,IQUFAB__ligand2259-0
269,IQUFAB__ligand2688-0
270,IQUFAB__ligand1459-0
271,IQUFAB__ligand1544-0
272,IQUFAB__ligand1685-0
273,IQUFAB__ligand2087-0
274,IQUFAB__ligand1048-0
275,IQUFAB__ligand210-0
276,IQUFAB__ligand3757-0
277,IQUFAB__ligand67-0
278,IQUFAB__ligand391-0
279,IQUFAB__ligand1171-0
280,IQUFAB__ligand170-0
281,IQUFAB__ligand3063-0
282,IQUFAB__ligand1438-0
283,IQUFAB__ligand314-0
284,IQUFAB__ligand5801-0
285,IQUFAB__ligand481-0
286,IQUFAB__ligand3246-0
287,IQUFAB__ligand1148-0
288,IQUFAB__ligand485-0
289,IQUFAB__ligand784-0
290,IQUFAB__ligand355-0
291,IQUFAB__ligand10910-0
292,IQUFAB__ligand1479-0
293,IQUFAB__ligand1228-0
294,IQUFAB__ligand9244-0
295,IQUFAB__ligand291-0
296,IQUFAB__ligand115-0
297,IQUFAB__ligand14530-0
298,IQUFAB__ligand1114-0
299,IQUFAB__ligand1538-0
300,IQUFAB__ligand2751-0
301,IQUFAB__ligand682-0
302,IQUFAB__ligand10479-0
303,IQUFAB__ligand1542-0
304,IQUFAB__ligand2634-0
305,IQUFAB__ligand3041-0
306,IQUFAB__ligand3178-0
307,IQUFAB__ligand6332-0
308,IQUFAB__ligand487-0
309,IQUFAB__ligand85-0
310,IQUFAB__ligand2098-0
311,IQUFAB__ligand6502-0
312,IQUFAB__ligand666-0
313,IQUFAB__ligand10114-0
314,IQUFAB__ligand2863-0
315,IQUFAB__ligand522-0
316,IQUFAB__ligand78-0
317,IQUFAB__ligand7915-0
318,IQUFAB__ligand45-0
319,IQUFAB__ligand5548-0
320,IQUFAB__ligand133-0
321,IQUFAB__ligand1747-0
322,IQUFAB__ligand6686-0
323,IQUFAB__ligand447-0
324,IQUFAB__ligand3145-0
