,TMC
0,YAVJUD__ligand2629-0
1,YAVJUD__ligand4381-0
2,YAVJUD__ligand1706-0
3,YAVJUD__ligand3734-0
4,YAVJUD__ligand240-0
5,YAVJUD__ligand141-0
6,YAVJUD__ligand120-0
7,YAVJUD__ligand1376-0
8,YAVJUD__ligand2768-0
9,YAVJUD__ligand2259-0
10,YAVJUD__ligand2688-0
11,YAVJUD__ligand384-0
12,YAVJUD__ligand45-0
13,YAVJUD__ligand1951-0
14,YAVJUD__ligand78-0
15,YAVJUD__ligand85-0
16,YAVJUD__ligand1687-0
17,YAVJUD__ligand6277-0
18,YAVJUD__ligand797-0
19,YAVJUD__ligand1685-0
20,YAVJUD__ligand2087-0
21,YAVJUD__ligand1048-0
22,YAVJUD__ligand3757-0
23,YAVJUD__ligand1459-0
24,YAVJUD__ligand757-0
25,YAVJUD__ligand1544-0
26,YAVJUD__ligand3063-0
27,YAVJUD__ligand1438-0
28,YAVJUD__ligand5801-0
29,YAVJUD__ligand1171-0
30,YAVJUD__ligand1148-0
31,YAVJUD__ligand4-0
32,YAVJUD__ligand67-0
33,YAVJUD__ligand1479-0
34,YAVJUD__ligand596-0
35,YAVJUD__ligand612-0
36,YAVJUD__ligand187-0
37,YAVJUD__ligand366-0
38,YAVJUD__ligand861-0
39,YAVJUD__ligand3246-0
40,YAVJUD__ligand1114-0
41,YAVJUD__ligand1538-0
42,YAVJUD__ligand1228-0
43,YAVJUD__ligand9244-0
44,YAVJUD__ligand126-0
45,YAVJUD__ligand1542-0
46,YAVJUD__ligand2634-0
47,YAVJUD__ligand3041-0
48,YAVJUD__ligand124-0
49,YAVJUD__ligand119-0
50,YAVJUD__ligand2751-0
51,YAVJUD__ligand7915-0
52,YAVJUD__ligand279-0
53,YAVJUD__ligand5548-0
54,YAVJUD__ligand1747-0
55,YAVJUD__ligand6686-0
56,YAVJUD__ligand178-0
57,YAVJUD__ligand321-0
58,YAVJUD__ligand3145-0
59,YAVJUD__ligand3178-0
60,YAVJUD__ligand6-0
61,YAVJUD__ligand6332-0
62,YAVJUD__ligand2098-0
63,YAVJUD__ligand6502-0
64,YAVJUD__ligand100-0
65,YAVJUD__ligand201-0
66,YAVJUD__ligand2863-0
67,YAVJUD__ligand244-0
68,YAVJUD__ligand5022-0
69,YAVJUD__ligand838-0
70,YAVJUD__ligand1169-0
71,YAVJUD__ligand166-0
72,YAVJUD__ligand2880-0
73,YAVJUD__ligand5941-0
74,YAVJUD__ligand633-0
75,YAVJUD__ligand918-0
76,YAVJUD__ligand532-0
77,YAVJUD__ligand3838-0
78,YAVJUD__ligand1799-0
79,YAVJUD__ligand2838-0
80,YAVJUD__ligand86-0
81,YAVJUD__ligand497-0
82,YAVJUD__ligand9495-0
83,YAVJUD__ligand553-0
84,YAVJUD__ligand2772-0
85,YAVJUD__ligand6151-0
86,YAVJUD__ligand6538-0
87,YAVJUD__ligand283-0
88,YAVJUD__ligand821-0
89,YAVJUD__ligand326-0
90,YAVJUD__ligand2142-0
91,YAVJUD__ligand436-0
92,YAVJUD__ligand1-0
93,YAVJUD__ligand62-0
94,YAVJUD__ligand142-0
95,YAVJUD__ligand2864-0
96,YAVJUD__ligand206-0
97,YAVJUD__ligand3-0
98,YAVJUD__ligand1052-0
99,YAVJUD__ligand140-0
100,YAVJUD__ligand105-0
101,YAVJUD__ligand409-0
102,YAVJUD__ligand324-0
103,YAVJUD__ligand361-0
104,YAVJUD__ligand1273-0
105,YAVJUD__ligand18-0
106,YAVJUD__ligand9027-0
107,YAVJUD__ligand575-0
108,YAVJUD__ligand2265-0
109,YAVJUD__ligand1113-0
110,YAVJUD__ligand6396-0
111,YAVJUD__ligand1502-0
112,YAVJUD__ligand1835-0
113,YAVJUD__ligand927-0
114,YAVJUD__ligand2794-0
115,YAVJUD__ligand2345-0
116,YAVJUD__ligand4983-0
117,YAVJUD__ligand199-0
118,YAVJUD__ligand1152-0
119,YAVJUD__ligand38-0
120,YAVJUD__ligand118-0
121,YAVJUD__ligand670-0
122,YAVJUD__ligand1727-0
123,YAVJUD__ligand571-0
124,YAVJUD__ligand509-0
125,YAVJUD__ligand1607-0
126,YAVJUD__ligand40-0
127,YAVJUD__ligand669-0
128,YAVJUD__ligand1056-0
129,YAVJUD__ligand2320-0
130,YAVJUD__ligand2862-0
131,YAVJUD__ligand1567-0
132,YAVJUD__ligand430-0
133,YAVJUD__ligand2285-0
134,YAVJUD__ligand8921-0
135,YAVJUD__ligand358-0
136,YAVJUD__ligand11730-0
137,YAVJUD__ligand21-0
138,YAVJUD__ligand2510-0
139,YAVJUD__ligand2907-0
140,YAVJUD__ligand365-0
141,YAVJUD__ligand278-0
142,YAVJUD__ligand2430-0
143,YAVJUD__ligand1703-0
144,YAVJUD__ligand7464-0
145,YAVJUD__ligand6294-0
146,YAVJUD__ligand1054-0
147,YAVJUD__ligand1598-0
148,YAVJUD__ligand66-0
149,YAVJUD__ligand1248-0
150,YAVJUD__ligand4303-0
151,YAVJUD__ligand162-0
152,YAVJUD__ligand8774-0
153,YAVJUD__ligand226-0
154,YAVJUD__ligand3637-0
155,YAVJUD__ligand383-0
156,YAVJUD__ligand73-0
157,YAVJUD__ligand1449-1
158,YAVJUD__ligand4811-0
159,YAVJUD__ligand252-0
160,YAVJUD__ligand7514-0
161,YAVJUD__ligand955-0
162,YAVJUD__ligand3337-0
163,YAVJUD__ligand193-0
164,YAVJUD__ligand4894-0
165,YAVJUD__ligand1260-0
166,YAVJUD__ligand9620-0
167,YAVJUD__ligand830-0
168,YAVJUD__ligand1788-0
169,YAVJUD__ligand909-0
170,YAVJUD__ligand10357-0
171,YAVJUD__ligand851-0
172,YAVJUD__ligand15630-0
173,YAVJUD__ligand57-0
174,YAVJUD__ligand3566-0
175,YAVJUD__ligand1178-0
176,YAVJUD__ligand934-0
177,YAVJUD__ligand177-0
178,YAVJUD__ligand1321-0
179,YAVJUD__ligand55-0
180,YAVJUD__ligand2599-0
181,YAVJUD__ligand5089-0
182,YAVJUD__ligand369-0
183,YAVJUD__ligand444-0
184,YAVJUD__ligand2853-0
185,YAVJUD__ligand3853-0
186,YAVJUD__ligand188-0
187,YAVJUD__ligand6166-0
188,YAVJUD__ligand1246-0
189,YAVJUD__ligand95-0
190,YAVJUD__ligand311-0
191,YAVJUD__ligand370-0
192,YAVJUD__ligand460-0
193,YAVJUD__ligand34-0
194,YAVJUD__ligand250-0
195,YAVJUD__ligand1307-0
196,YAVJUD__ligand2110-0
197,YAVJUD__ligand331-0
198,YAVJUD__ligand2916-0
199,YAVJUD__ligand48-0
200,YAVJUD__ligand3579-0
201,YAVJUD__ligand1712-0
202,YAVJUD__ligand294-0
203,YAVJUD__ligand993-0
204,YAVJUD__ligand2389-0
205,YAVJUD__ligand584-0
206,YAVJUD__ligand916-0
207,YAVJUD__ligand1919-0
208,YAVJUD__ligand421-0
209,YAVJUD__ligand798-0
210,YAVJUD__ligand134-0
211,YAVJUD__ligand2315-0
212,YAVJUD__ligand932-0
213,YAVJUD__ligand235-0
214,YAVJUD__ligand2480-0
215,YAVJUD__ligand3051-0
216,YAVJUD__ligand4504-0
217,YAVJUD__ligand1898-0
218,YAVJUD__ligand5334-0
219,YAVJUD__ligand390-0
220,YAVJUD__ligand51-0
221,YAVJUD__ligand29-0
222,YAVJUD__ligand91-0
223,YAVJUD__ligand8032-0
224,YAVJUD__ligand525-0
225,YAVJUD__ligand560-0
226,YAVJUD__ligand109-0
227,YAVJUD__ligand1858-0
228,YAVJUD__ligand352-0
229,YAVJUD__ligand783-0
230,YAVJUD__ligand1104-0
231,YAVJUD__ligand5762-0
232,YAVJUD__ligand7414-0
233,YAVJUD__ligand2442-0
234,YAVJUD__ligand1019-0
235,YAVJUD__ligand2482-0
236,YAVJUD__ligand1325-0
237,YAVJUD__ligand136-0
238,YAVJUD__ligand6571-0
239,YAVJUD__ligand868-0
240,YAVJUD__ligand442-0
241,YAVJUD__ligand2376-0
242,YAVJUD__ligand112-0
243,YAVJUD__ligand2929-0
244,YAVJUD__ligand32-0
245,YAVJUD__ligand6430-0
246,YAVJUD__ligand1299-0
247,YAVJUD__ligand1264-0
248,YAVJUD__ligand1221-0
249,YAVJUD__ligand1379-0
250,YAVJUD__ligand197-0
251,YAVJUD__ligand296-0
252,YAVJUD__ligand355-0
253,YAVJUD__ligand784-0
254,YAVJUD__ligand10479-0
255,YAVJUD__ligand485-0
256,YAVJUD__ligand7456-0
257,YAVJUD__ligand1818-0
258,YAVJUD__ligand3852-0
259,YAVJUD__ligand3478-0
260,YAVJUD__ligand5758-0
261,YAVJUD__ligand11-0
262,YAVJUD__ligand115-0
263,YAVJUD__ligand1493-0
264,YAVJUD__ligand10114-0
265,YAVJUD__ligand2718-0
266,YAVJUD__ligand3035-0
267,YAVJUD__ligand3070-0
268,YAVJUD__ligand9176-0
269,YAVJUD__ligand3251-0
270,YAVJUD__ligand6143-0
271,YAVJUD__ligand5235-0
272,YAVJUD__ligand291-0
273,YAVJUD__ligand4619-0
274,YAVJUD__ligand5093-0
275,YAVJUD__ligand2954-0
276,YAVJUD__ligand1160-0
277,YAVJUD__ligand2253-0
278,YAVJUD__ligand1038-0
279,YAVJUD__ligand2762-0
280,YAVJUD__ligand682-0
281,YAVJUD__ligand10910-0
282,YAVJUD__ligand7550-0
283,YAVJUD__ligand133-0
284,YAVJUD__ligand7630-0
285,YAVJUD__ligand447-0
286,YAVJUD__ligand1555-0
287,YAVJUD__ligand1285-0
288,YAVJUD__ligand14530-0
289,YAVJUD__ligand8-0
290,YAVJUD__ligand1907-0
291,YAVJUD__ligand487-0
292,YAVJUD__ligand4423-0
293,YAVJUD__ligand522-0
294,YAVJUD__ligand3890-0
295,YAVJUD__ligand666-0
296,YAVJUD__ligand17-0
297,YAVJUD__ligand2526-0
298,YAVJUD__ligand1551-0
299,YAVJUD__ligand236-0
300,YAVJUD__ligand2707-0
301,YAVJUD__ligand1690-0
302,YAVJUD__ligand353-0
303,YAVJUD__ligand92-0
304,YAVJUD__ligand196-0
305,YAVJUD__ligand502-0
306,YAVJUD__ligand2915-0
307,YAVJUD__ligand422-0
308,YAVJUD__ligand3196-0
309,YAVJUD__ligand4012-0
310,YAVJUD__ligand113-0
311,YAVJUD__ligand1918-0
312,YAVJUD__ligand89-0
313,YAVJUD__ligand210-0
314,YAVJUD__ligand4175-0
315,YAVJUD__ligand49-0
316,YAVJUD__ligand2255-0
317,YAVJUD__ligand1436-0
318,YAVJUD__ligand481-0
319,YAVJUD__ligand314-0
320,YAVJUD__ligand2618-0
321,YAVJUD__ligand3618-0
322,YAVJUD__ligand4370-0
323,YAVJUD__ligand391-0
324,YAVJUD__ligand170-0
