,TMC
0,PHASCR__ligand18757-0
1,PHASCR__ligand24560-0
2,PHASCR__ligand7293-0
3,PHASCR__ligand2822-0
4,PHASCR__ligand187-0
5,PHASCR__ligand3867-0
6,PHASCR__ligand1317-0
7,PHASCR__ligand20844-0
8,PHASCR__ligand18413-0
9,PHASCR__ligand24624-0
10,PHASCR__ligand657-0
11,PHASCR__ligand2238-0
12,PHASCR__ligand366-0
13,PHASCR__ligand5304-0
14,PHASCR__ligand9167-0
15,PHASCR__ligand14339-0
16,PHASCR__ligand5080-0
17,PHASCR__ligand7762-0
18,PHASCR__ligand30788-0
19,PHASCR__ligand777-0
20,PHASCR__ligand13691-0
21,PHASCR__ligand941-0
22,PHASCR__ligand596-0
23,PHASCR__ligand21752-0
24,PHASCR__ligand6117-0
25,PHASCR__ligand1407-0
26,PHASCR__ligand8002-0
27,PHASCR__ligand5509-0
28,PHASCR__ligand25048-0
29,PHASCR__ligand2221-0
30,PHASCR__ligand21940-0
31,PHASCR__ligand3926-0
32,PHASCR__ligand3120-0
33,PHASCR__ligand4358-0
34,PHASCR__ligand27122-0
35,PHASCR__ligand20432-0
36,PHASCR__ligand16133-0
37,PHASCR__ligand13755-0
38,PHASCR__ligand23445-0
39,PHASCR__ligand24953-0
40,PHASCR__ligand4101-0
41,PHASCR__ligand126-0
42,PHASCR__ligand5595-0
43,PHASCR__ligand163-0
44,PHASCR__ligand5510-0
45,PHASCR__ligand1376-0
46,PHASCR__ligand9773-0
47,PHASCR__ligand20557-0
48,PHASCR__ligand30004-0
49,PHASCR__ligand8592-0
50,PHASCR__ligand5099-0
51,PHASCR__ligand1197-0
52,PHASCR__ligand2259-0
53,PHASCR__ligand845-0
54,PHASCR__ligand1296-0
55,PHASCR__ligand21448-0
56,PHASCR__ligand22357-0
57,PHASCR__ligand6699-0
58,PHASCR__ligand11758-0
59,PHASCR__ligand29214-0
60,PHASCR__ligand1294-0
61,PHASCR__ligand1168-0
62,PHASCR__ligand11544-0
63,PHASCR__ligand11501-0
64,PHASCR__ligand3677-0
65,PHASCR__ligand3632-0
66,PHASCR__ligand338-0
67,PHASCR__ligand17069-0
68,PHASCR__ligand1211-0
69,PHASCR__ligand14477-0
70,PHASCR__ligand17445-0
71,PHASCR__ligand6892-0
72,PHASCR__ligand12413-0
73,PHASCR__ligand2881-0
74,PHASCR__ligand29334-0
75,PHASCR__ligand20731-0
76,PHASCR__ligand1499-0
77,PHASCR__ligand3712-0
78,PHASCR__ligand1464-0
79,PHASCR__ligand11798-0
80,PHASCR__ligand2693-0
81,PHASCR__ligand5383-0
82,PHASCR__ligand29565-0
83,PHASCR__ligand23682-0
84,PHASCR__ligand18158-0
85,PHASCR__ligand3945-0
86,PHASCR__ligand27771-0
87,PHASCR__ligand8000-0
88,PHASCR__ligand11-0
89,PHASCR__ligand3736-0
90,PHASCR__ligand20942-1
91,PHASCR__ligand201-0
92,PHASCR__ligand16956-0
93,PHASCR__ligand14226-0
94,PHASCR__ligand21339-0
95,PHASCR__ligand9344-0
96,PHASCR__ligand3677-1
97,PHASCR__ligand9883-0
98,PHASCR__ligand27550-0
99,PHASCR__ligand178-0
100,PHASCR__ligand69-0
101,PHASCR__ligand7291-0
102,PHASCR__ligand185-0
103,PHASCR__ligand279-0
104,PHASCR__ligand321-0
105,PHASCR__ligand9299-0
106,PHASCR__ligand18019-1
107,PHASCR__ligand14007-0
108,PHASCR__ligand2985-0
109,PHASCR__ligand4007-0
110,PHASCR__ligand141-0
111,PHASCR__ligand29813-0
112,PHASCR__ligand16952-0
113,PHASCR__ligand240-0
114,PHASCR__ligand20220-0
115,PHASCR__ligand15387-0
116,PHASCR__ligand5387-0
117,PHASCR__ligand2203-0
118,PHASCR__ligand1289-0
119,PHASCR__ligand20121-0
120,PHASCR__ligand1599-0
121,PHASCR__ligand24851-0
122,PHASCR__ligand20530-0
123,PHASCR__ligand11698-0
124,PHASCR__ligand14302-0
125,PHASCR__ligand2612-0
126,PHASCR__ligand13657-0
127,PHASCR__ligand14347-0
128,PHASCR__ligand27610-0
129,PHASCR__ligand10479-0
130,PHASCR__ligand11479-0
131,PHASCR__ligand29441-0
132,PHASCR__ligand10853-0
133,PHASCR__ligand9450-0
134,PHASCR__ligand19668-0
135,PHASCR__ligand1228-0
136,PHASCR__ligand9943-0
137,PHASCR__ligand19906-0
138,PHASCR__ligand1604-0
139,PHASCR__ligand768-0
140,PHASCR__ligand22353-0
141,PHASCR__ligand8788-0
142,PHASCR__ligand1832-0
143,PHASCR__ligand49-0
144,PHASCR__ligand2043-0
145,PHASCR__ligand89-0
146,PHASCR__ligand2417-0
147,PHASCR__ligand1114-0
148,PHASCR__ligand10151-0
149,PHASCR__ligand384-0
150,PHASCR__ligand9284-0
151,PHASCR__ligand6391-0
152,PHASCR__ligand3126-0
153,PHASCR__ligand9323-0
154,PHASCR__ligand122-0
155,PHASCR__ligand7273-0
156,PHASCR__ligand19824-0
157,PHASCR__ligand18067-0
158,PHASCR__ligand7172-0
159,PHASCR__ligand11252-0
160,PHASCR__ligand2124-0
161,PHASCR__ligand8612-0
162,PHASCR__ligand10582-0
163,PHASCR__ligand1116-0
164,PHASCR__ligand1153-0
165,PHASCR__ligand3225-0
166,PHASCR__ligand757-0
167,PHASCR__ligand2260-0
168,PHASCR__ligand7092-0
169,PHASCR__ligand13260-0
170,PHASCR__ligand5708-0
171,PHASCR__ligand7316-0
172,PHASCR__ligand11606-0
173,PHASCR__ligand31000-0
174,PHASCR__ligand6017-0
175,PHASCR__ligand5180-0
176,PHASCR__ligand26673-0
177,PHASCR__ligand20821-0
178,PHASCR__ligand16870-0
179,PHASCR__ligand3178-0
180,PHASCR__ligand11622-0
181,PHASCR__ligand4807-0
182,PHASCR__ligand5159-0
183,PHASCR__ligand7196-0
184,PHASCR__ligand11814-0
185,PHASCR__ligand9753-0
186,PHASCR__ligand5530-0
187,PHASCR__ligand16603-0
188,PHASCR__ligand1787-0
189,PHASCR__ligand1356-0
190,PHASCR__ligand693-0
191,PHASCR__ligand17-0
192,PHASCR__ligand17686-0
193,PHASCR__ligand25658-0
194,PHASCR__ligand5649-0
195,PHASCR__ligand2788-0
196,PHASCR__ligand31205-0
197,PHASCR__ligand8793-0
198,PHASCR__ligand4649-0
199,PHASCR__ligand3244-0
200,PHASCR__ligand4711-0
201,PHASCR__ligand11177-0
202,PHASCR__ligand15455-0
203,PHASCR__ligand2906-0
204,PHASCR__ligand4596-0
205,PHASCR__ligand1498-0
206,PHASCR__ligand22403-0
207,PHASCR__ligand34-0
208,PHASCR__ligand9615-0
209,PHASCR__ligand20695-0
210,PHASCR__ligand27754-0
211,PHASCR__ligand8-0
212,PHASCR__ligand16369-0
213,PHASCR__ligand28540-0
214,PHASCR__ligand1154-0
215,PHASCR__ligand11111-0
216,PHASCR__ligand8529-0
217,PHASCR__ligand29215-0
218,PHASCR__ligand1169-0
219,PHASCR__ligand26631-0
220,PHASCR__ligand16148-0
221,PHASCR__ligand571-0
222,PHASCR__ligand534-0
223,PHASCR__ligand12003-0
224,PHASCR__ligand670-0
225,PHASCR__ligand21399-0
226,PHASCR__ligand10872-0
227,PHASCR__ligand19927-0
228,PHASCR__ligand28559-0
229,PHASCR__ligand26324-0
230,PHASCR__ligand14043-0
231,PHASCR__ligand21729-0
232,PHASCR__ligand1015-0
233,PHASCR__ligand27239-0
234,PHASCR__ligand1050-0
235,PHASCR__ligand2027-0
236,PHASCR__ligand68-0
237,PHASCR__ligand55-0
238,PHASCR__ligand4262-0
239,PHASCR__ligand694-0
240,PHASCR__ligand1028-0
241,PHASCR__ligand26529-0
242,PHASCR__ligand2692-0
243,PHASCR__ligand488-0
244,PHASCR__ligand11618-0
245,PHASCR__ligand1618-0
246,PHASCR__ligand430-0
247,PHASCR__ligand358-0
248,PHASCR__ligand3471-0
249,PHASCR__ligand4161-0
250,PHASCR__ligand4124-0
251,PHASCR__ligand31694-0
252,PHASCR__ligand696-0
253,PHASCR__ligand29486-0
254,PHASCR__ligand57-0
255,PHASCR__ligand5415-0
256,PHASCR__ligand17427-0
257,PHASCR__ligand3180-0
258,PHASCR__ligand11949-0
259,PHASCR__ligand2650-0
260,PHASCR__ligand2281-0
261,PHASCR__ligand22129-0
262,PHASCR__ligand4340-0
263,PHASCR__ligand12138-0
264,PHASCR__ligand24780-0
265,PHASCR__ligand25561-0
266,PHASCR__ligand2823-0
267,PHASCR__ligand656-0
268,PHASCR__ligand6995-0
269,PHASCR__ligand9944-0
270,PHASCR__ligand27840-0
271,PHASCR__ligand8593-0
272,PHASCR__ligand30728-0
273,PHASCR__ligand24872-0
274,PHASCR__ligand7566-0
275,PHASCR__ligand10033-0
276,PHASCR__ligand24644-0
277,PHASCR__ligand2001-0
278,PHASCR__ligand12001-0
279,PHASCR__ligand14569-0
280,PHASCR__ligand5201-0
281,PHASCR__ligand13385-0
282,PHASCR__ligand226-0
283,PHASCR__ligand24111-0
284,PHASCR__ligand22444-0
285,PHASCR__ligand162-0
286,PHASCR__ligand1113-0
287,PHASCR__ligand13220-0
288,PHASCR__ligand383-0
289,PHASCR__ligand11587-0
290,PHASCR__ligand8553-0
291,PHASCR__ligand17396-0
292,PHASCR__ligand416-0
293,PHASCR__ligand23175-0
294,PHASCR__ligand15788-0
295,PHASCR__ligand16663-0
296,PHASCR__ligand5515-0
297,PHASCR__ligand6663-0
298,PHASCR__ligand5280-0
299,PHASCR__ligand14614-0
300,PHASCR__ligand633-0
301,PHASCR__ligand5614-0
302,PHASCR__ligand1831-0
303,PHASCR__ligand24035-0
304,PHASCR__ligand497-0
305,PHASCR__ligand31842-0
306,PHASCR__ligand31044-0
307,PHASCR__ligand11994-0
308,PHASCR__ligand1216-0
309,PHASCR__ligand11682-0
310,PHASCR__ligand30711-0
311,PHASCR__ligand20207-0
312,PHASCR__ligand1152-0
313,PHASCR__ligand3261-0
314,PHASCR__ligand5019-0
315,PHASCR__ligand16988-0
316,PHASCR__ligand25913-0
317,PHASCR__ligand1849-0
318,PHASCR__ligand32-0
319,PHASCR__ligand4710-0
320,PHASCR__ligand11970-0
321,PHASCR__ligand5755-0
322,PHASCR__ligand3144-0
323,PHASCR__ligand15883-0
324,PHASCR__ligand436-0
325,PHASCR__ligand5085-0
326,PHASCR__ligand6112-0
327,PHASCR__ligand28810-0
328,PHASCR__ligand692-0
329,PHASCR__ligand11096-0
330,PHASCR__ligand11447-0
331,PHASCR__ligand24230-0
332,PHASCR__ligand8042-0
333,PHASCR__ligand16-0
334,PHASCR__ligand1397-0
335,PHASCR__ligand15926-0
336,PHASCR__ligand7213-0
337,PHASCR__ligand19792-0
338,PHASCR__ligand1828-0
339,PHASCR__ligand10828-0
340,PHASCR__ligand5630-0
341,PHASCR__ligand10056-0
342,PHASCR__ligand12365-0
343,PHASCR__ligand13862-0
344,PHASCR__ligand11357-0
345,PHASCR__ligand15531-0
346,PHASCR__ligand1786-0
347,PHASCR__ligand28743-0
348,PHASCR__ligand326-0
349,PHASCR__ligand28930-0
350,PHASCR__ligand4795-0
351,PHASCR__ligand22168-0
352,PHASCR__ligand3285-0
353,PHASCR__ligand22294-0
354,PHASCR__ligand21919-0
355,PHASCR__ligand1908-0
356,PHASCR__ligand27285-0
357,PHASCR__ligand9750-0
358,PHASCR__ligand29029-0
359,PHASCR__ligand6993-0
360,PHASCR__ligand1817-0
361,PHASCR__ligand1779-0
362,PHASCR__ligand91-0
363,PHASCR__ligand1149-0
364,PHASCR__ligand23197-0
365,PHASCR__ligand3980-0
366,PHASCR__ligand3557-0
367,PHASCR__ligand409-0
368,PHASCR__ligand7075-0
369,PHASCR__ligand324-0
370,PHASCR__ligand361-0
371,PHASCR__ligand1288-0
372,PHASCR__ligand4167-0
373,PHASCR__ligand14167-0
374,PHASCR__ligand13477-0
375,PHASCR__ligand51-0
376,PHASCR__ligand9491-0
377,PHASCR__ligand30142-0
378,PHASCR__ligand1400-0
379,PHASCR__ligand4266-0
380,PHASCR__ligand27669-0
381,PHASCR__ligand19184-0
382,PHASCR__ligand1150-0
383,PHASCR__ligand1539-0
384,PHASCR__ligand4207-0
385,PHASCR__ligand199-0
386,PHASCR__ligand3453-0
387,PHASCR__ligand18448-0
388,PHASCR__ligand3416-0
389,PHASCR__ligand12453-0
390,PHASCR__ligand28459-0
391,PHASCR__ligand588-0
392,PHASCR__ligand48-0
393,PHASCR__ligand10371-0
394,PHASCR__ligand3042-0
395,PHASCR__ligand300-0
396,PHASCR__ligand13672-0
397,PHASCR__ligand28685-0
398,PHASCR__ligand4063-0
399,PHASCR__ligand18568-0
400,PHASCR__ligand7438-0
401,PHASCR__ligand8200-0
402,PHASCR__ligand20740-0
403,PHASCR__ligand28468-0
404,PHASCR__ligand7529-0
405,PHASCR__ligand12427-0
406,PHASCR__ligand16628-0
407,PHASCR__ligand685-0
408,PHASCR__ligand6946-0
409,PHASCR__ligand1415-0
410,PHASCR__ligand421-0
411,PHASCR__ligand9148-0
412,PHASCR__ligand27460-0
413,PHASCR__ligand30333-0
414,PHASCR__ligand5483-0
415,PHASCR__ligand12606-0
416,PHASCR__ligand5316-0
417,PHASCR__ligand17281-0
418,PHASCR__ligand2830-0
419,PHASCR__ligand30296-0
420,PHASCR__ligand12337-0
421,PHASCR__ligand5627-0
422,PHASCR__ligand29410-0
423,PHASCR__ligand294-0
424,PHASCR__ligand26540-0
425,PHASCR__ligand1729-0
426,PHASCR__ligand4332-0
427,PHASCR__ligand31783-0
428,PHASCR__ligand9681-0
429,PHASCR__ligand17258-0
430,PHASCR__ligand1065-0
431,PHASCR__ligand14297-0
432,PHASCR__ligand14603-0
433,PHASCR__ligand7530-0
434,PHASCR__ligand26665-0
435,PHASCR__ligand1449-0
436,PHASCR__ligand17631-0
437,PHASCR__ligand3012-0
438,PHASCR__ligand18-0
439,PHASCR__ligand13012-0
440,PHASCR__ligand560-0
441,PHASCR__ligand235-0
442,PHASCR__ligand18832-0
443,PHASCR__ligand27175-0
444,PHASCR__ligand23713-0
445,PHASCR__ligand134-0
446,PHASCR__ligand2403-0
447,PHASCR__ligand30988-0
448,PHASCR__ligand27893-0
449,PHASCR__ligand14723-0
450,PHASCR__ligand6882-0
451,PHASCR__ligand6455-0
452,PHASCR__ligand19641-0
453,PHASCR__ligand15422-0
454,PHASCR__ligand3934-0
455,PHASCR__ligand12934-0
456,PHASCR__ligand20578-0
457,PHASCR__ligand24145-0
458,PHASCR__ligand15585-0
459,PHASCR__ligand12401-0
460,PHASCR__ligand2068-0
461,PHASCR__ligand19830-0
462,PHASCR__ligand13068-0
463,PHASCR__ligand7925-0
464,PHASCR__ligand10476-0
465,PHASCR__ligand12130-0
466,PHASCR__ligand17387-0
467,PHASCR__ligand3973-0
468,PHASCR__ligand12289-0
469,PHASCR__ligand18292-0
470,PHASCR__ligand13658-0
471,PHASCR__ligand26702-0
472,PHASCR__ligand12231-0
473,PHASCR__ligand1147-0
474,PHASCR__ligand868-0
475,PHASCR__ligand17302-0
476,PHASCR__ligand2599-0
477,PHASCR__ligand17805-0
478,PHASCR__ligand4330-0
479,PHASCR__ligand783-0
480,PHASCR__ligand352-0
481,PHASCR__ligand4194-0
482,PHASCR__ligand23769-0
483,PHASCR__ligand24185-0
484,PHASCR__ligand25178-0
485,PHASCR__ligand7532-0
486,PHASCR__ligand12641-0
487,PHASCR__ligand6062-0
488,PHASCR__ligand4813-0
489,PHASCR__ligand5813-0
490,PHASCR__ligand10958-0
491,PHASCR__ligand4738-0
492,PHASCR__ligand14108-0
493,PHASCR__ligand6283-0
494,PHASCR__ligand197-0
495,PHASCR__ligand7107-0
496,PHASCR__ligand18814-0
497,PHASCR__ligand19057-0
498,PHASCR__ligand13425-0
499,PHASCR__ligand29302-0
500,PHASCR__ligand3215-0
501,PHASCR__ligand27763-0
502,PHASCR__ligand10262-0
503,PHASCR__ligand28676-0
504,PHASCR__ligand29879-0
505,PHASCR__ligand14248-0
506,PHASCR__ligand12030-0
507,PHASCR__ligand193-0
508,PHASCR__ligand1496-0
509,PHASCR__ligand28884-0
510,PHASCR__ligand7557-0
511,PHASCR__ligand13331-0
512,PHASCR__ligand830-0
513,PHASCR__ligand1533-0
514,PHASCR__ligand372-0
515,PHASCR__ligand13294-0
516,PHASCR__ligand31832-0
517,PHASCR__ligand25411-0
518,PHASCR__ligand5094-0
519,PHASCR__ligand5892-0
520,PHASCR__ligand116-0
521,PHASCR__ligand14174-0
522,PHASCR__ligand4131-0
523,PHASCR__ligand10712-0
524,PHASCR__ligand1712-0
525,PHASCR__ligand11456-0
526,PHASCR__ligand252-0
527,PHASCR__ligand42-0
528,PHASCR__ligand1900-0
529,PHASCR__ligand9197-0
530,PHASCR__ligand20682-0
531,PHASCR__ligand3029-0
532,PHASCR__ligand66-0
533,PHASCR__ligand7162-0
534,PHASCR__ligand13390-0
535,PHASCR__ligand2328-0
536,PHASCR__ligand177-0
537,PHASCR__ligand1773-0
538,PHASCR__ligand4581-0
539,PHASCR__ligand3350-0
540,PHASCR__ligand7573-0
541,PHASCR__ligand2781-0
542,PHASCR__ligand909-0
543,PHASCR__ligand9809-0
544,PHASCR__ligand6672-0
545,PHASCR__ligand1327-0
546,PHASCR__ligand8722-0
547,PHASCR__ligand26810-0
548,PHASCR__ligand27482-0
549,PHASCR__ligand2208-0
550,PHASCR__ligand13208-0
551,PHASCR__ligand3208-0
552,PHASCR__ligand21371-0
553,PHASCR__ligand17118-0
554,PHASCR__ligand20419-0
555,PHASCR__ligand564-0
556,PHASCR__ligand370-1
557,PHASCR__ligand8464-0
558,PHASCR__ligand1709-0
559,PHASCR__ligand28789-0
560,PHASCR__ligand8349-0
561,PHASCR__ligand620-0
562,PHASCR__ligand2527-0
563,PHASCR__ligand29568-0
564,PHASCR__ligand785-0
565,PHASCR__ligand311-0
566,PHASCR__ligand479-0
567,PHASCR__ligand14889-0
568,PHASCR__ligand30851-0
569,PHASCR__ligand20251-0
570,PHASCR__ligand30702-0
571,PHASCR__ligand20214-0
572,PHASCR__ligand20539-0
573,PHASCR__ligand21581-0
574,PHASCR__ligand31097-0
575,PHASCR__ligand5849-0
576,PHASCR__ligand14117-0
577,PHASCR__ligand1771-0
578,PHASCR__ligand4911-0
579,PHASCR__ligand17261-0
580,PHASCR__ligand3392-0
581,PHASCR__ligand188-0
582,PHASCR__ligand16475-0
583,PHASCR__ligand14703-0
584,PHASCR__ligand1165-0
585,PHASCR__ligand9525-0
586,PHASCR__ligand3157-0
587,PHASCR__ligand1379-0
588,PHASCR__ligand2722-0
589,PHASCR__ligand250-0
590,PHASCR__ligand5935-0
591,PHASCR__ligand20251-1
592,PHASCR__ligand17982-0
593,PHASCR__ligand29414-0
594,PHASCR__ligand20011-0
595,PHASCR__ligand17278-0
596,PHASCR__ligand1768-0
597,PHASCR__ligand3871-0
598,PHASCR__ligand38-0
599,PHASCR__ligand1469-0
600,PHASCR__ligand4-0
601,PHASCR__ligand1688-0
602,PHASCR__ligand17398-0
603,PHASCR__ligand3647-0
604,PHASCR__ligand5357-0
605,PHASCR__ligand370-0
606,PHASCR__ligand24047-0
607,PHASCR__ligand22557-0
608,PHASCR__ligand10589-0
609,PHASCR__ligand20598-0
610,PHASCR__ligand4850-0
611,PHASCR__ligand11675-0
612,PHASCR__ligand5056-0
613,PHASCR__ligand3852-0
614,PHASCR__ligand2485-0
615,PHASCR__ligand6919-0
616,PHASCR__ligand15168-0
617,PHASCR__ligand24064-0
618,PHASCR__ligand3565-0
619,PHASCR__ligand1512-0
620,PHASCR__ligand5331-0
621,PHASCR__ligand23589-0
622,PHASCR__ligand353-0
623,PHASCR__ligand8969-0
624,PHASCR__ligand3131-0
625,PHASCR__ligand3937-0
626,PHASCR__ligand1202-0
627,PHASCR__ligand3174-0
628,PHASCR__ligand6839-0
629,PHASCR__ligand393-0
630,PHASCR__ligand4720-0
631,PHASCR__ligand26277-0
632,PHASCR__ligand29898-0
633,PHASCR__ligand4155-0
634,PHASCR__ligand3094-0
635,PHASCR__ligand22755-0
636,PHASCR__ligand31618-0
637,PHASCR__ligand5211-0
638,PHASCR__ligand11432-0
639,PHASCR__ligand10432-0
640,PHASCR__ligand24750-0
641,PHASCR__ligand422-0
642,PHASCR__ligand9908-0
643,PHASCR__ligand1263-0
644,PHASCR__ligand686-0
645,PHASCR__ligand7106-0
646,PHASCR__ligand17945-0
647,PHASCR__ligand18013-0
648,PHASCR__ligand25224-0
649,PHASCR__ligand31578-0
650,PHASCR__ligand7242-0
651,PHASCR__ligand17207-0
652,PHASCR__ligand4661-0
653,PHASCR__ligand1844-0
654,PHASCR__ligand29087-0
655,PHASCR__ligand3718-0
656,PHASCR__ligand18703-0
657,PHASCR__ligand6616-0
658,PHASCR__ligand3035-0
659,PHASCR__ligand1343-0
660,PHASCR__ligand3876-0
661,PHASCR__ligand196-0
662,PHASCR__ligand28924-0
663,PHASCR__ligand1573-0
664,PHASCR__ligand1536-0
665,PHASCR__ligand3-0
666,PHASCR__ligand15438-0
667,PHASCR__ligand9935-0
668,PHASCR__ligand3504-0
669,PHASCR__ligand1959-0
670,PHASCR__ligand1304-0
671,PHASCR__ligand1790-0
672,PHASCR__ligand78-0
673,PHASCR__ligand7280-0
674,PHASCR__ligand13072-0
675,PHASCR__ligand12336-0
676,PHASCR__ligand314-1
677,PHASCR__ligand7238-0
678,PHASCR__ligand4016-0
679,PHASCR__ligand1-0
680,PHASCR__ligand6709-0
681,PHASCR__ligand1219-0
682,PHASCR__ligand7867-0
683,PHASCR__ligand465-0
684,PHASCR__ligand3954-0
685,PHASCR__ligand4093-0
686,PHASCR__ligand4442-0
687,PHASCR__ligand8699-0
688,PHASCR__ligand12682-0
689,PHASCR__ligand1160-0
690,PHASCR__ligand18699-0
691,PHASCR__ligand9520-0
692,PHASCR__ligand9784-0
693,PHASCR__ligand17240-0
694,PHASCR__ligand45-0
695,PHASCR__ligand7629-0
696,PHASCR__ligand4272-0
697,PHASCR__ligand17590-0
698,PHASCR__ligand1451-0
699,PHASCR__ligand2232-0
700,PHASCR__ligand391-0
701,PHASCR__ligand9291-0
702,PHASCR__ligand11568-0
703,PHASCR__ligand2176-0
704,PHASCR__ligand20579-0
705,PHASCR__ligand17710-0
706,PHASCR__ligand5256-0
707,PHASCR__ligand9833-0
708,PHASCR__ligand7648-0
709,PHASCR__ligand21421-0
710,PHASCR__ligand8876-0
711,PHASCR__ligand2828-0
712,PHASCR__ligand24-0
713,PHASCR__ligand11774-0
714,PHASCR__ligand14586-0
715,PHASCR__ligand4157-0
716,PHASCR__ligand618-0
717,PHASCR__ligand24613-0
718,PHASCR__ligand19725-0
719,PHASCR__ligand4546-0
720,PHASCR__ligand4503-0
721,PHASCR__ligand19-0
722,PHASCR__ligand10555-0
723,PHASCR__ligand1982-0
724,PHASCR__ligand314-0
725,PHASCR__ligand7000-0
726,PHASCR__ligand780-0
727,PHASCR__ligand8115-0
728,PHASCR__ligand31483-0
729,PHASCR__ligand6768-0
730,PHASCR__ligand1285-0
731,PHASCR__ligand813-0
732,PHASCR__ligand4116-0
733,PHASCR__ligand1018-0
734,PHASCR__ligand7967-0
735,PHASCR__ligand29863-0
736,PHASCR__ligand6124-0
737,PHASCR__ligand3707-0
738,PHASCR__ligand18074-0
739,PHASCR__ligand13869-0
740,PHASCR__ligand9601-0
741,PHASCR__ligand368-0
742,PHASCR__ligand29610-0
743,PHASCR__ligand8992-0
744,PHASCR__ligand11140-0
745,PHASCR__ligand395-0
746,PHASCR__ligand1615-0
747,PHASCR__ligand5036-0
748,PHASCR__ligand2526-0
749,PHASCR__ligand16791-0
750,PHASCR__ligand784-0
751,PHASCR__ligand9111-0
752,PHASCR__ligand9952-0
753,PHASCR__ligand28668-0
754,PHASCR__ligand8721-0
755,PHASCR__ligand1324-0
756,PHASCR__ligand18465-0
757,PHASCR__ligand18799-0
758,PHASCR__ligand1823-0
759,PHASCR__ligand5643-0
760,PHASCR__ligand27074-0
761,PHASCR__ligand9933-0
762,PHASCR__ligand1575-0
763,PHASCR__ligand1530-0
764,PHASCR__ligand25805-0
765,PHASCR__ligand22981-0
766,PHASCR__ligand20599-0
767,PHASCR__ligand1631-0
768,PHASCR__ligand833-0
769,PHASCR__ligand2332-0
770,PHASCR__ligand9441-0
771,PHASCR__ligand27169-0
772,PHASCR__ligand14523-0
773,PHASCR__ligand18391-0
774,PHASCR__ligand1378-0
775,PHASCR__ligand25267-0
776,PHASCR__ligand10084-0
777,PHASCR__ligand115-0
778,PHASCR__ligand6244-0
779,PHASCR__ligand12467-0
780,PHASCR__ligand13257-0
781,PHASCR__ligand21936-0
782,PHASCR__ligand2915-0
783,PHASCR__ligand3156-0
784,PHASCR__ligand23904-0
785,PHASCR__ligand152-0
786,PHASCR__ligand3465-0
787,PHASCR__ligand30539-0
788,PHASCR__ligand6102-0
789,PHASCR__ligand6596-0
790,PHASCR__ligand6904-0
791,PHASCR__ligand3721-0
792,PHASCR__ligand43-0
793,PHASCR__ligand23906-0
794,PHASCR__ligand7819-0
795,PHASCR__ligand2917-0
796,PHASCR__ligand21132-0
797,PHASCR__ligand11166-0
798,PHASCR__ligand12295-0
799,PHASCR__ligand6067-0
800,PHASCR__ligand1577-0
801,PHASCR__ligand2295-0
802,PHASCR__ligand27835-0
803,PHASCR__ligand21787-0
804,PHASCR__ligand25575-0
805,PHASCR__ligand25689-0
806,PHASCR__ligand506-0
807,PHASCR__ligand4620-0
808,PHASCR__ligand12660-0
809,PHASCR__ligand19257-0
810,PHASCR__ligand13209-0
811,PHASCR__ligand487-0
812,PHASCR__ligand4641-0
813,PHASCR__ligand31248-0
814,PHASCR__ligand25650-0
815,PHASCR__ligand8835-0
816,PHASCR__ligand67-0
817,PHASCR__ligand2028-0
818,PHASCR__ligand7126-0
819,PHASCR__ligand176-0
820,PHASCR__ligand746-0
821,PHASCR__ligand3234-0
822,PHASCR__ligand1142-0
823,PHASCR__ligand12519-0
824,PHASCR__ligand25735-0
825,PHASCR__ligand11206-0
826,PHASCR__ligand447-0
827,PHASCR__ligand23124-0
