,TMC
0,RUPFEN__ligand3178-0
1,RUPFEN__ligand685-0
2,RUPFEN__ligand4807-0
3,RUPFEN__ligand19184-0
4,RUPFEN__ligand28459-0
5,RUPFEN__ligand5159-0
6,RUPFEN__ligand12453-0
7,RUPFEN__ligand7196-0
8,RUPFEN__ligand18448-0
9,RUPFEN__ligand9753-0
10,RUPFEN__ligand421-0
11,RUPFEN__ligand1787-0
12,RUPFEN__ligand1356-0
13,RUPFEN__ligand5530-0
14,RUPFEN__ligand10371-0
15,RUPFEN__ligand4649-0
16,RUPFEN__ligand8793-0
17,RUPFEN__ligand5649-0
18,RUPFEN__ligand2788-0
19,RUPFEN__ligand294-0
20,RUPFEN__ligand43-0
21,RUPFEN__ligand18568-0
22,RUPFEN__ligand28685-0
23,RUPFEN__ligand4711-0
24,RUPFEN__ligand3244-0
25,RUPFEN__ligand2906-0
26,RUPFEN__ligand13672-0
27,RUPFEN__ligand9323-0
28,RUPFEN__ligand7273-0
29,RUPFEN__ligand29029-0
30,RUPFEN__ligand27285-0
31,RUPFEN__ligand7172-0
32,RUPFEN__ligand2124-0
33,RUPFEN__ligand560-0
34,RUPFEN__ligand8612-0
35,RUPFEN__ligand7092-0
36,RUPFEN__ligand2260-0
37,RUPFEN__ligand1153-0
38,RUPFEN__ligand3225-0
39,RUPFEN__ligand1116-0
40,RUPFEN__ligand23197-0
41,RUPFEN__ligand67-0
42,RUPFEN__ligand5708-0
43,RUPFEN__ligand134-0
44,RUPFEN__ligand7316-0
45,RUPFEN__ligand235-0
46,RUPFEN__ligand6017-0
47,RUPFEN__ligand27669-0
48,RUPFEN__ligand5180-0
49,RUPFEN__ligand30142-0
50,RUPFEN__ligand13477-0
51,RUPFEN__ligand14167-0
52,RUPFEN__ligand15883-0
53,RUPFEN__ligand1228-0
54,RUPFEN__ligand9943-0
55,RUPFEN__ligand1604-0
56,RUPFEN__ligand11970-0
57,RUPFEN__ligand10828-0
58,RUPFEN__ligand19792-0
59,RUPFEN__ligand868-0
60,RUPFEN__ligand1832-0
61,RUPFEN__ligand15926-0
62,RUPFEN__ligand8788-0
63,RUPFEN__ligand24230-0
64,RUPFEN__ligand11447-0
65,RUPFEN__ligand11096-0
66,RUPFEN__ligand2043-0
67,RUPFEN__ligand28810-0
68,RUPFEN__ligand28743-0
69,RUPFEN__ligand15531-0
70,RUPFEN__ligand13862-0
71,RUPFEN__ligand11357-0
72,RUPFEN__ligand783-0
73,RUPFEN__ligand352-0
74,RUPFEN__ligand12365-0
75,RUPFEN__ligand10056-0
76,RUPFEN__ligand2417-0
77,RUPFEN__ligand1114-0
78,RUPFEN__ligand21919-0
79,RUPFEN__ligand9284-0
80,RUPFEN__ligand22294-0
81,RUPFEN__ligand22168-0
82,RUPFEN__ligand28930-0
83,RUPFEN__ligand6391-0
84,RUPFEN__ligand3126-0
85,RUPFEN__ligand14614-0
86,RUPFEN__ligand16663-0
87,RUPFEN__ligand11994-0
88,RUPFEN__ligand31044-0
89,RUPFEN__ligand197-0
90,RUPFEN__ligand31842-0
91,RUPFEN__ligand2203-0
92,RUPFEN__ligand5387-0
93,RUPFEN__ligand24035-0
94,RUPFEN__ligand1289-0
95,RUPFEN__ligand1599-0
96,RUPFEN__ligand30711-0
97,RUPFEN__ligand20207-0
98,RUPFEN__ligand11682-0
99,RUPFEN__ligand2612-0
100,RUPFEN__ligand25913-0
101,RUPFEN__ligand9450-0
102,RUPFEN__ligand16988-0
103,RUPFEN__ligand2693-0
104,RUPFEN__ligand5383-0
105,RUPFEN__ligand24872-0
106,RUPFEN__ligand45-0
107,RUPFEN__ligand30728-0
108,RUPFEN__ligand3945-0
109,RUPFEN__ligand193-0
110,RUPFEN__ligand27840-0
111,RUPFEN__ligand372-0
112,RUPFEN__ligand8000-0
113,RUPFEN__ligand12001-0
114,RUPFEN__ligand3736-0
115,RUPFEN__ligand830-0
116,RUPFEN__ligand9344-0
117,RUPFEN__ligand24644-0
118,RUPFEN__ligand10033-0
119,RUPFEN__ligand22444-0
120,RUPFEN__ligand3-0
121,RUPFEN__ligand24111-0
122,RUPFEN__ligand3677-1
123,RUPFEN__ligand9883-0
124,RUPFEN__ligand13385-0
125,RUPFEN__ligand7291-0
126,RUPFEN__ligand14569-0
127,RUPFEN__ligand15788-0
128,RUPFEN__ligand23175-0
129,RUPFEN__ligand252-0
130,RUPFEN__ligand9299-0
131,RUPFEN__ligand17396-0
132,RUPFEN__ligand116-0
133,RUPFEN__ligand11587-0
134,RUPFEN__ligand4007-0
135,RUPFEN__ligand13220-0
136,RUPFEN__ligand2985-0
137,RUPFEN__ligand78-0
138,RUPFEN__ligand29486-0
139,RUPFEN__ligand6699-0
140,RUPFEN__ligand31694-0
141,RUPFEN__ligand1294-0
142,RUPFEN__ligand19-0
143,RUPFEN__ligand17427-0
144,RUPFEN__ligand177-0
145,RUPFEN__ligand1168-0
146,RUPFEN__ligand3632-0
147,RUPFEN__ligand3677-0
148,RUPFEN__ligand24780-0
149,RUPFEN__ligand12138-0
150,RUPFEN__ligand22129-0
151,RUPFEN__ligand1211-0
152,RUPFEN__ligand11949-0
153,RUPFEN__ligand24-0
154,RUPFEN__ligand909-0
155,RUPFEN__ligand6892-0
156,RUPFEN__ligand2881-0
157,RUPFEN__ligand1499-0
158,RUPFEN__ligand3712-0
159,RUPFEN__ligand1464-0
160,RUPFEN__ligand25561-0
161,RUPFEN__ligand2221-0
162,RUPFEN__ligand370-1
163,RUPFEN__ligand14043-0
164,RUPFEN__ligand620-0
165,RUPFEN__ligand26324-0
166,RUPFEN__ligand28559-0
167,RUPFEN__ligand3120-0
168,RUPFEN__ligand3926-0
169,RUPFEN__ligand4358-0
170,RUPFEN__ligand19927-0
171,RUPFEN__ligand564-0
172,RUPFEN__ligand785-0
173,RUPFEN__ligand311-0
174,RUPFEN__ligand479-0
175,RUPFEN__ligand5595-0
176,RUPFEN__ligand27239-0
177,RUPFEN__ligand4101-0
178,RUPFEN__ligand21729-0
179,RUPFEN__ligand26529-0
180,RUPFEN__ligand1376-0
181,RUPFEN__ligand5510-0
182,RUPFEN__ligand9773-0
183,RUPFEN__ligand5099-0
184,RUPFEN__ligand8592-0
185,RUPFEN__ligand1197-0
186,RUPFEN__ligand188-0
187,RUPFEN__ligand2259-0
188,RUPFEN__ligand11618-0
189,RUPFEN__ligand1296-0
190,RUPFEN__ligand1317-0
191,RUPFEN__ligand3867-0
192,RUPFEN__ligand2822-0
193,RUPFEN__ligand7293-0
194,RUPFEN__ligand22403-0
195,RUPFEN__ligand1-0
196,RUPFEN__ligand11111-0
197,RUPFEN__ligand28540-0
198,RUPFEN__ligand2238-0
199,RUPFEN__ligand16369-0
200,RUPFEN__ligand5304-0
201,RUPFEN__ligand27754-0
202,RUPFEN__ligand20695-0
203,RUPFEN__ligand250-0
204,RUPFEN__ligand9167-0
205,RUPFEN__ligand7762-0
206,RUPFEN__ligand5080-0
207,RUPFEN__ligand29215-0
208,RUPFEN__ligand10872-0
209,RUPFEN__ligand21399-0
210,RUPFEN__ligand12003-0
211,RUPFEN__ligand6117-0
212,RUPFEN__ligand1407-0
213,RUPFEN__ligand370-0
214,RUPFEN__ligand16148-0
215,RUPFEN__ligand26631-0
216,RUPFEN__ligand5509-0
217,RUPFEN__ligand8002-0
218,RUPFEN__ligand11622-0
219,RUPFEN__ligand1150-0
220,RUPFEN__ligand1539-0
221,RUPFEN__ligand16870-0
222,RUPFEN__ligand4207-0
223,RUPFEN__ligand16603-0
224,RUPFEN__ligand353-0
225,RUPFEN__ligand3416-0
226,RUPFEN__ligand11814-0
227,RUPFEN__ligand3453-0
228,RUPFEN__ligand31205-0
229,RUPFEN__ligand393-0
230,RUPFEN__ligand25658-0
231,RUPFEN__ligand17686-0
232,RUPFEN__ligand3042-0
233,RUPFEN__ligand15455-0
234,RUPFEN__ligand4063-0
235,RUPFEN__ligand11177-0
236,RUPFEN__ligand7438-0
237,RUPFEN__ligand8200-0
238,RUPFEN__ligand18067-0
239,RUPFEN__ligand422-0
240,RUPFEN__ligand19824-0
241,RUPFEN__ligand9750-0
242,RUPFEN__ligand1817-0
243,RUPFEN__ligand6993-0
244,RUPFEN__ligand1779-0
245,RUPFEN__ligand1149-0
246,RUPFEN__ligand3557-0
247,RUPFEN__ligand13260-0
248,RUPFEN__ligand3980-0
249,RUPFEN__ligand38-0
250,RUPFEN__ligand10582-0
251,RUPFEN__ligand686-0
252,RUPFEN__ligand11252-0
253,RUPFEN__ligand7075-0
254,RUPFEN__ligand196-0
255,RUPFEN__ligand31000-0
256,RUPFEN__ligand11606-0
257,RUPFEN__ligand1288-0
258,RUPFEN__ligand20821-0
259,RUPFEN__ligand4167-0
260,RUPFEN__ligand26673-0
261,RUPFEN__ligand9491-0
262,RUPFEN__ligand4266-0
263,RUPFEN__ligand1400-0
264,RUPFEN__ligand42-0
265,RUPFEN__ligand5755-0
266,RUPFEN__ligand314-1
267,RUPFEN__ligand4710-0
268,RUPFEN__ligand19906-0
269,RUPFEN__ligand5085-0
270,RUPFEN__ligand3144-0
271,RUPFEN__ligand19668-0
272,RUPFEN__ligand6112-0
273,RUPFEN__ligand8042-0
274,RUPFEN__ligand7213-0
275,RUPFEN__ligand1397-0
276,RUPFEN__ligand1828-0
277,RUPFEN__ligand22353-0
278,RUPFEN__ligand4-0
279,RUPFEN__ligand5630-0
280,RUPFEN__ligand465-0
281,RUPFEN__ligand1786-0
282,RUPFEN__ligand4795-0
283,RUPFEN__ligand3285-0
284,RUPFEN__ligand10151-0
285,RUPFEN__ligand1908-0
286,RUPFEN__ligand6663-0
287,RUPFEN__ligand16952-0
288,RUPFEN__ligand29813-0
289,RUPFEN__ligand5515-0
290,RUPFEN__ligand1831-0
291,RUPFEN__ligand5614-0
292,RUPFEN__ligand5280-0
293,RUPFEN__ligand391-0
294,RUPFEN__ligand20121-0
295,RUPFEN__ligand618-0
296,RUPFEN__ligand15387-0
297,RUPFEN__ligand20220-0
298,RUPFEN__ligand14347-0
299,RUPFEN__ligand13657-0
300,RUPFEN__ligand1216-0
301,RUPFEN__ligand14302-0
302,RUPFEN__ligand11698-0
303,RUPFEN__ligand20530-0
304,RUPFEN__ligand3261-0
305,RUPFEN__ligand1152-0
306,RUPFEN__ligand24851-0
307,RUPFEN__ligand5019-0
308,RUPFEN__ligand66-0
309,RUPFEN__ligand1849-0
310,RUPFEN__ligand813-0
311,RUPFEN__ligand10853-0
312,RUPFEN__ligand29441-0
313,RUPFEN__ligand314-0
314,RUPFEN__ligand780-0
315,RUPFEN__ligand11479-0
316,RUPFEN__ligand27610-0
317,RUPFEN__ligand10479-0
318,RUPFEN__ligand8593-0
319,RUPFEN__ligand27771-0
320,RUPFEN__ligand9944-0
321,RUPFEN__ligand18158-0
322,RUPFEN__ligand23682-0
323,RUPFEN__ligand29565-0
324,RUPFEN__ligand7566-0
325,RUPFEN__ligand395-0
326,RUPFEN__ligand21339-0
327,RUPFEN__ligand368-0
328,RUPFEN__ligand14226-0
329,RUPFEN__ligand16956-0
330,RUPFEN__ligand2001-0
331,RUPFEN__ligand20942-1
332,RUPFEN__ligand784-0
333,RUPFEN__ligand5201-0
334,RUPFEN__ligand27550-0
335,RUPFEN__ligand1113-0
336,RUPFEN__ligand14007-0
337,RUPFEN__ligand8553-0
338,RUPFEN__ligand18019-1
339,RUPFEN__ligand4124-0
340,RUPFEN__ligand3471-0
341,RUPFEN__ligand4161-0
342,RUPFEN__ligand11758-0
343,RUPFEN__ligand833-0
344,RUPFEN__ligand22357-0
345,RUPFEN__ligand21448-0
346,RUPFEN__ligand5415-0
347,RUPFEN__ligand11501-0
348,RUPFEN__ligand11544-0
349,RUPFEN__ligand29214-0
350,RUPFEN__ligand3180-0
351,RUPFEN__ligand17445-0
352,RUPFEN__ligand115-0
353,RUPFEN__ligand14477-0
354,RUPFEN__ligand4340-0
355,RUPFEN__ligand2650-0
356,RUPFEN__ligand2281-0
357,RUPFEN__ligand17069-0
358,RUPFEN__ligand11798-0
359,RUPFEN__ligand2823-0
360,RUPFEN__ligand20731-0
361,RUPFEN__ligand29334-0
362,RUPFEN__ligand6995-0
363,RUPFEN__ligand12413-0
364,RUPFEN__ligand21940-0
365,RUPFEN__ligand152-0
366,RUPFEN__ligand25048-0
367,RUPFEN__ligand1050-0
368,RUPFEN__ligand1015-0
369,RUPFEN__ligand24953-0
370,RUPFEN__ligand23445-0
371,RUPFEN__ligand13755-0
372,RUPFEN__ligand16133-0
373,RUPFEN__ligand2027-0
374,RUPFEN__ligand20432-0
375,RUPFEN__ligand27122-0
376,RUPFEN__ligand4262-0
377,RUPFEN__ligand1028-0
378,RUPFEN__ligand2692-0
379,RUPFEN__ligand1618-0
380,RUPFEN__ligand506-0
381,RUPFEN__ligand30004-0
382,RUPFEN__ligand20557-0
383,RUPFEN__ligand4596-0
384,RUPFEN__ligand24624-0
385,RUPFEN__ligand1498-0
386,RUPFEN__ligand487-0
387,RUPFEN__ligand18413-0
388,RUPFEN__ligand20844-0
389,RUPFEN__ligand24560-0
390,RUPFEN__ligand18757-0
391,RUPFEN__ligand9615-0
392,RUPFEN__ligand1154-0
393,RUPFEN__ligand13691-0
394,RUPFEN__ligand8529-0
395,RUPFEN__ligand30788-0
396,RUPFEN__ligand18-0
397,RUPFEN__ligand176-0
398,RUPFEN__ligand1169-0
399,RUPFEN__ligand14339-0
400,RUPFEN__ligand447-0
401,RUPFEN__ligand21752-0
402,RUPFEN__ligand746-0
403,RUPFEN__ligand1165-0
404,RUPFEN__ligand51-0
405,RUPFEN__ligand9525-0
406,RUPFEN__ligand13209-0
407,RUPFEN__ligand657-0
408,RUPFEN__ligand19257-0
409,RUPFEN__ligand3157-0
410,RUPFEN__ligand12660-0
411,RUPFEN__ligand187-0
412,RUPFEN__ligand1379-0
413,RUPFEN__ligand366-0
414,RUPFEN__ligand2722-0
415,RUPFEN__ligand25650-0
416,RUPFEN__ligand31248-0
417,RUPFEN__ligand5935-0
418,RUPFEN__ligand777-0
419,RUPFEN__ligand1768-0
420,RUPFEN__ligand3871-0
421,RUPFEN__ligand1469-0
422,RUPFEN__ligand23124-0
423,RUPFEN__ligand1688-0
424,RUPFEN__ligand91-0
425,RUPFEN__ligand5357-0
426,RUPFEN__ligand11206-0
427,RUPFEN__ligand3647-0
428,RUPFEN__ligand941-0
429,RUPFEN__ligand596-0
430,RUPFEN__ligand25735-0
431,RUPFEN__ligand12519-0
432,RUPFEN__ligand5056-0
433,RUPFEN__ligand4850-0
434,RUPFEN__ligand1709-0
435,RUPFEN__ligand8464-0
436,RUPFEN__ligand30539-0
437,RUPFEN__ligand8349-0
438,RUPFEN__ligand2527-0
439,RUPFEN__ligand48-0
440,RUPFEN__ligand11166-0
441,RUPFEN__ligand126-0
442,RUPFEN__ligand163-0
443,RUPFEN__ligand21132-0
444,RUPFEN__ligand23906-0
445,RUPFEN__ligand27835-0
446,RUPFEN__ligand12295-0
447,RUPFEN__ligand5849-0
448,RUPFEN__ligand4911-0
449,RUPFEN__ligand1771-0
450,RUPFEN__ligand845-0
451,RUPFEN__ligand3392-0
452,RUPFEN__ligand25689-0
453,RUPFEN__ligand25575-0
454,RUPFEN__ligand21787-0
455,RUPFEN__ligand1900-0
456,RUPFEN__ligand20599-0
457,RUPFEN__ligand22981-0
458,RUPFEN__ligand25805-0
459,RUPFEN__ligand32-0
460,RUPFEN__ligand9197-0
461,RUPFEN__ligand27074-0
462,RUPFEN__ligand18391-0
463,RUPFEN__ligand3029-0
464,RUPFEN__ligand14523-0
465,RUPFEN__ligand27169-0
466,RUPFEN__ligand7162-0
467,RUPFEN__ligand2328-0
468,RUPFEN__ligand4581-0
469,RUPFEN__ligand1773-0
470,RUPFEN__ligand12467-0
471,RUPFEN__ligand2781-0
472,RUPFEN__ligand7573-0
473,RUPFEN__ligand3350-0
474,RUPFEN__ligand10084-0
475,RUPFEN__ligand338-0
476,RUPFEN__ligand1327-0
477,RUPFEN__ligand9809-0
478,RUPFEN__ligand6672-0
479,RUPFEN__ligand25267-0
480,RUPFEN__ligand8722-0
481,RUPFEN__ligand23904-0
482,RUPFEN__ligand21936-0
483,RUPFEN__ligand3208-0
484,RUPFEN__ligand2208-0
485,RUPFEN__ligand13257-0
486,RUPFEN__ligand13869-0
487,RUPFEN__ligand18074-0
488,RUPFEN__ligand29863-0
489,RUPFEN__ligand7557-0
490,RUPFEN__ligand1496-0
491,RUPFEN__ligand11140-0
492,RUPFEN__ligand29610-0
493,RUPFEN__ligand1533-0
494,RUPFEN__ligand201-0
495,RUPFEN__ligand28668-0
496,RUPFEN__ligand185-0
497,RUPFEN__ligand279-0
498,RUPFEN__ligand5892-0
499,RUPFEN__ligand5094-0
500,RUPFEN__ligand16-0
501,RUPFEN__ligand16791-0
502,RUPFEN__ligand178-0
503,RUPFEN__ligand1712-0
504,RUPFEN__ligand4131-0
505,RUPFEN__ligand18799-0
506,RUPFEN__ligand18465-0
507,RUPFEN__ligand321-0
508,RUPFEN__ligand20579-0
509,RUPFEN__ligand17710-0
510,RUPFEN__ligand6062-0
511,RUPFEN__ligand11568-0
512,RUPFEN__ligand240-0
513,RUPFEN__ligand5813-0
514,RUPFEN__ligand4813-0
515,RUPFEN__ligand141-0
516,RUPFEN__ligand4738-0
517,RUPFEN__ligand14586-0
518,RUPFEN__ligand11774-0
519,RUPFEN__ligand21421-0
520,RUPFEN__ligand6283-0
521,RUPFEN__ligand7107-0
522,RUPFEN__ligand19725-0
523,RUPFEN__ligand24613-0
524,RUPFEN__ligand57-0
525,RUPFEN__ligand3215-0
526,RUPFEN__ligand31483-0
527,RUPFEN__ligand10555-0
528,RUPFEN__ligand8-0
529,RUPFEN__ligand768-0
530,RUPFEN__ligand12336-0
531,RUPFEN__ligand2068-0
532,RUPFEN__ligand13072-0
533,RUPFEN__ligand7925-0
534,RUPFEN__ligand3973-0
535,RUPFEN__ligand1147-0
536,RUPFEN__ligand18699-0
537,RUPFEN__ligand12682-0
538,RUPFEN__ligand2599-0
539,RUPFEN__ligand4330-0
540,RUPFEN__ligand17590-0
541,RUPFEN__ligand4194-0
542,RUPFEN__ligand7532-0
543,RUPFEN__ligand17240-0
544,RUPFEN__ligand384-0
545,RUPFEN__ligand4332-0
546,RUPFEN__ligand122-0
547,RUPFEN__ligand24750-0
548,RUPFEN__ligand9681-0
549,RUPFEN__ligand757-0
550,RUPFEN__ligand17207-0
551,RUPFEN__ligand7530-0
552,RUPFEN__ligand31578-0
553,RUPFEN__ligand1065-0
554,RUPFEN__ligand1449-0
555,RUPFEN__ligand25224-0
556,RUPFEN__ligand18013-0
557,RUPFEN__ligand17945-0
558,RUPFEN__ligand3012-0
559,RUPFEN__ligand18703-0
560,RUPFEN__ligand29087-0
561,RUPFEN__ligand2403-0
562,RUPFEN__ligand34-0
563,RUPFEN__ligand6455-0
564,RUPFEN__ligand6882-0
565,RUPFEN__ligand15438-0
566,RUPFEN__ligand3934-0
567,RUPFEN__ligand28924-0
568,RUPFEN__ligand7529-0
569,RUPFEN__ligand15168-0
570,RUPFEN__ligand6946-0
571,RUPFEN__ligand1415-0
572,RUPFEN__ligand9148-0
573,RUPFEN__ligand23589-0
574,RUPFEN__ligand55-0
575,RUPFEN__ligand24064-0
576,RUPFEN__ligand5483-0
577,RUPFEN__ligand68-0
578,RUPFEN__ligand693-0
579,RUPFEN__ligand5316-0
580,RUPFEN__ligand2830-0
581,RUPFEN__ligand10432-0
582,RUPFEN__ligand11432-0
583,RUPFEN__ligand31618-0
584,RUPFEN__ligand22755-0
585,RUPFEN__ligand5627-0
586,RUPFEN__ligand29898-0
587,RUPFEN__ligand26277-0
588,RUPFEN__ligand1729-0
589,RUPFEN__ligand14703-0
590,RUPFEN__ligand16475-0
591,RUPFEN__ligand20251-1
592,RUPFEN__ligand4641-0
593,RUPFEN__ligand8835-0
594,RUPFEN__ligand2028-0
595,RUPFEN__ligand7126-0
596,RUPFEN__ligand20011-0
597,RUPFEN__ligand17278-0
598,RUPFEN__ligand29414-0
599,RUPFEN__ligand17982-0
600,RUPFEN__ligand3234-0
601,RUPFEN__ligand1142-0
602,RUPFEN__ligand11675-0
603,RUPFEN__ligand20598-0
604,RUPFEN__ligand10589-0
605,RUPFEN__ligand22557-0
606,RUPFEN__ligand24047-0
607,RUPFEN__ligand670-0
608,RUPFEN__ligand17398-0
609,RUPFEN__ligand571-0
610,RUPFEN__ligand534-0
611,RUPFEN__ligand3465-0
612,RUPFEN__ligand28789-0
613,RUPFEN__ligand6596-0
614,RUPFEN__ligand6904-0
615,RUPFEN__ligand3721-0
616,RUPFEN__ligand6102-0
617,RUPFEN__ligand20419-0
618,RUPFEN__ligand17118-0
619,RUPFEN__ligand21371-0
620,RUPFEN__ligand30851-0
621,RUPFEN__ligand7819-0
622,RUPFEN__ligand14889-0
623,RUPFEN__ligand2917-0
624,RUPFEN__ligand17-0
625,RUPFEN__ligand29568-0
626,RUPFEN__ligand21581-0
627,RUPFEN__ligand31097-0
628,RUPFEN__ligand2295-0
629,RUPFEN__ligand20539-0
630,RUPFEN__ligand6067-0
631,RUPFEN__ligand1577-0
632,RUPFEN__ligand694-0
633,RUPFEN__ligand30702-0
634,RUPFEN__ligand20214-0
635,RUPFEN__ligand20251-0
636,RUPFEN__ligand430-0
637,RUPFEN__ligand358-0
638,RUPFEN__ligand17261-0
639,RUPFEN__ligand488-0
640,RUPFEN__ligand4620-0
641,RUPFEN__ligand14117-0
642,RUPFEN__ligand696-0
643,RUPFEN__ligand9933-0
644,RUPFEN__ligand20682-0
645,RUPFEN__ligand1530-0
646,RUPFEN__ligand1575-0
647,RUPFEN__ligand1631-0
648,RUPFEN__ligand2332-0
649,RUPFEN__ligand9441-0
650,RUPFEN__ligand13390-0
651,RUPFEN__ligand1378-0
652,RUPFEN__ligand6244-0
653,RUPFEN__ligand13208-0
654,RUPFEN__ligand656-0
655,RUPFEN__ligand3156-0
656,RUPFEN__ligand2915-0
657,RUPFEN__ligand27482-0
658,RUPFEN__ligand26810-0
659,RUPFEN__ligand4116-0
660,RUPFEN__ligand13331-0
661,RUPFEN__ligand28884-0
662,RUPFEN__ligand1018-0
663,RUPFEN__ligand3707-0
664,RUPFEN__ligand6124-0
665,RUPFEN__ligand12030-0
666,RUPFEN__ligand7967-0
667,RUPFEN__ligand14248-0
668,RUPFEN__ligand29879-0
669,RUPFEN__ligand31832-0
670,RUPFEN__ligand9601-0
671,RUPFEN__ligand13294-0
672,RUPFEN__ligand89-0
673,RUPFEN__ligand8992-0
674,RUPFEN__ligand49-0
675,RUPFEN__ligand5036-0
676,RUPFEN__ligand2526-0
677,RUPFEN__ligand1615-0
678,RUPFEN__ligand162-0
679,RUPFEN__ligand9111-0
680,RUPFEN__ligand226-0
681,RUPFEN__ligand9952-0
682,RUPFEN__ligand25411-0
683,RUPFEN__ligand416-0
684,RUPFEN__ligand8721-0
685,RUPFEN__ligand11456-0
686,RUPFEN__ligand1324-0
687,RUPFEN__ligand383-0
688,RUPFEN__ligand10712-0
689,RUPFEN__ligand5643-0
690,RUPFEN__ligand1823-0
691,RUPFEN__ligand14174-0
692,RUPFEN__ligand10958-0
693,RUPFEN__ligand633-0
694,RUPFEN__ligand2232-0
695,RUPFEN__ligand9291-0
696,RUPFEN__ligand2176-0
697,RUPFEN__ligand12641-0
698,RUPFEN__ligand5256-0
699,RUPFEN__ligand8876-0
700,RUPFEN__ligand2828-0
701,RUPFEN__ligand7648-0
702,RUPFEN__ligand9833-0
703,RUPFEN__ligand4157-0
704,RUPFEN__ligand14108-0
705,RUPFEN__ligand497-0
706,RUPFEN__ligand29302-0
707,RUPFEN__ligand13425-0
708,RUPFEN__ligand19057-0
709,RUPFEN__ligand18814-0
710,RUPFEN__ligand4503-0
711,RUPFEN__ligand4546-0
712,RUPFEN__ligand7000-0
713,RUPFEN__ligand28676-0
714,RUPFEN__ligand10262-0
715,RUPFEN__ligand1982-0
716,RUPFEN__ligand6768-0
717,RUPFEN__ligand8115-0
718,RUPFEN__ligand27763-0
719,RUPFEN__ligand1285-0
720,RUPFEN__ligand10476-0
721,RUPFEN__ligand7280-0
722,RUPFEN__ligand1790-0
723,RUPFEN__ligand1304-0
724,RUPFEN__ligand436-0
725,RUPFEN__ligand13068-0
726,RUPFEN__ligand19830-0
727,RUPFEN__ligand12401-0
728,RUPFEN__ligand15585-0
729,RUPFEN__ligand24145-0
730,RUPFEN__ligand7238-0
731,RUPFEN__ligand69-0
732,RUPFEN__ligand12231-0
733,RUPFEN__ligand4016-0
734,RUPFEN__ligand692-0
735,RUPFEN__ligand26702-0
736,RUPFEN__ligand6709-0
737,RUPFEN__ligand1219-0
738,RUPFEN__ligand13658-0
739,RUPFEN__ligand18292-0
740,RUPFEN__ligand12289-0
741,RUPFEN__ligand7867-0
742,RUPFEN__ligand17387-0
743,RUPFEN__ligand12130-0
744,RUPFEN__ligand4093-0
745,RUPFEN__ligand4442-0
746,RUPFEN__ligand3954-0
747,RUPFEN__ligand17805-0
748,RUPFEN__ligand1160-0
749,RUPFEN__ligand17302-0
750,RUPFEN__ligand8699-0
751,RUPFEN__ligand11-0
752,RUPFEN__ligand9520-0
753,RUPFEN__ligand9784-0
754,RUPFEN__ligand25178-0
755,RUPFEN__ligand7629-0
756,RUPFEN__ligand326-0
757,RUPFEN__ligand24185-0
758,RUPFEN__ligand23769-0
759,RUPFEN__ligand1451-0
760,RUPFEN__ligand4272-0
761,RUPFEN__ligand31783-0
762,RUPFEN__ligand9908-0
763,RUPFEN__ligand1263-0
764,RUPFEN__ligand13012-0
765,RUPFEN__ligand409-0
766,RUPFEN__ligand7106-0
767,RUPFEN__ligand17631-0
768,RUPFEN__ligand26665-0
769,RUPFEN__ligand324-0
770,RUPFEN__ligand361-0
771,RUPFEN__ligand14603-0
772,RUPFEN__ligand14297-0
773,RUPFEN__ligand7242-0
774,RUPFEN__ligand17258-0
775,RUPFEN__ligand30988-0
776,RUPFEN__ligand4661-0
777,RUPFEN__ligand1844-0
778,RUPFEN__ligand23713-0
779,RUPFEN__ligand3718-0
780,RUPFEN__ligand27175-0
781,RUPFEN__ligand18832-0
782,RUPFEN__ligand3035-0
783,RUPFEN__ligand1343-0
784,RUPFEN__ligand3876-0
785,RUPFEN__ligand6616-0
786,RUPFEN__ligand20578-0
787,RUPFEN__ligand12934-0
788,RUPFEN__ligand15422-0
789,RUPFEN__ligand1536-0
790,RUPFEN__ligand1573-0
791,RUPFEN__ligand19641-0
792,RUPFEN__ligand9935-0
793,RUPFEN__ligand3504-0
794,RUPFEN__ligand14723-0
795,RUPFEN__ligand1959-0
796,RUPFEN__ligand27893-0
797,RUPFEN__ligand2485-0
798,RUPFEN__ligand3852-0
799,RUPFEN__ligand16628-0
800,RUPFEN__ligand6919-0
801,RUPFEN__ligand12427-0
802,RUPFEN__ligand28468-0
803,RUPFEN__ligand20740-0
804,RUPFEN__ligand27460-0
805,RUPFEN__ligand3565-0
806,RUPFEN__ligand5331-0
807,RUPFEN__ligand1512-0
808,RUPFEN__ligand199-0
809,RUPFEN__ligand3937-0
810,RUPFEN__ligand1202-0
811,RUPFEN__ligand3174-0
812,RUPFEN__ligand3131-0
813,RUPFEN__ligand8969-0
814,RUPFEN__ligand12606-0
815,RUPFEN__ligand6839-0
816,RUPFEN__ligand4720-0
817,RUPFEN__ligand588-0
818,RUPFEN__ligand30333-0
819,RUPFEN__ligand26540-0
820,RUPFEN__ligand29410-0
821,RUPFEN__ligand4155-0
822,RUPFEN__ligand3094-0
823,RUPFEN__ligand12337-0
824,RUPFEN__ligand30296-0
825,RUPFEN__ligand300-0
826,RUPFEN__ligand5211-0
827,RUPFEN__ligand17281-0
