,TMC
0,TOJYUM__ligand30539-0
1,TOJYUM__ligand1407-0
2,TOJYUM__ligand6117-0
3,TOJYUM__ligand8002-0
4,TOJYUM__ligand5509-0
5,TOJYUM__ligand23906-0
6,TOJYUM__ligand784-0
7,TOJYUM__ligand5080-0
8,TOJYUM__ligand7762-0
9,TOJYUM__ligand21132-0
10,TOJYUM__ligand11166-0
11,TOJYUM__ligand2238-0
12,TOJYUM__ligand395-0
13,TOJYUM__ligand12295-0
14,TOJYUM__ligand368-0
15,TOJYUM__ligand5304-0
16,TOJYUM__ligand43-0
17,TOJYUM__ligand9167-0
18,TOJYUM__ligand27835-0
19,TOJYUM__ligand21787-0
20,TOJYUM__ligand25575-0
21,TOJYUM__ligand25689-0
22,TOJYUM__ligand3867-0
23,TOJYUM__ligand1317-0
24,TOJYUM__ligand7293-0
25,TOJYUM__ligand2822-0
26,TOJYUM__ligand8592-0
27,TOJYUM__ligand67-0
28,TOJYUM__ligand5099-0
29,TOJYUM__ligand12660-0
30,TOJYUM__ligand1197-0
31,TOJYUM__ligand13209-0
32,TOJYUM__ligand19257-0
33,TOJYUM__ligand2259-0
34,TOJYUM__ligand1296-0
35,TOJYUM__ligand31248-0
36,TOJYUM__ligand115-0
37,TOJYUM__ligand25650-0
38,TOJYUM__ligand1376-0
39,TOJYUM__ligand5510-0
40,TOJYUM__ligand9773-0
41,TOJYUM__ligand8-0
42,TOJYUM__ligand5595-0
43,TOJYUM__ligand4101-0
44,TOJYUM__ligand2221-0
45,TOJYUM__ligand12519-0
46,TOJYUM__ligand25735-0
47,TOJYUM__ligand833-0
48,TOJYUM__ligand11206-0
49,TOJYUM__ligand3926-0
50,TOJYUM__ligand3120-0
51,TOJYUM__ligand4358-0
52,TOJYUM__ligand23124-0
53,TOJYUM__ligand2881-0
54,TOJYUM__ligand1499-0
55,TOJYUM__ligand29863-0
56,TOJYUM__ligand1464-0
57,TOJYUM__ligand3712-0
58,TOJYUM__ligand18074-0
59,TOJYUM__ligand506-0
60,TOJYUM__ligand13869-0
61,TOJYUM__ligand29610-0
62,TOJYUM__ligand1211-0
63,TOJYUM__ligand11140-0
64,TOJYUM__ligand6892-0
65,TOJYUM__ligand1294-0
66,TOJYUM__ligand16791-0
67,TOJYUM__ligand1168-0
68,TOJYUM__ligand3677-0
69,TOJYUM__ligand3632-0
70,TOJYUM__ligand28668-0
71,TOJYUM__ligand152-0
72,TOJYUM__ligand18465-0
73,TOJYUM__ligand6699-0
74,TOJYUM__ligand18799-0
75,TOJYUM__ligand447-0
76,TOJYUM__ligand27074-0
77,TOJYUM__ligand9299-0
78,TOJYUM__ligand746-0
79,TOJYUM__ligand25805-0
80,TOJYUM__ligand22981-0
81,TOJYUM__ligand20599-0
82,TOJYUM__ligand4007-0
83,TOJYUM__ligand2985-0
84,TOJYUM__ligand176-0
85,TOJYUM__ligand9883-0
86,TOJYUM__ligand3677-1
87,TOJYUM__ligand27169-0
88,TOJYUM__ligand14523-0
89,TOJYUM__ligand7291-0
90,TOJYUM__ligand18391-0
91,TOJYUM__ligand25267-0
92,TOJYUM__ligand8000-0
93,TOJYUM__ligand10084-0
94,TOJYUM__ligand3736-0
95,TOJYUM__ligand9344-0
96,TOJYUM__ligand12467-0
97,TOJYUM__ligand5383-0
98,TOJYUM__ligand2693-0
99,TOJYUM__ligand13257-0
100,TOJYUM__ligand21936-0
101,TOJYUM__ligand487-0
102,TOJYUM__ligand3945-0
103,TOJYUM__ligand23904-0
104,TOJYUM__ligand13072-0
105,TOJYUM__ligand12336-0
106,TOJYUM__ligand9450-0
107,TOJYUM__ligand393-0
108,TOJYUM__ligand1599-0
109,TOJYUM__ligand45-0
110,TOJYUM__ligand2612-0
111,TOJYUM__ligand78-0
112,TOJYUM__ligand353-0
113,TOJYUM__ligand5387-0
114,TOJYUM__ligand2203-0
115,TOJYUM__ligand12682-0
116,TOJYUM__ligand18699-0
117,TOJYUM__ligand1289-0
118,TOJYUM__ligand17240-0
119,TOJYUM__ligand17590-0
120,TOJYUM__ligand1114-0
121,TOJYUM__ligand9284-0
122,TOJYUM__ligand11568-0
123,TOJYUM__ligand19-0
124,TOJYUM__ligand17710-0
125,TOJYUM__ligand20579-0
126,TOJYUM__ligand3126-0
127,TOJYUM__ligand6391-0
128,TOJYUM__ligand196-0
129,TOJYUM__ligand21421-0
130,TOJYUM__ligand2417-0
131,TOJYUM__ligand11774-0
132,TOJYUM__ligand14586-0
133,TOJYUM__ligand24613-0
134,TOJYUM__ligand1832-0
135,TOJYUM__ligand8788-0
136,TOJYUM__ligand19725-0
137,TOJYUM__ligand686-0
138,TOJYUM__ligand2043-0
139,TOJYUM__ligand10555-0
140,TOJYUM__ligand422-0
141,TOJYUM__ligand24-0
142,TOJYUM__ligand31483-0
143,TOJYUM__ligand9943-0
144,TOJYUM__ligand1228-0
145,TOJYUM__ligand1604-0
146,TOJYUM__ligand5180-0
147,TOJYUM__ligand15168-0
148,TOJYUM__ligand24064-0
149,TOJYUM__ligand5708-0
150,TOJYUM__ligand7316-0
151,TOJYUM__ligand465-0
152,TOJYUM__ligand6017-0
153,TOJYUM__ligand23589-0
154,TOJYUM__ligand2124-0
155,TOJYUM__ligand8612-0
156,TOJYUM__ligand2260-0
157,TOJYUM__ligand7092-0
158,TOJYUM__ligand1116-0
159,TOJYUM__ligand3225-0
160,TOJYUM__ligand1153-0
161,TOJYUM__ligand9323-0
162,TOJYUM__ligand26277-0
163,TOJYUM__ligand29898-0
164,TOJYUM__ligand7273-0
165,TOJYUM__ligand314-1
166,TOJYUM__ligand22755-0
167,TOJYUM__ligand31618-0
168,TOJYUM__ligand7172-0
169,TOJYUM__ligand11432-0
170,TOJYUM__ligand10432-0
171,TOJYUM__ligand24750-0
172,TOJYUM__ligand813-0
173,TOJYUM__ligand3244-0
174,TOJYUM__ligand4711-0
175,TOJYUM__ligand314-0
176,TOJYUM__ligand780-0
177,TOJYUM__ligand2906-0
178,TOJYUM__ligand17945-0
179,TOJYUM__ligand25224-0
180,TOJYUM__ligand18013-0
181,TOJYUM__ligand31578-0
182,TOJYUM__ligand17207-0
183,TOJYUM__ligand4649-0
184,TOJYUM__ligand2788-0
185,TOJYUM__ligand5649-0
186,TOJYUM__ligand8793-0
187,TOJYUM__ligand5159-0
188,TOJYUM__ligand618-0
189,TOJYUM__ligand7196-0
190,TOJYUM__ligand29087-0
191,TOJYUM__ligand18703-0
192,TOJYUM__ligand9753-0
193,TOJYUM__ligand1356-0
194,TOJYUM__ligand1787-0
195,TOJYUM__ligand5530-0
196,TOJYUM__ligand28924-0
197,TOJYUM__ligand15438-0
198,TOJYUM__ligand3178-0
199,TOJYUM__ligand4807-0
200,TOJYUM__ligand391-0
201,TOJYUM__ligand252-0
202,TOJYUM__ligand21371-0
203,TOJYUM__ligand17118-0
204,TOJYUM__ligand20419-0
205,TOJYUM__ligand116-0
206,TOJYUM__ligand28789-0
207,TOJYUM__ligand8529-0
208,TOJYUM__ligand29568-0
209,TOJYUM__ligand1169-0
210,TOJYUM__ligand14889-0
211,TOJYUM__ligand30851-0
212,TOJYUM__ligand9615-0
213,TOJYUM__ligand20251-0
214,TOJYUM__ligand20214-0
215,TOJYUM__ligand30702-0
216,TOJYUM__ligand372-0
217,TOJYUM__ligand20539-0
218,TOJYUM__ligand830-0
219,TOJYUM__ligand31097-0
220,TOJYUM__ligand21581-0
221,TOJYUM__ligand1154-0
222,TOJYUM__ligand14117-0
223,TOJYUM__ligand4596-0
224,TOJYUM__ligand17261-0
225,TOJYUM__ligand1498-0
226,TOJYUM__ligand193-0
227,TOJYUM__ligand16475-0
228,TOJYUM__ligand14703-0
229,TOJYUM__ligand2692-0
230,TOJYUM__ligand1618-0
231,TOJYUM__ligand38-0
232,TOJYUM__ligand4262-0
233,TOJYUM__ligand1028-0
234,TOJYUM__ligand909-0
235,TOJYUM__ligand20251-1
236,TOJYUM__ligand1015-0
237,TOJYUM__ligand17982-0
238,TOJYUM__ligand1050-0
239,TOJYUM__ligand29414-0
240,TOJYUM__ligand177-0
241,TOJYUM__ligand17278-0
242,TOJYUM__ligand20011-0
243,TOJYUM__ligand2027-0
244,TOJYUM__ligand17398-0
245,TOJYUM__ligand24047-0
246,TOJYUM__ligand10589-0
247,TOJYUM__ligand22557-0
248,TOJYUM__ligand20598-0
249,TOJYUM__ligand11675-0
250,TOJYUM__ligand29879-0
251,TOJYUM__ligand14248-0
252,TOJYUM__ligand12030-0
253,TOJYUM__ligand188-0
254,TOJYUM__ligand2823-0
255,TOJYUM__ligand6995-0
256,TOJYUM__ligand28884-0
257,TOJYUM__ligand13331-0
258,TOJYUM__ligand3180-0
259,TOJYUM__ligand4340-0
260,TOJYUM__ligand2281-0
261,TOJYUM__ligand2650-0
262,TOJYUM__ligand13294-0
263,TOJYUM__ligand31832-0
264,TOJYUM__ligand42-0
265,TOJYUM__ligand25411-0
266,TOJYUM__ligand785-0
267,TOJYUM__ligand311-0
268,TOJYUM__ligand5415-0
269,TOJYUM__ligand479-0
270,TOJYUM__ligand370-1
271,TOJYUM__ligand14174-0
272,TOJYUM__ligand10712-0
273,TOJYUM__ligand4161-0
274,TOJYUM__ligand3471-0
275,TOJYUM__ligand4124-0
276,TOJYUM__ligand620-0
277,TOJYUM__ligand11456-0
278,TOJYUM__ligand564-0
279,TOJYUM__ligand1113-0
280,TOJYUM__ligand8553-0
281,TOJYUM__ligand20682-0
282,TOJYUM__ligand370-0
283,TOJYUM__ligand13390-0
284,TOJYUM__ligand5201-0
285,TOJYUM__ligand7566-0
286,TOJYUM__ligand2001-0
287,TOJYUM__ligand250-0
288,TOJYUM__ligand26810-0
289,TOJYUM__ligand66-0
290,TOJYUM__ligand8593-0
291,TOJYUM__ligand9944-0
292,TOJYUM__ligand27482-0
293,TOJYUM__ligand13208-0
294,TOJYUM__ligand1849-0
295,TOJYUM__ligand24145-0
296,TOJYUM__ligand294-0
297,TOJYUM__ligand15585-0
298,TOJYUM__ligand12401-0
299,TOJYUM__ligand19830-0
300,TOJYUM__ligand13068-0
301,TOJYUM__ligand10476-0
302,TOJYUM__ligand17387-0
303,TOJYUM__ligand12130-0
304,TOJYUM__ligand1216-0
305,TOJYUM__ligand12289-0
306,TOJYUM__ligand18292-0
307,TOJYUM__ligand13658-0
308,TOJYUM__ligand26702-0
309,TOJYUM__ligand12231-0
310,TOJYUM__ligand1152-0
311,TOJYUM__ligand3261-0
312,TOJYUM__ligand5019-0
313,TOJYUM__ligand17302-0
314,TOJYUM__ligand421-0
315,TOJYUM__ligand17805-0
316,TOJYUM__ligand6663-0
317,TOJYUM__ligand23769-0
318,TOJYUM__ligand5515-0
319,TOJYUM__ligand24185-0
320,TOJYUM__ligand685-0
321,TOJYUM__ligand25178-0
322,TOJYUM__ligand1831-0
323,TOJYUM__ligand5280-0
324,TOJYUM__ligand5614-0
325,TOJYUM__ligand12641-0
326,TOJYUM__ligand3285-0
327,TOJYUM__ligand4795-0
328,TOJYUM__ligand10958-0
329,TOJYUM__ligand1908-0
330,TOJYUM__ligand14108-0
331,TOJYUM__ligand134-0
332,TOJYUM__ligand5630-0
333,TOJYUM__ligand235-0
334,TOJYUM__ligand1786-0
335,TOJYUM__ligand6112-0
336,TOJYUM__ligand18814-0
337,TOJYUM__ligand19057-0
338,TOJYUM__ligand8042-0
339,TOJYUM__ligand560-0
340,TOJYUM__ligand7213-0
341,TOJYUM__ligand29302-0
342,TOJYUM__ligand13425-0
343,TOJYUM__ligand1397-0
344,TOJYUM__ligand1828-0
345,TOJYUM__ligand5755-0
346,TOJYUM__ligand4710-0
347,TOJYUM__ligand27763-0
348,TOJYUM__ligand5085-0
349,TOJYUM__ligand10262-0
350,TOJYUM__ligand28676-0
351,TOJYUM__ligand3144-0
352,TOJYUM__ligand28468-0
353,TOJYUM__ligand20740-0
354,TOJYUM__ligand4167-0
355,TOJYUM__ligand12427-0
356,TOJYUM__ligand9491-0
357,TOJYUM__ligand16628-0
358,TOJYUM__ligand4266-0
359,TOJYUM__ligand1400-0
360,TOJYUM__ligand352-0
361,TOJYUM__ligand783-0
362,TOJYUM__ligand27460-0
363,TOJYUM__ligand1288-0
364,TOJYUM__ligand1149-0
365,TOJYUM__ligand30333-0
366,TOJYUM__ligand3980-0
367,TOJYUM__ligand3557-0
368,TOJYUM__ligand868-0
369,TOJYUM__ligand12606-0
370,TOJYUM__ligand7075-0
371,TOJYUM__ligand17281-0
372,TOJYUM__ligand9750-0
373,TOJYUM__ligand30296-0
374,TOJYUM__ligand6993-0
375,TOJYUM__ligand12337-0
376,TOJYUM__ligand1817-0
377,TOJYUM__ligand29410-0
378,TOJYUM__ligand26540-0
379,TOJYUM__ligand1779-0
380,TOJYUM__ligand4063-0
381,TOJYUM__ligand8200-0
382,TOJYUM__ligand31783-0
383,TOJYUM__ligand7438-0
384,TOJYUM__ligand17258-0
385,TOJYUM__ligand14297-0
386,TOJYUM__ligand14603-0
387,TOJYUM__ligand26665-0
388,TOJYUM__ligand3042-0
389,TOJYUM__ligand17631-0
390,TOJYUM__ligand13012-0
391,TOJYUM__ligand4207-0
392,TOJYUM__ligand18832-0
393,TOJYUM__ligand27175-0
394,TOJYUM__ligand23713-0
395,TOJYUM__ligand197-0
396,TOJYUM__ligand3453-0
397,TOJYUM__ligand30988-0
398,TOJYUM__ligand3416-0
399,TOJYUM__ligand27893-0
400,TOJYUM__ligand14723-0
401,TOJYUM__ligand1150-0
402,TOJYUM__ligand1539-0
403,TOJYUM__ligand19641-0
404,TOJYUM__ligand18-0
405,TOJYUM__ligand15422-0
406,TOJYUM__ligand12934-0
407,TOJYUM__ligand20578-0
408,TOJYUM__ligand2830-0
409,TOJYUM__ligand3-0
410,TOJYUM__ligand27285-0
411,TOJYUM__ligand29029-0
412,TOJYUM__ligand5627-0
413,TOJYUM__ligand1729-0
414,TOJYUM__ligand23197-0
415,TOJYUM__ligand5483-0
416,TOJYUM__ligand51-0
417,TOJYUM__ligand5316-0
418,TOJYUM__ligand9148-0
419,TOJYUM__ligand497-0
420,TOJYUM__ligand91-0
421,TOJYUM__ligand7529-0
422,TOJYUM__ligand633-0
423,TOJYUM__ligand14167-0
424,TOJYUM__ligand13477-0
425,TOJYUM__ligand30142-0
426,TOJYUM__ligand1415-0
427,TOJYUM__ligand6946-0
428,TOJYUM__ligand27669-0
429,TOJYUM__ligand19184-0
430,TOJYUM__ligand6882-0
431,TOJYUM__ligand6455-0
432,TOJYUM__ligand326-0
433,TOJYUM__ligand3934-0
434,TOJYUM__ligand48-0
435,TOJYUM__ligand18448-0
436,TOJYUM__ligand12453-0
437,TOJYUM__ligand2403-0
438,TOJYUM__ligand28459-0
439,TOJYUM__ligand7530-0
440,TOJYUM__ligand1065-0
441,TOJYUM__ligand1449-0
442,TOJYUM__ligand692-0
443,TOJYUM__ligand3012-0
444,TOJYUM__ligand10371-0
445,TOJYUM__ligand13672-0
446,TOJYUM__ligand4332-0
447,TOJYUM__ligand436-0
448,TOJYUM__ligand28685-0
449,TOJYUM__ligand18568-0
450,TOJYUM__ligand9681-0
451,TOJYUM__ligand16663-0
452,TOJYUM__ligand4194-0
453,TOJYUM__ligand14614-0
454,TOJYUM__ligand7532-0
455,TOJYUM__ligand24035-0
456,TOJYUM__ligand31842-0
457,TOJYUM__ligand32-0
458,TOJYUM__ligand31044-0
459,TOJYUM__ligand2599-0
460,TOJYUM__ligand11994-0
461,TOJYUM__ligand4330-0
462,TOJYUM__ligand3973-0
463,TOJYUM__ligand11682-0
464,TOJYUM__ligand409-0
465,TOJYUM__ligand324-0
466,TOJYUM__ligand361-0
467,TOJYUM__ligand20207-0
468,TOJYUM__ligand30711-0
469,TOJYUM__ligand1147-0
470,TOJYUM__ligand16988-0
471,TOJYUM__ligand25913-0
472,TOJYUM__ligand2068-0
473,TOJYUM__ligand7925-0
474,TOJYUM__ligand3215-0
475,TOJYUM__ligand11970-0
476,TOJYUM__ligand300-0
477,TOJYUM__ligand15883-0
478,TOJYUM__ligand28810-0
479,TOJYUM__ligand11447-0
480,TOJYUM__ligand11096-0
481,TOJYUM__ligand7107-0
482,TOJYUM__ligand24230-0
483,TOJYUM__ligand15926-0
484,TOJYUM__ligand588-0
485,TOJYUM__ligand19792-0
486,TOJYUM__ligand10828-0
487,TOJYUM__ligand10056-0
488,TOJYUM__ligand12365-0
489,TOJYUM__ligand1-0
490,TOJYUM__ligand11357-0
491,TOJYUM__ligand13862-0
492,TOJYUM__ligand199-0
493,TOJYUM__ligand15531-0
494,TOJYUM__ligand6283-0
495,TOJYUM__ligand28743-0
496,TOJYUM__ligand28930-0
497,TOJYUM__ligand6062-0
498,TOJYUM__ligand22168-0
499,TOJYUM__ligand22294-0
500,TOJYUM__ligand16-0
501,TOJYUM__ligand5813-0
502,TOJYUM__ligand21919-0
503,TOJYUM__ligand4813-0
504,TOJYUM__ligand4738-0
505,TOJYUM__ligand4131-0
506,TOJYUM__ligand1712-0
507,TOJYUM__ligand31694-0
508,TOJYUM__ligand670-0
509,TOJYUM__ligand29486-0
510,TOJYUM__ligand571-0
511,TOJYUM__ligand534-0
512,TOJYUM__ligand5094-0
513,TOJYUM__ligand5892-0
514,TOJYUM__ligand17427-0
515,TOJYUM__ligand11949-0
516,TOJYUM__ligand1533-0
517,TOJYUM__ligand22129-0
518,TOJYUM__ligand12138-0
519,TOJYUM__ligand24780-0
520,TOJYUM__ligand57-0
521,TOJYUM__ligand25561-0
522,TOJYUM__ligand7557-0
523,TOJYUM__ligand1496-0
524,TOJYUM__ligand27840-0
525,TOJYUM__ligand430-0
526,TOJYUM__ligand358-0
527,TOJYUM__ligand30728-0
528,TOJYUM__ligand3208-0
529,TOJYUM__ligand2208-0
530,TOJYUM__ligand24872-0
531,TOJYUM__ligand488-0
532,TOJYUM__ligand7573-0
533,TOJYUM__ligand2781-0
534,TOJYUM__ligand10033-0
535,TOJYUM__ligand3350-0
536,TOJYUM__ligand24644-0
537,TOJYUM__ligand6672-0
538,TOJYUM__ligand9809-0
539,TOJYUM__ligand12001-0
540,TOJYUM__ligand1327-0
541,TOJYUM__ligand8722-0
542,TOJYUM__ligand694-0
543,TOJYUM__ligand14569-0
544,TOJYUM__ligand3029-0
545,TOJYUM__ligand7162-0
546,TOJYUM__ligand13385-0
547,TOJYUM__ligand24111-0
548,TOJYUM__ligand2328-0
549,TOJYUM__ligand22444-0
550,TOJYUM__ligand1773-0
551,TOJYUM__ligand4581-0
552,TOJYUM__ligand1900-0
553,TOJYUM__ligand11587-0
554,TOJYUM__ligand13220-0
555,TOJYUM__ligand9197-0
556,TOJYUM__ligand17396-0
557,TOJYUM__ligand23175-0
558,TOJYUM__ligand15788-0
559,TOJYUM__ligand1771-0
560,TOJYUM__ligand4911-0
561,TOJYUM__ligand656-0
562,TOJYUM__ligand22403-0
563,TOJYUM__ligand3392-0
564,TOJYUM__ligand27754-0
565,TOJYUM__ligand20695-0
566,TOJYUM__ligand16369-0
567,TOJYUM__ligand5849-0
568,TOJYUM__ligand28540-0
569,TOJYUM__ligand11111-0
570,TOJYUM__ligand2527-0
571,TOJYUM__ligand29215-0
572,TOJYUM__ligand34-0
573,TOJYUM__ligand696-0
574,TOJYUM__ligand26631-0
575,TOJYUM__ligand16148-0
576,TOJYUM__ligand12003-0
577,TOJYUM__ligand1709-0
578,TOJYUM__ligand8464-0
579,TOJYUM__ligand8349-0
580,TOJYUM__ligand21399-0
581,TOJYUM__ligand10872-0
582,TOJYUM__ligand1688-0
583,TOJYUM__ligand416-0
584,TOJYUM__ligand19927-0
585,TOJYUM__ligand55-0
586,TOJYUM__ligand5357-0
587,TOJYUM__ligand3647-0
588,TOJYUM__ligand28559-0
589,TOJYUM__ligand26324-0
590,TOJYUM__ligand383-0
591,TOJYUM__ligand5056-0
592,TOJYUM__ligand14043-0
593,TOJYUM__ligand4850-0
594,TOJYUM__ligand21729-0
595,TOJYUM__ligand27239-0
596,TOJYUM__ligand1768-0
597,TOJYUM__ligand162-0
598,TOJYUM__ligand3871-0
599,TOJYUM__ligand1469-0
600,TOJYUM__ligand226-0
601,TOJYUM__ligand1379-0
602,TOJYUM__ligand2722-0
603,TOJYUM__ligand26529-0
604,TOJYUM__ligand5935-0
605,TOJYUM__ligand1165-0
606,TOJYUM__ligand11618-0
607,TOJYUM__ligand9525-0
608,TOJYUM__ligand3157-0
609,TOJYUM__ligand68-0
610,TOJYUM__ligand3094-0
611,TOJYUM__ligand4155-0
612,TOJYUM__ligand19824-0
613,TOJYUM__ligand18067-0
614,TOJYUM__ligand5211-0
615,TOJYUM__ligand3131-0
616,TOJYUM__ligand3174-0
617,TOJYUM__ligand1202-0
618,TOJYUM__ligand3937-0
619,TOJYUM__ligand11252-0
620,TOJYUM__ligand8969-0
621,TOJYUM__ligand6839-0
622,TOJYUM__ligand10582-0
623,TOJYUM__ligand4720-0
624,TOJYUM__ligand13260-0
625,TOJYUM__ligand11606-0
626,TOJYUM__ligand3565-0
627,TOJYUM__ligand31000-0
628,TOJYUM__ligand5331-0
629,TOJYUM__ligand1512-0
630,TOJYUM__ligand2485-0
631,TOJYUM__ligand3852-0
632,TOJYUM__ligand6919-0
633,TOJYUM__ligand240-0
634,TOJYUM__ligand26673-0
635,TOJYUM__ligand20821-0
636,TOJYUM__ligand141-0
637,TOJYUM__ligand16870-0
638,TOJYUM__ligand1573-0
639,TOJYUM__ligand1536-0
640,TOJYUM__ligand9935-0
641,TOJYUM__ligand17-0
642,TOJYUM__ligand11622-0
643,TOJYUM__ligand3504-0
644,TOJYUM__ligand1959-0
645,TOJYUM__ligand384-0
646,TOJYUM__ligand11814-0
647,TOJYUM__ligand1844-0
648,TOJYUM__ligand4661-0
649,TOJYUM__ligand3718-0
650,TOJYUM__ligand16603-0
651,TOJYUM__ligand6616-0
652,TOJYUM__ligand3876-0
653,TOJYUM__ligand1343-0
654,TOJYUM__ligand3035-0
655,TOJYUM__ligand7106-0
656,TOJYUM__ligand25658-0
657,TOJYUM__ligand17686-0
658,TOJYUM__ligand7242-0
659,TOJYUM__ligand31205-0
660,TOJYUM__ligand11177-0
661,TOJYUM__ligand768-0
662,TOJYUM__ligand1263-0
663,TOJYUM__ligand9908-0
664,TOJYUM__ligand15455-0
665,TOJYUM__ligand9784-0
666,TOJYUM__ligand7629-0
667,TOJYUM__ligand4272-0
668,TOJYUM__ligand1451-0
669,TOJYUM__ligand16952-0
670,TOJYUM__ligand29813-0
671,TOJYUM__ligand3954-0
672,TOJYUM__ligand4442-0
673,TOJYUM__ligand4093-0
674,TOJYUM__ligand20220-0
675,TOJYUM__ligand1160-0
676,TOJYUM__ligand15387-0
677,TOJYUM__ligand8699-0
678,TOJYUM__ligand9520-0
679,TOJYUM__ligand20121-0
680,TOJYUM__ligand24851-0
681,TOJYUM__ligand757-0
682,TOJYUM__ligand4016-0
683,TOJYUM__ligand1219-0
684,TOJYUM__ligand6709-0
685,TOJYUM__ligand20530-0
686,TOJYUM__ligand11698-0
687,TOJYUM__ligand14302-0
688,TOJYUM__ligand13657-0
689,TOJYUM__ligand14347-0
690,TOJYUM__ligand7867-0
691,TOJYUM__ligand7280-0
692,TOJYUM__ligand1304-0
693,TOJYUM__ligand1790-0
694,TOJYUM__ligand10479-0
695,TOJYUM__ligand27610-0
696,TOJYUM__ligand11479-0
697,TOJYUM__ligand29441-0
698,TOJYUM__ligand10853-0
699,TOJYUM__ligand122-0
700,TOJYUM__ligand7238-0
701,TOJYUM__ligand19668-0
702,TOJYUM__ligand7000-0
703,TOJYUM__ligand1982-0
704,TOJYUM__ligand6768-0
705,TOJYUM__ligand8115-0
706,TOJYUM__ligand19906-0
707,TOJYUM__ligand89-0
708,TOJYUM__ligand1285-0
709,TOJYUM__ligand22353-0
710,TOJYUM__ligand693-0
711,TOJYUM__ligand4546-0
712,TOJYUM__ligand4503-0
713,TOJYUM__ligand5256-0
714,TOJYUM__ligand7648-0
715,TOJYUM__ligand2828-0
716,TOJYUM__ligand8876-0
717,TOJYUM__ligand9833-0
718,TOJYUM__ligand4157-0
719,TOJYUM__ligand10151-0
720,TOJYUM__ligand2232-0
721,TOJYUM__ligand9291-0
722,TOJYUM__ligand49-0
723,TOJYUM__ligand2176-0
724,TOJYUM__ligand8721-0
725,TOJYUM__ligand21448-0
726,TOJYUM__ligand1324-0
727,TOJYUM__ligand22357-0
728,TOJYUM__ligand11758-0
729,TOJYUM__ligand941-0
730,TOJYUM__ligand596-0
731,TOJYUM__ligand5643-0
732,TOJYUM__ligand1823-0
733,TOJYUM__ligand2526-0
734,TOJYUM__ligand29214-0
735,TOJYUM__ligand5036-0
736,TOJYUM__ligand1615-0
737,TOJYUM__ligand777-0
738,TOJYUM__ligand11544-0
739,TOJYUM__ligand11501-0
740,TOJYUM__ligand9952-0
741,TOJYUM__ligand9111-0
742,TOJYUM__ligand366-0
743,TOJYUM__ligand9601-0
744,TOJYUM__ligand17069-0
745,TOJYUM__ligand14477-0
746,TOJYUM__ligand8992-0
747,TOJYUM__ligand17445-0
748,TOJYUM__ligand12413-0
749,TOJYUM__ligand4116-0
750,TOJYUM__ligand29334-0
751,TOJYUM__ligand657-0
752,TOJYUM__ligand20731-0
753,TOJYUM__ligand1018-0
754,TOJYUM__ligand6124-0
755,TOJYUM__ligand3707-0
756,TOJYUM__ligand7967-0
757,TOJYUM__ligand11798-0
758,TOJYUM__ligand187-0
759,TOJYUM__ligand29565-0
760,TOJYUM__ligand845-0
761,TOJYUM__ligand23682-0
762,TOJYUM__ligand18158-0
763,TOJYUM__ligand3156-0
764,TOJYUM__ligand69-0
765,TOJYUM__ligand2915-0
766,TOJYUM__ligand27771-0
767,TOJYUM__ligand1378-0
768,TOJYUM__ligand20942-1
769,TOJYUM__ligand16956-0
770,TOJYUM__ligand14226-0
771,TOJYUM__ligand21339-0
772,TOJYUM__ligand6244-0
773,TOJYUM__ligand2332-0
774,TOJYUM__ligand9441-0
775,TOJYUM__ligand27550-0
776,TOJYUM__ligand126-0
777,TOJYUM__ligand163-0
778,TOJYUM__ligand9933-0
779,TOJYUM__ligand11-0
780,TOJYUM__ligand1575-0
781,TOJYUM__ligand1530-0
782,TOJYUM__ligand18019-1
783,TOJYUM__ligand14007-0
784,TOJYUM__ligand1631-0
785,TOJYUM__ligand18757-0
786,TOJYUM__ligand4-0
787,TOJYUM__ligand24560-0
788,TOJYUM__ligand20844-0
789,TOJYUM__ligand18413-0
790,TOJYUM__ligand24624-0
791,TOJYUM__ligand4620-0
792,TOJYUM__ligand338-0
793,TOJYUM__ligand2295-0
794,TOJYUM__ligand1577-0
795,TOJYUM__ligand6067-0
796,TOJYUM__ligand7819-0
797,TOJYUM__ligand14339-0
798,TOJYUM__ligand2917-0
799,TOJYUM__ligand30788-0
800,TOJYUM__ligand13691-0
801,TOJYUM__ligand3465-0
802,TOJYUM__ligand21752-0
803,TOJYUM__ligand6102-0
804,TOJYUM__ligand3721-0
805,TOJYUM__ligand6904-0
806,TOJYUM__ligand6596-0
807,TOJYUM__ligand25048-0
808,TOJYUM__ligand1142-0
809,TOJYUM__ligand3234-0
810,TOJYUM__ligand21940-0
811,TOJYUM__ligand321-0
812,TOJYUM__ligand2028-0
813,TOJYUM__ligand8835-0
814,TOJYUM__ligand185-0
815,TOJYUM__ligand27122-0
816,TOJYUM__ligand20432-0
817,TOJYUM__ligand13755-0
818,TOJYUM__ligand16133-0
819,TOJYUM__ligand7126-0
820,TOJYUM__ligand279-0
821,TOJYUM__ligand23445-0
822,TOJYUM__ligand24953-0
823,TOJYUM__ligand178-0
824,TOJYUM__ligand4641-0
825,TOJYUM__ligand201-0
826,TOJYUM__ligand20557-0
827,TOJYUM__ligand30004-0
