,TMC
0,JUWDUA__ligand3838-0
1,JUWDUA__ligand1799-0
2,JUWDUA__ligand326-0
3,JUWDUA__ligand2838-0
4,JUWDUA__ligand2880-0
5,JUWDUA__ligand5941-0
6,JUWDUA__ligand821-0
7,JUWDUA__ligand283-0
8,JUWDUA__ligand553-0
9,JUWDUA__ligand206-0
10,JUWDUA__ligand5022-0
11,JUWDUA__ligand1169-0
12,JUWDUA__ligand142-0
13,JUWDUA__ligand436-0
14,JUWDUA__ligand166-0
15,JUWDUA__ligand2864-0
16,JUWDUA__ligand838-0
17,JUWDUA__ligand6538-0
18,JUWDUA__ligand497-0
19,JUWDUA__ligand9495-0
20,JUWDUA__ligand2772-0
21,JUWDUA__ligand6151-0
22,JUWDUA__ligand2142-0
23,JUWDUA__ligand532-0
24,JUWDUA__ligand918-0
25,JUWDUA__ligand633-0
26,JUWDUA__ligand45-0
27,JUWDUA__ligand575-0
28,JUWDUA__ligand1273-0
29,JUWDUA__ligand199-0
30,JUWDUA__ligand85-0
31,JUWDUA__ligand78-0
32,JUWDUA__ligand927-0
33,JUWDUA__ligand1052-0
34,JUWDUA__ligand105-0
35,JUWDUA__ligand140-0
36,JUWDUA__ligand1502-0
37,JUWDUA__ligand4983-0
38,JUWDUA__ligand1835-0
39,JUWDUA__ligand2794-0
40,JUWDUA__ligand2345-0
41,JUWDUA__ligand9027-0
42,JUWDUA__ligand361-0
43,JUWDUA__ligand324-0
44,JUWDUA__ligand409-0
45,JUWDUA__ligand6396-0
46,JUWDUA__ligand2265-0
47,JUWDUA__ligand1113-0
48,JUWDUA__ligand358-0
49,JUWDUA__ligand430-0
50,JUWDUA__ligand4-0
51,JUWDUA__ligand1607-0
52,JUWDUA__ligand669-0
53,JUWDUA__ligand10910-0
54,JUWDUA__ligand1152-0
55,JUWDUA__ligand278-0
56,JUWDUA__ligand365-0
57,JUWDUA__ligand1727-0
58,JUWDUA__ligand571-0
59,JUWDUA__ligand2907-0
60,JUWDUA__ligand670-0
61,JUWDUA__ligand118-0
62,JUWDUA__ligand2430-0
63,JUWDUA__ligand1703-0
64,JUWDUA__ligand14530-0
65,JUWDUA__ligand2862-0
66,JUWDUA__ligand1056-0
67,JUWDUA__ligand2320-0
68,JUWDUA__ligand2510-0
69,JUWDUA__ligand509-0
70,JUWDUA__ligand1567-0
71,JUWDUA__ligand2285-0
72,JUWDUA__ligand8921-0
73,JUWDUA__ligand1054-0
74,JUWDUA__ligand383-0
75,JUWDUA__ligand6294-0
76,JUWDUA__ligand10479-0
77,JUWDUA__ligand1248-0
78,JUWDUA__ligand226-0
79,JUWDUA__ligand4303-0
80,JUWDUA__ligand1598-0
81,JUWDUA__ligand162-0
82,JUWDUA__ligand7464-0
83,JUWDUA__ligand10114-0
84,JUWDUA__ligand67-0
85,JUWDUA__ligand8774-0
86,JUWDUA__ligand3637-0
87,JUWDUA__ligand6-0
88,JUWDUA__ligand384-0
89,JUWDUA__ligand120-0
90,JUWDUA__ligand4381-0
91,JUWDUA__ligand2629-0
92,JUWDUA__ligand3734-0
93,JUWDUA__ligand1706-0
94,JUWDUA__ligand1687-0
95,JUWDUA__ligand1951-0
96,JUWDUA__ligand6277-0
97,JUWDUA__ligand1376-0
98,JUWDUA__ligand2768-0
99,JUWDUA__ligand2259-0
100,JUWDUA__ligand2688-0
101,JUWDUA__ligand141-0
102,JUWDUA__ligand18-0
103,JUWDUA__ligand1-0
104,JUWDUA__ligand240-0
105,JUWDUA__ligand1459-0
106,JUWDUA__ligand1544-0
107,JUWDUA__ligand3-0
108,JUWDUA__ligand62-0
109,JUWDUA__ligand1685-0
110,JUWDUA__ligand3757-0
111,JUWDUA__ligand2087-0
112,JUWDUA__ligand1048-0
113,JUWDUA__ligand1171-0
114,JUWDUA__ligand797-0
115,JUWDUA__ligand3063-0
116,JUWDUA__ligand1438-0
117,JUWDUA__ligand757-0
118,JUWDUA__ligand5801-0
119,JUWDUA__ligand86-0
120,JUWDUA__ligand3246-0
121,JUWDUA__ligand126-0
122,JUWDUA__ligand1148-0
123,JUWDUA__ligand1479-0
124,JUWDUA__ligand596-0
125,JUWDUA__ligand9244-0
126,JUWDUA__ligand1228-0
127,JUWDUA__ligand861-0
128,JUWDUA__ligand366-0
129,JUWDUA__ligand187-0
130,JUWDUA__ligand1538-0
131,JUWDUA__ligand612-0
132,JUWDUA__ligand66-0
133,JUWDUA__ligand1114-0
134,JUWDUA__ligand321-0
135,JUWDUA__ligand2751-0
136,JUWDUA__ligand21-0
137,JUWDUA__ligand178-0
138,JUWDUA__ligand279-0
139,JUWDUA__ligand244-0
140,JUWDUA__ligand201-0
141,JUWDUA__ligand1542-0
142,JUWDUA__ligand2634-0
143,JUWDUA__ligand100-0
144,JUWDUA__ligand3041-0
145,JUWDUA__ligand6332-0
146,JUWDUA__ligand38-0
147,JUWDUA__ligand124-0
148,JUWDUA__ligand3178-0
149,JUWDUA__ligand2863-0
150,JUWDUA__ligand10357-0
151,JUWDUA__ligand2098-0
152,JUWDUA__ligand6502-0
153,JUWDUA__ligand15630-0
154,JUWDUA__ligand1747-0
155,JUWDUA__ligand6686-0
156,JUWDUA__ligand7915-0
157,JUWDUA__ligand5548-0
158,JUWDUA__ligand3145-0
159,JUWDUA__ligand40-0
160,JUWDUA__ligand119-0
161,JUWDUA__ligand3478-0
162,JUWDUA__ligand3852-0
163,JUWDUA__ligand115-0
164,JUWDUA__ligand5758-0
165,JUWDUA__ligand34-0
166,JUWDUA__ligand7456-0
167,JUWDUA__ligand291-0
168,JUWDUA__ligand1818-0
169,JUWDUA__ligand3251-0
170,JUWDUA__ligand55-0
171,JUWDUA__ligand485-0
172,JUWDUA__ligand4619-0
173,JUWDUA__ligand6143-0
174,JUWDUA__ligand5235-0
175,JUWDUA__ligand784-0
176,JUWDUA__ligand355-0
177,JUWDUA__ligand2718-0
178,JUWDUA__ligand3035-0
179,JUWDUA__ligand3070-0
180,JUWDUA__ligand1493-0
181,JUWDUA__ligand95-0
182,JUWDUA__ligand9176-0
183,JUWDUA__ligand7550-0
184,JUWDUA__ligand447-0
185,JUWDUA__ligand133-0
186,JUWDUA__ligand57-0
187,JUWDUA__ligand1160-0
188,JUWDUA__ligand2253-0
189,JUWDUA__ligand666-0
190,JUWDUA__ligand5093-0
191,JUWDUA__ligand2954-0
192,JUWDUA__ligand522-0
193,JUWDUA__ligand2762-0
194,JUWDUA__ligand1038-0
195,JUWDUA__ligand487-0
196,JUWDUA__ligand4423-0
197,JUWDUA__ligand1907-0
198,JUWDUA__ligand73-0
199,JUWDUA__ligand3890-0
200,JUWDUA__ligand11730-0
201,JUWDUA__ligand7630-0
202,JUWDUA__ligand1285-0
203,JUWDUA__ligand1555-0
204,JUWDUA__ligand682-0
205,JUWDUA__ligand2707-0
206,JUWDUA__ligand32-0
207,JUWDUA__ligand502-0
208,JUWDUA__ligand196-0
209,JUWDUA__ligand1690-0
210,JUWDUA__ligand1551-0
211,JUWDUA__ligand2526-0
212,JUWDUA__ligand113-0
213,JUWDUA__ligand422-0
214,JUWDUA__ligand3196-0
215,JUWDUA__ligand4012-0
216,JUWDUA__ligand236-0
217,JUWDUA__ligand353-0
218,JUWDUA__ligand2915-0
219,JUWDUA__ligand314-0
220,JUWDUA__ligand4175-0
221,JUWDUA__ligand481-0
222,JUWDUA__ligand51-0
223,JUWDUA__ligand2255-0
224,JUWDUA__ligand91-0
225,JUWDUA__ligand1918-0
226,JUWDUA__ligand170-0
227,JUWDUA__ligand29-0
228,JUWDUA__ligand391-0
229,JUWDUA__ligand48-0
230,JUWDUA__ligand210-0
231,JUWDUA__ligand4370-0
232,JUWDUA__ligand1436-0
233,JUWDUA__ligand2618-0
234,JUWDUA__ligand3618-0
235,JUWDUA__ligand851-0
236,JUWDUA__ligand909-0
237,JUWDUA__ligand4894-0
238,JUWDUA__ligand1260-0
239,JUWDUA__ligand9620-0
240,JUWDUA__ligand177-0
241,JUWDUA__ligand934-0
242,JUWDUA__ligand1449-1
243,JUWDUA__ligand4811-0
244,JUWDUA__ligand7514-0
245,JUWDUA__ligand3337-0
246,JUWDUA__ligand3566-0
247,JUWDUA__ligand955-0
248,JUWDUA__ligand1178-0
249,JUWDUA__ligand252-0
250,JUWDUA__ligand1321-0
251,JUWDUA__ligand830-0
252,JUWDUA__ligand1788-0
253,JUWDUA__ligand193-0
254,JUWDUA__ligand370-0
255,JUWDUA__ligand6166-0
256,JUWDUA__ligand1246-0
257,JUWDUA__ligand250-0
258,JUWDUA__ligand2599-0
259,JUWDUA__ligand5089-0
260,JUWDUA__ligand2853-0
261,JUWDUA__ligand3853-0
262,JUWDUA__ligand460-0
263,JUWDUA__ligand188-0
264,JUWDUA__ligand444-0
265,JUWDUA__ligand369-0
266,JUWDUA__ligand1307-0
267,JUWDUA__ligand311-0
268,JUWDUA__ligand8-0
269,JUWDUA__ligand11-0
270,JUWDUA__ligand390-0
271,JUWDUA__ligand2389-0
272,JUWDUA__ligand235-0
273,JUWDUA__ligand932-0
274,JUWDUA__ligand134-0
275,JUWDUA__ligand1919-0
276,JUWDUA__ligand3579-0
277,JUWDUA__ligand109-0
278,JUWDUA__ligand560-0
279,JUWDUA__ligand525-0
280,JUWDUA__ligand2110-0
281,JUWDUA__ligand2916-0
282,JUWDUA__ligand1712-0
283,JUWDUA__ligand993-0
284,JUWDUA__ligand89-0
285,JUWDUA__ligand294-0
286,JUWDUA__ligand1858-0
287,JUWDUA__ligand8032-0
288,JUWDUA__ligand331-0
289,JUWDUA__ligand2480-0
290,JUWDUA__ligand798-0
291,JUWDUA__ligand3051-0
292,JUWDUA__ligand4504-0
293,JUWDUA__ligand421-0
294,JUWDUA__ligand1898-0
295,JUWDUA__ligand2315-0
296,JUWDUA__ligand916-0
297,JUWDUA__ligand584-0
298,JUWDUA__ligand49-0
299,JUWDUA__ligand5334-0
300,JUWDUA__ligand6571-0
301,JUWDUA__ligand2482-0
302,JUWDUA__ligand1325-0
303,JUWDUA__ligand112-0
304,JUWDUA__ligand296-0
305,JUWDUA__ligand1104-0
306,JUWDUA__ligand5762-0
307,JUWDUA__ligand7414-0
308,JUWDUA__ligand197-0
309,JUWDUA__ligand2442-0
310,JUWDUA__ligand1019-0
311,JUWDUA__ligand1264-0
312,JUWDUA__ligand1221-0
313,JUWDUA__ligand17-0
314,JUWDUA__ligand6430-0
315,JUWDUA__ligand1299-0
316,JUWDUA__ligand1379-0
317,JUWDUA__ligand783-0
318,JUWDUA__ligand352-0
319,JUWDUA__ligand442-0
320,JUWDUA__ligand2376-0
321,JUWDUA__ligand868-0
322,JUWDUA__ligand136-0
323,JUWDUA__ligand2929-0
324,JUWDUA__ligand92-0
