,TMC
0,JUDLOJ__ligand73-0
1,JUDLOJ__ligand3246-0
2,JUDLOJ__ligand119-0
3,JUDLOJ__ligand124-0
4,JUDLOJ__ligand1148-0
5,JUDLOJ__ligand1479-0
6,JUDLOJ__ligand201-0
7,JUDLOJ__ligand244-0
8,JUDLOJ__ligand9244-0
9,JUDLOJ__ligand3-0
10,JUDLOJ__ligand100-0
11,JUDLOJ__ligand1228-0
12,JUDLOJ__ligand321-0
13,JUDLOJ__ligand57-0
14,JUDLOJ__ligand1538-0
15,JUDLOJ__ligand178-0
16,JUDLOJ__ligand279-0
17,JUDLOJ__ligand1114-0
18,JUDLOJ__ligand861-0
19,JUDLOJ__ligand55-0
20,JUDLOJ__ligand2751-0
21,JUDLOJ__ligand366-0
22,JUDLOJ__ligand187-0
23,JUDLOJ__ligand612-0
24,JUDLOJ__ligand596-0
25,JUDLOJ__ligand1-0
26,JUDLOJ__ligand1542-0
27,JUDLOJ__ligand2634-0
28,JUDLOJ__ligand95-0
29,JUDLOJ__ligand3041-0
30,JUDLOJ__ligand6332-0
31,JUDLOJ__ligand126-0
32,JUDLOJ__ligand3178-0
33,JUDLOJ__ligand2863-0
34,JUDLOJ__ligand2098-0
35,JUDLOJ__ligand6502-0
36,JUDLOJ__ligand1747-0
37,JUDLOJ__ligand6686-0
38,JUDLOJ__ligand7915-0
39,JUDLOJ__ligand34-0
40,JUDLOJ__ligand5548-0
41,JUDLOJ__ligand3145-0
42,JUDLOJ__ligand757-0
43,JUDLOJ__ligand48-0
44,JUDLOJ__ligand4381-0
45,JUDLOJ__ligand2629-0
46,JUDLOJ__ligand3734-0
47,JUDLOJ__ligand1706-0
48,JUDLOJ__ligand797-0
49,JUDLOJ__ligand1687-0
50,JUDLOJ__ligand1951-0
51,JUDLOJ__ligand6277-0
52,JUDLOJ__ligand51-0
53,JUDLOJ__ligand1376-0
54,JUDLOJ__ligand29-0
55,JUDLOJ__ligand2768-0
56,JUDLOJ__ligand91-0
57,JUDLOJ__ligand2259-0
58,JUDLOJ__ligand2688-0
59,JUDLOJ__ligand1459-0
60,JUDLOJ__ligand1544-0
61,JUDLOJ__ligand141-0
62,JUDLOJ__ligand240-0
63,JUDLOJ__ligand1685-0
64,JUDLOJ__ligand3757-0
65,JUDLOJ__ligand2087-0
66,JUDLOJ__ligand1048-0
67,JUDLOJ__ligand1171-0
68,JUDLOJ__ligand32-0
69,JUDLOJ__ligand11730-0
70,JUDLOJ__ligand3063-0
71,JUDLOJ__ligand384-0
72,JUDLOJ__ligand1438-0
73,JUDLOJ__ligand5801-0
74,JUDLOJ__ligand120-0
75,JUDLOJ__ligand1607-0
76,JUDLOJ__ligand1152-0
77,JUDLOJ__ligand11-0
78,JUDLOJ__ligand1727-0
79,JUDLOJ__ligand2907-0
80,JUDLOJ__ligand2430-0
81,JUDLOJ__ligand1703-0
82,JUDLOJ__ligand383-0
83,JUDLOJ__ligand2862-0
84,JUDLOJ__ligand1056-0
85,JUDLOJ__ligand2320-0
86,JUDLOJ__ligand2510-0
87,JUDLOJ__ligand226-0
88,JUDLOJ__ligand1567-0
89,JUDLOJ__ligand2285-0
90,JUDLOJ__ligand162-0
91,JUDLOJ__ligand8921-0
92,JUDLOJ__ligand1054-0
93,JUDLOJ__ligand6294-0
94,JUDLOJ__ligand1248-0
95,JUDLOJ__ligand4303-0
96,JUDLOJ__ligand1598-0
97,JUDLOJ__ligand509-0
98,JUDLOJ__ligand7464-0
99,JUDLOJ__ligand571-0
100,JUDLOJ__ligand118-0
101,JUDLOJ__ligand670-0
102,JUDLOJ__ligand278-0
103,JUDLOJ__ligand365-0
104,JUDLOJ__ligand8774-0
105,JUDLOJ__ligand430-0
106,JUDLOJ__ligand358-0
107,JUDLOJ__ligand3637-0
108,JUDLOJ__ligand669-0
109,JUDLOJ__ligand17-0
110,JUDLOJ__ligand1799-0
111,JUDLOJ__ligand3838-0
112,JUDLOJ__ligand2838-0
113,JUDLOJ__ligand2880-0
114,JUDLOJ__ligand5941-0
115,JUDLOJ__ligand409-0
116,JUDLOJ__ligand324-0
117,JUDLOJ__ligand361-0
118,JUDLOJ__ligand6-0
119,JUDLOJ__ligand140-0
120,JUDLOJ__ligand105-0
121,JUDLOJ__ligand5022-0
122,JUDLOJ__ligand1169-0
123,JUDLOJ__ligand92-0
124,JUDLOJ__ligand199-0
125,JUDLOJ__ligand927-0
126,JUDLOJ__ligand2864-0
127,JUDLOJ__ligand6538-0
128,JUDLOJ__ligand9495-0
129,JUDLOJ__ligand2772-0
130,JUDLOJ__ligand6151-0
131,JUDLOJ__ligand2142-0
132,JUDLOJ__ligand575-0
133,JUDLOJ__ligand497-0
134,JUDLOJ__ligand89-0
135,JUDLOJ__ligand532-0
136,JUDLOJ__ligand633-0
137,JUDLOJ__ligand918-0
138,JUDLOJ__ligand1273-0
139,JUDLOJ__ligand166-0
140,JUDLOJ__ligand1052-0
141,JUDLOJ__ligand49-0
142,JUDLOJ__ligand838-0
143,JUDLOJ__ligand206-0
144,JUDLOJ__ligand142-0
145,JUDLOJ__ligand4-0
146,JUDLOJ__ligand1502-0
147,JUDLOJ__ligand4983-0
148,JUDLOJ__ligand1835-0
149,JUDLOJ__ligand2794-0
150,JUDLOJ__ligand2345-0
151,JUDLOJ__ligand436-0
152,JUDLOJ__ligand326-0
153,JUDLOJ__ligand9027-0
154,JUDLOJ__ligand821-0
155,JUDLOJ__ligand6396-0
156,JUDLOJ__ligand283-0
157,JUDLOJ__ligand2265-0
158,JUDLOJ__ligand1113-0
159,JUDLOJ__ligand553-0
160,JUDLOJ__ligand442-0
161,JUDLOJ__ligand2389-0
162,JUDLOJ__ligand868-0
163,JUDLOJ__ligand10910-0
164,JUDLOJ__ligand136-0
165,JUDLOJ__ligand1919-0
166,JUDLOJ__ligand3579-0
167,JUDLOJ__ligand8-0
168,JUDLOJ__ligand2916-0
169,JUDLOJ__ligand2110-0
170,JUDLOJ__ligand1712-0
171,JUDLOJ__ligand352-0
172,JUDLOJ__ligand783-0
173,JUDLOJ__ligand296-0
174,JUDLOJ__ligand197-0
175,JUDLOJ__ligand1858-0
176,JUDLOJ__ligand14530-0
177,JUDLOJ__ligand8032-0
178,JUDLOJ__ligand45-0
179,JUDLOJ__ligand2480-0
180,JUDLOJ__ligand4504-0
181,JUDLOJ__ligand3051-0
182,JUDLOJ__ligand1898-0
183,JUDLOJ__ligand78-0
184,JUDLOJ__ligand85-0
185,JUDLOJ__ligand2315-0
186,JUDLOJ__ligand112-0
187,JUDLOJ__ligand5334-0
188,JUDLOJ__ligand421-0
189,JUDLOJ__ligand798-0
190,JUDLOJ__ligand6571-0
191,JUDLOJ__ligand2482-0
192,JUDLOJ__ligand1325-0
193,JUDLOJ__ligand584-0
194,JUDLOJ__ligand916-0
195,JUDLOJ__ligand993-0
196,JUDLOJ__ligand1104-0
197,JUDLOJ__ligand5762-0
198,JUDLOJ__ligand7414-0
199,JUDLOJ__ligand294-0
200,JUDLOJ__ligand2442-0
201,JUDLOJ__ligand10479-0
202,JUDLOJ__ligand331-0
203,JUDLOJ__ligand1019-0
204,JUDLOJ__ligand1221-0
205,JUDLOJ__ligand1264-0
206,JUDLOJ__ligand109-0
207,JUDLOJ__ligand6430-0
208,JUDLOJ__ligand525-0
209,JUDLOJ__ligand560-0
210,JUDLOJ__ligand1299-0
211,JUDLOJ__ligand1379-0
212,JUDLOJ__ligand390-0
213,JUDLOJ__ligand2376-0
214,JUDLOJ__ligand235-0
215,JUDLOJ__ligand134-0
216,JUDLOJ__ligand2929-0
217,JUDLOJ__ligand932-0
218,JUDLOJ__ligand10114-0
219,JUDLOJ__ligand67-0
220,JUDLOJ__ligand311-0
221,JUDLOJ__ligand4894-0
222,JUDLOJ__ligand1260-0
223,JUDLOJ__ligand9620-0
224,JUDLOJ__ligand188-0
225,JUDLOJ__ligand4811-0
226,JUDLOJ__ligand1449-1
227,JUDLOJ__ligand7514-0
228,JUDLOJ__ligand369-0
229,JUDLOJ__ligand3337-0
230,JUDLOJ__ligand444-0
231,JUDLOJ__ligand3566-0
232,JUDLOJ__ligand1178-0
233,JUDLOJ__ligand250-0
234,JUDLOJ__ligand1321-0
235,JUDLOJ__ligand460-0
236,JUDLOJ__ligand370-0
237,JUDLOJ__ligand1788-0
238,JUDLOJ__ligand830-0
239,JUDLOJ__ligand6166-0
240,JUDLOJ__ligand193-0
241,JUDLOJ__ligand1246-0
242,JUDLOJ__ligand955-0
243,JUDLOJ__ligand2599-0
244,JUDLOJ__ligand5089-0
245,JUDLOJ__ligand252-0
246,JUDLOJ__ligand2853-0
247,JUDLOJ__ligand3853-0
248,JUDLOJ__ligand177-0
249,JUDLOJ__ligand934-0
250,JUDLOJ__ligand1307-0
251,JUDLOJ__ligand851-0
252,JUDLOJ__ligand909-0
253,JUDLOJ__ligand2707-0
254,JUDLOJ__ligand1690-0
255,JUDLOJ__ligand1551-0
256,JUDLOJ__ligand2526-0
257,JUDLOJ__ligand210-0
258,JUDLOJ__ligand86-0
259,JUDLOJ__ligand4012-0
260,JUDLOJ__ligand3196-0
261,JUDLOJ__ligand170-0
262,JUDLOJ__ligand391-0
263,JUDLOJ__ligand314-0
264,JUDLOJ__ligand481-0
265,JUDLOJ__ligand62-0
266,JUDLOJ__ligand2915-0
267,JUDLOJ__ligand4175-0
268,JUDLOJ__ligand353-0
269,JUDLOJ__ligand2255-0
270,JUDLOJ__ligand1918-0
271,JUDLOJ__ligand236-0
272,JUDLOJ__ligand18-0
273,JUDLOJ__ligand113-0
274,JUDLOJ__ligand4370-0
275,JUDLOJ__ligand422-0
276,JUDLOJ__ligand10357-0
277,JUDLOJ__ligand1436-0
278,JUDLOJ__ligand15630-0
279,JUDLOJ__ligand2618-0
280,JUDLOJ__ligand3618-0
281,JUDLOJ__ligand196-0
282,JUDLOJ__ligand502-0
283,JUDLOJ__ligand3478-0
284,JUDLOJ__ligand3852-0
285,JUDLOJ__ligand38-0
286,JUDLOJ__ligand5758-0
287,JUDLOJ__ligand682-0
288,JUDLOJ__ligand7456-0
289,JUDLOJ__ligand40-0
290,JUDLOJ__ligand1818-0
291,JUDLOJ__ligand666-0
292,JUDLOJ__ligand522-0
293,JUDLOJ__ligand3251-0
294,JUDLOJ__ligand4619-0
295,JUDLOJ__ligand6143-0
296,JUDLOJ__ligand21-0
297,JUDLOJ__ligand5235-0
298,JUDLOJ__ligand487-0
299,JUDLOJ__ligand2718-0
300,JUDLOJ__ligand3070-0
301,JUDLOJ__ligand3035-0
302,JUDLOJ__ligand447-0
303,JUDLOJ__ligand1493-0
304,JUDLOJ__ligand9176-0
305,JUDLOJ__ligand133-0
306,JUDLOJ__ligand7550-0
307,JUDLOJ__ligand1160-0
308,JUDLOJ__ligand2253-0
309,JUDLOJ__ligand2954-0
310,JUDLOJ__ligand5093-0
311,JUDLOJ__ligand485-0
312,JUDLOJ__ligand2762-0
313,JUDLOJ__ligand66-0
314,JUDLOJ__ligand355-0
315,JUDLOJ__ligand784-0
316,JUDLOJ__ligand1038-0
317,JUDLOJ__ligand291-0
318,JUDLOJ__ligand4423-0
319,JUDLOJ__ligand1907-0
320,JUDLOJ__ligand3890-0
321,JUDLOJ__ligand7630-0
322,JUDLOJ__ligand1285-0
323,JUDLOJ__ligand1555-0
324,JUDLOJ__ligand115-0
