,TMC
0,NUGDOI__ligand6839-0
1,NUGDOI__ligand3131-0
2,NUGDOI__ligand3937-0
3,NUGDOI__ligand1202-0
4,NUGDOI__ligand25411-0
5,NUGDOI__ligand3174-0
6,NUGDOI__ligand8969-0
7,NUGDOI__ligand4720-0
8,NUGDOI__ligand353-0
9,NUGDOI__ligand3094-0
10,NUGDOI__ligand4155-0
11,NUGDOI__ligand14174-0
12,NUGDOI__ligand10712-0
13,NUGDOI__ligand34-0
14,NUGDOI__ligand5211-0
15,NUGDOI__ligand11456-0
16,NUGDOI__ligand6919-0
17,NUGDOI__ligand12030-0
18,NUGDOI__ligand2485-0
19,NUGDOI__ligand14248-0
20,NUGDOI__ligand29879-0
21,NUGDOI__ligand3852-0
22,NUGDOI__ligand28884-0
23,NUGDOI__ligand13331-0
24,NUGDOI__ligand3565-0
25,NUGDOI__ligand393-0
26,NUGDOI__ligand5331-0
27,NUGDOI__ligand31832-0
28,NUGDOI__ligand1512-0
29,NUGDOI__ligand13294-0
30,NUGDOI__ligand686-0
31,NUGDOI__ligand4661-0
32,NUGDOI__ligand1844-0
33,NUGDOI__ligand6616-0
34,NUGDOI__ligand3035-0
35,NUGDOI__ligand1343-0
36,NUGDOI__ligand3876-0
37,NUGDOI__ligand3718-0
38,NUGDOI__ligand68-0
39,NUGDOI__ligand9935-0
40,NUGDOI__ligand26810-0
41,NUGDOI__ligand1573-0
42,NUGDOI__ligand1536-0
43,NUGDOI__ligand27482-0
44,NUGDOI__ligand1959-0
45,NUGDOI__ligand13208-0
46,NUGDOI__ligand422-0
47,NUGDOI__ligand3504-0
48,NUGDOI__ligand1263-0
49,NUGDOI__ligand9908-0
50,NUGDOI__ligand20682-0
51,NUGDOI__ligand13390-0
52,NUGDOI__ligand55-0
53,NUGDOI__ligand7106-0
54,NUGDOI__ligand7242-0
55,NUGDOI__ligand196-0
56,NUGDOI__ligand20539-0
57,NUGDOI__ligand3954-0
58,NUGDOI__ligand30702-0
59,NUGDOI__ligand20214-0
60,NUGDOI__ligand4442-0
61,NUGDOI__ligand20251-0
62,NUGDOI__ligand4093-0
63,NUGDOI__ligand9520-0
64,NUGDOI__ligand1160-0
65,NUGDOI__ligand8699-0
66,NUGDOI__ligand21581-0
67,NUGDOI__ligand31097-0
68,NUGDOI__ligand14117-0
69,NUGDOI__ligand9784-0
70,NUGDOI__ligand17261-0
71,NUGDOI__ligand4272-0
72,NUGDOI__ligand1451-0
73,NUGDOI__ligand57-0
74,NUGDOI__ligand314-1
75,NUGDOI__ligand7629-0
76,NUGDOI__ligand20419-0
77,NUGDOI__ligand21371-0
78,NUGDOI__ligand7280-0
79,NUGDOI__ligand1304-0
80,NUGDOI__ligand17118-0
81,NUGDOI__ligand1790-0
82,NUGDOI__ligand7238-0
83,NUGDOI__ligand28789-0
84,NUGDOI__ligand465-0
85,NUGDOI__ligand29568-0
86,NUGDOI__ligand4016-0
87,NUGDOI__ligand14889-0
88,NUGDOI__ligand7867-0
89,NUGDOI__ligand30851-0
90,NUGDOI__ligand6709-0
91,NUGDOI__ligand1219-0
92,NUGDOI__ligand20011-0
93,NUGDOI__ligand17278-0
94,NUGDOI__ligand17982-0
95,NUGDOI__ligand29414-0
96,NUGDOI__ligand4546-0
97,NUGDOI__ligand4503-0
98,NUGDOI__ligand618-0
99,NUGDOI__ligand6768-0
100,NUGDOI__ligand8115-0
101,NUGDOI__ligand391-0
102,NUGDOI__ligand7000-0
103,NUGDOI__ligand17398-0
104,NUGDOI__ligand1982-0
105,NUGDOI__ligand20598-0
106,NUGDOI__ligand11675-0
107,NUGDOI__ligand24047-0
108,NUGDOI__ligand10589-0
109,NUGDOI__ligand1285-0
110,NUGDOI__ligand22557-0
111,NUGDOI__ligand2232-0
112,NUGDOI__ligand780-0
113,NUGDOI__ligand314-0
114,NUGDOI__ligand14703-0
115,NUGDOI__ligand16475-0
116,NUGDOI__ligand813-0
117,NUGDOI__ligand2176-0
118,NUGDOI__ligand9291-0
119,NUGDOI__ligand7648-0
120,NUGDOI__ligand2828-0
121,NUGDOI__ligand8876-0
122,NUGDOI__ligand9833-0
123,NUGDOI__ligand5256-0
124,NUGDOI__ligand20251-1
125,NUGDOI__ligand4157-0
126,NUGDOI__ligand368-0
127,NUGDOI__ligand5036-0
128,NUGDOI__ligand2526-0
129,NUGDOI__ligand30333-0
130,NUGDOI__ligand1615-0
131,NUGDOI__ligand9111-0
132,NUGDOI__ligand9952-0
133,NUGDOI__ligand12606-0
134,NUGDOI__ligand395-0
135,NUGDOI__ligand1324-0
136,NUGDOI__ligand30296-0
137,NUGDOI__ligand17281-0
138,NUGDOI__ligand8721-0
139,NUGDOI__ligand5643-0
140,NUGDOI__ligand26540-0
141,NUGDOI__ligand1823-0
142,NUGDOI__ligand12337-0
143,NUGDOI__ligand29410-0
144,NUGDOI__ligand12427-0
145,NUGDOI__ligand1018-0
146,NUGDOI__ligand28468-0
147,NUGDOI__ligand20740-0
148,NUGDOI__ligand4116-0
149,NUGDOI__ligand32-0
150,NUGDOI__ligand6124-0
151,NUGDOI__ligand3707-0
152,NUGDOI__ligand16628-0
153,NUGDOI__ligand7967-0
154,NUGDOI__ligand9601-0
155,NUGDOI__ligand27460-0
156,NUGDOI__ligand784-0
157,NUGDOI__ligand8992-0
158,NUGDOI__ligand16-0
159,NUGDOI__ligand27175-0
160,NUGDOI__ligand18832-0
161,NUGDOI__ligand23713-0
162,NUGDOI__ligand1378-0
163,NUGDOI__ligand6244-0
164,NUGDOI__ligand30988-0
165,NUGDOI__ligand14723-0
166,NUGDOI__ligand27893-0
167,NUGDOI__ligand20578-0
168,NUGDOI__ligand12934-0
169,NUGDOI__ligand15422-0
170,NUGDOI__ligand3156-0
171,NUGDOI__ligand833-0
172,NUGDOI__ligand19641-0
173,NUGDOI__ligand2915-0
174,NUGDOI__ligand1575-0
175,NUGDOI__ligand1530-0
176,NUGDOI__ligand9933-0
177,NUGDOI__ligand31783-0
178,NUGDOI__ligand1631-0
179,NUGDOI__ligand9441-0
180,NUGDOI__ligand14603-0
181,NUGDOI__ligand14297-0
182,NUGDOI__ligand2332-0
183,NUGDOI__ligand17258-0
184,NUGDOI__ligand17631-0
185,NUGDOI__ligand13012-0
186,NUGDOI__ligand115-0
187,NUGDOI__ligand26665-0
188,NUGDOI__ligand17302-0
189,NUGDOI__ligand17805-0
190,NUGDOI__ligand2295-0
191,NUGDOI__ligand6067-0
192,NUGDOI__ligand1577-0
193,NUGDOI__ligand152-0
194,NUGDOI__ligand24185-0
195,NUGDOI__ligand23769-0
196,NUGDOI__ligand91-0
197,NUGDOI__ligand4620-0
198,NUGDOI__ligand25178-0
199,NUGDOI__ligand12401-0
200,NUGDOI__ligand15585-0
201,NUGDOI__ligand3465-0
202,NUGDOI__ligand506-0
203,NUGDOI__ligand24145-0
204,NUGDOI__ligand10476-0
205,NUGDOI__ligand6102-0
206,NUGDOI__ligand6904-0
207,NUGDOI__ligand3721-0
208,NUGDOI__ligand51-0
209,NUGDOI__ligand6596-0
210,NUGDOI__ligand13068-0
211,NUGDOI__ligand19830-0
212,NUGDOI__ligand18292-0
213,NUGDOI__ligand12289-0
214,NUGDOI__ligand26702-0
215,NUGDOI__ligand2917-0
216,NUGDOI__ligand13658-0
217,NUGDOI__ligand7819-0
218,NUGDOI__ligand17387-0
219,NUGDOI__ligand12130-0
220,NUGDOI__ligand12231-0
221,NUGDOI__ligand18814-0
222,NUGDOI__ligand7126-0
223,NUGDOI__ligand19057-0
224,NUGDOI__ligand2028-0
225,NUGDOI__ligand8835-0
226,NUGDOI__ligand29302-0
227,NUGDOI__ligand13425-0
228,NUGDOI__ligand3234-0
229,NUGDOI__ligand1142-0
230,NUGDOI__ligand28676-0
231,NUGDOI__ligand10262-0
232,NUGDOI__ligand27763-0
233,NUGDOI__ligand487-0
234,NUGDOI__ligand746-0
235,NUGDOI__ligand12641-0
236,NUGDOI__ligand447-0
237,NUGDOI__ligand10958-0
238,NUGDOI__ligand14108-0
239,NUGDOI__ligand4641-0
240,NUGDOI__ligand48-0
241,NUGDOI__ligand176-0
242,NUGDOI__ligand5483-0
243,NUGDOI__ligand421-0
244,NUGDOI__ligand16791-0
245,NUGDOI__ligand5316-0
246,NUGDOI__ligand28668-0
247,NUGDOI__ligand2830-0
248,NUGDOI__ligand8-0
249,NUGDOI__ligand1729-0
250,NUGDOI__ligand18799-0
251,NUGDOI__ligand685-0
252,NUGDOI__ligand5627-0
253,NUGDOI__ligand18465-0
254,NUGDOI__ligand7529-0
255,NUGDOI__ligand18074-0
256,NUGDOI__ligand6946-0
257,NUGDOI__ligand1415-0
258,NUGDOI__ligand13869-0
259,NUGDOI__ligand294-0
260,NUGDOI__ligand29863-0
261,NUGDOI__ligand29610-0
262,NUGDOI__ligand9148-0
263,NUGDOI__ligand11140-0
264,NUGDOI__ligand10084-0
265,NUGDOI__ligand25267-0
266,NUGDOI__ligand12467-0
267,NUGDOI__ligand2403-0
268,NUGDOI__ligand560-0
269,NUGDOI__ligand6882-0
270,NUGDOI__ligand6455-0
271,NUGDOI__ligand21936-0
272,NUGDOI__ligand13257-0
273,NUGDOI__ligand3934-0
274,NUGDOI__ligand23904-0
275,NUGDOI__ligand27074-0
276,NUGDOI__ligand4332-0
277,NUGDOI__ligand9681-0
278,NUGDOI__ligand20599-0
279,NUGDOI__ligand22981-0
280,NUGDOI__ligand25805-0
281,NUGDOI__ligand7530-0
282,NUGDOI__ligand235-0
283,NUGDOI__ligand1065-0
284,NUGDOI__ligand134-0
285,NUGDOI__ligand3012-0
286,NUGDOI__ligand18391-0
287,NUGDOI__ligand27169-0
288,NUGDOI__ligand1449-0
289,NUGDOI__ligand14523-0
290,NUGDOI__ligand27835-0
291,NUGDOI__ligand4330-0
292,NUGDOI__ligand12295-0
293,NUGDOI__ligand868-0
294,NUGDOI__ligand2599-0
295,NUGDOI__ligand25689-0
296,NUGDOI__ligand21787-0
297,NUGDOI__ligand25575-0
298,NUGDOI__ligand4194-0
299,NUGDOI__ligand7532-0
300,NUGDOI__ligand30539-0
301,NUGDOI__ligand7925-0
302,NUGDOI__ligand2068-0
303,NUGDOI__ligand3973-0
304,NUGDOI__ligand23906-0
305,NUGDOI__ligand11166-0
306,NUGDOI__ligand1147-0
307,NUGDOI__ligand21132-0
308,NUGDOI__ligand783-0
309,NUGDOI__ligand352-0
310,NUGDOI__ligand11-0
311,NUGDOI__ligand7107-0
312,NUGDOI__ligand197-0
313,NUGDOI__ligand25735-0
314,NUGDOI__ligand12519-0
315,NUGDOI__ligand3215-0
316,NUGDOI__ligand23124-0
317,NUGDOI__ligand11206-0
318,NUGDOI__ligand12660-0
319,NUGDOI__ligand6062-0
320,NUGDOI__ligand4738-0
321,NUGDOI__ligand5813-0
322,NUGDOI__ligand13209-0
323,NUGDOI__ligand19257-0
324,NUGDOI__ligand4813-0
325,NUGDOI__ligand25650-0
326,NUGDOI__ligand31248-0
327,NUGDOI__ligand6283-0
328,NUGDOI__ligand69-0
329,NUGDOI__ligand5094-0
330,NUGDOI__ligand5892-0
331,NUGDOI__ligand830-0
332,NUGDOI__ligand372-0
333,NUGDOI__ligand4131-0
334,NUGDOI__ligand1712-0
335,NUGDOI__ligand193-0
336,NUGDOI__ligand29898-0
337,NUGDOI__ligand26277-0
338,NUGDOI__ligand11432-0
339,NUGDOI__ligand31618-0
340,NUGDOI__ligand10432-0
341,NUGDOI__ligand22755-0
342,NUGDOI__ligand116-0
343,NUGDOI__ligand7557-0
344,NUGDOI__ligand252-0
345,NUGDOI__ligand1496-0
346,NUGDOI__ligand15168-0
347,NUGDOI__ligand24064-0
348,NUGDOI__ligand23589-0
349,NUGDOI__ligand1533-0
350,NUGDOI__ligand29087-0
351,NUGDOI__ligand7573-0
352,NUGDOI__ligand2781-0
353,NUGDOI__ligand3350-0
354,NUGDOI__ligand49-0
355,NUGDOI__ligand8722-0
356,NUGDOI__ligand177-0
357,NUGDOI__ligand6672-0
358,NUGDOI__ligand9809-0
359,NUGDOI__ligand1327-0
360,NUGDOI__ligand18703-0
361,NUGDOI__ligand15438-0
362,NUGDOI__ligand28924-0
363,NUGDOI__ligand3208-0
364,NUGDOI__ligand2208-0
365,NUGDOI__ligand9197-0
366,NUGDOI__ligand1900-0
367,NUGDOI__ligand24750-0
368,NUGDOI__ligand25224-0
369,NUGDOI__ligand18013-0
370,NUGDOI__ligand7162-0
371,NUGDOI__ligand909-0
372,NUGDOI__ligand17945-0
373,NUGDOI__ligand3029-0
374,NUGDOI__ligand1773-0
375,NUGDOI__ligand4581-0
376,NUGDOI__ligand31578-0
377,NUGDOI__ligand2328-0
378,NUGDOI__ligand17207-0
379,NUGDOI__ligand89-0
380,NUGDOI__ligand311-0
381,NUGDOI__ligand785-0
382,NUGDOI__ligand479-0
383,NUGDOI__ligand5849-0
384,NUGDOI__ligand18699-0
385,NUGDOI__ligand12682-0
386,NUGDOI__ligand17240-0
387,NUGDOI__ligand1771-0
388,NUGDOI__ligand4911-0
389,NUGDOI__ligand564-0
390,NUGDOI__ligand370-1
391,NUGDOI__ligand17590-0
392,NUGDOI__ligand3392-0
393,NUGDOI__ligand620-0
394,NUGDOI__ligand13072-0
395,NUGDOI__ligand8349-0
396,NUGDOI__ligand1709-0
397,NUGDOI__ligand12336-0
398,NUGDOI__ligand8464-0
399,NUGDOI__ligand188-0
400,NUGDOI__ligand2527-0
401,NUGDOI__ligand1768-0
402,NUGDOI__ligand250-0
403,NUGDOI__ligand24613-0
404,NUGDOI__ligand1469-0
405,NUGDOI__ligand19725-0
406,NUGDOI__ligand3871-0
407,NUGDOI__ligand31483-0
408,NUGDOI__ligand5357-0
409,NUGDOI__ligand3647-0
410,NUGDOI__ligand1688-0
411,NUGDOI__ligand10555-0
412,NUGDOI__ligand5056-0
413,NUGDOI__ligand4850-0
414,NUGDOI__ligand9525-0
415,NUGDOI__ligand1165-0
416,NUGDOI__ligand370-0
417,NUGDOI__ligand20579-0
418,NUGDOI__ligand17710-0
419,NUGDOI__ligand3157-0
420,NUGDOI__ligand11568-0
421,NUGDOI__ligand17-0
422,NUGDOI__ligand2722-0
423,NUGDOI__ligand21421-0
424,NUGDOI__ligand1379-0
425,NUGDOI__ligand5935-0
426,NUGDOI__ligand14586-0
427,NUGDOI__ligand11774-0
428,NUGDOI__ligand1169-0
429,NUGDOI__ligand24851-0
430,NUGDOI__ligand8529-0
431,NUGDOI__ligand14347-0
432,NUGDOI__ligand13657-0
433,NUGDOI__ligand14302-0
434,NUGDOI__ligand20530-0
435,NUGDOI__ligand11698-0
436,NUGDOI__ligand27610-0
437,NUGDOI__ligand10479-0
438,NUGDOI__ligand11479-0
439,NUGDOI__ligand29441-0
440,NUGDOI__ligand10853-0
441,NUGDOI__ligand1498-0
442,NUGDOI__ligand534-0
443,NUGDOI__ligand571-0
444,NUGDOI__ligand4596-0
445,NUGDOI__ligand16952-0
446,NUGDOI__ligand29813-0
447,NUGDOI__ligand670-0
448,NUGDOI__ligand20220-0
449,NUGDOI__ligand9615-0
450,NUGDOI__ligand1154-0
451,NUGDOI__ligand20121-0
452,NUGDOI__ligand15387-0
453,NUGDOI__ligand4262-0
454,NUGDOI__ligand1028-0
455,NUGDOI__ligand1618-0
456,NUGDOI__ligand10151-0
457,NUGDOI__ligand2692-0
458,NUGDOI__ligand19906-0
459,NUGDOI__ligand488-0
460,NUGDOI__ligand19668-0
461,NUGDOI__ligand430-0
462,NUGDOI__ligand358-0
463,NUGDOI__ligand1015-0
464,NUGDOI__ligand1050-0
465,NUGDOI__ligand22353-0
466,NUGDOI__ligand694-0
467,NUGDOI__ligand2027-0
468,NUGDOI__ligand11606-0
469,NUGDOI__ligand3180-0
470,NUGDOI__ligand4340-0
471,NUGDOI__ligand31000-0
472,NUGDOI__ligand2281-0
473,NUGDOI__ligand2650-0
474,NUGDOI__ligand26673-0
475,NUGDOI__ligand2823-0
476,NUGDOI__ligand78-0
477,NUGDOI__ligand6995-0
478,NUGDOI__ligand20821-0
479,NUGDOI__ligand696-0
480,NUGDOI__ligand3471-0
481,NUGDOI__ligand4161-0
482,NUGDOI__ligand4124-0
483,NUGDOI__ligand656-0
484,NUGDOI__ligand19824-0
485,NUGDOI__ligand45-0
486,NUGDOI__ligand18067-0
487,NUGDOI__ligand5415-0
488,NUGDOI__ligand11252-0
489,NUGDOI__ligand10582-0
490,NUGDOI__ligand13260-0
491,NUGDOI__ligand5201-0
492,NUGDOI__ligand24-0
493,NUGDOI__ligand31205-0
494,NUGDOI__ligand25658-0
495,NUGDOI__ligand17686-0
496,NUGDOI__ligand8553-0
497,NUGDOI__ligand11177-0
498,NUGDOI__ligand1113-0
499,NUGDOI__ligand15455-0
500,NUGDOI__ligand383-0
501,NUGDOI__ligand16870-0
502,NUGDOI__ligand8593-0
503,NUGDOI__ligand9944-0
504,NUGDOI__ligand416-0
505,NUGDOI__ligand11622-0
506,NUGDOI__ligand11814-0
507,NUGDOI__ligand226-0
508,NUGDOI__ligand7566-0
509,NUGDOI__ligand16603-0
510,NUGDOI__ligand19-0
511,NUGDOI__ligand162-0
512,NUGDOI__ligand2001-0
513,NUGDOI__ligand497-0
514,NUGDOI__ligand14339-0
515,NUGDOI__ligand1216-0
516,NUGDOI__ligand30788-0
517,NUGDOI__ligand13691-0
518,NUGDOI__ligand5019-0
519,NUGDOI__ligand1152-0
520,NUGDOI__ligand3261-0
521,NUGDOI__ligand21752-0
522,NUGDOI__ligand1849-0
523,NUGDOI__ligand633-0
524,NUGDOI__ligand6663-0
525,NUGDOI__ligand18757-0
526,NUGDOI__ligand24560-0
527,NUGDOI__ligand5515-0
528,NUGDOI__ligand18413-0
529,NUGDOI__ligand1831-0
530,NUGDOI__ligand20844-0
531,NUGDOI__ligand24624-0
532,NUGDOI__ligand5280-0
533,NUGDOI__ligand5614-0
534,NUGDOI__ligand5630-0
535,NUGDOI__ligand692-0
536,NUGDOI__ligand1786-0
537,NUGDOI__ligand30004-0
538,NUGDOI__ligand20557-0
539,NUGDOI__ligand4795-0
540,NUGDOI__ligand3285-0
541,NUGDOI__ligand1908-0
542,NUGDOI__ligand436-0
543,NUGDOI__ligand21940-0
544,NUGDOI__ligand5755-0
545,NUGDOI__ligand326-0
546,NUGDOI__ligand4710-0
547,NUGDOI__ligand25048-0
548,NUGDOI__ligand5085-0
549,NUGDOI__ligand3144-0
550,NUGDOI__ligand8042-0
551,NUGDOI__ligand16133-0
552,NUGDOI__ligand13755-0
553,NUGDOI__ligand6112-0
554,NUGDOI__ligand20432-0
555,NUGDOI__ligand27122-0
556,NUGDOI__ligand1828-0
557,NUGDOI__ligand24953-0
558,NUGDOI__ligand7213-0
559,NUGDOI__ligand23445-0
560,NUGDOI__ligand1397-0
561,NUGDOI__ligand14477-0
562,NUGDOI__ligand17069-0
563,NUGDOI__ligand17445-0
564,NUGDOI__ligand1288-0
565,NUGDOI__ligand409-0
566,NUGDOI__ligand361-0
567,NUGDOI__ligand324-0
568,NUGDOI__ligand4167-0
569,NUGDOI__ligand20731-0
570,NUGDOI__ligand12413-0
571,NUGDOI__ligand29334-0
572,NUGDOI__ligand11798-0
573,NUGDOI__ligand4266-0
574,NUGDOI__ligand1400-0
575,NUGDOI__ligand43-0
576,NUGDOI__ligand9491-0
577,NUGDOI__ligand21448-0
578,NUGDOI__ligand9750-0
579,NUGDOI__ligand1779-0
580,NUGDOI__ligand6993-0
581,NUGDOI__ligand1817-0
582,NUGDOI__ligand22357-0
583,NUGDOI__ligand11758-0
584,NUGDOI__ligand3980-0
585,NUGDOI__ligand3557-0
586,NUGDOI__ligand29214-0
587,NUGDOI__ligand1149-0
588,NUGDOI__ligand7075-0
589,NUGDOI__ligand11501-0
590,NUGDOI__ligand11544-0
591,NUGDOI__ligand27550-0
592,NUGDOI__ligand199-0
593,NUGDOI__ligand3042-0
594,NUGDOI__ligand8200-0
595,NUGDOI__ligand7438-0
596,NUGDOI__ligand14007-0
597,NUGDOI__ligand18019-1
598,NUGDOI__ligand4063-0
599,NUGDOI__ligand23682-0
600,NUGDOI__ligand300-0
601,NUGDOI__ligand1150-0
602,NUGDOI__ligand29565-0
603,NUGDOI__ligand27771-0
604,NUGDOI__ligand1539-0
605,NUGDOI__ligand18158-0
606,NUGDOI__ligand20942-1
607,NUGDOI__ligand21339-0
608,NUGDOI__ligand588-0
609,NUGDOI__ligand14226-0
610,NUGDOI__ligand4-0
611,NUGDOI__ligand16956-0
612,NUGDOI__ligand4207-0
613,NUGDOI__ligand67-0
614,NUGDOI__ligand3453-0
615,NUGDOI__ligand3416-0
616,NUGDOI__ligand5080-0
617,NUGDOI__ligand7762-0
618,NUGDOI__ligand30711-0
619,NUGDOI__ligand20207-0
620,NUGDOI__ligand11682-0
621,NUGDOI__ligand366-0
622,NUGDOI__ligand187-0
623,NUGDOI__ligand16988-0
624,NUGDOI__ligand25913-0
625,NUGDOI__ligand8002-0
626,NUGDOI__ligand5509-0
627,NUGDOI__ligand657-0
628,NUGDOI__ligand6117-0
629,NUGDOI__ligand1407-0
630,NUGDOI__ligand3867-0
631,NUGDOI__ligand1317-0
632,NUGDOI__ligand7293-0
633,NUGDOI__ligand596-0
634,NUGDOI__ligand941-0
635,NUGDOI__ligand2822-0
636,NUGDOI__ligand16663-0
637,NUGDOI__ligand14614-0
638,NUGDOI__ligand2238-0
639,NUGDOI__ligand24035-0
640,NUGDOI__ligand11994-0
641,NUGDOI__ligand9167-0
642,NUGDOI__ligand31044-0
643,NUGDOI__ligand777-0
644,NUGDOI__ligand5304-0
645,NUGDOI__ligand31842-0
646,NUGDOI__ligand12365-0
647,NUGDOI__ligand10056-0
648,NUGDOI__ligand11357-0
649,NUGDOI__ligand13862-0
650,NUGDOI__ligand28743-0
651,NUGDOI__ligand18-0
652,NUGDOI__ligand9773-0
653,NUGDOI__ligand15531-0
654,NUGDOI__ligand1376-0
655,NUGDOI__ligand163-0
656,NUGDOI__ligand5510-0
657,NUGDOI__ligand126-0
658,NUGDOI__ligand22294-0
659,NUGDOI__ligand1197-0
660,NUGDOI__ligand8592-0
661,NUGDOI__ligand5099-0
662,NUGDOI__ligand22168-0
663,NUGDOI__ligand28930-0
664,NUGDOI__ligand1296-0
665,NUGDOI__ligand21919-0
666,NUGDOI__ligand2259-0
667,NUGDOI__ligand11970-0
668,NUGDOI__ligand2221-0
669,NUGDOI__ligand15883-0
670,NUGDOI__ligand4358-0
671,NUGDOI__ligand845-0
672,NUGDOI__ligand3926-0
673,NUGDOI__ligand3120-0
674,NUGDOI__ligand24230-0
675,NUGDOI__ligand28810-0
676,NUGDOI__ligand3-0
677,NUGDOI__ligand11447-0
678,NUGDOI__ligand11096-0
679,NUGDOI__ligand19792-0
680,NUGDOI__ligand5595-0
681,NUGDOI__ligand10828-0
682,NUGDOI__ligand4101-0
683,NUGDOI__ligand15926-0
684,NUGDOI__ligand1211-0
685,NUGDOI__ligand6892-0
686,NUGDOI__ligand1499-0
687,NUGDOI__ligand13477-0
688,NUGDOI__ligand14167-0
689,NUGDOI__ligand2881-0
690,NUGDOI__ligand27669-0
691,NUGDOI__ligand1-0
692,NUGDOI__ligand3712-0
693,NUGDOI__ligand1464-0
694,NUGDOI__ligand30142-0
695,NUGDOI__ligand27285-0
696,NUGDOI__ligand29029-0
697,NUGDOI__ligand6699-0
698,NUGDOI__ligand338-0
699,NUGDOI__ligand1168-0
700,NUGDOI__ligand1294-0
701,NUGDOI__ligand23197-0
702,NUGDOI__ligand3677-0
703,NUGDOI__ligand3632-0
704,NUGDOI__ligand9883-0
705,NUGDOI__ligand3677-1
706,NUGDOI__ligand201-0
707,NUGDOI__ligand10371-0
708,NUGDOI__ligand7291-0
709,NUGDOI__ligand9299-0
710,NUGDOI__ligand13672-0
711,NUGDOI__ligand4007-0
712,NUGDOI__ligand2985-0
713,NUGDOI__ligand18568-0
714,NUGDOI__ligand28685-0
715,NUGDOI__ligand2693-0
716,NUGDOI__ligand5383-0
717,NUGDOI__ligand321-0
718,NUGDOI__ligand19184-0
719,NUGDOI__ligand3945-0
720,NUGDOI__ligand3736-0
721,NUGDOI__ligand8000-0
722,NUGDOI__ligand178-0
723,NUGDOI__ligand185-0
724,NUGDOI__ligand28459-0
725,NUGDOI__ligand12453-0
726,NUGDOI__ligand18448-0
727,NUGDOI__ligand9344-0
728,NUGDOI__ligand279-0
729,NUGDOI__ligand29215-0
730,NUGDOI__ligand1599-0
731,NUGDOI__ligand2612-0
732,NUGDOI__ligand12003-0
733,NUGDOI__ligand141-0
734,NUGDOI__ligand16148-0
735,NUGDOI__ligand26631-0
736,NUGDOI__ligand21399-0
737,NUGDOI__ligand10872-0
738,NUGDOI__ligand9450-0
739,NUGDOI__ligand240-0
740,NUGDOI__ligand22403-0
741,NUGDOI__ligand42-0
742,NUGDOI__ligand27754-0
743,NUGDOI__ligand20695-0
744,NUGDOI__ligand1289-0
745,NUGDOI__ligand28540-0
746,NUGDOI__ligand11111-0
747,NUGDOI__ligand5387-0
748,NUGDOI__ligand16369-0
749,NUGDOI__ligand2203-0
750,NUGDOI__ligand66-0
751,NUGDOI__ligand26529-0
752,NUGDOI__ligand2417-0
753,NUGDOI__ligand11618-0
754,NUGDOI__ligand1114-0
755,NUGDOI__ligand3126-0
756,NUGDOI__ligand6391-0
757,NUGDOI__ligand9284-0
758,NUGDOI__ligand768-0
759,NUGDOI__ligand9943-0
760,NUGDOI__ligand1228-0
761,NUGDOI__ligand19927-0
762,NUGDOI__ligand384-0
763,NUGDOI__ligand14043-0
764,NUGDOI__ligand28559-0
765,NUGDOI__ligand1604-0
766,NUGDOI__ligand26324-0
767,NUGDOI__ligand1832-0
768,NUGDOI__ligand8788-0
769,NUGDOI__ligand21729-0
770,NUGDOI__ligand27239-0
771,NUGDOI__ligand2043-0
772,NUGDOI__ligand7316-0
773,NUGDOI__ligand11949-0
774,NUGDOI__ligand5708-0
775,NUGDOI__ligand6017-0
776,NUGDOI__ligand12138-0
777,NUGDOI__ligand757-0
778,NUGDOI__ligand24780-0
779,NUGDOI__ligand22129-0
780,NUGDOI__ligand25561-0
781,NUGDOI__ligand122-0
782,NUGDOI__ligand5180-0
783,NUGDOI__ligand7273-0
784,NUGDOI__ligand31694-0
785,NUGDOI__ligand9323-0
786,NUGDOI__ligand7172-0
787,NUGDOI__ligand29486-0
788,NUGDOI__ligand8612-0
789,NUGDOI__ligand2124-0
790,NUGDOI__ligand17427-0
791,NUGDOI__ligand2260-0
792,NUGDOI__ligand7092-0
793,NUGDOI__ligand1116-0
794,NUGDOI__ligand1153-0
795,NUGDOI__ligand3225-0
796,NUGDOI__ligand13385-0
797,NUGDOI__ligand14569-0
798,NUGDOI__ligand4649-0
799,NUGDOI__ligand2788-0
800,NUGDOI__ligand5649-0
801,NUGDOI__ligand8793-0
802,NUGDOI__ligand24111-0
803,NUGDOI__ligand22444-0
804,NUGDOI__ligand3244-0
805,NUGDOI__ligand4711-0
806,NUGDOI__ligand11587-0
807,NUGDOI__ligand13220-0
808,NUGDOI__ligand2906-0
809,NUGDOI__ligand23175-0
810,NUGDOI__ligand15788-0
811,NUGDOI__ligand17396-0
812,NUGDOI__ligand30728-0
813,NUGDOI__ligand3178-0
814,NUGDOI__ligand27840-0
815,NUGDOI__ligand4807-0
816,NUGDOI__ligand24872-0
817,NUGDOI__ligand693-0
818,NUGDOI__ligand24644-0
819,NUGDOI__ligand7196-0
820,NUGDOI__ligand5159-0
821,NUGDOI__ligand10033-0
822,NUGDOI__ligand1356-0
823,NUGDOI__ligand1787-0
824,NUGDOI__ligand5530-0
825,NUGDOI__ligand38-0
826,NUGDOI__ligand9753-0
827,NUGDOI__ligand12001-0
