,TMC
0,HEDCID__ligand13209-0
1,HEDCID__ligand66-0
2,HEDCID__ligand19257-0
3,HEDCID__ligand1028-0
4,HEDCID__ligand560-0
5,HEDCID__ligand12660-0
6,HEDCID__ligand4262-0
7,HEDCID__ligand2692-0
8,HEDCID__ligand31248-0
9,HEDCID__ligand1618-0
10,HEDCID__ligand25650-0
11,HEDCID__ligand11206-0
12,HEDCID__ligand2027-0
13,HEDCID__ligand134-0
14,HEDCID__ligand23124-0
15,HEDCID__ligand1050-0
16,HEDCID__ligand1015-0
17,HEDCID__ligand235-0
18,HEDCID__ligand12519-0
19,HEDCID__ligand25735-0
20,HEDCID__ligand8529-0
21,HEDCID__ligand30539-0
22,HEDCID__ligand421-0
23,HEDCID__ligand1169-0
24,HEDCID__ligand21132-0
25,HEDCID__ligand11166-0
26,HEDCID__ligand685-0
27,HEDCID__ligand23906-0
28,HEDCID__ligand12295-0
29,HEDCID__ligand294-0
30,HEDCID__ligand27835-0
31,HEDCID__ligand4596-0
32,HEDCID__ligand42-0
33,HEDCID__ligand1498-0
34,HEDCID__ligand1154-0
35,HEDCID__ligand21787-0
36,HEDCID__ligand9615-0
37,HEDCID__ligand25575-0
38,HEDCID__ligand25689-0
39,HEDCID__ligand25805-0
40,HEDCID__ligand22981-0
41,HEDCID__ligand197-0
42,HEDCID__ligand20599-0
43,HEDCID__ligand27074-0
44,HEDCID__ligand5201-0
45,HEDCID__ligand27169-0
46,HEDCID__ligand14523-0
47,HEDCID__ligand18391-0
48,HEDCID__ligand1113-0
49,HEDCID__ligand8553-0
50,HEDCID__ligand12467-0
51,HEDCID__ligand9944-0
52,HEDCID__ligand25267-0
53,HEDCID__ligand8593-0
54,HEDCID__ligand10084-0
55,HEDCID__ligand2001-0
56,HEDCID__ligand23904-0
57,HEDCID__ligand7566-0
58,HEDCID__ligand38-0
59,HEDCID__ligand13257-0
60,HEDCID__ligand21936-0
61,HEDCID__ligand2281-0
62,HEDCID__ligand29863-0
63,HEDCID__ligand2650-0
64,HEDCID__ligand4340-0
65,HEDCID__ligand18074-0
66,HEDCID__ligand868-0
67,HEDCID__ligand13869-0
68,HEDCID__ligand3180-0
69,HEDCID__ligand11140-0
70,HEDCID__ligand6995-0
71,HEDCID__ligand2823-0
72,HEDCID__ligand29610-0
73,HEDCID__ligand28668-0
74,HEDCID__ligand4124-0
75,HEDCID__ligand4161-0
76,HEDCID__ligand3471-0
77,HEDCID__ligand16791-0
78,HEDCID__ligand18465-0
79,HEDCID__ligand18799-0
80,HEDCID__ligand783-0
81,HEDCID__ligand352-0
82,HEDCID__ligand5415-0
83,HEDCID__ligand11568-0
84,HEDCID__ligand177-0
85,HEDCID__ligand20579-0
86,HEDCID__ligand17710-0
87,HEDCID__ligand1786-0
88,HEDCID__ligand5630-0
89,HEDCID__ligand18-0
90,HEDCID__ligand11774-0
91,HEDCID__ligand14586-0
92,HEDCID__ligand1908-0
93,HEDCID__ligand3285-0
94,HEDCID__ligand4795-0
95,HEDCID__ligand21421-0
96,HEDCID__ligand19725-0
97,HEDCID__ligand3144-0
98,HEDCID__ligand5085-0
99,HEDCID__ligand24613-0
100,HEDCID__ligand4710-0
101,HEDCID__ligand5755-0
102,HEDCID__ligand1397-0
103,HEDCID__ligand7213-0
104,HEDCID__ligand1828-0
105,HEDCID__ligand6112-0
106,HEDCID__ligand10555-0
107,HEDCID__ligand31483-0
108,HEDCID__ligand8042-0
109,HEDCID__ligand909-0
110,HEDCID__ligand12336-0
111,HEDCID__ligand3261-0
112,HEDCID__ligand1152-0
113,HEDCID__ligand372-0
114,HEDCID__ligand5019-0
115,HEDCID__ligand1216-0
116,HEDCID__ligand830-0
117,HEDCID__ligand13072-0
118,HEDCID__ligand1849-0
119,HEDCID__ligand193-0
120,HEDCID__ligand5614-0
121,HEDCID__ligand5280-0
122,HEDCID__ligand12682-0
123,HEDCID__ligand1831-0
124,HEDCID__ligand252-0
125,HEDCID__ligand18699-0
126,HEDCID__ligand5515-0
127,HEDCID__ligand6663-0
128,HEDCID__ligand116-0
129,HEDCID__ligand17590-0
130,HEDCID__ligand17240-0
131,HEDCID__ligand3042-0
132,HEDCID__ligand24750-0
133,HEDCID__ligand250-0
134,HEDCID__ligand31578-0
135,HEDCID__ligand4063-0
136,HEDCID__ligand17207-0
137,HEDCID__ligand8200-0
138,HEDCID__ligand7438-0
139,HEDCID__ligand17945-0
140,HEDCID__ligand25224-0
141,HEDCID__ligand18013-0
142,HEDCID__ligand18703-0
143,HEDCID__ligand1539-0
144,HEDCID__ligand370-0
145,HEDCID__ligand1150-0
146,HEDCID__ligand29087-0
147,HEDCID__ligand3416-0
148,HEDCID__ligand3453-0
149,HEDCID__ligand28924-0
150,HEDCID__ligand4207-0
151,HEDCID__ligand15438-0
152,HEDCID__ligand311-0
153,HEDCID__ligand785-0
154,HEDCID__ligand479-0
155,HEDCID__ligand15168-0
156,HEDCID__ligand1288-0
157,HEDCID__ligand370-1
158,HEDCID__ligand9491-0
159,HEDCID__ligand1400-0
160,HEDCID__ligand4266-0
161,HEDCID__ligand620-0
162,HEDCID__ligand23589-0
163,HEDCID__ligand24064-0
164,HEDCID__ligand564-0
165,HEDCID__ligand4167-0
166,HEDCID__ligand1817-0
167,HEDCID__ligand6993-0
168,HEDCID__ligand1779-0
169,HEDCID__ligand188-0
170,HEDCID__ligand9750-0
171,HEDCID__ligand22755-0
172,HEDCID__ligand31618-0
173,HEDCID__ligand11432-0
174,HEDCID__ligand7075-0
175,HEDCID__ligand10432-0
176,HEDCID__ligand1149-0
177,HEDCID__ligand26277-0
178,HEDCID__ligand29898-0
179,HEDCID__ligand3557-0
180,HEDCID__ligand3980-0
181,HEDCID__ligand5510-0
182,HEDCID__ligand1376-0
183,HEDCID__ligand9773-0
184,HEDCID__ligand16475-0
185,HEDCID__ligand14703-0
186,HEDCID__ligand686-0
187,HEDCID__ligand2259-0
188,HEDCID__ligand1296-0
189,HEDCID__ligand20251-1
190,HEDCID__ligand422-0
191,HEDCID__ligand5099-0
192,HEDCID__ligand8592-0
193,HEDCID__ligand1197-0
194,HEDCID__ligand3120-0
195,HEDCID__ligand3926-0
196,HEDCID__ligand4358-0
197,HEDCID__ligand17982-0
198,HEDCID__ligand2221-0
199,HEDCID__ligand29414-0
200,HEDCID__ligand20011-0
201,HEDCID__ligand17278-0
202,HEDCID__ligand24047-0
203,HEDCID__ligand10589-0
204,HEDCID__ligand22557-0
205,HEDCID__ligand196-0
206,HEDCID__ligand20598-0
207,HEDCID__ligand4101-0
208,HEDCID__ligand5595-0
209,HEDCID__ligand11675-0
210,HEDCID__ligand17398-0
211,HEDCID__ligand28789-0
212,HEDCID__ligand353-0
213,HEDCID__ligand21371-0
214,HEDCID__ligand17118-0
215,HEDCID__ligand20419-0
216,HEDCID__ligand7762-0
217,HEDCID__ligand5080-0
218,HEDCID__ligand1407-0
219,HEDCID__ligand6117-0
220,HEDCID__ligand5509-0
221,HEDCID__ligand14889-0
222,HEDCID__ligand8002-0
223,HEDCID__ligand30851-0
224,HEDCID__ligand29568-0
225,HEDCID__ligand21581-0
226,HEDCID__ligand31097-0
227,HEDCID__ligand20251-0
228,HEDCID__ligand30702-0
229,HEDCID__ligand20214-0
230,HEDCID__ligand2822-0
231,HEDCID__ligand7293-0
232,HEDCID__ligand1317-0
233,HEDCID__ligand20539-0
234,HEDCID__ligand3867-0
235,HEDCID__ligand5304-0
236,HEDCID__ligand393-0
237,HEDCID__ligand9167-0
238,HEDCID__ligand14117-0
239,HEDCID__ligand17261-0
240,HEDCID__ligand2238-0
241,HEDCID__ligand7291-0
242,HEDCID__ligand20682-0
243,HEDCID__ligand618-0
244,HEDCID__ligand9883-0
245,HEDCID__ligand3677-1
246,HEDCID__ligand2985-0
247,HEDCID__ligand4007-0
248,HEDCID__ligand13390-0
249,HEDCID__ligand9299-0
250,HEDCID__ligand391-0
251,HEDCID__ligand3945-0
252,HEDCID__ligand813-0
253,HEDCID__ligand780-0
254,HEDCID__ligand314-0
255,HEDCID__ligand5383-0
256,HEDCID__ligand2693-0
257,HEDCID__ligand67-0
258,HEDCID__ligand13208-0
259,HEDCID__ligand9344-0
260,HEDCID__ligand26810-0
261,HEDCID__ligand8000-0
262,HEDCID__ligand27482-0
263,HEDCID__ligand3736-0
264,HEDCID__ligand6892-0
265,HEDCID__ligand28884-0
266,HEDCID__ligand13331-0
267,HEDCID__ligand29879-0
268,HEDCID__ligand14248-0
269,HEDCID__ligand1211-0
270,HEDCID__ligand12030-0
271,HEDCID__ligand1464-0
272,HEDCID__ligand3712-0
273,HEDCID__ligand13294-0
274,HEDCID__ligand31832-0
275,HEDCID__ligand314-1
276,HEDCID__ligand8-0
277,HEDCID__ligand2881-0
278,HEDCID__ligand43-0
279,HEDCID__ligand1499-0
280,HEDCID__ligand6699-0
281,HEDCID__ligand25411-0
282,HEDCID__ligand11456-0
283,HEDCID__ligand3632-0
284,HEDCID__ligand3677-0
285,HEDCID__ligand14174-0
286,HEDCID__ligand10712-0
287,HEDCID__ligand1294-0
288,HEDCID__ligand465-0
289,HEDCID__ligand1168-0
290,HEDCID__ligand2417-0
291,HEDCID__ligand10958-0
292,HEDCID__ligand12641-0
293,HEDCID__ligand9284-0
294,HEDCID__ligand833-0
295,HEDCID__ligand3126-0
296,HEDCID__ligand6391-0
297,HEDCID__ligand14108-0
298,HEDCID__ligand1114-0
299,HEDCID__ligand29302-0
300,HEDCID__ligand13425-0
301,HEDCID__ligand1604-0
302,HEDCID__ligand9943-0
303,HEDCID__ligand18814-0
304,HEDCID__ligand1228-0
305,HEDCID__ligand19057-0
306,HEDCID__ligand27763-0
307,HEDCID__ligand2043-0
308,HEDCID__ligand115-0
309,HEDCID__ligand10262-0
310,HEDCID__ligand28676-0
311,HEDCID__ligand8788-0
312,HEDCID__ligand1832-0
313,HEDCID__ligand19830-0
314,HEDCID__ligand13068-0
315,HEDCID__ligand2612-0
316,HEDCID__ligand395-0
317,HEDCID__ligand10476-0
318,HEDCID__ligand368-0
319,HEDCID__ligand1599-0
320,HEDCID__ligand24145-0
321,HEDCID__ligand15585-0
322,HEDCID__ligand12401-0
323,HEDCID__ligand12231-0
324,HEDCID__ligand9450-0
325,HEDCID__ligand17387-0
326,HEDCID__ligand12130-0
327,HEDCID__ligand12289-0
328,HEDCID__ligand18292-0
329,HEDCID__ligand13658-0
330,HEDCID__ligand26702-0
331,HEDCID__ligand17805-0
332,HEDCID__ligand17302-0
333,HEDCID__ligand784-0
334,HEDCID__ligand25178-0
335,HEDCID__ligand2203-0
336,HEDCID__ligand5387-0
337,HEDCID__ligand1289-0
338,HEDCID__ligand23769-0
339,HEDCID__ligand24185-0
340,HEDCID__ligand24-0
341,HEDCID__ligand31783-0
342,HEDCID__ligand8793-0
343,HEDCID__ligand2788-0
344,HEDCID__ligand5649-0
345,HEDCID__ligand4649-0
346,HEDCID__ligand26665-0
347,HEDCID__ligand17631-0
348,HEDCID__ligand487-0
349,HEDCID__ligand13012-0
350,HEDCID__ligand2906-0
351,HEDCID__ligand17258-0
352,HEDCID__ligand4711-0
353,HEDCID__ligand3244-0
354,HEDCID__ligand14297-0
355,HEDCID__ligand14603-0
356,HEDCID__ligand447-0
357,HEDCID__ligand30988-0
358,HEDCID__ligand4807-0
359,HEDCID__ligand746-0
360,HEDCID__ligand3178-0
361,HEDCID__ligand18832-0
362,HEDCID__ligand27175-0
363,HEDCID__ligand23713-0
364,HEDCID__ligand9753-0
365,HEDCID__ligand19641-0
366,HEDCID__ligand5530-0
367,HEDCID__ligand15422-0
368,HEDCID__ligand1356-0
369,HEDCID__ligand176-0
370,HEDCID__ligand12934-0
371,HEDCID__ligand1787-0
372,HEDCID__ligand20578-0
373,HEDCID__ligand27893-0
374,HEDCID__ligand5159-0
375,HEDCID__ligand14723-0
376,HEDCID__ligand7196-0
377,HEDCID__ligand19-0
378,HEDCID__ligand16628-0
379,HEDCID__ligand6017-0
380,HEDCID__ligand28468-0
381,HEDCID__ligand20740-0
382,HEDCID__ligand5708-0
383,HEDCID__ligand7316-0
384,HEDCID__ligand12427-0
385,HEDCID__ligand78-0
386,HEDCID__ligand27460-0
387,HEDCID__ligand5180-0
388,HEDCID__ligand152-0
389,HEDCID__ligand12606-0
390,HEDCID__ligand7172-0
391,HEDCID__ligand45-0
392,HEDCID__ligand9323-0
393,HEDCID__ligand30333-0
394,HEDCID__ligand506-0
395,HEDCID__ligand7273-0
396,HEDCID__ligand3225-0
397,HEDCID__ligand1153-0
398,HEDCID__ligand12337-0
399,HEDCID__ligand1116-0
400,HEDCID__ligand7092-0
401,HEDCID__ligand29410-0
402,HEDCID__ligand2260-0
403,HEDCID__ligand26540-0
404,HEDCID__ligand17281-0
405,HEDCID__ligand2124-0
406,HEDCID__ligand8612-0
407,HEDCID__ligand30296-0
408,HEDCID__ligand3718-0
409,HEDCID__ligand163-0
410,HEDCID__ligand3876-0
411,HEDCID__ligand1343-0
412,HEDCID__ligand3035-0
413,HEDCID__ligand126-0
414,HEDCID__ligand6616-0
415,HEDCID__ligand19184-0
416,HEDCID__ligand1844-0
417,HEDCID__ligand4661-0
418,HEDCID__ligand49-0
419,HEDCID__ligand18448-0
420,HEDCID__ligand12453-0
421,HEDCID__ligand3504-0
422,HEDCID__ligand28459-0
423,HEDCID__ligand1959-0
424,HEDCID__ligand1536-0
425,HEDCID__ligand1573-0
426,HEDCID__ligand9935-0
427,HEDCID__ligand845-0
428,HEDCID__ligand10371-0
429,HEDCID__ligand1263-0
430,HEDCID__ligand9908-0
431,HEDCID__ligand7242-0
432,HEDCID__ligand28685-0
433,HEDCID__ligand18568-0
434,HEDCID__ligand13672-0
435,HEDCID__ligand7106-0
436,HEDCID__ligand89-0
437,HEDCID__ligand366-0
438,HEDCID__ligand4720-0
439,HEDCID__ligand8969-0
440,HEDCID__ligand3174-0
441,HEDCID__ligand1202-0
442,HEDCID__ligand3937-0
443,HEDCID__ligand3131-0
444,HEDCID__ligand6839-0
445,HEDCID__ligand27285-0
446,HEDCID__ligand29029-0
447,HEDCID__ligand5211-0
448,HEDCID__ligand657-0
449,HEDCID__ligand23197-0
450,HEDCID__ligand187-0
451,HEDCID__ligand3094-0
452,HEDCID__ligand4155-0
453,HEDCID__ligand3852-0
454,HEDCID__ligand596-0
455,HEDCID__ligand941-0
456,HEDCID__ligand2485-0
457,HEDCID__ligand6919-0
458,HEDCID__ligand30142-0
459,HEDCID__ligand1512-0
460,HEDCID__ligand777-0
461,HEDCID__ligand27669-0
462,HEDCID__ligand5331-0
463,HEDCID__ligand3565-0
464,HEDCID__ligand14167-0
465,HEDCID__ligand13477-0
466,HEDCID__ligand4503-0
467,HEDCID__ligand4546-0
468,HEDCID__ligand15883-0
469,HEDCID__ligand201-0
470,HEDCID__ligand11970-0
471,HEDCID__ligand1285-0
472,HEDCID__ligand15926-0
473,HEDCID__ligand19792-0
474,HEDCID__ligand10828-0
475,HEDCID__ligand1982-0
476,HEDCID__ligand28810-0
477,HEDCID__ligand11447-0
478,HEDCID__ligand11096-0
479,HEDCID__ligand7000-0
480,HEDCID__ligand24230-0
481,HEDCID__ligand8115-0
482,HEDCID__ligand6768-0
483,HEDCID__ligand9291-0
484,HEDCID__ligand11357-0
485,HEDCID__ligand13862-0
486,HEDCID__ligand2176-0
487,HEDCID__ligand15531-0
488,HEDCID__ligand28743-0
489,HEDCID__ligand2232-0
490,HEDCID__ligand10056-0
491,HEDCID__ligand321-0
492,HEDCID__ligand12365-0
493,HEDCID__ligand21919-0
494,HEDCID__ligand185-0
495,HEDCID__ligand4157-0
496,HEDCID__ligand279-0
497,HEDCID__ligand17-0
498,HEDCID__ligand5256-0
499,HEDCID__ligand28930-0
500,HEDCID__ligand22168-0
501,HEDCID__ligand22294-0
502,HEDCID__ligand9833-0
503,HEDCID__ligand178-0
504,HEDCID__ligand2828-0
505,HEDCID__ligand8876-0
506,HEDCID__ligand7648-0
507,HEDCID__ligand14614-0
508,HEDCID__ligand8699-0
509,HEDCID__ligand1160-0
510,HEDCID__ligand9520-0
511,HEDCID__ligand16663-0
512,HEDCID__ligand4442-0
513,HEDCID__ligand4093-0
514,HEDCID__ligand3954-0
515,HEDCID__ligand7629-0
516,HEDCID__ligand31842-0
517,HEDCID__ligand31044-0
518,HEDCID__ligand11994-0
519,HEDCID__ligand1451-0
520,HEDCID__ligand4272-0
521,HEDCID__ligand9784-0
522,HEDCID__ligand24035-0
523,HEDCID__ligand7238-0
524,HEDCID__ligand1790-0
525,HEDCID__ligand1304-0
526,HEDCID__ligand7280-0
527,HEDCID__ligand11682-0
528,HEDCID__ligand30711-0
529,HEDCID__ligand20207-0
530,HEDCID__ligand1219-0
531,HEDCID__ligand6709-0
532,HEDCID__ligand7867-0
533,HEDCID__ligand16988-0
534,HEDCID__ligand338-0
535,HEDCID__ligand25913-0
536,HEDCID__ligand4016-0
537,HEDCID__ligand24872-0
538,HEDCID__ligand6244-0
539,HEDCID__ligand27840-0
540,HEDCID__ligand1378-0
541,HEDCID__ligand30728-0
542,HEDCID__ligand2915-0
543,HEDCID__ligand3156-0
544,HEDCID__ligand12001-0
545,HEDCID__ligand768-0
546,HEDCID__ligand10033-0
547,HEDCID__ligand24644-0
548,HEDCID__ligand24111-0
549,HEDCID__ligand22444-0
550,HEDCID__ligand1631-0
551,HEDCID__ligand14569-0
552,HEDCID__ligand9933-0
553,HEDCID__ligand1530-0
554,HEDCID__ligand1575-0
555,HEDCID__ligand384-0
556,HEDCID__ligand13385-0
557,HEDCID__ligand17396-0
558,HEDCID__ligand23175-0
559,HEDCID__ligand15788-0
560,HEDCID__ligand2332-0
561,HEDCID__ligand11587-0
562,HEDCID__ligand13220-0
563,HEDCID__ligand4-0
564,HEDCID__ligand9441-0
565,HEDCID__ligand29486-0
566,HEDCID__ligand9952-0
567,HEDCID__ligand9111-0
568,HEDCID__ligand1615-0
569,HEDCID__ligand2526-0
570,HEDCID__ligand5036-0
571,HEDCID__ligand31694-0
572,HEDCID__ligand17427-0
573,HEDCID__ligand1823-0
574,HEDCID__ligand240-0
575,HEDCID__ligand5643-0
576,HEDCID__ligand8721-0
577,HEDCID__ligand141-0
578,HEDCID__ligand1324-0
579,HEDCID__ligand7967-0
580,HEDCID__ligand3707-0
581,HEDCID__ligand22129-0
582,HEDCID__ligand6124-0
583,HEDCID__ligand12138-0
584,HEDCID__ligand24780-0
585,HEDCID__ligand4116-0
586,HEDCID__ligand1018-0
587,HEDCID__ligand11949-0
588,HEDCID__ligand8992-0
589,HEDCID__ligand9601-0
590,HEDCID__ligand25561-0
591,HEDCID__ligand28559-0
592,HEDCID__ligand26324-0
593,HEDCID__ligand11-0
594,HEDCID__ligand14043-0
595,HEDCID__ligand19927-0
596,HEDCID__ligand2028-0
597,HEDCID__ligand8835-0
598,HEDCID__ligand7126-0
599,HEDCID__ligand21729-0
600,HEDCID__ligand27239-0
601,HEDCID__ligand1142-0
602,HEDCID__ligand3234-0
603,HEDCID__ligand26529-0
604,HEDCID__ligand693-0
605,HEDCID__ligand4641-0
606,HEDCID__ligand69-0
607,HEDCID__ligand11618-0
608,HEDCID__ligand1577-0
609,HEDCID__ligand757-0
610,HEDCID__ligand6067-0
611,HEDCID__ligand2295-0
612,HEDCID__ligand22403-0
613,HEDCID__ligand16369-0
614,HEDCID__ligand28540-0
615,HEDCID__ligand4620-0
616,HEDCID__ligand11111-0
617,HEDCID__ligand27754-0
618,HEDCID__ligand20695-0
619,HEDCID__ligand122-0
620,HEDCID__ligand3721-0
621,HEDCID__ligand6904-0
622,HEDCID__ligand6596-0
623,HEDCID__ligand6102-0
624,HEDCID__ligand29215-0
625,HEDCID__ligand3465-0
626,HEDCID__ligand21399-0
627,HEDCID__ligand10872-0
628,HEDCID__ligand7819-0
629,HEDCID__ligand26631-0
630,HEDCID__ligand16148-0
631,HEDCID__ligand2917-0
632,HEDCID__ligand12003-0
633,HEDCID__ligand2403-0
634,HEDCID__ligand11622-0
635,HEDCID__ligand16-0
636,HEDCID__ligand16870-0
637,HEDCID__ligand16603-0
638,HEDCID__ligand3934-0
639,HEDCID__ligand11814-0
640,HEDCID__ligand6455-0
641,HEDCID__ligand6882-0
642,HEDCID__ligand25658-0
643,HEDCID__ligand430-0
644,HEDCID__ligand17686-0
645,HEDCID__ligand31205-0
646,HEDCID__ligand358-0
647,HEDCID__ligand9681-0
648,HEDCID__ligand4332-0
649,HEDCID__ligand488-0
650,HEDCID__ligand1449-0
651,HEDCID__ligand3012-0
652,HEDCID__ligand15455-0
653,HEDCID__ligand694-0
654,HEDCID__ligand1065-0
655,HEDCID__ligand7530-0
656,HEDCID__ligand11177-0
657,HEDCID__ligand19824-0
658,HEDCID__ligand18067-0
659,HEDCID__ligand5316-0
660,HEDCID__ligand5483-0
661,HEDCID__ligand10582-0
662,HEDCID__ligand5627-0
663,HEDCID__ligand13260-0
664,HEDCID__ligand1-0
665,HEDCID__ligand1729-0
666,HEDCID__ligand11252-0
667,HEDCID__ligand2830-0
668,HEDCID__ligand31000-0
669,HEDCID__ligand1415-0
670,HEDCID__ligand6946-0
671,HEDCID__ligand670-0
672,HEDCID__ligand32-0
673,HEDCID__ligand7529-0
674,HEDCID__ligand11606-0
675,HEDCID__ligand534-0
676,HEDCID__ligand571-0
677,HEDCID__ligand20821-0
678,HEDCID__ligand9148-0
679,HEDCID__ligand26673-0
680,HEDCID__ligand19668-0
681,HEDCID__ligand7107-0
682,HEDCID__ligand19906-0
683,HEDCID__ligand22353-0
684,HEDCID__ligand3215-0
685,HEDCID__ligand416-0
686,HEDCID__ligand4813-0
687,HEDCID__ligand5813-0
688,HEDCID__ligand4738-0
689,HEDCID__ligand6062-0
690,HEDCID__ligand383-0
691,HEDCID__ligand162-0
692,HEDCID__ligand6283-0
693,HEDCID__ligand3-0
694,HEDCID__ligand10151-0
695,HEDCID__ligand226-0
696,HEDCID__ligand48-0
697,HEDCID__ligand2599-0
698,HEDCID__ligand4330-0
699,HEDCID__ligand16952-0
700,HEDCID__ligand29813-0
701,HEDCID__ligand696-0
702,HEDCID__ligand15387-0
703,HEDCID__ligand7532-0
704,HEDCID__ligand20121-0
705,HEDCID__ligand4194-0
706,HEDCID__ligand91-0
707,HEDCID__ligand20220-0
708,HEDCID__ligand20530-0
709,HEDCID__ligand11698-0
710,HEDCID__ligand2068-0
711,HEDCID__ligand14302-0
712,HEDCID__ligand13657-0
713,HEDCID__ligand14347-0
714,HEDCID__ligand7925-0
715,HEDCID__ligand656-0
716,HEDCID__ligand24851-0
717,HEDCID__ligand51-0
718,HEDCID__ligand29441-0
719,HEDCID__ligand10853-0
720,HEDCID__ligand1147-0
721,HEDCID__ligand3973-0
722,HEDCID__ligand27610-0
723,HEDCID__ligand10479-0
724,HEDCID__ligand11479-0
725,HEDCID__ligand1327-0
726,HEDCID__ligand18158-0
727,HEDCID__ligand6672-0
728,HEDCID__ligand9809-0
729,HEDCID__ligand8722-0
730,HEDCID__ligand27771-0
731,HEDCID__ligand3350-0
732,HEDCID__ligand692-0
733,HEDCID__ligand2781-0
734,HEDCID__ligand68-0
735,HEDCID__ligand7573-0
736,HEDCID__ligand29565-0
737,HEDCID__ligand23682-0
738,HEDCID__ligand2208-0
739,HEDCID__ligand3208-0
740,HEDCID__ligand436-0
741,HEDCID__ligand20942-1
742,HEDCID__ligand16956-0
743,HEDCID__ligand14226-0
744,HEDCID__ligand21339-0
745,HEDCID__ligand1900-0
746,HEDCID__ligand326-0
747,HEDCID__ligand9197-0
748,HEDCID__ligand27550-0
749,HEDCID__ligand18019-1
750,HEDCID__ligand2328-0
751,HEDCID__ligand55-0
752,HEDCID__ligand14007-0
753,HEDCID__ligand4581-0
754,HEDCID__ligand1773-0
755,HEDCID__ligand3029-0
756,HEDCID__ligand7162-0
757,HEDCID__ligand22357-0
758,HEDCID__ligand11758-0
759,HEDCID__ligand21448-0
760,HEDCID__ligand5892-0
761,HEDCID__ligand5094-0
762,HEDCID__ligand497-0
763,HEDCID__ligand11544-0
764,HEDCID__ligand11501-0
765,HEDCID__ligand633-0
766,HEDCID__ligand29214-0
767,HEDCID__ligand1712-0
768,HEDCID__ligand4131-0
769,HEDCID__ligand34-0
770,HEDCID__ligand17445-0
771,HEDCID__ligand1496-0
772,HEDCID__ligand7557-0
773,HEDCID__ligand17069-0
774,HEDCID__ligand14477-0
775,HEDCID__ligand1533-0
776,HEDCID__ligand11798-0
777,HEDCID__ligand12413-0
778,HEDCID__ligand29334-0
779,HEDCID__ligand20731-0
780,HEDCID__ligand3871-0
781,HEDCID__ligand1469-0
782,HEDCID__ligand25048-0
783,HEDCID__ligand21940-0
784,HEDCID__ligand1768-0
785,HEDCID__ligand199-0
786,HEDCID__ligand23445-0
787,HEDCID__ligand24953-0
788,HEDCID__ligand4850-0
789,HEDCID__ligand5056-0
790,HEDCID__ligand27122-0
791,HEDCID__ligand20432-0
792,HEDCID__ligand1688-0
793,HEDCID__ligand3647-0
794,HEDCID__ligand16133-0
795,HEDCID__ligand13755-0
796,HEDCID__ligand5357-0
797,HEDCID__ligand3157-0
798,HEDCID__ligand1165-0
799,HEDCID__ligand300-0
800,HEDCID__ligand9525-0
801,HEDCID__ligand5935-0
802,HEDCID__ligand20557-0
803,HEDCID__ligand588-0
804,HEDCID__ligand1379-0
805,HEDCID__ligand30004-0
806,HEDCID__ligand2722-0
807,HEDCID__ligand409-0
808,HEDCID__ligand20844-0
809,HEDCID__ligand18413-0
810,HEDCID__ligand24624-0
811,HEDCID__ligand5849-0
812,HEDCID__ligand361-0
813,HEDCID__ligand324-0
814,HEDCID__ligand18757-0
815,HEDCID__ligand24560-0
816,HEDCID__ligand3392-0
817,HEDCID__ligand4911-0
818,HEDCID__ligand1771-0
819,HEDCID__ligand57-0
820,HEDCID__ligand8464-0
821,HEDCID__ligand1709-0
822,HEDCID__ligand30788-0
823,HEDCID__ligand13691-0
824,HEDCID__ligand8349-0
825,HEDCID__ligand14339-0
826,HEDCID__ligand2527-0
827,HEDCID__ligand21752-0
