,TMC
0,HIHRAU__ligand11774-0
1,HIHRAU__ligand14586-0
2,HIHRAU__ligand21421-0
3,HIHRAU__ligand9450-0
4,HIHRAU__ligand11568-0
5,HIHRAU__ligand1599-0
6,HIHRAU__ligand20579-0
7,HIHRAU__ligand17710-0
8,HIHRAU__ligand196-0
9,HIHRAU__ligand2612-0
10,HIHRAU__ligand686-0
11,HIHRAU__ligand5387-0
12,HIHRAU__ligand2203-0
13,HIHRAU__ligand10555-0
14,HIHRAU__ligand1289-0
15,HIHRAU__ligand31483-0
16,HIHRAU__ligand19725-0
17,HIHRAU__ligand422-0
18,HIHRAU__ligand24613-0
19,HIHRAU__ligand1-0
20,HIHRAU__ligand1114-0
21,HIHRAU__ligand9284-0
22,HIHRAU__ligand3126-0
23,HIHRAU__ligand6391-0
24,HIHRAU__ligand393-0
25,HIHRAU__ligand12336-0
26,HIHRAU__ligand2417-0
27,HIHRAU__ligand13072-0
28,HIHRAU__ligand17590-0
29,HIHRAU__ligand1832-0
30,HIHRAU__ligand8788-0
31,HIHRAU__ligand353-0
32,HIHRAU__ligand17240-0
33,HIHRAU__ligand2043-0
34,HIHRAU__ligand12682-0
35,HIHRAU__ligand18699-0
36,HIHRAU__ligand9943-0
37,HIHRAU__ligand1228-0
38,HIHRAU__ligand1604-0
39,HIHRAU__ligand17207-0
40,HIHRAU__ligand31578-0
41,HIHRAU__ligand813-0
42,HIHRAU__ligand5180-0
43,HIHRAU__ligand17945-0
44,HIHRAU__ligand314-0
45,HIHRAU__ligand780-0
46,HIHRAU__ligand18013-0
47,HIHRAU__ligand25224-0
48,HIHRAU__ligand5708-0
49,HIHRAU__ligand7316-0
50,HIHRAU__ligand24750-0
51,HIHRAU__ligand6017-0
52,HIHRAU__ligand2124-0
53,HIHRAU__ligand618-0
54,HIHRAU__ligand8612-0
55,HIHRAU__ligand2260-0
56,HIHRAU__ligand7092-0
57,HIHRAU__ligand1116-0
58,HIHRAU__ligand28924-0
59,HIHRAU__ligand1153-0
60,HIHRAU__ligand3225-0
61,HIHRAU__ligand15438-0
62,HIHRAU__ligand18703-0
63,HIHRAU__ligand43-0
64,HIHRAU__ligand9323-0
65,HIHRAU__ligand7273-0
66,HIHRAU__ligand7172-0
67,HIHRAU__ligand29087-0
68,HIHRAU__ligand391-0
69,HIHRAU__ligand23589-0
70,HIHRAU__ligand3244-0
71,HIHRAU__ligand4711-0
72,HIHRAU__ligand24064-0
73,HIHRAU__ligand2906-0
74,HIHRAU__ligand3-0
75,HIHRAU__ligand15168-0
76,HIHRAU__ligand465-0
77,HIHRAU__ligand4649-0
78,HIHRAU__ligand67-0
79,HIHRAU__ligand2788-0
80,HIHRAU__ligand5649-0
81,HIHRAU__ligand8793-0
82,HIHRAU__ligand5159-0
83,HIHRAU__ligand22755-0
84,HIHRAU__ligand10432-0
85,HIHRAU__ligand31618-0
86,HIHRAU__ligand7196-0
87,HIHRAU__ligand11432-0
88,HIHRAU__ligand26277-0
89,HIHRAU__ligand29898-0
90,HIHRAU__ligand9753-0
91,HIHRAU__ligand1356-0
92,HIHRAU__ligand1787-0
93,HIHRAU__ligand5530-0
94,HIHRAU__ligand314-1
95,HIHRAU__ligand3178-0
96,HIHRAU__ligand4807-0
97,HIHRAU__ligand31248-0
98,HIHRAU__ligand6117-0
99,HIHRAU__ligand1407-0
100,HIHRAU__ligand25650-0
101,HIHRAU__ligand8002-0
102,HIHRAU__ligand5509-0
103,HIHRAU__ligand19257-0
104,HIHRAU__ligand13209-0
105,HIHRAU__ligand5080-0
106,HIHRAU__ligand115-0
107,HIHRAU__ligand7762-0
108,HIHRAU__ligand12660-0
109,HIHRAU__ligand11206-0
110,HIHRAU__ligand2238-0
111,HIHRAU__ligand23124-0
112,HIHRAU__ligand5304-0
113,HIHRAU__ligand12519-0
114,HIHRAU__ligand9167-0
115,HIHRAU__ligand25735-0
116,HIHRAU__ligand3867-0
117,HIHRAU__ligand1317-0
118,HIHRAU__ligand7293-0
119,HIHRAU__ligand833-0
120,HIHRAU__ligand2822-0
121,HIHRAU__ligand8592-0
122,HIHRAU__ligand21132-0
123,HIHRAU__ligand5099-0
124,HIHRAU__ligand1197-0
125,HIHRAU__ligand11166-0
126,HIHRAU__ligand23906-0
127,HIHRAU__ligand2259-0
128,HIHRAU__ligand1296-0
129,HIHRAU__ligand784-0
130,HIHRAU__ligand1376-0
131,HIHRAU__ligand30539-0
132,HIHRAU__ligand5510-0
133,HIHRAU__ligand9773-0
134,HIHRAU__ligand395-0
135,HIHRAU__ligand25575-0
136,HIHRAU__ligand368-0
137,HIHRAU__ligand21787-0
138,HIHRAU__ligand5595-0
139,HIHRAU__ligand4101-0
140,HIHRAU__ligand25689-0
141,HIHRAU__ligand2221-0
142,HIHRAU__ligand12295-0
143,HIHRAU__ligand27835-0
144,HIHRAU__ligand3926-0
145,HIHRAU__ligand3120-0
146,HIHRAU__ligand4358-0
147,HIHRAU__ligand2881-0
148,HIHRAU__ligand14523-0
149,HIHRAU__ligand447-0
150,HIHRAU__ligand27169-0
151,HIHRAU__ligand45-0
152,HIHRAU__ligand18391-0
153,HIHRAU__ligand1499-0
154,HIHRAU__ligand746-0
155,HIHRAU__ligand3712-0
156,HIHRAU__ligand1464-0
157,HIHRAU__ligand25805-0
158,HIHRAU__ligand22981-0
159,HIHRAU__ligand176-0
160,HIHRAU__ligand20599-0
161,HIHRAU__ligand1211-0
162,HIHRAU__ligand27074-0
163,HIHRAU__ligand6892-0
164,HIHRAU__ligand1294-0
165,HIHRAU__ligand23904-0
166,HIHRAU__ligand1168-0
167,HIHRAU__ligand3677-0
168,HIHRAU__ligand3632-0
169,HIHRAU__ligand13257-0
170,HIHRAU__ligand21936-0
171,HIHRAU__ligand12467-0
172,HIHRAU__ligand487-0
173,HIHRAU__ligand25267-0
174,HIHRAU__ligand6699-0
175,HIHRAU__ligand10084-0
176,HIHRAU__ligand78-0
177,HIHRAU__ligand9299-0
178,HIHRAU__ligand11140-0
179,HIHRAU__ligand4007-0
180,HIHRAU__ligand29610-0
181,HIHRAU__ligand2985-0
182,HIHRAU__ligand506-0
183,HIHRAU__ligand19-0
184,HIHRAU__ligand29863-0
185,HIHRAU__ligand13869-0
186,HIHRAU__ligand9883-0
187,HIHRAU__ligand3677-1
188,HIHRAU__ligand18074-0
189,HIHRAU__ligand7291-0
190,HIHRAU__ligand18465-0
191,HIHRAU__ligand8000-0
192,HIHRAU__ligand3736-0
193,HIHRAU__ligand18799-0
194,HIHRAU__ligand24-0
195,HIHRAU__ligand9344-0
196,HIHRAU__ligand2693-0
197,HIHRAU__ligand5383-0
198,HIHRAU__ligand28668-0
199,HIHRAU__ligand152-0
200,HIHRAU__ligand16791-0
201,HIHRAU__ligand3945-0
202,HIHRAU__ligand1849-0
203,HIHRAU__ligand42-0
204,HIHRAU__ligand14108-0
205,HIHRAU__ligand134-0
206,HIHRAU__ligand1216-0
207,HIHRAU__ligand10958-0
208,HIHRAU__ligand235-0
209,HIHRAU__ligand1152-0
210,HIHRAU__ligand12641-0
211,HIHRAU__ligand3261-0
212,HIHRAU__ligand5019-0
213,HIHRAU__ligand27763-0
214,HIHRAU__ligand10262-0
215,HIHRAU__ligand28676-0
216,HIHRAU__ligand560-0
217,HIHRAU__ligand6663-0
218,HIHRAU__ligand13425-0
219,HIHRAU__ligand29302-0
220,HIHRAU__ligand5515-0
221,HIHRAU__ligand1831-0
222,HIHRAU__ligand5280-0
223,HIHRAU__ligand5614-0
224,HIHRAU__ligand19057-0
225,HIHRAU__ligand18814-0
226,HIHRAU__ligand12231-0
227,HIHRAU__ligand4795-0
228,HIHRAU__ligand3285-0
229,HIHRAU__ligand294-0
230,HIHRAU__ligand12130-0
231,HIHRAU__ligand17387-0
232,HIHRAU__ligand13658-0
233,HIHRAU__ligand26702-0
234,HIHRAU__ligand12289-0
235,HIHRAU__ligand1908-0
236,HIHRAU__ligand18292-0
237,HIHRAU__ligand19830-0
238,HIHRAU__ligand13068-0
239,HIHRAU__ligand10476-0
240,HIHRAU__ligand5630-0
241,HIHRAU__ligand24145-0
242,HIHRAU__ligand15585-0
243,HIHRAU__ligand1786-0
244,HIHRAU__ligand12401-0
245,HIHRAU__ligand6112-0
246,HIHRAU__ligand25178-0
247,HIHRAU__ligand8042-0
248,HIHRAU__ligand7213-0
249,HIHRAU__ligand421-0
250,HIHRAU__ligand23769-0
251,HIHRAU__ligand1397-0
252,HIHRAU__ligand1828-0
253,HIHRAU__ligand66-0
254,HIHRAU__ligand24185-0
255,HIHRAU__ligand5755-0
256,HIHRAU__ligand685-0
257,HIHRAU__ligand17805-0
258,HIHRAU__ligand4710-0
259,HIHRAU__ligand5085-0
260,HIHRAU__ligand3144-0
261,HIHRAU__ligand17302-0
262,HIHRAU__ligand26665-0
263,HIHRAU__ligand13012-0
264,HIHRAU__ligand17631-0
265,HIHRAU__ligand4167-0
266,HIHRAU__ligand17258-0
267,HIHRAU__ligand9491-0
268,HIHRAU__ligand14297-0
269,HIHRAU__ligand14603-0
270,HIHRAU__ligand1400-0
271,HIHRAU__ligand4266-0
272,HIHRAU__ligand31783-0
273,HIHRAU__ligand1288-0
274,HIHRAU__ligand19641-0
275,HIHRAU__ligand1149-0
276,HIHRAU__ligand3980-0
277,HIHRAU__ligand15422-0
278,HIHRAU__ligand20578-0
279,HIHRAU__ligand12934-0
280,HIHRAU__ligand3557-0
281,HIHRAU__ligand197-0
282,HIHRAU__ligand27893-0
283,HIHRAU__ligand14723-0
284,HIHRAU__ligand7075-0
285,HIHRAU__ligand30988-0
286,HIHRAU__ligand9750-0
287,HIHRAU__ligand6993-0
288,HIHRAU__ligand1817-0
289,HIHRAU__ligand23713-0
290,HIHRAU__ligand1779-0
291,HIHRAU__ligand18832-0
292,HIHRAU__ligand27175-0
293,HIHRAU__ligand27460-0
294,HIHRAU__ligand4063-0
295,HIHRAU__ligand8200-0
296,HIHRAU__ligand7438-0
297,HIHRAU__ligand16628-0
298,HIHRAU__ligand38-0
299,HIHRAU__ligand783-0
300,HIHRAU__ligand352-0
301,HIHRAU__ligand20740-0
302,HIHRAU__ligand28468-0
303,HIHRAU__ligand3042-0
304,HIHRAU__ligand12427-0
305,HIHRAU__ligand29410-0
306,HIHRAU__ligand4207-0
307,HIHRAU__ligand12337-0
308,HIHRAU__ligand868-0
309,HIHRAU__ligand26540-0
310,HIHRAU__ligand3453-0
311,HIHRAU__ligand17281-0
312,HIHRAU__ligand3416-0
313,HIHRAU__ligand30296-0
314,HIHRAU__ligand12606-0
315,HIHRAU__ligand1150-0
316,HIHRAU__ligand1539-0
317,HIHRAU__ligand30333-0
318,HIHRAU__ligand20251-1
319,HIHRAU__ligand8529-0
320,HIHRAU__ligand1169-0
321,HIHRAU__ligand14703-0
322,HIHRAU__ligand16475-0
323,HIHRAU__ligand909-0
324,HIHRAU__ligand9615-0
325,HIHRAU__ligand22557-0
326,HIHRAU__ligand10589-0
327,HIHRAU__ligand24047-0
328,HIHRAU__ligand11675-0
329,HIHRAU__ligand177-0
330,HIHRAU__ligand20598-0
331,HIHRAU__ligand17398-0
332,HIHRAU__ligand1154-0
333,HIHRAU__ligand4596-0
334,HIHRAU__ligand1498-0
335,HIHRAU__ligand29414-0
336,HIHRAU__ligand17982-0
337,HIHRAU__ligand20011-0
338,HIHRAU__ligand17278-0
339,HIHRAU__ligand252-0
340,HIHRAU__ligand2692-0
341,HIHRAU__ligand1618-0
342,HIHRAU__ligand30851-0
343,HIHRAU__ligand14889-0
344,HIHRAU__ligand116-0
345,HIHRAU__ligand29568-0
346,HIHRAU__ligand28789-0
347,HIHRAU__ligand4262-0
348,HIHRAU__ligand4-0
349,HIHRAU__ligand1028-0
350,HIHRAU__ligand17118-0
351,HIHRAU__ligand21371-0
352,HIHRAU__ligand20419-0
353,HIHRAU__ligand1015-0
354,HIHRAU__ligand18-0
355,HIHRAU__ligand1050-0
356,HIHRAU__ligand372-0
357,HIHRAU__ligand17261-0
358,HIHRAU__ligand830-0
359,HIHRAU__ligand14117-0
360,HIHRAU__ligand2027-0
361,HIHRAU__ligand21581-0
362,HIHRAU__ligand31097-0
363,HIHRAU__ligand20251-0
364,HIHRAU__ligand30702-0
365,HIHRAU__ligand20214-0
366,HIHRAU__ligand20539-0
367,HIHRAU__ligand193-0
368,HIHRAU__ligand2823-0
369,HIHRAU__ligand6995-0
370,HIHRAU__ligand13390-0
371,HIHRAU__ligand370-0
372,HIHRAU__ligand3180-0
373,HIHRAU__ligand20682-0
374,HIHRAU__ligand4340-0
375,HIHRAU__ligand2281-0
376,HIHRAU__ligand2650-0
377,HIHRAU__ligand13208-0
378,HIHRAU__ligand5415-0
379,HIHRAU__ligand27482-0
380,HIHRAU__ligand26810-0
381,HIHRAU__ligand250-0
382,HIHRAU__ligand3471-0
383,HIHRAU__ligand4161-0
384,HIHRAU__ligand4124-0
385,HIHRAU__ligand13294-0
386,HIHRAU__ligand1113-0
387,HIHRAU__ligand31832-0
388,HIHRAU__ligand188-0
389,HIHRAU__ligand8553-0
390,HIHRAU__ligand13331-0
391,HIHRAU__ligand5201-0
392,HIHRAU__ligand28884-0
393,HIHRAU__ligand29879-0
394,HIHRAU__ligand14248-0
395,HIHRAU__ligand12030-0
396,HIHRAU__ligand785-0
397,HIHRAU__ligand7566-0
398,HIHRAU__ligand11456-0
399,HIHRAU__ligand311-0
400,HIHRAU__ligand479-0
401,HIHRAU__ligand10712-0
402,HIHRAU__ligand14174-0
403,HIHRAU__ligand2001-0
404,HIHRAU__ligand370-1
405,HIHRAU__ligand8593-0
406,HIHRAU__ligand9944-0
407,HIHRAU__ligand620-0
408,HIHRAU__ligand25411-0
409,HIHRAU__ligand564-0
410,HIHRAU__ligand12001-0
411,HIHRAU__ligand4131-0
412,HIHRAU__ligand1712-0
413,HIHRAU__ligand430-0
414,HIHRAU__ligand358-0
415,HIHRAU__ligand32-0
416,HIHRAU__ligand10033-0
417,HIHRAU__ligand488-0
418,HIHRAU__ligand24644-0
419,HIHRAU__ligand24872-0
420,HIHRAU__ligand5094-0
421,HIHRAU__ligand5892-0
422,HIHRAU__ligand27840-0
423,HIHRAU__ligand30728-0
424,HIHRAU__ligand694-0
425,HIHRAU__ligand17396-0
426,HIHRAU__ligand15788-0
427,HIHRAU__ligand23175-0
428,HIHRAU__ligand13220-0
429,HIHRAU__ligand11587-0
430,HIHRAU__ligand1533-0
431,HIHRAU__ligand22444-0
432,HIHRAU__ligand24111-0
433,HIHRAU__ligand14569-0
434,HIHRAU__ligand7557-0
435,HIHRAU__ligand13385-0
436,HIHRAU__ligand1496-0
437,HIHRAU__ligand670-0
438,HIHRAU__ligand17427-0
439,HIHRAU__ligand3208-0
440,HIHRAU__ligand2208-0
441,HIHRAU__ligand571-0
442,HIHRAU__ligand534-0
443,HIHRAU__ligand7573-0
444,HIHRAU__ligand2781-0
445,HIHRAU__ligand29486-0
446,HIHRAU__ligand3350-0
447,HIHRAU__ligand6672-0
448,HIHRAU__ligand9809-0
449,HIHRAU__ligand1327-0
450,HIHRAU__ligand31694-0
451,HIHRAU__ligand8722-0
452,HIHRAU__ligand3029-0
453,HIHRAU__ligand7162-0
454,HIHRAU__ligand2328-0
455,HIHRAU__ligand25561-0
456,HIHRAU__ligand16-0
457,HIHRAU__ligand1773-0
458,HIHRAU__ligand4581-0
459,HIHRAU__ligand22129-0
460,HIHRAU__ligand1900-0
461,HIHRAU__ligand24780-0
462,HIHRAU__ligand9197-0
463,HIHRAU__ligand12138-0
464,HIHRAU__ligand11949-0
465,HIHRAU__ligand1771-0
466,HIHRAU__ligand4911-0
467,HIHRAU__ligand416-0
468,HIHRAU__ligand51-0
469,HIHRAU__ligand27239-0
470,HIHRAU__ligand3392-0
471,HIHRAU__ligand21729-0
472,HIHRAU__ligand383-0
473,HIHRAU__ligand26324-0
474,HIHRAU__ligand28559-0
475,HIHRAU__ligand162-0
476,HIHRAU__ligand14043-0
477,HIHRAU__ligand5849-0
478,HIHRAU__ligand19927-0
479,HIHRAU__ligand226-0
480,HIHRAU__ligand2527-0
481,HIHRAU__ligand11618-0
482,HIHRAU__ligand91-0
483,HIHRAU__ligand8-0
484,HIHRAU__ligand26529-0
485,HIHRAU__ligand1709-0
486,HIHRAU__ligand8464-0
487,HIHRAU__ligand8349-0
488,HIHRAU__ligand1688-0
489,HIHRAU__ligand16369-0
490,HIHRAU__ligand656-0
491,HIHRAU__ligand11111-0
492,HIHRAU__ligand5357-0
493,HIHRAU__ligand28540-0
494,HIHRAU__ligand3647-0
495,HIHRAU__ligand20695-0
496,HIHRAU__ligand27754-0
497,HIHRAU__ligand5056-0
498,HIHRAU__ligand4850-0
499,HIHRAU__ligand48-0
500,HIHRAU__ligand1768-0
501,HIHRAU__ligand3871-0
502,HIHRAU__ligand22403-0
503,HIHRAU__ligand1469-0
504,HIHRAU__ligand1379-0
505,HIHRAU__ligand10872-0
506,HIHRAU__ligand2722-0
507,HIHRAU__ligand21399-0
508,HIHRAU__ligand16148-0
509,HIHRAU__ligand26631-0
510,HIHRAU__ligand12003-0
511,HIHRAU__ligand5935-0
512,HIHRAU__ligand1165-0
513,HIHRAU__ligand696-0
514,HIHRAU__ligand9525-0
515,HIHRAU__ligand3157-0
516,HIHRAU__ligand29215-0
517,HIHRAU__ligand2830-0
518,HIHRAU__ligand18448-0
519,HIHRAU__ligand12453-0
520,HIHRAU__ligand28459-0
521,HIHRAU__ligand5627-0
522,HIHRAU__ligand326-0
523,HIHRAU__ligand1729-0
524,HIHRAU__ligand5483-0
525,HIHRAU__ligand19184-0
526,HIHRAU__ligand5316-0
527,HIHRAU__ligand28685-0
528,HIHRAU__ligand18568-0
529,HIHRAU__ligand9148-0
530,HIHRAU__ligand692-0
531,HIHRAU__ligand13672-0
532,HIHRAU__ligand7529-0
533,HIHRAU__ligand34-0
534,HIHRAU__ligand10371-0
535,HIHRAU__ligand436-0
536,HIHRAU__ligand6946-0
537,HIHRAU__ligand1415-0
538,HIHRAU__ligand6882-0
539,HIHRAU__ligand6455-0
540,HIHRAU__ligand23197-0
541,HIHRAU__ligand3934-0
542,HIHRAU__ligand2403-0
543,HIHRAU__ligand29029-0
544,HIHRAU__ligand27285-0
545,HIHRAU__ligand55-0
546,HIHRAU__ligand30142-0
547,HIHRAU__ligand7530-0
548,HIHRAU__ligand1065-0
549,HIHRAU__ligand68-0
550,HIHRAU__ligand27669-0
551,HIHRAU__ligand1449-0
552,HIHRAU__ligand13477-0
553,HIHRAU__ligand14167-0
554,HIHRAU__ligand497-0
555,HIHRAU__ligand3012-0
556,HIHRAU__ligand633-0
557,HIHRAU__ligand4332-0
558,HIHRAU__ligand9681-0
559,HIHRAU__ligand15926-0
560,HIHRAU__ligand4194-0
561,HIHRAU__ligand10828-0
562,HIHRAU__ligand19792-0
563,HIHRAU__ligand11096-0
564,HIHRAU__ligand300-0
565,HIHRAU__ligand11447-0
566,HIHRAU__ligand7532-0
567,HIHRAU__ligand28810-0
568,HIHRAU__ligand24230-0
569,HIHRAU__ligand15883-0
570,HIHRAU__ligand588-0
571,HIHRAU__ligand2599-0
572,HIHRAU__ligand11970-0
573,HIHRAU__ligand4330-0
574,HIHRAU__ligand3973-0
575,HIHRAU__ligand21919-0
576,HIHRAU__ligand28930-0
577,HIHRAU__ligand22168-0
578,HIHRAU__ligand1147-0
579,HIHRAU__ligand199-0
580,HIHRAU__ligand22294-0
581,HIHRAU__ligand57-0
582,HIHRAU__ligand15531-0
583,HIHRAU__ligand28743-0
584,HIHRAU__ligand11357-0
585,HIHRAU__ligand13862-0
586,HIHRAU__ligand2068-0
587,HIHRAU__ligand10056-0
588,HIHRAU__ligand12365-0
589,HIHRAU__ligand7925-0
590,HIHRAU__ligand31842-0
591,HIHRAU__ligand31044-0
592,HIHRAU__ligand3215-0
593,HIHRAU__ligand11994-0
594,HIHRAU__ligand24035-0
595,HIHRAU__ligand14614-0
596,HIHRAU__ligand7107-0
597,HIHRAU__ligand16663-0
598,HIHRAU__ligand409-0
599,HIHRAU__ligand324-0
600,HIHRAU__ligand361-0
601,HIHRAU__ligand25913-0
602,HIHRAU__ligand16988-0
603,HIHRAU__ligand6283-0
604,HIHRAU__ligand6062-0
605,HIHRAU__ligand5813-0
606,HIHRAU__ligand11682-0
607,HIHRAU__ligand4813-0
608,HIHRAU__ligand4738-0
609,HIHRAU__ligand30711-0
610,HIHRAU__ligand20207-0
611,HIHRAU__ligand8721-0
612,HIHRAU__ligand845-0
613,HIHRAU__ligand1324-0
614,HIHRAU__ligand5643-0
615,HIHRAU__ligand16956-0
616,HIHRAU__ligand21339-0
617,HIHRAU__ligand14226-0
618,HIHRAU__ligand1823-0
619,HIHRAU__ligand20942-1
620,HIHRAU__ligand5036-0
621,HIHRAU__ligand2526-0
622,HIHRAU__ligand18158-0
623,HIHRAU__ligand1615-0
624,HIHRAU__ligand27771-0
625,HIHRAU__ligand29565-0
626,HIHRAU__ligand9111-0
627,HIHRAU__ligand9952-0
628,HIHRAU__ligand23682-0
629,HIHRAU__ligand18019-1
630,HIHRAU__ligand9601-0
631,HIHRAU__ligand126-0
632,HIHRAU__ligand14007-0
633,HIHRAU__ligand163-0
634,HIHRAU__ligand8992-0
635,HIHRAU__ligand4116-0
636,HIHRAU__ligand1018-0
637,HIHRAU__ligand6124-0
638,HIHRAU__ligand3707-0
639,HIHRAU__ligand7967-0
640,HIHRAU__ligand27550-0
641,HIHRAU__ligand11544-0
642,HIHRAU__ligand11501-0
643,HIHRAU__ligand3156-0
644,HIHRAU__ligand941-0
645,HIHRAU__ligand29214-0
646,HIHRAU__ligand596-0
647,HIHRAU__ligand2915-0
648,HIHRAU__ligand11758-0
649,HIHRAU__ligand22357-0
650,HIHRAU__ligand1378-0
651,HIHRAU__ligand89-0
652,HIHRAU__ligand777-0
653,HIHRAU__ligand6244-0
654,HIHRAU__ligand21448-0
655,HIHRAU__ligand366-0
656,HIHRAU__ligand2332-0
657,HIHRAU__ligand49-0
658,HIHRAU__ligand9441-0
659,HIHRAU__ligand11798-0
660,HIHRAU__ligand29334-0
661,HIHRAU__ligand12413-0
662,HIHRAU__ligand20731-0
663,HIHRAU__ligand9933-0
664,HIHRAU__ligand657-0
665,HIHRAU__ligand1575-0
666,HIHRAU__ligand17445-0
667,HIHRAU__ligand1530-0
668,HIHRAU__ligand17069-0
669,HIHRAU__ligand187-0
670,HIHRAU__ligand14477-0
671,HIHRAU__ligand1631-0
672,HIHRAU__ligand23445-0
673,HIHRAU__ligand24953-0
674,HIHRAU__ligand20432-0
675,HIHRAU__ligand27122-0
676,HIHRAU__ligand13755-0
677,HIHRAU__ligand16133-0
678,HIHRAU__ligand321-0
679,HIHRAU__ligand4620-0
680,HIHRAU__ligand185-0
681,HIHRAU__ligand279-0
682,HIHRAU__ligand2295-0
683,HIHRAU__ligand6067-0
684,HIHRAU__ligand1577-0
685,HIHRAU__ligand25048-0
686,HIHRAU__ligand178-0
687,HIHRAU__ligand21940-0
688,HIHRAU__ligand7819-0
689,HIHRAU__ligand2917-0
690,HIHRAU__ligand20557-0
691,HIHRAU__ligand30004-0
692,HIHRAU__ligand201-0
693,HIHRAU__ligand3465-0
694,HIHRAU__ligand6102-0
695,HIHRAU__ligand6904-0
696,HIHRAU__ligand3721-0
697,HIHRAU__ligand6596-0
698,HIHRAU__ligand3234-0
699,HIHRAU__ligand1142-0
700,HIHRAU__ligand2028-0
701,HIHRAU__ligand8835-0
702,HIHRAU__ligand24624-0
703,HIHRAU__ligand20844-0
704,HIHRAU__ligand18413-0
705,HIHRAU__ligand7126-0
706,HIHRAU__ligand338-0
707,HIHRAU__ligand24560-0
708,HIHRAU__ligand18757-0
709,HIHRAU__ligand17-0
710,HIHRAU__ligand4641-0
711,HIHRAU__ligand21752-0
712,HIHRAU__ligand13691-0
713,HIHRAU__ligand30788-0
714,HIHRAU__ligand14339-0
715,HIHRAU__ligand3094-0
716,HIHRAU__ligand4155-0
717,HIHRAU__ligand16603-0
718,HIHRAU__ligand384-0
719,HIHRAU__ligand11814-0
720,HIHRAU__ligand5211-0
721,HIHRAU__ligand3131-0
722,HIHRAU__ligand3937-0
723,HIHRAU__ligand1202-0
724,HIHRAU__ligand3174-0
725,HIHRAU__ligand8969-0
726,HIHRAU__ligand11622-0
727,HIHRAU__ligand6839-0
728,HIHRAU__ligand4720-0
729,HIHRAU__ligand16870-0
730,HIHRAU__ligand15455-0
731,HIHRAU__ligand3565-0
732,HIHRAU__ligand11177-0
733,HIHRAU__ligand5331-0
734,HIHRAU__ligand1512-0
735,HIHRAU__ligand2485-0
736,HIHRAU__ligand17686-0
737,HIHRAU__ligand3852-0
738,HIHRAU__ligand25658-0
739,HIHRAU__ligand6919-0
740,HIHRAU__ligand31205-0
741,HIHRAU__ligand768-0
742,HIHRAU__ligand13260-0
743,HIHRAU__ligand1573-0
744,HIHRAU__ligand10582-0
745,HIHRAU__ligand1536-0
746,HIHRAU__ligand9935-0
747,HIHRAU__ligand11252-0
748,HIHRAU__ligand3504-0
749,HIHRAU__ligand1959-0
750,HIHRAU__ligand18067-0
751,HIHRAU__ligand19824-0
752,HIHRAU__ligand4661-0
753,HIHRAU__ligand1844-0
754,HIHRAU__ligand3718-0
755,HIHRAU__ligand6616-0
756,HIHRAU__ligand3035-0
757,HIHRAU__ligand1343-0
758,HIHRAU__ligand3876-0
759,HIHRAU__ligand7106-0
760,HIHRAU__ligand20821-0
761,HIHRAU__ligand7242-0
762,HIHRAU__ligand26673-0
763,HIHRAU__ligand31000-0
764,HIHRAU__ligand240-0
765,HIHRAU__ligand1263-0
766,HIHRAU__ligand9908-0
767,HIHRAU__ligand11606-0
768,HIHRAU__ligand141-0
769,HIHRAU__ligand9784-0
770,HIHRAU__ligand7629-0
771,HIHRAU__ligand22353-0
772,HIHRAU__ligand4272-0
773,HIHRAU__ligand1451-0
774,HIHRAU__ligand3954-0
775,HIHRAU__ligand4442-0
776,HIHRAU__ligand4093-0
777,HIHRAU__ligand1160-0
778,HIHRAU__ligand8699-0
779,HIHRAU__ligand19668-0
780,HIHRAU__ligand693-0
781,HIHRAU__ligand19906-0
782,HIHRAU__ligand9520-0
783,HIHRAU__ligand4016-0
784,HIHRAU__ligand6709-0
785,HIHRAU__ligand1219-0
786,HIHRAU__ligand7867-0
787,HIHRAU__ligand10151-0
788,HIHRAU__ligand7280-0
789,HIHRAU__ligand1304-0
790,HIHRAU__ligand1790-0
791,HIHRAU__ligand7238-0
792,HIHRAU__ligand7000-0
793,HIHRAU__ligand15387-0
794,HIHRAU__ligand1982-0
795,HIHRAU__ligand20121-0
796,HIHRAU__ligand6768-0
797,HIHRAU__ligand8115-0
798,HIHRAU__ligand1285-0
799,HIHRAU__ligand20220-0
800,HIHRAU__ligand29813-0
801,HIHRAU__ligand16952-0
802,HIHRAU__ligand69-0
803,HIHRAU__ligand4546-0
804,HIHRAU__ligand4503-0
805,HIHRAU__ligand10853-0
806,HIHRAU__ligand757-0
807,HIHRAU__ligand5256-0
808,HIHRAU__ligand29441-0
809,HIHRAU__ligand7648-0
810,HIHRAU__ligand2828-0
811,HIHRAU__ligand8876-0
812,HIHRAU__ligand9833-0
813,HIHRAU__ligand4157-0
814,HIHRAU__ligand11479-0
815,HIHRAU__ligand27610-0
816,HIHRAU__ligand10479-0
817,HIHRAU__ligand11-0
818,HIHRAU__ligand11698-0
819,HIHRAU__ligand20530-0
820,HIHRAU__ligand2232-0
821,HIHRAU__ligand14302-0
822,HIHRAU__ligand14347-0
823,HIHRAU__ligand13657-0
824,HIHRAU__ligand24851-0
825,HIHRAU__ligand9291-0
826,HIHRAU__ligand122-0
827,HIHRAU__ligand2176-0
