,TMC
0,REFYEJ__ligand370-0
1,REFYEJ__ligand250-0
2,REFYEJ__ligand8774-0
3,REFYEJ__ligand3637-0
4,REFYEJ__ligand460-0
5,REFYEJ__ligand188-0
6,REFYEJ__ligand6294-0
7,REFYEJ__ligand1054-0
8,REFYEJ__ligand1598-0
9,REFYEJ__ligand66-0
10,REFYEJ__ligand1248-0
11,REFYEJ__ligand444-0
12,REFYEJ__ligand4303-0
13,REFYEJ__ligand369-0
14,REFYEJ__ligand311-0
15,REFYEJ__ligand7464-0
16,REFYEJ__ligand851-0
17,REFYEJ__ligand2907-0
18,REFYEJ__ligand909-0
19,REFYEJ__ligand1703-0
20,REFYEJ__ligand2430-0
21,REFYEJ__ligand177-0
22,REFYEJ__ligand934-0
23,REFYEJ__ligand2320-0
24,REFYEJ__ligand1056-0
25,REFYEJ__ligand2862-0
26,REFYEJ__ligand2285-0
27,REFYEJ__ligand1567-0
28,REFYEJ__ligand21-0
29,REFYEJ__ligand8921-0
30,REFYEJ__ligand2510-0
31,REFYEJ__ligand252-0
32,REFYEJ__ligand955-0
33,REFYEJ__ligand1607-0
34,REFYEJ__ligand40-0
35,REFYEJ__ligand38-0
36,REFYEJ__ligand1152-0
37,REFYEJ__ligand830-0
38,REFYEJ__ligand1727-0
39,REFYEJ__ligand193-0
40,REFYEJ__ligand1502-0
41,REFYEJ__ligand2345-0
42,REFYEJ__ligand2794-0
43,REFYEJ__ligand1835-0
44,REFYEJ__ligand112-0
45,REFYEJ__ligand4983-0
46,REFYEJ__ligand9027-0
47,REFYEJ__ligand197-0
48,REFYEJ__ligand296-0
49,REFYEJ__ligand1113-0
50,REFYEJ__ligand2265-0
51,REFYEJ__ligand6396-0
52,REFYEJ__ligand3-0
53,REFYEJ__ligand783-0
54,REFYEJ__ligand352-0
55,REFYEJ__ligand18-0
56,REFYEJ__ligand1273-0
57,REFYEJ__ligand868-0
58,REFYEJ__ligand442-0
59,REFYEJ__ligand136-0
60,REFYEJ__ligand1052-0
61,REFYEJ__ligand62-0
62,REFYEJ__ligand390-0
63,REFYEJ__ligand134-0
64,REFYEJ__ligand932-0
65,REFYEJ__ligand2864-0
66,REFYEJ__ligand235-0
67,REFYEJ__ligand525-0
68,REFYEJ__ligand1-0
69,REFYEJ__ligand9495-0
70,REFYEJ__ligand560-0
71,REFYEJ__ligand6151-0
72,REFYEJ__ligand2772-0
73,REFYEJ__ligand6538-0
74,REFYEJ__ligand109-0
75,REFYEJ__ligand2142-0
76,REFYEJ__ligand5941-0
77,REFYEJ__ligand2880-0
78,REFYEJ__ligand294-0
79,REFYEJ__ligand2838-0
80,REFYEJ__ligand993-0
81,REFYEJ__ligand3838-0
82,REFYEJ__ligand1799-0
83,REFYEJ__ligand331-0
84,REFYEJ__ligand86-0
85,REFYEJ__ligand5022-0
86,REFYEJ__ligand1169-0
87,REFYEJ__ligand798-0
88,REFYEJ__ligand421-0
89,REFYEJ__ligand916-0
90,REFYEJ__ligand584-0
91,REFYEJ__ligand3178-0
92,REFYEJ__ligand447-0
93,REFYEJ__ligand6332-0
94,REFYEJ__ligand11730-0
95,REFYEJ__ligand133-0
96,REFYEJ__ligand2098-0
97,REFYEJ__ligand6502-0
98,REFYEJ__ligand2863-0
99,REFYEJ__ligand7915-0
100,REFYEJ__ligand5548-0
101,REFYEJ__ligand6-0
102,REFYEJ__ligand522-0
103,REFYEJ__ligand6686-0
104,REFYEJ__ligand1747-0
105,REFYEJ__ligand666-0
106,REFYEJ__ligand487-0
107,REFYEJ__ligand3145-0
108,REFYEJ__ligand2751-0
109,REFYEJ__ligand2634-0
110,REFYEJ__ligand1542-0
111,REFYEJ__ligand3041-0
112,REFYEJ__ligand682-0
113,REFYEJ__ligand1228-0
114,REFYEJ__ligand9244-0
115,REFYEJ__ligand115-0
116,REFYEJ__ligand291-0
117,REFYEJ__ligand1114-0
118,REFYEJ__ligand1538-0
119,REFYEJ__ligand4-0
120,REFYEJ__ligand784-0
121,REFYEJ__ligand355-0
122,REFYEJ__ligand3246-0
123,REFYEJ__ligand485-0
124,REFYEJ__ligand1148-0
125,REFYEJ__ligand67-0
126,REFYEJ__ligand1479-0
127,REFYEJ__ligand1171-0
128,REFYEJ__ligand481-0
129,REFYEJ__ligand314-0
130,REFYEJ__ligand170-0
131,REFYEJ__ligand3063-0
132,REFYEJ__ligand1438-0
133,REFYEJ__ligand391-0
134,REFYEJ__ligand5801-0
135,REFYEJ__ligand1459-0
136,REFYEJ__ligand210-0
137,REFYEJ__ligand1544-0
138,REFYEJ__ligand1685-0
139,REFYEJ__ligand2087-0
140,REFYEJ__ligand1048-0
141,REFYEJ__ligand3757-0
142,REFYEJ__ligand1951-0
143,REFYEJ__ligand85-0
144,REFYEJ__ligand78-0
145,REFYEJ__ligand1687-0
146,REFYEJ__ligand196-0
147,REFYEJ__ligand502-0
148,REFYEJ__ligand6277-0
149,REFYEJ__ligand113-0
150,REFYEJ__ligand1376-0
151,REFYEJ__ligand2768-0
152,REFYEJ__ligand422-0
153,REFYEJ__ligand45-0
154,REFYEJ__ligand2688-0
155,REFYEJ__ligand2259-0
156,REFYEJ__ligand236-0
157,REFYEJ__ligand2629-0
158,REFYEJ__ligand353-0
159,REFYEJ__ligand4381-0
160,REFYEJ__ligand1706-0
161,REFYEJ__ligand3734-0
162,REFYEJ__ligand4370-0
163,REFYEJ__ligand1436-0
164,REFYEJ__ligand3618-0
165,REFYEJ__ligand2618-0
166,REFYEJ__ligand4175-0
167,REFYEJ__ligand797-0
168,REFYEJ__ligand49-0
169,REFYEJ__ligand2255-0
170,REFYEJ__ligand89-0
171,REFYEJ__ligand757-0
172,REFYEJ__ligand1918-0
173,REFYEJ__ligand384-0
174,REFYEJ__ligand3196-0
175,REFYEJ__ligand4012-0
176,REFYEJ__ligand120-0
177,REFYEJ__ligand2915-0
178,REFYEJ__ligand2707-0
179,REFYEJ__ligand1690-0
180,REFYEJ__ligand92-0
181,REFYEJ__ligand2526-0
182,REFYEJ__ligand1551-0
183,REFYEJ__ligand17-0
184,REFYEJ__ligand240-0
185,REFYEJ__ligand141-0
186,REFYEJ__ligand1907-0
187,REFYEJ__ligand321-0
188,REFYEJ__ligand4423-0
189,REFYEJ__ligand279-0
190,REFYEJ__ligand10357-0
191,REFYEJ__ligand3890-0
192,REFYEJ__ligand178-0
193,REFYEJ__ligand15630-0
194,REFYEJ__ligand100-0
195,REFYEJ__ligand201-0
196,REFYEJ__ligand244-0
197,REFYEJ__ligand8-0
198,REFYEJ__ligand7630-0
199,REFYEJ__ligand1555-0
200,REFYEJ__ligand1285-0
201,REFYEJ__ligand7550-0
202,REFYEJ__ligand124-0
203,REFYEJ__ligand5093-0
204,REFYEJ__ligand2954-0
205,REFYEJ__ligand2253-0
206,REFYEJ__ligand1160-0
207,REFYEJ__ligand1038-0
208,REFYEJ__ligand119-0
209,REFYEJ__ligand2762-0
210,REFYEJ__ligand3251-0
211,REFYEJ__ligand5235-0
212,REFYEJ__ligand6143-0
213,REFYEJ__ligand4619-0
214,REFYEJ__ligand126-0
215,REFYEJ__ligand1493-0
216,REFYEJ__ligand2718-0
217,REFYEJ__ligand3035-0
218,REFYEJ__ligand3070-0
219,REFYEJ__ligand9176-0
220,REFYEJ__ligand3852-0
221,REFYEJ__ligand3478-0
222,REFYEJ__ligand596-0
223,REFYEJ__ligand5758-0
224,REFYEJ__ligand11-0
225,REFYEJ__ligand366-0
226,REFYEJ__ligand7456-0
227,REFYEJ__ligand861-0
228,REFYEJ__ligand612-0
229,REFYEJ__ligand1818-0
230,REFYEJ__ligand187-0
231,REFYEJ__ligand6430-0
232,REFYEJ__ligand1299-0
233,REFYEJ__ligand1264-0
234,REFYEJ__ligand1221-0
235,REFYEJ__ligand575-0
236,REFYEJ__ligand1379-0
237,REFYEJ__ligand2376-0
238,REFYEJ__ligand927-0
239,REFYEJ__ligand199-0
240,REFYEJ__ligand2929-0
241,REFYEJ__ligand32-0
242,REFYEJ__ligand1325-0
243,REFYEJ__ligand2482-0
244,REFYEJ__ligand140-0
245,REFYEJ__ligand105-0
246,REFYEJ__ligand6571-0
247,REFYEJ__ligand324-0
248,REFYEJ__ligand361-0
249,REFYEJ__ligand409-0
250,REFYEJ__ligand5762-0
251,REFYEJ__ligand7414-0
252,REFYEJ__ligand1104-0
253,REFYEJ__ligand2442-0
254,REFYEJ__ligand1019-0
255,REFYEJ__ligand821-0
256,REFYEJ__ligand91-0
257,REFYEJ__ligand29-0
258,REFYEJ__ligand326-0
259,REFYEJ__ligand553-0
260,REFYEJ__ligand8032-0
261,REFYEJ__ligand283-0
262,REFYEJ__ligand1858-0
263,REFYEJ__ligand2315-0
264,REFYEJ__ligand142-0
265,REFYEJ__ligand3051-0
266,REFYEJ__ligand4504-0
267,REFYEJ__ligand2480-0
268,REFYEJ__ligand1898-0
269,REFYEJ__ligand206-0
270,REFYEJ__ligand436-0
271,REFYEJ__ligand51-0
272,REFYEJ__ligand5334-0
273,REFYEJ__ligand2389-0
274,REFYEJ__ligand166-0
275,REFYEJ__ligand838-0
276,REFYEJ__ligand1919-0
277,REFYEJ__ligand2110-0
278,REFYEJ__ligand2916-0
279,REFYEJ__ligand48-0
280,REFYEJ__ligand3579-0
281,REFYEJ__ligand497-0
282,REFYEJ__ligand1712-0
283,REFYEJ__ligand918-0
284,REFYEJ__ligand633-0
285,REFYEJ__ligand532-0
286,REFYEJ__ligand34-0
287,REFYEJ__ligand10114-0
288,REFYEJ__ligand383-0
289,REFYEJ__ligand162-0
290,REFYEJ__ligand226-0
291,REFYEJ__ligand1307-0
292,REFYEJ__ligand10479-0
293,REFYEJ__ligand6166-0
294,REFYEJ__ligand1246-0
295,REFYEJ__ligand95-0
296,REFYEJ__ligand2599-0
297,REFYEJ__ligand5089-0
298,REFYEJ__ligand55-0
299,REFYEJ__ligand3853-0
300,REFYEJ__ligand2853-0
301,REFYEJ__ligand358-0
302,REFYEJ__ligand430-0
303,REFYEJ__ligand57-0
304,REFYEJ__ligand3566-0
305,REFYEJ__ligand1178-0
306,REFYEJ__ligand669-0
307,REFYEJ__ligand1321-0
308,REFYEJ__ligand278-0
309,REFYEJ__ligand1788-0
310,REFYEJ__ligand14530-0
311,REFYEJ__ligand365-0
312,REFYEJ__ligand670-0
313,REFYEJ__ligand118-0
314,REFYEJ__ligand571-0
315,REFYEJ__ligand1260-0
316,REFYEJ__ligand4894-0
317,REFYEJ__ligand9620-0
318,REFYEJ__ligand10910-0
319,REFYEJ__ligand1449-1
320,REFYEJ__ligand4811-0
321,REFYEJ__ligand73-0
322,REFYEJ__ligand509-0
323,REFYEJ__ligand3337-0
324,REFYEJ__ligand7514-0
