,TMC
0,VEQCAV__ligand384-0
1,VEQCAV__ligand1228-0
2,VEQCAV__ligand9943-0
3,VEQCAV__ligand1604-0
4,VEQCAV__ligand1832-0
5,VEQCAV__ligand26810-0
6,VEQCAV__ligand27482-0
7,VEQCAV__ligand8788-0
8,VEQCAV__ligand13208-0
9,VEQCAV__ligand2043-0
10,VEQCAV__ligand20682-0
11,VEQCAV__ligand2417-0
12,VEQCAV__ligand13390-0
13,VEQCAV__ligand1114-0
14,VEQCAV__ligand9284-0
15,VEQCAV__ligand768-0
16,VEQCAV__ligand6391-0
17,VEQCAV__ligand3126-0
18,VEQCAV__ligand25411-0
19,VEQCAV__ligand14174-0
20,VEQCAV__ligand10712-0
21,VEQCAV__ligand2203-0
22,VEQCAV__ligand5387-0
23,VEQCAV__ligand11456-0
24,VEQCAV__ligand1289-0
25,VEQCAV__ligand12030-0
26,VEQCAV__ligand1599-0
27,VEQCAV__ligand14248-0
28,VEQCAV__ligand29879-0
29,VEQCAV__ligand28884-0
30,VEQCAV__ligand13331-0
31,VEQCAV__ligand38-0
32,VEQCAV__ligand2612-0
33,VEQCAV__ligand141-0
34,VEQCAV__ligand31832-0
35,VEQCAV__ligand240-0
36,VEQCAV__ligand13294-0
37,VEQCAV__ligand9450-0
38,VEQCAV__ligand20011-0
39,VEQCAV__ligand17278-0
40,VEQCAV__ligand17982-0
41,VEQCAV__ligand3178-0
42,VEQCAV__ligand29414-0
43,VEQCAV__ligand4807-0
44,VEQCAV__ligand5159-0
45,VEQCAV__ligand693-0
46,VEQCAV__ligand17398-0
47,VEQCAV__ligand7196-0
48,VEQCAV__ligand20598-0
49,VEQCAV__ligand9753-0
50,VEQCAV__ligand11675-0
51,VEQCAV__ligand24047-0
52,VEQCAV__ligand1787-0
53,VEQCAV__ligand1356-0
54,VEQCAV__ligand22557-0
55,VEQCAV__ligand10589-0
56,VEQCAV__ligand5530-0
57,VEQCAV__ligand14703-0
58,VEQCAV__ligand16475-0
59,VEQCAV__ligand4649-0
60,VEQCAV__ligand8793-0
61,VEQCAV__ligand5649-0
62,VEQCAV__ligand2788-0
63,VEQCAV__ligand4711-0
64,VEQCAV__ligand3244-0
65,VEQCAV__ligand20251-1
66,VEQCAV__ligand2906-0
67,VEQCAV__ligand42-0
68,VEQCAV__ligand9323-0
69,VEQCAV__ligand20539-0
70,VEQCAV__ligand30702-0
71,VEQCAV__ligand20214-0
72,VEQCAV__ligand7273-0
73,VEQCAV__ligand20251-0
74,VEQCAV__ligand7172-0
75,VEQCAV__ligand21581-0
76,VEQCAV__ligand31097-0
77,VEQCAV__ligand2124-0
78,VEQCAV__ligand66-0
79,VEQCAV__ligand14117-0
80,VEQCAV__ligand8612-0
81,VEQCAV__ligand17261-0
82,VEQCAV__ligand7092-0
83,VEQCAV__ligand2260-0
84,VEQCAV__ligand3225-0
85,VEQCAV__ligand1153-0
86,VEQCAV__ligand1116-0
87,VEQCAV__ligand20419-0
88,VEQCAV__ligand5708-0
89,VEQCAV__ligand21371-0
90,VEQCAV__ligand17118-0
91,VEQCAV__ligand7316-0
92,VEQCAV__ligand757-0
93,VEQCAV__ligand6017-0
94,VEQCAV__ligand28789-0
95,VEQCAV__ligand122-0
96,VEQCAV__ligand29568-0
97,VEQCAV__ligand5180-0
98,VEQCAV__ligand14889-0
99,VEQCAV__ligand30851-0
100,VEQCAV__ligand2221-0
101,VEQCAV__ligand27175-0
102,VEQCAV__ligand18832-0
103,VEQCAV__ligand23713-0
104,VEQCAV__ligand3120-0
105,VEQCAV__ligand845-0
106,VEQCAV__ligand3926-0
107,VEQCAV__ligand4358-0
108,VEQCAV__ligand30988-0
109,VEQCAV__ligand14723-0
110,VEQCAV__ligand27893-0
111,VEQCAV__ligand20578-0
112,VEQCAV__ligand12934-0
113,VEQCAV__ligand15422-0
114,VEQCAV__ligand5595-0
115,VEQCAV__ligand19641-0
116,VEQCAV__ligand4101-0
117,VEQCAV__ligand126-0
118,VEQCAV__ligand31783-0
119,VEQCAV__ligand163-0
120,VEQCAV__ligand1376-0
121,VEQCAV__ligand5510-0
122,VEQCAV__ligand9773-0
123,VEQCAV__ligand5099-0
124,VEQCAV__ligand8592-0
125,VEQCAV__ligand14603-0
126,VEQCAV__ligand14297-0
127,VEQCAV__ligand1197-0
128,VEQCAV__ligand17258-0
129,VEQCAV__ligand2259-0
130,VEQCAV__ligand17631-0
131,VEQCAV__ligand13012-0
132,VEQCAV__ligand26665-0
133,VEQCAV__ligand1296-0
134,VEQCAV__ligand941-0
135,VEQCAV__ligand1317-0
136,VEQCAV__ligand596-0
137,VEQCAV__ligand3867-0
138,VEQCAV__ligand30333-0
139,VEQCAV__ligand2822-0
140,VEQCAV__ligand7293-0
141,VEQCAV__ligand12606-0
142,VEQCAV__ligand30296-0
143,VEQCAV__ligand17281-0
144,VEQCAV__ligand2238-0
145,VEQCAV__ligand777-0
146,VEQCAV__ligand26540-0
147,VEQCAV__ligand5304-0
148,VEQCAV__ligand12337-0
149,VEQCAV__ligand29410-0
150,VEQCAV__ligand9167-0
151,VEQCAV__ligand12427-0
152,VEQCAV__ligand20740-0
153,VEQCAV__ligand7762-0
154,VEQCAV__ligand28468-0
155,VEQCAV__ligand5080-0
156,VEQCAV__ligand366-0
157,VEQCAV__ligand16628-0
158,VEQCAV__ligand187-0
159,VEQCAV__ligand27460-0
160,VEQCAV__ligand1407-0
161,VEQCAV__ligand6117-0
162,VEQCAV__ligand657-0
163,VEQCAV__ligand5509-0
164,VEQCAV__ligand8002-0
165,VEQCAV__ligand5383-0
166,VEQCAV__ligand2693-0
167,VEQCAV__ligand18814-0
168,VEQCAV__ligand321-0
169,VEQCAV__ligand19057-0
170,VEQCAV__ligand3945-0
171,VEQCAV__ligand13425-0
172,VEQCAV__ligand29302-0
173,VEQCAV__ligand178-0
174,VEQCAV__ligand8000-0
175,VEQCAV__ligand3736-0
176,VEQCAV__ligand9344-0
177,VEQCAV__ligand279-0
178,VEQCAV__ligand28676-0
179,VEQCAV__ligand10262-0
180,VEQCAV__ligand27763-0
181,VEQCAV__ligand185-0
182,VEQCAV__ligand201-0
183,VEQCAV__ligand12641-0
184,VEQCAV__ligand3677-1
185,VEQCAV__ligand9883-0
186,VEQCAV__ligand10958-0
187,VEQCAV__ligand7291-0
188,VEQCAV__ligand9299-0
189,VEQCAV__ligand14108-0
190,VEQCAV__ligand4007-0
191,VEQCAV__ligand2985-0
192,VEQCAV__ligand17302-0
193,VEQCAV__ligand17805-0
194,VEQCAV__ligand6699-0
195,VEQCAV__ligand1294-0
196,VEQCAV__ligand24185-0
197,VEQCAV__ligand23769-0
198,VEQCAV__ligand338-0
199,VEQCAV__ligand1168-0
200,VEQCAV__ligand3632-0
201,VEQCAV__ligand3677-0
202,VEQCAV__ligand25178-0
203,VEQCAV__ligand18-0
204,VEQCAV__ligand12401-0
205,VEQCAV__ligand15585-0
206,VEQCAV__ligand1211-0
207,VEQCAV__ligand24145-0
208,VEQCAV__ligand10476-0
209,VEQCAV__ligand13068-0
210,VEQCAV__ligand6892-0
211,VEQCAV__ligand19830-0
212,VEQCAV__ligand18292-0
213,VEQCAV__ligand2881-0
214,VEQCAV__ligand12289-0
215,VEQCAV__ligand26702-0
216,VEQCAV__ligand13658-0
217,VEQCAV__ligand1499-0
218,VEQCAV__ligand12130-0
219,VEQCAV__ligand17387-0
220,VEQCAV__ligand1464-0
221,VEQCAV__ligand3712-0
222,VEQCAV__ligand12231-0
223,VEQCAV__ligand10084-0
224,VEQCAV__ligand5755-0
225,VEQCAV__ligand25267-0
226,VEQCAV__ligand326-0
227,VEQCAV__ligand4710-0
228,VEQCAV__ligand12467-0
229,VEQCAV__ligand5085-0
230,VEQCAV__ligand3144-0
231,VEQCAV__ligand43-0
232,VEQCAV__ligand21936-0
233,VEQCAV__ligand6112-0
234,VEQCAV__ligand13257-0
235,VEQCAV__ligand8042-0
236,VEQCAV__ligand7213-0
237,VEQCAV__ligand1397-0
238,VEQCAV__ligand23904-0
239,VEQCAV__ligand1828-0
240,VEQCAV__ligand692-0
241,VEQCAV__ligand27074-0
242,VEQCAV__ligand5630-0
243,VEQCAV__ligand20599-0
244,VEQCAV__ligand1786-0
245,VEQCAV__ligand22981-0
246,VEQCAV__ligand25805-0
247,VEQCAV__ligand3285-0
248,VEQCAV__ligand4795-0
249,VEQCAV__ligand436-0
250,VEQCAV__ligand18391-0
251,VEQCAV__ligand27169-0
252,VEQCAV__ligand1908-0
253,VEQCAV__ligand14523-0
254,VEQCAV__ligand6663-0
255,VEQCAV__ligand5515-0
256,VEQCAV__ligand16791-0
257,VEQCAV__ligand1831-0
258,VEQCAV__ligand28668-0
259,VEQCAV__ligand5614-0
260,VEQCAV__ligand5280-0
261,VEQCAV__ligand18799-0
262,VEQCAV__ligand18465-0
263,VEQCAV__ligand1216-0
264,VEQCAV__ligand497-0
265,VEQCAV__ligand67-0
266,VEQCAV__ligand18074-0
267,VEQCAV__ligand13869-0
268,VEQCAV__ligand3261-0
269,VEQCAV__ligand1152-0
270,VEQCAV__ligand29863-0
271,VEQCAV__ligand5019-0
272,VEQCAV__ligand29610-0
273,VEQCAV__ligand1849-0
274,VEQCAV__ligand11140-0
275,VEQCAV__ligand633-0
276,VEQCAV__ligand300-0
277,VEQCAV__ligand1150-0
278,VEQCAV__ligand1539-0
279,VEQCAV__ligand25735-0
280,VEQCAV__ligand12519-0
281,VEQCAV__ligand4207-0
282,VEQCAV__ligand588-0
283,VEQCAV__ligand23124-0
284,VEQCAV__ligand3416-0
285,VEQCAV__ligand3453-0
286,VEQCAV__ligand11206-0
287,VEQCAV__ligand12660-0
288,VEQCAV__ligand199-0
289,VEQCAV__ligand19257-0
290,VEQCAV__ligand13209-0
291,VEQCAV__ligand3042-0
292,VEQCAV__ligand25650-0
293,VEQCAV__ligand31248-0
294,VEQCAV__ligand4063-0
295,VEQCAV__ligand7438-0
296,VEQCAV__ligand8200-0
297,VEQCAV__ligand9750-0
298,VEQCAV__ligand1817-0
299,VEQCAV__ligand6993-0
300,VEQCAV__ligand27835-0
301,VEQCAV__ligand12295-0
302,VEQCAV__ligand1779-0
303,VEQCAV__ligand25689-0
304,VEQCAV__ligand1149-0
305,VEQCAV__ligand3557-0
306,VEQCAV__ligand3980-0
307,VEQCAV__ligand21787-0
308,VEQCAV__ligand25575-0
309,VEQCAV__ligand7075-0
310,VEQCAV__ligand30539-0
311,VEQCAV__ligand324-0
312,VEQCAV__ligand361-0
313,VEQCAV__ligand1288-0
314,VEQCAV__ligand409-0
315,VEQCAV__ligand4167-0
316,VEQCAV__ligand23906-0
317,VEQCAV__ligand11166-0
318,VEQCAV__ligand9491-0
319,VEQCAV__ligand21132-0
320,VEQCAV__ligand4266-0
321,VEQCAV__ligand1400-0
322,VEQCAV__ligand78-0
323,VEQCAV__ligand29087-0
324,VEQCAV__ligand488-0
325,VEQCAV__ligand358-0
326,VEQCAV__ligand430-0
327,VEQCAV__ligand18703-0
328,VEQCAV__ligand1050-0
329,VEQCAV__ligand694-0
330,VEQCAV__ligand1015-0
331,VEQCAV__ligand15438-0
332,VEQCAV__ligand28924-0
333,VEQCAV__ligand2027-0
334,VEQCAV__ligand24750-0
335,VEQCAV__ligand4262-0
336,VEQCAV__ligand1028-0
337,VEQCAV__ligand2692-0
338,VEQCAV__ligand18013-0
339,VEQCAV__ligand25224-0
340,VEQCAV__ligand1618-0
341,VEQCAV__ligand17945-0
342,VEQCAV__ligand45-0
343,VEQCAV__ligand31578-0
344,VEQCAV__ligand17207-0
345,VEQCAV__ligand571-0
346,VEQCAV__ligand534-0
347,VEQCAV__ligand4596-0
348,VEQCAV__ligand1498-0
349,VEQCAV__ligand670-0
350,VEQCAV__ligand9615-0
351,VEQCAV__ligand29898-0
352,VEQCAV__ligand24-0
353,VEQCAV__ligand26277-0
354,VEQCAV__ligand11432-0
355,VEQCAV__ligand31618-0
356,VEQCAV__ligand10432-0
357,VEQCAV__ligand22755-0
358,VEQCAV__ligand1154-0
359,VEQCAV__ligand8529-0
360,VEQCAV__ligand1169-0
361,VEQCAV__ligand15168-0
362,VEQCAV__ligand19-0
363,VEQCAV__ligand24064-0
364,VEQCAV__ligand23589-0
365,VEQCAV__ligand8593-0
366,VEQCAV__ligand9944-0
367,VEQCAV__ligand383-0
368,VEQCAV__ligand24613-0
369,VEQCAV__ligand416-0
370,VEQCAV__ligand19725-0
371,VEQCAV__ligand31483-0
372,VEQCAV__ligand226-0
373,VEQCAV__ligand7566-0
374,VEQCAV__ligand10555-0
375,VEQCAV__ligand162-0
376,VEQCAV__ligand2001-0
377,VEQCAV__ligand5201-0
378,VEQCAV__ligand20579-0
379,VEQCAV__ligand17710-0
380,VEQCAV__ligand11568-0
381,VEQCAV__ligand1113-0
382,VEQCAV__ligand21421-0
383,VEQCAV__ligand8553-0
384,VEQCAV__ligand14586-0
385,VEQCAV__ligand11774-0
386,VEQCAV__ligand4124-0
387,VEQCAV__ligand4161-0
388,VEQCAV__ligand3471-0
389,VEQCAV__ligand8-0
390,VEQCAV__ligand656-0
391,VEQCAV__ligand18699-0
392,VEQCAV__ligand12682-0
393,VEQCAV__ligand17240-0
394,VEQCAV__ligand5415-0
395,VEQCAV__ligand17590-0
396,VEQCAV__ligand3180-0
397,VEQCAV__ligand13072-0
398,VEQCAV__ligand4340-0
399,VEQCAV__ligand2650-0
400,VEQCAV__ligand2281-0
401,VEQCAV__ligand12336-0
402,VEQCAV__ligand2823-0
403,VEQCAV__ligand696-0
404,VEQCAV__ligand6995-0
405,VEQCAV__ligand1900-0
406,VEQCAV__ligand9197-0
407,VEQCAV__ligand10151-0
408,VEQCAV__ligand909-0
409,VEQCAV__ligand3029-0
410,VEQCAV__ligand7162-0
411,VEQCAV__ligand2328-0
412,VEQCAV__ligand4581-0
413,VEQCAV__ligand1773-0
414,VEQCAV__ligand2781-0
415,VEQCAV__ligand7573-0
416,VEQCAV__ligand3350-0
417,VEQCAV__ligand19906-0
418,VEQCAV__ligand4-0
419,VEQCAV__ligand19668-0
420,VEQCAV__ligand1327-0
421,VEQCAV__ligand9809-0
422,VEQCAV__ligand6672-0
423,VEQCAV__ligand177-0
424,VEQCAV__ligand8722-0
425,VEQCAV__ligand22353-0
426,VEQCAV__ligand3208-0
427,VEQCAV__ligand2208-0
428,VEQCAV__ligand116-0
429,VEQCAV__ligand24851-0
430,VEQCAV__ligand14347-0
431,VEQCAV__ligand13657-0
432,VEQCAV__ligand14302-0
433,VEQCAV__ligand20530-0
434,VEQCAV__ligand7557-0
435,VEQCAV__ligand11698-0
436,VEQCAV__ligand252-0
437,VEQCAV__ligand1496-0
438,VEQCAV__ligand27610-0
439,VEQCAV__ligand10479-0
440,VEQCAV__ligand11479-0
441,VEQCAV__ligand1533-0
442,VEQCAV__ligand29441-0
443,VEQCAV__ligand10853-0
444,VEQCAV__ligand830-0
445,VEQCAV__ligand17-0
446,VEQCAV__ligand5892-0
447,VEQCAV__ligand5094-0
448,VEQCAV__ligand29813-0
449,VEQCAV__ligand16952-0
450,VEQCAV__ligand372-0
451,VEQCAV__ligand1712-0
452,VEQCAV__ligand4131-0
453,VEQCAV__ligand193-0
454,VEQCAV__ligand20220-0
455,VEQCAV__ligand20121-0
456,VEQCAV__ligand15387-0
457,VEQCAV__ligand370-0
458,VEQCAV__ligand1165-0
459,VEQCAV__ligand9525-0
460,VEQCAV__ligand31205-0
461,VEQCAV__ligand3157-0
462,VEQCAV__ligand17686-0
463,VEQCAV__ligand25658-0
464,VEQCAV__ligand1379-0
465,VEQCAV__ligand11177-0
466,VEQCAV__ligand2722-0
467,VEQCAV__ligand15455-0
468,VEQCAV__ligand5935-0
469,VEQCAV__ligand250-0
470,VEQCAV__ligand16870-0
471,VEQCAV__ligand1768-0
472,VEQCAV__ligand3871-0
473,VEQCAV__ligand1469-0
474,VEQCAV__ligand11622-0
475,VEQCAV__ligand11814-0
476,VEQCAV__ligand1688-0
477,VEQCAV__ligand5357-0
478,VEQCAV__ligand3647-0
479,VEQCAV__ligand16603-0
480,VEQCAV__ligand5056-0
481,VEQCAV__ligand4850-0
482,VEQCAV__ligand11606-0
483,VEQCAV__ligand188-0
484,VEQCAV__ligand1709-0
485,VEQCAV__ligand8464-0
486,VEQCAV__ligand8349-0
487,VEQCAV__ligand31000-0
488,VEQCAV__ligand2527-0
489,VEQCAV__ligand26673-0
490,VEQCAV__ligand20821-0
491,VEQCAV__ligand49-0
492,VEQCAV__ligand5849-0
493,VEQCAV__ligand89-0
494,VEQCAV__ligand479-0
495,VEQCAV__ligand785-0
496,VEQCAV__ligand311-0
497,VEQCAV__ligand19824-0
498,VEQCAV__ligand18067-0
499,VEQCAV__ligand4911-0
500,VEQCAV__ligand564-0
501,VEQCAV__ligand1771-0
502,VEQCAV__ligand11252-0
503,VEQCAV__ligand3392-0
504,VEQCAV__ligand620-0
505,VEQCAV__ligand10582-0
506,VEQCAV__ligand13260-0
507,VEQCAV__ligand370-1
508,VEQCAV__ligand4332-0
509,VEQCAV__ligand9681-0
510,VEQCAV__ligand30004-0
511,VEQCAV__ligand7530-0
512,VEQCAV__ligand20557-0
513,VEQCAV__ligand235-0
514,VEQCAV__ligand1065-0
515,VEQCAV__ligand1449-0
516,VEQCAV__ligand134-0
517,VEQCAV__ligand3012-0
518,VEQCAV__ligand21940-0
519,VEQCAV__ligand25048-0
520,VEQCAV__ligand560-0
521,VEQCAV__ligand2403-0
522,VEQCAV__ligand13755-0
523,VEQCAV__ligand16133-0
524,VEQCAV__ligand6455-0
525,VEQCAV__ligand6882-0
526,VEQCAV__ligand20432-0
527,VEQCAV__ligand27122-0
528,VEQCAV__ligand24953-0
529,VEQCAV__ligand23445-0
530,VEQCAV__ligand3934-0
531,VEQCAV__ligand7529-0
532,VEQCAV__ligand14339-0
533,VEQCAV__ligand30788-0
534,VEQCAV__ligand13691-0
535,VEQCAV__ligand1415-0
536,VEQCAV__ligand6946-0
537,VEQCAV__ligand294-0
538,VEQCAV__ligand9148-0
539,VEQCAV__ligand21752-0
540,VEQCAV__ligand11-0
541,VEQCAV__ligand18757-0
542,VEQCAV__ligand5483-0
543,VEQCAV__ligand24560-0
544,VEQCAV__ligand421-0
545,VEQCAV__ligand69-0
546,VEQCAV__ligand5316-0
547,VEQCAV__ligand18413-0
548,VEQCAV__ligand20844-0
549,VEQCAV__ligand24624-0
550,VEQCAV__ligand2830-0
551,VEQCAV__ligand5627-0
552,VEQCAV__ligand685-0
553,VEQCAV__ligand1729-0
554,VEQCAV__ligand27550-0
555,VEQCAV__ligand6062-0
556,VEQCAV__ligand5813-0
557,VEQCAV__ligand4813-0
558,VEQCAV__ligand4738-0
559,VEQCAV__ligand14007-0
560,VEQCAV__ligand18019-1
561,VEQCAV__ligand6283-0
562,VEQCAV__ligand23682-0
563,VEQCAV__ligand7107-0
564,VEQCAV__ligand29565-0
565,VEQCAV__ligand197-0
566,VEQCAV__ligand27771-0
567,VEQCAV__ligand18158-0
568,VEQCAV__ligand20942-1
569,VEQCAV__ligand21339-0
570,VEQCAV__ligand14226-0
571,VEQCAV__ligand16956-0
572,VEQCAV__ligand3215-0
573,VEQCAV__ligand14477-0
574,VEQCAV__ligand17069-0
575,VEQCAV__ligand2068-0
576,VEQCAV__ligand17445-0
577,VEQCAV__ligand7925-0
578,VEQCAV__ligand3973-0
579,VEQCAV__ligand20731-0
580,VEQCAV__ligand12413-0
581,VEQCAV__ligand29334-0
582,VEQCAV__ligand352-0
583,VEQCAV__ligand1147-0
584,VEQCAV__ligand783-0
585,VEQCAV__ligand11798-0
586,VEQCAV__ligand21448-0
587,VEQCAV__ligand868-0
588,VEQCAV__ligand2599-0
589,VEQCAV__ligand22357-0
590,VEQCAV__ligand4330-0
591,VEQCAV__ligand11758-0
592,VEQCAV__ligand4194-0
593,VEQCAV__ligand29214-0
594,VEQCAV__ligand7532-0
595,VEQCAV__ligand11501-0
596,VEQCAV__ligand11544-0
597,VEQCAV__ligand9933-0
598,VEQCAV__ligand12365-0
599,VEQCAV__ligand10056-0
600,VEQCAV__ligand1530-0
601,VEQCAV__ligand1575-0
602,VEQCAV__ligand13862-0
603,VEQCAV__ligand11357-0
604,VEQCAV__ligand28743-0
605,VEQCAV__ligand15531-0
606,VEQCAV__ligand1631-0
607,VEQCAV__ligand91-0
608,VEQCAV__ligand2332-0
609,VEQCAV__ligand22294-0
610,VEQCAV__ligand9441-0
611,VEQCAV__ligand22168-0
612,VEQCAV__ligand28930-0
613,VEQCAV__ligand115-0
614,VEQCAV__ligand21919-0
615,VEQCAV__ligand11970-0
616,VEQCAV__ligand1378-0
617,VEQCAV__ligand15883-0
618,VEQCAV__ligand6244-0
619,VEQCAV__ligand24230-0
620,VEQCAV__ligand28810-0
621,VEQCAV__ligand11096-0
622,VEQCAV__ligand11447-0
623,VEQCAV__ligand3156-0
624,VEQCAV__ligand19792-0
625,VEQCAV__ligand833-0
626,VEQCAV__ligand51-0
627,VEQCAV__ligand10828-0
628,VEQCAV__ligand2915-0
629,VEQCAV__ligand15926-0
630,VEQCAV__ligand4116-0
631,VEQCAV__ligand30711-0
632,VEQCAV__ligand20207-0
633,VEQCAV__ligand11682-0
634,VEQCAV__ligand1018-0
635,VEQCAV__ligand3707-0
636,VEQCAV__ligand6124-0
637,VEQCAV__ligand7967-0
638,VEQCAV__ligand9601-0
639,VEQCAV__ligand16988-0
640,VEQCAV__ligand25913-0
641,VEQCAV__ligand8992-0
642,VEQCAV__ligand784-0
643,VEQCAV__ligand2526-0
644,VEQCAV__ligand5036-0
645,VEQCAV__ligand1615-0
646,VEQCAV__ligand368-0
647,VEQCAV__ligand16663-0
648,VEQCAV__ligand395-0
649,VEQCAV__ligand48-0
650,VEQCAV__ligand14614-0
651,VEQCAV__ligand9952-0
652,VEQCAV__ligand9111-0
653,VEQCAV__ligand8721-0
654,VEQCAV__ligand24035-0
655,VEQCAV__ligand1324-0
656,VEQCAV__ligand11994-0
657,VEQCAV__ligand5643-0
658,VEQCAV__ligand31044-0
659,VEQCAV__ligand1823-0
660,VEQCAV__ligand31842-0
661,VEQCAV__ligand746-0
662,VEQCAV__ligand10371-0
663,VEQCAV__ligand447-0
664,VEQCAV__ligand4641-0
665,VEQCAV__ligand13672-0
666,VEQCAV__ligand176-0
667,VEQCAV__ligand18568-0
668,VEQCAV__ligand28685-0
669,VEQCAV__ligand8835-0
670,VEQCAV__ligand2028-0
671,VEQCAV__ligand19184-0
672,VEQCAV__ligand7126-0
673,VEQCAV__ligand1142-0
674,VEQCAV__ligand3234-0
675,VEQCAV__ligand32-0
676,VEQCAV__ligand487-0
677,VEQCAV__ligand28459-0
678,VEQCAV__ligand12453-0
679,VEQCAV__ligand18448-0
680,VEQCAV__ligand3465-0
681,VEQCAV__ligand506-0
682,VEQCAV__ligand6596-0
683,VEQCAV__ligand3721-0
684,VEQCAV__ligand6904-0
685,VEQCAV__ligand6102-0
686,VEQCAV__ligand7819-0
687,VEQCAV__ligand13477-0
688,VEQCAV__ligand14167-0
689,VEQCAV__ligand16-0
690,VEQCAV__ligand2917-0
691,VEQCAV__ligand27669-0
692,VEQCAV__ligand30142-0
693,VEQCAV__ligand27285-0
694,VEQCAV__ligand29029-0
695,VEQCAV__ligand2295-0
696,VEQCAV__ligand1577-0
697,VEQCAV__ligand6067-0
698,VEQCAV__ligand152-0
699,VEQCAV__ligand23197-0
700,VEQCAV__ligand4620-0
701,VEQCAV__ligand26529-0
702,VEQCAV__ligand9908-0
703,VEQCAV__ligand57-0
704,VEQCAV__ligand1263-0
705,VEQCAV__ligand11618-0
706,VEQCAV__ligand7106-0
707,VEQCAV__ligand196-0
708,VEQCAV__ligand7242-0
709,VEQCAV__ligand686-0
710,VEQCAV__ligand1844-0
711,VEQCAV__ligand4661-0
712,VEQCAV__ligand19927-0
713,VEQCAV__ligand14043-0
714,VEQCAV__ligand3718-0
715,VEQCAV__ligand28559-0
716,VEQCAV__ligand3876-0
717,VEQCAV__ligand1343-0
718,VEQCAV__ligand3035-0
719,VEQCAV__ligand26324-0
720,VEQCAV__ligand6616-0
721,VEQCAV__ligand1536-0
722,VEQCAV__ligand1573-0
723,VEQCAV__ligand9935-0
724,VEQCAV__ligand21729-0
725,VEQCAV__ligand27239-0
726,VEQCAV__ligand422-0
727,VEQCAV__ligand3504-0
728,VEQCAV__ligand1959-0
729,VEQCAV__ligand2485-0
730,VEQCAV__ligand3852-0
731,VEQCAV__ligand29215-0
732,VEQCAV__ligand6919-0
733,VEQCAV__ligand1-0
734,VEQCAV__ligand12003-0
735,VEQCAV__ligand16148-0
736,VEQCAV__ligand3565-0
737,VEQCAV__ligand26631-0
738,VEQCAV__ligand21399-0
739,VEQCAV__ligand10872-0
740,VEQCAV__ligand5331-0
741,VEQCAV__ligand1512-0
742,VEQCAV__ligand393-0
743,VEQCAV__ligand3174-0
744,VEQCAV__ligand1202-0
745,VEQCAV__ligand3937-0
746,VEQCAV__ligand3131-0
747,VEQCAV__ligand8969-0
748,VEQCAV__ligand22403-0
749,VEQCAV__ligand6839-0
750,VEQCAV__ligand4720-0
751,VEQCAV__ligand353-0
752,VEQCAV__ligand4155-0
753,VEQCAV__ligand3094-0
754,VEQCAV__ligand20695-0
755,VEQCAV__ligand27754-0
756,VEQCAV__ligand28540-0
757,VEQCAV__ligand11111-0
758,VEQCAV__ligand16369-0
759,VEQCAV__ligand5211-0
760,VEQCAV__ligand13385-0
761,VEQCAV__ligand314-0
762,VEQCAV__ligand14569-0
763,VEQCAV__ligand780-0
764,VEQCAV__ligand2232-0
765,VEQCAV__ligand9291-0
766,VEQCAV__ligand34-0
767,VEQCAV__ligand24111-0
768,VEQCAV__ligand813-0
769,VEQCAV__ligand2176-0
770,VEQCAV__ligand22444-0
771,VEQCAV__ligand5256-0
772,VEQCAV__ligand8876-0
773,VEQCAV__ligand2828-0
774,VEQCAV__ligand7648-0
775,VEQCAV__ligand13220-0
776,VEQCAV__ligand11587-0
777,VEQCAV__ligand9833-0
778,VEQCAV__ligand23175-0
779,VEQCAV__ligand4157-0
780,VEQCAV__ligand15788-0
781,VEQCAV__ligand17396-0
782,VEQCAV__ligand30728-0
783,VEQCAV__ligand27840-0
784,VEQCAV__ligand3-0
785,VEQCAV__ligand618-0
786,VEQCAV__ligand24872-0
787,VEQCAV__ligand4503-0
788,VEQCAV__ligand4546-0
789,VEQCAV__ligand7000-0
790,VEQCAV__ligand1982-0
791,VEQCAV__ligand24644-0
792,VEQCAV__ligand391-0
793,VEQCAV__ligand6768-0
794,VEQCAV__ligand10033-0
795,VEQCAV__ligand8115-0
796,VEQCAV__ligand1285-0
797,VEQCAV__ligand12001-0
798,VEQCAV__ligand7280-0
799,VEQCAV__ligand1790-0
800,VEQCAV__ligand11949-0
801,VEQCAV__ligand1304-0
802,VEQCAV__ligand12138-0
803,VEQCAV__ligand24780-0
804,VEQCAV__ligand7238-0
805,VEQCAV__ligand22129-0
806,VEQCAV__ligand25561-0
807,VEQCAV__ligand465-0
808,VEQCAV__ligand4016-0
809,VEQCAV__ligand68-0
810,VEQCAV__ligand1219-0
811,VEQCAV__ligand6709-0
812,VEQCAV__ligand7867-0
813,VEQCAV__ligand4093-0
814,VEQCAV__ligand4442-0
815,VEQCAV__ligand31694-0
816,VEQCAV__ligand55-0
817,VEQCAV__ligand3954-0
818,VEQCAV__ligand1160-0
819,VEQCAV__ligand8699-0
820,VEQCAV__ligand29486-0
821,VEQCAV__ligand9520-0
822,VEQCAV__ligand9784-0
823,VEQCAV__ligand7629-0
824,VEQCAV__ligand17427-0
825,VEQCAV__ligand314-1
826,VEQCAV__ligand1451-0
827,VEQCAV__ligand4272-0
