,TMC
0,UDUQOZ__ligand522-0
1,UDUQOZ__ligand1171-0
2,UDUQOZ__ligand666-0
3,UDUQOZ__ligand487-0
4,UDUQOZ__ligand447-0
5,UDUQOZ__ligand1438-0
6,UDUQOZ__ligand3063-0
7,UDUQOZ__ligand133-0
8,UDUQOZ__ligand5801-0
9,UDUQOZ__ligand85-0
10,UDUQOZ__ligand1459-0
11,UDUQOZ__ligand78-0
12,UDUQOZ__ligand682-0
13,UDUQOZ__ligand1544-0
14,UDUQOZ__ligand1685-0
15,UDUQOZ__ligand1048-0
16,UDUQOZ__ligand45-0
17,UDUQOZ__ligand2087-0
18,UDUQOZ__ligand3757-0
19,UDUQOZ__ligand1951-0
20,UDUQOZ__ligand291-0
21,UDUQOZ__ligand1687-0
22,UDUQOZ__ligand6277-0
23,UDUQOZ__ligand2768-0
24,UDUQOZ__ligand1376-0
25,UDUQOZ__ligand115-0
26,UDUQOZ__ligand2259-0
27,UDUQOZ__ligand2688-0
28,UDUQOZ__ligand2629-0
29,UDUQOZ__ligand4381-0
30,UDUQOZ__ligand355-0
31,UDUQOZ__ligand784-0
32,UDUQOZ__ligand1706-0
33,UDUQOZ__ligand485-0
34,UDUQOZ__ligand3734-0
35,UDUQOZ__ligand3178-0
36,UDUQOZ__ligand170-0
37,UDUQOZ__ligand6332-0
38,UDUQOZ__ligand6502-0
39,UDUQOZ__ligand2098-0
40,UDUQOZ__ligand2863-0
41,UDUQOZ__ligand391-0
42,UDUQOZ__ligand5548-0
43,UDUQOZ__ligand481-0
44,UDUQOZ__ligand7915-0
45,UDUQOZ__ligand314-0
46,UDUQOZ__ligand1747-0
47,UDUQOZ__ligand6686-0
48,UDUQOZ__ligand67-0
49,UDUQOZ__ligand3145-0
50,UDUQOZ__ligand2751-0
51,UDUQOZ__ligand11730-0
52,UDUQOZ__ligand210-0
53,UDUQOZ__ligand2634-0
54,UDUQOZ__ligand1542-0
55,UDUQOZ__ligand3041-0
56,UDUQOZ__ligand113-0
57,UDUQOZ__ligand1228-0
58,UDUQOZ__ligand9244-0
59,UDUQOZ__ligand8-0
60,UDUQOZ__ligand422-0
61,UDUQOZ__ligand1114-0
62,UDUQOZ__ligand502-0
63,UDUQOZ__ligand196-0
64,UDUQOZ__ligand1538-0
65,UDUQOZ__ligand353-0
66,UDUQOZ__ligand3246-0
67,UDUQOZ__ligand236-0
68,UDUQOZ__ligand1148-0
69,UDUQOZ__ligand1479-0
70,UDUQOZ__ligand1502-0
71,UDUQOZ__ligand250-0
72,UDUQOZ__ligand460-0
73,UDUQOZ__ligand2794-0
74,UDUQOZ__ligand2345-0
75,UDUQOZ__ligand1835-0
76,UDUQOZ__ligand86-0
77,UDUQOZ__ligand4983-0
78,UDUQOZ__ligand9027-0
79,UDUQOZ__ligand370-0
80,UDUQOZ__ligand1113-0
81,UDUQOZ__ligand2265-0
82,UDUQOZ__ligand6396-0
83,UDUQOZ__ligand311-0
84,UDUQOZ__ligand62-0
85,UDUQOZ__ligand1273-0
86,UDUQOZ__ligand188-0
87,UDUQOZ__ligand369-0
88,UDUQOZ__ligand1052-0
89,UDUQOZ__ligand444-0
90,UDUQOZ__ligand177-0
91,UDUQOZ__ligand934-0
92,UDUQOZ__ligand18-0
93,UDUQOZ__ligand2864-0
94,UDUQOZ__ligand6151-0
95,UDUQOZ__ligand2772-0
96,UDUQOZ__ligand9495-0
97,UDUQOZ__ligand851-0
98,UDUQOZ__ligand6538-0
99,UDUQOZ__ligand909-0
100,UDUQOZ__ligand2142-0
101,UDUQOZ__ligand2880-0
102,UDUQOZ__ligand5941-0
103,UDUQOZ__ligand2838-0
104,UDUQOZ__ligand1799-0
105,UDUQOZ__ligand3838-0
106,UDUQOZ__ligand830-0
107,UDUQOZ__ligand193-0
108,UDUQOZ__ligand252-0
109,UDUQOZ__ligand1169-0
110,UDUQOZ__ligand5022-0
111,UDUQOZ__ligand955-0
112,UDUQOZ__ligand197-0
113,UDUQOZ__ligand296-0
114,UDUQOZ__ligand40-0
115,UDUQOZ__ligand38-0
116,UDUQOZ__ligand8774-0
117,UDUQOZ__ligand112-0
118,UDUQOZ__ligand3637-0
119,UDUQOZ__ligand6294-0
120,UDUQOZ__ligand868-0
121,UDUQOZ__ligand442-0
122,UDUQOZ__ligand1054-0
123,UDUQOZ__ligand1598-0
124,UDUQOZ__ligand4303-0
125,UDUQOZ__ligand1248-0
126,UDUQOZ__ligand136-0
127,UDUQOZ__ligand7464-0
128,UDUQOZ__ligand21-0
129,UDUQOZ__ligand352-0
130,UDUQOZ__ligand783-0
131,UDUQOZ__ligand560-0
132,UDUQOZ__ligand525-0
133,UDUQOZ__ligand109-0
134,UDUQOZ__ligand2907-0
135,UDUQOZ__ligand1703-0
136,UDUQOZ__ligand66-0
137,UDUQOZ__ligand2430-0
138,UDUQOZ__ligand2320-0
139,UDUQOZ__ligand1056-0
140,UDUQOZ__ligand2862-0
141,UDUQOZ__ligand390-0
142,UDUQOZ__ligand932-0
143,UDUQOZ__ligand134-0
144,UDUQOZ__ligand8921-0
145,UDUQOZ__ligand2285-0
146,UDUQOZ__ligand1567-0
147,UDUQOZ__ligand235-0
148,UDUQOZ__ligand2510-0
149,UDUQOZ__ligand421-0
150,UDUQOZ__ligand798-0
151,UDUQOZ__ligand1607-0
152,UDUQOZ__ligand584-0
153,UDUQOZ__ligand916-0
154,UDUQOZ__ligand294-0
155,UDUQOZ__ligand993-0
156,UDUQOZ__ligand1152-0
157,UDUQOZ__ligand1727-0
158,UDUQOZ__ligand331-0
159,UDUQOZ__ligand927-0
160,UDUQOZ__ligand199-0
161,UDUQOZ__ligand10479-0
162,UDUQOZ__ligand1307-0
163,UDUQOZ__ligand73-0
164,UDUQOZ__ligand575-0
165,UDUQOZ__ligand57-0
166,UDUQOZ__ligand409-0
167,UDUQOZ__ligand361-0
168,UDUQOZ__ligand324-0
169,UDUQOZ__ligand6166-0
170,UDUQOZ__ligand10114-0
171,UDUQOZ__ligand1246-0
172,UDUQOZ__ligand5089-0
173,UDUQOZ__ligand2599-0
174,UDUQOZ__ligand105-0
175,UDUQOZ__ligand140-0
176,UDUQOZ__ligand3853-0
177,UDUQOZ__ligand2853-0
178,UDUQOZ__ligand142-0
179,UDUQOZ__ligand206-0
180,UDUQOZ__ligand1178-0
181,UDUQOZ__ligand3566-0
182,UDUQOZ__ligand436-0
183,UDUQOZ__ligand1321-0
184,UDUQOZ__ligand95-0
185,UDUQOZ__ligand821-0
186,UDUQOZ__ligand1788-0
187,UDUQOZ__ligand10910-0
188,UDUQOZ__ligand326-0
189,UDUQOZ__ligand55-0
190,UDUQOZ__ligand553-0
191,UDUQOZ__ligand283-0
192,UDUQOZ__ligand34-0
193,UDUQOZ__ligand497-0
194,UDUQOZ__ligand633-0
195,UDUQOZ__ligand9620-0
196,UDUQOZ__ligand918-0
197,UDUQOZ__ligand4894-0
198,UDUQOZ__ligand1260-0
199,UDUQOZ__ligand532-0
200,UDUQOZ__ligand4811-0
201,UDUQOZ__ligand1449-1
202,UDUQOZ__ligand14530-0
203,UDUQOZ__ligand166-0
204,UDUQOZ__ligand838-0
205,UDUQOZ__ligand3337-0
206,UDUQOZ__ligand7514-0
207,UDUQOZ__ligand1299-0
208,UDUQOZ__ligand6430-0
209,UDUQOZ__ligand1221-0
210,UDUQOZ__ligand1264-0
211,UDUQOZ__ligand1379-0
212,UDUQOZ__ligand1-0
213,UDUQOZ__ligand48-0
214,UDUQOZ__ligand2376-0
215,UDUQOZ__ligand383-0
216,UDUQOZ__ligand2929-0
217,UDUQOZ__ligand162-0
218,UDUQOZ__ligand226-0
219,UDUQOZ__ligand1325-0
220,UDUQOZ__ligand91-0
221,UDUQOZ__ligand2482-0
222,UDUQOZ__ligand6571-0
223,UDUQOZ__ligand29-0
224,UDUQOZ__ligand7414-0
225,UDUQOZ__ligand5762-0
226,UDUQOZ__ligand1104-0
227,UDUQOZ__ligand1019-0
228,UDUQOZ__ligand51-0
229,UDUQOZ__ligand2442-0
230,UDUQOZ__ligand278-0
231,UDUQOZ__ligand8032-0
232,UDUQOZ__ligand365-0
233,UDUQOZ__ligand1858-0
234,UDUQOZ__ligand430-0
235,UDUQOZ__ligand358-0
236,UDUQOZ__ligand2315-0
237,UDUQOZ__ligand1898-0
238,UDUQOZ__ligand4504-0
239,UDUQOZ__ligand3051-0
240,UDUQOZ__ligand2480-0
241,UDUQOZ__ligand669-0
242,UDUQOZ__ligand5334-0
243,UDUQOZ__ligand2389-0
244,UDUQOZ__ligand1919-0
245,UDUQOZ__ligand509-0
246,UDUQOZ__ligand2916-0
247,UDUQOZ__ligand2110-0
248,UDUQOZ__ligand118-0
249,UDUQOZ__ligand670-0
250,UDUQOZ__ligand571-0
251,UDUQOZ__ligand3579-0
252,UDUQOZ__ligand32-0
253,UDUQOZ__ligand1712-0
254,UDUQOZ__ligand3-0
255,UDUQOZ__ligand1907-0
256,UDUQOZ__ligand4423-0
257,UDUQOZ__ligand11-0
258,UDUQOZ__ligand3890-0
259,UDUQOZ__ligand7630-0
260,UDUQOZ__ligand1555-0
261,UDUQOZ__ligand1285-0
262,UDUQOZ__ligand757-0
263,UDUQOZ__ligand7550-0
264,UDUQOZ__ligand10357-0
265,UDUQOZ__ligand15630-0
266,UDUQOZ__ligand2954-0
267,UDUQOZ__ligand5093-0
268,UDUQOZ__ligand2253-0
269,UDUQOZ__ligand1160-0
270,UDUQOZ__ligand4-0
271,UDUQOZ__ligand1038-0
272,UDUQOZ__ligand797-0
273,UDUQOZ__ligand2762-0
274,UDUQOZ__ligand3251-0
275,UDUQOZ__ligand5235-0
276,UDUQOZ__ligand6143-0
277,UDUQOZ__ligand4619-0
278,UDUQOZ__ligand6-0
279,UDUQOZ__ligand1493-0
280,UDUQOZ__ligand3070-0
281,UDUQOZ__ligand3035-0
282,UDUQOZ__ligand2718-0
283,UDUQOZ__ligand384-0
284,UDUQOZ__ligand120-0
285,UDUQOZ__ligand9176-0
286,UDUQOZ__ligand3852-0
287,UDUQOZ__ligand3478-0
288,UDUQOZ__ligand5758-0
289,UDUQOZ__ligand240-0
290,UDUQOZ__ligand141-0
291,UDUQOZ__ligand7456-0
292,UDUQOZ__ligand1818-0
293,UDUQOZ__ligand4370-0
294,UDUQOZ__ligand100-0
295,UDUQOZ__ligand244-0
296,UDUQOZ__ligand201-0
297,UDUQOZ__ligand92-0
298,UDUQOZ__ligand1436-0
299,UDUQOZ__ligand17-0
300,UDUQOZ__ligand321-0
301,UDUQOZ__ligand279-0
302,UDUQOZ__ligand3618-0
303,UDUQOZ__ligand2618-0
304,UDUQOZ__ligand178-0
305,UDUQOZ__ligand4175-0
306,UDUQOZ__ligand119-0
307,UDUQOZ__ligand2255-0
308,UDUQOZ__ligand1918-0
309,UDUQOZ__ligand124-0
310,UDUQOZ__ligand126-0
311,UDUQOZ__ligand4012-0
312,UDUQOZ__ligand3196-0
313,UDUQOZ__ligand49-0
314,UDUQOZ__ligand89-0
315,UDUQOZ__ligand2915-0
316,UDUQOZ__ligand366-0
317,UDUQOZ__ligand861-0
318,UDUQOZ__ligand2707-0
319,UDUQOZ__ligand1690-0
320,UDUQOZ__ligand612-0
321,UDUQOZ__ligand187-0
322,UDUQOZ__ligand2526-0
323,UDUQOZ__ligand596-0
324,UDUQOZ__ligand1551-0
