,TMC
0,TOSTIE__ligand2838-0
1,TOSTIE__ligand1799-0
2,TOSTIE__ligand3838-0
3,TOSTIE__ligand5941-0
4,TOSTIE__ligand2880-0
5,TOSTIE__ligand1169-0
6,TOSTIE__ligand5022-0
7,TOSTIE__ligand2864-0
8,TOSTIE__ligand757-0
9,TOSTIE__ligand797-0
10,TOSTIE__ligand2142-0
11,TOSTIE__ligand15630-0
12,TOSTIE__ligand6538-0
13,TOSTIE__ligand6151-0
14,TOSTIE__ligand10357-0
15,TOSTIE__ligand2772-0
16,TOSTIE__ligand9495-0
17,TOSTIE__ligand1273-0
18,TOSTIE__ligand1052-0
19,TOSTIE__ligand120-0
20,TOSTIE__ligand67-0
21,TOSTIE__ligand384-0
22,TOSTIE__ligand240-0
23,TOSTIE__ligand4983-0
24,TOSTIE__ligand141-0
25,TOSTIE__ligand2345-0
26,TOSTIE__ligand2794-0
27,TOSTIE__ligand1835-0
28,TOSTIE__ligand1502-0
29,TOSTIE__ligand6396-0
30,TOSTIE__ligand1113-0
31,TOSTIE__ligand2265-0
32,TOSTIE__ligand9027-0
33,TOSTIE__ligand1607-0
34,TOSTIE__ligand100-0
35,TOSTIE__ligand244-0
36,TOSTIE__ligand201-0
37,TOSTIE__ligand279-0
38,TOSTIE__ligand1727-0
39,TOSTIE__ligand178-0
40,TOSTIE__ligand1152-0
41,TOSTIE__ligand321-0
42,TOSTIE__ligand1703-0
43,TOSTIE__ligand119-0
44,TOSTIE__ligand2430-0
45,TOSTIE__ligand2907-0
46,TOSTIE__ligand2510-0
47,TOSTIE__ligand3-0
48,TOSTIE__ligand8921-0
49,TOSTIE__ligand2285-0
50,TOSTIE__ligand1567-0
51,TOSTIE__ligand2862-0
52,TOSTIE__ligand2320-0
53,TOSTIE__ligand1056-0
54,TOSTIE__ligand124-0
55,TOSTIE__ligand4303-0
56,TOSTIE__ligand1248-0
57,TOSTIE__ligand1-0
58,TOSTIE__ligand1598-0
59,TOSTIE__ligand126-0
60,TOSTIE__ligand1054-0
61,TOSTIE__ligand6294-0
62,TOSTIE__ligand7464-0
63,TOSTIE__ligand612-0
64,TOSTIE__ligand187-0
65,TOSTIE__ligand78-0
66,TOSTIE__ligand366-0
67,TOSTIE__ligand861-0
68,TOSTIE__ligand85-0
69,TOSTIE__ligand45-0
70,TOSTIE__ligand3637-0
71,TOSTIE__ligand8774-0
72,TOSTIE__ligand596-0
73,TOSTIE__ligand66-0
74,TOSTIE__ligand6-0
75,TOSTIE__ligand927-0
76,TOSTIE__ligand199-0
77,TOSTIE__ligand10479-0
78,TOSTIE__ligand575-0
79,TOSTIE__ligand3734-0
80,TOSTIE__ligand1706-0
81,TOSTIE__ligand4381-0
82,TOSTIE__ligand2629-0
83,TOSTIE__ligand6277-0
84,TOSTIE__ligand361-0
85,TOSTIE__ligand324-0
86,TOSTIE__ligand1687-0
87,TOSTIE__ligand409-0
88,TOSTIE__ligand1951-0
89,TOSTIE__ligand10114-0
90,TOSTIE__ligand2688-0
91,TOSTIE__ligand2259-0
92,TOSTIE__ligand2768-0
93,TOSTIE__ligand1376-0
94,TOSTIE__ligand105-0
95,TOSTIE__ligand140-0
96,TOSTIE__ligand40-0
97,TOSTIE__ligand436-0
98,TOSTIE__ligand1544-0
99,TOSTIE__ligand10910-0
100,TOSTIE__ligand142-0
101,TOSTIE__ligand1459-0
102,TOSTIE__ligand206-0
103,TOSTIE__ligand553-0
104,TOSTIE__ligand3757-0
105,TOSTIE__ligand283-0
106,TOSTIE__ligand1048-0
107,TOSTIE__ligand2087-0
108,TOSTIE__ligand821-0
109,TOSTIE__ligand1685-0
110,TOSTIE__ligand38-0
111,TOSTIE__ligand326-0
112,TOSTIE__ligand918-0
113,TOSTIE__ligand633-0
114,TOSTIE__ligand14530-0
115,TOSTIE__ligand532-0
116,TOSTIE__ligand497-0
117,TOSTIE__ligand1171-0
118,TOSTIE__ligand5801-0
119,TOSTIE__ligand838-0
120,TOSTIE__ligand4-0
121,TOSTIE__ligand21-0
122,TOSTIE__ligand1438-0
123,TOSTIE__ligand3063-0
124,TOSTIE__ligand166-0
125,TOSTIE__ligand3246-0
126,TOSTIE__ligand18-0
127,TOSTIE__ligand162-0
128,TOSTIE__ligand1479-0
129,TOSTIE__ligand226-0
130,TOSTIE__ligand1148-0
131,TOSTIE__ligand383-0
132,TOSTIE__ligand9244-0
133,TOSTIE__ligand1228-0
134,TOSTIE__ligand1538-0
135,TOSTIE__ligand1114-0
136,TOSTIE__ligand86-0
137,TOSTIE__ligand365-0
138,TOSTIE__ligand278-0
139,TOSTIE__ligand2751-0
140,TOSTIE__ligand669-0
141,TOSTIE__ligand3041-0
142,TOSTIE__ligand2634-0
143,TOSTIE__ligand358-0
144,TOSTIE__ligand1542-0
145,TOSTIE__ligand430-0
146,TOSTIE__ligand2863-0
147,TOSTIE__ligand509-0
148,TOSTIE__ligand6502-0
149,TOSTIE__ligand2098-0
150,TOSTIE__ligand6332-0
151,TOSTIE__ligand3178-0
152,TOSTIE__ligand62-0
153,TOSTIE__ligand3145-0
154,TOSTIE__ligand670-0
155,TOSTIE__ligand6686-0
156,TOSTIE__ligand1747-0
157,TOSTIE__ligand118-0
158,TOSTIE__ligand5548-0
159,TOSTIE__ligand571-0
160,TOSTIE__ligand7915-0
161,TOSTIE__ligand460-0
162,TOSTIE__ligand5758-0
163,TOSTIE__ligand3478-0
164,TOSTIE__ligand250-0
165,TOSTIE__ligand3852-0
166,TOSTIE__ligand1818-0
167,TOSTIE__ligand7456-0
168,TOSTIE__ligand370-0
169,TOSTIE__ligand4619-0
170,TOSTIE__ligand5235-0
171,TOSTIE__ligand6143-0
172,TOSTIE__ligand311-0
173,TOSTIE__ligand3251-0
174,TOSTIE__ligand32-0
175,TOSTIE__ligand444-0
176,TOSTIE__ligand9176-0
177,TOSTIE__ligand369-0
178,TOSTIE__ligand3070-0
179,TOSTIE__ligand3035-0
180,TOSTIE__ligand188-0
181,TOSTIE__ligand2718-0
182,TOSTIE__ligand1493-0
183,TOSTIE__ligand934-0
184,TOSTIE__ligand177-0
185,TOSTIE__ligand7550-0
186,TOSTIE__ligand2762-0
187,TOSTIE__ligand909-0
188,TOSTIE__ligand1038-0
189,TOSTIE__ligand851-0
190,TOSTIE__ligand2253-0
191,TOSTIE__ligand1160-0
192,TOSTIE__ligand48-0
193,TOSTIE__ligand2954-0
194,TOSTIE__ligand5093-0
195,TOSTIE__ligand3890-0
196,TOSTIE__ligand193-0
197,TOSTIE__ligand29-0
198,TOSTIE__ligand4423-0
199,TOSTIE__ligand1907-0
200,TOSTIE__ligand91-0
201,TOSTIE__ligand830-0
202,TOSTIE__ligand1285-0
203,TOSTIE__ligand51-0
204,TOSTIE__ligand1555-0
205,TOSTIE__ligand7630-0
206,TOSTIE__ligand252-0
207,TOSTIE__ligand955-0
208,TOSTIE__ligand95-0
209,TOSTIE__ligand8-0
210,TOSTIE__ligand1690-0
211,TOSTIE__ligand197-0
212,TOSTIE__ligand2707-0
213,TOSTIE__ligand296-0
214,TOSTIE__ligand112-0
215,TOSTIE__ligand55-0
216,TOSTIE__ligand1551-0
217,TOSTIE__ligand2526-0
218,TOSTIE__ligand136-0
219,TOSTIE__ligand4012-0
220,TOSTIE__ligand3196-0
221,TOSTIE__ligand868-0
222,TOSTIE__ligand34-0
223,TOSTIE__ligand442-0
224,TOSTIE__ligand352-0
225,TOSTIE__ligand783-0
226,TOSTIE__ligand2915-0
227,TOSTIE__ligand2255-0
228,TOSTIE__ligand560-0
229,TOSTIE__ligand525-0
230,TOSTIE__ligand109-0
231,TOSTIE__ligand4175-0
232,TOSTIE__ligand932-0
233,TOSTIE__ligand134-0
234,TOSTIE__ligand235-0
235,TOSTIE__ligand73-0
236,TOSTIE__ligand390-0
237,TOSTIE__ligand1918-0
238,TOSTIE__ligand584-0
239,TOSTIE__ligand916-0
240,TOSTIE__ligand4370-0
241,TOSTIE__ligand798-0
242,TOSTIE__ligand421-0
243,TOSTIE__ligand57-0
244,TOSTIE__ligand3618-0
245,TOSTIE__ligand331-0
246,TOSTIE__ligand2618-0
247,TOSTIE__ligand294-0
248,TOSTIE__ligand1436-0
249,TOSTIE__ligand993-0
250,TOSTIE__ligand487-0
251,TOSTIE__ligand9620-0
252,TOSTIE__ligand49-0
253,TOSTIE__ligand1260-0
254,TOSTIE__ligand4894-0
255,TOSTIE__ligand522-0
256,TOSTIE__ligand666-0
257,TOSTIE__ligand133-0
258,TOSTIE__ligand3337-0
259,TOSTIE__ligand7514-0
260,TOSTIE__ligand447-0
261,TOSTIE__ligand4811-0
262,TOSTIE__ligand1449-1
263,TOSTIE__ligand89-0
264,TOSTIE__ligand1321-0
265,TOSTIE__ligand682-0
266,TOSTIE__ligand1178-0
267,TOSTIE__ligand3566-0
268,TOSTIE__ligand1788-0
269,TOSTIE__ligand92-0
270,TOSTIE__ligand1246-0
271,TOSTIE__ligand6166-0
272,TOSTIE__ligand291-0
273,TOSTIE__ligand115-0
274,TOSTIE__ligand3853-0
275,TOSTIE__ligand2853-0
276,TOSTIE__ligand17-0
277,TOSTIE__ligand5089-0
278,TOSTIE__ligand2599-0
279,TOSTIE__ligand1307-0
280,TOSTIE__ligand355-0
281,TOSTIE__ligand784-0
282,TOSTIE__ligand485-0
283,TOSTIE__ligand391-0
284,TOSTIE__ligand1919-0
285,TOSTIE__ligand170-0
286,TOSTIE__ligand2389-0
287,TOSTIE__ligand1712-0
288,TOSTIE__ligand3579-0
289,TOSTIE__ligand481-0
290,TOSTIE__ligand2916-0
291,TOSTIE__ligand2110-0
292,TOSTIE__ligand314-0
293,TOSTIE__ligand1858-0
294,TOSTIE__ligand8032-0
295,TOSTIE__ligand5334-0
296,TOSTIE__ligand210-0
297,TOSTIE__ligand1898-0
298,TOSTIE__ligand4504-0
299,TOSTIE__ligand3051-0
300,TOSTIE__ligand2480-0
301,TOSTIE__ligand11730-0
302,TOSTIE__ligand2315-0
303,TOSTIE__ligand11-0
304,TOSTIE__ligand422-0
305,TOSTIE__ligand6571-0
306,TOSTIE__ligand113-0
307,TOSTIE__ligand1325-0
308,TOSTIE__ligand2482-0
309,TOSTIE__ligand502-0
310,TOSTIE__ligand196-0
311,TOSTIE__ligand1019-0
312,TOSTIE__ligand2442-0
313,TOSTIE__ligand7414-0
314,TOSTIE__ligand5762-0
315,TOSTIE__ligand1104-0
316,TOSTIE__ligand1379-0
317,TOSTIE__ligand353-0
318,TOSTIE__ligand1221-0
319,TOSTIE__ligand1264-0
320,TOSTIE__ligand1299-0
321,TOSTIE__ligand6430-0
322,TOSTIE__ligand2929-0
323,TOSTIE__ligand236-0
324,TOSTIE__ligand2376-0
