,TMC
0,IYOVUN__ligand8921-0
1,IYOVUN__ligand2285-0
2,IYOVUN__ligand1567-0
3,IYOVUN__ligand2510-0
4,IYOVUN__ligand2320-0
5,IYOVUN__ligand1056-0
6,IYOVUN__ligand2862-0
7,IYOVUN__ligand1703-0
8,IYOVUN__ligand2430-0
9,IYOVUN__ligand126-0
10,IYOVUN__ligand11730-0
11,IYOVUN__ligand2907-0
12,IYOVUN__ligand1727-0
13,IYOVUN__ligand6-0
14,IYOVUN__ligand32-0
15,IYOVUN__ligand596-0
16,IYOVUN__ligand1152-0
17,IYOVUN__ligand612-0
18,IYOVUN__ligand1607-0
19,IYOVUN__ligand187-0
20,IYOVUN__ligand366-0
21,IYOVUN__ligand861-0
22,IYOVUN__ligand48-0
23,IYOVUN__ligand279-0
24,IYOVUN__ligand3637-0
25,IYOVUN__ligand178-0
26,IYOVUN__ligand321-0
27,IYOVUN__ligand8774-0
28,IYOVUN__ligand4-0
29,IYOVUN__ligand100-0
30,IYOVUN__ligand201-0
31,IYOVUN__ligand244-0
32,IYOVUN__ligand51-0
33,IYOVUN__ligand124-0
34,IYOVUN__ligand7464-0
35,IYOVUN__ligand91-0
36,IYOVUN__ligand1598-0
37,IYOVUN__ligand119-0
38,IYOVUN__ligand4303-0
39,IYOVUN__ligand1248-0
40,IYOVUN__ligand29-0
41,IYOVUN__ligand6294-0
42,IYOVUN__ligand1054-0
43,IYOVUN__ligand120-0
44,IYOVUN__ligand55-0
45,IYOVUN__ligand2142-0
46,IYOVUN__ligand6151-0
47,IYOVUN__ligand2772-0
48,IYOVUN__ligand9495-0
49,IYOVUN__ligand384-0
50,IYOVUN__ligand6538-0
51,IYOVUN__ligand2864-0
52,IYOVUN__ligand95-0
53,IYOVUN__ligand1169-0
54,IYOVUN__ligand5022-0
55,IYOVUN__ligand34-0
56,IYOVUN__ligand240-0
57,IYOVUN__ligand141-0
58,IYOVUN__ligand5941-0
59,IYOVUN__ligand2880-0
60,IYOVUN__ligand2838-0
61,IYOVUN__ligand3838-0
62,IYOVUN__ligand1799-0
63,IYOVUN__ligand1113-0
64,IYOVUN__ligand2265-0
65,IYOVUN__ligand6396-0
66,IYOVUN__ligand73-0
67,IYOVUN__ligand9027-0
68,IYOVUN__ligand2345-0
69,IYOVUN__ligand2794-0
70,IYOVUN__ligand1835-0
71,IYOVUN__ligand4983-0
72,IYOVUN__ligand1502-0
73,IYOVUN__ligand797-0
74,IYOVUN__ligand1052-0
75,IYOVUN__ligand1273-0
76,IYOVUN__ligand57-0
77,IYOVUN__ligand757-0
78,IYOVUN__ligand1114-0
79,IYOVUN__ligand89-0
80,IYOVUN__ligand669-0
81,IYOVUN__ligand1538-0
82,IYOVUN__ligand358-0
83,IYOVUN__ligand430-0
84,IYOVUN__ligand365-0
85,IYOVUN__ligand1228-0
86,IYOVUN__ligand49-0
87,IYOVUN__ligand278-0
88,IYOVUN__ligand9244-0
89,IYOVUN__ligand1479-0
90,IYOVUN__ligand670-0
91,IYOVUN__ligand118-0
92,IYOVUN__ligand1148-0
93,IYOVUN__ligand571-0
94,IYOVUN__ligand509-0
95,IYOVUN__ligand3246-0
96,IYOVUN__ligand162-0
97,IYOVUN__ligand3145-0
98,IYOVUN__ligand226-0
99,IYOVUN__ligand17-0
100,IYOVUN__ligand5548-0
101,IYOVUN__ligand7915-0
102,IYOVUN__ligand6686-0
103,IYOVUN__ligand1747-0
104,IYOVUN__ligand383-0
105,IYOVUN__ligand6502-0
106,IYOVUN__ligand2098-0
107,IYOVUN__ligand2863-0
108,IYOVUN__ligand3178-0
109,IYOVUN__ligand92-0
110,IYOVUN__ligand6332-0
111,IYOVUN__ligand3041-0
112,IYOVUN__ligand2634-0
113,IYOVUN__ligand1542-0
114,IYOVUN__ligand2751-0
115,IYOVUN__ligand553-0
116,IYOVUN__ligand283-0
117,IYOVUN__ligand2688-0
118,IYOVUN__ligand2259-0
119,IYOVUN__ligand821-0
120,IYOVUN__ligand2768-0
121,IYOVUN__ligand326-0
122,IYOVUN__ligand1376-0
123,IYOVUN__ligand436-0
124,IYOVUN__ligand6277-0
125,IYOVUN__ligand3-0
126,IYOVUN__ligand142-0
127,IYOVUN__ligand1951-0
128,IYOVUN__ligand1687-0
129,IYOVUN__ligand206-0
130,IYOVUN__ligand838-0
131,IYOVUN__ligand1706-0
132,IYOVUN__ligand3734-0
133,IYOVUN__ligand2629-0
134,IYOVUN__ligand166-0
135,IYOVUN__ligand4381-0
136,IYOVUN__ligand918-0
137,IYOVUN__ligand633-0
138,IYOVUN__ligand532-0
139,IYOVUN__ligand497-0
140,IYOVUN__ligand575-0
141,IYOVUN__ligand5801-0
142,IYOVUN__ligand1438-0
143,IYOVUN__ligand3063-0
144,IYOVUN__ligand927-0
145,IYOVUN__ligand1171-0
146,IYOVUN__ligand199-0
147,IYOVUN__ligand11-0
148,IYOVUN__ligand1-0
149,IYOVUN__ligand1048-0
150,IYOVUN__ligand2087-0
151,IYOVUN__ligand3757-0
152,IYOVUN__ligand1685-0
153,IYOVUN__ligand140-0
154,IYOVUN__ligand105-0
155,IYOVUN__ligand1544-0
156,IYOVUN__ligand324-0
157,IYOVUN__ligand361-0
158,IYOVUN__ligand1459-0
159,IYOVUN__ligand409-0
160,IYOVUN__ligand134-0
161,IYOVUN__ligand932-0
162,IYOVUN__ligand2915-0
163,IYOVUN__ligand235-0
164,IYOVUN__ligand390-0
165,IYOVUN__ligand525-0
166,IYOVUN__ligand560-0
167,IYOVUN__ligand3196-0
168,IYOVUN__ligand4012-0
169,IYOVUN__ligand109-0
170,IYOVUN__ligand331-0
171,IYOVUN__ligand294-0
172,IYOVUN__ligand2526-0
173,IYOVUN__ligand993-0
174,IYOVUN__ligand1551-0
175,IYOVUN__ligand1690-0
176,IYOVUN__ligand916-0
177,IYOVUN__ligand584-0
178,IYOVUN__ligand798-0
179,IYOVUN__ligand2707-0
180,IYOVUN__ligand421-0
181,IYOVUN__ligand112-0
182,IYOVUN__ligand3618-0
183,IYOVUN__ligand2618-0
184,IYOVUN__ligand67-0
185,IYOVUN__ligand1436-0
186,IYOVUN__ligand4370-0
187,IYOVUN__ligand197-0
188,IYOVUN__ligand296-0
189,IYOVUN__ligand783-0
190,IYOVUN__ligand352-0
191,IYOVUN__ligand1918-0
192,IYOVUN__ligand2255-0
193,IYOVUN__ligand136-0
194,IYOVUN__ligand868-0
195,IYOVUN__ligand4175-0
196,IYOVUN__ligand442-0
197,IYOVUN__ligand9176-0
198,IYOVUN__ligand909-0
199,IYOVUN__ligand1493-0
200,IYOVUN__ligand851-0
201,IYOVUN__ligand3035-0
202,IYOVUN__ligand3070-0
203,IYOVUN__ligand2718-0
204,IYOVUN__ligand5235-0
205,IYOVUN__ligand6143-0
206,IYOVUN__ligand4619-0
207,IYOVUN__ligand10114-0
208,IYOVUN__ligand3251-0
209,IYOVUN__ligand934-0
210,IYOVUN__ligand177-0
211,IYOVUN__ligand1818-0
212,IYOVUN__ligand252-0
213,IYOVUN__ligand7456-0
214,IYOVUN__ligand955-0
215,IYOVUN__ligand5758-0
216,IYOVUN__ligand193-0
217,IYOVUN__ligand10479-0
218,IYOVUN__ligand3852-0
219,IYOVUN__ligand3478-0
220,IYOVUN__ligand830-0
221,IYOVUN__ligand14530-0
222,IYOVUN__ligand1555-0
223,IYOVUN__ligand1285-0
224,IYOVUN__ligand370-0
225,IYOVUN__ligand7630-0
226,IYOVUN__ligand460-0
227,IYOVUN__ligand3890-0
228,IYOVUN__ligand1907-0
229,IYOVUN__ligand4423-0
230,IYOVUN__ligand250-0
231,IYOVUN__ligand1038-0
232,IYOVUN__ligand10910-0
233,IYOVUN__ligand2762-0
234,IYOVUN__ligand444-0
235,IYOVUN__ligand369-0
236,IYOVUN__ligand188-0
237,IYOVUN__ligand5093-0
238,IYOVUN__ligand2954-0
239,IYOVUN__ligand45-0
240,IYOVUN__ligand2253-0
241,IYOVUN__ligand1160-0
242,IYOVUN__ligand85-0
243,IYOVUN__ligand78-0
244,IYOVUN__ligand311-0
245,IYOVUN__ligand7550-0
246,IYOVUN__ligand196-0
247,IYOVUN__ligand502-0
248,IYOVUN__ligand5334-0
249,IYOVUN__ligand2315-0
250,IYOVUN__ligand1898-0
251,IYOVUN__ligand3051-0
252,IYOVUN__ligand4504-0
253,IYOVUN__ligand2480-0
254,IYOVUN__ligand422-0
255,IYOVUN__ligand8032-0
256,IYOVUN__ligand1858-0
257,IYOVUN__ligand113-0
258,IYOVUN__ligand66-0
259,IYOVUN__ligand1712-0
260,IYOVUN__ligand2110-0
261,IYOVUN__ligand2916-0
262,IYOVUN__ligand236-0
263,IYOVUN__ligand3579-0
264,IYOVUN__ligand1919-0
265,IYOVUN__ligand353-0
266,IYOVUN__ligand2389-0
267,IYOVUN__ligand2929-0
268,IYOVUN__ligand38-0
269,IYOVUN__ligand481-0
270,IYOVUN__ligand2376-0
271,IYOVUN__ligand314-0
272,IYOVUN__ligand1379-0
273,IYOVUN__ligand391-0
274,IYOVUN__ligand1299-0
275,IYOVUN__ligand170-0
276,IYOVUN__ligand6430-0
277,IYOVUN__ligand1264-0
278,IYOVUN__ligand40-0
279,IYOVUN__ligand1221-0
280,IYOVUN__ligand1019-0
281,IYOVUN__ligand2442-0
282,IYOVUN__ligand21-0
283,IYOVUN__ligand210-0
284,IYOVUN__ligand5762-0
285,IYOVUN__ligand7414-0
286,IYOVUN__ligand1104-0
287,IYOVUN__ligand1325-0
288,IYOVUN__ligand2482-0
289,IYOVUN__ligand6571-0
290,IYOVUN__ligand115-0
291,IYOVUN__ligand1788-0
292,IYOVUN__ligand1321-0
293,IYOVUN__ligand10357-0
294,IYOVUN__ligand18-0
295,IYOVUN__ligand15630-0
296,IYOVUN__ligand1178-0
297,IYOVUN__ligand291-0
298,IYOVUN__ligand3566-0
299,IYOVUN__ligand784-0
300,IYOVUN__ligand355-0
301,IYOVUN__ligand3337-0
302,IYOVUN__ligand485-0
303,IYOVUN__ligand7514-0
304,IYOVUN__ligand8-0
305,IYOVUN__ligand1449-1
306,IYOVUN__ligand4811-0
307,IYOVUN__ligand9620-0
308,IYOVUN__ligand1260-0
309,IYOVUN__ligand4894-0
310,IYOVUN__ligand133-0
311,IYOVUN__ligand447-0
312,IYOVUN__ligand487-0
313,IYOVUN__ligand1307-0
314,IYOVUN__ligand522-0
315,IYOVUN__ligand666-0
316,IYOVUN__ligand86-0
317,IYOVUN__ligand3853-0
318,IYOVUN__ligand2853-0
319,IYOVUN__ligand2599-0
320,IYOVUN__ligand5089-0
321,IYOVUN__ligand682-0
322,IYOVUN__ligand1246-0
323,IYOVUN__ligand62-0
324,IYOVUN__ligand6166-0
