,TMC
0,SEKQAA__ligand3618-0
1,SEKQAA__ligand2618-0
2,SEKQAA__ligand62-0
3,SEKQAA__ligand1436-0
4,SEKQAA__ligand4370-0
5,SEKQAA__ligand797-0
6,SEKQAA__ligand86-0
7,SEKQAA__ligand1918-0
8,SEKQAA__ligand2255-0
9,SEKQAA__ligand4175-0
10,SEKQAA__ligand757-0
11,SEKQAA__ligand120-0
12,SEKQAA__ligand2915-0
13,SEKQAA__ligand384-0
14,SEKQAA__ligand4012-0
15,SEKQAA__ligand3196-0
16,SEKQAA__ligand18-0
17,SEKQAA__ligand2526-0
18,SEKQAA__ligand1551-0
19,SEKQAA__ligand240-0
20,SEKQAA__ligand1690-0
21,SEKQAA__ligand141-0
22,SEKQAA__ligand2707-0
23,SEKQAA__ligand1555-0
24,SEKQAA__ligand279-0
25,SEKQAA__ligand1285-0
26,SEKQAA__ligand178-0
27,SEKQAA__ligand321-0
28,SEKQAA__ligand7630-0
29,SEKQAA__ligand21-0
30,SEKQAA__ligand3890-0
31,SEKQAA__ligand100-0
32,SEKQAA__ligand1907-0
33,SEKQAA__ligand244-0
34,SEKQAA__ligand201-0
35,SEKQAA__ligand4423-0
36,SEKQAA__ligand1038-0
37,SEKQAA__ligand40-0
38,SEKQAA__ligand2762-0
39,SEKQAA__ligand2954-0
40,SEKQAA__ligand5093-0
41,SEKQAA__ligand2253-0
42,SEKQAA__ligand1160-0
43,SEKQAA__ligand124-0
44,SEKQAA__ligand119-0
45,SEKQAA__ligand38-0
46,SEKQAA__ligand15630-0
47,SEKQAA__ligand10357-0
48,SEKQAA__ligand7550-0
49,SEKQAA__ligand9176-0
50,SEKQAA__ligand1493-0
51,SEKQAA__ligand2718-0
52,SEKQAA__ligand3070-0
53,SEKQAA__ligand3035-0
54,SEKQAA__ligand5235-0
55,SEKQAA__ligand6143-0
56,SEKQAA__ligand4619-0
57,SEKQAA__ligand126-0
58,SEKQAA__ligand3251-0
59,SEKQAA__ligand1818-0
60,SEKQAA__ligand66-0
61,SEKQAA__ligand7456-0
62,SEKQAA__ligand596-0
63,SEKQAA__ligand5758-0
64,SEKQAA__ligand612-0
65,SEKQAA__ligand187-0
66,SEKQAA__ligand3852-0
67,SEKQAA__ligand366-0
68,SEKQAA__ligand861-0
69,SEKQAA__ligand3478-0
70,SEKQAA__ligand2929-0
71,SEKQAA__ligand575-0
72,SEKQAA__ligand2376-0
73,SEKQAA__ligand85-0
74,SEKQAA__ligand78-0
75,SEKQAA__ligand1379-0
76,SEKQAA__ligand45-0
77,SEKQAA__ligand6430-0
78,SEKQAA__ligand1299-0
79,SEKQAA__ligand927-0
80,SEKQAA__ligand1221-0
81,SEKQAA__ligand199-0
82,SEKQAA__ligand1264-0
83,SEKQAA__ligand2442-0
84,SEKQAA__ligand1019-0
85,SEKQAA__ligand105-0
86,SEKQAA__ligand140-0
87,SEKQAA__ligand7414-0
88,SEKQAA__ligand5762-0
89,SEKQAA__ligand1104-0
90,SEKQAA__ligand361-0
91,SEKQAA__ligand324-0
92,SEKQAA__ligand409-0
93,SEKQAA__ligand1325-0
94,SEKQAA__ligand2482-0
95,SEKQAA__ligand6571-0
96,SEKQAA__ligand553-0
97,SEKQAA__ligand5334-0
98,SEKQAA__ligand283-0
99,SEKQAA__ligand2315-0
100,SEKQAA__ligand821-0
101,SEKQAA__ligand4504-0
102,SEKQAA__ligand3051-0
103,SEKQAA__ligand2480-0
104,SEKQAA__ligand1898-0
105,SEKQAA__ligand326-0
106,SEKQAA__ligand436-0
107,SEKQAA__ligand8032-0
108,SEKQAA__ligand1858-0
109,SEKQAA__ligand142-0
110,SEKQAA__ligand206-0
111,SEKQAA__ligand838-0
112,SEKQAA__ligand1712-0
113,SEKQAA__ligand2916-0
114,SEKQAA__ligand2110-0
115,SEKQAA__ligand3579-0
116,SEKQAA__ligand166-0
117,SEKQAA__ligand918-0
118,SEKQAA__ligand633-0
119,SEKQAA__ligand1919-0
120,SEKQAA__ligand532-0
121,SEKQAA__ligand2389-0
122,SEKQAA__ligand497-0
123,SEKQAA__ligand162-0
124,SEKQAA__ligand226-0
125,SEKQAA__ligand383-0
126,SEKQAA__ligand10479-0
127,SEKQAA__ligand1307-0
128,SEKQAA__ligand3853-0
129,SEKQAA__ligand2853-0
130,SEKQAA__ligand5089-0
131,SEKQAA__ligand2599-0
132,SEKQAA__ligand1246-0
133,SEKQAA__ligand10114-0
134,SEKQAA__ligand67-0
135,SEKQAA__ligand6166-0
136,SEKQAA__ligand669-0
137,SEKQAA__ligand10910-0
138,SEKQAA__ligand358-0
139,SEKQAA__ligand1788-0
140,SEKQAA__ligand430-0
141,SEKQAA__ligand365-0
142,SEKQAA__ligand1321-0
143,SEKQAA__ligand278-0
144,SEKQAA__ligand3566-0
145,SEKQAA__ligand1178-0
146,SEKQAA__ligand3337-0
147,SEKQAA__ligand7514-0
148,SEKQAA__ligand14530-0
149,SEKQAA__ligand670-0
150,SEKQAA__ligand4811-0
151,SEKQAA__ligand1449-1
152,SEKQAA__ligand118-0
153,SEKQAA__ligand571-0
154,SEKQAA__ligand509-0
155,SEKQAA__ligand1260-0
156,SEKQAA__ligand4894-0
157,SEKQAA__ligand9620-0
158,SEKQAA__ligand8-0
159,SEKQAA__ligand3637-0
160,SEKQAA__ligand370-0
161,SEKQAA__ligand8774-0
162,SEKQAA__ligand4-0
163,SEKQAA__ligand460-0
164,SEKQAA__ligand250-0
165,SEKQAA__ligand444-0
166,SEKQAA__ligand11-0
167,SEKQAA__ligand369-0
168,SEKQAA__ligand188-0
169,SEKQAA__ligand7464-0
170,SEKQAA__ligand1598-0
171,SEKQAA__ligand1248-0
172,SEKQAA__ligand4303-0
173,SEKQAA__ligand6294-0
174,SEKQAA__ligand311-0
175,SEKQAA__ligand1054-0
176,SEKQAA__ligand2285-0
177,SEKQAA__ligand1567-0
178,SEKQAA__ligand8921-0
179,SEKQAA__ligand2510-0
180,SEKQAA__ligand909-0
181,SEKQAA__ligand851-0
182,SEKQAA__ligand2320-0
183,SEKQAA__ligand1056-0
184,SEKQAA__ligand2862-0
185,SEKQAA__ligand1703-0
186,SEKQAA__ligand2430-0
187,SEKQAA__ligand177-0
188,SEKQAA__ligand934-0
189,SEKQAA__ligand2907-0
190,SEKQAA__ligand1727-0
191,SEKQAA__ligand252-0
192,SEKQAA__ligand1152-0
193,SEKQAA__ligand955-0
194,SEKQAA__ligand1607-0
195,SEKQAA__ligand193-0
196,SEKQAA__ligand6-0
197,SEKQAA__ligand830-0
198,SEKQAA__ligand1113-0
199,SEKQAA__ligand2265-0
200,SEKQAA__ligand112-0
201,SEKQAA__ligand6396-0
202,SEKQAA__ligand9027-0
203,SEKQAA__ligand2345-0
204,SEKQAA__ligand2794-0
205,SEKQAA__ligand1835-0
206,SEKQAA__ligand4983-0
207,SEKQAA__ligand197-0
208,SEKQAA__ligand1502-0
209,SEKQAA__ligand296-0
210,SEKQAA__ligand783-0
211,SEKQAA__ligand352-0
212,SEKQAA__ligand92-0
213,SEKQAA__ligand1052-0
214,SEKQAA__ligand1273-0
215,SEKQAA__ligand136-0
216,SEKQAA__ligand868-0
217,SEKQAA__ligand17-0
218,SEKQAA__ligand442-0
219,SEKQAA__ligand932-0
220,SEKQAA__ligand134-0
221,SEKQAA__ligand2142-0
222,SEKQAA__ligand235-0
223,SEKQAA__ligand9495-0
224,SEKQAA__ligand6151-0
225,SEKQAA__ligand2772-0
226,SEKQAA__ligand6538-0
227,SEKQAA__ligand390-0
228,SEKQAA__ligand2864-0
229,SEKQAA__ligand560-0
230,SEKQAA__ligand525-0
231,SEKQAA__ligand109-0
232,SEKQAA__ligand331-0
233,SEKQAA__ligand49-0
234,SEKQAA__ligand5022-0
235,SEKQAA__ligand294-0
236,SEKQAA__ligand1169-0
237,SEKQAA__ligand993-0
238,SEKQAA__ligand916-0
239,SEKQAA__ligand584-0
240,SEKQAA__ligand89-0
241,SEKQAA__ligand5941-0
242,SEKQAA__ligand2880-0
243,SEKQAA__ligand798-0
244,SEKQAA__ligand2838-0
245,SEKQAA__ligand1799-0
246,SEKQAA__ligand421-0
247,SEKQAA__ligand3838-0
248,SEKQAA__ligand133-0
249,SEKQAA__ligand3145-0
250,SEKQAA__ligand7915-0
251,SEKQAA__ligand5548-0
252,SEKQAA__ligand447-0
253,SEKQAA__ligand57-0
254,SEKQAA__ligand6686-0
255,SEKQAA__ligand1747-0
256,SEKQAA__ligand487-0
257,SEKQAA__ligand2098-0
258,SEKQAA__ligand6502-0
259,SEKQAA__ligand2863-0
260,SEKQAA__ligand522-0
261,SEKQAA__ligand3178-0
262,SEKQAA__ligand6332-0
263,SEKQAA__ligand666-0
264,SEKQAA__ligand3041-0
265,SEKQAA__ligand2634-0
266,SEKQAA__ligand1542-0
267,SEKQAA__ligand682-0
268,SEKQAA__ligand73-0
269,SEKQAA__ligand11730-0
270,SEKQAA__ligand2751-0
271,SEKQAA__ligand115-0
272,SEKQAA__ligand1114-0
273,SEKQAA__ligand1538-0
274,SEKQAA__ligand34-0
275,SEKQAA__ligand1228-0
276,SEKQAA__ligand9244-0
277,SEKQAA__ligand291-0
278,SEKQAA__ligand784-0
279,SEKQAA__ligand355-0
280,SEKQAA__ligand1479-0
281,SEKQAA__ligand485-0
282,SEKQAA__ligand95-0
283,SEKQAA__ligand1148-0
284,SEKQAA__ligand3246-0
285,SEKQAA__ligand55-0
286,SEKQAA__ligand5801-0
287,SEKQAA__ligand481-0
288,SEKQAA__ligand91-0
289,SEKQAA__ligand3063-0
290,SEKQAA__ligand29-0
291,SEKQAA__ligand1438-0
292,SEKQAA__ligand314-0
293,SEKQAA__ligand51-0
294,SEKQAA__ligand391-0
295,SEKQAA__ligand1171-0
296,SEKQAA__ligand170-0
297,SEKQAA__ligand2087-0
298,SEKQAA__ligand1048-0
299,SEKQAA__ligand3757-0
300,SEKQAA__ligand210-0
301,SEKQAA__ligand1685-0
302,SEKQAA__ligand1544-0
303,SEKQAA__ligand1459-0
304,SEKQAA__ligand48-0
305,SEKQAA__ligand1-0
306,SEKQAA__ligand502-0
307,SEKQAA__ligand196-0
308,SEKQAA__ligand2688-0
309,SEKQAA__ligand2259-0
310,SEKQAA__ligand1376-0
311,SEKQAA__ligand3-0
312,SEKQAA__ligand2768-0
313,SEKQAA__ligand32-0
314,SEKQAA__ligand422-0
315,SEKQAA__ligand6277-0
316,SEKQAA__ligand1951-0
317,SEKQAA__ligand113-0
318,SEKQAA__ligand1687-0
319,SEKQAA__ligand1706-0
320,SEKQAA__ligand3734-0
321,SEKQAA__ligand2629-0
322,SEKQAA__ligand236-0
323,SEKQAA__ligand4381-0
324,SEKQAA__ligand353-0
