,TMC
0,KIPVAI__ligand5935-0
1,KIPVAI__ligand2722-0
2,KIPVAI__ligand1379-0
3,KIPVAI__ligand30004-0
4,KIPVAI__ligand20557-0
5,KIPVAI__ligand3157-0
6,KIPVAI__ligand9525-0
7,KIPVAI__ligand1165-0
8,KIPVAI__ligand5056-0
9,KIPVAI__ligand4850-0
10,KIPVAI__ligand25048-0
11,KIPVAI__ligand488-0
12,KIPVAI__ligand21940-0
13,KIPVAI__ligand5357-0
14,KIPVAI__ligand3647-0
15,KIPVAI__ligand358-0
16,KIPVAI__ligand430-0
17,KIPVAI__ligand1688-0
18,KIPVAI__ligand1469-0
19,KIPVAI__ligand27122-0
20,KIPVAI__ligand20432-0
21,KIPVAI__ligand694-0
22,KIPVAI__ligand16133-0
23,KIPVAI__ligand13755-0
24,KIPVAI__ligand3871-0
25,KIPVAI__ligand1768-0
26,KIPVAI__ligand24953-0
27,KIPVAI__ligand23445-0
28,KIPVAI__ligand14339-0
29,KIPVAI__ligand2527-0
30,KIPVAI__ligand13691-0
31,KIPVAI__ligand38-0
32,KIPVAI__ligand30788-0
33,KIPVAI__ligand8349-0
34,KIPVAI__ligand1709-0
35,KIPVAI__ligand8464-0
36,KIPVAI__ligand21752-0
37,KIPVAI__ligand24560-0
38,KIPVAI__ligand534-0
39,KIPVAI__ligand571-0
40,KIPVAI__ligand18757-0
41,KIPVAI__ligand3392-0
42,KIPVAI__ligand24624-0
43,KIPVAI__ligand18413-0
44,KIPVAI__ligand20844-0
45,KIPVAI__ligand670-0
46,KIPVAI__ligand4911-0
47,KIPVAI__ligand1771-0
48,KIPVAI__ligand5849-0
49,KIPVAI__ligand4581-0
50,KIPVAI__ligand1773-0
51,KIPVAI__ligand2328-0
52,KIPVAI__ligand27550-0
53,KIPVAI__ligand7162-0
54,KIPVAI__ligand3029-0
55,KIPVAI__ligand42-0
56,KIPVAI__ligand9197-0
57,KIPVAI__ligand18019-1
58,KIPVAI__ligand1900-0
59,KIPVAI__ligand14007-0
60,KIPVAI__ligand29565-0
61,KIPVAI__ligand383-0
62,KIPVAI__ligand3208-0
63,KIPVAI__ligand23682-0
64,KIPVAI__ligand2208-0
65,KIPVAI__ligand18158-0
66,KIPVAI__ligand27771-0
67,KIPVAI__ligand416-0
68,KIPVAI__ligand226-0
69,KIPVAI__ligand8722-0
70,KIPVAI__ligand14226-0
71,KIPVAI__ligand21339-0
72,KIPVAI__ligand16956-0
73,KIPVAI__ligand1327-0
74,KIPVAI__ligand20942-1
75,KIPVAI__ligand6672-0
76,KIPVAI__ligand9809-0
77,KIPVAI__ligand162-0
78,KIPVAI__ligand2781-0
79,KIPVAI__ligand7573-0
80,KIPVAI__ligand3350-0
81,KIPVAI__ligand17069-0
82,KIPVAI__ligand14477-0
83,KIPVAI__ligand1533-0
84,KIPVAI__ligand17445-0
85,KIPVAI__ligand29334-0
86,KIPVAI__ligand7557-0
87,KIPVAI__ligand12413-0
88,KIPVAI__ligand1496-0
89,KIPVAI__ligand20731-0
90,KIPVAI__ligand696-0
91,KIPVAI__ligand11798-0
92,KIPVAI__ligand21448-0
93,KIPVAI__ligand11758-0
94,KIPVAI__ligand22357-0
95,KIPVAI__ligand656-0
96,KIPVAI__ligand1712-0
97,KIPVAI__ligand4131-0
98,KIPVAI__ligand29214-0
99,KIPVAI__ligand66-0
100,KIPVAI__ligand11501-0
101,KIPVAI__ligand5892-0
102,KIPVAI__ligand5094-0
103,KIPVAI__ligand11544-0
104,KIPVAI__ligand6283-0
105,KIPVAI__ligand692-0
106,KIPVAI__ligand4738-0
107,KIPVAI__ligand5813-0
108,KIPVAI__ligand10151-0
109,KIPVAI__ligand4813-0
110,KIPVAI__ligand436-0
111,KIPVAI__ligand6062-0
112,KIPVAI__ligand19668-0
113,KIPVAI__ligand19906-0
114,KIPVAI__ligand326-0
115,KIPVAI__ligand3215-0
116,KIPVAI__ligand22353-0
117,KIPVAI__ligand7107-0
118,KIPVAI__ligand24851-0
119,KIPVAI__ligand497-0
120,KIPVAI__ligand1147-0
121,KIPVAI__ligand11698-0
122,KIPVAI__ligand20530-0
123,KIPVAI__ligand3973-0
124,KIPVAI__ligand13657-0
125,KIPVAI__ligand14347-0
126,KIPVAI__ligand14302-0
127,KIPVAI__ligand7925-0
128,KIPVAI__ligand2068-0
129,KIPVAI__ligand11479-0
130,KIPVAI__ligand27610-0
131,KIPVAI__ligand10479-0
132,KIPVAI__ligand10853-0
133,KIPVAI__ligand29441-0
134,KIPVAI__ligand633-0
135,KIPVAI__ligand7532-0
136,KIPVAI__ligand16952-0
137,KIPVAI__ligand29813-0
138,KIPVAI__ligand4194-0
139,KIPVAI__ligand4330-0
140,KIPVAI__ligand20220-0
141,KIPVAI__ligand2599-0
142,KIPVAI__ligand15387-0
143,KIPVAI__ligand20121-0
144,KIPVAI__ligand8-0
145,KIPVAI__ligand199-0
146,KIPVAI__ligand3012-0
147,KIPVAI__ligand1449-0
148,KIPVAI__ligand7530-0
149,KIPVAI__ligand25658-0
150,KIPVAI__ligand17686-0
151,KIPVAI__ligand1065-0
152,KIPVAI__ligand31205-0
153,KIPVAI__ligand9681-0
154,KIPVAI__ligand11177-0
155,KIPVAI__ligand4332-0
156,KIPVAI__ligand15455-0
157,KIPVAI__ligand3934-0
158,KIPVAI__ligand16870-0
159,KIPVAI__ligand300-0
160,KIPVAI__ligand6455-0
161,KIPVAI__ligand6882-0
162,KIPVAI__ligand11622-0
163,KIPVAI__ligand588-0
164,KIPVAI__ligand11814-0
165,KIPVAI__ligand2403-0
166,KIPVAI__ligand16603-0
167,KIPVAI__ligand11606-0
168,KIPVAI__ligand31000-0
169,KIPVAI__ligand361-0
170,KIPVAI__ligand324-0
171,KIPVAI__ligand9148-0
172,KIPVAI__ligand409-0
173,KIPVAI__ligand6946-0
174,KIPVAI__ligand1415-0
175,KIPVAI__ligand26673-0
176,KIPVAI__ligand7529-0
177,KIPVAI__ligand20821-0
178,KIPVAI__ligand1729-0
179,KIPVAI__ligand5627-0
180,KIPVAI__ligand18067-0
181,KIPVAI__ligand19824-0
182,KIPVAI__ligand2830-0
183,KIPVAI__ligand5316-0
184,KIPVAI__ligand11252-0
185,KIPVAI__ligand13260-0
186,KIPVAI__ligand18-0
187,KIPVAI__ligand5483-0
188,KIPVAI__ligand10582-0
189,KIPVAI__ligand163-0
190,KIPVAI__ligand126-0
191,KIPVAI__ligand26529-0
192,KIPVAI__ligand4641-0
193,KIPVAI__ligand11618-0
194,KIPVAI__ligand19927-0
195,KIPVAI__ligand43-0
196,KIPVAI__ligand26324-0
197,KIPVAI__ligand28559-0
198,KIPVAI__ligand845-0
199,KIPVAI__ligand3234-0
200,KIPVAI__ligand1142-0
201,KIPVAI__ligand14043-0
202,KIPVAI__ligand27239-0
203,KIPVAI__ligand21729-0
204,KIPVAI__ligand7126-0
205,KIPVAI__ligand2028-0
206,KIPVAI__ligand8835-0
207,KIPVAI__ligand29215-0
208,KIPVAI__ligand67-0
209,KIPVAI__ligand2917-0
210,KIPVAI__ligand7819-0
211,KIPVAI__ligand366-0
212,KIPVAI__ligand26631-0
213,KIPVAI__ligand16148-0
214,KIPVAI__ligand187-0
215,KIPVAI__ligand6904-0
216,KIPVAI__ligand3721-0
217,KIPVAI__ligand6596-0
218,KIPVAI__ligand6102-0
219,KIPVAI__ligand12003-0
220,KIPVAI__ligand657-0
221,KIPVAI__ligand10872-0
222,KIPVAI__ligand3465-0
223,KIPVAI__ligand21399-0
224,KIPVAI__ligand4620-0
225,KIPVAI__ligand596-0
226,KIPVAI__ligand22403-0
227,KIPVAI__ligand941-0
228,KIPVAI__ligand27754-0
229,KIPVAI__ligand20695-0
230,KIPVAI__ligand2295-0
231,KIPVAI__ligand6067-0
232,KIPVAI__ligand1577-0
233,KIPVAI__ligand777-0
234,KIPVAI__ligand16369-0
235,KIPVAI__ligand11111-0
236,KIPVAI__ligand28540-0
237,KIPVAI__ligand201-0
238,KIPVAI__ligand14569-0
239,KIPVAI__ligand13385-0
240,KIPVAI__ligand22444-0
241,KIPVAI__ligand9441-0
242,KIPVAI__ligand24111-0
243,KIPVAI__ligand2332-0
244,KIPVAI__ligand11587-0
245,KIPVAI__ligand13220-0
246,KIPVAI__ligand1631-0
247,KIPVAI__ligand17396-0
248,KIPVAI__ligand1530-0
249,KIPVAI__ligand1575-0
250,KIPVAI__ligand9933-0
251,KIPVAI__ligand15788-0
252,KIPVAI__ligand23175-0
253,KIPVAI__ligand321-0
254,KIPVAI__ligand27840-0
255,KIPVAI__ligand3156-0
256,KIPVAI__ligand30728-0
257,KIPVAI__ligand2915-0
258,KIPVAI__ligand24872-0
259,KIPVAI__ligand10033-0
260,KIPVAI__ligand6244-0
261,KIPVAI__ligand178-0
262,KIPVAI__ligand24644-0
263,KIPVAI__ligand12001-0
264,KIPVAI__ligand279-0
265,KIPVAI__ligand185-0
266,KIPVAI__ligand1378-0
267,KIPVAI__ligand11949-0
268,KIPVAI__ligand8992-0
269,KIPVAI__ligand22129-0
270,KIPVAI__ligand24780-0
271,KIPVAI__ligand9601-0
272,KIPVAI__ligand12138-0
273,KIPVAI__ligand25561-0
274,KIPVAI__ligand3707-0
275,KIPVAI__ligand6124-0
276,KIPVAI__ligand7967-0
277,KIPVAI__ligand1018-0
278,KIPVAI__ligand4116-0
279,KIPVAI__ligand5643-0
280,KIPVAI__ligand1823-0
281,KIPVAI__ligand31694-0
282,KIPVAI__ligand29486-0
283,KIPVAI__ligand1324-0
284,KIPVAI__ligand8721-0
285,KIPVAI__ligand9111-0
286,KIPVAI__ligand9952-0
287,KIPVAI__ligand338-0
288,KIPVAI__ligand5036-0
289,KIPVAI__ligand2526-0
290,KIPVAI__ligand1615-0
291,KIPVAI__ligand17427-0
292,KIPVAI__ligand12365-0
293,KIPVAI__ligand10056-0
294,KIPVAI__ligand4157-0
295,KIPVAI__ligand2828-0
296,KIPVAI__ligand8876-0
297,KIPVAI__ligand7648-0
298,KIPVAI__ligand9833-0
299,KIPVAI__ligand28743-0
300,KIPVAI__ligand15531-0
301,KIPVAI__ligand13862-0
302,KIPVAI__ligand11357-0
303,KIPVAI__ligand5256-0
304,KIPVAI__ligand22168-0
305,KIPVAI__ligand28930-0
306,KIPVAI__ligand2176-0
307,KIPVAI__ligand9291-0
308,KIPVAI__ligand22294-0
309,KIPVAI__ligand768-0
310,KIPVAI__ligand2232-0
311,KIPVAI__ligand21919-0
312,KIPVAI__ligand45-0
313,KIPVAI__ligand384-0
314,KIPVAI__ligand78-0
315,KIPVAI__ligand11970-0
316,KIPVAI__ligand1285-0
317,KIPVAI__ligand6768-0
318,KIPVAI__ligand8115-0
319,KIPVAI__ligand7000-0
320,KIPVAI__ligand15883-0
321,KIPVAI__ligand1982-0
322,KIPVAI__ligand11447-0
323,KIPVAI__ligand11096-0
324,KIPVAI__ligand28810-0
325,KIPVAI__ligand4503-0
326,KIPVAI__ligand4546-0
327,KIPVAI__ligand24230-0
328,KIPVAI__ligand15926-0
329,KIPVAI__ligand10828-0
330,KIPVAI__ligand19792-0
331,KIPVAI__ligand11682-0
332,KIPVAI__ligand7867-0
333,KIPVAI__ligand30711-0
334,KIPVAI__ligand20207-0
335,KIPVAI__ligand6709-0
336,KIPVAI__ligand1219-0
337,KIPVAI__ligand19-0
338,KIPVAI__ligand4016-0
339,KIPVAI__ligand25913-0
340,KIPVAI__ligand141-0
341,KIPVAI__ligand7238-0
342,KIPVAI__ligand16988-0
343,KIPVAI__ligand240-0
344,KIPVAI__ligand7280-0
345,KIPVAI__ligand1790-0
346,KIPVAI__ligand1304-0
347,KIPVAI__ligand1451-0
348,KIPVAI__ligand4272-0
349,KIPVAI__ligand16663-0
350,KIPVAI__ligand7629-0
351,KIPVAI__ligand14614-0
352,KIPVAI__ligand9784-0
353,KIPVAI__ligand24035-0
354,KIPVAI__ligand24-0
355,KIPVAI__ligand9520-0
356,KIPVAI__ligand1160-0
357,KIPVAI__ligand8699-0
358,KIPVAI__ligand31044-0
359,KIPVAI__ligand31842-0
360,KIPVAI__ligand4442-0
361,KIPVAI__ligand4093-0
362,KIPVAI__ligand3954-0
363,KIPVAI__ligand11994-0
364,KIPVAI__ligand7242-0
365,KIPVAI__ligand10371-0
366,KIPVAI__ligand7106-0
367,KIPVAI__ligand1263-0
368,KIPVAI__ligand9908-0
369,KIPVAI__ligand13672-0
370,KIPVAI__ligand18568-0
371,KIPVAI__ligand28685-0
372,KIPVAI__ligand1959-0
373,KIPVAI__ligand19184-0
374,KIPVAI__ligand3504-0
375,KIPVAI__ligand9935-0
376,KIPVAI__ligand1536-0
377,KIPVAI__ligand1573-0
378,KIPVAI__ligand3035-0
379,KIPVAI__ligand1343-0
380,KIPVAI__ligand3876-0
381,KIPVAI__ligand6616-0
382,KIPVAI__ligand693-0
383,KIPVAI__ligand3718-0
384,KIPVAI__ligand12453-0
385,KIPVAI__ligand4661-0
386,KIPVAI__ligand1844-0
387,KIPVAI__ligand18448-0
388,KIPVAI__ligand28459-0
389,KIPVAI__ligand5331-0
390,KIPVAI__ligand1512-0
391,KIPVAI__ligand3565-0
392,KIPVAI__ligand757-0
393,KIPVAI__ligand122-0
394,KIPVAI__ligand14167-0
395,KIPVAI__ligand13477-0
396,KIPVAI__ligand30142-0
397,KIPVAI__ligand6919-0
398,KIPVAI__ligand2485-0
399,KIPVAI__ligand3852-0
400,KIPVAI__ligand27669-0
401,KIPVAI__ligand5211-0
402,KIPVAI__ligand29029-0
403,KIPVAI__ligand27285-0
404,KIPVAI__ligand3094-0
405,KIPVAI__ligand4155-0
406,KIPVAI__ligand23197-0
407,KIPVAI__ligand4720-0
408,KIPVAI__ligand6839-0
409,KIPVAI__ligand3937-0
410,KIPVAI__ligand1202-0
411,KIPVAI__ligand3174-0
412,KIPVAI__ligand3131-0
413,KIPVAI__ligand8969-0
414,KIPVAI__ligand1356-0
415,KIPVAI__ligand1787-0
416,KIPVAI__ligand5530-0
417,KIPVAI__ligand23713-0
418,KIPVAI__ligand27175-0
419,KIPVAI__ligand9753-0
420,KIPVAI__ligand18832-0
421,KIPVAI__ligand686-0
422,KIPVAI__ligand30988-0
423,KIPVAI__ligand7196-0
424,KIPVAI__ligand5159-0
425,KIPVAI__ligand27893-0
426,KIPVAI__ligand4807-0
427,KIPVAI__ligand14723-0
428,KIPVAI__ligand19641-0
429,KIPVAI__ligand3178-0
430,KIPVAI__ligand422-0
431,KIPVAI__ligand12934-0
432,KIPVAI__ligand20578-0
433,KIPVAI__ligand15422-0
434,KIPVAI__ligand2906-0
435,KIPVAI__ligand4711-0
436,KIPVAI__ligand3244-0
437,KIPVAI__ligand31783-0
438,KIPVAI__ligand4649-0
439,KIPVAI__ligand17258-0
440,KIPVAI__ligand8793-0
441,KIPVAI__ligand2788-0
442,KIPVAI__ligand5649-0
443,KIPVAI__ligand14603-0
444,KIPVAI__ligand14297-0
445,KIPVAI__ligand196-0
446,KIPVAI__ligand26665-0
447,KIPVAI__ligand13012-0
448,KIPVAI__ligand17631-0
449,KIPVAI__ligand30333-0
450,KIPVAI__ligand17-0
451,KIPVAI__ligand7092-0
452,KIPVAI__ligand2260-0
453,KIPVAI__ligand1153-0
454,KIPVAI__ligand3225-0
455,KIPVAI__ligand1116-0
456,KIPVAI__ligand353-0
457,KIPVAI__ligand8612-0
458,KIPVAI__ligand2124-0
459,KIPVAI__ligand12606-0
460,KIPVAI__ligand7172-0
461,KIPVAI__ligand17281-0
462,KIPVAI__ligand30296-0
463,KIPVAI__ligand29410-0
464,KIPVAI__ligand7273-0
465,KIPVAI__ligand12337-0
466,KIPVAI__ligand9323-0
467,KIPVAI__ligand26540-0
468,KIPVAI__ligand28468-0
469,KIPVAI__ligand20740-0
470,KIPVAI__ligand12427-0
471,KIPVAI__ligand16628-0
472,KIPVAI__ligand5180-0
473,KIPVAI__ligand6017-0
474,KIPVAI__ligand7316-0
475,KIPVAI__ligand5708-0
476,KIPVAI__ligand393-0
477,KIPVAI__ligand27460-0
478,KIPVAI__ligand2043-0
479,KIPVAI__ligand19057-0
480,KIPVAI__ligand18814-0
481,KIPVAI__ligand618-0
482,KIPVAI__ligand1832-0
483,KIPVAI__ligand29302-0
484,KIPVAI__ligand13425-0
485,KIPVAI__ligand8788-0
486,KIPVAI__ligand391-0
487,KIPVAI__ligand1604-0
488,KIPVAI__ligand9943-0
489,KIPVAI__ligand1228-0
490,KIPVAI__ligand27763-0
491,KIPVAI__ligand28676-0
492,KIPVAI__ligand10262-0
493,KIPVAI__ligand3126-0
494,KIPVAI__ligand12641-0
495,KIPVAI__ligand6391-0
496,KIPVAI__ligand780-0
497,KIPVAI__ligand314-0
498,KIPVAI__ligand9284-0
499,KIPVAI__ligand1114-0
500,KIPVAI__ligand813-0
501,KIPVAI__ligand10958-0
502,KIPVAI__ligand14108-0
503,KIPVAI__ligand2417-0
504,KIPVAI__ligand1289-0
505,KIPVAI__ligand2203-0
506,KIPVAI__ligand5387-0
507,KIPVAI__ligand17302-0
508,KIPVAI__ligand89-0
509,KIPVAI__ligand17805-0
510,KIPVAI__ligand23769-0
511,KIPVAI__ligand24185-0
512,KIPVAI__ligand25178-0
513,KIPVAI__ligand314-1
514,KIPVAI__ligand24145-0
515,KIPVAI__ligand9450-0
516,KIPVAI__ligand12401-0
517,KIPVAI__ligand15585-0
518,KIPVAI__ligand13068-0
519,KIPVAI__ligand19830-0
520,KIPVAI__ligand10476-0
521,KIPVAI__ligand17387-0
522,KIPVAI__ligand12130-0
523,KIPVAI__ligand2612-0
524,KIPVAI__ligand26702-0
525,KIPVAI__ligand13658-0
526,KIPVAI__ligand18292-0
527,KIPVAI__ligand465-0
528,KIPVAI__ligand12289-0
529,KIPVAI__ligand12231-0
530,KIPVAI__ligand49-0
531,KIPVAI__ligand1599-0
532,KIPVAI__ligand9344-0
533,KIPVAI__ligand3736-0
534,KIPVAI__ligand1-0
535,KIPVAI__ligand8000-0
536,KIPVAI__ligand27482-0
537,KIPVAI__ligand26810-0
538,KIPVAI__ligand3945-0
539,KIPVAI__ligand833-0
540,KIPVAI__ligand13208-0
541,KIPVAI__ligand2693-0
542,KIPVAI__ligand5383-0
543,KIPVAI__ligand4007-0
544,KIPVAI__ligand2985-0
545,KIPVAI__ligand9299-0
546,KIPVAI__ligand20682-0
547,KIPVAI__ligand7291-0
548,KIPVAI__ligand13390-0
549,KIPVAI__ligand115-0
550,KIPVAI__ligand9883-0
551,KIPVAI__ligand3677-1
552,KIPVAI__ligand25411-0
553,KIPVAI__ligand3632-0
554,KIPVAI__ligand3677-0
555,KIPVAI__ligand368-0
556,KIPVAI__ligand395-0
557,KIPVAI__ligand1168-0
558,KIPVAI__ligand1294-0
559,KIPVAI__ligand69-0
560,KIPVAI__ligand10712-0
561,KIPVAI__ligand14174-0
562,KIPVAI__ligand6699-0
563,KIPVAI__ligand11456-0
564,KIPVAI__ligand14248-0
565,KIPVAI__ligand29879-0
566,KIPVAI__ligand12030-0
567,KIPVAI__ligand3712-0
568,KIPVAI__ligand1464-0
569,KIPVAI__ligand1499-0
570,KIPVAI__ligand13331-0
571,KIPVAI__ligand2881-0
572,KIPVAI__ligand28884-0
573,KIPVAI__ligand6892-0
574,KIPVAI__ligand11-0
575,KIPVAI__ligand13294-0
576,KIPVAI__ligand1211-0
577,KIPVAI__ligand784-0
578,KIPVAI__ligand31832-0
579,KIPVAI__ligand29414-0
580,KIPVAI__ligand5595-0
581,KIPVAI__ligand4101-0
582,KIPVAI__ligand17982-0
583,KIPVAI__ligand20011-0
584,KIPVAI__ligand17278-0
585,KIPVAI__ligand4358-0
586,KIPVAI__ligand17398-0
587,KIPVAI__ligand3120-0
588,KIPVAI__ligand3926-0
589,KIPVAI__ligand487-0
590,KIPVAI__ligand10589-0
591,KIPVAI__ligand22557-0
592,KIPVAI__ligand24047-0
593,KIPVAI__ligand2221-0
594,KIPVAI__ligand11675-0
595,KIPVAI__ligand20598-0
596,KIPVAI__ligand1296-0
597,KIPVAI__ligand16475-0
598,KIPVAI__ligand14703-0
599,KIPVAI__ligand2259-0
600,KIPVAI__ligand746-0
601,KIPVAI__ligand1197-0
602,KIPVAI__ligand5099-0
603,KIPVAI__ligand8592-0
604,KIPVAI__ligand447-0
605,KIPVAI__ligand9773-0
606,KIPVAI__ligand1376-0
607,KIPVAI__ligand5510-0
608,KIPVAI__ligand176-0
609,KIPVAI__ligand20251-1
610,KIPVAI__ligand30702-0
611,KIPVAI__ligand20214-0
612,KIPVAI__ligand20251-0
613,KIPVAI__ligand9167-0
614,KIPVAI__ligand20539-0
615,KIPVAI__ligand5304-0
616,KIPVAI__ligand2238-0
617,KIPVAI__ligand21581-0
618,KIPVAI__ligand31097-0
619,KIPVAI__ligand17261-0
620,KIPVAI__ligand14117-0
621,KIPVAI__ligand152-0
622,KIPVAI__ligand1317-0
623,KIPVAI__ligand3867-0
624,KIPVAI__ligand2822-0
625,KIPVAI__ligand7293-0
626,KIPVAI__ligand17118-0
627,KIPVAI__ligand506-0
628,KIPVAI__ligand5509-0
629,KIPVAI__ligand21371-0
630,KIPVAI__ligand3-0
631,KIPVAI__ligand8002-0
632,KIPVAI__ligand6117-0
633,KIPVAI__ligand1407-0
634,KIPVAI__ligand20419-0
635,KIPVAI__ligand28789-0
636,KIPVAI__ligand29568-0
637,KIPVAI__ligand7762-0
638,KIPVAI__ligand5080-0
639,KIPVAI__ligand30851-0
640,KIPVAI__ligand14889-0
641,KIPVAI__ligand29087-0
642,KIPVAI__ligand3416-0
643,KIPVAI__ligand3453-0
644,KIPVAI__ligand560-0
645,KIPVAI__ligand18703-0
646,KIPVAI__ligand4207-0
647,KIPVAI__ligand28924-0
648,KIPVAI__ligand15438-0
649,KIPVAI__ligand1539-0
650,KIPVAI__ligand1150-0
651,KIPVAI__ligand51-0
652,KIPVAI__ligand8200-0
653,KIPVAI__ligand24750-0
654,KIPVAI__ligand7438-0
655,KIPVAI__ligand4063-0
656,KIPVAI__ligand91-0
657,KIPVAI__ligand17945-0
658,KIPVAI__ligand3042-0
659,KIPVAI__ligand25224-0
660,KIPVAI__ligand235-0
661,KIPVAI__ligand18013-0
662,KIPVAI__ligand17207-0
663,KIPVAI__ligand31578-0
664,KIPVAI__ligand134-0
665,KIPVAI__ligand7075-0
666,KIPVAI__ligand421-0
667,KIPVAI__ligand3557-0
668,KIPVAI__ligand3980-0
669,KIPVAI__ligand48-0
670,KIPVAI__ligand1149-0
671,KIPVAI__ligand29898-0
672,KIPVAI__ligand26277-0
673,KIPVAI__ligand1779-0
674,KIPVAI__ligand1817-0
675,KIPVAI__ligand6993-0
676,KIPVAI__ligand22755-0
677,KIPVAI__ligand685-0
678,KIPVAI__ligand9750-0
679,KIPVAI__ligand10432-0
680,KIPVAI__ligand11432-0
681,KIPVAI__ligand31618-0
682,KIPVAI__ligand4266-0
683,KIPVAI__ligand1400-0
684,KIPVAI__ligand9491-0
685,KIPVAI__ligand4-0
686,KIPVAI__ligand4167-0
687,KIPVAI__ligand294-0
688,KIPVAI__ligand15168-0
689,KIPVAI__ligand1288-0
690,KIPVAI__ligand24064-0
691,KIPVAI__ligand23589-0
692,KIPVAI__ligand1828-0
693,KIPVAI__ligand24613-0
694,KIPVAI__ligand7213-0
695,KIPVAI__ligand1397-0
696,KIPVAI__ligand197-0
697,KIPVAI__ligand19725-0
698,KIPVAI__ligand8042-0
699,KIPVAI__ligand6112-0
700,KIPVAI__ligand5085-0
701,KIPVAI__ligand3144-0
702,KIPVAI__ligand10555-0
703,KIPVAI__ligand31483-0
704,KIPVAI__ligand5755-0
705,KIPVAI__ligand4710-0
706,KIPVAI__ligand32-0
707,KIPVAI__ligand1908-0
708,KIPVAI__ligand11568-0
709,KIPVAI__ligand4795-0
710,KIPVAI__ligand3285-0
711,KIPVAI__ligand20579-0
712,KIPVAI__ligand17710-0
713,KIPVAI__ligand1786-0
714,KIPVAI__ligand21421-0
715,KIPVAI__ligand5630-0
716,KIPVAI__ligand14586-0
717,KIPVAI__ligand11774-0
718,KIPVAI__ligand18699-0
719,KIPVAI__ligand868-0
720,KIPVAI__ligand12682-0
721,KIPVAI__ligand1831-0
722,KIPVAI__ligand17240-0
723,KIPVAI__ligand5614-0
724,KIPVAI__ligand5280-0
725,KIPVAI__ligand6663-0
726,KIPVAI__ligand17590-0
727,KIPVAI__ligand5515-0
728,KIPVAI__ligand13072-0
729,KIPVAI__ligand12336-0
730,KIPVAI__ligand1849-0
731,KIPVAI__ligand5019-0
732,KIPVAI__ligand16-0
733,KIPVAI__ligand3261-0
734,KIPVAI__ligand1152-0
735,KIPVAI__ligand352-0
736,KIPVAI__ligand783-0
737,KIPVAI__ligand1216-0
738,KIPVAI__ligand25267-0
739,KIPVAI__ligand10084-0
740,KIPVAI__ligand2001-0
741,KIPVAI__ligand177-0
742,KIPVAI__ligand12467-0
743,KIPVAI__ligand7566-0
744,KIPVAI__ligand13257-0
745,KIPVAI__ligand21936-0
746,KIPVAI__ligand8593-0
747,KIPVAI__ligand23904-0
748,KIPVAI__ligand9944-0
749,KIPVAI__ligand27074-0
750,KIPVAI__ligand22981-0
751,KIPVAI__ligand25805-0
752,KIPVAI__ligand8553-0
753,KIPVAI__ligand57-0
754,KIPVAI__ligand1113-0
755,KIPVAI__ligand20599-0
756,KIPVAI__ligand909-0
757,KIPVAI__ligand5201-0
758,KIPVAI__ligand14523-0
759,KIPVAI__ligand27169-0
760,KIPVAI__ligand18391-0
761,KIPVAI__ligand16791-0
762,KIPVAI__ligand830-0
763,KIPVAI__ligand5415-0
764,KIPVAI__ligand28668-0
765,KIPVAI__ligand372-0
766,KIPVAI__ligand193-0
767,KIPVAI__ligand18465-0
768,KIPVAI__ligand4124-0
769,KIPVAI__ligand18799-0
770,KIPVAI__ligand3471-0
771,KIPVAI__ligand4161-0
772,KIPVAI__ligand6995-0
773,KIPVAI__ligand116-0
774,KIPVAI__ligand29863-0
775,KIPVAI__ligand2823-0
776,KIPVAI__ligand13869-0
777,KIPVAI__ligand252-0
778,KIPVAI__ligand18074-0
779,KIPVAI__ligand4340-0
780,KIPVAI__ligand2281-0
781,KIPVAI__ligand2650-0
782,KIPVAI__ligand29610-0
783,KIPVAI__ligand3180-0
784,KIPVAI__ligand11140-0
785,KIPVAI__ligand250-0
786,KIPVAI__ligand2027-0
787,KIPVAI__ligand1050-0
788,KIPVAI__ligand1015-0
789,KIPVAI__ligand25735-0
790,KIPVAI__ligand12519-0
791,KIPVAI__ligand11206-0
792,KIPVAI__ligand23124-0
793,KIPVAI__ligand370-0
794,KIPVAI__ligand12660-0
795,KIPVAI__ligand1618-0
796,KIPVAI__ligand13209-0
797,KIPVAI__ligand19257-0
798,KIPVAI__ligand34-0
799,KIPVAI__ligand2692-0
800,KIPVAI__ligand31248-0
801,KIPVAI__ligand1028-0
802,KIPVAI__ligand25650-0
803,KIPVAI__ligand4262-0
804,KIPVAI__ligand1154-0
805,KIPVAI__ligand55-0
806,KIPVAI__ligand479-0
807,KIPVAI__ligand12295-0
808,KIPVAI__ligand311-0
809,KIPVAI__ligand27835-0
810,KIPVAI__ligand9615-0
811,KIPVAI__ligand785-0
812,KIPVAI__ligand25575-0
813,KIPVAI__ligand564-0
814,KIPVAI__ligand21787-0
815,KIPVAI__ligand25689-0
816,KIPVAI__ligand620-0
817,KIPVAI__ligand1498-0
818,KIPVAI__ligand4596-0
819,KIPVAI__ligand370-1
820,KIPVAI__ligand30539-0
821,KIPVAI__ligand188-0
822,KIPVAI__ligand23906-0
823,KIPVAI__ligand21132-0
824,KIPVAI__ligand1169-0
825,KIPVAI__ligand11166-0
826,KIPVAI__ligand8529-0
827,KIPVAI__ligand68-0
