,TMC
0,BAZZUY__ligand2430-0
1,BAZZUY__ligand1703-0
2,BAZZUY__ligand361-0
3,BAZZUY__ligand2907-0
4,BAZZUY__ligand324-0
5,BAZZUY__ligand409-0
6,BAZZUY__ligand2510-0
7,BAZZUY__ligand8921-0
8,BAZZUY__ligand1567-0
9,BAZZUY__ligand2285-0
10,BAZZUY__ligand2862-0
11,BAZZUY__ligand1056-0
12,BAZZUY__ligand2320-0
13,BAZZUY__ligand105-0
14,BAZZUY__ligand140-0
15,BAZZUY__ligand1607-0
16,BAZZUY__ligand927-0
17,BAZZUY__ligand199-0
18,BAZZUY__ligand575-0
19,BAZZUY__ligand3-0
20,BAZZUY__ligand1727-0
21,BAZZUY__ligand18-0
22,BAZZUY__ligand1152-0
23,BAZZUY__ligand918-0
24,BAZZUY__ligand1-0
25,BAZZUY__ligand633-0
26,BAZZUY__ligand532-0
27,BAZZUY__ligand497-0
28,BAZZUY__ligand62-0
29,BAZZUY__ligand838-0
30,BAZZUY__ligand3637-0
31,BAZZUY__ligand8774-0
32,BAZZUY__ligand166-0
33,BAZZUY__ligand4303-0
34,BAZZUY__ligand436-0
35,BAZZUY__ligand1248-0
36,BAZZUY__ligand1598-0
37,BAZZUY__ligand1054-0
38,BAZZUY__ligand142-0
39,BAZZUY__ligand6294-0
40,BAZZUY__ligand206-0
41,BAZZUY__ligand553-0
42,BAZZUY__ligand283-0
43,BAZZUY__ligand821-0
44,BAZZUY__ligand7464-0
45,BAZZUY__ligand86-0
46,BAZZUY__ligand326-0
47,BAZZUY__ligand2864-0
48,BAZZUY__ligand2142-0
49,BAZZUY__ligand6538-0
50,BAZZUY__ligand2772-0
51,BAZZUY__ligand6151-0
52,BAZZUY__ligand9495-0
53,BAZZUY__ligand3838-0
54,BAZZUY__ligand1799-0
55,BAZZUY__ligand2838-0
56,BAZZUY__ligand5941-0
57,BAZZUY__ligand2880-0
58,BAZZUY__ligand162-0
59,BAZZUY__ligand226-0
60,BAZZUY__ligand66-0
61,BAZZUY__ligand1169-0
62,BAZZUY__ligand383-0
63,BAZZUY__ligand5022-0
64,BAZZUY__ligand509-0
65,BAZZUY__ligand4983-0
66,BAZZUY__ligand1835-0
67,BAZZUY__ligand2345-0
68,BAZZUY__ligand2794-0
69,BAZZUY__ligand21-0
70,BAZZUY__ligand1502-0
71,BAZZUY__ligand6396-0
72,BAZZUY__ligand2265-0
73,BAZZUY__ligand1113-0
74,BAZZUY__ligand670-0
75,BAZZUY__ligand118-0
76,BAZZUY__ligand571-0
77,BAZZUY__ligand9027-0
78,BAZZUY__ligand38-0
79,BAZZUY__ligand365-0
80,BAZZUY__ligand1273-0
81,BAZZUY__ligand278-0
82,BAZZUY__ligand1052-0
83,BAZZUY__ligand669-0
84,BAZZUY__ligand358-0
85,BAZZUY__ligand430-0
86,BAZZUY__ligand40-0
87,BAZZUY__ligand9244-0
88,BAZZUY__ligand757-0
89,BAZZUY__ligand1228-0
90,BAZZUY__ligand797-0
91,BAZZUY__ligand1538-0
92,BAZZUY__ligand1114-0
93,BAZZUY__ligand3246-0
94,BAZZUY__ligand1479-0
95,BAZZUY__ligand11730-0
96,BAZZUY__ligand1148-0
97,BAZZUY__ligand240-0
98,BAZZUY__ligand2863-0
99,BAZZUY__ligand6502-0
100,BAZZUY__ligand141-0
101,BAZZUY__ligand2098-0
102,BAZZUY__ligand45-0
103,BAZZUY__ligand6332-0
104,BAZZUY__ligand3178-0
105,BAZZUY__ligand3145-0
106,BAZZUY__ligand85-0
107,BAZZUY__ligand78-0
108,BAZZUY__ligand6686-0
109,BAZZUY__ligand1747-0
110,BAZZUY__ligand5548-0
111,BAZZUY__ligand7915-0
112,BAZZUY__ligand2751-0
113,BAZZUY__ligand120-0
114,BAZZUY__ligand3041-0
115,BAZZUY__ligand1542-0
116,BAZZUY__ligand2634-0
117,BAZZUY__ligand384-0
118,BAZZUY__ligand6-0
119,BAZZUY__ligand6277-0
120,BAZZUY__ligand119-0
121,BAZZUY__ligand1687-0
122,BAZZUY__ligand1951-0
123,BAZZUY__ligand2688-0
124,BAZZUY__ligand2259-0
125,BAZZUY__ligand2768-0
126,BAZZUY__ligand1376-0
127,BAZZUY__ligand124-0
128,BAZZUY__ligand100-0
129,BAZZUY__ligand244-0
130,BAZZUY__ligand201-0
131,BAZZUY__ligand279-0
132,BAZZUY__ligand3734-0
133,BAZZUY__ligand178-0
134,BAZZUY__ligand1706-0
135,BAZZUY__ligand4381-0
136,BAZZUY__ligand321-0
137,BAZZUY__ligand2629-0
138,BAZZUY__ligand612-0
139,BAZZUY__ligand187-0
140,BAZZUY__ligand366-0
141,BAZZUY__ligand861-0
142,BAZZUY__ligand1171-0
143,BAZZUY__ligand5801-0
144,BAZZUY__ligand1438-0
145,BAZZUY__ligand3063-0
146,BAZZUY__ligand596-0
147,BAZZUY__ligand1544-0
148,BAZZUY__ligand67-0
149,BAZZUY__ligand126-0
150,BAZZUY__ligand1459-0
151,BAZZUY__ligand3757-0
152,BAZZUY__ligand1048-0
153,BAZZUY__ligand2087-0
154,BAZZUY__ligand4-0
155,BAZZUY__ligand1685-0
156,BAZZUY__ligand682-0
157,BAZZUY__ligand8-0
158,BAZZUY__ligand3196-0
159,BAZZUY__ligand4012-0
160,BAZZUY__ligand2915-0
161,BAZZUY__ligand487-0
162,BAZZUY__ligand1690-0
163,BAZZUY__ligand522-0
164,BAZZUY__ligand2707-0
165,BAZZUY__ligand666-0
166,BAZZUY__ligand133-0
167,BAZZUY__ligand447-0
168,BAZZUY__ligand1551-0
169,BAZZUY__ligand2526-0
170,BAZZUY__ligand4370-0
171,BAZZUY__ligand2618-0
172,BAZZUY__ligand3618-0
173,BAZZUY__ligand355-0
174,BAZZUY__ligand784-0
175,BAZZUY__ligand485-0
176,BAZZUY__ligand1436-0
177,BAZZUY__ligand2255-0
178,BAZZUY__ligand4175-0
179,BAZZUY__ligand291-0
180,BAZZUY__ligand115-0
181,BAZZUY__ligand1918-0
182,BAZZUY__ligand11-0
183,BAZZUY__ligand4619-0
184,BAZZUY__ligand6143-0
185,BAZZUY__ligand5235-0
186,BAZZUY__ligand3251-0
187,BAZZUY__ligand9176-0
188,BAZZUY__ligand210-0
189,BAZZUY__ligand3035-0
190,BAZZUY__ligand3070-0
191,BAZZUY__ligand2718-0
192,BAZZUY__ligand1493-0
193,BAZZUY__ligand89-0
194,BAZZUY__ligand391-0
195,BAZZUY__ligand5758-0
196,BAZZUY__ligand3478-0
197,BAZZUY__ligand170-0
198,BAZZUY__ligand3852-0
199,BAZZUY__ligand1818-0
200,BAZZUY__ligand15630-0
201,BAZZUY__ligand481-0
202,BAZZUY__ligand7456-0
203,BAZZUY__ligand49-0
204,BAZZUY__ligand10357-0
205,BAZZUY__ligand314-0
206,BAZZUY__ligand3890-0
207,BAZZUY__ligand4423-0
208,BAZZUY__ligand353-0
209,BAZZUY__ligand1907-0
210,BAZZUY__ligand1285-0
211,BAZZUY__ligand1555-0
212,BAZZUY__ligand236-0
213,BAZZUY__ligand7630-0
214,BAZZUY__ligand422-0
215,BAZZUY__ligand17-0
216,BAZZUY__ligand7550-0
217,BAZZUY__ligand113-0
218,BAZZUY__ligand502-0
219,BAZZUY__ligand2762-0
220,BAZZUY__ligand196-0
221,BAZZUY__ligand1038-0
222,BAZZUY__ligand1160-0
223,BAZZUY__ligand2253-0
224,BAZZUY__ligand92-0
225,BAZZUY__ligand5093-0
226,BAZZUY__ligand2954-0
227,BAZZUY__ligand1858-0
228,BAZZUY__ligand8032-0
229,BAZZUY__ligand311-0
230,BAZZUY__ligand34-0
231,BAZZUY__ligand5334-0
232,BAZZUY__ligand444-0
233,BAZZUY__ligand369-0
234,BAZZUY__ligand1898-0
235,BAZZUY__ligand188-0
236,BAZZUY__ligand2480-0
237,BAZZUY__ligand3051-0
238,BAZZUY__ligand4504-0
239,BAZZUY__ligand2315-0
240,BAZZUY__ligand460-0
241,BAZZUY__ligand1919-0
242,BAZZUY__ligand55-0
243,BAZZUY__ligand250-0
244,BAZZUY__ligand2389-0
245,BAZZUY__ligand1712-0
246,BAZZUY__ligand3579-0
247,BAZZUY__ligand2110-0
248,BAZZUY__ligand370-0
249,BAZZUY__ligand2916-0
250,BAZZUY__ligand95-0
251,BAZZUY__ligand193-0
252,BAZZUY__ligand1379-0
253,BAZZUY__ligand1264-0
254,BAZZUY__ligand1221-0
255,BAZZUY__ligand1299-0
256,BAZZUY__ligand6430-0
257,BAZZUY__ligand830-0
258,BAZZUY__ligand57-0
259,BAZZUY__ligand2929-0
260,BAZZUY__ligand252-0
261,BAZZUY__ligand2376-0
262,BAZZUY__ligand955-0
263,BAZZUY__ligand73-0
264,BAZZUY__ligand934-0
265,BAZZUY__ligand177-0
266,BAZZUY__ligand6571-0
267,BAZZUY__ligand2482-0
268,BAZZUY__ligand1325-0
269,BAZZUY__ligand909-0
270,BAZZUY__ligand1019-0
271,BAZZUY__ligand2442-0
272,BAZZUY__ligand1104-0
273,BAZZUY__ligand851-0
274,BAZZUY__ligand7414-0
275,BAZZUY__ligand5762-0
276,BAZZUY__ligand1321-0
277,BAZZUY__ligand136-0
278,BAZZUY__ligand1178-0
279,BAZZUY__ligand32-0
280,BAZZUY__ligand868-0
281,BAZZUY__ligand3566-0
282,BAZZUY__ligand442-0
283,BAZZUY__ligand352-0
284,BAZZUY__ligand783-0
285,BAZZUY__ligand10479-0
286,BAZZUY__ligand1788-0
287,BAZZUY__ligand9620-0
288,BAZZUY__ligand1260-0
289,BAZZUY__ligand4894-0
290,BAZZUY__ligand197-0
291,BAZZUY__ligand296-0
292,BAZZUY__ligand7514-0
293,BAZZUY__ligand112-0
294,BAZZUY__ligand3337-0
295,BAZZUY__ligand10114-0
296,BAZZUY__ligand1449-1
297,BAZZUY__ligand4811-0
298,BAZZUY__ligand1307-0
299,BAZZUY__ligand584-0
300,BAZZUY__ligand916-0
301,BAZZUY__ligand10910-0
302,BAZZUY__ligand51-0
303,BAZZUY__ligand798-0
304,BAZZUY__ligand421-0
305,BAZZUY__ligand331-0
306,BAZZUY__ligand91-0
307,BAZZUY__ligand29-0
308,BAZZUY__ligand294-0
309,BAZZUY__ligand993-0
310,BAZZUY__ligand48-0
311,BAZZUY__ligand1246-0
312,BAZZUY__ligand14530-0
313,BAZZUY__ligand6166-0
314,BAZZUY__ligand560-0
315,BAZZUY__ligand525-0
316,BAZZUY__ligand109-0
317,BAZZUY__ligand932-0
318,BAZZUY__ligand134-0
319,BAZZUY__ligand235-0
320,BAZZUY__ligand2853-0
321,BAZZUY__ligand3853-0
322,BAZZUY__ligand5089-0
323,BAZZUY__ligand2599-0
324,BAZZUY__ligand390-0
