,TMC
0,YIRKOZ__ligand6151-0
1,YIRKOZ__ligand2772-0
2,YIRKOZ__ligand9495-0
3,YIRKOZ__ligand6538-0
4,YIRKOZ__ligand2142-0
5,YIRKOZ__ligand2864-0
6,YIRKOZ__ligand1169-0
7,YIRKOZ__ligand5022-0
8,YIRKOZ__ligand757-0
9,YIRKOZ__ligand5941-0
10,YIRKOZ__ligand2880-0
11,YIRKOZ__ligand2838-0
12,YIRKOZ__ligand1799-0
13,YIRKOZ__ligand3838-0
14,YIRKOZ__ligand797-0
15,YIRKOZ__ligand9027-0
16,YIRKOZ__ligand1113-0
17,YIRKOZ__ligand2265-0
18,YIRKOZ__ligand6396-0
19,YIRKOZ__ligand1502-0
20,YIRKOZ__ligand120-0
21,YIRKOZ__ligand2345-0
22,YIRKOZ__ligand2794-0
23,YIRKOZ__ligand384-0
24,YIRKOZ__ligand1835-0
25,YIRKOZ__ligand4983-0
26,YIRKOZ__ligand141-0
27,YIRKOZ__ligand240-0
28,YIRKOZ__ligand1052-0
29,YIRKOZ__ligand1273-0
30,YIRKOZ__ligand67-0
31,YIRKOZ__ligand2320-0
32,YIRKOZ__ligand1056-0
33,YIRKOZ__ligand2862-0
34,YIRKOZ__ligand8921-0
35,YIRKOZ__ligand2285-0
36,YIRKOZ__ligand244-0
37,YIRKOZ__ligand1567-0
38,YIRKOZ__ligand201-0
39,YIRKOZ__ligand2510-0
40,YIRKOZ__ligand100-0
41,YIRKOZ__ligand178-0
42,YIRKOZ__ligand2907-0
43,YIRKOZ__ligand279-0
44,YIRKOZ__ligand321-0
45,YIRKOZ__ligand1703-0
46,YIRKOZ__ligand2430-0
47,YIRKOZ__ligand119-0
48,YIRKOZ__ligand1152-0
49,YIRKOZ__ligand1727-0
50,YIRKOZ__ligand10357-0
51,YIRKOZ__ligand15630-0
52,YIRKOZ__ligand124-0
53,YIRKOZ__ligand1607-0
54,YIRKOZ__ligand8774-0
55,YIRKOZ__ligand78-0
56,YIRKOZ__ligand3637-0
57,YIRKOZ__ligand85-0
58,YIRKOZ__ligand126-0
59,YIRKOZ__ligand45-0
60,YIRKOZ__ligand187-0
61,YIRKOZ__ligand612-0
62,YIRKOZ__ligand7464-0
63,YIRKOZ__ligand861-0
64,YIRKOZ__ligand366-0
65,YIRKOZ__ligand6294-0
66,YIRKOZ__ligand1054-0
67,YIRKOZ__ligand596-0
68,YIRKOZ__ligand1598-0
69,YIRKOZ__ligand4303-0
70,YIRKOZ__ligand1248-0
71,YIRKOZ__ligand2768-0
72,YIRKOZ__ligand1376-0
73,YIRKOZ__ligand199-0
74,YIRKOZ__ligand927-0
75,YIRKOZ__ligand2688-0
76,YIRKOZ__ligand2259-0
77,YIRKOZ__ligand1951-0
78,YIRKOZ__ligand575-0
79,YIRKOZ__ligand1687-0
80,YIRKOZ__ligand6277-0
81,YIRKOZ__ligand66-0
82,YIRKOZ__ligand2629-0
83,YIRKOZ__ligand4381-0
84,YIRKOZ__ligand1706-0
85,YIRKOZ__ligand409-0
86,YIRKOZ__ligand361-0
87,YIRKOZ__ligand3734-0
88,YIRKOZ__ligand324-0
89,YIRKOZ__ligand105-0
90,YIRKOZ__ligand140-0
91,YIRKOZ__ligand1438-0
92,YIRKOZ__ligand3063-0
93,YIRKOZ__ligand436-0
94,YIRKOZ__ligand206-0
95,YIRKOZ__ligand5801-0
96,YIRKOZ__ligand142-0
97,YIRKOZ__ligand283-0
98,YIRKOZ__ligand1171-0
99,YIRKOZ__ligand553-0
100,YIRKOZ__ligand21-0
101,YIRKOZ__ligand326-0
102,YIRKOZ__ligand821-0
103,YIRKOZ__ligand532-0
104,YIRKOZ__ligand1685-0
105,YIRKOZ__ligand40-0
106,YIRKOZ__ligand633-0
107,YIRKOZ__ligand918-0
108,YIRKOZ__ligand1048-0
109,YIRKOZ__ligand497-0
110,YIRKOZ__ligand2087-0
111,YIRKOZ__ligand3757-0
112,YIRKOZ__ligand1459-0
113,YIRKOZ__ligand838-0
114,YIRKOZ__ligand166-0
115,YIRKOZ__ligand38-0
116,YIRKOZ__ligand1544-0
117,YIRKOZ__ligand10479-0
118,YIRKOZ__ligand1114-0
119,YIRKOZ__ligand1538-0
120,YIRKOZ__ligand1228-0
121,YIRKOZ__ligand226-0
122,YIRKOZ__ligand9244-0
123,YIRKOZ__ligand162-0
124,YIRKOZ__ligand383-0
125,YIRKOZ__ligand1148-0
126,YIRKOZ__ligand10114-0
127,YIRKOZ__ligand18-0
128,YIRKOZ__ligand1479-0
129,YIRKOZ__ligand3246-0
130,YIRKOZ__ligand5548-0
131,YIRKOZ__ligand365-0
132,YIRKOZ__ligand7915-0
133,YIRKOZ__ligand8-0
134,YIRKOZ__ligand6686-0
135,YIRKOZ__ligand1747-0
136,YIRKOZ__ligand3145-0
137,YIRKOZ__ligand62-0
138,YIRKOZ__ligand278-0
139,YIRKOZ__ligand3178-0
140,YIRKOZ__ligand10910-0
141,YIRKOZ__ligand669-0
142,YIRKOZ__ligand6332-0
143,YIRKOZ__ligand6502-0
144,YIRKOZ__ligand2098-0
145,YIRKOZ__ligand2863-0
146,YIRKOZ__ligand430-0
147,YIRKOZ__ligand358-0
148,YIRKOZ__ligand86-0
149,YIRKOZ__ligand2634-0
150,YIRKOZ__ligand1542-0
151,YIRKOZ__ligand509-0
152,YIRKOZ__ligand3041-0
153,YIRKOZ__ligand14530-0
154,YIRKOZ__ligand2751-0
155,YIRKOZ__ligand571-0
156,YIRKOZ__ligand118-0
157,YIRKOZ__ligand670-0
158,YIRKOZ__ligand1493-0
159,YIRKOZ__ligand3070-0
160,YIRKOZ__ligand460-0
161,YIRKOZ__ligand3035-0
162,YIRKOZ__ligand2718-0
163,YIRKOZ__ligand9176-0
164,YIRKOZ__ligand250-0
165,YIRKOZ__ligand3251-0
166,YIRKOZ__ligand32-0
167,YIRKOZ__ligand5235-0
168,YIRKOZ__ligand6143-0
169,YIRKOZ__ligand370-0
170,YIRKOZ__ligand4619-0
171,YIRKOZ__ligand7456-0
172,YIRKOZ__ligand1818-0
173,YIRKOZ__ligand311-0
174,YIRKOZ__ligand369-0
175,YIRKOZ__ligand3852-0
176,YIRKOZ__ligand444-0
177,YIRKOZ__ligand3478-0
178,YIRKOZ__ligand4-0
179,YIRKOZ__ligand5758-0
180,YIRKOZ__ligand188-0
181,YIRKOZ__ligand6-0
182,YIRKOZ__ligand7630-0
183,YIRKOZ__ligand29-0
184,YIRKOZ__ligand1555-0
185,YIRKOZ__ligand1285-0
186,YIRKOZ__ligand934-0
187,YIRKOZ__ligand177-0
188,YIRKOZ__ligand91-0
189,YIRKOZ__ligand1907-0
190,YIRKOZ__ligand909-0
191,YIRKOZ__ligand51-0
192,YIRKOZ__ligand4423-0
193,YIRKOZ__ligand851-0
194,YIRKOZ__ligand3890-0
195,YIRKOZ__ligand2954-0
196,YIRKOZ__ligand5093-0
197,YIRKOZ__ligand193-0
198,YIRKOZ__ligand2253-0
199,YIRKOZ__ligand1160-0
200,YIRKOZ__ligand830-0
201,YIRKOZ__ligand1038-0
202,YIRKOZ__ligand2762-0
203,YIRKOZ__ligand7550-0
204,YIRKOZ__ligand955-0
205,YIRKOZ__ligand252-0
206,YIRKOZ__ligand48-0
207,YIRKOZ__ligand296-0
208,YIRKOZ__ligand34-0
209,YIRKOZ__ligand2915-0
210,YIRKOZ__ligand197-0
211,YIRKOZ__ligand4012-0
212,YIRKOZ__ligand3196-0
213,YIRKOZ__ligand112-0
214,YIRKOZ__ligand136-0
215,YIRKOZ__ligand2526-0
216,YIRKOZ__ligand95-0
217,YIRKOZ__ligand1551-0
218,YIRKOZ__ligand442-0
219,YIRKOZ__ligand868-0
220,YIRKOZ__ligand2707-0
221,YIRKOZ__ligand352-0
222,YIRKOZ__ligand783-0
223,YIRKOZ__ligand55-0
224,YIRKOZ__ligand1690-0
225,YIRKOZ__ligand1436-0
226,YIRKOZ__ligand109-0
227,YIRKOZ__ligand3618-0
228,YIRKOZ__ligand2618-0
229,YIRKOZ__ligand57-0
230,YIRKOZ__ligand560-0
231,YIRKOZ__ligand525-0
232,YIRKOZ__ligand4370-0
233,YIRKOZ__ligand235-0
234,YIRKOZ__ligand932-0
235,YIRKOZ__ligand134-0
236,YIRKOZ__ligand390-0
237,YIRKOZ__ligand1918-0
238,YIRKOZ__ligand584-0
239,YIRKOZ__ligand916-0
240,YIRKOZ__ligand421-0
241,YIRKOZ__ligand798-0
242,YIRKOZ__ligand4175-0
243,YIRKOZ__ligand331-0
244,YIRKOZ__ligand73-0
245,YIRKOZ__ligand993-0
246,YIRKOZ__ligand2255-0
247,YIRKOZ__ligand294-0
248,YIRKOZ__ligand1788-0
249,YIRKOZ__ligand487-0
250,YIRKOZ__ligand666-0
251,YIRKOZ__ligand522-0
252,YIRKOZ__ligand1178-0
253,YIRKOZ__ligand133-0
254,YIRKOZ__ligand3566-0
255,YIRKOZ__ligand447-0
256,YIRKOZ__ligand1321-0
257,YIRKOZ__ligand4811-0
258,YIRKOZ__ligand1449-1
259,YIRKOZ__ligand682-0
260,YIRKOZ__ligand49-0
261,YIRKOZ__ligand11730-0
262,YIRKOZ__ligand3337-0
263,YIRKOZ__ligand7514-0
264,YIRKOZ__ligand9620-0
265,YIRKOZ__ligand1260-0
266,YIRKOZ__ligand4894-0
267,YIRKOZ__ligand89-0
268,YIRKOZ__ligand291-0
269,YIRKOZ__ligand115-0
270,YIRKOZ__ligand1307-0
271,YIRKOZ__ligand92-0
272,YIRKOZ__ligand5089-0
273,YIRKOZ__ligand2599-0
274,YIRKOZ__ligand3853-0
275,YIRKOZ__ligand2853-0
276,YIRKOZ__ligand485-0
277,YIRKOZ__ligand355-0
278,YIRKOZ__ligand6166-0
279,YIRKOZ__ligand784-0
280,YIRKOZ__ligand17-0
281,YIRKOZ__ligand1246-0
282,YIRKOZ__ligand391-0
283,YIRKOZ__ligand2315-0
284,YIRKOZ__ligand1-0
285,YIRKOZ__ligand1898-0
286,YIRKOZ__ligand4504-0
287,YIRKOZ__ligand3051-0
288,YIRKOZ__ligand2480-0
289,YIRKOZ__ligand5334-0
290,YIRKOZ__ligand170-0
291,YIRKOZ__ligand314-0
292,YIRKOZ__ligand8032-0
293,YIRKOZ__ligand481-0
294,YIRKOZ__ligand1858-0
295,YIRKOZ__ligand2916-0
296,YIRKOZ__ligand2110-0
297,YIRKOZ__ligand3579-0
298,YIRKOZ__ligand1712-0
299,YIRKOZ__ligand2389-0
300,YIRKOZ__ligand1919-0
301,YIRKOZ__ligand210-0
302,YIRKOZ__ligand2376-0
303,YIRKOZ__ligand422-0
304,YIRKOZ__ligand2929-0
305,YIRKOZ__ligand113-0
306,YIRKOZ__ligand1299-0
307,YIRKOZ__ligand6430-0
308,YIRKOZ__ligand502-0
309,YIRKOZ__ligand1221-0
310,YIRKOZ__ligand1264-0
311,YIRKOZ__ligand196-0
312,YIRKOZ__ligand1379-0
313,YIRKOZ__ligand11-0
314,YIRKOZ__ligand7414-0
315,YIRKOZ__ligand5762-0
316,YIRKOZ__ligand1104-0
317,YIRKOZ__ligand1019-0
318,YIRKOZ__ligand2442-0
319,YIRKOZ__ligand353-0
320,YIRKOZ__ligand1325-0
321,YIRKOZ__ligand2482-0
322,YIRKOZ__ligand6571-0
323,YIRKOZ__ligand3-0
324,YIRKOZ__ligand236-0
