,TMC
0,DEMDUX__ligand8969-0
1,DEMDUX__ligand3937-0
2,DEMDUX__ligand1202-0
3,DEMDUX__ligand3174-0
4,DEMDUX__ligand3131-0
5,DEMDUX__ligand6839-0
6,DEMDUX__ligand134-0
7,DEMDUX__ligand13294-0
8,DEMDUX__ligand4720-0
9,DEMDUX__ligand31832-0
10,DEMDUX__ligand235-0
11,DEMDUX__ligand29879-0
12,DEMDUX__ligand14248-0
13,DEMDUX__ligand12030-0
14,DEMDUX__ligand3094-0
15,DEMDUX__ligand4155-0
16,DEMDUX__ligand5211-0
17,DEMDUX__ligand28884-0
18,DEMDUX__ligand13331-0
19,DEMDUX__ligand14174-0
20,DEMDUX__ligand3852-0
21,DEMDUX__ligand10712-0
22,DEMDUX__ligand2485-0
23,DEMDUX__ligand6919-0
24,DEMDUX__ligand11456-0
25,DEMDUX__ligand25411-0
26,DEMDUX__ligand560-0
27,DEMDUX__ligand3565-0
28,DEMDUX__ligand1512-0
29,DEMDUX__ligand5331-0
30,DEMDUX__ligand13390-0
31,DEMDUX__ligand4661-0
32,DEMDUX__ligand1844-0
33,DEMDUX__ligand17-0
34,DEMDUX__ligand3718-0
35,DEMDUX__ligand3035-0
36,DEMDUX__ligand1343-0
37,DEMDUX__ligand3876-0
38,DEMDUX__ligand6616-0
39,DEMDUX__ligand1536-0
40,DEMDUX__ligand1573-0
41,DEMDUX__ligand294-0
42,DEMDUX__ligand9935-0
43,DEMDUX__ligand3504-0
44,DEMDUX__ligand20682-0
45,DEMDUX__ligand1959-0
46,DEMDUX__ligand26810-0
47,DEMDUX__ligand27482-0
48,DEMDUX__ligand685-0
49,DEMDUX__ligand3-0
50,DEMDUX__ligand13208-0
51,DEMDUX__ligand1263-0
52,DEMDUX__ligand9908-0
53,DEMDUX__ligand7106-0
54,DEMDUX__ligand7242-0
55,DEMDUX__ligand421-0
56,DEMDUX__ligand4442-0
57,DEMDUX__ligand4093-0
58,DEMDUX__ligand3954-0
59,DEMDUX__ligand29568-0
60,DEMDUX__ligand8699-0
61,DEMDUX__ligand1-0
62,DEMDUX__ligand1160-0
63,DEMDUX__ligand9520-0
64,DEMDUX__ligand14889-0
65,DEMDUX__ligand30851-0
66,DEMDUX__ligand21371-0
67,DEMDUX__ligand9784-0
68,DEMDUX__ligand17118-0
69,DEMDUX__ligand20419-0
70,DEMDUX__ligand7629-0
71,DEMDUX__ligand28789-0
72,DEMDUX__ligand1451-0
73,DEMDUX__ligand4272-0
74,DEMDUX__ligand1790-0
75,DEMDUX__ligand14117-0
76,DEMDUX__ligand1304-0
77,DEMDUX__ligand7280-0
78,DEMDUX__ligand17261-0
79,DEMDUX__ligand7238-0
80,DEMDUX__ligand20251-0
81,DEMDUX__ligand20214-0
82,DEMDUX__ligand197-0
83,DEMDUX__ligand30702-0
84,DEMDUX__ligand4016-0
85,DEMDUX__ligand20539-0
86,DEMDUX__ligand31097-0
87,DEMDUX__ligand21581-0
88,DEMDUX__ligand6709-0
89,DEMDUX__ligand1219-0
90,DEMDUX__ligand7867-0
91,DEMDUX__ligand352-0
92,DEMDUX__ligand783-0
93,DEMDUX__ligand89-0
94,DEMDUX__ligand4503-0
95,DEMDUX__ligand4546-0
96,DEMDUX__ligand20251-1
97,DEMDUX__ligand14703-0
98,DEMDUX__ligand16475-0
99,DEMDUX__ligand1982-0
100,DEMDUX__ligand7000-0
101,DEMDUX__ligand8115-0
102,DEMDUX__ligand6768-0
103,DEMDUX__ligand1285-0
104,DEMDUX__ligand17398-0
105,DEMDUX__ligand2232-0
106,DEMDUX__ligand9291-0
107,DEMDUX__ligand24047-0
108,DEMDUX__ligand22557-0
109,DEMDUX__ligand10589-0
110,DEMDUX__ligand2176-0
111,DEMDUX__ligand20598-0
112,DEMDUX__ligand11675-0
113,DEMDUX__ligand17982-0
114,DEMDUX__ligand868-0
115,DEMDUX__ligand5256-0
116,DEMDUX__ligand29414-0
117,DEMDUX__ligand9833-0
118,DEMDUX__ligand2828-0
119,DEMDUX__ligand17278-0
120,DEMDUX__ligand20011-0
121,DEMDUX__ligand8876-0
122,DEMDUX__ligand7648-0
123,DEMDUX__ligand4157-0
124,DEMDUX__ligand49-0
125,DEMDUX__ligand1615-0
126,DEMDUX__ligand5036-0
127,DEMDUX__ligand2526-0
128,DEMDUX__ligand909-0
129,DEMDUX__ligand27460-0
130,DEMDUX__ligand9111-0
131,DEMDUX__ligand9952-0
132,DEMDUX__ligand8721-0
133,DEMDUX__ligand20740-0
134,DEMDUX__ligand28468-0
135,DEMDUX__ligand1324-0
136,DEMDUX__ligand12427-0
137,DEMDUX__ligand16628-0
138,DEMDUX__ligand1823-0
139,DEMDUX__ligand5643-0
140,DEMDUX__ligand17281-0
141,DEMDUX__ligand4116-0
142,DEMDUX__ligand1018-0
143,DEMDUX__ligand30296-0
144,DEMDUX__ligand7967-0
145,DEMDUX__ligand12337-0
146,DEMDUX__ligand3707-0
147,DEMDUX__ligand6124-0
148,DEMDUX__ligand29410-0
149,DEMDUX__ligand26540-0
150,DEMDUX__ligand9601-0
151,DEMDUX__ligand30333-0
152,DEMDUX__ligand177-0
153,DEMDUX__ligand8992-0
154,DEMDUX__ligand12606-0
155,DEMDUX__ligand1378-0
156,DEMDUX__ligand17258-0
157,DEMDUX__ligand14297-0
158,DEMDUX__ligand14603-0
159,DEMDUX__ligand26665-0
160,DEMDUX__ligand69-0
161,DEMDUX__ligand17631-0
162,DEMDUX__ligand6244-0
163,DEMDUX__ligand13012-0
164,DEMDUX__ligand252-0
165,DEMDUX__ligand2915-0
166,DEMDUX__ligand3156-0
167,DEMDUX__ligand31783-0
168,DEMDUX__ligand116-0
169,DEMDUX__ligand27893-0
170,DEMDUX__ligand9933-0
171,DEMDUX__ligand14723-0
172,DEMDUX__ligand1530-0
173,DEMDUX__ligand1575-0
174,DEMDUX__ligand193-0
175,DEMDUX__ligand19641-0
176,DEMDUX__ligand1631-0
177,DEMDUX__ligand15422-0
178,DEMDUX__ligand20578-0
179,DEMDUX__ligand12934-0
180,DEMDUX__ligand2332-0
181,DEMDUX__ligand11-0
182,DEMDUX__ligand18832-0
183,DEMDUX__ligand372-0
184,DEMDUX__ligand27175-0
185,DEMDUX__ligand23713-0
186,DEMDUX__ligand9441-0
187,DEMDUX__ligand30988-0
188,DEMDUX__ligand830-0
189,DEMDUX__ligand12130-0
190,DEMDUX__ligand17387-0
191,DEMDUX__ligand12289-0
192,DEMDUX__ligand18292-0
193,DEMDUX__ligand13658-0
194,DEMDUX__ligand26702-0
195,DEMDUX__ligand6067-0
196,DEMDUX__ligand1577-0
197,DEMDUX__ligand2295-0
198,DEMDUX__ligand12231-0
199,DEMDUX__ligand24145-0
200,DEMDUX__ligand15585-0
201,DEMDUX__ligand12401-0
202,DEMDUX__ligand370-0
203,DEMDUX__ligand19830-0
204,DEMDUX__ligand13068-0
205,DEMDUX__ligand4620-0
206,DEMDUX__ligand10476-0
207,DEMDUX__ligand23769-0
208,DEMDUX__ligand3465-0
209,DEMDUX__ligand24185-0
210,DEMDUX__ligand25178-0
211,DEMDUX__ligand6904-0
212,DEMDUX__ligand3721-0
213,DEMDUX__ligand6596-0
214,DEMDUX__ligand6102-0
215,DEMDUX__ligand7819-0
216,DEMDUX__ligand2917-0
217,DEMDUX__ligand17302-0
218,DEMDUX__ligand250-0
219,DEMDUX__ligand17805-0
220,DEMDUX__ligand14108-0
221,DEMDUX__ligand2028-0
222,DEMDUX__ligand8835-0
223,DEMDUX__ligand7126-0
224,DEMDUX__ligand188-0
225,DEMDUX__ligand12641-0
226,DEMDUX__ligand3234-0
227,DEMDUX__ligand1142-0
228,DEMDUX__ligand10958-0
229,DEMDUX__ligand620-0
230,DEMDUX__ligand370-1
231,DEMDUX__ligand27763-0
232,DEMDUX__ligand564-0
233,DEMDUX__ligand10262-0
234,DEMDUX__ligand28676-0
235,DEMDUX__ligand4641-0
236,DEMDUX__ligand479-0
237,DEMDUX__ligand18814-0
238,DEMDUX__ligand785-0
239,DEMDUX__ligand311-0
240,DEMDUX__ligand19057-0
241,DEMDUX__ligand13425-0
242,DEMDUX__ligand29302-0
243,DEMDUX__ligand196-0
244,DEMDUX__ligand29610-0
245,DEMDUX__ligand5483-0
246,DEMDUX__ligand11140-0
247,DEMDUX__ligand5316-0
248,DEMDUX__ligand2830-0
249,DEMDUX__ligand29863-0
250,DEMDUX__ligand51-0
251,DEMDUX__ligand5627-0
252,DEMDUX__ligand18074-0
253,DEMDUX__ligand13869-0
254,DEMDUX__ligand1729-0
255,DEMDUX__ligand422-0
256,DEMDUX__ligand7529-0
257,DEMDUX__ligand18465-0
258,DEMDUX__ligand18799-0
259,DEMDUX__ligand91-0
260,DEMDUX__ligand6946-0
261,DEMDUX__ligand1415-0
262,DEMDUX__ligand9148-0
263,DEMDUX__ligand16791-0
264,DEMDUX__ligand686-0
265,DEMDUX__ligand28668-0
266,DEMDUX__ligand393-0
267,DEMDUX__ligand27169-0
268,DEMDUX__ligand2403-0
269,DEMDUX__ligand14523-0
270,DEMDUX__ligand48-0
271,DEMDUX__ligand18391-0
272,DEMDUX__ligand27074-0
273,DEMDUX__ligand6455-0
274,DEMDUX__ligand6882-0
275,DEMDUX__ligand25805-0
276,DEMDUX__ligand22981-0
277,DEMDUX__ligand20599-0
278,DEMDUX__ligand3934-0
279,DEMDUX__ligand4332-0
280,DEMDUX__ligand13257-0
281,DEMDUX__ligand21936-0
282,DEMDUX__ligand23904-0
283,DEMDUX__ligand9681-0
284,DEMDUX__ligand353-0
285,DEMDUX__ligand25267-0
286,DEMDUX__ligand1065-0
287,DEMDUX__ligand7530-0
288,DEMDUX__ligand10084-0
289,DEMDUX__ligand1449-0
290,DEMDUX__ligand3012-0
291,DEMDUX__ligand12467-0
292,DEMDUX__ligand23906-0
293,DEMDUX__ligand2599-0
294,DEMDUX__ligand21132-0
295,DEMDUX__ligand4330-0
296,DEMDUX__ligand11166-0
297,DEMDUX__ligand4194-0
298,DEMDUX__ligand30539-0
299,DEMDUX__ligand813-0
300,DEMDUX__ligand7532-0
301,DEMDUX__ligand32-0
302,DEMDUX__ligand314-0
303,DEMDUX__ligand780-0
304,DEMDUX__ligand21787-0
305,DEMDUX__ligand25575-0
306,DEMDUX__ligand25689-0
307,DEMDUX__ligand2068-0
308,DEMDUX__ligand391-0
309,DEMDUX__ligand7925-0
310,DEMDUX__ligand618-0
311,DEMDUX__ligand3973-0
312,DEMDUX__ligand12295-0
313,DEMDUX__ligand1147-0
314,DEMDUX__ligand27835-0
315,DEMDUX__ligand7107-0
316,DEMDUX__ligand31248-0
317,DEMDUX__ligand25650-0
318,DEMDUX__ligand465-0
319,DEMDUX__ligand12660-0
320,DEMDUX__ligand3215-0
321,DEMDUX__ligand19257-0
322,DEMDUX__ligand13209-0
323,DEMDUX__ligand6062-0
324,DEMDUX__ligand314-1
325,DEMDUX__ligand12519-0
326,DEMDUX__ligand25735-0
327,DEMDUX__ligand11206-0
328,DEMDUX__ligand4813-0
329,DEMDUX__ligand5813-0
330,DEMDUX__ligand23124-0
331,DEMDUX__ligand4738-0
332,DEMDUX__ligand16-0
333,DEMDUX__ligand6283-0
334,DEMDUX__ligand24064-0
335,DEMDUX__ligand115-0
336,DEMDUX__ligand5892-0
337,DEMDUX__ligand5094-0
338,DEMDUX__ligand23589-0
339,DEMDUX__ligand1712-0
340,DEMDUX__ligand4131-0
341,DEMDUX__ligand15168-0
342,DEMDUX__ligand833-0
343,DEMDUX__ligand26277-0
344,DEMDUX__ligand29898-0
345,DEMDUX__ligand22755-0
346,DEMDUX__ligand31618-0
347,DEMDUX__ligand1496-0
348,DEMDUX__ligand11432-0
349,DEMDUX__ligand57-0
350,DEMDUX__ligand7557-0
351,DEMDUX__ligand10432-0
352,DEMDUX__ligand1533-0
353,DEMDUX__ligand3350-0
354,DEMDUX__ligand2781-0
355,DEMDUX__ligand7573-0
356,DEMDUX__ligand17945-0
357,DEMDUX__ligand18013-0
358,DEMDUX__ligand25224-0
359,DEMDUX__ligand784-0
360,DEMDUX__ligand1327-0
361,DEMDUX__ligand31578-0
362,DEMDUX__ligand6672-0
363,DEMDUX__ligand9809-0
364,DEMDUX__ligand17207-0
365,DEMDUX__ligand8722-0
366,DEMDUX__ligand24750-0
367,DEMDUX__ligand2208-0
368,DEMDUX__ligand3208-0
369,DEMDUX__ligand28924-0
370,DEMDUX__ligand1900-0
371,DEMDUX__ligand9197-0
372,DEMDUX__ligand15438-0
373,DEMDUX__ligand3029-0
374,DEMDUX__ligand395-0
375,DEMDUX__ligand7162-0
376,DEMDUX__ligand29087-0
377,DEMDUX__ligand18703-0
378,DEMDUX__ligand2328-0
379,DEMDUX__ligand368-0
380,DEMDUX__ligand4581-0
381,DEMDUX__ligand1773-0
382,DEMDUX__ligand176-0
383,DEMDUX__ligand5849-0
384,DEMDUX__ligand4911-0
385,DEMDUX__ligand1771-0
386,DEMDUX__ligand13072-0
387,DEMDUX__ligand447-0
388,DEMDUX__ligand12336-0
389,DEMDUX__ligand3392-0
390,DEMDUX__ligand746-0
391,DEMDUX__ligand487-0
392,DEMDUX__ligand17240-0
393,DEMDUX__ligand8464-0
394,DEMDUX__ligand1709-0
395,DEMDUX__ligand34-0
396,DEMDUX__ligand17590-0
397,DEMDUX__ligand8349-0
398,DEMDUX__ligand2527-0
399,DEMDUX__ligand12682-0
400,DEMDUX__ligand18699-0
401,DEMDUX__ligand55-0
402,DEMDUX__ligand1768-0
403,DEMDUX__ligand21421-0
404,DEMDUX__ligand11774-0
405,DEMDUX__ligand3871-0
406,DEMDUX__ligand14586-0
407,DEMDUX__ligand1469-0
408,DEMDUX__ligand1688-0
409,DEMDUX__ligand3647-0
410,DEMDUX__ligand5357-0
411,DEMDUX__ligand506-0
412,DEMDUX__ligand11568-0
413,DEMDUX__ligand4850-0
414,DEMDUX__ligand17710-0
415,DEMDUX__ligand20579-0
416,DEMDUX__ligand5056-0
417,DEMDUX__ligand4-0
418,DEMDUX__ligand10555-0
419,DEMDUX__ligand1165-0
420,DEMDUX__ligand9525-0
421,DEMDUX__ligand31483-0
422,DEMDUX__ligand3157-0
423,DEMDUX__ligand152-0
424,DEMDUX__ligand1379-0
425,DEMDUX__ligand24613-0
426,DEMDUX__ligand2722-0
427,DEMDUX__ligand19725-0
428,DEMDUX__ligand68-0
429,DEMDUX__ligand5935-0
430,DEMDUX__ligand8529-0
431,DEMDUX__ligand1169-0
432,DEMDUX__ligand8-0
433,DEMDUX__ligand20220-0
434,DEMDUX__ligand15387-0
435,DEMDUX__ligand20121-0
436,DEMDUX__ligand845-0
437,DEMDUX__ligand29813-0
438,DEMDUX__ligand16952-0
439,DEMDUX__ligand4596-0
440,DEMDUX__ligand10479-0
441,DEMDUX__ligand27610-0
442,DEMDUX__ligand11479-0
443,DEMDUX__ligand1498-0
444,DEMDUX__ligand29441-0
445,DEMDUX__ligand10853-0
446,DEMDUX__ligand126-0
447,DEMDUX__ligand163-0
448,DEMDUX__ligand24851-0
449,DEMDUX__ligand9615-0
450,DEMDUX__ligand20530-0
451,DEMDUX__ligand11698-0
452,DEMDUX__ligand14302-0
453,DEMDUX__ligand14347-0
454,DEMDUX__ligand1154-0
455,DEMDUX__ligand13657-0
456,DEMDUX__ligand22353-0
457,DEMDUX__ligand777-0
458,DEMDUX__ligand4262-0
459,DEMDUX__ligand38-0
460,DEMDUX__ligand1028-0
461,DEMDUX__ligand19668-0
462,DEMDUX__ligand2692-0
463,DEMDUX__ligand1618-0
464,DEMDUX__ligand19906-0
465,DEMDUX__ligand941-0
466,DEMDUX__ligand596-0
467,DEMDUX__ligand657-0
468,DEMDUX__ligand10151-0
469,DEMDUX__ligand187-0
470,DEMDUX__ligand1050-0
471,DEMDUX__ligand1015-0
472,DEMDUX__ligand366-0
473,DEMDUX__ligand2027-0
474,DEMDUX__ligand279-0
475,DEMDUX__ligand3180-0
476,DEMDUX__ligand11252-0
477,DEMDUX__ligand185-0
478,DEMDUX__ligand178-0
479,DEMDUX__ligand2281-0
480,DEMDUX__ligand10582-0
481,DEMDUX__ligand2650-0
482,DEMDUX__ligand4340-0
483,DEMDUX__ligand13260-0
484,DEMDUX__ligand2823-0
485,DEMDUX__ligand19824-0
486,DEMDUX__ligand18067-0
487,DEMDUX__ligand321-0
488,DEMDUX__ligand42-0
489,DEMDUX__ligand6995-0
490,DEMDUX__ligand4124-0
491,DEMDUX__ligand3471-0
492,DEMDUX__ligand4161-0
493,DEMDUX__ligand26673-0
494,DEMDUX__ligand20821-0
495,DEMDUX__ligand11606-0
496,DEMDUX__ligand5415-0
497,DEMDUX__ligand201-0
498,DEMDUX__ligand31000-0
499,DEMDUX__ligand11814-0
500,DEMDUX__ligand5201-0
501,DEMDUX__ligand16603-0
502,DEMDUX__ligand338-0
503,DEMDUX__ligand1113-0
504,DEMDUX__ligand16870-0
505,DEMDUX__ligand8553-0
506,DEMDUX__ligand11622-0
507,DEMDUX__ligand9944-0
508,DEMDUX__ligand8593-0
509,DEMDUX__ligand11177-0
510,DEMDUX__ligand15455-0
511,DEMDUX__ligand7566-0
512,DEMDUX__ligand66-0
513,DEMDUX__ligand2001-0
514,DEMDUX__ligand17686-0
515,DEMDUX__ligand25658-0
516,DEMDUX__ligand31205-0
517,DEMDUX__ligand1216-0
518,DEMDUX__ligand3261-0
519,DEMDUX__ligand1152-0
520,DEMDUX__ligand5019-0
521,DEMDUX__ligand18757-0
522,DEMDUX__ligand1849-0
523,DEMDUX__ligand24560-0
524,DEMDUX__ligand384-0
525,DEMDUX__ligand20844-0
526,DEMDUX__ligand18413-0
527,DEMDUX__ligand24624-0
528,DEMDUX__ligand5515-0
529,DEMDUX__ligand768-0
530,DEMDUX__ligand6663-0
531,DEMDUX__ligand21752-0
532,DEMDUX__ligand5614-0
533,DEMDUX__ligand5280-0
534,DEMDUX__ligand1831-0
535,DEMDUX__ligand14339-0
536,DEMDUX__ligand30788-0
537,DEMDUX__ligand13691-0
538,DEMDUX__ligand20432-0
539,DEMDUX__ligand27122-0
540,DEMDUX__ligand5630-0
541,DEMDUX__ligand13755-0
542,DEMDUX__ligand16133-0
543,DEMDUX__ligand23445-0
544,DEMDUX__ligand24953-0
545,DEMDUX__ligand1786-0
546,DEMDUX__ligand25048-0
547,DEMDUX__ligand4795-0
548,DEMDUX__ligand3285-0
549,DEMDUX__ligand21940-0
550,DEMDUX__ligand1908-0
551,DEMDUX__ligand20557-0
552,DEMDUX__ligand240-0
553,DEMDUX__ligand30004-0
554,DEMDUX__ligand4710-0
555,DEMDUX__ligand5755-0
556,DEMDUX__ligand141-0
557,DEMDUX__ligand3144-0
558,DEMDUX__ligand5085-0
559,DEMDUX__ligand6112-0
560,DEMDUX__ligand8042-0
561,DEMDUX__ligand1397-0
562,DEMDUX__ligand7213-0
563,DEMDUX__ligand1828-0
564,DEMDUX__ligand29214-0
565,DEMDUX__ligand11544-0
566,DEMDUX__ligand11501-0
567,DEMDUX__ligand693-0
568,DEMDUX__ligand1288-0
569,DEMDUX__ligand21448-0
570,DEMDUX__ligand4167-0
571,DEMDUX__ligand22357-0
572,DEMDUX__ligand11758-0
573,DEMDUX__ligand9491-0
574,DEMDUX__ligand1400-0
575,DEMDUX__ligand4266-0
576,DEMDUX__ligand12413-0
577,DEMDUX__ligand29334-0
578,DEMDUX__ligand9750-0
579,DEMDUX__ligand20731-0
580,DEMDUX__ligand1817-0
581,DEMDUX__ligand6993-0
582,DEMDUX__ligand11798-0
583,DEMDUX__ligand1779-0
584,DEMDUX__ligand1149-0
585,DEMDUX__ligand17069-0
586,DEMDUX__ligand3557-0
587,DEMDUX__ligand3980-0
588,DEMDUX__ligand14477-0
589,DEMDUX__ligand17445-0
590,DEMDUX__ligand7075-0
591,DEMDUX__ligand20942-1
592,DEMDUX__ligand16956-0
593,DEMDUX__ligand21339-0
594,DEMDUX__ligand14226-0
595,DEMDUX__ligand3042-0
596,DEMDUX__ligand29565-0
597,DEMDUX__ligand23682-0
598,DEMDUX__ligand18158-0
599,DEMDUX__ligand4063-0
600,DEMDUX__ligand27771-0
601,DEMDUX__ligand8200-0
602,DEMDUX__ligand7438-0
603,DEMDUX__ligand1150-0
604,DEMDUX__ligand18019-1
605,DEMDUX__ligand122-0
606,DEMDUX__ligand1539-0
607,DEMDUX__ligand14007-0
608,DEMDUX__ligand4207-0
609,DEMDUX__ligand757-0
610,DEMDUX__ligand27550-0
611,DEMDUX__ligand3416-0
612,DEMDUX__ligand3453-0
613,DEMDUX__ligand18-0
614,DEMDUX__ligand24035-0
615,DEMDUX__ligand7762-0
616,DEMDUX__ligand5080-0
617,DEMDUX__ligand694-0
618,DEMDUX__ligand31842-0
619,DEMDUX__ligand31044-0
620,DEMDUX__ligand11994-0
621,DEMDUX__ligand16663-0
622,DEMDUX__ligand358-0
623,DEMDUX__ligand430-0
624,DEMDUX__ligand6117-0
625,DEMDUX__ligand14614-0
626,DEMDUX__ligand1407-0
627,DEMDUX__ligand488-0
628,DEMDUX__ligand5509-0
629,DEMDUX__ligand8002-0
630,DEMDUX__ligand16988-0
631,DEMDUX__ligand25913-0
632,DEMDUX__ligand2822-0
633,DEMDUX__ligand7293-0
634,DEMDUX__ligand1317-0
635,DEMDUX__ligand3867-0
636,DEMDUX__ligand43-0
637,DEMDUX__ligand11682-0
638,DEMDUX__ligand20207-0
639,DEMDUX__ligand30711-0
640,DEMDUX__ligand2238-0
641,DEMDUX__ligand5304-0
642,DEMDUX__ligand9167-0
643,DEMDUX__ligand67-0
644,DEMDUX__ligand28810-0
645,DEMDUX__ligand11096-0
646,DEMDUX__ligand11447-0
647,DEMDUX__ligand24230-0
648,DEMDUX__ligand15926-0
649,DEMDUX__ligand5510-0
650,DEMDUX__ligand1376-0
651,DEMDUX__ligand9773-0
652,DEMDUX__ligand19792-0
653,DEMDUX__ligand10828-0
654,DEMDUX__ligand670-0
655,DEMDUX__ligand5099-0
656,DEMDUX__ligand8592-0
657,DEMDUX__ligand11970-0
658,DEMDUX__ligand1197-0
659,DEMDUX__ligand571-0
660,DEMDUX__ligand2259-0
661,DEMDUX__ligand534-0
662,DEMDUX__ligand15883-0
663,DEMDUX__ligand1296-0
664,DEMDUX__ligand2221-0
665,DEMDUX__ligand28930-0
666,DEMDUX__ligand22168-0
667,DEMDUX__ligand22294-0
668,DEMDUX__ligand21919-0
669,DEMDUX__ligand3120-0
670,DEMDUX__ligand3926-0
671,DEMDUX__ligand4358-0
672,DEMDUX__ligand10056-0
673,DEMDUX__ligand12365-0
674,DEMDUX__ligand11357-0
675,DEMDUX__ligand13862-0
676,DEMDUX__ligand4101-0
677,DEMDUX__ligand15531-0
678,DEMDUX__ligand5595-0
679,DEMDUX__ligand28743-0
680,DEMDUX__ligand162-0
681,DEMDUX__ligand23197-0
682,DEMDUX__ligand1211-0
683,DEMDUX__ligand226-0
684,DEMDUX__ligand6892-0
685,DEMDUX__ligand2881-0
686,DEMDUX__ligand27285-0
687,DEMDUX__ligand416-0
688,DEMDUX__ligand1499-0
689,DEMDUX__ligand29029-0
690,DEMDUX__ligand3712-0
691,DEMDUX__ligand1464-0
692,DEMDUX__ligand383-0
693,DEMDUX__ligand13477-0
694,DEMDUX__ligand14167-0
695,DEMDUX__ligand6699-0
696,DEMDUX__ligand30142-0
697,DEMDUX__ligand27669-0
698,DEMDUX__ligand1294-0
699,DEMDUX__ligand1168-0
700,DEMDUX__ligand3632-0
701,DEMDUX__ligand3677-0
702,DEMDUX__ligand9883-0
703,DEMDUX__ligand3677-1
704,DEMDUX__ligand18448-0
705,DEMDUX__ligand7291-0
706,DEMDUX__ligand12453-0
707,DEMDUX__ligand28459-0
708,DEMDUX__ligand19184-0
709,DEMDUX__ligand656-0
710,DEMDUX__ligand9299-0
711,DEMDUX__ligand2985-0
712,DEMDUX__ligand4007-0
713,DEMDUX__ligand13672-0
714,DEMDUX__ligand2693-0
715,DEMDUX__ligand5383-0
716,DEMDUX__ligand696-0
717,DEMDUX__ligand3945-0
718,DEMDUX__ligand28685-0
719,DEMDUX__ligand18568-0
720,DEMDUX__ligand8000-0
721,DEMDUX__ligand3736-0
722,DEMDUX__ligand9344-0
723,DEMDUX__ligand10371-0
724,DEMDUX__ligand1599-0
725,DEMDUX__ligand20695-0
726,DEMDUX__ligand27754-0
727,DEMDUX__ligand16369-0
728,DEMDUX__ligand28540-0
729,DEMDUX__ligand2612-0
730,DEMDUX__ligand11111-0
731,DEMDUX__ligand22403-0
732,DEMDUX__ligand45-0
733,DEMDUX__ligand9450-0
734,DEMDUX__ligand326-0
735,DEMDUX__ligand436-0
736,DEMDUX__ligand78-0
737,DEMDUX__ligand16148-0
738,DEMDUX__ligand26631-0
739,DEMDUX__ligand12003-0
740,DEMDUX__ligand21399-0
741,DEMDUX__ligand10872-0
742,DEMDUX__ligand29215-0
743,DEMDUX__ligand2203-0
744,DEMDUX__ligand5387-0
745,DEMDUX__ligand692-0
746,DEMDUX__ligand1289-0
747,DEMDUX__ligand21729-0
748,DEMDUX__ligand27239-0
749,DEMDUX__ligand2417-0
750,DEMDUX__ligand19-0
751,DEMDUX__ligand19927-0
752,DEMDUX__ligand1114-0
753,DEMDUX__ligand28559-0
754,DEMDUX__ligand26324-0
755,DEMDUX__ligand9284-0
756,DEMDUX__ligand3126-0
757,DEMDUX__ligand14043-0
758,DEMDUX__ligand6391-0
759,DEMDUX__ligand9943-0
760,DEMDUX__ligand1228-0
761,DEMDUX__ligand11618-0
762,DEMDUX__ligand633-0
763,DEMDUX__ligand1604-0
764,DEMDUX__ligand24-0
765,DEMDUX__ligand8788-0
766,DEMDUX__ligand1832-0
767,DEMDUX__ligand497-0
768,DEMDUX__ligand2043-0
769,DEMDUX__ligand26529-0
770,DEMDUX__ligand5708-0
771,DEMDUX__ligand7316-0
772,DEMDUX__ligand17427-0
773,DEMDUX__ligand588-0
774,DEMDUX__ligand6017-0
775,DEMDUX__ligand5180-0
776,DEMDUX__ligand31694-0
777,DEMDUX__ligand29486-0
778,DEMDUX__ligand300-0
779,DEMDUX__ligand25561-0
780,DEMDUX__ligand9323-0
781,DEMDUX__ligand7273-0
782,DEMDUX__ligand7172-0
783,DEMDUX__ligand2124-0
784,DEMDUX__ligand8612-0
785,DEMDUX__ligand11949-0
786,DEMDUX__ligand1153-0
787,DEMDUX__ligand3225-0
788,DEMDUX__ligand1116-0
789,DEMDUX__ligand22129-0
790,DEMDUX__ligand7092-0
791,DEMDUX__ligand199-0
792,DEMDUX__ligand2260-0
793,DEMDUX__ligand12138-0
794,DEMDUX__ligand24780-0
795,DEMDUX__ligand10033-0
796,DEMDUX__ligand24644-0
797,DEMDUX__ligand12001-0
798,DEMDUX__ligand8793-0
799,DEMDUX__ligand2788-0
800,DEMDUX__ligand5649-0
801,DEMDUX__ligand4649-0
802,DEMDUX__ligand27840-0
803,DEMDUX__ligand4711-0
804,DEMDUX__ligand3244-0
805,DEMDUX__ligand30728-0
806,DEMDUX__ligand24872-0
807,DEMDUX__ligand2906-0
808,DEMDUX__ligand13220-0
809,DEMDUX__ligand11587-0
810,DEMDUX__ligand3178-0
811,DEMDUX__ligand17396-0
812,DEMDUX__ligand4807-0
813,DEMDUX__ligand23175-0
814,DEMDUX__ligand15788-0
815,DEMDUX__ligand14569-0
816,DEMDUX__ligand324-0
817,DEMDUX__ligand361-0
818,DEMDUX__ligand5159-0
819,DEMDUX__ligand409-0
820,DEMDUX__ligand7196-0
821,DEMDUX__ligand13385-0
822,DEMDUX__ligand9753-0
823,DEMDUX__ligand24111-0
824,DEMDUX__ligand22444-0
825,DEMDUX__ligand5530-0
826,DEMDUX__ligand1356-0
827,DEMDUX__ligand1787-0
