,TMC
0,SEJLID__ligand1788-0
1,SEJLID__ligand1-0
2,SEJLID__ligand126-0
3,SEJLID__ligand1178-0
4,SEJLID__ligand3566-0
5,SEJLID__ligand1321-0
6,SEJLID__ligand1449-1
7,SEJLID__ligand4811-0
8,SEJLID__ligand596-0
9,SEJLID__ligand89-0
10,SEJLID__ligand7514-0
11,SEJLID__ligand3337-0
12,SEJLID__ligand49-0
13,SEJLID__ligand366-0
14,SEJLID__ligand861-0
15,SEJLID__ligand9620-0
16,SEJLID__ligand612-0
17,SEJLID__ligand1260-0
18,SEJLID__ligand4894-0
19,SEJLID__ligand187-0
20,SEJLID__ligand321-0
21,SEJLID__ligand279-0
22,SEJLID__ligand178-0
23,SEJLID__ligand100-0
24,SEJLID__ligand244-0
25,SEJLID__ligand201-0
26,SEJLID__ligand1307-0
27,SEJLID__ligand124-0
28,SEJLID__ligand2599-0
29,SEJLID__ligand5089-0
30,SEJLID__ligand2853-0
31,SEJLID__ligand3853-0
32,SEJLID__ligand17-0
33,SEJLID__ligand6166-0
34,SEJLID__ligand92-0
35,SEJLID__ligand119-0
36,SEJLID__ligand1246-0
37,SEJLID__ligand3-0
38,SEJLID__ligand2315-0
39,SEJLID__ligand1898-0
40,SEJLID__ligand384-0
41,SEJLID__ligand2480-0
42,SEJLID__ligand3051-0
43,SEJLID__ligand4504-0
44,SEJLID__ligand5334-0
45,SEJLID__ligand120-0
46,SEJLID__ligand10479-0
47,SEJLID__ligand8032-0
48,SEJLID__ligand1858-0
49,SEJLID__ligand2110-0
50,SEJLID__ligand2916-0
51,SEJLID__ligand3579-0
52,SEJLID__ligand1712-0
53,SEJLID__ligand2389-0
54,SEJLID__ligand10114-0
55,SEJLID__ligand240-0
56,SEJLID__ligand1919-0
57,SEJLID__ligand141-0
58,SEJLID__ligand2376-0
59,SEJLID__ligand10910-0
60,SEJLID__ligand2929-0
61,SEJLID__ligand1299-0
62,SEJLID__ligand6430-0
63,SEJLID__ligand1264-0
64,SEJLID__ligand1221-0
65,SEJLID__ligand1379-0
66,SEJLID__ligand14530-0
67,SEJLID__ligand1104-0
68,SEJLID__ligand5762-0
69,SEJLID__ligand7414-0
70,SEJLID__ligand1019-0
71,SEJLID__ligand797-0
72,SEJLID__ligand2442-0
73,SEJLID__ligand2482-0
74,SEJLID__ligand1325-0
75,SEJLID__ligand757-0
76,SEJLID__ligand6571-0
77,SEJLID__ligand11-0
78,SEJLID__ligand1493-0
79,SEJLID__ligand358-0
80,SEJLID__ligand32-0
81,SEJLID__ligand430-0
82,SEJLID__ligand3035-0
83,SEJLID__ligand3070-0
84,SEJLID__ligand2718-0
85,SEJLID__ligand9176-0
86,SEJLID__ligand669-0
87,SEJLID__ligand3251-0
88,SEJLID__ligand278-0
89,SEJLID__ligand6143-0
90,SEJLID__ligand5235-0
91,SEJLID__ligand365-0
92,SEJLID__ligand4619-0
93,SEJLID__ligand670-0
94,SEJLID__ligand118-0
95,SEJLID__ligand571-0
96,SEJLID__ligand7456-0
97,SEJLID__ligand1818-0
98,SEJLID__ligand3852-0
99,SEJLID__ligand3478-0
100,SEJLID__ligand509-0
101,SEJLID__ligand5758-0
102,SEJLID__ligand51-0
103,SEJLID__ligand7630-0
104,SEJLID__ligand383-0
105,SEJLID__ligand162-0
106,SEJLID__ligand1555-0
107,SEJLID__ligand226-0
108,SEJLID__ligand1285-0
109,SEJLID__ligand1907-0
110,SEJLID__ligand4423-0
111,SEJLID__ligand91-0
112,SEJLID__ligand3890-0
113,SEJLID__ligand29-0
114,SEJLID__ligand5093-0
115,SEJLID__ligand2954-0
116,SEJLID__ligand1160-0
117,SEJLID__ligand2253-0
118,SEJLID__ligand48-0
119,SEJLID__ligand1038-0
120,SEJLID__ligand2762-0
121,SEJLID__ligand7550-0
122,SEJLID__ligand821-0
123,SEJLID__ligand326-0
124,SEJLID__ligand553-0
125,SEJLID__ligand283-0
126,SEJLID__ligand2915-0
127,SEJLID__ligand142-0
128,SEJLID__ligand3196-0
129,SEJLID__ligand4012-0
130,SEJLID__ligand206-0
131,SEJLID__ligand34-0
132,SEJLID__ligand436-0
133,SEJLID__ligand2526-0
134,SEJLID__ligand166-0
135,SEJLID__ligand1551-0
136,SEJLID__ligand838-0
137,SEJLID__ligand55-0
138,SEJLID__ligand497-0
139,SEJLID__ligand95-0
140,SEJLID__ligand2707-0
141,SEJLID__ligand918-0
142,SEJLID__ligand1690-0
143,SEJLID__ligand10357-0
144,SEJLID__ligand633-0
145,SEJLID__ligand15630-0
146,SEJLID__ligand4-0
147,SEJLID__ligand532-0
148,SEJLID__ligand1436-0
149,SEJLID__ligand6-0
150,SEJLID__ligand575-0
151,SEJLID__ligand2618-0
152,SEJLID__ligand3618-0
153,SEJLID__ligand4370-0
154,SEJLID__ligand927-0
155,SEJLID__ligand199-0
156,SEJLID__ligand57-0
157,SEJLID__ligand1918-0
158,SEJLID__ligand105-0
159,SEJLID__ligand140-0
160,SEJLID__ligand73-0
161,SEJLID__ligand361-0
162,SEJLID__ligand324-0
163,SEJLID__ligand409-0
164,SEJLID__ligand4175-0
165,SEJLID__ligand2255-0
166,SEJLID__ligand2768-0
167,SEJLID__ligand390-0
168,SEJLID__ligand1376-0
169,SEJLID__ligand932-0
170,SEJLID__ligand134-0
171,SEJLID__ligand2688-0
172,SEJLID__ligand2259-0
173,SEJLID__ligand235-0
174,SEJLID__ligand560-0
175,SEJLID__ligand525-0
176,SEJLID__ligand1951-0
177,SEJLID__ligand109-0
178,SEJLID__ligand1687-0
179,SEJLID__ligand6277-0
180,SEJLID__ligand294-0
181,SEJLID__ligand2629-0
182,SEJLID__ligand4381-0
183,SEJLID__ligand993-0
184,SEJLID__ligand331-0
185,SEJLID__ligand1706-0
186,SEJLID__ligand3734-0
187,SEJLID__ligand798-0
188,SEJLID__ligand66-0
189,SEJLID__ligand421-0
190,SEJLID__ligand11730-0
191,SEJLID__ligand584-0
192,SEJLID__ligand916-0
193,SEJLID__ligand21-0
194,SEJLID__ligand1438-0
195,SEJLID__ligand3063-0
196,SEJLID__ligand112-0
197,SEJLID__ligand8-0
198,SEJLID__ligand5801-0
199,SEJLID__ligand197-0
200,SEJLID__ligand1171-0
201,SEJLID__ligand296-0
202,SEJLID__ligand1685-0
203,SEJLID__ligand1048-0
204,SEJLID__ligand352-0
205,SEJLID__ligand783-0
206,SEJLID__ligand2087-0
207,SEJLID__ligand38-0
208,SEJLID__ligand3757-0
209,SEJLID__ligand868-0
210,SEJLID__ligand1459-0
211,SEJLID__ligand40-0
212,SEJLID__ligand442-0
213,SEJLID__ligand136-0
214,SEJLID__ligand1544-0
215,SEJLID__ligand851-0
216,SEJLID__ligand1114-0
217,SEJLID__ligand909-0
218,SEJLID__ligand1538-0
219,SEJLID__ligand1228-0
220,SEJLID__ligand177-0
221,SEJLID__ligand934-0
222,SEJLID__ligand9244-0
223,SEJLID__ligand252-0
224,SEJLID__ligand1148-0
225,SEJLID__ligand955-0
226,SEJLID__ligand1479-0
227,SEJLID__ligand18-0
228,SEJLID__ligand830-0
229,SEJLID__ligand193-0
230,SEJLID__ligand3246-0
231,SEJLID__ligand5548-0
232,SEJLID__ligand7915-0
233,SEJLID__ligand370-0
234,SEJLID__ligand6686-0
235,SEJLID__ligand1747-0
236,SEJLID__ligand3145-0
237,SEJLID__ligand3178-0
238,SEJLID__ligand250-0
239,SEJLID__ligand6332-0
240,SEJLID__ligand6502-0
241,SEJLID__ligand2098-0
242,SEJLID__ligand62-0
243,SEJLID__ligand460-0
244,SEJLID__ligand2863-0
245,SEJLID__ligand188-0
246,SEJLID__ligand1542-0
247,SEJLID__ligand2634-0
248,SEJLID__ligand3041-0
249,SEJLID__ligand444-0
250,SEJLID__ligand369-0
251,SEJLID__ligand311-0
252,SEJLID__ligand2751-0
253,SEJLID__ligand86-0
254,SEJLID__ligand2772-0
255,SEJLID__ligand6151-0
256,SEJLID__ligand9495-0
257,SEJLID__ligand6538-0
258,SEJLID__ligand502-0
259,SEJLID__ligand196-0
260,SEJLID__ligand2142-0
261,SEJLID__ligand113-0
262,SEJLID__ligand422-0
263,SEJLID__ligand2864-0
264,SEJLID__ligand1169-0
265,SEJLID__ligand236-0
266,SEJLID__ligand5022-0
267,SEJLID__ligand353-0
268,SEJLID__ligand5941-0
269,SEJLID__ligand2880-0
270,SEJLID__ligand3838-0
271,SEJLID__ligand1799-0
272,SEJLID__ligand2838-0
273,SEJLID__ligand9027-0
274,SEJLID__ligand481-0
275,SEJLID__ligand314-0
276,SEJLID__ligand2265-0
277,SEJLID__ligand1113-0
278,SEJLID__ligand6396-0
279,SEJLID__ligand1502-0
280,SEJLID__ligand170-0
281,SEJLID__ligand1835-0
282,SEJLID__ligand2345-0
283,SEJLID__ligand2794-0
284,SEJLID__ligand391-0
285,SEJLID__ligand4983-0
286,SEJLID__ligand210-0
287,SEJLID__ligand1052-0
288,SEJLID__ligand67-0
289,SEJLID__ligand1273-0
290,SEJLID__ligand1056-0
291,SEJLID__ligand2320-0
292,SEJLID__ligand2862-0
293,SEJLID__ligand8921-0
294,SEJLID__ligand115-0
295,SEJLID__ligand1567-0
296,SEJLID__ligand2285-0
297,SEJLID__ligand2510-0
298,SEJLID__ligand2907-0
299,SEJLID__ligand291-0
300,SEJLID__ligand2430-0
301,SEJLID__ligand1703-0
302,SEJLID__ligand1152-0
303,SEJLID__ligand1727-0
304,SEJLID__ligand355-0
305,SEJLID__ligand784-0
306,SEJLID__ligand485-0
307,SEJLID__ligand1607-0
308,SEJLID__ligand447-0
309,SEJLID__ligand45-0
310,SEJLID__ligand8774-0
311,SEJLID__ligand133-0
312,SEJLID__ligand3637-0
313,SEJLID__ligand522-0
314,SEJLID__ligand666-0
315,SEJLID__ligand487-0
316,SEJLID__ligand85-0
317,SEJLID__ligand78-0
318,SEJLID__ligand7464-0
319,SEJLID__ligand6294-0
320,SEJLID__ligand1054-0
321,SEJLID__ligand1598-0
322,SEJLID__ligand682-0
323,SEJLID__ligand4303-0
324,SEJLID__ligand1248-0
