,TMC
0,HINVIJ__ligand5813-0
1,HINVIJ__ligand25267-0
2,HINVIJ__ligand4813-0
3,HINVIJ__ligand10084-0
4,HINVIJ__ligand4738-0
5,HINVIJ__ligand6062-0
6,HINVIJ__ligand12467-0
7,HINVIJ__ligand13257-0
8,HINVIJ__ligand21936-0
9,HINVIJ__ligand6283-0
10,HINVIJ__ligand23904-0
11,HINVIJ__ligand783-0
12,HINVIJ__ligand352-0
13,HINVIJ__ligand27074-0
14,HINVIJ__ligand25805-0
15,HINVIJ__ligand22981-0
16,HINVIJ__ligand7107-0
17,HINVIJ__ligand20599-0
18,HINVIJ__ligand868-0
19,HINVIJ__ligand14523-0
20,HINVIJ__ligand27169-0
21,HINVIJ__ligand3215-0
22,HINVIJ__ligand18391-0
23,HINVIJ__ligand2068-0
24,HINVIJ__ligand16791-0
25,HINVIJ__ligand7925-0
26,HINVIJ__ligand28668-0
27,HINVIJ__ligand1147-0
28,HINVIJ__ligand3973-0
29,HINVIJ__ligand18465-0
30,HINVIJ__ligand18799-0
31,HINVIJ__ligand2599-0
32,HINVIJ__ligand4330-0
33,HINVIJ__ligand29863-0
34,HINVIJ__ligand13869-0
35,HINVIJ__ligand197-0
36,HINVIJ__ligand18074-0
37,HINVIJ__ligand7532-0
38,HINVIJ__ligand29610-0
39,HINVIJ__ligand4194-0
40,HINVIJ__ligand18-0
41,HINVIJ__ligand11140-0
42,HINVIJ__ligand9681-0
43,HINVIJ__ligand4332-0
44,HINVIJ__ligand294-0
45,HINVIJ__ligand1449-0
46,HINVIJ__ligand12519-0
47,HINVIJ__ligand25735-0
48,HINVIJ__ligand3012-0
49,HINVIJ__ligand11206-0
50,HINVIJ__ligand7530-0
51,HINVIJ__ligand23124-0
52,HINVIJ__ligand1065-0
53,HINVIJ__ligand421-0
54,HINVIJ__ligand2403-0
55,HINVIJ__ligand12660-0
56,HINVIJ__ligand19257-0
57,HINVIJ__ligand13209-0
58,HINVIJ__ligand31248-0
59,HINVIJ__ligand25650-0
60,HINVIJ__ligand3934-0
61,HINVIJ__ligand6455-0
62,HINVIJ__ligand685-0
63,HINVIJ__ligand6882-0
64,HINVIJ__ligand1415-0
65,HINVIJ__ligand6946-0
66,HINVIJ__ligand7529-0
67,HINVIJ__ligand12295-0
68,HINVIJ__ligand27835-0
69,HINVIJ__ligand235-0
70,HINVIJ__ligand25575-0
71,HINVIJ__ligand21787-0
72,HINVIJ__ligand25689-0
73,HINVIJ__ligand134-0
74,HINVIJ__ligand9148-0
75,HINVIJ__ligand30539-0
76,HINVIJ__ligand5316-0
77,HINVIJ__ligand5483-0
78,HINVIJ__ligand560-0
79,HINVIJ__ligand23906-0
80,HINVIJ__ligand5627-0
81,HINVIJ__ligand1729-0
82,HINVIJ__ligand2830-0
83,HINVIJ__ligand21132-0
84,HINVIJ__ligand11166-0
85,HINVIJ__ligand3157-0
86,HINVIJ__ligand29087-0
87,HINVIJ__ligand18703-0
88,HINVIJ__ligand1165-0
89,HINVIJ__ligand9525-0
90,HINVIJ__ligand188-0
91,HINVIJ__ligand28924-0
92,HINVIJ__ligand15438-0
93,HINVIJ__ligand5935-0
94,HINVIJ__ligand1379-0
95,HINVIJ__ligand42-0
96,HINVIJ__ligand2722-0
97,HINVIJ__ligand24750-0
98,HINVIJ__ligand3871-0
99,HINVIJ__ligand1469-0
100,HINVIJ__ligand785-0
101,HINVIJ__ligand311-0
102,HINVIJ__ligand1768-0
103,HINVIJ__ligand479-0
104,HINVIJ__ligand17945-0
105,HINVIJ__ligand5056-0
106,HINVIJ__ligand18013-0
107,HINVIJ__ligand25224-0
108,HINVIJ__ligand4850-0
109,HINVIJ__ligand564-0
110,HINVIJ__ligand370-1
111,HINVIJ__ligand1688-0
112,HINVIJ__ligand17207-0
113,HINVIJ__ligand31578-0
114,HINVIJ__ligand5357-0
115,HINVIJ__ligand620-0
116,HINVIJ__ligand3647-0
117,HINVIJ__ligand1709-0
118,HINVIJ__ligand8464-0
119,HINVIJ__ligand8349-0
120,HINVIJ__ligand370-0
121,HINVIJ__ligand26277-0
122,HINVIJ__ligand29898-0
123,HINVIJ__ligand2527-0
124,HINVIJ__ligand22755-0
125,HINVIJ__ligand10432-0
126,HINVIJ__ligand31618-0
127,HINVIJ__ligand11432-0
128,HINVIJ__ligand5849-0
129,HINVIJ__ligand250-0
130,HINVIJ__ligand15168-0
131,HINVIJ__ligand3392-0
132,HINVIJ__ligand66-0
133,HINVIJ__ligand24064-0
134,HINVIJ__ligand4911-0
135,HINVIJ__ligand1771-0
136,HINVIJ__ligand23589-0
137,HINVIJ__ligand116-0
138,HINVIJ__ligand24613-0
139,HINVIJ__ligand1900-0
140,HINVIJ__ligand252-0
141,HINVIJ__ligand19725-0
142,HINVIJ__ligand9197-0
143,HINVIJ__ligand2328-0
144,HINVIJ__ligand10555-0
145,HINVIJ__ligand4581-0
146,HINVIJ__ligand1773-0
147,HINVIJ__ligand31483-0
148,HINVIJ__ligand3029-0
149,HINVIJ__ligand7162-0
150,HINVIJ__ligand1327-0
151,HINVIJ__ligand830-0
152,HINVIJ__ligand6672-0
153,HINVIJ__ligand9809-0
154,HINVIJ__ligand8722-0
155,HINVIJ__ligand11568-0
156,HINVIJ__ligand2781-0
157,HINVIJ__ligand7573-0
158,HINVIJ__ligand3350-0
159,HINVIJ__ligand372-0
160,HINVIJ__ligand20579-0
161,HINVIJ__ligand17710-0
162,HINVIJ__ligand3208-0
163,HINVIJ__ligand2208-0
164,HINVIJ__ligand21421-0
165,HINVIJ__ligand193-0
166,HINVIJ__ligand11774-0
167,HINVIJ__ligand14586-0
168,HINVIJ__ligand7557-0
169,HINVIJ__ligand1496-0
170,HINVIJ__ligand12682-0
171,HINVIJ__ligand38-0
172,HINVIJ__ligand18699-0
173,HINVIJ__ligand1533-0
174,HINVIJ__ligand909-0
175,HINVIJ__ligand17240-0
176,HINVIJ__ligand17590-0
177,HINVIJ__ligand13072-0
178,HINVIJ__ligand12336-0
179,HINVIJ__ligand177-0
180,HINVIJ__ligand5892-0
181,HINVIJ__ligand5094-0
182,HINVIJ__ligand1712-0
183,HINVIJ__ligand4131-0
184,HINVIJ__ligand9291-0
185,HINVIJ__ligand2176-0
186,HINVIJ__ligand2232-0
187,HINVIJ__ligand27482-0
188,HINVIJ__ligand465-0
189,HINVIJ__ligand4157-0
190,HINVIJ__ligand26810-0
191,HINVIJ__ligand5256-0
192,HINVIJ__ligand13208-0
193,HINVIJ__ligand2828-0
194,HINVIJ__ligand8876-0
195,HINVIJ__ligand7648-0
196,HINVIJ__ligand9833-0
197,HINVIJ__ligand4503-0
198,HINVIJ__ligand4546-0
199,HINVIJ__ligand20682-0
200,HINVIJ__ligand1285-0
201,HINVIJ__ligand13390-0
202,HINVIJ__ligand7000-0
203,HINVIJ__ligand1982-0
204,HINVIJ__ligand314-1
205,HINVIJ__ligand6768-0
206,HINVIJ__ligand8115-0
207,HINVIJ__ligand314-0
208,HINVIJ__ligand25411-0
209,HINVIJ__ligand780-0
210,HINVIJ__ligand7238-0
211,HINVIJ__ligand8-0
212,HINVIJ__ligand7280-0
213,HINVIJ__ligand1790-0
214,HINVIJ__ligand813-0
215,HINVIJ__ligand1304-0
216,HINVIJ__ligand10712-0
217,HINVIJ__ligand6709-0
218,HINVIJ__ligand1219-0
219,HINVIJ__ligand14174-0
220,HINVIJ__ligand7867-0
221,HINVIJ__ligand11456-0
222,HINVIJ__ligand4016-0
223,HINVIJ__ligand1160-0
224,HINVIJ__ligand29879-0
225,HINVIJ__ligand14248-0
226,HINVIJ__ligand8699-0
227,HINVIJ__ligand12030-0
228,HINVIJ__ligand9520-0
229,HINVIJ__ligand4442-0
230,HINVIJ__ligand4093-0
231,HINVIJ__ligand3954-0
232,HINVIJ__ligand13331-0
233,HINVIJ__ligand618-0
234,HINVIJ__ligand28884-0
235,HINVIJ__ligand7629-0
236,HINVIJ__ligand1451-0
237,HINVIJ__ligand4272-0
238,HINVIJ__ligand391-0
239,HINVIJ__ligand13294-0
240,HINVIJ__ligand9784-0
241,HINVIJ__ligand31832-0
242,HINVIJ__ligand29414-0
243,HINVIJ__ligand17982-0
244,HINVIJ__ligand20011-0
245,HINVIJ__ligand17278-0
246,HINVIJ__ligand1263-0
247,HINVIJ__ligand9908-0
248,HINVIJ__ligand17398-0
249,HINVIJ__ligand7242-0
250,HINVIJ__ligand45-0
251,HINVIJ__ligand22557-0
252,HINVIJ__ligand393-0
253,HINVIJ__ligand10589-0
254,HINVIJ__ligand7106-0
255,HINVIJ__ligand24047-0
256,HINVIJ__ligand11675-0
257,HINVIJ__ligand20598-0
258,HINVIJ__ligand78-0
259,HINVIJ__ligand3718-0
260,HINVIJ__ligand16475-0
261,HINVIJ__ligand14703-0
262,HINVIJ__ligand3035-0
263,HINVIJ__ligand3876-0
264,HINVIJ__ligand1343-0
265,HINVIJ__ligand6616-0
266,HINVIJ__ligand4661-0
267,HINVIJ__ligand353-0
268,HINVIJ__ligand1844-0
269,HINVIJ__ligand3504-0
270,HINVIJ__ligand1959-0
271,HINVIJ__ligand1536-0
272,HINVIJ__ligand1573-0
273,HINVIJ__ligand20251-1
274,HINVIJ__ligand9935-0
275,HINVIJ__ligand20251-0
276,HINVIJ__ligand30702-0
277,HINVIJ__ligand20214-0
278,HINVIJ__ligand20539-0
279,HINVIJ__ligand21581-0
280,HINVIJ__ligand31097-0
281,HINVIJ__ligand2485-0
282,HINVIJ__ligand3852-0
283,HINVIJ__ligand19-0
284,HINVIJ__ligand6919-0
285,HINVIJ__ligand17261-0
286,HINVIJ__ligand14117-0
287,HINVIJ__ligand5331-0
288,HINVIJ__ligand1512-0
289,HINVIJ__ligand196-0
290,HINVIJ__ligand3565-0
291,HINVIJ__ligand686-0
292,HINVIJ__ligand17118-0
293,HINVIJ__ligand4720-0
294,HINVIJ__ligand21371-0
295,HINVIJ__ligand20419-0
296,HINVIJ__ligand1202-0
297,HINVIJ__ligand3937-0
298,HINVIJ__ligand3174-0
299,HINVIJ__ligand3131-0
300,HINVIJ__ligand28789-0
301,HINVIJ__ligand8969-0
302,HINVIJ__ligand6839-0
303,HINVIJ__ligand24-0
304,HINVIJ__ligand29568-0
305,HINVIJ__ligand5211-0
306,HINVIJ__ligand422-0
307,HINVIJ__ligand3094-0
308,HINVIJ__ligand30851-0
309,HINVIJ__ligand4155-0
310,HINVIJ__ligand14889-0
311,HINVIJ__ligand23713-0
312,HINVIJ__ligand18832-0
313,HINVIJ__ligand27175-0
314,HINVIJ__ligand506-0
315,HINVIJ__ligand30988-0
316,HINVIJ__ligand27893-0
317,HINVIJ__ligand14723-0
318,HINVIJ__ligand19641-0
319,HINVIJ__ligand4641-0
320,HINVIJ__ligand15422-0
321,HINVIJ__ligand12934-0
322,HINVIJ__ligand20578-0
323,HINVIJ__ligand2028-0
324,HINVIJ__ligand8835-0
325,HINVIJ__ligand31783-0
326,HINVIJ__ligand7126-0
327,HINVIJ__ligand152-0
328,HINVIJ__ligand17258-0
329,HINVIJ__ligand14297-0
330,HINVIJ__ligand14603-0
331,HINVIJ__ligand3234-0
332,HINVIJ__ligand1142-0
333,HINVIJ__ligand26665-0
334,HINVIJ__ligand13012-0
335,HINVIJ__ligand17631-0
336,HINVIJ__ligand6904-0
337,HINVIJ__ligand3721-0
338,HINVIJ__ligand6596-0
339,HINVIJ__ligand746-0
340,HINVIJ__ligand6102-0
341,HINVIJ__ligand30333-0
342,HINVIJ__ligand3465-0
343,HINVIJ__ligand447-0
344,HINVIJ__ligand12606-0
345,HINVIJ__ligand17281-0
346,HINVIJ__ligand30296-0
347,HINVIJ__ligand7819-0
348,HINVIJ__ligand29410-0
349,HINVIJ__ligand12337-0
350,HINVIJ__ligand176-0
351,HINVIJ__ligand2917-0
352,HINVIJ__ligand26540-0
353,HINVIJ__ligand2295-0
354,HINVIJ__ligand20740-0
355,HINVIJ__ligand6067-0
356,HINVIJ__ligand1577-0
357,HINVIJ__ligand28468-0
358,HINVIJ__ligand12427-0
359,HINVIJ__ligand16628-0
360,HINVIJ__ligand4620-0
361,HINVIJ__ligand27460-0
362,HINVIJ__ligand487-0
363,HINVIJ__ligand19057-0
364,HINVIJ__ligand18814-0
365,HINVIJ__ligand1631-0
366,HINVIJ__ligand9933-0
367,HINVIJ__ligand13425-0
368,HINVIJ__ligand29302-0
369,HINVIJ__ligand1530-0
370,HINVIJ__ligand1575-0
371,HINVIJ__ligand2332-0
372,HINVIJ__ligand27763-0
373,HINVIJ__ligand784-0
374,HINVIJ__ligand10262-0
375,HINVIJ__ligand28676-0
376,HINVIJ__ligand9441-0
377,HINVIJ__ligand368-0
378,HINVIJ__ligand12641-0
379,HINVIJ__ligand6244-0
380,HINVIJ__ligand1378-0
381,HINVIJ__ligand10958-0
382,HINVIJ__ligand43-0
383,HINVIJ__ligand395-0
384,HINVIJ__ligand3156-0
385,HINVIJ__ligand2915-0
386,HINVIJ__ligand14108-0
387,HINVIJ__ligand3707-0
388,HINVIJ__ligand67-0
389,HINVIJ__ligand6124-0
390,HINVIJ__ligand7967-0
391,HINVIJ__ligand17302-0
392,HINVIJ__ligand4116-0
393,HINVIJ__ligand17805-0
394,HINVIJ__ligand1018-0
395,HINVIJ__ligand8992-0
396,HINVIJ__ligand23769-0
397,HINVIJ__ligand24185-0
398,HINVIJ__ligand9601-0
399,HINVIJ__ligand25178-0
400,HINVIJ__ligand115-0
401,HINVIJ__ligand24145-0
402,HINVIJ__ligand15585-0
403,HINVIJ__ligand9111-0
404,HINVIJ__ligand9952-0
405,HINVIJ__ligand12401-0
406,HINVIJ__ligand19830-0
407,HINVIJ__ligand5036-0
408,HINVIJ__ligand13068-0
409,HINVIJ__ligand2526-0
410,HINVIJ__ligand1615-0
411,HINVIJ__ligand10476-0
412,HINVIJ__ligand12130-0
413,HINVIJ__ligand17387-0
414,HINVIJ__ligand13658-0
415,HINVIJ__ligand26702-0
416,HINVIJ__ligand5643-0
417,HINVIJ__ligand12289-0
418,HINVIJ__ligand1823-0
419,HINVIJ__ligand18292-0
420,HINVIJ__ligand12231-0
421,HINVIJ__ligand8721-0
422,HINVIJ__ligand833-0
423,HINVIJ__ligand1324-0
424,HINVIJ__ligand3945-0
425,HINVIJ__ligand10056-0
426,HINVIJ__ligand12365-0
427,HINVIJ__ligand2693-0
428,HINVIJ__ligand5383-0
429,HINVIJ__ligand15531-0
430,HINVIJ__ligand28743-0
431,HINVIJ__ligand11357-0
432,HINVIJ__ligand13862-0
433,HINVIJ__ligand338-0
434,HINVIJ__ligand9344-0
435,HINVIJ__ligand28930-0
436,HINVIJ__ligand22168-0
437,HINVIJ__ligand22294-0
438,HINVIJ__ligand21919-0
439,HINVIJ__ligand8000-0
440,HINVIJ__ligand3736-0
441,HINVIJ__ligand7291-0
442,HINVIJ__ligand11970-0
443,HINVIJ__ligand9883-0
444,HINVIJ__ligand3677-1
445,HINVIJ__ligand15883-0
446,HINVIJ__ligand11096-0
447,HINVIJ__ligand11447-0
448,HINVIJ__ligand28810-0
449,HINVIJ__ligand4007-0
450,HINVIJ__ligand24230-0
451,HINVIJ__ligand2985-0
452,HINVIJ__ligand15926-0
453,HINVIJ__ligand9299-0
454,HINVIJ__ligand10828-0
455,HINVIJ__ligand19792-0
456,HINVIJ__ligand11682-0
457,HINVIJ__ligand6699-0
458,HINVIJ__ligand30711-0
459,HINVIJ__ligand20207-0
460,HINVIJ__ligand321-0
461,HINVIJ__ligand3632-0
462,HINVIJ__ligand25913-0
463,HINVIJ__ligand3677-0
464,HINVIJ__ligand16988-0
465,HINVIJ__ligand178-0
466,HINVIJ__ligand1294-0
467,HINVIJ__ligand185-0
468,HINVIJ__ligand279-0
469,HINVIJ__ligand1168-0
470,HINVIJ__ligand16663-0
471,HINVIJ__ligand201-0
472,HINVIJ__ligand6892-0
473,HINVIJ__ligand14614-0
474,HINVIJ__ligand1211-0
475,HINVIJ__ligand24035-0
476,HINVIJ__ligand3712-0
477,HINVIJ__ligand1464-0
478,HINVIJ__ligand31842-0
479,HINVIJ__ligand31044-0
480,HINVIJ__ligand2881-0
481,HINVIJ__ligand1499-0
482,HINVIJ__ligand11994-0
483,HINVIJ__ligand3120-0
484,HINVIJ__ligand941-0
485,HINVIJ__ligand3926-0
486,HINVIJ__ligand596-0
487,HINVIJ__ligand4358-0
488,HINVIJ__ligand2221-0
489,HINVIJ__ligand10371-0
490,HINVIJ__ligand13672-0
491,HINVIJ__ligand5595-0
492,HINVIJ__ligand4101-0
493,HINVIJ__ligand28685-0
494,HINVIJ__ligand18568-0
495,HINVIJ__ligand777-0
496,HINVIJ__ligand1376-0
497,HINVIJ__ligand19184-0
498,HINVIJ__ligand5510-0
499,HINVIJ__ligand9773-0
500,HINVIJ__ligand366-0
501,HINVIJ__ligand2259-0
502,HINVIJ__ligand1296-0
503,HINVIJ__ligand187-0
504,HINVIJ__ligand5099-0
505,HINVIJ__ligand8592-0
506,HINVIJ__ligand18448-0
507,HINVIJ__ligand12453-0
508,HINVIJ__ligand28459-0
509,HINVIJ__ligand1197-0
510,HINVIJ__ligand657-0
511,HINVIJ__ligand69-0
512,HINVIJ__ligand1317-0
513,HINVIJ__ligand3867-0
514,HINVIJ__ligand845-0
515,HINVIJ__ligand2822-0
516,HINVIJ__ligand7293-0
517,HINVIJ__ligand5304-0
518,HINVIJ__ligand14167-0
519,HINVIJ__ligand13477-0
520,HINVIJ__ligand9167-0
521,HINVIJ__ligand30142-0
522,HINVIJ__ligand2238-0
523,HINVIJ__ligand27669-0
524,HINVIJ__ligand29029-0
525,HINVIJ__ligand27285-0
526,HINVIJ__ligand7762-0
527,HINVIJ__ligand5080-0
528,HINVIJ__ligand126-0
529,HINVIJ__ligand163-0
530,HINVIJ__ligand23197-0
531,HINVIJ__ligand6117-0
532,HINVIJ__ligand1407-0
533,HINVIJ__ligand11-0
534,HINVIJ__ligand5509-0
535,HINVIJ__ligand8002-0
536,HINVIJ__ligand4807-0
537,HINVIJ__ligand26529-0
538,HINVIJ__ligand3178-0
539,HINVIJ__ligand9753-0
540,HINVIJ__ligand1356-0
541,HINVIJ__ligand1787-0
542,HINVIJ__ligand5530-0
543,HINVIJ__ligand11618-0
544,HINVIJ__ligand5159-0
545,HINVIJ__ligand7196-0
546,HINVIJ__ligand19927-0
547,HINVIJ__ligand4649-0
548,HINVIJ__ligand8793-0
549,HINVIJ__ligand2788-0
550,HINVIJ__ligand5649-0
551,HINVIJ__ligand26324-0
552,HINVIJ__ligand757-0
553,HINVIJ__ligand28559-0
554,HINVIJ__ligand14043-0
555,HINVIJ__ligand27239-0
556,HINVIJ__ligand21729-0
557,HINVIJ__ligand2906-0
558,HINVIJ__ligand122-0
559,HINVIJ__ligand4711-0
560,HINVIJ__ligand3244-0
561,HINVIJ__ligand29215-0
562,HINVIJ__ligand7172-0
563,HINVIJ__ligand89-0
564,HINVIJ__ligand9323-0
565,HINVIJ__ligand7273-0
566,HINVIJ__ligand7092-0
567,HINVIJ__ligand26631-0
568,HINVIJ__ligand16148-0
569,HINVIJ__ligand2260-0
570,HINVIJ__ligand1153-0
571,HINVIJ__ligand3225-0
572,HINVIJ__ligand693-0
573,HINVIJ__ligand1116-0
574,HINVIJ__ligand12003-0
575,HINVIJ__ligand2124-0
576,HINVIJ__ligand10872-0
577,HINVIJ__ligand8612-0
578,HINVIJ__ligand21399-0
579,HINVIJ__ligand22403-0
580,HINVIJ__ligand6017-0
581,HINVIJ__ligand5708-0
582,HINVIJ__ligand7316-0
583,HINVIJ__ligand20695-0
584,HINVIJ__ligand27754-0
585,HINVIJ__ligand5180-0
586,HINVIJ__ligand16369-0
587,HINVIJ__ligand11111-0
588,HINVIJ__ligand49-0
589,HINVIJ__ligand28540-0
590,HINVIJ__ligand1604-0
591,HINVIJ__ligand14569-0
592,HINVIJ__ligand13385-0
593,HINVIJ__ligand22444-0
594,HINVIJ__ligand24111-0
595,HINVIJ__ligand9943-0
596,HINVIJ__ligand1228-0
597,HINVIJ__ligand13220-0
598,HINVIJ__ligand11587-0
599,HINVIJ__ligand2043-0
600,HINVIJ__ligand17396-0
601,HINVIJ__ligand15788-0
602,HINVIJ__ligand1832-0
603,HINVIJ__ligand23175-0
604,HINVIJ__ligand8788-0
605,HINVIJ__ligand2417-0
606,HINVIJ__ligand4-0
607,HINVIJ__ligand27840-0
608,HINVIJ__ligand30728-0
609,HINVIJ__ligand24872-0
610,HINVIJ__ligand9284-0
611,HINVIJ__ligand10033-0
612,HINVIJ__ligand24644-0
613,HINVIJ__ligand3126-0
614,HINVIJ__ligand6391-0
615,HINVIJ__ligand141-0
616,HINVIJ__ligand12001-0
617,HINVIJ__ligand240-0
618,HINVIJ__ligand1114-0
619,HINVIJ__ligand11949-0
620,HINVIJ__ligand384-0
621,HINVIJ__ligand17-0
622,HINVIJ__ligand22129-0
623,HINVIJ__ligand24780-0
624,HINVIJ__ligand12138-0
625,HINVIJ__ligand2203-0
626,HINVIJ__ligand5387-0
627,HINVIJ__ligand25561-0
628,HINVIJ__ligand1289-0
629,HINVIJ__ligand31694-0
630,HINVIJ__ligand2612-0
631,HINVIJ__ligand29486-0
632,HINVIJ__ligand1599-0
633,HINVIJ__ligand9450-0
634,HINVIJ__ligand17427-0
635,HINVIJ__ligand768-0
636,HINVIJ__ligand8593-0
637,HINVIJ__ligand9944-0
638,HINVIJ__ligand656-0
639,HINVIJ__ligand2001-0
640,HINVIJ__ligand10151-0
641,HINVIJ__ligand7566-0
642,HINVIJ__ligand19668-0
643,HINVIJ__ligand3-0
644,HINVIJ__ligand19906-0
645,HINVIJ__ligand5201-0
646,HINVIJ__ligand34-0
647,HINVIJ__ligand22353-0
648,HINVIJ__ligand696-0
649,HINVIJ__ligand1113-0
650,HINVIJ__ligand8553-0
651,HINVIJ__ligand24851-0
652,HINVIJ__ligand55-0
653,HINVIJ__ligand383-0
654,HINVIJ__ligand11698-0
655,HINVIJ__ligand4124-0
656,HINVIJ__ligand416-0
657,HINVIJ__ligand3471-0
658,HINVIJ__ligand20530-0
659,HINVIJ__ligand4161-0
660,HINVIJ__ligand14302-0
661,HINVIJ__ligand13657-0
662,HINVIJ__ligand14347-0
663,HINVIJ__ligand11479-0
664,HINVIJ__ligand27610-0
665,HINVIJ__ligand10479-0
666,HINVIJ__ligand226-0
667,HINVIJ__ligand10853-0
668,HINVIJ__ligand29441-0
669,HINVIJ__ligand5415-0
670,HINVIJ__ligand162-0
671,HINVIJ__ligand4340-0
672,HINVIJ__ligand2281-0
673,HINVIJ__ligand2650-0
674,HINVIJ__ligand3180-0
675,HINVIJ__ligand29813-0
676,HINVIJ__ligand16952-0
677,HINVIJ__ligand6995-0
678,HINVIJ__ligand20220-0
679,HINVIJ__ligand15387-0
680,HINVIJ__ligand68-0
681,HINVIJ__ligand20121-0
682,HINVIJ__ligand2823-0
683,HINVIJ__ligand571-0
684,HINVIJ__ligand534-0
685,HINVIJ__ligand17686-0
686,HINVIJ__ligand25658-0
687,HINVIJ__ligand670-0
688,HINVIJ__ligand31205-0
689,HINVIJ__ligand2027-0
690,HINVIJ__ligand11177-0
691,HINVIJ__ligand1050-0
692,HINVIJ__ligand1015-0
693,HINVIJ__ligand15455-0
694,HINVIJ__ligand1028-0
695,HINVIJ__ligand16870-0
696,HINVIJ__ligand11622-0
697,HINVIJ__ligand57-0
698,HINVIJ__ligand4262-0
699,HINVIJ__ligand11814-0
700,HINVIJ__ligand2692-0
701,HINVIJ__ligand1618-0
702,HINVIJ__ligand16603-0
703,HINVIJ__ligand488-0
704,HINVIJ__ligand11606-0
705,HINVIJ__ligand1-0
706,HINVIJ__ligand31000-0
707,HINVIJ__ligand430-0
708,HINVIJ__ligand4596-0
709,HINVIJ__ligand358-0
710,HINVIJ__ligand1498-0
711,HINVIJ__ligand26673-0
712,HINVIJ__ligand694-0
713,HINVIJ__ligand1154-0
714,HINVIJ__ligand9615-0
715,HINVIJ__ligand20821-0
716,HINVIJ__ligand18067-0
717,HINVIJ__ligand19824-0
718,HINVIJ__ligand8529-0
719,HINVIJ__ligand1169-0
720,HINVIJ__ligand11252-0
721,HINVIJ__ligand13260-0
722,HINVIJ__ligand10582-0
723,HINVIJ__ligand1539-0
724,HINVIJ__ligand1150-0
725,HINVIJ__ligand3416-0
726,HINVIJ__ligand20557-0
727,HINVIJ__ligand30004-0
728,HINVIJ__ligand3453-0
729,HINVIJ__ligand4207-0
730,HINVIJ__ligand32-0
731,HINVIJ__ligand25048-0
732,HINVIJ__ligand3042-0
733,HINVIJ__ligand21940-0
734,HINVIJ__ligand409-0
735,HINVIJ__ligand324-0
736,HINVIJ__ligand361-0
737,HINVIJ__ligand4063-0
738,HINVIJ__ligand27122-0
739,HINVIJ__ligand20432-0
740,HINVIJ__ligand16133-0
741,HINVIJ__ligand13755-0
742,HINVIJ__ligand8200-0
743,HINVIJ__ligand7438-0
744,HINVIJ__ligand23445-0
745,HINVIJ__ligand24953-0
746,HINVIJ__ligand300-0
747,HINVIJ__ligand1817-0
748,HINVIJ__ligand6993-0
749,HINVIJ__ligand14339-0
750,HINVIJ__ligand1779-0
751,HINVIJ__ligand13691-0
752,HINVIJ__ligand9750-0
753,HINVIJ__ligand30788-0
754,HINVIJ__ligand588-0
755,HINVIJ__ligand7075-0
756,HINVIJ__ligand21752-0
757,HINVIJ__ligand1149-0
758,HINVIJ__ligand3557-0
759,HINVIJ__ligand3980-0
760,HINVIJ__ligand24560-0
761,HINVIJ__ligand18757-0
762,HINVIJ__ligand1288-0
763,HINVIJ__ligand199-0
764,HINVIJ__ligand24624-0
765,HINVIJ__ligand20844-0
766,HINVIJ__ligand18413-0
767,HINVIJ__ligand9491-0
768,HINVIJ__ligand4266-0
769,HINVIJ__ligand1400-0
770,HINVIJ__ligand16-0
771,HINVIJ__ligand4167-0
772,HINVIJ__ligand5085-0
773,HINVIJ__ligand3144-0
774,HINVIJ__ligand27550-0
775,HINVIJ__ligand5755-0
776,HINVIJ__ligand4710-0
777,HINVIJ__ligand7213-0
778,HINVIJ__ligand1397-0
779,HINVIJ__ligand1828-0
780,HINVIJ__ligand18019-1
781,HINVIJ__ligand51-0
782,HINVIJ__ligand6112-0
783,HINVIJ__ligand14007-0
784,HINVIJ__ligand8042-0
785,HINVIJ__ligand29565-0
786,HINVIJ__ligand1786-0
787,HINVIJ__ligand497-0
788,HINVIJ__ligand23682-0
789,HINVIJ__ligand18158-0
790,HINVIJ__ligand27771-0
791,HINVIJ__ligand91-0
792,HINVIJ__ligand5630-0
793,HINVIJ__ligand16956-0
794,HINVIJ__ligand14226-0
795,HINVIJ__ligand21339-0
796,HINVIJ__ligand1908-0
797,HINVIJ__ligand20942-1
798,HINVIJ__ligand4795-0
799,HINVIJ__ligand3285-0
800,HINVIJ__ligand633-0
801,HINVIJ__ligand326-0
802,HINVIJ__ligand1831-0
803,HINVIJ__ligand17069-0
804,HINVIJ__ligand5614-0
805,HINVIJ__ligand5280-0
806,HINVIJ__ligand14477-0
807,HINVIJ__ligand6663-0
808,HINVIJ__ligand5515-0
809,HINVIJ__ligand17445-0
810,HINVIJ__ligand48-0
811,HINVIJ__ligand29334-0
812,HINVIJ__ligand12413-0
813,HINVIJ__ligand20731-0
814,HINVIJ__ligand11798-0
815,HINVIJ__ligand692-0
816,HINVIJ__ligand3261-0
817,HINVIJ__ligand1152-0
818,HINVIJ__ligand21448-0
819,HINVIJ__ligand5019-0
820,HINVIJ__ligand11758-0
821,HINVIJ__ligand22357-0
822,HINVIJ__ligand1216-0
823,HINVIJ__ligand29214-0
824,HINVIJ__ligand1849-0
825,HINVIJ__ligand11544-0
826,HINVIJ__ligand11501-0
827,HINVIJ__ligand436-0
