,TMC
0,SUGNEP__ligand122-0
1,SUGNEP__ligand4720-0
2,SUGNEP__ligand8969-0
3,SUGNEP__ligand3131-0
4,SUGNEP__ligand3174-0
5,SUGNEP__ligand1202-0
6,SUGNEP__ligand3937-0
7,SUGNEP__ligand6839-0
8,SUGNEP__ligand27482-0
9,SUGNEP__ligand5211-0
10,SUGNEP__ligand26810-0
11,SUGNEP__ligand757-0
12,SUGNEP__ligand3094-0
13,SUGNEP__ligand4155-0
14,SUGNEP__ligand13208-0
15,SUGNEP__ligand43-0
16,SUGNEP__ligand3852-0
17,SUGNEP__ligand2485-0
18,SUGNEP__ligand20682-0
19,SUGNEP__ligand6919-0
20,SUGNEP__ligand13390-0
21,SUGNEP__ligand1512-0
22,SUGNEP__ligand5331-0
23,SUGNEP__ligand3565-0
24,SUGNEP__ligand3718-0
25,SUGNEP__ligand6616-0
26,SUGNEP__ligand3876-0
27,SUGNEP__ligand1343-0
28,SUGNEP__ligand3035-0
29,SUGNEP__ligand25411-0
30,SUGNEP__ligand1844-0
31,SUGNEP__ligand4661-0
32,SUGNEP__ligand67-0
33,SUGNEP__ligand3504-0
34,SUGNEP__ligand10712-0
35,SUGNEP__ligand1959-0
36,SUGNEP__ligand14174-0
37,SUGNEP__ligand1573-0
38,SUGNEP__ligand1536-0
39,SUGNEP__ligand11456-0
40,SUGNEP__ligand9935-0
41,SUGNEP__ligand12030-0
42,SUGNEP__ligand693-0
43,SUGNEP__ligand14248-0
44,SUGNEP__ligand1263-0
45,SUGNEP__ligand9908-0
46,SUGNEP__ligand29879-0
47,SUGNEP__ligand13331-0
48,SUGNEP__ligand28884-0
49,SUGNEP__ligand7242-0
50,SUGNEP__ligand7106-0
51,SUGNEP__ligand31832-0
52,SUGNEP__ligand13294-0
53,SUGNEP__ligand141-0
54,SUGNEP__ligand8699-0
55,SUGNEP__ligand17278-0
56,SUGNEP__ligand20011-0
57,SUGNEP__ligand1160-0
58,SUGNEP__ligand9520-0
59,SUGNEP__ligand29414-0
60,SUGNEP__ligand17982-0
61,SUGNEP__ligand240-0
62,SUGNEP__ligand3954-0
63,SUGNEP__ligand4442-0
64,SUGNEP__ligand4093-0
65,SUGNEP__ligand7629-0
66,SUGNEP__ligand17398-0
67,SUGNEP__ligand4272-0
68,SUGNEP__ligand1451-0
69,SUGNEP__ligand9784-0
70,SUGNEP__ligand11675-0
71,SUGNEP__ligand20598-0
72,SUGNEP__ligand22557-0
73,SUGNEP__ligand10589-0
74,SUGNEP__ligand24047-0
75,SUGNEP__ligand7238-0
76,SUGNEP__ligand14703-0
77,SUGNEP__ligand16475-0
78,SUGNEP__ligand1304-0
79,SUGNEP__ligand8-0
80,SUGNEP__ligand1790-0
81,SUGNEP__ligand7280-0
82,SUGNEP__ligand1219-0
83,SUGNEP__ligand6709-0
84,SUGNEP__ligand7867-0
85,SUGNEP__ligand20251-1
86,SUGNEP__ligand4016-0
87,SUGNEP__ligand20539-0
88,SUGNEP__ligand4546-0
89,SUGNEP__ligand4503-0
90,SUGNEP__ligand20214-0
91,SUGNEP__ligand30702-0
92,SUGNEP__ligand20251-0
93,SUGNEP__ligand768-0
94,SUGNEP__ligand31097-0
95,SUGNEP__ligand21581-0
96,SUGNEP__ligand1285-0
97,SUGNEP__ligand17261-0
98,SUGNEP__ligand14117-0
99,SUGNEP__ligand1982-0
100,SUGNEP__ligand7000-0
101,SUGNEP__ligand8115-0
102,SUGNEP__ligand6768-0
103,SUGNEP__ligand9291-0
104,SUGNEP__ligand20419-0
105,SUGNEP__ligand17118-0
106,SUGNEP__ligand2176-0
107,SUGNEP__ligand21371-0
108,SUGNEP__ligand28789-0
109,SUGNEP__ligand2232-0
110,SUGNEP__ligand384-0
111,SUGNEP__ligand4157-0
112,SUGNEP__ligand29568-0
113,SUGNEP__ligand30851-0
114,SUGNEP__ligand5256-0
115,SUGNEP__ligand14889-0
116,SUGNEP__ligand9833-0
117,SUGNEP__ligand7648-0
118,SUGNEP__ligand2828-0
119,SUGNEP__ligand8876-0
120,SUGNEP__ligand23713-0
121,SUGNEP__ligand27175-0
122,SUGNEP__ligand18832-0
123,SUGNEP__ligand9952-0
124,SUGNEP__ligand9111-0
125,SUGNEP__ligand1615-0
126,SUGNEP__ligand2526-0
127,SUGNEP__ligand5036-0
128,SUGNEP__ligand30988-0
129,SUGNEP__ligand14723-0
130,SUGNEP__ligand1823-0
131,SUGNEP__ligand5643-0
132,SUGNEP__ligand27893-0
133,SUGNEP__ligand45-0
134,SUGNEP__ligand20578-0
135,SUGNEP__ligand12934-0
136,SUGNEP__ligand15422-0
137,SUGNEP__ligand8721-0
138,SUGNEP__ligand1324-0
139,SUGNEP__ligand19641-0
140,SUGNEP__ligand7967-0
141,SUGNEP__ligand6124-0
142,SUGNEP__ligand3707-0
143,SUGNEP__ligand338-0
144,SUGNEP__ligand31783-0
145,SUGNEP__ligand4116-0
146,SUGNEP__ligand1018-0
147,SUGNEP__ligand78-0
148,SUGNEP__ligand14603-0
149,SUGNEP__ligand14297-0
150,SUGNEP__ligand8992-0
151,SUGNEP__ligand17258-0
152,SUGNEP__ligand9601-0
153,SUGNEP__ligand13012-0
154,SUGNEP__ligand17631-0
155,SUGNEP__ligand26665-0
156,SUGNEP__ligand19-0
157,SUGNEP__ligand30333-0
158,SUGNEP__ligand6244-0
159,SUGNEP__ligand1378-0
160,SUGNEP__ligand12606-0
161,SUGNEP__ligand30296-0
162,SUGNEP__ligand2915-0
163,SUGNEP__ligand201-0
164,SUGNEP__ligand3156-0
165,SUGNEP__ligand17281-0
166,SUGNEP__ligand26540-0
167,SUGNEP__ligand29410-0
168,SUGNEP__ligand12337-0
169,SUGNEP__ligand12427-0
170,SUGNEP__ligand178-0
171,SUGNEP__ligand1631-0
172,SUGNEP__ligand20740-0
173,SUGNEP__ligand28468-0
174,SUGNEP__ligand279-0
175,SUGNEP__ligand9933-0
176,SUGNEP__ligand16628-0
177,SUGNEP__ligand1575-0
178,SUGNEP__ligand1530-0
179,SUGNEP__ligand185-0
180,SUGNEP__ligand321-0
181,SUGNEP__ligand24-0
182,SUGNEP__ligand2332-0
183,SUGNEP__ligand27460-0
184,SUGNEP__ligand9441-0
185,SUGNEP__ligand1577-0
186,SUGNEP__ligand6067-0
187,SUGNEP__ligand19057-0
188,SUGNEP__ligand187-0
189,SUGNEP__ligand2295-0
190,SUGNEP__ligand18814-0
191,SUGNEP__ligand657-0
192,SUGNEP__ligand13425-0
193,SUGNEP__ligand29302-0
194,SUGNEP__ligand4620-0
195,SUGNEP__ligand28676-0
196,SUGNEP__ligand10262-0
197,SUGNEP__ligand366-0
198,SUGNEP__ligand27763-0
199,SUGNEP__ligand6102-0
200,SUGNEP__ligand3721-0
201,SUGNEP__ligand6904-0
202,SUGNEP__ligand6596-0
203,SUGNEP__ligand12641-0
204,SUGNEP__ligand10958-0
205,SUGNEP__ligand777-0
206,SUGNEP__ligand3465-0
207,SUGNEP__ligand596-0
208,SUGNEP__ligand941-0
209,SUGNEP__ligand14108-0
210,SUGNEP__ligand7819-0
211,SUGNEP__ligand2917-0
212,SUGNEP__ligand17302-0
213,SUGNEP__ligand2028-0
214,SUGNEP__ligand8835-0
215,SUGNEP__ligand17805-0
216,SUGNEP__ligand7126-0
217,SUGNEP__ligand24185-0
218,SUGNEP__ligand23769-0
219,SUGNEP__ligand163-0
220,SUGNEP__ligand126-0
221,SUGNEP__ligand1142-0
222,SUGNEP__ligand3234-0
223,SUGNEP__ligand25178-0
224,SUGNEP__ligand12401-0
225,SUGNEP__ligand15585-0
226,SUGNEP__ligand24145-0
227,SUGNEP__ligand10476-0
228,SUGNEP__ligand13068-0
229,SUGNEP__ligand19830-0
230,SUGNEP__ligand26702-0
231,SUGNEP__ligand13658-0
232,SUGNEP__ligand18292-0
233,SUGNEP__ligand12289-0
234,SUGNEP__ligand12130-0
235,SUGNEP__ligand17387-0
236,SUGNEP__ligand4641-0
237,SUGNEP__ligand845-0
238,SUGNEP__ligand12231-0
239,SUGNEP__ligand10084-0
240,SUGNEP__ligand25267-0
241,SUGNEP__ligand5316-0
242,SUGNEP__ligand12467-0
243,SUGNEP__ligand5483-0
244,SUGNEP__ligand21936-0
245,SUGNEP__ligand5627-0
246,SUGNEP__ligand1729-0
247,SUGNEP__ligand13257-0
248,SUGNEP__ligand23904-0
249,SUGNEP__ligand361-0
250,SUGNEP__ligand2830-0
251,SUGNEP__ligand324-0
252,SUGNEP__ligand409-0
253,SUGNEP__ligand27074-0
254,SUGNEP__ligand1415-0
255,SUGNEP__ligand6946-0
256,SUGNEP__ligand7529-0
257,SUGNEP__ligand20599-0
258,SUGNEP__ligand22981-0
259,SUGNEP__ligand25805-0
260,SUGNEP__ligand18391-0
261,SUGNEP__ligand9148-0
262,SUGNEP__ligand14523-0
263,SUGNEP__ligand27169-0
264,SUGNEP__ligand2403-0
265,SUGNEP__ligand16791-0
266,SUGNEP__ligand38-0
267,SUGNEP__ligand28668-0
268,SUGNEP__ligand199-0
269,SUGNEP__ligand3934-0
270,SUGNEP__ligand18799-0
271,SUGNEP__ligand18465-0
272,SUGNEP__ligand6882-0
273,SUGNEP__ligand6455-0
274,SUGNEP__ligand588-0
275,SUGNEP__ligand9681-0
276,SUGNEP__ligand13869-0
277,SUGNEP__ligand4332-0
278,SUGNEP__ligand18074-0
279,SUGNEP__ligand29863-0
280,SUGNEP__ligand29610-0
281,SUGNEP__ligand1449-0
282,SUGNEP__ligand3012-0
283,SUGNEP__ligand300-0
284,SUGNEP__ligand11140-0
285,SUGNEP__ligand1065-0
286,SUGNEP__ligand7530-0
287,SUGNEP__ligand2599-0
288,SUGNEP__ligand4330-0
289,SUGNEP__ligand633-0
290,SUGNEP__ligand25735-0
291,SUGNEP__ligand42-0
292,SUGNEP__ligand497-0
293,SUGNEP__ligand12519-0
294,SUGNEP__ligand7532-0
295,SUGNEP__ligand23124-0
296,SUGNEP__ligand4194-0
297,SUGNEP__ligand11206-0
298,SUGNEP__ligand2068-0
299,SUGNEP__ligand12660-0
300,SUGNEP__ligand7925-0
301,SUGNEP__ligand19257-0
302,SUGNEP__ligand13209-0
303,SUGNEP__ligand25650-0
304,SUGNEP__ligand1147-0
305,SUGNEP__ligand31248-0
306,SUGNEP__ligand3973-0
307,SUGNEP__ligand27835-0
308,SUGNEP__ligand436-0
309,SUGNEP__ligand7107-0
310,SUGNEP__ligand12295-0
311,SUGNEP__ligand25689-0
312,SUGNEP__ligand25575-0
313,SUGNEP__ligand692-0
314,SUGNEP__ligand21787-0
315,SUGNEP__ligand3215-0
316,SUGNEP__ligand4813-0
317,SUGNEP__ligand5813-0
318,SUGNEP__ligand30539-0
319,SUGNEP__ligand4738-0
320,SUGNEP__ligand6062-0
321,SUGNEP__ligand6283-0
322,SUGNEP__ligand23906-0
323,SUGNEP__ligand326-0
324,SUGNEP__ligand11166-0
325,SUGNEP__ligand21132-0
326,SUGNEP__ligand66-0
327,SUGNEP__ligand29087-0
328,SUGNEP__ligand5094-0
329,SUGNEP__ligand18703-0
330,SUGNEP__ligand5892-0
331,SUGNEP__ligand696-0
332,SUGNEP__ligand15438-0
333,SUGNEP__ligand28924-0
334,SUGNEP__ligand4131-0
335,SUGNEP__ligand1712-0
336,SUGNEP__ligand1496-0
337,SUGNEP__ligand24750-0
338,SUGNEP__ligand7557-0
339,SUGNEP__ligand1533-0
340,SUGNEP__ligand18013-0
341,SUGNEP__ligand25224-0
342,SUGNEP__ligand17945-0
343,SUGNEP__ligand656-0
344,SUGNEP__ligand17207-0
345,SUGNEP__ligand31578-0
346,SUGNEP__ligand6672-0
347,SUGNEP__ligand9809-0
348,SUGNEP__ligand1327-0
349,SUGNEP__ligand8722-0
350,SUGNEP__ligand3350-0
351,SUGNEP__ligand7573-0
352,SUGNEP__ligand2781-0
353,SUGNEP__ligand2208-0
354,SUGNEP__ligand3208-0
355,SUGNEP__ligand29898-0
356,SUGNEP__ligand26277-0
357,SUGNEP__ligand10432-0
358,SUGNEP__ligand11432-0
359,SUGNEP__ligand31618-0
360,SUGNEP__ligand22755-0
361,SUGNEP__ligand226-0
362,SUGNEP__ligand15168-0
363,SUGNEP__ligand162-0
364,SUGNEP__ligand1900-0
365,SUGNEP__ligand9197-0
366,SUGNEP__ligand2328-0
367,SUGNEP__ligand383-0
368,SUGNEP__ligand1773-0
369,SUGNEP__ligand4581-0
370,SUGNEP__ligand24064-0
371,SUGNEP__ligand23589-0
372,SUGNEP__ligand3029-0
373,SUGNEP__ligand7162-0
374,SUGNEP__ligand416-0
375,SUGNEP__ligand5849-0
376,SUGNEP__ligand24613-0
377,SUGNEP__ligand19725-0
378,SUGNEP__ligand31483-0
379,SUGNEP__ligand3392-0
380,SUGNEP__ligand10555-0
381,SUGNEP__ligand1771-0
382,SUGNEP__ligand4911-0
383,SUGNEP__ligand8464-0
384,SUGNEP__ligand1709-0
385,SUGNEP__ligand8349-0
386,SUGNEP__ligand17710-0
387,SUGNEP__ligand20579-0
388,SUGNEP__ligand11568-0
389,SUGNEP__ligand21421-0
390,SUGNEP__ligand534-0
391,SUGNEP__ligand571-0
392,SUGNEP__ligand670-0
393,SUGNEP__ligand2527-0
394,SUGNEP__ligand14586-0
395,SUGNEP__ligand11774-0
396,SUGNEP__ligand3871-0
397,SUGNEP__ligand1469-0
398,SUGNEP__ligand18699-0
399,SUGNEP__ligand12682-0
400,SUGNEP__ligand1768-0
401,SUGNEP__ligand17240-0
402,SUGNEP__ligand4850-0
403,SUGNEP__ligand5056-0
404,SUGNEP__ligand17590-0
405,SUGNEP__ligand1688-0
406,SUGNEP__ligand3647-0
407,SUGNEP__ligand5357-0
408,SUGNEP__ligand694-0
409,SUGNEP__ligand3157-0
410,SUGNEP__ligand13072-0
411,SUGNEP__ligand1165-0
412,SUGNEP__ligand9525-0
413,SUGNEP__ligand12336-0
414,SUGNEP__ligand18-0
415,SUGNEP__ligand488-0
416,SUGNEP__ligand5935-0
417,SUGNEP__ligand1379-0
418,SUGNEP__ligand358-0
419,SUGNEP__ligand2722-0
420,SUGNEP__ligand430-0
421,SUGNEP__ligand564-0
422,SUGNEP__ligand620-0
423,SUGNEP__ligand8529-0
424,SUGNEP__ligand1169-0
425,SUGNEP__ligand370-1
426,SUGNEP__ligand10151-0
427,SUGNEP__ligand51-0
428,SUGNEP__ligand479-0
429,SUGNEP__ligand311-0
430,SUGNEP__ligand785-0
431,SUGNEP__ligand19906-0
432,SUGNEP__ligand91-0
433,SUGNEP__ligand1-0
434,SUGNEP__ligand19668-0
435,SUGNEP__ligand4596-0
436,SUGNEP__ligand1498-0
437,SUGNEP__ligand1154-0
438,SUGNEP__ligand22353-0
439,SUGNEP__ligand188-0
440,SUGNEP__ligand9615-0
441,SUGNEP__ligand48-0
442,SUGNEP__ligand1028-0
443,SUGNEP__ligand24851-0
444,SUGNEP__ligand14347-0
445,SUGNEP__ligand13657-0
446,SUGNEP__ligand14302-0
447,SUGNEP__ligand4262-0
448,SUGNEP__ligand11698-0
449,SUGNEP__ligand20530-0
450,SUGNEP__ligand11479-0
451,SUGNEP__ligand250-0
452,SUGNEP__ligand10479-0
453,SUGNEP__ligand27610-0
454,SUGNEP__ligand2692-0
455,SUGNEP__ligand10853-0
456,SUGNEP__ligand1618-0
457,SUGNEP__ligand29441-0
458,SUGNEP__ligand29813-0
459,SUGNEP__ligand16952-0
460,SUGNEP__ligand20220-0
461,SUGNEP__ligand370-0
462,SUGNEP__ligand2027-0
463,SUGNEP__ligand20121-0
464,SUGNEP__ligand1015-0
465,SUGNEP__ligand1050-0
466,SUGNEP__ligand15387-0
467,SUGNEP__ligand193-0
468,SUGNEP__ligand2281-0
469,SUGNEP__ligand2650-0
470,SUGNEP__ligand4340-0
471,SUGNEP__ligand3180-0
472,SUGNEP__ligand31205-0
473,SUGNEP__ligand17686-0
474,SUGNEP__ligand25658-0
475,SUGNEP__ligand11177-0
476,SUGNEP__ligand32-0
477,SUGNEP__ligand830-0
478,SUGNEP__ligand6995-0
479,SUGNEP__ligand15455-0
480,SUGNEP__ligand2823-0
481,SUGNEP__ligand372-0
482,SUGNEP__ligand16870-0
483,SUGNEP__ligand4161-0
484,SUGNEP__ligand3471-0
485,SUGNEP__ligand4124-0
486,SUGNEP__ligand11622-0
487,SUGNEP__ligand11814-0
488,SUGNEP__ligand116-0
489,SUGNEP__ligand16603-0
490,SUGNEP__ligand5415-0
491,SUGNEP__ligand252-0
492,SUGNEP__ligand11606-0
493,SUGNEP__ligand3-0
494,SUGNEP__ligand31000-0
495,SUGNEP__ligand5201-0
496,SUGNEP__ligand26673-0
497,SUGNEP__ligand1113-0
498,SUGNEP__ligand177-0
499,SUGNEP__ligand20821-0
500,SUGNEP__ligand8553-0
501,SUGNEP__ligand909-0
502,SUGNEP__ligand9944-0
503,SUGNEP__ligand8593-0
504,SUGNEP__ligand18067-0
505,SUGNEP__ligand19824-0
506,SUGNEP__ligand2001-0
507,SUGNEP__ligand11252-0
508,SUGNEP__ligand16-0
509,SUGNEP__ligand7566-0
510,SUGNEP__ligand13260-0
511,SUGNEP__ligand10582-0
512,SUGNEP__ligand1152-0
513,SUGNEP__ligand3261-0
514,SUGNEP__ligand5019-0
515,SUGNEP__ligand1216-0
516,SUGNEP__ligand30004-0
517,SUGNEP__ligand20557-0
518,SUGNEP__ligand868-0
519,SUGNEP__ligand1849-0
520,SUGNEP__ligand5280-0
521,SUGNEP__ligand5614-0
522,SUGNEP__ligand57-0
523,SUGNEP__ligand21940-0
524,SUGNEP__ligand1831-0
525,SUGNEP__ligand25048-0
526,SUGNEP__ligand783-0
527,SUGNEP__ligand352-0
528,SUGNEP__ligand5515-0
529,SUGNEP__ligand6663-0
530,SUGNEP__ligand16133-0
531,SUGNEP__ligand13755-0
532,SUGNEP__ligand20432-0
533,SUGNEP__ligand27122-0
534,SUGNEP__ligand24953-0
535,SUGNEP__ligand23445-0
536,SUGNEP__ligand14339-0
537,SUGNEP__ligand1786-0
538,SUGNEP__ligand13691-0
539,SUGNEP__ligand30788-0
540,SUGNEP__ligand5630-0
541,SUGNEP__ligand21752-0
542,SUGNEP__ligand1908-0
543,SUGNEP__ligand197-0
544,SUGNEP__ligand3285-0
545,SUGNEP__ligand4795-0
546,SUGNEP__ligand3144-0
547,SUGNEP__ligand24560-0
548,SUGNEP__ligand5085-0
549,SUGNEP__ligand18757-0
550,SUGNEP__ligand24624-0
551,SUGNEP__ligand4710-0
552,SUGNEP__ligand18413-0
553,SUGNEP__ligand5755-0
554,SUGNEP__ligand20844-0
555,SUGNEP__ligand1397-0
556,SUGNEP__ligand7213-0
557,SUGNEP__ligand1828-0
558,SUGNEP__ligand6112-0
559,SUGNEP__ligand8042-0
560,SUGNEP__ligand27550-0
561,SUGNEP__ligand1288-0
562,SUGNEP__ligand685-0
563,SUGNEP__ligand9491-0
564,SUGNEP__ligand4266-0
565,SUGNEP__ligand1400-0
566,SUGNEP__ligand421-0
567,SUGNEP__ligand14007-0
568,SUGNEP__ligand4167-0
569,SUGNEP__ligand18019-1
570,SUGNEP__ligand34-0
571,SUGNEP__ligand6993-0
572,SUGNEP__ligand23682-0
573,SUGNEP__ligand1817-0
574,SUGNEP__ligand1779-0
575,SUGNEP__ligand29565-0
576,SUGNEP__ligand27771-0
577,SUGNEP__ligand9750-0
578,SUGNEP__ligand18158-0
579,SUGNEP__ligand21339-0
580,SUGNEP__ligand14226-0
581,SUGNEP__ligand16956-0
582,SUGNEP__ligand20942-1
583,SUGNEP__ligand7075-0
584,SUGNEP__ligand1149-0
585,SUGNEP__ligand294-0
586,SUGNEP__ligand3980-0
587,SUGNEP__ligand3557-0
588,SUGNEP__ligand14477-0
589,SUGNEP__ligand17069-0
590,SUGNEP__ligand3042-0
591,SUGNEP__ligand17445-0
592,SUGNEP__ligand55-0
593,SUGNEP__ligand20731-0
594,SUGNEP__ligand4063-0
595,SUGNEP__ligand29334-0
596,SUGNEP__ligand8200-0
597,SUGNEP__ligand7438-0
598,SUGNEP__ligand12413-0
599,SUGNEP__ligand560-0
600,SUGNEP__ligand11798-0
601,SUGNEP__ligand1539-0
602,SUGNEP__ligand21448-0
603,SUGNEP__ligand235-0
604,SUGNEP__ligand1150-0
605,SUGNEP__ligand11758-0
606,SUGNEP__ligand134-0
607,SUGNEP__ligand22357-0
608,SUGNEP__ligand3453-0
609,SUGNEP__ligand3416-0
610,SUGNEP__ligand68-0
611,SUGNEP__ligand29214-0
612,SUGNEP__ligand4207-0
613,SUGNEP__ligand11501-0
614,SUGNEP__ligand11544-0
615,SUGNEP__ligand12365-0
616,SUGNEP__ligand10056-0
617,SUGNEP__ligand152-0
618,SUGNEP__ligand28743-0
619,SUGNEP__ligand15531-0
620,SUGNEP__ligand11357-0
621,SUGNEP__ligand13862-0
622,SUGNEP__ligand5080-0
623,SUGNEP__ligand7762-0
624,SUGNEP__ligand1407-0
625,SUGNEP__ligand6117-0
626,SUGNEP__ligand22294-0
627,SUGNEP__ligand22168-0
628,SUGNEP__ligand8002-0
629,SUGNEP__ligand5509-0
630,SUGNEP__ligand28930-0
631,SUGNEP__ligand21919-0
632,SUGNEP__ligand11970-0
633,SUGNEP__ligand15883-0
634,SUGNEP__ligand7293-0
635,SUGNEP__ligand2822-0
636,SUGNEP__ligand3867-0
637,SUGNEP__ligand1317-0
638,SUGNEP__ligand506-0
639,SUGNEP__ligand5304-0
640,SUGNEP__ligand24230-0
641,SUGNEP__ligand9167-0
642,SUGNEP__ligand11096-0
643,SUGNEP__ligand11447-0
644,SUGNEP__ligand28810-0
645,SUGNEP__ligand10828-0
646,SUGNEP__ligand19792-0
647,SUGNEP__ligand15926-0
648,SUGNEP__ligand2238-0
649,SUGNEP__ligand5510-0
650,SUGNEP__ligand20207-0
651,SUGNEP__ligand30711-0
652,SUGNEP__ligand1376-0
653,SUGNEP__ligand11682-0
654,SUGNEP__ligand9773-0
655,SUGNEP__ligand487-0
656,SUGNEP__ligand17-0
657,SUGNEP__ligand2259-0
658,SUGNEP__ligand25913-0
659,SUGNEP__ligand16988-0
660,SUGNEP__ligand1296-0
661,SUGNEP__ligand8592-0
662,SUGNEP__ligand5099-0
663,SUGNEP__ligand1197-0
664,SUGNEP__ligand3926-0
665,SUGNEP__ligand3120-0
666,SUGNEP__ligand16663-0
667,SUGNEP__ligand4358-0
668,SUGNEP__ligand2221-0
669,SUGNEP__ligand176-0
670,SUGNEP__ligand14614-0
671,SUGNEP__ligand24035-0
672,SUGNEP__ligand4101-0
673,SUGNEP__ligand746-0
674,SUGNEP__ligand5595-0
675,SUGNEP__ligand11994-0
676,SUGNEP__ligand31044-0
677,SUGNEP__ligand31842-0
678,SUGNEP__ligand447-0
679,SUGNEP__ligand6892-0
680,SUGNEP__ligand10371-0
681,SUGNEP__ligand1211-0
682,SUGNEP__ligand1464-0
683,SUGNEP__ligand3712-0
684,SUGNEP__ligand368-0
685,SUGNEP__ligand13672-0
686,SUGNEP__ligand2881-0
687,SUGNEP__ligand395-0
688,SUGNEP__ligand18568-0
689,SUGNEP__ligand28685-0
690,SUGNEP__ligand1499-0
691,SUGNEP__ligand6699-0
692,SUGNEP__ligand19184-0
693,SUGNEP__ligand784-0
694,SUGNEP__ligand3677-0
695,SUGNEP__ligand3632-0
696,SUGNEP__ligand28459-0
697,SUGNEP__ligand1294-0
698,SUGNEP__ligand1168-0
699,SUGNEP__ligand12453-0
700,SUGNEP__ligand18448-0
701,SUGNEP__ligand7291-0
702,SUGNEP__ligand89-0
703,SUGNEP__ligand833-0
704,SUGNEP__ligand9883-0
705,SUGNEP__ligand3677-1
706,SUGNEP__ligand13477-0
707,SUGNEP__ligand14167-0
708,SUGNEP__ligand2985-0
709,SUGNEP__ligand4007-0
710,SUGNEP__ligand27669-0
711,SUGNEP__ligand30142-0
712,SUGNEP__ligand9299-0
713,SUGNEP__ligand29029-0
714,SUGNEP__ligand3945-0
715,SUGNEP__ligand27285-0
716,SUGNEP__ligand115-0
717,SUGNEP__ligand5383-0
718,SUGNEP__ligand2693-0
719,SUGNEP__ligand49-0
720,SUGNEP__ligand9344-0
721,SUGNEP__ligand23197-0
722,SUGNEP__ligand8000-0
723,SUGNEP__ligand3736-0
724,SUGNEP__ligand2612-0
725,SUGNEP__ligand1599-0
726,SUGNEP__ligand26529-0
727,SUGNEP__ligand314-1
728,SUGNEP__ligand11618-0
729,SUGNEP__ligand9450-0
730,SUGNEP__ligand19927-0
731,SUGNEP__ligand465-0
732,SUGNEP__ligand14043-0
733,SUGNEP__ligand26324-0
734,SUGNEP__ligand28559-0
735,SUGNEP__ligand5387-0
736,SUGNEP__ligand2203-0
737,SUGNEP__ligand27239-0
738,SUGNEP__ligand1289-0
739,SUGNEP__ligand21729-0
740,SUGNEP__ligand2417-0
741,SUGNEP__ligand391-0
742,SUGNEP__ligand69-0
743,SUGNEP__ligand29215-0
744,SUGNEP__ligand4-0
745,SUGNEP__ligand12003-0
746,SUGNEP__ligand9284-0
747,SUGNEP__ligand16148-0
748,SUGNEP__ligand26631-0
749,SUGNEP__ligand3126-0
750,SUGNEP__ligand6391-0
751,SUGNEP__ligand10872-0
752,SUGNEP__ligand618-0
753,SUGNEP__ligand21399-0
754,SUGNEP__ligand1114-0
755,SUGNEP__ligand22403-0
756,SUGNEP__ligand1604-0
757,SUGNEP__ligand9943-0
758,SUGNEP__ligand1228-0
759,SUGNEP__ligand20695-0
760,SUGNEP__ligand780-0
761,SUGNEP__ligand27754-0
762,SUGNEP__ligand2043-0
763,SUGNEP__ligand314-0
764,SUGNEP__ligand11111-0
765,SUGNEP__ligand28540-0
766,SUGNEP__ligand8788-0
767,SUGNEP__ligand813-0
768,SUGNEP__ligand11-0
769,SUGNEP__ligand1832-0
770,SUGNEP__ligand16369-0
771,SUGNEP__ligand13385-0
772,SUGNEP__ligand6017-0
773,SUGNEP__ligand14569-0
774,SUGNEP__ligand5708-0
775,SUGNEP__ligand7316-0
776,SUGNEP__ligand22444-0
777,SUGNEP__ligand24111-0
778,SUGNEP__ligand13220-0
779,SUGNEP__ligand11587-0
780,SUGNEP__ligand15788-0
781,SUGNEP__ligand353-0
782,SUGNEP__ligand5180-0
783,SUGNEP__ligand23175-0
784,SUGNEP__ligand17396-0
785,SUGNEP__ligand30728-0
786,SUGNEP__ligand7172-0
787,SUGNEP__ligand27840-0
788,SUGNEP__ligand9323-0
789,SUGNEP__ligand24872-0
790,SUGNEP__ligand7273-0
791,SUGNEP__ligand393-0
792,SUGNEP__ligand1116-0
793,SUGNEP__ligand24644-0
794,SUGNEP__ligand3225-0
795,SUGNEP__ligand1153-0
796,SUGNEP__ligand2260-0
797,SUGNEP__ligand7092-0
798,SUGNEP__ligand10033-0
799,SUGNEP__ligand2124-0
800,SUGNEP__ligand12001-0
801,SUGNEP__ligand8612-0
802,SUGNEP__ligand11949-0
803,SUGNEP__ligand2788-0
804,SUGNEP__ligand5649-0
805,SUGNEP__ligand8793-0
806,SUGNEP__ligand4649-0
807,SUGNEP__ligand24780-0
808,SUGNEP__ligand422-0
809,SUGNEP__ligand12138-0
810,SUGNEP__ligand22129-0
811,SUGNEP__ligand2906-0
812,SUGNEP__ligand25561-0
813,SUGNEP__ligand686-0
814,SUGNEP__ligand3244-0
815,SUGNEP__ligand4711-0
816,SUGNEP__ligand4807-0
817,SUGNEP__ligand31694-0
818,SUGNEP__ligand196-0
819,SUGNEP__ligand29486-0
820,SUGNEP__ligand3178-0
821,SUGNEP__ligand9753-0
822,SUGNEP__ligand5530-0
823,SUGNEP__ligand1356-0
824,SUGNEP__ligand1787-0
825,SUGNEP__ligand5159-0
826,SUGNEP__ligand17427-0
827,SUGNEP__ligand7196-0
