,TMC
0,XEPVAP__ligand5510-0
1,XEPVAP__ligand1376-0
2,XEPVAP__ligand9773-0
3,XEPVAP__ligand30333-0
4,XEPVAP__ligand12606-0
5,XEPVAP__ligand43-0
6,XEPVAP__ligand30296-0
7,XEPVAP__ligand2259-0
8,XEPVAP__ligand17281-0
9,XEPVAP__ligand1296-0
10,XEPVAP__ligand26540-0
11,XEPVAP__ligand8592-0
12,XEPVAP__ligand5099-0
13,XEPVAP__ligand12337-0
14,XEPVAP__ligand29410-0
15,XEPVAP__ligand1197-0
16,XEPVAP__ligand3926-0
17,XEPVAP__ligand3120-0
18,XEPVAP__ligand12427-0
19,XEPVAP__ligand20740-0
20,XEPVAP__ligand28468-0
21,XEPVAP__ligand4358-0
22,XEPVAP__ligand2221-0
23,XEPVAP__ligand16628-0
24,XEPVAP__ligand693-0
25,XEPVAP__ligand4101-0
26,XEPVAP__ligand5595-0
27,XEPVAP__ligand27460-0
28,XEPVAP__ligand27175-0
29,XEPVAP__ligand18832-0
30,XEPVAP__ligand23713-0
31,XEPVAP__ligand757-0
32,XEPVAP__ligand5080-0
33,XEPVAP__ligand30988-0
34,XEPVAP__ligand7762-0
35,XEPVAP__ligand6117-0
36,XEPVAP__ligand14723-0
37,XEPVAP__ligand1407-0
38,XEPVAP__ligand8002-0
39,XEPVAP__ligand27893-0
40,XEPVAP__ligand122-0
41,XEPVAP__ligand5509-0
42,XEPVAP__ligand12934-0
43,XEPVAP__ligand20578-0
44,XEPVAP__ligand15422-0
45,XEPVAP__ligand19641-0
46,XEPVAP__ligand67-0
47,XEPVAP__ligand31783-0
48,XEPVAP__ligand7293-0
49,XEPVAP__ligand2822-0
50,XEPVAP__ligand3867-0
51,XEPVAP__ligand1317-0
52,XEPVAP__ligand5304-0
53,XEPVAP__ligand14603-0
54,XEPVAP__ligand14297-0
55,XEPVAP__ligand9167-0
56,XEPVAP__ligand17258-0
57,XEPVAP__ligand17631-0
58,XEPVAP__ligand13012-0
59,XEPVAP__ligand26665-0
60,XEPVAP__ligand2238-0
61,XEPVAP__ligand7291-0
62,XEPVAP__ligand17302-0
63,XEPVAP__ligand17805-0
64,XEPVAP__ligand9883-0
65,XEPVAP__ligand3677-1
66,XEPVAP__ligand24185-0
67,XEPVAP__ligand2985-0
68,XEPVAP__ligand23769-0
69,XEPVAP__ligand4007-0
70,XEPVAP__ligand25178-0
71,XEPVAP__ligand768-0
72,XEPVAP__ligand9299-0
73,XEPVAP__ligand3945-0
74,XEPVAP__ligand12401-0
75,XEPVAP__ligand15585-0
76,XEPVAP__ligand384-0
77,XEPVAP__ligand24145-0
78,XEPVAP__ligand10476-0
79,XEPVAP__ligand2693-0
80,XEPVAP__ligand5383-0
81,XEPVAP__ligand13068-0
82,XEPVAP__ligand19830-0
83,XEPVAP__ligand18292-0
84,XEPVAP__ligand12289-0
85,XEPVAP__ligand26702-0
86,XEPVAP__ligand13658-0
87,XEPVAP__ligand9344-0
88,XEPVAP__ligand12130-0
89,XEPVAP__ligand17387-0
90,XEPVAP__ligand8000-0
91,XEPVAP__ligand3736-0
92,XEPVAP__ligand12231-0
93,XEPVAP__ligand18814-0
94,XEPVAP__ligand19057-0
95,XEPVAP__ligand6892-0
96,XEPVAP__ligand13425-0
97,XEPVAP__ligand1211-0
98,XEPVAP__ligand29302-0
99,XEPVAP__ligand3712-0
100,XEPVAP__ligand1464-0
101,XEPVAP__ligand141-0
102,XEPVAP__ligand28676-0
103,XEPVAP__ligand2881-0
104,XEPVAP__ligand10262-0
105,XEPVAP__ligand240-0
106,XEPVAP__ligand27763-0
107,XEPVAP__ligand1499-0
108,XEPVAP__ligand6699-0
109,XEPVAP__ligand12641-0
110,XEPVAP__ligand10958-0
111,XEPVAP__ligand3677-0
112,XEPVAP__ligand3632-0
113,XEPVAP__ligand14108-0
114,XEPVAP__ligand1294-0
115,XEPVAP__ligand1168-0
116,XEPVAP__ligand2417-0
117,XEPVAP__ligand78-0
118,XEPVAP__ligand201-0
119,XEPVAP__ligand25411-0
120,XEPVAP__ligand9284-0
121,XEPVAP__ligand3126-0
122,XEPVAP__ligand14174-0
123,XEPVAP__ligand6391-0
124,XEPVAP__ligand10712-0
125,XEPVAP__ligand11456-0
126,XEPVAP__ligand1114-0
127,XEPVAP__ligand12030-0
128,XEPVAP__ligand1604-0
129,XEPVAP__ligand14248-0
130,XEPVAP__ligand29879-0
131,XEPVAP__ligand321-0
132,XEPVAP__ligand28884-0
133,XEPVAP__ligand13331-0
134,XEPVAP__ligand9943-0
135,XEPVAP__ligand1228-0
136,XEPVAP__ligand178-0
137,XEPVAP__ligand2043-0
138,XEPVAP__ligand31832-0
139,XEPVAP__ligand45-0
140,XEPVAP__ligand185-0
141,XEPVAP__ligand8788-0
142,XEPVAP__ligand279-0
143,XEPVAP__ligand13294-0
144,XEPVAP__ligand1832-0
145,XEPVAP__ligand2612-0
146,XEPVAP__ligand1599-0
147,XEPVAP__ligand26810-0
148,XEPVAP__ligand9450-0
149,XEPVAP__ligand24-0
150,XEPVAP__ligand27482-0
151,XEPVAP__ligand13208-0
152,XEPVAP__ligand20682-0
153,XEPVAP__ligand19-0
154,XEPVAP__ligand13390-0
155,XEPVAP__ligand338-0
156,XEPVAP__ligand5387-0
157,XEPVAP__ligand2203-0
158,XEPVAP__ligand1289-0
159,XEPVAP__ligand20539-0
160,XEPVAP__ligand2788-0
161,XEPVAP__ligand5649-0
162,XEPVAP__ligand30702-0
163,XEPVAP__ligand20214-0
164,XEPVAP__ligand8793-0
165,XEPVAP__ligand20251-0
166,XEPVAP__ligand4649-0
167,XEPVAP__ligand126-0
168,XEPVAP__ligand163-0
169,XEPVAP__ligand21581-0
170,XEPVAP__ligand31097-0
171,XEPVAP__ligand14117-0
172,XEPVAP__ligand17261-0
173,XEPVAP__ligand2906-0
174,XEPVAP__ligand3244-0
175,XEPVAP__ligand4711-0
176,XEPVAP__ligand20419-0
177,XEPVAP__ligand4807-0
178,XEPVAP__ligand21371-0
179,XEPVAP__ligand17118-0
180,XEPVAP__ligand3178-0
181,XEPVAP__ligand28789-0
182,XEPVAP__ligand845-0
183,XEPVAP__ligand29568-0
184,XEPVAP__ligand9753-0
185,XEPVAP__ligand5530-0
186,XEPVAP__ligand1356-0
187,XEPVAP__ligand1787-0
188,XEPVAP__ligand14889-0
189,XEPVAP__ligand30851-0
190,XEPVAP__ligand5159-0
191,XEPVAP__ligand7196-0
192,XEPVAP__ligand20011-0
193,XEPVAP__ligand17278-0
194,XEPVAP__ligand17982-0
195,XEPVAP__ligand6017-0
196,XEPVAP__ligand29414-0
197,XEPVAP__ligand366-0
198,XEPVAP__ligand5708-0
199,XEPVAP__ligand7316-0
200,XEPVAP__ligand17398-0
201,XEPVAP__ligand187-0
202,XEPVAP__ligand20598-0
203,XEPVAP__ligand5180-0
204,XEPVAP__ligand11675-0
205,XEPVAP__ligand24047-0
206,XEPVAP__ligand22557-0
207,XEPVAP__ligand10589-0
208,XEPVAP__ligand657-0
209,XEPVAP__ligand941-0
210,XEPVAP__ligand596-0
211,XEPVAP__ligand16475-0
212,XEPVAP__ligand14703-0
213,XEPVAP__ligand7172-0
214,XEPVAP__ligand9323-0
215,XEPVAP__ligand7273-0
216,XEPVAP__ligand1116-0
217,XEPVAP__ligand1153-0
218,XEPVAP__ligand3225-0
219,XEPVAP__ligand2260-0
220,XEPVAP__ligand7092-0
221,XEPVAP__ligand20251-1
222,XEPVAP__ligand2124-0
223,XEPVAP__ligand777-0
224,XEPVAP__ligand8612-0
225,XEPVAP__ligand1028-0
226,XEPVAP__ligand199-0
227,XEPVAP__ligand4262-0
228,XEPVAP__ligand29898-0
229,XEPVAP__ligand26277-0
230,XEPVAP__ligand11432-0
231,XEPVAP__ligand31618-0
232,XEPVAP__ligand10432-0
233,XEPVAP__ligand2692-0
234,XEPVAP__ligand22755-0
235,XEPVAP__ligand1618-0
236,XEPVAP__ligand300-0
237,XEPVAP__ligand15168-0
238,XEPVAP__ligand588-0
239,XEPVAP__ligand2027-0
240,XEPVAP__ligand24064-0
241,XEPVAP__ligand23589-0
242,XEPVAP__ligand1015-0
243,XEPVAP__ligand1050-0
244,XEPVAP__ligand29087-0
245,XEPVAP__ligand409-0
246,XEPVAP__ligand8529-0
247,XEPVAP__ligand1169-0
248,XEPVAP__ligand324-0
249,XEPVAP__ligand361-0
250,XEPVAP__ligand18703-0
251,XEPVAP__ligand15438-0
252,XEPVAP__ligand28924-0
253,XEPVAP__ligand24750-0
254,XEPVAP__ligand4596-0
255,XEPVAP__ligand38-0
256,XEPVAP__ligand1498-0
257,XEPVAP__ligand18013-0
258,XEPVAP__ligand25224-0
259,XEPVAP__ligand1154-0
260,XEPVAP__ligand17945-0
261,XEPVAP__ligand9615-0
262,XEPVAP__ligand31578-0
263,XEPVAP__ligand17207-0
264,XEPVAP__ligand692-0
265,XEPVAP__ligand18699-0
266,XEPVAP__ligand12682-0
267,XEPVAP__ligand5201-0
268,XEPVAP__ligand17240-0
269,XEPVAP__ligand1113-0
270,XEPVAP__ligand17590-0
271,XEPVAP__ligand436-0
272,XEPVAP__ligand8553-0
273,XEPVAP__ligand326-0
274,XEPVAP__ligand13072-0
275,XEPVAP__ligand9944-0
276,XEPVAP__ligand8593-0
277,XEPVAP__ligand12336-0
278,XEPVAP__ligand2001-0
279,XEPVAP__ligand7566-0
280,XEPVAP__ligand42-0
281,XEPVAP__ligand2281-0
282,XEPVAP__ligand2650-0
283,XEPVAP__ligand4340-0
284,XEPVAP__ligand24613-0
285,XEPVAP__ligand497-0
286,XEPVAP__ligand3180-0
287,XEPVAP__ligand19725-0
288,XEPVAP__ligand31483-0
289,XEPVAP__ligand66-0
290,XEPVAP__ligand10555-0
291,XEPVAP__ligand6995-0
292,XEPVAP__ligand8-0
293,XEPVAP__ligand633-0
294,XEPVAP__ligand2823-0
295,XEPVAP__ligand3471-0
296,XEPVAP__ligand4161-0
297,XEPVAP__ligand4124-0
298,XEPVAP__ligand20579-0
299,XEPVAP__ligand17710-0
300,XEPVAP__ligand11568-0
301,XEPVAP__ligand21421-0
302,XEPVAP__ligand14586-0
303,XEPVAP__ligand11774-0
304,XEPVAP__ligand5415-0
305,XEPVAP__ligand16791-0
306,XEPVAP__ligand1786-0
307,XEPVAP__ligand28668-0
308,XEPVAP__ligand5630-0
309,XEPVAP__ligand1908-0
310,XEPVAP__ligand18799-0
311,XEPVAP__ligand4795-0
312,XEPVAP__ligand3285-0
313,XEPVAP__ligand18465-0
314,XEPVAP__ligand383-0
315,XEPVAP__ligand3144-0
316,XEPVAP__ligand5085-0
317,XEPVAP__ligand18074-0
318,XEPVAP__ligand416-0
319,XEPVAP__ligand13869-0
320,XEPVAP__ligand4710-0
321,XEPVAP__ligand29863-0
322,XEPVAP__ligand5755-0
323,XEPVAP__ligand29610-0
324,XEPVAP__ligand1397-0
325,XEPVAP__ligand7213-0
326,XEPVAP__ligand226-0
327,XEPVAP__ligand1828-0
328,XEPVAP__ligand11140-0
329,XEPVAP__ligand6112-0
330,XEPVAP__ligand162-0
331,XEPVAP__ligand8042-0
332,XEPVAP__ligand1152-0
333,XEPVAP__ligand3261-0
334,XEPVAP__ligand10084-0
335,XEPVAP__ligand25267-0
336,XEPVAP__ligand5019-0
337,XEPVAP__ligand1216-0
338,XEPVAP__ligand12467-0
339,XEPVAP__ligand21936-0
340,XEPVAP__ligand13257-0
341,XEPVAP__ligand696-0
342,XEPVAP__ligand1849-0
343,XEPVAP__ligand23904-0
344,XEPVAP__ligand5280-0
345,XEPVAP__ligand5614-0
346,XEPVAP__ligand1831-0
347,XEPVAP__ligand27074-0
348,XEPVAP__ligand20599-0
349,XEPVAP__ligand5515-0
350,XEPVAP__ligand6663-0
351,XEPVAP__ligand656-0
352,XEPVAP__ligand22981-0
353,XEPVAP__ligand25805-0
354,XEPVAP__ligand18391-0
355,XEPVAP__ligand27169-0
356,XEPVAP__ligand14523-0
357,XEPVAP__ligand3042-0
358,XEPVAP__ligand27835-0
359,XEPVAP__ligand12295-0
360,XEPVAP__ligand25689-0
361,XEPVAP__ligand4063-0
362,XEPVAP__ligand21787-0
363,XEPVAP__ligand8200-0
364,XEPVAP__ligand25575-0
365,XEPVAP__ligand7438-0
366,XEPVAP__ligand1539-0
367,XEPVAP__ligand488-0
368,XEPVAP__ligand30539-0
369,XEPVAP__ligand430-0
370,XEPVAP__ligand1150-0
371,XEPVAP__ligand358-0
372,XEPVAP__ligand3453-0
373,XEPVAP__ligand3416-0
374,XEPVAP__ligand694-0
375,XEPVAP__ligand23906-0
376,XEPVAP__ligand11166-0
377,XEPVAP__ligand4207-0
378,XEPVAP__ligand21132-0
379,XEPVAP__ligand1288-0
380,XEPVAP__ligand25735-0
381,XEPVAP__ligand12519-0
382,XEPVAP__ligand9491-0
383,XEPVAP__ligand4266-0
384,XEPVAP__ligand1400-0
385,XEPVAP__ligand23124-0
386,XEPVAP__ligand4167-0
387,XEPVAP__ligand11206-0
388,XEPVAP__ligand18-0
389,XEPVAP__ligand12660-0
390,XEPVAP__ligand6993-0
391,XEPVAP__ligand1817-0
392,XEPVAP__ligand1779-0
393,XEPVAP__ligand571-0
394,XEPVAP__ligand534-0
395,XEPVAP__ligand9750-0
396,XEPVAP__ligand19257-0
397,XEPVAP__ligand13209-0
398,XEPVAP__ligand670-0
399,XEPVAP__ligand25650-0
400,XEPVAP__ligand7075-0
401,XEPVAP__ligand31248-0
402,XEPVAP__ligand1149-0
403,XEPVAP__ligand3980-0
404,XEPVAP__ligand3557-0
405,XEPVAP__ligand2403-0
406,XEPVAP__ligand14339-0
407,XEPVAP__ligand250-0
408,XEPVAP__ligand30788-0
409,XEPVAP__ligand13691-0
410,XEPVAP__ligand91-0
411,XEPVAP__ligand21752-0
412,XEPVAP__ligand3934-0
413,XEPVAP__ligand6882-0
414,XEPVAP__ligand6455-0
415,XEPVAP__ligand370-0
416,XEPVAP__ligand18757-0
417,XEPVAP__ligand9681-0
418,XEPVAP__ligand24560-0
419,XEPVAP__ligand4332-0
420,XEPVAP__ligand18413-0
421,XEPVAP__ligand20844-0
422,XEPVAP__ligand24624-0
423,XEPVAP__ligand1449-0
424,XEPVAP__ligand3012-0
425,XEPVAP__ligand51-0
426,XEPVAP__ligand1065-0
427,XEPVAP__ligand7530-0
428,XEPVAP__ligand5316-0
429,XEPVAP__ligand785-0
430,XEPVAP__ligand311-0
431,XEPVAP__ligand5483-0
432,XEPVAP__ligand479-0
433,XEPVAP__ligand5627-0
434,XEPVAP__ligand30004-0
435,XEPVAP__ligand564-0
436,XEPVAP__ligand20557-0
437,XEPVAP__ligand1729-0
438,XEPVAP__ligand370-1
439,XEPVAP__ligand2830-0
440,XEPVAP__ligand620-0
441,XEPVAP__ligand21940-0
442,XEPVAP__ligand25048-0
443,XEPVAP__ligand1415-0
444,XEPVAP__ligand6946-0
445,XEPVAP__ligand7529-0
446,XEPVAP__ligand188-0
447,XEPVAP__ligand48-0
448,XEPVAP__ligand16133-0
449,XEPVAP__ligand13755-0
450,XEPVAP__ligand27122-0
451,XEPVAP__ligand20432-0
452,XEPVAP__ligand9148-0
453,XEPVAP__ligand24953-0
454,XEPVAP__ligand23445-0
455,XEPVAP__ligand14477-0
456,XEPVAP__ligand17069-0
457,XEPVAP__ligand17445-0
458,XEPVAP__ligand7107-0
459,XEPVAP__ligand177-0
460,XEPVAP__ligand20731-0
461,XEPVAP__ligand12413-0
462,XEPVAP__ligand29334-0
463,XEPVAP__ligand11798-0
464,XEPVAP__ligand3215-0
465,XEPVAP__ligand4813-0
466,XEPVAP__ligand21448-0
467,XEPVAP__ligand5813-0
468,XEPVAP__ligand4738-0
469,XEPVAP__ligand6062-0
470,XEPVAP__ligand22357-0
471,XEPVAP__ligand11758-0
472,XEPVAP__ligand6283-0
473,XEPVAP__ligand29214-0
474,XEPVAP__ligand909-0
475,XEPVAP__ligand32-0
476,XEPVAP__ligand11501-0
477,XEPVAP__ligand11544-0
478,XEPVAP__ligand27550-0
479,XEPVAP__ligand830-0
480,XEPVAP__ligand2599-0
481,XEPVAP__ligand4330-0
482,XEPVAP__ligand372-0
483,XEPVAP__ligand7532-0
484,XEPVAP__ligand16-0
485,XEPVAP__ligand193-0
486,XEPVAP__ligand14007-0
487,XEPVAP__ligand4194-0
488,XEPVAP__ligand18019-1
489,XEPVAP__ligand23682-0
490,XEPVAP__ligand2068-0
491,XEPVAP__ligand116-0
492,XEPVAP__ligand7925-0
493,XEPVAP__ligand29565-0
494,XEPVAP__ligand252-0
495,XEPVAP__ligand27771-0
496,XEPVAP__ligand18158-0
497,XEPVAP__ligand20942-1
498,XEPVAP__ligand14226-0
499,XEPVAP__ligand21339-0
500,XEPVAP__ligand16956-0
501,XEPVAP__ligand1147-0
502,XEPVAP__ligand3973-0
503,XEPVAP__ligand6672-0
504,XEPVAP__ligand9809-0
505,XEPVAP__ligand1327-0
506,XEPVAP__ligand8722-0
507,XEPVAP__ligand24851-0
508,XEPVAP__ligand13657-0
509,XEPVAP__ligand14347-0
510,XEPVAP__ligand3350-0
511,XEPVAP__ligand14302-0
512,XEPVAP__ligand7573-0
513,XEPVAP__ligand2781-0
514,XEPVAP__ligand20530-0
515,XEPVAP__ligand57-0
516,XEPVAP__ligand197-0
517,XEPVAP__ligand11698-0
518,XEPVAP__ligand2208-0
519,XEPVAP__ligand27610-0
520,XEPVAP__ligand10479-0
521,XEPVAP__ligand3208-0
522,XEPVAP__ligand11479-0
523,XEPVAP__ligand29441-0
524,XEPVAP__ligand10853-0
525,XEPVAP__ligand29813-0
526,XEPVAP__ligand16952-0
527,XEPVAP__ligand1900-0
528,XEPVAP__ligand9197-0
529,XEPVAP__ligand20220-0
530,XEPVAP__ligand2328-0
531,XEPVAP__ligand1773-0
532,XEPVAP__ligand4581-0
533,XEPVAP__ligand3029-0
534,XEPVAP__ligand20121-0
535,XEPVAP__ligand15387-0
536,XEPVAP__ligand7162-0
537,XEPVAP__ligand4-0
538,XEPVAP__ligand868-0
539,XEPVAP__ligand5094-0
540,XEPVAP__ligand5892-0
541,XEPVAP__ligand10151-0
542,XEPVAP__ligand4131-0
543,XEPVAP__ligand1712-0
544,XEPVAP__ligand19906-0
545,XEPVAP__ligand1496-0
546,XEPVAP__ligand19668-0
547,XEPVAP__ligand7557-0
548,XEPVAP__ligand1533-0
549,XEPVAP__ligand22353-0
550,XEPVAP__ligand352-0
551,XEPVAP__ligand783-0
552,XEPVAP__ligand11606-0
553,XEPVAP__ligand3871-0
554,XEPVAP__ligand1469-0
555,XEPVAP__ligand34-0
556,XEPVAP__ligand560-0
557,XEPVAP__ligand31000-0
558,XEPVAP__ligand1768-0
559,XEPVAP__ligand26673-0
560,XEPVAP__ligand4850-0
561,XEPVAP__ligand5056-0
562,XEPVAP__ligand20821-0
563,XEPVAP__ligand1688-0
564,XEPVAP__ligand3647-0
565,XEPVAP__ligand5357-0
566,XEPVAP__ligand3157-0
567,XEPVAP__ligand1165-0
568,XEPVAP__ligand19824-0
569,XEPVAP__ligand9525-0
570,XEPVAP__ligand18067-0
571,XEPVAP__ligand235-0
572,XEPVAP__ligand5935-0
573,XEPVAP__ligand11252-0
574,XEPVAP__ligand1379-0
575,XEPVAP__ligand134-0
576,XEPVAP__ligand2722-0
577,XEPVAP__ligand10582-0
578,XEPVAP__ligand13260-0
579,XEPVAP__ligand5849-0
580,XEPVAP__ligand421-0
581,XEPVAP__ligand31205-0
582,XEPVAP__ligand17686-0
583,XEPVAP__ligand25658-0
584,XEPVAP__ligand11177-0
585,XEPVAP__ligand3392-0
586,XEPVAP__ligand15455-0
587,XEPVAP__ligand68-0
588,XEPVAP__ligand1771-0
589,XEPVAP__ligand4911-0
590,XEPVAP__ligand685-0
591,XEPVAP__ligand8464-0
592,XEPVAP__ligand55-0
593,XEPVAP__ligand1709-0
594,XEPVAP__ligand16870-0
595,XEPVAP__ligand8349-0
596,XEPVAP__ligand294-0
597,XEPVAP__ligand11622-0
598,XEPVAP__ligand11814-0
599,XEPVAP__ligand16603-0
600,XEPVAP__ligand2527-0
601,XEPVAP__ligand3718-0
602,XEPVAP__ligand6616-0
603,XEPVAP__ligand29215-0
604,XEPVAP__ligand3035-0
605,XEPVAP__ligand3876-0
606,XEPVAP__ligand1343-0
607,XEPVAP__ligand4661-0
608,XEPVAP__ligand1844-0
609,XEPVAP__ligand3504-0
610,XEPVAP__ligand12003-0
611,XEPVAP__ligand26631-0
612,XEPVAP__ligand16148-0
613,XEPVAP__ligand1959-0
614,XEPVAP__ligand1573-0
615,XEPVAP__ligand21399-0
616,XEPVAP__ligand1536-0
617,XEPVAP__ligand10872-0
618,XEPVAP__ligand487-0
619,XEPVAP__ligand9935-0
620,XEPVAP__ligand22403-0
621,XEPVAP__ligand746-0
622,XEPVAP__ligand1263-0
623,XEPVAP__ligand9908-0
624,XEPVAP__ligand447-0
625,XEPVAP__ligand7242-0
626,XEPVAP__ligand20695-0
627,XEPVAP__ligand27754-0
628,XEPVAP__ligand7106-0
629,XEPVAP__ligand28540-0
630,XEPVAP__ligand11111-0
631,XEPVAP__ligand16369-0
632,XEPVAP__ligand176-0
633,XEPVAP__ligand4720-0
634,XEPVAP__ligand8969-0
635,XEPVAP__ligand3131-0
636,XEPVAP__ligand1202-0
637,XEPVAP__ligand3937-0
638,XEPVAP__ligand26529-0
639,XEPVAP__ligand3174-0
640,XEPVAP__ligand6839-0
641,XEPVAP__ligand11618-0
642,XEPVAP__ligand152-0
643,XEPVAP__ligand5211-0
644,XEPVAP__ligand1-0
645,XEPVAP__ligand3094-0
646,XEPVAP__ligand4155-0
647,XEPVAP__ligand17-0
648,XEPVAP__ligand506-0
649,XEPVAP__ligand19927-0
650,XEPVAP__ligand14043-0
651,XEPVAP__ligand3852-0
652,XEPVAP__ligand2485-0
653,XEPVAP__ligand28559-0
654,XEPVAP__ligand6919-0
655,XEPVAP__ligand26324-0
656,XEPVAP__ligand21729-0
657,XEPVAP__ligand1512-0
658,XEPVAP__ligand5331-0
659,XEPVAP__ligand27239-0
660,XEPVAP__ligand3565-0
661,XEPVAP__ligand11949-0
662,XEPVAP__ligand4546-0
663,XEPVAP__ligand4503-0
664,XEPVAP__ligand12138-0
665,XEPVAP__ligand24780-0
666,XEPVAP__ligand22129-0
667,XEPVAP__ligand1285-0
668,XEPVAP__ligand25561-0
669,XEPVAP__ligand1982-0
670,XEPVAP__ligand7000-0
671,XEPVAP__ligand8115-0
672,XEPVAP__ligand833-0
673,XEPVAP__ligand6768-0
674,XEPVAP__ligand31694-0
675,XEPVAP__ligand9291-0
676,XEPVAP__ligand2176-0
677,XEPVAP__ligand2232-0
678,XEPVAP__ligand29486-0
679,XEPVAP__ligand4157-0
680,XEPVAP__ligand5256-0
681,XEPVAP__ligand17427-0
682,XEPVAP__ligand3-0
683,XEPVAP__ligand9833-0
684,XEPVAP__ligand7648-0
685,XEPVAP__ligand2828-0
686,XEPVAP__ligand115-0
687,XEPVAP__ligand8876-0
688,XEPVAP__ligand8699-0
689,XEPVAP__ligand368-0
690,XEPVAP__ligand13385-0
691,XEPVAP__ligand1160-0
692,XEPVAP__ligand9520-0
693,XEPVAP__ligand14569-0
694,XEPVAP__ligand3954-0
695,XEPVAP__ligand4442-0
696,XEPVAP__ligand4093-0
697,XEPVAP__ligand24111-0
698,XEPVAP__ligand22444-0
699,XEPVAP__ligand395-0
700,XEPVAP__ligand7629-0
701,XEPVAP__ligand4272-0
702,XEPVAP__ligand13220-0
703,XEPVAP__ligand11587-0
704,XEPVAP__ligand1451-0
705,XEPVAP__ligand9784-0
706,XEPVAP__ligand23175-0
707,XEPVAP__ligand15788-0
708,XEPVAP__ligand17396-0
709,XEPVAP__ligand49-0
710,XEPVAP__ligand30728-0
711,XEPVAP__ligand7238-0
712,XEPVAP__ligand27840-0
713,XEPVAP__ligand1304-0
714,XEPVAP__ligand1790-0
715,XEPVAP__ligand7280-0
716,XEPVAP__ligand89-0
717,XEPVAP__ligand24872-0
718,XEPVAP__ligand6709-0
719,XEPVAP__ligand24644-0
720,XEPVAP__ligand1219-0
721,XEPVAP__ligand10033-0
722,XEPVAP__ligand7867-0
723,XEPVAP__ligand784-0
724,XEPVAP__ligand4016-0
725,XEPVAP__ligand12001-0
726,XEPVAP__ligand30711-0
727,XEPVAP__ligand20207-0
728,XEPVAP__ligand11682-0
729,XEPVAP__ligand6244-0
730,XEPVAP__ligand1378-0
731,XEPVAP__ligand618-0
732,XEPVAP__ligand2915-0
733,XEPVAP__ligand3156-0
734,XEPVAP__ligand16988-0
735,XEPVAP__ligand25913-0
736,XEPVAP__ligand391-0
737,XEPVAP__ligand314-0
738,XEPVAP__ligand780-0
739,XEPVAP__ligand1631-0
740,XEPVAP__ligand16663-0
741,XEPVAP__ligand813-0
742,XEPVAP__ligand9933-0
743,XEPVAP__ligand1575-0
744,XEPVAP__ligand14614-0
745,XEPVAP__ligand1530-0
746,XEPVAP__ligand24035-0
747,XEPVAP__ligand11994-0
748,XEPVAP__ligand2332-0
749,XEPVAP__ligand31044-0
750,XEPVAP__ligand9441-0
751,XEPVAP__ligand31842-0
752,XEPVAP__ligand12365-0
753,XEPVAP__ligand10056-0
754,XEPVAP__ligand9111-0
755,XEPVAP__ligand9952-0
756,XEPVAP__ligand1615-0
757,XEPVAP__ligand11357-0
758,XEPVAP__ligand13862-0
759,XEPVAP__ligand5036-0
760,XEPVAP__ligand2526-0
761,XEPVAP__ligand28743-0
762,XEPVAP__ligand15531-0
763,XEPVAP__ligand11-0
764,XEPVAP__ligand22294-0
765,XEPVAP__ligand1823-0
766,XEPVAP__ligand22168-0
767,XEPVAP__ligand5643-0
768,XEPVAP__ligand28930-0
769,XEPVAP__ligand8721-0
770,XEPVAP__ligand1324-0
771,XEPVAP__ligand21919-0
772,XEPVAP__ligand314-1
773,XEPVAP__ligand7967-0
774,XEPVAP__ligand6124-0
775,XEPVAP__ligand11970-0
776,XEPVAP__ligand3707-0
777,XEPVAP__ligand15883-0
778,XEPVAP__ligand69-0
779,XEPVAP__ligand4116-0
780,XEPVAP__ligand1018-0
781,XEPVAP__ligand24230-0
782,XEPVAP__ligand8992-0
783,XEPVAP__ligand465-0
784,XEPVAP__ligand28810-0
785,XEPVAP__ligand11096-0
786,XEPVAP__ligand11447-0
787,XEPVAP__ligand9601-0
788,XEPVAP__ligand19792-0
789,XEPVAP__ligand10828-0
790,XEPVAP__ligand15926-0
791,XEPVAP__ligand686-0
792,XEPVAP__ligand2028-0
793,XEPVAP__ligand8835-0
794,XEPVAP__ligand7126-0
795,XEPVAP__ligand14167-0
796,XEPVAP__ligand13477-0
797,XEPVAP__ligand27669-0
798,XEPVAP__ligand3234-0
799,XEPVAP__ligand1142-0
800,XEPVAP__ligand422-0
801,XEPVAP__ligand30142-0
802,XEPVAP__ligand27285-0
803,XEPVAP__ligand29029-0
804,XEPVAP__ligand23197-0
805,XEPVAP__ligand4641-0
806,XEPVAP__ligand196-0
807,XEPVAP__ligand6067-0
808,XEPVAP__ligand1577-0
809,XEPVAP__ligand2295-0
810,XEPVAP__ligand10371-0
811,XEPVAP__ligand353-0
812,XEPVAP__ligand4620-0
813,XEPVAP__ligand13672-0
814,XEPVAP__ligand18568-0
815,XEPVAP__ligand28685-0
816,XEPVAP__ligand6102-0
817,XEPVAP__ligand6904-0
818,XEPVAP__ligand3721-0
819,XEPVAP__ligand6596-0
820,XEPVAP__ligand19184-0
821,XEPVAP__ligand3465-0
822,XEPVAP__ligand7819-0
823,XEPVAP__ligand393-0
824,XEPVAP__ligand28459-0
825,XEPVAP__ligand12453-0
826,XEPVAP__ligand18448-0
827,XEPVAP__ligand2917-0
