,TMC
0,TABNEP__ligand1168-0
1,TABNEP__ligand19641-0
2,TABNEP__ligand1294-0
3,TABNEP__ligand15422-0
4,TABNEP__ligand20578-0
5,TABNEP__ligand12934-0
6,TABNEP__ligand27893-0
7,TABNEP__ligand14723-0
8,TABNEP__ligand3632-0
9,TABNEP__ligand3677-0
10,TABNEP__ligand30988-0
11,TABNEP__ligand465-0
12,TABNEP__ligand18832-0
13,TABNEP__ligand27175-0
14,TABNEP__ligand6699-0
15,TABNEP__ligand23713-0
16,TABNEP__ligand1499-0
17,TABNEP__ligand26665-0
18,TABNEP__ligand17631-0
19,TABNEP__ligand2881-0
20,TABNEP__ligand13012-0
21,TABNEP__ligand17258-0
22,TABNEP__ligand14297-0
23,TABNEP__ligand3712-0
24,TABNEP__ligand14603-0
25,TABNEP__ligand1464-0
26,TABNEP__ligand1211-0
27,TABNEP__ligand31783-0
28,TABNEP__ligand314-1
29,TABNEP__ligand6892-0
30,TABNEP__ligand813-0
31,TABNEP__ligand12337-0
32,TABNEP__ligand3736-0
33,TABNEP__ligand29410-0
34,TABNEP__ligand26540-0
35,TABNEP__ligand8000-0
36,TABNEP__ligand780-0
37,TABNEP__ligand314-0
38,TABNEP__ligand17281-0
39,TABNEP__ligand17-0
40,TABNEP__ligand9344-0
41,TABNEP__ligand30296-0
42,TABNEP__ligand12606-0
43,TABNEP__ligand8-0
44,TABNEP__ligand2693-0
45,TABNEP__ligand5383-0
46,TABNEP__ligand30333-0
47,TABNEP__ligand3945-0
48,TABNEP__ligand9299-0
49,TABNEP__ligand27460-0
50,TABNEP__ligand618-0
51,TABNEP__ligand4007-0
52,TABNEP__ligand2985-0
53,TABNEP__ligand16628-0
54,TABNEP__ligand9883-0
55,TABNEP__ligand3677-1
56,TABNEP__ligand20740-0
57,TABNEP__ligand28468-0
58,TABNEP__ligand391-0
59,TABNEP__ligand7291-0
60,TABNEP__ligand12427-0
61,TABNEP__ligand27763-0
62,TABNEP__ligand2238-0
63,TABNEP__ligand10262-0
64,TABNEP__ligand28676-0
65,TABNEP__ligand9167-0
66,TABNEP__ligand5304-0
67,TABNEP__ligand1317-0
68,TABNEP__ligand3867-0
69,TABNEP__ligand13425-0
70,TABNEP__ligand29302-0
71,TABNEP__ligand2822-0
72,TABNEP__ligand393-0
73,TABNEP__ligand7293-0
74,TABNEP__ligand18814-0
75,TABNEP__ligand19057-0
76,TABNEP__ligand353-0
77,TABNEP__ligand14108-0
78,TABNEP__ligand5509-0
79,TABNEP__ligand8002-0
80,TABNEP__ligand6117-0
81,TABNEP__ligand1407-0
82,TABNEP__ligand7762-0
83,TABNEP__ligand5080-0
84,TABNEP__ligand10958-0
85,TABNEP__ligand12641-0
86,TABNEP__ligand25178-0
87,TABNEP__ligand89-0
88,TABNEP__ligand5595-0
89,TABNEP__ligand4101-0
90,TABNEP__ligand23769-0
91,TABNEP__ligand24185-0
92,TABNEP__ligand17805-0
93,TABNEP__ligand2221-0
94,TABNEP__ligand196-0
95,TABNEP__ligand4358-0
96,TABNEP__ligand17302-0
97,TABNEP__ligand3120-0
98,TABNEP__ligand3926-0
99,TABNEP__ligand1197-0
100,TABNEP__ligand12231-0
101,TABNEP__ligand5099-0
102,TABNEP__ligand8592-0
103,TABNEP__ligand1296-0
104,TABNEP__ligand12130-0
105,TABNEP__ligand17387-0
106,TABNEP__ligand686-0
107,TABNEP__ligand12289-0
108,TABNEP__ligand2259-0
109,TABNEP__ligand18292-0
110,TABNEP__ligand13658-0
111,TABNEP__ligand26702-0
112,TABNEP__ligand49-0
113,TABNEP__ligand19830-0
114,TABNEP__ligand13068-0
115,TABNEP__ligand10476-0
116,TABNEP__ligand422-0
117,TABNEP__ligand9773-0
118,TABNEP__ligand24145-0
119,TABNEP__ligand1376-0
120,TABNEP__ligand15585-0
121,TABNEP__ligand5510-0
122,TABNEP__ligand12401-0
123,TABNEP__ligand13208-0
124,TABNEP__ligand8612-0
125,TABNEP__ligand2124-0
126,TABNEP__ligand26810-0
127,TABNEP__ligand27482-0
128,TABNEP__ligand7092-0
129,TABNEP__ligand506-0
130,TABNEP__ligand2260-0
131,TABNEP__ligand1153-0
132,TABNEP__ligand3225-0
133,TABNEP__ligand1116-0
134,TABNEP__ligand7273-0
135,TABNEP__ligand9323-0
136,TABNEP__ligand7172-0
137,TABNEP__ligand5180-0
138,TABNEP__ligand13390-0
139,TABNEP__ligand7316-0
140,TABNEP__ligand20682-0
141,TABNEP__ligand5708-0
142,TABNEP__ligand6017-0
143,TABNEP__ligand152-0
144,TABNEP__ligand11456-0
145,TABNEP__ligand447-0
146,TABNEP__ligand7196-0
147,TABNEP__ligand69-0
148,TABNEP__ligand5159-0
149,TABNEP__ligand14174-0
150,TABNEP__ligand1356-0
151,TABNEP__ligand1787-0
152,TABNEP__ligand746-0
153,TABNEP__ligand10712-0
154,TABNEP__ligand5530-0
155,TABNEP__ligand9753-0
156,TABNEP__ligand3178-0
157,TABNEP__ligand176-0
158,TABNEP__ligand25411-0
159,TABNEP__ligand4807-0
160,TABNEP__ligand4711-0
161,TABNEP__ligand13294-0
162,TABNEP__ligand3244-0
163,TABNEP__ligand31832-0
164,TABNEP__ligand2906-0
165,TABNEP__ligand487-0
166,TABNEP__ligand28884-0
167,TABNEP__ligand13331-0
168,TABNEP__ligand29879-0
169,TABNEP__ligand4649-0
170,TABNEP__ligand14248-0
171,TABNEP__ligand8793-0
172,TABNEP__ligand2788-0
173,TABNEP__ligand5649-0
174,TABNEP__ligand12030-0
175,TABNEP__ligand11-0
176,TABNEP__ligand24047-0
177,TABNEP__ligand22557-0
178,TABNEP__ligand10589-0
179,TABNEP__ligand20598-0
180,TABNEP__ligand11675-0
181,TABNEP__ligand1289-0
182,TABNEP__ligand17398-0
183,TABNEP__ligand2203-0
184,TABNEP__ligand5387-0
185,TABNEP__ligand784-0
186,TABNEP__ligand17982-0
187,TABNEP__ligand29414-0
188,TABNEP__ligand20011-0
189,TABNEP__ligand17278-0
190,TABNEP__ligand20251-1
191,TABNEP__ligand395-0
192,TABNEP__ligand368-0
193,TABNEP__ligand9450-0
194,TABNEP__ligand1599-0
195,TABNEP__ligand14703-0
196,TABNEP__ligand16475-0
197,TABNEP__ligand2612-0
198,TABNEP__ligand1832-0
199,TABNEP__ligand8788-0
200,TABNEP__ligand14117-0
201,TABNEP__ligand2043-0
202,TABNEP__ligand17261-0
203,TABNEP__ligand21581-0
204,TABNEP__ligand31097-0
205,TABNEP__ligand9943-0
206,TABNEP__ligand1228-0
207,TABNEP__ligand115-0
208,TABNEP__ligand20251-0
209,TABNEP__ligand30702-0
210,TABNEP__ligand20214-0
211,TABNEP__ligand1604-0
212,TABNEP__ligand20539-0
213,TABNEP__ligand1114-0
214,TABNEP__ligand14889-0
215,TABNEP__ligand30851-0
216,TABNEP__ligand3126-0
217,TABNEP__ligand6391-0
218,TABNEP__ligand29568-0
219,TABNEP__ligand9284-0
220,TABNEP__ligand28789-0
221,TABNEP__ligand833-0
222,TABNEP__ligand21371-0
223,TABNEP__ligand17118-0
224,TABNEP__ligand2417-0
225,TABNEP__ligand20419-0
226,TABNEP__ligand5415-0
227,TABNEP__ligand28924-0
228,TABNEP__ligand15438-0
229,TABNEP__ligand18703-0
230,TABNEP__ligand783-0
231,TABNEP__ligand352-0
232,TABNEP__ligand51-0
233,TABNEP__ligand4124-0
234,TABNEP__ligand3471-0
235,TABNEP__ligand4161-0
236,TABNEP__ligand29087-0
237,TABNEP__ligand31578-0
238,TABNEP__ligand17207-0
239,TABNEP__ligand91-0
240,TABNEP__ligand2823-0
241,TABNEP__ligand868-0
242,TABNEP__ligand6995-0
243,TABNEP__ligand17945-0
244,TABNEP__ligand18013-0
245,TABNEP__ligand25224-0
246,TABNEP__ligand3180-0
247,TABNEP__ligand24750-0
248,TABNEP__ligand4340-0
249,TABNEP__ligand2281-0
250,TABNEP__ligand2650-0
251,TABNEP__ligand48-0
252,TABNEP__ligand22755-0
253,TABNEP__ligand31618-0
254,TABNEP__ligand11432-0
255,TABNEP__ligand7566-0
256,TABNEP__ligand10432-0
257,TABNEP__ligand26277-0
258,TABNEP__ligand29898-0
259,TABNEP__ligand2001-0
260,TABNEP__ligand8593-0
261,TABNEP__ligand9944-0
262,TABNEP__ligand8553-0
263,TABNEP__ligand197-0
264,TABNEP__ligand1113-0
265,TABNEP__ligand23589-0
266,TABNEP__ligand24064-0
267,TABNEP__ligand5201-0
268,TABNEP__ligand15168-0
269,TABNEP__ligand294-0
270,TABNEP__ligand9615-0
271,TABNEP__ligand10555-0
272,TABNEP__ligand1154-0
273,TABNEP__ligand31483-0
274,TABNEP__ligand19725-0
275,TABNEP__ligand1498-0
276,TABNEP__ligand32-0
277,TABNEP__ligand4596-0
278,TABNEP__ligand24613-0
279,TABNEP__ligand11774-0
280,TABNEP__ligand14586-0
281,TABNEP__ligand421-0
282,TABNEP__ligand21421-0
283,TABNEP__ligand1169-0
284,TABNEP__ligand11568-0
285,TABNEP__ligand685-0
286,TABNEP__ligand20579-0
287,TABNEP__ligand17710-0
288,TABNEP__ligand8529-0
289,TABNEP__ligand1050-0
290,TABNEP__ligand1015-0
291,TABNEP__ligand17590-0
292,TABNEP__ligand2027-0
293,TABNEP__ligand17240-0
294,TABNEP__ligand12682-0
295,TABNEP__ligand134-0
296,TABNEP__ligand18699-0
297,TABNEP__ligand235-0
298,TABNEP__ligand1618-0
299,TABNEP__ligand560-0
300,TABNEP__ligand2692-0
301,TABNEP__ligand12336-0
302,TABNEP__ligand4262-0
303,TABNEP__ligand16-0
304,TABNEP__ligand13072-0
305,TABNEP__ligand1028-0
306,TABNEP__ligand3557-0
307,TABNEP__ligand3980-0
308,TABNEP__ligand188-0
309,TABNEP__ligand1149-0
310,TABNEP__ligand23904-0
311,TABNEP__ligand13257-0
312,TABNEP__ligand7075-0
313,TABNEP__ligand21936-0
314,TABNEP__ligand9750-0
315,TABNEP__ligand12467-0
316,TABNEP__ligand25267-0
317,TABNEP__ligand1779-0
318,TABNEP__ligand1817-0
319,TABNEP__ligand6993-0
320,TABNEP__ligand10084-0
321,TABNEP__ligand311-0
322,TABNEP__ligand785-0
323,TABNEP__ligand27169-0
324,TABNEP__ligand57-0
325,TABNEP__ligand14523-0
326,TABNEP__ligand4167-0
327,TABNEP__ligand479-0
328,TABNEP__ligand18391-0
329,TABNEP__ligand4266-0
330,TABNEP__ligand1400-0
331,TABNEP__ligand9491-0
332,TABNEP__ligand25805-0
333,TABNEP__ligand370-1
334,TABNEP__ligand22981-0
335,TABNEP__ligand20599-0
336,TABNEP__ligand620-0
337,TABNEP__ligand1288-0
338,TABNEP__ligand27074-0
339,TABNEP__ligand564-0
340,TABNEP__ligand18465-0
341,TABNEP__ligand18799-0
342,TABNEP__ligand4207-0
343,TABNEP__ligand370-0
344,TABNEP__ligand3416-0
345,TABNEP__ligand3453-0
346,TABNEP__ligand1150-0
347,TABNEP__ligand28668-0
348,TABNEP__ligand16791-0
349,TABNEP__ligand1539-0
350,TABNEP__ligand11140-0
351,TABNEP__ligand8200-0
352,TABNEP__ligand7438-0
353,TABNEP__ligand4063-0
354,TABNEP__ligand29610-0
355,TABNEP__ligand250-0
356,TABNEP__ligand29863-0
357,TABNEP__ligand18074-0
358,TABNEP__ligand13869-0
359,TABNEP__ligand3042-0
360,TABNEP__ligand11206-0
361,TABNEP__ligand252-0
362,TABNEP__ligand23124-0
363,TABNEP__ligand116-0
364,TABNEP__ligand12519-0
365,TABNEP__ligand25735-0
366,TABNEP__ligand6663-0
367,TABNEP__ligand5515-0
368,TABNEP__ligand1831-0
369,TABNEP__ligand5614-0
370,TABNEP__ligand5280-0
371,TABNEP__ligand34-0
372,TABNEP__ligand372-0
373,TABNEP__ligand1849-0
374,TABNEP__ligand830-0
375,TABNEP__ligand31248-0
376,TABNEP__ligand25650-0
377,TABNEP__ligand19257-0
378,TABNEP__ligand13209-0
379,TABNEP__ligand1216-0
380,TABNEP__ligand5019-0
381,TABNEP__ligand12660-0
382,TABNEP__ligand193-0
383,TABNEP__ligand3261-0
384,TABNEP__ligand1152-0
385,TABNEP__ligand8042-0
386,TABNEP__ligand6112-0
387,TABNEP__ligand21787-0
388,TABNEP__ligand1828-0
389,TABNEP__ligand25575-0
390,TABNEP__ligand25689-0
391,TABNEP__ligand7213-0
392,TABNEP__ligand55-0
393,TABNEP__ligand1397-0
394,TABNEP__ligand5755-0
395,TABNEP__ligand12295-0
396,TABNEP__ligand4710-0
397,TABNEP__ligand27835-0
398,TABNEP__ligand5085-0
399,TABNEP__ligand3144-0
400,TABNEP__ligand909-0
401,TABNEP__ligand21132-0
402,TABNEP__ligand4795-0
403,TABNEP__ligand3285-0
404,TABNEP__ligand11166-0
405,TABNEP__ligand177-0
406,TABNEP__ligand1908-0
407,TABNEP__ligand23906-0
408,TABNEP__ligand5630-0
409,TABNEP__ligand68-0
410,TABNEP__ligand1786-0
411,TABNEP__ligand30539-0
412,TABNEP__ligand3973-0
413,TABNEP__ligand656-0
414,TABNEP__ligand20557-0
415,TABNEP__ligand30004-0
416,TABNEP__ligand1147-0
417,TABNEP__ligand7925-0
418,TABNEP__ligand2068-0
419,TABNEP__ligand23445-0
420,TABNEP__ligand24953-0
421,TABNEP__ligand4194-0
422,TABNEP__ligand20432-0
423,TABNEP__ligand27122-0
424,TABNEP__ligand7532-0
425,TABNEP__ligand16133-0
426,TABNEP__ligand13755-0
427,TABNEP__ligand696-0
428,TABNEP__ligand3-0
429,TABNEP__ligand25048-0
430,TABNEP__ligand4330-0
431,TABNEP__ligand21940-0
432,TABNEP__ligand2599-0
433,TABNEP__ligand416-0
434,TABNEP__ligand38-0
435,TABNEP__ligand383-0
436,TABNEP__ligand6283-0
437,TABNEP__ligand21752-0
438,TABNEP__ligand162-0
439,TABNEP__ligand30788-0
440,TABNEP__ligand6062-0
441,TABNEP__ligand13691-0
442,TABNEP__ligand14339-0
443,TABNEP__ligand4738-0
444,TABNEP__ligand226-0
445,TABNEP__ligand5813-0
446,TABNEP__ligand4813-0
447,TABNEP__ligand3215-0
448,TABNEP__ligand20844-0
449,TABNEP__ligand18413-0
450,TABNEP__ligand24624-0
451,TABNEP__ligand7107-0
452,TABNEP__ligand18757-0
453,TABNEP__ligand24560-0
454,TABNEP__ligand18019-1
455,TABNEP__ligand14007-0
456,TABNEP__ligand9148-0
457,TABNEP__ligand670-0
458,TABNEP__ligand534-0
459,TABNEP__ligand571-0
460,TABNEP__ligand42-0
461,TABNEP__ligand7529-0
462,TABNEP__ligand1415-0
463,TABNEP__ligand6946-0
464,TABNEP__ligand27550-0
465,TABNEP__ligand2830-0
466,TABNEP__ligand1729-0
467,TABNEP__ligand5627-0
468,TABNEP__ligand20942-1
469,TABNEP__ligand16956-0
470,TABNEP__ligand21339-0
471,TABNEP__ligand14226-0
472,TABNEP__ligand18158-0
473,TABNEP__ligand5483-0
474,TABNEP__ligand27771-0
475,TABNEP__ligand5316-0
476,TABNEP__ligand29565-0
477,TABNEP__ligand23682-0
478,TABNEP__ligand7530-0
479,TABNEP__ligand430-0
480,TABNEP__ligand1065-0
481,TABNEP__ligand11798-0
482,TABNEP__ligand358-0
483,TABNEP__ligand12413-0
484,TABNEP__ligand3012-0
485,TABNEP__ligand29334-0
486,TABNEP__ligand1449-0
487,TABNEP__ligand20731-0
488,TABNEP__ligand488-0
489,TABNEP__ligand17445-0
490,TABNEP__ligand4332-0
491,TABNEP__ligand9681-0
492,TABNEP__ligand1-0
493,TABNEP__ligand17069-0
494,TABNEP__ligand694-0
495,TABNEP__ligand14477-0
496,TABNEP__ligand11544-0
497,TABNEP__ligand6455-0
498,TABNEP__ligand6882-0
499,TABNEP__ligand11501-0
500,TABNEP__ligand29214-0
501,TABNEP__ligand3934-0
502,TABNEP__ligand22357-0
503,TABNEP__ligand11758-0
504,TABNEP__ligand21448-0
505,TABNEP__ligand66-0
506,TABNEP__ligand2403-0
507,TABNEP__ligand2527-0
508,TABNEP__ligand10151-0
509,TABNEP__ligand8349-0
510,TABNEP__ligand1709-0
511,TABNEP__ligand8464-0
512,TABNEP__ligand409-0
513,TABNEP__ligand4911-0
514,TABNEP__ligand1771-0
515,TABNEP__ligand361-0
516,TABNEP__ligand324-0
517,TABNEP__ligand22353-0
518,TABNEP__ligand3392-0
519,TABNEP__ligand19668-0
520,TABNEP__ligand5849-0
521,TABNEP__ligand19906-0
522,TABNEP__ligand29441-0
523,TABNEP__ligand10853-0
524,TABNEP__ligand2722-0
525,TABNEP__ligand1379-0
526,TABNEP__ligand5935-0
527,TABNEP__ligand300-0
528,TABNEP__ligand27610-0
529,TABNEP__ligand10479-0
530,TABNEP__ligand11479-0
531,TABNEP__ligand20530-0
532,TABNEP__ligand9525-0
533,TABNEP__ligand11698-0
534,TABNEP__ligand1165-0
535,TABNEP__ligand14302-0
536,TABNEP__ligand14347-0
537,TABNEP__ligand13657-0
538,TABNEP__ligand588-0
539,TABNEP__ligand24851-0
540,TABNEP__ligand3157-0
541,TABNEP__ligand15387-0
542,TABNEP__ligand5357-0
543,TABNEP__ligand3647-0
544,TABNEP__ligand1688-0
545,TABNEP__ligand20121-0
546,TABNEP__ligand5056-0
547,TABNEP__ligand4850-0
548,TABNEP__ligand199-0
549,TABNEP__ligand20220-0
550,TABNEP__ligand1768-0
551,TABNEP__ligand29813-0
552,TABNEP__ligand16952-0
553,TABNEP__ligand1469-0
554,TABNEP__ligand3871-0
555,TABNEP__ligand15455-0
556,TABNEP__ligand11177-0
557,TABNEP__ligand1533-0
558,TABNEP__ligand17686-0
559,TABNEP__ligand25658-0
560,TABNEP__ligand31205-0
561,TABNEP__ligand7557-0
562,TABNEP__ligand1496-0
563,TABNEP__ligand1712-0
564,TABNEP__ligand16603-0
565,TABNEP__ligand4131-0
566,TABNEP__ligand11814-0
567,TABNEP__ligand497-0
568,TABNEP__ligand11622-0
569,TABNEP__ligand633-0
570,TABNEP__ligand5892-0
571,TABNEP__ligand5094-0
572,TABNEP__ligand16870-0
573,TABNEP__ligand7162-0
574,TABNEP__ligand20821-0
575,TABNEP__ligand3029-0
576,TABNEP__ligand4581-0
577,TABNEP__ligand1773-0
578,TABNEP__ligand326-0
579,TABNEP__ligand2328-0
580,TABNEP__ligand26673-0
581,TABNEP__ligand9197-0
582,TABNEP__ligand31000-0
583,TABNEP__ligand1900-0
584,TABNEP__ligand11606-0
585,TABNEP__ligand10582-0
586,TABNEP__ligand13260-0
587,TABNEP__ligand692-0
588,TABNEP__ligand11252-0
589,TABNEP__ligand3208-0
590,TABNEP__ligand2208-0
591,TABNEP__ligand19824-0
592,TABNEP__ligand18067-0
593,TABNEP__ligand18-0
594,TABNEP__ligand2781-0
595,TABNEP__ligand7573-0
596,TABNEP__ligand436-0
597,TABNEP__ligand3350-0
598,TABNEP__ligand8722-0
599,TABNEP__ligand1327-0
600,TABNEP__ligand6672-0
601,TABNEP__ligand9809-0
602,TABNEP__ligand4016-0
603,TABNEP__ligand7867-0
604,TABNEP__ligand6709-0
605,TABNEP__ligand1219-0
606,TABNEP__ligand11618-0
607,TABNEP__ligand7280-0
608,TABNEP__ligand26529-0
609,TABNEP__ligand1790-0
610,TABNEP__ligand1304-0
611,TABNEP__ligand7238-0
612,TABNEP__ligand338-0
613,TABNEP__ligand43-0
614,TABNEP__ligand9784-0
615,TABNEP__ligand1451-0
616,TABNEP__ligand21729-0
617,TABNEP__ligand4272-0
618,TABNEP__ligand27239-0
619,TABNEP__ligand7629-0
620,TABNEP__ligand28559-0
621,TABNEP__ligand26324-0
622,TABNEP__ligand14043-0
623,TABNEP__ligand4442-0
624,TABNEP__ligand4093-0
625,TABNEP__ligand3954-0
626,TABNEP__ligand19927-0
627,TABNEP__ligand9520-0
628,TABNEP__ligand1160-0
629,TABNEP__ligand8699-0
630,TABNEP__ligand2828-0
631,TABNEP__ligand8876-0
632,TABNEP__ligand7648-0
633,TABNEP__ligand9833-0
634,TABNEP__ligand21399-0
635,TABNEP__ligand5256-0
636,TABNEP__ligand10872-0
637,TABNEP__ligand16148-0
638,TABNEP__ligand26631-0
639,TABNEP__ligand4157-0
640,TABNEP__ligand12003-0
641,TABNEP__ligand321-0
642,TABNEP__ligand67-0
643,TABNEP__ligand185-0
644,TABNEP__ligand2232-0
645,TABNEP__ligand279-0
646,TABNEP__ligand29215-0
647,TABNEP__ligand2176-0
648,TABNEP__ligand178-0
649,TABNEP__ligand9291-0
650,TABNEP__ligand6768-0
651,TABNEP__ligand16369-0
652,TABNEP__ligand8115-0
653,TABNEP__ligand28540-0
654,TABNEP__ligand7000-0
655,TABNEP__ligand11111-0
656,TABNEP__ligand1982-0
657,TABNEP__ligand20695-0
658,TABNEP__ligand27754-0
659,TABNEP__ligand201-0
660,TABNEP__ligand1285-0
661,TABNEP__ligand4503-0
662,TABNEP__ligand4546-0
663,TABNEP__ligand22403-0
664,TABNEP__ligand17396-0
665,TABNEP__ligand3565-0
666,TABNEP__ligand23175-0
667,TABNEP__ligand15788-0
668,TABNEP__ligand596-0
669,TABNEP__ligand941-0
670,TABNEP__ligand5331-0
671,TABNEP__ligand1512-0
672,TABNEP__ligand13220-0
673,TABNEP__ligand11587-0
674,TABNEP__ligand24111-0
675,TABNEP__ligand6919-0
676,TABNEP__ligand22444-0
677,TABNEP__ligand2485-0
678,TABNEP__ligand777-0
679,TABNEP__ligand3852-0
680,TABNEP__ligand14569-0
681,TABNEP__ligand13385-0
682,TABNEP__ligand3094-0
683,TABNEP__ligand4155-0
684,TABNEP__ligand12001-0
685,TABNEP__ligand366-0
686,TABNEP__ligand5211-0
687,TABNEP__ligand10033-0
688,TABNEP__ligand24644-0
689,TABNEP__ligand6839-0
690,TABNEP__ligand24872-0
691,TABNEP__ligand1202-0
692,TABNEP__ligand3937-0
693,TABNEP__ligand3174-0
694,TABNEP__ligand3131-0
695,TABNEP__ligand8969-0
696,TABNEP__ligand657-0
697,TABNEP__ligand27840-0
698,TABNEP__ligand4720-0
699,TABNEP__ligand187-0
700,TABNEP__ligand30728-0
701,TABNEP__ligand845-0
702,TABNEP__ligand7106-0
703,TABNEP__ligand25561-0
704,TABNEP__ligand7242-0
705,TABNEP__ligand22129-0
706,TABNEP__ligand12138-0
707,TABNEP__ligand24780-0
708,TABNEP__ligand1263-0
709,TABNEP__ligand9908-0
710,TABNEP__ligand11949-0
711,TABNEP__ligand9935-0
712,TABNEP__ligand163-0
713,TABNEP__ligand17427-0
714,TABNEP__ligand126-0
715,TABNEP__ligand1536-0
716,TABNEP__ligand1573-0
717,TABNEP__ligand1959-0
718,TABNEP__ligand3504-0
719,TABNEP__ligand4661-0
720,TABNEP__ligand1844-0
721,TABNEP__ligand29486-0
722,TABNEP__ligand3035-0
723,TABNEP__ligand3876-0
724,TABNEP__ligand1343-0
725,TABNEP__ligand6616-0
726,TABNEP__ligand31694-0
727,TABNEP__ligand3718-0
728,TABNEP__ligand21919-0
729,TABNEP__ligand2917-0
730,TABNEP__ligand7819-0
731,TABNEP__ligand28930-0
732,TABNEP__ligand22168-0
733,TABNEP__ligand22294-0
734,TABNEP__ligand13862-0
735,TABNEP__ligand11357-0
736,TABNEP__ligand3465-0
737,TABNEP__ligand15531-0
738,TABNEP__ligand28743-0
739,TABNEP__ligand45-0
740,TABNEP__ligand6904-0
741,TABNEP__ligand3721-0
742,TABNEP__ligand6596-0
743,TABNEP__ligand6102-0
744,TABNEP__ligand10056-0
745,TABNEP__ligand12365-0
746,TABNEP__ligand757-0
747,TABNEP__ligand15926-0
748,TABNEP__ligand19792-0
749,TABNEP__ligand10828-0
750,TABNEP__ligand28810-0
751,TABNEP__ligand11096-0
752,TABNEP__ligand4620-0
753,TABNEP__ligand11447-0
754,TABNEP__ligand24230-0
755,TABNEP__ligand78-0
756,TABNEP__ligand15883-0
757,TABNEP__ligand2295-0
758,TABNEP__ligand122-0
759,TABNEP__ligand11970-0
760,TABNEP__ligand6067-0
761,TABNEP__ligand1577-0
762,TABNEP__ligand19-0
763,TABNEP__ligand4641-0
764,TABNEP__ligand16988-0
765,TABNEP__ligand25913-0
766,TABNEP__ligand693-0
767,TABNEP__ligand11682-0
768,TABNEP__ligand30711-0
769,TABNEP__ligand20207-0
770,TABNEP__ligand31842-0
771,TABNEP__ligand31044-0
772,TABNEP__ligand11994-0
773,TABNEP__ligand3234-0
774,TABNEP__ligand1142-0
775,TABNEP__ligand24035-0
776,TABNEP__ligand14614-0
777,TABNEP__ligand7126-0
778,TABNEP__ligand2028-0
779,TABNEP__ligand8835-0
780,TABNEP__ligand16663-0
781,TABNEP__ligand24-0
782,TABNEP__ligand28685-0
783,TABNEP__ligand18568-0
784,TABNEP__ligand9601-0
785,TABNEP__ligand13672-0
786,TABNEP__ligand8992-0
787,TABNEP__ligand1018-0
788,TABNEP__ligand4116-0
789,TABNEP__ligand10371-0
790,TABNEP__ligand3707-0
791,TABNEP__ligand6124-0
792,TABNEP__ligand7967-0
793,TABNEP__ligand18448-0
794,TABNEP__ligand12453-0
795,TABNEP__ligand1324-0
796,TABNEP__ligand8721-0
797,TABNEP__ligand28459-0
798,TABNEP__ligand5643-0
799,TABNEP__ligand1823-0
800,TABNEP__ligand4-0
801,TABNEP__ligand240-0
802,TABNEP__ligand5036-0
803,TABNEP__ligand2526-0
804,TABNEP__ligand1615-0
805,TABNEP__ligand19184-0
806,TABNEP__ligand9111-0
807,TABNEP__ligand9952-0
808,TABNEP__ligand141-0
809,TABNEP__ligand9441-0
810,TABNEP__ligand30142-0
811,TABNEP__ligand2332-0
812,TABNEP__ligand27669-0
813,TABNEP__ligand384-0
814,TABNEP__ligand13477-0
815,TABNEP__ligand14167-0
816,TABNEP__ligand1530-0
817,TABNEP__ligand1575-0
818,TABNEP__ligand9933-0
819,TABNEP__ligand1631-0
820,TABNEP__ligand23197-0
821,TABNEP__ligand3156-0
822,TABNEP__ligand2915-0
823,TABNEP__ligand768-0
824,TABNEP__ligand1378-0
825,TABNEP__ligand6244-0
826,TABNEP__ligand27285-0
827,TABNEP__ligand29029-0
