,TMC
0,QESYOC__ligand5201-0
1,QESYOC__ligand693-0
2,QESYOC__ligand1113-0
3,QESYOC__ligand30004-0
4,QESYOC__ligand20557-0
5,QESYOC__ligand8553-0
6,QESYOC__ligand9944-0
7,QESYOC__ligand8593-0
8,QESYOC__ligand25048-0
9,QESYOC__ligand21940-0
10,QESYOC__ligand2001-0
11,QESYOC__ligand24953-0
12,QESYOC__ligand23445-0
13,QESYOC__ligand7566-0
14,QESYOC__ligand27122-0
15,QESYOC__ligand20432-0
16,QESYOC__ligand13755-0
17,QESYOC__ligand16133-0
18,QESYOC__ligand2281-0
19,QESYOC__ligand2650-0
20,QESYOC__ligand4340-0
21,QESYOC__ligand13691-0
22,QESYOC__ligand30788-0
23,QESYOC__ligand14339-0
24,QESYOC__ligand3180-0
25,QESYOC__ligand6995-0
26,QESYOC__ligand2823-0
27,QESYOC__ligand21752-0
28,QESYOC__ligand24624-0
29,QESYOC__ligand18413-0
30,QESYOC__ligand20844-0
31,QESYOC__ligand4161-0
32,QESYOC__ligand3471-0
33,QESYOC__ligand757-0
34,QESYOC__ligand24560-0
35,QESYOC__ligand4124-0
36,QESYOC__ligand18757-0
37,QESYOC__ligand122-0
38,QESYOC__ligand5415-0
39,QESYOC__ligand1028-0
40,QESYOC__ligand384-0
41,QESYOC__ligand4262-0
42,QESYOC__ligand27550-0
43,QESYOC__ligand18019-1
44,QESYOC__ligand14007-0
45,QESYOC__ligand2692-0
46,QESYOC__ligand1618-0
47,QESYOC__ligand18158-0
48,QESYOC__ligand27771-0
49,QESYOC__ligand29565-0
50,QESYOC__ligand23682-0
51,QESYOC__ligand2027-0
52,QESYOC__ligand1015-0
53,QESYOC__ligand1050-0
54,QESYOC__ligand14226-0
55,QESYOC__ligand21339-0
56,QESYOC__ligand768-0
57,QESYOC__ligand16956-0
58,QESYOC__ligand20942-1
59,QESYOC__ligand17445-0
60,QESYOC__ligand17069-0
61,QESYOC__ligand8529-0
62,QESYOC__ligand14477-0
63,QESYOC__ligand1169-0
64,QESYOC__ligand11798-0
65,QESYOC__ligand29334-0
66,QESYOC__ligand12413-0
67,QESYOC__ligand20731-0
68,QESYOC__ligand11758-0
69,QESYOC__ligand22357-0
70,QESYOC__ligand4596-0
71,QESYOC__ligand18-0
72,QESYOC__ligand1498-0
73,QESYOC__ligand21448-0
74,QESYOC__ligand11501-0
75,QESYOC__ligand11544-0
76,QESYOC__ligand141-0
77,QESYOC__ligand1154-0
78,QESYOC__ligand9615-0
79,QESYOC__ligand29214-0
80,QESYOC__ligand240-0
81,QESYOC__ligand3042-0
82,QESYOC__ligand321-0
83,QESYOC__ligand4063-0
84,QESYOC__ligand178-0
85,QESYOC__ligand8200-0
86,QESYOC__ligand7438-0
87,QESYOC__ligand185-0
88,QESYOC__ligand279-0
89,QESYOC__ligand10151-0
90,QESYOC__ligand1539-0
91,QESYOC__ligand201-0
92,QESYOC__ligand4-0
93,QESYOC__ligand19668-0
94,QESYOC__ligand19906-0
95,QESYOC__ligand1150-0
96,QESYOC__ligand3453-0
97,QESYOC__ligand3416-0
98,QESYOC__ligand4207-0
99,QESYOC__ligand22353-0
100,QESYOC__ligand11698-0
101,QESYOC__ligand20530-0
102,QESYOC__ligand13657-0
103,QESYOC__ligand14347-0
104,QESYOC__ligand14302-0
105,QESYOC__ligand1288-0
106,QESYOC__ligand24851-0
107,QESYOC__ligand10853-0
108,QESYOC__ligand9491-0
109,QESYOC__ligand338-0
110,QESYOC__ligand29441-0
111,QESYOC__ligand1400-0
112,QESYOC__ligand4266-0
113,QESYOC__ligand4167-0
114,QESYOC__ligand38-0
115,QESYOC__ligand11479-0
116,QESYOC__ligand10479-0
117,QESYOC__ligand27610-0
118,QESYOC__ligand6993-0
119,QESYOC__ligand1817-0
120,QESYOC__ligand1779-0
121,QESYOC__ligand16952-0
122,QESYOC__ligand29813-0
123,QESYOC__ligand9750-0
124,QESYOC__ligand15387-0
125,QESYOC__ligand20121-0
126,QESYOC__ligand7075-0
127,QESYOC__ligand1149-0
128,QESYOC__ligand20220-0
129,QESYOC__ligand3980-0
130,QESYOC__ligand3557-0
131,QESYOC__ligand25658-0
132,QESYOC__ligand17686-0
133,QESYOC__ligand31205-0
134,QESYOC__ligand1786-0
135,QESYOC__ligand42-0
136,QESYOC__ligand5630-0
137,QESYOC__ligand845-0
138,QESYOC__ligand1908-0
139,QESYOC__ligand15455-0
140,QESYOC__ligand3285-0
141,QESYOC__ligand4795-0
142,QESYOC__ligand11177-0
143,QESYOC__ligand11622-0
144,QESYOC__ligand3144-0
145,QESYOC__ligand5085-0
146,QESYOC__ligand16870-0
147,QESYOC__ligand163-0
148,QESYOC__ligand4710-0
149,QESYOC__ligand126-0
150,QESYOC__ligand5755-0
151,QESYOC__ligand1397-0
152,QESYOC__ligand7213-0
153,QESYOC__ligand1828-0
154,QESYOC__ligand16603-0
155,QESYOC__ligand6112-0
156,QESYOC__ligand8042-0
157,QESYOC__ligand11814-0
158,QESYOC__ligand1152-0
159,QESYOC__ligand596-0
160,QESYOC__ligand31000-0
161,QESYOC__ligand941-0
162,QESYOC__ligand3261-0
163,QESYOC__ligand5019-0
164,QESYOC__ligand1216-0
165,QESYOC__ligand11606-0
166,QESYOC__ligand20821-0
167,QESYOC__ligand1849-0
168,QESYOC__ligand26673-0
169,QESYOC__ligand777-0
170,QESYOC__ligand5280-0
171,QESYOC__ligand5614-0
172,QESYOC__ligand18067-0
173,QESYOC__ligand19824-0
174,QESYOC__ligand1831-0
175,QESYOC__ligand66-0
176,QESYOC__ligand5515-0
177,QESYOC__ligand6663-0
178,QESYOC__ligand366-0
179,QESYOC__ligand13260-0
180,QESYOC__ligand10582-0
181,QESYOC__ligand187-0
182,QESYOC__ligand11252-0
183,QESYOC__ligand657-0
184,QESYOC__ligand7291-0
185,QESYOC__ligand300-0
186,QESYOC__ligand26529-0
187,QESYOC__ligand9883-0
188,QESYOC__ligand3677-1
189,QESYOC__ligand45-0
190,QESYOC__ligand588-0
191,QESYOC__ligand2985-0
192,QESYOC__ligand4007-0
193,QESYOC__ligand11618-0
194,QESYOC__ligand9299-0
195,QESYOC__ligand3945-0
196,QESYOC__ligand26324-0
197,QESYOC__ligand28559-0
198,QESYOC__ligand199-0
199,QESYOC__ligand14043-0
200,QESYOC__ligand19927-0
201,QESYOC__ligand5383-0
202,QESYOC__ligand2693-0
203,QESYOC__ligand9344-0
204,QESYOC__ligand78-0
205,QESYOC__ligand8000-0
206,QESYOC__ligand27239-0
207,QESYOC__ligand21729-0
208,QESYOC__ligand3736-0
209,QESYOC__ligand6892-0
210,QESYOC__ligand29215-0
211,QESYOC__ligand1211-0
212,QESYOC__ligand1-0
213,QESYOC__ligand1464-0
214,QESYOC__ligand3712-0
215,QESYOC__ligand10872-0
216,QESYOC__ligand21399-0
217,QESYOC__ligand19-0
218,QESYOC__ligand26631-0
219,QESYOC__ligand16148-0
220,QESYOC__ligand2881-0
221,QESYOC__ligand12003-0
222,QESYOC__ligand1499-0
223,QESYOC__ligand6699-0
224,QESYOC__ligand24-0
225,QESYOC__ligand409-0
226,QESYOC__ligand22403-0
227,QESYOC__ligand361-0
228,QESYOC__ligand324-0
229,QESYOC__ligand3677-0
230,QESYOC__ligand3632-0
231,QESYOC__ligand16369-0
232,QESYOC__ligand11111-0
233,QESYOC__ligand28540-0
234,QESYOC__ligand27754-0
235,QESYOC__ligand20695-0
236,QESYOC__ligand1294-0
237,QESYOC__ligand1168-0
238,QESYOC__ligand22444-0
239,QESYOC__ligand5510-0
240,QESYOC__ligand1376-0
241,QESYOC__ligand24111-0
242,QESYOC__ligand326-0
243,QESYOC__ligand9773-0
244,QESYOC__ligand14569-0
245,QESYOC__ligand13385-0
246,QESYOC__ligand17396-0
247,QESYOC__ligand2259-0
248,QESYOC__ligand15788-0
249,QESYOC__ligand1296-0
250,QESYOC__ligand23175-0
251,QESYOC__ligand11587-0
252,QESYOC__ligand13220-0
253,QESYOC__ligand8592-0
254,QESYOC__ligand5099-0
255,QESYOC__ligand1197-0
256,QESYOC__ligand3926-0
257,QESYOC__ligand24872-0
258,QESYOC__ligand692-0
259,QESYOC__ligand3120-0
260,QESYOC__ligand3-0
261,QESYOC__ligand4358-0
262,QESYOC__ligand2221-0
263,QESYOC__ligand27840-0
264,QESYOC__ligand30728-0
265,QESYOC__ligand12001-0
266,QESYOC__ligand4101-0
267,QESYOC__ligand5595-0
268,QESYOC__ligand10033-0
269,QESYOC__ligand24644-0
270,QESYOC__ligand436-0
271,QESYOC__ligand22129-0
272,QESYOC__ligand24780-0
273,QESYOC__ligand12138-0
274,QESYOC__ligand11949-0
275,QESYOC__ligand5080-0
276,QESYOC__ligand7762-0
277,QESYOC__ligand1407-0
278,QESYOC__ligand6117-0
279,QESYOC__ligand8002-0
280,QESYOC__ligand5509-0
281,QESYOC__ligand25561-0
282,QESYOC__ligand29486-0
283,QESYOC__ligand497-0
284,QESYOC__ligand7293-0
285,QESYOC__ligand2822-0
286,QESYOC__ligand3867-0
287,QESYOC__ligand1317-0
288,QESYOC__ligand31694-0
289,QESYOC__ligand5304-0
290,QESYOC__ligand9167-0
291,QESYOC__ligand17427-0
292,QESYOC__ligand633-0
293,QESYOC__ligand2238-0
294,QESYOC__ligand383-0
295,QESYOC__ligand28743-0
296,QESYOC__ligand2788-0
297,QESYOC__ligand5649-0
298,QESYOC__ligand15531-0
299,QESYOC__ligand8793-0
300,QESYOC__ligand4649-0
301,QESYOC__ligand13862-0
302,QESYOC__ligand11357-0
303,QESYOC__ligand416-0
304,QESYOC__ligand12365-0
305,QESYOC__ligand10056-0
306,QESYOC__ligand21919-0
307,QESYOC__ligand226-0
308,QESYOC__ligand2906-0
309,QESYOC__ligand22168-0
310,QESYOC__ligand28930-0
311,QESYOC__ligand3244-0
312,QESYOC__ligand162-0
313,QESYOC__ligand4711-0
314,QESYOC__ligand22294-0
315,QESYOC__ligand4807-0
316,QESYOC__ligand15883-0
317,QESYOC__ligand3178-0
318,QESYOC__ligand11970-0
319,QESYOC__ligand9753-0
320,QESYOC__ligand15926-0
321,QESYOC__ligand10828-0
322,QESYOC__ligand5530-0
323,QESYOC__ligand19792-0
324,QESYOC__ligand1356-0
325,QESYOC__ligand1787-0
326,QESYOC__ligand43-0
327,QESYOC__ligand11447-0
328,QESYOC__ligand11096-0
329,QESYOC__ligand28810-0
330,QESYOC__ligand5159-0
331,QESYOC__ligand7196-0
332,QESYOC__ligand24230-0
333,QESYOC__ligand6017-0
334,QESYOC__ligand11682-0
335,QESYOC__ligand5708-0
336,QESYOC__ligand7316-0
337,QESYOC__ligand20207-0
338,QESYOC__ligand30711-0
339,QESYOC__ligand656-0
340,QESYOC__ligand67-0
341,QESYOC__ligand25913-0
342,QESYOC__ligand5180-0
343,QESYOC__ligand16988-0
344,QESYOC__ligand14614-0
345,QESYOC__ligand7172-0
346,QESYOC__ligand9323-0
347,QESYOC__ligand16663-0
348,QESYOC__ligand7273-0
349,QESYOC__ligand1116-0
350,QESYOC__ligand31044-0
351,QESYOC__ligand3225-0
352,QESYOC__ligand31842-0
353,QESYOC__ligand1153-0
354,QESYOC__ligand2260-0
355,QESYOC__ligand7092-0
356,QESYOC__ligand11994-0
357,QESYOC__ligand24035-0
358,QESYOC__ligand696-0
359,QESYOC__ligand2124-0
360,QESYOC__ligand8612-0
361,QESYOC__ligand2417-0
362,QESYOC__ligand10371-0
363,QESYOC__ligand488-0
364,QESYOC__ligand430-0
365,QESYOC__ligand358-0
366,QESYOC__ligand18568-0
367,QESYOC__ligand28685-0
368,QESYOC__ligand9284-0
369,QESYOC__ligand694-0
370,QESYOC__ligand3126-0
371,QESYOC__ligand6391-0
372,QESYOC__ligand13672-0
373,QESYOC__ligand1114-0
374,QESYOC__ligand1604-0
375,QESYOC__ligand19184-0
376,QESYOC__ligand9943-0
377,QESYOC__ligand1228-0
378,QESYOC__ligand12453-0
379,QESYOC__ligand18448-0
380,QESYOC__ligand28459-0
381,QESYOC__ligand2043-0
382,QESYOC__ligand8788-0
383,QESYOC__ligand1832-0
384,QESYOC__ligand2612-0
385,QESYOC__ligand534-0
386,QESYOC__ligand571-0
387,QESYOC__ligand1599-0
388,QESYOC__ligand670-0
389,QESYOC__ligand30142-0
390,QESYOC__ligand9450-0
391,QESYOC__ligand27669-0
392,QESYOC__ligand14167-0
393,QESYOC__ligand13477-0
394,QESYOC__ligand29029-0
395,QESYOC__ligand27285-0
396,QESYOC__ligand5387-0
397,QESYOC__ligand2203-0
398,QESYOC__ligand1289-0
399,QESYOC__ligand23197-0
400,QESYOC__ligand30988-0
401,QESYOC__ligand4546-0
402,QESYOC__ligand4503-0
403,QESYOC__ligand370-0
404,QESYOC__ligand23713-0
405,QESYOC__ligand27175-0
406,QESYOC__ligand18832-0
407,QESYOC__ligand1285-0
408,QESYOC__ligand19641-0
409,QESYOC__ligand12934-0
410,QESYOC__ligand20578-0
411,QESYOC__ligand15422-0
412,QESYOC__ligand1982-0
413,QESYOC__ligand27893-0
414,QESYOC__ligand7000-0
415,QESYOC__ligand8115-0
416,QESYOC__ligand14723-0
417,QESYOC__ligand6768-0
418,QESYOC__ligand9291-0
419,QESYOC__ligand2176-0
420,QESYOC__ligand250-0
421,QESYOC__ligand31783-0
422,QESYOC__ligand2232-0
423,QESYOC__ligand4157-0
424,QESYOC__ligand26665-0
425,QESYOC__ligand13012-0
426,QESYOC__ligand17631-0
427,QESYOC__ligand5256-0
428,QESYOC__ligand17258-0
429,QESYOC__ligand9833-0
430,QESYOC__ligand14603-0
431,QESYOC__ligand14297-0
432,QESYOC__ligand7648-0
433,QESYOC__ligand2828-0
434,QESYOC__ligand8876-0
435,QESYOC__ligand8699-0
436,QESYOC__ligand1160-0
437,QESYOC__ligand9520-0
438,QESYOC__ligand12606-0
439,QESYOC__ligand30333-0
440,QESYOC__ligand3954-0
441,QESYOC__ligand4442-0
442,QESYOC__ligand4093-0
443,QESYOC__ligand188-0
444,QESYOC__ligand29410-0
445,QESYOC__ligand12337-0
446,QESYOC__ligand7629-0
447,QESYOC__ligand26540-0
448,QESYOC__ligand4272-0
449,QESYOC__ligand1451-0
450,QESYOC__ligand9784-0
451,QESYOC__ligand17281-0
452,QESYOC__ligand30296-0
453,QESYOC__ligand69-0
454,QESYOC__ligand16628-0
455,QESYOC__ligand7238-0
456,QESYOC__ligand11-0
457,QESYOC__ligand1304-0
458,QESYOC__ligand311-0
459,QESYOC__ligand785-0
460,QESYOC__ligand1790-0
461,QESYOC__ligand28468-0
462,QESYOC__ligand20740-0
463,QESYOC__ligand7280-0
464,QESYOC__ligand12427-0
465,QESYOC__ligand479-0
466,QESYOC__ligand1219-0
467,QESYOC__ligand6709-0
468,QESYOC__ligand564-0
469,QESYOC__ligand7867-0
470,QESYOC__ligand27460-0
471,QESYOC__ligand370-1
472,QESYOC__ligand4016-0
473,QESYOC__ligand620-0
474,QESYOC__ligand29302-0
475,QESYOC__ligand13425-0
476,QESYOC__ligand3718-0
477,QESYOC__ligand6616-0
478,QESYOC__ligand1343-0
479,QESYOC__ligand3876-0
480,QESYOC__ligand3035-0
481,QESYOC__ligand1844-0
482,QESYOC__ligand4661-0
483,QESYOC__ligand19057-0
484,QESYOC__ligand18814-0
485,QESYOC__ligand3504-0
486,QESYOC__ligand27763-0
487,QESYOC__ligand28676-0
488,QESYOC__ligand10262-0
489,QESYOC__ligand1959-0
490,QESYOC__ligand909-0
491,QESYOC__ligand1573-0
492,QESYOC__ligand1536-0
493,QESYOC__ligand9935-0
494,QESYOC__ligand10958-0
495,QESYOC__ligand1263-0
496,QESYOC__ligand9908-0
497,QESYOC__ligand12641-0
498,QESYOC__ligand177-0
499,QESYOC__ligand7242-0
500,QESYOC__ligand7106-0
501,QESYOC__ligand14108-0
502,QESYOC__ligand4720-0
503,QESYOC__ligand116-0
504,QESYOC__ligand17805-0
505,QESYOC__ligand8969-0
506,QESYOC__ligand3131-0
507,QESYOC__ligand252-0
508,QESYOC__ligand3174-0
509,QESYOC__ligand3937-0
510,QESYOC__ligand1202-0
511,QESYOC__ligand6839-0
512,QESYOC__ligand17302-0
513,QESYOC__ligand25178-0
514,QESYOC__ligand5211-0
515,QESYOC__ligand23769-0
516,QESYOC__ligand3094-0
517,QESYOC__ligand4155-0
518,QESYOC__ligand24185-0
519,QESYOC__ligand13068-0
520,QESYOC__ligand19830-0
521,QESYOC__ligand830-0
522,QESYOC__ligand10476-0
523,QESYOC__ligand3852-0
524,QESYOC__ligand24145-0
525,QESYOC__ligand372-0
526,QESYOC__ligand2485-0
527,QESYOC__ligand12401-0
528,QESYOC__ligand15585-0
529,QESYOC__ligand6919-0
530,QESYOC__ligand12231-0
531,QESYOC__ligand193-0
532,QESYOC__ligand1512-0
533,QESYOC__ligand5331-0
534,QESYOC__ligand17387-0
535,QESYOC__ligand12130-0
536,QESYOC__ligand26702-0
537,QESYOC__ligand3565-0
538,QESYOC__ligand13658-0
539,QESYOC__ligand18292-0
540,QESYOC__ligand12289-0
541,QESYOC__ligand2028-0
542,QESYOC__ligand8835-0
543,QESYOC__ligand7126-0
544,QESYOC__ligand13208-0
545,QESYOC__ligand27482-0
546,QESYOC__ligand1142-0
547,QESYOC__ligand3234-0
548,QESYOC__ligand26810-0
549,QESYOC__ligand20682-0
550,QESYOC__ligand197-0
551,QESYOC__ligand4641-0
552,QESYOC__ligand13390-0
553,QESYOC__ligand1577-0
554,QESYOC__ligand6067-0
555,QESYOC__ligand2295-0
556,QESYOC__ligand25411-0
557,QESYOC__ligand11456-0
558,QESYOC__ligand17-0
559,QESYOC__ligand4620-0
560,QESYOC__ligand10712-0
561,QESYOC__ligand14174-0
562,QESYOC__ligand783-0
563,QESYOC__ligand352-0
564,QESYOC__ligand6102-0
565,QESYOC__ligand3721-0
566,QESYOC__ligand6904-0
567,QESYOC__ligand6596-0
568,QESYOC__ligand13331-0
569,QESYOC__ligand28884-0
570,QESYOC__ligand3465-0
571,QESYOC__ligand14248-0
572,QESYOC__ligand29879-0
573,QESYOC__ligand868-0
574,QESYOC__ligand12030-0
575,QESYOC__ligand13294-0
576,QESYOC__ligand31832-0
577,QESYOC__ligand7819-0
578,QESYOC__ligand2917-0
579,QESYOC__ligand6244-0
580,QESYOC__ligand29414-0
581,QESYOC__ligand1378-0
582,QESYOC__ligand17982-0
583,QESYOC__ligand17278-0
584,QESYOC__ligand20011-0
585,QESYOC__ligand10589-0
586,QESYOC__ligand22557-0
587,QESYOC__ligand2915-0
588,QESYOC__ligand24047-0
589,QESYOC__ligand3156-0
590,QESYOC__ligand235-0
591,QESYOC__ligand11675-0
592,QESYOC__ligand20598-0
593,QESYOC__ligand17398-0
594,QESYOC__ligand134-0
595,QESYOC__ligand1631-0
596,QESYOC__ligand9933-0
597,QESYOC__ligand16475-0
598,QESYOC__ligand14703-0
599,QESYOC__ligand1575-0
600,QESYOC__ligand560-0
601,QESYOC__ligand1530-0
602,QESYOC__ligand20251-1
603,QESYOC__ligand2332-0
604,QESYOC__ligand9441-0
605,QESYOC__ligand31097-0
606,QESYOC__ligand21581-0
607,QESYOC__ligand9952-0
608,QESYOC__ligand9111-0
609,QESYOC__ligand294-0
610,QESYOC__ligand1615-0
611,QESYOC__ligand2526-0
612,QESYOC__ligand5036-0
613,QESYOC__ligand20214-0
614,QESYOC__ligand30702-0
615,QESYOC__ligand20251-0
616,QESYOC__ligand20539-0
617,QESYOC__ligand1823-0
618,QESYOC__ligand5643-0
619,QESYOC__ligand17261-0
620,QESYOC__ligand8721-0
621,QESYOC__ligand14117-0
622,QESYOC__ligand1324-0
623,QESYOC__ligand89-0
624,QESYOC__ligand28789-0
625,QESYOC__ligand7967-0
626,QESYOC__ligand6124-0
627,QESYOC__ligand421-0
628,QESYOC__ligand3707-0
629,QESYOC__ligand17118-0
630,QESYOC__ligand49-0
631,QESYOC__ligand21371-0
632,QESYOC__ligand4116-0
633,QESYOC__ligand1018-0
634,QESYOC__ligand20419-0
635,QESYOC__ligand8992-0
636,QESYOC__ligand30851-0
637,QESYOC__ligand14889-0
638,QESYOC__ligand9601-0
639,QESYOC__ligand685-0
640,QESYOC__ligand29568-0
641,QESYOC__ligand18703-0
642,QESYOC__ligand746-0
643,QESYOC__ligand7107-0
644,QESYOC__ligand447-0
645,QESYOC__ligand29087-0
646,QESYOC__ligand28924-0
647,QESYOC__ligand15438-0
648,QESYOC__ligand176-0
649,QESYOC__ligand3215-0
650,QESYOC__ligand4813-0
651,QESYOC__ligand5813-0
652,QESYOC__ligand4738-0
653,QESYOC__ligand6062-0
654,QESYOC__ligand24750-0
655,QESYOC__ligand17207-0
656,QESYOC__ligand31578-0
657,QESYOC__ligand6283-0
658,QESYOC__ligand17945-0
659,QESYOC__ligand57-0
660,QESYOC__ligand487-0
661,QESYOC__ligand25224-0
662,QESYOC__ligand18013-0
663,QESYOC__ligand2599-0
664,QESYOC__ligand506-0
665,QESYOC__ligand4330-0
666,QESYOC__ligand22755-0
667,QESYOC__ligand7532-0
668,QESYOC__ligand10432-0
669,QESYOC__ligand11432-0
670,QESYOC__ligand31618-0
671,QESYOC__ligand29898-0
672,QESYOC__ligand26277-0
673,QESYOC__ligand4194-0
674,QESYOC__ligand2068-0
675,QESYOC__ligand7925-0
676,QESYOC__ligand15168-0
677,QESYOC__ligand152-0
678,QESYOC__ligand1147-0
679,QESYOC__ligand23589-0
680,QESYOC__ligand3973-0
681,QESYOC__ligand24064-0
682,QESYOC__ligand2403-0
683,QESYOC__ligand19725-0
684,QESYOC__ligand24613-0
685,QESYOC__ligand3934-0
686,QESYOC__ligand10555-0
687,QESYOC__ligand31483-0
688,QESYOC__ligand115-0
689,QESYOC__ligand6882-0
690,QESYOC__ligand6455-0
691,QESYOC__ligand11568-0
692,QESYOC__ligand17710-0
693,QESYOC__ligand20579-0
694,QESYOC__ligand9681-0
695,QESYOC__ligand4332-0
696,QESYOC__ligand14586-0
697,QESYOC__ligand11774-0
698,QESYOC__ligand1449-0
699,QESYOC__ligand3012-0
700,QESYOC__ligand34-0
701,QESYOC__ligand833-0
702,QESYOC__ligand21421-0
703,QESYOC__ligand1065-0
704,QESYOC__ligand7530-0
705,QESYOC__ligand18699-0
706,QESYOC__ligand8-0
707,QESYOC__ligand12682-0
708,QESYOC__ligand5316-0
709,QESYOC__ligand5483-0
710,QESYOC__ligand5627-0
711,QESYOC__ligand17590-0
712,QESYOC__ligand1729-0
713,QESYOC__ligand55-0
714,QESYOC__ligand784-0
715,QESYOC__ligand2830-0
716,QESYOC__ligand17240-0
717,QESYOC__ligand368-0
718,QESYOC__ligand12336-0
719,QESYOC__ligand6946-0
720,QESYOC__ligand1415-0
721,QESYOC__ligand13072-0
722,QESYOC__ligand7529-0
723,QESYOC__ligand395-0
724,QESYOC__ligand68-0
725,QESYOC__ligand9148-0
726,QESYOC__ligand3871-0
727,QESYOC__ligand780-0
728,QESYOC__ligand314-0
729,QESYOC__ligand12467-0
730,QESYOC__ligand1469-0
731,QESYOC__ligand813-0
732,QESYOC__ligand25267-0
733,QESYOC__ligand10084-0
734,QESYOC__ligand51-0
735,QESYOC__ligand1768-0
736,QESYOC__ligand23904-0
737,QESYOC__ligand4850-0
738,QESYOC__ligand5056-0
739,QESYOC__ligand1688-0
740,QESYOC__ligand13257-0
741,QESYOC__ligand21936-0
742,QESYOC__ligand3647-0
743,QESYOC__ligand5357-0
744,QESYOC__ligand22981-0
745,QESYOC__ligand25805-0
746,QESYOC__ligand3157-0
747,QESYOC__ligand20599-0
748,QESYOC__ligand27074-0
749,QESYOC__ligand1165-0
750,QESYOC__ligand618-0
751,QESYOC__ligand9525-0
752,QESYOC__ligand14523-0
753,QESYOC__ligand27169-0
754,QESYOC__ligand18391-0
755,QESYOC__ligand5935-0
756,QESYOC__ligand391-0
757,QESYOC__ligand91-0
758,QESYOC__ligand1379-0
759,QESYOC__ligand2722-0
760,QESYOC__ligand5849-0
761,QESYOC__ligand28668-0
762,QESYOC__ligand16791-0
763,QESYOC__ligand18465-0
764,QESYOC__ligand465-0
765,QESYOC__ligand3392-0
766,QESYOC__ligand18799-0
767,QESYOC__ligand1771-0
768,QESYOC__ligand48-0
769,QESYOC__ligand4911-0
770,QESYOC__ligand8464-0
771,QESYOC__ligand1709-0
772,QESYOC__ligand29863-0
773,QESYOC__ligand13869-0
774,QESYOC__ligand18074-0
775,QESYOC__ligand8349-0
776,QESYOC__ligand11140-0
777,QESYOC__ligand2527-0
778,QESYOC__ligand29610-0
779,QESYOC__ligand314-1
780,QESYOC__ligand6672-0
781,QESYOC__ligand9809-0
782,QESYOC__ligand1327-0
783,QESYOC__ligand8722-0
784,QESYOC__ligand3350-0
785,QESYOC__ligand7573-0
786,QESYOC__ligand2781-0
787,QESYOC__ligand32-0
788,QESYOC__ligand2208-0
789,QESYOC__ligand3208-0
790,QESYOC__ligand11206-0
791,QESYOC__ligand23124-0
792,QESYOC__ligand196-0
793,QESYOC__ligand25735-0
794,QESYOC__ligand12519-0
795,QESYOC__ligand686-0
796,QESYOC__ligand13209-0
797,QESYOC__ligand19257-0
798,QESYOC__ligand1900-0
799,QESYOC__ligand9197-0
800,QESYOC__ligand12660-0
801,QESYOC__ligand2328-0
802,QESYOC__ligand1773-0
803,QESYOC__ligand4581-0
804,QESYOC__ligand31248-0
805,QESYOC__ligand3029-0
806,QESYOC__ligand25650-0
807,QESYOC__ligand7162-0
808,QESYOC__ligand422-0
809,QESYOC__ligand12295-0
810,QESYOC__ligand27835-0
811,QESYOC__ligand5094-0
812,QESYOC__ligand5892-0
813,QESYOC__ligand25575-0
814,QESYOC__ligand4131-0
815,QESYOC__ligand393-0
816,QESYOC__ligand21787-0
817,QESYOC__ligand1712-0
818,QESYOC__ligand25689-0
819,QESYOC__ligand16-0
820,QESYOC__ligand1496-0
821,QESYOC__ligand7557-0
822,QESYOC__ligand30539-0
823,QESYOC__ligand353-0
824,QESYOC__ligand1533-0
825,QESYOC__ligand21132-0
826,QESYOC__ligand11166-0
827,QESYOC__ligand23906-0
