,TMC
0,YUDYAY__ligand1113-0
1,YUDYAY__ligand8553-0
2,YUDYAY__ligand12682-0
3,YUDYAY__ligand18699-0
4,YUDYAY__ligand17240-0
5,YUDYAY__ligand5201-0
6,YUDYAY__ligand17590-0
7,YUDYAY__ligand909-0
8,YUDYAY__ligand7566-0
9,YUDYAY__ligand13072-0
10,YUDYAY__ligand177-0
11,YUDYAY__ligand2001-0
12,YUDYAY__ligand12336-0
13,YUDYAY__ligand9944-0
14,YUDYAY__ligand8593-0
15,YUDYAY__ligand252-0
16,YUDYAY__ligand24613-0
17,YUDYAY__ligand2823-0
18,YUDYAY__ligand116-0
19,YUDYAY__ligand19725-0
20,YUDYAY__ligand6995-0
21,YUDYAY__ligand57-0
22,YUDYAY__ligand31483-0
23,YUDYAY__ligand3180-0
24,YUDYAY__ligand10555-0
25,YUDYAY__ligand2650-0
26,YUDYAY__ligand2281-0
27,YUDYAY__ligand4340-0
28,YUDYAY__ligand372-0
29,YUDYAY__ligand5415-0
30,YUDYAY__ligand830-0
31,YUDYAY__ligand20579-0
32,YUDYAY__ligand17710-0
33,YUDYAY__ligand11568-0
34,YUDYAY__ligand4124-0
35,YUDYAY__ligand4161-0
36,YUDYAY__ligand3471-0
37,YUDYAY__ligand21421-0
38,YUDYAY__ligand11774-0
39,YUDYAY__ligand193-0
40,YUDYAY__ligand14586-0
41,YUDYAY__ligand2692-0
42,YUDYAY__ligand68-0
43,YUDYAY__ligand1618-0
44,YUDYAY__ligand370-0
45,YUDYAY__ligand4262-0
46,YUDYAY__ligand26277-0
47,YUDYAY__ligand29898-0
48,YUDYAY__ligand31618-0
49,YUDYAY__ligand11432-0
50,YUDYAY__ligand1028-0
51,YUDYAY__ligand10432-0
52,YUDYAY__ligand22755-0
53,YUDYAY__ligand1050-0
54,YUDYAY__ligand1015-0
55,YUDYAY__ligand2027-0
56,YUDYAY__ligand15168-0
57,YUDYAY__ligand250-0
58,YUDYAY__ligand24064-0
59,YUDYAY__ligand23589-0
60,YUDYAY__ligand55-0
61,YUDYAY__ligand29087-0
62,YUDYAY__ligand188-0
63,YUDYAY__ligand18703-0
64,YUDYAY__ligand8529-0
65,YUDYAY__ligand34-0
66,YUDYAY__ligand15438-0
67,YUDYAY__ligand28924-0
68,YUDYAY__ligand1169-0
69,YUDYAY__ligand785-0
70,YUDYAY__ligand311-0
71,YUDYAY__ligand9615-0
72,YUDYAY__ligand24750-0
73,YUDYAY__ligand479-0
74,YUDYAY__ligand1154-0
75,YUDYAY__ligand25224-0
76,YUDYAY__ligand18013-0
77,YUDYAY__ligand4596-0
78,YUDYAY__ligand370-1
79,YUDYAY__ligand620-0
80,YUDYAY__ligand1498-0
81,YUDYAY__ligand17945-0
82,YUDYAY__ligand31578-0
83,YUDYAY__ligand564-0
84,YUDYAY__ligand17207-0
85,YUDYAY__ligand4063-0
86,YUDYAY__ligand27835-0
87,YUDYAY__ligand12295-0
88,YUDYAY__ligand7438-0
89,YUDYAY__ligand8200-0
90,YUDYAY__ligand25689-0
91,YUDYAY__ligand134-0
92,YUDYAY__ligand21787-0
93,YUDYAY__ligand25575-0
94,YUDYAY__ligand235-0
95,YUDYAY__ligand3042-0
96,YUDYAY__ligand4207-0
97,YUDYAY__ligand560-0
98,YUDYAY__ligand30539-0
99,YUDYAY__ligand3416-0
100,YUDYAY__ligand3453-0
101,YUDYAY__ligand48-0
102,YUDYAY__ligand1150-0
103,YUDYAY__ligand23906-0
104,YUDYAY__ligand11166-0
105,YUDYAY__ligand1539-0
106,YUDYAY__ligand21132-0
107,YUDYAY__ligand294-0
108,YUDYAY__ligand4167-0
109,YUDYAY__ligand9491-0
110,YUDYAY__ligand4266-0
111,YUDYAY__ligand1400-0
112,YUDYAY__ligand12519-0
113,YUDYAY__ligand25735-0
114,YUDYAY__ligand91-0
115,YUDYAY__ligand23124-0
116,YUDYAY__ligand11206-0
117,YUDYAY__ligand1288-0
118,YUDYAY__ligand12660-0
119,YUDYAY__ligand1149-0
120,YUDYAY__ligand51-0
121,YUDYAY__ligand3557-0
122,YUDYAY__ligand3980-0
123,YUDYAY__ligand421-0
124,YUDYAY__ligand13209-0
125,YUDYAY__ligand19257-0
126,YUDYAY__ligand7075-0
127,YUDYAY__ligand25650-0
128,YUDYAY__ligand9750-0
129,YUDYAY__ligand685-0
130,YUDYAY__ligand31248-0
131,YUDYAY__ligand1817-0
132,YUDYAY__ligand6993-0
133,YUDYAY__ligand1779-0
134,YUDYAY__ligand3285-0
135,YUDYAY__ligand4795-0
136,YUDYAY__ligand16791-0
137,YUDYAY__ligand16-0
138,YUDYAY__ligand28668-0
139,YUDYAY__ligand1908-0
140,YUDYAY__ligand5630-0
141,YUDYAY__ligand18799-0
142,YUDYAY__ligand1786-0
143,YUDYAY__ligand18465-0
144,YUDYAY__ligand6112-0
145,YUDYAY__ligand197-0
146,YUDYAY__ligand8042-0
147,YUDYAY__ligand1397-0
148,YUDYAY__ligand18074-0
149,YUDYAY__ligand13869-0
150,YUDYAY__ligand7213-0
151,YUDYAY__ligand29863-0
152,YUDYAY__ligand1828-0
153,YUDYAY__ligand29610-0
154,YUDYAY__ligand4710-0
155,YUDYAY__ligand5755-0
156,YUDYAY__ligand11140-0
157,YUDYAY__ligand3144-0
158,YUDYAY__ligand5085-0
159,YUDYAY__ligand10084-0
160,YUDYAY__ligand1849-0
161,YUDYAY__ligand25267-0
162,YUDYAY__ligand12467-0
163,YUDYAY__ligand1216-0
164,YUDYAY__ligand21936-0
165,YUDYAY__ligand783-0
166,YUDYAY__ligand13257-0
167,YUDYAY__ligand352-0
168,YUDYAY__ligand3261-0
169,YUDYAY__ligand1152-0
170,YUDYAY__ligand23904-0
171,YUDYAY__ligand5019-0
172,YUDYAY__ligand868-0
173,YUDYAY__ligand32-0
174,YUDYAY__ligand27074-0
175,YUDYAY__ligand20599-0
176,YUDYAY__ligand25805-0
177,YUDYAY__ligand22981-0
178,YUDYAY__ligand5515-0
179,YUDYAY__ligand6663-0
180,YUDYAY__ligand5614-0
181,YUDYAY__ligand5280-0
182,YUDYAY__ligand1831-0
183,YUDYAY__ligand18391-0
184,YUDYAY__ligand27169-0
185,YUDYAY__ligand14523-0
186,YUDYAY__ligand17302-0
187,YUDYAY__ligand9299-0
188,YUDYAY__ligand17805-0
189,YUDYAY__ligand11-0
190,YUDYAY__ligand2985-0
191,YUDYAY__ligand4007-0
192,YUDYAY__ligand24185-0
193,YUDYAY__ligand3677-1
194,YUDYAY__ligand9883-0
195,YUDYAY__ligand23769-0
196,YUDYAY__ligand115-0
197,YUDYAY__ligand7291-0
198,YUDYAY__ligand25178-0
199,YUDYAY__ligand8000-0
200,YUDYAY__ligand15585-0
201,YUDYAY__ligand12401-0
202,YUDYAY__ligand3736-0
203,YUDYAY__ligand24145-0
204,YUDYAY__ligand9344-0
205,YUDYAY__ligand10476-0
206,YUDYAY__ligand19830-0
207,YUDYAY__ligand13068-0
208,YUDYAY__ligand12289-0
209,YUDYAY__ligand18292-0
210,YUDYAY__ligand13658-0
211,YUDYAY__ligand5383-0
212,YUDYAY__ligand2693-0
213,YUDYAY__ligand26702-0
214,YUDYAY__ligand69-0
215,YUDYAY__ligand833-0
216,YUDYAY__ligand17387-0
217,YUDYAY__ligand12130-0
218,YUDYAY__ligand3945-0
219,YUDYAY__ligand12231-0
220,YUDYAY__ligand18814-0
221,YUDYAY__ligand19057-0
222,YUDYAY__ligand2881-0
223,YUDYAY__ligand1499-0
224,YUDYAY__ligand1464-0
225,YUDYAY__ligand3712-0
226,YUDYAY__ligand8-0
227,YUDYAY__ligand29302-0
228,YUDYAY__ligand13425-0
229,YUDYAY__ligand784-0
230,YUDYAY__ligand1211-0
231,YUDYAY__ligand10262-0
232,YUDYAY__ligand28676-0
233,YUDYAY__ligand27763-0
234,YUDYAY__ligand6892-0
235,YUDYAY__ligand1294-0
236,YUDYAY__ligand1168-0
237,YUDYAY__ligand12641-0
238,YUDYAY__ligand395-0
239,YUDYAY__ligand368-0
240,YUDYAY__ligand3632-0
241,YUDYAY__ligand10958-0
242,YUDYAY__ligand3677-0
243,YUDYAY__ligand14108-0
244,YUDYAY__ligand6699-0
245,YUDYAY__ligand5099-0
246,YUDYAY__ligand447-0
247,YUDYAY__ligand8592-0
248,YUDYAY__ligand1197-0
249,YUDYAY__ligand30333-0
250,YUDYAY__ligand12606-0
251,YUDYAY__ligand2259-0
252,YUDYAY__ligand746-0
253,YUDYAY__ligand1296-0
254,YUDYAY__ligand30296-0
255,YUDYAY__ligand17281-0
256,YUDYAY__ligand176-0
257,YUDYAY__ligand5510-0
258,YUDYAY__ligand26540-0
259,YUDYAY__ligand1376-0
260,YUDYAY__ligand9773-0
261,YUDYAY__ligand12337-0
262,YUDYAY__ligand29410-0
263,YUDYAY__ligand12427-0
264,YUDYAY__ligand28468-0
265,YUDYAY__ligand20740-0
266,YUDYAY__ligand4101-0
267,YUDYAY__ligand5595-0
268,YUDYAY__ligand16628-0
269,YUDYAY__ligand2221-0
270,YUDYAY__ligand487-0
271,YUDYAY__ligand27460-0
272,YUDYAY__ligand3120-0
273,YUDYAY__ligand3926-0
274,YUDYAY__ligand4358-0
275,YUDYAY__ligand18832-0
276,YUDYAY__ligand27175-0
277,YUDYAY__ligand23713-0
278,YUDYAY__ligand1407-0
279,YUDYAY__ligand6117-0
280,YUDYAY__ligand5509-0
281,YUDYAY__ligand8002-0
282,YUDYAY__ligand506-0
283,YUDYAY__ligand30988-0
284,YUDYAY__ligand14723-0
285,YUDYAY__ligand27893-0
286,YUDYAY__ligand7762-0
287,YUDYAY__ligand5080-0
288,YUDYAY__ligand15422-0
289,YUDYAY__ligand20578-0
290,YUDYAY__ligand12934-0
291,YUDYAY__ligand19641-0
292,YUDYAY__ligand2238-0
293,YUDYAY__ligand5304-0
294,YUDYAY__ligand31783-0
295,YUDYAY__ligand9167-0
296,YUDYAY__ligand14297-0
297,YUDYAY__ligand14603-0
298,YUDYAY__ligand2822-0
299,YUDYAY__ligand7293-0
300,YUDYAY__ligand17258-0
301,YUDYAY__ligand1317-0
302,YUDYAY__ligand3867-0
303,YUDYAY__ligand17631-0
304,YUDYAY__ligand152-0
305,YUDYAY__ligand13012-0
306,YUDYAY__ligand26665-0
307,YUDYAY__ligand20539-0
308,YUDYAY__ligand20251-0
309,YUDYAY__ligand4711-0
310,YUDYAY__ligand30702-0
311,YUDYAY__ligand20214-0
312,YUDYAY__ligand3244-0
313,YUDYAY__ligand21581-0
314,YUDYAY__ligand31097-0
315,YUDYAY__ligand2906-0
316,YUDYAY__ligand196-0
317,YUDYAY__ligand14117-0
318,YUDYAY__ligand17261-0
319,YUDYAY__ligand8793-0
320,YUDYAY__ligand5649-0
321,YUDYAY__ligand2788-0
322,YUDYAY__ligand4649-0
323,YUDYAY__ligand20419-0
324,YUDYAY__ligand5159-0
325,YUDYAY__ligand7196-0
326,YUDYAY__ligand21371-0
327,YUDYAY__ligand17118-0
328,YUDYAY__ligand9753-0
329,YUDYAY__ligand686-0
330,YUDYAY__ligand5530-0
331,YUDYAY__ligand1787-0
332,YUDYAY__ligand28789-0
333,YUDYAY__ligand1356-0
334,YUDYAY__ligand29568-0
335,YUDYAY__ligand3178-0
336,YUDYAY__ligand422-0
337,YUDYAY__ligand17-0
338,YUDYAY__ligand14889-0
339,YUDYAY__ligand30851-0
340,YUDYAY__ligand4807-0
341,YUDYAY__ligand5180-0
342,YUDYAY__ligand20011-0
343,YUDYAY__ligand17278-0
344,YUDYAY__ligand17982-0
345,YUDYAY__ligand29414-0
346,YUDYAY__ligand5708-0
347,YUDYAY__ligand393-0
348,YUDYAY__ligand7316-0
349,YUDYAY__ligand17398-0
350,YUDYAY__ligand20598-0
351,YUDYAY__ligand11675-0
352,YUDYAY__ligand24047-0
353,YUDYAY__ligand10589-0
354,YUDYAY__ligand6017-0
355,YUDYAY__ligand22557-0
356,YUDYAY__ligand2124-0
357,YUDYAY__ligand8612-0
358,YUDYAY__ligand14703-0
359,YUDYAY__ligand16475-0
360,YUDYAY__ligand353-0
361,YUDYAY__ligand3225-0
362,YUDYAY__ligand1153-0
363,YUDYAY__ligand1116-0
364,YUDYAY__ligand7092-0
365,YUDYAY__ligand2260-0
366,YUDYAY__ligand9323-0
367,YUDYAY__ligand7273-0
368,YUDYAY__ligand20251-1
369,YUDYAY__ligand7172-0
370,YUDYAY__ligand49-0
371,YUDYAY__ligand813-0
372,YUDYAY__ligand25411-0
373,YUDYAY__ligand1114-0
374,YUDYAY__ligand314-0
375,YUDYAY__ligand780-0
376,YUDYAY__ligand9284-0
377,YUDYAY__ligand6391-0
378,YUDYAY__ligand3126-0
379,YUDYAY__ligand14174-0
380,YUDYAY__ligand10712-0
381,YUDYAY__ligand2417-0
382,YUDYAY__ligand11456-0
383,YUDYAY__ligand12030-0
384,YUDYAY__ligand29879-0
385,YUDYAY__ligand618-0
386,YUDYAY__ligand8788-0
387,YUDYAY__ligand14248-0
388,YUDYAY__ligand1832-0
389,YUDYAY__ligand28884-0
390,YUDYAY__ligand13331-0
391,YUDYAY__ligand2043-0
392,YUDYAY__ligand1228-0
393,YUDYAY__ligand9943-0
394,YUDYAY__ligand89-0
395,YUDYAY__ligand31832-0
396,YUDYAY__ligand1604-0
397,YUDYAY__ligand13294-0
398,YUDYAY__ligand391-0
399,YUDYAY__ligand9450-0
400,YUDYAY__ligand1599-0
401,YUDYAY__ligand26810-0
402,YUDYAY__ligand27482-0
403,YUDYAY__ligand465-0
404,YUDYAY__ligand2612-0
405,YUDYAY__ligand13208-0
406,YUDYAY__ligand20682-0
407,YUDYAY__ligand2203-0
408,YUDYAY__ligand5387-0
409,YUDYAY__ligand1289-0
410,YUDYAY__ligand13390-0
411,YUDYAY__ligand314-1
412,YUDYAY__ligand1982-0
413,YUDYAY__ligand7000-0
414,YUDYAY__ligand11949-0
415,YUDYAY__ligand8115-0
416,YUDYAY__ligand6768-0
417,YUDYAY__ligand12138-0
418,YUDYAY__ligand1285-0
419,YUDYAY__ligand24780-0
420,YUDYAY__ligand24-0
421,YUDYAY__ligand384-0
422,YUDYAY__ligand22129-0
423,YUDYAY__ligand25561-0
424,YUDYAY__ligand4503-0
425,YUDYAY__ligand4546-0
426,YUDYAY__ligand31694-0
427,YUDYAY__ligand5256-0
428,YUDYAY__ligand9833-0
429,YUDYAY__ligand8876-0
430,YUDYAY__ligand2828-0
431,YUDYAY__ligand7648-0
432,YUDYAY__ligand4157-0
433,YUDYAY__ligand29486-0
434,YUDYAY__ligand19-0
435,YUDYAY__ligand768-0
436,YUDYAY__ligand2232-0
437,YUDYAY__ligand17427-0
438,YUDYAY__ligand9291-0
439,YUDYAY__ligand2176-0
440,YUDYAY__ligand9784-0
441,YUDYAY__ligand13385-0
442,YUDYAY__ligand14569-0
443,YUDYAY__ligand7629-0
444,YUDYAY__ligand24111-0
445,YUDYAY__ligand1451-0
446,YUDYAY__ligand22444-0
447,YUDYAY__ligand4272-0
448,YUDYAY__ligand4093-0
449,YUDYAY__ligand4442-0
450,YUDYAY__ligand3954-0
451,YUDYAY__ligand11587-0
452,YUDYAY__ligand13220-0
453,YUDYAY__ligand23175-0
454,YUDYAY__ligand8699-0
455,YUDYAY__ligand1160-0
456,YUDYAY__ligand15788-0
457,YUDYAY__ligand17396-0
458,YUDYAY__ligand9520-0
459,YUDYAY__ligand78-0
460,YUDYAY__ligand30728-0
461,YUDYAY__ligand27840-0
462,YUDYAY__ligand4016-0
463,YUDYAY__ligand45-0
464,YUDYAY__ligand1219-0
465,YUDYAY__ligand6709-0
466,YUDYAY__ligand7867-0
467,YUDYAY__ligand24872-0
468,YUDYAY__ligand1790-0
469,YUDYAY__ligand1304-0
470,YUDYAY__ligand7280-0
471,YUDYAY__ligand24644-0
472,YUDYAY__ligand240-0
473,YUDYAY__ligand10033-0
474,YUDYAY__ligand7238-0
475,YUDYAY__ligand141-0
476,YUDYAY__ligand12001-0
477,YUDYAY__ligand1536-0
478,YUDYAY__ligand1573-0
479,YUDYAY__ligand29215-0
480,YUDYAY__ligand9935-0
481,YUDYAY__ligand3504-0
482,YUDYAY__ligand1959-0
483,YUDYAY__ligand12003-0
484,YUDYAY__ligand1844-0
485,YUDYAY__ligand4661-0
486,YUDYAY__ligand16148-0
487,YUDYAY__ligand26631-0
488,YUDYAY__ligand21399-0
489,YUDYAY__ligand693-0
490,YUDYAY__ligand3718-0
491,YUDYAY__ligand10872-0
492,YUDYAY__ligand3876-0
493,YUDYAY__ligand1343-0
494,YUDYAY__ligand3035-0
495,YUDYAY__ligand6616-0
496,YUDYAY__ligand7106-0
497,YUDYAY__ligand22403-0
498,YUDYAY__ligand7242-0
499,YUDYAY__ligand27754-0
500,YUDYAY__ligand20695-0
501,YUDYAY__ligand28540-0
502,YUDYAY__ligand11111-0
503,YUDYAY__ligand16369-0
504,YUDYAY__ligand9908-0
505,YUDYAY__ligand1263-0
506,YUDYAY__ligand4155-0
507,YUDYAY__ligand3094-0
508,YUDYAY__ligand26529-0
509,YUDYAY__ligand5211-0
510,YUDYAY__ligand8969-0
511,YUDYAY__ligand11618-0
512,YUDYAY__ligand3174-0
513,YUDYAY__ligand1202-0
514,YUDYAY__ligand3937-0
515,YUDYAY__ligand3131-0
516,YUDYAY__ligand6839-0
517,YUDYAY__ligand4720-0
518,YUDYAY__ligand757-0
519,YUDYAY__ligand3565-0
520,YUDYAY__ligand19927-0
521,YUDYAY__ligand14043-0
522,YUDYAY__ligand1512-0
523,YUDYAY__ligand28559-0
524,YUDYAY__ligand26324-0
525,YUDYAY__ligand5331-0
526,YUDYAY__ligand3852-0
527,YUDYAY__ligand2485-0
528,YUDYAY__ligand21729-0
529,YUDYAY__ligand27239-0
530,YUDYAY__ligand6919-0
531,YUDYAY__ligand122-0
532,YUDYAY__ligand1142-0
533,YUDYAY__ligand3234-0
534,YUDYAY__ligand845-0
535,YUDYAY__ligand8835-0
536,YUDYAY__ligand2028-0
537,YUDYAY__ligand13477-0
538,YUDYAY__ligand14167-0
539,YUDYAY__ligand7126-0
540,YUDYAY__ligand27669-0
541,YUDYAY__ligand30142-0
542,YUDYAY__ligand27285-0
543,YUDYAY__ligand4641-0
544,YUDYAY__ligand29029-0
545,YUDYAY__ligand126-0
546,YUDYAY__ligand163-0
547,YUDYAY__ligand23197-0
548,YUDYAY__ligand67-0
549,YUDYAY__ligand941-0
550,YUDYAY__ligand596-0
551,YUDYAY__ligand10371-0
552,YUDYAY__ligand4620-0
553,YUDYAY__ligand43-0
554,YUDYAY__ligand13672-0
555,YUDYAY__ligand777-0
556,YUDYAY__ligand1577-0
557,YUDYAY__ligand6067-0
558,YUDYAY__ligand2295-0
559,YUDYAY__ligand28685-0
560,YUDYAY__ligand18568-0
561,YUDYAY__ligand7819-0
562,YUDYAY__ligand366-0
563,YUDYAY__ligand19184-0
564,YUDYAY__ligand2917-0
565,YUDYAY__ligand3465-0
566,YUDYAY__ligand657-0
567,YUDYAY__ligand6596-0
568,YUDYAY__ligand28459-0
569,YUDYAY__ligand3721-0
570,YUDYAY__ligand6904-0
571,YUDYAY__ligand6102-0
572,YUDYAY__ligand18448-0
573,YUDYAY__ligand12453-0
574,YUDYAY__ligand187-0
575,YUDYAY__ligand30711-0
576,YUDYAY__ligand20207-0
577,YUDYAY__ligand11682-0
578,YUDYAY__ligand2915-0
579,YUDYAY__ligand3156-0
580,YUDYAY__ligand321-0
581,YUDYAY__ligand1378-0
582,YUDYAY__ligand185-0
583,YUDYAY__ligand279-0
584,YUDYAY__ligand16988-0
585,YUDYAY__ligand25913-0
586,YUDYAY__ligand178-0
587,YUDYAY__ligand6244-0
588,YUDYAY__ligand2332-0
589,YUDYAY__ligand16663-0
590,YUDYAY__ligand9441-0
591,YUDYAY__ligand201-0
592,YUDYAY__ligand14614-0
593,YUDYAY__ligand4-0
594,YUDYAY__ligand9933-0
595,YUDYAY__ligand1530-0
596,YUDYAY__ligand1575-0
597,YUDYAY__ligand24035-0
598,YUDYAY__ligand11994-0
599,YUDYAY__ligand1631-0
600,YUDYAY__ligand31842-0
601,YUDYAY__ligand31044-0
602,YUDYAY__ligand8721-0
603,YUDYAY__ligand10056-0
604,YUDYAY__ligand12365-0
605,YUDYAY__ligand1324-0
606,YUDYAY__ligand11357-0
607,YUDYAY__ligand13862-0
608,YUDYAY__ligand15531-0
609,YUDYAY__ligand28743-0
610,YUDYAY__ligand1823-0
611,YUDYAY__ligand5643-0
612,YUDYAY__ligand1615-0
613,YUDYAY__ligand22294-0
614,YUDYAY__ligand2526-0
615,YUDYAY__ligand5036-0
616,YUDYAY__ligand28930-0
617,YUDYAY__ligand22168-0
618,YUDYAY__ligand338-0
619,YUDYAY__ligand21919-0
620,YUDYAY__ligand9952-0
621,YUDYAY__ligand9111-0
622,YUDYAY__ligand9601-0
623,YUDYAY__ligand11970-0
624,YUDYAY__ligand15883-0
625,YUDYAY__ligand8992-0
626,YUDYAY__ligand24230-0
627,YUDYAY__ligand4116-0
628,YUDYAY__ligand1018-0
629,YUDYAY__ligand28810-0
630,YUDYAY__ligand11447-0
631,YUDYAY__ligand11096-0
632,YUDYAY__ligand19792-0
633,YUDYAY__ligand7967-0
634,YUDYAY__ligand3707-0
635,YUDYAY__ligand10828-0
636,YUDYAY__ligand6124-0
637,YUDYAY__ligand15926-0
638,YUDYAY__ligand14477-0
639,YUDYAY__ligand3215-0
640,YUDYAY__ligand17069-0
641,YUDYAY__ligand17445-0
642,YUDYAY__ligand326-0
643,YUDYAY__ligand7107-0
644,YUDYAY__ligand20731-0
645,YUDYAY__ligand12413-0
646,YUDYAY__ligand29334-0
647,YUDYAY__ligand11798-0
648,YUDYAY__ligand21448-0
649,YUDYAY__ligand692-0
650,YUDYAY__ligand3-0
651,YUDYAY__ligand22357-0
652,YUDYAY__ligand6283-0
653,YUDYAY__ligand11758-0
654,YUDYAY__ligand6062-0
655,YUDYAY__ligand29214-0
656,YUDYAY__ligand436-0
657,YUDYAY__ligand4813-0
658,YUDYAY__ligand5813-0
659,YUDYAY__ligand11544-0
660,YUDYAY__ligand11501-0
661,YUDYAY__ligand4738-0
662,YUDYAY__ligand4194-0
663,YUDYAY__ligand27550-0
664,YUDYAY__ligand7532-0
665,YUDYAY__ligand2599-0
666,YUDYAY__ligand14007-0
667,YUDYAY__ligand18019-1
668,YUDYAY__ligand4330-0
669,YUDYAY__ligand23682-0
670,YUDYAY__ligand3973-0
671,YUDYAY__ligand29565-0
672,YUDYAY__ligand1147-0
673,YUDYAY__ligand27771-0
674,YUDYAY__ligand18158-0
675,YUDYAY__ligand497-0
676,YUDYAY__ligand20942-1
677,YUDYAY__ligand16956-0
678,YUDYAY__ligand21339-0
679,YUDYAY__ligand14226-0
680,YUDYAY__ligand633-0
681,YUDYAY__ligand2068-0
682,YUDYAY__ligand7925-0
683,YUDYAY__ligand18-0
684,YUDYAY__ligand14339-0
685,YUDYAY__ligand6455-0
686,YUDYAY__ligand6882-0
687,YUDYAY__ligand30788-0
688,YUDYAY__ligand300-0
689,YUDYAY__ligand13691-0
690,YUDYAY__ligand3934-0
691,YUDYAY__ligand21752-0
692,YUDYAY__ligand588-0
693,YUDYAY__ligand2403-0
694,YUDYAY__ligand18757-0
695,YUDYAY__ligand1065-0
696,YUDYAY__ligand24560-0
697,YUDYAY__ligand7530-0
698,YUDYAY__ligand1449-0
699,YUDYAY__ligand20844-0
700,YUDYAY__ligand18413-0
701,YUDYAY__ligand3012-0
702,YUDYAY__ligand24624-0
703,YUDYAY__ligand199-0
704,YUDYAY__ligand4332-0
705,YUDYAY__ligand9681-0
706,YUDYAY__ligand2830-0
707,YUDYAY__ligand1-0
708,YUDYAY__ligand5627-0
709,YUDYAY__ligand1729-0
710,YUDYAY__ligand20557-0
711,YUDYAY__ligand30004-0
712,YUDYAY__ligand5483-0
713,YUDYAY__ligand5316-0
714,YUDYAY__ligand21940-0
715,YUDYAY__ligand409-0
716,YUDYAY__ligand9148-0
717,YUDYAY__ligand25048-0
718,YUDYAY__ligand324-0
719,YUDYAY__ligand361-0
720,YUDYAY__ligand16133-0
721,YUDYAY__ligand13755-0
722,YUDYAY__ligand7529-0
723,YUDYAY__ligand20432-0
724,YUDYAY__ligand27122-0
725,YUDYAY__ligand23445-0
726,YUDYAY__ligand24953-0
727,YUDYAY__ligand1415-0
728,YUDYAY__ligand6946-0
729,YUDYAY__ligand430-0
730,YUDYAY__ligand11606-0
731,YUDYAY__ligand1688-0
732,YUDYAY__ligand3647-0
733,YUDYAY__ligand358-0
734,YUDYAY__ligand5357-0
735,YUDYAY__ligand4850-0
736,YUDYAY__ligand488-0
737,YUDYAY__ligand5056-0
738,YUDYAY__ligand31000-0
739,YUDYAY__ligand26673-0
740,YUDYAY__ligand1768-0
741,YUDYAY__ligand3871-0
742,YUDYAY__ligand20821-0
743,YUDYAY__ligand694-0
744,YUDYAY__ligand1469-0
745,YUDYAY__ligand1379-0
746,YUDYAY__ligand2722-0
747,YUDYAY__ligand19824-0
748,YUDYAY__ligand5935-0
749,YUDYAY__ligand18067-0
750,YUDYAY__ligand1165-0
751,YUDYAY__ligand9525-0
752,YUDYAY__ligand11252-0
753,YUDYAY__ligand38-0
754,YUDYAY__ligand3157-0
755,YUDYAY__ligand10582-0
756,YUDYAY__ligand13260-0
757,YUDYAY__ligand4911-0
758,YUDYAY__ligand1771-0
759,YUDYAY__ligand670-0
760,YUDYAY__ligand31205-0
761,YUDYAY__ligand3392-0
762,YUDYAY__ligand25658-0
763,YUDYAY__ligand17686-0
764,YUDYAY__ligand571-0
765,YUDYAY__ligand534-0
766,YUDYAY__ligand11177-0
767,YUDYAY__ligand15455-0
768,YUDYAY__ligand5849-0
769,YUDYAY__ligand2527-0
770,YUDYAY__ligand16870-0
771,YUDYAY__ligand11622-0
772,YUDYAY__ligand11814-0
773,YUDYAY__ligand16603-0
774,YUDYAY__ligand8464-0
775,YUDYAY__ligand1709-0
776,YUDYAY__ligand8349-0
777,YUDYAY__ligand416-0
778,YUDYAY__ligand24851-0
779,YUDYAY__ligand14302-0
780,YUDYAY__ligand14347-0
781,YUDYAY__ligand2208-0
782,YUDYAY__ligand13657-0
783,YUDYAY__ligand383-0
784,YUDYAY__ligand3208-0
785,YUDYAY__ligand20530-0
786,YUDYAY__ligand11698-0
787,YUDYAY__ligand66-0
788,YUDYAY__ligand27610-0
789,YUDYAY__ligand10479-0
790,YUDYAY__ligand3350-0
791,YUDYAY__ligand2781-0
792,YUDYAY__ligand11479-0
793,YUDYAY__ligand7573-0
794,YUDYAY__ligand162-0
795,YUDYAY__ligand1327-0
796,YUDYAY__ligand9809-0
797,YUDYAY__ligand6672-0
798,YUDYAY__ligand29441-0
799,YUDYAY__ligand8722-0
800,YUDYAY__ligand226-0
801,YUDYAY__ligand10853-0
802,YUDYAY__ligand3029-0
803,YUDYAY__ligand7162-0
804,YUDYAY__ligand2328-0
805,YUDYAY__ligand16952-0
806,YUDYAY__ligand29813-0
807,YUDYAY__ligand4581-0
808,YUDYAY__ligand1773-0
809,YUDYAY__ligand1900-0
810,YUDYAY__ligand20220-0
811,YUDYAY__ligand9197-0
812,YUDYAY__ligand20121-0
813,YUDYAY__ligand15387-0
814,YUDYAY__ligand1712-0
815,YUDYAY__ligand4131-0
816,YUDYAY__ligand656-0
817,YUDYAY__ligand10151-0
818,YUDYAY__ligand5892-0
819,YUDYAY__ligand5094-0
820,YUDYAY__ligand19906-0
821,YUDYAY__ligand42-0
822,YUDYAY__ligand19668-0
823,YUDYAY__ligand1533-0
824,YUDYAY__ligand696-0
825,YUDYAY__ligand22353-0
826,YUDYAY__ligand1496-0
827,YUDYAY__ligand7557-0
