,TMC
0,JOLFOH__ligand1542-0
1,JOLFOH__ligand2634-0
2,JOLFOH__ligand384-0
3,JOLFOH__ligand3041-0
4,JOLFOH__ligand120-0
5,JOLFOH__ligand2751-0
6,JOLFOH__ligand1747-0
7,JOLFOH__ligand6686-0
8,JOLFOH__ligand7915-0
9,JOLFOH__ligand5548-0
10,JOLFOH__ligand3145-0
11,JOLFOH__ligand6332-0
12,JOLFOH__ligand3178-0
13,JOLFOH__ligand2863-0
14,JOLFOH__ligand141-0
15,JOLFOH__ligand2098-0
16,JOLFOH__ligand6502-0
17,JOLFOH__ligand240-0
18,JOLFOH__ligand1148-0
19,JOLFOH__ligand1479-0
20,JOLFOH__ligand3246-0
21,JOLFOH__ligand1538-0
22,JOLFOH__ligand797-0
23,JOLFOH__ligand1114-0
24,JOLFOH__ligand9244-0
25,JOLFOH__ligand11-0
26,JOLFOH__ligand757-0
27,JOLFOH__ligand1228-0
28,JOLFOH__ligand1685-0
29,JOLFOH__ligand3757-0
30,JOLFOH__ligand2087-0
31,JOLFOH__ligand1048-0
32,JOLFOH__ligand1459-0
33,JOLFOH__ligand126-0
34,JOLFOH__ligand1544-0
35,JOLFOH__ligand3063-0
36,JOLFOH__ligand596-0
37,JOLFOH__ligand1438-0
38,JOLFOH__ligand5801-0
39,JOLFOH__ligand89-0
40,JOLFOH__ligand861-0
41,JOLFOH__ligand366-0
42,JOLFOH__ligand1171-0
43,JOLFOH__ligand49-0
44,JOLFOH__ligand187-0
45,JOLFOH__ligand612-0
46,JOLFOH__ligand321-0
47,JOLFOH__ligand4381-0
48,JOLFOH__ligand2629-0
49,JOLFOH__ligand3734-0
50,JOLFOH__ligand178-0
51,JOLFOH__ligand1706-0
52,JOLFOH__ligand279-0
53,JOLFOH__ligand201-0
54,JOLFOH__ligand244-0
55,JOLFOH__ligand100-0
56,JOLFOH__ligand1376-0
57,JOLFOH__ligand124-0
58,JOLFOH__ligand2768-0
59,JOLFOH__ligand2259-0
60,JOLFOH__ligand2688-0
61,JOLFOH__ligand17-0
62,JOLFOH__ligand1687-0
63,JOLFOH__ligand92-0
64,JOLFOH__ligand1951-0
65,JOLFOH__ligand6277-0
66,JOLFOH__ligand119-0
67,JOLFOH__ligand326-0
68,JOLFOH__ligand7464-0
69,JOLFOH__ligand821-0
70,JOLFOH__ligand283-0
71,JOLFOH__ligand553-0
72,JOLFOH__ligand1054-0
73,JOLFOH__ligand206-0
74,JOLFOH__ligand6294-0
75,JOLFOH__ligand142-0
76,JOLFOH__ligand1248-0
77,JOLFOH__ligand4303-0
78,JOLFOH__ligand34-0
79,JOLFOH__ligand1598-0
80,JOLFOH__ligand436-0
81,JOLFOH__ligand8774-0
82,JOLFOH__ligand166-0
83,JOLFOH__ligand55-0
84,JOLFOH__ligand3637-0
85,JOLFOH__ligand838-0
86,JOLFOH__ligand95-0
87,JOLFOH__ligand497-0
88,JOLFOH__ligand532-0
89,JOLFOH__ligand633-0
90,JOLFOH__ligand918-0
91,JOLFOH__ligand1152-0
92,JOLFOH__ligand575-0
93,JOLFOH__ligand1727-0
94,JOLFOH__ligand199-0
95,JOLFOH__ligand927-0
96,JOLFOH__ligand57-0
97,JOLFOH__ligand1607-0
98,JOLFOH__ligand140-0
99,JOLFOH__ligand2862-0
100,JOLFOH__ligand105-0
101,JOLFOH__ligand1056-0
102,JOLFOH__ligand2320-0
103,JOLFOH__ligand2510-0
104,JOLFOH__ligand73-0
105,JOLFOH__ligand1567-0
106,JOLFOH__ligand2285-0
107,JOLFOH__ligand8921-0
108,JOLFOH__ligand2907-0
109,JOLFOH__ligand409-0
110,JOLFOH__ligand324-0
111,JOLFOH__ligand361-0
112,JOLFOH__ligand2430-0
113,JOLFOH__ligand1703-0
114,JOLFOH__ligand430-0
115,JOLFOH__ligand358-0
116,JOLFOH__ligand32-0
117,JOLFOH__ligand1052-0
118,JOLFOH__ligand669-0
119,JOLFOH__ligand278-0
120,JOLFOH__ligand365-0
121,JOLFOH__ligand1273-0
122,JOLFOH__ligand571-0
123,JOLFOH__ligand9027-0
124,JOLFOH__ligand118-0
125,JOLFOH__ligand670-0
126,JOLFOH__ligand6396-0
127,JOLFOH__ligand2265-0
128,JOLFOH__ligand1113-0
129,JOLFOH__ligand1502-0
130,JOLFOH__ligand4983-0
131,JOLFOH__ligand1835-0
132,JOLFOH__ligand2794-0
133,JOLFOH__ligand2345-0
134,JOLFOH__ligand509-0
135,JOLFOH__ligand383-0
136,JOLFOH__ligand5022-0
137,JOLFOH__ligand1169-0
138,JOLFOH__ligand51-0
139,JOLFOH__ligand226-0
140,JOLFOH__ligand11730-0
141,JOLFOH__ligand162-0
142,JOLFOH__ligand3838-0
143,JOLFOH__ligand1799-0
144,JOLFOH__ligand2838-0
145,JOLFOH__ligand2880-0
146,JOLFOH__ligand5941-0
147,JOLFOH__ligand29-0
148,JOLFOH__ligand91-0
149,JOLFOH__ligand6538-0
150,JOLFOH__ligand8-0
151,JOLFOH__ligand9495-0
152,JOLFOH__ligand2772-0
153,JOLFOH__ligand6151-0
154,JOLFOH__ligand2142-0
155,JOLFOH__ligand48-0
156,JOLFOH__ligand2864-0
157,JOLFOH__ligand1104-0
158,JOLFOH__ligand5762-0
159,JOLFOH__ligand7414-0
160,JOLFOH__ligand851-0
161,JOLFOH__ligand909-0
162,JOLFOH__ligand2442-0
163,JOLFOH__ligand1019-0
164,JOLFOH__ligand4-0
165,JOLFOH__ligand6571-0
166,JOLFOH__ligand2482-0
167,JOLFOH__ligand934-0
168,JOLFOH__ligand177-0
169,JOLFOH__ligand1325-0
170,JOLFOH__ligand955-0
171,JOLFOH__ligand2376-0
172,JOLFOH__ligand252-0
173,JOLFOH__ligand2929-0
174,JOLFOH__ligand1264-0
175,JOLFOH__ligand1221-0
176,JOLFOH__ligand830-0
177,JOLFOH__ligand18-0
178,JOLFOH__ligand6430-0
179,JOLFOH__ligand1299-0
180,JOLFOH__ligand193-0
181,JOLFOH__ligand1379-0
182,JOLFOH__ligand3579-0
183,JOLFOH__ligand370-0
184,JOLFOH__ligand2110-0
185,JOLFOH__ligand2916-0
186,JOLFOH__ligand15630-0
187,JOLFOH__ligand1712-0
188,JOLFOH__ligand10357-0
189,JOLFOH__ligand250-0
190,JOLFOH__ligand2389-0
191,JOLFOH__ligand460-0
192,JOLFOH__ligand62-0
193,JOLFOH__ligand1919-0
194,JOLFOH__ligand2480-0
195,JOLFOH__ligand3051-0
196,JOLFOH__ligand4504-0
197,JOLFOH__ligand1898-0
198,JOLFOH__ligand2315-0
199,JOLFOH__ligand6-0
200,JOLFOH__ligand188-0
201,JOLFOH__ligand369-0
202,JOLFOH__ligand444-0
203,JOLFOH__ligand5334-0
204,JOLFOH__ligand86-0
205,JOLFOH__ligand311-0
206,JOLFOH__ligand1858-0
207,JOLFOH__ligand8032-0
208,JOLFOH__ligand2599-0
209,JOLFOH__ligand5089-0
210,JOLFOH__ligand390-0
211,JOLFOH__ligand235-0
212,JOLFOH__ligand134-0
213,JOLFOH__ligand2853-0
214,JOLFOH__ligand932-0
215,JOLFOH__ligand3853-0
216,JOLFOH__ligand109-0
217,JOLFOH__ligand6166-0
218,JOLFOH__ligand525-0
219,JOLFOH__ligand560-0
220,JOLFOH__ligand1246-0
221,JOLFOH__ligand993-0
222,JOLFOH__ligand294-0
223,JOLFOH__ligand331-0
224,JOLFOH__ligand421-0
225,JOLFOH__ligand66-0
226,JOLFOH__ligand798-0
227,JOLFOH__ligand916-0
228,JOLFOH__ligand584-0
229,JOLFOH__ligand1307-0
230,JOLFOH__ligand21-0
231,JOLFOH__ligand1449-1
232,JOLFOH__ligand4811-0
233,JOLFOH__ligand7514-0
234,JOLFOH__ligand3337-0
235,JOLFOH__ligand112-0
236,JOLFOH__ligand296-0
237,JOLFOH__ligand197-0
238,JOLFOH__ligand4894-0
239,JOLFOH__ligand1260-0
240,JOLFOH__ligand9620-0
241,JOLFOH__ligand1788-0
242,JOLFOH__ligand38-0
243,JOLFOH__ligand783-0
244,JOLFOH__ligand352-0
245,JOLFOH__ligand442-0
246,JOLFOH__ligand3566-0
247,JOLFOH__ligand40-0
248,JOLFOH__ligand1178-0
249,JOLFOH__ligand868-0
250,JOLFOH__ligand136-0
251,JOLFOH__ligand1321-0
252,JOLFOH__ligand1918-0
253,JOLFOH__ligand115-0
254,JOLFOH__ligand291-0
255,JOLFOH__ligand4175-0
256,JOLFOH__ligand14530-0
257,JOLFOH__ligand2255-0
258,JOLFOH__ligand1436-0
259,JOLFOH__ligand485-0
260,JOLFOH__ligand2618-0
261,JOLFOH__ligand3618-0
262,JOLFOH__ligand784-0
263,JOLFOH__ligand355-0
264,JOLFOH__ligand10910-0
265,JOLFOH__ligand4370-0
266,JOLFOH__ligand1551-0
267,JOLFOH__ligand10114-0
268,JOLFOH__ligand2526-0
269,JOLFOH__ligand447-0
270,JOLFOH__ligand45-0
271,JOLFOH__ligand133-0
272,JOLFOH__ligand666-0
273,JOLFOH__ligand2707-0
274,JOLFOH__ligand522-0
275,JOLFOH__ligand78-0
276,JOLFOH__ligand85-0
277,JOLFOH__ligand1690-0
278,JOLFOH__ligand487-0
279,JOLFOH__ligand10479-0
280,JOLFOH__ligand2915-0
281,JOLFOH__ligand3196-0
282,JOLFOH__ligand4012-0
283,JOLFOH__ligand682-0
284,JOLFOH__ligand1160-0
285,JOLFOH__ligand2253-0
286,JOLFOH__ligand5093-0
287,JOLFOH__ligand2954-0
288,JOLFOH__ligand2762-0
289,JOLFOH__ligand1038-0
290,JOLFOH__ligand196-0
291,JOLFOH__ligand502-0
292,JOLFOH__ligand7550-0
293,JOLFOH__ligand113-0
294,JOLFOH__ligand422-0
295,JOLFOH__ligand7630-0
296,JOLFOH__ligand1-0
297,JOLFOH__ligand236-0
298,JOLFOH__ligand1285-0
299,JOLFOH__ligand1555-0
300,JOLFOH__ligand4423-0
301,JOLFOH__ligand1907-0
302,JOLFOH__ligand353-0
303,JOLFOH__ligand3890-0
304,JOLFOH__ligand314-0
305,JOLFOH__ligand7456-0
306,JOLFOH__ligand481-0
307,JOLFOH__ligand1818-0
308,JOLFOH__ligand3478-0
309,JOLFOH__ligand3-0
310,JOLFOH__ligand170-0
311,JOLFOH__ligand3852-0
312,JOLFOH__ligand391-0
313,JOLFOH__ligand5758-0
314,JOLFOH__ligand2718-0
315,JOLFOH__ligand3035-0
316,JOLFOH__ligand3070-0
317,JOLFOH__ligand210-0
318,JOLFOH__ligand1493-0
319,JOLFOH__ligand67-0
320,JOLFOH__ligand9176-0
321,JOLFOH__ligand3251-0
322,JOLFOH__ligand4619-0
323,JOLFOH__ligand6143-0
324,JOLFOH__ligand5235-0
