,TMC
0,TARWIU__ligand575-0
1,TARWIU__ligand9176-0
2,TARWIU__ligand3035-0
3,TARWIU__ligand3070-0
4,TARWIU__ligand2718-0
5,TARWIU__ligand1493-0
6,TARWIU__ligand4619-0
7,TARWIU__ligand6143-0
8,TARWIU__ligand5235-0
9,TARWIU__ligand67-0
10,TARWIU__ligand927-0
11,TARWIU__ligand3251-0
12,TARWIU__ligand199-0
13,TARWIU__ligand1818-0
14,TARWIU__ligand7456-0
15,TARWIU__ligand140-0
16,TARWIU__ligand105-0
17,TARWIU__ligand5758-0
18,TARWIU__ligand3478-0
19,TARWIU__ligand324-0
20,TARWIU__ligand361-0
21,TARWIU__ligand409-0
22,TARWIU__ligand3852-0
23,TARWIU__ligand553-0
24,TARWIU__ligand1285-0
25,TARWIU__ligand283-0
26,TARWIU__ligand1555-0
27,TARWIU__ligand7630-0
28,TARWIU__ligand821-0
29,TARWIU__ligand326-0
30,TARWIU__ligand436-0
31,TARWIU__ligand3890-0
32,TARWIU__ligand4423-0
33,TARWIU__ligand142-0
34,TARWIU__ligand1907-0
35,TARWIU__ligand206-0
36,TARWIU__ligand838-0
37,TARWIU__ligand2762-0
38,TARWIU__ligand1038-0
39,TARWIU__ligand1160-0
40,TARWIU__ligand2253-0
41,TARWIU__ligand166-0
42,TARWIU__ligand5093-0
43,TARWIU__ligand2954-0
44,TARWIU__ligand918-0
45,TARWIU__ligand633-0
46,TARWIU__ligand532-0
47,TARWIU__ligand7550-0
48,TARWIU__ligand497-0
49,TARWIU__ligand162-0
50,TARWIU__ligand2915-0
51,TARWIU__ligand226-0
52,TARWIU__ligand383-0
53,TARWIU__ligand6-0
54,TARWIU__ligand3196-0
55,TARWIU__ligand4012-0
56,TARWIU__ligand78-0
57,TARWIU__ligand1551-0
58,TARWIU__ligand2526-0
59,TARWIU__ligand85-0
60,TARWIU__ligand1690-0
61,TARWIU__ligand45-0
62,TARWIU__ligand2707-0
63,TARWIU__ligand2618-0
64,TARWIU__ligand3618-0
65,TARWIU__ligand669-0
66,TARWIU__ligand358-0
67,TARWIU__ligand430-0
68,TARWIU__ligand1436-0
69,TARWIU__ligand365-0
70,TARWIU__ligand278-0
71,TARWIU__ligand4370-0
72,TARWIU__ligand4-0
73,TARWIU__ligand11730-0
74,TARWIU__ligand670-0
75,TARWIU__ligand118-0
76,TARWIU__ligand1918-0
77,TARWIU__ligand571-0
78,TARWIU__ligand509-0
79,TARWIU__ligand2255-0
80,TARWIU__ligand4175-0
81,TARWIU__ligand40-0
82,TARWIU__ligand1788-0
83,TARWIU__ligand1321-0
84,TARWIU__ligand1178-0
85,TARWIU__ligand3566-0
86,TARWIU__ligand38-0
87,TARWIU__ligand797-0
88,TARWIU__ligand3-0
89,TARWIU__ligand7514-0
90,TARWIU__ligand3337-0
91,TARWIU__ligand1449-1
92,TARWIU__ligand4811-0
93,TARWIU__ligand9620-0
94,TARWIU__ligand1260-0
95,TARWIU__ligand4894-0
96,TARWIU__ligand21-0
97,TARWIU__ligand757-0
98,TARWIU__ligand66-0
99,TARWIU__ligand120-0
100,TARWIU__ligand384-0
101,TARWIU__ligand1307-0
102,TARWIU__ligand1-0
103,TARWIU__ligand2853-0
104,TARWIU__ligand3853-0
105,TARWIU__ligand5089-0
106,TARWIU__ligand2599-0
107,TARWIU__ligand240-0
108,TARWIU__ligand141-0
109,TARWIU__ligand1246-0
110,TARWIU__ligand6166-0
111,TARWIU__ligand279-0
112,TARWIU__ligand86-0
113,TARWIU__ligand5334-0
114,TARWIU__ligand178-0
115,TARWIU__ligand1898-0
116,TARWIU__ligand2480-0
117,TARWIU__ligand3051-0
118,TARWIU__ligand4504-0
119,TARWIU__ligand321-0
120,TARWIU__ligand2315-0
121,TARWIU__ligand1858-0
122,TARWIU__ligand8032-0
123,TARWIU__ligand100-0
124,TARWIU__ligand201-0
125,TARWIU__ligand244-0
126,TARWIU__ligand1712-0
127,TARWIU__ligand3579-0
128,TARWIU__ligand62-0
129,TARWIU__ligand2110-0
130,TARWIU__ligand2916-0
131,TARWIU__ligand124-0
132,TARWIU__ligand119-0
133,TARWIU__ligand1919-0
134,TARWIU__ligand2389-0
135,TARWIU__ligand18-0
136,TARWIU__ligand2929-0
137,TARWIU__ligand2376-0
138,TARWIU__ligand1379-0
139,TARWIU__ligand126-0
140,TARWIU__ligand1264-0
141,TARWIU__ligand1221-0
142,TARWIU__ligand1299-0
143,TARWIU__ligand6430-0
144,TARWIU__ligand1019-0
145,TARWIU__ligand2442-0
146,TARWIU__ligand1104-0
147,TARWIU__ligand7414-0
148,TARWIU__ligand5762-0
149,TARWIU__ligand596-0
150,TARWIU__ligand612-0
151,TARWIU__ligand187-0
152,TARWIU__ligand6571-0
153,TARWIU__ligand366-0
154,TARWIU__ligand2482-0
155,TARWIU__ligand1325-0
156,TARWIU__ligand861-0
157,TARWIU__ligand133-0
158,TARWIU__ligand2142-0
159,TARWIU__ligand6538-0
160,TARWIU__ligand447-0
161,TARWIU__ligand2772-0
162,TARWIU__ligand6151-0
163,TARWIU__ligand9495-0
164,TARWIU__ligand487-0
165,TARWIU__ligand2864-0
166,TARWIU__ligand522-0
167,TARWIU__ligand10910-0
168,TARWIU__ligand666-0
169,TARWIU__ligand48-0
170,TARWIU__ligand29-0
171,TARWIU__ligand1169-0
172,TARWIU__ligand91-0
173,TARWIU__ligand5022-0
174,TARWIU__ligand682-0
175,TARWIU__ligand51-0
176,TARWIU__ligand3838-0
177,TARWIU__ligand1799-0
178,TARWIU__ligand2838-0
179,TARWIU__ligand14530-0
180,TARWIU__ligand5941-0
181,TARWIU__ligand2880-0
182,TARWIU__ligand115-0
183,TARWIU__ligand6396-0
184,TARWIU__ligand2265-0
185,TARWIU__ligand1113-0
186,TARWIU__ligand10479-0
187,TARWIU__ligand9027-0
188,TARWIU__ligand4983-0
189,TARWIU__ligand1835-0
190,TARWIU__ligand2345-0
191,TARWIU__ligand2794-0
192,TARWIU__ligand1502-0
193,TARWIU__ligand291-0
194,TARWIU__ligand1052-0
195,TARWIU__ligand784-0
196,TARWIU__ligand355-0
197,TARWIU__ligand485-0
198,TARWIU__ligand10114-0
199,TARWIU__ligand32-0
200,TARWIU__ligand1273-0
201,TARWIU__ligand2510-0
202,TARWIU__ligand8921-0
203,TARWIU__ligand1567-0
204,TARWIU__ligand2285-0
205,TARWIU__ligand2862-0
206,TARWIU__ligand481-0
207,TARWIU__ligand1056-0
208,TARWIU__ligand2320-0
209,TARWIU__ligand314-0
210,TARWIU__ligand2430-0
211,TARWIU__ligand1703-0
212,TARWIU__ligand391-0
213,TARWIU__ligand2907-0
214,TARWIU__ligand73-0
215,TARWIU__ligand170-0
216,TARWIU__ligand1727-0
217,TARWIU__ligand210-0
218,TARWIU__ligand1152-0
219,TARWIU__ligand57-0
220,TARWIU__ligand1607-0
221,TARWIU__ligand196-0
222,TARWIU__ligand502-0
223,TARWIU__ligand95-0
224,TARWIU__ligand3637-0
225,TARWIU__ligand8774-0
226,TARWIU__ligand422-0
227,TARWIU__ligand55-0
228,TARWIU__ligand113-0
229,TARWIU__ligand236-0
230,TARWIU__ligand7464-0
231,TARWIU__ligand34-0
232,TARWIU__ligand4303-0
233,TARWIU__ligand1248-0
234,TARWIU__ligand1598-0
235,TARWIU__ligand353-0
236,TARWIU__ligand1054-0
237,TARWIU__ligand6294-0
238,TARWIU__ligand92-0
239,TARWIU__ligand2688-0
240,TARWIU__ligand2259-0
241,TARWIU__ligand2768-0
242,TARWIU__ligand1376-0
243,TARWIU__ligand370-0
244,TARWIU__ligand8-0
245,TARWIU__ligand6277-0
246,TARWIU__ligand460-0
247,TARWIU__ligand1687-0
248,TARWIU__ligand17-0
249,TARWIU__ligand250-0
250,TARWIU__ligand1951-0
251,TARWIU__ligand3734-0
252,TARWIU__ligand444-0
253,TARWIU__ligand1706-0
254,TARWIU__ligand369-0
255,TARWIU__ligand188-0
256,TARWIU__ligand4381-0
257,TARWIU__ligand2629-0
258,TARWIU__ligand311-0
259,TARWIU__ligand5801-0
260,TARWIU__ligand909-0
261,TARWIU__ligand49-0
262,TARWIU__ligand851-0
263,TARWIU__ligand1438-0
264,TARWIU__ligand3063-0
265,TARWIU__ligand934-0
266,TARWIU__ligand177-0
267,TARWIU__ligand89-0
268,TARWIU__ligand1171-0
269,TARWIU__ligand15630-0
270,TARWIU__ligand3757-0
271,TARWIU__ligand1048-0
272,TARWIU__ligand10357-0
273,TARWIU__ligand2087-0
274,TARWIU__ligand252-0
275,TARWIU__ligand1685-0
276,TARWIU__ligand955-0
277,TARWIU__ligand1544-0
278,TARWIU__ligand193-0
279,TARWIU__ligand830-0
280,TARWIU__ligand1459-0
281,TARWIU__ligand11-0
282,TARWIU__ligand112-0
283,TARWIU__ligand1538-0
284,TARWIU__ligand1114-0
285,TARWIU__ligand197-0
286,TARWIU__ligand9244-0
287,TARWIU__ligand1228-0
288,TARWIU__ligand296-0
289,TARWIU__ligand783-0
290,TARWIU__ligand352-0
291,TARWIU__ligand1479-0
292,TARWIU__ligand1148-0
293,TARWIU__ligand3246-0
294,TARWIU__ligand136-0
295,TARWIU__ligand868-0
296,TARWIU__ligand442-0
297,TARWIU__ligand3145-0
298,TARWIU__ligand134-0
299,TARWIU__ligand932-0
300,TARWIU__ligand235-0
301,TARWIU__ligand6686-0
302,TARWIU__ligand1747-0
303,TARWIU__ligand390-0
304,TARWIU__ligand5548-0
305,TARWIU__ligand7915-0
306,TARWIU__ligand2863-0
307,TARWIU__ligand6502-0
308,TARWIU__ligand2098-0
309,TARWIU__ligand525-0
310,TARWIU__ligand560-0
311,TARWIU__ligand6332-0
312,TARWIU__ligand3178-0
313,TARWIU__ligand109-0
314,TARWIU__ligand331-0
315,TARWIU__ligand3041-0
316,TARWIU__ligand1542-0
317,TARWIU__ligand2634-0
318,TARWIU__ligand294-0
319,TARWIU__ligand993-0
320,TARWIU__ligand916-0
321,TARWIU__ligand584-0
322,TARWIU__ligand2751-0
323,TARWIU__ligand798-0
324,TARWIU__ligand421-0
