,TMC
0,KIPVAG__ligand1438-0
1,KIPVAG__ligand3063-0
2,KIPVAG__ligand5801-0
3,KIPVAG__ligand384-0
4,KIPVAG__ligand1171-0
5,KIPVAG__ligand120-0
6,KIPVAG__ligand10910-0
7,KIPVAG__ligand1685-0
8,KIPVAG__ligand240-0
9,KIPVAG__ligand3757-0
10,KIPVAG__ligand141-0
11,KIPVAG__ligand1048-0
12,KIPVAG__ligand2087-0
13,KIPVAG__ligand1459-0
14,KIPVAG__ligand1544-0
15,KIPVAG__ligand14530-0
16,KIPVAG__ligand2768-0
17,KIPVAG__ligand1376-0
18,KIPVAG__ligand10479-0
19,KIPVAG__ligand2688-0
20,KIPVAG__ligand2259-0
21,KIPVAG__ligand1687-0
22,KIPVAG__ligand1951-0
23,KIPVAG__ligand6277-0
24,KIPVAG__ligand8-0
25,KIPVAG__ligand4381-0
26,KIPVAG__ligand757-0
27,KIPVAG__ligand2629-0
28,KIPVAG__ligand3734-0
29,KIPVAG__ligand10114-0
30,KIPVAG__ligand85-0
31,KIPVAG__ligand78-0
32,KIPVAG__ligand1706-0
33,KIPVAG__ligand45-0
34,KIPVAG__ligand797-0
35,KIPVAG__ligand126-0
36,KIPVAG__ligand6686-0
37,KIPVAG__ligand1747-0
38,KIPVAG__ligand5548-0
39,KIPVAG__ligand7915-0
40,KIPVAG__ligand3145-0
41,KIPVAG__ligand6332-0
42,KIPVAG__ligand3178-0
43,KIPVAG__ligand2863-0
44,KIPVAG__ligand6502-0
45,KIPVAG__ligand2098-0
46,KIPVAG__ligand2634-0
47,KIPVAG__ligand1542-0
48,KIPVAG__ligand366-0
49,KIPVAG__ligand861-0
50,KIPVAG__ligand612-0
51,KIPVAG__ligand187-0
52,KIPVAG__ligand3041-0
53,KIPVAG__ligand2751-0
54,KIPVAG__ligand596-0
55,KIPVAG__ligand100-0
56,KIPVAG__ligand201-0
57,KIPVAG__ligand244-0
58,KIPVAG__ligand1538-0
59,KIPVAG__ligand1114-0
60,KIPVAG__ligand9244-0
61,KIPVAG__ligand1228-0
62,KIPVAG__ligand321-0
63,KIPVAG__ligand279-0
64,KIPVAG__ligand178-0
65,KIPVAG__ligand67-0
66,KIPVAG__ligand1148-0
67,KIPVAG__ligand119-0
68,KIPVAG__ligand1479-0
69,KIPVAG__ligand124-0
70,KIPVAG__ligand3246-0
71,KIPVAG__ligand142-0
72,KIPVAG__ligand18-0
73,KIPVAG__ligand206-0
74,KIPVAG__ligand9027-0
75,KIPVAG__ligand436-0
76,KIPVAG__ligand6396-0
77,KIPVAG__ligand1113-0
78,KIPVAG__ligand2265-0
79,KIPVAG__ligand821-0
80,KIPVAG__ligand1502-0
81,KIPVAG__ligand326-0
82,KIPVAG__ligand553-0
83,KIPVAG__ligand4983-0
84,KIPVAG__ligand283-0
85,KIPVAG__ligand2345-0
86,KIPVAG__ligand2794-0
87,KIPVAG__ligand1835-0
88,KIPVAG__ligand497-0
89,KIPVAG__ligand918-0
90,KIPVAG__ligand1052-0
91,KIPVAG__ligand633-0
92,KIPVAG__ligand532-0
93,KIPVAG__ligand166-0
94,KIPVAG__ligand838-0
95,KIPVAG__ligand1273-0
96,KIPVAG__ligand927-0
97,KIPVAG__ligand6538-0
98,KIPVAG__ligand86-0
99,KIPVAG__ligand6151-0
100,KIPVAG__ligand2772-0
101,KIPVAG__ligand199-0
102,KIPVAG__ligand9495-0
103,KIPVAG__ligand2142-0
104,KIPVAG__ligand575-0
105,KIPVAG__ligand2864-0
106,KIPVAG__ligand324-0
107,KIPVAG__ligand361-0
108,KIPVAG__ligand409-0
109,KIPVAG__ligand15630-0
110,KIPVAG__ligand1169-0
111,KIPVAG__ligand5022-0
112,KIPVAG__ligand10357-0
113,KIPVAG__ligand62-0
114,KIPVAG__ligand2838-0
115,KIPVAG__ligand1799-0
116,KIPVAG__ligand3838-0
117,KIPVAG__ligand140-0
118,KIPVAG__ligand105-0
119,KIPVAG__ligand5941-0
120,KIPVAG__ligand2880-0
121,KIPVAG__ligand278-0
122,KIPVAG__ligand8774-0
123,KIPVAG__ligand66-0
124,KIPVAG__ligand365-0
125,KIPVAG__ligand3637-0
126,KIPVAG__ligand358-0
127,KIPVAG__ligand430-0
128,KIPVAG__ligand669-0
129,KIPVAG__ligand7464-0
130,KIPVAG__ligand509-0
131,KIPVAG__ligand670-0
132,KIPVAG__ligand118-0
133,KIPVAG__ligand1054-0
134,KIPVAG__ligand571-0
135,KIPVAG__ligand6294-0
136,KIPVAG__ligand4303-0
137,KIPVAG__ligand1248-0
138,KIPVAG__ligand1598-0
139,KIPVAG__ligand2862-0
140,KIPVAG__ligand2320-0
141,KIPVAG__ligand40-0
142,KIPVAG__ligand1056-0
143,KIPVAG__ligand2510-0
144,KIPVAG__ligand8921-0
145,KIPVAG__ligand2285-0
146,KIPVAG__ligand1567-0
147,KIPVAG__ligand2907-0
148,KIPVAG__ligand383-0
149,KIPVAG__ligand162-0
150,KIPVAG__ligand38-0
151,KIPVAG__ligand1703-0
152,KIPVAG__ligand2430-0
153,KIPVAG__ligand226-0
154,KIPVAG__ligand1152-0
155,KIPVAG__ligand1727-0
156,KIPVAG__ligand21-0
157,KIPVAG__ligand1607-0
158,KIPVAG__ligand934-0
159,KIPVAG__ligand177-0
160,KIPVAG__ligand95-0
161,KIPVAG__ligand851-0
162,KIPVAG__ligand1-0
163,KIPVAG__ligand1307-0
164,KIPVAG__ligand55-0
165,KIPVAG__ligand909-0
166,KIPVAG__ligand2599-0
167,KIPVAG__ligand5089-0
168,KIPVAG__ligand830-0
169,KIPVAG__ligand34-0
170,KIPVAG__ligand193-0
171,KIPVAG__ligand3853-0
172,KIPVAG__ligand2853-0
173,KIPVAG__ligand6166-0
174,KIPVAG__ligand252-0
175,KIPVAG__ligand955-0
176,KIPVAG__ligand1246-0
177,KIPVAG__ligand1788-0
178,KIPVAG__ligand250-0
179,KIPVAG__ligand460-0
180,KIPVAG__ligand1178-0
181,KIPVAG__ligand3566-0
182,KIPVAG__ligand370-0
183,KIPVAG__ligand1321-0
184,KIPVAG__ligand73-0
185,KIPVAG__ligand311-0
186,KIPVAG__ligand4811-0
187,KIPVAG__ligand1449-1
188,KIPVAG__ligand3337-0
189,KIPVAG__ligand57-0
190,KIPVAG__ligand7514-0
191,KIPVAG__ligand3-0
192,KIPVAG__ligand188-0
193,KIPVAG__ligand9620-0
194,KIPVAG__ligand444-0
195,KIPVAG__ligand369-0
196,KIPVAG__ligand1260-0
197,KIPVAG__ligand4894-0
198,KIPVAG__ligand525-0
199,KIPVAG__ligand560-0
200,KIPVAG__ligand2376-0
201,KIPVAG__ligand109-0
202,KIPVAG__ligand2929-0
203,KIPVAG__ligand1221-0
204,KIPVAG__ligand1264-0
205,KIPVAG__ligand1299-0
206,KIPVAG__ligand390-0
207,KIPVAG__ligand6430-0
208,KIPVAG__ligand134-0
209,KIPVAG__ligand932-0
210,KIPVAG__ligand1379-0
211,KIPVAG__ligand235-0
212,KIPVAG__ligand5762-0
213,KIPVAG__ligand7414-0
214,KIPVAG__ligand1104-0
215,KIPVAG__ligand798-0
216,KIPVAG__ligand421-0
217,KIPVAG__ligand1019-0
218,KIPVAG__ligand916-0
219,KIPVAG__ligand584-0
220,KIPVAG__ligand2442-0
221,KIPVAG__ligand6571-0
222,KIPVAG__ligand32-0
223,KIPVAG__ligand294-0
224,KIPVAG__ligand1325-0
225,KIPVAG__ligand2482-0
226,KIPVAG__ligand993-0
227,KIPVAG__ligand331-0
228,KIPVAG__ligand197-0
229,KIPVAG__ligand1898-0
230,KIPVAG__ligand4504-0
231,KIPVAG__ligand3051-0
232,KIPVAG__ligand2480-0
233,KIPVAG__ligand296-0
234,KIPVAG__ligand2315-0
235,KIPVAG__ligand5334-0
236,KIPVAG__ligand48-0
237,KIPVAG__ligand1858-0
238,KIPVAG__ligand112-0
239,KIPVAG__ligand8032-0
240,KIPVAG__ligand868-0
241,KIPVAG__ligand3579-0
242,KIPVAG__ligand2916-0
243,KIPVAG__ligand2110-0
244,KIPVAG__ligand11730-0
245,KIPVAG__ligand442-0
246,KIPVAG__ligand91-0
247,KIPVAG__ligand29-0
248,KIPVAG__ligand136-0
249,KIPVAG__ligand1712-0
250,KIPVAG__ligand51-0
251,KIPVAG__ligand2389-0
252,KIPVAG__ligand783-0
253,KIPVAG__ligand352-0
254,KIPVAG__ligand1919-0
255,KIPVAG__ligand7630-0
256,KIPVAG__ligand291-0
257,KIPVAG__ligand1285-0
258,KIPVAG__ligand1555-0
259,KIPVAG__ligand4423-0
260,KIPVAG__ligand1907-0
261,KIPVAG__ligand115-0
262,KIPVAG__ligand3890-0
263,KIPVAG__ligand2253-0
264,KIPVAG__ligand1160-0
265,KIPVAG__ligand2954-0
266,KIPVAG__ligand5093-0
267,KIPVAG__ligand2762-0
268,KIPVAG__ligand1038-0
269,KIPVAG__ligand7550-0
270,KIPVAG__ligand784-0
271,KIPVAG__ligand355-0
272,KIPVAG__ligand485-0
273,KIPVAG__ligand3070-0
274,KIPVAG__ligand3035-0
275,KIPVAG__ligand2718-0
276,KIPVAG__ligand522-0
277,KIPVAG__ligand1493-0
278,KIPVAG__ligand11-0
279,KIPVAG__ligand666-0
280,KIPVAG__ligand487-0
281,KIPVAG__ligand9176-0
282,KIPVAG__ligand447-0
283,KIPVAG__ligand3251-0
284,KIPVAG__ligand4619-0
285,KIPVAG__ligand133-0
286,KIPVAG__ligand5235-0
287,KIPVAG__ligand6143-0
288,KIPVAG__ligand7456-0
289,KIPVAG__ligand682-0
290,KIPVAG__ligand1818-0
291,KIPVAG__ligand3478-0
292,KIPVAG__ligand3852-0
293,KIPVAG__ligand5758-0
294,KIPVAG__ligand49-0
295,KIPVAG__ligand113-0
296,KIPVAG__ligand1436-0
297,KIPVAG__ligand3618-0
298,KIPVAG__ligand422-0
299,KIPVAG__ligand2618-0
300,KIPVAG__ligand4370-0
301,KIPVAG__ligand196-0
302,KIPVAG__ligand502-0
303,KIPVAG__ligand89-0
304,KIPVAG__ligand353-0
305,KIPVAG__ligand1918-0
306,KIPVAG__ligand4-0
307,KIPVAG__ligand236-0
308,KIPVAG__ligand4175-0
309,KIPVAG__ligand2255-0
310,KIPVAG__ligand170-0
311,KIPVAG__ligand92-0
312,KIPVAG__ligand2915-0
313,KIPVAG__ligand391-0
314,KIPVAG__ligand4012-0
315,KIPVAG__ligand3196-0
316,KIPVAG__ligand481-0
317,KIPVAG__ligand314-0
318,KIPVAG__ligand6-0
319,KIPVAG__ligand17-0
320,KIPVAG__ligand1551-0
321,KIPVAG__ligand2526-0
322,KIPVAG__ligand210-0
323,KIPVAG__ligand2707-0
324,KIPVAG__ligand1690-0
