,TMC
0,HALNEO__ligand12453-0
1,HALNEO__ligand18448-0
2,HALNEO__ligand5316-0
3,HALNEO__ligand28459-0
4,HALNEO__ligand5483-0
5,HALNEO__ligand588-0
6,HALNEO__ligand1729-0
7,HALNEO__ligand5627-0
8,HALNEO__ligand300-0
9,HALNEO__ligand19184-0
10,HALNEO__ligand2830-0
11,HALNEO__ligand18568-0
12,HALNEO__ligand6946-0
13,HALNEO__ligand1415-0
14,HALNEO__ligand28685-0
15,HALNEO__ligand13672-0
16,HALNEO__ligand48-0
17,HALNEO__ligand7529-0
18,HALNEO__ligand10371-0
19,HALNEO__ligand199-0
20,HALNEO__ligand9148-0
21,HALNEO__ligand2403-0
22,HALNEO__ligand91-0
23,HALNEO__ligand23197-0
24,HALNEO__ligand3934-0
25,HALNEO__ligand6455-0
26,HALNEO__ligand6882-0
27,HALNEO__ligand27285-0
28,HALNEO__ligand29029-0
29,HALNEO__ligand30142-0
30,HALNEO__ligand9681-0
31,HALNEO__ligand27669-0
32,HALNEO__ligand4332-0
33,HALNEO__ligand14167-0
34,HALNEO__ligand13477-0
35,HALNEO__ligand3012-0
36,HALNEO__ligand409-0
37,HALNEO__ligand324-0
38,HALNEO__ligand361-0
39,HALNEO__ligand1449-0
40,HALNEO__ligand1065-0
41,HALNEO__ligand7530-0
42,HALNEO__ligand51-0
43,HALNEO__ligand15926-0
44,HALNEO__ligand4330-0
45,HALNEO__ligand19792-0
46,HALNEO__ligand2599-0
47,HALNEO__ligand10828-0
48,HALNEO__ligand28810-0
49,HALNEO__ligand11447-0
50,HALNEO__ligand11096-0
51,HALNEO__ligand24230-0
52,HALNEO__ligand16-0
53,HALNEO__ligand15883-0
54,HALNEO__ligand7532-0
55,HALNEO__ligand326-0
56,HALNEO__ligand4194-0
57,HALNEO__ligand11970-0
58,HALNEO__ligand7925-0
59,HALNEO__ligand21919-0
60,HALNEO__ligand436-0
61,HALNEO__ligand2068-0
62,HALNEO__ligand22168-0
63,HALNEO__ligand28930-0
64,HALNEO__ligand22294-0
65,HALNEO__ligand13862-0
66,HALNEO__ligand11357-0
67,HALNEO__ligand28743-0
68,HALNEO__ligand1147-0
69,HALNEO__ligand15531-0
70,HALNEO__ligand692-0
71,HALNEO__ligand12365-0
72,HALNEO__ligand3973-0
73,HALNEO__ligand10056-0
74,HALNEO__ligand31044-0
75,HALNEO__ligand31842-0
76,HALNEO__ligand11994-0
77,HALNEO__ligand24035-0
78,HALNEO__ligand7107-0
79,HALNEO__ligand14614-0
80,HALNEO__ligand16663-0
81,HALNEO__ligand3215-0
82,HALNEO__ligand633-0
83,HALNEO__ligand4738-0
84,HALNEO__ligand4813-0
85,HALNEO__ligand5813-0
86,HALNEO__ligand16988-0
87,HALNEO__ligand25913-0
88,HALNEO__ligand6062-0
89,HALNEO__ligand6283-0
90,HALNEO__ligand11682-0
91,HALNEO__ligand497-0
92,HALNEO__ligand32-0
93,HALNEO__ligand30711-0
94,HALNEO__ligand20207-0
95,HALNEO__ligand12001-0
96,HALNEO__ligand162-0
97,HALNEO__ligand5892-0
98,HALNEO__ligand5094-0
99,HALNEO__ligand10033-0
100,HALNEO__ligand24644-0
101,HALNEO__ligand226-0
102,HALNEO__ligand24872-0
103,HALNEO__ligand416-0
104,HALNEO__ligand27840-0
105,HALNEO__ligand383-0
106,HALNEO__ligand1712-0
107,HALNEO__ligand30728-0
108,HALNEO__ligand4131-0
109,HALNEO__ligand17396-0
110,HALNEO__ligand1496-0
111,HALNEO__ligand7557-0
112,HALNEO__ligand23175-0
113,HALNEO__ligand15788-0
114,HALNEO__ligand11587-0
115,HALNEO__ligand13220-0
116,HALNEO__ligand24111-0
117,HALNEO__ligand22444-0
118,HALNEO__ligand1533-0
119,HALNEO__ligand14569-0
120,HALNEO__ligand13385-0
121,HALNEO__ligand8722-0
122,HALNEO__ligand1327-0
123,HALNEO__ligand9809-0
124,HALNEO__ligand17427-0
125,HALNEO__ligand6672-0
126,HALNEO__ligand57-0
127,HALNEO__ligand3350-0
128,HALNEO__ligand2781-0
129,HALNEO__ligand7573-0
130,HALNEO__ligand29486-0
131,HALNEO__ligand656-0
132,HALNEO__ligand2208-0
133,HALNEO__ligand3208-0
134,HALNEO__ligand31694-0
135,HALNEO__ligand696-0
136,HALNEO__ligand25561-0
137,HALNEO__ligand9197-0
138,HALNEO__ligand1900-0
139,HALNEO__ligand4581-0
140,HALNEO__ligand1773-0
141,HALNEO__ligand22129-0
142,HALNEO__ligand12138-0
143,HALNEO__ligand2328-0
144,HALNEO__ligand24780-0
145,HALNEO__ligand7162-0
146,HALNEO__ligand3029-0
147,HALNEO__ligand11949-0
148,HALNEO__ligand5849-0
149,HALNEO__ligand21729-0
150,HALNEO__ligand27239-0
151,HALNEO__ligand694-0
152,HALNEO__ligand28559-0
153,HALNEO__ligand430-0
154,HALNEO__ligand26324-0
155,HALNEO__ligand358-0
156,HALNEO__ligand14043-0
157,HALNEO__ligand3392-0
158,HALNEO__ligand19927-0
159,HALNEO__ligand488-0
160,HALNEO__ligand4911-0
161,HALNEO__ligand68-0
162,HALNEO__ligand1771-0
163,HALNEO__ligand8349-0
164,HALNEO__ligand8464-0
165,HALNEO__ligand55-0
166,HALNEO__ligand1709-0
167,HALNEO__ligand11618-0
168,HALNEO__ligand26529-0
169,HALNEO__ligand2527-0
170,HALNEO__ligand16369-0
171,HALNEO__ligand1469-0
172,HALNEO__ligand3871-0
173,HALNEO__ligand28540-0
174,HALNEO__ligand11111-0
175,HALNEO__ligand34-0
176,HALNEO__ligand27754-0
177,HALNEO__ligand20695-0
178,HALNEO__ligand1768-0
179,HALNEO__ligand4850-0
180,HALNEO__ligand5056-0
181,HALNEO__ligand670-0
182,HALNEO__ligand3647-0
183,HALNEO__ligand5357-0
184,HALNEO__ligand571-0
185,HALNEO__ligand534-0
186,HALNEO__ligand22403-0
187,HALNEO__ligand1688-0
188,HALNEO__ligand21399-0
189,HALNEO__ligand10872-0
190,HALNEO__ligand3157-0
191,HALNEO__ligand9525-0
192,HALNEO__ligand26631-0
193,HALNEO__ligand16148-0
194,HALNEO__ligand1165-0
195,HALNEO__ligand12003-0
196,HALNEO__ligand5935-0
197,HALNEO__ligand29215-0
198,HALNEO__ligand2722-0
199,HALNEO__ligand1379-0
200,HALNEO__ligand16603-0
201,HALNEO__ligand4720-0
202,HALNEO__ligand6839-0
203,HALNEO__ligand693-0
204,HALNEO__ligand8969-0
205,HALNEO__ligand11814-0
206,HALNEO__ligand3937-0
207,HALNEO__ligand1202-0
208,HALNEO__ligand3174-0
209,HALNEO__ligand3131-0
210,HALNEO__ligand5211-0
211,HALNEO__ligand11622-0
212,HALNEO__ligand16870-0
213,HALNEO__ligand4155-0
214,HALNEO__ligand3094-0
215,HALNEO__ligand17-0
216,HALNEO__ligand15455-0
217,HALNEO__ligand6919-0
218,HALNEO__ligand3852-0
219,HALNEO__ligand2485-0
220,HALNEO__ligand11177-0
221,HALNEO__ligand25658-0
222,HALNEO__ligand17686-0
223,HALNEO__ligand1512-0
224,HALNEO__ligand5331-0
225,HALNEO__ligand31205-0
226,HALNEO__ligand3565-0
227,HALNEO__ligand3035-0
228,HALNEO__ligand1343-0
229,HALNEO__ligand3876-0
230,HALNEO__ligand6616-0
231,HALNEO__ligand10582-0
232,HALNEO__ligand13260-0
233,HALNEO__ligand3718-0
234,HALNEO__ligand4661-0
235,HALNEO__ligand1844-0
236,HALNEO__ligand11252-0
237,HALNEO__ligand19824-0
238,HALNEO__ligand1959-0
239,HALNEO__ligand18067-0
240,HALNEO__ligand3504-0
241,HALNEO__ligand9935-0
242,HALNEO__ligand1536-0
243,HALNEO__ligand1573-0
244,HALNEO__ligand9908-0
245,HALNEO__ligand1263-0
246,HALNEO__ligand20821-0
247,HALNEO__ligand122-0
248,HALNEO__ligand26673-0
249,HALNEO__ligand757-0
250,HALNEO__ligand31000-0
251,HALNEO__ligand7242-0
252,HALNEO__ligand11606-0
253,HALNEO__ligand7106-0
254,HALNEO__ligand9520-0
255,HALNEO__ligand8699-0
256,HALNEO__ligand1160-0
257,HALNEO__ligand22353-0
258,HALNEO__ligand4093-0
259,HALNEO__ligand4442-0
260,HALNEO__ligand3954-0
261,HALNEO__ligand1451-0
262,HALNEO__ligand4272-0
263,HALNEO__ligand7629-0
264,HALNEO__ligand19668-0
265,HALNEO__ligand49-0
266,HALNEO__ligand9784-0
267,HALNEO__ligand19906-0
268,HALNEO__ligand384-0
269,HALNEO__ligand7238-0
270,HALNEO__ligand768-0
271,HALNEO__ligand1790-0
272,HALNEO__ligand10151-0
273,HALNEO__ligand1304-0
274,HALNEO__ligand89-0
275,HALNEO__ligand7280-0
276,HALNEO__ligand7867-0
277,HALNEO__ligand6709-0
278,HALNEO__ligand1219-0
279,HALNEO__ligand4016-0
280,HALNEO__ligand15387-0
281,HALNEO__ligand4503-0
282,HALNEO__ligand4546-0
283,HALNEO__ligand20121-0
284,HALNEO__ligand20220-0
285,HALNEO__ligand1285-0
286,HALNEO__ligand16952-0
287,HALNEO__ligand29813-0
288,HALNEO__ligand8115-0
289,HALNEO__ligand6768-0
290,HALNEO__ligand1982-0
291,HALNEO__ligand7000-0
292,HALNEO__ligand2176-0
293,HALNEO__ligand29441-0
294,HALNEO__ligand10853-0
295,HALNEO__ligand9291-0
296,HALNEO__ligand240-0
297,HALNEO__ligand2232-0
298,HALNEO__ligand27610-0
299,HALNEO__ligand10479-0
300,HALNEO__ligand141-0
301,HALNEO__ligand11479-0
302,HALNEO__ligand20530-0
303,HALNEO__ligand11698-0
304,HALNEO__ligand13657-0
305,HALNEO__ligand14347-0
306,HALNEO__ligand14302-0
307,HALNEO__ligand4157-0
308,HALNEO__ligand9833-0
309,HALNEO__ligand8876-0
310,HALNEO__ligand2828-0
311,HALNEO__ligand24851-0
312,HALNEO__ligand7648-0
313,HALNEO__ligand5256-0
314,HALNEO__ligand185-0
315,HALNEO__ligand9111-0
316,HALNEO__ligand9952-0
317,HALNEO__ligand279-0
318,HALNEO__ligand20942-1
319,HALNEO__ligand1615-0
320,HALNEO__ligand14226-0
321,HALNEO__ligand21339-0
322,HALNEO__ligand178-0
323,HALNEO__ligand16956-0
324,HALNEO__ligand5036-0
325,HALNEO__ligand2526-0
326,HALNEO__ligand1823-0
327,HALNEO__ligand18158-0
328,HALNEO__ligand5643-0
329,HALNEO__ligand27771-0
330,HALNEO__ligand11-0
331,HALNEO__ligand1324-0
332,HALNEO__ligand29565-0
333,HALNEO__ligand8721-0
334,HALNEO__ligand23682-0
335,HALNEO__ligand321-0
336,HALNEO__ligand18019-1
337,HALNEO__ligand7967-0
338,HALNEO__ligand14007-0
339,HALNEO__ligand3707-0
340,HALNEO__ligand6124-0
341,HALNEO__ligand1018-0
342,HALNEO__ligand4116-0
343,HALNEO__ligand69-0
344,HALNEO__ligand8992-0
345,HALNEO__ligand27550-0
346,HALNEO__ligand9601-0
347,HALNEO__ligand201-0
348,HALNEO__ligand11501-0
349,HALNEO__ligand11544-0
350,HALNEO__ligand6244-0
351,HALNEO__ligand338-0
352,HALNEO__ligand29214-0
353,HALNEO__ligand1378-0
354,HALNEO__ligand22357-0
355,HALNEO__ligand11758-0
356,HALNEO__ligand2915-0
357,HALNEO__ligand3156-0
358,HALNEO__ligand21448-0
359,HALNEO__ligand1631-0
360,HALNEO__ligand11798-0
361,HALNEO__ligand12413-0
362,HALNEO__ligand1530-0
363,HALNEO__ligand1575-0
364,HALNEO__ligand29334-0
365,HALNEO__ligand9933-0
366,HALNEO__ligand20731-0
367,HALNEO__ligand17445-0
368,HALNEO__ligand17069-0
369,HALNEO__ligand9441-0
370,HALNEO__ligand14477-0
371,HALNEO__ligand8-0
372,HALNEO__ligand2332-0
373,HALNEO__ligand24953-0
374,HALNEO__ligand23445-0
375,HALNEO__ligand6067-0
376,HALNEO__ligand1577-0
377,HALNEO__ligand2295-0
378,HALNEO__ligand27122-0
379,HALNEO__ligand20432-0
380,HALNEO__ligand13755-0
381,HALNEO__ligand16133-0
382,HALNEO__ligand4620-0
383,HALNEO__ligand845-0
384,HALNEO__ligand25048-0
385,HALNEO__ligand21940-0
386,HALNEO__ligand6596-0
387,HALNEO__ligand6904-0
388,HALNEO__ligand3721-0
389,HALNEO__ligand6102-0
390,HALNEO__ligand30004-0
391,HALNEO__ligand20557-0
392,HALNEO__ligand3465-0
393,HALNEO__ligand126-0
394,HALNEO__ligand163-0
395,HALNEO__ligand2917-0
396,HALNEO__ligand7819-0
397,HALNEO__ligand777-0
398,HALNEO__ligand7126-0
399,HALNEO__ligand8835-0
400,HALNEO__ligand2028-0
401,HALNEO__ligand18413-0
402,HALNEO__ligand20844-0
403,HALNEO__ligand24624-0
404,HALNEO__ligand18757-0
405,HALNEO__ligand941-0
406,HALNEO__ligand24560-0
407,HALNEO__ligand596-0
408,HALNEO__ligand3234-0
409,HALNEO__ligand1142-0
410,HALNEO__ligand657-0
411,HALNEO__ligand21752-0
412,HALNEO__ligand187-0
413,HALNEO__ligand366-0
414,HALNEO__ligand30788-0
415,HALNEO__ligand13691-0
416,HALNEO__ligand14339-0
417,HALNEO__ligand4641-0
418,HALNEO__ligand176-0
419,HALNEO__ligand7762-0
420,HALNEO__ligand31248-0
421,HALNEO__ligand5080-0
422,HALNEO__ligand25650-0
423,HALNEO__ligand5509-0
424,HALNEO__ligand8002-0
425,HALNEO__ligand13209-0
426,HALNEO__ligand447-0
427,HALNEO__ligand19257-0
428,HALNEO__ligand6117-0
429,HALNEO__ligand1407-0
430,HALNEO__ligand746-0
431,HALNEO__ligand12660-0
432,HALNEO__ligand11206-0
433,HALNEO__ligand67-0
434,HALNEO__ligand23124-0
435,HALNEO__ligand487-0
436,HALNEO__ligand2822-0
437,HALNEO__ligand7293-0
438,HALNEO__ligand1317-0
439,HALNEO__ligand3867-0
440,HALNEO__ligand25735-0
441,HALNEO__ligand12519-0
442,HALNEO__ligand9167-0
443,HALNEO__ligand5304-0
444,HALNEO__ligand2238-0
445,HALNEO__ligand9773-0
446,HALNEO__ligand21132-0
447,HALNEO__ligand11166-0
448,HALNEO__ligand5510-0
449,HALNEO__ligand1376-0
450,HALNEO__ligand43-0
451,HALNEO__ligand23906-0
452,HALNEO__ligand1296-0
453,HALNEO__ligand2259-0
454,HALNEO__ligand1197-0
455,HALNEO__ligand30539-0
456,HALNEO__ligand5099-0
457,HALNEO__ligand8592-0
458,HALNEO__ligand506-0
459,HALNEO__ligand4358-0
460,HALNEO__ligand3120-0
461,HALNEO__ligand3926-0
462,HALNEO__ligand152-0
463,HALNEO__ligand21787-0
464,HALNEO__ligand25575-0
465,HALNEO__ligand25689-0
466,HALNEO__ligand2221-0
467,HALNEO__ligand12295-0
468,HALNEO__ligand4101-0
469,HALNEO__ligand5595-0
470,HALNEO__ligand27835-0
471,HALNEO__ligand27169-0
472,HALNEO__ligand6892-0
473,HALNEO__ligand14523-0
474,HALNEO__ligand115-0
475,HALNEO__ligand18391-0
476,HALNEO__ligand1211-0
477,HALNEO__ligand22981-0
478,HALNEO__ligand25805-0
479,HALNEO__ligand3712-0
480,HALNEO__ligand20599-0
481,HALNEO__ligand1464-0
482,HALNEO__ligand4-0
483,HALNEO__ligand27074-0
484,HALNEO__ligand1499-0
485,HALNEO__ligand2881-0
486,HALNEO__ligand6699-0
487,HALNEO__ligand833-0
488,HALNEO__ligand23904-0
489,HALNEO__ligand13257-0
490,HALNEO__ligand21936-0
491,HALNEO__ligand12467-0
492,HALNEO__ligand3632-0
493,HALNEO__ligand3677-0
494,HALNEO__ligand25267-0
495,HALNEO__ligand1168-0
496,HALNEO__ligand1294-0
497,HALNEO__ligand10084-0
498,HALNEO__ligand784-0
499,HALNEO__ligand11140-0
500,HALNEO__ligand7291-0
501,HALNEO__ligand3677-1
502,HALNEO__ligand9883-0
503,HALNEO__ligand29610-0
504,HALNEO__ligand2985-0
505,HALNEO__ligand29863-0
506,HALNEO__ligand4007-0
507,HALNEO__ligand18074-0
508,HALNEO__ligand13869-0
509,HALNEO__ligand9299-0
510,HALNEO__ligand18465-0
511,HALNEO__ligand3945-0
512,HALNEO__ligand18799-0
513,HALNEO__ligand2693-0
514,HALNEO__ligand5383-0
515,HALNEO__ligand395-0
516,HALNEO__ligand9344-0
517,HALNEO__ligand28668-0
518,HALNEO__ligand3736-0
519,HALNEO__ligand368-0
520,HALNEO__ligand16791-0
521,HALNEO__ligand8000-0
522,HALNEO__ligand14586-0
523,HALNEO__ligand2612-0
524,HALNEO__ligand11774-0
525,HALNEO__ligand1599-0
526,HALNEO__ligand21421-0
527,HALNEO__ligand9450-0
528,HALNEO__ligand24-0
529,HALNEO__ligand813-0
530,HALNEO__ligand11568-0
531,HALNEO__ligand20579-0
532,HALNEO__ligand17710-0
533,HALNEO__ligand314-0
534,HALNEO__ligand780-0
535,HALNEO__ligand10555-0
536,HALNEO__ligand19-0
537,HALNEO__ligand31483-0
538,HALNEO__ligand391-0
539,HALNEO__ligand19725-0
540,HALNEO__ligand1289-0
541,HALNEO__ligand618-0
542,HALNEO__ligand2203-0
543,HALNEO__ligand5387-0
544,HALNEO__ligand24613-0
545,HALNEO__ligand78-0
546,HALNEO__ligand2417-0
547,HALNEO__ligand465-0
548,HALNEO__ligand6391-0
549,HALNEO__ligand3126-0
550,HALNEO__ligand12336-0
551,HALNEO__ligand9284-0
552,HALNEO__ligand1114-0
553,HALNEO__ligand13072-0
554,HALNEO__ligand314-1
555,HALNEO__ligand1604-0
556,HALNEO__ligand17590-0
557,HALNEO__ligand1228-0
558,HALNEO__ligand9943-0
559,HALNEO__ligand17240-0
560,HALNEO__ligand2043-0
561,HALNEO__ligand18699-0
562,HALNEO__ligand12682-0
563,HALNEO__ligand8788-0
564,HALNEO__ligand1832-0
565,HALNEO__ligand45-0
566,HALNEO__ligand31578-0
567,HALNEO__ligand17207-0
568,HALNEO__ligand6017-0
569,HALNEO__ligand196-0
570,HALNEO__ligand7316-0
571,HALNEO__ligand17945-0
572,HALNEO__ligand25224-0
573,HALNEO__ligand18013-0
574,HALNEO__ligand5708-0
575,HALNEO__ligand24750-0
576,HALNEO__ligand5180-0
577,HALNEO__ligand7172-0
578,HALNEO__ligand422-0
579,HALNEO__ligand28924-0
580,HALNEO__ligand7273-0
581,HALNEO__ligand15438-0
582,HALNEO__ligand9323-0
583,HALNEO__ligand18703-0
584,HALNEO__ligand1153-0
585,HALNEO__ligand3225-0
586,HALNEO__ligand1116-0
587,HALNEO__ligand7092-0
588,HALNEO__ligand2260-0
589,HALNEO__ligand8612-0
590,HALNEO__ligand686-0
591,HALNEO__ligand2124-0
592,HALNEO__ligand29087-0
593,HALNEO__ligand8793-0
594,HALNEO__ligand5649-0
595,HALNEO__ligand2788-0
596,HALNEO__ligand393-0
597,HALNEO__ligand4649-0
598,HALNEO__ligand23589-0
599,HALNEO__ligand24064-0
600,HALNEO__ligand2906-0
601,HALNEO__ligand15168-0
602,HALNEO__ligand4711-0
603,HALNEO__ligand3244-0
604,HALNEO__ligand22755-0
605,HALNEO__ligand11432-0
606,HALNEO__ligand31618-0
607,HALNEO__ligand10432-0
608,HALNEO__ligand4807-0
609,HALNEO__ligand3178-0
610,HALNEO__ligand29898-0
611,HALNEO__ligand26277-0
612,HALNEO__ligand5530-0
613,HALNEO__ligand1787-0
614,HALNEO__ligand1356-0
615,HALNEO__ligand9753-0
616,HALNEO__ligand353-0
617,HALNEO__ligand7196-0
618,HALNEO__ligand5159-0
619,HALNEO__ligand20251-1
620,HALNEO__ligand1169-0
621,HALNEO__ligand8529-0
622,HALNEO__ligand16475-0
623,HALNEO__ligand14703-0
624,HALNEO__ligand370-0
625,HALNEO__ligand24047-0
626,HALNEO__ligand10589-0
627,HALNEO__ligand22557-0
628,HALNEO__ligand20598-0
629,HALNEO__ligand11675-0
630,HALNEO__ligand17398-0
631,HALNEO__ligand1498-0
632,HALNEO__ligand38-0
633,HALNEO__ligand4596-0
634,HALNEO__ligand1154-0
635,HALNEO__ligand17982-0
636,HALNEO__ligand29414-0
637,HALNEO__ligand250-0
638,HALNEO__ligand20011-0
639,HALNEO__ligand17278-0
640,HALNEO__ligand9615-0
641,HALNEO__ligand14889-0
642,HALNEO__ligand30851-0
643,HALNEO__ligand1028-0
644,HALNEO__ligand4262-0
645,HALNEO__ligand29568-0
646,HALNEO__ligand28789-0
647,HALNEO__ligand188-0
648,HALNEO__ligand21371-0
649,HALNEO__ligand17118-0
650,HALNEO__ligand1618-0
651,HALNEO__ligand20419-0
652,HALNEO__ligand2692-0
653,HALNEO__ligand370-1
654,HALNEO__ligand620-0
655,HALNEO__ligand14117-0
656,HALNEO__ligand17261-0
657,HALNEO__ligand564-0
658,HALNEO__ligand785-0
659,HALNEO__ligand311-0
660,HALNEO__ligand21581-0
661,HALNEO__ligand31097-0
662,HALNEO__ligand2027-0
663,HALNEO__ligand479-0
664,HALNEO__ligand30702-0
665,HALNEO__ligand20214-0
666,HALNEO__ligand20251-0
667,HALNEO__ligand1050-0
668,HALNEO__ligand1015-0
669,HALNEO__ligand20539-0
670,HALNEO__ligand2650-0
671,HALNEO__ligand2281-0
672,HALNEO__ligand4340-0
673,HALNEO__ligand909-0
674,HALNEO__ligand13390-0
675,HALNEO__ligand3180-0
676,HALNEO__ligand6995-0
677,HALNEO__ligand66-0
678,HALNEO__ligand20682-0
679,HALNEO__ligand2823-0
680,HALNEO__ligand13208-0
681,HALNEO__ligand26810-0
682,HALNEO__ligand27482-0
683,HALNEO__ligand4124-0
684,HALNEO__ligand3471-0
685,HALNEO__ligand4161-0
686,HALNEO__ligand177-0
687,HALNEO__ligand5415-0
688,HALNEO__ligand13294-0
689,HALNEO__ligand31832-0
690,HALNEO__ligand5201-0
691,HALNEO__ligand252-0
692,HALNEO__ligand28884-0
693,HALNEO__ligand13331-0
694,HALNEO__ligand116-0
695,HALNEO__ligand8553-0
696,HALNEO__ligand14248-0
697,HALNEO__ligand29879-0
698,HALNEO__ligand1113-0
699,HALNEO__ligand12030-0
700,HALNEO__ligand11456-0
701,HALNEO__ligand14174-0
702,HALNEO__ligand10712-0
703,HALNEO__ligand9944-0
704,HALNEO__ligand8593-0
705,HALNEO__ligand193-0
706,HALNEO__ligand372-0
707,HALNEO__ligand2001-0
708,HALNEO__ligand42-0
709,HALNEO__ligand25411-0
710,HALNEO__ligand830-0
711,HALNEO__ligand7566-0
712,HALNEO__ligand5019-0
713,HALNEO__ligand3261-0
714,HALNEO__ligand1152-0
715,HALNEO__ligand14108-0
716,HALNEO__ligand1216-0
717,HALNEO__ligand10958-0
718,HALNEO__ligand12641-0
719,HALNEO__ligand3-0
720,HALNEO__ligand1849-0
721,HALNEO__ligand27763-0
722,HALNEO__ligand5614-0
723,HALNEO__ligand5280-0
724,HALNEO__ligand28676-0
725,HALNEO__ligand1831-0
726,HALNEO__ligand10262-0
727,HALNEO__ligand5515-0
728,HALNEO__ligand6663-0
729,HALNEO__ligand29302-0
730,HALNEO__ligand13425-0
731,HALNEO__ligand197-0
732,HALNEO__ligand18814-0
733,HALNEO__ligand19057-0
734,HALNEO__ligand1786-0
735,HALNEO__ligand12231-0
736,HALNEO__ligand783-0
737,HALNEO__ligand352-0
738,HALNEO__ligand5630-0
739,HALNEO__ligand17387-0
740,HALNEO__ligand12130-0
741,HALNEO__ligand18292-0
742,HALNEO__ligand12289-0
743,HALNEO__ligand26702-0
744,HALNEO__ligand13658-0
745,HALNEO__ligand1908-0
746,HALNEO__ligand13068-0
747,HALNEO__ligand19830-0
748,HALNEO__ligand10476-0
749,HALNEO__ligand24145-0
750,HALNEO__ligand4795-0
751,HALNEO__ligand12401-0
752,HALNEO__ligand3285-0
753,HALNEO__ligand15585-0
754,HALNEO__ligand25178-0
755,HALNEO__ligand3144-0
756,HALNEO__ligand5085-0
757,HALNEO__ligand4710-0
758,HALNEO__ligand23769-0
759,HALNEO__ligand5755-0
760,HALNEO__ligand24185-0
761,HALNEO__ligand1828-0
762,HALNEO__ligand1397-0
763,HALNEO__ligand17805-0
764,HALNEO__ligand868-0
765,HALNEO__ligand7213-0
766,HALNEO__ligand8042-0
767,HALNEO__ligand17302-0
768,HALNEO__ligand6112-0
769,HALNEO__ligand134-0
770,HALNEO__ligand26665-0
771,HALNEO__ligand1288-0
772,HALNEO__ligand17631-0
773,HALNEO__ligand13012-0
774,HALNEO__ligand235-0
775,HALNEO__ligand17258-0
776,HALNEO__ligand14603-0
777,HALNEO__ligand14297-0
778,HALNEO__ligand4266-0
779,HALNEO__ligand1400-0
780,HALNEO__ligand31783-0
781,HALNEO__ligand9491-0
782,HALNEO__ligand18-0
783,HALNEO__ligand4167-0
784,HALNEO__ligand1779-0
785,HALNEO__ligand19641-0
786,HALNEO__ligand1817-0
787,HALNEO__ligand12934-0
788,HALNEO__ligand20578-0
789,HALNEO__ligand15422-0
790,HALNEO__ligand6993-0
791,HALNEO__ligand27893-0
792,HALNEO__ligand9750-0
793,HALNEO__ligand14723-0
794,HALNEO__ligand7075-0
795,HALNEO__ligand30988-0
796,HALNEO__ligand560-0
797,HALNEO__ligand3557-0
798,HALNEO__ligand3980-0
799,HALNEO__ligand27175-0
800,HALNEO__ligand1149-0
801,HALNEO__ligand18832-0
802,HALNEO__ligand23713-0
803,HALNEO__ligand3042-0
804,HALNEO__ligand27460-0
805,HALNEO__ligand16628-0
806,HALNEO__ligand7438-0
807,HALNEO__ligand294-0
808,HALNEO__ligand8200-0
809,HALNEO__ligand4063-0
810,HALNEO__ligand28468-0
811,HALNEO__ligand20740-0
812,HALNEO__ligand12427-0
813,HALNEO__ligand12337-0
814,HALNEO__ligand29410-0
815,HALNEO__ligand26540-0
816,HALNEO__ligand685-0
817,HALNEO__ligand1539-0
818,HALNEO__ligand17281-0
819,HALNEO__ligand1150-0
820,HALNEO__ligand30296-0
821,HALNEO__ligand1-0
822,HALNEO__ligand3416-0
823,HALNEO__ligand3453-0
824,HALNEO__ligand12606-0
825,HALNEO__ligand421-0
826,HALNEO__ligand30333-0
827,HALNEO__ligand4207-0
