,TMC
0,JOJBOA__ligand2985-0
1,JOJBOA__ligand4007-0
2,JOJBOA__ligand9299-0
3,JOJBOA__ligand10371-0
4,JOJBOA__ligand7291-0
5,JOJBOA__ligand13672-0
6,JOJBOA__ligand18568-0
7,JOJBOA__ligand28685-0
8,JOJBOA__ligand3677-1
9,JOJBOA__ligand9883-0
10,JOJBOA__ligand19184-0
11,JOJBOA__ligand8-0
12,JOJBOA__ligand9344-0
13,JOJBOA__ligand8000-0
14,JOJBOA__ligand3736-0
15,JOJBOA__ligand3945-0
16,JOJBOA__ligand693-0
17,JOJBOA__ligand12453-0
18,JOJBOA__ligand18448-0
19,JOJBOA__ligand2693-0
20,JOJBOA__ligand5383-0
21,JOJBOA__ligand28459-0
22,JOJBOA__ligand3712-0
23,JOJBOA__ligand1464-0
24,JOJBOA__ligand2881-0
25,JOJBOA__ligand757-0
26,JOJBOA__ligand1499-0
27,JOJBOA__ligand122-0
28,JOJBOA__ligand6892-0
29,JOJBOA__ligand13477-0
30,JOJBOA__ligand14167-0
31,JOJBOA__ligand30142-0
32,JOJBOA__ligand27669-0
33,JOJBOA__ligand1211-0
34,JOJBOA__ligand3677-0
35,JOJBOA__ligand3632-0
36,JOJBOA__ligand27285-0
37,JOJBOA__ligand29029-0
38,JOJBOA__ligand1294-0
39,JOJBOA__ligand1168-0
40,JOJBOA__ligand6699-0
41,JOJBOA__ligand23197-0
42,JOJBOA__ligand2259-0
43,JOJBOA__ligand12365-0
44,JOJBOA__ligand10056-0
45,JOJBOA__ligand1296-0
46,JOJBOA__ligand8592-0
47,JOJBOA__ligand5099-0
48,JOJBOA__ligand11357-0
49,JOJBOA__ligand13862-0
50,JOJBOA__ligand28743-0
51,JOJBOA__ligand1197-0
52,JOJBOA__ligand15531-0
53,JOJBOA__ligand5510-0
54,JOJBOA__ligand1376-0
55,JOJBOA__ligand22168-0
56,JOJBOA__ligand28930-0
57,JOJBOA__ligand22294-0
58,JOJBOA__ligand9773-0
59,JOJBOA__ligand768-0
60,JOJBOA__ligand21919-0
61,JOJBOA__ligand384-0
62,JOJBOA__ligand4101-0
63,JOJBOA__ligand5595-0
64,JOJBOA__ligand11970-0
65,JOJBOA__ligand15883-0
66,JOJBOA__ligand28810-0
67,JOJBOA__ligand3926-0
68,JOJBOA__ligand3120-0
69,JOJBOA__ligand11447-0
70,JOJBOA__ligand11096-0
71,JOJBOA__ligand24230-0
72,JOJBOA__ligand4358-0
73,JOJBOA__ligand15926-0
74,JOJBOA__ligand2221-0
75,JOJBOA__ligand19792-0
76,JOJBOA__ligand10828-0
77,JOJBOA__ligand6117-0
78,JOJBOA__ligand1407-0
79,JOJBOA__ligand11682-0
80,JOJBOA__ligand8002-0
81,JOJBOA__ligand5509-0
82,JOJBOA__ligand20207-0
83,JOJBOA__ligand30711-0
84,JOJBOA__ligand141-0
85,JOJBOA__ligand16988-0
86,JOJBOA__ligand25913-0
87,JOJBOA__ligand240-0
88,JOJBOA__ligand11-0
89,JOJBOA__ligand5080-0
90,JOJBOA__ligand7762-0
91,JOJBOA__ligand5304-0
92,JOJBOA__ligand16663-0
93,JOJBOA__ligand69-0
94,JOJBOA__ligand9167-0
95,JOJBOA__ligand14614-0
96,JOJBOA__ligand2238-0
97,JOJBOA__ligand24035-0
98,JOJBOA__ligand31044-0
99,JOJBOA__ligand31842-0
100,JOJBOA__ligand7293-0
101,JOJBOA__ligand2822-0
102,JOJBOA__ligand11994-0
103,JOJBOA__ligand3867-0
104,JOJBOA__ligand1317-0
105,JOJBOA__ligand201-0
106,JOJBOA__ligand14569-0
107,JOJBOA__ligand2906-0
108,JOJBOA__ligand13385-0
109,JOJBOA__ligand24111-0
110,JOJBOA__ligand22444-0
111,JOJBOA__ligand3244-0
112,JOJBOA__ligand4711-0
113,JOJBOA__ligand11587-0
114,JOJBOA__ligand13220-0
115,JOJBOA__ligand5649-0
116,JOJBOA__ligand2788-0
117,JOJBOA__ligand8793-0
118,JOJBOA__ligand4649-0
119,JOJBOA__ligand17396-0
120,JOJBOA__ligand23175-0
121,JOJBOA__ligand15788-0
122,JOJBOA__ligand27840-0
123,JOJBOA__ligand9753-0
124,JOJBOA__ligand321-0
125,JOJBOA__ligand5530-0
126,JOJBOA__ligand1787-0
127,JOJBOA__ligand1356-0
128,JOJBOA__ligand30728-0
129,JOJBOA__ligand24872-0
130,JOJBOA__ligand5159-0
131,JOJBOA__ligand7196-0
132,JOJBOA__ligand178-0
133,JOJBOA__ligand10033-0
134,JOJBOA__ligand4807-0
135,JOJBOA__ligand24644-0
136,JOJBOA__ligand279-0
137,JOJBOA__ligand12001-0
138,JOJBOA__ligand3178-0
139,JOJBOA__ligand185-0
140,JOJBOA__ligand11949-0
141,JOJBOA__ligand5180-0
142,JOJBOA__ligand22129-0
143,JOJBOA__ligand12138-0
144,JOJBOA__ligand24780-0
145,JOJBOA__ligand25561-0
146,JOJBOA__ligand49-0
147,JOJBOA__ligand6017-0
148,JOJBOA__ligand5708-0
149,JOJBOA__ligand7316-0
150,JOJBOA__ligand1116-0
151,JOJBOA__ligand89-0
152,JOJBOA__ligand1153-0
153,JOJBOA__ligand3225-0
154,JOJBOA__ligand2260-0
155,JOJBOA__ligand7092-0
156,JOJBOA__ligand31694-0
157,JOJBOA__ligand29486-0
158,JOJBOA__ligand2124-0
159,JOJBOA__ligand8612-0
160,JOJBOA__ligand7172-0
161,JOJBOA__ligand338-0
162,JOJBOA__ligand9323-0
163,JOJBOA__ligand17427-0
164,JOJBOA__ligand7273-0
165,JOJBOA__ligand9284-0
166,JOJBOA__ligand6391-0
167,JOJBOA__ligand3126-0
168,JOJBOA__ligand126-0
169,JOJBOA__ligand163-0
170,JOJBOA__ligand1114-0
171,JOJBOA__ligand26529-0
172,JOJBOA__ligand2417-0
173,JOJBOA__ligand11618-0
174,JOJBOA__ligand19927-0
175,JOJBOA__ligand2043-0
176,JOJBOA__ligand28559-0
177,JOJBOA__ligand26324-0
178,JOJBOA__ligand845-0
179,JOJBOA__ligand8788-0
180,JOJBOA__ligand14043-0
181,JOJBOA__ligand1832-0
182,JOJBOA__ligand21729-0
183,JOJBOA__ligand1604-0
184,JOJBOA__ligand27239-0
185,JOJBOA__ligand1228-0
186,JOJBOA__ligand9943-0
187,JOJBOA__ligand29215-0
188,JOJBOA__ligand9450-0
189,JOJBOA__ligand366-0
190,JOJBOA__ligand16148-0
191,JOJBOA__ligand26631-0
192,JOJBOA__ligand187-0
193,JOJBOA__ligand2612-0
194,JOJBOA__ligand12003-0
195,JOJBOA__ligand1599-0
196,JOJBOA__ligand657-0
197,JOJBOA__ligand21399-0
198,JOJBOA__ligand10872-0
199,JOJBOA__ligand5387-0
200,JOJBOA__ligand2203-0
201,JOJBOA__ligand941-0
202,JOJBOA__ligand596-0
203,JOJBOA__ligand1289-0
204,JOJBOA__ligand22403-0
205,JOJBOA__ligand17-0
206,JOJBOA__ligand27754-0
207,JOJBOA__ligand20695-0
208,JOJBOA__ligand777-0
209,JOJBOA__ligand16369-0
210,JOJBOA__ligand28540-0
211,JOJBOA__ligand11111-0
212,JOJBOA__ligand199-0
213,JOJBOA__ligand34-0
214,JOJBOA__ligand25658-0
215,JOJBOA__ligand17686-0
216,JOJBOA__ligand1113-0
217,JOJBOA__ligand31205-0
218,JOJBOA__ligand8553-0
219,JOJBOA__ligand11177-0
220,JOJBOA__ligand15455-0
221,JOJBOA__ligand5201-0
222,JOJBOA__ligand16870-0
223,JOJBOA__ligand2001-0
224,JOJBOA__ligand300-0
225,JOJBOA__ligand11622-0
226,JOJBOA__ligand7566-0
227,JOJBOA__ligand11814-0
228,JOJBOA__ligand588-0
229,JOJBOA__ligand9944-0
230,JOJBOA__ligand8593-0
231,JOJBOA__ligand16603-0
232,JOJBOA__ligand11606-0
233,JOJBOA__ligand6995-0
234,JOJBOA__ligand324-0
235,JOJBOA__ligand31000-0
236,JOJBOA__ligand361-0
237,JOJBOA__ligand2823-0
238,JOJBOA__ligand409-0
239,JOJBOA__ligand2650-0
240,JOJBOA__ligand2281-0
241,JOJBOA__ligand68-0
242,JOJBOA__ligand4340-0
243,JOJBOA__ligand26673-0
244,JOJBOA__ligand3180-0
245,JOJBOA__ligand20821-0
246,JOJBOA__ligand19824-0
247,JOJBOA__ligand55-0
248,JOJBOA__ligand18067-0
249,JOJBOA__ligand5415-0
250,JOJBOA__ligand11252-0
251,JOJBOA__ligand3471-0
252,JOJBOA__ligand4161-0
253,JOJBOA__ligand4124-0
254,JOJBOA__ligand10582-0
255,JOJBOA__ligand13260-0
256,JOJBOA__ligand692-0
257,JOJBOA__ligand57-0
258,JOJBOA__ligand2692-0
259,JOJBOA__ligand1618-0
260,JOJBOA__ligand1028-0
261,JOJBOA__ligand10151-0
262,JOJBOA__ligand436-0
263,JOJBOA__ligand4262-0
264,JOJBOA__ligand2027-0
265,JOJBOA__ligand19668-0
266,JOJBOA__ligand19906-0
267,JOJBOA__ligand326-0
268,JOJBOA__ligand1015-0
269,JOJBOA__ligand1050-0
270,JOJBOA__ligand22353-0
271,JOJBOA__ligand24851-0
272,JOJBOA__ligand497-0
273,JOJBOA__ligand20530-0
274,JOJBOA__ligand11698-0
275,JOJBOA__ligand14347-0
276,JOJBOA__ligand13657-0
277,JOJBOA__ligand14302-0
278,JOJBOA__ligand10479-0
279,JOJBOA__ligand27610-0
280,JOJBOA__ligand11479-0
281,JOJBOA__ligand29441-0
282,JOJBOA__ligand8529-0
283,JOJBOA__ligand10853-0
284,JOJBOA__ligand1169-0
285,JOJBOA__ligand633-0
286,JOJBOA__ligand1154-0
287,JOJBOA__ligand9615-0
288,JOJBOA__ligand16952-0
289,JOJBOA__ligand29813-0
290,JOJBOA__ligand20220-0
291,JOJBOA__ligand4596-0
292,JOJBOA__ligand15387-0
293,JOJBOA__ligand1498-0
294,JOJBOA__ligand20121-0
295,JOJBOA__ligand4063-0
296,JOJBOA__ligand27550-0
297,JOJBOA__ligand7438-0
298,JOJBOA__ligand8200-0
299,JOJBOA__ligand3042-0
300,JOJBOA__ligand18019-1
301,JOJBOA__ligand14007-0
302,JOJBOA__ligand3453-0
303,JOJBOA__ligand3416-0
304,JOJBOA__ligand29565-0
305,JOJBOA__ligand23682-0
306,JOJBOA__ligand383-0
307,JOJBOA__ligand18158-0
308,JOJBOA__ligand4207-0
309,JOJBOA__ligand416-0
310,JOJBOA__ligand27771-0
311,JOJBOA__ligand226-0
312,JOJBOA__ligand1539-0
313,JOJBOA__ligand32-0
314,JOJBOA__ligand20942-1
315,JOJBOA__ligand21339-0
316,JOJBOA__ligand14226-0
317,JOJBOA__ligand16956-0
318,JOJBOA__ligand162-0
319,JOJBOA__ligand1150-0
320,JOJBOA__ligand9491-0
321,JOJBOA__ligand17069-0
322,JOJBOA__ligand4266-0
323,JOJBOA__ligand1400-0
324,JOJBOA__ligand14477-0
325,JOJBOA__ligand4167-0
326,JOJBOA__ligand17445-0
327,JOJBOA__ligand12413-0
328,JOJBOA__ligand29334-0
329,JOJBOA__ligand1288-0
330,JOJBOA__ligand20731-0
331,JOJBOA__ligand696-0
332,JOJBOA__ligand11798-0
333,JOJBOA__ligand16-0
334,JOJBOA__ligand7075-0
335,JOJBOA__ligand21448-0
336,JOJBOA__ligand1149-0
337,JOJBOA__ligand22357-0
338,JOJBOA__ligand656-0
339,JOJBOA__ligand11758-0
340,JOJBOA__ligand3980-0
341,JOJBOA__ligand3557-0
342,JOJBOA__ligand29214-0
343,JOJBOA__ligand6993-0
344,JOJBOA__ligand1817-0
345,JOJBOA__ligand1779-0
346,JOJBOA__ligand11501-0
347,JOJBOA__ligand11544-0
348,JOJBOA__ligand9750-0
349,JOJBOA__ligand91-0
350,JOJBOA__ligand1908-0
351,JOJBOA__ligand4795-0
352,JOJBOA__ligand3285-0
353,JOJBOA__ligand30004-0
354,JOJBOA__ligand20557-0
355,JOJBOA__ligand1786-0
356,JOJBOA__ligand5630-0
357,JOJBOA__ligand25048-0
358,JOJBOA__ligand1397-0
359,JOJBOA__ligand488-0
360,JOJBOA__ligand7213-0
361,JOJBOA__ligand21940-0
362,JOJBOA__ligand1828-0
363,JOJBOA__ligand6112-0
364,JOJBOA__ligand358-0
365,JOJBOA__ligand430-0
366,JOJBOA__ligand8042-0
367,JOJBOA__ligand694-0
368,JOJBOA__ligand51-0
369,JOJBOA__ligand20432-0
370,JOJBOA__ligand27122-0
371,JOJBOA__ligand3144-0
372,JOJBOA__ligand16133-0
373,JOJBOA__ligand13755-0
374,JOJBOA__ligand5085-0
375,JOJBOA__ligand24953-0
376,JOJBOA__ligand23445-0
377,JOJBOA__ligand4710-0
378,JOJBOA__ligand5755-0
379,JOJBOA__ligand14339-0
380,JOJBOA__ligand1849-0
381,JOJBOA__ligand30788-0
382,JOJBOA__ligand13691-0
383,JOJBOA__ligand1152-0
384,JOJBOA__ligand3261-0
385,JOJBOA__ligand21752-0
386,JOJBOA__ligand5019-0
387,JOJBOA__ligand1216-0
388,JOJBOA__ligand18757-0
389,JOJBOA__ligand571-0
390,JOJBOA__ligand534-0
391,JOJBOA__ligand24560-0
392,JOJBOA__ligand48-0
393,JOJBOA__ligand18413-0
394,JOJBOA__ligand20844-0
395,JOJBOA__ligand24624-0
396,JOJBOA__ligand670-0
397,JOJBOA__ligand5280-0
398,JOJBOA__ligand5614-0
399,JOJBOA__ligand1831-0
400,JOJBOA__ligand5515-0
401,JOJBOA__ligand6663-0
402,JOJBOA__ligand250-0
403,JOJBOA__ligand3215-0
404,JOJBOA__ligand25735-0
405,JOJBOA__ligand12519-0
406,JOJBOA__ligand7107-0
407,JOJBOA__ligand11206-0
408,JOJBOA__ligand23124-0
409,JOJBOA__ligand370-0
410,JOJBOA__ligand6283-0
411,JOJBOA__ligand12660-0
412,JOJBOA__ligand13209-0
413,JOJBOA__ligand19257-0
414,JOJBOA__ligand4813-0
415,JOJBOA__ligand5813-0
416,JOJBOA__ligand31248-0
417,JOJBOA__ligand25650-0
418,JOJBOA__ligand4738-0
419,JOJBOA__ligand6062-0
420,JOJBOA__ligand3-0
421,JOJBOA__ligand7532-0
422,JOJBOA__ligand4194-0
423,JOJBOA__ligand12295-0
424,JOJBOA__ligand479-0
425,JOJBOA__ligand785-0
426,JOJBOA__ligand311-0
427,JOJBOA__ligand27835-0
428,JOJBOA__ligand564-0
429,JOJBOA__ligand2599-0
430,JOJBOA__ligand21787-0
431,JOJBOA__ligand25575-0
432,JOJBOA__ligand25689-0
433,JOJBOA__ligand18-0
434,JOJBOA__ligand4330-0
435,JOJBOA__ligand620-0
436,JOJBOA__ligand370-1
437,JOJBOA__ligand1147-0
438,JOJBOA__ligand30539-0
439,JOJBOA__ligand188-0
440,JOJBOA__ligand3973-0
441,JOJBOA__ligand2068-0
442,JOJBOA__ligand23906-0
443,JOJBOA__ligand7925-0
444,JOJBOA__ligand21132-0
445,JOJBOA__ligand11166-0
446,JOJBOA__ligand25267-0
447,JOJBOA__ligand3934-0
448,JOJBOA__ligand10084-0
449,JOJBOA__ligand177-0
450,JOJBOA__ligand12467-0
451,JOJBOA__ligand6882-0
452,JOJBOA__ligand6455-0
453,JOJBOA__ligand2403-0
454,JOJBOA__ligand13257-0
455,JOJBOA__ligand21936-0
456,JOJBOA__ligand23904-0
457,JOJBOA__ligand27074-0
458,JOJBOA__ligand1449-0
459,JOJBOA__ligand3012-0
460,JOJBOA__ligand22981-0
461,JOJBOA__ligand25805-0
462,JOJBOA__ligand1065-0
463,JOJBOA__ligand1-0
464,JOJBOA__ligand20599-0
465,JOJBOA__ligand7530-0
466,JOJBOA__ligand909-0
467,JOJBOA__ligand9681-0
468,JOJBOA__ligand27169-0
469,JOJBOA__ligand4332-0
470,JOJBOA__ligand14523-0
471,JOJBOA__ligand18391-0
472,JOJBOA__ligand16791-0
473,JOJBOA__ligand5627-0
474,JOJBOA__ligand830-0
475,JOJBOA__ligand1729-0
476,JOJBOA__ligand2830-0
477,JOJBOA__ligand372-0
478,JOJBOA__ligand28668-0
479,JOJBOA__ligand193-0
480,JOJBOA__ligand5316-0
481,JOJBOA__ligand18465-0
482,JOJBOA__ligand18799-0
483,JOJBOA__ligand5483-0
484,JOJBOA__ligand116-0
485,JOJBOA__ligand29863-0
486,JOJBOA__ligand9148-0
487,JOJBOA__ligand18074-0
488,JOJBOA__ligand13869-0
489,JOJBOA__ligand252-0
490,JOJBOA__ligand29610-0
491,JOJBOA__ligand6946-0
492,JOJBOA__ligand1415-0
493,JOJBOA__ligand7529-0
494,JOJBOA__ligand11140-0
495,JOJBOA__ligand24613-0
496,JOJBOA__ligand4850-0
497,JOJBOA__ligand5056-0
498,JOJBOA__ligand19725-0
499,JOJBOA__ligand197-0
500,JOJBOA__ligand1688-0
501,JOJBOA__ligand3647-0
502,JOJBOA__ligand5357-0
503,JOJBOA__ligand3871-0
504,JOJBOA__ligand10555-0
505,JOJBOA__ligand31483-0
506,JOJBOA__ligand1469-0
507,JOJBOA__ligand1768-0
508,JOJBOA__ligand5935-0
509,JOJBOA__ligand1379-0
510,JOJBOA__ligand11568-0
511,JOJBOA__ligand2722-0
512,JOJBOA__ligand17710-0
513,JOJBOA__ligand20579-0
514,JOJBOA__ligand3157-0
515,JOJBOA__ligand42-0
516,JOJBOA__ligand21421-0
517,JOJBOA__ligand14586-0
518,JOJBOA__ligand11774-0
519,JOJBOA__ligand1165-0
520,JOJBOA__ligand9525-0
521,JOJBOA__ligand3392-0
522,JOJBOA__ligand868-0
523,JOJBOA__ligand1771-0
524,JOJBOA__ligand18699-0
525,JOJBOA__ligand4911-0
526,JOJBOA__ligand12682-0
527,JOJBOA__ligand5849-0
528,JOJBOA__ligand17240-0
529,JOJBOA__ligand66-0
530,JOJBOA__ligand17590-0
531,JOJBOA__ligand13072-0
532,JOJBOA__ligand12336-0
533,JOJBOA__ligand2527-0
534,JOJBOA__ligand8464-0
535,JOJBOA__ligand1709-0
536,JOJBOA__ligand8349-0
537,JOJBOA__ligand352-0
538,JOJBOA__ligand783-0
539,JOJBOA__ligand2208-0
540,JOJBOA__ligand3208-0
541,JOJBOA__ligand29087-0
542,JOJBOA__ligand560-0
543,JOJBOA__ligand18703-0
544,JOJBOA__ligand9809-0
545,JOJBOA__ligand6672-0
546,JOJBOA__ligand28924-0
547,JOJBOA__ligand1327-0
548,JOJBOA__ligand8722-0
549,JOJBOA__ligand15438-0
550,JOJBOA__ligand3350-0
551,JOJBOA__ligand7573-0
552,JOJBOA__ligand2781-0
553,JOJBOA__ligand24750-0
554,JOJBOA__ligand2328-0
555,JOJBOA__ligand1773-0
556,JOJBOA__ligand4581-0
557,JOJBOA__ligand3029-0
558,JOJBOA__ligand7162-0
559,JOJBOA__ligand17945-0
560,JOJBOA__ligand25224-0
561,JOJBOA__ligand18013-0
562,JOJBOA__ligand235-0
563,JOJBOA__ligand31578-0
564,JOJBOA__ligand17207-0
565,JOJBOA__ligand1900-0
566,JOJBOA__ligand9197-0
567,JOJBOA__ligand134-0
568,JOJBOA__ligand421-0
569,JOJBOA__ligand4131-0
570,JOJBOA__ligand1712-0
571,JOJBOA__ligand29898-0
572,JOJBOA__ligand26277-0
573,JOJBOA__ligand22755-0
574,JOJBOA__ligand685-0
575,JOJBOA__ligand11432-0
576,JOJBOA__ligand5094-0
577,JOJBOA__ligand31618-0
578,JOJBOA__ligand5892-0
579,JOJBOA__ligand10432-0
580,JOJBOA__ligand1533-0
581,JOJBOA__ligand38-0
582,JOJBOA__ligand294-0
583,JOJBOA__ligand15168-0
584,JOJBOA__ligand24064-0
585,JOJBOA__ligand1496-0
586,JOJBOA__ligand7557-0
587,JOJBOA__ligand23589-0
588,JOJBOA__ligand1285-0
589,JOJBOA__ligand17982-0
590,JOJBOA__ligand29414-0
591,JOJBOA__ligand17278-0
592,JOJBOA__ligand20011-0
593,JOJBOA__ligand1982-0
594,JOJBOA__ligand7000-0
595,JOJBOA__ligand8115-0
596,JOJBOA__ligand6768-0
597,JOJBOA__ligand17398-0
598,JOJBOA__ligand4546-0
599,JOJBOA__ligand4503-0
600,JOJBOA__ligand24047-0
601,JOJBOA__ligand487-0
602,JOJBOA__ligand10589-0
603,JOJBOA__ligand22557-0
604,JOJBOA__ligand20598-0
605,JOJBOA__ligand11675-0
606,JOJBOA__ligand14703-0
607,JOJBOA__ligand16475-0
608,JOJBOA__ligand4157-0
609,JOJBOA__ligand746-0
610,JOJBOA__ligand5256-0
611,JOJBOA__ligand9833-0
612,JOJBOA__ligand7648-0
613,JOJBOA__ligand8876-0
614,JOJBOA__ligand447-0
615,JOJBOA__ligand2828-0
616,JOJBOA__ligand9291-0
617,JOJBOA__ligand2176-0
618,JOJBOA__ligand176-0
619,JOJBOA__ligand2232-0
620,JOJBOA__ligand20251-1
621,JOJBOA__ligand20214-0
622,JOJBOA__ligand30702-0
623,JOJBOA__ligand20251-0
624,JOJBOA__ligand7629-0
625,JOJBOA__ligand4272-0
626,JOJBOA__ligand1451-0
627,JOJBOA__ligand20539-0
628,JOJBOA__ligand9784-0
629,JOJBOA__ligand31097-0
630,JOJBOA__ligand21581-0
631,JOJBOA__ligand14117-0
632,JOJBOA__ligand8699-0
633,JOJBOA__ligand17261-0
634,JOJBOA__ligand1160-0
635,JOJBOA__ligand9520-0
636,JOJBOA__ligand152-0
637,JOJBOA__ligand3954-0
638,JOJBOA__ligand4093-0
639,JOJBOA__ligand4442-0
640,JOJBOA__ligand21371-0
641,JOJBOA__ligand506-0
642,JOJBOA__ligand6709-0
643,JOJBOA__ligand1219-0
644,JOJBOA__ligand17118-0
645,JOJBOA__ligand20419-0
646,JOJBOA__ligand7867-0
647,JOJBOA__ligand28789-0
648,JOJBOA__ligand4016-0
649,JOJBOA__ligand7238-0
650,JOJBOA__ligand29568-0
651,JOJBOA__ligand1304-0
652,JOJBOA__ligand1790-0
653,JOJBOA__ligand7280-0
654,JOJBOA__ligand14889-0
655,JOJBOA__ligand30851-0
656,JOJBOA__ligand3504-0
657,JOJBOA__ligand1959-0
658,JOJBOA__ligand1573-0
659,JOJBOA__ligand78-0
660,JOJBOA__ligand1536-0
661,JOJBOA__ligand9935-0
662,JOJBOA__ligand26810-0
663,JOJBOA__ligand3718-0
664,JOJBOA__ligand27482-0
665,JOJBOA__ligand6616-0
666,JOJBOA__ligand3035-0
667,JOJBOA__ligand1343-0
668,JOJBOA__ligand3876-0
669,JOJBOA__ligand13208-0
670,JOJBOA__ligand833-0
671,JOJBOA__ligand4661-0
672,JOJBOA__ligand1844-0
673,JOJBOA__ligand7242-0
674,JOJBOA__ligand7106-0
675,JOJBOA__ligand20682-0
676,JOJBOA__ligand45-0
677,JOJBOA__ligand13390-0
678,JOJBOA__ligand9908-0
679,JOJBOA__ligand1263-0
680,JOJBOA__ligand115-0
681,JOJBOA__ligand25411-0
682,JOJBOA__ligand368-0
683,JOJBOA__ligand5211-0
684,JOJBOA__ligand395-0
685,JOJBOA__ligand4155-0
686,JOJBOA__ligand3094-0
687,JOJBOA__ligand14174-0
688,JOJBOA__ligand4720-0
689,JOJBOA__ligand10712-0
690,JOJBOA__ligand11456-0
691,JOJBOA__ligand8969-0
692,JOJBOA__ligand3131-0
693,JOJBOA__ligand3937-0
694,JOJBOA__ligand1202-0
695,JOJBOA__ligand3174-0
696,JOJBOA__ligand6839-0
697,JOJBOA__ligand24-0
698,JOJBOA__ligand14248-0
699,JOJBOA__ligand29879-0
700,JOJBOA__ligand19-0
701,JOJBOA__ligand12030-0
702,JOJBOA__ligand1512-0
703,JOJBOA__ligand5331-0
704,JOJBOA__ligand28884-0
705,JOJBOA__ligand3565-0
706,JOJBOA__ligand13331-0
707,JOJBOA__ligand3852-0
708,JOJBOA__ligand13294-0
709,JOJBOA__ligand2485-0
710,JOJBOA__ligand784-0
711,JOJBOA__ligand31832-0
712,JOJBOA__ligand6919-0
713,JOJBOA__ligand18814-0
714,JOJBOA__ligand19057-0
715,JOJBOA__ligand29302-0
716,JOJBOA__ligand618-0
717,JOJBOA__ligand13425-0
718,JOJBOA__ligand3234-0
719,JOJBOA__ligand1142-0
720,JOJBOA__ligand391-0
721,JOJBOA__ligand27763-0
722,JOJBOA__ligand8835-0
723,JOJBOA__ligand2028-0
724,JOJBOA__ligand7126-0
725,JOJBOA__ligand28676-0
726,JOJBOA__ligand10262-0
727,JOJBOA__ligand12641-0
728,JOJBOA__ligand314-0
729,JOJBOA__ligand780-0
730,JOJBOA__ligand4641-0
731,JOJBOA__ligand813-0
732,JOJBOA__ligand10958-0
733,JOJBOA__ligand14108-0
734,JOJBOA__ligand17302-0
735,JOJBOA__ligand4620-0
736,JOJBOA__ligand17805-0
737,JOJBOA__ligand6067-0
738,JOJBOA__ligand1577-0
739,JOJBOA__ligand23769-0
740,JOJBOA__ligand2295-0
741,JOJBOA__ligand24185-0
742,JOJBOA__ligand25178-0
743,JOJBOA__ligand314-1
744,JOJBOA__ligand24145-0
745,JOJBOA__ligand12401-0
746,JOJBOA__ligand15585-0
747,JOJBOA__ligand13068-0
748,JOJBOA__ligand19830-0
749,JOJBOA__ligand7819-0
750,JOJBOA__ligand2917-0
751,JOJBOA__ligand10476-0
752,JOJBOA__ligand6102-0
753,JOJBOA__ligand6596-0
754,JOJBOA__ligand17387-0
755,JOJBOA__ligand12130-0
756,JOJBOA__ligand6904-0
757,JOJBOA__ligand3721-0
758,JOJBOA__ligand18292-0
759,JOJBOA__ligand12289-0
760,JOJBOA__ligand26702-0
761,JOJBOA__ligand465-0
762,JOJBOA__ligand13658-0
763,JOJBOA__ligand3465-0
764,JOJBOA__ligand12231-0
765,JOJBOA__ligand2915-0
766,JOJBOA__ligand3156-0
767,JOJBOA__ligand27175-0
768,JOJBOA__ligand43-0
769,JOJBOA__ligand18832-0
770,JOJBOA__ligand23713-0
771,JOJBOA__ligand686-0
772,JOJBOA__ligand30988-0
773,JOJBOA__ligand27893-0
774,JOJBOA__ligand14723-0
775,JOJBOA__ligand6244-0
776,JOJBOA__ligand1378-0
777,JOJBOA__ligand422-0
778,JOJBOA__ligand19641-0
779,JOJBOA__ligand20578-0
780,JOJBOA__ligand12934-0
781,JOJBOA__ligand15422-0
782,JOJBOA__ligand2332-0
783,JOJBOA__ligand31783-0
784,JOJBOA__ligand9441-0
785,JOJBOA__ligand17258-0
786,JOJBOA__ligand1631-0
787,JOJBOA__ligand14603-0
788,JOJBOA__ligand14297-0
789,JOJBOA__ligand26665-0
790,JOJBOA__ligand196-0
791,JOJBOA__ligand9933-0
792,JOJBOA__ligand1575-0
793,JOJBOA__ligand1530-0
794,JOJBOA__ligand17631-0
795,JOJBOA__ligand13012-0
796,JOJBOA__ligand30333-0
797,JOJBOA__ligand4-0
798,JOJBOA__ligand1823-0
799,JOJBOA__ligand5643-0
800,JOJBOA__ligand8721-0
801,JOJBOA__ligand353-0
802,JOJBOA__ligand1324-0
803,JOJBOA__ligand12606-0
804,JOJBOA__ligand17281-0
805,JOJBOA__ligand30296-0
806,JOJBOA__ligand9111-0
807,JOJBOA__ligand9952-0
808,JOJBOA__ligand12337-0
809,JOJBOA__ligand1615-0
810,JOJBOA__ligand29410-0
811,JOJBOA__ligand5036-0
812,JOJBOA__ligand2526-0
813,JOJBOA__ligand26540-0
814,JOJBOA__ligand28468-0
815,JOJBOA__ligand20740-0
816,JOJBOA__ligand8992-0
817,JOJBOA__ligand12427-0
818,JOJBOA__ligand9601-0
819,JOJBOA__ligand67-0
820,JOJBOA__ligand16628-0
821,JOJBOA__ligand7967-0
822,JOJBOA__ligand6124-0
823,JOJBOA__ligand3707-0
824,JOJBOA__ligand4116-0
825,JOJBOA__ligand27460-0
826,JOJBOA__ligand1018-0
827,JOJBOA__ligand393-0
