,TMC
0,VEXSOG__ligand1149-0
1,VEXSOG__ligand11618-0
2,VEXSOG__ligand757-0
3,VEXSOG__ligand3557-0
4,VEXSOG__ligand3980-0
5,VEXSOG__ligand7075-0
6,VEXSOG__ligand9750-0
7,VEXSOG__ligand26529-0
8,VEXSOG__ligand1817-0
9,VEXSOG__ligand6993-0
10,VEXSOG__ligand1779-0
11,VEXSOG__ligand34-0
12,VEXSOG__ligand122-0
13,VEXSOG__ligand21729-0
14,VEXSOG__ligand4167-0
15,VEXSOG__ligand27239-0
16,VEXSOG__ligand9491-0
17,VEXSOG__ligand1400-0
18,VEXSOG__ligand4266-0
19,VEXSOG__ligand19927-0
20,VEXSOG__ligand14043-0
21,VEXSOG__ligand28559-0
22,VEXSOG__ligand1288-0
23,VEXSOG__ligand26324-0
24,VEXSOG__ligand4207-0
25,VEXSOG__ligand12003-0
26,VEXSOG__ligand26631-0
27,VEXSOG__ligand16148-0
28,VEXSOG__ligand3416-0
29,VEXSOG__ligand21399-0
30,VEXSOG__ligand3453-0
31,VEXSOG__ligand68-0
32,VEXSOG__ligand10872-0
33,VEXSOG__ligand1150-0
34,VEXSOG__ligand29215-0
35,VEXSOG__ligand1539-0
36,VEXSOG__ligand20695-0
37,VEXSOG__ligand27754-0
38,VEXSOG__ligand28540-0
39,VEXSOG__ligand11111-0
40,VEXSOG__ligand4063-0
41,VEXSOG__ligand16369-0
42,VEXSOG__ligand8200-0
43,VEXSOG__ligand7438-0
44,VEXSOG__ligand22403-0
45,VEXSOG__ligand55-0
46,VEXSOG__ligand693-0
47,VEXSOG__ligand3042-0
48,VEXSOG__ligand13220-0
49,VEXSOG__ligand11587-0
50,VEXSOG__ligand23175-0
51,VEXSOG__ligand15788-0
52,VEXSOG__ligand17396-0
53,VEXSOG__ligand5515-0
54,VEXSOG__ligand6663-0
55,VEXSOG__ligand13385-0
56,VEXSOG__ligand14569-0
57,VEXSOG__ligand240-0
58,VEXSOG__ligand5614-0
59,VEXSOG__ligand5280-0
60,VEXSOG__ligand1831-0
61,VEXSOG__ligand24111-0
62,VEXSOG__ligand141-0
63,VEXSOG__ligand22444-0
64,VEXSOG__ligand57-0
65,VEXSOG__ligand1849-0
66,VEXSOG__ligand24644-0
67,VEXSOG__ligand10033-0
68,VEXSOG__ligand12001-0
69,VEXSOG__ligand1216-0
70,VEXSOG__ligand30728-0
71,VEXSOG__ligand27840-0
72,VEXSOG__ligand3261-0
73,VEXSOG__ligand1152-0
74,VEXSOG__ligand5019-0
75,VEXSOG__ligand24872-0
76,VEXSOG__ligand6112-0
77,VEXSOG__ligand8042-0
78,VEXSOG__ligand25561-0
79,VEXSOG__ligand1397-0
80,VEXSOG__ligand7213-0
81,VEXSOG__ligand1828-0
82,VEXSOG__ligand11949-0
83,VEXSOG__ligand4710-0
84,VEXSOG__ligand5755-0
85,VEXSOG__ligand768-0
86,VEXSOG__ligand12138-0
87,VEXSOG__ligand24780-0
88,VEXSOG__ligand3144-0
89,VEXSOG__ligand5085-0
90,VEXSOG__ligand22129-0
91,VEXSOG__ligand3285-0
92,VEXSOG__ligand4795-0
93,VEXSOG__ligand17427-0
94,VEXSOG__ligand1908-0
95,VEXSOG__ligand384-0
96,VEXSOG__ligand31694-0
97,VEXSOG__ligand5630-0
98,VEXSOG__ligand1786-0
99,VEXSOG__ligand29486-0
100,VEXSOG__ligand22294-0
101,VEXSOG__ligand28930-0
102,VEXSOG__ligand22168-0
103,VEXSOG__ligand5415-0
104,VEXSOG__ligand21919-0
105,VEXSOG__ligand4124-0
106,VEXSOG__ligand4161-0
107,VEXSOG__ligand3471-0
108,VEXSOG__ligand10056-0
109,VEXSOG__ligand12365-0
110,VEXSOG__ligand13862-0
111,VEXSOG__ligand11357-0
112,VEXSOG__ligand15531-0
113,VEXSOG__ligand28743-0
114,VEXSOG__ligand24230-0
115,VEXSOG__ligand28810-0
116,VEXSOG__ligand2823-0
117,VEXSOG__ligand11096-0
118,VEXSOG__ligand11447-0
119,VEXSOG__ligand19792-0
120,VEXSOG__ligand32-0
121,VEXSOG__ligand10828-0
122,VEXSOG__ligand15926-0
123,VEXSOG__ligand6995-0
124,VEXSOG__ligand3180-0
125,VEXSOG__ligand11970-0
126,VEXSOG__ligand2281-0
127,VEXSOG__ligand2650-0
128,VEXSOG__ligand338-0
129,VEXSOG__ligand15883-0
130,VEXSOG__ligand4340-0
131,VEXSOG__ligand7566-0
132,VEXSOG__ligand16988-0
133,VEXSOG__ligand16-0
134,VEXSOG__ligand25913-0
135,VEXSOG__ligand2001-0
136,VEXSOG__ligand201-0
137,VEXSOG__ligand9944-0
138,VEXSOG__ligand8593-0
139,VEXSOG__ligand30711-0
140,VEXSOG__ligand20207-0
141,VEXSOG__ligand11682-0
142,VEXSOG__ligand1113-0
143,VEXSOG__ligand8553-0
144,VEXSOG__ligand24035-0
145,VEXSOG__ligand11994-0
146,VEXSOG__ligand321-0
147,VEXSOG__ligand31842-0
148,VEXSOG__ligand31044-0
149,VEXSOG__ligand185-0
150,VEXSOG__ligand16663-0
151,VEXSOG__ligand5201-0
152,VEXSOG__ligand279-0
153,VEXSOG__ligand14614-0
154,VEXSOG__ligand178-0
155,VEXSOG__ligand366-0
156,VEXSOG__ligand9615-0
157,VEXSOG__ligand13672-0
158,VEXSOG__ligand1154-0
159,VEXSOG__ligand28685-0
160,VEXSOG__ligand18568-0
161,VEXSOG__ligand4596-0
162,VEXSOG__ligand657-0
163,VEXSOG__ligand1498-0
164,VEXSOG__ligand10371-0
165,VEXSOG__ligand187-0
166,VEXSOG__ligand91-0
167,VEXSOG__ligand596-0
168,VEXSOG__ligand28459-0
169,VEXSOG__ligand941-0
170,VEXSOG__ligand51-0
171,VEXSOG__ligand18448-0
172,VEXSOG__ligand12453-0
173,VEXSOG__ligand8529-0
174,VEXSOG__ligand1169-0
175,VEXSOG__ligand19184-0
176,VEXSOG__ligand777-0
177,VEXSOG__ligand1050-0
178,VEXSOG__ligand14167-0
179,VEXSOG__ligand13477-0
180,VEXSOG__ligand1015-0
181,VEXSOG__ligand163-0
182,VEXSOG__ligand126-0
183,VEXSOG__ligand2027-0
184,VEXSOG__ligand27669-0
185,VEXSOG__ligand30142-0
186,VEXSOG__ligand2692-0
187,VEXSOG__ligand845-0
188,VEXSOG__ligand23197-0
189,VEXSOG__ligand1618-0
190,VEXSOG__ligand27285-0
191,VEXSOG__ligand29029-0
192,VEXSOG__ligand4262-0
193,VEXSOG__ligand1028-0
194,VEXSOG__ligand48-0
195,VEXSOG__ligand409-0
196,VEXSOG__ligand2124-0
197,VEXSOG__ligand20557-0
198,VEXSOG__ligand361-0
199,VEXSOG__ligand8612-0
200,VEXSOG__ligand324-0
201,VEXSOG__ligand30004-0
202,VEXSOG__ligand3225-0
203,VEXSOG__ligand1153-0
204,VEXSOG__ligand1116-0
205,VEXSOG__ligand7092-0
206,VEXSOG__ligand2260-0
207,VEXSOG__ligand9323-0
208,VEXSOG__ligand7273-0
209,VEXSOG__ligand7172-0
210,VEXSOG__ligand5180-0
211,VEXSOG__ligand13755-0
212,VEXSOG__ligand16133-0
213,VEXSOG__ligand27122-0
214,VEXSOG__ligand20432-0
215,VEXSOG__ligand23445-0
216,VEXSOG__ligand24953-0
217,VEXSOG__ligand21940-0
218,VEXSOG__ligand5708-0
219,VEXSOG__ligand25048-0
220,VEXSOG__ligand7316-0
221,VEXSOG__ligand6017-0
222,VEXSOG__ligand21752-0
223,VEXSOG__ligand5159-0
224,VEXSOG__ligand7196-0
225,VEXSOG__ligand9753-0
226,VEXSOG__ligand199-0
227,VEXSOG__ligand5530-0
228,VEXSOG__ligand1356-0
229,VEXSOG__ligand1787-0
230,VEXSOG__ligand3178-0
231,VEXSOG__ligand14339-0
232,VEXSOG__ligand30788-0
233,VEXSOG__ligand4807-0
234,VEXSOG__ligand13691-0
235,VEXSOG__ligand4711-0
236,VEXSOG__ligand3244-0
237,VEXSOG__ligand300-0
238,VEXSOG__ligand2906-0
239,VEXSOG__ligand18757-0
240,VEXSOG__ligand24560-0
241,VEXSOG__ligand588-0
242,VEXSOG__ligand20844-0
243,VEXSOG__ligand8793-0
244,VEXSOG__ligand2788-0
245,VEXSOG__ligand18413-0
246,VEXSOG__ligand5649-0
247,VEXSOG__ligand4649-0
248,VEXSOG__ligand24624-0
249,VEXSOG__ligand14007-0
250,VEXSOG__ligand2203-0
251,VEXSOG__ligand5387-0
252,VEXSOG__ligand18019-1
253,VEXSOG__ligand497-0
254,VEXSOG__ligand1289-0
255,VEXSOG__ligand633-0
256,VEXSOG__ligand27550-0
257,VEXSOG__ligand20942-1
258,VEXSOG__ligand16956-0
259,VEXSOG__ligand14226-0
260,VEXSOG__ligand21339-0
261,VEXSOG__ligand9450-0
262,VEXSOG__ligand23682-0
263,VEXSOG__ligand1599-0
264,VEXSOG__ligand29565-0
265,VEXSOG__ligand27771-0
266,VEXSOG__ligand2612-0
267,VEXSOG__ligand18158-0
268,VEXSOG__ligand20731-0
269,VEXSOG__ligand11-0
270,VEXSOG__ligand8788-0
271,VEXSOG__ligand12413-0
272,VEXSOG__ligand29334-0
273,VEXSOG__ligand1832-0
274,VEXSOG__ligand11798-0
275,VEXSOG__ligand692-0
276,VEXSOG__ligand2043-0
277,VEXSOG__ligand8-0
278,VEXSOG__ligand14477-0
279,VEXSOG__ligand9943-0
280,VEXSOG__ligand1228-0
281,VEXSOG__ligand17069-0
282,VEXSOG__ligand436-0
283,VEXSOG__ligand17445-0
284,VEXSOG__ligand1604-0
285,VEXSOG__ligand29214-0
286,VEXSOG__ligand1114-0
287,VEXSOG__ligand326-0
288,VEXSOG__ligand9284-0
289,VEXSOG__ligand3126-0
290,VEXSOG__ligand6391-0
291,VEXSOG__ligand11544-0
292,VEXSOG__ligand11501-0
293,VEXSOG__ligand21448-0
294,VEXSOG__ligand2417-0
295,VEXSOG__ligand69-0
296,VEXSOG__ligand22357-0
297,VEXSOG__ligand11758-0
298,VEXSOG__ligand10151-0
299,VEXSOG__ligand1294-0
300,VEXSOG__ligand1168-0
301,VEXSOG__ligand3632-0
302,VEXSOG__ligand3677-0
303,VEXSOG__ligand696-0
304,VEXSOG__ligand6699-0
305,VEXSOG__ligand2881-0
306,VEXSOG__ligand22353-0
307,VEXSOG__ligand656-0
308,VEXSOG__ligand1499-0
309,VEXSOG__ligand1464-0
310,VEXSOG__ligand3712-0
311,VEXSOG__ligand19906-0
312,VEXSOG__ligand19668-0
313,VEXSOG__ligand1211-0
314,VEXSOG__ligand6892-0
315,VEXSOG__ligand27610-0
316,VEXSOG__ligand10479-0
317,VEXSOG__ligand8000-0
318,VEXSOG__ligand11479-0
319,VEXSOG__ligand3736-0
320,VEXSOG__ligand9344-0
321,VEXSOG__ligand29441-0
322,VEXSOG__ligand10853-0
323,VEXSOG__ligand49-0
324,VEXSOG__ligand5383-0
325,VEXSOG__ligand2693-0
326,VEXSOG__ligand24851-0
327,VEXSOG__ligand3945-0
328,VEXSOG__ligand14302-0
329,VEXSOG__ligand13657-0
330,VEXSOG__ligand14347-0
331,VEXSOG__ligand20530-0
332,VEXSOG__ligand11698-0
333,VEXSOG__ligand20220-0
334,VEXSOG__ligand416-0
335,VEXSOG__ligand9299-0
336,VEXSOG__ligand383-0
337,VEXSOG__ligand20121-0
338,VEXSOG__ligand2985-0
339,VEXSOG__ligand15387-0
340,VEXSOG__ligand4007-0
341,VEXSOG__ligand9883-0
342,VEXSOG__ligand3677-1
343,VEXSOG__ligand162-0
344,VEXSOG__ligand89-0
345,VEXSOG__ligand7291-0
346,VEXSOG__ligand29813-0
347,VEXSOG__ligand16952-0
348,VEXSOG__ligand226-0
349,VEXSOG__ligand11177-0
350,VEXSOG__ligand2238-0
351,VEXSOG__ligand5304-0
352,VEXSOG__ligand15455-0
353,VEXSOG__ligand9167-0
354,VEXSOG__ligand2822-0
355,VEXSOG__ligand7293-0
356,VEXSOG__ligand1317-0
357,VEXSOG__ligand3867-0
358,VEXSOG__ligand31205-0
359,VEXSOG__ligand17686-0
360,VEXSOG__ligand25658-0
361,VEXSOG__ligand11814-0
362,VEXSOG__ligand670-0
363,VEXSOG__ligand1407-0
364,VEXSOG__ligand6117-0
365,VEXSOG__ligand16603-0
366,VEXSOG__ligand5509-0
367,VEXSOG__ligand534-0
368,VEXSOG__ligand571-0
369,VEXSOG__ligand8002-0
370,VEXSOG__ligand16870-0
371,VEXSOG__ligand7762-0
372,VEXSOG__ligand5080-0
373,VEXSOG__ligand11622-0
374,VEXSOG__ligand26673-0
375,VEXSOG__ligand20821-0
376,VEXSOG__ligand4101-0
377,VEXSOG__ligand5595-0
378,VEXSOG__ligand11606-0
379,VEXSOG__ligand2221-0
380,VEXSOG__ligand3120-0
381,VEXSOG__ligand3926-0
382,VEXSOG__ligand4358-0
383,VEXSOG__ligand31000-0
384,VEXSOG__ligand5099-0
385,VEXSOG__ligand8592-0
386,VEXSOG__ligand430-0
387,VEXSOG__ligand358-0
388,VEXSOG__ligand1197-0
389,VEXSOG__ligand11252-0
390,VEXSOG__ligand2259-0
391,VEXSOG__ligand10582-0
392,VEXSOG__ligand488-0
393,VEXSOG__ligand1296-0
394,VEXSOG__ligand13260-0
395,VEXSOG__ligand17-0
396,VEXSOG__ligand5510-0
397,VEXSOG__ligand1376-0
398,VEXSOG__ligand9773-0
399,VEXSOG__ligand19824-0
400,VEXSOG__ligand18067-0
401,VEXSOG__ligand694-0
402,VEXSOG__ligand7819-0
403,VEXSOG__ligand15438-0
404,VEXSOG__ligand311-0
405,VEXSOG__ligand785-0
406,VEXSOG__ligand479-0
407,VEXSOG__ligand2917-0
408,VEXSOG__ligand28924-0
409,VEXSOG__ligand370-1
410,VEXSOG__ligand29087-0
411,VEXSOG__ligand3465-0
412,VEXSOG__ligand620-0
413,VEXSOG__ligand3721-0
414,VEXSOG__ligand6904-0
415,VEXSOG__ligand6596-0
416,VEXSOG__ligand6102-0
417,VEXSOG__ligand18703-0
418,VEXSOG__ligand564-0
419,VEXSOG__ligand18013-0
420,VEXSOG__ligand25224-0
421,VEXSOG__ligand17945-0
422,VEXSOG__ligand188-0
423,VEXSOG__ligand4620-0
424,VEXSOG__ligand31578-0
425,VEXSOG__ligand17207-0
426,VEXSOG__ligand24750-0
427,VEXSOG__ligand1577-0
428,VEXSOG__ligand6067-0
429,VEXSOG__ligand2295-0
430,VEXSOG__ligand4641-0
431,VEXSOG__ligand26277-0
432,VEXSOG__ligand29898-0
433,VEXSOG__ligand31618-0
434,VEXSOG__ligand11432-0
435,VEXSOG__ligand10432-0
436,VEXSOG__ligand250-0
437,VEXSOG__ligand22755-0
438,VEXSOG__ligand1142-0
439,VEXSOG__ligand3234-0
440,VEXSOG__ligand24064-0
441,VEXSOG__ligand23589-0
442,VEXSOG__ligand370-0
443,VEXSOG__ligand2028-0
444,VEXSOG__ligand8835-0
445,VEXSOG__ligand7126-0
446,VEXSOG__ligand15168-0
447,VEXSOG__ligand9601-0
448,VEXSOG__ligand31483-0
449,VEXSOG__ligand372-0
450,VEXSOG__ligand10555-0
451,VEXSOG__ligand830-0
452,VEXSOG__ligand8992-0
453,VEXSOG__ligand78-0
454,VEXSOG__ligand4116-0
455,VEXSOG__ligand1018-0
456,VEXSOG__ligand24613-0
457,VEXSOG__ligand7967-0
458,VEXSOG__ligand3707-0
459,VEXSOG__ligand6124-0
460,VEXSOG__ligand19725-0
461,VEXSOG__ligand193-0
462,VEXSOG__ligand252-0
463,VEXSOG__ligand8721-0
464,VEXSOG__ligand21421-0
465,VEXSOG__ligand1324-0
466,VEXSOG__ligand116-0
467,VEXSOG__ligand45-0
468,VEXSOG__ligand11774-0
469,VEXSOG__ligand1823-0
470,VEXSOG__ligand14586-0
471,VEXSOG__ligand5643-0
472,VEXSOG__ligand1615-0
473,VEXSOG__ligand2526-0
474,VEXSOG__ligand5036-0
475,VEXSOG__ligand20579-0
476,VEXSOG__ligand17710-0
477,VEXSOG__ligand11568-0
478,VEXSOG__ligand9952-0
479,VEXSOG__ligand9111-0
480,VEXSOG__ligand2332-0
481,VEXSOG__ligand17240-0
482,VEXSOG__ligand177-0
483,VEXSOG__ligand24-0
484,VEXSOG__ligand9441-0
485,VEXSOG__ligand17590-0
486,VEXSOG__ligand9933-0
487,VEXSOG__ligand1530-0
488,VEXSOG__ligand1575-0
489,VEXSOG__ligand1631-0
490,VEXSOG__ligand12682-0
491,VEXSOG__ligand18699-0
492,VEXSOG__ligand2915-0
493,VEXSOG__ligand3156-0
494,VEXSOG__ligand1378-0
495,VEXSOG__ligand13072-0
496,VEXSOG__ligand12336-0
497,VEXSOG__ligand19-0
498,VEXSOG__ligand909-0
499,VEXSOG__ligand6244-0
500,VEXSOG__ligand21936-0
501,VEXSOG__ligand13257-0
502,VEXSOG__ligand4016-0
503,VEXSOG__ligand868-0
504,VEXSOG__ligand23904-0
505,VEXSOG__ligand1219-0
506,VEXSOG__ligand6709-0
507,VEXSOG__ligand7867-0
508,VEXSOG__ligand1790-0
509,VEXSOG__ligand1304-0
510,VEXSOG__ligand7280-0
511,VEXSOG__ligand10084-0
512,VEXSOG__ligand25267-0
513,VEXSOG__ligand12467-0
514,VEXSOG__ligand7238-0
515,VEXSOG__ligand9784-0
516,VEXSOG__ligand7629-0
517,VEXSOG__ligand18391-0
518,VEXSOG__ligand4-0
519,VEXSOG__ligand27169-0
520,VEXSOG__ligand1451-0
521,VEXSOG__ligand14523-0
522,VEXSOG__ligand4272-0
523,VEXSOG__ligand4442-0
524,VEXSOG__ligand4093-0
525,VEXSOG__ligand3954-0
526,VEXSOG__ligand783-0
527,VEXSOG__ligand27074-0
528,VEXSOG__ligand352-0
529,VEXSOG__ligand20599-0
530,VEXSOG__ligand8699-0
531,VEXSOG__ligand1160-0
532,VEXSOG__ligand9520-0
533,VEXSOG__ligand25805-0
534,VEXSOG__ligand22981-0
535,VEXSOG__ligand5256-0
536,VEXSOG__ligand9833-0
537,VEXSOG__ligand197-0
538,VEXSOG__ligand2828-0
539,VEXSOG__ligand8876-0
540,VEXSOG__ligand7648-0
541,VEXSOG__ligand18799-0
542,VEXSOG__ligand4157-0
543,VEXSOG__ligand18465-0
544,VEXSOG__ligand2232-0
545,VEXSOG__ligand16791-0
546,VEXSOG__ligand9291-0
547,VEXSOG__ligand28668-0
548,VEXSOG__ligand2176-0
549,VEXSOG__ligand1982-0
550,VEXSOG__ligand29610-0
551,VEXSOG__ligand7000-0
552,VEXSOG__ligand8115-0
553,VEXSOG__ligand6768-0
554,VEXSOG__ligand1285-0
555,VEXSOG__ligand11140-0
556,VEXSOG__ligand18074-0
557,VEXSOG__ligand13869-0
558,VEXSOG__ligand29863-0
559,VEXSOG__ligand4503-0
560,VEXSOG__ligand4546-0
561,VEXSOG__ligand12519-0
562,VEXSOG__ligand25735-0
563,VEXSOG__ligand3565-0
564,VEXSOG__ligand421-0
565,VEXSOG__ligand23124-0
566,VEXSOG__ligand1512-0
567,VEXSOG__ligand11206-0
568,VEXSOG__ligand5331-0
569,VEXSOG__ligand3852-0
570,VEXSOG__ligand2485-0
571,VEXSOG__ligand685-0
572,VEXSOG__ligand6919-0
573,VEXSOG__ligand43-0
574,VEXSOG__ligand294-0
575,VEXSOG__ligand25650-0
576,VEXSOG__ligand3094-0
577,VEXSOG__ligand31248-0
578,VEXSOG__ligand4155-0
579,VEXSOG__ligand5211-0
580,VEXSOG__ligand8969-0
581,VEXSOG__ligand12660-0
582,VEXSOG__ligand3174-0
583,VEXSOG__ligand1202-0
584,VEXSOG__ligand3937-0
585,VEXSOG__ligand3131-0
586,VEXSOG__ligand6839-0
587,VEXSOG__ligand4720-0
588,VEXSOG__ligand19257-0
589,VEXSOG__ligand13209-0
590,VEXSOG__ligand25689-0
591,VEXSOG__ligand7106-0
592,VEXSOG__ligand21787-0
593,VEXSOG__ligand560-0
594,VEXSOG__ligand25575-0
595,VEXSOG__ligand7242-0
596,VEXSOG__ligand27835-0
597,VEXSOG__ligand12295-0
598,VEXSOG__ligand1263-0
599,VEXSOG__ligand9908-0
600,VEXSOG__ligand1536-0
601,VEXSOG__ligand1573-0
602,VEXSOG__ligand23906-0
603,VEXSOG__ligand9935-0
604,VEXSOG__ligand11166-0
605,VEXSOG__ligand3504-0
606,VEXSOG__ligand21132-0
607,VEXSOG__ligand1959-0
608,VEXSOG__ligand134-0
609,VEXSOG__ligand67-0
610,VEXSOG__ligand1844-0
611,VEXSOG__ligand4661-0
612,VEXSOG__ligand30539-0
613,VEXSOG__ligand235-0
614,VEXSOG__ligand3718-0
615,VEXSOG__ligand3876-0
616,VEXSOG__ligand1343-0
617,VEXSOG__ligand3035-0
618,VEXSOG__ligand6616-0
619,VEXSOG__ligand14723-0
620,VEXSOG__ligand2527-0
621,VEXSOG__ligand27893-0
622,VEXSOG__ligand15422-0
623,VEXSOG__ligand12934-0
624,VEXSOG__ligand20578-0
625,VEXSOG__ligand19641-0
626,VEXSOG__ligand18832-0
627,VEXSOG__ligand27175-0
628,VEXSOG__ligand23713-0
629,VEXSOG__ligand8464-0
630,VEXSOG__ligand152-0
631,VEXSOG__ligand1709-0
632,VEXSOG__ligand30988-0
633,VEXSOG__ligand8349-0
634,VEXSOG__ligand4911-0
635,VEXSOG__ligand14297-0
636,VEXSOG__ligand14603-0
637,VEXSOG__ligand1771-0
638,VEXSOG__ligand17258-0
639,VEXSOG__ligand17631-0
640,VEXSOG__ligand3392-0
641,VEXSOG__ligand13012-0
642,VEXSOG__ligand26665-0
643,VEXSOG__ligand506-0
644,VEXSOG__ligand31783-0
645,VEXSOG__ligand5849-0
646,VEXSOG__ligand1379-0
647,VEXSOG__ligand1-0
648,VEXSOG__ligand30296-0
649,VEXSOG__ligand17281-0
650,VEXSOG__ligand2722-0
651,VEXSOG__ligand26540-0
652,VEXSOG__ligand5935-0
653,VEXSOG__ligand18-0
654,VEXSOG__ligand12337-0
655,VEXSOG__ligand29410-0
656,VEXSOG__ligand1165-0
657,VEXSOG__ligand9525-0
658,VEXSOG__ligand487-0
659,VEXSOG__ligand30333-0
660,VEXSOG__ligand12606-0
661,VEXSOG__ligand3157-0
662,VEXSOG__ligand447-0
663,VEXSOG__ligand1688-0
664,VEXSOG__ligand3647-0
665,VEXSOG__ligand5357-0
666,VEXSOG__ligand746-0
667,VEXSOG__ligand27460-0
668,VEXSOG__ligand4850-0
669,VEXSOG__ligand5056-0
670,VEXSOG__ligand12427-0
671,VEXSOG__ligand176-0
672,VEXSOG__ligand20740-0
673,VEXSOG__ligand28468-0
674,VEXSOG__ligand1768-0
675,VEXSOG__ligand3871-0
676,VEXSOG__ligand1469-0
677,VEXSOG__ligand16628-0
678,VEXSOG__ligand395-0
679,VEXSOG__ligand1533-0
680,VEXSOG__ligand10262-0
681,VEXSOG__ligand368-0
682,VEXSOG__ligand28676-0
683,VEXSOG__ligand27763-0
684,VEXSOG__ligand18814-0
685,VEXSOG__ligand19057-0
686,VEXSOG__ligand13425-0
687,VEXSOG__ligand1496-0
688,VEXSOG__ligand29302-0
689,VEXSOG__ligand7557-0
690,VEXSOG__ligand1712-0
691,VEXSOG__ligand4131-0
692,VEXSOG__ligand14108-0
693,VEXSOG__ligand3-0
694,VEXSOG__ligand784-0
695,VEXSOG__ligand5892-0
696,VEXSOG__ligand12641-0
697,VEXSOG__ligand5094-0
698,VEXSOG__ligand10958-0
699,VEXSOG__ligand24185-0
700,VEXSOG__ligand3029-0
701,VEXSOG__ligand7162-0
702,VEXSOG__ligand23769-0
703,VEXSOG__ligand2328-0
704,VEXSOG__ligand25178-0
705,VEXSOG__ligand4581-0
706,VEXSOG__ligand1773-0
707,VEXSOG__ligand17302-0
708,VEXSOG__ligand1900-0
709,VEXSOG__ligand9197-0
710,VEXSOG__ligand833-0
711,VEXSOG__ligand17805-0
712,VEXSOG__ligand12289-0
713,VEXSOG__ligand18292-0
714,VEXSOG__ligand13658-0
715,VEXSOG__ligand26702-0
716,VEXSOG__ligand12130-0
717,VEXSOG__ligand17387-0
718,VEXSOG__ligand2208-0
719,VEXSOG__ligand3208-0
720,VEXSOG__ligand12231-0
721,VEXSOG__ligand3350-0
722,VEXSOG__ligand15585-0
723,VEXSOG__ligand2781-0
724,VEXSOG__ligand7573-0
725,VEXSOG__ligand12401-0
726,VEXSOG__ligand115-0
727,VEXSOG__ligand24145-0
728,VEXSOG__ligand1327-0
729,VEXSOG__ligand6672-0
730,VEXSOG__ligand9809-0
731,VEXSOG__ligand10476-0
732,VEXSOG__ligand8722-0
733,VEXSOG__ligand19830-0
734,VEXSOG__ligand13068-0
735,VEXSOG__ligand3973-0
736,VEXSOG__ligand26810-0
737,VEXSOG__ligand27482-0
738,VEXSOG__ligand1147-0
739,VEXSOG__ligand13208-0
740,VEXSOG__ligand314-1
741,VEXSOG__ligand2068-0
742,VEXSOG__ligand7925-0
743,VEXSOG__ligand13390-0
744,VEXSOG__ligand4194-0
745,VEXSOG__ligand7532-0
746,VEXSOG__ligand42-0
747,VEXSOG__ligand20682-0
748,VEXSOG__ligand2599-0
749,VEXSOG__ligand465-0
750,VEXSOG__ligand4330-0
751,VEXSOG__ligand66-0
752,VEXSOG__ligand14174-0
753,VEXSOG__ligand10712-0
754,VEXSOG__ligand618-0
755,VEXSOG__ligand11456-0
756,VEXSOG__ligand6283-0
757,VEXSOG__ligand6062-0
758,VEXSOG__ligand25411-0
759,VEXSOG__ligand4813-0
760,VEXSOG__ligand5813-0
761,VEXSOG__ligand391-0
762,VEXSOG__ligand4738-0
763,VEXSOG__ligand813-0
764,VEXSOG__ligand3215-0
765,VEXSOG__ligand31832-0
766,VEXSOG__ligand780-0
767,VEXSOG__ligand314-0
768,VEXSOG__ligand13294-0
769,VEXSOG__ligand7107-0
770,VEXSOG__ligand12030-0
771,VEXSOG__ligand29879-0
772,VEXSOG__ligand14248-0
773,VEXSOG__ligand28884-0
774,VEXSOG__ligand13331-0
775,VEXSOG__ligand9148-0
776,VEXSOG__ligand353-0
777,VEXSOG__ligand17398-0
778,VEXSOG__ligand20598-0
779,VEXSOG__ligand11675-0
780,VEXSOG__ligand24047-0
781,VEXSOG__ligand22557-0
782,VEXSOG__ligand10589-0
783,VEXSOG__ligand20011-0
784,VEXSOG__ligand17278-0
785,VEXSOG__ligand7529-0
786,VEXSOG__ligand17982-0
787,VEXSOG__ligand29414-0
788,VEXSOG__ligand1415-0
789,VEXSOG__ligand6946-0
790,VEXSOG__ligand2830-0
791,VEXSOG__ligand20251-1
792,VEXSOG__ligand5627-0
793,VEXSOG__ligand1729-0
794,VEXSOG__ligand393-0
795,VEXSOG__ligand16475-0
796,VEXSOG__ligand14703-0
797,VEXSOG__ligand5483-0
798,VEXSOG__ligand5316-0
799,VEXSOG__ligand14117-0
800,VEXSOG__ligand1065-0
801,VEXSOG__ligand7530-0
802,VEXSOG__ligand17261-0
803,VEXSOG__ligand686-0
804,VEXSOG__ligand1449-0
805,VEXSOG__ligand3012-0
806,VEXSOG__ligand4332-0
807,VEXSOG__ligand20539-0
808,VEXSOG__ligand20251-0
809,VEXSOG__ligand422-0
810,VEXSOG__ligand30702-0
811,VEXSOG__ligand20214-0
812,VEXSOG__ligand21581-0
813,VEXSOG__ligand31097-0
814,VEXSOG__ligand9681-0
815,VEXSOG__ligand29568-0
816,VEXSOG__ligand6455-0
817,VEXSOG__ligand6882-0
818,VEXSOG__ligand14889-0
819,VEXSOG__ligand30851-0
820,VEXSOG__ligand3934-0
821,VEXSOG__ligand20419-0
822,VEXSOG__ligand21371-0
823,VEXSOG__ligand196-0
824,VEXSOG__ligand17118-0
825,VEXSOG__ligand38-0
826,VEXSOG__ligand2403-0
827,VEXSOG__ligand28789-0
