,TMC
0,TACCEG__ligand27482-0
1,TACCEG__ligand3852-0
2,TACCEG__ligand26810-0
3,TACCEG__ligand2485-0
4,TACCEG__ligand6919-0
5,TACCEG__ligand13208-0
6,TACCEG__ligand19-0
7,TACCEG__ligand3565-0
8,TACCEG__ligand1512-0
9,TACCEG__ligand163-0
10,TACCEG__ligand5331-0
11,TACCEG__ligand126-0
12,TACCEG__ligand8969-0
13,TACCEG__ligand3174-0
14,TACCEG__ligand3937-0
15,TACCEG__ligand1202-0
16,TACCEG__ligand3131-0
17,TACCEG__ligand6839-0
18,TACCEG__ligand13390-0
19,TACCEG__ligand4720-0
20,TACCEG__ligand24-0
21,TACCEG__ligand4155-0
22,TACCEG__ligand3094-0
23,TACCEG__ligand5211-0
24,TACCEG__ligand845-0
25,TACCEG__ligand20682-0
26,TACCEG__ligand10712-0
27,TACCEG__ligand14174-0
28,TACCEG__ligand187-0
29,TACCEG__ligand11456-0
30,TACCEG__ligand657-0
31,TACCEG__ligand9908-0
32,TACCEG__ligand1263-0
33,TACCEG__ligand7106-0
34,TACCEG__ligand25411-0
35,TACCEG__ligand45-0
36,TACCEG__ligand7242-0
37,TACCEG__ligand366-0
38,TACCEG__ligand78-0
39,TACCEG__ligand1844-0
40,TACCEG__ligand4661-0
41,TACCEG__ligand13294-0
42,TACCEG__ligand3718-0
43,TACCEG__ligand1343-0
44,TACCEG__ligand3876-0
45,TACCEG__ligand3035-0
46,TACCEG__ligand6616-0
47,TACCEG__ligand31832-0
48,TACCEG__ligand777-0
49,TACCEG__ligand1536-0
50,TACCEG__ligand1573-0
51,TACCEG__ligand29879-0
52,TACCEG__ligand596-0
53,TACCEG__ligand941-0
54,TACCEG__ligand14248-0
55,TACCEG__ligand9935-0
56,TACCEG__ligand12030-0
57,TACCEG__ligand3504-0
58,TACCEG__ligand13331-0
59,TACCEG__ligand28884-0
60,TACCEG__ligand1959-0
61,TACCEG__ligand1790-0
62,TACCEG__ligand1304-0
63,TACCEG__ligand17398-0
64,TACCEG__ligand7280-0
65,TACCEG__ligand10589-0
66,TACCEG__ligand22557-0
67,TACCEG__ligand24047-0
68,TACCEG__ligand7238-0
69,TACCEG__ligand11675-0
70,TACCEG__ligand20598-0
71,TACCEG__ligand29414-0
72,TACCEG__ligand17982-0
73,TACCEG__ligand20011-0
74,TACCEG__ligand17278-0
75,TACCEG__ligand4016-0
76,TACCEG__ligand201-0
77,TACCEG__ligand1219-0
78,TACCEG__ligand6709-0
79,TACCEG__ligand7867-0
80,TACCEG__ligand4093-0
81,TACCEG__ligand4442-0
82,TACCEG__ligand3954-0
83,TACCEG__ligand178-0
84,TACCEG__ligand185-0
85,TACCEG__ligand8699-0
86,TACCEG__ligand1160-0
87,TACCEG__ligand20251-1
88,TACCEG__ligand9520-0
89,TACCEG__ligand279-0
90,TACCEG__ligand9784-0
91,TACCEG__ligand16475-0
92,TACCEG__ligand14703-0
93,TACCEG__ligand321-0
94,TACCEG__ligand7629-0
95,TACCEG__ligand1451-0
96,TACCEG__ligand4272-0
97,TACCEG__ligand17261-0
98,TACCEG__ligand14117-0
99,TACCEG__ligand2232-0
100,TACCEG__ligand9291-0
101,TACCEG__ligand2176-0
102,TACCEG__ligand5256-0
103,TACCEG__ligand20251-0
104,TACCEG__ligand30702-0
105,TACCEG__ligand20214-0
106,TACCEG__ligand20539-0
107,TACCEG__ligand9833-0
108,TACCEG__ligand8876-0
109,TACCEG__ligand2828-0
110,TACCEG__ligand7648-0
111,TACCEG__ligand21581-0
112,TACCEG__ligand31097-0
113,TACCEG__ligand4157-0
114,TACCEG__ligand338-0
115,TACCEG__ligand29568-0
116,TACCEG__ligand4503-0
117,TACCEG__ligand30851-0
118,TACCEG__ligand4546-0
119,TACCEG__ligand14889-0
120,TACCEG__ligand1982-0
121,TACCEG__ligand17118-0
122,TACCEG__ligand7000-0
123,TACCEG__ligand21371-0
124,TACCEG__ligand8115-0
125,TACCEG__ligand6768-0
126,TACCEG__ligand20419-0
127,TACCEG__ligand1285-0
128,TACCEG__ligand28789-0
129,TACCEG__ligand67-0
130,TACCEG__ligand4116-0
131,TACCEG__ligand27893-0
132,TACCEG__ligand1018-0
133,TACCEG__ligand14723-0
134,TACCEG__ligand7967-0
135,TACCEG__ligand19641-0
136,TACCEG__ligand3707-0
137,TACCEG__ligand6124-0
138,TACCEG__ligand15422-0
139,TACCEG__ligand12934-0
140,TACCEG__ligand20578-0
141,TACCEG__ligand768-0
142,TACCEG__ligand9601-0
143,TACCEG__ligand23713-0
144,TACCEG__ligand18832-0
145,TACCEG__ligand27175-0
146,TACCEG__ligand30988-0
147,TACCEG__ligand8992-0
148,TACCEG__ligand1615-0
149,TACCEG__ligand17258-0
150,TACCEG__ligand2526-0
151,TACCEG__ligand5036-0
152,TACCEG__ligand14297-0
153,TACCEG__ligand14603-0
154,TACCEG__ligand8-0
155,TACCEG__ligand26665-0
156,TACCEG__ligand13012-0
157,TACCEG__ligand17631-0
158,TACCEG__ligand9952-0
159,TACCEG__ligand9111-0
160,TACCEG__ligand8721-0
161,TACCEG__ligand1324-0
162,TACCEG__ligand384-0
163,TACCEG__ligand1823-0
164,TACCEG__ligand31783-0
165,TACCEG__ligand5643-0
166,TACCEG__ligand9933-0
167,TACCEG__ligand17281-0
168,TACCEG__ligand1530-0
169,TACCEG__ligand1575-0
170,TACCEG__ligand30296-0
171,TACCEG__ligand141-0
172,TACCEG__ligand29410-0
173,TACCEG__ligand12337-0
174,TACCEG__ligand1631-0
175,TACCEG__ligand240-0
176,TACCEG__ligand26540-0
177,TACCEG__ligand30333-0
178,TACCEG__ligand2332-0
179,TACCEG__ligand9441-0
180,TACCEG__ligand12606-0
181,TACCEG__ligand1378-0
182,TACCEG__ligand43-0
183,TACCEG__ligand6244-0
184,TACCEG__ligand27460-0
185,TACCEG__ligand28468-0
186,TACCEG__ligand20740-0
187,TACCEG__ligand12427-0
188,TACCEG__ligand2915-0
189,TACCEG__ligand16628-0
190,TACCEG__ligand3156-0
191,TACCEG__ligand3465-0
192,TACCEG__ligand27763-0
193,TACCEG__ligand6596-0
194,TACCEG__ligand3721-0
195,TACCEG__ligand6904-0
196,TACCEG__ligand6102-0
197,TACCEG__ligand10262-0
198,TACCEG__ligand28676-0
199,TACCEG__ligand7819-0
200,TACCEG__ligand2917-0
201,TACCEG__ligand19057-0
202,TACCEG__ligand18814-0
203,TACCEG__ligand29302-0
204,TACCEG__ligand13425-0
205,TACCEG__ligand14108-0
206,TACCEG__ligand693-0
207,TACCEG__ligand1577-0
208,TACCEG__ligand6067-0
209,TACCEG__ligand2295-0
210,TACCEG__ligand12641-0
211,TACCEG__ligand4620-0
212,TACCEG__ligand10958-0
213,TACCEG__ligand23769-0
214,TACCEG__ligand24185-0
215,TACCEG__ligand122-0
216,TACCEG__ligand25178-0
217,TACCEG__ligand4641-0
218,TACCEG__ligand17302-0
219,TACCEG__ligand757-0
220,TACCEG__ligand17805-0
221,TACCEG__ligand17387-0
222,TACCEG__ligand12130-0
223,TACCEG__ligand8835-0
224,TACCEG__ligand2028-0
225,TACCEG__ligand13658-0
226,TACCEG__ligand7126-0
227,TACCEG__ligand26702-0
228,TACCEG__ligand12289-0
229,TACCEG__ligand18292-0
230,TACCEG__ligand12231-0
231,TACCEG__ligand24145-0
232,TACCEG__ligand1142-0
233,TACCEG__ligand3234-0
234,TACCEG__ligand15585-0
235,TACCEG__ligand12401-0
236,TACCEG__ligand19830-0
237,TACCEG__ligand13068-0
238,TACCEG__ligand10476-0
239,TACCEG__ligand13257-0
240,TACCEG__ligand7529-0
241,TACCEG__ligand21936-0
242,TACCEG__ligand23904-0
243,TACCEG__ligand6946-0
244,TACCEG__ligand1415-0
245,TACCEG__ligand9148-0
246,TACCEG__ligand25267-0
247,TACCEG__ligand10084-0
248,TACCEG__ligand12467-0
249,TACCEG__ligand5483-0
250,TACCEG__ligand694-0
251,TACCEG__ligand14523-0
252,TACCEG__ligand27169-0
253,TACCEG__ligand18391-0
254,TACCEG__ligand5316-0
255,TACCEG__ligand27074-0
256,TACCEG__ligand2830-0
257,TACCEG__ligand488-0
258,TACCEG__ligand25805-0
259,TACCEG__ligand22981-0
260,TACCEG__ligand430-0
261,TACCEG__ligand5627-0
262,TACCEG__ligand358-0
263,TACCEG__ligand20599-0
264,TACCEG__ligand1729-0
265,TACCEG__ligand4332-0
266,TACCEG__ligand18465-0
267,TACCEG__ligand18799-0
268,TACCEG__ligand9681-0
269,TACCEG__ligand16791-0
270,TACCEG__ligand1065-0
271,TACCEG__ligand7530-0
272,TACCEG__ligand1449-0
273,TACCEG__ligand28668-0
274,TACCEG__ligand3012-0
275,TACCEG__ligand29610-0
276,TACCEG__ligand2403-0
277,TACCEG__ligand11140-0
278,TACCEG__ligand534-0
279,TACCEG__ligand571-0
280,TACCEG__ligand6455-0
281,TACCEG__ligand6882-0
282,TACCEG__ligand29863-0
283,TACCEG__ligand670-0
284,TACCEG__ligand13869-0
285,TACCEG__ligand18074-0
286,TACCEG__ligand3934-0
287,TACCEG__ligand12519-0
288,TACCEG__ligand25735-0
289,TACCEG__ligand11206-0
290,TACCEG__ligand2068-0
291,TACCEG__ligand7925-0
292,TACCEG__ligand23124-0
293,TACCEG__ligand3973-0
294,TACCEG__ligand1147-0
295,TACCEG__ligand31248-0
296,TACCEG__ligand25650-0
297,TACCEG__ligand226-0
298,TACCEG__ligand2599-0
299,TACCEG__ligand4330-0
300,TACCEG__ligand162-0
301,TACCEG__ligand4194-0
302,TACCEG__ligand383-0
303,TACCEG__ligand12660-0
304,TACCEG__ligand13209-0
305,TACCEG__ligand19257-0
306,TACCEG__ligand7532-0
307,TACCEG__ligand416-0
308,TACCEG__ligand18-0
309,TACCEG__ligand6062-0
310,TACCEG__ligand25575-0
311,TACCEG__ligand21787-0
312,TACCEG__ligand25689-0
313,TACCEG__ligand4813-0
314,TACCEG__ligand5813-0
315,TACCEG__ligand696-0
316,TACCEG__ligand4738-0
317,TACCEG__ligand12295-0
318,TACCEG__ligand27835-0
319,TACCEG__ligand6283-0
320,TACCEG__ligand7107-0
321,TACCEG__ligand23906-0
322,TACCEG__ligand21132-0
323,TACCEG__ligand11166-0
324,TACCEG__ligand30539-0
325,TACCEG__ligand3215-0
326,TACCEG__ligand656-0
327,TACCEG__ligand28924-0
328,TACCEG__ligand15438-0
329,TACCEG__ligand38-0
330,TACCEG__ligand1496-0
331,TACCEG__ligand436-0
332,TACCEG__ligand7557-0
333,TACCEG__ligand692-0
334,TACCEG__ligand29087-0
335,TACCEG__ligand18703-0
336,TACCEG__ligand1533-0
337,TACCEG__ligand17945-0
338,TACCEG__ligand5892-0
339,TACCEG__ligand5094-0
340,TACCEG__ligand25224-0
341,TACCEG__ligand18013-0
342,TACCEG__ligand17207-0
343,TACCEG__ligand31578-0
344,TACCEG__ligand24750-0
345,TACCEG__ligand326-0
346,TACCEG__ligand1712-0
347,TACCEG__ligand4131-0
348,TACCEG__ligand26277-0
349,TACCEG__ligand29898-0
350,TACCEG__ligand1900-0
351,TACCEG__ligand9197-0
352,TACCEG__ligand633-0
353,TACCEG__ligand22755-0
354,TACCEG__ligand10432-0
355,TACCEG__ligand31618-0
356,TACCEG__ligand11432-0
357,TACCEG__ligand3029-0
358,TACCEG__ligand497-0
359,TACCEG__ligand7162-0
360,TACCEG__ligand2328-0
361,TACCEG__ligand4581-0
362,TACCEG__ligand1773-0
363,TACCEG__ligand3350-0
364,TACCEG__ligand24064-0
365,TACCEG__ligand2781-0
366,TACCEG__ligand7573-0
367,TACCEG__ligand1327-0
368,TACCEG__ligand9809-0
369,TACCEG__ligand6672-0
370,TACCEG__ligand8722-0
371,TACCEG__ligand23589-0
372,TACCEG__ligand2208-0
373,TACCEG__ligand3208-0
374,TACCEG__ligand15168-0
375,TACCEG__ligand10555-0
376,TACCEG__ligand31483-0
377,TACCEG__ligand8464-0
378,TACCEG__ligand1709-0
379,TACCEG__ligand8349-0
380,TACCEG__ligand24613-0
381,TACCEG__ligand2527-0
382,TACCEG__ligand199-0
383,TACCEG__ligand19725-0
384,TACCEG__ligand588-0
385,TACCEG__ligand21421-0
386,TACCEG__ligand11774-0
387,TACCEG__ligand5849-0
388,TACCEG__ligand14586-0
389,TACCEG__ligand66-0
390,TACCEG__ligand300-0
391,TACCEG__ligand4911-0
392,TACCEG__ligand1771-0
393,TACCEG__ligand11568-0
394,TACCEG__ligand3392-0
395,TACCEG__ligand20579-0
396,TACCEG__ligand17710-0
397,TACCEG__ligand1165-0
398,TACCEG__ligand9525-0
399,TACCEG__ligand17240-0
400,TACCEG__ligand3157-0
401,TACCEG__ligand17590-0
402,TACCEG__ligand1379-0
403,TACCEG__ligand2722-0
404,TACCEG__ligand12682-0
405,TACCEG__ligand18699-0
406,TACCEG__ligand409-0
407,TACCEG__ligand361-0
408,TACCEG__ligand5935-0
409,TACCEG__ligand42-0
410,TACCEG__ligand324-0
411,TACCEG__ligand1768-0
412,TACCEG__ligand3871-0
413,TACCEG__ligand1469-0
414,TACCEG__ligand13072-0
415,TACCEG__ligand1688-0
416,TACCEG__ligand3647-0
417,TACCEG__ligand5357-0
418,TACCEG__ligand12336-0
419,TACCEG__ligand4850-0
420,TACCEG__ligand5056-0
421,TACCEG__ligand4596-0
422,TACCEG__ligand10151-0
423,TACCEG__ligand1498-0
424,TACCEG__ligand9615-0
425,TACCEG__ligand1154-0
426,TACCEG__ligand560-0
427,TACCEG__ligand8529-0
428,TACCEG__ligand235-0
429,TACCEG__ligand22353-0
430,TACCEG__ligand1169-0
431,TACCEG__ligand134-0
432,TACCEG__ligand19668-0
433,TACCEG__ligand19906-0
434,TACCEG__ligand11479-0
435,TACCEG__ligand27610-0
436,TACCEG__ligand10479-0
437,TACCEG__ligand10853-0
438,TACCEG__ligand29441-0
439,TACCEG__ligand685-0
440,TACCEG__ligand24851-0
441,TACCEG__ligand421-0
442,TACCEG__ligand1050-0
443,TACCEG__ligand1015-0
444,TACCEG__ligand2027-0
445,TACCEG__ligand11698-0
446,TACCEG__ligand20530-0
447,TACCEG__ligand14302-0
448,TACCEG__ligand13657-0
449,TACCEG__ligand14347-0
450,TACCEG__ligand20220-0
451,TACCEG__ligand4262-0
452,TACCEG__ligand1028-0
453,TACCEG__ligand15387-0
454,TACCEG__ligand20121-0
455,TACCEG__ligand57-0
456,TACCEG__ligand2692-0
457,TACCEG__ligand1618-0
458,TACCEG__ligand294-0
459,TACCEG__ligand16952-0
460,TACCEG__ligand29813-0
461,TACCEG__ligand4124-0
462,TACCEG__ligand4161-0
463,TACCEG__ligand3471-0
464,TACCEG__ligand55-0
465,TACCEG__ligand11177-0
466,TACCEG__ligand15455-0
467,TACCEG__ligand5415-0
468,TACCEG__ligand25658-0
469,TACCEG__ligand17686-0
470,TACCEG__ligand31205-0
471,TACCEG__ligand197-0
472,TACCEG__ligand3180-0
473,TACCEG__ligand11814-0
474,TACCEG__ligand2650-0
475,TACCEG__ligand2281-0
476,TACCEG__ligand4340-0
477,TACCEG__ligand16603-0
478,TACCEG__ligand16870-0
479,TACCEG__ligand2823-0
480,TACCEG__ligand68-0
481,TACCEG__ligand11622-0
482,TACCEG__ligand6995-0
483,TACCEG__ligand9944-0
484,TACCEG__ligand8593-0
485,TACCEG__ligand26673-0
486,TACCEG__ligand20821-0
487,TACCEG__ligand7566-0
488,TACCEG__ligand11606-0
489,TACCEG__ligand2001-0
490,TACCEG__ligand31000-0
491,TACCEG__ligand868-0
492,TACCEG__ligand11252-0
493,TACCEG__ligand5201-0
494,TACCEG__ligand13260-0
495,TACCEG__ligand10582-0
496,TACCEG__ligand352-0
497,TACCEG__ligand34-0
498,TACCEG__ligand783-0
499,TACCEG__ligand1113-0
500,TACCEG__ligand8553-0
501,TACCEG__ligand18067-0
502,TACCEG__ligand19824-0
503,TACCEG__ligand5515-0
504,TACCEG__ligand20557-0
505,TACCEG__ligand6663-0
506,TACCEG__ligand30004-0
507,TACCEG__ligand5614-0
508,TACCEG__ligand5280-0
509,TACCEG__ligand1831-0
510,TACCEG__ligand48-0
511,TACCEG__ligand177-0
512,TACCEG__ligand27122-0
513,TACCEG__ligand20432-0
514,TACCEG__ligand1216-0
515,TACCEG__ligand13755-0
516,TACCEG__ligand16133-0
517,TACCEG__ligand909-0
518,TACCEG__ligand3261-0
519,TACCEG__ligand1152-0
520,TACCEG__ligand23445-0
521,TACCEG__ligand24953-0
522,TACCEG__ligand5019-0
523,TACCEG__ligand25048-0
524,TACCEG__ligand1849-0
525,TACCEG__ligand21940-0
526,TACCEG__ligand4710-0
527,TACCEG__ligand5755-0
528,TACCEG__ligand193-0
529,TACCEG__ligand21752-0
530,TACCEG__ligand3-0
531,TACCEG__ligand3144-0
532,TACCEG__ligand5085-0
533,TACCEG__ligand6112-0
534,TACCEG__ligand830-0
535,TACCEG__ligand14339-0
536,TACCEG__ligand8042-0
537,TACCEG__ligand1397-0
538,TACCEG__ligand51-0
539,TACCEG__ligand372-0
540,TACCEG__ligand7213-0
541,TACCEG__ligand13691-0
542,TACCEG__ligand30788-0
543,TACCEG__ligand1828-0
544,TACCEG__ligand5630-0
545,TACCEG__ligand91-0
546,TACCEG__ligand1786-0
547,TACCEG__ligand24560-0
548,TACCEG__ligand116-0
549,TACCEG__ligand3285-0
550,TACCEG__ligand4795-0
551,TACCEG__ligand18757-0
552,TACCEG__ligand252-0
553,TACCEG__ligand24624-0
554,TACCEG__ligand20844-0
555,TACCEG__ligand18413-0
556,TACCEG__ligand1908-0
557,TACCEG__ligand9750-0
558,TACCEG__ligand1817-0
559,TACCEG__ligand18019-1
560,TACCEG__ligand6993-0
561,TACCEG__ligand1779-0
562,TACCEG__ligand14007-0
563,TACCEG__ligand1149-0
564,TACCEG__ligand250-0
565,TACCEG__ligand3557-0
566,TACCEG__ligand27550-0
567,TACCEG__ligand3980-0
568,TACCEG__ligand7075-0
569,TACCEG__ligand16956-0
570,TACCEG__ligand14226-0
571,TACCEG__ligand21339-0
572,TACCEG__ligand20942-1
573,TACCEG__ligand1-0
574,TACCEG__ligand1288-0
575,TACCEG__ligand29565-0
576,TACCEG__ligand4167-0
577,TACCEG__ligand370-0
578,TACCEG__ligand16-0
579,TACCEG__ligand23682-0
580,TACCEG__ligand18158-0
581,TACCEG__ligand9491-0
582,TACCEG__ligand27771-0
583,TACCEG__ligand1400-0
584,TACCEG__ligand4266-0
585,TACCEG__ligand29334-0
586,TACCEG__ligand12413-0
587,TACCEG__ligand20731-0
588,TACCEG__ligand1150-0
589,TACCEG__ligand564-0
590,TACCEG__ligand370-1
591,TACCEG__ligand1539-0
592,TACCEG__ligand11798-0
593,TACCEG__ligand620-0
594,TACCEG__ligand4207-0
595,TACCEG__ligand17069-0
596,TACCEG__ligand14477-0
597,TACCEG__ligand3416-0
598,TACCEG__ligand3453-0
599,TACCEG__ligand311-0
600,TACCEG__ligand32-0
601,TACCEG__ligand785-0
602,TACCEG__ligand479-0
603,TACCEG__ligand17445-0
604,TACCEG__ligand29214-0
605,TACCEG__ligand11544-0
606,TACCEG__ligand11501-0
607,TACCEG__ligand3042-0
608,TACCEG__ligand21448-0
609,TACCEG__ligand11758-0
610,TACCEG__ligand4063-0
611,TACCEG__ligand22357-0
612,TACCEG__ligand188-0
613,TACCEG__ligand7438-0
614,TACCEG__ligand8200-0
615,TACCEG__ligand28930-0
616,TACCEG__ligand22168-0
617,TACCEG__ligand2822-0
618,TACCEG__ligand7293-0
619,TACCEG__ligand22294-0
620,TACCEG__ligand1317-0
621,TACCEG__ligand3867-0
622,TACCEG__ligand21919-0
623,TACCEG__ligand69-0
624,TACCEG__ligand422-0
625,TACCEG__ligand686-0
626,TACCEG__ligand10056-0
627,TACCEG__ligand12365-0
628,TACCEG__ligand2238-0
629,TACCEG__ligand5304-0
630,TACCEG__ligand15531-0
631,TACCEG__ligand28743-0
632,TACCEG__ligand9167-0
633,TACCEG__ligand11357-0
634,TACCEG__ligand13862-0
635,TACCEG__ligand11447-0
636,TACCEG__ligand11096-0
637,TACCEG__ligand28810-0
638,TACCEG__ligand7762-0
639,TACCEG__ligand24230-0
640,TACCEG__ligand5080-0
641,TACCEG__ligand15926-0
642,TACCEG__ligand10828-0
643,TACCEG__ligand19792-0
644,TACCEG__ligand196-0
645,TACCEG__ligand11-0
646,TACCEG__ligand11970-0
647,TACCEG__ligand1407-0
648,TACCEG__ligand6117-0
649,TACCEG__ligand5509-0
650,TACCEG__ligand8002-0
651,TACCEG__ligand15883-0
652,TACCEG__ligand25913-0
653,TACCEG__ligand2221-0
654,TACCEG__ligand16988-0
655,TACCEG__ligand3120-0
656,TACCEG__ligand3926-0
657,TACCEG__ligand4358-0
658,TACCEG__ligand11682-0
659,TACCEG__ligand30711-0
660,TACCEG__ligand20207-0
661,TACCEG__ligand4101-0
662,TACCEG__ligand5595-0
663,TACCEG__ligand353-0
664,TACCEG__ligand24035-0
665,TACCEG__ligand393-0
666,TACCEG__ligand31842-0
667,TACCEG__ligand5510-0
668,TACCEG__ligand31044-0
669,TACCEG__ligand1376-0
670,TACCEG__ligand9773-0
671,TACCEG__ligand11994-0
672,TACCEG__ligand5099-0
673,TACCEG__ligand16663-0
674,TACCEG__ligand8592-0
675,TACCEG__ligand1197-0
676,TACCEG__ligand2259-0
677,TACCEG__ligand14614-0
678,TACCEG__ligand1296-0
679,TACCEG__ligand13672-0
680,TACCEG__ligand391-0
681,TACCEG__ligand28685-0
682,TACCEG__ligand6699-0
683,TACCEG__ligand18568-0
684,TACCEG__ligand1294-0
685,TACCEG__ligand1168-0
686,TACCEG__ligand3632-0
687,TACCEG__ligand3677-0
688,TACCEG__ligand10371-0
689,TACCEG__ligand618-0
690,TACCEG__ligand1211-0
691,TACCEG__ligand18448-0
692,TACCEG__ligand12453-0
693,TACCEG__ligand28459-0
694,TACCEG__ligand6892-0
695,TACCEG__ligand19184-0
696,TACCEG__ligand780-0
697,TACCEG__ligand2881-0
698,TACCEG__ligand314-0
699,TACCEG__ligand1499-0
700,TACCEG__ligand1464-0
701,TACCEG__ligand3712-0
702,TACCEG__ligand813-0
703,TACCEG__ligand5383-0
704,TACCEG__ligand2693-0
705,TACCEG__ligand14167-0
706,TACCEG__ligand13477-0
707,TACCEG__ligand30142-0
708,TACCEG__ligand3945-0
709,TACCEG__ligand314-1
710,TACCEG__ligand4-0
711,TACCEG__ligand27669-0
712,TACCEG__ligand8000-0
713,TACCEG__ligand3736-0
714,TACCEG__ligand9344-0
715,TACCEG__ligand465-0
716,TACCEG__ligand23197-0
717,TACCEG__ligand3677-1
718,TACCEG__ligand9883-0
719,TACCEG__ligand7291-0
720,TACCEG__ligand29029-0
721,TACCEG__ligand9299-0
722,TACCEG__ligand27285-0
723,TACCEG__ligand2985-0
724,TACCEG__ligand4007-0
725,TACCEG__ligand17-0
726,TACCEG__ligand11618-0
727,TACCEG__ligand833-0
728,TACCEG__ligand2203-0
729,TACCEG__ligand5387-0
730,TACCEG__ligand26529-0
731,TACCEG__ligand1289-0
732,TACCEG__ligand27239-0
733,TACCEG__ligand1599-0
734,TACCEG__ligand21729-0
735,TACCEG__ligand2612-0
736,TACCEG__ligand115-0
737,TACCEG__ligand19927-0
738,TACCEG__ligand26324-0
739,TACCEG__ligand28559-0
740,TACCEG__ligand9450-0
741,TACCEG__ligand14043-0
742,TACCEG__ligand26631-0
743,TACCEG__ligand16148-0
744,TACCEG__ligand1228-0
745,TACCEG__ligand9943-0
746,TACCEG__ligand12003-0
747,TACCEG__ligand1604-0
748,TACCEG__ligand10872-0
749,TACCEG__ligand21399-0
750,TACCEG__ligand29215-0
751,TACCEG__ligand368-0
752,TACCEG__ligand8788-0
753,TACCEG__ligand1832-0
754,TACCEG__ligand395-0
755,TACCEG__ligand2043-0
756,TACCEG__ligand27754-0
757,TACCEG__ligand20695-0
758,TACCEG__ligand16369-0
759,TACCEG__ligand784-0
760,TACCEG__ligand2417-0
761,TACCEG__ligand11111-0
762,TACCEG__ligand28540-0
763,TACCEG__ligand22403-0
764,TACCEG__ligand1114-0
765,TACCEG__ligand9284-0
766,TACCEG__ligand6391-0
767,TACCEG__ligand3126-0
768,TACCEG__ligand11587-0
769,TACCEG__ligand13220-0
770,TACCEG__ligand9323-0
771,TACCEG__ligand7273-0
772,TACCEG__ligand89-0
773,TACCEG__ligand17396-0
774,TACCEG__ligand15788-0
775,TACCEG__ligand487-0
776,TACCEG__ligand23175-0
777,TACCEG__ligand7172-0
778,TACCEG__ligand2124-0
779,TACCEG__ligand14569-0
780,TACCEG__ligand8612-0
781,TACCEG__ligand13385-0
782,TACCEG__ligand3225-0
783,TACCEG__ligand1153-0
784,TACCEG__ligand1116-0
785,TACCEG__ligand22444-0
786,TACCEG__ligand7092-0
787,TACCEG__ligand24111-0
788,TACCEG__ligand2260-0
789,TACCEG__ligand10033-0
790,TACCEG__ligand5708-0
791,TACCEG__ligand24644-0
792,TACCEG__ligand7316-0
793,TACCEG__ligand12001-0
794,TACCEG__ligand176-0
795,TACCEG__ligand6017-0
796,TACCEG__ligand5180-0
797,TACCEG__ligand746-0
798,TACCEG__ligand27840-0
799,TACCEG__ligand30728-0
800,TACCEG__ligand447-0
801,TACCEG__ligand24872-0
802,TACCEG__ligand49-0
803,TACCEG__ligand152-0
804,TACCEG__ligand25561-0
805,TACCEG__ligand3178-0
806,TACCEG__ligand4807-0
807,TACCEG__ligand5159-0
808,TACCEG__ligand7196-0
809,TACCEG__ligand11949-0
810,TACCEG__ligand9753-0
811,TACCEG__ligand22129-0
812,TACCEG__ligand24780-0
813,TACCEG__ligand5530-0
814,TACCEG__ligand12138-0
815,TACCEG__ligand1787-0
816,TACCEG__ligand1356-0
817,TACCEG__ligand8793-0
818,TACCEG__ligand5649-0
819,TACCEG__ligand2788-0
820,TACCEG__ligand17427-0
821,TACCEG__ligand4649-0
822,TACCEG__ligand4711-0
823,TACCEG__ligand3244-0
824,TACCEG__ligand506-0
825,TACCEG__ligand31694-0
826,TACCEG__ligand29486-0
827,TACCEG__ligand2906-0
