,TMC
0,HUPHAC__ligand3579-0
1,HUPHAC__ligand2110-0
2,HUPHAC__ligand2916-0
3,HUPHAC__ligand296-0
4,HUPHAC__ligand197-0
5,HUPHAC__ligand1712-0
6,HUPHAC__ligand2389-0
7,HUPHAC__ligand112-0
8,HUPHAC__ligand10114-0
9,HUPHAC__ligand1919-0
10,HUPHAC__ligand3051-0
11,HUPHAC__ligand4504-0
12,HUPHAC__ligand136-0
13,HUPHAC__ligand2480-0
14,HUPHAC__ligand1898-0
15,HUPHAC__ligand2315-0
16,HUPHAC__ligand442-0
17,HUPHAC__ligand868-0
18,HUPHAC__ligand5334-0
19,HUPHAC__ligand45-0
20,HUPHAC__ligand78-0
21,HUPHAC__ligand352-0
22,HUPHAC__ligand783-0
23,HUPHAC__ligand85-0
24,HUPHAC__ligand1858-0
25,HUPHAC__ligand10479-0
26,HUPHAC__ligand8032-0
27,HUPHAC__ligand5762-0
28,HUPHAC__ligand7414-0
29,HUPHAC__ligand1104-0
30,HUPHAC__ligand109-0
31,HUPHAC__ligand525-0
32,HUPHAC__ligand2442-0
33,HUPHAC__ligand14530-0
34,HUPHAC__ligand560-0
35,HUPHAC__ligand1019-0
36,HUPHAC__ligand6571-0
37,HUPHAC__ligand235-0
38,HUPHAC__ligand1325-0
39,HUPHAC__ligand134-0
40,HUPHAC__ligand2482-0
41,HUPHAC__ligand932-0
42,HUPHAC__ligand390-0
43,HUPHAC__ligand584-0
44,HUPHAC__ligand916-0
45,HUPHAC__ligand2376-0
46,HUPHAC__ligand798-0
47,HUPHAC__ligand421-0
48,HUPHAC__ligand2929-0
49,HUPHAC__ligand10910-0
50,HUPHAC__ligand1264-0
51,HUPHAC__ligand1221-0
52,HUPHAC__ligand331-0
53,HUPHAC__ligand6430-0
54,HUPHAC__ligand1299-0
55,HUPHAC__ligand993-0
56,HUPHAC__ligand1379-0
57,HUPHAC__ligand294-0
58,HUPHAC__ligand67-0
59,HUPHAC__ligand1449-1
60,HUPHAC__ligand4811-0
61,HUPHAC__ligand460-0
62,HUPHAC__ligand3337-0
63,HUPHAC__ligand7514-0
64,HUPHAC__ligand250-0
65,HUPHAC__ligand370-0
66,HUPHAC__ligand4894-0
67,HUPHAC__ligand1260-0
68,HUPHAC__ligand9620-0
69,HUPHAC__ligand1788-0
70,HUPHAC__ligand311-0
71,HUPHAC__ligand3566-0
72,HUPHAC__ligand444-0
73,HUPHAC__ligand369-0
74,HUPHAC__ligand1178-0
75,HUPHAC__ligand1321-0
76,HUPHAC__ligand188-0
77,HUPHAC__ligand2599-0
78,HUPHAC__ligand5089-0
79,HUPHAC__ligand3853-0
80,HUPHAC__ligand2853-0
81,HUPHAC__ligand177-0
82,HUPHAC__ligand934-0
83,HUPHAC__ligand909-0
84,HUPHAC__ligand6166-0
85,HUPHAC__ligand851-0
86,HUPHAC__ligand1246-0
87,HUPHAC__ligand193-0
88,HUPHAC__ligand830-0
89,HUPHAC__ligand1307-0
90,HUPHAC__ligand955-0
91,HUPHAC__ligand252-0
92,HUPHAC__ligand1551-0
93,HUPHAC__ligand391-0
94,HUPHAC__ligand2526-0
95,HUPHAC__ligand170-0
96,HUPHAC__ligand2707-0
97,HUPHAC__ligand15630-0
98,HUPHAC__ligand10357-0
99,HUPHAC__ligand86-0
100,HUPHAC__ligand314-0
101,HUPHAC__ligand481-0
102,HUPHAC__ligand1690-0
103,HUPHAC__ligand2915-0
104,HUPHAC__ligand3196-0
105,HUPHAC__ligand4012-0
106,HUPHAC__ligand62-0
107,HUPHAC__ligand210-0
108,HUPHAC__ligand422-0
109,HUPHAC__ligand1918-0
110,HUPHAC__ligand113-0
111,HUPHAC__ligand196-0
112,HUPHAC__ligand502-0
113,HUPHAC__ligand4175-0
114,HUPHAC__ligand2255-0
115,HUPHAC__ligand18-0
116,HUPHAC__ligand1436-0
117,HUPHAC__ligand3618-0
118,HUPHAC__ligand2618-0
119,HUPHAC__ligand353-0
120,HUPHAC__ligand4370-0
121,HUPHAC__ligand236-0
122,HUPHAC__ligand7456-0
123,HUPHAC__ligand487-0
124,HUPHAC__ligand38-0
125,HUPHAC__ligand666-0
126,HUPHAC__ligand1818-0
127,HUPHAC__ligand522-0
128,HUPHAC__ligand3478-0
129,HUPHAC__ligand3852-0
130,HUPHAC__ligand133-0
131,HUPHAC__ligand40-0
132,HUPHAC__ligand5758-0
133,HUPHAC__ligand447-0
134,HUPHAC__ligand2718-0
135,HUPHAC__ligand3035-0
136,HUPHAC__ligand3070-0
137,HUPHAC__ligand1493-0
138,HUPHAC__ligand682-0
139,HUPHAC__ligand21-0
140,HUPHAC__ligand9176-0
141,HUPHAC__ligand3251-0
142,HUPHAC__ligand4619-0
143,HUPHAC__ligand5235-0
144,HUPHAC__ligand6143-0
145,HUPHAC__ligand2253-0
146,HUPHAC__ligand1160-0
147,HUPHAC__ligand5093-0
148,HUPHAC__ligand2954-0
149,HUPHAC__ligand291-0
150,HUPHAC__ligand2762-0
151,HUPHAC__ligand1038-0
152,HUPHAC__ligand7550-0
153,HUPHAC__ligand115-0
154,HUPHAC__ligand66-0
155,HUPHAC__ligand7630-0
156,HUPHAC__ligand8-0
157,HUPHAC__ligand1285-0
158,HUPHAC__ligand1555-0
159,HUPHAC__ligand485-0
160,HUPHAC__ligand4423-0
161,HUPHAC__ligand355-0
162,HUPHAC__ligand784-0
163,HUPHAC__ligand1907-0
164,HUPHAC__ligand3890-0
165,HUPHAC__ligand73-0
166,HUPHAC__ligand1148-0
167,HUPHAC__ligand201-0
168,HUPHAC__ligand244-0
169,HUPHAC__ligand100-0
170,HUPHAC__ligand1479-0
171,HUPHAC__ligand178-0
172,HUPHAC__ligand279-0
173,HUPHAC__ligand3246-0
174,HUPHAC__ligand321-0
175,HUPHAC__ligand4-0
176,HUPHAC__ligand119-0
177,HUPHAC__ligand1538-0
178,HUPHAC__ligand1114-0
179,HUPHAC__ligand9244-0
180,HUPHAC__ligand57-0
181,HUPHAC__ligand1228-0
182,HUPHAC__ligand124-0
183,HUPHAC__ligand2634-0
184,HUPHAC__ligand55-0
185,HUPHAC__ligand1542-0
186,HUPHAC__ligand126-0
187,HUPHAC__ligand3041-0
188,HUPHAC__ligand2751-0
189,HUPHAC__ligand95-0
190,HUPHAC__ligand1747-0
191,HUPHAC__ligand6686-0
192,HUPHAC__ligand187-0
193,HUPHAC__ligand612-0
194,HUPHAC__ligand7915-0
195,HUPHAC__ligand5548-0
196,HUPHAC__ligand3145-0
197,HUPHAC__ligand861-0
198,HUPHAC__ligand6-0
199,HUPHAC__ligand366-0
200,HUPHAC__ligand6332-0
201,HUPHAC__ligand34-0
202,HUPHAC__ligand3178-0
203,HUPHAC__ligand2863-0
204,HUPHAC__ligand596-0
205,HUPHAC__ligand2098-0
206,HUPHAC__ligand6502-0
207,HUPHAC__ligand4381-0
208,HUPHAC__ligand48-0
209,HUPHAC__ligand2629-0
210,HUPHAC__ligand3734-0
211,HUPHAC__ligand1706-0
212,HUPHAC__ligand11730-0
213,HUPHAC__ligand1376-0
214,HUPHAC__ligand2768-0
215,HUPHAC__ligand2259-0
216,HUPHAC__ligand2688-0
217,HUPHAC__ligand757-0
218,HUPHAC__ligand51-0
219,HUPHAC__ligand1687-0
220,HUPHAC__ligand29-0
221,HUPHAC__ligand1951-0
222,HUPHAC__ligand797-0
223,HUPHAC__ligand91-0
224,HUPHAC__ligand6277-0
225,HUPHAC__ligand1685-0
226,HUPHAC__ligand3757-0
227,HUPHAC__ligand2087-0
228,HUPHAC__ligand1048-0
229,HUPHAC__ligand1459-0
230,HUPHAC__ligand120-0
231,HUPHAC__ligand384-0
232,HUPHAC__ligand1544-0
233,HUPHAC__ligand141-0
234,HUPHAC__ligand3063-0
235,HUPHAC__ligand1438-0
236,HUPHAC__ligand240-0
237,HUPHAC__ligand5801-0
238,HUPHAC__ligand32-0
239,HUPHAC__ligand1171-0
240,HUPHAC__ligand1152-0
241,HUPHAC__ligand1727-0
242,HUPHAC__ligand226-0
243,HUPHAC__ligand162-0
244,HUPHAC__ligand383-0
245,HUPHAC__ligand11-0
246,HUPHAC__ligand1607-0
247,HUPHAC__ligand2862-0
248,HUPHAC__ligand2320-0
249,HUPHAC__ligand1056-0
250,HUPHAC__ligand2510-0
251,HUPHAC__ligand2285-0
252,HUPHAC__ligand1567-0
253,HUPHAC__ligand8921-0
254,HUPHAC__ligand2907-0
255,HUPHAC__ligand1703-0
256,HUPHAC__ligand2430-0
257,HUPHAC__ligand365-0
258,HUPHAC__ligand7464-0
259,HUPHAC__ligand278-0
260,HUPHAC__ligand1054-0
261,HUPHAC__ligand6294-0
262,HUPHAC__ligand669-0
263,HUPHAC__ligand1248-0
264,HUPHAC__ligand4303-0
265,HUPHAC__ligand1598-0
266,HUPHAC__ligand358-0
267,HUPHAC__ligand430-0
268,HUPHAC__ligand8774-0
269,HUPHAC__ligand509-0
270,HUPHAC__ligand3637-0
271,HUPHAC__ligand571-0
272,HUPHAC__ligand670-0
273,HUPHAC__ligand118-0
274,HUPHAC__ligand17-0
275,HUPHAC__ligand5022-0
276,HUPHAC__ligand1169-0
277,HUPHAC__ligand199-0
278,HUPHAC__ligand927-0
279,HUPHAC__ligand2838-0
280,HUPHAC__ligand3838-0
281,HUPHAC__ligand1799-0
282,HUPHAC__ligand2880-0
283,HUPHAC__ligand575-0
284,HUPHAC__ligand5941-0
285,HUPHAC__ligand92-0
286,HUPHAC__ligand6538-0
287,HUPHAC__ligand9495-0
288,HUPHAC__ligand6151-0
289,HUPHAC__ligand2772-0
290,HUPHAC__ligand2142-0
291,HUPHAC__ligand324-0
292,HUPHAC__ligand361-0
293,HUPHAC__ligand409-0
294,HUPHAC__ligand1-0
295,HUPHAC__ligand2864-0
296,HUPHAC__ligand140-0
297,HUPHAC__ligand105-0
298,HUPHAC__ligand436-0
299,HUPHAC__ligand89-0
300,HUPHAC__ligand206-0
301,HUPHAC__ligand1052-0
302,HUPHAC__ligand142-0
303,HUPHAC__ligand283-0
304,HUPHAC__ligand553-0
305,HUPHAC__ligand3-0
306,HUPHAC__ligand326-0
307,HUPHAC__ligand49-0
308,HUPHAC__ligand1273-0
309,HUPHAC__ligand821-0
310,HUPHAC__ligand532-0
311,HUPHAC__ligand918-0
312,HUPHAC__ligand9027-0
313,HUPHAC__ligand633-0
314,HUPHAC__ligand6396-0
315,HUPHAC__ligand497-0
316,HUPHAC__ligand1113-0
317,HUPHAC__ligand2265-0
318,HUPHAC__ligand838-0
319,HUPHAC__ligand1502-0
320,HUPHAC__ligand166-0
321,HUPHAC__ligand4983-0
322,HUPHAC__ligand2794-0
323,HUPHAC__ligand2345-0
324,HUPHAC__ligand1835-0
