,TMC
0,RIKKAX__ligand7867-0
1,RIKKAX__ligand29087-0
2,RIKKAX__ligand6709-0
3,RIKKAX__ligand1219-0
4,RIKKAX__ligand746-0
5,RIKKAX__ligand4016-0
6,RIKKAX__ligand18703-0
7,RIKKAX__ligand447-0
8,RIKKAX__ligand15438-0
9,RIKKAX__ligand7238-0
10,RIKKAX__ligand28924-0
11,RIKKAX__ligand176-0
12,RIKKAX__ligand7280-0
13,RIKKAX__ligand1790-0
14,RIKKAX__ligand1304-0
15,RIKKAX__ligand1451-0
16,RIKKAX__ligand4272-0
17,RIKKAX__ligand7629-0
18,RIKKAX__ligand24750-0
19,RIKKAX__ligand9784-0
20,RIKKAX__ligand9520-0
21,RIKKAX__ligand25224-0
22,RIKKAX__ligand18013-0
23,RIKKAX__ligand17945-0
24,RIKKAX__ligand1160-0
25,RIKKAX__ligand8699-0
26,RIKKAX__ligand487-0
27,RIKKAX__ligand17207-0
28,RIKKAX__ligand4093-0
29,RIKKAX__ligand4442-0
30,RIKKAX__ligand3954-0
31,RIKKAX__ligand31578-0
32,RIKKAX__ligand506-0
33,RIKKAX__ligand4157-0
34,RIKKAX__ligand8876-0
35,RIKKAX__ligand2828-0
36,RIKKAX__ligand7648-0
37,RIKKAX__ligand9833-0
38,RIKKAX__ligand17-0
39,RIKKAX__ligand5256-0
40,RIKKAX__ligand2176-0
41,RIKKAX__ligand29898-0
42,RIKKAX__ligand26277-0
43,RIKKAX__ligand9291-0
44,RIKKAX__ligand10432-0
45,RIKKAX__ligand11432-0
46,RIKKAX__ligand31618-0
47,RIKKAX__ligand2232-0
48,RIKKAX__ligand22755-0
49,RIKKAX__ligand1285-0
50,RIKKAX__ligand6768-0
51,RIKKAX__ligand15168-0
52,RIKKAX__ligand8115-0
53,RIKKAX__ligand7000-0
54,RIKKAX__ligand1982-0
55,RIKKAX__ligand4503-0
56,RIKKAX__ligand4546-0
57,RIKKAX__ligand152-0
58,RIKKAX__ligand24064-0
59,RIKKAX__ligand23589-0
60,RIKKAX__ligand5331-0
61,RIKKAX__ligand1512-0
62,RIKKAX__ligand24613-0
63,RIKKAX__ligand3565-0
64,RIKKAX__ligand19725-0
65,RIKKAX__ligand31483-0
66,RIKKAX__ligand10555-0
67,RIKKAX__ligand115-0
68,RIKKAX__ligand6919-0
69,RIKKAX__ligand2485-0
70,RIKKAX__ligand3852-0
71,RIKKAX__ligand5211-0
72,RIKKAX__ligand4155-0
73,RIKKAX__ligand20579-0
74,RIKKAX__ligand17710-0
75,RIKKAX__ligand3094-0
76,RIKKAX__ligand11568-0
77,RIKKAX__ligand21421-0
78,RIKKAX__ligand4720-0
79,RIKKAX__ligand6839-0
80,RIKKAX__ligand833-0
81,RIKKAX__ligand3937-0
82,RIKKAX__ligand1202-0
83,RIKKAX__ligand3174-0
84,RIKKAX__ligand3131-0
85,RIKKAX__ligand14586-0
86,RIKKAX__ligand8969-0
87,RIKKAX__ligand11774-0
88,RIKKAX__ligand89-0
89,RIKKAX__ligand7242-0
90,RIKKAX__ligand18699-0
91,RIKKAX__ligand12682-0
92,RIKKAX__ligand7106-0
93,RIKKAX__ligand17240-0
94,RIKKAX__ligand9908-0
95,RIKKAX__ligand1263-0
96,RIKKAX__ligand17590-0
97,RIKKAX__ligand784-0
98,RIKKAX__ligand1959-0
99,RIKKAX__ligand13072-0
100,RIKKAX__ligand368-0
101,RIKKAX__ligand3504-0
102,RIKKAX__ligand9935-0
103,RIKKAX__ligand395-0
104,RIKKAX__ligand1536-0
105,RIKKAX__ligand12336-0
106,RIKKAX__ligand1573-0
107,RIKKAX__ligand3035-0
108,RIKKAX__ligand1343-0
109,RIKKAX__ligand3876-0
110,RIKKAX__ligand6616-0
111,RIKKAX__ligand3718-0
112,RIKKAX__ligand49-0
113,RIKKAX__ligand4661-0
114,RIKKAX__ligand1844-0
115,RIKKAX__ligand10084-0
116,RIKKAX__ligand25267-0
117,RIKKAX__ligand314-0
118,RIKKAX__ligand780-0
119,RIKKAX__ligand12467-0
120,RIKKAX__ligand2917-0
121,RIKKAX__ligand7819-0
122,RIKKAX__ligand813-0
123,RIKKAX__ligand21936-0
124,RIKKAX__ligand6596-0
125,RIKKAX__ligand6904-0
126,RIKKAX__ligand3721-0
127,RIKKAX__ligand6102-0
128,RIKKAX__ligand13257-0
129,RIKKAX__ligand23904-0
130,RIKKAX__ligand3465-0
131,RIKKAX__ligand4620-0
132,RIKKAX__ligand27074-0
133,RIKKAX__ligand618-0
134,RIKKAX__ligand20599-0
135,RIKKAX__ligand22981-0
136,RIKKAX__ligand25805-0
137,RIKKAX__ligand391-0
138,RIKKAX__ligand2295-0
139,RIKKAX__ligand6067-0
140,RIKKAX__ligand1577-0
141,RIKKAX__ligand18391-0
142,RIKKAX__ligand14523-0
143,RIKKAX__ligand27169-0
144,RIKKAX__ligand69-0
145,RIKKAX__ligand16791-0
146,RIKKAX__ligand28668-0
147,RIKKAX__ligand4641-0
148,RIKKAX__ligand465-0
149,RIKKAX__ligand18799-0
150,RIKKAX__ligand18465-0
151,RIKKAX__ligand13869-0
152,RIKKAX__ligand18074-0
153,RIKKAX__ligand3234-0
154,RIKKAX__ligand1142-0
155,RIKKAX__ligand29863-0
156,RIKKAX__ligand29610-0
157,RIKKAX__ligand314-1
158,RIKKAX__ligand11140-0
159,RIKKAX__ligand11-0
160,RIKKAX__ligand7126-0
161,RIKKAX__ligand8835-0
162,RIKKAX__ligand2028-0
163,RIKKAX__ligand8992-0
164,RIKKAX__ligand9601-0
165,RIKKAX__ligand25735-0
166,RIKKAX__ligand12519-0
167,RIKKAX__ligand3707-0
168,RIKKAX__ligand6124-0
169,RIKKAX__ligand7967-0
170,RIKKAX__ligand23124-0
171,RIKKAX__ligand196-0
172,RIKKAX__ligand1018-0
173,RIKKAX__ligand4116-0
174,RIKKAX__ligand11206-0
175,RIKKAX__ligand5643-0
176,RIKKAX__ligand1823-0
177,RIKKAX__ligand12660-0
178,RIKKAX__ligand686-0
179,RIKKAX__ligand1324-0
180,RIKKAX__ligand8721-0
181,RIKKAX__ligand13209-0
182,RIKKAX__ligand19257-0
183,RIKKAX__ligand25650-0
184,RIKKAX__ligand9111-0
185,RIKKAX__ligand9952-0
186,RIKKAX__ligand31248-0
187,RIKKAX__ligand422-0
188,RIKKAX__ligand5036-0
189,RIKKAX__ligand2526-0
190,RIKKAX__ligand1615-0
191,RIKKAX__ligand27835-0
192,RIKKAX__ligand9441-0
193,RIKKAX__ligand2332-0
194,RIKKAX__ligand12295-0
195,RIKKAX__ligand1631-0
196,RIKKAX__ligand25689-0
197,RIKKAX__ligand25575-0
198,RIKKAX__ligand21787-0
199,RIKKAX__ligand1530-0
200,RIKKAX__ligand1575-0
201,RIKKAX__ligand9933-0
202,RIKKAX__ligand393-0
203,RIKKAX__ligand3156-0
204,RIKKAX__ligand30539-0
205,RIKKAX__ligand2915-0
206,RIKKAX__ligand353-0
207,RIKKAX__ligand6244-0
208,RIKKAX__ligand23906-0
209,RIKKAX__ligand11166-0
210,RIKKAX__ligand21132-0
211,RIKKAX__ligand1378-0
212,RIKKAX__ligand23713-0
213,RIKKAX__ligand27175-0
214,RIKKAX__ligand370-0
215,RIKKAX__ligand18832-0
216,RIKKAX__ligand1147-0
217,RIKKAX__ligand30988-0
218,RIKKAX__ligand3973-0
219,RIKKAX__ligand51-0
220,RIKKAX__ligand7925-0
221,RIKKAX__ligand14723-0
222,RIKKAX__ligand2068-0
223,RIKKAX__ligand27893-0
224,RIKKAX__ligand20578-0
225,RIKKAX__ligand12934-0
226,RIKKAX__ligand15422-0
227,RIKKAX__ligand19641-0
228,RIKKAX__ligand250-0
229,RIKKAX__ligand7532-0
230,RIKKAX__ligand91-0
231,RIKKAX__ligand31783-0
232,RIKKAX__ligand4194-0
233,RIKKAX__ligand14603-0
234,RIKKAX__ligand14297-0
235,RIKKAX__ligand4330-0
236,RIKKAX__ligand17258-0
237,RIKKAX__ligand2599-0
238,RIKKAX__ligand13012-0
239,RIKKAX__ligand17631-0
240,RIKKAX__ligand26665-0
241,RIKKAX__ligand6283-0
242,RIKKAX__ligand30333-0
243,RIKKAX__ligand48-0
244,RIKKAX__ligand188-0
245,RIKKAX__ligand12606-0
246,RIKKAX__ligand30296-0
247,RIKKAX__ligand4738-0
248,RIKKAX__ligand5813-0
249,RIKKAX__ligand17281-0
250,RIKKAX__ligand4813-0
251,RIKKAX__ligand26540-0
252,RIKKAX__ligand29410-0
253,RIKKAX__ligand12337-0
254,RIKKAX__ligand6062-0
255,RIKKAX__ligand12427-0
256,RIKKAX__ligand28468-0
257,RIKKAX__ligand20740-0
258,RIKKAX__ligand3215-0
259,RIKKAX__ligand479-0
260,RIKKAX__ligand16628-0
261,RIKKAX__ligand785-0
262,RIKKAX__ligand311-0
263,RIKKAX__ligand564-0
264,RIKKAX__ligand620-0
265,RIKKAX__ligand27460-0
266,RIKKAX__ligand370-1
267,RIKKAX__ligand7107-0
268,RIKKAX__ligand19057-0
269,RIKKAX__ligand18814-0
270,RIKKAX__ligand9148-0
271,RIKKAX__ligand29302-0
272,RIKKAX__ligand13425-0
273,RIKKAX__ligand909-0
274,RIKKAX__ligand6946-0
275,RIKKAX__ligand1415-0
276,RIKKAX__ligand32-0
277,RIKKAX__ligand28676-0
278,RIKKAX__ligand10262-0
279,RIKKAX__ligand7529-0
280,RIKKAX__ligand27763-0
281,RIKKAX__ligand1729-0
282,RIKKAX__ligand5627-0
283,RIKKAX__ligand12641-0
284,RIKKAX__ligand177-0
285,RIKKAX__ligand10958-0
286,RIKKAX__ligand2830-0
287,RIKKAX__ligand5316-0
288,RIKKAX__ligand14108-0
289,RIKKAX__ligand5483-0
290,RIKKAX__ligand17302-0
291,RIKKAX__ligand3012-0
292,RIKKAX__ligand1449-0
293,RIKKAX__ligand116-0
294,RIKKAX__ligand7530-0
295,RIKKAX__ligand1065-0
296,RIKKAX__ligand17805-0
297,RIKKAX__ligand252-0
298,RIKKAX__ligand9681-0
299,RIKKAX__ligand24185-0
300,RIKKAX__ligand23769-0
301,RIKKAX__ligand25178-0
302,RIKKAX__ligand4332-0
303,RIKKAX__ligand12401-0
304,RIKKAX__ligand3934-0
305,RIKKAX__ligand15585-0
306,RIKKAX__ligand24145-0
307,RIKKAX__ligand830-0
308,RIKKAX__ligand6455-0
309,RIKKAX__ligand10476-0
310,RIKKAX__ligand6882-0
311,RIKKAX__ligand13068-0
312,RIKKAX__ligand19830-0
313,RIKKAX__ligand372-0
314,RIKKAX__ligand26702-0
315,RIKKAX__ligand13658-0
316,RIKKAX__ligand18292-0
317,RIKKAX__ligand193-0
318,RIKKAX__ligand12289-0
319,RIKKAX__ligand17387-0
320,RIKKAX__ligand12130-0
321,RIKKAX__ligand2403-0
322,RIKKAX__ligand12231-0
323,RIKKAX__ligand16-0
324,RIKKAX__ligand8-0
325,RIKKAX__ligand2527-0
326,RIKKAX__ligand8349-0
327,RIKKAX__ligand27482-0
328,RIKKAX__ligand1709-0
329,RIKKAX__ligand8464-0
330,RIKKAX__ligand26810-0
331,RIKKAX__ligand13208-0
332,RIKKAX__ligand3392-0
333,RIKKAX__ligand57-0
334,RIKKAX__ligand197-0
335,RIKKAX__ligand20682-0
336,RIKKAX__ligand4911-0
337,RIKKAX__ligand1771-0
338,RIKKAX__ligand13390-0
339,RIKKAX__ligand5849-0
340,RIKKAX__ligand5935-0
341,RIKKAX__ligand25411-0
342,RIKKAX__ligand2722-0
343,RIKKAX__ligand1379-0
344,RIKKAX__ligand10712-0
345,RIKKAX__ligand3157-0
346,RIKKAX__ligand14174-0
347,RIKKAX__ligand783-0
348,RIKKAX__ligand9525-0
349,RIKKAX__ligand352-0
350,RIKKAX__ligand1165-0
351,RIKKAX__ligand11456-0
352,RIKKAX__ligand5056-0
353,RIKKAX__ligand4850-0
354,RIKKAX__ligand12030-0
355,RIKKAX__ligand14248-0
356,RIKKAX__ligand29879-0
357,RIKKAX__ligand13331-0
358,RIKKAX__ligand5357-0
359,RIKKAX__ligand28884-0
360,RIKKAX__ligand868-0
361,RIKKAX__ligand3647-0
362,RIKKAX__ligand1688-0
363,RIKKAX__ligand1469-0
364,RIKKAX__ligand3871-0
365,RIKKAX__ligand1768-0
366,RIKKAX__ligand31832-0
367,RIKKAX__ligand13294-0
368,RIKKAX__ligand20011-0
369,RIKKAX__ligand17278-0
370,RIKKAX__ligand29414-0
371,RIKKAX__ligand17982-0
372,RIKKAX__ligand1533-0
373,RIKKAX__ligand7557-0
374,RIKKAX__ligand1496-0
375,RIKKAX__ligand17398-0
376,RIKKAX__ligand235-0
377,RIKKAX__ligand11675-0
378,RIKKAX__ligand20598-0
379,RIKKAX__ligand134-0
380,RIKKAX__ligand10589-0
381,RIKKAX__ligand22557-0
382,RIKKAX__ligand24047-0
383,RIKKAX__ligand34-0
384,RIKKAX__ligand14703-0
385,RIKKAX__ligand16475-0
386,RIKKAX__ligand560-0
387,RIKKAX__ligand1712-0
388,RIKKAX__ligand4131-0
389,RIKKAX__ligand20251-1
390,RIKKAX__ligand5892-0
391,RIKKAX__ligand5094-0
392,RIKKAX__ligand4581-0
393,RIKKAX__ligand1773-0
394,RIKKAX__ligand20539-0
395,RIKKAX__ligand2328-0
396,RIKKAX__ligand30702-0
397,RIKKAX__ligand20214-0
398,RIKKAX__ligand20251-0
399,RIKKAX__ligand7162-0
400,RIKKAX__ligand55-0
401,RIKKAX__ligand21581-0
402,RIKKAX__ligand31097-0
403,RIKKAX__ligand3029-0
404,RIKKAX__ligand294-0
405,RIKKAX__ligand17261-0
406,RIKKAX__ligand14117-0
407,RIKKAX__ligand9197-0
408,RIKKAX__ligand1900-0
409,RIKKAX__ligand20419-0
410,RIKKAX__ligand17118-0
411,RIKKAX__ligand3208-0
412,RIKKAX__ligand421-0
413,RIKKAX__ligand21371-0
414,RIKKAX__ligand2208-0
415,RIKKAX__ligand28789-0
416,RIKKAX__ligand68-0
417,RIKKAX__ligand8722-0
418,RIKKAX__ligand29568-0
419,RIKKAX__ligand1327-0
420,RIKKAX__ligand9809-0
421,RIKKAX__ligand6672-0
422,RIKKAX__ligand30851-0
423,RIKKAX__ligand685-0
424,RIKKAX__ligand14889-0
425,RIKKAX__ligand2781-0
426,RIKKAX__ligand7573-0
427,RIKKAX__ligand3350-0
428,RIKKAX__ligand300-0
429,RIKKAX__ligand5415-0
430,RIKKAX__ligand26529-0
431,RIKKAX__ligand11618-0
432,RIKKAX__ligand588-0
433,RIKKAX__ligand4124-0
434,RIKKAX__ligand3471-0
435,RIKKAX__ligand4161-0
436,RIKKAX__ligand6995-0
437,RIKKAX__ligand199-0
438,RIKKAX__ligand19927-0
439,RIKKAX__ligand2823-0
440,RIKKAX__ligand14043-0
441,RIKKAX__ligand26324-0
442,RIKKAX__ligand28559-0
443,RIKKAX__ligand4340-0
444,RIKKAX__ligand27239-0
445,RIKKAX__ligand2650-0
446,RIKKAX__ligand2281-0
447,RIKKAX__ligand21729-0
448,RIKKAX__ligand3180-0
449,RIKKAX__ligand38-0
450,RIKKAX__ligand2001-0
451,RIKKAX__ligand29215-0
452,RIKKAX__ligand7566-0
453,RIKKAX__ligand12003-0
454,RIKKAX__ligand16148-0
455,RIKKAX__ligand26631-0
456,RIKKAX__ligand10872-0
457,RIKKAX__ligand21399-0
458,RIKKAX__ligand8593-0
459,RIKKAX__ligand9944-0
460,RIKKAX__ligand22403-0
461,RIKKAX__ligand324-0
462,RIKKAX__ligand361-0
463,RIKKAX__ligand8553-0
464,RIKKAX__ligand1113-0
465,RIKKAX__ligand409-0
466,RIKKAX__ligand27754-0
467,RIKKAX__ligand20695-0
468,RIKKAX__ligand5201-0
469,RIKKAX__ligand11111-0
470,RIKKAX__ligand28540-0
471,RIKKAX__ligand16369-0
472,RIKKAX__ligand13385-0
473,RIKKAX__ligand1154-0
474,RIKKAX__ligand326-0
475,RIKKAX__ligand14569-0
476,RIKKAX__ligand22444-0
477,RIKKAX__ligand9615-0
478,RIKKAX__ligand24111-0
479,RIKKAX__ligand11587-0
480,RIKKAX__ligand42-0
481,RIKKAX__ligand13220-0
482,RIKKAX__ligand15788-0
483,RIKKAX__ligand1498-0
484,RIKKAX__ligand23175-0
485,RIKKAX__ligand17396-0
486,RIKKAX__ligand4596-0
487,RIKKAX__ligand30728-0
488,RIKKAX__ligand692-0
489,RIKKAX__ligand27840-0
490,RIKKAX__ligand24872-0
491,RIKKAX__ligand24644-0
492,RIKKAX__ligand10033-0
493,RIKKAX__ligand1169-0
494,RIKKAX__ligand436-0
495,RIKKAX__ligand12001-0
496,RIKKAX__ligand8529-0
497,RIKKAX__ligand11949-0
498,RIKKAX__ligand2027-0
499,RIKKAX__ligand24780-0
500,RIKKAX__ligand12138-0
501,RIKKAX__ligand1050-0
502,RIKKAX__ligand1015-0
503,RIKKAX__ligand22129-0
504,RIKKAX__ligand25561-0
505,RIKKAX__ligand497-0
506,RIKKAX__ligand31694-0
507,RIKKAX__ligand1618-0
508,RIKKAX__ligand2692-0
509,RIKKAX__ligand29486-0
510,RIKKAX__ligand4-0
511,RIKKAX__ligand1028-0
512,RIKKAX__ligand66-0
513,RIKKAX__ligand17427-0
514,RIKKAX__ligand4262-0
515,RIKKAX__ligand633-0
516,RIKKAX__ligand12365-0
517,RIKKAX__ligand10056-0
518,RIKKAX__ligand7075-0
519,RIKKAX__ligand383-0
520,RIKKAX__ligand3557-0
521,RIKKAX__ligand28743-0
522,RIKKAX__ligand3980-0
523,RIKKAX__ligand15531-0
524,RIKKAX__ligand11357-0
525,RIKKAX__ligand13862-0
526,RIKKAX__ligand416-0
527,RIKKAX__ligand1149-0
528,RIKKAX__ligand22294-0
529,RIKKAX__ligand226-0
530,RIKKAX__ligand1779-0
531,RIKKAX__ligand1817-0
532,RIKKAX__ligand22168-0
533,RIKKAX__ligand28930-0
534,RIKKAX__ligand6993-0
535,RIKKAX__ligand162-0
536,RIKKAX__ligand9750-0
537,RIKKAX__ligand21919-0
538,RIKKAX__ligand11970-0
539,RIKKAX__ligand4266-0
540,RIKKAX__ligand1400-0
541,RIKKAX__ligand9491-0
542,RIKKAX__ligand15883-0
543,RIKKAX__ligand4167-0
544,RIKKAX__ligand1288-0
545,RIKKAX__ligand24230-0
546,RIKKAX__ligand11447-0
547,RIKKAX__ligand11096-0
548,RIKKAX__ligand28810-0
549,RIKKAX__ligand10828-0
550,RIKKAX__ligand19792-0
551,RIKKAX__ligand15926-0
552,RIKKAX__ligand30711-0
553,RIKKAX__ligand20207-0
554,RIKKAX__ligand11682-0
555,RIKKAX__ligand3416-0
556,RIKKAX__ligand3453-0
557,RIKKAX__ligand656-0
558,RIKKAX__ligand4207-0
559,RIKKAX__ligand25913-0
560,RIKKAX__ligand1539-0
561,RIKKAX__ligand16988-0
562,RIKKAX__ligand1150-0
563,RIKKAX__ligand7438-0
564,RIKKAX__ligand8200-0
565,RIKKAX__ligand4063-0
566,RIKKAX__ligand16663-0
567,RIKKAX__ligand14614-0
568,RIKKAX__ligand3042-0
569,RIKKAX__ligand24035-0
570,RIKKAX__ligand11994-0
571,RIKKAX__ligand31044-0
572,RIKKAX__ligand31842-0
573,RIKKAX__ligand696-0
574,RIKKAX__ligand488-0
575,RIKKAX__ligand358-0
576,RIKKAX__ligand10371-0
577,RIKKAX__ligand430-0
578,RIKKAX__ligand694-0
579,RIKKAX__ligand1831-0
580,RIKKAX__ligand5614-0
581,RIKKAX__ligand13672-0
582,RIKKAX__ligand5280-0
583,RIKKAX__ligand6663-0
584,RIKKAX__ligand18568-0
585,RIKKAX__ligand28685-0
586,RIKKAX__ligand5515-0
587,RIKKAX__ligand19184-0
588,RIKKAX__ligand1849-0
589,RIKKAX__ligand5019-0
590,RIKKAX__ligand3261-0
591,RIKKAX__ligand1152-0
592,RIKKAX__ligand28459-0
593,RIKKAX__ligand12453-0
594,RIKKAX__ligand1216-0
595,RIKKAX__ligand18448-0
596,RIKKAX__ligand571-0
597,RIKKAX__ligand1828-0
598,RIKKAX__ligand534-0
599,RIKKAX__ligand7213-0
600,RIKKAX__ligand1397-0
601,RIKKAX__ligand670-0
602,RIKKAX__ligand8042-0
603,RIKKAX__ligand6112-0
604,RIKKAX__ligand13477-0
605,RIKKAX__ligand14167-0
606,RIKKAX__ligand5085-0
607,RIKKAX__ligand3144-0
608,RIKKAX__ligand5755-0
609,RIKKAX__ligand27669-0
610,RIKKAX__ligand4710-0
611,RIKKAX__ligand30142-0
612,RIKKAX__ligand29029-0
613,RIKKAX__ligand1908-0
614,RIKKAX__ligand27285-0
615,RIKKAX__ligand4795-0
616,RIKKAX__ligand3285-0
617,RIKKAX__ligand1786-0
618,RIKKAX__ligand18-0
619,RIKKAX__ligand23197-0
620,RIKKAX__ligand5630-0
621,RIKKAX__ligand3632-0
622,RIKKAX__ligand3677-0
623,RIKKAX__ligand1168-0
624,RIKKAX__ligand1294-0
625,RIKKAX__ligand6699-0
626,RIKKAX__ligand30004-0
627,RIKKAX__ligand693-0
628,RIKKAX__ligand20557-0
629,RIKKAX__ligand21940-0
630,RIKKAX__ligand43-0
631,RIKKAX__ligand25048-0
632,RIKKAX__ligand3712-0
633,RIKKAX__ligand1464-0
634,RIKKAX__ligand1499-0
635,RIKKAX__ligand2881-0
636,RIKKAX__ligand13755-0
637,RIKKAX__ligand16133-0
638,RIKKAX__ligand6892-0
639,RIKKAX__ligand20432-0
640,RIKKAX__ligand27122-0
641,RIKKAX__ligand1211-0
642,RIKKAX__ligand24953-0
643,RIKKAX__ligand23445-0
644,RIKKAX__ligand9344-0
645,RIKKAX__ligand14339-0
646,RIKKAX__ligand13691-0
647,RIKKAX__ligand67-0
648,RIKKAX__ligand30788-0
649,RIKKAX__ligand3736-0
650,RIKKAX__ligand8000-0
651,RIKKAX__ligand21752-0
652,RIKKAX__ligand3945-0
653,RIKKAX__ligand2693-0
654,RIKKAX__ligand5383-0
655,RIKKAX__ligand4007-0
656,RIKKAX__ligand2985-0
657,RIKKAX__ligand24560-0
658,RIKKAX__ligand18757-0
659,RIKKAX__ligand9299-0
660,RIKKAX__ligand24624-0
661,RIKKAX__ligand18413-0
662,RIKKAX__ligand757-0
663,RIKKAX__ligand20844-0
664,RIKKAX__ligand122-0
665,RIKKAX__ligand7291-0
666,RIKKAX__ligand3677-1
667,RIKKAX__ligand9883-0
668,RIKKAX__ligand27550-0
669,RIKKAX__ligand384-0
670,RIKKAX__ligand9167-0
671,RIKKAX__ligand5304-0
672,RIKKAX__ligand2238-0
673,RIKKAX__ligand1317-0
674,RIKKAX__ligand3867-0
675,RIKKAX__ligand2822-0
676,RIKKAX__ligand7293-0
677,RIKKAX__ligand14007-0
678,RIKKAX__ligand18019-1
679,RIKKAX__ligand23682-0
680,RIKKAX__ligand5509-0
681,RIKKAX__ligand8002-0
682,RIKKAX__ligand29565-0
683,RIKKAX__ligand6117-0
684,RIKKAX__ligand1407-0
685,RIKKAX__ligand27771-0
686,RIKKAX__ligand18158-0
687,RIKKAX__ligand21339-0
688,RIKKAX__ligand14226-0
689,RIKKAX__ligand16956-0
690,RIKKAX__ligand20942-1
691,RIKKAX__ligand7762-0
692,RIKKAX__ligand5080-0
693,RIKKAX__ligand768-0
694,RIKKAX__ligand5595-0
695,RIKKAX__ligand14477-0
696,RIKKAX__ligand4101-0
697,RIKKAX__ligand17069-0
698,RIKKAX__ligand17445-0
699,RIKKAX__ligand4358-0
700,RIKKAX__ligand20731-0
701,RIKKAX__ligand29334-0
702,RIKKAX__ligand12413-0
703,RIKKAX__ligand3120-0
704,RIKKAX__ligand3926-0
705,RIKKAX__ligand11798-0
706,RIKKAX__ligand2221-0
707,RIKKAX__ligand1296-0
708,RIKKAX__ligand21448-0
709,RIKKAX__ligand2259-0
710,RIKKAX__ligand1197-0
711,RIKKAX__ligand5099-0
712,RIKKAX__ligand11758-0
713,RIKKAX__ligand8592-0
714,RIKKAX__ligand22357-0
715,RIKKAX__ligand9773-0
716,RIKKAX__ligand141-0
717,RIKKAX__ligand1376-0
718,RIKKAX__ligand5510-0
719,RIKKAX__ligand29214-0
720,RIKKAX__ligand240-0
721,RIKKAX__ligand11501-0
722,RIKKAX__ligand11544-0
723,RIKKAX__ligand321-0
724,RIKKAX__ligand7092-0
725,RIKKAX__ligand2260-0
726,RIKKAX__ligand1153-0
727,RIKKAX__ligand3225-0
728,RIKKAX__ligand1116-0
729,RIKKAX__ligand8612-0
730,RIKKAX__ligand2124-0
731,RIKKAX__ligand7172-0
732,RIKKAX__ligand45-0
733,RIKKAX__ligand178-0
734,RIKKAX__ligand10151-0
735,RIKKAX__ligand7273-0
736,RIKKAX__ligand279-0
737,RIKKAX__ligand185-0
738,RIKKAX__ligand9323-0
739,RIKKAX__ligand19906-0
740,RIKKAX__ligand201-0
741,RIKKAX__ligand19668-0
742,RIKKAX__ligand78-0
743,RIKKAX__ligand5180-0
744,RIKKAX__ligand6017-0
745,RIKKAX__ligand22353-0
746,RIKKAX__ligand7316-0
747,RIKKAX__ligand5708-0
748,RIKKAX__ligand1787-0
749,RIKKAX__ligand1356-0
750,RIKKAX__ligand5530-0
751,RIKKAX__ligand24851-0
752,RIKKAX__ligand19-0
753,RIKKAX__ligand9753-0
754,RIKKAX__ligand14347-0
755,RIKKAX__ligand13657-0
756,RIKKAX__ligand14302-0
757,RIKKAX__ligand7196-0
758,RIKKAX__ligand11698-0
759,RIKKAX__ligand5159-0
760,RIKKAX__ligand20530-0
761,RIKKAX__ligand11479-0
762,RIKKAX__ligand27610-0
763,RIKKAX__ligand10479-0
764,RIKKAX__ligand338-0
765,RIKKAX__ligand4807-0
766,RIKKAX__ligand3178-0
767,RIKKAX__ligand10853-0
768,RIKKAX__ligand29441-0
769,RIKKAX__ligand2906-0
770,RIKKAX__ligand3-0
771,RIKKAX__ligand16952-0
772,RIKKAX__ligand29813-0
773,RIKKAX__ligand4711-0
774,RIKKAX__ligand3244-0
775,RIKKAX__ligand20220-0
776,RIKKAX__ligand4649-0
777,RIKKAX__ligand8793-0
778,RIKKAX__ligand5649-0
779,RIKKAX__ligand2788-0
780,RIKKAX__ligand20121-0
781,RIKKAX__ligand24-0
782,RIKKAX__ligand15387-0
783,RIKKAX__ligand1289-0
784,RIKKAX__ligand1-0
785,RIKKAX__ligand2203-0
786,RIKKAX__ligand5387-0
787,RIKKAX__ligand845-0
788,RIKKAX__ligand31205-0
789,RIKKAX__ligand25658-0
790,RIKKAX__ligand17686-0
791,RIKKAX__ligand11177-0
792,RIKKAX__ligand15455-0
793,RIKKAX__ligand9450-0
794,RIKKAX__ligand16870-0
795,RIKKAX__ligand126-0
796,RIKKAX__ligand163-0
797,RIKKAX__ligand11622-0
798,RIKKAX__ligand2612-0
799,RIKKAX__ligand11814-0
800,RIKKAX__ligand16603-0
801,RIKKAX__ligand1599-0
802,RIKKAX__ligand2043-0
803,RIKKAX__ligand11606-0
804,RIKKAX__ligand941-0
805,RIKKAX__ligand596-0
806,RIKKAX__ligand1832-0
807,RIKKAX__ligand8788-0
808,RIKKAX__ligand31000-0
809,RIKKAX__ligand26673-0
810,RIKKAX__ligand1604-0
811,RIKKAX__ligand1228-0
812,RIKKAX__ligand777-0
813,RIKKAX__ligand9943-0
814,RIKKAX__ligand20821-0
815,RIKKAX__ligand6391-0
816,RIKKAX__ligand3126-0
817,RIKKAX__ligand9284-0
818,RIKKAX__ligand1114-0
819,RIKKAX__ligand366-0
820,RIKKAX__ligand18067-0
821,RIKKAX__ligand19824-0
822,RIKKAX__ligand187-0
823,RIKKAX__ligand11252-0
824,RIKKAX__ligand2417-0
825,RIKKAX__ligand657-0
826,RIKKAX__ligand13260-0
827,RIKKAX__ligand10582-0
