,TMC
0,BAWPAR__ligand1438-0
1,BAWPAR__ligand3063-0
2,BAWPAR__ligand321-0
3,BAWPAR__ligand5801-0
4,BAWPAR__ligand279-0
5,BAWPAR__ligand178-0
6,BAWPAR__ligand100-0
7,BAWPAR__ligand86-0
8,BAWPAR__ligand1171-0
9,BAWPAR__ligand244-0
10,BAWPAR__ligand201-0
11,BAWPAR__ligand1685-0
12,BAWPAR__ligand124-0
13,BAWPAR__ligand3757-0
14,BAWPAR__ligand1048-0
15,BAWPAR__ligand2087-0
16,BAWPAR__ligand1459-0
17,BAWPAR__ligand62-0
18,BAWPAR__ligand119-0
19,BAWPAR__ligand1544-0
20,BAWPAR__ligand2768-0
21,BAWPAR__ligand1376-0
22,BAWPAR__ligand2259-0
23,BAWPAR__ligand2688-0
24,BAWPAR__ligand18-0
25,BAWPAR__ligand1687-0
26,BAWPAR__ligand126-0
27,BAWPAR__ligand1951-0
28,BAWPAR__ligand6277-0
29,BAWPAR__ligand4381-0
30,BAWPAR__ligand596-0
31,BAWPAR__ligand2629-0
32,BAWPAR__ligand3734-0
33,BAWPAR__ligand1706-0
34,BAWPAR__ligand366-0
35,BAWPAR__ligand861-0
36,BAWPAR__ligand612-0
37,BAWPAR__ligand187-0
38,BAWPAR__ligand1747-0
39,BAWPAR__ligand6686-0
40,BAWPAR__ligand5548-0
41,BAWPAR__ligand7915-0
42,BAWPAR__ligand3145-0
43,BAWPAR__ligand38-0
44,BAWPAR__ligand6332-0
45,BAWPAR__ligand40-0
46,BAWPAR__ligand3178-0
47,BAWPAR__ligand2863-0
48,BAWPAR__ligand6502-0
49,BAWPAR__ligand2098-0
50,BAWPAR__ligand2634-0
51,BAWPAR__ligand1542-0
52,BAWPAR__ligand21-0
53,BAWPAR__ligand797-0
54,BAWPAR__ligand3041-0
55,BAWPAR__ligand2751-0
56,BAWPAR__ligand757-0
57,BAWPAR__ligand384-0
58,BAWPAR__ligand120-0
59,BAWPAR__ligand1538-0
60,BAWPAR__ligand1114-0
61,BAWPAR__ligand9244-0
62,BAWPAR__ligand15630-0
63,BAWPAR__ligand10357-0
64,BAWPAR__ligand66-0
65,BAWPAR__ligand1228-0
66,BAWPAR__ligand8-0
67,BAWPAR__ligand1148-0
68,BAWPAR__ligand1479-0
69,BAWPAR__ligand3246-0
70,BAWPAR__ligand240-0
71,BAWPAR__ligand141-0
72,BAWPAR__ligand383-0
73,BAWPAR__ligand9027-0
74,BAWPAR__ligand6396-0
75,BAWPAR__ligand162-0
76,BAWPAR__ligand1113-0
77,BAWPAR__ligand226-0
78,BAWPAR__ligand2265-0
79,BAWPAR__ligand1502-0
80,BAWPAR__ligand4983-0
81,BAWPAR__ligand2794-0
82,BAWPAR__ligand2345-0
83,BAWPAR__ligand1835-0
84,BAWPAR__ligand45-0
85,BAWPAR__ligand1052-0
86,BAWPAR__ligand85-0
87,BAWPAR__ligand78-0
88,BAWPAR__ligand1273-0
89,BAWPAR__ligand430-0
90,BAWPAR__ligand358-0
91,BAWPAR__ligand6538-0
92,BAWPAR__ligand6151-0
93,BAWPAR__ligand2772-0
94,BAWPAR__ligand9495-0
95,BAWPAR__ligand669-0
96,BAWPAR__ligand2142-0
97,BAWPAR__ligand278-0
98,BAWPAR__ligand2864-0
99,BAWPAR__ligand365-0
100,BAWPAR__ligand118-0
101,BAWPAR__ligand670-0
102,BAWPAR__ligand1169-0
103,BAWPAR__ligand5022-0
104,BAWPAR__ligand571-0
105,BAWPAR__ligand2838-0
106,BAWPAR__ligand1799-0
107,BAWPAR__ligand3838-0
108,BAWPAR__ligand2880-0
109,BAWPAR__ligand5941-0
110,BAWPAR__ligand509-0
111,BAWPAR__ligand8774-0
112,BAWPAR__ligand575-0
113,BAWPAR__ligand67-0
114,BAWPAR__ligand14530-0
115,BAWPAR__ligand3637-0
116,BAWPAR__ligand927-0
117,BAWPAR__ligand199-0
118,BAWPAR__ligand7464-0
119,BAWPAR__ligand105-0
120,BAWPAR__ligand140-0
121,BAWPAR__ligand10910-0
122,BAWPAR__ligand409-0
123,BAWPAR__ligand361-0
124,BAWPAR__ligand324-0
125,BAWPAR__ligand1054-0
126,BAWPAR__ligand6294-0
127,BAWPAR__ligand4303-0
128,BAWPAR__ligand1248-0
129,BAWPAR__ligand1598-0
130,BAWPAR__ligand821-0
131,BAWPAR__ligand2862-0
132,BAWPAR__ligand326-0
133,BAWPAR__ligand2320-0
134,BAWPAR__ligand1056-0
135,BAWPAR__ligand2510-0
136,BAWPAR__ligand553-0
137,BAWPAR__ligand8921-0
138,BAWPAR__ligand283-0
139,BAWPAR__ligand2285-0
140,BAWPAR__ligand1567-0
141,BAWPAR__ligand2907-0
142,BAWPAR__ligand142-0
143,BAWPAR__ligand206-0
144,BAWPAR__ligand10114-0
145,BAWPAR__ligand1703-0
146,BAWPAR__ligand2430-0
147,BAWPAR__ligand436-0
148,BAWPAR__ligand1152-0
149,BAWPAR__ligand166-0
150,BAWPAR__ligand838-0
151,BAWPAR__ligand1727-0
152,BAWPAR__ligand497-0
153,BAWPAR__ligand633-0
154,BAWPAR__ligand10479-0
155,BAWPAR__ligand918-0
156,BAWPAR__ligand532-0
157,BAWPAR__ligand1607-0
158,BAWPAR__ligand112-0
159,BAWPAR__ligand197-0
160,BAWPAR__ligand11-0
161,BAWPAR__ligand296-0
162,BAWPAR__ligand1307-0
163,BAWPAR__ligand2599-0
164,BAWPAR__ligand5089-0
165,BAWPAR__ligand783-0
166,BAWPAR__ligand352-0
167,BAWPAR__ligand3853-0
168,BAWPAR__ligand2853-0
169,BAWPAR__ligand6166-0
170,BAWPAR__ligand868-0
171,BAWPAR__ligand442-0
172,BAWPAR__ligand136-0
173,BAWPAR__ligand1246-0
174,BAWPAR__ligand1788-0
175,BAWPAR__ligand390-0
176,BAWPAR__ligand932-0
177,BAWPAR__ligand134-0
178,BAWPAR__ligand235-0
179,BAWPAR__ligand1178-0
180,BAWPAR__ligand3566-0
181,BAWPAR__ligand560-0
182,BAWPAR__ligand525-0
183,BAWPAR__ligand109-0
184,BAWPAR__ligand1321-0
185,BAWPAR__ligand294-0
186,BAWPAR__ligand4811-0
187,BAWPAR__ligand1449-1
188,BAWPAR__ligand993-0
189,BAWPAR__ligand3337-0
190,BAWPAR__ligand331-0
191,BAWPAR__ligand7514-0
192,BAWPAR__ligand421-0
193,BAWPAR__ligand798-0
194,BAWPAR__ligand9620-0
195,BAWPAR__ligand916-0
196,BAWPAR__ligand584-0
197,BAWPAR__ligand4894-0
198,BAWPAR__ligand1260-0
199,BAWPAR__ligand2376-0
200,BAWPAR__ligand370-0
201,BAWPAR__ligand2929-0
202,BAWPAR__ligand17-0
203,BAWPAR__ligand1-0
204,BAWPAR__ligand1221-0
205,BAWPAR__ligand1264-0
206,BAWPAR__ligand92-0
207,BAWPAR__ligand1299-0
208,BAWPAR__ligand250-0
209,BAWPAR__ligand6430-0
210,BAWPAR__ligand460-0
211,BAWPAR__ligand1379-0
212,BAWPAR__ligand5762-0
213,BAWPAR__ligand7414-0
214,BAWPAR__ligand1104-0
215,BAWPAR__ligand188-0
216,BAWPAR__ligand1019-0
217,BAWPAR__ligand369-0
218,BAWPAR__ligand444-0
219,BAWPAR__ligand2442-0
220,BAWPAR__ligand6571-0
221,BAWPAR__ligand311-0
222,BAWPAR__ligand1325-0
223,BAWPAR__ligand2482-0
224,BAWPAR__ligand1898-0
225,BAWPAR__ligand4504-0
226,BAWPAR__ligand3051-0
227,BAWPAR__ligand851-0
228,BAWPAR__ligand2480-0
229,BAWPAR__ligand2315-0
230,BAWPAR__ligand89-0
231,BAWPAR__ligand5334-0
232,BAWPAR__ligand909-0
233,BAWPAR__ligand934-0
234,BAWPAR__ligand177-0
235,BAWPAR__ligand49-0
236,BAWPAR__ligand1858-0
237,BAWPAR__ligand8032-0
238,BAWPAR__ligand252-0
239,BAWPAR__ligand3579-0
240,BAWPAR__ligand2916-0
241,BAWPAR__ligand955-0
242,BAWPAR__ligand2110-0
243,BAWPAR__ligand3-0
244,BAWPAR__ligand1712-0
245,BAWPAR__ligand830-0
246,BAWPAR__ligand2389-0
247,BAWPAR__ligand1919-0
248,BAWPAR__ligand193-0
249,BAWPAR__ligand7630-0
250,BAWPAR__ligand481-0
251,BAWPAR__ligand314-0
252,BAWPAR__ligand1285-0
253,BAWPAR__ligand73-0
254,BAWPAR__ligand1555-0
255,BAWPAR__ligand170-0
256,BAWPAR__ligand4423-0
257,BAWPAR__ligand1907-0
258,BAWPAR__ligand3890-0
259,BAWPAR__ligand391-0
260,BAWPAR__ligand210-0
261,BAWPAR__ligand2253-0
262,BAWPAR__ligand1160-0
263,BAWPAR__ligand4-0
264,BAWPAR__ligand2954-0
265,BAWPAR__ligand5093-0
266,BAWPAR__ligand2762-0
267,BAWPAR__ligand1038-0
268,BAWPAR__ligand7550-0
269,BAWPAR__ligand57-0
270,BAWPAR__ligand3070-0
271,BAWPAR__ligand3035-0
272,BAWPAR__ligand2718-0
273,BAWPAR__ligand1493-0
274,BAWPAR__ligand502-0
275,BAWPAR__ligand196-0
276,BAWPAR__ligand55-0
277,BAWPAR__ligand9176-0
278,BAWPAR__ligand113-0
279,BAWPAR__ligand6-0
280,BAWPAR__ligand3251-0
281,BAWPAR__ligand95-0
282,BAWPAR__ligand11730-0
283,BAWPAR__ligand4619-0
284,BAWPAR__ligand422-0
285,BAWPAR__ligand5235-0
286,BAWPAR__ligand6143-0
287,BAWPAR__ligand7456-0
288,BAWPAR__ligand236-0
289,BAWPAR__ligand1818-0
290,BAWPAR__ligand3478-0
291,BAWPAR__ligand353-0
292,BAWPAR__ligand3852-0
293,BAWPAR__ligand34-0
294,BAWPAR__ligand5758-0
295,BAWPAR__ligand447-0
296,BAWPAR__ligand1436-0
297,BAWPAR__ligand3618-0
298,BAWPAR__ligand2618-0
299,BAWPAR__ligand133-0
300,BAWPAR__ligand48-0
301,BAWPAR__ligand522-0
302,BAWPAR__ligand4370-0
303,BAWPAR__ligand666-0
304,BAWPAR__ligand487-0
305,BAWPAR__ligand51-0
306,BAWPAR__ligand1918-0
307,BAWPAR__ligand4175-0
308,BAWPAR__ligand682-0
309,BAWPAR__ligand2255-0
310,BAWPAR__ligand91-0
311,BAWPAR__ligand29-0
312,BAWPAR__ligand115-0
313,BAWPAR__ligand2915-0
314,BAWPAR__ligand4012-0
315,BAWPAR__ligand3196-0
316,BAWPAR__ligand291-0
317,BAWPAR__ligand32-0
318,BAWPAR__ligand1551-0
319,BAWPAR__ligand2526-0
320,BAWPAR__ligand784-0
321,BAWPAR__ligand355-0
322,BAWPAR__ligand485-0
323,BAWPAR__ligand2707-0
324,BAWPAR__ligand1690-0
