,TMC
0,FUGJEX__ligand1436-0
1,FUGJEX__ligand8-0
2,FUGJEX__ligand86-0
3,FUGJEX__ligand126-0
4,FUGJEX__ligand2618-0
5,FUGJEX__ligand3618-0
6,FUGJEX__ligand4370-0
7,FUGJEX__ligand1918-0
8,FUGJEX__ligand612-0
9,FUGJEX__ligand187-0
10,FUGJEX__ligand62-0
11,FUGJEX__ligand366-0
12,FUGJEX__ligand11730-0
13,FUGJEX__ligand861-0
14,FUGJEX__ligand4175-0
15,FUGJEX__ligand596-0
16,FUGJEX__ligand2255-0
17,FUGJEX__ligand18-0
18,FUGJEX__ligand100-0
19,FUGJEX__ligand244-0
20,FUGJEX__ligand201-0
21,FUGJEX__ligand2915-0
22,FUGJEX__ligand279-0
23,FUGJEX__ligand4012-0
24,FUGJEX__ligand3196-0
25,FUGJEX__ligand178-0
26,FUGJEX__ligand321-0
27,FUGJEX__ligand119-0
28,FUGJEX__ligand2526-0
29,FUGJEX__ligand1551-0
30,FUGJEX__ligand2707-0
31,FUGJEX__ligand1690-0
32,FUGJEX__ligand124-0
33,FUGJEX__ligand7630-0
34,FUGJEX__ligand40-0
35,FUGJEX__ligand1555-0
36,FUGJEX__ligand1285-0
37,FUGJEX__ligand1907-0
38,FUGJEX__ligand120-0
39,FUGJEX__ligand4423-0
40,FUGJEX__ligand38-0
41,FUGJEX__ligand3890-0
42,FUGJEX__ligand384-0
43,FUGJEX__ligand240-0
44,FUGJEX__ligand2954-0
45,FUGJEX__ligand5093-0
46,FUGJEX__ligand141-0
47,FUGJEX__ligand1160-0
48,FUGJEX__ligand2253-0
49,FUGJEX__ligand1038-0
50,FUGJEX__ligand2762-0
51,FUGJEX__ligand21-0
52,FUGJEX__ligand7550-0
53,FUGJEX__ligand1493-0
54,FUGJEX__ligand66-0
55,FUGJEX__ligand3070-0
56,FUGJEX__ligand3035-0
57,FUGJEX__ligand2718-0
58,FUGJEX__ligand9176-0
59,FUGJEX__ligand3251-0
60,FUGJEX__ligand6143-0
61,FUGJEX__ligand5235-0
62,FUGJEX__ligand4619-0
63,FUGJEX__ligand7456-0
64,FUGJEX__ligand757-0
65,FUGJEX__ligand1818-0
66,FUGJEX__ligand3852-0
67,FUGJEX__ligand797-0
68,FUGJEX__ligand3478-0
69,FUGJEX__ligand5758-0
70,FUGJEX__ligand2376-0
71,FUGJEX__ligand365-0
72,FUGJEX__ligand278-0
73,FUGJEX__ligand2929-0
74,FUGJEX__ligand1299-0
75,FUGJEX__ligand669-0
76,FUGJEX__ligand6430-0
77,FUGJEX__ligand1221-0
78,FUGJEX__ligand1264-0
79,FUGJEX__ligand430-0
80,FUGJEX__ligand358-0
81,FUGJEX__ligand1379-0
82,FUGJEX__ligand509-0
83,FUGJEX__ligand1104-0
84,FUGJEX__ligand7414-0
85,FUGJEX__ligand5762-0
86,FUGJEX__ligand1019-0
87,FUGJEX__ligand85-0
88,FUGJEX__ligand2442-0
89,FUGJEX__ligand78-0
90,FUGJEX__ligand45-0
91,FUGJEX__ligand2482-0
92,FUGJEX__ligand1325-0
93,FUGJEX__ligand6571-0
94,FUGJEX__ligand118-0
95,FUGJEX__ligand670-0
96,FUGJEX__ligand571-0
97,FUGJEX__ligand2315-0
98,FUGJEX__ligand1898-0
99,FUGJEX__ligand2480-0
100,FUGJEX__ligand4504-0
101,FUGJEX__ligand3051-0
102,FUGJEX__ligand5334-0
103,FUGJEX__ligand162-0
104,FUGJEX__ligand226-0
105,FUGJEX__ligand8032-0
106,FUGJEX__ligand383-0
107,FUGJEX__ligand1858-0
108,FUGJEX__ligand2916-0
109,FUGJEX__ligand2110-0
110,FUGJEX__ligand3579-0
111,FUGJEX__ligand1712-0
112,FUGJEX__ligand2389-0
113,FUGJEX__ligand1919-0
114,FUGJEX__ligand436-0
115,FUGJEX__ligand142-0
116,FUGJEX__ligand206-0
117,FUGJEX__ligand553-0
118,FUGJEX__ligand283-0
119,FUGJEX__ligand821-0
120,FUGJEX__ligand67-0
121,FUGJEX__ligand1307-0
122,FUGJEX__ligand326-0
123,FUGJEX__ligand633-0
124,FUGJEX__ligand918-0
125,FUGJEX__ligand532-0
126,FUGJEX__ligand5089-0
127,FUGJEX__ligand2599-0
128,FUGJEX__ligand2853-0
129,FUGJEX__ligand3853-0
130,FUGJEX__ligand497-0
131,FUGJEX__ligand838-0
132,FUGJEX__ligand6166-0
133,FUGJEX__ligand1246-0
134,FUGJEX__ligand166-0
135,FUGJEX__ligand1788-0
136,FUGJEX__ligand927-0
137,FUGJEX__ligand199-0
138,FUGJEX__ligand575-0
139,FUGJEX__ligand1178-0
140,FUGJEX__ligand3566-0
141,FUGJEX__ligand1321-0
142,FUGJEX__ligand4811-0
143,FUGJEX__ligand1449-1
144,FUGJEX__ligand409-0
145,FUGJEX__ligand361-0
146,FUGJEX__ligand324-0
147,FUGJEX__ligand7514-0
148,FUGJEX__ligand3337-0
149,FUGJEX__ligand9620-0
150,FUGJEX__ligand1260-0
151,FUGJEX__ligand4894-0
152,FUGJEX__ligand105-0
153,FUGJEX__ligand140-0
154,FUGJEX__ligand11-0
155,FUGJEX__ligand8774-0
156,FUGJEX__ligand3637-0
157,FUGJEX__ligand560-0
158,FUGJEX__ligand525-0
159,FUGJEX__ligand109-0
160,FUGJEX__ligand932-0
161,FUGJEX__ligand134-0
162,FUGJEX__ligand235-0
163,FUGJEX__ligand390-0
164,FUGJEX__ligand7464-0
165,FUGJEX__ligand916-0
166,FUGJEX__ligand584-0
167,FUGJEX__ligand421-0
168,FUGJEX__ligand798-0
169,FUGJEX__ligand3-0
170,FUGJEX__ligand331-0
171,FUGJEX__ligand6294-0
172,FUGJEX__ligand1054-0
173,FUGJEX__ligand294-0
174,FUGJEX__ligand1598-0
175,FUGJEX__ligand4303-0
176,FUGJEX__ligand993-0
177,FUGJEX__ligand1248-0
178,FUGJEX__ligand1056-0
179,FUGJEX__ligand2320-0
180,FUGJEX__ligand2862-0
181,FUGJEX__ligand1-0
182,FUGJEX__ligand8921-0
183,FUGJEX__ligand1567-0
184,FUGJEX__ligand197-0
185,FUGJEX__ligand2285-0
186,FUGJEX__ligand296-0
187,FUGJEX__ligand2510-0
188,FUGJEX__ligand112-0
189,FUGJEX__ligand2907-0
190,FUGJEX__ligand2430-0
191,FUGJEX__ligand1703-0
192,FUGJEX__ligand1152-0
193,FUGJEX__ligand136-0
194,FUGJEX__ligand1727-0
195,FUGJEX__ligand868-0
196,FUGJEX__ligand442-0
197,FUGJEX__ligand783-0
198,FUGJEX__ligand352-0
199,FUGJEX__ligand1607-0
200,FUGJEX__ligand9027-0
201,FUGJEX__ligand10479-0
202,FUGJEX__ligand92-0
203,FUGJEX__ligand2265-0
204,FUGJEX__ligand177-0
205,FUGJEX__ligand934-0
206,FUGJEX__ligand1113-0
207,FUGJEX__ligand6396-0
208,FUGJEX__ligand1502-0
209,FUGJEX__ligand909-0
210,FUGJEX__ligand851-0
211,FUGJEX__ligand1835-0
212,FUGJEX__ligand2345-0
213,FUGJEX__ligand2794-0
214,FUGJEX__ligand4983-0
215,FUGJEX__ligand17-0
216,FUGJEX__ligand10114-0
217,FUGJEX__ligand193-0
218,FUGJEX__ligand830-0
219,FUGJEX__ligand1052-0
220,FUGJEX__ligand1273-0
221,FUGJEX__ligand252-0
222,FUGJEX__ligand955-0
223,FUGJEX__ligand2772-0
224,FUGJEX__ligand6151-0
225,FUGJEX__ligand460-0
226,FUGJEX__ligand9495-0
227,FUGJEX__ligand49-0
228,FUGJEX__ligand6538-0
229,FUGJEX__ligand2142-0
230,FUGJEX__ligand250-0
231,FUGJEX__ligand10910-0
232,FUGJEX__ligand89-0
233,FUGJEX__ligand370-0
234,FUGJEX__ligand2864-0
235,FUGJEX__ligand1169-0
236,FUGJEX__ligand5022-0
237,FUGJEX__ligand311-0
238,FUGJEX__ligand14530-0
239,FUGJEX__ligand5941-0
240,FUGJEX__ligand2880-0
241,FUGJEX__ligand1799-0
242,FUGJEX__ligand369-0
243,FUGJEX__ligand3838-0
244,FUGJEX__ligand2838-0
245,FUGJEX__ligand444-0
246,FUGJEX__ligand188-0
247,FUGJEX__ligand5548-0
248,FUGJEX__ligand7915-0
249,FUGJEX__ligand422-0
250,FUGJEX__ligand6686-0
251,FUGJEX__ligand1747-0
252,FUGJEX__ligand113-0
253,FUGJEX__ligand3145-0
254,FUGJEX__ligand3178-0
255,FUGJEX__ligand502-0
256,FUGJEX__ligand196-0
257,FUGJEX__ligand6332-0
258,FUGJEX__ligand6502-0
259,FUGJEX__ligand2098-0
260,FUGJEX__ligand2863-0
261,FUGJEX__ligand73-0
262,FUGJEX__ligand1542-0
263,FUGJEX__ligand2634-0
264,FUGJEX__ligand353-0
265,FUGJEX__ligand3041-0
266,FUGJEX__ligand57-0
267,FUGJEX__ligand2751-0
268,FUGJEX__ligand236-0
269,FUGJEX__ligand95-0
270,FUGJEX__ligand391-0
271,FUGJEX__ligand1114-0
272,FUGJEX__ligand170-0
273,FUGJEX__ligand1538-0
274,FUGJEX__ligand1228-0
275,FUGJEX__ligand9244-0
276,FUGJEX__ligand481-0
277,FUGJEX__ligand314-0
278,FUGJEX__ligand55-0
279,FUGJEX__ligand1148-0
280,FUGJEX__ligand1479-0
281,FUGJEX__ligand34-0
282,FUGJEX__ligand210-0
283,FUGJEX__ligand3246-0
284,FUGJEX__ligand6-0
285,FUGJEX__ligand1438-0
286,FUGJEX__ligand3063-0
287,FUGJEX__ligand291-0
288,FUGJEX__ligand5801-0
289,FUGJEX__ligand115-0
290,FUGJEX__ligand1171-0
291,FUGJEX__ligand48-0
292,FUGJEX__ligand1685-0
293,FUGJEX__ligand1048-0
294,FUGJEX__ligand10357-0
295,FUGJEX__ligand91-0
296,FUGJEX__ligand2087-0
297,FUGJEX__ligand29-0
298,FUGJEX__ligand15630-0
299,FUGJEX__ligand3757-0
300,FUGJEX__ligand784-0
301,FUGJEX__ligand355-0
302,FUGJEX__ligand51-0
303,FUGJEX__ligand1459-0
304,FUGJEX__ligand485-0
305,FUGJEX__ligand1544-0
306,FUGJEX__ligand487-0
307,FUGJEX__ligand2768-0
308,FUGJEX__ligand1376-0
309,FUGJEX__ligand522-0
310,FUGJEX__ligand666-0
311,FUGJEX__ligand2688-0
312,FUGJEX__ligand2259-0
313,FUGJEX__ligand133-0
314,FUGJEX__ligand1951-0
315,FUGJEX__ligand1687-0
316,FUGJEX__ligand447-0
317,FUGJEX__ligand6277-0
318,FUGJEX__ligand682-0
319,FUGJEX__ligand2629-0
320,FUGJEX__ligand4381-0
321,FUGJEX__ligand1706-0
322,FUGJEX__ligand3734-0
323,FUGJEX__ligand32-0
324,FUGJEX__ligand4-0
