,TMC
0,OZAPUB__ligand1604-0
1,OZAPUB__ligand10151-0
2,OZAPUB__ligand1228-0
3,OZAPUB__ligand9943-0
4,OZAPUB__ligand48-0
5,OZAPUB__ligand2043-0
6,OZAPUB__ligand1832-0
7,OZAPUB__ligand8788-0
8,OZAPUB__ligand2417-0
9,OZAPUB__ligand22353-0
10,OZAPUB__ligand497-0
11,OZAPUB__ligand9284-0
12,OZAPUB__ligand633-0
13,OZAPUB__ligand6391-0
14,OZAPUB__ligand3126-0
15,OZAPUB__ligand19906-0
16,OZAPUB__ligand19668-0
17,OZAPUB__ligand1114-0
18,OZAPUB__ligand29441-0
19,OZAPUB__ligand51-0
20,OZAPUB__ligand10853-0
21,OZAPUB__ligand27610-0
22,OZAPUB__ligand10479-0
23,OZAPUB__ligand11479-0
24,OZAPUB__ligand326-0
25,OZAPUB__ligand14347-0
26,OZAPUB__ligand5387-0
27,OZAPUB__ligand13657-0
28,OZAPUB__ligand14302-0
29,OZAPUB__ligand2203-0
30,OZAPUB__ligand20530-0
31,OZAPUB__ligand1289-0
32,OZAPUB__ligand11698-0
33,OZAPUB__ligand24851-0
34,OZAPUB__ligand20121-0
35,OZAPUB__ligand15387-0
36,OZAPUB__ligand2612-0
37,OZAPUB__ligand692-0
38,OZAPUB__ligand20220-0
39,OZAPUB__ligand1599-0
40,OZAPUB__ligand91-0
41,OZAPUB__ligand16952-0
42,OZAPUB__ligand29813-0
43,OZAPUB__ligand436-0
44,OZAPUB__ligand9450-0
45,OZAPUB__ligand4807-0
46,OZAPUB__ligand15455-0
47,OZAPUB__ligand11177-0
48,OZAPUB__ligand3178-0
49,OZAPUB__ligand31205-0
50,OZAPUB__ligand9753-0
51,OZAPUB__ligand25658-0
52,OZAPUB__ligand1787-0
53,OZAPUB__ligand17686-0
54,OZAPUB__ligand1356-0
55,OZAPUB__ligand5530-0
56,OZAPUB__ligand5159-0
57,OZAPUB__ligand7196-0
58,OZAPUB__ligand409-0
59,OZAPUB__ligand16603-0
60,OZAPUB__ligand4649-0
61,OZAPUB__ligand5649-0
62,OZAPUB__ligand2788-0
63,OZAPUB__ligand361-0
64,OZAPUB__ligand8793-0
65,OZAPUB__ligand324-0
66,OZAPUB__ligand11814-0
67,OZAPUB__ligand16-0
68,OZAPUB__ligand2906-0
69,OZAPUB__ligand11622-0
70,OZAPUB__ligand16870-0
71,OZAPUB__ligand3244-0
72,OZAPUB__ligand4711-0
73,OZAPUB__ligand20821-0
74,OZAPUB__ligand7172-0
75,OZAPUB__ligand32-0
76,OZAPUB__ligand9323-0
77,OZAPUB__ligand26673-0
78,OZAPUB__ligand300-0
79,OZAPUB__ligand7273-0
80,OZAPUB__ligand2260-0
81,OZAPUB__ligand7092-0
82,OZAPUB__ligand1116-0
83,OZAPUB__ligand1153-0
84,OZAPUB__ligand3225-0
85,OZAPUB__ligand31000-0
86,OZAPUB__ligand588-0
87,OZAPUB__ligand11606-0
88,OZAPUB__ligand2124-0
89,OZAPUB__ligand8612-0
90,OZAPUB__ligand6017-0
91,OZAPUB__ligand10582-0
92,OZAPUB__ligand13260-0
93,OZAPUB__ligand5708-0
94,OZAPUB__ligand7316-0
95,OZAPUB__ligand199-0
96,OZAPUB__ligand11252-0
97,OZAPUB__ligand19824-0
98,OZAPUB__ligand18067-0
99,OZAPUB__ligand5180-0
100,OZAPUB__ligand3926-0
101,OZAPUB__ligand3120-0
102,OZAPUB__ligand4358-0
103,OZAPUB__ligand670-0
104,OZAPUB__ligand2221-0
105,OZAPUB__ligand30004-0
106,OZAPUB__ligand20557-0
107,OZAPUB__ligand534-0
108,OZAPUB__ligand571-0
109,OZAPUB__ligand5595-0
110,OZAPUB__ligand4101-0
111,OZAPUB__ligand1376-0
112,OZAPUB__ligand5510-0
113,OZAPUB__ligand24953-0
114,OZAPUB__ligand23445-0
115,OZAPUB__ligand9773-0
116,OZAPUB__ligand13755-0
117,OZAPUB__ligand16133-0
118,OZAPUB__ligand20432-0
119,OZAPUB__ligand27122-0
120,OZAPUB__ligand2259-0
121,OZAPUB__ligand1296-0
122,OZAPUB__ligand21940-0
123,OZAPUB__ligand8592-0
124,OZAPUB__ligand5099-0
125,OZAPUB__ligand1197-0
126,OZAPUB__ligand25048-0
127,OZAPUB__ligand430-0
128,OZAPUB__ligand358-0
129,OZAPUB__ligand21752-0
130,OZAPUB__ligand3867-0
131,OZAPUB__ligand1317-0
132,OZAPUB__ligand1-0
133,OZAPUB__ligand7293-0
134,OZAPUB__ligand2822-0
135,OZAPUB__ligand488-0
136,OZAPUB__ligand30788-0
137,OZAPUB__ligand13691-0
138,OZAPUB__ligand5304-0
139,OZAPUB__ligand9167-0
140,OZAPUB__ligand2238-0
141,OZAPUB__ligand14339-0
142,OZAPUB__ligand694-0
143,OZAPUB__ligand5080-0
144,OZAPUB__ligand7762-0
145,OZAPUB__ligand57-0
146,OZAPUB__ligand6117-0
147,OZAPUB__ligand1407-0
148,OZAPUB__ligand18413-0
149,OZAPUB__ligand20844-0
150,OZAPUB__ligand24624-0
151,OZAPUB__ligand8002-0
152,OZAPUB__ligand5509-0
153,OZAPUB__ligand18757-0
154,OZAPUB__ligand24560-0
155,OZAPUB__ligand14007-0
156,OZAPUB__ligand3945-0
157,OZAPUB__ligand18019-1
158,OZAPUB__ligand656-0
159,OZAPUB__ligand2693-0
160,OZAPUB__ligand5383-0
161,OZAPUB__ligand9344-0
162,OZAPUB__ligand27550-0
163,OZAPUB__ligand8000-0
164,OZAPUB__ligand55-0
165,OZAPUB__ligand3736-0
166,OZAPUB__ligand3-0
167,OZAPUB__ligand7291-0
168,OZAPUB__ligand68-0
169,OZAPUB__ligand20942-1
170,OZAPUB__ligand21339-0
171,OZAPUB__ligand14226-0
172,OZAPUB__ligand16956-0
173,OZAPUB__ligand3677-1
174,OZAPUB__ligand9883-0
175,OZAPUB__ligand696-0
176,OZAPUB__ligand27771-0
177,OZAPUB__ligand18158-0
178,OZAPUB__ligand4007-0
179,OZAPUB__ligand2985-0
180,OZAPUB__ligand23682-0
181,OZAPUB__ligand9299-0
182,OZAPUB__ligand29565-0
183,OZAPUB__ligand11798-0
184,OZAPUB__ligand416-0
185,OZAPUB__ligand6699-0
186,OZAPUB__ligand383-0
187,OZAPUB__ligand20731-0
188,OZAPUB__ligand12413-0
189,OZAPUB__ligand29334-0
190,OZAPUB__ligand3677-0
191,OZAPUB__ligand17445-0
192,OZAPUB__ligand3632-0
193,OZAPUB__ligand162-0
194,OZAPUB__ligand1294-0
195,OZAPUB__ligand14477-0
196,OZAPUB__ligand226-0
197,OZAPUB__ligand17069-0
198,OZAPUB__ligand1168-0
199,OZAPUB__ligand11501-0
200,OZAPUB__ligand11544-0
201,OZAPUB__ligand6892-0
202,OZAPUB__ligand29214-0
203,OZAPUB__ligand1211-0
204,OZAPUB__ligand3712-0
205,OZAPUB__ligand1464-0
206,OZAPUB__ligand34-0
207,OZAPUB__ligand22357-0
208,OZAPUB__ligand11758-0
209,OZAPUB__ligand2881-0
210,OZAPUB__ligand21448-0
211,OZAPUB__ligand1499-0
212,OZAPUB__ligand21919-0
213,OZAPUB__ligand5085-0
214,OZAPUB__ligand3144-0
215,OZAPUB__ligand22294-0
216,OZAPUB__ligand5755-0
217,OZAPUB__ligand4710-0
218,OZAPUB__ligand22168-0
219,OZAPUB__ligand28930-0
220,OZAPUB__ligand7213-0
221,OZAPUB__ligand11357-0
222,OZAPUB__ligand13862-0
223,OZAPUB__ligand28743-0
224,OZAPUB__ligand1397-0
225,OZAPUB__ligand15531-0
226,OZAPUB__ligand1828-0
227,OZAPUB__ligand12365-0
228,OZAPUB__ligand6112-0
229,OZAPUB__ligand17-0
230,OZAPUB__ligand10056-0
231,OZAPUB__ligand8042-0
232,OZAPUB__ligand19792-0
233,OZAPUB__ligand10828-0
234,OZAPUB__ligand15926-0
235,OZAPUB__ligand1786-0
236,OZAPUB__ligand4-0
237,OZAPUB__ligand24230-0
238,OZAPUB__ligand28810-0
239,OZAPUB__ligand11447-0
240,OZAPUB__ligand5630-0
241,OZAPUB__ligand11096-0
242,OZAPUB__ligand15883-0
243,OZAPUB__ligand240-0
244,OZAPUB__ligand1908-0
245,OZAPUB__ligand4795-0
246,OZAPUB__ligand3285-0
247,OZAPUB__ligand11970-0
248,OZAPUB__ligand141-0
249,OZAPUB__ligand1831-0
250,OZAPUB__ligand5280-0
251,OZAPUB__ligand5614-0
252,OZAPUB__ligand6663-0
253,OZAPUB__ligand5515-0
254,OZAPUB__ligand16988-0
255,OZAPUB__ligand384-0
256,OZAPUB__ligand25913-0
257,OZAPUB__ligand30711-0
258,OZAPUB__ligand20207-0
259,OZAPUB__ligand11682-0
260,OZAPUB__ligand11994-0
261,OZAPUB__ligand1152-0
262,OZAPUB__ligand3261-0
263,OZAPUB__ligand31044-0
264,OZAPUB__ligand5019-0
265,OZAPUB__ligand31842-0
266,OZAPUB__ligand1216-0
267,OZAPUB__ligand24035-0
268,OZAPUB__ligand768-0
269,OZAPUB__ligand14614-0
270,OZAPUB__ligand1849-0
271,OZAPUB__ligand16663-0
272,OZAPUB__ligand1539-0
273,OZAPUB__ligand18568-0
274,OZAPUB__ligand28685-0
275,OZAPUB__ligand13672-0
276,OZAPUB__ligand1150-0
277,OZAPUB__ligand3453-0
278,OZAPUB__ligand3416-0
279,OZAPUB__ligand10371-0
280,OZAPUB__ligand89-0
281,OZAPUB__ligand4207-0
282,OZAPUB__ligand757-0
283,OZAPUB__ligand49-0
284,OZAPUB__ligand28459-0
285,OZAPUB__ligand12453-0
286,OZAPUB__ligand3042-0
287,OZAPUB__ligand18448-0
288,OZAPUB__ligand4063-0
289,OZAPUB__ligand7438-0
290,OZAPUB__ligand8200-0
291,OZAPUB__ligand122-0
292,OZAPUB__ligand19184-0
293,OZAPUB__ligand27669-0
294,OZAPUB__ligand6993-0
295,OZAPUB__ligand1817-0
296,OZAPUB__ligand1779-0
297,OZAPUB__ligand30142-0
298,OZAPUB__ligand13477-0
299,OZAPUB__ligand14167-0
300,OZAPUB__ligand9750-0
301,OZAPUB__ligand7075-0
302,OZAPUB__ligand693-0
303,OZAPUB__ligand1149-0
304,OZAPUB__ligand3980-0
305,OZAPUB__ligand3557-0
306,OZAPUB__ligand1288-0
307,OZAPUB__ligand23197-0
308,OZAPUB__ligand9491-0
309,OZAPUB__ligand4266-0
310,OZAPUB__ligand1400-0
311,OZAPUB__ligand27285-0
312,OZAPUB__ligand29029-0
313,OZAPUB__ligand4167-0
314,OZAPUB__ligand11618-0
315,OZAPUB__ligand596-0
316,OZAPUB__ligand941-0
317,OZAPUB__ligand2027-0
318,OZAPUB__ligand26529-0
319,OZAPUB__ligand777-0
320,OZAPUB__ligand69-0
321,OZAPUB__ligand1015-0
322,OZAPUB__ligand1050-0
323,OZAPUB__ligand1028-0
324,OZAPUB__ligand366-0
325,OZAPUB__ligand21729-0
326,OZAPUB__ligand4262-0
327,OZAPUB__ligand11-0
328,OZAPUB__ligand27239-0
329,OZAPUB__ligand14043-0
330,OZAPUB__ligand28559-0
331,OZAPUB__ligand657-0
332,OZAPUB__ligand26324-0
333,OZAPUB__ligand2692-0
334,OZAPUB__ligand1618-0
335,OZAPUB__ligand187-0
336,OZAPUB__ligand19927-0
337,OZAPUB__ligand21399-0
338,OZAPUB__ligand10872-0
339,OZAPUB__ligand845-0
340,OZAPUB__ligand4596-0
341,OZAPUB__ligand12003-0
342,OZAPUB__ligand1498-0
343,OZAPUB__ligand16148-0
344,OZAPUB__ligand26631-0
345,OZAPUB__ligand1154-0
346,OZAPUB__ligand9615-0
347,OZAPUB__ligand29215-0
348,OZAPUB__ligand28540-0
349,OZAPUB__ligand11111-0
350,OZAPUB__ligand163-0
351,OZAPUB__ligand16369-0
352,OZAPUB__ligand126-0
353,OZAPUB__ligand8529-0
354,OZAPUB__ligand27754-0
355,OZAPUB__ligand20695-0
356,OZAPUB__ligand1169-0
357,OZAPUB__ligand22403-0
358,OZAPUB__ligand23175-0
359,OZAPUB__ligand15788-0
360,OZAPUB__ligand17396-0
361,OZAPUB__ligand8593-0
362,OZAPUB__ligand9944-0
363,OZAPUB__ligand11587-0
364,OZAPUB__ligand13220-0
365,OZAPUB__ligand2001-0
366,OZAPUB__ligand24111-0
367,OZAPUB__ligand22444-0
368,OZAPUB__ligand13385-0
369,OZAPUB__ligand338-0
370,OZAPUB__ligand7566-0
371,OZAPUB__ligand14569-0
372,OZAPUB__ligand12001-0
373,OZAPUB__ligand24644-0
374,OZAPUB__ligand5201-0
375,OZAPUB__ligand10033-0
376,OZAPUB__ligand24872-0
377,OZAPUB__ligand30728-0
378,OZAPUB__ligand1113-0
379,OZAPUB__ligand27840-0
380,OZAPUB__ligand8553-0
381,OZAPUB__ligand3471-0
382,OZAPUB__ligand4161-0
383,OZAPUB__ligand4124-0
384,OZAPUB__ligand25561-0
385,OZAPUB__ligand321-0
386,OZAPUB__ligand12138-0
387,OZAPUB__ligand185-0
388,OZAPUB__ligand24780-0
389,OZAPUB__ligand279-0
390,OZAPUB__ligand22129-0
391,OZAPUB__ligand11949-0
392,OZAPUB__ligand5415-0
393,OZAPUB__ligand178-0
394,OZAPUB__ligand17427-0
395,OZAPUB__ligand4340-0
396,OZAPUB__ligand2650-0
397,OZAPUB__ligand2281-0
398,OZAPUB__ligand3180-0
399,OZAPUB__ligand201-0
400,OZAPUB__ligand6995-0
401,OZAPUB__ligand29486-0
402,OZAPUB__ligand31694-0
403,OZAPUB__ligand2823-0
404,OZAPUB__ligand13208-0
405,OZAPUB__ligand1900-0
406,OZAPUB__ligand26810-0
407,OZAPUB__ligand9197-0
408,OZAPUB__ligand27482-0
409,OZAPUB__ligand784-0
410,OZAPUB__ligand2328-0
411,OZAPUB__ligand1773-0
412,OZAPUB__ligand4581-0
413,OZAPUB__ligand3029-0
414,OZAPUB__ligand67-0
415,OZAPUB__ligand7162-0
416,OZAPUB__ligand9809-0
417,OZAPUB__ligand6672-0
418,OZAPUB__ligand1327-0
419,OZAPUB__ligand8722-0
420,OZAPUB__ligand395-0
421,OZAPUB__ligand7573-0
422,OZAPUB__ligand368-0
423,OZAPUB__ligand2781-0
424,OZAPUB__ligand13390-0
425,OZAPUB__ligand3350-0
426,OZAPUB__ligand3208-0
427,OZAPUB__ligand20682-0
428,OZAPUB__ligand2208-0
429,OZAPUB__ligand11456-0
430,OZAPUB__ligand7557-0
431,OZAPUB__ligand1496-0
432,OZAPUB__ligand14174-0
433,OZAPUB__ligand10712-0
434,OZAPUB__ligand1533-0
435,OZAPUB__ligand115-0
436,OZAPUB__ligand25411-0
437,OZAPUB__ligand31832-0
438,OZAPUB__ligand13294-0
439,OZAPUB__ligand5094-0
440,OZAPUB__ligand5892-0
441,OZAPUB__ligand28884-0
442,OZAPUB__ligand43-0
443,OZAPUB__ligand13331-0
444,OZAPUB__ligand833-0
445,OZAPUB__ligand4131-0
446,OZAPUB__ligand12030-0
447,OZAPUB__ligand1712-0
448,OZAPUB__ligand14248-0
449,OZAPUB__ligand29879-0
450,OZAPUB__ligand3157-0
451,OZAPUB__ligand20598-0
452,OZAPUB__ligand11675-0
453,OZAPUB__ligand24047-0
454,OZAPUB__ligand10589-0
455,OZAPUB__ligand22557-0
456,OZAPUB__ligand1165-0
457,OZAPUB__ligand506-0
458,OZAPUB__ligand17398-0
459,OZAPUB__ligand9525-0
460,OZAPUB__ligand5935-0
461,OZAPUB__ligand1379-0
462,OZAPUB__ligand20011-0
463,OZAPUB__ligand17278-0
464,OZAPUB__ligand17982-0
465,OZAPUB__ligand2722-0
466,OZAPUB__ligand29414-0
467,OZAPUB__ligand3871-0
468,OZAPUB__ligand20251-1
469,OZAPUB__ligand1469-0
470,OZAPUB__ligand1768-0
471,OZAPUB__ligand5056-0
472,OZAPUB__ligand4850-0
473,OZAPUB__ligand1688-0
474,OZAPUB__ligand152-0
475,OZAPUB__ligand5357-0
476,OZAPUB__ligand14703-0
477,OZAPUB__ligand16475-0
478,OZAPUB__ligand3647-0
479,OZAPUB__ligand1709-0
480,OZAPUB__ligand447-0
481,OZAPUB__ligand8464-0
482,OZAPUB__ligand8349-0
483,OZAPUB__ligand746-0
484,OZAPUB__ligand14117-0
485,OZAPUB__ligand17261-0
486,OZAPUB__ligand176-0
487,OZAPUB__ligand21581-0
488,OZAPUB__ligand31097-0
489,OZAPUB__ligand2527-0
490,OZAPUB__ligand20539-0
491,OZAPUB__ligand30702-0
492,OZAPUB__ligand20214-0
493,OZAPUB__ligand20251-0
494,OZAPUB__ligand14889-0
495,OZAPUB__ligand5849-0
496,OZAPUB__ligand30851-0
497,OZAPUB__ligand29568-0
498,OZAPUB__ligand3392-0
499,OZAPUB__ligand487-0
500,OZAPUB__ligand28789-0
501,OZAPUB__ligand1771-0
502,OZAPUB__ligand20419-0
503,OZAPUB__ligand4911-0
504,OZAPUB__ligand21371-0
505,OZAPUB__ligand17118-0
506,OZAPUB__ligand20578-0
507,OZAPUB__ligand12934-0
508,OZAPUB__ligand15422-0
509,OZAPUB__ligand9681-0
510,OZAPUB__ligand19641-0
511,OZAPUB__ligand14723-0
512,OZAPUB__ligand4332-0
513,OZAPUB__ligand27893-0
514,OZAPUB__ligand19-0
515,OZAPUB__ligand1449-0
516,OZAPUB__ligand393-0
517,OZAPUB__ligand30988-0
518,OZAPUB__ligand3012-0
519,OZAPUB__ligand27175-0
520,OZAPUB__ligand18832-0
521,OZAPUB__ligand23713-0
522,OZAPUB__ligand7530-0
523,OZAPUB__ligand1065-0
524,OZAPUB__ligand17631-0
525,OZAPUB__ligand13012-0
526,OZAPUB__ligand2403-0
527,OZAPUB__ligand26665-0
528,OZAPUB__ligand353-0
529,OZAPUB__ligand24-0
530,OZAPUB__ligand14603-0
531,OZAPUB__ligand14297-0
532,OZAPUB__ligand17258-0
533,OZAPUB__ligand31783-0
534,OZAPUB__ligand3934-0
535,OZAPUB__ligand6882-0
536,OZAPUB__ligand6455-0
537,OZAPUB__ligand26540-0
538,OZAPUB__ligand12337-0
539,OZAPUB__ligand45-0
540,OZAPUB__ligand6946-0
541,OZAPUB__ligand1415-0
542,OZAPUB__ligand29410-0
543,OZAPUB__ligand7529-0
544,OZAPUB__ligand30296-0
545,OZAPUB__ligand17281-0
546,OZAPUB__ligand12606-0
547,OZAPUB__ligand196-0
548,OZAPUB__ligand9148-0
549,OZAPUB__ligand30333-0
550,OZAPUB__ligand27460-0
551,OZAPUB__ligand5316-0
552,OZAPUB__ligand686-0
553,OZAPUB__ligand5483-0
554,OZAPUB__ligand5627-0
555,OZAPUB__ligand1729-0
556,OZAPUB__ligand16628-0
557,OZAPUB__ligand422-0
558,OZAPUB__ligand2830-0
559,OZAPUB__ligand12427-0
560,OZAPUB__ligand28468-0
561,OZAPUB__ligand20740-0
562,OZAPUB__ligand78-0
563,OZAPUB__ligand5813-0
564,OZAPUB__ligand4813-0
565,OZAPUB__ligand28676-0
566,OZAPUB__ligand10262-0
567,OZAPUB__ligand4738-0
568,OZAPUB__ligand27763-0
569,OZAPUB__ligand6062-0
570,OZAPUB__ligand29302-0
571,OZAPUB__ligand13425-0
572,OZAPUB__ligand6283-0
573,OZAPUB__ligand18814-0
574,OZAPUB__ligand465-0
575,OZAPUB__ligand19057-0
576,OZAPUB__ligand7107-0
577,OZAPUB__ligand14108-0
578,OZAPUB__ligand10958-0
579,OZAPUB__ligand314-1
580,OZAPUB__ligand12641-0
581,OZAPUB__ligand3215-0
582,OZAPUB__ligand813-0
583,OZAPUB__ligand2068-0
584,OZAPUB__ligand8-0
585,OZAPUB__ligand25178-0
586,OZAPUB__ligand7925-0
587,OZAPUB__ligand780-0
588,OZAPUB__ligand24185-0
589,OZAPUB__ligand314-0
590,OZAPUB__ligand23769-0
591,OZAPUB__ligand1147-0
592,OZAPUB__ligand17805-0
593,OZAPUB__ligand17302-0
594,OZAPUB__ligand3973-0
595,OZAPUB__ligand2599-0
596,OZAPUB__ligand618-0
597,OZAPUB__ligand12231-0
598,OZAPUB__ligand4330-0
599,OZAPUB__ligand18292-0
600,OZAPUB__ligand12289-0
601,OZAPUB__ligand26702-0
602,OZAPUB__ligand13658-0
603,OZAPUB__ligand17387-0
604,OZAPUB__ligand12130-0
605,OZAPUB__ligand7532-0
606,OZAPUB__ligand10476-0
607,OZAPUB__ligand13068-0
608,OZAPUB__ligand19830-0
609,OZAPUB__ligand12401-0
610,OZAPUB__ligand4194-0
611,OZAPUB__ligand15585-0
612,OZAPUB__ligand391-0
613,OZAPUB__ligand24145-0
614,OZAPUB__ligand252-0
615,OZAPUB__ligand23904-0
616,OZAPUB__ligand1631-0
617,OZAPUB__ligand9933-0
618,OZAPUB__ligand21936-0
619,OZAPUB__ligand116-0
620,OZAPUB__ligand13257-0
621,OZAPUB__ligand1575-0
622,OZAPUB__ligand1530-0
623,OZAPUB__ligand12467-0
624,OZAPUB__ligand38-0
625,OZAPUB__ligand2332-0
626,OZAPUB__ligand10084-0
627,OZAPUB__ligand9441-0
628,OZAPUB__ligand25267-0
629,OZAPUB__ligand372-0
630,OZAPUB__ligand18391-0
631,OZAPUB__ligand27169-0
632,OZAPUB__ligand6244-0
633,OZAPUB__ligand14523-0
634,OZAPUB__ligand830-0
635,OZAPUB__ligand1378-0
636,OZAPUB__ligand20599-0
637,OZAPUB__ligand3156-0
638,OZAPUB__ligand2915-0
639,OZAPUB__ligand22981-0
640,OZAPUB__ligand25805-0
641,OZAPUB__ligand193-0
642,OZAPUB__ligand27074-0
643,OZAPUB__ligand6124-0
644,OZAPUB__ligand18799-0
645,OZAPUB__ligand3707-0
646,OZAPUB__ligand7967-0
647,OZAPUB__ligand18465-0
648,OZAPUB__ligand4116-0
649,OZAPUB__ligand1018-0
650,OZAPUB__ligand8992-0
651,OZAPUB__ligand28668-0
652,OZAPUB__ligand9601-0
653,OZAPUB__ligand16791-0
654,OZAPUB__ligand909-0
655,OZAPUB__ligand11140-0
656,OZAPUB__ligand9111-0
657,OZAPUB__ligand9952-0
658,OZAPUB__ligand177-0
659,OZAPUB__ligand5036-0
660,OZAPUB__ligand29610-0
661,OZAPUB__ligand2526-0
662,OZAPUB__ligand1615-0
663,OZAPUB__ligand18074-0
664,OZAPUB__ligand13869-0
665,OZAPUB__ligand5643-0
666,OZAPUB__ligand29863-0
667,OZAPUB__ligand1823-0
668,OZAPUB__ligand8721-0
669,OZAPUB__ligand1324-0
670,OZAPUB__ligand23124-0
671,OZAPUB__ligand11206-0
672,OZAPUB__ligand188-0
673,OZAPUB__ligand25735-0
674,OZAPUB__ligand12519-0
675,OZAPUB__ligand4641-0
676,OZAPUB__ligand311-0
677,OZAPUB__ligand785-0
678,OZAPUB__ligand479-0
679,OZAPUB__ligand8835-0
680,OZAPUB__ligand2028-0
681,OZAPUB__ligand25650-0
682,OZAPUB__ligand66-0
683,OZAPUB__ligand7126-0
684,OZAPUB__ligand31248-0
685,OZAPUB__ligand370-1
686,OZAPUB__ligand13209-0
687,OZAPUB__ligand620-0
688,OZAPUB__ligand19257-0
689,OZAPUB__ligand3234-0
690,OZAPUB__ligand1142-0
691,OZAPUB__ligand12660-0
692,OZAPUB__ligand564-0
693,OZAPUB__ligand6102-0
694,OZAPUB__ligand6596-0
695,OZAPUB__ligand6904-0
696,OZAPUB__ligand42-0
697,OZAPUB__ligand3721-0
698,OZAPUB__ligand3465-0
699,OZAPUB__ligand25689-0
700,OZAPUB__ligand21787-0
701,OZAPUB__ligand370-0
702,OZAPUB__ligand25575-0
703,OZAPUB__ligand27835-0
704,OZAPUB__ligand12295-0
705,OZAPUB__ligand7819-0
706,OZAPUB__ligand2917-0
707,OZAPUB__ligand11166-0
708,OZAPUB__ligand2295-0
709,OZAPUB__ligand6067-0
710,OZAPUB__ligand1577-0
711,OZAPUB__ligand21132-0
712,OZAPUB__ligand250-0
713,OZAPUB__ligand23906-0
714,OZAPUB__ligand4620-0
715,OZAPUB__ligand30539-0
716,OZAPUB__ligand294-0
717,OZAPUB__ligand9908-0
718,OZAPUB__ligand1263-0
719,OZAPUB__ligand15438-0
720,OZAPUB__ligand28924-0
721,OZAPUB__ligand7242-0
722,OZAPUB__ligand18703-0
723,OZAPUB__ligand7106-0
724,OZAPUB__ligand29087-0
725,OZAPUB__ligand3718-0
726,OZAPUB__ligand31578-0
727,OZAPUB__ligand17207-0
728,OZAPUB__ligand6616-0
729,OZAPUB__ligand3035-0
730,OZAPUB__ligand1343-0
731,OZAPUB__ligand3876-0
732,OZAPUB__ligand25224-0
733,OZAPUB__ligand18013-0
734,OZAPUB__ligand421-0
735,OZAPUB__ligand4661-0
736,OZAPUB__ligand1844-0
737,OZAPUB__ligand17945-0
738,OZAPUB__ligand3504-0
739,OZAPUB__ligand1959-0
740,OZAPUB__ligand685-0
741,OZAPUB__ligand1573-0
742,OZAPUB__ligand1536-0
743,OZAPUB__ligand9935-0
744,OZAPUB__ligand24750-0
745,OZAPUB__ligand11432-0
746,OZAPUB__ligand31618-0
747,OZAPUB__ligand10432-0
748,OZAPUB__ligand22755-0
749,OZAPUB__ligand2485-0
750,OZAPUB__ligand3852-0
751,OZAPUB__ligand6919-0
752,OZAPUB__ligand29898-0
753,OZAPUB__ligand26277-0
754,OZAPUB__ligand134-0
755,OZAPUB__ligand5331-0
756,OZAPUB__ligand1512-0
757,OZAPUB__ligand235-0
758,OZAPUB__ligand3565-0
759,OZAPUB__ligand4720-0
760,OZAPUB__ligand23589-0
761,OZAPUB__ligand560-0
762,OZAPUB__ligand3131-0
763,OZAPUB__ligand3937-0
764,OZAPUB__ligand1202-0
765,OZAPUB__ligand3174-0
766,OZAPUB__ligand8969-0
767,OZAPUB__ligand24064-0
768,OZAPUB__ligand6839-0
769,OZAPUB__ligand15168-0
770,OZAPUB__ligand5211-0
771,OZAPUB__ligand4155-0
772,OZAPUB__ligand3094-0
773,OZAPUB__ligand9291-0
774,OZAPUB__ligand2176-0
775,OZAPUB__ligand31483-0
776,OZAPUB__ligand10555-0
777,OZAPUB__ligand2232-0
778,OZAPUB__ligand4157-0
779,OZAPUB__ligand19725-0
780,OZAPUB__ligand783-0
781,OZAPUB__ligand352-0
782,OZAPUB__ligand5256-0
783,OZAPUB__ligand7648-0
784,OZAPUB__ligand8876-0
785,OZAPUB__ligand24613-0
786,OZAPUB__ligand2828-0
787,OZAPUB__ligand9833-0
788,OZAPUB__ligand18-0
789,OZAPUB__ligand14586-0
790,OZAPUB__ligand11774-0
791,OZAPUB__ligand868-0
792,OZAPUB__ligand4546-0
793,OZAPUB__ligand4503-0
794,OZAPUB__ligand21421-0
795,OZAPUB__ligand1285-0
796,OZAPUB__ligand20579-0
797,OZAPUB__ligand17710-0
798,OZAPUB__ligand11568-0
799,OZAPUB__ligand7000-0
800,OZAPUB__ligand1982-0
801,OZAPUB__ligand6768-0
802,OZAPUB__ligand8115-0
803,OZAPUB__ligand17590-0
804,OZAPUB__ligand7238-0
805,OZAPUB__ligand7280-0
806,OZAPUB__ligand1304-0
807,OZAPUB__ligand17240-0
808,OZAPUB__ligand1790-0
809,OZAPUB__ligand6709-0
810,OZAPUB__ligand1219-0
811,OZAPUB__ligand7867-0
812,OZAPUB__ligand18699-0
813,OZAPUB__ligand12682-0
814,OZAPUB__ligand4016-0
815,OZAPUB__ligand1160-0
816,OZAPUB__ligand8699-0
817,OZAPUB__ligand197-0
818,OZAPUB__ligand9520-0
819,OZAPUB__ligand3954-0
820,OZAPUB__ligand4093-0
821,OZAPUB__ligand4442-0
822,OZAPUB__ligand7629-0
823,OZAPUB__ligand4272-0
824,OZAPUB__ligand12336-0
825,OZAPUB__ligand1451-0
826,OZAPUB__ligand9784-0
827,OZAPUB__ligand13072-0
