,TMC
0,ROHJUW__ligand358-0
1,ROHJUW__ligand2707-0
2,ROHJUW__ligand430-0
3,ROHJUW__ligand1690-0
4,ROHJUW__ligand669-0
5,ROHJUW__ligand2526-0
6,ROHJUW__ligand278-0
7,ROHJUW__ligand1551-0
8,ROHJUW__ligand365-0
9,ROHJUW__ligand571-0
10,ROHJUW__ligand670-0
11,ROHJUW__ligand3196-0
12,ROHJUW__ligand4012-0
13,ROHJUW__ligand118-0
14,ROHJUW__ligand509-0
15,ROHJUW__ligand2915-0
16,ROHJUW__ligand4175-0
17,ROHJUW__ligand11-0
18,ROHJUW__ligand383-0
19,ROHJUW__ligand226-0
20,ROHJUW__ligand162-0
21,ROHJUW__ligand2255-0
22,ROHJUW__ligand1918-0
23,ROHJUW__ligand4370-0
24,ROHJUW__ligand1436-0
25,ROHJUW__ligand2618-0
26,ROHJUW__ligand3618-0
27,ROHJUW__ligand326-0
28,ROHJUW__ligand3852-0
29,ROHJUW__ligand3478-0
30,ROHJUW__ligand49-0
31,ROHJUW__ligand821-0
32,ROHJUW__ligand283-0
33,ROHJUW__ligand5758-0
34,ROHJUW__ligand553-0
35,ROHJUW__ligand206-0
36,ROHJUW__ligand142-0
37,ROHJUW__ligand7456-0
38,ROHJUW__ligand1818-0
39,ROHJUW__ligand436-0
40,ROHJUW__ligand89-0
41,ROHJUW__ligand3251-0
42,ROHJUW__ligand166-0
43,ROHJUW__ligand6143-0
44,ROHJUW__ligand5235-0
45,ROHJUW__ligand838-0
46,ROHJUW__ligand4619-0
47,ROHJUW__ligand497-0
48,ROHJUW__ligand1493-0
49,ROHJUW__ligand3035-0
50,ROHJUW__ligand3070-0
51,ROHJUW__ligand2718-0
52,ROHJUW__ligand9176-0
53,ROHJUW__ligand532-0
54,ROHJUW__ligand918-0
55,ROHJUW__ligand633-0
56,ROHJUW__ligand92-0
57,ROHJUW__ligand7550-0
58,ROHJUW__ligand575-0
59,ROHJUW__ligand199-0
60,ROHJUW__ligand5093-0
61,ROHJUW__ligand2954-0
62,ROHJUW__ligand1160-0
63,ROHJUW__ligand927-0
64,ROHJUW__ligand2253-0
65,ROHJUW__ligand17-0
66,ROHJUW__ligand1038-0
67,ROHJUW__ligand2762-0
68,ROHJUW__ligand1907-0
69,ROHJUW__ligand140-0
70,ROHJUW__ligand105-0
71,ROHJUW__ligand4423-0
72,ROHJUW__ligand3890-0
73,ROHJUW__ligand324-0
74,ROHJUW__ligand7630-0
75,ROHJUW__ligand361-0
76,ROHJUW__ligand11730-0
77,ROHJUW__ligand409-0
78,ROHJUW__ligand1555-0
79,ROHJUW__ligand1285-0
80,ROHJUW__ligand95-0
81,ROHJUW__ligand2389-0
82,ROHJUW__ligand1919-0
83,ROHJUW__ligand2110-0
84,ROHJUW__ligand2916-0
85,ROHJUW__ligand126-0
86,ROHJUW__ligand3579-0
87,ROHJUW__ligand1712-0
88,ROHJUW__ligand55-0
89,ROHJUW__ligand596-0
90,ROHJUW__ligand8032-0
91,ROHJUW__ligand34-0
92,ROHJUW__ligand1858-0
93,ROHJUW__ligand861-0
94,ROHJUW__ligand2315-0
95,ROHJUW__ligand1898-0
96,ROHJUW__ligand366-0
97,ROHJUW__ligand2480-0
98,ROHJUW__ligand8-0
99,ROHJUW__ligand3051-0
100,ROHJUW__ligand4504-0
101,ROHJUW__ligand5334-0
102,ROHJUW__ligand187-0
103,ROHJUW__ligand612-0
104,ROHJUW__ligand2482-0
105,ROHJUW__ligand321-0
106,ROHJUW__ligand1325-0
107,ROHJUW__ligand6571-0
108,ROHJUW__ligand178-0
109,ROHJUW__ligand279-0
110,ROHJUW__ligand201-0
111,ROHJUW__ligand244-0
112,ROHJUW__ligand1104-0
113,ROHJUW__ligand100-0
114,ROHJUW__ligand7414-0
115,ROHJUW__ligand5762-0
116,ROHJUW__ligand1019-0
117,ROHJUW__ligand73-0
118,ROHJUW__ligand2442-0
119,ROHJUW__ligand1299-0
120,ROHJUW__ligand6430-0
121,ROHJUW__ligand124-0
122,ROHJUW__ligand1264-0
123,ROHJUW__ligand1221-0
124,ROHJUW__ligand1379-0
125,ROHJUW__ligand57-0
126,ROHJUW__ligand2376-0
127,ROHJUW__ligand2929-0
128,ROHJUW__ligand119-0
129,ROHJUW__ligand384-0
130,ROHJUW__ligand9620-0
131,ROHJUW__ligand4894-0
132,ROHJUW__ligand1260-0
133,ROHJUW__ligand120-0
134,ROHJUW__ligand1449-1
135,ROHJUW__ligand4811-0
136,ROHJUW__ligand7514-0
137,ROHJUW__ligand3337-0
138,ROHJUW__ligand1178-0
139,ROHJUW__ligand3566-0
140,ROHJUW__ligand1321-0
141,ROHJUW__ligand1788-0
142,ROHJUW__ligand32-0
143,ROHJUW__ligand141-0
144,ROHJUW__ligand240-0
145,ROHJUW__ligand6166-0
146,ROHJUW__ligand1246-0
147,ROHJUW__ligand5089-0
148,ROHJUW__ligand2599-0
149,ROHJUW__ligand2853-0
150,ROHJUW__ligand3853-0
151,ROHJUW__ligand48-0
152,ROHJUW__ligand29-0
153,ROHJUW__ligand797-0
154,ROHJUW__ligand1307-0
155,ROHJUW__ligand91-0
156,ROHJUW__ligand51-0
157,ROHJUW__ligand757-0
158,ROHJUW__ligand18-0
159,ROHJUW__ligand1607-0
160,ROHJUW__ligand196-0
161,ROHJUW__ligand502-0
162,ROHJUW__ligand10910-0
163,ROHJUW__ligand113-0
164,ROHJUW__ligand1152-0
165,ROHJUW__ligand1727-0
166,ROHJUW__ligand422-0
167,ROHJUW__ligand2907-0
168,ROHJUW__ligand236-0
169,ROHJUW__ligand14530-0
170,ROHJUW__ligand2430-0
171,ROHJUW__ligand1703-0
172,ROHJUW__ligand1056-0
173,ROHJUW__ligand2320-0
174,ROHJUW__ligand2862-0
175,ROHJUW__ligand353-0
176,ROHJUW__ligand8921-0
177,ROHJUW__ligand1567-0
178,ROHJUW__ligand2285-0
179,ROHJUW__ligand2510-0
180,ROHJUW__ligand6294-0
181,ROHJUW__ligand86-0
182,ROHJUW__ligand314-0
183,ROHJUW__ligand1054-0
184,ROHJUW__ligand481-0
185,ROHJUW__ligand1598-0
186,ROHJUW__ligand4303-0
187,ROHJUW__ligand1248-0
188,ROHJUW__ligand170-0
189,ROHJUW__ligand7464-0
190,ROHJUW__ligand10479-0
191,ROHJUW__ligand391-0
192,ROHJUW__ligand210-0
193,ROHJUW__ligand62-0
194,ROHJUW__ligand8774-0
195,ROHJUW__ligand10114-0
196,ROHJUW__ligand3637-0
197,ROHJUW__ligand2880-0
198,ROHJUW__ligand5941-0
199,ROHJUW__ligand66-0
200,ROHJUW__ligand3838-0
201,ROHJUW__ligand1799-0
202,ROHJUW__ligand2838-0
203,ROHJUW__ligand115-0
204,ROHJUW__ligand1169-0
205,ROHJUW__ligand291-0
206,ROHJUW__ligand5022-0
207,ROHJUW__ligand485-0
208,ROHJUW__ligand2864-0
209,ROHJUW__ligand784-0
210,ROHJUW__ligand355-0
211,ROHJUW__ligand2772-0
212,ROHJUW__ligand6151-0
213,ROHJUW__ligand6-0
214,ROHJUW__ligand9495-0
215,ROHJUW__ligand6538-0
216,ROHJUW__ligand2142-0
217,ROHJUW__ligand40-0
218,ROHJUW__ligand4-0
219,ROHJUW__ligand447-0
220,ROHJUW__ligand1273-0
221,ROHJUW__ligand133-0
222,ROHJUW__ligand666-0
223,ROHJUW__ligand522-0
224,ROHJUW__ligand1052-0
225,ROHJUW__ligand487-0
226,ROHJUW__ligand38-0
227,ROHJUW__ligand1502-0
228,ROHJUW__ligand1835-0
229,ROHJUW__ligand2794-0
230,ROHJUW__ligand2345-0
231,ROHJUW__ligand4983-0
232,ROHJUW__ligand9027-0
233,ROHJUW__ligand21-0
234,ROHJUW__ligand2265-0
235,ROHJUW__ligand1113-0
236,ROHJUW__ligand682-0
237,ROHJUW__ligand6396-0
238,ROHJUW__ligand390-0
239,ROHJUW__ligand3-0
240,ROHJUW__ligand235-0
241,ROHJUW__ligand134-0
242,ROHJUW__ligand932-0
243,ROHJUW__ligand3246-0
244,ROHJUW__ligand109-0
245,ROHJUW__ligand1148-0
246,ROHJUW__ligand525-0
247,ROHJUW__ligand560-0
248,ROHJUW__ligand1479-0
249,ROHJUW__ligand1228-0
250,ROHJUW__ligand993-0
251,ROHJUW__ligand9244-0
252,ROHJUW__ligand294-0
253,ROHJUW__ligand331-0
254,ROHJUW__ligand798-0
255,ROHJUW__ligand421-0
256,ROHJUW__ligand916-0
257,ROHJUW__ligand584-0
258,ROHJUW__ligand1114-0
259,ROHJUW__ligand1538-0
260,ROHJUW__ligand2751-0
261,ROHJUW__ligand112-0
262,ROHJUW__ligand296-0
263,ROHJUW__ligand1542-0
264,ROHJUW__ligand2634-0
265,ROHJUW__ligand197-0
266,ROHJUW__ligand3041-0
267,ROHJUW__ligand3178-0
268,ROHJUW__ligand6332-0
269,ROHJUW__ligand6502-0
270,ROHJUW__ligand2098-0
271,ROHJUW__ligand78-0
272,ROHJUW__ligand85-0
273,ROHJUW__ligand783-0
274,ROHJUW__ligand352-0
275,ROHJUW__ligand2863-0
276,ROHJUW__ligand1-0
277,ROHJUW__ligand15630-0
278,ROHJUW__ligand5548-0
279,ROHJUW__ligand442-0
280,ROHJUW__ligand7915-0
281,ROHJUW__ligand10357-0
282,ROHJUW__ligand868-0
283,ROHJUW__ligand1747-0
284,ROHJUW__ligand6686-0
285,ROHJUW__ligand45-0
286,ROHJUW__ligand136-0
287,ROHJUW__ligand3145-0
288,ROHJUW__ligand851-0
289,ROHJUW__ligand909-0
290,ROHJUW__ligand2629-0
291,ROHJUW__ligand177-0
292,ROHJUW__ligand934-0
293,ROHJUW__ligand4381-0
294,ROHJUW__ligand1706-0
295,ROHJUW__ligand3734-0
296,ROHJUW__ligand955-0
297,ROHJUW__ligand1951-0
298,ROHJUW__ligand252-0
299,ROHJUW__ligand1687-0
300,ROHJUW__ligand6277-0
301,ROHJUW__ligand830-0
302,ROHJUW__ligand2768-0
303,ROHJUW__ligand1376-0
304,ROHJUW__ligand193-0
305,ROHJUW__ligand2259-0
306,ROHJUW__ligand2688-0
307,ROHJUW__ligand370-0
308,ROHJUW__ligand1459-0
309,ROHJUW__ligand1544-0
310,ROHJUW__ligand250-0
311,ROHJUW__ligand1685-0
312,ROHJUW__ligand1048-0
313,ROHJUW__ligand2087-0
314,ROHJUW__ligand67-0
315,ROHJUW__ligand460-0
316,ROHJUW__ligand3757-0
317,ROHJUW__ligand1171-0
318,ROHJUW__ligand188-0
319,ROHJUW__ligand444-0
320,ROHJUW__ligand369-0
321,ROHJUW__ligand1438-0
322,ROHJUW__ligand3063-0
323,ROHJUW__ligand311-0
324,ROHJUW__ligand5801-0
