,TMC
0,FAPBIH__ligand331-0
1,FAPBIH__ligand32-0
2,FAPBIH__ligand1436-0
3,FAPBIH__ligand2618-0
4,FAPBIH__ligand3618-0
5,FAPBIH__ligand294-0
6,FAPBIH__ligand993-0
7,FAPBIH__ligand4370-0
8,FAPBIH__ligand916-0
9,FAPBIH__ligand584-0
10,FAPBIH__ligand798-0
11,FAPBIH__ligand421-0
12,FAPBIH__ligand134-0
13,FAPBIH__ligand932-0
14,FAPBIH__ligand1918-0
15,FAPBIH__ligand235-0
16,FAPBIH__ligand390-0
17,FAPBIH__ligand4175-0
18,FAPBIH__ligand525-0
19,FAPBIH__ligand560-0
20,FAPBIH__ligand2255-0
21,FAPBIH__ligand109-0
22,FAPBIH__ligand783-0
23,FAPBIH__ligand352-0
24,FAPBIH__ligand51-0
25,FAPBIH__ligand2915-0
26,FAPBIH__ligand3196-0
27,FAPBIH__ligand4012-0
28,FAPBIH__ligand136-0
29,FAPBIH__ligand868-0
30,FAPBIH__ligand91-0
31,FAPBIH__ligand442-0
32,FAPBIH__ligand29-0
33,FAPBIH__ligand112-0
34,FAPBIH__ligand1551-0
35,FAPBIH__ligand2526-0
36,FAPBIH__ligand48-0
37,FAPBIH__ligand8-0
38,FAPBIH__ligand2707-0
39,FAPBIH__ligand197-0
40,FAPBIH__ligand296-0
41,FAPBIH__ligand1690-0
42,FAPBIH__ligand7630-0
43,FAPBIH__ligand1285-0
44,FAPBIH__ligand252-0
45,FAPBIH__ligand955-0
46,FAPBIH__ligand1555-0
47,FAPBIH__ligand4423-0
48,FAPBIH__ligand14530-0
49,FAPBIH__ligand193-0
50,FAPBIH__ligand1907-0
51,FAPBIH__ligand34-0
52,FAPBIH__ligand3890-0
53,FAPBIH__ligand830-0
54,FAPBIH__ligand1160-0
55,FAPBIH__ligand2253-0
56,FAPBIH__ligand909-0
57,FAPBIH__ligand5093-0
58,FAPBIH__ligand2954-0
59,FAPBIH__ligand851-0
60,FAPBIH__ligand2762-0
61,FAPBIH__ligand1038-0
62,FAPBIH__ligand55-0
63,FAPBIH__ligand7550-0
64,FAPBIH__ligand95-0
65,FAPBIH__ligand10910-0
66,FAPBIH__ligand177-0
67,FAPBIH__ligand934-0
68,FAPBIH__ligand10114-0
69,FAPBIH__ligand3035-0
70,FAPBIH__ligand3070-0
71,FAPBIH__ligand2718-0
72,FAPBIH__ligand1493-0
73,FAPBIH__ligand444-0
74,FAPBIH__ligand369-0
75,FAPBIH__ligand188-0
76,FAPBIH__ligand9176-0
77,FAPBIH__ligand3251-0
78,FAPBIH__ligand4619-0
79,FAPBIH__ligand57-0
80,FAPBIH__ligand311-0
81,FAPBIH__ligand6143-0
82,FAPBIH__ligand5235-0
83,FAPBIH__ligand10479-0
84,FAPBIH__ligand7456-0
85,FAPBIH__ligand370-0
86,FAPBIH__ligand1818-0
87,FAPBIH__ligand73-0
88,FAPBIH__ligand3478-0
89,FAPBIH__ligand460-0
90,FAPBIH__ligand3852-0
91,FAPBIH__ligand250-0
92,FAPBIH__ligand5758-0
93,FAPBIH__ligand2376-0
94,FAPBIH__ligand236-0
95,FAPBIH__ligand2929-0
96,FAPBIH__ligand1264-0
97,FAPBIH__ligand1221-0
98,FAPBIH__ligand1299-0
99,FAPBIH__ligand6430-0
100,FAPBIH__ligand353-0
101,FAPBIH__ligand1379-0
102,FAPBIH__ligand196-0
103,FAPBIH__ligand1104-0
104,FAPBIH__ligand502-0
105,FAPBIH__ligand7414-0
106,FAPBIH__ligand5762-0
107,FAPBIH__ligand89-0
108,FAPBIH__ligand1019-0
109,FAPBIH__ligand2442-0
110,FAPBIH__ligand422-0
111,FAPBIH__ligand49-0
112,FAPBIH__ligand6571-0
113,FAPBIH__ligand2482-0
114,FAPBIH__ligand1325-0
115,FAPBIH__ligand113-0
116,FAPBIH__ligand1898-0
117,FAPBIH__ligand2480-0
118,FAPBIH__ligand3051-0
119,FAPBIH__ligand4504-0
120,FAPBIH__ligand2315-0
121,FAPBIH__ligand210-0
122,FAPBIH__ligand5334-0
123,FAPBIH__ligand1858-0
124,FAPBIH__ligand8032-0
125,FAPBIH__ligand3579-0
126,FAPBIH__ligand2110-0
127,FAPBIH__ligand2916-0
128,FAPBIH__ligand481-0
129,FAPBIH__ligand17-0
130,FAPBIH__ligand1712-0
131,FAPBIH__ligand314-0
132,FAPBIH__ligand391-0
133,FAPBIH__ligand92-0
134,FAPBIH__ligand2389-0
135,FAPBIH__ligand170-0
136,FAPBIH__ligand1919-0
137,FAPBIH__ligand784-0
138,FAPBIH__ligand355-0
139,FAPBIH__ligand485-0
140,FAPBIH__ligand1307-0
141,FAPBIH__ligand115-0
142,FAPBIH__ligand5089-0
143,FAPBIH__ligand2599-0
144,FAPBIH__ligand2853-0
145,FAPBIH__ligand3853-0
146,FAPBIH__ligand6166-0
147,FAPBIH__ligand1246-0
148,FAPBIH__ligand291-0
149,FAPBIH__ligand1788-0
150,FAPBIH__ligand15630-0
151,FAPBIH__ligand10357-0
152,FAPBIH__ligand1178-0
153,FAPBIH__ligand682-0
154,FAPBIH__ligand3566-0
155,FAPBIH__ligand1321-0
156,FAPBIH__ligand133-0
157,FAPBIH__ligand1449-1
158,FAPBIH__ligand4811-0
159,FAPBIH__ligand7514-0
160,FAPBIH__ligand447-0
161,FAPBIH__ligand3337-0
162,FAPBIH__ligand487-0
163,FAPBIH__ligand11-0
164,FAPBIH__ligand522-0
165,FAPBIH__ligand9620-0
166,FAPBIH__ligand666-0
167,FAPBIH__ligand1260-0
168,FAPBIH__ligand4894-0
169,FAPBIH__ligand8774-0
170,FAPBIH__ligand3637-0
171,FAPBIH__ligand596-0
172,FAPBIH__ligand612-0
173,FAPBIH__ligand187-0
174,FAPBIH__ligand366-0
175,FAPBIH__ligand861-0
176,FAPBIH__ligand7464-0
177,FAPBIH__ligand1-0
178,FAPBIH__ligand1054-0
179,FAPBIH__ligand6294-0
180,FAPBIH__ligand126-0
181,FAPBIH__ligand4303-0
182,FAPBIH__ligand1248-0
183,FAPBIH__ligand1598-0
184,FAPBIH__ligand2862-0
185,FAPBIH__ligand1056-0
186,FAPBIH__ligand2320-0
187,FAPBIH__ligand2510-0
188,FAPBIH__ligand8921-0
189,FAPBIH__ligand124-0
190,FAPBIH__ligand1567-0
191,FAPBIH__ligand11730-0
192,FAPBIH__ligand2285-0
193,FAPBIH__ligand2907-0
194,FAPBIH__ligand119-0
195,FAPBIH__ligand2430-0
196,FAPBIH__ligand3-0
197,FAPBIH__ligand1703-0
198,FAPBIH__ligand279-0
199,FAPBIH__ligand1152-0
200,FAPBIH__ligand178-0
201,FAPBIH__ligand321-0
202,FAPBIH__ligand1727-0
203,FAPBIH__ligand67-0
204,FAPBIH__ligand100-0
205,FAPBIH__ligand201-0
206,FAPBIH__ligand1607-0
207,FAPBIH__ligand244-0
208,FAPBIH__ligand9027-0
209,FAPBIH__ligand6396-0
210,FAPBIH__ligand2265-0
211,FAPBIH__ligand1113-0
212,FAPBIH__ligand240-0
213,FAPBIH__ligand1502-0
214,FAPBIH__ligand141-0
215,FAPBIH__ligand4983-0
216,FAPBIH__ligand1835-0
217,FAPBIH__ligand2345-0
218,FAPBIH__ligand2794-0
219,FAPBIH__ligand120-0
220,FAPBIH__ligand1052-0
221,FAPBIH__ligand384-0
222,FAPBIH__ligand1273-0
223,FAPBIH__ligand797-0
224,FAPBIH__ligand6538-0
225,FAPBIH__ligand45-0
226,FAPBIH__ligand2772-0
227,FAPBIH__ligand6151-0
228,FAPBIH__ligand9495-0
229,FAPBIH__ligand2142-0
230,FAPBIH__ligand85-0
231,FAPBIH__ligand757-0
232,FAPBIH__ligand2864-0
233,FAPBIH__ligand78-0
234,FAPBIH__ligand1169-0
235,FAPBIH__ligand5022-0
236,FAPBIH__ligand3838-0
237,FAPBIH__ligand1799-0
238,FAPBIH__ligand2838-0
239,FAPBIH__ligand5941-0
240,FAPBIH__ligand2880-0
241,FAPBIH__ligand6686-0
242,FAPBIH__ligand1747-0
243,FAPBIH__ligand5548-0
244,FAPBIH__ligand7915-0
245,FAPBIH__ligand670-0
246,FAPBIH__ligand3145-0
247,FAPBIH__ligand118-0
248,FAPBIH__ligand571-0
249,FAPBIH__ligand509-0
250,FAPBIH__ligand6332-0
251,FAPBIH__ligand3178-0
252,FAPBIH__ligand2863-0
253,FAPBIH__ligand6502-0
254,FAPBIH__ligand2098-0
255,FAPBIH__ligand1542-0
256,FAPBIH__ligand2634-0
257,FAPBIH__ligand669-0
258,FAPBIH__ligand358-0
259,FAPBIH__ligand430-0
260,FAPBIH__ligand3041-0
261,FAPBIH__ligand2751-0
262,FAPBIH__ligand365-0
263,FAPBIH__ligand66-0
264,FAPBIH__ligand278-0
265,FAPBIH__ligand21-0
266,FAPBIH__ligand1538-0
267,FAPBIH__ligand1114-0
268,FAPBIH__ligand9244-0
269,FAPBIH__ligand1228-0
270,FAPBIH__ligand162-0
271,FAPBIH__ligand226-0
272,FAPBIH__ligand1148-0
273,FAPBIH__ligand38-0
274,FAPBIH__ligand1479-0
275,FAPBIH__ligand383-0
276,FAPBIH__ligand40-0
277,FAPBIH__ligand3246-0
278,FAPBIH__ligand838-0
279,FAPBIH__ligand1438-0
280,FAPBIH__ligand3063-0
281,FAPBIH__ligand5801-0
282,FAPBIH__ligand166-0
283,FAPBIH__ligand918-0
284,FAPBIH__ligand633-0
285,FAPBIH__ligand1171-0
286,FAPBIH__ligand532-0
287,FAPBIH__ligand4-0
288,FAPBIH__ligand497-0
289,FAPBIH__ligand553-0
290,FAPBIH__ligand283-0
291,FAPBIH__ligand1685-0
292,FAPBIH__ligand3757-0
293,FAPBIH__ligand821-0
294,FAPBIH__ligand1048-0
295,FAPBIH__ligand2087-0
296,FAPBIH__ligand326-0
297,FAPBIH__ligand18-0
298,FAPBIH__ligand436-0
299,FAPBIH__ligand1459-0
300,FAPBIH__ligand142-0
301,FAPBIH__ligand1544-0
302,FAPBIH__ligand206-0
303,FAPBIH__ligand2768-0
304,FAPBIH__ligand1376-0
305,FAPBIH__ligand2688-0
306,FAPBIH__ligand2259-0
307,FAPBIH__ligand140-0
308,FAPBIH__ligand105-0
309,FAPBIH__ligand1687-0
310,FAPBIH__ligand1951-0
311,FAPBIH__ligand324-0
312,FAPBIH__ligand6277-0
313,FAPBIH__ligand361-0
314,FAPBIH__ligand62-0
315,FAPBIH__ligand409-0
316,FAPBIH__ligand575-0
317,FAPBIH__ligand4381-0
318,FAPBIH__ligand2629-0
319,FAPBIH__ligand3734-0
320,FAPBIH__ligand1706-0
321,FAPBIH__ligand6-0
322,FAPBIH__ligand86-0
323,FAPBIH__ligand927-0
324,FAPBIH__ligand199-0
