,TMC
0,JOPYOE__ligand19927-0
1,JOPYOE__ligand252-0
2,JOPYOE__ligand2221-0
3,JOPYOE__ligand26324-0
4,JOPYOE__ligand4358-0
5,JOPYOE__ligand28559-0
6,JOPYOE__ligand116-0
7,JOPYOE__ligand3120-0
8,JOPYOE__ligand3926-0
9,JOPYOE__ligand14043-0
10,JOPYOE__ligand18-0
11,JOPYOE__ligand27239-0
12,JOPYOE__ligand21729-0
13,JOPYOE__ligand4101-0
14,JOPYOE__ligand5595-0
15,JOPYOE__ligand372-0
16,JOPYOE__ligand9773-0
17,JOPYOE__ligand26529-0
18,JOPYOE__ligand5510-0
19,JOPYOE__ligand830-0
20,JOPYOE__ligand1376-0
21,JOPYOE__ligand1197-0
22,JOPYOE__ligand5099-0
23,JOPYOE__ligand11618-0
24,JOPYOE__ligand8592-0
25,JOPYOE__ligand1296-0
26,JOPYOE__ligand193-0
27,JOPYOE__ligand2259-0
28,JOPYOE__ligand2822-0
29,JOPYOE__ligand7293-0
30,JOPYOE__ligand1317-0
31,JOPYOE__ligand3867-0
32,JOPYOE__ligand22403-0
33,JOPYOE__ligand20695-0
34,JOPYOE__ligand27754-0
35,JOPYOE__ligand2238-0
36,JOPYOE__ligand909-0
37,JOPYOE__ligand9167-0
38,JOPYOE__ligand16369-0
39,JOPYOE__ligand11111-0
40,JOPYOE__ligand5304-0
41,JOPYOE__ligand28540-0
42,JOPYOE__ligand177-0
43,JOPYOE__ligand7762-0
44,JOPYOE__ligand5080-0
45,JOPYOE__ligand29215-0
46,JOPYOE__ligand26631-0
47,JOPYOE__ligand16148-0
48,JOPYOE__ligand12003-0
49,JOPYOE__ligand5509-0
50,JOPYOE__ligand8002-0
51,JOPYOE__ligand1407-0
52,JOPYOE__ligand6117-0
53,JOPYOE__ligand10872-0
54,JOPYOE__ligand21399-0
55,JOPYOE__ligand188-0
56,JOPYOE__ligand27840-0
57,JOPYOE__ligand30728-0
58,JOPYOE__ligand5383-0
59,JOPYOE__ligand2693-0
60,JOPYOE__ligand24872-0
61,JOPYOE__ligand3945-0
62,JOPYOE__ligand10033-0
63,JOPYOE__ligand3736-0
64,JOPYOE__ligand8000-0
65,JOPYOE__ligand24644-0
66,JOPYOE__ligand12001-0
67,JOPYOE__ligand9344-0
68,JOPYOE__ligand479-0
69,JOPYOE__ligand3677-1
70,JOPYOE__ligand9883-0
71,JOPYOE__ligand14569-0
72,JOPYOE__ligand13385-0
73,JOPYOE__ligand785-0
74,JOPYOE__ligand311-0
75,JOPYOE__ligand22444-0
76,JOPYOE__ligand24111-0
77,JOPYOE__ligand7291-0
78,JOPYOE__ligand13220-0
79,JOPYOE__ligand11587-0
80,JOPYOE__ligand620-0
81,JOPYOE__ligand9299-0
82,JOPYOE__ligand370-1
83,JOPYOE__ligand2985-0
84,JOPYOE__ligand4007-0
85,JOPYOE__ligand564-0
86,JOPYOE__ligand17396-0
87,JOPYOE__ligand15788-0
88,JOPYOE__ligand23175-0
89,JOPYOE__ligand31694-0
90,JOPYOE__ligand29486-0
91,JOPYOE__ligand370-0
92,JOPYOE__ligand6699-0
93,JOPYOE__ligand1168-0
94,JOPYOE__ligand1294-0
95,JOPYOE__ligand3632-0
96,JOPYOE__ligand17427-0
97,JOPYOE__ligand3677-0
98,JOPYOE__ligand1211-0
99,JOPYOE__ligand11949-0
100,JOPYOE__ligand22129-0
101,JOPYOE__ligand6892-0
102,JOPYOE__ligand250-0
103,JOPYOE__ligand24780-0
104,JOPYOE__ligand12138-0
105,JOPYOE__ligand1499-0
106,JOPYOE__ligand25561-0
107,JOPYOE__ligand2881-0
108,JOPYOE__ligand1464-0
109,JOPYOE__ligand3712-0
110,JOPYOE__ligand1228-0
111,JOPYOE__ligand9943-0
112,JOPYOE__ligand11970-0
113,JOPYOE__ligand294-0
114,JOPYOE__ligand1604-0
115,JOPYOE__ligand15883-0
116,JOPYOE__ligand11096-0
117,JOPYOE__ligand11447-0
118,JOPYOE__ligand8788-0
119,JOPYOE__ligand1832-0
120,JOPYOE__ligand28810-0
121,JOPYOE__ligand24230-0
122,JOPYOE__ligand2043-0
123,JOPYOE__ligand15926-0
124,JOPYOE__ligand66-0
125,JOPYOE__ligand10828-0
126,JOPYOE__ligand19792-0
127,JOPYOE__ligand10056-0
128,JOPYOE__ligand12365-0
129,JOPYOE__ligand15531-0
130,JOPYOE__ligand28743-0
131,JOPYOE__ligand421-0
132,JOPYOE__ligand13862-0
133,JOPYOE__ligand11357-0
134,JOPYOE__ligand2417-0
135,JOPYOE__ligand28930-0
136,JOPYOE__ligand685-0
137,JOPYOE__ligand22168-0
138,JOPYOE__ligand1114-0
139,JOPYOE__ligand22294-0
140,JOPYOE__ligand6391-0
141,JOPYOE__ligand3126-0
142,JOPYOE__ligand21919-0
143,JOPYOE__ligand9284-0
144,JOPYOE__ligand16663-0
145,JOPYOE__ligand14614-0
146,JOPYOE__ligand24035-0
147,JOPYOE__ligand134-0
148,JOPYOE__ligand31842-0
149,JOPYOE__ligand31044-0
150,JOPYOE__ligand1289-0
151,JOPYOE__ligand235-0
152,JOPYOE__ligand11994-0
153,JOPYOE__ligand2203-0
154,JOPYOE__ligand5387-0
155,JOPYOE__ligand11682-0
156,JOPYOE__ligand560-0
157,JOPYOE__ligand20207-0
158,JOPYOE__ligand30711-0
159,JOPYOE__ligand1599-0
160,JOPYOE__ligand2612-0
161,JOPYOE__ligand42-0
162,JOPYOE__ligand25913-0
163,JOPYOE__ligand16988-0
164,JOPYOE__ligand9450-0
165,JOPYOE__ligand3178-0
166,JOPYOE__ligand19184-0
167,JOPYOE__ligand4807-0
168,JOPYOE__ligand7196-0
169,JOPYOE__ligand783-0
170,JOPYOE__ligand352-0
171,JOPYOE__ligand5159-0
172,JOPYOE__ligand5530-0
173,JOPYOE__ligand18448-0
174,JOPYOE__ligand1787-0
175,JOPYOE__ligand12453-0
176,JOPYOE__ligand1356-0
177,JOPYOE__ligand9753-0
178,JOPYOE__ligand28459-0
179,JOPYOE__ligand868-0
180,JOPYOE__ligand38-0
181,JOPYOE__ligand8793-0
182,JOPYOE__ligand5649-0
183,JOPYOE__ligand2788-0
184,JOPYOE__ligand4649-0
185,JOPYOE__ligand10371-0
186,JOPYOE__ligand4711-0
187,JOPYOE__ligand3244-0
188,JOPYOE__ligand13672-0
189,JOPYOE__ligand28685-0
190,JOPYOE__ligand18568-0
191,JOPYOE__ligand2906-0
192,JOPYOE__ligand7273-0
193,JOPYOE__ligand29029-0
194,JOPYOE__ligand27285-0
195,JOPYOE__ligand9323-0
196,JOPYOE__ligand7172-0
197,JOPYOE__ligand23197-0
198,JOPYOE__ligand8612-0
199,JOPYOE__ligand2124-0
200,JOPYOE__ligand3225-0
201,JOPYOE__ligand1153-0
202,JOPYOE__ligand1116-0
203,JOPYOE__ligand7092-0
204,JOPYOE__ligand2260-0
205,JOPYOE__ligand7316-0
206,JOPYOE__ligand197-0
207,JOPYOE__ligand5708-0
208,JOPYOE__ligand6017-0
209,JOPYOE__ligand5180-0
210,JOPYOE__ligand14167-0
211,JOPYOE__ligand13477-0
212,JOPYOE__ligand30142-0
213,JOPYOE__ligand27669-0
214,JOPYOE__ligand25048-0
215,JOPYOE__ligand21940-0
216,JOPYOE__ligand27122-0
217,JOPYOE__ligand20432-0
218,JOPYOE__ligand13755-0
219,JOPYOE__ligand16133-0
220,JOPYOE__ligand1050-0
221,JOPYOE__ligand784-0
222,JOPYOE__ligand1015-0
223,JOPYOE__ligand23445-0
224,JOPYOE__ligand24953-0
225,JOPYOE__ligand2027-0
226,JOPYOE__ligand395-0
227,JOPYOE__ligand4262-0
228,JOPYOE__ligand368-0
229,JOPYOE__ligand1028-0
230,JOPYOE__ligand20557-0
231,JOPYOE__ligand1618-0
232,JOPYOE__ligand30004-0
233,JOPYOE__ligand2692-0
234,JOPYOE__ligand24560-0
235,JOPYOE__ligand18757-0
236,JOPYOE__ligand1498-0
237,JOPYOE__ligand4596-0
238,JOPYOE__ligand24624-0
239,JOPYOE__ligand20844-0
240,JOPYOE__ligand18413-0
241,JOPYOE__ligand115-0
242,JOPYOE__ligand9615-0
243,JOPYOE__ligand1154-0
244,JOPYOE__ligand1169-0
245,JOPYOE__ligand14339-0
246,JOPYOE__ligand8529-0
247,JOPYOE__ligand13691-0
248,JOPYOE__ligand30788-0
249,JOPYOE__ligand8-0
250,JOPYOE__ligand833-0
251,JOPYOE__ligand21752-0
252,JOPYOE__ligand29565-0
253,JOPYOE__ligand9944-0
254,JOPYOE__ligand8593-0
255,JOPYOE__ligand23682-0
256,JOPYOE__ligand18158-0
257,JOPYOE__ligand506-0
258,JOPYOE__ligand27771-0
259,JOPYOE__ligand7566-0
260,JOPYOE__ligand16956-0
261,JOPYOE__ligand14226-0
262,JOPYOE__ligand21339-0
263,JOPYOE__ligand20942-1
264,JOPYOE__ligand24-0
265,JOPYOE__ligand2001-0
266,JOPYOE__ligand19-0
267,JOPYOE__ligand5201-0
268,JOPYOE__ligand27550-0
269,JOPYOE__ligand8553-0
270,JOPYOE__ligand1113-0
271,JOPYOE__ligand18019-1
272,JOPYOE__ligand152-0
273,JOPYOE__ligand14007-0
274,JOPYOE__ligand4124-0
275,JOPYOE__ligand4161-0
276,JOPYOE__ligand3471-0
277,JOPYOE__ligand447-0
278,JOPYOE__ligand21448-0
279,JOPYOE__ligand11758-0
280,JOPYOE__ligand22357-0
281,JOPYOE__ligand78-0
282,JOPYOE__ligand746-0
283,JOPYOE__ligand176-0
284,JOPYOE__ligand29214-0
285,JOPYOE__ligand5415-0
286,JOPYOE__ligand11544-0
287,JOPYOE__ligand11501-0
288,JOPYOE__ligand17069-0
289,JOPYOE__ligand14477-0
290,JOPYOE__ligand3180-0
291,JOPYOE__ligand2650-0
292,JOPYOE__ligand2281-0
293,JOPYOE__ligand4340-0
294,JOPYOE__ligand17445-0
295,JOPYOE__ligand2823-0
296,JOPYOE__ligand29334-0
297,JOPYOE__ligand12413-0
298,JOPYOE__ligand487-0
299,JOPYOE__ligand20731-0
300,JOPYOE__ligand45-0
301,JOPYOE__ligand6995-0
302,JOPYOE__ligand11798-0
303,JOPYOE__ligand4710-0
304,JOPYOE__ligand19668-0
305,JOPYOE__ligand5755-0
306,JOPYOE__ligand19906-0
307,JOPYOE__ligand3144-0
308,JOPYOE__ligand5085-0
309,JOPYOE__ligand8042-0
310,JOPYOE__ligand22353-0
311,JOPYOE__ligand6112-0
312,JOPYOE__ligand393-0
313,JOPYOE__ligand1828-0
314,JOPYOE__ligand1397-0
315,JOPYOE__ligand7213-0
316,JOPYOE__ligand5630-0
317,JOPYOE__ligand353-0
318,JOPYOE__ligand1786-0
319,JOPYOE__ligand3285-0
320,JOPYOE__ligand4795-0
321,JOPYOE__ligand10151-0
322,JOPYOE__ligand1908-0
323,JOPYOE__ligand5515-0
324,JOPYOE__ligand6663-0
325,JOPYOE__ligand29813-0
326,JOPYOE__ligand16952-0
327,JOPYOE__ligand5614-0
328,JOPYOE__ligand5280-0
329,JOPYOE__ligand1831-0
330,JOPYOE__ligand196-0
331,JOPYOE__ligand20220-0
332,JOPYOE__ligand15387-0
333,JOPYOE__ligand20121-0
334,JOPYOE__ligand24851-0
335,JOPYOE__ligand1216-0
336,JOPYOE__ligand5019-0
337,JOPYOE__ligand11698-0
338,JOPYOE__ligand20530-0
339,JOPYOE__ligand3261-0
340,JOPYOE__ligand686-0
341,JOPYOE__ligand1152-0
342,JOPYOE__ligand14302-0
343,JOPYOE__ligand13657-0
344,JOPYOE__ligand14347-0
345,JOPYOE__ligand422-0
346,JOPYOE__ligand11479-0
347,JOPYOE__ligand1849-0
348,JOPYOE__ligand10479-0
349,JOPYOE__ligand27610-0
350,JOPYOE__ligand10853-0
351,JOPYOE__ligand29441-0
352,JOPYOE__ligand1150-0
353,JOPYOE__ligand16870-0
354,JOPYOE__ligand11622-0
355,JOPYOE__ligand1539-0
356,JOPYOE__ligand4207-0
357,JOPYOE__ligand11814-0
358,JOPYOE__ligand3416-0
359,JOPYOE__ligand3453-0
360,JOPYOE__ligand465-0
361,JOPYOE__ligand16603-0
362,JOPYOE__ligand17686-0
363,JOPYOE__ligand25658-0
364,JOPYOE__ligand3042-0
365,JOPYOE__ligand67-0
366,JOPYOE__ligand31205-0
367,JOPYOE__ligand314-1
368,JOPYOE__ligand11177-0
369,JOPYOE__ligand7438-0
370,JOPYOE__ligand8200-0
371,JOPYOE__ligand4063-0
372,JOPYOE__ligand15455-0
373,JOPYOE__ligand43-0
374,JOPYOE__ligand9750-0
375,JOPYOE__ligand813-0
376,JOPYOE__ligand18067-0
377,JOPYOE__ligand1779-0
378,JOPYOE__ligand19824-0
379,JOPYOE__ligand1817-0
380,JOPYOE__ligand314-0
381,JOPYOE__ligand780-0
382,JOPYOE__ligand6993-0
383,JOPYOE__ligand11252-0
384,JOPYOE__ligand3557-0
385,JOPYOE__ligand3980-0
386,JOPYOE__ligand1149-0
387,JOPYOE__ligand13260-0
388,JOPYOE__ligand7075-0
389,JOPYOE__ligand10582-0
390,JOPYOE__ligand618-0
391,JOPYOE__ligand11606-0
392,JOPYOE__ligand31000-0
393,JOPYOE__ligand1288-0
394,JOPYOE__ligand4167-0
395,JOPYOE__ligand26673-0
396,JOPYOE__ligand391-0
397,JOPYOE__ligand4266-0
398,JOPYOE__ligand1400-0
399,JOPYOE__ligand20821-0
400,JOPYOE__ligand9491-0
401,JOPYOE__ligand24750-0
402,JOPYOE__ligand4332-0
403,JOPYOE__ligand9681-0
404,JOPYOE__ligand1065-0
405,JOPYOE__ligand17945-0
406,JOPYOE__ligand7530-0
407,JOPYOE__ligand18013-0
408,JOPYOE__ligand25224-0
409,JOPYOE__ligand3012-0
410,JOPYOE__ligand17207-0
411,JOPYOE__ligand31578-0
412,JOPYOE__ligand1449-0
413,JOPYOE__ligand29087-0
414,JOPYOE__ligand18703-0
415,JOPYOE__ligand2403-0
416,JOPYOE__ligand6455-0
417,JOPYOE__ligand28924-0
418,JOPYOE__ligand6882-0
419,JOPYOE__ligand240-0
420,JOPYOE__ligand15438-0
421,JOPYOE__ligand141-0
422,JOPYOE__ligand3934-0
423,JOPYOE__ligand7529-0
424,JOPYOE__ligand6946-0
425,JOPYOE__ligand1415-0
426,JOPYOE__ligand384-0
427,JOPYOE__ligand15168-0
428,JOPYOE__ligand24064-0
429,JOPYOE__ligand9148-0
430,JOPYOE__ligand23589-0
431,JOPYOE__ligand5483-0
432,JOPYOE__ligand5316-0
433,JOPYOE__ligand26277-0
434,JOPYOE__ligand29898-0
435,JOPYOE__ligand768-0
436,JOPYOE__ligand2830-0
437,JOPYOE__ligand1729-0
438,JOPYOE__ligand22755-0
439,JOPYOE__ligand10432-0
440,JOPYOE__ligand31618-0
441,JOPYOE__ligand5627-0
442,JOPYOE__ligand11432-0
443,JOPYOE__ligand6062-0
444,JOPYOE__ligand11568-0
445,JOPYOE__ligand4738-0
446,JOPYOE__ligand17710-0
447,JOPYOE__ligand20579-0
448,JOPYOE__ligand4813-0
449,JOPYOE__ligand5813-0
450,JOPYOE__ligand21421-0
451,JOPYOE__ligand6283-0
452,JOPYOE__ligand11774-0
453,JOPYOE__ligand14586-0
454,JOPYOE__ligand11-0
455,JOPYOE__ligand24613-0
456,JOPYOE__ligand7107-0
457,JOPYOE__ligand757-0
458,JOPYOE__ligand69-0
459,JOPYOE__ligand19725-0
460,JOPYOE__ligand3215-0
461,JOPYOE__ligand10555-0
462,JOPYOE__ligand31483-0
463,JOPYOE__ligand122-0
464,JOPYOE__ligand13072-0
465,JOPYOE__ligand7925-0
466,JOPYOE__ligand12336-0
467,JOPYOE__ligand2068-0
468,JOPYOE__ligand3973-0
469,JOPYOE__ligand1147-0
470,JOPYOE__ligand693-0
471,JOPYOE__ligand12682-0
472,JOPYOE__ligand4330-0
473,JOPYOE__ligand18699-0
474,JOPYOE__ligand2599-0
475,JOPYOE__ligand4194-0
476,JOPYOE__ligand17240-0
477,JOPYOE__ligand17590-0
478,JOPYOE__ligand7532-0
479,JOPYOE__ligand27074-0
480,JOPYOE__ligand9197-0
481,JOPYOE__ligand1900-0
482,JOPYOE__ligand25805-0
483,JOPYOE__ligand22981-0
484,JOPYOE__ligand20599-0
485,JOPYOE__ligand941-0
486,JOPYOE__ligand596-0
487,JOPYOE__ligand7162-0
488,JOPYOE__ligand777-0
489,JOPYOE__ligand49-0
490,JOPYOE__ligand3029-0
491,JOPYOE__ligand14523-0
492,JOPYOE__ligand4581-0
493,JOPYOE__ligand27169-0
494,JOPYOE__ligand1773-0
495,JOPYOE__ligand18391-0
496,JOPYOE__ligand2328-0
497,JOPYOE__ligand25267-0
498,JOPYOE__ligand3350-0
499,JOPYOE__ligand366-0
500,JOPYOE__ligand10084-0
501,JOPYOE__ligand89-0
502,JOPYOE__ligand2781-0
503,JOPYOE__ligand7573-0
504,JOPYOE__ligand8722-0
505,JOPYOE__ligand1327-0
506,JOPYOE__ligand9809-0
507,JOPYOE__ligand6672-0
508,JOPYOE__ligand12467-0
509,JOPYOE__ligand657-0
510,JOPYOE__ligand13257-0
511,JOPYOE__ligand21936-0
512,JOPYOE__ligand187-0
513,JOPYOE__ligand23904-0
514,JOPYOE__ligand2208-0
515,JOPYOE__ligand3208-0
516,JOPYOE__ligand845-0
517,JOPYOE__ligand1496-0
518,JOPYOE__ligand29863-0
519,JOPYOE__ligand7557-0
520,JOPYOE__ligand13869-0
521,JOPYOE__ligand18074-0
522,JOPYOE__ligand29610-0
523,JOPYOE__ligand1533-0
524,JOPYOE__ligand11140-0
525,JOPYOE__ligand5892-0
526,JOPYOE__ligand16791-0
527,JOPYOE__ligand5094-0
528,JOPYOE__ligand126-0
529,JOPYOE__ligand163-0
530,JOPYOE__ligand28668-0
531,JOPYOE__ligand1712-0
532,JOPYOE__ligand4131-0
533,JOPYOE__ligand18465-0
534,JOPYOE__ligand18799-0
535,JOPYOE__ligand9525-0
536,JOPYOE__ligand1165-0
537,JOPYOE__ligand12660-0
538,JOPYOE__ligand19257-0
539,JOPYOE__ligand13209-0
540,JOPYOE__ligand3157-0
541,JOPYOE__ligand31248-0
542,JOPYOE__ligand2722-0
543,JOPYOE__ligand1379-0
544,JOPYOE__ligand25650-0
545,JOPYOE__ligand4-0
546,JOPYOE__ligand5935-0
547,JOPYOE__ligand338-0
548,JOPYOE__ligand1768-0
549,JOPYOE__ligand1469-0
550,JOPYOE__ligand17-0
551,JOPYOE__ligand3871-0
552,JOPYOE__ligand3647-0
553,JOPYOE__ligand5357-0
554,JOPYOE__ligand12519-0
555,JOPYOE__ligand25735-0
556,JOPYOE__ligand1688-0
557,JOPYOE__ligand4850-0
558,JOPYOE__ligand11206-0
559,JOPYOE__ligand5056-0
560,JOPYOE__ligand23124-0
561,JOPYOE__ligand30539-0
562,JOPYOE__ligand321-0
563,JOPYOE__ligand8349-0
564,JOPYOE__ligand8464-0
565,JOPYOE__ligand1709-0
566,JOPYOE__ligand23906-0
567,JOPYOE__ligand279-0
568,JOPYOE__ligand185-0
569,JOPYOE__ligand2527-0
570,JOPYOE__ligand21132-0
571,JOPYOE__ligand178-0
572,JOPYOE__ligand11166-0
573,JOPYOE__ligand12295-0
574,JOPYOE__ligand201-0
575,JOPYOE__ligand27835-0
576,JOPYOE__ligand5849-0
577,JOPYOE__ligand25575-0
578,JOPYOE__ligand21787-0
579,JOPYOE__ligand4911-0
580,JOPYOE__ligand25689-0
581,JOPYOE__ligand1771-0
582,JOPYOE__ligand3392-0
583,JOPYOE__ligand9908-0
584,JOPYOE__ligand1263-0
585,JOPYOE__ligand31783-0
586,JOPYOE__ligand17258-0
587,JOPYOE__ligand3-0
588,JOPYOE__ligand14297-0
589,JOPYOE__ligand7106-0
590,JOPYOE__ligand14603-0
591,JOPYOE__ligand68-0
592,JOPYOE__ligand26665-0
593,JOPYOE__ligand7242-0
594,JOPYOE__ligand13012-0
595,JOPYOE__ligand17631-0
596,JOPYOE__ligand1844-0
597,JOPYOE__ligand4661-0
598,JOPYOE__ligand23713-0
599,JOPYOE__ligand18832-0
600,JOPYOE__ligand27175-0
601,JOPYOE__ligand1343-0
602,JOPYOE__ligand3876-0
603,JOPYOE__ligand3035-0
604,JOPYOE__ligand30988-0
605,JOPYOE__ligand6616-0
606,JOPYOE__ligand497-0
607,JOPYOE__ligand3718-0
608,JOPYOE__ligand55-0
609,JOPYOE__ligand9935-0
610,JOPYOE__ligand27893-0
611,JOPYOE__ligand1536-0
612,JOPYOE__ligand633-0
613,JOPYOE__ligand1573-0
614,JOPYOE__ligand14723-0
615,JOPYOE__ligand19641-0
616,JOPYOE__ligand1959-0
617,JOPYOE__ligand15422-0
618,JOPYOE__ligand12934-0
619,JOPYOE__ligand3504-0
620,JOPYOE__ligand20578-0
621,JOPYOE__ligand34-0
622,JOPYOE__ligand6919-0
623,JOPYOE__ligand20740-0
624,JOPYOE__ligand28468-0
625,JOPYOE__ligand3852-0
626,JOPYOE__ligand12427-0
627,JOPYOE__ligand2485-0
628,JOPYOE__ligand16628-0
629,JOPYOE__ligand326-0
630,JOPYOE__ligand3565-0
631,JOPYOE__ligand1512-0
632,JOPYOE__ligand5331-0
633,JOPYOE__ligand27460-0
634,JOPYOE__ligand6839-0
635,JOPYOE__ligand30333-0
636,JOPYOE__ligand8969-0
637,JOPYOE__ligand3174-0
638,JOPYOE__ligand3937-0
639,JOPYOE__ligand1202-0
640,JOPYOE__ligand3131-0
641,JOPYOE__ligand12606-0
642,JOPYOE__ligand692-0
643,JOPYOE__ligand4720-0
644,JOPYOE__ligand436-0
645,JOPYOE__ligand4155-0
646,JOPYOE__ligand3094-0
647,JOPYOE__ligand17281-0
648,JOPYOE__ligand30296-0
649,JOPYOE__ligand5211-0
650,JOPYOE__ligand29410-0
651,JOPYOE__ligand12337-0
652,JOPYOE__ligand26540-0
653,JOPYOE__ligand2232-0
654,JOPYOE__ligand12641-0
655,JOPYOE__ligand2176-0
656,JOPYOE__ligand9291-0
657,JOPYOE__ligand10958-0
658,JOPYOE__ligand9833-0
659,JOPYOE__ligand8876-0
660,JOPYOE__ligand14108-0
661,JOPYOE__ligand2828-0
662,JOPYOE__ligand7648-0
663,JOPYOE__ligand5256-0
664,JOPYOE__ligand4157-0
665,JOPYOE__ligand324-0
666,JOPYOE__ligand361-0
667,JOPYOE__ligand19057-0
668,JOPYOE__ligand18814-0
669,JOPYOE__ligand409-0
670,JOPYOE__ligand4503-0
671,JOPYOE__ligand4546-0
672,JOPYOE__ligand13425-0
673,JOPYOE__ligand29302-0
674,JOPYOE__ligand8115-0
675,JOPYOE__ligand6768-0
676,JOPYOE__ligand1982-0
677,JOPYOE__ligand7000-0
678,JOPYOE__ligand27763-0
679,JOPYOE__ligand10262-0
680,JOPYOE__ligand1285-0
681,JOPYOE__ligand28676-0
682,JOPYOE__ligand24145-0
683,JOPYOE__ligand57-0
684,JOPYOE__ligand15585-0
685,JOPYOE__ligand1790-0
686,JOPYOE__ligand1304-0
687,JOPYOE__ligand12401-0
688,JOPYOE__ligand7280-0
689,JOPYOE__ligand7238-0
690,JOPYOE__ligand19830-0
691,JOPYOE__ligand13068-0
692,JOPYOE__ligand300-0
693,JOPYOE__ligand10476-0
694,JOPYOE__ligand12130-0
695,JOPYOE__ligand17387-0
696,JOPYOE__ligand4016-0
697,JOPYOE__ligand13658-0
698,JOPYOE__ligand26702-0
699,JOPYOE__ligand12289-0
700,JOPYOE__ligand18292-0
701,JOPYOE__ligand12231-0
702,JOPYOE__ligand7867-0
703,JOPYOE__ligand1219-0
704,JOPYOE__ligand588-0
705,JOPYOE__ligand6709-0
706,JOPYOE__ligand4093-0
707,JOPYOE__ligand4442-0
708,JOPYOE__ligand17302-0
709,JOPYOE__ligand3954-0
710,JOPYOE__ligand9520-0
711,JOPYOE__ligand199-0
712,JOPYOE__ligand8699-0
713,JOPYOE__ligand17805-0
714,JOPYOE__ligand1160-0
715,JOPYOE__ligand23769-0
716,JOPYOE__ligand9784-0
717,JOPYOE__ligand24185-0
718,JOPYOE__ligand1451-0
719,JOPYOE__ligand4272-0
720,JOPYOE__ligand25178-0
721,JOPYOE__ligand1-0
722,JOPYOE__ligand7629-0
723,JOPYOE__ligand670-0
724,JOPYOE__ligand1530-0
725,JOPYOE__ligand1575-0
726,JOPYOE__ligand9933-0
727,JOPYOE__ligand1631-0
728,JOPYOE__ligand571-0
729,JOPYOE__ligand534-0
730,JOPYOE__ligand20682-0
731,JOPYOE__ligand9441-0
732,JOPYOE__ligand13390-0
733,JOPYOE__ligand2332-0
734,JOPYOE__ligand16-0
735,JOPYOE__ligand1378-0
736,JOPYOE__ligand6244-0
737,JOPYOE__ligand27482-0
738,JOPYOE__ligand26810-0
739,JOPYOE__ligand13208-0
740,JOPYOE__ligand2915-0
741,JOPYOE__ligand3156-0
742,JOPYOE__ligand358-0
743,JOPYOE__ligand1018-0
744,JOPYOE__ligand29879-0
745,JOPYOE__ligand14248-0
746,JOPYOE__ligand4116-0
747,JOPYOE__ligand430-0
748,JOPYOE__ligand12030-0
749,JOPYOE__ligand488-0
750,JOPYOE__ligand7967-0
751,JOPYOE__ligand13331-0
752,JOPYOE__ligand3707-0
753,JOPYOE__ligand6124-0
754,JOPYOE__ligand28884-0
755,JOPYOE__ligand9601-0
756,JOPYOE__ligand13294-0
757,JOPYOE__ligand694-0
758,JOPYOE__ligand31832-0
759,JOPYOE__ligand8992-0
760,JOPYOE__ligand25411-0
761,JOPYOE__ligand1615-0
762,JOPYOE__ligand2526-0
763,JOPYOE__ligand5036-0
764,JOPYOE__ligand9952-0
765,JOPYOE__ligand9111-0
766,JOPYOE__ligand10712-0
767,JOPYOE__ligand1324-0
768,JOPYOE__ligand14174-0
769,JOPYOE__ligand8721-0
770,JOPYOE__ligand32-0
771,JOPYOE__ligand1823-0
772,JOPYOE__ligand11456-0
773,JOPYOE__ligand5643-0
774,JOPYOE__ligand656-0
775,JOPYOE__ligand16475-0
776,JOPYOE__ligand14703-0
777,JOPYOE__ligand4641-0
778,JOPYOE__ligand20251-1
779,JOPYOE__ligand7126-0
780,JOPYOE__ligand29414-0
781,JOPYOE__ligand48-0
782,JOPYOE__ligand17982-0
783,JOPYOE__ligand17278-0
784,JOPYOE__ligand20011-0
785,JOPYOE__ligand8835-0
786,JOPYOE__ligand2028-0
787,JOPYOE__ligand17398-0
788,JOPYOE__ligand696-0
789,JOPYOE__ligand1142-0
790,JOPYOE__ligand3234-0
791,JOPYOE__ligand22557-0
792,JOPYOE__ligand10589-0
793,JOPYOE__ligand24047-0
794,JOPYOE__ligand11675-0
795,JOPYOE__ligand20598-0
796,JOPYOE__ligand91-0
797,JOPYOE__ligand17118-0
798,JOPYOE__ligand21371-0
799,JOPYOE__ligand416-0
800,JOPYOE__ligand20419-0
801,JOPYOE__ligand3465-0
802,JOPYOE__ligand28789-0
803,JOPYOE__ligand6596-0
804,JOPYOE__ligand3721-0
805,JOPYOE__ligand6904-0
806,JOPYOE__ligand383-0
807,JOPYOE__ligand6102-0
808,JOPYOE__ligand2917-0
809,JOPYOE__ligand162-0
810,JOPYOE__ligand29568-0
811,JOPYOE__ligand7819-0
812,JOPYOE__ligand226-0
813,JOPYOE__ligand30851-0
814,JOPYOE__ligand14889-0
815,JOPYOE__ligand20251-0
816,JOPYOE__ligand20214-0
817,JOPYOE__ligand30702-0
818,JOPYOE__ligand20539-0
819,JOPYOE__ligand31097-0
820,JOPYOE__ligand21581-0
821,JOPYOE__ligand1577-0
822,JOPYOE__ligand6067-0
823,JOPYOE__ligand2295-0
824,JOPYOE__ligand17261-0
825,JOPYOE__ligand14117-0
826,JOPYOE__ligand51-0
827,JOPYOE__ligand4620-0
