,TMC
0,QOMGII__ligand4546-0
1,QOMGII__ligand4503-0
2,QOMGII__ligand11682-0
3,QOMGII__ligand30711-0
4,QOMGII__ligand20207-0
5,QOMGII__ligand393-0
6,QOMGII__ligand17-0
7,QOMGII__ligand16988-0
8,QOMGII__ligand25913-0
9,QOMGII__ligand1285-0
10,QOMGII__ligand8115-0
11,QOMGII__ligand6768-0
12,QOMGII__ligand1982-0
13,QOMGII__ligand7000-0
14,QOMGII__ligand16663-0
15,QOMGII__ligand2176-0
16,QOMGII__ligand9291-0
17,QOMGII__ligand2232-0
18,QOMGII__ligand14614-0
19,QOMGII__ligand24035-0
20,QOMGII__ligand4157-0
21,QOMGII__ligand9833-0
22,QOMGII__ligand7648-0
23,QOMGII__ligand31044-0
24,QOMGII__ligand2828-0
25,QOMGII__ligand8876-0
26,QOMGII__ligand31842-0
27,QOMGII__ligand353-0
28,QOMGII__ligand5256-0
29,QOMGII__ligand11994-0
30,QOMGII__ligand9520-0
31,QOMGII__ligand8699-0
32,QOMGII__ligand12365-0
33,QOMGII__ligand1160-0
34,QOMGII__ligand10056-0
35,QOMGII__ligand196-0
36,QOMGII__ligand11357-0
37,QOMGII__ligand13862-0
38,QOMGII__ligand3954-0
39,QOMGII__ligand28743-0
40,QOMGII__ligand4442-0
41,QOMGII__ligand15531-0
42,QOMGII__ligand4093-0
43,QOMGII__ligand4272-0
44,QOMGII__ligand22168-0
45,QOMGII__ligand1451-0
46,QOMGII__ligand28930-0
47,QOMGII__ligand22294-0
48,QOMGII__ligand7629-0
49,QOMGII__ligand21919-0
50,QOMGII__ligand9784-0
51,QOMGII__ligand7238-0
52,QOMGII__ligand11970-0
53,QOMGII__ligand422-0
54,QOMGII__ligand15883-0
55,QOMGII__ligand1304-0
56,QOMGII__ligand1790-0
57,QOMGII__ligand7280-0
58,QOMGII__ligand28810-0
59,QOMGII__ligand11447-0
60,QOMGII__ligand11096-0
61,QOMGII__ligand7867-0
62,QOMGII__ligand686-0
63,QOMGII__ligand24230-0
64,QOMGII__ligand6709-0
65,QOMGII__ligand1219-0
66,QOMGII__ligand15926-0
67,QOMGII__ligand4016-0
68,QOMGII__ligand19792-0
69,QOMGII__ligand10828-0
70,QOMGII__ligand6616-0
71,QOMGII__ligand3035-0
72,QOMGII__ligand3876-0
73,QOMGII__ligand1343-0
74,QOMGII__ligand465-0
75,QOMGII__ligand3718-0
76,QOMGII__ligand4661-0
77,QOMGII__ligand1844-0
78,QOMGII__ligand1959-0
79,QOMGII__ligand3504-0
80,QOMGII__ligand14167-0
81,QOMGII__ligand13477-0
82,QOMGII__ligand30142-0
83,QOMGII__ligand9935-0
84,QOMGII__ligand1573-0
85,QOMGII__ligand27669-0
86,QOMGII__ligand1536-0
87,QOMGII__ligand89-0
88,QOMGII__ligand1263-0
89,QOMGII__ligand9908-0
90,QOMGII__ligand27285-0
91,QOMGII__ligand29029-0
92,QOMGII__ligand49-0
93,QOMGII__ligand314-1
94,QOMGII__ligand23197-0
95,QOMGII__ligand7242-0
96,QOMGII__ligand7106-0
97,QOMGII__ligand4720-0
98,QOMGII__ligand6839-0
99,QOMGII__ligand8969-0
100,QOMGII__ligand3131-0
101,QOMGII__ligand1202-0
102,QOMGII__ligand3937-0
103,QOMGII__ligand3174-0
104,QOMGII__ligand10371-0
105,QOMGII__ligand13672-0
106,QOMGII__ligand5211-0
107,QOMGII__ligand314-0
108,QOMGII__ligand780-0
109,QOMGII__ligand3094-0
110,QOMGII__ligand18568-0
111,QOMGII__ligand4155-0
112,QOMGII__ligand28685-0
113,QOMGII__ligand813-0
114,QOMGII__ligand19184-0
115,QOMGII__ligand391-0
116,QOMGII__ligand6919-0
117,QOMGII__ligand3852-0
118,QOMGII__ligand2485-0
119,QOMGII__ligand1512-0
120,QOMGII__ligand5331-0
121,QOMGII__ligand12453-0
122,QOMGII__ligand18448-0
123,QOMGII__ligand3565-0
124,QOMGII__ligand618-0
125,QOMGII__ligand28459-0
126,QOMGII__ligand29215-0
127,QOMGII__ligand7126-0
128,QOMGII__ligand2028-0
129,QOMGII__ligand8835-0
130,QOMGII__ligand784-0
131,QOMGII__ligand26631-0
132,QOMGII__ligand16148-0
133,QOMGII__ligand12003-0
134,QOMGII__ligand69-0
135,QOMGII__ligand21399-0
136,QOMGII__ligand10872-0
137,QOMGII__ligand3234-0
138,QOMGII__ligand1142-0
139,QOMGII__ligand11-0
140,QOMGII__ligand22403-0
141,QOMGII__ligand27754-0
142,QOMGII__ligand20695-0
143,QOMGII__ligand368-0
144,QOMGII__ligand16369-0
145,QOMGII__ligand395-0
146,QOMGII__ligand4641-0
147,QOMGII__ligand28540-0
148,QOMGII__ligand11111-0
149,QOMGII__ligand6067-0
150,QOMGII__ligand1577-0
151,QOMGII__ligand2295-0
152,QOMGII__ligand115-0
153,QOMGII__ligand26529-0
154,QOMGII__ligand4620-0
155,QOMGII__ligand11618-0
156,QOMGII__ligand19927-0
157,QOMGII__ligand6102-0
158,QOMGII__ligand6904-0
159,QOMGII__ligand3721-0
160,QOMGII__ligand6596-0
161,QOMGII__ligand28559-0
162,QOMGII__ligand833-0
163,QOMGII__ligand26324-0
164,QOMGII__ligand14043-0
165,QOMGII__ligand3465-0
166,QOMGII__ligand21729-0
167,QOMGII__ligand27239-0
168,QOMGII__ligand2917-0
169,QOMGII__ligand7819-0
170,QOMGII__ligand6244-0
171,QOMGII__ligand11949-0
172,QOMGII__ligand22129-0
173,QOMGII__ligand1378-0
174,QOMGII__ligand12138-0
175,QOMGII__ligand24780-0
176,QOMGII__ligand25561-0
177,QOMGII__ligand506-0
178,QOMGII__ligand2915-0
179,QOMGII__ligand3156-0
180,QOMGII__ligand1631-0
181,QOMGII__ligand152-0
182,QOMGII__ligand31694-0
183,QOMGII__ligand1575-0
184,QOMGII__ligand1530-0
185,QOMGII__ligand29486-0
186,QOMGII__ligand9933-0
187,QOMGII__ligand9441-0
188,QOMGII__ligand17427-0
189,QOMGII__ligand8-0
190,QOMGII__ligand2332-0
191,QOMGII__ligand14569-0
192,QOMGII__ligand9111-0
193,QOMGII__ligand9952-0
194,QOMGII__ligand13385-0
195,QOMGII__ligand176-0
196,QOMGII__ligand24111-0
197,QOMGII__ligand22444-0
198,QOMGII__ligand1615-0
199,QOMGII__ligand5036-0
200,QOMGII__ligand2526-0
201,QOMGII__ligand1823-0
202,QOMGII__ligand5643-0
203,QOMGII__ligand11587-0
204,QOMGII__ligand13220-0
205,QOMGII__ligand746-0
206,QOMGII__ligand1324-0
207,QOMGII__ligand17396-0
208,QOMGII__ligand8721-0
209,QOMGII__ligand23175-0
210,QOMGII__ligand447-0
211,QOMGII__ligand15788-0
212,QOMGII__ligand27840-0
213,QOMGII__ligand7967-0
214,QOMGII__ligand6124-0
215,QOMGII__ligand30728-0
216,QOMGII__ligand3707-0
217,QOMGII__ligand1018-0
218,QOMGII__ligand24872-0
219,QOMGII__ligand487-0
220,QOMGII__ligand4116-0
221,QOMGII__ligand10033-0
222,QOMGII__ligand24644-0
223,QOMGII__ligand8992-0
224,QOMGII__ligand12001-0
225,QOMGII__ligand9601-0
226,QOMGII__ligand24851-0
227,QOMGII__ligand20530-0
228,QOMGII__ligand11698-0
229,QOMGII__ligand13657-0
230,QOMGII__ligand14347-0
231,QOMGII__ligand14302-0
232,QOMGII__ligand7107-0
233,QOMGII__ligand27610-0
234,QOMGII__ligand10479-0
235,QOMGII__ligand11479-0
236,QOMGII__ligand29441-0
237,QOMGII__ligand48-0
238,QOMGII__ligand10853-0
239,QOMGII__ligand3215-0
240,QOMGII__ligand294-0
241,QOMGII__ligand4738-0
242,QOMGII__ligand4813-0
243,QOMGII__ligand5813-0
244,QOMGII__ligand685-0
245,QOMGII__ligand6062-0
246,QOMGII__ligand16952-0
247,QOMGII__ligand29813-0
248,QOMGII__ligand6283-0
249,QOMGII__ligand421-0
250,QOMGII__ligand20220-0
251,QOMGII__ligand15387-0
252,QOMGII__ligand20121-0
253,QOMGII__ligand4330-0
254,QOMGII__ligand235-0
255,QOMGII__ligand2599-0
256,QOMGII__ligand134-0
257,QOMGII__ligand51-0
258,QOMGII__ligand10151-0
259,QOMGII__ligand7532-0
260,QOMGII__ligand4194-0
261,QOMGII__ligand7925-0
262,QOMGII__ligand19668-0
263,QOMGII__ligand2068-0
264,QOMGII__ligand19906-0
265,QOMGII__ligand22353-0
266,QOMGII__ligand1147-0
267,QOMGII__ligand91-0
268,QOMGII__ligand560-0
269,QOMGII__ligand3973-0
270,QOMGII__ligand2403-0
271,QOMGII__ligand11606-0
272,QOMGII__ligand783-0
273,QOMGII__ligand31000-0
274,QOMGII__ligand352-0
275,QOMGII__ligand3934-0
276,QOMGII__ligand26673-0
277,QOMGII__ligand6882-0
278,QOMGII__ligand6455-0
279,QOMGII__ligand20821-0
280,QOMGII__ligand16-0
281,QOMGII__ligand9681-0
282,QOMGII__ligand19824-0
283,QOMGII__ligand18067-0
284,QOMGII__ligand4332-0
285,QOMGII__ligand3012-0
286,QOMGII__ligand11252-0
287,QOMGII__ligand1449-0
288,QOMGII__ligand1065-0
289,QOMGII__ligand10582-0
290,QOMGII__ligand13260-0
291,QOMGII__ligand868-0
292,QOMGII__ligand7530-0
293,QOMGII__ligand5316-0
294,QOMGII__ligand25658-0
295,QOMGII__ligand17686-0
296,QOMGII__ligand5483-0
297,QOMGII__ligand31205-0
298,QOMGII__ligand32-0
299,QOMGII__ligand1729-0
300,QOMGII__ligand5627-0
301,QOMGII__ligand11177-0
302,QOMGII__ligand15455-0
303,QOMGII__ligand2830-0
304,QOMGII__ligand16870-0
305,QOMGII__ligand1415-0
306,QOMGII__ligand6946-0
307,QOMGII__ligand11622-0
308,QOMGII__ligand7529-0
309,QOMGII__ligand11814-0
310,QOMGII__ligand197-0
311,QOMGII__ligand16603-0
312,QOMGII__ligand9148-0
313,QOMGII__ligand14339-0
314,QOMGII__ligand1469-0
315,QOMGII__ligand3871-0
316,QOMGII__ligand1768-0
317,QOMGII__ligand30788-0
318,QOMGII__ligand13691-0
319,QOMGII__ligand4850-0
320,QOMGII__ligand5056-0
321,QOMGII__ligand21752-0
322,QOMGII__ligand116-0
323,QOMGII__ligand3647-0
324,QOMGII__ligand5357-0
325,QOMGII__ligand252-0
326,QOMGII__ligand1688-0
327,QOMGII__ligand18757-0
328,QOMGII__ligand193-0
329,QOMGII__ligand24560-0
330,QOMGII__ligand3157-0
331,QOMGII__ligand18413-0
332,QOMGII__ligand20844-0
333,QOMGII__ligand9525-0
334,QOMGII__ligand24624-0
335,QOMGII__ligand1165-0
336,QOMGII__ligand5935-0
337,QOMGII__ligand830-0
338,QOMGII__ligand2722-0
339,QOMGII__ligand1379-0
340,QOMGII__ligand372-0
341,QOMGII__ligand909-0
342,QOMGII__ligand5849-0
343,QOMGII__ligand30004-0
344,QOMGII__ligand20557-0
345,QOMGII__ligand3392-0
346,QOMGII__ligand1771-0
347,QOMGII__ligand4911-0
348,QOMGII__ligand25048-0
349,QOMGII__ligand8349-0
350,QOMGII__ligand21940-0
351,QOMGII__ligand8464-0
352,QOMGII__ligand1709-0
353,QOMGII__ligand27122-0
354,QOMGII__ligand20432-0
355,QOMGII__ligand16133-0
356,QOMGII__ligand13755-0
357,QOMGII__ligand24953-0
358,QOMGII__ligand57-0
359,QOMGII__ligand23445-0
360,QOMGII__ligand177-0
361,QOMGII__ligand2527-0
362,QOMGII__ligand8722-0
363,QOMGII__ligand17069-0
364,QOMGII__ligand6672-0
365,QOMGII__ligand9809-0
366,QOMGII__ligand1327-0
367,QOMGII__ligand14477-0
368,QOMGII__ligand17445-0
369,QOMGII__ligand3350-0
370,QOMGII__ligand7573-0
371,QOMGII__ligand2781-0
372,QOMGII__ligand12413-0
373,QOMGII__ligand29334-0
374,QOMGII__ligand2208-0
375,QOMGII__ligand55-0
376,QOMGII__ligand3208-0
377,QOMGII__ligand20731-0
378,QOMGII__ligand188-0
379,QOMGII__ligand11798-0
380,QOMGII__ligand564-0
381,QOMGII__ligand21448-0
382,QOMGII__ligand9197-0
383,QOMGII__ligand22357-0
384,QOMGII__ligand620-0
385,QOMGII__ligand11758-0
386,QOMGII__ligand370-1
387,QOMGII__ligand68-0
388,QOMGII__ligand1900-0
389,QOMGII__ligand29214-0
390,QOMGII__ligand1773-0
391,QOMGII__ligand4581-0
392,QOMGII__ligand2328-0
393,QOMGII__ligand11501-0
394,QOMGII__ligand7162-0
395,QOMGII__ligand479-0
396,QOMGII__ligand11544-0
397,QOMGII__ligand3029-0
398,QOMGII__ligand785-0
399,QOMGII__ligand311-0
400,QOMGII__ligand27550-0
401,QOMGII__ligand5094-0
402,QOMGII__ligand5892-0
403,QOMGII__ligand370-0
404,QOMGII__ligand18019-1
405,QOMGII__ligand14007-0
406,QOMGII__ligand4131-0
407,QOMGII__ligand1712-0
408,QOMGII__ligand1496-0
409,QOMGII__ligand7557-0
410,QOMGII__ligand29565-0
411,QOMGII__ligand23682-0
412,QOMGII__ligand18158-0
413,QOMGII__ligand27771-0
414,QOMGII__ligand250-0
415,QOMGII__ligand20942-1
416,QOMGII__ligand1533-0
417,QOMGII__ligand14226-0
418,QOMGII__ligand21339-0
419,QOMGII__ligand16956-0
420,QOMGII__ligand34-0
421,QOMGII__ligand16791-0
422,QOMGII__ligand5201-0
423,QOMGII__ligand28668-0
424,QOMGII__ligand571-0
425,QOMGII__ligand534-0
426,QOMGII__ligand670-0
427,QOMGII__ligand8553-0
428,QOMGII__ligand18465-0
429,QOMGII__ligand18799-0
430,QOMGII__ligand1113-0
431,QOMGII__ligand38-0
432,QOMGII__ligand29863-0
433,QOMGII__ligand9944-0
434,QOMGII__ligand18074-0
435,QOMGII__ligand13869-0
436,QOMGII__ligand8593-0
437,QOMGII__ligand29610-0
438,QOMGII__ligand2001-0
439,QOMGII__ligand11140-0
440,QOMGII__ligand7566-0
441,QOMGII__ligand25267-0
442,QOMGII__ligand694-0
443,QOMGII__ligand2281-0
444,QOMGII__ligand2650-0
445,QOMGII__ligand10084-0
446,QOMGII__ligand4340-0
447,QOMGII__ligand12467-0
448,QOMGII__ligand3180-0
449,QOMGII__ligand488-0
450,QOMGII__ligand13257-0
451,QOMGII__ligand6995-0
452,QOMGII__ligand21936-0
453,QOMGII__ligand358-0
454,QOMGII__ligand2823-0
455,QOMGII__ligand430-0
456,QOMGII__ligand23904-0
457,QOMGII__ligand27074-0
458,QOMGII__ligand22981-0
459,QOMGII__ligand25805-0
460,QOMGII__ligand3471-0
461,QOMGII__ligand4161-0
462,QOMGII__ligand20599-0
463,QOMGII__ligand4124-0
464,QOMGII__ligand27169-0
465,QOMGII__ligand5415-0
466,QOMGII__ligand14523-0
467,QOMGII__ligand18391-0
468,QOMGII__ligand1028-0
469,QOMGII__ligand4262-0
470,QOMGII__ligand12295-0
471,QOMGII__ligand27835-0
472,QOMGII__ligand21787-0
473,QOMGII__ligand25575-0
474,QOMGII__ligand25689-0
475,QOMGII__ligand656-0
476,QOMGII__ligand1618-0
477,QOMGII__ligand2692-0
478,QOMGII__ligand30539-0
479,QOMGII__ligand66-0
480,QOMGII__ligand696-0
481,QOMGII__ligand23906-0
482,QOMGII__ligand2027-0
483,QOMGII__ligand21132-0
484,QOMGII__ligand11166-0
485,QOMGII__ligand1015-0
486,QOMGII__ligand1050-0
487,QOMGII__ligand226-0
488,QOMGII__ligand1169-0
489,QOMGII__ligand162-0
490,QOMGII__ligand42-0
491,QOMGII__ligand8529-0
492,QOMGII__ligand25735-0
493,QOMGII__ligand12519-0
494,QOMGII__ligand383-0
495,QOMGII__ligand11206-0
496,QOMGII__ligand23124-0
497,QOMGII__ligand416-0
498,QOMGII__ligand12660-0
499,QOMGII__ligand13209-0
500,QOMGII__ligand19257-0
501,QOMGII__ligand1498-0
502,QOMGII__ligand4596-0
503,QOMGII__ligand1154-0
504,QOMGII__ligand31248-0
505,QOMGII__ligand25650-0
506,QOMGII__ligand9615-0
507,QOMGII__ligand3042-0
508,QOMGII__ligand29898-0
509,QOMGII__ligand8200-0
510,QOMGII__ligand7438-0
511,QOMGII__ligand26277-0
512,QOMGII__ligand4063-0
513,QOMGII__ligand22755-0
514,QOMGII__ligand11432-0
515,QOMGII__ligand31618-0
516,QOMGII__ligand10432-0
517,QOMGII__ligand1539-0
518,QOMGII__ligand1150-0
519,QOMGII__ligand633-0
520,QOMGII__ligand15168-0
521,QOMGII__ligand24064-0
522,QOMGII__ligand1-0
523,QOMGII__ligand497-0
524,QOMGII__ligand3453-0
525,QOMGII__ligand3416-0
526,QOMGII__ligand4207-0
527,QOMGII__ligand23589-0
528,QOMGII__ligand1288-0
529,QOMGII__ligand29087-0
530,QOMGII__ligand18703-0
531,QOMGII__ligand4266-0
532,QOMGII__ligand1400-0
533,QOMGII__ligand28924-0
534,QOMGII__ligand326-0
535,QOMGII__ligand9491-0
536,QOMGII__ligand15438-0
537,QOMGII__ligand4167-0
538,QOMGII__ligand1779-0
539,QOMGII__ligand24750-0
540,QOMGII__ligand6993-0
541,QOMGII__ligand1817-0
542,QOMGII__ligand9750-0
543,QOMGII__ligand436-0
544,QOMGII__ligand7075-0
545,QOMGII__ligand17945-0
546,QOMGII__ligand25224-0
547,QOMGII__ligand18013-0
548,QOMGII__ligand692-0
549,QOMGII__ligand31578-0
550,QOMGII__ligand3980-0
551,QOMGII__ligand17207-0
552,QOMGII__ligand3557-0
553,QOMGII__ligand1149-0
554,QOMGII__ligand1786-0
555,QOMGII__ligand5630-0
556,QOMGII__ligand18699-0
557,QOMGII__ligand12682-0
558,QOMGII__ligand1908-0
559,QOMGII__ligand17240-0
560,QOMGII__ligand17590-0
561,QOMGII__ligand4795-0
562,QOMGII__ligand3285-0
563,QOMGII__ligand3144-0
564,QOMGII__ligand13072-0
565,QOMGII__ligand5085-0
566,QOMGII__ligand4710-0
567,QOMGII__ligand12336-0
568,QOMGII__ligand18-0
569,QOMGII__ligand5755-0
570,QOMGII__ligand1828-0
571,QOMGII__ligand1397-0
572,QOMGII__ligand7213-0
573,QOMGII__ligand324-0
574,QOMGII__ligand8042-0
575,QOMGII__ligand361-0
576,QOMGII__ligand6112-0
577,QOMGII__ligand409-0
578,QOMGII__ligand24613-0
579,QOMGII__ligand5019-0
580,QOMGII__ligand1152-0
581,QOMGII__ligand3261-0
582,QOMGII__ligand588-0
583,QOMGII__ligand19725-0
584,QOMGII__ligand1216-0
585,QOMGII__ligand10555-0
586,QOMGII__ligand31483-0
587,QOMGII__ligand300-0
588,QOMGII__ligand3-0
589,QOMGII__ligand1849-0
590,QOMGII__ligand5280-0
591,QOMGII__ligand5614-0
592,QOMGII__ligand1831-0
593,QOMGII__ligand11568-0
594,QOMGII__ligand5515-0
595,QOMGII__ligand6663-0
596,QOMGII__ligand20579-0
597,QOMGII__ligand17710-0
598,QOMGII__ligand199-0
599,QOMGII__ligand21421-0
600,QOMGII__ligand14586-0
601,QOMGII__ligand11774-0
602,QOMGII__ligand25411-0
603,QOMGII__ligand7291-0
604,QOMGII__ligand9883-0
605,QOMGII__ligand3677-1
606,QOMGII__ligand777-0
607,QOMGII__ligand2985-0
608,QOMGII__ligand14174-0
609,QOMGII__ligand10712-0
610,QOMGII__ligand4007-0
611,QOMGII__ligand941-0
612,QOMGII__ligand67-0
613,QOMGII__ligand596-0
614,QOMGII__ligand11456-0
615,QOMGII__ligand9299-0
616,QOMGII__ligand14248-0
617,QOMGII__ligand29879-0
618,QOMGII__ligand187-0
619,QOMGII__ligand12030-0
620,QOMGII__ligand3945-0
621,QOMGII__ligand657-0
622,QOMGII__ligand28884-0
623,QOMGII__ligand2693-0
624,QOMGII__ligand5383-0
625,QOMGII__ligand13331-0
626,QOMGII__ligand9344-0
627,QOMGII__ligand3736-0
628,QOMGII__ligand13294-0
629,QOMGII__ligand8000-0
630,QOMGII__ligand366-0
631,QOMGII__ligand31832-0
632,QOMGII__ligand6892-0
633,QOMGII__ligand1211-0
634,QOMGII__ligand26810-0
635,QOMGII__ligand27482-0
636,QOMGII__ligand3712-0
637,QOMGII__ligand1464-0
638,QOMGII__ligand4-0
639,QOMGII__ligand13208-0
640,QOMGII__ligand845-0
641,QOMGII__ligand1499-0
642,QOMGII__ligand2881-0
643,QOMGII__ligand6699-0
644,QOMGII__ligand20682-0
645,QOMGII__ligand13390-0
646,QOMGII__ligand3677-0
647,QOMGII__ligand3632-0
648,QOMGII__ligand1168-0
649,QOMGII__ligand126-0
650,QOMGII__ligand43-0
651,QOMGII__ligand163-0
652,QOMGII__ligand1294-0
653,QOMGII__ligand30702-0
654,QOMGII__ligand20214-0
655,QOMGII__ligand9773-0
656,QOMGII__ligand20251-0
657,QOMGII__ligand338-0
658,QOMGII__ligand5510-0
659,QOMGII__ligand1376-0
660,QOMGII__ligand20539-0
661,QOMGII__ligand21581-0
662,QOMGII__ligand31097-0
663,QOMGII__ligand14117-0
664,QOMGII__ligand17261-0
665,QOMGII__ligand1296-0
666,QOMGII__ligand2259-0
667,QOMGII__ligand1197-0
668,QOMGII__ligand8592-0
669,QOMGII__ligand5099-0
670,QOMGII__ligand21371-0
671,QOMGII__ligand17118-0
672,QOMGII__ligand4358-0
673,QOMGII__ligand3926-0
674,QOMGII__ligand20419-0
675,QOMGII__ligand3120-0
676,QOMGII__ligand28789-0
677,QOMGII__ligand2221-0
678,QOMGII__ligand4101-0
679,QOMGII__ligand5595-0
680,QOMGII__ligand29568-0
681,QOMGII__ligand14889-0
682,QOMGII__ligand30851-0
683,QOMGII__ligand17982-0
684,QOMGII__ligand29414-0
685,QOMGII__ligand178-0
686,QOMGII__ligand20011-0
687,QOMGII__ligand17278-0
688,QOMGII__ligand5080-0
689,QOMGII__ligand279-0
690,QOMGII__ligand7762-0
691,QOMGII__ligand185-0
692,QOMGII__ligand8002-0
693,QOMGII__ligand5509-0
694,QOMGII__ligand321-0
695,QOMGII__ligand17398-0
696,QOMGII__ligand6117-0
697,QOMGII__ligand1407-0
698,QOMGII__ligand24047-0
699,QOMGII__ligand10589-0
700,QOMGII__ligand22557-0
701,QOMGII__ligand20598-0
702,QOMGII__ligand11675-0
703,QOMGII__ligand16475-0
704,QOMGII__ligand14703-0
705,QOMGII__ligand7293-0
706,QOMGII__ligand2822-0
707,QOMGII__ligand3867-0
708,QOMGII__ligand1317-0
709,QOMGII__ligand9167-0
710,QOMGII__ligand201-0
711,QOMGII__ligand5304-0
712,QOMGII__ligand2238-0
713,QOMGII__ligand20251-1
714,QOMGII__ligand2788-0
715,QOMGII__ligand5649-0
716,QOMGII__ligand8793-0
717,QOMGII__ligand4649-0
718,QOMGII__ligand30333-0
719,QOMGII__ligand12606-0
720,QOMGII__ligand17281-0
721,QOMGII__ligand2906-0
722,QOMGII__ligand30296-0
723,QOMGII__ligand12337-0
724,QOMGII__ligand3244-0
725,QOMGII__ligand4711-0
726,QOMGII__ligand29410-0
727,QOMGII__ligand19-0
728,QOMGII__ligand26540-0
729,QOMGII__ligand28468-0
730,QOMGII__ligand20740-0
731,QOMGII__ligand141-0
732,QOMGII__ligand24-0
733,QOMGII__ligand12427-0
734,QOMGII__ligand4807-0
735,QOMGII__ligand3178-0
736,QOMGII__ligand16628-0
737,QOMGII__ligand240-0
738,QOMGII__ligand5530-0
739,QOMGII__ligand1356-0
740,QOMGII__ligand1787-0
741,QOMGII__ligand9753-0
742,QOMGII__ligand7196-0
743,QOMGII__ligand27460-0
744,QOMGII__ligand5159-0
745,QOMGII__ligand6017-0
746,QOMGII__ligand27175-0
747,QOMGII__ligand18832-0
748,QOMGII__ligand23713-0
749,QOMGII__ligand7316-0
750,QOMGII__ligand30988-0
751,QOMGII__ligand45-0
752,QOMGII__ligand5708-0
753,QOMGII__ligand27893-0
754,QOMGII__ligand384-0
755,QOMGII__ligand14723-0
756,QOMGII__ligand19641-0
757,QOMGII__ligand5180-0
758,QOMGII__ligand12934-0
759,QOMGII__ligand20578-0
760,QOMGII__ligand15422-0
761,QOMGII__ligand7172-0
762,QOMGII__ligand7273-0
763,QOMGII__ligand768-0
764,QOMGII__ligand31783-0
765,QOMGII__ligand9323-0
766,QOMGII__ligand17258-0
767,QOMGII__ligand1116-0
768,QOMGII__ligand1153-0
769,QOMGII__ligand3225-0
770,QOMGII__ligand2260-0
771,QOMGII__ligand14603-0
772,QOMGII__ligand78-0
773,QOMGII__ligand14297-0
774,QOMGII__ligand7092-0
775,QOMGII__ligand26665-0
776,QOMGII__ligand8612-0
777,QOMGII__ligand17631-0
778,QOMGII__ligand13012-0
779,QOMGII__ligand2124-0
780,QOMGII__ligand17302-0
781,QOMGII__ligand2417-0
782,QOMGII__ligand17805-0
783,QOMGII__ligand3126-0
784,QOMGII__ligand6391-0
785,QOMGII__ligand23769-0
786,QOMGII__ligand24185-0
787,QOMGII__ligand9284-0
788,QOMGII__ligand25178-0
789,QOMGII__ligand1114-0
790,QOMGII__ligand122-0
791,QOMGII__ligand24145-0
792,QOMGII__ligand12401-0
793,QOMGII__ligand1604-0
794,QOMGII__ligand15585-0
795,QOMGII__ligand9943-0
796,QOMGII__ligand1228-0
797,QOMGII__ligand13068-0
798,QOMGII__ligand19830-0
799,QOMGII__ligand10476-0
800,QOMGII__ligand2043-0
801,QOMGII__ligand17387-0
802,QOMGII__ligand12130-0
803,QOMGII__ligand18292-0
804,QOMGII__ligand12289-0
805,QOMGII__ligand26702-0
806,QOMGII__ligand13658-0
807,QOMGII__ligand8788-0
808,QOMGII__ligand1832-0
809,QOMGII__ligand12231-0
810,QOMGII__ligand757-0
811,QOMGII__ligand2612-0
812,QOMGII__ligand18814-0
813,QOMGII__ligand693-0
814,QOMGII__ligand19057-0
815,QOMGII__ligand29302-0
816,QOMGII__ligand13425-0
817,QOMGII__ligand1599-0
818,QOMGII__ligand9450-0
819,QOMGII__ligand27763-0
820,QOMGII__ligand28676-0
821,QOMGII__ligand10262-0
822,QOMGII__ligand12641-0
823,QOMGII__ligand10958-0
824,QOMGII__ligand14108-0
825,QOMGII__ligand1289-0
826,QOMGII__ligand5387-0
827,QOMGII__ligand2203-0
