,TMC
0,HAJWOE__ligand188-0
1,HAJWOE__ligand1228-0
2,HAJWOE__ligand9244-0
3,HAJWOE__ligand444-0
4,HAJWOE__ligand369-0
5,HAJWOE__ligand1114-0
6,HAJWOE__ligand311-0
7,HAJWOE__ligand1538-0
8,HAJWOE__ligand370-0
9,HAJWOE__ligand3246-0
10,HAJWOE__ligand1479-0
11,HAJWOE__ligand250-0
12,HAJWOE__ligand1148-0
13,HAJWOE__ligand460-0
14,HAJWOE__ligand6502-0
15,HAJWOE__ligand252-0
16,HAJWOE__ligand2098-0
17,HAJWOE__ligand2863-0
18,HAJWOE__ligand955-0
19,HAJWOE__ligand3178-0
20,HAJWOE__ligand6332-0
21,HAJWOE__ligand3145-0
22,HAJWOE__ligand830-0
23,HAJWOE__ligand5548-0
24,HAJWOE__ligand7915-0
25,HAJWOE__ligand193-0
26,HAJWOE__ligand1747-0
27,HAJWOE__ligand6686-0
28,HAJWOE__ligand851-0
29,HAJWOE__ligand67-0
30,HAJWOE__ligand2751-0
31,HAJWOE__ligand909-0
32,HAJWOE__ligand934-0
33,HAJWOE__ligand177-0
34,HAJWOE__ligand3041-0
35,HAJWOE__ligand2634-0
36,HAJWOE__ligand1542-0
37,HAJWOE__ligand6277-0
38,HAJWOE__ligand783-0
39,HAJWOE__ligand352-0
40,HAJWOE__ligand10357-0
41,HAJWOE__ligand1951-0
42,HAJWOE__ligand15630-0
43,HAJWOE__ligand1687-0
44,HAJWOE__ligand868-0
45,HAJWOE__ligand2259-0
46,HAJWOE__ligand2688-0
47,HAJWOE__ligand442-0
48,HAJWOE__ligand136-0
49,HAJWOE__ligand2768-0
50,HAJWOE__ligand1376-0
51,HAJWOE__ligand112-0
52,HAJWOE__ligand197-0
53,HAJWOE__ligand1706-0
54,HAJWOE__ligand296-0
55,HAJWOE__ligand3734-0
56,HAJWOE__ligand2629-0
57,HAJWOE__ligand4381-0
58,HAJWOE__ligand294-0
59,HAJWOE__ligand993-0
60,HAJWOE__ligand331-0
61,HAJWOE__ligand1171-0
62,HAJWOE__ligand45-0
63,HAJWOE__ligand78-0
64,HAJWOE__ligand798-0
65,HAJWOE__ligand5801-0
66,HAJWOE__ligand85-0
67,HAJWOE__ligand421-0
68,HAJWOE__ligand1438-0
69,HAJWOE__ligand916-0
70,HAJWOE__ligand584-0
71,HAJWOE__ligand3063-0
72,HAJWOE__ligand390-0
73,HAJWOE__ligand1544-0
74,HAJWOE__ligand1459-0
75,HAJWOE__ligand932-0
76,HAJWOE__ligand134-0
77,HAJWOE__ligand235-0
78,HAJWOE__ligand560-0
79,HAJWOE__ligand525-0
80,HAJWOE__ligand1048-0
81,HAJWOE__ligand2087-0
82,HAJWOE__ligand3757-0
83,HAJWOE__ligand109-0
84,HAJWOE__ligand1685-0
85,HAJWOE__ligand8-0
86,HAJWOE__ligand1703-0
87,HAJWOE__ligand2430-0
88,HAJWOE__ligand2907-0
89,HAJWOE__ligand8921-0
90,HAJWOE__ligand2285-0
91,HAJWOE__ligand1567-0
92,HAJWOE__ligand2510-0
93,HAJWOE__ligand2320-0
94,HAJWOE__ligand1056-0
95,HAJWOE__ligand682-0
96,HAJWOE__ligand2862-0
97,HAJWOE__ligand1607-0
98,HAJWOE__ligand447-0
99,HAJWOE__ligand133-0
100,HAJWOE__ligand1727-0
101,HAJWOE__ligand522-0
102,HAJWOE__ligand666-0
103,HAJWOE__ligand487-0
104,HAJWOE__ligand66-0
105,HAJWOE__ligand1152-0
106,HAJWOE__ligand784-0
107,HAJWOE__ligand355-0
108,HAJWOE__ligand21-0
109,HAJWOE__ligand485-0
110,HAJWOE__ligand3637-0
111,HAJWOE__ligand8774-0
112,HAJWOE__ligand1598-0
113,HAJWOE__ligand4303-0
114,HAJWOE__ligand1248-0
115,HAJWOE__ligand38-0
116,HAJWOE__ligand115-0
117,HAJWOE__ligand6294-0
118,HAJWOE__ligand1054-0
119,HAJWOE__ligand291-0
120,HAJWOE__ligand40-0
121,HAJWOE__ligand7464-0
122,HAJWOE__ligand210-0
123,HAJWOE__ligand10114-0
124,HAJWOE__ligand2864-0
125,HAJWOE__ligand2142-0
126,HAJWOE__ligand6151-0
127,HAJWOE__ligand2772-0
128,HAJWOE__ligand9495-0
129,HAJWOE__ligand6538-0
130,HAJWOE__ligand481-0
131,HAJWOE__ligand10479-0
132,HAJWOE__ligand314-0
133,HAJWOE__ligand2880-0
134,HAJWOE__ligand5941-0
135,HAJWOE__ligand2838-0
136,HAJWOE__ligand3838-0
137,HAJWOE__ligand1799-0
138,HAJWOE__ligand170-0
139,HAJWOE__ligand1169-0
140,HAJWOE__ligand5022-0
141,HAJWOE__ligand18-0
142,HAJWOE__ligand391-0
143,HAJWOE__ligand236-0
144,HAJWOE__ligand2794-0
145,HAJWOE__ligand2345-0
146,HAJWOE__ligand1835-0
147,HAJWOE__ligand4983-0
148,HAJWOE__ligand1502-0
149,HAJWOE__ligand353-0
150,HAJWOE__ligand14530-0
151,HAJWOE__ligand1113-0
152,HAJWOE__ligand2265-0
153,HAJWOE__ligand6396-0
154,HAJWOE__ligand62-0
155,HAJWOE__ligand9027-0
156,HAJWOE__ligand1273-0
157,HAJWOE__ligand502-0
158,HAJWOE__ligand196-0
159,HAJWOE__ligand10910-0
160,HAJWOE__ligand113-0
161,HAJWOE__ligand1052-0
162,HAJWOE__ligand422-0
163,HAJWOE__ligand86-0
164,HAJWOE__ligand8032-0
165,HAJWOE__ligand1858-0
166,HAJWOE__ligand797-0
167,HAJWOE__ligand32-0
168,HAJWOE__ligand5334-0
169,HAJWOE__ligand757-0
170,HAJWOE__ligand2315-0
171,HAJWOE__ligand1898-0
172,HAJWOE__ligand3051-0
173,HAJWOE__ligand4504-0
174,HAJWOE__ligand2480-0
175,HAJWOE__ligand1919-0
176,HAJWOE__ligand2389-0
177,HAJWOE__ligand1712-0
178,HAJWOE__ligand2110-0
179,HAJWOE__ligand2916-0
180,HAJWOE__ligand3579-0
181,HAJWOE__ligand1379-0
182,HAJWOE__ligand1299-0
183,HAJWOE__ligand6430-0
184,HAJWOE__ligand51-0
185,HAJWOE__ligand1264-0
186,HAJWOE__ligand1221-0
187,HAJWOE__ligand2929-0
188,HAJWOE__ligand29-0
189,HAJWOE__ligand91-0
190,HAJWOE__ligand240-0
191,HAJWOE__ligand2376-0
192,HAJWOE__ligand141-0
193,HAJWOE__ligand384-0
194,HAJWOE__ligand48-0
195,HAJWOE__ligand1325-0
196,HAJWOE__ligand2482-0
197,HAJWOE__ligand120-0
198,HAJWOE__ligand6571-0
199,HAJWOE__ligand1019-0
200,HAJWOE__ligand2442-0
201,HAJWOE__ligand7414-0
202,HAJWOE__ligand5762-0
203,HAJWOE__ligand1104-0
204,HAJWOE__ligand1321-0
205,HAJWOE__ligand124-0
206,HAJWOE__ligand1178-0
207,HAJWOE__ligand3566-0
208,HAJWOE__ligand34-0
209,HAJWOE__ligand1788-0
210,HAJWOE__ligand119-0
211,HAJWOE__ligand9620-0
212,HAJWOE__ligand55-0
213,HAJWOE__ligand4894-0
214,HAJWOE__ligand1260-0
215,HAJWOE__ligand321-0
216,HAJWOE__ligand279-0
217,HAJWOE__ligand178-0
218,HAJWOE__ligand100-0
219,HAJWOE__ligand244-0
220,HAJWOE__ligand201-0
221,HAJWOE__ligand3337-0
222,HAJWOE__ligand7514-0
223,HAJWOE__ligand95-0
224,HAJWOE__ligand1449-1
225,HAJWOE__ligand4811-0
226,HAJWOE__ligand1-0
227,HAJWOE__ligand1307-0
228,HAJWOE__ligand596-0
229,HAJWOE__ligand3-0
230,HAJWOE__ligand366-0
231,HAJWOE__ligand57-0
232,HAJWOE__ligand861-0
233,HAJWOE__ligand612-0
234,HAJWOE__ligand187-0
235,HAJWOE__ligand73-0
236,HAJWOE__ligand1246-0
237,HAJWOE__ligand6166-0
238,HAJWOE__ligand126-0
239,HAJWOE__ligand3853-0
240,HAJWOE__ligand2853-0
241,HAJWOE__ligand5089-0
242,HAJWOE__ligand2599-0
243,HAJWOE__ligand105-0
244,HAJWOE__ligand140-0
245,HAJWOE__ligand4-0
246,HAJWOE__ligand11730-0
247,HAJWOE__ligand3196-0
248,HAJWOE__ligand4012-0
249,HAJWOE__ligand361-0
250,HAJWOE__ligand324-0
251,HAJWOE__ligand409-0
252,HAJWOE__ligand2915-0
253,HAJWOE__ligand1690-0
254,HAJWOE__ligand89-0
255,HAJWOE__ligand575-0
256,HAJWOE__ligand2707-0
257,HAJWOE__ligand927-0
258,HAJWOE__ligand199-0
259,HAJWOE__ligand2526-0
260,HAJWOE__ligand49-0
261,HAJWOE__ligand1551-0
262,HAJWOE__ligand166-0
263,HAJWOE__ligand4370-0
264,HAJWOE__ligand838-0
265,HAJWOE__ligand3618-0
266,HAJWOE__ligand497-0
267,HAJWOE__ligand2618-0
268,HAJWOE__ligand918-0
269,HAJWOE__ligand1436-0
270,HAJWOE__ligand633-0
271,HAJWOE__ligand532-0
272,HAJWOE__ligand17-0
273,HAJWOE__ligand821-0
274,HAJWOE__ligand2255-0
275,HAJWOE__ligand326-0
276,HAJWOE__ligand553-0
277,HAJWOE__ligand4175-0
278,HAJWOE__ligand283-0
279,HAJWOE__ligand142-0
280,HAJWOE__ligand206-0
281,HAJWOE__ligand436-0
282,HAJWOE__ligand1918-0
283,HAJWOE__ligand92-0
284,HAJWOE__ligand6-0
285,HAJWOE__ligand5235-0
286,HAJWOE__ligand6143-0
287,HAJWOE__ligand4619-0
288,HAJWOE__ligand3251-0
289,HAJWOE__ligand9176-0
290,HAJWOE__ligand1493-0
291,HAJWOE__ligand3035-0
292,HAJWOE__ligand3070-0
293,HAJWOE__ligand2718-0
294,HAJWOE__ligand5758-0
295,HAJWOE__ligand383-0
296,HAJWOE__ligand162-0
297,HAJWOE__ligand3852-0
298,HAJWOE__ligand226-0
299,HAJWOE__ligand3478-0
300,HAJWOE__ligand1818-0
301,HAJWOE__ligand7456-0
302,HAJWOE__ligand670-0
303,HAJWOE__ligand118-0
304,HAJWOE__ligand571-0
305,HAJWOE__ligand3890-0
306,HAJWOE__ligand1907-0
307,HAJWOE__ligand4423-0
308,HAJWOE__ligand1555-0
309,HAJWOE__ligand1285-0
310,HAJWOE__ligand509-0
311,HAJWOE__ligand7630-0
312,HAJWOE__ligand358-0
313,HAJWOE__ligand430-0
314,HAJWOE__ligand669-0
315,HAJWOE__ligand7550-0
316,HAJWOE__ligand278-0
317,HAJWOE__ligand1038-0
318,HAJWOE__ligand2762-0
319,HAJWOE__ligand5093-0
320,HAJWOE__ligand2954-0
321,HAJWOE__ligand11-0
322,HAJWOE__ligand365-0
323,HAJWOE__ligand2253-0
324,HAJWOE__ligand1160-0
