,TMC
0,XOLXIF__ligand1273-0
1,XOLXIF__ligand120-0
2,XOLXIF__ligand384-0
3,XOLXIF__ligand1052-0
4,XOLXIF__ligand240-0
5,XOLXIF__ligand1502-0
6,XOLXIF__ligand141-0
7,XOLXIF__ligand2794-0
8,XOLXIF__ligand2345-0
9,XOLXIF__ligand1835-0
10,XOLXIF__ligand4983-0
11,XOLXIF__ligand9027-0
12,XOLXIF__ligand1113-0
13,XOLXIF__ligand2265-0
14,XOLXIF__ligand6396-0
15,XOLXIF__ligand2880-0
16,XOLXIF__ligand5941-0
17,XOLXIF__ligand2838-0
18,XOLXIF__ligand3838-0
19,XOLXIF__ligand1799-0
20,XOLXIF__ligand5022-0
21,XOLXIF__ligand1169-0
22,XOLXIF__ligand11-0
23,XOLXIF__ligand757-0
24,XOLXIF__ligand2864-0
25,XOLXIF__ligand797-0
26,XOLXIF__ligand9495-0
27,XOLXIF__ligand6151-0
28,XOLXIF__ligand2772-0
29,XOLXIF__ligand6538-0
30,XOLXIF__ligand2142-0
31,XOLXIF__ligand6294-0
32,XOLXIF__ligand1054-0
33,XOLXIF__ligand1598-0
34,XOLXIF__ligand126-0
35,XOLXIF__ligand89-0
36,XOLXIF__ligand1248-0
37,XOLXIF__ligand4303-0
38,XOLXIF__ligand49-0
39,XOLXIF__ligand7464-0
40,XOLXIF__ligand612-0
41,XOLXIF__ligand187-0
42,XOLXIF__ligand11730-0
43,XOLXIF__ligand366-0
44,XOLXIF__ligand861-0
45,XOLXIF__ligand8774-0
46,XOLXIF__ligand3637-0
47,XOLXIF__ligand596-0
48,XOLXIF__ligand100-0
49,XOLXIF__ligand1607-0
50,XOLXIF__ligand201-0
51,XOLXIF__ligand244-0
52,XOLXIF__ligand17-0
53,XOLXIF__ligand279-0
54,XOLXIF__ligand92-0
55,XOLXIF__ligand178-0
56,XOLXIF__ligand1152-0
57,XOLXIF__ligand1727-0
58,XOLXIF__ligand321-0
59,XOLXIF__ligand119-0
60,XOLXIF__ligand2907-0
61,XOLXIF__ligand1703-0
62,XOLXIF__ligand2430-0
63,XOLXIF__ligand2320-0
64,XOLXIF__ligand1056-0
65,XOLXIF__ligand2862-0
66,XOLXIF__ligand2285-0
67,XOLXIF__ligand1567-0
68,XOLXIF__ligand8921-0
69,XOLXIF__ligand2510-0
70,XOLXIF__ligand124-0
71,XOLXIF__ligand1459-0
72,XOLXIF__ligand436-0
73,XOLXIF__ligand142-0
74,XOLXIF__ligand1544-0
75,XOLXIF__ligand55-0
76,XOLXIF__ligand206-0
77,XOLXIF__ligand553-0
78,XOLXIF__ligand1685-0
79,XOLXIF__ligand283-0
80,XOLXIF__ligand95-0
81,XOLXIF__ligand2087-0
82,XOLXIF__ligand1048-0
83,XOLXIF__ligand821-0
84,XOLXIF__ligand3757-0
85,XOLXIF__ligand326-0
86,XOLXIF__ligand1171-0
87,XOLXIF__ligand918-0
88,XOLXIF__ligand633-0
89,XOLXIF__ligand532-0
90,XOLXIF__ligand8-0
91,XOLXIF__ligand497-0
92,XOLXIF__ligand838-0
93,XOLXIF__ligand3063-0
94,XOLXIF__ligand1438-0
95,XOLXIF__ligand34-0
96,XOLXIF__ligand166-0
97,XOLXIF__ligand5801-0
98,XOLXIF__ligand927-0
99,XOLXIF__ligand199-0
100,XOLXIF__ligand73-0
101,XOLXIF__ligand2629-0
102,XOLXIF__ligand575-0
103,XOLXIF__ligand4381-0
104,XOLXIF__ligand1706-0
105,XOLXIF__ligand3734-0
106,XOLXIF__ligand1951-0
107,XOLXIF__ligand1687-0
108,XOLXIF__ligand324-0
109,XOLXIF__ligand361-0
110,XOLXIF__ligand409-0
111,XOLXIF__ligand6277-0
112,XOLXIF__ligand1376-0
113,XOLXIF__ligand2768-0
114,XOLXIF__ligand57-0
115,XOLXIF__ligand140-0
116,XOLXIF__ligand105-0
117,XOLXIF__ligand2259-0
118,XOLXIF__ligand2688-0
119,XOLXIF__ligand365-0
120,XOLXIF__ligand2751-0
121,XOLXIF__ligand278-0
122,XOLXIF__ligand669-0
123,XOLXIF__ligand2634-0
124,XOLXIF__ligand1542-0
125,XOLXIF__ligand358-0
126,XOLXIF__ligand3041-0
127,XOLXIF__ligand430-0
128,XOLXIF__ligand32-0
129,XOLXIF__ligand509-0
130,XOLXIF__ligand3178-0
131,XOLXIF__ligand6332-0
132,XOLXIF__ligand2098-0
133,XOLXIF__ligand6502-0
134,XOLXIF__ligand2863-0
135,XOLXIF__ligand7915-0
136,XOLXIF__ligand5548-0
137,XOLXIF__ligand1747-0
138,XOLXIF__ligand6686-0
139,XOLXIF__ligand670-0
140,XOLXIF__ligand118-0
141,XOLXIF__ligand571-0
142,XOLXIF__ligand3145-0
143,XOLXIF__ligand48-0
144,XOLXIF__ligand3246-0
145,XOLXIF__ligand162-0
146,XOLXIF__ligand1148-0
147,XOLXIF__ligand226-0
148,XOLXIF__ligand1479-0
149,XOLXIF__ligand383-0
150,XOLXIF__ligand51-0
151,XOLXIF__ligand1228-0
152,XOLXIF__ligand9244-0
153,XOLXIF__ligand1114-0
154,XOLXIF__ligand91-0
155,XOLXIF__ligand1538-0
156,XOLXIF__ligand29-0
157,XOLXIF__ligand7550-0
158,XOLXIF__ligand10479-0
159,XOLXIF__ligand934-0
160,XOLXIF__ligand177-0
161,XOLXIF__ligand5093-0
162,XOLXIF__ligand2954-0
163,XOLXIF__ligand18-0
164,XOLXIF__ligand2253-0
165,XOLXIF__ligand909-0
166,XOLXIF__ligand1160-0
167,XOLXIF__ligand1038-0
168,XOLXIF__ligand851-0
169,XOLXIF__ligand2762-0
170,XOLXIF__ligand1907-0
171,XOLXIF__ligand193-0
172,XOLXIF__ligand10114-0
173,XOLXIF__ligand4423-0
174,XOLXIF__ligand3890-0
175,XOLXIF__ligand830-0
176,XOLXIF__ligand7630-0
177,XOLXIF__ligand1555-0
178,XOLXIF__ligand252-0
179,XOLXIF__ligand1285-0
180,XOLXIF__ligand955-0
181,XOLXIF__ligand3852-0
182,XOLXIF__ligand460-0
183,XOLXIF__ligand3478-0
184,XOLXIF__ligand5758-0
185,XOLXIF__ligand250-0
186,XOLXIF__ligand10910-0
187,XOLXIF__ligand7456-0
188,XOLXIF__ligand86-0
189,XOLXIF__ligand1818-0
190,XOLXIF__ligand370-0
191,XOLXIF__ligand3251-0
192,XOLXIF__ligand5235-0
193,XOLXIF__ligand6143-0
194,XOLXIF__ligand311-0
195,XOLXIF__ligand4619-0
196,XOLXIF__ligand1493-0
197,XOLXIF__ligand14530-0
198,XOLXIF__ligand2718-0
199,XOLXIF__ligand444-0
200,XOLXIF__ligand3035-0
201,XOLXIF__ligand369-0
202,XOLXIF__ligand3070-0
203,XOLXIF__ligand62-0
204,XOLXIF__ligand188-0
205,XOLXIF__ligand9176-0
206,XOLXIF__ligand4175-0
207,XOLXIF__ligand525-0
208,XOLXIF__ligand560-0
209,XOLXIF__ligand2255-0
210,XOLXIF__ligand109-0
211,XOLXIF__ligand134-0
212,XOLXIF__ligand1918-0
213,XOLXIF__ligand932-0
214,XOLXIF__ligand66-0
215,XOLXIF__ligand235-0
216,XOLXIF__ligand390-0
217,XOLXIF__ligand4370-0
218,XOLXIF__ligand584-0
219,XOLXIF__ligand916-0
220,XOLXIF__ligand6-0
221,XOLXIF__ligand798-0
222,XOLXIF__ligand421-0
223,XOLXIF__ligand331-0
224,XOLXIF__ligand1436-0
225,XOLXIF__ligand294-0
226,XOLXIF__ligand3618-0
227,XOLXIF__ligand993-0
228,XOLXIF__ligand2618-0
229,XOLXIF__ligand2707-0
230,XOLXIF__ligand38-0
231,XOLXIF__ligand197-0
232,XOLXIF__ligand1690-0
233,XOLXIF__ligand296-0
234,XOLXIF__ligand2526-0
235,XOLXIF__ligand112-0
236,XOLXIF__ligand40-0
237,XOLXIF__ligand1551-0
238,XOLXIF__ligand4-0
239,XOLXIF__ligand21-0
240,XOLXIF__ligand136-0
241,XOLXIF__ligand3196-0
242,XOLXIF__ligand4012-0
243,XOLXIF__ligand868-0
244,XOLXIF__ligand442-0
245,XOLXIF__ligand352-0
246,XOLXIF__ligand783-0
247,XOLXIF__ligand2915-0
248,XOLXIF__ligand6166-0
249,XOLXIF__ligand1246-0
250,XOLXIF__ligand291-0
251,XOLXIF__ligand115-0
252,XOLXIF__ligand2599-0
253,XOLXIF__ligand5089-0
254,XOLXIF__ligand3-0
255,XOLXIF__ligand3853-0
256,XOLXIF__ligand2853-0
257,XOLXIF__ligand10357-0
258,XOLXIF__ligand1307-0
259,XOLXIF__ligand15630-0
260,XOLXIF__ligand355-0
261,XOLXIF__ligand784-0
262,XOLXIF__ligand485-0
263,XOLXIF__ligand487-0
264,XOLXIF__ligand4894-0
265,XOLXIF__ligand1260-0
266,XOLXIF__ligand9620-0
267,XOLXIF__ligand522-0
268,XOLXIF__ligand666-0
269,XOLXIF__ligand133-0
270,XOLXIF__ligand1449-1
271,XOLXIF__ligand4811-0
272,XOLXIF__ligand447-0
273,XOLXIF__ligand3337-0
274,XOLXIF__ligand7514-0
275,XOLXIF__ligand45-0
276,XOLXIF__ligand682-0
277,XOLXIF__ligand3566-0
278,XOLXIF__ligand1178-0
279,XOLXIF__ligand1321-0
280,XOLXIF__ligand1-0
281,XOLXIF__ligand1788-0
282,XOLXIF__ligand85-0
283,XOLXIF__ligand78-0
284,XOLXIF__ligand422-0
285,XOLXIF__ligand1325-0
286,XOLXIF__ligand2482-0
287,XOLXIF__ligand6571-0
288,XOLXIF__ligand113-0
289,XOLXIF__ligand196-0
290,XOLXIF__ligand502-0
291,XOLXIF__ligand5762-0
292,XOLXIF__ligand7414-0
293,XOLXIF__ligand1104-0
294,XOLXIF__ligand2442-0
295,XOLXIF__ligand1019-0
296,XOLXIF__ligand6430-0
297,XOLXIF__ligand1299-0
298,XOLXIF__ligand1264-0
299,XOLXIF__ligand1221-0
300,XOLXIF__ligand1379-0
301,XOLXIF__ligand353-0
302,XOLXIF__ligand2376-0
303,XOLXIF__ligand2929-0
304,XOLXIF__ligand236-0
305,XOLXIF__ligand2389-0
306,XOLXIF__ligand391-0
307,XOLXIF__ligand170-0
308,XOLXIF__ligand1919-0
309,XOLXIF__ligand67-0
310,XOLXIF__ligand2110-0
311,XOLXIF__ligand2916-0
312,XOLXIF__ligand3579-0
313,XOLXIF__ligand1712-0
314,XOLXIF__ligand481-0
315,XOLXIF__ligand314-0
316,XOLXIF__ligand8032-0
317,XOLXIF__ligand1858-0
318,XOLXIF__ligand2315-0
319,XOLXIF__ligand3051-0
320,XOLXIF__ligand4504-0
321,XOLXIF__ligand2480-0
322,XOLXIF__ligand1898-0
323,XOLXIF__ligand210-0
324,XOLXIF__ligand5334-0
