,TMC
0,HIZTUF__ligand481-0
1,HIZTUF__ligand314-0
2,HIZTUF__ligand3041-0
3,HIZTUF__ligand1542-0
4,HIZTUF__ligand2634-0
5,HIZTUF__ligand170-0
6,HIZTUF__ligand2751-0
7,HIZTUF__ligand391-0
8,HIZTUF__ligand18-0
9,HIZTUF__ligand210-0
10,HIZTUF__ligand3145-0
11,HIZTUF__ligand1747-0
12,HIZTUF__ligand6686-0
13,HIZTUF__ligand5548-0
14,HIZTUF__ligand7915-0
15,HIZTUF__ligand2863-0
16,HIZTUF__ligand6502-0
17,HIZTUF__ligand2098-0
18,HIZTUF__ligand6332-0
19,HIZTUF__ligand3178-0
20,HIZTUF__ligand1479-0
21,HIZTUF__ligand502-0
22,HIZTUF__ligand196-0
23,HIZTUF__ligand1148-0
24,HIZTUF__ligand3246-0
25,HIZTUF__ligand113-0
26,HIZTUF__ligand422-0
27,HIZTUF__ligand86-0
28,HIZTUF__ligand236-0
29,HIZTUF__ligand1538-0
30,HIZTUF__ligand1114-0
31,HIZTUF__ligand353-0
32,HIZTUF__ligand62-0
33,HIZTUF__ligand9244-0
34,HIZTUF__ligand1228-0
35,HIZTUF__ligand447-0
36,HIZTUF__ligand3757-0
37,HIZTUF__ligand1048-0
38,HIZTUF__ligand2087-0
39,HIZTUF__ligand133-0
40,HIZTUF__ligand1685-0
41,HIZTUF__ligand522-0
42,HIZTUF__ligand1544-0
43,HIZTUF__ligand666-0
44,HIZTUF__ligand487-0
45,HIZTUF__ligand66-0
46,HIZTUF__ligand10910-0
47,HIZTUF__ligand1459-0
48,HIZTUF__ligand5801-0
49,HIZTUF__ligand1438-0
50,HIZTUF__ligand3063-0
51,HIZTUF__ligand682-0
52,HIZTUF__ligand14530-0
53,HIZTUF__ligand1171-0
54,HIZTUF__ligand3734-0
55,HIZTUF__ligand38-0
56,HIZTUF__ligand1706-0
57,HIZTUF__ligand10479-0
58,HIZTUF__ligand4381-0
59,HIZTUF__ligand115-0
60,HIZTUF__ligand2629-0
61,HIZTUF__ligand291-0
62,HIZTUF__ligand40-0
63,HIZTUF__ligand2259-0
64,HIZTUF__ligand2688-0
65,HIZTUF__ligand2768-0
66,HIZTUF__ligand10114-0
67,HIZTUF__ligand355-0
68,HIZTUF__ligand784-0
69,HIZTUF__ligand1376-0
70,HIZTUF__ligand485-0
71,HIZTUF__ligand21-0
72,HIZTUF__ligand6277-0
73,HIZTUF__ligand1687-0
74,HIZTUF__ligand1951-0
75,HIZTUF__ligand7464-0
76,HIZTUF__ligand112-0
77,HIZTUF__ligand4303-0
78,HIZTUF__ligand197-0
79,HIZTUF__ligand1248-0
80,HIZTUF__ligand296-0
81,HIZTUF__ligand1598-0
82,HIZTUF__ligand1054-0
83,HIZTUF__ligand6294-0
84,HIZTUF__ligand3637-0
85,HIZTUF__ligand352-0
86,HIZTUF__ligand783-0
87,HIZTUF__ligand8774-0
88,HIZTUF__ligand868-0
89,HIZTUF__ligand442-0
90,HIZTUF__ligand136-0
91,HIZTUF__ligand1727-0
92,HIZTUF__ligand390-0
93,HIZTUF__ligand8-0
94,HIZTUF__ligand1152-0
95,HIZTUF__ligand932-0
96,HIZTUF__ligand134-0
97,HIZTUF__ligand235-0
98,HIZTUF__ligand560-0
99,HIZTUF__ligand525-0
100,HIZTUF__ligand1607-0
101,HIZTUF__ligand109-0
102,HIZTUF__ligand294-0
103,HIZTUF__ligand2510-0
104,HIZTUF__ligand8921-0
105,HIZTUF__ligand1567-0
106,HIZTUF__ligand993-0
107,HIZTUF__ligand2285-0
108,HIZTUF__ligand331-0
109,HIZTUF__ligand2862-0
110,HIZTUF__ligand45-0
111,HIZTUF__ligand1056-0
112,HIZTUF__ligand2320-0
113,HIZTUF__ligand78-0
114,HIZTUF__ligand2430-0
115,HIZTUF__ligand1703-0
116,HIZTUF__ligand798-0
117,HIZTUF__ligand421-0
118,HIZTUF__ligand85-0
119,HIZTUF__ligand2907-0
120,HIZTUF__ligand584-0
121,HIZTUF__ligand916-0
122,HIZTUF__ligand1052-0
123,HIZTUF__ligand370-0
124,HIZTUF__ligand250-0
125,HIZTUF__ligand1273-0
126,HIZTUF__ligand460-0
127,HIZTUF__ligand188-0
128,HIZTUF__ligand6396-0
129,HIZTUF__ligand2265-0
130,HIZTUF__ligand1113-0
131,HIZTUF__ligand444-0
132,HIZTUF__ligand369-0
133,HIZTUF__ligand9027-0
134,HIZTUF__ligand311-0
135,HIZTUF__ligand4983-0
136,HIZTUF__ligand1835-0
137,HIZTUF__ligand2794-0
138,HIZTUF__ligand2345-0
139,HIZTUF__ligand1502-0
140,HIZTUF__ligand851-0
141,HIZTUF__ligand67-0
142,HIZTUF__ligand909-0
143,HIZTUF__ligand1169-0
144,HIZTUF__ligand5022-0
145,HIZTUF__ligand177-0
146,HIZTUF__ligand934-0
147,HIZTUF__ligand1799-0
148,HIZTUF__ligand3838-0
149,HIZTUF__ligand2838-0
150,HIZTUF__ligand2880-0
151,HIZTUF__ligand5941-0
152,HIZTUF__ligand15630-0
153,HIZTUF__ligand2142-0
154,HIZTUF__ligand252-0
155,HIZTUF__ligand10357-0
156,HIZTUF__ligand955-0
157,HIZTUF__ligand6538-0
158,HIZTUF__ligand2772-0
159,HIZTUF__ligand6151-0
160,HIZTUF__ligand9495-0
161,HIZTUF__ligand2864-0
162,HIZTUF__ligand830-0
163,HIZTUF__ligand193-0
164,HIZTUF__ligand1019-0
165,HIZTUF__ligand383-0
166,HIZTUF__ligand2442-0
167,HIZTUF__ligand1104-0
168,HIZTUF__ligand162-0
169,HIZTUF__ligand7414-0
170,HIZTUF__ligand5762-0
171,HIZTUF__ligand226-0
172,HIZTUF__ligand6571-0
173,HIZTUF__ligand2482-0
174,HIZTUF__ligand1325-0
175,HIZTUF__ligand2929-0
176,HIZTUF__ligand2376-0
177,HIZTUF__ligand1379-0
178,HIZTUF__ligand1221-0
179,HIZTUF__ligand1264-0
180,HIZTUF__ligand1299-0
181,HIZTUF__ligand6430-0
182,HIZTUF__ligand358-0
183,HIZTUF__ligand430-0
184,HIZTUF__ligand1712-0
185,HIZTUF__ligand669-0
186,HIZTUF__ligand3579-0
187,HIZTUF__ligand2916-0
188,HIZTUF__ligand2110-0
189,HIZTUF__ligand278-0
190,HIZTUF__ligand1919-0
191,HIZTUF__ligand11-0
192,HIZTUF__ligand365-0
193,HIZTUF__ligand2389-0
194,HIZTUF__ligand670-0
195,HIZTUF__ligand118-0
196,HIZTUF__ligand5334-0
197,HIZTUF__ligand571-0
198,HIZTUF__ligand11730-0
199,HIZTUF__ligand1898-0
200,HIZTUF__ligand2480-0
201,HIZTUF__ligand4504-0
202,HIZTUF__ligand3051-0
203,HIZTUF__ligand2315-0
204,HIZTUF__ligand1858-0
205,HIZTUF__ligand8032-0
206,HIZTUF__ligand509-0
207,HIZTUF__ligand89-0
208,HIZTUF__ligand2853-0
209,HIZTUF__ligand3853-0
210,HIZTUF__ligand575-0
211,HIZTUF__ligand5089-0
212,HIZTUF__ligand2599-0
213,HIZTUF__ligand927-0
214,HIZTUF__ligand199-0
215,HIZTUF__ligand1246-0
216,HIZTUF__ligand6166-0
217,HIZTUF__ligand49-0
218,HIZTUF__ligand105-0
219,HIZTUF__ligand140-0
220,HIZTUF__ligand361-0
221,HIZTUF__ligand324-0
222,HIZTUF__ligand1307-0
223,HIZTUF__ligand409-0
224,HIZTUF__ligand4-0
225,HIZTUF__ligand7514-0
226,HIZTUF__ligand3337-0
227,HIZTUF__ligand17-0
228,HIZTUF__ligand821-0
229,HIZTUF__ligand326-0
230,HIZTUF__ligand553-0
231,HIZTUF__ligand4811-0
232,HIZTUF__ligand283-0
233,HIZTUF__ligand1449-1
234,HIZTUF__ligand6-0
235,HIZTUF__ligand142-0
236,HIZTUF__ligand9620-0
237,HIZTUF__ligand206-0
238,HIZTUF__ligand4894-0
239,HIZTUF__ligand1260-0
240,HIZTUF__ligand436-0
241,HIZTUF__ligand92-0
242,HIZTUF__ligand166-0
243,HIZTUF__ligand838-0
244,HIZTUF__ligand1788-0
245,HIZTUF__ligand1321-0
246,HIZTUF__ligand497-0
247,HIZTUF__ligand918-0
248,HIZTUF__ligand1178-0
249,HIZTUF__ligand3566-0
250,HIZTUF__ligand633-0
251,HIZTUF__ligand532-0
252,HIZTUF__ligand55-0
253,HIZTUF__ligand321-0
254,HIZTUF__ligand279-0
255,HIZTUF__ligand178-0
256,HIZTUF__ligand1918-0
257,HIZTUF__ligand1-0
258,HIZTUF__ligand100-0
259,HIZTUF__ligand2255-0
260,HIZTUF__ligand244-0
261,HIZTUF__ligand201-0
262,HIZTUF__ligand95-0
263,HIZTUF__ligand4175-0
264,HIZTUF__ligand2618-0
265,HIZTUF__ligand3618-0
266,HIZTUF__ligand124-0
267,HIZTUF__ligand1436-0
268,HIZTUF__ligand34-0
269,HIZTUF__ligand119-0
270,HIZTUF__ligand4370-0
271,HIZTUF__ligand73-0
272,HIZTUF__ligand1551-0
273,HIZTUF__ligand2526-0
274,HIZTUF__ligand126-0
275,HIZTUF__ligand1690-0
276,HIZTUF__ligand2707-0
277,HIZTUF__ligand2915-0
278,HIZTUF__ligand596-0
279,HIZTUF__ligand366-0
280,HIZTUF__ligand861-0
281,HIZTUF__ligand57-0
282,HIZTUF__ligand4012-0
283,HIZTUF__ligand3196-0
284,HIZTUF__ligand612-0
285,HIZTUF__ligand3-0
286,HIZTUF__ligand187-0
287,HIZTUF__ligand2762-0
288,HIZTUF__ligand1038-0
289,HIZTUF__ligand1160-0
290,HIZTUF__ligand2253-0
291,HIZTUF__ligand2954-0
292,HIZTUF__ligand5093-0
293,HIZTUF__ligand7550-0
294,HIZTUF__ligand1285-0
295,HIZTUF__ligand1555-0
296,HIZTUF__ligand7630-0
297,HIZTUF__ligand797-0
298,HIZTUF__ligand32-0
299,HIZTUF__ligand757-0
300,HIZTUF__ligand3890-0
301,HIZTUF__ligand4423-0
302,HIZTUF__ligand1907-0
303,HIZTUF__ligand384-0
304,HIZTUF__ligand1818-0
305,HIZTUF__ligand48-0
306,HIZTUF__ligand120-0
307,HIZTUF__ligand7456-0
308,HIZTUF__ligand5758-0
309,HIZTUF__ligand3478-0
310,HIZTUF__ligand3852-0
311,HIZTUF__ligand9176-0
312,HIZTUF__ligand3070-0
313,HIZTUF__ligand3035-0
314,HIZTUF__ligand2718-0
315,HIZTUF__ligand51-0
316,HIZTUF__ligand1493-0
317,HIZTUF__ligand29-0
318,HIZTUF__ligand4619-0
319,HIZTUF__ligand91-0
320,HIZTUF__ligand6143-0
321,HIZTUF__ligand5235-0
322,HIZTUF__ligand240-0
323,HIZTUF__ligand141-0
324,HIZTUF__ligand3251-0
