,TMC
0,MIGFAK__ligand14530-0
1,MIGFAK__ligand612-0
2,MIGFAK__ligand187-0
3,MIGFAK__ligand5022-0
4,MIGFAK__ligand366-0
5,MIGFAK__ligand1169-0
6,MIGFAK__ligand861-0
7,MIGFAK__ligand2880-0
8,MIGFAK__ligand5941-0
9,MIGFAK__ligand596-0
10,MIGFAK__ligand1799-0
11,MIGFAK__ligand3838-0
12,MIGFAK__ligand2838-0
13,MIGFAK__ligand10910-0
14,MIGFAK__ligand49-0
15,MIGFAK__ligand2142-0
16,MIGFAK__ligand9495-0
17,MIGFAK__ligand2772-0
18,MIGFAK__ligand126-0
19,MIGFAK__ligand6151-0
20,MIGFAK__ligand6538-0
21,MIGFAK__ligand2864-0
22,MIGFAK__ligand89-0
23,MIGFAK__ligand119-0
24,MIGFAK__ligand1052-0
25,MIGFAK__ligand1273-0
26,MIGFAK__ligand10114-0
27,MIGFAK__ligand124-0
28,MIGFAK__ligand2265-0
29,MIGFAK__ligand1113-0
30,MIGFAK__ligand6396-0
31,MIGFAK__ligand92-0
32,MIGFAK__ligand9027-0
33,MIGFAK__ligand100-0
34,MIGFAK__ligand244-0
35,MIGFAK__ligand201-0
36,MIGFAK__ligand1835-0
37,MIGFAK__ligand2794-0
38,MIGFAK__ligand2345-0
39,MIGFAK__ligand279-0
40,MIGFAK__ligand4983-0
41,MIGFAK__ligand10479-0
42,MIGFAK__ligand178-0
43,MIGFAK__ligand1502-0
44,MIGFAK__ligand17-0
45,MIGFAK__ligand321-0
46,MIGFAK__ligand240-0
47,MIGFAK__ligand1727-0
48,MIGFAK__ligand141-0
49,MIGFAK__ligand1152-0
50,MIGFAK__ligand1607-0
51,MIGFAK__ligand1567-0
52,MIGFAK__ligand2285-0
53,MIGFAK__ligand8921-0
54,MIGFAK__ligand2510-0
55,MIGFAK__ligand1056-0
56,MIGFAK__ligand2320-0
57,MIGFAK__ligand1-0
58,MIGFAK__ligand2862-0
59,MIGFAK__ligand120-0
60,MIGFAK__ligand2430-0
61,MIGFAK__ligand1703-0
62,MIGFAK__ligand2907-0
63,MIGFAK__ligand384-0
64,MIGFAK__ligand757-0
65,MIGFAK__ligand7464-0
66,MIGFAK__ligand1598-0
67,MIGFAK__ligand797-0
68,MIGFAK__ligand1248-0
69,MIGFAK__ligand4303-0
70,MIGFAK__ligand6294-0
71,MIGFAK__ligand3-0
72,MIGFAK__ligand1054-0
73,MIGFAK__ligand3637-0
74,MIGFAK__ligand11-0
75,MIGFAK__ligand8774-0
76,MIGFAK__ligand1706-0
77,MIGFAK__ligand509-0
78,MIGFAK__ligand3734-0
79,MIGFAK__ligand2629-0
80,MIGFAK__ligand4381-0
81,MIGFAK__ligand32-0
82,MIGFAK__ligand118-0
83,MIGFAK__ligand4-0
84,MIGFAK__ligand670-0
85,MIGFAK__ligand571-0
86,MIGFAK__ligand2259-0
87,MIGFAK__ligand2688-0
88,MIGFAK__ligand365-0
89,MIGFAK__ligand278-0
90,MIGFAK__ligand1376-0
91,MIGFAK__ligand2768-0
92,MIGFAK__ligand669-0
93,MIGFAK__ligand6277-0
94,MIGFAK__ligand430-0
95,MIGFAK__ligand1951-0
96,MIGFAK__ligand358-0
97,MIGFAK__ligand1687-0
98,MIGFAK__ligand2087-0
99,MIGFAK__ligand1048-0
100,MIGFAK__ligand3757-0
101,MIGFAK__ligand91-0
102,MIGFAK__ligand1685-0
103,MIGFAK__ligand29-0
104,MIGFAK__ligand51-0
105,MIGFAK__ligand1544-0
106,MIGFAK__ligand1459-0
107,MIGFAK__ligand10357-0
108,MIGFAK__ligand15630-0
109,MIGFAK__ligand5801-0
110,MIGFAK__ligand3063-0
111,MIGFAK__ligand1438-0
112,MIGFAK__ligand6-0
113,MIGFAK__ligand162-0
114,MIGFAK__ligand226-0
115,MIGFAK__ligand48-0
116,MIGFAK__ligand1171-0
117,MIGFAK__ligand383-0
118,MIGFAK__ligand633-0
119,MIGFAK__ligand918-0
120,MIGFAK__ligand1479-0
121,MIGFAK__ligand532-0
122,MIGFAK__ligand34-0
123,MIGFAK__ligand1148-0
124,MIGFAK__ligand497-0
125,MIGFAK__ligand838-0
126,MIGFAK__ligand3246-0
127,MIGFAK__ligand166-0
128,MIGFAK__ligand436-0
129,MIGFAK__ligand1114-0
130,MIGFAK__ligand1538-0
131,MIGFAK__ligand95-0
132,MIGFAK__ligand142-0
133,MIGFAK__ligand206-0
134,MIGFAK__ligand553-0
135,MIGFAK__ligand283-0
136,MIGFAK__ligand821-0
137,MIGFAK__ligand1228-0
138,MIGFAK__ligand326-0
139,MIGFAK__ligand55-0
140,MIGFAK__ligand9244-0
141,MIGFAK__ligand3041-0
142,MIGFAK__ligand409-0
143,MIGFAK__ligand57-0
144,MIGFAK__ligand361-0
145,MIGFAK__ligand324-0
146,MIGFAK__ligand1542-0
147,MIGFAK__ligand2634-0
148,MIGFAK__ligand105-0
149,MIGFAK__ligand2751-0
150,MIGFAK__ligand140-0
151,MIGFAK__ligand3145-0
152,MIGFAK__ligand7915-0
153,MIGFAK__ligand927-0
154,MIGFAK__ligand5548-0
155,MIGFAK__ligand1747-0
156,MIGFAK__ligand6686-0
157,MIGFAK__ligand199-0
158,MIGFAK__ligand2098-0
159,MIGFAK__ligand6502-0
160,MIGFAK__ligand575-0
161,MIGFAK__ligand2863-0
162,MIGFAK__ligand3178-0
163,MIGFAK__ligand6332-0
164,MIGFAK__ligand73-0
165,MIGFAK__ligand1818-0
166,MIGFAK__ligand916-0
167,MIGFAK__ligand584-0
168,MIGFAK__ligand421-0
169,MIGFAK__ligand7456-0
170,MIGFAK__ligand798-0
171,MIGFAK__ligand5758-0
172,MIGFAK__ligand331-0
173,MIGFAK__ligand294-0
174,MIGFAK__ligand3852-0
175,MIGFAK__ligand993-0
176,MIGFAK__ligand3478-0
177,MIGFAK__ligand9176-0
178,MIGFAK__ligand66-0
179,MIGFAK__ligand560-0
180,MIGFAK__ligand525-0
181,MIGFAK__ligand1493-0
182,MIGFAK__ligand109-0
183,MIGFAK__ligand2718-0
184,MIGFAK__ligand3070-0
185,MIGFAK__ligand3035-0
186,MIGFAK__ligand6143-0
187,MIGFAK__ligand932-0
188,MIGFAK__ligand134-0
189,MIGFAK__ligand5235-0
190,MIGFAK__ligand235-0
191,MIGFAK__ligand4619-0
192,MIGFAK__ligand3251-0
193,MIGFAK__ligand390-0
194,MIGFAK__ligand1038-0
195,MIGFAK__ligand2762-0
196,MIGFAK__ligand136-0
197,MIGFAK__ligand2954-0
198,MIGFAK__ligand5093-0
199,MIGFAK__ligand868-0
200,MIGFAK__ligand1160-0
201,MIGFAK__ligand442-0
202,MIGFAK__ligand2253-0
203,MIGFAK__ligand21-0
204,MIGFAK__ligand783-0
205,MIGFAK__ligand352-0
206,MIGFAK__ligand7550-0
207,MIGFAK__ligand1555-0
208,MIGFAK__ligand1285-0
209,MIGFAK__ligand40-0
210,MIGFAK__ligand197-0
211,MIGFAK__ligand7630-0
212,MIGFAK__ligand296-0
213,MIGFAK__ligand112-0
214,MIGFAK__ligand3890-0
215,MIGFAK__ligand1907-0
216,MIGFAK__ligand38-0
217,MIGFAK__ligand4423-0
218,MIGFAK__ligand193-0
219,MIGFAK__ligand2526-0
220,MIGFAK__ligand830-0
221,MIGFAK__ligand1551-0
222,MIGFAK__ligand1690-0
223,MIGFAK__ligand252-0
224,MIGFAK__ligand2707-0
225,MIGFAK__ligand955-0
226,MIGFAK__ligand18-0
227,MIGFAK__ligand2915-0
228,MIGFAK__ligand177-0
229,MIGFAK__ligand934-0
230,MIGFAK__ligand909-0
231,MIGFAK__ligand851-0
232,MIGFAK__ligand4012-0
233,MIGFAK__ligand3196-0
234,MIGFAK__ligand311-0
235,MIGFAK__ligand1918-0
236,MIGFAK__ligand62-0
237,MIGFAK__ligand369-0
238,MIGFAK__ligand2255-0
239,MIGFAK__ligand444-0
240,MIGFAK__ligand4175-0
241,MIGFAK__ligand11730-0
242,MIGFAK__ligand188-0
243,MIGFAK__ligand460-0
244,MIGFAK__ligand86-0
245,MIGFAK__ligand2618-0
246,MIGFAK__ligand3618-0
247,MIGFAK__ligand8-0
248,MIGFAK__ligand1436-0
249,MIGFAK__ligand250-0
250,MIGFAK__ligand4370-0
251,MIGFAK__ligand370-0
252,MIGFAK__ligand7514-0
253,MIGFAK__ligand3337-0
254,MIGFAK__ligand353-0
255,MIGFAK__ligand4811-0
256,MIGFAK__ligand1449-1
257,MIGFAK__ligand4894-0
258,MIGFAK__ligand1260-0
259,MIGFAK__ligand9620-0
260,MIGFAK__ligand236-0
261,MIGFAK__ligand422-0
262,MIGFAK__ligand113-0
263,MIGFAK__ligand1788-0
264,MIGFAK__ligand502-0
265,MIGFAK__ligand196-0
266,MIGFAK__ligand1321-0
267,MIGFAK__ligand3566-0
268,MIGFAK__ligand1178-0
269,MIGFAK__ligand2853-0
270,MIGFAK__ligand3853-0
271,MIGFAK__ligand5089-0
272,MIGFAK__ligand2599-0
273,MIGFAK__ligand1246-0
274,MIGFAK__ligand210-0
275,MIGFAK__ligand6166-0
276,MIGFAK__ligand391-0
277,MIGFAK__ligand170-0
278,MIGFAK__ligand1307-0
279,MIGFAK__ligand481-0
280,MIGFAK__ligand314-0
281,MIGFAK__ligand67-0
282,MIGFAK__ligand1712-0
283,MIGFAK__ligand2916-0
284,MIGFAK__ligand2110-0
285,MIGFAK__ligand3579-0
286,MIGFAK__ligand784-0
287,MIGFAK__ligand355-0
288,MIGFAK__ligand1919-0
289,MIGFAK__ligand485-0
290,MIGFAK__ligand2389-0
291,MIGFAK__ligand5334-0
292,MIGFAK__ligand2315-0
293,MIGFAK__ligand291-0
294,MIGFAK__ligand2480-0
295,MIGFAK__ligand4504-0
296,MIGFAK__ligand3051-0
297,MIGFAK__ligand1898-0
298,MIGFAK__ligand8032-0
299,MIGFAK__ligand115-0
300,MIGFAK__ligand1858-0
301,MIGFAK__ligand682-0
302,MIGFAK__ligand2442-0
303,MIGFAK__ligand1019-0
304,MIGFAK__ligand85-0
305,MIGFAK__ligand1104-0
306,MIGFAK__ligand7414-0
307,MIGFAK__ligand5762-0
308,MIGFAK__ligand78-0
309,MIGFAK__ligand45-0
310,MIGFAK__ligand2482-0
311,MIGFAK__ligand1325-0
312,MIGFAK__ligand6571-0
313,MIGFAK__ligand2929-0
314,MIGFAK__ligand487-0
315,MIGFAK__ligand522-0
316,MIGFAK__ligand2376-0
317,MIGFAK__ligand666-0
318,MIGFAK__ligand1379-0
319,MIGFAK__ligand133-0
320,MIGFAK__ligand6430-0
321,MIGFAK__ligand447-0
322,MIGFAK__ligand1299-0
323,MIGFAK__ligand1221-0
324,MIGFAK__ligand1264-0
