,TMC
0,ZIKPUH__ligand830-0
1,ZIKPUH__ligand193-0
2,ZIKPUH__ligand2864-0
3,ZIKPUH__ligand6538-0
4,ZIKPUH__ligand955-0
5,ZIKPUH__ligand9495-0
6,ZIKPUH__ligand2772-0
7,ZIKPUH__ligand6151-0
8,ZIKPUH__ligand252-0
9,ZIKPUH__ligand2142-0
10,ZIKPUH__ligand3838-0
11,ZIKPUH__ligand1799-0
12,ZIKPUH__ligand2838-0
13,ZIKPUH__ligand2880-0
14,ZIKPUH__ligand5941-0
15,ZIKPUH__ligand32-0
16,ZIKPUH__ligand934-0
17,ZIKPUH__ligand177-0
18,ZIKPUH__ligand851-0
19,ZIKPUH__ligand5022-0
20,ZIKPUH__ligand1169-0
21,ZIKPUH__ligand909-0
22,ZIKPUH__ligand1502-0
23,ZIKPUH__ligand311-0
24,ZIKPUH__ligand4983-0
25,ZIKPUH__ligand1835-0
26,ZIKPUH__ligand2794-0
27,ZIKPUH__ligand2345-0
28,ZIKPUH__ligand48-0
29,ZIKPUH__ligand188-0
30,ZIKPUH__ligand9027-0
31,ZIKPUH__ligand444-0
32,ZIKPUH__ligand6396-0
33,ZIKPUH__ligand369-0
34,ZIKPUH__ligand2265-0
35,ZIKPUH__ligand1113-0
36,ZIKPUH__ligand250-0
37,ZIKPUH__ligand51-0
38,ZIKPUH__ligand460-0
39,ZIKPUH__ligand1273-0
40,ZIKPUH__ligand370-0
41,ZIKPUH__ligand29-0
42,ZIKPUH__ligand1052-0
43,ZIKPUH__ligand91-0
44,ZIKPUH__ligand798-0
45,ZIKPUH__ligand2907-0
46,ZIKPUH__ligand421-0
47,ZIKPUH__ligand2430-0
48,ZIKPUH__ligand1703-0
49,ZIKPUH__ligand55-0
50,ZIKPUH__ligand584-0
51,ZIKPUH__ligand916-0
52,ZIKPUH__ligand14530-0
53,ZIKPUH__ligand993-0
54,ZIKPUH__ligand95-0
55,ZIKPUH__ligand2862-0
56,ZIKPUH__ligand1056-0
57,ZIKPUH__ligand294-0
58,ZIKPUH__ligand2320-0
59,ZIKPUH__ligand2510-0
60,ZIKPUH__ligand331-0
61,ZIKPUH__ligand1567-0
62,ZIKPUH__ligand2285-0
63,ZIKPUH__ligand8921-0
64,ZIKPUH__ligand4-0
65,ZIKPUH__ligand109-0
66,ZIKPUH__ligand525-0
67,ZIKPUH__ligand560-0
68,ZIKPUH__ligand10910-0
69,ZIKPUH__ligand1607-0
70,ZIKPUH__ligand390-0
71,ZIKPUH__ligand1152-0
72,ZIKPUH__ligand235-0
73,ZIKPUH__ligand34-0
74,ZIKPUH__ligand134-0
75,ZIKPUH__ligand1727-0
76,ZIKPUH__ligand932-0
77,ZIKPUH__ligand442-0
78,ZIKPUH__ligand868-0
79,ZIKPUH__ligand136-0
80,ZIKPUH__ligand73-0
81,ZIKPUH__ligand8774-0
82,ZIKPUH__ligand6-0
83,ZIKPUH__ligand352-0
84,ZIKPUH__ligand783-0
85,ZIKPUH__ligand3637-0
86,ZIKPUH__ligand10114-0
87,ZIKPUH__ligand1054-0
88,ZIKPUH__ligand296-0
89,ZIKPUH__ligand6294-0
90,ZIKPUH__ligand197-0
91,ZIKPUH__ligand1248-0
92,ZIKPUH__ligand4303-0
93,ZIKPUH__ligand1598-0
94,ZIKPUH__ligand7464-0
95,ZIKPUH__ligand10479-0
96,ZIKPUH__ligand112-0
97,ZIKPUH__ligand57-0
98,ZIKPUH__ligand1687-0
99,ZIKPUH__ligand1951-0
100,ZIKPUH__ligand6277-0
101,ZIKPUH__ligand89-0
102,ZIKPUH__ligand1376-0
103,ZIKPUH__ligand2768-0
104,ZIKPUH__ligand1-0
105,ZIKPUH__ligand49-0
106,ZIKPUH__ligand2259-0
107,ZIKPUH__ligand2688-0
108,ZIKPUH__ligand485-0
109,ZIKPUH__ligand355-0
110,ZIKPUH__ligand784-0
111,ZIKPUH__ligand291-0
112,ZIKPUH__ligand4381-0
113,ZIKPUH__ligand2629-0
114,ZIKPUH__ligand3734-0
115,ZIKPUH__ligand1706-0
116,ZIKPUH__ligand115-0
117,ZIKPUH__ligand1171-0
118,ZIKPUH__ligand17-0
119,ZIKPUH__ligand682-0
120,ZIKPUH__ligand92-0
121,ZIKPUH__ligand3063-0
122,ZIKPUH__ligand1438-0
123,ZIKPUH__ligand5801-0
124,ZIKPUH__ligand3-0
125,ZIKPUH__ligand666-0
126,ZIKPUH__ligand1459-0
127,ZIKPUH__ligand522-0
128,ZIKPUH__ligand1544-0
129,ZIKPUH__ligand487-0
130,ZIKPUH__ligand1685-0
131,ZIKPUH__ligand447-0
132,ZIKPUH__ligand3757-0
133,ZIKPUH__ligand2087-0
134,ZIKPUH__ligand133-0
135,ZIKPUH__ligand1048-0
136,ZIKPUH__ligand9244-0
137,ZIKPUH__ligand353-0
138,ZIKPUH__ligand1228-0
139,ZIKPUH__ligand236-0
140,ZIKPUH__ligand1538-0
141,ZIKPUH__ligand1114-0
142,ZIKPUH__ligand113-0
143,ZIKPUH__ligand3246-0
144,ZIKPUH__ligand422-0
145,ZIKPUH__ligand1148-0
146,ZIKPUH__ligand196-0
147,ZIKPUH__ligand502-0
148,ZIKPUH__ligand1479-0
149,ZIKPUH__ligand6332-0
150,ZIKPUH__ligand3178-0
151,ZIKPUH__ligand2863-0
152,ZIKPUH__ligand2098-0
153,ZIKPUH__ligand6502-0
154,ZIKPUH__ligand1747-0
155,ZIKPUH__ligand11-0
156,ZIKPUH__ligand6686-0
157,ZIKPUH__ligand10357-0
158,ZIKPUH__ligand7915-0
159,ZIKPUH__ligand210-0
160,ZIKPUH__ligand15630-0
161,ZIKPUH__ligand5548-0
162,ZIKPUH__ligand3145-0
163,ZIKPUH__ligand2751-0
164,ZIKPUH__ligand170-0
165,ZIKPUH__ligand391-0
166,ZIKPUH__ligand314-0
167,ZIKPUH__ligand1542-0
168,ZIKPUH__ligand2634-0
169,ZIKPUH__ligand481-0
170,ZIKPUH__ligand3041-0
171,ZIKPUH__ligand3251-0
172,ZIKPUH__ligand141-0
173,ZIKPUH__ligand4619-0
174,ZIKPUH__ligand6143-0
175,ZIKPUH__ligand240-0
176,ZIKPUH__ligand5235-0
177,ZIKPUH__ligand2718-0
178,ZIKPUH__ligand3035-0
179,ZIKPUH__ligand3070-0
180,ZIKPUH__ligand1493-0
181,ZIKPUH__ligand9176-0
182,ZIKPUH__ligand3478-0
183,ZIKPUH__ligand3852-0
184,ZIKPUH__ligand5758-0
185,ZIKPUH__ligand384-0
186,ZIKPUH__ligand7456-0
187,ZIKPUH__ligand1818-0
188,ZIKPUH__ligand120-0
189,ZIKPUH__ligand4423-0
190,ZIKPUH__ligand757-0
191,ZIKPUH__ligand1907-0
192,ZIKPUH__ligand3890-0
193,ZIKPUH__ligand67-0
194,ZIKPUH__ligand11730-0
195,ZIKPUH__ligand7630-0
196,ZIKPUH__ligand1285-0
197,ZIKPUH__ligand797-0
198,ZIKPUH__ligand1555-0
199,ZIKPUH__ligand7550-0
200,ZIKPUH__ligand1160-0
201,ZIKPUH__ligand2253-0
202,ZIKPUH__ligand5093-0
203,ZIKPUH__ligand2954-0
204,ZIKPUH__ligand2762-0
205,ZIKPUH__ligand1038-0
206,ZIKPUH__ligand3196-0
207,ZIKPUH__ligand4012-0
208,ZIKPUH__ligand861-0
209,ZIKPUH__ligand366-0
210,ZIKPUH__ligand187-0
211,ZIKPUH__ligand612-0
212,ZIKPUH__ligand596-0
213,ZIKPUH__ligand2915-0
214,ZIKPUH__ligand2707-0
215,ZIKPUH__ligand126-0
216,ZIKPUH__ligand1690-0
217,ZIKPUH__ligand1551-0
218,ZIKPUH__ligand2526-0
219,ZIKPUH__ligand4370-0
220,ZIKPUH__ligand119-0
221,ZIKPUH__ligand124-0
222,ZIKPUH__ligand1436-0
223,ZIKPUH__ligand2618-0
224,ZIKPUH__ligand3618-0
225,ZIKPUH__ligand201-0
226,ZIKPUH__ligand244-0
227,ZIKPUH__ligand100-0
228,ZIKPUH__ligand4175-0
229,ZIKPUH__ligand45-0
230,ZIKPUH__ligand2255-0
231,ZIKPUH__ligand321-0
232,ZIKPUH__ligand1918-0
233,ZIKPUH__ligand178-0
234,ZIKPUH__ligand78-0
235,ZIKPUH__ligand279-0
236,ZIKPUH__ligand85-0
237,ZIKPUH__ligand497-0
238,ZIKPUH__ligand3566-0
239,ZIKPUH__ligand1178-0
240,ZIKPUH__ligand1321-0
241,ZIKPUH__ligand532-0
242,ZIKPUH__ligand918-0
243,ZIKPUH__ligand633-0
244,ZIKPUH__ligand66-0
245,ZIKPUH__ligand166-0
246,ZIKPUH__ligand1788-0
247,ZIKPUH__ligand838-0
248,ZIKPUH__ligand206-0
249,ZIKPUH__ligand142-0
250,ZIKPUH__ligand4894-0
251,ZIKPUH__ligand436-0
252,ZIKPUH__ligand1260-0
253,ZIKPUH__ligand9620-0
254,ZIKPUH__ligand326-0
255,ZIKPUH__ligand1449-1
256,ZIKPUH__ligand4811-0
257,ZIKPUH__ligand821-0
258,ZIKPUH__ligand7514-0
259,ZIKPUH__ligand283-0
260,ZIKPUH__ligand3337-0
261,ZIKPUH__ligand553-0
262,ZIKPUH__ligand324-0
263,ZIKPUH__ligand361-0
264,ZIKPUH__ligand409-0
265,ZIKPUH__ligand1307-0
266,ZIKPUH__ligand38-0
267,ZIKPUH__ligand40-0
268,ZIKPUH__ligand140-0
269,ZIKPUH__ligand105-0
270,ZIKPUH__ligand8-0
271,ZIKPUH__ligand199-0
272,ZIKPUH__ligand6166-0
273,ZIKPUH__ligand927-0
274,ZIKPUH__ligand21-0
275,ZIKPUH__ligand1246-0
276,ZIKPUH__ligand5089-0
277,ZIKPUH__ligand2599-0
278,ZIKPUH__ligand2853-0
279,ZIKPUH__ligand575-0
280,ZIKPUH__ligand3853-0
281,ZIKPUH__ligand1858-0
282,ZIKPUH__ligand8032-0
283,ZIKPUH__ligand509-0
284,ZIKPUH__ligand2480-0
285,ZIKPUH__ligand571-0
286,ZIKPUH__ligand3051-0
287,ZIKPUH__ligand4504-0
288,ZIKPUH__ligand1898-0
289,ZIKPUH__ligand2315-0
290,ZIKPUH__ligand670-0
291,ZIKPUH__ligand118-0
292,ZIKPUH__ligand18-0
293,ZIKPUH__ligand5334-0
294,ZIKPUH__ligand278-0
295,ZIKPUH__ligand2389-0
296,ZIKPUH__ligand365-0
297,ZIKPUH__ligand1919-0
298,ZIKPUH__ligand3579-0
299,ZIKPUH__ligand358-0
300,ZIKPUH__ligand430-0
301,ZIKPUH__ligand2110-0
302,ZIKPUH__ligand2916-0
303,ZIKPUH__ligand1712-0
304,ZIKPUH__ligand669-0
305,ZIKPUH__ligand1264-0
306,ZIKPUH__ligand1221-0
307,ZIKPUH__ligand6430-0
308,ZIKPUH__ligand1299-0
309,ZIKPUH__ligand1379-0
310,ZIKPUH__ligand86-0
311,ZIKPUH__ligand2376-0
312,ZIKPUH__ligand2929-0
313,ZIKPUH__ligand6571-0
314,ZIKPUH__ligand2482-0
315,ZIKPUH__ligand1325-0
316,ZIKPUH__ligand383-0
317,ZIKPUH__ligand1104-0
318,ZIKPUH__ligand7414-0
319,ZIKPUH__ligand5762-0
320,ZIKPUH__ligand226-0
321,ZIKPUH__ligand62-0
322,ZIKPUH__ligand162-0
323,ZIKPUH__ligand2442-0
324,ZIKPUH__ligand1019-0
