,TMC
0,LESRAC__ligand193-0
1,LESRAC__ligand5334-0
2,LESRAC__ligand2480-0
3,LESRAC__ligand4504-0
4,LESRAC__ligand3051-0
5,LESRAC__ligand1898-0
6,LESRAC__ligand830-0
7,LESRAC__ligand2315-0
8,LESRAC__ligand1858-0
9,LESRAC__ligand8032-0
10,LESRAC__ligand955-0
11,LESRAC__ligand252-0
12,LESRAC__ligand1712-0
13,LESRAC__ligand18-0
14,LESRAC__ligand3579-0
15,LESRAC__ligand934-0
16,LESRAC__ligand177-0
17,LESRAC__ligand2916-0
18,LESRAC__ligand2110-0
19,LESRAC__ligand909-0
20,LESRAC__ligand1919-0
21,LESRAC__ligand851-0
22,LESRAC__ligand2389-0
23,LESRAC__ligand2929-0
24,LESRAC__ligand2376-0
25,LESRAC__ligand62-0
26,LESRAC__ligand311-0
27,LESRAC__ligand444-0
28,LESRAC__ligand369-0
29,LESRAC__ligand1379-0
30,LESRAC__ligand1221-0
31,LESRAC__ligand1264-0
32,LESRAC__ligand6430-0
33,LESRAC__ligand188-0
34,LESRAC__ligand1299-0
35,LESRAC__ligand86-0
36,LESRAC__ligand2442-0
37,LESRAC__ligand460-0
38,LESRAC__ligand1019-0
39,LESRAC__ligand250-0
40,LESRAC__ligand1104-0
41,LESRAC__ligand5762-0
42,LESRAC__ligand7414-0
43,LESRAC__ligand370-0
44,LESRAC__ligand6571-0
45,LESRAC__ligand2482-0
46,LESRAC__ligand1325-0
47,LESRAC__ligand916-0
48,LESRAC__ligand584-0
49,LESRAC__ligand798-0
50,LESRAC__ligand421-0
51,LESRAC__ligand1788-0
52,LESRAC__ligand1321-0
53,LESRAC__ligand331-0
54,LESRAC__ligand3566-0
55,LESRAC__ligand1178-0
56,LESRAC__ligand993-0
57,LESRAC__ligand294-0
58,LESRAC__ligand7514-0
59,LESRAC__ligand3337-0
60,LESRAC__ligand6-0
61,LESRAC__ligand66-0
62,LESRAC__ligand109-0
63,LESRAC__ligand560-0
64,LESRAC__ligand525-0
65,LESRAC__ligand4811-0
66,LESRAC__ligand1449-1
67,LESRAC__ligand235-0
68,LESRAC__ligand15630-0
69,LESRAC__ligand1260-0
70,LESRAC__ligand4894-0
71,LESRAC__ligand932-0
72,LESRAC__ligand10357-0
73,LESRAC__ligand134-0
74,LESRAC__ligand9620-0
75,LESRAC__ligand390-0
76,LESRAC__ligand136-0
77,LESRAC__ligand442-0
78,LESRAC__ligand868-0
79,LESRAC__ligand1307-0
80,LESRAC__ligand21-0
81,LESRAC__ligand4-0
82,LESRAC__ligand783-0
83,LESRAC__ligand352-0
84,LESRAC__ligand40-0
85,LESRAC__ligand2853-0
86,LESRAC__ligand3853-0
87,LESRAC__ligand296-0
88,LESRAC__ligand2599-0
89,LESRAC__ligand5089-0
90,LESRAC__ligand197-0
91,LESRAC__ligand1246-0
92,LESRAC__ligand112-0
93,LESRAC__ligand6166-0
94,LESRAC__ligand38-0
95,LESRAC__ligand2915-0
96,LESRAC__ligand485-0
97,LESRAC__ligand3-0
98,LESRAC__ligand784-0
99,LESRAC__ligand355-0
100,LESRAC__ligand4012-0
101,LESRAC__ligand3196-0
102,LESRAC__ligand1551-0
103,LESRAC__ligand291-0
104,LESRAC__ligand2526-0
105,LESRAC__ligand115-0
106,LESRAC__ligand1690-0
107,LESRAC__ligand2707-0
108,LESRAC__ligand2618-0
109,LESRAC__ligand3618-0
110,LESRAC__ligand682-0
111,LESRAC__ligand78-0
112,LESRAC__ligand85-0
113,LESRAC__ligand1436-0
114,LESRAC__ligand45-0
115,LESRAC__ligand4370-0
116,LESRAC__ligand1-0
117,LESRAC__ligand487-0
118,LESRAC__ligand666-0
119,LESRAC__ligand1918-0
120,LESRAC__ligand522-0
121,LESRAC__ligand2255-0
122,LESRAC__ligand133-0
123,LESRAC__ligand4175-0
124,LESRAC__ligand447-0
125,LESRAC__ligand9176-0
126,LESRAC__ligand2718-0
127,LESRAC__ligand3070-0
128,LESRAC__ligand3035-0
129,LESRAC__ligand353-0
130,LESRAC__ligand1493-0
131,LESRAC__ligand4619-0
132,LESRAC__ligand6143-0
133,LESRAC__ligand5235-0
134,LESRAC__ligand10479-0
135,LESRAC__ligand236-0
136,LESRAC__ligand3251-0
137,LESRAC__ligand422-0
138,LESRAC__ligand1818-0
139,LESRAC__ligand7456-0
140,LESRAC__ligand113-0
141,LESRAC__ligand502-0
142,LESRAC__ligand5758-0
143,LESRAC__ligand196-0
144,LESRAC__ligand3478-0
145,LESRAC__ligand10114-0
146,LESRAC__ligand3852-0
147,LESRAC__ligand1285-0
148,LESRAC__ligand1555-0
149,LESRAC__ligand7630-0
150,LESRAC__ligand10910-0
151,LESRAC__ligand3890-0
152,LESRAC__ligand4423-0
153,LESRAC__ligand210-0
154,LESRAC__ligand1907-0
155,LESRAC__ligand391-0
156,LESRAC__ligand2762-0
157,LESRAC__ligand1038-0
158,LESRAC__ligand1160-0
159,LESRAC__ligand2253-0
160,LESRAC__ligand2954-0
161,LESRAC__ligand5093-0
162,LESRAC__ligand170-0
163,LESRAC__ligand14530-0
164,LESRAC__ligand7550-0
165,LESRAC__ligand67-0
166,LESRAC__ligand314-0
167,LESRAC__ligand481-0
168,LESRAC__ligand1538-0
169,LESRAC__ligand141-0
170,LESRAC__ligand240-0
171,LESRAC__ligand1114-0
172,LESRAC__ligand9244-0
173,LESRAC__ligand1228-0
174,LESRAC__ligand1479-0
175,LESRAC__ligand1148-0
176,LESRAC__ligand3246-0
177,LESRAC__ligand120-0
178,LESRAC__ligand384-0
179,LESRAC__ligand3145-0
180,LESRAC__ligand6686-0
181,LESRAC__ligand1747-0
182,LESRAC__ligand7915-0
183,LESRAC__ligand5548-0
184,LESRAC__ligand757-0
185,LESRAC__ligand2863-0
186,LESRAC__ligand2098-0
187,LESRAC__ligand797-0
188,LESRAC__ligand6502-0
189,LESRAC__ligand6332-0
190,LESRAC__ligand3178-0
191,LESRAC__ligand11-0
192,LESRAC__ligand3041-0
193,LESRAC__ligand1542-0
194,LESRAC__ligand2634-0
195,LESRAC__ligand2751-0
196,LESRAC__ligand187-0
197,LESRAC__ligand2688-0
198,LESRAC__ligand2259-0
199,LESRAC__ligand612-0
200,LESRAC__ligand1376-0
201,LESRAC__ligand2768-0
202,LESRAC__ligand861-0
203,LESRAC__ligand366-0
204,LESRAC__ligand6277-0
205,LESRAC__ligand1687-0
206,LESRAC__ligand596-0
207,LESRAC__ligand1951-0
208,LESRAC__ligand3734-0
209,LESRAC__ligand49-0
210,LESRAC__ligand1706-0
211,LESRAC__ligand4381-0
212,LESRAC__ligand2629-0
213,LESRAC__ligand126-0
214,LESRAC__ligand89-0
215,LESRAC__ligand5801-0
216,LESRAC__ligand119-0
217,LESRAC__ligand3063-0
218,LESRAC__ligand1438-0
219,LESRAC__ligand124-0
220,LESRAC__ligand1171-0
221,LESRAC__ligand3757-0
222,LESRAC__ligand92-0
223,LESRAC__ligand2087-0
224,LESRAC__ligand1048-0
225,LESRAC__ligand244-0
226,LESRAC__ligand201-0
227,LESRAC__ligand100-0
228,LESRAC__ligand1685-0
229,LESRAC__ligand1544-0
230,LESRAC__ligand178-0
231,LESRAC__ligand279-0
232,LESRAC__ligand321-0
233,LESRAC__ligand17-0
234,LESRAC__ligand1459-0
235,LESRAC__ligand2510-0
236,LESRAC__ligand532-0
237,LESRAC__ligand1567-0
238,LESRAC__ligand918-0
239,LESRAC__ligand2285-0
240,LESRAC__ligand633-0
241,LESRAC__ligand8921-0
242,LESRAC__ligand497-0
243,LESRAC__ligand2862-0
244,LESRAC__ligand34-0
245,LESRAC__ligand1056-0
246,LESRAC__ligand2320-0
247,LESRAC__ligand2430-0
248,LESRAC__ligand1703-0
249,LESRAC__ligand838-0
250,LESRAC__ligand166-0
251,LESRAC__ligand2907-0
252,LESRAC__ligand95-0
253,LESRAC__ligand436-0
254,LESRAC__ligand1727-0
255,LESRAC__ligand8-0
256,LESRAC__ligand1152-0
257,LESRAC__ligand206-0
258,LESRAC__ligand142-0
259,LESRAC__ligand283-0
260,LESRAC__ligand553-0
261,LESRAC__ligand11730-0
262,LESRAC__ligand1607-0
263,LESRAC__ligand326-0
264,LESRAC__ligand55-0
265,LESRAC__ligand821-0
266,LESRAC__ligand3637-0
267,LESRAC__ligand8774-0
268,LESRAC__ligand361-0
269,LESRAC__ligand324-0
270,LESRAC__ligand57-0
271,LESRAC__ligand409-0
272,LESRAC__ligand105-0
273,LESRAC__ligand140-0
274,LESRAC__ligand7464-0
275,LESRAC__ligand199-0
276,LESRAC__ligand927-0
277,LESRAC__ligand1248-0
278,LESRAC__ligand4303-0
279,LESRAC__ligand575-0
280,LESRAC__ligand1598-0
281,LESRAC__ligand1054-0
282,LESRAC__ligand73-0
283,LESRAC__ligand6294-0
284,LESRAC__ligand2142-0
285,LESRAC__ligand509-0
286,LESRAC__ligand6538-0
287,LESRAC__ligand9495-0
288,LESRAC__ligand2772-0
289,LESRAC__ligand6151-0
290,LESRAC__ligand2864-0
291,LESRAC__ligand32-0
292,LESRAC__ligand571-0
293,LESRAC__ligand670-0
294,LESRAC__ligand118-0
295,LESRAC__ligand365-0
296,LESRAC__ligand278-0
297,LESRAC__ligand5022-0
298,LESRAC__ligand1169-0
299,LESRAC__ligand669-0
300,LESRAC__ligand1799-0
301,LESRAC__ligand3838-0
302,LESRAC__ligand2838-0
303,LESRAC__ligand5941-0
304,LESRAC__ligand358-0
305,LESRAC__ligand2880-0
306,LESRAC__ligand430-0
307,LESRAC__ligand6396-0
308,LESRAC__ligand2265-0
309,LESRAC__ligand1113-0
310,LESRAC__ligand29-0
311,LESRAC__ligand91-0
312,LESRAC__ligand9027-0
313,LESRAC__ligand4983-0
314,LESRAC__ligand1835-0
315,LESRAC__ligand2345-0
316,LESRAC__ligand2794-0
317,LESRAC__ligand51-0
318,LESRAC__ligand1502-0
319,LESRAC__ligand1052-0
320,LESRAC__ligand226-0
321,LESRAC__ligand162-0
322,LESRAC__ligand1273-0
323,LESRAC__ligand383-0
324,LESRAC__ligand48-0
