,TMC
0,HISGUL__ligand1052-0
1,HISGUL__ligand105-0
2,HISGUL__ligand140-0
3,HISGUL__ligand1273-0
4,HISGUL__ligand361-0
5,HISGUL__ligand324-0
6,HISGUL__ligand409-0
7,HISGUL__ligand6396-0
8,HISGUL__ligand575-0
9,HISGUL__ligand1113-0
10,HISGUL__ligand2265-0
11,HISGUL__ligand9027-0
12,HISGUL__ligand4983-0
13,HISGUL__ligand2345-0
14,HISGUL__ligand2794-0
15,HISGUL__ligand1835-0
16,HISGUL__ligand199-0
17,HISGUL__ligand11730-0
18,HISGUL__ligand1502-0
19,HISGUL__ligand927-0
20,HISGUL__ligand838-0
21,HISGUL__ligand166-0
22,HISGUL__ligand1169-0
23,HISGUL__ligand5022-0
24,HISGUL__ligand532-0
25,HISGUL__ligand918-0
26,HISGUL__ligand633-0
27,HISGUL__ligand11-0
28,HISGUL__ligand497-0
29,HISGUL__ligand2838-0
30,HISGUL__ligand1799-0
31,HISGUL__ligand3838-0
32,HISGUL__ligand5941-0
33,HISGUL__ligand2880-0
34,HISGUL__ligand283-0
35,HISGUL__ligand2142-0
36,HISGUL__ligand553-0
37,HISGUL__ligand326-0
38,HISGUL__ligand6538-0
39,HISGUL__ligand6151-0
40,HISGUL__ligand2772-0
41,HISGUL__ligand821-0
42,HISGUL__ligand9495-0
43,HISGUL__ligand2864-0
44,HISGUL__ligand436-0
45,HISGUL__ligand206-0
46,HISGUL__ligand142-0
47,HISGUL__ligand89-0
48,HISGUL__ligand7464-0
49,HISGUL__ligand4303-0
50,HISGUL__ligand49-0
51,HISGUL__ligand1248-0
52,HISGUL__ligand1598-0
53,HISGUL__ligand1054-0
54,HISGUL__ligand6294-0
55,HISGUL__ligand226-0
56,HISGUL__ligand162-0
57,HISGUL__ligand3637-0
58,HISGUL__ligand383-0
59,HISGUL__ligand8774-0
60,HISGUL__ligand1727-0
61,HISGUL__ligand571-0
62,HISGUL__ligand8-0
63,HISGUL__ligand1152-0
64,HISGUL__ligand670-0
65,HISGUL__ligand17-0
66,HISGUL__ligand118-0
67,HISGUL__ligand509-0
68,HISGUL__ligand1607-0
69,HISGUL__ligand92-0
70,HISGUL__ligand2510-0
71,HISGUL__ligand8921-0
72,HISGUL__ligand669-0
73,HISGUL__ligand2285-0
74,HISGUL__ligand1567-0
75,HISGUL__ligand2862-0
76,HISGUL__ligand2320-0
77,HISGUL__ligand358-0
78,HISGUL__ligand1056-0
79,HISGUL__ligand430-0
80,HISGUL__ligand365-0
81,HISGUL__ligand1703-0
82,HISGUL__ligand2430-0
83,HISGUL__ligand2907-0
84,HISGUL__ligand278-0
85,HISGUL__ligand3757-0
86,HISGUL__ligand797-0
87,HISGUL__ligand1048-0
88,HISGUL__ligand2087-0
89,HISGUL__ligand1685-0
90,HISGUL__ligand55-0
91,HISGUL__ligand1544-0
92,HISGUL__ligand95-0
93,HISGUL__ligand1459-0
94,HISGUL__ligand757-0
95,HISGUL__ligand5801-0
96,HISGUL__ligand1438-0
97,HISGUL__ligand3063-0
98,HISGUL__ligand34-0
99,HISGUL__ligand1171-0
100,HISGUL__ligand3734-0
101,HISGUL__ligand1706-0
102,HISGUL__ligand4381-0
103,HISGUL__ligand2629-0
104,HISGUL__ligand73-0
105,HISGUL__ligand141-0
106,HISGUL__ligand240-0
107,HISGUL__ligand2688-0
108,HISGUL__ligand2259-0
109,HISGUL__ligand120-0
110,HISGUL__ligand2768-0
111,HISGUL__ligand384-0
112,HISGUL__ligand1376-0
113,HISGUL__ligand6277-0
114,HISGUL__ligand57-0
115,HISGUL__ligand1687-0
116,HISGUL__ligand1951-0
117,HISGUL__ligand3041-0
118,HISGUL__ligand2634-0
119,HISGUL__ligand1542-0
120,HISGUL__ligand124-0
121,HISGUL__ligand119-0
122,HISGUL__ligand2751-0
123,HISGUL__ligand3145-0
124,HISGUL__ligand178-0
125,HISGUL__ligand32-0
126,HISGUL__ligand279-0
127,HISGUL__ligand321-0
128,HISGUL__ligand6686-0
129,HISGUL__ligand1747-0
130,HISGUL__ligand5548-0
131,HISGUL__ligand7915-0
132,HISGUL__ligand2863-0
133,HISGUL__ligand6502-0
134,HISGUL__ligand2098-0
135,HISGUL__ligand244-0
136,HISGUL__ligand201-0
137,HISGUL__ligand6332-0
138,HISGUL__ligand3178-0
139,HISGUL__ligand100-0
140,HISGUL__ligand1479-0
141,HISGUL__ligand48-0
142,HISGUL__ligand596-0
143,HISGUL__ligand1148-0
144,HISGUL__ligand187-0
145,HISGUL__ligand3246-0
146,HISGUL__ligand612-0
147,HISGUL__ligand861-0
148,HISGUL__ligand366-0
149,HISGUL__ligand51-0
150,HISGUL__ligand1538-0
151,HISGUL__ligand1114-0
152,HISGUL__ligand91-0
153,HISGUL__ligand9244-0
154,HISGUL__ligand1228-0
155,HISGUL__ligand126-0
156,HISGUL__ligand29-0
157,HISGUL__ligand2762-0
158,HISGUL__ligand1038-0
159,HISGUL__ligand2253-0
160,HISGUL__ligand1160-0
161,HISGUL__ligand2954-0
162,HISGUL__ligand5093-0
163,HISGUL__ligand18-0
164,HISGUL__ligand682-0
165,HISGUL__ligand7550-0
166,HISGUL__ligand1285-0
167,HISGUL__ligand133-0
168,HISGUL__ligand1555-0
169,HISGUL__ligand7630-0
170,HISGUL__ligand447-0
171,HISGUL__ligand3890-0
172,HISGUL__ligand487-0
173,HISGUL__ligand4423-0
174,HISGUL__ligand666-0
175,HISGUL__ligand1907-0
176,HISGUL__ligand522-0
177,HISGUL__ligand485-0
178,HISGUL__ligand1818-0
179,HISGUL__ligand355-0
180,HISGUL__ligand784-0
181,HISGUL__ligand7456-0
182,HISGUL__ligand5758-0
183,HISGUL__ligand86-0
184,HISGUL__ligand3478-0
185,HISGUL__ligand3852-0
186,HISGUL__ligand115-0
187,HISGUL__ligand9176-0
188,HISGUL__ligand3070-0
189,HISGUL__ligand3035-0
190,HISGUL__ligand2718-0
191,HISGUL__ligand1493-0
192,HISGUL__ligand4619-0
193,HISGUL__ligand5235-0
194,HISGUL__ligand6143-0
195,HISGUL__ligand62-0
196,HISGUL__ligand291-0
197,HISGUL__ligand3251-0
198,HISGUL__ligand210-0
199,HISGUL__ligand1-0
200,HISGUL__ligand1918-0
201,HISGUL__ligand2255-0
202,HISGUL__ligand66-0
203,HISGUL__ligand10479-0
204,HISGUL__ligand4175-0
205,HISGUL__ligand3618-0
206,HISGUL__ligand2618-0
207,HISGUL__ligand314-0
208,HISGUL__ligand1436-0
209,HISGUL__ligand481-0
210,HISGUL__ligand391-0
211,HISGUL__ligand10114-0
212,HISGUL__ligand4370-0
213,HISGUL__ligand170-0
214,HISGUL__ligand10910-0
215,HISGUL__ligand1551-0
216,HISGUL__ligand38-0
217,HISGUL__ligand236-0
218,HISGUL__ligand2526-0
219,HISGUL__ligand1690-0
220,HISGUL__ligand40-0
221,HISGUL__ligand2707-0
222,HISGUL__ligand353-0
223,HISGUL__ligand21-0
224,HISGUL__ligand2915-0
225,HISGUL__ligand14530-0
226,HISGUL__ligand502-0
227,HISGUL__ligand196-0
228,HISGUL__ligand422-0
229,HISGUL__ligand4012-0
230,HISGUL__ligand3196-0
231,HISGUL__ligand3-0
232,HISGUL__ligand113-0
233,HISGUL__ligand444-0
234,HISGUL__ligand369-0
235,HISGUL__ligand3853-0
236,HISGUL__ligand2853-0
237,HISGUL__ligand2599-0
238,HISGUL__ligand5089-0
239,HISGUL__ligand188-0
240,HISGUL__ligand1246-0
241,HISGUL__ligand6166-0
242,HISGUL__ligand311-0
243,HISGUL__ligand370-0
244,HISGUL__ligand1307-0
245,HISGUL__ligand460-0
246,HISGUL__ligand250-0
247,HISGUL__ligand4-0
248,HISGUL__ligand3337-0
249,HISGUL__ligand7514-0
250,HISGUL__ligand955-0
251,HISGUL__ligand4811-0
252,HISGUL__ligand1449-1
253,HISGUL__ligand252-0
254,HISGUL__ligand6-0
255,HISGUL__ligand193-0
256,HISGUL__ligand9620-0
257,HISGUL__ligand1260-0
258,HISGUL__ligand4894-0
259,HISGUL__ligand830-0
260,HISGUL__ligand909-0
261,HISGUL__ligand45-0
262,HISGUL__ligand1788-0
263,HISGUL__ligand851-0
264,HISGUL__ligand1321-0
265,HISGUL__ligand1178-0
266,HISGUL__ligand85-0
267,HISGUL__ligand3566-0
268,HISGUL__ligand934-0
269,HISGUL__ligand177-0
270,HISGUL__ligand78-0
271,HISGUL__ligand1019-0
272,HISGUL__ligand352-0
273,HISGUL__ligand783-0
274,HISGUL__ligand2442-0
275,HISGUL__ligand5762-0
276,HISGUL__ligand7414-0
277,HISGUL__ligand1104-0
278,HISGUL__ligand136-0
279,HISGUL__ligand6571-0
280,HISGUL__ligand442-0
281,HISGUL__ligand1325-0
282,HISGUL__ligand2482-0
283,HISGUL__ligand868-0
284,HISGUL__ligand2929-0
285,HISGUL__ligand112-0
286,HISGUL__ligand2376-0
287,HISGUL__ligand1379-0
288,HISGUL__ligand296-0
289,HISGUL__ligand10357-0
290,HISGUL__ligand1221-0
291,HISGUL__ligand1264-0
292,HISGUL__ligand1299-0
293,HISGUL__ligand197-0
294,HISGUL__ligand15630-0
295,HISGUL__ligand6430-0
296,HISGUL__ligand331-0
297,HISGUL__ligand1712-0
298,HISGUL__ligand3579-0
299,HISGUL__ligand993-0
300,HISGUL__ligand2916-0
301,HISGUL__ligand2110-0
302,HISGUL__ligand67-0
303,HISGUL__ligand294-0
304,HISGUL__ligand584-0
305,HISGUL__ligand916-0
306,HISGUL__ligand1919-0
307,HISGUL__ligand798-0
308,HISGUL__ligand421-0
309,HISGUL__ligand2389-0
310,HISGUL__ligand235-0
311,HISGUL__ligand5334-0
312,HISGUL__ligand932-0
313,HISGUL__ligand134-0
314,HISGUL__ligand390-0
315,HISGUL__ligand1898-0
316,HISGUL__ligand4504-0
317,HISGUL__ligand3051-0
318,HISGUL__ligand2480-0
319,HISGUL__ligand2315-0
320,HISGUL__ligand1858-0
321,HISGUL__ligand8032-0
322,HISGUL__ligand109-0
323,HISGUL__ligand560-0
324,HISGUL__ligand525-0
