,TMC
0,HAYXAG__ligand670-0
1,HAYXAG__ligand24064-0
2,HAYXAG__ligand2527-0
3,HAYXAG__ligand23589-0
4,HAYXAG__ligand571-0
5,HAYXAG__ligand16-0
6,HAYXAG__ligand534-0
7,HAYXAG__ligand8349-0
8,HAYXAG__ligand15168-0
9,HAYXAG__ligand8464-0
10,HAYXAG__ligand1709-0
11,HAYXAG__ligand1771-0
12,HAYXAG__ligand29898-0
13,HAYXAG__ligand4911-0
14,HAYXAG__ligand26277-0
15,HAYXAG__ligand11432-0
16,HAYXAG__ligand31618-0
17,HAYXAG__ligand10432-0
18,HAYXAG__ligand22755-0
19,HAYXAG__ligand3392-0
20,HAYXAG__ligand5849-0
21,HAYXAG__ligand2722-0
22,HAYXAG__ligand18013-0
23,HAYXAG__ligand25224-0
24,HAYXAG__ligand430-0
25,HAYXAG__ligand358-0
26,HAYXAG__ligand1379-0
27,HAYXAG__ligand17945-0
28,HAYXAG__ligand5935-0
29,HAYXAG__ligand31578-0
30,HAYXAG__ligand488-0
31,HAYXAG__ligand17207-0
32,HAYXAG__ligand9525-0
33,HAYXAG__ligand24750-0
34,HAYXAG__ligand1165-0
35,HAYXAG__ligand3157-0
36,HAYXAG__ligand694-0
37,HAYXAG__ligand3647-0
38,HAYXAG__ligand32-0
39,HAYXAG__ligand5357-0
40,HAYXAG__ligand15438-0
41,HAYXAG__ligand28924-0
42,HAYXAG__ligand1688-0
43,HAYXAG__ligand4850-0
44,HAYXAG__ligand5056-0
45,HAYXAG__ligand29087-0
46,HAYXAG__ligand1768-0
47,HAYXAG__ligand1469-0
48,HAYXAG__ligand3871-0
49,HAYXAG__ligand18703-0
50,HAYXAG__ligand656-0
51,HAYXAG__ligand1533-0
52,HAYXAG__ligand13072-0
53,HAYXAG__ligand1496-0
54,HAYXAG__ligand7557-0
55,HAYXAG__ligand12336-0
56,HAYXAG__ligand17240-0
57,HAYXAG__ligand4131-0
58,HAYXAG__ligand1712-0
59,HAYXAG__ligand17590-0
60,HAYXAG__ligand5094-0
61,HAYXAG__ligand5892-0
62,HAYXAG__ligand696-0
63,HAYXAG__ligand48-0
64,HAYXAG__ligand18699-0
65,HAYXAG__ligand12682-0
66,HAYXAG__ligand7162-0
67,HAYXAG__ligand416-0
68,HAYXAG__ligand21421-0
69,HAYXAG__ligand3029-0
70,HAYXAG__ligand1773-0
71,HAYXAG__ligand383-0
72,HAYXAG__ligand4581-0
73,HAYXAG__ligand14586-0
74,HAYXAG__ligand11774-0
75,HAYXAG__ligand2328-0
76,HAYXAG__ligand9197-0
77,HAYXAG__ligand162-0
78,HAYXAG__ligand91-0
79,HAYXAG__ligand1900-0
80,HAYXAG__ligand20579-0
81,HAYXAG__ligand17710-0
82,HAYXAG__ligand226-0
83,HAYXAG__ligand11568-0
84,HAYXAG__ligand31483-0
85,HAYXAG__ligand51-0
86,HAYXAG__ligand10555-0
87,HAYXAG__ligand2208-0
88,HAYXAG__ligand3208-0
89,HAYXAG__ligand3350-0
90,HAYXAG__ligand24613-0
91,HAYXAG__ligand7573-0
92,HAYXAG__ligand2781-0
93,HAYXAG__ligand8722-0
94,HAYXAG__ligand6672-0
95,HAYXAG__ligand9809-0
96,HAYXAG__ligand1327-0
97,HAYXAG__ligand19725-0
98,HAYXAG__ligand29610-0
99,HAYXAG__ligand68-0
100,HAYXAG__ligand3973-0
101,HAYXAG__ligand11140-0
102,HAYXAG__ligand1147-0
103,HAYXAG__ligand18074-0
104,HAYXAG__ligand7925-0
105,HAYXAG__ligand13869-0
106,HAYXAG__ligand29863-0
107,HAYXAG__ligand2068-0
108,HAYXAG__ligand4194-0
109,HAYXAG__ligand18799-0
110,HAYXAG__ligand497-0
111,HAYXAG__ligand18465-0
112,HAYXAG__ligand7532-0
113,HAYXAG__ligand633-0
114,HAYXAG__ligand16791-0
115,HAYXAG__ligand4330-0
116,HAYXAG__ligand55-0
117,HAYXAG__ligand28668-0
118,HAYXAG__ligand2599-0
119,HAYXAG__ligand326-0
120,HAYXAG__ligand6283-0
121,HAYXAG__ligand18391-0
122,HAYXAG__ligand27169-0
123,HAYXAG__ligand14523-0
124,HAYXAG__ligand34-0
125,HAYXAG__ligand6062-0
126,HAYXAG__ligand27074-0
127,HAYXAG__ligand20599-0
128,HAYXAG__ligand4738-0
129,HAYXAG__ligand4813-0
130,HAYXAG__ligand5813-0
131,HAYXAG__ligand22981-0
132,HAYXAG__ligand25805-0
133,HAYXAG__ligand21936-0
134,HAYXAG__ligand3215-0
135,HAYXAG__ligand13257-0
136,HAYXAG__ligand692-0
137,HAYXAG__ligand23904-0
138,HAYXAG__ligand10084-0
139,HAYXAG__ligand25267-0
140,HAYXAG__ligand7107-0
141,HAYXAG__ligand436-0
142,HAYXAG__ligand4-0
143,HAYXAG__ligand12467-0
144,HAYXAG__ligand23906-0
145,HAYXAG__ligand9148-0
146,HAYXAG__ligand11166-0
147,HAYXAG__ligand21132-0
148,HAYXAG__ligand7529-0
149,HAYXAG__ligand30539-0
150,HAYXAG__ligand6946-0
151,HAYXAG__ligand1415-0
152,HAYXAG__ligand25689-0
153,HAYXAG__ligand409-0
154,HAYXAG__ligand324-0
155,HAYXAG__ligand361-0
156,HAYXAG__ligand21787-0
157,HAYXAG__ligand25575-0
158,HAYXAG__ligand2830-0
159,HAYXAG__ligand1729-0
160,HAYXAG__ligand5627-0
161,HAYXAG__ligand5483-0
162,HAYXAG__ligand27835-0
163,HAYXAG__ligand5316-0
164,HAYXAG__ligand12295-0
165,HAYXAG__ligand1065-0
166,HAYXAG__ligand25650-0
167,HAYXAG__ligand7530-0
168,HAYXAG__ligand31248-0
169,HAYXAG__ligand3012-0
170,HAYXAG__ligand300-0
171,HAYXAG__ligand1449-0
172,HAYXAG__ligand12660-0
173,HAYXAG__ligand4332-0
174,HAYXAG__ligand57-0
175,HAYXAG__ligand9681-0
176,HAYXAG__ligand588-0
177,HAYXAG__ligand19257-0
178,HAYXAG__ligand13209-0
179,HAYXAG__ligand25735-0
180,HAYXAG__ligand12519-0
181,HAYXAG__ligand6882-0
182,HAYXAG__ligand6455-0
183,HAYXAG__ligand23124-0
184,HAYXAG__ligand3934-0
185,HAYXAG__ligand199-0
186,HAYXAG__ligand11206-0
187,HAYXAG__ligand2403-0
188,HAYXAG__ligand2917-0
189,HAYXAG__ligand49-0
190,HAYXAG__ligand7819-0
191,HAYXAG__ligand27460-0
192,HAYXAG__ligand941-0
193,HAYXAG__ligand596-0
194,HAYXAG__ligand1-0
195,HAYXAG__ligand12427-0
196,HAYXAG__ligand20740-0
197,HAYXAG__ligand28468-0
198,HAYXAG__ligand3465-0
199,HAYXAG__ligand777-0
200,HAYXAG__ligand16628-0
201,HAYXAG__ligand6102-0
202,HAYXAG__ligand6904-0
203,HAYXAG__ligand3721-0
204,HAYXAG__ligand6596-0
205,HAYXAG__ligand366-0
206,HAYXAG__ligand30296-0
207,HAYXAG__ligand17281-0
208,HAYXAG__ligand26540-0
209,HAYXAG__ligand4620-0
210,HAYXAG__ligand12337-0
211,HAYXAG__ligand29410-0
212,HAYXAG__ligand89-0
213,HAYXAG__ligand657-0
214,HAYXAG__ligand30333-0
215,HAYXAG__ligand12606-0
216,HAYXAG__ligand6067-0
217,HAYXAG__ligand1577-0
218,HAYXAG__ligand187-0
219,HAYXAG__ligand2295-0
220,HAYXAG__ligand14603-0
221,HAYXAG__ligand14297-0
222,HAYXAG__ligand4641-0
223,HAYXAG__ligand845-0
224,HAYXAG__ligand17258-0
225,HAYXAG__ligand17631-0
226,HAYXAG__ligand13012-0
227,HAYXAG__ligand26665-0
228,HAYXAG__ligand31783-0
229,HAYXAG__ligand14723-0
230,HAYXAG__ligand27893-0
231,HAYXAG__ligand126-0
232,HAYXAG__ligand3234-0
233,HAYXAG__ligand1142-0
234,HAYXAG__ligand163-0
235,HAYXAG__ligand20578-0
236,HAYXAG__ligand12934-0
237,HAYXAG__ligand15422-0
238,HAYXAG__ligand19641-0
239,HAYXAG__ligand7126-0
240,HAYXAG__ligand27175-0
241,HAYXAG__ligand18832-0
242,HAYXAG__ligand23713-0
243,HAYXAG__ligand2028-0
244,HAYXAG__ligand8835-0
245,HAYXAG__ligand30988-0
246,HAYXAG__ligand18292-0
247,HAYXAG__ligand12289-0
248,HAYXAG__ligand26702-0
249,HAYXAG__ligand13658-0
250,HAYXAG__ligand9601-0
251,HAYXAG__ligand12130-0
252,HAYXAG__ligand17387-0
253,HAYXAG__ligand8992-0
254,HAYXAG__ligand12231-0
255,HAYXAG__ligand1018-0
256,HAYXAG__ligand12401-0
257,HAYXAG__ligand15585-0
258,HAYXAG__ligand24145-0
259,HAYXAG__ligand4116-0
260,HAYXAG__ligand338-0
261,HAYXAG__ligand10476-0
262,HAYXAG__ligand7967-0
263,HAYXAG__ligand13068-0
264,HAYXAG__ligand6124-0
265,HAYXAG__ligand3707-0
266,HAYXAG__ligand19830-0
267,HAYXAG__ligand1324-0
268,HAYXAG__ligand24185-0
269,HAYXAG__ligand8721-0
270,HAYXAG__ligand23769-0
271,HAYXAG__ligand1823-0
272,HAYXAG__ligand5643-0
273,HAYXAG__ligand25178-0
274,HAYXAG__ligand17302-0
275,HAYXAG__ligand1615-0
276,HAYXAG__ligand5036-0
277,HAYXAG__ligand2526-0
278,HAYXAG__ligand17805-0
279,HAYXAG__ligand9111-0
280,HAYXAG__ligand9952-0
281,HAYXAG__ligand17-0
282,HAYXAG__ligand9441-0
283,HAYXAG__ligand14108-0
284,HAYXAG__ligand2332-0
285,HAYXAG__ligand321-0
286,HAYXAG__ligand1575-0
287,HAYXAG__ligand1530-0
288,HAYXAG__ligand185-0
289,HAYXAG__ligand12641-0
290,HAYXAG__ligand279-0
291,HAYXAG__ligand9933-0
292,HAYXAG__ligand1631-0
293,HAYXAG__ligand10958-0
294,HAYXAG__ligand178-0
295,HAYXAG__ligand28676-0
296,HAYXAG__ligand10262-0
297,HAYXAG__ligand2915-0
298,HAYXAG__ligand27763-0
299,HAYXAG__ligand201-0
300,HAYXAG__ligand3156-0
301,HAYXAG__ligand18814-0
302,HAYXAG__ligand19057-0
303,HAYXAG__ligand1378-0
304,HAYXAG__ligand6244-0
305,HAYXAG__ligand3-0
306,HAYXAG__ligand13425-0
307,HAYXAG__ligand29302-0
308,HAYXAG__ligand4016-0
309,HAYXAG__ligand31832-0
310,HAYXAG__ligand7867-0
311,HAYXAG__ligand13294-0
312,HAYXAG__ligand6709-0
313,HAYXAG__ligand1219-0
314,HAYXAG__ligand12030-0
315,HAYXAG__ligand14248-0
316,HAYXAG__ligand1304-0
317,HAYXAG__ligand1790-0
318,HAYXAG__ligand29879-0
319,HAYXAG__ligand7280-0
320,HAYXAG__ligand28884-0
321,HAYXAG__ligand7238-0
322,HAYXAG__ligand13331-0
323,HAYXAG__ligand9784-0
324,HAYXAG__ligand14174-0
325,HAYXAG__ligand10712-0
326,HAYXAG__ligand4272-0
327,HAYXAG__ligand1451-0
328,HAYXAG__ligand11456-0
329,HAYXAG__ligand7629-0
330,HAYXAG__ligand25411-0
331,HAYXAG__ligand3954-0
332,HAYXAG__ligand4442-0
333,HAYXAG__ligand240-0
334,HAYXAG__ligand4093-0
335,HAYXAG__ligand9520-0
336,HAYXAG__ligand8699-0
337,HAYXAG__ligand1160-0
338,HAYXAG__ligand141-0
339,HAYXAG__ligand9833-0
340,HAYXAG__ligand13390-0
341,HAYXAG__ligand7648-0
342,HAYXAG__ligand2828-0
343,HAYXAG__ligand8876-0
344,HAYXAG__ligand5256-0
345,HAYXAG__ligand384-0
346,HAYXAG__ligand4157-0
347,HAYXAG__ligand2232-0
348,HAYXAG__ligand20682-0
349,HAYXAG__ligand2176-0
350,HAYXAG__ligand9291-0
351,HAYXAG__ligand8115-0
352,HAYXAG__ligand6768-0
353,HAYXAG__ligand26810-0
354,HAYXAG__ligand1982-0
355,HAYXAG__ligand27482-0
356,HAYXAG__ligand7000-0
357,HAYXAG__ligand1285-0
358,HAYXAG__ligand13208-0
359,HAYXAG__ligand768-0
360,HAYXAG__ligand4546-0
361,HAYXAG__ligand4503-0
362,HAYXAG__ligand29568-0
363,HAYXAG__ligand3565-0
364,HAYXAG__ligand14889-0
365,HAYXAG__ligand1512-0
366,HAYXAG__ligand11-0
367,HAYXAG__ligand30851-0
368,HAYXAG__ligand5331-0
369,HAYXAG__ligand20419-0
370,HAYXAG__ligand6919-0
371,HAYXAG__ligand21371-0
372,HAYXAG__ligand3852-0
373,HAYXAG__ligand2485-0
374,HAYXAG__ligand17118-0
375,HAYXAG__ligand28789-0
376,HAYXAG__ligand3094-0
377,HAYXAG__ligand757-0
378,HAYXAG__ligand4155-0
379,HAYXAG__ligand14117-0
380,HAYXAG__ligand17261-0
381,HAYXAG__ligand5211-0
382,HAYXAG__ligand69-0
383,HAYXAG__ligand6839-0
384,HAYXAG__ligand20539-0
385,HAYXAG__ligand30702-0
386,HAYXAG__ligand20214-0
387,HAYXAG__ligand8969-0
388,HAYXAG__ligand20251-0
389,HAYXAG__ligand3131-0
390,HAYXAG__ligand3937-0
391,HAYXAG__ligand1202-0
392,HAYXAG__ligand3174-0
393,HAYXAG__ligand122-0
394,HAYXAG__ligand4720-0
395,HAYXAG__ligand21581-0
396,HAYXAG__ligand31097-0
397,HAYXAG__ligand7106-0
398,HAYXAG__ligand20251-1
399,HAYXAG__ligand7242-0
400,HAYXAG__ligand14703-0
401,HAYXAG__ligand16475-0
402,HAYXAG__ligand1263-0
403,HAYXAG__ligand9908-0
404,HAYXAG__ligand693-0
405,HAYXAG__ligand9935-0
406,HAYXAG__ligand1573-0
407,HAYXAG__ligand1536-0
408,HAYXAG__ligand17398-0
409,HAYXAG__ligand20598-0
410,HAYXAG__ligand1959-0
411,HAYXAG__ligand11675-0
412,HAYXAG__ligand24047-0
413,HAYXAG__ligand3504-0
414,HAYXAG__ligand22557-0
415,HAYXAG__ligand10589-0
416,HAYXAG__ligand4661-0
417,HAYXAG__ligand1844-0
418,HAYXAG__ligand20011-0
419,HAYXAG__ligand17278-0
420,HAYXAG__ligand17982-0
421,HAYXAG__ligand29414-0
422,HAYXAG__ligand6616-0
423,HAYXAG__ligand3035-0
424,HAYXAG__ligand1343-0
425,HAYXAG__ligand3876-0
426,HAYXAG__ligand3718-0
427,HAYXAG__ligand8612-0
428,HAYXAG__ligand20695-0
429,HAYXAG__ligand27754-0
430,HAYXAG__ligand2124-0
431,HAYXAG__ligand28540-0
432,HAYXAG__ligand11111-0
433,HAYXAG__ligand1116-0
434,HAYXAG__ligand1153-0
435,HAYXAG__ligand16369-0
436,HAYXAG__ligand3225-0
437,HAYXAG__ligand2260-0
438,HAYXAG__ligand7092-0
439,HAYXAG__ligand393-0
440,HAYXAG__ligand7273-0
441,HAYXAG__ligand22403-0
442,HAYXAG__ligand9323-0
443,HAYXAG__ligand7172-0
444,HAYXAG__ligand12003-0
445,HAYXAG__ligand5180-0
446,HAYXAG__ligand16148-0
447,HAYXAG__ligand26631-0
448,HAYXAG__ligand353-0
449,HAYXAG__ligand21399-0
450,HAYXAG__ligand10872-0
451,HAYXAG__ligand7316-0
452,HAYXAG__ligand29215-0
453,HAYXAG__ligand5708-0
454,HAYXAG__ligand6017-0
455,HAYXAG__ligand7196-0
456,HAYXAG__ligand21729-0
457,HAYXAG__ligand5159-0
458,HAYXAG__ligand27239-0
459,HAYXAG__ligand5530-0
460,HAYXAG__ligand1356-0
461,HAYXAG__ligand1787-0
462,HAYXAG__ligand9753-0
463,HAYXAG__ligand3178-0
464,HAYXAG__ligand196-0
465,HAYXAG__ligand19927-0
466,HAYXAG__ligand14043-0
467,HAYXAG__ligand28559-0
468,HAYXAG__ligand4807-0
469,HAYXAG__ligand26324-0
470,HAYXAG__ligand3244-0
471,HAYXAG__ligand11618-0
472,HAYXAG__ligand4711-0
473,HAYXAG__ligand686-0
474,HAYXAG__ligand2906-0
475,HAYXAG__ligand422-0
476,HAYXAG__ligand2788-0
477,HAYXAG__ligand5649-0
478,HAYXAG__ligand8793-0
479,HAYXAG__ligand4649-0
480,HAYXAG__ligand26529-0
481,HAYXAG__ligand17427-0
482,HAYXAG__ligand1289-0
483,HAYXAG__ligand5387-0
484,HAYXAG__ligand2203-0
485,HAYXAG__ligand31694-0
486,HAYXAG__ligand465-0
487,HAYXAG__ligand29486-0
488,HAYXAG__ligand25561-0
489,HAYXAG__ligand9450-0
490,HAYXAG__ligand11949-0
491,HAYXAG__ligand1599-0
492,HAYXAG__ligand314-1
493,HAYXAG__ligand12138-0
494,HAYXAG__ligand2612-0
495,HAYXAG__ligand24780-0
496,HAYXAG__ligand67-0
497,HAYXAG__ligand22129-0
498,HAYXAG__ligand8788-0
499,HAYXAG__ligand1832-0
500,HAYXAG__ligand24644-0
501,HAYXAG__ligand813-0
502,HAYXAG__ligand10033-0
503,HAYXAG__ligand2043-0
504,HAYXAG__ligand314-0
505,HAYXAG__ligand780-0
506,HAYXAG__ligand12001-0
507,HAYXAG__ligand9943-0
508,HAYXAG__ligand1228-0
509,HAYXAG__ligand30728-0
510,HAYXAG__ligand27840-0
511,HAYXAG__ligand43-0
512,HAYXAG__ligand24872-0
513,HAYXAG__ligand1604-0
514,HAYXAG__ligand1114-0
515,HAYXAG__ligand13220-0
516,HAYXAG__ligand618-0
517,HAYXAG__ligand11587-0
518,HAYXAG__ligand23175-0
519,HAYXAG__ligand3126-0
520,HAYXAG__ligand6391-0
521,HAYXAG__ligand15788-0
522,HAYXAG__ligand17396-0
523,HAYXAG__ligand9284-0
524,HAYXAG__ligand13385-0
525,HAYXAG__ligand14569-0
526,HAYXAG__ligand391-0
527,HAYXAG__ligand24111-0
528,HAYXAG__ligand22444-0
529,HAYXAG__ligand2417-0
530,HAYXAG__ligand1168-0
531,HAYXAG__ligand24035-0
532,HAYXAG__ligand1294-0
533,HAYXAG__ligand11994-0
534,HAYXAG__ligand31044-0
535,HAYXAG__ligand3677-0
536,HAYXAG__ligand3632-0
537,HAYXAG__ligand31842-0
538,HAYXAG__ligand784-0
539,HAYXAG__ligand16663-0
540,HAYXAG__ligand14614-0
541,HAYXAG__ligand6699-0
542,HAYXAG__ligand1499-0
543,HAYXAG__ligand16988-0
544,HAYXAG__ligand395-0
545,HAYXAG__ligand25913-0
546,HAYXAG__ligand2881-0
547,HAYXAG__ligand368-0
548,HAYXAG__ligand3712-0
549,HAYXAG__ligand1464-0
550,HAYXAG__ligand1211-0
551,HAYXAG__ligand30711-0
552,HAYXAG__ligand20207-0
553,HAYXAG__ligand11682-0
554,HAYXAG__ligand6892-0
555,HAYXAG__ligand3736-0
556,HAYXAG__ligand24230-0
557,HAYXAG__ligand8000-0
558,HAYXAG__ligand28810-0
559,HAYXAG__ligand11096-0
560,HAYXAG__ligand11447-0
561,HAYXAG__ligand19792-0
562,HAYXAG__ligand10828-0
563,HAYXAG__ligand15926-0
564,HAYXAG__ligand9344-0
565,HAYXAG__ligand11970-0
566,HAYXAG__ligand115-0
567,HAYXAG__ligand2693-0
568,HAYXAG__ligand5383-0
569,HAYXAG__ligand15883-0
570,HAYXAG__ligand3945-0
571,HAYXAG__ligand22294-0
572,HAYXAG__ligand9299-0
573,HAYXAG__ligand22168-0
574,HAYXAG__ligand28930-0
575,HAYXAG__ligand2985-0
576,HAYXAG__ligand4007-0
577,HAYXAG__ligand21919-0
578,HAYXAG__ligand9883-0
579,HAYXAG__ligand3677-1
580,HAYXAG__ligand12365-0
581,HAYXAG__ligand10056-0
582,HAYXAG__ligand833-0
583,HAYXAG__ligand13862-0
584,HAYXAG__ligand11357-0
585,HAYXAG__ligand28743-0
586,HAYXAG__ligand15531-0
587,HAYXAG__ligand7291-0
588,HAYXAG__ligand2238-0
589,HAYXAG__ligand23197-0
590,HAYXAG__ligand9167-0
591,HAYXAG__ligand5304-0
592,HAYXAG__ligand24-0
593,HAYXAG__ligand506-0
594,HAYXAG__ligand7293-0
595,HAYXAG__ligand27285-0
596,HAYXAG__ligand2822-0
597,HAYXAG__ligand3867-0
598,HAYXAG__ligand29029-0
599,HAYXAG__ligand1317-0
600,HAYXAG__ligand13477-0
601,HAYXAG__ligand14167-0
602,HAYXAG__ligand27669-0
603,HAYXAG__ligand8002-0
604,HAYXAG__ligand5509-0
605,HAYXAG__ligand6117-0
606,HAYXAG__ligand1407-0
607,HAYXAG__ligand30142-0
608,HAYXAG__ligand5080-0
609,HAYXAG__ligand7762-0
610,HAYXAG__ligand19-0
611,HAYXAG__ligand152-0
612,HAYXAG__ligand447-0
613,HAYXAG__ligand4101-0
614,HAYXAG__ligand746-0
615,HAYXAG__ligand5595-0
616,HAYXAG__ligand28459-0
617,HAYXAG__ligand12453-0
618,HAYXAG__ligand18448-0
619,HAYXAG__ligand176-0
620,HAYXAG__ligand19184-0
621,HAYXAG__ligand2221-0
622,HAYXAG__ligand78-0
623,HAYXAG__ligand4358-0
624,HAYXAG__ligand3926-0
625,HAYXAG__ligand3120-0
626,HAYXAG__ligand45-0
627,HAYXAG__ligand1197-0
628,HAYXAG__ligand13672-0
629,HAYXAG__ligand8592-0
630,HAYXAG__ligand5099-0
631,HAYXAG__ligand1296-0
632,HAYXAG__ligand18568-0
633,HAYXAG__ligand2259-0
634,HAYXAG__ligand28685-0
635,HAYXAG__ligand487-0
636,HAYXAG__ligand9773-0
637,HAYXAG__ligand10371-0
638,HAYXAG__ligand5510-0
639,HAYXAG__ligand1376-0
640,HAYXAG__ligand3980-0
641,HAYXAG__ligand294-0
642,HAYXAG__ligand3557-0
643,HAYXAG__ligand1149-0
644,HAYXAG__ligand7075-0
645,HAYXAG__ligand66-0
646,HAYXAG__ligand9750-0
647,HAYXAG__ligand18757-0
648,HAYXAG__ligand24560-0
649,HAYXAG__ligand1779-0
650,HAYXAG__ligand18413-0
651,HAYXAG__ligand20844-0
652,HAYXAG__ligand6993-0
653,HAYXAG__ligand24624-0
654,HAYXAG__ligand1817-0
655,HAYXAG__ligand21752-0
656,HAYXAG__ligand4167-0
657,HAYXAG__ligand4266-0
658,HAYXAG__ligand1400-0
659,HAYXAG__ligand421-0
660,HAYXAG__ligand9491-0
661,HAYXAG__ligand14339-0
662,HAYXAG__ligand685-0
663,HAYXAG__ligand30788-0
664,HAYXAG__ligand13691-0
665,HAYXAG__ligand1288-0
666,HAYXAG__ligand13755-0
667,HAYXAG__ligand16133-0
668,HAYXAG__ligand4207-0
669,HAYXAG__ligand20432-0
670,HAYXAG__ligand27122-0
671,HAYXAG__ligand24953-0
672,HAYXAG__ligand3453-0
673,HAYXAG__ligand23445-0
674,HAYXAG__ligand3416-0
675,HAYXAG__ligand134-0
676,HAYXAG__ligand21940-0
677,HAYXAG__ligand1150-0
678,HAYXAG__ligand25048-0
679,HAYXAG__ligand235-0
680,HAYXAG__ligand1539-0
681,HAYXAG__ligand30004-0
682,HAYXAG__ligand20557-0
683,HAYXAG__ligand42-0
684,HAYXAG__ligand560-0
685,HAYXAG__ligand8200-0
686,HAYXAG__ligand7438-0
687,HAYXAG__ligand4063-0
688,HAYXAG__ligand3042-0
689,HAYXAG__ligand29214-0
690,HAYXAG__ligand11501-0
691,HAYXAG__ligand11544-0
692,HAYXAG__ligand21448-0
693,HAYXAG__ligand5515-0
694,HAYXAG__ligand352-0
695,HAYXAG__ligand783-0
696,HAYXAG__ligand6663-0
697,HAYXAG__ligand5280-0
698,HAYXAG__ligand5614-0
699,HAYXAG__ligand22357-0
700,HAYXAG__ligand8-0
701,HAYXAG__ligand11758-0
702,HAYXAG__ligand1831-0
703,HAYXAG__ligand20731-0
704,HAYXAG__ligand12413-0
705,HAYXAG__ligand868-0
706,HAYXAG__ligand29334-0
707,HAYXAG__ligand1849-0
708,HAYXAG__ligand11798-0
709,HAYXAG__ligand38-0
710,HAYXAG__ligand14477-0
711,HAYXAG__ligand1216-0
712,HAYXAG__ligand17069-0
713,HAYXAG__ligand5019-0
714,HAYXAG__ligand17445-0
715,HAYXAG__ligand1152-0
716,HAYXAG__ligand3261-0
717,HAYXAG__ligand8042-0
718,HAYXAG__ligand20942-1
719,HAYXAG__ligand21339-0
720,HAYXAG__ligand14226-0
721,HAYXAG__ligand16956-0
722,HAYXAG__ligand6112-0
723,HAYXAG__ligand1828-0
724,HAYXAG__ligand1397-0
725,HAYXAG__ligand7213-0
726,HAYXAG__ligand23682-0
727,HAYXAG__ligand4710-0
728,HAYXAG__ligand5755-0
729,HAYXAG__ligand29565-0
730,HAYXAG__ligand3144-0
731,HAYXAG__ligand5085-0
732,HAYXAG__ligand27771-0
733,HAYXAG__ligand18158-0
734,HAYXAG__ligand4795-0
735,HAYXAG__ligand197-0
736,HAYXAG__ligand3285-0
737,HAYXAG__ligand14007-0
738,HAYXAG__ligand1908-0
739,HAYXAG__ligand18019-1
740,HAYXAG__ligand27550-0
741,HAYXAG__ligand5630-0
742,HAYXAG__ligand1786-0
743,HAYXAG__ligand252-0
744,HAYXAG__ligand5415-0
745,HAYXAG__ligand20220-0
746,HAYXAG__ligand18-0
747,HAYXAG__ligand116-0
748,HAYXAG__ligand20121-0
749,HAYXAG__ligand15387-0
750,HAYXAG__ligand3471-0
751,HAYXAG__ligand4161-0
752,HAYXAG__ligand4124-0
753,HAYXAG__ligand29813-0
754,HAYXAG__ligand16952-0
755,HAYXAG__ligand2823-0
756,HAYXAG__ligand27610-0
757,HAYXAG__ligand10479-0
758,HAYXAG__ligand372-0
759,HAYXAG__ligand11479-0
760,HAYXAG__ligand6995-0
761,HAYXAG__ligand830-0
762,HAYXAG__ligand29441-0
763,HAYXAG__ligand10853-0
764,HAYXAG__ligand3180-0
765,HAYXAG__ligand24851-0
766,HAYXAG__ligand14347-0
767,HAYXAG__ligand13657-0
768,HAYXAG__ligand14302-0
769,HAYXAG__ligand20530-0
770,HAYXAG__ligand2281-0
771,HAYXAG__ligand2650-0
772,HAYXAG__ligand11698-0
773,HAYXAG__ligand4340-0
774,HAYXAG__ligand193-0
775,HAYXAG__ligand22353-0
776,HAYXAG__ligand7566-0
777,HAYXAG__ligand2001-0
778,HAYXAG__ligand19906-0
779,HAYXAG__ligand9944-0
780,HAYXAG__ligand19668-0
781,HAYXAG__ligand8593-0
782,HAYXAG__ligand909-0
783,HAYXAG__ligand8553-0
784,HAYXAG__ligand10151-0
785,HAYXAG__ligand177-0
786,HAYXAG__ligand1113-0
787,HAYXAG__ligand5201-0
788,HAYXAG__ligand188-0
789,HAYXAG__ligand9615-0
790,HAYXAG__ligand11252-0
791,HAYXAG__ligand1154-0
792,HAYXAG__ligand10582-0
793,HAYXAG__ligand13260-0
794,HAYXAG__ligand1498-0
795,HAYXAG__ligand4596-0
796,HAYXAG__ligand19824-0
797,HAYXAG__ligand18067-0
798,HAYXAG__ligand26673-0
799,HAYXAG__ligand785-0
800,HAYXAG__ligand311-0
801,HAYXAG__ligand479-0
802,HAYXAG__ligand20821-0
803,HAYXAG__ligand11606-0
804,HAYXAG__ligand370-1
805,HAYXAG__ligand1169-0
806,HAYXAG__ligand8529-0
807,HAYXAG__ligand620-0
808,HAYXAG__ligand31000-0
809,HAYXAG__ligand564-0
810,HAYXAG__ligand11814-0
811,HAYXAG__ligand1015-0
812,HAYXAG__ligand1050-0
813,HAYXAG__ligand16603-0
814,HAYXAG__ligand2027-0
815,HAYXAG__ligand370-0
816,HAYXAG__ligand16870-0
817,HAYXAG__ligand11622-0
818,HAYXAG__ligand1618-0
819,HAYXAG__ligand11177-0
820,HAYXAG__ligand2692-0
821,HAYXAG__ligand15455-0
822,HAYXAG__ligand250-0
823,HAYXAG__ligand4262-0
824,HAYXAG__ligand31205-0
825,HAYXAG__ligand17686-0
826,HAYXAG__ligand25658-0
827,HAYXAG__ligand1028-0
