,TMC
0,MOQPAJ__ligand821-0
1,MOQPAJ__ligand95-0
2,MOQPAJ__ligand326-0
3,MOQPAJ__ligand2389-0
4,MOQPAJ__ligand553-0
5,MOQPAJ__ligand1919-0
6,MOQPAJ__ligand283-0
7,MOQPAJ__ligand3579-0
8,MOQPAJ__ligand142-0
9,MOQPAJ__ligand206-0
10,MOQPAJ__ligand2110-0
11,MOQPAJ__ligand2916-0
12,MOQPAJ__ligand436-0
13,MOQPAJ__ligand55-0
14,MOQPAJ__ligand1712-0
15,MOQPAJ__ligand166-0
16,MOQPAJ__ligand1858-0
17,MOQPAJ__ligand838-0
18,MOQPAJ__ligand8032-0
19,MOQPAJ__ligand34-0
20,MOQPAJ__ligand2480-0
21,MOQPAJ__ligand3051-0
22,MOQPAJ__ligand4504-0
23,MOQPAJ__ligand1898-0
24,MOQPAJ__ligand2315-0
25,MOQPAJ__ligand497-0
26,MOQPAJ__ligand633-0
27,MOQPAJ__ligand918-0
28,MOQPAJ__ligand532-0
29,MOQPAJ__ligand5334-0
30,MOQPAJ__ligand6571-0
31,MOQPAJ__ligand2482-0
32,MOQPAJ__ligand1325-0
33,MOQPAJ__ligand575-0
34,MOQPAJ__ligand927-0
35,MOQPAJ__ligand1104-0
36,MOQPAJ__ligand7414-0
37,MOQPAJ__ligand5762-0
38,MOQPAJ__ligand199-0
39,MOQPAJ__ligand73-0
40,MOQPAJ__ligand2442-0
41,MOQPAJ__ligand1019-0
42,MOQPAJ__ligand1264-0
43,MOQPAJ__ligand1221-0
44,MOQPAJ__ligand6430-0
45,MOQPAJ__ligand105-0
46,MOQPAJ__ligand1299-0
47,MOQPAJ__ligand140-0
48,MOQPAJ__ligand1379-0
49,MOQPAJ__ligand57-0
50,MOQPAJ__ligand409-0
51,MOQPAJ__ligand361-0
52,MOQPAJ__ligand324-0
53,MOQPAJ__ligand2376-0
54,MOQPAJ__ligand2929-0
55,MOQPAJ__ligand430-0
56,MOQPAJ__ligand358-0
57,MOQPAJ__ligand669-0
58,MOQPAJ__ligand4894-0
59,MOQPAJ__ligand1260-0
60,MOQPAJ__ligand9620-0
61,MOQPAJ__ligand278-0
62,MOQPAJ__ligand1-0
63,MOQPAJ__ligand1449-1
64,MOQPAJ__ligand4811-0
65,MOQPAJ__ligand7514-0
66,MOQPAJ__ligand3337-0
67,MOQPAJ__ligand365-0
68,MOQPAJ__ligand3566-0
69,MOQPAJ__ligand118-0
70,MOQPAJ__ligand670-0
71,MOQPAJ__ligand1178-0
72,MOQPAJ__ligand571-0
73,MOQPAJ__ligand1321-0
74,MOQPAJ__ligand32-0
75,MOQPAJ__ligand1788-0
76,MOQPAJ__ligand509-0
77,MOQPAJ__ligand6166-0
78,MOQPAJ__ligand383-0
79,MOQPAJ__ligand162-0
80,MOQPAJ__ligand1246-0
81,MOQPAJ__ligand226-0
82,MOQPAJ__ligand5089-0
83,MOQPAJ__ligand2599-0
84,MOQPAJ__ligand2853-0
85,MOQPAJ__ligand48-0
86,MOQPAJ__ligand3853-0
87,MOQPAJ__ligand3-0
88,MOQPAJ__ligand1307-0
89,MOQPAJ__ligand29-0
90,MOQPAJ__ligand91-0
91,MOQPAJ__ligand51-0
92,MOQPAJ__ligand2707-0
93,MOQPAJ__ligand384-0
94,MOQPAJ__ligand120-0
95,MOQPAJ__ligand1690-0
96,MOQPAJ__ligand1551-0
97,MOQPAJ__ligand2526-0
98,MOQPAJ__ligand4-0
99,MOQPAJ__ligand3196-0
100,MOQPAJ__ligand4012-0
101,MOQPAJ__ligand2915-0
102,MOQPAJ__ligand240-0
103,MOQPAJ__ligand141-0
104,MOQPAJ__ligand11-0
105,MOQPAJ__ligand4175-0
106,MOQPAJ__ligand2255-0
107,MOQPAJ__ligand6-0
108,MOQPAJ__ligand1918-0
109,MOQPAJ__ligand11730-0
110,MOQPAJ__ligand4370-0
111,MOQPAJ__ligand797-0
112,MOQPAJ__ligand757-0
113,MOQPAJ__ligand1436-0
114,MOQPAJ__ligand2618-0
115,MOQPAJ__ligand3618-0
116,MOQPAJ__ligand3478-0
117,MOQPAJ__ligand3852-0
118,MOQPAJ__ligand49-0
119,MOQPAJ__ligand5758-0
120,MOQPAJ__ligand7456-0
121,MOQPAJ__ligand126-0
122,MOQPAJ__ligand1818-0
123,MOQPAJ__ligand89-0
124,MOQPAJ__ligand596-0
125,MOQPAJ__ligand3251-0
126,MOQPAJ__ligand4619-0
127,MOQPAJ__ligand6143-0
128,MOQPAJ__ligand5235-0
129,MOQPAJ__ligand366-0
130,MOQPAJ__ligand2718-0
131,MOQPAJ__ligand3035-0
132,MOQPAJ__ligand3070-0
133,MOQPAJ__ligand861-0
134,MOQPAJ__ligand1493-0
135,MOQPAJ__ligand612-0
136,MOQPAJ__ligand187-0
137,MOQPAJ__ligand9176-0
138,MOQPAJ__ligand7550-0
139,MOQPAJ__ligand92-0
140,MOQPAJ__ligand321-0
141,MOQPAJ__ligand279-0
142,MOQPAJ__ligand178-0
143,MOQPAJ__ligand1160-0
144,MOQPAJ__ligand2253-0
145,MOQPAJ__ligand100-0
146,MOQPAJ__ligand5093-0
147,MOQPAJ__ligand2954-0
148,MOQPAJ__ligand244-0
149,MOQPAJ__ligand201-0
150,MOQPAJ__ligand17-0
151,MOQPAJ__ligand2762-0
152,MOQPAJ__ligand1038-0
153,MOQPAJ__ligand4423-0
154,MOQPAJ__ligand124-0
155,MOQPAJ__ligand1907-0
156,MOQPAJ__ligand3890-0
157,MOQPAJ__ligand7630-0
158,MOQPAJ__ligand119-0
159,MOQPAJ__ligand1285-0
160,MOQPAJ__ligand1555-0
161,MOQPAJ__ligand3246-0
162,MOQPAJ__ligand115-0
163,MOQPAJ__ligand1148-0
164,MOQPAJ__ligand291-0
165,MOQPAJ__ligand1479-0
166,MOQPAJ__ligand9244-0
167,MOQPAJ__ligand1228-0
168,MOQPAJ__ligand784-0
169,MOQPAJ__ligand355-0
170,MOQPAJ__ligand485-0
171,MOQPAJ__ligand1538-0
172,MOQPAJ__ligand1114-0
173,MOQPAJ__ligand447-0
174,MOQPAJ__ligand2751-0
175,MOQPAJ__ligand133-0
176,MOQPAJ__ligand522-0
177,MOQPAJ__ligand1542-0
178,MOQPAJ__ligand2634-0
179,MOQPAJ__ligand666-0
180,MOQPAJ__ligand487-0
181,MOQPAJ__ligand3041-0
182,MOQPAJ__ligand6332-0
183,MOQPAJ__ligand3178-0
184,MOQPAJ__ligand78-0
185,MOQPAJ__ligand2863-0
186,MOQPAJ__ligand2098-0
187,MOQPAJ__ligand85-0
188,MOQPAJ__ligand6502-0
189,MOQPAJ__ligand1747-0
190,MOQPAJ__ligand6686-0
191,MOQPAJ__ligand7915-0
192,MOQPAJ__ligand45-0
193,MOQPAJ__ligand5548-0
194,MOQPAJ__ligand682-0
195,MOQPAJ__ligand3145-0
196,MOQPAJ__ligand502-0
197,MOQPAJ__ligand196-0
198,MOQPAJ__ligand113-0
199,MOQPAJ__ligand4381-0
200,MOQPAJ__ligand2629-0
201,MOQPAJ__ligand3734-0
202,MOQPAJ__ligand422-0
203,MOQPAJ__ligand1706-0
204,MOQPAJ__ligand1687-0
205,MOQPAJ__ligand236-0
206,MOQPAJ__ligand1951-0
207,MOQPAJ__ligand6277-0
208,MOQPAJ__ligand1376-0
209,MOQPAJ__ligand2768-0
210,MOQPAJ__ligand353-0
211,MOQPAJ__ligand2259-0
212,MOQPAJ__ligand2688-0
213,MOQPAJ__ligand481-0
214,MOQPAJ__ligand1459-0
215,MOQPAJ__ligand314-0
216,MOQPAJ__ligand1544-0
217,MOQPAJ__ligand170-0
218,MOQPAJ__ligand8-0
219,MOQPAJ__ligand1685-0
220,MOQPAJ__ligand3757-0
221,MOQPAJ__ligand67-0
222,MOQPAJ__ligand10357-0
223,MOQPAJ__ligand2087-0
224,MOQPAJ__ligand391-0
225,MOQPAJ__ligand1048-0
226,MOQPAJ__ligand15630-0
227,MOQPAJ__ligand210-0
228,MOQPAJ__ligand1171-0
229,MOQPAJ__ligand3063-0
230,MOQPAJ__ligand1438-0
231,MOQPAJ__ligand5801-0
232,MOQPAJ__ligand851-0
233,MOQPAJ__ligand18-0
234,MOQPAJ__ligand1607-0
235,MOQPAJ__ligand909-0
236,MOQPAJ__ligand1152-0
237,MOQPAJ__ligand177-0
238,MOQPAJ__ligand934-0
239,MOQPAJ__ligand1727-0
240,MOQPAJ__ligand252-0
241,MOQPAJ__ligand2907-0
242,MOQPAJ__ligand955-0
243,MOQPAJ__ligand2430-0
244,MOQPAJ__ligand1703-0
245,MOQPAJ__ligand2862-0
246,MOQPAJ__ligand830-0
247,MOQPAJ__ligand1056-0
248,MOQPAJ__ligand2320-0
249,MOQPAJ__ligand2510-0
250,MOQPAJ__ligand1567-0
251,MOQPAJ__ligand2285-0
252,MOQPAJ__ligand8921-0
253,MOQPAJ__ligand193-0
254,MOQPAJ__ligand1054-0
255,MOQPAJ__ligand86-0
256,MOQPAJ__ligand6294-0
257,MOQPAJ__ligand370-0
258,MOQPAJ__ligand1248-0
259,MOQPAJ__ligand4303-0
260,MOQPAJ__ligand1598-0
261,MOQPAJ__ligand7464-0
262,MOQPAJ__ligand250-0
263,MOQPAJ__ligand460-0
264,MOQPAJ__ligand188-0
265,MOQPAJ__ligand369-0
266,MOQPAJ__ligand62-0
267,MOQPAJ__ligand444-0
268,MOQPAJ__ligand8774-0
269,MOQPAJ__ligand311-0
270,MOQPAJ__ligand3637-0
271,MOQPAJ__ligand3838-0
272,MOQPAJ__ligand66-0
273,MOQPAJ__ligand14530-0
274,MOQPAJ__ligand1799-0
275,MOQPAJ__ligand2838-0
276,MOQPAJ__ligand2880-0
277,MOQPAJ__ligand5941-0
278,MOQPAJ__ligand390-0
279,MOQPAJ__ligand932-0
280,MOQPAJ__ligand134-0
281,MOQPAJ__ligand235-0
282,MOQPAJ__ligand560-0
283,MOQPAJ__ligand525-0
284,MOQPAJ__ligand109-0
285,MOQPAJ__ligand5022-0
286,MOQPAJ__ligand1169-0
287,MOQPAJ__ligand10910-0
288,MOQPAJ__ligand294-0
289,MOQPAJ__ligand993-0
290,MOQPAJ__ligand2864-0
291,MOQPAJ__ligand331-0
292,MOQPAJ__ligand6538-0
293,MOQPAJ__ligand421-0
294,MOQPAJ__ligand9495-0
295,MOQPAJ__ligand2772-0
296,MOQPAJ__ligand798-0
297,MOQPAJ__ligand6151-0
298,MOQPAJ__ligand2142-0
299,MOQPAJ__ligand916-0
300,MOQPAJ__ligand584-0
301,MOQPAJ__ligand40-0
302,MOQPAJ__ligand112-0
303,MOQPAJ__ligand1273-0
304,MOQPAJ__ligand197-0
305,MOQPAJ__ligand10114-0
306,MOQPAJ__ligand296-0
307,MOQPAJ__ligand1052-0
308,MOQPAJ__ligand38-0
309,MOQPAJ__ligand1502-0
310,MOQPAJ__ligand4983-0
311,MOQPAJ__ligand783-0
312,MOQPAJ__ligand352-0
313,MOQPAJ__ligand1835-0
314,MOQPAJ__ligand2794-0
315,MOQPAJ__ligand2345-0
316,MOQPAJ__ligand868-0
317,MOQPAJ__ligand9027-0
318,MOQPAJ__ligand21-0
319,MOQPAJ__ligand442-0
320,MOQPAJ__ligand10479-0
321,MOQPAJ__ligand6396-0
322,MOQPAJ__ligand2265-0
323,MOQPAJ__ligand1113-0
324,MOQPAJ__ligand136-0
