,TMC
0,RASZOC__ligand13331-0
1,RASZOC__ligand784-0
2,RASZOC__ligand28884-0
3,RASZOC__ligand2612-0
4,RASZOC__ligand12030-0
5,RASZOC__ligand1599-0
6,RASZOC__ligand29879-0
7,RASZOC__ligand14248-0
8,RASZOC__ligand31832-0
9,RASZOC__ligand13294-0
10,RASZOC__ligand9450-0
11,RASZOC__ligand25411-0
12,RASZOC__ligand2203-0
13,RASZOC__ligand5387-0
14,RASZOC__ligand395-0
15,RASZOC__ligand1289-0
16,RASZOC__ligand11456-0
17,RASZOC__ligand368-0
18,RASZOC__ligand10712-0
19,RASZOC__ligand14174-0
20,RASZOC__ligand2417-0
21,RASZOC__ligand20682-0
22,RASZOC__ligand115-0
23,RASZOC__ligand49-0
24,RASZOC__ligand9284-0
25,RASZOC__ligand3126-0
26,RASZOC__ligand6391-0
27,RASZOC__ligand13390-0
28,RASZOC__ligand1114-0
29,RASZOC__ligand1604-0
30,RASZOC__ligand833-0
31,RASZOC__ligand9943-0
32,RASZOC__ligand1228-0
33,RASZOC__ligand89-0
34,RASZOC__ligand2043-0
35,RASZOC__ligand13208-0
36,RASZOC__ligand27482-0
37,RASZOC__ligand1832-0
38,RASZOC__ligand26810-0
39,RASZOC__ligand8788-0
40,RASZOC__ligand6017-0
41,RASZOC__ligand28789-0
42,RASZOC__ligand5708-0
43,RASZOC__ligand20419-0
44,RASZOC__ligand17118-0
45,RASZOC__ligand7316-0
46,RASZOC__ligand21371-0
47,RASZOC__ligand30851-0
48,RASZOC__ligand14889-0
49,RASZOC__ligand5180-0
50,RASZOC__ligand29568-0
51,RASZOC__ligand506-0
52,RASZOC__ligand21581-0
53,RASZOC__ligand31097-0
54,RASZOC__ligand7172-0
55,RASZOC__ligand20539-0
56,RASZOC__ligand9323-0
57,RASZOC__ligand152-0
58,RASZOC__ligand7273-0
59,RASZOC__ligand20251-0
60,RASZOC__ligand30702-0
61,RASZOC__ligand20214-0
62,RASZOC__ligand7092-0
63,RASZOC__ligand2260-0
64,RASZOC__ligand3225-0
65,RASZOC__ligand1153-0
66,RASZOC__ligand1116-0
67,RASZOC__ligand2124-0
68,RASZOC__ligand17261-0
69,RASZOC__ligand8612-0
70,RASZOC__ligand14117-0
71,RASZOC__ligand4649-0
72,RASZOC__ligand176-0
73,RASZOC__ligand8793-0
74,RASZOC__ligand2788-0
75,RASZOC__ligand5649-0
76,RASZOC__ligand16475-0
77,RASZOC__ligand14703-0
78,RASZOC__ligand447-0
79,RASZOC__ligand20251-1
80,RASZOC__ligand2906-0
81,RASZOC__ligand746-0
82,RASZOC__ligand4711-0
83,RASZOC__ligand3244-0
84,RASZOC__ligand4807-0
85,RASZOC__ligand487-0
86,RASZOC__ligand20011-0
87,RASZOC__ligand17278-0
88,RASZOC__ligand29414-0
89,RASZOC__ligand3178-0
90,RASZOC__ligand17982-0
91,RASZOC__ligand11675-0
92,RASZOC__ligand9753-0
93,RASZOC__ligand20598-0
94,RASZOC__ligand1356-0
95,RASZOC__ligand10589-0
96,RASZOC__ligand1787-0
97,RASZOC__ligand22557-0
98,RASZOC__ligand24047-0
99,RASZOC__ligand5530-0
100,RASZOC__ligand5159-0
101,RASZOC__ligand17-0
102,RASZOC__ligand17398-0
103,RASZOC__ligand7196-0
104,RASZOC__ligand393-0
105,RASZOC__ligand16628-0
106,RASZOC__ligand12427-0
107,RASZOC__ligand7762-0
108,RASZOC__ligand5080-0
109,RASZOC__ligand1-0
110,RASZOC__ligand28468-0
111,RASZOC__ligand20740-0
112,RASZOC__ligand1407-0
113,RASZOC__ligand6117-0
114,RASZOC__ligand27460-0
115,RASZOC__ligand5509-0
116,RASZOC__ligand8002-0
117,RASZOC__ligand12606-0
118,RASZOC__ligand1317-0
119,RASZOC__ligand3867-0
120,RASZOC__ligand30333-0
121,RASZOC__ligand2822-0
122,RASZOC__ligand7293-0
123,RASZOC__ligand5304-0
124,RASZOC__ligand26540-0
125,RASZOC__ligand29410-0
126,RASZOC__ligand353-0
127,RASZOC__ligand9167-0
128,RASZOC__ligand12337-0
129,RASZOC__ligand30296-0
130,RASZOC__ligand2238-0
131,RASZOC__ligand17281-0
132,RASZOC__ligand1376-0
133,RASZOC__ligand31783-0
134,RASZOC__ligand5510-0
135,RASZOC__ligand9773-0
136,RASZOC__ligand196-0
137,RASZOC__ligand2259-0
138,RASZOC__ligand13012-0
139,RASZOC__ligand17631-0
140,RASZOC__ligand1296-0
141,RASZOC__ligand26665-0
142,RASZOC__ligand14297-0
143,RASZOC__ligand5099-0
144,RASZOC__ligand8592-0
145,RASZOC__ligand14603-0
146,RASZOC__ligand1197-0
147,RASZOC__ligand17258-0
148,RASZOC__ligand3120-0
149,RASZOC__ligand3926-0
150,RASZOC__ligand4358-0
151,RASZOC__ligand422-0
152,RASZOC__ligand30988-0
153,RASZOC__ligand2221-0
154,RASZOC__ligand23713-0
155,RASZOC__ligand18832-0
156,RASZOC__ligand27175-0
157,RASZOC__ligand15422-0
158,RASZOC__ligand12934-0
159,RASZOC__ligand20578-0
160,RASZOC__ligand5595-0
161,RASZOC__ligand19641-0
162,RASZOC__ligand4101-0
163,RASZOC__ligand686-0
164,RASZOC__ligand14723-0
165,RASZOC__ligand27893-0
166,RASZOC__ligand10476-0
167,RASZOC__ligand19830-0
168,RASZOC__ligand13068-0
169,RASZOC__ligand6892-0
170,RASZOC__ligand465-0
171,RASZOC__ligand15585-0
172,RASZOC__ligand12401-0
173,RASZOC__ligand24145-0
174,RASZOC__ligand1211-0
175,RASZOC__ligand1464-0
176,RASZOC__ligand3712-0
177,RASZOC__ligand12231-0
178,RASZOC__ligand13658-0
179,RASZOC__ligand26702-0
180,RASZOC__ligand2881-0
181,RASZOC__ligand12289-0
182,RASZOC__ligand18292-0
183,RASZOC__ligand17387-0
184,RASZOC__ligand1499-0
185,RASZOC__ligand12130-0
186,RASZOC__ligand6699-0
187,RASZOC__ligand17805-0
188,RASZOC__ligand314-1
189,RASZOC__ligand17302-0
190,RASZOC__ligand3632-0
191,RASZOC__ligand3677-0
192,RASZOC__ligand25178-0
193,RASZOC__ligand1294-0
194,RASZOC__ligand24185-0
195,RASZOC__ligand23769-0
196,RASZOC__ligand1168-0
197,RASZOC__ligand10958-0
198,RASZOC__ligand7291-0
199,RASZOC__ligand11-0
200,RASZOC__ligand9883-0
201,RASZOC__ligand12641-0
202,RASZOC__ligand3677-1
203,RASZOC__ligand813-0
204,RASZOC__ligand4007-0
205,RASZOC__ligand2985-0
206,RASZOC__ligand780-0
207,RASZOC__ligand314-0
208,RASZOC__ligand9299-0
209,RASZOC__ligand14108-0
210,RASZOC__ligand3945-0
211,RASZOC__ligand3-0
212,RASZOC__ligand29302-0
213,RASZOC__ligand13425-0
214,RASZOC__ligand19057-0
215,RASZOC__ligand5383-0
216,RASZOC__ligand2693-0
217,RASZOC__ligand18814-0
218,RASZOC__ligand391-0
219,RASZOC__ligand10262-0
220,RASZOC__ligand9344-0
221,RASZOC__ligand28676-0
222,RASZOC__ligand69-0
223,RASZOC__ligand27763-0
224,RASZOC__ligand618-0
225,RASZOC__ligand8000-0
226,RASZOC__ligand3736-0
227,RASZOC__ligand13869-0
228,RASZOC__ligand3261-0
229,RASZOC__ligand1152-0
230,RASZOC__ligand18074-0
231,RASZOC__ligand5019-0
232,RASZOC__ligand29863-0
233,RASZOC__ligand1216-0
234,RASZOC__ligand252-0
235,RASZOC__ligand11140-0
236,RASZOC__ligand1849-0
237,RASZOC__ligand116-0
238,RASZOC__ligand29610-0
239,RASZOC__ligand1831-0
240,RASZOC__ligand32-0
241,RASZOC__ligand28668-0
242,RASZOC__ligand5614-0
243,RASZOC__ligand5280-0
244,RASZOC__ligand6663-0
245,RASZOC__ligand5515-0
246,RASZOC__ligand16791-0
247,RASZOC__ligand193-0
248,RASZOC__ligand18799-0
249,RASZOC__ligand372-0
250,RASZOC__ligand18465-0
251,RASZOC__ligand830-0
252,RASZOC__ligand20599-0
253,RASZOC__ligand25805-0
254,RASZOC__ligand1786-0
255,RASZOC__ligand22981-0
256,RASZOC__ligand16-0
257,RASZOC__ligand27074-0
258,RASZOC__ligand909-0
259,RASZOC__ligand5630-0
260,RASZOC__ligand18391-0
261,RASZOC__ligand14523-0
262,RASZOC__ligand1908-0
263,RASZOC__ligand27169-0
264,RASZOC__ligand3285-0
265,RASZOC__ligand4795-0
266,RASZOC__ligand12467-0
267,RASZOC__ligand5085-0
268,RASZOC__ligand3144-0
269,RASZOC__ligand4-0
270,RASZOC__ligand10084-0
271,RASZOC__ligand5755-0
272,RASZOC__ligand25267-0
273,RASZOC__ligand4710-0
274,RASZOC__ligand23904-0
275,RASZOC__ligand7213-0
276,RASZOC__ligand1397-0
277,RASZOC__ligand177-0
278,RASZOC__ligand1828-0
279,RASZOC__ligand21936-0
280,RASZOC__ligand6112-0
281,RASZOC__ligand13257-0
282,RASZOC__ligand8042-0
283,RASZOC__ligand1288-0
284,RASZOC__ligand30539-0
285,RASZOC__ligand9491-0
286,RASZOC__ligand11166-0
287,RASZOC__ligand21132-0
288,RASZOC__ligand188-0
289,RASZOC__ligand1400-0
290,RASZOC__ligand4266-0
291,RASZOC__ligand91-0
292,RASZOC__ligand23906-0
293,RASZOC__ligand4167-0
294,RASZOC__ligand1817-0
295,RASZOC__ligand6993-0
296,RASZOC__ligand27835-0
297,RASZOC__ligand51-0
298,RASZOC__ligand370-1
299,RASZOC__ligand12295-0
300,RASZOC__ligand1779-0
301,RASZOC__ligand620-0
302,RASZOC__ligand564-0
303,RASZOC__ligand9750-0
304,RASZOC__ligand311-0
305,RASZOC__ligand785-0
306,RASZOC__ligand479-0
307,RASZOC__ligand7075-0
308,RASZOC__ligand25689-0
309,RASZOC__ligand1149-0
310,RASZOC__ligand3557-0
311,RASZOC__ligand3980-0
312,RASZOC__ligand25575-0
313,RASZOC__ligand21787-0
314,RASZOC__ligand3042-0
315,RASZOC__ligand13209-0
316,RASZOC__ligand19257-0
317,RASZOC__ligand12660-0
318,RASZOC__ligand4063-0
319,RASZOC__ligand8200-0
320,RASZOC__ligand7438-0
321,RASZOC__ligand25650-0
322,RASZOC__ligand31248-0
323,RASZOC__ligand370-0
324,RASZOC__ligand1539-0
325,RASZOC__ligand1150-0
326,RASZOC__ligand23124-0
327,RASZOC__ligand3416-0
328,RASZOC__ligand3453-0
329,RASZOC__ligand48-0
330,RASZOC__ligand11206-0
331,RASZOC__ligand4207-0
332,RASZOC__ligand12519-0
333,RASZOC__ligand25735-0
334,RASZOC__ligand250-0
335,RASZOC__ligand15168-0
336,RASZOC__ligand8529-0
337,RASZOC__ligand1169-0
338,RASZOC__ligand23589-0
339,RASZOC__ligand294-0
340,RASZOC__ligand34-0
341,RASZOC__ligand24064-0
342,RASZOC__ligand685-0
343,RASZOC__ligand4596-0
344,RASZOC__ligand1498-0
345,RASZOC__ligand10432-0
346,RASZOC__ligand31618-0
347,RASZOC__ligand11432-0
348,RASZOC__ligand22755-0
349,RASZOC__ligand1154-0
350,RASZOC__ligand421-0
351,RASZOC__ligand9615-0
352,RASZOC__ligand26277-0
353,RASZOC__ligand29898-0
354,RASZOC__ligand1028-0
355,RASZOC__ligand68-0
356,RASZOC__ligand134-0
357,RASZOC__ligand235-0
358,RASZOC__ligand24750-0
359,RASZOC__ligand4262-0
360,RASZOC__ligand17207-0
361,RASZOC__ligand31578-0
362,RASZOC__ligand2692-0
363,RASZOC__ligand25224-0
364,RASZOC__ligand18013-0
365,RASZOC__ligand1618-0
366,RASZOC__ligand17945-0
367,RASZOC__ligand18703-0
368,RASZOC__ligand29087-0
369,RASZOC__ligand2027-0
370,RASZOC__ligand560-0
371,RASZOC__ligand15438-0
372,RASZOC__ligand1050-0
373,RASZOC__ligand55-0
374,RASZOC__ligand1015-0
375,RASZOC__ligand28924-0
376,RASZOC__ligand4340-0
377,RASZOC__ligand2281-0
378,RASZOC__ligand2650-0
379,RASZOC__ligand12336-0
380,RASZOC__ligand352-0
381,RASZOC__ligand783-0
382,RASZOC__ligand3180-0
383,RASZOC__ligand13072-0
384,RASZOC__ligand6995-0
385,RASZOC__ligand57-0
386,RASZOC__ligand2823-0
387,RASZOC__ligand12682-0
388,RASZOC__ligand18699-0
389,RASZOC__ligand4124-0
390,RASZOC__ligand4161-0
391,RASZOC__ligand3471-0
392,RASZOC__ligand17590-0
393,RASZOC__ligand868-0
394,RASZOC__ligand17240-0
395,RASZOC__ligand5415-0
396,RASZOC__ligand20579-0
397,RASZOC__ligand17710-0
398,RASZOC__ligand11568-0
399,RASZOC__ligand5201-0
400,RASZOC__ligand11774-0
401,RASZOC__ligand14586-0
402,RASZOC__ligand21421-0
403,RASZOC__ligand1113-0
404,RASZOC__ligand8553-0
405,RASZOC__ligand19725-0
406,RASZOC__ligand8593-0
407,RASZOC__ligand9944-0
408,RASZOC__ligand24613-0
409,RASZOC__ligand2001-0
410,RASZOC__ligand197-0
411,RASZOC__ligand7566-0
412,RASZOC__ligand31483-0
413,RASZOC__ligand10555-0
414,RASZOC__ligand16952-0
415,RASZOC__ligand29813-0
416,RASZOC__ligand5892-0
417,RASZOC__ligand5094-0
418,RASZOC__ligand20121-0
419,RASZOC__ligand15387-0
420,RASZOC__ligand1712-0
421,RASZOC__ligand20220-0
422,RASZOC__ligand4131-0
423,RASZOC__ligand633-0
424,RASZOC__ligand14302-0
425,RASZOC__ligand13657-0
426,RASZOC__ligand14347-0
427,RASZOC__ligand11698-0
428,RASZOC__ligand7557-0
429,RASZOC__ligand42-0
430,RASZOC__ligand20530-0
431,RASZOC__ligand1496-0
432,RASZOC__ligand24851-0
433,RASZOC__ligand1533-0
434,RASZOC__ligand10853-0
435,RASZOC__ligand29441-0
436,RASZOC__ligand11479-0
437,RASZOC__ligand27610-0
438,RASZOC__ligand10479-0
439,RASZOC__ligand497-0
440,RASZOC__ligand1327-0
441,RASZOC__ligand6672-0
442,RASZOC__ligand9809-0
443,RASZOC__ligand8722-0
444,RASZOC__ligand2781-0
445,RASZOC__ligand19906-0
446,RASZOC__ligand7573-0
447,RASZOC__ligand66-0
448,RASZOC__ligand3350-0
449,RASZOC__ligand19668-0
450,RASZOC__ligand3208-0
451,RASZOC__ligand2208-0
452,RASZOC__ligand326-0
453,RASZOC__ligand22353-0
454,RASZOC__ligand436-0
455,RASZOC__ligand1900-0
456,RASZOC__ligand9197-0
457,RASZOC__ligand2328-0
458,RASZOC__ligand4581-0
459,RASZOC__ligand1773-0
460,RASZOC__ligand10151-0
461,RASZOC__ligand3029-0
462,RASZOC__ligand692-0
463,RASZOC__ligand7162-0
464,RASZOC__ligand5849-0
465,RASZOC__ligand18067-0
466,RASZOC__ligand19824-0
467,RASZOC__ligand3392-0
468,RASZOC__ligand13260-0
469,RASZOC__ligand10582-0
470,RASZOC__ligand4911-0
471,RASZOC__ligand1771-0
472,RASZOC__ligand11252-0
473,RASZOC__ligand1709-0
474,RASZOC__ligand8464-0
475,RASZOC__ligand31000-0
476,RASZOC__ligand8349-0
477,RASZOC__ligand11606-0
478,RASZOC__ligand409-0
479,RASZOC__ligand20821-0
480,RASZOC__ligand361-0
481,RASZOC__ligand324-0
482,RASZOC__ligand2527-0
483,RASZOC__ligand26673-0
484,RASZOC__ligand3871-0
485,RASZOC__ligand1469-0
486,RASZOC__ligand11622-0
487,RASZOC__ligand588-0
488,RASZOC__ligand1768-0
489,RASZOC__ligand16870-0
490,RASZOC__ligand16603-0
491,RASZOC__ligand5056-0
492,RASZOC__ligand4850-0
493,RASZOC__ligand1688-0
494,RASZOC__ligand300-0
495,RASZOC__ligand11814-0
496,RASZOC__ligand5357-0
497,RASZOC__ligand3647-0
498,RASZOC__ligand3157-0
499,RASZOC__ligand31205-0
500,RASZOC__ligand25658-0
501,RASZOC__ligand17686-0
502,RASZOC__ligand1165-0
503,RASZOC__ligand9525-0
504,RASZOC__ligand38-0
505,RASZOC__ligand15455-0
506,RASZOC__ligand5935-0
507,RASZOC__ligand11177-0
508,RASZOC__ligand1379-0
509,RASZOC__ligand199-0
510,RASZOC__ligand2722-0
511,RASZOC__ligand5316-0
512,RASZOC__ligand24624-0
513,RASZOC__ligand20844-0
514,RASZOC__ligand18413-0
515,RASZOC__ligand24560-0
516,RASZOC__ligand5483-0
517,RASZOC__ligand18757-0
518,RASZOC__ligand5627-0
519,RASZOC__ligand1729-0
520,RASZOC__ligand670-0
521,RASZOC__ligand2830-0
522,RASZOC__ligand534-0
523,RASZOC__ligand571-0
524,RASZOC__ligand13691-0
525,RASZOC__ligand30788-0
526,RASZOC__ligand1415-0
527,RASZOC__ligand6946-0
528,RASZOC__ligand7529-0
529,RASZOC__ligand14339-0
530,RASZOC__ligand9148-0
531,RASZOC__ligand21752-0
532,RASZOC__ligand2403-0
533,RASZOC__ligand18-0
534,RASZOC__ligand21940-0
535,RASZOC__ligand25048-0
536,RASZOC__ligand694-0
537,RASZOC__ligand430-0
538,RASZOC__ligand3934-0
539,RASZOC__ligand358-0
540,RASZOC__ligand23445-0
541,RASZOC__ligand24953-0
542,RASZOC__ligand16133-0
543,RASZOC__ligand13755-0
544,RASZOC__ligand27122-0
545,RASZOC__ligand20432-0
546,RASZOC__ligand6455-0
547,RASZOC__ligand6882-0
548,RASZOC__ligand488-0
549,RASZOC__ligand9681-0
550,RASZOC__ligand4332-0
551,RASZOC__ligand1449-0
552,RASZOC__ligand3012-0
553,RASZOC__ligand7530-0
554,RASZOC__ligand20557-0
555,RASZOC__ligand30004-0
556,RASZOC__ligand1065-0
557,RASZOC__ligand8-0
558,RASZOC__ligand2599-0
559,RASZOC__ligand11758-0
560,RASZOC__ligand4330-0
561,RASZOC__ligand22357-0
562,RASZOC__ligand21448-0
563,RASZOC__ligand7532-0
564,RASZOC__ligand656-0
565,RASZOC__ligand11544-0
566,RASZOC__ligand11501-0
567,RASZOC__ligand4194-0
568,RASZOC__ligand29214-0
569,RASZOC__ligand2068-0
570,RASZOC__ligand17445-0
571,RASZOC__ligand696-0
572,RASZOC__ligand7925-0
573,RASZOC__ligand14477-0
574,RASZOC__ligand17069-0
575,RASZOC__ligand1147-0
576,RASZOC__ligand11798-0
577,RASZOC__ligand3973-0
578,RASZOC__ligand20731-0
579,RASZOC__ligand29334-0
580,RASZOC__ligand12413-0
581,RASZOC__ligand27771-0
582,RASZOC__ligand18158-0
583,RASZOC__ligand162-0
584,RASZOC__ligand7107-0
585,RASZOC__ligand23682-0
586,RASZOC__ligand29565-0
587,RASZOC__ligand226-0
588,RASZOC__ligand416-0
589,RASZOC__ligand16956-0
590,RASZOC__ligand14226-0
591,RASZOC__ligand21339-0
592,RASZOC__ligand383-0
593,RASZOC__ligand20942-1
594,RASZOC__ligand3215-0
595,RASZOC__ligand5813-0
596,RASZOC__ligand4813-0
597,RASZOC__ligand4738-0
598,RASZOC__ligand6062-0
599,RASZOC__ligand27550-0
600,RASZOC__ligand14007-0
601,RASZOC__ligand18019-1
602,RASZOC__ligand6283-0
603,RASZOC__ligand9952-0
604,RASZOC__ligand9111-0
605,RASZOC__ligand14614-0
606,RASZOC__ligand2526-0
607,RASZOC__ligand5036-0
608,RASZOC__ligand1615-0
609,RASZOC__ligand16663-0
610,RASZOC__ligand11994-0
611,RASZOC__ligand31842-0
612,RASZOC__ligand5643-0
613,RASZOC__ligand31044-0
614,RASZOC__ligand1823-0
615,RASZOC__ligand8721-0
616,RASZOC__ligand24035-0
617,RASZOC__ligand1324-0
618,RASZOC__ligand3707-0
619,RASZOC__ligand6124-0
620,RASZOC__ligand7967-0
621,RASZOC__ligand240-0
622,RASZOC__ligand30711-0
623,RASZOC__ligand20207-0
624,RASZOC__ligand4116-0
625,RASZOC__ligand11682-0
626,RASZOC__ligand1018-0
627,RASZOC__ligand141-0
628,RASZOC__ligand8992-0
629,RASZOC__ligand9601-0
630,RASZOC__ligand25913-0
631,RASZOC__ligand16988-0
632,RASZOC__ligand15883-0
633,RASZOC__ligand6244-0
634,RASZOC__ligand11970-0
635,RASZOC__ligand1378-0
636,RASZOC__ligand3156-0
637,RASZOC__ligand10828-0
638,RASZOC__ligand2915-0
639,RASZOC__ligand19792-0
640,RASZOC__ligand15926-0
641,RASZOC__ligand24230-0
642,RASZOC__ligand11447-0
643,RASZOC__ligand11096-0
644,RASZOC__ligand28810-0
645,RASZOC__ligand384-0
646,RASZOC__ligand15531-0
647,RASZOC__ligand28743-0
648,RASZOC__ligand13862-0
649,RASZOC__ligand11357-0
650,RASZOC__ligand768-0
651,RASZOC__ligand1631-0
652,RASZOC__ligand9933-0
653,RASZOC__ligand10056-0
654,RASZOC__ligand12365-0
655,RASZOC__ligand1530-0
656,RASZOC__ligand1575-0
657,RASZOC__ligand21919-0
658,RASZOC__ligand2332-0
659,RASZOC__ligand22294-0
660,RASZOC__ligand28930-0
661,RASZOC__ligand22168-0
662,RASZOC__ligand9441-0
663,RASZOC__ligand2295-0
664,RASZOC__ligand1577-0
665,RASZOC__ligand6067-0
666,RASZOC__ligand29029-0
667,RASZOC__ligand27285-0
668,RASZOC__ligand4620-0
669,RASZOC__ligand43-0
670,RASZOC__ligand23197-0
671,RASZOC__ligand3721-0
672,RASZOC__ligand6904-0
673,RASZOC__ligand6596-0
674,RASZOC__ligand6102-0
675,RASZOC__ligand3465-0
676,RASZOC__ligand122-0
677,RASZOC__ligand757-0
678,RASZOC__ligand27669-0
679,RASZOC__ligand30142-0
680,RASZOC__ligand7819-0
681,RASZOC__ligand14167-0
682,RASZOC__ligand13477-0
683,RASZOC__ligand2917-0
684,RASZOC__ligand2028-0
685,RASZOC__ligand8835-0
686,RASZOC__ligand693-0
687,RASZOC__ligand19184-0
688,RASZOC__ligand7126-0
689,RASZOC__ligand28459-0
690,RASZOC__ligand18448-0
691,RASZOC__ligand12453-0
692,RASZOC__ligand1142-0
693,RASZOC__ligand3234-0
694,RASZOC__ligand10371-0
695,RASZOC__ligand28685-0
696,RASZOC__ligand18568-0
697,RASZOC__ligand4641-0
698,RASZOC__ligand67-0
699,RASZOC__ligand13672-0
700,RASZOC__ligand4720-0
701,RASZOC__ligand777-0
702,RASZOC__ligand3174-0
703,RASZOC__ligand1202-0
704,RASZOC__ligand3937-0
705,RASZOC__ligand22403-0
706,RASZOC__ligand3131-0
707,RASZOC__ligand8969-0
708,RASZOC__ligand6839-0
709,RASZOC__ligand11111-0
710,RASZOC__ligand28540-0
711,RASZOC__ligand16369-0
712,RASZOC__ligand5211-0
713,RASZOC__ligand596-0
714,RASZOC__ligand941-0
715,RASZOC__ligand3094-0
716,RASZOC__ligand27754-0
717,RASZOC__ligand4155-0
718,RASZOC__ligand20695-0
719,RASZOC__ligand657-0
720,RASZOC__ligand2485-0
721,RASZOC__ligand3852-0
722,RASZOC__ligand187-0
723,RASZOC__ligand6919-0
724,RASZOC__ligand29215-0
725,RASZOC__ligand10872-0
726,RASZOC__ligand366-0
727,RASZOC__ligand21399-0
728,RASZOC__ligand5331-0
729,RASZOC__ligand1512-0
730,RASZOC__ligand12003-0
731,RASZOC__ligand26631-0
732,RASZOC__ligand16148-0
733,RASZOC__ligand3565-0
734,RASZOC__ligand3718-0
735,RASZOC__ligand14043-0
736,RASZOC__ligand26324-0
737,RASZOC__ligand3876-0
738,RASZOC__ligand1343-0
739,RASZOC__ligand3035-0
740,RASZOC__ligand6616-0
741,RASZOC__ligand28559-0
742,RASZOC__ligand19927-0
743,RASZOC__ligand1844-0
744,RASZOC__ligand4661-0
745,RASZOC__ligand3504-0
746,RASZOC__ligand845-0
747,RASZOC__ligand1959-0
748,RASZOC__ligand1536-0
749,RASZOC__ligand1573-0
750,RASZOC__ligand9935-0
751,RASZOC__ligand27239-0
752,RASZOC__ligand21729-0
753,RASZOC__ligand26529-0
754,RASZOC__ligand1263-0
755,RASZOC__ligand9908-0
756,RASZOC__ligand7242-0
757,RASZOC__ligand163-0
758,RASZOC__ligand126-0
759,RASZOC__ligand11618-0
760,RASZOC__ligand7106-0
761,RASZOC__ligand1160-0
762,RASZOC__ligand8699-0
763,RASZOC__ligand29486-0
764,RASZOC__ligand9520-0
765,RASZOC__ligand4442-0
766,RASZOC__ligand4093-0
767,RASZOC__ligand3954-0
768,RASZOC__ligand338-0
769,RASZOC__ligand31694-0
770,RASZOC__ligand7629-0
771,RASZOC__ligand17427-0
772,RASZOC__ligand1451-0
773,RASZOC__ligand4272-0
774,RASZOC__ligand78-0
775,RASZOC__ligand9784-0
776,RASZOC__ligand24780-0
777,RASZOC__ligand12138-0
778,RASZOC__ligand45-0
779,RASZOC__ligand22129-0
780,RASZOC__ligand7238-0
781,RASZOC__ligand7280-0
782,RASZOC__ligand11949-0
783,RASZOC__ligand1790-0
784,RASZOC__ligand1304-0
785,RASZOC__ligand1219-0
786,RASZOC__ligand6709-0
787,RASZOC__ligand7867-0
788,RASZOC__ligand25561-0
789,RASZOC__ligand4016-0
790,RASZOC__ligand185-0
791,RASZOC__ligand24872-0
792,RASZOC__ligand4503-0
793,RASZOC__ligand4546-0
794,RASZOC__ligand279-0
795,RASZOC__ligand30728-0
796,RASZOC__ligand27840-0
797,RASZOC__ligand24-0
798,RASZOC__ligand178-0
799,RASZOC__ligand1285-0
800,RASZOC__ligand12001-0
801,RASZOC__ligand7000-0
802,RASZOC__ligand24644-0
803,RASZOC__ligand1982-0
804,RASZOC__ligand321-0
805,RASZOC__ligand6768-0
806,RASZOC__ligand10033-0
807,RASZOC__ligand8115-0
808,RASZOC__ligand9291-0
809,RASZOC__ligand22444-0
810,RASZOC__ligand24111-0
811,RASZOC__ligand2176-0
812,RASZOC__ligand13385-0
813,RASZOC__ligand14569-0
814,RASZOC__ligand2232-0
815,RASZOC__ligand4157-0
816,RASZOC__ligand15788-0
817,RASZOC__ligand23175-0
818,RASZOC__ligand19-0
819,RASZOC__ligand17396-0
820,RASZOC__ligand5256-0
821,RASZOC__ligand2828-0
822,RASZOC__ligand8876-0
823,RASZOC__ligand7648-0
824,RASZOC__ligand11587-0
825,RASZOC__ligand13220-0
826,RASZOC__ligand201-0
827,RASZOC__ligand9833-0
