,TMC
0,YASKUA__ligand2087-0
1,YASKUA__ligand1048-0
2,YASKUA__ligand3757-0
3,YASKUA__ligand112-0
4,YASKUA__ligand1685-0
5,YASKUA__ligand14530-0
6,YASKUA__ligand34-0
7,YASKUA__ligand197-0
8,YASKUA__ligand1544-0
9,YASKUA__ligand296-0
10,YASKUA__ligand6-0
11,YASKUA__ligand1459-0
12,YASKUA__ligand5801-0
13,YASKUA__ligand55-0
14,YASKUA__ligand783-0
15,YASKUA__ligand352-0
16,YASKUA__ligand10910-0
17,YASKUA__ligand3063-0
18,YASKUA__ligand1438-0
19,YASKUA__ligand868-0
20,YASKUA__ligand442-0
21,YASKUA__ligand1171-0
22,YASKUA__ligand136-0
23,YASKUA__ligand95-0
24,YASKUA__ligand1706-0
25,YASKUA__ligand3734-0
26,YASKUA__ligand390-0
27,YASKUA__ligand2629-0
28,YASKUA__ligand134-0
29,YASKUA__ligand932-0
30,YASKUA__ligand4381-0
31,YASKUA__ligand235-0
32,YASKUA__ligand525-0
33,YASKUA__ligand57-0
34,YASKUA__ligand560-0
35,YASKUA__ligand109-0
36,YASKUA__ligand10114-0
37,YASKUA__ligand4-0
38,YASKUA__ligand294-0
39,YASKUA__ligand2688-0
40,YASKUA__ligand2259-0
41,YASKUA__ligand993-0
42,YASKUA__ligand73-0
43,YASKUA__ligand331-0
44,YASKUA__ligand1376-0
45,YASKUA__ligand2768-0
46,YASKUA__ligand798-0
47,YASKUA__ligand6277-0
48,YASKUA__ligand421-0
49,YASKUA__ligand1951-0
50,YASKUA__ligand10479-0
51,YASKUA__ligand916-0
52,YASKUA__ligand1687-0
53,YASKUA__ligand584-0
54,YASKUA__ligand3041-0
55,YASKUA__ligand370-0
56,YASKUA__ligand32-0
57,YASKUA__ligand2634-0
58,YASKUA__ligand1542-0
59,YASKUA__ligand250-0
60,YASKUA__ligand460-0
61,YASKUA__ligand2751-0
62,YASKUA__ligand188-0
63,YASKUA__ligand3145-0
64,YASKUA__ligand7915-0
65,YASKUA__ligand5548-0
66,YASKUA__ligand6686-0
67,YASKUA__ligand1747-0
68,YASKUA__ligand444-0
69,YASKUA__ligand369-0
70,YASKUA__ligand2098-0
71,YASKUA__ligand6502-0
72,YASKUA__ligand311-0
73,YASKUA__ligand2863-0
74,YASKUA__ligand3178-0
75,YASKUA__ligand6332-0
76,YASKUA__ligand851-0
77,YASKUA__ligand1479-0
78,YASKUA__ligand1148-0
79,YASKUA__ligand51-0
80,YASKUA__ligand909-0
81,YASKUA__ligand934-0
82,YASKUA__ligand91-0
83,YASKUA__ligand177-0
84,YASKUA__ligand3246-0
85,YASKUA__ligand29-0
86,YASKUA__ligand48-0
87,YASKUA__ligand1114-0
88,YASKUA__ligand252-0
89,YASKUA__ligand1538-0
90,YASKUA__ligand955-0
91,YASKUA__ligand830-0
92,YASKUA__ligand1228-0
93,YASKUA__ligand193-0
94,YASKUA__ligand9244-0
95,YASKUA__ligand481-0
96,YASKUA__ligand314-0
97,YASKUA__ligand1052-0
98,YASKUA__ligand1273-0
99,YASKUA__ligand170-0
100,YASKUA__ligand391-0
101,YASKUA__ligand210-0
102,YASKUA__ligand1113-0
103,YASKUA__ligand2265-0
104,YASKUA__ligand6396-0
105,YASKUA__ligand9027-0
106,YASKUA__ligand2345-0
107,YASKUA__ligand2794-0
108,YASKUA__ligand1835-0
109,YASKUA__ligand4983-0
110,YASKUA__ligand1502-0
111,YASKUA__ligand5022-0
112,YASKUA__ligand196-0
113,YASKUA__ligand502-0
114,YASKUA__ligand1169-0
115,YASKUA__ligand15630-0
116,YASKUA__ligand113-0
117,YASKUA__ligand10357-0
118,YASKUA__ligand422-0
119,YASKUA__ligand5941-0
120,YASKUA__ligand2880-0
121,YASKUA__ligand2838-0
122,YASKUA__ligand1799-0
123,YASKUA__ligand3838-0
124,YASKUA__ligand236-0
125,YASKUA__ligand2142-0
126,YASKUA__ligand9495-0
127,YASKUA__ligand6151-0
128,YASKUA__ligand2772-0
129,YASKUA__ligand6538-0
130,YASKUA__ligand353-0
131,YASKUA__ligand2864-0
132,YASKUA__ligand11-0
133,YASKUA__ligand447-0
134,YASKUA__ligand133-0
135,YASKUA__ligand7464-0
136,YASKUA__ligand1598-0
137,YASKUA__ligand522-0
138,YASKUA__ligand1248-0
139,YASKUA__ligand666-0
140,YASKUA__ligand4303-0
141,YASKUA__ligand487-0
142,YASKUA__ligand6294-0
143,YASKUA__ligand1054-0
144,YASKUA__ligand3637-0
145,YASKUA__ligand3-0
146,YASKUA__ligand89-0
147,YASKUA__ligand8774-0
148,YASKUA__ligand49-0
149,YASKUA__ligand682-0
150,YASKUA__ligand1727-0
151,YASKUA__ligand115-0
152,YASKUA__ligand1152-0
153,YASKUA__ligand1607-0
154,YASKUA__ligand1-0
155,YASKUA__ligand291-0
156,YASKUA__ligand2285-0
157,YASKUA__ligand1567-0
158,YASKUA__ligand8921-0
159,YASKUA__ligand2510-0
160,YASKUA__ligand17-0
161,YASKUA__ligand2320-0
162,YASKUA__ligand784-0
163,YASKUA__ligand355-0
164,YASKUA__ligand1056-0
165,YASKUA__ligand2862-0
166,YASKUA__ligand485-0
167,YASKUA__ligand1703-0
168,YASKUA__ligand2430-0
169,YASKUA__ligand92-0
170,YASKUA__ligand2907-0
171,YASKUA__ligand3853-0
172,YASKUA__ligand2853-0
173,YASKUA__ligand321-0
174,YASKUA__ligand279-0
175,YASKUA__ligand2599-0
176,YASKUA__ligand5089-0
177,YASKUA__ligand178-0
178,YASKUA__ligand100-0
179,YASKUA__ligand1246-0
180,YASKUA__ligand201-0
181,YASKUA__ligand244-0
182,YASKUA__ligand6166-0
183,YASKUA__ligand124-0
184,YASKUA__ligand1307-0
185,YASKUA__ligand119-0
186,YASKUA__ligand3337-0
187,YASKUA__ligand7514-0
188,YASKUA__ligand4811-0
189,YASKUA__ligand45-0
190,YASKUA__ligand1449-1
191,YASKUA__ligand126-0
192,YASKUA__ligand1260-0
193,YASKUA__ligand85-0
194,YASKUA__ligand4894-0
195,YASKUA__ligand9620-0
196,YASKUA__ligand78-0
197,YASKUA__ligand596-0
198,YASKUA__ligand1788-0
199,YASKUA__ligand366-0
200,YASKUA__ligand1321-0
201,YASKUA__ligand861-0
202,YASKUA__ligand612-0
203,YASKUA__ligand3566-0
204,YASKUA__ligand187-0
205,YASKUA__ligand1178-0
206,YASKUA__ligand2442-0
207,YASKUA__ligand1019-0
208,YASKUA__ligand5762-0
209,YASKUA__ligand7414-0
210,YASKUA__ligand1104-0
211,YASKUA__ligand1325-0
212,YASKUA__ligand2482-0
213,YASKUA__ligand6571-0
214,YASKUA__ligand2929-0
215,YASKUA__ligand797-0
216,YASKUA__ligand2376-0
217,YASKUA__ligand1379-0
218,YASKUA__ligand757-0
219,YASKUA__ligand6430-0
220,YASKUA__ligand1299-0
221,YASKUA__ligand1221-0
222,YASKUA__ligand1264-0
223,YASKUA__ligand1712-0
224,YASKUA__ligand384-0
225,YASKUA__ligand2916-0
226,YASKUA__ligand2110-0
227,YASKUA__ligand120-0
228,YASKUA__ligand3579-0
229,YASKUA__ligand1919-0
230,YASKUA__ligand11730-0
231,YASKUA__ligand2389-0
232,YASKUA__ligand5334-0
233,YASKUA__ligand67-0
234,YASKUA__ligand2315-0
235,YASKUA__ligand4504-0
236,YASKUA__ligand3051-0
237,YASKUA__ligand2480-0
238,YASKUA__ligand1898-0
239,YASKUA__ligand8032-0
240,YASKUA__ligand1858-0
241,YASKUA__ligand240-0
242,YASKUA__ligand141-0
243,YASKUA__ligand1038-0
244,YASKUA__ligand2762-0
245,YASKUA__ligand383-0
246,YASKUA__ligand2954-0
247,YASKUA__ligand5093-0
248,YASKUA__ligand162-0
249,YASKUA__ligand2253-0
250,YASKUA__ligand1160-0
251,YASKUA__ligand226-0
252,YASKUA__ligand7550-0
253,YASKUA__ligand1555-0
254,YASKUA__ligand1285-0
255,YASKUA__ligand7630-0
256,YASKUA__ligand3890-0
257,YASKUA__ligand18-0
258,YASKUA__ligand1907-0
259,YASKUA__ligand4423-0
260,YASKUA__ligand1818-0
261,YASKUA__ligand358-0
262,YASKUA__ligand430-0
263,YASKUA__ligand669-0
264,YASKUA__ligand7456-0
265,YASKUA__ligand5758-0
266,YASKUA__ligand278-0
267,YASKUA__ligand62-0
268,YASKUA__ligand3852-0
269,YASKUA__ligand365-0
270,YASKUA__ligand3478-0
271,YASKUA__ligand670-0
272,YASKUA__ligand118-0
273,YASKUA__ligand9176-0
274,YASKUA__ligand571-0
275,YASKUA__ligand1493-0
276,YASKUA__ligand2718-0
277,YASKUA__ligand3070-0
278,YASKUA__ligand3035-0
279,YASKUA__ligand5235-0
280,YASKUA__ligand6143-0
281,YASKUA__ligand4619-0
282,YASKUA__ligand509-0
283,YASKUA__ligand3251-0
284,YASKUA__ligand86-0
285,YASKUA__ligand575-0
286,YASKUA__ligand1918-0
287,YASKUA__ligand927-0
288,YASKUA__ligand8-0
289,YASKUA__ligand199-0
290,YASKUA__ligand2255-0
291,YASKUA__ligand4175-0
292,YASKUA__ligand140-0
293,YASKUA__ligand105-0
294,YASKUA__ligand3618-0
295,YASKUA__ligand2618-0
296,YASKUA__ligand1436-0
297,YASKUA__ligand324-0
298,YASKUA__ligand361-0
299,YASKUA__ligand409-0
300,YASKUA__ligand4370-0
301,YASKUA__ligand66-0
302,YASKUA__ligand821-0
303,YASKUA__ligand326-0
304,YASKUA__ligand553-0
305,YASKUA__ligand21-0
306,YASKUA__ligand2526-0
307,YASKUA__ligand1551-0
308,YASKUA__ligand283-0
309,YASKUA__ligand142-0
310,YASKUA__ligand1690-0
311,YASKUA__ligand206-0
312,YASKUA__ligand436-0
313,YASKUA__ligand2707-0
314,YASKUA__ligand38-0
315,YASKUA__ligand2915-0
316,YASKUA__ligand166-0
317,YASKUA__ligand838-0
318,YASKUA__ligand497-0
319,YASKUA__ligand918-0
320,YASKUA__ligand633-0
321,YASKUA__ligand40-0
322,YASKUA__ligand4012-0
323,YASKUA__ligand3196-0
324,YASKUA__ligand532-0
