,TMC
0,PHZCWB__ligand25689-0
1,PHZCWB__ligand1533-0
2,PHZCWB__ligand21787-0
3,PHZCWB__ligand588-0
4,PHZCWB__ligand25575-0
5,PHZCWB__ligand27835-0
6,PHZCWB__ligand12295-0
7,PHZCWB__ligand7557-0
8,PHZCWB__ligand300-0
9,PHZCWB__ligand1496-0
10,PHZCWB__ligand4131-0
11,PHZCWB__ligand11166-0
12,PHZCWB__ligand1712-0
13,PHZCWB__ligand21132-0
14,PHZCWB__ligand23906-0
15,PHZCWB__ligand5094-0
16,PHZCWB__ligand5892-0
17,PHZCWB__ligand199-0
18,PHZCWB__ligand38-0
19,PHZCWB__ligand30539-0
20,PHZCWB__ligand3029-0
21,PHZCWB__ligand23124-0
22,PHZCWB__ligand11206-0
23,PHZCWB__ligand7162-0
24,PHZCWB__ligand12519-0
25,PHZCWB__ligand2328-0
26,PHZCWB__ligand25735-0
27,PHZCWB__ligand1773-0
28,PHZCWB__ligand4581-0
29,PHZCWB__ligand1900-0
30,PHZCWB__ligand9197-0
31,PHZCWB__ligand3208-0
32,PHZCWB__ligand2208-0
33,PHZCWB__ligand25650-0
34,PHZCWB__ligand31248-0
35,PHZCWB__ligand7573-0
36,PHZCWB__ligand361-0
37,PHZCWB__ligand324-0
38,PHZCWB__ligand2781-0
39,PHZCWB__ligand3350-0
40,PHZCWB__ligand13209-0
41,PHZCWB__ligand19257-0
42,PHZCWB__ligand409-0
43,PHZCWB__ligand12660-0
44,PHZCWB__ligand6672-0
45,PHZCWB__ligand9809-0
46,PHZCWB__ligand1327-0
47,PHZCWB__ligand8722-0
48,PHZCWB__ligand18799-0
49,PHZCWB__ligand2527-0
50,PHZCWB__ligand66-0
51,PHZCWB__ligand18465-0
52,PHZCWB__ligand28668-0
53,PHZCWB__ligand1709-0
54,PHZCWB__ligand8464-0
55,PHZCWB__ligand8349-0
56,PHZCWB__ligand326-0
57,PHZCWB__ligand16791-0
58,PHZCWB__ligand1771-0
59,PHZCWB__ligand4911-0
60,PHZCWB__ligand11140-0
61,PHZCWB__ligand436-0
62,PHZCWB__ligand3392-0
63,PHZCWB__ligand29610-0
64,PHZCWB__ligand18074-0
65,PHZCWB__ligand13869-0
66,PHZCWB__ligand29863-0
67,PHZCWB__ligand5849-0
68,PHZCWB__ligand692-0
69,PHZCWB__ligand23904-0
70,PHZCWB__ligand1379-0
71,PHZCWB__ligand2722-0
72,PHZCWB__ligand21936-0
73,PHZCWB__ligand13257-0
74,PHZCWB__ligand5935-0
75,PHZCWB__ligand1165-0
76,PHZCWB__ligand12467-0
77,PHZCWB__ligand9525-0
78,PHZCWB__ligand3157-0
79,PHZCWB__ligand10084-0
80,PHZCWB__ligand25267-0
81,PHZCWB__ligand1688-0
82,PHZCWB__ligand18391-0
83,PHZCWB__ligand633-0
84,PHZCWB__ligand5357-0
85,PHZCWB__ligand27169-0
86,PHZCWB__ligand3647-0
87,PHZCWB__ligand14523-0
88,PHZCWB__ligand42-0
89,PHZCWB__ligand5056-0
90,PHZCWB__ligand4850-0
91,PHZCWB__ligand20599-0
92,PHZCWB__ligand1768-0
93,PHZCWB__ligand25805-0
94,PHZCWB__ligand22981-0
95,PHZCWB__ligand497-0
96,PHZCWB__ligand3871-0
97,PHZCWB__ligand1469-0
98,PHZCWB__ligand27074-0
99,PHZCWB__ligand9148-0
100,PHZCWB__ligand17590-0
101,PHZCWB__ligand162-0
102,PHZCWB__ligand17240-0
103,PHZCWB__ligand226-0
104,PHZCWB__ligand7529-0
105,PHZCWB__ligand12682-0
106,PHZCWB__ligand18699-0
107,PHZCWB__ligand416-0
108,PHZCWB__ligand6946-0
109,PHZCWB__ligand1415-0
110,PHZCWB__ligand383-0
111,PHZCWB__ligand2830-0
112,PHZCWB__ligand5627-0
113,PHZCWB__ligand1729-0
114,PHZCWB__ligand12336-0
115,PHZCWB__ligand5483-0
116,PHZCWB__ligand5316-0
117,PHZCWB__ligand13072-0
118,PHZCWB__ligand7530-0
119,PHZCWB__ligand1065-0
120,PHZCWB__ligand31483-0
121,PHZCWB__ligand1449-0
122,PHZCWB__ligand10555-0
123,PHZCWB__ligand3012-0
124,PHZCWB__ligand656-0
125,PHZCWB__ligand4332-0
126,PHZCWB__ligand19725-0
127,PHZCWB__ligand9681-0
128,PHZCWB__ligand24613-0
129,PHZCWB__ligand3-0
130,PHZCWB__ligand6882-0
131,PHZCWB__ligand11774-0
132,PHZCWB__ligand14586-0
133,PHZCWB__ligand6455-0
134,PHZCWB__ligand696-0
135,PHZCWB__ligand21421-0
136,PHZCWB__ligand3934-0
137,PHZCWB__ligand17710-0
138,PHZCWB__ligand20579-0
139,PHZCWB__ligand11568-0
140,PHZCWB__ligand2403-0
141,PHZCWB__ligand31618-0
142,PHZCWB__ligand3973-0
143,PHZCWB__ligand11432-0
144,PHZCWB__ligand10432-0
145,PHZCWB__ligand22755-0
146,PHZCWB__ligand18-0
147,PHZCWB__ligand1147-0
148,PHZCWB__ligand694-0
149,PHZCWB__ligand26277-0
150,PHZCWB__ligand29898-0
151,PHZCWB__ligand358-0
152,PHZCWB__ligand430-0
153,PHZCWB__ligand2068-0
154,PHZCWB__ligand488-0
155,PHZCWB__ligand7925-0
156,PHZCWB__ligand4194-0
157,PHZCWB__ligand23589-0
158,PHZCWB__ligand7532-0
159,PHZCWB__ligand24064-0
160,PHZCWB__ligand1-0
161,PHZCWB__ligand15168-0
162,PHZCWB__ligand2599-0
163,PHZCWB__ligand4330-0
164,PHZCWB__ligand15438-0
165,PHZCWB__ligand28924-0
166,PHZCWB__ligand6283-0
167,PHZCWB__ligand670-0
168,PHZCWB__ligand6062-0
169,PHZCWB__ligand18703-0
170,PHZCWB__ligand5813-0
171,PHZCWB__ligand534-0
172,PHZCWB__ligand571-0
173,PHZCWB__ligand4813-0
174,PHZCWB__ligand29087-0
175,PHZCWB__ligand4738-0
176,PHZCWB__ligand3215-0
177,PHZCWB__ligand31578-0
178,PHZCWB__ligand17207-0
179,PHZCWB__ligand25224-0
180,PHZCWB__ligand18013-0
181,PHZCWB__ligand17945-0
182,PHZCWB__ligand7107-0
183,PHZCWB__ligand24750-0
184,PHZCWB__ligand9601-0
185,PHZCWB__ligand8992-0
186,PHZCWB__ligand14117-0
187,PHZCWB__ligand693-0
188,PHZCWB__ligand17261-0
189,PHZCWB__ligand4116-0
190,PHZCWB__ligand31097-0
191,PHZCWB__ligand21581-0
192,PHZCWB__ligand1018-0
193,PHZCWB__ligand6124-0
194,PHZCWB__ligand3707-0
195,PHZCWB__ligand20539-0
196,PHZCWB__ligand7967-0
197,PHZCWB__ligand20251-0
198,PHZCWB__ligand20214-0
199,PHZCWB__ligand30702-0
200,PHZCWB__ligand14889-0
201,PHZCWB__ligand30851-0
202,PHZCWB__ligand8721-0
203,PHZCWB__ligand1324-0
204,PHZCWB__ligand29568-0
205,PHZCWB__ligand5643-0
206,PHZCWB__ligand1823-0
207,PHZCWB__ligand2526-0
208,PHZCWB__ligand5036-0
209,PHZCWB__ligand1615-0
210,PHZCWB__ligand67-0
211,PHZCWB__ligand28789-0
212,PHZCWB__ligand20419-0
213,PHZCWB__ligand9952-0
214,PHZCWB__ligand9111-0
215,PHZCWB__ligand21371-0
216,PHZCWB__ligand17118-0
217,PHZCWB__ligand2332-0
218,PHZCWB__ligand20598-0
219,PHZCWB__ligand11675-0
220,PHZCWB__ligand9441-0
221,PHZCWB__ligand24047-0
222,PHZCWB__ligand10589-0
223,PHZCWB__ligand22557-0
224,PHZCWB__ligand17398-0
225,PHZCWB__ligand9933-0
226,PHZCWB__ligand1575-0
227,PHZCWB__ligand1530-0
228,PHZCWB__ligand43-0
229,PHZCWB__ligand17278-0
230,PHZCWB__ligand20011-0
231,PHZCWB__ligand17982-0
232,PHZCWB__ligand29414-0
233,PHZCWB__ligand1631-0
234,PHZCWB__ligand20251-1
235,PHZCWB__ligand3156-0
236,PHZCWB__ligand122-0
237,PHZCWB__ligand2915-0
238,PHZCWB__ligand1378-0
239,PHZCWB__ligand757-0
240,PHZCWB__ligand16475-0
241,PHZCWB__ligand14703-0
242,PHZCWB__ligand6244-0
243,PHZCWB__ligand7819-0
244,PHZCWB__ligand11456-0
245,PHZCWB__ligand2917-0
246,PHZCWB__ligand14174-0
247,PHZCWB__ligand10712-0
248,PHZCWB__ligand3465-0
249,PHZCWB__ligand6102-0
250,PHZCWB__ligand3721-0
251,PHZCWB__ligand6904-0
252,PHZCWB__ligand6596-0
253,PHZCWB__ligand384-0
254,PHZCWB__ligand25411-0
255,PHZCWB__ligand31832-0
256,PHZCWB__ligand768-0
257,PHZCWB__ligand13294-0
258,PHZCWB__ligand4620-0
259,PHZCWB__ligand28884-0
260,PHZCWB__ligand13331-0
261,PHZCWB__ligand2295-0
262,PHZCWB__ligand12030-0
263,PHZCWB__ligand1577-0
264,PHZCWB__ligand6067-0
265,PHZCWB__ligand29879-0
266,PHZCWB__ligand14248-0
267,PHZCWB__ligand4641-0
268,PHZCWB__ligand13208-0
269,PHZCWB__ligand26810-0
270,PHZCWB__ligand27482-0
271,PHZCWB__ligand4-0
272,PHZCWB__ligand1142-0
273,PHZCWB__ligand3234-0
274,PHZCWB__ligand240-0
275,PHZCWB__ligand13390-0
276,PHZCWB__ligand141-0
277,PHZCWB__ligand2028-0
278,PHZCWB__ligand20682-0
279,PHZCWB__ligand8835-0
280,PHZCWB__ligand7126-0
281,PHZCWB__ligand24-0
282,PHZCWB__ligand279-0
283,PHZCWB__ligand185-0
284,PHZCWB__ligand25178-0
285,PHZCWB__ligand3565-0
286,PHZCWB__ligand24185-0
287,PHZCWB__ligand178-0
288,PHZCWB__ligand5331-0
289,PHZCWB__ligand1512-0
290,PHZCWB__ligand23769-0
291,PHZCWB__ligand2485-0
292,PHZCWB__ligand17805-0
293,PHZCWB__ligand3852-0
294,PHZCWB__ligand6919-0
295,PHZCWB__ligand321-0
296,PHZCWB__ligand17302-0
297,PHZCWB__ligand3094-0
298,PHZCWB__ligand4155-0
299,PHZCWB__ligand12231-0
300,PHZCWB__ligand12289-0
301,PHZCWB__ligand18292-0
302,PHZCWB__ligand13658-0
303,PHZCWB__ligand26702-0
304,PHZCWB__ligand17387-0
305,PHZCWB__ligand12130-0
306,PHZCWB__ligand5211-0
307,PHZCWB__ligand3131-0
308,PHZCWB__ligand3174-0
309,PHZCWB__ligand3937-0
310,PHZCWB__ligand1202-0
311,PHZCWB__ligand8969-0
312,PHZCWB__ligand10476-0
313,PHZCWB__ligand19830-0
314,PHZCWB__ligand13068-0
315,PHZCWB__ligand6839-0
316,PHZCWB__ligand19-0
317,PHZCWB__ligand4720-0
318,PHZCWB__ligand15585-0
319,PHZCWB__ligand12401-0
320,PHZCWB__ligand201-0
321,PHZCWB__ligand24145-0
322,PHZCWB__ligand7106-0
323,PHZCWB__ligand10262-0
324,PHZCWB__ligand28676-0
325,PHZCWB__ligand27763-0
326,PHZCWB__ligand7242-0
327,PHZCWB__ligand338-0
328,PHZCWB__ligand78-0
329,PHZCWB__ligand29302-0
330,PHZCWB__ligand13425-0
331,PHZCWB__ligand18814-0
332,PHZCWB__ligand19057-0
333,PHZCWB__ligand1263-0
334,PHZCWB__ligand9908-0
335,PHZCWB__ligand1573-0
336,PHZCWB__ligand1536-0
337,PHZCWB__ligand9935-0
338,PHZCWB__ligand3504-0
339,PHZCWB__ligand1959-0
340,PHZCWB__ligand14108-0
341,PHZCWB__ligand45-0
342,PHZCWB__ligand10958-0
343,PHZCWB__ligand1844-0
344,PHZCWB__ligand4661-0
345,PHZCWB__ligand3718-0
346,PHZCWB__ligand12641-0
347,PHZCWB__ligand6616-0
348,PHZCWB__ligand1343-0
349,PHZCWB__ligand3876-0
350,PHZCWB__ligand3035-0
351,PHZCWB__ligand26540-0
352,PHZCWB__ligand12337-0
353,PHZCWB__ligand4016-0
354,PHZCWB__ligand29410-0
355,PHZCWB__ligand1219-0
356,PHZCWB__ligand6709-0
357,PHZCWB__ligand30296-0
358,PHZCWB__ligand17281-0
359,PHZCWB__ligand7867-0
360,PHZCWB__ligand845-0
361,PHZCWB__ligand12606-0
362,PHZCWB__ligand7280-0
363,PHZCWB__ligand1304-0
364,PHZCWB__ligand1790-0
365,PHZCWB__ligand7238-0
366,PHZCWB__ligand30333-0
367,PHZCWB__ligand27460-0
368,PHZCWB__ligand9784-0
369,PHZCWB__ligand7629-0
370,PHZCWB__ligand4272-0
371,PHZCWB__ligand1451-0
372,PHZCWB__ligand3954-0
373,PHZCWB__ligand4442-0
374,PHZCWB__ligand4093-0
375,PHZCWB__ligand163-0
376,PHZCWB__ligand126-0
377,PHZCWB__ligand16628-0
378,PHZCWB__ligand1160-0
379,PHZCWB__ligand8699-0
380,PHZCWB__ligand12427-0
381,PHZCWB__ligand28468-0
382,PHZCWB__ligand20740-0
383,PHZCWB__ligand9520-0
384,PHZCWB__ligand15422-0
385,PHZCWB__ligand5256-0
386,PHZCWB__ligand777-0
387,PHZCWB__ligand12934-0
388,PHZCWB__ligand20578-0
389,PHZCWB__ligand7648-0
390,PHZCWB__ligand2828-0
391,PHZCWB__ligand8876-0
392,PHZCWB__ligand9833-0
393,PHZCWB__ligand19641-0
394,PHZCWB__ligand4157-0
395,PHZCWB__ligand14723-0
396,PHZCWB__ligand27893-0
397,PHZCWB__ligand2232-0
398,PHZCWB__ligand30988-0
399,PHZCWB__ligand18832-0
400,PHZCWB__ligand27175-0
401,PHZCWB__ligand23713-0
402,PHZCWB__ligand9291-0
403,PHZCWB__ligand596-0
404,PHZCWB__ligand941-0
405,PHZCWB__ligand2176-0
406,PHZCWB__ligand657-0
407,PHZCWB__ligand17631-0
408,PHZCWB__ligand7000-0
409,PHZCWB__ligand13012-0
410,PHZCWB__ligand1982-0
411,PHZCWB__ligand26665-0
412,PHZCWB__ligand6768-0
413,PHZCWB__ligand8115-0
414,PHZCWB__ligand187-0
415,PHZCWB__ligand1285-0
416,PHZCWB__ligand14297-0
417,PHZCWB__ligand14603-0
418,PHZCWB__ligand17258-0
419,PHZCWB__ligand31783-0
420,PHZCWB__ligand366-0
421,PHZCWB__ligand4546-0
422,PHZCWB__ligand4503-0
423,PHZCWB__ligand176-0
424,PHZCWB__ligand27669-0
425,PHZCWB__ligand30142-0
426,PHZCWB__ligand5387-0
427,PHZCWB__ligand2203-0
428,PHZCWB__ligand14167-0
429,PHZCWB__ligand13477-0
430,PHZCWB__ligand1289-0
431,PHZCWB__ligand447-0
432,PHZCWB__ligand746-0
433,PHZCWB__ligand487-0
434,PHZCWB__ligand23197-0
435,PHZCWB__ligand9450-0
436,PHZCWB__ligand17-0
437,PHZCWB__ligand1599-0
438,PHZCWB__ligand27285-0
439,PHZCWB__ligand29029-0
440,PHZCWB__ligand2612-0
441,PHZCWB__ligand1832-0
442,PHZCWB__ligand8788-0
443,PHZCWB__ligand28685-0
444,PHZCWB__ligand18568-0
445,PHZCWB__ligand13672-0
446,PHZCWB__ligand2043-0
447,PHZCWB__ligand10371-0
448,PHZCWB__ligand9943-0
449,PHZCWB__ligand1228-0
450,PHZCWB__ligand1604-0
451,PHZCWB__ligand506-0
452,PHZCWB__ligand28459-0
453,PHZCWB__ligand18448-0
454,PHZCWB__ligand12453-0
455,PHZCWB__ligand1114-0
456,PHZCWB__ligand9284-0
457,PHZCWB__ligand152-0
458,PHZCWB__ligand3126-0
459,PHZCWB__ligand6391-0
460,PHZCWB__ligand2417-0
461,PHZCWB__ligand19184-0
462,PHZCWB__ligand115-0
463,PHZCWB__ligand2124-0
464,PHZCWB__ligand8612-0
465,PHZCWB__ligand2260-0
466,PHZCWB__ligand7092-0
467,PHZCWB__ligand49-0
468,PHZCWB__ligand1116-0
469,PHZCWB__ligand3225-0
470,PHZCWB__ligand1153-0
471,PHZCWB__ligand16988-0
472,PHZCWB__ligand25913-0
473,PHZCWB__ligand9323-0
474,PHZCWB__ligand7273-0
475,PHZCWB__ligand20207-0
476,PHZCWB__ligand30711-0
477,PHZCWB__ligand7172-0
478,PHZCWB__ligand11682-0
479,PHZCWB__ligand11994-0
480,PHZCWB__ligand833-0
481,PHZCWB__ligand5180-0
482,PHZCWB__ligand31842-0
483,PHZCWB__ligand31044-0
484,PHZCWB__ligand24035-0
485,PHZCWB__ligand5708-0
486,PHZCWB__ligand14614-0
487,PHZCWB__ligand7316-0
488,PHZCWB__ligand6017-0
489,PHZCWB__ligand89-0
490,PHZCWB__ligand16663-0
491,PHZCWB__ligand5159-0
492,PHZCWB__ligand21919-0
493,PHZCWB__ligand784-0
494,PHZCWB__ligand7196-0
495,PHZCWB__ligand22294-0
496,PHZCWB__ligand9753-0
497,PHZCWB__ligand1356-0
498,PHZCWB__ligand1787-0
499,PHZCWB__ligand28930-0
500,PHZCWB__ligand5530-0
501,PHZCWB__ligand22168-0
502,PHZCWB__ligand13862-0
503,PHZCWB__ligand11357-0
504,PHZCWB__ligand15531-0
505,PHZCWB__ligand28743-0
506,PHZCWB__ligand3178-0
507,PHZCWB__ligand4807-0
508,PHZCWB__ligand10056-0
509,PHZCWB__ligand12365-0
510,PHZCWB__ligand19792-0
511,PHZCWB__ligand10828-0
512,PHZCWB__ligand15926-0
513,PHZCWB__ligand3244-0
514,PHZCWB__ligand4711-0
515,PHZCWB__ligand24230-0
516,PHZCWB__ligand2906-0
517,PHZCWB__ligand28810-0
518,PHZCWB__ligand11447-0
519,PHZCWB__ligand11096-0
520,PHZCWB__ligand395-0
521,PHZCWB__ligand15883-0
522,PHZCWB__ligand11970-0
523,PHZCWB__ligand4649-0
524,PHZCWB__ligand2788-0
525,PHZCWB__ligand5649-0
526,PHZCWB__ligand368-0
527,PHZCWB__ligand8793-0
528,PHZCWB__ligand2238-0
529,PHZCWB__ligand11-0
530,PHZCWB__ligand5304-0
531,PHZCWB__ligand25561-0
532,PHZCWB__ligand9167-0
533,PHZCWB__ligand12138-0
534,PHZCWB__ligand24780-0
535,PHZCWB__ligand3867-0
536,PHZCWB__ligand1317-0
537,PHZCWB__ligand813-0
538,PHZCWB__ligand7293-0
539,PHZCWB__ligand22129-0
540,PHZCWB__ligand2822-0
541,PHZCWB__ligand11949-0
542,PHZCWB__ligand780-0
543,PHZCWB__ligand314-0
544,PHZCWB__ligand17427-0
545,PHZCWB__ligand391-0
546,PHZCWB__ligand1407-0
547,PHZCWB__ligand6117-0
548,PHZCWB__ligand8002-0
549,PHZCWB__ligand5509-0
550,PHZCWB__ligand618-0
551,PHZCWB__ligand5080-0
552,PHZCWB__ligand7762-0
553,PHZCWB__ligand29486-0
554,PHZCWB__ligand31694-0
555,PHZCWB__ligand8-0
556,PHZCWB__ligand69-0
557,PHZCWB__ligand23175-0
558,PHZCWB__ligand15788-0
559,PHZCWB__ligand17396-0
560,PHZCWB__ligand465-0
561,PHZCWB__ligand5595-0
562,PHZCWB__ligand4101-0
563,PHZCWB__ligand11587-0
564,PHZCWB__ligand13220-0
565,PHZCWB__ligand2221-0
566,PHZCWB__ligand24111-0
567,PHZCWB__ligand22444-0
568,PHZCWB__ligand3926-0
569,PHZCWB__ligand3120-0
570,PHZCWB__ligand13385-0
571,PHZCWB__ligand14569-0
572,PHZCWB__ligand4358-0
573,PHZCWB__ligand8592-0
574,PHZCWB__ligand314-1
575,PHZCWB__ligand5099-0
576,PHZCWB__ligand1197-0
577,PHZCWB__ligand12001-0
578,PHZCWB__ligand2259-0
579,PHZCWB__ligand24644-0
580,PHZCWB__ligand1296-0
581,PHZCWB__ligand10033-0
582,PHZCWB__ligand24872-0
583,PHZCWB__ligand1376-0
584,PHZCWB__ligand5510-0
585,PHZCWB__ligand30728-0
586,PHZCWB__ligand27840-0
587,PHZCWB__ligand9773-0
588,PHZCWB__ligand21399-0
589,PHZCWB__ligand1294-0
590,PHZCWB__ligand10872-0
591,PHZCWB__ligand196-0
592,PHZCWB__ligand1168-0
593,PHZCWB__ligand3677-0
594,PHZCWB__ligand3632-0
595,PHZCWB__ligand12003-0
596,PHZCWB__ligand26631-0
597,PHZCWB__ligand16148-0
598,PHZCWB__ligand6699-0
599,PHZCWB__ligand29215-0
600,PHZCWB__ligand2881-0
601,PHZCWB__ligand28540-0
602,PHZCWB__ligand422-0
603,PHZCWB__ligand11111-0
604,PHZCWB__ligand16369-0
605,PHZCWB__ligand1499-0
606,PHZCWB__ligand1464-0
607,PHZCWB__ligand3712-0
608,PHZCWB__ligand27754-0
609,PHZCWB__ligand20695-0
610,PHZCWB__ligand1211-0
611,PHZCWB__ligand22403-0
612,PHZCWB__ligand686-0
613,PHZCWB__ligand6892-0
614,PHZCWB__ligand8000-0
615,PHZCWB__ligand393-0
616,PHZCWB__ligand3736-0
617,PHZCWB__ligand11618-0
618,PHZCWB__ligand9344-0
619,PHZCWB__ligand5383-0
620,PHZCWB__ligand2693-0
621,PHZCWB__ligand26529-0
622,PHZCWB__ligand3945-0
623,PHZCWB__ligand9299-0
624,PHZCWB__ligand21729-0
625,PHZCWB__ligand4007-0
626,PHZCWB__ligand27239-0
627,PHZCWB__ligand2985-0
628,PHZCWB__ligand14043-0
629,PHZCWB__ligand353-0
630,PHZCWB__ligand28559-0
631,PHZCWB__ligand26324-0
632,PHZCWB__ligand9883-0
633,PHZCWB__ligand3677-1
634,PHZCWB__ligand7291-0
635,PHZCWB__ligand19927-0
636,PHZCWB__ligand20821-0
637,PHZCWB__ligand26673-0
638,PHZCWB__ligand6663-0
639,PHZCWB__ligand5515-0
640,PHZCWB__ligand31000-0
641,PHZCWB__ligand11606-0
642,PHZCWB__ligand1831-0
643,PHZCWB__ligand5280-0
644,PHZCWB__ligand5614-0
645,PHZCWB__ligand370-0
646,PHZCWB__ligand1849-0
647,PHZCWB__ligand10582-0
648,PHZCWB__ligand13260-0
649,PHZCWB__ligand11252-0
650,PHZCWB__ligand1216-0
651,PHZCWB__ligand19824-0
652,PHZCWB__ligand18067-0
653,PHZCWB__ligand250-0
654,PHZCWB__ligand1152-0
655,PHZCWB__ligand48-0
656,PHZCWB__ligand3261-0
657,PHZCWB__ligand5019-0
658,PHZCWB__ligand15455-0
659,PHZCWB__ligand6112-0
660,PHZCWB__ligand8042-0
661,PHZCWB__ligand7213-0
662,PHZCWB__ligand11177-0
663,PHZCWB__ligand1397-0
664,PHZCWB__ligand1828-0
665,PHZCWB__ligand31205-0
666,PHZCWB__ligand188-0
667,PHZCWB__ligand25658-0
668,PHZCWB__ligand5755-0
669,PHZCWB__ligand17686-0
670,PHZCWB__ligand4710-0
671,PHZCWB__ligand91-0
672,PHZCWB__ligand5085-0
673,PHZCWB__ligand3144-0
674,PHZCWB__ligand16603-0
675,PHZCWB__ligand3285-0
676,PHZCWB__ligand4795-0
677,PHZCWB__ligand620-0
678,PHZCWB__ligand370-1
679,PHZCWB__ligand11814-0
680,PHZCWB__ligand564-0
681,PHZCWB__ligand51-0
682,PHZCWB__ligand1908-0
683,PHZCWB__ligand479-0
684,PHZCWB__ligand11622-0
685,PHZCWB__ligand311-0
686,PHZCWB__ligand785-0
687,PHZCWB__ligand5630-0
688,PHZCWB__ligand16870-0
689,PHZCWB__ligand1786-0
690,PHZCWB__ligand1149-0
691,PHZCWB__ligand16-0
692,PHZCWB__ligand29441-0
693,PHZCWB__ligand3980-0
694,PHZCWB__ligand3557-0
695,PHZCWB__ligand10853-0
696,PHZCWB__ligand10479-0
697,PHZCWB__ligand27610-0
698,PHZCWB__ligand909-0
699,PHZCWB__ligand11479-0
700,PHZCWB__ligand7075-0
701,PHZCWB__ligand14302-0
702,PHZCWB__ligand13657-0
703,PHZCWB__ligand14347-0
704,PHZCWB__ligand20530-0
705,PHZCWB__ligand9750-0
706,PHZCWB__ligand11698-0
707,PHZCWB__ligand6993-0
708,PHZCWB__ligand1817-0
709,PHZCWB__ligand24851-0
710,PHZCWB__ligand1779-0
711,PHZCWB__ligand20121-0
712,PHZCWB__ligand15387-0
713,PHZCWB__ligand4167-0
714,PHZCWB__ligand9491-0
715,PHZCWB__ligand20220-0
716,PHZCWB__ligand4266-0
717,PHZCWB__ligand1400-0
718,PHZCWB__ligand177-0
719,PHZCWB__ligand16952-0
720,PHZCWB__ligand29813-0
721,PHZCWB__ligand1288-0
722,PHZCWB__ligand4207-0
723,PHZCWB__ligand10151-0
724,PHZCWB__ligand3453-0
725,PHZCWB__ligand3416-0
726,PHZCWB__ligand252-0
727,PHZCWB__ligand1150-0
728,PHZCWB__ligand1539-0
729,PHZCWB__ligand116-0
730,PHZCWB__ligand4063-0
731,PHZCWB__ligand193-0
732,PHZCWB__ligand8200-0
733,PHZCWB__ligand22353-0
734,PHZCWB__ligand7438-0
735,PHZCWB__ligand32-0
736,PHZCWB__ligand372-0
737,PHZCWB__ligand19906-0
738,PHZCWB__ligand3042-0
739,PHZCWB__ligand19668-0
740,PHZCWB__ligand830-0
741,PHZCWB__ligand9615-0
742,PHZCWB__ligand11798-0
743,PHZCWB__ligand20731-0
744,PHZCWB__ligand12413-0
745,PHZCWB__ligand1154-0
746,PHZCWB__ligand29334-0
747,PHZCWB__ligand17445-0
748,PHZCWB__ligand4596-0
749,PHZCWB__ligand1498-0
750,PHZCWB__ligand14477-0
751,PHZCWB__ligand17069-0
752,PHZCWB__ligand11544-0
753,PHZCWB__ligand11501-0
754,PHZCWB__ligand29214-0
755,PHZCWB__ligand197-0
756,PHZCWB__ligand8529-0
757,PHZCWB__ligand22357-0
758,PHZCWB__ligand11758-0
759,PHZCWB__ligand1169-0
760,PHZCWB__ligand21448-0
761,PHZCWB__ligand14007-0
762,PHZCWB__ligand1015-0
763,PHZCWB__ligand1050-0
764,PHZCWB__ligand783-0
765,PHZCWB__ligand352-0
766,PHZCWB__ligand18019-1
767,PHZCWB__ligand2027-0
768,PHZCWB__ligand27550-0
769,PHZCWB__ligand57-0
770,PHZCWB__ligand2692-0
771,PHZCWB__ligand1618-0
772,PHZCWB__ligand20942-1
773,PHZCWB__ligand16956-0
774,PHZCWB__ligand14226-0
775,PHZCWB__ligand21339-0
776,PHZCWB__ligand27771-0
777,PHZCWB__ligand868-0
778,PHZCWB__ligand18158-0
779,PHZCWB__ligand4262-0
780,PHZCWB__ligand1028-0
781,PHZCWB__ligand23682-0
782,PHZCWB__ligand29565-0
783,PHZCWB__ligand5415-0
784,PHZCWB__ligand134-0
785,PHZCWB__ligand21752-0
786,PHZCWB__ligand235-0
787,PHZCWB__ligand68-0
788,PHZCWB__ligand30788-0
789,PHZCWB__ligand4161-0
790,PHZCWB__ligand3471-0
791,PHZCWB__ligand13691-0
792,PHZCWB__ligand4124-0
793,PHZCWB__ligand14339-0
794,PHZCWB__ligand2823-0
795,PHZCWB__ligand6995-0
796,PHZCWB__ligand3180-0
797,PHZCWB__ligand560-0
798,PHZCWB__ligand20844-0
799,PHZCWB__ligand18413-0
800,PHZCWB__ligand55-0
801,PHZCWB__ligand24624-0
802,PHZCWB__ligand4340-0
803,PHZCWB__ligand2281-0
804,PHZCWB__ligand2650-0
805,PHZCWB__ligand18757-0
806,PHZCWB__ligand24560-0
807,PHZCWB__ligand7566-0
808,PHZCWB__ligand2001-0
809,PHZCWB__ligand20557-0
810,PHZCWB__ligand30004-0
811,PHZCWB__ligand8593-0
812,PHZCWB__ligand9944-0
813,PHZCWB__ligand294-0
814,PHZCWB__ligand34-0
815,PHZCWB__ligand685-0
816,PHZCWB__ligand1113-0
817,PHZCWB__ligand23445-0
818,PHZCWB__ligand24953-0
819,PHZCWB__ligand8553-0
820,PHZCWB__ligand16133-0
821,PHZCWB__ligand13755-0
822,PHZCWB__ligand27122-0
823,PHZCWB__ligand20432-0
824,PHZCWB__ligand5201-0
825,PHZCWB__ligand21940-0
826,PHZCWB__ligand25048-0
827,PHZCWB__ligand421-0
