,TMC
0,QUBPIO__ligand692-0
1,QUBPIO__ligand1599-0
2,QUBPIO__ligand2612-0
3,QUBPIO__ligand13294-0
4,QUBPIO__ligand31832-0
5,QUBPIO__ligand29879-0
6,QUBPIO__ligand14248-0
7,QUBPIO__ligand12030-0
8,QUBPIO__ligand436-0
9,QUBPIO__ligand9450-0
10,QUBPIO__ligand28884-0
11,QUBPIO__ligand13331-0
12,QUBPIO__ligand14174-0
13,QUBPIO__ligand10712-0
14,QUBPIO__ligand326-0
15,QUBPIO__ligand11456-0
16,QUBPIO__ligand25411-0
17,QUBPIO__ligand1289-0
18,QUBPIO__ligand2203-0
19,QUBPIO__ligand5387-0
20,QUBPIO__ligand497-0
21,QUBPIO__ligand13390-0
22,QUBPIO__ligand2417-0
23,QUBPIO__ligand1114-0
24,QUBPIO__ligand6391-0
25,QUBPIO__ligand3126-0
26,QUBPIO__ligand20682-0
27,QUBPIO__ligand9284-0
28,QUBPIO__ligand633-0
29,QUBPIO__ligand26810-0
30,QUBPIO__ligand1228-0
31,QUBPIO__ligand27482-0
32,QUBPIO__ligand9943-0
33,QUBPIO__ligand13208-0
34,QUBPIO__ligand1604-0
35,QUBPIO__ligand1832-0
36,QUBPIO__ligand8788-0
37,QUBPIO__ligand2043-0
38,QUBPIO__ligand199-0
39,QUBPIO__ligand7316-0
40,QUBPIO__ligand29568-0
41,QUBPIO__ligand5708-0
42,QUBPIO__ligand6017-0
43,QUBPIO__ligand14889-0
44,QUBPIO__ligand30851-0
45,QUBPIO__ligand21371-0
46,QUBPIO__ligand17118-0
47,QUBPIO__ligand20419-0
48,QUBPIO__ligand5180-0
49,QUBPIO__ligand28789-0
50,QUBPIO__ligand14117-0
51,QUBPIO__ligand7273-0
52,QUBPIO__ligand17261-0
53,QUBPIO__ligand9323-0
54,QUBPIO__ligand300-0
55,QUBPIO__ligand7172-0
56,QUBPIO__ligand20251-0
57,QUBPIO__ligand30702-0
58,QUBPIO__ligand20214-0
59,QUBPIO__ligand8612-0
60,QUBPIO__ligand2124-0
61,QUBPIO__ligand588-0
62,QUBPIO__ligand20539-0
63,QUBPIO__ligand21581-0
64,QUBPIO__ligand31097-0
65,QUBPIO__ligand7092-0
66,QUBPIO__ligand2260-0
67,QUBPIO__ligand3225-0
68,QUBPIO__ligand1153-0
69,QUBPIO__ligand1116-0
70,QUBPIO__ligand4649-0
71,QUBPIO__ligand324-0
72,QUBPIO__ligand8793-0
73,QUBPIO__ligand5649-0
74,QUBPIO__ligand361-0
75,QUBPIO__ligand2788-0
76,QUBPIO__ligand409-0
77,QUBPIO__ligand20251-1
78,QUBPIO__ligand14703-0
79,QUBPIO__ligand16475-0
80,QUBPIO__ligand4711-0
81,QUBPIO__ligand3244-0
82,QUBPIO__ligand2906-0
83,QUBPIO__ligand69-0
84,QUBPIO__ligand3178-0
85,QUBPIO__ligand17398-0
86,QUBPIO__ligand11-0
87,QUBPIO__ligand24047-0
88,QUBPIO__ligand22557-0
89,QUBPIO__ligand10589-0
90,QUBPIO__ligand20598-0
91,QUBPIO__ligand4807-0
92,QUBPIO__ligand11675-0
93,QUBPIO__ligand17982-0
94,QUBPIO__ligand7196-0
95,QUBPIO__ligand29414-0
96,QUBPIO__ligand5159-0
97,QUBPIO__ligand20011-0
98,QUBPIO__ligand17278-0
99,QUBPIO__ligand1787-0
100,QUBPIO__ligand1356-0
101,QUBPIO__ligand5530-0
102,QUBPIO__ligand9753-0
103,QUBPIO__ligand7762-0
104,QUBPIO__ligand5080-0
105,QUBPIO__ligand27460-0
106,QUBPIO__ligand20740-0
107,QUBPIO__ligand28468-0
108,QUBPIO__ligand12427-0
109,QUBPIO__ligand5509-0
110,QUBPIO__ligand16628-0
111,QUBPIO__ligand8002-0
112,QUBPIO__ligand1407-0
113,QUBPIO__ligand6117-0
114,QUBPIO__ligand1317-0
115,QUBPIO__ligand17281-0
116,QUBPIO__ligand3867-0
117,QUBPIO__ligand2822-0
118,QUBPIO__ligand488-0
119,QUBPIO__ligand7293-0
120,QUBPIO__ligand30296-0
121,QUBPIO__ligand12337-0
122,QUBPIO__ligand358-0
123,QUBPIO__ligand29410-0
124,QUBPIO__ligand430-0
125,QUBPIO__ligand26540-0
126,QUBPIO__ligand694-0
127,QUBPIO__ligand2238-0
128,QUBPIO__ligand30333-0
129,QUBPIO__ligand9167-0
130,QUBPIO__ligand12606-0
131,QUBPIO__ligand5304-0
132,QUBPIO__ligand17258-0
133,QUBPIO__ligand14297-0
134,QUBPIO__ligand14603-0
135,QUBPIO__ligand26665-0
136,QUBPIO__ligand9773-0
137,QUBPIO__ligand17631-0
138,QUBPIO__ligand1376-0
139,QUBPIO__ligand5510-0
140,QUBPIO__ligand13012-0
141,QUBPIO__ligand1197-0
142,QUBPIO__ligand5099-0
143,QUBPIO__ligand8592-0
144,QUBPIO__ligand1296-0
145,QUBPIO__ligand2259-0
146,QUBPIO__ligand31783-0
147,QUBPIO__ligand89-0
148,QUBPIO__ligand27893-0
149,QUBPIO__ligand571-0
150,QUBPIO__ligand534-0
151,QUBPIO__ligand14723-0
152,QUBPIO__ligand2221-0
153,QUBPIO__ligand4358-0
154,QUBPIO__ligand49-0
155,QUBPIO__ligand670-0
156,QUBPIO__ligand19641-0
157,QUBPIO__ligand15422-0
158,QUBPIO__ligand3120-0
159,QUBPIO__ligand20578-0
160,QUBPIO__ligand12934-0
161,QUBPIO__ligand3926-0
162,QUBPIO__ligand18832-0
163,QUBPIO__ligand27175-0
164,QUBPIO__ligand23713-0
165,QUBPIO__ligand5595-0
166,QUBPIO__ligand4101-0
167,QUBPIO__ligand30988-0
168,QUBPIO__ligand12130-0
169,QUBPIO__ligand17387-0
170,QUBPIO__ligand1211-0
171,QUBPIO__ligand12289-0
172,QUBPIO__ligand18292-0
173,QUBPIO__ligand13658-0
174,QUBPIO__ligand26702-0
175,QUBPIO__ligand12231-0
176,QUBPIO__ligand6892-0
177,QUBPIO__ligand1499-0
178,QUBPIO__ligand24145-0
179,QUBPIO__ligand2881-0
180,QUBPIO__ligand15585-0
181,QUBPIO__ligand12401-0
182,QUBPIO__ligand19830-0
183,QUBPIO__ligand13068-0
184,QUBPIO__ligand10476-0
185,QUBPIO__ligand1464-0
186,QUBPIO__ligand3712-0
187,QUBPIO__ligand23769-0
188,QUBPIO__ligand24185-0
189,QUBPIO__ligand383-0
190,QUBPIO__ligand25178-0
191,QUBPIO__ligand416-0
192,QUBPIO__ligand6699-0
193,QUBPIO__ligand226-0
194,QUBPIO__ligand1168-0
195,QUBPIO__ligand1294-0
196,QUBPIO__ligand17302-0
197,QUBPIO__ligand162-0
198,QUBPIO__ligand17805-0
199,QUBPIO__ligand3632-0
200,QUBPIO__ligand3677-0
201,QUBPIO__ligand14108-0
202,QUBPIO__ligand3677-1
203,QUBPIO__ligand9883-0
204,QUBPIO__ligand7291-0
205,QUBPIO__ligand9299-0
206,QUBPIO__ligand12641-0
207,QUBPIO__ligand17-0
208,QUBPIO__ligand4007-0
209,QUBPIO__ligand2985-0
210,QUBPIO__ligand696-0
211,QUBPIO__ligand10958-0
212,QUBPIO__ligand5383-0
213,QUBPIO__ligand2693-0
214,QUBPIO__ligand27763-0
215,QUBPIO__ligand656-0
216,QUBPIO__ligand10262-0
217,QUBPIO__ligand3945-0
218,QUBPIO__ligand28676-0
219,QUBPIO__ligand3736-0
220,QUBPIO__ligand18814-0
221,QUBPIO__ligand19057-0
222,QUBPIO__ligand8000-0
223,QUBPIO__ligand13425-0
224,QUBPIO__ligand29302-0
225,QUBPIO__ligand9344-0
226,QUBPIO__ligand29610-0
227,QUBPIO__ligand1216-0
228,QUBPIO__ligand5019-0
229,QUBPIO__ligand11140-0
230,QUBPIO__ligand3261-0
231,QUBPIO__ligand1152-0
232,QUBPIO__ligand1849-0
233,QUBPIO__ligand29863-0
234,QUBPIO__ligand768-0
235,QUBPIO__ligand18074-0
236,QUBPIO__ligand13869-0
237,QUBPIO__ligand384-0
238,QUBPIO__ligand6663-0
239,QUBPIO__ligand5515-0
240,QUBPIO__ligand18465-0
241,QUBPIO__ligand1831-0
242,QUBPIO__ligand18799-0
243,QUBPIO__ligand5614-0
244,QUBPIO__ligand5280-0
245,QUBPIO__ligand16791-0
246,QUBPIO__ligand34-0
247,QUBPIO__ligand28668-0
248,QUBPIO__ligand5630-0
249,QUBPIO__ligand1786-0
250,QUBPIO__ligand27169-0
251,QUBPIO__ligand14523-0
252,QUBPIO__ligand18391-0
253,QUBPIO__ligand141-0
254,QUBPIO__ligand27074-0
255,QUBPIO__ligand3285-0
256,QUBPIO__ligand4795-0
257,QUBPIO__ligand8-0
258,QUBPIO__ligand55-0
259,QUBPIO__ligand240-0
260,QUBPIO__ligand25805-0
261,QUBPIO__ligand1908-0
262,QUBPIO__ligand22981-0
263,QUBPIO__ligand20599-0
264,QUBPIO__ligand13257-0
265,QUBPIO__ligand5755-0
266,QUBPIO__ligand4710-0
267,QUBPIO__ligand21936-0
268,QUBPIO__ligand5085-0
269,QUBPIO__ligand3144-0
270,QUBPIO__ligand68-0
271,QUBPIO__ligand23904-0
272,QUBPIO__ligand25267-0
273,QUBPIO__ligand8042-0
274,QUBPIO__ligand10084-0
275,QUBPIO__ligand6112-0
276,QUBPIO__ligand1828-0
277,QUBPIO__ligand7213-0
278,QUBPIO__ligand1397-0
279,QUBPIO__ligand12467-0
280,QUBPIO__ligand23906-0
281,QUBPIO__ligand1288-0
282,QUBPIO__ligand21132-0
283,QUBPIO__ligand11166-0
284,QUBPIO__ligand30539-0
285,QUBPIO__ligand4167-0
286,QUBPIO__ligand1400-0
287,QUBPIO__ligand4266-0
288,QUBPIO__ligand9491-0
289,QUBPIO__ligand21787-0
290,QUBPIO__ligand25575-0
291,QUBPIO__ligand9750-0
292,QUBPIO__ligand25689-0
293,QUBPIO__ligand1779-0
294,QUBPIO__ligand1817-0
295,QUBPIO__ligand6993-0
296,QUBPIO__ligand3557-0
297,QUBPIO__ligand3980-0
298,QUBPIO__ligand693-0
299,QUBPIO__ligand1149-0
300,QUBPIO__ligand12295-0
301,QUBPIO__ligand57-0
302,QUBPIO__ligand7075-0
303,QUBPIO__ligand27835-0
304,QUBPIO__ligand31248-0
305,QUBPIO__ligand25650-0
306,QUBPIO__ligand3042-0
307,QUBPIO__ligand757-0
308,QUBPIO__ligand122-0
309,QUBPIO__ligand12660-0
310,QUBPIO__ligand19257-0
311,QUBPIO__ligand13209-0
312,QUBPIO__ligand7438-0
313,QUBPIO__ligand8200-0
314,QUBPIO__ligand4063-0
315,QUBPIO__ligand1150-0
316,QUBPIO__ligand12519-0
317,QUBPIO__ligand25735-0
318,QUBPIO__ligand11206-0
319,QUBPIO__ligand1539-0
320,QUBPIO__ligand23124-0
321,QUBPIO__ligand4207-0
322,QUBPIO__ligand3416-0
323,QUBPIO__ligand3453-0
324,QUBPIO__ligand24064-0
325,QUBPIO__ligand1169-0
326,QUBPIO__ligand8529-0
327,QUBPIO__ligand126-0
328,QUBPIO__ligand163-0
329,QUBPIO__ligand32-0
330,QUBPIO__ligand23589-0
331,QUBPIO__ligand15168-0
332,QUBPIO__ligand1498-0
333,QUBPIO__ligand26277-0
334,QUBPIO__ligand29898-0
335,QUBPIO__ligand4596-0
336,QUBPIO__ligand22755-0
337,QUBPIO__ligand845-0
338,QUBPIO__ligand31618-0
339,QUBPIO__ligand11432-0
340,QUBPIO__ligand10432-0
341,QUBPIO__ligand9615-0
342,QUBPIO__ligand1154-0
343,QUBPIO__ligand17945-0
344,QUBPIO__ligand4262-0
345,QUBPIO__ligand18013-0
346,QUBPIO__ligand25224-0
347,QUBPIO__ligand31578-0
348,QUBPIO__ligand17207-0
349,QUBPIO__ligand1028-0
350,QUBPIO__ligand366-0
351,QUBPIO__ligand1618-0
352,QUBPIO__ligand24750-0
353,QUBPIO__ligand187-0
354,QUBPIO__ligand2692-0
355,QUBPIO__ligand657-0
356,QUBPIO__ligand28924-0
357,QUBPIO__ligand16-0
358,QUBPIO__ligand941-0
359,QUBPIO__ligand596-0
360,QUBPIO__ligand15438-0
361,QUBPIO__ligand1050-0
362,QUBPIO__ligand1015-0
363,QUBPIO__ligand29087-0
364,QUBPIO__ligand777-0
365,QUBPIO__ligand18703-0
366,QUBPIO__ligand2027-0
367,QUBPIO__ligand201-0
368,QUBPIO__ligand3180-0
369,QUBPIO__ligand4340-0
370,QUBPIO__ligand51-0
371,QUBPIO__ligand2650-0
372,QUBPIO__ligand2281-0
373,QUBPIO__ligand2823-0
374,QUBPIO__ligand13072-0
375,QUBPIO__ligand12336-0
376,QUBPIO__ligand6995-0
377,QUBPIO__ligand321-0
378,QUBPIO__ligand4124-0
379,QUBPIO__ligand17240-0
380,QUBPIO__ligand4161-0
381,QUBPIO__ligand3471-0
382,QUBPIO__ligand17590-0
383,QUBPIO__ligand178-0
384,QUBPIO__ligand5415-0
385,QUBPIO__ligand279-0
386,QUBPIO__ligand12682-0
387,QUBPIO__ligand91-0
388,QUBPIO__ligand18699-0
389,QUBPIO__ligand185-0
390,QUBPIO__ligand5201-0
391,QUBPIO__ligand21421-0
392,QUBPIO__ligand11774-0
393,QUBPIO__ligand14586-0
394,QUBPIO__ligand8553-0
395,QUBPIO__ligand1113-0
396,QUBPIO__ligand48-0
397,QUBPIO__ligand11568-0
398,QUBPIO__ligand20579-0
399,QUBPIO__ligand17710-0
400,QUBPIO__ligand10555-0
401,QUBPIO__ligand8593-0
402,QUBPIO__ligand31483-0
403,QUBPIO__ligand9944-0
404,QUBPIO__ligand24613-0
405,QUBPIO__ligand7566-0
406,QUBPIO__ligand338-0
407,QUBPIO__ligand19725-0
408,QUBPIO__ligand2001-0
409,QUBPIO__ligand5892-0
410,QUBPIO__ligand5094-0
411,QUBPIO__ligand20220-0
412,QUBPIO__ligand15387-0
413,QUBPIO__ligand20121-0
414,QUBPIO__ligand1712-0
415,QUBPIO__ligand4131-0
416,QUBPIO__ligand833-0
417,QUBPIO__ligand29813-0
418,QUBPIO__ligand16952-0
419,QUBPIO__ligand27610-0
420,QUBPIO__ligand10479-0
421,QUBPIO__ligand11479-0
422,QUBPIO__ligand29441-0
423,QUBPIO__ligand7557-0
424,QUBPIO__ligand10853-0
425,QUBPIO__ligand1496-0
426,QUBPIO__ligand24851-0
427,QUBPIO__ligand20530-0
428,QUBPIO__ligand115-0
429,QUBPIO__ligand11698-0
430,QUBPIO__ligand14302-0
431,QUBPIO__ligand14347-0
432,QUBPIO__ligand13657-0
433,QUBPIO__ligand1533-0
434,QUBPIO__ligand22353-0
435,QUBPIO__ligand2781-0
436,QUBPIO__ligand368-0
437,QUBPIO__ligand7573-0
438,QUBPIO__ligand3350-0
439,QUBPIO__ligand395-0
440,QUBPIO__ligand8722-0
441,QUBPIO__ligand1327-0
442,QUBPIO__ligand9809-0
443,QUBPIO__ligand6672-0
444,QUBPIO__ligand19668-0
445,QUBPIO__ligand19906-0
446,QUBPIO__ligand3208-0
447,QUBPIO__ligand2208-0
448,QUBPIO__ligand9197-0
449,QUBPIO__ligand1900-0
450,QUBPIO__ligand10151-0
451,QUBPIO__ligand18-0
452,QUBPIO__ligand7162-0
453,QUBPIO__ligand3029-0
454,QUBPIO__ligand4581-0
455,QUBPIO__ligand1773-0
456,QUBPIO__ligand2328-0
457,QUBPIO__ligand784-0
458,QUBPIO__ligand11252-0
459,QUBPIO__ligand10582-0
460,QUBPIO__ligand13260-0
461,QUBPIO__ligand5849-0
462,QUBPIO__ligand4911-0
463,QUBPIO__ligand1771-0
464,QUBPIO__ligand19824-0
465,QUBPIO__ligand487-0
466,QUBPIO__ligand18067-0
467,QUBPIO__ligand3392-0
468,QUBPIO__ligand26673-0
469,QUBPIO__ligand746-0
470,QUBPIO__ligand8349-0
471,QUBPIO__ligand20821-0
472,QUBPIO__ligand1709-0
473,QUBPIO__ligand8464-0
474,QUBPIO__ligand447-0
475,QUBPIO__ligand2527-0
476,QUBPIO__ligand11606-0
477,QUBPIO__ligand176-0
478,QUBPIO__ligand31000-0
479,QUBPIO__ligand1768-0
480,QUBPIO__ligand11814-0
481,QUBPIO__ligand1469-0
482,QUBPIO__ligand16603-0
483,QUBPIO__ligand3871-0
484,QUBPIO__ligand5357-0
485,QUBPIO__ligand16870-0
486,QUBPIO__ligand3647-0
487,QUBPIO__ligand1688-0
488,QUBPIO__ligand152-0
489,QUBPIO__ligand11622-0
490,QUBPIO__ligand5056-0
491,QUBPIO__ligand4850-0
492,QUBPIO__ligand506-0
493,QUBPIO__ligand9525-0
494,QUBPIO__ligand1165-0
495,QUBPIO__ligand11177-0
496,QUBPIO__ligand15455-0
497,QUBPIO__ligand3157-0
498,QUBPIO__ligand2722-0
499,QUBPIO__ligand1379-0
500,QUBPIO__ligand17686-0
501,QUBPIO__ligand25658-0
502,QUBPIO__ligand5935-0
503,QUBPIO__ligand31205-0
504,QUBPIO__ligand5483-0
505,QUBPIO__ligand686-0
506,QUBPIO__ligand5316-0
507,QUBPIO__ligand42-0
508,QUBPIO__ligand18757-0
509,QUBPIO__ligand24560-0
510,QUBPIO__ligand2830-0
511,QUBPIO__ligand20844-0
512,QUBPIO__ligand1729-0
513,QUBPIO__ligand18413-0
514,QUBPIO__ligand422-0
515,QUBPIO__ligand24624-0
516,QUBPIO__ligand5627-0
517,QUBPIO__ligand7529-0
518,QUBPIO__ligand21752-0
519,QUBPIO__ligand1415-0
520,QUBPIO__ligand6946-0
521,QUBPIO__ligand14339-0
522,QUBPIO__ligand9148-0
523,QUBPIO__ligand196-0
524,QUBPIO__ligand30788-0
525,QUBPIO__ligand13691-0
526,QUBPIO__ligand20432-0
527,QUBPIO__ligand27122-0
528,QUBPIO__ligand13755-0
529,QUBPIO__ligand16133-0
530,QUBPIO__ligand23445-0
531,QUBPIO__ligand353-0
532,QUBPIO__ligand24953-0
533,QUBPIO__ligand2403-0
534,QUBPIO__ligand6455-0
535,QUBPIO__ligand25048-0
536,QUBPIO__ligand6882-0
537,QUBPIO__ligand21940-0
538,QUBPIO__ligand3934-0
539,QUBPIO__ligand20557-0
540,QUBPIO__ligand30004-0
541,QUBPIO__ligand66-0
542,QUBPIO__ligand4332-0
543,QUBPIO__ligand9681-0
544,QUBPIO__ligand7530-0
545,QUBPIO__ligand1065-0
546,QUBPIO__ligand3012-0
547,QUBPIO__ligand1449-0
548,QUBPIO__ligand393-0
549,QUBPIO__ligand29214-0
550,QUBPIO__ligand618-0
551,QUBPIO__ligand11544-0
552,QUBPIO__ligand11501-0
553,QUBPIO__ligand4330-0
554,QUBPIO__ligand2599-0
555,QUBPIO__ligand391-0
556,QUBPIO__ligand21448-0
557,QUBPIO__ligand4194-0
558,QUBPIO__ligand22357-0
559,QUBPIO__ligand11758-0
560,QUBPIO__ligand7532-0
561,QUBPIO__ligand12413-0
562,QUBPIO__ligand29334-0
563,QUBPIO__ligand314-0
564,QUBPIO__ligand780-0
565,QUBPIO__ligand20731-0
566,QUBPIO__ligand7925-0
567,QUBPIO__ligand11798-0
568,QUBPIO__ligand813-0
569,QUBPIO__ligand2068-0
570,QUBPIO__ligand4-0
571,QUBPIO__ligand17069-0
572,QUBPIO__ligand3973-0
573,QUBPIO__ligand14477-0
574,QUBPIO__ligand1147-0
575,QUBPIO__ligand17445-0
576,QUBPIO__ligand20942-1
577,QUBPIO__ligand7107-0
578,QUBPIO__ligand16956-0
579,QUBPIO__ligand21339-0
580,QUBPIO__ligand14226-0
581,QUBPIO__ligand3215-0
582,QUBPIO__ligand29565-0
583,QUBPIO__ligand23682-0
584,QUBPIO__ligand18158-0
585,QUBPIO__ligand314-1
586,QUBPIO__ligand38-0
587,QUBPIO__ligand27771-0
588,QUBPIO__ligand6062-0
589,QUBPIO__ligand18019-1
590,QUBPIO__ligand4738-0
591,QUBPIO__ligand14007-0
592,QUBPIO__ligand5813-0
593,QUBPIO__ligand4813-0
594,QUBPIO__ligand27550-0
595,QUBPIO__ligand465-0
596,QUBPIO__ligand6283-0
597,QUBPIO__ligand24035-0
598,QUBPIO__ligand2526-0
599,QUBPIO__ligand5036-0
600,QUBPIO__ligand1615-0
601,QUBPIO__ligand9952-0
602,QUBPIO__ligand9111-0
603,QUBPIO__ligand31842-0
604,QUBPIO__ligand31044-0
605,QUBPIO__ligand177-0
606,QUBPIO__ligand11994-0
607,QUBPIO__ligand16663-0
608,QUBPIO__ligand1324-0
609,QUBPIO__ligand8721-0
610,QUBPIO__ligand14614-0
611,QUBPIO__ligand5643-0
612,QUBPIO__ligand1823-0
613,QUBPIO__ligand16988-0
614,QUBPIO__ligand1018-0
615,QUBPIO__ligand25913-0
616,QUBPIO__ligand4116-0
617,QUBPIO__ligand3707-0
618,QUBPIO__ligand6124-0
619,QUBPIO__ligand7967-0
620,QUBPIO__ligand909-0
621,QUBPIO__ligand11682-0
622,QUBPIO__ligand3-0
623,QUBPIO__ligand30711-0
624,QUBPIO__ligand20207-0
625,QUBPIO__ligand9601-0
626,QUBPIO__ligand8992-0
627,QUBPIO__ligand28810-0
628,QUBPIO__ligand11096-0
629,QUBPIO__ligand11447-0
630,QUBPIO__ligand24230-0
631,QUBPIO__ligand830-0
632,QUBPIO__ligand1378-0
633,QUBPIO__ligand6244-0
634,QUBPIO__ligand15926-0
635,QUBPIO__ligand372-0
636,QUBPIO__ligand19792-0
637,QUBPIO__ligand10828-0
638,QUBPIO__ligand193-0
639,QUBPIO__ligand11970-0
640,QUBPIO__ligand3156-0
641,QUBPIO__ligand15883-0
642,QUBPIO__ligand2915-0
643,QUBPIO__ligand1530-0
644,QUBPIO__ligand28930-0
645,QUBPIO__ligand22168-0
646,QUBPIO__ligand1575-0
647,QUBPIO__ligand22294-0
648,QUBPIO__ligand9933-0
649,QUBPIO__ligand116-0
650,QUBPIO__ligand21919-0
651,QUBPIO__ligand1631-0
652,QUBPIO__ligand252-0
653,QUBPIO__ligand9441-0
654,QUBPIO__ligand2332-0
655,QUBPIO__ligand10056-0
656,QUBPIO__ligand12365-0
657,QUBPIO__ligand11357-0
658,QUBPIO__ligand13862-0
659,QUBPIO__ligand15531-0
660,QUBPIO__ligand28743-0
661,QUBPIO__ligand23197-0
662,QUBPIO__ligand250-0
663,QUBPIO__ligand2295-0
664,QUBPIO__ligand1577-0
665,QUBPIO__ligand6067-0
666,QUBPIO__ligand45-0
667,QUBPIO__ligand27285-0
668,QUBPIO__ligand29029-0
669,QUBPIO__ligand4620-0
670,QUBPIO__ligand370-0
671,QUBPIO__ligand3465-0
672,QUBPIO__ligand13477-0
673,QUBPIO__ligand14167-0
674,QUBPIO__ligand30142-0
675,QUBPIO__ligand6596-0
676,QUBPIO__ligand3721-0
677,QUBPIO__ligand6904-0
678,QUBPIO__ligand27669-0
679,QUBPIO__ligand6102-0
680,QUBPIO__ligand2917-0
681,QUBPIO__ligand7819-0
682,QUBPIO__ligand78-0
683,QUBPIO__ligand7126-0
684,QUBPIO__ligand8835-0
685,QUBPIO__ligand2028-0
686,QUBPIO__ligand18448-0
687,QUBPIO__ligand12453-0
688,QUBPIO__ligand479-0
689,QUBPIO__ligand785-0
690,QUBPIO__ligand311-0
691,QUBPIO__ligand28459-0
692,QUBPIO__ligand19184-0
693,QUBPIO__ligand564-0
694,QUBPIO__ligand1142-0
695,QUBPIO__ligand3234-0
696,QUBPIO__ligand620-0
697,QUBPIO__ligand1-0
698,QUBPIO__ligand19-0
699,QUBPIO__ligand370-1
700,QUBPIO__ligand13672-0
701,QUBPIO__ligand24-0
702,QUBPIO__ligand188-0
703,QUBPIO__ligand28685-0
704,QUBPIO__ligand18568-0
705,QUBPIO__ligand4641-0
706,QUBPIO__ligand10371-0
707,QUBPIO__ligand6839-0
708,QUBPIO__ligand20695-0
709,QUBPIO__ligand27754-0
710,QUBPIO__ligand3174-0
711,QUBPIO__ligand1202-0
712,QUBPIO__ligand3937-0
713,QUBPIO__ligand3131-0
714,QUBPIO__ligand8969-0
715,QUBPIO__ligand16369-0
716,QUBPIO__ligand560-0
717,QUBPIO__ligand28540-0
718,QUBPIO__ligand4720-0
719,QUBPIO__ligand11111-0
720,QUBPIO__ligand4155-0
721,QUBPIO__ligand3094-0
722,QUBPIO__ligand22403-0
723,QUBPIO__ligand5211-0
724,QUBPIO__ligand6919-0
725,QUBPIO__ligand16148-0
726,QUBPIO__ligand26631-0
727,QUBPIO__ligand2485-0
728,QUBPIO__ligand12003-0
729,QUBPIO__ligand3852-0
730,QUBPIO__ligand21399-0
731,QUBPIO__ligand10872-0
732,QUBPIO__ligand29215-0
733,QUBPIO__ligand3565-0
734,QUBPIO__ligand235-0
735,QUBPIO__ligand5331-0
736,QUBPIO__ligand1512-0
737,QUBPIO__ligand134-0
738,QUBPIO__ligand21729-0
739,QUBPIO__ligand27239-0
740,QUBPIO__ligand1844-0
741,QUBPIO__ligand4661-0
742,QUBPIO__ligand421-0
743,QUBPIO__ligand3876-0
744,QUBPIO__ligand1343-0
745,QUBPIO__ligand3035-0
746,QUBPIO__ligand6616-0
747,QUBPIO__ligand3718-0
748,QUBPIO__ligand9935-0
749,QUBPIO__ligand19927-0
750,QUBPIO__ligand1536-0
751,QUBPIO__ligand1573-0
752,QUBPIO__ligand1959-0
753,QUBPIO__ligand28559-0
754,QUBPIO__ligand26324-0
755,QUBPIO__ligand685-0
756,QUBPIO__ligand14043-0
757,QUBPIO__ligand3504-0
758,QUBPIO__ligand11618-0
759,QUBPIO__ligand9908-0
760,QUBPIO__ligand1263-0
761,QUBPIO__ligand294-0
762,QUBPIO__ligand7106-0
763,QUBPIO__ligand26529-0
764,QUBPIO__ligand7242-0
765,QUBPIO__ligand4093-0
766,QUBPIO__ligand4442-0
767,QUBPIO__ligand3954-0
768,QUBPIO__ligand197-0
769,QUBPIO__ligand9520-0
770,QUBPIO__ligand17427-0
771,QUBPIO__ligand1160-0
772,QUBPIO__ligand8699-0
773,QUBPIO__ligand31694-0
774,QUBPIO__ligand9784-0
775,QUBPIO__ligand1451-0
776,QUBPIO__ligand4272-0
777,QUBPIO__ligand29486-0
778,QUBPIO__ligand7629-0
779,QUBPIO__ligand25561-0
780,QUBPIO__ligand7280-0
781,QUBPIO__ligand1790-0
782,QUBPIO__ligand1304-0
783,QUBPIO__ligand7238-0
784,QUBPIO__ligand4016-0
785,QUBPIO__ligand11949-0
786,QUBPIO__ligand7867-0
787,QUBPIO__ligand22129-0
788,QUBPIO__ligand43-0
789,QUBPIO__ligand12138-0
790,QUBPIO__ligand1219-0
791,QUBPIO__ligand6709-0
792,QUBPIO__ligand24780-0
793,QUBPIO__ligand10033-0
794,QUBPIO__ligand24644-0
795,QUBPIO__ligand868-0
796,QUBPIO__ligand12001-0
797,QUBPIO__ligand4503-0
798,QUBPIO__ligand4546-0
799,QUBPIO__ligand6768-0
800,QUBPIO__ligand27840-0
801,QUBPIO__ligand8115-0
802,QUBPIO__ligand7000-0
803,QUBPIO__ligand1982-0
804,QUBPIO__ligand30728-0
805,QUBPIO__ligand67-0
806,QUBPIO__ligand24872-0
807,QUBPIO__ligand1285-0
808,QUBPIO__ligand13220-0
809,QUBPIO__ligand11587-0
810,QUBPIO__ligand2232-0
811,QUBPIO__ligand17396-0
812,QUBPIO__ligand2176-0
813,QUBPIO__ligand23175-0
814,QUBPIO__ligand9291-0
815,QUBPIO__ligand15788-0
816,QUBPIO__ligand14569-0
817,QUBPIO__ligand8876-0
818,QUBPIO__ligand2828-0
819,QUBPIO__ligand7648-0
820,QUBPIO__ligand9833-0
821,QUBPIO__ligand13385-0
822,QUBPIO__ligand5256-0
823,QUBPIO__ligand352-0
824,QUBPIO__ligand24111-0
825,QUBPIO__ligand783-0
826,QUBPIO__ligand22444-0
827,QUBPIO__ligand4157-0
