,TMC
0,KEGTEV__ligand10555-0
1,KEGTEV__ligand436-0
2,KEGTEV__ligand5849-0
3,KEGTEV__ligand31483-0
4,KEGTEV__ligand19725-0
5,KEGTEV__ligand4911-0
6,KEGTEV__ligand1771-0
7,KEGTEV__ligand692-0
8,KEGTEV__ligand24613-0
9,KEGTEV__ligand3392-0
10,KEGTEV__ligand11774-0
11,KEGTEV__ligand14586-0
12,KEGTEV__ligand8464-0
13,KEGTEV__ligand1709-0
14,KEGTEV__ligand21421-0
15,KEGTEV__ligand8349-0
16,KEGTEV__ligand11568-0
17,KEGTEV__ligand2527-0
18,KEGTEV__ligand17710-0
19,KEGTEV__ligand20579-0
20,KEGTEV__ligand326-0
21,KEGTEV__ligand17590-0
22,KEGTEV__ligand1768-0
23,KEGTEV__ligand3871-0
24,KEGTEV__ligand1469-0
25,KEGTEV__ligand17240-0
26,KEGTEV__ligand633-0
27,KEGTEV__ligand497-0
28,KEGTEV__ligand12682-0
29,KEGTEV__ligand1688-0
30,KEGTEV__ligand18699-0
31,KEGTEV__ligand3647-0
32,KEGTEV__ligand5357-0
33,KEGTEV__ligand4850-0
34,KEGTEV__ligand5056-0
35,KEGTEV__ligand1165-0
36,KEGTEV__ligand9525-0
37,KEGTEV__ligand57-0
38,KEGTEV__ligand3157-0
39,KEGTEV__ligand1379-0
40,KEGTEV__ligand12336-0
41,KEGTEV__ligand2722-0
42,KEGTEV__ligand13072-0
43,KEGTEV__ligand5935-0
44,KEGTEV__ligand1-0
45,KEGTEV__ligand5892-0
46,KEGTEV__ligand5094-0
47,KEGTEV__ligand55-0
48,KEGTEV__ligand28924-0
49,KEGTEV__ligand15438-0
50,KEGTEV__ligand18703-0
51,KEGTEV__ligand199-0
52,KEGTEV__ligand1712-0
53,KEGTEV__ligand4131-0
54,KEGTEV__ligand3-0
55,KEGTEV__ligand29087-0
56,KEGTEV__ligand31578-0
57,KEGTEV__ligand17207-0
58,KEGTEV__ligand588-0
59,KEGTEV__ligand17945-0
60,KEGTEV__ligand18013-0
61,KEGTEV__ligand25224-0
62,KEGTEV__ligand1496-0
63,KEGTEV__ligand7557-0
64,KEGTEV__ligand300-0
65,KEGTEV__ligand1533-0
66,KEGTEV__ligand24750-0
67,KEGTEV__ligand68-0
68,KEGTEV__ligand3350-0
69,KEGTEV__ligand22755-0
70,KEGTEV__ligand2781-0
71,KEGTEV__ligand7573-0
72,KEGTEV__ligand31618-0
73,KEGTEV__ligand11432-0
74,KEGTEV__ligand10432-0
75,KEGTEV__ligand1327-0
76,KEGTEV__ligand9809-0
77,KEGTEV__ligand6672-0
78,KEGTEV__ligand26277-0
79,KEGTEV__ligand29898-0
80,KEGTEV__ligand8722-0
81,KEGTEV__ligand2208-0
82,KEGTEV__ligand361-0
83,KEGTEV__ligand324-0
84,KEGTEV__ligand3208-0
85,KEGTEV__ligand409-0
86,KEGTEV__ligand1900-0
87,KEGTEV__ligand9197-0
88,KEGTEV__ligand23589-0
89,KEGTEV__ligand24064-0
90,KEGTEV__ligand34-0
91,KEGTEV__ligand3029-0
92,KEGTEV__ligand7162-0
93,KEGTEV__ligand15168-0
94,KEGTEV__ligand2328-0
95,KEGTEV__ligand4581-0
96,KEGTEV__ligand1773-0
97,KEGTEV__ligand11206-0
98,KEGTEV__ligand23124-0
99,KEGTEV__ligand2599-0
100,KEGTEV__ligand48-0
101,KEGTEV__ligand12519-0
102,KEGTEV__ligand4330-0
103,KEGTEV__ligand25735-0
104,KEGTEV__ligand4194-0
105,KEGTEV__ligand7532-0
106,KEGTEV__ligand694-0
107,KEGTEV__ligand31248-0
108,KEGTEV__ligand2068-0
109,KEGTEV__ligand7925-0
110,KEGTEV__ligand25650-0
111,KEGTEV__ligand19257-0
112,KEGTEV__ligand13209-0
113,KEGTEV__ligand3973-0
114,KEGTEV__ligand488-0
115,KEGTEV__ligand1147-0
116,KEGTEV__ligand358-0
117,KEGTEV__ligand12660-0
118,KEGTEV__ligand430-0
119,KEGTEV__ligand7107-0
120,KEGTEV__ligand21787-0
121,KEGTEV__ligand25575-0
122,KEGTEV__ligand25689-0
123,KEGTEV__ligand12295-0
124,KEGTEV__ligand3215-0
125,KEGTEV__ligand27835-0
126,KEGTEV__ligand51-0
127,KEGTEV__ligand6062-0
128,KEGTEV__ligand21132-0
129,KEGTEV__ligand11166-0
130,KEGTEV__ligand91-0
131,KEGTEV__ligand4813-0
132,KEGTEV__ligand23906-0
133,KEGTEV__ligand5813-0
134,KEGTEV__ligand4738-0
135,KEGTEV__ligand534-0
136,KEGTEV__ligand571-0
137,KEGTEV__ligand30539-0
138,KEGTEV__ligand670-0
139,KEGTEV__ligand6283-0
140,KEGTEV__ligand23904-0
141,KEGTEV__ligand5483-0
142,KEGTEV__ligand13257-0
143,KEGTEV__ligand5316-0
144,KEGTEV__ligand21936-0
145,KEGTEV__ligand2830-0
146,KEGTEV__ligand12467-0
147,KEGTEV__ligand25267-0
148,KEGTEV__ligand5627-0
149,KEGTEV__ligand10084-0
150,KEGTEV__ligand1729-0
151,KEGTEV__ligand226-0
152,KEGTEV__ligand27169-0
153,KEGTEV__ligand14523-0
154,KEGTEV__ligand7529-0
155,KEGTEV__ligand18391-0
156,KEGTEV__ligand162-0
157,KEGTEV__ligand6946-0
158,KEGTEV__ligand1415-0
159,KEGTEV__ligand25805-0
160,KEGTEV__ligand9148-0
161,KEGTEV__ligand16-0
162,KEGTEV__ligand22981-0
163,KEGTEV__ligand20599-0
164,KEGTEV__ligand383-0
165,KEGTEV__ligand27074-0
166,KEGTEV__ligand416-0
167,KEGTEV__ligand18465-0
168,KEGTEV__ligand18799-0
169,KEGTEV__ligand2403-0
170,KEGTEV__ligand696-0
171,KEGTEV__ligand6455-0
172,KEGTEV__ligand28668-0
173,KEGTEV__ligand6882-0
174,KEGTEV__ligand16791-0
175,KEGTEV__ligand3934-0
176,KEGTEV__ligand32-0
177,KEGTEV__ligand4332-0
178,KEGTEV__ligand11140-0
179,KEGTEV__ligand29610-0
180,KEGTEV__ligand9681-0
181,KEGTEV__ligand29863-0
182,KEGTEV__ligand1065-0
183,KEGTEV__ligand18074-0
184,KEGTEV__ligand7530-0
185,KEGTEV__ligand13869-0
186,KEGTEV__ligand1449-0
187,KEGTEV__ligand656-0
188,KEGTEV__ligand3012-0
189,KEGTEV__ligand27763-0
190,KEGTEV__ligand10262-0
191,KEGTEV__ligand28676-0
192,KEGTEV__ligand768-0
193,KEGTEV__ligand1577-0
194,KEGTEV__ligand6067-0
195,KEGTEV__ligand2295-0
196,KEGTEV__ligand69-0
197,KEGTEV__ligand13425-0
198,KEGTEV__ligand29302-0
199,KEGTEV__ligand18814-0
200,KEGTEV__ligand4620-0
201,KEGTEV__ligand19057-0
202,KEGTEV__ligand3465-0
203,KEGTEV__ligand14108-0
204,KEGTEV__ligand6596-0
205,KEGTEV__ligand3721-0
206,KEGTEV__ligand6904-0
207,KEGTEV__ligand6102-0
208,KEGTEV__ligand384-0
209,KEGTEV__ligand7819-0
210,KEGTEV__ligand2917-0
211,KEGTEV__ligand10958-0
212,KEGTEV__ligand11-0
213,KEGTEV__ligand12641-0
214,KEGTEV__ligand141-0
215,KEGTEV__ligand25178-0
216,KEGTEV__ligand8835-0
217,KEGTEV__ligand2028-0
218,KEGTEV__ligand7126-0
219,KEGTEV__ligand240-0
220,KEGTEV__ligand23769-0
221,KEGTEV__ligand24185-0
222,KEGTEV__ligand1142-0
223,KEGTEV__ligand3234-0
224,KEGTEV__ligand17805-0
225,KEGTEV__ligand17302-0
226,KEGTEV__ligand12231-0
227,KEGTEV__ligand12130-0
228,KEGTEV__ligand17387-0
229,KEGTEV__ligand12289-0
230,KEGTEV__ligand18292-0
231,KEGTEV__ligand13658-0
232,KEGTEV__ligand26702-0
233,KEGTEV__ligand4641-0
234,KEGTEV__ligand19830-0
235,KEGTEV__ligand13068-0
236,KEGTEV__ligand10476-0
237,KEGTEV__ligand24145-0
238,KEGTEV__ligand15585-0
239,KEGTEV__ligand12401-0
240,KEGTEV__ligand1615-0
241,KEGTEV__ligand2526-0
242,KEGTEV__ligand19641-0
243,KEGTEV__ligand5036-0
244,KEGTEV__ligand15422-0
245,KEGTEV__ligand20578-0
246,KEGTEV__ligand12934-0
247,KEGTEV__ligand27893-0
248,KEGTEV__ligand14723-0
249,KEGTEV__ligand9952-0
250,KEGTEV__ligand9111-0
251,KEGTEV__ligand8721-0
252,KEGTEV__ligand30988-0
253,KEGTEV__ligand1324-0
254,KEGTEV__ligand1823-0
255,KEGTEV__ligand18832-0
256,KEGTEV__ligand27175-0
257,KEGTEV__ligand23713-0
258,KEGTEV__ligand5643-0
259,KEGTEV__ligand26665-0
260,KEGTEV__ligand4116-0
261,KEGTEV__ligand17631-0
262,KEGTEV__ligand1018-0
263,KEGTEV__ligand693-0
264,KEGTEV__ligand13012-0
265,KEGTEV__ligand7967-0
266,KEGTEV__ligand17258-0
267,KEGTEV__ligand3707-0
268,KEGTEV__ligand6124-0
269,KEGTEV__ligand14297-0
270,KEGTEV__ligand14603-0
271,KEGTEV__ligand9601-0
272,KEGTEV__ligand31783-0
273,KEGTEV__ligand8992-0
274,KEGTEV__ligand1378-0
275,KEGTEV__ligand12337-0
276,KEGTEV__ligand122-0
277,KEGTEV__ligand29410-0
278,KEGTEV__ligand26540-0
279,KEGTEV__ligand17281-0
280,KEGTEV__ligand6244-0
281,KEGTEV__ligand30296-0
282,KEGTEV__ligand12606-0
283,KEGTEV__ligand2915-0
284,KEGTEV__ligand3156-0
285,KEGTEV__ligand30333-0
286,KEGTEV__ligand757-0
287,KEGTEV__ligand9933-0
288,KEGTEV__ligand27460-0
289,KEGTEV__ligand1530-0
290,KEGTEV__ligand1575-0
291,KEGTEV__ligand1631-0
292,KEGTEV__ligand2332-0
293,KEGTEV__ligand16628-0
294,KEGTEV__ligand9441-0
295,KEGTEV__ligand20740-0
296,KEGTEV__ligand28468-0
297,KEGTEV__ligand12427-0
298,KEGTEV__ligand24047-0
299,KEGTEV__ligand4093-0
300,KEGTEV__ligand17-0
301,KEGTEV__ligand4442-0
302,KEGTEV__ligand22557-0
303,KEGTEV__ligand10589-0
304,KEGTEV__ligand3954-0
305,KEGTEV__ligand20598-0
306,KEGTEV__ligand11675-0
307,KEGTEV__ligand8699-0
308,KEGTEV__ligand17398-0
309,KEGTEV__ligand1160-0
310,KEGTEV__ligand9520-0
311,KEGTEV__ligand9784-0
312,KEGTEV__ligand4-0
313,KEGTEV__ligand17982-0
314,KEGTEV__ligand163-0
315,KEGTEV__ligand126-0
316,KEGTEV__ligand7629-0
317,KEGTEV__ligand29414-0
318,KEGTEV__ligand17278-0
319,KEGTEV__ligand20011-0
320,KEGTEV__ligand1451-0
321,KEGTEV__ligand4272-0
322,KEGTEV__ligand1790-0
323,KEGTEV__ligand1304-0
324,KEGTEV__ligand7280-0
325,KEGTEV__ligand20251-1
326,KEGTEV__ligand7238-0
327,KEGTEV__ligand4016-0
328,KEGTEV__ligand14703-0
329,KEGTEV__ligand16475-0
330,KEGTEV__ligand845-0
331,KEGTEV__ligand1219-0
332,KEGTEV__ligand6709-0
333,KEGTEV__ligand7867-0
334,KEGTEV__ligand187-0
335,KEGTEV__ligand14117-0
336,KEGTEV__ligand657-0
337,KEGTEV__ligand17261-0
338,KEGTEV__ligand4503-0
339,KEGTEV__ligand4546-0
340,KEGTEV__ligand1982-0
341,KEGTEV__ligand31097-0
342,KEGTEV__ligand21581-0
343,KEGTEV__ligand7000-0
344,KEGTEV__ligand8115-0
345,KEGTEV__ligand6768-0
346,KEGTEV__ligand20251-0
347,KEGTEV__ligand1285-0
348,KEGTEV__ligand20214-0
349,KEGTEV__ligand30702-0
350,KEGTEV__ligand20539-0
351,KEGTEV__ligand366-0
352,KEGTEV__ligand14889-0
353,KEGTEV__ligand2232-0
354,KEGTEV__ligand30851-0
355,KEGTEV__ligand9291-0
356,KEGTEV__ligand777-0
357,KEGTEV__ligand2176-0
358,KEGTEV__ligand29568-0
359,KEGTEV__ligand5256-0
360,KEGTEV__ligand28789-0
361,KEGTEV__ligand596-0
362,KEGTEV__ligand941-0
363,KEGTEV__ligand9833-0
364,KEGTEV__ligand8876-0
365,KEGTEV__ligand2828-0
366,KEGTEV__ligand7648-0
367,KEGTEV__ligand21371-0
368,KEGTEV__ligand4157-0
369,KEGTEV__ligand17118-0
370,KEGTEV__ligand20419-0
371,KEGTEV__ligand8969-0
372,KEGTEV__ligand13208-0
373,KEGTEV__ligand3174-0
374,KEGTEV__ligand3937-0
375,KEGTEV__ligand1202-0
376,KEGTEV__ligand3131-0
377,KEGTEV__ligand6839-0
378,KEGTEV__ligand26810-0
379,KEGTEV__ligand27482-0
380,KEGTEV__ligand4720-0
381,KEGTEV__ligand89-0
382,KEGTEV__ligand201-0
383,KEGTEV__ligand4155-0
384,KEGTEV__ligand3094-0
385,KEGTEV__ligand5211-0
386,KEGTEV__ligand3852-0
387,KEGTEV__ligand178-0
388,KEGTEV__ligand2485-0
389,KEGTEV__ligand6919-0
390,KEGTEV__ligand279-0
391,KEGTEV__ligand13390-0
392,KEGTEV__ligand185-0
393,KEGTEV__ligand321-0
394,KEGTEV__ligand3565-0
395,KEGTEV__ligand20682-0
396,KEGTEV__ligand49-0
397,KEGTEV__ligand1512-0
398,KEGTEV__ligand5331-0
399,KEGTEV__ligand11456-0
400,KEGTEV__ligand1844-0
401,KEGTEV__ligand4661-0
402,KEGTEV__ligand14174-0
403,KEGTEV__ligand10712-0
404,KEGTEV__ligand3718-0
405,KEGTEV__ligand1343-0
406,KEGTEV__ligand3876-0
407,KEGTEV__ligand3035-0
408,KEGTEV__ligand6616-0
409,KEGTEV__ligand1536-0
410,KEGTEV__ligand1573-0
411,KEGTEV__ligand9935-0
412,KEGTEV__ligand25411-0
413,KEGTEV__ligand3504-0
414,KEGTEV__ligand1959-0
415,KEGTEV__ligand13294-0
416,KEGTEV__ligand31832-0
417,KEGTEV__ligand338-0
418,KEGTEV__ligand9908-0
419,KEGTEV__ligand1263-0
420,KEGTEV__ligand7106-0
421,KEGTEV__ligand28884-0
422,KEGTEV__ligand13331-0
423,KEGTEV__ligand7242-0
424,KEGTEV__ligand29879-0
425,KEGTEV__ligand14248-0
426,KEGTEV__ligand12030-0
427,KEGTEV__ligand17396-0
428,KEGTEV__ligand5708-0
429,KEGTEV__ligand23175-0
430,KEGTEV__ligand7316-0
431,KEGTEV__ligand15788-0
432,KEGTEV__ligand19-0
433,KEGTEV__ligand833-0
434,KEGTEV__ligand13220-0
435,KEGTEV__ligand11587-0
436,KEGTEV__ligand6017-0
437,KEGTEV__ligand24111-0
438,KEGTEV__ligand5180-0
439,KEGTEV__ligand22444-0
440,KEGTEV__ligand14569-0
441,KEGTEV__ligand13385-0
442,KEGTEV__ligand12001-0
443,KEGTEV__ligand9323-0
444,KEGTEV__ligand7273-0
445,KEGTEV__ligand115-0
446,KEGTEV__ligand10033-0
447,KEGTEV__ligand7172-0
448,KEGTEV__ligand24644-0
449,KEGTEV__ligand24-0
450,KEGTEV__ligand2124-0
451,KEGTEV__ligand24872-0
452,KEGTEV__ligand8612-0
453,KEGTEV__ligand3225-0
454,KEGTEV__ligand1153-0
455,KEGTEV__ligand27840-0
456,KEGTEV__ligand1116-0
457,KEGTEV__ligand7092-0
458,KEGTEV__ligand2260-0
459,KEGTEV__ligand30728-0
460,KEGTEV__ligand25561-0
461,KEGTEV__ligand8793-0
462,KEGTEV__ligand5649-0
463,KEGTEV__ligand2788-0
464,KEGTEV__ligand4649-0
465,KEGTEV__ligand22129-0
466,KEGTEV__ligand4711-0
467,KEGTEV__ligand12138-0
468,KEGTEV__ligand3244-0
469,KEGTEV__ligand368-0
470,KEGTEV__ligand24780-0
471,KEGTEV__ligand395-0
472,KEGTEV__ligand45-0
473,KEGTEV__ligand2906-0
474,KEGTEV__ligand11949-0
475,KEGTEV__ligand3178-0
476,KEGTEV__ligand17427-0
477,KEGTEV__ligand78-0
478,KEGTEV__ligand4807-0
479,KEGTEV__ligand784-0
480,KEGTEV__ligand5159-0
481,KEGTEV__ligand29486-0
482,KEGTEV__ligand7196-0
483,KEGTEV__ligand9753-0
484,KEGTEV__ligand31694-0
485,KEGTEV__ligand5530-0
486,KEGTEV__ligand1787-0
487,KEGTEV__ligand1356-0
488,KEGTEV__ligand1599-0
489,KEGTEV__ligand487-0
490,KEGTEV__ligand2612-0
491,KEGTEV__ligand11618-0
492,KEGTEV__ligand26529-0
493,KEGTEV__ligand9450-0
494,KEGTEV__ligand21729-0
495,KEGTEV__ligand27239-0
496,KEGTEV__ligand176-0
497,KEGTEV__ligand28559-0
498,KEGTEV__ligand26324-0
499,KEGTEV__ligand14043-0
500,KEGTEV__ligand746-0
501,KEGTEV__ligand2203-0
502,KEGTEV__ligand19927-0
503,KEGTEV__ligand5387-0
504,KEGTEV__ligand447-0
505,KEGTEV__ligand1289-0
506,KEGTEV__ligand21399-0
507,KEGTEV__ligand152-0
508,KEGTEV__ligand10872-0
509,KEGTEV__ligand16148-0
510,KEGTEV__ligand26631-0
511,KEGTEV__ligand2417-0
512,KEGTEV__ligand12003-0
513,KEGTEV__ligand1114-0
514,KEGTEV__ligand29215-0
515,KEGTEV__ligand9284-0
516,KEGTEV__ligand6391-0
517,KEGTEV__ligand3126-0
518,KEGTEV__ligand16369-0
519,KEGTEV__ligand1228-0
520,KEGTEV__ligand28540-0
521,KEGTEV__ligand9943-0
522,KEGTEV__ligand11111-0
523,KEGTEV__ligand20695-0
524,KEGTEV__ligand1604-0
525,KEGTEV__ligand27754-0
526,KEGTEV__ligand506-0
527,KEGTEV__ligand8-0
528,KEGTEV__ligand8788-0
529,KEGTEV__ligand1832-0
530,KEGTEV__ligand2043-0
531,KEGTEV__ligand22403-0
532,KEGTEV__ligand28685-0
533,KEGTEV__ligand18568-0
534,KEGTEV__ligand67-0
535,KEGTEV__ligand1211-0
536,KEGTEV__ligand13672-0
537,KEGTEV__ligand422-0
538,KEGTEV__ligand6892-0
539,KEGTEV__ligand2881-0
540,KEGTEV__ligand1499-0
541,KEGTEV__ligand10371-0
542,KEGTEV__ligand686-0
543,KEGTEV__ligand1464-0
544,KEGTEV__ligand3712-0
545,KEGTEV__ligand18448-0
546,KEGTEV__ligand12453-0
547,KEGTEV__ligand28459-0
548,KEGTEV__ligand6699-0
549,KEGTEV__ligand196-0
550,KEGTEV__ligand1294-0
551,KEGTEV__ligand1168-0
552,KEGTEV__ligand19184-0
553,KEGTEV__ligand3632-0
554,KEGTEV__ligand3677-0
555,KEGTEV__ligand30142-0
556,KEGTEV__ligand27669-0
557,KEGTEV__ligand3677-1
558,KEGTEV__ligand9883-0
559,KEGTEV__ligand7291-0
560,KEGTEV__ligand13477-0
561,KEGTEV__ligand14167-0
562,KEGTEV__ligand9299-0
563,KEGTEV__ligand353-0
564,KEGTEV__ligand2985-0
565,KEGTEV__ligand4007-0
566,KEGTEV__ligand5383-0
567,KEGTEV__ligand2693-0
568,KEGTEV__ligand3945-0
569,KEGTEV__ligand43-0
570,KEGTEV__ligand23197-0
571,KEGTEV__ligand393-0
572,KEGTEV__ligand8000-0
573,KEGTEV__ligand3736-0
574,KEGTEV__ligand9344-0
575,KEGTEV__ligand27285-0
576,KEGTEV__ligand29029-0
577,KEGTEV__ligand21919-0
578,KEGTEV__ligand391-0
579,KEGTEV__ligand7762-0
580,KEGTEV__ligand5080-0
581,KEGTEV__ligand28930-0
582,KEGTEV__ligand22168-0
583,KEGTEV__ligand22294-0
584,KEGTEV__ligand11357-0
585,KEGTEV__ligand13862-0
586,KEGTEV__ligand15531-0
587,KEGTEV__ligand28743-0
588,KEGTEV__ligand1407-0
589,KEGTEV__ligand6117-0
590,KEGTEV__ligand618-0
591,KEGTEV__ligand5509-0
592,KEGTEV__ligand8002-0
593,KEGTEV__ligand10056-0
594,KEGTEV__ligand12365-0
595,KEGTEV__ligand15926-0
596,KEGTEV__ligand2822-0
597,KEGTEV__ligand19792-0
598,KEGTEV__ligand7293-0
599,KEGTEV__ligand1317-0
600,KEGTEV__ligand10828-0
601,KEGTEV__ligand3867-0
602,KEGTEV__ligand28810-0
603,KEGTEV__ligand11096-0
604,KEGTEV__ligand11447-0
605,KEGTEV__ligand24230-0
606,KEGTEV__ligand780-0
607,KEGTEV__ligand314-0
608,KEGTEV__ligand15883-0
609,KEGTEV__ligand2238-0
610,KEGTEV__ligand5304-0
611,KEGTEV__ligand813-0
612,KEGTEV__ligand9167-0
613,KEGTEV__ligand11970-0
614,KEGTEV__ligand16988-0
615,KEGTEV__ligand5510-0
616,KEGTEV__ligand25913-0
617,KEGTEV__ligand1376-0
618,KEGTEV__ligand314-1
619,KEGTEV__ligand9773-0
620,KEGTEV__ligand5099-0
621,KEGTEV__ligand8592-0
622,KEGTEV__ligand1197-0
623,KEGTEV__ligand2259-0
624,KEGTEV__ligand11682-0
625,KEGTEV__ligand20207-0
626,KEGTEV__ligand30711-0
627,KEGTEV__ligand1296-0
628,KEGTEV__ligand31842-0
629,KEGTEV__ligand2221-0
630,KEGTEV__ligand31044-0
631,KEGTEV__ligand11994-0
632,KEGTEV__ligand465-0
633,KEGTEV__ligand3120-0
634,KEGTEV__ligand3926-0
635,KEGTEV__ligand24035-0
636,KEGTEV__ligand4358-0
637,KEGTEV__ligand14614-0
638,KEGTEV__ligand16663-0
639,KEGTEV__ligand4101-0
640,KEGTEV__ligand5595-0
641,KEGTEV__ligand18019-1
642,KEGTEV__ligand14007-0
643,KEGTEV__ligand1288-0
644,KEGTEV__ligand4167-0
645,KEGTEV__ligand177-0
646,KEGTEV__ligand9491-0
647,KEGTEV__ligand27550-0
648,KEGTEV__ligand1400-0
649,KEGTEV__ligand4266-0
650,KEGTEV__ligand909-0
651,KEGTEV__ligand9750-0
652,KEGTEV__ligand1817-0
653,KEGTEV__ligand6993-0
654,KEGTEV__ligand1779-0
655,KEGTEV__ligand20942-1
656,KEGTEV__ligand16956-0
657,KEGTEV__ligand21339-0
658,KEGTEV__ligand14226-0
659,KEGTEV__ligand18158-0
660,KEGTEV__ligand1149-0
661,KEGTEV__ligand3557-0
662,KEGTEV__ligand27771-0
663,KEGTEV__ligand3980-0
664,KEGTEV__ligand29565-0
665,KEGTEV__ligand7075-0
666,KEGTEV__ligand23682-0
667,KEGTEV__ligand193-0
668,KEGTEV__ligand11798-0
669,KEGTEV__ligand12413-0
670,KEGTEV__ligand29334-0
671,KEGTEV__ligand20731-0
672,KEGTEV__ligand3042-0
673,KEGTEV__ligand17445-0
674,KEGTEV__ligand830-0
675,KEGTEV__ligand4063-0
676,KEGTEV__ligand17069-0
677,KEGTEV__ligand372-0
678,KEGTEV__ligand7438-0
679,KEGTEV__ligand8200-0
680,KEGTEV__ligand14477-0
681,KEGTEV__ligand11544-0
682,KEGTEV__ligand11501-0
683,KEGTEV__ligand1150-0
684,KEGTEV__ligand29214-0
685,KEGTEV__ligand1539-0
686,KEGTEV__ligand22357-0
687,KEGTEV__ligand4207-0
688,KEGTEV__ligand11758-0
689,KEGTEV__ligand116-0
690,KEGTEV__ligand3416-0
691,KEGTEV__ligand3453-0
692,KEGTEV__ligand21448-0
693,KEGTEV__ligand252-0
694,KEGTEV__ligand1216-0
695,KEGTEV__ligand3261-0
696,KEGTEV__ligand20557-0
697,KEGTEV__ligand1152-0
698,KEGTEV__ligand30004-0
699,KEGTEV__ligand5019-0
700,KEGTEV__ligand250-0
701,KEGTEV__ligand1849-0
702,KEGTEV__ligand5515-0
703,KEGTEV__ligand23445-0
704,KEGTEV__ligand24953-0
705,KEGTEV__ligand6663-0
706,KEGTEV__ligand5614-0
707,KEGTEV__ligand5280-0
708,KEGTEV__ligand1831-0
709,KEGTEV__ligand20432-0
710,KEGTEV__ligand27122-0
711,KEGTEV__ligand13755-0
712,KEGTEV__ligand16133-0
713,KEGTEV__ligand370-0
714,KEGTEV__ligand25048-0
715,KEGTEV__ligand18-0
716,KEGTEV__ligand21940-0
717,KEGTEV__ligand564-0
718,KEGTEV__ligand5630-0
719,KEGTEV__ligand620-0
720,KEGTEV__ligand21752-0
721,KEGTEV__ligand1786-0
722,KEGTEV__ligand370-1
723,KEGTEV__ligand3285-0
724,KEGTEV__ligand4795-0
725,KEGTEV__ligand30788-0
726,KEGTEV__ligand13691-0
727,KEGTEV__ligand14339-0
728,KEGTEV__ligand479-0
729,KEGTEV__ligand311-0
730,KEGTEV__ligand1908-0
731,KEGTEV__ligand785-0
732,KEGTEV__ligand4710-0
733,KEGTEV__ligand5755-0
734,KEGTEV__ligand3144-0
735,KEGTEV__ligand5085-0
736,KEGTEV__ligand20844-0
737,KEGTEV__ligand6112-0
738,KEGTEV__ligand18413-0
739,KEGTEV__ligand24624-0
740,KEGTEV__ligand8042-0
741,KEGTEV__ligand18757-0
742,KEGTEV__ligand1397-0
743,KEGTEV__ligand188-0
744,KEGTEV__ligand24560-0
745,KEGTEV__ligand7213-0
746,KEGTEV__ligand1828-0
747,KEGTEV__ligand3180-0
748,KEGTEV__ligand15455-0
749,KEGTEV__ligand2650-0
750,KEGTEV__ligand2281-0
751,KEGTEV__ligand4340-0
752,KEGTEV__ligand38-0
753,KEGTEV__ligand11177-0
754,KEGTEV__ligand17686-0
755,KEGTEV__ligand25658-0
756,KEGTEV__ligand31205-0
757,KEGTEV__ligand2823-0
758,KEGTEV__ligand560-0
759,KEGTEV__ligand6995-0
760,KEGTEV__ligand4124-0
761,KEGTEV__ligand4161-0
762,KEGTEV__ligand3471-0
763,KEGTEV__ligand16603-0
764,KEGTEV__ligand235-0
765,KEGTEV__ligand11814-0
766,KEGTEV__ligand134-0
767,KEGTEV__ligand11622-0
768,KEGTEV__ligand5415-0
769,KEGTEV__ligand16870-0
770,KEGTEV__ligand20821-0
771,KEGTEV__ligand5201-0
772,KEGTEV__ligand685-0
773,KEGTEV__ligand26673-0
774,KEGTEV__ligand1113-0
775,KEGTEV__ligand31000-0
776,KEGTEV__ligand8553-0
777,KEGTEV__ligand421-0
778,KEGTEV__ligand11606-0
779,KEGTEV__ligand10582-0
780,KEGTEV__ligand9944-0
781,KEGTEV__ligand8593-0
782,KEGTEV__ligand13260-0
783,KEGTEV__ligand11252-0
784,KEGTEV__ligand7566-0
785,KEGTEV__ligand19824-0
786,KEGTEV__ligand18067-0
787,KEGTEV__ligand2001-0
788,KEGTEV__ligand294-0
789,KEGTEV__ligand8529-0
790,KEGTEV__ligand1169-0
791,KEGTEV__ligand10151-0
792,KEGTEV__ligand197-0
793,KEGTEV__ligand4596-0
794,KEGTEV__ligand1498-0
795,KEGTEV__ligand22353-0
796,KEGTEV__ligand9615-0
797,KEGTEV__ligand66-0
798,KEGTEV__ligand19668-0
799,KEGTEV__ligand1154-0
800,KEGTEV__ligand19906-0
801,KEGTEV__ligand29441-0
802,KEGTEV__ligand10853-0
803,KEGTEV__ligand4262-0
804,KEGTEV__ligand1028-0
805,KEGTEV__ligand10479-0
806,KEGTEV__ligand27610-0
807,KEGTEV__ligand11479-0
808,KEGTEV__ligand20530-0
809,KEGTEV__ligand2692-0
810,KEGTEV__ligand11698-0
811,KEGTEV__ligand14302-0
812,KEGTEV__ligand14347-0
813,KEGTEV__ligand13657-0
814,KEGTEV__ligand1618-0
815,KEGTEV__ligand868-0
816,KEGTEV__ligand42-0
817,KEGTEV__ligand24851-0
818,KEGTEV__ligand15387-0
819,KEGTEV__ligand20121-0
820,KEGTEV__ligand352-0
821,KEGTEV__ligand783-0
822,KEGTEV__ligand20220-0
823,KEGTEV__ligand1050-0
824,KEGTEV__ligand1015-0
825,KEGTEV__ligand29813-0
826,KEGTEV__ligand16952-0
827,KEGTEV__ligand2027-0
