,TMC
0,XOXXOX__ligand3734-0
1,XOXXOX__ligand8-0
2,XOXXOX__ligand384-0
3,XOXXOX__ligand1706-0
4,XOXXOX__ligand120-0
5,XOXXOX__ligand4381-0
6,XOXXOX__ligand2629-0
7,XOXXOX__ligand2688-0
8,XOXXOX__ligand2259-0
9,XOXXOX__ligand11-0
10,XOXXOX__ligand2768-0
11,XOXXOX__ligand1376-0
12,XOXXOX__ligand6277-0
13,XOXXOX__ligand1687-0
14,XOXXOX__ligand240-0
15,XOXXOX__ligand141-0
16,XOXXOX__ligand1951-0
17,XOXXOX__ligand3757-0
18,XOXXOX__ligand1048-0
19,XOXXOX__ligand2087-0
20,XOXXOX__ligand1685-0
21,XOXXOX__ligand1544-0
22,XOXXOX__ligand1459-0
23,XOXXOX__ligand5801-0
24,XOXXOX__ligand1438-0
25,XOXXOX__ligand3063-0
26,XOXXOX__ligand797-0
27,XOXXOX__ligand757-0
28,XOXXOX__ligand1171-0
29,XOXXOX__ligand1479-0
30,XOXXOX__ligand1148-0
31,XOXXOX__ligand126-0
32,XOXXOX__ligand3246-0
33,XOXXOX__ligand1538-0
34,XOXXOX__ligand1114-0
35,XOXXOX__ligand596-0
36,XOXXOX__ligand92-0
37,XOXXOX__ligand366-0
38,XOXXOX__ligand861-0
39,XOXXOX__ligand9244-0
40,XOXXOX__ligand612-0
41,XOXXOX__ligand17-0
42,XOXXOX__ligand1228-0
43,XOXXOX__ligand187-0
44,XOXXOX__ligand3041-0
45,XOXXOX__ligand321-0
46,XOXXOX__ligand1542-0
47,XOXXOX__ligand2634-0
48,XOXXOX__ligand279-0
49,XOXXOX__ligand178-0
50,XOXXOX__ligand100-0
51,XOXXOX__ligand201-0
52,XOXXOX__ligand244-0
53,XOXXOX__ligand2751-0
54,XOXXOX__ligand49-0
55,XOXXOX__ligand3145-0
56,XOXXOX__ligand124-0
57,XOXXOX__ligand6686-0
58,XOXXOX__ligand1747-0
59,XOXXOX__ligand5548-0
60,XOXXOX__ligand7915-0
61,XOXXOX__ligand2863-0
62,XOXXOX__ligand6502-0
63,XOXXOX__ligand2098-0
64,XOXXOX__ligand119-0
65,XOXXOX__ligand6332-0
66,XOXXOX__ligand89-0
67,XOXXOX__ligand3178-0
68,XOXXOX__ligand821-0
69,XOXXOX__ligand326-0
70,XOXXOX__ligand57-0
71,XOXXOX__ligand553-0
72,XOXXOX__ligand1169-0
73,XOXXOX__ligand283-0
74,XOXXOX__ligand5022-0
75,XOXXOX__ligand142-0
76,XOXXOX__ligand206-0
77,XOXXOX__ligand3838-0
78,XOXXOX__ligand1799-0
79,XOXXOX__ligand2838-0
80,XOXXOX__ligand436-0
81,XOXXOX__ligand5941-0
82,XOXXOX__ligand2880-0
83,XOXXOX__ligand2142-0
84,XOXXOX__ligand166-0
85,XOXXOX__ligand6538-0
86,XOXXOX__ligand838-0
87,XOXXOX__ligand2772-0
88,XOXXOX__ligand6151-0
89,XOXXOX__ligand9495-0
90,XOXXOX__ligand2864-0
91,XOXXOX__ligand497-0
92,XOXXOX__ligand633-0
93,XOXXOX__ligand918-0
94,XOXXOX__ligand532-0
95,XOXXOX__ligand73-0
96,XOXXOX__ligand1052-0
97,XOXXOX__ligand34-0
98,XOXXOX__ligand575-0
99,XOXXOX__ligand927-0
100,XOXXOX__ligand1273-0
101,XOXXOX__ligand199-0
102,XOXXOX__ligand6396-0
103,XOXXOX__ligand95-0
104,XOXXOX__ligand2265-0
105,XOXXOX__ligand140-0
106,XOXXOX__ligand1113-0
107,XOXXOX__ligand105-0
108,XOXXOX__ligand9027-0
109,XOXXOX__ligand409-0
110,XOXXOX__ligand4983-0
111,XOXXOX__ligand324-0
112,XOXXOX__ligand361-0
113,XOXXOX__ligand1835-0
114,XOXXOX__ligand2345-0
115,XOXXOX__ligand2794-0
116,XOXXOX__ligand1502-0
117,XOXXOX__ligand55-0
118,XOXXOX__ligand430-0
119,XOXXOX__ligand358-0
120,XOXXOX__ligand1727-0
121,XOXXOX__ligand669-0
122,XOXXOX__ligand91-0
123,XOXXOX__ligand1152-0
124,XOXXOX__ligand29-0
125,XOXXOX__ligand51-0
126,XOXXOX__ligand278-0
127,XOXXOX__ligand1607-0
128,XOXXOX__ligand365-0
129,XOXXOX__ligand118-0
130,XOXXOX__ligand670-0
131,XOXXOX__ligand2510-0
132,XOXXOX__ligand8921-0
133,XOXXOX__ligand571-0
134,XOXXOX__ligand1567-0
135,XOXXOX__ligand2285-0
136,XOXXOX__ligand2862-0
137,XOXXOX__ligand1056-0
138,XOXXOX__ligand2320-0
139,XOXXOX__ligand2430-0
140,XOXXOX__ligand1703-0
141,XOXXOX__ligand48-0
142,XOXXOX__ligand2907-0
143,XOXXOX__ligand509-0
144,XOXXOX__ligand383-0
145,XOXXOX__ligand7464-0
146,XOXXOX__ligand162-0
147,XOXXOX__ligand226-0
148,XOXXOX__ligand4303-0
149,XOXXOX__ligand32-0
150,XOXXOX__ligand1248-0
151,XOXXOX__ligand1598-0
152,XOXXOX__ligand1054-0
153,XOXXOX__ligand6294-0
154,XOXXOX__ligand3637-0
155,XOXXOX__ligand8774-0
156,XOXXOX__ligand11730-0
157,XOXXOX__ligand7514-0
158,XOXXOX__ligand851-0
159,XOXXOX__ligand3337-0
160,XOXXOX__ligand62-0
161,XOXXOX__ligand1449-1
162,XOXXOX__ligand4811-0
163,XOXXOX__ligand909-0
164,XOXXOX__ligand177-0
165,XOXXOX__ligand934-0
166,XOXXOX__ligand9620-0
167,XOXXOX__ligand1260-0
168,XOXXOX__ligand4894-0
169,XOXXOX__ligand252-0
170,XOXXOX__ligand955-0
171,XOXXOX__ligand86-0
172,XOXXOX__ligand1788-0
173,XOXXOX__ligand1321-0
174,XOXXOX__ligand3-0
175,XOXXOX__ligand830-0
176,XOXXOX__ligand1178-0
177,XOXXOX__ligand3566-0
178,XOXXOX__ligand193-0
179,XOXXOX__ligand1-0
180,XOXXOX__ligand2853-0
181,XOXXOX__ligand370-0
182,XOXXOX__ligand3853-0
183,XOXXOX__ligand5089-0
184,XOXXOX__ligand2599-0
185,XOXXOX__ligand1246-0
186,XOXXOX__ligand250-0
187,XOXXOX__ligand460-0
188,XOXXOX__ligand6166-0
189,XOXXOX__ligand18-0
190,XOXXOX__ligand188-0
191,XOXXOX__ligand369-0
192,XOXXOX__ligand444-0
193,XOXXOX__ligand1307-0
194,XOXXOX__ligand311-0
195,XOXXOX__ligand10357-0
196,XOXXOX__ligand15630-0
197,XOXXOX__ligand1712-0
198,XOXXOX__ligand390-0
199,XOXXOX__ligand134-0
200,XOXXOX__ligand932-0
201,XOXXOX__ligand3579-0
202,XOXXOX__ligand235-0
203,XOXXOX__ligand2110-0
204,XOXXOX__ligand2916-0
205,XOXXOX__ligand21-0
206,XOXXOX__ligand525-0
207,XOXXOX__ligand560-0
208,XOXXOX__ligand1919-0
209,XOXXOX__ligand109-0
210,XOXXOX__ligand2389-0
211,XOXXOX__ligand294-0
212,XOXXOX__ligand5334-0
213,XOXXOX__ligand993-0
214,XOXXOX__ligand40-0
215,XOXXOX__ligand1898-0
216,XOXXOX__ligand2480-0
217,XOXXOX__ligand3051-0
218,XOXXOX__ligand4504-0
219,XOXXOX__ligand331-0
220,XOXXOX__ligand2315-0
221,XOXXOX__ligand1858-0
222,XOXXOX__ligand421-0
223,XOXXOX__ligand8032-0
224,XOXXOX__ligand798-0
225,XOXXOX__ligand38-0
226,XOXXOX__ligand916-0
227,XOXXOX__ligand584-0
228,XOXXOX__ligand1019-0
229,XOXXOX__ligand2442-0
230,XOXXOX__ligand112-0
231,XOXXOX__ligand1104-0
232,XOXXOX__ligand7414-0
233,XOXXOX__ligand5762-0
234,XOXXOX__ligand197-0
235,XOXXOX__ligand296-0
236,XOXXOX__ligand6571-0
237,XOXXOX__ligand2482-0
238,XOXXOX__ligand1325-0
239,XOXXOX__ligand2929-0
240,XOXXOX__ligand66-0
241,XOXXOX__ligand783-0
242,XOXXOX__ligand352-0
243,XOXXOX__ligand2376-0
244,XOXXOX__ligand868-0
245,XOXXOX__ligand442-0
246,XOXXOX__ligand1379-0
247,XOXXOX__ligand1264-0
248,XOXXOX__ligand1221-0
249,XOXXOX__ligand1299-0
250,XOXXOX__ligand136-0
251,XOXXOX__ligand6430-0
252,XOXXOX__ligand10910-0
253,XOXXOX__ligand1818-0
254,XOXXOX__ligand85-0
255,XOXXOX__ligand115-0
256,XOXXOX__ligand7456-0
257,XOXXOX__ligand78-0
258,XOXXOX__ligand45-0
259,XOXXOX__ligand291-0
260,XOXXOX__ligand5758-0
261,XOXXOX__ligand3478-0
262,XOXXOX__ligand3852-0
263,XOXXOX__ligand14530-0
264,XOXXOX__ligand9176-0
265,XOXXOX__ligand3035-0
266,XOXXOX__ligand784-0
267,XOXXOX__ligand3070-0
268,XOXXOX__ligand355-0
269,XOXXOX__ligand2718-0
270,XOXXOX__ligand1493-0
271,XOXXOX__ligand485-0
272,XOXXOX__ligand4619-0
273,XOXXOX__ligand6143-0
274,XOXXOX__ligand5235-0
275,XOXXOX__ligand3251-0
276,XOXXOX__ligand447-0
277,XOXXOX__ligand2762-0
278,XOXXOX__ligand1038-0
279,XOXXOX__ligand133-0
280,XOXXOX__ligand1160-0
281,XOXXOX__ligand2253-0
282,XOXXOX__ligand5093-0
283,XOXXOX__ligand2954-0
284,XOXXOX__ligand522-0
285,XOXXOX__ligand666-0
286,XOXXOX__ligand10479-0
287,XOXXOX__ligand7550-0
288,XOXXOX__ligand487-0
289,XOXXOX__ligand1285-0
290,XOXXOX__ligand1555-0
291,XOXXOX__ligand7630-0
292,XOXXOX__ligand3890-0
293,XOXXOX__ligand10114-0
294,XOXXOX__ligand682-0
295,XOXXOX__ligand4423-0
296,XOXXOX__ligand1907-0
297,XOXXOX__ligand6-0
298,XOXXOX__ligand196-0
299,XOXXOX__ligand1551-0
300,XOXXOX__ligand502-0
301,XOXXOX__ligand2526-0
302,XOXXOX__ligand113-0
303,XOXXOX__ligand1690-0
304,XOXXOX__ligand422-0
305,XOXXOX__ligand2707-0
306,XOXXOX__ligand236-0
307,XOXXOX__ligand2915-0
308,XOXXOX__ligand353-0
309,XOXXOX__ligand3196-0
310,XOXXOX__ligand4012-0
311,XOXXOX__ligand67-0
312,XOXXOX__ligand481-0
313,XOXXOX__ligand314-0
314,XOXXOX__ligand1918-0
315,XOXXOX__ligand170-0
316,XOXXOX__ligand2255-0
317,XOXXOX__ligand4175-0
318,XOXXOX__ligand391-0
319,XOXXOX__ligand2618-0
320,XOXXOX__ligand3618-0
321,XOXXOX__ligand210-0
322,XOXXOX__ligand1436-0
323,XOXXOX__ligand4-0
324,XOXXOX__ligand4370-0
