,TMC
0,RINBIB__ligand196-0
1,RINBIB__ligand502-0
2,RINBIB__ligand73-0
3,RINBIB__ligand4370-0
4,RINBIB__ligand422-0
5,RINBIB__ligand2618-0
6,RINBIB__ligand3618-0
7,RINBIB__ligand1436-0
8,RINBIB__ligand113-0
9,RINBIB__ligand8-0
10,RINBIB__ligand2255-0
11,RINBIB__ligand4175-0
12,RINBIB__ligand236-0
13,RINBIB__ligand57-0
14,RINBIB__ligand1918-0
15,RINBIB__ligand353-0
16,RINBIB__ligand55-0
17,RINBIB__ligand481-0
18,RINBIB__ligand314-0
19,RINBIB__ligand4012-0
20,RINBIB__ligand3196-0
21,RINBIB__ligand391-0
22,RINBIB__ligand2915-0
23,RINBIB__ligand170-0
24,RINBIB__ligand95-0
25,RINBIB__ligand1690-0
26,RINBIB__ligand210-0
27,RINBIB__ligand2707-0
28,RINBIB__ligand34-0
29,RINBIB__ligand2526-0
30,RINBIB__ligand1551-0
31,RINBIB__ligand48-0
32,RINBIB__ligand115-0
33,RINBIB__ligand3890-0
34,RINBIB__ligand1907-0
35,RINBIB__ligand4423-0
36,RINBIB__ligand1555-0
37,RINBIB__ligand1285-0
38,RINBIB__ligand7630-0
39,RINBIB__ligand291-0
40,RINBIB__ligand355-0
41,RINBIB__ligand784-0
42,RINBIB__ligand485-0
43,RINBIB__ligand51-0
44,RINBIB__ligand7550-0
45,RINBIB__ligand91-0
46,RINBIB__ligand1038-0
47,RINBIB__ligand2762-0
48,RINBIB__ligand29-0
49,RINBIB__ligand2954-0
50,RINBIB__ligand5093-0
51,RINBIB__ligand1160-0
52,RINBIB__ligand2253-0
53,RINBIB__ligand6143-0
54,RINBIB__ligand5235-0
55,RINBIB__ligand133-0
56,RINBIB__ligand4619-0
57,RINBIB__ligand3251-0
58,RINBIB__ligand447-0
59,RINBIB__ligand9176-0
60,RINBIB__ligand487-0
61,RINBIB__ligand522-0
62,RINBIB__ligand1493-0
63,RINBIB__ligand11730-0
64,RINBIB__ligand666-0
65,RINBIB__ligand3070-0
66,RINBIB__ligand3035-0
67,RINBIB__ligand2718-0
68,RINBIB__ligand5758-0
69,RINBIB__ligand32-0
70,RINBIB__ligand3852-0
71,RINBIB__ligand3478-0
72,RINBIB__ligand682-0
73,RINBIB__ligand1818-0
74,RINBIB__ligand7456-0
75,RINBIB__ligand134-0
76,RINBIB__ligand932-0
77,RINBIB__ligand1379-0
78,RINBIB__ligand235-0
79,RINBIB__ligand1299-0
80,RINBIB__ligand6430-0
81,RINBIB__ligand1221-0
82,RINBIB__ligand1264-0
83,RINBIB__ligand390-0
84,RINBIB__ligand2929-0
85,RINBIB__ligand525-0
86,RINBIB__ligand560-0
87,RINBIB__ligand2376-0
88,RINBIB__ligand109-0
89,RINBIB__ligand11-0
90,RINBIB__ligand331-0
91,RINBIB__ligand294-0
92,RINBIB__ligand2482-0
93,RINBIB__ligand1325-0
94,RINBIB__ligand993-0
95,RINBIB__ligand6571-0
96,RINBIB__ligand1019-0
97,RINBIB__ligand2442-0
98,RINBIB__ligand584-0
99,RINBIB__ligand916-0
100,RINBIB__ligand1104-0
101,RINBIB__ligand7414-0
102,RINBIB__ligand5762-0
103,RINBIB__ligand421-0
104,RINBIB__ligand798-0
105,RINBIB__ligand112-0
106,RINBIB__ligand8032-0
107,RINBIB__ligand1858-0
108,RINBIB__ligand5334-0
109,RINBIB__ligand2315-0
110,RINBIB__ligand197-0
111,RINBIB__ligand1898-0
112,RINBIB__ligand296-0
113,RINBIB__ligand2480-0
114,RINBIB__ligand4504-0
115,RINBIB__ligand3051-0
116,RINBIB__ligand1919-0
117,RINBIB__ligand352-0
118,RINBIB__ligand783-0
119,RINBIB__ligand2389-0
120,RINBIB__ligand1712-0
121,RINBIB__ligand136-0
122,RINBIB__ligand2916-0
123,RINBIB__ligand2110-0
124,RINBIB__ligand868-0
125,RINBIB__ligand442-0
126,RINBIB__ligand3579-0
127,RINBIB__ligand17-0
128,RINBIB__ligand1307-0
129,RINBIB__ligand909-0
130,RINBIB__ligand851-0
131,RINBIB__ligand177-0
132,RINBIB__ligand934-0
133,RINBIB__ligand92-0
134,RINBIB__ligand1246-0
135,RINBIB__ligand252-0
136,RINBIB__ligand6166-0
137,RINBIB__ligand955-0
138,RINBIB__ligand2853-0
139,RINBIB__ligand3853-0
140,RINBIB__ligand193-0
141,RINBIB__ligand830-0
142,RINBIB__ligand5089-0
143,RINBIB__ligand2599-0
144,RINBIB__ligand89-0
145,RINBIB__ligand1321-0
146,RINBIB__ligand1178-0
147,RINBIB__ligand370-0
148,RINBIB__ligand3566-0
149,RINBIB__ligand460-0
150,RINBIB__ligand49-0
151,RINBIB__ligand1788-0
152,RINBIB__ligand250-0
153,RINBIB__ligand9620-0
154,RINBIB__ligand4894-0
155,RINBIB__ligand1260-0
156,RINBIB__ligand369-0
157,RINBIB__ligand444-0
158,RINBIB__ligand188-0
159,RINBIB__ligand7514-0
160,RINBIB__ligand3337-0
161,RINBIB__ligand311-0
162,RINBIB__ligand4811-0
163,RINBIB__ligand1449-1
164,RINBIB__ligand669-0
165,RINBIB__ligand14530-0
166,RINBIB__ligand430-0
167,RINBIB__ligand358-0
168,RINBIB__ligand3-0
169,RINBIB__ligand3637-0
170,RINBIB__ligand365-0
171,RINBIB__ligand278-0
172,RINBIB__ligand8774-0
173,RINBIB__ligand10910-0
174,RINBIB__ligand1598-0
175,RINBIB__ligand4303-0
176,RINBIB__ligand1248-0
177,RINBIB__ligand118-0
178,RINBIB__ligand6294-0
179,RINBIB__ligand45-0
180,RINBIB__ligand670-0
181,RINBIB__ligand1054-0
182,RINBIB__ligand571-0
183,RINBIB__ligand85-0
184,RINBIB__ligand509-0
185,RINBIB__ligand78-0
186,RINBIB__ligand7464-0
187,RINBIB__ligand162-0
188,RINBIB__ligand226-0
189,RINBIB__ligand2430-0
190,RINBIB__ligand1703-0
191,RINBIB__ligand383-0
192,RINBIB__ligand2907-0
193,RINBIB__ligand8921-0
194,RINBIB__ligand1567-0
195,RINBIB__ligand2285-0
196,RINBIB__ligand10114-0
197,RINBIB__ligand2510-0
198,RINBIB__ligand1056-0
199,RINBIB__ligand2320-0
200,RINBIB__ligand2862-0
201,RINBIB__ligand1607-0
202,RINBIB__ligand1-0
203,RINBIB__ligand1727-0
204,RINBIB__ligand10479-0
205,RINBIB__ligand1152-0
206,RINBIB__ligand1835-0
207,RINBIB__ligand2794-0
208,RINBIB__ligand553-0
209,RINBIB__ligand2345-0
210,RINBIB__ligand4983-0
211,RINBIB__ligand283-0
212,RINBIB__ligand67-0
213,RINBIB__ligand1502-0
214,RINBIB__ligand821-0
215,RINBIB__ligand326-0
216,RINBIB__ligand436-0
217,RINBIB__ligand2265-0
218,RINBIB__ligand1113-0
219,RINBIB__ligand6396-0
220,RINBIB__ligand142-0
221,RINBIB__ligand9027-0
222,RINBIB__ligand206-0
223,RINBIB__ligand1273-0
224,RINBIB__ligand838-0
225,RINBIB__ligand166-0
226,RINBIB__ligand633-0
227,RINBIB__ligand918-0
228,RINBIB__ligand1052-0
229,RINBIB__ligand532-0
230,RINBIB__ligand497-0
231,RINBIB__ligand575-0
232,RINBIB__ligand2864-0
233,RINBIB__ligand2142-0
234,RINBIB__ligand2772-0
235,RINBIB__ligand927-0
236,RINBIB__ligand6151-0
237,RINBIB__ligand9495-0
238,RINBIB__ligand6538-0
239,RINBIB__ligand199-0
240,RINBIB__ligand2880-0
241,RINBIB__ligand5941-0
242,RINBIB__ligand1799-0
243,RINBIB__ligand3838-0
244,RINBIB__ligand2838-0
245,RINBIB__ligand140-0
246,RINBIB__ligand105-0
247,RINBIB__ligand409-0
248,RINBIB__ligand1169-0
249,RINBIB__ligand324-0
250,RINBIB__ligand5022-0
251,RINBIB__ligand361-0
252,RINBIB__ligand6502-0
253,RINBIB__ligand2098-0
254,RINBIB__ligand2863-0
255,RINBIB__ligand3178-0
256,RINBIB__ligand6332-0
257,RINBIB__ligand3145-0
258,RINBIB__ligand5548-0
259,RINBIB__ligand7915-0
260,RINBIB__ligand126-0
261,RINBIB__ligand86-0
262,RINBIB__ligand1747-0
263,RINBIB__ligand6686-0
264,RINBIB__ligand596-0
265,RINBIB__ligand2751-0
266,RINBIB__ligand3041-0
267,RINBIB__ligand612-0
268,RINBIB__ligand62-0
269,RINBIB__ligand187-0
270,RINBIB__ligand366-0
271,RINBIB__ligand1542-0
272,RINBIB__ligand2634-0
273,RINBIB__ligand861-0
274,RINBIB__ligand279-0
275,RINBIB__ligand178-0
276,RINBIB__ligand1228-0
277,RINBIB__ligand9244-0
278,RINBIB__ligand321-0
279,RINBIB__ligand1114-0
280,RINBIB__ligand1538-0
281,RINBIB__ligand10357-0
282,RINBIB__ligand18-0
283,RINBIB__ligand100-0
284,RINBIB__ligand15630-0
285,RINBIB__ligand201-0
286,RINBIB__ligand244-0
287,RINBIB__ligand3246-0
288,RINBIB__ligand124-0
289,RINBIB__ligand119-0
290,RINBIB__ligand1479-0
291,RINBIB__ligand1148-0
292,RINBIB__ligand120-0
293,RINBIB__ligand38-0
294,RINBIB__ligand1171-0
295,RINBIB__ligand384-0
296,RINBIB__ligand5801-0
297,RINBIB__ligand1438-0
298,RINBIB__ligand3063-0
299,RINBIB__ligand40-0
300,RINBIB__ligand6-0
301,RINBIB__ligand1544-0
302,RINBIB__ligand21-0
303,RINBIB__ligand1459-0
304,RINBIB__ligand1048-0
305,RINBIB__ligand2087-0
306,RINBIB__ligand240-0
307,RINBIB__ligand141-0
308,RINBIB__ligand3757-0
309,RINBIB__ligand1685-0
310,RINBIB__ligand6277-0
311,RINBIB__ligand1951-0
312,RINBIB__ligand1687-0
313,RINBIB__ligand4-0
314,RINBIB__ligand2259-0
315,RINBIB__ligand2688-0
316,RINBIB__ligand2768-0
317,RINBIB__ligand1376-0
318,RINBIB__ligand66-0
319,RINBIB__ligand797-0
320,RINBIB__ligand1706-0
321,RINBIB__ligand3734-0
322,RINBIB__ligand757-0
323,RINBIB__ligand2629-0
324,RINBIB__ligand4381-0
