,TMC
0,FIDRIT__ligand18814-0
1,FIDRIT__ligand430-0
2,FIDRIT__ligand19057-0
3,FIDRIT__ligand6882-0
4,FIDRIT__ligand358-0
5,FIDRIT__ligand6455-0
6,FIDRIT__ligand13425-0
7,FIDRIT__ligand3934-0
8,FIDRIT__ligand29302-0
9,FIDRIT__ligand488-0
10,FIDRIT__ligand2403-0
11,FIDRIT__ligand28676-0
12,FIDRIT__ligand10262-0
13,FIDRIT__ligand27763-0
14,FIDRIT__ligand694-0
15,FIDRIT__ligand12641-0
16,FIDRIT__ligand7530-0
17,FIDRIT__ligand1065-0
18,FIDRIT__ligand1449-0
19,FIDRIT__ligand10958-0
20,FIDRIT__ligand3012-0
21,FIDRIT__ligand4332-0
22,FIDRIT__ligand14108-0
23,FIDRIT__ligand9681-0
24,FIDRIT__ligand17302-0
25,FIDRIT__ligand2830-0
26,FIDRIT__ligand670-0
27,FIDRIT__ligand5627-0
28,FIDRIT__ligand17805-0
29,FIDRIT__ligand1729-0
30,FIDRIT__ligand534-0
31,FIDRIT__ligand571-0
32,FIDRIT__ligand24185-0
33,FIDRIT__ligand5483-0
34,FIDRIT__ligand23769-0
35,FIDRIT__ligand25178-0
36,FIDRIT__ligand5316-0
37,FIDRIT__ligand9148-0
38,FIDRIT__ligand12401-0
39,FIDRIT__ligand15585-0
40,FIDRIT__ligand24145-0
41,FIDRIT__ligand10476-0
42,FIDRIT__ligand13068-0
43,FIDRIT__ligand19830-0
44,FIDRIT__ligand18292-0
45,FIDRIT__ligand7529-0
46,FIDRIT__ligand12289-0
47,FIDRIT__ligand26702-0
48,FIDRIT__ligand13658-0
49,FIDRIT__ligand8-0
50,FIDRIT__ligand12130-0
51,FIDRIT__ligand17387-0
52,FIDRIT__ligand1415-0
53,FIDRIT__ligand6946-0
54,FIDRIT__ligand12231-0
55,FIDRIT__ligand27175-0
56,FIDRIT__ligand18832-0
57,FIDRIT__ligand23713-0
58,FIDRIT__ligand416-0
59,FIDRIT__ligand3215-0
60,FIDRIT__ligand383-0
61,FIDRIT__ligand30988-0
62,FIDRIT__ligand14723-0
63,FIDRIT__ligand7107-0
64,FIDRIT__ligand27893-0
65,FIDRIT__ligand162-0
66,FIDRIT__ligand12934-0
67,FIDRIT__ligand20578-0
68,FIDRIT__ligand15422-0
69,FIDRIT__ligand226-0
70,FIDRIT__ligand19641-0
71,FIDRIT__ligand31783-0
72,FIDRIT__ligand43-0
73,FIDRIT__ligand6283-0
74,FIDRIT__ligand14603-0
75,FIDRIT__ligand6062-0
76,FIDRIT__ligand14297-0
77,FIDRIT__ligand17258-0
78,FIDRIT__ligand5813-0
79,FIDRIT__ligand17631-0
80,FIDRIT__ligand4813-0
81,FIDRIT__ligand13012-0
82,FIDRIT__ligand26665-0
83,FIDRIT__ligand4738-0
84,FIDRIT__ligand4194-0
85,FIDRIT__ligand656-0
86,FIDRIT__ligand30333-0
87,FIDRIT__ligand67-0
88,FIDRIT__ligand12606-0
89,FIDRIT__ligand7532-0
90,FIDRIT__ligand30296-0
91,FIDRIT__ligand17281-0
92,FIDRIT__ligand26540-0
93,FIDRIT__ligand2599-0
94,FIDRIT__ligand12337-0
95,FIDRIT__ligand29410-0
96,FIDRIT__ligand4330-0
97,FIDRIT__ligand3973-0
98,FIDRIT__ligand12427-0
99,FIDRIT__ligand20740-0
100,FIDRIT__ligand28468-0
101,FIDRIT__ligand1147-0
102,FIDRIT__ligand16628-0
103,FIDRIT__ligand696-0
104,FIDRIT__ligand2068-0
105,FIDRIT__ligand27460-0
106,FIDRIT__ligand7925-0
107,FIDRIT__ligand17278-0
108,FIDRIT__ligand20011-0
109,FIDRIT__ligand17982-0
110,FIDRIT__ligand29414-0
111,FIDRIT__ligand3208-0
112,FIDRIT__ligand326-0
113,FIDRIT__ligand2208-0
114,FIDRIT__ligand7573-0
115,FIDRIT__ligand2781-0
116,FIDRIT__ligand3350-0
117,FIDRIT__ligand17398-0
118,FIDRIT__ligand20598-0
119,FIDRIT__ligand6672-0
120,FIDRIT__ligand9809-0
121,FIDRIT__ligand11675-0
122,FIDRIT__ligand1327-0
123,FIDRIT__ligand24047-0
124,FIDRIT__ligand22557-0
125,FIDRIT__ligand10589-0
126,FIDRIT__ligand8722-0
127,FIDRIT__ligand3029-0
128,FIDRIT__ligand16475-0
129,FIDRIT__ligand14703-0
130,FIDRIT__ligand7162-0
131,FIDRIT__ligand2328-0
132,FIDRIT__ligand692-0
133,FIDRIT__ligand1773-0
134,FIDRIT__ligand4581-0
135,FIDRIT__ligand1900-0
136,FIDRIT__ligand9197-0
137,FIDRIT__ligand436-0
138,FIDRIT__ligand20251-1
139,FIDRIT__ligand4131-0
140,FIDRIT__ligand1712-0
141,FIDRIT__ligand20539-0
142,FIDRIT__ligand20214-0
143,FIDRIT__ligand30702-0
144,FIDRIT__ligand20251-0
145,FIDRIT__ligand31097-0
146,FIDRIT__ligand21581-0
147,FIDRIT__ligand14117-0
148,FIDRIT__ligand5094-0
149,FIDRIT__ligand17261-0
150,FIDRIT__ligand5892-0
151,FIDRIT__ligand20419-0
152,FIDRIT__ligand21371-0
153,FIDRIT__ligand17118-0
154,FIDRIT__ligand1533-0
155,FIDRIT__ligand497-0
156,FIDRIT__ligand28789-0
157,FIDRIT__ligand633-0
158,FIDRIT__ligand29568-0
159,FIDRIT__ligand14889-0
160,FIDRIT__ligand30851-0
161,FIDRIT__ligand7557-0
162,FIDRIT__ligand1496-0
163,FIDRIT__ligand1688-0
164,FIDRIT__ligand5357-0
165,FIDRIT__ligand3647-0
166,FIDRIT__ligand300-0
167,FIDRIT__ligand5056-0
168,FIDRIT__ligand4850-0
169,FIDRIT__ligand26810-0
170,FIDRIT__ligand1768-0
171,FIDRIT__ligand27482-0
172,FIDRIT__ligand3871-0
173,FIDRIT__ligand588-0
174,FIDRIT__ligand13208-0
175,FIDRIT__ligand1469-0
176,FIDRIT__ligand45-0
177,FIDRIT__ligand1379-0
178,FIDRIT__ligand2722-0
179,FIDRIT__ligand78-0
180,FIDRIT__ligand20682-0
181,FIDRIT__ligand199-0
182,FIDRIT__ligand5935-0
183,FIDRIT__ligand13390-0
184,FIDRIT__ligand1165-0
185,FIDRIT__ligand9525-0
186,FIDRIT__ligand3157-0
187,FIDRIT__ligand1771-0
188,FIDRIT__ligand4911-0
189,FIDRIT__ligand25411-0
190,FIDRIT__ligand3392-0
191,FIDRIT__ligand19-0
192,FIDRIT__ligand14174-0
193,FIDRIT__ligand10712-0
194,FIDRIT__ligand5849-0
195,FIDRIT__ligand11456-0
196,FIDRIT__ligand12030-0
197,FIDRIT__ligand2527-0
198,FIDRIT__ligand409-0
199,FIDRIT__ligand361-0
200,FIDRIT__ligand14248-0
201,FIDRIT__ligand324-0
202,FIDRIT__ligand29879-0
203,FIDRIT__ligand28884-0
204,FIDRIT__ligand13331-0
205,FIDRIT__ligand24-0
206,FIDRIT__ligand1709-0
207,FIDRIT__ligand31832-0
208,FIDRIT__ligand8464-0
209,FIDRIT__ligand8349-0
210,FIDRIT__ligand13294-0
211,FIDRIT__ligand1573-0
212,FIDRIT__ligand1536-0
213,FIDRIT__ligand845-0
214,FIDRIT__ligand9935-0
215,FIDRIT__ligand24613-0
216,FIDRIT__ligand3504-0
217,FIDRIT__ligand1959-0
218,FIDRIT__ligand19725-0
219,FIDRIT__ligand31483-0
220,FIDRIT__ligand10555-0
221,FIDRIT__ligand4661-0
222,FIDRIT__ligand1844-0
223,FIDRIT__ligand3718-0
224,FIDRIT__ligand42-0
225,FIDRIT__ligand6616-0
226,FIDRIT__ligand3035-0
227,FIDRIT__ligand3876-0
228,FIDRIT__ligand1343-0
229,FIDRIT__ligand7106-0
230,FIDRIT__ligand163-0
231,FIDRIT__ligand126-0
232,FIDRIT__ligand17710-0
233,FIDRIT__ligand20579-0
234,FIDRIT__ligand7242-0
235,FIDRIT__ligand11568-0
236,FIDRIT__ligand21421-0
237,FIDRIT__ligand1263-0
238,FIDRIT__ligand9908-0
239,FIDRIT__ligand14586-0
240,FIDRIT__ligand11774-0
241,FIDRIT__ligand3094-0
242,FIDRIT__ligand4155-0
243,FIDRIT__ligand596-0
244,FIDRIT__ligand941-0
245,FIDRIT__ligand18699-0
246,FIDRIT__ligand12682-0
247,FIDRIT__ligand5211-0
248,FIDRIT__ligand3131-0
249,FIDRIT__ligand1202-0
250,FIDRIT__ligand3937-0
251,FIDRIT__ligand3174-0
252,FIDRIT__ligand8969-0
253,FIDRIT__ligand17240-0
254,FIDRIT__ligand777-0
255,FIDRIT__ligand6839-0
256,FIDRIT__ligand4720-0
257,FIDRIT__ligand17590-0
258,FIDRIT__ligand366-0
259,FIDRIT__ligand13072-0
260,FIDRIT__ligand3565-0
261,FIDRIT__ligand5331-0
262,FIDRIT__ligand12336-0
263,FIDRIT__ligand1512-0
264,FIDRIT__ligand2485-0
265,FIDRIT__ligand3852-0
266,FIDRIT__ligand657-0
267,FIDRIT__ligand6919-0
268,FIDRIT__ligand66-0
269,FIDRIT__ligand187-0
270,FIDRIT__ligand7000-0
271,FIDRIT__ligand29087-0
272,FIDRIT__ligand1982-0
273,FIDRIT__ligand6768-0
274,FIDRIT__ligand8115-0
275,FIDRIT__ligand1285-0
276,FIDRIT__ligand321-0
277,FIDRIT__ligand18703-0
278,FIDRIT__ligand185-0
279,FIDRIT__ligand15438-0
280,FIDRIT__ligand28924-0
281,FIDRIT__ligand279-0
282,FIDRIT__ligand4546-0
283,FIDRIT__ligand4503-0
284,FIDRIT__ligand178-0
285,FIDRIT__ligand5256-0
286,FIDRIT__ligand7648-0
287,FIDRIT__ligand2828-0
288,FIDRIT__ligand8876-0
289,FIDRIT__ligand9833-0
290,FIDRIT__ligand24750-0
291,FIDRIT__ligand4157-0
292,FIDRIT__ligand201-0
293,FIDRIT__ligand18013-0
294,FIDRIT__ligand25224-0
295,FIDRIT__ligand2232-0
296,FIDRIT__ligand17945-0
297,FIDRIT__ligand9291-0
298,FIDRIT__ligand31578-0
299,FIDRIT__ligand17207-0
300,FIDRIT__ligand2176-0
301,FIDRIT__ligand9784-0
302,FIDRIT__ligand7629-0
303,FIDRIT__ligand4272-0
304,FIDRIT__ligand1451-0
305,FIDRIT__ligand38-0
306,FIDRIT__ligand3954-0
307,FIDRIT__ligand4442-0
308,FIDRIT__ligand4093-0
309,FIDRIT__ligand29898-0
310,FIDRIT__ligand26277-0
311,FIDRIT__ligand11432-0
312,FIDRIT__ligand1160-0
313,FIDRIT__ligand31618-0
314,FIDRIT__ligand338-0
315,FIDRIT__ligand8699-0
316,FIDRIT__ligand10432-0
317,FIDRIT__ligand22755-0
318,FIDRIT__ligand9520-0
319,FIDRIT__ligand4016-0
320,FIDRIT__ligand6709-0
321,FIDRIT__ligand1219-0
322,FIDRIT__ligand15168-0
323,FIDRIT__ligand7867-0
324,FIDRIT__ligand7280-0
325,FIDRIT__ligand1304-0
326,FIDRIT__ligand1790-0
327,FIDRIT__ligand24064-0
328,FIDRIT__ligand23589-0
329,FIDRIT__ligand7238-0
330,FIDRIT__ligand3156-0
331,FIDRIT__ligand2915-0
332,FIDRIT__ligand384-0
333,FIDRIT__ligand25735-0
334,FIDRIT__ligand12519-0
335,FIDRIT__ligand1378-0
336,FIDRIT__ligand23124-0
337,FIDRIT__ligand6244-0
338,FIDRIT__ligand11206-0
339,FIDRIT__ligand2332-0
340,FIDRIT__ligand12660-0
341,FIDRIT__ligand9441-0
342,FIDRIT__ligand19257-0
343,FIDRIT__ligand13209-0
344,FIDRIT__ligand9933-0
345,FIDRIT__ligand25650-0
346,FIDRIT__ligand31248-0
347,FIDRIT__ligand1575-0
348,FIDRIT__ligand768-0
349,FIDRIT__ligand1530-0
350,FIDRIT__ligand1631-0
351,FIDRIT__ligand8721-0
352,FIDRIT__ligand1324-0
353,FIDRIT__ligand27835-0
354,FIDRIT__ligand5643-0
355,FIDRIT__ligand12295-0
356,FIDRIT__ligand1823-0
357,FIDRIT__ligand5036-0
358,FIDRIT__ligand2526-0
359,FIDRIT__ligand25689-0
360,FIDRIT__ligand1615-0
361,FIDRIT__ligand21787-0
362,FIDRIT__ligand25575-0
363,FIDRIT__ligand9111-0
364,FIDRIT__ligand9952-0
365,FIDRIT__ligand9601-0
366,FIDRIT__ligand30539-0
367,FIDRIT__ligand8992-0
368,FIDRIT__ligand4116-0
369,FIDRIT__ligand240-0
370,FIDRIT__ligand23906-0
371,FIDRIT__ligand1018-0
372,FIDRIT__ligand11166-0
373,FIDRIT__ligand6124-0
374,FIDRIT__ligand3707-0
375,FIDRIT__ligand7967-0
376,FIDRIT__ligand18-0
377,FIDRIT__ligand141-0
378,FIDRIT__ligand21132-0
379,FIDRIT__ligand3234-0
380,FIDRIT__ligand1142-0
381,FIDRIT__ligand10084-0
382,FIDRIT__ligand25267-0
383,FIDRIT__ligand12467-0
384,FIDRIT__ligand2028-0
385,FIDRIT__ligand8835-0
386,FIDRIT__ligand21936-0
387,FIDRIT__ligand13257-0
388,FIDRIT__ligand7126-0
389,FIDRIT__ligand693-0
390,FIDRIT__ligand23904-0
391,FIDRIT__ligand4641-0
392,FIDRIT__ligand27074-0
393,FIDRIT__ligand20599-0
394,FIDRIT__ligand22981-0
395,FIDRIT__ligand25805-0
396,FIDRIT__ligand18391-0
397,FIDRIT__ligand27169-0
398,FIDRIT__ligand14523-0
399,FIDRIT__ligand16791-0
400,FIDRIT__ligand28668-0
401,FIDRIT__ligand4620-0
402,FIDRIT__ligand2295-0
403,FIDRIT__ligand18799-0
404,FIDRIT__ligand6067-0
405,FIDRIT__ligand1577-0
406,FIDRIT__ligand18465-0
407,FIDRIT__ligand7819-0
408,FIDRIT__ligand757-0
409,FIDRIT__ligand2917-0
410,FIDRIT__ligand18074-0
411,FIDRIT__ligand13869-0
412,FIDRIT__ligand29863-0
413,FIDRIT__ligand29610-0
414,FIDRIT__ligand3465-0
415,FIDRIT__ligand11140-0
416,FIDRIT__ligand6102-0
417,FIDRIT__ligand6904-0
418,FIDRIT__ligand3721-0
419,FIDRIT__ligand6596-0
420,FIDRIT__ligand122-0
421,FIDRIT__ligand27550-0
422,FIDRIT__ligand8592-0
423,FIDRIT__ligand5099-0
424,FIDRIT__ligand1197-0
425,FIDRIT__ligand2259-0
426,FIDRIT__ligand1296-0
427,FIDRIT__ligand3-0
428,FIDRIT__ligand196-0
429,FIDRIT__ligand1376-0
430,FIDRIT__ligand14007-0
431,FIDRIT__ligand5510-0
432,FIDRIT__ligand32-0
433,FIDRIT__ligand18019-1
434,FIDRIT__ligand9773-0
435,FIDRIT__ligand23682-0
436,FIDRIT__ligand29565-0
437,FIDRIT__ligand686-0
438,FIDRIT__ligand27771-0
439,FIDRIT__ligand5595-0
440,FIDRIT__ligand18158-0
441,FIDRIT__ligand4101-0
442,FIDRIT__ligand20942-1
443,FIDRIT__ligand2221-0
444,FIDRIT__ligand14226-0
445,FIDRIT__ligand21339-0
446,FIDRIT__ligand16956-0
447,FIDRIT__ligand422-0
448,FIDRIT__ligand3926-0
449,FIDRIT__ligand3120-0
450,FIDRIT__ligand4358-0
451,FIDRIT__ligand14477-0
452,FIDRIT__ligand17069-0
453,FIDRIT__ligand17445-0
454,FIDRIT__ligand6117-0
455,FIDRIT__ligand1407-0
456,FIDRIT__ligand8002-0
457,FIDRIT__ligand5509-0
458,FIDRIT__ligand393-0
459,FIDRIT__ligand20731-0
460,FIDRIT__ligand5080-0
461,FIDRIT__ligand12413-0
462,FIDRIT__ligand7762-0
463,FIDRIT__ligand29334-0
464,FIDRIT__ligand11798-0
465,FIDRIT__ligand21448-0
466,FIDRIT__ligand2238-0
467,FIDRIT__ligand353-0
468,FIDRIT__ligand5304-0
469,FIDRIT__ligand22357-0
470,FIDRIT__ligand9167-0
471,FIDRIT__ligand11758-0
472,FIDRIT__ligand16-0
473,FIDRIT__ligand3867-0
474,FIDRIT__ligand1317-0
475,FIDRIT__ligand29214-0
476,FIDRIT__ligand7293-0
477,FIDRIT__ligand2822-0
478,FIDRIT__ligand11501-0
479,FIDRIT__ligand11544-0
480,FIDRIT__ligand813-0
481,FIDRIT__ligand9299-0
482,FIDRIT__ligand780-0
483,FIDRIT__ligand314-0
484,FIDRIT__ligand4007-0
485,FIDRIT__ligand2985-0
486,FIDRIT__ligand30004-0
487,FIDRIT__ligand20557-0
488,FIDRIT__ligand9883-0
489,FIDRIT__ligand3677-1
490,FIDRIT__ligand7291-0
491,FIDRIT__ligand51-0
492,FIDRIT__ligand21940-0
493,FIDRIT__ligand8000-0
494,FIDRIT__ligand25048-0
495,FIDRIT__ligand3736-0
496,FIDRIT__ligand618-0
497,FIDRIT__ligand9344-0
498,FIDRIT__ligand91-0
499,FIDRIT__ligand2693-0
500,FIDRIT__ligand5383-0
501,FIDRIT__ligand16133-0
502,FIDRIT__ligand13755-0
503,FIDRIT__ligand27122-0
504,FIDRIT__ligand20432-0
505,FIDRIT__ligand3945-0
506,FIDRIT__ligand391-0
507,FIDRIT__ligand24953-0
508,FIDRIT__ligand23445-0
509,FIDRIT__ligand2881-0
510,FIDRIT__ligand14339-0
511,FIDRIT__ligand1499-0
512,FIDRIT__ligand30788-0
513,FIDRIT__ligand48-0
514,FIDRIT__ligand3712-0
515,FIDRIT__ligand1464-0
516,FIDRIT__ligand13691-0
517,FIDRIT__ligand21752-0
518,FIDRIT__ligand1211-0
519,FIDRIT__ligand465-0
520,FIDRIT__ligand6892-0
521,FIDRIT__ligand1294-0
522,FIDRIT__ligand18757-0
523,FIDRIT__ligand1168-0
524,FIDRIT__ligand24560-0
525,FIDRIT__ligand3677-0
526,FIDRIT__ligand3632-0
527,FIDRIT__ligand18413-0
528,FIDRIT__ligand20844-0
529,FIDRIT__ligand24624-0
530,FIDRIT__ligand314-1
531,FIDRIT__ligand1-0
532,FIDRIT__ligand6699-0
533,FIDRIT__ligand1114-0
534,FIDRIT__ligand9284-0
535,FIDRIT__ligand31205-0
536,FIDRIT__ligand17686-0
537,FIDRIT__ligand25658-0
538,FIDRIT__ligand3126-0
539,FIDRIT__ligand6391-0
540,FIDRIT__ligand11177-0
541,FIDRIT__ligand115-0
542,FIDRIT__ligand15455-0
543,FIDRIT__ligand2417-0
544,FIDRIT__ligand1832-0
545,FIDRIT__ligand16870-0
546,FIDRIT__ligand8788-0
547,FIDRIT__ligand34-0
548,FIDRIT__ligand11622-0
549,FIDRIT__ligand2043-0
550,FIDRIT__ligand11814-0
551,FIDRIT__ligand833-0
552,FIDRIT__ligand9943-0
553,FIDRIT__ligand1228-0
554,FIDRIT__ligand1604-0
555,FIDRIT__ligand16603-0
556,FIDRIT__ligand11606-0
557,FIDRIT__ligand55-0
558,FIDRIT__ligand31000-0
559,FIDRIT__ligand9450-0
560,FIDRIT__ligand26673-0
561,FIDRIT__ligand784-0
562,FIDRIT__ligand1599-0
563,FIDRIT__ligand20821-0
564,FIDRIT__ligand2612-0
565,FIDRIT__ligand395-0
566,FIDRIT__ligand5387-0
567,FIDRIT__ligand2203-0
568,FIDRIT__ligand368-0
569,FIDRIT__ligand1289-0
570,FIDRIT__ligand19824-0
571,FIDRIT__ligand18067-0
572,FIDRIT__ligand11252-0
573,FIDRIT__ligand68-0
574,FIDRIT__ligand10582-0
575,FIDRIT__ligand13260-0
576,FIDRIT__ligand447-0
577,FIDRIT__ligand3244-0
578,FIDRIT__ligand4711-0
579,FIDRIT__ligand746-0
580,FIDRIT__ligand2906-0
581,FIDRIT__ligand10151-0
582,FIDRIT__ligand176-0
583,FIDRIT__ligand4649-0
584,FIDRIT__ligand2788-0
585,FIDRIT__ligand5649-0
586,FIDRIT__ligand8793-0
587,FIDRIT__ligand5159-0
588,FIDRIT__ligand19906-0
589,FIDRIT__ligand19668-0
590,FIDRIT__ligand7196-0
591,FIDRIT__ligand57-0
592,FIDRIT__ligand9753-0
593,FIDRIT__ligand1356-0
594,FIDRIT__ligand1787-0
595,FIDRIT__ligand5530-0
596,FIDRIT__ligand22353-0
597,FIDRIT__ligand487-0
598,FIDRIT__ligand3178-0
599,FIDRIT__ligand4807-0
600,FIDRIT__ligand5180-0
601,FIDRIT__ligand24851-0
602,FIDRIT__ligand13657-0
603,FIDRIT__ligand14347-0
604,FIDRIT__ligand14302-0
605,FIDRIT__ligand20530-0
606,FIDRIT__ligand506-0
607,FIDRIT__ligand11698-0
608,FIDRIT__ligand5708-0
609,FIDRIT__ligand10479-0
610,FIDRIT__ligand27610-0
611,FIDRIT__ligand11479-0
612,FIDRIT__ligand7316-0
613,FIDRIT__ligand6017-0
614,FIDRIT__ligand29441-0
615,FIDRIT__ligand10853-0
616,FIDRIT__ligand2124-0
617,FIDRIT__ligand8612-0
618,FIDRIT__ligand2260-0
619,FIDRIT__ligand7092-0
620,FIDRIT__ligand1116-0
621,FIDRIT__ligand29813-0
622,FIDRIT__ligand16952-0
623,FIDRIT__ligand1153-0
624,FIDRIT__ligand3225-0
625,FIDRIT__ligand9323-0
626,FIDRIT__ligand20220-0
627,FIDRIT__ligand7273-0
628,FIDRIT__ligand152-0
629,FIDRIT__ligand20121-0
630,FIDRIT__ligand15387-0
631,FIDRIT__ligand7172-0
632,FIDRIT__ligand2692-0
633,FIDRIT__ligand13385-0
634,FIDRIT__ligand1618-0
635,FIDRIT__ligand14569-0
636,FIDRIT__ligand24111-0
637,FIDRIT__ligand22444-0
638,FIDRIT__ligand134-0
639,FIDRIT__ligand4262-0
640,FIDRIT__ligand13220-0
641,FIDRIT__ligand11587-0
642,FIDRIT__ligand23175-0
643,FIDRIT__ligand1028-0
644,FIDRIT__ligand235-0
645,FIDRIT__ligand15788-0
646,FIDRIT__ligand17396-0
647,FIDRIT__ligand1015-0
648,FIDRIT__ligand1050-0
649,FIDRIT__ligand30728-0
650,FIDRIT__ligand27840-0
651,FIDRIT__ligand560-0
652,FIDRIT__ligand2027-0
653,FIDRIT__ligand24872-0
654,FIDRIT__ligand24644-0
655,FIDRIT__ligand10033-0
656,FIDRIT__ligand12001-0
657,FIDRIT__ligand294-0
658,FIDRIT__ligand11949-0
659,FIDRIT__ligand12138-0
660,FIDRIT__ligand24780-0
661,FIDRIT__ligand22129-0
662,FIDRIT__ligand89-0
663,FIDRIT__ligand8529-0
664,FIDRIT__ligand25561-0
665,FIDRIT__ligand1169-0
666,FIDRIT__ligand9615-0
667,FIDRIT__ligand31694-0
668,FIDRIT__ligand421-0
669,FIDRIT__ligand29486-0
670,FIDRIT__ligand1154-0
671,FIDRIT__ligand4596-0
672,FIDRIT__ligand1498-0
673,FIDRIT__ligand685-0
674,FIDRIT__ligand17427-0
675,FIDRIT__ligand49-0
676,FIDRIT__ligand1113-0
677,FIDRIT__ligand8553-0
678,FIDRIT__ligand26529-0
679,FIDRIT__ligand11618-0
680,FIDRIT__ligand5201-0
681,FIDRIT__ligand7566-0
682,FIDRIT__ligand197-0
683,FIDRIT__ligand19927-0
684,FIDRIT__ligand14043-0
685,FIDRIT__ligand2001-0
686,FIDRIT__ligand28559-0
687,FIDRIT__ligand26324-0
688,FIDRIT__ligand8593-0
689,FIDRIT__ligand9944-0
690,FIDRIT__ligand21729-0
691,FIDRIT__ligand27239-0
692,FIDRIT__ligand17-0
693,FIDRIT__ligand29215-0
694,FIDRIT__ligand2823-0
695,FIDRIT__ligand6995-0
696,FIDRIT__ligand3180-0
697,FIDRIT__ligand12003-0
698,FIDRIT__ligand26631-0
699,FIDRIT__ligand16148-0
700,FIDRIT__ligand352-0
701,FIDRIT__ligand783-0
702,FIDRIT__ligand21399-0
703,FIDRIT__ligand4340-0
704,FIDRIT__ligand10872-0
705,FIDRIT__ligand2281-0
706,FIDRIT__ligand2650-0
707,FIDRIT__ligand22403-0
708,FIDRIT__ligand5415-0
709,FIDRIT__ligand868-0
710,FIDRIT__ligand3471-0
711,FIDRIT__ligand4161-0
712,FIDRIT__ligand4124-0
713,FIDRIT__ligand20695-0
714,FIDRIT__ligand27754-0
715,FIDRIT__ligand28540-0
716,FIDRIT__ligand11111-0
717,FIDRIT__ligand16369-0
718,FIDRIT__ligand4795-0
719,FIDRIT__ligand3285-0
720,FIDRIT__ligand10371-0
721,FIDRIT__ligand1908-0
722,FIDRIT__ligand13672-0
723,FIDRIT__ligand5630-0
724,FIDRIT__ligand909-0
725,FIDRIT__ligand1786-0
726,FIDRIT__ligand18568-0
727,FIDRIT__ligand28685-0
728,FIDRIT__ligand6112-0
729,FIDRIT__ligand177-0
730,FIDRIT__ligand19184-0
731,FIDRIT__ligand8042-0
732,FIDRIT__ligand7213-0
733,FIDRIT__ligand1397-0
734,FIDRIT__ligand1828-0
735,FIDRIT__ligand5755-0
736,FIDRIT__ligand4710-0
737,FIDRIT__ligand28459-0
738,FIDRIT__ligand12453-0
739,FIDRIT__ligand18448-0
740,FIDRIT__ligand5085-0
741,FIDRIT__ligand3144-0
742,FIDRIT__ligand252-0
743,FIDRIT__ligand1849-0
744,FIDRIT__ligand116-0
745,FIDRIT__ligand14167-0
746,FIDRIT__ligand13477-0
747,FIDRIT__ligand1216-0
748,FIDRIT__ligand27669-0
749,FIDRIT__ligand1152-0
750,FIDRIT__ligand3261-0
751,FIDRIT__ligand30142-0
752,FIDRIT__ligand5019-0
753,FIDRIT__ligand27285-0
754,FIDRIT__ligand29029-0
755,FIDRIT__ligand372-0
756,FIDRIT__ligand830-0
757,FIDRIT__ligand6663-0
758,FIDRIT__ligand5515-0
759,FIDRIT__ligand23197-0
760,FIDRIT__ligand1831-0
761,FIDRIT__ligand5280-0
762,FIDRIT__ligand5614-0
763,FIDRIT__ligand193-0
764,FIDRIT__ligand12365-0
765,FIDRIT__ligand10056-0
766,FIDRIT__ligand13862-0
767,FIDRIT__ligand11357-0
768,FIDRIT__ligand4063-0
769,FIDRIT__ligand28743-0
770,FIDRIT__ligand15531-0
771,FIDRIT__ligand8200-0
772,FIDRIT__ligand7438-0
773,FIDRIT__ligand370-0
774,FIDRIT__ligand22294-0
775,FIDRIT__ligand4-0
776,FIDRIT__ligand22168-0
777,FIDRIT__ligand28930-0
778,FIDRIT__ligand3042-0
779,FIDRIT__ligand21919-0
780,FIDRIT__ligand4207-0
781,FIDRIT__ligand11970-0
782,FIDRIT__ligand15883-0
783,FIDRIT__ligand3453-0
784,FIDRIT__ligand3416-0
785,FIDRIT__ligand250-0
786,FIDRIT__ligand24230-0
787,FIDRIT__ligand28810-0
788,FIDRIT__ligand1150-0
789,FIDRIT__ligand11096-0
790,FIDRIT__ligand11447-0
791,FIDRIT__ligand19792-0
792,FIDRIT__ligand1539-0
793,FIDRIT__ligand10828-0
794,FIDRIT__ligand15926-0
795,FIDRIT__ligand20207-0
796,FIDRIT__ligand30711-0
797,FIDRIT__ligand11682-0
798,FIDRIT__ligand4167-0
799,FIDRIT__ligand188-0
800,FIDRIT__ligand9491-0
801,FIDRIT__ligand69-0
802,FIDRIT__ligand1400-0
803,FIDRIT__ligand4266-0
804,FIDRIT__ligand16988-0
805,FIDRIT__ligand25913-0
806,FIDRIT__ligand1288-0
807,FIDRIT__ligand311-0
808,FIDRIT__ligand1149-0
809,FIDRIT__ligand785-0
810,FIDRIT__ligand3980-0
811,FIDRIT__ligand479-0
812,FIDRIT__ligand3557-0
813,FIDRIT__ligand16663-0
814,FIDRIT__ligand14614-0
815,FIDRIT__ligand7075-0
816,FIDRIT__ligand370-1
817,FIDRIT__ligand11-0
818,FIDRIT__ligand9750-0
819,FIDRIT__ligand24035-0
820,FIDRIT__ligand620-0
821,FIDRIT__ligand6993-0
822,FIDRIT__ligand11994-0
823,FIDRIT__ligand1817-0
824,FIDRIT__ligand564-0
825,FIDRIT__ligand1779-0
826,FIDRIT__ligand31044-0
827,FIDRIT__ligand31842-0
