,TMC
0,SIPQUD__ligand1712-0
1,SIPQUD__ligand2916-0
2,SIPQUD__ligand2110-0
3,SIPQUD__ligand105-0
4,SIPQUD__ligand140-0
5,SIPQUD__ligand3579-0
6,SIPQUD__ligand1919-0
7,SIPQUD__ligand361-0
8,SIPQUD__ligand67-0
9,SIPQUD__ligand324-0
10,SIPQUD__ligand2389-0
11,SIPQUD__ligand409-0
12,SIPQUD__ligand575-0
13,SIPQUD__ligand5334-0
14,SIPQUD__ligand3-0
15,SIPQUD__ligand2315-0
16,SIPQUD__ligand1898-0
17,SIPQUD__ligand4504-0
18,SIPQUD__ligand3051-0
19,SIPQUD__ligand2480-0
20,SIPQUD__ligand8032-0
21,SIPQUD__ligand1858-0
22,SIPQUD__ligand927-0
23,SIPQUD__ligand199-0
24,SIPQUD__ligand1019-0
25,SIPQUD__ligand838-0
26,SIPQUD__ligand2442-0
27,SIPQUD__ligand7414-0
28,SIPQUD__ligand5762-0
29,SIPQUD__ligand166-0
30,SIPQUD__ligand1104-0
31,SIPQUD__ligand918-0
32,SIPQUD__ligand1-0
33,SIPQUD__ligand10357-0
34,SIPQUD__ligand633-0
35,SIPQUD__ligand15630-0
36,SIPQUD__ligand532-0
37,SIPQUD__ligand1325-0
38,SIPQUD__ligand2482-0
39,SIPQUD__ligand6571-0
40,SIPQUD__ligand497-0
41,SIPQUD__ligand553-0
42,SIPQUD__ligand2929-0
43,SIPQUD__ligand283-0
44,SIPQUD__ligand821-0
45,SIPQUD__ligand2376-0
46,SIPQUD__ligand326-0
47,SIPQUD__ligand436-0
48,SIPQUD__ligand1379-0
49,SIPQUD__ligand1299-0
50,SIPQUD__ligand142-0
51,SIPQUD__ligand6430-0
52,SIPQUD__ligand206-0
53,SIPQUD__ligand1221-0
54,SIPQUD__ligand1264-0
55,SIPQUD__ligand3337-0
56,SIPQUD__ligand7514-0
57,SIPQUD__ligand4811-0
58,SIPQUD__ligand1449-1
59,SIPQUD__ligand9620-0
60,SIPQUD__ligand4894-0
61,SIPQUD__ligand1260-0
62,SIPQUD__ligand162-0
63,SIPQUD__ligand226-0
64,SIPQUD__ligand1788-0
65,SIPQUD__ligand78-0
66,SIPQUD__ligand85-0
67,SIPQUD__ligand383-0
68,SIPQUD__ligand1321-0
69,SIPQUD__ligand45-0
70,SIPQUD__ligand1178-0
71,SIPQUD__ligand3566-0
72,SIPQUD__ligand3853-0
73,SIPQUD__ligand2853-0
74,SIPQUD__ligand670-0
75,SIPQUD__ligand118-0
76,SIPQUD__ligand571-0
77,SIPQUD__ligand5089-0
78,SIPQUD__ligand2599-0
79,SIPQUD__ligand509-0
80,SIPQUD__ligand1246-0
81,SIPQUD__ligand6166-0
82,SIPQUD__ligand669-0
83,SIPQUD__ligand358-0
84,SIPQUD__ligand430-0
85,SIPQUD__ligand1307-0
86,SIPQUD__ligand365-0
87,SIPQUD__ligand278-0
88,SIPQUD__ligand40-0
89,SIPQUD__ligand797-0
90,SIPQUD__ligand14530-0
91,SIPQUD__ligand2526-0
92,SIPQUD__ligand1551-0
93,SIPQUD__ligand1690-0
94,SIPQUD__ligand757-0
95,SIPQUD__ligand38-0
96,SIPQUD__ligand2707-0
97,SIPQUD__ligand2915-0
98,SIPQUD__ligand10910-0
99,SIPQUD__ligand21-0
100,SIPQUD__ligand4012-0
101,SIPQUD__ligand3196-0
102,SIPQUD__ligand66-0
103,SIPQUD__ligand1918-0
104,SIPQUD__ligand240-0
105,SIPQUD__ligand141-0
106,SIPQUD__ligand2255-0
107,SIPQUD__ligand4175-0
108,SIPQUD__ligand10114-0
109,SIPQUD__ligand120-0
110,SIPQUD__ligand3618-0
111,SIPQUD__ligand2618-0
112,SIPQUD__ligand1436-0
113,SIPQUD__ligand384-0
114,SIPQUD__ligand4370-0
115,SIPQUD__ligand10479-0
116,SIPQUD__ligand86-0
117,SIPQUD__ligand1818-0
118,SIPQUD__ligand7456-0
119,SIPQUD__ligand124-0
120,SIPQUD__ligand119-0
121,SIPQUD__ligand5758-0
122,SIPQUD__ligand6-0
123,SIPQUD__ligand3852-0
124,SIPQUD__ligand3478-0
125,SIPQUD__ligand279-0
126,SIPQUD__ligand9176-0
127,SIPQUD__ligand178-0
128,SIPQUD__ligand1493-0
129,SIPQUD__ligand3070-0
130,SIPQUD__ligand3035-0
131,SIPQUD__ligand321-0
132,SIPQUD__ligand62-0
133,SIPQUD__ligand2718-0
134,SIPQUD__ligand5235-0
135,SIPQUD__ligand6143-0
136,SIPQUD__ligand4619-0
137,SIPQUD__ligand100-0
138,SIPQUD__ligand3251-0
139,SIPQUD__ligand244-0
140,SIPQUD__ligand201-0
141,SIPQUD__ligand1038-0
142,SIPQUD__ligand2762-0
143,SIPQUD__ligand18-0
144,SIPQUD__ligand2954-0
145,SIPQUD__ligand5093-0
146,SIPQUD__ligand596-0
147,SIPQUD__ligand2253-0
148,SIPQUD__ligand1160-0
149,SIPQUD__ligand612-0
150,SIPQUD__ligand187-0
151,SIPQUD__ligand366-0
152,SIPQUD__ligand861-0
153,SIPQUD__ligand7550-0
154,SIPQUD__ligand1555-0
155,SIPQUD__ligand4-0
156,SIPQUD__ligand1285-0
157,SIPQUD__ligand7630-0
158,SIPQUD__ligand3890-0
159,SIPQUD__ligand126-0
160,SIPQUD__ligand1907-0
161,SIPQUD__ligand4423-0
162,SIPQUD__ligand1479-0
163,SIPQUD__ligand1148-0
164,SIPQUD__ligand682-0
165,SIPQUD__ligand3246-0
166,SIPQUD__ligand8-0
167,SIPQUD__ligand48-0
168,SIPQUD__ligand1114-0
169,SIPQUD__ligand133-0
170,SIPQUD__ligand1538-0
171,SIPQUD__ligand29-0
172,SIPQUD__ligand447-0
173,SIPQUD__ligand91-0
174,SIPQUD__ligand487-0
175,SIPQUD__ligand51-0
176,SIPQUD__ligand1228-0
177,SIPQUD__ligand522-0
178,SIPQUD__ligand9244-0
179,SIPQUD__ligand666-0
180,SIPQUD__ligand355-0
181,SIPQUD__ligand784-0
182,SIPQUD__ligand3041-0
183,SIPQUD__ligand485-0
184,SIPQUD__ligand2634-0
185,SIPQUD__ligand1542-0
186,SIPQUD__ligand2751-0
187,SIPQUD__ligand115-0
188,SIPQUD__ligand3145-0
189,SIPQUD__ligand5548-0
190,SIPQUD__ligand7915-0
191,SIPQUD__ligand1747-0
192,SIPQUD__ligand6686-0
193,SIPQUD__ligand6502-0
194,SIPQUD__ligand2098-0
195,SIPQUD__ligand2863-0
196,SIPQUD__ligand32-0
197,SIPQUD__ligand3178-0
198,SIPQUD__ligand291-0
199,SIPQUD__ligand6332-0
200,SIPQUD__ligand1706-0
201,SIPQUD__ligand3734-0
202,SIPQUD__ligand210-0
203,SIPQUD__ligand2629-0
204,SIPQUD__ligand4381-0
205,SIPQUD__ligand73-0
206,SIPQUD__ligand2259-0
207,SIPQUD__ligand2688-0
208,SIPQUD__ligand481-0
209,SIPQUD__ligand2768-0
210,SIPQUD__ligand57-0
211,SIPQUD__ligand314-0
212,SIPQUD__ligand1376-0
213,SIPQUD__ligand6277-0
214,SIPQUD__ligand391-0
215,SIPQUD__ligand1951-0
216,SIPQUD__ligand170-0
217,SIPQUD__ligand1687-0
218,SIPQUD__ligand1048-0
219,SIPQUD__ligand95-0
220,SIPQUD__ligand2087-0
221,SIPQUD__ligand3757-0
222,SIPQUD__ligand1685-0
223,SIPQUD__ligand236-0
224,SIPQUD__ligand1544-0
225,SIPQUD__ligand55-0
226,SIPQUD__ligand353-0
227,SIPQUD__ligand1459-0
228,SIPQUD__ligand502-0
229,SIPQUD__ligand196-0
230,SIPQUD__ligand5801-0
231,SIPQUD__ligand1438-0
232,SIPQUD__ligand34-0
233,SIPQUD__ligand3063-0
234,SIPQUD__ligand422-0
235,SIPQUD__ligand1171-0
236,SIPQUD__ligand113-0
237,SIPQUD__ligand1727-0
238,SIPQUD__ligand92-0
239,SIPQUD__ligand444-0
240,SIPQUD__ligand369-0
241,SIPQUD__ligand188-0
242,SIPQUD__ligand1152-0
243,SIPQUD__ligand1607-0
244,SIPQUD__ligand311-0
245,SIPQUD__ligand17-0
246,SIPQUD__ligand8921-0
247,SIPQUD__ligand2285-0
248,SIPQUD__ligand1567-0
249,SIPQUD__ligand2510-0
250,SIPQUD__ligand2320-0
251,SIPQUD__ligand1056-0
252,SIPQUD__ligand2862-0
253,SIPQUD__ligand370-0
254,SIPQUD__ligand460-0
255,SIPQUD__ligand1703-0
256,SIPQUD__ligand2430-0
257,SIPQUD__ligand250-0
258,SIPQUD__ligand2907-0
259,SIPQUD__ligand49-0
260,SIPQUD__ligand252-0
261,SIPQUD__ligand7464-0
262,SIPQUD__ligand955-0
263,SIPQUD__ligand1598-0
264,SIPQUD__ligand193-0
265,SIPQUD__ligand4303-0
266,SIPQUD__ligand1248-0
267,SIPQUD__ligand6294-0
268,SIPQUD__ligand89-0
269,SIPQUD__ligand830-0
270,SIPQUD__ligand1054-0
271,SIPQUD__ligand3637-0
272,SIPQUD__ligand909-0
273,SIPQUD__ligand851-0
274,SIPQUD__ligand8774-0
275,SIPQUD__ligand934-0
276,SIPQUD__ligand177-0
277,SIPQUD__ligand11-0
278,SIPQUD__ligand352-0
279,SIPQUD__ligand783-0
280,SIPQUD__ligand1169-0
281,SIPQUD__ligand5022-0
282,SIPQUD__ligand136-0
283,SIPQUD__ligand868-0
284,SIPQUD__ligand2880-0
285,SIPQUD__ligand5941-0
286,SIPQUD__ligand2838-0
287,SIPQUD__ligand1799-0
288,SIPQUD__ligand3838-0
289,SIPQUD__ligand442-0
290,SIPQUD__ligand112-0
291,SIPQUD__ligand2142-0
292,SIPQUD__ligand6151-0
293,SIPQUD__ligand2772-0
294,SIPQUD__ligand9495-0
295,SIPQUD__ligand6538-0
296,SIPQUD__ligand2864-0
297,SIPQUD__ligand197-0
298,SIPQUD__ligand296-0
299,SIPQUD__ligand331-0
300,SIPQUD__ligand1052-0
301,SIPQUD__ligand294-0
302,SIPQUD__ligand993-0
303,SIPQUD__ligand1273-0
304,SIPQUD__ligand11730-0
305,SIPQUD__ligand584-0
306,SIPQUD__ligand916-0
307,SIPQUD__ligand798-0
308,SIPQUD__ligand421-0
309,SIPQUD__ligand1113-0
310,SIPQUD__ligand932-0
311,SIPQUD__ligand2265-0
312,SIPQUD__ligand134-0
313,SIPQUD__ligand6396-0
314,SIPQUD__ligand235-0
315,SIPQUD__ligand9027-0
316,SIPQUD__ligand390-0
317,SIPQUD__ligand2794-0
318,SIPQUD__ligand2345-0
319,SIPQUD__ligand1835-0
320,SIPQUD__ligand4983-0
321,SIPQUD__ligand560-0
322,SIPQUD__ligand525-0
323,SIPQUD__ligand1502-0
324,SIPQUD__ligand109-0
