,TMC
0,XADWEF__ligand845-0
1,XADWEF__ligand25650-0
2,XADWEF__ligand31248-0
3,XADWEF__ligand7762-0
4,XADWEF__ligand5080-0
5,XADWEF__ligand12660-0
6,XADWEF__ligand1407-0
7,XADWEF__ligand6117-0
8,XADWEF__ligand5509-0
9,XADWEF__ligand13209-0
10,XADWEF__ligand19257-0
11,XADWEF__ligand8002-0
12,XADWEF__ligand25735-0
13,XADWEF__ligand12519-0
14,XADWEF__ligand163-0
15,XADWEF__ligand126-0
16,XADWEF__ligand2822-0
17,XADWEF__ligand7293-0
18,XADWEF__ligand1317-0
19,XADWEF__ligand3867-0
20,XADWEF__ligand23124-0
21,XADWEF__ligand11206-0
22,XADWEF__ligand2238-0
23,XADWEF__ligand5304-0
24,XADWEF__ligand9167-0
25,XADWEF__ligand23906-0
26,XADWEF__ligand11166-0
27,XADWEF__ligand5510-0
28,XADWEF__ligand57-0
29,XADWEF__ligand1376-0
30,XADWEF__ligand9773-0
31,XADWEF__ligand596-0
32,XADWEF__ligand941-0
33,XADWEF__ligand21132-0
34,XADWEF__ligand5099-0
35,XADWEF__ligand777-0
36,XADWEF__ligand8592-0
37,XADWEF__ligand1197-0
38,XADWEF__ligand30539-0
39,XADWEF__ligand2259-0
40,XADWEF__ligand1296-0
41,XADWEF__ligand25689-0
42,XADWEF__ligand2221-0
43,XADWEF__ligand21787-0
44,XADWEF__ligand366-0
45,XADWEF__ligand25575-0
46,XADWEF__ligand3120-0
47,XADWEF__ligand3926-0
48,XADWEF__ligand4358-0
49,XADWEF__ligand657-0
50,XADWEF__ligand187-0
51,XADWEF__ligand27835-0
52,XADWEF__ligand12295-0
53,XADWEF__ligand4101-0
54,XADWEF__ligand5595-0
55,XADWEF__ligand1211-0
56,XADWEF__ligand321-0
57,XADWEF__ligand18391-0
58,XADWEF__ligand27169-0
59,XADWEF__ligand6892-0
60,XADWEF__ligand14523-0
61,XADWEF__ligand279-0
62,XADWEF__ligand2881-0
63,XADWEF__ligand185-0
64,XADWEF__ligand27074-0
65,XADWEF__ligand1499-0
66,XADWEF__ligand1464-0
67,XADWEF__ligand3712-0
68,XADWEF__ligand20599-0
69,XADWEF__ligand178-0
70,XADWEF__ligand68-0
71,XADWEF__ligand22981-0
72,XADWEF__ligand25805-0
73,XADWEF__ligand21936-0
74,XADWEF__ligand55-0
75,XADWEF__ligand13257-0
76,XADWEF__ligand6699-0
77,XADWEF__ligand23904-0
78,XADWEF__ligand201-0
79,XADWEF__ligand1294-0
80,XADWEF__ligand10084-0
81,XADWEF__ligand25267-0
82,XADWEF__ligand1168-0
83,XADWEF__ligand3632-0
84,XADWEF__ligand12467-0
85,XADWEF__ligand3677-0
86,XADWEF__ligand29610-0
87,XADWEF__ligand9883-0
88,XADWEF__ligand3677-1
89,XADWEF__ligand11140-0
90,XADWEF__ligand34-0
91,XADWEF__ligand7291-0
92,XADWEF__ligand9299-0
93,XADWEF__ligand18074-0
94,XADWEF__ligand13869-0
95,XADWEF__ligand2985-0
96,XADWEF__ligand338-0
97,XADWEF__ligand29863-0
98,XADWEF__ligand4007-0
99,XADWEF__ligand5383-0
100,XADWEF__ligand2693-0
101,XADWEF__ligand3945-0
102,XADWEF__ligand18799-0
103,XADWEF__ligand18465-0
104,XADWEF__ligand8000-0
105,XADWEF__ligand3736-0
106,XADWEF__ligand16791-0
107,XADWEF__ligand28668-0
108,XADWEF__ligand9344-0
109,XADWEF__ligand1599-0
110,XADWEF__ligand21421-0
111,XADWEF__ligand384-0
112,XADWEF__ligand14586-0
113,XADWEF__ligand2612-0
114,XADWEF__ligand11774-0
115,XADWEF__ligand20579-0
116,XADWEF__ligand17710-0
117,XADWEF__ligand9450-0
118,XADWEF__ligand11568-0
119,XADWEF__ligand31483-0
120,XADWEF__ligand10555-0
121,XADWEF__ligand48-0
122,XADWEF__ligand768-0
123,XADWEF__ligand24613-0
124,XADWEF__ligand2203-0
125,XADWEF__ligand5387-0
126,XADWEF__ligand19725-0
127,XADWEF__ligand1289-0
128,XADWEF__ligand2417-0
129,XADWEF__ligand91-0
130,XADWEF__ligand1114-0
131,XADWEF__ligand13072-0
132,XADWEF__ligand9284-0
133,XADWEF__ligand3126-0
134,XADWEF__ligand6391-0
135,XADWEF__ligand12336-0
136,XADWEF__ligand17240-0
137,XADWEF__ligand9943-0
138,XADWEF__ligand1228-0
139,XADWEF__ligand17590-0
140,XADWEF__ligand1604-0
141,XADWEF__ligand240-0
142,XADWEF__ligand8788-0
143,XADWEF__ligand1832-0
144,XADWEF__ligand141-0
145,XADWEF__ligand2043-0
146,XADWEF__ligand51-0
147,XADWEF__ligand18699-0
148,XADWEF__ligand12682-0
149,XADWEF__ligand25224-0
150,XADWEF__ligand18013-0
151,XADWEF__ligand5708-0
152,XADWEF__ligand7316-0
153,XADWEF__ligand17945-0
154,XADWEF__ligand31578-0
155,XADWEF__ligand17207-0
156,XADWEF__ligand6017-0
157,XADWEF__ligand5180-0
158,XADWEF__ligand16-0
159,XADWEF__ligand24750-0
160,XADWEF__ligand693-0
161,XADWEF__ligand15438-0
162,XADWEF__ligand9323-0
163,XADWEF__ligand28924-0
164,XADWEF__ligand7273-0
165,XADWEF__ligand7172-0
166,XADWEF__ligand29087-0
167,XADWEF__ligand2124-0
168,XADWEF__ligand8612-0
169,XADWEF__ligand3225-0
170,XADWEF__ligand1153-0
171,XADWEF__ligand1116-0
172,XADWEF__ligand7092-0
173,XADWEF__ligand2260-0
174,XADWEF__ligand18703-0
175,XADWEF__ligand24064-0
176,XADWEF__ligand23589-0
177,XADWEF__ligand8793-0
178,XADWEF__ligand2788-0
179,XADWEF__ligand5649-0
180,XADWEF__ligand4649-0
181,XADWEF__ligand4711-0
182,XADWEF__ligand3244-0
183,XADWEF__ligand15168-0
184,XADWEF__ligand2906-0
185,XADWEF__ligand3178-0
186,XADWEF__ligand29898-0
187,XADWEF__ligand26277-0
188,XADWEF__ligand757-0
189,XADWEF__ligand11432-0
190,XADWEF__ligand31618-0
191,XADWEF__ligand10432-0
192,XADWEF__ligand4807-0
193,XADWEF__ligand22755-0
194,XADWEF__ligand5159-0
195,XADWEF__ligand8-0
196,XADWEF__ligand7196-0
197,XADWEF__ligand9753-0
198,XADWEF__ligand122-0
199,XADWEF__ligand32-0
200,XADWEF__ligand5530-0
201,XADWEF__ligand1356-0
202,XADWEF__ligand1787-0
203,XADWEF__ligand8529-0
204,XADWEF__ligand358-0
205,XADWEF__ligand1169-0
206,XADWEF__ligand430-0
207,XADWEF__ligand488-0
208,XADWEF__ligand20251-1
209,XADWEF__ligand11-0
210,XADWEF__ligand16475-0
211,XADWEF__ligand14703-0
212,XADWEF__ligand694-0
213,XADWEF__ligand4596-0
214,XADWEF__ligand17398-0
215,XADWEF__ligand1498-0
216,XADWEF__ligand20598-0
217,XADWEF__ligand11675-0
218,XADWEF__ligand24047-0
219,XADWEF__ligand69-0
220,XADWEF__ligand10589-0
221,XADWEF__ligand22557-0
222,XADWEF__ligand9615-0
223,XADWEF__ligand20011-0
224,XADWEF__ligand17278-0
225,XADWEF__ligand17982-0
226,XADWEF__ligand29414-0
227,XADWEF__ligand1154-0
228,XADWEF__ligand670-0
229,XADWEF__ligand29568-0
230,XADWEF__ligand4262-0
231,XADWEF__ligand14889-0
232,XADWEF__ligand534-0
233,XADWEF__ligand571-0
234,XADWEF__ligand1028-0
235,XADWEF__ligand30851-0
236,XADWEF__ligand20419-0
237,XADWEF__ligand2692-0
238,XADWEF__ligand21371-0
239,XADWEF__ligand17118-0
240,XADWEF__ligand1618-0
241,XADWEF__ligand28789-0
242,XADWEF__ligand14117-0
243,XADWEF__ligand17261-0
244,XADWEF__ligand1050-0
245,XADWEF__ligand1015-0
246,XADWEF__ligand20539-0
247,XADWEF__ligand30702-0
248,XADWEF__ligand20214-0
249,XADWEF__ligand20251-0
250,XADWEF__ligand2027-0
251,XADWEF__ligand21581-0
252,XADWEF__ligand31097-0
253,XADWEF__ligand13390-0
254,XADWEF__ligand3180-0
255,XADWEF__ligand416-0
256,XADWEF__ligand2281-0
257,XADWEF__ligand2650-0
258,XADWEF__ligand4340-0
259,XADWEF__ligand383-0
260,XADWEF__ligand162-0
261,XADWEF__ligand2823-0
262,XADWEF__ligand20682-0
263,XADWEF__ligand226-0
264,XADWEF__ligand6995-0
265,XADWEF__ligand4124-0
266,XADWEF__ligand4161-0
267,XADWEF__ligand3471-0
268,XADWEF__ligand26810-0
269,XADWEF__ligand27482-0
270,XADWEF__ligand13208-0
271,XADWEF__ligand5415-0
272,XADWEF__ligand656-0
273,XADWEF__ligand5201-0
274,XADWEF__ligand31832-0
275,XADWEF__ligand13294-0
276,XADWEF__ligand1113-0
277,XADWEF__ligand12030-0
278,XADWEF__ligand8553-0
279,XADWEF__ligand14248-0
280,XADWEF__ligand29879-0
281,XADWEF__ligand28884-0
282,XADWEF__ligand13331-0
283,XADWEF__ligand9944-0
284,XADWEF__ligand8593-0
285,XADWEF__ligand14174-0
286,XADWEF__ligand10712-0
287,XADWEF__ligand11456-0
288,XADWEF__ligand7566-0
289,XADWEF__ligand25411-0
290,XADWEF__ligand696-0
291,XADWEF__ligand2001-0
292,XADWEF__ligand1216-0
293,XADWEF__ligand14108-0
294,XADWEF__ligand3261-0
295,XADWEF__ligand1152-0
296,XADWEF__ligand5019-0
297,XADWEF__ligand326-0
298,XADWEF__ligand1849-0
299,XADWEF__ligand12641-0
300,XADWEF__ligand10958-0
301,XADWEF__ligand5515-0
302,XADWEF__ligand17-0
303,XADWEF__ligand6663-0
304,XADWEF__ligand5614-0
305,XADWEF__ligand5280-0
306,XADWEF__ligand28676-0
307,XADWEF__ligand1831-0
308,XADWEF__ligand10262-0
309,XADWEF__ligand27763-0
310,XADWEF__ligand692-0
311,XADWEF__ligand18814-0
312,XADWEF__ligand19057-0
313,XADWEF__ligand436-0
314,XADWEF__ligand29302-0
315,XADWEF__ligand13425-0
316,XADWEF__ligand18292-0
317,XADWEF__ligand12289-0
318,XADWEF__ligand26702-0
319,XADWEF__ligand13658-0
320,XADWEF__ligand5630-0
321,XADWEF__ligand17387-0
322,XADWEF__ligand12130-0
323,XADWEF__ligand1786-0
324,XADWEF__ligand12231-0
325,XADWEF__ligand12401-0
326,XADWEF__ligand3285-0
327,XADWEF__ligand4795-0
328,XADWEF__ligand15585-0
329,XADWEF__ligand24145-0
330,XADWEF__ligand10476-0
331,XADWEF__ligand1908-0
332,XADWEF__ligand13068-0
333,XADWEF__ligand19830-0
334,XADWEF__ligand24185-0
335,XADWEF__ligand4710-0
336,XADWEF__ligand5755-0
337,XADWEF__ligand23769-0
338,XADWEF__ligand497-0
339,XADWEF__ligand3144-0
340,XADWEF__ligand25178-0
341,XADWEF__ligand5085-0
342,XADWEF__ligand17302-0
343,XADWEF__ligand6112-0
344,XADWEF__ligand633-0
345,XADWEF__ligand8042-0
346,XADWEF__ligand1397-0
347,XADWEF__ligand17805-0
348,XADWEF__ligand7213-0
349,XADWEF__ligand1828-0
350,XADWEF__ligand14603-0
351,XADWEF__ligand14297-0
352,XADWEF__ligand17258-0
353,XADWEF__ligand17631-0
354,XADWEF__ligand13012-0
355,XADWEF__ligand26665-0
356,XADWEF__ligand300-0
357,XADWEF__ligand1288-0
358,XADWEF__ligand4167-0
359,XADWEF__ligand49-0
360,XADWEF__ligand31783-0
361,XADWEF__ligand9491-0
362,XADWEF__ligand4266-0
363,XADWEF__ligand1400-0
364,XADWEF__ligand588-0
365,XADWEF__ligand14723-0
366,XADWEF__ligand27893-0
367,XADWEF__ligand9750-0
368,XADWEF__ligand199-0
369,XADWEF__ligand12934-0
370,XADWEF__ligand1817-0
371,XADWEF__ligand20578-0
372,XADWEF__ligand6993-0
373,XADWEF__ligand15422-0
374,XADWEF__ligand1779-0
375,XADWEF__ligand19641-0
376,XADWEF__ligand89-0
377,XADWEF__ligand27175-0
378,XADWEF__ligand1149-0
379,XADWEF__ligand18832-0
380,XADWEF__ligand23713-0
381,XADWEF__ligand3557-0
382,XADWEF__ligand3980-0
383,XADWEF__ligand7075-0
384,XADWEF__ligand30988-0
385,XADWEF__ligand27460-0
386,XADWEF__ligand3042-0
387,XADWEF__ligand12427-0
388,XADWEF__ligand28468-0
389,XADWEF__ligand20740-0
390,XADWEF__ligand4063-0
391,XADWEF__ligand16628-0
392,XADWEF__ligand8200-0
393,XADWEF__ligand7438-0
394,XADWEF__ligand361-0
395,XADWEF__ligand324-0
396,XADWEF__ligand30296-0
397,XADWEF__ligand17281-0
398,XADWEF__ligand1150-0
399,XADWEF__ligand409-0
400,XADWEF__ligand26540-0
401,XADWEF__ligand1539-0
402,XADWEF__ligand12337-0
403,XADWEF__ligand29410-0
404,XADWEF__ligand4207-0
405,XADWEF__ligand30333-0
406,XADWEF__ligand3416-0
407,XADWEF__ligand12606-0
408,XADWEF__ligand3453-0
409,XADWEF__ligand5483-0
410,XADWEF__ligand28459-0
411,XADWEF__ligand12453-0
412,XADWEF__ligand18448-0
413,XADWEF__ligand5316-0
414,XADWEF__ligand24-0
415,XADWEF__ligand2830-0
416,XADWEF__ligand19184-0
417,XADWEF__ligand134-0
418,XADWEF__ligand5627-0
419,XADWEF__ligand235-0
420,XADWEF__ligand1729-0
421,XADWEF__ligand560-0
422,XADWEF__ligand7529-0
423,XADWEF__ligand13672-0
424,XADWEF__ligand19-0
425,XADWEF__ligand6946-0
426,XADWEF__ligand1415-0
427,XADWEF__ligand18568-0
428,XADWEF__ligand28685-0
429,XADWEF__ligand9148-0
430,XADWEF__ligand10371-0
431,XADWEF__ligand78-0
432,XADWEF__ligand294-0
433,XADWEF__ligand23197-0
434,XADWEF__ligand2403-0
435,XADWEF__ligand27285-0
436,XADWEF__ligand29029-0
437,XADWEF__ligand6455-0
438,XADWEF__ligand6882-0
439,XADWEF__ligand3934-0
440,XADWEF__ligand4332-0
441,XADWEF__ligand14167-0
442,XADWEF__ligand13477-0
443,XADWEF__ligand27669-0
444,XADWEF__ligand421-0
445,XADWEF__ligand30142-0
446,XADWEF__ligand9681-0
447,XADWEF__ligand685-0
448,XADWEF__ligand1065-0
449,XADWEF__ligand7530-0
450,XADWEF__ligand1449-0
451,XADWEF__ligand3012-0
452,XADWEF__ligand45-0
453,XADWEF__ligand24230-0
454,XADWEF__ligand28810-0
455,XADWEF__ligand11447-0
456,XADWEF__ligand11096-0
457,XADWEF__ligand19792-0
458,XADWEF__ligand2599-0
459,XADWEF__ligand10828-0
460,XADWEF__ligand15926-0
461,XADWEF__ligand4330-0
462,XADWEF__ligand4194-0
463,XADWEF__ligand11970-0
464,XADWEF__ligand15883-0
465,XADWEF__ligand7532-0
466,XADWEF__ligand22294-0
467,XADWEF__ligand197-0
468,XADWEF__ligand22168-0
469,XADWEF__ligand28930-0
470,XADWEF__ligand2068-0
471,XADWEF__ligand7925-0
472,XADWEF__ligand21919-0
473,XADWEF__ligand12365-0
474,XADWEF__ligand3973-0
475,XADWEF__ligand10056-0
476,XADWEF__ligand13862-0
477,XADWEF__ligand11357-0
478,XADWEF__ligand28743-0
479,XADWEF__ligand1147-0
480,XADWEF__ligand15531-0
481,XADWEF__ligand7107-0
482,XADWEF__ligand24035-0
483,XADWEF__ligand11994-0
484,XADWEF__ligand31044-0
485,XADWEF__ligand31842-0
486,XADWEF__ligand783-0
487,XADWEF__ligand352-0
488,XADWEF__ligand16663-0
489,XADWEF__ligand3215-0
490,XADWEF__ligand14614-0
491,XADWEF__ligand6062-0
492,XADWEF__ligand868-0
493,XADWEF__ligand16988-0
494,XADWEF__ligand25913-0
495,XADWEF__ligand4813-0
496,XADWEF__ligand5813-0
497,XADWEF__ligand4738-0
498,XADWEF__ligand30711-0
499,XADWEF__ligand20207-0
500,XADWEF__ligand11682-0
501,XADWEF__ligand6283-0
502,XADWEF__ligand24644-0
503,XADWEF__ligand5892-0
504,XADWEF__ligand5094-0
505,XADWEF__ligand10033-0
506,XADWEF__ligand12001-0
507,XADWEF__ligand1712-0
508,XADWEF__ligand30728-0
509,XADWEF__ligand4131-0
510,XADWEF__ligand27840-0
511,XADWEF__ligand909-0
512,XADWEF__ligand24872-0
513,XADWEF__ligand177-0
514,XADWEF__ligand11587-0
515,XADWEF__ligand13220-0
516,XADWEF__ligand67-0
517,XADWEF__ligand23175-0
518,XADWEF__ligand15788-0
519,XADWEF__ligand17396-0
520,XADWEF__ligand1496-0
521,XADWEF__ligand7557-0
522,XADWEF__ligand13385-0
523,XADWEF__ligand14569-0
524,XADWEF__ligand1533-0
525,XADWEF__ligand24111-0
526,XADWEF__ligand22444-0
527,XADWEF__ligand3350-0
528,XADWEF__ligand2781-0
529,XADWEF__ligand7573-0
530,XADWEF__ligand252-0
531,XADWEF__ligand1327-0
532,XADWEF__ligand6672-0
533,XADWEF__ligand17427-0
534,XADWEF__ligand9809-0
535,XADWEF__ligand43-0
536,XADWEF__ligand116-0
537,XADWEF__ligand8722-0
538,XADWEF__ligand31694-0
539,XADWEF__ligand2208-0
540,XADWEF__ligand3208-0
541,XADWEF__ligand29486-0
542,XADWEF__ligand1900-0
543,XADWEF__ligand25561-0
544,XADWEF__ligand9197-0
545,XADWEF__ligand372-0
546,XADWEF__ligand830-0
547,XADWEF__ligand3029-0
548,XADWEF__ligand11949-0
549,XADWEF__ligand7162-0
550,XADWEF__ligand12138-0
551,XADWEF__ligand193-0
552,XADWEF__ligand2328-0
553,XADWEF__ligand24780-0
554,XADWEF__ligand1-0
555,XADWEF__ligand4581-0
556,XADWEF__ligand22129-0
557,XADWEF__ligand1773-0
558,XADWEF__ligand21729-0
559,XADWEF__ligand27239-0
560,XADWEF__ligand370-0
561,XADWEF__ligand5849-0
562,XADWEF__ligand4911-0
563,XADWEF__ligand1771-0
564,XADWEF__ligand19927-0
565,XADWEF__ligand3-0
566,XADWEF__ligand14043-0
567,XADWEF__ligand3392-0
568,XADWEF__ligand28559-0
569,XADWEF__ligand26324-0
570,XADWEF__ligand11618-0
571,XADWEF__ligand8464-0
572,XADWEF__ligand250-0
573,XADWEF__ligand1709-0
574,XADWEF__ligand8349-0
575,XADWEF__ligand2527-0
576,XADWEF__ligand26529-0
577,XADWEF__ligand188-0
578,XADWEF__ligand1768-0
579,XADWEF__ligand27754-0
580,XADWEF__ligand20695-0
581,XADWEF__ligand3871-0
582,XADWEF__ligand28540-0
583,XADWEF__ligand11111-0
584,XADWEF__ligand16369-0
585,XADWEF__ligand1469-0
586,XADWEF__ligand1688-0
587,XADWEF__ligand22403-0
588,XADWEF__ligand3647-0
589,XADWEF__ligand5357-0
590,XADWEF__ligand4850-0
591,XADWEF__ligand5056-0
592,XADWEF__ligand479-0
593,XADWEF__ligand1165-0
594,XADWEF__ligand12003-0
595,XADWEF__ligand9525-0
596,XADWEF__ligand26631-0
597,XADWEF__ligand311-0
598,XADWEF__ligand16148-0
599,XADWEF__ligand785-0
600,XADWEF__ligand21399-0
601,XADWEF__ligand10872-0
602,XADWEF__ligand3157-0
603,XADWEF__ligand1379-0
604,XADWEF__ligand620-0
605,XADWEF__ligand29215-0
606,XADWEF__ligand370-1
607,XADWEF__ligand2722-0
608,XADWEF__ligand564-0
609,XADWEF__ligand5935-0
610,XADWEF__ligand8969-0
611,XADWEF__ligand11814-0
612,XADWEF__ligand3174-0
613,XADWEF__ligand3937-0
614,XADWEF__ligand1202-0
615,XADWEF__ligand3131-0
616,XADWEF__ligand6839-0
617,XADWEF__ligand16603-0
618,XADWEF__ligand4720-0
619,XADWEF__ligand4-0
620,XADWEF__ligand196-0
621,XADWEF__ligand16870-0
622,XADWEF__ligand3094-0
623,XADWEF__ligand4155-0
624,XADWEF__ligand11622-0
625,XADWEF__ligand5211-0
626,XADWEF__ligand3852-0
627,XADWEF__ligand2485-0
628,XADWEF__ligand11177-0
629,XADWEF__ligand6919-0
630,XADWEF__ligand15455-0
631,XADWEF__ligand686-0
632,XADWEF__ligand422-0
633,XADWEF__ligand3565-0
634,XADWEF__ligand31205-0
635,XADWEF__ligand25658-0
636,XADWEF__ligand1512-0
637,XADWEF__ligand17686-0
638,XADWEF__ligand5331-0
639,XADWEF__ligand1844-0
640,XADWEF__ligand4661-0
641,XADWEF__ligand11252-0
642,XADWEF__ligand3718-0
643,XADWEF__ligand1343-0
644,XADWEF__ligand3876-0
645,XADWEF__ligand3035-0
646,XADWEF__ligand6616-0
647,XADWEF__ligand10582-0
648,XADWEF__ligand13260-0
649,XADWEF__ligand1536-0
650,XADWEF__ligand1573-0
651,XADWEF__ligand393-0
652,XADWEF__ligand9935-0
653,XADWEF__ligand3504-0
654,XADWEF__ligand19824-0
655,XADWEF__ligand1959-0
656,XADWEF__ligand18067-0
657,XADWEF__ligand353-0
658,XADWEF__ligand26673-0
659,XADWEF__ligand20821-0
660,XADWEF__ligand1263-0
661,XADWEF__ligand9908-0
662,XADWEF__ligand11606-0
663,XADWEF__ligand7106-0
664,XADWEF__ligand7242-0
665,XADWEF__ligand31000-0
666,XADWEF__ligand4442-0
667,XADWEF__ligand4093-0
668,XADWEF__ligand3954-0
669,XADWEF__ligand22353-0
670,XADWEF__ligand813-0
671,XADWEF__ligand8699-0
672,XADWEF__ligand1160-0
673,XADWEF__ligand9520-0
674,XADWEF__ligand780-0
675,XADWEF__ligand314-0
676,XADWEF__ligand9784-0
677,XADWEF__ligand19906-0
678,XADWEF__ligand19668-0
679,XADWEF__ligand7629-0
680,XADWEF__ligand18-0
681,XADWEF__ligand1451-0
682,XADWEF__ligand4272-0
683,XADWEF__ligand1790-0
684,XADWEF__ligand1304-0
685,XADWEF__ligand10151-0
686,XADWEF__ligand7280-0
687,XADWEF__ligand618-0
688,XADWEF__ligand7238-0
689,XADWEF__ligand4016-0
690,XADWEF__ligand391-0
691,XADWEF__ligand1219-0
692,XADWEF__ligand6709-0
693,XADWEF__ligand7867-0
694,XADWEF__ligand20220-0
695,XADWEF__ligand20121-0
696,XADWEF__ligand4503-0
697,XADWEF__ligand15387-0
698,XADWEF__ligand4546-0
699,XADWEF__ligand1982-0
700,XADWEF__ligand7000-0
701,XADWEF__ligand8115-0
702,XADWEF__ligand6768-0
703,XADWEF__ligand1285-0
704,XADWEF__ligand16952-0
705,XADWEF__ligand29813-0
706,XADWEF__ligand465-0
707,XADWEF__ligand27610-0
708,XADWEF__ligand10479-0
709,XADWEF__ligand11479-0
710,XADWEF__ligand2232-0
711,XADWEF__ligand9291-0
712,XADWEF__ligand2176-0
713,XADWEF__ligand29441-0
714,XADWEF__ligand10853-0
715,XADWEF__ligand314-1
716,XADWEF__ligand5256-0
717,XADWEF__ligand9833-0
718,XADWEF__ligand2828-0
719,XADWEF__ligand8876-0
720,XADWEF__ligand24851-0
721,XADWEF__ligand7648-0
722,XADWEF__ligand13657-0
723,XADWEF__ligand14347-0
724,XADWEF__ligand14302-0
725,XADWEF__ligand4157-0
726,XADWEF__ligand20530-0
727,XADWEF__ligand11698-0
728,XADWEF__ligand20942-1
729,XADWEF__ligand1615-0
730,XADWEF__ligand14226-0
731,XADWEF__ligand21339-0
732,XADWEF__ligand2526-0
733,XADWEF__ligand16956-0
734,XADWEF__ligand5036-0
735,XADWEF__ligand9952-0
736,XADWEF__ligand9111-0
737,XADWEF__ligand115-0
738,XADWEF__ligand23682-0
739,XADWEF__ligand8721-0
740,XADWEF__ligand1324-0
741,XADWEF__ligand29565-0
742,XADWEF__ligand27771-0
743,XADWEF__ligand1823-0
744,XADWEF__ligand18158-0
745,XADWEF__ligand5643-0
746,XADWEF__ligand4116-0
747,XADWEF__ligand1018-0
748,XADWEF__ligand14007-0
749,XADWEF__ligand7967-0
750,XADWEF__ligand3707-0
751,XADWEF__ligand6124-0
752,XADWEF__ligand18019-1
753,XADWEF__ligand38-0
754,XADWEF__ligand27550-0
755,XADWEF__ligand9601-0
756,XADWEF__ligand833-0
757,XADWEF__ligand8992-0
758,XADWEF__ligand1378-0
759,XADWEF__ligand29214-0
760,XADWEF__ligand11501-0
761,XADWEF__ligand11544-0
762,XADWEF__ligand6244-0
763,XADWEF__ligand21448-0
764,XADWEF__ligand784-0
765,XADWEF__ligand2915-0
766,XADWEF__ligand3156-0
767,XADWEF__ligand22357-0
768,XADWEF__ligand11758-0
769,XADWEF__ligand395-0
770,XADWEF__ligand9933-0
771,XADWEF__ligand20731-0
772,XADWEF__ligand1530-0
773,XADWEF__ligand12413-0
774,XADWEF__ligand1575-0
775,XADWEF__ligand29334-0
776,XADWEF__ligand11798-0
777,XADWEF__ligand1631-0
778,XADWEF__ligand368-0
779,XADWEF__ligand2332-0
780,XADWEF__ligand14477-0
781,XADWEF__ligand17069-0
782,XADWEF__ligand9441-0
783,XADWEF__ligand17445-0
784,XADWEF__ligand16133-0
785,XADWEF__ligand13755-0
786,XADWEF__ligand447-0
787,XADWEF__ligand27122-0
788,XADWEF__ligand20432-0
789,XADWEF__ligand1577-0
790,XADWEF__ligand6067-0
791,XADWEF__ligand2295-0
792,XADWEF__ligand746-0
793,XADWEF__ligand24953-0
794,XADWEF__ligand23445-0
795,XADWEF__ligand21940-0
796,XADWEF__ligand176-0
797,XADWEF__ligand25048-0
798,XADWEF__ligand66-0
799,XADWEF__ligand4620-0
800,XADWEF__ligand3465-0
801,XADWEF__ligand30004-0
802,XADWEF__ligand20557-0
803,XADWEF__ligand3721-0
804,XADWEF__ligand6904-0
805,XADWEF__ligand6596-0
806,XADWEF__ligand6102-0
807,XADWEF__ligand7819-0
808,XADWEF__ligand487-0
809,XADWEF__ligand2917-0
810,XADWEF__ligand2028-0
811,XADWEF__ligand8835-0
812,XADWEF__ligand7126-0
813,XADWEF__ligand506-0
814,XADWEF__ligand1142-0
815,XADWEF__ligand3234-0
816,XADWEF__ligand18757-0
817,XADWEF__ligand24560-0
818,XADWEF__ligand18413-0
819,XADWEF__ligand20844-0
820,XADWEF__ligand24624-0
821,XADWEF__ligand21752-0
822,XADWEF__ligand4641-0
823,XADWEF__ligand14339-0
824,XADWEF__ligand30788-0
825,XADWEF__ligand13691-0
826,XADWEF__ligand42-0
827,XADWEF__ligand152-0
