,TMC
0,XOGYUN__ligand16988-0
1,XOGYUN__ligand5357-0
2,XOGYUN__ligand25913-0
3,XOGYUN__ligand3647-0
4,XOGYUN__ligand1688-0
5,XOGYUN__ligand5056-0
6,XOGYUN__ligand4850-0
7,XOGYUN__ligand1768-0
8,XOGYUN__ligand11682-0
9,XOGYUN__ligand845-0
10,XOGYUN__ligand30711-0
11,XOGYUN__ligand20207-0
12,XOGYUN__ligand1469-0
13,XOGYUN__ligand38-0
14,XOGYUN__ligand3871-0
15,XOGYUN__ligand2722-0
16,XOGYUN__ligand24035-0
17,XOGYUN__ligand1379-0
18,XOGYUN__ligand31842-0
19,XOGYUN__ligand5935-0
20,XOGYUN__ligand31044-0
21,XOGYUN__ligand11994-0
22,XOGYUN__ligand126-0
23,XOGYUN__ligand16663-0
24,XOGYUN__ligand163-0
25,XOGYUN__ligand9525-0
26,XOGYUN__ligand1165-0
27,XOGYUN__ligand14614-0
28,XOGYUN__ligand3157-0
29,XOGYUN__ligand777-0
30,XOGYUN__ligand28930-0
31,XOGYUN__ligand22168-0
32,XOGYUN__ligand4911-0
33,XOGYUN__ligand22294-0
34,XOGYUN__ligand1771-0
35,XOGYUN__ligand21919-0
36,XOGYUN__ligand3392-0
37,XOGYUN__ligand10056-0
38,XOGYUN__ligand12365-0
39,XOGYUN__ligand941-0
40,XOGYUN__ligand13862-0
41,XOGYUN__ligand11357-0
42,XOGYUN__ligand596-0
43,XOGYUN__ligand5849-0
44,XOGYUN__ligand15531-0
45,XOGYUN__ligand28743-0
46,XOGYUN__ligand28810-0
47,XOGYUN__ligand11096-0
48,XOGYUN__ligand11447-0
49,XOGYUN__ligand657-0
50,XOGYUN__ligand24230-0
51,XOGYUN__ligand2527-0
52,XOGYUN__ligand15926-0
53,XOGYUN__ligand187-0
54,XOGYUN__ligand4-0
55,XOGYUN__ligand19792-0
56,XOGYUN__ligand10828-0
57,XOGYUN__ligand366-0
58,XOGYUN__ligand11970-0
59,XOGYUN__ligand8349-0
60,XOGYUN__ligand1709-0
61,XOGYUN__ligand15883-0
62,XOGYUN__ligand8464-0
63,XOGYUN__ligand279-0
64,XOGYUN__ligand14167-0
65,XOGYUN__ligand13477-0
66,XOGYUN__ligand185-0
67,XOGYUN__ligand178-0
68,XOGYUN__ligand30142-0
69,XOGYUN__ligand27669-0
70,XOGYUN__ligand3208-0
71,XOGYUN__ligand2208-0
72,XOGYUN__ligand2781-0
73,XOGYUN__ligand7573-0
74,XOGYUN__ligand3350-0
75,XOGYUN__ligand8722-0
76,XOGYUN__ligand321-0
77,XOGYUN__ligand1327-0
78,XOGYUN__ligand9809-0
79,XOGYUN__ligand6672-0
80,XOGYUN__ligand66-0
81,XOGYUN__ligand23197-0
82,XOGYUN__ligand7162-0
83,XOGYUN__ligand3029-0
84,XOGYUN__ligand4581-0
85,XOGYUN__ligand1773-0
86,XOGYUN__ligand2328-0
87,XOGYUN__ligand9197-0
88,XOGYUN__ligand1900-0
89,XOGYUN__ligand27285-0
90,XOGYUN__ligand29029-0
91,XOGYUN__ligand201-0
92,XOGYUN__ligand13672-0
93,XOGYUN__ligand1712-0
94,XOGYUN__ligand4131-0
95,XOGYUN__ligand28685-0
96,XOGYUN__ligand18568-0
97,XOGYUN__ligand42-0
98,XOGYUN__ligand338-0
99,XOGYUN__ligand5892-0
100,XOGYUN__ligand5094-0
101,XOGYUN__ligand10371-0
102,XOGYUN__ligand18448-0
103,XOGYUN__ligand12453-0
104,XOGYUN__ligand28459-0
105,XOGYUN__ligand1533-0
106,XOGYUN__ligand19184-0
107,XOGYUN__ligand7557-0
108,XOGYUN__ligand1496-0
109,XOGYUN__ligand3215-0
110,XOGYUN__ligand26631-0
111,XOGYUN__ligand16148-0
112,XOGYUN__ligand12003-0
113,XOGYUN__ligand21399-0
114,XOGYUN__ligand10872-0
115,XOGYUN__ligand29215-0
116,XOGYUN__ligand7107-0
117,XOGYUN__ligand384-0
118,XOGYUN__ligand768-0
119,XOGYUN__ligand20695-0
120,XOGYUN__ligand27754-0
121,XOGYUN__ligand16369-0
122,XOGYUN__ligand6283-0
123,XOGYUN__ligand28540-0
124,XOGYUN__ligand11111-0
125,XOGYUN__ligand22403-0
126,XOGYUN__ligand6062-0
127,XOGYUN__ligand4738-0
128,XOGYUN__ligand5813-0
129,XOGYUN__ligand4813-0
130,XOGYUN__ligand11618-0
131,XOGYUN__ligand4194-0
132,XOGYUN__ligand7532-0
133,XOGYUN__ligand4330-0
134,XOGYUN__ligand26529-0
135,XOGYUN__ligand2599-0
136,XOGYUN__ligand21729-0
137,XOGYUN__ligand240-0
138,XOGYUN__ligand27239-0
139,XOGYUN__ligand3973-0
140,XOGYUN__ligand141-0
141,XOGYUN__ligand1147-0
142,XOGYUN__ligand19927-0
143,XOGYUN__ligand28559-0
144,XOGYUN__ligand26324-0
145,XOGYUN__ligand7925-0
146,XOGYUN__ligand14043-0
147,XOGYUN__ligand2068-0
148,XOGYUN__ligand6455-0
149,XOGYUN__ligand6882-0
150,XOGYUN__ligand25561-0
151,XOGYUN__ligand3934-0
152,XOGYUN__ligand693-0
153,XOGYUN__ligand11949-0
154,XOGYUN__ligand22129-0
155,XOGYUN__ligand12138-0
156,XOGYUN__ligand24780-0
157,XOGYUN__ligand2403-0
158,XOGYUN__ligand7530-0
159,XOGYUN__ligand1065-0
160,XOGYUN__ligand3012-0
161,XOGYUN__ligand1449-0
162,XOGYUN__ligand18-0
163,XOGYUN__ligand17427-0
164,XOGYUN__ligand31694-0
165,XOGYUN__ligand4332-0
166,XOGYUN__ligand9681-0
167,XOGYUN__ligand29486-0
168,XOGYUN__ligand13220-0
169,XOGYUN__ligand11587-0
170,XOGYUN__ligand2830-0
171,XOGYUN__ligand1729-0
172,XOGYUN__ligand17396-0
173,XOGYUN__ligand23175-0
174,XOGYUN__ligand5627-0
175,XOGYUN__ligand15788-0
176,XOGYUN__ligand14569-0
177,XOGYUN__ligand5483-0
178,XOGYUN__ligand13385-0
179,XOGYUN__ligand5316-0
180,XOGYUN__ligand24111-0
181,XOGYUN__ligand22444-0
182,XOGYUN__ligand10033-0
183,XOGYUN__ligand9148-0
184,XOGYUN__ligand24644-0
185,XOGYUN__ligand122-0
186,XOGYUN__ligand12001-0
187,XOGYUN__ligand27840-0
188,XOGYUN__ligand757-0
189,XOGYUN__ligand7529-0
190,XOGYUN__ligand30728-0
191,XOGYUN__ligand1415-0
192,XOGYUN__ligand6946-0
193,XOGYUN__ligand24872-0
194,XOGYUN__ligand27610-0
195,XOGYUN__ligand10479-0
196,XOGYUN__ligand1142-0
197,XOGYUN__ligand3234-0
198,XOGYUN__ligand11479-0
199,XOGYUN__ligand694-0
200,XOGYUN__ligand29441-0
201,XOGYUN__ligand10853-0
202,XOGYUN__ligand67-0
203,XOGYUN__ligand24851-0
204,XOGYUN__ligand358-0
205,XOGYUN__ligand7126-0
206,XOGYUN__ligand430-0
207,XOGYUN__ligand8835-0
208,XOGYUN__ligand2028-0
209,XOGYUN__ligand20530-0
210,XOGYUN__ligand488-0
211,XOGYUN__ligand11698-0
212,XOGYUN__ligand14302-0
213,XOGYUN__ligand13657-0
214,XOGYUN__ligand14347-0
215,XOGYUN__ligand4641-0
216,XOGYUN__ligand20220-0
217,XOGYUN__ligand15387-0
218,XOGYUN__ligand20121-0
219,XOGYUN__ligand29813-0
220,XOGYUN__ligand16952-0
221,XOGYUN__ligand10151-0
222,XOGYUN__ligand4620-0
223,XOGYUN__ligand670-0
224,XOGYUN__ligand571-0
225,XOGYUN__ligand534-0
226,XOGYUN__ligand2295-0
227,XOGYUN__ligand1577-0
228,XOGYUN__ligand6067-0
229,XOGYUN__ligand22353-0
230,XOGYUN__ligand2917-0
231,XOGYUN__ligand7819-0
232,XOGYUN__ligand19668-0
233,XOGYUN__ligand3465-0
234,XOGYUN__ligand19906-0
235,XOGYUN__ligand6596-0
236,XOGYUN__ligand3721-0
237,XOGYUN__ligand6904-0
238,XOGYUN__ligand43-0
239,XOGYUN__ligand6102-0
240,XOGYUN__ligand162-0
241,XOGYUN__ligand26673-0
242,XOGYUN__ligand226-0
243,XOGYUN__ligand3156-0
244,XOGYUN__ligand20821-0
245,XOGYUN__ligand2915-0
246,XOGYUN__ligand416-0
247,XOGYUN__ligand11606-0
248,XOGYUN__ligand1378-0
249,XOGYUN__ligand6244-0
250,XOGYUN__ligand31000-0
251,XOGYUN__ligand383-0
252,XOGYUN__ligand9441-0
253,XOGYUN__ligand11252-0
254,XOGYUN__ligand2332-0
255,XOGYUN__ligand10582-0
256,XOGYUN__ligand13260-0
257,XOGYUN__ligand1530-0
258,XOGYUN__ligand1575-0
259,XOGYUN__ligand9933-0
260,XOGYUN__ligand19824-0
261,XOGYUN__ligand1631-0
262,XOGYUN__ligand18067-0
263,XOGYUN__ligand1324-0
264,XOGYUN__ligand11177-0
265,XOGYUN__ligand8721-0
266,XOGYUN__ligand5643-0
267,XOGYUN__ligand1823-0
268,XOGYUN__ligand15455-0
269,XOGYUN__ligand656-0
270,XOGYUN__ligand2526-0
271,XOGYUN__ligand5036-0
272,XOGYUN__ligand1615-0
273,XOGYUN__ligand17686-0
274,XOGYUN__ligand9952-0
275,XOGYUN__ligand25658-0
276,XOGYUN__ligand9111-0
277,XOGYUN__ligand31205-0
278,XOGYUN__ligand696-0
279,XOGYUN__ligand11814-0
280,XOGYUN__ligand9601-0
281,XOGYUN__ligand16603-0
282,XOGYUN__ligand8992-0
283,XOGYUN__ligand16870-0
284,XOGYUN__ligand1018-0
285,XOGYUN__ligand4116-0
286,XOGYUN__ligand11622-0
287,XOGYUN__ligand3707-0
288,XOGYUN__ligand6124-0
289,XOGYUN__ligand7967-0
290,XOGYUN__ligand6768-0
291,XOGYUN__ligand1-0
292,XOGYUN__ligand8115-0
293,XOGYUN__ligand7000-0
294,XOGYUN__ligand21752-0
295,XOGYUN__ligand1982-0
296,XOGYUN__ligand1285-0
297,XOGYUN__ligand14339-0
298,XOGYUN__ligand4503-0
299,XOGYUN__ligand4546-0
300,XOGYUN__ligand30788-0
301,XOGYUN__ligand19-0
302,XOGYUN__ligand326-0
303,XOGYUN__ligand13691-0
304,XOGYUN__ligand8876-0
305,XOGYUN__ligand436-0
306,XOGYUN__ligand2828-0
307,XOGYUN__ligand7648-0
308,XOGYUN__ligand9833-0
309,XOGYUN__ligand24-0
310,XOGYUN__ligand5256-0
311,XOGYUN__ligand4157-0
312,XOGYUN__ligand18757-0
313,XOGYUN__ligand24560-0
314,XOGYUN__ligand2232-0
315,XOGYUN__ligand20844-0
316,XOGYUN__ligand18413-0
317,XOGYUN__ligand2176-0
318,XOGYUN__ligand24624-0
319,XOGYUN__ligand692-0
320,XOGYUN__ligand9291-0
321,XOGYUN__ligand20557-0
322,XOGYUN__ligand30004-0
323,XOGYUN__ligand9784-0
324,XOGYUN__ligand1451-0
325,XOGYUN__ligand45-0
326,XOGYUN__ligand4272-0
327,XOGYUN__ligand7629-0
328,XOGYUN__ligand4093-0
329,XOGYUN__ligand4442-0
330,XOGYUN__ligand3954-0
331,XOGYUN__ligand9520-0
332,XOGYUN__ligand1160-0
333,XOGYUN__ligand8699-0
334,XOGYUN__ligand27122-0
335,XOGYUN__ligand20432-0
336,XOGYUN__ligand4016-0
337,XOGYUN__ligand16133-0
338,XOGYUN__ligand13755-0
339,XOGYUN__ligand633-0
340,XOGYUN__ligand7867-0
341,XOGYUN__ligand23445-0
342,XOGYUN__ligand24953-0
343,XOGYUN__ligand1219-0
344,XOGYUN__ligand6709-0
345,XOGYUN__ligand25048-0
346,XOGYUN__ligand78-0
347,XOGYUN__ligand7280-0
348,XOGYUN__ligand21940-0
349,XOGYUN__ligand1790-0
350,XOGYUN__ligand1304-0
351,XOGYUN__ligand7238-0
352,XOGYUN__ligand497-0
353,XOGYUN__ligand9935-0
354,XOGYUN__ligand12413-0
355,XOGYUN__ligand29334-0
356,XOGYUN__ligand20731-0
357,XOGYUN__ligand1536-0
358,XOGYUN__ligand1573-0
359,XOGYUN__ligand1959-0
360,XOGYUN__ligand11798-0
361,XOGYUN__ligand588-0
362,XOGYUN__ligand3504-0
363,XOGYUN__ligand1844-0
364,XOGYUN__ligand4661-0
365,XOGYUN__ligand17069-0
366,XOGYUN__ligand14477-0
367,XOGYUN__ligand3876-0
368,XOGYUN__ligand1343-0
369,XOGYUN__ligand3035-0
370,XOGYUN__ligand6616-0
371,XOGYUN__ligand17445-0
372,XOGYUN__ligand3718-0
373,XOGYUN__ligand300-0
374,XOGYUN__ligand29214-0
375,XOGYUN__ligand7106-0
376,XOGYUN__ligand11544-0
377,XOGYUN__ligand11501-0
378,XOGYUN__ligand7242-0
379,XOGYUN__ligand21448-0
380,XOGYUN__ligand22357-0
381,XOGYUN__ligand9908-0
382,XOGYUN__ligand1263-0
383,XOGYUN__ligand11758-0
384,XOGYUN__ligand199-0
385,XOGYUN__ligand4155-0
386,XOGYUN__ligand3094-0
387,XOGYUN__ligand18019-1
388,XOGYUN__ligand5211-0
389,XOGYUN__ligand14007-0
390,XOGYUN__ligand6839-0
391,XOGYUN__ligand3174-0
392,XOGYUN__ligand1202-0
393,XOGYUN__ligand3937-0
394,XOGYUN__ligand27550-0
395,XOGYUN__ligand3131-0
396,XOGYUN__ligand8969-0
397,XOGYUN__ligand4720-0
398,XOGYUN__ligand3565-0
399,XOGYUN__ligand20942-1
400,XOGYUN__ligand16956-0
401,XOGYUN__ligand14226-0
402,XOGYUN__ligand21339-0
403,XOGYUN__ligand5331-0
404,XOGYUN__ligand1512-0
405,XOGYUN__ligand3-0
406,XOGYUN__ligand6919-0
407,XOGYUN__ligand324-0
408,XOGYUN__ligand361-0
409,XOGYUN__ligand29565-0
410,XOGYUN__ligand23682-0
411,XOGYUN__ligand2485-0
412,XOGYUN__ligand409-0
413,XOGYUN__ligand3852-0
414,XOGYUN__ligand18158-0
415,XOGYUN__ligand27771-0
416,XOGYUN__ligand4711-0
417,XOGYUN__ligand3244-0
418,XOGYUN__ligand134-0
419,XOGYUN__ligand2906-0
420,XOGYUN__ligand18465-0
421,XOGYUN__ligand18799-0
422,XOGYUN__ligand235-0
423,XOGYUN__ligand16791-0
424,XOGYUN__ligand17-0
425,XOGYUN__ligand4649-0
426,XOGYUN__ligand8793-0
427,XOGYUN__ligand5649-0
428,XOGYUN__ligand2788-0
429,XOGYUN__ligand28668-0
430,XOGYUN__ligand7196-0
431,XOGYUN__ligand5159-0
432,XOGYUN__ligand29610-0
433,XOGYUN__ligand1787-0
434,XOGYUN__ligand1356-0
435,XOGYUN__ligand5530-0
436,XOGYUN__ligand11140-0
437,XOGYUN__ligand9753-0
438,XOGYUN__ligand560-0
439,XOGYUN__ligand3178-0
440,XOGYUN__ligand29863-0
441,XOGYUN__ligand18074-0
442,XOGYUN__ligand4807-0
443,XOGYUN__ligand13869-0
444,XOGYUN__ligand13257-0
445,XOGYUN__ligand5180-0
446,XOGYUN__ligand21936-0
447,XOGYUN__ligand23904-0
448,XOGYUN__ligand25267-0
449,XOGYUN__ligand7316-0
450,XOGYUN__ligand5708-0
451,XOGYUN__ligand294-0
452,XOGYUN__ligand10084-0
453,XOGYUN__ligand6017-0
454,XOGYUN__ligand12467-0
455,XOGYUN__ligand8612-0
456,XOGYUN__ligand685-0
457,XOGYUN__ligand2124-0
458,XOGYUN__ligand27169-0
459,XOGYUN__ligand14523-0
460,XOGYUN__ligand7092-0
461,XOGYUN__ligand2260-0
462,XOGYUN__ligand3225-0
463,XOGYUN__ligand1153-0
464,XOGYUN__ligand1116-0
465,XOGYUN__ligand18391-0
466,XOGYUN__ligand7273-0
467,XOGYUN__ligand27074-0
468,XOGYUN__ligand9323-0
469,XOGYUN__ligand7172-0
470,XOGYUN__ligand25805-0
471,XOGYUN__ligand22981-0
472,XOGYUN__ligand20599-0
473,XOGYUN__ligand421-0
474,XOGYUN__ligand21787-0
475,XOGYUN__ligand1114-0
476,XOGYUN__ligand25575-0
477,XOGYUN__ligand25689-0
478,XOGYUN__ligand6391-0
479,XOGYUN__ligand3126-0
480,XOGYUN__ligand9284-0
481,XOGYUN__ligand12295-0
482,XOGYUN__ligand89-0
483,XOGYUN__ligand2417-0
484,XOGYUN__ligand27835-0
485,XOGYUN__ligand1832-0
486,XOGYUN__ligand23906-0
487,XOGYUN__ligand8788-0
488,XOGYUN__ligand2043-0
489,XOGYUN__ligand21132-0
490,XOGYUN__ligand11166-0
491,XOGYUN__ligand49-0
492,XOGYUN__ligand197-0
493,XOGYUN__ligand1228-0
494,XOGYUN__ligand9943-0
495,XOGYUN__ligand30539-0
496,XOGYUN__ligand1604-0
497,XOGYUN__ligand352-0
498,XOGYUN__ligand783-0
499,XOGYUN__ligand12519-0
500,XOGYUN__ligand25735-0
501,XOGYUN__ligand11206-0
502,XOGYUN__ligand9450-0
503,XOGYUN__ligand23124-0
504,XOGYUN__ligand1599-0
505,XOGYUN__ligand2612-0
506,XOGYUN__ligand31248-0
507,XOGYUN__ligand25650-0
508,XOGYUN__ligand1289-0
509,XOGYUN__ligand2203-0
510,XOGYUN__ligand5387-0
511,XOGYUN__ligand868-0
512,XOGYUN__ligand12660-0
513,XOGYUN__ligand19257-0
514,XOGYUN__ligand13209-0
515,XOGYUN__ligand9299-0
516,XOGYUN__ligand26277-0
517,XOGYUN__ligand29898-0
518,XOGYUN__ligand4007-0
519,XOGYUN__ligand22755-0
520,XOGYUN__ligand2985-0
521,XOGYUN__ligand909-0
522,XOGYUN__ligand31618-0
523,XOGYUN__ligand11432-0
524,XOGYUN__ligand10432-0
525,XOGYUN__ligand3677-1
526,XOGYUN__ligand9883-0
527,XOGYUN__ligand69-0
528,XOGYUN__ligand7291-0
529,XOGYUN__ligand24064-0
530,XOGYUN__ligand11-0
531,XOGYUN__ligand3736-0
532,XOGYUN__ligand8000-0
533,XOGYUN__ligand9344-0
534,XOGYUN__ligand23589-0
535,XOGYUN__ligand177-0
536,XOGYUN__ligand5383-0
537,XOGYUN__ligand2693-0
538,XOGYUN__ligand15168-0
539,XOGYUN__ligand3945-0
540,XOGYUN__ligand1499-0
541,XOGYUN__ligand28924-0
542,XOGYUN__ligand2881-0
543,XOGYUN__ligand15438-0
544,XOGYUN__ligand1464-0
545,XOGYUN__ligand3712-0
546,XOGYUN__ligand1211-0
547,XOGYUN__ligand29087-0
548,XOGYUN__ligand252-0
549,XOGYUN__ligand18703-0
550,XOGYUN__ligand6892-0
551,XOGYUN__ligand116-0
552,XOGYUN__ligand17945-0
553,XOGYUN__ligand1168-0
554,XOGYUN__ligand18013-0
555,XOGYUN__ligand25224-0
556,XOGYUN__ligand1294-0
557,XOGYUN__ligand31578-0
558,XOGYUN__ligand193-0
559,XOGYUN__ligand17207-0
560,XOGYUN__ligand3632-0
561,XOGYUN__ligand3677-0
562,XOGYUN__ligand24750-0
563,XOGYUN__ligand372-0
564,XOGYUN__ligand830-0
565,XOGYUN__ligand6699-0
566,XOGYUN__ligand1197-0
567,XOGYUN__ligand5099-0
568,XOGYUN__ligand8592-0
569,XOGYUN__ligand17240-0
570,XOGYUN__ligand1296-0
571,XOGYUN__ligand2259-0
572,XOGYUN__ligand17590-0
573,XOGYUN__ligand370-0
574,XOGYUN__ligand12682-0
575,XOGYUN__ligand9773-0
576,XOGYUN__ligand18699-0
577,XOGYUN__ligand1376-0
578,XOGYUN__ligand5510-0
579,XOGYUN__ligand5595-0
580,XOGYUN__ligand4101-0
581,XOGYUN__ligand13072-0
582,XOGYUN__ligand2221-0
583,XOGYUN__ligand4358-0
584,XOGYUN__ligand12336-0
585,XOGYUN__ligand250-0
586,XOGYUN__ligand3120-0
587,XOGYUN__ligand3926-0
588,XOGYUN__ligand10555-0
589,XOGYUN__ligand31483-0
590,XOGYUN__ligand5509-0
591,XOGYUN__ligand8002-0
592,XOGYUN__ligand1407-0
593,XOGYUN__ligand6117-0
594,XOGYUN__ligand188-0
595,XOGYUN__ligand7762-0
596,XOGYUN__ligand24613-0
597,XOGYUN__ligand5080-0
598,XOGYUN__ligand19725-0
599,XOGYUN__ligand620-0
600,XOGYUN__ligand2238-0
601,XOGYUN__ligand370-1
602,XOGYUN__ligand21421-0
603,XOGYUN__ligand11774-0
604,XOGYUN__ligand564-0
605,XOGYUN__ligand14586-0
606,XOGYUN__ligand9167-0
607,XOGYUN__ligand5304-0
608,XOGYUN__ligand1317-0
609,XOGYUN__ligand3867-0
610,XOGYUN__ligand2822-0
611,XOGYUN__ligand7293-0
612,XOGYUN__ligand479-0
613,XOGYUN__ligand785-0
614,XOGYUN__ligand311-0
615,XOGYUN__ligand11568-0
616,XOGYUN__ligand20579-0
617,XOGYUN__ligand17710-0
618,XOGYUN__ligand14174-0
619,XOGYUN__ligand196-0
620,XOGYUN__ligand10712-0
621,XOGYUN__ligand7438-0
622,XOGYUN__ligand8200-0
623,XOGYUN__ligand11456-0
624,XOGYUN__ligand4063-0
625,XOGYUN__ligand25411-0
626,XOGYUN__ligand3042-0
627,XOGYUN__ligand48-0
628,XOGYUN__ligand422-0
629,XOGYUN__ligand4207-0
630,XOGYUN__ligand13294-0
631,XOGYUN__ligand31832-0
632,XOGYUN__ligand3416-0
633,XOGYUN__ligand3453-0
634,XOGYUN__ligand29879-0
635,XOGYUN__ligand14248-0
636,XOGYUN__ligand1150-0
637,XOGYUN__ligand12030-0
638,XOGYUN__ligand1539-0
639,XOGYUN__ligand28884-0
640,XOGYUN__ligand686-0
641,XOGYUN__ligand13331-0
642,XOGYUN__ligand26810-0
643,XOGYUN__ligand27482-0
644,XOGYUN__ligand4167-0
645,XOGYUN__ligand393-0
646,XOGYUN__ligand13208-0
647,XOGYUN__ligand51-0
648,XOGYUN__ligand1400-0
649,XOGYUN__ligand4266-0
650,XOGYUN__ligand9491-0
651,XOGYUN__ligand1288-0
652,XOGYUN__ligand3557-0
653,XOGYUN__ligand3980-0
654,XOGYUN__ligand13390-0
655,XOGYUN__ligand1149-0
656,XOGYUN__ligand7075-0
657,XOGYUN__ligand353-0
658,XOGYUN__ligand9750-0
659,XOGYUN__ligand1779-0
660,XOGYUN__ligand20682-0
661,XOGYUN__ligand1817-0
662,XOGYUN__ligand91-0
663,XOGYUN__ligand6993-0
664,XOGYUN__ligand14117-0
665,XOGYUN__ligand17261-0
666,XOGYUN__ligand3285-0
667,XOGYUN__ligand4795-0
668,XOGYUN__ligand1908-0
669,XOGYUN__ligand20251-0
670,XOGYUN__ligand30702-0
671,XOGYUN__ligand20214-0
672,XOGYUN__ligand5630-0
673,XOGYUN__ligand813-0
674,XOGYUN__ligand20539-0
675,XOGYUN__ligand1786-0
676,XOGYUN__ligand21581-0
677,XOGYUN__ligand31097-0
678,XOGYUN__ligand314-0
679,XOGYUN__ligand780-0
680,XOGYUN__ligand8042-0
681,XOGYUN__ligand29568-0
682,XOGYUN__ligand16-0
683,XOGYUN__ligand6112-0
684,XOGYUN__ligand1828-0
685,XOGYUN__ligand391-0
686,XOGYUN__ligand14889-0
687,XOGYUN__ligand7213-0
688,XOGYUN__ligand1397-0
689,XOGYUN__ligand30851-0
690,XOGYUN__ligand618-0
691,XOGYUN__ligand5755-0
692,XOGYUN__ligand21371-0
693,XOGYUN__ligand4710-0
694,XOGYUN__ligand17118-0
695,XOGYUN__ligand20419-0
696,XOGYUN__ligand5085-0
697,XOGYUN__ligand3144-0
698,XOGYUN__ligand28789-0
699,XOGYUN__ligand17398-0
700,XOGYUN__ligand1849-0
701,XOGYUN__ligand24047-0
702,XOGYUN__ligand32-0
703,XOGYUN__ligand22557-0
704,XOGYUN__ligand10589-0
705,XOGYUN__ligand20598-0
706,XOGYUN__ligand11675-0
707,XOGYUN__ligand465-0
708,XOGYUN__ligand17982-0
709,XOGYUN__ligand29414-0
710,XOGYUN__ligand20011-0
711,XOGYUN__ligand17278-0
712,XOGYUN__ligand1216-0
713,XOGYUN__ligand5019-0
714,XOGYUN__ligand3261-0
715,XOGYUN__ligand1152-0
716,XOGYUN__ligand314-1
717,XOGYUN__ligand20251-1
718,XOGYUN__ligand16475-0
719,XOGYUN__ligand14703-0
720,XOGYUN__ligand6663-0
721,XOGYUN__ligand5515-0
722,XOGYUN__ligand1831-0
723,XOGYUN__ligand5614-0
724,XOGYUN__ligand5280-0
725,XOGYUN__ligand17281-0
726,XOGYUN__ligand8553-0
727,XOGYUN__ligand115-0
728,XOGYUN__ligand1113-0
729,XOGYUN__ligand30296-0
730,XOGYUN__ligand12337-0
731,XOGYUN__ligand29410-0
732,XOGYUN__ligand26540-0
733,XOGYUN__ligand5201-0
734,XOGYUN__ligand30333-0
735,XOGYUN__ligand12606-0
736,XOGYUN__ligand833-0
737,XOGYUN__ligand7566-0
738,XOGYUN__ligand27460-0
739,XOGYUN__ligand2001-0
740,XOGYUN__ligand20740-0
741,XOGYUN__ligand28468-0
742,XOGYUN__ligand8593-0
743,XOGYUN__ligand12427-0
744,XOGYUN__ligand9944-0
745,XOGYUN__ligand16628-0
746,XOGYUN__ligand27893-0
747,XOGYUN__ligand2823-0
748,XOGYUN__ligand14723-0
749,XOGYUN__ligand784-0
750,XOGYUN__ligand6995-0
751,XOGYUN__ligand19641-0
752,XOGYUN__ligand15422-0
753,XOGYUN__ligand12934-0
754,XOGYUN__ligand20578-0
755,XOGYUN__ligand18832-0
756,XOGYUN__ligand3180-0
757,XOGYUN__ligand27175-0
758,XOGYUN__ligand23713-0
759,XOGYUN__ligand30988-0
760,XOGYUN__ligand4340-0
761,XOGYUN__ligand2650-0
762,XOGYUN__ligand2281-0
763,XOGYUN__ligand5415-0
764,XOGYUN__ligand17258-0
765,XOGYUN__ligand14297-0
766,XOGYUN__ligand14603-0
767,XOGYUN__ligand26665-0
768,XOGYUN__ligand17631-0
769,XOGYUN__ligand13012-0
770,XOGYUN__ligand395-0
771,XOGYUN__ligand4124-0
772,XOGYUN__ligand4161-0
773,XOGYUN__ligand3471-0
774,XOGYUN__ligand31783-0
775,XOGYUN__ligand368-0
776,XOGYUN__ligand57-0
777,XOGYUN__ligand1618-0
778,XOGYUN__ligand176-0
779,XOGYUN__ligand23769-0
780,XOGYUN__ligand2692-0
781,XOGYUN__ligand24185-0
782,XOGYUN__ligand25178-0
783,XOGYUN__ligand8-0
784,XOGYUN__ligand55-0
785,XOGYUN__ligand4262-0
786,XOGYUN__ligand17302-0
787,XOGYUN__ligand447-0
788,XOGYUN__ligand17805-0
789,XOGYUN__ligand1028-0
790,XOGYUN__ligand746-0
791,XOGYUN__ligand487-0
792,XOGYUN__ligand12130-0
793,XOGYUN__ligand17387-0
794,XOGYUN__ligand12289-0
795,XOGYUN__ligand1050-0
796,XOGYUN__ligand1015-0
797,XOGYUN__ligand18292-0
798,XOGYUN__ligand13658-0
799,XOGYUN__ligand26702-0
800,XOGYUN__ligand12231-0
801,XOGYUN__ligand68-0
802,XOGYUN__ligand2027-0
803,XOGYUN__ligand24145-0
804,XOGYUN__ligand15585-0
805,XOGYUN__ligand12401-0
806,XOGYUN__ligand19830-0
807,XOGYUN__ligand13068-0
808,XOGYUN__ligand10476-0
809,XOGYUN__ligand27763-0
810,XOGYUN__ligand10262-0
811,XOGYUN__ligand28676-0
812,XOGYUN__ligand1169-0
813,XOGYUN__ligand18814-0
814,XOGYUN__ligand8529-0
815,XOGYUN__ligand19057-0
816,XOGYUN__ligand506-0
817,XOGYUN__ligand13425-0
818,XOGYUN__ligand29302-0
819,XOGYUN__ligand14108-0
820,XOGYUN__ligand9615-0
821,XOGYUN__ligand1154-0
822,XOGYUN__ligand152-0
823,XOGYUN__ligand12641-0
824,XOGYUN__ligand1498-0
825,XOGYUN__ligand4596-0
826,XOGYUN__ligand34-0
827,XOGYUN__ligand10958-0
