,TMC
0,SIYCOU__ligand7629-0
1,SIYCOU__ligand18019-1
2,SIYCOU__ligand55-0
3,SIYCOU__ligand4272-0
4,SIYCOU__ligand1451-0
5,SIYCOU__ligand14007-0
6,SIYCOU__ligand9784-0
7,SIYCOU__ligand1160-0
8,SIYCOU__ligand8699-0
9,SIYCOU__ligand9520-0
10,SIYCOU__ligand141-0
11,SIYCOU__ligand3954-0
12,SIYCOU__ligand4442-0
13,SIYCOU__ligand4093-0
14,SIYCOU__ligand27550-0
15,SIYCOU__ligand240-0
16,SIYCOU__ligand1219-0
17,SIYCOU__ligand6709-0
18,SIYCOU__ligand7867-0
19,SIYCOU__ligand20942-1
20,SIYCOU__ligand14226-0
21,SIYCOU__ligand21339-0
22,SIYCOU__ligand4016-0
23,SIYCOU__ligand16956-0
24,SIYCOU__ligand18158-0
25,SIYCOU__ligand27771-0
26,SIYCOU__ligand7238-0
27,SIYCOU__ligand7280-0
28,SIYCOU__ligand1304-0
29,SIYCOU__ligand29565-0
30,SIYCOU__ligand68-0
31,SIYCOU__ligand1790-0
32,SIYCOU__ligand23682-0
33,SIYCOU__ligand1285-0
34,SIYCOU__ligand11798-0
35,SIYCOU__ligand12413-0
36,SIYCOU__ligand7000-0
37,SIYCOU__ligand29334-0
38,SIYCOU__ligand1982-0
39,SIYCOU__ligand6768-0
40,SIYCOU__ligand8115-0
41,SIYCOU__ligand20731-0
42,SIYCOU__ligand17445-0
43,SIYCOU__ligand4546-0
44,SIYCOU__ligand4503-0
45,SIYCOU__ligand17069-0
46,SIYCOU__ligand14477-0
47,SIYCOU__ligand768-0
48,SIYCOU__ligand11501-0
49,SIYCOU__ligand4157-0
50,SIYCOU__ligand11544-0
51,SIYCOU__ligand384-0
52,SIYCOU__ligand29214-0
53,SIYCOU__ligand5256-0
54,SIYCOU__ligand7648-0
55,SIYCOU__ligand2828-0
56,SIYCOU__ligand8876-0
57,SIYCOU__ligand9833-0
58,SIYCOU__ligand34-0
59,SIYCOU__ligand22357-0
60,SIYCOU__ligand11758-0
61,SIYCOU__ligand9291-0
62,SIYCOU__ligand2176-0
63,SIYCOU__ligand21448-0
64,SIYCOU__ligand2232-0
65,SIYCOU__ligand5211-0
66,SIYCOU__ligand30004-0
67,SIYCOU__ligand20557-0
68,SIYCOU__ligand757-0
69,SIYCOU__ligand3094-0
70,SIYCOU__ligand4155-0
71,SIYCOU__ligand4720-0
72,SIYCOU__ligand122-0
73,SIYCOU__ligand3131-0
74,SIYCOU__ligand3174-0
75,SIYCOU__ligand3937-0
76,SIYCOU__ligand1202-0
77,SIYCOU__ligand8969-0
78,SIYCOU__ligand6839-0
79,SIYCOU__ligand24953-0
80,SIYCOU__ligand23445-0
81,SIYCOU__ligand5331-0
82,SIYCOU__ligand1512-0
83,SIYCOU__ligand27122-0
84,SIYCOU__ligand20432-0
85,SIYCOU__ligand16133-0
86,SIYCOU__ligand13755-0
87,SIYCOU__ligand3565-0
88,SIYCOU__ligand2485-0
89,SIYCOU__ligand25048-0
90,SIYCOU__ligand3852-0
91,SIYCOU__ligand21940-0
92,SIYCOU__ligand6919-0
93,SIYCOU__ligand3504-0
94,SIYCOU__ligand1959-0
95,SIYCOU__ligand1573-0
96,SIYCOU__ligand1536-0
97,SIYCOU__ligand21752-0
98,SIYCOU__ligand9935-0
99,SIYCOU__ligand3718-0
100,SIYCOU__ligand30788-0
101,SIYCOU__ligand13691-0
102,SIYCOU__ligand6616-0
103,SIYCOU__ligand1343-0
104,SIYCOU__ligand3876-0
105,SIYCOU__ligand3035-0
106,SIYCOU__ligand14339-0
107,SIYCOU__ligand1844-0
108,SIYCOU__ligand4661-0
109,SIYCOU__ligand7242-0
110,SIYCOU__ligand7106-0
111,SIYCOU__ligand57-0
112,SIYCOU__ligand18413-0
113,SIYCOU__ligand20844-0
114,SIYCOU__ligand24624-0
115,SIYCOU__ligand693-0
116,SIYCOU__ligand1263-0
117,SIYCOU__ligand9908-0
118,SIYCOU__ligand18757-0
119,SIYCOU__ligand24560-0
120,SIYCOU__ligand15455-0
121,SIYCOU__ligand4620-0
122,SIYCOU__ligand366-0
123,SIYCOU__ligand11177-0
124,SIYCOU__ligand25658-0
125,SIYCOU__ligand17686-0
126,SIYCOU__ligand2295-0
127,SIYCOU__ligand1577-0
128,SIYCOU__ligand6067-0
129,SIYCOU__ligand31205-0
130,SIYCOU__ligand187-0
131,SIYCOU__ligand657-0
132,SIYCOU__ligand941-0
133,SIYCOU__ligand596-0
134,SIYCOU__ligand16603-0
135,SIYCOU__ligand7819-0
136,SIYCOU__ligand11814-0
137,SIYCOU__ligand2917-0
138,SIYCOU__ligand6102-0
139,SIYCOU__ligand11622-0
140,SIYCOU__ligand3721-0
141,SIYCOU__ligand6904-0
142,SIYCOU__ligand6596-0
143,SIYCOU__ligand16-0
144,SIYCOU__ligand16870-0
145,SIYCOU__ligand3465-0
146,SIYCOU__ligand777-0
147,SIYCOU__ligand20821-0
148,SIYCOU__ligand1142-0
149,SIYCOU__ligand3234-0
150,SIYCOU__ligand26673-0
151,SIYCOU__ligand126-0
152,SIYCOU__ligand163-0
153,SIYCOU__ligand31000-0
154,SIYCOU__ligand2028-0
155,SIYCOU__ligand8835-0
156,SIYCOU__ligand32-0
157,SIYCOU__ligand11606-0
158,SIYCOU__ligand7126-0
159,SIYCOU__ligand10582-0
160,SIYCOU__ligand13260-0
161,SIYCOU__ligand4641-0
162,SIYCOU__ligand11252-0
163,SIYCOU__ligand845-0
164,SIYCOU__ligand19824-0
165,SIYCOU__ligand18067-0
166,SIYCOU__ligand5643-0
167,SIYCOU__ligand1823-0
168,SIYCOU__ligand8721-0
169,SIYCOU__ligand10151-0
170,SIYCOU__ligand1324-0
171,SIYCOU__ligand48-0
172,SIYCOU__ligand9952-0
173,SIYCOU__ligand9111-0
174,SIYCOU__ligand2526-0
175,SIYCOU__ligand5036-0
176,SIYCOU__ligand1615-0
177,SIYCOU__ligand8992-0
178,SIYCOU__ligand22353-0
179,SIYCOU__ligand9601-0
180,SIYCOU__ligand6124-0
181,SIYCOU__ligand338-0
182,SIYCOU__ligand3707-0
183,SIYCOU__ligand7967-0
184,SIYCOU__ligand19668-0
185,SIYCOU__ligand4116-0
186,SIYCOU__ligand19906-0
187,SIYCOU__ligand1018-0
188,SIYCOU__ligand3156-0
189,SIYCOU__ligand29441-0
190,SIYCOU__ligand10853-0
191,SIYCOU__ligand2915-0
192,SIYCOU__ligand201-0
193,SIYCOU__ligand10479-0
194,SIYCOU__ligand27610-0
195,SIYCOU__ligand11479-0
196,SIYCOU__ligand20530-0
197,SIYCOU__ligand11698-0
198,SIYCOU__ligand13657-0
199,SIYCOU__ligand14347-0
200,SIYCOU__ligand14302-0
201,SIYCOU__ligand6244-0
202,SIYCOU__ligand51-0
203,SIYCOU__ligand1378-0
204,SIYCOU__ligand24851-0
205,SIYCOU__ligand15387-0
206,SIYCOU__ligand321-0
207,SIYCOU__ligand20121-0
208,SIYCOU__ligand2332-0
209,SIYCOU__ligand9441-0
210,SIYCOU__ligand91-0
211,SIYCOU__ligand20220-0
212,SIYCOU__ligand178-0
213,SIYCOU__ligand16952-0
214,SIYCOU__ligand1631-0
215,SIYCOU__ligand29813-0
216,SIYCOU__ligand9933-0
217,SIYCOU__ligand185-0
218,SIYCOU__ligand1575-0
219,SIYCOU__ligand279-0
220,SIYCOU__ligand1530-0
221,SIYCOU__ligand17396-0
222,SIYCOU__ligand7532-0
223,SIYCOU__ligand497-0
224,SIYCOU__ligand23175-0
225,SIYCOU__ligand15788-0
226,SIYCOU__ligand11587-0
227,SIYCOU__ligand13220-0
228,SIYCOU__ligand4194-0
229,SIYCOU__ligand24111-0
230,SIYCOU__ligand22444-0
231,SIYCOU__ligand2599-0
232,SIYCOU__ligand4330-0
233,SIYCOU__ligand14569-0
234,SIYCOU__ligand633-0
235,SIYCOU__ligand13385-0
236,SIYCOU__ligand1147-0
237,SIYCOU__ligand12001-0
238,SIYCOU__ligand3973-0
239,SIYCOU__ligand10033-0
240,SIYCOU__ligand24644-0
241,SIYCOU__ligand2068-0
242,SIYCOU__ligand24872-0
243,SIYCOU__ligand7925-0
244,SIYCOU__ligand27840-0
245,SIYCOU__ligand30728-0
246,SIYCOU__ligand692-0
247,SIYCOU__ligand25561-0
248,SIYCOU__ligand3215-0
249,SIYCOU__ligand22129-0
250,SIYCOU__ligand12138-0
251,SIYCOU__ligand24780-0
252,SIYCOU__ligand7107-0
253,SIYCOU__ligand11949-0
254,SIYCOU__ligand436-0
255,SIYCOU__ligand326-0
256,SIYCOU__ligand17427-0
257,SIYCOU__ligand6283-0
258,SIYCOU__ligand5813-0
259,SIYCOU__ligand29486-0
260,SIYCOU__ligand4813-0
261,SIYCOU__ligand4738-0
262,SIYCOU__ligand6062-0
263,SIYCOU__ligand31694-0
264,SIYCOU__ligand5627-0
265,SIYCOU__ligand1729-0
266,SIYCOU__ligand2830-0
267,SIYCOU__ligand69-0
268,SIYCOU__ligand409-0
269,SIYCOU__ligand324-0
270,SIYCOU__ligand11618-0
271,SIYCOU__ligand361-0
272,SIYCOU__ligand5316-0
273,SIYCOU__ligand26529-0
274,SIYCOU__ligand5483-0
275,SIYCOU__ligand8-0
276,SIYCOU__ligand21729-0
277,SIYCOU__ligand9148-0
278,SIYCOU__ligand27239-0
279,SIYCOU__ligand28559-0
280,SIYCOU__ligand11-0
281,SIYCOU__ligand26324-0
282,SIYCOU__ligand6946-0
283,SIYCOU__ligand1415-0
284,SIYCOU__ligand14043-0
285,SIYCOU__ligand7529-0
286,SIYCOU__ligand19927-0
287,SIYCOU__ligand3934-0
288,SIYCOU__ligand21399-0
289,SIYCOU__ligand199-0
290,SIYCOU__ligand10872-0
291,SIYCOU__ligand26631-0
292,SIYCOU__ligand16148-0
293,SIYCOU__ligand6882-0
294,SIYCOU__ligand6455-0
295,SIYCOU__ligand12003-0
296,SIYCOU__ligand2403-0
297,SIYCOU__ligand29215-0
298,SIYCOU__ligand300-0
299,SIYCOU__ligand16369-0
300,SIYCOU__ligand1449-0
301,SIYCOU__ligand28540-0
302,SIYCOU__ligand3012-0
303,SIYCOU__ligand11111-0
304,SIYCOU__ligand27754-0
305,SIYCOU__ligand20695-0
306,SIYCOU__ligand7530-0
307,SIYCOU__ligand1065-0
308,SIYCOU__ligand588-0
309,SIYCOU__ligand9681-0
310,SIYCOU__ligand4332-0
311,SIYCOU__ligand22403-0
312,SIYCOU__ligand3392-0
313,SIYCOU__ligand18568-0
314,SIYCOU__ligand28685-0
315,SIYCOU__ligand89-0
316,SIYCOU__ligand1771-0
317,SIYCOU__ligand13672-0
318,SIYCOU__ligand4911-0
319,SIYCOU__ligand5849-0
320,SIYCOU__ligand10371-0
321,SIYCOU__ligand12453-0
322,SIYCOU__ligand18448-0
323,SIYCOU__ligand571-0
324,SIYCOU__ligand534-0
325,SIYCOU__ligand28459-0
326,SIYCOU__ligand2527-0
327,SIYCOU__ligand670-0
328,SIYCOU__ligand1709-0
329,SIYCOU__ligand8464-0
330,SIYCOU__ligand8349-0
331,SIYCOU__ligand19184-0
332,SIYCOU__ligand49-0
333,SIYCOU__ligand30142-0
334,SIYCOU__ligand5056-0
335,SIYCOU__ligand27669-0
336,SIYCOU__ligand4850-0
337,SIYCOU__ligand1688-0
338,SIYCOU__ligand5357-0
339,SIYCOU__ligand3647-0
340,SIYCOU__ligand14167-0
341,SIYCOU__ligand13477-0
342,SIYCOU__ligand3871-0
343,SIYCOU__ligand1469-0
344,SIYCOU__ligand1768-0
345,SIYCOU__ligand488-0
346,SIYCOU__ligand5935-0
347,SIYCOU__ligand430-0
348,SIYCOU__ligand1379-0
349,SIYCOU__ligand23197-0
350,SIYCOU__ligand358-0
351,SIYCOU__ligand2722-0
352,SIYCOU__ligand3157-0
353,SIYCOU__ligand694-0
354,SIYCOU__ligand1165-0
355,SIYCOU__ligand27285-0
356,SIYCOU__ligand29029-0
357,SIYCOU__ligand9525-0
358,SIYCOU__ligand21919-0
359,SIYCOU__ligand17-0
360,SIYCOU__ligand4131-0
361,SIYCOU__ligand1712-0
362,SIYCOU__ligand22168-0
363,SIYCOU__ligand28930-0
364,SIYCOU__ligand22294-0
365,SIYCOU__ligand11357-0
366,SIYCOU__ligand13862-0
367,SIYCOU__ligand28743-0
368,SIYCOU__ligand15531-0
369,SIYCOU__ligand696-0
370,SIYCOU__ligand12365-0
371,SIYCOU__ligand5094-0
372,SIYCOU__ligand5892-0
373,SIYCOU__ligand10056-0
374,SIYCOU__ligand15926-0
375,SIYCOU__ligand1533-0
376,SIYCOU__ligand19792-0
377,SIYCOU__ligand10828-0
378,SIYCOU__ligand28810-0
379,SIYCOU__ligand11447-0
380,SIYCOU__ligand11096-0
381,SIYCOU__ligand656-0
382,SIYCOU__ligand24230-0
383,SIYCOU__ligand7557-0
384,SIYCOU__ligand15883-0
385,SIYCOU__ligand1496-0
386,SIYCOU__ligand11970-0
387,SIYCOU__ligand3208-0
388,SIYCOU__ligand2208-0
389,SIYCOU__ligand16988-0
390,SIYCOU__ligand25913-0
391,SIYCOU__ligand6672-0
392,SIYCOU__ligand9809-0
393,SIYCOU__ligand1327-0
394,SIYCOU__ligand8722-0
395,SIYCOU__ligand7573-0
396,SIYCOU__ligand2781-0
397,SIYCOU__ligand11682-0
398,SIYCOU__ligand3350-0
399,SIYCOU__ligand20207-0
400,SIYCOU__ligand30711-0
401,SIYCOU__ligand2328-0
402,SIYCOU__ligand31044-0
403,SIYCOU__ligand383-0
404,SIYCOU__ligand31842-0
405,SIYCOU__ligand1773-0
406,SIYCOU__ligand4581-0
407,SIYCOU__ligand11994-0
408,SIYCOU__ligand24035-0
409,SIYCOU__ligand416-0
410,SIYCOU__ligand3029-0
411,SIYCOU__ligand7162-0
412,SIYCOU__ligand14614-0
413,SIYCOU__ligand226-0
414,SIYCOU__ligand16663-0
415,SIYCOU__ligand1900-0
416,SIYCOU__ligand9197-0
417,SIYCOU__ligand162-0
418,SIYCOU__ligand27763-0
419,SIYCOU__ligand830-0
420,SIYCOU__ligand6995-0
421,SIYCOU__ligand28676-0
422,SIYCOU__ligand10262-0
423,SIYCOU__ligand372-0
424,SIYCOU__ligand2823-0
425,SIYCOU__ligand29302-0
426,SIYCOU__ligand13425-0
427,SIYCOU__ligand4340-0
428,SIYCOU__ligand2281-0
429,SIYCOU__ligand2650-0
430,SIYCOU__ligand193-0
431,SIYCOU__ligand3180-0
432,SIYCOU__ligand18814-0
433,SIYCOU__ligand19057-0
434,SIYCOU__ligand116-0
435,SIYCOU__ligand252-0
436,SIYCOU__ligand14108-0
437,SIYCOU__ligand5415-0
438,SIYCOU__ligand10958-0
439,SIYCOU__ligand12641-0
440,SIYCOU__ligand4161-0
441,SIYCOU__ligand3471-0
442,SIYCOU__ligand4124-0
443,SIYCOU__ligand25178-0
444,SIYCOU__ligand23769-0
445,SIYCOU__ligand1113-0
446,SIYCOU__ligand24185-0
447,SIYCOU__ligand177-0
448,SIYCOU__ligand8553-0
449,SIYCOU__ligand17805-0
450,SIYCOU__ligand17302-0
451,SIYCOU__ligand5201-0
452,SIYCOU__ligand12231-0
453,SIYCOU__ligand2001-0
454,SIYCOU__ligand7566-0
455,SIYCOU__ligand17387-0
456,SIYCOU__ligand12130-0
457,SIYCOU__ligand18292-0
458,SIYCOU__ligand12289-0
459,SIYCOU__ligand26702-0
460,SIYCOU__ligand13658-0
461,SIYCOU__ligand13068-0
462,SIYCOU__ligand19830-0
463,SIYCOU__ligand909-0
464,SIYCOU__ligand10476-0
465,SIYCOU__ligand8593-0
466,SIYCOU__ligand9944-0
467,SIYCOU__ligand24145-0
468,SIYCOU__ligand12401-0
469,SIYCOU__ligand15585-0
470,SIYCOU__ligand19641-0
471,SIYCOU__ligand12934-0
472,SIYCOU__ligand20578-0
473,SIYCOU__ligand15422-0
474,SIYCOU__ligand27893-0
475,SIYCOU__ligand785-0
476,SIYCOU__ligand311-0
477,SIYCOU__ligand19-0
478,SIYCOU__ligand14723-0
479,SIYCOU__ligand479-0
480,SIYCOU__ligand30988-0
481,SIYCOU__ligand564-0
482,SIYCOU__ligand370-1
483,SIYCOU__ligand8529-0
484,SIYCOU__ligand27175-0
485,SIYCOU__ligand18832-0
486,SIYCOU__ligand620-0
487,SIYCOU__ligand23713-0
488,SIYCOU__ligand1169-0
489,SIYCOU__ligand26665-0
490,SIYCOU__ligand17631-0
491,SIYCOU__ligand13012-0
492,SIYCOU__ligand1154-0
493,SIYCOU__ligand9615-0
494,SIYCOU__ligand17258-0
495,SIYCOU__ligand188-0
496,SIYCOU__ligand14603-0
497,SIYCOU__ligand14297-0
498,SIYCOU__ligand31783-0
499,SIYCOU__ligand24-0
500,SIYCOU__ligand4596-0
501,SIYCOU__ligand1498-0
502,SIYCOU__ligand12337-0
503,SIYCOU__ligand29410-0
504,SIYCOU__ligand26540-0
505,SIYCOU__ligand250-0
506,SIYCOU__ligand17281-0
507,SIYCOU__ligand2692-0
508,SIYCOU__ligand1618-0
509,SIYCOU__ligand30296-0
510,SIYCOU__ligand1028-0
511,SIYCOU__ligand12606-0
512,SIYCOU__ligand45-0
513,SIYCOU__ligand30333-0
514,SIYCOU__ligand4262-0
515,SIYCOU__ligand78-0
516,SIYCOU__ligand2027-0
517,SIYCOU__ligand27460-0
518,SIYCOU__ligand370-0
519,SIYCOU__ligand1015-0
520,SIYCOU__ligand1050-0
521,SIYCOU__ligand16628-0
522,SIYCOU__ligand28468-0
523,SIYCOU__ligand20740-0
524,SIYCOU__ligand12427-0
525,SIYCOU__ligand24047-0
526,SIYCOU__ligand9491-0
527,SIYCOU__ligand421-0
528,SIYCOU__ligand10589-0
529,SIYCOU__ligand22557-0
530,SIYCOU__ligand20598-0
531,SIYCOU__ligand1400-0
532,SIYCOU__ligand4266-0
533,SIYCOU__ligand11675-0
534,SIYCOU__ligand17398-0
535,SIYCOU__ligand4167-0
536,SIYCOU__ligand1288-0
537,SIYCOU__ligand17982-0
538,SIYCOU__ligand29414-0
539,SIYCOU__ligand685-0
540,SIYCOU__ligand17278-0
541,SIYCOU__ligand20011-0
542,SIYCOU__ligand7075-0
543,SIYCOU__ligand20251-1
544,SIYCOU__ligand294-0
545,SIYCOU__ligand1149-0
546,SIYCOU__ligand3980-0
547,SIYCOU__ligand3557-0
548,SIYCOU__ligand6993-0
549,SIYCOU__ligand1817-0
550,SIYCOU__ligand1779-0
551,SIYCOU__ligand16475-0
552,SIYCOU__ligand14703-0
553,SIYCOU__ligand9750-0
554,SIYCOU__ligand4063-0
555,SIYCOU__ligand8200-0
556,SIYCOU__ligand7438-0
557,SIYCOU__ligand14117-0
558,SIYCOU__ligand17261-0
559,SIYCOU__ligand560-0
560,SIYCOU__ligand31097-0
561,SIYCOU__ligand21581-0
562,SIYCOU__ligand3042-0
563,SIYCOU__ligand20214-0
564,SIYCOU__ligand30702-0
565,SIYCOU__ligand20251-0
566,SIYCOU__ligand20539-0
567,SIYCOU__ligand3453-0
568,SIYCOU__ligand3416-0
569,SIYCOU__ligand14889-0
570,SIYCOU__ligand30851-0
571,SIYCOU__ligand4207-0
572,SIYCOU__ligand29568-0
573,SIYCOU__ligand235-0
574,SIYCOU__ligand1539-0
575,SIYCOU__ligand28789-0
576,SIYCOU__ligand4-0
577,SIYCOU__ligand21371-0
578,SIYCOU__ligand134-0
579,SIYCOU__ligand17118-0
580,SIYCOU__ligand20419-0
581,SIYCOU__ligand1150-0
582,SIYCOU__ligand13208-0
583,SIYCOU__ligand67-0
584,SIYCOU__ligand1849-0
585,SIYCOU__ligand26810-0
586,SIYCOU__ligand27482-0
587,SIYCOU__ligand868-0
588,SIYCOU__ligand1152-0
589,SIYCOU__ligand3261-0
590,SIYCOU__ligand5019-0
591,SIYCOU__ligand1216-0
592,SIYCOU__ligand13390-0
593,SIYCOU__ligand1831-0
594,SIYCOU__ligand5280-0
595,SIYCOU__ligand5614-0
596,SIYCOU__ligand20682-0
597,SIYCOU__ligand6663-0
598,SIYCOU__ligand5515-0
599,SIYCOU__ligand352-0
600,SIYCOU__ligand783-0
601,SIYCOU__ligand11456-0
602,SIYCOU__ligand1908-0
603,SIYCOU__ligand3285-0
604,SIYCOU__ligand14174-0
605,SIYCOU__ligand4795-0
606,SIYCOU__ligand10712-0
607,SIYCOU__ligand197-0
608,SIYCOU__ligand1786-0
609,SIYCOU__ligand25411-0
610,SIYCOU__ligand5630-0
611,SIYCOU__ligand7213-0
612,SIYCOU__ligand13294-0
613,SIYCOU__ligand1397-0
614,SIYCOU__ligand1828-0
615,SIYCOU__ligand31832-0
616,SIYCOU__ligand6112-0
617,SIYCOU__ligand43-0
618,SIYCOU__ligand8042-0
619,SIYCOU__ligand28884-0
620,SIYCOU__ligand5085-0
621,SIYCOU__ligand13331-0
622,SIYCOU__ligand3144-0
623,SIYCOU__ligand14248-0
624,SIYCOU__ligand29879-0
625,SIYCOU__ligand12030-0
626,SIYCOU__ligand5755-0
627,SIYCOU__ligand4710-0
628,SIYCOU__ligand1464-0
629,SIYCOU__ligand3712-0
630,SIYCOU__ligand368-0
631,SIYCOU__ligand2881-0
632,SIYCOU__ligand10555-0
633,SIYCOU__ligand31483-0
634,SIYCOU__ligand395-0
635,SIYCOU__ligand1499-0
636,SIYCOU__ligand1-0
637,SIYCOU__ligand19725-0
638,SIYCOU__ligand6892-0
639,SIYCOU__ligand24613-0
640,SIYCOU__ligand1211-0
641,SIYCOU__ligand3677-0
642,SIYCOU__ligand14586-0
643,SIYCOU__ligand3632-0
644,SIYCOU__ligand11774-0
645,SIYCOU__ligand1294-0
646,SIYCOU__ligand1168-0
647,SIYCOU__ligand21421-0
648,SIYCOU__ligand6699-0
649,SIYCOU__ligand11568-0
650,SIYCOU__ligand17710-0
651,SIYCOU__ligand20579-0
652,SIYCOU__ligand784-0
653,SIYCOU__ligand18-0
654,SIYCOU__ligand4007-0
655,SIYCOU__ligand17590-0
656,SIYCOU__ligand2985-0
657,SIYCOU__ligand9299-0
658,SIYCOU__ligand17240-0
659,SIYCOU__ligand18699-0
660,SIYCOU__ligand7291-0
661,SIYCOU__ligand12682-0
662,SIYCOU__ligand9883-0
663,SIYCOU__ligand3677-1
664,SIYCOU__ligand833-0
665,SIYCOU__ligand9344-0
666,SIYCOU__ligand8000-0
667,SIYCOU__ligand3736-0
668,SIYCOU__ligand12336-0
669,SIYCOU__ligand3945-0
670,SIYCOU__ligand5383-0
671,SIYCOU__ligand2693-0
672,SIYCOU__ligand13072-0
673,SIYCOU__ligand115-0
674,SIYCOU__ligand1407-0
675,SIYCOU__ligand6117-0
676,SIYCOU__ligand8002-0
677,SIYCOU__ligand5509-0
678,SIYCOU__ligand28924-0
679,SIYCOU__ligand15438-0
680,SIYCOU__ligand152-0
681,SIYCOU__ligand18703-0
682,SIYCOU__ligand5080-0
683,SIYCOU__ligand7762-0
684,SIYCOU__ligand29087-0
685,SIYCOU__ligand31578-0
686,SIYCOU__ligand17207-0
687,SIYCOU__ligand5304-0
688,SIYCOU__ligand9167-0
689,SIYCOU__ligand506-0
690,SIYCOU__ligand17945-0
691,SIYCOU__ligand2238-0
692,SIYCOU__ligand25224-0
693,SIYCOU__ligand18013-0
694,SIYCOU__ligand24750-0
695,SIYCOU__ligand3867-0
696,SIYCOU__ligand1317-0
697,SIYCOU__ligand7293-0
698,SIYCOU__ligand2822-0
699,SIYCOU__ligand22755-0
700,SIYCOU__ligand2259-0
701,SIYCOU__ligand11432-0
702,SIYCOU__ligand31618-0
703,SIYCOU__ligand1296-0
704,SIYCOU__ligand10432-0
705,SIYCOU__ligand8592-0
706,SIYCOU__ligand5099-0
707,SIYCOU__ligand29898-0
708,SIYCOU__ligand26277-0
709,SIYCOU__ligand1197-0
710,SIYCOU__ligand1376-0
711,SIYCOU__ligand5510-0
712,SIYCOU__ligand9773-0
713,SIYCOU__ligand487-0
714,SIYCOU__ligand746-0
715,SIYCOU__ligand5595-0
716,SIYCOU__ligand23589-0
717,SIYCOU__ligand4101-0
718,SIYCOU__ligand24064-0
719,SIYCOU__ligand447-0
720,SIYCOU__ligand3926-0
721,SIYCOU__ligand3120-0
722,SIYCOU__ligand4358-0
723,SIYCOU__ligand15168-0
724,SIYCOU__ligand2221-0
725,SIYCOU__ligand176-0
726,SIYCOU__ligand3-0
727,SIYCOU__ligand11206-0
728,SIYCOU__ligand23124-0
729,SIYCOU__ligand5180-0
730,SIYCOU__ligand25735-0
731,SIYCOU__ligand12519-0
732,SIYCOU__ligand353-0
733,SIYCOU__ligand6017-0
734,SIYCOU__ligand5708-0
735,SIYCOU__ligand7316-0
736,SIYCOU__ligand2260-0
737,SIYCOU__ligand7092-0
738,SIYCOU__ligand1116-0
739,SIYCOU__ligand3225-0
740,SIYCOU__ligand1153-0
741,SIYCOU__ligand2124-0
742,SIYCOU__ligand31248-0
743,SIYCOU__ligand25650-0
744,SIYCOU__ligand8612-0
745,SIYCOU__ligand13209-0
746,SIYCOU__ligand19257-0
747,SIYCOU__ligand66-0
748,SIYCOU__ligand7172-0
749,SIYCOU__ligand9323-0
750,SIYCOU__ligand393-0
751,SIYCOU__ligand7273-0
752,SIYCOU__ligand12660-0
753,SIYCOU__ligand686-0
754,SIYCOU__ligand2906-0
755,SIYCOU__ligand21787-0
756,SIYCOU__ligand25575-0
757,SIYCOU__ligand25689-0
758,SIYCOU__ligand3244-0
759,SIYCOU__ligand4711-0
760,SIYCOU__ligand12295-0
761,SIYCOU__ligand4649-0
762,SIYCOU__ligand2788-0
763,SIYCOU__ligand27835-0
764,SIYCOU__ligand5649-0
765,SIYCOU__ligand8793-0
766,SIYCOU__ligand422-0
767,SIYCOU__ligand42-0
768,SIYCOU__ligand9753-0
769,SIYCOU__ligand21132-0
770,SIYCOU__ligand1356-0
771,SIYCOU__ligand11166-0
772,SIYCOU__ligand1787-0
773,SIYCOU__ligand5530-0
774,SIYCOU__ligand5159-0
775,SIYCOU__ligand23906-0
776,SIYCOU__ligand7196-0
777,SIYCOU__ligand4807-0
778,SIYCOU__ligand30539-0
779,SIYCOU__ligand196-0
780,SIYCOU__ligand3178-0
781,SIYCOU__ligand23904-0
782,SIYCOU__ligand9450-0
783,SIYCOU__ligand38-0
784,SIYCOU__ligand13257-0
785,SIYCOU__ligand21936-0
786,SIYCOU__ligand12467-0
787,SIYCOU__ligand2612-0
788,SIYCOU__ligand25267-0
789,SIYCOU__ligand1599-0
790,SIYCOU__ligand314-1
791,SIYCOU__ligand10084-0
792,SIYCOU__ligand5387-0
793,SIYCOU__ligand27169-0
794,SIYCOU__ligand2203-0
795,SIYCOU__ligand14523-0
796,SIYCOU__ligand1289-0
797,SIYCOU__ligand18391-0
798,SIYCOU__ligand465-0
799,SIYCOU__ligand22981-0
800,SIYCOU__ligand25805-0
801,SIYCOU__ligand20599-0
802,SIYCOU__ligand27074-0
803,SIYCOU__ligand9284-0
804,SIYCOU__ligand18465-0
805,SIYCOU__ligand18799-0
806,SIYCOU__ligand3126-0
807,SIYCOU__ligand6391-0
808,SIYCOU__ligand618-0
809,SIYCOU__ligand1114-0
810,SIYCOU__ligand2417-0
811,SIYCOU__ligand391-0
812,SIYCOU__ligand28668-0
813,SIYCOU__ligand16791-0
814,SIYCOU__ligand314-0
815,SIYCOU__ligand780-0
816,SIYCOU__ligand11140-0
817,SIYCOU__ligand2043-0
818,SIYCOU__ligand813-0
819,SIYCOU__ligand29610-0
820,SIYCOU__ligand1832-0
821,SIYCOU__ligand8788-0
822,SIYCOU__ligand1604-0
823,SIYCOU__ligand29863-0
824,SIYCOU__ligand18074-0
825,SIYCOU__ligand13869-0
826,SIYCOU__ligand9943-0
827,SIYCOU__ligand1228-0
