,TMC
0,CEHQAH__ligand86-0
1,CEHQAH__ligand2907-0
2,CEHQAH__ligand2430-0
3,CEHQAH__ligand1703-0
4,CEHQAH__ligand797-0
5,CEHQAH__ligand1056-0
6,CEHQAH__ligand2320-0
7,CEHQAH__ligand757-0
8,CEHQAH__ligand2862-0
9,CEHQAH__ligand1567-0
10,CEHQAH__ligand2285-0
11,CEHQAH__ligand8921-0
12,CEHQAH__ligand2510-0
13,CEHQAH__ligand1607-0
14,CEHQAH__ligand62-0
15,CEHQAH__ligand1152-0
16,CEHQAH__ligand1727-0
17,CEHQAH__ligand18-0
18,CEHQAH__ligand8774-0
19,CEHQAH__ligand3637-0
20,CEHQAH__ligand141-0
21,CEHQAH__ligand240-0
22,CEHQAH__ligand6294-0
23,CEHQAH__ligand384-0
24,CEHQAH__ligand1054-0
25,CEHQAH__ligand1598-0
26,CEHQAH__ligand120-0
27,CEHQAH__ligand1248-0
28,CEHQAH__ligand4303-0
29,CEHQAH__ligand7464-0
30,CEHQAH__ligand124-0
31,CEHQAH__ligand40-0
32,CEHQAH__ligand2864-0
33,CEHQAH__ligand9495-0
34,CEHQAH__ligand2772-0
35,CEHQAH__ligand6151-0
36,CEHQAH__ligand6538-0
37,CEHQAH__ligand2142-0
38,CEHQAH__ligand119-0
39,CEHQAH__ligand38-0
40,CEHQAH__ligand2880-0
41,CEHQAH__ligand5941-0
42,CEHQAH__ligand321-0
43,CEHQAH__ligand3838-0
44,CEHQAH__ligand1799-0
45,CEHQAH__ligand2838-0
46,CEHQAH__ligand178-0
47,CEHQAH__ligand279-0
48,CEHQAH__ligand5022-0
49,CEHQAH__ligand244-0
50,CEHQAH__ligand201-0
51,CEHQAH__ligand1169-0
52,CEHQAH__ligand8-0
53,CEHQAH__ligand100-0
54,CEHQAH__ligand21-0
55,CEHQAH__ligand596-0
56,CEHQAH__ligand66-0
57,CEHQAH__ligand1502-0
58,CEHQAH__ligand1835-0
59,CEHQAH__ligand2794-0
60,CEHQAH__ligand2345-0
61,CEHQAH__ligand4983-0
62,CEHQAH__ligand9027-0
63,CEHQAH__ligand861-0
64,CEHQAH__ligand366-0
65,CEHQAH__ligand2265-0
66,CEHQAH__ligand1113-0
67,CEHQAH__ligand187-0
68,CEHQAH__ligand6396-0
69,CEHQAH__ligand612-0
70,CEHQAH__ligand1273-0
71,CEHQAH__ligand126-0
72,CEHQAH__ligand1052-0
73,CEHQAH__ligand105-0
74,CEHQAH__ligand140-0
75,CEHQAH__ligand1228-0
76,CEHQAH__ligand9244-0
77,CEHQAH__ligand409-0
78,CEHQAH__ligand361-0
79,CEHQAH__ligand324-0
80,CEHQAH__ligand1114-0
81,CEHQAH__ligand1538-0
82,CEHQAH__ligand78-0
83,CEHQAH__ligand3246-0
84,CEHQAH__ligand85-0
85,CEHQAH__ligand575-0
86,CEHQAH__ligand1148-0
87,CEHQAH__ligand199-0
88,CEHQAH__ligand927-0
89,CEHQAH__ligand45-0
90,CEHQAH__ligand1479-0
91,CEHQAH__ligand166-0
92,CEHQAH__ligand3178-0
93,CEHQAH__ligand6332-0
94,CEHQAH__ligand2098-0
95,CEHQAH__ligand6502-0
96,CEHQAH__ligand2863-0
97,CEHQAH__ligand838-0
98,CEHQAH__ligand7915-0
99,CEHQAH__ligand497-0
100,CEHQAH__ligand5548-0
101,CEHQAH__ligand1747-0
102,CEHQAH__ligand6686-0
103,CEHQAH__ligand532-0
104,CEHQAH__ligand633-0
105,CEHQAH__ligand918-0
106,CEHQAH__ligand3145-0
107,CEHQAH__ligand326-0
108,CEHQAH__ligand821-0
109,CEHQAH__ligand2751-0
110,CEHQAH__ligand283-0
111,CEHQAH__ligand553-0
112,CEHQAH__ligand206-0
113,CEHQAH__ligand142-0
114,CEHQAH__ligand1542-0
115,CEHQAH__ligand2634-0
116,CEHQAH__ligand3041-0
117,CEHQAH__ligand436-0
118,CEHQAH__ligand1951-0
119,CEHQAH__ligand1687-0
120,CEHQAH__ligand6277-0
121,CEHQAH__ligand1376-0
122,CEHQAH__ligand2768-0
123,CEHQAH__ligand67-0
124,CEHQAH__ligand2259-0
125,CEHQAH__ligand2688-0
126,CEHQAH__ligand383-0
127,CEHQAH__ligand226-0
128,CEHQAH__ligand162-0
129,CEHQAH__ligand2629-0
130,CEHQAH__ligand4381-0
131,CEHQAH__ligand1706-0
132,CEHQAH__ligand3734-0
133,CEHQAH__ligand1171-0
134,CEHQAH__ligand571-0
135,CEHQAH__ligand118-0
136,CEHQAH__ligand670-0
137,CEHQAH__ligand3063-0
138,CEHQAH__ligand1438-0
139,CEHQAH__ligand509-0
140,CEHQAH__ligand5801-0
141,CEHQAH__ligand1459-0
142,CEHQAH__ligand11730-0
143,CEHQAH__ligand430-0
144,CEHQAH__ligand358-0
145,CEHQAH__ligand1544-0
146,CEHQAH__ligand669-0
147,CEHQAH__ligand1685-0
148,CEHQAH__ligand278-0
149,CEHQAH__ligand2087-0
150,CEHQAH__ligand1048-0
151,CEHQAH__ligand365-0
152,CEHQAH__ligand3757-0
153,CEHQAH__ligand11-0
154,CEHQAH__ligand188-0
155,CEHQAH__ligand3196-0
156,CEHQAH__ligand4012-0
157,CEHQAH__ligand369-0
158,CEHQAH__ligand444-0
159,CEHQAH__ligand311-0
160,CEHQAH__ligand2915-0
161,CEHQAH__ligand370-0
162,CEHQAH__ligand2707-0
163,CEHQAH__ligand1690-0
164,CEHQAH__ligand2526-0
165,CEHQAH__ligand250-0
166,CEHQAH__ligand1551-0
167,CEHQAH__ligand460-0
168,CEHQAH__ligand955-0
169,CEHQAH__ligand4370-0
170,CEHQAH__ligand252-0
171,CEHQAH__ligand830-0
172,CEHQAH__ligand1436-0
173,CEHQAH__ligand193-0
174,CEHQAH__ligand2618-0
175,CEHQAH__ligand3618-0
176,CEHQAH__ligand4175-0
177,CEHQAH__ligand15630-0
178,CEHQAH__ligand851-0
179,CEHQAH__ligand10357-0
180,CEHQAH__ligand909-0
181,CEHQAH__ligand2255-0
182,CEHQAH__ligand1918-0
183,CEHQAH__ligand934-0
184,CEHQAH__ligand177-0
185,CEHQAH__ligand92-0
186,CEHQAH__ligand3251-0
187,CEHQAH__ligand3-0
188,CEHQAH__ligand6143-0
189,CEHQAH__ligand5235-0
190,CEHQAH__ligand783-0
191,CEHQAH__ligand352-0
192,CEHQAH__ligand4619-0
193,CEHQAH__ligand442-0
194,CEHQAH__ligand1493-0
195,CEHQAH__ligand2718-0
196,CEHQAH__ligand868-0
197,CEHQAH__ligand3035-0
198,CEHQAH__ligand3070-0
199,CEHQAH__ligand9176-0
200,CEHQAH__ligand17-0
201,CEHQAH__ligand136-0
202,CEHQAH__ligand3852-0
203,CEHQAH__ligand3478-0
204,CEHQAH__ligand5758-0
205,CEHQAH__ligand112-0
206,CEHQAH__ligand296-0
207,CEHQAH__ligand7456-0
208,CEHQAH__ligand197-0
209,CEHQAH__ligand1818-0
210,CEHQAH__ligand993-0
211,CEHQAH__ligand1907-0
212,CEHQAH__ligand294-0
213,CEHQAH__ligand49-0
214,CEHQAH__ligand4423-0
215,CEHQAH__ligand3890-0
216,CEHQAH__ligand331-0
217,CEHQAH__ligand421-0
218,CEHQAH__ligand798-0
219,CEHQAH__ligand7630-0
220,CEHQAH__ligand1555-0
221,CEHQAH__ligand916-0
222,CEHQAH__ligand584-0
223,CEHQAH__ligand89-0
224,CEHQAH__ligand1285-0
225,CEHQAH__ligand390-0
226,CEHQAH__ligand7550-0
227,CEHQAH__ligand235-0
228,CEHQAH__ligand932-0
229,CEHQAH__ligand134-0
230,CEHQAH__ligand5093-0
231,CEHQAH__ligand109-0
232,CEHQAH__ligand2954-0
233,CEHQAH__ligand1-0
234,CEHQAH__ligand1160-0
235,CEHQAH__ligand2253-0
236,CEHQAH__ligand560-0
237,CEHQAH__ligand525-0
238,CEHQAH__ligand1038-0
239,CEHQAH__ligand2762-0
240,CEHQAH__ligand8032-0
241,CEHQAH__ligand1858-0
242,CEHQAH__ligand2315-0
243,CEHQAH__ligand2480-0
244,CEHQAH__ligand3051-0
245,CEHQAH__ligand4504-0
246,CEHQAH__ligand1898-0
247,CEHQAH__ligand73-0
248,CEHQAH__ligand5334-0
249,CEHQAH__ligand10910-0
250,CEHQAH__ligand682-0
251,CEHQAH__ligand2389-0
252,CEHQAH__ligand447-0
253,CEHQAH__ligand1919-0
254,CEHQAH__ligand57-0
255,CEHQAH__ligand133-0
256,CEHQAH__ligand666-0
257,CEHQAH__ligand6-0
258,CEHQAH__ligand2110-0
259,CEHQAH__ligand2916-0
260,CEHQAH__ligand522-0
261,CEHQAH__ligand3579-0
262,CEHQAH__ligand1712-0
263,CEHQAH__ligand487-0
264,CEHQAH__ligand14530-0
265,CEHQAH__ligand6430-0
266,CEHQAH__ligand1299-0
267,CEHQAH__ligand95-0
268,CEHQAH__ligand1264-0
269,CEHQAH__ligand1221-0
270,CEHQAH__ligand4-0
271,CEHQAH__ligand485-0
272,CEHQAH__ligand1379-0
273,CEHQAH__ligand10479-0
274,CEHQAH__ligand784-0
275,CEHQAH__ligand355-0
276,CEHQAH__ligand2376-0
277,CEHQAH__ligand55-0
278,CEHQAH__ligand2929-0
279,CEHQAH__ligand2482-0
280,CEHQAH__ligand1325-0
281,CEHQAH__ligand6571-0
282,CEHQAH__ligand10114-0
283,CEHQAH__ligand34-0
284,CEHQAH__ligand115-0
285,CEHQAH__ligand291-0
286,CEHQAH__ligand1104-0
287,CEHQAH__ligand7414-0
288,CEHQAH__ligand5762-0
289,CEHQAH__ligand2442-0
290,CEHQAH__ligand1019-0
291,CEHQAH__ligand3566-0
292,CEHQAH__ligand1178-0
293,CEHQAH__ligand210-0
294,CEHQAH__ligand1321-0
295,CEHQAH__ligand1788-0
296,CEHQAH__ligand48-0
297,CEHQAH__ligand314-0
298,CEHQAH__ligand481-0
299,CEHQAH__ligand4894-0
300,CEHQAH__ligand1260-0
301,CEHQAH__ligand29-0
302,CEHQAH__ligand9620-0
303,CEHQAH__ligand91-0
304,CEHQAH__ligand1449-1
305,CEHQAH__ligand4811-0
306,CEHQAH__ligand51-0
307,CEHQAH__ligand170-0
308,CEHQAH__ligand391-0
309,CEHQAH__ligand7514-0
310,CEHQAH__ligand3337-0
311,CEHQAH__ligand236-0
312,CEHQAH__ligand1307-0
313,CEHQAH__ligand353-0
314,CEHQAH__ligand6166-0
315,CEHQAH__ligand1246-0
316,CEHQAH__ligand502-0
317,CEHQAH__ligand196-0
318,CEHQAH__ligand32-0
319,CEHQAH__ligand5089-0
320,CEHQAH__ligand113-0
321,CEHQAH__ligand2599-0
322,CEHQAH__ligand2853-0
323,CEHQAH__ligand3853-0
324,CEHQAH__ligand422-0
