,TMC
0,UMANUS__ligand1228-0
1,UMANUS__ligand38-0
2,UMANUS__ligand353-0
3,UMANUS__ligand9244-0
4,UMANUS__ligand236-0
5,UMANUS__ligand1114-0
6,UMANUS__ligand1538-0
7,UMANUS__ligand40-0
8,UMANUS__ligand113-0
9,UMANUS__ligand21-0
10,UMANUS__ligand422-0
11,UMANUS__ligand3246-0
12,UMANUS__ligand1148-0
13,UMANUS__ligand1479-0
14,UMANUS__ligand502-0
15,UMANUS__ligand196-0
16,UMANUS__ligand3178-0
17,UMANUS__ligand6332-0
18,UMANUS__ligand2098-0
19,UMANUS__ligand6502-0
20,UMANUS__ligand2863-0
21,UMANUS__ligand7915-0
22,UMANUS__ligand210-0
23,UMANUS__ligand5548-0
24,UMANUS__ligand1747-0
25,UMANUS__ligand6686-0
26,UMANUS__ligand3145-0
27,UMANUS__ligand66-0
28,UMANUS__ligand170-0
29,UMANUS__ligand2751-0
30,UMANUS__ligand391-0
31,UMANUS__ligand481-0
32,UMANUS__ligand314-0
33,UMANUS__ligand2634-0
34,UMANUS__ligand1542-0
35,UMANUS__ligand3041-0
36,UMANUS__ligand1951-0
37,UMANUS__ligand1687-0
38,UMANUS__ligand6277-0
39,UMANUS__ligand1376-0
40,UMANUS__ligand2768-0
41,UMANUS__ligand784-0
42,UMANUS__ligand355-0
43,UMANUS__ligand2259-0
44,UMANUS__ligand2688-0
45,UMANUS__ligand485-0
46,UMANUS__ligand86-0
47,UMANUS__ligand291-0
48,UMANUS__ligand2629-0
49,UMANUS__ligand62-0
50,UMANUS__ligand4381-0
51,UMANUS__ligand1706-0
52,UMANUS__ligand115-0
53,UMANUS__ligand3734-0
54,UMANUS__ligand1171-0
55,UMANUS__ligand682-0
56,UMANUS__ligand3063-0
57,UMANUS__ligand1438-0
58,UMANUS__ligand18-0
59,UMANUS__ligand5801-0
60,UMANUS__ligand1459-0
61,UMANUS__ligand522-0
62,UMANUS__ligand666-0
63,UMANUS__ligand487-0
64,UMANUS__ligand1544-0
65,UMANUS__ligand447-0
66,UMANUS__ligand1685-0
67,UMANUS__ligand2087-0
68,UMANUS__ligand133-0
69,UMANUS__ligand1048-0
70,UMANUS__ligand3757-0
71,UMANUS__ligand8-0
72,UMANUS__ligand421-0
73,UMANUS__ligand67-0
74,UMANUS__ligand2907-0
75,UMANUS__ligand798-0
76,UMANUS__ligand1703-0
77,UMANUS__ligand2430-0
78,UMANUS__ligand916-0
79,UMANUS__ligand584-0
80,UMANUS__ligand294-0
81,UMANUS__ligand2320-0
82,UMANUS__ligand1056-0
83,UMANUS__ligand993-0
84,UMANUS__ligand2862-0
85,UMANUS__ligand2285-0
86,UMANUS__ligand1567-0
87,UMANUS__ligand8921-0
88,UMANUS__ligand331-0
89,UMANUS__ligand2510-0
90,UMANUS__ligand560-0
91,UMANUS__ligand525-0
92,UMANUS__ligand109-0
93,UMANUS__ligand1607-0
94,UMANUS__ligand1152-0
95,UMANUS__ligand390-0
96,UMANUS__ligand932-0
97,UMANUS__ligand134-0
98,UMANUS__ligand1727-0
99,UMANUS__ligand235-0
100,UMANUS__ligand868-0
101,UMANUS__ligand442-0
102,UMANUS__ligand136-0
103,UMANUS__ligand8774-0
104,UMANUS__ligand3637-0
105,UMANUS__ligand783-0
106,UMANUS__ligand352-0
107,UMANUS__ligand11730-0
108,UMANUS__ligand6294-0
109,UMANUS__ligand197-0
110,UMANUS__ligand1054-0
111,UMANUS__ligand296-0
112,UMANUS__ligand1598-0
113,UMANUS__ligand1248-0
114,UMANUS__ligand4303-0
115,UMANUS__ligand7464-0
116,UMANUS__ligand112-0
117,UMANUS__ligand830-0
118,UMANUS__ligand2864-0
119,UMANUS__ligand193-0
120,UMANUS__ligand252-0
121,UMANUS__ligand9495-0
122,UMANUS__ligand6151-0
123,UMANUS__ligand2772-0
124,UMANUS__ligand955-0
125,UMANUS__ligand6538-0
126,UMANUS__ligand2142-0
127,UMANUS__ligand2880-0
128,UMANUS__ligand5941-0
129,UMANUS__ligand177-0
130,UMANUS__ligand934-0
131,UMANUS__ligand2838-0
132,UMANUS__ligand3838-0
133,UMANUS__ligand1799-0
134,UMANUS__ligand45-0
135,UMANUS__ligand5022-0
136,UMANUS__ligand85-0
137,UMANUS__ligand1169-0
138,UMANUS__ligand851-0
139,UMANUS__ligand78-0
140,UMANUS__ligand909-0
141,UMANUS__ligand311-0
142,UMANUS__ligand1502-0
143,UMANUS__ligand2794-0
144,UMANUS__ligand2345-0
145,UMANUS__ligand1835-0
146,UMANUS__ligand4983-0
147,UMANUS__ligand9027-0
148,UMANUS__ligand188-0
149,UMANUS__ligand1113-0
150,UMANUS__ligand2265-0
151,UMANUS__ligand6396-0
152,UMANUS__ligand369-0
153,UMANUS__ligand444-0
154,UMANUS__ligand250-0
155,UMANUS__ligand460-0
156,UMANUS__ligand1273-0
157,UMANUS__ligand370-0
158,UMANUS__ligand1052-0
159,UMANUS__ligand17-0
160,UMANUS__ligand8032-0
161,UMANUS__ligand509-0
162,UMANUS__ligand1858-0
163,UMANUS__ligand2315-0
164,UMANUS__ligand118-0
165,UMANUS__ligand670-0
166,UMANUS__ligand3051-0
167,UMANUS__ligand4504-0
168,UMANUS__ligand2480-0
169,UMANUS__ligand571-0
170,UMANUS__ligand1898-0
171,UMANUS__ligand5334-0
172,UMANUS__ligand92-0
173,UMANUS__ligand2389-0
174,UMANUS__ligand278-0
175,UMANUS__ligand1919-0
176,UMANUS__ligand365-0
177,UMANUS__ligand430-0
178,UMANUS__ligand2110-0
179,UMANUS__ligand358-0
180,UMANUS__ligand2916-0
181,UMANUS__ligand3579-0
182,UMANUS__ligand669-0
183,UMANUS__ligand1712-0
184,UMANUS__ligand6430-0
185,UMANUS__ligand89-0
186,UMANUS__ligand1299-0
187,UMANUS__ligand1264-0
188,UMANUS__ligand1221-0
189,UMANUS__ligand1379-0
190,UMANUS__ligand2376-0
191,UMANUS__ligand2929-0
192,UMANUS__ligand49-0
193,UMANUS__ligand1325-0
194,UMANUS__ligand2482-0
195,UMANUS__ligand6571-0
196,UMANUS__ligand383-0
197,UMANUS__ligand5762-0
198,UMANUS__ligand7414-0
199,UMANUS__ligand1104-0
200,UMANUS__ligand2442-0
201,UMANUS__ligand1019-0
202,UMANUS__ligand162-0
203,UMANUS__ligand226-0
204,UMANUS__ligand3566-0
205,UMANUS__ligand497-0
206,UMANUS__ligand1178-0
207,UMANUS__ligand633-0
208,UMANUS__ligand918-0
209,UMANUS__ligand532-0
210,UMANUS__ligand1321-0
211,UMANUS__ligand1788-0
212,UMANUS__ligand166-0
213,UMANUS__ligand838-0
214,UMANUS__ligand11-0
215,UMANUS__ligand142-0
216,UMANUS__ligand206-0
217,UMANUS__ligand4894-0
218,UMANUS__ligand1260-0
219,UMANUS__ligand9620-0
220,UMANUS__ligand436-0
221,UMANUS__ligand821-0
222,UMANUS__ligand1449-1
223,UMANUS__ligand4811-0
224,UMANUS__ligand326-0
225,UMANUS__ligand1-0
226,UMANUS__ligand553-0
227,UMANUS__ligand3337-0
228,UMANUS__ligand7514-0
229,UMANUS__ligand283-0
230,UMANUS__ligand409-0
231,UMANUS__ligand361-0
232,UMANUS__ligand324-0
233,UMANUS__ligand3-0
234,UMANUS__ligand1307-0
235,UMANUS__ligand105-0
236,UMANUS__ligand140-0
237,UMANUS__ligand15630-0
238,UMANUS__ligand10357-0
239,UMANUS__ligand927-0
240,UMANUS__ligand199-0
241,UMANUS__ligand6166-0
242,UMANUS__ligand1246-0
243,UMANUS__ligand2599-0
244,UMANUS__ligand5089-0
245,UMANUS__ligand3853-0
246,UMANUS__ligand2853-0
247,UMANUS__ligand575-0
248,UMANUS__ligand366-0
249,UMANUS__ligand48-0
250,UMANUS__ligand861-0
251,UMANUS__ligand3196-0
252,UMANUS__ligand4012-0
253,UMANUS__ligand612-0
254,UMANUS__ligand4-0
255,UMANUS__ligand187-0
256,UMANUS__ligand596-0
257,UMANUS__ligand2915-0
258,UMANUS__ligand126-0
259,UMANUS__ligand2707-0
260,UMANUS__ligand51-0
261,UMANUS__ligand1690-0
262,UMANUS__ligand91-0
263,UMANUS__ligand2526-0
264,UMANUS__ligand1551-0
265,UMANUS__ligand29-0
266,UMANUS__ligand4370-0
267,UMANUS__ligand119-0
268,UMANUS__ligand1436-0
269,UMANUS__ligand124-0
270,UMANUS__ligand3618-0
271,UMANUS__ligand2618-0
272,UMANUS__ligand4175-0
273,UMANUS__ligand100-0
274,UMANUS__ligand244-0
275,UMANUS__ligand201-0
276,UMANUS__ligand32-0
277,UMANUS__ligand2255-0
278,UMANUS__ligand1918-0
279,UMANUS__ligand321-0
280,UMANUS__ligand6-0
281,UMANUS__ligand279-0
282,UMANUS__ligand178-0
283,UMANUS__ligand3251-0
284,UMANUS__ligand14530-0
285,UMANUS__ligand73-0
286,UMANUS__ligand5235-0
287,UMANUS__ligand6143-0
288,UMANUS__ligand240-0
289,UMANUS__ligand4619-0
290,UMANUS__ligand141-0
291,UMANUS__ligand1493-0
292,UMANUS__ligand2718-0
293,UMANUS__ligand3035-0
294,UMANUS__ligand3070-0
295,UMANUS__ligand9176-0
296,UMANUS__ligand3852-0
297,UMANUS__ligand10910-0
298,UMANUS__ligand3478-0
299,UMANUS__ligand5758-0
300,UMANUS__ligand57-0
301,UMANUS__ligand7456-0
302,UMANUS__ligand384-0
303,UMANUS__ligand1818-0
304,UMANUS__ligand120-0
305,UMANUS__ligand757-0
306,UMANUS__ligand1907-0
307,UMANUS__ligand55-0
308,UMANUS__ligand4423-0
309,UMANUS__ligand3890-0
310,UMANUS__ligand10114-0
311,UMANUS__ligand7630-0
312,UMANUS__ligand1555-0
313,UMANUS__ligand797-0
314,UMANUS__ligand95-0
315,UMANUS__ligand1285-0
316,UMANUS__ligand7550-0
317,UMANUS__ligand5093-0
318,UMANUS__ligand2954-0
319,UMANUS__ligand34-0
320,UMANUS__ligand10479-0
321,UMANUS__ligand2253-0
322,UMANUS__ligand1160-0
323,UMANUS__ligand1038-0
324,UMANUS__ligand2762-0
