,TMC
0,JEBJAB__ligand488-0
1,JEBJAB__ligand14723-0
2,JEBJAB__ligand27893-0
3,JEBJAB__ligand15422-0
4,JEBJAB__ligand12934-0
5,JEBJAB__ligand20578-0
6,JEBJAB__ligand358-0
7,JEBJAB__ligand430-0
8,JEBJAB__ligand6283-0
9,JEBJAB__ligand19641-0
10,JEBJAB__ligand6062-0
11,JEBJAB__ligand694-0
12,JEBJAB__ligand23713-0
13,JEBJAB__ligand11-0
14,JEBJAB__ligand18832-0
15,JEBJAB__ligand27175-0
16,JEBJAB__ligand4813-0
17,JEBJAB__ligand5813-0
18,JEBJAB__ligand30988-0
19,JEBJAB__ligand4738-0
20,JEBJAB__ligand14297-0
21,JEBJAB__ligand14603-0
22,JEBJAB__ligand17258-0
23,JEBJAB__ligand3215-0
24,JEBJAB__ligand69-0
25,JEBJAB__ligand13012-0
26,JEBJAB__ligand17631-0
27,JEBJAB__ligand26665-0
28,JEBJAB__ligand7107-0
29,JEBJAB__ligand31783-0
30,JEBJAB__ligand30296-0
31,JEBJAB__ligand3973-0
32,JEBJAB__ligand571-0
33,JEBJAB__ligand534-0
34,JEBJAB__ligand17281-0
35,JEBJAB__ligand670-0
36,JEBJAB__ligand1147-0
37,JEBJAB__ligand26540-0
38,JEBJAB__ligand29410-0
39,JEBJAB__ligand12337-0
40,JEBJAB__ligand30333-0
41,JEBJAB__ligand12606-0
42,JEBJAB__ligand2068-0
43,JEBJAB__ligand7925-0
44,JEBJAB__ligand4194-0
45,JEBJAB__ligand27460-0
46,JEBJAB__ligand7532-0
47,JEBJAB__ligand12427-0
48,JEBJAB__ligand20740-0
49,JEBJAB__ligand28468-0
50,JEBJAB__ligand2599-0
51,JEBJAB__ligand4330-0
52,JEBJAB__ligand16628-0
53,JEBJAB__ligand383-0
54,JEBJAB__ligand1065-0
55,JEBJAB__ligand7530-0
56,JEBJAB__ligand10262-0
57,JEBJAB__ligand28676-0
58,JEBJAB__ligand1449-0
59,JEBJAB__ligand416-0
60,JEBJAB__ligand3012-0
61,JEBJAB__ligand27763-0
62,JEBJAB__ligand4332-0
63,JEBJAB__ligand19057-0
64,JEBJAB__ligand226-0
65,JEBJAB__ligand18814-0
66,JEBJAB__ligand162-0
67,JEBJAB__ligand13425-0
68,JEBJAB__ligand9681-0
69,JEBJAB__ligand29302-0
70,JEBJAB__ligand14108-0
71,JEBJAB__ligand6455-0
72,JEBJAB__ligand6882-0
73,JEBJAB__ligand3934-0
74,JEBJAB__ligand12641-0
75,JEBJAB__ligand10958-0
76,JEBJAB__ligand2403-0
77,JEBJAB__ligand24185-0
78,JEBJAB__ligand9148-0
79,JEBJAB__ligand23769-0
80,JEBJAB__ligand656-0
81,JEBJAB__ligand25178-0
82,JEBJAB__ligand7529-0
83,JEBJAB__ligand17302-0
84,JEBJAB__ligand17805-0
85,JEBJAB__ligand1415-0
86,JEBJAB__ligand6946-0
87,JEBJAB__ligand13658-0
88,JEBJAB__ligand26702-0
89,JEBJAB__ligand12289-0
90,JEBJAB__ligand2830-0
91,JEBJAB__ligand18292-0
92,JEBJAB__ligand12130-0
93,JEBJAB__ligand17387-0
94,JEBJAB__ligand5627-0
95,JEBJAB__ligand12231-0
96,JEBJAB__ligand1729-0
97,JEBJAB__ligand15585-0
98,JEBJAB__ligand12401-0
99,JEBJAB__ligand24145-0
100,JEBJAB__ligand5483-0
101,JEBJAB__ligand10476-0
102,JEBJAB__ligand696-0
103,JEBJAB__ligand19830-0
104,JEBJAB__ligand13068-0
105,JEBJAB__ligand5316-0
106,JEBJAB__ligand1379-0
107,JEBJAB__ligand27482-0
108,JEBJAB__ligand2722-0
109,JEBJAB__ligand26810-0
110,JEBJAB__ligand326-0
111,JEBJAB__ligand5935-0
112,JEBJAB__ligand13208-0
113,JEBJAB__ligand1165-0
114,JEBJAB__ligand9525-0
115,JEBJAB__ligand3157-0
116,JEBJAB__ligand13390-0
117,JEBJAB__ligand1688-0
118,JEBJAB__ligand692-0
119,JEBJAB__ligand3647-0
120,JEBJAB__ligand17-0
121,JEBJAB__ligand5357-0
122,JEBJAB__ligand4850-0
123,JEBJAB__ligand5056-0
124,JEBJAB__ligand1768-0
125,JEBJAB__ligand436-0
126,JEBJAB__ligand3871-0
127,JEBJAB__ligand20682-0
128,JEBJAB__ligand1469-0
129,JEBJAB__ligand2527-0
130,JEBJAB__ligand10712-0
131,JEBJAB__ligand14174-0
132,JEBJAB__ligand11456-0
133,JEBJAB__ligand1-0
134,JEBJAB__ligand25411-0
135,JEBJAB__ligand8464-0
136,JEBJAB__ligand1709-0
137,JEBJAB__ligand8349-0
138,JEBJAB__ligand4911-0
139,JEBJAB__ligand1771-0
140,JEBJAB__ligand497-0
141,JEBJAB__ligand31832-0
142,JEBJAB__ligand3392-0
143,JEBJAB__ligand13294-0
144,JEBJAB__ligand12030-0
145,JEBJAB__ligand29879-0
146,JEBJAB__ligand14248-0
147,JEBJAB__ligand13331-0
148,JEBJAB__ligand5849-0
149,JEBJAB__ligand28884-0
150,JEBJAB__ligand633-0
151,JEBJAB__ligand3029-0
152,JEBJAB__ligand17398-0
153,JEBJAB__ligand7162-0
154,JEBJAB__ligand300-0
155,JEBJAB__ligand11675-0
156,JEBJAB__ligand2328-0
157,JEBJAB__ligand20598-0
158,JEBJAB__ligand22557-0
159,JEBJAB__ligand10589-0
160,JEBJAB__ligand4581-0
161,JEBJAB__ligand24047-0
162,JEBJAB__ligand1773-0
163,JEBJAB__ligand20011-0
164,JEBJAB__ligand17278-0
165,JEBJAB__ligand1900-0
166,JEBJAB__ligand9197-0
167,JEBJAB__ligand588-0
168,JEBJAB__ligand29414-0
169,JEBJAB__ligand17982-0
170,JEBJAB__ligand49-0
171,JEBJAB__ligand199-0
172,JEBJAB__ligand20251-1
173,JEBJAB__ligand2208-0
174,JEBJAB__ligand89-0
175,JEBJAB__ligand3208-0
176,JEBJAB__ligand3350-0
177,JEBJAB__ligand2781-0
178,JEBJAB__ligand7573-0
179,JEBJAB__ligand16475-0
180,JEBJAB__ligand14703-0
181,JEBJAB__ligand1327-0
182,JEBJAB__ligand6672-0
183,JEBJAB__ligand9809-0
184,JEBJAB__ligand3-0
185,JEBJAB__ligand8722-0
186,JEBJAB__ligand17261-0
187,JEBJAB__ligand14117-0
188,JEBJAB__ligand1533-0
189,JEBJAB__ligand20539-0
190,JEBJAB__ligand20251-0
191,JEBJAB__ligand30702-0
192,JEBJAB__ligand20214-0
193,JEBJAB__ligand21581-0
194,JEBJAB__ligand31097-0
195,JEBJAB__ligand1496-0
196,JEBJAB__ligand7557-0
197,JEBJAB__ligand29568-0
198,JEBJAB__ligand1712-0
199,JEBJAB__ligand4131-0
200,JEBJAB__ligand30851-0
201,JEBJAB__ligand324-0
202,JEBJAB__ligand361-0
203,JEBJAB__ligand14889-0
204,JEBJAB__ligand409-0
205,JEBJAB__ligand20419-0
206,JEBJAB__ligand5892-0
207,JEBJAB__ligand5094-0
208,JEBJAB__ligand17118-0
209,JEBJAB__ligand21371-0
210,JEBJAB__ligand28789-0
211,JEBJAB__ligand15438-0
212,JEBJAB__ligand5256-0
213,JEBJAB__ligand9833-0
214,JEBJAB__ligand2828-0
215,JEBJAB__ligand8876-0
216,JEBJAB__ligand28924-0
217,JEBJAB__ligand7648-0
218,JEBJAB__ligand845-0
219,JEBJAB__ligand4157-0
220,JEBJAB__ligand29087-0
221,JEBJAB__ligand2232-0
222,JEBJAB__ligand9291-0
223,JEBJAB__ligand18703-0
224,JEBJAB__ligand2176-0
225,JEBJAB__ligand1982-0
226,JEBJAB__ligand18013-0
227,JEBJAB__ligand25224-0
228,JEBJAB__ligand7000-0
229,JEBJAB__ligand17945-0
230,JEBJAB__ligand8115-0
231,JEBJAB__ligand6768-0
232,JEBJAB__ligand126-0
233,JEBJAB__ligand163-0
234,JEBJAB__ligand1285-0
235,JEBJAB__ligand17207-0
236,JEBJAB__ligand31578-0
237,JEBJAB__ligand24750-0
238,JEBJAB__ligand4-0
239,JEBJAB__ligand4503-0
240,JEBJAB__ligand4546-0
241,JEBJAB__ligand941-0
242,JEBJAB__ligand26277-0
243,JEBJAB__ligand29898-0
244,JEBJAB__ligand596-0
245,JEBJAB__ligand4016-0
246,JEBJAB__ligand10432-0
247,JEBJAB__ligand31618-0
248,JEBJAB__ligand1219-0
249,JEBJAB__ligand11432-0
250,JEBJAB__ligand6709-0
251,JEBJAB__ligand57-0
252,JEBJAB__ligand7867-0
253,JEBJAB__ligand22755-0
254,JEBJAB__ligand1790-0
255,JEBJAB__ligand1304-0
256,JEBJAB__ligand7280-0
257,JEBJAB__ligand777-0
258,JEBJAB__ligand7238-0
259,JEBJAB__ligand9784-0
260,JEBJAB__ligand24064-0
261,JEBJAB__ligand23589-0
262,JEBJAB__ligand7629-0
263,JEBJAB__ligand1451-0
264,JEBJAB__ligand366-0
265,JEBJAB__ligand4272-0
266,JEBJAB__ligand4442-0
267,JEBJAB__ligand4093-0
268,JEBJAB__ligand187-0
269,JEBJAB__ligand3954-0
270,JEBJAB__ligand15168-0
271,JEBJAB__ligand8699-0
272,JEBJAB__ligand657-0
273,JEBJAB__ligand1160-0
274,JEBJAB__ligand9520-0
275,JEBJAB__ligand7106-0
276,JEBJAB__ligand31483-0
277,JEBJAB__ligand321-0
278,JEBJAB__ligand10555-0
279,JEBJAB__ligand7242-0
280,JEBJAB__ligand178-0
281,JEBJAB__ligand24613-0
282,JEBJAB__ligand279-0
283,JEBJAB__ligand68-0
284,JEBJAB__ligand19725-0
285,JEBJAB__ligand1263-0
286,JEBJAB__ligand185-0
287,JEBJAB__ligand9908-0
288,JEBJAB__ligand1536-0
289,JEBJAB__ligand201-0
290,JEBJAB__ligand1573-0
291,JEBJAB__ligand21421-0
292,JEBJAB__ligand55-0
293,JEBJAB__ligand9935-0
294,JEBJAB__ligand3504-0
295,JEBJAB__ligand11774-0
296,JEBJAB__ligand1959-0
297,JEBJAB__ligand14586-0
298,JEBJAB__ligand1844-0
299,JEBJAB__ligand4661-0
300,JEBJAB__ligand20579-0
301,JEBJAB__ligand17710-0
302,JEBJAB__ligand3718-0
303,JEBJAB__ligand3876-0
304,JEBJAB__ligand1343-0
305,JEBJAB__ligand11568-0
306,JEBJAB__ligand3035-0
307,JEBJAB__ligand6616-0
308,JEBJAB__ligand17240-0
309,JEBJAB__ligand3565-0
310,JEBJAB__ligand17590-0
311,JEBJAB__ligand1512-0
312,JEBJAB__ligand34-0
313,JEBJAB__ligand5331-0
314,JEBJAB__ligand3852-0
315,JEBJAB__ligand2485-0
316,JEBJAB__ligand338-0
317,JEBJAB__ligand6919-0
318,JEBJAB__ligand12682-0
319,JEBJAB__ligand18699-0
320,JEBJAB__ligand3094-0
321,JEBJAB__ligand4155-0
322,JEBJAB__ligand5211-0
323,JEBJAB__ligand8969-0
324,JEBJAB__ligand3174-0
325,JEBJAB__ligand1202-0
326,JEBJAB__ligand3937-0
327,JEBJAB__ligand3131-0
328,JEBJAB__ligand6839-0
329,JEBJAB__ligand13072-0
330,JEBJAB__ligand4720-0
331,JEBJAB__ligand12336-0
332,JEBJAB__ligand384-0
333,JEBJAB__ligand21936-0
334,JEBJAB__ligand4641-0
335,JEBJAB__ligand13257-0
336,JEBJAB__ligand23904-0
337,JEBJAB__ligand10084-0
338,JEBJAB__ligand25267-0
339,JEBJAB__ligand12467-0
340,JEBJAB__ligand1142-0
341,JEBJAB__ligand3234-0
342,JEBJAB__ligand18391-0
343,JEBJAB__ligand48-0
344,JEBJAB__ligand14523-0
345,JEBJAB__ligand27169-0
346,JEBJAB__ligand2028-0
347,JEBJAB__ligand8835-0
348,JEBJAB__ligand7126-0
349,JEBJAB__ligand27074-0
350,JEBJAB__ligand768-0
351,JEBJAB__ligand20599-0
352,JEBJAB__ligand25805-0
353,JEBJAB__ligand22981-0
354,JEBJAB__ligand7819-0
355,JEBJAB__ligand2917-0
356,JEBJAB__ligand18799-0
357,JEBJAB__ligand18465-0
358,JEBJAB__ligand91-0
359,JEBJAB__ligand3465-0
360,JEBJAB__ligand16791-0
361,JEBJAB__ligand28668-0
362,JEBJAB__ligand3721-0
363,JEBJAB__ligand6904-0
364,JEBJAB__ligand6596-0
365,JEBJAB__ligand6102-0
366,JEBJAB__ligand29610-0
367,JEBJAB__ligand11140-0
368,JEBJAB__ligand4620-0
369,JEBJAB__ligand141-0
370,JEBJAB__ligand1577-0
371,JEBJAB__ligand6067-0
372,JEBJAB__ligand13869-0
373,JEBJAB__ligand51-0
374,JEBJAB__ligand240-0
375,JEBJAB__ligand2295-0
376,JEBJAB__ligand18074-0
377,JEBJAB__ligand29863-0
378,JEBJAB__ligand2332-0
379,JEBJAB__ligand12519-0
380,JEBJAB__ligand25735-0
381,JEBJAB__ligand9441-0
382,JEBJAB__ligand23124-0
383,JEBJAB__ligand11206-0
384,JEBJAB__ligand9933-0
385,JEBJAB__ligand1530-0
386,JEBJAB__ligand16-0
387,JEBJAB__ligand1575-0
388,JEBJAB__ligand693-0
389,JEBJAB__ligand1631-0
390,JEBJAB__ligand25650-0
391,JEBJAB__ligand31248-0
392,JEBJAB__ligand2915-0
393,JEBJAB__ligand3156-0
394,JEBJAB__ligand1378-0
395,JEBJAB__ligand12660-0
396,JEBJAB__ligand19257-0
397,JEBJAB__ligand13209-0
398,JEBJAB__ligand6244-0
399,JEBJAB__ligand9601-0
400,JEBJAB__ligand25689-0
401,JEBJAB__ligand25575-0
402,JEBJAB__ligand21787-0
403,JEBJAB__ligand8992-0
404,JEBJAB__ligand4116-0
405,JEBJAB__ligand1018-0
406,JEBJAB__ligand27835-0
407,JEBJAB__ligand7967-0
408,JEBJAB__ligand3707-0
409,JEBJAB__ligand6124-0
410,JEBJAB__ligand12295-0
411,JEBJAB__ligand8721-0
412,JEBJAB__ligand23906-0
413,JEBJAB__ligand1324-0
414,JEBJAB__ligand11166-0
415,JEBJAB__ligand757-0
416,JEBJAB__ligand1823-0
417,JEBJAB__ligand21132-0
418,JEBJAB__ligand5643-0
419,JEBJAB__ligand122-0
420,JEBJAB__ligand1615-0
421,JEBJAB__ligand2526-0
422,JEBJAB__ligand5036-0
423,JEBJAB__ligand30539-0
424,JEBJAB__ligand32-0
425,JEBJAB__ligand9952-0
426,JEBJAB__ligand9111-0
427,JEBJAB__ligand8000-0
428,JEBJAB__ligand3736-0
429,JEBJAB__ligand20557-0
430,JEBJAB__ligand30004-0
431,JEBJAB__ligand9344-0
432,JEBJAB__ligand5383-0
433,JEBJAB__ligand2693-0
434,JEBJAB__ligand3945-0
435,JEBJAB__ligand196-0
436,JEBJAB__ligand13755-0
437,JEBJAB__ligand16133-0
438,JEBJAB__ligand27122-0
439,JEBJAB__ligand20432-0
440,JEBJAB__ligand686-0
441,JEBJAB__ligand9299-0
442,JEBJAB__ligand2985-0
443,JEBJAB__ligand4007-0
444,JEBJAB__ligand23445-0
445,JEBJAB__ligand24953-0
446,JEBJAB__ligand21940-0
447,JEBJAB__ligand9883-0
448,JEBJAB__ligand3677-1
449,JEBJAB__ligand25048-0
450,JEBJAB__ligand7291-0
451,JEBJAB__ligand422-0
452,JEBJAB__ligand1294-0
453,JEBJAB__ligand21752-0
454,JEBJAB__ligand1168-0
455,JEBJAB__ligand3632-0
456,JEBJAB__ligand3677-0
457,JEBJAB__ligand14339-0
458,JEBJAB__ligand6699-0
459,JEBJAB__ligand13691-0
460,JEBJAB__ligand30788-0
461,JEBJAB__ligand393-0
462,JEBJAB__ligand2881-0
463,JEBJAB__ligand1499-0
464,JEBJAB__ligand1464-0
465,JEBJAB__ligand3712-0
466,JEBJAB__ligand353-0
467,JEBJAB__ligand24560-0
468,JEBJAB__ligand1211-0
469,JEBJAB__ligand18757-0
470,JEBJAB__ligand6892-0
471,JEBJAB__ligand24624-0
472,JEBJAB__ligand20844-0
473,JEBJAB__ligand18413-0
474,JEBJAB__ligand314-0
475,JEBJAB__ligand780-0
476,JEBJAB__ligand14007-0
477,JEBJAB__ligand813-0
478,JEBJAB__ligand4101-0
479,JEBJAB__ligand18019-1
480,JEBJAB__ligand5595-0
481,JEBJAB__ligand2221-0
482,JEBJAB__ligand27550-0
483,JEBJAB__ligand3120-0
484,JEBJAB__ligand3926-0
485,JEBJAB__ligand18-0
486,JEBJAB__ligand4358-0
487,JEBJAB__ligand16956-0
488,JEBJAB__ligand14226-0
489,JEBJAB__ligand21339-0
490,JEBJAB__ligand5099-0
491,JEBJAB__ligand8592-0
492,JEBJAB__ligand20942-1
493,JEBJAB__ligand1197-0
494,JEBJAB__ligand618-0
495,JEBJAB__ligand2259-0
496,JEBJAB__ligand1296-0
497,JEBJAB__ligand23682-0
498,JEBJAB__ligand391-0
499,JEBJAB__ligand29565-0
500,JEBJAB__ligand27771-0
501,JEBJAB__ligand5510-0
502,JEBJAB__ligand1376-0
503,JEBJAB__ligand9773-0
504,JEBJAB__ligand18158-0
505,JEBJAB__ligand20731-0
506,JEBJAB__ligand29334-0
507,JEBJAB__ligand12413-0
508,JEBJAB__ligand2238-0
509,JEBJAB__ligand5304-0
510,JEBJAB__ligand11798-0
511,JEBJAB__ligand9167-0
512,JEBJAB__ligand14477-0
513,JEBJAB__ligand2822-0
514,JEBJAB__ligand7293-0
515,JEBJAB__ligand17069-0
516,JEBJAB__ligand1317-0
517,JEBJAB__ligand3867-0
518,JEBJAB__ligand465-0
519,JEBJAB__ligand17445-0
520,JEBJAB__ligand29214-0
521,JEBJAB__ligand1407-0
522,JEBJAB__ligand6117-0
523,JEBJAB__ligand5509-0
524,JEBJAB__ligand8002-0
525,JEBJAB__ligand11544-0
526,JEBJAB__ligand11501-0
527,JEBJAB__ligand21448-0
528,JEBJAB__ligand7762-0
529,JEBJAB__ligand5080-0
530,JEBJAB__ligand314-1
531,JEBJAB__ligand11758-0
532,JEBJAB__ligand22357-0
533,JEBJAB__ligand10151-0
534,JEBJAB__ligand5159-0
535,JEBJAB__ligand7196-0
536,JEBJAB__ligand9753-0
537,JEBJAB__ligand5530-0
538,JEBJAB__ligand1356-0
539,JEBJAB__ligand1787-0
540,JEBJAB__ligand3178-0
541,JEBJAB__ligand115-0
542,JEBJAB__ligand4807-0
543,JEBJAB__ligand4711-0
544,JEBJAB__ligand3244-0
545,JEBJAB__ligand22353-0
546,JEBJAB__ligand38-0
547,JEBJAB__ligand2906-0
548,JEBJAB__ligand19906-0
549,JEBJAB__ligand19668-0
550,JEBJAB__ligand833-0
551,JEBJAB__ligand8793-0
552,JEBJAB__ligand2788-0
553,JEBJAB__ligand5649-0
554,JEBJAB__ligand4649-0
555,JEBJAB__ligand11479-0
556,JEBJAB__ligand2124-0
557,JEBJAB__ligand27610-0
558,JEBJAB__ligand10479-0
559,JEBJAB__ligand8612-0
560,JEBJAB__ligand3225-0
561,JEBJAB__ligand1153-0
562,JEBJAB__ligand1116-0
563,JEBJAB__ligand7092-0
564,JEBJAB__ligand2260-0
565,JEBJAB__ligand10853-0
566,JEBJAB__ligand29441-0
567,JEBJAB__ligand9323-0
568,JEBJAB__ligand24851-0
569,JEBJAB__ligand7273-0
570,JEBJAB__ligand14302-0
571,JEBJAB__ligand13657-0
572,JEBJAB__ligand14347-0
573,JEBJAB__ligand784-0
574,JEBJAB__ligand11698-0
575,JEBJAB__ligand20530-0
576,JEBJAB__ligand7172-0
577,JEBJAB__ligand5180-0
578,JEBJAB__ligand20220-0
579,JEBJAB__ligand368-0
580,JEBJAB__ligand20121-0
581,JEBJAB__ligand395-0
582,JEBJAB__ligand15387-0
583,JEBJAB__ligand5708-0
584,JEBJAB__ligand7316-0
585,JEBJAB__ligand29813-0
586,JEBJAB__ligand16952-0
587,JEBJAB__ligand6017-0
588,JEBJAB__ligand11177-0
589,JEBJAB__ligand8788-0
590,JEBJAB__ligand746-0
591,JEBJAB__ligand1832-0
592,JEBJAB__ligand15455-0
593,JEBJAB__ligand2043-0
594,JEBJAB__ligand447-0
595,JEBJAB__ligand66-0
596,JEBJAB__ligand9943-0
597,JEBJAB__ligand1228-0
598,JEBJAB__ligand176-0
599,JEBJAB__ligand31205-0
600,JEBJAB__ligand1604-0
601,JEBJAB__ligand17686-0
602,JEBJAB__ligand25658-0
603,JEBJAB__ligand11814-0
604,JEBJAB__ligand1114-0
605,JEBJAB__ligand16603-0
606,JEBJAB__ligand9284-0
607,JEBJAB__ligand3126-0
608,JEBJAB__ligand6391-0
609,JEBJAB__ligand16870-0
610,JEBJAB__ligand487-0
611,JEBJAB__ligand2417-0
612,JEBJAB__ligand11622-0
613,JEBJAB__ligand26673-0
614,JEBJAB__ligand506-0
615,JEBJAB__ligand2203-0
616,JEBJAB__ligand20821-0
617,JEBJAB__ligand5387-0
618,JEBJAB__ligand1289-0
619,JEBJAB__ligand11606-0
620,JEBJAB__ligand31000-0
621,JEBJAB__ligand8-0
622,JEBJAB__ligand11252-0
623,JEBJAB__ligand9450-0
624,JEBJAB__ligand13260-0
625,JEBJAB__ligand10582-0
626,JEBJAB__ligand1599-0
627,JEBJAB__ligand152-0
628,JEBJAB__ligand18067-0
629,JEBJAB__ligand2612-0
630,JEBJAB__ligand19824-0
631,JEBJAB__ligand42-0
632,JEBJAB__ligand7566-0
633,JEBJAB__ligand11618-0
634,JEBJAB__ligand2001-0
635,JEBJAB__ligand9944-0
636,JEBJAB__ligand8593-0
637,JEBJAB__ligand24-0
638,JEBJAB__ligand235-0
639,JEBJAB__ligand26529-0
640,JEBJAB__ligand134-0
641,JEBJAB__ligand1113-0
642,JEBJAB__ligand8553-0
643,JEBJAB__ligand27239-0
644,JEBJAB__ligand21729-0
645,JEBJAB__ligand560-0
646,JEBJAB__ligand19-0
647,JEBJAB__ligand19927-0
648,JEBJAB__ligand5201-0
649,JEBJAB__ligand14043-0
650,JEBJAB__ligand26324-0
651,JEBJAB__ligand28559-0
652,JEBJAB__ligand12003-0
653,JEBJAB__ligand78-0
654,JEBJAB__ligand26631-0
655,JEBJAB__ligand16148-0
656,JEBJAB__ligand5415-0
657,JEBJAB__ligand10872-0
658,JEBJAB__ligand21399-0
659,JEBJAB__ligand294-0
660,JEBJAB__ligand4124-0
661,JEBJAB__ligand4161-0
662,JEBJAB__ligand3471-0
663,JEBJAB__ligand29215-0
664,JEBJAB__ligand20695-0
665,JEBJAB__ligand2823-0
666,JEBJAB__ligand27754-0
667,JEBJAB__ligand421-0
668,JEBJAB__ligand11111-0
669,JEBJAB__ligand28540-0
670,JEBJAB__ligand16369-0
671,JEBJAB__ligand6995-0
672,JEBJAB__ligand22403-0
673,JEBJAB__ligand3180-0
674,JEBJAB__ligand2281-0
675,JEBJAB__ligand2650-0
676,JEBJAB__ligand4340-0
677,JEBJAB__ligand685-0
678,JEBJAB__ligand45-0
679,JEBJAB__ligand1050-0
680,JEBJAB__ligand1015-0
681,JEBJAB__ligand13220-0
682,JEBJAB__ligand11587-0
683,JEBJAB__ligand2027-0
684,JEBJAB__ligand15788-0
685,JEBJAB__ligand23175-0
686,JEBJAB__ligand17396-0
687,JEBJAB__ligand13385-0
688,JEBJAB__ligand14569-0
689,JEBJAB__ligand22444-0
690,JEBJAB__ligand24111-0
691,JEBJAB__ligand24644-0
692,JEBJAB__ligand2692-0
693,JEBJAB__ligand10033-0
694,JEBJAB__ligand1618-0
695,JEBJAB__ligand197-0
696,JEBJAB__ligand12001-0
697,JEBJAB__ligand30728-0
698,JEBJAB__ligand4262-0
699,JEBJAB__ligand27840-0
700,JEBJAB__ligand1028-0
701,JEBJAB__ligand24872-0
702,JEBJAB__ligand9615-0
703,JEBJAB__ligand25561-0
704,JEBJAB__ligand1154-0
705,JEBJAB__ligand4596-0
706,JEBJAB__ligand11949-0
707,JEBJAB__ligand1498-0
708,JEBJAB__ligand783-0
709,JEBJAB__ligand352-0
710,JEBJAB__ligand24780-0
711,JEBJAB__ligand12138-0
712,JEBJAB__ligand22129-0
713,JEBJAB__ligand868-0
714,JEBJAB__ligand17427-0
715,JEBJAB__ligand8529-0
716,JEBJAB__ligand31694-0
717,JEBJAB__ligand1169-0
718,JEBJAB__ligand29486-0
719,JEBJAB__ligand4207-0
720,JEBJAB__ligand22294-0
721,JEBJAB__ligand28930-0
722,JEBJAB__ligand22168-0
723,JEBJAB__ligand3416-0
724,JEBJAB__ligand3453-0
725,JEBJAB__ligand21919-0
726,JEBJAB__ligand10056-0
727,JEBJAB__ligand12365-0
728,JEBJAB__ligand909-0
729,JEBJAB__ligand1150-0
730,JEBJAB__ligand15531-0
731,JEBJAB__ligand28743-0
732,JEBJAB__ligand13862-0
733,JEBJAB__ligand11357-0
734,JEBJAB__ligand1539-0
735,JEBJAB__ligand24230-0
736,JEBJAB__ligand67-0
737,JEBJAB__ligand11096-0
738,JEBJAB__ligand11447-0
739,JEBJAB__ligand28810-0
740,JEBJAB__ligand10828-0
741,JEBJAB__ligand4063-0
742,JEBJAB__ligand177-0
743,JEBJAB__ligand19792-0
744,JEBJAB__ligand8200-0
745,JEBJAB__ligand7438-0
746,JEBJAB__ligand15926-0
747,JEBJAB__ligand11970-0
748,JEBJAB__ligand15883-0
749,JEBJAB__ligand3042-0
750,JEBJAB__ligand1149-0
751,JEBJAB__ligand25913-0
752,JEBJAB__ligand116-0
753,JEBJAB__ligand16988-0
754,JEBJAB__ligand3557-0
755,JEBJAB__ligand3980-0
756,JEBJAB__ligand7075-0
757,JEBJAB__ligand43-0
758,JEBJAB__ligand252-0
759,JEBJAB__ligand30711-0
760,JEBJAB__ligand20207-0
761,JEBJAB__ligand11682-0
762,JEBJAB__ligand9750-0
763,JEBJAB__ligand1817-0
764,JEBJAB__ligand6993-0
765,JEBJAB__ligand1779-0
766,JEBJAB__ligand830-0
767,JEBJAB__ligand24035-0
768,JEBJAB__ligand4167-0
769,JEBJAB__ligand11994-0
770,JEBJAB__ligand9491-0
771,JEBJAB__ligand31842-0
772,JEBJAB__ligand372-0
773,JEBJAB__ligand4266-0
774,JEBJAB__ligand1400-0
775,JEBJAB__ligand31044-0
776,JEBJAB__ligand193-0
777,JEBJAB__ligand16663-0
778,JEBJAB__ligand14614-0
779,JEBJAB__ligand1288-0
780,JEBJAB__ligand370-0
781,JEBJAB__ligand6112-0
782,JEBJAB__ligand8042-0
783,JEBJAB__ligand13672-0
784,JEBJAB__ligand1397-0
785,JEBJAB__ligand7213-0
786,JEBJAB__ligand28685-0
787,JEBJAB__ligand18568-0
788,JEBJAB__ligand1828-0
789,JEBJAB__ligand4710-0
790,JEBJAB__ligand5755-0
791,JEBJAB__ligand10371-0
792,JEBJAB__ligand3144-0
793,JEBJAB__ligand5085-0
794,JEBJAB__ligand3285-0
795,JEBJAB__ligand4795-0
796,JEBJAB__ligand250-0
797,JEBJAB__ligand28459-0
798,JEBJAB__ligand1908-0
799,JEBJAB__ligand18448-0
800,JEBJAB__ligand12453-0
801,JEBJAB__ligand5630-0
802,JEBJAB__ligand19184-0
803,JEBJAB__ligand1786-0
804,JEBJAB__ligand14167-0
805,JEBJAB__ligand13477-0
806,JEBJAB__ligand188-0
807,JEBJAB__ligand27669-0
808,JEBJAB__ligand30142-0
809,JEBJAB__ligand5515-0
810,JEBJAB__ligand6663-0
811,JEBJAB__ligand5614-0
812,JEBJAB__ligand5280-0
813,JEBJAB__ligand1831-0
814,JEBJAB__ligand1849-0
815,JEBJAB__ligand23197-0
816,JEBJAB__ligand479-0
817,JEBJAB__ligand785-0
818,JEBJAB__ligand311-0
819,JEBJAB__ligand1216-0
820,JEBJAB__ligand29029-0
821,JEBJAB__ligand564-0
822,JEBJAB__ligand27285-0
823,JEBJAB__ligand620-0
824,JEBJAB__ligand3261-0
825,JEBJAB__ligand1152-0
826,JEBJAB__ligand5019-0
827,JEBJAB__ligand370-1
