,TMC
0,TONBED__ligand13260-0
1,TONBED__ligand1288-0
2,TONBED__ligand10582-0
3,TONBED__ligand11252-0
4,TONBED__ligand777-0
5,TONBED__ligand18067-0
6,TONBED__ligand941-0
7,TONBED__ligand596-0
8,TONBED__ligand1400-0
9,TONBED__ligand4266-0
10,TONBED__ligand19824-0
11,TONBED__ligand9491-0
12,TONBED__ligand4167-0
13,TONBED__ligand1779-0
14,TONBED__ligand1817-0
15,TONBED__ligand187-0
16,TONBED__ligand6993-0
17,TONBED__ligand20821-0
18,TONBED__ligand9750-0
19,TONBED__ligand26673-0
20,TONBED__ligand657-0
21,TONBED__ligand31000-0
22,TONBED__ligand7075-0
23,TONBED__ligand3557-0
24,TONBED__ligand366-0
25,TONBED__ligand3980-0
26,TONBED__ligand11606-0
27,TONBED__ligand1149-0
28,TONBED__ligand3042-0
29,TONBED__ligand16603-0
30,TONBED__ligand11814-0
31,TONBED__ligand7438-0
32,TONBED__ligand8200-0
33,TONBED__ligand11622-0
34,TONBED__ligand4063-0
35,TONBED__ligand16870-0
36,TONBED__ligand845-0
37,TONBED__ligand1539-0
38,TONBED__ligand15455-0
39,TONBED__ligand1150-0
40,TONBED__ligand11177-0
41,TONBED__ligand17686-0
42,TONBED__ligand25658-0
43,TONBED__ligand3416-0
44,TONBED__ligand3453-0
45,TONBED__ligand31205-0
46,TONBED__ligand17-0
47,TONBED__ligand126-0
48,TONBED__ligand4207-0
49,TONBED__ligand163-0
50,TONBED__ligand338-0
51,TONBED__ligand5019-0
52,TONBED__ligand15387-0
53,TONBED__ligand20121-0
54,TONBED__ligand3261-0
55,TONBED__ligand1152-0
56,TONBED__ligand20220-0
57,TONBED__ligand1216-0
58,TONBED__ligand29813-0
59,TONBED__ligand16952-0
60,TONBED__ligand1849-0
61,TONBED__ligand10853-0
62,TONBED__ligand29441-0
63,TONBED__ligand1831-0
64,TONBED__ligand5614-0
65,TONBED__ligand5280-0
66,TONBED__ligand6663-0
67,TONBED__ligand11479-0
68,TONBED__ligand5515-0
69,TONBED__ligand27610-0
70,TONBED__ligand10479-0
71,TONBED__ligand11698-0
72,TONBED__ligand20530-0
73,TONBED__ligand14347-0
74,TONBED__ligand13657-0
75,TONBED__ligand14302-0
76,TONBED__ligand24851-0
77,TONBED__ligand1786-0
78,TONBED__ligand49-0
79,TONBED__ligand178-0
80,TONBED__ligand185-0
81,TONBED__ligand5630-0
82,TONBED__ligand22353-0
83,TONBED__ligand279-0
84,TONBED__ligand1908-0
85,TONBED__ligand321-0
86,TONBED__ligand19668-0
87,TONBED__ligand3285-0
88,TONBED__ligand4795-0
89,TONBED__ligand19906-0
90,TONBED__ligand5085-0
91,TONBED__ligand3144-0
92,TONBED__ligand5755-0
93,TONBED__ligand4710-0
94,TONBED__ligand10151-0
95,TONBED__ligand1828-0
96,TONBED__ligand7213-0
97,TONBED__ligand201-0
98,TONBED__ligand1397-0
99,TONBED__ligand89-0
100,TONBED__ligand8042-0
101,TONBED__ligand6112-0
102,TONBED__ligand11501-0
103,TONBED__ligand11544-0
104,TONBED__ligand4340-0
105,TONBED__ligand2650-0
106,TONBED__ligand2281-0
107,TONBED__ligand29214-0
108,TONBED__ligand3180-0
109,TONBED__ligand6995-0
110,TONBED__ligand11758-0
111,TONBED__ligand22357-0
112,TONBED__ligand2823-0
113,TONBED__ligand21448-0
114,TONBED__ligand141-0
115,TONBED__ligand11798-0
116,TONBED__ligand4-0
117,TONBED__ligand29334-0
118,TONBED__ligand12413-0
119,TONBED__ligand20731-0
120,TONBED__ligand4124-0
121,TONBED__ligand4161-0
122,TONBED__ligand3471-0
123,TONBED__ligand240-0
124,TONBED__ligand17445-0
125,TONBED__ligand17069-0
126,TONBED__ligand5415-0
127,TONBED__ligand14477-0
128,TONBED__ligand5201-0
129,TONBED__ligand21339-0
130,TONBED__ligand14226-0
131,TONBED__ligand11-0
132,TONBED__ligand16956-0
133,TONBED__ligand20942-1
134,TONBED__ligand18158-0
135,TONBED__ligand27771-0
136,TONBED__ligand384-0
137,TONBED__ligand29565-0
138,TONBED__ligand8553-0
139,TONBED__ligand1113-0
140,TONBED__ligand23682-0
141,TONBED__ligand18019-1
142,TONBED__ligand14007-0
143,TONBED__ligand8593-0
144,TONBED__ligand9944-0
145,TONBED__ligand768-0
146,TONBED__ligand69-0
147,TONBED__ligand2001-0
148,TONBED__ligand27550-0
149,TONBED__ligand7566-0
150,TONBED__ligand1169-0
151,TONBED__ligand8529-0
152,TONBED__ligand24624-0
153,TONBED__ligand18413-0
154,TONBED__ligand20844-0
155,TONBED__ligand24560-0
156,TONBED__ligand18757-0
157,TONBED__ligand122-0
158,TONBED__ligand1498-0
159,TONBED__ligand21752-0
160,TONBED__ligand4596-0
161,TONBED__ligand1154-0
162,TONBED__ligand13691-0
163,TONBED__ligand30788-0
164,TONBED__ligand757-0
165,TONBED__ligand14339-0
166,TONBED__ligand9615-0
167,TONBED__ligand24953-0
168,TONBED__ligand693-0
169,TONBED__ligand23445-0
170,TONBED__ligand1028-0
171,TONBED__ligand20432-0
172,TONBED__ligand27122-0
173,TONBED__ligand4262-0
174,TONBED__ligand16133-0
175,TONBED__ligand13755-0
176,TONBED__ligand1618-0
177,TONBED__ligand25048-0
178,TONBED__ligand2692-0
179,TONBED__ligand21940-0
180,TONBED__ligand30004-0
181,TONBED__ligand20557-0
182,TONBED__ligand2027-0
183,TONBED__ligand1050-0
184,TONBED__ligand1015-0
185,TONBED__ligand6017-0
186,TONBED__ligand23197-0
187,TONBED__ligand7316-0
188,TONBED__ligand5708-0
189,TONBED__ligand91-0
190,TONBED__ligand571-0
191,TONBED__ligand534-0
192,TONBED__ligand670-0
193,TONBED__ligand29029-0
194,TONBED__ligand5180-0
195,TONBED__ligand27285-0
196,TONBED__ligand7172-0
197,TONBED__ligand30142-0
198,TONBED__ligand51-0
199,TONBED__ligand27669-0
200,TONBED__ligand7273-0
201,TONBED__ligand13477-0
202,TONBED__ligand14167-0
203,TONBED__ligand9323-0
204,TONBED__ligand7092-0
205,TONBED__ligand2260-0
206,TONBED__ligand3225-0
207,TONBED__ligand1153-0
208,TONBED__ligand1116-0
209,TONBED__ligand8612-0
210,TONBED__ligand2124-0
211,TONBED__ligand4649-0
212,TONBED__ligand8793-0
213,TONBED__ligand12453-0
214,TONBED__ligand18448-0
215,TONBED__ligand5649-0
216,TONBED__ligand2788-0
217,TONBED__ligand28459-0
218,TONBED__ligand694-0
219,TONBED__ligand1-0
220,TONBED__ligand2906-0
221,TONBED__ligand488-0
222,TONBED__ligand4711-0
223,TONBED__ligand430-0
224,TONBED__ligand3244-0
225,TONBED__ligand19184-0
226,TONBED__ligand358-0
227,TONBED__ligand18568-0
228,TONBED__ligand28685-0
229,TONBED__ligand4807-0
230,TONBED__ligand3178-0
231,TONBED__ligand13672-0
232,TONBED__ligand48-0
233,TONBED__ligand1787-0
234,TONBED__ligand1356-0
235,TONBED__ligand5530-0
236,TONBED__ligand10371-0
237,TONBED__ligand9753-0
238,TONBED__ligand7196-0
239,TONBED__ligand5159-0
240,TONBED__ligand31044-0
241,TONBED__ligand31842-0
242,TONBED__ligand2612-0
243,TONBED__ligand11994-0
244,TONBED__ligand24035-0
245,TONBED__ligand1599-0
246,TONBED__ligand9450-0
247,TONBED__ligand14614-0
248,TONBED__ligand16663-0
249,TONBED__ligand656-0
250,TONBED__ligand3-0
251,TONBED__ligand32-0
252,TONBED__ligand25913-0
253,TONBED__ligand696-0
254,TONBED__ligand16988-0
255,TONBED__ligand1289-0
256,TONBED__ligand2203-0
257,TONBED__ligand5387-0
258,TONBED__ligand11682-0
259,TONBED__ligand30711-0
260,TONBED__ligand20207-0
261,TONBED__ligand15926-0
262,TONBED__ligand10828-0
263,TONBED__ligand2417-0
264,TONBED__ligand19792-0
265,TONBED__ligand226-0
266,TONBED__ligand16-0
267,TONBED__ligand11096-0
268,TONBED__ligand11447-0
269,TONBED__ligand28810-0
270,TONBED__ligand162-0
271,TONBED__ligand24230-0
272,TONBED__ligand6391-0
273,TONBED__ligand3126-0
274,TONBED__ligand383-0
275,TONBED__ligand9284-0
276,TONBED__ligand15883-0
277,TONBED__ligand416-0
278,TONBED__ligand1114-0
279,TONBED__ligand11970-0
280,TONBED__ligand21919-0
281,TONBED__ligand1604-0
282,TONBED__ligand22168-0
283,TONBED__ligand28930-0
284,TONBED__ligand1228-0
285,TONBED__ligand9943-0
286,TONBED__ligand22294-0
287,TONBED__ligand2043-0
288,TONBED__ligand28743-0
289,TONBED__ligand15531-0
290,TONBED__ligand13862-0
291,TONBED__ligand11357-0
292,TONBED__ligand1832-0
293,TONBED__ligand8788-0
294,TONBED__ligand12365-0
295,TONBED__ligand10056-0
296,TONBED__ligand6892-0
297,TONBED__ligand17427-0
298,TONBED__ligand1211-0
299,TONBED__ligand29486-0
300,TONBED__ligand57-0
301,TONBED__ligand1464-0
302,TONBED__ligand3712-0
303,TONBED__ligand1499-0
304,TONBED__ligand2881-0
305,TONBED__ligand31694-0
306,TONBED__ligand6699-0
307,TONBED__ligand633-0
308,TONBED__ligand25561-0
309,TONBED__ligand22129-0
310,TONBED__ligand3632-0
311,TONBED__ligand3677-0
312,TONBED__ligand497-0
313,TONBED__ligand24780-0
314,TONBED__ligand12138-0
315,TONBED__ligand1168-0
316,TONBED__ligand1294-0
317,TONBED__ligand11949-0
318,TONBED__ligand12001-0
319,TONBED__ligand7291-0
320,TONBED__ligand10033-0
321,TONBED__ligand3677-1
322,TONBED__ligand9883-0
323,TONBED__ligand24644-0
324,TONBED__ligand4007-0
325,TONBED__ligand24872-0
326,TONBED__ligand326-0
327,TONBED__ligand2985-0
328,TONBED__ligand9299-0
329,TONBED__ligand27840-0
330,TONBED__ligand30728-0
331,TONBED__ligand17396-0
332,TONBED__ligand15788-0
333,TONBED__ligand3945-0
334,TONBED__ligand23175-0
335,TONBED__ligand13220-0
336,TONBED__ligand11587-0
337,TONBED__ligand5383-0
338,TONBED__ligand2693-0
339,TONBED__ligand436-0
340,TONBED__ligand22444-0
341,TONBED__ligand692-0
342,TONBED__ligand24111-0
343,TONBED__ligand9344-0
344,TONBED__ligand14569-0
345,TONBED__ligand3736-0
346,TONBED__ligand13385-0
347,TONBED__ligand8000-0
348,TONBED__ligand16369-0
349,TONBED__ligand11111-0
350,TONBED__ligand28540-0
351,TONBED__ligand20695-0
352,TONBED__ligand7762-0
353,TONBED__ligand27754-0
354,TONBED__ligand5080-0
355,TONBED__ligand34-0
356,TONBED__ligand5509-0
357,TONBED__ligand8002-0
358,TONBED__ligand1407-0
359,TONBED__ligand6117-0
360,TONBED__ligand22403-0
361,TONBED__ligand10872-0
362,TONBED__ligand21399-0
363,TONBED__ligand16148-0
364,TONBED__ligand26631-0
365,TONBED__ligand1317-0
366,TONBED__ligand3867-0
367,TONBED__ligand2822-0
368,TONBED__ligand7293-0
369,TONBED__ligand12003-0
370,TONBED__ligand9167-0
371,TONBED__ligand5304-0
372,TONBED__ligand2238-0
373,TONBED__ligand29215-0
374,TONBED__ligand409-0
375,TONBED__ligand324-0
376,TONBED__ligand361-0
377,TONBED__ligand9773-0
378,TONBED__ligand588-0
379,TONBED__ligand68-0
380,TONBED__ligand1376-0
381,TONBED__ligand5510-0
382,TONBED__ligand27239-0
383,TONBED__ligand21729-0
384,TONBED__ligand300-0
385,TONBED__ligand1296-0
386,TONBED__ligand26324-0
387,TONBED__ligand28559-0
388,TONBED__ligand2259-0
389,TONBED__ligand14043-0
390,TONBED__ligand1197-0
391,TONBED__ligand19927-0
392,TONBED__ligand5099-0
393,TONBED__ligand8592-0
394,TONBED__ligand4358-0
395,TONBED__ligand3120-0
396,TONBED__ligand3926-0
397,TONBED__ligand2221-0
398,TONBED__ligand11618-0
399,TONBED__ligand5595-0
400,TONBED__ligand4101-0
401,TONBED__ligand26529-0
402,TONBED__ligand199-0
403,TONBED__ligand55-0
404,TONBED__ligand2295-0
405,TONBED__ligand30851-0
406,TONBED__ligand14889-0
407,TONBED__ligand1577-0
408,TONBED__ligand6067-0
409,TONBED__ligand29568-0
410,TONBED__ligand28789-0
411,TONBED__ligand4620-0
412,TONBED__ligand17118-0
413,TONBED__ligand21371-0
414,TONBED__ligand294-0
415,TONBED__ligand20419-0
416,TONBED__ligand6596-0
417,TONBED__ligand3721-0
418,TONBED__ligand6904-0
419,TONBED__ligand6102-0
420,TONBED__ligand17261-0
421,TONBED__ligand14117-0
422,TONBED__ligand3465-0
423,TONBED__ligand685-0
424,TONBED__ligand21581-0
425,TONBED__ligand31097-0
426,TONBED__ligand421-0
427,TONBED__ligand2917-0
428,TONBED__ligand30702-0
429,TONBED__ligand20214-0
430,TONBED__ligand20251-0
431,TONBED__ligand7819-0
432,TONBED__ligand20539-0
433,TONBED__ligand235-0
434,TONBED__ligand20251-1
435,TONBED__ligand134-0
436,TONBED__ligand7126-0
437,TONBED__ligand8835-0
438,TONBED__ligand2028-0
439,TONBED__ligand14703-0
440,TONBED__ligand16475-0
441,TONBED__ligand1142-0
442,TONBED__ligand3234-0
443,TONBED__ligand22557-0
444,TONBED__ligand10589-0
445,TONBED__ligand24047-0
446,TONBED__ligand11675-0
447,TONBED__ligand20598-0
448,TONBED__ligand17398-0
449,TONBED__ligand38-0
450,TONBED__ligand29414-0
451,TONBED__ligand17982-0
452,TONBED__ligand20011-0
453,TONBED__ligand17278-0
454,TONBED__ligand4641-0
455,TONBED__ligand560-0
456,TONBED__ligand13294-0
457,TONBED__ligand9952-0
458,TONBED__ligand9111-0
459,TONBED__ligand31832-0
460,TONBED__ligand2526-0
461,TONBED__ligand5036-0
462,TONBED__ligand783-0
463,TONBED__ligand1615-0
464,TONBED__ligand352-0
465,TONBED__ligand5643-0
466,TONBED__ligand1823-0
467,TONBED__ligand13331-0
468,TONBED__ligand28884-0
469,TONBED__ligand14248-0
470,TONBED__ligand1324-0
471,TONBED__ligand29879-0
472,TONBED__ligand8721-0
473,TONBED__ligand12030-0
474,TONBED__ligand42-0
475,TONBED__ligand11456-0
476,TONBED__ligand3707-0
477,TONBED__ligand6124-0
478,TONBED__ligand7967-0
479,TONBED__ligand10712-0
480,TONBED__ligand1018-0
481,TONBED__ligand14174-0
482,TONBED__ligand4116-0
483,TONBED__ligand8992-0
484,TONBED__ligand25411-0
485,TONBED__ligand868-0
486,TONBED__ligand9601-0
487,TONBED__ligand6244-0
488,TONBED__ligand66-0
489,TONBED__ligand1378-0
490,TONBED__ligand13390-0
491,TONBED__ligand3156-0
492,TONBED__ligand2915-0
493,TONBED__ligand20682-0
494,TONBED__ligand1631-0
495,TONBED__ligand13208-0
496,TONBED__ligand27482-0
497,TONBED__ligand1530-0
498,TONBED__ligand26810-0
499,TONBED__ligand1575-0
500,TONBED__ligand9933-0
501,TONBED__ligand9441-0
502,TONBED__ligand2332-0
503,TONBED__ligand197-0
504,TONBED__ligand12231-0
505,TONBED__ligand9520-0
506,TONBED__ligand1160-0
507,TONBED__ligand8699-0
508,TONBED__ligand12130-0
509,TONBED__ligand17387-0
510,TONBED__ligand4093-0
511,TONBED__ligand26702-0
512,TONBED__ligand4442-0
513,TONBED__ligand13658-0
514,TONBED__ligand3954-0
515,TONBED__ligand18292-0
516,TONBED__ligand12289-0
517,TONBED__ligand13068-0
518,TONBED__ligand116-0
519,TONBED__ligand1451-0
520,TONBED__ligand19830-0
521,TONBED__ligand4272-0
522,TONBED__ligand10476-0
523,TONBED__ligand7629-0
524,TONBED__ligand252-0
525,TONBED__ligand24145-0
526,TONBED__ligand12401-0
527,TONBED__ligand15585-0
528,TONBED__ligand9784-0
529,TONBED__ligand7238-0
530,TONBED__ligand25178-0
531,TONBED__ligand193-0
532,TONBED__ligand23769-0
533,TONBED__ligand7280-0
534,TONBED__ligand1790-0
535,TONBED__ligand24185-0
536,TONBED__ligand1304-0
537,TONBED__ligand7867-0
538,TONBED__ligand830-0
539,TONBED__ligand1219-0
540,TONBED__ligand6709-0
541,TONBED__ligand17805-0
542,TONBED__ligand372-0
543,TONBED__ligand4016-0
544,TONBED__ligand17302-0
545,TONBED__ligand4503-0
546,TONBED__ligand4546-0
547,TONBED__ligand909-0
548,TONBED__ligand14108-0
549,TONBED__ligand10958-0
550,TONBED__ligand1285-0
551,TONBED__ligand6768-0
552,TONBED__ligand12641-0
553,TONBED__ligand8115-0
554,TONBED__ligand7000-0
555,TONBED__ligand1982-0
556,TONBED__ligand2176-0
557,TONBED__ligand27763-0
558,TONBED__ligand28676-0
559,TONBED__ligand10262-0
560,TONBED__ligand9291-0
561,TONBED__ligand2232-0
562,TONBED__ligand13425-0
563,TONBED__ligand29302-0
564,TONBED__ligand4157-0
565,TONBED__ligand8876-0
566,TONBED__ligand2828-0
567,TONBED__ligand7648-0
568,TONBED__ligand9833-0
569,TONBED__ligand177-0
570,TONBED__ligand19057-0
571,TONBED__ligand5256-0
572,TONBED__ligand18814-0
573,TONBED__ligand4720-0
574,TONBED__ligand27460-0
575,TONBED__ligand6839-0
576,TONBED__ligand3174-0
577,TONBED__ligand3937-0
578,TONBED__ligand1202-0
579,TONBED__ligand3131-0
580,TONBED__ligand8969-0
581,TONBED__ligand16628-0
582,TONBED__ligand5211-0
583,TONBED__ligand4155-0
584,TONBED__ligand3094-0
585,TONBED__ligand20740-0
586,TONBED__ligand28468-0
587,TONBED__ligand12427-0
588,TONBED__ligand188-0
589,TONBED__ligand29410-0
590,TONBED__ligand12337-0
591,TONBED__ligand26540-0
592,TONBED__ligand564-0
593,TONBED__ligand370-1
594,TONBED__ligand6919-0
595,TONBED__ligand17281-0
596,TONBED__ligand30296-0
597,TONBED__ligand2485-0
598,TONBED__ligand620-0
599,TONBED__ligand3852-0
600,TONBED__ligand5331-0
601,TONBED__ligand1512-0
602,TONBED__ligand12606-0
603,TONBED__ligand30333-0
604,TONBED__ligand785-0
605,TONBED__ligand3565-0
606,TONBED__ligand311-0
607,TONBED__ligand479-0
608,TONBED__ligand26665-0
609,TONBED__ligand18-0
610,TONBED__ligand1343-0
611,TONBED__ligand3876-0
612,TONBED__ligand3035-0
613,TONBED__ligand6616-0
614,TONBED__ligand13012-0
615,TONBED__ligand3718-0
616,TONBED__ligand17631-0
617,TONBED__ligand17258-0
618,TONBED__ligand1844-0
619,TONBED__ligand4661-0
620,TONBED__ligand14603-0
621,TONBED__ligand14297-0
622,TONBED__ligand1959-0
623,TONBED__ligand370-0
624,TONBED__ligand3504-0
625,TONBED__ligand31783-0
626,TONBED__ligand9935-0
627,TONBED__ligand1536-0
628,TONBED__ligand1573-0
629,TONBED__ligand19641-0
630,TONBED__ligand9908-0
631,TONBED__ligand1263-0
632,TONBED__ligand20578-0
633,TONBED__ligand12934-0
634,TONBED__ligand15422-0
635,TONBED__ligand27893-0
636,TONBED__ligand14723-0
637,TONBED__ligand30988-0
638,TONBED__ligand250-0
639,TONBED__ligand7242-0
640,TONBED__ligand23713-0
641,TONBED__ligand27175-0
642,TONBED__ligand7106-0
643,TONBED__ligand18832-0
644,TONBED__ligand21132-0
645,TONBED__ligand5849-0
646,TONBED__ligand11166-0
647,TONBED__ligand23906-0
648,TONBED__ligand393-0
649,TONBED__ligand43-0
650,TONBED__ligand3392-0
651,TONBED__ligand30539-0
652,TONBED__ligand4911-0
653,TONBED__ligand1771-0
654,TONBED__ligand8349-0
655,TONBED__ligand1709-0
656,TONBED__ligand8464-0
657,TONBED__ligand25575-0
658,TONBED__ligand21787-0
659,TONBED__ligand25689-0
660,TONBED__ligand12295-0
661,TONBED__ligand27835-0
662,TONBED__ligand2527-0
663,TONBED__ligand353-0
664,TONBED__ligand1469-0
665,TONBED__ligand3871-0
666,TONBED__ligand31248-0
667,TONBED__ligand1768-0
668,TONBED__ligand25650-0
669,TONBED__ligand196-0
670,TONBED__ligand5056-0
671,TONBED__ligand4850-0
672,TONBED__ligand19257-0
673,TONBED__ligand13209-0
674,TONBED__ligand5357-0
675,TONBED__ligand3647-0
676,TONBED__ligand1688-0
677,TONBED__ligand12660-0
678,TONBED__ligand11206-0
679,TONBED__ligand23124-0
680,TONBED__ligand3157-0
681,TONBED__ligand9525-0
682,TONBED__ligand1165-0
683,TONBED__ligand422-0
684,TONBED__ligand25735-0
685,TONBED__ligand12519-0
686,TONBED__ligand686-0
687,TONBED__ligand5935-0
688,TONBED__ligand2722-0
689,TONBED__ligand1379-0
690,TONBED__ligand67-0
691,TONBED__ligand465-0
692,TONBED__ligand11140-0
693,TONBED__ligand5892-0
694,TONBED__ligand5094-0
695,TONBED__ligand29610-0
696,TONBED__ligand29863-0
697,TONBED__ligand13869-0
698,TONBED__ligand18074-0
699,TONBED__ligand1712-0
700,TONBED__ligand4131-0
701,TONBED__ligand18465-0
702,TONBED__ligand7557-0
703,TONBED__ligand1496-0
704,TONBED__ligand18799-0
705,TONBED__ligand314-1
706,TONBED__ligand28668-0
707,TONBED__ligand1533-0
708,TONBED__ligand16791-0
709,TONBED__ligand8-0
710,TONBED__ligand14523-0
711,TONBED__ligand27169-0
712,TONBED__ligand8722-0
713,TONBED__ligand18391-0
714,TONBED__ligand1327-0
715,TONBED__ligand9809-0
716,TONBED__ligand6672-0
717,TONBED__ligand2781-0
718,TONBED__ligand7573-0
719,TONBED__ligand3350-0
720,TONBED__ligand22981-0
721,TONBED__ligand25805-0
722,TONBED__ligand314-0
723,TONBED__ligand780-0
724,TONBED__ligand3208-0
725,TONBED__ligand20599-0
726,TONBED__ligand2208-0
727,TONBED__ligand27074-0
728,TONBED__ligand813-0
729,TONBED__ligand23904-0
730,TONBED__ligand391-0
731,TONBED__ligand13257-0
732,TONBED__ligand9197-0
733,TONBED__ligand1900-0
734,TONBED__ligand21936-0
735,TONBED__ligand4581-0
736,TONBED__ligand1773-0
737,TONBED__ligand2328-0
738,TONBED__ligand12467-0
739,TONBED__ligand25267-0
740,TONBED__ligand7162-0
741,TONBED__ligand10084-0
742,TONBED__ligand3029-0
743,TONBED__ligand618-0
744,TONBED__ligand4330-0
745,TONBED__ligand2599-0
746,TONBED__ligand784-0
747,TONBED__ligand12336-0
748,TONBED__ligand7532-0
749,TONBED__ligand13072-0
750,TONBED__ligand4194-0
751,TONBED__ligand78-0
752,TONBED__ligand7925-0
753,TONBED__ligand17590-0
754,TONBED__ligand2068-0
755,TONBED__ligand45-0
756,TONBED__ligand17240-0
757,TONBED__ligand18699-0
758,TONBED__ligand12682-0
759,TONBED__ligand368-0
760,TONBED__ligand1147-0
761,TONBED__ligand3973-0
762,TONBED__ligand395-0
763,TONBED__ligand14586-0
764,TONBED__ligand11774-0
765,TONBED__ligand24-0
766,TONBED__ligand21421-0
767,TONBED__ligand115-0
768,TONBED__ligand7107-0
769,TONBED__ligand11568-0
770,TONBED__ligand20579-0
771,TONBED__ligand17710-0
772,TONBED__ligand3215-0
773,TONBED__ligand4738-0
774,TONBED__ligand5813-0
775,TONBED__ligand4813-0
776,TONBED__ligand10555-0
777,TONBED__ligand6062-0
778,TONBED__ligand31483-0
779,TONBED__ligand833-0
780,TONBED__ligand6283-0
781,TONBED__ligand19-0
782,TONBED__ligand19725-0
783,TONBED__ligand24613-0
784,TONBED__ligand5316-0
785,TONBED__ligand23589-0
786,TONBED__ligand5483-0
787,TONBED__ligand24064-0
788,TONBED__ligand1729-0
789,TONBED__ligand15168-0
790,TONBED__ligand5627-0
791,TONBED__ligand506-0
792,TONBED__ligand2830-0
793,TONBED__ligand152-0
794,TONBED__ligand6946-0
795,TONBED__ligand1415-0
796,TONBED__ligand22755-0
797,TONBED__ligand10432-0
798,TONBED__ligand11432-0
799,TONBED__ligand31618-0
800,TONBED__ligand29898-0
801,TONBED__ligand26277-0
802,TONBED__ligand7529-0
803,TONBED__ligand9148-0
804,TONBED__ligand17207-0
805,TONBED__ligand31578-0
806,TONBED__ligand2403-0
807,TONBED__ligand17945-0
808,TONBED__ligand176-0
809,TONBED__ligand18013-0
810,TONBED__ligand25224-0
811,TONBED__ligand746-0
812,TONBED__ligand3934-0
813,TONBED__ligand6455-0
814,TONBED__ligand24750-0
815,TONBED__ligand6882-0
816,TONBED__ligand447-0
817,TONBED__ligand9681-0
818,TONBED__ligand28924-0
819,TONBED__ligand15438-0
820,TONBED__ligand4332-0
821,TONBED__ligand487-0
822,TONBED__ligand18703-0
823,TONBED__ligand3012-0
824,TONBED__ligand1449-0
825,TONBED__ligand7530-0
826,TONBED__ligand1065-0
827,TONBED__ligand29087-0
