,TMC
0,HARLIV__ligand22294-0
1,HARLIV__ligand9299-0
2,HARLIV__ligand22168-0
3,HARLIV__ligand28930-0
4,HARLIV__ligand2985-0
5,HARLIV__ligand4007-0
6,HARLIV__ligand21919-0
7,HARLIV__ligand3677-1
8,HARLIV__ligand9883-0
9,HARLIV__ligand12365-0
10,HARLIV__ligand10056-0
11,HARLIV__ligand197-0
12,HARLIV__ligand13862-0
13,HARLIV__ligand11357-0
14,HARLIV__ligand28743-0
15,HARLIV__ligand19-0
16,HARLIV__ligand15531-0
17,HARLIV__ligand7291-0
18,HARLIV__ligand3736-0
19,HARLIV__ligand24230-0
20,HARLIV__ligand24-0
21,HARLIV__ligand28810-0
22,HARLIV__ligand8000-0
23,HARLIV__ligand11447-0
24,HARLIV__ligand11096-0
25,HARLIV__ligand19792-0
26,HARLIV__ligand10828-0
27,HARLIV__ligand15926-0
28,HARLIV__ligand9344-0
29,HARLIV__ligand11970-0
30,HARLIV__ligand5383-0
31,HARLIV__ligand2693-0
32,HARLIV__ligand15883-0
33,HARLIV__ligand3945-0
34,HARLIV__ligand1499-0
35,HARLIV__ligand16988-0
36,HARLIV__ligand2881-0
37,HARLIV__ligand25913-0
38,HARLIV__ligand1464-0
39,HARLIV__ligand3712-0
40,HARLIV__ligand45-0
41,HARLIV__ligand1211-0
42,HARLIV__ligand20207-0
43,HARLIV__ligand30711-0
44,HARLIV__ligand868-0
45,HARLIV__ligand11682-0
46,HARLIV__ligand6892-0
47,HARLIV__ligand1168-0
48,HARLIV__ligand24035-0
49,HARLIV__ligand352-0
50,HARLIV__ligand783-0
51,HARLIV__ligand1294-0
52,HARLIV__ligand11994-0
53,HARLIV__ligand3677-0
54,HARLIV__ligand31044-0
55,HARLIV__ligand3632-0
56,HARLIV__ligand31842-0
57,HARLIV__ligand16663-0
58,HARLIV__ligand78-0
59,HARLIV__ligand6699-0
60,HARLIV__ligand14614-0
61,HARLIV__ligand1197-0
62,HARLIV__ligand13672-0
63,HARLIV__ligand8592-0
64,HARLIV__ligand5099-0
65,HARLIV__ligand1296-0
66,HARLIV__ligand18568-0
67,HARLIV__ligand28685-0
68,HARLIV__ligand2259-0
69,HARLIV__ligand560-0
70,HARLIV__ligand9773-0
71,HARLIV__ligand10371-0
72,HARLIV__ligand5510-0
73,HARLIV__ligand1376-0
74,HARLIV__ligand134-0
75,HARLIV__ligand235-0
76,HARLIV__ligand4101-0
77,HARLIV__ligand5595-0
78,HARLIV__ligand28459-0
79,HARLIV__ligand12453-0
80,HARLIV__ligand18448-0
81,HARLIV__ligand19184-0
82,HARLIV__ligand2221-0
83,HARLIV__ligand4358-0
84,HARLIV__ligand3926-0
85,HARLIV__ligand3120-0
86,HARLIV__ligand14167-0
87,HARLIV__ligand13477-0
88,HARLIV__ligand685-0
89,HARLIV__ligand8002-0
90,HARLIV__ligand27669-0
91,HARLIV__ligand5509-0
92,HARLIV__ligand1407-0
93,HARLIV__ligand6117-0
94,HARLIV__ligand30142-0
95,HARLIV__ligand5080-0
96,HARLIV__ligand7762-0
97,HARLIV__ligand421-0
98,HARLIV__ligand2238-0
99,HARLIV__ligand23197-0
100,HARLIV__ligand9167-0
101,HARLIV__ligand5304-0
102,HARLIV__ligand7293-0
103,HARLIV__ligand2822-0
104,HARLIV__ligand27285-0
105,HARLIV__ligand29029-0
106,HARLIV__ligand3867-0
107,HARLIV__ligand294-0
108,HARLIV__ligand1317-0
109,HARLIV__ligand3244-0
110,HARLIV__ligand11618-0
111,HARLIV__ligand4711-0
112,HARLIV__ligand2906-0
113,HARLIV__ligand67-0
114,HARLIV__ligand5649-0
115,HARLIV__ligand2788-0
116,HARLIV__ligand8793-0
117,HARLIV__ligand4649-0
118,HARLIV__ligand26529-0
119,HARLIV__ligand250-0
120,HARLIV__ligand7196-0
121,HARLIV__ligand21729-0
122,HARLIV__ligand5159-0
123,HARLIV__ligand27239-0
124,HARLIV__ligand5530-0
125,HARLIV__ligand1787-0
126,HARLIV__ligand1356-0
127,HARLIV__ligand9753-0
128,HARLIV__ligand3178-0
129,HARLIV__ligand19927-0
130,HARLIV__ligand14043-0
131,HARLIV__ligand28559-0
132,HARLIV__ligand4807-0
133,HARLIV__ligand370-0
134,HARLIV__ligand26324-0
135,HARLIV__ligand370-1
136,HARLIV__ligand12003-0
137,HARLIV__ligand5180-0
138,HARLIV__ligand620-0
139,HARLIV__ligand26631-0
140,HARLIV__ligand16148-0
141,HARLIV__ligand21399-0
142,HARLIV__ligand10872-0
143,HARLIV__ligand564-0
144,HARLIV__ligand7316-0
145,HARLIV__ligand785-0
146,HARLIV__ligand311-0
147,HARLIV__ligand29215-0
148,HARLIV__ligand479-0
149,HARLIV__ligand5708-0
150,HARLIV__ligand6017-0
151,HARLIV__ligand8612-0
152,HARLIV__ligand27754-0
153,HARLIV__ligand20695-0
154,HARLIV__ligand2124-0
155,HARLIV__ligand28540-0
156,HARLIV__ligand11111-0
157,HARLIV__ligand1116-0
158,HARLIV__ligand3225-0
159,HARLIV__ligand1153-0
160,HARLIV__ligand16369-0
161,HARLIV__ligand2260-0
162,HARLIV__ligand7092-0
163,HARLIV__ligand7273-0
164,HARLIV__ligand22403-0
165,HARLIV__ligand9323-0
166,HARLIV__ligand188-0
167,HARLIV__ligand7172-0
168,HARLIV__ligand43-0
169,HARLIV__ligand4-0
170,HARLIV__ligand1114-0
171,HARLIV__ligand11587-0
172,HARLIV__ligand13220-0
173,HARLIV__ligand6391-0
174,HARLIV__ligand23175-0
175,HARLIV__ligand3126-0
176,HARLIV__ligand15788-0
177,HARLIV__ligand17396-0
178,HARLIV__ligand9284-0
179,HARLIV__ligand13385-0
180,HARLIV__ligand177-0
181,HARLIV__ligand14569-0
182,HARLIV__ligand24111-0
183,HARLIV__ligand22444-0
184,HARLIV__ligand2417-0
185,HARLIV__ligand8788-0
186,HARLIV__ligand24644-0
187,HARLIV__ligand1832-0
188,HARLIV__ligand10033-0
189,HARLIV__ligand2043-0
190,HARLIV__ligand909-0
191,HARLIV__ligand12001-0
192,HARLIV__ligand1228-0
193,HARLIV__ligand9943-0
194,HARLIV__ligand30728-0
195,HARLIV__ligand27840-0
196,HARLIV__ligand1604-0
197,HARLIV__ligand24872-0
198,HARLIV__ligand25561-0
199,HARLIV__ligand9450-0
200,HARLIV__ligand193-0
201,HARLIV__ligand11949-0
202,HARLIV__ligand372-0
203,HARLIV__ligand1599-0
204,HARLIV__ligand2612-0
205,HARLIV__ligand12138-0
206,HARLIV__ligand830-0
207,HARLIV__ligand24780-0
208,HARLIV__ligand22129-0
209,HARLIV__ligand17427-0
210,HARLIV__ligand1289-0
211,HARLIV__ligand5387-0
212,HARLIV__ligand2203-0
213,HARLIV__ligand252-0
214,HARLIV__ligand31694-0
215,HARLIV__ligand116-0
216,HARLIV__ligand29486-0
217,HARLIV__ligand10151-0
218,HARLIV__ligand8553-0
219,HARLIV__ligand1113-0
220,HARLIV__ligand391-0
221,HARLIV__ligand5201-0
222,HARLIV__ligand1-0
223,HARLIV__ligand618-0
224,HARLIV__ligand22353-0
225,HARLIV__ligand7566-0
226,HARLIV__ligand2001-0
227,HARLIV__ligand19906-0
228,HARLIV__ligand813-0
229,HARLIV__ligand9944-0
230,HARLIV__ligand19668-0
231,HARLIV__ligand8593-0
232,HARLIV__ligand314-0
233,HARLIV__ligand780-0
234,HARLIV__ligand2823-0
235,HARLIV__ligand10479-0
236,HARLIV__ligand27610-0
237,HARLIV__ligand11479-0
238,HARLIV__ligand314-1
239,HARLIV__ligand6995-0
240,HARLIV__ligand29441-0
241,HARLIV__ligand10853-0
242,HARLIV__ligand24851-0
243,HARLIV__ligand3180-0
244,HARLIV__ligand13657-0
245,HARLIV__ligand14347-0
246,HARLIV__ligand14302-0
247,HARLIV__ligand20530-0
248,HARLIV__ligand2650-0
249,HARLIV__ligand2281-0
250,HARLIV__ligand11698-0
251,HARLIV__ligand4340-0
252,HARLIV__ligand5415-0
253,HARLIV__ligand20220-0
254,HARLIV__ligand465-0
255,HARLIV__ligand20121-0
256,HARLIV__ligand15387-0
257,HARLIV__ligand4161-0
258,HARLIV__ligand3471-0
259,HARLIV__ligand4124-0
260,HARLIV__ligand16952-0
261,HARLIV__ligand29813-0
262,HARLIV__ligand1618-0
263,HARLIV__ligand11177-0
264,HARLIV__ligand422-0
265,HARLIV__ligand2692-0
266,HARLIV__ligand15455-0
267,HARLIV__ligand4262-0
268,HARLIV__ligand686-0
269,HARLIV__ligand31205-0
270,HARLIV__ligand25658-0
271,HARLIV__ligand17686-0
272,HARLIV__ligand1028-0
273,HARLIV__ligand11814-0
274,HARLIV__ligand1015-0
275,HARLIV__ligand196-0
276,HARLIV__ligand1050-0
277,HARLIV__ligand16603-0
278,HARLIV__ligand18-0
279,HARLIV__ligand2027-0
280,HARLIV__ligand16870-0
281,HARLIV__ligand11622-0
282,HARLIV__ligand26673-0
283,HARLIV__ligand20821-0
284,HARLIV__ligand11606-0
285,HARLIV__ligand1169-0
286,HARLIV__ligand8529-0
287,HARLIV__ligand353-0
288,HARLIV__ligand31000-0
289,HARLIV__ligand393-0
290,HARLIV__ligand9615-0
291,HARLIV__ligand11252-0
292,HARLIV__ligand1154-0
293,HARLIV__ligand10582-0
294,HARLIV__ligand13260-0
295,HARLIV__ligand1498-0
296,HARLIV__ligand4596-0
297,HARLIV__ligand3-0
298,HARLIV__ligand19824-0
299,HARLIV__ligand18067-0
300,HARLIV__ligand30004-0
301,HARLIV__ligand20557-0
302,HARLIV__ligand487-0
303,HARLIV__ligand7438-0
304,HARLIV__ligand8200-0
305,HARLIV__ligand4063-0
306,HARLIV__ligand3042-0
307,HARLIV__ligand38-0
308,HARLIV__ligand13755-0
309,HARLIV__ligand16133-0
310,HARLIV__ligand176-0
311,HARLIV__ligand4207-0
312,HARLIV__ligand27122-0
313,HARLIV__ligand20432-0
314,HARLIV__ligand24953-0
315,HARLIV__ligand3453-0
316,HARLIV__ligand23445-0
317,HARLIV__ligand3416-0
318,HARLIV__ligand1150-0
319,HARLIV__ligand21940-0
320,HARLIV__ligand447-0
321,HARLIV__ligand25048-0
322,HARLIV__ligand746-0
323,HARLIV__ligand1539-0
324,HARLIV__ligand21752-0
325,HARLIV__ligand4167-0
326,HARLIV__ligand152-0
327,HARLIV__ligand1400-0
328,HARLIV__ligand4266-0
329,HARLIV__ligand9491-0
330,HARLIV__ligand14339-0
331,HARLIV__ligand30788-0
332,HARLIV__ligand13691-0
333,HARLIV__ligand1288-0
334,HARLIV__ligand3980-0
335,HARLIV__ligand3557-0
336,HARLIV__ligand1149-0
337,HARLIV__ligand7075-0
338,HARLIV__ligand9750-0
339,HARLIV__ligand18757-0
340,HARLIV__ligand24560-0
341,HARLIV__ligand1779-0
342,HARLIV__ligand18413-0
343,HARLIV__ligand20844-0
344,HARLIV__ligand24624-0
345,HARLIV__ligand6993-0
346,HARLIV__ligand506-0
347,HARLIV__ligand1817-0
348,HARLIV__ligand3285-0
349,HARLIV__ligand4795-0
350,HARLIV__ligand833-0
351,HARLIV__ligand14007-0
352,HARLIV__ligand1908-0
353,HARLIV__ligand18019-1
354,HARLIV__ligand27550-0
355,HARLIV__ligand5630-0
356,HARLIV__ligand1786-0
357,HARLIV__ligand8042-0
358,HARLIV__ligand20942-1
359,HARLIV__ligand14226-0
360,HARLIV__ligand21339-0
361,HARLIV__ligand16956-0
362,HARLIV__ligand6112-0
363,HARLIV__ligand115-0
364,HARLIV__ligand66-0
365,HARLIV__ligand1828-0
366,HARLIV__ligand1397-0
367,HARLIV__ligand7213-0
368,HARLIV__ligand4710-0
369,HARLIV__ligand23682-0
370,HARLIV__ligand5755-0
371,HARLIV__ligand29565-0
372,HARLIV__ligand3144-0
373,HARLIV__ligand27771-0
374,HARLIV__ligand5085-0
375,HARLIV__ligand18158-0
376,HARLIV__ligand20731-0
377,HARLIV__ligand12413-0
378,HARLIV__ligand29334-0
379,HARLIV__ligand1849-0
380,HARLIV__ligand11798-0
381,HARLIV__ligand42-0
382,HARLIV__ligand14477-0
383,HARLIV__ligand395-0
384,HARLIV__ligand1216-0
385,HARLIV__ligand17069-0
386,HARLIV__ligand5019-0
387,HARLIV__ligand17445-0
388,HARLIV__ligand368-0
389,HARLIV__ligand1152-0
390,HARLIV__ligand3261-0
391,HARLIV__ligand784-0
392,HARLIV__ligand29214-0
393,HARLIV__ligand11501-0
394,HARLIV__ligand11544-0
395,HARLIV__ligand21448-0
396,HARLIV__ligand5515-0
397,HARLIV__ligand6663-0
398,HARLIV__ligand5280-0
399,HARLIV__ligand22357-0
400,HARLIV__ligand5614-0
401,HARLIV__ligand11758-0
402,HARLIV__ligand1831-0
403,HARLIV__ligand21936-0
404,HARLIV__ligand3215-0
405,HARLIV__ligand13257-0
406,HARLIV__ligand23904-0
407,HARLIV__ligand10084-0
408,HARLIV__ligand25267-0
409,HARLIV__ligand7107-0
410,HARLIV__ligand12467-0
411,HARLIV__ligand201-0
412,HARLIV__ligand185-0
413,HARLIV__ligand279-0
414,HARLIV__ligand6283-0
415,HARLIV__ligand18391-0
416,HARLIV__ligand27169-0
417,HARLIV__ligand178-0
418,HARLIV__ligand14523-0
419,HARLIV__ligand6062-0
420,HARLIV__ligand27074-0
421,HARLIV__ligand20599-0
422,HARLIV__ligand4738-0
423,HARLIV__ligand4813-0
424,HARLIV__ligand321-0
425,HARLIV__ligand22981-0
426,HARLIV__ligand5813-0
427,HARLIV__ligand25805-0
428,HARLIV__ligand4194-0
429,HARLIV__ligand18799-0
430,HARLIV__ligand18465-0
431,HARLIV__ligand7532-0
432,HARLIV__ligand16791-0
433,HARLIV__ligand4330-0
434,HARLIV__ligand28668-0
435,HARLIV__ligand2599-0
436,HARLIV__ligand29610-0
437,HARLIV__ligand3973-0
438,HARLIV__ligand338-0
439,HARLIV__ligand11140-0
440,HARLIV__ligand1147-0
441,HARLIV__ligand7925-0
442,HARLIV__ligand57-0
443,HARLIV__ligand18074-0
444,HARLIV__ligand13869-0
445,HARLIV__ligand29863-0
446,HARLIV__ligand2068-0
447,HARLIV__ligand25735-0
448,HARLIV__ligand12519-0
449,HARLIV__ligand6882-0
450,HARLIV__ligand6455-0
451,HARLIV__ligand3934-0
452,HARLIV__ligand23124-0
453,HARLIV__ligand11206-0
454,HARLIV__ligand55-0
455,HARLIV__ligand126-0
456,HARLIV__ligand163-0
457,HARLIV__ligand2403-0
458,HARLIV__ligand1065-0
459,HARLIV__ligand25650-0
460,HARLIV__ligand7530-0
461,HARLIV__ligand31248-0
462,HARLIV__ligand3012-0
463,HARLIV__ligand68-0
464,HARLIV__ligand1449-0
465,HARLIV__ligand12660-0
466,HARLIV__ligand4332-0
467,HARLIV__ligand845-0
468,HARLIV__ligand9681-0
469,HARLIV__ligand13209-0
470,HARLIV__ligand19257-0
471,HARLIV__ligand25689-0
472,HARLIV__ligand21787-0
473,HARLIV__ligand657-0
474,HARLIV__ligand25575-0
475,HARLIV__ligand2830-0
476,HARLIV__ligand1729-0
477,HARLIV__ligand187-0
478,HARLIV__ligand5627-0
479,HARLIV__ligand366-0
480,HARLIV__ligand5483-0
481,HARLIV__ligand27835-0
482,HARLIV__ligand5316-0
483,HARLIV__ligand12295-0
484,HARLIV__ligand777-0
485,HARLIV__ligand9148-0
486,HARLIV__ligand23906-0
487,HARLIV__ligand11166-0
488,HARLIV__ligand21132-0
489,HARLIV__ligand7529-0
490,HARLIV__ligand30539-0
491,HARLIV__ligand34-0
492,HARLIV__ligand941-0
493,HARLIV__ligand596-0
494,HARLIV__ligand6946-0
495,HARLIV__ligand1415-0
496,HARLIV__ligand3647-0
497,HARLIV__ligand5357-0
498,HARLIV__ligand15438-0
499,HARLIV__ligand28924-0
500,HARLIV__ligand1688-0
501,HARLIV__ligand4850-0
502,HARLIV__ligand5056-0
503,HARLIV__ligand29087-0
504,HARLIV__ligand1768-0
505,HARLIV__ligand48-0
506,HARLIV__ligand1469-0
507,HARLIV__ligand3871-0
508,HARLIV__ligand18703-0
509,HARLIV__ligand2722-0
510,HARLIV__ligand25224-0
511,HARLIV__ligand18013-0
512,HARLIV__ligand1379-0
513,HARLIV__ligand17945-0
514,HARLIV__ligand5935-0
515,HARLIV__ligand693-0
516,HARLIV__ligand31578-0
517,HARLIV__ligand17207-0
518,HARLIV__ligand9525-0
519,HARLIV__ligand24750-0
520,HARLIV__ligand1165-0
521,HARLIV__ligand3157-0
522,HARLIV__ligand29898-0
523,HARLIV__ligand1771-0
524,HARLIV__ligand4911-0
525,HARLIV__ligand26277-0
526,HARLIV__ligand11432-0
527,HARLIV__ligand31618-0
528,HARLIV__ligand10432-0
529,HARLIV__ligand22755-0
530,HARLIV__ligand51-0
531,HARLIV__ligand122-0
532,HARLIV__ligand3392-0
533,HARLIV__ligand757-0
534,HARLIV__ligand5849-0
535,HARLIV__ligand24064-0
536,HARLIV__ligand2527-0
537,HARLIV__ligand23589-0
538,HARLIV__ligand91-0
539,HARLIV__ligand8349-0
540,HARLIV__ligand15168-0
541,HARLIV__ligand8464-0
542,HARLIV__ligand1709-0
543,HARLIV__ligand31483-0
544,HARLIV__ligand10555-0
545,HARLIV__ligand768-0
546,HARLIV__ligand2208-0
547,HARLIV__ligand3208-0
548,HARLIV__ligand24613-0
549,HARLIV__ligand3350-0
550,HARLIV__ligand7573-0
551,HARLIV__ligand2781-0
552,HARLIV__ligand8722-0
553,HARLIV__ligand9809-0
554,HARLIV__ligand6672-0
555,HARLIV__ligand19725-0
556,HARLIV__ligand1327-0
557,HARLIV__ligand7162-0
558,HARLIV__ligand16-0
559,HARLIV__ligand21421-0
560,HARLIV__ligand3029-0
561,HARLIV__ligand1773-0
562,HARLIV__ligand4581-0
563,HARLIV__ligand14586-0
564,HARLIV__ligand11774-0
565,HARLIV__ligand2328-0
566,HARLIV__ligand9197-0
567,HARLIV__ligand1900-0
568,HARLIV__ligand17710-0
569,HARLIV__ligand20579-0
570,HARLIV__ligand384-0
571,HARLIV__ligand11568-0
572,HARLIV__ligand17240-0
573,HARLIV__ligand4131-0
574,HARLIV__ligand240-0
575,HARLIV__ligand1712-0
576,HARLIV__ligand17590-0
577,HARLIV__ligand32-0
578,HARLIV__ligand141-0
579,HARLIV__ligand5094-0
580,HARLIV__ligand5892-0
581,HARLIV__ligand18699-0
582,HARLIV__ligand12682-0
583,HARLIV__ligand1533-0
584,HARLIV__ligand13072-0
585,HARLIV__ligand1496-0
586,HARLIV__ligand7557-0
587,HARLIV__ligand12336-0
588,HARLIV__ligand8115-0
589,HARLIV__ligand6768-0
590,HARLIV__ligand1982-0
591,HARLIV__ligand26810-0
592,HARLIV__ligand7000-0
593,HARLIV__ligand27482-0
594,HARLIV__ligand13208-0
595,HARLIV__ligand1285-0
596,HARLIV__ligand4546-0
597,HARLIV__ligand4503-0
598,HARLIV__ligand69-0
599,HARLIV__ligand9833-0
600,HARLIV__ligand13390-0
601,HARLIV__ligand7648-0
602,HARLIV__ligand8876-0
603,HARLIV__ligand2828-0
604,HARLIV__ligand11-0
605,HARLIV__ligand5256-0
606,HARLIV__ligand162-0
607,HARLIV__ligand4157-0
608,HARLIV__ligand226-0
609,HARLIV__ligand2232-0
610,HARLIV__ligand416-0
611,HARLIV__ligand2176-0
612,HARLIV__ligand20682-0
613,HARLIV__ligand383-0
614,HARLIV__ligand9291-0
615,HARLIV__ligand696-0
616,HARLIV__ligand9784-0
617,HARLIV__ligand14174-0
618,HARLIV__ligand10712-0
619,HARLIV__ligand4272-0
620,HARLIV__ligand1451-0
621,HARLIV__ligand11456-0
622,HARLIV__ligand7629-0
623,HARLIV__ligand25411-0
624,HARLIV__ligand3954-0
625,HARLIV__ligand4093-0
626,HARLIV__ligand4442-0
627,HARLIV__ligand9520-0
628,HARLIV__ligand8699-0
629,HARLIV__ligand1160-0
630,HARLIV__ligand4016-0
631,HARLIV__ligand31832-0
632,HARLIV__ligand7867-0
633,HARLIV__ligand1219-0
634,HARLIV__ligand6709-0
635,HARLIV__ligand13294-0
636,HARLIV__ligand12030-0
637,HARLIV__ligand1304-0
638,HARLIV__ligand14248-0
639,HARLIV__ligand656-0
640,HARLIV__ligand29879-0
641,HARLIV__ligand1790-0
642,HARLIV__ligand7280-0
643,HARLIV__ligand28884-0
644,HARLIV__ligand7238-0
645,HARLIV__ligand13331-0
646,HARLIV__ligand9935-0
647,HARLIV__ligand1573-0
648,HARLIV__ligand1536-0
649,HARLIV__ligand17398-0
650,HARLIV__ligand20598-0
651,HARLIV__ligand1959-0
652,HARLIV__ligand11675-0
653,HARLIV__ligand3504-0
654,HARLIV__ligand24047-0
655,HARLIV__ligand10589-0
656,HARLIV__ligand22557-0
657,HARLIV__ligand1844-0
658,HARLIV__ligand4661-0
659,HARLIV__ligand17278-0
660,HARLIV__ligand20011-0
661,HARLIV__ligand17982-0
662,HARLIV__ligand29414-0
663,HARLIV__ligand6616-0
664,HARLIV__ligand1343-0
665,HARLIV__ligand3876-0
666,HARLIV__ligand3035-0
667,HARLIV__ligand8-0
668,HARLIV__ligand3718-0
669,HARLIV__ligand7106-0
670,HARLIV__ligand20251-1
671,HARLIV__ligand7242-0
672,HARLIV__ligand694-0
673,HARLIV__ligand430-0
674,HARLIV__ligand358-0
675,HARLIV__ligand16475-0
676,HARLIV__ligand14703-0
677,HARLIV__ligand9908-0
678,HARLIV__ligand1263-0
679,HARLIV__ligand488-0
680,HARLIV__ligand4155-0
681,HARLIV__ligand3094-0
682,HARLIV__ligand14117-0
683,HARLIV__ligand17261-0
684,HARLIV__ligand5211-0
685,HARLIV__ligand6839-0
686,HARLIV__ligand20539-0
687,HARLIV__ligand20214-0
688,HARLIV__ligand30702-0
689,HARLIV__ligand20251-0
690,HARLIV__ligand8969-0
691,HARLIV__ligand3131-0
692,HARLIV__ligand3174-0
693,HARLIV__ligand3937-0
694,HARLIV__ligand1202-0
695,HARLIV__ligand4720-0
696,HARLIV__ligand31097-0
697,HARLIV__ligand21581-0
698,HARLIV__ligand3565-0
699,HARLIV__ligand29568-0
700,HARLIV__ligand14889-0
701,HARLIV__ligand1512-0
702,HARLIV__ligand5331-0
703,HARLIV__ligand30851-0
704,HARLIV__ligand20419-0
705,HARLIV__ligand6919-0
706,HARLIV__ligand21371-0
707,HARLIV__ligand670-0
708,HARLIV__ligand3852-0
709,HARLIV__ligand17118-0
710,HARLIV__ligand2485-0
711,HARLIV__ligand571-0
712,HARLIV__ligand534-0
713,HARLIV__ligand28789-0
714,HARLIV__ligand14723-0
715,HARLIV__ligand27893-0
716,HARLIV__ligand1142-0
717,HARLIV__ligand3234-0
718,HARLIV__ligand12934-0
719,HARLIV__ligand20578-0
720,HARLIV__ligand15422-0
721,HARLIV__ligand19641-0
722,HARLIV__ligand7126-0
723,HARLIV__ligand17-0
724,HARLIV__ligand27175-0
725,HARLIV__ligand18832-0
726,HARLIV__ligand23713-0
727,HARLIV__ligand8835-0
728,HARLIV__ligand2028-0
729,HARLIV__ligand199-0
730,HARLIV__ligand30988-0
731,HARLIV__ligand14603-0
732,HARLIV__ligand14297-0
733,HARLIV__ligand4641-0
734,HARLIV__ligand17258-0
735,HARLIV__ligand17631-0
736,HARLIV__ligand13012-0
737,HARLIV__ligand588-0
738,HARLIV__ligand26665-0
739,HARLIV__ligand300-0
740,HARLIV__ligand31783-0
741,HARLIV__ligand30296-0
742,HARLIV__ligand17281-0
743,HARLIV__ligand26540-0
744,HARLIV__ligand4620-0
745,HARLIV__ligand12337-0
746,HARLIV__ligand29410-0
747,HARLIV__ligand409-0
748,HARLIV__ligand324-0
749,HARLIV__ligand361-0
750,HARLIV__ligand30333-0
751,HARLIV__ligand12606-0
752,HARLIV__ligand1577-0
753,HARLIV__ligand6067-0
754,HARLIV__ligand2295-0
755,HARLIV__ligand2917-0
756,HARLIV__ligand7819-0
757,HARLIV__ligand27460-0
758,HARLIV__ligand12427-0
759,HARLIV__ligand28468-0
760,HARLIV__ligand20740-0
761,HARLIV__ligand3465-0
762,HARLIV__ligand6102-0
763,HARLIV__ligand16628-0
764,HARLIV__ligand6596-0
765,HARLIV__ligand3721-0
766,HARLIV__ligand6904-0
767,HARLIV__ligand436-0
768,HARLIV__ligand28676-0
769,HARLIV__ligand10262-0
770,HARLIV__ligand27763-0
771,HARLIV__ligand2915-0
772,HARLIV__ligand3156-0
773,HARLIV__ligand18814-0
774,HARLIV__ligand19057-0
775,HARLIV__ligand1378-0
776,HARLIV__ligand692-0
777,HARLIV__ligand6244-0
778,HARLIV__ligand29302-0
779,HARLIV__ligand13425-0
780,HARLIV__ligand89-0
781,HARLIV__ligand9441-0
782,HARLIV__ligand14108-0
783,HARLIV__ligand2332-0
784,HARLIV__ligand49-0
785,HARLIV__ligand1575-0
786,HARLIV__ligand1530-0
787,HARLIV__ligand12641-0
788,HARLIV__ligand9933-0
789,HARLIV__ligand326-0
790,HARLIV__ligand1631-0
791,HARLIV__ligand10958-0
792,HARLIV__ligand1324-0
793,HARLIV__ligand24185-0
794,HARLIV__ligand633-0
795,HARLIV__ligand8721-0
796,HARLIV__ligand23769-0
797,HARLIV__ligand1823-0
798,HARLIV__ligand5643-0
799,HARLIV__ligand25178-0
800,HARLIV__ligand17302-0
801,HARLIV__ligand1615-0
802,HARLIV__ligand2526-0
803,HARLIV__ligand5036-0
804,HARLIV__ligand17805-0
805,HARLIV__ligand9952-0
806,HARLIV__ligand9111-0
807,HARLIV__ligand497-0
808,HARLIV__ligand18292-0
809,HARLIV__ligand12289-0
810,HARLIV__ligand26702-0
811,HARLIV__ligand13658-0
812,HARLIV__ligand9601-0
813,HARLIV__ligand17387-0
814,HARLIV__ligand12130-0
815,HARLIV__ligand8992-0
816,HARLIV__ligand12231-0
817,HARLIV__ligand1018-0
818,HARLIV__ligand12401-0
819,HARLIV__ligand15585-0
820,HARLIV__ligand24145-0
821,HARLIV__ligand4116-0
822,HARLIV__ligand10476-0
823,HARLIV__ligand7967-0
824,HARLIV__ligand6124-0
825,HARLIV__ligand13068-0
826,HARLIV__ligand19830-0
827,HARLIV__ligand3707-0
