,TMC
0,CBUMOB__ligand23589-0
1,CBUMOB__ligand24064-0
2,CBUMOB__ligand6283-0
3,CBUMOB__ligand15168-0
4,CBUMOB__ligand6062-0
5,CBUMOB__ligand43-0
6,CBUMOB__ligand5813-0
7,CBUMOB__ligand4813-0
8,CBUMOB__ligand4738-0
9,CBUMOB__ligand31618-0
10,CBUMOB__ligand11432-0
11,CBUMOB__ligand10432-0
12,CBUMOB__ligand3215-0
13,CBUMOB__ligand22755-0
14,CBUMOB__ligand633-0
15,CBUMOB__ligand26277-0
16,CBUMOB__ligand29898-0
17,CBUMOB__ligand7107-0
18,CBUMOB__ligand497-0
19,CBUMOB__ligand3973-0
20,CBUMOB__ligand31578-0
21,CBUMOB__ligand17207-0
22,CBUMOB__ligand1147-0
23,CBUMOB__ligand25224-0
24,CBUMOB__ligand18013-0
25,CBUMOB__ligand17945-0
26,CBUMOB__ligand2068-0
27,CBUMOB__ligand24750-0
28,CBUMOB__ligand326-0
29,CBUMOB__ligand7925-0
30,CBUMOB__ligand436-0
31,CBUMOB__ligand4194-0
32,CBUMOB__ligand7532-0
33,CBUMOB__ligand15438-0
34,CBUMOB__ligand28924-0
35,CBUMOB__ligand18703-0
36,CBUMOB__ligand67-0
37,CBUMOB__ligand2599-0
38,CBUMOB__ligand29087-0
39,CBUMOB__ligand692-0
40,CBUMOB__ligand4330-0
41,CBUMOB__ligand7530-0
42,CBUMOB__ligand1065-0
43,CBUMOB__ligand1449-0
44,CBUMOB__ligand3012-0
45,CBUMOB__ligand4332-0
46,CBUMOB__ligand12336-0
47,CBUMOB__ligand9681-0
48,CBUMOB__ligand13072-0
49,CBUMOB__ligand17590-0
50,CBUMOB__ligand6455-0
51,CBUMOB__ligand6882-0
52,CBUMOB__ligand17240-0
53,CBUMOB__ligand3934-0
54,CBUMOB__ligand361-0
55,CBUMOB__ligand324-0
56,CBUMOB__ligand409-0
57,CBUMOB__ligand12682-0
58,CBUMOB__ligand18699-0
59,CBUMOB__ligand2403-0
60,CBUMOB__ligand9148-0
61,CBUMOB__ligand8-0
62,CBUMOB__ligand11774-0
63,CBUMOB__ligand14586-0
64,CBUMOB__ligand21421-0
65,CBUMOB__ligand588-0
66,CBUMOB__ligand7529-0
67,CBUMOB__ligand17710-0
68,CBUMOB__ligand20579-0
69,CBUMOB__ligand11568-0
70,CBUMOB__ligand6946-0
71,CBUMOB__ligand1415-0
72,CBUMOB__ligand300-0
73,CBUMOB__ligand2830-0
74,CBUMOB__ligand31483-0
75,CBUMOB__ligand5627-0
76,CBUMOB__ligand10555-0
77,CBUMOB__ligand1729-0
78,CBUMOB__ligand19725-0
79,CBUMOB__ligand5483-0
80,CBUMOB__ligand199-0
81,CBUMOB__ligand5316-0
82,CBUMOB__ligand24613-0
83,CBUMOB__ligand11140-0
84,CBUMOB__ligand1379-0
85,CBUMOB__ligand2722-0
86,CBUMOB__ligand29610-0
87,CBUMOB__ligand5935-0
88,CBUMOB__ligand1165-0
89,CBUMOB__ligand18074-0
90,CBUMOB__ligand13869-0
91,CBUMOB__ligand670-0
92,CBUMOB__ligand29863-0
93,CBUMOB__ligand9525-0
94,CBUMOB__ligand3157-0
95,CBUMOB__ligand78-0
96,CBUMOB__ligand534-0
97,CBUMOB__ligand571-0
98,CBUMOB__ligand18799-0
99,CBUMOB__ligand45-0
100,CBUMOB__ligand1688-0
101,CBUMOB__ligand5357-0
102,CBUMOB__ligand18465-0
103,CBUMOB__ligand3647-0
104,CBUMOB__ligand5056-0
105,CBUMOB__ligand4850-0
106,CBUMOB__ligand28668-0
107,CBUMOB__ligand1768-0
108,CBUMOB__ligand3871-0
109,CBUMOB__ligand1469-0
110,CBUMOB__ligand16791-0
111,CBUMOB__ligand2527-0
112,CBUMOB__ligand18391-0
113,CBUMOB__ligand27169-0
114,CBUMOB__ligand14523-0
115,CBUMOB__ligand694-0
116,CBUMOB__ligand24-0
117,CBUMOB__ligand20599-0
118,CBUMOB__ligand358-0
119,CBUMOB__ligand430-0
120,CBUMOB__ligand25805-0
121,CBUMOB__ligand22981-0
122,CBUMOB__ligand1709-0
123,CBUMOB__ligand8464-0
124,CBUMOB__ligand488-0
125,CBUMOB__ligand8349-0
126,CBUMOB__ligand27074-0
127,CBUMOB__ligand4911-0
128,CBUMOB__ligand1771-0
129,CBUMOB__ligand23904-0
130,CBUMOB__ligand3392-0
131,CBUMOB__ligand21936-0
132,CBUMOB__ligand13257-0
133,CBUMOB__ligand12467-0
134,CBUMOB__ligand19-0
135,CBUMOB__ligand5849-0
136,CBUMOB__ligand10084-0
137,CBUMOB__ligand25267-0
138,CBUMOB__ligand11166-0
139,CBUMOB__ligand3029-0
140,CBUMOB__ligand21132-0
141,CBUMOB__ligand7162-0
142,CBUMOB__ligand2328-0
143,CBUMOB__ligand4581-0
144,CBUMOB__ligand1773-0
145,CBUMOB__ligand23906-0
146,CBUMOB__ligand1900-0
147,CBUMOB__ligand656-0
148,CBUMOB__ligand9197-0
149,CBUMOB__ligand30539-0
150,CBUMOB__ligand696-0
151,CBUMOB__ligand25689-0
152,CBUMOB__ligand3208-0
153,CBUMOB__ligand2208-0
154,CBUMOB__ligand21787-0
155,CBUMOB__ligand25575-0
156,CBUMOB__ligand2781-0
157,CBUMOB__ligand7573-0
158,CBUMOB__ligand3350-0
159,CBUMOB__ligand27835-0
160,CBUMOB__ligand12295-0
161,CBUMOB__ligand1327-0
162,CBUMOB__ligand9809-0
163,CBUMOB__ligand6672-0
164,CBUMOB__ligand8722-0
165,CBUMOB__ligand162-0
166,CBUMOB__ligand226-0
167,CBUMOB__ligand1533-0
168,CBUMOB__ligand25650-0
169,CBUMOB__ligand31248-0
170,CBUMOB__ligand13209-0
171,CBUMOB__ligand19257-0
172,CBUMOB__ligand416-0
173,CBUMOB__ligand12660-0
174,CBUMOB__ligand383-0
175,CBUMOB__ligand7557-0
176,CBUMOB__ligand1496-0
177,CBUMOB__ligand1712-0
178,CBUMOB__ligand4131-0
179,CBUMOB__ligand23124-0
180,CBUMOB__ligand11206-0
181,CBUMOB__ligand12519-0
182,CBUMOB__ligand25735-0
183,CBUMOB__ligand5892-0
184,CBUMOB__ligand5094-0
185,CBUMOB__ligand27460-0
186,CBUMOB__ligand5256-0
187,CBUMOB__ligand8876-0
188,CBUMOB__ligand2828-0
189,CBUMOB__ligand7648-0
190,CBUMOB__ligand9833-0
191,CBUMOB__ligand4157-0
192,CBUMOB__ligand2232-0
193,CBUMOB__ligand16628-0
194,CBUMOB__ligand9291-0
195,CBUMOB__ligand12427-0
196,CBUMOB__ligand28468-0
197,CBUMOB__ligand20740-0
198,CBUMOB__ligand2176-0
199,CBUMOB__ligand7000-0
200,CBUMOB__ligand240-0
201,CBUMOB__ligand26540-0
202,CBUMOB__ligand1982-0
203,CBUMOB__ligand6768-0
204,CBUMOB__ligand12337-0
205,CBUMOB__ligand8115-0
206,CBUMOB__ligand29410-0
207,CBUMOB__ligand141-0
208,CBUMOB__ligand30296-0
209,CBUMOB__ligand1285-0
210,CBUMOB__ligand17281-0
211,CBUMOB__ligand12606-0
212,CBUMOB__ligand4503-0
213,CBUMOB__ligand30333-0
214,CBUMOB__ligand4546-0
215,CBUMOB__ligand17631-0
216,CBUMOB__ligand13012-0
217,CBUMOB__ligand26665-0
218,CBUMOB__ligand4016-0
219,CBUMOB__ligand6709-0
220,CBUMOB__ligand1219-0
221,CBUMOB__ligand14297-0
222,CBUMOB__ligand14603-0
223,CBUMOB__ligand7867-0
224,CBUMOB__ligand17258-0
225,CBUMOB__ligand31783-0
226,CBUMOB__ligand7280-0
227,CBUMOB__ligand1790-0
228,CBUMOB__ligand1304-0
229,CBUMOB__ligand384-0
230,CBUMOB__ligand7238-0
231,CBUMOB__ligand768-0
232,CBUMOB__ligand15422-0
233,CBUMOB__ligand20578-0
234,CBUMOB__ligand12934-0
235,CBUMOB__ligand9784-0
236,CBUMOB__ligand19641-0
237,CBUMOB__ligand14723-0
238,CBUMOB__ligand7629-0
239,CBUMOB__ligand1451-0
240,CBUMOB__ligand27893-0
241,CBUMOB__ligand4272-0
242,CBUMOB__ligand4093-0
243,CBUMOB__ligand4442-0
244,CBUMOB__ligand38-0
245,CBUMOB__ligand3954-0
246,CBUMOB__ligand30988-0
247,CBUMOB__ligand18832-0
248,CBUMOB__ligand1160-0
249,CBUMOB__ligand27175-0
250,CBUMOB__ligand23713-0
251,CBUMOB__ligand8699-0
252,CBUMOB__ligand9520-0
253,CBUMOB__ligand7106-0
254,CBUMOB__ligand12231-0
255,CBUMOB__ligand12289-0
256,CBUMOB__ligand18292-0
257,CBUMOB__ligand7242-0
258,CBUMOB__ligand13658-0
259,CBUMOB__ligand26702-0
260,CBUMOB__ligand17387-0
261,CBUMOB__ligand12130-0
262,CBUMOB__ligand10476-0
263,CBUMOB__ligand19830-0
264,CBUMOB__ligand13068-0
265,CBUMOB__ligand15585-0
266,CBUMOB__ligand12401-0
267,CBUMOB__ligand9908-0
268,CBUMOB__ligand1263-0
269,CBUMOB__ligand24145-0
270,CBUMOB__ligand1536-0
271,CBUMOB__ligand1573-0
272,CBUMOB__ligand9935-0
273,CBUMOB__ligand25178-0
274,CBUMOB__ligand42-0
275,CBUMOB__ligand24185-0
276,CBUMOB__ligand122-0
277,CBUMOB__ligand3504-0
278,CBUMOB__ligand1959-0
279,CBUMOB__ligand23769-0
280,CBUMOB__ligand17805-0
281,CBUMOB__ligand757-0
282,CBUMOB__ligand4661-0
283,CBUMOB__ligand1844-0
284,CBUMOB__ligand17302-0
285,CBUMOB__ligand3718-0
286,CBUMOB__ligand3035-0
287,CBUMOB__ligand1343-0
288,CBUMOB__ligand3876-0
289,CBUMOB__ligand6616-0
290,CBUMOB__ligand3565-0
291,CBUMOB__ligand66-0
292,CBUMOB__ligand14108-0
293,CBUMOB__ligand693-0
294,CBUMOB__ligand5331-0
295,CBUMOB__ligand1512-0
296,CBUMOB__ligand2485-0
297,CBUMOB__ligand10958-0
298,CBUMOB__ligand3852-0
299,CBUMOB__ligand6919-0
300,CBUMOB__ligand12641-0
301,CBUMOB__ligand10262-0
302,CBUMOB__ligand28676-0
303,CBUMOB__ligand27763-0
304,CBUMOB__ligand4155-0
305,CBUMOB__ligand3094-0
306,CBUMOB__ligand5211-0
307,CBUMOB__ligand3937-0
308,CBUMOB__ligand1202-0
309,CBUMOB__ligand3174-0
310,CBUMOB__ligand3131-0
311,CBUMOB__ligand8969-0
312,CBUMOB__ligand29302-0
313,CBUMOB__ligand13425-0
314,CBUMOB__ligand6839-0
315,CBUMOB__ligand18814-0
316,CBUMOB__ligand4720-0
317,CBUMOB__ligand19057-0
318,CBUMOB__ligand31832-0
319,CBUMOB__ligand777-0
320,CBUMOB__ligand4641-0
321,CBUMOB__ligand13294-0
322,CBUMOB__ligand28884-0
323,CBUMOB__ligand13331-0
324,CBUMOB__ligand12030-0
325,CBUMOB__ligand596-0
326,CBUMOB__ligand29879-0
327,CBUMOB__ligand941-0
328,CBUMOB__ligand14248-0
329,CBUMOB__ligand3234-0
330,CBUMOB__ligand1142-0
331,CBUMOB__ligand657-0
332,CBUMOB__ligand11456-0
333,CBUMOB__ligand187-0
334,CBUMOB__ligand14174-0
335,CBUMOB__ligand10712-0
336,CBUMOB__ligand8835-0
337,CBUMOB__ligand2028-0
338,CBUMOB__ligand366-0
339,CBUMOB__ligand7126-0
340,CBUMOB__ligand25411-0
341,CBUMOB__ligand7819-0
342,CBUMOB__ligand2917-0
343,CBUMOB__ligand13390-0
344,CBUMOB__ligand20682-0
345,CBUMOB__ligand3465-0
346,CBUMOB__ligand845-0
347,CBUMOB__ligand6596-0
348,CBUMOB__ligand6904-0
349,CBUMOB__ligand3721-0
350,CBUMOB__ligand6102-0
351,CBUMOB__ligand13208-0
352,CBUMOB__ligand26810-0
353,CBUMOB__ligand4620-0
354,CBUMOB__ligand27482-0
355,CBUMOB__ligand163-0
356,CBUMOB__ligand126-0
357,CBUMOB__ligand2295-0
358,CBUMOB__ligand6067-0
359,CBUMOB__ligand1577-0
360,CBUMOB__ligand2332-0
361,CBUMOB__ligand14889-0
362,CBUMOB__ligand30851-0
363,CBUMOB__ligand9441-0
364,CBUMOB__ligand29568-0
365,CBUMOB__ligand338-0
366,CBUMOB__ligand9933-0
367,CBUMOB__ligand1530-0
368,CBUMOB__ligand28789-0
369,CBUMOB__ligand1575-0
370,CBUMOB__ligand20419-0
371,CBUMOB__ligand21371-0
372,CBUMOB__ligand1631-0
373,CBUMOB__ligand17118-0
374,CBUMOB__ligand3156-0
375,CBUMOB__ligand2915-0
376,CBUMOB__ligand14117-0
377,CBUMOB__ligand17261-0
378,CBUMOB__ligand1378-0
379,CBUMOB__ligand31097-0
380,CBUMOB__ligand21581-0
381,CBUMOB__ligand20539-0
382,CBUMOB__ligand6244-0
383,CBUMOB__ligand20251-0
384,CBUMOB__ligand20214-0
385,CBUMOB__ligand30702-0
386,CBUMOB__ligand279-0
387,CBUMOB__ligand20251-1
388,CBUMOB__ligand9601-0
389,CBUMOB__ligand18-0
390,CBUMOB__ligand185-0
391,CBUMOB__ligand8992-0
392,CBUMOB__ligand178-0
393,CBUMOB__ligand4116-0
394,CBUMOB__ligand1018-0
395,CBUMOB__ligand3707-0
396,CBUMOB__ligand6124-0
397,CBUMOB__ligand321-0
398,CBUMOB__ligand7967-0
399,CBUMOB__ligand14703-0
400,CBUMOB__ligand16475-0
401,CBUMOB__ligand20598-0
402,CBUMOB__ligand8721-0
403,CBUMOB__ligand11675-0
404,CBUMOB__ligand24047-0
405,CBUMOB__ligand10589-0
406,CBUMOB__ligand22557-0
407,CBUMOB__ligand1324-0
408,CBUMOB__ligand5643-0
409,CBUMOB__ligand1823-0
410,CBUMOB__ligand17398-0
411,CBUMOB__ligand5036-0
412,CBUMOB__ligand2526-0
413,CBUMOB__ligand1615-0
414,CBUMOB__ligand201-0
415,CBUMOB__ligand17278-0
416,CBUMOB__ligand20011-0
417,CBUMOB__ligand17982-0
418,CBUMOB__ligand9111-0
419,CBUMOB__ligand9952-0
420,CBUMOB__ligand29414-0
421,CBUMOB__ligand28540-0
422,CBUMOB__ligand11111-0
423,CBUMOB__ligand8000-0
424,CBUMOB__ligand16369-0
425,CBUMOB__ligand784-0
426,CBUMOB__ligand3736-0
427,CBUMOB__ligand9344-0
428,CBUMOB__ligand27754-0
429,CBUMOB__ligand20695-0
430,CBUMOB__ligand2693-0
431,CBUMOB__ligand5383-0
432,CBUMOB__ligand91-0
433,CBUMOB__ligand3945-0
434,CBUMOB__ligand22403-0
435,CBUMOB__ligand21399-0
436,CBUMOB__ligand51-0
437,CBUMOB__ligand10872-0
438,CBUMOB__ligand9299-0
439,CBUMOB__ligand12003-0
440,CBUMOB__ligand4007-0
441,CBUMOB__ligand2985-0
442,CBUMOB__ligand16148-0
443,CBUMOB__ligand26631-0
444,CBUMOB__ligand395-0
445,CBUMOB__ligand3677-1
446,CBUMOB__ligand9883-0
447,CBUMOB__ligand7291-0
448,CBUMOB__ligand29215-0
449,CBUMOB__ligand368-0
450,CBUMOB__ligand1294-0
451,CBUMOB__ligand115-0
452,CBUMOB__ligand1168-0
453,CBUMOB__ligand3632-0
454,CBUMOB__ligand3677-0
455,CBUMOB__ligand21729-0
456,CBUMOB__ligand27239-0
457,CBUMOB__ligand1-0
458,CBUMOB__ligand14043-0
459,CBUMOB__ligand28559-0
460,CBUMOB__ligand26324-0
461,CBUMOB__ligand6699-0
462,CBUMOB__ligand19927-0
463,CBUMOB__ligand833-0
464,CBUMOB__ligand2881-0
465,CBUMOB__ligand1499-0
466,CBUMOB__ligand11618-0
467,CBUMOB__ligand3712-0
468,CBUMOB__ligand1464-0
469,CBUMOB__ligand26529-0
470,CBUMOB__ligand48-0
471,CBUMOB__ligand1211-0
472,CBUMOB__ligand6892-0
473,CBUMOB__ligand17427-0
474,CBUMOB__ligand5595-0
475,CBUMOB__ligand4101-0
476,CBUMOB__ligand2221-0
477,CBUMOB__ligand29486-0
478,CBUMOB__ligand506-0
479,CBUMOB__ligand31694-0
480,CBUMOB__ligand3120-0
481,CBUMOB__ligand3926-0
482,CBUMOB__ligand4358-0
483,CBUMOB__ligand5099-0
484,CBUMOB__ligand8592-0
485,CBUMOB__ligand32-0
486,CBUMOB__ligand3-0
487,CBUMOB__ligand1197-0
488,CBUMOB__ligand2259-0
489,CBUMOB__ligand1296-0
490,CBUMOB__ligand25561-0
491,CBUMOB__ligand152-0
492,CBUMOB__ligand12138-0
493,CBUMOB__ligand24780-0
494,CBUMOB__ligand22129-0
495,CBUMOB__ligand1376-0
496,CBUMOB__ligand5510-0
497,CBUMOB__ligand11949-0
498,CBUMOB__ligand9773-0
499,CBUMOB__ligand176-0
500,CBUMOB__ligand2238-0
501,CBUMOB__ligand12001-0
502,CBUMOB__ligand5304-0
503,CBUMOB__ligand24644-0
504,CBUMOB__ligand10033-0
505,CBUMOB__ligand16-0
506,CBUMOB__ligand9167-0
507,CBUMOB__ligand1317-0
508,CBUMOB__ligand3867-0
509,CBUMOB__ligand2822-0
510,CBUMOB__ligand447-0
511,CBUMOB__ligand24872-0
512,CBUMOB__ligand7293-0
513,CBUMOB__ligand30728-0
514,CBUMOB__ligand27840-0
515,CBUMOB__ligand746-0
516,CBUMOB__ligand487-0
517,CBUMOB__ligand23175-0
518,CBUMOB__ligand15788-0
519,CBUMOB__ligand17396-0
520,CBUMOB__ligand6117-0
521,CBUMOB__ligand1407-0
522,CBUMOB__ligand5509-0
523,CBUMOB__ligand11587-0
524,CBUMOB__ligand8002-0
525,CBUMOB__ligand13220-0
526,CBUMOB__ligand7762-0
527,CBUMOB__ligand24111-0
528,CBUMOB__ligand5080-0
529,CBUMOB__ligand22444-0
530,CBUMOB__ligand13385-0
531,CBUMOB__ligand14569-0
532,CBUMOB__ligand11994-0
533,CBUMOB__ligand5159-0
534,CBUMOB__ligand393-0
535,CBUMOB__ligand31842-0
536,CBUMOB__ligand7196-0
537,CBUMOB__ligand31044-0
538,CBUMOB__ligand9753-0
539,CBUMOB__ligand1787-0
540,CBUMOB__ligand1356-0
541,CBUMOB__ligand5530-0
542,CBUMOB__ligand24035-0
543,CBUMOB__ligand14614-0
544,CBUMOB__ligand57-0
545,CBUMOB__ligand3178-0
546,CBUMOB__ligand4807-0
547,CBUMOB__ligand16663-0
548,CBUMOB__ligand4711-0
549,CBUMOB__ligand3244-0
550,CBUMOB__ligand16988-0
551,CBUMOB__ligand2906-0
552,CBUMOB__ligand25913-0
553,CBUMOB__ligand353-0
554,CBUMOB__ligand20207-0
555,CBUMOB__ligand30711-0
556,CBUMOB__ligand4649-0
557,CBUMOB__ligand8793-0
558,CBUMOB__ligand5649-0
559,CBUMOB__ligand2788-0
560,CBUMOB__ligand11682-0
561,CBUMOB__ligand2124-0
562,CBUMOB__ligand19792-0
563,CBUMOB__ligand196-0
564,CBUMOB__ligand10828-0
565,CBUMOB__ligand15926-0
566,CBUMOB__ligand8612-0
567,CBUMOB__ligand7092-0
568,CBUMOB__ligand24230-0
569,CBUMOB__ligand2260-0
570,CBUMOB__ligand1153-0
571,CBUMOB__ligand3225-0
572,CBUMOB__ligand1116-0
573,CBUMOB__ligand28810-0
574,CBUMOB__ligand11447-0
575,CBUMOB__ligand11096-0
576,CBUMOB__ligand15883-0
577,CBUMOB__ligand9323-0
578,CBUMOB__ligand7273-0
579,CBUMOB__ligand11970-0
580,CBUMOB__ligand7172-0
581,CBUMOB__ligand5180-0
582,CBUMOB__ligand422-0
583,CBUMOB__ligand21919-0
584,CBUMOB__ligand22294-0
585,CBUMOB__ligand28930-0
586,CBUMOB__ligand22168-0
587,CBUMOB__ligand13862-0
588,CBUMOB__ligand11357-0
589,CBUMOB__ligand5708-0
590,CBUMOB__ligand15531-0
591,CBUMOB__ligand28743-0
592,CBUMOB__ligand7316-0
593,CBUMOB__ligand10056-0
594,CBUMOB__ligand12365-0
595,CBUMOB__ligand6017-0
596,CBUMOB__ligand686-0
597,CBUMOB__ligand1832-0
598,CBUMOB__ligand8788-0
599,CBUMOB__ligand2043-0
600,CBUMOB__ligand465-0
601,CBUMOB__ligand23197-0
602,CBUMOB__ligand1228-0
603,CBUMOB__ligand9943-0
604,CBUMOB__ligand34-0
605,CBUMOB__ligand27285-0
606,CBUMOB__ligand1604-0
607,CBUMOB__ligand29029-0
608,CBUMOB__ligand27669-0
609,CBUMOB__ligand314-1
610,CBUMOB__ligand30142-0
611,CBUMOB__ligand1114-0
612,CBUMOB__ligand9284-0
613,CBUMOB__ligand13477-0
614,CBUMOB__ligand14167-0
615,CBUMOB__ligand6391-0
616,CBUMOB__ligand3126-0
617,CBUMOB__ligand2417-0
618,CBUMOB__ligand28459-0
619,CBUMOB__ligand68-0
620,CBUMOB__ligand18448-0
621,CBUMOB__ligand12453-0
622,CBUMOB__ligand2203-0
623,CBUMOB__ligand5387-0
624,CBUMOB__ligand1289-0
625,CBUMOB__ligand813-0
626,CBUMOB__ligand19184-0
627,CBUMOB__ligand780-0
628,CBUMOB__ligand314-0
629,CBUMOB__ligand28685-0
630,CBUMOB__ligand18568-0
631,CBUMOB__ligand391-0
632,CBUMOB__ligand13672-0
633,CBUMOB__ligand9450-0
634,CBUMOB__ligand618-0
635,CBUMOB__ligand10371-0
636,CBUMOB__ligand1599-0
637,CBUMOB__ligand55-0
638,CBUMOB__ligand2612-0
639,CBUMOB__ligand7566-0
640,CBUMOB__ligand2001-0
641,CBUMOB__ligand8593-0
642,CBUMOB__ligand9944-0
643,CBUMOB__ligand20844-0
644,CBUMOB__ligand18413-0
645,CBUMOB__ligand252-0
646,CBUMOB__ligand24624-0
647,CBUMOB__ligand18757-0
648,CBUMOB__ligand24560-0
649,CBUMOB__ligand116-0
650,CBUMOB__ligand1113-0
651,CBUMOB__ligand8553-0
652,CBUMOB__ligand193-0
653,CBUMOB__ligand21752-0
654,CBUMOB__ligand30788-0
655,CBUMOB__ligand13691-0
656,CBUMOB__ligand5201-0
657,CBUMOB__ligand372-0
658,CBUMOB__ligand830-0
659,CBUMOB__ligand14339-0
660,CBUMOB__ligand23445-0
661,CBUMOB__ligand5415-0
662,CBUMOB__ligand24953-0
663,CBUMOB__ligand16133-0
664,CBUMOB__ligand13755-0
665,CBUMOB__ligand909-0
666,CBUMOB__ligand20432-0
667,CBUMOB__ligand27122-0
668,CBUMOB__ligand4124-0
669,CBUMOB__ligand3471-0
670,CBUMOB__ligand4161-0
671,CBUMOB__ligand21940-0
672,CBUMOB__ligand25048-0
673,CBUMOB__ligand2823-0
674,CBUMOB__ligand20557-0
675,CBUMOB__ligand30004-0
676,CBUMOB__ligand6995-0
677,CBUMOB__ligand3180-0
678,CBUMOB__ligand177-0
679,CBUMOB__ligand4340-0
680,CBUMOB__ligand2650-0
681,CBUMOB__ligand2281-0
682,CBUMOB__ligand17-0
683,CBUMOB__ligand1050-0
684,CBUMOB__ligand1015-0
685,CBUMOB__ligand11544-0
686,CBUMOB__ligand11501-0
687,CBUMOB__ligand2027-0
688,CBUMOB__ligand29214-0
689,CBUMOB__ligand188-0
690,CBUMOB__ligand22357-0
691,CBUMOB__ligand11758-0
692,CBUMOB__ligand21448-0
693,CBUMOB__ligand11798-0
694,CBUMOB__ligand2692-0
695,CBUMOB__ligand620-0
696,CBUMOB__ligand1618-0
697,CBUMOB__ligand370-1
698,CBUMOB__ligand564-0
699,CBUMOB__ligand20731-0
700,CBUMOB__ligand12413-0
701,CBUMOB__ligand29334-0
702,CBUMOB__ligand17445-0
703,CBUMOB__ligand479-0
704,CBUMOB__ligand311-0
705,CBUMOB__ligand785-0
706,CBUMOB__ligand4262-0
707,CBUMOB__ligand1028-0
708,CBUMOB__ligand14477-0
709,CBUMOB__ligand17069-0
710,CBUMOB__ligand9615-0
711,CBUMOB__ligand49-0
712,CBUMOB__ligand20942-1
713,CBUMOB__ligand16956-0
714,CBUMOB__ligand21339-0
715,CBUMOB__ligand14226-0
716,CBUMOB__ligand1154-0
717,CBUMOB__ligand27771-0
718,CBUMOB__ligand4596-0
719,CBUMOB__ligand18158-0
720,CBUMOB__ligand1498-0
721,CBUMOB__ligand370-0
722,CBUMOB__ligand23682-0
723,CBUMOB__ligand29565-0
724,CBUMOB__ligand14007-0
725,CBUMOB__ligand18019-1
726,CBUMOB__ligand89-0
727,CBUMOB__ligand8529-0
728,CBUMOB__ligand1169-0
729,CBUMOB__ligand27550-0
730,CBUMOB__ligand250-0
731,CBUMOB__ligand4207-0
732,CBUMOB__ligand20121-0
733,CBUMOB__ligand15387-0
734,CBUMOB__ligand3416-0
735,CBUMOB__ligand20220-0
736,CBUMOB__ligand3453-0
737,CBUMOB__ligand16952-0
738,CBUMOB__ligand29813-0
739,CBUMOB__ligand294-0
740,CBUMOB__ligand1150-0
741,CBUMOB__ligand1539-0
742,CBUMOB__ligand685-0
743,CBUMOB__ligand29441-0
744,CBUMOB__ligand10853-0
745,CBUMOB__ligand4-0
746,CBUMOB__ligand4063-0
747,CBUMOB__ligand10479-0
748,CBUMOB__ligand27610-0
749,CBUMOB__ligand11479-0
750,CBUMOB__ligand7438-0
751,CBUMOB__ligand8200-0
752,CBUMOB__ligand14302-0
753,CBUMOB__ligand14347-0
754,CBUMOB__ligand13657-0
755,CBUMOB__ligand20530-0
756,CBUMOB__ligand11698-0
757,CBUMOB__ligand3042-0
758,CBUMOB__ligand421-0
759,CBUMOB__ligand24851-0
760,CBUMOB__ligand1149-0
761,CBUMOB__ligand3557-0
762,CBUMOB__ligand3980-0
763,CBUMOB__ligand134-0
764,CBUMOB__ligand11-0
765,CBUMOB__ligand22353-0
766,CBUMOB__ligand7075-0
767,CBUMOB__ligand235-0
768,CBUMOB__ligand9750-0
769,CBUMOB__ligand1817-0
770,CBUMOB__ligand6993-0
771,CBUMOB__ligand19906-0
772,CBUMOB__ligand19668-0
773,CBUMOB__ligand1779-0
774,CBUMOB__ligand4167-0
775,CBUMOB__ligand10151-0
776,CBUMOB__ligand9491-0
777,CBUMOB__ligand4266-0
778,CBUMOB__ligand1400-0
779,CBUMOB__ligand560-0
780,CBUMOB__ligand69-0
781,CBUMOB__ligand1288-0
782,CBUMOB__ligand352-0
783,CBUMOB__ligand783-0
784,CBUMOB__ligand6112-0
785,CBUMOB__ligand10582-0
786,CBUMOB__ligand8042-0
787,CBUMOB__ligand13260-0
788,CBUMOB__ligand7213-0
789,CBUMOB__ligand1397-0
790,CBUMOB__ligand1828-0
791,CBUMOB__ligand11252-0
792,CBUMOB__ligand19824-0
793,CBUMOB__ligand5755-0
794,CBUMOB__ligand18067-0
795,CBUMOB__ligand4710-0
796,CBUMOB__ligand5085-0
797,CBUMOB__ligand3144-0
798,CBUMOB__ligand4795-0
799,CBUMOB__ligand3285-0
800,CBUMOB__ligand20821-0
801,CBUMOB__ligand26673-0
802,CBUMOB__ligand1908-0
803,CBUMOB__ligand868-0
804,CBUMOB__ligand5630-0
805,CBUMOB__ligand31000-0
806,CBUMOB__ligand11606-0
807,CBUMOB__ligand1786-0
808,CBUMOB__ligand16603-0
809,CBUMOB__ligand11814-0
810,CBUMOB__ligand6663-0
811,CBUMOB__ligand5515-0
812,CBUMOB__ligand11622-0
813,CBUMOB__ligand1831-0
814,CBUMOB__ligand5614-0
815,CBUMOB__ligand5280-0
816,CBUMOB__ligand16870-0
817,CBUMOB__ligand1849-0
818,CBUMOB__ligand15455-0
819,CBUMOB__ligand11177-0
820,CBUMOB__ligand31205-0
821,CBUMOB__ligand197-0
822,CBUMOB__ligand1216-0
823,CBUMOB__ligand25658-0
824,CBUMOB__ligand17686-0
825,CBUMOB__ligand3261-0
826,CBUMOB__ligand1152-0
827,CBUMOB__ligand5019-0
