,TMC
0,HOSXUK__ligand1544-0
1,HOSXUK__ligand1459-0
2,HOSXUK__ligand2087-0
3,HOSXUK__ligand1048-0
4,HOSXUK__ligand141-0
5,HOSXUK__ligand3757-0
6,HOSXUK__ligand240-0
7,HOSXUK__ligand1685-0
8,HOSXUK__ligand120-0
9,HOSXUK__ligand1171-0
10,HOSXUK__ligand384-0
11,HOSXUK__ligand89-0
12,HOSXUK__ligand49-0
13,HOSXUK__ligand5801-0
14,HOSXUK__ligand3063-0
15,HOSXUK__ligand1438-0
16,HOSXUK__ligand797-0
17,HOSXUK__ligand1706-0
18,HOSXUK__ligand3734-0
19,HOSXUK__ligand2629-0
20,HOSXUK__ligand757-0
21,HOSXUK__ligand4381-0
22,HOSXUK__ligand6277-0
23,HOSXUK__ligand17-0
24,HOSXUK__ligand1951-0
25,HOSXUK__ligand1687-0
26,HOSXUK__ligand92-0
27,HOSXUK__ligand2688-0
28,HOSXUK__ligand2259-0
29,HOSXUK__ligand1376-0
30,HOSXUK__ligand2768-0
31,HOSXUK__ligand596-0
32,HOSXUK__ligand2751-0
33,HOSXUK__ligand3041-0
34,HOSXUK__ligand187-0
35,HOSXUK__ligand612-0
36,HOSXUK__ligand14530-0
37,HOSXUK__ligand861-0
38,HOSXUK__ligand366-0
39,HOSXUK__ligand1542-0
40,HOSXUK__ligand2634-0
41,HOSXUK__ligand2098-0
42,HOSXUK__ligand6502-0
43,HOSXUK__ligand2863-0
44,HOSXUK__ligand3178-0
45,HOSXUK__ligand6332-0
46,HOSXUK__ligand3145-0
47,HOSXUK__ligand7915-0
48,HOSXUK__ligand10910-0
49,HOSXUK__ligand5548-0
50,HOSXUK__ligand6686-0
51,HOSXUK__ligand1747-0
52,HOSXUK__ligand126-0
53,HOSXUK__ligand3246-0
54,HOSXUK__ligand124-0
55,HOSXUK__ligand10114-0
56,HOSXUK__ligand1479-0
57,HOSXUK__ligand119-0
58,HOSXUK__ligand1148-0
59,HOSXUK__ligand178-0
60,HOSXUK__ligand279-0
61,HOSXUK__ligand321-0
62,HOSXUK__ligand1228-0
63,HOSXUK__ligand10479-0
64,HOSXUK__ligand9244-0
65,HOSXUK__ligand11-0
66,HOSXUK__ligand1114-0
67,HOSXUK__ligand1538-0
68,HOSXUK__ligand201-0
69,HOSXUK__ligand244-0
70,HOSXUK__ligand100-0
71,HOSXUK__ligand1273-0
72,HOSXUK__ligand838-0
73,HOSXUK__ligand32-0
74,HOSXUK__ligand166-0
75,HOSXUK__ligand532-0
76,HOSXUK__ligand633-0
77,HOSXUK__ligand1052-0
78,HOSXUK__ligand8-0
79,HOSXUK__ligand918-0
80,HOSXUK__ligand497-0
81,HOSXUK__ligand1835-0
82,HOSXUK__ligand2345-0
83,HOSXUK__ligand2794-0
84,HOSXUK__ligand283-0
85,HOSXUK__ligand4983-0
86,HOSXUK__ligand553-0
87,HOSXUK__ligand326-0
88,HOSXUK__ligand1502-0
89,HOSXUK__ligand821-0
90,HOSXUK__ligand2265-0
91,HOSXUK__ligand1113-0
92,HOSXUK__ligand6396-0
93,HOSXUK__ligand436-0
94,HOSXUK__ligand9027-0
95,HOSXUK__ligand206-0
96,HOSXUK__ligand142-0
97,HOSXUK__ligand51-0
98,HOSXUK__ligand5941-0
99,HOSXUK__ligand2880-0
100,HOSXUK__ligand140-0
101,HOSXUK__ligand105-0
102,HOSXUK__ligand1799-0
103,HOSXUK__ligand3838-0
104,HOSXUK__ligand2838-0
105,HOSXUK__ligand5022-0
106,HOSXUK__ligand29-0
107,HOSXUK__ligand1169-0
108,HOSXUK__ligand91-0
109,HOSXUK__ligand409-0
110,HOSXUK__ligand324-0
111,HOSXUK__ligand361-0
112,HOSXUK__ligand2864-0
113,HOSXUK__ligand575-0
114,HOSXUK__ligand48-0
115,HOSXUK__ligand2142-0
116,HOSXUK__ligand9495-0
117,HOSXUK__ligand2772-0
118,HOSXUK__ligand199-0
119,HOSXUK__ligand6151-0
120,HOSXUK__ligand6538-0
121,HOSXUK__ligand927-0
122,HOSXUK__ligand1598-0
123,HOSXUK__ligand1248-0
124,HOSXUK__ligand4303-0
125,HOSXUK__ligand6294-0
126,HOSXUK__ligand571-0
127,HOSXUK__ligand1054-0
128,HOSXUK__ligand118-0
129,HOSXUK__ligand670-0
130,HOSXUK__ligand509-0
131,HOSXUK__ligand7464-0
132,HOSXUK__ligand34-0
133,HOSXUK__ligand669-0
134,HOSXUK__ligand55-0
135,HOSXUK__ligand430-0
136,HOSXUK__ligand358-0
137,HOSXUK__ligand3637-0
138,HOSXUK__ligand95-0
139,HOSXUK__ligand365-0
140,HOSXUK__ligand8774-0
141,HOSXUK__ligand278-0
142,HOSXUK__ligand10357-0
143,HOSXUK__ligand1607-0
144,HOSXUK__ligand15630-0
145,HOSXUK__ligand1727-0
146,HOSXUK__ligand57-0
147,HOSXUK__ligand1152-0
148,HOSXUK__ligand226-0
149,HOSXUK__ligand2430-0
150,HOSXUK__ligand1703-0
151,HOSXUK__ligand162-0
152,HOSXUK__ligand383-0
153,HOSXUK__ligand73-0
154,HOSXUK__ligand2907-0
155,HOSXUK__ligand1567-0
156,HOSXUK__ligand2285-0
157,HOSXUK__ligand8921-0
158,HOSXUK__ligand2510-0
159,HOSXUK__ligand1056-0
160,HOSXUK__ligand2320-0
161,HOSXUK__ligand2862-0
162,HOSXUK__ligand1246-0
163,HOSXUK__ligand955-0
164,HOSXUK__ligand252-0
165,HOSXUK__ligand6166-0
166,HOSXUK__ligand2853-0
167,HOSXUK__ligand3853-0
168,HOSXUK__ligand193-0
169,HOSXUK__ligand830-0
170,HOSXUK__ligand5089-0
171,HOSXUK__ligand2599-0
172,HOSXUK__ligand909-0
173,HOSXUK__ligand1307-0
174,HOSXUK__ligand851-0
175,HOSXUK__ligand66-0
176,HOSXUK__ligand934-0
177,HOSXUK__ligand177-0
178,HOSXUK__ligand1260-0
179,HOSXUK__ligand4894-0
180,HOSXUK__ligand369-0
181,HOSXUK__ligand11730-0
182,HOSXUK__ligand444-0
183,HOSXUK__ligand9620-0
184,HOSXUK__ligand21-0
185,HOSXUK__ligand188-0
186,HOSXUK__ligand7514-0
187,HOSXUK__ligand3337-0
188,HOSXUK__ligand4811-0
189,HOSXUK__ligand1449-1
190,HOSXUK__ligand311-0
191,HOSXUK__ligand1321-0
192,HOSXUK__ligand370-0
193,HOSXUK__ligand3566-0
194,HOSXUK__ligand1178-0
195,HOSXUK__ligand38-0
196,HOSXUK__ligand40-0
197,HOSXUK__ligand460-0
198,HOSXUK__ligand250-0
199,HOSXUK__ligand1788-0
200,HOSXUK__ligand331-0
201,HOSXUK__ligand993-0
202,HOSXUK__ligand2482-0
203,HOSXUK__ligand1325-0
204,HOSXUK__ligand294-0
205,HOSXUK__ligand6571-0
206,HOSXUK__ligand2442-0
207,HOSXUK__ligand6-0
208,HOSXUK__ligand584-0
209,HOSXUK__ligand916-0
210,HOSXUK__ligand1019-0
211,HOSXUK__ligand421-0
212,HOSXUK__ligand798-0
213,HOSXUK__ligand1104-0
214,HOSXUK__ligand7414-0
215,HOSXUK__ligand5762-0
216,HOSXUK__ligand235-0
217,HOSXUK__ligand1379-0
218,HOSXUK__ligand134-0
219,HOSXUK__ligand932-0
220,HOSXUK__ligand6430-0
221,HOSXUK__ligand390-0
222,HOSXUK__ligand1299-0
223,HOSXUK__ligand1221-0
224,HOSXUK__ligand1264-0
225,HOSXUK__ligand2929-0
226,HOSXUK__ligand18-0
227,HOSXUK__ligand109-0
228,HOSXUK__ligand2376-0
229,HOSXUK__ligand525-0
230,HOSXUK__ligand560-0
231,HOSXUK__ligand1919-0
232,HOSXUK__ligand352-0
233,HOSXUK__ligand783-0
234,HOSXUK__ligand2389-0
235,HOSXUK__ligand1712-0
236,HOSXUK__ligand136-0
237,HOSXUK__ligand442-0
238,HOSXUK__ligand2916-0
239,HOSXUK__ligand2110-0
240,HOSXUK__ligand3579-0
241,HOSXUK__ligand868-0
242,HOSXUK__ligand62-0
243,HOSXUK__ligand8032-0
244,HOSXUK__ligand4-0
245,HOSXUK__ligand112-0
246,HOSXUK__ligand1858-0
247,HOSXUK__ligand86-0
248,HOSXUK__ligand5334-0
249,HOSXUK__ligand2315-0
250,HOSXUK__ligand296-0
251,HOSXUK__ligand2480-0
252,HOSXUK__ligand4504-0
253,HOSXUK__ligand3051-0
254,HOSXUK__ligand1898-0
255,HOSXUK__ligand197-0
256,HOSXUK__ligand485-0
257,HOSXUK__ligand355-0
258,HOSXUK__ligand784-0
259,HOSXUK__ligand7550-0
260,HOSXUK__ligand1038-0
261,HOSXUK__ligand2762-0
262,HOSXUK__ligand2954-0
263,HOSXUK__ligand5093-0
264,HOSXUK__ligand1160-0
265,HOSXUK__ligand2253-0
266,HOSXUK__ligand3890-0
267,HOSXUK__ligand3-0
268,HOSXUK__ligand115-0
269,HOSXUK__ligand1907-0
270,HOSXUK__ligand4423-0
271,HOSXUK__ligand1555-0
272,HOSXUK__ligand1285-0
273,HOSXUK__ligand291-0
274,HOSXUK__ligand7630-0
275,HOSXUK__ligand5758-0
276,HOSXUK__ligand3852-0
277,HOSXUK__ligand3478-0
278,HOSXUK__ligand1-0
279,HOSXUK__ligand1818-0
280,HOSXUK__ligand682-0
281,HOSXUK__ligand7456-0
282,HOSXUK__ligand6143-0
283,HOSXUK__ligand5235-0
284,HOSXUK__ligand133-0
285,HOSXUK__ligand4619-0
286,HOSXUK__ligand3251-0
287,HOSXUK__ligand67-0
288,HOSXUK__ligand447-0
289,HOSXUK__ligand9176-0
290,HOSXUK__ligand487-0
291,HOSXUK__ligand666-0
292,HOSXUK__ligand1493-0
293,HOSXUK__ligand2718-0
294,HOSXUK__ligand522-0
295,HOSXUK__ligand3070-0
296,HOSXUK__ligand3035-0
297,HOSXUK__ligand2255-0
298,HOSXUK__ligand4175-0
299,HOSXUK__ligand236-0
300,HOSXUK__ligand1918-0
301,HOSXUK__ligand353-0
302,HOSXUK__ligand196-0
303,HOSXUK__ligand502-0
304,HOSXUK__ligand4370-0
305,HOSXUK__ligand422-0
306,HOSXUK__ligand2618-0
307,HOSXUK__ligand3618-0
308,HOSXUK__ligand1436-0
309,HOSXUK__ligand113-0
310,HOSXUK__ligand1690-0
311,HOSXUK__ligand45-0
312,HOSXUK__ligand2707-0
313,HOSXUK__ligand210-0
314,HOSXUK__ligand2526-0
315,HOSXUK__ligand78-0
316,HOSXUK__ligand85-0
317,HOSXUK__ligand1551-0
318,HOSXUK__ligand314-0
319,HOSXUK__ligand481-0
320,HOSXUK__ligand4012-0
321,HOSXUK__ligand3196-0
322,HOSXUK__ligand391-0
323,HOSXUK__ligand2915-0
324,HOSXUK__ligand170-0
