,TMC
0,OFIJOC__ligand314-0
1,OFIJOC__ligand1148-0
2,OFIJOC__ligand481-0
3,OFIJOC__ligand48-0
4,OFIJOC__ligand1479-0
5,OFIJOC__ligand170-0
6,OFIJOC__ligand391-0
7,OFIJOC__ligand3246-0
8,OFIJOC__ligand210-0
9,OFIJOC__ligand1114-0
10,OFIJOC__ligand1538-0
11,OFIJOC__ligand51-0
12,OFIJOC__ligand1228-0
13,OFIJOC__ligand29-0
14,OFIJOC__ligand91-0
15,OFIJOC__ligand9244-0
16,OFIJOC__ligand1542-0
17,OFIJOC__ligand2634-0
18,OFIJOC__ligand3041-0
19,OFIJOC__ligand196-0
20,OFIJOC__ligand502-0
21,OFIJOC__ligand2751-0
22,OFIJOC__ligand113-0
23,OFIJOC__ligand422-0
24,OFIJOC__ligand5548-0
25,OFIJOC__ligand7915-0
26,OFIJOC__ligand6686-0
27,OFIJOC__ligand1747-0
28,OFIJOC__ligand236-0
29,OFIJOC__ligand3145-0
30,OFIJOC__ligand32-0
31,OFIJOC__ligand3178-0
32,OFIJOC__ligand6332-0
33,OFIJOC__ligand353-0
34,OFIJOC__ligand6502-0
35,OFIJOC__ligand2098-0
36,OFIJOC__ligand2863-0
37,OFIJOC__ligand2629-0
38,OFIJOC__ligand10114-0
39,OFIJOC__ligand73-0
40,OFIJOC__ligand4381-0
41,OFIJOC__ligand447-0
42,OFIJOC__ligand1706-0
43,OFIJOC__ligand3734-0
44,OFIJOC__ligand133-0
45,OFIJOC__ligand666-0
46,OFIJOC__ligand522-0
47,OFIJOC__ligand487-0
48,OFIJOC__ligand10479-0
49,OFIJOC__ligand2768-0
50,OFIJOC__ligand1376-0
51,OFIJOC__ligand2688-0
52,OFIJOC__ligand2259-0
53,OFIJOC__ligand1951-0
54,OFIJOC__ligand57-0
55,OFIJOC__ligand1687-0
56,OFIJOC__ligand682-0
57,OFIJOC__ligand6277-0
58,OFIJOC__ligand1685-0
59,OFIJOC__ligand55-0
60,OFIJOC__ligand1048-0
61,OFIJOC__ligand2087-0
62,OFIJOC__ligand3757-0
63,OFIJOC__ligand115-0
64,OFIJOC__ligand291-0
65,OFIJOC__ligand1459-0
66,OFIJOC__ligand14530-0
67,OFIJOC__ligand95-0
68,OFIJOC__ligand1544-0
69,OFIJOC__ligand1438-0
70,OFIJOC__ligand3063-0
71,OFIJOC__ligand485-0
72,OFIJOC__ligand784-0
73,OFIJOC__ligand355-0
74,OFIJOC__ligand5801-0
75,OFIJOC__ligand1171-0
76,OFIJOC__ligand34-0
77,OFIJOC__ligand10910-0
78,OFIJOC__ligand17-0
79,OFIJOC__ligand1152-0
80,OFIJOC__ligand1727-0
81,OFIJOC__ligand112-0
82,OFIJOC__ligand296-0
83,OFIJOC__ligand197-0
84,OFIJOC__ligand1607-0
85,OFIJOC__ligand92-0
86,OFIJOC__ligand1056-0
87,OFIJOC__ligand2320-0
88,OFIJOC__ligand2862-0
89,OFIJOC__ligand8921-0
90,OFIJOC__ligand1567-0
91,OFIJOC__ligand2285-0
92,OFIJOC__ligand783-0
93,OFIJOC__ligand352-0
94,OFIJOC__ligand2510-0
95,OFIJOC__ligand442-0
96,OFIJOC__ligand2907-0
97,OFIJOC__ligand868-0
98,OFIJOC__ligand136-0
99,OFIJOC__ligand2430-0
100,OFIJOC__ligand1703-0
101,OFIJOC__ligand390-0
102,OFIJOC__ligand7464-0
103,OFIJOC__ligand89-0
104,OFIJOC__ligand235-0
105,OFIJOC__ligand134-0
106,OFIJOC__ligand932-0
107,OFIJOC__ligand109-0
108,OFIJOC__ligand6294-0
109,OFIJOC__ligand525-0
110,OFIJOC__ligand1054-0
111,OFIJOC__ligand560-0
112,OFIJOC__ligand1598-0
113,OFIJOC__ligand8-0
114,OFIJOC__ligand4303-0
115,OFIJOC__ligand49-0
116,OFIJOC__ligand1248-0
117,OFIJOC__ligand993-0
118,OFIJOC__ligand294-0
119,OFIJOC__ligand8774-0
120,OFIJOC__ligand3637-0
121,OFIJOC__ligand331-0
122,OFIJOC__ligand421-0
123,OFIJOC__ligand798-0
124,OFIJOC__ligand916-0
125,OFIJOC__ligand584-0
126,OFIJOC__ligand1169-0
127,OFIJOC__ligand370-0
128,OFIJOC__ligand5022-0
129,OFIJOC__ligand15630-0
130,OFIJOC__ligand10357-0
131,OFIJOC__ligand5941-0
132,OFIJOC__ligand2880-0
133,OFIJOC__ligand250-0
134,OFIJOC__ligand1799-0
135,OFIJOC__ligand3838-0
136,OFIJOC__ligand2838-0
137,OFIJOC__ligand11-0
138,OFIJOC__ligand460-0
139,OFIJOC__ligand2772-0
140,OFIJOC__ligand6151-0
141,OFIJOC__ligand9495-0
142,OFIJOC__ligand188-0
143,OFIJOC__ligand6538-0
144,OFIJOC__ligand369-0
145,OFIJOC__ligand444-0
146,OFIJOC__ligand2142-0
147,OFIJOC__ligand311-0
148,OFIJOC__ligand2864-0
149,OFIJOC__ligand851-0
150,OFIJOC__ligand909-0
151,OFIJOC__ligand1052-0
152,OFIJOC__ligand177-0
153,OFIJOC__ligand934-0
154,OFIJOC__ligand1273-0
155,OFIJOC__ligand955-0
156,OFIJOC__ligand9027-0
157,OFIJOC__ligand252-0
158,OFIJOC__ligand2265-0
159,OFIJOC__ligand1113-0
160,OFIJOC__ligand6396-0
161,OFIJOC__ligand830-0
162,OFIJOC__ligand1502-0
163,OFIJOC__ligand193-0
164,OFIJOC__ligand1835-0
165,OFIJOC__ligand2345-0
166,OFIJOC__ligand2794-0
167,OFIJOC__ligand4983-0
168,OFIJOC__ligand383-0
169,OFIJOC__ligand2916-0
170,OFIJOC__ligand2110-0
171,OFIJOC__ligand67-0
172,OFIJOC__ligand3579-0
173,OFIJOC__ligand1712-0
174,OFIJOC__ligand226-0
175,OFIJOC__ligand11730-0
176,OFIJOC__ligand162-0
177,OFIJOC__ligand2389-0
178,OFIJOC__ligand1919-0
179,OFIJOC__ligand2315-0
180,OFIJOC__ligand1898-0
181,OFIJOC__ligand2480-0
182,OFIJOC__ligand4504-0
183,OFIJOC__ligand3051-0
184,OFIJOC__ligand5334-0
185,OFIJOC__ligand8032-0
186,OFIJOC__ligand1858-0
187,OFIJOC__ligand1104-0
188,OFIJOC__ligand430-0
189,OFIJOC__ligand5762-0
190,OFIJOC__ligand7414-0
191,OFIJOC__ligand358-0
192,OFIJOC__ligand1019-0
193,OFIJOC__ligand2442-0
194,OFIJOC__ligand669-0
195,OFIJOC__ligand2482-0
196,OFIJOC__ligand1325-0
197,OFIJOC__ligand6571-0
198,OFIJOC__ligand278-0
199,OFIJOC__ligand365-0
200,OFIJOC__ligand2376-0
201,OFIJOC__ligand571-0
202,OFIJOC__ligand118-0
203,OFIJOC__ligand670-0
204,OFIJOC__ligand2929-0
205,OFIJOC__ligand1299-0
206,OFIJOC__ligand6430-0
207,OFIJOC__ligand1221-0
208,OFIJOC__ligand1264-0
209,OFIJOC__ligand1379-0
210,OFIJOC__ligand509-0
211,OFIJOC__ligand4811-0
212,OFIJOC__ligand1449-1
213,OFIJOC__ligand7514-0
214,OFIJOC__ligand3337-0
215,OFIJOC__ligand575-0
216,OFIJOC__ligand199-0
217,OFIJOC__ligand927-0
218,OFIJOC__ligand9620-0
219,OFIJOC__ligand1260-0
220,OFIJOC__ligand4894-0
221,OFIJOC__ligand1788-0
222,OFIJOC__ligand140-0
223,OFIJOC__ligand105-0
224,OFIJOC__ligand45-0
225,OFIJOC__ligand4-0
226,OFIJOC__ligand78-0
227,OFIJOC__ligand1178-0
228,OFIJOC__ligand409-0
229,OFIJOC__ligand85-0
230,OFIJOC__ligand3566-0
231,OFIJOC__ligand324-0
232,OFIJOC__ligand361-0
233,OFIJOC__ligand1321-0
234,OFIJOC__ligand326-0
235,OFIJOC__ligand821-0
236,OFIJOC__ligand2599-0
237,OFIJOC__ligand5089-0
238,OFIJOC__ligand2853-0
239,OFIJOC__ligand3853-0
240,OFIJOC__ligand283-0
241,OFIJOC__ligand553-0
242,OFIJOC__ligand206-0
243,OFIJOC__ligand6166-0
244,OFIJOC__ligand142-0
245,OFIJOC__ligand6-0
246,OFIJOC__ligand1246-0
247,OFIJOC__ligand436-0
248,OFIJOC__ligand166-0
249,OFIJOC__ligand838-0
250,OFIJOC__ligand497-0
251,OFIJOC__ligand532-0
252,OFIJOC__ligand1307-0
253,OFIJOC__ligand633-0
254,OFIJOC__ligand918-0
255,OFIJOC__ligand2526-0
256,OFIJOC__ligand321-0
257,OFIJOC__ligand38-0
258,OFIJOC__ligand1551-0
259,OFIJOC__ligand178-0
260,OFIJOC__ligand279-0
261,OFIJOC__ligand201-0
262,OFIJOC__ligand244-0
263,OFIJOC__ligand100-0
264,OFIJOC__ligand2707-0
265,OFIJOC__ligand1690-0
266,OFIJOC__ligand40-0
267,OFIJOC__ligand1-0
268,OFIJOC__ligand124-0
269,OFIJOC__ligand21-0
270,OFIJOC__ligand2915-0
271,OFIJOC__ligand4012-0
272,OFIJOC__ligand3196-0
273,OFIJOC__ligand119-0
274,OFIJOC__ligand1918-0
275,OFIJOC__ligand4175-0
276,OFIJOC__ligand126-0
277,OFIJOC__ligand66-0
278,OFIJOC__ligand2255-0
279,OFIJOC__ligand1436-0
280,OFIJOC__ligand596-0
281,OFIJOC__ligand2618-0
282,OFIJOC__ligand3618-0
283,OFIJOC__ligand3-0
284,OFIJOC__ligand861-0
285,OFIJOC__ligand4370-0
286,OFIJOC__ligand366-0
287,OFIJOC__ligand187-0
288,OFIJOC__ligand612-0
289,OFIJOC__ligand7456-0
290,OFIJOC__ligand1818-0
291,OFIJOC__ligand3852-0
292,OFIJOC__ligand3478-0
293,OFIJOC__ligand86-0
294,OFIJOC__ligand5758-0
295,OFIJOC__ligand1493-0
296,OFIJOC__ligand3070-0
297,OFIJOC__ligand3035-0
298,OFIJOC__ligand2718-0
299,OFIJOC__ligand9176-0
300,OFIJOC__ligand797-0
301,OFIJOC__ligand3251-0
302,OFIJOC__ligand757-0
303,OFIJOC__ligand62-0
304,OFIJOC__ligand6143-0
305,OFIJOC__ligand5235-0
306,OFIJOC__ligand4619-0
307,OFIJOC__ligand384-0
308,OFIJOC__ligand2954-0
309,OFIJOC__ligand5093-0
310,OFIJOC__ligand1160-0
311,OFIJOC__ligand2253-0
312,OFIJOC__ligand1038-0
313,OFIJOC__ligand120-0
314,OFIJOC__ligand2762-0
315,OFIJOC__ligand7550-0
316,OFIJOC__ligand18-0
317,OFIJOC__ligand7630-0
318,OFIJOC__ligand1555-0
319,OFIJOC__ligand1285-0
320,OFIJOC__ligand1907-0
321,OFIJOC__ligand4423-0
322,OFIJOC__ligand141-0
323,OFIJOC__ligand3890-0
324,OFIJOC__ligand240-0
