,TMC
0,ESOCEW__ligand1285-0
1,ESOCEW__ligand28789-0
2,ESOCEW__ligand20419-0
3,ESOCEW__ligand6768-0
4,ESOCEW__ligand8115-0
5,ESOCEW__ligand21371-0
6,ESOCEW__ligand7000-0
7,ESOCEW__ligand17118-0
8,ESOCEW__ligand1982-0
9,ESOCEW__ligand14889-0
10,ESOCEW__ligand4546-0
11,ESOCEW__ligand4503-0
12,ESOCEW__ligand30851-0
13,ESOCEW__ligand29568-0
14,ESOCEW__ligand352-0
15,ESOCEW__ligand783-0
16,ESOCEW__ligand4157-0
17,ESOCEW__ligand31097-0
18,ESOCEW__ligand21581-0
19,ESOCEW__ligand7648-0
20,ESOCEW__ligand2828-0
21,ESOCEW__ligand8876-0
22,ESOCEW__ligand9833-0
23,ESOCEW__ligand20539-0
24,ESOCEW__ligand868-0
25,ESOCEW__ligand20251-0
26,ESOCEW__ligand20214-0
27,ESOCEW__ligand30702-0
28,ESOCEW__ligand5256-0
29,ESOCEW__ligand2176-0
30,ESOCEW__ligand67-0
31,ESOCEW__ligand9291-0
32,ESOCEW__ligand2232-0
33,ESOCEW__ligand14117-0
34,ESOCEW__ligand17261-0
35,ESOCEW__ligand4272-0
36,ESOCEW__ligand1451-0
37,ESOCEW__ligand7629-0
38,ESOCEW__ligand16475-0
39,ESOCEW__ligand14703-0
40,ESOCEW__ligand9784-0
41,ESOCEW__ligand20251-1
42,ESOCEW__ligand9520-0
43,ESOCEW__ligand1160-0
44,ESOCEW__ligand8699-0
45,ESOCEW__ligand43-0
46,ESOCEW__ligand3954-0
47,ESOCEW__ligand4442-0
48,ESOCEW__ligand4093-0
49,ESOCEW__ligand7867-0
50,ESOCEW__ligand6709-0
51,ESOCEW__ligand1219-0
52,ESOCEW__ligand17278-0
53,ESOCEW__ligand20011-0
54,ESOCEW__ligand4016-0
55,ESOCEW__ligand17982-0
56,ESOCEW__ligand197-0
57,ESOCEW__ligand29414-0
58,ESOCEW__ligand20598-0
59,ESOCEW__ligand11675-0
60,ESOCEW__ligand7238-0
61,ESOCEW__ligand24047-0
62,ESOCEW__ligand22557-0
63,ESOCEW__ligand10589-0
64,ESOCEW__ligand7280-0
65,ESOCEW__ligand1304-0
66,ESOCEW__ligand17398-0
67,ESOCEW__ligand1790-0
68,ESOCEW__ligand1959-0
69,ESOCEW__ligand28884-0
70,ESOCEW__ligand13331-0
71,ESOCEW__ligand3504-0
72,ESOCEW__ligand12030-0
73,ESOCEW__ligand294-0
74,ESOCEW__ligand9935-0
75,ESOCEW__ligand29879-0
76,ESOCEW__ligand14248-0
77,ESOCEW__ligand1573-0
78,ESOCEW__ligand1536-0
79,ESOCEW__ligand31832-0
80,ESOCEW__ligand6616-0
81,ESOCEW__ligand3035-0
82,ESOCEW__ligand1343-0
83,ESOCEW__ligand3876-0
84,ESOCEW__ligand3718-0
85,ESOCEW__ligand13294-0
86,ESOCEW__ligand4661-0
87,ESOCEW__ligand1844-0
88,ESOCEW__ligand421-0
89,ESOCEW__ligand7242-0
90,ESOCEW__ligand25411-0
91,ESOCEW__ligand7106-0
92,ESOCEW__ligand1263-0
93,ESOCEW__ligand9908-0
94,ESOCEW__ligand11456-0
95,ESOCEW__ligand14174-0
96,ESOCEW__ligand10712-0
97,ESOCEW__ligand685-0
98,ESOCEW__ligand20682-0
99,ESOCEW__ligand5211-0
100,ESOCEW__ligand3094-0
101,ESOCEW__ligand4155-0
102,ESOCEW__ligand235-0
103,ESOCEW__ligand4720-0
104,ESOCEW__ligand13390-0
105,ESOCEW__ligand134-0
106,ESOCEW__ligand6839-0
107,ESOCEW__ligand3131-0
108,ESOCEW__ligand3937-0
109,ESOCEW__ligand1202-0
110,ESOCEW__ligand3174-0
111,ESOCEW__ligand8969-0
112,ESOCEW__ligand5331-0
113,ESOCEW__ligand1512-0
114,ESOCEW__ligand3565-0
115,ESOCEW__ligand560-0
116,ESOCEW__ligand13208-0
117,ESOCEW__ligand6919-0
118,ESOCEW__ligand26810-0
119,ESOCEW__ligand2485-0
120,ESOCEW__ligand27482-0
121,ESOCEW__ligand3852-0
122,ESOCEW__ligand10476-0
123,ESOCEW__ligand24-0
124,ESOCEW__ligand19830-0
125,ESOCEW__ligand13068-0
126,ESOCEW__ligand15585-0
127,ESOCEW__ligand12401-0
128,ESOCEW__ligand188-0
129,ESOCEW__ligand3234-0
130,ESOCEW__ligand1142-0
131,ESOCEW__ligand24145-0
132,ESOCEW__ligand12231-0
133,ESOCEW__ligand12289-0
134,ESOCEW__ligand18292-0
135,ESOCEW__ligand13658-0
136,ESOCEW__ligand7126-0
137,ESOCEW__ligand26702-0
138,ESOCEW__ligand2028-0
139,ESOCEW__ligand8835-0
140,ESOCEW__ligand12130-0
141,ESOCEW__ligand17387-0
142,ESOCEW__ligand17805-0
143,ESOCEW__ligand785-0
144,ESOCEW__ligand311-0
145,ESOCEW__ligand17302-0
146,ESOCEW__ligand4641-0
147,ESOCEW__ligand479-0
148,ESOCEW__ligand564-0
149,ESOCEW__ligand25178-0
150,ESOCEW__ligand24185-0
151,ESOCEW__ligand19-0
152,ESOCEW__ligand370-1
153,ESOCEW__ligand620-0
154,ESOCEW__ligand23769-0
155,ESOCEW__ligand10958-0
156,ESOCEW__ligand4620-0
157,ESOCEW__ligand370-0
158,ESOCEW__ligand8-0
159,ESOCEW__ligand12641-0
160,ESOCEW__ligand2295-0
161,ESOCEW__ligand6067-0
162,ESOCEW__ligand1577-0
163,ESOCEW__ligand78-0
164,ESOCEW__ligand14108-0
165,ESOCEW__ligand13425-0
166,ESOCEW__ligand29302-0
167,ESOCEW__ligand250-0
168,ESOCEW__ligand18814-0
169,ESOCEW__ligand19057-0
170,ESOCEW__ligand2917-0
171,ESOCEW__ligand7819-0
172,ESOCEW__ligand45-0
173,ESOCEW__ligand10262-0
174,ESOCEW__ligand28676-0
175,ESOCEW__ligand6102-0
176,ESOCEW__ligand27763-0
177,ESOCEW__ligand6904-0
178,ESOCEW__ligand3721-0
179,ESOCEW__ligand6596-0
180,ESOCEW__ligand3465-0
181,ESOCEW__ligand116-0
182,ESOCEW__ligand3156-0
183,ESOCEW__ligand16628-0
184,ESOCEW__ligand2915-0
185,ESOCEW__ligand252-0
186,ESOCEW__ligand12427-0
187,ESOCEW__ligand20740-0
188,ESOCEW__ligand28468-0
189,ESOCEW__ligand27460-0
190,ESOCEW__ligand6244-0
191,ESOCEW__ligand1378-0
192,ESOCEW__ligand12606-0
193,ESOCEW__ligand830-0
194,ESOCEW__ligand372-0
195,ESOCEW__ligand9441-0
196,ESOCEW__ligand2332-0
197,ESOCEW__ligand30333-0
198,ESOCEW__ligand26540-0
199,ESOCEW__ligand1631-0
200,ESOCEW__ligand12337-0
201,ESOCEW__ligand193-0
202,ESOCEW__ligand29410-0
203,ESOCEW__ligand1575-0
204,ESOCEW__ligand30296-0
205,ESOCEW__ligand1530-0
206,ESOCEW__ligand9933-0
207,ESOCEW__ligand17281-0
208,ESOCEW__ligand5643-0
209,ESOCEW__ligand31783-0
210,ESOCEW__ligand1823-0
211,ESOCEW__ligand1324-0
212,ESOCEW__ligand8721-0
213,ESOCEW__ligand17631-0
214,ESOCEW__ligand9111-0
215,ESOCEW__ligand9952-0
216,ESOCEW__ligand13012-0
217,ESOCEW__ligand26665-0
218,ESOCEW__ligand909-0
219,ESOCEW__ligand14297-0
220,ESOCEW__ligand14603-0
221,ESOCEW__ligand5036-0
222,ESOCEW__ligand2526-0
223,ESOCEW__ligand17258-0
224,ESOCEW__ligand1615-0
225,ESOCEW__ligand8992-0
226,ESOCEW__ligand30988-0
227,ESOCEW__ligand18832-0
228,ESOCEW__ligand27175-0
229,ESOCEW__ligand23713-0
230,ESOCEW__ligand9601-0
231,ESOCEW__ligand177-0
232,ESOCEW__ligand15422-0
233,ESOCEW__ligand12934-0
234,ESOCEW__ligand20578-0
235,ESOCEW__ligand6124-0
236,ESOCEW__ligand3707-0
237,ESOCEW__ligand7967-0
238,ESOCEW__ligand19641-0
239,ESOCEW__ligand14723-0
240,ESOCEW__ligand1018-0
241,ESOCEW__ligand27893-0
242,ESOCEW__ligand4116-0
243,ESOCEW__ligand3215-0
244,ESOCEW__ligand30539-0
245,ESOCEW__ligand11166-0
246,ESOCEW__ligand465-0
247,ESOCEW__ligand21132-0
248,ESOCEW__ligand23906-0
249,ESOCEW__ligand7107-0
250,ESOCEW__ligand6283-0
251,ESOCEW__ligand27835-0
252,ESOCEW__ligand12295-0
253,ESOCEW__ligand4738-0
254,ESOCEW__ligand5813-0
255,ESOCEW__ligand4813-0
256,ESOCEW__ligand25689-0
257,ESOCEW__ligand21787-0
258,ESOCEW__ligand314-1
259,ESOCEW__ligand38-0
260,ESOCEW__ligand6062-0
261,ESOCEW__ligand25575-0
262,ESOCEW__ligand314-0
263,ESOCEW__ligand780-0
264,ESOCEW__ligand19257-0
265,ESOCEW__ligand13209-0
266,ESOCEW__ligand7532-0
267,ESOCEW__ligand12660-0
268,ESOCEW__ligand813-0
269,ESOCEW__ligand4194-0
270,ESOCEW__ligand4330-0
271,ESOCEW__ligand2599-0
272,ESOCEW__ligand25650-0
273,ESOCEW__ligand31248-0
274,ESOCEW__ligand1147-0
275,ESOCEW__ligand618-0
276,ESOCEW__ligand3973-0
277,ESOCEW__ligand7925-0
278,ESOCEW__ligand23124-0
279,ESOCEW__ligand2068-0
280,ESOCEW__ligand11206-0
281,ESOCEW__ligand391-0
282,ESOCEW__ligand12519-0
283,ESOCEW__ligand25735-0
284,ESOCEW__ligand3934-0
285,ESOCEW__ligand18074-0
286,ESOCEW__ligand13869-0
287,ESOCEW__ligand29863-0
288,ESOCEW__ligand66-0
289,ESOCEW__ligand6882-0
290,ESOCEW__ligand6455-0
291,ESOCEW__ligand11140-0
292,ESOCEW__ligand2403-0
293,ESOCEW__ligand29610-0
294,ESOCEW__ligand393-0
295,ESOCEW__ligand3012-0
296,ESOCEW__ligand28668-0
297,ESOCEW__ligand1449-0
298,ESOCEW__ligand7530-0
299,ESOCEW__ligand1065-0
300,ESOCEW__ligand353-0
301,ESOCEW__ligand16791-0
302,ESOCEW__ligand9681-0
303,ESOCEW__ligand18799-0
304,ESOCEW__ligand18465-0
305,ESOCEW__ligand4332-0
306,ESOCEW__ligand20599-0
307,ESOCEW__ligand1729-0
308,ESOCEW__ligand5627-0
309,ESOCEW__ligand25805-0
310,ESOCEW__ligand22981-0
311,ESOCEW__ligand2830-0
312,ESOCEW__ligand27074-0
313,ESOCEW__ligand5316-0
314,ESOCEW__ligand18391-0
315,ESOCEW__ligand27169-0
316,ESOCEW__ligand14523-0
317,ESOCEW__ligand5483-0
318,ESOCEW__ligand196-0
319,ESOCEW__ligand686-0
320,ESOCEW__ligand12467-0
321,ESOCEW__ligand10084-0
322,ESOCEW__ligand42-0
323,ESOCEW__ligand25267-0
324,ESOCEW__ligand9148-0
325,ESOCEW__ligand6946-0
326,ESOCEW__ligand1415-0
327,ESOCEW__ligand23904-0
328,ESOCEW__ligand21936-0
329,ESOCEW__ligand13257-0
330,ESOCEW__ligand7529-0
331,ESOCEW__ligand422-0
332,ESOCEW__ligand5056-0
333,ESOCEW__ligand4850-0
334,ESOCEW__ligand12336-0
335,ESOCEW__ligand506-0
336,ESOCEW__ligand5357-0
337,ESOCEW__ligand3647-0
338,ESOCEW__ligand1688-0
339,ESOCEW__ligand13072-0
340,ESOCEW__ligand1469-0
341,ESOCEW__ligand3871-0
342,ESOCEW__ligand1768-0
343,ESOCEW__ligand5935-0
344,ESOCEW__ligand12682-0
345,ESOCEW__ligand18699-0
346,ESOCEW__ligand2722-0
347,ESOCEW__ligand1379-0
348,ESOCEW__ligand17590-0
349,ESOCEW__ligand152-0
350,ESOCEW__ligand3157-0
351,ESOCEW__ligand17240-0
352,ESOCEW__ligand9525-0
353,ESOCEW__ligand1165-0
354,ESOCEW__ligand17710-0
355,ESOCEW__ligand20579-0
356,ESOCEW__ligand746-0
357,ESOCEW__ligand3392-0
358,ESOCEW__ligand11568-0
359,ESOCEW__ligand447-0
360,ESOCEW__ligand1771-0
361,ESOCEW__ligand4911-0
362,ESOCEW__ligand11774-0
363,ESOCEW__ligand5849-0
364,ESOCEW__ligand14586-0
365,ESOCEW__ligand21421-0
366,ESOCEW__ligand176-0
367,ESOCEW__ligand19725-0
368,ESOCEW__ligand24613-0
369,ESOCEW__ligand2527-0
370,ESOCEW__ligand8349-0
371,ESOCEW__ligand1709-0
372,ESOCEW__ligand8464-0
373,ESOCEW__ligand31483-0
374,ESOCEW__ligand10555-0
375,ESOCEW__ligand487-0
376,ESOCEW__ligand15168-0
377,ESOCEW__ligand3208-0
378,ESOCEW__ligand2208-0
379,ESOCEW__ligand18-0
380,ESOCEW__ligand8722-0
381,ESOCEW__ligand23589-0
382,ESOCEW__ligand6672-0
383,ESOCEW__ligand9809-0
384,ESOCEW__ligand1327-0
385,ESOCEW__ligand784-0
386,ESOCEW__ligand7573-0
387,ESOCEW__ligand24064-0
388,ESOCEW__ligand2781-0
389,ESOCEW__ligand3350-0
390,ESOCEW__ligand1773-0
391,ESOCEW__ligand368-0
392,ESOCEW__ligand4581-0
393,ESOCEW__ligand2328-0
394,ESOCEW__ligand7162-0
395,ESOCEW__ligand395-0
396,ESOCEW__ligand3029-0
397,ESOCEW__ligand31618-0
398,ESOCEW__ligand11432-0
399,ESOCEW__ligand10432-0
400,ESOCEW__ligand22755-0
401,ESOCEW__ligand9197-0
402,ESOCEW__ligand1900-0
403,ESOCEW__ligand26277-0
404,ESOCEW__ligand29898-0
405,ESOCEW__ligand4131-0
406,ESOCEW__ligand1712-0
407,ESOCEW__ligand24750-0
408,ESOCEW__ligand31578-0
409,ESOCEW__ligand17207-0
410,ESOCEW__ligand18013-0
411,ESOCEW__ligand25224-0
412,ESOCEW__ligand5094-0
413,ESOCEW__ligand5892-0
414,ESOCEW__ligand17945-0
415,ESOCEW__ligand115-0
416,ESOCEW__ligand1533-0
417,ESOCEW__ligand18703-0
418,ESOCEW__ligand29087-0
419,ESOCEW__ligand7557-0
420,ESOCEW__ligand1496-0
421,ESOCEW__ligand15438-0
422,ESOCEW__ligand28924-0
423,ESOCEW__ligand833-0
424,ESOCEW__ligand19824-0
425,ESOCEW__ligand18067-0
426,ESOCEW__ligand8553-0
427,ESOCEW__ligand1113-0
428,ESOCEW__ligand338-0
429,ESOCEW__ligand10582-0
430,ESOCEW__ligand13260-0
431,ESOCEW__ligand5201-0
432,ESOCEW__ligand11252-0
433,ESOCEW__ligand31000-0
434,ESOCEW__ligand2001-0
435,ESOCEW__ligand11606-0
436,ESOCEW__ligand7566-0
437,ESOCEW__ligand20821-0
438,ESOCEW__ligand48-0
439,ESOCEW__ligand26673-0
440,ESOCEW__ligand8593-0
441,ESOCEW__ligand9944-0
442,ESOCEW__ligand6995-0
443,ESOCEW__ligand11622-0
444,ESOCEW__ligand321-0
445,ESOCEW__ligand2823-0
446,ESOCEW__ligand16870-0
447,ESOCEW__ligand16603-0
448,ESOCEW__ligand178-0
449,ESOCEW__ligand4340-0
450,ESOCEW__ligand2281-0
451,ESOCEW__ligand2650-0
452,ESOCEW__ligand11814-0
453,ESOCEW__ligand91-0
454,ESOCEW__ligand185-0
455,ESOCEW__ligand279-0
456,ESOCEW__ligand3180-0
457,ESOCEW__ligand31205-0
458,ESOCEW__ligand201-0
459,ESOCEW__ligand17686-0
460,ESOCEW__ligand25658-0
461,ESOCEW__ligand5415-0
462,ESOCEW__ligand51-0
463,ESOCEW__ligand15455-0
464,ESOCEW__ligand11177-0
465,ESOCEW__ligand3471-0
466,ESOCEW__ligand4161-0
467,ESOCEW__ligand4124-0
468,ESOCEW__ligand941-0
469,ESOCEW__ligand596-0
470,ESOCEW__ligand16-0
471,ESOCEW__ligand29813-0
472,ESOCEW__ligand16952-0
473,ESOCEW__ligand1618-0
474,ESOCEW__ligand2692-0
475,ESOCEW__ligand20121-0
476,ESOCEW__ligand15387-0
477,ESOCEW__ligand1028-0
478,ESOCEW__ligand4262-0
479,ESOCEW__ligand20220-0
480,ESOCEW__ligand777-0
481,ESOCEW__ligand14302-0
482,ESOCEW__ligand13657-0
483,ESOCEW__ligand14347-0
484,ESOCEW__ligand20530-0
485,ESOCEW__ligand2027-0
486,ESOCEW__ligand11698-0
487,ESOCEW__ligand366-0
488,ESOCEW__ligand1015-0
489,ESOCEW__ligand1050-0
490,ESOCEW__ligand24851-0
491,ESOCEW__ligand29441-0
492,ESOCEW__ligand10853-0
493,ESOCEW__ligand187-0
494,ESOCEW__ligand10479-0
495,ESOCEW__ligand27610-0
496,ESOCEW__ligand11479-0
497,ESOCEW__ligand657-0
498,ESOCEW__ligand19906-0
499,ESOCEW__ligand19668-0
500,ESOCEW__ligand845-0
501,ESOCEW__ligand1169-0
502,ESOCEW__ligand22353-0
503,ESOCEW__ligand8529-0
504,ESOCEW__ligand1154-0
505,ESOCEW__ligand9615-0
506,ESOCEW__ligand126-0
507,ESOCEW__ligand163-0
508,ESOCEW__ligand32-0
509,ESOCEW__ligand1498-0
510,ESOCEW__ligand10151-0
511,ESOCEW__ligand4596-0
512,ESOCEW__ligand8200-0
513,ESOCEW__ligand7438-0
514,ESOCEW__ligand22357-0
515,ESOCEW__ligand4063-0
516,ESOCEW__ligand11758-0
517,ESOCEW__ligand21448-0
518,ESOCEW__ligand3042-0
519,ESOCEW__ligand11544-0
520,ESOCEW__ligand11501-0
521,ESOCEW__ligand29214-0
522,ESOCEW__ligand17445-0
523,ESOCEW__ligand3-0
524,ESOCEW__ligand3453-0
525,ESOCEW__ligand3416-0
526,ESOCEW__ligand757-0
527,ESOCEW__ligand14477-0
528,ESOCEW__ligand4207-0
529,ESOCEW__ligand17069-0
530,ESOCEW__ligand11798-0
531,ESOCEW__ligand1539-0
532,ESOCEW__ligand122-0
533,ESOCEW__ligand20731-0
534,ESOCEW__ligand1150-0
535,ESOCEW__ligand12413-0
536,ESOCEW__ligand29334-0
537,ESOCEW__ligand4266-0
538,ESOCEW__ligand1400-0
539,ESOCEW__ligand27771-0
540,ESOCEW__ligand9491-0
541,ESOCEW__ligand18158-0
542,ESOCEW__ligand23682-0
543,ESOCEW__ligand4167-0
544,ESOCEW__ligand29565-0
545,ESOCEW__ligand1288-0
546,ESOCEW__ligand693-0
547,ESOCEW__ligand57-0
548,ESOCEW__ligand20942-1
549,ESOCEW__ligand16956-0
550,ESOCEW__ligand14226-0
551,ESOCEW__ligand21339-0
552,ESOCEW__ligand7075-0
553,ESOCEW__ligand3980-0
554,ESOCEW__ligand27550-0
555,ESOCEW__ligand3557-0
556,ESOCEW__ligand1149-0
557,ESOCEW__ligand14007-0
558,ESOCEW__ligand1779-0
559,ESOCEW__ligand18019-1
560,ESOCEW__ligand6993-0
561,ESOCEW__ligand1817-0
562,ESOCEW__ligand9750-0
563,ESOCEW__ligand1908-0
564,ESOCEW__ligand20844-0
565,ESOCEW__ligand18413-0
566,ESOCEW__ligand24624-0
567,ESOCEW__ligand18757-0
568,ESOCEW__ligand68-0
569,ESOCEW__ligand4795-0
570,ESOCEW__ligand3285-0
571,ESOCEW__ligand24560-0
572,ESOCEW__ligand1786-0
573,ESOCEW__ligand5630-0
574,ESOCEW__ligand1828-0
575,ESOCEW__ligand30788-0
576,ESOCEW__ligand13691-0
577,ESOCEW__ligand7213-0
578,ESOCEW__ligand1397-0
579,ESOCEW__ligand8042-0
580,ESOCEW__ligand14339-0
581,ESOCEW__ligand6112-0
582,ESOCEW__ligand5085-0
583,ESOCEW__ligand3144-0
584,ESOCEW__ligand55-0
585,ESOCEW__ligand141-0
586,ESOCEW__ligand5755-0
587,ESOCEW__ligand21752-0
588,ESOCEW__ligand4710-0
589,ESOCEW__ligand240-0
590,ESOCEW__ligand384-0
591,ESOCEW__ligand21940-0
592,ESOCEW__ligand1-0
593,ESOCEW__ligand25048-0
594,ESOCEW__ligand1849-0
595,ESOCEW__ligand5019-0
596,ESOCEW__ligand23445-0
597,ESOCEW__ligand24953-0
598,ESOCEW__ligand1152-0
599,ESOCEW__ligand3261-0
600,ESOCEW__ligand34-0
601,ESOCEW__ligand16133-0
602,ESOCEW__ligand13755-0
603,ESOCEW__ligand27122-0
604,ESOCEW__ligand20432-0
605,ESOCEW__ligand1216-0
606,ESOCEW__ligand1831-0
607,ESOCEW__ligand5280-0
608,ESOCEW__ligand5614-0
609,ESOCEW__ligand20557-0
610,ESOCEW__ligand6663-0
611,ESOCEW__ligand768-0
612,ESOCEW__ligand30004-0
613,ESOCEW__ligand5515-0
614,ESOCEW__ligand4007-0
615,ESOCEW__ligand2985-0
616,ESOCEW__ligand27285-0
617,ESOCEW__ligand9299-0
618,ESOCEW__ligand29029-0
619,ESOCEW__ligand656-0
620,ESOCEW__ligand7291-0
621,ESOCEW__ligand9883-0
622,ESOCEW__ligand3677-1
623,ESOCEW__ligand23197-0
624,ESOCEW__ligand9344-0
625,ESOCEW__ligand3736-0
626,ESOCEW__ligand8000-0
627,ESOCEW__ligand17-0
628,ESOCEW__ligand27669-0
629,ESOCEW__ligand30142-0
630,ESOCEW__ligand3945-0
631,ESOCEW__ligand696-0
632,ESOCEW__ligand14167-0
633,ESOCEW__ligand13477-0
634,ESOCEW__ligand2693-0
635,ESOCEW__ligand5383-0
636,ESOCEW__ligand383-0
637,ESOCEW__ligand3712-0
638,ESOCEW__ligand1464-0
639,ESOCEW__ligand416-0
640,ESOCEW__ligand1499-0
641,ESOCEW__ligand19184-0
642,ESOCEW__ligand2881-0
643,ESOCEW__ligand6892-0
644,ESOCEW__ligand28459-0
645,ESOCEW__ligand18448-0
646,ESOCEW__ligand226-0
647,ESOCEW__ligand12453-0
648,ESOCEW__ligand1211-0
649,ESOCEW__ligand162-0
650,ESOCEW__ligand10371-0
651,ESOCEW__ligand3677-0
652,ESOCEW__ligand3632-0
653,ESOCEW__ligand1168-0
654,ESOCEW__ligand1294-0
655,ESOCEW__ligand28685-0
656,ESOCEW__ligand18568-0
657,ESOCEW__ligand6699-0
658,ESOCEW__ligand13672-0
659,ESOCEW__ligand1296-0
660,ESOCEW__ligand14614-0
661,ESOCEW__ligand2259-0
662,ESOCEW__ligand571-0
663,ESOCEW__ligand534-0
664,ESOCEW__ligand49-0
665,ESOCEW__ligand1197-0
666,ESOCEW__ligand8592-0
667,ESOCEW__ligand16663-0
668,ESOCEW__ligand5099-0
669,ESOCEW__ligand670-0
670,ESOCEW__ligand11994-0
671,ESOCEW__ligand9773-0
672,ESOCEW__ligand1376-0
673,ESOCEW__ligand31842-0
674,ESOCEW__ligand5510-0
675,ESOCEW__ligand31044-0
676,ESOCEW__ligand24035-0
677,ESOCEW__ligand5595-0
678,ESOCEW__ligand4101-0
679,ESOCEW__ligand4-0
680,ESOCEW__ligand20207-0
681,ESOCEW__ligand30711-0
682,ESOCEW__ligand11682-0
683,ESOCEW__ligand4358-0
684,ESOCEW__ligand3926-0
685,ESOCEW__ligand3120-0
686,ESOCEW__ligand16988-0
687,ESOCEW__ligand2221-0
688,ESOCEW__ligand89-0
689,ESOCEW__ligand25913-0
690,ESOCEW__ligand15883-0
691,ESOCEW__ligand8002-0
692,ESOCEW__ligand5509-0
693,ESOCEW__ligand488-0
694,ESOCEW__ligand6117-0
695,ESOCEW__ligand1407-0
696,ESOCEW__ligand430-0
697,ESOCEW__ligand11970-0
698,ESOCEW__ligand358-0
699,ESOCEW__ligand19792-0
700,ESOCEW__ligand10828-0
701,ESOCEW__ligand694-0
702,ESOCEW__ligand15926-0
703,ESOCEW__ligand24230-0
704,ESOCEW__ligand5080-0
705,ESOCEW__ligand7762-0
706,ESOCEW__ligand28810-0
707,ESOCEW__ligand11096-0
708,ESOCEW__ligand11447-0
709,ESOCEW__ligand11357-0
710,ESOCEW__ligand13862-0
711,ESOCEW__ligand15531-0
712,ESOCEW__ligand9167-0
713,ESOCEW__ligand28743-0
714,ESOCEW__ligand5304-0
715,ESOCEW__ligand2238-0
716,ESOCEW__ligand10056-0
717,ESOCEW__ligand12365-0
718,ESOCEW__ligand21919-0
719,ESOCEW__ligand3867-0
720,ESOCEW__ligand22294-0
721,ESOCEW__ligand1317-0
722,ESOCEW__ligand7293-0
723,ESOCEW__ligand2822-0
724,ESOCEW__ligand28930-0
725,ESOCEW__ligand22168-0
726,ESOCEW__ligand2906-0
727,ESOCEW__ligand11-0
728,ESOCEW__ligand29486-0
729,ESOCEW__ligand31694-0
730,ESOCEW__ligand3244-0
731,ESOCEW__ligand4711-0
732,ESOCEW__ligand4649-0
733,ESOCEW__ligand17427-0
734,ESOCEW__ligand2788-0
735,ESOCEW__ligand5649-0
736,ESOCEW__ligand8793-0
737,ESOCEW__ligand1356-0
738,ESOCEW__ligand12138-0
739,ESOCEW__ligand1787-0
740,ESOCEW__ligand5530-0
741,ESOCEW__ligand24780-0
742,ESOCEW__ligand22129-0
743,ESOCEW__ligand9753-0
744,ESOCEW__ligand409-0
745,ESOCEW__ligand7196-0
746,ESOCEW__ligand11949-0
747,ESOCEW__ligand5159-0
748,ESOCEW__ligand324-0
749,ESOCEW__ligand361-0
750,ESOCEW__ligand4807-0
751,ESOCEW__ligand3178-0
752,ESOCEW__ligand69-0
753,ESOCEW__ligand25561-0
754,ESOCEW__ligand300-0
755,ESOCEW__ligand24872-0
756,ESOCEW__ligand30728-0
757,ESOCEW__ligand27840-0
758,ESOCEW__ligand5180-0
759,ESOCEW__ligand6017-0
760,ESOCEW__ligand588-0
761,ESOCEW__ligand12001-0
762,ESOCEW__ligand7316-0
763,ESOCEW__ligand24644-0
764,ESOCEW__ligand5708-0
765,ESOCEW__ligand10033-0
766,ESOCEW__ligand2260-0
767,ESOCEW__ligand24111-0
768,ESOCEW__ligand7092-0
769,ESOCEW__ligand1116-0
770,ESOCEW__ligand22444-0
771,ESOCEW__ligand199-0
772,ESOCEW__ligand1153-0
773,ESOCEW__ligand3225-0
774,ESOCEW__ligand13385-0
775,ESOCEW__ligand8612-0
776,ESOCEW__ligand14569-0
777,ESOCEW__ligand2124-0
778,ESOCEW__ligand23175-0
779,ESOCEW__ligand7172-0
780,ESOCEW__ligand15788-0
781,ESOCEW__ligand17396-0
782,ESOCEW__ligand7273-0
783,ESOCEW__ligand9323-0
784,ESOCEW__ligand13220-0
785,ESOCEW__ligand11587-0
786,ESOCEW__ligand3126-0
787,ESOCEW__ligand6391-0
788,ESOCEW__ligand9284-0
789,ESOCEW__ligand22403-0
790,ESOCEW__ligand1114-0
791,ESOCEW__ligand28540-0
792,ESOCEW__ligand11111-0
793,ESOCEW__ligand2417-0
794,ESOCEW__ligand16369-0
795,ESOCEW__ligand20695-0
796,ESOCEW__ligand27754-0
797,ESOCEW__ligand2043-0
798,ESOCEW__ligand497-0
799,ESOCEW__ligand1832-0
800,ESOCEW__ligand8788-0
801,ESOCEW__ligand29215-0
802,ESOCEW__ligand21399-0
803,ESOCEW__ligand10872-0
804,ESOCEW__ligand1604-0
805,ESOCEW__ligand12003-0
806,ESOCEW__ligand9943-0
807,ESOCEW__ligand633-0
808,ESOCEW__ligand1228-0
809,ESOCEW__ligand26631-0
810,ESOCEW__ligand16148-0
811,ESOCEW__ligand14043-0
812,ESOCEW__ligand326-0
813,ESOCEW__ligand9450-0
814,ESOCEW__ligand28559-0
815,ESOCEW__ligand26324-0
816,ESOCEW__ligand19927-0
817,ESOCEW__ligand2612-0
818,ESOCEW__ligand21729-0
819,ESOCEW__ligand1599-0
820,ESOCEW__ligand27239-0
821,ESOCEW__ligand692-0
822,ESOCEW__ligand1289-0
823,ESOCEW__ligand26529-0
824,ESOCEW__ligand5387-0
825,ESOCEW__ligand2203-0
826,ESOCEW__ligand11618-0
827,ESOCEW__ligand436-0
