,TMC
0,HAKGOP__ligand283-0
1,HAKGOP__ligand5758-0
2,HAKGOP__ligand553-0
3,HAKGOP__ligand326-0
4,HAKGOP__ligand66-0
5,HAKGOP__ligand3478-0
6,HAKGOP__ligand821-0
7,HAKGOP__ligand3852-0
8,HAKGOP__ligand1818-0
9,HAKGOP__ligand436-0
10,HAKGOP__ligand7456-0
11,HAKGOP__ligand206-0
12,HAKGOP__ligand142-0
13,HAKGOP__ligand4619-0
14,HAKGOP__ligand6143-0
15,HAKGOP__ligand5235-0
16,HAKGOP__ligand838-0
17,HAKGOP__ligand166-0
18,HAKGOP__ligand3251-0
19,HAKGOP__ligand6-0
20,HAKGOP__ligand532-0
21,HAKGOP__ligand633-0
22,HAKGOP__ligand9176-0
23,HAKGOP__ligand918-0
24,HAKGOP__ligand2718-0
25,HAKGOP__ligand497-0
26,HAKGOP__ligand3070-0
27,HAKGOP__ligand3035-0
28,HAKGOP__ligand1493-0
29,HAKGOP__ligand15630-0
30,HAKGOP__ligand575-0
31,HAKGOP__ligand10357-0
32,HAKGOP__ligand7550-0
33,HAKGOP__ligand40-0
34,HAKGOP__ligand2762-0
35,HAKGOP__ligand38-0
36,HAKGOP__ligand1038-0
37,HAKGOP__ligand1160-0
38,HAKGOP__ligand4-0
39,HAKGOP__ligand2253-0
40,HAKGOP__ligand199-0
41,HAKGOP__ligand2954-0
42,HAKGOP__ligand927-0
43,HAKGOP__ligand5093-0
44,HAKGOP__ligand3890-0
45,HAKGOP__ligand4423-0
46,HAKGOP__ligand140-0
47,HAKGOP__ligand105-0
48,HAKGOP__ligand1907-0
49,HAKGOP__ligand1285-0
50,HAKGOP__ligand1555-0
51,HAKGOP__ligand7630-0
52,HAKGOP__ligand409-0
53,HAKGOP__ligand324-0
54,HAKGOP__ligand361-0
55,HAKGOP__ligand21-0
56,HAKGOP__ligand669-0
57,HAKGOP__ligand1690-0
58,HAKGOP__ligand2707-0
59,HAKGOP__ligand430-0
60,HAKGOP__ligand358-0
61,HAKGOP__ligand18-0
62,HAKGOP__ligand365-0
63,HAKGOP__ligand1551-0
64,HAKGOP__ligand2526-0
65,HAKGOP__ligand278-0
66,HAKGOP__ligand571-0
67,HAKGOP__ligand4012-0
68,HAKGOP__ligand3196-0
69,HAKGOP__ligand118-0
70,HAKGOP__ligand670-0
71,HAKGOP__ligand2915-0
72,HAKGOP__ligand509-0
73,HAKGOP__ligand226-0
74,HAKGOP__ligand2255-0
75,HAKGOP__ligand162-0
76,HAKGOP__ligand86-0
77,HAKGOP__ligand383-0
78,HAKGOP__ligand4175-0
79,HAKGOP__ligand1918-0
80,HAKGOP__ligand62-0
81,HAKGOP__ligand4370-0
82,HAKGOP__ligand2618-0
83,HAKGOP__ligand3618-0
84,HAKGOP__ligand1436-0
85,HAKGOP__ligand4894-0
86,HAKGOP__ligand1260-0
87,HAKGOP__ligand120-0
88,HAKGOP__ligand9620-0
89,HAKGOP__ligand384-0
90,HAKGOP__ligand7514-0
91,HAKGOP__ligand3337-0
92,HAKGOP__ligand14530-0
93,HAKGOP__ligand4811-0
94,HAKGOP__ligand1449-1
95,HAKGOP__ligand1321-0
96,HAKGOP__ligand3566-0
97,HAKGOP__ligand1178-0
98,HAKGOP__ligand141-0
99,HAKGOP__ligand240-0
100,HAKGOP__ligand10910-0
101,HAKGOP__ligand1788-0
102,HAKGOP__ligand1246-0
103,HAKGOP__ligand10114-0
104,HAKGOP__ligand6166-0
105,HAKGOP__ligand67-0
106,HAKGOP__ligand2853-0
107,HAKGOP__ligand3853-0
108,HAKGOP__ligand5089-0
109,HAKGOP__ligand2599-0
110,HAKGOP__ligand1307-0
111,HAKGOP__ligand797-0
112,HAKGOP__ligand10479-0
113,HAKGOP__ligand757-0
114,HAKGOP__ligand1919-0
115,HAKGOP__ligand2389-0
116,HAKGOP__ligand1712-0
117,HAKGOP__ligand3579-0
118,HAKGOP__ligand3-0
119,HAKGOP__ligand2916-0
120,HAKGOP__ligand126-0
121,HAKGOP__ligand2110-0
122,HAKGOP__ligand1858-0
123,HAKGOP__ligand8032-0
124,HAKGOP__ligand596-0
125,HAKGOP__ligand187-0
126,HAKGOP__ligand612-0
127,HAKGOP__ligand5334-0
128,HAKGOP__ligand861-0
129,HAKGOP__ligand2480-0
130,HAKGOP__ligand4504-0
131,HAKGOP__ligand3051-0
132,HAKGOP__ligand1898-0
133,HAKGOP__ligand366-0
134,HAKGOP__ligand2315-0
135,HAKGOP__ligand178-0
136,HAKGOP__ligand279-0
137,HAKGOP__ligand321-0
138,HAKGOP__ligand6571-0
139,HAKGOP__ligand2482-0
140,HAKGOP__ligand1325-0
141,HAKGOP__ligand2442-0
142,HAKGOP__ligand1019-0
143,HAKGOP__ligand1104-0
144,HAKGOP__ligand201-0
145,HAKGOP__ligand7414-0
146,HAKGOP__ligand5762-0
147,HAKGOP__ligand244-0
148,HAKGOP__ligand100-0
149,HAKGOP__ligand78-0
150,HAKGOP__ligand1379-0
151,HAKGOP__ligand85-0
152,HAKGOP__ligand1221-0
153,HAKGOP__ligand1264-0
154,HAKGOP__ligand124-0
155,HAKGOP__ligand6430-0
156,HAKGOP__ligand1-0
157,HAKGOP__ligand1299-0
158,HAKGOP__ligand119-0
159,HAKGOP__ligand2929-0
160,HAKGOP__ligand2376-0
161,HAKGOP__ligand45-0
162,HAKGOP__ligand115-0
163,HAKGOP__ligand1799-0
164,HAKGOP__ligand3838-0
165,HAKGOP__ligand2838-0
166,HAKGOP__ligand2880-0
167,HAKGOP__ligand5941-0
168,HAKGOP__ligand49-0
169,HAKGOP__ligand89-0
170,HAKGOP__ligand291-0
171,HAKGOP__ligand5022-0
172,HAKGOP__ligand1169-0
173,HAKGOP__ligand2864-0
174,HAKGOP__ligand485-0
175,HAKGOP__ligand355-0
176,HAKGOP__ligand784-0
177,HAKGOP__ligand2142-0
178,HAKGOP__ligand6538-0
179,HAKGOP__ligand9495-0
180,HAKGOP__ligand2772-0
181,HAKGOP__ligand6151-0
182,HAKGOP__ligand133-0
183,HAKGOP__ligand1273-0
184,HAKGOP__ligand92-0
185,HAKGOP__ligand447-0
186,HAKGOP__ligand17-0
187,HAKGOP__ligand1052-0
188,HAKGOP__ligand487-0
189,HAKGOP__ligand666-0
190,HAKGOP__ligand522-0
191,HAKGOP__ligand4983-0
192,HAKGOP__ligand1835-0
193,HAKGOP__ligand2794-0
194,HAKGOP__ligand2345-0
195,HAKGOP__ligand1502-0
196,HAKGOP__ligand6396-0
197,HAKGOP__ligand682-0
198,HAKGOP__ligand2265-0
199,HAKGOP__ligand1113-0
200,HAKGOP__ligand9027-0
201,HAKGOP__ligand1607-0
202,HAKGOP__ligand196-0
203,HAKGOP__ligand502-0
204,HAKGOP__ligand422-0
205,HAKGOP__ligand1727-0
206,HAKGOP__ligand1152-0
207,HAKGOP__ligand113-0
208,HAKGOP__ligand2430-0
209,HAKGOP__ligand1703-0
210,HAKGOP__ligand2907-0
211,HAKGOP__ligand236-0
212,HAKGOP__ligand2510-0
213,HAKGOP__ligand1567-0
214,HAKGOP__ligand2285-0
215,HAKGOP__ligand8921-0
216,HAKGOP__ligand2862-0
217,HAKGOP__ligand1056-0
218,HAKGOP__ligand353-0
219,HAKGOP__ligand2320-0
220,HAKGOP__ligand1248-0
221,HAKGOP__ligand4303-0
222,HAKGOP__ligand1598-0
223,HAKGOP__ligand11-0
224,HAKGOP__ligand1054-0
225,HAKGOP__ligand314-0
226,HAKGOP__ligand6294-0
227,HAKGOP__ligand481-0
228,HAKGOP__ligand391-0
229,HAKGOP__ligand7464-0
230,HAKGOP__ligand170-0
231,HAKGOP__ligand210-0
232,HAKGOP__ligand3637-0
233,HAKGOP__ligand8774-0
234,HAKGOP__ligand909-0
235,HAKGOP__ligand851-0
236,HAKGOP__ligand3734-0
237,HAKGOP__ligand1706-0
238,HAKGOP__ligand4381-0
239,HAKGOP__ligand2629-0
240,HAKGOP__ligand177-0
241,HAKGOP__ligand934-0
242,HAKGOP__ligand6277-0
243,HAKGOP__ligand955-0
244,HAKGOP__ligand1687-0
245,HAKGOP__ligand252-0
246,HAKGOP__ligand1951-0
247,HAKGOP__ligand2259-0
248,HAKGOP__ligand2688-0
249,HAKGOP__ligand193-0
250,HAKGOP__ligand1376-0
251,HAKGOP__ligand830-0
252,HAKGOP__ligand2768-0
253,HAKGOP__ligand32-0
254,HAKGOP__ligand1544-0
255,HAKGOP__ligand370-0
256,HAKGOP__ligand1459-0
257,HAKGOP__ligand3757-0
258,HAKGOP__ligand460-0
259,HAKGOP__ligand2087-0
260,HAKGOP__ligand48-0
261,HAKGOP__ligand1048-0
262,HAKGOP__ligand250-0
263,HAKGOP__ligand1685-0
264,HAKGOP__ligand29-0
265,HAKGOP__ligand369-0
266,HAKGOP__ligand444-0
267,HAKGOP__ligand91-0
268,HAKGOP__ligand1171-0
269,HAKGOP__ligand188-0
270,HAKGOP__ligand5801-0
271,HAKGOP__ligand3063-0
272,HAKGOP__ligand1438-0
273,HAKGOP__ligand51-0
274,HAKGOP__ligand311-0
275,HAKGOP__ligand235-0
276,HAKGOP__ligand3246-0
277,HAKGOP__ligand134-0
278,HAKGOP__ligand932-0
279,HAKGOP__ligand390-0
280,HAKGOP__ligand95-0
281,HAKGOP__ligand55-0
282,HAKGOP__ligand1479-0
283,HAKGOP__ligand109-0
284,HAKGOP__ligand1148-0
285,HAKGOP__ligand525-0
286,HAKGOP__ligand560-0
287,HAKGOP__ligand34-0
288,HAKGOP__ligand331-0
289,HAKGOP__ligand993-0
290,HAKGOP__ligand8-0
291,HAKGOP__ligand9244-0
292,HAKGOP__ligand294-0
293,HAKGOP__ligand1228-0
294,HAKGOP__ligand1538-0
295,HAKGOP__ligand584-0
296,HAKGOP__ligand916-0
297,HAKGOP__ligand1114-0
298,HAKGOP__ligand421-0
299,HAKGOP__ligand798-0
300,HAKGOP__ligand112-0
301,HAKGOP__ligand11730-0
302,HAKGOP__ligand2751-0
303,HAKGOP__ligand73-0
304,HAKGOP__ligand3041-0
305,HAKGOP__ligand1542-0
306,HAKGOP__ligand2634-0
307,HAKGOP__ligand296-0
308,HAKGOP__ligand197-0
309,HAKGOP__ligand2863-0
310,HAKGOP__ligand2098-0
311,HAKGOP__ligand57-0
312,HAKGOP__ligand6502-0
313,HAKGOP__ligand352-0
314,HAKGOP__ligand783-0
315,HAKGOP__ligand6332-0
316,HAKGOP__ligand3178-0
317,HAKGOP__ligand136-0
318,HAKGOP__ligand3145-0
319,HAKGOP__ligand442-0
320,HAKGOP__ligand1747-0
321,HAKGOP__ligand6686-0
322,HAKGOP__ligand7915-0
323,HAKGOP__ligand868-0
324,HAKGOP__ligand5548-0
