,TMC
0,EWULAJ__ligand27763-0
1,EWULAJ__ligand28676-0
2,EWULAJ__ligand10262-0
3,EWULAJ__ligand2027-0
4,EWULAJ__ligand115-0
5,EWULAJ__ligand19057-0
6,EWULAJ__ligand18814-0
7,EWULAJ__ligand13425-0
8,EWULAJ__ligand29302-0
9,EWULAJ__ligand1050-0
10,EWULAJ__ligand1015-0
11,EWULAJ__ligand1028-0
12,EWULAJ__ligand14108-0
13,EWULAJ__ligand34-0
14,EWULAJ__ligand4262-0
15,EWULAJ__ligand12641-0
16,EWULAJ__ligand833-0
17,EWULAJ__ligand2692-0
18,EWULAJ__ligand10958-0
19,EWULAJ__ligand1618-0
20,EWULAJ__ligand23769-0
21,EWULAJ__ligand24185-0
22,EWULAJ__ligand55-0
23,EWULAJ__ligand4596-0
24,EWULAJ__ligand25178-0
25,EWULAJ__ligand1498-0
26,EWULAJ__ligand784-0
27,EWULAJ__ligand1154-0
28,EWULAJ__ligand17302-0
29,EWULAJ__ligand9615-0
30,EWULAJ__ligand17805-0
31,EWULAJ__ligand12130-0
32,EWULAJ__ligand17387-0
33,EWULAJ__ligand26702-0
34,EWULAJ__ligand13658-0
35,EWULAJ__ligand395-0
36,EWULAJ__ligand18292-0
37,EWULAJ__ligand12289-0
38,EWULAJ__ligand8529-0
39,EWULAJ__ligand12231-0
40,EWULAJ__ligand368-0
41,EWULAJ__ligand1169-0
42,EWULAJ__ligand68-0
43,EWULAJ__ligand24145-0
44,EWULAJ__ligand12401-0
45,EWULAJ__ligand15585-0
46,EWULAJ__ligand13068-0
47,EWULAJ__ligand19830-0
48,EWULAJ__ligand10476-0
49,EWULAJ__ligand447-0
50,EWULAJ__ligand27893-0
51,EWULAJ__ligand14723-0
52,EWULAJ__ligand19641-0
53,EWULAJ__ligand9944-0
54,EWULAJ__ligand746-0
55,EWULAJ__ligand8593-0
56,EWULAJ__ligand20578-0
57,EWULAJ__ligand12934-0
58,EWULAJ__ligand15422-0
59,EWULAJ__ligand2001-0
60,EWULAJ__ligand23713-0
61,EWULAJ__ligand176-0
62,EWULAJ__ligand27175-0
63,EWULAJ__ligand18832-0
64,EWULAJ__ligand7566-0
65,EWULAJ__ligand30988-0
66,EWULAJ__ligand17258-0
67,EWULAJ__ligand14603-0
68,EWULAJ__ligand57-0
69,EWULAJ__ligand14297-0
70,EWULAJ__ligand26665-0
71,EWULAJ__ligand13012-0
72,EWULAJ__ligand5201-0
73,EWULAJ__ligand17631-0
74,EWULAJ__ligand487-0
75,EWULAJ__ligand1113-0
76,EWULAJ__ligand8553-0
77,EWULAJ__ligand31783-0
78,EWULAJ__ligand17281-0
79,EWULAJ__ligand30296-0
80,EWULAJ__ligand4124-0
81,EWULAJ__ligand29410-0
82,EWULAJ__ligand4161-0
83,EWULAJ__ligand3471-0
84,EWULAJ__ligand12337-0
85,EWULAJ__ligand26540-0
86,EWULAJ__ligand506-0
87,EWULAJ__ligand30333-0
88,EWULAJ__ligand12606-0
89,EWULAJ__ligand5415-0
90,EWULAJ__ligand2281-0
91,EWULAJ__ligand2650-0
92,EWULAJ__ligand4340-0
93,EWULAJ__ligand3180-0
94,EWULAJ__ligand27460-0
95,EWULAJ__ligand20740-0
96,EWULAJ__ligand28468-0
97,EWULAJ__ligand12427-0
98,EWULAJ__ligand6995-0
99,EWULAJ__ligand16628-0
100,EWULAJ__ligand152-0
101,EWULAJ__ligand2823-0
102,EWULAJ__ligand17398-0
103,EWULAJ__ligand3144-0
104,EWULAJ__ligand5085-0
105,EWULAJ__ligand22557-0
106,EWULAJ__ligand10589-0
107,EWULAJ__ligand24047-0
108,EWULAJ__ligand11675-0
109,EWULAJ__ligand4710-0
110,EWULAJ__ligand5755-0
111,EWULAJ__ligand20598-0
112,EWULAJ__ligand1397-0
113,EWULAJ__ligand29414-0
114,EWULAJ__ligand32-0
115,EWULAJ__ligand17982-0
116,EWULAJ__ligand7213-0
117,EWULAJ__ligand20011-0
118,EWULAJ__ligand17278-0
119,EWULAJ__ligand196-0
120,EWULAJ__ligand1828-0
121,EWULAJ__ligand6112-0
122,EWULAJ__ligand8042-0
123,EWULAJ__ligand1786-0
124,EWULAJ__ligand686-0
125,EWULAJ__ligand5630-0
126,EWULAJ__ligand20251-1
127,EWULAJ__ligand14703-0
128,EWULAJ__ligand16475-0
129,EWULAJ__ligand1908-0
130,EWULAJ__ligand422-0
131,EWULAJ__ligand3285-0
132,EWULAJ__ligand4795-0
133,EWULAJ__ligand5614-0
134,EWULAJ__ligand17261-0
135,EWULAJ__ligand5280-0
136,EWULAJ__ligand14117-0
137,EWULAJ__ligand1831-0
138,EWULAJ__ligand5515-0
139,EWULAJ__ligand6663-0
140,EWULAJ__ligand393-0
141,EWULAJ__ligand30702-0
142,EWULAJ__ligand20214-0
143,EWULAJ__ligand20251-0
144,EWULAJ__ligand20539-0
145,EWULAJ__ligand21581-0
146,EWULAJ__ligand31097-0
147,EWULAJ__ligand3261-0
148,EWULAJ__ligand1152-0
149,EWULAJ__ligand5019-0
150,EWULAJ__ligand29568-0
151,EWULAJ__ligand353-0
152,EWULAJ__ligand1216-0
153,EWULAJ__ligand30851-0
154,EWULAJ__ligand14889-0
155,EWULAJ__ligand17118-0
156,EWULAJ__ligand21371-0
157,EWULAJ__ligand20419-0
158,EWULAJ__ligand28789-0
159,EWULAJ__ligand1849-0
160,EWULAJ__ligand16-0
161,EWULAJ__ligand27482-0
162,EWULAJ__ligand813-0
163,EWULAJ__ligand26810-0
164,EWULAJ__ligand1539-0
165,EWULAJ__ligand13208-0
166,EWULAJ__ligand314-0
167,EWULAJ__ligand780-0
168,EWULAJ__ligand1150-0
169,EWULAJ__ligand3416-0
170,EWULAJ__ligand51-0
171,EWULAJ__ligand3453-0
172,EWULAJ__ligand4207-0
173,EWULAJ__ligand91-0
174,EWULAJ__ligand618-0
175,EWULAJ__ligand13390-0
176,EWULAJ__ligand3042-0
177,EWULAJ__ligand4-0
178,EWULAJ__ligand4063-0
179,EWULAJ__ligand8200-0
180,EWULAJ__ligand7438-0
181,EWULAJ__ligand391-0
182,EWULAJ__ligand20682-0
183,EWULAJ__ligand10712-0
184,EWULAJ__ligand1817-0
185,EWULAJ__ligand14174-0
186,EWULAJ__ligand6993-0
187,EWULAJ__ligand48-0
188,EWULAJ__ligand1779-0
189,EWULAJ__ligand11456-0
190,EWULAJ__ligand9750-0
191,EWULAJ__ligand25411-0
192,EWULAJ__ligand7075-0
193,EWULAJ__ligand1149-0
194,EWULAJ__ligand465-0
195,EWULAJ__ligand3557-0
196,EWULAJ__ligand3980-0
197,EWULAJ__ligand1288-0
198,EWULAJ__ligand13294-0
199,EWULAJ__ligand31832-0
200,EWULAJ__ligand14248-0
201,EWULAJ__ligand9491-0
202,EWULAJ__ligand29879-0
203,EWULAJ__ligand314-1
204,EWULAJ__ligand1400-0
205,EWULAJ__ligand4266-0
206,EWULAJ__ligand12030-0
207,EWULAJ__ligand13331-0
208,EWULAJ__ligand4167-0
209,EWULAJ__ligand28884-0
210,EWULAJ__ligand3120-0
211,EWULAJ__ligand3926-0
212,EWULAJ__ligand10555-0
213,EWULAJ__ligand4358-0
214,EWULAJ__ligand31483-0
215,EWULAJ__ligand2221-0
216,EWULAJ__ligand24613-0
217,EWULAJ__ligand4101-0
218,EWULAJ__ligand5595-0
219,EWULAJ__ligand19725-0
220,EWULAJ__ligand909-0
221,EWULAJ__ligand5510-0
222,EWULAJ__ligand1376-0
223,EWULAJ__ligand9773-0
224,EWULAJ__ligand21421-0
225,EWULAJ__ligand177-0
226,EWULAJ__ligand3-0
227,EWULAJ__ligand14586-0
228,EWULAJ__ligand11774-0
229,EWULAJ__ligand2259-0
230,EWULAJ__ligand1296-0
231,EWULAJ__ligand11568-0
232,EWULAJ__ligand5099-0
233,EWULAJ__ligand8592-0
234,EWULAJ__ligand20579-0
235,EWULAJ__ligand17710-0
236,EWULAJ__ligand1197-0
237,EWULAJ__ligand252-0
238,EWULAJ__ligand17240-0
239,EWULAJ__ligand116-0
240,EWULAJ__ligand2822-0
241,EWULAJ__ligand7293-0
242,EWULAJ__ligand17590-0
243,EWULAJ__ligand1317-0
244,EWULAJ__ligand3867-0
245,EWULAJ__ligand5304-0
246,EWULAJ__ligand9167-0
247,EWULAJ__ligand18699-0
248,EWULAJ__ligand12682-0
249,EWULAJ__ligand2238-0
250,EWULAJ__ligand372-0
251,EWULAJ__ligand830-0
252,EWULAJ__ligand7762-0
253,EWULAJ__ligand5080-0
254,EWULAJ__ligand1407-0
255,EWULAJ__ligand6117-0
256,EWULAJ__ligand13072-0
257,EWULAJ__ligand5509-0
258,EWULAJ__ligand8002-0
259,EWULAJ__ligand12336-0
260,EWULAJ__ligand193-0
261,EWULAJ__ligand3945-0
262,EWULAJ__ligand28924-0
263,EWULAJ__ligand15438-0
264,EWULAJ__ligand5383-0
265,EWULAJ__ligand2693-0
266,EWULAJ__ligand370-0
267,EWULAJ__ligand9344-0
268,EWULAJ__ligand29087-0
269,EWULAJ__ligand18703-0
270,EWULAJ__ligand8000-0
271,EWULAJ__ligand3736-0
272,EWULAJ__ligand17945-0
273,EWULAJ__ligand7291-0
274,EWULAJ__ligand18013-0
275,EWULAJ__ligand25224-0
276,EWULAJ__ligand17207-0
277,EWULAJ__ligand31578-0
278,EWULAJ__ligand9883-0
279,EWULAJ__ligand3677-1
280,EWULAJ__ligand250-0
281,EWULAJ__ligand24750-0
282,EWULAJ__ligand2985-0
283,EWULAJ__ligand4007-0
284,EWULAJ__ligand9299-0
285,EWULAJ__ligand69-0
286,EWULAJ__ligand6699-0
287,EWULAJ__ligand29898-0
288,EWULAJ__ligand26277-0
289,EWULAJ__ligand1-0
290,EWULAJ__ligand188-0
291,EWULAJ__ligand22755-0
292,EWULAJ__ligand10432-0
293,EWULAJ__ligand11432-0
294,EWULAJ__ligand31618-0
295,EWULAJ__ligand3632-0
296,EWULAJ__ligand3677-0
297,EWULAJ__ligand1294-0
298,EWULAJ__ligand1168-0
299,EWULAJ__ligand785-0
300,EWULAJ__ligand311-0
301,EWULAJ__ligand24064-0
302,EWULAJ__ligand479-0
303,EWULAJ__ligand6892-0
304,EWULAJ__ligand23589-0
305,EWULAJ__ligand1211-0
306,EWULAJ__ligand370-1
307,EWULAJ__ligand1464-0
308,EWULAJ__ligand3712-0
309,EWULAJ__ligand620-0
310,EWULAJ__ligand11-0
311,EWULAJ__ligand2881-0
312,EWULAJ__ligand15168-0
313,EWULAJ__ligand1499-0
314,EWULAJ__ligand564-0
315,EWULAJ__ligand1604-0
316,EWULAJ__ligand25735-0
317,EWULAJ__ligand12519-0
318,EWULAJ__ligand11206-0
319,EWULAJ__ligand23124-0
320,EWULAJ__ligand9943-0
321,EWULAJ__ligand1228-0
322,EWULAJ__ligand134-0
323,EWULAJ__ligand2043-0
324,EWULAJ__ligand235-0
325,EWULAJ__ligand8788-0
326,EWULAJ__ligand1832-0
327,EWULAJ__ligand31248-0
328,EWULAJ__ligand2417-0
329,EWULAJ__ligand25650-0
330,EWULAJ__ligand560-0
331,EWULAJ__ligand9284-0
332,EWULAJ__ligand3126-0
333,EWULAJ__ligand6391-0
334,EWULAJ__ligand12660-0
335,EWULAJ__ligand19257-0
336,EWULAJ__ligand13209-0
337,EWULAJ__ligand1114-0
338,EWULAJ__ligand25575-0
339,EWULAJ__ligand89-0
340,EWULAJ__ligand294-0
341,EWULAJ__ligand21787-0
342,EWULAJ__ligand25689-0
343,EWULAJ__ligand2203-0
344,EWULAJ__ligand5387-0
345,EWULAJ__ligand1289-0
346,EWULAJ__ligand12295-0
347,EWULAJ__ligand27835-0
348,EWULAJ__ligand23906-0
349,EWULAJ__ligand2612-0
350,EWULAJ__ligand21132-0
351,EWULAJ__ligand1599-0
352,EWULAJ__ligand421-0
353,EWULAJ__ligand11166-0
354,EWULAJ__ligand30539-0
355,EWULAJ__ligand49-0
356,EWULAJ__ligand9450-0
357,EWULAJ__ligand685-0
358,EWULAJ__ligand13257-0
359,EWULAJ__ligand4807-0
360,EWULAJ__ligand21936-0
361,EWULAJ__ligand3178-0
362,EWULAJ__ligand23904-0
363,EWULAJ__ligand9753-0
364,EWULAJ__ligand25267-0
365,EWULAJ__ligand10084-0
366,EWULAJ__ligand5530-0
367,EWULAJ__ligand1356-0
368,EWULAJ__ligand1787-0
369,EWULAJ__ligand5159-0
370,EWULAJ__ligand12467-0
371,EWULAJ__ligand7196-0
372,EWULAJ__ligand8793-0
373,EWULAJ__ligand2788-0
374,EWULAJ__ligand5649-0
375,EWULAJ__ligand197-0
376,EWULAJ__ligand4649-0
377,EWULAJ__ligand14523-0
378,EWULAJ__ligand27169-0
379,EWULAJ__ligand18391-0
380,EWULAJ__ligand27074-0
381,EWULAJ__ligand2906-0
382,EWULAJ__ligand22981-0
383,EWULAJ__ligand25805-0
384,EWULAJ__ligand4711-0
385,EWULAJ__ligand3244-0
386,EWULAJ__ligand20599-0
387,EWULAJ__ligand7172-0
388,EWULAJ__ligand18465-0
389,EWULAJ__ligand9323-0
390,EWULAJ__ligand17-0
391,EWULAJ__ligand7273-0
392,EWULAJ__ligand18799-0
393,EWULAJ__ligand3225-0
394,EWULAJ__ligand16791-0
395,EWULAJ__ligand1153-0
396,EWULAJ__ligand1116-0
397,EWULAJ__ligand7092-0
398,EWULAJ__ligand2260-0
399,EWULAJ__ligand783-0
400,EWULAJ__ligand352-0
401,EWULAJ__ligand2124-0
402,EWULAJ__ligand28668-0
403,EWULAJ__ligand8612-0
404,EWULAJ__ligand29610-0
405,EWULAJ__ligand868-0
406,EWULAJ__ligand6017-0
407,EWULAJ__ligand5708-0
408,EWULAJ__ligand7316-0
409,EWULAJ__ligand11140-0
410,EWULAJ__ligand5180-0
411,EWULAJ__ligand29863-0
412,EWULAJ__ligand13869-0
413,EWULAJ__ligand18074-0
414,EWULAJ__ligand1263-0
415,EWULAJ__ligand9908-0
416,EWULAJ__ligand326-0
417,EWULAJ__ligand18019-1
418,EWULAJ__ligand14007-0
419,EWULAJ__ligand7242-0
420,EWULAJ__ligand27550-0
421,EWULAJ__ligand7106-0
422,EWULAJ__ligand3718-0
423,EWULAJ__ligand1343-0
424,EWULAJ__ligand3876-0
425,EWULAJ__ligand3035-0
426,EWULAJ__ligand21339-0
427,EWULAJ__ligand14226-0
428,EWULAJ__ligand6616-0
429,EWULAJ__ligand16956-0
430,EWULAJ__ligand20942-1
431,EWULAJ__ligand692-0
432,EWULAJ__ligand1844-0
433,EWULAJ__ligand4661-0
434,EWULAJ__ligand29565-0
435,EWULAJ__ligand3504-0
436,EWULAJ__ligand23682-0
437,EWULAJ__ligand436-0
438,EWULAJ__ligand1959-0
439,EWULAJ__ligand1536-0
440,EWULAJ__ligand1573-0
441,EWULAJ__ligand18158-0
442,EWULAJ__ligand27771-0
443,EWULAJ__ligand9935-0
444,EWULAJ__ligand29334-0
445,EWULAJ__ligand12413-0
446,EWULAJ__ligand20731-0
447,EWULAJ__ligand3852-0
448,EWULAJ__ligand2485-0
449,EWULAJ__ligand11798-0
450,EWULAJ__ligand6919-0
451,EWULAJ__ligand17069-0
452,EWULAJ__ligand1512-0
453,EWULAJ__ligand14477-0
454,EWULAJ__ligand5331-0
455,EWULAJ__ligand3565-0
456,EWULAJ__ligand17445-0
457,EWULAJ__ligand4720-0
458,EWULAJ__ligand29214-0
459,EWULAJ__ligand8969-0
460,EWULAJ__ligand3174-0
461,EWULAJ__ligand3937-0
462,EWULAJ__ligand1202-0
463,EWULAJ__ligand11501-0
464,EWULAJ__ligand3131-0
465,EWULAJ__ligand11544-0
466,EWULAJ__ligand6839-0
467,EWULAJ__ligand497-0
468,EWULAJ__ligand633-0
469,EWULAJ__ligand5211-0
470,EWULAJ__ligand21448-0
471,EWULAJ__ligand11758-0
472,EWULAJ__ligand22357-0
473,EWULAJ__ligand3094-0
474,EWULAJ__ligand4155-0
475,EWULAJ__ligand9291-0
476,EWULAJ__ligand30004-0
477,EWULAJ__ligand20557-0
478,EWULAJ__ligand2176-0
479,EWULAJ__ligand300-0
480,EWULAJ__ligand2232-0
481,EWULAJ__ligand45-0
482,EWULAJ__ligand4157-0
483,EWULAJ__ligand5256-0
484,EWULAJ__ligand588-0
485,EWULAJ__ligand9833-0
486,EWULAJ__ligand2828-0
487,EWULAJ__ligand8876-0
488,EWULAJ__ligand7648-0
489,EWULAJ__ligand20432-0
490,EWULAJ__ligand27122-0
491,EWULAJ__ligand4503-0
492,EWULAJ__ligand4546-0
493,EWULAJ__ligand13755-0
494,EWULAJ__ligand16133-0
495,EWULAJ__ligand24953-0
496,EWULAJ__ligand78-0
497,EWULAJ__ligand23445-0
498,EWULAJ__ligand199-0
499,EWULAJ__ligand1285-0
500,EWULAJ__ligand25048-0
501,EWULAJ__ligand21940-0
502,EWULAJ__ligand1982-0
503,EWULAJ__ligand7000-0
504,EWULAJ__ligand8115-0
505,EWULAJ__ligand6768-0
506,EWULAJ__ligand7238-0
507,EWULAJ__ligand19-0
508,EWULAJ__ligand21752-0
509,EWULAJ__ligand1790-0
510,EWULAJ__ligand1304-0
511,EWULAJ__ligand7280-0
512,EWULAJ__ligand14339-0
513,EWULAJ__ligand1219-0
514,EWULAJ__ligand6709-0
515,EWULAJ__ligand7867-0
516,EWULAJ__ligand13691-0
517,EWULAJ__ligand4016-0
518,EWULAJ__ligand30788-0
519,EWULAJ__ligand8699-0
520,EWULAJ__ligand409-0
521,EWULAJ__ligand1160-0
522,EWULAJ__ligand324-0
523,EWULAJ__ligand361-0
524,EWULAJ__ligand9520-0
525,EWULAJ__ligand4442-0
526,EWULAJ__ligand4093-0
527,EWULAJ__ligand3954-0
528,EWULAJ__ligand24560-0
529,EWULAJ__ligand7629-0
530,EWULAJ__ligand18757-0
531,EWULAJ__ligand1451-0
532,EWULAJ__ligand4272-0
533,EWULAJ__ligand24624-0
534,EWULAJ__ligand9784-0
535,EWULAJ__ligand18413-0
536,EWULAJ__ligand20844-0
537,EWULAJ__ligand24-0
538,EWULAJ__ligand430-0
539,EWULAJ__ligand358-0
540,EWULAJ__ligand1631-0
541,EWULAJ__ligand11177-0
542,EWULAJ__ligand9933-0
543,EWULAJ__ligand1530-0
544,EWULAJ__ligand488-0
545,EWULAJ__ligand1575-0
546,EWULAJ__ligand15455-0
547,EWULAJ__ligand2332-0
548,EWULAJ__ligand17686-0
549,EWULAJ__ligand25658-0
550,EWULAJ__ligand694-0
551,EWULAJ__ligand9441-0
552,EWULAJ__ligand31205-0
553,EWULAJ__ligand11814-0
554,EWULAJ__ligand6244-0
555,EWULAJ__ligand1378-0
556,EWULAJ__ligand16603-0
557,EWULAJ__ligand2915-0
558,EWULAJ__ligand3156-0
559,EWULAJ__ligand16870-0
560,EWULAJ__ligand11622-0
561,EWULAJ__ligand7967-0
562,EWULAJ__ligand3707-0
563,EWULAJ__ligand6124-0
564,EWULAJ__ligand670-0
565,EWULAJ__ligand26673-0
566,EWULAJ__ligand4116-0
567,EWULAJ__ligand1018-0
568,EWULAJ__ligand571-0
569,EWULAJ__ligand534-0
570,EWULAJ__ligand20821-0
571,EWULAJ__ligand8992-0
572,EWULAJ__ligand11606-0
573,EWULAJ__ligand31000-0
574,EWULAJ__ligand9601-0
575,EWULAJ__ligand11252-0
576,EWULAJ__ligand9952-0
577,EWULAJ__ligand9111-0
578,EWULAJ__ligand13260-0
579,EWULAJ__ligand1615-0
580,EWULAJ__ligand2526-0
581,EWULAJ__ligand10582-0
582,EWULAJ__ligand5036-0
583,EWULAJ__ligand1823-0
584,EWULAJ__ligand5643-0
585,EWULAJ__ligand8721-0
586,EWULAJ__ligand18067-0
587,EWULAJ__ligand19824-0
588,EWULAJ__ligand1324-0
589,EWULAJ__ligand416-0
590,EWULAJ__ligand10151-0
591,EWULAJ__ligand383-0
592,EWULAJ__ligand162-0
593,EWULAJ__ligand4641-0
594,EWULAJ__ligand226-0
595,EWULAJ__ligand22353-0
596,EWULAJ__ligand43-0
597,EWULAJ__ligand2028-0
598,EWULAJ__ligand8835-0
599,EWULAJ__ligand7126-0
600,EWULAJ__ligand19668-0
601,EWULAJ__ligand19906-0
602,EWULAJ__ligand1142-0
603,EWULAJ__ligand3234-0
604,EWULAJ__ligand3721-0
605,EWULAJ__ligand6904-0
606,EWULAJ__ligand6596-0
607,EWULAJ__ligand6102-0
608,EWULAJ__ligand656-0
609,EWULAJ__ligand11479-0
610,EWULAJ__ligand27610-0
611,EWULAJ__ligand10479-0
612,EWULAJ__ligand10853-0
613,EWULAJ__ligand67-0
614,EWULAJ__ligand3465-0
615,EWULAJ__ligand29441-0
616,EWULAJ__ligand24851-0
617,EWULAJ__ligand11698-0
618,EWULAJ__ligand7819-0
619,EWULAJ__ligand20530-0
620,EWULAJ__ligand2917-0
621,EWULAJ__ligand14347-0
622,EWULAJ__ligand13657-0
623,EWULAJ__ligand14302-0
624,EWULAJ__ligand1577-0
625,EWULAJ__ligand6067-0
626,EWULAJ__ligand2295-0
627,EWULAJ__ligand20220-0
628,EWULAJ__ligand15387-0
629,EWULAJ__ligand20121-0
630,EWULAJ__ligand696-0
631,EWULAJ__ligand4620-0
632,EWULAJ__ligand29813-0
633,EWULAJ__ligand16952-0
634,EWULAJ__ligand13220-0
635,EWULAJ__ligand11587-0
636,EWULAJ__ligand9681-0
637,EWULAJ__ligand4332-0
638,EWULAJ__ligand17396-0
639,EWULAJ__ligand15788-0
640,EWULAJ__ligand384-0
641,EWULAJ__ligand23175-0
642,EWULAJ__ligand1449-0
643,EWULAJ__ligand14569-0
644,EWULAJ__ligand13385-0
645,EWULAJ__ligand3012-0
646,EWULAJ__ligand22444-0
647,EWULAJ__ligand24111-0
648,EWULAJ__ligand1065-0
649,EWULAJ__ligand7530-0
650,EWULAJ__ligand10033-0
651,EWULAJ__ligand2403-0
652,EWULAJ__ligand24644-0
653,EWULAJ__ligand12001-0
654,EWULAJ__ligand27840-0
655,EWULAJ__ligand30728-0
656,EWULAJ__ligand3934-0
657,EWULAJ__ligand768-0
658,EWULAJ__ligand24872-0
659,EWULAJ__ligand6455-0
660,EWULAJ__ligand6882-0
661,EWULAJ__ligand25561-0
662,EWULAJ__ligand6946-0
663,EWULAJ__ligand1415-0
664,EWULAJ__ligand8-0
665,EWULAJ__ligand7529-0
666,EWULAJ__ligand11949-0
667,EWULAJ__ligand22129-0
668,EWULAJ__ligand9148-0
669,EWULAJ__ligand24780-0
670,EWULAJ__ligand12138-0
671,EWULAJ__ligand5316-0
672,EWULAJ__ligand17427-0
673,EWULAJ__ligand5483-0
674,EWULAJ__ligand5627-0
675,EWULAJ__ligand1729-0
676,EWULAJ__ligand31694-0
677,EWULAJ__ligand18-0
678,EWULAJ__ligand240-0
679,EWULAJ__ligand29486-0
680,EWULAJ__ligand2830-0
681,EWULAJ__ligand141-0
682,EWULAJ__ligand4813-0
683,EWULAJ__ligand5813-0
684,EWULAJ__ligand11618-0
685,EWULAJ__ligand4738-0
686,EWULAJ__ligand6062-0
687,EWULAJ__ligand6283-0
688,EWULAJ__ligand693-0
689,EWULAJ__ligand26529-0
690,EWULAJ__ligand27239-0
691,EWULAJ__ligand21729-0
692,EWULAJ__ligand7107-0
693,EWULAJ__ligand19927-0
694,EWULAJ__ligand26324-0
695,EWULAJ__ligand28559-0
696,EWULAJ__ligand3215-0
697,EWULAJ__ligand14043-0
698,EWULAJ__ligand16148-0
699,EWULAJ__ligand26631-0
700,EWULAJ__ligand2068-0
701,EWULAJ__ligand12003-0
702,EWULAJ__ligand7925-0
703,EWULAJ__ligand10872-0
704,EWULAJ__ligand21399-0
705,EWULAJ__ligand29215-0
706,EWULAJ__ligand1147-0
707,EWULAJ__ligand3973-0
708,EWULAJ__ligand20695-0
709,EWULAJ__ligand27754-0
710,EWULAJ__ligand2599-0
711,EWULAJ__ligand757-0
712,EWULAJ__ligand4330-0
713,EWULAJ__ligand16369-0
714,EWULAJ__ligand11111-0
715,EWULAJ__ligand28540-0
716,EWULAJ__ligand7532-0
717,EWULAJ__ligand22403-0
718,EWULAJ__ligand4194-0
719,EWULAJ__ligand122-0
720,EWULAJ__ligand13672-0
721,EWULAJ__ligand845-0
722,EWULAJ__ligand18568-0
723,EWULAJ__ligand28685-0
724,EWULAJ__ligand1900-0
725,EWULAJ__ligand9197-0
726,EWULAJ__ligand2328-0
727,EWULAJ__ligand4581-0
728,EWULAJ__ligand42-0
729,EWULAJ__ligand1773-0
730,EWULAJ__ligand3029-0
731,EWULAJ__ligand10371-0
732,EWULAJ__ligand7162-0
733,EWULAJ__ligand1327-0
734,EWULAJ__ligand6672-0
735,EWULAJ__ligand9809-0
736,EWULAJ__ligand8722-0
737,EWULAJ__ligand126-0
738,EWULAJ__ligand163-0
739,EWULAJ__ligand3350-0
740,EWULAJ__ligand2781-0
741,EWULAJ__ligand12453-0
742,EWULAJ__ligand18448-0
743,EWULAJ__ligand7573-0
744,EWULAJ__ligand28459-0
745,EWULAJ__ligand2208-0
746,EWULAJ__ligand3208-0
747,EWULAJ__ligand19184-0
748,EWULAJ__ligand13477-0
749,EWULAJ__ligand14167-0
750,EWULAJ__ligand1496-0
751,EWULAJ__ligand7557-0
752,EWULAJ__ligand30142-0
753,EWULAJ__ligand941-0
754,EWULAJ__ligand596-0
755,EWULAJ__ligand27669-0
756,EWULAJ__ligand1533-0
757,EWULAJ__ligand777-0
758,EWULAJ__ligand366-0
759,EWULAJ__ligand23197-0
760,EWULAJ__ligand5892-0
761,EWULAJ__ligand5094-0
762,EWULAJ__ligand29029-0
763,EWULAJ__ligand657-0
764,EWULAJ__ligand27285-0
765,EWULAJ__ligand1712-0
766,EWULAJ__ligand66-0
767,EWULAJ__ligand4131-0
768,EWULAJ__ligand187-0
769,EWULAJ__ligand22168-0
770,EWULAJ__ligand28930-0
771,EWULAJ__ligand3157-0
772,EWULAJ__ligand22294-0
773,EWULAJ__ligand1165-0
774,EWULAJ__ligand21919-0
775,EWULAJ__ligand9525-0
776,EWULAJ__ligand321-0
777,EWULAJ__ligand185-0
778,EWULAJ__ligand5935-0
779,EWULAJ__ligand12365-0
780,EWULAJ__ligand10056-0
781,EWULAJ__ligand279-0
782,EWULAJ__ligand1379-0
783,EWULAJ__ligand28743-0
784,EWULAJ__ligand15531-0
785,EWULAJ__ligand2722-0
786,EWULAJ__ligand178-0
787,EWULAJ__ligand11357-0
788,EWULAJ__ligand13862-0
789,EWULAJ__ligand3871-0
790,EWULAJ__ligand11096-0
791,EWULAJ__ligand11447-0
792,EWULAJ__ligand28810-0
793,EWULAJ__ligand1469-0
794,EWULAJ__ligand24230-0
795,EWULAJ__ligand15926-0
796,EWULAJ__ligand10828-0
797,EWULAJ__ligand1768-0
798,EWULAJ__ligand19792-0
799,EWULAJ__ligand201-0
800,EWULAJ__ligand4850-0
801,EWULAJ__ligand11970-0
802,EWULAJ__ligand5056-0
803,EWULAJ__ligand1688-0
804,EWULAJ__ligand3647-0
805,EWULAJ__ligand15883-0
806,EWULAJ__ligand5357-0
807,EWULAJ__ligand25913-0
808,EWULAJ__ligand8464-0
809,EWULAJ__ligand16988-0
810,EWULAJ__ligand1709-0
811,EWULAJ__ligand38-0
812,EWULAJ__ligand8349-0
813,EWULAJ__ligand11682-0
814,EWULAJ__ligand30711-0
815,EWULAJ__ligand20207-0
816,EWULAJ__ligand338-0
817,EWULAJ__ligand2527-0
818,EWULAJ__ligand24035-0
819,EWULAJ__ligand5849-0
820,EWULAJ__ligand31044-0
821,EWULAJ__ligand31842-0
822,EWULAJ__ligand11994-0
823,EWULAJ__ligand3392-0
824,EWULAJ__ligand16663-0
825,EWULAJ__ligand4911-0
826,EWULAJ__ligand14614-0
827,EWULAJ__ligand1771-0
