,TMC
0,PINVAJ__ligand9167-0
1,PINVAJ__ligand5304-0
2,PINVAJ__ligand2238-0
3,PINVAJ__ligand11618-0
4,PINVAJ__ligand686-0
5,PINVAJ__ligand422-0
6,PINVAJ__ligand18-0
7,PINVAJ__ligand26529-0
8,PINVAJ__ligand1317-0
9,PINVAJ__ligand3867-0
10,PINVAJ__ligand2822-0
11,PINVAJ__ligand7293-0
12,PINVAJ__ligand5509-0
13,PINVAJ__ligand8002-0
14,PINVAJ__ligand6117-0
15,PINVAJ__ligand1407-0
16,PINVAJ__ligand21729-0
17,PINVAJ__ligand27239-0
18,PINVAJ__ligand28559-0
19,PINVAJ__ligand196-0
20,PINVAJ__ligand26324-0
21,PINVAJ__ligand14043-0
22,PINVAJ__ligand7762-0
23,PINVAJ__ligand5080-0
24,PINVAJ__ligand19927-0
25,PINVAJ__ligand5595-0
26,PINVAJ__ligand4101-0
27,PINVAJ__ligand353-0
28,PINVAJ__ligand21399-0
29,PINVAJ__ligand10872-0
30,PINVAJ__ligand26631-0
31,PINVAJ__ligand16148-0
32,PINVAJ__ligand12003-0
33,PINVAJ__ligand4358-0
34,PINVAJ__ligand3120-0
35,PINVAJ__ligand3926-0
36,PINVAJ__ligand29215-0
37,PINVAJ__ligand2221-0
38,PINVAJ__ligand1296-0
39,PINVAJ__ligand16369-0
40,PINVAJ__ligand2259-0
41,PINVAJ__ligand28540-0
42,PINVAJ__ligand11111-0
43,PINVAJ__ligand1197-0
44,PINVAJ__ligand27754-0
45,PINVAJ__ligand20695-0
46,PINVAJ__ligand5099-0
47,PINVAJ__ligand8592-0
48,PINVAJ__ligand9773-0
49,PINVAJ__ligand1376-0
50,PINVAJ__ligand393-0
51,PINVAJ__ligand5510-0
52,PINVAJ__ligand22403-0
53,PINVAJ__ligand17396-0
54,PINVAJ__ligand618-0
55,PINVAJ__ligand3632-0
56,PINVAJ__ligand3677-0
57,PINVAJ__ligand23175-0
58,PINVAJ__ligand15788-0
59,PINVAJ__ligand11587-0
60,PINVAJ__ligand13220-0
61,PINVAJ__ligand1168-0
62,PINVAJ__ligand1294-0
63,PINVAJ__ligand24111-0
64,PINVAJ__ligand22444-0
65,PINVAJ__ligand6699-0
66,PINVAJ__ligand391-0
67,PINVAJ__ligand14569-0
68,PINVAJ__ligand13385-0
69,PINVAJ__ligand12001-0
70,PINVAJ__ligand3712-0
71,PINVAJ__ligand1464-0
72,PINVAJ__ligand813-0
73,PINVAJ__ligand1499-0
74,PINVAJ__ligand10033-0
75,PINVAJ__ligand2881-0
76,PINVAJ__ligand24644-0
77,PINVAJ__ligand314-0
78,PINVAJ__ligand780-0
79,PINVAJ__ligand24872-0
80,PINVAJ__ligand6892-0
81,PINVAJ__ligand27840-0
82,PINVAJ__ligand1211-0
83,PINVAJ__ligand30728-0
84,PINVAJ__ligand9344-0
85,PINVAJ__ligand25561-0
86,PINVAJ__ligand3736-0
87,PINVAJ__ligand8000-0
88,PINVAJ__ligand314-1
89,PINVAJ__ligand22129-0
90,PINVAJ__ligand12138-0
91,PINVAJ__ligand3945-0
92,PINVAJ__ligand24780-0
93,PINVAJ__ligand2693-0
94,PINVAJ__ligand5383-0
95,PINVAJ__ligand11949-0
96,PINVAJ__ligand4007-0
97,PINVAJ__ligand2985-0
98,PINVAJ__ligand17427-0
99,PINVAJ__ligand9299-0
100,PINVAJ__ligand29486-0
101,PINVAJ__ligand7291-0
102,PINVAJ__ligand9883-0
103,PINVAJ__ligand3677-1
104,PINVAJ__ligand31694-0
105,PINVAJ__ligand465-0
106,PINVAJ__ligand1289-0
107,PINVAJ__ligand21919-0
108,PINVAJ__ligand2203-0
109,PINVAJ__ligand5387-0
110,PINVAJ__ligand22168-0
111,PINVAJ__ligand28930-0
112,PINVAJ__ligand22294-0
113,PINVAJ__ligand833-0
114,PINVAJ__ligand11357-0
115,PINVAJ__ligand13862-0
116,PINVAJ__ligand28743-0
117,PINVAJ__ligand15531-0
118,PINVAJ__ligand12365-0
119,PINVAJ__ligand66-0
120,PINVAJ__ligand10056-0
121,PINVAJ__ligand15926-0
122,PINVAJ__ligand9450-0
123,PINVAJ__ligand19792-0
124,PINVAJ__ligand10828-0
125,PINVAJ__ligand28810-0
126,PINVAJ__ligand11447-0
127,PINVAJ__ligand11096-0
128,PINVAJ__ligand24230-0
129,PINVAJ__ligand115-0
130,PINVAJ__ligand2612-0
131,PINVAJ__ligand15883-0
132,PINVAJ__ligand1599-0
133,PINVAJ__ligand11970-0
134,PINVAJ__ligand395-0
135,PINVAJ__ligand2043-0
136,PINVAJ__ligand1832-0
137,PINVAJ__ligand16988-0
138,PINVAJ__ligand25913-0
139,PINVAJ__ligand8788-0
140,PINVAJ__ligand368-0
141,PINVAJ__ligand1604-0
142,PINVAJ__ligand9943-0
143,PINVAJ__ligand11682-0
144,PINVAJ__ligand1228-0
145,PINVAJ__ligand30711-0
146,PINVAJ__ligand20207-0
147,PINVAJ__ligand3126-0
148,PINVAJ__ligand6391-0
149,PINVAJ__ligand31044-0
150,PINVAJ__ligand31842-0
151,PINVAJ__ligand11994-0
152,PINVAJ__ligand9284-0
153,PINVAJ__ligand24035-0
154,PINVAJ__ligand1114-0
155,PINVAJ__ligand14614-0
156,PINVAJ__ligand42-0
157,PINVAJ__ligand2417-0
158,PINVAJ__ligand784-0
159,PINVAJ__ligand16663-0
160,PINVAJ__ligand18568-0
161,PINVAJ__ligand28685-0
162,PINVAJ__ligand8-0
163,PINVAJ__ligand7092-0
164,PINVAJ__ligand2260-0
165,PINVAJ__ligand1153-0
166,PINVAJ__ligand3225-0
167,PINVAJ__ligand1116-0
168,PINVAJ__ligand13672-0
169,PINVAJ__ligand8612-0
170,PINVAJ__ligand2124-0
171,PINVAJ__ligand7172-0
172,PINVAJ__ligand487-0
173,PINVAJ__ligand10371-0
174,PINVAJ__ligand7273-0
175,PINVAJ__ligand9323-0
176,PINVAJ__ligand12453-0
177,PINVAJ__ligand18448-0
178,PINVAJ__ligand447-0
179,PINVAJ__ligand28459-0
180,PINVAJ__ligand38-0
181,PINVAJ__ligand746-0
182,PINVAJ__ligand5180-0
183,PINVAJ__ligand176-0
184,PINVAJ__ligand6017-0
185,PINVAJ__ligand19184-0
186,PINVAJ__ligand7316-0
187,PINVAJ__ligand5708-0
188,PINVAJ__ligand1356-0
189,PINVAJ__ligand1787-0
190,PINVAJ__ligand30142-0
191,PINVAJ__ligand5530-0
192,PINVAJ__ligand27669-0
193,PINVAJ__ligand9753-0
194,PINVAJ__ligand7196-0
195,PINVAJ__ligand5159-0
196,PINVAJ__ligand14167-0
197,PINVAJ__ligand13477-0
198,PINVAJ__ligand4807-0
199,PINVAJ__ligand3178-0
200,PINVAJ__ligand152-0
201,PINVAJ__ligand2906-0
202,PINVAJ__ligand4711-0
203,PINVAJ__ligand23197-0
204,PINVAJ__ligand3244-0
205,PINVAJ__ligand506-0
206,PINVAJ__ligand4649-0
207,PINVAJ__ligand8793-0
208,PINVAJ__ligand2788-0
209,PINVAJ__ligand5649-0
210,PINVAJ__ligand27285-0
211,PINVAJ__ligand29029-0
212,PINVAJ__ligand560-0
213,PINVAJ__ligand1154-0
214,PINVAJ__ligand30004-0
215,PINVAJ__ligand20557-0
216,PINVAJ__ligand9615-0
217,PINVAJ__ligand1498-0
218,PINVAJ__ligand4596-0
219,PINVAJ__ligand24953-0
220,PINVAJ__ligand23445-0
221,PINVAJ__ligand27122-0
222,PINVAJ__ligand20432-0
223,PINVAJ__ligand13755-0
224,PINVAJ__ligand16133-0
225,PINVAJ__ligand134-0
226,PINVAJ__ligand25048-0
227,PINVAJ__ligand1169-0
228,PINVAJ__ligand21940-0
229,PINVAJ__ligand235-0
230,PINVAJ__ligand8529-0
231,PINVAJ__ligand2027-0
232,PINVAJ__ligand21752-0
233,PINVAJ__ligand1050-0
234,PINVAJ__ligand1015-0
235,PINVAJ__ligand421-0
236,PINVAJ__ligand685-0
237,PINVAJ__ligand30788-0
238,PINVAJ__ligand13691-0
239,PINVAJ__ligand14339-0
240,PINVAJ__ligand294-0
241,PINVAJ__ligand1618-0
242,PINVAJ__ligand2692-0
243,PINVAJ__ligand18413-0
244,PINVAJ__ligand20844-0
245,PINVAJ__ligand24624-0
246,PINVAJ__ligand1028-0
247,PINVAJ__ligand18757-0
248,PINVAJ__ligand4262-0
249,PINVAJ__ligand24560-0
250,PINVAJ__ligand18019-1
251,PINVAJ__ligand197-0
252,PINVAJ__ligand14007-0
253,PINVAJ__ligand5415-0
254,PINVAJ__ligand24-0
255,PINVAJ__ligand27550-0
256,PINVAJ__ligand4124-0
257,PINVAJ__ligand3471-0
258,PINVAJ__ligand4161-0
259,PINVAJ__ligand6995-0
260,PINVAJ__ligand19-0
261,PINVAJ__ligand2823-0
262,PINVAJ__ligand20942-1
263,PINVAJ__ligand14226-0
264,PINVAJ__ligand21339-0
265,PINVAJ__ligand16956-0
266,PINVAJ__ligand18158-0
267,PINVAJ__ligand4340-0
268,PINVAJ__ligand2281-0
269,PINVAJ__ligand2650-0
270,PINVAJ__ligand27771-0
271,PINVAJ__ligand29565-0
272,PINVAJ__ligand3180-0
273,PINVAJ__ligand23682-0
274,PINVAJ__ligand868-0
275,PINVAJ__ligand11798-0
276,PINVAJ__ligand2001-0
277,PINVAJ__ligand12413-0
278,PINVAJ__ligand29334-0
279,PINVAJ__ligand7566-0
280,PINVAJ__ligand20731-0
281,PINVAJ__ligand78-0
282,PINVAJ__ligand17445-0
283,PINVAJ__ligand17069-0
284,PINVAJ__ligand8593-0
285,PINVAJ__ligand14477-0
286,PINVAJ__ligand9944-0
287,PINVAJ__ligand11501-0
288,PINVAJ__ligand11544-0
289,PINVAJ__ligand29214-0
290,PINVAJ__ligand8553-0
291,PINVAJ__ligand1113-0
292,PINVAJ__ligand22357-0
293,PINVAJ__ligand783-0
294,PINVAJ__ligand352-0
295,PINVAJ__ligand11758-0
296,PINVAJ__ligand45-0
297,PINVAJ__ligand5201-0
298,PINVAJ__ligand21448-0
299,PINVAJ__ligand177-0
300,PINVAJ__ligand10151-0
301,PINVAJ__ligand1831-0
302,PINVAJ__ligand5614-0
303,PINVAJ__ligand5280-0
304,PINVAJ__ligand6663-0
305,PINVAJ__ligand5515-0
306,PINVAJ__ligand22353-0
307,PINVAJ__ligand1849-0
308,PINVAJ__ligand5019-0
309,PINVAJ__ligand3261-0
310,PINVAJ__ligand1152-0
311,PINVAJ__ligand909-0
312,PINVAJ__ligand19668-0
313,PINVAJ__ligand1216-0
314,PINVAJ__ligand19906-0
315,PINVAJ__ligand29441-0
316,PINVAJ__ligand1828-0
317,PINVAJ__ligand10853-0
318,PINVAJ__ligand7213-0
319,PINVAJ__ligand1397-0
320,PINVAJ__ligand372-0
321,PINVAJ__ligand8042-0
322,PINVAJ__ligand27610-0
323,PINVAJ__ligand10479-0
324,PINVAJ__ligand830-0
325,PINVAJ__ligand6112-0
326,PINVAJ__ligand11479-0
327,PINVAJ__ligand20530-0
328,PINVAJ__ligand5085-0
329,PINVAJ__ligand11698-0
330,PINVAJ__ligand3144-0
331,PINVAJ__ligand13657-0
332,PINVAJ__ligand14347-0
333,PINVAJ__ligand14302-0
334,PINVAJ__ligand5755-0
335,PINVAJ__ligand24851-0
336,PINVAJ__ligand193-0
337,PINVAJ__ligand4710-0
338,PINVAJ__ligand15387-0
339,PINVAJ__ligand1908-0
340,PINVAJ__ligand252-0
341,PINVAJ__ligand20121-0
342,PINVAJ__ligand116-0
343,PINVAJ__ligand4795-0
344,PINVAJ__ligand3285-0
345,PINVAJ__ligand20220-0
346,PINVAJ__ligand1786-0
347,PINVAJ__ligand16952-0
348,PINVAJ__ligand29813-0
349,PINVAJ__ligand5630-0
350,PINVAJ__ligand7075-0
351,PINVAJ__ligand15455-0
352,PINVAJ__ligand3557-0
353,PINVAJ__ligand3980-0
354,PINVAJ__ligand250-0
355,PINVAJ__ligand1149-0
356,PINVAJ__ligand11177-0
357,PINVAJ__ligand25658-0
358,PINVAJ__ligand17686-0
359,PINVAJ__ligand1779-0
360,PINVAJ__ligand1817-0
361,PINVAJ__ligand31205-0
362,PINVAJ__ligand6993-0
363,PINVAJ__ligand9750-0
364,PINVAJ__ligand4266-0
365,PINVAJ__ligand1400-0
366,PINVAJ__ligand16603-0
367,PINVAJ__ligand9491-0
368,PINVAJ__ligand370-0
369,PINVAJ__ligand4167-0
370,PINVAJ__ligand11814-0
371,PINVAJ__ligand67-0
372,PINVAJ__ligand1288-0
373,PINVAJ__ligand11622-0
374,PINVAJ__ligand16870-0
375,PINVAJ__ligand479-0
376,PINVAJ__ligand43-0
377,PINVAJ__ligand20821-0
378,PINVAJ__ligand785-0
379,PINVAJ__ligand3416-0
380,PINVAJ__ligand311-0
381,PINVAJ__ligand3453-0
382,PINVAJ__ligand4207-0
383,PINVAJ__ligand26673-0
384,PINVAJ__ligand620-0
385,PINVAJ__ligand31000-0
386,PINVAJ__ligand370-1
387,PINVAJ__ligand1539-0
388,PINVAJ__ligand564-0
389,PINVAJ__ligand1150-0
390,PINVAJ__ligand11606-0
391,PINVAJ__ligand8200-0
392,PINVAJ__ligand10582-0
393,PINVAJ__ligand7438-0
394,PINVAJ__ligand188-0
395,PINVAJ__ligand13260-0
396,PINVAJ__ligand4063-0
397,PINVAJ__ligand11252-0
398,PINVAJ__ligand19824-0
399,PINVAJ__ligand3042-0
400,PINVAJ__ligand18067-0
401,PINVAJ__ligand28924-0
402,PINVAJ__ligand9148-0
403,PINVAJ__ligand15438-0
404,PINVAJ__ligand1415-0
405,PINVAJ__ligand6946-0
406,PINVAJ__ligand18703-0
407,PINVAJ__ligand7529-0
408,PINVAJ__ligand29087-0
409,PINVAJ__ligand358-0
410,PINVAJ__ligand31578-0
411,PINVAJ__ligand1729-0
412,PINVAJ__ligand17207-0
413,PINVAJ__ligand5627-0
414,PINVAJ__ligand430-0
415,PINVAJ__ligand488-0
416,PINVAJ__ligand17945-0
417,PINVAJ__ligand2830-0
418,PINVAJ__ligand25224-0
419,PINVAJ__ligand18013-0
420,PINVAJ__ligand5316-0
421,PINVAJ__ligand5483-0
422,PINVAJ__ligand694-0
423,PINVAJ__ligand24750-0
424,PINVAJ__ligand22755-0
425,PINVAJ__ligand3012-0
426,PINVAJ__ligand11432-0
427,PINVAJ__ligand1449-0
428,PINVAJ__ligand31618-0
429,PINVAJ__ligand10432-0
430,PINVAJ__ligand7530-0
431,PINVAJ__ligand29898-0
432,PINVAJ__ligand26277-0
433,PINVAJ__ligand1065-0
434,PINVAJ__ligand9681-0
435,PINVAJ__ligand4332-0
436,PINVAJ__ligand670-0
437,PINVAJ__ligand3934-0
438,PINVAJ__ligand23589-0
439,PINVAJ__ligand6455-0
440,PINVAJ__ligand571-0
441,PINVAJ__ligand24064-0
442,PINVAJ__ligand6882-0
443,PINVAJ__ligand534-0
444,PINVAJ__ligand2403-0
445,PINVAJ__ligand15168-0
446,PINVAJ__ligand1147-0
447,PINVAJ__ligand10555-0
448,PINVAJ__ligand31483-0
449,PINVAJ__ligand3973-0
450,PINVAJ__ligand19725-0
451,PINVAJ__ligand7925-0
452,PINVAJ__ligand2068-0
453,PINVAJ__ligand24613-0
454,PINVAJ__ligand11-0
455,PINVAJ__ligand14586-0
456,PINVAJ__ligand11774-0
457,PINVAJ__ligand7532-0
458,PINVAJ__ligand69-0
459,PINVAJ__ligand416-0
460,PINVAJ__ligand21421-0
461,PINVAJ__ligand4194-0
462,PINVAJ__ligand383-0
463,PINVAJ__ligand4330-0
464,PINVAJ__ligand162-0
465,PINVAJ__ligand11568-0
466,PINVAJ__ligand2599-0
467,PINVAJ__ligand20579-0
468,PINVAJ__ligand17710-0
469,PINVAJ__ligand226-0
470,PINVAJ__ligand6283-0
471,PINVAJ__ligand17590-0
472,PINVAJ__ligand17240-0
473,PINVAJ__ligand4738-0
474,PINVAJ__ligand18699-0
475,PINVAJ__ligand12682-0
476,PINVAJ__ligand5813-0
477,PINVAJ__ligand696-0
478,PINVAJ__ligand4813-0
479,PINVAJ__ligand6062-0
480,PINVAJ__ligand656-0
481,PINVAJ__ligand3215-0
482,PINVAJ__ligand12336-0
483,PINVAJ__ligand13072-0
484,PINVAJ__ligand7107-0
485,PINVAJ__ligand1533-0
486,PINVAJ__ligand23904-0
487,PINVAJ__ligand13257-0
488,PINVAJ__ligand1-0
489,PINVAJ__ligand21936-0
490,PINVAJ__ligand692-0
491,PINVAJ__ligand49-0
492,PINVAJ__ligand7557-0
493,PINVAJ__ligand436-0
494,PINVAJ__ligand1496-0
495,PINVAJ__ligand12467-0
496,PINVAJ__ligand25267-0
497,PINVAJ__ligand10084-0
498,PINVAJ__ligand27169-0
499,PINVAJ__ligand14523-0
500,PINVAJ__ligand18391-0
501,PINVAJ__ligand89-0
502,PINVAJ__ligand1712-0
503,PINVAJ__ligand326-0
504,PINVAJ__ligand4131-0
505,PINVAJ__ligand22981-0
506,PINVAJ__ligand25805-0
507,PINVAJ__ligand20599-0
508,PINVAJ__ligand27074-0
509,PINVAJ__ligand5892-0
510,PINVAJ__ligand5094-0
511,PINVAJ__ligand4581-0
512,PINVAJ__ligand1773-0
513,PINVAJ__ligand18465-0
514,PINVAJ__ligand2328-0
515,PINVAJ__ligand18799-0
516,PINVAJ__ligand497-0
517,PINVAJ__ligand7162-0
518,PINVAJ__ligand3029-0
519,PINVAJ__ligand633-0
520,PINVAJ__ligand28668-0
521,PINVAJ__ligand16791-0
522,PINVAJ__ligand9197-0
523,PINVAJ__ligand1900-0
524,PINVAJ__ligand11140-0
525,PINVAJ__ligand3208-0
526,PINVAJ__ligand2208-0
527,PINVAJ__ligand29610-0
528,PINVAJ__ligand29863-0
529,PINVAJ__ligand8722-0
530,PINVAJ__ligand18074-0
531,PINVAJ__ligand1327-0
532,PINVAJ__ligand13869-0
533,PINVAJ__ligand6672-0
534,PINVAJ__ligand9809-0
535,PINVAJ__ligand2781-0
536,PINVAJ__ligand7573-0
537,PINVAJ__ligand3350-0
538,PINVAJ__ligand11206-0
539,PINVAJ__ligand23124-0
540,PINVAJ__ligand199-0
541,PINVAJ__ligand2527-0
542,PINVAJ__ligand25735-0
543,PINVAJ__ligand12519-0
544,PINVAJ__ligand8349-0
545,PINVAJ__ligand1709-0
546,PINVAJ__ligand8464-0
547,PINVAJ__ligand3392-0
548,PINVAJ__ligand17-0
549,PINVAJ__ligand31248-0
550,PINVAJ__ligand4911-0
551,PINVAJ__ligand300-0
552,PINVAJ__ligand1771-0
553,PINVAJ__ligand25650-0
554,PINVAJ__ligand13209-0
555,PINVAJ__ligand19257-0
556,PINVAJ__ligand5849-0
557,PINVAJ__ligand12660-0
558,PINVAJ__ligand588-0
559,PINVAJ__ligand324-0
560,PINVAJ__ligand361-0
561,PINVAJ__ligand5935-0
562,PINVAJ__ligand409-0
563,PINVAJ__ligand21787-0
564,PINVAJ__ligand25575-0
565,PINVAJ__ligand2722-0
566,PINVAJ__ligand25689-0
567,PINVAJ__ligand1379-0
568,PINVAJ__ligand12295-0
569,PINVAJ__ligand3157-0
570,PINVAJ__ligand27835-0
571,PINVAJ__ligand9525-0
572,PINVAJ__ligand1165-0
573,PINVAJ__ligand3-0
574,PINVAJ__ligand5056-0
575,PINVAJ__ligand4850-0
576,PINVAJ__ligand21132-0
577,PINVAJ__ligand11166-0
578,PINVAJ__ligand5357-0
579,PINVAJ__ligand3647-0
580,PINVAJ__ligand23906-0
581,PINVAJ__ligand1688-0
582,PINVAJ__ligand1469-0
583,PINVAJ__ligand3871-0
584,PINVAJ__ligand1768-0
585,PINVAJ__ligand30539-0
586,PINVAJ__ligand5331-0
587,PINVAJ__ligand126-0
588,PINVAJ__ligand19641-0
589,PINVAJ__ligand1512-0
590,PINVAJ__ligand163-0
591,PINVAJ__ligand12934-0
592,PINVAJ__ligand20578-0
593,PINVAJ__ligand15422-0
594,PINVAJ__ligand27893-0
595,PINVAJ__ligand3565-0
596,PINVAJ__ligand14723-0
597,PINVAJ__ligand30988-0
598,PINVAJ__ligand68-0
599,PINVAJ__ligand6919-0
600,PINVAJ__ligand27175-0
601,PINVAJ__ligand2485-0
602,PINVAJ__ligand18832-0
603,PINVAJ__ligand3852-0
604,PINVAJ__ligand23713-0
605,PINVAJ__ligand26665-0
606,PINVAJ__ligand845-0
607,PINVAJ__ligand5211-0
608,PINVAJ__ligand17631-0
609,PINVAJ__ligand13012-0
610,PINVAJ__ligand3094-0
611,PINVAJ__ligand4155-0
612,PINVAJ__ligand17258-0
613,PINVAJ__ligand55-0
614,PINVAJ__ligand14603-0
615,PINVAJ__ligand14297-0
616,PINVAJ__ligand31783-0
617,PINVAJ__ligand4720-0
618,PINVAJ__ligand6839-0
619,PINVAJ__ligand1202-0
620,PINVAJ__ligand3937-0
621,PINVAJ__ligand3174-0
622,PINVAJ__ligand3131-0
623,PINVAJ__ligand8969-0
624,PINVAJ__ligand12337-0
625,PINVAJ__ligand34-0
626,PINVAJ__ligand29410-0
627,PINVAJ__ligand26540-0
628,PINVAJ__ligand366-0
629,PINVAJ__ligand7242-0
630,PINVAJ__ligand17281-0
631,PINVAJ__ligand30296-0
632,PINVAJ__ligand7106-0
633,PINVAJ__ligand1263-0
634,PINVAJ__ligand657-0
635,PINVAJ__ligand9908-0
636,PINVAJ__ligand12606-0
637,PINVAJ__ligand187-0
638,PINVAJ__ligand30333-0
639,PINVAJ__ligand1959-0
640,PINVAJ__ligand4-0
641,PINVAJ__ligand27460-0
642,PINVAJ__ligand3504-0
643,PINVAJ__ligand9935-0
644,PINVAJ__ligand1536-0
645,PINVAJ__ligand941-0
646,PINVAJ__ligand1573-0
647,PINVAJ__ligand596-0
648,PINVAJ__ligand3035-0
649,PINVAJ__ligand777-0
650,PINVAJ__ligand3876-0
651,PINVAJ__ligand1343-0
652,PINVAJ__ligand16628-0
653,PINVAJ__ligand6616-0
654,PINVAJ__ligand3718-0
655,PINVAJ__ligand28468-0
656,PINVAJ__ligand20740-0
657,PINVAJ__ligand4661-0
658,PINVAJ__ligand1844-0
659,PINVAJ__ligand12427-0
660,PINVAJ__ligand7867-0
661,PINVAJ__ligand27763-0
662,PINVAJ__ligand6709-0
663,PINVAJ__ligand1219-0
664,PINVAJ__ligand28676-0
665,PINVAJ__ligand10262-0
666,PINVAJ__ligand201-0
667,PINVAJ__ligand4016-0
668,PINVAJ__ligand29302-0
669,PINVAJ__ligand13425-0
670,PINVAJ__ligand7238-0
671,PINVAJ__ligand7280-0
672,PINVAJ__ligand18814-0
673,PINVAJ__ligand1790-0
674,PINVAJ__ligand1304-0
675,PINVAJ__ligand19057-0
676,PINVAJ__ligand1451-0
677,PINVAJ__ligand4272-0
678,PINVAJ__ligand7629-0
679,PINVAJ__ligand14108-0
680,PINVAJ__ligand321-0
681,PINVAJ__ligand9784-0
682,PINVAJ__ligand279-0
683,PINVAJ__ligand9520-0
684,PINVAJ__ligand185-0
685,PINVAJ__ligand1160-0
686,PINVAJ__ligand8699-0
687,PINVAJ__ligand10958-0
688,PINVAJ__ligand12641-0
689,PINVAJ__ligand178-0
690,PINVAJ__ligand4442-0
691,PINVAJ__ligand4093-0
692,PINVAJ__ligand3954-0
693,PINVAJ__ligand57-0
694,PINVAJ__ligand25178-0
695,PINVAJ__ligand4157-0
696,PINVAJ__ligand2828-0
697,PINVAJ__ligand8876-0
698,PINVAJ__ligand7648-0
699,PINVAJ__ligand23769-0
700,PINVAJ__ligand9833-0
701,PINVAJ__ligand24185-0
702,PINVAJ__ligand5256-0
703,PINVAJ__ligand2176-0
704,PINVAJ__ligand17805-0
705,PINVAJ__ligand9291-0
706,PINVAJ__ligand2232-0
707,PINVAJ__ligand17302-0
708,PINVAJ__ligand12231-0
709,PINVAJ__ligand1285-0
710,PINVAJ__ligand6768-0
711,PINVAJ__ligand17387-0
712,PINVAJ__ligand8115-0
713,PINVAJ__ligand12130-0
714,PINVAJ__ligand18292-0
715,PINVAJ__ligand7000-0
716,PINVAJ__ligand12289-0
717,PINVAJ__ligand26702-0
718,PINVAJ__ligand1982-0
719,PINVAJ__ligand13658-0
720,PINVAJ__ligand4503-0
721,PINVAJ__ligand13068-0
722,PINVAJ__ligand19830-0
723,PINVAJ__ligand4546-0
724,PINVAJ__ligand10476-0
725,PINVAJ__ligand24145-0
726,PINVAJ__ligand338-0
727,PINVAJ__ligand12401-0
728,PINVAJ__ligand15585-0
729,PINVAJ__ligand13208-0
730,PINVAJ__ligand8992-0
731,PINVAJ__ligand26810-0
732,PINVAJ__ligand27482-0
733,PINVAJ__ligand9601-0
734,PINVAJ__ligand768-0
735,PINVAJ__ligand3707-0
736,PINVAJ__ligand6124-0
737,PINVAJ__ligand7967-0
738,PINVAJ__ligand16-0
739,PINVAJ__ligand1018-0
740,PINVAJ__ligand4116-0
741,PINVAJ__ligand5643-0
742,PINVAJ__ligand1823-0
743,PINVAJ__ligand384-0
744,PINVAJ__ligand1324-0
745,PINVAJ__ligand13390-0
746,PINVAJ__ligand8721-0
747,PINVAJ__ligand9111-0
748,PINVAJ__ligand9952-0
749,PINVAJ__ligand20682-0
750,PINVAJ__ligand5036-0
751,PINVAJ__ligand2526-0
752,PINVAJ__ligand1615-0
753,PINVAJ__ligand11456-0
754,PINVAJ__ligand14174-0
755,PINVAJ__ligand9441-0
756,PINVAJ__ligand10712-0
757,PINVAJ__ligand2332-0
758,PINVAJ__ligand1631-0
759,PINVAJ__ligand240-0
760,PINVAJ__ligand25411-0
761,PINVAJ__ligand1530-0
762,PINVAJ__ligand141-0
763,PINVAJ__ligand1575-0
764,PINVAJ__ligand9933-0
765,PINVAJ__ligand13294-0
766,PINVAJ__ligand3156-0
767,PINVAJ__ligand31832-0
768,PINVAJ__ligand2915-0
769,PINVAJ__ligand6244-0
770,PINVAJ__ligand28884-0
771,PINVAJ__ligand32-0
772,PINVAJ__ligand13331-0
773,PINVAJ__ligand14248-0
774,PINVAJ__ligand29879-0
775,PINVAJ__ligand12030-0
776,PINVAJ__ligand1378-0
777,PINVAJ__ligand24047-0
778,PINVAJ__ligand10589-0
779,PINVAJ__ligand22557-0
780,PINVAJ__ligand20598-0
781,PINVAJ__ligand11675-0
782,PINVAJ__ligand2917-0
783,PINVAJ__ligand17398-0
784,PINVAJ__ligand7819-0
785,PINVAJ__ligand6904-0
786,PINVAJ__ligand3721-0
787,PINVAJ__ligand6596-0
788,PINVAJ__ligand6102-0
789,PINVAJ__ligand17982-0
790,PINVAJ__ligand29414-0
791,PINVAJ__ligand3465-0
792,PINVAJ__ligand20011-0
793,PINVAJ__ligand17278-0
794,PINVAJ__ligand48-0
795,PINVAJ__ligand4620-0
796,PINVAJ__ligand20251-1
797,PINVAJ__ligand2295-0
798,PINVAJ__ligand6067-0
799,PINVAJ__ligand1577-0
800,PINVAJ__ligand16475-0
801,PINVAJ__ligand14703-0
802,PINVAJ__ligand693-0
803,PINVAJ__ligand91-0
804,PINVAJ__ligand757-0
805,PINVAJ__ligand14117-0
806,PINVAJ__ligand17261-0
807,PINVAJ__ligand4641-0
808,PINVAJ__ligand21581-0
809,PINVAJ__ligand31097-0
810,PINVAJ__ligand30702-0
811,PINVAJ__ligand20214-0
812,PINVAJ__ligand20251-0
813,PINVAJ__ligand122-0
814,PINVAJ__ligand20539-0
815,PINVAJ__ligand14889-0
816,PINVAJ__ligand30851-0
817,PINVAJ__ligand3234-0
818,PINVAJ__ligand29568-0
819,PINVAJ__ligand1142-0
820,PINVAJ__ligand28789-0
821,PINVAJ__ligand51-0
822,PINVAJ__ligand21371-0
823,PINVAJ__ligand17118-0
824,PINVAJ__ligand7126-0
825,PINVAJ__ligand20419-0
826,PINVAJ__ligand2028-0
827,PINVAJ__ligand8835-0
