,TMC
0,KAYTEL__ligand2707-0
1,KAYTEL__ligand797-0
2,KAYTEL__ligand1690-0
3,KAYTEL__ligand6-0
4,KAYTEL__ligand2526-0
5,KAYTEL__ligand757-0
6,KAYTEL__ligand1551-0
7,KAYTEL__ligand3196-0
8,KAYTEL__ligand4012-0
9,KAYTEL__ligand2915-0
10,KAYTEL__ligand45-0
11,KAYTEL__ligand4175-0
12,KAYTEL__ligand2255-0
13,KAYTEL__ligand1918-0
14,KAYTEL__ligand240-0
15,KAYTEL__ligand85-0
16,KAYTEL__ligand141-0
17,KAYTEL__ligand78-0
18,KAYTEL__ligand4370-0
19,KAYTEL__ligand384-0
20,KAYTEL__ligand120-0
21,KAYTEL__ligand1436-0
22,KAYTEL__ligand3618-0
23,KAYTEL__ligand4-0
24,KAYTEL__ligand2618-0
25,KAYTEL__ligand3852-0
26,KAYTEL__ligand10114-0
27,KAYTEL__ligand3478-0
28,KAYTEL__ligand124-0
29,KAYTEL__ligand5758-0
30,KAYTEL__ligand7456-0
31,KAYTEL__ligand1818-0
32,KAYTEL__ligand119-0
33,KAYTEL__ligand3251-0
34,KAYTEL__ligand10479-0
35,KAYTEL__ligand321-0
36,KAYTEL__ligand279-0
37,KAYTEL__ligand5235-0
38,KAYTEL__ligand6143-0
39,KAYTEL__ligand4619-0
40,KAYTEL__ligand178-0
41,KAYTEL__ligand1493-0
42,KAYTEL__ligand100-0
43,KAYTEL__ligand3035-0
44,KAYTEL__ligand3070-0
45,KAYTEL__ligand244-0
46,KAYTEL__ligand201-0
47,KAYTEL__ligand2718-0
48,KAYTEL__ligand9176-0
49,KAYTEL__ligand596-0
50,KAYTEL__ligand7550-0
51,KAYTEL__ligand5093-0
52,KAYTEL__ligand2954-0
53,KAYTEL__ligand366-0
54,KAYTEL__ligand861-0
55,KAYTEL__ligand2253-0
56,KAYTEL__ligand1160-0
57,KAYTEL__ligand14530-0
58,KAYTEL__ligand612-0
59,KAYTEL__ligand1038-0
60,KAYTEL__ligand187-0
61,KAYTEL__ligand2762-0
62,KAYTEL__ligand1907-0
63,KAYTEL__ligand4423-0
64,KAYTEL__ligand67-0
65,KAYTEL__ligand3890-0
66,KAYTEL__ligand126-0
67,KAYTEL__ligand10910-0
68,KAYTEL__ligand7630-0
69,KAYTEL__ligand1555-0
70,KAYTEL__ligand1285-0
71,KAYTEL__ligand2389-0
72,KAYTEL__ligand105-0
73,KAYTEL__ligand140-0
74,KAYTEL__ligand1919-0
75,KAYTEL__ligand361-0
76,KAYTEL__ligand2110-0
77,KAYTEL__ligand324-0
78,KAYTEL__ligand2916-0
79,KAYTEL__ligand409-0
80,KAYTEL__ligand3579-0
81,KAYTEL__ligand1712-0
82,KAYTEL__ligand575-0
83,KAYTEL__ligand8032-0
84,KAYTEL__ligand1858-0
85,KAYTEL__ligand18-0
86,KAYTEL__ligand2315-0
87,KAYTEL__ligand927-0
88,KAYTEL__ligand199-0
89,KAYTEL__ligand1898-0
90,KAYTEL__ligand3051-0
91,KAYTEL__ligand4504-0
92,KAYTEL__ligand2480-0
93,KAYTEL__ligand5334-0
94,KAYTEL__ligand1325-0
95,KAYTEL__ligand2482-0
96,KAYTEL__ligand6571-0
97,KAYTEL__ligand166-0
98,KAYTEL__ligand838-0
99,KAYTEL__ligand497-0
100,KAYTEL__ligand7414-0
101,KAYTEL__ligand5762-0
102,KAYTEL__ligand1104-0
103,KAYTEL__ligand1019-0
104,KAYTEL__ligand918-0
105,KAYTEL__ligand62-0
106,KAYTEL__ligand2442-0
107,KAYTEL__ligand633-0
108,KAYTEL__ligand532-0
109,KAYTEL__ligand1299-0
110,KAYTEL__ligand821-0
111,KAYTEL__ligand6430-0
112,KAYTEL__ligand326-0
113,KAYTEL__ligand1264-0
114,KAYTEL__ligand1221-0
115,KAYTEL__ligand553-0
116,KAYTEL__ligand1379-0
117,KAYTEL__ligand283-0
118,KAYTEL__ligand2376-0
119,KAYTEL__ligand142-0
120,KAYTEL__ligand206-0
121,KAYTEL__ligand86-0
122,KAYTEL__ligand436-0
123,KAYTEL__ligand2929-0
124,KAYTEL__ligand9620-0
125,KAYTEL__ligand15630-0
126,KAYTEL__ligand4894-0
127,KAYTEL__ligand1260-0
128,KAYTEL__ligand10357-0
129,KAYTEL__ligand1449-1
130,KAYTEL__ligand4811-0
131,KAYTEL__ligand3337-0
132,KAYTEL__ligand7514-0
133,KAYTEL__ligand1178-0
134,KAYTEL__ligand3566-0
135,KAYTEL__ligand383-0
136,KAYTEL__ligand162-0
137,KAYTEL__ligand1321-0
138,KAYTEL__ligand226-0
139,KAYTEL__ligand1788-0
140,KAYTEL__ligand66-0
141,KAYTEL__ligand3-0
142,KAYTEL__ligand21-0
143,KAYTEL__ligand670-0
144,KAYTEL__ligand118-0
145,KAYTEL__ligand571-0
146,KAYTEL__ligand6166-0
147,KAYTEL__ligand1-0
148,KAYTEL__ligand1246-0
149,KAYTEL__ligand5089-0
150,KAYTEL__ligand2599-0
151,KAYTEL__ligand509-0
152,KAYTEL__ligand3853-0
153,KAYTEL__ligand2853-0
154,KAYTEL__ligand358-0
155,KAYTEL__ligand430-0
156,KAYTEL__ligand669-0
157,KAYTEL__ligand38-0
158,KAYTEL__ligand1307-0
159,KAYTEL__ligand278-0
160,KAYTEL__ligand40-0
161,KAYTEL__ligand365-0
162,KAYTEL__ligand188-0
163,KAYTEL__ligand1607-0
164,KAYTEL__ligand444-0
165,KAYTEL__ligand11730-0
166,KAYTEL__ligand369-0
167,KAYTEL__ligand311-0
168,KAYTEL__ligand1152-0
169,KAYTEL__ligand1727-0
170,KAYTEL__ligand34-0
171,KAYTEL__ligand2907-0
172,KAYTEL__ligand370-0
173,KAYTEL__ligand1703-0
174,KAYTEL__ligand2430-0
175,KAYTEL__ligand55-0
176,KAYTEL__ligand2320-0
177,KAYTEL__ligand1056-0
178,KAYTEL__ligand250-0
179,KAYTEL__ligand2862-0
180,KAYTEL__ligand95-0
181,KAYTEL__ligand8921-0
182,KAYTEL__ligand2285-0
183,KAYTEL__ligand460-0
184,KAYTEL__ligand1567-0
185,KAYTEL__ligand2510-0
186,KAYTEL__ligand252-0
187,KAYTEL__ligand6294-0
188,KAYTEL__ligand955-0
189,KAYTEL__ligand1054-0
190,KAYTEL__ligand1598-0
191,KAYTEL__ligand4303-0
192,KAYTEL__ligand1248-0
193,KAYTEL__ligand830-0
194,KAYTEL__ligand7464-0
195,KAYTEL__ligand57-0
196,KAYTEL__ligand193-0
197,KAYTEL__ligand851-0
198,KAYTEL__ligand909-0
199,KAYTEL__ligand73-0
200,KAYTEL__ligand934-0
201,KAYTEL__ligand177-0
202,KAYTEL__ligand8774-0
203,KAYTEL__ligand3637-0
204,KAYTEL__ligand2880-0
205,KAYTEL__ligand5941-0
206,KAYTEL__ligand32-0
207,KAYTEL__ligand2838-0
208,KAYTEL__ligand3838-0
209,KAYTEL__ligand1799-0
210,KAYTEL__ligand352-0
211,KAYTEL__ligand783-0
212,KAYTEL__ligand1169-0
213,KAYTEL__ligand868-0
214,KAYTEL__ligand5022-0
215,KAYTEL__ligand442-0
216,KAYTEL__ligand136-0
217,KAYTEL__ligand112-0
218,KAYTEL__ligand2864-0
219,KAYTEL__ligand6151-0
220,KAYTEL__ligand197-0
221,KAYTEL__ligand2772-0
222,KAYTEL__ligand9495-0
223,KAYTEL__ligand296-0
224,KAYTEL__ligand6538-0
225,KAYTEL__ligand2142-0
226,KAYTEL__ligand294-0
227,KAYTEL__ligand51-0
228,KAYTEL__ligand993-0
229,KAYTEL__ligand1273-0
230,KAYTEL__ligand331-0
231,KAYTEL__ligand798-0
232,KAYTEL__ligand421-0
233,KAYTEL__ligand91-0
234,KAYTEL__ligand584-0
235,KAYTEL__ligand916-0
236,KAYTEL__ligand1052-0
237,KAYTEL__ligand29-0
238,KAYTEL__ligand1502-0
239,KAYTEL__ligand390-0
240,KAYTEL__ligand48-0
241,KAYTEL__ligand932-0
242,KAYTEL__ligand2794-0
243,KAYTEL__ligand2345-0
244,KAYTEL__ligand134-0
245,KAYTEL__ligand1835-0
246,KAYTEL__ligand235-0
247,KAYTEL__ligand4983-0
248,KAYTEL__ligand560-0
249,KAYTEL__ligand525-0
250,KAYTEL__ligand9027-0
251,KAYTEL__ligand109-0
252,KAYTEL__ligand1113-0
253,KAYTEL__ligand2265-0
254,KAYTEL__ligand6396-0
255,KAYTEL__ligand3246-0
256,KAYTEL__ligand1148-0
257,KAYTEL__ligand1479-0
258,KAYTEL__ligand682-0
259,KAYTEL__ligand1228-0
260,KAYTEL__ligand447-0
261,KAYTEL__ligand9244-0
262,KAYTEL__ligand133-0
263,KAYTEL__ligand522-0
264,KAYTEL__ligand666-0
265,KAYTEL__ligand1114-0
266,KAYTEL__ligand487-0
267,KAYTEL__ligand1538-0
268,KAYTEL__ligand2751-0
269,KAYTEL__ligand355-0
270,KAYTEL__ligand784-0
271,KAYTEL__ligand485-0
272,KAYTEL__ligand2634-0
273,KAYTEL__ligand1542-0
274,KAYTEL__ligand3041-0
275,KAYTEL__ligand3178-0
276,KAYTEL__ligand6332-0
277,KAYTEL__ligand115-0
278,KAYTEL__ligand6502-0
279,KAYTEL__ligand2098-0
280,KAYTEL__ligand2863-0
281,KAYTEL__ligand5548-0
282,KAYTEL__ligand7915-0
283,KAYTEL__ligand1747-0
284,KAYTEL__ligand6686-0
285,KAYTEL__ligand291-0
286,KAYTEL__ligand11-0
287,KAYTEL__ligand3145-0
288,KAYTEL__ligand210-0
289,KAYTEL__ligand8-0
290,KAYTEL__ligand2629-0
291,KAYTEL__ligand4381-0
292,KAYTEL__ligand1706-0
293,KAYTEL__ligand3734-0
294,KAYTEL__ligand1951-0
295,KAYTEL__ligand481-0
296,KAYTEL__ligand1687-0
297,KAYTEL__ligand314-0
298,KAYTEL__ligand89-0
299,KAYTEL__ligand6277-0
300,KAYTEL__ligand49-0
301,KAYTEL__ligand170-0
302,KAYTEL__ligand2768-0
303,KAYTEL__ligand1376-0
304,KAYTEL__ligand391-0
305,KAYTEL__ligand2259-0
306,KAYTEL__ligand2688-0
307,KAYTEL__ligand236-0
308,KAYTEL__ligand1459-0
309,KAYTEL__ligand1544-0
310,KAYTEL__ligand1685-0
311,KAYTEL__ligand353-0
312,KAYTEL__ligand1048-0
313,KAYTEL__ligand2087-0
314,KAYTEL__ligand3757-0
315,KAYTEL__ligand1171-0
316,KAYTEL__ligand502-0
317,KAYTEL__ligand196-0
318,KAYTEL__ligand17-0
319,KAYTEL__ligand113-0
320,KAYTEL__ligand1438-0
321,KAYTEL__ligand92-0
322,KAYTEL__ligand3063-0
323,KAYTEL__ligand422-0
324,KAYTEL__ligand5801-0
