,TMC
0,EYOWEU__ligand240-0
1,EYOWEU__ligand1321-0
2,EYOWEU__ligand141-0
3,EYOWEU__ligand3566-0
4,EYOWEU__ligand1178-0
5,EYOWEU__ligand1788-0
6,EYOWEU__ligand1260-0
7,EYOWEU__ligand4894-0
8,EYOWEU__ligand9620-0
9,EYOWEU__ligand120-0
10,EYOWEU__ligand3337-0
11,EYOWEU__ligand7514-0
12,EYOWEU__ligand1449-1
13,EYOWEU__ligand4811-0
14,EYOWEU__ligand384-0
15,EYOWEU__ligand1307-0
16,EYOWEU__ligand757-0
17,EYOWEU__ligand797-0
18,EYOWEU__ligand1246-0
19,EYOWEU__ligand67-0
20,EYOWEU__ligand6166-0
21,EYOWEU__ligand3853-0
22,EYOWEU__ligand2853-0
23,EYOWEU__ligand5089-0
24,EYOWEU__ligand2599-0
25,EYOWEU__ligand8032-0
26,EYOWEU__ligand612-0
27,EYOWEU__ligand1858-0
28,EYOWEU__ligand187-0
29,EYOWEU__ligand366-0
30,EYOWEU__ligand861-0
31,EYOWEU__ligand5334-0
32,EYOWEU__ligand6-0
33,EYOWEU__ligand2315-0
34,EYOWEU__ligand10357-0
35,EYOWEU__ligand3051-0
36,EYOWEU__ligand4504-0
37,EYOWEU__ligand2480-0
38,EYOWEU__ligand596-0
39,EYOWEU__ligand15630-0
40,EYOWEU__ligand1898-0
41,EYOWEU__ligand1919-0
42,EYOWEU__ligand2389-0
43,EYOWEU__ligand126-0
44,EYOWEU__ligand1712-0
45,EYOWEU__ligand2110-0
46,EYOWEU__ligand2916-0
47,EYOWEU__ligand3579-0
48,EYOWEU__ligand45-0
49,EYOWEU__ligand1379-0
50,EYOWEU__ligand119-0
51,EYOWEU__ligand6430-0
52,EYOWEU__ligand1299-0
53,EYOWEU__ligand1264-0
54,EYOWEU__ligand1221-0
55,EYOWEU__ligand2929-0
56,EYOWEU__ligand2376-0
57,EYOWEU__ligand85-0
58,EYOWEU__ligand78-0
59,EYOWEU__ligand124-0
60,EYOWEU__ligand4-0
61,EYOWEU__ligand1325-0
62,EYOWEU__ligand2482-0
63,EYOWEU__ligand100-0
64,EYOWEU__ligand6571-0
65,EYOWEU__ligand244-0
66,EYOWEU__ligand201-0
67,EYOWEU__ligand2442-0
68,EYOWEU__ligand1019-0
69,EYOWEU__ligand279-0
70,EYOWEU__ligand178-0
71,EYOWEU__ligand321-0
72,EYOWEU__ligand7414-0
73,EYOWEU__ligand5762-0
74,EYOWEU__ligand1104-0
75,EYOWEU__ligand633-0
76,EYOWEU__ligand5235-0
77,EYOWEU__ligand6143-0
78,EYOWEU__ligand918-0
79,EYOWEU__ligand532-0
80,EYOWEU__ligand4619-0
81,EYOWEU__ligand3251-0
82,EYOWEU__ligand497-0
83,EYOWEU__ligand838-0
84,EYOWEU__ligand9176-0
85,EYOWEU__ligand1493-0
86,EYOWEU__ligand2718-0
87,EYOWEU__ligand3035-0
88,EYOWEU__ligand3070-0
89,EYOWEU__ligand166-0
90,EYOWEU__ligand5758-0
91,EYOWEU__ligand3-0
92,EYOWEU__ligand436-0
93,EYOWEU__ligand3852-0
94,EYOWEU__ligand142-0
95,EYOWEU__ligand206-0
96,EYOWEU__ligand3478-0
97,EYOWEU__ligand1818-0
98,EYOWEU__ligand553-0
99,EYOWEU__ligand66-0
100,EYOWEU__ligand283-0
101,EYOWEU__ligand821-0
102,EYOWEU__ligand7456-0
103,EYOWEU__ligand326-0
104,EYOWEU__ligand21-0
105,EYOWEU__ligand3890-0
106,EYOWEU__ligand409-0
107,EYOWEU__ligand361-0
108,EYOWEU__ligand324-0
109,EYOWEU__ligand1907-0
110,EYOWEU__ligand4423-0
111,EYOWEU__ligand1555-0
112,EYOWEU__ligand1285-0
113,EYOWEU__ligand1-0
114,EYOWEU__ligand105-0
115,EYOWEU__ligand140-0
116,EYOWEU__ligand7630-0
117,EYOWEU__ligand38-0
118,EYOWEU__ligand927-0
119,EYOWEU__ligand7550-0
120,EYOWEU__ligand199-0
121,EYOWEU__ligand1038-0
122,EYOWEU__ligand575-0
123,EYOWEU__ligand40-0
124,EYOWEU__ligand2762-0
125,EYOWEU__ligand5093-0
126,EYOWEU__ligand2954-0
127,EYOWEU__ligand2253-0
128,EYOWEU__ligand1160-0
129,EYOWEU__ligand509-0
130,EYOWEU__ligand3196-0
131,EYOWEU__ligand4012-0
132,EYOWEU__ligand2915-0
133,EYOWEU__ligand10114-0
134,EYOWEU__ligand118-0
135,EYOWEU__ligand670-0
136,EYOWEU__ligand571-0
137,EYOWEU__ligand1690-0
138,EYOWEU__ligand365-0
139,EYOWEU__ligand278-0
140,EYOWEU__ligand2707-0
141,EYOWEU__ligand669-0
142,EYOWEU__ligand18-0
143,EYOWEU__ligand10479-0
144,EYOWEU__ligand2526-0
145,EYOWEU__ligand430-0
146,EYOWEU__ligand358-0
147,EYOWEU__ligand1551-0
148,EYOWEU__ligand14530-0
149,EYOWEU__ligand4370-0
150,EYOWEU__ligand3618-0
151,EYOWEU__ligand2618-0
152,EYOWEU__ligand62-0
153,EYOWEU__ligand1436-0
154,EYOWEU__ligand10910-0
155,EYOWEU__ligand2255-0
156,EYOWEU__ligand4175-0
157,EYOWEU__ligand162-0
158,EYOWEU__ligand86-0
159,EYOWEU__ligand226-0
160,EYOWEU__ligand1918-0
161,EYOWEU__ligand383-0
162,EYOWEU__ligand32-0
163,EYOWEU__ligand6277-0
164,EYOWEU__ligand193-0
165,EYOWEU__ligand1951-0
166,EYOWEU__ligand1687-0
167,EYOWEU__ligand830-0
168,EYOWEU__ligand2688-0
169,EYOWEU__ligand2259-0
170,EYOWEU__ligand252-0
171,EYOWEU__ligand955-0
172,EYOWEU__ligand1376-0
173,EYOWEU__ligand2768-0
174,EYOWEU__ligand934-0
175,EYOWEU__ligand177-0
176,EYOWEU__ligand1706-0
177,EYOWEU__ligand3734-0
178,EYOWEU__ligand909-0
179,EYOWEU__ligand2629-0
180,EYOWEU__ligand851-0
181,EYOWEU__ligand4381-0
182,EYOWEU__ligand51-0
183,EYOWEU__ligand1171-0
184,EYOWEU__ligand311-0
185,EYOWEU__ligand369-0
186,EYOWEU__ligand5801-0
187,EYOWEU__ligand444-0
188,EYOWEU__ligand91-0
189,EYOWEU__ligand188-0
190,EYOWEU__ligand3063-0
191,EYOWEU__ligand29-0
192,EYOWEU__ligand1438-0
193,EYOWEU__ligand460-0
194,EYOWEU__ligand1544-0
195,EYOWEU__ligand1459-0
196,EYOWEU__ligand48-0
197,EYOWEU__ligand250-0
198,EYOWEU__ligand2087-0
199,EYOWEU__ligand1048-0
200,EYOWEU__ligand3757-0
201,EYOWEU__ligand1685-0
202,EYOWEU__ligand370-0
203,EYOWEU__ligand916-0
204,EYOWEU__ligand584-0
205,EYOWEU__ligand1228-0
206,EYOWEU__ligand421-0
207,EYOWEU__ligand9244-0
208,EYOWEU__ligand798-0
209,EYOWEU__ligand1114-0
210,EYOWEU__ligand331-0
211,EYOWEU__ligand1538-0
212,EYOWEU__ligand294-0
213,EYOWEU__ligand34-0
214,EYOWEU__ligand993-0
215,EYOWEU__ligand3246-0
216,EYOWEU__ligand560-0
217,EYOWEU__ligand525-0
218,EYOWEU__ligand109-0
219,EYOWEU__ligand55-0
220,EYOWEU__ligand932-0
221,EYOWEU__ligand134-0
222,EYOWEU__ligand1479-0
223,EYOWEU__ligand235-0
224,EYOWEU__ligand95-0
225,EYOWEU__ligand1148-0
226,EYOWEU__ligand390-0
227,EYOWEU__ligand2098-0
228,EYOWEU__ligand6502-0
229,EYOWEU__ligand136-0
230,EYOWEU__ligand2863-0
231,EYOWEU__ligand3178-0
232,EYOWEU__ligand868-0
233,EYOWEU__ligand442-0
234,EYOWEU__ligand6332-0
235,EYOWEU__ligand783-0
236,EYOWEU__ligand352-0
237,EYOWEU__ligand3145-0
238,EYOWEU__ligand7915-0
239,EYOWEU__ligand5548-0
240,EYOWEU__ligand57-0
241,EYOWEU__ligand6686-0
242,EYOWEU__ligand1747-0
243,EYOWEU__ligand197-0
244,EYOWEU__ligand73-0
245,EYOWEU__ligand2751-0
246,EYOWEU__ligand296-0
247,EYOWEU__ligand112-0
248,EYOWEU__ligand3041-0
249,EYOWEU__ligand2634-0
250,EYOWEU__ligand1542-0
251,EYOWEU__ligand2864-0
252,EYOWEU__ligand784-0
253,EYOWEU__ligand355-0
254,EYOWEU__ligand8-0
255,EYOWEU__ligand2142-0
256,EYOWEU__ligand485-0
257,EYOWEU__ligand11730-0
258,EYOWEU__ligand9495-0
259,EYOWEU__ligand6151-0
260,EYOWEU__ligand2772-0
261,EYOWEU__ligand6538-0
262,EYOWEU__ligand89-0
263,EYOWEU__ligand5941-0
264,EYOWEU__ligand2880-0
265,EYOWEU__ligand291-0
266,EYOWEU__ligand2838-0
267,EYOWEU__ligand3838-0
268,EYOWEU__ligand1799-0
269,EYOWEU__ligand115-0
270,EYOWEU__ligand49-0
271,EYOWEU__ligand5022-0
272,EYOWEU__ligand1169-0
273,EYOWEU__ligand682-0
274,EYOWEU__ligand2345-0
275,EYOWEU__ligand2794-0
276,EYOWEU__ligand1835-0
277,EYOWEU__ligand4983-0
278,EYOWEU__ligand1502-0
279,EYOWEU__ligand1113-0
280,EYOWEU__ligand2265-0
281,EYOWEU__ligand6396-0
282,EYOWEU__ligand9027-0
283,EYOWEU__ligand1273-0
284,EYOWEU__ligand487-0
285,EYOWEU__ligand522-0
286,EYOWEU__ligand666-0
287,EYOWEU__ligand17-0
288,EYOWEU__ligand133-0
289,EYOWEU__ligand92-0
290,EYOWEU__ligand1052-0
291,EYOWEU__ligand447-0
292,EYOWEU__ligand1703-0
293,EYOWEU__ligand2430-0
294,EYOWEU__ligand353-0
295,EYOWEU__ligand2907-0
296,EYOWEU__ligand2285-0
297,EYOWEU__ligand1567-0
298,EYOWEU__ligand8921-0
299,EYOWEU__ligand2510-0
300,EYOWEU__ligand2320-0
301,EYOWEU__ligand236-0
302,EYOWEU__ligand1056-0
303,EYOWEU__ligand2862-0
304,EYOWEU__ligand422-0
305,EYOWEU__ligand1607-0
306,EYOWEU__ligand113-0
307,EYOWEU__ligand1727-0
308,EYOWEU__ligand502-0
309,EYOWEU__ligand196-0
310,EYOWEU__ligand1152-0
311,EYOWEU__ligand3637-0
312,EYOWEU__ligand210-0
313,EYOWEU__ligand8774-0
314,EYOWEU__ligand1598-0
315,EYOWEU__ligand1248-0
316,EYOWEU__ligand391-0
317,EYOWEU__ligand4303-0
318,EYOWEU__ligand170-0
319,EYOWEU__ligand6294-0
320,EYOWEU__ligand1054-0
321,EYOWEU__ligand11-0
322,EYOWEU__ligand481-0
323,EYOWEU__ligand7464-0
324,EYOWEU__ligand314-0
