,TMC
0,MAZTUF__ligand193-0
1,MAZTUF__ligand830-0
2,MAZTUF__ligand3637-0
3,MAZTUF__ligand8774-0
4,MAZTUF__ligand252-0
5,MAZTUF__ligand955-0
6,MAZTUF__ligand1248-0
7,MAZTUF__ligand4303-0
8,MAZTUF__ligand1598-0
9,MAZTUF__ligand934-0
10,MAZTUF__ligand177-0
11,MAZTUF__ligand1054-0
12,MAZTUF__ligand6294-0
13,MAZTUF__ligand45-0
14,MAZTUF__ligand78-0
15,MAZTUF__ligand909-0
16,MAZTUF__ligand85-0
17,MAZTUF__ligand851-0
18,MAZTUF__ligand7464-0
19,MAZTUF__ligand1703-0
20,MAZTUF__ligand2430-0
21,MAZTUF__ligand311-0
22,MAZTUF__ligand2907-0
23,MAZTUF__ligand2510-0
24,MAZTUF__ligand2285-0
25,MAZTUF__ligand444-0
26,MAZTUF__ligand1567-0
27,MAZTUF__ligand369-0
28,MAZTUF__ligand8921-0
29,MAZTUF__ligand188-0
30,MAZTUF__ligand2862-0
31,MAZTUF__ligand2320-0
32,MAZTUF__ligand1056-0
33,MAZTUF__ligand460-0
34,MAZTUF__ligand1607-0
35,MAZTUF__ligand250-0
36,MAZTUF__ligand1727-0
37,MAZTUF__ligand1152-0
38,MAZTUF__ligand370-0
39,MAZTUF__ligand4983-0
40,MAZTUF__ligand67-0
41,MAZTUF__ligand916-0
42,MAZTUF__ligand584-0
43,MAZTUF__ligand2345-0
44,MAZTUF__ligand2794-0
45,MAZTUF__ligand1835-0
46,MAZTUF__ligand798-0
47,MAZTUF__ligand421-0
48,MAZTUF__ligand1502-0
49,MAZTUF__ligand6396-0
50,MAZTUF__ligand331-0
51,MAZTUF__ligand1113-0
52,MAZTUF__ligand2265-0
53,MAZTUF__ligand294-0
54,MAZTUF__ligand9027-0
55,MAZTUF__ligand993-0
56,MAZTUF__ligand1273-0
57,MAZTUF__ligand560-0
58,MAZTUF__ligand525-0
59,MAZTUF__ligand109-0
60,MAZTUF__ligand932-0
61,MAZTUF__ligand134-0
62,MAZTUF__ligand1052-0
63,MAZTUF__ligand235-0
64,MAZTUF__ligand390-0
65,MAZTUF__ligand2864-0
66,MAZTUF__ligand136-0
67,MAZTUF__ligand868-0
68,MAZTUF__ligand442-0
69,MAZTUF__ligand2142-0
70,MAZTUF__ligand783-0
71,MAZTUF__ligand352-0
72,MAZTUF__ligand6538-0
73,MAZTUF__ligand9495-0
74,MAZTUF__ligand6151-0
75,MAZTUF__ligand2772-0
76,MAZTUF__ligand8-0
77,MAZTUF__ligand197-0
78,MAZTUF__ligand2838-0
79,MAZTUF__ligand3838-0
80,MAZTUF__ligand1799-0
81,MAZTUF__ligand5941-0
82,MAZTUF__ligand296-0
83,MAZTUF__ligand2880-0
84,MAZTUF__ligand112-0
85,MAZTUF__ligand5022-0
86,MAZTUF__ligand1169-0
87,MAZTUF__ligand2863-0
88,MAZTUF__ligand11730-0
89,MAZTUF__ligand2098-0
90,MAZTUF__ligand6502-0
91,MAZTUF__ligand6332-0
92,MAZTUF__ligand3178-0
93,MAZTUF__ligand3145-0
94,MAZTUF__ligand784-0
95,MAZTUF__ligand355-0
96,MAZTUF__ligand485-0
97,MAZTUF__ligand6686-0
98,MAZTUF__ligand1747-0
99,MAZTUF__ligand86-0
100,MAZTUF__ligand7915-0
101,MAZTUF__ligand5548-0
102,MAZTUF__ligand2751-0
103,MAZTUF__ligand291-0
104,MAZTUF__ligand115-0
105,MAZTUF__ligand3041-0
106,MAZTUF__ligand62-0
107,MAZTUF__ligand2634-0
108,MAZTUF__ligand1542-0
109,MAZTUF__ligand682-0
110,MAZTUF__ligand9244-0
111,MAZTUF__ligand1228-0
112,MAZTUF__ligand1538-0
113,MAZTUF__ligand1114-0
114,MAZTUF__ligand18-0
115,MAZTUF__ligand3246-0
116,MAZTUF__ligand487-0
117,MAZTUF__ligand522-0
118,MAZTUF__ligand666-0
119,MAZTUF__ligand133-0
120,MAZTUF__ligand1479-0
121,MAZTUF__ligand447-0
122,MAZTUF__ligand1148-0
123,MAZTUF__ligand38-0
124,MAZTUF__ligand353-0
125,MAZTUF__ligand1171-0
126,MAZTUF__ligand5801-0
127,MAZTUF__ligand236-0
128,MAZTUF__ligand3063-0
129,MAZTUF__ligand40-0
130,MAZTUF__ligand1438-0
131,MAZTUF__ligand422-0
132,MAZTUF__ligand1544-0
133,MAZTUF__ligand113-0
134,MAZTUF__ligand21-0
135,MAZTUF__ligand1459-0
136,MAZTUF__ligand3757-0
137,MAZTUF__ligand502-0
138,MAZTUF__ligand196-0
139,MAZTUF__ligand2087-0
140,MAZTUF__ligand1048-0
141,MAZTUF__ligand1685-0
142,MAZTUF__ligand6277-0
143,MAZTUF__ligand1687-0
144,MAZTUF__ligand1951-0
145,MAZTUF__ligand2688-0
146,MAZTUF__ligand2259-0
147,MAZTUF__ligand210-0
148,MAZTUF__ligand1376-0
149,MAZTUF__ligand66-0
150,MAZTUF__ligand2768-0
151,MAZTUF__ligand391-0
152,MAZTUF__ligand170-0
153,MAZTUF__ligand3734-0
154,MAZTUF__ligand1706-0
155,MAZTUF__ligand4381-0
156,MAZTUF__ligand481-0
157,MAZTUF__ligand2629-0
158,MAZTUF__ligand314-0
159,MAZTUF__ligand240-0
160,MAZTUF__ligand73-0
161,MAZTUF__ligand141-0
162,MAZTUF__ligand4370-0
163,MAZTUF__ligand3618-0
164,MAZTUF__ligand2618-0
165,MAZTUF__ligand1436-0
166,MAZTUF__ligand2255-0
167,MAZTUF__ligand4175-0
168,MAZTUF__ligand120-0
169,MAZTUF__ligand57-0
170,MAZTUF__ligand384-0
171,MAZTUF__ligand1918-0
172,MAZTUF__ligand55-0
173,MAZTUF__ligand3196-0
174,MAZTUF__ligand4012-0
175,MAZTUF__ligand757-0
176,MAZTUF__ligand2915-0
177,MAZTUF__ligand797-0
178,MAZTUF__ligand95-0
179,MAZTUF__ligand1690-0
180,MAZTUF__ligand2707-0
181,MAZTUF__ligand34-0
182,MAZTUF__ligand1551-0
183,MAZTUF__ligand2526-0
184,MAZTUF__ligand612-0
185,MAZTUF__ligand3890-0
186,MAZTUF__ligand15630-0
187,MAZTUF__ligand187-0
188,MAZTUF__ligand48-0
189,MAZTUF__ligand10357-0
190,MAZTUF__ligand366-0
191,MAZTUF__ligand4423-0
192,MAZTUF__ligand861-0
193,MAZTUF__ligand1907-0
194,MAZTUF__ligand1285-0
195,MAZTUF__ligand1555-0
196,MAZTUF__ligand7630-0
197,MAZTUF__ligand596-0
198,MAZTUF__ligand1-0
199,MAZTUF__ligand7550-0
200,MAZTUF__ligand126-0
201,MAZTUF__ligand51-0
202,MAZTUF__ligand2762-0
203,MAZTUF__ligand29-0
204,MAZTUF__ligand91-0
205,MAZTUF__ligand1038-0
206,MAZTUF__ligand2253-0
207,MAZTUF__ligand1160-0
208,MAZTUF__ligand5093-0
209,MAZTUF__ligand2954-0
210,MAZTUF__ligand4619-0
211,MAZTUF__ligand119-0
212,MAZTUF__ligand5235-0
213,MAZTUF__ligand6143-0
214,MAZTUF__ligand3251-0
215,MAZTUF__ligand3-0
216,MAZTUF__ligand9176-0
217,MAZTUF__ligand2718-0
218,MAZTUF__ligand3035-0
219,MAZTUF__ligand3070-0
220,MAZTUF__ligand1493-0
221,MAZTUF__ligand124-0
222,MAZTUF__ligand5758-0
223,MAZTUF__ligand100-0
224,MAZTUF__ligand3478-0
225,MAZTUF__ligand3852-0
226,MAZTUF__ligand244-0
227,MAZTUF__ligand201-0
228,MAZTUF__ligand32-0
229,MAZTUF__ligand279-0
230,MAZTUF__ligand1818-0
231,MAZTUF__ligand178-0
232,MAZTUF__ligand7456-0
233,MAZTUF__ligand321-0
234,MAZTUF__ligand918-0
235,MAZTUF__ligand633-0
236,MAZTUF__ligand1379-0
237,MAZTUF__ligand532-0
238,MAZTUF__ligand1264-0
239,MAZTUF__ligand1221-0
240,MAZTUF__ligand497-0
241,MAZTUF__ligand6430-0
242,MAZTUF__ligand1299-0
243,MAZTUF__ligand838-0
244,MAZTUF__ligand2929-0
245,MAZTUF__ligand4-0
246,MAZTUF__ligand11-0
247,MAZTUF__ligand2376-0
248,MAZTUF__ligand166-0
249,MAZTUF__ligand436-0
250,MAZTUF__ligand6571-0
251,MAZTUF__ligand142-0
252,MAZTUF__ligand1325-0
253,MAZTUF__ligand2482-0
254,MAZTUF__ligand206-0
255,MAZTUF__ligand553-0
256,MAZTUF__ligand2442-0
257,MAZTUF__ligand283-0
258,MAZTUF__ligand1019-0
259,MAZTUF__ligand821-0
260,MAZTUF__ligand7414-0
261,MAZTUF__ligand5762-0
262,MAZTUF__ligand1104-0
263,MAZTUF__ligand326-0
264,MAZTUF__ligand1858-0
265,MAZTUF__ligand8032-0
266,MAZTUF__ligand361-0
267,MAZTUF__ligand324-0
268,MAZTUF__ligand409-0
269,MAZTUF__ligand5334-0
270,MAZTUF__ligand3051-0
271,MAZTUF__ligand4504-0
272,MAZTUF__ligand2480-0
273,MAZTUF__ligand1898-0
274,MAZTUF__ligand105-0
275,MAZTUF__ligand140-0
276,MAZTUF__ligand2315-0
277,MAZTUF__ligand6-0
278,MAZTUF__ligand1919-0
279,MAZTUF__ligand927-0
280,MAZTUF__ligand199-0
281,MAZTUF__ligand2389-0
282,MAZTUF__ligand575-0
283,MAZTUF__ligand1712-0
284,MAZTUF__ligand3579-0
285,MAZTUF__ligand2110-0
286,MAZTUF__ligand2916-0
287,MAZTUF__ligand509-0
288,MAZTUF__ligand17-0
289,MAZTUF__ligand1307-0
290,MAZTUF__ligand10114-0
291,MAZTUF__ligand670-0
292,MAZTUF__ligand92-0
293,MAZTUF__ligand118-0
294,MAZTUF__ligand571-0
295,MAZTUF__ligand365-0
296,MAZTUF__ligand1246-0
297,MAZTUF__ligand278-0
298,MAZTUF__ligand10479-0
299,MAZTUF__ligand6166-0
300,MAZTUF__ligand669-0
301,MAZTUF__ligand3853-0
302,MAZTUF__ligand2853-0
303,MAZTUF__ligand5089-0
304,MAZTUF__ligand2599-0
305,MAZTUF__ligand358-0
306,MAZTUF__ligand430-0
307,MAZTUF__ligand1321-0
308,MAZTUF__ligand89-0
309,MAZTUF__ligand3566-0
310,MAZTUF__ligand1178-0
311,MAZTUF__ligand49-0
312,MAZTUF__ligand14530-0
313,MAZTUF__ligand1788-0
314,MAZTUF__ligand1260-0
315,MAZTUF__ligand4894-0
316,MAZTUF__ligand9620-0
317,MAZTUF__ligand3337-0
318,MAZTUF__ligand7514-0
319,MAZTUF__ligand162-0
320,MAZTUF__ligand226-0
321,MAZTUF__ligand10910-0
322,MAZTUF__ligand1449-1
323,MAZTUF__ligand4811-0
324,MAZTUF__ligand383-0
