,TMC
0,TEQGUR__ligand28789-0
1,TEQGUR__ligand366-0
2,TEQGUR__ligand4596-0
3,TEQGUR__ligand17118-0
4,TEQGUR__ligand21371-0
5,TEQGUR__ligand1498-0
6,TEQGUR__ligand20419-0
7,TEQGUR__ligand657-0
8,TEQGUR__ligand1154-0
9,TEQGUR__ligand30851-0
10,TEQGUR__ligand14889-0
11,TEQGUR__ligand9615-0
12,TEQGUR__ligand187-0
13,TEQGUR__ligand29568-0
14,TEQGUR__ligand31097-0
15,TEQGUR__ligand21581-0
16,TEQGUR__ligand8529-0
17,TEQGUR__ligand20251-0
18,TEQGUR__ligand20214-0
19,TEQGUR__ligand30702-0
20,TEQGUR__ligand20539-0
21,TEQGUR__ligand941-0
22,TEQGUR__ligand596-0
23,TEQGUR__ligand1169-0
24,TEQGUR__ligand777-0
25,TEQGUR__ligand38-0
26,TEQGUR__ligand17261-0
27,TEQGUR__ligand14117-0
28,TEQGUR__ligand126-0
29,TEQGUR__ligand163-0
30,TEQGUR__ligand14703-0
31,TEQGUR__ligand16475-0
32,TEQGUR__ligand2027-0
33,TEQGUR__ligand20251-1
34,TEQGUR__ligand1015-0
35,TEQGUR__ligand1050-0
36,TEQGUR__ligand1028-0
37,TEQGUR__ligand845-0
38,TEQGUR__ligand29414-0
39,TEQGUR__ligand17982-0
40,TEQGUR__ligand17278-0
41,TEQGUR__ligand20011-0
42,TEQGUR__ligand4262-0
43,TEQGUR__ligand10589-0
44,TEQGUR__ligand22557-0
45,TEQGUR__ligand24047-0
46,TEQGUR__ligand11675-0
47,TEQGUR__ligand20598-0
48,TEQGUR__ligand17398-0
49,TEQGUR__ligand2692-0
50,TEQGUR__ligand1618-0
51,TEQGUR__ligand13331-0
52,TEQGUR__ligand28884-0
53,TEQGUR__ligand3471-0
54,TEQGUR__ligand4161-0
55,TEQGUR__ligand4124-0
56,TEQGUR__ligand29879-0
57,TEQGUR__ligand14248-0
58,TEQGUR__ligand66-0
59,TEQGUR__ligand12030-0
60,TEQGUR__ligand13294-0
61,TEQGUR__ligand31832-0
62,TEQGUR__ligand5415-0
63,TEQGUR__ligand2650-0
64,TEQGUR__ligand2281-0
65,TEQGUR__ligand4340-0
66,TEQGUR__ligand25411-0
67,TEQGUR__ligand3180-0
68,TEQGUR__ligand11456-0
69,TEQGUR__ligand6995-0
70,TEQGUR__ligand10712-0
71,TEQGUR__ligand14174-0
72,TEQGUR__ligand2823-0
73,TEQGUR__ligand338-0
74,TEQGUR__ligand20682-0
75,TEQGUR__ligand201-0
76,TEQGUR__ligand9944-0
77,TEQGUR__ligand8593-0
78,TEQGUR__ligand2001-0
79,TEQGUR__ligand7566-0
80,TEQGUR__ligand13390-0
81,TEQGUR__ligand42-0
82,TEQGUR__ligand321-0
83,TEQGUR__ligand5201-0
84,TEQGUR__ligand279-0
85,TEQGUR__ligand13208-0
86,TEQGUR__ligand185-0
87,TEQGUR__ligand178-0
88,TEQGUR__ligand27482-0
89,TEQGUR__ligand1113-0
90,TEQGUR__ligand26810-0
91,TEQGUR__ligand8553-0
92,TEQGUR__ligand5280-0
93,TEQGUR__ligand19830-0
94,TEQGUR__ligand13068-0
95,TEQGUR__ligand5614-0
96,TEQGUR__ligand1831-0
97,TEQGUR__ligand10476-0
98,TEQGUR__ligand24145-0
99,TEQGUR__ligand5515-0
100,TEQGUR__ligand6663-0
101,TEQGUR__ligand15585-0
102,TEQGUR__ligand12401-0
103,TEQGUR__ligand12231-0
104,TEQGUR__ligand240-0
105,TEQGUR__ligand17387-0
106,TEQGUR__ligand12130-0
107,TEQGUR__ligand141-0
108,TEQGUR__ligand13658-0
109,TEQGUR__ligand26702-0
110,TEQGUR__ligand12289-0
111,TEQGUR__ligand18292-0
112,TEQGUR__ligand1152-0
113,TEQGUR__ligand3261-0
114,TEQGUR__ligand5019-0
115,TEQGUR__ligand17805-0
116,TEQGUR__ligand1216-0
117,TEQGUR__ligand17302-0
118,TEQGUR__ligand25178-0
119,TEQGUR__ligand23769-0
120,TEQGUR__ligand1849-0
121,TEQGUR__ligand24185-0
122,TEQGUR__ligand10958-0
123,TEQGUR__ligand3144-0
124,TEQGUR__ligand5085-0
125,TEQGUR__ligand12641-0
126,TEQGUR__ligand4710-0
127,TEQGUR__ligand5755-0
128,TEQGUR__ligand768-0
129,TEQGUR__ligand1397-0
130,TEQGUR__ligand7213-0
131,TEQGUR__ligand1828-0
132,TEQGUR__ligand6112-0
133,TEQGUR__ligand14108-0
134,TEQGUR__ligand8042-0
135,TEQGUR__ligand29302-0
136,TEQGUR__ligand13425-0
137,TEQGUR__ligand1786-0
138,TEQGUR__ligand384-0
139,TEQGUR__ligand19057-0
140,TEQGUR__ligand5630-0
141,TEQGUR__ligand18814-0
142,TEQGUR__ligand27763-0
143,TEQGUR__ligand10262-0
144,TEQGUR__ligand28676-0
145,TEQGUR__ligand1908-0
146,TEQGUR__ligand4795-0
147,TEQGUR__ligand3285-0
148,TEQGUR__ligand18-0
149,TEQGUR__ligand16628-0
150,TEQGUR__ligand6993-0
151,TEQGUR__ligand1817-0
152,TEQGUR__ligand1779-0
153,TEQGUR__ligand757-0
154,TEQGUR__ligand28468-0
155,TEQGUR__ligand20740-0
156,TEQGUR__ligand9750-0
157,TEQGUR__ligand12427-0
158,TEQGUR__ligand7075-0
159,TEQGUR__ligand27460-0
160,TEQGUR__ligand122-0
161,TEQGUR__ligand1149-0
162,TEQGUR__ligand3980-0
163,TEQGUR__ligand3557-0
164,TEQGUR__ligand12606-0
165,TEQGUR__ligand1288-0
166,TEQGUR__ligand30333-0
167,TEQGUR__ligand29410-0
168,TEQGUR__ligand9491-0
169,TEQGUR__ligand12337-0
170,TEQGUR__ligand4266-0
171,TEQGUR__ligand1400-0
172,TEQGUR__ligand26540-0
173,TEQGUR__ligand17281-0
174,TEQGUR__ligand4167-0
175,TEQGUR__ligand30296-0
176,TEQGUR__ligand1539-0
177,TEQGUR__ligand31783-0
178,TEQGUR__ligand1150-0
179,TEQGUR__ligand3453-0
180,TEQGUR__ligand3416-0
181,TEQGUR__ligand26665-0
182,TEQGUR__ligand13012-0
183,TEQGUR__ligand17631-0
184,TEQGUR__ligand17258-0
185,TEQGUR__ligand4207-0
186,TEQGUR__ligand14297-0
187,TEQGUR__ligand14603-0
188,TEQGUR__ligand30988-0
189,TEQGUR__ligand3042-0
190,TEQGUR__ligand23713-0
191,TEQGUR__ligand18832-0
192,TEQGUR__ligand27175-0
193,TEQGUR__ligand19641-0
194,TEQGUR__ligand4063-0
195,TEQGUR__ligand15422-0
196,TEQGUR__ligand20578-0
197,TEQGUR__ligand12934-0
198,TEQGUR__ligand7438-0
199,TEQGUR__ligand8200-0
200,TEQGUR__ligand27893-0
201,TEQGUR__ligand693-0
202,TEQGUR__ligand14723-0
203,TEQGUR__ligand30539-0
204,TEQGUR__ligand7293-0
205,TEQGUR__ligand2822-0
206,TEQGUR__ligand3867-0
207,TEQGUR__ligand1317-0
208,TEQGUR__ligand21132-0
209,TEQGUR__ligand5304-0
210,TEQGUR__ligand9167-0
211,TEQGUR__ligand11166-0
212,TEQGUR__ligand23906-0
213,TEQGUR__ligand2238-0
214,TEQGUR__ligand12295-0
215,TEQGUR__ligand670-0
216,TEQGUR__ligand27835-0
217,TEQGUR__ligand571-0
218,TEQGUR__ligand534-0
219,TEQGUR__ligand5080-0
220,TEQGUR__ligand7762-0
221,TEQGUR__ligand6117-0
222,TEQGUR__ligand1407-0
223,TEQGUR__ligand8002-0
224,TEQGUR__ligand5509-0
225,TEQGUR__ligand25575-0
226,TEQGUR__ligand21787-0
227,TEQGUR__ligand67-0
228,TEQGUR__ligand25689-0
229,TEQGUR__ligand3926-0
230,TEQGUR__ligand3120-0
231,TEQGUR__ligand13209-0
232,TEQGUR__ligand19257-0
233,TEQGUR__ligand4358-0
234,TEQGUR__ligand2221-0
235,TEQGUR__ligand12660-0
236,TEQGUR__ligand43-0
237,TEQGUR__ligand4101-0
238,TEQGUR__ligand5595-0
239,TEQGUR__ligand31248-0
240,TEQGUR__ligand25650-0
241,TEQGUR__ligand5510-0
242,TEQGUR__ligand1376-0
243,TEQGUR__ligand358-0
244,TEQGUR__ligand430-0
245,TEQGUR__ligand9773-0
246,TEQGUR__ligand488-0
247,TEQGUR__ligand11206-0
248,TEQGUR__ligand2259-0
249,TEQGUR__ligand23124-0
250,TEQGUR__ligand1296-0
251,TEQGUR__ligand694-0
252,TEQGUR__ligand8592-0
253,TEQGUR__ligand5099-0
254,TEQGUR__ligand12519-0
255,TEQGUR__ligand1197-0
256,TEQGUR__ligand25735-0
257,TEQGUR__ligand6699-0
258,TEQGUR__ligand29863-0
259,TEQGUR__ligand13869-0
260,TEQGUR__ligand18074-0
261,TEQGUR__ligand3677-0
262,TEQGUR__ligand3632-0
263,TEQGUR__ligand696-0
264,TEQGUR__ligand11140-0
265,TEQGUR__ligand1294-0
266,TEQGUR__ligand1168-0
267,TEQGUR__ligand29610-0
268,TEQGUR__ligand656-0
269,TEQGUR__ligand6892-0
270,TEQGUR__ligand28668-0
271,TEQGUR__ligand16791-0
272,TEQGUR__ligand1211-0
273,TEQGUR__ligand3712-0
274,TEQGUR__ligand1464-0
275,TEQGUR__ligand18465-0
276,TEQGUR__ligand18799-0
277,TEQGUR__ligand2881-0
278,TEQGUR__ligand1499-0
279,TEQGUR__ligand25805-0
280,TEQGUR__ligand22981-0
281,TEQGUR__ligand3945-0
282,TEQGUR__ligand20599-0
283,TEQGUR__ligand27074-0
284,TEQGUR__ligand2693-0
285,TEQGUR__ligand5383-0
286,TEQGUR__ligand14523-0
287,TEQGUR__ligand9344-0
288,TEQGUR__ligand27169-0
289,TEQGUR__ligand18391-0
290,TEQGUR__ligand8000-0
291,TEQGUR__ligand3736-0
292,TEQGUR__ligand7291-0
293,TEQGUR__ligand416-0
294,TEQGUR__ligand12467-0
295,TEQGUR__ligand25267-0
296,TEQGUR__ligand3677-1
297,TEQGUR__ligand10084-0
298,TEQGUR__ligand9883-0
299,TEQGUR__ligand383-0
300,TEQGUR__ligand162-0
301,TEQGUR__ligand23904-0
302,TEQGUR__ligand2985-0
303,TEQGUR__ligand4007-0
304,TEQGUR__ligand226-0
305,TEQGUR__ligand13257-0
306,TEQGUR__ligand21936-0
307,TEQGUR__ligand9299-0
308,TEQGUR__ligand12336-0
309,TEQGUR__ligand8-0
310,TEQGUR__ligand13072-0
311,TEQGUR__ligand24-0
312,TEQGUR__ligand497-0
313,TEQGUR__ligand5387-0
314,TEQGUR__ligand2203-0
315,TEQGUR__ligand1289-0
316,TEQGUR__ligand633-0
317,TEQGUR__ligand12682-0
318,TEQGUR__ligand18699-0
319,TEQGUR__ligand2612-0
320,TEQGUR__ligand1599-0
321,TEQGUR__ligand19-0
322,TEQGUR__ligand17590-0
323,TEQGUR__ligand9450-0
324,TEQGUR__ligand17240-0
325,TEQGUR__ligand11568-0
326,TEQGUR__ligand1604-0
327,TEQGUR__ligand17710-0
328,TEQGUR__ligand20579-0
329,TEQGUR__ligand692-0
330,TEQGUR__ligand1228-0
331,TEQGUR__ligand9943-0
332,TEQGUR__ligand436-0
333,TEQGUR__ligand11774-0
334,TEQGUR__ligand14586-0
335,TEQGUR__ligand2043-0
336,TEQGUR__ligand8788-0
337,TEQGUR__ligand78-0
338,TEQGUR__ligand21421-0
339,TEQGUR__ligand1832-0
340,TEQGUR__ligand19725-0
341,TEQGUR__ligand2417-0
342,TEQGUR__ligand45-0
343,TEQGUR__ligand24613-0
344,TEQGUR__ligand326-0
345,TEQGUR__ligand9284-0
346,TEQGUR__ligand6391-0
347,TEQGUR__ligand3126-0
348,TEQGUR__ligand10555-0
349,TEQGUR__ligand1114-0
350,TEQGUR__ligand31483-0
351,TEQGUR__ligand324-0
352,TEQGUR__ligand361-0
353,TEQGUR__ligand15168-0
354,TEQGUR__ligand409-0
355,TEQGUR__ligand7172-0
356,TEQGUR__ligand9323-0
357,TEQGUR__ligand7273-0
358,TEQGUR__ligand1116-0
359,TEQGUR__ligand1153-0
360,TEQGUR__ligand3225-0
361,TEQGUR__ligand2260-0
362,TEQGUR__ligand7092-0
363,TEQGUR__ligand23589-0
364,TEQGUR__ligand24064-0
365,TEQGUR__ligand2124-0
366,TEQGUR__ligand8612-0
367,TEQGUR__ligand6017-0
368,TEQGUR__ligand5708-0
369,TEQGUR__ligand7316-0
370,TEQGUR__ligand22755-0
371,TEQGUR__ligand10432-0
372,TEQGUR__ligand31618-0
373,TEQGUR__ligand11432-0
374,TEQGUR__ligand26277-0
375,TEQGUR__ligand29898-0
376,TEQGUR__ligand5180-0
377,TEQGUR__ligand4807-0
378,TEQGUR__ligand24750-0
379,TEQGUR__ligand199-0
380,TEQGUR__ligand3178-0
381,TEQGUR__ligand17207-0
382,TEQGUR__ligand9753-0
383,TEQGUR__ligand31578-0
384,TEQGUR__ligand5530-0
385,TEQGUR__ligand1787-0
386,TEQGUR__ligand1356-0
387,TEQGUR__ligand17945-0
388,TEQGUR__ligand5159-0
389,TEQGUR__ligand7196-0
390,TEQGUR__ligand25224-0
391,TEQGUR__ligand18013-0
392,TEQGUR__ligand18703-0
393,TEQGUR__ligand5649-0
394,TEQGUR__ligand2788-0
395,TEQGUR__ligand8793-0
396,TEQGUR__ligand4649-0
397,TEQGUR__ligand29087-0
398,TEQGUR__ligand300-0
399,TEQGUR__ligand2906-0
400,TEQGUR__ligand28924-0
401,TEQGUR__ligand15438-0
402,TEQGUR__ligand3244-0
403,TEQGUR__ligand4711-0
404,TEQGUR__ligand588-0
405,TEQGUR__ligand18067-0
406,TEQGUR__ligand19824-0
407,TEQGUR__ligand3852-0
408,TEQGUR__ligand2485-0
409,TEQGUR__ligand6919-0
410,TEQGUR__ligand421-0
411,TEQGUR__ligand13260-0
412,TEQGUR__ligand10582-0
413,TEQGUR__ligand685-0
414,TEQGUR__ligand1512-0
415,TEQGUR__ligand5331-0
416,TEQGUR__ligand11252-0
417,TEQGUR__ligand3565-0
418,TEQGUR__ligand31000-0
419,TEQGUR__ligand4720-0
420,TEQGUR__ligand294-0
421,TEQGUR__ligand8969-0
422,TEQGUR__ligand3131-0
423,TEQGUR__ligand1202-0
424,TEQGUR__ligand3937-0
425,TEQGUR__ligand3174-0
426,TEQGUR__ligand6839-0
427,TEQGUR__ligand11606-0
428,TEQGUR__ligand5211-0
429,TEQGUR__ligand20821-0
430,TEQGUR__ligand17-0
431,TEQGUR__ligand26673-0
432,TEQGUR__ligand4155-0
433,TEQGUR__ligand3094-0
434,TEQGUR__ligand560-0
435,TEQGUR__ligand11622-0
436,TEQGUR__ligand9908-0
437,TEQGUR__ligand1263-0
438,TEQGUR__ligand16870-0
439,TEQGUR__ligand7242-0
440,TEQGUR__ligand16603-0
441,TEQGUR__ligand7106-0
442,TEQGUR__ligand11814-0
443,TEQGUR__ligand3718-0
444,TEQGUR__ligand25658-0
445,TEQGUR__ligand17686-0
446,TEQGUR__ligand6616-0
447,TEQGUR__ligand3035-0
448,TEQGUR__ligand3876-0
449,TEQGUR__ligand1343-0
450,TEQGUR__ligand31205-0
451,TEQGUR__ligand4661-0
452,TEQGUR__ligand1844-0
453,TEQGUR__ligand3504-0
454,TEQGUR__ligand134-0
455,TEQGUR__ligand1959-0
456,TEQGUR__ligand15455-0
457,TEQGUR__ligand1573-0
458,TEQGUR__ligand1536-0
459,TEQGUR__ligand11177-0
460,TEQGUR__ligand235-0
461,TEQGUR__ligand9935-0
462,TEQGUR__ligand868-0
463,TEQGUR__ligand49-0
464,TEQGUR__ligand16952-0
465,TEQGUR__ligand29813-0
466,TEQGUR__ligand7238-0
467,TEQGUR__ligand1304-0
468,TEQGUR__ligand1790-0
469,TEQGUR__ligand7280-0
470,TEQGUR__ligand6709-0
471,TEQGUR__ligand1219-0
472,TEQGUR__ligand15387-0
473,TEQGUR__ligand20121-0
474,TEQGUR__ligand7867-0
475,TEQGUR__ligand4016-0
476,TEQGUR__ligand20220-0
477,TEQGUR__ligand8699-0
478,TEQGUR__ligand11698-0
479,TEQGUR__ligand1160-0
480,TEQGUR__ligand20530-0
481,TEQGUR__ligand9520-0
482,TEQGUR__ligand14302-0
483,TEQGUR__ligand14347-0
484,TEQGUR__ligand13657-0
485,TEQGUR__ligand24851-0
486,TEQGUR__ligand3954-0
487,TEQGUR__ligand4093-0
488,TEQGUR__ligand4442-0
489,TEQGUR__ligand10853-0
490,TEQGUR__ligand352-0
491,TEQGUR__ligand783-0
492,TEQGUR__ligand29441-0
493,TEQGUR__ligand7629-0
494,TEQGUR__ligand89-0
495,TEQGUR__ligand4272-0
496,TEQGUR__ligand1451-0
497,TEQGUR__ligand9784-0
498,TEQGUR__ligand11479-0
499,TEQGUR__ligand10479-0
500,TEQGUR__ligand27610-0
501,TEQGUR__ligand9291-0
502,TEQGUR__ligand197-0
503,TEQGUR__ligand2176-0
504,TEQGUR__ligand19668-0
505,TEQGUR__ligand2232-0
506,TEQGUR__ligand19906-0
507,TEQGUR__ligand4157-0
508,TEQGUR__ligand5256-0
509,TEQGUR__ligand22353-0
510,TEQGUR__ligand9833-0
511,TEQGUR__ligand7648-0
512,TEQGUR__ligand8876-0
513,TEQGUR__ligand2828-0
514,TEQGUR__ligand4-0
515,TEQGUR__ligand4546-0
516,TEQGUR__ligand4503-0
517,TEQGUR__ligand1285-0
518,TEQGUR__ligand1982-0
519,TEQGUR__ligand7000-0
520,TEQGUR__ligand8115-0
521,TEQGUR__ligand10151-0
522,TEQGUR__ligand6768-0
523,TEQGUR__ligand7967-0
524,TEQGUR__ligand11758-0
525,TEQGUR__ligand6124-0
526,TEQGUR__ligand22357-0
527,TEQGUR__ligand3707-0
528,TEQGUR__ligand372-0
529,TEQGUR__ligand4116-0
530,TEQGUR__ligand830-0
531,TEQGUR__ligand1018-0
532,TEQGUR__ligand21448-0
533,TEQGUR__ligand11-0
534,TEQGUR__ligand11544-0
535,TEQGUR__ligand8992-0
536,TEQGUR__ligand11501-0
537,TEQGUR__ligand9601-0
538,TEQGUR__ligand193-0
539,TEQGUR__ligand29214-0
540,TEQGUR__ligand17445-0
541,TEQGUR__ligand9111-0
542,TEQGUR__ligand9952-0
543,TEQGUR__ligand252-0
544,TEQGUR__ligand17069-0
545,TEQGUR__ligand1615-0
546,TEQGUR__ligand5036-0
547,TEQGUR__ligand2526-0
548,TEQGUR__ligand14477-0
549,TEQGUR__ligand116-0
550,TEQGUR__ligand1823-0
551,TEQGUR__ligand11798-0
552,TEQGUR__ligand69-0
553,TEQGUR__ligand5643-0
554,TEQGUR__ligand29334-0
555,TEQGUR__ligand8721-0
556,TEQGUR__ligand12413-0
557,TEQGUR__ligand1324-0
558,TEQGUR__ligand20731-0
559,TEQGUR__ligand18158-0
560,TEQGUR__ligand177-0
561,TEQGUR__ligand27771-0
562,TEQGUR__ligand1631-0
563,TEQGUR__ligand29565-0
564,TEQGUR__ligand9933-0
565,TEQGUR__ligand1575-0
566,TEQGUR__ligand1530-0
567,TEQGUR__ligand23682-0
568,TEQGUR__ligand2332-0
569,TEQGUR__ligand16956-0
570,TEQGUR__ligand21339-0
571,TEQGUR__ligand14226-0
572,TEQGUR__ligand9441-0
573,TEQGUR__ligand20942-1
574,TEQGUR__ligand6244-0
575,TEQGUR__ligand1378-0
576,TEQGUR__ligand27550-0
577,TEQGUR__ligand2915-0
578,TEQGUR__ligand18019-1
579,TEQGUR__ligand3156-0
580,TEQGUR__ligand14007-0
581,TEQGUR__ligand909-0
582,TEQGUR__ligand24624-0
583,TEQGUR__ligand20844-0
584,TEQGUR__ligand6102-0
585,TEQGUR__ligand6596-0
586,TEQGUR__ligand18413-0
587,TEQGUR__ligand6904-0
588,TEQGUR__ligand479-0
589,TEQGUR__ligand3721-0
590,TEQGUR__ligand785-0
591,TEQGUR__ligand311-0
592,TEQGUR__ligand24560-0
593,TEQGUR__ligand3465-0
594,TEQGUR__ligand18757-0
595,TEQGUR__ligand620-0
596,TEQGUR__ligand370-1
597,TEQGUR__ligand564-0
598,TEQGUR__ligand7819-0
599,TEQGUR__ligand2917-0
600,TEQGUR__ligand188-0
601,TEQGUR__ligand6067-0
602,TEQGUR__ligand1577-0
603,TEQGUR__ligand2295-0
604,TEQGUR__ligand13691-0
605,TEQGUR__ligand30788-0
606,TEQGUR__ligand14339-0
607,TEQGUR__ligand4620-0
608,TEQGUR__ligand21752-0
609,TEQGUR__ligand25048-0
610,TEQGUR__ligand250-0
611,TEQGUR__ligand21940-0
612,TEQGUR__ligand23445-0
613,TEQGUR__ligand24953-0
614,TEQGUR__ligand20432-0
615,TEQGUR__ligand4641-0
616,TEQGUR__ligand27122-0
617,TEQGUR__ligand16133-0
618,TEQGUR__ligand13755-0
619,TEQGUR__ligand370-0
620,TEQGUR__ligand8835-0
621,TEQGUR__ligand2028-0
622,TEQGUR__ligand7126-0
623,TEQGUR__ligand3234-0
624,TEQGUR__ligand20557-0
625,TEQGUR__ligand1142-0
626,TEQGUR__ligand30004-0
627,TEQGUR__ligand353-0
628,TEQGUR__ligand1415-0
629,TEQGUR__ligand6946-0
630,TEQGUR__ligand7529-0
631,TEQGUR__ligand29029-0
632,TEQGUR__ligand27285-0
633,TEQGUR__ligand23197-0
634,TEQGUR__ligand9148-0
635,TEQGUR__ligand5316-0
636,TEQGUR__ligand5483-0
637,TEQGUR__ligand30142-0
638,TEQGUR__ligand5627-0
639,TEQGUR__ligand48-0
640,TEQGUR__ligand1729-0
641,TEQGUR__ligand393-0
642,TEQGUR__ligand27669-0
643,TEQGUR__ligand2830-0
644,TEQGUR__ligand13477-0
645,TEQGUR__ligand14167-0
646,TEQGUR__ligand9681-0
647,TEQGUR__ligand4332-0
648,TEQGUR__ligand19184-0
649,TEQGUR__ligand686-0
650,TEQGUR__ligand91-0
651,TEQGUR__ligand422-0
652,TEQGUR__ligand18448-0
653,TEQGUR__ligand1449-0
654,TEQGUR__ligand12453-0
655,TEQGUR__ligand28459-0
656,TEQGUR__ligand3012-0
657,TEQGUR__ligand1065-0
658,TEQGUR__ligand7530-0
659,TEQGUR__ligand2403-0
660,TEQGUR__ligand10371-0
661,TEQGUR__ligand51-0
662,TEQGUR__ligand28685-0
663,TEQGUR__ligand196-0
664,TEQGUR__ligand18568-0
665,TEQGUR__ligand3934-0
666,TEQGUR__ligand13672-0
667,TEQGUR__ligand6882-0
668,TEQGUR__ligand6455-0
669,TEQGUR__ligand2068-0
670,TEQGUR__ligand14614-0
671,TEQGUR__ligand7925-0
672,TEQGUR__ligand16663-0
673,TEQGUR__ligand16-0
674,TEQGUR__ligand31842-0
675,TEQGUR__ligand31044-0
676,TEQGUR__ligand314-1
677,TEQGUR__ligand1147-0
678,TEQGUR__ligand11994-0
679,TEQGUR__ligand24035-0
680,TEQGUR__ligand3973-0
681,TEQGUR__ligand2599-0
682,TEQGUR__ligand4330-0
683,TEQGUR__ligand11682-0
684,TEQGUR__ligand20207-0
685,TEQGUR__ligand30711-0
686,TEQGUR__ligand7532-0
687,TEQGUR__ligand4194-0
688,TEQGUR__ligand25913-0
689,TEQGUR__ligand16988-0
690,TEQGUR__ligand465-0
691,TEQGUR__ligand618-0
692,TEQGUR__ligand4813-0
693,TEQGUR__ligand5813-0
694,TEQGUR__ligand4738-0
695,TEQGUR__ligand15883-0
696,TEQGUR__ligand6062-0
697,TEQGUR__ligand11970-0
698,TEQGUR__ligand15926-0
699,TEQGUR__ligand6283-0
700,TEQGUR__ligand10828-0
701,TEQGUR__ligand19792-0
702,TEQGUR__ligand11447-0
703,TEQGUR__ligand11096-0
704,TEQGUR__ligand391-0
705,TEQGUR__ligand28810-0
706,TEQGUR__ligand24230-0
707,TEQGUR__ligand15531-0
708,TEQGUR__ligand28743-0
709,TEQGUR__ligand813-0
710,TEQGUR__ligand13862-0
711,TEQGUR__ligand11357-0
712,TEQGUR__ligand32-0
713,TEQGUR__ligand7107-0
714,TEQGUR__ligand314-0
715,TEQGUR__ligand10056-0
716,TEQGUR__ligand12365-0
717,TEQGUR__ligand780-0
718,TEQGUR__ligand21919-0
719,TEQGUR__ligand28930-0
720,TEQGUR__ligand22168-0
721,TEQGUR__ligand22294-0
722,TEQGUR__ligand3215-0
723,TEQGUR__ligand29486-0
724,TEQGUR__ligand395-0
725,TEQGUR__ligand1496-0
726,TEQGUR__ligand7557-0
727,TEQGUR__ligand368-0
728,TEQGUR__ligand31694-0
729,TEQGUR__ligand1533-0
730,TEQGUR__ligand17427-0
731,TEQGUR__ligand22129-0
732,TEQGUR__ligand24780-0
733,TEQGUR__ligand12138-0
734,TEQGUR__ligand5094-0
735,TEQGUR__ligand11949-0
736,TEQGUR__ligand5892-0
737,TEQGUR__ligand784-0
738,TEQGUR__ligand4131-0
739,TEQGUR__ligand1712-0
740,TEQGUR__ligand25561-0
741,TEQGUR__ligand24872-0
742,TEQGUR__ligand27840-0
743,TEQGUR__ligand1900-0
744,TEQGUR__ligand9197-0
745,TEQGUR__ligand30728-0
746,TEQGUR__ligand12001-0
747,TEQGUR__ligand833-0
748,TEQGUR__ligand57-0
749,TEQGUR__ligand2328-0
750,TEQGUR__ligand1773-0
751,TEQGUR__ligand4581-0
752,TEQGUR__ligand10033-0
753,TEQGUR__ligand3029-0
754,TEQGUR__ligand7162-0
755,TEQGUR__ligand24644-0
756,TEQGUR__ligand9809-0
757,TEQGUR__ligand6672-0
758,TEQGUR__ligand1327-0
759,TEQGUR__ligand22444-0
760,TEQGUR__ligand24111-0
761,TEQGUR__ligand8722-0
762,TEQGUR__ligand3-0
763,TEQGUR__ligand3350-0
764,TEQGUR__ligand14569-0
765,TEQGUR__ligand7573-0
766,TEQGUR__ligand2781-0
767,TEQGUR__ligand13385-0
768,TEQGUR__ligand2208-0
769,TEQGUR__ligand3208-0
770,TEQGUR__ligand17396-0
771,TEQGUR__ligand115-0
772,TEQGUR__ligand15788-0
773,TEQGUR__ligand23175-0
774,TEQGUR__ligand11587-0
775,TEQGUR__ligand13220-0
776,TEQGUR__ligand8464-0
777,TEQGUR__ligand1709-0
778,TEQGUR__ligand8349-0
779,TEQGUR__ligand68-0
780,TEQGUR__ligand1-0
781,TEQGUR__ligand22403-0
782,TEQGUR__ligand16369-0
783,TEQGUR__ligand11111-0
784,TEQGUR__ligand28540-0
785,TEQGUR__ligand27754-0
786,TEQGUR__ligand20695-0
787,TEQGUR__ligand2527-0
788,TEQGUR__ligand152-0
789,TEQGUR__ligand5849-0
790,TEQGUR__ligand506-0
791,TEQGUR__ligand29215-0
792,TEQGUR__ligand3392-0
793,TEQGUR__ligand10872-0
794,TEQGUR__ligand21399-0
795,TEQGUR__ligand16148-0
796,TEQGUR__ligand26631-0
797,TEQGUR__ligand1771-0
798,TEQGUR__ligand4911-0
799,TEQGUR__ligand12003-0
800,TEQGUR__ligand55-0
801,TEQGUR__ligand26324-0
802,TEQGUR__ligand3157-0
803,TEQGUR__ligand28559-0
804,TEQGUR__ligand14043-0
805,TEQGUR__ligand19927-0
806,TEQGUR__ligand1165-0
807,TEQGUR__ligand9525-0
808,TEQGUR__ligand487-0
809,TEQGUR__ligand34-0
810,TEQGUR__ligand5935-0
811,TEQGUR__ligand27239-0
812,TEQGUR__ligand1379-0
813,TEQGUR__ligand21729-0
814,TEQGUR__ligand2722-0
815,TEQGUR__ligand3871-0
816,TEQGUR__ligand26529-0
817,TEQGUR__ligand1469-0
818,TEQGUR__ligand447-0
819,TEQGUR__ligand746-0
820,TEQGUR__ligand1768-0
821,TEQGUR__ligand176-0
822,TEQGUR__ligand4850-0
823,TEQGUR__ligand5056-0
824,TEQGUR__ligand1688-0
825,TEQGUR__ligand3647-0
826,TEQGUR__ligand5357-0
827,TEQGUR__ligand11618-0
