,TMC
0,BIXRAE__ligand4370-0
1,BIXRAE__ligand422-0
2,BIXRAE__ligand62-0
3,BIXRAE__ligand113-0
4,BIXRAE__ligand1436-0
5,BIXRAE__ligand502-0
6,BIXRAE__ligand196-0
7,BIXRAE__ligand3618-0
8,BIXRAE__ligand2618-0
9,BIXRAE__ligand4175-0
10,BIXRAE__ligand86-0
11,BIXRAE__ligand353-0
12,BIXRAE__ligand2255-0
13,BIXRAE__ligand1918-0
14,BIXRAE__ligand236-0
15,BIXRAE__ligand391-0
16,BIXRAE__ligand4012-0
17,BIXRAE__ligand3196-0
18,BIXRAE__ligand170-0
19,BIXRAE__ligand314-0
20,BIXRAE__ligand481-0
21,BIXRAE__ligand2915-0
22,BIXRAE__ligand18-0
23,BIXRAE__ligand2707-0
24,BIXRAE__ligand1690-0
25,BIXRAE__ligand2526-0
26,BIXRAE__ligand1551-0
27,BIXRAE__ligand210-0
28,BIXRAE__ligand1907-0
29,BIXRAE__ligand4423-0
30,BIXRAE__ligand291-0
31,BIXRAE__ligand4-0
32,BIXRAE__ligand3890-0
33,BIXRAE__ligand21-0
34,BIXRAE__ligand7630-0
35,BIXRAE__ligand115-0
36,BIXRAE__ligand1555-0
37,BIXRAE__ligand1285-0
38,BIXRAE__ligand10357-0
39,BIXRAE__ligand40-0
40,BIXRAE__ligand7550-0
41,BIXRAE__ligand15630-0
42,BIXRAE__ligand2954-0
43,BIXRAE__ligand485-0
44,BIXRAE__ligand5093-0
45,BIXRAE__ligand355-0
46,BIXRAE__ligand784-0
47,BIXRAE__ligand2253-0
48,BIXRAE__ligand1160-0
49,BIXRAE__ligand1038-0
50,BIXRAE__ligand38-0
51,BIXRAE__ligand2762-0
52,BIXRAE__ligand3251-0
53,BIXRAE__ligand487-0
54,BIXRAE__ligand5235-0
55,BIXRAE__ligand666-0
56,BIXRAE__ligand6143-0
57,BIXRAE__ligand522-0
58,BIXRAE__ligand4619-0
59,BIXRAE__ligand1493-0
60,BIXRAE__ligand2718-0
61,BIXRAE__ligand3070-0
62,BIXRAE__ligand3035-0
63,BIXRAE__ligand133-0
64,BIXRAE__ligand9176-0
65,BIXRAE__ligand447-0
66,BIXRAE__ligand3852-0
67,BIXRAE__ligand66-0
68,BIXRAE__ligand682-0
69,BIXRAE__ligand3478-0
70,BIXRAE__ligand5758-0
71,BIXRAE__ligand7456-0
72,BIXRAE__ligand1818-0
73,BIXRAE__ligand6-0
74,BIXRAE__ligand6430-0
75,BIXRAE__ligand1299-0
76,BIXRAE__ligand1221-0
77,BIXRAE__ligand1264-0
78,BIXRAE__ligand1379-0
79,BIXRAE__ligand109-0
80,BIXRAE__ligand85-0
81,BIXRAE__ligand78-0
82,BIXRAE__ligand560-0
83,BIXRAE__ligand525-0
84,BIXRAE__ligand45-0
85,BIXRAE__ligand235-0
86,BIXRAE__ligand2376-0
87,BIXRAE__ligand932-0
88,BIXRAE__ligand134-0
89,BIXRAE__ligand2929-0
90,BIXRAE__ligand390-0
91,BIXRAE__ligand1325-0
92,BIXRAE__ligand584-0
93,BIXRAE__ligand916-0
94,BIXRAE__ligand2482-0
95,BIXRAE__ligand6571-0
96,BIXRAE__ligand421-0
97,BIXRAE__ligand798-0
98,BIXRAE__ligand331-0
99,BIXRAE__ligand5762-0
100,BIXRAE__ligand7414-0
101,BIXRAE__ligand1104-0
102,BIXRAE__ligand2442-0
103,BIXRAE__ligand993-0
104,BIXRAE__ligand1019-0
105,BIXRAE__ligand294-0
106,BIXRAE__ligand1-0
107,BIXRAE__ligand8032-0
108,BIXRAE__ligand3-0
109,BIXRAE__ligand296-0
110,BIXRAE__ligand1858-0
111,BIXRAE__ligand197-0
112,BIXRAE__ligand2315-0
113,BIXRAE__ligand4504-0
114,BIXRAE__ligand3051-0
115,BIXRAE__ligand2480-0
116,BIXRAE__ligand112-0
117,BIXRAE__ligand1898-0
118,BIXRAE__ligand5334-0
119,BIXRAE__ligand2389-0
120,BIXRAE__ligand136-0
121,BIXRAE__ligand442-0
122,BIXRAE__ligand1919-0
123,BIXRAE__ligand868-0
124,BIXRAE__ligand2916-0
125,BIXRAE__ligand2110-0
126,BIXRAE__ligand3579-0
127,BIXRAE__ligand352-0
128,BIXRAE__ligand783-0
129,BIXRAE__ligand1712-0
130,BIXRAE__ligand1307-0
131,BIXRAE__ligand934-0
132,BIXRAE__ligand177-0
133,BIXRAE__ligand10479-0
134,BIXRAE__ligand909-0
135,BIXRAE__ligand851-0
136,BIXRAE__ligand193-0
137,BIXRAE__ligand6166-0
138,BIXRAE__ligand830-0
139,BIXRAE__ligand1246-0
140,BIXRAE__ligand10114-0
141,BIXRAE__ligand2599-0
142,BIXRAE__ligand5089-0
143,BIXRAE__ligand3853-0
144,BIXRAE__ligand2853-0
145,BIXRAE__ligand955-0
146,BIXRAE__ligand252-0
147,BIXRAE__ligand67-0
148,BIXRAE__ligand3566-0
149,BIXRAE__ligand460-0
150,BIXRAE__ligand1178-0
151,BIXRAE__ligand250-0
152,BIXRAE__ligand1321-0
153,BIXRAE__ligand1788-0
154,BIXRAE__ligand10910-0
155,BIXRAE__ligand370-0
156,BIXRAE__ligand4894-0
157,BIXRAE__ligand1260-0
158,BIXRAE__ligand9620-0
159,BIXRAE__ligand311-0
160,BIXRAE__ligand369-0
161,BIXRAE__ligand4811-0
162,BIXRAE__ligand1449-1
163,BIXRAE__ligand444-0
164,BIXRAE__ligand14530-0
165,BIXRAE__ligand3337-0
166,BIXRAE__ligand7514-0
167,BIXRAE__ligand188-0
168,BIXRAE__ligand365-0
169,BIXRAE__ligand278-0
170,BIXRAE__ligand669-0
171,BIXRAE__ligand8774-0
172,BIXRAE__ligand3637-0
173,BIXRAE__ligand430-0
174,BIXRAE__ligand358-0
175,BIXRAE__ligand6294-0
176,BIXRAE__ligand11-0
177,BIXRAE__ligand1054-0
178,BIXRAE__ligand509-0
179,BIXRAE__ligand1598-0
180,BIXRAE__ligand1248-0
181,BIXRAE__ligand4303-0
182,BIXRAE__ligand7464-0
183,BIXRAE__ligand571-0
184,BIXRAE__ligand118-0
185,BIXRAE__ligand670-0
186,BIXRAE__ligand2907-0
187,BIXRAE__ligand1703-0
188,BIXRAE__ligand2430-0
189,BIXRAE__ligand226-0
190,BIXRAE__ligand2320-0
191,BIXRAE__ligand1056-0
192,BIXRAE__ligand2862-0
193,BIXRAE__ligand162-0
194,BIXRAE__ligand383-0
195,BIXRAE__ligand2285-0
196,BIXRAE__ligand1567-0
197,BIXRAE__ligand8921-0
198,BIXRAE__ligand2510-0
199,BIXRAE__ligand1607-0
200,BIXRAE__ligand1152-0
201,BIXRAE__ligand1727-0
202,BIXRAE__ligand1502-0
203,BIXRAE__ligand436-0
204,BIXRAE__ligand2794-0
205,BIXRAE__ligand206-0
206,BIXRAE__ligand2345-0
207,BIXRAE__ligand1835-0
208,BIXRAE__ligand142-0
209,BIXRAE__ligand4983-0
210,BIXRAE__ligand9027-0
211,BIXRAE__ligand283-0
212,BIXRAE__ligand553-0
213,BIXRAE__ligand1113-0
214,BIXRAE__ligand326-0
215,BIXRAE__ligand2265-0
216,BIXRAE__ligand6396-0
217,BIXRAE__ligand821-0
218,BIXRAE__ligand532-0
219,BIXRAE__ligand633-0
220,BIXRAE__ligand92-0
221,BIXRAE__ligand918-0
222,BIXRAE__ligand1273-0
223,BIXRAE__ligand497-0
224,BIXRAE__ligand838-0
225,BIXRAE__ligand166-0
226,BIXRAE__ligand17-0
227,BIXRAE__ligand1052-0
228,BIXRAE__ligand199-0
229,BIXRAE__ligand2864-0
230,BIXRAE__ligand927-0
231,BIXRAE__ligand9495-0
232,BIXRAE__ligand6151-0
233,BIXRAE__ligand2772-0
234,BIXRAE__ligand6538-0
235,BIXRAE__ligand575-0
236,BIXRAE__ligand2142-0
237,BIXRAE__ligand2880-0
238,BIXRAE__ligand5941-0
239,BIXRAE__ligand49-0
240,BIXRAE__ligand2838-0
241,BIXRAE__ligand1799-0
242,BIXRAE__ligand3838-0
243,BIXRAE__ligand409-0
244,BIXRAE__ligand361-0
245,BIXRAE__ligand324-0
246,BIXRAE__ligand5022-0
247,BIXRAE__ligand1169-0
248,BIXRAE__ligand89-0
249,BIXRAE__ligand105-0
250,BIXRAE__ligand140-0
251,BIXRAE__ligand3178-0
252,BIXRAE__ligand6332-0
253,BIXRAE__ligand2098-0
254,BIXRAE__ligand57-0
255,BIXRAE__ligand6502-0
256,BIXRAE__ligand2863-0
257,BIXRAE__ligand126-0
258,BIXRAE__ligand7915-0
259,BIXRAE__ligand5548-0
260,BIXRAE__ligand1747-0
261,BIXRAE__ligand6686-0
262,BIXRAE__ligand3145-0
263,BIXRAE__ligand11730-0
264,BIXRAE__ligand187-0
265,BIXRAE__ligand2751-0
266,BIXRAE__ligand612-0
267,BIXRAE__ligand861-0
268,BIXRAE__ligand366-0
269,BIXRAE__ligand2634-0
270,BIXRAE__ligand1542-0
271,BIXRAE__ligand596-0
272,BIXRAE__ligand3041-0
273,BIXRAE__ligand73-0
274,BIXRAE__ligand1228-0
275,BIXRAE__ligand9244-0
276,BIXRAE__ligand244-0
277,BIXRAE__ligand201-0
278,BIXRAE__ligand34-0
279,BIXRAE__ligand100-0
280,BIXRAE__ligand178-0
281,BIXRAE__ligand279-0
282,BIXRAE__ligand1114-0
283,BIXRAE__ligand321-0
284,BIXRAE__ligand1538-0
285,BIXRAE__ligand119-0
286,BIXRAE__ligand95-0
287,BIXRAE__ligand3246-0
288,BIXRAE__ligand1148-0
289,BIXRAE__ligand8-0
290,BIXRAE__ligand124-0
291,BIXRAE__ligand1479-0
292,BIXRAE__ligand55-0
293,BIXRAE__ligand1171-0
294,BIXRAE__ligand91-0
295,BIXRAE__ligand29-0
296,BIXRAE__ligand51-0
297,BIXRAE__ligand120-0
298,BIXRAE__ligand3063-0
299,BIXRAE__ligand1438-0
300,BIXRAE__ligand384-0
301,BIXRAE__ligand5801-0
302,BIXRAE__ligand1459-0
303,BIXRAE__ligand141-0
304,BIXRAE__ligand240-0
305,BIXRAE__ligand1544-0
306,BIXRAE__ligand1685-0
307,BIXRAE__ligand2087-0
308,BIXRAE__ligand48-0
309,BIXRAE__ligand1048-0
310,BIXRAE__ligand3757-0
311,BIXRAE__ligand1951-0
312,BIXRAE__ligand1687-0
313,BIXRAE__ligand6277-0
314,BIXRAE__ligand32-0
315,BIXRAE__ligand1376-0
316,BIXRAE__ligand2768-0
317,BIXRAE__ligand2259-0
318,BIXRAE__ligand2688-0
319,BIXRAE__ligand757-0
320,BIXRAE__ligand2629-0
321,BIXRAE__ligand4381-0
322,BIXRAE__ligand797-0
323,BIXRAE__ligand1706-0
324,BIXRAE__ligand3734-0
