,TMC
0,PUFQIQ__ligand838-0
1,PUFQIQ__ligand57-0
2,PUFQIQ__ligand166-0
3,PUFQIQ__ligand918-0
4,PUFQIQ__ligand3734-0
5,PUFQIQ__ligand633-0
6,PUFQIQ__ligand1706-0
7,PUFQIQ__ligand532-0
8,PUFQIQ__ligand4381-0
9,PUFQIQ__ligand497-0
10,PUFQIQ__ligand2629-0
11,PUFQIQ__ligand553-0
12,PUFQIQ__ligand6277-0
13,PUFQIQ__ligand283-0
14,PUFQIQ__ligand1687-0
15,PUFQIQ__ligand821-0
16,PUFQIQ__ligand1951-0
17,PUFQIQ__ligand326-0
18,PUFQIQ__ligand2259-0
19,PUFQIQ__ligand2688-0
20,PUFQIQ__ligand436-0
21,PUFQIQ__ligand73-0
22,PUFQIQ__ligand1376-0
23,PUFQIQ__ligand142-0
24,PUFQIQ__ligand2768-0
25,PUFQIQ__ligand206-0
26,PUFQIQ__ligand1544-0
27,PUFQIQ__ligand34-0
28,PUFQIQ__ligand105-0
29,PUFQIQ__ligand140-0
30,PUFQIQ__ligand1459-0
31,PUFQIQ__ligand3757-0
32,PUFQIQ__ligand2087-0
33,PUFQIQ__ligand1048-0
34,PUFQIQ__ligand361-0
35,PUFQIQ__ligand324-0
36,PUFQIQ__ligand409-0
37,PUFQIQ__ligand1685-0
38,PUFQIQ__ligand575-0
39,PUFQIQ__ligand95-0
40,PUFQIQ__ligand1171-0
41,PUFQIQ__ligand55-0
42,PUFQIQ__ligand5801-0
43,PUFQIQ__ligand3063-0
44,PUFQIQ__ligand927-0
45,PUFQIQ__ligand1438-0
46,PUFQIQ__ligand199-0
47,PUFQIQ__ligand3246-0
48,PUFQIQ__ligand29-0
49,PUFQIQ__ligand91-0
50,PUFQIQ__ligand670-0
51,PUFQIQ__ligand118-0
52,PUFQIQ__ligand571-0
53,PUFQIQ__ligand509-0
54,PUFQIQ__ligand1479-0
55,PUFQIQ__ligand1-0
56,PUFQIQ__ligand1148-0
57,PUFQIQ__ligand51-0
58,PUFQIQ__ligand669-0
59,PUFQIQ__ligand358-0
60,PUFQIQ__ligand430-0
61,PUFQIQ__ligand9244-0
62,PUFQIQ__ligand1228-0
63,PUFQIQ__ligand1538-0
64,PUFQIQ__ligand48-0
65,PUFQIQ__ligand365-0
66,PUFQIQ__ligand1114-0
67,PUFQIQ__ligand278-0
68,PUFQIQ__ligand2751-0
69,PUFQIQ__ligand3041-0
70,PUFQIQ__ligand1542-0
71,PUFQIQ__ligand2634-0
72,PUFQIQ__ligand11730-0
73,PUFQIQ__ligand32-0
74,PUFQIQ__ligand162-0
75,PUFQIQ__ligand3-0
76,PUFQIQ__ligand2863-0
77,PUFQIQ__ligand226-0
78,PUFQIQ__ligand2098-0
79,PUFQIQ__ligand6502-0
80,PUFQIQ__ligand6332-0
81,PUFQIQ__ligand383-0
82,PUFQIQ__ligand3178-0
83,PUFQIQ__ligand3145-0
84,PUFQIQ__ligand1747-0
85,PUFQIQ__ligand6686-0
86,PUFQIQ__ligand7915-0
87,PUFQIQ__ligand5548-0
88,PUFQIQ__ligand3838-0
89,PUFQIQ__ligand1799-0
90,PUFQIQ__ligand2838-0
91,PUFQIQ__ligand2880-0
92,PUFQIQ__ligand5941-0
93,PUFQIQ__ligand240-0
94,PUFQIQ__ligand141-0
95,PUFQIQ__ligand5022-0
96,PUFQIQ__ligand1169-0
97,PUFQIQ__ligand2864-0
98,PUFQIQ__ligand120-0
99,PUFQIQ__ligand4-0
100,PUFQIQ__ligand11-0
101,PUFQIQ__ligand384-0
102,PUFQIQ__ligand2142-0
103,PUFQIQ__ligand6538-0
104,PUFQIQ__ligand9495-0
105,PUFQIQ__ligand2772-0
106,PUFQIQ__ligand6151-0
107,PUFQIQ__ligand797-0
108,PUFQIQ__ligand1273-0
109,PUFQIQ__ligand1052-0
110,PUFQIQ__ligand6-0
111,PUFQIQ__ligand757-0
112,PUFQIQ__ligand4983-0
113,PUFQIQ__ligand1835-0
114,PUFQIQ__ligand2794-0
115,PUFQIQ__ligand2345-0
116,PUFQIQ__ligand1502-0
117,PUFQIQ__ligand6396-0
118,PUFQIQ__ligand2265-0
119,PUFQIQ__ligand1113-0
120,PUFQIQ__ligand9027-0
121,PUFQIQ__ligand1607-0
122,PUFQIQ__ligand596-0
123,PUFQIQ__ligand612-0
124,PUFQIQ__ligand187-0
125,PUFQIQ__ligand1727-0
126,PUFQIQ__ligand1152-0
127,PUFQIQ__ligand366-0
128,PUFQIQ__ligand861-0
129,PUFQIQ__ligand2430-0
130,PUFQIQ__ligand1703-0
131,PUFQIQ__ligand2907-0
132,PUFQIQ__ligand92-0
133,PUFQIQ__ligand17-0
134,PUFQIQ__ligand2510-0
135,PUFQIQ__ligand1567-0
136,PUFQIQ__ligand2285-0
137,PUFQIQ__ligand8921-0
138,PUFQIQ__ligand126-0
139,PUFQIQ__ligand2862-0
140,PUFQIQ__ligand1056-0
141,PUFQIQ__ligand2320-0
142,PUFQIQ__ligand1248-0
143,PUFQIQ__ligand4303-0
144,PUFQIQ__ligand1598-0
145,PUFQIQ__ligand1054-0
146,PUFQIQ__ligand6294-0
147,PUFQIQ__ligand124-0
148,PUFQIQ__ligand119-0
149,PUFQIQ__ligand7464-0
150,PUFQIQ__ligand279-0
151,PUFQIQ__ligand178-0
152,PUFQIQ__ligand49-0
153,PUFQIQ__ligand321-0
154,PUFQIQ__ligand3637-0
155,PUFQIQ__ligand89-0
156,PUFQIQ__ligand100-0
157,PUFQIQ__ligand8774-0
158,PUFQIQ__ligand244-0
159,PUFQIQ__ligand201-0
160,PUFQIQ__ligand14530-0
161,PUFQIQ__ligand784-0
162,PUFQIQ__ligand355-0
163,PUFQIQ__ligand78-0
164,PUFQIQ__ligand4894-0
165,PUFQIQ__ligand1260-0
166,PUFQIQ__ligand85-0
167,PUFQIQ__ligand485-0
168,PUFQIQ__ligand9620-0
169,PUFQIQ__ligand7514-0
170,PUFQIQ__ligand3337-0
171,PUFQIQ__ligand1449-1
172,PUFQIQ__ligand45-0
173,PUFQIQ__ligand4811-0
174,PUFQIQ__ligand115-0
175,PUFQIQ__ligand1321-0
176,PUFQIQ__ligand10910-0
177,PUFQIQ__ligand3566-0
178,PUFQIQ__ligand1178-0
179,PUFQIQ__ligand291-0
180,PUFQIQ__ligand1788-0
181,PUFQIQ__ligand1246-0
182,PUFQIQ__ligand6166-0
183,PUFQIQ__ligand682-0
184,PUFQIQ__ligand2853-0
185,PUFQIQ__ligand10114-0
186,PUFQIQ__ligand3853-0
187,PUFQIQ__ligand5089-0
188,PUFQIQ__ligand2599-0
189,PUFQIQ__ligand133-0
190,PUFQIQ__ligand1307-0
191,PUFQIQ__ligand447-0
192,PUFQIQ__ligand487-0
193,PUFQIQ__ligand10479-0
194,PUFQIQ__ligand522-0
195,PUFQIQ__ligand666-0
196,PUFQIQ__ligand1919-0
197,PUFQIQ__ligand236-0
198,PUFQIQ__ligand2389-0
199,PUFQIQ__ligand1712-0
200,PUFQIQ__ligand353-0
201,PUFQIQ__ligand3579-0
202,PUFQIQ__ligand2110-0
203,PUFQIQ__ligand2916-0
204,PUFQIQ__ligand502-0
205,PUFQIQ__ligand196-0
206,PUFQIQ__ligand1858-0
207,PUFQIQ__ligand8032-0
208,PUFQIQ__ligand422-0
209,PUFQIQ__ligand67-0
210,PUFQIQ__ligand5334-0
211,PUFQIQ__ligand2480-0
212,PUFQIQ__ligand3051-0
213,PUFQIQ__ligand4504-0
214,PUFQIQ__ligand1898-0
215,PUFQIQ__ligand113-0
216,PUFQIQ__ligand2315-0
217,PUFQIQ__ligand210-0
218,PUFQIQ__ligand6571-0
219,PUFQIQ__ligand2482-0
220,PUFQIQ__ligand1325-0
221,PUFQIQ__ligand8-0
222,PUFQIQ__ligand2442-0
223,PUFQIQ__ligand1019-0
224,PUFQIQ__ligand1104-0
225,PUFQIQ__ligand7414-0
226,PUFQIQ__ligand5762-0
227,PUFQIQ__ligand1379-0
228,PUFQIQ__ligand1264-0
229,PUFQIQ__ligand1221-0
230,PUFQIQ__ligand481-0
231,PUFQIQ__ligand6430-0
232,PUFQIQ__ligand314-0
233,PUFQIQ__ligand1299-0
234,PUFQIQ__ligand391-0
235,PUFQIQ__ligand2929-0
236,PUFQIQ__ligand170-0
237,PUFQIQ__ligand2376-0
238,PUFQIQ__ligand5758-0
239,PUFQIQ__ligand62-0
240,PUFQIQ__ligand3478-0
241,PUFQIQ__ligand252-0
242,PUFQIQ__ligand3852-0
243,PUFQIQ__ligand955-0
244,PUFQIQ__ligand193-0
245,PUFQIQ__ligand1818-0
246,PUFQIQ__ligand7456-0
247,PUFQIQ__ligand830-0
248,PUFQIQ__ligand4619-0
249,PUFQIQ__ligand6143-0
250,PUFQIQ__ligand5235-0
251,PUFQIQ__ligand909-0
252,PUFQIQ__ligand851-0
253,PUFQIQ__ligand86-0
254,PUFQIQ__ligand3251-0
255,PUFQIQ__ligand9176-0
256,PUFQIQ__ligand177-0
257,PUFQIQ__ligand934-0
258,PUFQIQ__ligand2718-0
259,PUFQIQ__ligand3035-0
260,PUFQIQ__ligand3070-0
261,PUFQIQ__ligand1493-0
262,PUFQIQ__ligand444-0
263,PUFQIQ__ligand369-0
264,PUFQIQ__ligand7550-0
265,PUFQIQ__ligand188-0
266,PUFQIQ__ligand2762-0
267,PUFQIQ__ligand1038-0
268,PUFQIQ__ligand1160-0
269,PUFQIQ__ligand10357-0
270,PUFQIQ__ligand2253-0
271,PUFQIQ__ligand311-0
272,PUFQIQ__ligand15630-0
273,PUFQIQ__ligand5093-0
274,PUFQIQ__ligand2954-0
275,PUFQIQ__ligand3890-0
276,PUFQIQ__ligand4423-0
277,PUFQIQ__ligand370-0
278,PUFQIQ__ligand18-0
279,PUFQIQ__ligand1907-0
280,PUFQIQ__ligand1285-0
281,PUFQIQ__ligand460-0
282,PUFQIQ__ligand1555-0
283,PUFQIQ__ligand7630-0
284,PUFQIQ__ligand250-0
285,PUFQIQ__ligand331-0
286,PUFQIQ__ligand1690-0
287,PUFQIQ__ligand2707-0
288,PUFQIQ__ligand294-0
289,PUFQIQ__ligand993-0
290,PUFQIQ__ligand916-0
291,PUFQIQ__ligand584-0
292,PUFQIQ__ligand1551-0
293,PUFQIQ__ligand798-0
294,PUFQIQ__ligand2526-0
295,PUFQIQ__ligand21-0
296,PUFQIQ__ligand421-0
297,PUFQIQ__ligand932-0
298,PUFQIQ__ligand134-0
299,PUFQIQ__ligand235-0
300,PUFQIQ__ligand40-0
301,PUFQIQ__ligand3196-0
302,PUFQIQ__ligand4012-0
303,PUFQIQ__ligand390-0
304,PUFQIQ__ligand2915-0
305,PUFQIQ__ligand38-0
306,PUFQIQ__ligand560-0
307,PUFQIQ__ligand525-0
308,PUFQIQ__ligand109-0
309,PUFQIQ__ligand783-0
310,PUFQIQ__ligand352-0
311,PUFQIQ__ligand2255-0
312,PUFQIQ__ligand4175-0
313,PUFQIQ__ligand136-0
314,PUFQIQ__ligand868-0
315,PUFQIQ__ligand1918-0
316,PUFQIQ__ligand442-0
317,PUFQIQ__ligand112-0
318,PUFQIQ__ligand66-0
319,PUFQIQ__ligand4370-0
320,PUFQIQ__ligand2618-0
321,PUFQIQ__ligand3618-0
322,PUFQIQ__ligand197-0
323,PUFQIQ__ligand296-0
324,PUFQIQ__ligand1436-0
