,TMC
0,FAWSAX__ligand120-0
1,FAWSAX__ligand2482-0
2,FAWSAX__ligand1325-0
3,FAWSAX__ligand384-0
4,FAWSAX__ligand55-0
5,FAWSAX__ligand6571-0
6,FAWSAX__ligand1019-0
7,FAWSAX__ligand2442-0
8,FAWSAX__ligand95-0
9,FAWSAX__ligand1104-0
10,FAWSAX__ligand7414-0
11,FAWSAX__ligand5762-0
12,FAWSAX__ligand1379-0
13,FAWSAX__ligand1299-0
14,FAWSAX__ligand6430-0
15,FAWSAX__ligand1264-0
16,FAWSAX__ligand1221-0
17,FAWSAX__ligand141-0
18,FAWSAX__ligand2929-0
19,FAWSAX__ligand240-0
20,FAWSAX__ligand34-0
21,FAWSAX__ligand2376-0
22,FAWSAX__ligand1919-0
23,FAWSAX__ligand2389-0
24,FAWSAX__ligand73-0
25,FAWSAX__ligand1712-0
26,FAWSAX__ligand2110-0
27,FAWSAX__ligand2916-0
28,FAWSAX__ligand3579-0
29,FAWSAX__ligand8032-0
30,FAWSAX__ligand797-0
31,FAWSAX__ligand1858-0
32,FAWSAX__ligand5334-0
33,FAWSAX__ligand57-0
34,FAWSAX__ligand2315-0
35,FAWSAX__ligand1898-0
36,FAWSAX__ligand2480-0
37,FAWSAX__ligand3051-0
38,FAWSAX__ligand4504-0
39,FAWSAX__ligand757-0
40,FAWSAX__ligand1246-0
41,FAWSAX__ligand1-0
42,FAWSAX__ligand6166-0
43,FAWSAX__ligand2853-0
44,FAWSAX__ligand3853-0
45,FAWSAX__ligand126-0
46,FAWSAX__ligand10910-0
47,FAWSAX__ligand5089-0
48,FAWSAX__ligand2599-0
49,FAWSAX__ligand32-0
50,FAWSAX__ligand1307-0
51,FAWSAX__ligand596-0
52,FAWSAX__ligand187-0
53,FAWSAX__ligand612-0
54,FAWSAX__ligand861-0
55,FAWSAX__ligand14530-0
56,FAWSAX__ligand366-0
57,FAWSAX__ligand9620-0
58,FAWSAX__ligand178-0
59,FAWSAX__ligand1260-0
60,FAWSAX__ligand4894-0
61,FAWSAX__ligand279-0
62,FAWSAX__ligand321-0
63,FAWSAX__ligand10479-0
64,FAWSAX__ligand48-0
65,FAWSAX__ligand7514-0
66,FAWSAX__ligand3337-0
67,FAWSAX__ligand1449-1
68,FAWSAX__ligand244-0
69,FAWSAX__ligand201-0
70,FAWSAX__ligand4811-0
71,FAWSAX__ligand100-0
72,FAWSAX__ligand51-0
73,FAWSAX__ligand1321-0
74,FAWSAX__ligand10114-0
75,FAWSAX__ligand124-0
76,FAWSAX__ligand1178-0
77,FAWSAX__ligand3566-0
78,FAWSAX__ligand119-0
79,FAWSAX__ligand1788-0
80,FAWSAX__ligand91-0
81,FAWSAX__ligand29-0
82,FAWSAX__ligand3-0
83,FAWSAX__ligand283-0
84,FAWSAX__ligand553-0
85,FAWSAX__ligand2255-0
86,FAWSAX__ligand326-0
87,FAWSAX__ligand4175-0
88,FAWSAX__ligand821-0
89,FAWSAX__ligand436-0
90,FAWSAX__ligand1918-0
91,FAWSAX__ligand206-0
92,FAWSAX__ligand142-0
93,FAWSAX__ligand838-0
94,FAWSAX__ligand4370-0
95,FAWSAX__ligand166-0
96,FAWSAX__ligand532-0
97,FAWSAX__ligand2618-0
98,FAWSAX__ligand918-0
99,FAWSAX__ligand3618-0
100,FAWSAX__ligand633-0
101,FAWSAX__ligand497-0
102,FAWSAX__ligand1436-0
103,FAWSAX__ligand4-0
104,FAWSAX__ligand1690-0
105,FAWSAX__ligand575-0
106,FAWSAX__ligand6-0
107,FAWSAX__ligand2707-0
108,FAWSAX__ligand11-0
109,FAWSAX__ligand199-0
110,FAWSAX__ligand2526-0
111,FAWSAX__ligand1551-0
112,FAWSAX__ligand927-0
113,FAWSAX__ligand105-0
114,FAWSAX__ligand140-0
115,FAWSAX__ligand3196-0
116,FAWSAX__ligand4012-0
117,FAWSAX__ligand2915-0
118,FAWSAX__ligand361-0
119,FAWSAX__ligand324-0
120,FAWSAX__ligand409-0
121,FAWSAX__ligand669-0
122,FAWSAX__ligand89-0
123,FAWSAX__ligand358-0
124,FAWSAX__ligand7550-0
125,FAWSAX__ligand430-0
126,FAWSAX__ligand365-0
127,FAWSAX__ligand49-0
128,FAWSAX__ligand1038-0
129,FAWSAX__ligand2762-0
130,FAWSAX__ligand5093-0
131,FAWSAX__ligand2954-0
132,FAWSAX__ligand278-0
133,FAWSAX__ligand1160-0
134,FAWSAX__ligand2253-0
135,FAWSAX__ligand3890-0
136,FAWSAX__ligand571-0
137,FAWSAX__ligand1907-0
138,FAWSAX__ligand4423-0
139,FAWSAX__ligand670-0
140,FAWSAX__ligand118-0
141,FAWSAX__ligand1555-0
142,FAWSAX__ligand509-0
143,FAWSAX__ligand1285-0
144,FAWSAX__ligand7630-0
145,FAWSAX__ligand226-0
146,FAWSAX__ligand5758-0
147,FAWSAX__ligand162-0
148,FAWSAX__ligand3852-0
149,FAWSAX__ligand383-0
150,FAWSAX__ligand3478-0
151,FAWSAX__ligand17-0
152,FAWSAX__ligand1818-0
153,FAWSAX__ligand92-0
154,FAWSAX__ligand7456-0
155,FAWSAX__ligand15630-0
156,FAWSAX__ligand6143-0
157,FAWSAX__ligand5235-0
158,FAWSAX__ligand10357-0
159,FAWSAX__ligand4619-0
160,FAWSAX__ligand3251-0
161,FAWSAX__ligand9176-0
162,FAWSAX__ligand1493-0
163,FAWSAX__ligand3035-0
164,FAWSAX__ligand3070-0
165,FAWSAX__ligand2718-0
166,FAWSAX__ligand909-0
167,FAWSAX__ligand2751-0
168,FAWSAX__ligand851-0
169,FAWSAX__ligand3041-0
170,FAWSAX__ligand1542-0
171,FAWSAX__ligand934-0
172,FAWSAX__ligand177-0
173,FAWSAX__ligand2634-0
174,FAWSAX__ligand6502-0
175,FAWSAX__ligand2098-0
176,FAWSAX__ligand2863-0
177,FAWSAX__ligand3178-0
178,FAWSAX__ligand955-0
179,FAWSAX__ligand252-0
180,FAWSAX__ligand6332-0
181,FAWSAX__ligand193-0
182,FAWSAX__ligand3145-0
183,FAWSAX__ligand5548-0
184,FAWSAX__ligand7915-0
185,FAWSAX__ligand830-0
186,FAWSAX__ligand6686-0
187,FAWSAX__ligand1747-0
188,FAWSAX__ligand3246-0
189,FAWSAX__ligand370-0
190,FAWSAX__ligand1479-0
191,FAWSAX__ligand460-0
192,FAWSAX__ligand250-0
193,FAWSAX__ligand1148-0
194,FAWSAX__ligand444-0
195,FAWSAX__ligand45-0
196,FAWSAX__ligand369-0
197,FAWSAX__ligand11730-0
198,FAWSAX__ligand1228-0
199,FAWSAX__ligand188-0
200,FAWSAX__ligand9244-0
201,FAWSAX__ligand1114-0
202,FAWSAX__ligand1538-0
203,FAWSAX__ligand85-0
204,FAWSAX__ligand78-0
205,FAWSAX__ligand311-0
206,FAWSAX__ligand235-0
207,FAWSAX__ligand1544-0
208,FAWSAX__ligand932-0
209,FAWSAX__ligand134-0
210,FAWSAX__ligand390-0
211,FAWSAX__ligand1459-0
212,FAWSAX__ligand1048-0
213,FAWSAX__ligand2087-0
214,FAWSAX__ligand3757-0
215,FAWSAX__ligand1685-0
216,FAWSAX__ligand109-0
217,FAWSAX__ligand560-0
218,FAWSAX__ligand525-0
219,FAWSAX__ligand331-0
220,FAWSAX__ligand1171-0
221,FAWSAX__ligand993-0
222,FAWSAX__ligand294-0
223,FAWSAX__ligand584-0
224,FAWSAX__ligand916-0
225,FAWSAX__ligand5801-0
226,FAWSAX__ligand798-0
227,FAWSAX__ligand421-0
228,FAWSAX__ligand1438-0
229,FAWSAX__ligand3063-0
230,FAWSAX__ligand112-0
231,FAWSAX__ligand67-0
232,FAWSAX__ligand8-0
233,FAWSAX__ligand1706-0
234,FAWSAX__ligand3734-0
235,FAWSAX__ligand296-0
236,FAWSAX__ligand2629-0
237,FAWSAX__ligand197-0
238,FAWSAX__ligand4381-0
239,FAWSAX__ligand352-0
240,FAWSAX__ligand783-0
241,FAWSAX__ligand6277-0
242,FAWSAX__ligand1951-0
243,FAWSAX__ligand1687-0
244,FAWSAX__ligand136-0
245,FAWSAX__ligand2688-0
246,FAWSAX__ligand2259-0
247,FAWSAX__ligand442-0
248,FAWSAX__ligand2768-0
249,FAWSAX__ligand868-0
250,FAWSAX__ligand1376-0
251,FAWSAX__ligand1598-0
252,FAWSAX__ligand115-0
253,FAWSAX__ligand4303-0
254,FAWSAX__ligand1248-0
255,FAWSAX__ligand6294-0
256,FAWSAX__ligand1054-0
257,FAWSAX__ligand18-0
258,FAWSAX__ligand291-0
259,FAWSAX__ligand7464-0
260,FAWSAX__ligand485-0
261,FAWSAX__ligand355-0
262,FAWSAX__ligand784-0
263,FAWSAX__ligand3637-0
264,FAWSAX__ligand8774-0
265,FAWSAX__ligand1607-0
266,FAWSAX__ligand133-0
267,FAWSAX__ligand447-0
268,FAWSAX__ligand1727-0
269,FAWSAX__ligand86-0
270,FAWSAX__ligand487-0
271,FAWSAX__ligand666-0
272,FAWSAX__ligand522-0
273,FAWSAX__ligand1152-0
274,FAWSAX__ligand2430-0
275,FAWSAX__ligand1703-0
276,FAWSAX__ligand2907-0
277,FAWSAX__ligand8921-0
278,FAWSAX__ligand1567-0
279,FAWSAX__ligand2285-0
280,FAWSAX__ligand682-0
281,FAWSAX__ligand2510-0
282,FAWSAX__ligand1056-0
283,FAWSAX__ligand2320-0
284,FAWSAX__ligand62-0
285,FAWSAX__ligand2862-0
286,FAWSAX__ligand1273-0
287,FAWSAX__ligand502-0
288,FAWSAX__ligand196-0
289,FAWSAX__ligand1052-0
290,FAWSAX__ligand422-0
291,FAWSAX__ligand66-0
292,FAWSAX__ligand113-0
293,FAWSAX__ligand1835-0
294,FAWSAX__ligand2345-0
295,FAWSAX__ligand2794-0
296,FAWSAX__ligand4983-0
297,FAWSAX__ligand1502-0
298,FAWSAX__ligand236-0
299,FAWSAX__ligand2265-0
300,FAWSAX__ligand1113-0
301,FAWSAX__ligand6396-0
302,FAWSAX__ligand9027-0
303,FAWSAX__ligand353-0
304,FAWSAX__ligand38-0
305,FAWSAX__ligand5941-0
306,FAWSAX__ligand2880-0
307,FAWSAX__ligand314-0
308,FAWSAX__ligand3838-0
309,FAWSAX__ligand1799-0
310,FAWSAX__ligand2838-0
311,FAWSAX__ligand481-0
312,FAWSAX__ligand391-0
313,FAWSAX__ligand40-0
314,FAWSAX__ligand1169-0
315,FAWSAX__ligand5022-0
316,FAWSAX__ligand170-0
317,FAWSAX__ligand21-0
318,FAWSAX__ligand2864-0
319,FAWSAX__ligand210-0
320,FAWSAX__ligand2142-0
321,FAWSAX__ligand2772-0
322,FAWSAX__ligand6151-0
323,FAWSAX__ligand9495-0
324,FAWSAX__ligand6538-0
