,TMC
0,KEFXID__ligand15585-0
1,KEFXID__ligand12401-0
2,KEFXID__ligand24145-0
3,KEFXID__ligand10476-0
4,KEFXID__ligand2599-0
5,KEFXID__ligand19830-0
6,KEFXID__ligand196-0
7,KEFXID__ligand13068-0
8,KEFXID__ligand4330-0
9,KEFXID__ligand13658-0
10,KEFXID__ligand26702-0
11,KEFXID__ligand4194-0
12,KEFXID__ligand12289-0
13,KEFXID__ligand18292-0
14,KEFXID__ligand17387-0
15,KEFXID__ligand12130-0
16,KEFXID__ligand7532-0
17,KEFXID__ligand12231-0
18,KEFXID__ligand17302-0
19,KEFXID__ligand2068-0
20,KEFXID__ligand17805-0
21,KEFXID__ligand7925-0
22,KEFXID__ligand422-0
23,KEFXID__ligand3973-0
24,KEFXID__ligand24185-0
25,KEFXID__ligand686-0
26,KEFXID__ligand23769-0
27,KEFXID__ligand1147-0
28,KEFXID__ligand25178-0
29,KEFXID__ligand7107-0
30,KEFXID__ligand12641-0
31,KEFXID__ligand10958-0
32,KEFXID__ligand393-0
33,KEFXID__ligand3215-0
34,KEFXID__ligand14108-0
35,KEFXID__ligand19057-0
36,KEFXID__ligand18814-0
37,KEFXID__ligand6062-0
38,KEFXID__ligand5813-0
39,KEFXID__ligand4813-0
40,KEFXID__ligand4738-0
41,KEFXID__ligand29302-0
42,KEFXID__ligand13425-0
43,KEFXID__ligand10262-0
44,KEFXID__ligand28676-0
45,KEFXID__ligand353-0
46,KEFXID__ligand27763-0
47,KEFXID__ligand6283-0
48,KEFXID__ligand12427-0
49,KEFXID__ligand5483-0
50,KEFXID__ligand28468-0
51,KEFXID__ligand20740-0
52,KEFXID__ligand5316-0
53,KEFXID__ligand16628-0
54,KEFXID__ligand2830-0
55,KEFXID__ligand780-0
56,KEFXID__ligand314-0
57,KEFXID__ligand813-0
58,KEFXID__ligand5627-0
59,KEFXID__ligand27460-0
60,KEFXID__ligand1729-0
61,KEFXID__ligand7529-0
62,KEFXID__ligand18-0
63,KEFXID__ligand30333-0
64,KEFXID__ligand391-0
65,KEFXID__ligand12606-0
66,KEFXID__ligand6946-0
67,KEFXID__ligand1415-0
68,KEFXID__ligand9148-0
69,KEFXID__ligand30296-0
70,KEFXID__ligand17281-0
71,KEFXID__ligand26540-0
72,KEFXID__ligand29410-0
73,KEFXID__ligand618-0
74,KEFXID__ligand12337-0
75,KEFXID__ligand465-0
76,KEFXID__ligand31783-0
77,KEFXID__ligand2403-0
78,KEFXID__ligand14297-0
79,KEFXID__ligand14603-0
80,KEFXID__ligand6455-0
81,KEFXID__ligand17258-0
82,KEFXID__ligand6882-0
83,KEFXID__ligand13012-0
84,KEFXID__ligand17631-0
85,KEFXID__ligand3934-0
86,KEFXID__ligand26665-0
87,KEFXID__ligand23713-0
88,KEFXID__ligand18832-0
89,KEFXID__ligand4332-0
90,KEFXID__ligand27175-0
91,KEFXID__ligand9681-0
92,KEFXID__ligand30988-0
93,KEFXID__ligand314-1
94,KEFXID__ligand14723-0
95,KEFXID__ligand7530-0
96,KEFXID__ligand1065-0
97,KEFXID__ligand27893-0
98,KEFXID__ligand1449-0
99,KEFXID__ligand15422-0
100,KEFXID__ligand12934-0
101,KEFXID__ligand20578-0
102,KEFXID__ligand19641-0
103,KEFXID__ligand3012-0
104,KEFXID__ligand20419-0
105,KEFXID__ligand17118-0
106,KEFXID__ligand21371-0
107,KEFXID__ligand5849-0
108,KEFXID__ligand28789-0
109,KEFXID__ligand115-0
110,KEFXID__ligand4911-0
111,KEFXID__ligand1771-0
112,KEFXID__ligand29568-0
113,KEFXID__ligand38-0
114,KEFXID__ligand3392-0
115,KEFXID__ligand30851-0
116,KEFXID__ligand14889-0
117,KEFXID__ligand20539-0
118,KEFXID__ligand20251-0
119,KEFXID__ligand30702-0
120,KEFXID__ligand20214-0
121,KEFXID__ligand1709-0
122,KEFXID__ligand8464-0
123,KEFXID__ligand833-0
124,KEFXID__ligand21581-0
125,KEFXID__ligand31097-0
126,KEFXID__ligand8349-0
127,KEFXID__ligand2527-0
128,KEFXID__ligand17261-0
129,KEFXID__ligand14117-0
130,KEFXID__ligand1768-0
131,KEFXID__ligand16475-0
132,KEFXID__ligand14703-0
133,KEFXID__ligand784-0
134,KEFXID__ligand3871-0
135,KEFXID__ligand1469-0
136,KEFXID__ligand1688-0
137,KEFXID__ligand5357-0
138,KEFXID__ligand3647-0
139,KEFXID__ligand20251-1
140,KEFXID__ligand5056-0
141,KEFXID__ligand4850-0
142,KEFXID__ligand1165-0
143,KEFXID__ligand20011-0
144,KEFXID__ligand17278-0
145,KEFXID__ligand29414-0
146,KEFXID__ligand9525-0
147,KEFXID__ligand17982-0
148,KEFXID__ligand8-0
149,KEFXID__ligand3157-0
150,KEFXID__ligand368-0
151,KEFXID__ligand1379-0
152,KEFXID__ligand17398-0
153,KEFXID__ligand2722-0
154,KEFXID__ligand11675-0
155,KEFXID__ligand20598-0
156,KEFXID__ligand10589-0
157,KEFXID__ligand22557-0
158,KEFXID__ligand5935-0
159,KEFXID__ligand395-0
160,KEFXID__ligand24047-0
161,KEFXID__ligand12030-0
162,KEFXID__ligand29879-0
163,KEFXID__ligand5892-0
164,KEFXID__ligand14248-0
165,KEFXID__ligand5094-0
166,KEFXID__ligand13331-0
167,KEFXID__ligand28884-0
168,KEFXID__ligand176-0
169,KEFXID__ligand1712-0
170,KEFXID__ligand4131-0
171,KEFXID__ligand746-0
172,KEFXID__ligand31832-0
173,KEFXID__ligand447-0
174,KEFXID__ligand13294-0
175,KEFXID__ligand25411-0
176,KEFXID__ligand487-0
177,KEFXID__ligand7557-0
178,KEFXID__ligand66-0
179,KEFXID__ligand1496-0
180,KEFXID__ligand10712-0
181,KEFXID__ligand14174-0
182,KEFXID__ligand1533-0
183,KEFXID__ligand11456-0
184,KEFXID__ligand2781-0
185,KEFXID__ligand7573-0
186,KEFXID__ligand42-0
187,KEFXID__ligand3350-0
188,KEFXID__ligand20682-0
189,KEFXID__ligand1327-0
190,KEFXID__ligand9809-0
191,KEFXID__ligand6672-0
192,KEFXID__ligand8722-0
193,KEFXID__ligand13390-0
194,KEFXID__ligand506-0
195,KEFXID__ligand3208-0
196,KEFXID__ligand2208-0
197,KEFXID__ligand1900-0
198,KEFXID__ligand152-0
199,KEFXID__ligand9197-0
200,KEFXID__ligand3029-0
201,KEFXID__ligand27482-0
202,KEFXID__ligand26810-0
203,KEFXID__ligand7162-0
204,KEFXID__ligand2328-0
205,KEFXID__ligand4581-0
206,KEFXID__ligand1773-0
207,KEFXID__ligand13208-0
208,KEFXID__ligand4093-0
209,KEFXID__ligand4442-0
210,KEFXID__ligand3954-0
211,KEFXID__ligand235-0
212,KEFXID__ligand13072-0
213,KEFXID__ligand1160-0
214,KEFXID__ligand134-0
215,KEFXID__ligand8699-0
216,KEFXID__ligand12336-0
217,KEFXID__ligand9520-0
218,KEFXID__ligand19-0
219,KEFXID__ligand9784-0
220,KEFXID__ligand7629-0
221,KEFXID__ligand1451-0
222,KEFXID__ligand4272-0
223,KEFXID__ligand7280-0
224,KEFXID__ligand1790-0
225,KEFXID__ligand1304-0
226,KEFXID__ligand24-0
227,KEFXID__ligand12682-0
228,KEFXID__ligand18699-0
229,KEFXID__ligand7238-0
230,KEFXID__ligand17240-0
231,KEFXID__ligand4016-0
232,KEFXID__ligand17590-0
233,KEFXID__ligand1219-0
234,KEFXID__ligand6709-0
235,KEFXID__ligand7867-0
236,KEFXID__ligand560-0
237,KEFXID__ligand45-0
238,KEFXID__ligand20579-0
239,KEFXID__ligand17710-0
240,KEFXID__ligand11568-0
241,KEFXID__ligand4503-0
242,KEFXID__ligand4546-0
243,KEFXID__ligand7000-0
244,KEFXID__ligand21421-0
245,KEFXID__ligand1982-0
246,KEFXID__ligand6768-0
247,KEFXID__ligand8115-0
248,KEFXID__ligand294-0
249,KEFXID__ligand1285-0
250,KEFXID__ligand11774-0
251,KEFXID__ligand14586-0
252,KEFXID__ligand24613-0
253,KEFXID__ligand2232-0
254,KEFXID__ligand9291-0
255,KEFXID__ligand2176-0
256,KEFXID__ligand19725-0
257,KEFXID__ligand685-0
258,KEFXID__ligand421-0
259,KEFXID__ligand31483-0
260,KEFXID__ligand5256-0
261,KEFXID__ligand8876-0
262,KEFXID__ligand2828-0
263,KEFXID__ligand7648-0
264,KEFXID__ligand10555-0
265,KEFXID__ligand9833-0
266,KEFXID__ligand4157-0
267,KEFXID__ligand78-0
268,KEFXID__ligand3174-0
269,KEFXID__ligand3937-0
270,KEFXID__ligand1202-0
271,KEFXID__ligand3131-0
272,KEFXID__ligand8969-0
273,KEFXID__ligand6839-0
274,KEFXID__ligand15168-0
275,KEFXID__ligand4720-0
276,KEFXID__ligand4155-0
277,KEFXID__ligand3094-0
278,KEFXID__ligand24064-0
279,KEFXID__ligand23589-0
280,KEFXID__ligand5211-0
281,KEFXID__ligand2485-0
282,KEFXID__ligand3852-0
283,KEFXID__ligand6919-0
284,KEFXID__ligand26277-0
285,KEFXID__ligand29898-0
286,KEFXID__ligand3565-0
287,KEFXID__ligand10432-0
288,KEFXID__ligand31618-0
289,KEFXID__ligand11432-0
290,KEFXID__ligand197-0
291,KEFXID__ligand5331-0
292,KEFXID__ligand1512-0
293,KEFXID__ligand22755-0
294,KEFXID__ligand24750-0
295,KEFXID__ligand1844-0
296,KEFXID__ligand4661-0
297,KEFXID__ligand3718-0
298,KEFXID__ligand783-0
299,KEFXID__ligand352-0
300,KEFXID__ligand1343-0
301,KEFXID__ligand3876-0
302,KEFXID__ligand3035-0
303,KEFXID__ligand6616-0
304,KEFXID__ligand25224-0
305,KEFXID__ligand1536-0
306,KEFXID__ligand18013-0
307,KEFXID__ligand1573-0
308,KEFXID__ligand9935-0
309,KEFXID__ligand17945-0
310,KEFXID__ligand3504-0
311,KEFXID__ligand17207-0
312,KEFXID__ligand1959-0
313,KEFXID__ligand31578-0
314,KEFXID__ligand29087-0
315,KEFXID__ligand18703-0
316,KEFXID__ligand9908-0
317,KEFXID__ligand1263-0
318,KEFXID__ligand15438-0
319,KEFXID__ligand7106-0
320,KEFXID__ligand28924-0
321,KEFXID__ligand7242-0
322,KEFXID__ligand868-0
323,KEFXID__ligand30539-0
324,KEFXID__ligand909-0
325,KEFXID__ligand2295-0
326,KEFXID__ligand1577-0
327,KEFXID__ligand6067-0
328,KEFXID__ligand23906-0
329,KEFXID__ligand11166-0
330,KEFXID__ligand21132-0
331,KEFXID__ligand4620-0
332,KEFXID__ligand67-0
333,KEFXID__ligand3465-0
334,KEFXID__ligand6596-0
335,KEFXID__ligand3721-0
336,KEFXID__ligand6904-0
337,KEFXID__ligand27835-0
338,KEFXID__ligand6102-0
339,KEFXID__ligand12295-0
340,KEFXID__ligand7819-0
341,KEFXID__ligand25689-0
342,KEFXID__ligand25575-0
343,KEFXID__ligand21787-0
344,KEFXID__ligand2917-0
345,KEFXID__ligand177-0
346,KEFXID__ligand8835-0
347,KEFXID__ligand2028-0
348,KEFXID__ligand12660-0
349,KEFXID__ligand7126-0
350,KEFXID__ligand13209-0
351,KEFXID__ligand19257-0
352,KEFXID__ligand1142-0
353,KEFXID__ligand3234-0
354,KEFXID__ligand25650-0
355,KEFXID__ligand116-0
356,KEFXID__ligand31248-0
357,KEFXID__ligand252-0
358,KEFXID__ligand193-0
359,KEFXID__ligand830-0
360,KEFXID__ligand12519-0
361,KEFXID__ligand4641-0
362,KEFXID__ligand43-0
363,KEFXID__ligand25735-0
364,KEFXID__ligand372-0
365,KEFXID__ligand23124-0
366,KEFXID__ligand11206-0
367,KEFXID__ligand2526-0
368,KEFXID__ligand5036-0
369,KEFXID__ligand1615-0
370,KEFXID__ligand13869-0
371,KEFXID__ligand18074-0
372,KEFXID__ligand9952-0
373,KEFXID__ligand9111-0
374,KEFXID__ligand29863-0
375,KEFXID__ligand8721-0
376,KEFXID__ligand29610-0
377,KEFXID__ligand370-0
378,KEFXID__ligand1324-0
379,KEFXID__ligand11140-0
380,KEFXID__ligand5643-0
381,KEFXID__ligand1823-0
382,KEFXID__ligand4116-0
383,KEFXID__ligand16791-0
384,KEFXID__ligand1018-0
385,KEFXID__ligand3707-0
386,KEFXID__ligand6124-0
387,KEFXID__ligand28668-0
388,KEFXID__ligand7967-0
389,KEFXID__ligand9601-0
390,KEFXID__ligand250-0
391,KEFXID__ligand8992-0
392,KEFXID__ligand18799-0
393,KEFXID__ligand18465-0
394,KEFXID__ligand1378-0
395,KEFXID__ligand27074-0
396,KEFXID__ligand20599-0
397,KEFXID__ligand6244-0
398,KEFXID__ligand25805-0
399,KEFXID__ligand22981-0
400,KEFXID__ligand3156-0
401,KEFXID__ligand18391-0
402,KEFXID__ligand2915-0
403,KEFXID__ligand14523-0
404,KEFXID__ligand188-0
405,KEFXID__ligand27169-0
406,KEFXID__ligand10084-0
407,KEFXID__ligand9933-0
408,KEFXID__ligand564-0
409,KEFXID__ligand1530-0
410,KEFXID__ligand25267-0
411,KEFXID__ligand1575-0
412,KEFXID__ligand12467-0
413,KEFXID__ligand370-1
414,KEFXID__ligand620-0
415,KEFXID__ligand1631-0
416,KEFXID__ligand2332-0
417,KEFXID__ligand21936-0
418,KEFXID__ligand9441-0
419,KEFXID__ligand13257-0
420,KEFXID__ligand23904-0
421,KEFXID__ligand311-0
422,KEFXID__ligand785-0
423,KEFXID__ligand479-0
424,KEFXID__ligand21448-0
425,KEFXID__ligand694-0
426,KEFXID__ligand1211-0
427,KEFXID__ligand11758-0
428,KEFXID__ligand22357-0
429,KEFXID__ligand6892-0
430,KEFXID__ligand2881-0
431,KEFXID__ligand1499-0
432,KEFXID__ligand69-0
433,KEFXID__ligand29214-0
434,KEFXID__ligand488-0
435,KEFXID__ligand430-0
436,KEFXID__ligand1464-0
437,KEFXID__ligand3712-0
438,KEFXID__ligand11544-0
439,KEFXID__ligand11501-0
440,KEFXID__ligand358-0
441,KEFXID__ligand14477-0
442,KEFXID__ligand17069-0
443,KEFXID__ligand17445-0
444,KEFXID__ligand6699-0
445,KEFXID__ligand11-0
446,KEFXID__ligand20731-0
447,KEFXID__ligand1294-0
448,KEFXID__ligand29334-0
449,KEFXID__ligand12413-0
450,KEFXID__ligand1168-0
451,KEFXID__ligand3632-0
452,KEFXID__ligand3677-0
453,KEFXID__ligand11798-0
454,KEFXID__ligand23682-0
455,KEFXID__ligand29565-0
456,KEFXID__ligand3677-1
457,KEFXID__ligand9883-0
458,KEFXID__ligand27771-0
459,KEFXID__ligand7291-0
460,KEFXID__ligand18158-0
461,KEFXID__ligand16956-0
462,KEFXID__ligand14226-0
463,KEFXID__ligand21339-0
464,KEFXID__ligand20942-1
465,KEFXID__ligand9299-0
466,KEFXID__ligand534-0
467,KEFXID__ligand571-0
468,KEFXID__ligand4007-0
469,KEFXID__ligand2985-0
470,KEFXID__ligand670-0
471,KEFXID__ligand5383-0
472,KEFXID__ligand2693-0
473,KEFXID__ligand27550-0
474,KEFXID__ligand3945-0
475,KEFXID__ligand8000-0
476,KEFXID__ligand3736-0
477,KEFXID__ligand9344-0
478,KEFXID__ligand14007-0
479,KEFXID__ligand18019-1
480,KEFXID__ligand7762-0
481,KEFXID__ligand24560-0
482,KEFXID__ligand226-0
483,KEFXID__ligand5080-0
484,KEFXID__ligand18757-0
485,KEFXID__ligand162-0
486,KEFXID__ligand24624-0
487,KEFXID__ligand20844-0
488,KEFXID__ligand18413-0
489,KEFXID__ligand383-0
490,KEFXID__ligand416-0
491,KEFXID__ligand1407-0
492,KEFXID__ligand6117-0
493,KEFXID__ligand5509-0
494,KEFXID__ligand8002-0
495,KEFXID__ligand1317-0
496,KEFXID__ligand3867-0
497,KEFXID__ligand2822-0
498,KEFXID__ligand14339-0
499,KEFXID__ligand7293-0
500,KEFXID__ligand13691-0
501,KEFXID__ligand30788-0
502,KEFXID__ligand21752-0
503,KEFXID__ligand2238-0
504,KEFXID__ligand5304-0
505,KEFXID__ligand9167-0
506,KEFXID__ligand21940-0
507,KEFXID__ligand25048-0
508,KEFXID__ligand1376-0
509,KEFXID__ligand5510-0
510,KEFXID__ligand9773-0
511,KEFXID__ligand5099-0
512,KEFXID__ligand13755-0
513,KEFXID__ligand16133-0
514,KEFXID__ligand8592-0
515,KEFXID__ligand1197-0
516,KEFXID__ligand27122-0
517,KEFXID__ligand20432-0
518,KEFXID__ligand2259-0
519,KEFXID__ligand1296-0
520,KEFXID__ligand23445-0
521,KEFXID__ligand24953-0
522,KEFXID__ligand656-0
523,KEFXID__ligand2221-0
524,KEFXID__ligand696-0
525,KEFXID__ligand3120-0
526,KEFXID__ligand3926-0
527,KEFXID__ligand4358-0
528,KEFXID__ligand20557-0
529,KEFXID__ligand30004-0
530,KEFXID__ligand5595-0
531,KEFXID__ligand4101-0
532,KEFXID__ligand5708-0
533,KEFXID__ligand7316-0
534,KEFXID__ligand3-0
535,KEFXID__ligand18067-0
536,KEFXID__ligand6017-0
537,KEFXID__ligand19824-0
538,KEFXID__ligand5180-0
539,KEFXID__ligand326-0
540,KEFXID__ligand11252-0
541,KEFXID__ligand17-0
542,KEFXID__ligand13260-0
543,KEFXID__ligand10582-0
544,KEFXID__ligand9323-0
545,KEFXID__ligand11606-0
546,KEFXID__ligand7273-0
547,KEFXID__ligand7172-0
548,KEFXID__ligand31000-0
549,KEFXID__ligand436-0
550,KEFXID__ligand2124-0
551,KEFXID__ligand692-0
552,KEFXID__ligand26673-0
553,KEFXID__ligand8612-0
554,KEFXID__ligand7092-0
555,KEFXID__ligand2260-0
556,KEFXID__ligand3225-0
557,KEFXID__ligand1153-0
558,KEFXID__ligand1116-0
559,KEFXID__ligand20821-0
560,KEFXID__ligand16870-0
561,KEFXID__ligand4649-0
562,KEFXID__ligand8793-0
563,KEFXID__ligand5649-0
564,KEFXID__ligand11622-0
565,KEFXID__ligand2788-0
566,KEFXID__ligand11814-0
567,KEFXID__ligand4711-0
568,KEFXID__ligand3244-0
569,KEFXID__ligand16603-0
570,KEFXID__ligand2906-0
571,KEFXID__ligand3178-0
572,KEFXID__ligand4807-0
573,KEFXID__ligand31205-0
574,KEFXID__ligand633-0
575,KEFXID__ligand25658-0
576,KEFXID__ligand17686-0
577,KEFXID__ligand11177-0
578,KEFXID__ligand5159-0
579,KEFXID__ligand497-0
580,KEFXID__ligand7196-0
581,KEFXID__ligand9753-0
582,KEFXID__ligand15455-0
583,KEFXID__ligand1787-0
584,KEFXID__ligand1356-0
585,KEFXID__ligand5530-0
586,KEFXID__ligand588-0
587,KEFXID__ligand1599-0
588,KEFXID__ligand16952-0
589,KEFXID__ligand29813-0
590,KEFXID__ligand2612-0
591,KEFXID__ligand20220-0
592,KEFXID__ligand300-0
593,KEFXID__ligand89-0
594,KEFXID__ligand20121-0
595,KEFXID__ligand9450-0
596,KEFXID__ligand15387-0
597,KEFXID__ligand49-0
598,KEFXID__ligand24851-0
599,KEFXID__ligand14302-0
600,KEFXID__ligand13657-0
601,KEFXID__ligand14347-0
602,KEFXID__ligand11698-0
603,KEFXID__ligand20530-0
604,KEFXID__ligand11479-0
605,KEFXID__ligand27610-0
606,KEFXID__ligand10479-0
607,KEFXID__ligand199-0
608,KEFXID__ligand2203-0
609,KEFXID__ligand5387-0
610,KEFXID__ligand10853-0
611,KEFXID__ligand1289-0
612,KEFXID__ligand29441-0
613,KEFXID__ligand19906-0
614,KEFXID__ligand19668-0
615,KEFXID__ligand2417-0
616,KEFXID__ligand22353-0
617,KEFXID__ligand1114-0
618,KEFXID__ligand9284-0
619,KEFXID__ligand6391-0
620,KEFXID__ligand3126-0
621,KEFXID__ligand1228-0
622,KEFXID__ligand9943-0
623,KEFXID__ligand1-0
624,KEFXID__ligand1604-0
625,KEFXID__ligand10151-0
626,KEFXID__ligand1832-0
627,KEFXID__ligand8788-0
628,KEFXID__ligand409-0
629,KEFXID__ligand2043-0
630,KEFXID__ligand361-0
631,KEFXID__ligand324-0
632,KEFXID__ligand3180-0
633,KEFXID__ligand31694-0
634,KEFXID__ligand4340-0
635,KEFXID__ligand2650-0
636,KEFXID__ligand2281-0
637,KEFXID__ligand29486-0
638,KEFXID__ligand2823-0
639,KEFXID__ligand17427-0
640,KEFXID__ligand6995-0
641,KEFXID__ligand845-0
642,KEFXID__ligand11949-0
643,KEFXID__ligand4124-0
644,KEFXID__ligand4161-0
645,KEFXID__ligand3471-0
646,KEFXID__ligand24780-0
647,KEFXID__ligand12138-0
648,KEFXID__ligand22129-0
649,KEFXID__ligand5415-0
650,KEFXID__ligand25561-0
651,KEFXID__ligand163-0
652,KEFXID__ligand126-0
653,KEFXID__ligand30728-0
654,KEFXID__ligand5201-0
655,KEFXID__ligand27840-0
656,KEFXID__ligand777-0
657,KEFXID__ligand24872-0
658,KEFXID__ligand596-0
659,KEFXID__ligand941-0
660,KEFXID__ligand24644-0
661,KEFXID__ligand1113-0
662,KEFXID__ligand10033-0
663,KEFXID__ligand8553-0
664,KEFXID__ligand12001-0
665,KEFXID__ligand8593-0
666,KEFXID__ligand13385-0
667,KEFXID__ligand9944-0
668,KEFXID__ligand187-0
669,KEFXID__ligand14569-0
670,KEFXID__ligand22444-0
671,KEFXID__ligand657-0
672,KEFXID__ligand24111-0
673,KEFXID__ligand57-0
674,KEFXID__ligand7566-0
675,KEFXID__ligand11587-0
676,KEFXID__ligand13220-0
677,KEFXID__ligand15788-0
678,KEFXID__ligand2001-0
679,KEFXID__ligand23175-0
680,KEFXID__ligand366-0
681,KEFXID__ligand17396-0
682,KEFXID__ligand22403-0
683,KEFXID__ligand8529-0
684,KEFXID__ligand178-0
685,KEFXID__ligand1169-0
686,KEFXID__ligand185-0
687,KEFXID__ligand279-0
688,KEFXID__ligand4-0
689,KEFXID__ligand27754-0
690,KEFXID__ligand20695-0
691,KEFXID__ligand321-0
692,KEFXID__ligand11111-0
693,KEFXID__ligand28540-0
694,KEFXID__ligand55-0
695,KEFXID__ligand16369-0
696,KEFXID__ligand4596-0
697,KEFXID__ligand68-0
698,KEFXID__ligand1498-0
699,KEFXID__ligand29215-0
700,KEFXID__ligand12003-0
701,KEFXID__ligand9615-0
702,KEFXID__ligand201-0
703,KEFXID__ligand26631-0
704,KEFXID__ligand16148-0
705,KEFXID__ligand10872-0
706,KEFXID__ligand21399-0
707,KEFXID__ligand1154-0
708,KEFXID__ligand338-0
709,KEFXID__ligand19927-0
710,KEFXID__ligand4262-0
711,KEFXID__ligand1028-0
712,KEFXID__ligand14043-0
713,KEFXID__ligand26324-0
714,KEFXID__ligand28559-0
715,KEFXID__ligand2692-0
716,KEFXID__ligand27239-0
717,KEFXID__ligand1618-0
718,KEFXID__ligand21729-0
719,KEFXID__ligand26529-0
720,KEFXID__ligand1050-0
721,KEFXID__ligand34-0
722,KEFXID__ligand1015-0
723,KEFXID__ligand11618-0
724,KEFXID__ligand2027-0
725,KEFXID__ligand29029-0
726,KEFXID__ligand27285-0
727,KEFXID__ligand1288-0
728,KEFXID__ligand48-0
729,KEFXID__ligand23197-0
730,KEFXID__ligand384-0
731,KEFXID__ligand4167-0
732,KEFXID__ligand9491-0
733,KEFXID__ligand1400-0
734,KEFXID__ligand4266-0
735,KEFXID__ligand9750-0
736,KEFXID__ligand1817-0
737,KEFXID__ligand6993-0
738,KEFXID__ligand768-0
739,KEFXID__ligand1779-0
740,KEFXID__ligand14167-0
741,KEFXID__ligand13477-0
742,KEFXID__ligand1149-0
743,KEFXID__ligand3557-0
744,KEFXID__ligand3980-0
745,KEFXID__ligand27669-0
746,KEFXID__ligand30142-0
747,KEFXID__ligand7075-0
748,KEFXID__ligand51-0
749,KEFXID__ligand19184-0
750,KEFXID__ligand3042-0
751,KEFXID__ligand28459-0
752,KEFXID__ligand4063-0
753,KEFXID__ligand7438-0
754,KEFXID__ligand8200-0
755,KEFXID__ligand18448-0
756,KEFXID__ligand12453-0
757,KEFXID__ligand141-0
758,KEFXID__ligand1150-0
759,KEFXID__ligand10371-0
760,KEFXID__ligand1539-0
761,KEFXID__ligand240-0
762,KEFXID__ligand4207-0
763,KEFXID__ligand91-0
764,KEFXID__ligand13672-0
765,KEFXID__ligand3416-0
766,KEFXID__ligand3453-0
767,KEFXID__ligand28685-0
768,KEFXID__ligand18568-0
769,KEFXID__ligand693-0
770,KEFXID__ligand1216-0
771,KEFXID__ligand16663-0
772,KEFXID__ligand3261-0
773,KEFXID__ligand1152-0
774,KEFXID__ligand5019-0
775,KEFXID__ligand14614-0
776,KEFXID__ligand1849-0
777,KEFXID__ligand24035-0
778,KEFXID__ligand11994-0
779,KEFXID__ligand31842-0
780,KEFXID__ligand31044-0
781,KEFXID__ligand30711-0
782,KEFXID__ligand20207-0
783,KEFXID__ligand6663-0
784,KEFXID__ligand5515-0
785,KEFXID__ligand11682-0
786,KEFXID__ligand1831-0
787,KEFXID__ligand16-0
788,KEFXID__ligand5614-0
789,KEFXID__ligand5280-0
790,KEFXID__ligand25913-0
791,KEFXID__ligand16988-0
792,KEFXID__ligand11970-0
793,KEFXID__ligand32-0
794,KEFXID__ligand5630-0
795,KEFXID__ligand15883-0
796,KEFXID__ligand1786-0
797,KEFXID__ligand3285-0
798,KEFXID__ligand4795-0
799,KEFXID__ligand24230-0
800,KEFXID__ligand11447-0
801,KEFXID__ligand11096-0
802,KEFXID__ligand28810-0
803,KEFXID__ligand10828-0
804,KEFXID__ligand19792-0
805,KEFXID__ligand1908-0
806,KEFXID__ligand15926-0
807,KEFXID__ligand10056-0
808,KEFXID__ligand12365-0
809,KEFXID__ligand5755-0
810,KEFXID__ligand122-0
811,KEFXID__ligand4710-0
812,KEFXID__ligand15531-0
813,KEFXID__ligand28743-0
814,KEFXID__ligand13862-0
815,KEFXID__ligand11357-0
816,KEFXID__ligand5085-0
817,KEFXID__ligand3144-0
818,KEFXID__ligand22294-0
819,KEFXID__ligand6112-0
820,KEFXID__ligand28930-0
821,KEFXID__ligand22168-0
822,KEFXID__ligand8042-0
823,KEFXID__ligand757-0
824,KEFXID__ligand7213-0
825,KEFXID__ligand1397-0
826,KEFXID__ligand1828-0
827,KEFXID__ligand21919-0
