,TMC
0,IWABUE__ligand1038-0
1,IWABUE__ligand2762-0
2,IWABUE__ligand2954-0
3,IWABUE__ligand5093-0
4,IWABUE__ligand2253-0
5,IWABUE__ligand1160-0
6,IWABUE__ligand126-0
7,IWABUE__ligand7550-0
8,IWABUE__ligand1555-0
9,IWABUE__ligand89-0
10,IWABUE__ligand1285-0
11,IWABUE__ligand596-0
12,IWABUE__ligand7630-0
13,IWABUE__ligand366-0
14,IWABUE__ligand861-0
15,IWABUE__ligand3890-0
16,IWABUE__ligand49-0
17,IWABUE__ligand612-0
18,IWABUE__ligand1907-0
19,IWABUE__ligand187-0
20,IWABUE__ligand4423-0
21,IWABUE__ligand1818-0
22,IWABUE__ligand321-0
23,IWABUE__ligand279-0
24,IWABUE__ligand7456-0
25,IWABUE__ligand11730-0
26,IWABUE__ligand178-0
27,IWABUE__ligand5758-0
28,IWABUE__ligand100-0
29,IWABUE__ligand244-0
30,IWABUE__ligand201-0
31,IWABUE__ligand3852-0
32,IWABUE__ligand3478-0
33,IWABUE__ligand9176-0
34,IWABUE__ligand17-0
35,IWABUE__ligand124-0
36,IWABUE__ligand1493-0
37,IWABUE__ligand2718-0
38,IWABUE__ligand3070-0
39,IWABUE__ligand3035-0
40,IWABUE__ligand5235-0
41,IWABUE__ligand6143-0
42,IWABUE__ligand4619-0
43,IWABUE__ligand119-0
44,IWABUE__ligand3251-0
45,IWABUE__ligand92-0
46,IWABUE__ligand384-0
47,IWABUE__ligand120-0
48,IWABUE__ligand1918-0
49,IWABUE__ligand2255-0
50,IWABUE__ligand4175-0
51,IWABUE__ligand3618-0
52,IWABUE__ligand2618-0
53,IWABUE__ligand1436-0
54,IWABUE__ligand4370-0
55,IWABUE__ligand240-0
56,IWABUE__ligand141-0
57,IWABUE__ligand8-0
58,IWABUE__ligand2526-0
59,IWABUE__ligand1551-0
60,IWABUE__ligand1690-0
61,IWABUE__ligand2707-0
62,IWABUE__ligand2915-0
63,IWABUE__ligand797-0
64,IWABUE__ligand757-0
65,IWABUE__ligand4012-0
66,IWABUE__ligand11-0
67,IWABUE__ligand3196-0
68,IWABUE__ligand3853-0
69,IWABUE__ligand2853-0
70,IWABUE__ligand430-0
71,IWABUE__ligand358-0
72,IWABUE__ligand669-0
73,IWABUE__ligand32-0
74,IWABUE__ligand2599-0
75,IWABUE__ligand5089-0
76,IWABUE__ligand1246-0
77,IWABUE__ligand278-0
78,IWABUE__ligand365-0
79,IWABUE__ligand6166-0
80,IWABUE__ligand118-0
81,IWABUE__ligand670-0
82,IWABUE__ligand571-0
83,IWABUE__ligand1307-0
84,IWABUE__ligand509-0
85,IWABUE__ligand3337-0
86,IWABUE__ligand383-0
87,IWABUE__ligand7514-0
88,IWABUE__ligand51-0
89,IWABUE__ligand4811-0
90,IWABUE__ligand1449-1
91,IWABUE__ligand162-0
92,IWABUE__ligand226-0
93,IWABUE__ligand91-0
94,IWABUE__ligand1260-0
95,IWABUE__ligand4894-0
96,IWABUE__ligand9620-0
97,IWABUE__ligand29-0
98,IWABUE__ligand48-0
99,IWABUE__ligand1788-0
100,IWABUE__ligand1321-0
101,IWABUE__ligand3566-0
102,IWABUE__ligand1178-0
103,IWABUE__ligand821-0
104,IWABUE__ligand2442-0
105,IWABUE__ligand1019-0
106,IWABUE__ligand326-0
107,IWABUE__ligand553-0
108,IWABUE__ligand5762-0
109,IWABUE__ligand7414-0
110,IWABUE__ligand283-0
111,IWABUE__ligand1104-0
112,IWABUE__ligand34-0
113,IWABUE__ligand142-0
114,IWABUE__ligand206-0
115,IWABUE__ligand1325-0
116,IWABUE__ligand2482-0
117,IWABUE__ligand436-0
118,IWABUE__ligand6571-0
119,IWABUE__ligand2929-0
120,IWABUE__ligand55-0
121,IWABUE__ligand166-0
122,IWABUE__ligand2376-0
123,IWABUE__ligand838-0
124,IWABUE__ligand1379-0
125,IWABUE__ligand497-0
126,IWABUE__ligand633-0
127,IWABUE__ligand6430-0
128,IWABUE__ligand1299-0
129,IWABUE__ligand918-0
130,IWABUE__ligand532-0
131,IWABUE__ligand1221-0
132,IWABUE__ligand95-0
133,IWABUE__ligand1264-0
134,IWABUE__ligand1712-0
135,IWABUE__ligand2916-0
136,IWABUE__ligand575-0
137,IWABUE__ligand2110-0
138,IWABUE__ligand3579-0
139,IWABUE__ligand57-0
140,IWABUE__ligand927-0
141,IWABUE__ligand1919-0
142,IWABUE__ligand199-0
143,IWABUE__ligand2389-0
144,IWABUE__ligand5334-0
145,IWABUE__ligand73-0
146,IWABUE__ligand105-0
147,IWABUE__ligand140-0
148,IWABUE__ligand2315-0
149,IWABUE__ligand4504-0
150,IWABUE__ligand3051-0
151,IWABUE__ligand2480-0
152,IWABUE__ligand1898-0
153,IWABUE__ligand409-0
154,IWABUE__ligand8032-0
155,IWABUE__ligand361-0
156,IWABUE__ligand324-0
157,IWABUE__ligand1858-0
158,IWABUE__ligand390-0
159,IWABUE__ligand1052-0
160,IWABUE__ligand932-0
161,IWABUE__ligand134-0
162,IWABUE__ligand235-0
163,IWABUE__ligand1273-0
164,IWABUE__ligand560-0
165,IWABUE__ligand525-0
166,IWABUE__ligand109-0
167,IWABUE__ligand1113-0
168,IWABUE__ligand294-0
169,IWABUE__ligand2265-0
170,IWABUE__ligand6396-0
171,IWABUE__ligand993-0
172,IWABUE__ligand9027-0
173,IWABUE__ligand331-0
174,IWABUE__ligand2345-0
175,IWABUE__ligand2794-0
176,IWABUE__ligand1835-0
177,IWABUE__ligand421-0
178,IWABUE__ligand4983-0
179,IWABUE__ligand798-0
180,IWABUE__ligand1502-0
181,IWABUE__ligand916-0
182,IWABUE__ligand584-0
183,IWABUE__ligand66-0
184,IWABUE__ligand5022-0
185,IWABUE__ligand112-0
186,IWABUE__ligand21-0
187,IWABUE__ligand1169-0
188,IWABUE__ligand197-0
189,IWABUE__ligand296-0
190,IWABUE__ligand5941-0
191,IWABUE__ligand2880-0
192,IWABUE__ligand2838-0
193,IWABUE__ligand1799-0
194,IWABUE__ligand3838-0
195,IWABUE__ligand38-0
196,IWABUE__ligand2142-0
197,IWABUE__ligand9495-0
198,IWABUE__ligand6151-0
199,IWABUE__ligand2772-0
200,IWABUE__ligand783-0
201,IWABUE__ligand352-0
202,IWABUE__ligand6538-0
203,IWABUE__ligand868-0
204,IWABUE__ligand442-0
205,IWABUE__ligand2864-0
206,IWABUE__ligand136-0
207,IWABUE__ligand40-0
208,IWABUE__ligand1-0
209,IWABUE__ligand851-0
210,IWABUE__ligand7464-0
211,IWABUE__ligand909-0
212,IWABUE__ligand1598-0
213,IWABUE__ligand934-0
214,IWABUE__ligand177-0
215,IWABUE__ligand1248-0
216,IWABUE__ligand14530-0
217,IWABUE__ligand4303-0
218,IWABUE__ligand6294-0
219,IWABUE__ligand1054-0
220,IWABUE__ligand252-0
221,IWABUE__ligand3637-0
222,IWABUE__ligand955-0
223,IWABUE__ligand8774-0
224,IWABUE__ligand10910-0
225,IWABUE__ligand830-0
226,IWABUE__ligand18-0
227,IWABUE__ligand193-0
228,IWABUE__ligand1727-0
229,IWABUE__ligand10114-0
230,IWABUE__ligand370-0
231,IWABUE__ligand1152-0
232,IWABUE__ligand1607-0
233,IWABUE__ligand62-0
234,IWABUE__ligand250-0
235,IWABUE__ligand460-0
236,IWABUE__ligand2285-0
237,IWABUE__ligand1567-0
238,IWABUE__ligand10479-0
239,IWABUE__ligand188-0
240,IWABUE__ligand8921-0
241,IWABUE__ligand2510-0
242,IWABUE__ligand2320-0
243,IWABUE__ligand1056-0
244,IWABUE__ligand369-0
245,IWABUE__ligand444-0
246,IWABUE__ligand2862-0
247,IWABUE__ligand311-0
248,IWABUE__ligand3-0
249,IWABUE__ligand1703-0
250,IWABUE__ligand2430-0
251,IWABUE__ligand86-0
252,IWABUE__ligand2907-0
253,IWABUE__ligand2087-0
254,IWABUE__ligand1048-0
255,IWABUE__ligand3757-0
256,IWABUE__ligand1685-0
257,IWABUE__ligand502-0
258,IWABUE__ligand196-0
259,IWABUE__ligand113-0
260,IWABUE__ligand1544-0
261,IWABUE__ligand1459-0
262,IWABUE__ligand422-0
263,IWABUE__ligand236-0
264,IWABUE__ligand5801-0
265,IWABUE__ligand3063-0
266,IWABUE__ligand1438-0
267,IWABUE__ligand353-0
268,IWABUE__ligand4-0
269,IWABUE__ligand1171-0
270,IWABUE__ligand6-0
271,IWABUE__ligand1706-0
272,IWABUE__ligand481-0
273,IWABUE__ligand3734-0
274,IWABUE__ligand314-0
275,IWABUE__ligand2629-0
276,IWABUE__ligand4381-0
277,IWABUE__ligand170-0
278,IWABUE__ligand391-0
279,IWABUE__ligand210-0
280,IWABUE__ligand2688-0
281,IWABUE__ligand2259-0
282,IWABUE__ligand67-0
283,IWABUE__ligand1376-0
284,IWABUE__ligand2768-0
285,IWABUE__ligand6277-0
286,IWABUE__ligand1951-0
287,IWABUE__ligand1687-0
288,IWABUE__ligand3041-0
289,IWABUE__ligand115-0
290,IWABUE__ligand2634-0
291,IWABUE__ligand1542-0
292,IWABUE__ligand291-0
293,IWABUE__ligand2751-0
294,IWABUE__ligand3145-0
295,IWABUE__ligand784-0
296,IWABUE__ligand355-0
297,IWABUE__ligand7915-0
298,IWABUE__ligand5548-0
299,IWABUE__ligand6686-0
300,IWABUE__ligand1747-0
301,IWABUE__ligand485-0
302,IWABUE__ligand2098-0
303,IWABUE__ligand6502-0
304,IWABUE__ligand2863-0
305,IWABUE__ligand3178-0
306,IWABUE__ligand6332-0
307,IWABUE__ligand447-0
308,IWABUE__ligand1479-0
309,IWABUE__ligand1148-0
310,IWABUE__ligand133-0
311,IWABUE__ligand15630-0
312,IWABUE__ligand45-0
313,IWABUE__ligand10357-0
314,IWABUE__ligand85-0
315,IWABUE__ligand522-0
316,IWABUE__ligand3246-0
317,IWABUE__ligand666-0
318,IWABUE__ligand78-0
319,IWABUE__ligand487-0
320,IWABUE__ligand1114-0
321,IWABUE__ligand1538-0
322,IWABUE__ligand682-0
323,IWABUE__ligand1228-0
324,IWABUE__ligand9244-0
