,TMC
0,ODOHEU__ligand8-0
1,ODOHEU__ligand352-0
2,ODOHEU__ligand783-0
3,ODOHEU__ligand5334-0
4,ODOHEU__ligand10910-0
5,ODOHEU__ligand4504-0
6,ODOHEU__ligand3051-0
7,ODOHEU__ligand2480-0
8,ODOHEU__ligand1898-0
9,ODOHEU__ligand2315-0
10,ODOHEU__ligand1858-0
11,ODOHEU__ligand136-0
12,ODOHEU__ligand8032-0
13,ODOHEU__ligand442-0
14,ODOHEU__ligand868-0
15,ODOHEU__ligand112-0
16,ODOHEU__ligand14530-0
17,ODOHEU__ligand1712-0
18,ODOHEU__ligand3579-0
19,ODOHEU__ligand2916-0
20,ODOHEU__ligand2110-0
21,ODOHEU__ligand66-0
22,ODOHEU__ligand1919-0
23,ODOHEU__ligand296-0
24,ODOHEU__ligand2389-0
25,ODOHEU__ligand197-0
26,ODOHEU__ligand21-0
27,ODOHEU__ligand2929-0
28,ODOHEU__ligand331-0
29,ODOHEU__ligand993-0
30,ODOHEU__ligand294-0
31,ODOHEU__ligand2376-0
32,ODOHEU__ligand10479-0
33,ODOHEU__ligand584-0
34,ODOHEU__ligand916-0
35,ODOHEU__ligand1379-0
36,ODOHEU__ligand421-0
37,ODOHEU__ligand1221-0
38,ODOHEU__ligand1264-0
39,ODOHEU__ligand798-0
40,ODOHEU__ligand6430-0
41,ODOHEU__ligand1299-0
42,ODOHEU__ligand235-0
43,ODOHEU__ligand134-0
44,ODOHEU__ligand932-0
45,ODOHEU__ligand2442-0
46,ODOHEU__ligand1019-0
47,ODOHEU__ligand38-0
48,ODOHEU__ligand390-0
49,ODOHEU__ligand5762-0
50,ODOHEU__ligand7414-0
51,ODOHEU__ligand1104-0
52,ODOHEU__ligand10114-0
53,ODOHEU__ligand40-0
54,ODOHEU__ligand109-0
55,ODOHEU__ligand6571-0
56,ODOHEU__ligand1325-0
57,ODOHEU__ligand525-0
58,ODOHEU__ligand560-0
59,ODOHEU__ligand2482-0
60,ODOHEU__ligand369-0
61,ODOHEU__ligand444-0
62,ODOHEU__ligand1788-0
63,ODOHEU__ligand188-0
64,ODOHEU__ligand1321-0
65,ODOHEU__ligand3566-0
66,ODOHEU__ligand1178-0
67,ODOHEU__ligand311-0
68,ODOHEU__ligand3337-0
69,ODOHEU__ligand7514-0
70,ODOHEU__ligand370-0
71,ODOHEU__ligand4811-0
72,ODOHEU__ligand1449-1
73,ODOHEU__ligand18-0
74,ODOHEU__ligand460-0
75,ODOHEU__ligand4894-0
76,ODOHEU__ligand1260-0
77,ODOHEU__ligand9620-0
78,ODOHEU__ligand250-0
79,ODOHEU__ligand955-0
80,ODOHEU__ligand252-0
81,ODOHEU__ligand1307-0
82,ODOHEU__ligand193-0
83,ODOHEU__ligand830-0
84,ODOHEU__ligand62-0
85,ODOHEU__ligand909-0
86,ODOHEU__ligand3853-0
87,ODOHEU__ligand2853-0
88,ODOHEU__ligand2599-0
89,ODOHEU__ligand5089-0
90,ODOHEU__ligand851-0
91,ODOHEU__ligand1246-0
92,ODOHEU__ligand86-0
93,ODOHEU__ligand6166-0
94,ODOHEU__ligand934-0
95,ODOHEU__ligand177-0
96,ODOHEU__ligand2915-0
97,ODOHEU__ligand210-0
98,ODOHEU__ligand4012-0
99,ODOHEU__ligand3196-0
100,ODOHEU__ligand1551-0
101,ODOHEU__ligand314-0
102,ODOHEU__ligand2526-0
103,ODOHEU__ligand481-0
104,ODOHEU__ligand391-0
105,ODOHEU__ligand1690-0
106,ODOHEU__ligand2707-0
107,ODOHEU__ligand170-0
108,ODOHEU__ligand3618-0
109,ODOHEU__ligand2618-0
110,ODOHEU__ligand236-0
111,ODOHEU__ligand1436-0
112,ODOHEU__ligand4370-0
113,ODOHEU__ligand353-0
114,ODOHEU__ligand196-0
115,ODOHEU__ligand502-0
116,ODOHEU__ligand67-0
117,ODOHEU__ligand1918-0
118,ODOHEU__ligand2255-0
119,ODOHEU__ligand422-0
120,ODOHEU__ligand15630-0
121,ODOHEU__ligand10357-0
122,ODOHEU__ligand113-0
123,ODOHEU__ligand4175-0
124,ODOHEU__ligand9176-0
125,ODOHEU__ligand2718-0
126,ODOHEU__ligand3070-0
127,ODOHEU__ligand3035-0
128,ODOHEU__ligand1493-0
129,ODOHEU__ligand4619-0
130,ODOHEU__ligand682-0
131,ODOHEU__ligand5235-0
132,ODOHEU__ligand6143-0
133,ODOHEU__ligand3251-0
134,ODOHEU__ligand1818-0
135,ODOHEU__ligand133-0
136,ODOHEU__ligand7456-0
137,ODOHEU__ligand447-0
138,ODOHEU__ligand5758-0
139,ODOHEU__ligand487-0
140,ODOHEU__ligand666-0
141,ODOHEU__ligand3478-0
142,ODOHEU__ligand3852-0
143,ODOHEU__ligand522-0
144,ODOHEU__ligand1285-0
145,ODOHEU__ligand485-0
146,ODOHEU__ligand45-0
147,ODOHEU__ligand1555-0
148,ODOHEU__ligand355-0
149,ODOHEU__ligand784-0
150,ODOHEU__ligand7630-0
151,ODOHEU__ligand3890-0
152,ODOHEU__ligand85-0
153,ODOHEU__ligand4423-0
154,ODOHEU__ligand78-0
155,ODOHEU__ligand1907-0
156,ODOHEU__ligand2762-0
157,ODOHEU__ligand1038-0
158,ODOHEU__ligand115-0
159,ODOHEU__ligand2253-0
160,ODOHEU__ligand1160-0
161,ODOHEU__ligand2954-0
162,ODOHEU__ligand5093-0
163,ODOHEU__ligand291-0
164,ODOHEU__ligand7550-0
165,ODOHEU__ligand1538-0
166,ODOHEU__ligand1114-0
167,ODOHEU__ligand124-0
168,ODOHEU__ligand119-0
169,ODOHEU__ligand9244-0
170,ODOHEU__ligand1228-0
171,ODOHEU__ligand178-0
172,ODOHEU__ligand1479-0
173,ODOHEU__ligand279-0
174,ODOHEU__ligand89-0
175,ODOHEU__ligand321-0
176,ODOHEU__ligand1148-0
177,ODOHEU__ligand3246-0
178,ODOHEU__ligand49-0
179,ODOHEU__ligand3-0
180,ODOHEU__ligand201-0
181,ODOHEU__ligand244-0
182,ODOHEU__ligand100-0
183,ODOHEU__ligand3145-0
184,ODOHEU__ligand1-0
185,ODOHEU__ligand1747-0
186,ODOHEU__ligand6686-0
187,ODOHEU__ligand596-0
188,ODOHEU__ligand7915-0
189,ODOHEU__ligand5548-0
190,ODOHEU__ligand2863-0
191,ODOHEU__ligand187-0
192,ODOHEU__ligand2098-0
193,ODOHEU__ligand612-0
194,ODOHEU__ligand6502-0
195,ODOHEU__ligand861-0
196,ODOHEU__ligand6332-0
197,ODOHEU__ligand366-0
198,ODOHEU__ligand3178-0
199,ODOHEU__ligand3041-0
200,ODOHEU__ligand2634-0
201,ODOHEU__ligand1542-0
202,ODOHEU__ligand17-0
203,ODOHEU__ligand92-0
204,ODOHEU__ligand2751-0
205,ODOHEU__ligand126-0
206,ODOHEU__ligand2259-0
207,ODOHEU__ligand2688-0
208,ODOHEU__ligand797-0
209,ODOHEU__ligand1376-0
210,ODOHEU__ligand2768-0
211,ODOHEU__ligand6277-0
212,ODOHEU__ligand1687-0
213,ODOHEU__ligand1951-0
214,ODOHEU__ligand757-0
215,ODOHEU__ligand3734-0
216,ODOHEU__ligand1706-0
217,ODOHEU__ligand4381-0
218,ODOHEU__ligand2629-0
219,ODOHEU__ligand5801-0
220,ODOHEU__ligand3063-0
221,ODOHEU__ligand1438-0
222,ODOHEU__ligand141-0
223,ODOHEU__ligand240-0
224,ODOHEU__ligand1171-0
225,ODOHEU__ligand3757-0
226,ODOHEU__ligand120-0
227,ODOHEU__ligand2087-0
228,ODOHEU__ligand1048-0
229,ODOHEU__ligand384-0
230,ODOHEU__ligand1685-0
231,ODOHEU__ligand1544-0
232,ODOHEU__ligand11-0
233,ODOHEU__ligand1459-0
234,ODOHEU__ligand11730-0
235,ODOHEU__ligand2510-0
236,ODOHEU__ligand32-0
237,ODOHEU__ligand2285-0
238,ODOHEU__ligand1567-0
239,ODOHEU__ligand8921-0
240,ODOHEU__ligand2862-0
241,ODOHEU__ligand2320-0
242,ODOHEU__ligand1056-0
243,ODOHEU__ligand1703-0
244,ODOHEU__ligand2430-0
245,ODOHEU__ligand2907-0
246,ODOHEU__ligand226-0
247,ODOHEU__ligand1727-0
248,ODOHEU__ligand162-0
249,ODOHEU__ligand1152-0
250,ODOHEU__ligand383-0
251,ODOHEU__ligand1607-0
252,ODOHEU__ligand51-0
253,ODOHEU__ligand3637-0
254,ODOHEU__ligand8774-0
255,ODOHEU__ligand571-0
256,ODOHEU__ligand118-0
257,ODOHEU__ligand670-0
258,ODOHEU__ligand509-0
259,ODOHEU__ligand91-0
260,ODOHEU__ligand29-0
261,ODOHEU__ligand669-0
262,ODOHEU__ligand48-0
263,ODOHEU__ligand7464-0
264,ODOHEU__ligand430-0
265,ODOHEU__ligand358-0
266,ODOHEU__ligand1248-0
267,ODOHEU__ligand365-0
268,ODOHEU__ligand4303-0
269,ODOHEU__ligand1598-0
270,ODOHEU__ligand1054-0
271,ODOHEU__ligand6294-0
272,ODOHEU__ligand278-0
273,ODOHEU__ligand6-0
274,ODOHEU__ligand2142-0
275,ODOHEU__ligand6538-0
276,ODOHEU__ligand140-0
277,ODOHEU__ligand105-0
278,ODOHEU__ligand9495-0
279,ODOHEU__ligand6151-0
280,ODOHEU__ligand2772-0
281,ODOHEU__ligand2864-0
282,ODOHEU__ligand34-0
283,ODOHEU__ligand409-0
284,ODOHEU__ligand324-0
285,ODOHEU__ligand361-0
286,ODOHEU__ligand575-0
287,ODOHEU__ligand5022-0
288,ODOHEU__ligand1169-0
289,ODOHEU__ligand55-0
290,ODOHEU__ligand95-0
291,ODOHEU__ligand199-0
292,ODOHEU__ligand2838-0
293,ODOHEU__ligand1799-0
294,ODOHEU__ligand3838-0
295,ODOHEU__ligand927-0
296,ODOHEU__ligand2880-0
297,ODOHEU__ligand5941-0
298,ODOHEU__ligand6396-0
299,ODOHEU__ligand1113-0
300,ODOHEU__ligand2265-0
301,ODOHEU__ligand838-0
302,ODOHEU__ligand166-0
303,ODOHEU__ligand9027-0
304,ODOHEU__ligand532-0
305,ODOHEU__ligand4983-0
306,ODOHEU__ligand2794-0
307,ODOHEU__ligand2345-0
308,ODOHEU__ligand633-0
309,ODOHEU__ligand1835-0
310,ODOHEU__ligand918-0
311,ODOHEU__ligand57-0
312,ODOHEU__ligand497-0
313,ODOHEU__ligand1502-0
314,ODOHEU__ligand283-0
315,ODOHEU__ligand1052-0
316,ODOHEU__ligand553-0
317,ODOHEU__ligand326-0
318,ODOHEU__ligand821-0
319,ODOHEU__ligand73-0
320,ODOHEU__ligand1273-0
321,ODOHEU__ligand4-0
322,ODOHEU__ligand436-0
323,ODOHEU__ligand206-0
324,ODOHEU__ligand142-0
