,TMC
0,FISYAI__ligand3145-0
1,FISYAI__ligand40-0
2,FISYAI__ligand6686-0
3,FISYAI__ligand1747-0
4,FISYAI__ligand10357-0
5,FISYAI__ligand7915-0
6,FISYAI__ligand8-0
7,FISYAI__ligand15630-0
8,FISYAI__ligand5548-0
9,FISYAI__ligand2863-0
10,FISYAI__ligand2098-0
11,FISYAI__ligand6502-0
12,FISYAI__ligand6332-0
13,FISYAI__ligand3178-0
14,FISYAI__ligand38-0
15,FISYAI__ligand383-0
16,FISYAI__ligand3041-0
17,FISYAI__ligand1542-0
18,FISYAI__ligand226-0
19,FISYAI__ligand2634-0
20,FISYAI__ligand162-0
21,FISYAI__ligand21-0
22,FISYAI__ligand2751-0
23,FISYAI__ligand1538-0
24,FISYAI__ligand571-0
25,FISYAI__ligand66-0
26,FISYAI__ligand118-0
27,FISYAI__ligand1114-0
28,FISYAI__ligand670-0
29,FISYAI__ligand9244-0
30,FISYAI__ligand1228-0
31,FISYAI__ligand509-0
32,FISYAI__ligand430-0
33,FISYAI__ligand1479-0
34,FISYAI__ligand358-0
35,FISYAI__ligand669-0
36,FISYAI__ligand1148-0
37,FISYAI__ligand3246-0
38,FISYAI__ligand278-0
39,FISYAI__ligand365-0
40,FISYAI__ligand105-0
41,FISYAI__ligand140-0
42,FISYAI__ligand86-0
43,FISYAI__ligand5801-0
44,FISYAI__ligand3063-0
45,FISYAI__ligand1438-0
46,FISYAI__ligand409-0
47,FISYAI__ligand361-0
48,FISYAI__ligand324-0
49,FISYAI__ligand1171-0
50,FISYAI__ligand3757-0
51,FISYAI__ligand2087-0
52,FISYAI__ligand1048-0
53,FISYAI__ligand1685-0
54,FISYAI__ligand575-0
55,FISYAI__ligand62-0
56,FISYAI__ligand1544-0
57,FISYAI__ligand199-0
58,FISYAI__ligand927-0
59,FISYAI__ligand1459-0
60,FISYAI__ligand2688-0
61,FISYAI__ligand2259-0
62,FISYAI__ligand166-0
63,FISYAI__ligand18-0
64,FISYAI__ligand1376-0
65,FISYAI__ligand2768-0
66,FISYAI__ligand838-0
67,FISYAI__ligand497-0
68,FISYAI__ligand6277-0
69,FISYAI__ligand532-0
70,FISYAI__ligand1687-0
71,FISYAI__ligand633-0
72,FISYAI__ligand1951-0
73,FISYAI__ligand918-0
74,FISYAI__ligand326-0
75,FISYAI__ligand3734-0
76,FISYAI__ligand821-0
77,FISYAI__ligand1706-0
78,FISYAI__ligand283-0
79,FISYAI__ligand4381-0
80,FISYAI__ligand2629-0
81,FISYAI__ligand553-0
82,FISYAI__ligand206-0
83,FISYAI__ligand142-0
84,FISYAI__ligand436-0
85,FISYAI__ligand124-0
86,FISYAI__ligand3637-0
87,FISYAI__ligand10114-0
88,FISYAI__ligand8774-0
89,FISYAI__ligand67-0
90,FISYAI__ligand119-0
91,FISYAI__ligand321-0
92,FISYAI__ligand10479-0
93,FISYAI__ligand7464-0
94,FISYAI__ligand178-0
95,FISYAI__ligand279-0
96,FISYAI__ligand1248-0
97,FISYAI__ligand244-0
98,FISYAI__ligand201-0
99,FISYAI__ligand4303-0
100,FISYAI__ligand1598-0
101,FISYAI__ligand100-0
102,FISYAI__ligand1054-0
103,FISYAI__ligand6294-0
104,FISYAI__ligand596-0
105,FISYAI__ligand2510-0
106,FISYAI__ligand1567-0
107,FISYAI__ligand2285-0
108,FISYAI__ligand8921-0
109,FISYAI__ligand2862-0
110,FISYAI__ligand1056-0
111,FISYAI__ligand2320-0
112,FISYAI__ligand2430-0
113,FISYAI__ligand861-0
114,FISYAI__ligand1703-0
115,FISYAI__ligand14530-0
116,FISYAI__ligand366-0
117,FISYAI__ligand2907-0
118,FISYAI__ligand187-0
119,FISYAI__ligand612-0
120,FISYAI__ligand1727-0
121,FISYAI__ligand1152-0
122,FISYAI__ligand10910-0
123,FISYAI__ligand1607-0
124,FISYAI__ligand126-0
125,FISYAI__ligand6396-0
126,FISYAI__ligand2265-0
127,FISYAI__ligand1113-0
128,FISYAI__ligand9027-0
129,FISYAI__ligand797-0
130,FISYAI__ligand4983-0
131,FISYAI__ligand1835-0
132,FISYAI__ligand757-0
133,FISYAI__ligand2345-0
134,FISYAI__ligand2794-0
135,FISYAI__ligand1502-0
136,FISYAI__ligand1052-0
137,FISYAI__ligand78-0
138,FISYAI__ligand85-0
139,FISYAI__ligand45-0
140,FISYAI__ligand1273-0
141,FISYAI__ligand2142-0
142,FISYAI__ligand6538-0
143,FISYAI__ligand9495-0
144,FISYAI__ligand2772-0
145,FISYAI__ligand6151-0
146,FISYAI__ligand2864-0
147,FISYAI__ligand141-0
148,FISYAI__ligand240-0
149,FISYAI__ligand384-0
150,FISYAI__ligand120-0
151,FISYAI__ligand5022-0
152,FISYAI__ligand1169-0
153,FISYAI__ligand3838-0
154,FISYAI__ligand1799-0
155,FISYAI__ligand2838-0
156,FISYAI__ligand5941-0
157,FISYAI__ligand2880-0
158,FISYAI__ligand92-0
159,FISYAI__ligand2929-0
160,FISYAI__ligand210-0
161,FISYAI__ligand2376-0
162,FISYAI__ligand1379-0
163,FISYAI__ligand1264-0
164,FISYAI__ligand17-0
165,FISYAI__ligand1221-0
166,FISYAI__ligand6430-0
167,FISYAI__ligand1299-0
168,FISYAI__ligand314-0
169,FISYAI__ligand481-0
170,FISYAI__ligand2442-0
171,FISYAI__ligand1019-0
172,FISYAI__ligand1104-0
173,FISYAI__ligand7414-0
174,FISYAI__ligand5762-0
175,FISYAI__ligand170-0
176,FISYAI__ligand391-0
177,FISYAI__ligand6571-0
178,FISYAI__ligand3-0
179,FISYAI__ligand2482-0
180,FISYAI__ligand1325-0
181,FISYAI__ligand49-0
182,FISYAI__ligand5334-0
183,FISYAI__ligand236-0
184,FISYAI__ligand2480-0
185,FISYAI__ligand3051-0
186,FISYAI__ligand4504-0
187,FISYAI__ligand1-0
188,FISYAI__ligand1898-0
189,FISYAI__ligand2315-0
190,FISYAI__ligand1858-0
191,FISYAI__ligand8032-0
192,FISYAI__ligand353-0
193,FISYAI__ligand89-0
194,FISYAI__ligand1712-0
195,FISYAI__ligand3579-0
196,FISYAI__ligand502-0
197,FISYAI__ligand196-0
198,FISYAI__ligand2110-0
199,FISYAI__ligand2916-0
200,FISYAI__ligand113-0
201,FISYAI__ligand1919-0
202,FISYAI__ligand2389-0
203,FISYAI__ligand422-0
204,FISYAI__ligand11-0
205,FISYAI__ligand1307-0
206,FISYAI__ligand682-0
207,FISYAI__ligand2853-0
208,FISYAI__ligand447-0
209,FISYAI__ligand3853-0
210,FISYAI__ligand5089-0
211,FISYAI__ligand2599-0
212,FISYAI__ligand133-0
213,FISYAI__ligand666-0
214,FISYAI__ligand522-0
215,FISYAI__ligand1246-0
216,FISYAI__ligand6166-0
217,FISYAI__ligand487-0
218,FISYAI__ligand485-0
219,FISYAI__ligand355-0
220,FISYAI__ligand784-0
221,FISYAI__ligand1788-0
222,FISYAI__ligand1321-0
223,FISYAI__ligand3566-0
224,FISYAI__ligand1178-0
225,FISYAI__ligand7514-0
226,FISYAI__ligand3337-0
227,FISYAI__ligand1449-1
228,FISYAI__ligand115-0
229,FISYAI__ligand4811-0
230,FISYAI__ligand291-0
231,FISYAI__ligand1260-0
232,FISYAI__ligand4894-0
233,FISYAI__ligand9620-0
234,FISYAI__ligand2618-0
235,FISYAI__ligand3618-0
236,FISYAI__ligand1436-0
237,FISYAI__ligand352-0
238,FISYAI__ligand783-0
239,FISYAI__ligand442-0
240,FISYAI__ligand868-0
241,FISYAI__ligand136-0
242,FISYAI__ligand48-0
243,FISYAI__ligand4370-0
244,FISYAI__ligand29-0
245,FISYAI__ligand91-0
246,FISYAI__ligand112-0
247,FISYAI__ligand1918-0
248,FISYAI__ligand296-0
249,FISYAI__ligand2255-0
250,FISYAI__ligand197-0
251,FISYAI__ligand51-0
252,FISYAI__ligand4175-0
253,FISYAI__ligand993-0
254,FISYAI__ligand2915-0
255,FISYAI__ligand294-0
256,FISYAI__ligand331-0
257,FISYAI__ligand421-0
258,FISYAI__ligand798-0
259,FISYAI__ligand584-0
260,FISYAI__ligand3196-0
261,FISYAI__ligand916-0
262,FISYAI__ligand4012-0
263,FISYAI__ligand390-0
264,FISYAI__ligand235-0
265,FISYAI__ligand1551-0
266,FISYAI__ligand2526-0
267,FISYAI__ligand932-0
268,FISYAI__ligand134-0
269,FISYAI__ligand109-0
270,FISYAI__ligand560-0
271,FISYAI__ligand525-0
272,FISYAI__ligand1690-0
273,FISYAI__ligand32-0
274,FISYAI__ligand2707-0
275,FISYAI__ligand1285-0
276,FISYAI__ligand1555-0
277,FISYAI__ligand188-0
278,FISYAI__ligand6-0
279,FISYAI__ligand11730-0
280,FISYAI__ligand369-0
281,FISYAI__ligand7630-0
282,FISYAI__ligand444-0
283,FISYAI__ligand3890-0
284,FISYAI__ligand311-0
285,FISYAI__ligand73-0
286,FISYAI__ligand4423-0
287,FISYAI__ligand1907-0
288,FISYAI__ligand370-0
289,FISYAI__ligand2762-0
290,FISYAI__ligand1038-0
291,FISYAI__ligand1160-0
292,FISYAI__ligand2253-0
293,FISYAI__ligand57-0
294,FISYAI__ligand5093-0
295,FISYAI__ligand2954-0
296,FISYAI__ligand250-0
297,FISYAI__ligand7550-0
298,FISYAI__ligand460-0
299,FISYAI__ligand95-0
300,FISYAI__ligand955-0
301,FISYAI__ligand252-0
302,FISYAI__ligand9176-0
303,FISYAI__ligand2718-0
304,FISYAI__ligand3035-0
305,FISYAI__ligand3070-0
306,FISYAI__ligand1493-0
307,FISYAI__ligand830-0
308,FISYAI__ligand4619-0
309,FISYAI__ligand6143-0
310,FISYAI__ligand5235-0
311,FISYAI__ligand193-0
312,FISYAI__ligand55-0
313,FISYAI__ligand3251-0
314,FISYAI__ligand1818-0
315,FISYAI__ligand851-0
316,FISYAI__ligand7456-0
317,FISYAI__ligand909-0
318,FISYAI__ligand34-0
319,FISYAI__ligand5758-0
320,FISYAI__ligand934-0
321,FISYAI__ligand177-0
322,FISYAI__ligand3478-0
323,FISYAI__ligand3852-0
324,FISYAI__ligand4-0
