,TMC
0,ZOWPUW__ligand122-0
1,ZOWPUW__ligand28668-0
2,ZOWPUW__ligand4332-0
3,ZOWPUW__ligand9681-0
4,ZOWPUW__ligand16791-0
5,ZOWPUW__ligand7530-0
6,ZOWPUW__ligand18465-0
7,ZOWPUW__ligand1065-0
8,ZOWPUW__ligand18799-0
9,ZOWPUW__ligand3012-0
10,ZOWPUW__ligand757-0
11,ZOWPUW__ligand1449-0
12,ZOWPUW__ligand29863-0
13,ZOWPUW__ligand13869-0
14,ZOWPUW__ligand18074-0
15,ZOWPUW__ligand2403-0
16,ZOWPUW__ligand6455-0
17,ZOWPUW__ligand6882-0
18,ZOWPUW__ligand11140-0
19,ZOWPUW__ligand3934-0
20,ZOWPUW__ligand29610-0
21,ZOWPUW__ligand12467-0
22,ZOWPUW__ligand7529-0
23,ZOWPUW__ligand1415-0
24,ZOWPUW__ligand6946-0
25,ZOWPUW__ligand25267-0
26,ZOWPUW__ligand10084-0
27,ZOWPUW__ligand23904-0
28,ZOWPUW__ligand9148-0
29,ZOWPUW__ligand13257-0
30,ZOWPUW__ligand21936-0
31,ZOWPUW__ligand25805-0
32,ZOWPUW__ligand22981-0
33,ZOWPUW__ligand5483-0
34,ZOWPUW__ligand693-0
35,ZOWPUW__ligand20599-0
36,ZOWPUW__ligand5316-0
37,ZOWPUW__ligand27074-0
38,ZOWPUW__ligand14523-0
39,ZOWPUW__ligand27169-0
40,ZOWPUW__ligand2830-0
41,ZOWPUW__ligand18391-0
42,ZOWPUW__ligand1729-0
43,ZOWPUW__ligand5627-0
44,ZOWPUW__ligand141-0
45,ZOWPUW__ligand12295-0
46,ZOWPUW__ligand27835-0
47,ZOWPUW__ligand6062-0
48,ZOWPUW__ligand240-0
49,ZOWPUW__ligand4738-0
50,ZOWPUW__ligand45-0
51,ZOWPUW__ligand5813-0
52,ZOWPUW__ligand4813-0
53,ZOWPUW__ligand25575-0
54,ZOWPUW__ligand21787-0
55,ZOWPUW__ligand6283-0
56,ZOWPUW__ligand25689-0
57,ZOWPUW__ligand7107-0
58,ZOWPUW__ligand30539-0
59,ZOWPUW__ligand3215-0
60,ZOWPUW__ligand21132-0
61,ZOWPUW__ligand78-0
62,ZOWPUW__ligand11166-0
63,ZOWPUW__ligand23906-0
64,ZOWPUW__ligand768-0
65,ZOWPUW__ligand7925-0
66,ZOWPUW__ligand2068-0
67,ZOWPUW__ligand11206-0
68,ZOWPUW__ligand3973-0
69,ZOWPUW__ligand23124-0
70,ZOWPUW__ligand1147-0
71,ZOWPUW__ligand12519-0
72,ZOWPUW__ligand19-0
73,ZOWPUW__ligand25735-0
74,ZOWPUW__ligand19257-0
75,ZOWPUW__ligand13209-0
76,ZOWPUW__ligand24-0
77,ZOWPUW__ligand4330-0
78,ZOWPUW__ligand12660-0
79,ZOWPUW__ligand2599-0
80,ZOWPUW__ligand384-0
81,ZOWPUW__ligand4194-0
82,ZOWPUW__ligand31248-0
83,ZOWPUW__ligand7532-0
84,ZOWPUW__ligand25650-0
85,ZOWPUW__ligand9197-0
86,ZOWPUW__ligand1900-0
87,ZOWPUW__ligand22755-0
88,ZOWPUW__ligand7162-0
89,ZOWPUW__ligand10432-0
90,ZOWPUW__ligand31618-0
91,ZOWPUW__ligand3029-0
92,ZOWPUW__ligand11432-0
93,ZOWPUW__ligand4581-0
94,ZOWPUW__ligand26277-0
95,ZOWPUW__ligand1773-0
96,ZOWPUW__ligand29898-0
97,ZOWPUW__ligand2328-0
98,ZOWPUW__ligand15168-0
99,ZOWPUW__ligand2781-0
100,ZOWPUW__ligand7573-0
101,ZOWPUW__ligand338-0
102,ZOWPUW__ligand3350-0
103,ZOWPUW__ligand8722-0
104,ZOWPUW__ligand1327-0
105,ZOWPUW__ligand6672-0
106,ZOWPUW__ligand9809-0
107,ZOWPUW__ligand23589-0
108,ZOWPUW__ligand24064-0
109,ZOWPUW__ligand3208-0
110,ZOWPUW__ligand2208-0
111,ZOWPUW__ligand18703-0
112,ZOWPUW__ligand7557-0
113,ZOWPUW__ligand1496-0
114,ZOWPUW__ligand29087-0
115,ZOWPUW__ligand201-0
116,ZOWPUW__ligand28924-0
117,ZOWPUW__ligand15438-0
118,ZOWPUW__ligand1533-0
119,ZOWPUW__ligand178-0
120,ZOWPUW__ligand5892-0
121,ZOWPUW__ligand5094-0
122,ZOWPUW__ligand24750-0
123,ZOWPUW__ligand279-0
124,ZOWPUW__ligand185-0
125,ZOWPUW__ligand17207-0
126,ZOWPUW__ligand31578-0
127,ZOWPUW__ligand321-0
128,ZOWPUW__ligand1712-0
129,ZOWPUW__ligand4131-0
130,ZOWPUW__ligand17945-0
131,ZOWPUW__ligand18013-0
132,ZOWPUW__ligand25224-0
133,ZOWPUW__ligand12682-0
134,ZOWPUW__ligand18699-0
135,ZOWPUW__ligand9525-0
136,ZOWPUW__ligand187-0
137,ZOWPUW__ligand1165-0
138,ZOWPUW__ligand657-0
139,ZOWPUW__ligand3157-0
140,ZOWPUW__ligand2722-0
141,ZOWPUW__ligand17590-0
142,ZOWPUW__ligand1379-0
143,ZOWPUW__ligand5935-0
144,ZOWPUW__ligand17240-0
145,ZOWPUW__ligand366-0
146,ZOWPUW__ligand1768-0
147,ZOWPUW__ligand12336-0
148,ZOWPUW__ligand777-0
149,ZOWPUW__ligand1469-0
150,ZOWPUW__ligand13072-0
151,ZOWPUW__ligand3871-0
152,ZOWPUW__ligand5357-0
153,ZOWPUW__ligand3647-0
154,ZOWPUW__ligand941-0
155,ZOWPUW__ligand1688-0
156,ZOWPUW__ligand596-0
157,ZOWPUW__ligand5056-0
158,ZOWPUW__ligand4850-0
159,ZOWPUW__ligand43-0
160,ZOWPUW__ligand19725-0
161,ZOWPUW__ligand8349-0
162,ZOWPUW__ligand24613-0
163,ZOWPUW__ligand1709-0
164,ZOWPUW__ligand8464-0
165,ZOWPUW__ligand67-0
166,ZOWPUW__ligand2527-0
167,ZOWPUW__ligand126-0
168,ZOWPUW__ligand163-0
169,ZOWPUW__ligand10555-0
170,ZOWPUW__ligand31483-0
171,ZOWPUW__ligand11568-0
172,ZOWPUW__ligand17710-0
173,ZOWPUW__ligand20579-0
174,ZOWPUW__ligand5849-0
175,ZOWPUW__ligand11774-0
176,ZOWPUW__ligand14586-0
177,ZOWPUW__ligand4911-0
178,ZOWPUW__ligand1771-0
179,ZOWPUW__ligand845-0
180,ZOWPUW__ligand3392-0
181,ZOWPUW__ligand21421-0
182,ZOWPUW__ligand1263-0
183,ZOWPUW__ligand9908-0
184,ZOWPUW__ligand25411-0
185,ZOWPUW__ligand11456-0
186,ZOWPUW__ligand7106-0
187,ZOWPUW__ligand10712-0
188,ZOWPUW__ligand324-0
189,ZOWPUW__ligand14174-0
190,ZOWPUW__ligand361-0
191,ZOWPUW__ligand409-0
192,ZOWPUW__ligand7242-0
193,ZOWPUW__ligand1844-0
194,ZOWPUW__ligand4661-0
195,ZOWPUW__ligand13331-0
196,ZOWPUW__ligand28884-0
197,ZOWPUW__ligand3876-0
198,ZOWPUW__ligand1343-0
199,ZOWPUW__ligand3035-0
200,ZOWPUW__ligand29879-0
201,ZOWPUW__ligand14248-0
202,ZOWPUW__ligand6616-0
203,ZOWPUW__ligand3718-0
204,ZOWPUW__ligand12030-0
205,ZOWPUW__ligand9935-0
206,ZOWPUW__ligand13294-0
207,ZOWPUW__ligand1536-0
208,ZOWPUW__ligand31832-0
209,ZOWPUW__ligand1573-0
210,ZOWPUW__ligand1959-0
211,ZOWPUW__ligand3504-0
212,ZOWPUW__ligand6919-0
213,ZOWPUW__ligand2485-0
214,ZOWPUW__ligand3852-0
215,ZOWPUW__ligand3565-0
216,ZOWPUW__ligand199-0
217,ZOWPUW__ligand13208-0
218,ZOWPUW__ligand27482-0
219,ZOWPUW__ligand5331-0
220,ZOWPUW__ligand1512-0
221,ZOWPUW__ligand26810-0
222,ZOWPUW__ligand6839-0
223,ZOWPUW__ligand3174-0
224,ZOWPUW__ligand1202-0
225,ZOWPUW__ligand3937-0
226,ZOWPUW__ligand3131-0
227,ZOWPUW__ligand588-0
228,ZOWPUW__ligand8969-0
229,ZOWPUW__ligand20682-0
230,ZOWPUW__ligand4720-0
231,ZOWPUW__ligand18-0
232,ZOWPUW__ligand3094-0
233,ZOWPUW__ligand4155-0
234,ZOWPUW__ligand300-0
235,ZOWPUW__ligand5211-0
236,ZOWPUW__ligand13390-0
237,ZOWPUW__ligand31097-0
238,ZOWPUW__ligand21581-0
239,ZOWPUW__ligand2232-0
240,ZOWPUW__ligand2176-0
241,ZOWPUW__ligand20251-0
242,ZOWPUW__ligand20214-0
243,ZOWPUW__ligand30702-0
244,ZOWPUW__ligand20539-0
245,ZOWPUW__ligand9291-0
246,ZOWPUW__ligand633-0
247,ZOWPUW__ligand2828-0
248,ZOWPUW__ligand8876-0
249,ZOWPUW__ligand7648-0
250,ZOWPUW__ligand497-0
251,ZOWPUW__ligand9833-0
252,ZOWPUW__ligand5256-0
253,ZOWPUW__ligand17261-0
254,ZOWPUW__ligand14117-0
255,ZOWPUW__ligand4157-0
256,ZOWPUW__ligand28789-0
257,ZOWPUW__ligand17118-0
258,ZOWPUW__ligand4503-0
259,ZOWPUW__ligand4546-0
260,ZOWPUW__ligand21371-0
261,ZOWPUW__ligand20419-0
262,ZOWPUW__ligand6768-0
263,ZOWPUW__ligand8115-0
264,ZOWPUW__ligand7000-0
265,ZOWPUW__ligand30851-0
266,ZOWPUW__ligand1982-0
267,ZOWPUW__ligand14889-0
268,ZOWPUW__ligand29568-0
269,ZOWPUW__ligand1285-0
270,ZOWPUW__ligand7280-0
271,ZOWPUW__ligand1790-0
272,ZOWPUW__ligand1304-0
273,ZOWPUW__ligand436-0
274,ZOWPUW__ligand29414-0
275,ZOWPUW__ligand17982-0
276,ZOWPUW__ligand7238-0
277,ZOWPUW__ligand17278-0
278,ZOWPUW__ligand20011-0
279,ZOWPUW__ligand22557-0
280,ZOWPUW__ligand10589-0
281,ZOWPUW__ligand24047-0
282,ZOWPUW__ligand4016-0
283,ZOWPUW__ligand11675-0
284,ZOWPUW__ligand692-0
285,ZOWPUW__ligand20598-0
286,ZOWPUW__ligand7867-0
287,ZOWPUW__ligand17398-0
288,ZOWPUW__ligand1219-0
289,ZOWPUW__ligand6709-0
290,ZOWPUW__ligand4442-0
291,ZOWPUW__ligand4093-0
292,ZOWPUW__ligand3954-0
293,ZOWPUW__ligand14703-0
294,ZOWPUW__ligand16475-0
295,ZOWPUW__ligand9520-0
296,ZOWPUW__ligand1160-0
297,ZOWPUW__ligand8699-0
298,ZOWPUW__ligand20251-1
299,ZOWPUW__ligand326-0
300,ZOWPUW__ligand9784-0
301,ZOWPUW__ligand1451-0
302,ZOWPUW__ligand4272-0
303,ZOWPUW__ligand7629-0
304,ZOWPUW__ligand8-0
305,ZOWPUW__ligand1530-0
306,ZOWPUW__ligand1575-0
307,ZOWPUW__ligand9933-0
308,ZOWPUW__ligand12606-0
309,ZOWPUW__ligand30333-0
310,ZOWPUW__ligand1631-0
311,ZOWPUW__ligand696-0
312,ZOWPUW__ligand42-0
313,ZOWPUW__ligand9441-0
314,ZOWPUW__ligand29410-0
315,ZOWPUW__ligand12337-0
316,ZOWPUW__ligand2332-0
317,ZOWPUW__ligand26540-0
318,ZOWPUW__ligand17281-0
319,ZOWPUW__ligand30296-0
320,ZOWPUW__ligand16628-0
321,ZOWPUW__ligand1378-0
322,ZOWPUW__ligand6244-0
323,ZOWPUW__ligand20740-0
324,ZOWPUW__ligand28468-0
325,ZOWPUW__ligand12427-0
326,ZOWPUW__ligand27460-0
327,ZOWPUW__ligand656-0
328,ZOWPUW__ligand3156-0
329,ZOWPUW__ligand2915-0
330,ZOWPUW__ligand30988-0
331,ZOWPUW__ligand1018-0
332,ZOWPUW__ligand4116-0
333,ZOWPUW__ligand3707-0
334,ZOWPUW__ligand6124-0
335,ZOWPUW__ligand23713-0
336,ZOWPUW__ligand18832-0
337,ZOWPUW__ligand7967-0
338,ZOWPUW__ligand27175-0
339,ZOWPUW__ligand19641-0
340,ZOWPUW__ligand15422-0
341,ZOWPUW__ligand20578-0
342,ZOWPUW__ligand12934-0
343,ZOWPUW__ligand9601-0
344,ZOWPUW__ligand27893-0
345,ZOWPUW__ligand8992-0
346,ZOWPUW__ligand14723-0
347,ZOWPUW__ligand226-0
348,ZOWPUW__ligand66-0
349,ZOWPUW__ligand2526-0
350,ZOWPUW__ligand5036-0
351,ZOWPUW__ligand31783-0
352,ZOWPUW__ligand1615-0
353,ZOWPUW__ligand162-0
354,ZOWPUW__ligand9952-0
355,ZOWPUW__ligand9111-0
356,ZOWPUW__ligand26665-0
357,ZOWPUW__ligand1324-0
358,ZOWPUW__ligand383-0
359,ZOWPUW__ligand13012-0
360,ZOWPUW__ligand17631-0
361,ZOWPUW__ligand8721-0
362,ZOWPUW__ligand17258-0
363,ZOWPUW__ligand5643-0
364,ZOWPUW__ligand1823-0
365,ZOWPUW__ligand416-0
366,ZOWPUW__ligand14297-0
367,ZOWPUW__ligand14603-0
368,ZOWPUW__ligand17805-0
369,ZOWPUW__ligand17302-0
370,ZOWPUW__ligand25178-0
371,ZOWPUW__ligand4641-0
372,ZOWPUW__ligand23769-0
373,ZOWPUW__ligand24185-0
374,ZOWPUW__ligand19830-0
375,ZOWPUW__ligand13068-0
376,ZOWPUW__ligand7126-0
377,ZOWPUW__ligand2028-0
378,ZOWPUW__ligand10476-0
379,ZOWPUW__ligand8835-0
380,ZOWPUW__ligand24145-0
381,ZOWPUW__ligand15585-0
382,ZOWPUW__ligand12401-0
383,ZOWPUW__ligand12231-0
384,ZOWPUW__ligand571-0
385,ZOWPUW__ligand534-0
386,ZOWPUW__ligand1142-0
387,ZOWPUW__ligand3234-0
388,ZOWPUW__ligand12130-0
389,ZOWPUW__ligand17387-0
390,ZOWPUW__ligand670-0
391,ZOWPUW__ligand13658-0
392,ZOWPUW__ligand26702-0
393,ZOWPUW__ligand12289-0
394,ZOWPUW__ligand18292-0
395,ZOWPUW__ligand13425-0
396,ZOWPUW__ligand29302-0
397,ZOWPUW__ligand3465-0
398,ZOWPUW__ligand3721-0
399,ZOWPUW__ligand6904-0
400,ZOWPUW__ligand19057-0
401,ZOWPUW__ligand6596-0
402,ZOWPUW__ligand6102-0
403,ZOWPUW__ligand18814-0
404,ZOWPUW__ligand2917-0
405,ZOWPUW__ligand27763-0
406,ZOWPUW__ligand7819-0
407,ZOWPUW__ligand10262-0
408,ZOWPUW__ligand28676-0
409,ZOWPUW__ligand38-0
410,ZOWPUW__ligand694-0
411,ZOWPUW__ligand10958-0
412,ZOWPUW__ligand12641-0
413,ZOWPUW__ligand2295-0
414,ZOWPUW__ligand1577-0
415,ZOWPUW__ligand6067-0
416,ZOWPUW__ligand488-0
417,ZOWPUW__ligand14108-0
418,ZOWPUW__ligand4620-0
419,ZOWPUW__ligand358-0
420,ZOWPUW__ligand430-0
421,ZOWPUW__ligand564-0
422,ZOWPUW__ligand2221-0
423,ZOWPUW__ligand4358-0
424,ZOWPUW__ligand620-0
425,ZOWPUW__ligand11682-0
426,ZOWPUW__ligand20207-0
427,ZOWPUW__ligand30711-0
428,ZOWPUW__ligand3120-0
429,ZOWPUW__ligand370-1
430,ZOWPUW__ligand3926-0
431,ZOWPUW__ligand5595-0
432,ZOWPUW__ligand25913-0
433,ZOWPUW__ligand16988-0
434,ZOWPUW__ligand4101-0
435,ZOWPUW__ligand479-0
436,ZOWPUW__ligand785-0
437,ZOWPUW__ligand311-0
438,ZOWPUW__ligand14614-0
439,ZOWPUW__ligand9773-0
440,ZOWPUW__ligand16663-0
441,ZOWPUW__ligand1376-0
442,ZOWPUW__ligand5510-0
443,ZOWPUW__ligand31842-0
444,ZOWPUW__ligand1197-0
445,ZOWPUW__ligand31044-0
446,ZOWPUW__ligand5099-0
447,ZOWPUW__ligand8592-0
448,ZOWPUW__ligand11994-0
449,ZOWPUW__ligand1296-0
450,ZOWPUW__ligand188-0
451,ZOWPUW__ligand24035-0
452,ZOWPUW__ligand2259-0
453,ZOWPUW__ligand34-0
454,ZOWPUW__ligand1317-0
455,ZOWPUW__ligand3867-0
456,ZOWPUW__ligand2822-0
457,ZOWPUW__ligand7293-0
458,ZOWPUW__ligand15531-0
459,ZOWPUW__ligand28743-0
460,ZOWPUW__ligand13862-0
461,ZOWPUW__ligand11357-0
462,ZOWPUW__ligand10056-0
463,ZOWPUW__ligand12365-0
464,ZOWPUW__ligand2238-0
465,ZOWPUW__ligand55-0
466,ZOWPUW__ligand21919-0
467,ZOWPUW__ligand250-0
468,ZOWPUW__ligand28930-0
469,ZOWPUW__ligand22168-0
470,ZOWPUW__ligand9167-0
471,ZOWPUW__ligand22294-0
472,ZOWPUW__ligand5304-0
473,ZOWPUW__ligand7762-0
474,ZOWPUW__ligand5080-0
475,ZOWPUW__ligand15883-0
476,ZOWPUW__ligand68-0
477,ZOWPUW__ligand11970-0
478,ZOWPUW__ligand370-0
479,ZOWPUW__ligand15926-0
480,ZOWPUW__ligand10828-0
481,ZOWPUW__ligand19792-0
482,ZOWPUW__ligand11096-0
483,ZOWPUW__ligand11447-0
484,ZOWPUW__ligand5509-0
485,ZOWPUW__ligand28810-0
486,ZOWPUW__ligand8002-0
487,ZOWPUW__ligand1407-0
488,ZOWPUW__ligand6117-0
489,ZOWPUW__ligand24230-0
490,ZOWPUW__ligand193-0
491,ZOWPUW__ligand5383-0
492,ZOWPUW__ligand2693-0
493,ZOWPUW__ligand3945-0
494,ZOWPUW__ligand30142-0
495,ZOWPUW__ligand3736-0
496,ZOWPUW__ligand830-0
497,ZOWPUW__ligand27669-0
498,ZOWPUW__ligand8000-0
499,ZOWPUW__ligand372-0
500,ZOWPUW__ligand9344-0
501,ZOWPUW__ligand13477-0
502,ZOWPUW__ligand14167-0
503,ZOWPUW__ligand9883-0
504,ZOWPUW__ligand3677-1
505,ZOWPUW__ligand29029-0
506,ZOWPUW__ligand27285-0
507,ZOWPUW__ligand7291-0
508,ZOWPUW__ligand9299-0
509,ZOWPUW__ligand116-0
510,ZOWPUW__ligand23197-0
511,ZOWPUW__ligand4007-0
512,ZOWPUW__ligand2985-0
513,ZOWPUW__ligand57-0
514,ZOWPUW__ligand252-0
515,ZOWPUW__ligand10371-0
516,ZOWPUW__ligand6699-0
517,ZOWPUW__ligand28685-0
518,ZOWPUW__ligand18568-0
519,ZOWPUW__ligand1168-0
520,ZOWPUW__ligand1294-0
521,ZOWPUW__ligand13672-0
522,ZOWPUW__ligand177-0
523,ZOWPUW__ligand3632-0
524,ZOWPUW__ligand3677-0
525,ZOWPUW__ligand909-0
526,ZOWPUW__ligand1211-0
527,ZOWPUW__ligand19184-0
528,ZOWPUW__ligand6892-0
529,ZOWPUW__ligand1499-0
530,ZOWPUW__ligand18448-0
531,ZOWPUW__ligand12453-0
532,ZOWPUW__ligand28459-0
533,ZOWPUW__ligand2881-0
534,ZOWPUW__ligand1464-0
535,ZOWPUW__ligand3712-0
536,ZOWPUW__ligand9943-0
537,ZOWPUW__ligand1228-0
538,ZOWPUW__ligand32-0
539,ZOWPUW__ligand29215-0
540,ZOWPUW__ligand1604-0
541,ZOWPUW__ligand1832-0
542,ZOWPUW__ligand8788-0
543,ZOWPUW__ligand10872-0
544,ZOWPUW__ligand21399-0
545,ZOWPUW__ligand868-0
546,ZOWPUW__ligand16148-0
547,ZOWPUW__ligand26631-0
548,ZOWPUW__ligand4-0
549,ZOWPUW__ligand2043-0
550,ZOWPUW__ligand12003-0
551,ZOWPUW__ligand352-0
552,ZOWPUW__ligand783-0
553,ZOWPUW__ligand22403-0
554,ZOWPUW__ligand2417-0
555,ZOWPUW__ligand16369-0
556,ZOWPUW__ligand1114-0
557,ZOWPUW__ligand11111-0
558,ZOWPUW__ligand28540-0
559,ZOWPUW__ligand20695-0
560,ZOWPUW__ligand27754-0
561,ZOWPUW__ligand3126-0
562,ZOWPUW__ligand6391-0
563,ZOWPUW__ligand9284-0
564,ZOWPUW__ligand26529-0
565,ZOWPUW__ligand197-0
566,ZOWPUW__ligand1289-0
567,ZOWPUW__ligand2203-0
568,ZOWPUW__ligand5387-0
569,ZOWPUW__ligand11618-0
570,ZOWPUW__ligand26324-0
571,ZOWPUW__ligand28559-0
572,ZOWPUW__ligand16-0
573,ZOWPUW__ligand14043-0
574,ZOWPUW__ligand1599-0
575,ZOWPUW__ligand19927-0
576,ZOWPUW__ligand2612-0
577,ZOWPUW__ligand27239-0
578,ZOWPUW__ligand21729-0
579,ZOWPUW__ligand9450-0
580,ZOWPUW__ligand22129-0
581,ZOWPUW__ligand3178-0
582,ZOWPUW__ligand24780-0
583,ZOWPUW__ligand12138-0
584,ZOWPUW__ligand51-0
585,ZOWPUW__ligand685-0
586,ZOWPUW__ligand4807-0
587,ZOWPUW__ligand11949-0
588,ZOWPUW__ligand7196-0
589,ZOWPUW__ligand5159-0
590,ZOWPUW__ligand421-0
591,ZOWPUW__ligand1356-0
592,ZOWPUW__ligand1787-0
593,ZOWPUW__ligand25561-0
594,ZOWPUW__ligand5530-0
595,ZOWPUW__ligand9753-0
596,ZOWPUW__ligand29486-0
597,ZOWPUW__ligand4649-0
598,ZOWPUW__ligand8793-0
599,ZOWPUW__ligand2788-0
600,ZOWPUW__ligand5649-0
601,ZOWPUW__ligand31694-0
602,ZOWPUW__ligand4711-0
603,ZOWPUW__ligand3244-0
604,ZOWPUW__ligand17427-0
605,ZOWPUW__ligand2906-0
606,ZOWPUW__ligand294-0
607,ZOWPUW__ligand91-0
608,ZOWPUW__ligand7273-0
609,ZOWPUW__ligand22444-0
610,ZOWPUW__ligand24111-0
611,ZOWPUW__ligand9323-0
612,ZOWPUW__ligand7172-0
613,ZOWPUW__ligand14569-0
614,ZOWPUW__ligand13385-0
615,ZOWPUW__ligand8612-0
616,ZOWPUW__ligand17396-0
617,ZOWPUW__ligand2124-0
618,ZOWPUW__ligand15788-0
619,ZOWPUW__ligand23175-0
620,ZOWPUW__ligand13220-0
621,ZOWPUW__ligand560-0
622,ZOWPUW__ligand11587-0
623,ZOWPUW__ligand48-0
624,ZOWPUW__ligand7092-0
625,ZOWPUW__ligand2260-0
626,ZOWPUW__ligand3225-0
627,ZOWPUW__ligand1153-0
628,ZOWPUW__ligand1116-0
629,ZOWPUW__ligand24872-0
630,ZOWPUW__ligand7316-0
631,ZOWPUW__ligand5708-0
632,ZOWPUW__ligand235-0
633,ZOWPUW__ligand6017-0
634,ZOWPUW__ligand27840-0
635,ZOWPUW__ligand30728-0
636,ZOWPUW__ligand134-0
637,ZOWPUW__ligand12001-0
638,ZOWPUW__ligand5180-0
639,ZOWPUW__ligand10033-0
640,ZOWPUW__ligand24644-0
641,ZOWPUW__ligand11698-0
642,ZOWPUW__ligand20530-0
643,ZOWPUW__ligand152-0
644,ZOWPUW__ligand14302-0
645,ZOWPUW__ligand14347-0
646,ZOWPUW__ligand13657-0
647,ZOWPUW__ligand24851-0
648,ZOWPUW__ligand10853-0
649,ZOWPUW__ligand29441-0
650,ZOWPUW__ligand1050-0
651,ZOWPUW__ligand1015-0
652,ZOWPUW__ligand11479-0
653,ZOWPUW__ligand10479-0
654,ZOWPUW__ligand27610-0
655,ZOWPUW__ligand2027-0
656,ZOWPUW__ligand4262-0
657,ZOWPUW__ligand29813-0
658,ZOWPUW__ligand16952-0
659,ZOWPUW__ligand1028-0
660,ZOWPUW__ligand506-0
661,ZOWPUW__ligand1618-0
662,ZOWPUW__ligand15387-0
663,ZOWPUW__ligand2692-0
664,ZOWPUW__ligand20121-0
665,ZOWPUW__ligand20220-0
666,ZOWPUW__ligand1498-0
667,ZOWPUW__ligand4596-0
668,ZOWPUW__ligand487-0
669,ZOWPUW__ligand9615-0
670,ZOWPUW__ligand1154-0
671,ZOWPUW__ligand10151-0
672,ZOWPUW__ligand1169-0
673,ZOWPUW__ligand8529-0
674,ZOWPUW__ligand19668-0
675,ZOWPUW__ligand176-0
676,ZOWPUW__ligand19906-0
677,ZOWPUW__ligand1-0
678,ZOWPUW__ligand746-0
679,ZOWPUW__ligand22353-0
680,ZOWPUW__ligand447-0
681,ZOWPUW__ligand31000-0
682,ZOWPUW__ligand8593-0
683,ZOWPUW__ligand9944-0
684,ZOWPUW__ligand11606-0
685,ZOWPUW__ligand368-0
686,ZOWPUW__ligand7566-0
687,ZOWPUW__ligand20821-0
688,ZOWPUW__ligand395-0
689,ZOWPUW__ligand26673-0
690,ZOWPUW__ligand2001-0
691,ZOWPUW__ligand3-0
692,ZOWPUW__ligand18067-0
693,ZOWPUW__ligand5201-0
694,ZOWPUW__ligand19824-0
695,ZOWPUW__ligand784-0
696,ZOWPUW__ligand13260-0
697,ZOWPUW__ligand8553-0
698,ZOWPUW__ligand10582-0
699,ZOWPUW__ligand1113-0
700,ZOWPUW__ligand11252-0
701,ZOWPUW__ligand17686-0
702,ZOWPUW__ligand25658-0
703,ZOWPUW__ligand4124-0
704,ZOWPUW__ligand31205-0
705,ZOWPUW__ligand4161-0
706,ZOWPUW__ligand3471-0
707,ZOWPUW__ligand833-0
708,ZOWPUW__ligand5415-0
709,ZOWPUW__ligand15455-0
710,ZOWPUW__ligand69-0
711,ZOWPUW__ligand11177-0
712,ZOWPUW__ligand11-0
713,ZOWPUW__ligand11622-0
714,ZOWPUW__ligand3180-0
715,ZOWPUW__ligand16870-0
716,ZOWPUW__ligand115-0
717,ZOWPUW__ligand4340-0
718,ZOWPUW__ligand2281-0
719,ZOWPUW__ligand2650-0
720,ZOWPUW__ligand2823-0
721,ZOWPUW__ligand16603-0
722,ZOWPUW__ligand6995-0
723,ZOWPUW__ligand11814-0
724,ZOWPUW__ligand5755-0
725,ZOWPUW__ligand4710-0
726,ZOWPUW__ligand13691-0
727,ZOWPUW__ligand30788-0
728,ZOWPUW__ligand5085-0
729,ZOWPUW__ligand3144-0
730,ZOWPUW__ligand314-1
731,ZOWPUW__ligand14339-0
732,ZOWPUW__ligand8042-0
733,ZOWPUW__ligand6112-0
734,ZOWPUW__ligand1828-0
735,ZOWPUW__ligand7213-0
736,ZOWPUW__ligand1397-0
737,ZOWPUW__ligand21752-0
738,ZOWPUW__ligand24624-0
739,ZOWPUW__ligand5630-0
740,ZOWPUW__ligand20844-0
741,ZOWPUW__ligand18413-0
742,ZOWPUW__ligand465-0
743,ZOWPUW__ligand24560-0
744,ZOWPUW__ligand1786-0
745,ZOWPUW__ligand18757-0
746,ZOWPUW__ligand3285-0
747,ZOWPUW__ligand4795-0
748,ZOWPUW__ligand1908-0
749,ZOWPUW__ligand391-0
750,ZOWPUW__ligand6663-0
751,ZOWPUW__ligand5515-0
752,ZOWPUW__ligand1831-0
753,ZOWPUW__ligand5614-0
754,ZOWPUW__ligand5280-0
755,ZOWPUW__ligand618-0
756,ZOWPUW__ligand20557-0
757,ZOWPUW__ligand89-0
758,ZOWPUW__ligand30004-0
759,ZOWPUW__ligand1216-0
760,ZOWPUW__ligand5019-0
761,ZOWPUW__ligand25048-0
762,ZOWPUW__ligand49-0
763,ZOWPUW__ligand3261-0
764,ZOWPUW__ligand21940-0
765,ZOWPUW__ligand1152-0
766,ZOWPUW__ligand23445-0
767,ZOWPUW__ligand24953-0
768,ZOWPUW__ligand314-0
769,ZOWPUW__ligand1849-0
770,ZOWPUW__ligand780-0
771,ZOWPUW__ligand20432-0
772,ZOWPUW__ligand27122-0
773,ZOWPUW__ligand13755-0
774,ZOWPUW__ligand16133-0
775,ZOWPUW__ligand813-0
776,ZOWPUW__ligand1150-0
777,ZOWPUW__ligand17445-0
778,ZOWPUW__ligand17069-0
779,ZOWPUW__ligand1539-0
780,ZOWPUW__ligand14477-0
781,ZOWPUW__ligand4207-0
782,ZOWPUW__ligand11798-0
783,ZOWPUW__ligand353-0
784,ZOWPUW__ligand29334-0
785,ZOWPUW__ligand12413-0
786,ZOWPUW__ligand20731-0
787,ZOWPUW__ligand3416-0
788,ZOWPUW__ligand3453-0
789,ZOWPUW__ligand11758-0
790,ZOWPUW__ligand22357-0
791,ZOWPUW__ligand3042-0
792,ZOWPUW__ligand21448-0
793,ZOWPUW__ligand393-0
794,ZOWPUW__ligand11544-0
795,ZOWPUW__ligand11501-0
796,ZOWPUW__ligand8200-0
797,ZOWPUW__ligand7438-0
798,ZOWPUW__ligand29214-0
799,ZOWPUW__ligand4063-0
800,ZOWPUW__ligand9750-0
801,ZOWPUW__ligand422-0
802,ZOWPUW__ligand1779-0
803,ZOWPUW__ligand1817-0
804,ZOWPUW__ligand6993-0
805,ZOWPUW__ligand27550-0
806,ZOWPUW__ligand3557-0
807,ZOWPUW__ligand3980-0
808,ZOWPUW__ligand18019-1
809,ZOWPUW__ligand17-0
810,ZOWPUW__ligand1149-0
811,ZOWPUW__ligand14007-0
812,ZOWPUW__ligand686-0
813,ZOWPUW__ligand7075-0
814,ZOWPUW__ligand18158-0
815,ZOWPUW__ligand27771-0
816,ZOWPUW__ligand196-0
817,ZOWPUW__ligand1288-0
818,ZOWPUW__ligand29565-0
819,ZOWPUW__ligand23682-0
820,ZOWPUW__ligand4167-0
821,ZOWPUW__ligand4266-0
822,ZOWPUW__ligand1400-0
823,ZOWPUW__ligand16956-0
824,ZOWPUW__ligand21339-0
825,ZOWPUW__ligand14226-0
826,ZOWPUW__ligand9491-0
827,ZOWPUW__ligand20942-1
