,TMC
0,ILUWER__ligand17207-0
1,ILUWER__ligand31578-0
2,ILUWER__ligand6455-0
3,ILUWER__ligand6882-0
4,ILUWER__ligand370-0
5,ILUWER__ligand17945-0
6,ILUWER__ligand3934-0
7,ILUWER__ligand18013-0
8,ILUWER__ligand25224-0
9,ILUWER__ligand11-0
10,ILUWER__ligand24750-0
11,ILUWER__ligand2403-0
12,ILUWER__ligand69-0
13,ILUWER__ligand7530-0
14,ILUWER__ligand1065-0
15,ILUWER__ligand1449-0
16,ILUWER__ligand250-0
17,ILUWER__ligand28924-0
18,ILUWER__ligand15438-0
19,ILUWER__ligand3012-0
20,ILUWER__ligand18703-0
21,ILUWER__ligand4332-0
22,ILUWER__ligand29087-0
23,ILUWER__ligand9681-0
24,ILUWER__ligand188-0
25,ILUWER__ligand2830-0
26,ILUWER__ligand23589-0
27,ILUWER__ligand5627-0
28,ILUWER__ligand24064-0
29,ILUWER__ligand1729-0
30,ILUWER__ligand15168-0
31,ILUWER__ligand5483-0
32,ILUWER__ligand5316-0
33,ILUWER__ligand9148-0
34,ILUWER__ligand22755-0
35,ILUWER__ligand479-0
36,ILUWER__ligand10432-0
37,ILUWER__ligand785-0
38,ILUWER__ligand311-0
39,ILUWER__ligand11432-0
40,ILUWER__ligand31618-0
41,ILUWER__ligand29898-0
42,ILUWER__ligand26277-0
43,ILUWER__ligand620-0
44,ILUWER__ligand7529-0
45,ILUWER__ligand370-1
46,ILUWER__ligand564-0
47,ILUWER__ligand1415-0
48,ILUWER__ligand6946-0
49,ILUWER__ligand14586-0
50,ILUWER__ligand11774-0
51,ILUWER__ligand3215-0
52,ILUWER__ligand21421-0
53,ILUWER__ligand11568-0
54,ILUWER__ligand7107-0
55,ILUWER__ligand20579-0
56,ILUWER__ligand17710-0
57,ILUWER__ligand909-0
58,ILUWER__ligand177-0
59,ILUWER__ligand10555-0
60,ILUWER__ligand31483-0
61,ILUWER__ligand6283-0
62,ILUWER__ligand6062-0
63,ILUWER__ligand19725-0
64,ILUWER__ligand5813-0
65,ILUWER__ligand4813-0
66,ILUWER__ligand24613-0
67,ILUWER__ligand4738-0
68,ILUWER__ligand4194-0
69,ILUWER__ligand252-0
70,ILUWER__ligand7532-0
71,ILUWER__ligand116-0
72,ILUWER__ligand12336-0
73,ILUWER__ligand13072-0
74,ILUWER__ligand2599-0
75,ILUWER__ligand4330-0
76,ILUWER__ligand3973-0
77,ILUWER__ligand372-0
78,ILUWER__ligand17590-0
79,ILUWER__ligand1147-0
80,ILUWER__ligand830-0
81,ILUWER__ligand17240-0
82,ILUWER__ligand18699-0
83,ILUWER__ligand12682-0
84,ILUWER__ligand193-0
85,ILUWER__ligand2068-0
86,ILUWER__ligand7925-0
87,ILUWER__ligand14523-0
88,ILUWER__ligand27169-0
89,ILUWER__ligand18391-0
90,ILUWER__ligand3208-0
91,ILUWER__ligand2208-0
92,ILUWER__ligand2781-0
93,ILUWER__ligand22981-0
94,ILUWER__ligand25805-0
95,ILUWER__ligand7573-0
96,ILUWER__ligand3350-0
97,ILUWER__ligand20599-0
98,ILUWER__ligand27074-0
99,ILUWER__ligand1327-0
100,ILUWER__ligand9809-0
101,ILUWER__ligand6672-0
102,ILUWER__ligand8722-0
103,ILUWER__ligand197-0
104,ILUWER__ligand3029-0
105,ILUWER__ligand23904-0
106,ILUWER__ligand7162-0
107,ILUWER__ligand2328-0
108,ILUWER__ligand13257-0
109,ILUWER__ligand17-0
110,ILUWER__ligand21936-0
111,ILUWER__ligand4581-0
112,ILUWER__ligand1773-0
113,ILUWER__ligand1900-0
114,ILUWER__ligand12467-0
115,ILUWER__ligand9197-0
116,ILUWER__ligand25267-0
117,ILUWER__ligand10084-0
118,ILUWER__ligand1712-0
119,ILUWER__ligand4131-0
120,ILUWER__ligand11140-0
121,ILUWER__ligand29610-0
122,ILUWER__ligand352-0
123,ILUWER__ligand783-0
124,ILUWER__ligand29863-0
125,ILUWER__ligand13869-0
126,ILUWER__ligand18074-0
127,ILUWER__ligand5892-0
128,ILUWER__ligand5094-0
129,ILUWER__ligand868-0
130,ILUWER__ligand18465-0
131,ILUWER__ligand18799-0
132,ILUWER__ligand1533-0
133,ILUWER__ligand28668-0
134,ILUWER__ligand16791-0
135,ILUWER__ligand7557-0
136,ILUWER__ligand1496-0
137,ILUWER__ligand1688-0
138,ILUWER__ligand5357-0
139,ILUWER__ligand3647-0
140,ILUWER__ligand31248-0
141,ILUWER__ligand25650-0
142,ILUWER__ligand5056-0
143,ILUWER__ligand4850-0
144,ILUWER__ligand19257-0
145,ILUWER__ligand13209-0
146,ILUWER__ligand49-0
147,ILUWER__ligand1768-0
148,ILUWER__ligand134-0
149,ILUWER__ligand3871-0
150,ILUWER__ligand1469-0
151,ILUWER__ligand235-0
152,ILUWER__ligand12660-0
153,ILUWER__ligand560-0
154,ILUWER__ligand1379-0
155,ILUWER__ligand89-0
156,ILUWER__ligand11206-0
157,ILUWER__ligand23124-0
158,ILUWER__ligand2722-0
159,ILUWER__ligand25735-0
160,ILUWER__ligand5935-0
161,ILUWER__ligand12519-0
162,ILUWER__ligand1165-0
163,ILUWER__ligand9525-0
164,ILUWER__ligand3157-0
165,ILUWER__ligand4911-0
166,ILUWER__ligand1771-0
167,ILUWER__ligand21132-0
168,ILUWER__ligand294-0
169,ILUWER__ligand11166-0
170,ILUWER__ligand3392-0
171,ILUWER__ligand23906-0
172,ILUWER__ligand5849-0
173,ILUWER__ligand30539-0
174,ILUWER__ligand2527-0
175,ILUWER__ligand25575-0
176,ILUWER__ligand21787-0
177,ILUWER__ligand421-0
178,ILUWER__ligand25689-0
179,ILUWER__ligand12295-0
180,ILUWER__ligand685-0
181,ILUWER__ligand27835-0
182,ILUWER__ligand1709-0
183,ILUWER__ligand8464-0
184,ILUWER__ligand8349-0
185,ILUWER__ligand26665-0
186,ILUWER__ligand1536-0
187,ILUWER__ligand1573-0
188,ILUWER__ligand13012-0
189,ILUWER__ligand9935-0
190,ILUWER__ligand17631-0
191,ILUWER__ligand447-0
192,ILUWER__ligand17258-0
193,ILUWER__ligand3504-0
194,ILUWER__ligand14603-0
195,ILUWER__ligand1959-0
196,ILUWER__ligand14297-0
197,ILUWER__ligand746-0
198,ILUWER__ligand176-0
199,ILUWER__ligand1844-0
200,ILUWER__ligand31783-0
201,ILUWER__ligand4661-0
202,ILUWER__ligand3718-0
203,ILUWER__ligand3876-0
204,ILUWER__ligand1343-0
205,ILUWER__ligand3035-0
206,ILUWER__ligand6616-0
207,ILUWER__ligand19641-0
208,ILUWER__ligand7106-0
209,ILUWER__ligand12934-0
210,ILUWER__ligand20578-0
211,ILUWER__ligand15422-0
212,ILUWER__ligand7242-0
213,ILUWER__ligand27893-0
214,ILUWER__ligand14723-0
215,ILUWER__ligand30988-0
216,ILUWER__ligand487-0
217,ILUWER__ligand23713-0
218,ILUWER__ligand9908-0
219,ILUWER__ligand1263-0
220,ILUWER__ligand27175-0
221,ILUWER__ligand18832-0
222,ILUWER__ligand57-0
223,ILUWER__ligand4155-0
224,ILUWER__ligand3094-0
225,ILUWER__ligand27460-0
226,ILUWER__ligand506-0
227,ILUWER__ligand5211-0
228,ILUWER__ligand16628-0
229,ILUWER__ligand3174-0
230,ILUWER__ligand1202-0
231,ILUWER__ligand3937-0
232,ILUWER__ligand3131-0
233,ILUWER__ligand8969-0
234,ILUWER__ligand8-0
235,ILUWER__ligand6839-0
236,ILUWER__ligand4720-0
237,ILUWER__ligand20740-0
238,ILUWER__ligand28468-0
239,ILUWER__ligand12427-0
240,ILUWER__ligand29410-0
241,ILUWER__ligand12337-0
242,ILUWER__ligand3565-0
243,ILUWER__ligand26540-0
244,ILUWER__ligand17281-0
245,ILUWER__ligand30296-0
246,ILUWER__ligand5331-0
247,ILUWER__ligand1512-0
248,ILUWER__ligand2485-0
249,ILUWER__ligand3852-0
250,ILUWER__ligand6919-0
251,ILUWER__ligand12606-0
252,ILUWER__ligand30333-0
253,ILUWER__ligand152-0
254,ILUWER__ligand7000-0
255,ILUWER__ligand1982-0
256,ILUWER__ligand6768-0
257,ILUWER__ligand8115-0
258,ILUWER__ligand1285-0
259,ILUWER__ligand14108-0
260,ILUWER__ligand68-0
261,ILUWER__ligand115-0
262,ILUWER__ligand10958-0
263,ILUWER__ligand12641-0
264,ILUWER__ligand4503-0
265,ILUWER__ligand4546-0
266,ILUWER__ligand5256-0
267,ILUWER__ligand27763-0
268,ILUWER__ligand8876-0
269,ILUWER__ligand28676-0
270,ILUWER__ligand2828-0
271,ILUWER__ligand10262-0
272,ILUWER__ligand7648-0
273,ILUWER__ligand9833-0
274,ILUWER__ligand55-0
275,ILUWER__ligand4157-0
276,ILUWER__ligand833-0
277,ILUWER__ligand13425-0
278,ILUWER__ligand29302-0
279,ILUWER__ligand2232-0
280,ILUWER__ligand9291-0
281,ILUWER__ligand19057-0
282,ILUWER__ligand2176-0
283,ILUWER__ligand18814-0
284,ILUWER__ligand12231-0
285,ILUWER__ligand9784-0
286,ILUWER__ligand34-0
287,ILUWER__ligand7629-0
288,ILUWER__ligand12130-0
289,ILUWER__ligand17387-0
290,ILUWER__ligand26702-0
291,ILUWER__ligand1451-0
292,ILUWER__ligand13658-0
293,ILUWER__ligand4272-0
294,ILUWER__ligand18292-0
295,ILUWER__ligand12289-0
296,ILUWER__ligand4093-0
297,ILUWER__ligand13068-0
298,ILUWER__ligand4442-0
299,ILUWER__ligand19830-0
300,ILUWER__ligand3954-0
301,ILUWER__ligand10476-0
302,ILUWER__ligand784-0
303,ILUWER__ligand1160-0
304,ILUWER__ligand24145-0
305,ILUWER__ligand8699-0
306,ILUWER__ligand12401-0
307,ILUWER__ligand15585-0
308,ILUWER__ligand9520-0
309,ILUWER__ligand25178-0
310,ILUWER__ligand395-0
311,ILUWER__ligand4016-0
312,ILUWER__ligand23769-0
313,ILUWER__ligand1219-0
314,ILUWER__ligand6709-0
315,ILUWER__ligand7867-0
316,ILUWER__ligand368-0
317,ILUWER__ligand24185-0
318,ILUWER__ligand7280-0
319,ILUWER__ligand1790-0
320,ILUWER__ligand1304-0
321,ILUWER__ligand17805-0
322,ILUWER__ligand7238-0
323,ILUWER__ligand17302-0
324,ILUWER__ligand813-0
325,ILUWER__ligand3156-0
326,ILUWER__ligand2915-0
327,ILUWER__ligand314-0
328,ILUWER__ligand780-0
329,ILUWER__ligand13390-0
330,ILUWER__ligand1378-0
331,ILUWER__ligand20682-0
332,ILUWER__ligand6244-0
333,ILUWER__ligand618-0
334,ILUWER__ligand2332-0
335,ILUWER__ligand13208-0
336,ILUWER__ligand9441-0
337,ILUWER__ligand48-0
338,ILUWER__ligand27482-0
339,ILUWER__ligand26810-0
340,ILUWER__ligand9933-0
341,ILUWER__ligand1530-0
342,ILUWER__ligand1575-0
343,ILUWER__ligand391-0
344,ILUWER__ligand1631-0
345,ILUWER__ligand13294-0
346,ILUWER__ligand8721-0
347,ILUWER__ligand91-0
348,ILUWER__ligand31832-0
349,ILUWER__ligand1324-0
350,ILUWER__ligand5643-0
351,ILUWER__ligand1823-0
352,ILUWER__ligand2526-0
353,ILUWER__ligand5036-0
354,ILUWER__ligand1615-0
355,ILUWER__ligand13331-0
356,ILUWER__ligand28884-0
357,ILUWER__ligand14248-0
358,ILUWER__ligand29879-0
359,ILUWER__ligand9952-0
360,ILUWER__ligand9111-0
361,ILUWER__ligand12030-0
362,ILUWER__ligand465-0
363,ILUWER__ligand11456-0
364,ILUWER__ligand9601-0
365,ILUWER__ligand8992-0
366,ILUWER__ligand10712-0
367,ILUWER__ligand14174-0
368,ILUWER__ligand4116-0
369,ILUWER__ligand51-0
370,ILUWER__ligand314-1
371,ILUWER__ligand1018-0
372,ILUWER__ligand3707-0
373,ILUWER__ligand6124-0
374,ILUWER__ligand7967-0
375,ILUWER__ligand25411-0
376,ILUWER__ligand1142-0
377,ILUWER__ligand3234-0
378,ILUWER__ligand20251-1
379,ILUWER__ligand196-0
380,ILUWER__ligand8835-0
381,ILUWER__ligand2028-0
382,ILUWER__ligand7126-0
383,ILUWER__ligand16475-0
384,ILUWER__ligand14703-0
385,ILUWER__ligand16-0
386,ILUWER__ligand22557-0
387,ILUWER__ligand10589-0
388,ILUWER__ligand24047-0
389,ILUWER__ligand4641-0
390,ILUWER__ligand11675-0
391,ILUWER__ligand20598-0
392,ILUWER__ligand17398-0
393,ILUWER__ligand686-0
394,ILUWER__ligand422-0
395,ILUWER__ligand29414-0
396,ILUWER__ligand17982-0
397,ILUWER__ligand20011-0
398,ILUWER__ligand17278-0
399,ILUWER__ligand30851-0
400,ILUWER__ligand14889-0
401,ILUWER__ligand4620-0
402,ILUWER__ligand29568-0
403,ILUWER__ligand28789-0
404,ILUWER__ligand393-0
405,ILUWER__ligand17118-0
406,ILUWER__ligand2295-0
407,ILUWER__ligand21371-0
408,ILUWER__ligand1577-0
409,ILUWER__ligand6067-0
410,ILUWER__ligand20419-0
411,ILUWER__ligand7819-0
412,ILUWER__ligand353-0
413,ILUWER__ligand2917-0
414,ILUWER__ligand17261-0
415,ILUWER__ligand14117-0
416,ILUWER__ligand32-0
417,ILUWER__ligand21581-0
418,ILUWER__ligand31097-0
419,ILUWER__ligand3465-0
420,ILUWER__ligand6596-0
421,ILUWER__ligand3721-0
422,ILUWER__ligand6904-0
423,ILUWER__ligand6102-0
424,ILUWER__ligand30702-0
425,ILUWER__ligand20214-0
426,ILUWER__ligand20251-0
427,ILUWER__ligand20539-0
428,ILUWER__ligand5099-0
429,ILUWER__ligand8592-0
430,ILUWER__ligand1197-0
431,ILUWER__ligand2259-0
432,ILUWER__ligand27239-0
433,ILUWER__ligand21729-0
434,ILUWER__ligand1296-0
435,ILUWER__ligand26324-0
436,ILUWER__ligand28559-0
437,ILUWER__ligand14043-0
438,ILUWER__ligand19927-0
439,ILUWER__ligand1376-0
440,ILUWER__ligand5510-0
441,ILUWER__ligand693-0
442,ILUWER__ligand9773-0
443,ILUWER__ligand5595-0
444,ILUWER__ligand11618-0
445,ILUWER__ligand4101-0
446,ILUWER__ligand2221-0
447,ILUWER__ligand26529-0
448,ILUWER__ligand3120-0
449,ILUWER__ligand3926-0
450,ILUWER__ligand4358-0
451,ILUWER__ligand16369-0
452,ILUWER__ligand11111-0
453,ILUWER__ligand28540-0
454,ILUWER__ligand20695-0
455,ILUWER__ligand27754-0
456,ILUWER__ligand1407-0
457,ILUWER__ligand6117-0
458,ILUWER__ligand5509-0
459,ILUWER__ligand8002-0
460,ILUWER__ligand7762-0
461,ILUWER__ligand5080-0
462,ILUWER__ligand22403-0
463,ILUWER__ligand10872-0
464,ILUWER__ligand757-0
465,ILUWER__ligand2238-0
466,ILUWER__ligand21399-0
467,ILUWER__ligand26631-0
468,ILUWER__ligand16148-0
469,ILUWER__ligand5304-0
470,ILUWER__ligand12003-0
471,ILUWER__ligand9167-0
472,ILUWER__ligand1317-0
473,ILUWER__ligand3867-0
474,ILUWER__ligand2822-0
475,ILUWER__ligand7293-0
476,ILUWER__ligand122-0
477,ILUWER__ligand29215-0
478,ILUWER__ligand12001-0
479,ILUWER__ligand9299-0
480,ILUWER__ligand384-0
481,ILUWER__ligand10033-0
482,ILUWER__ligand4007-0
483,ILUWER__ligand24644-0
484,ILUWER__ligand2985-0
485,ILUWER__ligand24872-0
486,ILUWER__ligand3677-1
487,ILUWER__ligand18-0
488,ILUWER__ligand9883-0
489,ILUWER__ligand7291-0
490,ILUWER__ligand27840-0
491,ILUWER__ligand30728-0
492,ILUWER__ligand17396-0
493,ILUWER__ligand8000-0
494,ILUWER__ligand15788-0
495,ILUWER__ligand23175-0
496,ILUWER__ligand3736-0
497,ILUWER__ligand9344-0
498,ILUWER__ligand13220-0
499,ILUWER__ligand11587-0
500,ILUWER__ligand22444-0
501,ILUWER__ligand5383-0
502,ILUWER__ligand2693-0
503,ILUWER__ligand768-0
504,ILUWER__ligand24111-0
505,ILUWER__ligand3945-0
506,ILUWER__ligand14569-0
507,ILUWER__ligand13385-0
508,ILUWER__ligand2881-0
509,ILUWER__ligand1499-0
510,ILUWER__ligand17427-0
511,ILUWER__ligand1464-0
512,ILUWER__ligand3712-0
513,ILUWER__ligand29486-0
514,ILUWER__ligand1211-0
515,ILUWER__ligand31694-0
516,ILUWER__ligand6892-0
517,ILUWER__ligand1294-0
518,ILUWER__ligand1168-0
519,ILUWER__ligand3632-0
520,ILUWER__ligand3677-0
521,ILUWER__ligand25561-0
522,ILUWER__ligand22129-0
523,ILUWER__ligand240-0
524,ILUWER__ligand24780-0
525,ILUWER__ligand12138-0
526,ILUWER__ligand141-0
527,ILUWER__ligand6699-0
528,ILUWER__ligand11949-0
529,ILUWER__ligand15926-0
530,ILUWER__ligand10828-0
531,ILUWER__ligand19792-0
532,ILUWER__ligand1114-0
533,ILUWER__ligand9284-0
534,ILUWER__ligand11096-0
535,ILUWER__ligand11447-0
536,ILUWER__ligand28810-0
537,ILUWER__ligand321-0
538,ILUWER__ligand6391-0
539,ILUWER__ligand3126-0
540,ILUWER__ligand24230-0
541,ILUWER__ligand279-0
542,ILUWER__ligand15883-0
543,ILUWER__ligand185-0
544,ILUWER__ligand178-0
545,ILUWER__ligand2417-0
546,ILUWER__ligand11970-0
547,ILUWER__ligand21919-0
548,ILUWER__ligand38-0
549,ILUWER__ligand1832-0
550,ILUWER__ligand8788-0
551,ILUWER__ligand22168-0
552,ILUWER__ligand201-0
553,ILUWER__ligand28930-0
554,ILUWER__ligand2043-0
555,ILUWER__ligand22294-0
556,ILUWER__ligand28743-0
557,ILUWER__ligand15531-0
558,ILUWER__ligand1228-0
559,ILUWER__ligand9943-0
560,ILUWER__ligand13862-0
561,ILUWER__ligand11357-0
562,ILUWER__ligand1604-0
563,ILUWER__ligand12365-0
564,ILUWER__ligand10056-0
565,ILUWER__ligand31044-0
566,ILUWER__ligand31842-0
567,ILUWER__ligand11994-0
568,ILUWER__ligand24035-0
569,ILUWER__ligand9450-0
570,ILUWER__ligand14614-0
571,ILUWER__ligand1599-0
572,ILUWER__ligand16663-0
573,ILUWER__ligand2612-0
574,ILUWER__ligand338-0
575,ILUWER__ligand25913-0
576,ILUWER__ligand2203-0
577,ILUWER__ligand5387-0
578,ILUWER__ligand16988-0
579,ILUWER__ligand1289-0
580,ILUWER__ligand11682-0
581,ILUWER__ligand30711-0
582,ILUWER__ligand20207-0
583,ILUWER__ligand12453-0
584,ILUWER__ligand18448-0
585,ILUWER__ligand845-0
586,ILUWER__ligand28459-0
587,ILUWER__ligand4711-0
588,ILUWER__ligand3244-0
589,ILUWER__ligand2906-0
590,ILUWER__ligand66-0
591,ILUWER__ligand19184-0
592,ILUWER__ligand4649-0
593,ILUWER__ligand8793-0
594,ILUWER__ligand5649-0
595,ILUWER__ligand2788-0
596,ILUWER__ligand18568-0
597,ILUWER__ligand126-0
598,ILUWER__ligand5159-0
599,ILUWER__ligand163-0
600,ILUWER__ligand28685-0
601,ILUWER__ligand7196-0
602,ILUWER__ligand9753-0
603,ILUWER__ligand13672-0
604,ILUWER__ligand1787-0
605,ILUWER__ligand1356-0
606,ILUWER__ligand5530-0
607,ILUWER__ligand10371-0
608,ILUWER__ligand4-0
609,ILUWER__ligand3178-0
610,ILUWER__ligand4807-0
611,ILUWER__ligand5180-0
612,ILUWER__ligand23197-0
613,ILUWER__ligand941-0
614,ILUWER__ligand596-0
615,ILUWER__ligand777-0
616,ILUWER__ligand5708-0
617,ILUWER__ligand7316-0
618,ILUWER__ligand29029-0
619,ILUWER__ligand6017-0
620,ILUWER__ligand27285-0
621,ILUWER__ligand2124-0
622,ILUWER__ligand30142-0
623,ILUWER__ligand366-0
624,ILUWER__ligand8612-0
625,ILUWER__ligand27669-0
626,ILUWER__ligand7092-0
627,ILUWER__ligand2260-0
628,ILUWER__ligand3225-0
629,ILUWER__ligand1153-0
630,ILUWER__ligand1116-0
631,ILUWER__ligand14167-0
632,ILUWER__ligand13477-0
633,ILUWER__ligand9323-0
634,ILUWER__ligand657-0
635,ILUWER__ligand7273-0
636,ILUWER__ligand42-0
637,ILUWER__ligand187-0
638,ILUWER__ligand7172-0
639,ILUWER__ligand2692-0
640,ILUWER__ligand24953-0
641,ILUWER__ligand23445-0
642,ILUWER__ligand1618-0
643,ILUWER__ligand27122-0
644,ILUWER__ligand20432-0
645,ILUWER__ligand13755-0
646,ILUWER__ligand16133-0
647,ILUWER__ligand300-0
648,ILUWER__ligand4262-0
649,ILUWER__ligand1028-0
650,ILUWER__ligand25048-0
651,ILUWER__ligand588-0
652,ILUWER__ligand21940-0
653,ILUWER__ligand24-0
654,ILUWER__ligand1050-0
655,ILUWER__ligand1015-0
656,ILUWER__ligand19-0
657,ILUWER__ligand2027-0
658,ILUWER__ligand30004-0
659,ILUWER__ligand199-0
660,ILUWER__ligand20557-0
661,ILUWER__ligand3-0
662,ILUWER__ligand78-0
663,ILUWER__ligand24624-0
664,ILUWER__ligand8529-0
665,ILUWER__ligand18413-0
666,ILUWER__ligand20844-0
667,ILUWER__ligand1169-0
668,ILUWER__ligand24560-0
669,ILUWER__ligand18757-0
670,ILUWER__ligand9615-0
671,ILUWER__ligand324-0
672,ILUWER__ligand361-0
673,ILUWER__ligand409-0
674,ILUWER__ligand21752-0
675,ILUWER__ligand1154-0
676,ILUWER__ligand45-0
677,ILUWER__ligand4596-0
678,ILUWER__ligand13691-0
679,ILUWER__ligand1498-0
680,ILUWER__ligand30788-0
681,ILUWER__ligand14339-0
682,ILUWER__ligand1113-0
683,ILUWER__ligand8553-0
684,ILUWER__ligand14226-0
685,ILUWER__ligand21339-0
686,ILUWER__ligand16956-0
687,ILUWER__ligand326-0
688,ILUWER__ligand20942-1
689,ILUWER__ligand18158-0
690,ILUWER__ligand5201-0
691,ILUWER__ligand27771-0
692,ILUWER__ligand29565-0
693,ILUWER__ligand23682-0
694,ILUWER__ligand7566-0
695,ILUWER__ligand18019-1
696,ILUWER__ligand14007-0
697,ILUWER__ligand2001-0
698,ILUWER__ligand692-0
699,ILUWER__ligand436-0
700,ILUWER__ligand8593-0
701,ILUWER__ligand9944-0
702,ILUWER__ligand27550-0
703,ILUWER__ligand11501-0
704,ILUWER__ligand11544-0
705,ILUWER__ligand2823-0
706,ILUWER__ligand29214-0
707,ILUWER__ligand6995-0
708,ILUWER__ligand3180-0
709,ILUWER__ligand11758-0
710,ILUWER__ligand22357-0
711,ILUWER__ligand4340-0
712,ILUWER__ligand2650-0
713,ILUWER__ligand2281-0
714,ILUWER__ligand1-0
715,ILUWER__ligand21448-0
716,ILUWER__ligand5415-0
717,ILUWER__ligand11798-0
718,ILUWER__ligand29334-0
719,ILUWER__ligand12413-0
720,ILUWER__ligand497-0
721,ILUWER__ligand20731-0
722,ILUWER__ligand4124-0
723,ILUWER__ligand4161-0
724,ILUWER__ligand3471-0
725,ILUWER__ligand17445-0
726,ILUWER__ligand633-0
727,ILUWER__ligand17069-0
728,ILUWER__ligand14477-0
729,ILUWER__ligand3285-0
730,ILUWER__ligand4795-0
731,ILUWER__ligand416-0
732,ILUWER__ligand22353-0
733,ILUWER__ligand383-0
734,ILUWER__ligand1908-0
735,ILUWER__ligand162-0
736,ILUWER__ligand5630-0
737,ILUWER__ligand226-0
738,ILUWER__ligand19668-0
739,ILUWER__ligand1786-0
740,ILUWER__ligand19906-0
741,ILUWER__ligand6112-0
742,ILUWER__ligand8042-0
743,ILUWER__ligand7213-0
744,ILUWER__ligand67-0
745,ILUWER__ligand1397-0
746,ILUWER__ligand1828-0
747,ILUWER__ligand10151-0
748,ILUWER__ligand5755-0
749,ILUWER__ligand4710-0
750,ILUWER__ligand5085-0
751,ILUWER__ligand3144-0
752,ILUWER__ligand1849-0
753,ILUWER__ligand15387-0
754,ILUWER__ligand656-0
755,ILUWER__ligand20121-0
756,ILUWER__ligand43-0
757,ILUWER__ligand20220-0
758,ILUWER__ligand1216-0
759,ILUWER__ligand29813-0
760,ILUWER__ligand16952-0
761,ILUWER__ligand3261-0
762,ILUWER__ligand1152-0
763,ILUWER__ligand5019-0
764,ILUWER__ligand10853-0
765,ILUWER__ligand29441-0
766,ILUWER__ligand11479-0
767,ILUWER__ligand27610-0
768,ILUWER__ligand10479-0
769,ILUWER__ligand11698-0
770,ILUWER__ligand6663-0
771,ILUWER__ligand5515-0
772,ILUWER__ligand20530-0
773,ILUWER__ligand696-0
774,ILUWER__ligand13657-0
775,ILUWER__ligand14347-0
776,ILUWER__ligand14302-0
777,ILUWER__ligand1831-0
778,ILUWER__ligand24851-0
779,ILUWER__ligand5614-0
780,ILUWER__ligand5280-0
781,ILUWER__ligand358-0
782,ILUWER__ligand430-0
783,ILUWER__ligand16603-0
784,ILUWER__ligand4063-0
785,ILUWER__ligand488-0
786,ILUWER__ligand7438-0
787,ILUWER__ligand8200-0
788,ILUWER__ligand11814-0
789,ILUWER__ligand11622-0
790,ILUWER__ligand694-0
791,ILUWER__ligand16870-0
792,ILUWER__ligand3042-0
793,ILUWER__ligand4207-0
794,ILUWER__ligand15455-0
795,ILUWER__ligand3416-0
796,ILUWER__ligand3453-0
797,ILUWER__ligand11177-0
798,ILUWER__ligand17686-0
799,ILUWER__ligand25658-0
800,ILUWER__ligand1150-0
801,ILUWER__ligand31205-0
802,ILUWER__ligand1539-0
803,ILUWER__ligand13260-0
804,ILUWER__ligand670-0
805,ILUWER__ligand10582-0
806,ILUWER__ligand4167-0
807,ILUWER__ligand9491-0
808,ILUWER__ligand11252-0
809,ILUWER__ligand571-0
810,ILUWER__ligand534-0
811,ILUWER__ligand1400-0
812,ILUWER__ligand4266-0
813,ILUWER__ligand18067-0
814,ILUWER__ligand19824-0
815,ILUWER__ligand1288-0
816,ILUWER__ligand1149-0
817,ILUWER__ligand3557-0
818,ILUWER__ligand3980-0
819,ILUWER__ligand20821-0
820,ILUWER__ligand26673-0
821,ILUWER__ligand7075-0
822,ILUWER__ligand31000-0
823,ILUWER__ligand9750-0
824,ILUWER__ligand1817-0
825,ILUWER__ligand6993-0
826,ILUWER__ligand11606-0
827,ILUWER__ligand1779-0
