,TMC
0,INUMAF__ligand4016-0
1,INUMAF__ligand12295-0
2,INUMAF__ligand7867-0
3,INUMAF__ligand1219-0
4,INUMAF__ligand6709-0
5,INUMAF__ligand27835-0
6,INUMAF__ligand21787-0
7,INUMAF__ligand25575-0
8,INUMAF__ligand1304-0
9,INUMAF__ligand25689-0
10,INUMAF__ligand240-0
11,INUMAF__ligand1790-0
12,INUMAF__ligand7280-0
13,INUMAF__ligand7238-0
14,INUMAF__ligand141-0
15,INUMAF__ligand30539-0
16,INUMAF__ligand9784-0
17,INUMAF__ligand4272-0
18,INUMAF__ligand1451-0
19,INUMAF__ligand7629-0
20,INUMAF__ligand32-0
21,INUMAF__ligand23906-0
22,INUMAF__ligand3954-0
23,INUMAF__ligand4442-0
24,INUMAF__ligand4093-0
25,INUMAF__ligand9520-0
26,INUMAF__ligand21132-0
27,INUMAF__ligand8699-0
28,INUMAF__ligand11166-0
29,INUMAF__ligand1160-0
30,INUMAF__ligand9833-0
31,INUMAF__ligand7648-0
32,INUMAF__ligand2828-0
33,INUMAF__ligand8876-0
34,INUMAF__ligand5256-0
35,INUMAF__ligand4157-0
36,INUMAF__ligand2232-0
37,INUMAF__ligand12519-0
38,INUMAF__ligand768-0
39,INUMAF__ligand25735-0
40,INUMAF__ligand11206-0
41,INUMAF__ligand2176-0
42,INUMAF__ligand9291-0
43,INUMAF__ligand16-0
44,INUMAF__ligand23124-0
45,INUMAF__ligand8115-0
46,INUMAF__ligand6768-0
47,INUMAF__ligand12660-0
48,INUMAF__ligand1982-0
49,INUMAF__ligand7000-0
50,INUMAF__ligand13209-0
51,INUMAF__ligand19257-0
52,INUMAF__ligand1285-0
53,INUMAF__ligand384-0
54,INUMAF__ligand31248-0
55,INUMAF__ligand25650-0
56,INUMAF__ligand4546-0
57,INUMAF__ligand4503-0
58,INUMAF__ligand1-0
59,INUMAF__ligand757-0
60,INUMAF__ligand3565-0
61,INUMAF__ligand16791-0
62,INUMAF__ligand91-0
63,INUMAF__ligand1512-0
64,INUMAF__ligand5331-0
65,INUMAF__ligand28668-0
66,INUMAF__ligand3-0
67,INUMAF__ligand6919-0
68,INUMAF__ligand3852-0
69,INUMAF__ligand2485-0
70,INUMAF__ligand18465-0
71,INUMAF__ligand18799-0
72,INUMAF__ligand122-0
73,INUMAF__ligand3094-0
74,INUMAF__ligand4155-0
75,INUMAF__ligand29863-0
76,INUMAF__ligand5211-0
77,INUMAF__ligand18074-0
78,INUMAF__ligand13869-0
79,INUMAF__ligand6839-0
80,INUMAF__ligand51-0
81,INUMAF__ligand8969-0
82,INUMAF__ligand29610-0
83,INUMAF__ligand3131-0
84,INUMAF__ligand3174-0
85,INUMAF__ligand1202-0
86,INUMAF__ligand3937-0
87,INUMAF__ligand11140-0
88,INUMAF__ligand4720-0
89,INUMAF__ligand25267-0
90,INUMAF__ligand7106-0
91,INUMAF__ligand10084-0
92,INUMAF__ligand7242-0
93,INUMAF__ligand12467-0
94,INUMAF__ligand13257-0
95,INUMAF__ligand21936-0
96,INUMAF__ligand1263-0
97,INUMAF__ligand9908-0
98,INUMAF__ligand23904-0
99,INUMAF__ligand9935-0
100,INUMAF__ligand27074-0
101,INUMAF__ligand1573-0
102,INUMAF__ligand1536-0
103,INUMAF__ligand48-0
104,INUMAF__ligand1959-0
105,INUMAF__ligand25805-0
106,INUMAF__ligand22981-0
107,INUMAF__ligand20599-0
108,INUMAF__ligand3504-0
109,INUMAF__ligand1844-0
110,INUMAF__ligand4661-0
111,INUMAF__ligand693-0
112,INUMAF__ligand6616-0
113,INUMAF__ligand3876-0
114,INUMAF__ligand1343-0
115,INUMAF__ligand3035-0
116,INUMAF__ligand27169-0
117,INUMAF__ligand14523-0
118,INUMAF__ligand3718-0
119,INUMAF__ligand18391-0
120,INUMAF__ligand2917-0
121,INUMAF__ligand366-0
122,INUMAF__ligand34-0
123,INUMAF__ligand7819-0
124,INUMAF__ligand12682-0
125,INUMAF__ligand18699-0
126,INUMAF__ligand657-0
127,INUMAF__ligand17240-0
128,INUMAF__ligand3465-0
129,INUMAF__ligand6102-0
130,INUMAF__ligand187-0
131,INUMAF__ligand17590-0
132,INUMAF__ligand3721-0
133,INUMAF__ligand6904-0
134,INUMAF__ligand6596-0
135,INUMAF__ligand13072-0
136,INUMAF__ligand12336-0
137,INUMAF__ligand596-0
138,INUMAF__ligand941-0
139,INUMAF__ligand4620-0
140,INUMAF__ligand777-0
141,INUMAF__ligand1577-0
142,INUMAF__ligand6067-0
143,INUMAF__ligand2295-0
144,INUMAF__ligand24613-0
145,INUMAF__ligand163-0
146,INUMAF__ligand4641-0
147,INUMAF__ligand126-0
148,INUMAF__ligand19725-0
149,INUMAF__ligand10555-0
150,INUMAF__ligand68-0
151,INUMAF__ligand31483-0
152,INUMAF__ligand845-0
153,INUMAF__ligand1142-0
154,INUMAF__ligand3234-0
155,INUMAF__ligand11568-0
156,INUMAF__ligand55-0
157,INUMAF__ligand20579-0
158,INUMAF__ligand17710-0
159,INUMAF__ligand7126-0
160,INUMAF__ligand2028-0
161,INUMAF__ligand8835-0
162,INUMAF__ligand21421-0
163,INUMAF__ligand11774-0
164,INUMAF__ligand14586-0
165,INUMAF__ligand9601-0
166,INUMAF__ligand57-0
167,INUMAF__ligand8992-0
168,INUMAF__ligand1018-0
169,INUMAF__ligand26277-0
170,INUMAF__ligand29898-0
171,INUMAF__ligand4116-0
172,INUMAF__ligand22755-0
173,INUMAF__ligand31618-0
174,INUMAF__ligand7967-0
175,INUMAF__ligand11432-0
176,INUMAF__ligand6124-0
177,INUMAF__ligand3707-0
178,INUMAF__ligand10432-0
179,INUMAF__ligand1324-0
180,INUMAF__ligand8721-0
181,INUMAF__ligand1823-0
182,INUMAF__ligand5643-0
183,INUMAF__ligand15168-0
184,INUMAF__ligand24064-0
185,INUMAF__ligand1615-0
186,INUMAF__ligand2526-0
187,INUMAF__ligand5036-0
188,INUMAF__ligand9952-0
189,INUMAF__ligand9111-0
190,INUMAF__ligand338-0
191,INUMAF__ligand23589-0
192,INUMAF__ligand9441-0
193,INUMAF__ligand2332-0
194,INUMAF__ligand29087-0
195,INUMAF__ligand18703-0
196,INUMAF__ligand201-0
197,INUMAF__ligand1575-0
198,INUMAF__ligand28924-0
199,INUMAF__ligand1530-0
200,INUMAF__ligand15438-0
201,INUMAF__ligand9933-0
202,INUMAF__ligand1631-0
203,INUMAF__ligand24750-0
204,INUMAF__ligand2915-0
205,INUMAF__ligand321-0
206,INUMAF__ligand3156-0
207,INUMAF__ligand185-0
208,INUMAF__ligand17945-0
209,INUMAF__ligand25224-0
210,INUMAF__ligand18013-0
211,INUMAF__ligand1378-0
212,INUMAF__ligand279-0
213,INUMAF__ligand31578-0
214,INUMAF__ligand17207-0
215,INUMAF__ligand6244-0
216,INUMAF__ligand178-0
217,INUMAF__ligand20251-0
218,INUMAF__ligand30702-0
219,INUMAF__ligand20214-0
220,INUMAF__ligand20539-0
221,INUMAF__ligand3973-0
222,INUMAF__ligand21581-0
223,INUMAF__ligand31097-0
224,INUMAF__ligand497-0
225,INUMAF__ligand1147-0
226,INUMAF__ligand14117-0
227,INUMAF__ligand633-0
228,INUMAF__ligand17261-0
229,INUMAF__ligand7925-0
230,INUMAF__ligand2068-0
231,INUMAF__ligand21371-0
232,INUMAF__ligand17118-0
233,INUMAF__ligand4194-0
234,INUMAF__ligand20419-0
235,INUMAF__ligand28789-0
236,INUMAF__ligand7532-0
237,INUMAF__ligand29568-0
238,INUMAF__ligand4330-0
239,INUMAF__ligand14889-0
240,INUMAF__ligand2599-0
241,INUMAF__ligand30851-0
242,INUMAF__ligand17982-0
243,INUMAF__ligand29414-0
244,INUMAF__ligand20011-0
245,INUMAF__ligand17278-0
246,INUMAF__ligand6283-0
247,INUMAF__ligand692-0
248,INUMAF__ligand17398-0
249,INUMAF__ligand6062-0
250,INUMAF__ligand436-0
251,INUMAF__ligand49-0
252,INUMAF__ligand24047-0
253,INUMAF__ligand4738-0
254,INUMAF__ligand10589-0
255,INUMAF__ligand22557-0
256,INUMAF__ligand4813-0
257,INUMAF__ligand20598-0
258,INUMAF__ligand5813-0
259,INUMAF__ligand11675-0
260,INUMAF__ligand14703-0
261,INUMAF__ligand16475-0
262,INUMAF__ligand89-0
263,INUMAF__ligand3215-0
264,INUMAF__ligand326-0
265,INUMAF__ligand7107-0
266,INUMAF__ligand20251-1
267,INUMAF__ligand25411-0
268,INUMAF__ligand409-0
269,INUMAF__ligand361-0
270,INUMAF__ligand324-0
271,INUMAF__ligand9148-0
272,INUMAF__ligand14174-0
273,INUMAF__ligand10712-0
274,INUMAF__ligand7529-0
275,INUMAF__ligand11456-0
276,INUMAF__ligand1415-0
277,INUMAF__ligand6946-0
278,INUMAF__ligand29879-0
279,INUMAF__ligand14248-0
280,INUMAF__ligand12030-0
281,INUMAF__ligand2830-0
282,INUMAF__ligand1729-0
283,INUMAF__ligand28884-0
284,INUMAF__ligand5627-0
285,INUMAF__ligand13331-0
286,INUMAF__ligand5483-0
287,INUMAF__ligand13294-0
288,INUMAF__ligand5316-0
289,INUMAF__ligand31832-0
290,INUMAF__ligand1065-0
291,INUMAF__ligand7530-0
292,INUMAF__ligand3012-0
293,INUMAF__ligand199-0
294,INUMAF__ligand1449-0
295,INUMAF__ligand26810-0
296,INUMAF__ligand27482-0
297,INUMAF__ligand4332-0
298,INUMAF__ligand13208-0
299,INUMAF__ligand9681-0
300,INUMAF__ligand6882-0
301,INUMAF__ligand6455-0
302,INUMAF__ligand3934-0
303,INUMAF__ligand300-0
304,INUMAF__ligand20682-0
305,INUMAF__ligand17-0
306,INUMAF__ligand13390-0
307,INUMAF__ligand588-0
308,INUMAF__ligand2403-0
309,INUMAF__ligand17302-0
310,INUMAF__ligand2527-0
311,INUMAF__ligand17805-0
312,INUMAF__ligand23769-0
313,INUMAF__ligand24185-0
314,INUMAF__ligand4-0
315,INUMAF__ligand25178-0
316,INUMAF__ligand8349-0
317,INUMAF__ligand8464-0
318,INUMAF__ligand1709-0
319,INUMAF__ligand24145-0
320,INUMAF__ligand1771-0
321,INUMAF__ligand15585-0
322,INUMAF__ligand670-0
323,INUMAF__ligand12401-0
324,INUMAF__ligand4911-0
325,INUMAF__ligand19830-0
326,INUMAF__ligand13068-0
327,INUMAF__ligand534-0
328,INUMAF__ligand571-0
329,INUMAF__ligand3392-0
330,INUMAF__ligand10476-0
331,INUMAF__ligand17387-0
332,INUMAF__ligand12130-0
333,INUMAF__ligand12289-0
334,INUMAF__ligand18292-0
335,INUMAF__ligand13658-0
336,INUMAF__ligand26702-0
337,INUMAF__ligand12231-0
338,INUMAF__ligand5849-0
339,INUMAF__ligand2722-0
340,INUMAF__ligand18814-0
341,INUMAF__ligand1379-0
342,INUMAF__ligand19057-0
343,INUMAF__ligand29302-0
344,INUMAF__ligand5935-0
345,INUMAF__ligand13425-0
346,INUMAF__ligand9525-0
347,INUMAF__ligand1165-0
348,INUMAF__ligand27763-0
349,INUMAF__ligand3157-0
350,INUMAF__ligand10262-0
351,INUMAF__ligand28676-0
352,INUMAF__ligand3647-0
353,INUMAF__ligand430-0
354,INUMAF__ligand12641-0
355,INUMAF__ligand5357-0
356,INUMAF__ligand1688-0
357,INUMAF__ligand358-0
358,INUMAF__ligand4850-0
359,INUMAF__ligand5056-0
360,INUMAF__ligand10958-0
361,INUMAF__ligand488-0
362,INUMAF__ligand14108-0
363,INUMAF__ligand1768-0
364,INUMAF__ligand1469-0
365,INUMAF__ligand3871-0
366,INUMAF__ligand694-0
367,INUMAF__ligand30333-0
368,INUMAF__ligand1533-0
369,INUMAF__ligand12606-0
370,INUMAF__ligand17281-0
371,INUMAF__ligand696-0
372,INUMAF__ligand30296-0
373,INUMAF__ligand1496-0
374,INUMAF__ligand12337-0
375,INUMAF__ligand7557-0
376,INUMAF__ligand29410-0
377,INUMAF__ligand26540-0
378,INUMAF__ligand28468-0
379,INUMAF__ligand20740-0
380,INUMAF__ligand4131-0
381,INUMAF__ligand656-0
382,INUMAF__ligand12427-0
383,INUMAF__ligand1712-0
384,INUMAF__ligand16628-0
385,INUMAF__ligand5094-0
386,INUMAF__ligand5892-0
387,INUMAF__ligand27460-0
388,INUMAF__ligand7162-0
389,INUMAF__ligand18832-0
390,INUMAF__ligand27175-0
391,INUMAF__ligand3029-0
392,INUMAF__ligand23713-0
393,INUMAF__ligand1773-0
394,INUMAF__ligand4581-0
395,INUMAF__ligand30988-0
396,INUMAF__ligand2328-0
397,INUMAF__ligand9197-0
398,INUMAF__ligand27893-0
399,INUMAF__ligand14723-0
400,INUMAF__ligand1900-0
401,INUMAF__ligand19641-0
402,INUMAF__ligand11-0
403,INUMAF__ligand15422-0
404,INUMAF__ligand20578-0
405,INUMAF__ligand12934-0
406,INUMAF__ligand416-0
407,INUMAF__ligand69-0
408,INUMAF__ligand383-0
409,INUMAF__ligand31783-0
410,INUMAF__ligand2208-0
411,INUMAF__ligand3208-0
412,INUMAF__ligand17258-0
413,INUMAF__ligand162-0
414,INUMAF__ligand3350-0
415,INUMAF__ligand14297-0
416,INUMAF__ligand7573-0
417,INUMAF__ligand2781-0
418,INUMAF__ligand14603-0
419,INUMAF__ligand8722-0
420,INUMAF__ligand26665-0
421,INUMAF__ligand6672-0
422,INUMAF__ligand9809-0
423,INUMAF__ligand17631-0
424,INUMAF__ligand226-0
425,INUMAF__ligand1327-0
426,INUMAF__ligand13012-0
427,INUMAF__ligand372-0
428,INUMAF__ligand5415-0
429,INUMAF__ligand830-0
430,INUMAF__ligand4161-0
431,INUMAF__ligand3471-0
432,INUMAF__ligand4124-0
433,INUMAF__ligand13477-0
434,INUMAF__ligand14167-0
435,INUMAF__ligand30142-0
436,INUMAF__ligand193-0
437,INUMAF__ligand27669-0
438,INUMAF__ligand2823-0
439,INUMAF__ligand252-0
440,INUMAF__ligand27285-0
441,INUMAF__ligand29029-0
442,INUMAF__ligand6995-0
443,INUMAF__ligand116-0
444,INUMAF__ligand23197-0
445,INUMAF__ligand3180-0
446,INUMAF__ligand2281-0
447,INUMAF__ligand2650-0
448,INUMAF__ligand4340-0
449,INUMAF__ligand7566-0
450,INUMAF__ligand177-0
451,INUMAF__ligand2001-0
452,INUMAF__ligand10371-0
453,INUMAF__ligand13672-0
454,INUMAF__ligand9944-0
455,INUMAF__ligand8593-0
456,INUMAF__ligand28685-0
457,INUMAF__ligand18568-0
458,INUMAF__ligand19184-0
459,INUMAF__ligand8553-0
460,INUMAF__ligand1113-0
461,INUMAF__ligand5201-0
462,INUMAF__ligand18448-0
463,INUMAF__ligand12453-0
464,INUMAF__ligand28459-0
465,INUMAF__ligand909-0
466,INUMAF__ligand311-0
467,INUMAF__ligand785-0
468,INUMAF__ligand11682-0
469,INUMAF__ligand43-0
470,INUMAF__ligand9615-0
471,INUMAF__ligand30711-0
472,INUMAF__ligand20207-0
473,INUMAF__ligand479-0
474,INUMAF__ligand1154-0
475,INUMAF__ligand16988-0
476,INUMAF__ligand1498-0
477,INUMAF__ligand370-1
478,INUMAF__ligand25913-0
479,INUMAF__ligand4596-0
480,INUMAF__ligand620-0
481,INUMAF__ligand564-0
482,INUMAF__ligand16663-0
483,INUMAF__ligand188-0
484,INUMAF__ligand14614-0
485,INUMAF__ligand1169-0
486,INUMAF__ligand24035-0
487,INUMAF__ligand8529-0
488,INUMAF__ligand31842-0
489,INUMAF__ligand31044-0
490,INUMAF__ligand11994-0
491,INUMAF__ligand10056-0
492,INUMAF__ligand1015-0
493,INUMAF__ligand12365-0
494,INUMAF__ligand1050-0
495,INUMAF__ligand13862-0
496,INUMAF__ligand11357-0
497,INUMAF__ligand2027-0
498,INUMAF__ligand250-0
499,INUMAF__ligand15531-0
500,INUMAF__ligand28743-0
501,INUMAF__ligand28930-0
502,INUMAF__ligand22168-0
503,INUMAF__ligand22294-0
504,INUMAF__ligand21919-0
505,INUMAF__ligand1618-0
506,INUMAF__ligand11970-0
507,INUMAF__ligand2692-0
508,INUMAF__ligand67-0
509,INUMAF__ligand15883-0
510,INUMAF__ligand370-0
511,INUMAF__ligand4262-0
512,INUMAF__ligand28810-0
513,INUMAF__ligand11447-0
514,INUMAF__ligand11096-0
515,INUMAF__ligand8-0
516,INUMAF__ligand24230-0
517,INUMAF__ligand15926-0
518,INUMAF__ligand19792-0
519,INUMAF__ligand1028-0
520,INUMAF__ligand10828-0
521,INUMAF__ligand3980-0
522,INUMAF__ligand3557-0
523,INUMAF__ligand1149-0
524,INUMAF__ligand11949-0
525,INUMAF__ligand7075-0
526,INUMAF__ligand421-0
527,INUMAF__ligand22129-0
528,INUMAF__ligand12138-0
529,INUMAF__ligand24780-0
530,INUMAF__ligand9750-0
531,INUMAF__ligand25561-0
532,INUMAF__ligand685-0
533,INUMAF__ligand1779-0
534,INUMAF__ligand6993-0
535,INUMAF__ligand1817-0
536,INUMAF__ligand4167-0
537,INUMAF__ligand294-0
538,INUMAF__ligand31694-0
539,INUMAF__ligand4266-0
540,INUMAF__ligand1400-0
541,INUMAF__ligand29486-0
542,INUMAF__ligand9491-0
543,INUMAF__ligand1288-0
544,INUMAF__ligand17427-0
545,INUMAF__ligand14569-0
546,INUMAF__ligand560-0
547,INUMAF__ligand4207-0
548,INUMAF__ligand13385-0
549,INUMAF__ligand24111-0
550,INUMAF__ligand22444-0
551,INUMAF__ligand3453-0
552,INUMAF__ligand3416-0
553,INUMAF__ligand1150-0
554,INUMAF__ligand11587-0
555,INUMAF__ligand13220-0
556,INUMAF__ligand17396-0
557,INUMAF__ligand23175-0
558,INUMAF__ligand1539-0
559,INUMAF__ligand15788-0
560,INUMAF__ligand27840-0
561,INUMAF__ligand30728-0
562,INUMAF__ligand8200-0
563,INUMAF__ligand7438-0
564,INUMAF__ligand24872-0
565,INUMAF__ligand4063-0
566,INUMAF__ligand10033-0
567,INUMAF__ligand134-0
568,INUMAF__ligand24644-0
569,INUMAF__ligand3042-0
570,INUMAF__ligand12001-0
571,INUMAF__ligand235-0
572,INUMAF__ligand29215-0
573,INUMAF__ligand868-0
574,INUMAF__ligand78-0
575,INUMAF__ligand16148-0
576,INUMAF__ligand26631-0
577,INUMAF__ligand5515-0
578,INUMAF__ligand12003-0
579,INUMAF__ligand6663-0
580,INUMAF__ligand5280-0
581,INUMAF__ligand21399-0
582,INUMAF__ligand5614-0
583,INUMAF__ligand10872-0
584,INUMAF__ligand1831-0
585,INUMAF__ligand22403-0
586,INUMAF__ligand1849-0
587,INUMAF__ligand45-0
588,INUMAF__ligand27754-0
589,INUMAF__ligand20695-0
590,INUMAF__ligand783-0
591,INUMAF__ligand1216-0
592,INUMAF__ligand352-0
593,INUMAF__ligand16369-0
594,INUMAF__ligand5019-0
595,INUMAF__ligand1152-0
596,INUMAF__ligand28540-0
597,INUMAF__ligand3261-0
598,INUMAF__ligand11111-0
599,INUMAF__ligand8042-0
600,INUMAF__ligand6112-0
601,INUMAF__ligand197-0
602,INUMAF__ligand1828-0
603,INUMAF__ligand1397-0
604,INUMAF__ligand7213-0
605,INUMAF__ligand26529-0
606,INUMAF__ligand4710-0
607,INUMAF__ligand5755-0
608,INUMAF__ligand11618-0
609,INUMAF__ligand3144-0
610,INUMAF__ligand5085-0
611,INUMAF__ligand24-0
612,INUMAF__ligand19927-0
613,INUMAF__ligand19-0
614,INUMAF__ligand3285-0
615,INUMAF__ligand4795-0
616,INUMAF__ligand28559-0
617,INUMAF__ligand1908-0
618,INUMAF__ligand26324-0
619,INUMAF__ligand14043-0
620,INUMAF__ligand21729-0
621,INUMAF__ligand5630-0
622,INUMAF__ligand27239-0
623,INUMAF__ligand1786-0
624,INUMAF__ligand1168-0
625,INUMAF__ligand11606-0
626,INUMAF__ligand395-0
627,INUMAF__ligand1294-0
628,INUMAF__ligand368-0
629,INUMAF__ligand31000-0
630,INUMAF__ligand3677-0
631,INUMAF__ligand3632-0
632,INUMAF__ligand26673-0
633,INUMAF__ligand6699-0
634,INUMAF__ligand20821-0
635,INUMAF__ligand1499-0
636,INUMAF__ligand2881-0
637,INUMAF__ligand19824-0
638,INUMAF__ligand18067-0
639,INUMAF__ligand1464-0
640,INUMAF__ligand3712-0
641,INUMAF__ligand1211-0
642,INUMAF__ligand784-0
643,INUMAF__ligand11252-0
644,INUMAF__ligand42-0
645,INUMAF__ligand6892-0
646,INUMAF__ligand10582-0
647,INUMAF__ligand13260-0
648,INUMAF__ligand3736-0
649,INUMAF__ligand8000-0
650,INUMAF__ligand25658-0
651,INUMAF__ligand17686-0
652,INUMAF__ligand31205-0
653,INUMAF__ligand9344-0
654,INUMAF__ligand833-0
655,INUMAF__ligand11177-0
656,INUMAF__ligand5383-0
657,INUMAF__ligand2693-0
658,INUMAF__ligand66-0
659,INUMAF__ligand3945-0
660,INUMAF__ligand15455-0
661,INUMAF__ligand16870-0
662,INUMAF__ligand9299-0
663,INUMAF__ligand2985-0
664,INUMAF__ligand11622-0
665,INUMAF__ligand4007-0
666,INUMAF__ligand9883-0
667,INUMAF__ligand3677-1
668,INUMAF__ligand11814-0
669,INUMAF__ligand115-0
670,INUMAF__ligand7291-0
671,INUMAF__ligand16603-0
672,INUMAF__ligand24851-0
673,INUMAF__ligand2238-0
674,INUMAF__ligand9167-0
675,INUMAF__ligand20530-0
676,INUMAF__ligand11698-0
677,INUMAF__ligand14302-0
678,INUMAF__ligand14347-0
679,INUMAF__ligand13657-0
680,INUMAF__ligand5304-0
681,INUMAF__ligand7293-0
682,INUMAF__ligand2822-0
683,INUMAF__ligand3867-0
684,INUMAF__ligand1317-0
685,INUMAF__ligand27610-0
686,INUMAF__ligand10479-0
687,INUMAF__ligand11479-0
688,INUMAF__ligand29441-0
689,INUMAF__ligand10853-0
690,INUMAF__ligand152-0
691,INUMAF__ligand8002-0
692,INUMAF__ligand5509-0
693,INUMAF__ligand506-0
694,INUMAF__ligand1407-0
695,INUMAF__ligand6117-0
696,INUMAF__ligand16952-0
697,INUMAF__ligand29813-0
698,INUMAF__ligand5080-0
699,INUMAF__ligand7762-0
700,INUMAF__ligand20220-0
701,INUMAF__ligand15387-0
702,INUMAF__ligand20121-0
703,INUMAF__ligand4101-0
704,INUMAF__ligand5595-0
705,INUMAF__ligand10151-0
706,INUMAF__ligand487-0
707,INUMAF__ligand2221-0
708,INUMAF__ligand4358-0
709,INUMAF__ligand3926-0
710,INUMAF__ligand3120-0
711,INUMAF__ligand38-0
712,INUMAF__ligand19668-0
713,INUMAF__ligand447-0
714,INUMAF__ligand1197-0
715,INUMAF__ligand8592-0
716,INUMAF__ligand19906-0
717,INUMAF__ligand5099-0
718,INUMAF__ligand746-0
719,INUMAF__ligand1296-0
720,INUMAF__ligand2259-0
721,INUMAF__ligand22353-0
722,INUMAF__ligand176-0
723,INUMAF__ligand9773-0
724,INUMAF__ligand5510-0
725,INUMAF__ligand1376-0
726,INUMAF__ligand8612-0
727,INUMAF__ligand17069-0
728,INUMAF__ligand353-0
729,INUMAF__ligand14477-0
730,INUMAF__ligand2124-0
731,INUMAF__ligand17445-0
732,INUMAF__ligand1116-0
733,INUMAF__ligand3225-0
734,INUMAF__ligand1153-0
735,INUMAF__ligand2260-0
736,INUMAF__ligand7092-0
737,INUMAF__ligand12413-0
738,INUMAF__ligand7273-0
739,INUMAF__ligand29334-0
740,INUMAF__ligand9323-0
741,INUMAF__ligand20731-0
742,INUMAF__ligand7172-0
743,INUMAF__ligand11798-0
744,INUMAF__ligand21448-0
745,INUMAF__ligand5180-0
746,INUMAF__ligand22357-0
747,INUMAF__ligand11758-0
748,INUMAF__ligand29214-0
749,INUMAF__ligand7316-0
750,INUMAF__ligand393-0
751,INUMAF__ligand5708-0
752,INUMAF__ligand11544-0
753,INUMAF__ligand11501-0
754,INUMAF__ligand6017-0
755,INUMAF__ligand7196-0
756,INUMAF__ligand27550-0
757,INUMAF__ligand5159-0
758,INUMAF__ligand5530-0
759,INUMAF__ligand1356-0
760,INUMAF__ligand1787-0
761,INUMAF__ligand686-0
762,INUMAF__ligand9753-0
763,INUMAF__ligand3178-0
764,INUMAF__ligand18-0
765,INUMAF__ligand422-0
766,INUMAF__ligand18019-1
767,INUMAF__ligand14007-0
768,INUMAF__ligand4807-0
769,INUMAF__ligand3244-0
770,INUMAF__ligand4711-0
771,INUMAF__ligand29565-0
772,INUMAF__ligand23682-0
773,INUMAF__ligand18158-0
774,INUMAF__ligand2906-0
775,INUMAF__ligand27771-0
776,INUMAF__ligand20942-1
777,INUMAF__ligand196-0
778,INUMAF__ligand16956-0
779,INUMAF__ligand21339-0
780,INUMAF__ligand14226-0
781,INUMAF__ligand2788-0
782,INUMAF__ligand5649-0
783,INUMAF__ligand8793-0
784,INUMAF__ligand4649-0
785,INUMAF__ligand14339-0
786,INUMAF__ligand1289-0
787,INUMAF__ligand30788-0
788,INUMAF__ligand5387-0
789,INUMAF__ligand2203-0
790,INUMAF__ligand13691-0
791,INUMAF__ligand21752-0
792,INUMAF__ligand314-1
793,INUMAF__ligand18757-0
794,INUMAF__ligand24560-0
795,INUMAF__ligand20844-0
796,INUMAF__ligand18413-0
797,INUMAF__ligand9450-0
798,INUMAF__ligand24624-0
799,INUMAF__ligand1599-0
800,INUMAF__ligand2612-0
801,INUMAF__ligand465-0
802,INUMAF__ligand8788-0
803,INUMAF__ligand1832-0
804,INUMAF__ligand618-0
805,INUMAF__ligand2043-0
806,INUMAF__ligand20557-0
807,INUMAF__ligand9943-0
808,INUMAF__ligand30004-0
809,INUMAF__ligand1228-0
810,INUMAF__ligand1604-0
811,INUMAF__ligand391-0
812,INUMAF__ligand813-0
813,INUMAF__ligand25048-0
814,INUMAF__ligand1114-0
815,INUMAF__ligand21940-0
816,INUMAF__ligand780-0
817,INUMAF__ligand3126-0
818,INUMAF__ligand6391-0
819,INUMAF__ligand314-0
820,INUMAF__ligand9284-0
821,INUMAF__ligand20432-0
822,INUMAF__ligand27122-0
823,INUMAF__ligand16133-0
824,INUMAF__ligand13755-0
825,INUMAF__ligand23445-0
826,INUMAF__ligand24953-0
827,INUMAF__ligand2417-0
