,TMC
0,VAMMOL__ligand487-0
1,VAMMOL__ligand1321-0
2,VAMMOL__ligand522-0
3,VAMMOL__ligand666-0
4,VAMMOL__ligand1178-0
5,VAMMOL__ligand17-0
6,VAMMOL__ligand3566-0
7,VAMMOL__ligand133-0
8,VAMMOL__ligand92-0
9,VAMMOL__ligand447-0
10,VAMMOL__ligand1788-0
11,VAMMOL__ligand9620-0
12,VAMMOL__ligand682-0
13,VAMMOL__ligand4894-0
14,VAMMOL__ligand1260-0
15,VAMMOL__ligand7514-0
16,VAMMOL__ligand3337-0
17,VAMMOL__ligand1449-1
18,VAMMOL__ligand4811-0
19,VAMMOL__ligand1307-0
20,VAMMOL__ligand89-0
21,VAMMOL__ligand10357-0
22,VAMMOL__ligand291-0
23,VAMMOL__ligand15630-0
24,VAMMOL__ligand49-0
25,VAMMOL__ligand115-0
26,VAMMOL__ligand1246-0
27,VAMMOL__ligand6166-0
28,VAMMOL__ligand784-0
29,VAMMOL__ligand355-0
30,VAMMOL__ligand2853-0
31,VAMMOL__ligand3853-0
32,VAMMOL__ligand485-0
33,VAMMOL__ligand2599-0
34,VAMMOL__ligand5089-0
35,VAMMOL__ligand8032-0
36,VAMMOL__ligand391-0
37,VAMMOL__ligand1858-0
38,VAMMOL__ligand170-0
39,VAMMOL__ligand5334-0
40,VAMMOL__ligand11-0
41,VAMMOL__ligand481-0
42,VAMMOL__ligand2315-0
43,VAMMOL__ligand1898-0
44,VAMMOL__ligand314-0
45,VAMMOL__ligand2480-0
46,VAMMOL__ligand3051-0
47,VAMMOL__ligand4504-0
48,VAMMOL__ligand1919-0
49,VAMMOL__ligand2389-0
50,VAMMOL__ligand1712-0
51,VAMMOL__ligand2110-0
52,VAMMOL__ligand2916-0
53,VAMMOL__ligand210-0
54,VAMMOL__ligand3579-0
55,VAMMOL__ligand1379-0
56,VAMMOL__ligand422-0
57,VAMMOL__ligand113-0
58,VAMMOL__ligand1299-0
59,VAMMOL__ligand6430-0
60,VAMMOL__ligand1264-0
61,VAMMOL__ligand1221-0
62,VAMMOL__ligand502-0
63,VAMMOL__ligand196-0
64,VAMMOL__ligand2929-0
65,VAMMOL__ligand2376-0
66,VAMMOL__ligand2482-0
67,VAMMOL__ligand1325-0
68,VAMMOL__ligand353-0
69,VAMMOL__ligand6571-0
70,VAMMOL__ligand1019-0
71,VAMMOL__ligand2442-0
72,VAMMOL__ligand236-0
73,VAMMOL__ligand1104-0
74,VAMMOL__ligand5762-0
75,VAMMOL__ligand7414-0
76,VAMMOL__ligand460-0
77,VAMMOL__ligand6143-0
78,VAMMOL__ligand5235-0
79,VAMMOL__ligand4619-0
80,VAMMOL__ligand3251-0
81,VAMMOL__ligand48-0
82,VAMMOL__ligand250-0
83,VAMMOL__ligand9176-0
84,VAMMOL__ligand14530-0
85,VAMMOL__ligand1493-0
86,VAMMOL__ligand3035-0
87,VAMMOL__ligand3070-0
88,VAMMOL__ligand370-0
89,VAMMOL__ligand2718-0
90,VAMMOL__ligand51-0
91,VAMMOL__ligand5758-0
92,VAMMOL__ligand311-0
93,VAMMOL__ligand3852-0
94,VAMMOL__ligand3478-0
95,VAMMOL__ligand10910-0
96,VAMMOL__ligand1818-0
97,VAMMOL__ligand369-0
98,VAMMOL__ligand444-0
99,VAMMOL__ligand188-0
100,VAMMOL__ligand91-0
101,VAMMOL__ligand29-0
102,VAMMOL__ligand7456-0
103,VAMMOL__ligand3890-0
104,VAMMOL__ligand10114-0
105,VAMMOL__ligand1907-0
106,VAMMOL__ligand177-0
107,VAMMOL__ligand934-0
108,VAMMOL__ligand4423-0
109,VAMMOL__ligand1555-0
110,VAMMOL__ligand909-0
111,VAMMOL__ligand1285-0
112,VAMMOL__ligand851-0
113,VAMMOL__ligand7630-0
114,VAMMOL__ligand32-0
115,VAMMOL__ligand193-0
116,VAMMOL__ligand10479-0
117,VAMMOL__ligand8-0
118,VAMMOL__ligand830-0
119,VAMMOL__ligand7550-0
120,VAMMOL__ligand1038-0
121,VAMMOL__ligand2762-0
122,VAMMOL__ligand252-0
123,VAMMOL__ligand5093-0
124,VAMMOL__ligand2954-0
125,VAMMOL__ligand955-0
126,VAMMOL__ligand1160-0
127,VAMMOL__ligand2253-0
128,VAMMOL__ligand197-0
129,VAMMOL__ligand73-0
130,VAMMOL__ligand3196-0
131,VAMMOL__ligand4012-0
132,VAMMOL__ligand296-0
133,VAMMOL__ligand112-0
134,VAMMOL__ligand2915-0
135,VAMMOL__ligand1690-0
136,VAMMOL__ligand136-0
137,VAMMOL__ligand868-0
138,VAMMOL__ligand442-0
139,VAMMOL__ligand2707-0
140,VAMMOL__ligand783-0
141,VAMMOL__ligand352-0
142,VAMMOL__ligand57-0
143,VAMMOL__ligand2526-0
144,VAMMOL__ligand1551-0
145,VAMMOL__ligand4370-0
146,VAMMOL__ligand560-0
147,VAMMOL__ligand525-0
148,VAMMOL__ligand55-0
149,VAMMOL__ligand109-0
150,VAMMOL__ligand932-0
151,VAMMOL__ligand134-0
152,VAMMOL__ligand2618-0
153,VAMMOL__ligand3618-0
154,VAMMOL__ligand235-0
155,VAMMOL__ligand95-0
156,VAMMOL__ligand1436-0
157,VAMMOL__ligand390-0
158,VAMMOL__ligand2255-0
159,VAMMOL__ligand916-0
160,VAMMOL__ligand584-0
161,VAMMOL__ligand4175-0
162,VAMMOL__ligand421-0
163,VAMMOL__ligand798-0
164,VAMMOL__ligand331-0
165,VAMMOL__ligand294-0
166,VAMMOL__ligand1918-0
167,VAMMOL__ligand34-0
168,VAMMOL__ligand993-0
169,VAMMOL__ligand6277-0
170,VAMMOL__ligand927-0
171,VAMMOL__ligand38-0
172,VAMMOL__ligand1951-0
173,VAMMOL__ligand1687-0
174,VAMMOL__ligand199-0
175,VAMMOL__ligand575-0
176,VAMMOL__ligand40-0
177,VAMMOL__ligand2259-0
178,VAMMOL__ligand2688-0
179,VAMMOL__ligand2768-0
180,VAMMOL__ligand1376-0
181,VAMMOL__ligand21-0
182,VAMMOL__ligand409-0
183,VAMMOL__ligand361-0
184,VAMMOL__ligand324-0
185,VAMMOL__ligand1706-0
186,VAMMOL__ligand3734-0
187,VAMMOL__ligand2629-0
188,VAMMOL__ligand4381-0
189,VAMMOL__ligand105-0
190,VAMMOL__ligand140-0
191,VAMMOL__ligand436-0
192,VAMMOL__ligand142-0
193,VAMMOL__ligand1171-0
194,VAMMOL__ligand206-0
195,VAMMOL__ligand553-0
196,VAMMOL__ligand66-0
197,VAMMOL__ligand5801-0
198,VAMMOL__ligand283-0
199,VAMMOL__ligand821-0
200,VAMMOL__ligand1438-0
201,VAMMOL__ligand326-0
202,VAMMOL__ligand3063-0
203,VAMMOL__ligand633-0
204,VAMMOL__ligand918-0
205,VAMMOL__ligand532-0
206,VAMMOL__ligand1544-0
207,VAMMOL__ligand1459-0
208,VAMMOL__ligand497-0
209,VAMMOL__ligand1048-0
210,VAMMOL__ligand2087-0
211,VAMMOL__ligand838-0
212,VAMMOL__ligand3757-0
213,VAMMOL__ligand1685-0
214,VAMMOL__ligand166-0
215,VAMMOL__ligand1228-0
216,VAMMOL__ligand9244-0
217,VAMMOL__ligand1114-0
218,VAMMOL__ligand162-0
219,VAMMOL__ligand86-0
220,VAMMOL__ligand1538-0
221,VAMMOL__ligand226-0
222,VAMMOL__ligand4-0
223,VAMMOL__ligand383-0
224,VAMMOL__ligand3246-0
225,VAMMOL__ligand1479-0
226,VAMMOL__ligand62-0
227,VAMMOL__ligand1148-0
228,VAMMOL__ligand6502-0
229,VAMMOL__ligand2098-0
230,VAMMOL__ligand2863-0
231,VAMMOL__ligand365-0
232,VAMMOL__ligand3178-0
233,VAMMOL__ligand278-0
234,VAMMOL__ligand6332-0
235,VAMMOL__ligand669-0
236,VAMMOL__ligand18-0
237,VAMMOL__ligand3145-0
238,VAMMOL__ligand430-0
239,VAMMOL__ligand5548-0
240,VAMMOL__ligand7915-0
241,VAMMOL__ligand358-0
242,VAMMOL__ligand1747-0
243,VAMMOL__ligand6686-0
244,VAMMOL__ligand509-0
245,VAMMOL__ligand2751-0
246,VAMMOL__ligand6-0
247,VAMMOL__ligand3041-0
248,VAMMOL__ligand118-0
249,VAMMOL__ligand670-0
250,VAMMOL__ligand1542-0
251,VAMMOL__ligand2634-0
252,VAMMOL__ligand571-0
253,VAMMOL__ligand2864-0
254,VAMMOL__ligand67-0
255,VAMMOL__ligand2142-0
256,VAMMOL__ligand2772-0
257,VAMMOL__ligand6151-0
258,VAMMOL__ligand9495-0
259,VAMMOL__ligand6538-0
260,VAMMOL__ligand757-0
261,VAMMOL__ligand2880-0
262,VAMMOL__ligand5941-0
263,VAMMOL__ligand3838-0
264,VAMMOL__ligand1799-0
265,VAMMOL__ligand2838-0
266,VAMMOL__ligand1-0
267,VAMMOL__ligand797-0
268,VAMMOL__ligand1169-0
269,VAMMOL__ligand5022-0
270,VAMMOL__ligand1835-0
271,VAMMOL__ligand2794-0
272,VAMMOL__ligand2345-0
273,VAMMOL__ligand4983-0
274,VAMMOL__ligand1502-0
275,VAMMOL__ligand120-0
276,VAMMOL__ligand2265-0
277,VAMMOL__ligand1113-0
278,VAMMOL__ligand6396-0
279,VAMMOL__ligand3-0
280,VAMMOL__ligand9027-0
281,VAMMOL__ligand384-0
282,VAMMOL__ligand1273-0
283,VAMMOL__ligand240-0
284,VAMMOL__ligand141-0
285,VAMMOL__ligand1052-0
286,VAMMOL__ligand2430-0
287,VAMMOL__ligand1703-0
288,VAMMOL__ligand100-0
289,VAMMOL__ligand2907-0
290,VAMMOL__ligand244-0
291,VAMMOL__ligand201-0
292,VAMMOL__ligand8921-0
293,VAMMOL__ligand279-0
294,VAMMOL__ligand1567-0
295,VAMMOL__ligand2285-0
296,VAMMOL__ligand178-0
297,VAMMOL__ligand2510-0
298,VAMMOL__ligand1056-0
299,VAMMOL__ligand2320-0
300,VAMMOL__ligand2862-0
301,VAMMOL__ligand321-0
302,VAMMOL__ligand1607-0
303,VAMMOL__ligand119-0
304,VAMMOL__ligand45-0
305,VAMMOL__ligand1727-0
306,VAMMOL__ligand85-0
307,VAMMOL__ligand124-0
308,VAMMOL__ligand78-0
309,VAMMOL__ligand1152-0
310,VAMMOL__ligand11730-0
311,VAMMOL__ligand126-0
312,VAMMOL__ligand3637-0
313,VAMMOL__ligand8774-0
314,VAMMOL__ligand1598-0
315,VAMMOL__ligand612-0
316,VAMMOL__ligand4303-0
317,VAMMOL__ligand187-0
318,VAMMOL__ligand1248-0
319,VAMMOL__ligand366-0
320,VAMMOL__ligand6294-0
321,VAMMOL__ligand861-0
322,VAMMOL__ligand1054-0
323,VAMMOL__ligand596-0
324,VAMMOL__ligand7464-0
