,TMC
0,VEDQUQ__ligand1538-0
1,VEDQUQ__ligand1114-0
2,VEDQUQ__ligand797-0
3,VEDQUQ__ligand21-0
4,VEDQUQ__ligand757-0
5,VEDQUQ__ligand9244-0
6,VEDQUQ__ligand1228-0
7,VEDQUQ__ligand38-0
8,VEDQUQ__ligand1479-0
9,VEDQUQ__ligand1148-0
10,VEDQUQ__ligand3246-0
11,VEDQUQ__ligand40-0
12,VEDQUQ__ligand3145-0
13,VEDQUQ__ligand11730-0
14,VEDQUQ__ligand6686-0
15,VEDQUQ__ligand1747-0
16,VEDQUQ__ligand5548-0
17,VEDQUQ__ligand7915-0
18,VEDQUQ__ligand2863-0
19,VEDQUQ__ligand6502-0
20,VEDQUQ__ligand2098-0
21,VEDQUQ__ligand141-0
22,VEDQUQ__ligand6332-0
23,VEDQUQ__ligand3178-0
24,VEDQUQ__ligand240-0
25,VEDQUQ__ligand384-0
26,VEDQUQ__ligand3041-0
27,VEDQUQ__ligand1542-0
28,VEDQUQ__ligand2634-0
29,VEDQUQ__ligand8-0
30,VEDQUQ__ligand120-0
31,VEDQUQ__ligand66-0
32,VEDQUQ__ligand2751-0
33,VEDQUQ__ligand2688-0
34,VEDQUQ__ligand2259-0
35,VEDQUQ__ligand124-0
36,VEDQUQ__ligand2768-0
37,VEDQUQ__ligand1376-0
38,VEDQUQ__ligand6277-0
39,VEDQUQ__ligand62-0
40,VEDQUQ__ligand1687-0
41,VEDQUQ__ligand1951-0
42,VEDQUQ__ligand119-0
43,VEDQUQ__ligand321-0
44,VEDQUQ__ligand3734-0
45,VEDQUQ__ligand1706-0
46,VEDQUQ__ligand4381-0
47,VEDQUQ__ligand178-0
48,VEDQUQ__ligand279-0
49,VEDQUQ__ligand2629-0
50,VEDQUQ__ligand201-0
51,VEDQUQ__ligand244-0
52,VEDQUQ__ligand100-0
53,VEDQUQ__ligand86-0
54,VEDQUQ__ligand5801-0
55,VEDQUQ__ligand596-0
56,VEDQUQ__ligand1438-0
57,VEDQUQ__ligand3063-0
58,VEDQUQ__ligand861-0
59,VEDQUQ__ligand366-0
60,VEDQUQ__ligand187-0
61,VEDQUQ__ligand612-0
62,VEDQUQ__ligand1171-0
63,VEDQUQ__ligand3757-0
64,VEDQUQ__ligand1048-0
65,VEDQUQ__ligand2087-0
66,VEDQUQ__ligand1685-0
67,VEDQUQ__ligand1544-0
68,VEDQUQ__ligand126-0
69,VEDQUQ__ligand18-0
70,VEDQUQ__ligand1459-0
71,VEDQUQ__ligand140-0
72,VEDQUQ__ligand105-0
73,VEDQUQ__ligand2510-0
74,VEDQUQ__ligand8921-0
75,VEDQUQ__ligand1567-0
76,VEDQUQ__ligand2285-0
77,VEDQUQ__ligand2862-0
78,VEDQUQ__ligand1056-0
79,VEDQUQ__ligand2320-0
80,VEDQUQ__ligand2430-0
81,VEDQUQ__ligand1703-0
82,VEDQUQ__ligand324-0
83,VEDQUQ__ligand361-0
84,VEDQUQ__ligand409-0
85,VEDQUQ__ligand2907-0
86,VEDQUQ__ligand67-0
87,VEDQUQ__ligand1727-0
88,VEDQUQ__ligand1152-0
89,VEDQUQ__ligand575-0
90,VEDQUQ__ligand199-0
91,VEDQUQ__ligand1607-0
92,VEDQUQ__ligand927-0
93,VEDQUQ__ligand166-0
94,VEDQUQ__ligand3637-0
95,VEDQUQ__ligand8774-0
96,VEDQUQ__ligand838-0
97,VEDQUQ__ligand497-0
98,VEDQUQ__ligand532-0
99,VEDQUQ__ligand918-0
100,VEDQUQ__ligand633-0
101,VEDQUQ__ligand326-0
102,VEDQUQ__ligand821-0
103,VEDQUQ__ligand283-0
104,VEDQUQ__ligand7464-0
105,VEDQUQ__ligand553-0
106,VEDQUQ__ligand4303-0
107,VEDQUQ__ligand1248-0
108,VEDQUQ__ligand206-0
109,VEDQUQ__ligand142-0
110,VEDQUQ__ligand1598-0
111,VEDQUQ__ligand1054-0
112,VEDQUQ__ligand436-0
113,VEDQUQ__ligand6294-0
114,VEDQUQ__ligand2142-0
115,VEDQUQ__ligand6538-0
116,VEDQUQ__ligand2772-0
117,VEDQUQ__ligand45-0
118,VEDQUQ__ligand6151-0
119,VEDQUQ__ligand9495-0
120,VEDQUQ__ligand78-0
121,VEDQUQ__ligand2864-0
122,VEDQUQ__ligand85-0
123,VEDQUQ__ligand383-0
124,VEDQUQ__ligand226-0
125,VEDQUQ__ligand162-0
126,VEDQUQ__ligand1169-0
127,VEDQUQ__ligand5022-0
128,VEDQUQ__ligand1799-0
129,VEDQUQ__ligand3838-0
130,VEDQUQ__ligand2838-0
131,VEDQUQ__ligand5941-0
132,VEDQUQ__ligand2880-0
133,VEDQUQ__ligand571-0
134,VEDQUQ__ligand6396-0
135,VEDQUQ__ligand670-0
136,VEDQUQ__ligand2265-0
137,VEDQUQ__ligand118-0
138,VEDQUQ__ligand1113-0
139,VEDQUQ__ligand9027-0
140,VEDQUQ__ligand4983-0
141,VEDQUQ__ligand1835-0
142,VEDQUQ__ligand2345-0
143,VEDQUQ__ligand2794-0
144,VEDQUQ__ligand509-0
145,VEDQUQ__ligand1502-0
146,VEDQUQ__ligand1052-0
147,VEDQUQ__ligand358-0
148,VEDQUQ__ligand430-0
149,VEDQUQ__ligand669-0
150,VEDQUQ__ligand1273-0
151,VEDQUQ__ligand278-0
152,VEDQUQ__ligand365-0
153,VEDQUQ__ligand5334-0
154,VEDQUQ__ligand188-0
155,VEDQUQ__ligand1898-0
156,VEDQUQ__ligand444-0
157,VEDQUQ__ligand2480-0
158,VEDQUQ__ligand4504-0
159,VEDQUQ__ligand3051-0
160,VEDQUQ__ligand369-0
161,VEDQUQ__ligand2315-0
162,VEDQUQ__ligand1858-0
163,VEDQUQ__ligand8032-0
164,VEDQUQ__ligand311-0
165,VEDQUQ__ligand370-0
166,VEDQUQ__ligand17-0
167,VEDQUQ__ligand1712-0
168,VEDQUQ__ligand3579-0
169,VEDQUQ__ligand1-0
170,VEDQUQ__ligand2916-0
171,VEDQUQ__ligand2110-0
172,VEDQUQ__ligand250-0
173,VEDQUQ__ligand1919-0
174,VEDQUQ__ligand92-0
175,VEDQUQ__ligand460-0
176,VEDQUQ__ligand2389-0
177,VEDQUQ__ligand955-0
178,VEDQUQ__ligand252-0
179,VEDQUQ__ligand2929-0
180,VEDQUQ__ligand2376-0
181,VEDQUQ__ligand830-0
182,VEDQUQ__ligand1379-0
183,VEDQUQ__ligand193-0
184,VEDQUQ__ligand1221-0
185,VEDQUQ__ligand1264-0
186,VEDQUQ__ligand1299-0
187,VEDQUQ__ligand3-0
188,VEDQUQ__ligand6430-0
189,VEDQUQ__ligand89-0
190,VEDQUQ__ligand1019-0
191,VEDQUQ__ligand851-0
192,VEDQUQ__ligand2442-0
193,VEDQUQ__ligand909-0
194,VEDQUQ__ligand1104-0
195,VEDQUQ__ligand7414-0
196,VEDQUQ__ligand5762-0
197,VEDQUQ__ligand177-0
198,VEDQUQ__ligand934-0
199,VEDQUQ__ligand6571-0
200,VEDQUQ__ligand2482-0
201,VEDQUQ__ligand1325-0
202,VEDQUQ__ligand49-0
203,VEDQUQ__ligand783-0
204,VEDQUQ__ligand352-0
205,VEDQUQ__ligand1788-0
206,VEDQUQ__ligand1321-0
207,VEDQUQ__ligand442-0
208,VEDQUQ__ligand14530-0
209,VEDQUQ__ligand868-0
210,VEDQUQ__ligand136-0
211,VEDQUQ__ligand1178-0
212,VEDQUQ__ligand3566-0
213,VEDQUQ__ligand7514-0
214,VEDQUQ__ligand3337-0
215,VEDQUQ__ligand4811-0
216,VEDQUQ__ligand1449-1
217,VEDQUQ__ligand112-0
218,VEDQUQ__ligand296-0
219,VEDQUQ__ligand10910-0
220,VEDQUQ__ligand197-0
221,VEDQUQ__ligand9620-0
222,VEDQUQ__ligand1260-0
223,VEDQUQ__ligand4894-0
224,VEDQUQ__ligand11-0
225,VEDQUQ__ligand993-0
226,VEDQUQ__ligand10114-0
227,VEDQUQ__ligand294-0
228,VEDQUQ__ligand331-0
229,VEDQUQ__ligand1307-0
230,VEDQUQ__ligand798-0
231,VEDQUQ__ligand421-0
232,VEDQUQ__ligand916-0
233,VEDQUQ__ligand584-0
234,VEDQUQ__ligand390-0
235,VEDQUQ__ligand2853-0
236,VEDQUQ__ligand3853-0
237,VEDQUQ__ligand10479-0
238,VEDQUQ__ligand235-0
239,VEDQUQ__ligand5089-0
240,VEDQUQ__ligand2599-0
241,VEDQUQ__ligand134-0
242,VEDQUQ__ligand932-0
243,VEDQUQ__ligand109-0
244,VEDQUQ__ligand525-0
245,VEDQUQ__ligand560-0
246,VEDQUQ__ligand1246-0
247,VEDQUQ__ligand6166-0
248,VEDQUQ__ligand2915-0
249,VEDQUQ__ligand51-0
250,VEDQUQ__ligand29-0
251,VEDQUQ__ligand91-0
252,VEDQUQ__ligand4012-0
253,VEDQUQ__ligand3196-0
254,VEDQUQ__ligand682-0
255,VEDQUQ__ligand447-0
256,VEDQUQ__ligand48-0
257,VEDQUQ__ligand1551-0
258,VEDQUQ__ligand133-0
259,VEDQUQ__ligand2526-0
260,VEDQUQ__ligand666-0
261,VEDQUQ__ligand1690-0
262,VEDQUQ__ligand522-0
263,VEDQUQ__ligand2707-0
264,VEDQUQ__ligand487-0
265,VEDQUQ__ligand2618-0
266,VEDQUQ__ligand3618-0
267,VEDQUQ__ligand485-0
268,VEDQUQ__ligand1436-0
269,VEDQUQ__ligand32-0
270,VEDQUQ__ligand784-0
271,VEDQUQ__ligand355-0
272,VEDQUQ__ligand4370-0
273,VEDQUQ__ligand1918-0
274,VEDQUQ__ligand115-0
275,VEDQUQ__ligand2255-0
276,VEDQUQ__ligand291-0
277,VEDQUQ__ligand4175-0
278,VEDQUQ__ligand9176-0
279,VEDQUQ__ligand210-0
280,VEDQUQ__ligand3070-0
281,VEDQUQ__ligand3035-0
282,VEDQUQ__ligand2718-0
283,VEDQUQ__ligand1493-0
284,VEDQUQ__ligand4619-0
285,VEDQUQ__ligand6143-0
286,VEDQUQ__ligand57-0
287,VEDQUQ__ligand5235-0
288,VEDQUQ__ligand3251-0
289,VEDQUQ__ligand4-0
290,VEDQUQ__ligand73-0
291,VEDQUQ__ligand314-0
292,VEDQUQ__ligand1818-0
293,VEDQUQ__ligand481-0
294,VEDQUQ__ligand7456-0
295,VEDQUQ__ligand170-0
296,VEDQUQ__ligand5758-0
297,VEDQUQ__ligand3478-0
298,VEDQUQ__ligand391-0
299,VEDQUQ__ligand3852-0
300,VEDQUQ__ligand1285-0
301,VEDQUQ__ligand236-0
302,VEDQUQ__ligand1555-0
303,VEDQUQ__ligand7630-0
304,VEDQUQ__ligand10357-0
305,VEDQUQ__ligand15630-0
306,VEDQUQ__ligand3890-0
307,VEDQUQ__ligand353-0
308,VEDQUQ__ligand34-0
309,VEDQUQ__ligand4423-0
310,VEDQUQ__ligand1907-0
311,VEDQUQ__ligand2762-0
312,VEDQUQ__ligand55-0
313,VEDQUQ__ligand1038-0
314,VEDQUQ__ligand6-0
315,VEDQUQ__ligand1160-0
316,VEDQUQ__ligand2253-0
317,VEDQUQ__ligand196-0
318,VEDQUQ__ligand502-0
319,VEDQUQ__ligand2954-0
320,VEDQUQ__ligand5093-0
321,VEDQUQ__ligand113-0
322,VEDQUQ__ligand7550-0
323,VEDQUQ__ligand95-0
324,VEDQUQ__ligand422-0
