,TMC
0,VESTAO__ligand12365-0
1,VESTAO__ligand3156-0
2,VESTAO__ligand10056-0
3,VESTAO__ligand2915-0
4,VESTAO__ligand28743-0
5,VESTAO__ligand15531-0
6,VESTAO__ligand13862-0
7,VESTAO__ligand11357-0
8,VESTAO__ligand22294-0
9,VESTAO__ligand22168-0
10,VESTAO__ligand6244-0
11,VESTAO__ligand28930-0
12,VESTAO__ligand1378-0
13,VESTAO__ligand560-0
14,VESTAO__ligand21919-0
15,VESTAO__ligand235-0
16,VESTAO__ligand11970-0
17,VESTAO__ligand134-0
18,VESTAO__ligand2332-0
19,VESTAO__ligand15883-0
20,VESTAO__ligand9441-0
21,VESTAO__ligand24230-0
22,VESTAO__ligand11096-0
23,VESTAO__ligand11447-0
24,VESTAO__ligand28810-0
25,VESTAO__ligand1631-0
26,VESTAO__ligand10828-0
27,VESTAO__ligand9933-0
28,VESTAO__ligand19792-0
29,VESTAO__ligand15926-0
30,VESTAO__ligand1575-0
31,VESTAO__ligand1530-0
32,VESTAO__ligand20207-0
33,VESTAO__ligand30711-0
34,VESTAO__ligand49-0
35,VESTAO__ligand11682-0
36,VESTAO__ligand5643-0
37,VESTAO__ligand1823-0
38,VESTAO__ligand8721-0
39,VESTAO__ligand685-0
40,VESTAO__ligand1324-0
41,VESTAO__ligand421-0
42,VESTAO__ligand25913-0
43,VESTAO__ligand9952-0
44,VESTAO__ligand9111-0
45,VESTAO__ligand16988-0
46,VESTAO__ligand2526-0
47,VESTAO__ligand5036-0
48,VESTAO__ligand1615-0
49,VESTAO__ligand8992-0
50,VESTAO__ligand16663-0
51,VESTAO__ligand9601-0
52,VESTAO__ligand14614-0
53,VESTAO__ligand6124-0
54,VESTAO__ligand3707-0
55,VESTAO__ligand7967-0
56,VESTAO__ligand24035-0
57,VESTAO__ligand89-0
58,VESTAO__ligand4116-0
59,VESTAO__ligand294-0
60,VESTAO__ligand11994-0
61,VESTAO__ligand31044-0
62,VESTAO__ligand31842-0
63,VESTAO__ligand1018-0
64,VESTAO__ligand1142-0
65,VESTAO__ligand3234-0
66,VESTAO__ligand10371-0
67,VESTAO__ligand13672-0
68,VESTAO__ligand8835-0
69,VESTAO__ligand2028-0
70,VESTAO__ligand18568-0
71,VESTAO__ligand28685-0
72,VESTAO__ligand7126-0
73,VESTAO__ligand197-0
74,VESTAO__ligand19184-0
75,VESTAO__ligand4641-0
76,VESTAO__ligand28459-0
77,VESTAO__ligand12453-0
78,VESTAO__ligand18448-0
79,VESTAO__ligand4620-0
80,VESTAO__ligand13477-0
81,VESTAO__ligand14167-0
82,VESTAO__ligand2295-0
83,VESTAO__ligand1577-0
84,VESTAO__ligand6067-0
85,VESTAO__ligand27669-0
86,VESTAO__ligand30142-0
87,VESTAO__ligand868-0
88,VESTAO__ligand29029-0
89,VESTAO__ligand27285-0
90,VESTAO__ligand7819-0
91,VESTAO__ligand352-0
92,VESTAO__ligand783-0
93,VESTAO__ligand2917-0
94,VESTAO__ligand6102-0
95,VESTAO__ligand6596-0
96,VESTAO__ligand3721-0
97,VESTAO__ligand6904-0
98,VESTAO__ligand23197-0
99,VESTAO__ligand3465-0
100,VESTAO__ligand17-0
101,VESTAO__ligand3504-0
102,VESTAO__ligand1959-0
103,VESTAO__ligand26529-0
104,VESTAO__ligand1573-0
105,VESTAO__ligand1536-0
106,VESTAO__ligand9935-0
107,VESTAO__ligand3718-0
108,VESTAO__ligand11618-0
109,VESTAO__ligand6616-0
110,VESTAO__ligand1343-0
111,VESTAO__ligand3876-0
112,VESTAO__ligand3035-0
113,VESTAO__ligand177-0
114,VESTAO__ligand1844-0
115,VESTAO__ligand4661-0
116,VESTAO__ligand7242-0
117,VESTAO__ligand909-0
118,VESTAO__ligand19927-0
119,VESTAO__ligand7106-0
120,VESTAO__ligand14043-0
121,VESTAO__ligand26324-0
122,VESTAO__ligand28559-0
123,VESTAO__ligand9908-0
124,VESTAO__ligand1263-0
125,VESTAO__ligand27239-0
126,VESTAO__ligand21729-0
127,VESTAO__ligand29215-0
128,VESTAO__ligand5211-0
129,VESTAO__ligand193-0
130,VESTAO__ligand4155-0
131,VESTAO__ligand3094-0
132,VESTAO__ligand4720-0
133,VESTAO__ligand12003-0
134,VESTAO__ligand830-0
135,VESTAO__ligand16148-0
136,VESTAO__ligand26631-0
137,VESTAO__ligand3131-0
138,VESTAO__ligand10872-0
139,VESTAO__ligand3174-0
140,VESTAO__ligand3937-0
141,VESTAO__ligand1202-0
142,VESTAO__ligand372-0
143,VESTAO__ligand21399-0
144,VESTAO__ligand8969-0
145,VESTAO__ligand6839-0
146,VESTAO__ligand22403-0
147,VESTAO__ligand5331-0
148,VESTAO__ligand1512-0
149,VESTAO__ligand3565-0
150,VESTAO__ligand116-0
151,VESTAO__ligand20695-0
152,VESTAO__ligand27754-0
153,VESTAO__ligand2485-0
154,VESTAO__ligand11111-0
155,VESTAO__ligand252-0
156,VESTAO__ligand28540-0
157,VESTAO__ligand3852-0
158,VESTAO__ligand6919-0
159,VESTAO__ligand16369-0
160,VESTAO__ligand13385-0
161,VESTAO__ligand1285-0
162,VESTAO__ligand14569-0
163,VESTAO__ligand7000-0
164,VESTAO__ligand1982-0
165,VESTAO__ligand22444-0
166,VESTAO__ligand6768-0
167,VESTAO__ligand8115-0
168,VESTAO__ligand24111-0
169,VESTAO__ligand13220-0
170,VESTAO__ligand11587-0
171,VESTAO__ligand250-0
172,VESTAO__ligand4546-0
173,VESTAO__ligand4503-0
174,VESTAO__ligand15788-0
175,VESTAO__ligand23175-0
176,VESTAO__ligand17396-0
177,VESTAO__ligand4157-0
178,VESTAO__ligand30728-0
179,VESTAO__ligand27840-0
180,VESTAO__ligand5256-0
181,VESTAO__ligand7648-0
182,VESTAO__ligand24872-0
183,VESTAO__ligand8876-0
184,VESTAO__ligand2828-0
185,VESTAO__ligand9833-0
186,VESTAO__ligand24644-0
187,VESTAO__ligand9291-0
188,VESTAO__ligand10033-0
189,VESTAO__ligand370-0
190,VESTAO__ligand2176-0
191,VESTAO__ligand12001-0
192,VESTAO__ligand2232-0
193,VESTAO__ligand11949-0
194,VESTAO__ligand7629-0
195,VESTAO__ligand4272-0
196,VESTAO__ligand1451-0
197,VESTAO__ligand564-0
198,VESTAO__ligand370-1
199,VESTAO__ligand24780-0
200,VESTAO__ligand9784-0
201,VESTAO__ligand12138-0
202,VESTAO__ligand22129-0
203,VESTAO__ligand620-0
204,VESTAO__ligand11-0
205,VESTAO__ligand1160-0
206,VESTAO__ligand8699-0
207,VESTAO__ligand9520-0
208,VESTAO__ligand25561-0
209,VESTAO__ligand3954-0
210,VESTAO__ligand4093-0
211,VESTAO__ligand4442-0
212,VESTAO__ligand785-0
213,VESTAO__ligand311-0
214,VESTAO__ligand479-0
215,VESTAO__ligand1219-0
216,VESTAO__ligand6709-0
217,VESTAO__ligand31694-0
218,VESTAO__ligand7867-0
219,VESTAO__ligand29486-0
220,VESTAO__ligand4016-0
221,VESTAO__ligand7238-0
222,VESTAO__ligand69-0
223,VESTAO__ligand7280-0
224,VESTAO__ligand1304-0
225,VESTAO__ligand1790-0
226,VESTAO__ligand17427-0
227,VESTAO__ligand188-0
228,VESTAO__ligand3208-0
229,VESTAO__ligand2208-0
230,VESTAO__ligand422-0
231,VESTAO__ligand686-0
232,VESTAO__ligand9809-0
233,VESTAO__ligand6672-0
234,VESTAO__ligand10151-0
235,VESTAO__ligand1327-0
236,VESTAO__ligand8722-0
237,VESTAO__ligand7573-0
238,VESTAO__ligand2781-0
239,VESTAO__ligand3350-0
240,VESTAO__ligand19906-0
241,VESTAO__ligand2328-0
242,VESTAO__ligand1773-0
243,VESTAO__ligand4581-0
244,VESTAO__ligand32-0
245,VESTAO__ligand19668-0
246,VESTAO__ligand3029-0
247,VESTAO__ligand7162-0
248,VESTAO__ligand196-0
249,VESTAO__ligand22353-0
250,VESTAO__ligand1900-0
251,VESTAO__ligand9197-0
252,VESTAO__ligand24851-0
253,VESTAO__ligand4131-0
254,VESTAO__ligand1712-0
255,VESTAO__ligand16-0
256,VESTAO__ligand14347-0
257,VESTAO__ligand13657-0
258,VESTAO__ligand14302-0
259,VESTAO__ligand11698-0
260,VESTAO__ligand20530-0
261,VESTAO__ligand11479-0
262,VESTAO__ligand10479-0
263,VESTAO__ligand27610-0
264,VESTAO__ligand10853-0
265,VESTAO__ligand5094-0
266,VESTAO__ligand353-0
267,VESTAO__ligand5892-0
268,VESTAO__ligand29441-0
269,VESTAO__ligand1533-0
270,VESTAO__ligand29813-0
271,VESTAO__ligand393-0
272,VESTAO__ligand16952-0
273,VESTAO__ligand20220-0
274,VESTAO__ligand7557-0
275,VESTAO__ligand1496-0
276,VESTAO__ligand20121-0
277,VESTAO__ligand15387-0
278,VESTAO__ligand5056-0
279,VESTAO__ligand391-0
280,VESTAO__ligand4850-0
281,VESTAO__ligand1688-0
282,VESTAO__ligand31205-0
283,VESTAO__ligand5357-0
284,VESTAO__ligand17686-0
285,VESTAO__ligand3647-0
286,VESTAO__ligand25658-0
287,VESTAO__ligand91-0
288,VESTAO__ligand11177-0
289,VESTAO__ligand3871-0
290,VESTAO__ligand1469-0
291,VESTAO__ligand15455-0
292,VESTAO__ligand1768-0
293,VESTAO__ligand618-0
294,VESTAO__ligand16870-0
295,VESTAO__ligand51-0
296,VESTAO__ligand5935-0
297,VESTAO__ligand1379-0
298,VESTAO__ligand11622-0
299,VESTAO__ligand2722-0
300,VESTAO__ligand3157-0
301,VESTAO__ligand11814-0
302,VESTAO__ligand314-0
303,VESTAO__ligand780-0
304,VESTAO__ligand1165-0
305,VESTAO__ligand16603-0
306,VESTAO__ligand813-0
307,VESTAO__ligand9525-0
308,VESTAO__ligand3392-0
309,VESTAO__ligand11606-0
310,VESTAO__ligand1771-0
311,VESTAO__ligand4911-0
312,VESTAO__ligand31000-0
313,VESTAO__ligand314-1
314,VESTAO__ligand26673-0
315,VESTAO__ligand5849-0
316,VESTAO__ligand20821-0
317,VESTAO__ligand465-0
318,VESTAO__ligand2527-0
319,VESTAO__ligand18067-0
320,VESTAO__ligand19824-0
321,VESTAO__ligand1709-0
322,VESTAO__ligand48-0
323,VESTAO__ligand8464-0
324,VESTAO__ligand8349-0
325,VESTAO__ligand11252-0
326,VESTAO__ligand13260-0
327,VESTAO__ligand10582-0
328,VESTAO__ligand3934-0
329,VESTAO__ligand6882-0
330,VESTAO__ligand6455-0
331,VESTAO__ligand833-0
332,VESTAO__ligand34-0
333,VESTAO__ligand2403-0
334,VESTAO__ligand30004-0
335,VESTAO__ligand20557-0
336,VESTAO__ligand1449-0
337,VESTAO__ligand21940-0
338,VESTAO__ligand3012-0
339,VESTAO__ligand25048-0
340,VESTAO__ligand7530-0
341,VESTAO__ligand115-0
342,VESTAO__ligand1065-0
343,VESTAO__ligand13755-0
344,VESTAO__ligand16133-0
345,VESTAO__ligand9681-0
346,VESTAO__ligand20432-0
347,VESTAO__ligand27122-0
348,VESTAO__ligand4332-0
349,VESTAO__ligand24953-0
350,VESTAO__ligand23445-0
351,VESTAO__ligand5627-0
352,VESTAO__ligand1729-0
353,VESTAO__ligand14339-0
354,VESTAO__ligand68-0
355,VESTAO__ligand13691-0
356,VESTAO__ligand2830-0
357,VESTAO__ligand30788-0
358,VESTAO__ligand368-0
359,VESTAO__ligand21752-0
360,VESTAO__ligand5316-0
361,VESTAO__ligand5483-0
362,VESTAO__ligand395-0
363,VESTAO__ligand24560-0
364,VESTAO__ligand18757-0
365,VESTAO__ligand9148-0
366,VESTAO__ligand784-0
367,VESTAO__ligand24624-0
368,VESTAO__ligand18413-0
369,VESTAO__ligand20844-0
370,VESTAO__ligand6946-0
371,VESTAO__ligand1415-0
372,VESTAO__ligand7529-0
373,VESTAO__ligand55-0
374,VESTAO__ligand27550-0
375,VESTAO__ligand3215-0
376,VESTAO__ligand487-0
377,VESTAO__ligand57-0
378,VESTAO__ligand14007-0
379,VESTAO__ligand7107-0
380,VESTAO__ligand18019-1
381,VESTAO__ligand23682-0
382,VESTAO__ligand29565-0
383,VESTAO__ligand6283-0
384,VESTAO__ligand8-0
385,VESTAO__ligand27771-0
386,VESTAO__ligand176-0
387,VESTAO__ligand18158-0
388,VESTAO__ligand21339-0
389,VESTAO__ligand5813-0
390,VESTAO__ligand14226-0
391,VESTAO__ligand746-0
392,VESTAO__ligand16956-0
393,VESTAO__ligand4813-0
394,VESTAO__ligand20942-1
395,VESTAO__ligand4738-0
396,VESTAO__ligand447-0
397,VESTAO__ligand6062-0
398,VESTAO__ligand152-0
399,VESTAO__ligand14477-0
400,VESTAO__ligand7532-0
401,VESTAO__ligand17069-0
402,VESTAO__ligand4194-0
403,VESTAO__ligand17445-0
404,VESTAO__ligand20731-0
405,VESTAO__ligand2599-0
406,VESTAO__ligand29334-0
407,VESTAO__ligand12413-0
408,VESTAO__ligand4330-0
409,VESTAO__ligand11798-0
410,VESTAO__ligand1147-0
411,VESTAO__ligand21448-0
412,VESTAO__ligand3973-0
413,VESTAO__ligand11758-0
414,VESTAO__ligand22357-0
415,VESTAO__ligand2068-0
416,VESTAO__ligand7925-0
417,VESTAO__ligand506-0
418,VESTAO__ligand29214-0
419,VESTAO__ligand11501-0
420,VESTAO__ligand11544-0
421,VESTAO__ligand10084-0
422,VESTAO__ligand25267-0
423,VESTAO__ligand1908-0
424,VESTAO__ligand12467-0
425,VESTAO__ligand3285-0
426,VESTAO__ligand4795-0
427,VESTAO__ligand21936-0
428,VESTAO__ligand1786-0
429,VESTAO__ligand13257-0
430,VESTAO__ligand23904-0
431,VESTAO__ligand126-0
432,VESTAO__ligand163-0
433,VESTAO__ligand5630-0
434,VESTAO__ligand42-0
435,VESTAO__ligand7213-0
436,VESTAO__ligand1397-0
437,VESTAO__ligand27074-0
438,VESTAO__ligand1828-0
439,VESTAO__ligand6112-0
440,VESTAO__ligand20599-0
441,VESTAO__ligand22981-0
442,VESTAO__ligand25805-0
443,VESTAO__ligand8042-0
444,VESTAO__ligand5085-0
445,VESTAO__ligand3144-0
446,VESTAO__ligand18391-0
447,VESTAO__ligand5755-0
448,VESTAO__ligand845-0
449,VESTAO__ligand14523-0
450,VESTAO__ligand4710-0
451,VESTAO__ligand27169-0
452,VESTAO__ligand16791-0
453,VESTAO__ligand187-0
454,VESTAO__ligand28668-0
455,VESTAO__ligand1849-0
456,VESTAO__ligand66-0
457,VESTAO__ligand657-0
458,VESTAO__ligand4-0
459,VESTAO__ligand1152-0
460,VESTAO__ligand3261-0
461,VESTAO__ligand5019-0
462,VESTAO__ligand366-0
463,VESTAO__ligand18799-0
464,VESTAO__ligand1216-0
465,VESTAO__ligand18465-0
466,VESTAO__ligand13869-0
467,VESTAO__ligand18074-0
468,VESTAO__ligand777-0
469,VESTAO__ligand29863-0
470,VESTAO__ligand1831-0
471,VESTAO__ligand5280-0
472,VESTAO__ligand29610-0
473,VESTAO__ligand941-0
474,VESTAO__ligand596-0
475,VESTAO__ligand5614-0
476,VESTAO__ligand6663-0
477,VESTAO__ligand11140-0
478,VESTAO__ligand5515-0
479,VESTAO__ligand4063-0
480,VESTAO__ligand7438-0
481,VESTAO__ligand8200-0
482,VESTAO__ligand25735-0
483,VESTAO__ligand12519-0
484,VESTAO__ligand3042-0
485,VESTAO__ligand201-0
486,VESTAO__ligand23124-0
487,VESTAO__ligand11206-0
488,VESTAO__ligand3453-0
489,VESTAO__ligand12660-0
490,VESTAO__ligand3416-0
491,VESTAO__ligand178-0
492,VESTAO__ligand185-0
493,VESTAO__ligand4207-0
494,VESTAO__ligand279-0
495,VESTAO__ligand19257-0
496,VESTAO__ligand13209-0
497,VESTAO__ligand25650-0
498,VESTAO__ligand1539-0
499,VESTAO__ligand31248-0
500,VESTAO__ligand321-0
501,VESTAO__ligand1150-0
502,VESTAO__ligand9491-0
503,VESTAO__ligand4266-0
504,VESTAO__ligand1400-0
505,VESTAO__ligand27835-0
506,VESTAO__ligand4167-0
507,VESTAO__ligand12295-0
508,VESTAO__ligand25689-0
509,VESTAO__ligand25575-0
510,VESTAO__ligand1288-0
511,VESTAO__ligand21787-0
512,VESTAO__ligand338-0
513,VESTAO__ligand30539-0
514,VESTAO__ligand7075-0
515,VESTAO__ligand1149-0
516,VESTAO__ligand3980-0
517,VESTAO__ligand3557-0
518,VESTAO__ligand6993-0
519,VESTAO__ligand1817-0
520,VESTAO__ligand38-0
521,VESTAO__ligand23906-0
522,VESTAO__ligand1779-0
523,VESTAO__ligand11166-0
524,VESTAO__ligand21132-0
525,VESTAO__ligand9750-0
526,VESTAO__ligand29087-0
527,VESTAO__ligand2692-0
528,VESTAO__ligand1618-0
529,VESTAO__ligand18703-0
530,VESTAO__ligand768-0
531,VESTAO__ligand1028-0
532,VESTAO__ligand15438-0
533,VESTAO__ligand28924-0
534,VESTAO__ligand4262-0
535,VESTAO__ligand2027-0
536,VESTAO__ligand24750-0
537,VESTAO__ligand1015-0
538,VESTAO__ligand1050-0
539,VESTAO__ligand18013-0
540,VESTAO__ligand25224-0
541,VESTAO__ligand17945-0
542,VESTAO__ligand384-0
543,VESTAO__ligand17207-0
544,VESTAO__ligand31578-0
545,VESTAO__ligand18-0
546,VESTAO__ligand141-0
547,VESTAO__ligand240-0
548,VESTAO__ligand29898-0
549,VESTAO__ligand26277-0
550,VESTAO__ligand10432-0
551,VESTAO__ligand11432-0
552,VESTAO__ligand8529-0
553,VESTAO__ligand31618-0
554,VESTAO__ligand22755-0
555,VESTAO__ligand1169-0
556,VESTAO__ligand1154-0
557,VESTAO__ligand9615-0
558,VESTAO__ligand15168-0
559,VESTAO__ligand24064-0
560,VESTAO__ligand23589-0
561,VESTAO__ligand4596-0
562,VESTAO__ligand1498-0
563,VESTAO__ligand24613-0
564,VESTAO__ligand1113-0
565,VESTAO__ligand19725-0
566,VESTAO__ligand8553-0
567,VESTAO__ligand31483-0
568,VESTAO__ligand10555-0
569,VESTAO__ligand5201-0
570,VESTAO__ligand2001-0
571,VESTAO__ligand693-0
572,VESTAO__ligand17710-0
573,VESTAO__ligand20579-0
574,VESTAO__ligand7566-0
575,VESTAO__ligand11568-0
576,VESTAO__ligand21421-0
577,VESTAO__ligand8593-0
578,VESTAO__ligand9944-0
579,VESTAO__ligand14586-0
580,VESTAO__ligand11774-0
581,VESTAO__ligand6995-0
582,VESTAO__ligand122-0
583,VESTAO__ligand18699-0
584,VESTAO__ligand12682-0
585,VESTAO__ligand2823-0
586,VESTAO__ligand17240-0
587,VESTAO__ligand4340-0
588,VESTAO__ligand2650-0
589,VESTAO__ligand2281-0
590,VESTAO__ligand17590-0
591,VESTAO__ligand3180-0
592,VESTAO__ligand757-0
593,VESTAO__ligand13072-0
594,VESTAO__ligand5415-0
595,VESTAO__ligand12336-0
596,VESTAO__ligand4161-0
597,VESTAO__ligand3471-0
598,VESTAO__ligand4124-0
599,VESTAO__ligand9284-0
600,VESTAO__ligand6391-0
601,VESTAO__ligand3126-0
602,VESTAO__ligand1114-0
603,VESTAO__ligand2417-0
604,VESTAO__ligand27482-0
605,VESTAO__ligand26810-0
606,VESTAO__ligand13208-0
607,VESTAO__ligand694-0
608,VESTAO__ligand2043-0
609,VESTAO__ligand20682-0
610,VESTAO__ligand1832-0
611,VESTAO__ligand8788-0
612,VESTAO__ligand1604-0
613,VESTAO__ligand13390-0
614,VESTAO__ligand488-0
615,VESTAO__ligand430-0
616,VESTAO__ligand358-0
617,VESTAO__ligand1228-0
618,VESTAO__ligand9943-0
619,VESTAO__ligand9450-0
620,VESTAO__ligand25411-0
621,VESTAO__ligand10712-0
622,VESTAO__ligand2612-0
623,VESTAO__ligand14174-0
624,VESTAO__ligand1599-0
625,VESTAO__ligand11456-0
626,VESTAO__ligand5387-0
627,VESTAO__ligand2203-0
628,VESTAO__ligand12030-0
629,VESTAO__ligand1289-0
630,VESTAO__ligand14248-0
631,VESTAO__ligand29879-0
632,VESTAO__ligand13331-0
633,VESTAO__ligand28884-0
634,VESTAO__ligand571-0
635,VESTAO__ligand534-0
636,VESTAO__ligand31832-0
637,VESTAO__ligand13294-0
638,VESTAO__ligand670-0
639,VESTAO__ligand17278-0
640,VESTAO__ligand20011-0
641,VESTAO__ligand2906-0
642,VESTAO__ligand29414-0
643,VESTAO__ligand17982-0
644,VESTAO__ligand3244-0
645,VESTAO__ligand4711-0
646,VESTAO__ligand43-0
647,VESTAO__ligand17398-0
648,VESTAO__ligand4649-0
649,VESTAO__ligand5649-0
650,VESTAO__ligand2788-0
651,VESTAO__ligand8793-0
652,VESTAO__ligand11675-0
653,VESTAO__ligand20598-0
654,VESTAO__ligand22557-0
655,VESTAO__ligand10589-0
656,VESTAO__ligand24047-0
657,VESTAO__ligand9753-0
658,VESTAO__ligand1787-0
659,VESTAO__ligand1356-0
660,VESTAO__ligand5530-0
661,VESTAO__ligand14703-0
662,VESTAO__ligand226-0
663,VESTAO__ligand16475-0
664,VESTAO__ligand5159-0
665,VESTAO__ligand7196-0
666,VESTAO__ligand162-0
667,VESTAO__ligand4807-0
668,VESTAO__ligand383-0
669,VESTAO__ligand20251-1
670,VESTAO__ligand416-0
671,VESTAO__ligand3178-0
672,VESTAO__ligand20539-0
673,VESTAO__ligand20214-0
674,VESTAO__ligand30702-0
675,VESTAO__ligand20251-0
676,VESTAO__ligand696-0
677,VESTAO__ligand5180-0
678,VESTAO__ligand31097-0
679,VESTAO__ligand21581-0
680,VESTAO__ligand6017-0
681,VESTAO__ligand17261-0
682,VESTAO__ligand14117-0
683,VESTAO__ligand5708-0
684,VESTAO__ligand7316-0
685,VESTAO__ligand2260-0
686,VESTAO__ligand7092-0
687,VESTAO__ligand1116-0
688,VESTAO__ligand20419-0
689,VESTAO__ligand3225-0
690,VESTAO__ligand1153-0
691,VESTAO__ligand17118-0
692,VESTAO__ligand21371-0
693,VESTAO__ligand2124-0
694,VESTAO__ligand28789-0
695,VESTAO__ligand8612-0
696,VESTAO__ligand29568-0
697,VESTAO__ligand7172-0
698,VESTAO__ligand9323-0
699,VESTAO__ligand30851-0
700,VESTAO__ligand14889-0
701,VESTAO__ligand656-0
702,VESTAO__ligand7273-0
703,VESTAO__ligand67-0
704,VESTAO__ligand23713-0
705,VESTAO__ligand2259-0
706,VESTAO__ligand27175-0
707,VESTAO__ligand18832-0
708,VESTAO__ligand1296-0
709,VESTAO__ligand8592-0
710,VESTAO__ligand5099-0
711,VESTAO__ligand30988-0
712,VESTAO__ligand1197-0
713,VESTAO__ligand436-0
714,VESTAO__ligand1376-0
715,VESTAO__ligand5510-0
716,VESTAO__ligand692-0
717,VESTAO__ligand14723-0
718,VESTAO__ligand27893-0
719,VESTAO__ligand9773-0
720,VESTAO__ligand20578-0
721,VESTAO__ligand12934-0
722,VESTAO__ligand15422-0
723,VESTAO__ligand19641-0
724,VESTAO__ligand5595-0
725,VESTAO__ligand4101-0
726,VESTAO__ligand1-0
727,VESTAO__ligand31783-0
728,VESTAO__ligand326-0
729,VESTAO__ligand14603-0
730,VESTAO__ligand14297-0
731,VESTAO__ligand3926-0
732,VESTAO__ligand3120-0
733,VESTAO__ligand17258-0
734,VESTAO__ligand4358-0
735,VESTAO__ligand13012-0
736,VESTAO__ligand2221-0
737,VESTAO__ligand17631-0
738,VESTAO__ligand26665-0
739,VESTAO__ligand1407-0
740,VESTAO__ligand6117-0
741,VESTAO__ligand30333-0
742,VESTAO__ligand8002-0
743,VESTAO__ligand5509-0
744,VESTAO__ligand633-0
745,VESTAO__ligand12606-0
746,VESTAO__ligand30296-0
747,VESTAO__ligand497-0
748,VESTAO__ligand17281-0
749,VESTAO__ligand26540-0
750,VESTAO__ligand29410-0
751,VESTAO__ligand5080-0
752,VESTAO__ligand7762-0
753,VESTAO__ligand12337-0
754,VESTAO__ligand12427-0
755,VESTAO__ligand5304-0
756,VESTAO__ligand20740-0
757,VESTAO__ligand28468-0
758,VESTAO__ligand9167-0
759,VESTAO__ligand16628-0
760,VESTAO__ligand2238-0
761,VESTAO__ligand27460-0
762,VESTAO__ligand3867-0
763,VESTAO__ligand1317-0
764,VESTAO__ligand7293-0
765,VESTAO__ligand2822-0
766,VESTAO__ligand19057-0
767,VESTAO__ligand18814-0
768,VESTAO__ligand4007-0
769,VESTAO__ligand2985-0
770,VESTAO__ligand9299-0
771,VESTAO__ligand13425-0
772,VESTAO__ligand29302-0
773,VESTAO__ligand7291-0
774,VESTAO__ligand199-0
775,VESTAO__ligand28676-0
776,VESTAO__ligand10262-0
777,VESTAO__ligand78-0
778,VESTAO__ligand3677-1
779,VESTAO__ligand9883-0
780,VESTAO__ligand27763-0
781,VESTAO__ligand9344-0
782,VESTAO__ligand588-0
783,VESTAO__ligand45-0
784,VESTAO__ligand12641-0
785,VESTAO__ligand10958-0
786,VESTAO__ligand8000-0
787,VESTAO__ligand3736-0
788,VESTAO__ligand300-0
789,VESTAO__ligand3945-0
790,VESTAO__ligand14108-0
791,VESTAO__ligand5383-0
792,VESTAO__ligand2693-0
793,VESTAO__ligand17302-0
794,VESTAO__ligand1464-0
795,VESTAO__ligand3712-0
796,VESTAO__ligand2881-0
797,VESTAO__ligand24-0
798,VESTAO__ligand17805-0
799,VESTAO__ligand3-0
800,VESTAO__ligand1499-0
801,VESTAO__ligand24185-0
802,VESTAO__ligand23769-0
803,VESTAO__ligand6892-0
804,VESTAO__ligand409-0
805,VESTAO__ligand324-0
806,VESTAO__ligand361-0
807,VESTAO__ligand1211-0
808,VESTAO__ligand25178-0
809,VESTAO__ligand3677-0
810,VESTAO__ligand12401-0
811,VESTAO__ligand15585-0
812,VESTAO__ligand3632-0
813,VESTAO__ligand24145-0
814,VESTAO__ligand10476-0
815,VESTAO__ligand1294-0
816,VESTAO__ligand13068-0
817,VESTAO__ligand19830-0
818,VESTAO__ligand1168-0
819,VESTAO__ligand26702-0
820,VESTAO__ligand13658-0
821,VESTAO__ligand19-0
822,VESTAO__ligand18292-0
823,VESTAO__ligand6699-0
824,VESTAO__ligand12289-0
825,VESTAO__ligand12130-0
826,VESTAO__ligand17387-0
827,VESTAO__ligand12231-0
