,TMC
0,IVOHOQ__ligand21936-0
1,IVOHOQ__ligand13257-0
2,IVOHOQ__ligand2232-0
3,IVOHOQ__ligand9291-0
4,IVOHOQ__ligand23904-0
5,IVOHOQ__ligand2176-0
6,IVOHOQ__ligand10084-0
7,IVOHOQ__ligand5256-0
8,IVOHOQ__ligand2828-0
9,IVOHOQ__ligand25267-0
10,IVOHOQ__ligand8876-0
11,IVOHOQ__ligand7648-0
12,IVOHOQ__ligand9833-0
13,IVOHOQ__ligand4157-0
14,IVOHOQ__ligand12467-0
15,IVOHOQ__ligand18391-0
16,IVOHOQ__ligand27169-0
17,IVOHOQ__ligand4503-0
18,IVOHOQ__ligand4546-0
19,IVOHOQ__ligand14523-0
20,IVOHOQ__ligand7000-0
21,IVOHOQ__ligand1982-0
22,IVOHOQ__ligand6768-0
23,IVOHOQ__ligand27074-0
24,IVOHOQ__ligand8115-0
25,IVOHOQ__ligand20599-0
26,IVOHOQ__ligand18-0
27,IVOHOQ__ligand1285-0
28,IVOHOQ__ligand197-0
29,IVOHOQ__ligand22981-0
30,IVOHOQ__ligand25805-0
31,IVOHOQ__ligand7280-0
32,IVOHOQ__ligand1790-0
33,IVOHOQ__ligand1304-0
34,IVOHOQ__ligand18799-0
35,IVOHOQ__ligand783-0
36,IVOHOQ__ligand352-0
37,IVOHOQ__ligand18465-0
38,IVOHOQ__ligand7238-0
39,IVOHOQ__ligand16791-0
40,IVOHOQ__ligand4016-0
41,IVOHOQ__ligand1219-0
42,IVOHOQ__ligand6709-0
43,IVOHOQ__ligand28668-0
44,IVOHOQ__ligand7867-0
45,IVOHOQ__ligand4442-0
46,IVOHOQ__ligand4093-0
47,IVOHOQ__ligand29610-0
48,IVOHOQ__ligand3954-0
49,IVOHOQ__ligand11140-0
50,IVOHOQ__ligand1160-0
51,IVOHOQ__ligand8699-0
52,IVOHOQ__ligand9520-0
53,IVOHOQ__ligand9784-0
54,IVOHOQ__ligand7629-0
55,IVOHOQ__ligand18074-0
56,IVOHOQ__ligand13869-0
57,IVOHOQ__ligand1451-0
58,IVOHOQ__ligand4272-0
59,IVOHOQ__ligand868-0
60,IVOHOQ__ligand29863-0
61,IVOHOQ__ligand25735-0
62,IVOHOQ__ligand12519-0
63,IVOHOQ__ligand235-0
64,IVOHOQ__ligand23124-0
65,IVOHOQ__ligand134-0
66,IVOHOQ__ligand11206-0
67,IVOHOQ__ligand1263-0
68,IVOHOQ__ligand9908-0
69,IVOHOQ__ligand7106-0
70,IVOHOQ__ligand7242-0
71,IVOHOQ__ligand25650-0
72,IVOHOQ__ligand31248-0
73,IVOHOQ__ligand1844-0
74,IVOHOQ__ligand4661-0
75,IVOHOQ__ligand3718-0
76,IVOHOQ__ligand1343-0
77,IVOHOQ__ligand3876-0
78,IVOHOQ__ligand3035-0
79,IVOHOQ__ligand6616-0
80,IVOHOQ__ligand12660-0
81,IVOHOQ__ligand1536-0
82,IVOHOQ__ligand1573-0
83,IVOHOQ__ligand9935-0
84,IVOHOQ__ligand3504-0
85,IVOHOQ__ligand560-0
86,IVOHOQ__ligand1959-0
87,IVOHOQ__ligand13209-0
88,IVOHOQ__ligand19257-0
89,IVOHOQ__ligand2485-0
90,IVOHOQ__ligand25689-0
91,IVOHOQ__ligand3852-0
92,IVOHOQ__ligand21787-0
93,IVOHOQ__ligand6919-0
94,IVOHOQ__ligand25575-0
95,IVOHOQ__ligand3565-0
96,IVOHOQ__ligand294-0
97,IVOHOQ__ligand27835-0
98,IVOHOQ__ligand12295-0
99,IVOHOQ__ligand5331-0
100,IVOHOQ__ligand1512-0
101,IVOHOQ__ligand3174-0
102,IVOHOQ__ligand3937-0
103,IVOHOQ__ligand1202-0
104,IVOHOQ__ligand3131-0
105,IVOHOQ__ligand8969-0
106,IVOHOQ__ligand6839-0
107,IVOHOQ__ligand23906-0
108,IVOHOQ__ligand11166-0
109,IVOHOQ__ligand4720-0
110,IVOHOQ__ligand685-0
111,IVOHOQ__ligand21132-0
112,IVOHOQ__ligand421-0
113,IVOHOQ__ligand3094-0
114,IVOHOQ__ligand4155-0
115,IVOHOQ__ligand30539-0
116,IVOHOQ__ligand5211-0
117,IVOHOQ__ligand15438-0
118,IVOHOQ__ligand28924-0
119,IVOHOQ__ligand29087-0
120,IVOHOQ__ligand4641-0
121,IVOHOQ__ligand370-0
122,IVOHOQ__ligand18703-0
123,IVOHOQ__ligand2028-0
124,IVOHOQ__ligand25224-0
125,IVOHOQ__ligand18013-0
126,IVOHOQ__ligand8835-0
127,IVOHOQ__ligand17945-0
128,IVOHOQ__ligand7126-0
129,IVOHOQ__ligand31578-0
130,IVOHOQ__ligand17207-0
131,IVOHOQ__ligand1142-0
132,IVOHOQ__ligand3234-0
133,IVOHOQ__ligand66-0
134,IVOHOQ__ligand250-0
135,IVOHOQ__ligand24750-0
136,IVOHOQ__ligand3465-0
137,IVOHOQ__ligand29898-0
138,IVOHOQ__ligand26277-0
139,IVOHOQ__ligand11432-0
140,IVOHOQ__ligand3721-0
141,IVOHOQ__ligand6904-0
142,IVOHOQ__ligand6596-0
143,IVOHOQ__ligand6102-0
144,IVOHOQ__ligand31618-0
145,IVOHOQ__ligand10432-0
146,IVOHOQ__ligand22755-0
147,IVOHOQ__ligand7819-0
148,IVOHOQ__ligand2917-0
149,IVOHOQ__ligand42-0
150,IVOHOQ__ligand188-0
151,IVOHOQ__ligand564-0
152,IVOHOQ__ligand24064-0
153,IVOHOQ__ligand2295-0
154,IVOHOQ__ligand23589-0
155,IVOHOQ__ligand370-1
156,IVOHOQ__ligand1577-0
157,IVOHOQ__ligand6067-0
158,IVOHOQ__ligand620-0
159,IVOHOQ__ligand311-0
160,IVOHOQ__ligand785-0
161,IVOHOQ__ligand15168-0
162,IVOHOQ__ligand479-0
163,IVOHOQ__ligand4620-0
164,IVOHOQ__ligand9933-0
165,IVOHOQ__ligand31483-0
166,IVOHOQ__ligand10555-0
167,IVOHOQ__ligand1530-0
168,IVOHOQ__ligand1575-0
169,IVOHOQ__ligand909-0
170,IVOHOQ__ligand38-0
171,IVOHOQ__ligand1631-0
172,IVOHOQ__ligand2332-0
173,IVOHOQ__ligand24613-0
174,IVOHOQ__ligand9441-0
175,IVOHOQ__ligand19725-0
176,IVOHOQ__ligand21421-0
177,IVOHOQ__ligand1378-0
178,IVOHOQ__ligand14586-0
179,IVOHOQ__ligand6244-0
180,IVOHOQ__ligand11774-0
181,IVOHOQ__ligand3156-0
182,IVOHOQ__ligand2915-0
183,IVOHOQ__ligand20579-0
184,IVOHOQ__ligand17710-0
185,IVOHOQ__ligand177-0
186,IVOHOQ__ligand11568-0
187,IVOHOQ__ligand4116-0
188,IVOHOQ__ligand17240-0
189,IVOHOQ__ligand1018-0
190,IVOHOQ__ligand3707-0
191,IVOHOQ__ligand6124-0
192,IVOHOQ__ligand17590-0
193,IVOHOQ__ligand7967-0
194,IVOHOQ__ligand9601-0
195,IVOHOQ__ligand116-0
196,IVOHOQ__ligand8992-0
197,IVOHOQ__ligand252-0
198,IVOHOQ__ligand18699-0
199,IVOHOQ__ligand12682-0
200,IVOHOQ__ligand2526-0
201,IVOHOQ__ligand5036-0
202,IVOHOQ__ligand1615-0
203,IVOHOQ__ligand193-0
204,IVOHOQ__ligand4-0
205,IVOHOQ__ligand9952-0
206,IVOHOQ__ligand9111-0
207,IVOHOQ__ligand830-0
208,IVOHOQ__ligand8721-0
209,IVOHOQ__ligand13072-0
210,IVOHOQ__ligand1324-0
211,IVOHOQ__ligand372-0
212,IVOHOQ__ligand12336-0
213,IVOHOQ__ligand5643-0
214,IVOHOQ__ligand1823-0
215,IVOHOQ__ligand6062-0
216,IVOHOQ__ligand26810-0
217,IVOHOQ__ligand27482-0
218,IVOHOQ__ligand5813-0
219,IVOHOQ__ligand4813-0
220,IVOHOQ__ligand13208-0
221,IVOHOQ__ligand4738-0
222,IVOHOQ__ligand780-0
223,IVOHOQ__ligand314-0
224,IVOHOQ__ligand813-0
225,IVOHOQ__ligand6283-0
226,IVOHOQ__ligand13390-0
227,IVOHOQ__ligand7107-0
228,IVOHOQ__ligand391-0
229,IVOHOQ__ligand3215-0
230,IVOHOQ__ligand20682-0
231,IVOHOQ__ligand618-0
232,IVOHOQ__ligand465-0
233,IVOHOQ__ligand14174-0
234,IVOHOQ__ligand10712-0
235,IVOHOQ__ligand2068-0
236,IVOHOQ__ligand11456-0
237,IVOHOQ__ligand7925-0
238,IVOHOQ__ligand3973-0
239,IVOHOQ__ligand25411-0
240,IVOHOQ__ligand1147-0
241,IVOHOQ__ligand3-0
242,IVOHOQ__ligand31832-0
243,IVOHOQ__ligand2599-0
244,IVOHOQ__ligand4330-0
245,IVOHOQ__ligand13294-0
246,IVOHOQ__ligand314-1
247,IVOHOQ__ligand12030-0
248,IVOHOQ__ligand4194-0
249,IVOHOQ__ligand14248-0
250,IVOHOQ__ligand29879-0
251,IVOHOQ__ligand7532-0
252,IVOHOQ__ligand28884-0
253,IVOHOQ__ligand13331-0
254,IVOHOQ__ligand4332-0
255,IVOHOQ__ligand17398-0
256,IVOHOQ__ligand20598-0
257,IVOHOQ__ligand19-0
258,IVOHOQ__ligand11675-0
259,IVOHOQ__ligand24047-0
260,IVOHOQ__ligand9681-0
261,IVOHOQ__ligand196-0
262,IVOHOQ__ligand10589-0
263,IVOHOQ__ligand1-0
264,IVOHOQ__ligand22557-0
265,IVOHOQ__ligand20011-0
266,IVOHOQ__ligand17278-0
267,IVOHOQ__ligand7530-0
268,IVOHOQ__ligand17982-0
269,IVOHOQ__ligand29414-0
270,IVOHOQ__ligand1065-0
271,IVOHOQ__ligand1449-0
272,IVOHOQ__ligand3012-0
273,IVOHOQ__ligand2403-0
274,IVOHOQ__ligand20251-1
275,IVOHOQ__ligand422-0
276,IVOHOQ__ligand24-0
277,IVOHOQ__ligand686-0
278,IVOHOQ__ligand6455-0
279,IVOHOQ__ligand6882-0
280,IVOHOQ__ligand14703-0
281,IVOHOQ__ligand16475-0
282,IVOHOQ__ligand3934-0
283,IVOHOQ__ligand7529-0
284,IVOHOQ__ligand14117-0
285,IVOHOQ__ligand17261-0
286,IVOHOQ__ligand393-0
287,IVOHOQ__ligand6946-0
288,IVOHOQ__ligand1415-0
289,IVOHOQ__ligand9148-0
290,IVOHOQ__ligand20539-0
291,IVOHOQ__ligand30702-0
292,IVOHOQ__ligand20214-0
293,IVOHOQ__ligand20251-0
294,IVOHOQ__ligand45-0
295,IVOHOQ__ligand21581-0
296,IVOHOQ__ligand31097-0
297,IVOHOQ__ligand29568-0
298,IVOHOQ__ligand5483-0
299,IVOHOQ__ligand78-0
300,IVOHOQ__ligand14889-0
301,IVOHOQ__ligand30851-0
302,IVOHOQ__ligand5316-0
303,IVOHOQ__ligand20419-0
304,IVOHOQ__ligand2830-0
305,IVOHOQ__ligand21371-0
306,IVOHOQ__ligand17118-0
307,IVOHOQ__ligand5627-0
308,IVOHOQ__ligand353-0
309,IVOHOQ__ligand1729-0
310,IVOHOQ__ligand28789-0
311,IVOHOQ__ligand1165-0
312,IVOHOQ__ligand14723-0
313,IVOHOQ__ligand27893-0
314,IVOHOQ__ligand9525-0
315,IVOHOQ__ligand3157-0
316,IVOHOQ__ligand20578-0
317,IVOHOQ__ligand12934-0
318,IVOHOQ__ligand15422-0
319,IVOHOQ__ligand19641-0
320,IVOHOQ__ligand176-0
321,IVOHOQ__ligand27175-0
322,IVOHOQ__ligand18832-0
323,IVOHOQ__ligand746-0
324,IVOHOQ__ligand1379-0
325,IVOHOQ__ligand23713-0
326,IVOHOQ__ligand2722-0
327,IVOHOQ__ligand447-0
328,IVOHOQ__ligand5935-0
329,IVOHOQ__ligand30988-0
330,IVOHOQ__ligand14603-0
331,IVOHOQ__ligand14297-0
332,IVOHOQ__ligand1768-0
333,IVOHOQ__ligand17258-0
334,IVOHOQ__ligand17631-0
335,IVOHOQ__ligand13012-0
336,IVOHOQ__ligand3871-0
337,IVOHOQ__ligand26665-0
338,IVOHOQ__ligand487-0
339,IVOHOQ__ligand1469-0
340,IVOHOQ__ligand1688-0
341,IVOHOQ__ligand5357-0
342,IVOHOQ__ligand3647-0
343,IVOHOQ__ligand31783-0
344,IVOHOQ__ligand5056-0
345,IVOHOQ__ligand4850-0
346,IVOHOQ__ligand30296-0
347,IVOHOQ__ligand17281-0
348,IVOHOQ__ligand26540-0
349,IVOHOQ__ligand1709-0
350,IVOHOQ__ligand8464-0
351,IVOHOQ__ligand12337-0
352,IVOHOQ__ligand8349-0
353,IVOHOQ__ligand29410-0
354,IVOHOQ__ligand2527-0
355,IVOHOQ__ligand506-0
356,IVOHOQ__ligand30333-0
357,IVOHOQ__ligand12606-0
358,IVOHOQ__ligand152-0
359,IVOHOQ__ligand27460-0
360,IVOHOQ__ligand5849-0
361,IVOHOQ__ligand4911-0
362,IVOHOQ__ligand1771-0
363,IVOHOQ__ligand12427-0
364,IVOHOQ__ligand28468-0
365,IVOHOQ__ligand20740-0
366,IVOHOQ__ligand3392-0
367,IVOHOQ__ligand16628-0
368,IVOHOQ__ligand1900-0
369,IVOHOQ__ligand67-0
370,IVOHOQ__ligand9197-0
371,IVOHOQ__ligand28676-0
372,IVOHOQ__ligand10262-0
373,IVOHOQ__ligand27763-0
374,IVOHOQ__ligand115-0
375,IVOHOQ__ligand18814-0
376,IVOHOQ__ligand3029-0
377,IVOHOQ__ligand19057-0
378,IVOHOQ__ligand7162-0
379,IVOHOQ__ligand2328-0
380,IVOHOQ__ligand29302-0
381,IVOHOQ__ligand4581-0
382,IVOHOQ__ligand13425-0
383,IVOHOQ__ligand1773-0
384,IVOHOQ__ligand2781-0
385,IVOHOQ__ligand7573-0
386,IVOHOQ__ligand3350-0
387,IVOHOQ__ligand14108-0
388,IVOHOQ__ligand1327-0
389,IVOHOQ__ligand6672-0
390,IVOHOQ__ligand9809-0
391,IVOHOQ__ligand833-0
392,IVOHOQ__ligand8722-0
393,IVOHOQ__ligand12641-0
394,IVOHOQ__ligand3208-0
395,IVOHOQ__ligand10958-0
396,IVOHOQ__ligand2208-0
397,IVOHOQ__ligand24185-0
398,IVOHOQ__ligand23769-0
399,IVOHOQ__ligand784-0
400,IVOHOQ__ligand25178-0
401,IVOHOQ__ligand7557-0
402,IVOHOQ__ligand1496-0
403,IVOHOQ__ligand17302-0
404,IVOHOQ__ligand17805-0
405,IVOHOQ__ligand1533-0
406,IVOHOQ__ligand18292-0
407,IVOHOQ__ligand12289-0
408,IVOHOQ__ligand26702-0
409,IVOHOQ__ligand13658-0
410,IVOHOQ__ligand5892-0
411,IVOHOQ__ligand17387-0
412,IVOHOQ__ligand5094-0
413,IVOHOQ__ligand12130-0
414,IVOHOQ__ligand43-0
415,IVOHOQ__ligand12231-0
416,IVOHOQ__ligand1712-0
417,IVOHOQ__ligand368-0
418,IVOHOQ__ligand4131-0
419,IVOHOQ__ligand12401-0
420,IVOHOQ__ligand15585-0
421,IVOHOQ__ligand24145-0
422,IVOHOQ__ligand10476-0
423,IVOHOQ__ligand13068-0
424,IVOHOQ__ligand395-0
425,IVOHOQ__ligand19830-0
426,IVOHOQ__ligand8593-0
427,IVOHOQ__ligand22294-0
428,IVOHOQ__ligand9944-0
429,IVOHOQ__ligand178-0
430,IVOHOQ__ligand22168-0
431,IVOHOQ__ligand28930-0
432,IVOHOQ__ligand185-0
433,IVOHOQ__ligand279-0
434,IVOHOQ__ligand21919-0
435,IVOHOQ__ligand7566-0
436,IVOHOQ__ligand12365-0
437,IVOHOQ__ligand10056-0
438,IVOHOQ__ligand321-0
439,IVOHOQ__ligand11357-0
440,IVOHOQ__ligand13862-0
441,IVOHOQ__ligand28743-0
442,IVOHOQ__ligand2001-0
443,IVOHOQ__ligand15531-0
444,IVOHOQ__ligand24230-0
445,IVOHOQ__ligand28810-0
446,IVOHOQ__ligand5201-0
447,IVOHOQ__ligand11447-0
448,IVOHOQ__ligand11096-0
449,IVOHOQ__ligand19792-0
450,IVOHOQ__ligand10828-0
451,IVOHOQ__ligand15926-0
452,IVOHOQ__ligand1113-0
453,IVOHOQ__ligand11970-0
454,IVOHOQ__ligand201-0
455,IVOHOQ__ligand8553-0
456,IVOHOQ__ligand15883-0
457,IVOHOQ__ligand4124-0
458,IVOHOQ__ligand338-0
459,IVOHOQ__ligand4161-0
460,IVOHOQ__ligand3471-0
461,IVOHOQ__ligand16988-0
462,IVOHOQ__ligand25913-0
463,IVOHOQ__ligand30711-0
464,IVOHOQ__ligand20207-0
465,IVOHOQ__ligand5415-0
466,IVOHOQ__ligand11682-0
467,IVOHOQ__ligand3180-0
468,IVOHOQ__ligand24035-0
469,IVOHOQ__ligand4340-0
470,IVOHOQ__ligand11994-0
471,IVOHOQ__ligand2281-0
472,IVOHOQ__ligand2650-0
473,IVOHOQ__ligand31044-0
474,IVOHOQ__ligand31842-0
475,IVOHOQ__ligand16663-0
476,IVOHOQ__ligand2823-0
477,IVOHOQ__ligand6995-0
478,IVOHOQ__ligand14614-0
479,IVOHOQ__ligand13672-0
480,IVOHOQ__ligand69-0
481,IVOHOQ__ligand18568-0
482,IVOHOQ__ligand28685-0
483,IVOHOQ__ligand1050-0
484,IVOHOQ__ligand1015-0
485,IVOHOQ__ligand2027-0
486,IVOHOQ__ligand10371-0
487,IVOHOQ__ligand845-0
488,IVOHOQ__ligand4262-0
489,IVOHOQ__ligand1028-0
490,IVOHOQ__ligand28459-0
491,IVOHOQ__ligand12453-0
492,IVOHOQ__ligand18448-0
493,IVOHOQ__ligand2692-0
494,IVOHOQ__ligand1618-0
495,IVOHOQ__ligand11-0
496,IVOHOQ__ligand19184-0
497,IVOHOQ__ligand163-0
498,IVOHOQ__ligand126-0
499,IVOHOQ__ligand13477-0
500,IVOHOQ__ligand14167-0
501,IVOHOQ__ligand4596-0
502,IVOHOQ__ligand1498-0
503,IVOHOQ__ligand27669-0
504,IVOHOQ__ligand777-0
505,IVOHOQ__ligand30142-0
506,IVOHOQ__ligand596-0
507,IVOHOQ__ligand941-0
508,IVOHOQ__ligand9615-0
509,IVOHOQ__ligand1154-0
510,IVOHOQ__ligand8529-0
511,IVOHOQ__ligand187-0
512,IVOHOQ__ligand1169-0
513,IVOHOQ__ligand23197-0
514,IVOHOQ__ligand657-0
515,IVOHOQ__ligand27285-0
516,IVOHOQ__ligand29029-0
517,IVOHOQ__ligand366-0
518,IVOHOQ__ligand11618-0
519,IVOHOQ__ligand693-0
520,IVOHOQ__ligand1150-0
521,IVOHOQ__ligand1539-0
522,IVOHOQ__ligand89-0
523,IVOHOQ__ligand4207-0
524,IVOHOQ__ligand3416-0
525,IVOHOQ__ligand3453-0
526,IVOHOQ__ligand26529-0
527,IVOHOQ__ligand21729-0
528,IVOHOQ__ligand27239-0
529,IVOHOQ__ligand3042-0
530,IVOHOQ__ligand19927-0
531,IVOHOQ__ligand4063-0
532,IVOHOQ__ligand14043-0
533,IVOHOQ__ligand49-0
534,IVOHOQ__ligand28559-0
535,IVOHOQ__ligand8200-0
536,IVOHOQ__ligand7438-0
537,IVOHOQ__ligand26324-0
538,IVOHOQ__ligand12003-0
539,IVOHOQ__ligand16148-0
540,IVOHOQ__ligand26631-0
541,IVOHOQ__ligand9750-0
542,IVOHOQ__ligand21399-0
543,IVOHOQ__ligand1817-0
544,IVOHOQ__ligand6993-0
545,IVOHOQ__ligand10872-0
546,IVOHOQ__ligand1779-0
547,IVOHOQ__ligand1149-0
548,IVOHOQ__ligand29215-0
549,IVOHOQ__ligand3557-0
550,IVOHOQ__ligand3980-0
551,IVOHOQ__ligand7075-0
552,IVOHOQ__ligand122-0
553,IVOHOQ__ligand27754-0
554,IVOHOQ__ligand20695-0
555,IVOHOQ__ligand28540-0
556,IVOHOQ__ligand11111-0
557,IVOHOQ__ligand1288-0
558,IVOHOQ__ligand16369-0
559,IVOHOQ__ligand22403-0
560,IVOHOQ__ligand4167-0
561,IVOHOQ__ligand757-0
562,IVOHOQ__ligand9491-0
563,IVOHOQ__ligand4266-0
564,IVOHOQ__ligand1400-0
565,IVOHOQ__ligand17-0
566,IVOHOQ__ligand5755-0
567,IVOHOQ__ligand11587-0
568,IVOHOQ__ligand13220-0
569,IVOHOQ__ligand4710-0
570,IVOHOQ__ligand23175-0
571,IVOHOQ__ligand15788-0
572,IVOHOQ__ligand5085-0
573,IVOHOQ__ligand17396-0
574,IVOHOQ__ligand3144-0
575,IVOHOQ__ligand13385-0
576,IVOHOQ__ligand6112-0
577,IVOHOQ__ligand14569-0
578,IVOHOQ__ligand384-0
579,IVOHOQ__ligand8042-0
580,IVOHOQ__ligand7213-0
581,IVOHOQ__ligand1397-0
582,IVOHOQ__ligand24111-0
583,IVOHOQ__ligand1828-0
584,IVOHOQ__ligand22444-0
585,IVOHOQ__ligand24644-0
586,IVOHOQ__ligand10033-0
587,IVOHOQ__ligand5630-0
588,IVOHOQ__ligand768-0
589,IVOHOQ__ligand1786-0
590,IVOHOQ__ligand12001-0
591,IVOHOQ__ligand3285-0
592,IVOHOQ__ligand4795-0
593,IVOHOQ__ligand30728-0
594,IVOHOQ__ligand27840-0
595,IVOHOQ__ligand24872-0
596,IVOHOQ__ligand1908-0
597,IVOHOQ__ligand6663-0
598,IVOHOQ__ligand5515-0
599,IVOHOQ__ligand25561-0
600,IVOHOQ__ligand1831-0
601,IVOHOQ__ligand5614-0
602,IVOHOQ__ligand5280-0
603,IVOHOQ__ligand11949-0
604,IVOHOQ__ligand12138-0
605,IVOHOQ__ligand24780-0
606,IVOHOQ__ligand22129-0
607,IVOHOQ__ligand1216-0
608,IVOHOQ__ligand141-0
609,IVOHOQ__ligand17427-0
610,IVOHOQ__ligand3261-0
611,IVOHOQ__ligand1152-0
612,IVOHOQ__ligand240-0
613,IVOHOQ__ligand5019-0
614,IVOHOQ__ligand1849-0
615,IVOHOQ__ligand31694-0
616,IVOHOQ__ligand29486-0
617,IVOHOQ__ligand10151-0
618,IVOHOQ__ligand8-0
619,IVOHOQ__ligand5383-0
620,IVOHOQ__ligand2693-0
621,IVOHOQ__ligand226-0
622,IVOHOQ__ligand55-0
623,IVOHOQ__ligand3945-0
624,IVOHOQ__ligand162-0
625,IVOHOQ__ligand383-0
626,IVOHOQ__ligand8000-0
627,IVOHOQ__ligand3736-0
628,IVOHOQ__ligand9344-0
629,IVOHOQ__ligand416-0
630,IVOHOQ__ligand22353-0
631,IVOHOQ__ligand9883-0
632,IVOHOQ__ligand3677-1
633,IVOHOQ__ligand7291-0
634,IVOHOQ__ligand19906-0
635,IVOHOQ__ligand9299-0
636,IVOHOQ__ligand19668-0
637,IVOHOQ__ligand4007-0
638,IVOHOQ__ligand68-0
639,IVOHOQ__ligand2985-0
640,IVOHOQ__ligand27610-0
641,IVOHOQ__ligand10479-0
642,IVOHOQ__ligand11479-0
643,IVOHOQ__ligand6699-0
644,IVOHOQ__ligand29441-0
645,IVOHOQ__ligand10853-0
646,IVOHOQ__ligand1294-0
647,IVOHOQ__ligand1168-0
648,IVOHOQ__ligand24851-0
649,IVOHOQ__ligand14347-0
650,IVOHOQ__ligand3632-0
651,IVOHOQ__ligand13657-0
652,IVOHOQ__ligand3677-0
653,IVOHOQ__ligand14302-0
654,IVOHOQ__ligand20530-0
655,IVOHOQ__ligand11698-0
656,IVOHOQ__ligand656-0
657,IVOHOQ__ligand20220-0
658,IVOHOQ__ligand1211-0
659,IVOHOQ__ligand34-0
660,IVOHOQ__ligand696-0
661,IVOHOQ__ligand20121-0
662,IVOHOQ__ligand15387-0
663,IVOHOQ__ligand6892-0
664,IVOHOQ__ligand2881-0
665,IVOHOQ__ligand1499-0
666,IVOHOQ__ligand1464-0
667,IVOHOQ__ligand16952-0
668,IVOHOQ__ligand3712-0
669,IVOHOQ__ligand29813-0
670,IVOHOQ__ligand2221-0
671,IVOHOQ__ligand11177-0
672,IVOHOQ__ligand694-0
673,IVOHOQ__ligand15455-0
674,IVOHOQ__ligand3120-0
675,IVOHOQ__ligand3926-0
676,IVOHOQ__ligand4358-0
677,IVOHOQ__ligand488-0
678,IVOHOQ__ligand31205-0
679,IVOHOQ__ligand430-0
680,IVOHOQ__ligand25658-0
681,IVOHOQ__ligand5595-0
682,IVOHOQ__ligand17686-0
683,IVOHOQ__ligand358-0
684,IVOHOQ__ligand4101-0
685,IVOHOQ__ligand11814-0
686,IVOHOQ__ligand1376-0
687,IVOHOQ__ligand16603-0
688,IVOHOQ__ligand5510-0
689,IVOHOQ__ligand9773-0
690,IVOHOQ__ligand5099-0
691,IVOHOQ__ligand8592-0
692,IVOHOQ__ligand16870-0
693,IVOHOQ__ligand1197-0
694,IVOHOQ__ligand2259-0
695,IVOHOQ__ligand1296-0
696,IVOHOQ__ligand11622-0
697,IVOHOQ__ligand26673-0
698,IVOHOQ__ligand1317-0
699,IVOHOQ__ligand3867-0
700,IVOHOQ__ligand2822-0
701,IVOHOQ__ligand7293-0
702,IVOHOQ__ligand20821-0
703,IVOHOQ__ligand11606-0
704,IVOHOQ__ligand2238-0
705,IVOHOQ__ligand534-0
706,IVOHOQ__ligand571-0
707,IVOHOQ__ligand5304-0
708,IVOHOQ__ligand31000-0
709,IVOHOQ__ligand9167-0
710,IVOHOQ__ligand670-0
711,IVOHOQ__ligand7762-0
712,IVOHOQ__ligand5080-0
713,IVOHOQ__ligand11252-0
714,IVOHOQ__ligand57-0
715,IVOHOQ__ligand10582-0
716,IVOHOQ__ligand13260-0
717,IVOHOQ__ligand1407-0
718,IVOHOQ__ligand6117-0
719,IVOHOQ__ligand19824-0
720,IVOHOQ__ligand5509-0
721,IVOHOQ__ligand18067-0
722,IVOHOQ__ligand8002-0
723,IVOHOQ__ligand588-0
724,IVOHOQ__ligand30004-0
725,IVOHOQ__ligand20557-0
726,IVOHOQ__ligand3178-0
727,IVOHOQ__ligand4807-0
728,IVOHOQ__ligand5159-0
729,IVOHOQ__ligand300-0
730,IVOHOQ__ligand7196-0
731,IVOHOQ__ligand9753-0
732,IVOHOQ__ligand1356-0
733,IVOHOQ__ligand1787-0
734,IVOHOQ__ligand5530-0
735,IVOHOQ__ligand13755-0
736,IVOHOQ__ligand16133-0
737,IVOHOQ__ligand20432-0
738,IVOHOQ__ligand27122-0
739,IVOHOQ__ligand24953-0
740,IVOHOQ__ligand23445-0
741,IVOHOQ__ligand4649-0
742,IVOHOQ__ligand8793-0
743,IVOHOQ__ligand2788-0
744,IVOHOQ__ligand5649-0
745,IVOHOQ__ligand16-0
746,IVOHOQ__ligand21940-0
747,IVOHOQ__ligand25048-0
748,IVOHOQ__ligand199-0
749,IVOHOQ__ligand4711-0
750,IVOHOQ__ligand3244-0
751,IVOHOQ__ligand2906-0
752,IVOHOQ__ligand21752-0
753,IVOHOQ__ligand9323-0
754,IVOHOQ__ligand7273-0
755,IVOHOQ__ligand7172-0
756,IVOHOQ__ligand2124-0
757,IVOHOQ__ligand14339-0
758,IVOHOQ__ligand8612-0
759,IVOHOQ__ligand30788-0
760,IVOHOQ__ligand7092-0
761,IVOHOQ__ligand2260-0
762,IVOHOQ__ligand13691-0
763,IVOHOQ__ligand3225-0
764,IVOHOQ__ligand1153-0
765,IVOHOQ__ligand1116-0
766,IVOHOQ__ligand32-0
767,IVOHOQ__ligand5708-0
768,IVOHOQ__ligand7316-0
769,IVOHOQ__ligand6017-0
770,IVOHOQ__ligand5180-0
771,IVOHOQ__ligand18757-0
772,IVOHOQ__ligand24560-0
773,IVOHOQ__ligand409-0
774,IVOHOQ__ligand18413-0
775,IVOHOQ__ligand20844-0
776,IVOHOQ__ligand24624-0
777,IVOHOQ__ligand361-0
778,IVOHOQ__ligand324-0
779,IVOHOQ__ligand9943-0
780,IVOHOQ__ligand1228-0
781,IVOHOQ__ligand48-0
782,IVOHOQ__ligand1604-0
783,IVOHOQ__ligand14007-0
784,IVOHOQ__ligand18019-1
785,IVOHOQ__ligand27550-0
786,IVOHOQ__ligand326-0
787,IVOHOQ__ligand1832-0
788,IVOHOQ__ligand8788-0
789,IVOHOQ__ligand2043-0
790,IVOHOQ__ligand20942-1
791,IVOHOQ__ligand21339-0
792,IVOHOQ__ligand14226-0
793,IVOHOQ__ligand16956-0
794,IVOHOQ__ligand2417-0
795,IVOHOQ__ligand436-0
796,IVOHOQ__ligand23682-0
797,IVOHOQ__ligand692-0
798,IVOHOQ__ligand29565-0
799,IVOHOQ__ligand1114-0
800,IVOHOQ__ligand9284-0
801,IVOHOQ__ligand27771-0
802,IVOHOQ__ligand18158-0
803,IVOHOQ__ligand3126-0
804,IVOHOQ__ligand6391-0
805,IVOHOQ__ligand20731-0
806,IVOHOQ__ligand12413-0
807,IVOHOQ__ligand29334-0
808,IVOHOQ__ligand11798-0
809,IVOHOQ__ligand14477-0
810,IVOHOQ__ligand17069-0
811,IVOHOQ__ligand2203-0
812,IVOHOQ__ligand17445-0
813,IVOHOQ__ligand5387-0
814,IVOHOQ__ligand51-0
815,IVOHOQ__ligand1289-0
816,IVOHOQ__ligand1599-0
817,IVOHOQ__ligand29214-0
818,IVOHOQ__ligand633-0
819,IVOHOQ__ligand91-0
820,IVOHOQ__ligand11501-0
821,IVOHOQ__ligand11544-0
822,IVOHOQ__ligand2612-0
823,IVOHOQ__ligand21448-0
824,IVOHOQ__ligand497-0
825,IVOHOQ__ligand22357-0
826,IVOHOQ__ligand9450-0
827,IVOHOQ__ligand11758-0
