,TMC
0,ELOMEZ__ligand324-0
1,ELOMEZ__ligand361-0
2,ELOMEZ__ligand9299-0
3,ELOMEZ__ligand15455-0
4,ELOMEZ__ligand409-0
5,ELOMEZ__ligand2985-0
6,ELOMEZ__ligand4007-0
7,ELOMEZ__ligand11177-0
8,ELOMEZ__ligand9883-0
9,ELOMEZ__ligand3677-1
10,ELOMEZ__ligand17686-0
11,ELOMEZ__ligand25658-0
12,ELOMEZ__ligand31205-0
13,ELOMEZ__ligand7291-0
14,ELOMEZ__ligand3736-0
15,ELOMEZ__ligand8000-0
16,ELOMEZ__ligand16603-0
17,ELOMEZ__ligand11814-0
18,ELOMEZ__ligand9344-0
19,ELOMEZ__ligand11622-0
20,ELOMEZ__ligand2693-0
21,ELOMEZ__ligand5383-0
22,ELOMEZ__ligand16870-0
23,ELOMEZ__ligand3945-0
24,ELOMEZ__ligand1499-0
25,ELOMEZ__ligand20821-0
26,ELOMEZ__ligand2881-0
27,ELOMEZ__ligand199-0
28,ELOMEZ__ligand3712-0
29,ELOMEZ__ligand1464-0
30,ELOMEZ__ligand26673-0
31,ELOMEZ__ligand1211-0
32,ELOMEZ__ligand31000-0
33,ELOMEZ__ligand6892-0
34,ELOMEZ__ligand11606-0
35,ELOMEZ__ligand1168-0
36,ELOMEZ__ligand10582-0
37,ELOMEZ__ligand13260-0
38,ELOMEZ__ligand1294-0
39,ELOMEZ__ligand11252-0
40,ELOMEZ__ligand300-0
41,ELOMEZ__ligand3677-0
42,ELOMEZ__ligand3632-0
43,ELOMEZ__ligand19824-0
44,ELOMEZ__ligand18067-0
45,ELOMEZ__ligand6699-0
46,ELOMEZ__ligand588-0
47,ELOMEZ__ligand1197-0
48,ELOMEZ__ligand8592-0
49,ELOMEZ__ligand5099-0
50,ELOMEZ__ligand497-0
51,ELOMEZ__ligand1296-0
52,ELOMEZ__ligand10151-0
53,ELOMEZ__ligand2259-0
54,ELOMEZ__ligand633-0
55,ELOMEZ__ligand9773-0
56,ELOMEZ__ligand43-0
57,ELOMEZ__ligand5510-0
58,ELOMEZ__ligand1376-0
59,ELOMEZ__ligand22353-0
60,ELOMEZ__ligand4101-0
61,ELOMEZ__ligand5595-0
62,ELOMEZ__ligand2221-0
63,ELOMEZ__ligand19668-0
64,ELOMEZ__ligand4358-0
65,ELOMEZ__ligand3926-0
66,ELOMEZ__ligand3120-0
67,ELOMEZ__ligand19906-0
68,ELOMEZ__ligand29441-0
69,ELOMEZ__ligand10853-0
70,ELOMEZ__ligand8002-0
71,ELOMEZ__ligand5509-0
72,ELOMEZ__ligand27610-0
73,ELOMEZ__ligand10479-0
74,ELOMEZ__ligand6117-0
75,ELOMEZ__ligand1407-0
76,ELOMEZ__ligand11479-0
77,ELOMEZ__ligand692-0
78,ELOMEZ__ligand20530-0
79,ELOMEZ__ligand5080-0
80,ELOMEZ__ligand436-0
81,ELOMEZ__ligand7762-0
82,ELOMEZ__ligand11698-0
83,ELOMEZ__ligand14302-0
84,ELOMEZ__ligand14347-0
85,ELOMEZ__ligand13657-0
86,ELOMEZ__ligand24851-0
87,ELOMEZ__ligand15387-0
88,ELOMEZ__ligand2238-0
89,ELOMEZ__ligand20121-0
90,ELOMEZ__ligand9167-0
91,ELOMEZ__ligand326-0
92,ELOMEZ__ligand5304-0
93,ELOMEZ__ligand20220-0
94,ELOMEZ__ligand7293-0
95,ELOMEZ__ligand2822-0
96,ELOMEZ__ligand3867-0
97,ELOMEZ__ligand1317-0
98,ELOMEZ__ligand29813-0
99,ELOMEZ__ligand16952-0
100,ELOMEZ__ligand67-0
101,ELOMEZ__ligand18019-1
102,ELOMEZ__ligand3244-0
103,ELOMEZ__ligand4711-0
104,ELOMEZ__ligand14007-0
105,ELOMEZ__ligand2906-0
106,ELOMEZ__ligand696-0
107,ELOMEZ__ligand2788-0
108,ELOMEZ__ligand5649-0
109,ELOMEZ__ligand8793-0
110,ELOMEZ__ligand4649-0
111,ELOMEZ__ligand27550-0
112,ELOMEZ__ligand656-0
113,ELOMEZ__ligand7196-0
114,ELOMEZ__ligand5159-0
115,ELOMEZ__ligand5530-0
116,ELOMEZ__ligand1356-0
117,ELOMEZ__ligand1787-0
118,ELOMEZ__ligand9753-0
119,ELOMEZ__ligand20942-1
120,ELOMEZ__ligand16956-0
121,ELOMEZ__ligand21339-0
122,ELOMEZ__ligand14226-0
123,ELOMEZ__ligand18158-0
124,ELOMEZ__ligand3178-0
125,ELOMEZ__ligand27771-0
126,ELOMEZ__ligand29565-0
127,ELOMEZ__ligand23682-0
128,ELOMEZ__ligand4807-0
129,ELOMEZ__ligand11798-0
130,ELOMEZ__ligand5180-0
131,ELOMEZ__ligand12413-0
132,ELOMEZ__ligand29334-0
133,ELOMEZ__ligand20731-0
134,ELOMEZ__ligand7316-0
135,ELOMEZ__ligand17445-0
136,ELOMEZ__ligand5708-0
137,ELOMEZ__ligand6017-0
138,ELOMEZ__ligand17069-0
139,ELOMEZ__ligand14477-0
140,ELOMEZ__ligand11544-0
141,ELOMEZ__ligand8612-0
142,ELOMEZ__ligand11501-0
143,ELOMEZ__ligand416-0
144,ELOMEZ__ligand2124-0
145,ELOMEZ__ligand29214-0
146,ELOMEZ__ligand1116-0
147,ELOMEZ__ligand1153-0
148,ELOMEZ__ligand3225-0
149,ELOMEZ__ligand2260-0
150,ELOMEZ__ligand7092-0
151,ELOMEZ__ligand383-0
152,ELOMEZ__ligand22357-0
153,ELOMEZ__ligand162-0
154,ELOMEZ__ligand7273-0
155,ELOMEZ__ligand11758-0
156,ELOMEZ__ligand9323-0
157,ELOMEZ__ligand7172-0
158,ELOMEZ__ligand226-0
159,ELOMEZ__ligand21448-0
160,ELOMEZ__ligand1114-0
161,ELOMEZ__ligand20557-0
162,ELOMEZ__ligand3126-0
163,ELOMEZ__ligand6391-0
164,ELOMEZ__ligand30004-0
165,ELOMEZ__ligand9284-0
166,ELOMEZ__ligand78-0
167,ELOMEZ__ligand2417-0
168,ELOMEZ__ligand8788-0
169,ELOMEZ__ligand670-0
170,ELOMEZ__ligand23445-0
171,ELOMEZ__ligand24953-0
172,ELOMEZ__ligand1832-0
173,ELOMEZ__ligand571-0
174,ELOMEZ__ligand534-0
175,ELOMEZ__ligand2043-0
176,ELOMEZ__ligand20432-0
177,ELOMEZ__ligand27122-0
178,ELOMEZ__ligand13755-0
179,ELOMEZ__ligand16133-0
180,ELOMEZ__ligand45-0
181,ELOMEZ__ligand9943-0
182,ELOMEZ__ligand1228-0
183,ELOMEZ__ligand25048-0
184,ELOMEZ__ligand21940-0
185,ELOMEZ__ligand1604-0
186,ELOMEZ__ligand24-0
187,ELOMEZ__ligand9450-0
188,ELOMEZ__ligand21752-0
189,ELOMEZ__ligand1599-0
190,ELOMEZ__ligand30788-0
191,ELOMEZ__ligand13691-0
192,ELOMEZ__ligand14339-0
193,ELOMEZ__ligand2612-0
194,ELOMEZ__ligand358-0
195,ELOMEZ__ligand430-0
196,ELOMEZ__ligand488-0
197,ELOMEZ__ligand1289-0
198,ELOMEZ__ligand5387-0
199,ELOMEZ__ligand2203-0
200,ELOMEZ__ligand20844-0
201,ELOMEZ__ligand18413-0
202,ELOMEZ__ligand24624-0
203,ELOMEZ__ligand18757-0
204,ELOMEZ__ligand694-0
205,ELOMEZ__ligand24560-0
206,ELOMEZ__ligand19-0
207,ELOMEZ__ligand8553-0
208,ELOMEZ__ligand28685-0
209,ELOMEZ__ligand18568-0
210,ELOMEZ__ligand1113-0
211,ELOMEZ__ligand757-0
212,ELOMEZ__ligand13672-0
213,ELOMEZ__ligand5201-0
214,ELOMEZ__ligand10371-0
215,ELOMEZ__ligand122-0
216,ELOMEZ__ligand18448-0
217,ELOMEZ__ligand12453-0
218,ELOMEZ__ligand7566-0
219,ELOMEZ__ligand28459-0
220,ELOMEZ__ligand42-0
221,ELOMEZ__ligand2001-0
222,ELOMEZ__ligand9944-0
223,ELOMEZ__ligand8593-0
224,ELOMEZ__ligand19184-0
225,ELOMEZ__ligand2823-0
226,ELOMEZ__ligand30142-0
227,ELOMEZ__ligand27669-0
228,ELOMEZ__ligand66-0
229,ELOMEZ__ligand6995-0
230,ELOMEZ__ligand13477-0
231,ELOMEZ__ligand14167-0
232,ELOMEZ__ligand3180-0
233,ELOMEZ__ligand2281-0
234,ELOMEZ__ligand2650-0
235,ELOMEZ__ligand4340-0
236,ELOMEZ__ligand5415-0
237,ELOMEZ__ligand23197-0
238,ELOMEZ__ligand3471-0
239,ELOMEZ__ligand4161-0
240,ELOMEZ__ligand4124-0
241,ELOMEZ__ligand27285-0
242,ELOMEZ__ligand693-0
243,ELOMEZ__ligand29029-0
244,ELOMEZ__ligand21919-0
245,ELOMEZ__ligand1618-0
246,ELOMEZ__ligand2692-0
247,ELOMEZ__ligand28930-0
248,ELOMEZ__ligand22168-0
249,ELOMEZ__ligand22294-0
250,ELOMEZ__ligand4262-0
251,ELOMEZ__ligand240-0
252,ELOMEZ__ligand13862-0
253,ELOMEZ__ligand11357-0
254,ELOMEZ__ligand15531-0
255,ELOMEZ__ligand28743-0
256,ELOMEZ__ligand141-0
257,ELOMEZ__ligand10056-0
258,ELOMEZ__ligand1028-0
259,ELOMEZ__ligand12365-0
260,ELOMEZ__ligand15926-0
261,ELOMEZ__ligand19792-0
262,ELOMEZ__ligand1015-0
263,ELOMEZ__ligand10828-0
264,ELOMEZ__ligand1050-0
265,ELOMEZ__ligand28810-0
266,ELOMEZ__ligand11096-0
267,ELOMEZ__ligand11447-0
268,ELOMEZ__ligand24230-0
269,ELOMEZ__ligand2027-0
270,ELOMEZ__ligand15883-0
271,ELOMEZ__ligand11970-0
272,ELOMEZ__ligand16988-0
273,ELOMEZ__ligand25913-0
274,ELOMEZ__ligand1169-0
275,ELOMEZ__ligand768-0
276,ELOMEZ__ligand8529-0
277,ELOMEZ__ligand11682-0
278,ELOMEZ__ligand30711-0
279,ELOMEZ__ligand20207-0
280,ELOMEZ__ligand31842-0
281,ELOMEZ__ligand31044-0
282,ELOMEZ__ligand11994-0
283,ELOMEZ__ligand9615-0
284,ELOMEZ__ligand1154-0
285,ELOMEZ__ligand384-0
286,ELOMEZ__ligand24035-0
287,ELOMEZ__ligand14614-0
288,ELOMEZ__ligand1498-0
289,ELOMEZ__ligand4596-0
290,ELOMEZ__ligand16663-0
291,ELOMEZ__ligand38-0
292,ELOMEZ__ligand17396-0
293,ELOMEZ__ligand23175-0
294,ELOMEZ__ligand15788-0
295,ELOMEZ__ligand8200-0
296,ELOMEZ__ligand7438-0
297,ELOMEZ__ligand13220-0
298,ELOMEZ__ligand11587-0
299,ELOMEZ__ligand4063-0
300,ELOMEZ__ligand24111-0
301,ELOMEZ__ligand22444-0
302,ELOMEZ__ligand14569-0
303,ELOMEZ__ligand3042-0
304,ELOMEZ__ligand13385-0
305,ELOMEZ__ligand12001-0
306,ELOMEZ__ligand4207-0
307,ELOMEZ__ligand10033-0
308,ELOMEZ__ligand3453-0
309,ELOMEZ__ligand3416-0
310,ELOMEZ__ligand24644-0
311,ELOMEZ__ligand1150-0
312,ELOMEZ__ligand24872-0
313,ELOMEZ__ligand27840-0
314,ELOMEZ__ligand338-0
315,ELOMEZ__ligand1539-0
316,ELOMEZ__ligand30728-0
317,ELOMEZ__ligand4167-0
318,ELOMEZ__ligand8-0
319,ELOMEZ__ligand1400-0
320,ELOMEZ__ligand4266-0
321,ELOMEZ__ligand25561-0
322,ELOMEZ__ligand18-0
323,ELOMEZ__ligand201-0
324,ELOMEZ__ligand9491-0
325,ELOMEZ__ligand22129-0
326,ELOMEZ__ligand12138-0
327,ELOMEZ__ligand24780-0
328,ELOMEZ__ligand1288-0
329,ELOMEZ__ligand11949-0
330,ELOMEZ__ligand3980-0
331,ELOMEZ__ligand3557-0
332,ELOMEZ__ligand17427-0
333,ELOMEZ__ligand1149-0
334,ELOMEZ__ligand7075-0
335,ELOMEZ__ligand321-0
336,ELOMEZ__ligand9750-0
337,ELOMEZ__ligand279-0
338,ELOMEZ__ligand29486-0
339,ELOMEZ__ligand185-0
340,ELOMEZ__ligand1779-0
341,ELOMEZ__ligand178-0
342,ELOMEZ__ligand31694-0
343,ELOMEZ__ligand6993-0
344,ELOMEZ__ligand1817-0
345,ELOMEZ__ligand366-0
346,ELOMEZ__ligand4795-0
347,ELOMEZ__ligand3285-0
348,ELOMEZ__ligand1908-0
349,ELOMEZ__ligand11618-0
350,ELOMEZ__ligand5630-0
351,ELOMEZ__ligand657-0
352,ELOMEZ__ligand26529-0
353,ELOMEZ__ligand187-0
354,ELOMEZ__ligand1786-0
355,ELOMEZ__ligand8042-0
356,ELOMEZ__ligand6112-0
357,ELOMEZ__ligand21729-0
358,ELOMEZ__ligand1828-0
359,ELOMEZ__ligand27239-0
360,ELOMEZ__ligand1397-0
361,ELOMEZ__ligand941-0
362,ELOMEZ__ligand7213-0
363,ELOMEZ__ligand596-0
364,ELOMEZ__ligand4710-0
365,ELOMEZ__ligand28559-0
366,ELOMEZ__ligand777-0
367,ELOMEZ__ligand26324-0
368,ELOMEZ__ligand5755-0
369,ELOMEZ__ligand14043-0
370,ELOMEZ__ligand3144-0
371,ELOMEZ__ligand19927-0
372,ELOMEZ__ligand5085-0
373,ELOMEZ__ligand126-0
374,ELOMEZ__ligand163-0
375,ELOMEZ__ligand21399-0
376,ELOMEZ__ligand1849-0
377,ELOMEZ__ligand10872-0
378,ELOMEZ__ligand16148-0
379,ELOMEZ__ligand26631-0
380,ELOMEZ__ligand12003-0
381,ELOMEZ__ligand1216-0
382,ELOMEZ__ligand29215-0
383,ELOMEZ__ligand5019-0
384,ELOMEZ__ligand1152-0
385,ELOMEZ__ligand3261-0
386,ELOMEZ__ligand16369-0
387,ELOMEZ__ligand845-0
388,ELOMEZ__ligand28540-0
389,ELOMEZ__ligand11111-0
390,ELOMEZ__ligand20695-0
391,ELOMEZ__ligand27754-0
392,ELOMEZ__ligand5515-0
393,ELOMEZ__ligand6663-0
394,ELOMEZ__ligand5280-0
395,ELOMEZ__ligand5614-0
396,ELOMEZ__ligand22403-0
397,ELOMEZ__ligand1831-0
398,ELOMEZ__ligand24047-0
399,ELOMEZ__ligand22557-0
400,ELOMEZ__ligand10589-0
401,ELOMEZ__ligand3215-0
402,ELOMEZ__ligand20598-0
403,ELOMEZ__ligand11675-0
404,ELOMEZ__ligand17398-0
405,ELOMEZ__ligand7107-0
406,ELOMEZ__ligand17982-0
407,ELOMEZ__ligand29414-0
408,ELOMEZ__ligand152-0
409,ELOMEZ__ligand20011-0
410,ELOMEZ__ligand17278-0
411,ELOMEZ__ligand20251-1
412,ELOMEZ__ligand6283-0
413,ELOMEZ__ligand506-0
414,ELOMEZ__ligand32-0
415,ELOMEZ__ligand6062-0
416,ELOMEZ__ligand14703-0
417,ELOMEZ__ligand16475-0
418,ELOMEZ__ligand4738-0
419,ELOMEZ__ligand4813-0
420,ELOMEZ__ligand5813-0
421,ELOMEZ__ligand16-0
422,ELOMEZ__ligand4194-0
423,ELOMEZ__ligand14117-0
424,ELOMEZ__ligand17261-0
425,ELOMEZ__ligand7532-0
426,ELOMEZ__ligand21581-0
427,ELOMEZ__ligand31097-0
428,ELOMEZ__ligand487-0
429,ELOMEZ__ligand20251-0
430,ELOMEZ__ligand4330-0
431,ELOMEZ__ligand30702-0
432,ELOMEZ__ligand20214-0
433,ELOMEZ__ligand2599-0
434,ELOMEZ__ligand20539-0
435,ELOMEZ__ligand14889-0
436,ELOMEZ__ligand447-0
437,ELOMEZ__ligand3973-0
438,ELOMEZ__ligand30851-0
439,ELOMEZ__ligand29568-0
440,ELOMEZ__ligand746-0
441,ELOMEZ__ligand1147-0
442,ELOMEZ__ligand176-0
443,ELOMEZ__ligand28789-0
444,ELOMEZ__ligand7925-0
445,ELOMEZ__ligand21371-0
446,ELOMEZ__ligand17118-0
447,ELOMEZ__ligand20419-0
448,ELOMEZ__ligand2068-0
449,ELOMEZ__ligand13208-0
450,ELOMEZ__ligand395-0
451,ELOMEZ__ligand6882-0
452,ELOMEZ__ligand6455-0
453,ELOMEZ__ligand26810-0
454,ELOMEZ__ligand27482-0
455,ELOMEZ__ligand3934-0
456,ELOMEZ__ligand368-0
457,ELOMEZ__ligand91-0
458,ELOMEZ__ligand2403-0
459,ELOMEZ__ligand4-0
460,ELOMEZ__ligand1065-0
461,ELOMEZ__ligand7530-0
462,ELOMEZ__ligand3012-0
463,ELOMEZ__ligand13390-0
464,ELOMEZ__ligand51-0
465,ELOMEZ__ligand1449-0
466,ELOMEZ__ligand20682-0
467,ELOMEZ__ligand4332-0
468,ELOMEZ__ligand784-0
469,ELOMEZ__ligand9681-0
470,ELOMEZ__ligand11456-0
471,ELOMEZ__ligand2830-0
472,ELOMEZ__ligand14174-0
473,ELOMEZ__ligand1729-0
474,ELOMEZ__ligand10712-0
475,ELOMEZ__ligand5627-0
476,ELOMEZ__ligand5483-0
477,ELOMEZ__ligand833-0
478,ELOMEZ__ligand25411-0
479,ELOMEZ__ligand5316-0
480,ELOMEZ__ligand13294-0
481,ELOMEZ__ligand31832-0
482,ELOMEZ__ligand9148-0
483,ELOMEZ__ligand115-0
484,ELOMEZ__ligand28884-0
485,ELOMEZ__ligand7529-0
486,ELOMEZ__ligand13331-0
487,ELOMEZ__ligand48-0
488,ELOMEZ__ligand29879-0
489,ELOMEZ__ligand14248-0
490,ELOMEZ__ligand1415-0
491,ELOMEZ__ligand6946-0
492,ELOMEZ__ligand12030-0
493,ELOMEZ__ligand3647-0
494,ELOMEZ__ligand27763-0
495,ELOMEZ__ligand5357-0
496,ELOMEZ__ligand1688-0
497,ELOMEZ__ligand10262-0
498,ELOMEZ__ligand28676-0
499,ELOMEZ__ligand4850-0
500,ELOMEZ__ligand5056-0
501,ELOMEZ__ligand314-1
502,ELOMEZ__ligand13425-0
503,ELOMEZ__ligand29302-0
504,ELOMEZ__ligand1768-0
505,ELOMEZ__ligand34-0
506,ELOMEZ__ligand1469-0
507,ELOMEZ__ligand3871-0
508,ELOMEZ__ligand18814-0
509,ELOMEZ__ligand19057-0
510,ELOMEZ__ligand2722-0
511,ELOMEZ__ligand1379-0
512,ELOMEZ__ligand14108-0
513,ELOMEZ__ligand5935-0
514,ELOMEZ__ligand9525-0
515,ELOMEZ__ligand10958-0
516,ELOMEZ__ligand1165-0
517,ELOMEZ__ligand12641-0
518,ELOMEZ__ligand465-0
519,ELOMEZ__ligand3157-0
520,ELOMEZ__ligand25178-0
521,ELOMEZ__ligand618-0
522,ELOMEZ__ligand1771-0
523,ELOMEZ__ligand4911-0
524,ELOMEZ__ligand23769-0
525,ELOMEZ__ligand68-0
526,ELOMEZ__ligand24185-0
527,ELOMEZ__ligand3392-0
528,ELOMEZ__ligand17805-0
529,ELOMEZ__ligand391-0
530,ELOMEZ__ligand17302-0
531,ELOMEZ__ligand5849-0
532,ELOMEZ__ligand12231-0
533,ELOMEZ__ligand2527-0
534,ELOMEZ__ligand813-0
535,ELOMEZ__ligand12130-0
536,ELOMEZ__ligand17387-0
537,ELOMEZ__ligand12289-0
538,ELOMEZ__ligand18292-0
539,ELOMEZ__ligand13658-0
540,ELOMEZ__ligand314-0
541,ELOMEZ__ligand780-0
542,ELOMEZ__ligand26702-0
543,ELOMEZ__ligand19830-0
544,ELOMEZ__ligand13068-0
545,ELOMEZ__ligand55-0
546,ELOMEZ__ligand10476-0
547,ELOMEZ__ligand8349-0
548,ELOMEZ__ligand24145-0
549,ELOMEZ__ligand8464-0
550,ELOMEZ__ligand1709-0
551,ELOMEZ__ligand15585-0
552,ELOMEZ__ligand12401-0
553,ELOMEZ__ligand353-0
554,ELOMEZ__ligand19641-0
555,ELOMEZ__ligand15422-0
556,ELOMEZ__ligand20578-0
557,ELOMEZ__ligand12934-0
558,ELOMEZ__ligand27893-0
559,ELOMEZ__ligand14723-0
560,ELOMEZ__ligand2208-0
561,ELOMEZ__ligand3208-0
562,ELOMEZ__ligand30988-0
563,ELOMEZ__ligand3350-0
564,ELOMEZ__ligand7573-0
565,ELOMEZ__ligand2781-0
566,ELOMEZ__ligand8722-0
567,ELOMEZ__ligand57-0
568,ELOMEZ__ligand6672-0
569,ELOMEZ__ligand18832-0
570,ELOMEZ__ligand9809-0
571,ELOMEZ__ligand1327-0
572,ELOMEZ__ligand27175-0
573,ELOMEZ__ligand23713-0
574,ELOMEZ__ligand7162-0
575,ELOMEZ__ligand26665-0
576,ELOMEZ__ligand17631-0
577,ELOMEZ__ligand3029-0
578,ELOMEZ__ligand13012-0
579,ELOMEZ__ligand17258-0
580,ELOMEZ__ligand1773-0
581,ELOMEZ__ligand4581-0
582,ELOMEZ__ligand14297-0
583,ELOMEZ__ligand14603-0
584,ELOMEZ__ligand2328-0
585,ELOMEZ__ligand9197-0
586,ELOMEZ__ligand31783-0
587,ELOMEZ__ligand393-0
588,ELOMEZ__ligand1900-0
589,ELOMEZ__ligand12337-0
590,ELOMEZ__ligand29410-0
591,ELOMEZ__ligand26540-0
592,ELOMEZ__ligand4131-0
593,ELOMEZ__ligand1712-0
594,ELOMEZ__ligand17281-0
595,ELOMEZ__ligand686-0
596,ELOMEZ__ligand30296-0
597,ELOMEZ__ligand5094-0
598,ELOMEZ__ligand422-0
599,ELOMEZ__ligand5892-0
600,ELOMEZ__ligand12606-0
601,ELOMEZ__ligand30333-0
602,ELOMEZ__ligand27460-0
603,ELOMEZ__ligand1533-0
604,ELOMEZ__ligand196-0
605,ELOMEZ__ligand16628-0
606,ELOMEZ__ligand1496-0
607,ELOMEZ__ligand20740-0
608,ELOMEZ__ligand28468-0
609,ELOMEZ__ligand7557-0
610,ELOMEZ__ligand12427-0
611,ELOMEZ__ligand8115-0
612,ELOMEZ__ligand11206-0
613,ELOMEZ__ligand479-0
614,ELOMEZ__ligand6768-0
615,ELOMEZ__ligand1982-0
616,ELOMEZ__ligand785-0
617,ELOMEZ__ligand23124-0
618,ELOMEZ__ligand7000-0
619,ELOMEZ__ligand311-0
620,ELOMEZ__ligand12519-0
621,ELOMEZ__ligand1285-0
622,ELOMEZ__ligand25735-0
623,ELOMEZ__ligand620-0
624,ELOMEZ__ligand370-1
625,ELOMEZ__ligand4546-0
626,ELOMEZ__ligand4503-0
627,ELOMEZ__ligand564-0
628,ELOMEZ__ligand9833-0
629,ELOMEZ__ligand7648-0
630,ELOMEZ__ligand188-0
631,ELOMEZ__ligand2828-0
632,ELOMEZ__ligand8876-0
633,ELOMEZ__ligand5256-0
634,ELOMEZ__ligand31248-0
635,ELOMEZ__ligand4157-0
636,ELOMEZ__ligand25650-0
637,ELOMEZ__ligand2232-0
638,ELOMEZ__ligand19257-0
639,ELOMEZ__ligand13209-0
640,ELOMEZ__ligand2176-0
641,ELOMEZ__ligand12660-0
642,ELOMEZ__ligand9291-0
643,ELOMEZ__ligand9784-0
644,ELOMEZ__ligand21787-0
645,ELOMEZ__ligand49-0
646,ELOMEZ__ligand250-0
647,ELOMEZ__ligand4272-0
648,ELOMEZ__ligand1451-0
649,ELOMEZ__ligand25575-0
650,ELOMEZ__ligand25689-0
651,ELOMEZ__ligand7629-0
652,ELOMEZ__ligand12295-0
653,ELOMEZ__ligand3954-0
654,ELOMEZ__ligand4442-0
655,ELOMEZ__ligand27835-0
656,ELOMEZ__ligand4093-0
657,ELOMEZ__ligand9520-0
658,ELOMEZ__ligand8699-0
659,ELOMEZ__ligand1160-0
660,ELOMEZ__ligand4016-0
661,ELOMEZ__ligand21132-0
662,ELOMEZ__ligand11166-0
663,ELOMEZ__ligand23906-0
664,ELOMEZ__ligand370-0
665,ELOMEZ__ligand7867-0
666,ELOMEZ__ligand6709-0
667,ELOMEZ__ligand1219-0
668,ELOMEZ__ligand1304-0
669,ELOMEZ__ligand1790-0
670,ELOMEZ__ligand7280-0
671,ELOMEZ__ligand7238-0
672,ELOMEZ__ligand30539-0
673,ELOMEZ__ligand89-0
674,ELOMEZ__ligand9935-0
675,ELOMEZ__ligand1573-0
676,ELOMEZ__ligand1536-0
677,ELOMEZ__ligand23904-0
678,ELOMEZ__ligand372-0
679,ELOMEZ__ligand13257-0
680,ELOMEZ__ligand1959-0
681,ELOMEZ__ligand3504-0
682,ELOMEZ__ligand830-0
683,ELOMEZ__ligand21936-0
684,ELOMEZ__ligand4661-0
685,ELOMEZ__ligand1844-0
686,ELOMEZ__ligand12467-0
687,ELOMEZ__ligand6616-0
688,ELOMEZ__ligand3035-0
689,ELOMEZ__ligand3876-0
690,ELOMEZ__ligand1343-0
691,ELOMEZ__ligand25267-0
692,ELOMEZ__ligand193-0
693,ELOMEZ__ligand3718-0
694,ELOMEZ__ligand10084-0
695,ELOMEZ__ligand27169-0
696,ELOMEZ__ligand14523-0
697,ELOMEZ__ligand7106-0
698,ELOMEZ__ligand252-0
699,ELOMEZ__ligand18391-0
700,ELOMEZ__ligand116-0
701,ELOMEZ__ligand7242-0
702,ELOMEZ__ligand25805-0
703,ELOMEZ__ligand22981-0
704,ELOMEZ__ligand20599-0
705,ELOMEZ__ligand1263-0
706,ELOMEZ__ligand9908-0
707,ELOMEZ__ligand27074-0
708,ELOMEZ__ligand177-0
709,ELOMEZ__ligand3094-0
710,ELOMEZ__ligand4155-0
711,ELOMEZ__ligand18465-0
712,ELOMEZ__ligand18799-0
713,ELOMEZ__ligand5211-0
714,ELOMEZ__ligand6839-0
715,ELOMEZ__ligand8969-0
716,ELOMEZ__ligand3131-0
717,ELOMEZ__ligand1202-0
718,ELOMEZ__ligand3937-0
719,ELOMEZ__ligand28668-0
720,ELOMEZ__ligand3174-0
721,ELOMEZ__ligand16791-0
722,ELOMEZ__ligand4720-0
723,ELOMEZ__ligand3565-0
724,ELOMEZ__ligand11140-0
725,ELOMEZ__ligand1512-0
726,ELOMEZ__ligand5331-0
727,ELOMEZ__ligand29610-0
728,ELOMEZ__ligand29863-0
729,ELOMEZ__ligand17-0
730,ELOMEZ__ligand6919-0
731,ELOMEZ__ligand18074-0
732,ELOMEZ__ligand3852-0
733,ELOMEZ__ligand2485-0
734,ELOMEZ__ligand13869-0
735,ELOMEZ__ligand909-0
736,ELOMEZ__ligand868-0
737,ELOMEZ__ligand3234-0
738,ELOMEZ__ligand1142-0
739,ELOMEZ__ligand10555-0
740,ELOMEZ__ligand31483-0
741,ELOMEZ__ligand19725-0
742,ELOMEZ__ligand7126-0
743,ELOMEZ__ligand2028-0
744,ELOMEZ__ligand8835-0
745,ELOMEZ__ligand24613-0
746,ELOMEZ__ligand11774-0
747,ELOMEZ__ligand14586-0
748,ELOMEZ__ligand4641-0
749,ELOMEZ__ligand3-0
750,ELOMEZ__ligand21421-0
751,ELOMEZ__ligand11568-0
752,ELOMEZ__ligand783-0
753,ELOMEZ__ligand352-0
754,ELOMEZ__ligand20579-0
755,ELOMEZ__ligand17710-0
756,ELOMEZ__ligand197-0
757,ELOMEZ__ligand17590-0
758,ELOMEZ__ligand4620-0
759,ELOMEZ__ligand17240-0
760,ELOMEZ__ligand12682-0
761,ELOMEZ__ligand18699-0
762,ELOMEZ__ligand6067-0
763,ELOMEZ__ligand1577-0
764,ELOMEZ__ligand2295-0
765,ELOMEZ__ligand2917-0
766,ELOMEZ__ligand7819-0
767,ELOMEZ__ligand12336-0
768,ELOMEZ__ligand3465-0
769,ELOMEZ__ligand13072-0
770,ELOMEZ__ligand6102-0
771,ELOMEZ__ligand6904-0
772,ELOMEZ__ligand3721-0
773,ELOMEZ__ligand6596-0
774,ELOMEZ__ligand28924-0
775,ELOMEZ__ligand2915-0
776,ELOMEZ__ligand421-0
777,ELOMEZ__ligand15438-0
778,ELOMEZ__ligand3156-0
779,ELOMEZ__ligand685-0
780,ELOMEZ__ligand18703-0
781,ELOMEZ__ligand1378-0
782,ELOMEZ__ligand6244-0
783,ELOMEZ__ligand29087-0
784,ELOMEZ__ligand31578-0
785,ELOMEZ__ligand9441-0
786,ELOMEZ__ligand17207-0
787,ELOMEZ__ligand2332-0
788,ELOMEZ__ligand294-0
789,ELOMEZ__ligand17945-0
790,ELOMEZ__ligand18013-0
791,ELOMEZ__ligand25224-0
792,ELOMEZ__ligand1575-0
793,ELOMEZ__ligand1530-0
794,ELOMEZ__ligand9933-0
795,ELOMEZ__ligand1631-0
796,ELOMEZ__ligand24750-0
797,ELOMEZ__ligand1324-0
798,ELOMEZ__ligand22755-0
799,ELOMEZ__ligand560-0
800,ELOMEZ__ligand31618-0
801,ELOMEZ__ligand11432-0
802,ELOMEZ__ligand8721-0
803,ELOMEZ__ligand11-0
804,ELOMEZ__ligand10432-0
805,ELOMEZ__ligand1-0
806,ELOMEZ__ligand1823-0
807,ELOMEZ__ligand5643-0
808,ELOMEZ__ligand26277-0
809,ELOMEZ__ligand29898-0
810,ELOMEZ__ligand1615-0
811,ELOMEZ__ligand5036-0
812,ELOMEZ__ligand2526-0
813,ELOMEZ__ligand9111-0
814,ELOMEZ__ligand9952-0
815,ELOMEZ__ligand9601-0
816,ELOMEZ__ligand23589-0
817,ELOMEZ__ligand24064-0
818,ELOMEZ__ligand8992-0
819,ELOMEZ__ligand1018-0
820,ELOMEZ__ligand134-0
821,ELOMEZ__ligand15168-0
822,ELOMEZ__ligand4116-0
823,ELOMEZ__ligand235-0
824,ELOMEZ__ligand7967-0
825,ELOMEZ__ligand69-0
826,ELOMEZ__ligand6124-0
827,ELOMEZ__ligand3707-0
