,TMC
0,XAFRAX__ligand1479-0
1,XAFRAX__ligand1148-0
2,XAFRAX__ligand3246-0
3,XAFRAX__ligand1538-0
4,XAFRAX__ligand89-0
5,XAFRAX__ligand757-0
6,XAFRAX__ligand1114-0
7,XAFRAX__ligand797-0
8,XAFRAX__ligand49-0
9,XAFRAX__ligand9244-0
10,XAFRAX__ligand1228-0
11,XAFRAX__ligand3041-0
12,XAFRAX__ligand8-0
13,XAFRAX__ligand1542-0
14,XAFRAX__ligand2634-0
15,XAFRAX__ligand384-0
16,XAFRAX__ligand120-0
17,XAFRAX__ligand2751-0
18,XAFRAX__ligand3145-0
19,XAFRAX__ligand17-0
20,XAFRAX__ligand240-0
21,XAFRAX__ligand6686-0
22,XAFRAX__ligand1747-0
23,XAFRAX__ligand141-0
24,XAFRAX__ligand7915-0
25,XAFRAX__ligand5548-0
26,XAFRAX__ligand2863-0
27,XAFRAX__ligand2098-0
28,XAFRAX__ligand6502-0
29,XAFRAX__ligand6332-0
30,XAFRAX__ligand92-0
31,XAFRAX__ligand3178-0
32,XAFRAX__ligand100-0
33,XAFRAX__ligand3734-0
34,XAFRAX__ligand244-0
35,XAFRAX__ligand201-0
36,XAFRAX__ligand1706-0
37,XAFRAX__ligand4381-0
38,XAFRAX__ligand2629-0
39,XAFRAX__ligand321-0
40,XAFRAX__ligand279-0
41,XAFRAX__ligand178-0
42,XAFRAX__ligand2688-0
43,XAFRAX__ligand2259-0
44,XAFRAX__ligand1376-0
45,XAFRAX__ligand2768-0
46,XAFRAX__ligand119-0
47,XAFRAX__ligand6277-0
48,XAFRAX__ligand124-0
49,XAFRAX__ligand1687-0
50,XAFRAX__ligand1951-0
51,XAFRAX__ligand126-0
52,XAFRAX__ligand3757-0
53,XAFRAX__ligand2087-0
54,XAFRAX__ligand1048-0
55,XAFRAX__ligand1685-0
56,XAFRAX__ligand1544-0
57,XAFRAX__ligand1459-0
58,XAFRAX__ligand5801-0
59,XAFRAX__ligand366-0
60,XAFRAX__ligand861-0
61,XAFRAX__ligand3063-0
62,XAFRAX__ligand15630-0
63,XAFRAX__ligand612-0
64,XAFRAX__ligand1438-0
65,XAFRAX__ligand187-0
66,XAFRAX__ligand10357-0
67,XAFRAX__ligand596-0
68,XAFRAX__ligand11-0
69,XAFRAX__ligand1171-0
70,XAFRAX__ligand927-0
71,XAFRAX__ligand199-0
72,XAFRAX__ligand1727-0
73,XAFRAX__ligand32-0
74,XAFRAX__ligand1152-0
75,XAFRAX__ligand1607-0
76,XAFRAX__ligand575-0
77,XAFRAX__ligand2510-0
78,XAFRAX__ligand361-0
79,XAFRAX__ligand324-0
80,XAFRAX__ligand409-0
81,XAFRAX__ligand1567-0
82,XAFRAX__ligand2285-0
83,XAFRAX__ligand8921-0
84,XAFRAX__ligand2862-0
85,XAFRAX__ligand1056-0
86,XAFRAX__ligand2320-0
87,XAFRAX__ligand2430-0
88,XAFRAX__ligand1703-0
89,XAFRAX__ligand105-0
90,XAFRAX__ligand140-0
91,XAFRAX__ligand2907-0
92,XAFRAX__ligand142-0
93,XAFRAX__ligand206-0
94,XAFRAX__ligand7464-0
95,XAFRAX__ligand51-0
96,XAFRAX__ligand436-0
97,XAFRAX__ligand1248-0
98,XAFRAX__ligand4303-0
99,XAFRAX__ligand821-0
100,XAFRAX__ligand91-0
101,XAFRAX__ligand29-0
102,XAFRAX__ligand1598-0
103,XAFRAX__ligand326-0
104,XAFRAX__ligand1054-0
105,XAFRAX__ligand553-0
106,XAFRAX__ligand6294-0
107,XAFRAX__ligand283-0
108,XAFRAX__ligand48-0
109,XAFRAX__ligand3637-0
110,XAFRAX__ligand497-0
111,XAFRAX__ligand8774-0
112,XAFRAX__ligand918-0
113,XAFRAX__ligand633-0
114,XAFRAX__ligand532-0
115,XAFRAX__ligand166-0
116,XAFRAX__ligand838-0
117,XAFRAX__ligand5022-0
118,XAFRAX__ligand1169-0
119,XAFRAX__ligand34-0
120,XAFRAX__ligand10910-0
121,XAFRAX__ligand383-0
122,XAFRAX__ligand162-0
123,XAFRAX__ligand1799-0
124,XAFRAX__ligand3838-0
125,XAFRAX__ligand2838-0
126,XAFRAX__ligand226-0
127,XAFRAX__ligand5941-0
128,XAFRAX__ligand2880-0
129,XAFRAX__ligand2142-0
130,XAFRAX__ligand55-0
131,XAFRAX__ligand6538-0
132,XAFRAX__ligand9495-0
133,XAFRAX__ligand2772-0
134,XAFRAX__ligand6151-0
135,XAFRAX__ligand2864-0
136,XAFRAX__ligand14530-0
137,XAFRAX__ligand95-0
138,XAFRAX__ligand10479-0
139,XAFRAX__ligand278-0
140,XAFRAX__ligand1052-0
141,XAFRAX__ligand365-0
142,XAFRAX__ligand358-0
143,XAFRAX__ligand57-0
144,XAFRAX__ligand430-0
145,XAFRAX__ligand1273-0
146,XAFRAX__ligand669-0
147,XAFRAX__ligand10114-0
148,XAFRAX__ligand6396-0
149,XAFRAX__ligand73-0
150,XAFRAX__ligand2265-0
151,XAFRAX__ligand1113-0
152,XAFRAX__ligand509-0
153,XAFRAX__ligand9027-0
154,XAFRAX__ligand4983-0
155,XAFRAX__ligand670-0
156,XAFRAX__ligand118-0
157,XAFRAX__ligand1835-0
158,XAFRAX__ligand2345-0
159,XAFRAX__ligand2794-0
160,XAFRAX__ligand571-0
161,XAFRAX__ligand1502-0
162,XAFRAX__ligand1-0
163,XAFRAX__ligand1712-0
164,XAFRAX__ligand250-0
165,XAFRAX__ligand3579-0
166,XAFRAX__ligand460-0
167,XAFRAX__ligand2916-0
168,XAFRAX__ligand2110-0
169,XAFRAX__ligand370-0
170,XAFRAX__ligand1919-0
171,XAFRAX__ligand2389-0
172,XAFRAX__ligand311-0
173,XAFRAX__ligand5334-0
174,XAFRAX__ligand2480-0
175,XAFRAX__ligand4504-0
176,XAFRAX__ligand3051-0
177,XAFRAX__ligand1898-0
178,XAFRAX__ligand2315-0
179,XAFRAX__ligand188-0
180,XAFRAX__ligand1858-0
181,XAFRAX__ligand8032-0
182,XAFRAX__ligand66-0
183,XAFRAX__ligand444-0
184,XAFRAX__ligand369-0
185,XAFRAX__ligand177-0
186,XAFRAX__ligand934-0
187,XAFRAX__ligand2442-0
188,XAFRAX__ligand1019-0
189,XAFRAX__ligand1104-0
190,XAFRAX__ligand7414-0
191,XAFRAX__ligand5762-0
192,XAFRAX__ligand21-0
193,XAFRAX__ligand851-0
194,XAFRAX__ligand6571-0
195,XAFRAX__ligand909-0
196,XAFRAX__ligand2482-0
197,XAFRAX__ligand1325-0
198,XAFRAX__ligand38-0
199,XAFRAX__ligand2929-0
200,XAFRAX__ligand830-0
201,XAFRAX__ligand193-0
202,XAFRAX__ligand2376-0
203,XAFRAX__ligand252-0
204,XAFRAX__ligand1379-0
205,XAFRAX__ligand3-0
206,XAFRAX__ligand955-0
207,XAFRAX__ligand1221-0
208,XAFRAX__ligand1264-0
209,XAFRAX__ligand6430-0
210,XAFRAX__ligand40-0
211,XAFRAX__ligand1299-0
212,XAFRAX__ligand197-0
213,XAFRAX__ligand7514-0
214,XAFRAX__ligand3337-0
215,XAFRAX__ligand296-0
216,XAFRAX__ligand4811-0
217,XAFRAX__ligand1449-1
218,XAFRAX__ligand1260-0
219,XAFRAX__ligand4894-0
220,XAFRAX__ligand9620-0
221,XAFRAX__ligand112-0
222,XAFRAX__ligand868-0
223,XAFRAX__ligand442-0
224,XAFRAX__ligand136-0
225,XAFRAX__ligand1788-0
226,XAFRAX__ligand1321-0
227,XAFRAX__ligand783-0
228,XAFRAX__ligand352-0
229,XAFRAX__ligand3566-0
230,XAFRAX__ligand1178-0
231,XAFRAX__ligand18-0
232,XAFRAX__ligand560-0
233,XAFRAX__ligand525-0
234,XAFRAX__ligand2853-0
235,XAFRAX__ligand3853-0
236,XAFRAX__ligand109-0
237,XAFRAX__ligand5089-0
238,XAFRAX__ligand2599-0
239,XAFRAX__ligand62-0
240,XAFRAX__ligand1246-0
241,XAFRAX__ligand390-0
242,XAFRAX__ligand6166-0
243,XAFRAX__ligand932-0
244,XAFRAX__ligand134-0
245,XAFRAX__ligand235-0
246,XAFRAX__ligand798-0
247,XAFRAX__ligand421-0
248,XAFRAX__ligand916-0
249,XAFRAX__ligand584-0
250,XAFRAX__ligand294-0
251,XAFRAX__ligand1307-0
252,XAFRAX__ligand993-0
253,XAFRAX__ligand331-0
254,XAFRAX__ligand86-0
255,XAFRAX__ligand522-0
256,XAFRAX__ligand666-0
257,XAFRAX__ligand487-0
258,XAFRAX__ligand1551-0
259,XAFRAX__ligand2526-0
260,XAFRAX__ligand447-0
261,XAFRAX__ligand1690-0
262,XAFRAX__ligand133-0
263,XAFRAX__ligand2707-0
264,XAFRAX__ligand2915-0
265,XAFRAX__ligand682-0
266,XAFRAX__ligand4012-0
267,XAFRAX__ligand3196-0
268,XAFRAX__ligand291-0
269,XAFRAX__ligand1918-0
270,XAFRAX__ligand2255-0
271,XAFRAX__ligand115-0
272,XAFRAX__ligand4175-0
273,XAFRAX__ligand2618-0
274,XAFRAX__ligand3618-0
275,XAFRAX__ligand67-0
276,XAFRAX__ligand1436-0
277,XAFRAX__ligand11730-0
278,XAFRAX__ligand784-0
279,XAFRAX__ligand355-0
280,XAFRAX__ligand485-0
281,XAFRAX__ligand4370-0
282,XAFRAX__ligand170-0
283,XAFRAX__ligand1818-0
284,XAFRAX__ligand7456-0
285,XAFRAX__ligand391-0
286,XAFRAX__ligand481-0
287,XAFRAX__ligand5758-0
288,XAFRAX__ligand314-0
289,XAFRAX__ligand3478-0
290,XAFRAX__ligand3852-0
291,XAFRAX__ligand9176-0
292,XAFRAX__ligand2718-0
293,XAFRAX__ligand3070-0
294,XAFRAX__ligand3035-0
295,XAFRAX__ligand1493-0
296,XAFRAX__ligand210-0
297,XAFRAX__ligand4619-0
298,XAFRAX__ligand4-0
299,XAFRAX__ligand6143-0
300,XAFRAX__ligand5235-0
301,XAFRAX__ligand3251-0
302,XAFRAX__ligand6-0
303,XAFRAX__ligand113-0
304,XAFRAX__ligand2762-0
305,XAFRAX__ligand1038-0
306,XAFRAX__ligand1160-0
307,XAFRAX__ligand45-0
308,XAFRAX__ligand2253-0
309,XAFRAX__ligand422-0
310,XAFRAX__ligand2954-0
311,XAFRAX__ligand5093-0
312,XAFRAX__ligand85-0
313,XAFRAX__ligand78-0
314,XAFRAX__ligand502-0
315,XAFRAX__ligand196-0
316,XAFRAX__ligand7550-0
317,XAFRAX__ligand353-0
318,XAFRAX__ligand1285-0
319,XAFRAX__ligand1555-0
320,XAFRAX__ligand7630-0
321,XAFRAX__ligand3890-0
322,XAFRAX__ligand236-0
323,XAFRAX__ligand4423-0
324,XAFRAX__ligand1907-0
