,TMC
0,FAJKOS__ligand17281-0
1,FAJKOS__ligand1533-0
2,FAJKOS__ligand30296-0
3,FAJKOS__ligand12337-0
4,FAJKOS__ligand34-0
5,FAJKOS__ligand29410-0
6,FAJKOS__ligand26540-0
7,FAJKOS__ligand757-0
8,FAJKOS__ligand1496-0
9,FAJKOS__ligand7557-0
10,FAJKOS__ligand122-0
11,FAJKOS__ligand30333-0
12,FAJKOS__ligand12606-0
13,FAJKOS__ligand27460-0
14,FAJKOS__ligand4131-0
15,FAJKOS__ligand1712-0
16,FAJKOS__ligand28468-0
17,FAJKOS__ligand20740-0
18,FAJKOS__ligand12427-0
19,FAJKOS__ligand5094-0
20,FAJKOS__ligand5892-0
21,FAJKOS__ligand16628-0
22,FAJKOS__ligand27893-0
23,FAJKOS__ligand1773-0
24,FAJKOS__ligand4581-0
25,FAJKOS__ligand14723-0
26,FAJKOS__ligand2328-0
27,FAJKOS__ligand7162-0
28,FAJKOS__ligand19641-0
29,FAJKOS__ligand3029-0
30,FAJKOS__ligand15422-0
31,FAJKOS__ligand12934-0
32,FAJKOS__ligand20578-0
33,FAJKOS__ligand18832-0
34,FAJKOS__ligand27175-0
35,FAJKOS__ligand23713-0
36,FAJKOS__ligand9197-0
37,FAJKOS__ligand30988-0
38,FAJKOS__ligand68-0
39,FAJKOS__ligand1900-0
40,FAJKOS__ligand17258-0
41,FAJKOS__ligand2208-0
42,FAJKOS__ligand3208-0
43,FAJKOS__ligand14297-0
44,FAJKOS__ligand55-0
45,FAJKOS__ligand14603-0
46,FAJKOS__ligand26665-0
47,FAJKOS__ligand17631-0
48,FAJKOS__ligand13012-0
49,FAJKOS__ligand8722-0
50,FAJKOS__ligand6672-0
51,FAJKOS__ligand9809-0
52,FAJKOS__ligand1327-0
53,FAJKOS__ligand693-0
54,FAJKOS__ligand31783-0
55,FAJKOS__ligand3350-0
56,FAJKOS__ligand7573-0
57,FAJKOS__ligand2781-0
58,FAJKOS__ligand23769-0
59,FAJKOS__ligand24185-0
60,FAJKOS__ligand25178-0
61,FAJKOS__ligand57-0
62,FAJKOS__ligand2527-0
63,FAJKOS__ligand141-0
64,FAJKOS__ligand8349-0
65,FAJKOS__ligand8464-0
66,FAJKOS__ligand17302-0
67,FAJKOS__ligand1709-0
68,FAJKOS__ligand240-0
69,FAJKOS__ligand17805-0
70,FAJKOS__ligand17387-0
71,FAJKOS__ligand12130-0
72,FAJKOS__ligand12289-0
73,FAJKOS__ligand18292-0
74,FAJKOS__ligand13658-0
75,FAJKOS__ligand26702-0
76,FAJKOS__ligand3392-0
77,FAJKOS__ligand12231-0
78,FAJKOS__ligand1771-0
79,FAJKOS__ligand4911-0
80,FAJKOS__ligand24145-0
81,FAJKOS__ligand5849-0
82,FAJKOS__ligand15585-0
83,FAJKOS__ligand12401-0
84,FAJKOS__ligand19830-0
85,FAJKOS__ligand13068-0
86,FAJKOS__ligand10476-0
87,FAJKOS__ligand5935-0
88,FAJKOS__ligand27763-0
89,FAJKOS__ligand2722-0
90,FAJKOS__ligand1379-0
91,FAJKOS__ligand10262-0
92,FAJKOS__ligand28676-0
93,FAJKOS__ligand8-0
94,FAJKOS__ligand18814-0
95,FAJKOS__ligand3157-0
96,FAJKOS__ligand19057-0
97,FAJKOS__ligand29302-0
98,FAJKOS__ligand13425-0
99,FAJKOS__ligand9525-0
100,FAJKOS__ligand768-0
101,FAJKOS__ligand1165-0
102,FAJKOS__ligand14108-0
103,FAJKOS__ligand4850-0
104,FAJKOS__ligand5056-0
105,FAJKOS__ligand384-0
106,FAJKOS__ligand3647-0
107,FAJKOS__ligand5357-0
108,FAJKOS__ligand1688-0
109,FAJKOS__ligand12641-0
110,FAJKOS__ligand1469-0
111,FAJKOS__ligand3871-0
112,FAJKOS__ligand1768-0
113,FAJKOS__ligand10958-0
114,FAJKOS__ligand14174-0
115,FAJKOS__ligand10712-0
116,FAJKOS__ligand11456-0
117,FAJKOS__ligand9148-0
118,FAJKOS__ligand25411-0
119,FAJKOS__ligand6946-0
120,FAJKOS__ligand1415-0
121,FAJKOS__ligand7529-0
122,FAJKOS__ligand1729-0
123,FAJKOS__ligand5627-0
124,FAJKOS__ligand13294-0
125,FAJKOS__ligand31832-0
126,FAJKOS__ligand2830-0
127,FAJKOS__ligand29879-0
128,FAJKOS__ligand14248-0
129,FAJKOS__ligand5316-0
130,FAJKOS__ligand338-0
131,FAJKOS__ligand12030-0
132,FAJKOS__ligand5483-0
133,FAJKOS__ligand28884-0
134,FAJKOS__ligand32-0
135,FAJKOS__ligand13331-0
136,FAJKOS__ligand3012-0
137,FAJKOS__ligand26810-0
138,FAJKOS__ligand27482-0
139,FAJKOS__ligand201-0
140,FAJKOS__ligand1449-0
141,FAJKOS__ligand1065-0
142,FAJKOS__ligand13208-0
143,FAJKOS__ligand7530-0
144,FAJKOS__ligand9681-0
145,FAJKOS__ligand16-0
146,FAJKOS__ligand4332-0
147,FAJKOS__ligand321-0
148,FAJKOS__ligand3934-0
149,FAJKOS__ligand13390-0
150,FAJKOS__ligand6882-0
151,FAJKOS__ligand6455-0
152,FAJKOS__ligand178-0
153,FAJKOS__ligand2403-0
154,FAJKOS__ligand279-0
155,FAJKOS__ligand185-0
156,FAJKOS__ligand20682-0
157,FAJKOS__ligand14117-0
158,FAJKOS__ligand17261-0
159,FAJKOS__ligand1147-0
160,FAJKOS__ligand91-0
161,FAJKOS__ligand366-0
162,FAJKOS__ligand3973-0
163,FAJKOS__ligand20251-0
164,FAJKOS__ligand187-0
165,FAJKOS__ligand7925-0
166,FAJKOS__ligand30702-0
167,FAJKOS__ligand20214-0
168,FAJKOS__ligand2068-0
169,FAJKOS__ligand20539-0
170,FAJKOS__ligand657-0
171,FAJKOS__ligand21581-0
172,FAJKOS__ligand31097-0
173,FAJKOS__ligand29568-0
174,FAJKOS__ligand596-0
175,FAJKOS__ligand941-0
176,FAJKOS__ligand7532-0
177,FAJKOS__ligand14889-0
178,FAJKOS__ligand4194-0
179,FAJKOS__ligand30851-0
180,FAJKOS__ligand4330-0
181,FAJKOS__ligand21371-0
182,FAJKOS__ligand17118-0
183,FAJKOS__ligand20419-0
184,FAJKOS__ligand2599-0
185,FAJKOS__ligand777-0
186,FAJKOS__ligand28789-0
187,FAJKOS__ligand51-0
188,FAJKOS__ligand6283-0
189,FAJKOS__ligand17398-0
190,FAJKOS__ligand24047-0
191,FAJKOS__ligand163-0
192,FAJKOS__ligand126-0
193,FAJKOS__ligand10589-0
194,FAJKOS__ligand22557-0
195,FAJKOS__ligand20598-0
196,FAJKOS__ligand11675-0
197,FAJKOS__ligand17982-0
198,FAJKOS__ligand4738-0
199,FAJKOS__ligand29414-0
200,FAJKOS__ligand4813-0
201,FAJKOS__ligand5813-0
202,FAJKOS__ligand20011-0
203,FAJKOS__ligand17278-0
204,FAJKOS__ligand6062-0
205,FAJKOS__ligand845-0
206,FAJKOS__ligand48-0
207,FAJKOS__ligand3215-0
208,FAJKOS__ligand20251-1
209,FAJKOS__ligand16475-0
210,FAJKOS__ligand14703-0
211,FAJKOS__ligand7107-0
212,FAJKOS__ligand26277-0
213,FAJKOS__ligand29898-0
214,FAJKOS__ligand8992-0
215,FAJKOS__ligand361-0
216,FAJKOS__ligand22755-0
217,FAJKOS__ligand324-0
218,FAJKOS__ligand31618-0
219,FAJKOS__ligand9601-0
220,FAJKOS__ligand11432-0
221,FAJKOS__ligand409-0
222,FAJKOS__ligand10432-0
223,FAJKOS__ligand7967-0
224,FAJKOS__ligand6124-0
225,FAJKOS__ligand3707-0
226,FAJKOS__ligand1018-0
227,FAJKOS__ligand4116-0
228,FAJKOS__ligand24064-0
229,FAJKOS__ligand1823-0
230,FAJKOS__ligand5643-0
231,FAJKOS__ligand1324-0
232,FAJKOS__ligand8721-0
233,FAJKOS__ligand23589-0
234,FAJKOS__ligand9952-0
235,FAJKOS__ligand9111-0
236,FAJKOS__ligand1615-0
237,FAJKOS__ligand2526-0
238,FAJKOS__ligand5036-0
239,FAJKOS__ligand15168-0
240,FAJKOS__ligand28924-0
241,FAJKOS__ligand199-0
242,FAJKOS__ligand15438-0
243,FAJKOS__ligand9441-0
244,FAJKOS__ligand2332-0
245,FAJKOS__ligand1631-0
246,FAJKOS__ligand29087-0
247,FAJKOS__ligand1575-0
248,FAJKOS__ligand1530-0
249,FAJKOS__ligand18703-0
250,FAJKOS__ligand9933-0
251,FAJKOS__ligand17945-0
252,FAJKOS__ligand25224-0
253,FAJKOS__ligand18013-0
254,FAJKOS__ligand300-0
255,FAJKOS__ligand2915-0
256,FAJKOS__ligand3156-0
257,FAJKOS__ligand31578-0
258,FAJKOS__ligand17207-0
259,FAJKOS__ligand24750-0
260,FAJKOS__ligand6244-0
261,FAJKOS__ligand588-0
262,FAJKOS__ligand1378-0
263,FAJKOS__ligand497-0
264,FAJKOS__ligand17240-0
265,FAJKOS__ligand2917-0
266,FAJKOS__ligand17590-0
267,FAJKOS__ligand7819-0
268,FAJKOS__ligand6102-0
269,FAJKOS__ligand3721-0
270,FAJKOS__ligand6904-0
271,FAJKOS__ligand6596-0
272,FAJKOS__ligand12682-0
273,FAJKOS__ligand18699-0
274,FAJKOS__ligand633-0
275,FAJKOS__ligand3465-0
276,FAJKOS__ligand4620-0
277,FAJKOS__ligand13072-0
278,FAJKOS__ligand1577-0
279,FAJKOS__ligand6067-0
280,FAJKOS__ligand2295-0
281,FAJKOS__ligand12336-0
282,FAJKOS__ligand10555-0
283,FAJKOS__ligand31483-0
284,FAJKOS__ligand692-0
285,FAJKOS__ligand4641-0
286,FAJKOS__ligand24613-0
287,FAJKOS__ligand11-0
288,FAJKOS__ligand19725-0
289,FAJKOS__ligand436-0
290,FAJKOS__ligand326-0
291,FAJKOS__ligand21421-0
292,FAJKOS__ligand11774-0
293,FAJKOS__ligand14586-0
294,FAJKOS__ligand1142-0
295,FAJKOS__ligand3234-0
296,FAJKOS__ligand69-0
297,FAJKOS__ligand7126-0
298,FAJKOS__ligand11568-0
299,FAJKOS__ligand2028-0
300,FAJKOS__ligand20579-0
301,FAJKOS__ligand17710-0
302,FAJKOS__ligand8835-0
303,FAJKOS__ligand1512-0
304,FAJKOS__ligand5331-0
305,FAJKOS__ligand3565-0
306,FAJKOS__ligand18465-0
307,FAJKOS__ligand18799-0
308,FAJKOS__ligand16791-0
309,FAJKOS__ligand6919-0
310,FAJKOS__ligand3852-0
311,FAJKOS__ligand2485-0
312,FAJKOS__ligand696-0
313,FAJKOS__ligand28668-0
314,FAJKOS__ligand5211-0
315,FAJKOS__ligand29610-0
316,FAJKOS__ligand656-0
317,FAJKOS__ligand3094-0
318,FAJKOS__ligand4155-0
319,FAJKOS__ligand11140-0
320,FAJKOS__ligand4720-0
321,FAJKOS__ligand29863-0
322,FAJKOS__ligand6839-0
323,FAJKOS__ligand8969-0
324,FAJKOS__ligand18074-0
325,FAJKOS__ligand3131-0
326,FAJKOS__ligand3174-0
327,FAJKOS__ligand3937-0
328,FAJKOS__ligand1202-0
329,FAJKOS__ligand13869-0
330,FAJKOS__ligand13257-0
331,FAJKOS__ligand7242-0
332,FAJKOS__ligand21936-0
333,FAJKOS__ligand7106-0
334,FAJKOS__ligand23904-0
335,FAJKOS__ligand25267-0
336,FAJKOS__ligand1263-0
337,FAJKOS__ligand9908-0
338,FAJKOS__ligand10084-0
339,FAJKOS__ligand49-0
340,FAJKOS__ligand12467-0
341,FAJKOS__ligand1959-0
342,FAJKOS__ligand3504-0
343,FAJKOS__ligand383-0
344,FAJKOS__ligand27169-0
345,FAJKOS__ligand14523-0
346,FAJKOS__ligand9935-0
347,FAJKOS__ligand1573-0
348,FAJKOS__ligand1536-0
349,FAJKOS__ligand89-0
350,FAJKOS__ligand18391-0
351,FAJKOS__ligand416-0
352,FAJKOS__ligand6616-0
353,FAJKOS__ligand1343-0
354,FAJKOS__ligand3876-0
355,FAJKOS__ligand3035-0
356,FAJKOS__ligand226-0
357,FAJKOS__ligand27074-0
358,FAJKOS__ligand3718-0
359,FAJKOS__ligand1844-0
360,FAJKOS__ligand4661-0
361,FAJKOS__ligand25805-0
362,FAJKOS__ligand22981-0
363,FAJKOS__ligand162-0
364,FAJKOS__ligand20599-0
365,FAJKOS__ligand21787-0
366,FAJKOS__ligand25575-0
367,FAJKOS__ligand7867-0
368,FAJKOS__ligand25689-0
369,FAJKOS__ligand1219-0
370,FAJKOS__ligand6709-0
371,FAJKOS__ligand4016-0
372,FAJKOS__ligand7238-0
373,FAJKOS__ligand12295-0
374,FAJKOS__ligand1304-0
375,FAJKOS__ligand1790-0
376,FAJKOS__ligand7280-0
377,FAJKOS__ligand27835-0
378,FAJKOS__ligand534-0
379,FAJKOS__ligand571-0
380,FAJKOS__ligand4272-0
381,FAJKOS__ligand23906-0
382,FAJKOS__ligand1451-0
383,FAJKOS__ligand7629-0
384,FAJKOS__ligand670-0
385,FAJKOS__ligand21132-0
386,FAJKOS__ligand9784-0
387,FAJKOS__ligand11166-0
388,FAJKOS__ligand9520-0
389,FAJKOS__ligand30539-0
390,FAJKOS__ligand8699-0
391,FAJKOS__ligand1160-0
392,FAJKOS__ligand3954-0
393,FAJKOS__ligand4442-0
394,FAJKOS__ligand4093-0
395,FAJKOS__ligand12519-0
396,FAJKOS__ligand25735-0
397,FAJKOS__ligand4157-0
398,FAJKOS__ligand11206-0
399,FAJKOS__ligand9833-0
400,FAJKOS__ligand7648-0
401,FAJKOS__ligand2828-0
402,FAJKOS__ligand8876-0
403,FAJKOS__ligand5256-0
404,FAJKOS__ligand23124-0
405,FAJKOS__ligand2176-0
406,FAJKOS__ligand9291-0
407,FAJKOS__ligand2232-0
408,FAJKOS__ligand488-0
409,FAJKOS__ligand17-0
410,FAJKOS__ligand31248-0
411,FAJKOS__ligand1285-0
412,FAJKOS__ligand25650-0
413,FAJKOS__ligand8115-0
414,FAJKOS__ligand358-0
415,FAJKOS__ligand6768-0
416,FAJKOS__ligand1982-0
417,FAJKOS__ligand430-0
418,FAJKOS__ligand7000-0
419,FAJKOS__ligand4546-0
420,FAJKOS__ligand4503-0
421,FAJKOS__ligand694-0
422,FAJKOS__ligand12660-0
423,FAJKOS__ligand13209-0
424,FAJKOS__ligand19257-0
425,FAJKOS__ligand1289-0
426,FAJKOS__ligand21752-0
427,FAJKOS__ligand5387-0
428,FAJKOS__ligand2203-0
429,FAJKOS__ligand479-0
430,FAJKOS__ligand311-0
431,FAJKOS__ligand785-0
432,FAJKOS__ligand14339-0
433,FAJKOS__ligand564-0
434,FAJKOS__ligand620-0
435,FAJKOS__ligand370-1
436,FAJKOS__ligand30788-0
437,FAJKOS__ligand13691-0
438,FAJKOS__ligand9450-0
439,FAJKOS__ligand188-0
440,FAJKOS__ligand18757-0
441,FAJKOS__ligand2612-0
442,FAJKOS__ligand24560-0
443,FAJKOS__ligand20844-0
444,FAJKOS__ligand18413-0
445,FAJKOS__ligand24624-0
446,FAJKOS__ligand1599-0
447,FAJKOS__ligand20557-0
448,FAJKOS__ligand250-0
449,FAJKOS__ligand30004-0
450,FAJKOS__ligand2043-0
451,FAJKOS__ligand8788-0
452,FAJKOS__ligand1832-0
453,FAJKOS__ligand1604-0
454,FAJKOS__ligand9943-0
455,FAJKOS__ligand1228-0
456,FAJKOS__ligand1-0
457,FAJKOS__ligand3126-0
458,FAJKOS__ligand6391-0
459,FAJKOS__ligand27122-0
460,FAJKOS__ligand20432-0
461,FAJKOS__ligand370-0
462,FAJKOS__ligand16133-0
463,FAJKOS__ligand13755-0
464,FAJKOS__ligand9284-0
465,FAJKOS__ligand23445-0
466,FAJKOS__ligand1114-0
467,FAJKOS__ligand24953-0
468,FAJKOS__ligand25048-0
469,FAJKOS__ligand21940-0
470,FAJKOS__ligand2417-0
471,FAJKOS__ligand12413-0
472,FAJKOS__ligand29334-0
473,FAJKOS__ligand78-0
474,FAJKOS__ligand1116-0
475,FAJKOS__ligand3225-0
476,FAJKOS__ligand1153-0
477,FAJKOS__ligand2260-0
478,FAJKOS__ligand20731-0
479,FAJKOS__ligand830-0
480,FAJKOS__ligand7092-0
481,FAJKOS__ligand8612-0
482,FAJKOS__ligand11798-0
483,FAJKOS__ligand372-0
484,FAJKOS__ligand2124-0
485,FAJKOS__ligand193-0
486,FAJKOS__ligand7172-0
487,FAJKOS__ligand17069-0
488,FAJKOS__ligand14477-0
489,FAJKOS__ligand7273-0
490,FAJKOS__ligand17445-0
491,FAJKOS__ligand9323-0
492,FAJKOS__ligand29214-0
493,FAJKOS__ligand116-0
494,FAJKOS__ligand11544-0
495,FAJKOS__ligand11501-0
496,FAJKOS__ligand252-0
497,FAJKOS__ligand5180-0
498,FAJKOS__ligand6017-0
499,FAJKOS__ligand3-0
500,FAJKOS__ligand21448-0
501,FAJKOS__ligand7316-0
502,FAJKOS__ligand22357-0
503,FAJKOS__ligand11758-0
504,FAJKOS__ligand45-0
505,FAJKOS__ligand5708-0
506,FAJKOS__ligand5530-0
507,FAJKOS__ligand1356-0
508,FAJKOS__ligand1787-0
509,FAJKOS__ligand9753-0
510,FAJKOS__ligand177-0
511,FAJKOS__ligand7196-0
512,FAJKOS__ligand18019-1
513,FAJKOS__ligand14007-0
514,FAJKOS__ligand5159-0
515,FAJKOS__ligand24-0
516,FAJKOS__ligand27550-0
517,FAJKOS__ligand4807-0
518,FAJKOS__ligand3178-0
519,FAJKOS__ligand2906-0
520,FAJKOS__ligand20942-1
521,FAJKOS__ligand16956-0
522,FAJKOS__ligand14226-0
523,FAJKOS__ligand21339-0
524,FAJKOS__ligand3244-0
525,FAJKOS__ligand19-0
526,FAJKOS__ligand4711-0
527,FAJKOS__ligand2788-0
528,FAJKOS__ligand5649-0
529,FAJKOS__ligand909-0
530,FAJKOS__ligand8793-0
531,FAJKOS__ligand4649-0
532,FAJKOS__ligand29565-0
533,FAJKOS__ligand23682-0
534,FAJKOS__ligand18158-0
535,FAJKOS__ligand27771-0
536,FAJKOS__ligand9167-0
537,FAJKOS__ligand27610-0
538,FAJKOS__ligand10479-0
539,FAJKOS__ligand5304-0
540,FAJKOS__ligand11479-0
541,FAJKOS__ligand29441-0
542,FAJKOS__ligand10853-0
543,FAJKOS__ligand2238-0
544,FAJKOS__ligand868-0
545,FAJKOS__ligand24851-0
546,FAJKOS__ligand7293-0
547,FAJKOS__ligand20530-0
548,FAJKOS__ligand2822-0
549,FAJKOS__ligand3867-0
550,FAJKOS__ligand11698-0
551,FAJKOS__ligand1317-0
552,FAJKOS__ligand14302-0
553,FAJKOS__ligand13657-0
554,FAJKOS__ligand14347-0
555,FAJKOS__ligand8002-0
556,FAJKOS__ligand5509-0
557,FAJKOS__ligand1407-0
558,FAJKOS__ligand6117-0
559,FAJKOS__ligand20220-0
560,FAJKOS__ligand15387-0
561,FAJKOS__ligand20121-0
562,FAJKOS__ligand5080-0
563,FAJKOS__ligand783-0
564,FAJKOS__ligand352-0
565,FAJKOS__ligand7762-0
566,FAJKOS__ligand16952-0
567,FAJKOS__ligand29813-0
568,FAJKOS__ligand4101-0
569,FAJKOS__ligand5595-0
570,FAJKOS__ligand10151-0
571,FAJKOS__ligand197-0
572,FAJKOS__ligand4358-0
573,FAJKOS__ligand3926-0
574,FAJKOS__ligand3120-0
575,FAJKOS__ligand2221-0
576,FAJKOS__ligand22353-0
577,FAJKOS__ligand1296-0
578,FAJKOS__ligand2259-0
579,FAJKOS__ligand1197-0
580,FAJKOS__ligand8592-0
581,FAJKOS__ligand5099-0
582,FAJKOS__ligand19668-0
583,FAJKOS__ligand9773-0
584,FAJKOS__ligand5510-0
585,FAJKOS__ligand1376-0
586,FAJKOS__ligand19906-0
587,FAJKOS__ligand421-0
588,FAJKOS__ligand3677-0
589,FAJKOS__ligand3632-0
590,FAJKOS__ligand26673-0
591,FAJKOS__ligand1168-0
592,FAJKOS__ligand43-0
593,FAJKOS__ligand20821-0
594,FAJKOS__ligand1294-0
595,FAJKOS__ligand6699-0
596,FAJKOS__ligand11606-0
597,FAJKOS__ligand685-0
598,FAJKOS__ligand31000-0
599,FAJKOS__ligand11252-0
600,FAJKOS__ligand1464-0
601,FAJKOS__ligand3712-0
602,FAJKOS__ligand10582-0
603,FAJKOS__ligand1499-0
604,FAJKOS__ligand13260-0
605,FAJKOS__ligand294-0
606,FAJKOS__ligand2881-0
607,FAJKOS__ligand6892-0
608,FAJKOS__ligand19824-0
609,FAJKOS__ligand1211-0
610,FAJKOS__ligand18067-0
611,FAJKOS__ligand11177-0
612,FAJKOS__ligand9344-0
613,FAJKOS__ligand3736-0
614,FAJKOS__ligand560-0
615,FAJKOS__ligand8000-0
616,FAJKOS__ligand15455-0
617,FAJKOS__ligand3945-0
618,FAJKOS__ligand25658-0
619,FAJKOS__ligand17686-0
620,FAJKOS__ligand31205-0
621,FAJKOS__ligand5383-0
622,FAJKOS__ligand2693-0
623,FAJKOS__ligand2985-0
624,FAJKOS__ligand4007-0
625,FAJKOS__ligand67-0
626,FAJKOS__ligand11814-0
627,FAJKOS__ligand9299-0
628,FAJKOS__ligand16603-0
629,FAJKOS__ligand16870-0
630,FAJKOS__ligand7291-0
631,FAJKOS__ligand235-0
632,FAJKOS__ligand9883-0
633,FAJKOS__ligand3677-1
634,FAJKOS__ligand11622-0
635,FAJKOS__ligand134-0
636,FAJKOS__ligand26631-0
637,FAJKOS__ligand16148-0
638,FAJKOS__ligand12003-0
639,FAJKOS__ligand21399-0
640,FAJKOS__ligand10872-0
641,FAJKOS__ligand29215-0
642,FAJKOS__ligand5280-0
643,FAJKOS__ligand152-0
644,FAJKOS__ligand5614-0
645,FAJKOS__ligand1831-0
646,FAJKOS__ligand5515-0
647,FAJKOS__ligand6663-0
648,FAJKOS__ligand506-0
649,FAJKOS__ligand27754-0
650,FAJKOS__ligand20695-0
651,FAJKOS__ligand16369-0
652,FAJKOS__ligand28540-0
653,FAJKOS__ligand11111-0
654,FAJKOS__ligand1849-0
655,FAJKOS__ligand5019-0
656,FAJKOS__ligand1152-0
657,FAJKOS__ligand3261-0
658,FAJKOS__ligand22403-0
659,FAJKOS__ligand1216-0
660,FAJKOS__ligand1828-0
661,FAJKOS__ligand11618-0
662,FAJKOS__ligand1397-0
663,FAJKOS__ligand7213-0
664,FAJKOS__ligand8042-0
665,FAJKOS__ligand6112-0
666,FAJKOS__ligand3144-0
667,FAJKOS__ligand5085-0
668,FAJKOS__ligand4710-0
669,FAJKOS__ligand18-0
670,FAJKOS__ligand487-0
671,FAJKOS__ligand5755-0
672,FAJKOS__ligand26529-0
673,FAJKOS__ligand21729-0
674,FAJKOS__ligand1908-0
675,FAJKOS__ligand27239-0
676,FAJKOS__ligand746-0
677,FAJKOS__ligand447-0
678,FAJKOS__ligand3285-0
679,FAJKOS__ligand4795-0
680,FAJKOS__ligand19927-0
681,FAJKOS__ligand1786-0
682,FAJKOS__ligand176-0
683,FAJKOS__ligand5630-0
684,FAJKOS__ligand28559-0
685,FAJKOS__ligand26324-0
686,FAJKOS__ligand14043-0
687,FAJKOS__ligand7075-0
688,FAJKOS__ligand25561-0
689,FAJKOS__ligand368-0
690,FAJKOS__ligand395-0
691,FAJKOS__ligand3980-0
692,FAJKOS__ligand3557-0
693,FAJKOS__ligand1149-0
694,FAJKOS__ligand1779-0
695,FAJKOS__ligand6993-0
696,FAJKOS__ligand11949-0
697,FAJKOS__ligand1817-0
698,FAJKOS__ligand9750-0
699,FAJKOS__ligand22129-0
700,FAJKOS__ligand12138-0
701,FAJKOS__ligand24780-0
702,FAJKOS__ligand4266-0
703,FAJKOS__ligand1400-0
704,FAJKOS__ligand9491-0
705,FAJKOS__ligand4167-0
706,FAJKOS__ligand17427-0
707,FAJKOS__ligand1288-0
708,FAJKOS__ligand31694-0
709,FAJKOS__ligand29486-0
710,FAJKOS__ligand784-0
711,FAJKOS__ligand11587-0
712,FAJKOS__ligand13220-0
713,FAJKOS__ligand3453-0
714,FAJKOS__ligand3416-0
715,FAJKOS__ligand17396-0
716,FAJKOS__ligand23175-0
717,FAJKOS__ligand4207-0
718,FAJKOS__ligand15788-0
719,FAJKOS__ligand14569-0
720,FAJKOS__ligand1539-0
721,FAJKOS__ligand13385-0
722,FAJKOS__ligand24111-0
723,FAJKOS__ligand1150-0
724,FAJKOS__ligand833-0
725,FAJKOS__ligand22444-0
726,FAJKOS__ligand8200-0
727,FAJKOS__ligand7438-0
728,FAJKOS__ligand10033-0
729,FAJKOS__ligand24644-0
730,FAJKOS__ligand4063-0
731,FAJKOS__ligand12001-0
732,FAJKOS__ligand27840-0
733,FAJKOS__ligand3042-0
734,FAJKOS__ligand30728-0
735,FAJKOS__ligand115-0
736,FAJKOS__ligand24872-0
737,FAJKOS__ligand1154-0
738,FAJKOS__ligand16988-0
739,FAJKOS__ligand25913-0
740,FAJKOS__ligand9615-0
741,FAJKOS__ligand11682-0
742,FAJKOS__ligand30711-0
743,FAJKOS__ligand20207-0
744,FAJKOS__ligand314-1
745,FAJKOS__ligand1498-0
746,FAJKOS__ligand4596-0
747,FAJKOS__ligand24035-0
748,FAJKOS__ligand31842-0
749,FAJKOS__ligand31044-0
750,FAJKOS__ligand11994-0
751,FAJKOS__ligand16663-0
752,FAJKOS__ligand465-0
753,FAJKOS__ligand4-0
754,FAJKOS__ligand42-0
755,FAJKOS__ligand14614-0
756,FAJKOS__ligand1169-0
757,FAJKOS__ligand8529-0
758,FAJKOS__ligand28930-0
759,FAJKOS__ligand22168-0
760,FAJKOS__ligand22294-0
761,FAJKOS__ligand2027-0
762,FAJKOS__ligand21919-0
763,FAJKOS__ligand618-0
764,FAJKOS__ligand1015-0
765,FAJKOS__ligand1050-0
766,FAJKOS__ligand391-0
767,FAJKOS__ligand66-0
768,FAJKOS__ligand10056-0
769,FAJKOS__ligand12365-0
770,FAJKOS__ligand11357-0
771,FAJKOS__ligand13862-0
772,FAJKOS__ligand15531-0
773,FAJKOS__ligand28743-0
774,FAJKOS__ligand28810-0
775,FAJKOS__ligand11447-0
776,FAJKOS__ligand11096-0
777,FAJKOS__ligand24230-0
778,FAJKOS__ligand780-0
779,FAJKOS__ligand314-0
780,FAJKOS__ligand15926-0
781,FAJKOS__ligand1618-0
782,FAJKOS__ligand19792-0
783,FAJKOS__ligand813-0
784,FAJKOS__ligand2692-0
785,FAJKOS__ligand10828-0
786,FAJKOS__ligand11970-0
787,FAJKOS__ligand1028-0
788,FAJKOS__ligand4262-0
789,FAJKOS__ligand15883-0
790,FAJKOS__ligand14167-0
791,FAJKOS__ligand13477-0
792,FAJKOS__ligand30142-0
793,FAJKOS__ligand353-0
794,FAJKOS__ligand5415-0
795,FAJKOS__ligand27669-0
796,FAJKOS__ligand4161-0
797,FAJKOS__ligand3471-0
798,FAJKOS__ligand4124-0
799,FAJKOS__ligand6995-0
800,FAJKOS__ligand23197-0
801,FAJKOS__ligand2823-0
802,FAJKOS__ligand27285-0
803,FAJKOS__ligand2281-0
804,FAJKOS__ligand2650-0
805,FAJKOS__ligand4340-0
806,FAJKOS__ligand29029-0
807,FAJKOS__ligand393-0
808,FAJKOS__ligand3180-0
809,FAJKOS__ligand13672-0
810,FAJKOS__ligand686-0
811,FAJKOS__ligand2001-0
812,FAJKOS__ligand28685-0
813,FAJKOS__ligand18568-0
814,FAJKOS__ligand7566-0
815,FAJKOS__ligand422-0
816,FAJKOS__ligand9944-0
817,FAJKOS__ligand10371-0
818,FAJKOS__ligand8593-0
819,FAJKOS__ligand18448-0
820,FAJKOS__ligand8553-0
821,FAJKOS__ligand12453-0
822,FAJKOS__ligand38-0
823,FAJKOS__ligand1113-0
824,FAJKOS__ligand28459-0
825,FAJKOS__ligand19184-0
826,FAJKOS__ligand196-0
827,FAJKOS__ligand5201-0
