,TMC
0,ULOQUJ__ligand14108-0
1,ULOQUJ__ligand4720-0
2,ULOQUJ__ligand6839-0
3,ULOQUJ__ligand8969-0
4,ULOQUJ__ligand1202-0
5,ULOQUJ__ligand3937-0
6,ULOQUJ__ligand3174-0
7,ULOQUJ__ligand3131-0
8,ULOQUJ__ligand11-0
9,ULOQUJ__ligand163-0
10,ULOQUJ__ligand5211-0
11,ULOQUJ__ligand126-0
12,ULOQUJ__ligand12641-0
13,ULOQUJ__ligand10958-0
14,ULOQUJ__ligand3094-0
15,ULOQUJ__ligand4155-0
16,ULOQUJ__ligand10262-0
17,ULOQUJ__ligand28676-0
18,ULOQUJ__ligand6919-0
19,ULOQUJ__ligand27763-0
20,ULOQUJ__ligand3852-0
21,ULOQUJ__ligand2485-0
22,ULOQUJ__ligand1512-0
23,ULOQUJ__ligand18814-0
24,ULOQUJ__ligand845-0
25,ULOQUJ__ligand19057-0
26,ULOQUJ__ligand5331-0
27,ULOQUJ__ligand69-0
28,ULOQUJ__ligand3565-0
29,ULOQUJ__ligand4-0
30,ULOQUJ__ligand29302-0
31,ULOQUJ__ligand13425-0
32,ULOQUJ__ligand3035-0
33,ULOQUJ__ligand3876-0
34,ULOQUJ__ligand1343-0
35,ULOQUJ__ligand12289-0
36,ULOQUJ__ligand18292-0
37,ULOQUJ__ligand6616-0
38,ULOQUJ__ligand657-0
39,ULOQUJ__ligand13658-0
40,ULOQUJ__ligand26702-0
41,ULOQUJ__ligand17387-0
42,ULOQUJ__ligand12130-0
43,ULOQUJ__ligand3718-0
44,ULOQUJ__ligand4661-0
45,ULOQUJ__ligand1844-0
46,ULOQUJ__ligand187-0
47,ULOQUJ__ligand12231-0
48,ULOQUJ__ligand15585-0
49,ULOQUJ__ligand12401-0
50,ULOQUJ__ligand1959-0
51,ULOQUJ__ligand3504-0
52,ULOQUJ__ligand24145-0
53,ULOQUJ__ligand366-0
54,ULOQUJ__ligand9935-0
55,ULOQUJ__ligand10476-0
56,ULOQUJ__ligand1536-0
57,ULOQUJ__ligand1573-0
58,ULOQUJ__ligand19830-0
59,ULOQUJ__ligand13068-0
60,ULOQUJ__ligand24185-0
61,ULOQUJ__ligand777-0
62,ULOQUJ__ligand1263-0
63,ULOQUJ__ligand9908-0
64,ULOQUJ__ligand23769-0
65,ULOQUJ__ligand25178-0
66,ULOQUJ__ligand17302-0
67,ULOQUJ__ligand7242-0
68,ULOQUJ__ligand17805-0
69,ULOQUJ__ligand596-0
70,ULOQUJ__ligand941-0
71,ULOQUJ__ligand7106-0
72,ULOQUJ__ligand9520-0
73,ULOQUJ__ligand14297-0
74,ULOQUJ__ligand14603-0
75,ULOQUJ__ligand8699-0
76,ULOQUJ__ligand17258-0
77,ULOQUJ__ligand1160-0
78,ULOQUJ__ligand17631-0
79,ULOQUJ__ligand13012-0
80,ULOQUJ__ligand26665-0
81,ULOQUJ__ligand4442-0
82,ULOQUJ__ligand4093-0
83,ULOQUJ__ligand3954-0
84,ULOQUJ__ligand1451-0
85,ULOQUJ__ligand4272-0
86,ULOQUJ__ligand7629-0
87,ULOQUJ__ligand31783-0
88,ULOQUJ__ligand201-0
89,ULOQUJ__ligand9784-0
90,ULOQUJ__ligand7238-0
91,ULOQUJ__ligand14723-0
92,ULOQUJ__ligand279-0
93,ULOQUJ__ligand27893-0
94,ULOQUJ__ligand185-0
95,ULOQUJ__ligand178-0
96,ULOQUJ__ligand15422-0
97,ULOQUJ__ligand12934-0
98,ULOQUJ__ligand20578-0
99,ULOQUJ__ligand1790-0
100,ULOQUJ__ligand1304-0
101,ULOQUJ__ligand7280-0
102,ULOQUJ__ligand19641-0
103,ULOQUJ__ligand18832-0
104,ULOQUJ__ligand27175-0
105,ULOQUJ__ligand7867-0
106,ULOQUJ__ligand23713-0
107,ULOQUJ__ligand6709-0
108,ULOQUJ__ligand1219-0
109,ULOQUJ__ligand4016-0
110,ULOQUJ__ligand321-0
111,ULOQUJ__ligand30988-0
112,ULOQUJ__ligand4503-0
113,ULOQUJ__ligand4546-0
114,ULOQUJ__ligand27460-0
115,ULOQUJ__ligand12427-0
116,ULOQUJ__ligand1285-0
117,ULOQUJ__ligand28468-0
118,ULOQUJ__ligand20740-0
119,ULOQUJ__ligand8115-0
120,ULOQUJ__ligand6768-0
121,ULOQUJ__ligand1982-0
122,ULOQUJ__ligand7000-0
123,ULOQUJ__ligand16628-0
124,ULOQUJ__ligand2176-0
125,ULOQUJ__ligand30296-0
126,ULOQUJ__ligand9291-0
127,ULOQUJ__ligand17281-0
128,ULOQUJ__ligand2232-0
129,ULOQUJ__ligand26540-0
130,ULOQUJ__ligand12337-0
131,ULOQUJ__ligand29410-0
132,ULOQUJ__ligand338-0
133,ULOQUJ__ligand30333-0
134,ULOQUJ__ligand4157-0
135,ULOQUJ__ligand12606-0
136,ULOQUJ__ligand9833-0
137,ULOQUJ__ligand2828-0
138,ULOQUJ__ligand8876-0
139,ULOQUJ__ligand7648-0
140,ULOQUJ__ligand5256-0
141,ULOQUJ__ligand768-0
142,ULOQUJ__ligand9111-0
143,ULOQUJ__ligand9952-0
144,ULOQUJ__ligand20251-1
145,ULOQUJ__ligand1615-0
146,ULOQUJ__ligand5036-0
147,ULOQUJ__ligand2526-0
148,ULOQUJ__ligand1823-0
149,ULOQUJ__ligand5643-0
150,ULOQUJ__ligand16475-0
151,ULOQUJ__ligand14703-0
152,ULOQUJ__ligand1324-0
153,ULOQUJ__ligand8721-0
154,ULOQUJ__ligand7967-0
155,ULOQUJ__ligand3707-0
156,ULOQUJ__ligand6124-0
157,ULOQUJ__ligand17398-0
158,ULOQUJ__ligand1018-0
159,ULOQUJ__ligand20598-0
160,ULOQUJ__ligand11675-0
161,ULOQUJ__ligand24047-0
162,ULOQUJ__ligand4116-0
163,ULOQUJ__ligand10589-0
164,ULOQUJ__ligand22557-0
165,ULOQUJ__ligand17278-0
166,ULOQUJ__ligand20011-0
167,ULOQUJ__ligand17982-0
168,ULOQUJ__ligand29414-0
169,ULOQUJ__ligand8992-0
170,ULOQUJ__ligand384-0
171,ULOQUJ__ligand17-0
172,ULOQUJ__ligand9601-0
173,ULOQUJ__ligand240-0
174,ULOQUJ__ligand29568-0
175,ULOQUJ__ligand6244-0
176,ULOQUJ__ligand141-0
177,ULOQUJ__ligand14889-0
178,ULOQUJ__ligand30851-0
179,ULOQUJ__ligand1378-0
180,ULOQUJ__ligand20419-0
181,ULOQUJ__ligand2915-0
182,ULOQUJ__ligand21371-0
183,ULOQUJ__ligand3156-0
184,ULOQUJ__ligand17118-0
185,ULOQUJ__ligand28789-0
186,ULOQUJ__ligand1631-0
187,ULOQUJ__ligand14117-0
188,ULOQUJ__ligand17261-0
189,ULOQUJ__ligand1530-0
190,ULOQUJ__ligand1575-0
191,ULOQUJ__ligand9933-0
192,ULOQUJ__ligand20539-0
193,ULOQUJ__ligand20251-0
194,ULOQUJ__ligand20214-0
195,ULOQUJ__ligand30702-0
196,ULOQUJ__ligand9441-0
197,ULOQUJ__ligand2332-0
198,ULOQUJ__ligand31097-0
199,ULOQUJ__ligand21581-0
200,ULOQUJ__ligand13390-0
201,ULOQUJ__ligand49-0
202,ULOQUJ__ligand6067-0
203,ULOQUJ__ligand1577-0
204,ULOQUJ__ligand2295-0
205,ULOQUJ__ligand4620-0
206,ULOQUJ__ligand20682-0
207,ULOQUJ__ligand26810-0
208,ULOQUJ__ligand6904-0
209,ULOQUJ__ligand3721-0
210,ULOQUJ__ligand27482-0
211,ULOQUJ__ligand6596-0
212,ULOQUJ__ligand6102-0
213,ULOQUJ__ligand693-0
214,ULOQUJ__ligand13208-0
215,ULOQUJ__ligand3465-0
216,ULOQUJ__ligand89-0
217,ULOQUJ__ligand2917-0
218,ULOQUJ__ligand7819-0
219,ULOQUJ__ligand31832-0
220,ULOQUJ__ligand122-0
221,ULOQUJ__ligand7126-0
222,ULOQUJ__ligand2028-0
223,ULOQUJ__ligand8835-0
224,ULOQUJ__ligand13294-0
225,ULOQUJ__ligand12030-0
226,ULOQUJ__ligand29879-0
227,ULOQUJ__ligand757-0
228,ULOQUJ__ligand14248-0
229,ULOQUJ__ligand28884-0
230,ULOQUJ__ligand13331-0
231,ULOQUJ__ligand3234-0
232,ULOQUJ__ligand1142-0
233,ULOQUJ__ligand14174-0
234,ULOQUJ__ligand10712-0
235,ULOQUJ__ligand11456-0
236,ULOQUJ__ligand25411-0
237,ULOQUJ__ligand4641-0
238,ULOQUJ__ligand5316-0
239,ULOQUJ__ligand21421-0
240,ULOQUJ__ligand5483-0
241,ULOQUJ__ligand11774-0
242,ULOQUJ__ligand14586-0
243,ULOQUJ__ligand1729-0
244,ULOQUJ__ligand5627-0
245,ULOQUJ__ligand17710-0
246,ULOQUJ__ligand20579-0
247,ULOQUJ__ligand2830-0
248,ULOQUJ__ligand11568-0
249,ULOQUJ__ligand31483-0
250,ULOQUJ__ligand1415-0
251,ULOQUJ__ligand6946-0
252,ULOQUJ__ligand10555-0
253,ULOQUJ__ligand694-0
254,ULOQUJ__ligand7529-0
255,ULOQUJ__ligand358-0
256,ULOQUJ__ligand24613-0
257,ULOQUJ__ligand430-0
258,ULOQUJ__ligand488-0
259,ULOQUJ__ligand19725-0
260,ULOQUJ__ligand9148-0
261,ULOQUJ__ligand2403-0
262,ULOQUJ__ligand3934-0
263,ULOQUJ__ligand57-0
264,ULOQUJ__ligand13072-0
265,ULOQUJ__ligand6455-0
266,ULOQUJ__ligand6882-0
267,ULOQUJ__ligand12336-0
268,ULOQUJ__ligand17240-0
269,ULOQUJ__ligand9681-0
270,ULOQUJ__ligand17590-0
271,ULOQUJ__ligand4332-0
272,ULOQUJ__ligand3012-0
273,ULOQUJ__ligand670-0
274,ULOQUJ__ligand1449-0
275,ULOQUJ__ligand1065-0
276,ULOQUJ__ligand7530-0
277,ULOQUJ__ligand534-0
278,ULOQUJ__ligand571-0
279,ULOQUJ__ligand12682-0
280,ULOQUJ__ligand18699-0
281,ULOQUJ__ligand4330-0
282,ULOQUJ__ligand25224-0
283,ULOQUJ__ligand18013-0
284,ULOQUJ__ligand2599-0
285,ULOQUJ__ligand68-0
286,ULOQUJ__ligand17945-0
287,ULOQUJ__ligand31578-0
288,ULOQUJ__ligand17207-0
289,ULOQUJ__ligand7532-0
290,ULOQUJ__ligand24750-0
291,ULOQUJ__ligand4194-0
292,ULOQUJ__ligand162-0
293,ULOQUJ__ligand7925-0
294,ULOQUJ__ligand15438-0
295,ULOQUJ__ligand28924-0
296,ULOQUJ__ligand2068-0
297,ULOQUJ__ligand226-0
298,ULOQUJ__ligand29087-0
299,ULOQUJ__ligand416-0
300,ULOQUJ__ligand1147-0
301,ULOQUJ__ligand383-0
302,ULOQUJ__ligand3973-0
303,ULOQUJ__ligand18703-0
304,ULOQUJ__ligand55-0
305,ULOQUJ__ligand24064-0
306,ULOQUJ__ligand696-0
307,ULOQUJ__ligand23589-0
308,ULOQUJ__ligand7107-0
309,ULOQUJ__ligand34-0
310,ULOQUJ__ligand3215-0
311,ULOQUJ__ligand15168-0
312,ULOQUJ__ligand4738-0
313,ULOQUJ__ligand4813-0
314,ULOQUJ__ligand26277-0
315,ULOQUJ__ligand5813-0
316,ULOQUJ__ligand29898-0
317,ULOQUJ__ligand31618-0
318,ULOQUJ__ligand11432-0
319,ULOQUJ__ligand10432-0
320,ULOQUJ__ligand6062-0
321,ULOQUJ__ligand22755-0
322,ULOQUJ__ligand6283-0
323,ULOQUJ__ligand656-0
324,ULOQUJ__ligand436-0
325,ULOQUJ__ligand25650-0
326,ULOQUJ__ligand31248-0
327,ULOQUJ__ligand5892-0
328,ULOQUJ__ligand5094-0
329,ULOQUJ__ligand12660-0
330,ULOQUJ__ligand13209-0
331,ULOQUJ__ligand19257-0
332,ULOQUJ__ligand692-0
333,ULOQUJ__ligand1712-0
334,ULOQUJ__ligand4131-0
335,ULOQUJ__ligand12519-0
336,ULOQUJ__ligand1496-0
337,ULOQUJ__ligand25735-0
338,ULOQUJ__ligand7557-0
339,ULOQUJ__ligand23124-0
340,ULOQUJ__ligand11206-0
341,ULOQUJ__ligand48-0
342,ULOQUJ__ligand1533-0
343,ULOQUJ__ligand326-0
344,ULOQUJ__ligand8722-0
345,ULOQUJ__ligand1327-0
346,ULOQUJ__ligand6672-0
347,ULOQUJ__ligand9809-0
348,ULOQUJ__ligand633-0
349,ULOQUJ__ligand23906-0
350,ULOQUJ__ligand11166-0
351,ULOQUJ__ligand3350-0
352,ULOQUJ__ligand21132-0
353,ULOQUJ__ligand2781-0
354,ULOQUJ__ligand7573-0
355,ULOQUJ__ligand1-0
356,ULOQUJ__ligand91-0
357,ULOQUJ__ligand2208-0
358,ULOQUJ__ligand30539-0
359,ULOQUJ__ligand3208-0
360,ULOQUJ__ligand497-0
361,ULOQUJ__ligand25689-0
362,ULOQUJ__ligand21787-0
363,ULOQUJ__ligand25575-0
364,ULOQUJ__ligand51-0
365,ULOQUJ__ligand9197-0
366,ULOQUJ__ligand1900-0
367,ULOQUJ__ligand4581-0
368,ULOQUJ__ligand1773-0
369,ULOQUJ__ligand2328-0
370,ULOQUJ__ligand7162-0
371,ULOQUJ__ligand27835-0
372,ULOQUJ__ligand12295-0
373,ULOQUJ__ligand3029-0
374,ULOQUJ__ligand5849-0
375,ULOQUJ__ligand16-0
376,ULOQUJ__ligand18391-0
377,ULOQUJ__ligand27169-0
378,ULOQUJ__ligand14523-0
379,ULOQUJ__ligand3392-0
380,ULOQUJ__ligand27074-0
381,ULOQUJ__ligand20599-0
382,ULOQUJ__ligand199-0
383,ULOQUJ__ligand4911-0
384,ULOQUJ__ligand25805-0
385,ULOQUJ__ligand22981-0
386,ULOQUJ__ligand1771-0
387,ULOQUJ__ligand21936-0
388,ULOQUJ__ligand8349-0
389,ULOQUJ__ligand8464-0
390,ULOQUJ__ligand13257-0
391,ULOQUJ__ligand1709-0
392,ULOQUJ__ligand23904-0
393,ULOQUJ__ligand588-0
394,ULOQUJ__ligand10084-0
395,ULOQUJ__ligand25267-0
396,ULOQUJ__ligand12467-0
397,ULOQUJ__ligand3-0
398,ULOQUJ__ligand2527-0
399,ULOQUJ__ligand300-0
400,ULOQUJ__ligand29610-0
401,ULOQUJ__ligand1469-0
402,ULOQUJ__ligand3871-0
403,ULOQUJ__ligand11140-0
404,ULOQUJ__ligand1768-0
405,ULOQUJ__ligand4850-0
406,ULOQUJ__ligand361-0
407,ULOQUJ__ligand5056-0
408,ULOQUJ__ligand324-0
409,ULOQUJ__ligand409-0
410,ULOQUJ__ligand3647-0
411,ULOQUJ__ligand18074-0
412,ULOQUJ__ligand5357-0
413,ULOQUJ__ligand13869-0
414,ULOQUJ__ligand29863-0
415,ULOQUJ__ligand1688-0
416,ULOQUJ__ligand32-0
417,ULOQUJ__ligand3157-0
418,ULOQUJ__ligand18799-0
419,ULOQUJ__ligand9525-0
420,ULOQUJ__ligand1165-0
421,ULOQUJ__ligand18465-0
422,ULOQUJ__ligand5935-0
423,ULOQUJ__ligand16791-0
424,ULOQUJ__ligand2722-0
425,ULOQUJ__ligand28668-0
426,ULOQUJ__ligand1379-0
427,ULOQUJ__ligand20942-1
428,ULOQUJ__ligand16956-0
429,ULOQUJ__ligand14226-0
430,ULOQUJ__ligand21339-0
431,ULOQUJ__ligand1169-0
432,ULOQUJ__ligand8529-0
433,ULOQUJ__ligand560-0
434,ULOQUJ__ligand23682-0
435,ULOQUJ__ligand29565-0
436,ULOQUJ__ligand27771-0
437,ULOQUJ__ligand18158-0
438,ULOQUJ__ligand134-0
439,ULOQUJ__ligand14007-0
440,ULOQUJ__ligand1498-0
441,ULOQUJ__ligand18019-1
442,ULOQUJ__ligand4596-0
443,ULOQUJ__ligand235-0
444,ULOQUJ__ligand27550-0
445,ULOQUJ__ligand1154-0
446,ULOQUJ__ligand9615-0
447,ULOQUJ__ligand685-0
448,ULOQUJ__ligand29214-0
449,ULOQUJ__ligand1028-0
450,ULOQUJ__ligand4262-0
451,ULOQUJ__ligand11544-0
452,ULOQUJ__ligand11501-0
453,ULOQUJ__ligand21448-0
454,ULOQUJ__ligand1618-0
455,ULOQUJ__ligand22357-0
456,ULOQUJ__ligand11758-0
457,ULOQUJ__ligand421-0
458,ULOQUJ__ligand2692-0
459,ULOQUJ__ligand20731-0
460,ULOQUJ__ligand12413-0
461,ULOQUJ__ligand29334-0
462,ULOQUJ__ligand11798-0
463,ULOQUJ__ligand14477-0
464,ULOQUJ__ligand2027-0
465,ULOQUJ__ligand294-0
466,ULOQUJ__ligand17069-0
467,ULOQUJ__ligand17445-0
468,ULOQUJ__ligand1050-0
469,ULOQUJ__ligand1015-0
470,ULOQUJ__ligand18-0
471,ULOQUJ__ligand16133-0
472,ULOQUJ__ligand13755-0
473,ULOQUJ__ligand2281-0
474,ULOQUJ__ligand2650-0
475,ULOQUJ__ligand27122-0
476,ULOQUJ__ligand4340-0
477,ULOQUJ__ligand20432-0
478,ULOQUJ__ligand23445-0
479,ULOQUJ__ligand24953-0
480,ULOQUJ__ligand3180-0
481,ULOQUJ__ligand197-0
482,ULOQUJ__ligand21940-0
483,ULOQUJ__ligand6995-0
484,ULOQUJ__ligand25048-0
485,ULOQUJ__ligand2823-0
486,ULOQUJ__ligand20557-0
487,ULOQUJ__ligand30004-0
488,ULOQUJ__ligand4124-0
489,ULOQUJ__ligand3471-0
490,ULOQUJ__ligand4161-0
491,ULOQUJ__ligand5415-0
492,ULOQUJ__ligand5201-0
493,ULOQUJ__ligand868-0
494,ULOQUJ__ligand18757-0
495,ULOQUJ__ligand24560-0
496,ULOQUJ__ligand8553-0
497,ULOQUJ__ligand20844-0
498,ULOQUJ__ligand1113-0
499,ULOQUJ__ligand18413-0
500,ULOQUJ__ligand24624-0
501,ULOQUJ__ligand21752-0
502,ULOQUJ__ligand783-0
503,ULOQUJ__ligand352-0
504,ULOQUJ__ligand9944-0
505,ULOQUJ__ligand8593-0
506,ULOQUJ__ligand2001-0
507,ULOQUJ__ligand14339-0
508,ULOQUJ__ligand30788-0
509,ULOQUJ__ligand13691-0
510,ULOQUJ__ligand7566-0
511,ULOQUJ__ligand5019-0
512,ULOQUJ__ligand11814-0
513,ULOQUJ__ligand3261-0
514,ULOQUJ__ligand1152-0
515,ULOQUJ__ligand16603-0
516,ULOQUJ__ligand1216-0
517,ULOQUJ__ligand177-0
518,ULOQUJ__ligand16870-0
519,ULOQUJ__ligand11622-0
520,ULOQUJ__ligand1849-0
521,ULOQUJ__ligand11177-0
522,ULOQUJ__ligand5614-0
523,ULOQUJ__ligand5280-0
524,ULOQUJ__ligand1831-0
525,ULOQUJ__ligand15455-0
526,ULOQUJ__ligand909-0
527,ULOQUJ__ligand5515-0
528,ULOQUJ__ligand6663-0
529,ULOQUJ__ligand38-0
530,ULOQUJ__ligand31205-0
531,ULOQUJ__ligand25658-0
532,ULOQUJ__ligand17686-0
533,ULOQUJ__ligand1786-0
534,ULOQUJ__ligand11252-0
535,ULOQUJ__ligand5630-0
536,ULOQUJ__ligand193-0
537,ULOQUJ__ligand10582-0
538,ULOQUJ__ligand13260-0
539,ULOQUJ__ligand1908-0
540,ULOQUJ__ligand372-0
541,ULOQUJ__ligand19824-0
542,ULOQUJ__ligand830-0
543,ULOQUJ__ligand4795-0
544,ULOQUJ__ligand3285-0
545,ULOQUJ__ligand18067-0
546,ULOQUJ__ligand3144-0
547,ULOQUJ__ligand5085-0
548,ULOQUJ__ligand26673-0
549,ULOQUJ__ligand20821-0
550,ULOQUJ__ligand4710-0
551,ULOQUJ__ligand5755-0
552,ULOQUJ__ligand11606-0
553,ULOQUJ__ligand1828-0
554,ULOQUJ__ligand1397-0
555,ULOQUJ__ligand252-0
556,ULOQUJ__ligand7213-0
557,ULOQUJ__ligand8042-0
558,ULOQUJ__ligand6112-0
559,ULOQUJ__ligand116-0
560,ULOQUJ__ligand31000-0
561,ULOQUJ__ligand1288-0
562,ULOQUJ__ligand22353-0
563,ULOQUJ__ligand66-0
564,ULOQUJ__ligand4266-0
565,ULOQUJ__ligand1400-0
566,ULOQUJ__ligand19906-0
567,ULOQUJ__ligand19668-0
568,ULOQUJ__ligand9491-0
569,ULOQUJ__ligand4167-0
570,ULOQUJ__ligand250-0
571,ULOQUJ__ligand10151-0
572,ULOQUJ__ligand1779-0
573,ULOQUJ__ligand1817-0
574,ULOQUJ__ligand6993-0
575,ULOQUJ__ligand9750-0
576,ULOQUJ__ligand7075-0
577,ULOQUJ__ligand370-0
578,ULOQUJ__ligand3557-0
579,ULOQUJ__ligand3980-0
580,ULOQUJ__ligand1149-0
581,ULOQUJ__ligand620-0
582,ULOQUJ__ligand3042-0
583,ULOQUJ__ligand20220-0
584,ULOQUJ__ligand370-1
585,ULOQUJ__ligand564-0
586,ULOQUJ__ligand20121-0
587,ULOQUJ__ligand15387-0
588,ULOQUJ__ligand479-0
589,ULOQUJ__ligand8200-0
590,ULOQUJ__ligand7438-0
591,ULOQUJ__ligand311-0
592,ULOQUJ__ligand785-0
593,ULOQUJ__ligand4063-0
594,ULOQUJ__ligand16952-0
595,ULOQUJ__ligand29813-0
596,ULOQUJ__ligand10479-0
597,ULOQUJ__ligand27610-0
598,ULOQUJ__ligand42-0
599,ULOQUJ__ligand11479-0
600,ULOQUJ__ligand1539-0
601,ULOQUJ__ligand1150-0
602,ULOQUJ__ligand29441-0
603,ULOQUJ__ligand10853-0
604,ULOQUJ__ligand188-0
605,ULOQUJ__ligand3416-0
606,ULOQUJ__ligand3453-0
607,ULOQUJ__ligand24851-0
608,ULOQUJ__ligand14302-0
609,ULOQUJ__ligand13657-0
610,ULOQUJ__ligand14347-0
611,ULOQUJ__ligand4207-0
612,ULOQUJ__ligand20530-0
613,ULOQUJ__ligand11698-0
614,ULOQUJ__ligand24644-0
615,ULOQUJ__ligand422-0
616,ULOQUJ__ligand10033-0
617,ULOQUJ__ligand24-0
618,ULOQUJ__ligand7762-0
619,ULOQUJ__ligand5080-0
620,ULOQUJ__ligand12001-0
621,ULOQUJ__ligand5509-0
622,ULOQUJ__ligand8002-0
623,ULOQUJ__ligand30728-0
624,ULOQUJ__ligand6117-0
625,ULOQUJ__ligand27840-0
626,ULOQUJ__ligand1407-0
627,ULOQUJ__ligand686-0
628,ULOQUJ__ligand24872-0
629,ULOQUJ__ligand196-0
630,ULOQUJ__ligand11587-0
631,ULOQUJ__ligand13220-0
632,ULOQUJ__ligand2822-0
633,ULOQUJ__ligand23175-0
634,ULOQUJ__ligand7293-0
635,ULOQUJ__ligand1317-0
636,ULOQUJ__ligand3867-0
637,ULOQUJ__ligand15788-0
638,ULOQUJ__ligand17396-0
639,ULOQUJ__ligand19-0
640,ULOQUJ__ligand9167-0
641,ULOQUJ__ligand13385-0
642,ULOQUJ__ligand5304-0
643,ULOQUJ__ligand14569-0
644,ULOQUJ__ligand2238-0
645,ULOQUJ__ligand24111-0
646,ULOQUJ__ligand22444-0
647,ULOQUJ__ligand9773-0
648,ULOQUJ__ligand5510-0
649,ULOQUJ__ligand1376-0
650,ULOQUJ__ligand17427-0
651,ULOQUJ__ligand353-0
652,ULOQUJ__ligand31694-0
653,ULOQUJ__ligand1296-0
654,ULOQUJ__ligand2259-0
655,ULOQUJ__ligand1197-0
656,ULOQUJ__ligand78-0
657,ULOQUJ__ligand5099-0
658,ULOQUJ__ligand8592-0
659,ULOQUJ__ligand29486-0
660,ULOQUJ__ligand4358-0
661,ULOQUJ__ligand3120-0
662,ULOQUJ__ligand25561-0
663,ULOQUJ__ligand3926-0
664,ULOQUJ__ligand45-0
665,ULOQUJ__ligand393-0
666,ULOQUJ__ligand2221-0
667,ULOQUJ__ligand4101-0
668,ULOQUJ__ligand5595-0
669,ULOQUJ__ligand11949-0
670,ULOQUJ__ligand12138-0
671,ULOQUJ__ligand24780-0
672,ULOQUJ__ligand22129-0
673,ULOQUJ__ligand6892-0
674,ULOQUJ__ligand21729-0
675,ULOQUJ__ligand27239-0
676,ULOQUJ__ligand1211-0
677,ULOQUJ__ligand391-0
678,ULOQUJ__ligand618-0
679,ULOQUJ__ligand3712-0
680,ULOQUJ__ligand1464-0
681,ULOQUJ__ligand19927-0
682,ULOQUJ__ligand14043-0
683,ULOQUJ__ligand1499-0
684,ULOQUJ__ligand28559-0
685,ULOQUJ__ligand26324-0
686,ULOQUJ__ligand2881-0
687,ULOQUJ__ligand11618-0
688,ULOQUJ__ligand6699-0
689,ULOQUJ__ligand813-0
690,ULOQUJ__ligand3632-0
691,ULOQUJ__ligand3677-0
692,ULOQUJ__ligand1168-0
693,ULOQUJ__ligand26529-0
694,ULOQUJ__ligand780-0
695,ULOQUJ__ligand314-0
696,ULOQUJ__ligand1294-0
697,ULOQUJ__ligand314-1
698,ULOQUJ__ligand7291-0
699,ULOQUJ__ligand27754-0
700,ULOQUJ__ligand20695-0
701,ULOQUJ__ligand28540-0
702,ULOQUJ__ligand9883-0
703,ULOQUJ__ligand3677-1
704,ULOQUJ__ligand11111-0
705,ULOQUJ__ligand16369-0
706,ULOQUJ__ligand2985-0
707,ULOQUJ__ligand22403-0
708,ULOQUJ__ligand4007-0
709,ULOQUJ__ligand9299-0
710,ULOQUJ__ligand12003-0
711,ULOQUJ__ligand3945-0
712,ULOQUJ__ligand26631-0
713,ULOQUJ__ligand16148-0
714,ULOQUJ__ligand21399-0
715,ULOQUJ__ligand10872-0
716,ULOQUJ__ligand465-0
717,ULOQUJ__ligand2693-0
718,ULOQUJ__ligand5383-0
719,ULOQUJ__ligand29215-0
720,ULOQUJ__ligand9344-0
721,ULOQUJ__ligand3736-0
722,ULOQUJ__ligand8000-0
723,ULOQUJ__ligand833-0
724,ULOQUJ__ligand2612-0
725,ULOQUJ__ligand28459-0
726,ULOQUJ__ligand18448-0
727,ULOQUJ__ligand12453-0
728,ULOQUJ__ligand1599-0
729,ULOQUJ__ligand9450-0
730,ULOQUJ__ligand19184-0
731,ULOQUJ__ligand115-0
732,ULOQUJ__ligand13672-0
733,ULOQUJ__ligand28685-0
734,ULOQUJ__ligand18568-0
735,ULOQUJ__ligand1289-0
736,ULOQUJ__ligand2203-0
737,ULOQUJ__ligand5387-0
738,ULOQUJ__ligand10371-0
739,ULOQUJ__ligand67-0
740,ULOQUJ__ligand23197-0
741,ULOQUJ__ligand2417-0
742,ULOQUJ__ligand3126-0
743,ULOQUJ__ligand6391-0
744,ULOQUJ__ligand27285-0
745,ULOQUJ__ligand43-0
746,ULOQUJ__ligand395-0
747,ULOQUJ__ligand29029-0
748,ULOQUJ__ligand9284-0
749,ULOQUJ__ligand1114-0
750,ULOQUJ__ligand368-0
751,ULOQUJ__ligand14167-0
752,ULOQUJ__ligand13477-0
753,ULOQUJ__ligand784-0
754,ULOQUJ__ligand1604-0
755,ULOQUJ__ligand9943-0
756,ULOQUJ__ligand1228-0
757,ULOQUJ__ligand27669-0
758,ULOQUJ__ligand30142-0
759,ULOQUJ__ligand2043-0
760,ULOQUJ__ligand8788-0
761,ULOQUJ__ligand1832-0
762,ULOQUJ__ligand487-0
763,ULOQUJ__ligand24230-0
764,ULOQUJ__ligand6017-0
765,ULOQUJ__ligand28810-0
766,ULOQUJ__ligand11447-0
767,ULOQUJ__ligand11096-0
768,ULOQUJ__ligand19792-0
769,ULOQUJ__ligand7316-0
770,ULOQUJ__ligand10828-0
771,ULOQUJ__ligand15926-0
772,ULOQUJ__ligand5708-0
773,ULOQUJ__ligand11970-0
774,ULOQUJ__ligand15883-0
775,ULOQUJ__ligand5180-0
776,ULOQUJ__ligand22294-0
777,ULOQUJ__ligand176-0
778,ULOQUJ__ligand7172-0
779,ULOQUJ__ligand28930-0
780,ULOQUJ__ligand22168-0
781,ULOQUJ__ligand7273-0
782,ULOQUJ__ligand21919-0
783,ULOQUJ__ligand9323-0
784,ULOQUJ__ligand10056-0
785,ULOQUJ__ligand12365-0
786,ULOQUJ__ligand1153-0
787,ULOQUJ__ligand3225-0
788,ULOQUJ__ligand1116-0
789,ULOQUJ__ligand7092-0
790,ULOQUJ__ligand447-0
791,ULOQUJ__ligand2260-0
792,ULOQUJ__ligand11357-0
793,ULOQUJ__ligand13862-0
794,ULOQUJ__ligand8612-0
795,ULOQUJ__ligand15531-0
796,ULOQUJ__ligand28743-0
797,ULOQUJ__ligand746-0
798,ULOQUJ__ligand2124-0
799,ULOQUJ__ligand8793-0
800,ULOQUJ__ligand2788-0
801,ULOQUJ__ligand5649-0
802,ULOQUJ__ligand4649-0
803,ULOQUJ__ligand24035-0
804,ULOQUJ__ligand11994-0
805,ULOQUJ__ligand31842-0
806,ULOQUJ__ligand152-0
807,ULOQUJ__ligand31044-0
808,ULOQUJ__ligand2906-0
809,ULOQUJ__ligand16663-0
810,ULOQUJ__ligand4711-0
811,ULOQUJ__ligand3244-0
812,ULOQUJ__ligand14614-0
813,ULOQUJ__ligand8-0
814,ULOQUJ__ligand16988-0
815,ULOQUJ__ligand4807-0
816,ULOQUJ__ligand25913-0
817,ULOQUJ__ligand3178-0
818,ULOQUJ__ligand5530-0
819,ULOQUJ__ligand20207-0
820,ULOQUJ__ligand30711-0
821,ULOQUJ__ligand1356-0
822,ULOQUJ__ligand1787-0
823,ULOQUJ__ligand9753-0
824,ULOQUJ__ligand11682-0
825,ULOQUJ__ligand506-0
826,ULOQUJ__ligand7196-0
827,ULOQUJ__ligand5159-0
