,TMC
0,NASPEC__ligand8002-0
1,NASPEC__ligand5509-0
2,NASPEC__ligand19668-0
3,NASPEC__ligand1407-0
4,NASPEC__ligand6117-0
5,NASPEC__ligand19906-0
6,NASPEC__ligand22353-0
7,NASPEC__ligand5080-0
8,NASPEC__ligand7762-0
9,NASPEC__ligand9167-0
10,NASPEC__ligand122-0
11,NASPEC__ligand5304-0
12,NASPEC__ligand2238-0
13,NASPEC__ligand48-0
14,NASPEC__ligand10151-0
15,NASPEC__ligand7293-0
16,NASPEC__ligand2822-0
17,NASPEC__ligand3867-0
18,NASPEC__ligand1317-0
19,NASPEC__ligand757-0
20,NASPEC__ligand1296-0
21,NASPEC__ligand693-0
22,NASPEC__ligand2259-0
23,NASPEC__ligand1197-0
24,NASPEC__ligand8592-0
25,NASPEC__ligand5099-0
26,NASPEC__ligand16952-0
27,NASPEC__ligand29813-0
28,NASPEC__ligand91-0
29,NASPEC__ligand9773-0
30,NASPEC__ligand5510-0
31,NASPEC__ligand20220-0
32,NASPEC__ligand1376-0
33,NASPEC__ligand15387-0
34,NASPEC__ligand20121-0
35,NASPEC__ligand4101-0
36,NASPEC__ligand5595-0
37,NASPEC__ligand24851-0
38,NASPEC__ligand51-0
39,NASPEC__ligand20530-0
40,NASPEC__ligand11698-0
41,NASPEC__ligand14347-0
42,NASPEC__ligand13657-0
43,NASPEC__ligand14302-0
44,NASPEC__ligand4358-0
45,NASPEC__ligand3926-0
46,NASPEC__ligand10479-0
47,NASPEC__ligand27610-0
48,NASPEC__ligand3120-0
49,NASPEC__ligand11479-0
50,NASPEC__ligand29441-0
51,NASPEC__ligand10853-0
52,NASPEC__ligand2221-0
53,NASPEC__ligand16870-0
54,NASPEC__ligand1464-0
55,NASPEC__ligand3712-0
56,NASPEC__ligand11622-0
57,NASPEC__ligand1499-0
58,NASPEC__ligand16-0
59,NASPEC__ligand2881-0
60,NASPEC__ligand6892-0
61,NASPEC__ligand11814-0
62,NASPEC__ligand1211-0
63,NASPEC__ligand16603-0
64,NASPEC__ligand141-0
65,NASPEC__ligand3677-0
66,NASPEC__ligand3632-0
67,NASPEC__ligand25658-0
68,NASPEC__ligand17686-0
69,NASPEC__ligand1168-0
70,NASPEC__ligand240-0
71,NASPEC__ligand31205-0
72,NASPEC__ligand1294-0
73,NASPEC__ligand6699-0
74,NASPEC__ligand11177-0
75,NASPEC__ligand15455-0
76,NASPEC__ligand2985-0
77,NASPEC__ligand4007-0
78,NASPEC__ligand19824-0
79,NASPEC__ligand18067-0
80,NASPEC__ligand9299-0
81,NASPEC__ligand11252-0
82,NASPEC__ligand384-0
83,NASPEC__ligand7291-0
84,NASPEC__ligand3677-1
85,NASPEC__ligand9883-0
86,NASPEC__ligand10582-0
87,NASPEC__ligand13260-0
88,NASPEC__ligand11606-0
89,NASPEC__ligand9344-0
90,NASPEC__ligand32-0
91,NASPEC__ligand3736-0
92,NASPEC__ligand768-0
93,NASPEC__ligand31000-0
94,NASPEC__ligand8000-0
95,NASPEC__ligand3945-0
96,NASPEC__ligand26673-0
97,NASPEC__ligand20821-0
98,NASPEC__ligand5383-0
99,NASPEC__ligand2693-0
100,NASPEC__ligand25048-0
101,NASPEC__ligand9450-0
102,NASPEC__ligand21940-0
103,NASPEC__ligand338-0
104,NASPEC__ligand2612-0
105,NASPEC__ligand20432-0
106,NASPEC__ligand27122-0
107,NASPEC__ligand16133-0
108,NASPEC__ligand13755-0
109,NASPEC__ligand24953-0
110,NASPEC__ligand23445-0
111,NASPEC__ligand1599-0
112,NASPEC__ligand1289-0
113,NASPEC__ligand5387-0
114,NASPEC__ligand2203-0
115,NASPEC__ligand30004-0
116,NASPEC__ligand20557-0
117,NASPEC__ligand6391-0
118,NASPEC__ligand18757-0
119,NASPEC__ligand3126-0
120,NASPEC__ligand178-0
121,NASPEC__ligand24560-0
122,NASPEC__ligand9284-0
123,NASPEC__ligand18413-0
124,NASPEC__ligand1114-0
125,NASPEC__ligand20844-0
126,NASPEC__ligand24624-0
127,NASPEC__ligand279-0
128,NASPEC__ligand185-0
129,NASPEC__ligand321-0
130,NASPEC__ligand57-0
131,NASPEC__ligand2417-0
132,NASPEC__ligand14339-0
133,NASPEC__ligand2043-0
134,NASPEC__ligand8788-0
135,NASPEC__ligand1832-0
136,NASPEC__ligand30788-0
137,NASPEC__ligand13691-0
138,NASPEC__ligand201-0
139,NASPEC__ligand21752-0
140,NASPEC__ligand1604-0
141,NASPEC__ligand1228-0
142,NASPEC__ligand9943-0
143,NASPEC__ligand29565-0
144,NASPEC__ligand23682-0
145,NASPEC__ligand68-0
146,NASPEC__ligand18158-0
147,NASPEC__ligand777-0
148,NASPEC__ligand5180-0
149,NASPEC__ligand27771-0
150,NASPEC__ligand6017-0
151,NASPEC__ligand20942-1
152,NASPEC__ligand21339-0
153,NASPEC__ligand14226-0
154,NASPEC__ligand596-0
155,NASPEC__ligand16956-0
156,NASPEC__ligand941-0
157,NASPEC__ligand7316-0
158,NASPEC__ligand5708-0
159,NASPEC__ligand187-0
160,NASPEC__ligand1116-0
161,NASPEC__ligand27550-0
162,NASPEC__ligand3225-0
163,NASPEC__ligand1153-0
164,NASPEC__ligand2260-0
165,NASPEC__ligand7092-0
166,NASPEC__ligand657-0
167,NASPEC__ligand8612-0
168,NASPEC__ligand2124-0
169,NASPEC__ligand7172-0
170,NASPEC__ligand18019-1
171,NASPEC__ligand7273-0
172,NASPEC__ligand366-0
173,NASPEC__ligand14007-0
174,NASPEC__ligand9323-0
175,NASPEC__ligand55-0
176,NASPEC__ligand2906-0
177,NASPEC__ligand21448-0
178,NASPEC__ligand3244-0
179,NASPEC__ligand4711-0
180,NASPEC__ligand22357-0
181,NASPEC__ligand11758-0
182,NASPEC__ligand5649-0
183,NASPEC__ligand2788-0
184,NASPEC__ligand8793-0
185,NASPEC__ligand29214-0
186,NASPEC__ligand4649-0
187,NASPEC__ligand34-0
188,NASPEC__ligand845-0
189,NASPEC__ligand11501-0
190,NASPEC__ligand11544-0
191,NASPEC__ligand5530-0
192,NASPEC__ligand17069-0
193,NASPEC__ligand1787-0
194,NASPEC__ligand1356-0
195,NASPEC__ligand9753-0
196,NASPEC__ligand14477-0
197,NASPEC__ligand7196-0
198,NASPEC__ligand17445-0
199,NASPEC__ligand5159-0
200,NASPEC__ligand12413-0
201,NASPEC__ligand29334-0
202,NASPEC__ligand4807-0
203,NASPEC__ligand20731-0
204,NASPEC__ligand3178-0
205,NASPEC__ligand163-0
206,NASPEC__ligand126-0
207,NASPEC__ligand11798-0
208,NASPEC__ligand11970-0
209,NASPEC__ligand15883-0
210,NASPEC__ligand28810-0
211,NASPEC__ligand11447-0
212,NASPEC__ligand11096-0
213,NASPEC__ligand24230-0
214,NASPEC__ligand15926-0
215,NASPEC__ligand1169-0
216,NASPEC__ligand19792-0
217,NASPEC__ligand8529-0
218,NASPEC__ligand10828-0
219,NASPEC__ligand1154-0
220,NASPEC__ligand12365-0
221,NASPEC__ligand10056-0
222,NASPEC__ligand13862-0
223,NASPEC__ligand11357-0
224,NASPEC__ligand28743-0
225,NASPEC__ligand9615-0
226,NASPEC__ligand15531-0
227,NASPEC__ligand22168-0
228,NASPEC__ligand28930-0
229,NASPEC__ligand22294-0
230,NASPEC__ligand361-0
231,NASPEC__ligand21919-0
232,NASPEC__ligand324-0
233,NASPEC__ligand17-0
234,NASPEC__ligand1498-0
235,NASPEC__ligand4596-0
236,NASPEC__ligand409-0
237,NASPEC__ligand16663-0
238,NASPEC__ligand588-0
239,NASPEC__ligand14614-0
240,NASPEC__ligand1618-0
241,NASPEC__ligand2692-0
242,NASPEC__ligand24035-0
243,NASPEC__ligand300-0
244,NASPEC__ligand1028-0
245,NASPEC__ligand4262-0
246,NASPEC__ligand31044-0
247,NASPEC__ligand31842-0
248,NASPEC__ligand11994-0
249,NASPEC__ligand11682-0
250,NASPEC__ligand2027-0
251,NASPEC__ligand20207-0
252,NASPEC__ligand30711-0
253,NASPEC__ligand1015-0
254,NASPEC__ligand1050-0
255,NASPEC__ligand199-0
256,NASPEC__ligand16988-0
257,NASPEC__ligand25913-0
258,NASPEC__ligand19184-0
259,NASPEC__ligand49-0
260,NASPEC__ligand6995-0
261,NASPEC__ligand2823-0
262,NASPEC__ligand2650-0
263,NASPEC__ligand2281-0
264,NASPEC__ligand4340-0
265,NASPEC__ligand12453-0
266,NASPEC__ligand18448-0
267,NASPEC__ligand28459-0
268,NASPEC__ligand3180-0
269,NASPEC__ligand5415-0
270,NASPEC__ligand633-0
271,NASPEC__ligand10371-0
272,NASPEC__ligand497-0
273,NASPEC__ligand13672-0
274,NASPEC__ligand89-0
275,NASPEC__ligand18568-0
276,NASPEC__ligand28685-0
277,NASPEC__ligand4161-0
278,NASPEC__ligand3471-0
279,NASPEC__ligand4124-0
280,NASPEC__ligand27285-0
281,NASPEC__ligand29029-0
282,NASPEC__ligand8553-0
283,NASPEC__ligand1113-0
284,NASPEC__ligand23197-0
285,NASPEC__ligand326-0
286,NASPEC__ligand5201-0
287,NASPEC__ligand2001-0
288,NASPEC__ligand436-0
289,NASPEC__ligand7566-0
290,NASPEC__ligand13477-0
291,NASPEC__ligand14167-0
292,NASPEC__ligand692-0
293,NASPEC__ligand30142-0
294,NASPEC__ligand27669-0
295,NASPEC__ligand9944-0
296,NASPEC__ligand8593-0
297,NASPEC__ligand19927-0
298,NASPEC__ligand28559-0
299,NASPEC__ligand26324-0
300,NASPEC__ligand14043-0
301,NASPEC__ligand11-0
302,NASPEC__ligand1849-0
303,NASPEC__ligand5019-0
304,NASPEC__ligand21729-0
305,NASPEC__ligand27239-0
306,NASPEC__ligand1152-0
307,NASPEC__ligand3261-0
308,NASPEC__ligand656-0
309,NASPEC__ligand1216-0
310,NASPEC__ligand696-0
311,NASPEC__ligand26529-0
312,NASPEC__ligand5280-0
313,NASPEC__ligand11618-0
314,NASPEC__ligand5614-0
315,NASPEC__ligand69-0
316,NASPEC__ligand1831-0
317,NASPEC__ligand5515-0
318,NASPEC__ligand6663-0
319,NASPEC__ligand1908-0
320,NASPEC__ligand226-0
321,NASPEC__ligand22403-0
322,NASPEC__ligand162-0
323,NASPEC__ligand3285-0
324,NASPEC__ligand4795-0
325,NASPEC__ligand27754-0
326,NASPEC__ligand20695-0
327,NASPEC__ligand1786-0
328,NASPEC__ligand383-0
329,NASPEC__ligand16369-0
330,NASPEC__ligand5630-0
331,NASPEC__ligand28540-0
332,NASPEC__ligand416-0
333,NASPEC__ligand11111-0
334,NASPEC__ligand29215-0
335,NASPEC__ligand1828-0
336,NASPEC__ligand1397-0
337,NASPEC__ligand7213-0
338,NASPEC__ligand8042-0
339,NASPEC__ligand6112-0
340,NASPEC__ligand3144-0
341,NASPEC__ligand16148-0
342,NASPEC__ligand26631-0
343,NASPEC__ligand5085-0
344,NASPEC__ligand12003-0
345,NASPEC__ligand4710-0
346,NASPEC__ligand5755-0
347,NASPEC__ligand21399-0
348,NASPEC__ligand10872-0
349,NASPEC__ligand4266-0
350,NASPEC__ligand1400-0
351,NASPEC__ligand27840-0
352,NASPEC__ligand9491-0
353,NASPEC__ligand30728-0
354,NASPEC__ligand4167-0
355,NASPEC__ligand24872-0
356,NASPEC__ligand534-0
357,NASPEC__ligand571-0
358,NASPEC__ligand10033-0
359,NASPEC__ligand1288-0
360,NASPEC__ligand24644-0
361,NASPEC__ligand670-0
362,NASPEC__ligand12001-0
363,NASPEC__ligand7075-0
364,NASPEC__ligand14569-0
365,NASPEC__ligand13385-0
366,NASPEC__ligand24111-0
367,NASPEC__ligand3980-0
368,NASPEC__ligand22444-0
369,NASPEC__ligand3557-0
370,NASPEC__ligand1149-0
371,NASPEC__ligand1779-0
372,NASPEC__ligand8-0
373,NASPEC__ligand11587-0
374,NASPEC__ligand13220-0
375,NASPEC__ligand6993-0
376,NASPEC__ligand1817-0
377,NASPEC__ligand17396-0
378,NASPEC__ligand9750-0
379,NASPEC__ligand23175-0
380,NASPEC__ligand15788-0
381,NASPEC__ligand7438-0
382,NASPEC__ligand8200-0
383,NASPEC__ligand694-0
384,NASPEC__ligand31694-0
385,NASPEC__ligand4063-0
386,NASPEC__ligand29486-0
387,NASPEC__ligand488-0
388,NASPEC__ligand3042-0
389,NASPEC__ligand358-0
390,NASPEC__ligand17427-0
391,NASPEC__ligand430-0
392,NASPEC__ligand3453-0
393,NASPEC__ligand3416-0
394,NASPEC__ligand11949-0
395,NASPEC__ligand22129-0
396,NASPEC__ligand12138-0
397,NASPEC__ligand4207-0
398,NASPEC__ligand24780-0
399,NASPEC__ligand25561-0
400,NASPEC__ligand1539-0
401,NASPEC__ligand1150-0
402,NASPEC__ligand1729-0
403,NASPEC__ligand5627-0
404,NASPEC__ligand20682-0
405,NASPEC__ligand2830-0
406,NASPEC__ligand5316-0
407,NASPEC__ligand13390-0
408,NASPEC__ligand5483-0
409,NASPEC__ligand188-0
410,NASPEC__ligand564-0
411,NASPEC__ligand620-0
412,NASPEC__ligand370-1
413,NASPEC__ligand9148-0
414,NASPEC__ligand26810-0
415,NASPEC__ligand1415-0
416,NASPEC__ligand6946-0
417,NASPEC__ligand27482-0
418,NASPEC__ligand479-0
419,NASPEC__ligand13208-0
420,NASPEC__ligand67-0
421,NASPEC__ligand7529-0
422,NASPEC__ligand311-0
423,NASPEC__ligand785-0
424,NASPEC__ligand14248-0
425,NASPEC__ligand29879-0
426,NASPEC__ligand3934-0
427,NASPEC__ligand12030-0
428,NASPEC__ligand6882-0
429,NASPEC__ligand6455-0
430,NASPEC__ligand28884-0
431,NASPEC__ligand13331-0
432,NASPEC__ligand43-0
433,NASPEC__ligand370-0
434,NASPEC__ligand2403-0
435,NASPEC__ligand4-0
436,NASPEC__ligand13294-0
437,NASPEC__ligand31832-0
438,NASPEC__ligand3012-0
439,NASPEC__ligand25411-0
440,NASPEC__ligand1449-0
441,NASPEC__ligand1065-0
442,NASPEC__ligand7530-0
443,NASPEC__ligand250-0
444,NASPEC__ligand14174-0
445,NASPEC__ligand9681-0
446,NASPEC__ligand10712-0
447,NASPEC__ligand11456-0
448,NASPEC__ligand4332-0
449,NASPEC__ligand14703-0
450,NASPEC__ligand16475-0
451,NASPEC__ligand7532-0
452,NASPEC__ligand4194-0
453,NASPEC__ligand4330-0
454,NASPEC__ligand116-0
455,NASPEC__ligand2599-0
456,NASPEC__ligand252-0
457,NASPEC__ligand20251-1
458,NASPEC__ligand17982-0
459,NASPEC__ligand193-0
460,NASPEC__ligand29414-0
461,NASPEC__ligand1147-0
462,NASPEC__ligand17278-0
463,NASPEC__ligand20011-0
464,NASPEC__ligand3973-0
465,NASPEC__ligand7925-0
466,NASPEC__ligand17398-0
467,NASPEC__ligand2068-0
468,NASPEC__ligand830-0
469,NASPEC__ligand24047-0
470,NASPEC__ligand10589-0
471,NASPEC__ligand22557-0
472,NASPEC__ligand20598-0
473,NASPEC__ligand372-0
474,NASPEC__ligand11675-0
475,NASPEC__ligand21371-0
476,NASPEC__ligand909-0
477,NASPEC__ligand17118-0
478,NASPEC__ligand20419-0
479,NASPEC__ligand28789-0
480,NASPEC__ligand3215-0
481,NASPEC__ligand29568-0
482,NASPEC__ligand14889-0
483,NASPEC__ligand7107-0
484,NASPEC__ligand30851-0
485,NASPEC__ligand20214-0
486,NASPEC__ligand30702-0
487,NASPEC__ligand6283-0
488,NASPEC__ligand20251-0
489,NASPEC__ligand20539-0
490,NASPEC__ligand31097-0
491,NASPEC__ligand21581-0
492,NASPEC__ligand14117-0
493,NASPEC__ligand17261-0
494,NASPEC__ligand4738-0
495,NASPEC__ligand4813-0
496,NASPEC__ligand5813-0
497,NASPEC__ligand177-0
498,NASPEC__ligand6062-0
499,NASPEC__ligand24-0
500,NASPEC__ligand783-0
501,NASPEC__ligand352-0
502,NASPEC__ligand31783-0
503,NASPEC__ligand4131-0
504,NASPEC__ligand1712-0
505,NASPEC__ligand17258-0
506,NASPEC__ligand14603-0
507,NASPEC__ligand14297-0
508,NASPEC__ligand26665-0
509,NASPEC__ligand5094-0
510,NASPEC__ligand5892-0
511,NASPEC__ligand17631-0
512,NASPEC__ligand13012-0
513,NASPEC__ligand27175-0
514,NASPEC__ligand1533-0
515,NASPEC__ligand18832-0
516,NASPEC__ligand23713-0
517,NASPEC__ligand30988-0
518,NASPEC__ligand27893-0
519,NASPEC__ligand1496-0
520,NASPEC__ligand19-0
521,NASPEC__ligand7557-0
522,NASPEC__ligand14723-0
523,NASPEC__ligand19641-0
524,NASPEC__ligand868-0
525,NASPEC__ligand20578-0
526,NASPEC__ligand12934-0
527,NASPEC__ligand15422-0
528,NASPEC__ligand28468-0
529,NASPEC__ligand20740-0
530,NASPEC__ligand2208-0
531,NASPEC__ligand12427-0
532,NASPEC__ligand3208-0
533,NASPEC__ligand16628-0
534,NASPEC__ligand8722-0
535,NASPEC__ligand9809-0
536,NASPEC__ligand6672-0
537,NASPEC__ligand1327-0
538,NASPEC__ligand3350-0
539,NASPEC__ligand27460-0
540,NASPEC__ligand78-0
541,NASPEC__ligand7573-0
542,NASPEC__ligand2781-0
543,NASPEC__ligand1773-0
544,NASPEC__ligand30333-0
545,NASPEC__ligand4581-0
546,NASPEC__ligand45-0
547,NASPEC__ligand2328-0
548,NASPEC__ligand7162-0
549,NASPEC__ligand3029-0
550,NASPEC__ligand12606-0
551,NASPEC__ligand17281-0
552,NASPEC__ligand30296-0
553,NASPEC__ligand12337-0
554,NASPEC__ligand9197-0
555,NASPEC__ligand197-0
556,NASPEC__ligand29410-0
557,NASPEC__ligand26540-0
558,NASPEC__ligand1900-0
559,NASPEC__ligand12641-0
560,NASPEC__ligand3392-0
561,NASPEC__ligand1771-0
562,NASPEC__ligand4911-0
563,NASPEC__ligand10958-0
564,NASPEC__ligand14108-0
565,NASPEC__ligand5849-0
566,NASPEC__ligand294-0
567,NASPEC__ligand18814-0
568,NASPEC__ligand19057-0
569,NASPEC__ligand685-0
570,NASPEC__ligand29302-0
571,NASPEC__ligand13425-0
572,NASPEC__ligand2527-0
573,NASPEC__ligand8349-0
574,NASPEC__ligand421-0
575,NASPEC__ligand8464-0
576,NASPEC__ligand1709-0
577,NASPEC__ligand27763-0
578,NASPEC__ligand28676-0
579,NASPEC__ligand10262-0
580,NASPEC__ligand4850-0
581,NASPEC__ligand5056-0
582,NASPEC__ligand24145-0
583,NASPEC__ligand235-0
584,NASPEC__ligand12401-0
585,NASPEC__ligand15585-0
586,NASPEC__ligand3647-0
587,NASPEC__ligand5357-0
588,NASPEC__ligand13068-0
589,NASPEC__ligand19830-0
590,NASPEC__ligand134-0
591,NASPEC__ligand1688-0
592,NASPEC__ligand10476-0
593,NASPEC__ligand1469-0
594,NASPEC__ligand17387-0
595,NASPEC__ligand12130-0
596,NASPEC__ligand18292-0
597,NASPEC__ligand3871-0
598,NASPEC__ligand12289-0
599,NASPEC__ligand26702-0
600,NASPEC__ligand13658-0
601,NASPEC__ligand12231-0
602,NASPEC__ligand1768-0
603,NASPEC__ligand5935-0
604,NASPEC__ligand17302-0
605,NASPEC__ligand2722-0
606,NASPEC__ligand1379-0
607,NASPEC__ligand17805-0
608,NASPEC__ligand23769-0
609,NASPEC__ligand24185-0
610,NASPEC__ligand3157-0
611,NASPEC__ligand25178-0
612,NASPEC__ligand9525-0
613,NASPEC__ligand560-0
614,NASPEC__ligand1165-0
615,NASPEC__ligand5211-0
616,NASPEC__ligand27074-0
617,NASPEC__ligand4155-0
618,NASPEC__ligand22981-0
619,NASPEC__ligand3094-0
620,NASPEC__ligand25805-0
621,NASPEC__ligand20599-0
622,NASPEC__ligand506-0
623,NASPEC__ligand4720-0
624,NASPEC__ligand27169-0
625,NASPEC__ligand6839-0
626,NASPEC__ligand14523-0
627,NASPEC__ligand8969-0
628,NASPEC__ligand18391-0
629,NASPEC__ligand3131-0
630,NASPEC__ligand3174-0
631,NASPEC__ligand1202-0
632,NASPEC__ligand3937-0
633,NASPEC__ligand25267-0
634,NASPEC__ligand1512-0
635,NASPEC__ligand5331-0
636,NASPEC__ligand152-0
637,NASPEC__ligand10084-0
638,NASPEC__ligand3565-0
639,NASPEC__ligand12467-0
640,NASPEC__ligand13257-0
641,NASPEC__ligand38-0
642,NASPEC__ligand21936-0
643,NASPEC__ligand6919-0
644,NASPEC__ligand3852-0
645,NASPEC__ligand2485-0
646,NASPEC__ligand23904-0
647,NASPEC__ligand1959-0
648,NASPEC__ligand3504-0
649,NASPEC__ligand176-0
650,NASPEC__ligand29863-0
651,NASPEC__ligand9935-0
652,NASPEC__ligand1573-0
653,NASPEC__ligand18074-0
654,NASPEC__ligand1536-0
655,NASPEC__ligand13869-0
656,NASPEC__ligand6616-0
657,NASPEC__ligand3876-0
658,NASPEC__ligand1343-0
659,NASPEC__ligand3035-0
660,NASPEC__ligand746-0
661,NASPEC__ligand29610-0
662,NASPEC__ligand3718-0
663,NASPEC__ligand1844-0
664,NASPEC__ligand4661-0
665,NASPEC__ligand447-0
666,NASPEC__ligand11140-0
667,NASPEC__ligand16791-0
668,NASPEC__ligand7242-0
669,NASPEC__ligand487-0
670,NASPEC__ligand7106-0
671,NASPEC__ligand28668-0
672,NASPEC__ligand9908-0
673,NASPEC__ligand1263-0
674,NASPEC__ligand18465-0
675,NASPEC__ligand18799-0
676,NASPEC__ligand4272-0
677,NASPEC__ligand1451-0
678,NASPEC__ligand12660-0
679,NASPEC__ligand7629-0
680,NASPEC__ligand13209-0
681,NASPEC__ligand19257-0
682,NASPEC__ligand9784-0
683,NASPEC__ligand66-0
684,NASPEC__ligand784-0
685,NASPEC__ligand9520-0
686,NASPEC__ligand31248-0
687,NASPEC__ligand8699-0
688,NASPEC__ligand1160-0
689,NASPEC__ligand25650-0
690,NASPEC__ligand3954-0
691,NASPEC__ligand4093-0
692,NASPEC__ligand4442-0
693,NASPEC__ligand7867-0
694,NASPEC__ligand1219-0
695,NASPEC__ligand6709-0
696,NASPEC__ligand4016-0
697,NASPEC__ligand7238-0
698,NASPEC__ligand25735-0
699,NASPEC__ligand12519-0
700,NASPEC__ligand368-0
701,NASPEC__ligand395-0
702,NASPEC__ligand11206-0
703,NASPEC__ligand1304-0
704,NASPEC__ligand1790-0
705,NASPEC__ligand23124-0
706,NASPEC__ligand7280-0
707,NASPEC__ligand30539-0
708,NASPEC__ligand1285-0
709,NASPEC__ligand115-0
710,NASPEC__ligand8115-0
711,NASPEC__ligand6768-0
712,NASPEC__ligand1982-0
713,NASPEC__ligand7000-0
714,NASPEC__ligand4546-0
715,NASPEC__ligand4503-0
716,NASPEC__ligand23906-0
717,NASPEC__ligand21132-0
718,NASPEC__ligand11166-0
719,NASPEC__ligand42-0
720,NASPEC__ligand4157-0
721,NASPEC__ligand9833-0
722,NASPEC__ligand12295-0
723,NASPEC__ligand833-0
724,NASPEC__ligand7648-0
725,NASPEC__ligand8876-0
726,NASPEC__ligand2828-0
727,NASPEC__ligand5256-0
728,NASPEC__ligand27835-0
729,NASPEC__ligand2176-0
730,NASPEC__ligand21787-0
731,NASPEC__ligand25575-0
732,NASPEC__ligand9291-0
733,NASPEC__ligand25689-0
734,NASPEC__ligand2232-0
735,NASPEC__ligand1823-0
736,NASPEC__ligand5643-0
737,NASPEC__ligand24750-0
738,NASPEC__ligand465-0
739,NASPEC__ligand1324-0
740,NASPEC__ligand8721-0
741,NASPEC__ligand9952-0
742,NASPEC__ligand17945-0
743,NASPEC__ligand9111-0
744,NASPEC__ligand25224-0
745,NASPEC__ligand18013-0
746,NASPEC__ligand31578-0
747,NASPEC__ligand17207-0
748,NASPEC__ligand1615-0
749,NASPEC__ligand2526-0
750,NASPEC__ligand5036-0
751,NASPEC__ligand8992-0
752,NASPEC__ligand29087-0
753,NASPEC__ligand314-1
754,NASPEC__ligand18703-0
755,NASPEC__ligand9601-0
756,NASPEC__ligand28924-0
757,NASPEC__ligand7967-0
758,NASPEC__ligand6124-0
759,NASPEC__ligand15438-0
760,NASPEC__ligand3707-0
761,NASPEC__ligand1018-0
762,NASPEC__ligand1-0
763,NASPEC__ligand4116-0
764,NASPEC__ligand2915-0
765,NASPEC__ligand3156-0
766,NASPEC__ligand15168-0
767,NASPEC__ligand24064-0
768,NASPEC__ligand6244-0
769,NASPEC__ligand780-0
770,NASPEC__ligand314-0
771,NASPEC__ligand1378-0
772,NASPEC__ligand813-0
773,NASPEC__ligand23589-0
774,NASPEC__ligand391-0
775,NASPEC__ligand9441-0
776,NASPEC__ligand2332-0
777,NASPEC__ligand1631-0
778,NASPEC__ligand29898-0
779,NASPEC__ligand26277-0
780,NASPEC__ligand22755-0
781,NASPEC__ligand1575-0
782,NASPEC__ligand1530-0
783,NASPEC__ligand618-0
784,NASPEC__ligand11432-0
785,NASPEC__ligand31618-0
786,NASPEC__ligand10432-0
787,NASPEC__ligand9933-0
788,NASPEC__ligand4620-0
789,NASPEC__ligand18-0
790,NASPEC__ligand11568-0
791,NASPEC__ligand393-0
792,NASPEC__ligand17710-0
793,NASPEC__ligand20579-0
794,NASPEC__ligand1577-0
795,NASPEC__ligand6067-0
796,NASPEC__ligand21421-0
797,NASPEC__ligand2295-0
798,NASPEC__ligand14586-0
799,NASPEC__ligand11774-0
800,NASPEC__ligand24613-0
801,NASPEC__ligand19725-0
802,NASPEC__ligand2917-0
803,NASPEC__ligand7819-0
804,NASPEC__ligand10555-0
805,NASPEC__ligand31483-0
806,NASPEC__ligand6102-0
807,NASPEC__ligand6596-0
808,NASPEC__ligand3721-0
809,NASPEC__ligand6904-0
810,NASPEC__ligand353-0
811,NASPEC__ligand3465-0
812,NASPEC__ligand13072-0
813,NASPEC__ligand12336-0
814,NASPEC__ligand196-0
815,NASPEC__ligand1142-0
816,NASPEC__ligand3234-0
817,NASPEC__ligand3-0
818,NASPEC__ligand7126-0
819,NASPEC__ligand8835-0
820,NASPEC__ligand2028-0
821,NASPEC__ligand422-0
822,NASPEC__ligand18699-0
823,NASPEC__ligand12682-0
824,NASPEC__ligand4641-0
825,NASPEC__ligand686-0
826,NASPEC__ligand17240-0
827,NASPEC__ligand17590-0
