,TMC
0,NAJWUR__ligand16791-0
1,NAJWUR__ligand2722-0
2,NAJWUR__ligand1379-0
3,NAJWUR__ligand5935-0
4,NAJWUR__ligand28668-0
5,NAJWUR__ligand9525-0
6,NAJWUR__ligand1165-0
7,NAJWUR__ligand18465-0
8,NAJWUR__ligand3157-0
9,NAJWUR__ligand18799-0
10,NAJWUR__ligand5357-0
11,NAJWUR__ligand141-0
12,NAJWUR__ligand3647-0
13,NAJWUR__ligand1688-0
14,NAJWUR__ligand29863-0
15,NAJWUR__ligand5056-0
16,NAJWUR__ligand240-0
17,NAJWUR__ligand4850-0
18,NAJWUR__ligand18074-0
19,NAJWUR__ligand13869-0
20,NAJWUR__ligand1768-0
21,NAJWUR__ligand29610-0
22,NAJWUR__ligand1469-0
23,NAJWUR__ligand11140-0
24,NAJWUR__ligand3871-0
25,NAJWUR__ligand25267-0
26,NAJWUR__ligand2527-0
27,NAJWUR__ligand38-0
28,NAJWUR__ligand10084-0
29,NAJWUR__ligand12467-0
30,NAJWUR__ligand13257-0
31,NAJWUR__ligand384-0
32,NAJWUR__ligand21936-0
33,NAJWUR__ligand8349-0
34,NAJWUR__ligand1709-0
35,NAJWUR__ligand8464-0
36,NAJWUR__ligand23904-0
37,NAJWUR__ligand27074-0
38,NAJWUR__ligand4911-0
39,NAJWUR__ligand1771-0
40,NAJWUR__ligand768-0
41,NAJWUR__ligand22981-0
42,NAJWUR__ligand25805-0
43,NAJWUR__ligand3392-0
44,NAJWUR__ligand20599-0
45,NAJWUR__ligand27169-0
46,NAJWUR__ligand14523-0
47,NAJWUR__ligand5849-0
48,NAJWUR__ligand18391-0
49,NAJWUR__ligand7162-0
50,NAJWUR__ligand3029-0
51,NAJWUR__ligand4581-0
52,NAJWUR__ligand1773-0
53,NAJWUR__ligand12295-0
54,NAJWUR__ligand2328-0
55,NAJWUR__ligand27835-0
56,NAJWUR__ligand21787-0
57,NAJWUR__ligand42-0
58,NAJWUR__ligand25575-0
59,NAJWUR__ligand9197-0
60,NAJWUR__ligand1900-0
61,NAJWUR__ligand25689-0
62,NAJWUR__ligand30539-0
63,NAJWUR__ligand122-0
64,NAJWUR__ligand3208-0
65,NAJWUR__ligand2208-0
66,NAJWUR__ligand23906-0
67,NAJWUR__ligand2781-0
68,NAJWUR__ligand7573-0
69,NAJWUR__ligand3350-0
70,NAJWUR__ligand8722-0
71,NAJWUR__ligand21132-0
72,NAJWUR__ligand11166-0
73,NAJWUR__ligand1327-0
74,NAJWUR__ligand9809-0
75,NAJWUR__ligand757-0
76,NAJWUR__ligand6672-0
77,NAJWUR__ligand693-0
78,NAJWUR__ligand1533-0
79,NAJWUR__ligand25735-0
80,NAJWUR__ligand12519-0
81,NAJWUR__ligand11206-0
82,NAJWUR__ligand7557-0
83,NAJWUR__ligand1496-0
84,NAJWUR__ligand23124-0
85,NAJWUR__ligand1712-0
86,NAJWUR__ligand12660-0
87,NAJWUR__ligand4131-0
88,NAJWUR__ligand19257-0
89,NAJWUR__ligand13209-0
90,NAJWUR__ligand31248-0
91,NAJWUR__ligand5892-0
92,NAJWUR__ligand5094-0
93,NAJWUR__ligand25650-0
94,NAJWUR__ligand66-0
95,NAJWUR__ligand6283-0
96,NAJWUR__ligand777-0
97,NAJWUR__ligand3-0
98,NAJWUR__ligand29898-0
99,NAJWUR__ligand26277-0
100,NAJWUR__ligand596-0
101,NAJWUR__ligand6062-0
102,NAJWUR__ligand941-0
103,NAJWUR__ligand22755-0
104,NAJWUR__ligand4738-0
105,NAJWUR__ligand11432-0
106,NAJWUR__ligand5813-0
107,NAJWUR__ligand31618-0
108,NAJWUR__ligand10432-0
109,NAJWUR__ligand4813-0
110,NAJWUR__ligand3215-0
111,NAJWUR__ligand187-0
112,NAJWUR__ligand657-0
113,NAJWUR__ligand15168-0
114,NAJWUR__ligand24064-0
115,NAJWUR__ligand7107-0
116,NAJWUR__ligand366-0
117,NAJWUR__ligand23589-0
118,NAJWUR__ligand3973-0
119,NAJWUR__ligand29087-0
120,NAJWUR__ligand18703-0
121,NAJWUR__ligand1147-0
122,NAJWUR__ligand28924-0
123,NAJWUR__ligand15438-0
124,NAJWUR__ligand845-0
125,NAJWUR__ligand7925-0
126,NAJWUR__ligand2068-0
127,NAJWUR__ligand24750-0
128,NAJWUR__ligand4194-0
129,NAJWUR__ligand7532-0
130,NAJWUR__ligand17945-0
131,NAJWUR__ligand18013-0
132,NAJWUR__ligand25224-0
133,NAJWUR__ligand31578-0
134,NAJWUR__ligand17207-0
135,NAJWUR__ligand4330-0
136,NAJWUR__ligand163-0
137,NAJWUR__ligand126-0
138,NAJWUR__ligand2599-0
139,NAJWUR__ligand7530-0
140,NAJWUR__ligand1065-0
141,NAJWUR__ligand338-0
142,NAJWUR__ligand18699-0
143,NAJWUR__ligand12682-0
144,NAJWUR__ligand3012-0
145,NAJWUR__ligand1449-0
146,NAJWUR__ligand4332-0
147,NAJWUR__ligand17240-0
148,NAJWUR__ligand9681-0
149,NAJWUR__ligand17590-0
150,NAJWUR__ligand6455-0
151,NAJWUR__ligand6882-0
152,NAJWUR__ligand13072-0
153,NAJWUR__ligand3934-0
154,NAJWUR__ligand12336-0
155,NAJWUR__ligand2403-0
156,NAJWUR__ligand24613-0
157,NAJWUR__ligand178-0
158,NAJWUR__ligand9148-0
159,NAJWUR__ligand19725-0
160,NAJWUR__ligand279-0
161,NAJWUR__ligand185-0
162,NAJWUR__ligand321-0
163,NAJWUR__ligand10555-0
164,NAJWUR__ligand31483-0
165,NAJWUR__ligand7529-0
166,NAJWUR__ligand6946-0
167,NAJWUR__ligand1415-0
168,NAJWUR__ligand1-0
169,NAJWUR__ligand2830-0
170,NAJWUR__ligand1729-0
171,NAJWUR__ligand11568-0
172,NAJWUR__ligand5627-0
173,NAJWUR__ligand17710-0
174,NAJWUR__ligand20579-0
175,NAJWUR__ligand5483-0
176,NAJWUR__ligand18-0
177,NAJWUR__ligand201-0
178,NAJWUR__ligand21421-0
179,NAJWUR__ligand5316-0
180,NAJWUR__ligand14586-0
181,NAJWUR__ligand11774-0
182,NAJWUR__ligand25411-0
183,NAJWUR__ligand4641-0
184,NAJWUR__ligand14174-0
185,NAJWUR__ligand10712-0
186,NAJWUR__ligand11456-0
187,NAJWUR__ligand14248-0
188,NAJWUR__ligand29879-0
189,NAJWUR__ligand43-0
190,NAJWUR__ligand12030-0
191,NAJWUR__ligand3234-0
192,NAJWUR__ligand1142-0
193,NAJWUR__ligand28884-0
194,NAJWUR__ligand633-0
195,NAJWUR__ligand13331-0
196,NAJWUR__ligand497-0
197,NAJWUR__ligand7126-0
198,NAJWUR__ligand8835-0
199,NAJWUR__ligand2028-0
200,NAJWUR__ligand13294-0
201,NAJWUR__ligand31832-0
202,NAJWUR__ligand2917-0
203,NAJWUR__ligand7819-0
204,NAJWUR__ligand67-0
205,NAJWUR__ligand26810-0
206,NAJWUR__ligand27482-0
207,NAJWUR__ligand3465-0
208,NAJWUR__ligand326-0
209,NAJWUR__ligand13208-0
210,NAJWUR__ligand6596-0
211,NAJWUR__ligand6904-0
212,NAJWUR__ligand3721-0
213,NAJWUR__ligand6102-0
214,NAJWUR__ligand4620-0
215,NAJWUR__ligand436-0
216,NAJWUR__ligand20682-0
217,NAJWUR__ligand13390-0
218,NAJWUR__ligand692-0
219,NAJWUR__ligand2295-0
220,NAJWUR__ligand6067-0
221,NAJWUR__ligand1577-0
222,NAJWUR__ligand20214-0
223,NAJWUR__ligand30702-0
224,NAJWUR__ligand9441-0
225,NAJWUR__ligand20251-0
226,NAJWUR__ligand2332-0
227,NAJWUR__ligand20539-0
228,NAJWUR__ligand4-0
229,NAJWUR__ligand31097-0
230,NAJWUR__ligand21581-0
231,NAJWUR__ligand14117-0
232,NAJWUR__ligand1530-0
233,NAJWUR__ligand17261-0
234,NAJWUR__ligand1575-0
235,NAJWUR__ligand9933-0
236,NAJWUR__ligand1631-0
237,NAJWUR__ligand21371-0
238,NAJWUR__ligand17118-0
239,NAJWUR__ligand20419-0
240,NAJWUR__ligand28789-0
241,NAJWUR__ligand3156-0
242,NAJWUR__ligand2915-0
243,NAJWUR__ligand29568-0
244,NAJWUR__ligand1378-0
245,NAJWUR__ligand361-0
246,NAJWUR__ligand6244-0
247,NAJWUR__ligand324-0
248,NAJWUR__ligand14889-0
249,NAJWUR__ligand30851-0
250,NAJWUR__ligand409-0
251,NAJWUR__ligand17982-0
252,NAJWUR__ligand29414-0
253,NAJWUR__ligand588-0
254,NAJWUR__ligand17278-0
255,NAJWUR__ligand20011-0
256,NAJWUR__ligand9601-0
257,NAJWUR__ligand8992-0
258,NAJWUR__ligand17398-0
259,NAJWUR__ligand1018-0
260,NAJWUR__ligand4116-0
261,NAJWUR__ligand300-0
262,NAJWUR__ligand24047-0
263,NAJWUR__ligand22557-0
264,NAJWUR__ligand10589-0
265,NAJWUR__ligand20598-0
266,NAJWUR__ligand3707-0
267,NAJWUR__ligand6124-0
268,NAJWUR__ligand7967-0
269,NAJWUR__ligand11675-0
270,NAJWUR__ligand14703-0
271,NAJWUR__ligand16475-0
272,NAJWUR__ligand1324-0
273,NAJWUR__ligand8721-0
274,NAJWUR__ligand5643-0
275,NAJWUR__ligand1823-0
276,NAJWUR__ligand199-0
277,NAJWUR__ligand5036-0
278,NAJWUR__ligand2526-0
279,NAJWUR__ligand1615-0
280,NAJWUR__ligand9111-0
281,NAJWUR__ligand9952-0
282,NAJWUR__ligand20251-1
283,NAJWUR__ligand8876-0
284,NAJWUR__ligand2828-0
285,NAJWUR__ligand7648-0
286,NAJWUR__ligand30333-0
287,NAJWUR__ligand9833-0
288,NAJWUR__ligand5256-0
289,NAJWUR__ligand4157-0
290,NAJWUR__ligand12606-0
291,NAJWUR__ligand534-0
292,NAJWUR__ligand17281-0
293,NAJWUR__ligand571-0
294,NAJWUR__ligand2232-0
295,NAJWUR__ligand30296-0
296,NAJWUR__ligand45-0
297,NAJWUR__ligand12337-0
298,NAJWUR__ligand670-0
299,NAJWUR__ligand2176-0
300,NAJWUR__ligand29410-0
301,NAJWUR__ligand26540-0
302,NAJWUR__ligand9291-0
303,NAJWUR__ligand6768-0
304,NAJWUR__ligand20740-0
305,NAJWUR__ligand28468-0
306,NAJWUR__ligand8115-0
307,NAJWUR__ligand7000-0
308,NAJWUR__ligand1982-0
309,NAJWUR__ligand12427-0
310,NAJWUR__ligand16628-0
311,NAJWUR__ligand78-0
312,NAJWUR__ligand1285-0
313,NAJWUR__ligand4503-0
314,NAJWUR__ligand4546-0
315,NAJWUR__ligand27460-0
316,NAJWUR__ligand4016-0
317,NAJWUR__ligand694-0
318,NAJWUR__ligand19-0
319,NAJWUR__ligand27175-0
320,NAJWUR__ligand18832-0
321,NAJWUR__ligand23713-0
322,NAJWUR__ligand7867-0
323,NAJWUR__ligand30988-0
324,NAJWUR__ligand6709-0
325,NAJWUR__ligand1219-0
326,NAJWUR__ligand27893-0
327,NAJWUR__ligand488-0
328,NAJWUR__ligand7280-0
329,NAJWUR__ligand14723-0
330,NAJWUR__ligand1790-0
331,NAJWUR__ligand1304-0
332,NAJWUR__ligand358-0
333,NAJWUR__ligand7238-0
334,NAJWUR__ligand19641-0
335,NAJWUR__ligand20578-0
336,NAJWUR__ligand12934-0
337,NAJWUR__ligand15422-0
338,NAJWUR__ligand430-0
339,NAJWUR__ligand9784-0
340,NAJWUR__ligand1451-0
341,NAJWUR__ligand4272-0
342,NAJWUR__ligand7629-0
343,NAJWUR__ligand31783-0
344,NAJWUR__ligand17258-0
345,NAJWUR__ligand4093-0
346,NAJWUR__ligand4442-0
347,NAJWUR__ligand3954-0
348,NAJWUR__ligand14603-0
349,NAJWUR__ligand14297-0
350,NAJWUR__ligand26665-0
351,NAJWUR__ligand24-0
352,NAJWUR__ligand9520-0
353,NAJWUR__ligand17631-0
354,NAJWUR__ligand1160-0
355,NAJWUR__ligand13012-0
356,NAJWUR__ligand8699-0
357,NAJWUR__ligand17302-0
358,NAJWUR__ligand7106-0
359,NAJWUR__ligand17805-0
360,NAJWUR__ligand7242-0
361,NAJWUR__ligand23769-0
362,NAJWUR__ligand24185-0
363,NAJWUR__ligand25178-0
364,NAJWUR__ligand9908-0
365,NAJWUR__ligand1263-0
366,NAJWUR__ligand656-0
367,NAJWUR__ligand9935-0
368,NAJWUR__ligand24145-0
369,NAJWUR__ligand12401-0
370,NAJWUR__ligand1536-0
371,NAJWUR__ligand15585-0
372,NAJWUR__ligand1573-0
373,NAJWUR__ligand1959-0
374,NAJWUR__ligand13068-0
375,NAJWUR__ligand19830-0
376,NAJWUR__ligand10476-0
377,NAJWUR__ligand3504-0
378,NAJWUR__ligand696-0
379,NAJWUR__ligand4661-0
380,NAJWUR__ligand12130-0
381,NAJWUR__ligand1844-0
382,NAJWUR__ligand17387-0
383,NAJWUR__ligand18292-0
384,NAJWUR__ligand12289-0
385,NAJWUR__ligand26702-0
386,NAJWUR__ligand13658-0
387,NAJWUR__ligand3035-0
388,NAJWUR__ligand1343-0
389,NAJWUR__ligand3876-0
390,NAJWUR__ligand6616-0
391,NAJWUR__ligand12231-0
392,NAJWUR__ligand3718-0
393,NAJWUR__ligand226-0
394,NAJWUR__ligand3565-0
395,NAJWUR__ligand18814-0
396,NAJWUR__ligand19057-0
397,NAJWUR__ligand13425-0
398,NAJWUR__ligand29302-0
399,NAJWUR__ligand5331-0
400,NAJWUR__ligand1512-0
401,NAJWUR__ligand162-0
402,NAJWUR__ligand6919-0
403,NAJWUR__ligand2485-0
404,NAJWUR__ligand383-0
405,NAJWUR__ligand3852-0
406,NAJWUR__ligand27763-0
407,NAJWUR__ligand28676-0
408,NAJWUR__ligand10262-0
409,NAJWUR__ligand416-0
410,NAJWUR__ligand12641-0
411,NAJWUR__ligand4155-0
412,NAJWUR__ligand3094-0
413,NAJWUR__ligand5211-0
414,NAJWUR__ligand10958-0
415,NAJWUR__ligand14108-0
416,NAJWUR__ligand6839-0
417,NAJWUR__ligand3937-0
418,NAJWUR__ligand1202-0
419,NAJWUR__ligand3174-0
420,NAJWUR__ligand3131-0
421,NAJWUR__ligand8969-0
422,NAJWUR__ligand4720-0
423,NAJWUR__ligand11682-0
424,NAJWUR__ligand7196-0
425,NAJWUR__ligand5159-0
426,NAJWUR__ligand20207-0
427,NAJWUR__ligand30711-0
428,NAJWUR__ligand1787-0
429,NAJWUR__ligand1356-0
430,NAJWUR__ligand5530-0
431,NAJWUR__ligand9753-0
432,NAJWUR__ligand16988-0
433,NAJWUR__ligand25913-0
434,NAJWUR__ligand3178-0
435,NAJWUR__ligand116-0
436,NAJWUR__ligand252-0
437,NAJWUR__ligand4807-0
438,NAJWUR__ligand16663-0
439,NAJWUR__ligand4711-0
440,NAJWUR__ligand193-0
441,NAJWUR__ligand3244-0
442,NAJWUR__ligand14614-0
443,NAJWUR__ligand2906-0
444,NAJWUR__ligand24035-0
445,NAJWUR__ligand830-0
446,NAJWUR__ligand4649-0
447,NAJWUR__ligand31044-0
448,NAJWUR__ligand8793-0
449,NAJWUR__ligand5649-0
450,NAJWUR__ligand31842-0
451,NAJWUR__ligand2788-0
452,NAJWUR__ligand11994-0
453,NAJWUR__ligand372-0
454,NAJWUR__ligand909-0
455,NAJWUR__ligand8612-0
456,NAJWUR__ligand2124-0
457,NAJWUR__ligand12365-0
458,NAJWUR__ligand10056-0
459,NAJWUR__ligand17-0
460,NAJWUR__ligand7092-0
461,NAJWUR__ligand2260-0
462,NAJWUR__ligand11357-0
463,NAJWUR__ligand13862-0
464,NAJWUR__ligand1153-0
465,NAJWUR__ligand3225-0
466,NAJWUR__ligand28743-0
467,NAJWUR__ligand1116-0
468,NAJWUR__ligand15531-0
469,NAJWUR__ligand7273-0
470,NAJWUR__ligand22168-0
471,NAJWUR__ligand28930-0
472,NAJWUR__ligand22294-0
473,NAJWUR__ligand9323-0
474,NAJWUR__ligand7172-0
475,NAJWUR__ligand21919-0
476,NAJWUR__ligand5180-0
477,NAJWUR__ligand11970-0
478,NAJWUR__ligand15883-0
479,NAJWUR__ligand28810-0
480,NAJWUR__ligand11096-0
481,NAJWUR__ligand7316-0
482,NAJWUR__ligand11447-0
483,NAJWUR__ligand24230-0
484,NAJWUR__ligand5708-0
485,NAJWUR__ligand15926-0
486,NAJWUR__ligand177-0
487,NAJWUR__ligand6017-0
488,NAJWUR__ligand19792-0
489,NAJWUR__ligand10828-0
490,NAJWUR__ligand1832-0
491,NAJWUR__ligand8788-0
492,NAJWUR__ligand2043-0
493,NAJWUR__ligand1228-0
494,NAJWUR__ligand9943-0
495,NAJWUR__ligand13477-0
496,NAJWUR__ligand14167-0
497,NAJWUR__ligand188-0
498,NAJWUR__ligand30142-0
499,NAJWUR__ligand27669-0
500,NAJWUR__ligand1604-0
501,NAJWUR__ligand564-0
502,NAJWUR__ligand1114-0
503,NAJWUR__ligand27285-0
504,NAJWUR__ligand29029-0
505,NAJWUR__ligand6391-0
506,NAJWUR__ligand3126-0
507,NAJWUR__ligand620-0
508,NAJWUR__ligand9284-0
509,NAJWUR__ligand370-1
510,NAJWUR__ligand23197-0
511,NAJWUR__ligand479-0
512,NAJWUR__ligand2417-0
513,NAJWUR__ligand311-0
514,NAJWUR__ligand785-0
515,NAJWUR__ligand89-0
516,NAJWUR__ligand1289-0
517,NAJWUR__ligand2203-0
518,NAJWUR__ligand5387-0
519,NAJWUR__ligand10371-0
520,NAJWUR__ligand13672-0
521,NAJWUR__ligand370-0
522,NAJWUR__ligand18568-0
523,NAJWUR__ligand28685-0
524,NAJWUR__ligand19184-0
525,NAJWUR__ligand9450-0
526,NAJWUR__ligand250-0
527,NAJWUR__ligand49-0
528,NAJWUR__ligand1599-0
529,NAJWUR__ligand12453-0
530,NAJWUR__ligand18448-0
531,NAJWUR__ligand2612-0
532,NAJWUR__ligand28459-0
533,NAJWUR__ligand29215-0
534,NAJWUR__ligand3736-0
535,NAJWUR__ligand8000-0
536,NAJWUR__ligand9344-0
537,NAJWUR__ligand16148-0
538,NAJWUR__ligand26631-0
539,NAJWUR__ligand2693-0
540,NAJWUR__ligand5383-0
541,NAJWUR__ligand12003-0
542,NAJWUR__ligand21399-0
543,NAJWUR__ligand294-0
544,NAJWUR__ligand10872-0
545,NAJWUR__ligand3945-0
546,NAJWUR__ligand9299-0
547,NAJWUR__ligand22403-0
548,NAJWUR__ligand4007-0
549,NAJWUR__ligand685-0
550,NAJWUR__ligand2985-0
551,NAJWUR__ligand20695-0
552,NAJWUR__ligand27754-0
553,NAJWUR__ligand3677-1
554,NAJWUR__ligand9883-0
555,NAJWUR__ligand421-0
556,NAJWUR__ligand16369-0
557,NAJWUR__ligand28540-0
558,NAJWUR__ligand11111-0
559,NAJWUR__ligand7291-0
560,NAJWUR__ligand1168-0
561,NAJWUR__ligand1294-0
562,NAJWUR__ligand235-0
563,NAJWUR__ligand69-0
564,NAJWUR__ligand3632-0
565,NAJWUR__ligand3677-0
566,NAJWUR__ligand134-0
567,NAJWUR__ligand26529-0
568,NAJWUR__ligand11618-0
569,NAJWUR__ligand6699-0
570,NAJWUR__ligand1499-0
571,NAJWUR__ligand19927-0
572,NAJWUR__ligand2881-0
573,NAJWUR__ligand28559-0
574,NAJWUR__ligand26324-0
575,NAJWUR__ligand14043-0
576,NAJWUR__ligand8-0
577,NAJWUR__ligand3712-0
578,NAJWUR__ligand1464-0
579,NAJWUR__ligand21729-0
580,NAJWUR__ligand27239-0
581,NAJWUR__ligand1211-0
582,NAJWUR__ligand560-0
583,NAJWUR__ligand6892-0
584,NAJWUR__ligand11-0
585,NAJWUR__ligand11949-0
586,NAJWUR__ligand5595-0
587,NAJWUR__ligand4101-0
588,NAJWUR__ligand22129-0
589,NAJWUR__ligand352-0
590,NAJWUR__ligand783-0
591,NAJWUR__ligand12138-0
592,NAJWUR__ligand24780-0
593,NAJWUR__ligand25561-0
594,NAJWUR__ligand2221-0
595,NAJWUR__ligand4358-0
596,NAJWUR__ligand3120-0
597,NAJWUR__ligand3926-0
598,NAJWUR__ligand1197-0
599,NAJWUR__ligand5099-0
600,NAJWUR__ligand31694-0
601,NAJWUR__ligand8592-0
602,NAJWUR__ligand1296-0
603,NAJWUR__ligand29486-0
604,NAJWUR__ligand2259-0
605,NAJWUR__ligand9773-0
606,NAJWUR__ligand868-0
607,NAJWUR__ligand17427-0
608,NAJWUR__ligand1376-0
609,NAJWUR__ligand5510-0
610,NAJWUR__ligand14569-0
611,NAJWUR__ligand2238-0
612,NAJWUR__ligand13385-0
613,NAJWUR__ligand24111-0
614,NAJWUR__ligand22444-0
615,NAJWUR__ligand9167-0
616,NAJWUR__ligand5304-0
617,NAJWUR__ligand1317-0
618,NAJWUR__ligand3867-0
619,NAJWUR__ligand13220-0
620,NAJWUR__ligand2822-0
621,NAJWUR__ligand11587-0
622,NAJWUR__ligand7293-0
623,NAJWUR__ligand17396-0
624,NAJWUR__ligand23175-0
625,NAJWUR__ligand15788-0
626,NAJWUR__ligand27840-0
627,NAJWUR__ligand30728-0
628,NAJWUR__ligand24872-0
629,NAJWUR__ligand5509-0
630,NAJWUR__ligand8002-0
631,NAJWUR__ligand6117-0
632,NAJWUR__ligand1407-0
633,NAJWUR__ligand7762-0
634,NAJWUR__ligand5080-0
635,NAJWUR__ligand10033-0
636,NAJWUR__ligand24644-0
637,NAJWUR__ligand197-0
638,NAJWUR__ligand12001-0
639,NAJWUR__ligand24851-0
640,NAJWUR__ligand4207-0
641,NAJWUR__ligand20530-0
642,NAJWUR__ligand11698-0
643,NAJWUR__ligand14347-0
644,NAJWUR__ligand13657-0
645,NAJWUR__ligand14302-0
646,NAJWUR__ligand3416-0
647,NAJWUR__ligand784-0
648,NAJWUR__ligand3453-0
649,NAJWUR__ligand1150-0
650,NAJWUR__ligand51-0
651,NAJWUR__ligand10479-0
652,NAJWUR__ligand27610-0
653,NAJWUR__ligand11479-0
654,NAJWUR__ligand29441-0
655,NAJWUR__ligand10853-0
656,NAJWUR__ligand1539-0
657,NAJWUR__ligand91-0
658,NAJWUR__ligand7438-0
659,NAJWUR__ligand8200-0
660,NAJWUR__ligand4063-0
661,NAJWUR__ligand29813-0
662,NAJWUR__ligand16952-0
663,NAJWUR__ligand20220-0
664,NAJWUR__ligand368-0
665,NAJWUR__ligand395-0
666,NAJWUR__ligand15387-0
667,NAJWUR__ligand3042-0
668,NAJWUR__ligand20121-0
669,NAJWUR__ligand3557-0
670,NAJWUR__ligand48-0
671,NAJWUR__ligand3980-0
672,NAJWUR__ligand1149-0
673,NAJWUR__ligand115-0
674,NAJWUR__ligand7075-0
675,NAJWUR__ligand9750-0
676,NAJWUR__ligand10151-0
677,NAJWUR__ligand1779-0
678,NAJWUR__ligand1817-0
679,NAJWUR__ligand6993-0
680,NAJWUR__ligand19668-0
681,NAJWUR__ligand4167-0
682,NAJWUR__ligand19906-0
683,NAJWUR__ligand833-0
684,NAJWUR__ligand1400-0
685,NAJWUR__ligand4266-0
686,NAJWUR__ligand9491-0
687,NAJWUR__ligand22353-0
688,NAJWUR__ligand1288-0
689,NAJWUR__ligand8042-0
690,NAJWUR__ligand11606-0
691,NAJWUR__ligand6112-0
692,NAJWUR__ligand1828-0
693,NAJWUR__ligand31000-0
694,NAJWUR__ligand7213-0
695,NAJWUR__ligand1397-0
696,NAJWUR__ligand5755-0
697,NAJWUR__ligand506-0
698,NAJWUR__ligand4710-0
699,NAJWUR__ligand32-0
700,NAJWUR__ligand26673-0
701,NAJWUR__ligand5085-0
702,NAJWUR__ligand3144-0
703,NAJWUR__ligand20821-0
704,NAJWUR__ligand4795-0
705,NAJWUR__ligand3285-0
706,NAJWUR__ligand152-0
707,NAJWUR__ligand19824-0
708,NAJWUR__ligand1908-0
709,NAJWUR__ligand18067-0
710,NAJWUR__ligand5630-0
711,NAJWUR__ligand11252-0
712,NAJWUR__ligand1786-0
713,NAJWUR__ligand10582-0
714,NAJWUR__ligand13260-0
715,NAJWUR__ligand17686-0
716,NAJWUR__ligand25658-0
717,NAJWUR__ligand176-0
718,NAJWUR__ligand31205-0
719,NAJWUR__ligand6663-0
720,NAJWUR__ligand746-0
721,NAJWUR__ligand5515-0
722,NAJWUR__ligand11177-0
723,NAJWUR__ligand15455-0
724,NAJWUR__ligand447-0
725,NAJWUR__ligand1831-0
726,NAJWUR__ligand5614-0
727,NAJWUR__ligand5280-0
728,NAJWUR__ligand16870-0
729,NAJWUR__ligand1849-0
730,NAJWUR__ligand11622-0
731,NAJWUR__ligand487-0
732,NAJWUR__ligand11814-0
733,NAJWUR__ligand1216-0
734,NAJWUR__ligand16-0
735,NAJWUR__ligand5019-0
736,NAJWUR__ligand16603-0
737,NAJWUR__ligand3261-0
738,NAJWUR__ligand1152-0
739,NAJWUR__ligand14339-0
740,NAJWUR__ligand7566-0
741,NAJWUR__ligand30788-0
742,NAJWUR__ligand393-0
743,NAJWUR__ligand2001-0
744,NAJWUR__ligand13691-0
745,NAJWUR__ligand8593-0
746,NAJWUR__ligand21752-0
747,NAJWUR__ligand9944-0
748,NAJWUR__ligand57-0
749,NAJWUR__ligand18757-0
750,NAJWUR__ligand8553-0
751,NAJWUR__ligand24560-0
752,NAJWUR__ligand1113-0
753,NAJWUR__ligand18413-0
754,NAJWUR__ligand20844-0
755,NAJWUR__ligand24624-0
756,NAJWUR__ligand5201-0
757,NAJWUR__ligand353-0
758,NAJWUR__ligand5415-0
759,NAJWUR__ligand196-0
760,NAJWUR__ligand30004-0
761,NAJWUR__ligand20557-0
762,NAJWUR__ligand4124-0
763,NAJWUR__ligand3471-0
764,NAJWUR__ligand4161-0
765,NAJWUR__ligand25048-0
766,NAJWUR__ligand2823-0
767,NAJWUR__ligand21940-0
768,NAJWUR__ligand422-0
769,NAJWUR__ligand6995-0
770,NAJWUR__ligand20432-0
771,NAJWUR__ligand27122-0
772,NAJWUR__ligand3180-0
773,NAJWUR__ligand686-0
774,NAJWUR__ligand13755-0
775,NAJWUR__ligand16133-0
776,NAJWUR__ligand24953-0
777,NAJWUR__ligand23445-0
778,NAJWUR__ligand4340-0
779,NAJWUR__ligand2650-0
780,NAJWUR__ligand2281-0
781,NAJWUR__ligand17069-0
782,NAJWUR__ligand1050-0
783,NAJWUR__ligand465-0
784,NAJWUR__ligand1015-0
785,NAJWUR__ligand14477-0
786,NAJWUR__ligand17445-0
787,NAJWUR__ligand2027-0
788,NAJWUR__ligand12413-0
789,NAJWUR__ligand29334-0
790,NAJWUR__ligand20731-0
791,NAJWUR__ligand11798-0
792,NAJWUR__ligand34-0
793,NAJWUR__ligand1618-0
794,NAJWUR__ligand2692-0
795,NAJWUR__ligand21448-0
796,NAJWUR__ligand22357-0
797,NAJWUR__ligand314-1
798,NAJWUR__ligand11758-0
799,NAJWUR__ligand29214-0
800,NAJWUR__ligand4262-0
801,NAJWUR__ligand11501-0
802,NAJWUR__ligand11544-0
803,NAJWUR__ligand1028-0
804,NAJWUR__ligand27550-0
805,NAJWUR__ligand9615-0
806,NAJWUR__ligand1154-0
807,NAJWUR__ligand55-0
808,NAJWUR__ligand1498-0
809,NAJWUR__ligand780-0
810,NAJWUR__ligand314-0
811,NAJWUR__ligand4596-0
812,NAJWUR__ligand18019-1
813,NAJWUR__ligand14007-0
814,NAJWUR__ligand813-0
815,NAJWUR__ligand391-0
816,NAJWUR__ligand29565-0
817,NAJWUR__ligand23682-0
818,NAJWUR__ligand18158-0
819,NAJWUR__ligand27771-0
820,NAJWUR__ligand1169-0
821,NAJWUR__ligand68-0
822,NAJWUR__ligand20942-1
823,NAJWUR__ligand8529-0
824,NAJWUR__ligand21339-0
825,NAJWUR__ligand14226-0
826,NAJWUR__ligand16956-0
827,NAJWUR__ligand618-0
