,TMC
0,IHUDIZ__ligand497-0
1,IHUDIZ__ligand4370-0
2,IHUDIZ__ligand532-0
3,IHUDIZ__ligand633-0
4,IHUDIZ__ligand918-0
5,IHUDIZ__ligand166-0
6,IHUDIZ__ligand1436-0
7,IHUDIZ__ligand2618-0
8,IHUDIZ__ligand3618-0
9,IHUDIZ__ligand838-0
10,IHUDIZ__ligand206-0
11,IHUDIZ__ligand4175-0
12,IHUDIZ__ligand142-0
13,IHUDIZ__ligand2255-0
14,IHUDIZ__ligand89-0
15,IHUDIZ__ligand436-0
16,IHUDIZ__ligand326-0
17,IHUDIZ__ligand49-0
18,IHUDIZ__ligand821-0
19,IHUDIZ__ligand1918-0
20,IHUDIZ__ligand283-0
21,IHUDIZ__ligand553-0
22,IHUDIZ__ligand4012-0
23,IHUDIZ__ligand3196-0
24,IHUDIZ__ligand409-0
25,IHUDIZ__ligand324-0
26,IHUDIZ__ligand361-0
27,IHUDIZ__ligand140-0
28,IHUDIZ__ligand105-0
29,IHUDIZ__ligand2915-0
30,IHUDIZ__ligand2707-0
31,IHUDIZ__ligand199-0
32,IHUDIZ__ligand927-0
33,IHUDIZ__ligand17-0
34,IHUDIZ__ligand1690-0
35,IHUDIZ__ligand1551-0
36,IHUDIZ__ligand92-0
37,IHUDIZ__ligand2526-0
38,IHUDIZ__ligand575-0
39,IHUDIZ__ligand4423-0
40,IHUDIZ__ligand1907-0
41,IHUDIZ__ligand3890-0
42,IHUDIZ__ligand509-0
43,IHUDIZ__ligand7630-0
44,IHUDIZ__ligand571-0
45,IHUDIZ__ligand118-0
46,IHUDIZ__ligand670-0
47,IHUDIZ__ligand1285-0
48,IHUDIZ__ligand1555-0
49,IHUDIZ__ligand7550-0
50,IHUDIZ__ligand1-0
51,IHUDIZ__ligand278-0
52,IHUDIZ__ligand365-0
53,IHUDIZ__ligand1160-0
54,IHUDIZ__ligand2253-0
55,IHUDIZ__ligand430-0
56,IHUDIZ__ligand2954-0
57,IHUDIZ__ligand5093-0
58,IHUDIZ__ligand358-0
59,IHUDIZ__ligand2762-0
60,IHUDIZ__ligand669-0
61,IHUDIZ__ligand1038-0
62,IHUDIZ__ligand15630-0
63,IHUDIZ__ligand3251-0
64,IHUDIZ__ligand10357-0
65,IHUDIZ__ligand4619-0
66,IHUDIZ__ligand6143-0
67,IHUDIZ__ligand5235-0
68,IHUDIZ__ligand3-0
69,IHUDIZ__ligand2718-0
70,IHUDIZ__ligand3070-0
71,IHUDIZ__ligand3035-0
72,IHUDIZ__ligand1493-0
73,IHUDIZ__ligand9176-0
74,IHUDIZ__ligand3478-0
75,IHUDIZ__ligand3852-0
76,IHUDIZ__ligand5758-0
77,IHUDIZ__ligand383-0
78,IHUDIZ__ligand7456-0
79,IHUDIZ__ligand11-0
80,IHUDIZ__ligand226-0
81,IHUDIZ__ligand1818-0
82,IHUDIZ__ligand162-0
83,IHUDIZ__ligand1221-0
84,IHUDIZ__ligand1264-0
85,IHUDIZ__ligand6430-0
86,IHUDIZ__ligand1299-0
87,IHUDIZ__ligand32-0
88,IHUDIZ__ligand141-0
89,IHUDIZ__ligand1379-0
90,IHUDIZ__ligand240-0
91,IHUDIZ__ligand4-0
92,IHUDIZ__ligand2376-0
93,IHUDIZ__ligand2929-0
94,IHUDIZ__ligand6571-0
95,IHUDIZ__ligand2482-0
96,IHUDIZ__ligand1325-0
97,IHUDIZ__ligand1104-0
98,IHUDIZ__ligand384-0
99,IHUDIZ__ligand5762-0
100,IHUDIZ__ligand7414-0
101,IHUDIZ__ligand120-0
102,IHUDIZ__ligand2442-0
103,IHUDIZ__ligand1019-0
104,IHUDIZ__ligand757-0
105,IHUDIZ__ligand51-0
106,IHUDIZ__ligand1858-0
107,IHUDIZ__ligand8032-0
108,IHUDIZ__ligand2480-0
109,IHUDIZ__ligand4504-0
110,IHUDIZ__ligand3051-0
111,IHUDIZ__ligand1898-0
112,IHUDIZ__ligand2315-0
113,IHUDIZ__ligand29-0
114,IHUDIZ__ligand91-0
115,IHUDIZ__ligand5334-0
116,IHUDIZ__ligand797-0
117,IHUDIZ__ligand6-0
118,IHUDIZ__ligand2389-0
119,IHUDIZ__ligand48-0
120,IHUDIZ__ligand1919-0
121,IHUDIZ__ligand3579-0
122,IHUDIZ__ligand2916-0
123,IHUDIZ__ligand2110-0
124,IHUDIZ__ligand1712-0
125,IHUDIZ__ligand861-0
126,IHUDIZ__ligand366-0
127,IHUDIZ__ligand1307-0
128,IHUDIZ__ligand187-0
129,IHUDIZ__ligand612-0
130,IHUDIZ__ligand596-0
131,IHUDIZ__ligand34-0
132,IHUDIZ__ligand14530-0
133,IHUDIZ__ligand6166-0
134,IHUDIZ__ligand126-0
135,IHUDIZ__ligand55-0
136,IHUDIZ__ligand1246-0
137,IHUDIZ__ligand95-0
138,IHUDIZ__ligand2599-0
139,IHUDIZ__ligand5089-0
140,IHUDIZ__ligand2853-0
141,IHUDIZ__ligand10910-0
142,IHUDIZ__ligand3853-0
143,IHUDIZ__ligand3566-0
144,IHUDIZ__ligand1178-0
145,IHUDIZ__ligand10114-0
146,IHUDIZ__ligand1321-0
147,IHUDIZ__ligand119-0
148,IHUDIZ__ligand124-0
149,IHUDIZ__ligand1788-0
150,IHUDIZ__ligand57-0
151,IHUDIZ__ligand201-0
152,IHUDIZ__ligand244-0
153,IHUDIZ__ligand100-0
154,IHUDIZ__ligand10479-0
155,IHUDIZ__ligand73-0
156,IHUDIZ__ligand4894-0
157,IHUDIZ__ligand1260-0
158,IHUDIZ__ligand9620-0
159,IHUDIZ__ligand321-0
160,IHUDIZ__ligand4811-0
161,IHUDIZ__ligand1449-1
162,IHUDIZ__ligand7514-0
163,IHUDIZ__ligand3337-0
164,IHUDIZ__ligand178-0
165,IHUDIZ__ligand279-0
166,IHUDIZ__ligand8774-0
167,IHUDIZ__ligand485-0
168,IHUDIZ__ligand3637-0
169,IHUDIZ__ligand355-0
170,IHUDIZ__ligand784-0
171,IHUDIZ__ligand291-0
172,IHUDIZ__ligand1054-0
173,IHUDIZ__ligand6294-0
174,IHUDIZ__ligand1248-0
175,IHUDIZ__ligand4303-0
176,IHUDIZ__ligand1598-0
177,IHUDIZ__ligand7464-0
178,IHUDIZ__ligand66-0
179,IHUDIZ__ligand115-0
180,IHUDIZ__ligand2907-0
181,IHUDIZ__ligand21-0
182,IHUDIZ__ligand2430-0
183,IHUDIZ__ligand1703-0
184,IHUDIZ__ligand682-0
185,IHUDIZ__ligand2862-0
186,IHUDIZ__ligand1056-0
187,IHUDIZ__ligand2320-0
188,IHUDIZ__ligand2510-0
189,IHUDIZ__ligand1567-0
190,IHUDIZ__ligand2285-0
191,IHUDIZ__ligand8921-0
192,IHUDIZ__ligand666-0
193,IHUDIZ__ligand522-0
194,IHUDIZ__ligand487-0
195,IHUDIZ__ligand1607-0
196,IHUDIZ__ligand38-0
197,IHUDIZ__ligand1152-0
198,IHUDIZ__ligand40-0
199,IHUDIZ__ligand447-0
200,IHUDIZ__ligand1727-0
201,IHUDIZ__ligand133-0
202,IHUDIZ__ligand353-0
203,IHUDIZ__ligand1502-0
204,IHUDIZ__ligand4983-0
205,IHUDIZ__ligand1835-0
206,IHUDIZ__ligand2794-0
207,IHUDIZ__ligand2345-0
208,IHUDIZ__ligand9027-0
209,IHUDIZ__ligand236-0
210,IHUDIZ__ligand6396-0
211,IHUDIZ__ligand2265-0
212,IHUDIZ__ligand1113-0
213,IHUDIZ__ligand113-0
214,IHUDIZ__ligand422-0
215,IHUDIZ__ligand1273-0
216,IHUDIZ__ligand18-0
217,IHUDIZ__ligand1052-0
218,IHUDIZ__ligand196-0
219,IHUDIZ__ligand502-0
220,IHUDIZ__ligand2864-0
221,IHUDIZ__ligand6538-0
222,IHUDIZ__ligand9495-0
223,IHUDIZ__ligand2772-0
224,IHUDIZ__ligand210-0
225,IHUDIZ__ligand6151-0
226,IHUDIZ__ligand2142-0
227,IHUDIZ__ligand62-0
228,IHUDIZ__ligand8-0
229,IHUDIZ__ligand1799-0
230,IHUDIZ__ligand3838-0
231,IHUDIZ__ligand2838-0
232,IHUDIZ__ligand2880-0
233,IHUDIZ__ligand5941-0
234,IHUDIZ__ligand170-0
235,IHUDIZ__ligand391-0
236,IHUDIZ__ligand314-0
237,IHUDIZ__ligand86-0
238,IHUDIZ__ligand481-0
239,IHUDIZ__ligand5022-0
240,IHUDIZ__ligand1169-0
241,IHUDIZ__ligand6332-0
242,IHUDIZ__ligand830-0
243,IHUDIZ__ligand3178-0
244,IHUDIZ__ligand193-0
245,IHUDIZ__ligand2863-0
246,IHUDIZ__ligand2098-0
247,IHUDIZ__ligand6502-0
248,IHUDIZ__ligand1747-0
249,IHUDIZ__ligand6686-0
250,IHUDIZ__ligand955-0
251,IHUDIZ__ligand7915-0
252,IHUDIZ__ligand252-0
253,IHUDIZ__ligand5548-0
254,IHUDIZ__ligand3145-0
255,IHUDIZ__ligand2751-0
256,IHUDIZ__ligand934-0
257,IHUDIZ__ligand177-0
258,IHUDIZ__ligand1542-0
259,IHUDIZ__ligand2634-0
260,IHUDIZ__ligand851-0
261,IHUDIZ__ligand909-0
262,IHUDIZ__ligand3041-0
263,IHUDIZ__ligand9244-0
264,IHUDIZ__ligand11730-0
265,IHUDIZ__ligand311-0
266,IHUDIZ__ligand1228-0
267,IHUDIZ__ligand188-0
268,IHUDIZ__ligand1538-0
269,IHUDIZ__ligand369-0
270,IHUDIZ__ligand444-0
271,IHUDIZ__ligand1114-0
272,IHUDIZ__ligand250-0
273,IHUDIZ__ligand3246-0
274,IHUDIZ__ligand67-0
275,IHUDIZ__ligand460-0
276,IHUDIZ__ligand370-0
277,IHUDIZ__ligand1148-0
278,IHUDIZ__ligand1479-0
279,IHUDIZ__ligand421-0
280,IHUDIZ__ligand798-0
281,IHUDIZ__ligand1171-0
282,IHUDIZ__ligand584-0
283,IHUDIZ__ligand916-0
284,IHUDIZ__ligand993-0
285,IHUDIZ__ligand3063-0
286,IHUDIZ__ligand1438-0
287,IHUDIZ__ligand294-0
288,IHUDIZ__ligand5801-0
289,IHUDIZ__ligand331-0
290,IHUDIZ__ligand109-0
291,IHUDIZ__ligand1459-0
292,IHUDIZ__ligand525-0
293,IHUDIZ__ligand560-0
294,IHUDIZ__ligand1544-0
295,IHUDIZ__ligand390-0
296,IHUDIZ__ligand1685-0
297,IHUDIZ__ligand235-0
298,IHUDIZ__ligand3757-0
299,IHUDIZ__ligand2087-0
300,IHUDIZ__ligand134-0
301,IHUDIZ__ligand932-0
302,IHUDIZ__ligand1048-0
303,IHUDIZ__ligand442-0
304,IHUDIZ__ligand1687-0
305,IHUDIZ__ligand1951-0
306,IHUDIZ__ligand868-0
307,IHUDIZ__ligand45-0
308,IHUDIZ__ligand6277-0
309,IHUDIZ__ligand136-0
310,IHUDIZ__ligand1376-0
311,IHUDIZ__ligand2768-0
312,IHUDIZ__ligand2259-0
313,IHUDIZ__ligand2688-0
314,IHUDIZ__ligand78-0
315,IHUDIZ__ligand85-0
316,IHUDIZ__ligand352-0
317,IHUDIZ__ligand783-0
318,IHUDIZ__ligand296-0
319,IHUDIZ__ligand197-0
320,IHUDIZ__ligand4381-0
321,IHUDIZ__ligand2629-0
322,IHUDIZ__ligand3734-0
323,IHUDIZ__ligand112-0
324,IHUDIZ__ligand1706-0
