,TMC
0,AQOYEM__ligand3579-0
1,AQOYEM__ligand86-0
2,AQOYEM__ligand126-0
3,AQOYEM__ligand2110-0
4,AQOYEM__ligand2916-0
5,AQOYEM__ligand1712-0
6,AQOYEM__ligand2389-0
7,AQOYEM__ligand1919-0
8,AQOYEM__ligand3051-0
9,AQOYEM__ligand4504-0
10,AQOYEM__ligand2480-0
11,AQOYEM__ligand861-0
12,AQOYEM__ligand1898-0
13,AQOYEM__ligand2315-0
14,AQOYEM__ligand366-0
15,AQOYEM__ligand187-0
16,AQOYEM__ligand612-0
17,AQOYEM__ligand62-0
18,AQOYEM__ligand5334-0
19,AQOYEM__ligand596-0
20,AQOYEM__ligand1858-0
21,AQOYEM__ligand8032-0
22,AQOYEM__ligand244-0
23,AQOYEM__ligand201-0
24,AQOYEM__ligand5762-0
25,AQOYEM__ligand7414-0
26,AQOYEM__ligand1104-0
27,AQOYEM__ligand18-0
28,AQOYEM__ligand100-0
29,AQOYEM__ligand2442-0
30,AQOYEM__ligand1019-0
31,AQOYEM__ligand321-0
32,AQOYEM__ligand6571-0
33,AQOYEM__ligand1325-0
34,AQOYEM__ligand2482-0
35,AQOYEM__ligand178-0
36,AQOYEM__ligand279-0
37,AQOYEM__ligand2376-0
38,AQOYEM__ligand2929-0
39,AQOYEM__ligand119-0
40,AQOYEM__ligand1264-0
41,AQOYEM__ligand1221-0
42,AQOYEM__ligand124-0
43,AQOYEM__ligand6430-0
44,AQOYEM__ligand1299-0
45,AQOYEM__ligand1379-0
46,AQOYEM__ligand40-0
47,AQOYEM__ligand1449-1
48,AQOYEM__ligand4811-0
49,AQOYEM__ligand3337-0
50,AQOYEM__ligand7514-0
51,AQOYEM__ligand384-0
52,AQOYEM__ligand1260-0
53,AQOYEM__ligand4894-0
54,AQOYEM__ligand9620-0
55,AQOYEM__ligand38-0
56,AQOYEM__ligand120-0
57,AQOYEM__ligand1788-0
58,AQOYEM__ligand141-0
59,AQOYEM__ligand240-0
60,AQOYEM__ligand3566-0
61,AQOYEM__ligand1178-0
62,AQOYEM__ligand21-0
63,AQOYEM__ligand1321-0
64,AQOYEM__ligand2599-0
65,AQOYEM__ligand5089-0
66,AQOYEM__ligand66-0
67,AQOYEM__ligand3853-0
68,AQOYEM__ligand2853-0
69,AQOYEM__ligand6166-0
70,AQOYEM__ligand1246-0
71,AQOYEM__ligand757-0
72,AQOYEM__ligand11730-0
73,AQOYEM__ligand1307-0
74,AQOYEM__ligand797-0
75,AQOYEM__ligand1551-0
76,AQOYEM__ligand278-0
77,AQOYEM__ligand2526-0
78,AQOYEM__ligand365-0
79,AQOYEM__ligand2707-0
80,AQOYEM__ligand358-0
81,AQOYEM__ligand430-0
82,AQOYEM__ligand669-0
83,AQOYEM__ligand1690-0
84,AQOYEM__ligand2915-0
85,AQOYEM__ligand78-0
86,AQOYEM__ligand509-0
87,AQOYEM__ligand85-0
88,AQOYEM__ligand571-0
89,AQOYEM__ligand3196-0
90,AQOYEM__ligand4012-0
91,AQOYEM__ligand670-0
92,AQOYEM__ligand45-0
93,AQOYEM__ligand118-0
94,AQOYEM__ligand1918-0
95,AQOYEM__ligand383-0
96,AQOYEM__ligand4175-0
97,AQOYEM__ligand226-0
98,AQOYEM__ligand2255-0
99,AQOYEM__ligand162-0
100,AQOYEM__ligand1436-0
101,AQOYEM__ligand3618-0
102,AQOYEM__ligand2618-0
103,AQOYEM__ligand4370-0
104,AQOYEM__ligand7456-0
105,AQOYEM__ligand206-0
106,AQOYEM__ligand142-0
107,AQOYEM__ligand1818-0
108,AQOYEM__ligand436-0
109,AQOYEM__ligand8-0
110,AQOYEM__ligand326-0
111,AQOYEM__ligand3478-0
112,AQOYEM__ligand3852-0
113,AQOYEM__ligand821-0
114,AQOYEM__ligand283-0
115,AQOYEM__ligand67-0
116,AQOYEM__ligand5758-0
117,AQOYEM__ligand553-0
118,AQOYEM__ligand497-0
119,AQOYEM__ligand2718-0
120,AQOYEM__ligand3035-0
121,AQOYEM__ligand3070-0
122,AQOYEM__ligand1493-0
123,AQOYEM__ligand532-0
124,AQOYEM__ligand918-0
125,AQOYEM__ligand633-0
126,AQOYEM__ligand9176-0
127,AQOYEM__ligand166-0
128,AQOYEM__ligand3251-0
129,AQOYEM__ligand4619-0
130,AQOYEM__ligand5235-0
131,AQOYEM__ligand838-0
132,AQOYEM__ligand6143-0
133,AQOYEM__ligand2253-0
134,AQOYEM__ligand199-0
135,AQOYEM__ligand1160-0
136,AQOYEM__ligand5093-0
137,AQOYEM__ligand2954-0
138,AQOYEM__ligand927-0
139,AQOYEM__ligand2762-0
140,AQOYEM__ligand1038-0
141,AQOYEM__ligand7550-0
142,AQOYEM__ligand575-0
143,AQOYEM__ligand7630-0
144,AQOYEM__ligand361-0
145,AQOYEM__ligand324-0
146,AQOYEM__ligand409-0
147,AQOYEM__ligand1285-0
148,AQOYEM__ligand1555-0
149,AQOYEM__ligand105-0
150,AQOYEM__ligand140-0
151,AQOYEM__ligand4423-0
152,AQOYEM__ligand1907-0
153,AQOYEM__ligand3890-0
154,AQOYEM__ligand109-0
155,AQOYEM__ligand11-0
156,AQOYEM__ligand1148-0
157,AQOYEM__ligand560-0
158,AQOYEM__ligand525-0
159,AQOYEM__ligand1479-0
160,AQOYEM__ligand10910-0
161,AQOYEM__ligand390-0
162,AQOYEM__ligand6-0
163,AQOYEM__ligand3246-0
164,AQOYEM__ligand235-0
165,AQOYEM__ligand932-0
166,AQOYEM__ligand134-0
167,AQOYEM__ligand798-0
168,AQOYEM__ligand421-0
169,AQOYEM__ligand916-0
170,AQOYEM__ligand584-0
171,AQOYEM__ligand1538-0
172,AQOYEM__ligand14530-0
173,AQOYEM__ligand1114-0
174,AQOYEM__ligand9244-0
175,AQOYEM__ligand993-0
176,AQOYEM__ligand1228-0
177,AQOYEM__ligand294-0
178,AQOYEM__ligand331-0
179,AQOYEM__ligand296-0
180,AQOYEM__ligand2634-0
181,AQOYEM__ligand1542-0
182,AQOYEM__ligand197-0
183,AQOYEM__ligand3041-0
184,AQOYEM__ligand2751-0
185,AQOYEM__ligand10479-0
186,AQOYEM__ligand112-0
187,AQOYEM__ligand6686-0
188,AQOYEM__ligand1747-0
189,AQOYEM__ligand4-0
190,AQOYEM__ligand442-0
191,AQOYEM__ligand868-0
192,AQOYEM__ligand7915-0
193,AQOYEM__ligand5548-0
194,AQOYEM__ligand136-0
195,AQOYEM__ligand3145-0
196,AQOYEM__ligand6332-0
197,AQOYEM__ligand3178-0
198,AQOYEM__ligand10114-0
199,AQOYEM__ligand2863-0
200,AQOYEM__ligand783-0
201,AQOYEM__ligand2098-0
202,AQOYEM__ligand352-0
203,AQOYEM__ligand6502-0
204,AQOYEM__ligand4381-0
205,AQOYEM__ligand92-0
206,AQOYEM__ligand177-0
207,AQOYEM__ligand934-0
208,AQOYEM__ligand2629-0
209,AQOYEM__ligand3734-0
210,AQOYEM__ligand1706-0
211,AQOYEM__ligand851-0
212,AQOYEM__ligand909-0
213,AQOYEM__ligand17-0
214,AQOYEM__ligand1376-0
215,AQOYEM__ligand830-0
216,AQOYEM__ligand2768-0
217,AQOYEM__ligand2688-0
218,AQOYEM__ligand193-0
219,AQOYEM__ligand2259-0
220,AQOYEM__ligand1687-0
221,AQOYEM__ligand955-0
222,AQOYEM__ligand1951-0
223,AQOYEM__ligand252-0
224,AQOYEM__ligand6277-0
225,AQOYEM__ligand250-0
226,AQOYEM__ligand49-0
227,AQOYEM__ligand1685-0
228,AQOYEM__ligand3757-0
229,AQOYEM__ligand2087-0
230,AQOYEM__ligand460-0
231,AQOYEM__ligand1048-0
232,AQOYEM__ligand370-0
233,AQOYEM__ligand1459-0
234,AQOYEM__ligand1544-0
235,AQOYEM__ligand89-0
236,AQOYEM__ligand3063-0
237,AQOYEM__ligand1438-0
238,AQOYEM__ligand311-0
239,AQOYEM__ligand5801-0
240,AQOYEM__ligand1171-0
241,AQOYEM__ligand188-0
242,AQOYEM__ligand444-0
243,AQOYEM__ligand369-0
244,AQOYEM__ligand1152-0
245,AQOYEM__ligand113-0
246,AQOYEM__ligand422-0
247,AQOYEM__ligand1727-0
248,AQOYEM__ligand73-0
249,AQOYEM__ligand502-0
250,AQOYEM__ligand196-0
251,AQOYEM__ligand1607-0
252,AQOYEM__ligand2862-0
253,AQOYEM__ligand353-0
254,AQOYEM__ligand2320-0
255,AQOYEM__ligand1056-0
256,AQOYEM__ligand2510-0
257,AQOYEM__ligand2285-0
258,AQOYEM__ligand57-0
259,AQOYEM__ligand1567-0
260,AQOYEM__ligand8921-0
261,AQOYEM__ligand2907-0
262,AQOYEM__ligand236-0
263,AQOYEM__ligand1703-0
264,AQOYEM__ligand2430-0
265,AQOYEM__ligand95-0
266,AQOYEM__ligand7464-0
267,AQOYEM__ligand170-0
268,AQOYEM__ligand391-0
269,AQOYEM__ligand1054-0
270,AQOYEM__ligand314-0
271,AQOYEM__ligand6294-0
272,AQOYEM__ligand481-0
273,AQOYEM__ligand1248-0
274,AQOYEM__ligand55-0
275,AQOYEM__ligand4303-0
276,AQOYEM__ligand1598-0
277,AQOYEM__ligand8774-0
278,AQOYEM__ligand3637-0
279,AQOYEM__ligand34-0
280,AQOYEM__ligand15630-0
281,AQOYEM__ligand210-0
282,AQOYEM__ligand10357-0
283,AQOYEM__ligand291-0
284,AQOYEM__ligand5022-0
285,AQOYEM__ligand1169-0
286,AQOYEM__ligand2838-0
287,AQOYEM__ligand3838-0
288,AQOYEM__ligand1799-0
289,AQOYEM__ligand5941-0
290,AQOYEM__ligand2880-0
291,AQOYEM__ligand115-0
292,AQOYEM__ligand48-0
293,AQOYEM__ligand6538-0
294,AQOYEM__ligand3-0
295,AQOYEM__ligand9495-0
296,AQOYEM__ligand6151-0
297,AQOYEM__ligand2772-0
298,AQOYEM__ligand2142-0
299,AQOYEM__ligand29-0
300,AQOYEM__ligand91-0
301,AQOYEM__ligand51-0
302,AQOYEM__ligand2864-0
303,AQOYEM__ligand485-0
304,AQOYEM__ligand784-0
305,AQOYEM__ligand355-0
306,AQOYEM__ligand666-0
307,AQOYEM__ligand522-0
308,AQOYEM__ligand1052-0
309,AQOYEM__ligand487-0
310,AQOYEM__ligand1-0
311,AQOYEM__ligand447-0
312,AQOYEM__ligand133-0
313,AQOYEM__ligand1273-0
314,AQOYEM__ligand9027-0
315,AQOYEM__ligand6396-0
316,AQOYEM__ligand1113-0
317,AQOYEM__ligand2265-0
318,AQOYEM__ligand682-0
319,AQOYEM__ligand1502-0
320,AQOYEM__ligand32-0
321,AQOYEM__ligand4983-0
322,AQOYEM__ligand2345-0
323,AQOYEM__ligand2794-0
324,AQOYEM__ligand1835-0
