,TMC
0,FEVQOO__ligand391-0
1,FEVQOO__ligand10357-0
2,FEVQOO__ligand1607-0
3,FEVQOO__ligand170-0
4,FEVQOO__ligand15630-0
5,FEVQOO__ligand1152-0
6,FEVQOO__ligand314-0
7,FEVQOO__ligand1727-0
8,FEVQOO__ligand481-0
9,FEVQOO__ligand2907-0
10,FEVQOO__ligand2430-0
11,FEVQOO__ligand1703-0
12,FEVQOO__ligand32-0
13,FEVQOO__ligand1056-0
14,FEVQOO__ligand2320-0
15,FEVQOO__ligand2862-0
16,FEVQOO__ligand1567-0
17,FEVQOO__ligand2285-0
18,FEVQOO__ligand8921-0
19,FEVQOO__ligand210-0
20,FEVQOO__ligand2510-0
21,FEVQOO__ligand6294-0
22,FEVQOO__ligand422-0
23,FEVQOO__ligand1054-0
24,FEVQOO__ligand48-0
25,FEVQOO__ligand1598-0
26,FEVQOO__ligand1248-0
27,FEVQOO__ligand4303-0
28,FEVQOO__ligand113-0
29,FEVQOO__ligand7464-0
30,FEVQOO__ligand196-0
31,FEVQOO__ligand502-0
32,FEVQOO__ligand353-0
33,FEVQOO__ligand51-0
34,FEVQOO__ligand29-0
35,FEVQOO__ligand91-0
36,FEVQOO__ligand8774-0
37,FEVQOO__ligand3637-0
38,FEVQOO__ligand236-0
39,FEVQOO__ligand5941-0
40,FEVQOO__ligand2880-0
41,FEVQOO__ligand55-0
42,FEVQOO__ligand487-0
43,FEVQOO__ligand3838-0
44,FEVQOO__ligand1799-0
45,FEVQOO__ligand2838-0
46,FEVQOO__ligand666-0
47,FEVQOO__ligand522-0
48,FEVQOO__ligand5022-0
49,FEVQOO__ligand1169-0
50,FEVQOO__ligand133-0
51,FEVQOO__ligand95-0
52,FEVQOO__ligand447-0
53,FEVQOO__ligand682-0
54,FEVQOO__ligand2864-0
55,FEVQOO__ligand9495-0
56,FEVQOO__ligand2772-0
57,FEVQOO__ligand6151-0
58,FEVQOO__ligand6538-0
59,FEVQOO__ligand34-0
60,FEVQOO__ligand2142-0
61,FEVQOO__ligand73-0
62,FEVQOO__ligand291-0
63,FEVQOO__ligand1273-0
64,FEVQOO__ligand115-0
65,FEVQOO__ligand1052-0
66,FEVQOO__ligand1502-0
67,FEVQOO__ligand1835-0
68,FEVQOO__ligand2345-0
69,FEVQOO__ligand2794-0
70,FEVQOO__ligand4983-0
71,FEVQOO__ligand9027-0
72,FEVQOO__ligand485-0
73,FEVQOO__ligand57-0
74,FEVQOO__ligand355-0
75,FEVQOO__ligand784-0
76,FEVQOO__ligand2265-0
77,FEVQOO__ligand1113-0
78,FEVQOO__ligand6396-0
79,FEVQOO__ligand89-0
80,FEVQOO__ligand10114-0
81,FEVQOO__ligand296-0
82,FEVQOO__ligand197-0
83,FEVQOO__ligand3246-0
84,FEVQOO__ligand1148-0
85,FEVQOO__ligand112-0
86,FEVQOO__ligand1479-0
87,FEVQOO__ligand49-0
88,FEVQOO__ligand136-0
89,FEVQOO__ligand1228-0
90,FEVQOO__ligand10479-0
91,FEVQOO__ligand9244-0
92,FEVQOO__ligand442-0
93,FEVQOO__ligand868-0
94,FEVQOO__ligand352-0
95,FEVQOO__ligand783-0
96,FEVQOO__ligand1114-0
97,FEVQOO__ligand1538-0
98,FEVQOO__ligand17-0
99,FEVQOO__ligand2751-0
100,FEVQOO__ligand109-0
101,FEVQOO__ligand525-0
102,FEVQOO__ligand560-0
103,FEVQOO__ligand235-0
104,FEVQOO__ligand14530-0
105,FEVQOO__ligand1542-0
106,FEVQOO__ligand134-0
107,FEVQOO__ligand932-0
108,FEVQOO__ligand2634-0
109,FEVQOO__ligand390-0
110,FEVQOO__ligand3041-0
111,FEVQOO__ligand92-0
112,FEVQOO__ligand584-0
113,FEVQOO__ligand916-0
114,FEVQOO__ligand3178-0
115,FEVQOO__ligand6332-0
116,FEVQOO__ligand2098-0
117,FEVQOO__ligand798-0
118,FEVQOO__ligand6502-0
119,FEVQOO__ligand421-0
120,FEVQOO__ligand2863-0
121,FEVQOO__ligand7915-0
122,FEVQOO__ligand10910-0
123,FEVQOO__ligand5548-0
124,FEVQOO__ligand6686-0
125,FEVQOO__ligand331-0
126,FEVQOO__ligand1747-0
127,FEVQOO__ligand993-0
128,FEVQOO__ligand3145-0
129,FEVQOO__ligand294-0
130,FEVQOO__ligand460-0
131,FEVQOO__ligand250-0
132,FEVQOO__ligand2629-0
133,FEVQOO__ligand4381-0
134,FEVQOO__ligand370-0
135,FEVQOO__ligand1706-0
136,FEVQOO__ligand3734-0
137,FEVQOO__ligand1951-0
138,FEVQOO__ligand1687-0
139,FEVQOO__ligand8-0
140,FEVQOO__ligand311-0
141,FEVQOO__ligand6277-0
142,FEVQOO__ligand444-0
143,FEVQOO__ligand369-0
144,FEVQOO__ligand1376-0
145,FEVQOO__ligand2768-0
146,FEVQOO__ligand2688-0
147,FEVQOO__ligand2259-0
148,FEVQOO__ligand188-0
149,FEVQOO__ligand1459-0
150,FEVQOO__ligand1544-0
151,FEVQOO__ligand934-0
152,FEVQOO__ligand177-0
153,FEVQOO__ligand909-0
154,FEVQOO__ligand1685-0
155,FEVQOO__ligand2087-0
156,FEVQOO__ligand1048-0
157,FEVQOO__ligand11-0
158,FEVQOO__ligand3757-0
159,FEVQOO__ligand851-0
160,FEVQOO__ligand1171-0
161,FEVQOO__ligand193-0
162,FEVQOO__ligand830-0
163,FEVQOO__ligand3063-0
164,FEVQOO__ligand1438-0
165,FEVQOO__ligand955-0
166,FEVQOO__ligand252-0
167,FEVQOO__ligand5801-0
168,FEVQOO__ligand2707-0
169,FEVQOO__ligand1690-0
170,FEVQOO__ligand2526-0
171,FEVQOO__ligand226-0
172,FEVQOO__ligand162-0
173,FEVQOO__ligand1551-0
174,FEVQOO__ligand383-0
175,FEVQOO__ligand3196-0
176,FEVQOO__ligand4012-0
177,FEVQOO__ligand6-0
178,FEVQOO__ligand2915-0
179,FEVQOO__ligand365-0
180,FEVQOO__ligand4175-0
181,FEVQOO__ligand67-0
182,FEVQOO__ligand278-0
183,FEVQOO__ligand2255-0
184,FEVQOO__ligand1918-0
185,FEVQOO__ligand669-0
186,FEVQOO__ligand4-0
187,FEVQOO__ligand358-0
188,FEVQOO__ligand430-0
189,FEVQOO__ligand4370-0
190,FEVQOO__ligand509-0
191,FEVQOO__ligand1436-0
192,FEVQOO__ligand571-0
193,FEVQOO__ligand670-0
194,FEVQOO__ligand2618-0
195,FEVQOO__ligand118-0
196,FEVQOO__ligand3618-0
197,FEVQOO__ligand3852-0
198,FEVQOO__ligand3478-0
199,FEVQOO__ligand199-0
200,FEVQOO__ligand5758-0
201,FEVQOO__ligand927-0
202,FEVQOO__ligand575-0
203,FEVQOO__ligand7456-0
204,FEVQOO__ligand1818-0
205,FEVQOO__ligand3251-0
206,FEVQOO__ligand6143-0
207,FEVQOO__ligand5235-0
208,FEVQOO__ligand324-0
209,FEVQOO__ligand361-0
210,FEVQOO__ligand4619-0
211,FEVQOO__ligand409-0
212,FEVQOO__ligand1493-0
213,FEVQOO__ligand2718-0
214,FEVQOO__ligand3035-0
215,FEVQOO__ligand3070-0
216,FEVQOO__ligand140-0
217,FEVQOO__ligand105-0
218,FEVQOO__ligand9176-0
219,FEVQOO__ligand7550-0
220,FEVQOO__ligand436-0
221,FEVQOO__ligand206-0
222,FEVQOO__ligand142-0
223,FEVQOO__ligand283-0
224,FEVQOO__ligand5093-0
225,FEVQOO__ligand2954-0
226,FEVQOO__ligand553-0
227,FEVQOO__ligand1160-0
228,FEVQOO__ligand2253-0
229,FEVQOO__ligand1038-0
230,FEVQOO__ligand326-0
231,FEVQOO__ligand821-0
232,FEVQOO__ligand2762-0
233,FEVQOO__ligand532-0
234,FEVQOO__ligand1907-0
235,FEVQOO__ligand918-0
236,FEVQOO__ligand4423-0
237,FEVQOO__ligand633-0
238,FEVQOO__ligand497-0
239,FEVQOO__ligand3890-0
240,FEVQOO__ligand45-0
241,FEVQOO__ligand78-0
242,FEVQOO__ligand838-0
243,FEVQOO__ligand85-0
244,FEVQOO__ligand7630-0
245,FEVQOO__ligand166-0
246,FEVQOO__ligand1555-0
247,FEVQOO__ligand1285-0
248,FEVQOO__ligand2389-0
249,FEVQOO__ligand201-0
250,FEVQOO__ligand244-0
251,FEVQOO__ligand1919-0
252,FEVQOO__ligand100-0
253,FEVQOO__ligand178-0
254,FEVQOO__ligand2110-0
255,FEVQOO__ligand2916-0
256,FEVQOO__ligand3579-0
257,FEVQOO__ligand279-0
258,FEVQOO__ligand1712-0
259,FEVQOO__ligand321-0
260,FEVQOO__ligand66-0
261,FEVQOO__ligand119-0
262,FEVQOO__ligand8032-0
263,FEVQOO__ligand1858-0
264,FEVQOO__ligand2315-0
265,FEVQOO__ligand2480-0
266,FEVQOO__ligand3051-0
267,FEVQOO__ligand4504-0
268,FEVQOO__ligand1898-0
269,FEVQOO__ligand5334-0
270,FEVQOO__ligand124-0
271,FEVQOO__ligand2482-0
272,FEVQOO__ligand1325-0
273,FEVQOO__ligand38-0
274,FEVQOO__ligand6571-0
275,FEVQOO__ligand126-0
276,FEVQOO__ligand1104-0
277,FEVQOO__ligand5762-0
278,FEVQOO__ligand7414-0
279,FEVQOO__ligand2442-0
280,FEVQOO__ligand40-0
281,FEVQOO__ligand1019-0
282,FEVQOO__ligand187-0
283,FEVQOO__ligand6430-0
284,FEVQOO__ligand1299-0
285,FEVQOO__ligand1264-0
286,FEVQOO__ligand612-0
287,FEVQOO__ligand1221-0
288,FEVQOO__ligand1379-0
289,FEVQOO__ligand861-0
290,FEVQOO__ligand21-0
291,FEVQOO__ligand366-0
292,FEVQOO__ligand2376-0
293,FEVQOO__ligand2929-0
294,FEVQOO__ligand596-0
295,FEVQOO__ligand1260-0
296,FEVQOO__ligand4894-0
297,FEVQOO__ligand11730-0
298,FEVQOO__ligand9620-0
299,FEVQOO__ligand1449-1
300,FEVQOO__ligand4811-0
301,FEVQOO__ligand3-0
302,FEVQOO__ligand7514-0
303,FEVQOO__ligand18-0
304,FEVQOO__ligand3337-0
305,FEVQOO__ligand3566-0
306,FEVQOO__ligand1178-0
307,FEVQOO__ligand1321-0
308,FEVQOO__ligand757-0
309,FEVQOO__ligand1788-0
310,FEVQOO__ligand797-0
311,FEVQOO__ligand6166-0
312,FEVQOO__ligand1246-0
313,FEVQOO__ligand2599-0
314,FEVQOO__ligand5089-0
315,FEVQOO__ligand120-0
316,FEVQOO__ligand2853-0
317,FEVQOO__ligand384-0
318,FEVQOO__ligand3853-0
319,FEVQOO__ligand86-0
320,FEVQOO__ligand141-0
321,FEVQOO__ligand240-0
322,FEVQOO__ligand1-0
323,FEVQOO__ligand1307-0
324,FEVQOO__ligand62-0
