,TMC
0,SICNID__ligand436-0
1,SICNID__ligand2751-0
2,SICNID__ligand142-0
3,SICNID__ligand21-0
4,SICNID__ligand206-0
5,SICNID__ligand553-0
6,SICNID__ligand283-0
7,SICNID__ligand1542-0
8,SICNID__ligand2634-0
9,SICNID__ligand821-0
10,SICNID__ligand3041-0
11,SICNID__ligand326-0
12,SICNID__ligand3178-0
13,SICNID__ligand918-0
14,SICNID__ligand633-0
15,SICNID__ligand6332-0
16,SICNID__ligand38-0
17,SICNID__ligand532-0
18,SICNID__ligand6502-0
19,SICNID__ligand2098-0
20,SICNID__ligand497-0
21,SICNID__ligand2863-0
22,SICNID__ligand838-0
23,SICNID__ligand5548-0
24,SICNID__ligand7915-0
25,SICNID__ligand1747-0
26,SICNID__ligand6686-0
27,SICNID__ligand40-0
28,SICNID__ligand166-0
29,SICNID__ligand3145-0
30,SICNID__ligand8-0
31,SICNID__ligand927-0
32,SICNID__ligand199-0
33,SICNID__ligand3246-0
34,SICNID__ligand575-0
35,SICNID__ligand1148-0
36,SICNID__ligand1479-0
37,SICNID__ligand1228-0
38,SICNID__ligand9244-0
39,SICNID__ligand324-0
40,SICNID__ligand361-0
41,SICNID__ligand409-0
42,SICNID__ligand1114-0
43,SICNID__ligand66-0
44,SICNID__ligand140-0
45,SICNID__ligand105-0
46,SICNID__ligand1538-0
47,SICNID__ligand1459-0
48,SICNID__ligand365-0
49,SICNID__ligand278-0
50,SICNID__ligand1544-0
51,SICNID__ligand1685-0
52,SICNID__ligand669-0
53,SICNID__ligand62-0
54,SICNID__ligand358-0
55,SICNID__ligand1048-0
56,SICNID__ligand2087-0
57,SICNID__ligand430-0
58,SICNID__ligand3757-0
59,SICNID__ligand509-0
60,SICNID__ligand10357-0
61,SICNID__ligand1171-0
62,SICNID__ligand15630-0
63,SICNID__ligand1438-0
64,SICNID__ligand3063-0
65,SICNID__ligand670-0
66,SICNID__ligand118-0
67,SICNID__ligand86-0
68,SICNID__ligand571-0
69,SICNID__ligand5801-0
70,SICNID__ligand162-0
71,SICNID__ligand2629-0
72,SICNID__ligand4381-0
73,SICNID__ligand226-0
74,SICNID__ligand1706-0
75,SICNID__ligand3734-0
76,SICNID__ligand383-0
77,SICNID__ligand1951-0
78,SICNID__ligand1687-0
79,SICNID__ligand6277-0
80,SICNID__ligand2768-0
81,SICNID__ligand1376-0
82,SICNID__ligand18-0
83,SICNID__ligand2259-0
84,SICNID__ligand2688-0
85,SICNID__ligand6294-0
86,SICNID__ligand1054-0
87,SICNID__ligand1598-0
88,SICNID__ligand4303-0
89,SICNID__ligand1248-0
90,SICNID__ligand120-0
91,SICNID__ligand7464-0
92,SICNID__ligand384-0
93,SICNID__ligand240-0
94,SICNID__ligand67-0
95,SICNID__ligand141-0
96,SICNID__ligand8774-0
97,SICNID__ligand3637-0
98,SICNID__ligand1607-0
99,SICNID__ligand1152-0
100,SICNID__ligand1727-0
101,SICNID__ligand2907-0
102,SICNID__ligand757-0
103,SICNID__ligand2430-0
104,SICNID__ligand1703-0
105,SICNID__ligand797-0
106,SICNID__ligand1056-0
107,SICNID__ligand2320-0
108,SICNID__ligand2862-0
109,SICNID__ligand8921-0
110,SICNID__ligand1567-0
111,SICNID__ligand2285-0
112,SICNID__ligand2510-0
113,SICNID__ligand126-0
114,SICNID__ligand1273-0
115,SICNID__ligand10479-0
116,SICNID__ligand45-0
117,SICNID__ligand78-0
118,SICNID__ligand85-0
119,SICNID__ligand1052-0
120,SICNID__ligand612-0
121,SICNID__ligand1502-0
122,SICNID__ligand187-0
123,SICNID__ligand366-0
124,SICNID__ligand1835-0
125,SICNID__ligand2794-0
126,SICNID__ligand2345-0
127,SICNID__ligand10114-0
128,SICNID__ligand861-0
129,SICNID__ligand4983-0
130,SICNID__ligand9027-0
131,SICNID__ligand2265-0
132,SICNID__ligand1113-0
133,SICNID__ligand6396-0
134,SICNID__ligand596-0
135,SICNID__ligand2880-0
136,SICNID__ligand5941-0
137,SICNID__ligand1799-0
138,SICNID__ligand3838-0
139,SICNID__ligand2838-0
140,SICNID__ligand100-0
141,SICNID__ligand201-0
142,SICNID__ligand244-0
143,SICNID__ligand279-0
144,SICNID__ligand1169-0
145,SICNID__ligand5022-0
146,SICNID__ligand178-0
147,SICNID__ligand10910-0
148,SICNID__ligand321-0
149,SICNID__ligand119-0
150,SICNID__ligand2864-0
151,SICNID__ligand2772-0
152,SICNID__ligand6151-0
153,SICNID__ligand9495-0
154,SICNID__ligand6538-0
155,SICNID__ligand14530-0
156,SICNID__ligand2142-0
157,SICNID__ligand124-0
158,SICNID__ligand2482-0
159,SICNID__ligand1325-0
160,SICNID__ligand6571-0
161,SICNID__ligand1-0
162,SICNID__ligand291-0
163,SICNID__ligand115-0
164,SICNID__ligand1104-0
165,SICNID__ligand5762-0
166,SICNID__ligand7414-0
167,SICNID__ligand1019-0
168,SICNID__ligand2442-0
169,SICNID__ligand1299-0
170,SICNID__ligand17-0
171,SICNID__ligand6430-0
172,SICNID__ligand1221-0
173,SICNID__ligand1264-0
174,SICNID__ligand1379-0
175,SICNID__ligand2376-0
176,SICNID__ligand784-0
177,SICNID__ligand355-0
178,SICNID__ligand485-0
179,SICNID__ligand92-0
180,SICNID__ligand2929-0
181,SICNID__ligand487-0
182,SICNID__ligand2389-0
183,SICNID__ligand1919-0
184,SICNID__ligand522-0
185,SICNID__ligand666-0
186,SICNID__ligand133-0
187,SICNID__ligand2916-0
188,SICNID__ligand2110-0
189,SICNID__ligand3579-0
190,SICNID__ligand1712-0
191,SICNID__ligand447-0
192,SICNID__ligand682-0
193,SICNID__ligand89-0
194,SICNID__ligand8032-0
195,SICNID__ligand1858-0
196,SICNID__ligand2315-0
197,SICNID__ligand3-0
198,SICNID__ligand1898-0
199,SICNID__ligand2480-0
200,SICNID__ligand4504-0
201,SICNID__ligand3051-0
202,SICNID__ligand5334-0
203,SICNID__ligand49-0
204,SICNID__ligand422-0
205,SICNID__ligand6166-0
206,SICNID__ligand113-0
207,SICNID__ligand1246-0
208,SICNID__ligand196-0
209,SICNID__ligand502-0
210,SICNID__ligand2599-0
211,SICNID__ligand5089-0
212,SICNID__ligand2853-0
213,SICNID__ligand3853-0
214,SICNID__ligand353-0
215,SICNID__ligand1307-0
216,SICNID__ligand236-0
217,SICNID__ligand11-0
218,SICNID__ligand391-0
219,SICNID__ligand9620-0
220,SICNID__ligand170-0
221,SICNID__ligand4894-0
222,SICNID__ligand1260-0
223,SICNID__ligand4811-0
224,SICNID__ligand1449-1
225,SICNID__ligand481-0
226,SICNID__ligand7514-0
227,SICNID__ligand3337-0
228,SICNID__ligand314-0
229,SICNID__ligand1178-0
230,SICNID__ligand3566-0
231,SICNID__ligand1321-0
232,SICNID__ligand1788-0
233,SICNID__ligand210-0
234,SICNID__ligand4175-0
235,SICNID__ligand934-0
236,SICNID__ligand177-0
237,SICNID__ligand2255-0
238,SICNID__ligand51-0
239,SICNID__ligand1918-0
240,SICNID__ligand29-0
241,SICNID__ligand91-0
242,SICNID__ligand909-0
243,SICNID__ligand851-0
244,SICNID__ligand4370-0
245,SICNID__ligand11730-0
246,SICNID__ligand193-0
247,SICNID__ligand48-0
248,SICNID__ligand830-0
249,SICNID__ligand1436-0
250,SICNID__ligand252-0
251,SICNID__ligand2618-0
252,SICNID__ligand3618-0
253,SICNID__ligand955-0
254,SICNID__ligand460-0
255,SICNID__ligand2707-0
256,SICNID__ligand1690-0
257,SICNID__ligand250-0
258,SICNID__ligand32-0
259,SICNID__ligand2526-0
260,SICNID__ligand1551-0
261,SICNID__ligand370-0
262,SICNID__ligand4012-0
263,SICNID__ligand3196-0
264,SICNID__ligand311-0
265,SICNID__ligand444-0
266,SICNID__ligand369-0
267,SICNID__ligand188-0
268,SICNID__ligand2915-0
269,SICNID__ligand7550-0
270,SICNID__ligand525-0
271,SICNID__ligand560-0
272,SICNID__ligand109-0
273,SICNID__ligand134-0
274,SICNID__ligand932-0
275,SICNID__ligand2954-0
276,SICNID__ligand5093-0
277,SICNID__ligand57-0
278,SICNID__ligand1160-0
279,SICNID__ligand235-0
280,SICNID__ligand2253-0
281,SICNID__ligand1038-0
282,SICNID__ligand390-0
283,SICNID__ligand2762-0
284,SICNID__ligand1907-0
285,SICNID__ligand73-0
286,SICNID__ligand4423-0
287,SICNID__ligand916-0
288,SICNID__ligand584-0
289,SICNID__ligand798-0
290,SICNID__ligand421-0
291,SICNID__ligand3890-0
292,SICNID__ligand4-0
293,SICNID__ligand331-0
294,SICNID__ligand7630-0
295,SICNID__ligand1555-0
296,SICNID__ligand294-0
297,SICNID__ligand993-0
298,SICNID__ligand1285-0
299,SICNID__ligand3852-0
300,SICNID__ligand3478-0
301,SICNID__ligand6-0
302,SICNID__ligand197-0
303,SICNID__ligand5758-0
304,SICNID__ligand296-0
305,SICNID__ligand112-0
306,SICNID__ligand34-0
307,SICNID__ligand7456-0
308,SICNID__ligand1818-0
309,SICNID__ligand3251-0
310,SICNID__ligand55-0
311,SICNID__ligand136-0
312,SICNID__ligand868-0
313,SICNID__ligand6143-0
314,SICNID__ligand5235-0
315,SICNID__ligand4619-0
316,SICNID__ligand442-0
317,SICNID__ligand783-0
318,SICNID__ligand352-0
319,SICNID__ligand1493-0
320,SICNID__ligand3070-0
321,SICNID__ligand3035-0
322,SICNID__ligand2718-0
323,SICNID__ligand95-0
324,SICNID__ligand9176-0
