,TMC
0,HUCKIA__ligand28459-0
1,HUCKIA__ligand4711-0
2,HUCKIA__ligand18448-0
3,HUCKIA__ligand152-0
4,HUCKIA__ligand3244-0
5,HUCKIA__ligand12453-0
6,HUCKIA__ligand2906-0
7,HUCKIA__ligand4649-0
8,HUCKIA__ligand19184-0
9,HUCKIA__ligand8793-0
10,HUCKIA__ligand5649-0
11,HUCKIA__ligand2788-0
12,HUCKIA__ligand5159-0
13,HUCKIA__ligand28685-0
14,HUCKIA__ligand18568-0
15,HUCKIA__ligand7196-0
16,HUCKIA__ligand9753-0
17,HUCKIA__ligand1787-0
18,HUCKIA__ligand1356-0
19,HUCKIA__ligand13672-0
20,HUCKIA__ligand5530-0
21,HUCKIA__ligand10371-0
22,HUCKIA__ligand506-0
23,HUCKIA__ligand3178-0
24,HUCKIA__ligand4807-0
25,HUCKIA__ligand5180-0
26,HUCKIA__ligand11-0
27,HUCKIA__ligand487-0
28,HUCKIA__ligand23197-0
29,HUCKIA__ligand5708-0
30,HUCKIA__ligand7316-0
31,HUCKIA__ligand29029-0
32,HUCKIA__ligand27285-0
33,HUCKIA__ligand6017-0
34,HUCKIA__ligand2124-0
35,HUCKIA__ligand27669-0
36,HUCKIA__ligand30142-0
37,HUCKIA__ligand8612-0
38,HUCKIA__ligand7092-0
39,HUCKIA__ligand2260-0
40,HUCKIA__ligand14167-0
41,HUCKIA__ligand13477-0
42,HUCKIA__ligand3225-0
43,HUCKIA__ligand1153-0
44,HUCKIA__ligand176-0
45,HUCKIA__ligand1116-0
46,HUCKIA__ligand9323-0
47,HUCKIA__ligand7273-0
48,HUCKIA__ligand746-0
49,HUCKIA__ligand69-0
50,HUCKIA__ligand7172-0
51,HUCKIA__ligand447-0
52,HUCKIA__ligand10828-0
53,HUCKIA__ligand19792-0
54,HUCKIA__ligand1114-0
55,HUCKIA__ligand15926-0
56,HUCKIA__ligand9284-0
57,HUCKIA__ligand24230-0
58,HUCKIA__ligand11447-0
59,HUCKIA__ligand11096-0
60,HUCKIA__ligand6391-0
61,HUCKIA__ligand3126-0
62,HUCKIA__ligand28810-0
63,HUCKIA__ligand15883-0
64,HUCKIA__ligand368-0
65,HUCKIA__ligand11970-0
66,HUCKIA__ligand2417-0
67,HUCKIA__ligand395-0
68,HUCKIA__ligand1832-0
69,HUCKIA__ligand21919-0
70,HUCKIA__ligand8788-0
71,HUCKIA__ligand22294-0
72,HUCKIA__ligand28930-0
73,HUCKIA__ligand784-0
74,HUCKIA__ligand22168-0
75,HUCKIA__ligand2043-0
76,HUCKIA__ligand15531-0
77,HUCKIA__ligand28743-0
78,HUCKIA__ligand13862-0
79,HUCKIA__ligand11357-0
80,HUCKIA__ligand1228-0
81,HUCKIA__ligand9943-0
82,HUCKIA__ligand10056-0
83,HUCKIA__ligand12365-0
84,HUCKIA__ligand1604-0
85,HUCKIA__ligand11994-0
86,HUCKIA__ligand31842-0
87,HUCKIA__ligand31044-0
88,HUCKIA__ligand833-0
89,HUCKIA__ligand24035-0
90,HUCKIA__ligand9450-0
91,HUCKIA__ligand1599-0
92,HUCKIA__ligand14614-0
93,HUCKIA__ligand2612-0
94,HUCKIA__ligand16663-0
95,HUCKIA__ligand2203-0
96,HUCKIA__ligand5387-0
97,HUCKIA__ligand115-0
98,HUCKIA__ligand1289-0
99,HUCKIA__ligand25913-0
100,HUCKIA__ligand16988-0
101,HUCKIA__ligand30711-0
102,HUCKIA__ligand20207-0
103,HUCKIA__ligand11682-0
104,HUCKIA__ligand9299-0
105,HUCKIA__ligand12001-0
106,HUCKIA__ligand24644-0
107,HUCKIA__ligand314-1
108,HUCKIA__ligand4007-0
109,HUCKIA__ligand10033-0
110,HUCKIA__ligand2985-0
111,HUCKIA__ligand24872-0
112,HUCKIA__ligand3677-1
113,HUCKIA__ligand9883-0
114,HUCKIA__ligand30728-0
115,HUCKIA__ligand7291-0
116,HUCKIA__ligand27840-0
117,HUCKIA__ligand15788-0
118,HUCKIA__ligand23175-0
119,HUCKIA__ligand8000-0
120,HUCKIA__ligand465-0
121,HUCKIA__ligand17396-0
122,HUCKIA__ligand3736-0
123,HUCKIA__ligand9344-0
124,HUCKIA__ligand11587-0
125,HUCKIA__ligand13220-0
126,HUCKIA__ligand5383-0
127,HUCKIA__ligand2693-0
128,HUCKIA__ligand22444-0
129,HUCKIA__ligand24111-0
130,HUCKIA__ligand13385-0
131,HUCKIA__ligand3945-0
132,HUCKIA__ligand14569-0
133,HUCKIA__ligand2881-0
134,HUCKIA__ligand17427-0
135,HUCKIA__ligand391-0
136,HUCKIA__ligand1499-0
137,HUCKIA__ligand1464-0
138,HUCKIA__ligand3712-0
139,HUCKIA__ligand29486-0
140,HUCKIA__ligand1211-0
141,HUCKIA__ligand618-0
142,HUCKIA__ligand31694-0
143,HUCKIA__ligand6892-0
144,HUCKIA__ligand1294-0
145,HUCKIA__ligand1168-0
146,HUCKIA__ligand3632-0
147,HUCKIA__ligand3677-0
148,HUCKIA__ligand25561-0
149,HUCKIA__ligand24780-0
150,HUCKIA__ligand12138-0
151,HUCKIA__ligand314-0
152,HUCKIA__ligand22129-0
153,HUCKIA__ligand780-0
154,HUCKIA__ligand17-0
155,HUCKIA__ligand11949-0
156,HUCKIA__ligand6699-0
157,HUCKIA__ligand813-0
158,HUCKIA__ligand5099-0
159,HUCKIA__ligand8592-0
160,HUCKIA__ligand1197-0
161,HUCKIA__ligand8-0
162,HUCKIA__ligand2259-0
163,HUCKIA__ligand27239-0
164,HUCKIA__ligand1296-0
165,HUCKIA__ligand21729-0
166,HUCKIA__ligand14043-0
167,HUCKIA__ligand26324-0
168,HUCKIA__ligand28559-0
169,HUCKIA__ligand353-0
170,HUCKIA__ligand1376-0
171,HUCKIA__ligand5510-0
172,HUCKIA__ligand19927-0
173,HUCKIA__ligand9773-0
174,HUCKIA__ligand11618-0
175,HUCKIA__ligand5595-0
176,HUCKIA__ligand393-0
177,HUCKIA__ligand4101-0
178,HUCKIA__ligand2221-0
179,HUCKIA__ligand26529-0
180,HUCKIA__ligand3120-0
181,HUCKIA__ligand3926-0
182,HUCKIA__ligand4358-0
183,HUCKIA__ligand11111-0
184,HUCKIA__ligand28540-0
185,HUCKIA__ligand16369-0
186,HUCKIA__ligand422-0
187,HUCKIA__ligand1407-0
188,HUCKIA__ligand6117-0
189,HUCKIA__ligand27754-0
190,HUCKIA__ligand20695-0
191,HUCKIA__ligand5509-0
192,HUCKIA__ligand49-0
193,HUCKIA__ligand8002-0
194,HUCKIA__ligand7762-0
195,HUCKIA__ligand5080-0
196,HUCKIA__ligand686-0
197,HUCKIA__ligand22403-0
198,HUCKIA__ligand10872-0
199,HUCKIA__ligand21399-0
200,HUCKIA__ligand2238-0
201,HUCKIA__ligand196-0
202,HUCKIA__ligand12003-0
203,HUCKIA__ligand5304-0
204,HUCKIA__ligand26631-0
205,HUCKIA__ligand16148-0
206,HUCKIA__ligand9167-0
207,HUCKIA__ligand1317-0
208,HUCKIA__ligand3867-0
209,HUCKIA__ligand2822-0
210,HUCKIA__ligand7293-0
211,HUCKIA__ligand89-0
212,HUCKIA__ligand29215-0
213,HUCKIA__ligand564-0
214,HUCKIA__ligand16603-0
215,HUCKIA__ligand4063-0
216,HUCKIA__ligand620-0
217,HUCKIA__ligand11814-0
218,HUCKIA__ligand7438-0
219,HUCKIA__ligand8200-0
220,HUCKIA__ligand370-1
221,HUCKIA__ligand11622-0
222,HUCKIA__ligand479-0
223,HUCKIA__ligand785-0
224,HUCKIA__ligand311-0
225,HUCKIA__ligand3042-0
226,HUCKIA__ligand16870-0
227,HUCKIA__ligand57-0
228,HUCKIA__ligand4207-0
229,HUCKIA__ligand15455-0
230,HUCKIA__ligand11177-0
231,HUCKIA__ligand3416-0
232,HUCKIA__ligand3453-0
233,HUCKIA__ligand31205-0
234,HUCKIA__ligand1150-0
235,HUCKIA__ligand25658-0
236,HUCKIA__ligand17686-0
237,HUCKIA__ligand188-0
238,HUCKIA__ligand1539-0
239,HUCKIA__ligand13260-0
240,HUCKIA__ligand10582-0
241,HUCKIA__ligand4167-0
242,HUCKIA__ligand9491-0
243,HUCKIA__ligand11252-0
244,HUCKIA__ligand4266-0
245,HUCKIA__ligand1400-0
246,HUCKIA__ligand250-0
247,HUCKIA__ligand18067-0
248,HUCKIA__ligand19824-0
249,HUCKIA__ligand1288-0
250,HUCKIA__ligand1149-0
251,HUCKIA__ligand20821-0
252,HUCKIA__ligand3557-0
253,HUCKIA__ligand3980-0
254,HUCKIA__ligand26673-0
255,HUCKIA__ligand7075-0
256,HUCKIA__ligand370-0
257,HUCKIA__ligand31000-0
258,HUCKIA__ligand9750-0
259,HUCKIA__ligand1817-0
260,HUCKIA__ligand6993-0
261,HUCKIA__ligand11606-0
262,HUCKIA__ligand1779-0
263,HUCKIA__ligand3285-0
264,HUCKIA__ligand4795-0
265,HUCKIA__ligand193-0
266,HUCKIA__ligand22353-0
267,HUCKIA__ligand1908-0
268,HUCKIA__ligand830-0
269,HUCKIA__ligand5630-0
270,HUCKIA__ligand19906-0
271,HUCKIA__ligand372-0
272,HUCKIA__ligand1786-0
273,HUCKIA__ligand19668-0
274,HUCKIA__ligand34-0
275,HUCKIA__ligand6112-0
276,HUCKIA__ligand8042-0
277,HUCKIA__ligand7213-0
278,HUCKIA__ligand10151-0
279,HUCKIA__ligand1397-0
280,HUCKIA__ligand1828-0
281,HUCKIA__ligand5755-0
282,HUCKIA__ligand116-0
283,HUCKIA__ligand4710-0
284,HUCKIA__ligand5085-0
285,HUCKIA__ligand3144-0
286,HUCKIA__ligand252-0
287,HUCKIA__ligand1849-0
288,HUCKIA__ligand20121-0
289,HUCKIA__ligand15387-0
290,HUCKIA__ligand20220-0
291,HUCKIA__ligand68-0
292,HUCKIA__ligand16952-0
293,HUCKIA__ligand29813-0
294,HUCKIA__ligand1216-0
295,HUCKIA__ligand3261-0
296,HUCKIA__ligand1152-0
297,HUCKIA__ligand177-0
298,HUCKIA__ligand5019-0
299,HUCKIA__ligand909-0
300,HUCKIA__ligand10853-0
301,HUCKIA__ligand29441-0
302,HUCKIA__ligand11479-0
303,HUCKIA__ligand27610-0
304,HUCKIA__ligand10479-0
305,HUCKIA__ligand6663-0
306,HUCKIA__ligand5515-0
307,HUCKIA__ligand14302-0
308,HUCKIA__ligand13657-0
309,HUCKIA__ligand14347-0
310,HUCKIA__ligand55-0
311,HUCKIA__ligand11698-0
312,HUCKIA__ligand20530-0
313,HUCKIA__ligand1831-0
314,HUCKIA__ligand5614-0
315,HUCKIA__ligand5280-0
316,HUCKIA__ligand24851-0
317,HUCKIA__ligand1113-0
318,HUCKIA__ligand8553-0
319,HUCKIA__ligand16956-0
320,HUCKIA__ligand14226-0
321,HUCKIA__ligand21339-0
322,HUCKIA__ligand20942-1
323,HUCKIA__ligand27771-0
324,HUCKIA__ligand5201-0
325,HUCKIA__ligand18158-0
326,HUCKIA__ligand868-0
327,HUCKIA__ligand23682-0
328,HUCKIA__ligand29565-0
329,HUCKIA__ligand91-0
330,HUCKIA__ligand7566-0
331,HUCKIA__ligand14007-0
332,HUCKIA__ligand18019-1
333,HUCKIA__ligand352-0
334,HUCKIA__ligand783-0
335,HUCKIA__ligand2001-0
336,HUCKIA__ligand51-0
337,HUCKIA__ligand8593-0
338,HUCKIA__ligand9944-0
339,HUCKIA__ligand27550-0
340,HUCKIA__ligand11544-0
341,HUCKIA__ligand2823-0
342,HUCKIA__ligand11501-0
343,HUCKIA__ligand6995-0
344,HUCKIA__ligand29214-0
345,HUCKIA__ligand3180-0
346,HUCKIA__ligand11758-0
347,HUCKIA__ligand22357-0
348,HUCKIA__ligand4340-0
349,HUCKIA__ligand197-0
350,HUCKIA__ligand21448-0
351,HUCKIA__ligand2650-0
352,HUCKIA__ligand2281-0
353,HUCKIA__ligand11798-0
354,HUCKIA__ligand5415-0
355,HUCKIA__ligand20731-0
356,HUCKIA__ligand29334-0
357,HUCKIA__ligand12413-0
358,HUCKIA__ligand4124-0
359,HUCKIA__ligand17445-0
360,HUCKIA__ligand4161-0
361,HUCKIA__ligand3471-0
362,HUCKIA__ligand14477-0
363,HUCKIA__ligand17069-0
364,HUCKIA__ligand48-0
365,HUCKIA__ligand2692-0
366,HUCKIA__ligand1618-0
367,HUCKIA__ligand23445-0
368,HUCKIA__ligand24953-0
369,HUCKIA__ligand13755-0
370,HUCKIA__ligand16133-0
371,HUCKIA__ligand685-0
372,HUCKIA__ligand27122-0
373,HUCKIA__ligand20432-0
374,HUCKIA__ligand421-0
375,HUCKIA__ligand4262-0
376,HUCKIA__ligand1028-0
377,HUCKIA__ligand21940-0
378,HUCKIA__ligand25048-0
379,HUCKIA__ligand1050-0
380,HUCKIA__ligand1015-0
381,HUCKIA__ligand2027-0
382,HUCKIA__ligand32-0
383,HUCKIA__ligand20557-0
384,HUCKIA__ligand30004-0
385,HUCKIA__ligand294-0
386,HUCKIA__ligand16-0
387,HUCKIA__ligand8529-0
388,HUCKIA__ligand24624-0
389,HUCKIA__ligand20844-0
390,HUCKIA__ligand1169-0
391,HUCKIA__ligand18413-0
392,HUCKIA__ligand560-0
393,HUCKIA__ligand24560-0
394,HUCKIA__ligand18757-0
395,HUCKIA__ligand9615-0
396,HUCKIA__ligand235-0
397,HUCKIA__ligand21752-0
398,HUCKIA__ligand134-0
399,HUCKIA__ligand1154-0
400,HUCKIA__ligand13691-0
401,HUCKIA__ligand30788-0
402,HUCKIA__ligand4596-0
403,HUCKIA__ligand1498-0
404,HUCKIA__ligand14339-0
405,HUCKIA__ligand1688-0
406,HUCKIA__ligand5357-0
407,HUCKIA__ligand3647-0
408,HUCKIA__ligand25650-0
409,HUCKIA__ligand31248-0
410,HUCKIA__ligand5056-0
411,HUCKIA__ligand4850-0
412,HUCKIA__ligand1768-0
413,HUCKIA__ligand13209-0
414,HUCKIA__ligand19257-0
415,HUCKIA__ligand324-0
416,HUCKIA__ligand12660-0
417,HUCKIA__ligand361-0
418,HUCKIA__ligand3871-0
419,HUCKIA__ligand1469-0
420,HUCKIA__ligand409-0
421,HUCKIA__ligand23124-0
422,HUCKIA__ligand1379-0
423,HUCKIA__ligand11206-0
424,HUCKIA__ligand2722-0
425,HUCKIA__ligand12519-0
426,HUCKIA__ligand25735-0
427,HUCKIA__ligand5935-0
428,HUCKIA__ligand1165-0
429,HUCKIA__ligand9525-0
430,HUCKIA__ligand3157-0
431,HUCKIA__ligand4911-0
432,HUCKIA__ligand1771-0
433,HUCKIA__ligand11166-0
434,HUCKIA__ligand21132-0
435,HUCKIA__ligand3392-0
436,HUCKIA__ligand23906-0
437,HUCKIA__ligand199-0
438,HUCKIA__ligand5849-0
439,HUCKIA__ligand30539-0
440,HUCKIA__ligand2527-0
441,HUCKIA__ligand588-0
442,HUCKIA__ligand25689-0
443,HUCKIA__ligand25575-0
444,HUCKIA__ligand21787-0
445,HUCKIA__ligand27835-0
446,HUCKIA__ligand12295-0
447,HUCKIA__ligand300-0
448,HUCKIA__ligand1709-0
449,HUCKIA__ligand8464-0
450,HUCKIA__ligand8349-0
451,HUCKIA__ligand18391-0
452,HUCKIA__ligand14523-0
453,HUCKIA__ligand27169-0
454,HUCKIA__ligand3208-0
455,HUCKIA__ligand2208-0
456,HUCKIA__ligand633-0
457,HUCKIA__ligand2781-0
458,HUCKIA__ligand7573-0
459,HUCKIA__ligand3350-0
460,HUCKIA__ligand20599-0
461,HUCKIA__ligand497-0
462,HUCKIA__ligand25805-0
463,HUCKIA__ligand22981-0
464,HUCKIA__ligand1327-0
465,HUCKIA__ligand9809-0
466,HUCKIA__ligand6672-0
467,HUCKIA__ligand27074-0
468,HUCKIA__ligand8722-0
469,HUCKIA__ligand23904-0
470,HUCKIA__ligand3029-0
471,HUCKIA__ligand7162-0
472,HUCKIA__ligand2328-0
473,HUCKIA__ligand21936-0
474,HUCKIA__ligand4581-0
475,HUCKIA__ligand1773-0
476,HUCKIA__ligand13257-0
477,HUCKIA__ligand1900-0
478,HUCKIA__ligand12467-0
479,HUCKIA__ligand9197-0
480,HUCKIA__ligand10084-0
481,HUCKIA__ligand25267-0
482,HUCKIA__ligand1712-0
483,HUCKIA__ligand4131-0
484,HUCKIA__ligand11140-0
485,HUCKIA__ligand436-0
486,HUCKIA__ligand29610-0
487,HUCKIA__ligand18-0
488,HUCKIA__ligand13869-0
489,HUCKIA__ligand18074-0
490,HUCKIA__ligand692-0
491,HUCKIA__ligand5892-0
492,HUCKIA__ligand29863-0
493,HUCKIA__ligand5094-0
494,HUCKIA__ligand18799-0
495,HUCKIA__ligand18465-0
496,HUCKIA__ligand1533-0
497,HUCKIA__ligand28668-0
498,HUCKIA__ligand326-0
499,HUCKIA__ligand16791-0
500,HUCKIA__ligand7557-0
501,HUCKIA__ligand1496-0
502,HUCKIA__ligand3215-0
503,HUCKIA__ligand11774-0
504,HUCKIA__ligand14586-0
505,HUCKIA__ligand1-0
506,HUCKIA__ligand21421-0
507,HUCKIA__ligand696-0
508,HUCKIA__ligand20579-0
509,HUCKIA__ligand17710-0
510,HUCKIA__ligand7107-0
511,HUCKIA__ligand11568-0
512,HUCKIA__ligand31483-0
513,HUCKIA__ligand6283-0
514,HUCKIA__ligand10555-0
515,HUCKIA__ligand6062-0
516,HUCKIA__ligand19725-0
517,HUCKIA__ligand5813-0
518,HUCKIA__ligand656-0
519,HUCKIA__ligand4813-0
520,HUCKIA__ligand4738-0
521,HUCKIA__ligand24613-0
522,HUCKIA__ligand4194-0
523,HUCKIA__ligand7532-0
524,HUCKIA__ligand12336-0
525,HUCKIA__ligand2599-0
526,HUCKIA__ligand13072-0
527,HUCKIA__ligand4330-0
528,HUCKIA__ligand17590-0
529,HUCKIA__ligand3973-0
530,HUCKIA__ligand226-0
531,HUCKIA__ligand1147-0
532,HUCKIA__ligand17240-0
533,HUCKIA__ligand162-0
534,HUCKIA__ligand12682-0
535,HUCKIA__ligand383-0
536,HUCKIA__ligand18699-0
537,HUCKIA__ligand38-0
538,HUCKIA__ligand2068-0
539,HUCKIA__ligand416-0
540,HUCKIA__ligand7925-0
541,HUCKIA__ligand6455-0
542,HUCKIA__ligand17207-0
543,HUCKIA__ligand6882-0
544,HUCKIA__ligand31578-0
545,HUCKIA__ligand25224-0
546,HUCKIA__ligand18013-0
547,HUCKIA__ligand3934-0
548,HUCKIA__ligand17945-0
549,HUCKIA__ligand2403-0
550,HUCKIA__ligand24750-0
551,HUCKIA__ligand7530-0
552,HUCKIA__ligand1065-0
553,HUCKIA__ligand15438-0
554,HUCKIA__ligand1449-0
555,HUCKIA__ligand42-0
556,HUCKIA__ligand28924-0
557,HUCKIA__ligand3012-0
558,HUCKIA__ligand571-0
559,HUCKIA__ligand4332-0
560,HUCKIA__ligand534-0
561,HUCKIA__ligand18703-0
562,HUCKIA__ligand29087-0
563,HUCKIA__ligand670-0
564,HUCKIA__ligand9681-0
565,HUCKIA__ligand2830-0
566,HUCKIA__ligand66-0
567,HUCKIA__ligand23589-0
568,HUCKIA__ligand5627-0
569,HUCKIA__ligand1729-0
570,HUCKIA__ligand24064-0
571,HUCKIA__ligand15168-0
572,HUCKIA__ligand5483-0
573,HUCKIA__ligand5316-0
574,HUCKIA__ligand9148-0
575,HUCKIA__ligand694-0
576,HUCKIA__ligand10432-0
577,HUCKIA__ligand31618-0
578,HUCKIA__ligand11432-0
579,HUCKIA__ligand3-0
580,HUCKIA__ligand22755-0
581,HUCKIA__ligand26277-0
582,HUCKIA__ligand29898-0
583,HUCKIA__ligand7529-0
584,HUCKIA__ligand488-0
585,HUCKIA__ligand358-0
586,HUCKIA__ligand430-0
587,HUCKIA__ligand6946-0
588,HUCKIA__ligand1415-0
589,HUCKIA__ligand20251-1
590,HUCKIA__ligand122-0
591,HUCKIA__ligand1142-0
592,HUCKIA__ligand3234-0
593,HUCKIA__ligand78-0
594,HUCKIA__ligand8835-0
595,HUCKIA__ligand2028-0
596,HUCKIA__ligand7126-0
597,HUCKIA__ligand757-0
598,HUCKIA__ligand16475-0
599,HUCKIA__ligand14703-0
600,HUCKIA__ligand11675-0
601,HUCKIA__ligand4641-0
602,HUCKIA__ligand20598-0
603,HUCKIA__ligand10589-0
604,HUCKIA__ligand22557-0
605,HUCKIA__ligand24047-0
606,HUCKIA__ligand45-0
607,HUCKIA__ligand17398-0
608,HUCKIA__ligand20011-0
609,HUCKIA__ligand17278-0
610,HUCKIA__ligand29414-0
611,HUCKIA__ligand17982-0
612,HUCKIA__ligand30851-0
613,HUCKIA__ligand14889-0
614,HUCKIA__ligand24-0
615,HUCKIA__ligand29568-0
616,HUCKIA__ligand4620-0
617,HUCKIA__ligand28789-0
618,HUCKIA__ligand2295-0
619,HUCKIA__ligand20419-0
620,HUCKIA__ligand1577-0
621,HUCKIA__ligand6067-0
622,HUCKIA__ligand17118-0
623,HUCKIA__ligand21371-0
624,HUCKIA__ligand7819-0
625,HUCKIA__ligand4-0
626,HUCKIA__ligand693-0
627,HUCKIA__ligand2917-0
628,HUCKIA__ligand17261-0
629,HUCKIA__ligand14117-0
630,HUCKIA__ligand3465-0
631,HUCKIA__ligand21581-0
632,HUCKIA__ligand31097-0
633,HUCKIA__ligand6596-0
634,HUCKIA__ligand3721-0
635,HUCKIA__ligand20539-0
636,HUCKIA__ligand6904-0
637,HUCKIA__ligand6102-0
638,HUCKIA__ligand19-0
639,HUCKIA__ligand20251-0
640,HUCKIA__ligand30702-0
641,HUCKIA__ligand20214-0
642,HUCKIA__ligand141-0
643,HUCKIA__ligand3156-0
644,HUCKIA__ligand240-0
645,HUCKIA__ligand2915-0
646,HUCKIA__ligand13390-0
647,HUCKIA__ligand20682-0
648,HUCKIA__ligand1378-0
649,HUCKIA__ligand6244-0
650,HUCKIA__ligand2332-0
651,HUCKIA__ligand9441-0
652,HUCKIA__ligand13208-0
653,HUCKIA__ligand27482-0
654,HUCKIA__ligand26810-0
655,HUCKIA__ligand9933-0
656,HUCKIA__ligand1530-0
657,HUCKIA__ligand1575-0
658,HUCKIA__ligand1631-0
659,HUCKIA__ligand8721-0
660,HUCKIA__ligand31832-0
661,HUCKIA__ligand13294-0
662,HUCKIA__ligand1324-0
663,HUCKIA__ligand768-0
664,HUCKIA__ligand5643-0
665,HUCKIA__ligand1823-0
666,HUCKIA__ligand2526-0
667,HUCKIA__ligand5036-0
668,HUCKIA__ligand13331-0
669,HUCKIA__ligand1615-0
670,HUCKIA__ligand28884-0
671,HUCKIA__ligand12030-0
672,HUCKIA__ligand9952-0
673,HUCKIA__ligand9111-0
674,HUCKIA__ligand29879-0
675,HUCKIA__ligand14248-0
676,HUCKIA__ligand9601-0
677,HUCKIA__ligand11456-0
678,HUCKIA__ligand8992-0
679,HUCKIA__ligand10712-0
680,HUCKIA__ligand14174-0
681,HUCKIA__ligand4116-0
682,HUCKIA__ligand384-0
683,HUCKIA__ligand1018-0
684,HUCKIA__ligand3707-0
685,HUCKIA__ligand6124-0
686,HUCKIA__ligand7967-0
687,HUCKIA__ligand25411-0
688,HUCKIA__ligand7000-0
689,HUCKIA__ligand1982-0
690,HUCKIA__ligand6768-0
691,HUCKIA__ligand8115-0
692,HUCKIA__ligand1285-0
693,HUCKIA__ligand14108-0
694,HUCKIA__ligand10958-0
695,HUCKIA__ligand43-0
696,HUCKIA__ligand4503-0
697,HUCKIA__ligand4546-0
698,HUCKIA__ligand12641-0
699,HUCKIA__ligand10262-0
700,HUCKIA__ligand28676-0
701,HUCKIA__ligand5256-0
702,HUCKIA__ligand8876-0
703,HUCKIA__ligand2828-0
704,HUCKIA__ligand7648-0
705,HUCKIA__ligand27763-0
706,HUCKIA__ligand338-0
707,HUCKIA__ligand9833-0
708,HUCKIA__ligand4157-0
709,HUCKIA__ligand29302-0
710,HUCKIA__ligand13425-0
711,HUCKIA__ligand2232-0
712,HUCKIA__ligand19057-0
713,HUCKIA__ligand9291-0
714,HUCKIA__ligand18814-0
715,HUCKIA__ligand2176-0
716,HUCKIA__ligand9784-0
717,HUCKIA__ligand12231-0
718,HUCKIA__ligand7629-0
719,HUCKIA__ligand13658-0
720,HUCKIA__ligand26702-0
721,HUCKIA__ligand12289-0
722,HUCKIA__ligand18292-0
723,HUCKIA__ligand17387-0
724,HUCKIA__ligand12130-0
725,HUCKIA__ligand1451-0
726,HUCKIA__ligand4272-0
727,HUCKIA__ligand4093-0
728,HUCKIA__ligand201-0
729,HUCKIA__ligand4442-0
730,HUCKIA__ligand10476-0
731,HUCKIA__ligand3954-0
732,HUCKIA__ligand19830-0
733,HUCKIA__ligand13068-0
734,HUCKIA__ligand15585-0
735,HUCKIA__ligand1160-0
736,HUCKIA__ligand12401-0
737,HUCKIA__ligand8699-0
738,HUCKIA__ligand24145-0
739,HUCKIA__ligand9520-0
740,HUCKIA__ligand178-0
741,HUCKIA__ligand4016-0
742,HUCKIA__ligand25178-0
743,HUCKIA__ligand279-0
744,HUCKIA__ligand1219-0
745,HUCKIA__ligand6709-0
746,HUCKIA__ligand24185-0
747,HUCKIA__ligand7867-0
748,HUCKIA__ligand23769-0
749,HUCKIA__ligand185-0
750,HUCKIA__ligand7280-0
751,HUCKIA__ligand67-0
752,HUCKIA__ligand1790-0
753,HUCKIA__ligand17805-0
754,HUCKIA__ligand321-0
755,HUCKIA__ligand1304-0
756,HUCKIA__ligand17302-0
757,HUCKIA__ligand7238-0
758,HUCKIA__ligand13012-0
759,HUCKIA__ligand1536-0
760,HUCKIA__ligand17631-0
761,HUCKIA__ligand1573-0
762,HUCKIA__ligand187-0
763,HUCKIA__ligand9935-0
764,HUCKIA__ligand26665-0
765,HUCKIA__ligand14297-0
766,HUCKIA__ligand14603-0
767,HUCKIA__ligand3504-0
768,HUCKIA__ligand657-0
769,HUCKIA__ligand17258-0
770,HUCKIA__ligand1959-0
771,HUCKIA__ligand31783-0
772,HUCKIA__ligand1844-0
773,HUCKIA__ligand4661-0
774,HUCKIA__ligand3718-0
775,HUCKIA__ligand366-0
776,HUCKIA__ligand1343-0
777,HUCKIA__ligand3876-0
778,HUCKIA__ligand3035-0
779,HUCKIA__ligand6616-0
780,HUCKIA__ligand15422-0
781,HUCKIA__ligand12934-0
782,HUCKIA__ligand20578-0
783,HUCKIA__ligand7106-0
784,HUCKIA__ligand19641-0
785,HUCKIA__ligand777-0
786,HUCKIA__ligand7242-0
787,HUCKIA__ligand14723-0
788,HUCKIA__ligand27893-0
789,HUCKIA__ligand941-0
790,HUCKIA__ligand596-0
791,HUCKIA__ligand30988-0
792,HUCKIA__ligand23713-0
793,HUCKIA__ligand18832-0
794,HUCKIA__ligand27175-0
795,HUCKIA__ligand9908-0
796,HUCKIA__ligand1263-0
797,HUCKIA__ligand27460-0
798,HUCKIA__ligand4155-0
799,HUCKIA__ligand3094-0
800,HUCKIA__ligand5211-0
801,HUCKIA__ligand3174-0
802,HUCKIA__ligand3937-0
803,HUCKIA__ligand1202-0
804,HUCKIA__ligand3131-0
805,HUCKIA__ligand8969-0
806,HUCKIA__ligand16628-0
807,HUCKIA__ligand6839-0
808,HUCKIA__ligand126-0
809,HUCKIA__ligand12427-0
810,HUCKIA__ligand4720-0
811,HUCKIA__ligand163-0
812,HUCKIA__ligand28468-0
813,HUCKIA__ligand20740-0
814,HUCKIA__ligand26540-0
815,HUCKIA__ligand29410-0
816,HUCKIA__ligand3565-0
817,HUCKIA__ligand12337-0
818,HUCKIA__ligand30296-0
819,HUCKIA__ligand5331-0
820,HUCKIA__ligand1512-0
821,HUCKIA__ligand17281-0
822,HUCKIA__ligand2485-0
823,HUCKIA__ligand3852-0
824,HUCKIA__ligand12606-0
825,HUCKIA__ligand6919-0
826,HUCKIA__ligand845-0
827,HUCKIA__ligand30333-0
