,TMC
0,DPPPDC__ligand1171-0
1,DPPPDC__ligand119-0
2,DPPPDC__ligand5801-0
3,DPPPDC__ligand124-0
4,DPPPDC__ligand3063-0
5,DPPPDC__ligand1438-0
6,DPPPDC__ligand100-0
7,DPPPDC__ligand1544-0
8,DPPPDC__ligand244-0
9,DPPPDC__ligand201-0
10,DPPPDC__ligand1459-0
11,DPPPDC__ligand2087-0
12,DPPPDC__ligand1048-0
13,DPPPDC__ligand321-0
14,DPPPDC__ligand3757-0
15,DPPPDC__ligand11-0
16,DPPPDC__ligand279-0
17,DPPPDC__ligand1685-0
18,DPPPDC__ligand178-0
19,DPPPDC__ligand366-0
20,DPPPDC__ligand861-0
21,DPPPDC__ligand6277-0
22,DPPPDC__ligand612-0
23,DPPPDC__ligand1951-0
24,DPPPDC__ligand187-0
25,DPPPDC__ligand1687-0
26,DPPPDC__ligand2259-0
27,DPPPDC__ligand2688-0
28,DPPPDC__ligand596-0
29,DPPPDC__ligand1376-0
30,DPPPDC__ligand2768-0
31,DPPPDC__ligand126-0
32,DPPPDC__ligand1706-0
33,DPPPDC__ligand3734-0
34,DPPPDC__ligand2629-0
35,DPPPDC__ligand4381-0
36,DPPPDC__ligand2098-0
37,DPPPDC__ligand6502-0
38,DPPPDC__ligand757-0
39,DPPPDC__ligand2863-0
40,DPPPDC__ligand3178-0
41,DPPPDC__ligand6332-0
42,DPPPDC__ligand3145-0
43,DPPPDC__ligand7915-0
44,DPPPDC__ligand797-0
45,DPPPDC__ligand5548-0
46,DPPPDC__ligand1747-0
47,DPPPDC__ligand6686-0
48,DPPPDC__ligand17-0
49,DPPPDC__ligand2751-0
50,DPPPDC__ligand3041-0
51,DPPPDC__ligand92-0
52,DPPPDC__ligand1542-0
53,DPPPDC__ligand2634-0
54,DPPPDC__ligand240-0
55,DPPPDC__ligand1228-0
56,DPPPDC__ligand141-0
57,DPPPDC__ligand9244-0
58,DPPPDC__ligand1114-0
59,DPPPDC__ligand1538-0
60,DPPPDC__ligand89-0
61,DPPPDC__ligand3246-0
62,DPPPDC__ligand1479-0
63,DPPPDC__ligand384-0
64,DPPPDC__ligand1148-0
65,DPPPDC__ligand120-0
66,DPPPDC__ligand49-0
67,DPPPDC__ligand1835-0
68,DPPPDC__ligand2794-0
69,DPPPDC__ligand2345-0
70,DPPPDC__ligand4983-0
71,DPPPDC__ligand1502-0
72,DPPPDC__ligand2265-0
73,DPPPDC__ligand1113-0
74,DPPPDC__ligand6396-0
75,DPPPDC__ligand57-0
76,DPPPDC__ligand9027-0
77,DPPPDC__ligand73-0
78,DPPPDC__ligand1273-0
79,DPPPDC__ligand8-0
80,DPPPDC__ligand1052-0
81,DPPPDC__ligand383-0
82,DPPPDC__ligand162-0
83,DPPPDC__ligand226-0
84,DPPPDC__ligand2864-0
85,DPPPDC__ligand509-0
86,DPPPDC__ligand670-0
87,DPPPDC__ligand118-0
88,DPPPDC__ligand2142-0
89,DPPPDC__ligand571-0
90,DPPPDC__ligand34-0
91,DPPPDC__ligand9495-0
92,DPPPDC__ligand2772-0
93,DPPPDC__ligand6151-0
94,DPPPDC__ligand6538-0
95,DPPPDC__ligand278-0
96,DPPPDC__ligand55-0
97,DPPPDC__ligand2880-0
98,DPPPDC__ligand5941-0
99,DPPPDC__ligand365-0
100,DPPPDC__ligand1799-0
101,DPPPDC__ligand3838-0
102,DPPPDC__ligand2838-0
103,DPPPDC__ligand358-0
104,DPPPDC__ligand430-0
105,DPPPDC__ligand5022-0
106,DPPPDC__ligand669-0
107,DPPPDC__ligand95-0
108,DPPPDC__ligand1169-0
109,DPPPDC__ligand361-0
110,DPPPDC__ligand324-0
111,DPPPDC__ligand409-0
112,DPPPDC__ligand51-0
113,DPPPDC__ligand3637-0
114,DPPPDC__ligand29-0
115,DPPPDC__ligand105-0
116,DPPPDC__ligand140-0
117,DPPPDC__ligand91-0
118,DPPPDC__ligand8774-0
119,DPPPDC__ligand1598-0
120,DPPPDC__ligand927-0
121,DPPPDC__ligand199-0
122,DPPPDC__ligand1248-0
123,DPPPDC__ligand4303-0
124,DPPPDC__ligand48-0
125,DPPPDC__ligand6294-0
126,DPPPDC__ligand1054-0
127,DPPPDC__ligand575-0
128,DPPPDC__ligand11730-0
129,DPPPDC__ligand7464-0
130,DPPPDC__ligand497-0
131,DPPPDC__ligand2430-0
132,DPPPDC__ligand1703-0
133,DPPPDC__ligand918-0
134,DPPPDC__ligand633-0
135,DPPPDC__ligand32-0
136,DPPPDC__ligand532-0
137,DPPPDC__ligand2907-0
138,DPPPDC__ligand1567-0
139,DPPPDC__ligand2285-0
140,DPPPDC__ligand8921-0
141,DPPPDC__ligand2510-0
142,DPPPDC__ligand166-0
143,DPPPDC__ligand838-0
144,DPPPDC__ligand1056-0
145,DPPPDC__ligand2320-0
146,DPPPDC__ligand2862-0
147,DPPPDC__ligand1607-0
148,DPPPDC__ligand142-0
149,DPPPDC__ligand206-0
150,DPPPDC__ligand436-0
151,DPPPDC__ligand821-0
152,DPPPDC__ligand1727-0
153,DPPPDC__ligand326-0
154,DPPPDC__ligand553-0
155,DPPPDC__ligand283-0
156,DPPPDC__ligand1152-0
157,DPPPDC__ligand868-0
158,DPPPDC__ligand442-0
159,DPPPDC__ligand1307-0
160,DPPPDC__ligand136-0
161,DPPPDC__ligand62-0
162,DPPPDC__ligand352-0
163,DPPPDC__ligand783-0
164,DPPPDC__ligand1246-0
165,DPPPDC__ligand197-0
166,DPPPDC__ligand296-0
167,DPPPDC__ligand6166-0
168,DPPPDC__ligand2853-0
169,DPPPDC__ligand3853-0
170,DPPPDC__ligand10357-0
171,DPPPDC__ligand86-0
172,DPPPDC__ligand112-0
173,DPPPDC__ligand15630-0
174,DPPPDC__ligand5089-0
175,DPPPDC__ligand2599-0
176,DPPPDC__ligand798-0
177,DPPPDC__ligand421-0
178,DPPPDC__ligand1321-0
179,DPPPDC__ligand584-0
180,DPPPDC__ligand916-0
181,DPPPDC__ligand3566-0
182,DPPPDC__ligand1178-0
183,DPPPDC__ligand294-0
184,DPPPDC__ligand993-0
185,DPPPDC__ligand331-0
186,DPPPDC__ligand1788-0
187,DPPPDC__ligand4894-0
188,DPPPDC__ligand1260-0
189,DPPPDC__ligand560-0
190,DPPPDC__ligand525-0
191,DPPPDC__ligand9620-0
192,DPPPDC__ligand109-0
193,DPPPDC__ligand390-0
194,DPPPDC__ligand7514-0
195,DPPPDC__ligand3337-0
196,DPPPDC__ligand932-0
197,DPPPDC__ligand134-0
198,DPPPDC__ligand4811-0
199,DPPPDC__ligand1449-1
200,DPPPDC__ligand235-0
201,DPPPDC__ligand18-0
202,DPPPDC__ligand1379-0
203,DPPPDC__ligand311-0
204,DPPPDC__ligand6430-0
205,DPPPDC__ligand1299-0
206,DPPPDC__ligand1221-0
207,DPPPDC__ligand1264-0
208,DPPPDC__ligand21-0
209,DPPPDC__ligand188-0
210,DPPPDC__ligand2929-0
211,DPPPDC__ligand2376-0
212,DPPPDC__ligand444-0
213,DPPPDC__ligand369-0
214,DPPPDC__ligand250-0
215,DPPPDC__ligand38-0
216,DPPPDC__ligand460-0
217,DPPPDC__ligand2482-0
218,DPPPDC__ligand1325-0
219,DPPPDC__ligand6571-0
220,DPPPDC__ligand2442-0
221,DPPPDC__ligand1019-0
222,DPPPDC__ligand6-0
223,DPPPDC__ligand370-0
224,DPPPDC__ligand40-0
225,DPPPDC__ligand1104-0
226,DPPPDC__ligand7414-0
227,DPPPDC__ligand5762-0
228,DPPPDC__ligand8032-0
229,DPPPDC__ligand4-0
230,DPPPDC__ligand1858-0
231,DPPPDC__ligand830-0
232,DPPPDC__ligand193-0
233,DPPPDC__ligand252-0
234,DPPPDC__ligand5334-0
235,DPPPDC__ligand955-0
236,DPPPDC__ligand2315-0
237,DPPPDC__ligand2480-0
238,DPPPDC__ligand4504-0
239,DPPPDC__ligand3051-0
240,DPPPDC__ligand1898-0
241,DPPPDC__ligand934-0
242,DPPPDC__ligand177-0
243,DPPPDC__ligand1919-0
244,DPPPDC__ligand2389-0
245,DPPPDC__ligand1712-0
246,DPPPDC__ligand851-0
247,DPPPDC__ligand66-0
248,DPPPDC__ligand2916-0
249,DPPPDC__ligand2110-0
250,DPPPDC__ligand909-0
251,DPPPDC__ligand3579-0
252,DPPPDC__ligand3-0
253,DPPPDC__ligand3890-0
254,DPPPDC__ligand1907-0
255,DPPPDC__ligand45-0
256,DPPPDC__ligand4423-0
257,DPPPDC__ligand210-0
258,DPPPDC__ligand78-0
259,DPPPDC__ligand1555-0
260,DPPPDC__ligand10479-0
261,DPPPDC__ligand1285-0
262,DPPPDC__ligand85-0
263,DPPPDC__ligand7630-0
264,DPPPDC__ligand170-0
265,DPPPDC__ligand391-0
266,DPPPDC__ligand7550-0
267,DPPPDC__ligand1038-0
268,DPPPDC__ligand481-0
269,DPPPDC__ligand10114-0
270,DPPPDC__ligand2762-0
271,DPPPDC__ligand314-0
272,DPPPDC__ligand2954-0
273,DPPPDC__ligand5093-0
274,DPPPDC__ligand1160-0
275,DPPPDC__ligand2253-0
276,DPPPDC__ligand6143-0
277,DPPPDC__ligand353-0
278,DPPPDC__ligand5235-0
279,DPPPDC__ligand10910-0
280,DPPPDC__ligand4619-0
281,DPPPDC__ligand3251-0
282,DPPPDC__ligand236-0
283,DPPPDC__ligand9176-0
284,DPPPDC__ligand1493-0
285,DPPPDC__ligand2718-0
286,DPPPDC__ligand3070-0
287,DPPPDC__ligand3035-0
288,DPPPDC__ligand14530-0
289,DPPPDC__ligand5758-0
290,DPPPDC__ligand113-0
291,DPPPDC__ligand422-0
292,DPPPDC__ligand3852-0
293,DPPPDC__ligand3478-0
294,DPPPDC__ligand1818-0
295,DPPPDC__ligand1-0
296,DPPPDC__ligand502-0
297,DPPPDC__ligand196-0
298,DPPPDC__ligand7456-0
299,DPPPDC__ligand682-0
300,DPPPDC__ligand4370-0
301,DPPPDC__ligand2618-0
302,DPPPDC__ligand3618-0
303,DPPPDC__ligand1436-0
304,DPPPDC__ligand67-0
305,DPPPDC__ligand522-0
306,DPPPDC__ligand2255-0
307,DPPPDC__ligand666-0
308,DPPPDC__ligand4175-0
309,DPPPDC__ligand487-0
310,DPPPDC__ligand447-0
311,DPPPDC__ligand133-0
312,DPPPDC__ligand1918-0
313,DPPPDC__ligand4012-0
314,DPPPDC__ligand3196-0
315,DPPPDC__ligand2915-0
316,DPPPDC__ligand355-0
317,DPPPDC__ligand784-0
318,DPPPDC__ligand485-0
319,DPPPDC__ligand1690-0
320,DPPPDC__ligand291-0
321,DPPPDC__ligand2707-0
322,DPPPDC__ligand115-0
323,DPPPDC__ligand2526-0
324,DPPPDC__ligand1551-0
