,TMC
0,DOJXUV__ligand16791-0
1,DOJXUV__ligand4332-0
2,DOJXUV__ligand9681-0
3,DOJXUV__ligand250-0
4,DOJXUV__ligand28668-0
5,DOJXUV__ligand45-0
6,DOJXUV__ligand1065-0
7,DOJXUV__ligand7530-0
8,DOJXUV__ligand18465-0
9,DOJXUV__ligand3012-0
10,DOJXUV__ligand1449-0
11,DOJXUV__ligand18799-0
12,DOJXUV__ligand370-0
13,DOJXUV__ligand29863-0
14,DOJXUV__ligand2403-0
15,DOJXUV__ligand13869-0
16,DOJXUV__ligand18074-0
17,DOJXUV__ligand6455-0
18,DOJXUV__ligand6882-0
19,DOJXUV__ligand78-0
20,DOJXUV__ligand29610-0
21,DOJXUV__ligand3934-0
22,DOJXUV__ligand11140-0
23,DOJXUV__ligand25267-0
24,DOJXUV__ligand479-0
25,DOJXUV__ligand10084-0
26,DOJXUV__ligand785-0
27,DOJXUV__ligand311-0
28,DOJXUV__ligand7529-0
29,DOJXUV__ligand1415-0
30,DOJXUV__ligand6946-0
31,DOJXUV__ligand12467-0
32,DOJXUV__ligand620-0
33,DOJXUV__ligand13257-0
34,DOJXUV__ligand21936-0
35,DOJXUV__ligand370-1
36,DOJXUV__ligand9148-0
37,DOJXUV__ligand19-0
38,DOJXUV__ligand564-0
39,DOJXUV__ligand23904-0
40,DOJXUV__ligand188-0
41,DOJXUV__ligand24-0
42,DOJXUV__ligand27074-0
43,DOJXUV__ligand5483-0
44,DOJXUV__ligand25805-0
45,DOJXUV__ligand22981-0
46,DOJXUV__ligand5316-0
47,DOJXUV__ligand20599-0
48,DOJXUV__ligand2830-0
49,DOJXUV__ligand14523-0
50,DOJXUV__ligand1729-0
51,DOJXUV__ligand27169-0
52,DOJXUV__ligand18391-0
53,DOJXUV__ligand5627-0
54,DOJXUV__ligand177-0
55,DOJXUV__ligand6062-0
56,DOJXUV__ligand12295-0
57,DOJXUV__ligand4738-0
58,DOJXUV__ligand4813-0
59,DOJXUV__ligand27835-0
60,DOJXUV__ligand5813-0
61,DOJXUV__ligand25575-0
62,DOJXUV__ligand21787-0
63,DOJXUV__ligand25689-0
64,DOJXUV__ligand6283-0
65,DOJXUV__ligand30539-0
66,DOJXUV__ligand7107-0
67,DOJXUV__ligand23906-0
68,DOJXUV__ligand3215-0
69,DOJXUV__ligand21132-0
70,DOJXUV__ligand909-0
71,DOJXUV__ligand11166-0
72,DOJXUV__ligand372-0
73,DOJXUV__ligand7925-0
74,DOJXUV__ligand830-0
75,DOJXUV__ligand2068-0
76,DOJXUV__ligand3973-0
77,DOJXUV__ligand12519-0
78,DOJXUV__ligand25735-0
79,DOJXUV__ligand193-0
80,DOJXUV__ligand11206-0
81,DOJXUV__ligand23124-0
82,DOJXUV__ligand1147-0
83,DOJXUV__ligand12660-0
84,DOJXUV__ligand252-0
85,DOJXUV__ligand4330-0
86,DOJXUV__ligand13209-0
87,DOJXUV__ligand19257-0
88,DOJXUV__ligand2599-0
89,DOJXUV__ligand116-0
90,DOJXUV__ligand31248-0
91,DOJXUV__ligand4194-0
92,DOJXUV__ligand25650-0
93,DOJXUV__ligand7532-0
94,DOJXUV__ligand197-0
95,DOJXUV__ligand9197-0
96,DOJXUV__ligand1900-0
97,DOJXUV__ligand26277-0
98,DOJXUV__ligand29898-0
99,DOJXUV__ligand7162-0
100,DOJXUV__ligand3029-0
101,DOJXUV__ligand4581-0
102,DOJXUV__ligand22755-0
103,DOJXUV__ligand1773-0
104,DOJXUV__ligand10432-0
105,DOJXUV__ligand2328-0
106,DOJXUV__ligand31618-0
107,DOJXUV__ligand11432-0
108,DOJXUV__ligand3350-0
109,DOJXUV__ligand3-0
110,DOJXUV__ligand2781-0
111,DOJXUV__ligand7573-0
112,DOJXUV__ligand8722-0
113,DOJXUV__ligand15168-0
114,DOJXUV__ligand1327-0
115,DOJXUV__ligand9809-0
116,DOJXUV__ligand6672-0
117,DOJXUV__ligand24064-0
118,DOJXUV__ligand43-0
119,DOJXUV__ligand2208-0
120,DOJXUV__ligand23589-0
121,DOJXUV__ligand3208-0
122,DOJXUV__ligand868-0
123,DOJXUV__ligand29087-0
124,DOJXUV__ligand18703-0
125,DOJXUV__ligand1496-0
126,DOJXUV__ligand7557-0
127,DOJXUV__ligand28924-0
128,DOJXUV__ligand15438-0
129,DOJXUV__ligand67-0
130,DOJXUV__ligand1533-0
131,DOJXUV__ligand24750-0
132,DOJXUV__ligand5892-0
133,DOJXUV__ligand5094-0
134,DOJXUV__ligand783-0
135,DOJXUV__ligand352-0
136,DOJXUV__ligand17945-0
137,DOJXUV__ligand25224-0
138,DOJXUV__ligand1712-0
139,DOJXUV__ligand18013-0
140,DOJXUV__ligand4131-0
141,DOJXUV__ligand17207-0
142,DOJXUV__ligand31578-0
143,DOJXUV__ligand9525-0
144,DOJXUV__ligand560-0
145,DOJXUV__ligand1165-0
146,DOJXUV__ligand12682-0
147,DOJXUV__ligand18699-0
148,DOJXUV__ligand3157-0
149,DOJXUV__ligand2722-0
150,DOJXUV__ligand1379-0
151,DOJXUV__ligand17240-0
152,DOJXUV__ligand5935-0
153,DOJXUV__ligand17590-0
154,DOJXUV__ligand13072-0
155,DOJXUV__ligand1768-0
156,DOJXUV__ligand12336-0
157,DOJXUV__ligand1469-0
158,DOJXUV__ligand3871-0
159,DOJXUV__ligand3647-0
160,DOJXUV__ligand5357-0
161,DOJXUV__ligand134-0
162,DOJXUV__ligand1688-0
163,DOJXUV__ligand4850-0
164,DOJXUV__ligand5056-0
165,DOJXUV__ligand235-0
166,DOJXUV__ligand24613-0
167,DOJXUV__ligand1-0
168,DOJXUV__ligand19725-0
169,DOJXUV__ligand8349-0
170,DOJXUV__ligand8464-0
171,DOJXUV__ligand1709-0
172,DOJXUV__ligand421-0
173,DOJXUV__ligand685-0
174,DOJXUV__ligand10555-0
175,DOJXUV__ligand2527-0
176,DOJXUV__ligand31483-0
177,DOJXUV__ligand294-0
178,DOJXUV__ligand11568-0
179,DOJXUV__ligand20579-0
180,DOJXUV__ligand17710-0
181,DOJXUV__ligand5849-0
182,DOJXUV__ligand21421-0
183,DOJXUV__ligand4911-0
184,DOJXUV__ligand1771-0
185,DOJXUV__ligand11774-0
186,DOJXUV__ligand14586-0
187,DOJXUV__ligand3392-0
188,DOJXUV__ligand25411-0
189,DOJXUV__ligand9908-0
190,DOJXUV__ligand1263-0
191,DOJXUV__ligand10712-0
192,DOJXUV__ligand487-0
193,DOJXUV__ligand14174-0
194,DOJXUV__ligand7106-0
195,DOJXUV__ligand11456-0
196,DOJXUV__ligand7242-0
197,DOJXUV__ligand1844-0
198,DOJXUV__ligand4661-0
199,DOJXUV__ligand29879-0
200,DOJXUV__ligand14248-0
201,DOJXUV__ligand447-0
202,DOJXUV__ligand12030-0
203,DOJXUV__ligand3876-0
204,DOJXUV__ligand1343-0
205,DOJXUV__ligand3035-0
206,DOJXUV__ligand6616-0
207,DOJXUV__ligand13331-0
208,DOJXUV__ligand28884-0
209,DOJXUV__ligand3718-0
210,DOJXUV__ligand746-0
211,DOJXUV__ligand176-0
212,DOJXUV__ligand9935-0
213,DOJXUV__ligand1536-0
214,DOJXUV__ligand1573-0
215,DOJXUV__ligand13294-0
216,DOJXUV__ligand1959-0
217,DOJXUV__ligand3504-0
218,DOJXUV__ligand31832-0
219,DOJXUV__ligand6919-0
220,DOJXUV__ligand3852-0
221,DOJXUV__ligand2485-0
222,DOJXUV__ligand3565-0
223,DOJXUV__ligand27482-0
224,DOJXUV__ligand26810-0
225,DOJXUV__ligand1512-0
226,DOJXUV__ligand5331-0
227,DOJXUV__ligand13208-0
228,DOJXUV__ligand152-0
229,DOJXUV__ligand6839-0
230,DOJXUV__ligand8969-0
231,DOJXUV__ligand3174-0
232,DOJXUV__ligand1202-0
233,DOJXUV__ligand3937-0
234,DOJXUV__ligand3131-0
235,DOJXUV__ligand506-0
236,DOJXUV__ligand20682-0
237,DOJXUV__ligand4720-0
238,DOJXUV__ligand4155-0
239,DOJXUV__ligand3094-0
240,DOJXUV__ligand13390-0
241,DOJXUV__ligand5211-0
242,DOJXUV__ligand2232-0
243,DOJXUV__ligand20251-0
244,DOJXUV__ligand30702-0
245,DOJXUV__ligand20214-0
246,DOJXUV__ligand20539-0
247,DOJXUV__ligand2176-0
248,DOJXUV__ligand21581-0
249,DOJXUV__ligand31097-0
250,DOJXUV__ligand9291-0
251,DOJXUV__ligand17261-0
252,DOJXUV__ligand833-0
253,DOJXUV__ligand9833-0
254,DOJXUV__ligand8876-0
255,DOJXUV__ligand2828-0
256,DOJXUV__ligand7648-0
257,DOJXUV__ligand14117-0
258,DOJXUV__ligand5256-0
259,DOJXUV__ligand4157-0
260,DOJXUV__ligand17118-0
261,DOJXUV__ligand4-0
262,DOJXUV__ligand21371-0
263,DOJXUV__ligand20419-0
264,DOJXUV__ligand4503-0
265,DOJXUV__ligand4546-0
266,DOJXUV__ligand28789-0
267,DOJXUV__ligand8115-0
268,DOJXUV__ligand6768-0
269,DOJXUV__ligand115-0
270,DOJXUV__ligand1982-0
271,DOJXUV__ligand7000-0
272,DOJXUV__ligand29568-0
273,DOJXUV__ligand30851-0
274,DOJXUV__ligand1285-0
275,DOJXUV__ligand14889-0
276,DOJXUV__ligand29414-0
277,DOJXUV__ligand17982-0
278,DOJXUV__ligand395-0
279,DOJXUV__ligand1790-0
280,DOJXUV__ligand20011-0
281,DOJXUV__ligand17278-0
282,DOJXUV__ligand1304-0
283,DOJXUV__ligand7280-0
284,DOJXUV__ligand7238-0
285,DOJXUV__ligand368-0
286,DOJXUV__ligand4016-0
287,DOJXUV__ligand17398-0
288,DOJXUV__ligand10589-0
289,DOJXUV__ligand22557-0
290,DOJXUV__ligand7867-0
291,DOJXUV__ligand24047-0
292,DOJXUV__ligand11675-0
293,DOJXUV__ligand1219-0
294,DOJXUV__ligand6709-0
295,DOJXUV__ligand20598-0
296,DOJXUV__ligand16475-0
297,DOJXUV__ligand14703-0
298,DOJXUV__ligand4093-0
299,DOJXUV__ligand4442-0
300,DOJXUV__ligand3954-0
301,DOJXUV__ligand18-0
302,DOJXUV__ligand9520-0
303,DOJXUV__ligand8699-0
304,DOJXUV__ligand1160-0
305,DOJXUV__ligand784-0
306,DOJXUV__ligand9784-0
307,DOJXUV__ligand1451-0
308,DOJXUV__ligand4272-0
309,DOJXUV__ligand20251-1
310,DOJXUV__ligand7629-0
311,DOJXUV__ligand1530-0
312,DOJXUV__ligand618-0
313,DOJXUV__ligand1575-0
314,DOJXUV__ligand30333-0
315,DOJXUV__ligand9933-0
316,DOJXUV__ligand1631-0
317,DOJXUV__ligand12606-0
318,DOJXUV__ligand9441-0
319,DOJXUV__ligand17281-0
320,DOJXUV__ligand30296-0
321,DOJXUV__ligand2332-0
322,DOJXUV__ligand29410-0
323,DOJXUV__ligand12337-0
324,DOJXUV__ligand391-0
325,DOJXUV__ligand26540-0
326,DOJXUV__ligand28468-0
327,DOJXUV__ligand20740-0
328,DOJXUV__ligand12427-0
329,DOJXUV__ligand1378-0
330,DOJXUV__ligand813-0
331,DOJXUV__ligand16628-0
332,DOJXUV__ligand6244-0
333,DOJXUV__ligand314-0
334,DOJXUV__ligand780-0
335,DOJXUV__ligand2915-0
336,DOJXUV__ligand3156-0
337,DOJXUV__ligand27460-0
338,DOJXUV__ligand1018-0
339,DOJXUV__ligand23713-0
340,DOJXUV__ligand4116-0
341,DOJXUV__ligand18832-0
342,DOJXUV__ligand27175-0
343,DOJXUV__ligand30988-0
344,DOJXUV__ligand7967-0
345,DOJXUV__ligand3707-0
346,DOJXUV__ligand6124-0
347,DOJXUV__ligand314-1
348,DOJXUV__ligand27893-0
349,DOJXUV__ligand9601-0
350,DOJXUV__ligand14723-0
351,DOJXUV__ligand19641-0
352,DOJXUV__ligand38-0
353,DOJXUV__ligand15422-0
354,DOJXUV__ligand12934-0
355,DOJXUV__ligand20578-0
356,DOJXUV__ligand8992-0
357,DOJXUV__ligand1615-0
358,DOJXUV__ligand2526-0
359,DOJXUV__ligand5036-0
360,DOJXUV__ligand9952-0
361,DOJXUV__ligand9111-0
362,DOJXUV__ligand31783-0
363,DOJXUV__ligand17258-0
364,DOJXUV__ligand1324-0
365,DOJXUV__ligand8721-0
366,DOJXUV__ligand14297-0
367,DOJXUV__ligand14603-0
368,DOJXUV__ligand1823-0
369,DOJXUV__ligand5643-0
370,DOJXUV__ligand26665-0
371,DOJXUV__ligand13012-0
372,DOJXUV__ligand17631-0
373,DOJXUV__ligand465-0
374,DOJXUV__ligand17302-0
375,DOJXUV__ligand42-0
376,DOJXUV__ligand686-0
377,DOJXUV__ligand17805-0
378,DOJXUV__ligand23769-0
379,DOJXUV__ligand422-0
380,DOJXUV__ligand4641-0
381,DOJXUV__ligand24185-0
382,DOJXUV__ligand25178-0
383,DOJXUV__ligand24145-0
384,DOJXUV__ligand7126-0
385,DOJXUV__ligand15585-0
386,DOJXUV__ligand12401-0
387,DOJXUV__ligand8835-0
388,DOJXUV__ligand2028-0
389,DOJXUV__ligand19830-0
390,DOJXUV__ligand13068-0
391,DOJXUV__ligand10476-0
392,DOJXUV__ligand17387-0
393,DOJXUV__ligand196-0
394,DOJXUV__ligand12130-0
395,DOJXUV__ligand13658-0
396,DOJXUV__ligand26702-0
397,DOJXUV__ligand12289-0
398,DOJXUV__ligand1142-0
399,DOJXUV__ligand18292-0
400,DOJXUV__ligand3234-0
401,DOJXUV__ligand12231-0
402,DOJXUV__ligand353-0
403,DOJXUV__ligand19057-0
404,DOJXUV__ligand18814-0
405,DOJXUV__ligand3465-0
406,DOJXUV__ligand29302-0
407,DOJXUV__ligand13425-0
408,DOJXUV__ligand6596-0
409,DOJXUV__ligand3721-0
410,DOJXUV__ligand6904-0
411,DOJXUV__ligand6102-0
412,DOJXUV__ligand2917-0
413,DOJXUV__ligand7819-0
414,DOJXUV__ligand27763-0
415,DOJXUV__ligand10262-0
416,DOJXUV__ligand28676-0
417,DOJXUV__ligand12641-0
418,DOJXUV__ligand66-0
419,DOJXUV__ligand10958-0
420,DOJXUV__ligand1577-0
421,DOJXUV__ligand6067-0
422,DOJXUV__ligand2295-0
423,DOJXUV__ligand14108-0
424,DOJXUV__ligand393-0
425,DOJXUV__ligand4620-0
426,DOJXUV__ligand11682-0
427,DOJXUV__ligand30711-0
428,DOJXUV__ligand20207-0
429,DOJXUV__ligand2221-0
430,DOJXUV__ligand4358-0
431,DOJXUV__ligand3120-0
432,DOJXUV__ligand3926-0
433,DOJXUV__ligand25913-0
434,DOJXUV__ligand16988-0
435,DOJXUV__ligand4101-0
436,DOJXUV__ligand5595-0
437,DOJXUV__ligand16663-0
438,DOJXUV__ligand9773-0
439,DOJXUV__ligand14614-0
440,DOJXUV__ligand5510-0
441,DOJXUV__ligand1376-0
442,DOJXUV__ligand24035-0
443,DOJXUV__ligand1197-0
444,DOJXUV__ligand5099-0
445,DOJXUV__ligand8592-0
446,DOJXUV__ligand31842-0
447,DOJXUV__ligand31044-0
448,DOJXUV__ligand1296-0
449,DOJXUV__ligand57-0
450,DOJXUV__ligand693-0
451,DOJXUV__ligand2259-0
452,DOJXUV__ligand11994-0
453,DOJXUV__ligand2822-0
454,DOJXUV__ligand7293-0
455,DOJXUV__ligand1317-0
456,DOJXUV__ligand3867-0
457,DOJXUV__ligand757-0
458,DOJXUV__ligand10056-0
459,DOJXUV__ligand12365-0
460,DOJXUV__ligand15531-0
461,DOJXUV__ligand28743-0
462,DOJXUV__ligand11357-0
463,DOJXUV__ligand13862-0
464,DOJXUV__ligand28930-0
465,DOJXUV__ligand22168-0
466,DOJXUV__ligand2238-0
467,DOJXUV__ligand22294-0
468,DOJXUV__ligand122-0
469,DOJXUV__ligand9167-0
470,DOJXUV__ligand21919-0
471,DOJXUV__ligand5304-0
472,DOJXUV__ligand7762-0
473,DOJXUV__ligand5080-0
474,DOJXUV__ligand11970-0
475,DOJXUV__ligand15883-0
476,DOJXUV__ligand11447-0
477,DOJXUV__ligand11096-0
478,DOJXUV__ligand28810-0
479,DOJXUV__ligand24230-0
480,DOJXUV__ligand5509-0
481,DOJXUV__ligand8002-0
482,DOJXUV__ligand15926-0
483,DOJXUV__ligand1407-0
484,DOJXUV__ligand6117-0
485,DOJXUV__ligand10828-0
486,DOJXUV__ligand19792-0
487,DOJXUV__ligand5383-0
488,DOJXUV__ligand2693-0
489,DOJXUV__ligand3945-0
490,DOJXUV__ligand3736-0
491,DOJXUV__ligand768-0
492,DOJXUV__ligand8000-0
493,DOJXUV__ligand14167-0
494,DOJXUV__ligand13477-0
495,DOJXUV__ligand30142-0
496,DOJXUV__ligand9344-0
497,DOJXUV__ligand27669-0
498,DOJXUV__ligand3677-1
499,DOJXUV__ligand9883-0
500,DOJXUV__ligand29029-0
501,DOJXUV__ligand27285-0
502,DOJXUV__ligand384-0
503,DOJXUV__ligand7291-0
504,DOJXUV__ligand23197-0
505,DOJXUV__ligand9299-0
506,DOJXUV__ligand2985-0
507,DOJXUV__ligand4007-0
508,DOJXUV__ligand34-0
509,DOJXUV__ligand6699-0
510,DOJXUV__ligand10371-0
511,DOJXUV__ligand1168-0
512,DOJXUV__ligand240-0
513,DOJXUV__ligand13672-0
514,DOJXUV__ligand1294-0
515,DOJXUV__ligand55-0
516,DOJXUV__ligand28685-0
517,DOJXUV__ligand141-0
518,DOJXUV__ligand18568-0
519,DOJXUV__ligand3632-0
520,DOJXUV__ligand3677-0
521,DOJXUV__ligand1211-0
522,DOJXUV__ligand19184-0
523,DOJXUV__ligand6892-0
524,DOJXUV__ligand68-0
525,DOJXUV__ligand1499-0
526,DOJXUV__ligand2881-0
527,DOJXUV__ligand18448-0
528,DOJXUV__ligand12453-0
529,DOJXUV__ligand28459-0
530,DOJXUV__ligand1464-0
531,DOJXUV__ligand3712-0
532,DOJXUV__ligand1228-0
533,DOJXUV__ligand9943-0
534,DOJXUV__ligand29215-0
535,DOJXUV__ligand201-0
536,DOJXUV__ligand1604-0
537,DOJXUV__ligand51-0
538,DOJXUV__ligand8788-0
539,DOJXUV__ligand26631-0
540,DOJXUV__ligand16148-0
541,DOJXUV__ligand1832-0
542,DOJXUV__ligand12003-0
543,DOJXUV__ligand2043-0
544,DOJXUV__ligand10872-0
545,DOJXUV__ligand21399-0
546,DOJXUV__ligand22403-0
547,DOJXUV__ligand321-0
548,DOJXUV__ligand2417-0
549,DOJXUV__ligand279-0
550,DOJXUV__ligand1114-0
551,DOJXUV__ligand27754-0
552,DOJXUV__ligand20695-0
553,DOJXUV__ligand185-0
554,DOJXUV__ligand6391-0
555,DOJXUV__ligand178-0
556,DOJXUV__ligand3126-0
557,DOJXUV__ligand91-0
558,DOJXUV__ligand16369-0
559,DOJXUV__ligand11111-0
560,DOJXUV__ligand28540-0
561,DOJXUV__ligand9284-0
562,DOJXUV__ligand8-0
563,DOJXUV__ligand26529-0
564,DOJXUV__ligand11618-0
565,DOJXUV__ligand48-0
566,DOJXUV__ligand1289-0
567,DOJXUV__ligand2203-0
568,DOJXUV__ligand5387-0
569,DOJXUV__ligand19927-0
570,DOJXUV__ligand1599-0
571,DOJXUV__ligand2612-0
572,DOJXUV__ligand26324-0
573,DOJXUV__ligand28559-0
574,DOJXUV__ligand14043-0
575,DOJXUV__ligand27239-0
576,DOJXUV__ligand21729-0
577,DOJXUV__ligand9450-0
578,DOJXUV__ligand338-0
579,DOJXUV__ligand126-0
580,DOJXUV__ligand3178-0
581,DOJXUV__ligand163-0
582,DOJXUV__ligand11949-0
583,DOJXUV__ligand22129-0
584,DOJXUV__ligand24780-0
585,DOJXUV__ligand12138-0
586,DOJXUV__ligand32-0
587,DOJXUV__ligand4807-0
588,DOJXUV__ligand7196-0
589,DOJXUV__ligand25561-0
590,DOJXUV__ligand5159-0
591,DOJXUV__ligand5530-0
592,DOJXUV__ligand1787-0
593,DOJXUV__ligand1356-0
594,DOJXUV__ligand9753-0
595,DOJXUV__ligand845-0
596,DOJXUV__ligand31694-0
597,DOJXUV__ligand8793-0
598,DOJXUV__ligand29486-0
599,DOJXUV__ligand5649-0
600,DOJXUV__ligand2788-0
601,DOJXUV__ligand4649-0
602,DOJXUV__ligand4711-0
603,DOJXUV__ligand3244-0
604,DOJXUV__ligand2906-0
605,DOJXUV__ligand17427-0
606,DOJXUV__ligand14569-0
607,DOJXUV__ligand7273-0
608,DOJXUV__ligand13385-0
609,DOJXUV__ligand366-0
610,DOJXUV__ligand9323-0
611,DOJXUV__ligand22444-0
612,DOJXUV__ligand24111-0
613,DOJXUV__ligand7172-0
614,DOJXUV__ligand8612-0
615,DOJXUV__ligand11587-0
616,DOJXUV__ligand13220-0
617,DOJXUV__ligand657-0
618,DOJXUV__ligand2124-0
619,DOJXUV__ligand187-0
620,DOJXUV__ligand17396-0
621,DOJXUV__ligand3225-0
622,DOJXUV__ligand1153-0
623,DOJXUV__ligand1116-0
624,DOJXUV__ligand15788-0
625,DOJXUV__ligand7092-0
626,DOJXUV__ligand23175-0
627,DOJXUV__ligand2260-0
628,DOJXUV__ligand7316-0
629,DOJXUV__ligand27840-0
630,DOJXUV__ligand16-0
631,DOJXUV__ligand30728-0
632,DOJXUV__ligand5708-0
633,DOJXUV__ligand24872-0
634,DOJXUV__ligand6017-0
635,DOJXUV__ligand941-0
636,DOJXUV__ligand596-0
637,DOJXUV__ligand777-0
638,DOJXUV__ligand10033-0
639,DOJXUV__ligand5180-0
640,DOJXUV__ligand24644-0
641,DOJXUV__ligand12001-0
642,DOJXUV__ligand24851-0
643,DOJXUV__ligand11698-0
644,DOJXUV__ligand20530-0
645,DOJXUV__ligand199-0
646,DOJXUV__ligand14302-0
647,DOJXUV__ligand13657-0
648,DOJXUV__ligand14347-0
649,DOJXUV__ligand11479-0
650,DOJXUV__ligand27610-0
651,DOJXUV__ligand10479-0
652,DOJXUV__ligand1050-0
653,DOJXUV__ligand1015-0
654,DOJXUV__ligand10853-0
655,DOJXUV__ligand29441-0
656,DOJXUV__ligand2027-0
657,DOJXUV__ligand4262-0
658,DOJXUV__ligand16952-0
659,DOJXUV__ligand29813-0
660,DOJXUV__ligand1028-0
661,DOJXUV__ligand300-0
662,DOJXUV__ligand1618-0
663,DOJXUV__ligand20220-0
664,DOJXUV__ligand2692-0
665,DOJXUV__ligand15387-0
666,DOJXUV__ligand588-0
667,DOJXUV__ligand20121-0
668,DOJXUV__ligand324-0
669,DOJXUV__ligand1498-0
670,DOJXUV__ligand361-0
671,DOJXUV__ligand409-0
672,DOJXUV__ligand4596-0
673,DOJXUV__ligand10151-0
674,DOJXUV__ligand9615-0
675,DOJXUV__ligand1154-0
676,DOJXUV__ligand69-0
677,DOJXUV__ligand1169-0
678,DOJXUV__ligand19668-0
679,DOJXUV__ligand8529-0
680,DOJXUV__ligand19906-0
681,DOJXUV__ligand11-0
682,DOJXUV__ligand22353-0
683,DOJXUV__ligand9944-0
684,DOJXUV__ligand8593-0
685,DOJXUV__ligand11606-0
686,DOJXUV__ligand31000-0
687,DOJXUV__ligand692-0
688,DOJXUV__ligand436-0
689,DOJXUV__ligand7566-0
690,DOJXUV__ligand26673-0
691,DOJXUV__ligand2001-0
692,DOJXUV__ligand20821-0
693,DOJXUV__ligand5201-0
694,DOJXUV__ligand18067-0
695,DOJXUV__ligand19824-0
696,DOJXUV__ligand326-0
697,DOJXUV__ligand11252-0
698,DOJXUV__ligand8553-0
699,DOJXUV__ligand1113-0
700,DOJXUV__ligand13260-0
701,DOJXUV__ligand10582-0
702,DOJXUV__ligand4124-0
703,DOJXUV__ligand4161-0
704,DOJXUV__ligand3471-0
705,DOJXUV__ligand25658-0
706,DOJXUV__ligand497-0
707,DOJXUV__ligand17686-0
708,DOJXUV__ligand31205-0
709,DOJXUV__ligand5415-0
710,DOJXUV__ligand11177-0
711,DOJXUV__ligand633-0
712,DOJXUV__ligand15455-0
713,DOJXUV__ligand16870-0
714,DOJXUV__ligand3180-0
715,DOJXUV__ligand11622-0
716,DOJXUV__ligand2650-0
717,DOJXUV__ligand2281-0
718,DOJXUV__ligand4340-0
719,DOJXUV__ligand2823-0
720,DOJXUV__ligand11814-0
721,DOJXUV__ligand6995-0
722,DOJXUV__ligand16603-0
723,DOJXUV__ligand4710-0
724,DOJXUV__ligand5755-0
725,DOJXUV__ligand14339-0
726,DOJXUV__ligand3144-0
727,DOJXUV__ligand5085-0
728,DOJXUV__ligand13691-0
729,DOJXUV__ligand30788-0
730,DOJXUV__ligand8042-0
731,DOJXUV__ligand6112-0
732,DOJXUV__ligand21752-0
733,DOJXUV__ligand1828-0
734,DOJXUV__ligand1397-0
735,DOJXUV__ligand7213-0
736,DOJXUV__ligand24560-0
737,DOJXUV__ligand5630-0
738,DOJXUV__ligand18757-0
739,DOJXUV__ligand416-0
740,DOJXUV__ligand24624-0
741,DOJXUV__ligand1786-0
742,DOJXUV__ligand20844-0
743,DOJXUV__ligand18413-0
744,DOJXUV__ligand383-0
745,DOJXUV__ligand162-0
746,DOJXUV__ligand3285-0
747,DOJXUV__ligand4795-0
748,DOJXUV__ligand1908-0
749,DOJXUV__ligand226-0
750,DOJXUV__ligand5515-0
751,DOJXUV__ligand6663-0
752,DOJXUV__ligand5614-0
753,DOJXUV__ligand5280-0
754,DOJXUV__ligand1831-0
755,DOJXUV__ligand20557-0
756,DOJXUV__ligand30004-0
757,DOJXUV__ligand17-0
758,DOJXUV__ligand696-0
759,DOJXUV__ligand656-0
760,DOJXUV__ligand25048-0
761,DOJXUV__ligand1216-0
762,DOJXUV__ligand21940-0
763,DOJXUV__ligand5019-0
764,DOJXUV__ligand3261-0
765,DOJXUV__ligand1152-0
766,DOJXUV__ligand27122-0
767,DOJXUV__ligand20432-0
768,DOJXUV__ligand16133-0
769,DOJXUV__ligand13755-0
770,DOJXUV__ligand1849-0
771,DOJXUV__ligand23445-0
772,DOJXUV__ligand24953-0
773,DOJXUV__ligand1150-0
774,DOJXUV__ligand17069-0
775,DOJXUV__ligand14477-0
776,DOJXUV__ligand17445-0
777,DOJXUV__ligand1539-0
778,DOJXUV__ligand29334-0
779,DOJXUV__ligand12413-0
780,DOJXUV__ligand20731-0
781,DOJXUV__ligand4207-0
782,DOJXUV__ligand3416-0
783,DOJXUV__ligand3453-0
784,DOJXUV__ligand11798-0
785,DOJXUV__ligand358-0
786,DOJXUV__ligand430-0
787,DOJXUV__ligand21448-0
788,DOJXUV__ligand11758-0
789,DOJXUV__ligand488-0
790,DOJXUV__ligand22357-0
791,DOJXUV__ligand3042-0
792,DOJXUV__ligand29214-0
793,DOJXUV__ligand694-0
794,DOJXUV__ligand11544-0
795,DOJXUV__ligand7438-0
796,DOJXUV__ligand11501-0
797,DOJXUV__ligand8200-0
798,DOJXUV__ligand4063-0
799,DOJXUV__ligand9750-0
800,DOJXUV__ligand27550-0
801,DOJXUV__ligand1779-0
802,DOJXUV__ligand1817-0
803,DOJXUV__ligand6993-0
804,DOJXUV__ligand3557-0
805,DOJXUV__ligand3980-0
806,DOJXUV__ligand1149-0
807,DOJXUV__ligand7075-0
808,DOJXUV__ligand18019-1
809,DOJXUV__ligand89-0
810,DOJXUV__ligand14007-0
811,DOJXUV__ligand29565-0
812,DOJXUV__ligand670-0
813,DOJXUV__ligand23682-0
814,DOJXUV__ligand18158-0
815,DOJXUV__ligand1288-0
816,DOJXUV__ligand571-0
817,DOJXUV__ligand49-0
818,DOJXUV__ligand534-0
819,DOJXUV__ligand27771-0
820,DOJXUV__ligand4167-0
821,DOJXUV__ligand16956-0
822,DOJXUV__ligand14226-0
823,DOJXUV__ligand21339-0
824,DOJXUV__ligand20942-1
825,DOJXUV__ligand4266-0
826,DOJXUV__ligand1400-0
827,DOJXUV__ligand9491-0
