,TMC
0,WIJKOP__ligand8612-0
1,WIJKOP__ligand2124-0
2,WIJKOP__ligand29863-0
3,WIJKOP__ligand1116-0
4,WIJKOP__ligand1153-0
5,WIJKOP__ligand13869-0
6,WIJKOP__ligand3225-0
7,WIJKOP__ligand2260-0
8,WIJKOP__ligand7092-0
9,WIJKOP__ligand18074-0
10,WIJKOP__ligand7273-0
11,WIJKOP__ligand696-0
12,WIJKOP__ligand9323-0
13,WIJKOP__ligand29610-0
14,WIJKOP__ligand7172-0
15,WIJKOP__ligand11140-0
16,WIJKOP__ligand656-0
17,WIJKOP__ligand16791-0
18,WIJKOP__ligand5180-0
19,WIJKOP__ligand28668-0
20,WIJKOP__ligand7316-0
21,WIJKOP__ligand5708-0
22,WIJKOP__ligand18465-0
23,WIJKOP__ligand6017-0
24,WIJKOP__ligand18799-0
25,WIJKOP__ligand7196-0
26,WIJKOP__ligand27074-0
27,WIJKOP__ligand5159-0
28,WIJKOP__ligand5530-0
29,WIJKOP__ligand25805-0
30,WIJKOP__ligand22981-0
31,WIJKOP__ligand1356-0
32,WIJKOP__ligand1787-0
33,WIJKOP__ligand9753-0
34,WIJKOP__ligand20599-0
35,WIJKOP__ligand3178-0
36,WIJKOP__ligand14523-0
37,WIJKOP__ligand27169-0
38,WIJKOP__ligand18391-0
39,WIJKOP__ligand4807-0
40,WIJKOP__ligand3244-0
41,WIJKOP__ligand4711-0
42,WIJKOP__ligand25267-0
43,WIJKOP__ligand10084-0
44,WIJKOP__ligand416-0
45,WIJKOP__ligand2906-0
46,WIJKOP__ligand12467-0
47,WIJKOP__ligand383-0
48,WIJKOP__ligand13257-0
49,WIJKOP__ligand162-0
50,WIJKOP__ligand21936-0
51,WIJKOP__ligand2788-0
52,WIJKOP__ligand5649-0
53,WIJKOP__ligand8793-0
54,WIJKOP__ligand4649-0
55,WIJKOP__ligand226-0
56,WIJKOP__ligand23904-0
57,WIJKOP__ligand30539-0
58,WIJKOP__ligand1289-0
59,WIJKOP__ligand5387-0
60,WIJKOP__ligand2203-0
61,WIJKOP__ligand23906-0
62,WIJKOP__ligand21132-0
63,WIJKOP__ligand11166-0
64,WIJKOP__ligand670-0
65,WIJKOP__ligand571-0
66,WIJKOP__ligand534-0
67,WIJKOP__ligand9450-0
68,WIJKOP__ligand12295-0
69,WIJKOP__ligand27835-0
70,WIJKOP__ligand25575-0
71,WIJKOP__ligand21787-0
72,WIJKOP__ligand1599-0
73,WIJKOP__ligand25689-0
74,WIJKOP__ligand8-0
75,WIJKOP__ligand2612-0
76,WIJKOP__ligand8788-0
77,WIJKOP__ligand1832-0
78,WIJKOP__ligand12660-0
79,WIJKOP__ligand2043-0
80,WIJKOP__ligand18-0
81,WIJKOP__ligand13209-0
82,WIJKOP__ligand19257-0
83,WIJKOP__ligand9943-0
84,WIJKOP__ligand1228-0
85,WIJKOP__ligand31248-0
86,WIJKOP__ligand25650-0
87,WIJKOP__ligand1604-0
88,WIJKOP__ligand1114-0
89,WIJKOP__ligand358-0
90,WIJKOP__ligand430-0
91,WIJKOP__ligand488-0
92,WIJKOP__ligand3126-0
93,WIJKOP__ligand6391-0
94,WIJKOP__ligand9284-0
95,WIJKOP__ligand12519-0
96,WIJKOP__ligand25735-0
97,WIJKOP__ligand11206-0
98,WIJKOP__ligand694-0
99,WIJKOP__ligand23124-0
100,WIJKOP__ligand2417-0
101,WIJKOP__ligand324-0
102,WIJKOP__ligand1168-0
103,WIJKOP__ligand361-0
104,WIJKOP__ligand1294-0
105,WIJKOP__ligand409-0
106,WIJKOP__ligand15168-0
107,WIJKOP__ligand3677-0
108,WIJKOP__ligand3632-0
109,WIJKOP__ligand24064-0
110,WIJKOP__ligand23589-0
111,WIJKOP__ligand6699-0
112,WIJKOP__ligand1499-0
113,WIJKOP__ligand2881-0
114,WIJKOP__ligand3712-0
115,WIJKOP__ligand1464-0
116,WIJKOP__ligand26277-0
117,WIJKOP__ligand1211-0
118,WIJKOP__ligand29898-0
119,WIJKOP__ligand6892-0
120,WIJKOP__ligand22755-0
121,WIJKOP__ligand10432-0
122,WIJKOP__ligand31618-0
123,WIJKOP__ligand11432-0
124,WIJKOP__ligand24750-0
125,WIJKOP__ligand3736-0
126,WIJKOP__ligand8000-0
127,WIJKOP__ligand199-0
128,WIJKOP__ligand9344-0
129,WIJKOP__ligand17945-0
130,WIJKOP__ligand25224-0
131,WIJKOP__ligand2693-0
132,WIJKOP__ligand5383-0
133,WIJKOP__ligand18013-0
134,WIJKOP__ligand17207-0
135,WIJKOP__ligand31578-0
136,WIJKOP__ligand3945-0
137,WIJKOP__ligand9299-0
138,WIJKOP__ligand29087-0
139,WIJKOP__ligand18703-0
140,WIJKOP__ligand2985-0
141,WIJKOP__ligand4007-0
142,WIJKOP__ligand300-0
143,WIJKOP__ligand9883-0
144,WIJKOP__ligand3677-1
145,WIJKOP__ligand28924-0
146,WIJKOP__ligand15438-0
147,WIJKOP__ligand7291-0
148,WIJKOP__ligand38-0
149,WIJKOP__ligand588-0
150,WIJKOP__ligand13072-0
151,WIJKOP__ligand2238-0
152,WIJKOP__ligand9167-0
153,WIJKOP__ligand497-0
154,WIJKOP__ligand12336-0
155,WIJKOP__ligand5304-0
156,WIJKOP__ligand7293-0
157,WIJKOP__ligand2822-0
158,WIJKOP__ligand3867-0
159,WIJKOP__ligand1317-0
160,WIJKOP__ligand633-0
161,WIJKOP__ligand8002-0
162,WIJKOP__ligand12682-0
163,WIJKOP__ligand18699-0
164,WIJKOP__ligand5509-0
165,WIJKOP__ligand42-0
166,WIJKOP__ligand6117-0
167,WIJKOP__ligand1407-0
168,WIJKOP__ligand5080-0
169,WIJKOP__ligand7762-0
170,WIJKOP__ligand17240-0
171,WIJKOP__ligand17590-0
172,WIJKOP__ligand66-0
173,WIJKOP__ligand11568-0
174,WIJKOP__ligand4101-0
175,WIJKOP__ligand5595-0
176,WIJKOP__ligand17710-0
177,WIJKOP__ligand20579-0
178,WIJKOP__ligand692-0
179,WIJKOP__ligand436-0
180,WIJKOP__ligand21421-0
181,WIJKOP__ligand2221-0
182,WIJKOP__ligand11774-0
183,WIJKOP__ligand14586-0
184,WIJKOP__ligand4358-0
185,WIJKOP__ligand3926-0
186,WIJKOP__ligand3120-0
187,WIJKOP__ligand24613-0
188,WIJKOP__ligand1197-0
189,WIJKOP__ligand8592-0
190,WIJKOP__ligand5099-0
191,WIJKOP__ligand19725-0
192,WIJKOP__ligand1296-0
193,WIJKOP__ligand326-0
194,WIJKOP__ligand2259-0
195,WIJKOP__ligand10555-0
196,WIJKOP__ligand31483-0
197,WIJKOP__ligand9773-0
198,WIJKOP__ligand5510-0
199,WIJKOP__ligand1376-0
200,WIJKOP__ligand3980-0
201,WIJKOP__ligand29879-0
202,WIJKOP__ligand14248-0
203,WIJKOP__ligand3557-0
204,WIJKOP__ligand1149-0
205,WIJKOP__ligand12030-0
206,WIJKOP__ligand7075-0
207,WIJKOP__ligand13331-0
208,WIJKOP__ligand28884-0
209,WIJKOP__ligand9750-0
210,WIJKOP__ligand78-0
211,WIJKOP__ligand1779-0
212,WIJKOP__ligand13294-0
213,WIJKOP__ligand6993-0
214,WIJKOP__ligand31832-0
215,WIJKOP__ligand1817-0
216,WIJKOP__ligand4167-0
217,WIJKOP__ligand25411-0
218,WIJKOP__ligand4266-0
219,WIJKOP__ligand1400-0
220,WIJKOP__ligand9491-0
221,WIJKOP__ligand45-0
222,WIJKOP__ligand10712-0
223,WIJKOP__ligand14174-0
224,WIJKOP__ligand11456-0
225,WIJKOP__ligand1288-0
226,WIJKOP__ligand338-0
227,WIJKOP__ligand24-0
228,WIJKOP__ligand4207-0
229,WIJKOP__ligand201-0
230,WIJKOP__ligand3453-0
231,WIJKOP__ligand3416-0
232,WIJKOP__ligand20682-0
233,WIJKOP__ligand1150-0
234,WIJKOP__ligand13390-0
235,WIJKOP__ligand1539-0
236,WIJKOP__ligand321-0
237,WIJKOP__ligand8200-0
238,WIJKOP__ligand7438-0
239,WIJKOP__ligand4063-0
240,WIJKOP__ligand27482-0
241,WIJKOP__ligand279-0
242,WIJKOP__ligand26810-0
243,WIJKOP__ligand185-0
244,WIJKOP__ligand3042-0
245,WIJKOP__ligand178-0
246,WIJKOP__ligand19-0
247,WIJKOP__ligand13208-0
248,WIJKOP__ligand17118-0
249,WIJKOP__ligand21371-0
250,WIJKOP__ligand366-0
251,WIJKOP__ligand20419-0
252,WIJKOP__ligand28789-0
253,WIJKOP__ligand657-0
254,WIJKOP__ligand5515-0
255,WIJKOP__ligand29568-0
256,WIJKOP__ligand6663-0
257,WIJKOP__ligand187-0
258,WIJKOP__ligand5280-0
259,WIJKOP__ligand30851-0
260,WIJKOP__ligand5614-0
261,WIJKOP__ligand14889-0
262,WIJKOP__ligand1831-0
263,WIJKOP__ligand20251-0
264,WIJKOP__ligand20214-0
265,WIJKOP__ligand30702-0
266,WIJKOP__ligand20539-0
267,WIJKOP__ligand1849-0
268,WIJKOP__ligand31097-0
269,WIJKOP__ligand21581-0
270,WIJKOP__ligand941-0
271,WIJKOP__ligand596-0
272,WIJKOP__ligand17261-0
273,WIJKOP__ligand777-0
274,WIJKOP__ligand14117-0
275,WIJKOP__ligand1216-0
276,WIJKOP__ligand5019-0
277,WIJKOP__ligand1152-0
278,WIJKOP__ligand3261-0
279,WIJKOP__ligand8042-0
280,WIJKOP__ligand14703-0
281,WIJKOP__ligand126-0
282,WIJKOP__ligand16475-0
283,WIJKOP__ligand163-0
284,WIJKOP__ligand6112-0
285,WIJKOP__ligand1828-0
286,WIJKOP__ligand1397-0
287,WIJKOP__ligand7213-0
288,WIJKOP__ligand4710-0
289,WIJKOP__ligand5755-0
290,WIJKOP__ligand3144-0
291,WIJKOP__ligand5085-0
292,WIJKOP__ligand20251-1
293,WIJKOP__ligand29414-0
294,WIJKOP__ligand845-0
295,WIJKOP__ligand17982-0
296,WIJKOP__ligand17278-0
297,WIJKOP__ligand20011-0
298,WIJKOP__ligand4795-0
299,WIJKOP__ligand3285-0
300,WIJKOP__ligand1908-0
301,WIJKOP__ligand5630-0
302,WIJKOP__ligand17398-0
303,WIJKOP__ligand10589-0
304,WIJKOP__ligand22557-0
305,WIJKOP__ligand24047-0
306,WIJKOP__ligand1786-0
307,WIJKOP__ligand11675-0
308,WIJKOP__ligand20598-0
309,WIJKOP__ligand5415-0
310,WIJKOP__ligand28468-0
311,WIJKOP__ligand20740-0
312,WIJKOP__ligand12427-0
313,WIJKOP__ligand757-0
314,WIJKOP__ligand16628-0
315,WIJKOP__ligand3471-0
316,WIJKOP__ligand4161-0
317,WIJKOP__ligand4124-0
318,WIJKOP__ligand122-0
319,WIJKOP__ligand43-0
320,WIJKOP__ligand27460-0
321,WIJKOP__ligand2823-0
322,WIJKOP__ligand30333-0
323,WIJKOP__ligand6995-0
324,WIJKOP__ligand12606-0
325,WIJKOP__ligand17281-0
326,WIJKOP__ligand30296-0
327,WIJKOP__ligand3180-0
328,WIJKOP__ligand29410-0
329,WIJKOP__ligand12337-0
330,WIJKOP__ligand2281-0
331,WIJKOP__ligand2650-0
332,WIJKOP__ligand4340-0
333,WIJKOP__ligand26540-0
334,WIJKOP__ligand7566-0
335,WIJKOP__ligand2001-0
336,WIJKOP__ligand31783-0
337,WIJKOP__ligand17258-0
338,WIJKOP__ligand14297-0
339,WIJKOP__ligand9944-0
340,WIJKOP__ligand14603-0
341,WIJKOP__ligand8593-0
342,WIJKOP__ligand26665-0
343,WIJKOP__ligand13012-0
344,WIJKOP__ligand17631-0
345,WIJKOP__ligand8553-0
346,WIJKOP__ligand23713-0
347,WIJKOP__ligand1113-0
348,WIJKOP__ligand18832-0
349,WIJKOP__ligand27175-0
350,WIJKOP__ligand30988-0
351,WIJKOP__ligand27893-0
352,WIJKOP__ligand5201-0
353,WIJKOP__ligand14723-0
354,WIJKOP__ligand67-0
355,WIJKOP__ligand19641-0
356,WIJKOP__ligand15422-0
357,WIJKOP__ligand20578-0
358,WIJKOP__ligand12934-0
359,WIJKOP__ligand693-0
360,WIJKOP__ligand24145-0
361,WIJKOP__ligand15585-0
362,WIJKOP__ligand12401-0
363,WIJKOP__ligand9615-0
364,WIJKOP__ligand19830-0
365,WIJKOP__ligand1154-0
366,WIJKOP__ligand13068-0
367,WIJKOP__ligand10476-0
368,WIJKOP__ligand17387-0
369,WIJKOP__ligand12130-0
370,WIJKOP__ligand1498-0
371,WIJKOP__ligand240-0
372,WIJKOP__ligand4596-0
373,WIJKOP__ligand13658-0
374,WIJKOP__ligand26702-0
375,WIJKOP__ligand12289-0
376,WIJKOP__ligand18292-0
377,WIJKOP__ligand12231-0
378,WIJKOP__ligand141-0
379,WIJKOP__ligand17302-0
380,WIJKOP__ligand17805-0
381,WIJKOP__ligand1169-0
382,WIJKOP__ligand23769-0
383,WIJKOP__ligand8529-0
384,WIJKOP__ligand24185-0
385,WIJKOP__ligand25178-0
386,WIJKOP__ligand12641-0
387,WIJKOP__ligand1015-0
388,WIJKOP__ligand1050-0
389,WIJKOP__ligand10958-0
390,WIJKOP__ligand2027-0
391,WIJKOP__ligand14108-0
392,WIJKOP__ligand768-0
393,WIJKOP__ligand1618-0
394,WIJKOP__ligand19057-0
395,WIJKOP__ligand18814-0
396,WIJKOP__ligand2692-0
397,WIJKOP__ligand384-0
398,WIJKOP__ligand29302-0
399,WIJKOP__ligand13425-0
400,WIJKOP__ligand4262-0
401,WIJKOP__ligand27763-0
402,WIJKOP__ligand10262-0
403,WIJKOP__ligand28676-0
404,WIJKOP__ligand1028-0
405,WIJKOP__ligand16663-0
406,WIJKOP__ligand2527-0
407,WIJKOP__ligand14614-0
408,WIJKOP__ligand314-1
409,WIJKOP__ligand24035-0
410,WIJKOP__ligand31842-0
411,WIJKOP__ligand31044-0
412,WIJKOP__ligand8349-0
413,WIJKOP__ligand8464-0
414,WIJKOP__ligand1709-0
415,WIJKOP__ligand11994-0
416,WIJKOP__ligand11682-0
417,WIJKOP__ligand20207-0
418,WIJKOP__ligand30711-0
419,WIJKOP__ligand1771-0
420,WIJKOP__ligand4911-0
421,WIJKOP__ligand3392-0
422,WIJKOP__ligand25913-0
423,WIJKOP__ligand16988-0
424,WIJKOP__ligand1-0
425,WIJKOP__ligand465-0
426,WIJKOP__ligand5849-0
427,WIJKOP__ligand2722-0
428,WIJKOP__ligand618-0
429,WIJKOP__ligand11970-0
430,WIJKOP__ligand11-0
431,WIJKOP__ligand1379-0
432,WIJKOP__ligand5935-0
433,WIJKOP__ligand15883-0
434,WIJKOP__ligand11447-0
435,WIJKOP__ligand11096-0
436,WIJKOP__ligand9525-0
437,WIJKOP__ligand28810-0
438,WIJKOP__ligand24230-0
439,WIJKOP__ligand1165-0
440,WIJKOP__ligand391-0
441,WIJKOP__ligand15926-0
442,WIJKOP__ligand10828-0
443,WIJKOP__ligand3157-0
444,WIJKOP__ligand19792-0
445,WIJKOP__ligand3647-0
446,WIJKOP__ligand5357-0
447,WIJKOP__ligand10056-0
448,WIJKOP__ligand12365-0
449,WIJKOP__ligand1688-0
450,WIJKOP__ligand813-0
451,WIJKOP__ligand4850-0
452,WIJKOP__ligand5056-0
453,WIJKOP__ligand15531-0
454,WIJKOP__ligand28743-0
455,WIJKOP__ligand13862-0
456,WIJKOP__ligand11357-0
457,WIJKOP__ligand314-0
458,WIJKOP__ligand780-0
459,WIJKOP__ligand28930-0
460,WIJKOP__ligand22168-0
461,WIJKOP__ligand1768-0
462,WIJKOP__ligand22294-0
463,WIJKOP__ligand21919-0
464,WIJKOP__ligand1469-0
465,WIJKOP__ligand3871-0
466,WIJKOP__ligand69-0
467,WIJKOP__ligand353-0
468,WIJKOP__ligand29029-0
469,WIJKOP__ligand27285-0
470,WIJKOP__ligand1533-0
471,WIJKOP__ligand23197-0
472,WIJKOP__ligand1496-0
473,WIJKOP__ligand7557-0
474,WIJKOP__ligand4131-0
475,WIJKOP__ligand1712-0
476,WIJKOP__ligand5094-0
477,WIJKOP__ligand5892-0
478,WIJKOP__ligand393-0
479,WIJKOP__ligand13477-0
480,WIJKOP__ligand14167-0
481,WIJKOP__ligand30142-0
482,WIJKOP__ligand27669-0
483,WIJKOP__ligand7162-0
484,WIJKOP__ligand19184-0
485,WIJKOP__ligand3029-0
486,WIJKOP__ligand1773-0
487,WIJKOP__ligand4581-0
488,WIJKOP__ligand686-0
489,WIJKOP__ligand2328-0
490,WIJKOP__ligand9197-0
491,WIJKOP__ligand422-0
492,WIJKOP__ligand1900-0
493,WIJKOP__ligand3-0
494,WIJKOP__ligand18448-0
495,WIJKOP__ligand12453-0
496,WIJKOP__ligand28459-0
497,WIJKOP__ligand2208-0
498,WIJKOP__ligand10371-0
499,WIJKOP__ligand3208-0
500,WIJKOP__ligand13672-0
501,WIJKOP__ligand196-0
502,WIJKOP__ligand3350-0
503,WIJKOP__ligand7573-0
504,WIJKOP__ligand2781-0
505,WIJKOP__ligand28685-0
506,WIJKOP__ligand8722-0
507,WIJKOP__ligand18568-0
508,WIJKOP__ligand6672-0
509,WIJKOP__ligand9809-0
510,WIJKOP__ligand1327-0
511,WIJKOP__ligand22403-0
512,WIJKOP__ligand3973-0
513,WIJKOP__ligand1147-0
514,WIJKOP__ligand27754-0
515,WIJKOP__ligand20695-0
516,WIJKOP__ligand7925-0
517,WIJKOP__ligand16369-0
518,WIJKOP__ligand152-0
519,WIJKOP__ligand11111-0
520,WIJKOP__ligand2068-0
521,WIJKOP__ligand28540-0
522,WIJKOP__ligand29215-0
523,WIJKOP__ligand4194-0
524,WIJKOP__ligand506-0
525,WIJKOP__ligand7532-0
526,WIJKOP__ligand16148-0
527,WIJKOP__ligand26631-0
528,WIJKOP__ligand12003-0
529,WIJKOP__ligand4330-0
530,WIJKOP__ligand10872-0
531,WIJKOP__ligand2599-0
532,WIJKOP__ligand21399-0
533,WIJKOP__ligand19927-0
534,WIJKOP__ligand26324-0
535,WIJKOP__ligand6283-0
536,WIJKOP__ligand28559-0
537,WIJKOP__ligand14043-0
538,WIJKOP__ligand27239-0
539,WIJKOP__ligand21729-0
540,WIJKOP__ligand487-0
541,WIJKOP__ligand6062-0
542,WIJKOP__ligand4738-0
543,WIJKOP__ligand4813-0
544,WIJKOP__ligand5813-0
545,WIJKOP__ligand3215-0
546,WIJKOP__ligand447-0
547,WIJKOP__ligand26529-0
548,WIJKOP__ligand746-0
549,WIJKOP__ligand176-0
550,WIJKOP__ligand17-0
551,WIJKOP__ligand7107-0
552,WIJKOP__ligand11618-0
553,WIJKOP__ligand395-0
554,WIJKOP__ligand31694-0
555,WIJKOP__ligand9148-0
556,WIJKOP__ligand29486-0
557,WIJKOP__ligand368-0
558,WIJKOP__ligand7529-0
559,WIJKOP__ligand1415-0
560,WIJKOP__ligand6946-0
561,WIJKOP__ligand17427-0
562,WIJKOP__ligand11949-0
563,WIJKOP__ligand2830-0
564,WIJKOP__ligand22129-0
565,WIJKOP__ligand1729-0
566,WIJKOP__ligand24780-0
567,WIJKOP__ligand12138-0
568,WIJKOP__ligand5627-0
569,WIJKOP__ligand5483-0
570,WIJKOP__ligand25561-0
571,WIJKOP__ligand784-0
572,WIJKOP__ligand5316-0
573,WIJKOP__ligand1065-0
574,WIJKOP__ligand27840-0
575,WIJKOP__ligand7530-0
576,WIJKOP__ligand30728-0
577,WIJKOP__ligand3012-0
578,WIJKOP__ligand24872-0
579,WIJKOP__ligand49-0
580,WIJKOP__ligand1449-0
581,WIJKOP__ligand10033-0
582,WIJKOP__ligand833-0
583,WIJKOP__ligand4332-0
584,WIJKOP__ligand24644-0
585,WIJKOP__ligand12001-0
586,WIJKOP__ligand9681-0
587,WIJKOP__ligand6882-0
588,WIJKOP__ligand14569-0
589,WIJKOP__ligand6455-0
590,WIJKOP__ligand13385-0
591,WIJKOP__ligand22444-0
592,WIJKOP__ligand24111-0
593,WIJKOP__ligand3934-0
594,WIJKOP__ligand11587-0
595,WIJKOP__ligand13220-0
596,WIJKOP__ligand115-0
597,WIJKOP__ligand17396-0
598,WIJKOP__ligand2403-0
599,WIJKOP__ligand15788-0
600,WIJKOP__ligand23175-0
601,WIJKOP__ligand89-0
602,WIJKOP__ligand2917-0
603,WIJKOP__ligand868-0
604,WIJKOP__ligand7819-0
605,WIJKOP__ligand16952-0
606,WIJKOP__ligand29813-0
607,WIJKOP__ligand20220-0
608,WIJKOP__ligand3465-0
609,WIJKOP__ligand57-0
610,WIJKOP__ligand15387-0
611,WIJKOP__ligand20121-0
612,WIJKOP__ligand6102-0
613,WIJKOP__ligand6904-0
614,WIJKOP__ligand3721-0
615,WIJKOP__ligand6596-0
616,WIJKOP__ligand24851-0
617,WIJKOP__ligand11698-0
618,WIJKOP__ligand4620-0
619,WIJKOP__ligand20530-0
620,WIJKOP__ligand14302-0
621,WIJKOP__ligand14347-0
622,WIJKOP__ligand13657-0
623,WIJKOP__ligand352-0
624,WIJKOP__ligand783-0
625,WIJKOP__ligand11479-0
626,WIJKOP__ligand10479-0
627,WIJKOP__ligand27610-0
628,WIJKOP__ligand10853-0
629,WIJKOP__ligand29441-0
630,WIJKOP__ligand6067-0
631,WIJKOP__ligand1577-0
632,WIJKOP__ligand2295-0
633,WIJKOP__ligand19668-0
634,WIJKOP__ligand197-0
635,WIJKOP__ligand4641-0
636,WIJKOP__ligand19906-0
637,WIJKOP__ligand22353-0
638,WIJKOP__ligand3234-0
639,WIJKOP__ligand1142-0
640,WIJKOP__ligand7126-0
641,WIJKOP__ligand10151-0
642,WIJKOP__ligand2028-0
643,WIJKOP__ligand8835-0
644,WIJKOP__ligand9601-0
645,WIJKOP__ligand18067-0
646,WIJKOP__ligand19824-0
647,WIJKOP__ligand421-0
648,WIJKOP__ligand8992-0
649,WIJKOP__ligand11252-0
650,WIJKOP__ligand1018-0
651,WIJKOP__ligand685-0
652,WIJKOP__ligand4116-0
653,WIJKOP__ligand34-0
654,WIJKOP__ligand13260-0
655,WIJKOP__ligand10582-0
656,WIJKOP__ligand7967-0
657,WIJKOP__ligand6124-0
658,WIJKOP__ligand3707-0
659,WIJKOP__ligand1324-0
660,WIJKOP__ligand8721-0
661,WIJKOP__ligand294-0
662,WIJKOP__ligand11606-0
663,WIJKOP__ligand1823-0
664,WIJKOP__ligand31000-0
665,WIJKOP__ligand5643-0
666,WIJKOP__ligand26673-0
667,WIJKOP__ligand1615-0
668,WIJKOP__ligand5036-0
669,WIJKOP__ligand2526-0
670,WIJKOP__ligand9111-0
671,WIJKOP__ligand9952-0
672,WIJKOP__ligand20821-0
673,WIJKOP__ligand9441-0
674,WIJKOP__ligand16870-0
675,WIJKOP__ligand560-0
676,WIJKOP__ligand2332-0
677,WIJKOP__ligand11622-0
678,WIJKOP__ligand68-0
679,WIJKOP__ligand1575-0
680,WIJKOP__ligand1530-0
681,WIJKOP__ligand9933-0
682,WIJKOP__ligand11814-0
683,WIJKOP__ligand1631-0
684,WIJKOP__ligand16603-0
685,WIJKOP__ligand25658-0
686,WIJKOP__ligand17686-0
687,WIJKOP__ligand2915-0
688,WIJKOP__ligand31205-0
689,WIJKOP__ligand3156-0
690,WIJKOP__ligand1378-0
691,WIJKOP__ligand11177-0
692,WIJKOP__ligand134-0
693,WIJKOP__ligand55-0
694,WIJKOP__ligand6244-0
695,WIJKOP__ligand235-0
696,WIJKOP__ligand15455-0
697,WIJKOP__ligand4016-0
698,WIJKOP__ligand24560-0
699,WIJKOP__ligand479-0
700,WIJKOP__ligand18757-0
701,WIJKOP__ligand785-0
702,WIJKOP__ligand311-0
703,WIJKOP__ligand24624-0
704,WIJKOP__ligand20844-0
705,WIJKOP__ligand18413-0
706,WIJKOP__ligand7867-0
707,WIJKOP__ligand6709-0
708,WIJKOP__ligand1219-0
709,WIJKOP__ligand620-0
710,WIJKOP__ligand1304-0
711,WIJKOP__ligand370-1
712,WIJKOP__ligand1790-0
713,WIJKOP__ligand7280-0
714,WIJKOP__ligand7238-0
715,WIJKOP__ligand564-0
716,WIJKOP__ligand91-0
717,WIJKOP__ligand188-0
718,WIJKOP__ligand14339-0
719,WIJKOP__ligand9784-0
720,WIJKOP__ligand4272-0
721,WIJKOP__ligand1451-0
722,WIJKOP__ligand13691-0
723,WIJKOP__ligand51-0
724,WIJKOP__ligand7629-0
725,WIJKOP__ligand30788-0
726,WIJKOP__ligand3954-0
727,WIJKOP__ligand4442-0
728,WIJKOP__ligand21752-0
729,WIJKOP__ligand4093-0
730,WIJKOP__ligand9520-0
731,WIJKOP__ligand8699-0
732,WIJKOP__ligand1160-0
733,WIJKOP__ligand9833-0
734,WIJKOP__ligand25048-0
735,WIJKOP__ligand7648-0
736,WIJKOP__ligand2828-0
737,WIJKOP__ligand8876-0
738,WIJKOP__ligand5256-0
739,WIJKOP__ligand21940-0
740,WIJKOP__ligand250-0
741,WIJKOP__ligand4157-0
742,WIJKOP__ligand20432-0
743,WIJKOP__ligand2232-0
744,WIJKOP__ligand27122-0
745,WIJKOP__ligand13755-0
746,WIJKOP__ligand16133-0
747,WIJKOP__ligand2176-0
748,WIJKOP__ligand23445-0
749,WIJKOP__ligand24953-0
750,WIJKOP__ligand9291-0
751,WIJKOP__ligand4-0
752,WIJKOP__ligand8115-0
753,WIJKOP__ligand6768-0
754,WIJKOP__ligand1982-0
755,WIJKOP__ligand7000-0
756,WIJKOP__ligand370-0
757,WIJKOP__ligand1285-0
758,WIJKOP__ligand20557-0
759,WIJKOP__ligand30004-0
760,WIJKOP__ligand48-0
761,WIJKOP__ligand4546-0
762,WIJKOP__ligand4503-0
763,WIJKOP__ligand3565-0
764,WIJKOP__ligand372-0
765,WIJKOP__ligand21448-0
766,WIJKOP__ligand11758-0
767,WIJKOP__ligand1512-0
768,WIJKOP__ligand22357-0
769,WIJKOP__ligand5331-0
770,WIJKOP__ligand830-0
771,WIJKOP__ligand29214-0
772,WIJKOP__ligand6919-0
773,WIJKOP__ligand3852-0
774,WIJKOP__ligand2485-0
775,WIJKOP__ligand11544-0
776,WIJKOP__ligand11501-0
777,WIJKOP__ligand193-0
778,WIJKOP__ligand17069-0
779,WIJKOP__ligand3094-0
780,WIJKOP__ligand4155-0
781,WIJKOP__ligand252-0
782,WIJKOP__ligand14477-0
783,WIJKOP__ligand5211-0
784,WIJKOP__ligand116-0
785,WIJKOP__ligand32-0
786,WIJKOP__ligand17445-0
787,WIJKOP__ligand29334-0
788,WIJKOP__ligand6839-0
789,WIJKOP__ligand12413-0
790,WIJKOP__ligand20731-0
791,WIJKOP__ligand8969-0
792,WIJKOP__ligand3131-0
793,WIJKOP__ligand1202-0
794,WIJKOP__ligand3937-0
795,WIJKOP__ligand3174-0
796,WIJKOP__ligand11798-0
797,WIJKOP__ligand4720-0
798,WIJKOP__ligand16-0
799,WIJKOP__ligand29565-0
800,WIJKOP__ligand177-0
801,WIJKOP__ligand7106-0
802,WIJKOP__ligand23682-0
803,WIJKOP__ligand18158-0
804,WIJKOP__ligand27771-0
805,WIJKOP__ligand7242-0
806,WIJKOP__ligand16956-0
807,WIJKOP__ligand21339-0
808,WIJKOP__ligand14226-0
809,WIJKOP__ligand20942-1
810,WIJKOP__ligand1263-0
811,WIJKOP__ligand9908-0
812,WIJKOP__ligand9935-0
813,WIJKOP__ligand1573-0
814,WIJKOP__ligand1536-0
815,WIJKOP__ligand27550-0
816,WIJKOP__ligand1959-0
817,WIJKOP__ligand3504-0
818,WIJKOP__ligand4661-0
819,WIJKOP__ligand1844-0
820,WIJKOP__ligand6616-0
821,WIJKOP__ligand909-0
822,WIJKOP__ligand3035-0
823,WIJKOP__ligand3876-0
824,WIJKOP__ligand1343-0
825,WIJKOP__ligand18019-1
826,WIJKOP__ligand3718-0
827,WIJKOP__ligand14007-0
