,TMC
0,ROQGAF__ligand12003-0
1,ROQGAF__ligand4911-0
2,ROQGAF__ligand1771-0
3,ROQGAF__ligand26631-0
4,ROQGAF__ligand16148-0
5,ROQGAF__ligand16-0
6,ROQGAF__ligand21399-0
7,ROQGAF__ligand10872-0
8,ROQGAF__ligand3392-0
9,ROQGAF__ligand152-0
10,ROQGAF__ligand29215-0
11,ROQGAF__ligand5849-0
12,ROQGAF__ligand2527-0
13,ROQGAF__ligand27754-0
14,ROQGAF__ligand506-0
15,ROQGAF__ligand20695-0
16,ROQGAF__ligand28540-0
17,ROQGAF__ligand11111-0
18,ROQGAF__ligand16369-0
19,ROQGAF__ligand22403-0
20,ROQGAF__ligand8349-0
21,ROQGAF__ligand1709-0
22,ROQGAF__ligand8464-0
23,ROQGAF__ligand11618-0
24,ROQGAF__ligand5357-0
25,ROQGAF__ligand3647-0
26,ROQGAF__ligand1688-0
27,ROQGAF__ligand5056-0
28,ROQGAF__ligand4850-0
29,ROQGAF__ligand1768-0
30,ROQGAF__ligand1469-0
31,ROQGAF__ligand26529-0
32,ROQGAF__ligand3871-0
33,ROQGAF__ligand487-0
34,ROQGAF__ligand746-0
35,ROQGAF__ligand2722-0
36,ROQGAF__ligand32-0
37,ROQGAF__ligand21729-0
38,ROQGAF__ligand27239-0
39,ROQGAF__ligand1379-0
40,ROQGAF__ligand447-0
41,ROQGAF__ligand5935-0
42,ROQGAF__ligand9525-0
43,ROQGAF__ligand1165-0
44,ROQGAF__ligand19927-0
45,ROQGAF__ligand14043-0
46,ROQGAF__ligand176-0
47,ROQGAF__ligand3157-0
48,ROQGAF__ligand28559-0
49,ROQGAF__ligand26324-0
50,ROQGAF__ligand368-0
51,ROQGAF__ligand1712-0
52,ROQGAF__ligand25561-0
53,ROQGAF__ligand4131-0
54,ROQGAF__ligand395-0
55,ROQGAF__ligand5892-0
56,ROQGAF__ligand5094-0
57,ROQGAF__ligand11949-0
58,ROQGAF__ligand12138-0
59,ROQGAF__ligand24780-0
60,ROQGAF__ligand22129-0
61,ROQGAF__ligand17427-0
62,ROQGAF__ligand1533-0
63,ROQGAF__ligand48-0
64,ROQGAF__ligand31694-0
65,ROQGAF__ligand7557-0
66,ROQGAF__ligand1496-0
67,ROQGAF__ligand784-0
68,ROQGAF__ligand29486-0
69,ROQGAF__ligand11587-0
70,ROQGAF__ligand13220-0
71,ROQGAF__ligand23175-0
72,ROQGAF__ligand15788-0
73,ROQGAF__ligand3208-0
74,ROQGAF__ligand17396-0
75,ROQGAF__ligand2208-0
76,ROQGAF__ligand91-0
77,ROQGAF__ligand13385-0
78,ROQGAF__ligand2781-0
79,ROQGAF__ligand14569-0
80,ROQGAF__ligand7573-0
81,ROQGAF__ligand3350-0
82,ROQGAF__ligand8722-0
83,ROQGAF__ligand24111-0
84,ROQGAF__ligand1327-0
85,ROQGAF__ligand833-0
86,ROQGAF__ligand6672-0
87,ROQGAF__ligand22444-0
88,ROQGAF__ligand9809-0
89,ROQGAF__ligand24644-0
90,ROQGAF__ligand7162-0
91,ROQGAF__ligand51-0
92,ROQGAF__ligand3029-0
93,ROQGAF__ligand10033-0
94,ROQGAF__ligand4581-0
95,ROQGAF__ligand1773-0
96,ROQGAF__ligand2328-0
97,ROQGAF__ligand12001-0
98,ROQGAF__ligand9197-0
99,ROQGAF__ligand30728-0
100,ROQGAF__ligand27840-0
101,ROQGAF__ligand1900-0
102,ROQGAF__ligand115-0
103,ROQGAF__ligand24872-0
104,ROQGAF__ligand68-0
105,ROQGAF__ligand16988-0
106,ROQGAF__ligand4194-0
107,ROQGAF__ligand25913-0
108,ROQGAF__ligand7532-0
109,ROQGAF__ligand30711-0
110,ROQGAF__ligand20207-0
111,ROQGAF__ligand11682-0
112,ROQGAF__ligand4330-0
113,ROQGAF__ligand314-1
114,ROQGAF__ligand2599-0
115,ROQGAF__ligand3973-0
116,ROQGAF__ligand24035-0
117,ROQGAF__ligand11994-0
118,ROQGAF__ligand1147-0
119,ROQGAF__ligand31842-0
120,ROQGAF__ligand31044-0
121,ROQGAF__ligand465-0
122,ROQGAF__ligand16663-0
123,ROQGAF__ligand7925-0
124,ROQGAF__ligand14614-0
125,ROQGAF__ligand2068-0
126,ROQGAF__ligand55-0
127,ROQGAF__ligand22294-0
128,ROQGAF__ligand3215-0
129,ROQGAF__ligand28930-0
130,ROQGAF__ligand22168-0
131,ROQGAF__ligand21919-0
132,ROQGAF__ligand618-0
133,ROQGAF__ligand34-0
134,ROQGAF__ligand10056-0
135,ROQGAF__ligand12365-0
136,ROQGAF__ligand391-0
137,ROQGAF__ligand7107-0
138,ROQGAF__ligand13862-0
139,ROQGAF__ligand11357-0
140,ROQGAF__ligand15531-0
141,ROQGAF__ligand28743-0
142,ROQGAF__ligand24230-0
143,ROQGAF__ligand314-0
144,ROQGAF__ligand780-0
145,ROQGAF__ligand28810-0
146,ROQGAF__ligand11447-0
147,ROQGAF__ligand11096-0
148,ROQGAF__ligand19792-0
149,ROQGAF__ligand813-0
150,ROQGAF__ligand6283-0
151,ROQGAF__ligand10828-0
152,ROQGAF__ligand15926-0
153,ROQGAF__ligand11970-0
154,ROQGAF__ligand6062-0
155,ROQGAF__ligand15883-0
156,ROQGAF__ligand4738-0
157,ROQGAF__ligand5813-0
158,ROQGAF__ligand4813-0
159,ROQGAF__ligand14167-0
160,ROQGAF__ligand13477-0
161,ROQGAF__ligand2830-0
162,ROQGAF__ligand1729-0
163,ROQGAF__ligand27669-0
164,ROQGAF__ligand5627-0
165,ROQGAF__ligand30142-0
166,ROQGAF__ligand353-0
167,ROQGAF__ligand5483-0
168,ROQGAF__ligand5316-0
169,ROQGAF__ligand9148-0
170,ROQGAF__ligand23197-0
171,ROQGAF__ligand27285-0
172,ROQGAF__ligand29029-0
173,ROQGAF__ligand7529-0
174,ROQGAF__ligand1415-0
175,ROQGAF__ligand6946-0
176,ROQGAF__ligand393-0
177,ROQGAF__ligand686-0
178,ROQGAF__ligand6455-0
179,ROQGAF__ligand6882-0
180,ROQGAF__ligand13672-0
181,ROQGAF__ligand3934-0
182,ROQGAF__ligand28685-0
183,ROQGAF__ligand18568-0
184,ROQGAF__ligand57-0
185,ROQGAF__ligand10371-0
186,ROQGAF__ligand422-0
187,ROQGAF__ligand2403-0
188,ROQGAF__ligand7530-0
189,ROQGAF__ligand1065-0
190,ROQGAF__ligand28459-0
191,ROQGAF__ligand3012-0
192,ROQGAF__ligand1449-0
193,ROQGAF__ligand18448-0
194,ROQGAF__ligand12453-0
195,ROQGAF__ligand19184-0
196,ROQGAF__ligand4332-0
197,ROQGAF__ligand9681-0
198,ROQGAF__ligand196-0
199,ROQGAF__ligand21752-0
200,ROQGAF__ligand49-0
201,ROQGAF__ligand785-0
202,ROQGAF__ligand4620-0
203,ROQGAF__ligand311-0
204,ROQGAF__ligand479-0
205,ROQGAF__ligand14339-0
206,ROQGAF__ligand564-0
207,ROQGAF__ligand370-1
208,ROQGAF__ligand30788-0
209,ROQGAF__ligand13691-0
210,ROQGAF__ligand2295-0
211,ROQGAF__ligand620-0
212,ROQGAF__ligand6067-0
213,ROQGAF__ligand1577-0
214,ROQGAF__ligand2917-0
215,ROQGAF__ligand7819-0
216,ROQGAF__ligand188-0
217,ROQGAF__ligand18757-0
218,ROQGAF__ligand3465-0
219,ROQGAF__ligand24560-0
220,ROQGAF__ligand89-0
221,ROQGAF__ligand6904-0
222,ROQGAF__ligand3721-0
223,ROQGAF__ligand6596-0
224,ROQGAF__ligand20844-0
225,ROQGAF__ligand18413-0
226,ROQGAF__ligand6102-0
227,ROQGAF__ligand24624-0
228,ROQGAF__ligand20557-0
229,ROQGAF__ligand30004-0
230,ROQGAF__ligand3234-0
231,ROQGAF__ligand250-0
232,ROQGAF__ligand1142-0
233,ROQGAF__ligand7126-0
234,ROQGAF__ligand2028-0
235,ROQGAF__ligand8835-0
236,ROQGAF__ligand16133-0
237,ROQGAF__ligand13755-0
238,ROQGAF__ligand27122-0
239,ROQGAF__ligand20432-0
240,ROQGAF__ligand370-0
241,ROQGAF__ligand4641-0
242,ROQGAF__ligand23445-0
243,ROQGAF__ligand24953-0
244,ROQGAF__ligand21940-0
245,ROQGAF__ligand25048-0
246,ROQGAF__ligand830-0
247,ROQGAF__ligand20731-0
248,ROQGAF__ligand1324-0
249,ROQGAF__ligand12413-0
250,ROQGAF__ligand8721-0
251,ROQGAF__ligand29334-0
252,ROQGAF__ligand11798-0
253,ROQGAF__ligand5643-0
254,ROQGAF__ligand1823-0
255,ROQGAF__ligand372-0
256,ROQGAF__ligand14477-0
257,ROQGAF__ligand5036-0
258,ROQGAF__ligand2526-0
259,ROQGAF__ligand1615-0
260,ROQGAF__ligand193-0
261,ROQGAF__ligand17069-0
262,ROQGAF__ligand17445-0
263,ROQGAF__ligand9111-0
264,ROQGAF__ligand9952-0
265,ROQGAF__ligand116-0
266,ROQGAF__ligand29214-0
267,ROQGAF__ligand9601-0
268,ROQGAF__ligand252-0
269,ROQGAF__ligand11544-0
270,ROQGAF__ligand11501-0
271,ROQGAF__ligand8992-0
272,ROQGAF__ligand21448-0
273,ROQGAF__ligand1018-0
274,ROQGAF__ligand4116-0
275,ROQGAF__ligand17-0
276,ROQGAF__ligand3707-0
277,ROQGAF__ligand22357-0
278,ROQGAF__ligand6124-0
279,ROQGAF__ligand11758-0
280,ROQGAF__ligand7967-0
281,ROQGAF__ligand14007-0
282,ROQGAF__ligand3156-0
283,ROQGAF__ligand18019-1
284,ROQGAF__ligand177-0
285,ROQGAF__ligand2915-0
286,ROQGAF__ligand27550-0
287,ROQGAF__ligand1378-0
288,ROQGAF__ligand6244-0
289,ROQGAF__ligand20942-1
290,ROQGAF__ligand9441-0
291,ROQGAF__ligand16956-0
292,ROQGAF__ligand14226-0
293,ROQGAF__ligand21339-0
294,ROQGAF__ligand2332-0
295,ROQGAF__ligand23682-0
296,ROQGAF__ligand1530-0
297,ROQGAF__ligand8-0
298,ROQGAF__ligand1575-0
299,ROQGAF__ligand9933-0
300,ROQGAF__ligand909-0
301,ROQGAF__ligand29565-0
302,ROQGAF__ligand27771-0
303,ROQGAF__ligand1631-0
304,ROQGAF__ligand18158-0
305,ROQGAF__ligand27610-0
306,ROQGAF__ligand10479-0
307,ROQGAF__ligand11479-0
308,ROQGAF__ligand9784-0
309,ROQGAF__ligand1451-0
310,ROQGAF__ligand4272-0
311,ROQGAF__ligand29441-0
312,ROQGAF__ligand7629-0
313,ROQGAF__ligand10853-0
314,ROQGAF__ligand868-0
315,ROQGAF__ligand4442-0
316,ROQGAF__ligand4093-0
317,ROQGAF__ligand3954-0
318,ROQGAF__ligand24851-0
319,ROQGAF__ligand14302-0
320,ROQGAF__ligand13657-0
321,ROQGAF__ligand14347-0
322,ROQGAF__ligand9520-0
323,ROQGAF__ligand20530-0
324,ROQGAF__ligand1160-0
325,ROQGAF__ligand11698-0
326,ROQGAF__ligand8699-0
327,ROQGAF__ligand20220-0
328,ROQGAF__ligand4016-0
329,ROQGAF__ligand7867-0
330,ROQGAF__ligand20121-0
331,ROQGAF__ligand15387-0
332,ROQGAF__ligand6709-0
333,ROQGAF__ligand1219-0
334,ROQGAF__ligand7280-0
335,ROQGAF__ligand1790-0
336,ROQGAF__ligand1304-0
337,ROQGAF__ligand16952-0
338,ROQGAF__ligand29813-0
339,ROQGAF__ligand7238-0
340,ROQGAF__ligand783-0
341,ROQGAF__ligand352-0
342,ROQGAF__ligand10151-0
343,ROQGAF__ligand6768-0
344,ROQGAF__ligand8115-0
345,ROQGAF__ligand7000-0
346,ROQGAF__ligand1982-0
347,ROQGAF__ligand197-0
348,ROQGAF__ligand1285-0
349,ROQGAF__ligand4503-0
350,ROQGAF__ligand4546-0
351,ROQGAF__ligand2828-0
352,ROQGAF__ligand8876-0
353,ROQGAF__ligand7648-0
354,ROQGAF__ligand9833-0
355,ROQGAF__ligand22353-0
356,ROQGAF__ligand5256-0
357,ROQGAF__ligand4157-0
358,ROQGAF__ligand2232-0
359,ROQGAF__ligand19906-0
360,ROQGAF__ligand19668-0
361,ROQGAF__ligand2176-0
362,ROQGAF__ligand9291-0
363,ROQGAF__ligand3094-0
364,ROQGAF__ligand421-0
365,ROQGAF__ligand4155-0
366,ROQGAF__ligand26673-0
367,ROQGAF__ligand20821-0
368,ROQGAF__ligand5211-0
369,ROQGAF__ligand11-0
370,ROQGAF__ligand11606-0
371,ROQGAF__ligand6839-0
372,ROQGAF__ligand1202-0
373,ROQGAF__ligand3937-0
374,ROQGAF__ligand3174-0
375,ROQGAF__ligand3131-0
376,ROQGAF__ligand8969-0
377,ROQGAF__ligand685-0
378,ROQGAF__ligand4720-0
379,ROQGAF__ligand31000-0
380,ROQGAF__ligand3565-0
381,ROQGAF__ligand11252-0
382,ROQGAF__ligand5331-0
383,ROQGAF__ligand1512-0
384,ROQGAF__ligand294-0
385,ROQGAF__ligand10582-0
386,ROQGAF__ligand13260-0
387,ROQGAF__ligand6919-0
388,ROQGAF__ligand2485-0
389,ROQGAF__ligand69-0
390,ROQGAF__ligand3852-0
391,ROQGAF__ligand19824-0
392,ROQGAF__ligand18067-0
393,ROQGAF__ligand9935-0
394,ROQGAF__ligand11177-0
395,ROQGAF__ligand1536-0
396,ROQGAF__ligand1573-0
397,ROQGAF__ligand1959-0
398,ROQGAF__ligand15455-0
399,ROQGAF__ligand560-0
400,ROQGAF__ligand3504-0
401,ROQGAF__ligand4661-0
402,ROQGAF__ligand1844-0
403,ROQGAF__ligand31205-0
404,ROQGAF__ligand3035-0
405,ROQGAF__ligand3876-0
406,ROQGAF__ligand1343-0
407,ROQGAF__ligand6616-0
408,ROQGAF__ligand25658-0
409,ROQGAF__ligand3718-0
410,ROQGAF__ligand17686-0
411,ROQGAF__ligand11814-0
412,ROQGAF__ligand7106-0
413,ROQGAF__ligand16603-0
414,ROQGAF__ligand7242-0
415,ROQGAF__ligand235-0
416,ROQGAF__ligand16870-0
417,ROQGAF__ligand134-0
418,ROQGAF__ligand1263-0
419,ROQGAF__ligand9908-0
420,ROQGAF__ligand11622-0
421,ROQGAF__ligand26277-0
422,ROQGAF__ligand5180-0
423,ROQGAF__ligand29898-0
424,ROQGAF__ligand31618-0
425,ROQGAF__ligand11432-0
426,ROQGAF__ligand409-0
427,ROQGAF__ligand10432-0
428,ROQGAF__ligand324-0
429,ROQGAF__ligand22755-0
430,ROQGAF__ligand361-0
431,ROQGAF__ligand7316-0
432,ROQGAF__ligand5708-0
433,ROQGAF__ligand6017-0
434,ROQGAF__ligand8612-0
435,ROQGAF__ligand24064-0
436,ROQGAF__ligand2124-0
437,ROQGAF__ligand23589-0
438,ROQGAF__ligand7092-0
439,ROQGAF__ligand2260-0
440,ROQGAF__ligand1153-0
441,ROQGAF__ligand3225-0
442,ROQGAF__ligand1116-0
443,ROQGAF__ligand7273-0
444,ROQGAF__ligand9323-0
445,ROQGAF__ligand7172-0
446,ROQGAF__ligand15168-0
447,ROQGAF__ligand15438-0
448,ROQGAF__ligand4711-0
449,ROQGAF__ligand3244-0
450,ROQGAF__ligand28924-0
451,ROQGAF__ligand199-0
452,ROQGAF__ligand2906-0
453,ROQGAF__ligand29087-0
454,ROQGAF__ligand4649-0
455,ROQGAF__ligand8793-0
456,ROQGAF__ligand2788-0
457,ROQGAF__ligand5649-0
458,ROQGAF__ligand18703-0
459,ROQGAF__ligand25224-0
460,ROQGAF__ligand18013-0
461,ROQGAF__ligand300-0
462,ROQGAF__ligand7196-0
463,ROQGAF__ligand5159-0
464,ROQGAF__ligand17945-0
465,ROQGAF__ligand1356-0
466,ROQGAF__ligand1787-0
467,ROQGAF__ligand5530-0
468,ROQGAF__ligand31578-0
469,ROQGAF__ligand9753-0
470,ROQGAF__ligand17207-0
471,ROQGAF__ligand3178-0
472,ROQGAF__ligand588-0
473,ROQGAF__ligand24750-0
474,ROQGAF__ligand4807-0
475,ROQGAF__ligand17240-0
476,ROQGAF__ligand497-0
477,ROQGAF__ligand17590-0
478,ROQGAF__ligand9450-0
479,ROQGAF__ligand1599-0
480,ROQGAF__ligand633-0
481,ROQGAF__ligand2612-0
482,ROQGAF__ligand12682-0
483,ROQGAF__ligand18699-0
484,ROQGAF__ligand1289-0
485,ROQGAF__ligand2203-0
486,ROQGAF__ligand5387-0
487,ROQGAF__ligand13072-0
488,ROQGAF__ligand12336-0
489,ROQGAF__ligand67-0
490,ROQGAF__ligand31483-0
491,ROQGAF__ligand692-0
492,ROQGAF__ligand1114-0
493,ROQGAF__ligand10555-0
494,ROQGAF__ligand3126-0
495,ROQGAF__ligand6391-0
496,ROQGAF__ligand9284-0
497,ROQGAF__ligand43-0
498,ROQGAF__ligand24613-0
499,ROQGAF__ligand19725-0
500,ROQGAF__ligand2417-0
501,ROQGAF__ligand436-0
502,ROQGAF__ligand326-0
503,ROQGAF__ligand1832-0
504,ROQGAF__ligand8788-0
505,ROQGAF__ligand21421-0
506,ROQGAF__ligand2043-0
507,ROQGAF__ligand11774-0
508,ROQGAF__ligand14586-0
509,ROQGAF__ligand9943-0
510,ROQGAF__ligand1228-0
511,ROQGAF__ligand20579-0
512,ROQGAF__ligand17710-0
513,ROQGAF__ligand1604-0
514,ROQGAF__ligand11568-0
515,ROQGAF__ligand1499-0
516,ROQGAF__ligand2881-0
517,ROQGAF__ligand18799-0
518,ROQGAF__ligand3712-0
519,ROQGAF__ligand18465-0
520,ROQGAF__ligand1464-0
521,ROQGAF__ligand1211-0
522,ROQGAF__ligand4-0
523,ROQGAF__ligand16791-0
524,ROQGAF__ligand696-0
525,ROQGAF__ligand6892-0
526,ROQGAF__ligand28668-0
527,ROQGAF__ligand29610-0
528,ROQGAF__ligand1168-0
529,ROQGAF__ligand1294-0
530,ROQGAF__ligand11140-0
531,ROQGAF__ligand656-0
532,ROQGAF__ligand3632-0
533,ROQGAF__ligand3677-0
534,ROQGAF__ligand18074-0
535,ROQGAF__ligand13869-0
536,ROQGAF__ligand29863-0
537,ROQGAF__ligand6699-0
538,ROQGAF__ligand9299-0
539,ROQGAF__ligand21936-0
540,ROQGAF__ligand13257-0
541,ROQGAF__ligand4007-0
542,ROQGAF__ligand23904-0
543,ROQGAF__ligand2985-0
544,ROQGAF__ligand10084-0
545,ROQGAF__ligand9883-0
546,ROQGAF__ligand3677-1
547,ROQGAF__ligand25267-0
548,ROQGAF__ligand12467-0
549,ROQGAF__ligand7291-0
550,ROQGAF__ligand3736-0
551,ROQGAF__ligand383-0
552,ROQGAF__ligand8000-0
553,ROQGAF__ligand416-0
554,ROQGAF__ligand18391-0
555,ROQGAF__ligand9344-0
556,ROQGAF__ligand27169-0
557,ROQGAF__ligand14523-0
558,ROQGAF__ligand2693-0
559,ROQGAF__ligand5383-0
560,ROQGAF__ligand27074-0
561,ROQGAF__ligand226-0
562,ROQGAF__ligand20599-0
563,ROQGAF__ligand162-0
564,ROQGAF__ligand3945-0
565,ROQGAF__ligand25805-0
566,ROQGAF__ligand22981-0
567,ROQGAF__ligand25689-0
568,ROQGAF__ligand21787-0
569,ROQGAF__ligand25575-0
570,ROQGAF__ligand5509-0
571,ROQGAF__ligand24-0
572,ROQGAF__ligand8002-0
573,ROQGAF__ligand6117-0
574,ROQGAF__ligand1407-0
575,ROQGAF__ligand7762-0
576,ROQGAF__ligand5080-0
577,ROQGAF__ligand27835-0
578,ROQGAF__ligand12295-0
579,ROQGAF__ligand2238-0
580,ROQGAF__ligand571-0
581,ROQGAF__ligand534-0
582,ROQGAF__ligand23906-0
583,ROQGAF__ligand11166-0
584,ROQGAF__ligand9167-0
585,ROQGAF__ligand670-0
586,ROQGAF__ligand21132-0
587,ROQGAF__ligand5304-0
588,ROQGAF__ligand1317-0
589,ROQGAF__ligand3867-0
590,ROQGAF__ligand2822-0
591,ROQGAF__ligand7293-0
592,ROQGAF__ligand19-0
593,ROQGAF__ligand30539-0
594,ROQGAF__ligand12519-0
595,ROQGAF__ligand1197-0
596,ROQGAF__ligand25735-0
597,ROQGAF__ligand5099-0
598,ROQGAF__ligand8592-0
599,ROQGAF__ligand1296-0
600,ROQGAF__ligand23124-0
601,ROQGAF__ligand11206-0
602,ROQGAF__ligand2259-0
603,ROQGAF__ligand9773-0
604,ROQGAF__ligand1376-0
605,ROQGAF__ligand78-0
606,ROQGAF__ligand5510-0
607,ROQGAF__ligand25650-0
608,ROQGAF__ligand488-0
609,ROQGAF__ligand45-0
610,ROQGAF__ligand31248-0
611,ROQGAF__ligand5595-0
612,ROQGAF__ligand430-0
613,ROQGAF__ligand4101-0
614,ROQGAF__ligand358-0
615,ROQGAF__ligand12660-0
616,ROQGAF__ligand2221-0
617,ROQGAF__ligand694-0
618,ROQGAF__ligand4358-0
619,ROQGAF__ligand13209-0
620,ROQGAF__ligand19257-0
621,ROQGAF__ligand3120-0
622,ROQGAF__ligand3926-0
623,ROQGAF__ligand30296-0
624,ROQGAF__ligand4167-0
625,ROQGAF__ligand17281-0
626,ROQGAF__ligand26540-0
627,ROQGAF__ligand757-0
628,ROQGAF__ligand4266-0
629,ROQGAF__ligand1400-0
630,ROQGAF__ligand12337-0
631,ROQGAF__ligand9491-0
632,ROQGAF__ligand66-0
633,ROQGAF__ligand29410-0
634,ROQGAF__ligand122-0
635,ROQGAF__ligand30333-0
636,ROQGAF__ligand12606-0
637,ROQGAF__ligand1288-0
638,ROQGAF__ligand3557-0
639,ROQGAF__ligand3980-0
640,ROQGAF__ligand1149-0
641,ROQGAF__ligand27460-0
642,ROQGAF__ligand7075-0
643,ROQGAF__ligand9750-0
644,ROQGAF__ligand12427-0
645,ROQGAF__ligand28468-0
646,ROQGAF__ligand20740-0
647,ROQGAF__ligand1779-0
648,ROQGAF__ligand1817-0
649,ROQGAF__ligand6993-0
650,ROQGAF__ligand16628-0
651,ROQGAF__ligand14723-0
652,ROQGAF__ligand27893-0
653,ROQGAF__ligand8200-0
654,ROQGAF__ligand7438-0
655,ROQGAF__ligand15422-0
656,ROQGAF__ligand12934-0
657,ROQGAF__ligand20578-0
658,ROQGAF__ligand4063-0
659,ROQGAF__ligand19641-0
660,ROQGAF__ligand18832-0
661,ROQGAF__ligand27175-0
662,ROQGAF__ligand23713-0
663,ROQGAF__ligand3042-0
664,ROQGAF__ligand30988-0
665,ROQGAF__ligand42-0
666,ROQGAF__ligand14297-0
667,ROQGAF__ligand14603-0
668,ROQGAF__ligand4207-0
669,ROQGAF__ligand17258-0
670,ROQGAF__ligand17631-0
671,ROQGAF__ligand13012-0
672,ROQGAF__ligand26665-0
673,ROQGAF__ligand3416-0
674,ROQGAF__ligand3453-0
675,ROQGAF__ligand693-0
676,ROQGAF__ligand1150-0
677,ROQGAF__ligand31783-0
678,ROQGAF__ligand1-0
679,ROQGAF__ligand1539-0
680,ROQGAF__ligand24185-0
681,ROQGAF__ligand1849-0
682,ROQGAF__ligand23769-0
683,ROQGAF__ligand25178-0
684,ROQGAF__ligand17302-0
685,ROQGAF__ligand3-0
686,ROQGAF__ligand1216-0
687,ROQGAF__ligand141-0
688,ROQGAF__ligand17805-0
689,ROQGAF__ligand5019-0
690,ROQGAF__ligand3261-0
691,ROQGAF__ligand240-0
692,ROQGAF__ligand1152-0
693,ROQGAF__ligand12289-0
694,ROQGAF__ligand18292-0
695,ROQGAF__ligand13658-0
696,ROQGAF__ligand26702-0
697,ROQGAF__ligand17387-0
698,ROQGAF__ligand12130-0
699,ROQGAF__ligand12231-0
700,ROQGAF__ligand15585-0
701,ROQGAF__ligand12401-0
702,ROQGAF__ligand6663-0
703,ROQGAF__ligand24145-0
704,ROQGAF__ligand5515-0
705,ROQGAF__ligand38-0
706,ROQGAF__ligand10476-0
707,ROQGAF__ligand1831-0
708,ROQGAF__ligand19830-0
709,ROQGAF__ligand5614-0
710,ROQGAF__ligand5280-0
711,ROQGAF__ligand13068-0
712,ROQGAF__ligand4795-0
713,ROQGAF__ligand3285-0
714,ROQGAF__ligand1908-0
715,ROQGAF__ligand10262-0
716,ROQGAF__ligand28676-0
717,ROQGAF__ligand27763-0
718,ROQGAF__ligand18814-0
719,ROQGAF__ligand5630-0
720,ROQGAF__ligand19057-0
721,ROQGAF__ligand1786-0
722,ROQGAF__ligand29302-0
723,ROQGAF__ligand13425-0
724,ROQGAF__ligand768-0
725,ROQGAF__ligand8042-0
726,ROQGAF__ligand14108-0
727,ROQGAF__ligand384-0
728,ROQGAF__ligand6112-0
729,ROQGAF__ligand1828-0
730,ROQGAF__ligand7213-0
731,ROQGAF__ligand1397-0
732,ROQGAF__ligand5755-0
733,ROQGAF__ligand4710-0
734,ROQGAF__ligand12641-0
735,ROQGAF__ligand5085-0
736,ROQGAF__ligand3144-0
737,ROQGAF__ligand10958-0
738,ROQGAF__ligand18-0
739,ROQGAF__ligand2823-0
740,ROQGAF__ligand14174-0
741,ROQGAF__ligand10712-0
742,ROQGAF__ligand6995-0
743,ROQGAF__ligand11456-0
744,ROQGAF__ligand3180-0
745,ROQGAF__ligand25411-0
746,ROQGAF__ligand4340-0
747,ROQGAF__ligand2281-0
748,ROQGAF__ligand2650-0
749,ROQGAF__ligand5415-0
750,ROQGAF__ligand31832-0
751,ROQGAF__ligand13294-0
752,ROQGAF__ligand338-0
753,ROQGAF__ligand12030-0
754,ROQGAF__ligand29879-0
755,ROQGAF__ligand14248-0
756,ROQGAF__ligand4124-0
757,ROQGAF__ligand3471-0
758,ROQGAF__ligand4161-0
759,ROQGAF__ligand28884-0
760,ROQGAF__ligand13331-0
761,ROQGAF__ligand8553-0
762,ROQGAF__ligand26810-0
763,ROQGAF__ligand27482-0
764,ROQGAF__ligand201-0
765,ROQGAF__ligand1113-0
766,ROQGAF__ligand13208-0
767,ROQGAF__ligand5201-0
768,ROQGAF__ligand13390-0
769,ROQGAF__ligand321-0
770,ROQGAF__ligand7566-0
771,ROQGAF__ligand2001-0
772,ROQGAF__ligand8593-0
773,ROQGAF__ligand178-0
774,ROQGAF__ligand9944-0
775,ROQGAF__ligand20682-0
776,ROQGAF__ligand185-0
777,ROQGAF__ligand279-0
778,ROQGAF__ligand14117-0
779,ROQGAF__ligand17261-0
780,ROQGAF__ligand366-0
781,ROQGAF__ligand1169-0
782,ROQGAF__ligand20539-0
783,ROQGAF__ligand20251-0
784,ROQGAF__ligand187-0
785,ROQGAF__ligand30702-0
786,ROQGAF__ligand20214-0
787,ROQGAF__ligand8529-0
788,ROQGAF__ligand657-0
789,ROQGAF__ligand21581-0
790,ROQGAF__ligand31097-0
791,ROQGAF__ligand29568-0
792,ROQGAF__ligand941-0
793,ROQGAF__ligand596-0
794,ROQGAF__ligand9615-0
795,ROQGAF__ligand14889-0
796,ROQGAF__ligand30851-0
797,ROQGAF__ligand1154-0
798,ROQGAF__ligand1498-0
799,ROQGAF__ligand20419-0
800,ROQGAF__ligand21371-0
801,ROQGAF__ligand4596-0
802,ROQGAF__ligand17118-0
803,ROQGAF__ligand777-0
804,ROQGAF__ligand28789-0
805,ROQGAF__ligand1618-0
806,ROQGAF__ligand2692-0
807,ROQGAF__ligand17398-0
808,ROQGAF__ligand20598-0
809,ROQGAF__ligand11675-0
810,ROQGAF__ligand24047-0
811,ROQGAF__ligand126-0
812,ROQGAF__ligand10589-0
813,ROQGAF__ligand163-0
814,ROQGAF__ligand22557-0
815,ROQGAF__ligand20011-0
816,ROQGAF__ligand17278-0
817,ROQGAF__ligand4262-0
818,ROQGAF__ligand17982-0
819,ROQGAF__ligand29414-0
820,ROQGAF__ligand1028-0
821,ROQGAF__ligand1050-0
822,ROQGAF__ligand1015-0
823,ROQGAF__ligand20251-1
824,ROQGAF__ligand845-0
825,ROQGAF__ligand2027-0
826,ROQGAF__ligand16475-0
827,ROQGAF__ligand14703-0
