,TMC
0,RUMVAY__ligand21919-0
1,RUMVAY__ligand22294-0
2,RUMVAY__ligand22168-0
3,RUMVAY__ligand1496-0
4,RUMVAY__ligand28930-0
5,RUMVAY__ligand7557-0
6,RUMVAY__ligand28743-0
7,RUMVAY__ligand15531-0
8,RUMVAY__ligand11357-0
9,RUMVAY__ligand13862-0
10,RUMVAY__ligand12365-0
11,RUMVAY__ligand1533-0
12,RUMVAY__ligand10056-0
13,RUMVAY__ligand294-0
14,RUMVAY__ligand10828-0
15,RUMVAY__ligand19792-0
16,RUMVAY__ligand5892-0
17,RUMVAY__ligand5094-0
18,RUMVAY__ligand15926-0
19,RUMVAY__ligand685-0
20,RUMVAY__ligand24230-0
21,RUMVAY__ligand17-0
22,RUMVAY__ligand11096-0
23,RUMVAY__ligand11447-0
24,RUMVAY__ligand28810-0
25,RUMVAY__ligand1712-0
26,RUMVAY__ligand15883-0
27,RUMVAY__ligand4131-0
28,RUMVAY__ligand421-0
29,RUMVAY__ligand11970-0
30,RUMVAY__ligand1900-0
31,RUMVAY__ligand235-0
32,RUMVAY__ligand9197-0
33,RUMVAY__ligand25913-0
34,RUMVAY__ligand134-0
35,RUMVAY__ligand16988-0
36,RUMVAY__ligand3029-0
37,RUMVAY__ligand7162-0
38,RUMVAY__ligand30711-0
39,RUMVAY__ligand20207-0
40,RUMVAY__ligand2328-0
41,RUMVAY__ligand11682-0
42,RUMVAY__ligand4581-0
43,RUMVAY__ligand1773-0
44,RUMVAY__ligand3350-0
45,RUMVAY__ligand2781-0
46,RUMVAY__ligand11994-0
47,RUMVAY__ligand7573-0
48,RUMVAY__ligand31044-0
49,RUMVAY__ligand31842-0
50,RUMVAY__ligand1327-0
51,RUMVAY__ligand9809-0
52,RUMVAY__ligand6672-0
53,RUMVAY__ligand24035-0
54,RUMVAY__ligand8722-0
55,RUMVAY__ligand14614-0
56,RUMVAY__ligand2208-0
57,RUMVAY__ligand560-0
58,RUMVAY__ligand3208-0
59,RUMVAY__ligand16663-0
60,RUMVAY__ligand18568-0
61,RUMVAY__ligand28685-0
62,RUMVAY__ligand8464-0
63,RUMVAY__ligand352-0
64,RUMVAY__ligand1709-0
65,RUMVAY__ligand783-0
66,RUMVAY__ligand8349-0
67,RUMVAY__ligand13672-0
68,RUMVAY__ligand10371-0
69,RUMVAY__ligand2527-0
70,RUMVAY__ligand49-0
71,RUMVAY__ligand28459-0
72,RUMVAY__ligand89-0
73,RUMVAY__ligand12453-0
74,RUMVAY__ligand18448-0
75,RUMVAY__ligand5849-0
76,RUMVAY__ligand4911-0
77,RUMVAY__ligand1771-0
78,RUMVAY__ligand3392-0
79,RUMVAY__ligand868-0
80,RUMVAY__ligand19184-0
81,RUMVAY__ligand1165-0
82,RUMVAY__ligand27669-0
83,RUMVAY__ligand9525-0
84,RUMVAY__ligand30142-0
85,RUMVAY__ligand14167-0
86,RUMVAY__ligand13477-0
87,RUMVAY__ligand3157-0
88,RUMVAY__ligand1379-0
89,RUMVAY__ligand2722-0
90,RUMVAY__ligand5935-0
91,RUMVAY__ligand1768-0
92,RUMVAY__ligand3871-0
93,RUMVAY__ligand23197-0
94,RUMVAY__ligand1469-0
95,RUMVAY__ligand1688-0
96,RUMVAY__ligand3647-0
97,RUMVAY__ligand5357-0
98,RUMVAY__ligand29029-0
99,RUMVAY__ligand197-0
100,RUMVAY__ligand27285-0
101,RUMVAY__ligand4850-0
102,RUMVAY__ligand5056-0
103,RUMVAY__ligand7529-0
104,RUMVAY__ligand11618-0
105,RUMVAY__ligand1415-0
106,RUMVAY__ligand6946-0
107,RUMVAY__ligand26529-0
108,RUMVAY__ligand9148-0
109,RUMVAY__ligand116-0
110,RUMVAY__ligand252-0
111,RUMVAY__ligand11-0
112,RUMVAY__ligand193-0
113,RUMVAY__ligand5483-0
114,RUMVAY__ligand69-0
115,RUMVAY__ligand27239-0
116,RUMVAY__ligand5316-0
117,RUMVAY__ligand21729-0
118,RUMVAY__ligand2830-0
119,RUMVAY__ligand14043-0
120,RUMVAY__ligand26324-0
121,RUMVAY__ligand28559-0
122,RUMVAY__ligand830-0
123,RUMVAY__ligand5627-0
124,RUMVAY__ligand19927-0
125,RUMVAY__ligand372-0
126,RUMVAY__ligand1729-0
127,RUMVAY__ligand4332-0
128,RUMVAY__ligand10872-0
129,RUMVAY__ligand909-0
130,RUMVAY__ligand21399-0
131,RUMVAY__ligand12003-0
132,RUMVAY__ligand26631-0
133,RUMVAY__ligand16148-0
134,RUMVAY__ligand4-0
135,RUMVAY__ligand9681-0
136,RUMVAY__ligand1065-0
137,RUMVAY__ligand7530-0
138,RUMVAY__ligand1449-0
139,RUMVAY__ligand3012-0
140,RUMVAY__ligand29215-0
141,RUMVAY__ligand11111-0
142,RUMVAY__ligand28540-0
143,RUMVAY__ligand16369-0
144,RUMVAY__ligand2403-0
145,RUMVAY__ligand20695-0
146,RUMVAY__ligand27754-0
147,RUMVAY__ligand6455-0
148,RUMVAY__ligand6882-0
149,RUMVAY__ligand177-0
150,RUMVAY__ligand22403-0
151,RUMVAY__ligand3934-0
152,RUMVAY__ligand15788-0
153,RUMVAY__ligand23175-0
154,RUMVAY__ligand17396-0
155,RUMVAY__ligand2068-0
156,RUMVAY__ligand13220-0
157,RUMVAY__ligand11587-0
158,RUMVAY__ligand7925-0
159,RUMVAY__ligand3973-0
160,RUMVAY__ligand22444-0
161,RUMVAY__ligand24111-0
162,RUMVAY__ligand13385-0
163,RUMVAY__ligand1147-0
164,RUMVAY__ligand188-0
165,RUMVAY__ligand14569-0
166,RUMVAY__ligand564-0
167,RUMVAY__ligand12001-0
168,RUMVAY__ligand2599-0
169,RUMVAY__ligand24644-0
170,RUMVAY__ligand620-0
171,RUMVAY__ligand4330-0
172,RUMVAY__ligand10033-0
173,RUMVAY__ligand370-1
174,RUMVAY__ligand4194-0
175,RUMVAY__ligand24872-0
176,RUMVAY__ligand30728-0
177,RUMVAY__ligand479-0
178,RUMVAY__ligand7532-0
179,RUMVAY__ligand311-0
180,RUMVAY__ligand27840-0
181,RUMVAY__ligand785-0
182,RUMVAY__ligand6062-0
183,RUMVAY__ligand4813-0
184,RUMVAY__ligand5813-0
185,RUMVAY__ligand25561-0
186,RUMVAY__ligand4738-0
187,RUMVAY__ligand24780-0
188,RUMVAY__ligand370-0
189,RUMVAY__ligand12138-0
190,RUMVAY__ligand22129-0
191,RUMVAY__ligand11949-0
192,RUMVAY__ligand6283-0
193,RUMVAY__ligand7107-0
194,RUMVAY__ligand17427-0
195,RUMVAY__ligand250-0
196,RUMVAY__ligand29486-0
197,RUMVAY__ligand3215-0
198,RUMVAY__ligand31694-0
199,RUMVAY__ligand4116-0
200,RUMVAY__ligand1018-0
201,RUMVAY__ligand7967-0
202,RUMVAY__ligand3707-0
203,RUMVAY__ligand6124-0
204,RUMVAY__ligand10151-0
205,RUMVAY__ligand393-0
206,RUMVAY__ligand9601-0
207,RUMVAY__ligand8992-0
208,RUMVAY__ligand1615-0
209,RUMVAY__ligand48-0
210,RUMVAY__ligand5036-0
211,RUMVAY__ligand2526-0
212,RUMVAY__ligand1-0
213,RUMVAY__ligand22353-0
214,RUMVAY__ligand9111-0
215,RUMVAY__ligand9952-0
216,RUMVAY__ligand8721-0
217,RUMVAY__ligand1324-0
218,RUMVAY__ligand19906-0
219,RUMVAY__ligand353-0
220,RUMVAY__ligand1823-0
221,RUMVAY__ligand19668-0
222,RUMVAY__ligand5643-0
223,RUMVAY__ligand91-0
224,RUMVAY__ligand9933-0
225,RUMVAY__ligand1530-0
226,RUMVAY__ligand1575-0
227,RUMVAY__ligand10853-0
228,RUMVAY__ligand29441-0
229,RUMVAY__ligand11479-0
230,RUMVAY__ligand196-0
231,RUMVAY__ligand27610-0
232,RUMVAY__ligand10479-0
233,RUMVAY__ligand1631-0
234,RUMVAY__ligand13657-0
235,RUMVAY__ligand14347-0
236,RUMVAY__ligand2332-0
237,RUMVAY__ligand14302-0
238,RUMVAY__ligand11698-0
239,RUMVAY__ligand20530-0
240,RUMVAY__ligand9441-0
241,RUMVAY__ligand24851-0
242,RUMVAY__ligand20121-0
243,RUMVAY__ligand1378-0
244,RUMVAY__ligand15387-0
245,RUMVAY__ligand20220-0
246,RUMVAY__ligand422-0
247,RUMVAY__ligand6244-0
248,RUMVAY__ligand29813-0
249,RUMVAY__ligand16952-0
250,RUMVAY__ligand686-0
251,RUMVAY__ligand51-0
252,RUMVAY__ligand2915-0
253,RUMVAY__ligand3156-0
254,RUMVAY__ligand15455-0
255,RUMVAY__ligand3465-0
256,RUMVAY__ligand465-0
257,RUMVAY__ligand11177-0
258,RUMVAY__ligand6596-0
259,RUMVAY__ligand6904-0
260,RUMVAY__ligand3721-0
261,RUMVAY__ligand6102-0
262,RUMVAY__ligand7819-0
263,RUMVAY__ligand31205-0
264,RUMVAY__ligand2917-0
265,RUMVAY__ligand17686-0
266,RUMVAY__ligand25658-0
267,RUMVAY__ligand16-0
268,RUMVAY__ligand16603-0
269,RUMVAY__ligand314-1
270,RUMVAY__ligand6067-0
271,RUMVAY__ligand1577-0
272,RUMVAY__ligand11814-0
273,RUMVAY__ligand2295-0
274,RUMVAY__ligand11622-0
275,RUMVAY__ligand4620-0
276,RUMVAY__ligand16870-0
277,RUMVAY__ligand20821-0
278,RUMVAY__ligand26673-0
279,RUMVAY__ligand3-0
280,RUMVAY__ligand4641-0
281,RUMVAY__ligand31000-0
282,RUMVAY__ligand780-0
283,RUMVAY__ligand314-0
284,RUMVAY__ligand11606-0
285,RUMVAY__ligand813-0
286,RUMVAY__ligand391-0
287,RUMVAY__ligand8835-0
288,RUMVAY__ligand2028-0
289,RUMVAY__ligand13260-0
290,RUMVAY__ligand7126-0
291,RUMVAY__ligand10582-0
292,RUMVAY__ligand11252-0
293,RUMVAY__ligand3234-0
294,RUMVAY__ligand1142-0
295,RUMVAY__ligand18067-0
296,RUMVAY__ligand32-0
297,RUMVAY__ligand19824-0
298,RUMVAY__ligand618-0
299,RUMVAY__ligand3852-0
300,RUMVAY__ligand2485-0
301,RUMVAY__ligand6919-0
302,RUMVAY__ligand30004-0
303,RUMVAY__ligand784-0
304,RUMVAY__ligand20557-0
305,RUMVAY__ligand3565-0
306,RUMVAY__ligand1512-0
307,RUMVAY__ligand5331-0
308,RUMVAY__ligand8969-0
309,RUMVAY__ligand1202-0
310,RUMVAY__ligand3937-0
311,RUMVAY__ligand3174-0
312,RUMVAY__ligand3131-0
313,RUMVAY__ligand6839-0
314,RUMVAY__ligand24953-0
315,RUMVAY__ligand23445-0
316,RUMVAY__ligand16133-0
317,RUMVAY__ligand13755-0
318,RUMVAY__ligand4720-0
319,RUMVAY__ligand27122-0
320,RUMVAY__ligand20432-0
321,RUMVAY__ligand4155-0
322,RUMVAY__ligand368-0
323,RUMVAY__ligand3094-0
324,RUMVAY__ligand395-0
325,RUMVAY__ligand21940-0
326,RUMVAY__ligand5211-0
327,RUMVAY__ligand25048-0
328,RUMVAY__ligand57-0
329,RUMVAY__ligand115-0
330,RUMVAY__ligand21752-0
331,RUMVAY__ligand9908-0
332,RUMVAY__ligand1263-0
333,RUMVAY__ligand13691-0
334,RUMVAY__ligand7106-0
335,RUMVAY__ligand30788-0
336,RUMVAY__ligand7242-0
337,RUMVAY__ligand14339-0
338,RUMVAY__ligand4661-0
339,RUMVAY__ligand1844-0
340,RUMVAY__ligand833-0
341,RUMVAY__ligand3718-0
342,RUMVAY__ligand3035-0
343,RUMVAY__ligand3876-0
344,RUMVAY__ligand1343-0
345,RUMVAY__ligand6616-0
346,RUMVAY__ligand1536-0
347,RUMVAY__ligand1573-0
348,RUMVAY__ligand24624-0
349,RUMVAY__ligand18413-0
350,RUMVAY__ligand9935-0
351,RUMVAY__ligand20844-0
352,RUMVAY__ligand3504-0
353,RUMVAY__ligand24560-0
354,RUMVAY__ligand18757-0
355,RUMVAY__ligand1959-0
356,RUMVAY__ligand1790-0
357,RUMVAY__ligand1304-0
358,RUMVAY__ligand7280-0
359,RUMVAY__ligand14007-0
360,RUMVAY__ligand18019-1
361,RUMVAY__ligand7238-0
362,RUMVAY__ligand506-0
363,RUMVAY__ligand4016-0
364,RUMVAY__ligand68-0
365,RUMVAY__ligand27550-0
366,RUMVAY__ligand6709-0
367,RUMVAY__ligand1219-0
368,RUMVAY__ligand7867-0
369,RUMVAY__ligand4093-0
370,RUMVAY__ligand4442-0
371,RUMVAY__ligand3954-0
372,RUMVAY__ligand152-0
373,RUMVAY__ligand14226-0
374,RUMVAY__ligand21339-0
375,RUMVAY__ligand16956-0
376,RUMVAY__ligand8699-0
377,RUMVAY__ligand20942-1
378,RUMVAY__ligand1160-0
379,RUMVAY__ligand9520-0
380,RUMVAY__ligand55-0
381,RUMVAY__ligand27771-0
382,RUMVAY__ligand9784-0
383,RUMVAY__ligand18158-0
384,RUMVAY__ligand23682-0
385,RUMVAY__ligand7629-0
386,RUMVAY__ligand29565-0
387,RUMVAY__ligand1451-0
388,RUMVAY__ligand4272-0
389,RUMVAY__ligand34-0
390,RUMVAY__ligand11798-0
391,RUMVAY__ligand2232-0
392,RUMVAY__ligand9291-0
393,RUMVAY__ligand20731-0
394,RUMVAY__ligand176-0
395,RUMVAY__ligand2176-0
396,RUMVAY__ligand29334-0
397,RUMVAY__ligand12413-0
398,RUMVAY__ligand5256-0
399,RUMVAY__ligand17445-0
400,RUMVAY__ligand746-0
401,RUMVAY__ligand9833-0
402,RUMVAY__ligand8876-0
403,RUMVAY__ligand2828-0
404,RUMVAY__ligand7648-0
405,RUMVAY__ligand14477-0
406,RUMVAY__ligand4157-0
407,RUMVAY__ligand447-0
408,RUMVAY__ligand17069-0
409,RUMVAY__ligand11501-0
410,RUMVAY__ligand11544-0
411,RUMVAY__ligand487-0
412,RUMVAY__ligand4503-0
413,RUMVAY__ligand4546-0
414,RUMVAY__ligand29214-0
415,RUMVAY__ligand1982-0
416,RUMVAY__ligand7000-0
417,RUMVAY__ligand8115-0
418,RUMVAY__ligand11758-0
419,RUMVAY__ligand6768-0
420,RUMVAY__ligand22357-0
421,RUMVAY__ligand1285-0
422,RUMVAY__ligand21448-0
423,RUMVAY__ligand23904-0
424,RUMVAY__ligand21936-0
425,RUMVAY__ligand777-0
426,RUMVAY__ligand13257-0
427,RUMVAY__ligand12467-0
428,RUMVAY__ligand596-0
429,RUMVAY__ligand941-0
430,RUMVAY__ligand10084-0
431,RUMVAY__ligand2203-0
432,RUMVAY__ligand5387-0
433,RUMVAY__ligand25267-0
434,RUMVAY__ligand1289-0
435,RUMVAY__ligand18391-0
436,RUMVAY__ligand187-0
437,RUMVAY__ligand1599-0
438,RUMVAY__ligand38-0
439,RUMVAY__ligand14523-0
440,RUMVAY__ligand27169-0
441,RUMVAY__ligand657-0
442,RUMVAY__ligand2612-0
443,RUMVAY__ligand20599-0
444,RUMVAY__ligand22981-0
445,RUMVAY__ligand25805-0
446,RUMVAY__ligand9450-0
447,RUMVAY__ligand27074-0
448,RUMVAY__ligand366-0
449,RUMVAY__ligand18799-0
450,RUMVAY__ligand1228-0
451,RUMVAY__ligand9943-0
452,RUMVAY__ligand18465-0
453,RUMVAY__ligand1604-0
454,RUMVAY__ligand28668-0
455,RUMVAY__ligand8788-0
456,RUMVAY__ligand1832-0
457,RUMVAY__ligand845-0
458,RUMVAY__ligand2043-0
459,RUMVAY__ligand16791-0
460,RUMVAY__ligand11140-0
461,RUMVAY__ligand29610-0
462,RUMVAY__ligand2417-0
463,RUMVAY__ligand13869-0
464,RUMVAY__ligand18074-0
465,RUMVAY__ligand1114-0
466,RUMVAY__ligand29863-0
467,RUMVAY__ligand163-0
468,RUMVAY__ligand9284-0
469,RUMVAY__ligand126-0
470,RUMVAY__ligand6391-0
471,RUMVAY__ligand3126-0
472,RUMVAY__ligand23124-0
473,RUMVAY__ligand9323-0
474,RUMVAY__ligand338-0
475,RUMVAY__ligand7273-0
476,RUMVAY__ligand11206-0
477,RUMVAY__ligand25735-0
478,RUMVAY__ligand12519-0
479,RUMVAY__ligand7172-0
480,RUMVAY__ligand2124-0
481,RUMVAY__ligand8612-0
482,RUMVAY__ligand1153-0
483,RUMVAY__ligand3225-0
484,RUMVAY__ligand1116-0
485,RUMVAY__ligand7092-0
486,RUMVAY__ligand2260-0
487,RUMVAY__ligand66-0
488,RUMVAY__ligand5708-0
489,RUMVAY__ligand7316-0
490,RUMVAY__ligand25650-0
491,RUMVAY__ligand31248-0
492,RUMVAY__ligand6017-0
493,RUMVAY__ligand5180-0
494,RUMVAY__ligand19257-0
495,RUMVAY__ligand13209-0
496,RUMVAY__ligand12660-0
497,RUMVAY__ligand178-0
498,RUMVAY__ligand3178-0
499,RUMVAY__ligand4807-0
500,RUMVAY__ligand25689-0
501,RUMVAY__ligand279-0
502,RUMVAY__ligand25575-0
503,RUMVAY__ligand185-0
504,RUMVAY__ligand21787-0
505,RUMVAY__ligand321-0
506,RUMVAY__ligand27835-0
507,RUMVAY__ligand5159-0
508,RUMVAY__ligand7196-0
509,RUMVAY__ligand12295-0
510,RUMVAY__ligand9753-0
511,RUMVAY__ligand5530-0
512,RUMVAY__ligand1787-0
513,RUMVAY__ligand1356-0
514,RUMVAY__ligand11166-0
515,RUMVAY__ligand21132-0
516,RUMVAY__ligand8793-0
517,RUMVAY__ligand23906-0
518,RUMVAY__ligand5649-0
519,RUMVAY__ligand2788-0
520,RUMVAY__ligand4649-0
521,RUMVAY__ligand42-0
522,RUMVAY__ligand201-0
523,RUMVAY__ligand4711-0
524,RUMVAY__ligand3244-0
525,RUMVAY__ligand30539-0
526,RUMVAY__ligand2906-0
527,RUMVAY__ligand2822-0
528,RUMVAY__ligand7293-0
529,RUMVAY__ligand1317-0
530,RUMVAY__ligand3867-0
531,RUMVAY__ligand15438-0
532,RUMVAY__ligand28924-0
533,RUMVAY__ligand18703-0
534,RUMVAY__ligand2238-0
535,RUMVAY__ligand29087-0
536,RUMVAY__ligand5304-0
537,RUMVAY__ligand9167-0
538,RUMVAY__ligand141-0
539,RUMVAY__ligand17207-0
540,RUMVAY__ligand7762-0
541,RUMVAY__ligand31578-0
542,RUMVAY__ligand5080-0
543,RUMVAY__ligand240-0
544,RUMVAY__ligand18013-0
545,RUMVAY__ligand25224-0
546,RUMVAY__ligand17945-0
547,RUMVAY__ligand6117-0
548,RUMVAY__ligand1407-0
549,RUMVAY__ligand5509-0
550,RUMVAY__ligand8002-0
551,RUMVAY__ligand24750-0
552,RUMVAY__ligand10432-0
553,RUMVAY__ligand11432-0
554,RUMVAY__ligand2221-0
555,RUMVAY__ligand31618-0
556,RUMVAY__ligand22755-0
557,RUMVAY__ligand3120-0
558,RUMVAY__ligand3926-0
559,RUMVAY__ligand29898-0
560,RUMVAY__ligand26277-0
561,RUMVAY__ligand4358-0
562,RUMVAY__ligand384-0
563,RUMVAY__ligand4101-0
564,RUMVAY__ligand5595-0
565,RUMVAY__ligand23589-0
566,RUMVAY__ligand5510-0
567,RUMVAY__ligand768-0
568,RUMVAY__ligand1376-0
569,RUMVAY__ligand9773-0
570,RUMVAY__ligand24064-0
571,RUMVAY__ligand15168-0
572,RUMVAY__ligand5099-0
573,RUMVAY__ligand8592-0
574,RUMVAY__ligand1197-0
575,RUMVAY__ligand2259-0
576,RUMVAY__ligand1296-0
577,RUMVAY__ligand6699-0
578,RUMVAY__ligand31483-0
579,RUMVAY__ligand10555-0
580,RUMVAY__ligand18-0
581,RUMVAY__ligand1294-0
582,RUMVAY__ligand1168-0
583,RUMVAY__ligand19725-0
584,RUMVAY__ligand3632-0
585,RUMVAY__ligand3677-0
586,RUMVAY__ligand24613-0
587,RUMVAY__ligand122-0
588,RUMVAY__ligand1211-0
589,RUMVAY__ligand14586-0
590,RUMVAY__ligand11774-0
591,RUMVAY__ligand21421-0
592,RUMVAY__ligand6892-0
593,RUMVAY__ligand20579-0
594,RUMVAY__ligand17710-0
595,RUMVAY__ligand2881-0
596,RUMVAY__ligand11568-0
597,RUMVAY__ligand1499-0
598,RUMVAY__ligand3712-0
599,RUMVAY__ligand1464-0
600,RUMVAY__ligand757-0
601,RUMVAY__ligand17590-0
602,RUMVAY__ligand2693-0
603,RUMVAY__ligand5383-0
604,RUMVAY__ligand693-0
605,RUMVAY__ligand3945-0
606,RUMVAY__ligand17240-0
607,RUMVAY__ligand8000-0
608,RUMVAY__ligand18699-0
609,RUMVAY__ligand12682-0
610,RUMVAY__ligand3736-0
611,RUMVAY__ligand9344-0
612,RUMVAY__ligand3677-1
613,RUMVAY__ligand9883-0
614,RUMVAY__ligand7291-0
615,RUMVAY__ligand9299-0
616,RUMVAY__ligand12336-0
617,RUMVAY__ligand2985-0
618,RUMVAY__ligand13072-0
619,RUMVAY__ligand4007-0
620,RUMVAY__ligand5515-0
621,RUMVAY__ligand6663-0
622,RUMVAY__ligand13208-0
623,RUMVAY__ligand5614-0
624,RUMVAY__ligand5280-0
625,RUMVAY__ligand1831-0
626,RUMVAY__ligand27482-0
627,RUMVAY__ligand26810-0
628,RUMVAY__ligand534-0
629,RUMVAY__ligand571-0
630,RUMVAY__ligand670-0
631,RUMVAY__ligand1216-0
632,RUMVAY__ligand3261-0
633,RUMVAY__ligand1152-0
634,RUMVAY__ligand13390-0
635,RUMVAY__ligand5019-0
636,RUMVAY__ligand67-0
637,RUMVAY__ligand1849-0
638,RUMVAY__ligand20682-0
639,RUMVAY__ligand43-0
640,RUMVAY__ligand694-0
641,RUMVAY__ligand4710-0
642,RUMVAY__ligand11456-0
643,RUMVAY__ligand5755-0
644,RUMVAY__ligand3144-0
645,RUMVAY__ligand10712-0
646,RUMVAY__ligand5085-0
647,RUMVAY__ligand14174-0
648,RUMVAY__ligand488-0
649,RUMVAY__ligand6112-0
650,RUMVAY__ligand8042-0
651,RUMVAY__ligand1397-0
652,RUMVAY__ligand358-0
653,RUMVAY__ligand7213-0
654,RUMVAY__ligand430-0
655,RUMVAY__ligand1828-0
656,RUMVAY__ligand25411-0
657,RUMVAY__ligand31832-0
658,RUMVAY__ligand13294-0
659,RUMVAY__ligand5630-0
660,RUMVAY__ligand1786-0
661,RUMVAY__ligand13331-0
662,RUMVAY__ligand4795-0
663,RUMVAY__ligand3285-0
664,RUMVAY__ligand28884-0
665,RUMVAY__ligand12030-0
666,RUMVAY__ligand1908-0
667,RUMVAY__ligand14248-0
668,RUMVAY__ligand29879-0
669,RUMVAY__ligand11675-0
670,RUMVAY__ligand20598-0
671,RUMVAY__ligand22557-0
672,RUMVAY__ligand10589-0
673,RUMVAY__ligand9750-0
674,RUMVAY__ligand24047-0
675,RUMVAY__ligand1817-0
676,RUMVAY__ligand6993-0
677,RUMVAY__ligand17398-0
678,RUMVAY__ligand1779-0
679,RUMVAY__ligand1149-0
680,RUMVAY__ligand3557-0
681,RUMVAY__ligand3980-0
682,RUMVAY__ligand20011-0
683,RUMVAY__ligand17278-0
684,RUMVAY__ligand656-0
685,RUMVAY__ligand29414-0
686,RUMVAY__ligand7075-0
687,RUMVAY__ligand17982-0
688,RUMVAY__ligand20251-1
689,RUMVAY__ligand8-0
690,RUMVAY__ligand1288-0
691,RUMVAY__ligand696-0
692,RUMVAY__ligand4167-0
693,RUMVAY__ligand9491-0
694,RUMVAY__ligand1400-0
695,RUMVAY__ligand4266-0
696,RUMVAY__ligand16475-0
697,RUMVAY__ligand14703-0
698,RUMVAY__ligand226-0
699,RUMVAY__ligand1150-0
700,RUMVAY__ligand1539-0
701,RUMVAY__ligand162-0
702,RUMVAY__ligand17261-0
703,RUMVAY__ligand14117-0
704,RUMVAY__ligand4207-0
705,RUMVAY__ligand21581-0
706,RUMVAY__ligand31097-0
707,RUMVAY__ligand383-0
708,RUMVAY__ligand3416-0
709,RUMVAY__ligand3453-0
710,RUMVAY__ligand20539-0
711,RUMVAY__ligand30702-0
712,RUMVAY__ligand20214-0
713,RUMVAY__ligand416-0
714,RUMVAY__ligand20251-0
715,RUMVAY__ligand30851-0
716,RUMVAY__ligand14889-0
717,RUMVAY__ligand29568-0
718,RUMVAY__ligand3042-0
719,RUMVAY__ligand28789-0
720,RUMVAY__ligand4063-0
721,RUMVAY__ligand20419-0
722,RUMVAY__ligand17118-0
723,RUMVAY__ligand21371-0
724,RUMVAY__ligand7438-0
725,RUMVAY__ligand8200-0
726,RUMVAY__ligand12934-0
727,RUMVAY__ligand20578-0
728,RUMVAY__ligand15422-0
729,RUMVAY__ligand4596-0
730,RUMVAY__ligand19641-0
731,RUMVAY__ligand1498-0
732,RUMVAY__ligand14723-0
733,RUMVAY__ligand27893-0
734,RUMVAY__ligand9615-0
735,RUMVAY__ligand30988-0
736,RUMVAY__ligand23713-0
737,RUMVAY__ligand24-0
738,RUMVAY__ligand27175-0
739,RUMVAY__ligand18832-0
740,RUMVAY__ligand1154-0
741,RUMVAY__ligand8529-0
742,RUMVAY__ligand13012-0
743,RUMVAY__ligand19-0
744,RUMVAY__ligand17631-0
745,RUMVAY__ligand1169-0
746,RUMVAY__ligand26665-0
747,RUMVAY__ligand14603-0
748,RUMVAY__ligand14297-0
749,RUMVAY__ligand633-0
750,RUMVAY__ligand17258-0
751,RUMVAY__ligand497-0
752,RUMVAY__ligand31783-0
753,RUMVAY__ligand26540-0
754,RUMVAY__ligand29410-0
755,RUMVAY__ligand12337-0
756,RUMVAY__ligand30296-0
757,RUMVAY__ligand78-0
758,RUMVAY__ligand17281-0
759,RUMVAY__ligand1050-0
760,RUMVAY__ligand12606-0
761,RUMVAY__ligand1015-0
762,RUMVAY__ligand326-0
763,RUMVAY__ligand2027-0
764,RUMVAY__ligand30333-0
765,RUMVAY__ligand27460-0
766,RUMVAY__ligand4262-0
767,RUMVAY__ligand1028-0
768,RUMVAY__ligand436-0
769,RUMVAY__ligand2692-0
770,RUMVAY__ligand16628-0
771,RUMVAY__ligand45-0
772,RUMVAY__ligand1618-0
773,RUMVAY__ligand692-0
774,RUMVAY__ligand12427-0
775,RUMVAY__ligand20740-0
776,RUMVAY__ligand28468-0
777,RUMVAY__ligand4124-0
778,RUMVAY__ligand28676-0
779,RUMVAY__ligand3471-0
780,RUMVAY__ligand10262-0
781,RUMVAY__ligand4161-0
782,RUMVAY__ligand27763-0
783,RUMVAY__ligand13425-0
784,RUMVAY__ligand29302-0
785,RUMVAY__ligand5415-0
786,RUMVAY__ligand19057-0
787,RUMVAY__ligand18814-0
788,RUMVAY__ligand3180-0
789,RUMVAY__ligand2650-0
790,RUMVAY__ligand2281-0
791,RUMVAY__ligand4340-0
792,RUMVAY__ligand14108-0
793,RUMVAY__ligand10958-0
794,RUMVAY__ligand2823-0
795,RUMVAY__ligand361-0
796,RUMVAY__ligand324-0
797,RUMVAY__ligand12641-0
798,RUMVAY__ligand409-0
799,RUMVAY__ligand6995-0
800,RUMVAY__ligand9944-0
801,RUMVAY__ligand8593-0
802,RUMVAY__ligand588-0
803,RUMVAY__ligand25178-0
804,RUMVAY__ligand24185-0
805,RUMVAY__ligand23769-0
806,RUMVAY__ligand7566-0
807,RUMVAY__ligand17805-0
808,RUMVAY__ligand300-0
809,RUMVAY__ligand2001-0
810,RUMVAY__ligand17302-0
811,RUMVAY__ligand12231-0
812,RUMVAY__ligand5201-0
813,RUMVAY__ligand26702-0
814,RUMVAY__ligand13658-0
815,RUMVAY__ligand18292-0
816,RUMVAY__ligand12289-0
817,RUMVAY__ligand12130-0
818,RUMVAY__ligand17387-0
819,RUMVAY__ligand10476-0
820,RUMVAY__ligand199-0
821,RUMVAY__ligand1113-0
822,RUMVAY__ligand13068-0
823,RUMVAY__ligand8553-0
824,RUMVAY__ligand19830-0
825,RUMVAY__ligand12401-0
826,RUMVAY__ligand15585-0
827,RUMVAY__ligand24145-0
