,TMC
0,JAFRUD__ligand22168-0
1,JAFRUD__ligand5627-0
2,JAFRUD__ligand28930-0
3,JAFRUD__ligand22294-0
4,JAFRUD__ligand1729-0
5,JAFRUD__ligand21919-0
6,JAFRUD__ligand2830-0
7,JAFRUD__ligand465-0
8,JAFRUD__ligand12365-0
9,JAFRUD__ligand5316-0
10,JAFRUD__ligand10056-0
11,JAFRUD__ligand11357-0
12,JAFRUD__ligand13862-0
13,JAFRUD__ligand28743-0
14,JAFRUD__ligand5483-0
15,JAFRUD__ligand15531-0
16,JAFRUD__ligand28810-0
17,JAFRUD__ligand11447-0
18,JAFRUD__ligand11096-0
19,JAFRUD__ligand24230-0
20,JAFRUD__ligand15926-0
21,JAFRUD__ligand1-0
22,JAFRUD__ligand9148-0
23,JAFRUD__ligand19792-0
24,JAFRUD__ligand10828-0
25,JAFRUD__ligand11970-0
26,JAFRUD__ligand6946-0
27,JAFRUD__ligand1415-0
28,JAFRUD__ligand7529-0
29,JAFRUD__ligand15883-0
30,JAFRUD__ligand314-1
31,JAFRUD__ligand16988-0
32,JAFRUD__ligand780-0
33,JAFRUD__ligand25913-0
34,JAFRUD__ligand314-0
35,JAFRUD__ligand3934-0
36,JAFRUD__ligand813-0
37,JAFRUD__ligand6882-0
38,JAFRUD__ligand6455-0
39,JAFRUD__ligand2403-0
40,JAFRUD__ligand11682-0
41,JAFRUD__ligand30711-0
42,JAFRUD__ligand20207-0
43,JAFRUD__ligand24035-0
44,JAFRUD__ligand1449-0
45,JAFRUD__ligand3012-0
46,JAFRUD__ligand31044-0
47,JAFRUD__ligand31842-0
48,JAFRUD__ligand1065-0
49,JAFRUD__ligand11994-0
50,JAFRUD__ligand618-0
51,JAFRUD__ligand7530-0
52,JAFRUD__ligand16663-0
53,JAFRUD__ligand38-0
54,JAFRUD__ligand391-0
55,JAFRUD__ligand9681-0
56,JAFRUD__ligand4332-0
57,JAFRUD__ligand14614-0
58,JAFRUD__ligand13672-0
59,JAFRUD__ligand7532-0
60,JAFRUD__ligand4194-0
61,JAFRUD__ligand18568-0
62,JAFRUD__ligand28685-0
63,JAFRUD__ligand2599-0
64,JAFRUD__ligand4330-0
65,JAFRUD__ligand393-0
66,JAFRUD__ligand10371-0
67,JAFRUD__ligand1147-0
68,JAFRUD__ligand42-0
69,JAFRUD__ligand12453-0
70,JAFRUD__ligand18448-0
71,JAFRUD__ligand3973-0
72,JAFRUD__ligand353-0
73,JAFRUD__ligand28459-0
74,JAFRUD__ligand19184-0
75,JAFRUD__ligand2068-0
76,JAFRUD__ligand7925-0
77,JAFRUD__ligand14167-0
78,JAFRUD__ligand3-0
79,JAFRUD__ligand13477-0
80,JAFRUD__ligand30142-0
81,JAFRUD__ligand66-0
82,JAFRUD__ligand27669-0
83,JAFRUD__ligand3215-0
84,JAFRUD__ligand7107-0
85,JAFRUD__ligand196-0
86,JAFRUD__ligand686-0
87,JAFRUD__ligand23197-0
88,JAFRUD__ligand6283-0
89,JAFRUD__ligand4813-0
90,JAFRUD__ligand5813-0
91,JAFRUD__ligand27285-0
92,JAFRUD__ligand29029-0
93,JAFRUD__ligand4738-0
94,JAFRUD__ligand6062-0
95,JAFRUD__ligand422-0
96,JAFRUD__ligand11618-0
97,JAFRUD__ligand506-0
98,JAFRUD__ligand4131-0
99,JAFRUD__ligand1712-0
100,JAFRUD__ligand5094-0
101,JAFRUD__ligand5892-0
102,JAFRUD__ligand26529-0
103,JAFRUD__ligand1533-0
104,JAFRUD__ligand21729-0
105,JAFRUD__ligand27239-0
106,JAFRUD__ligand152-0
107,JAFRUD__ligand19927-0
108,JAFRUD__ligand1496-0
109,JAFRUD__ligand7557-0
110,JAFRUD__ligand28559-0
111,JAFRUD__ligand26324-0
112,JAFRUD__ligand14043-0
113,JAFRUD__ligand2208-0
114,JAFRUD__ligand746-0
115,JAFRUD__ligand3208-0
116,JAFRUD__ligand26631-0
117,JAFRUD__ligand16148-0
118,JAFRUD__ligand12003-0
119,JAFRUD__ligand447-0
120,JAFRUD__ligand21399-0
121,JAFRUD__ligand10872-0
122,JAFRUD__ligand9809-0
123,JAFRUD__ligand29215-0
124,JAFRUD__ligand6672-0
125,JAFRUD__ligand1327-0
126,JAFRUD__ligand8722-0
127,JAFRUD__ligand3350-0
128,JAFRUD__ligand7573-0
129,JAFRUD__ligand2781-0
130,JAFRUD__ligand176-0
131,JAFRUD__ligand27754-0
132,JAFRUD__ligand20695-0
133,JAFRUD__ligand2328-0
134,JAFRUD__ligand1773-0
135,JAFRUD__ligand4581-0
136,JAFRUD__ligand3029-0
137,JAFRUD__ligand16369-0
138,JAFRUD__ligand7162-0
139,JAFRUD__ligand28540-0
140,JAFRUD__ligand11111-0
141,JAFRUD__ligand22403-0
142,JAFRUD__ligand1900-0
143,JAFRUD__ligand9197-0
144,JAFRUD__ligand487-0
145,JAFRUD__ligand11587-0
146,JAFRUD__ligand13220-0
147,JAFRUD__ligand3392-0
148,JAFRUD__ligand17396-0
149,JAFRUD__ligand1771-0
150,JAFRUD__ligand4911-0
151,JAFRUD__ligand23175-0
152,JAFRUD__ligand15788-0
153,JAFRUD__ligand14569-0
154,JAFRUD__ligand5849-0
155,JAFRUD__ligand13385-0
156,JAFRUD__ligand24111-0
157,JAFRUD__ligand784-0
158,JAFRUD__ligand22444-0
159,JAFRUD__ligand10033-0
160,JAFRUD__ligand368-0
161,JAFRUD__ligand24644-0
162,JAFRUD__ligand2527-0
163,JAFRUD__ligand12001-0
164,JAFRUD__ligand395-0
165,JAFRUD__ligand27840-0
166,JAFRUD__ligand8464-0
167,JAFRUD__ligand1709-0
168,JAFRUD__ligand8349-0
169,JAFRUD__ligand30728-0
170,JAFRUD__ligand24872-0
171,JAFRUD__ligand25561-0
172,JAFRUD__ligand4850-0
173,JAFRUD__ligand5056-0
174,JAFRUD__ligand18-0
175,JAFRUD__ligand1688-0
176,JAFRUD__ligand3647-0
177,JAFRUD__ligand5357-0
178,JAFRUD__ligand3871-0
179,JAFRUD__ligand11949-0
180,JAFRUD__ligand1469-0
181,JAFRUD__ligand22129-0
182,JAFRUD__ligand115-0
183,JAFRUD__ligand12138-0
184,JAFRUD__ligand24780-0
185,JAFRUD__ligand1768-0
186,JAFRUD__ligand5935-0
187,JAFRUD__ligand1379-0
188,JAFRUD__ligand2722-0
189,JAFRUD__ligand17427-0
190,JAFRUD__ligand3157-0
191,JAFRUD__ligand31694-0
192,JAFRUD__ligand29486-0
193,JAFRUD__ligand1165-0
194,JAFRUD__ligand9525-0
195,JAFRUD__ligand833-0
196,JAFRUD__ligand5211-0
197,JAFRUD__ligand10151-0
198,JAFRUD__ligand4155-0
199,JAFRUD__ligand3094-0
200,JAFRUD__ligand4720-0
201,JAFRUD__ligand43-0
202,JAFRUD__ligand8969-0
203,JAFRUD__ligand3131-0
204,JAFRUD__ligand3937-0
205,JAFRUD__ligand1202-0
206,JAFRUD__ligand3174-0
207,JAFRUD__ligand6839-0
208,JAFRUD__ligand352-0
209,JAFRUD__ligand783-0
210,JAFRUD__ligand22353-0
211,JAFRUD__ligand1512-0
212,JAFRUD__ligand5331-0
213,JAFRUD__ligand3565-0
214,JAFRUD__ligand868-0
215,JAFRUD__ligand19668-0
216,JAFRUD__ligand19906-0
217,JAFRUD__ligand3852-0
218,JAFRUD__ligand2485-0
219,JAFRUD__ligand6919-0
220,JAFRUD__ligand3504-0
221,JAFRUD__ligand27610-0
222,JAFRUD__ligand10479-0
223,JAFRUD__ligand1959-0
224,JAFRUD__ligand11479-0
225,JAFRUD__ligand1573-0
226,JAFRUD__ligand29441-0
227,JAFRUD__ligand1536-0
228,JAFRUD__ligand10853-0
229,JAFRUD__ligand9935-0
230,JAFRUD__ligand3718-0
231,JAFRUD__ligand24851-0
232,JAFRUD__ligand6616-0
233,JAFRUD__ligand3035-0
234,JAFRUD__ligand1343-0
235,JAFRUD__ligand3876-0
236,JAFRUD__ligand20530-0
237,JAFRUD__ligand11698-0
238,JAFRUD__ligand13657-0
239,JAFRUD__ligand4661-0
240,JAFRUD__ligand1844-0
241,JAFRUD__ligand14347-0
242,JAFRUD__ligand14302-0
243,JAFRUD__ligand7242-0
244,JAFRUD__ligand20220-0
245,JAFRUD__ligand7106-0
246,JAFRUD__ligand15387-0
247,JAFRUD__ligand20121-0
248,JAFRUD__ligand197-0
249,JAFRUD__ligand9908-0
250,JAFRUD__ligand1263-0
251,JAFRUD__ligand67-0
252,JAFRUD__ligand16952-0
253,JAFRUD__ligand29813-0
254,JAFRUD__ligand7629-0
255,JAFRUD__ligand4272-0
256,JAFRUD__ligand1451-0
257,JAFRUD__ligand11177-0
258,JAFRUD__ligand9784-0
259,JAFRUD__ligand294-0
260,JAFRUD__ligand15455-0
261,JAFRUD__ligand8699-0
262,JAFRUD__ligand1160-0
263,JAFRUD__ligand9520-0
264,JAFRUD__ligand25658-0
265,JAFRUD__ligand17686-0
266,JAFRUD__ligand3954-0
267,JAFRUD__ligand4093-0
268,JAFRUD__ligand4442-0
269,JAFRUD__ligand31205-0
270,JAFRUD__ligand421-0
271,JAFRUD__ligand6709-0
272,JAFRUD__ligand1219-0
273,JAFRUD__ligand11814-0
274,JAFRUD__ligand7867-0
275,JAFRUD__ligand4016-0
276,JAFRUD__ligand16603-0
277,JAFRUD__ligand16870-0
278,JAFRUD__ligand7238-0
279,JAFRUD__ligand11622-0
280,JAFRUD__ligand1304-0
281,JAFRUD__ligand1790-0
282,JAFRUD__ligand7280-0
283,JAFRUD__ligand685-0
284,JAFRUD__ligand1285-0
285,JAFRUD__ligand26673-0
286,JAFRUD__ligand1982-0
287,JAFRUD__ligand7000-0
288,JAFRUD__ligand8115-0
289,JAFRUD__ligand20821-0
290,JAFRUD__ligand6768-0
291,JAFRUD__ligand235-0
292,JAFRUD__ligand11606-0
293,JAFRUD__ligand4546-0
294,JAFRUD__ligand4503-0
295,JAFRUD__ligand134-0
296,JAFRUD__ligand31000-0
297,JAFRUD__ligand4157-0
298,JAFRUD__ligand11252-0
299,JAFRUD__ligand5256-0
300,JAFRUD__ligand10582-0
301,JAFRUD__ligand13260-0
302,JAFRUD__ligand9833-0
303,JAFRUD__ligand560-0
304,JAFRUD__ligand7648-0
305,JAFRUD__ligand8876-0
306,JAFRUD__ligand2828-0
307,JAFRUD__ligand9291-0
308,JAFRUD__ligand2176-0
309,JAFRUD__ligand19824-0
310,JAFRUD__ligand18067-0
311,JAFRUD__ligand2232-0
312,JAFRUD__ligand30004-0
313,JAFRUD__ligand20557-0
314,JAFRUD__ligand1823-0
315,JAFRUD__ligand5643-0
316,JAFRUD__ligand8721-0
317,JAFRUD__ligand1324-0
318,JAFRUD__ligand188-0
319,JAFRUD__ligand9111-0
320,JAFRUD__ligand9952-0
321,JAFRUD__ligand1615-0
322,JAFRUD__ligand5036-0
323,JAFRUD__ligand2526-0
324,JAFRUD__ligand78-0
325,JAFRUD__ligand8992-0
326,JAFRUD__ligand45-0
327,JAFRUD__ligand27122-0
328,JAFRUD__ligand20432-0
329,JAFRUD__ligand16133-0
330,JAFRUD__ligand13755-0
331,JAFRUD__ligand24953-0
332,JAFRUD__ligand9601-0
333,JAFRUD__ligand23445-0
334,JAFRUD__ligand311-0
335,JAFRUD__ligand785-0
336,JAFRUD__ligand479-0
337,JAFRUD__ligand7967-0
338,JAFRUD__ligand25048-0
339,JAFRUD__ligand6124-0
340,JAFRUD__ligand3707-0
341,JAFRUD__ligand21940-0
342,JAFRUD__ligand564-0
343,JAFRUD__ligand370-1
344,JAFRUD__ligand4116-0
345,JAFRUD__ligand1018-0
346,JAFRUD__ligand620-0
347,JAFRUD__ligand2915-0
348,JAFRUD__ligand3156-0
349,JAFRUD__ligand4-0
350,JAFRUD__ligand21752-0
351,JAFRUD__ligand370-0
352,JAFRUD__ligand24-0
353,JAFRUD__ligand14339-0
354,JAFRUD__ligand6244-0
355,JAFRUD__ligand1378-0
356,JAFRUD__ligand30788-0
357,JAFRUD__ligand13691-0
358,JAFRUD__ligand250-0
359,JAFRUD__ligand2332-0
360,JAFRUD__ligand9441-0
361,JAFRUD__ligand18757-0
362,JAFRUD__ligand24560-0
363,JAFRUD__ligand1631-0
364,JAFRUD__ligand19-0
365,JAFRUD__ligand18413-0
366,JAFRUD__ligand20844-0
367,JAFRUD__ligand24624-0
368,JAFRUD__ligand9933-0
369,JAFRUD__ligand1575-0
370,JAFRUD__ligand1530-0
371,JAFRUD__ligand116-0
372,JAFRUD__ligand4620-0
373,JAFRUD__ligand252-0
374,JAFRUD__ligand18019-1
375,JAFRUD__ligand14007-0
376,JAFRUD__ligand6067-0
377,JAFRUD__ligand1577-0
378,JAFRUD__ligand2295-0
379,JAFRUD__ligand27550-0
380,JAFRUD__ligand830-0
381,JAFRUD__ligand20942-1
382,JAFRUD__ligand14226-0
383,JAFRUD__ligand21339-0
384,JAFRUD__ligand16956-0
385,JAFRUD__ligand372-0
386,JAFRUD__ligand7819-0
387,JAFRUD__ligand2917-0
388,JAFRUD__ligand29565-0
389,JAFRUD__ligand6102-0
390,JAFRUD__ligand6596-0
391,JAFRUD__ligand6904-0
392,JAFRUD__ligand3721-0
393,JAFRUD__ligand23682-0
394,JAFRUD__ligand193-0
395,JAFRUD__ligand18158-0
396,JAFRUD__ligand3465-0
397,JAFRUD__ligand27771-0
398,JAFRUD__ligand12413-0
399,JAFRUD__ligand29334-0
400,JAFRUD__ligand20731-0
401,JAFRUD__ligand3234-0
402,JAFRUD__ligand1142-0
403,JAFRUD__ligand11798-0
404,JAFRUD__ligand17069-0
405,JAFRUD__ligand909-0
406,JAFRUD__ligand14477-0
407,JAFRUD__ligand8835-0
408,JAFRUD__ligand2028-0
409,JAFRUD__ligand7126-0
410,JAFRUD__ligand17445-0
411,JAFRUD__ligand29214-0
412,JAFRUD__ligand4641-0
413,JAFRUD__ligand11501-0
414,JAFRUD__ligand11544-0
415,JAFRUD__ligand177-0
416,JAFRUD__ligand21448-0
417,JAFRUD__ligand22357-0
418,JAFRUD__ligand11758-0
419,JAFRUD__ligand6117-0
420,JAFRUD__ligand13257-0
421,JAFRUD__ligand1407-0
422,JAFRUD__ligand8002-0
423,JAFRUD__ligand5509-0
424,JAFRUD__ligand21936-0
425,JAFRUD__ligand656-0
426,JAFRUD__ligand23904-0
427,JAFRUD__ligand25267-0
428,JAFRUD__ligand10084-0
429,JAFRUD__ligand12467-0
430,JAFRUD__ligand5080-0
431,JAFRUD__ligand7762-0
432,JAFRUD__ligand5304-0
433,JAFRUD__ligand9167-0
434,JAFRUD__ligand27169-0
435,JAFRUD__ligand14523-0
436,JAFRUD__ligand2238-0
437,JAFRUD__ligand18391-0
438,JAFRUD__ligand27074-0
439,JAFRUD__ligand22981-0
440,JAFRUD__ligand25805-0
441,JAFRUD__ligand696-0
442,JAFRUD__ligand7293-0
443,JAFRUD__ligand2822-0
444,JAFRUD__ligand20599-0
445,JAFRUD__ligand3867-0
446,JAFRUD__ligand1317-0
447,JAFRUD__ligand383-0
448,JAFRUD__ligand2259-0
449,JAFRUD__ligand1296-0
450,JAFRUD__ligand18465-0
451,JAFRUD__ligand8592-0
452,JAFRUD__ligand416-0
453,JAFRUD__ligand5099-0
454,JAFRUD__ligand18799-0
455,JAFRUD__ligand1197-0
456,JAFRUD__ligand5510-0
457,JAFRUD__ligand16791-0
458,JAFRUD__ligand1376-0
459,JAFRUD__ligand9773-0
460,JAFRUD__ligand226-0
461,JAFRUD__ligand28668-0
462,JAFRUD__ligand162-0
463,JAFRUD__ligand4101-0
464,JAFRUD__ligand29610-0
465,JAFRUD__ligand5595-0
466,JAFRUD__ligand11140-0
467,JAFRUD__ligand3926-0
468,JAFRUD__ligand3120-0
469,JAFRUD__ligand4358-0
470,JAFRUD__ligand29863-0
471,JAFRUD__ligand2221-0
472,JAFRUD__ligand17-0
473,JAFRUD__ligand18074-0
474,JAFRUD__ligand13869-0
475,JAFRUD__ligand3712-0
476,JAFRUD__ligand1464-0
477,JAFRUD__ligand534-0
478,JAFRUD__ligand25735-0
479,JAFRUD__ligand571-0
480,JAFRUD__ligand12519-0
481,JAFRUD__ligand11206-0
482,JAFRUD__ligand2881-0
483,JAFRUD__ligand670-0
484,JAFRUD__ligand23124-0
485,JAFRUD__ligand1499-0
486,JAFRUD__ligand6892-0
487,JAFRUD__ligand1211-0
488,JAFRUD__ligand31248-0
489,JAFRUD__ligand3677-0
490,JAFRUD__ligand3632-0
491,JAFRUD__ligand8-0
492,JAFRUD__ligand25650-0
493,JAFRUD__ligand1294-0
494,JAFRUD__ligand1168-0
495,JAFRUD__ligand6699-0
496,JAFRUD__ligand12660-0
497,JAFRUD__ligand13209-0
498,JAFRUD__ligand19257-0
499,JAFRUD__ligand21787-0
500,JAFRUD__ligand25575-0
501,JAFRUD__ligand49-0
502,JAFRUD__ligand2985-0
503,JAFRUD__ligand25689-0
504,JAFRUD__ligand488-0
505,JAFRUD__ligand4007-0
506,JAFRUD__ligand430-0
507,JAFRUD__ligand358-0
508,JAFRUD__ligand9299-0
509,JAFRUD__ligand7291-0
510,JAFRUD__ligand694-0
511,JAFRUD__ligand12295-0
512,JAFRUD__ligand3677-1
513,JAFRUD__ligand9883-0
514,JAFRUD__ligand27835-0
515,JAFRUD__ligand9344-0
516,JAFRUD__ligand23906-0
517,JAFRUD__ligand8000-0
518,JAFRUD__ligand21132-0
519,JAFRUD__ligand11166-0
520,JAFRUD__ligand3736-0
521,JAFRUD__ligand3945-0
522,JAFRUD__ligand89-0
523,JAFRUD__ligand30539-0
524,JAFRUD__ligand2693-0
525,JAFRUD__ligand5383-0
526,JAFRUD__ligand28924-0
527,JAFRUD__ligand9450-0
528,JAFRUD__ligand15438-0
529,JAFRUD__ligand2612-0
530,JAFRUD__ligand29087-0
531,JAFRUD__ligand1599-0
532,JAFRUD__ligand18703-0
533,JAFRUD__ligand5387-0
534,JAFRUD__ligand17945-0
535,JAFRUD__ligand2203-0
536,JAFRUD__ligand25224-0
537,JAFRUD__ligand18013-0
538,JAFRUD__ligand1289-0
539,JAFRUD__ligand31578-0
540,JAFRUD__ligand17207-0
541,JAFRUD__ligand409-0
542,JAFRUD__ligand361-0
543,JAFRUD__ligand324-0
544,JAFRUD__ligand24750-0
545,JAFRUD__ligand300-0
546,JAFRUD__ligand29898-0
547,JAFRUD__ligand9284-0
548,JAFRUD__ligand26277-0
549,JAFRUD__ligand6391-0
550,JAFRUD__ligand3126-0
551,JAFRUD__ligand22755-0
552,JAFRUD__ligand11-0
553,JAFRUD__ligand1114-0
554,JAFRUD__ligand11432-0
555,JAFRUD__ligand31618-0
556,JAFRUD__ligand10432-0
557,JAFRUD__ligand2417-0
558,JAFRUD__ligand588-0
559,JAFRUD__ligand24064-0
560,JAFRUD__ligand199-0
561,JAFRUD__ligand2043-0
562,JAFRUD__ligand8788-0
563,JAFRUD__ligand1832-0
564,JAFRUD__ligand23589-0
565,JAFRUD__ligand69-0
566,JAFRUD__ligand1604-0
567,JAFRUD__ligand1228-0
568,JAFRUD__ligand9943-0
569,JAFRUD__ligand15168-0
570,JAFRUD__ligand10555-0
571,JAFRUD__ligand31483-0
572,JAFRUD__ligand5180-0
573,JAFRUD__ligand24613-0
574,JAFRUD__ligand6017-0
575,JAFRUD__ligand19725-0
576,JAFRUD__ligand5708-0
577,JAFRUD__ligand7316-0
578,JAFRUD__ligand1116-0
579,JAFRUD__ligand1153-0
580,JAFRUD__ligand3225-0
581,JAFRUD__ligand2260-0
582,JAFRUD__ligand7092-0
583,JAFRUD__ligand497-0
584,JAFRUD__ligand21421-0
585,JAFRUD__ligand14586-0
586,JAFRUD__ligand11774-0
587,JAFRUD__ligand2124-0
588,JAFRUD__ligand8612-0
589,JAFRUD__ligand7172-0
590,JAFRUD__ligand633-0
591,JAFRUD__ligand9323-0
592,JAFRUD__ligand11568-0
593,JAFRUD__ligand7273-0
594,JAFRUD__ligand20579-0
595,JAFRUD__ligand17710-0
596,JAFRUD__ligand326-0
597,JAFRUD__ligand2906-0
598,JAFRUD__ligand17240-0
599,JAFRUD__ligand3244-0
600,JAFRUD__ligand4711-0
601,JAFRUD__ligand17590-0
602,JAFRUD__ligand5649-0
603,JAFRUD__ligand2788-0
604,JAFRUD__ligand8793-0
605,JAFRUD__ligand4649-0
606,JAFRUD__ligand18699-0
607,JAFRUD__ligand12682-0
608,JAFRUD__ligand9753-0
609,JAFRUD__ligand692-0
610,JAFRUD__ligand5530-0
611,JAFRUD__ligand1787-0
612,JAFRUD__ligand1356-0
613,JAFRUD__ligand5159-0
614,JAFRUD__ligand7196-0
615,JAFRUD__ligand4807-0
616,JAFRUD__ligand13072-0
617,JAFRUD__ligand12336-0
618,JAFRUD__ligand3178-0
619,JAFRUD__ligand436-0
620,JAFRUD__ligand26810-0
621,JAFRUD__ligand27482-0
622,JAFRUD__ligand13208-0
623,JAFRUD__ligand338-0
624,JAFRUD__ligand91-0
625,JAFRUD__ligand8529-0
626,JAFRUD__ligand1169-0
627,JAFRUD__ligand51-0
628,JAFRUD__ligand1154-0
629,JAFRUD__ligand13390-0
630,JAFRUD__ligand9615-0
631,JAFRUD__ligand4596-0
632,JAFRUD__ligand20682-0
633,JAFRUD__ligand1498-0
634,JAFRUD__ligand14174-0
635,JAFRUD__ligand10712-0
636,JAFRUD__ligand321-0
637,JAFRUD__ligand11456-0
638,JAFRUD__ligand2692-0
639,JAFRUD__ligand1618-0
640,JAFRUD__ligand25411-0
641,JAFRUD__ligand1028-0
642,JAFRUD__ligand178-0
643,JAFRUD__ligand185-0
644,JAFRUD__ligand4262-0
645,JAFRUD__ligand279-0
646,JAFRUD__ligand2027-0
647,JAFRUD__ligand201-0
648,JAFRUD__ligand1015-0
649,JAFRUD__ligand13294-0
650,JAFRUD__ligand1050-0
651,JAFRUD__ligand31832-0
652,JAFRUD__ligand14248-0
653,JAFRUD__ligand29879-0
654,JAFRUD__ligand12030-0
655,JAFRUD__ligand48-0
656,JAFRUD__ligand28884-0
657,JAFRUD__ligand13331-0
658,JAFRUD__ligand596-0
659,JAFRUD__ligand17398-0
660,JAFRUD__ligand941-0
661,JAFRUD__ligand6995-0
662,JAFRUD__ligand24047-0
663,JAFRUD__ligand10589-0
664,JAFRUD__ligand22557-0
665,JAFRUD__ligand2823-0
666,JAFRUD__ligand20598-0
667,JAFRUD__ligand11675-0
668,JAFRUD__ligand2650-0
669,JAFRUD__ligand2281-0
670,JAFRUD__ligand17982-0
671,JAFRUD__ligand29414-0
672,JAFRUD__ligand4340-0
673,JAFRUD__ligand20011-0
674,JAFRUD__ligand17278-0
675,JAFRUD__ligand3180-0
676,JAFRUD__ligand777-0
677,JAFRUD__ligand32-0
678,JAFRUD__ligand366-0
679,JAFRUD__ligand5415-0
680,JAFRUD__ligand20251-1
681,JAFRUD__ligand16475-0
682,JAFRUD__ligand14703-0
683,JAFRUD__ligand187-0
684,JAFRUD__ligand3471-0
685,JAFRUD__ligand4161-0
686,JAFRUD__ligand4124-0
687,JAFRUD__ligand657-0
688,JAFRUD__ligand14117-0
689,JAFRUD__ligand17261-0
690,JAFRUD__ligand1113-0
691,JAFRUD__ligand845-0
692,JAFRUD__ligand16-0
693,JAFRUD__ligand8553-0
694,JAFRUD__ligand30702-0
695,JAFRUD__ligand20214-0
696,JAFRUD__ligand20251-0
697,JAFRUD__ligand20539-0
698,JAFRUD__ligand21581-0
699,JAFRUD__ligand31097-0
700,JAFRUD__ligand5201-0
701,JAFRUD__ligand2001-0
702,JAFRUD__ligand29568-0
703,JAFRUD__ligand7566-0
704,JAFRUD__ligand14889-0
705,JAFRUD__ligand30851-0
706,JAFRUD__ligand163-0
707,JAFRUD__ligand126-0
708,JAFRUD__ligand21371-0
709,JAFRUD__ligand17118-0
710,JAFRUD__ligand20419-0
711,JAFRUD__ligand9944-0
712,JAFRUD__ligand28789-0
713,JAFRUD__ligand8593-0
714,JAFRUD__ligand27893-0
715,JAFRUD__ligand14723-0
716,JAFRUD__ligand19641-0
717,JAFRUD__ligand1849-0
718,JAFRUD__ligand12934-0
719,JAFRUD__ligand20578-0
720,JAFRUD__ligand15422-0
721,JAFRUD__ligand1152-0
722,JAFRUD__ligand3261-0
723,JAFRUD__ligand27175-0
724,JAFRUD__ligand57-0
725,JAFRUD__ligand5019-0
726,JAFRUD__ligand18832-0
727,JAFRUD__ligand23713-0
728,JAFRUD__ligand1216-0
729,JAFRUD__ligand30988-0
730,JAFRUD__ligand17258-0
731,JAFRUD__ligand14603-0
732,JAFRUD__ligand14297-0
733,JAFRUD__ligand26665-0
734,JAFRUD__ligand757-0
735,JAFRUD__ligand17631-0
736,JAFRUD__ligand13012-0
737,JAFRUD__ligand5280-0
738,JAFRUD__ligand5614-0
739,JAFRUD__ligand1831-0
740,JAFRUD__ligand122-0
741,JAFRUD__ligand5515-0
742,JAFRUD__ligand6663-0
743,JAFRUD__ligand31783-0
744,JAFRUD__ligand17281-0
745,JAFRUD__ligand1908-0
746,JAFRUD__ligand30296-0
747,JAFRUD__ligand12337-0
748,JAFRUD__ligand29410-0
749,JAFRUD__ligand4795-0
750,JAFRUD__ligand3285-0
751,JAFRUD__ligand26540-0
752,JAFRUD__ligand693-0
753,JAFRUD__ligand30333-0
754,JAFRUD__ligand1786-0
755,JAFRUD__ligand5630-0
756,JAFRUD__ligand12606-0
757,JAFRUD__ligand1397-0
758,JAFRUD__ligand7213-0
759,JAFRUD__ligand1828-0
760,JAFRUD__ligand6112-0
761,JAFRUD__ligand8042-0
762,JAFRUD__ligand27460-0
763,JAFRUD__ligand28468-0
764,JAFRUD__ligand20740-0
765,JAFRUD__ligand3144-0
766,JAFRUD__ligand12427-0
767,JAFRUD__ligand5085-0
768,JAFRUD__ligand16628-0
769,JAFRUD__ligand4710-0
770,JAFRUD__ligand5755-0
771,JAFRUD__ligand9491-0
772,JAFRUD__ligand1400-0
773,JAFRUD__ligand4266-0
774,JAFRUD__ligand27763-0
775,JAFRUD__ligand4167-0
776,JAFRUD__ligand28676-0
777,JAFRUD__ligand10262-0
778,JAFRUD__ligand34-0
779,JAFRUD__ligand18814-0
780,JAFRUD__ligand1288-0
781,JAFRUD__ligand19057-0
782,JAFRUD__ligand29302-0
783,JAFRUD__ligand13425-0
784,JAFRUD__ligand14108-0
785,JAFRUD__ligand7075-0
786,JAFRUD__ligand1149-0
787,JAFRUD__ligand3980-0
788,JAFRUD__ligand3557-0
789,JAFRUD__ligand12641-0
790,JAFRUD__ligand6993-0
791,JAFRUD__ligand1817-0
792,JAFRUD__ligand1779-0
793,JAFRUD__ligand141-0
794,JAFRUD__ligand9750-0
795,JAFRUD__ligand240-0
796,JAFRUD__ligand10958-0
797,JAFRUD__ligand68-0
798,JAFRUD__ligand23769-0
799,JAFRUD__ligand4063-0
800,JAFRUD__ligand24185-0
801,JAFRUD__ligand7438-0
802,JAFRUD__ligand8200-0
803,JAFRUD__ligand384-0
804,JAFRUD__ligand25178-0
805,JAFRUD__ligand17302-0
806,JAFRUD__ligand3042-0
807,JAFRUD__ligand17805-0
808,JAFRUD__ligand3453-0
809,JAFRUD__ligand3416-0
810,JAFRUD__ligand17387-0
811,JAFRUD__ligand12130-0
812,JAFRUD__ligand18292-0
813,JAFRUD__ligand12289-0
814,JAFRUD__ligand26702-0
815,JAFRUD__ligand13658-0
816,JAFRUD__ligand4207-0
817,JAFRUD__ligand12231-0
818,JAFRUD__ligand1539-0
819,JAFRUD__ligand24145-0
820,JAFRUD__ligand12401-0
821,JAFRUD__ligand15585-0
822,JAFRUD__ligand55-0
823,JAFRUD__ligand13068-0
824,JAFRUD__ligand19830-0
825,JAFRUD__ligand1150-0
826,JAFRUD__ligand768-0
827,JAFRUD__ligand10476-0
