,TMC
0,KOQBUN__ligand4016-0
1,KOQBUN__ligand447-0
2,KOQBUN__ligand12365-0
3,KOQBUN__ligand10056-0
4,KOQBUN__ligand7867-0
5,KOQBUN__ligand746-0
6,KOQBUN__ligand11357-0
7,KOQBUN__ligand13862-0
8,KOQBUN__ligand28743-0
9,KOQBUN__ligand6709-0
10,KOQBUN__ligand15531-0
11,KOQBUN__ligand1219-0
12,KOQBUN__ligand22168-0
13,KOQBUN__ligand28930-0
14,KOQBUN__ligand1790-0
15,KOQBUN__ligand22294-0
16,KOQBUN__ligand1304-0
17,KOQBUN__ligand176-0
18,KOQBUN__ligand7280-0
19,KOQBUN__ligand7238-0
20,KOQBUN__ligand21919-0
21,KOQBUN__ligand9784-0
22,KOQBUN__ligand11970-0
23,KOQBUN__ligand1451-0
24,KOQBUN__ligand4272-0
25,KOQBUN__ligand15883-0
26,KOQBUN__ligand7629-0
27,KOQBUN__ligand28810-0
28,KOQBUN__ligand11096-0
29,KOQBUN__ligand11447-0
30,KOQBUN__ligand24230-0
31,KOQBUN__ligand487-0
32,KOQBUN__ligand4093-0
33,KOQBUN__ligand4442-0
34,KOQBUN__ligand3954-0
35,KOQBUN__ligand15926-0
36,KOQBUN__ligand9520-0
37,KOQBUN__ligand19792-0
38,KOQBUN__ligand8699-0
39,KOQBUN__ligand10828-0
40,KOQBUN__ligand1160-0
41,KOQBUN__ligand9833-0
42,KOQBUN__ligand8876-0
43,KOQBUN__ligand11682-0
44,KOQBUN__ligand2828-0
45,KOQBUN__ligand7648-0
46,KOQBUN__ligand5256-0
47,KOQBUN__ligand30711-0
48,KOQBUN__ligand20207-0
49,KOQBUN__ligand506-0
50,KOQBUN__ligand4157-0
51,KOQBUN__ligand16988-0
52,KOQBUN__ligand2232-0
53,KOQBUN__ligand25913-0
54,KOQBUN__ligand2176-0
55,KOQBUN__ligand9291-0
56,KOQBUN__ligand8115-0
57,KOQBUN__ligand16663-0
58,KOQBUN__ligand6768-0
59,KOQBUN__ligand1982-0
60,KOQBUN__ligand7000-0
61,KOQBUN__ligand14614-0
62,KOQBUN__ligand1285-0
63,KOQBUN__ligand24035-0
64,KOQBUN__ligand4503-0
65,KOQBUN__ligand4546-0
66,KOQBUN__ligand152-0
67,KOQBUN__ligand31044-0
68,KOQBUN__ligand31842-0
69,KOQBUN__ligand11994-0
70,KOQBUN__ligand3565-0
71,KOQBUN__ligand1512-0
72,KOQBUN__ligand5331-0
73,KOQBUN__ligand10371-0
74,KOQBUN__ligand45-0
75,KOQBUN__ligand13672-0
76,KOQBUN__ligand6919-0
77,KOQBUN__ligand3852-0
78,KOQBUN__ligand115-0
79,KOQBUN__ligand2485-0
80,KOQBUN__ligand18568-0
81,KOQBUN__ligand28685-0
82,KOQBUN__ligand19184-0
83,KOQBUN__ligand4155-0
84,KOQBUN__ligand3094-0
85,KOQBUN__ligand5211-0
86,KOQBUN__ligand78-0
87,KOQBUN__ligand6839-0
88,KOQBUN__ligand8969-0
89,KOQBUN__ligand833-0
90,KOQBUN__ligand3937-0
91,KOQBUN__ligand1202-0
92,KOQBUN__ligand3174-0
93,KOQBUN__ligand3131-0
94,KOQBUN__ligand12453-0
95,KOQBUN__ligand18448-0
96,KOQBUN__ligand4720-0
97,KOQBUN__ligand28459-0
98,KOQBUN__ligand7106-0
99,KOQBUN__ligand19-0
100,KOQBUN__ligand7242-0
101,KOQBUN__ligand8-0
102,KOQBUN__ligand784-0
103,KOQBUN__ligand14167-0
104,KOQBUN__ligand13477-0
105,KOQBUN__ligand9908-0
106,KOQBUN__ligand30142-0
107,KOQBUN__ligand1263-0
108,KOQBUN__ligand27669-0
109,KOQBUN__ligand9935-0
110,KOQBUN__ligand1536-0
111,KOQBUN__ligand27285-0
112,KOQBUN__ligand1573-0
113,KOQBUN__ligand29029-0
114,KOQBUN__ligand395-0
115,KOQBUN__ligand368-0
116,KOQBUN__ligand1959-0
117,KOQBUN__ligand3504-0
118,KOQBUN__ligand4661-0
119,KOQBUN__ligand1844-0
120,KOQBUN__ligand23197-0
121,KOQBUN__ligand3035-0
122,KOQBUN__ligand1343-0
123,KOQBUN__ligand3876-0
124,KOQBUN__ligand6616-0
125,KOQBUN__ligand24-0
126,KOQBUN__ligand3718-0
127,KOQBUN__ligand2917-0
128,KOQBUN__ligand813-0
129,KOQBUN__ligand7819-0
130,KOQBUN__ligand314-0
131,KOQBUN__ligand780-0
132,KOQBUN__ligand26529-0
133,KOQBUN__ligand11618-0
134,KOQBUN__ligand3465-0
135,KOQBUN__ligand6596-0
136,KOQBUN__ligand6904-0
137,KOQBUN__ligand3721-0
138,KOQBUN__ligand6102-0
139,KOQBUN__ligand19927-0
140,KOQBUN__ligand618-0
141,KOQBUN__ligand4620-0
142,KOQBUN__ligand28559-0
143,KOQBUN__ligand26324-0
144,KOQBUN__ligand14043-0
145,KOQBUN__ligand21729-0
146,KOQBUN__ligand27239-0
147,KOQBUN__ligand6067-0
148,KOQBUN__ligand1577-0
149,KOQBUN__ligand2295-0
150,KOQBUN__ligand391-0
151,KOQBUN__ligand29215-0
152,KOQBUN__ligand4641-0
153,KOQBUN__ligand26631-0
154,KOQBUN__ligand16148-0
155,KOQBUN__ligand12003-0
156,KOQBUN__ligand465-0
157,KOQBUN__ligand21399-0
158,KOQBUN__ligand10872-0
159,KOQBUN__ligand3234-0
160,KOQBUN__ligand22403-0
161,KOQBUN__ligand1142-0
162,KOQBUN__ligand7126-0
163,KOQBUN__ligand20695-0
164,KOQBUN__ligand27754-0
165,KOQBUN__ligand314-1
166,KOQBUN__ligand8835-0
167,KOQBUN__ligand2028-0
168,KOQBUN__ligand16369-0
169,KOQBUN__ligand28540-0
170,KOQBUN__ligand11111-0
171,KOQBUN__ligand14569-0
172,KOQBUN__ligand9601-0
173,KOQBUN__ligand13385-0
174,KOQBUN__ligand24111-0
175,KOQBUN__ligand22444-0
176,KOQBUN__ligand8992-0
177,KOQBUN__ligand1018-0
178,KOQBUN__ligand13220-0
179,KOQBUN__ligand11587-0
180,KOQBUN__ligand196-0
181,KOQBUN__ligand4116-0
182,KOQBUN__ligand17396-0
183,KOQBUN__ligand7967-0
184,KOQBUN__ligand23175-0
185,KOQBUN__ligand15788-0
186,KOQBUN__ligand3707-0
187,KOQBUN__ligand6124-0
188,KOQBUN__ligand27840-0
189,KOQBUN__ligand1324-0
190,KOQBUN__ligand8721-0
191,KOQBUN__ligand43-0
192,KOQBUN__ligand30728-0
193,KOQBUN__ligand1823-0
194,KOQBUN__ligand686-0
195,KOQBUN__ligand24872-0
196,KOQBUN__ligand5643-0
197,KOQBUN__ligand10033-0
198,KOQBUN__ligand1615-0
199,KOQBUN__ligand24644-0
200,KOQBUN__ligand422-0
201,KOQBUN__ligand5036-0
202,KOQBUN__ligand2526-0
203,KOQBUN__ligand12001-0
204,KOQBUN__ligand9111-0
205,KOQBUN__ligand9952-0
206,KOQBUN__ligand9441-0
207,KOQBUN__ligand11949-0
208,KOQBUN__ligand2332-0
209,KOQBUN__ligand67-0
210,KOQBUN__ligand22129-0
211,KOQBUN__ligand12138-0
212,KOQBUN__ligand24780-0
213,KOQBUN__ligand1530-0
214,KOQBUN__ligand25561-0
215,KOQBUN__ligand1575-0
216,KOQBUN__ligand393-0
217,KOQBUN__ligand9933-0
218,KOQBUN__ligand1631-0
219,KOQBUN__ligand31694-0
220,KOQBUN__ligand353-0
221,KOQBUN__ligand29486-0
222,KOQBUN__ligand2915-0
223,KOQBUN__ligand3156-0
224,KOQBUN__ligand1378-0
225,KOQBUN__ligand6244-0
226,KOQBUN__ligand17427-0
227,KOQBUN__ligand3973-0
228,KOQBUN__ligand370-0
229,KOQBUN__ligand1147-0
230,KOQBUN__ligand10151-0
231,KOQBUN__ligand7925-0
232,KOQBUN__ligand2068-0
233,KOQBUN__ligand19668-0
234,KOQBUN__ligand4194-0
235,KOQBUN__ligand19906-0
236,KOQBUN__ligand7532-0
237,KOQBUN__ligand250-0
238,KOQBUN__ligand22353-0
239,KOQBUN__ligand4330-0
240,KOQBUN__ligand2599-0
241,KOQBUN__ligand24851-0
242,KOQBUN__ligand188-0
243,KOQBUN__ligand20530-0
244,KOQBUN__ligand6283-0
245,KOQBUN__ligand11698-0
246,KOQBUN__ligand13657-0
247,KOQBUN__ligand14347-0
248,KOQBUN__ligand14302-0
249,KOQBUN__ligand6062-0
250,KOQBUN__ligand27610-0
251,KOQBUN__ligand10479-0
252,KOQBUN__ligand11479-0
253,KOQBUN__ligand29441-0
254,KOQBUN__ligand10853-0
255,KOQBUN__ligand4738-0
256,KOQBUN__ligand4813-0
257,KOQBUN__ligand5813-0
258,KOQBUN__ligand785-0
259,KOQBUN__ligand311-0
260,KOQBUN__ligand3215-0
261,KOQBUN__ligand479-0
262,KOQBUN__ligand29813-0
263,KOQBUN__ligand16952-0
264,KOQBUN__ligand370-1
265,KOQBUN__ligand7107-0
266,KOQBUN__ligand620-0
267,KOQBUN__ligand18-0
268,KOQBUN__ligand20220-0
269,KOQBUN__ligand15387-0
270,KOQBUN__ligand564-0
271,KOQBUN__ligand20121-0
272,KOQBUN__ligand9148-0
273,KOQBUN__ligand17686-0
274,KOQBUN__ligand25658-0
275,KOQBUN__ligand31205-0
276,KOQBUN__ligand11177-0
277,KOQBUN__ligand7529-0
278,KOQBUN__ligand6946-0
279,KOQBUN__ligand1415-0
280,KOQBUN__ligand15455-0
281,KOQBUN__ligand909-0
282,KOQBUN__ligand16870-0
283,KOQBUN__ligand2830-0
284,KOQBUN__ligand177-0
285,KOQBUN__ligand11622-0
286,KOQBUN__ligand1729-0
287,KOQBUN__ligand5627-0
288,KOQBUN__ligand5483-0
289,KOQBUN__ligand11814-0
290,KOQBUN__ligand5316-0
291,KOQBUN__ligand16603-0
292,KOQBUN__ligand1065-0
293,KOQBUN__ligand7530-0
294,KOQBUN__ligand252-0
295,KOQBUN__ligand11606-0
296,KOQBUN__ligand3012-0
297,KOQBUN__ligand31000-0
298,KOQBUN__ligand116-0
299,KOQBUN__ligand1449-0
300,KOQBUN__ligand4332-0
301,KOQBUN__ligand26673-0
302,KOQBUN__ligand9681-0
303,KOQBUN__ligand20821-0
304,KOQBUN__ligand372-0
305,KOQBUN__ligand6455-0
306,KOQBUN__ligand6882-0
307,KOQBUN__ligand830-0
308,KOQBUN__ligand19824-0
309,KOQBUN__ligand18067-0
310,KOQBUN__ligand3934-0
311,KOQBUN__ligand11252-0
312,KOQBUN__ligand10582-0
313,KOQBUN__ligand13260-0
314,KOQBUN__ligand193-0
315,KOQBUN__ligand2403-0
316,KOQBUN__ligand2527-0
317,KOQBUN__ligand30004-0
318,KOQBUN__ligand20557-0
319,KOQBUN__ligand42-0
320,KOQBUN__ligand8349-0
321,KOQBUN__ligand8464-0
322,KOQBUN__ligand1709-0
323,KOQBUN__ligand25048-0
324,KOQBUN__ligand21940-0
325,KOQBUN__ligand197-0
326,KOQBUN__ligand4911-0
327,KOQBUN__ligand1771-0
328,KOQBUN__ligand3392-0
329,KOQBUN__ligand27122-0
330,KOQBUN__ligand20432-0
331,KOQBUN__ligand13755-0
332,KOQBUN__ligand16133-0
333,KOQBUN__ligand24953-0
334,KOQBUN__ligand23445-0
335,KOQBUN__ligand5849-0
336,KOQBUN__ligand14339-0
337,KOQBUN__ligand2722-0
338,KOQBUN__ligand1379-0
339,KOQBUN__ligand5935-0
340,KOQBUN__ligand30788-0
341,KOQBUN__ligand13691-0
342,KOQBUN__ligand9525-0
343,KOQBUN__ligand783-0
344,KOQBUN__ligand21752-0
345,KOQBUN__ligand352-0
346,KOQBUN__ligand1165-0
347,KOQBUN__ligand3157-0
348,KOQBUN__ligand18757-0
349,KOQBUN__ligand3647-0
350,KOQBUN__ligand5357-0
351,KOQBUN__ligand24560-0
352,KOQBUN__ligand868-0
353,KOQBUN__ligand1688-0
354,KOQBUN__ligand4850-0
355,KOQBUN__ligand18413-0
356,KOQBUN__ligand20844-0
357,KOQBUN__ligand24624-0
358,KOQBUN__ligand5056-0
359,KOQBUN__ligand1768-0
360,KOQBUN__ligand66-0
361,KOQBUN__ligand1469-0
362,KOQBUN__ligand3871-0
363,KOQBUN__ligand27550-0
364,KOQBUN__ligand1533-0
365,KOQBUN__ligand134-0
366,KOQBUN__ligand18019-1
367,KOQBUN__ligand1496-0
368,KOQBUN__ligand235-0
369,KOQBUN__ligand7557-0
370,KOQBUN__ligand14007-0
371,KOQBUN__ligand29565-0
372,KOQBUN__ligand23682-0
373,KOQBUN__ligand560-0
374,KOQBUN__ligand1712-0
375,KOQBUN__ligand4131-0
376,KOQBUN__ligand18158-0
377,KOQBUN__ligand27771-0
378,KOQBUN__ligand5892-0
379,KOQBUN__ligand5094-0
380,KOQBUN__ligand20942-1
381,KOQBUN__ligand14226-0
382,KOQBUN__ligand21339-0
383,KOQBUN__ligand16956-0
384,KOQBUN__ligand38-0
385,KOQBUN__ligand7162-0
386,KOQBUN__ligand294-0
387,KOQBUN__ligand17069-0
388,KOQBUN__ligand3029-0
389,KOQBUN__ligand14477-0
390,KOQBUN__ligand4581-0
391,KOQBUN__ligand1773-0
392,KOQBUN__ligand17445-0
393,KOQBUN__ligand2328-0
394,KOQBUN__ligand12413-0
395,KOQBUN__ligand9197-0
396,KOQBUN__ligand29334-0
397,KOQBUN__ligand1900-0
398,KOQBUN__ligand20731-0
399,KOQBUN__ligand11798-0
400,KOQBUN__ligand21448-0
401,KOQBUN__ligand22357-0
402,KOQBUN__ligand11758-0
403,KOQBUN__ligand421-0
404,KOQBUN__ligand2208-0
405,KOQBUN__ligand3208-0
406,KOQBUN__ligand29214-0
407,KOQBUN__ligand3350-0
408,KOQBUN__ligand2781-0
409,KOQBUN__ligand685-0
410,KOQBUN__ligand7573-0
411,KOQBUN__ligand11501-0
412,KOQBUN__ligand8722-0
413,KOQBUN__ligand11544-0
414,KOQBUN__ligand1327-0
415,KOQBUN__ligand9809-0
416,KOQBUN__ligand6672-0
417,KOQBUN__ligand25267-0
418,KOQBUN__ligand5415-0
419,KOQBUN__ligand10084-0
420,KOQBUN__ligand300-0
421,KOQBUN__ligand12467-0
422,KOQBUN__ligand13257-0
423,KOQBUN__ligand4124-0
424,KOQBUN__ligand3471-0
425,KOQBUN__ligand4161-0
426,KOQBUN__ligand21936-0
427,KOQBUN__ligand588-0
428,KOQBUN__ligand23904-0
429,KOQBUN__ligand2823-0
430,KOQBUN__ligand27074-0
431,KOQBUN__ligand34-0
432,KOQBUN__ligand22981-0
433,KOQBUN__ligand25805-0
434,KOQBUN__ligand6995-0
435,KOQBUN__ligand20599-0
436,KOQBUN__ligand199-0
437,KOQBUN__ligand3180-0
438,KOQBUN__ligand27169-0
439,KOQBUN__ligand14523-0
440,KOQBUN__ligand2650-0
441,KOQBUN__ligand2281-0
442,KOQBUN__ligand18391-0
443,KOQBUN__ligand4340-0
444,KOQBUN__ligand1-0
445,KOQBUN__ligand16791-0
446,KOQBUN__ligand7566-0
447,KOQBUN__ligand55-0
448,KOQBUN__ligand2001-0
449,KOQBUN__ligand28668-0
450,KOQBUN__ligand9944-0
451,KOQBUN__ligand8593-0
452,KOQBUN__ligand18465-0
453,KOQBUN__ligand18799-0
454,KOQBUN__ligand8553-0
455,KOQBUN__ligand409-0
456,KOQBUN__ligand1113-0
457,KOQBUN__ligand324-0
458,KOQBUN__ligand361-0
459,KOQBUN__ligand29863-0
460,KOQBUN__ligand18074-0
461,KOQBUN__ligand13869-0
462,KOQBUN__ligand5201-0
463,KOQBUN__ligand68-0
464,KOQBUN__ligand29610-0
465,KOQBUN__ligand11140-0
466,KOQBUN__ligand9615-0
467,KOQBUN__ligand1154-0
468,KOQBUN__ligand326-0
469,KOQBUN__ligand1498-0
470,KOQBUN__ligand25735-0
471,KOQBUN__ligand12519-0
472,KOQBUN__ligand4596-0
473,KOQBUN__ligand11206-0
474,KOQBUN__ligand23124-0
475,KOQBUN__ligand12660-0
476,KOQBUN__ligand57-0
477,KOQBUN__ligand692-0
478,KOQBUN__ligand19257-0
479,KOQBUN__ligand13209-0
480,KOQBUN__ligand3-0
481,KOQBUN__ligand1169-0
482,KOQBUN__ligand31248-0
483,KOQBUN__ligand8529-0
484,KOQBUN__ligand436-0
485,KOQBUN__ligand25650-0
486,KOQBUN__ligand1050-0
487,KOQBUN__ligand1015-0
488,KOQBUN__ligand12295-0
489,KOQBUN__ligand2027-0
490,KOQBUN__ligand27835-0
491,KOQBUN__ligand21787-0
492,KOQBUN__ligand25575-0
493,KOQBUN__ligand25689-0
494,KOQBUN__ligand30539-0
495,KOQBUN__ligand1618-0
496,KOQBUN__ligand2692-0
497,KOQBUN__ligand497-0
498,KOQBUN__ligand4262-0
499,KOQBUN__ligand23906-0
500,KOQBUN__ligand633-0
501,KOQBUN__ligand21132-0
502,KOQBUN__ligand11166-0
503,KOQBUN__ligand1028-0
504,KOQBUN__ligand416-0
505,KOQBUN__ligand3557-0
506,KOQBUN__ligand3980-0
507,KOQBUN__ligand1149-0
508,KOQBUN__ligand29087-0
509,KOQBUN__ligand7075-0
510,KOQBUN__ligand383-0
511,KOQBUN__ligand18703-0
512,KOQBUN__ligand9750-0
513,KOQBUN__ligand28924-0
514,KOQBUN__ligand32-0
515,KOQBUN__ligand162-0
516,KOQBUN__ligand15438-0
517,KOQBUN__ligand1779-0
518,KOQBUN__ligand226-0
519,KOQBUN__ligand1817-0
520,KOQBUN__ligand6993-0
521,KOQBUN__ligand4167-0
522,KOQBUN__ligand24750-0
523,KOQBUN__ligand1400-0
524,KOQBUN__ligand4266-0
525,KOQBUN__ligand9491-0
526,KOQBUN__ligand17945-0
527,KOQBUN__ligand18013-0
528,KOQBUN__ligand25224-0
529,KOQBUN__ligand31578-0
530,KOQBUN__ligand1288-0
531,KOQBUN__ligand17207-0
532,KOQBUN__ligand4207-0
533,KOQBUN__ligand656-0
534,KOQBUN__ligand3416-0
535,KOQBUN__ligand3453-0
536,KOQBUN__ligand1150-0
537,KOQBUN__ligand29898-0
538,KOQBUN__ligand26277-0
539,KOQBUN__ligand22755-0
540,KOQBUN__ligand11432-0
541,KOQBUN__ligand31618-0
542,KOQBUN__ligand10432-0
543,KOQBUN__ligand1539-0
544,KOQBUN__ligand7438-0
545,KOQBUN__ligand8200-0
546,KOQBUN__ligand4063-0
547,KOQBUN__ligand15168-0
548,KOQBUN__ligand696-0
549,KOQBUN__ligand24064-0
550,KOQBUN__ligand3042-0
551,KOQBUN__ligand16-0
552,KOQBUN__ligand23589-0
553,KOQBUN__ligand430-0
554,KOQBUN__ligand24613-0
555,KOQBUN__ligand358-0
556,KOQBUN__ligand19725-0
557,KOQBUN__ligand488-0
558,KOQBUN__ligand10555-0
559,KOQBUN__ligand51-0
560,KOQBUN__ligand5515-0
561,KOQBUN__ligand31483-0
562,KOQBUN__ligand6663-0
563,KOQBUN__ligand694-0
564,KOQBUN__ligand5614-0
565,KOQBUN__ligand5280-0
566,KOQBUN__ligand1831-0
567,KOQBUN__ligand91-0
568,KOQBUN__ligand1849-0
569,KOQBUN__ligand11568-0
570,KOQBUN__ligand20579-0
571,KOQBUN__ligand17710-0
572,KOQBUN__ligand1216-0
573,KOQBUN__ligand21421-0
574,KOQBUN__ligand5019-0
575,KOQBUN__ligand14586-0
576,KOQBUN__ligand11774-0
577,KOQBUN__ligand3261-0
578,KOQBUN__ligand1152-0
579,KOQBUN__ligand8042-0
580,KOQBUN__ligand6112-0
581,KOQBUN__ligand670-0
582,KOQBUN__ligand48-0
583,KOQBUN__ligand18699-0
584,KOQBUN__ligand12682-0
585,KOQBUN__ligand1828-0
586,KOQBUN__ligand1397-0
587,KOQBUN__ligand571-0
588,KOQBUN__ligand534-0
589,KOQBUN__ligand7213-0
590,KOQBUN__ligand4710-0
591,KOQBUN__ligand5755-0
592,KOQBUN__ligand17240-0
593,KOQBUN__ligand3144-0
594,KOQBUN__ligand5085-0
595,KOQBUN__ligand17590-0
596,KOQBUN__ligand13072-0
597,KOQBUN__ligand4795-0
598,KOQBUN__ligand3285-0
599,KOQBUN__ligand1908-0
600,KOQBUN__ligand12336-0
601,KOQBUN__ligand5630-0
602,KOQBUN__ligand1786-0
603,KOQBUN__ligand1168-0
604,KOQBUN__ligand1294-0
605,KOQBUN__ligand3632-0
606,KOQBUN__ligand3677-0
607,KOQBUN__ligand26810-0
608,KOQBUN__ligand27482-0
609,KOQBUN__ligand13208-0
610,KOQBUN__ligand693-0
611,KOQBUN__ligand6699-0
612,KOQBUN__ligand1499-0
613,KOQBUN__ligand2881-0
614,KOQBUN__ligand20682-0
615,KOQBUN__ligand3712-0
616,KOQBUN__ligand1464-0
617,KOQBUN__ligand1211-0
618,KOQBUN__ligand13390-0
619,KOQBUN__ligand6892-0
620,KOQBUN__ligand3736-0
621,KOQBUN__ligand25411-0
622,KOQBUN__ligand8000-0
623,KOQBUN__ligand9344-0
624,KOQBUN__ligand14174-0
625,KOQBUN__ligand10712-0
626,KOQBUN__ligand2693-0
627,KOQBUN__ligand5383-0
628,KOQBUN__ligand11456-0
629,KOQBUN__ligand3945-0
630,KOQBUN__ligand757-0
631,KOQBUN__ligand14248-0
632,KOQBUN__ligand29879-0
633,KOQBUN__ligand9299-0
634,KOQBUN__ligand12030-0
635,KOQBUN__ligand2985-0
636,KOQBUN__ligand4007-0
637,KOQBUN__ligand28884-0
638,KOQBUN__ligand13331-0
639,KOQBUN__ligand3677-1
640,KOQBUN__ligand9883-0
641,KOQBUN__ligand13294-0
642,KOQBUN__ligand122-0
643,KOQBUN__ligand31832-0
644,KOQBUN__ligand7291-0
645,KOQBUN__ligand17982-0
646,KOQBUN__ligand29414-0
647,KOQBUN__ligand2238-0
648,KOQBUN__ligand20011-0
649,KOQBUN__ligand17278-0
650,KOQBUN__ligand9167-0
651,KOQBUN__ligand5304-0
652,KOQBUN__ligand384-0
653,KOQBUN__ligand2822-0
654,KOQBUN__ligand7293-0
655,KOQBUN__ligand17398-0
656,KOQBUN__ligand1317-0
657,KOQBUN__ligand3867-0
658,KOQBUN__ligand24047-0
659,KOQBUN__ligand22557-0
660,KOQBUN__ligand10589-0
661,KOQBUN__ligand20598-0
662,KOQBUN__ligand11675-0
663,KOQBUN__ligand16475-0
664,KOQBUN__ligand14703-0
665,KOQBUN__ligand5509-0
666,KOQBUN__ligand8002-0
667,KOQBUN__ligand6117-0
668,KOQBUN__ligand1407-0
669,KOQBUN__ligand7762-0
670,KOQBUN__ligand5080-0
671,KOQBUN__ligand768-0
672,KOQBUN__ligand20251-1
673,KOQBUN__ligand30702-0
674,KOQBUN__ligand20214-0
675,KOQBUN__ligand20251-0
676,KOQBUN__ligand69-0
677,KOQBUN__ligand20539-0
678,KOQBUN__ligand4101-0
679,KOQBUN__ligand5595-0
680,KOQBUN__ligand21581-0
681,KOQBUN__ligand31097-0
682,KOQBUN__ligand14117-0
683,KOQBUN__ligand17261-0
684,KOQBUN__ligand2221-0
685,KOQBUN__ligand4358-0
686,KOQBUN__ligand3120-0
687,KOQBUN__ligand3926-0
688,KOQBUN__ligand21371-0
689,KOQBUN__ligand1197-0
690,KOQBUN__ligand17118-0
691,KOQBUN__ligand20419-0
692,KOQBUN__ligand5099-0
693,KOQBUN__ligand8592-0
694,KOQBUN__ligand28789-0
695,KOQBUN__ligand1296-0
696,KOQBUN__ligand2259-0
697,KOQBUN__ligand29568-0
698,KOQBUN__ligand240-0
699,KOQBUN__ligand9773-0
700,KOQBUN__ligand11-0
701,KOQBUN__ligand14889-0
702,KOQBUN__ligand5510-0
703,KOQBUN__ligand141-0
704,KOQBUN__ligand30851-0
705,KOQBUN__ligand1376-0
706,KOQBUN__ligand8612-0
707,KOQBUN__ligand27175-0
708,KOQBUN__ligand18832-0
709,KOQBUN__ligand2124-0
710,KOQBUN__ligand23713-0
711,KOQBUN__ligand30988-0
712,KOQBUN__ligand1153-0
713,KOQBUN__ligand3225-0
714,KOQBUN__ligand1116-0
715,KOQBUN__ligand7092-0
716,KOQBUN__ligand2260-0
717,KOQBUN__ligand321-0
718,KOQBUN__ligand27893-0
719,KOQBUN__ligand185-0
720,KOQBUN__ligand7273-0
721,KOQBUN__ligand279-0
722,KOQBUN__ligand14723-0
723,KOQBUN__ligand9323-0
724,KOQBUN__ligand19641-0
725,KOQBUN__ligand7172-0
726,KOQBUN__ligand178-0
727,KOQBUN__ligand12934-0
728,KOQBUN__ligand20578-0
729,KOQBUN__ligand15422-0
730,KOQBUN__ligand5180-0
731,KOQBUN__ligand4-0
732,KOQBUN__ligand201-0
733,KOQBUN__ligand31783-0
734,KOQBUN__ligand7316-0
735,KOQBUN__ligand17258-0
736,KOQBUN__ligand14603-0
737,KOQBUN__ligand5708-0
738,KOQBUN__ligand14297-0
739,KOQBUN__ligand26665-0
740,KOQBUN__ligand6017-0
741,KOQBUN__ligand17631-0
742,KOQBUN__ligand13012-0
743,KOQBUN__ligand7196-0
744,KOQBUN__ligand89-0
745,KOQBUN__ligand30333-0
746,KOQBUN__ligand5159-0
747,KOQBUN__ligand5530-0
748,KOQBUN__ligand1787-0
749,KOQBUN__ligand1356-0
750,KOQBUN__ligand9753-0
751,KOQBUN__ligand12606-0
752,KOQBUN__ligand3178-0
753,KOQBUN__ligand17281-0
754,KOQBUN__ligand30296-0
755,KOQBUN__ligand12337-0
756,KOQBUN__ligand338-0
757,KOQBUN__ligand29410-0
758,KOQBUN__ligand26540-0
759,KOQBUN__ligand4807-0
760,KOQBUN__ligand20740-0
761,KOQBUN__ligand4711-0
762,KOQBUN__ligand28468-0
763,KOQBUN__ligand3244-0
764,KOQBUN__ligand12427-0
765,KOQBUN__ligand16628-0
766,KOQBUN__ligand2906-0
767,KOQBUN__ligand49-0
768,KOQBUN__ligand8793-0
769,KOQBUN__ligand5649-0
770,KOQBUN__ligand2788-0
771,KOQBUN__ligand4649-0
772,KOQBUN__ligand27460-0
773,KOQBUN__ligand18814-0
774,KOQBUN__ligand845-0
775,KOQBUN__ligand19057-0
776,KOQBUN__ligand13425-0
777,KOQBUN__ligand29302-0
778,KOQBUN__ligand1289-0
779,KOQBUN__ligand2203-0
780,KOQBUN__ligand5387-0
781,KOQBUN__ligand27763-0
782,KOQBUN__ligand28676-0
783,KOQBUN__ligand10262-0
784,KOQBUN__ligand12641-0
785,KOQBUN__ligand126-0
786,KOQBUN__ligand163-0
787,KOQBUN__ligand9450-0
788,KOQBUN__ligand10958-0
789,KOQBUN__ligand14108-0
790,KOQBUN__ligand1599-0
791,KOQBUN__ligand2612-0
792,KOQBUN__ligand8788-0
793,KOQBUN__ligand1832-0
794,KOQBUN__ligand17302-0
795,KOQBUN__ligand941-0
796,KOQBUN__ligand2043-0
797,KOQBUN__ligand596-0
798,KOQBUN__ligand17805-0
799,KOQBUN__ligand17-0
800,KOQBUN__ligand1228-0
801,KOQBUN__ligand9943-0
802,KOQBUN__ligand23769-0
803,KOQBUN__ligand777-0
804,KOQBUN__ligand24185-0
805,KOQBUN__ligand25178-0
806,KOQBUN__ligand1604-0
807,KOQBUN__ligand1114-0
808,KOQBUN__ligand366-0
809,KOQBUN__ligand24145-0
810,KOQBUN__ligand12401-0
811,KOQBUN__ligand15585-0
812,KOQBUN__ligand6391-0
813,KOQBUN__ligand3126-0
814,KOQBUN__ligand13068-0
815,KOQBUN__ligand19830-0
816,KOQBUN__ligand10476-0
817,KOQBUN__ligand9284-0
818,KOQBUN__ligand12130-0
819,KOQBUN__ligand17387-0
820,KOQBUN__ligand18292-0
821,KOQBUN__ligand12289-0
822,KOQBUN__ligand26702-0
823,KOQBUN__ligand657-0
824,KOQBUN__ligand13658-0
825,KOQBUN__ligand12231-0
826,KOQBUN__ligand187-0
827,KOQBUN__ligand2417-0
