,TMC
0,MEBXUN__ligand3838-0
1,MEBXUN__ligand1799-0
2,MEBXUN__ligand2838-0
3,MEBXUN__ligand932-0
4,MEBXUN__ligand134-0
5,MEBXUN__ligand2880-0
6,MEBXUN__ligand5941-0
7,MEBXUN__ligand235-0
8,MEBXUN__ligand390-0
9,MEBXUN__ligand5022-0
10,MEBXUN__ligand1169-0
11,MEBXUN__ligand560-0
12,MEBXUN__ligand525-0
13,MEBXUN__ligand109-0
14,MEBXUN__ligand331-0
15,MEBXUN__ligand2864-0
16,MEBXUN__ligand294-0
17,MEBXUN__ligand993-0
18,MEBXUN__ligand6538-0
19,MEBXUN__ligand9495-0
20,MEBXUN__ligand584-0
21,MEBXUN__ligand916-0
22,MEBXUN__ligand2772-0
23,MEBXUN__ligand6151-0
24,MEBXUN__ligand2142-0
25,MEBXUN__ligand798-0
26,MEBXUN__ligand421-0
27,MEBXUN__ligand112-0
28,MEBXUN__ligand8-0
29,MEBXUN__ligand1273-0
30,MEBXUN__ligand197-0
31,MEBXUN__ligand1052-0
32,MEBXUN__ligand296-0
33,MEBXUN__ligand352-0
34,MEBXUN__ligand783-0
35,MEBXUN__ligand67-0
36,MEBXUN__ligand1502-0
37,MEBXUN__ligand4983-0
38,MEBXUN__ligand1835-0
39,MEBXUN__ligand2794-0
40,MEBXUN__ligand2345-0
41,MEBXUN__ligand9027-0
42,MEBXUN__ligand136-0
43,MEBXUN__ligand868-0
44,MEBXUN__ligand6396-0
45,MEBXUN__ligand2265-0
46,MEBXUN__ligand1113-0
47,MEBXUN__ligand442-0
48,MEBXUN__ligand909-0
49,MEBXUN__ligand851-0
50,MEBXUN__ligand1607-0
51,MEBXUN__ligand1152-0
52,MEBXUN__ligand177-0
53,MEBXUN__ligand934-0
54,MEBXUN__ligand1727-0
55,MEBXUN__ligand2907-0
56,MEBXUN__ligand2430-0
57,MEBXUN__ligand1703-0
58,MEBXUN__ligand252-0
59,MEBXUN__ligand955-0
60,MEBXUN__ligand2862-0
61,MEBXUN__ligand193-0
62,MEBXUN__ligand1056-0
63,MEBXUN__ligand2320-0
64,MEBXUN__ligand2510-0
65,MEBXUN__ligand1567-0
66,MEBXUN__ligand2285-0
67,MEBXUN__ligand8921-0
68,MEBXUN__ligand830-0
69,MEBXUN__ligand1054-0
70,MEBXUN__ligand6294-0
71,MEBXUN__ligand1248-0
72,MEBXUN__ligand4303-0
73,MEBXUN__ligand370-0
74,MEBXUN__ligand1598-0
75,MEBXUN__ligand45-0
76,MEBXUN__ligand7464-0
77,MEBXUN__ligand78-0
78,MEBXUN__ligand460-0
79,MEBXUN__ligand85-0
80,MEBXUN__ligand250-0
81,MEBXUN__ligand444-0
82,MEBXUN__ligand369-0
83,MEBXUN__ligand188-0
84,MEBXUN__ligand8774-0
85,MEBXUN__ligand311-0
86,MEBXUN__ligand3637-0
87,MEBXUN__ligand502-0
88,MEBXUN__ligand196-0
89,MEBXUN__ligand422-0
90,MEBXUN__ligand4381-0
91,MEBXUN__ligand2629-0
92,MEBXUN__ligand3734-0
93,MEBXUN__ligand113-0
94,MEBXUN__ligand1706-0
95,MEBXUN__ligand11730-0
96,MEBXUN__ligand1687-0
97,MEBXUN__ligand1951-0
98,MEBXUN__ligand236-0
99,MEBXUN__ligand6277-0
100,MEBXUN__ligand1376-0
101,MEBXUN__ligand2768-0
102,MEBXUN__ligand2259-0
103,MEBXUN__ligand353-0
104,MEBXUN__ligand2688-0
105,MEBXUN__ligand66-0
106,MEBXUN__ligand1459-0
107,MEBXUN__ligand1544-0
108,MEBXUN__ligand481-0
109,MEBXUN__ligand314-0
110,MEBXUN__ligand21-0
111,MEBXUN__ligand391-0
112,MEBXUN__ligand1685-0
113,MEBXUN__ligand3757-0
114,MEBXUN__ligand170-0
115,MEBXUN__ligand2087-0
116,MEBXUN__ligand1048-0
117,MEBXUN__ligand1171-0
118,MEBXUN__ligand38-0
119,MEBXUN__ligand210-0
120,MEBXUN__ligand3063-0
121,MEBXUN__ligand1438-0
122,MEBXUN__ligand40-0
123,MEBXUN__ligand5801-0
124,MEBXUN__ligand115-0
125,MEBXUN__ligand3246-0
126,MEBXUN__ligand1148-0
127,MEBXUN__ligand291-0
128,MEBXUN__ligand1479-0
129,MEBXUN__ligand355-0
130,MEBXUN__ligand784-0
131,MEBXUN__ligand9244-0
132,MEBXUN__ligand485-0
133,MEBXUN__ligand1228-0
134,MEBXUN__ligand1538-0
135,MEBXUN__ligand1114-0
136,MEBXUN__ligand18-0
137,MEBXUN__ligand133-0
138,MEBXUN__ligand2751-0
139,MEBXUN__ligand447-0
140,MEBXUN__ligand487-0
141,MEBXUN__ligand1542-0
142,MEBXUN__ligand2634-0
143,MEBXUN__ligand62-0
144,MEBXUN__ligand522-0
145,MEBXUN__ligand3041-0
146,MEBXUN__ligand666-0
147,MEBXUN__ligand6332-0
148,MEBXUN__ligand3178-0
149,MEBXUN__ligand2863-0
150,MEBXUN__ligand2098-0
151,MEBXUN__ligand6502-0
152,MEBXUN__ligand1747-0
153,MEBXUN__ligand6686-0
154,MEBXUN__ligand682-0
155,MEBXUN__ligand7915-0
156,MEBXUN__ligand5548-0
157,MEBXUN__ligand86-0
158,MEBXUN__ligand3145-0
159,MEBXUN__ligand3478-0
160,MEBXUN__ligand3852-0
161,MEBXUN__ligand32-0
162,MEBXUN__ligand5758-0
163,MEBXUN__ligand1-0
164,MEBXUN__ligand7456-0
165,MEBXUN__ligand126-0
166,MEBXUN__ligand1818-0
167,MEBXUN__ligand3251-0
168,MEBXUN__ligand4619-0
169,MEBXUN__ligand6143-0
170,MEBXUN__ligand5235-0
171,MEBXUN__ligand596-0
172,MEBXUN__ligand2718-0
173,MEBXUN__ligand612-0
174,MEBXUN__ligand3035-0
175,MEBXUN__ligand3070-0
176,MEBXUN__ligand187-0
177,MEBXUN__ligand1493-0
178,MEBXUN__ligand366-0
179,MEBXUN__ligand9176-0
180,MEBXUN__ligand861-0
181,MEBXUN__ligand7550-0
182,MEBXUN__ligand279-0
183,MEBXUN__ligand178-0
184,MEBXUN__ligand51-0
185,MEBXUN__ligand321-0
186,MEBXUN__ligand29-0
187,MEBXUN__ligand1160-0
188,MEBXUN__ligand2253-0
189,MEBXUN__ligand5093-0
190,MEBXUN__ligand2954-0
191,MEBXUN__ligand91-0
192,MEBXUN__ligand100-0
193,MEBXUN__ligand2762-0
194,MEBXUN__ligand244-0
195,MEBXUN__ligand201-0
196,MEBXUN__ligand1038-0
197,MEBXUN__ligand4423-0
198,MEBXUN__ligand1907-0
199,MEBXUN__ligand48-0
200,MEBXUN__ligand3890-0
201,MEBXUN__ligand124-0
202,MEBXUN__ligand119-0
203,MEBXUN__ligand7630-0
204,MEBXUN__ligand1285-0
205,MEBXUN__ligand3-0
206,MEBXUN__ligand1555-0
207,MEBXUN__ligand2707-0
208,MEBXUN__ligand120-0
209,MEBXUN__ligand384-0
210,MEBXUN__ligand1690-0
211,MEBXUN__ligand1551-0
212,MEBXUN__ligand2526-0
213,MEBXUN__ligand34-0
214,MEBXUN__ligand15630-0
215,MEBXUN__ligand10357-0
216,MEBXUN__ligand55-0
217,MEBXUN__ligand3196-0
218,MEBXUN__ligand4012-0
219,MEBXUN__ligand240-0
220,MEBXUN__ligand141-0
221,MEBXUN__ligand2915-0
222,MEBXUN__ligand95-0
223,MEBXUN__ligand4175-0
224,MEBXUN__ligand2255-0
225,MEBXUN__ligand1918-0
226,MEBXUN__ligand57-0
227,MEBXUN__ligand73-0
228,MEBXUN__ligand797-0
229,MEBXUN__ligand4370-0
230,MEBXUN__ligand1436-0
231,MEBXUN__ligand2618-0
232,MEBXUN__ligand757-0
233,MEBXUN__ligand3618-0
234,MEBXUN__ligand669-0
235,MEBXUN__ligand358-0
236,MEBXUN__ligand430-0
237,MEBXUN__ligand4894-0
238,MEBXUN__ligand1260-0
239,MEBXUN__ligand9620-0
240,MEBXUN__ligand365-0
241,MEBXUN__ligand1449-1
242,MEBXUN__ligand4811-0
243,MEBXUN__ligand7514-0
244,MEBXUN__ligand278-0
245,MEBXUN__ligand3337-0
246,MEBXUN__ligand3566-0
247,MEBXUN__ligand1178-0
248,MEBXUN__ligand89-0
249,MEBXUN__ligand670-0
250,MEBXUN__ligand118-0
251,MEBXUN__ligand1321-0
252,MEBXUN__ligand571-0
253,MEBXUN__ligand509-0
254,MEBXUN__ligand1788-0
255,MEBXUN__ligand49-0
256,MEBXUN__ligand162-0
257,MEBXUN__ligand6166-0
258,MEBXUN__ligand226-0
259,MEBXUN__ligand1246-0
260,MEBXUN__ligand383-0
261,MEBXUN__ligand2599-0
262,MEBXUN__ligand5089-0
263,MEBXUN__ligand2853-0
264,MEBXUN__ligand3853-0
265,MEBXUN__ligand17-0
266,MEBXUN__ligand1307-0
267,MEBXUN__ligand92-0
268,MEBXUN__ligand553-0
269,MEBXUN__ligand2389-0
270,MEBXUN__ligand283-0
271,MEBXUN__ligand821-0
272,MEBXUN__ligand1919-0
273,MEBXUN__ligand326-0
274,MEBXUN__ligand436-0
275,MEBXUN__ligand3579-0
276,MEBXUN__ligand10114-0
277,MEBXUN__ligand2110-0
278,MEBXUN__ligand2916-0
279,MEBXUN__ligand142-0
280,MEBXUN__ligand1712-0
281,MEBXUN__ligand206-0
282,MEBXUN__ligand838-0
283,MEBXUN__ligand1858-0
284,MEBXUN__ligand8032-0
285,MEBXUN__ligand166-0
286,MEBXUN__ligand918-0
287,MEBXUN__ligand2480-0
288,MEBXUN__ligand3051-0
289,MEBXUN__ligand4504-0
290,MEBXUN__ligand1898-0
291,MEBXUN__ligand633-0
292,MEBXUN__ligand10479-0
293,MEBXUN__ligand2315-0
294,MEBXUN__ligand532-0
295,MEBXUN__ligand4-0
296,MEBXUN__ligand497-0
297,MEBXUN__ligand5334-0
298,MEBXUN__ligand575-0
299,MEBXUN__ligand6571-0
300,MEBXUN__ligand2482-0
301,MEBXUN__ligand14530-0
302,MEBXUN__ligand1325-0
303,MEBXUN__ligand6-0
304,MEBXUN__ligand1104-0
305,MEBXUN__ligand5762-0
306,MEBXUN__ligand7414-0
307,MEBXUN__ligand927-0
308,MEBXUN__ligand199-0
309,MEBXUN__ligand2442-0
310,MEBXUN__ligand1019-0
311,MEBXUN__ligand1264-0
312,MEBXUN__ligand1221-0
313,MEBXUN__ligand6430-0
314,MEBXUN__ligand10910-0
315,MEBXUN__ligand1299-0
316,MEBXUN__ligand105-0
317,MEBXUN__ligand140-0
318,MEBXUN__ligand1379-0
319,MEBXUN__ligand2376-0
320,MEBXUN__ligand11-0
321,MEBXUN__ligand361-0
322,MEBXUN__ligand324-0
323,MEBXUN__ligand409-0
324,MEBXUN__ligand2929-0
