,TMC
0,DELBIF__ligand12413-0
1,DELBIF__ligand9520-0
2,DELBIF__ligand29334-0
3,DELBIF__ligand1160-0
4,DELBIF__ligand20731-0
5,DELBIF__ligand8699-0
6,DELBIF__ligand11798-0
7,DELBIF__ligand3954-0
8,DELBIF__ligand4093-0
9,DELBIF__ligand4442-0
10,DELBIF__ligand4272-0
11,DELBIF__ligand1451-0
12,DELBIF__ligand368-0
13,DELBIF__ligand17069-0
14,DELBIF__ligand7629-0
15,DELBIF__ligand14477-0
16,DELBIF__ligand17445-0
17,DELBIF__ligand395-0
18,DELBIF__ligand9784-0
19,DELBIF__ligand29214-0
20,DELBIF__ligand7238-0
21,DELBIF__ligand11544-0
22,DELBIF__ligand11501-0
23,DELBIF__ligand784-0
24,DELBIF__ligand7280-0
25,DELBIF__ligand1304-0
26,DELBIF__ligand1790-0
27,DELBIF__ligand7867-0
28,DELBIF__ligand6709-0
29,DELBIF__ligand21448-0
30,DELBIF__ligand1219-0
31,DELBIF__ligand22357-0
32,DELBIF__ligand4016-0
33,DELBIF__ligand11758-0
34,DELBIF__ligand4546-0
35,DELBIF__ligand4503-0
36,DELBIF__ligand18019-1
37,DELBIF__ligand14007-0
38,DELBIF__ligand833-0
39,DELBIF__ligand27550-0
40,DELBIF__ligand1285-0
41,DELBIF__ligand6768-0
42,DELBIF__ligand8115-0
43,DELBIF__ligand7000-0
44,DELBIF__ligand1982-0
45,DELBIF__ligand2176-0
46,DELBIF__ligand20942-1
47,DELBIF__ligand16956-0
48,DELBIF__ligand9291-0
49,DELBIF__ligand14226-0
50,DELBIF__ligand21339-0
51,DELBIF__ligand2232-0
52,DELBIF__ligand115-0
53,DELBIF__ligand29565-0
54,DELBIF__ligand4157-0
55,DELBIF__ligand23682-0
56,DELBIF__ligand18158-0
57,DELBIF__ligand7648-0
58,DELBIF__ligand8876-0
59,DELBIF__ligand2828-0
60,DELBIF__ligand9833-0
61,DELBIF__ligand27771-0
62,DELBIF__ligand5256-0
63,DELBIF__ligand152-0
64,DELBIF__ligand4720-0
65,DELBIF__ligand21752-0
66,DELBIF__ligand6839-0
67,DELBIF__ligand3131-0
68,DELBIF__ligand3937-0
69,DELBIF__ligand1202-0
70,DELBIF__ligand3174-0
71,DELBIF__ligand8969-0
72,DELBIF__ligand14339-0
73,DELBIF__ligand5211-0
74,DELBIF__ligand4155-0
75,DELBIF__ligand3094-0
76,DELBIF__ligand30788-0
77,DELBIF__ligand13691-0
78,DELBIF__ligand6919-0
79,DELBIF__ligand2485-0
80,DELBIF__ligand3852-0
81,DELBIF__ligand5331-0
82,DELBIF__ligand18757-0
83,DELBIF__ligand24560-0
84,DELBIF__ligand1512-0
85,DELBIF__ligand506-0
86,DELBIF__ligand67-0
87,DELBIF__ligand20844-0
88,DELBIF__ligand18413-0
89,DELBIF__ligand3565-0
90,DELBIF__ligand24624-0
91,DELBIF__ligand20557-0
92,DELBIF__ligand30004-0
93,DELBIF__ligand6616-0
94,DELBIF__ligand3035-0
95,DELBIF__ligand1343-0
96,DELBIF__ligand3876-0
97,DELBIF__ligand3718-0
98,DELBIF__ligand4661-0
99,DELBIF__ligand1844-0
100,DELBIF__ligand487-0
101,DELBIF__ligand1959-0
102,DELBIF__ligand43-0
103,DELBIF__ligand3504-0
104,DELBIF__ligand9935-0
105,DELBIF__ligand1573-0
106,DELBIF__ligand1536-0
107,DELBIF__ligand9908-0
108,DELBIF__ligand1263-0
109,DELBIF__ligand27122-0
110,DELBIF__ligand20432-0
111,DELBIF__ligand16133-0
112,DELBIF__ligand13755-0
113,DELBIF__ligand23445-0
114,DELBIF__ligand24953-0
115,DELBIF__ligand176-0
116,DELBIF__ligand25048-0
117,DELBIF__ligand746-0
118,DELBIF__ligand21940-0
119,DELBIF__ligand7242-0
120,DELBIF__ligand447-0
121,DELBIF__ligand7106-0
122,DELBIF__ligand2295-0
123,DELBIF__ligand6067-0
124,DELBIF__ligand1577-0
125,DELBIF__ligand26673-0
126,DELBIF__ligand20821-0
127,DELBIF__ligand4620-0
128,DELBIF__ligand11606-0
129,DELBIF__ligand31000-0
130,DELBIF__ligand353-0
131,DELBIF__ligand11252-0
132,DELBIF__ligand6102-0
133,DELBIF__ligand6596-0
134,DELBIF__ligand6904-0
135,DELBIF__ligand3721-0
136,DELBIF__ligand10582-0
137,DELBIF__ligand393-0
138,DELBIF__ligand13260-0
139,DELBIF__ligand3465-0
140,DELBIF__ligand19824-0
141,DELBIF__ligand18067-0
142,DELBIF__ligand2917-0
143,DELBIF__ligand7819-0
144,DELBIF__ligand11177-0
145,DELBIF__ligand7126-0
146,DELBIF__ligand422-0
147,DELBIF__ligand8835-0
148,DELBIF__ligand2028-0
149,DELBIF__ligand15455-0
150,DELBIF__ligand686-0
151,DELBIF__ligand25658-0
152,DELBIF__ligand17686-0
153,DELBIF__ligand3234-0
154,DELBIF__ligand31205-0
155,DELBIF__ligand1142-0
156,DELBIF__ligand11814-0
157,DELBIF__ligand16603-0
158,DELBIF__ligand196-0
159,DELBIF__ligand16870-0
160,DELBIF__ligand11622-0
161,DELBIF__ligand4641-0
162,DELBIF__ligand9111-0
163,DELBIF__ligand9952-0
164,DELBIF__ligand27610-0
165,DELBIF__ligand10479-0
166,DELBIF__ligand11479-0
167,DELBIF__ligand29441-0
168,DELBIF__ligand10853-0
169,DELBIF__ligand5036-0
170,DELBIF__ligand314-1
171,DELBIF__ligand2526-0
172,DELBIF__ligand24-0
173,DELBIF__ligand1615-0
174,DELBIF__ligand5643-0
175,DELBIF__ligand24851-0
176,DELBIF__ligand1823-0
177,DELBIF__ligand20530-0
178,DELBIF__ligand1324-0
179,DELBIF__ligand11698-0
180,DELBIF__ligand14302-0
181,DELBIF__ligand13657-0
182,DELBIF__ligand14347-0
183,DELBIF__ligand8721-0
184,DELBIF__ligand465-0
185,DELBIF__ligand6124-0
186,DELBIF__ligand3707-0
187,DELBIF__ligand7967-0
188,DELBIF__ligand20220-0
189,DELBIF__ligand15387-0
190,DELBIF__ligand1018-0
191,DELBIF__ligand4116-0
192,DELBIF__ligand20121-0
193,DELBIF__ligand8992-0
194,DELBIF__ligand19-0
195,DELBIF__ligand16952-0
196,DELBIF__ligand9601-0
197,DELBIF__ligand29813-0
198,DELBIF__ligand6244-0
199,DELBIF__ligand10151-0
200,DELBIF__ligand391-0
201,DELBIF__ligand1378-0
202,DELBIF__ligand3156-0
203,DELBIF__ligand2915-0
204,DELBIF__ligand78-0
205,DELBIF__ligand618-0
206,DELBIF__ligand45-0
207,DELBIF__ligand22353-0
208,DELBIF__ligand1631-0
209,DELBIF__ligand4-0
210,DELBIF__ligand1575-0
211,DELBIF__ligand1530-0
212,DELBIF__ligand9933-0
213,DELBIF__ligand19668-0
214,DELBIF__ligand314-0
215,DELBIF__ligand780-0
216,DELBIF__ligand19906-0
217,DELBIF__ligand9441-0
218,DELBIF__ligand813-0
219,DELBIF__ligand2332-0
220,DELBIF__ligand25561-0
221,DELBIF__ligand4330-0
222,DELBIF__ligand2599-0
223,DELBIF__ligand193-0
224,DELBIF__ligand66-0
225,DELBIF__ligand830-0
226,DELBIF__ligand7532-0
227,DELBIF__ligand11949-0
228,DELBIF__ligand372-0
229,DELBIF__ligand22129-0
230,DELBIF__ligand12138-0
231,DELBIF__ligand24780-0
232,DELBIF__ligand4194-0
233,DELBIF__ligand7925-0
234,DELBIF__ligand2068-0
235,DELBIF__ligand17427-0
236,DELBIF__ligand116-0
237,DELBIF__ligand31694-0
238,DELBIF__ligand1147-0
239,DELBIF__ligand252-0
240,DELBIF__ligand29486-0
241,DELBIF__ligand3973-0
242,DELBIF__ligand11587-0
243,DELBIF__ligand13220-0
244,DELBIF__ligand17396-0
245,DELBIF__ligand23175-0
246,DELBIF__ligand7107-0
247,DELBIF__ligand15788-0
248,DELBIF__ligand14569-0
249,DELBIF__ligand13385-0
250,DELBIF__ligand24111-0
251,DELBIF__ligand3215-0
252,DELBIF__ligand22444-0
253,DELBIF__ligand177-0
254,DELBIF__ligand4738-0
255,DELBIF__ligand10033-0
256,DELBIF__ligand909-0
257,DELBIF__ligand5813-0
258,DELBIF__ligand42-0
259,DELBIF__ligand4813-0
260,DELBIF__ligand24644-0
261,DELBIF__ligand12001-0
262,DELBIF__ligand3-0
263,DELBIF__ligand6062-0
264,DELBIF__ligand27840-0
265,DELBIF__ligand6283-0
266,DELBIF__ligand30728-0
267,DELBIF__ligand24872-0
268,DELBIF__ligand5316-0
269,DELBIF__ligand26631-0
270,DELBIF__ligand16148-0
271,DELBIF__ligand1-0
272,DELBIF__ligand12003-0
273,DELBIF__ligand564-0
274,DELBIF__ligand5483-0
275,DELBIF__ligand370-1
276,DELBIF__ligand21399-0
277,DELBIF__ligand620-0
278,DELBIF__ligand10872-0
279,DELBIF__ligand1729-0
280,DELBIF__ligand29215-0
281,DELBIF__ligand5627-0
282,DELBIF__ligand785-0
283,DELBIF__ligand311-0
284,DELBIF__ligand2830-0
285,DELBIF__ligand479-0
286,DELBIF__ligand6946-0
287,DELBIF__ligand1415-0
288,DELBIF__ligand27754-0
289,DELBIF__ligand20695-0
290,DELBIF__ligand16369-0
291,DELBIF__ligand7529-0
292,DELBIF__ligand28540-0
293,DELBIF__ligand11111-0
294,DELBIF__ligand38-0
295,DELBIF__ligand22403-0
296,DELBIF__ligand9148-0
297,DELBIF__ligand188-0
298,DELBIF__ligand11618-0
299,DELBIF__ligand2403-0
300,DELBIF__ligand3934-0
301,DELBIF__ligand250-0
302,DELBIF__ligand6882-0
303,DELBIF__ligand6455-0
304,DELBIF__ligand26529-0
305,DELBIF__ligand21729-0
306,DELBIF__ligand9681-0
307,DELBIF__ligand27239-0
308,DELBIF__ligand4332-0
309,DELBIF__ligand19927-0
310,DELBIF__ligand3012-0
311,DELBIF__ligand1449-0
312,DELBIF__ligand370-0
313,DELBIF__ligand28559-0
314,DELBIF__ligand7530-0
315,DELBIF__ligand26324-0
316,DELBIF__ligand1065-0
317,DELBIF__ligand14043-0
318,DELBIF__ligand5849-0
319,DELBIF__ligand18-0
320,DELBIF__ligand14167-0
321,DELBIF__ligand13477-0
322,DELBIF__ligand30142-0
323,DELBIF__ligand685-0
324,DELBIF__ligand27669-0
325,DELBIF__ligand421-0
326,DELBIF__ligand3392-0
327,DELBIF__ligand1771-0
328,DELBIF__ligand4911-0
329,DELBIF__ligand8349-0
330,DELBIF__ligand23197-0
331,DELBIF__ligand1709-0
332,DELBIF__ligand8464-0
333,DELBIF__ligand27285-0
334,DELBIF__ligand29029-0
335,DELBIF__ligand294-0
336,DELBIF__ligand2527-0
337,DELBIF__ligand13672-0
338,DELBIF__ligand1469-0
339,DELBIF__ligand3871-0
340,DELBIF__ligand1768-0
341,DELBIF__ligand28685-0
342,DELBIF__ligand18568-0
343,DELBIF__ligand5056-0
344,DELBIF__ligand4850-0
345,DELBIF__ligand5357-0
346,DELBIF__ligand3647-0
347,DELBIF__ligand1688-0
348,DELBIF__ligand10371-0
349,DELBIF__ligand560-0
350,DELBIF__ligand235-0
351,DELBIF__ligand3157-0
352,DELBIF__ligand134-0
353,DELBIF__ligand18448-0
354,DELBIF__ligand12453-0
355,DELBIF__ligand9525-0
356,DELBIF__ligand1165-0
357,DELBIF__ligand28459-0
358,DELBIF__ligand19184-0
359,DELBIF__ligand5935-0
360,DELBIF__ligand2722-0
361,DELBIF__ligand1379-0
362,DELBIF__ligand16988-0
363,DELBIF__ligand25913-0
364,DELBIF__ligand5094-0
365,DELBIF__ligand5892-0
366,DELBIF__ligand11682-0
367,DELBIF__ligand30711-0
368,DELBIF__ligand20207-0
369,DELBIF__ligand4131-0
370,DELBIF__ligand1712-0
371,DELBIF__ligand868-0
372,DELBIF__ligand7557-0
373,DELBIF__ligand1496-0
374,DELBIF__ligand24035-0
375,DELBIF__ligand31842-0
376,DELBIF__ligand31044-0
377,DELBIF__ligand11994-0
378,DELBIF__ligand352-0
379,DELBIF__ligand783-0
380,DELBIF__ligand16663-0
381,DELBIF__ligand1533-0
382,DELBIF__ligand14614-0
383,DELBIF__ligand8722-0
384,DELBIF__ligand28930-0
385,DELBIF__ligand22168-0
386,DELBIF__ligand22294-0
387,DELBIF__ligand9809-0
388,DELBIF__ligand6672-0
389,DELBIF__ligand1327-0
390,DELBIF__ligand21919-0
391,DELBIF__ligand7573-0
392,DELBIF__ligand2781-0
393,DELBIF__ligand3350-0
394,DELBIF__ligand3208-0
395,DELBIF__ligand2208-0
396,DELBIF__ligand10056-0
397,DELBIF__ligand12365-0
398,DELBIF__ligand11357-0
399,DELBIF__ligand13862-0
400,DELBIF__ligand15531-0
401,DELBIF__ligand28743-0
402,DELBIF__ligand197-0
403,DELBIF__ligand28810-0
404,DELBIF__ligand11447-0
405,DELBIF__ligand11096-0
406,DELBIF__ligand24230-0
407,DELBIF__ligand15926-0
408,DELBIF__ligand9197-0
409,DELBIF__ligand19792-0
410,DELBIF__ligand1900-0
411,DELBIF__ligand10828-0
412,DELBIF__ligand1773-0
413,DELBIF__ligand4581-0
414,DELBIF__ligand2328-0
415,DELBIF__ligand11970-0
416,DELBIF__ligand7162-0
417,DELBIF__ligand15883-0
418,DELBIF__ligand3029-0
419,DELBIF__ligand23769-0
420,DELBIF__ligand24185-0
421,DELBIF__ligand4340-0
422,DELBIF__ligand2650-0
423,DELBIF__ligand2281-0
424,DELBIF__ligand25178-0
425,DELBIF__ligand633-0
426,DELBIF__ligand3180-0
427,DELBIF__ligand16-0
428,DELBIF__ligand6995-0
429,DELBIF__ligand497-0
430,DELBIF__ligand17302-0
431,DELBIF__ligand2823-0
432,DELBIF__ligand17805-0
433,DELBIF__ligand17387-0
434,DELBIF__ligand12130-0
435,DELBIF__ligand12289-0
436,DELBIF__ligand18292-0
437,DELBIF__ligand13658-0
438,DELBIF__ligand26702-0
439,DELBIF__ligand12231-0
440,DELBIF__ligand3471-0
441,DELBIF__ligand4161-0
442,DELBIF__ligand4124-0
443,DELBIF__ligand24145-0
444,DELBIF__ligand15585-0
445,DELBIF__ligand12401-0
446,DELBIF__ligand5415-0
447,DELBIF__ligand19830-0
448,DELBIF__ligand13068-0
449,DELBIF__ligand10476-0
450,DELBIF__ligand27763-0
451,DELBIF__ligand5201-0
452,DELBIF__ligand436-0
453,DELBIF__ligand10262-0
454,DELBIF__ligand28676-0
455,DELBIF__ligand692-0
456,DELBIF__ligand18814-0
457,DELBIF__ligand19057-0
458,DELBIF__ligand29302-0
459,DELBIF__ligand13425-0
460,DELBIF__ligand8553-0
461,DELBIF__ligand1113-0
462,DELBIF__ligand14108-0
463,DELBIF__ligand32-0
464,DELBIF__ligand8593-0
465,DELBIF__ligand9944-0
466,DELBIF__ligand326-0
467,DELBIF__ligand12641-0
468,DELBIF__ligand2001-0
469,DELBIF__ligand10958-0
470,DELBIF__ligand7566-0
471,DELBIF__ligand17281-0
472,DELBIF__ligand30296-0
473,DELBIF__ligand12337-0
474,DELBIF__ligand29410-0
475,DELBIF__ligand1169-0
476,DELBIF__ligand26540-0
477,DELBIF__ligand8529-0
478,DELBIF__ligand30333-0
479,DELBIF__ligand409-0
480,DELBIF__ligand324-0
481,DELBIF__ligand12606-0
482,DELBIF__ligand361-0
483,DELBIF__ligand1498-0
484,DELBIF__ligand27460-0
485,DELBIF__ligand4596-0
486,DELBIF__ligand28468-0
487,DELBIF__ligand20740-0
488,DELBIF__ligand1154-0
489,DELBIF__ligand12427-0
490,DELBIF__ligand48-0
491,DELBIF__ligand16628-0
492,DELBIF__ligand9615-0
493,DELBIF__ligand27893-0
494,DELBIF__ligand14723-0
495,DELBIF__ligand1028-0
496,DELBIF__ligand4262-0
497,DELBIF__ligand19641-0
498,DELBIF__ligand15422-0
499,DELBIF__ligand12934-0
500,DELBIF__ligand20578-0
501,DELBIF__ligand91-0
502,DELBIF__ligand18832-0
503,DELBIF__ligand27175-0
504,DELBIF__ligand199-0
505,DELBIF__ligand23713-0
506,DELBIF__ligand1618-0
507,DELBIF__ligand30988-0
508,DELBIF__ligand2692-0
509,DELBIF__ligand51-0
510,DELBIF__ligand17258-0
511,DELBIF__ligand588-0
512,DELBIF__ligand14297-0
513,DELBIF__ligand14603-0
514,DELBIF__ligand26665-0
515,DELBIF__ligand17631-0
516,DELBIF__ligand13012-0
517,DELBIF__ligand300-0
518,DELBIF__ligand2027-0
519,DELBIF__ligand1015-0
520,DELBIF__ligand31783-0
521,DELBIF__ligand1050-0
522,DELBIF__ligand1288-0
523,DELBIF__ligand14117-0
524,DELBIF__ligand17261-0
525,DELBIF__ligand68-0
526,DELBIF__ligand20251-0
527,DELBIF__ligand30702-0
528,DELBIF__ligand20214-0
529,DELBIF__ligand4266-0
530,DELBIF__ligand1400-0
531,DELBIF__ligand9491-0
532,DELBIF__ligand20539-0
533,DELBIF__ligand4167-0
534,DELBIF__ligand21581-0
535,DELBIF__ligand31097-0
536,DELBIF__ligand1779-0
537,DELBIF__ligand29568-0
538,DELBIF__ligand6993-0
539,DELBIF__ligand1817-0
540,DELBIF__ligand9750-0
541,DELBIF__ligand14889-0
542,DELBIF__ligand30851-0
543,DELBIF__ligand21371-0
544,DELBIF__ligand7075-0
545,DELBIF__ligand17118-0
546,DELBIF__ligand571-0
547,DELBIF__ligand534-0
548,DELBIF__ligand20419-0
549,DELBIF__ligand3980-0
550,DELBIF__ligand3557-0
551,DELBIF__ligand55-0
552,DELBIF__ligand28789-0
553,DELBIF__ligand670-0
554,DELBIF__ligand1149-0
555,DELBIF__ligand3042-0
556,DELBIF__ligand17398-0
557,DELBIF__ligand24047-0
558,DELBIF__ligand10589-0
559,DELBIF__ligand22557-0
560,DELBIF__ligand20598-0
561,DELBIF__ligand11675-0
562,DELBIF__ligand7438-0
563,DELBIF__ligand8200-0
564,DELBIF__ligand17982-0
565,DELBIF__ligand29414-0
566,DELBIF__ligand4063-0
567,DELBIF__ligand20011-0
568,DELBIF__ligand17278-0
569,DELBIF__ligand34-0
570,DELBIF__ligand1539-0
571,DELBIF__ligand694-0
572,DELBIF__ligand1150-0
573,DELBIF__ligand20251-1
574,DELBIF__ligand16475-0
575,DELBIF__ligand14703-0
576,DELBIF__ligand488-0
577,DELBIF__ligand3453-0
578,DELBIF__ligand3416-0
579,DELBIF__ligand430-0
580,DELBIF__ligand358-0
581,DELBIF__ligand4207-0
582,DELBIF__ligand14174-0
583,DELBIF__ligand10712-0
584,DELBIF__ligand5019-0
585,DELBIF__ligand1152-0
586,DELBIF__ligand3261-0
587,DELBIF__ligand11456-0
588,DELBIF__ligand696-0
589,DELBIF__ligand1216-0
590,DELBIF__ligand25411-0
591,DELBIF__ligand1849-0
592,DELBIF__ligand1831-0
593,DELBIF__ligand5280-0
594,DELBIF__ligand5614-0
595,DELBIF__ligand13294-0
596,DELBIF__ligand31832-0
597,DELBIF__ligand6663-0
598,DELBIF__ligand5515-0
599,DELBIF__ligand29879-0
600,DELBIF__ligand14248-0
601,DELBIF__ligand12030-0
602,DELBIF__ligand656-0
603,DELBIF__ligand28884-0
604,DELBIF__ligand13331-0
605,DELBIF__ligand26810-0
606,DELBIF__ligand1786-0
607,DELBIF__ligand27482-0
608,DELBIF__ligand13208-0
609,DELBIF__ligand5630-0
610,DELBIF__ligand1908-0
611,DELBIF__ligand57-0
612,DELBIF__ligand4795-0
613,DELBIF__ligand3285-0
614,DELBIF__ligand5085-0
615,DELBIF__ligand3144-0
616,DELBIF__ligand13390-0
617,DELBIF__ligand226-0
618,DELBIF__ligand5755-0
619,DELBIF__ligand4710-0
620,DELBIF__ligand162-0
621,DELBIF__ligand1828-0
622,DELBIF__ligand383-0
623,DELBIF__ligand7213-0
624,DELBIF__ligand1397-0
625,DELBIF__ligand416-0
626,DELBIF__ligand8042-0
627,DELBIF__ligand20682-0
628,DELBIF__ligand6112-0
629,DELBIF__ligand6892-0
630,DELBIF__ligand17240-0
631,DELBIF__ligand49-0
632,DELBIF__ligand141-0
633,DELBIF__ligand1211-0
634,DELBIF__ligand8-0
635,DELBIF__ligand17590-0
636,DELBIF__ligand240-0
637,DELBIF__ligand3712-0
638,DELBIF__ligand1464-0
639,DELBIF__ligand1499-0
640,DELBIF__ligand12682-0
641,DELBIF__ligand18699-0
642,DELBIF__ligand2881-0
643,DELBIF__ligand6699-0
644,DELBIF__ligand89-0
645,DELBIF__ligand13072-0
646,DELBIF__ligand3677-0
647,DELBIF__ligand3632-0
648,DELBIF__ligand12336-0
649,DELBIF__ligand1168-0
650,DELBIF__ligand1294-0
651,DELBIF__ligand10555-0
652,DELBIF__ligand31483-0
653,DELBIF__ligand7291-0
654,DELBIF__ligand3677-1
655,DELBIF__ligand9883-0
656,DELBIF__ligand768-0
657,DELBIF__ligand24613-0
658,DELBIF__ligand4007-0
659,DELBIF__ligand2985-0
660,DELBIF__ligand19725-0
661,DELBIF__ligand9299-0
662,DELBIF__ligand21421-0
663,DELBIF__ligand3945-0
664,DELBIF__ligand11774-0
665,DELBIF__ligand14586-0
666,DELBIF__ligand2693-0
667,DELBIF__ligand5383-0
668,DELBIF__ligand9344-0
669,DELBIF__ligand384-0
670,DELBIF__ligand3736-0
671,DELBIF__ligand11568-0
672,DELBIF__ligand8000-0
673,DELBIF__ligand20579-0
674,DELBIF__ligand17710-0
675,DELBIF__ligand26277-0
676,DELBIF__ligand29898-0
677,DELBIF__ligand122-0
678,DELBIF__ligand5080-0
679,DELBIF__ligand7762-0
680,DELBIF__ligand22755-0
681,DELBIF__ligand31618-0
682,DELBIF__ligand11432-0
683,DELBIF__ligand10432-0
684,DELBIF__ligand8002-0
685,DELBIF__ligand5509-0
686,DELBIF__ligand6117-0
687,DELBIF__ligand1407-0
688,DELBIF__ligand757-0
689,DELBIF__ligand24064-0
690,DELBIF__ligand3867-0
691,DELBIF__ligand1317-0
692,DELBIF__ligand7293-0
693,DELBIF__ligand2822-0
694,DELBIF__ligand23589-0
695,DELBIF__ligand9167-0
696,DELBIF__ligand5304-0
697,DELBIF__ligand2238-0
698,DELBIF__ligand17-0
699,DELBIF__ligand15168-0
700,DELBIF__ligand28924-0
701,DELBIF__ligand9773-0
702,DELBIF__ligand1376-0
703,DELBIF__ligand15438-0
704,DELBIF__ligand5510-0
705,DELBIF__ligand1296-0
706,DELBIF__ligand2259-0
707,DELBIF__ligand29087-0
708,DELBIF__ligand1197-0
709,DELBIF__ligand18703-0
710,DELBIF__ligand8592-0
711,DELBIF__ligand5099-0
712,DELBIF__ligand4358-0
713,DELBIF__ligand693-0
714,DELBIF__ligand17945-0
715,DELBIF__ligand25224-0
716,DELBIF__ligand18013-0
717,DELBIF__ligand3926-0
718,DELBIF__ligand3120-0
719,DELBIF__ligand31578-0
720,DELBIF__ligand17207-0
721,DELBIF__ligand2221-0
722,DELBIF__ligand5595-0
723,DELBIF__ligand4101-0
724,DELBIF__ligand24750-0
725,DELBIF__ligand21787-0
726,DELBIF__ligand6017-0
727,DELBIF__ligand25575-0
728,DELBIF__ligand25689-0
729,DELBIF__ligand187-0
730,DELBIF__ligand7316-0
731,DELBIF__ligand5708-0
732,DELBIF__ligand657-0
733,DELBIF__ligand12295-0
734,DELBIF__ligand366-0
735,DELBIF__ligand27835-0
736,DELBIF__ligand5180-0
737,DELBIF__ligand7172-0
738,DELBIF__ligand23906-0
739,DELBIF__ligand7273-0
740,DELBIF__ligand21132-0
741,DELBIF__ligand9323-0
742,DELBIF__ligand11166-0
743,DELBIF__ligand777-0
744,DELBIF__ligand30539-0
745,DELBIF__ligand941-0
746,DELBIF__ligand596-0
747,DELBIF__ligand2260-0
748,DELBIF__ligand7092-0
749,DELBIF__ligand1116-0
750,DELBIF__ligand1153-0
751,DELBIF__ligand3225-0
752,DELBIF__ligand8612-0
753,DELBIF__ligand2124-0
754,DELBIF__ligand4649-0
755,DELBIF__ligand5649-0
756,DELBIF__ligand2788-0
757,DELBIF__ligand8793-0
758,DELBIF__ligand12519-0
759,DELBIF__ligand25735-0
760,DELBIF__ligand11206-0
761,DELBIF__ligand23124-0
762,DELBIF__ligand2906-0
763,DELBIF__ligand3244-0
764,DELBIF__ligand4711-0
765,DELBIF__ligand126-0
766,DELBIF__ligand163-0
767,DELBIF__ligand31248-0
768,DELBIF__ligand4807-0
769,DELBIF__ligand25650-0
770,DELBIF__ligand3178-0
771,DELBIF__ligand1787-0
772,DELBIF__ligand1356-0
773,DELBIF__ligand5530-0
774,DELBIF__ligand12660-0
775,DELBIF__ligand9753-0
776,DELBIF__ligand13209-0
777,DELBIF__ligand19257-0
778,DELBIF__ligand7196-0
779,DELBIF__ligand5159-0
780,DELBIF__ligand845-0
781,DELBIF__ligand2612-0
782,DELBIF__ligand11-0
783,DELBIF__ligand18465-0
784,DELBIF__ligand18799-0
785,DELBIF__ligand1599-0
786,DELBIF__ligand9450-0
787,DELBIF__ligand16791-0
788,DELBIF__ligand28668-0
789,DELBIF__ligand338-0
790,DELBIF__ligand29610-0
791,DELBIF__ligand11140-0
792,DELBIF__ligand1289-0
793,DELBIF__ligand69-0
794,DELBIF__ligand5387-0
795,DELBIF__ligand2203-0
796,DELBIF__ligand29863-0
797,DELBIF__ligand18074-0
798,DELBIF__ligand13869-0
799,DELBIF__ligand13257-0
800,DELBIF__ligand2417-0
801,DELBIF__ligand21936-0
802,DELBIF__ligand23904-0
803,DELBIF__ligand25267-0
804,DELBIF__ligand6391-0
805,DELBIF__ligand3126-0
806,DELBIF__ligand9284-0
807,DELBIF__ligand10084-0
808,DELBIF__ligand201-0
809,DELBIF__ligand1114-0
810,DELBIF__ligand12467-0
811,DELBIF__ligand1604-0
812,DELBIF__ligand178-0
813,DELBIF__ligand27169-0
814,DELBIF__ligand185-0
815,DELBIF__ligand14523-0
816,DELBIF__ligand1228-0
817,DELBIF__ligand9943-0
818,DELBIF__ligand279-0
819,DELBIF__ligand18391-0
820,DELBIF__ligand27074-0
821,DELBIF__ligand2043-0
822,DELBIF__ligand321-0
823,DELBIF__ligand1832-0
824,DELBIF__ligand25805-0
825,DELBIF__ligand8788-0
826,DELBIF__ligand22981-0
827,DELBIF__ligand20599-0
