,TMC
0,WUSGEW__ligand1959-0
1,WUSGEW__ligand777-0
2,WUSGEW__ligand11622-0
3,WUSGEW__ligand3504-0
4,WUSGEW__ligand9935-0
5,WUSGEW__ligand16870-0
6,WUSGEW__ligand1536-0
7,WUSGEW__ligand1573-0
8,WUSGEW__ligand3035-0
9,WUSGEW__ligand1343-0
10,WUSGEW__ligand3876-0
11,WUSGEW__ligand16603-0
12,WUSGEW__ligand6616-0
13,WUSGEW__ligand3718-0
14,WUSGEW__ligand941-0
15,WUSGEW__ligand596-0
16,WUSGEW__ligand11814-0
17,WUSGEW__ligand4661-0
18,WUSGEW__ligand1844-0
19,WUSGEW__ligand31205-0
20,WUSGEW__ligand25658-0
21,WUSGEW__ligand17686-0
22,WUSGEW__ligand7242-0
23,WUSGEW__ligand657-0
24,WUSGEW__ligand7106-0
25,WUSGEW__ligand187-0
26,WUSGEW__ligand9908-0
27,WUSGEW__ligand1263-0
28,WUSGEW__ligand366-0
29,WUSGEW__ligand15455-0
30,WUSGEW__ligand11177-0
31,WUSGEW__ligand5211-0
32,WUSGEW__ligand18067-0
33,WUSGEW__ligand19824-0
34,WUSGEW__ligand4155-0
35,WUSGEW__ligand3094-0
36,WUSGEW__ligand13260-0
37,WUSGEW__ligand4720-0
38,WUSGEW__ligand845-0
39,WUSGEW__ligand10582-0
40,WUSGEW__ligand6839-0
41,WUSGEW__ligand3937-0
42,WUSGEW__ligand1202-0
43,WUSGEW__ligand3174-0
44,WUSGEW__ligand11252-0
45,WUSGEW__ligand3131-0
46,WUSGEW__ligand8969-0
47,WUSGEW__ligand5331-0
48,WUSGEW__ligand1512-0
49,WUSGEW__ligand31000-0
50,WUSGEW__ligand3565-0
51,WUSGEW__ligand11606-0
52,WUSGEW__ligand20821-0
53,WUSGEW__ligand126-0
54,WUSGEW__ligand163-0
55,WUSGEW__ligand26673-0
56,WUSGEW__ligand6919-0
57,WUSGEW__ligand57-0
58,WUSGEW__ligand2485-0
59,WUSGEW__ligand3852-0
60,WUSGEW__ligand1285-0
61,WUSGEW__ligand6768-0
62,WUSGEW__ligand19906-0
63,WUSGEW__ligand338-0
64,WUSGEW__ligand8115-0
65,WUSGEW__ligand7000-0
66,WUSGEW__ligand1982-0
67,WUSGEW__ligand19668-0
68,WUSGEW__ligand4503-0
69,WUSGEW__ligand4546-0
70,WUSGEW__ligand55-0
71,WUSGEW__ligand22353-0
72,WUSGEW__ligand4157-0
73,WUSGEW__ligand8876-0
74,WUSGEW__ligand2828-0
75,WUSGEW__ligand7648-0
76,WUSGEW__ligand9833-0
77,WUSGEW__ligand68-0
78,WUSGEW__ligand5256-0
79,WUSGEW__ligand2176-0
80,WUSGEW__ligand9291-0
81,WUSGEW__ligand10151-0
82,WUSGEW__ligand2232-0
83,WUSGEW__ligand1451-0
84,WUSGEW__ligand16952-0
85,WUSGEW__ligand4272-0
86,WUSGEW__ligand29813-0
87,WUSGEW__ligand185-0
88,WUSGEW__ligand7629-0
89,WUSGEW__ligand279-0
90,WUSGEW__ligand178-0
91,WUSGEW__ligand9784-0
92,WUSGEW__ligand20121-0
93,WUSGEW__ligand9520-0
94,WUSGEW__ligand1160-0
95,WUSGEW__ligand15387-0
96,WUSGEW__ligand8699-0
97,WUSGEW__ligand20220-0
98,WUSGEW__ligand4093-0
99,WUSGEW__ligand4442-0
100,WUSGEW__ligand3954-0
101,WUSGEW__ligand321-0
102,WUSGEW__ligand7867-0
103,WUSGEW__ligand14347-0
104,WUSGEW__ligand13657-0
105,WUSGEW__ligand14302-0
106,WUSGEW__ligand11698-0
107,WUSGEW__ligand6709-0
108,WUSGEW__ligand1219-0
109,WUSGEW__ligand20530-0
110,WUSGEW__ligand4016-0
111,WUSGEW__ligand24851-0
112,WUSGEW__ligand7238-0
113,WUSGEW__ligand10853-0
114,WUSGEW__ligand29441-0
115,WUSGEW__ligand34-0
116,WUSGEW__ligand11479-0
117,WUSGEW__ligand27610-0
118,WUSGEW__ligand10479-0
119,WUSGEW__ligand201-0
120,WUSGEW__ligand7280-0
121,WUSGEW__ligand1790-0
122,WUSGEW__ligand1304-0
123,WUSGEW__ligand27771-0
124,WUSGEW__ligand3156-0
125,WUSGEW__ligand2915-0
126,WUSGEW__ligand18158-0
127,WUSGEW__ligand23682-0
128,WUSGEW__ligand29565-0
129,WUSGEW__ligand6244-0
130,WUSGEW__ligand48-0
131,WUSGEW__ligand21339-0
132,WUSGEW__ligand14226-0
133,WUSGEW__ligand16956-0
134,WUSGEW__ligand20942-1
135,WUSGEW__ligand1378-0
136,WUSGEW__ligand240-0
137,WUSGEW__ligand9441-0
138,WUSGEW__ligand27550-0
139,WUSGEW__ligand2332-0
140,WUSGEW__ligand141-0
141,WUSGEW__ligand1631-0
142,WUSGEW__ligand14007-0
143,WUSGEW__ligand18019-1
144,WUSGEW__ligand1530-0
145,WUSGEW__ligand1575-0
146,WUSGEW__ligand9933-0
147,WUSGEW__ligand5643-0
148,WUSGEW__ligand1823-0
149,WUSGEW__ligand11758-0
150,WUSGEW__ligand22357-0
151,WUSGEW__ligand21448-0
152,WUSGEW__ligand1324-0
153,WUSGEW__ligand51-0
154,WUSGEW__ligand8721-0
155,WUSGEW__ligand9111-0
156,WUSGEW__ligand9952-0
157,WUSGEW__ligand11501-0
158,WUSGEW__ligand11544-0
159,WUSGEW__ligand384-0
160,WUSGEW__ligand5036-0
161,WUSGEW__ligand2526-0
162,WUSGEW__ligand1615-0
163,WUSGEW__ligand29214-0
164,WUSGEW__ligand17445-0
165,WUSGEW__ligand8992-0
166,WUSGEW__ligand768-0
167,WUSGEW__ligand14477-0
168,WUSGEW__ligand17069-0
169,WUSGEW__ligand9601-0
170,WUSGEW__ligand11798-0
171,WUSGEW__ligand3707-0
172,WUSGEW__ligand6124-0
173,WUSGEW__ligand7967-0
174,WUSGEW__ligand20731-0
175,WUSGEW__ligand1018-0
176,WUSGEW__ligand91-0
177,WUSGEW__ligand29334-0
178,WUSGEW__ligand4116-0
179,WUSGEW__ligand12413-0
180,WUSGEW__ligand21940-0
181,WUSGEW__ligand3234-0
182,WUSGEW__ligand1142-0
183,WUSGEW__ligand25048-0
184,WUSGEW__ligand24953-0
185,WUSGEW__ligand23445-0
186,WUSGEW__ligand16133-0
187,WUSGEW__ligand13755-0
188,WUSGEW__ligand7126-0
189,WUSGEW__ligand8835-0
190,WUSGEW__ligand20432-0
191,WUSGEW__ligand27122-0
192,WUSGEW__ligand2028-0
193,WUSGEW__ligand16-0
194,WUSGEW__ligand122-0
195,WUSGEW__ligand4641-0
196,WUSGEW__ligand757-0
197,WUSGEW__ligand30004-0
198,WUSGEW__ligand20557-0
199,WUSGEW__ligand4620-0
200,WUSGEW__ligand24624-0
201,WUSGEW__ligand18413-0
202,WUSGEW__ligand20844-0
203,WUSGEW__ligand693-0
204,WUSGEW__ligand32-0
205,WUSGEW__ligand24560-0
206,WUSGEW__ligand18757-0
207,WUSGEW__ligand2295-0
208,WUSGEW__ligand6067-0
209,WUSGEW__ligand1577-0
210,WUSGEW__ligand8-0
211,WUSGEW__ligand13691-0
212,WUSGEW__ligand30788-0
213,WUSGEW__ligand2917-0
214,WUSGEW__ligand7819-0
215,WUSGEW__ligand14339-0
216,WUSGEW__ligand6596-0
217,WUSGEW__ligand6904-0
218,WUSGEW__ligand3721-0
219,WUSGEW__ligand6102-0
220,WUSGEW__ligand21752-0
221,WUSGEW__ligand3465-0
222,WUSGEW__ligand3934-0
223,WUSGEW__ligand6455-0
224,WUSGEW__ligand6882-0
225,WUSGEW__ligand19184-0
226,WUSGEW__ligand28459-0
227,WUSGEW__ligand12453-0
228,WUSGEW__ligand670-0
229,WUSGEW__ligand18448-0
230,WUSGEW__ligand2403-0
231,WUSGEW__ligand69-0
232,WUSGEW__ligand571-0
233,WUSGEW__ligand534-0
234,WUSGEW__ligand10371-0
235,WUSGEW__ligand3012-0
236,WUSGEW__ligand1449-0
237,WUSGEW__ligand11-0
238,WUSGEW__ligand7530-0
239,WUSGEW__ligand1065-0
240,WUSGEW__ligand9681-0
241,WUSGEW__ligand18568-0
242,WUSGEW__ligand28685-0
243,WUSGEW__ligand4332-0
244,WUSGEW__ligand13672-0
245,WUSGEW__ligand1729-0
246,WUSGEW__ligand5627-0
247,WUSGEW__ligand29029-0
248,WUSGEW__ligand27285-0
249,WUSGEW__ligand2830-0
250,WUSGEW__ligand694-0
251,WUSGEW__ligand5316-0
252,WUSGEW__ligand430-0
253,WUSGEW__ligand358-0
254,WUSGEW__ligand5483-0
255,WUSGEW__ligand23197-0
256,WUSGEW__ligand488-0
257,WUSGEW__ligand9148-0
258,WUSGEW__ligand6946-0
259,WUSGEW__ligand1415-0
260,WUSGEW__ligand27669-0
261,WUSGEW__ligand30142-0
262,WUSGEW__ligand13477-0
263,WUSGEW__ligand14167-0
264,WUSGEW__ligand7529-0
265,WUSGEW__ligand15883-0
266,WUSGEW__ligand3215-0
267,WUSGEW__ligand11970-0
268,WUSGEW__ligand10828-0
269,WUSGEW__ligand19792-0
270,WUSGEW__ligand15926-0
271,WUSGEW__ligand656-0
272,WUSGEW__ligand24230-0
273,WUSGEW__ligand11447-0
274,WUSGEW__ligand11096-0
275,WUSGEW__ligand7107-0
276,WUSGEW__ligand28810-0
277,WUSGEW__ligand28743-0
278,WUSGEW__ligand696-0
279,WUSGEW__ligand15531-0
280,WUSGEW__ligand6283-0
281,WUSGEW__ligand13862-0
282,WUSGEW__ligand11357-0
283,WUSGEW__ligand12365-0
284,WUSGEW__ligand10056-0
285,WUSGEW__ligand4738-0
286,WUSGEW__ligand5813-0
287,WUSGEW__ligand4813-0
288,WUSGEW__ligand21919-0
289,WUSGEW__ligand22294-0
290,WUSGEW__ligand22168-0
291,WUSGEW__ligand28930-0
292,WUSGEW__ligand6062-0
293,WUSGEW__ligand7532-0
294,WUSGEW__ligand162-0
295,WUSGEW__ligand14614-0
296,WUSGEW__ligand226-0
297,WUSGEW__ligand4194-0
298,WUSGEW__ligand16663-0
299,WUSGEW__ligand416-0
300,WUSGEW__ligand4330-0
301,WUSGEW__ligand11994-0
302,WUSGEW__ligand31044-0
303,WUSGEW__ligand31842-0
304,WUSGEW__ligand2599-0
305,WUSGEW__ligand383-0
306,WUSGEW__ligand24035-0
307,WUSGEW__ligand1147-0
308,WUSGEW__ligand30711-0
309,WUSGEW__ligand20207-0
310,WUSGEW__ligand11682-0
311,WUSGEW__ligand3973-0
312,WUSGEW__ligand7925-0
313,WUSGEW__ligand2068-0
314,WUSGEW__ligand25913-0
315,WUSGEW__ligand16988-0
316,WUSGEW__ligand24872-0
317,WUSGEW__ligand3208-0
318,WUSGEW__ligand2208-0
319,WUSGEW__ligand30728-0
320,WUSGEW__ligand27840-0
321,WUSGEW__ligand17-0
322,WUSGEW__ligand8722-0
323,WUSGEW__ligand12001-0
324,WUSGEW__ligand1327-0
325,WUSGEW__ligand9809-0
326,WUSGEW__ligand6672-0
327,WUSGEW__ligand24644-0
328,WUSGEW__ligand10033-0
329,WUSGEW__ligand2781-0
330,WUSGEW__ligand7573-0
331,WUSGEW__ligand3350-0
332,WUSGEW__ligand4581-0
333,WUSGEW__ligand1773-0
334,WUSGEW__ligand633-0
335,WUSGEW__ligand2328-0
336,WUSGEW__ligand22444-0
337,WUSGEW__ligand24111-0
338,WUSGEW__ligand13385-0
339,WUSGEW__ligand7162-0
340,WUSGEW__ligand3029-0
341,WUSGEW__ligand14569-0
342,WUSGEW__ligand15788-0
343,WUSGEW__ligand23175-0
344,WUSGEW__ligand17396-0
345,WUSGEW__ligand9197-0
346,WUSGEW__ligand11587-0
347,WUSGEW__ligand1900-0
348,WUSGEW__ligand13220-0
349,WUSGEW__ligand497-0
350,WUSGEW__ligand29486-0
351,WUSGEW__ligand31694-0
352,WUSGEW__ligand1712-0
353,WUSGEW__ligand4131-0
354,WUSGEW__ligand17427-0
355,WUSGEW__ligand326-0
356,WUSGEW__ligand5892-0
357,WUSGEW__ligand5094-0
358,WUSGEW__ligand24780-0
359,WUSGEW__ligand12138-0
360,WUSGEW__ligand436-0
361,WUSGEW__ligand22129-0
362,WUSGEW__ligand1533-0
363,WUSGEW__ligand11949-0
364,WUSGEW__ligand7557-0
365,WUSGEW__ligand1496-0
366,WUSGEW__ligand692-0
367,WUSGEW__ligand25561-0
368,WUSGEW__ligand5056-0
369,WUSGEW__ligand4850-0
370,WUSGEW__ligand14043-0
371,WUSGEW__ligand26324-0
372,WUSGEW__ligand28559-0
373,WUSGEW__ligand5357-0
374,WUSGEW__ligand3647-0
375,WUSGEW__ligand19927-0
376,WUSGEW__ligand1688-0
377,WUSGEW__ligand1469-0
378,WUSGEW__ligand3871-0
379,WUSGEW__ligand1768-0
380,WUSGEW__ligand27239-0
381,WUSGEW__ligand89-0
382,WUSGEW__ligand21729-0
383,WUSGEW__ligand26529-0
384,WUSGEW__ligand5935-0
385,WUSGEW__ligand49-0
386,WUSGEW__ligand2722-0
387,WUSGEW__ligand1379-0
388,WUSGEW__ligand409-0
389,WUSGEW__ligand3157-0
390,WUSGEW__ligand324-0
391,WUSGEW__ligand361-0
392,WUSGEW__ligand11618-0
393,WUSGEW__ligand9525-0
394,WUSGEW__ligand1165-0
395,WUSGEW__ligand3392-0
396,WUSGEW__ligand588-0
397,WUSGEW__ligand22403-0
398,WUSGEW__ligand4911-0
399,WUSGEW__ligand1771-0
400,WUSGEW__ligand11111-0
401,WUSGEW__ligand28540-0
402,WUSGEW__ligand5849-0
403,WUSGEW__ligand16369-0
404,WUSGEW__ligand300-0
405,WUSGEW__ligand27754-0
406,WUSGEW__ligand20695-0
407,WUSGEW__ligand2527-0
408,WUSGEW__ligand29215-0
409,WUSGEW__ligand10872-0
410,WUSGEW__ligand8349-0
411,WUSGEW__ligand21399-0
412,WUSGEW__ligand1709-0
413,WUSGEW__ligand8464-0
414,WUSGEW__ligand12003-0
415,WUSGEW__ligand16148-0
416,WUSGEW__ligand26631-0
417,WUSGEW__ligand199-0
418,WUSGEW__ligand1618-0
419,WUSGEW__ligand2692-0
420,WUSGEW__ligand14703-0
421,WUSGEW__ligand16475-0
422,WUSGEW__ligand294-0
423,WUSGEW__ligand20251-1
424,WUSGEW__ligand1028-0
425,WUSGEW__ligand19-0
426,WUSGEW__ligand4262-0
427,WUSGEW__ligand24-0
428,WUSGEW__ligand2027-0
429,WUSGEW__ligand685-0
430,WUSGEW__ligand20011-0
431,WUSGEW__ligand17278-0
432,WUSGEW__ligand1050-0
433,WUSGEW__ligand29414-0
434,WUSGEW__ligand1015-0
435,WUSGEW__ligand17982-0
436,WUSGEW__ligand11675-0
437,WUSGEW__ligand20598-0
438,WUSGEW__ligand10589-0
439,WUSGEW__ligand22557-0
440,WUSGEW__ligand24047-0
441,WUSGEW__ligand421-0
442,WUSGEW__ligand17398-0
443,WUSGEW__ligand134-0
444,WUSGEW__ligand28789-0
445,WUSGEW__ligand235-0
446,WUSGEW__ligand20419-0
447,WUSGEW__ligand17118-0
448,WUSGEW__ligand21371-0
449,WUSGEW__ligand45-0
450,WUSGEW__ligand30851-0
451,WUSGEW__ligand14889-0
452,WUSGEW__ligand1169-0
453,WUSGEW__ligand29568-0
454,WUSGEW__ligand8529-0
455,WUSGEW__ligand1154-0
456,WUSGEW__ligand21581-0
457,WUSGEW__ligand31097-0
458,WUSGEW__ligand20539-0
459,WUSGEW__ligand9615-0
460,WUSGEW__ligand30702-0
461,WUSGEW__ligand20214-0
462,WUSGEW__ligand20251-0
463,WUSGEW__ligand560-0
464,WUSGEW__ligand78-0
465,WUSGEW__ligand1498-0
466,WUSGEW__ligand17261-0
467,WUSGEW__ligand14117-0
468,WUSGEW__ligand4596-0
469,WUSGEW__ligand20682-0
470,WUSGEW__ligand352-0
471,WUSGEW__ligand783-0
472,WUSGEW__ligand8553-0
473,WUSGEW__ligand1113-0
474,WUSGEW__ligand5201-0
475,WUSGEW__ligand13390-0
476,WUSGEW__ligand2001-0
477,WUSGEW__ligand7566-0
478,WUSGEW__ligand868-0
479,WUSGEW__ligand13208-0
480,WUSGEW__ligand8593-0
481,WUSGEW__ligand27482-0
482,WUSGEW__ligand26810-0
483,WUSGEW__ligand9944-0
484,WUSGEW__ligand13331-0
485,WUSGEW__ligand6995-0
486,WUSGEW__ligand28884-0
487,WUSGEW__ligand12030-0
488,WUSGEW__ligand2823-0
489,WUSGEW__ligand14248-0
490,WUSGEW__ligand29879-0
491,WUSGEW__ligand31832-0
492,WUSGEW__ligand13294-0
493,WUSGEW__ligand4340-0
494,WUSGEW__ligand2650-0
495,WUSGEW__ligand2281-0
496,WUSGEW__ligand3180-0
497,WUSGEW__ligand5415-0
498,WUSGEW__ligand25411-0
499,WUSGEW__ligand197-0
500,WUSGEW__ligand11456-0
501,WUSGEW__ligand10712-0
502,WUSGEW__ligand4124-0
503,WUSGEW__ligand3471-0
504,WUSGEW__ligand4161-0
505,WUSGEW__ligand14174-0
506,WUSGEW__ligand10958-0
507,WUSGEW__ligand1908-0
508,WUSGEW__ligand4795-0
509,WUSGEW__ligand3285-0
510,WUSGEW__ligand12641-0
511,WUSGEW__ligand1786-0
512,WUSGEW__ligand252-0
513,WUSGEW__ligand67-0
514,WUSGEW__ligand5630-0
515,WUSGEW__ligand116-0
516,WUSGEW__ligand14108-0
517,WUSGEW__ligand1828-0
518,WUSGEW__ligand7213-0
519,WUSGEW__ligand29302-0
520,WUSGEW__ligand1397-0
521,WUSGEW__ligand13425-0
522,WUSGEW__ligand19057-0
523,WUSGEW__ligand8042-0
524,WUSGEW__ligand18814-0
525,WUSGEW__ligand193-0
526,WUSGEW__ligand6112-0
527,WUSGEW__ligand372-0
528,WUSGEW__ligand28676-0
529,WUSGEW__ligand5085-0
530,WUSGEW__ligand10262-0
531,WUSGEW__ligand3144-0
532,WUSGEW__ligand27763-0
533,WUSGEW__ligand830-0
534,WUSGEW__ligand5755-0
535,WUSGEW__ligand4710-0
536,WUSGEW__ligand10476-0
537,WUSGEW__ligand13068-0
538,WUSGEW__ligand19830-0
539,WUSGEW__ligand12401-0
540,WUSGEW__ligand15585-0
541,WUSGEW__ligand1849-0
542,WUSGEW__ligand24145-0
543,WUSGEW__ligand909-0
544,WUSGEW__ligand5019-0
545,WUSGEW__ligand1-0
546,WUSGEW__ligand12231-0
547,WUSGEW__ligand3261-0
548,WUSGEW__ligand1152-0
549,WUSGEW__ligand26702-0
550,WUSGEW__ligand13658-0
551,WUSGEW__ligand18292-0
552,WUSGEW__ligand12289-0
553,WUSGEW__ligand17387-0
554,WUSGEW__ligand12130-0
555,WUSGEW__ligand1216-0
556,WUSGEW__ligand17805-0
557,WUSGEW__ligand17302-0
558,WUSGEW__ligand1831-0
559,WUSGEW__ligand25178-0
560,WUSGEW__ligand5614-0
561,WUSGEW__ligand5280-0
562,WUSGEW__ligand177-0
563,WUSGEW__ligand24185-0
564,WUSGEW__ligand43-0
565,WUSGEW__ligand23769-0
566,WUSGEW__ligand6663-0
567,WUSGEW__ligand5515-0
568,WUSGEW__ligand7438-0
569,WUSGEW__ligand8200-0
570,WUSGEW__ligand31783-0
571,WUSGEW__ligand4063-0
572,WUSGEW__ligand13012-0
573,WUSGEW__ligand3042-0
574,WUSGEW__ligand17631-0
575,WUSGEW__ligand188-0
576,WUSGEW__ligand26665-0
577,WUSGEW__ligand14603-0
578,WUSGEW__ligand14297-0
579,WUSGEW__ligand17258-0
580,WUSGEW__ligand370-1
581,WUSGEW__ligand620-0
582,WUSGEW__ligand30988-0
583,WUSGEW__ligand3416-0
584,WUSGEW__ligand3453-0
585,WUSGEW__ligand23713-0
586,WUSGEW__ligand27175-0
587,WUSGEW__ligand18832-0
588,WUSGEW__ligand564-0
589,WUSGEW__ligand4207-0
590,WUSGEW__ligand20578-0
591,WUSGEW__ligand785-0
592,WUSGEW__ligand12934-0
593,WUSGEW__ligand311-0
594,WUSGEW__ligand15422-0
595,WUSGEW__ligand19641-0
596,WUSGEW__ligand1539-0
597,WUSGEW__ligand479-0
598,WUSGEW__ligand3-0
599,WUSGEW__ligand1150-0
600,WUSGEW__ligand14723-0
601,WUSGEW__ligand27893-0
602,WUSGEW__ligand4266-0
603,WUSGEW__ligand1400-0
604,WUSGEW__ligand16628-0
605,WUSGEW__ligand9491-0
606,WUSGEW__ligand12427-0
607,WUSGEW__ligand4167-0
608,WUSGEW__ligand28468-0
609,WUSGEW__ligand20740-0
610,WUSGEW__ligand1288-0
611,WUSGEW__ligand27460-0
612,WUSGEW__ligand370-0
613,WUSGEW__ligand7075-0
614,WUSGEW__ligand12606-0
615,WUSGEW__ligand3557-0
616,WUSGEW__ligand3980-0
617,WUSGEW__ligand30333-0
618,WUSGEW__ligand1149-0
619,WUSGEW__ligand26540-0
620,WUSGEW__ligand1779-0
621,WUSGEW__ligand1817-0
622,WUSGEW__ligand29410-0
623,WUSGEW__ligand6993-0
624,WUSGEW__ligand12337-0
625,WUSGEW__ligand30296-0
626,WUSGEW__ligand9750-0
627,WUSGEW__ligand17281-0
628,WUSGEW__ligand250-0
629,WUSGEW__ligand1296-0
630,WUSGEW__ligand393-0
631,WUSGEW__ligand2259-0
632,WUSGEW__ligand13209-0
633,WUSGEW__ligand19257-0
634,WUSGEW__ligand1197-0
635,WUSGEW__ligand12660-0
636,WUSGEW__ligand5099-0
637,WUSGEW__ligand8592-0
638,WUSGEW__ligand9773-0
639,WUSGEW__ligand1376-0
640,WUSGEW__ligand5510-0
641,WUSGEW__ligand25650-0
642,WUSGEW__ligand31248-0
643,WUSGEW__ligand5595-0
644,WUSGEW__ligand4101-0
645,WUSGEW__ligand4358-0
646,WUSGEW__ligand23124-0
647,WUSGEW__ligand353-0
648,WUSGEW__ligand3120-0
649,WUSGEW__ligand11206-0
650,WUSGEW__ligand3926-0
651,WUSGEW__ligand25735-0
652,WUSGEW__ligand12519-0
653,WUSGEW__ligand4-0
654,WUSGEW__ligand2221-0
655,WUSGEW__ligand5509-0
656,WUSGEW__ligand8002-0
657,WUSGEW__ligand196-0
658,WUSGEW__ligand6117-0
659,WUSGEW__ligand1407-0
660,WUSGEW__ligand30539-0
661,WUSGEW__ligand11166-0
662,WUSGEW__ligand21132-0
663,WUSGEW__ligand7762-0
664,WUSGEW__ligand5080-0
665,WUSGEW__ligand23906-0
666,WUSGEW__ligand27835-0
667,WUSGEW__ligand9167-0
668,WUSGEW__ligand5304-0
669,WUSGEW__ligand422-0
670,WUSGEW__ligand12295-0
671,WUSGEW__ligand2238-0
672,WUSGEW__ligand1317-0
673,WUSGEW__ligand3867-0
674,WUSGEW__ligand2822-0
675,WUSGEW__ligand686-0
676,WUSGEW__ligand25689-0
677,WUSGEW__ligand7293-0
678,WUSGEW__ligand25575-0
679,WUSGEW__ligand21787-0
680,WUSGEW__ligand4007-0
681,WUSGEW__ligand2985-0
682,WUSGEW__ligand20599-0
683,WUSGEW__ligand22981-0
684,WUSGEW__ligand25805-0
685,WUSGEW__ligand9299-0
686,WUSGEW__ligand465-0
687,WUSGEW__ligand27074-0
688,WUSGEW__ligand18391-0
689,WUSGEW__ligand14523-0
690,WUSGEW__ligand27169-0
691,WUSGEW__ligand7291-0
692,WUSGEW__ligand3677-1
693,WUSGEW__ligand9883-0
694,WUSGEW__ligand12467-0
695,WUSGEW__ligand9344-0
696,WUSGEW__ligand314-1
697,WUSGEW__ligand10084-0
698,WUSGEW__ligand18-0
699,WUSGEW__ligand3736-0
700,WUSGEW__ligand25267-0
701,WUSGEW__ligand8000-0
702,WUSGEW__ligand23904-0
703,WUSGEW__ligand3945-0
704,WUSGEW__ligand21936-0
705,WUSGEW__ligand2693-0
706,WUSGEW__ligand5383-0
707,WUSGEW__ligand13257-0
708,WUSGEW__ligand13869-0
709,WUSGEW__ligand18074-0
710,WUSGEW__ligand3712-0
711,WUSGEW__ligand1464-0
712,WUSGEW__ligand29863-0
713,WUSGEW__ligand1499-0
714,WUSGEW__ligand2881-0
715,WUSGEW__ligand813-0
716,WUSGEW__ligand11140-0
717,WUSGEW__ligand6892-0
718,WUSGEW__ligand314-0
719,WUSGEW__ligand780-0
720,WUSGEW__ligand29610-0
721,WUSGEW__ligand1211-0
722,WUSGEW__ligand28668-0
723,WUSGEW__ligand3632-0
724,WUSGEW__ligand3677-0
725,WUSGEW__ligand1168-0
726,WUSGEW__ligand16791-0
727,WUSGEW__ligand1294-0
728,WUSGEW__ligand391-0
729,WUSGEW__ligand18799-0
730,WUSGEW__ligand618-0
731,WUSGEW__ligand18465-0
732,WUSGEW__ligand6699-0
733,WUSGEW__ligand20579-0
734,WUSGEW__ligand17710-0
735,WUSGEW__ligand784-0
736,WUSGEW__ligand6391-0
737,WUSGEW__ligand3126-0
738,WUSGEW__ligand9284-0
739,WUSGEW__ligand11568-0
740,WUSGEW__ligand1114-0
741,WUSGEW__ligand2417-0
742,WUSGEW__ligand14586-0
743,WUSGEW__ligand11774-0
744,WUSGEW__ligand21421-0
745,WUSGEW__ligand38-0
746,WUSGEW__ligand2043-0
747,WUSGEW__ligand19725-0
748,WUSGEW__ligand1832-0
749,WUSGEW__ligand8788-0
750,WUSGEW__ligand24613-0
751,WUSGEW__ligand1604-0
752,WUSGEW__ligand395-0
753,WUSGEW__ligand368-0
754,WUSGEW__ligand1228-0
755,WUSGEW__ligand31483-0
756,WUSGEW__ligand9943-0
757,WUSGEW__ligand10555-0
758,WUSGEW__ligand9450-0
759,WUSGEW__ligand12336-0
760,WUSGEW__ligand115-0
761,WUSGEW__ligand13072-0
762,WUSGEW__ligand2612-0
763,WUSGEW__ligand1599-0
764,WUSGEW__ligand1289-0
765,WUSGEW__ligand18699-0
766,WUSGEW__ligand2203-0
767,WUSGEW__ligand5387-0
768,WUSGEW__ligand833-0
769,WUSGEW__ligand12682-0
770,WUSGEW__ligand17590-0
771,WUSGEW__ligand17240-0
772,WUSGEW__ligand2906-0
773,WUSGEW__ligand4711-0
774,WUSGEW__ligand3244-0
775,WUSGEW__ligand24750-0
776,WUSGEW__ligand4649-0
777,WUSGEW__ligand8793-0
778,WUSGEW__ligand5649-0
779,WUSGEW__ligand2788-0
780,WUSGEW__ligand17207-0
781,WUSGEW__ligand31578-0
782,WUSGEW__ligand25224-0
783,WUSGEW__ligand18013-0
784,WUSGEW__ligand17945-0
785,WUSGEW__ligand506-0
786,WUSGEW__ligand1787-0
787,WUSGEW__ligand1356-0
788,WUSGEW__ligand5530-0
789,WUSGEW__ligand18703-0
790,WUSGEW__ligand66-0
791,WUSGEW__ligand9753-0
792,WUSGEW__ligand29087-0
793,WUSGEW__ligand152-0
794,WUSGEW__ligand7196-0
795,WUSGEW__ligand5159-0
796,WUSGEW__ligand4807-0
797,WUSGEW__ligand15438-0
798,WUSGEW__ligand3178-0
799,WUSGEW__ligand28924-0
800,WUSGEW__ligand15168-0
801,WUSGEW__ligand176-0
802,WUSGEW__ligand42-0
803,WUSGEW__ligand5180-0
804,WUSGEW__ligand23589-0
805,WUSGEW__ligand6017-0
806,WUSGEW__ligand447-0
807,WUSGEW__ligand7316-0
808,WUSGEW__ligand746-0
809,WUSGEW__ligand5708-0
810,WUSGEW__ligand24064-0
811,WUSGEW__ligand7092-0
812,WUSGEW__ligand487-0
813,WUSGEW__ligand2260-0
814,WUSGEW__ligand1153-0
815,WUSGEW__ligand3225-0
816,WUSGEW__ligand1116-0
817,WUSGEW__ligand8612-0
818,WUSGEW__ligand2124-0
819,WUSGEW__ligand10432-0
820,WUSGEW__ligand7172-0
821,WUSGEW__ligand11432-0
822,WUSGEW__ligand31618-0
823,WUSGEW__ligand22755-0
824,WUSGEW__ligand7273-0
825,WUSGEW__ligand29898-0
826,WUSGEW__ligand26277-0
827,WUSGEW__ligand9323-0
