,TMC
0,VAPQUB__ligand43-0
1,VAPQUB__ligand4738-0
2,VAPQUB__ligand4813-0
3,VAPQUB__ligand5813-0
4,VAPQUB__ligand6062-0
5,VAPQUB__ligand909-0
6,VAPQUB__ligand18699-0
7,VAPQUB__ligand12682-0
8,VAPQUB__ligand6283-0
9,VAPQUB__ligand17240-0
10,VAPQUB__ligand17590-0
11,VAPQUB__ligand13072-0
12,VAPQUB__ligand7107-0
13,VAPQUB__ligand12336-0
14,VAPQUB__ligand177-0
15,VAPQUB__ligand3215-0
16,VAPQUB__ligand7925-0
17,VAPQUB__ligand24613-0
18,VAPQUB__ligand2068-0
19,VAPQUB__ligand19725-0
20,VAPQUB__ligand31483-0
21,VAPQUB__ligand252-0
22,VAPQUB__ligand10555-0
23,VAPQUB__ligand1147-0
24,VAPQUB__ligand116-0
25,VAPQUB__ligand3973-0
26,VAPQUB__ligand4330-0
27,VAPQUB__ligand2599-0
28,VAPQUB__ligand20579-0
29,VAPQUB__ligand17710-0
30,VAPQUB__ligand67-0
31,VAPQUB__ligand193-0
32,VAPQUB__ligand11568-0
33,VAPQUB__ligand372-0
34,VAPQUB__ligand21421-0
35,VAPQUB__ligand7532-0
36,VAPQUB__ligand830-0
37,VAPQUB__ligand14586-0
38,VAPQUB__ligand4194-0
39,VAPQUB__ligand11774-0
40,VAPQUB__ligand9681-0
41,VAPQUB__ligand4332-0
42,VAPQUB__ligand3012-0
43,VAPQUB__ligand29898-0
44,VAPQUB__ligand1449-0
45,VAPQUB__ligand26277-0
46,VAPQUB__ligand11432-0
47,VAPQUB__ligand31618-0
48,VAPQUB__ligand1065-0
49,VAPQUB__ligand7530-0
50,VAPQUB__ligand10432-0
51,VAPQUB__ligand22755-0
52,VAPQUB__ligand370-0
53,VAPQUB__ligand2403-0
54,VAPQUB__ligand15168-0
55,VAPQUB__ligand3934-0
56,VAPQUB__ligand24064-0
57,VAPQUB__ligand23589-0
58,VAPQUB__ligand6455-0
59,VAPQUB__ligand6882-0
60,VAPQUB__ligand250-0
61,VAPQUB__ligand6946-0
62,VAPQUB__ligand1415-0
63,VAPQUB__ligand29087-0
64,VAPQUB__ligand18703-0
65,VAPQUB__ligand7529-0
66,VAPQUB__ligand15438-0
67,VAPQUB__ligand28924-0
68,VAPQUB__ligand188-0
69,VAPQUB__ligand9148-0
70,VAPQUB__ligand370-1
71,VAPQUB__ligand5316-0
72,VAPQUB__ligand620-0
73,VAPQUB__ligand24750-0
74,VAPQUB__ligand5483-0
75,VAPQUB__ligand564-0
76,VAPQUB__ligand25224-0
77,VAPQUB__ligand18013-0
78,VAPQUB__ligand785-0
79,VAPQUB__ligand1729-0
80,VAPQUB__ligand311-0
81,VAPQUB__ligand479-0
82,VAPQUB__ligand17945-0
83,VAPQUB__ligand5627-0
84,VAPQUB__ligand31578-0
85,VAPQUB__ligand17207-0
86,VAPQUB__ligand2830-0
87,VAPQUB__ligand134-0
88,VAPQUB__ligand3157-0
89,VAPQUB__ligand235-0
90,VAPQUB__ligand9525-0
91,VAPQUB__ligand27835-0
92,VAPQUB__ligand78-0
93,VAPQUB__ligand12295-0
94,VAPQUB__ligand1165-0
95,VAPQUB__ligand5935-0
96,VAPQUB__ligand25689-0
97,VAPQUB__ligand21787-0
98,VAPQUB__ligand25575-0
99,VAPQUB__ligand2722-0
100,VAPQUB__ligand1379-0
101,VAPQUB__ligand1469-0
102,VAPQUB__ligand3871-0
103,VAPQUB__ligand30539-0
104,VAPQUB__ligand1768-0
105,VAPQUB__ligand4850-0
106,VAPQUB__ligand5056-0
107,VAPQUB__ligand45-0
108,VAPQUB__ligand560-0
109,VAPQUB__ligand23906-0
110,VAPQUB__ligand11166-0
111,VAPQUB__ligand3647-0
112,VAPQUB__ligand5357-0
113,VAPQUB__ligand21132-0
114,VAPQUB__ligand1688-0
115,VAPQUB__ligand8349-0
116,VAPQUB__ligand8464-0
117,VAPQUB__ligand1709-0
118,VAPQUB__ligand25735-0
119,VAPQUB__ligand12519-0
120,VAPQUB__ligand294-0
121,VAPQUB__ligand24-0
122,VAPQUB__ligand23124-0
123,VAPQUB__ligand11206-0
124,VAPQUB__ligand2527-0
125,VAPQUB__ligand19-0
126,VAPQUB__ligand12660-0
127,VAPQUB__ligand685-0
128,VAPQUB__ligand5849-0
129,VAPQUB__ligand13209-0
130,VAPQUB__ligand19257-0
131,VAPQUB__ligand25650-0
132,VAPQUB__ligand3392-0
133,VAPQUB__ligand31248-0
134,VAPQUB__ligand421-0
135,VAPQUB__ligand4911-0
136,VAPQUB__ligand1771-0
137,VAPQUB__ligand16791-0
138,VAPQUB__ligand9197-0
139,VAPQUB__ligand28668-0
140,VAPQUB__ligand1900-0
141,VAPQUB__ligand4581-0
142,VAPQUB__ligand1773-0
143,VAPQUB__ligand2328-0
144,VAPQUB__ligand18799-0
145,VAPQUB__ligand7162-0
146,VAPQUB__ligand3029-0
147,VAPQUB__ligand18465-0
148,VAPQUB__ligand8722-0
149,VAPQUB__ligand1327-0
150,VAPQUB__ligand6672-0
151,VAPQUB__ligand9809-0
152,VAPQUB__ligand18074-0
153,VAPQUB__ligand13869-0
154,VAPQUB__ligand3350-0
155,VAPQUB__ligand29863-0
156,VAPQUB__ligand2781-0
157,VAPQUB__ligand7573-0
158,VAPQUB__ligand29610-0
159,VAPQUB__ligand2208-0
160,VAPQUB__ligand3208-0
161,VAPQUB__ligand197-0
162,VAPQUB__ligand11140-0
163,VAPQUB__ligand1496-0
164,VAPQUB__ligand7557-0
165,VAPQUB__ligand10084-0
166,VAPQUB__ligand25267-0
167,VAPQUB__ligand352-0
168,VAPQUB__ligand783-0
169,VAPQUB__ligand12467-0
170,VAPQUB__ligand4-0
171,VAPQUB__ligand21936-0
172,VAPQUB__ligand1533-0
173,VAPQUB__ligand13257-0
174,VAPQUB__ligand23904-0
175,VAPQUB__ligand27074-0
176,VAPQUB__ligand5892-0
177,VAPQUB__ligand5094-0
178,VAPQUB__ligand20599-0
179,VAPQUB__ligand22981-0
180,VAPQUB__ligand25805-0
181,VAPQUB__ligand868-0
182,VAPQUB__ligand18391-0
183,VAPQUB__ligand27169-0
184,VAPQUB__ligand1712-0
185,VAPQUB__ligand14523-0
186,VAPQUB__ligand4131-0
187,VAPQUB__ligand17302-0
188,VAPQUB__ligand2176-0
189,VAPQUB__ligand9291-0
190,VAPQUB__ligand115-0
191,VAPQUB__ligand2232-0
192,VAPQUB__ligand17805-0
193,VAPQUB__ligand24185-0
194,VAPQUB__ligand23769-0
195,VAPQUB__ligand4157-0
196,VAPQUB__ligand9833-0
197,VAPQUB__ligand2828-0
198,VAPQUB__ligand8876-0
199,VAPQUB__ligand7648-0
200,VAPQUB__ligand25178-0
201,VAPQUB__ligand5256-0
202,VAPQUB__ligand4503-0
203,VAPQUB__ligand4546-0
204,VAPQUB__ligand12401-0
205,VAPQUB__ligand15585-0
206,VAPQUB__ligand24145-0
207,VAPQUB__ligand833-0
208,VAPQUB__ligand10476-0
209,VAPQUB__ligand13068-0
210,VAPQUB__ligand19830-0
211,VAPQUB__ligand18292-0
212,VAPQUB__ligand12289-0
213,VAPQUB__ligand26702-0
214,VAPQUB__ligand13658-0
215,VAPQUB__ligand1285-0
216,VAPQUB__ligand17387-0
217,VAPQUB__ligand12130-0
218,VAPQUB__ligand8115-0
219,VAPQUB__ligand6768-0
220,VAPQUB__ligand1982-0
221,VAPQUB__ligand7000-0
222,VAPQUB__ligand12231-0
223,VAPQUB__ligand7238-0
224,VAPQUB__ligand18814-0
225,VAPQUB__ligand19057-0
226,VAPQUB__ligand784-0
227,VAPQUB__ligand29302-0
228,VAPQUB__ligand1790-0
229,VAPQUB__ligand13425-0
230,VAPQUB__ligand1304-0
231,VAPQUB__ligand7280-0
232,VAPQUB__ligand7867-0
233,VAPQUB__ligand3-0
234,VAPQUB__ligand6709-0
235,VAPQUB__ligand1219-0
236,VAPQUB__ligand4016-0
237,VAPQUB__ligand28676-0
238,VAPQUB__ligand10262-0
239,VAPQUB__ligand27763-0
240,VAPQUB__ligand9520-0
241,VAPQUB__ligand38-0
242,VAPQUB__ligand12641-0
243,VAPQUB__ligand8699-0
244,VAPQUB__ligand1160-0
245,VAPQUB__ligand10958-0
246,VAPQUB__ligand4442-0
247,VAPQUB__ligand4093-0
248,VAPQUB__ligand3954-0
249,VAPQUB__ligand1451-0
250,VAPQUB__ligand4272-0
251,VAPQUB__ligand14108-0
252,VAPQUB__ligand395-0
253,VAPQUB__ligand7629-0
254,VAPQUB__ligand368-0
255,VAPQUB__ligand9784-0
256,VAPQUB__ligand1263-0
257,VAPQUB__ligand9908-0
258,VAPQUB__ligand176-0
259,VAPQUB__ligand30333-0
260,VAPQUB__ligand12606-0
261,VAPQUB__ligand447-0
262,VAPQUB__ligand30296-0
263,VAPQUB__ligand17281-0
264,VAPQUB__ligand7242-0
265,VAPQUB__ligand26540-0
266,VAPQUB__ligand746-0
267,VAPQUB__ligand12337-0
268,VAPQUB__ligand7106-0
269,VAPQUB__ligand29410-0
270,VAPQUB__ligand3035-0
271,VAPQUB__ligand1343-0
272,VAPQUB__ligand3876-0
273,VAPQUB__ligand6616-0
274,VAPQUB__ligand12427-0
275,VAPQUB__ligand28468-0
276,VAPQUB__ligand20740-0
277,VAPQUB__ligand487-0
278,VAPQUB__ligand3718-0
279,VAPQUB__ligand4661-0
280,VAPQUB__ligand1844-0
281,VAPQUB__ligand16628-0
282,VAPQUB__ligand42-0
283,VAPQUB__ligand1959-0
284,VAPQUB__ligand3504-0
285,VAPQUB__ligand27460-0
286,VAPQUB__ligand9935-0
287,VAPQUB__ligand1-0
288,VAPQUB__ligand1536-0
289,VAPQUB__ligand1573-0
290,VAPQUB__ligand27175-0
291,VAPQUB__ligand18832-0
292,VAPQUB__ligand23713-0
293,VAPQUB__ligand6919-0
294,VAPQUB__ligand3852-0
295,VAPQUB__ligand30988-0
296,VAPQUB__ligand2485-0
297,VAPQUB__ligand1512-0
298,VAPQUB__ligand14723-0
299,VAPQUB__ligand5331-0
300,VAPQUB__ligand27893-0
301,VAPQUB__ligand3565-0
302,VAPQUB__ligand20578-0
303,VAPQUB__ligand12934-0
304,VAPQUB__ligand15422-0
305,VAPQUB__ligand66-0
306,VAPQUB__ligand19641-0
307,VAPQUB__ligand506-0
308,VAPQUB__ligand4720-0
309,VAPQUB__ligand152-0
310,VAPQUB__ligand6839-0
311,VAPQUB__ligand31783-0
312,VAPQUB__ligand8969-0
313,VAPQUB__ligand3937-0
314,VAPQUB__ligand1202-0
315,VAPQUB__ligand3174-0
316,VAPQUB__ligand3131-0
317,VAPQUB__ligand5211-0
318,VAPQUB__ligand14603-0
319,VAPQUB__ligand14297-0
320,VAPQUB__ligand17258-0
321,VAPQUB__ligand17631-0
322,VAPQUB__ligand13012-0
323,VAPQUB__ligand3094-0
324,VAPQUB__ligand4155-0
325,VAPQUB__ligand26665-0
326,VAPQUB__ligand20539-0
327,VAPQUB__ligand30702-0
328,VAPQUB__ligand20214-0
329,VAPQUB__ligand20251-0
330,VAPQUB__ligand196-0
331,VAPQUB__ligand21581-0
332,VAPQUB__ligand31097-0
333,VAPQUB__ligand14117-0
334,VAPQUB__ligand17261-0
335,VAPQUB__ligand4641-0
336,VAPQUB__ligand20419-0
337,VAPQUB__ligand422-0
338,VAPQUB__ligand21371-0
339,VAPQUB__ligand17118-0
340,VAPQUB__ligand7126-0
341,VAPQUB__ligand28789-0
342,VAPQUB__ligand2028-0
343,VAPQUB__ligand8835-0
344,VAPQUB__ligand29568-0
345,VAPQUB__ligand14889-0
346,VAPQUB__ligand686-0
347,VAPQUB__ligand30851-0
348,VAPQUB__ligand3234-0
349,VAPQUB__ligand1142-0
350,VAPQUB__ligand393-0
351,VAPQUB__ligand20011-0
352,VAPQUB__ligand17278-0
353,VAPQUB__ligand17982-0
354,VAPQUB__ligand6904-0
355,VAPQUB__ligand3721-0
356,VAPQUB__ligand29414-0
357,VAPQUB__ligand6596-0
358,VAPQUB__ligand6102-0
359,VAPQUB__ligand3465-0
360,VAPQUB__ligand17398-0
361,VAPQUB__ligand2917-0
362,VAPQUB__ligand20598-0
363,VAPQUB__ligand11675-0
364,VAPQUB__ligand24047-0
365,VAPQUB__ligand10589-0
366,VAPQUB__ligand7819-0
367,VAPQUB__ligand22557-0
368,VAPQUB__ligand6067-0
369,VAPQUB__ligand1577-0
370,VAPQUB__ligand14703-0
371,VAPQUB__ligand16475-0
372,VAPQUB__ligand2295-0
373,VAPQUB__ligand4620-0
374,VAPQUB__ligand353-0
375,VAPQUB__ligand20251-1
376,VAPQUB__ligand1631-0
377,VAPQUB__ligand25411-0
378,VAPQUB__ligand1530-0
379,VAPQUB__ligand1575-0
380,VAPQUB__ligand9933-0
381,VAPQUB__ligand813-0
382,VAPQUB__ligand14174-0
383,VAPQUB__ligand10712-0
384,VAPQUB__ligand314-0
385,VAPQUB__ligand780-0
386,VAPQUB__ligand9441-0
387,VAPQUB__ligand11456-0
388,VAPQUB__ligand2332-0
389,VAPQUB__ligand12030-0
390,VAPQUB__ligand6244-0
391,VAPQUB__ligand14248-0
392,VAPQUB__ligand29879-0
393,VAPQUB__ligand28884-0
394,VAPQUB__ligand13331-0
395,VAPQUB__ligand391-0
396,VAPQUB__ligand1378-0
397,VAPQUB__ligand2915-0
398,VAPQUB__ligand618-0
399,VAPQUB__ligand3156-0
400,VAPQUB__ligand31832-0
401,VAPQUB__ligand13294-0
402,VAPQUB__ligand7967-0
403,VAPQUB__ligand3707-0
404,VAPQUB__ligand6124-0
405,VAPQUB__ligand1018-0
406,VAPQUB__ligand465-0
407,VAPQUB__ligand4116-0
408,VAPQUB__ligand18-0
409,VAPQUB__ligand26810-0
410,VAPQUB__ligand8992-0
411,VAPQUB__ligand27482-0
412,VAPQUB__ligand13208-0
413,VAPQUB__ligand9601-0
414,VAPQUB__ligand9111-0
415,VAPQUB__ligand9952-0
416,VAPQUB__ligand314-1
417,VAPQUB__ligand20682-0
418,VAPQUB__ligand1615-0
419,VAPQUB__ligand5036-0
420,VAPQUB__ligand2526-0
421,VAPQUB__ligand1823-0
422,VAPQUB__ligand13390-0
423,VAPQUB__ligand5643-0
424,VAPQUB__ligand1324-0
425,VAPQUB__ligand8721-0
426,VAPQUB__ligand91-0
427,VAPQUB__ligand11949-0
428,VAPQUB__ligand3945-0
429,VAPQUB__ligand12138-0
430,VAPQUB__ligand24780-0
431,VAPQUB__ligand2693-0
432,VAPQUB__ligand5383-0
433,VAPQUB__ligand22129-0
434,VAPQUB__ligand25561-0
435,VAPQUB__ligand9344-0
436,VAPQUB__ligand3736-0
437,VAPQUB__ligand8000-0
438,VAPQUB__ligand384-0
439,VAPQUB__ligand31694-0
440,VAPQUB__ligand7291-0
441,VAPQUB__ligand768-0
442,VAPQUB__ligand9883-0
443,VAPQUB__ligand3677-1
444,VAPQUB__ligand29486-0
445,VAPQUB__ligand2985-0
446,VAPQUB__ligand4007-0
447,VAPQUB__ligand51-0
448,VAPQUB__ligand17427-0
449,VAPQUB__ligand9299-0
450,VAPQUB__ligand13385-0
451,VAPQUB__ligand6699-0
452,VAPQUB__ligand14569-0
453,VAPQUB__ligand24111-0
454,VAPQUB__ligand22444-0
455,VAPQUB__ligand11587-0
456,VAPQUB__ligand3632-0
457,VAPQUB__ligand13220-0
458,VAPQUB__ligand3677-0
459,VAPQUB__ligand1168-0
460,VAPQUB__ligand23175-0
461,VAPQUB__ligand15788-0
462,VAPQUB__ligand17396-0
463,VAPQUB__ligand1294-0
464,VAPQUB__ligand6892-0
465,VAPQUB__ligand48-0
466,VAPQUB__ligand30728-0
467,VAPQUB__ligand27840-0
468,VAPQUB__ligand240-0
469,VAPQUB__ligand1211-0
470,VAPQUB__ligand24872-0
471,VAPQUB__ligand141-0
472,VAPQUB__ligand24644-0
473,VAPQUB__ligand3712-0
474,VAPQUB__ligand1464-0
475,VAPQUB__ligand10033-0
476,VAPQUB__ligand1499-0
477,VAPQUB__ligand12001-0
478,VAPQUB__ligand2881-0
479,VAPQUB__ligand4358-0
480,VAPQUB__ligand3120-0
481,VAPQUB__ligand29215-0
482,VAPQUB__ligand3926-0
483,VAPQUB__ligand693-0
484,VAPQUB__ligand2221-0
485,VAPQUB__ligand4101-0
486,VAPQUB__ligand5595-0
487,VAPQUB__ligand12003-0
488,VAPQUB__ligand16148-0
489,VAPQUB__ligand26631-0
490,VAPQUB__ligand21399-0
491,VAPQUB__ligand10872-0
492,VAPQUB__ligand9773-0
493,VAPQUB__ligand22403-0
494,VAPQUB__ligand5510-0
495,VAPQUB__ligand1376-0
496,VAPQUB__ligand1296-0
497,VAPQUB__ligand27754-0
498,VAPQUB__ligand2259-0
499,VAPQUB__ligand20695-0
500,VAPQUB__ligand32-0
501,VAPQUB__ligand28540-0
502,VAPQUB__ligand1197-0
503,VAPQUB__ligand11111-0
504,VAPQUB__ligand16369-0
505,VAPQUB__ligand5099-0
506,VAPQUB__ligand8592-0
507,VAPQUB__ligand2822-0
508,VAPQUB__ligand7293-0
509,VAPQUB__ligand1317-0
510,VAPQUB__ligand3867-0
511,VAPQUB__ligand26529-0
512,VAPQUB__ligand11618-0
513,VAPQUB__ligand9167-0
514,VAPQUB__ligand5304-0
515,VAPQUB__ligand16-0
516,VAPQUB__ligand2238-0
517,VAPQUB__ligand19927-0
518,VAPQUB__ligand14043-0
519,VAPQUB__ligand7762-0
520,VAPQUB__ligand5080-0
521,VAPQUB__ligand28559-0
522,VAPQUB__ligand122-0
523,VAPQUB__ligand26324-0
524,VAPQUB__ligand5509-0
525,VAPQUB__ligand8002-0
526,VAPQUB__ligand757-0
527,VAPQUB__ligand6117-0
528,VAPQUB__ligand1407-0
529,VAPQUB__ligand21729-0
530,VAPQUB__ligand27239-0
531,VAPQUB__ligand57-0
532,VAPQUB__ligand4807-0
533,VAPQUB__ligand3178-0
534,VAPQUB__ligand5530-0
535,VAPQUB__ligand13477-0
536,VAPQUB__ligand14167-0
537,VAPQUB__ligand1356-0
538,VAPQUB__ligand1787-0
539,VAPQUB__ligand9753-0
540,VAPQUB__ligand845-0
541,VAPQUB__ligand27669-0
542,VAPQUB__ligand7196-0
543,VAPQUB__ligand30142-0
544,VAPQUB__ligand5159-0
545,VAPQUB__ligand8793-0
546,VAPQUB__ligand2788-0
547,VAPQUB__ligand5649-0
548,VAPQUB__ligand27285-0
549,VAPQUB__ligand29029-0
550,VAPQUB__ligand4649-0
551,VAPQUB__ligand2906-0
552,VAPQUB__ligand126-0
553,VAPQUB__ligand23197-0
554,VAPQUB__ligand163-0
555,VAPQUB__ligand4711-0
556,VAPQUB__ligand3244-0
557,VAPQUB__ligand7172-0
558,VAPQUB__ligand777-0
559,VAPQUB__ligand7273-0
560,VAPQUB__ligand10371-0
561,VAPQUB__ligand9323-0
562,VAPQUB__ligand1153-0
563,VAPQUB__ligand3225-0
564,VAPQUB__ligand13672-0
565,VAPQUB__ligand1116-0
566,VAPQUB__ligand7092-0
567,VAPQUB__ligand2260-0
568,VAPQUB__ligand8612-0
569,VAPQUB__ligand941-0
570,VAPQUB__ligand596-0
571,VAPQUB__ligand2124-0
572,VAPQUB__ligand18568-0
573,VAPQUB__ligand28685-0
574,VAPQUB__ligand6017-0
575,VAPQUB__ligand19184-0
576,VAPQUB__ligand657-0
577,VAPQUB__ligand7316-0
578,VAPQUB__ligand187-0
579,VAPQUB__ligand5708-0
580,VAPQUB__ligand366-0
581,VAPQUB__ligand28459-0
582,VAPQUB__ligand12453-0
583,VAPQUB__ligand5180-0
584,VAPQUB__ligand18448-0
585,VAPQUB__ligand185-0
586,VAPQUB__ligand34-0
587,VAPQUB__ligand30711-0
588,VAPQUB__ligand20207-0
589,VAPQUB__ligand11682-0
590,VAPQUB__ligand279-0
591,VAPQUB__ligand1604-0
592,VAPQUB__ligand9943-0
593,VAPQUB__ligand1228-0
594,VAPQUB__ligand178-0
595,VAPQUB__ligand2043-0
596,VAPQUB__ligand16988-0
597,VAPQUB__ligand25913-0
598,VAPQUB__ligand8788-0
599,VAPQUB__ligand1832-0
600,VAPQUB__ligand321-0
601,VAPQUB__ligand16663-0
602,VAPQUB__ligand2417-0
603,VAPQUB__ligand14614-0
604,VAPQUB__ligand3126-0
605,VAPQUB__ligand6391-0
606,VAPQUB__ligand24035-0
607,VAPQUB__ligand9284-0
608,VAPQUB__ligand1114-0
609,VAPQUB__ligand11994-0
610,VAPQUB__ligand201-0
611,VAPQUB__ligand31044-0
612,VAPQUB__ligand31842-0
613,VAPQUB__ligand12365-0
614,VAPQUB__ligand10056-0
615,VAPQUB__ligand338-0
616,VAPQUB__ligand13862-0
617,VAPQUB__ligand11357-0
618,VAPQUB__ligand28743-0
619,VAPQUB__ligand15531-0
620,VAPQUB__ligand22294-0
621,VAPQUB__ligand1289-0
622,VAPQUB__ligand68-0
623,VAPQUB__ligand2203-0
624,VAPQUB__ligand22168-0
625,VAPQUB__ligand28930-0
626,VAPQUB__ligand5387-0
627,VAPQUB__ligand21919-0
628,VAPQUB__ligand2612-0
629,VAPQUB__ligand11970-0
630,VAPQUB__ligand15883-0
631,VAPQUB__ligand1599-0
632,VAPQUB__ligand55-0
633,VAPQUB__ligand9450-0
634,VAPQUB__ligand24230-0
635,VAPQUB__ligand28810-0
636,VAPQUB__ligand11447-0
637,VAPQUB__ligand11096-0
638,VAPQUB__ligand19792-0
639,VAPQUB__ligand10828-0
640,VAPQUB__ligand15926-0
641,VAPQUB__ligand14477-0
642,VAPQUB__ligand17069-0
643,VAPQUB__ligand17445-0
644,VAPQUB__ligand9944-0
645,VAPQUB__ligand8593-0
646,VAPQUB__ligand20731-0
647,VAPQUB__ligand12413-0
648,VAPQUB__ligand2001-0
649,VAPQUB__ligand29334-0
650,VAPQUB__ligand326-0
651,VAPQUB__ligand11798-0
652,VAPQUB__ligand7566-0
653,VAPQUB__ligand21448-0
654,VAPQUB__ligand436-0
655,VAPQUB__ligand5201-0
656,VAPQUB__ligand22357-0
657,VAPQUB__ligand11758-0
658,VAPQUB__ligand8-0
659,VAPQUB__ligand29214-0
660,VAPQUB__ligand8553-0
661,VAPQUB__ligand692-0
662,VAPQUB__ligand11501-0
663,VAPQUB__ligand1113-0
664,VAPQUB__ligand11544-0
665,VAPQUB__ligand27550-0
666,VAPQUB__ligand4124-0
667,VAPQUB__ligand3471-0
668,VAPQUB__ligand4161-0
669,VAPQUB__ligand14007-0
670,VAPQUB__ligand5415-0
671,VAPQUB__ligand18019-1
672,VAPQUB__ligand23682-0
673,VAPQUB__ligand633-0
674,VAPQUB__ligand2281-0
675,VAPQUB__ligand2650-0
676,VAPQUB__ligand29565-0
677,VAPQUB__ligand4340-0
678,VAPQUB__ligand27771-0
679,VAPQUB__ligand17-0
680,VAPQUB__ligand18158-0
681,VAPQUB__ligand3180-0
682,VAPQUB__ligand20942-1
683,VAPQUB__ligand21339-0
684,VAPQUB__ligand14226-0
685,VAPQUB__ligand6995-0
686,VAPQUB__ligand16956-0
687,VAPQUB__ligand2823-0
688,VAPQUB__ligand497-0
689,VAPQUB__ligand14339-0
690,VAPQUB__ligand30788-0
691,VAPQUB__ligand13691-0
692,VAPQUB__ligand588-0
693,VAPQUB__ligand21752-0
694,VAPQUB__ligand2027-0
695,VAPQUB__ligand300-0
696,VAPQUB__ligand1050-0
697,VAPQUB__ligand1015-0
698,VAPQUB__ligand18757-0
699,VAPQUB__ligand1028-0
700,VAPQUB__ligand24560-0
701,VAPQUB__ligand4262-0
702,VAPQUB__ligand18413-0
703,VAPQUB__ligand20844-0
704,VAPQUB__ligand24624-0
705,VAPQUB__ligand1618-0
706,VAPQUB__ligand199-0
707,VAPQUB__ligand2692-0
708,VAPQUB__ligand1498-0
709,VAPQUB__ligand4596-0
710,VAPQUB__ligand1154-0
711,VAPQUB__ligand49-0
712,VAPQUB__ligand30004-0
713,VAPQUB__ligand20557-0
714,VAPQUB__ligand9615-0
715,VAPQUB__ligand21940-0
716,VAPQUB__ligand89-0
717,VAPQUB__ligand25048-0
718,VAPQUB__ligand1169-0
719,VAPQUB__ligand8529-0
720,VAPQUB__ligand16133-0
721,VAPQUB__ligand13755-0
722,VAPQUB__ligand409-0
723,VAPQUB__ligand324-0
724,VAPQUB__ligand361-0
725,VAPQUB__ligand20432-0
726,VAPQUB__ligand27122-0
727,VAPQUB__ligand24953-0
728,VAPQUB__ligand23445-0
729,VAPQUB__ligand11606-0
730,VAPQUB__ligand1539-0
731,VAPQUB__ligand1150-0
732,VAPQUB__ligand694-0
733,VAPQUB__ligand31000-0
734,VAPQUB__ligand430-0
735,VAPQUB__ligand26673-0
736,VAPQUB__ligand3416-0
737,VAPQUB__ligand358-0
738,VAPQUB__ligand3453-0
739,VAPQUB__ligand20821-0
740,VAPQUB__ligand4207-0
741,VAPQUB__ligand488-0
742,VAPQUB__ligand3042-0
743,VAPQUB__ligand19824-0
744,VAPQUB__ligand18067-0
745,VAPQUB__ligand8200-0
746,VAPQUB__ligand7438-0
747,VAPQUB__ligand4063-0
748,VAPQUB__ligand11252-0
749,VAPQUB__ligand10582-0
750,VAPQUB__ligand13260-0
751,VAPQUB__ligand1779-0
752,VAPQUB__ligand1817-0
753,VAPQUB__ligand6993-0
754,VAPQUB__ligand9750-0
755,VAPQUB__ligand31205-0
756,VAPQUB__ligand25658-0
757,VAPQUB__ligand17686-0
758,VAPQUB__ligand7075-0
759,VAPQUB__ligand11177-0
760,VAPQUB__ligand670-0
761,VAPQUB__ligand15455-0
762,VAPQUB__ligand3557-0
763,VAPQUB__ligand3980-0
764,VAPQUB__ligand571-0
765,VAPQUB__ligand1149-0
766,VAPQUB__ligand534-0
767,VAPQUB__ligand11-0
768,VAPQUB__ligand1288-0
769,VAPQUB__ligand16870-0
770,VAPQUB__ligand69-0
771,VAPQUB__ligand11622-0
772,VAPQUB__ligand11814-0
773,VAPQUB__ligand1400-0
774,VAPQUB__ligand4266-0
775,VAPQUB__ligand9491-0
776,VAPQUB__ligand16603-0
777,VAPQUB__ligand4167-0
778,VAPQUB__ligand3144-0
779,VAPQUB__ligand5085-0
780,VAPQUB__ligand162-0
781,VAPQUB__ligand24851-0
782,VAPQUB__ligand14347-0
783,VAPQUB__ligand13657-0
784,VAPQUB__ligand14302-0
785,VAPQUB__ligand4710-0
786,VAPQUB__ligand5755-0
787,VAPQUB__ligand20530-0
788,VAPQUB__ligand11698-0
789,VAPQUB__ligand226-0
790,VAPQUB__ligand27610-0
791,VAPQUB__ligand10479-0
792,VAPQUB__ligand416-0
793,VAPQUB__ligand1828-0
794,VAPQUB__ligand11479-0
795,VAPQUB__ligand1397-0
796,VAPQUB__ligand7213-0
797,VAPQUB__ligand8042-0
798,VAPQUB__ligand383-0
799,VAPQUB__ligand29441-0
800,VAPQUB__ligand6112-0
801,VAPQUB__ligand10853-0
802,VAPQUB__ligand1786-0
803,VAPQUB__ligand5630-0
804,VAPQUB__ligand16952-0
805,VAPQUB__ligand29813-0
806,VAPQUB__ligand1908-0
807,VAPQUB__ligand20220-0
808,VAPQUB__ligand20121-0
809,VAPQUB__ligand15387-0
810,VAPQUB__ligand4795-0
811,VAPQUB__ligand3285-0
812,VAPQUB__ligand5614-0
813,VAPQUB__ligand5280-0
814,VAPQUB__ligand1831-0
815,VAPQUB__ligand5515-0
816,VAPQUB__ligand6663-0
817,VAPQUB__ligand10151-0
818,VAPQUB__ligand656-0
819,VAPQUB__ligand5019-0
820,VAPQUB__ligand19906-0
821,VAPQUB__ligand696-0
822,VAPQUB__ligand3261-0
823,VAPQUB__ligand1152-0
824,VAPQUB__ligand19668-0
825,VAPQUB__ligand1216-0
826,VAPQUB__ligand22353-0
827,VAPQUB__ligand1849-0
