,TMC
0,BERDEH__ligand17398-0
1,BERDEH__ligand845-0
2,BERDEH__ligand24047-0
3,BERDEH__ligand22557-0
4,BERDEH__ligand10589-0
5,BERDEH__ligand68-0
6,BERDEH__ligand20598-0
7,BERDEH__ligand4620-0
8,BERDEH__ligand11675-0
9,BERDEH__ligand17982-0
10,BERDEH__ligand29414-0
11,BERDEH__ligand17278-0
12,BERDEH__ligand20011-0
13,BERDEH__ligand6067-0
14,BERDEH__ligand1577-0
15,BERDEH__ligand2295-0
16,BERDEH__ligand7819-0
17,BERDEH__ligand2917-0
18,BERDEH__ligand163-0
19,BERDEH__ligand126-0
20,BERDEH__ligand20251-1
21,BERDEH__ligand14703-0
22,BERDEH__ligand16475-0
23,BERDEH__ligand3465-0
24,BERDEH__ligand55-0
25,BERDEH__ligand6102-0
26,BERDEH__ligand6904-0
27,BERDEH__ligand3721-0
28,BERDEH__ligand6596-0
29,BERDEH__ligand14117-0
30,BERDEH__ligand3234-0
31,BERDEH__ligand1142-0
32,BERDEH__ligand17261-0
33,BERDEH__ligand596-0
34,BERDEH__ligand941-0
35,BERDEH__ligand20251-0
36,BERDEH__ligand20214-0
37,BERDEH__ligand30702-0
38,BERDEH__ligand2028-0
39,BERDEH__ligand8835-0
40,BERDEH__ligand7126-0
41,BERDEH__ligand20539-0
42,BERDEH__ligand34-0
43,BERDEH__ligand31097-0
44,BERDEH__ligand21581-0
45,BERDEH__ligand777-0
46,BERDEH__ligand4641-0
47,BERDEH__ligand29568-0
48,BERDEH__ligand366-0
49,BERDEH__ligand14889-0
50,BERDEH__ligand30851-0
51,BERDEH__ligand187-0
52,BERDEH__ligand21371-0
53,BERDEH__ligand17118-0
54,BERDEH__ligand20419-0
55,BERDEH__ligand657-0
56,BERDEH__ligand28789-0
57,BERDEH__ligand321-0
58,BERDEH__ligand26810-0
59,BERDEH__ligand8721-0
60,BERDEH__ligand27482-0
61,BERDEH__ligand1324-0
62,BERDEH__ligand13208-0
63,BERDEH__ligand1823-0
64,BERDEH__ligand5643-0
65,BERDEH__ligand1615-0
66,BERDEH__ligand5036-0
67,BERDEH__ligand2526-0
68,BERDEH__ligand178-0
69,BERDEH__ligand279-0
70,BERDEH__ligand185-0
71,BERDEH__ligand9111-0
72,BERDEH__ligand9952-0
73,BERDEH__ligand9601-0
74,BERDEH__ligand201-0
75,BERDEH__ligand13390-0
76,BERDEH__ligand8992-0
77,BERDEH__ligand4116-0
78,BERDEH__ligand1018-0
79,BERDEH__ligand7967-0
80,BERDEH__ligand6124-0
81,BERDEH__ligand3707-0
82,BERDEH__ligand20682-0
83,BERDEH__ligand14174-0
84,BERDEH__ligand10712-0
85,BERDEH__ligand2915-0
86,BERDEH__ligand11456-0
87,BERDEH__ligand3156-0
88,BERDEH__ligand25411-0
89,BERDEH__ligand1378-0
90,BERDEH__ligand338-0
91,BERDEH__ligand57-0
92,BERDEH__ligand6244-0
93,BERDEH__ligand2332-0
94,BERDEH__ligand9441-0
95,BERDEH__ligand13294-0
96,BERDEH__ligand31832-0
97,BERDEH__ligand29879-0
98,BERDEH__ligand14248-0
99,BERDEH__ligand9933-0
100,BERDEH__ligand1575-0
101,BERDEH__ligand12030-0
102,BERDEH__ligand1530-0
103,BERDEH__ligand1631-0
104,BERDEH__ligand28884-0
105,BERDEH__ligand13331-0
106,BERDEH__ligand9784-0
107,BERDEH__ligand16-0
108,BERDEH__ligand384-0
109,BERDEH__ligand27763-0
110,BERDEH__ligand7629-0
111,BERDEH__ligand4272-0
112,BERDEH__ligand10262-0
113,BERDEH__ligand1451-0
114,BERDEH__ligand28676-0
115,BERDEH__ligand3954-0
116,BERDEH__ligand4442-0
117,BERDEH__ligand4093-0
118,BERDEH__ligand18814-0
119,BERDEH__ligand19057-0
120,BERDEH__ligand8699-0
121,BERDEH__ligand13425-0
122,BERDEH__ligand29302-0
123,BERDEH__ligand1160-0
124,BERDEH__ligand9520-0
125,BERDEH__ligand14108-0
126,BERDEH__ligand4016-0
127,BERDEH__ligand6709-0
128,BERDEH__ligand1219-0
129,BERDEH__ligand7867-0
130,BERDEH__ligand1304-0
131,BERDEH__ligand12641-0
132,BERDEH__ligand1790-0
133,BERDEH__ligand7280-0
134,BERDEH__ligand768-0
135,BERDEH__ligand7238-0
136,BERDEH__ligand10958-0
137,BERDEH__ligand1982-0
138,BERDEH__ligand23769-0
139,BERDEH__ligand7000-0
140,BERDEH__ligand24185-0
141,BERDEH__ligand8115-0
142,BERDEH__ligand6768-0
143,BERDEH__ligand1285-0
144,BERDEH__ligand25178-0
145,BERDEH__ligand17302-0
146,BERDEH__ligand17805-0
147,BERDEH__ligand4546-0
148,BERDEH__ligand4503-0
149,BERDEH__ligand5256-0
150,BERDEH__ligand12130-0
151,BERDEH__ligand17387-0
152,BERDEH__ligand9833-0
153,BERDEH__ligand12289-0
154,BERDEH__ligand18292-0
155,BERDEH__ligand13658-0
156,BERDEH__ligand7648-0
157,BERDEH__ligand2828-0
158,BERDEH__ligand26702-0
159,BERDEH__ligand8876-0
160,BERDEH__ligand4157-0
161,BERDEH__ligand12231-0
162,BERDEH__ligand32-0
163,BERDEH__ligand24145-0
164,BERDEH__ligand141-0
165,BERDEH__ligand2232-0
166,BERDEH__ligand15585-0
167,BERDEH__ligand12401-0
168,BERDEH__ligand9291-0
169,BERDEH__ligand240-0
170,BERDEH__ligand19830-0
171,BERDEH__ligand13068-0
172,BERDEH__ligand2176-0
173,BERDEH__ligand10476-0
174,BERDEH__ligand27893-0
175,BERDEH__ligand14723-0
176,BERDEH__ligand3094-0
177,BERDEH__ligand4155-0
178,BERDEH__ligand19641-0
179,BERDEH__ligand5211-0
180,BERDEH__ligand15422-0
181,BERDEH__ligand20578-0
182,BERDEH__ligand12934-0
183,BERDEH__ligand8969-0
184,BERDEH__ligand3131-0
185,BERDEH__ligand3937-0
186,BERDEH__ligand1202-0
187,BERDEH__ligand3174-0
188,BERDEH__ligand18832-0
189,BERDEH__ligand6839-0
190,BERDEH__ligand27175-0
191,BERDEH__ligand693-0
192,BERDEH__ligand23713-0
193,BERDEH__ligand4720-0
194,BERDEH__ligand30988-0
195,BERDEH__ligand17258-0
196,BERDEH__ligand3565-0
197,BERDEH__ligand14297-0
198,BERDEH__ligand14603-0
199,BERDEH__ligand26665-0
200,BERDEH__ligand17631-0
201,BERDEH__ligand1512-0
202,BERDEH__ligand5331-0
203,BERDEH__ligand13012-0
204,BERDEH__ligand3852-0
205,BERDEH__ligand2485-0
206,BERDEH__ligand6919-0
207,BERDEH__ligand48-0
208,BERDEH__ligand31783-0
209,BERDEH__ligand1573-0
210,BERDEH__ligand1536-0
211,BERDEH__ligand17281-0
212,BERDEH__ligand30296-0
213,BERDEH__ligand9935-0
214,BERDEH__ligand3504-0
215,BERDEH__ligand12337-0
216,BERDEH__ligand29410-0
217,BERDEH__ligand26540-0
218,BERDEH__ligand1959-0
219,BERDEH__ligand30333-0
220,BERDEH__ligand4661-0
221,BERDEH__ligand1844-0
222,BERDEH__ligand3718-0
223,BERDEH__ligand91-0
224,BERDEH__ligand6616-0
225,BERDEH__ligand12606-0
226,BERDEH__ligand3035-0
227,BERDEH__ligand1343-0
228,BERDEH__ligand3876-0
229,BERDEH__ligand7106-0
230,BERDEH__ligand4-0
231,BERDEH__ligand7242-0
232,BERDEH__ligand27460-0
233,BERDEH__ligand51-0
234,BERDEH__ligand757-0
235,BERDEH__ligand20740-0
236,BERDEH__ligand28468-0
237,BERDEH__ligand122-0
238,BERDEH__ligand12427-0
239,BERDEH__ligand16628-0
240,BERDEH__ligand1263-0
241,BERDEH__ligand9908-0
242,BERDEH__ligand488-0
243,BERDEH__ligand1771-0
244,BERDEH__ligand4911-0
245,BERDEH__ligand12519-0
246,BERDEH__ligand25735-0
247,BERDEH__ligand11206-0
248,BERDEH__ligand358-0
249,BERDEH__ligand3392-0
250,BERDEH__ligand23124-0
251,BERDEH__ligand430-0
252,BERDEH__ligand694-0
253,BERDEH__ligand5849-0
254,BERDEH__ligand2527-0
255,BERDEH__ligand31248-0
256,BERDEH__ligand25650-0
257,BERDEH__ligand12660-0
258,BERDEH__ligand19257-0
259,BERDEH__ligand13209-0
260,BERDEH__ligand8464-0
261,BERDEH__ligand1709-0
262,BERDEH__ligand8349-0
263,BERDEH__ligand534-0
264,BERDEH__ligand21787-0
265,BERDEH__ligand571-0
266,BERDEH__ligand1688-0
267,BERDEH__ligand25575-0
268,BERDEH__ligand3647-0
269,BERDEH__ligand25689-0
270,BERDEH__ligand5357-0
271,BERDEH__ligand670-0
272,BERDEH__ligand4850-0
273,BERDEH__ligand5056-0
274,BERDEH__ligand1768-0
275,BERDEH__ligand3871-0
276,BERDEH__ligand12295-0
277,BERDEH__ligand1469-0
278,BERDEH__ligand27835-0
279,BERDEH__ligand3-0
280,BERDEH__ligand1379-0
281,BERDEH__ligand23906-0
282,BERDEH__ligand2722-0
283,BERDEH__ligand21132-0
284,BERDEH__ligand5935-0
285,BERDEH__ligand11166-0
286,BERDEH__ligand30539-0
287,BERDEH__ligand1165-0
288,BERDEH__ligand9525-0
289,BERDEH__ligand3157-0
290,BERDEH__ligand13257-0
291,BERDEH__ligand4131-0
292,BERDEH__ligand1712-0
293,BERDEH__ligand11-0
294,BERDEH__ligand383-0
295,BERDEH__ligand21936-0
296,BERDEH__ligand1-0
297,BERDEH__ligand23904-0
298,BERDEH__ligand416-0
299,BERDEH__ligand25267-0
300,BERDEH__ligand226-0
301,BERDEH__ligand5094-0
302,BERDEH__ligand5892-0
303,BERDEH__ligand10084-0
304,BERDEH__ligand162-0
305,BERDEH__ligand12467-0
306,BERDEH__ligand1533-0
307,BERDEH__ligand27169-0
308,BERDEH__ligand14523-0
309,BERDEH__ligand18391-0
310,BERDEH__ligand27074-0
311,BERDEH__ligand25805-0
312,BERDEH__ligand22981-0
313,BERDEH__ligand20599-0
314,BERDEH__ligand1496-0
315,BERDEH__ligand69-0
316,BERDEH__ligand7557-0
317,BERDEH__ligand2208-0
318,BERDEH__ligand656-0
319,BERDEH__ligand3208-0
320,BERDEH__ligand18465-0
321,BERDEH__ligand18799-0
322,BERDEH__ligand3350-0
323,BERDEH__ligand7573-0
324,BERDEH__ligand16791-0
325,BERDEH__ligand2781-0
326,BERDEH__ligand6672-0
327,BERDEH__ligand9809-0
328,BERDEH__ligand1327-0
329,BERDEH__ligand8722-0
330,BERDEH__ligand28668-0
331,BERDEH__ligand3029-0
332,BERDEH__ligand7162-0
333,BERDEH__ligand29610-0
334,BERDEH__ligand2328-0
335,BERDEH__ligand11140-0
336,BERDEH__ligand1773-0
337,BERDEH__ligand4581-0
338,BERDEH__ligand1900-0
339,BERDEH__ligand9197-0
340,BERDEH__ligand29863-0
341,BERDEH__ligand18074-0
342,BERDEH__ligand13869-0
343,BERDEH__ligand696-0
344,BERDEH__ligand10555-0
345,BERDEH__ligand4194-0
346,BERDEH__ligand326-0
347,BERDEH__ligand31483-0
348,BERDEH__ligand49-0
349,BERDEH__ligand7532-0
350,BERDEH__ligand24613-0
351,BERDEH__ligand19725-0
352,BERDEH__ligand2599-0
353,BERDEH__ligand4330-0
354,BERDEH__ligand3973-0
355,BERDEH__ligand21421-0
356,BERDEH__ligand692-0
357,BERDEH__ligand11774-0
358,BERDEH__ligand14586-0
359,BERDEH__ligand1147-0
360,BERDEH__ligand11568-0
361,BERDEH__ligand2068-0
362,BERDEH__ligand436-0
363,BERDEH__ligand7925-0
364,BERDEH__ligand17710-0
365,BERDEH__ligand20579-0
366,BERDEH__ligand89-0
367,BERDEH__ligand17240-0
368,BERDEH__ligand3215-0
369,BERDEH__ligand17590-0
370,BERDEH__ligand7107-0
371,BERDEH__ligand12682-0
372,BERDEH__ligand18699-0
373,BERDEH__ligand497-0
374,BERDEH__ligand6283-0
375,BERDEH__ligand6062-0
376,BERDEH__ligand13072-0
377,BERDEH__ligand4813-0
378,BERDEH__ligand12336-0
379,BERDEH__ligand5813-0
380,BERDEH__ligand633-0
381,BERDEH__ligand4738-0
382,BERDEH__ligand28924-0
383,BERDEH__ligand2830-0
384,BERDEH__ligand300-0
385,BERDEH__ligand15438-0
386,BERDEH__ligand5627-0
387,BERDEH__ligand1729-0
388,BERDEH__ligand5483-0
389,BERDEH__ligand588-0
390,BERDEH__ligand29087-0
391,BERDEH__ligand18703-0
392,BERDEH__ligand5316-0
393,BERDEH__ligand199-0
394,BERDEH__ligand17945-0
395,BERDEH__ligand9148-0
396,BERDEH__ligand18013-0
397,BERDEH__ligand25224-0
398,BERDEH__ligand31578-0
399,BERDEH__ligand17207-0
400,BERDEH__ligand17-0
401,BERDEH__ligand24750-0
402,BERDEH__ligand7529-0
403,BERDEH__ligand6946-0
404,BERDEH__ligand1415-0
405,BERDEH__ligand26277-0
406,BERDEH__ligand29898-0
407,BERDEH__ligand6882-0
408,BERDEH__ligand6455-0
409,BERDEH__ligand22755-0
410,BERDEH__ligand31618-0
411,BERDEH__ligand11432-0
412,BERDEH__ligand3934-0
413,BERDEH__ligand10432-0
414,BERDEH__ligand2403-0
415,BERDEH__ligand24064-0
416,BERDEH__ligand1065-0
417,BERDEH__ligand7530-0
418,BERDEH__ligand361-0
419,BERDEH__ligand324-0
420,BERDEH__ligand1449-0
421,BERDEH__ligand3012-0
422,BERDEH__ligand409-0
423,BERDEH__ligand23589-0
424,BERDEH__ligand4332-0
425,BERDEH__ligand15168-0
426,BERDEH__ligand9681-0
427,BERDEH__ligand4167-0
428,BERDEH__ligand11177-0
429,BERDEH__ligand9491-0
430,BERDEH__ligand1400-0
431,BERDEH__ligand4266-0
432,BERDEH__ligand15455-0
433,BERDEH__ligand235-0
434,BERDEH__ligand17686-0
435,BERDEH__ligand25658-0
436,BERDEH__ligand31205-0
437,BERDEH__ligand134-0
438,BERDEH__ligand1288-0
439,BERDEH__ligand1149-0
440,BERDEH__ligand11814-0
441,BERDEH__ligand3980-0
442,BERDEH__ligand3557-0
443,BERDEH__ligand560-0
444,BERDEH__ligand7075-0
445,BERDEH__ligand16603-0
446,BERDEH__ligand16870-0
447,BERDEH__ligand9750-0
448,BERDEH__ligand11622-0
449,BERDEH__ligand6993-0
450,BERDEH__ligand1817-0
451,BERDEH__ligand1779-0
452,BERDEH__ligand26673-0
453,BERDEH__ligand4063-0
454,BERDEH__ligand20821-0
455,BERDEH__ligand294-0
456,BERDEH__ligand8200-0
457,BERDEH__ligand7438-0
458,BERDEH__ligand11606-0
459,BERDEH__ligand31000-0
460,BERDEH__ligand3042-0
461,BERDEH__ligand4207-0
462,BERDEH__ligand11252-0
463,BERDEH__ligand421-0
464,BERDEH__ligand10582-0
465,BERDEH__ligand3453-0
466,BERDEH__ligand3416-0
467,BERDEH__ligand13260-0
468,BERDEH__ligand1150-0
469,BERDEH__ligand19824-0
470,BERDEH__ligand685-0
471,BERDEH__ligand18067-0
472,BERDEH__ligand1539-0
473,BERDEH__ligand24-0
474,BERDEH__ligand1849-0
475,BERDEH__ligand10151-0
476,BERDEH__ligand1216-0
477,BERDEH__ligand1152-0
478,BERDEH__ligand3261-0
479,BERDEH__ligand5019-0
480,BERDEH__ligand22353-0
481,BERDEH__ligand197-0
482,BERDEH__ligand19668-0
483,BERDEH__ligand5515-0
484,BERDEH__ligand6663-0
485,BERDEH__ligand19906-0
486,BERDEH__ligand5280-0
487,BERDEH__ligand5614-0
488,BERDEH__ligand19-0
489,BERDEH__ligand1831-0
490,BERDEH__ligand4795-0
491,BERDEH__ligand3285-0
492,BERDEH__ligand10479-0
493,BERDEH__ligand27610-0
494,BERDEH__ligand11479-0
495,BERDEH__ligand29441-0
496,BERDEH__ligand10853-0
497,BERDEH__ligand1908-0
498,BERDEH__ligand24851-0
499,BERDEH__ligand5630-0
500,BERDEH__ligand78-0
501,BERDEH__ligand20530-0
502,BERDEH__ligand352-0
503,BERDEH__ligand783-0
504,BERDEH__ligand11698-0
505,BERDEH__ligand14302-0
506,BERDEH__ligand14347-0
507,BERDEH__ligand13657-0
508,BERDEH__ligand1786-0
509,BERDEH__ligand6112-0
510,BERDEH__ligand8042-0
511,BERDEH__ligand20220-0
512,BERDEH__ligand1397-0
513,BERDEH__ligand15387-0
514,BERDEH__ligand7213-0
515,BERDEH__ligand868-0
516,BERDEH__ligand1828-0
517,BERDEH__ligand20121-0
518,BERDEH__ligand45-0
519,BERDEH__ligand4710-0
520,BERDEH__ligand5755-0
521,BERDEH__ligand3144-0
522,BERDEH__ligand29813-0
523,BERDEH__ligand16952-0
524,BERDEH__ligand5085-0
525,BERDEH__ligand2823-0
526,BERDEH__ligand18019-1
527,BERDEH__ligand14007-0
528,BERDEH__ligand6995-0
529,BERDEH__ligand909-0
530,BERDEH__ligand3180-0
531,BERDEH__ligand27550-0
532,BERDEH__ligand2281-0
533,BERDEH__ligand2650-0
534,BERDEH__ligand4340-0
535,BERDEH__ligand20942-1
536,BERDEH__ligand5415-0
537,BERDEH__ligand16956-0
538,BERDEH__ligand21339-0
539,BERDEH__ligand14226-0
540,BERDEH__ligand177-0
541,BERDEH__ligand3471-0
542,BERDEH__ligand4161-0
543,BERDEH__ligand4124-0
544,BERDEH__ligand29565-0
545,BERDEH__ligand23682-0
546,BERDEH__ligand18158-0
547,BERDEH__ligand27771-0
548,BERDEH__ligand1113-0
549,BERDEH__ligand12413-0
550,BERDEH__ligand29334-0
551,BERDEH__ligand8553-0
552,BERDEH__ligand116-0
553,BERDEH__ligand20731-0
554,BERDEH__ligand252-0
555,BERDEH__ligand11798-0
556,BERDEH__ligand17069-0
557,BERDEH__ligand5201-0
558,BERDEH__ligand14477-0
559,BERDEH__ligand17445-0
560,BERDEH__ligand29214-0
561,BERDEH__ligand7566-0
562,BERDEH__ligand830-0
563,BERDEH__ligand11544-0
564,BERDEH__ligand11501-0
565,BERDEH__ligand2001-0
566,BERDEH__ligand372-0
567,BERDEH__ligand9944-0
568,BERDEH__ligand193-0
569,BERDEH__ligand8593-0
570,BERDEH__ligand21448-0
571,BERDEH__ligand22357-0
572,BERDEH__ligand11758-0
573,BERDEH__ligand20557-0
574,BERDEH__ligand30004-0
575,BERDEH__ligand370-0
576,BERDEH__ligand8529-0
577,BERDEH__ligand1169-0
578,BERDEH__ligand250-0
579,BERDEH__ligand9615-0
580,BERDEH__ligand20432-0
581,BERDEH__ligand27122-0
582,BERDEH__ligand16133-0
583,BERDEH__ligand13755-0
584,BERDEH__ligand23445-0
585,BERDEH__ligand24953-0
586,BERDEH__ligand1154-0
587,BERDEH__ligand4596-0
588,BERDEH__ligand25048-0
589,BERDEH__ligand21940-0
590,BERDEH__ligand1498-0
591,BERDEH__ligand67-0
592,BERDEH__ligand2692-0
593,BERDEH__ligand21752-0
594,BERDEH__ligand1618-0
595,BERDEH__ligand188-0
596,BERDEH__ligand14339-0
597,BERDEH__ligand4262-0
598,BERDEH__ligand43-0
599,BERDEH__ligand1028-0
600,BERDEH__ligand30788-0
601,BERDEH__ligand13691-0
602,BERDEH__ligand1015-0
603,BERDEH__ligand1050-0
604,BERDEH__ligand479-0
605,BERDEH__ligand2027-0
606,BERDEH__ligand311-0
607,BERDEH__ligand785-0
608,BERDEH__ligand18757-0
609,BERDEH__ligand564-0
610,BERDEH__ligand24560-0
611,BERDEH__ligand20844-0
612,BERDEH__ligand18413-0
613,BERDEH__ligand620-0
614,BERDEH__ligand24624-0
615,BERDEH__ligand370-1
616,BERDEH__ligand13672-0
617,BERDEH__ligand5180-0
618,BERDEH__ligand8-0
619,BERDEH__ligand18-0
620,BERDEH__ligand28685-0
621,BERDEH__ligand18568-0
622,BERDEH__ligand5708-0
623,BERDEH__ligand7316-0
624,BERDEH__ligand196-0
625,BERDEH__ligand6017-0
626,BERDEH__ligand10371-0
627,BERDEH__ligand2124-0
628,BERDEH__ligand686-0
629,BERDEH__ligand8612-0
630,BERDEH__ligand18448-0
631,BERDEH__ligand1116-0
632,BERDEH__ligand1153-0
633,BERDEH__ligand12453-0
634,BERDEH__ligand3225-0
635,BERDEH__ligand2260-0
636,BERDEH__ligand7092-0
637,BERDEH__ligand28459-0
638,BERDEH__ligand19184-0
639,BERDEH__ligand9323-0
640,BERDEH__ligand7273-0
641,BERDEH__ligand422-0
642,BERDEH__ligand7172-0
643,BERDEH__ligand3244-0
644,BERDEH__ligand4711-0
645,BERDEH__ligand13477-0
646,BERDEH__ligand14167-0
647,BERDEH__ligand30142-0
648,BERDEH__ligand27669-0
649,BERDEH__ligand2906-0
650,BERDEH__ligand2788-0
651,BERDEH__ligand393-0
652,BERDEH__ligand5649-0
653,BERDEH__ligand8793-0
654,BERDEH__ligand4649-0
655,BERDEH__ligand23197-0
656,BERDEH__ligand5159-0
657,BERDEH__ligand7196-0
658,BERDEH__ligand9753-0
659,BERDEH__ligand353-0
660,BERDEH__ligand5530-0
661,BERDEH__ligand1356-0
662,BERDEH__ligand1787-0
663,BERDEH__ligand27285-0
664,BERDEH__ligand3178-0
665,BERDEH__ligand29029-0
666,BERDEH__ligand4807-0
667,BERDEH__ligand28930-0
668,BERDEH__ligand22168-0
669,BERDEH__ligand22294-0
670,BERDEH__ligand780-0
671,BERDEH__ligand314-0
672,BERDEH__ligand21919-0
673,BERDEH__ligand9450-0
674,BERDEH__ligand813-0
675,BERDEH__ligand1599-0
676,BERDEH__ligand10056-0
677,BERDEH__ligand12365-0
678,BERDEH__ligand11357-0
679,BERDEH__ligand13862-0
680,BERDEH__ligand2612-0
681,BERDEH__ligand15531-0
682,BERDEH__ligand28743-0
683,BERDEH__ligand28810-0
684,BERDEH__ligand11096-0
685,BERDEH__ligand11447-0
686,BERDEH__ligand24230-0
687,BERDEH__ligand15926-0
688,BERDEH__ligand5387-0
689,BERDEH__ligand618-0
690,BERDEH__ligand2203-0
691,BERDEH__ligand19792-0
692,BERDEH__ligand1289-0
693,BERDEH__ligand10828-0
694,BERDEH__ligand391-0
695,BERDEH__ligand11970-0
696,BERDEH__ligand15883-0
697,BERDEH__ligand16988-0
698,BERDEH__ligand25913-0
699,BERDEH__ligand1114-0
700,BERDEH__ligand9284-0
701,BERDEH__ligand3126-0
702,BERDEH__ligand6391-0
703,BERDEH__ligand11682-0
704,BERDEH__ligand465-0
705,BERDEH__ligand20207-0
706,BERDEH__ligand30711-0
707,BERDEH__ligand2417-0
708,BERDEH__ligand24035-0
709,BERDEH__ligand8788-0
710,BERDEH__ligand1832-0
711,BERDEH__ligand31842-0
712,BERDEH__ligand31044-0
713,BERDEH__ligand11994-0
714,BERDEH__ligand2043-0
715,BERDEH__ligand16663-0
716,BERDEH__ligand9943-0
717,BERDEH__ligand1228-0
718,BERDEH__ligand14614-0
719,BERDEH__ligand314-1
720,BERDEH__ligand1604-0
721,BERDEH__ligand2881-0
722,BERDEH__ligand13220-0
723,BERDEH__ligand11587-0
724,BERDEH__ligand66-0
725,BERDEH__ligand1499-0
726,BERDEH__ligand3712-0
727,BERDEH__ligand1464-0
728,BERDEH__ligand17396-0
729,BERDEH__ligand23175-0
730,BERDEH__ligand15788-0
731,BERDEH__ligand14569-0
732,BERDEH__ligand1211-0
733,BERDEH__ligand13385-0
734,BERDEH__ligand24111-0
735,BERDEH__ligand115-0
736,BERDEH__ligand22444-0
737,BERDEH__ligand6892-0
738,BERDEH__ligand1294-0
739,BERDEH__ligand10033-0
740,BERDEH__ligand1168-0
741,BERDEH__ligand24644-0
742,BERDEH__ligand12001-0
743,BERDEH__ligand3677-0
744,BERDEH__ligand3632-0
745,BERDEH__ligand27840-0
746,BERDEH__ligand30728-0
747,BERDEH__ligand6699-0
748,BERDEH__ligand833-0
749,BERDEH__ligand24872-0
750,BERDEH__ligand25561-0
751,BERDEH__ligand9299-0
752,BERDEH__ligand2985-0
753,BERDEH__ligand4007-0
754,BERDEH__ligand9883-0
755,BERDEH__ligand3677-1
756,BERDEH__ligand11949-0
757,BERDEH__ligand7291-0
758,BERDEH__ligand22129-0
759,BERDEH__ligand12138-0
760,BERDEH__ligand24780-0
761,BERDEH__ligand784-0
762,BERDEH__ligand8000-0
763,BERDEH__ligand3736-0
764,BERDEH__ligand368-0
765,BERDEH__ligand395-0
766,BERDEH__ligand42-0
767,BERDEH__ligand9344-0
768,BERDEH__ligand17427-0
769,BERDEH__ligand2693-0
770,BERDEH__ligand5383-0
771,BERDEH__ligand31694-0
772,BERDEH__ligand3945-0
773,BERDEH__ligand29486-0
774,BERDEH__ligand746-0
775,BERDEH__ligand11618-0
776,BERDEH__ligand6117-0
777,BERDEH__ligand1407-0
778,BERDEH__ligand447-0
779,BERDEH__ligand8002-0
780,BERDEH__ligand5509-0
781,BERDEH__ligand5080-0
782,BERDEH__ligand7762-0
783,BERDEH__ligand176-0
784,BERDEH__ligand26529-0
785,BERDEH__ligand21729-0
786,BERDEH__ligand27239-0
787,BERDEH__ligand2238-0
788,BERDEH__ligand5304-0
789,BERDEH__ligand9167-0
790,BERDEH__ligand19927-0
791,BERDEH__ligand7293-0
792,BERDEH__ligand2822-0
793,BERDEH__ligand3867-0
794,BERDEH__ligand1317-0
795,BERDEH__ligand28559-0
796,BERDEH__ligand487-0
797,BERDEH__ligand26324-0
798,BERDEH__ligand14043-0
799,BERDEH__ligand38-0
800,BERDEH__ligand506-0
801,BERDEH__ligand8592-0
802,BERDEH__ligand16148-0
803,BERDEH__ligand26631-0
804,BERDEH__ligand5099-0
805,BERDEH__ligand12003-0
806,BERDEH__ligand1197-0
807,BERDEH__ligand2259-0
808,BERDEH__ligand21399-0
809,BERDEH__ligand1296-0
810,BERDEH__ligand10872-0
811,BERDEH__ligand29215-0
812,BERDEH__ligand5510-0
813,BERDEH__ligand1376-0
814,BERDEH__ligand9773-0
815,BERDEH__ligand20695-0
816,BERDEH__ligand27754-0
817,BERDEH__ligand16369-0
818,BERDEH__ligand28540-0
819,BERDEH__ligand4101-0
820,BERDEH__ligand11111-0
821,BERDEH__ligand5595-0
822,BERDEH__ligand2221-0
823,BERDEH__ligand152-0
824,BERDEH__ligand22403-0
825,BERDEH__ligand3926-0
826,BERDEH__ligand3120-0
827,BERDEH__ligand4358-0
