,TMC
0,GENYAB__ligand1248-0
1,GENYAB__ligand4303-0
2,GENYAB__ligand18-0
3,GENYAB__ligand365-0
4,GENYAB__ligand1598-0
5,GENYAB__ligand1054-0
6,GENYAB__ligand278-0
7,GENYAB__ligand6294-0
8,GENYAB__ligand669-0
9,GENYAB__ligand358-0
10,GENYAB__ligand7464-0
11,GENYAB__ligand430-0
12,GENYAB__ligand509-0
13,GENYAB__ligand3637-0
14,GENYAB__ligand670-0
15,GENYAB__ligand8774-0
16,GENYAB__ligand118-0
17,GENYAB__ligand571-0
18,GENYAB__ligand11730-0
19,GENYAB__ligand86-0
20,GENYAB__ligand1607-0
21,GENYAB__ligand162-0
22,GENYAB__ligand226-0
23,GENYAB__ligand1727-0
24,GENYAB__ligand1152-0
25,GENYAB__ligand383-0
26,GENYAB__ligand2430-0
27,GENYAB__ligand1703-0
28,GENYAB__ligand62-0
29,GENYAB__ligand2907-0
30,GENYAB__ligand2510-0
31,GENYAB__ligand1567-0
32,GENYAB__ligand2285-0
33,GENYAB__ligand8921-0
34,GENYAB__ligand2862-0
35,GENYAB__ligand1056-0
36,GENYAB__ligand2320-0
37,GENYAB__ligand436-0
38,GENYAB__ligand66-0
39,GENYAB__ligand1273-0
40,GENYAB__ligand142-0
41,GENYAB__ligand206-0
42,GENYAB__ligand553-0
43,GENYAB__ligand1052-0
44,GENYAB__ligand283-0
45,GENYAB__ligand821-0
46,GENYAB__ligand326-0
47,GENYAB__ligand4983-0
48,GENYAB__ligand918-0
49,GENYAB__ligand633-0
50,GENYAB__ligand1835-0
51,GENYAB__ligand2345-0
52,GENYAB__ligand2794-0
53,GENYAB__ligand532-0
54,GENYAB__ligand497-0
55,GENYAB__ligand1502-0
56,GENYAB__ligand838-0
57,GENYAB__ligand6396-0
58,GENYAB__ligand2265-0
59,GENYAB__ligand6-0
60,GENYAB__ligand1113-0
61,GENYAB__ligand9027-0
62,GENYAB__ligand166-0
63,GENYAB__ligand4-0
64,GENYAB__ligand40-0
65,GENYAB__ligand3838-0
66,GENYAB__ligand1799-0
67,GENYAB__ligand2838-0
68,GENYAB__ligand927-0
69,GENYAB__ligand5941-0
70,GENYAB__ligand2880-0
71,GENYAB__ligand199-0
72,GENYAB__ligand575-0
73,GENYAB__ligand38-0
74,GENYAB__ligand5022-0
75,GENYAB__ligand1169-0
76,GENYAB__ligand2864-0
77,GENYAB__ligand324-0
78,GENYAB__ligand361-0
79,GENYAB__ligand409-0
80,GENYAB__ligand2142-0
81,GENYAB__ligand21-0
82,GENYAB__ligand6538-0
83,GENYAB__ligand9495-0
84,GENYAB__ligand140-0
85,GENYAB__ligand105-0
86,GENYAB__ligand2772-0
87,GENYAB__ligand6151-0
88,GENYAB__ligand3-0
89,GENYAB__ligand126-0
90,GENYAB__ligand2751-0
91,GENYAB__ligand3041-0
92,GENYAB__ligand1542-0
93,GENYAB__ligand2634-0
94,GENYAB__ligand612-0
95,GENYAB__ligand2863-0
96,GENYAB__ligand2098-0
97,GENYAB__ligand187-0
98,GENYAB__ligand6502-0
99,GENYAB__ligand6332-0
100,GENYAB__ligand366-0
101,GENYAB__ligand861-0
102,GENYAB__ligand3178-0
103,GENYAB__ligand3145-0
104,GENYAB__ligand6686-0
105,GENYAB__ligand1747-0
106,GENYAB__ligand7915-0
107,GENYAB__ligand596-0
108,GENYAB__ligand5548-0
109,GENYAB__ligand3246-0
110,GENYAB__ligand100-0
111,GENYAB__ligand201-0
112,GENYAB__ligand244-0
113,GENYAB__ligand279-0
114,GENYAB__ligand178-0
115,GENYAB__ligand1479-0
116,GENYAB__ligand321-0
117,GENYAB__ligand1148-0
118,GENYAB__ligand119-0
119,GENYAB__ligand85-0
120,GENYAB__ligand9244-0
121,GENYAB__ligand78-0
122,GENYAB__ligand1228-0
123,GENYAB__ligand45-0
124,GENYAB__ligand1538-0
125,GENYAB__ligand1-0
126,GENYAB__ligand1114-0
127,GENYAB__ligand124-0
128,GENYAB__ligand1544-0
129,GENYAB__ligand1459-0
130,GENYAB__ligand3757-0
131,GENYAB__ligand120-0
132,GENYAB__ligand2087-0
133,GENYAB__ligand1048-0
134,GENYAB__ligand384-0
135,GENYAB__ligand1685-0
136,GENYAB__ligand240-0
137,GENYAB__ligand141-0
138,GENYAB__ligand1171-0
139,GENYAB__ligand5801-0
140,GENYAB__ligand3063-0
141,GENYAB__ligand1438-0
142,GENYAB__ligand3734-0
143,GENYAB__ligand1706-0
144,GENYAB__ligand4381-0
145,GENYAB__ligand67-0
146,GENYAB__ligand2629-0
147,GENYAB__ligand6277-0
148,GENYAB__ligand1687-0
149,GENYAB__ligand757-0
150,GENYAB__ligand1951-0
151,GENYAB__ligand2688-0
152,GENYAB__ligand797-0
153,GENYAB__ligand2259-0
154,GENYAB__ligand1376-0
155,GENYAB__ligand2768-0
156,GENYAB__ligand422-0
157,GENYAB__ligand2255-0
158,GENYAB__ligand113-0
159,GENYAB__ligand4175-0
160,GENYAB__ligand196-0
161,GENYAB__ligand502-0
162,GENYAB__ligand1918-0
163,GENYAB__ligand353-0
164,GENYAB__ligand4370-0
165,GENYAB__ligand2618-0
166,GENYAB__ligand3618-0
167,GENYAB__ligand236-0
168,GENYAB__ligand1436-0
169,GENYAB__ligand391-0
170,GENYAB__ligand11-0
171,GENYAB__ligand1690-0
172,GENYAB__ligand2707-0
173,GENYAB__ligand170-0
174,GENYAB__ligand1551-0
175,GENYAB__ligand481-0
176,GENYAB__ligand2526-0
177,GENYAB__ligand314-0
178,GENYAB__ligand3196-0
179,GENYAB__ligand4012-0
180,GENYAB__ligand2915-0
181,GENYAB__ligand210-0
182,GENYAB__ligand49-0
183,GENYAB__ligand7550-0
184,GENYAB__ligand291-0
185,GENYAB__ligand115-0
186,GENYAB__ligand10479-0
187,GENYAB__ligand2762-0
188,GENYAB__ligand1038-0
189,GENYAB__ligand89-0
190,GENYAB__ligand1160-0
191,GENYAB__ligand2253-0
192,GENYAB__ligand5093-0
193,GENYAB__ligand2954-0
194,GENYAB__ligand3890-0
195,GENYAB__ligand4423-0
196,GENYAB__ligand1907-0
197,GENYAB__ligand1285-0
198,GENYAB__ligand10114-0
199,GENYAB__ligand355-0
200,GENYAB__ligand784-0
201,GENYAB__ligand1555-0
202,GENYAB__ligand485-0
203,GENYAB__ligand7630-0
204,GENYAB__ligand487-0
205,GENYAB__ligand92-0
206,GENYAB__ligand10910-0
207,GENYAB__ligand5758-0
208,GENYAB__ligand3478-0
209,GENYAB__ligand522-0
210,GENYAB__ligand3852-0
211,GENYAB__ligand666-0
212,GENYAB__ligand133-0
213,GENYAB__ligand1818-0
214,GENYAB__ligand7456-0
215,GENYAB__ligand447-0
216,GENYAB__ligand17-0
217,GENYAB__ligand682-0
218,GENYAB__ligand4619-0
219,GENYAB__ligand6143-0
220,GENYAB__ligand5235-0
221,GENYAB__ligand14530-0
222,GENYAB__ligand3251-0
223,GENYAB__ligand9176-0
224,GENYAB__ligand2718-0
225,GENYAB__ligand3035-0
226,GENYAB__ligand3070-0
227,GENYAB__ligand1493-0
228,GENYAB__ligand95-0
229,GENYAB__ligand525-0
230,GENYAB__ligand560-0
231,GENYAB__ligand6571-0
232,GENYAB__ligand2482-0
233,GENYAB__ligand109-0
234,GENYAB__ligand1325-0
235,GENYAB__ligand134-0
236,GENYAB__ligand932-0
237,GENYAB__ligand2442-0
238,GENYAB__ligand235-0
239,GENYAB__ligand1019-0
240,GENYAB__ligand1104-0
241,GENYAB__ligand5762-0
242,GENYAB__ligand7414-0
243,GENYAB__ligand390-0
244,GENYAB__ligand55-0
245,GENYAB__ligand584-0
246,GENYAB__ligand916-0
247,GENYAB__ligand1379-0
248,GENYAB__ligand1264-0
249,GENYAB__ligand1221-0
250,GENYAB__ligand34-0
251,GENYAB__ligand6430-0
252,GENYAB__ligand798-0
253,GENYAB__ligand421-0
254,GENYAB__ligand1299-0
255,GENYAB__ligand331-0
256,GENYAB__ligand8-0
257,GENYAB__ligand2929-0
258,GENYAB__ligand294-0
259,GENYAB__ligand2376-0
260,GENYAB__ligand993-0
261,GENYAB__ligand1919-0
262,GENYAB__ligand197-0
263,GENYAB__ligand296-0
264,GENYAB__ligand2389-0
265,GENYAB__ligand112-0
266,GENYAB__ligand1712-0
267,GENYAB__ligand3579-0
268,GENYAB__ligand73-0
269,GENYAB__ligand2110-0
270,GENYAB__ligand2916-0
271,GENYAB__ligand1858-0
272,GENYAB__ligand136-0
273,GENYAB__ligand8032-0
274,GENYAB__ligand868-0
275,GENYAB__ligand57-0
276,GENYAB__ligand442-0
277,GENYAB__ligand352-0
278,GENYAB__ligand783-0
279,GENYAB__ligand5334-0
280,GENYAB__ligand2480-0
281,GENYAB__ligand3051-0
282,GENYAB__ligand4504-0
283,GENYAB__ligand1898-0
284,GENYAB__ligand2315-0
285,GENYAB__ligand1246-0
286,GENYAB__ligand934-0
287,GENYAB__ligand177-0
288,GENYAB__ligand6166-0
289,GENYAB__ligand909-0
290,GENYAB__ligand2853-0
291,GENYAB__ligand3853-0
292,GENYAB__ligand2599-0
293,GENYAB__ligand5089-0
294,GENYAB__ligand851-0
295,GENYAB__ligand1307-0
296,GENYAB__ligand193-0
297,GENYAB__ligand830-0
298,GENYAB__ligand32-0
299,GENYAB__ligand252-0
300,GENYAB__ligand15630-0
301,GENYAB__ligand955-0
302,GENYAB__ligand10357-0
303,GENYAB__ligand460-0
304,GENYAB__ligand1260-0
305,GENYAB__ligand4894-0
306,GENYAB__ligand9620-0
307,GENYAB__ligand250-0
308,GENYAB__ligand7514-0
309,GENYAB__ligand3337-0
310,GENYAB__ligand48-0
311,GENYAB__ligand370-0
312,GENYAB__ligand1449-1
313,GENYAB__ligand4811-0
314,GENYAB__ligand1321-0
315,GENYAB__ligand3566-0
316,GENYAB__ligand91-0
317,GENYAB__ligand1178-0
318,GENYAB__ligand311-0
319,GENYAB__ligand29-0
320,GENYAB__ligand51-0
321,GENYAB__ligand444-0
322,GENYAB__ligand369-0
323,GENYAB__ligand188-0
324,GENYAB__ligand1788-0
