,TMC
0,ZEPPEP__ligand24185-0
1,ZEPPEP__ligand4157-0
2,ZEPPEP__ligand23769-0
3,ZEPPEP__ligand5256-0
4,ZEPPEP__ligand25178-0
5,ZEPPEP__ligand9833-0
6,ZEPPEP__ligand8876-0
7,ZEPPEP__ligand2828-0
8,ZEPPEP__ligand7648-0
9,ZEPPEP__ligand9291-0
10,ZEPPEP__ligand17302-0
11,ZEPPEP__ligand2176-0
12,ZEPPEP__ligand17805-0
13,ZEPPEP__ligand2232-0
14,ZEPPEP__ligand656-0
15,ZEPPEP__ligand12289-0
16,ZEPPEP__ligand1285-0
17,ZEPPEP__ligand18292-0
18,ZEPPEP__ligand13658-0
19,ZEPPEP__ligand26702-0
20,ZEPPEP__ligand12130-0
21,ZEPPEP__ligand17387-0
22,ZEPPEP__ligand1982-0
23,ZEPPEP__ligand696-0
24,ZEPPEP__ligand7000-0
25,ZEPPEP__ligand8115-0
26,ZEPPEP__ligand6768-0
27,ZEPPEP__ligand12231-0
28,ZEPPEP__ligand15585-0
29,ZEPPEP__ligand12401-0
30,ZEPPEP__ligand4503-0
31,ZEPPEP__ligand4546-0
32,ZEPPEP__ligand24145-0
33,ZEPPEP__ligand10476-0
34,ZEPPEP__ligand19830-0
35,ZEPPEP__ligand13068-0
36,ZEPPEP__ligand1219-0
37,ZEPPEP__ligand6709-0
38,ZEPPEP__ligand226-0
39,ZEPPEP__ligand7867-0
40,ZEPPEP__ligand10262-0
41,ZEPPEP__ligand28676-0
42,ZEPPEP__ligand162-0
43,ZEPPEP__ligand27763-0
44,ZEPPEP__ligand4016-0
45,ZEPPEP__ligand18814-0
46,ZEPPEP__ligand383-0
47,ZEPPEP__ligand19057-0
48,ZEPPEP__ligand7238-0
49,ZEPPEP__ligand416-0
50,ZEPPEP__ligand1790-0
51,ZEPPEP__ligand1304-0
52,ZEPPEP__ligand7280-0
53,ZEPPEP__ligand13425-0
54,ZEPPEP__ligand69-0
55,ZEPPEP__ligand29302-0
56,ZEPPEP__ligand7629-0
57,ZEPPEP__ligand14108-0
58,ZEPPEP__ligand11-0
59,ZEPPEP__ligand1451-0
60,ZEPPEP__ligand4272-0
61,ZEPPEP__ligand9784-0
62,ZEPPEP__ligand8699-0
63,ZEPPEP__ligand1160-0
64,ZEPPEP__ligand12641-0
65,ZEPPEP__ligand9520-0
66,ZEPPEP__ligand4093-0
67,ZEPPEP__ligand10958-0
68,ZEPPEP__ligand4442-0
69,ZEPPEP__ligand3954-0
70,ZEPPEP__ligand7242-0
71,ZEPPEP__ligand30296-0
72,ZEPPEP__ligand17281-0
73,ZEPPEP__ligand7106-0
74,ZEPPEP__ligand26540-0
75,ZEPPEP__ligand12337-0
76,ZEPPEP__ligand29410-0
77,ZEPPEP__ligand571-0
78,ZEPPEP__ligand534-0
79,ZEPPEP__ligand9908-0
80,ZEPPEP__ligand30333-0
81,ZEPPEP__ligand1263-0
82,ZEPPEP__ligand12606-0
83,ZEPPEP__ligand670-0
84,ZEPPEP__ligand3504-0
85,ZEPPEP__ligand1959-0
86,ZEPPEP__ligand27460-0
87,ZEPPEP__ligand1536-0
88,ZEPPEP__ligand1573-0
89,ZEPPEP__ligand9935-0
90,ZEPPEP__ligand3718-0
91,ZEPPEP__ligand12427-0
92,ZEPPEP__ligand3876-0
93,ZEPPEP__ligand1343-0
94,ZEPPEP__ligand3035-0
95,ZEPPEP__ligand20740-0
96,ZEPPEP__ligand6616-0
97,ZEPPEP__ligand28468-0
98,ZEPPEP__ligand1844-0
99,ZEPPEP__ligand4661-0
100,ZEPPEP__ligand16628-0
101,ZEPPEP__ligand14723-0
102,ZEPPEP__ligand1512-0
103,ZEPPEP__ligand694-0
104,ZEPPEP__ligand27893-0
105,ZEPPEP__ligand5331-0
106,ZEPPEP__ligand15422-0
107,ZEPPEP__ligand12934-0
108,ZEPPEP__ligand20578-0
109,ZEPPEP__ligand3565-0
110,ZEPPEP__ligand19641-0
111,ZEPPEP__ligand18832-0
112,ZEPPEP__ligand27175-0
113,ZEPPEP__ligand23713-0
114,ZEPPEP__ligand488-0
115,ZEPPEP__ligand430-0
116,ZEPPEP__ligand3852-0
117,ZEPPEP__ligand2485-0
118,ZEPPEP__ligand358-0
119,ZEPPEP__ligand6919-0
120,ZEPPEP__ligand30988-0
121,ZEPPEP__ligand14297-0
122,ZEPPEP__ligand14603-0
123,ZEPPEP__ligand5211-0
124,ZEPPEP__ligand17258-0
125,ZEPPEP__ligand17631-0
126,ZEPPEP__ligand13012-0
127,ZEPPEP__ligand26665-0
128,ZEPPEP__ligand4155-0
129,ZEPPEP__ligand3094-0
130,ZEPPEP__ligand4720-0
131,ZEPPEP__ligand31783-0
132,ZEPPEP__ligand8969-0
133,ZEPPEP__ligand3174-0
134,ZEPPEP__ligand1202-0
135,ZEPPEP__ligand3937-0
136,ZEPPEP__ligand3131-0
137,ZEPPEP__ligand6839-0
138,ZEPPEP__ligand14117-0
139,ZEPPEP__ligand17261-0
140,ZEPPEP__ligand4641-0
141,ZEPPEP__ligand20539-0
142,ZEPPEP__ligand20251-0
143,ZEPPEP__ligand30702-0
144,ZEPPEP__ligand20214-0
145,ZEPPEP__ligand21581-0
146,ZEPPEP__ligand31097-0
147,ZEPPEP__ligand29568-0
148,ZEPPEP__ligand14889-0
149,ZEPPEP__ligand1142-0
150,ZEPPEP__ligand3234-0
151,ZEPPEP__ligand30851-0
152,ZEPPEP__ligand20419-0
153,ZEPPEP__ligand21371-0
154,ZEPPEP__ligand17118-0
155,ZEPPEP__ligand409-0
156,ZEPPEP__ligand8835-0
157,ZEPPEP__ligand2028-0
158,ZEPPEP__ligand7126-0
159,ZEPPEP__ligand324-0
160,ZEPPEP__ligand361-0
161,ZEPPEP__ligand28789-0
162,ZEPPEP__ligand588-0
163,ZEPPEP__ligand17398-0
164,ZEPPEP__ligand20598-0
165,ZEPPEP__ligand11675-0
166,ZEPPEP__ligand7819-0
167,ZEPPEP__ligand2917-0
168,ZEPPEP__ligand24047-0
169,ZEPPEP__ligand22557-0
170,ZEPPEP__ligand10589-0
171,ZEPPEP__ligand17-0
172,ZEPPEP__ligand300-0
173,ZEPPEP__ligand20011-0
174,ZEPPEP__ligand17278-0
175,ZEPPEP__ligand6596-0
176,ZEPPEP__ligand3721-0
177,ZEPPEP__ligand6904-0
178,ZEPPEP__ligand6102-0
179,ZEPPEP__ligand17982-0
180,ZEPPEP__ligand29414-0
181,ZEPPEP__ligand3465-0
182,ZEPPEP__ligand4620-0
183,ZEPPEP__ligand20251-1
184,ZEPPEP__ligand1577-0
185,ZEPPEP__ligand6067-0
186,ZEPPEP__ligand2295-0
187,ZEPPEP__ligand16475-0
188,ZEPPEP__ligand14703-0
189,ZEPPEP__ligand199-0
190,ZEPPEP__ligand14174-0
191,ZEPPEP__ligand10712-0
192,ZEPPEP__ligand2332-0
193,ZEPPEP__ligand11456-0
194,ZEPPEP__ligand9441-0
195,ZEPPEP__ligand1631-0
196,ZEPPEP__ligand25411-0
197,ZEPPEP__ligand9933-0
198,ZEPPEP__ligand1530-0
199,ZEPPEP__ligand1575-0
200,ZEPPEP__ligand2915-0
201,ZEPPEP__ligand3156-0
202,ZEPPEP__ligand31832-0
203,ZEPPEP__ligand633-0
204,ZEPPEP__ligand13294-0
205,ZEPPEP__ligand12030-0
206,ZEPPEP__ligand29879-0
207,ZEPPEP__ligand14248-0
208,ZEPPEP__ligand6244-0
209,ZEPPEP__ligand497-0
210,ZEPPEP__ligand1378-0
211,ZEPPEP__ligand28884-0
212,ZEPPEP__ligand13331-0
213,ZEPPEP__ligand8992-0
214,ZEPPEP__ligand26810-0
215,ZEPPEP__ligand27482-0
216,ZEPPEP__ligand9601-0
217,ZEPPEP__ligand13208-0
218,ZEPPEP__ligand7967-0
219,ZEPPEP__ligand326-0
220,ZEPPEP__ligand3707-0
221,ZEPPEP__ligand6124-0
222,ZEPPEP__ligand4116-0
223,ZEPPEP__ligand1018-0
224,ZEPPEP__ligand89-0
225,ZEPPEP__ligand13390-0
226,ZEPPEP__ligand1823-0
227,ZEPPEP__ligand5643-0
228,ZEPPEP__ligand8721-0
229,ZEPPEP__ligand49-0
230,ZEPPEP__ligand436-0
231,ZEPPEP__ligand1324-0
232,ZEPPEP__ligand692-0
233,ZEPPEP__ligand9952-0
234,ZEPPEP__ligand9111-0
235,ZEPPEP__ligand20682-0
236,ZEPPEP__ligand1615-0
237,ZEPPEP__ligand2526-0
238,ZEPPEP__ligand5036-0
239,ZEPPEP__ligand338-0
240,ZEPPEP__ligand17240-0
241,ZEPPEP__ligand6283-0
242,ZEPPEP__ligand17590-0
243,ZEPPEP__ligand4813-0
244,ZEPPEP__ligand5813-0
245,ZEPPEP__ligand4738-0
246,ZEPPEP__ligand6062-0
247,ZEPPEP__ligand12682-0
248,ZEPPEP__ligand18699-0
249,ZEPPEP__ligand3215-0
250,ZEPPEP__ligand13072-0
251,ZEPPEP__ligand7107-0
252,ZEPPEP__ligand57-0
253,ZEPPEP__ligand12336-0
254,ZEPPEP__ligand31483-0
255,ZEPPEP__ligand1147-0
256,ZEPPEP__ligand178-0
257,ZEPPEP__ligand10555-0
258,ZEPPEP__ligand3973-0
259,ZEPPEP__ligand185-0
260,ZEPPEP__ligand279-0
261,ZEPPEP__ligand2068-0
262,ZEPPEP__ligand24613-0
263,ZEPPEP__ligand7925-0
264,ZEPPEP__ligand321-0
265,ZEPPEP__ligand19725-0
266,ZEPPEP__ligand7532-0
267,ZEPPEP__ligand21421-0
268,ZEPPEP__ligand4194-0
269,ZEPPEP__ligand11774-0
270,ZEPPEP__ligand14586-0
271,ZEPPEP__ligand2599-0
272,ZEPPEP__ligand201-0
273,ZEPPEP__ligand4330-0
274,ZEPPEP__ligand20579-0
275,ZEPPEP__ligand17710-0
276,ZEPPEP__ligand11568-0
277,ZEPPEP__ligand1449-0
278,ZEPPEP__ligand3012-0
279,ZEPPEP__ligand26277-0
280,ZEPPEP__ligand29898-0
281,ZEPPEP__ligand31618-0
282,ZEPPEP__ligand11432-0
283,ZEPPEP__ligand10432-0
284,ZEPPEP__ligand777-0
285,ZEPPEP__ligand1065-0
286,ZEPPEP__ligand22755-0
287,ZEPPEP__ligand7530-0
288,ZEPPEP__ligand941-0
289,ZEPPEP__ligand596-0
290,ZEPPEP__ligand9681-0
291,ZEPPEP__ligand4332-0
292,ZEPPEP__ligand24064-0
293,ZEPPEP__ligand187-0
294,ZEPPEP__ligand3934-0
295,ZEPPEP__ligand23589-0
296,ZEPPEP__ligand6455-0
297,ZEPPEP__ligand6882-0
298,ZEPPEP__ligand657-0
299,ZEPPEP__ligand2403-0
300,ZEPPEP__ligand34-0
301,ZEPPEP__ligand366-0
302,ZEPPEP__ligand15168-0
303,ZEPPEP__ligand15438-0
304,ZEPPEP__ligand28924-0
305,ZEPPEP__ligand9148-0
306,ZEPPEP__ligand29087-0
307,ZEPPEP__ligand55-0
308,ZEPPEP__ligand1415-0
309,ZEPPEP__ligand6946-0
310,ZEPPEP__ligand7529-0
311,ZEPPEP__ligand18703-0
312,ZEPPEP__ligand845-0
313,ZEPPEP__ligand18013-0
314,ZEPPEP__ligand25224-0
315,ZEPPEP__ligand5627-0
316,ZEPPEP__ligand17945-0
317,ZEPPEP__ligand1729-0
318,ZEPPEP__ligand2830-0
319,ZEPPEP__ligand68-0
320,ZEPPEP__ligand31578-0
321,ZEPPEP__ligand17207-0
322,ZEPPEP__ligand5316-0
323,ZEPPEP__ligand24750-0
324,ZEPPEP__ligand126-0
325,ZEPPEP__ligand163-0
326,ZEPPEP__ligand5483-0
327,ZEPPEP__ligand25689-0
328,ZEPPEP__ligand5935-0
329,ZEPPEP__ligand21787-0
330,ZEPPEP__ligand25575-0
331,ZEPPEP__ligand1379-0
332,ZEPPEP__ligand2722-0
333,ZEPPEP__ligand51-0
334,ZEPPEP__ligand3157-0
335,ZEPPEP__ligand1165-0
336,ZEPPEP__ligand27835-0
337,ZEPPEP__ligand9525-0
338,ZEPPEP__ligand12295-0
339,ZEPPEP__ligand4850-0
340,ZEPPEP__ligand122-0
341,ZEPPEP__ligand23906-0
342,ZEPPEP__ligand5056-0
343,ZEPPEP__ligand11166-0
344,ZEPPEP__ligand1688-0
345,ZEPPEP__ligand3647-0
346,ZEPPEP__ligand21132-0
347,ZEPPEP__ligand5357-0
348,ZEPPEP__ligand3871-0
349,ZEPPEP__ligand1469-0
350,ZEPPEP__ligand30539-0
351,ZEPPEP__ligand757-0
352,ZEPPEP__ligand91-0
353,ZEPPEP__ligand1768-0
354,ZEPPEP__ligand12519-0
355,ZEPPEP__ligand25735-0
356,ZEPPEP__ligand693-0
357,ZEPPEP__ligand2527-0
358,ZEPPEP__ligand23124-0
359,ZEPPEP__ligand11206-0
360,ZEPPEP__ligand8464-0
361,ZEPPEP__ligand1709-0
362,ZEPPEP__ligand8349-0
363,ZEPPEP__ligand48-0
364,ZEPPEP__ligand3392-0
365,ZEPPEP__ligand25650-0
366,ZEPPEP__ligand31248-0
367,ZEPPEP__ligand4911-0
368,ZEPPEP__ligand1771-0
369,ZEPPEP__ligand12660-0
370,ZEPPEP__ligand5849-0
371,ZEPPEP__ligand19257-0
372,ZEPPEP__ligand13209-0
373,ZEPPEP__ligand2328-0
374,ZEPPEP__ligand4581-0
375,ZEPPEP__ligand1773-0
376,ZEPPEP__ligand3029-0
377,ZEPPEP__ligand18799-0
378,ZEPPEP__ligand32-0
379,ZEPPEP__ligand7162-0
380,ZEPPEP__ligand18465-0
381,ZEPPEP__ligand16791-0
382,ZEPPEP__ligand1900-0
383,ZEPPEP__ligand28668-0
384,ZEPPEP__ligand9197-0
385,ZEPPEP__ligand2208-0
386,ZEPPEP__ligand29610-0
387,ZEPPEP__ligand3208-0
388,ZEPPEP__ligand141-0
389,ZEPPEP__ligand11140-0
390,ZEPPEP__ligand240-0
391,ZEPPEP__ligand1327-0
392,ZEPPEP__ligand9809-0
393,ZEPPEP__ligand6672-0
394,ZEPPEP__ligand8722-0
395,ZEPPEP__ligand3350-0
396,ZEPPEP__ligand18074-0
397,ZEPPEP__ligand2781-0
398,ZEPPEP__ligand13869-0
399,ZEPPEP__ligand7573-0
400,ZEPPEP__ligand29863-0
401,ZEPPEP__ligand1533-0
402,ZEPPEP__ligand21936-0
403,ZEPPEP__ligand13257-0
404,ZEPPEP__ligand8-0
405,ZEPPEP__ligand23904-0
406,ZEPPEP__ligand10084-0
407,ZEPPEP__ligand384-0
408,ZEPPEP__ligand25267-0
409,ZEPPEP__ligand1496-0
410,ZEPPEP__ligand7557-0
411,ZEPPEP__ligand12467-0
412,ZEPPEP__ligand16-0
413,ZEPPEP__ligand1712-0
414,ZEPPEP__ligand4131-0
415,ZEPPEP__ligand18391-0
416,ZEPPEP__ligand27169-0
417,ZEPPEP__ligand768-0
418,ZEPPEP__ligand14523-0
419,ZEPPEP__ligand27074-0
420,ZEPPEP__ligand20599-0
421,ZEPPEP__ligand5892-0
422,ZEPPEP__ligand5094-0
423,ZEPPEP__ligand25805-0
424,ZEPPEP__ligand22981-0
425,ZEPPEP__ligand2001-0
426,ZEPPEP__ligand20731-0
427,ZEPPEP__ligand465-0
428,ZEPPEP__ligand12413-0
429,ZEPPEP__ligand29334-0
430,ZEPPEP__ligand7566-0
431,ZEPPEP__ligand11798-0
432,ZEPPEP__ligand14477-0
433,ZEPPEP__ligand17069-0
434,ZEPPEP__ligand17445-0
435,ZEPPEP__ligand9944-0
436,ZEPPEP__ligand8593-0
437,ZEPPEP__ligand29214-0
438,ZEPPEP__ligand1113-0
439,ZEPPEP__ligand8553-0
440,ZEPPEP__ligand11544-0
441,ZEPPEP__ligand11501-0
442,ZEPPEP__ligand314-1
443,ZEPPEP__ligand4-0
444,ZEPPEP__ligand21448-0
445,ZEPPEP__ligand22357-0
446,ZEPPEP__ligand5201-0
447,ZEPPEP__ligand11758-0
448,ZEPPEP__ligand14007-0
449,ZEPPEP__ligand18019-1
450,ZEPPEP__ligand5415-0
451,ZEPPEP__ligand314-0
452,ZEPPEP__ligand27550-0
453,ZEPPEP__ligand780-0
454,ZEPPEP__ligand4124-0
455,ZEPPEP__ligand4161-0
456,ZEPPEP__ligand3471-0
457,ZEPPEP__ligand813-0
458,ZEPPEP__ligand20942-1
459,ZEPPEP__ligand16956-0
460,ZEPPEP__ligand14226-0
461,ZEPPEP__ligand21339-0
462,ZEPPEP__ligand391-0
463,ZEPPEP__ligand6995-0
464,ZEPPEP__ligand2823-0
465,ZEPPEP__ligand2650-0
466,ZEPPEP__ligand2281-0
467,ZEPPEP__ligand23682-0
468,ZEPPEP__ligand4340-0
469,ZEPPEP__ligand29565-0
470,ZEPPEP__ligand27771-0
471,ZEPPEP__ligand3180-0
472,ZEPPEP__ligand618-0
473,ZEPPEP__ligand18158-0
474,ZEPPEP__ligand2027-0
475,ZEPPEP__ligand21752-0
476,ZEPPEP__ligand1050-0
477,ZEPPEP__ligand393-0
478,ZEPPEP__ligand1015-0
479,ZEPPEP__ligand14339-0
480,ZEPPEP__ligand30788-0
481,ZEPPEP__ligand13691-0
482,ZEPPEP__ligand2692-0
483,ZEPPEP__ligand1618-0
484,ZEPPEP__ligand1028-0
485,ZEPPEP__ligand18757-0
486,ZEPPEP__ligand24560-0
487,ZEPPEP__ligand20844-0
488,ZEPPEP__ligand353-0
489,ZEPPEP__ligand4262-0
490,ZEPPEP__ligand18413-0
491,ZEPPEP__ligand24624-0
492,ZEPPEP__ligand20557-0
493,ZEPPEP__ligand1154-0
494,ZEPPEP__ligand30004-0
495,ZEPPEP__ligand9615-0
496,ZEPPEP__ligand196-0
497,ZEPPEP__ligand4596-0
498,ZEPPEP__ligand1498-0
499,ZEPPEP__ligand13755-0
500,ZEPPEP__ligand16133-0
501,ZEPPEP__ligand27122-0
502,ZEPPEP__ligand20432-0
503,ZEPPEP__ligand18-0
504,ZEPPEP__ligand23445-0
505,ZEPPEP__ligand24953-0
506,ZEPPEP__ligand422-0
507,ZEPPEP__ligand21940-0
508,ZEPPEP__ligand686-0
509,ZEPPEP__ligand25048-0
510,ZEPPEP__ligand8529-0
511,ZEPPEP__ligand1169-0
512,ZEPPEP__ligand3416-0
513,ZEPPEP__ligand3453-0
514,ZEPPEP__ligand26673-0
515,ZEPPEP__ligand4207-0
516,ZEPPEP__ligand20821-0
517,ZEPPEP__ligand11606-0
518,ZEPPEP__ligand1539-0
519,ZEPPEP__ligand506-0
520,ZEPPEP__ligand1150-0
521,ZEPPEP__ligand31000-0
522,ZEPPEP__ligand4063-0
523,ZEPPEP__ligand152-0
524,ZEPPEP__ligand11252-0
525,ZEPPEP__ligand7438-0
526,ZEPPEP__ligand8200-0
527,ZEPPEP__ligand10582-0
528,ZEPPEP__ligand13260-0
529,ZEPPEP__ligand3042-0
530,ZEPPEP__ligand19824-0
531,ZEPPEP__ligand18067-0
532,ZEPPEP__ligand11177-0
533,ZEPPEP__ligand7075-0
534,ZEPPEP__ligand1149-0
535,ZEPPEP__ligand15455-0
536,ZEPPEP__ligand3557-0
537,ZEPPEP__ligand176-0
538,ZEPPEP__ligand3980-0
539,ZEPPEP__ligand1817-0
540,ZEPPEP__ligand6993-0
541,ZEPPEP__ligand746-0
542,ZEPPEP__ligand1779-0
543,ZEPPEP__ligand31205-0
544,ZEPPEP__ligand447-0
545,ZEPPEP__ligand17686-0
546,ZEPPEP__ligand25658-0
547,ZEPPEP__ligand9750-0
548,ZEPPEP__ligand38-0
549,ZEPPEP__ligand11814-0
550,ZEPPEP__ligand9491-0
551,ZEPPEP__ligand4266-0
552,ZEPPEP__ligand1400-0
553,ZEPPEP__ligand16603-0
554,ZEPPEP__ligand4167-0
555,ZEPPEP__ligand487-0
556,ZEPPEP__ligand16870-0
557,ZEPPEP__ligand1288-0
558,ZEPPEP__ligand11622-0
559,ZEPPEP__ligand27610-0
560,ZEPPEP__ligand10479-0
561,ZEPPEP__ligand1397-0
562,ZEPPEP__ligand11479-0
563,ZEPPEP__ligand7213-0
564,ZEPPEP__ligand1828-0
565,ZEPPEP__ligand6112-0
566,ZEPPEP__ligand784-0
567,ZEPPEP__ligand42-0
568,ZEPPEP__ligand29441-0
569,ZEPPEP__ligand8042-0
570,ZEPPEP__ligand10853-0
571,ZEPPEP__ligand3144-0
572,ZEPPEP__ligand24851-0
573,ZEPPEP__ligand5085-0
574,ZEPPEP__ligand14302-0
575,ZEPPEP__ligand13657-0
576,ZEPPEP__ligand14347-0
577,ZEPPEP__ligand4710-0
578,ZEPPEP__ligand20530-0
579,ZEPPEP__ligand5755-0
580,ZEPPEP__ligand11698-0
581,ZEPPEP__ligand20220-0
582,ZEPPEP__ligand1908-0
583,ZEPPEP__ligand3285-0
584,ZEPPEP__ligand4795-0
585,ZEPPEP__ligand20121-0
586,ZEPPEP__ligand15387-0
587,ZEPPEP__ligand368-0
588,ZEPPEP__ligand1786-0
589,ZEPPEP__ligand29813-0
590,ZEPPEP__ligand16952-0
591,ZEPPEP__ligand5630-0
592,ZEPPEP__ligand395-0
593,ZEPPEP__ligand10151-0
594,ZEPPEP__ligand115-0
595,ZEPPEP__ligand5614-0
596,ZEPPEP__ligand5280-0
597,ZEPPEP__ligand1831-0
598,ZEPPEP__ligand5515-0
599,ZEPPEP__ligand6663-0
600,ZEPPEP__ligand22353-0
601,ZEPPEP__ligand66-0
602,ZEPPEP__ligand1849-0
603,ZEPPEP__ligand833-0
604,ZEPPEP__ligand3261-0
605,ZEPPEP__ligand1152-0
606,ZEPPEP__ligand19906-0
607,ZEPPEP__ligand5019-0
608,ZEPPEP__ligand19668-0
609,ZEPPEP__ligand1216-0
610,ZEPPEP__ligand9344-0
611,ZEPPEP__ligand25561-0
612,ZEPPEP__ligand8000-0
613,ZEPPEP__ligand352-0
614,ZEPPEP__ligand783-0
615,ZEPPEP__ligand3736-0
616,ZEPPEP__ligand45-0
617,ZEPPEP__ligand3945-0
618,ZEPPEP__ligand11949-0
619,ZEPPEP__ligand12138-0
620,ZEPPEP__ligand24780-0
621,ZEPPEP__ligand5383-0
622,ZEPPEP__ligand2693-0
623,ZEPPEP__ligand22129-0
624,ZEPPEP__ligand2985-0
625,ZEPPEP__ligand4007-0
626,ZEPPEP__ligand17427-0
627,ZEPPEP__ligand9299-0
628,ZEPPEP__ligand31694-0
629,ZEPPEP__ligand7291-0
630,ZEPPEP__ligand78-0
631,ZEPPEP__ligand868-0
632,ZEPPEP__ligand3677-1
633,ZEPPEP__ligand9883-0
634,ZEPPEP__ligand29486-0
635,ZEPPEP__ligand3632-0
636,ZEPPEP__ligand3677-0
637,ZEPPEP__ligand13220-0
638,ZEPPEP__ligand11587-0
639,ZEPPEP__ligand23175-0
640,ZEPPEP__ligand1294-0
641,ZEPPEP__ligand15788-0
642,ZEPPEP__ligand1168-0
643,ZEPPEP__ligand17396-0
644,ZEPPEP__ligand6699-0
645,ZEPPEP__ligand13385-0
646,ZEPPEP__ligand14569-0
647,ZEPPEP__ligand19-0
648,ZEPPEP__ligand24111-0
649,ZEPPEP__ligand22444-0
650,ZEPPEP__ligand1464-0
651,ZEPPEP__ligand3712-0
652,ZEPPEP__ligand24-0
653,ZEPPEP__ligand24644-0
654,ZEPPEP__ligand10033-0
655,ZEPPEP__ligand2881-0
656,ZEPPEP__ligand1499-0
657,ZEPPEP__ligand12001-0
658,ZEPPEP__ligand30728-0
659,ZEPPEP__ligand27840-0
660,ZEPPEP__ligand6892-0
661,ZEPPEP__ligand197-0
662,ZEPPEP__ligand1211-0
663,ZEPPEP__ligand24872-0
664,ZEPPEP__ligand12003-0
665,ZEPPEP__ligand4101-0
666,ZEPPEP__ligand5595-0
667,ZEPPEP__ligand26631-0
668,ZEPPEP__ligand16148-0
669,ZEPPEP__ligand21399-0
670,ZEPPEP__ligand10872-0
671,ZEPPEP__ligand3120-0
672,ZEPPEP__ligand3926-0
673,ZEPPEP__ligand29215-0
674,ZEPPEP__ligand4358-0
675,ZEPPEP__ligand294-0
676,ZEPPEP__ligand2221-0
677,ZEPPEP__ligand2259-0
678,ZEPPEP__ligand1296-0
679,ZEPPEP__ligand20695-0
680,ZEPPEP__ligand27754-0
681,ZEPPEP__ligand28540-0
682,ZEPPEP__ligand5099-0
683,ZEPPEP__ligand11111-0
684,ZEPPEP__ligand8592-0
685,ZEPPEP__ligand16369-0
686,ZEPPEP__ligand1197-0
687,ZEPPEP__ligand685-0
688,ZEPPEP__ligand5510-0
689,ZEPPEP__ligand22403-0
690,ZEPPEP__ligand421-0
691,ZEPPEP__ligand1376-0
692,ZEPPEP__ligand9773-0
693,ZEPPEP__ligand5304-0
694,ZEPPEP__ligand11618-0
695,ZEPPEP__ligand235-0
696,ZEPPEP__ligand9167-0
697,ZEPPEP__ligand134-0
698,ZEPPEP__ligand2238-0
699,ZEPPEP__ligand26529-0
700,ZEPPEP__ligand2822-0
701,ZEPPEP__ligand7293-0
702,ZEPPEP__ligand1317-0
703,ZEPPEP__ligand3867-0
704,ZEPPEP__ligand1407-0
705,ZEPPEP__ligand6117-0
706,ZEPPEP__ligand21729-0
707,ZEPPEP__ligand5509-0
708,ZEPPEP__ligand8002-0
709,ZEPPEP__ligand27239-0
710,ZEPPEP__ligand19927-0
711,ZEPPEP__ligand14043-0
712,ZEPPEP__ligand560-0
713,ZEPPEP__ligand28559-0
714,ZEPPEP__ligand7762-0
715,ZEPPEP__ligand26324-0
716,ZEPPEP__ligand5080-0
717,ZEPPEP__ligand9753-0
718,ZEPPEP__ligand14167-0
719,ZEPPEP__ligand13477-0
720,ZEPPEP__ligand5530-0
721,ZEPPEP__ligand1787-0
722,ZEPPEP__ligand1356-0
723,ZEPPEP__ligand27669-0
724,ZEPPEP__ligand5159-0
725,ZEPPEP__ligand7196-0
726,ZEPPEP__ligand30142-0
727,ZEPPEP__ligand4807-0
728,ZEPPEP__ligand3178-0
729,ZEPPEP__ligand188-0
730,ZEPPEP__ligand564-0
731,ZEPPEP__ligand23197-0
732,ZEPPEP__ligand2906-0
733,ZEPPEP__ligand370-1
734,ZEPPEP__ligand4711-0
735,ZEPPEP__ligand620-0
736,ZEPPEP__ligand3244-0
737,ZEPPEP__ligand27285-0
738,ZEPPEP__ligand29029-0
739,ZEPPEP__ligand8793-0
740,ZEPPEP__ligand5649-0
741,ZEPPEP__ligand2788-0
742,ZEPPEP__ligand4649-0
743,ZEPPEP__ligand785-0
744,ZEPPEP__ligand311-0
745,ZEPPEP__ligand43-0
746,ZEPPEP__ligand479-0
747,ZEPPEP__ligand3225-0
748,ZEPPEP__ligand1153-0
749,ZEPPEP__ligand1116-0
750,ZEPPEP__ligand7092-0
751,ZEPPEP__ligand2260-0
752,ZEPPEP__ligand13672-0
753,ZEPPEP__ligand1-0
754,ZEPPEP__ligand2124-0
755,ZEPPEP__ligand8612-0
756,ZEPPEP__ligand28685-0
757,ZEPPEP__ligand18568-0
758,ZEPPEP__ligand370-0
759,ZEPPEP__ligand7172-0
760,ZEPPEP__ligand67-0
761,ZEPPEP__ligand10371-0
762,ZEPPEP__ligand9323-0
763,ZEPPEP__ligand7273-0
764,ZEPPEP__ligand5180-0
765,ZEPPEP__ligand28459-0
766,ZEPPEP__ligand18448-0
767,ZEPPEP__ligand12453-0
768,ZEPPEP__ligand19184-0
769,ZEPPEP__ligand250-0
770,ZEPPEP__ligand6017-0
771,ZEPPEP__ligand5708-0
772,ZEPPEP__ligand7316-0
773,ZEPPEP__ligand2043-0
774,ZEPPEP__ligand16988-0
775,ZEPPEP__ligand25913-0
776,ZEPPEP__ligand8788-0
777,ZEPPEP__ligand1832-0
778,ZEPPEP__ligand30711-0
779,ZEPPEP__ligand20207-0
780,ZEPPEP__ligand116-0
781,ZEPPEP__ligand1604-0
782,ZEPPEP__ligand11682-0
783,ZEPPEP__ligand252-0
784,ZEPPEP__ligand1228-0
785,ZEPPEP__ligand9943-0
786,ZEPPEP__ligand9284-0
787,ZEPPEP__ligand6391-0
788,ZEPPEP__ligand3126-0
789,ZEPPEP__ligand193-0
790,ZEPPEP__ligand24035-0
791,ZEPPEP__ligand11994-0
792,ZEPPEP__ligand3-0
793,ZEPPEP__ligand1114-0
794,ZEPPEP__ligand31842-0
795,ZEPPEP__ligand31044-0
796,ZEPPEP__ligand830-0
797,ZEPPEP__ligand2417-0
798,ZEPPEP__ligand16663-0
799,ZEPPEP__ligand372-0
800,ZEPPEP__ligand14614-0
801,ZEPPEP__ligand22294-0
802,ZEPPEP__ligand2203-0
803,ZEPPEP__ligand5387-0
804,ZEPPEP__ligand909-0
805,ZEPPEP__ligand28930-0
806,ZEPPEP__ligand1289-0
807,ZEPPEP__ligand22168-0
808,ZEPPEP__ligand21919-0
809,ZEPPEP__ligand10056-0
810,ZEPPEP__ligand12365-0
811,ZEPPEP__ligand11357-0
812,ZEPPEP__ligand13862-0
813,ZEPPEP__ligand15531-0
814,ZEPPEP__ligand28743-0
815,ZEPPEP__ligand24230-0
816,ZEPPEP__ligand9450-0
817,ZEPPEP__ligand28810-0
818,ZEPPEP__ligand11096-0
819,ZEPPEP__ligand11447-0
820,ZEPPEP__ligand19792-0
821,ZEPPEP__ligand10828-0
822,ZEPPEP__ligand15926-0
823,ZEPPEP__ligand11970-0
824,ZEPPEP__ligand2612-0
825,ZEPPEP__ligand1599-0
826,ZEPPEP__ligand15883-0
827,ZEPPEP__ligand177-0
