,TMC
0,FOTQUA__ligand11252-0
1,FOTQUA__ligand294-0
2,FOTQUA__ligand5415-0
3,FOTQUA__ligand13260-0
4,FOTQUA__ligand10582-0
5,FOTQUA__ligand3471-0
6,FOTQUA__ligand4161-0
7,FOTQUA__ligand18067-0
8,FOTQUA__ligand4124-0
9,FOTQUA__ligand19824-0
10,FOTQUA__ligand26673-0
11,FOTQUA__ligand6995-0
12,FOTQUA__ligand2823-0
13,FOTQUA__ligand20821-0
14,FOTQUA__ligand421-0
15,FOTQUA__ligand11606-0
16,FOTQUA__ligand685-0
17,FOTQUA__ligand2650-0
18,FOTQUA__ligand2281-0
19,FOTQUA__ligand4340-0
20,FOTQUA__ligand31000-0
21,FOTQUA__ligand3180-0
22,FOTQUA__ligand11814-0
23,FOTQUA__ligand2001-0
24,FOTQUA__ligand16603-0
25,FOTQUA__ligand7566-0
26,FOTQUA__ligand134-0
27,FOTQUA__ligand16870-0
28,FOTQUA__ligand3-0
29,FOTQUA__ligand9944-0
30,FOTQUA__ligand11622-0
31,FOTQUA__ligand235-0
32,FOTQUA__ligand8593-0
33,FOTQUA__ligand11177-0
34,FOTQUA__ligand560-0
35,FOTQUA__ligand8553-0
36,FOTQUA__ligand15455-0
37,FOTQUA__ligand1113-0
38,FOTQUA__ligand5201-0
39,FOTQUA__ligand31205-0
40,FOTQUA__ligand17686-0
41,FOTQUA__ligand25658-0
42,FOTQUA__ligand1154-0
43,FOTQUA__ligand20220-0
44,FOTQUA__ligand20121-0
45,FOTQUA__ligand15387-0
46,FOTQUA__ligand9615-0
47,FOTQUA__ligand783-0
48,FOTQUA__ligand352-0
49,FOTQUA__ligand29813-0
50,FOTQUA__ligand16952-0
51,FOTQUA__ligand1498-0
52,FOTQUA__ligand4596-0
53,FOTQUA__ligand868-0
54,FOTQUA__ligand11479-0
55,FOTQUA__ligand27610-0
56,FOTQUA__ligand10479-0
57,FOTQUA__ligand67-0
58,FOTQUA__ligand10853-0
59,FOTQUA__ligand29441-0
60,FOTQUA__ligand1-0
61,FOTQUA__ligand24851-0
62,FOTQUA__ligand1169-0
63,FOTQUA__ligand14347-0
64,FOTQUA__ligand13657-0
65,FOTQUA__ligand14302-0
66,FOTQUA__ligand11698-0
67,FOTQUA__ligand8529-0
68,FOTQUA__ligand20530-0
69,FOTQUA__ligand2027-0
70,FOTQUA__ligand43-0
71,FOTQUA__ligand22353-0
72,FOTQUA__ligand1015-0
73,FOTQUA__ligand1050-0
74,FOTQUA__ligand19906-0
75,FOTQUA__ligand19668-0
76,FOTQUA__ligand197-0
77,FOTQUA__ligand10151-0
78,FOTQUA__ligand1618-0
79,FOTQUA__ligand2692-0
80,FOTQUA__ligand1028-0
81,FOTQUA__ligand4262-0
82,FOTQUA__ligand7075-0
83,FOTQUA__ligand252-0
84,FOTQUA__ligand29214-0
85,FOTQUA__ligand3980-0
86,FOTQUA__ligand3557-0
87,FOTQUA__ligand1149-0
88,FOTQUA__ligand116-0
89,FOTQUA__ligand11501-0
90,FOTQUA__ligand11544-0
91,FOTQUA__ligand1779-0
92,FOTQUA__ligand21448-0
93,FOTQUA__ligand6993-0
94,FOTQUA__ligand1817-0
95,FOTQUA__ligand9750-0
96,FOTQUA__ligand11758-0
97,FOTQUA__ligand22357-0
98,FOTQUA__ligand1400-0
99,FOTQUA__ligand4266-0
100,FOTQUA__ligand20731-0
101,FOTQUA__ligand29334-0
102,FOTQUA__ligand372-0
103,FOTQUA__ligand9491-0
104,FOTQUA__ligand12413-0
105,FOTQUA__ligand4167-0
106,FOTQUA__ligand11798-0
107,FOTQUA__ligand830-0
108,FOTQUA__ligand14477-0
109,FOTQUA__ligand1288-0
110,FOTQUA__ligand17069-0
111,FOTQUA__ligand193-0
112,FOTQUA__ligand17445-0
113,FOTQUA__ligand21339-0
114,FOTQUA__ligand14226-0
115,FOTQUA__ligand16956-0
116,FOTQUA__ligand20942-1
117,FOTQUA__ligand3453-0
118,FOTQUA__ligand3416-0
119,FOTQUA__ligand4207-0
120,FOTQUA__ligand23682-0
121,FOTQUA__ligand29565-0
122,FOTQUA__ligand1539-0
123,FOTQUA__ligand1150-0
124,FOTQUA__ligand27771-0
125,FOTQUA__ligand909-0
126,FOTQUA__ligand18158-0
127,FOTQUA__ligand7438-0
128,FOTQUA__ligand8200-0
129,FOTQUA__ligand177-0
130,FOTQUA__ligand4063-0
131,FOTQUA__ligand14007-0
132,FOTQUA__ligand18019-1
133,FOTQUA__ligand27550-0
134,FOTQUA__ligand3042-0
135,FOTQUA__ligand188-0
136,FOTQUA__ligand5280-0
137,FOTQUA__ligand24560-0
138,FOTQUA__ligand5614-0
139,FOTQUA__ligand1831-0
140,FOTQUA__ligand18757-0
141,FOTQUA__ligand24624-0
142,FOTQUA__ligand5515-0
143,FOTQUA__ligand18413-0
144,FOTQUA__ligand24-0
145,FOTQUA__ligand20844-0
146,FOTQUA__ligand6663-0
147,FOTQUA__ligand21752-0
148,FOTQUA__ligand479-0
149,FOTQUA__ligand785-0
150,FOTQUA__ligand311-0
151,FOTQUA__ligand19-0
152,FOTQUA__ligand1849-0
153,FOTQUA__ligand620-0
154,FOTQUA__ligand5019-0
155,FOTQUA__ligand1152-0
156,FOTQUA__ligand3261-0
157,FOTQUA__ligand370-1
158,FOTQUA__ligand14339-0
159,FOTQUA__ligand13691-0
160,FOTQUA__ligand564-0
161,FOTQUA__ligand30788-0
162,FOTQUA__ligand1216-0
163,FOTQUA__ligand13755-0
164,FOTQUA__ligand16133-0
165,FOTQUA__ligand1828-0
166,FOTQUA__ligand20432-0
167,FOTQUA__ligand1397-0
168,FOTQUA__ligand27122-0
169,FOTQUA__ligand7213-0
170,FOTQUA__ligand8042-0
171,FOTQUA__ligand370-0
172,FOTQUA__ligand78-0
173,FOTQUA__ligand6112-0
174,FOTQUA__ligand24953-0
175,FOTQUA__ligand23445-0
176,FOTQUA__ligand3144-0
177,FOTQUA__ligand21940-0
178,FOTQUA__ligand5085-0
179,FOTQUA__ligand25048-0
180,FOTQUA__ligand4710-0
181,FOTQUA__ligand5755-0
182,FOTQUA__ligand1908-0
183,FOTQUA__ligand30004-0
184,FOTQUA__ligand20557-0
185,FOTQUA__ligand250-0
186,FOTQUA__ligand4795-0
187,FOTQUA__ligand3285-0
188,FOTQUA__ligand45-0
189,FOTQUA__ligand1786-0
190,FOTQUA__ligand5630-0
191,FOTQUA__ligand23197-0
192,FOTQUA__ligand3677-0
193,FOTQUA__ligand3632-0
194,FOTQUA__ligand1168-0
195,FOTQUA__ligand1294-0
196,FOTQUA__ligand29029-0
197,FOTQUA__ligand27285-0
198,FOTQUA__ligand6699-0
199,FOTQUA__ligand393-0
200,FOTQUA__ligand66-0
201,FOTQUA__ligand13477-0
202,FOTQUA__ligand14167-0
203,FOTQUA__ligand353-0
204,FOTQUA__ligand3712-0
205,FOTQUA__ligand1464-0
206,FOTQUA__ligand27669-0
207,FOTQUA__ligand1499-0
208,FOTQUA__ligand30142-0
209,FOTQUA__ligand2881-0
210,FOTQUA__ligand6892-0
211,FOTQUA__ligand1211-0
212,FOTQUA__ligand9344-0
213,FOTQUA__ligand3736-0
214,FOTQUA__ligand28459-0
215,FOTQUA__ligand8000-0
216,FOTQUA__ligand12453-0
217,FOTQUA__ligand18448-0
218,FOTQUA__ligand196-0
219,FOTQUA__ligand3945-0
220,FOTQUA__ligand19184-0
221,FOTQUA__ligand2693-0
222,FOTQUA__ligand5383-0
223,FOTQUA__ligand2985-0
224,FOTQUA__ligand4007-0
225,FOTQUA__ligand13672-0
226,FOTQUA__ligand9299-0
227,FOTQUA__ligand18568-0
228,FOTQUA__ligand28685-0
229,FOTQUA__ligand686-0
230,FOTQUA__ligand422-0
231,FOTQUA__ligand7291-0
232,FOTQUA__ligand42-0
233,FOTQUA__ligand3677-1
234,FOTQUA__ligand9883-0
235,FOTQUA__ligand10371-0
236,FOTQUA__ligand9167-0
237,FOTQUA__ligand24035-0
238,FOTQUA__ligand5304-0
239,FOTQUA__ligand2238-0
240,FOTQUA__ligand11994-0
241,FOTQUA__ligand31044-0
242,FOTQUA__ligand31842-0
243,FOTQUA__ligand16663-0
244,FOTQUA__ligand7293-0
245,FOTQUA__ligand2822-0
246,FOTQUA__ligand3867-0
247,FOTQUA__ligand1317-0
248,FOTQUA__ligand14614-0
249,FOTQUA__ligand465-0
250,FOTQUA__ligand8002-0
251,FOTQUA__ligand5509-0
252,FOTQUA__ligand38-0
253,FOTQUA__ligand25913-0
254,FOTQUA__ligand6117-0
255,FOTQUA__ligand1407-0
256,FOTQUA__ligand16988-0
257,FOTQUA__ligand30711-0
258,FOTQUA__ligand20207-0
259,FOTQUA__ligand314-1
260,FOTQUA__ligand11682-0
261,FOTQUA__ligand5080-0
262,FOTQUA__ligand7762-0
263,FOTQUA__ligand4101-0
264,FOTQUA__ligand24230-0
265,FOTQUA__ligand5595-0
266,FOTQUA__ligand813-0
267,FOTQUA__ligand11096-0
268,FOTQUA__ligand11447-0
269,FOTQUA__ligand28810-0
270,FOTQUA__ligand10828-0
271,FOTQUA__ligand19792-0
272,FOTQUA__ligand314-0
273,FOTQUA__ligand780-0
274,FOTQUA__ligand15926-0
275,FOTQUA__ligand11970-0
276,FOTQUA__ligand4358-0
277,FOTQUA__ligand3926-0
278,FOTQUA__ligand3120-0
279,FOTQUA__ligand15883-0
280,FOTQUA__ligand2221-0
281,FOTQUA__ligand618-0
282,FOTQUA__ligand22294-0
283,FOTQUA__ligand1296-0
284,FOTQUA__ligand22168-0
285,FOTQUA__ligand28930-0
286,FOTQUA__ligand2259-0
287,FOTQUA__ligand1197-0
288,FOTQUA__ligand8592-0
289,FOTQUA__ligand21919-0
290,FOTQUA__ligand5099-0
291,FOTQUA__ligand12365-0
292,FOTQUA__ligand10056-0
293,FOTQUA__ligand9773-0
294,FOTQUA__ligand5510-0
295,FOTQUA__ligand1376-0
296,FOTQUA__ligand28743-0
297,FOTQUA__ligand15531-0
298,FOTQUA__ligand391-0
299,FOTQUA__ligand11357-0
300,FOTQUA__ligand13862-0
301,FOTQUA__ligand1116-0
302,FOTQUA__ligand1153-0
303,FOTQUA__ligand3225-0
304,FOTQUA__ligand2260-0
305,FOTQUA__ligand7092-0
306,FOTQUA__ligand8612-0
307,FOTQUA__ligand17427-0
308,FOTQUA__ligand2124-0
309,FOTQUA__ligand7172-0
310,FOTQUA__ligand31694-0
311,FOTQUA__ligand784-0
312,FOTQUA__ligand18-0
313,FOTQUA__ligand7273-0
314,FOTQUA__ligand29486-0
315,FOTQUA__ligand9323-0
316,FOTQUA__ligand395-0
317,FOTQUA__ligand25561-0
318,FOTQUA__ligand368-0
319,FOTQUA__ligand5180-0
320,FOTQUA__ligand11949-0
321,FOTQUA__ligand6017-0
322,FOTQUA__ligand7316-0
323,FOTQUA__ligand24780-0
324,FOTQUA__ligand12138-0
325,FOTQUA__ligand22129-0
326,FOTQUA__ligand5708-0
327,FOTQUA__ligand5530-0
328,FOTQUA__ligand24644-0
329,FOTQUA__ligand1787-0
330,FOTQUA__ligand1356-0
331,FOTQUA__ligand10033-0
332,FOTQUA__ligand9753-0
333,FOTQUA__ligand7196-0
334,FOTQUA__ligand12001-0
335,FOTQUA__ligand5159-0
336,FOTQUA__ligand30728-0
337,FOTQUA__ligand115-0
338,FOTQUA__ligand4807-0
339,FOTQUA__ligand27840-0
340,FOTQUA__ligand3178-0
341,FOTQUA__ligand24872-0
342,FOTQUA__ligand2906-0
343,FOTQUA__ligand13220-0
344,FOTQUA__ligand11587-0
345,FOTQUA__ligand3244-0
346,FOTQUA__ligand15788-0
347,FOTQUA__ligand4711-0
348,FOTQUA__ligand23175-0
349,FOTQUA__ligand17396-0
350,FOTQUA__ligand13385-0
351,FOTQUA__ligand5649-0
352,FOTQUA__ligand2788-0
353,FOTQUA__ligand8793-0
354,FOTQUA__ligand833-0
355,FOTQUA__ligand4649-0
356,FOTQUA__ligand14569-0
357,FOTQUA__ligand22444-0
358,FOTQUA__ligand24111-0
359,FOTQUA__ligand1289-0
360,FOTQUA__ligand20695-0
361,FOTQUA__ligand27754-0
362,FOTQUA__ligand5387-0
363,FOTQUA__ligand2203-0
364,FOTQUA__ligand11111-0
365,FOTQUA__ligand506-0
366,FOTQUA__ligand28540-0
367,FOTQUA__ligand16369-0
368,FOTQUA__ligand22403-0
369,FOTQUA__ligand12003-0
370,FOTQUA__ligand9450-0
371,FOTQUA__ligand16148-0
372,FOTQUA__ligand26631-0
373,FOTQUA__ligand10872-0
374,FOTQUA__ligand21399-0
375,FOTQUA__ligand2612-0
376,FOTQUA__ligand29215-0
377,FOTQUA__ligand1599-0
378,FOTQUA__ligand152-0
379,FOTQUA__ligand2043-0
380,FOTQUA__ligand27239-0
381,FOTQUA__ligand21729-0
382,FOTQUA__ligand447-0
383,FOTQUA__ligand8788-0
384,FOTQUA__ligand1832-0
385,FOTQUA__ligand746-0
386,FOTQUA__ligand176-0
387,FOTQUA__ligand19927-0
388,FOTQUA__ligand1604-0
389,FOTQUA__ligand1228-0
390,FOTQUA__ligand9943-0
391,FOTQUA__ligand14043-0
392,FOTQUA__ligand26324-0
393,FOTQUA__ligand4-0
394,FOTQUA__ligand28559-0
395,FOTQUA__ligand6391-0
396,FOTQUA__ligand3126-0
397,FOTQUA__ligand11618-0
398,FOTQUA__ligand9284-0
399,FOTQUA__ligand1114-0
400,FOTQUA__ligand487-0
401,FOTQUA__ligand2417-0
402,FOTQUA__ligand26529-0
403,FOTQUA__ligand29568-0
404,FOTQUA__ligand7867-0
405,FOTQUA__ligand6709-0
406,FOTQUA__ligand1219-0
407,FOTQUA__ligand4016-0
408,FOTQUA__ligand30851-0
409,FOTQUA__ligand14889-0
410,FOTQUA__ligand941-0
411,FOTQUA__ligand596-0
412,FOTQUA__ligand777-0
413,FOTQUA__ligand7238-0
414,FOTQUA__ligand20419-0
415,FOTQUA__ligand17118-0
416,FOTQUA__ligand21371-0
417,FOTQUA__ligand28789-0
418,FOTQUA__ligand1304-0
419,FOTQUA__ligand16-0
420,FOTQUA__ligand1790-0
421,FOTQUA__ligand7280-0
422,FOTQUA__ligand4272-0
423,FOTQUA__ligand1451-0
424,FOTQUA__ligand17261-0
425,FOTQUA__ligand14117-0
426,FOTQUA__ligand366-0
427,FOTQUA__ligand7629-0
428,FOTQUA__ligand9784-0
429,FOTQUA__ligand9520-0
430,FOTQUA__ligand20539-0
431,FOTQUA__ligand657-0
432,FOTQUA__ligand8699-0
433,FOTQUA__ligand1160-0
434,FOTQUA__ligand30702-0
435,FOTQUA__ligand20214-0
436,FOTQUA__ligand20251-0
437,FOTQUA__ligand187-0
438,FOTQUA__ligand8-0
439,FOTQUA__ligand21581-0
440,FOTQUA__ligand31097-0
441,FOTQUA__ligand3954-0
442,FOTQUA__ligand4093-0
443,FOTQUA__ligand4442-0
444,FOTQUA__ligand845-0
445,FOTQUA__ligand4157-0
446,FOTQUA__ligand9833-0
447,FOTQUA__ligand20251-1
448,FOTQUA__ligand7648-0
449,FOTQUA__ligand8876-0
450,FOTQUA__ligand2828-0
451,FOTQUA__ligand5256-0
452,FOTQUA__ligand2176-0
453,FOTQUA__ligand9291-0
454,FOTQUA__ligand14703-0
455,FOTQUA__ligand16475-0
456,FOTQUA__ligand2232-0
457,FOTQUA__ligand126-0
458,FOTQUA__ligand163-0
459,FOTQUA__ligand17398-0
460,FOTQUA__ligand1285-0
461,FOTQUA__ligand8115-0
462,FOTQUA__ligand11675-0
463,FOTQUA__ligand20598-0
464,FOTQUA__ligand6768-0
465,FOTQUA__ligand22557-0
466,FOTQUA__ligand10589-0
467,FOTQUA__ligand1982-0
468,FOTQUA__ligand24047-0
469,FOTQUA__ligand7000-0
470,FOTQUA__ligand4546-0
471,FOTQUA__ligand20011-0
472,FOTQUA__ligand17278-0
473,FOTQUA__ligand32-0
474,FOTQUA__ligand4503-0
475,FOTQUA__ligand29414-0
476,FOTQUA__ligand17982-0
477,FOTQUA__ligand1512-0
478,FOTQUA__ligand5331-0
479,FOTQUA__ligand3565-0
480,FOTQUA__ligand31832-0
481,FOTQUA__ligand13294-0
482,FOTQUA__ligand12030-0
483,FOTQUA__ligand14248-0
484,FOTQUA__ligand29879-0
485,FOTQUA__ligand13331-0
486,FOTQUA__ligand6919-0
487,FOTQUA__ligand28884-0
488,FOTQUA__ligand3852-0
489,FOTQUA__ligand338-0
490,FOTQUA__ligand2485-0
491,FOTQUA__ligand5211-0
492,FOTQUA__ligand10712-0
493,FOTQUA__ligand48-0
494,FOTQUA__ligand14174-0
495,FOTQUA__ligand4155-0
496,FOTQUA__ligand3094-0
497,FOTQUA__ligand11456-0
498,FOTQUA__ligand4720-0
499,FOTQUA__ligand25411-0
500,FOTQUA__ligand6839-0
501,FOTQUA__ligand8969-0
502,FOTQUA__ligand3131-0
503,FOTQUA__ligand1202-0
504,FOTQUA__ligand3937-0
505,FOTQUA__ligand3174-0
506,FOTQUA__ligand13390-0
507,FOTQUA__ligand7242-0
508,FOTQUA__ligand91-0
509,FOTQUA__ligand321-0
510,FOTQUA__ligand7106-0
511,FOTQUA__ligand279-0
512,FOTQUA__ligand9908-0
513,FOTQUA__ligand1263-0
514,FOTQUA__ligand185-0
515,FOTQUA__ligand178-0
516,FOTQUA__ligand20682-0
517,FOTQUA__ligand1959-0
518,FOTQUA__ligand3504-0
519,FOTQUA__ligand27482-0
520,FOTQUA__ligand26810-0
521,FOTQUA__ligand201-0
522,FOTQUA__ligand9935-0
523,FOTQUA__ligand1573-0
524,FOTQUA__ligand1536-0
525,FOTQUA__ligand13208-0
526,FOTQUA__ligand51-0
527,FOTQUA__ligand6616-0
528,FOTQUA__ligand3035-0
529,FOTQUA__ligand3876-0
530,FOTQUA__ligand1343-0
531,FOTQUA__ligand3718-0
532,FOTQUA__ligand4661-0
533,FOTQUA__ligand1844-0
534,FOTQUA__ligand26702-0
535,FOTQUA__ligand13658-0
536,FOTQUA__ligand18292-0
537,FOTQUA__ligand12289-0
538,FOTQUA__ligand12130-0
539,FOTQUA__ligand17387-0
540,FOTQUA__ligand2917-0
541,FOTQUA__ligand12231-0
542,FOTQUA__ligand7819-0
543,FOTQUA__ligand12401-0
544,FOTQUA__ligand15585-0
545,FOTQUA__ligand68-0
546,FOTQUA__ligand24145-0
547,FOTQUA__ligand6102-0
548,FOTQUA__ligand6596-0
549,FOTQUA__ligand6904-0
550,FOTQUA__ligand3721-0
551,FOTQUA__ligand10476-0
552,FOTQUA__ligand13068-0
553,FOTQUA__ligand19830-0
554,FOTQUA__ligand3465-0
555,FOTQUA__ligand4620-0
556,FOTQUA__ligand24185-0
557,FOTQUA__ligand23769-0
558,FOTQUA__ligand55-0
559,FOTQUA__ligand25178-0
560,FOTQUA__ligand240-0
561,FOTQUA__ligand17302-0
562,FOTQUA__ligand6067-0
563,FOTQUA__ligand1577-0
564,FOTQUA__ligand2295-0
565,FOTQUA__ligand141-0
566,FOTQUA__ligand17805-0
567,FOTQUA__ligand34-0
568,FOTQUA__ligand14108-0
569,FOTQUA__ligand384-0
570,FOTQUA__ligand4641-0
571,FOTQUA__ligand12641-0
572,FOTQUA__ligand10958-0
573,FOTQUA__ligand28676-0
574,FOTQUA__ligand10262-0
575,FOTQUA__ligand3234-0
576,FOTQUA__ligand1142-0
577,FOTQUA__ligand27763-0
578,FOTQUA__ligand768-0
579,FOTQUA__ligand19057-0
580,FOTQUA__ligand18814-0
581,FOTQUA__ligand7126-0
582,FOTQUA__ligand8835-0
583,FOTQUA__ligand13425-0
584,FOTQUA__ligand29302-0
585,FOTQUA__ligand2028-0
586,FOTQUA__ligand8992-0
587,FOTQUA__ligand27460-0
588,FOTQUA__ligand9601-0
589,FOTQUA__ligand12427-0
590,FOTQUA__ligand7967-0
591,FOTQUA__ligand20740-0
592,FOTQUA__ligand28468-0
593,FOTQUA__ligand6124-0
594,FOTQUA__ligand3707-0
595,FOTQUA__ligand1018-0
596,FOTQUA__ligand16628-0
597,FOTQUA__ligand4116-0
598,FOTQUA__ligand30296-0
599,FOTQUA__ligand1823-0
600,FOTQUA__ligand5643-0
601,FOTQUA__ligand757-0
602,FOTQUA__ligand17281-0
603,FOTQUA__ligand1324-0
604,FOTQUA__ligand26540-0
605,FOTQUA__ligand29410-0
606,FOTQUA__ligand8721-0
607,FOTQUA__ligand12337-0
608,FOTQUA__ligand9111-0
609,FOTQUA__ligand9952-0
610,FOTQUA__ligand30333-0
611,FOTQUA__ligand122-0
612,FOTQUA__ligand12606-0
613,FOTQUA__ligand1615-0
614,FOTQUA__ligand5036-0
615,FOTQUA__ligand2526-0
616,FOTQUA__ligand14603-0
617,FOTQUA__ligand14297-0
618,FOTQUA__ligand57-0
619,FOTQUA__ligand17258-0
620,FOTQUA__ligand13012-0
621,FOTQUA__ligand9441-0
622,FOTQUA__ligand17631-0
623,FOTQUA__ligand26665-0
624,FOTQUA__ligand2332-0
625,FOTQUA__ligand1631-0
626,FOTQUA__ligand1575-0
627,FOTQUA__ligand1530-0
628,FOTQUA__ligand31783-0
629,FOTQUA__ligand693-0
630,FOTQUA__ligand9933-0
631,FOTQUA__ligand14723-0
632,FOTQUA__ligand2915-0
633,FOTQUA__ligand27893-0
634,FOTQUA__ligand3156-0
635,FOTQUA__ligand20578-0
636,FOTQUA__ligand12934-0
637,FOTQUA__ligand15422-0
638,FOTQUA__ligand19641-0
639,FOTQUA__ligand23713-0
640,FOTQUA__ligand27175-0
641,FOTQUA__ligand6244-0
642,FOTQUA__ligand18832-0
643,FOTQUA__ligand1378-0
644,FOTQUA__ligand30988-0
645,FOTQUA__ligand670-0
646,FOTQUA__ligand23906-0
647,FOTQUA__ligand1147-0
648,FOTQUA__ligand11166-0
649,FOTQUA__ligand571-0
650,FOTQUA__ligand534-0
651,FOTQUA__ligand21132-0
652,FOTQUA__ligand3973-0
653,FOTQUA__ligand7925-0
654,FOTQUA__ligand49-0
655,FOTQUA__ligand30539-0
656,FOTQUA__ligand2068-0
657,FOTQUA__ligand89-0
658,FOTQUA__ligand25689-0
659,FOTQUA__ligand25575-0
660,FOTQUA__ligand7532-0
661,FOTQUA__ligand21787-0
662,FOTQUA__ligand4194-0
663,FOTQUA__ligand4330-0
664,FOTQUA__ligand2599-0
665,FOTQUA__ligand27835-0
666,FOTQUA__ligand12295-0
667,FOTQUA__ligand6283-0
668,FOTQUA__ligand25650-0
669,FOTQUA__ligand358-0
670,FOTQUA__ligand31248-0
671,FOTQUA__ligand430-0
672,FOTQUA__ligand488-0
673,FOTQUA__ligand4738-0
674,FOTQUA__ligand12660-0
675,FOTQUA__ligand4813-0
676,FOTQUA__ligand5813-0
677,FOTQUA__ligand694-0
678,FOTQUA__ligand6062-0
679,FOTQUA__ligand19257-0
680,FOTQUA__ligand13209-0
681,FOTQUA__ligand25735-0
682,FOTQUA__ligand12519-0
683,FOTQUA__ligand23124-0
684,FOTQUA__ligand3215-0
685,FOTQUA__ligand11206-0
686,FOTQUA__ligand7107-0
687,FOTQUA__ligand29610-0
688,FOTQUA__ligand656-0
689,FOTQUA__ligand11140-0
690,FOTQUA__ligand9148-0
691,FOTQUA__ligand1415-0
692,FOTQUA__ligand6946-0
693,FOTQUA__ligand13869-0
694,FOTQUA__ligand18074-0
695,FOTQUA__ligand7529-0
696,FOTQUA__ligand29863-0
697,FOTQUA__ligand1729-0
698,FOTQUA__ligand5627-0
699,FOTQUA__ligand18799-0
700,FOTQUA__ligand17-0
701,FOTQUA__ligand18465-0
702,FOTQUA__ligand2830-0
703,FOTQUA__ligand5316-0
704,FOTQUA__ligand696-0
705,FOTQUA__ligand16791-0
706,FOTQUA__ligand28668-0
707,FOTQUA__ligand5483-0
708,FOTQUA__ligand3012-0
709,FOTQUA__ligand416-0
710,FOTQUA__ligand1449-0
711,FOTQUA__ligand1065-0
712,FOTQUA__ligand18391-0
713,FOTQUA__ligand7530-0
714,FOTQUA__ligand383-0
715,FOTQUA__ligand14523-0
716,FOTQUA__ligand27169-0
717,FOTQUA__ligand162-0
718,FOTQUA__ligand9681-0
719,FOTQUA__ligand27074-0
720,FOTQUA__ligand226-0
721,FOTQUA__ligand20599-0
722,FOTQUA__ligand22981-0
723,FOTQUA__ligand25805-0
724,FOTQUA__ligand4332-0
725,FOTQUA__ligand21936-0
726,FOTQUA__ligand3934-0
727,FOTQUA__ligand13257-0
728,FOTQUA__ligand23904-0
729,FOTQUA__ligand6882-0
730,FOTQUA__ligand6455-0
731,FOTQUA__ligand10084-0
732,FOTQUA__ligand2403-0
733,FOTQUA__ligand25267-0
734,FOTQUA__ligand12467-0
735,FOTQUA__ligand2527-0
736,FOTQUA__ligand8349-0
737,FOTQUA__ligand13072-0
738,FOTQUA__ligand8464-0
739,FOTQUA__ligand1709-0
740,FOTQUA__ligand12336-0
741,FOTQUA__ligand17240-0
742,FOTQUA__ligand3392-0
743,FOTQUA__ligand17590-0
744,FOTQUA__ligand497-0
745,FOTQUA__ligand1771-0
746,FOTQUA__ligand4911-0
747,FOTQUA__ligand5849-0
748,FOTQUA__ligand633-0
749,FOTQUA__ligand18699-0
750,FOTQUA__ligand12682-0
751,FOTQUA__ligand21421-0
752,FOTQUA__ligand5935-0
753,FOTQUA__ligand2722-0
754,FOTQUA__ligand1379-0
755,FOTQUA__ligand326-0
756,FOTQUA__ligand14586-0
757,FOTQUA__ligand11774-0
758,FOTQUA__ligand3157-0
759,FOTQUA__ligand9525-0
760,FOTQUA__ligand20579-0
761,FOTQUA__ligand17710-0
762,FOTQUA__ligand11568-0
763,FOTQUA__ligand1165-0
764,FOTQUA__ligand4850-0
765,FOTQUA__ligand5056-0
766,FOTQUA__ligand31483-0
767,FOTQUA__ligand10555-0
768,FOTQUA__ligand3647-0
769,FOTQUA__ligand5357-0
770,FOTQUA__ligand692-0
771,FOTQUA__ligand1688-0
772,FOTQUA__ligand436-0
773,FOTQUA__ligand1469-0
774,FOTQUA__ligand3871-0
775,FOTQUA__ligand24613-0
776,FOTQUA__ligand1768-0
777,FOTQUA__ligand19725-0
778,FOTQUA__ligand1533-0
779,FOTQUA__ligand24064-0
780,FOTQUA__ligand23589-0
781,FOTQUA__ligand1496-0
782,FOTQUA__ligand7557-0
783,FOTQUA__ligand11-0
784,FOTQUA__ligand15168-0
785,FOTQUA__ligand69-0
786,FOTQUA__ligand324-0
787,FOTQUA__ligand361-0
788,FOTQUA__ligand29898-0
789,FOTQUA__ligand409-0
790,FOTQUA__ligand26277-0
791,FOTQUA__ligand10432-0
792,FOTQUA__ligand11432-0
793,FOTQUA__ligand31618-0
794,FOTQUA__ligand4131-0
795,FOTQUA__ligand22755-0
796,FOTQUA__ligand1712-0
797,FOTQUA__ligand5094-0
798,FOTQUA__ligand5892-0
799,FOTQUA__ligand1773-0
800,FOTQUA__ligand18013-0
801,FOTQUA__ligand25224-0
802,FOTQUA__ligand4581-0
803,FOTQUA__ligand17945-0
804,FOTQUA__ligand2328-0
805,FOTQUA__ligand7162-0
806,FOTQUA__ligand17207-0
807,FOTQUA__ligand3029-0
808,FOTQUA__ligand31578-0
809,FOTQUA__ligand300-0
810,FOTQUA__ligand24750-0
811,FOTQUA__ligand9197-0
812,FOTQUA__ligand588-0
813,FOTQUA__ligand1900-0
814,FOTQUA__ligand15438-0
815,FOTQUA__ligand2208-0
816,FOTQUA__ligand3208-0
817,FOTQUA__ligand28924-0
818,FOTQUA__ligand199-0
819,FOTQUA__ligand8722-0
820,FOTQUA__ligand29087-0
821,FOTQUA__ligand9809-0
822,FOTQUA__ligand6672-0
823,FOTQUA__ligand1327-0
824,FOTQUA__ligand3350-0
825,FOTQUA__ligand18703-0
826,FOTQUA__ligand7573-0
827,FOTQUA__ligand2781-0
