,TMC
0,UNIPEM__ligand7630-0
1,UNIPEM__ligand4-0
2,UNIPEM__ligand1285-0
3,UNIPEM__ligand1555-0
4,UNIPEM__ligand797-0
5,UNIPEM__ligand4423-0
6,UNIPEM__ligand757-0
7,UNIPEM__ligand73-0
8,UNIPEM__ligand1907-0
9,UNIPEM__ligand3890-0
10,UNIPEM__ligand1160-0
11,UNIPEM__ligand2253-0
12,UNIPEM__ligand57-0
13,UNIPEM__ligand5093-0
14,UNIPEM__ligand2954-0
15,UNIPEM__ligand10357-0
16,UNIPEM__ligand2762-0
17,UNIPEM__ligand15630-0
18,UNIPEM__ligand1038-0
19,UNIPEM__ligand7550-0
20,UNIPEM__ligand2718-0
21,UNIPEM__ligand3035-0
22,UNIPEM__ligand3070-0
23,UNIPEM__ligand1493-0
24,UNIPEM__ligand9176-0
25,UNIPEM__ligand95-0
26,UNIPEM__ligand55-0
27,UNIPEM__ligand3251-0
28,UNIPEM__ligand141-0
29,UNIPEM__ligand4619-0
30,UNIPEM__ligand6143-0
31,UNIPEM__ligand5235-0
32,UNIPEM__ligand240-0
33,UNIPEM__ligand7456-0
34,UNIPEM__ligand384-0
35,UNIPEM__ligand34-0
36,UNIPEM__ligand120-0
37,UNIPEM__ligand1818-0
38,UNIPEM__ligand3478-0
39,UNIPEM__ligand3852-0
40,UNIPEM__ligand5758-0
41,UNIPEM__ligand6-0
42,UNIPEM__ligand124-0
43,UNIPEM__ligand1436-0
44,UNIPEM__ligand2618-0
45,UNIPEM__ligand3618-0
46,UNIPEM__ligand48-0
47,UNIPEM__ligand4370-0
48,UNIPEM__ligand119-0
49,UNIPEM__ligand91-0
50,UNIPEM__ligand321-0
51,UNIPEM__ligand29-0
52,UNIPEM__ligand1918-0
53,UNIPEM__ligand178-0
54,UNIPEM__ligand279-0
55,UNIPEM__ligand244-0
56,UNIPEM__ligand201-0
57,UNIPEM__ligand4175-0
58,UNIPEM__ligand100-0
59,UNIPEM__ligand51-0
60,UNIPEM__ligand2255-0
61,UNIPEM__ligand596-0
62,UNIPEM__ligand2915-0
63,UNIPEM__ligand861-0
64,UNIPEM__ligand3196-0
65,UNIPEM__ligand4012-0
66,UNIPEM__ligand366-0
67,UNIPEM__ligand187-0
68,UNIPEM__ligand612-0
69,UNIPEM__ligand1551-0
70,UNIPEM__ligand2526-0
71,UNIPEM__ligand2707-0
72,UNIPEM__ligand126-0
73,UNIPEM__ligand32-0
74,UNIPEM__ligand1690-0
75,UNIPEM__ligand105-0
76,UNIPEM__ligand140-0
77,UNIPEM__ligand10479-0
78,UNIPEM__ligand11-0
79,UNIPEM__ligand409-0
80,UNIPEM__ligand361-0
81,UNIPEM__ligand324-0
82,UNIPEM__ligand1307-0
83,UNIPEM__ligand2599-0
84,UNIPEM__ligand5089-0
85,UNIPEM__ligand10114-0
86,UNIPEM__ligand2853-0
87,UNIPEM__ligand3853-0
88,UNIPEM__ligand575-0
89,UNIPEM__ligand6166-0
90,UNIPEM__ligand199-0
91,UNIPEM__ligand927-0
92,UNIPEM__ligand1246-0
93,UNIPEM__ligand166-0
94,UNIPEM__ligand1788-0
95,UNIPEM__ligand838-0
96,UNIPEM__ligand3566-0
97,UNIPEM__ligand10910-0
98,UNIPEM__ligand1178-0
99,UNIPEM__ligand497-0
100,UNIPEM__ligand532-0
101,UNIPEM__ligand1321-0
102,UNIPEM__ligand633-0
103,UNIPEM__ligand918-0
104,UNIPEM__ligand326-0
105,UNIPEM__ligand821-0
106,UNIPEM__ligand1449-1
107,UNIPEM__ligand4811-0
108,UNIPEM__ligand7514-0
109,UNIPEM__ligand3337-0
110,UNIPEM__ligand283-0
111,UNIPEM__ligand553-0
112,UNIPEM__ligand206-0
113,UNIPEM__ligand14530-0
114,UNIPEM__ligand142-0
115,UNIPEM__ligand4894-0
116,UNIPEM__ligand1260-0
117,UNIPEM__ligand436-0
118,UNIPEM__ligand9620-0
119,UNIPEM__ligand2376-0
120,UNIPEM__ligand92-0
121,UNIPEM__ligand2929-0
122,UNIPEM__ligand1264-0
123,UNIPEM__ligand1221-0
124,UNIPEM__ligand6430-0
125,UNIPEM__ligand1299-0
126,UNIPEM__ligand17-0
127,UNIPEM__ligand1379-0
128,UNIPEM__ligand383-0
129,UNIPEM__ligand1104-0
130,UNIPEM__ligand5762-0
131,UNIPEM__ligand7414-0
132,UNIPEM__ligand226-0
133,UNIPEM__ligand2442-0
134,UNIPEM__ligand162-0
135,UNIPEM__ligand1019-0
136,UNIPEM__ligand6571-0
137,UNIPEM__ligand2482-0
138,UNIPEM__ligand1325-0
139,UNIPEM__ligand1-0
140,UNIPEM__ligand2480-0
141,UNIPEM__ligand3051-0
142,UNIPEM__ligand4504-0
143,UNIPEM__ligand1898-0
144,UNIPEM__ligand571-0
145,UNIPEM__ligand118-0
146,UNIPEM__ligand2315-0
147,UNIPEM__ligand670-0
148,UNIPEM__ligand3-0
149,UNIPEM__ligand49-0
150,UNIPEM__ligand5334-0
151,UNIPEM__ligand89-0
152,UNIPEM__ligand1858-0
153,UNIPEM__ligand8032-0
154,UNIPEM__ligand509-0
155,UNIPEM__ligand3579-0
156,UNIPEM__ligand430-0
157,UNIPEM__ligand2110-0
158,UNIPEM__ligand2916-0
159,UNIPEM__ligand358-0
160,UNIPEM__ligand1712-0
161,UNIPEM__ligand669-0
162,UNIPEM__ligand2389-0
163,UNIPEM__ligand278-0
164,UNIPEM__ligand365-0
165,UNIPEM__ligand1919-0
166,UNIPEM__ligand9027-0
167,UNIPEM__ligand188-0
168,UNIPEM__ligand369-0
169,UNIPEM__ligand6396-0
170,UNIPEM__ligand444-0
171,UNIPEM__ligand2265-0
172,UNIPEM__ligand1113-0
173,UNIPEM__ligand311-0
174,UNIPEM__ligand1502-0
175,UNIPEM__ligand4983-0
176,UNIPEM__ligand1835-0
177,UNIPEM__ligand2794-0
178,UNIPEM__ligand2345-0
179,UNIPEM__ligand370-0
180,UNIPEM__ligand85-0
181,UNIPEM__ligand78-0
182,UNIPEM__ligand1052-0
183,UNIPEM__ligand250-0
184,UNIPEM__ligand45-0
185,UNIPEM__ligand460-0
186,UNIPEM__ligand1273-0
187,UNIPEM__ligand6538-0
188,UNIPEM__ligand955-0
189,UNIPEM__ligand9495-0
190,UNIPEM__ligand252-0
191,UNIPEM__ligand2772-0
192,UNIPEM__ligand6151-0
193,UNIPEM__ligand2142-0
194,UNIPEM__ligand830-0
195,UNIPEM__ligand2864-0
196,UNIPEM__ligand193-0
197,UNIPEM__ligand5022-0
198,UNIPEM__ligand851-0
199,UNIPEM__ligand1169-0
200,UNIPEM__ligand909-0
201,UNIPEM__ligand3838-0
202,UNIPEM__ligand1799-0
203,UNIPEM__ligand2838-0
204,UNIPEM__ligand2880-0
205,UNIPEM__ligand5941-0
206,UNIPEM__ligand177-0
207,UNIPEM__ligand934-0
208,UNIPEM__ligand8774-0
209,UNIPEM__ligand3637-0
210,UNIPEM__ligand352-0
211,UNIPEM__ligand783-0
212,UNIPEM__ligand442-0
213,UNIPEM__ligand67-0
214,UNIPEM__ligand868-0
215,UNIPEM__ligand136-0
216,UNIPEM__ligand7464-0
217,UNIPEM__ligand112-0
218,UNIPEM__ligand1054-0
219,UNIPEM__ligand296-0
220,UNIPEM__ligand6294-0
221,UNIPEM__ligand197-0
222,UNIPEM__ligand1248-0
223,UNIPEM__ligand4303-0
224,UNIPEM__ligand1598-0
225,UNIPEM__ligand993-0
226,UNIPEM__ligand2862-0
227,UNIPEM__ligand294-0
228,UNIPEM__ligand1056-0
229,UNIPEM__ligand2320-0
230,UNIPEM__ligand2510-0
231,UNIPEM__ligand1567-0
232,UNIPEM__ligand2285-0
233,UNIPEM__ligand331-0
234,UNIPEM__ligand8921-0
235,UNIPEM__ligand421-0
236,UNIPEM__ligand798-0
237,UNIPEM__ligand2907-0
238,UNIPEM__ligand2430-0
239,UNIPEM__ligand1703-0
240,UNIPEM__ligand584-0
241,UNIPEM__ligand916-0
242,UNIPEM__ligand1152-0
243,UNIPEM__ligand390-0
244,UNIPEM__ligand235-0
245,UNIPEM__ligand932-0
246,UNIPEM__ligand134-0
247,UNIPEM__ligand1727-0
248,UNIPEM__ligand109-0
249,UNIPEM__ligand560-0
250,UNIPEM__ligand525-0
251,UNIPEM__ligand1607-0
252,UNIPEM__ligand3063-0
253,UNIPEM__ligand1438-0
254,UNIPEM__ligand5801-0
255,UNIPEM__ligand86-0
256,UNIPEM__ligand1171-0
257,UNIPEM__ligand682-0
258,UNIPEM__ligand62-0
259,UNIPEM__ligand447-0
260,UNIPEM__ligand1685-0
261,UNIPEM__ligand3757-0
262,UNIPEM__ligand2087-0
263,UNIPEM__ligand1048-0
264,UNIPEM__ligand133-0
265,UNIPEM__ligand666-0
266,UNIPEM__ligand522-0
267,UNIPEM__ligand1459-0
268,UNIPEM__ligand1544-0
269,UNIPEM__ligand487-0
270,UNIPEM__ligand1376-0
271,UNIPEM__ligand2768-0
272,UNIPEM__ligand2259-0
273,UNIPEM__ligand485-0
274,UNIPEM__ligand2688-0
275,UNIPEM__ligand18-0
276,UNIPEM__ligand355-0
277,UNIPEM__ligand784-0
278,UNIPEM__ligand1687-0
279,UNIPEM__ligand1951-0
280,UNIPEM__ligand6277-0
281,UNIPEM__ligand4381-0
282,UNIPEM__ligand2629-0
283,UNIPEM__ligand3734-0
284,UNIPEM__ligand1706-0
285,UNIPEM__ligand115-0
286,UNIPEM__ligand291-0
287,UNIPEM__ligand1747-0
288,UNIPEM__ligand6686-0
289,UNIPEM__ligand7915-0
290,UNIPEM__ligand210-0
291,UNIPEM__ligand5548-0
292,UNIPEM__ligand3145-0
293,UNIPEM__ligand40-0
294,UNIPEM__ligand38-0
295,UNIPEM__ligand6332-0
296,UNIPEM__ligand3178-0
297,UNIPEM__ligand2863-0
298,UNIPEM__ligand2098-0
299,UNIPEM__ligand6502-0
300,UNIPEM__ligand314-0
301,UNIPEM__ligand1542-0
302,UNIPEM__ligand2634-0
303,UNIPEM__ligand481-0
304,UNIPEM__ligand11730-0
305,UNIPEM__ligand3041-0
306,UNIPEM__ligand2751-0
307,UNIPEM__ligand170-0
308,UNIPEM__ligand21-0
309,UNIPEM__ligand391-0
310,UNIPEM__ligand236-0
311,UNIPEM__ligand1538-0
312,UNIPEM__ligand66-0
313,UNIPEM__ligand1114-0
314,UNIPEM__ligand9244-0
315,UNIPEM__ligand353-0
316,UNIPEM__ligand1228-0
317,UNIPEM__ligand1148-0
318,UNIPEM__ligand502-0
319,UNIPEM__ligand196-0
320,UNIPEM__ligand1479-0
321,UNIPEM__ligand113-0
322,UNIPEM__ligand3246-0
323,UNIPEM__ligand8-0
324,UNIPEM__ligand422-0
