,TMC
0,GEJBUS__ligand2232-0
1,GEJBUS__ligand633-0
2,GEJBUS__ligand20251-1
3,GEJBUS__ligand2176-0
4,GEJBUS__ligand66-0
5,GEJBUS__ligand9291-0
6,GEJBUS__ligand7648-0
7,GEJBUS__ligand2828-0
8,GEJBUS__ligand8876-0
9,GEJBUS__ligand9833-0
10,GEJBUS__ligand14703-0
11,GEJBUS__ligand16475-0
12,GEJBUS__ligand5256-0
13,GEJBUS__ligand497-0
14,GEJBUS__ligand4157-0
15,GEJBUS__ligand17398-0
16,GEJBUS__ligand11675-0
17,GEJBUS__ligand4546-0
18,GEJBUS__ligand4503-0
19,GEJBUS__ligand20598-0
20,GEJBUS__ligand22557-0
21,GEJBUS__ligand10589-0
22,GEJBUS__ligand24047-0
23,GEJBUS__ligand17278-0
24,GEJBUS__ligand20011-0
25,GEJBUS__ligand6768-0
26,GEJBUS__ligand8115-0
27,GEJBUS__ligand7000-0
28,GEJBUS__ligand29414-0
29,GEJBUS__ligand17982-0
30,GEJBUS__ligand1982-0
31,GEJBUS__ligand1285-0
32,GEJBUS__ligand436-0
33,GEJBUS__ligand29568-0
34,GEJBUS__ligand7280-0
35,GEJBUS__ligand1304-0
36,GEJBUS__ligand1790-0
37,GEJBUS__ligand30851-0
38,GEJBUS__ligand14889-0
39,GEJBUS__ligand7238-0
40,GEJBUS__ligand4016-0
41,GEJBUS__ligand20419-0
42,GEJBUS__ligand17118-0
43,GEJBUS__ligand21371-0
44,GEJBUS__ligand7867-0
45,GEJBUS__ligand6709-0
46,GEJBUS__ligand1219-0
47,GEJBUS__ligand28789-0
48,GEJBUS__ligand692-0
49,GEJBUS__ligand42-0
50,GEJBUS__ligand3954-0
51,GEJBUS__ligand4442-0
52,GEJBUS__ligand17261-0
53,GEJBUS__ligand4093-0
54,GEJBUS__ligand14117-0
55,GEJBUS__ligand9520-0
56,GEJBUS__ligand1160-0
57,GEJBUS__ligand8699-0
58,GEJBUS__ligand20539-0
59,GEJBUS__ligand9784-0
60,GEJBUS__ligand20251-0
61,GEJBUS__ligand20214-0
62,GEJBUS__ligand30702-0
63,GEJBUS__ligand4272-0
64,GEJBUS__ligand1451-0
65,GEJBUS__ligand31097-0
66,GEJBUS__ligand21581-0
67,GEJBUS__ligand7629-0
68,GEJBUS__ligand326-0
69,GEJBUS__ligand13390-0
70,GEJBUS__ligand1263-0
71,GEJBUS__ligand9908-0
72,GEJBUS__ligand361-0
73,GEJBUS__ligand324-0
74,GEJBUS__ligand409-0
75,GEJBUS__ligand7106-0
76,GEJBUS__ligand20682-0
77,GEJBUS__ligand7242-0
78,GEJBUS__ligand4661-0
79,GEJBUS__ligand1844-0
80,GEJBUS__ligand27482-0
81,GEJBUS__ligand26810-0
82,GEJBUS__ligand6616-0
83,GEJBUS__ligand3035-0
84,GEJBUS__ligand3876-0
85,GEJBUS__ligand1343-0
86,GEJBUS__ligand3718-0
87,GEJBUS__ligand13208-0
88,GEJBUS__ligand9935-0
89,GEJBUS__ligand38-0
90,GEJBUS__ligand1573-0
91,GEJBUS__ligand1536-0
92,GEJBUS__ligand1959-0
93,GEJBUS__ligand3504-0
94,GEJBUS__ligand6919-0
95,GEJBUS__ligand2485-0
96,GEJBUS__ligand3852-0
97,GEJBUS__ligand31832-0
98,GEJBUS__ligand13294-0
99,GEJBUS__ligand12030-0
100,GEJBUS__ligand3565-0
101,GEJBUS__ligand29879-0
102,GEJBUS__ligand14248-0
103,GEJBUS__ligand5331-0
104,GEJBUS__ligand13331-0
105,GEJBUS__ligand199-0
106,GEJBUS__ligand1512-0
107,GEJBUS__ligand28884-0
108,GEJBUS__ligand6839-0
109,GEJBUS__ligand3131-0
110,GEJBUS__ligand10712-0
111,GEJBUS__ligand1202-0
112,GEJBUS__ligand3937-0
113,GEJBUS__ligand3174-0
114,GEJBUS__ligand14174-0
115,GEJBUS__ligand8969-0
116,GEJBUS__ligand588-0
117,GEJBUS__ligand4720-0
118,GEJBUS__ligand11456-0
119,GEJBUS__ligand3094-0
120,GEJBUS__ligand4155-0
121,GEJBUS__ligand25411-0
122,GEJBUS__ligand5211-0
123,GEJBUS__ligand300-0
124,GEJBUS__ligand18-0
125,GEJBUS__ligand14108-0
126,GEJBUS__ligand4641-0
127,GEJBUS__ligand12641-0
128,GEJBUS__ligand10958-0
129,GEJBUS__ligand7126-0
130,GEJBUS__ligand2028-0
131,GEJBUS__ligand8835-0
132,GEJBUS__ligand10262-0
133,GEJBUS__ligand28676-0
134,GEJBUS__ligand27763-0
135,GEJBUS__ligand19057-0
136,GEJBUS__ligand18814-0
137,GEJBUS__ligand670-0
138,GEJBUS__ligand3234-0
139,GEJBUS__ligand1142-0
140,GEJBUS__ligand534-0
141,GEJBUS__ligand571-0
142,GEJBUS__ligand13425-0
143,GEJBUS__ligand29302-0
144,GEJBUS__ligand13658-0
145,GEJBUS__ligand26702-0
146,GEJBUS__ligand12289-0
147,GEJBUS__ligand18292-0
148,GEJBUS__ligand12130-0
149,GEJBUS__ligand3465-0
150,GEJBUS__ligand17387-0
151,GEJBUS__ligand6102-0
152,GEJBUS__ligand12231-0
153,GEJBUS__ligand6904-0
154,GEJBUS__ligand3721-0
155,GEJBUS__ligand6596-0
156,GEJBUS__ligand15585-0
157,GEJBUS__ligand12401-0
158,GEJBUS__ligand2917-0
159,GEJBUS__ligand24145-0
160,GEJBUS__ligand7819-0
161,GEJBUS__ligand10476-0
162,GEJBUS__ligand19830-0
163,GEJBUS__ligand13068-0
164,GEJBUS__ligand8-0
165,GEJBUS__ligand24185-0
166,GEJBUS__ligand23769-0
167,GEJBUS__ligand694-0
168,GEJBUS__ligand2295-0
169,GEJBUS__ligand6067-0
170,GEJBUS__ligand1577-0
171,GEJBUS__ligand25178-0
172,GEJBUS__ligand17302-0
173,GEJBUS__ligand358-0
174,GEJBUS__ligand430-0
175,GEJBUS__ligand17805-0
176,GEJBUS__ligand4620-0
177,GEJBUS__ligand488-0
178,GEJBUS__ligand14297-0
179,GEJBUS__ligand14603-0
180,GEJBUS__ligand1575-0
181,GEJBUS__ligand1530-0
182,GEJBUS__ligand17258-0
183,GEJBUS__ligand9933-0
184,GEJBUS__ligand696-0
185,GEJBUS__ligand13012-0
186,GEJBUS__ligand17631-0
187,GEJBUS__ligand1631-0
188,GEJBUS__ligand26665-0
189,GEJBUS__ligand9441-0
190,GEJBUS__ligand2332-0
191,GEJBUS__ligand31783-0
192,GEJBUS__ligand14723-0
193,GEJBUS__ligand1378-0
194,GEJBUS__ligand27893-0
195,GEJBUS__ligand15422-0
196,GEJBUS__ligand20578-0
197,GEJBUS__ligand12934-0
198,GEJBUS__ligand6244-0
199,GEJBUS__ligand19641-0
200,GEJBUS__ligand23713-0
201,GEJBUS__ligand18832-0
202,GEJBUS__ligand656-0
203,GEJBUS__ligand27175-0
204,GEJBUS__ligand30988-0
205,GEJBUS__ligand3156-0
206,GEJBUS__ligand2915-0
207,GEJBUS__ligand1018-0
208,GEJBUS__ligand4116-0
209,GEJBUS__ligand27460-0
210,GEJBUS__ligand6124-0
211,GEJBUS__ligand3707-0
212,GEJBUS__ligand7967-0
213,GEJBUS__ligand12427-0
214,GEJBUS__ligand9601-0
215,GEJBUS__ligand20740-0
216,GEJBUS__ligand28468-0
217,GEJBUS__ligand8992-0
218,GEJBUS__ligand16628-0
219,GEJBUS__ligand30296-0
220,GEJBUS__ligand162-0
221,GEJBUS__ligand5036-0
222,GEJBUS__ligand2526-0
223,GEJBUS__ligand17281-0
224,GEJBUS__ligand1615-0
225,GEJBUS__ligand9111-0
226,GEJBUS__ligand9952-0
227,GEJBUS__ligand226-0
228,GEJBUS__ligand26540-0
229,GEJBUS__ligand29410-0
230,GEJBUS__ligand12337-0
231,GEJBUS__ligand1324-0
232,GEJBUS__ligand30333-0
233,GEJBUS__ligand416-0
234,GEJBUS__ligand8721-0
235,GEJBUS__ligand5643-0
236,GEJBUS__ligand12606-0
237,GEJBUS__ligand1823-0
238,GEJBUS__ligand383-0
239,GEJBUS__ligand240-0
240,GEJBUS__ligand25650-0
241,GEJBUS__ligand31248-0
242,GEJBUS__ligand6062-0
243,GEJBUS__ligand4738-0
244,GEJBUS__ligand141-0
245,GEJBUS__ligand5813-0
246,GEJBUS__ligand4813-0
247,GEJBUS__ligand12660-0
248,GEJBUS__ligand6283-0
249,GEJBUS__ligand19257-0
250,GEJBUS__ligand13209-0
251,GEJBUS__ligand12519-0
252,GEJBUS__ligand25735-0
253,GEJBUS__ligand7107-0
254,GEJBUS__ligand23124-0
255,GEJBUS__ligand11206-0
256,GEJBUS__ligand3215-0
257,GEJBUS__ligand768-0
258,GEJBUS__ligand23906-0
259,GEJBUS__ligand7925-0
260,GEJBUS__ligand11166-0
261,GEJBUS__ligand2068-0
262,GEJBUS__ligand21132-0
263,GEJBUS__ligand30539-0
264,GEJBUS__ligand3973-0
265,GEJBUS__ligand1147-0
266,GEJBUS__ligand25689-0
267,GEJBUS__ligand25575-0
268,GEJBUS__ligand21787-0
269,GEJBUS__ligand4330-0
270,GEJBUS__ligand2599-0
271,GEJBUS__ligand4194-0
272,GEJBUS__ligand384-0
273,GEJBUS__ligand27835-0
274,GEJBUS__ligand7532-0
275,GEJBUS__ligand12295-0
276,GEJBUS__ligand4332-0
277,GEJBUS__ligand9681-0
278,GEJBUS__ligand18391-0
279,GEJBUS__ligand122-0
280,GEJBUS__ligand14523-0
281,GEJBUS__ligand27169-0
282,GEJBUS__ligand7530-0
283,GEJBUS__ligand1065-0
284,GEJBUS__ligand757-0
285,GEJBUS__ligand27074-0
286,GEJBUS__ligand20599-0
287,GEJBUS__ligand3012-0
288,GEJBUS__ligand25805-0
289,GEJBUS__ligand1449-0
290,GEJBUS__ligand22981-0
291,GEJBUS__ligand21936-0
292,GEJBUS__ligand13257-0
293,GEJBUS__ligand23904-0
294,GEJBUS__ligand2403-0
295,GEJBUS__ligand6882-0
296,GEJBUS__ligand10084-0
297,GEJBUS__ligand6455-0
298,GEJBUS__ligand25267-0
299,GEJBUS__ligand3934-0
300,GEJBUS__ligand12467-0
301,GEJBUS__ligand67-0
302,GEJBUS__ligand29610-0
303,GEJBUS__ligand7529-0
304,GEJBUS__ligand1415-0
305,GEJBUS__ligand6946-0
306,GEJBUS__ligand11140-0
307,GEJBUS__ligand43-0
308,GEJBUS__ligand9148-0
309,GEJBUS__ligand13869-0
310,GEJBUS__ligand18074-0
311,GEJBUS__ligand29863-0
312,GEJBUS__ligand5483-0
313,GEJBUS__ligand5316-0
314,GEJBUS__ligand18799-0
315,GEJBUS__ligand693-0
316,GEJBUS__ligand18465-0
317,GEJBUS__ligand16791-0
318,GEJBUS__ligand2830-0
319,GEJBUS__ligand1729-0
320,GEJBUS__ligand28668-0
321,GEJBUS__ligand5627-0
322,GEJBUS__ligand21421-0
323,GEJBUS__ligand657-0
324,GEJBUS__ligand9525-0
325,GEJBUS__ligand1165-0
326,GEJBUS__ligand187-0
327,GEJBUS__ligand3157-0
328,GEJBUS__ligand11774-0
329,GEJBUS__ligand14586-0
330,GEJBUS__ligand2722-0
331,GEJBUS__ligand366-0
332,GEJBUS__ligand1379-0
333,GEJBUS__ligand17710-0
334,GEJBUS__ligand20579-0
335,GEJBUS__ligand5935-0
336,GEJBUS__ligand11568-0
337,GEJBUS__ligand1768-0
338,GEJBUS__ligand777-0
339,GEJBUS__ligand31483-0
340,GEJBUS__ligand10555-0
341,GEJBUS__ligand1469-0
342,GEJBUS__ligand3871-0
343,GEJBUS__ligand5357-0
344,GEJBUS__ligand3647-0
345,GEJBUS__ligand1688-0
346,GEJBUS__ligand24613-0
347,GEJBUS__ligand5056-0
348,GEJBUS__ligand4850-0
349,GEJBUS__ligand596-0
350,GEJBUS__ligand941-0
351,GEJBUS__ligand19725-0
352,GEJBUS__ligand8349-0
353,GEJBUS__ligand1709-0
354,GEJBUS__ligand8464-0
355,GEJBUS__ligand163-0
356,GEJBUS__ligand126-0
357,GEJBUS__ligand2527-0
358,GEJBUS__ligand13072-0
359,GEJBUS__ligand12336-0
360,GEJBUS__ligand17240-0
361,GEJBUS__ligand17590-0
362,GEJBUS__ligand5849-0
363,GEJBUS__ligand845-0
364,GEJBUS__ligand1771-0
365,GEJBUS__ligand4911-0
366,GEJBUS__ligand12682-0
367,GEJBUS__ligand3392-0
368,GEJBUS__ligand18699-0
369,GEJBUS__ligand9197-0
370,GEJBUS__ligand18013-0
371,GEJBUS__ligand25224-0
372,GEJBUS__ligand17945-0
373,GEJBUS__ligand1900-0
374,GEJBUS__ligand24-0
375,GEJBUS__ligand17207-0
376,GEJBUS__ligand31578-0
377,GEJBUS__ligand7162-0
378,GEJBUS__ligand24750-0
379,GEJBUS__ligand3029-0
380,GEJBUS__ligand1773-0
381,GEJBUS__ligand4581-0
382,GEJBUS__ligand2328-0
383,GEJBUS__ligand15438-0
384,GEJBUS__ligand7573-0
385,GEJBUS__ligand2781-0
386,GEJBUS__ligand28924-0
387,GEJBUS__ligand3350-0
388,GEJBUS__ligand8722-0
389,GEJBUS__ligand6672-0
390,GEJBUS__ligand9809-0
391,GEJBUS__ligand1327-0
392,GEJBUS__ligand338-0
393,GEJBUS__ligand29087-0
394,GEJBUS__ligand19-0
395,GEJBUS__ligand18703-0
396,GEJBUS__ligand3208-0
397,GEJBUS__ligand2208-0
398,GEJBUS__ligand24064-0
399,GEJBUS__ligand7557-0
400,GEJBUS__ligand23589-0
401,GEJBUS__ligand1496-0
402,GEJBUS__ligand15168-0
403,GEJBUS__ligand201-0
404,GEJBUS__ligand78-0
405,GEJBUS__ligand1533-0
406,GEJBUS__ligand279-0
407,GEJBUS__ligand5094-0
408,GEJBUS__ligand5892-0
409,GEJBUS__ligand26277-0
410,GEJBUS__ligand45-0
411,GEJBUS__ligand29898-0
412,GEJBUS__ligand185-0
413,GEJBUS__ligand178-0
414,GEJBUS__ligand10432-0
415,GEJBUS__ligand31618-0
416,GEJBUS__ligand11432-0
417,GEJBUS__ligand22755-0
418,GEJBUS__ligand4131-0
419,GEJBUS__ligand1712-0
420,GEJBUS__ligand321-0
421,GEJBUS__ligand49-0
422,GEJBUS__ligand11814-0
423,GEJBUS__ligand8593-0
424,GEJBUS__ligand9944-0
425,GEJBUS__ligand16603-0
426,GEJBUS__ligand395-0
427,GEJBUS__ligand7566-0
428,GEJBUS__ligand16870-0
429,GEJBUS__ligand368-0
430,GEJBUS__ligand11622-0
431,GEJBUS__ligand2001-0
432,GEJBUS__ligand11177-0
433,GEJBUS__ligand5201-0
434,GEJBUS__ligand784-0
435,GEJBUS__ligand15455-0
436,GEJBUS__ligand8553-0
437,GEJBUS__ligand89-0
438,GEJBUS__ligand1113-0
439,GEJBUS__ligand31205-0
440,GEJBUS__ligand17686-0
441,GEJBUS__ligand25658-0
442,GEJBUS__ligand833-0
443,GEJBUS__ligand11252-0
444,GEJBUS__ligand3471-0
445,GEJBUS__ligand4161-0
446,GEJBUS__ligand4124-0
447,GEJBUS__ligand13260-0
448,GEJBUS__ligand10582-0
449,GEJBUS__ligand5415-0
450,GEJBUS__ligand18067-0
451,GEJBUS__ligand19824-0
452,GEJBUS__ligand26673-0
453,GEJBUS__ligand115-0
454,GEJBUS__ligand3180-0
455,GEJBUS__ligand20821-0
456,GEJBUS__ligand4340-0
457,GEJBUS__ligand2281-0
458,GEJBUS__ligand2650-0
459,GEJBUS__ligand2823-0
460,GEJBUS__ligand11606-0
461,GEJBUS__ligand6995-0
462,GEJBUS__ligand31000-0
463,GEJBUS__ligand22353-0
464,GEJBUS__ligand152-0
465,GEJBUS__ligand19906-0
466,GEJBUS__ligand1015-0
467,GEJBUS__ligand1050-0
468,GEJBUS__ligand19668-0
469,GEJBUS__ligand2027-0
470,GEJBUS__ligand4262-0
471,GEJBUS__ligand10151-0
472,GEJBUS__ligand1028-0
473,GEJBUS__ligand1618-0
474,GEJBUS__ligand2692-0
475,GEJBUS__ligand506-0
476,GEJBUS__ligand17-0
477,GEJBUS__ligand487-0
478,GEJBUS__ligand1498-0
479,GEJBUS__ligand20220-0
480,GEJBUS__ligand4596-0
481,GEJBUS__ligand20121-0
482,GEJBUS__ligand15387-0
483,GEJBUS__ligand9615-0
484,GEJBUS__ligand29813-0
485,GEJBUS__ligand16952-0
486,GEJBUS__ligand1154-0
487,GEJBUS__ligand11479-0
488,GEJBUS__ligand10479-0
489,GEJBUS__ligand27610-0
490,GEJBUS__ligand1169-0
491,GEJBUS__ligand176-0
492,GEJBUS__ligand8529-0
493,GEJBUS__ligand10853-0
494,GEJBUS__ligand29441-0
495,GEJBUS__ligand24851-0
496,GEJBUS__ligand447-0
497,GEJBUS__ligand14302-0
498,GEJBUS__ligand14347-0
499,GEJBUS__ligand13657-0
500,GEJBUS__ligand11698-0
501,GEJBUS__ligand746-0
502,GEJBUS__ligand20530-0
503,GEJBUS__ligand16956-0
504,GEJBUS__ligand21339-0
505,GEJBUS__ligand14226-0
506,GEJBUS__ligand1150-0
507,GEJBUS__ligand20942-1
508,GEJBUS__ligand1539-0
509,GEJBUS__ligand353-0
510,GEJBUS__ligand23682-0
511,GEJBUS__ligand29565-0
512,GEJBUS__ligand4207-0
513,GEJBUS__ligand27771-0
514,GEJBUS__ligand3453-0
515,GEJBUS__ligand18158-0
516,GEJBUS__ligand3416-0
517,GEJBUS__ligand393-0
518,GEJBUS__ligand3042-0
519,GEJBUS__ligand14007-0
520,GEJBUS__ligand18019-1
521,GEJBUS__ligand27550-0
522,GEJBUS__ligand8200-0
523,GEJBUS__ligand7438-0
524,GEJBUS__ligand4063-0
525,GEJBUS__ligand3-0
526,GEJBUS__ligand9750-0
527,GEJBUS__ligand422-0
528,GEJBUS__ligand29214-0
529,GEJBUS__ligand1779-0
530,GEJBUS__ligand6993-0
531,GEJBUS__ligand1817-0
532,GEJBUS__ligand11544-0
533,GEJBUS__ligand11501-0
534,GEJBUS__ligand3980-0
535,GEJBUS__ligand3557-0
536,GEJBUS__ligand21448-0
537,GEJBUS__ligand1149-0
538,GEJBUS__ligand7075-0
539,GEJBUS__ligand11758-0
540,GEJBUS__ligand22357-0
541,GEJBUS__ligand686-0
542,GEJBUS__ligand20731-0
543,GEJBUS__ligand196-0
544,GEJBUS__ligand29334-0
545,GEJBUS__ligand12413-0
546,GEJBUS__ligand1288-0
547,GEJBUS__ligand11798-0
548,GEJBUS__ligand14477-0
549,GEJBUS__ligand4167-0
550,GEJBUS__ligand17069-0
551,GEJBUS__ligand1400-0
552,GEJBUS__ligand4266-0
553,GEJBUS__ligand17445-0
554,GEJBUS__ligand9491-0
555,GEJBUS__ligand16133-0
556,GEJBUS__ligand13755-0
557,GEJBUS__ligand5755-0
558,GEJBUS__ligand4710-0
559,GEJBUS__ligand314-1
560,GEJBUS__ligand20432-0
561,GEJBUS__ligand27122-0
562,GEJBUS__ligand5085-0
563,GEJBUS__ligand3144-0
564,GEJBUS__ligand23445-0
565,GEJBUS__ligand24953-0
566,GEJBUS__ligand11-0
567,GEJBUS__ligand8042-0
568,GEJBUS__ligand21940-0
569,GEJBUS__ligand6112-0
570,GEJBUS__ligand25048-0
571,GEJBUS__ligand1828-0
572,GEJBUS__ligand7213-0
573,GEJBUS__ligand1397-0
574,GEJBUS__ligand5630-0
575,GEJBUS__ligand20557-0
576,GEJBUS__ligand30004-0
577,GEJBUS__ligand1786-0
578,GEJBUS__ligand465-0
579,GEJBUS__ligand4795-0
580,GEJBUS__ligand3285-0
581,GEJBUS__ligand69-0
582,GEJBUS__ligand1908-0
583,GEJBUS__ligand6663-0
584,GEJBUS__ligand5515-0
585,GEJBUS__ligand391-0
586,GEJBUS__ligand1831-0
587,GEJBUS__ligand5280-0
588,GEJBUS__ligand5614-0
589,GEJBUS__ligand618-0
590,GEJBUS__ligand1-0
591,GEJBUS__ligand24560-0
592,GEJBUS__ligand18757-0
593,GEJBUS__ligand24624-0
594,GEJBUS__ligand20844-0
595,GEJBUS__ligand18413-0
596,GEJBUS__ligand21752-0
597,GEJBUS__ligand1216-0
598,GEJBUS__ligand5019-0
599,GEJBUS__ligand1152-0
600,GEJBUS__ligand3261-0
601,GEJBUS__ligand813-0
602,GEJBUS__ligand1849-0
603,GEJBUS__ligand14339-0
604,GEJBUS__ligand13691-0
605,GEJBUS__ligand30788-0
606,GEJBUS__ligand780-0
607,GEJBUS__ligand314-0
608,GEJBUS__ligand2693-0
609,GEJBUS__ligand5383-0
610,GEJBUS__ligand193-0
611,GEJBUS__ligand28459-0
612,GEJBUS__ligand16-0
613,GEJBUS__ligand18448-0
614,GEJBUS__ligand3945-0
615,GEJBUS__ligand12453-0
616,GEJBUS__ligand3736-0
617,GEJBUS__ligand372-0
618,GEJBUS__ligand8000-0
619,GEJBUS__ligand19184-0
620,GEJBUS__ligand9344-0
621,GEJBUS__ligand830-0
622,GEJBUS__ligand9883-0
623,GEJBUS__ligand3677-1
624,GEJBUS__ligand13672-0
625,GEJBUS__ligand28685-0
626,GEJBUS__ligand18568-0
627,GEJBUS__ligand7291-0
628,GEJBUS__ligand9299-0
629,GEJBUS__ligand252-0
630,GEJBUS__ligand10371-0
631,GEJBUS__ligand4007-0
632,GEJBUS__ligand2985-0
633,GEJBUS__ligand116-0
634,GEJBUS__ligand23197-0
635,GEJBUS__ligand6699-0
636,GEJBUS__ligand29029-0
637,GEJBUS__ligand27285-0
638,GEJBUS__ligand1168-0
639,GEJBUS__ligand177-0
640,GEJBUS__ligand1294-0
641,GEJBUS__ligand3677-0
642,GEJBUS__ligand3632-0
643,GEJBUS__ligand13477-0
644,GEJBUS__ligand14167-0
645,GEJBUS__ligand1211-0
646,GEJBUS__ligand32-0
647,GEJBUS__ligand6892-0
648,GEJBUS__ligand27669-0
649,GEJBUS__ligand909-0
650,GEJBUS__ligand30142-0
651,GEJBUS__ligand1499-0
652,GEJBUS__ligand2881-0
653,GEJBUS__ligand3712-0
654,GEJBUS__ligand1464-0
655,GEJBUS__ligand620-0
656,GEJBUS__ligand24230-0
657,GEJBUS__ligand11096-0
658,GEJBUS__ligand11447-0
659,GEJBUS__ligand2221-0
660,GEJBUS__ligand370-1
661,GEJBUS__ligand28810-0
662,GEJBUS__ligand564-0
663,GEJBUS__ligand10828-0
664,GEJBUS__ligand4358-0
665,GEJBUS__ligand19792-0
666,GEJBUS__ligand3926-0
667,GEJBUS__ligand3120-0
668,GEJBUS__ligand15926-0
669,GEJBUS__ligand11970-0
670,GEJBUS__ligand479-0
671,GEJBUS__ligand311-0
672,GEJBUS__ligand785-0
673,GEJBUS__ligand5595-0
674,GEJBUS__ligand4101-0
675,GEJBUS__ligand15883-0
676,GEJBUS__ligand22294-0
677,GEJBUS__ligand28930-0
678,GEJBUS__ligand22168-0
679,GEJBUS__ligand9773-0
680,GEJBUS__ligand1376-0
681,GEJBUS__ligand21919-0
682,GEJBUS__ligand5510-0
683,GEJBUS__ligand10056-0
684,GEJBUS__ligand188-0
685,GEJBUS__ligand12365-0
686,GEJBUS__ligand1197-0
687,GEJBUS__ligand48-0
688,GEJBUS__ligand8592-0
689,GEJBUS__ligand5099-0
690,GEJBUS__ligand15531-0
691,GEJBUS__ligand1296-0
692,GEJBUS__ligand28743-0
693,GEJBUS__ligand11357-0
694,GEJBUS__ligand13862-0
695,GEJBUS__ligand4-0
696,GEJBUS__ligand2259-0
697,GEJBUS__ligand3867-0
698,GEJBUS__ligand1317-0
699,GEJBUS__ligand7293-0
700,GEJBUS__ligand2822-0
701,GEJBUS__ligand24035-0
702,GEJBUS__ligand11994-0
703,GEJBUS__ligand31842-0
704,GEJBUS__ligand31044-0
705,GEJBUS__ligand2238-0
706,GEJBUS__ligand91-0
707,GEJBUS__ligand16663-0
708,GEJBUS__ligand250-0
709,GEJBUS__ligand9167-0
710,GEJBUS__ligand14614-0
711,GEJBUS__ligand5304-0
712,GEJBUS__ligand5080-0
713,GEJBUS__ligand7762-0
714,GEJBUS__ligand25913-0
715,GEJBUS__ligand16988-0
716,GEJBUS__ligand51-0
717,GEJBUS__ligand20207-0
718,GEJBUS__ligand30711-0
719,GEJBUS__ligand11682-0
720,GEJBUS__ligand370-0
721,GEJBUS__ligand8002-0
722,GEJBUS__ligand5509-0
723,GEJBUS__ligand6117-0
724,GEJBUS__ligand1407-0
725,GEJBUS__ligand24644-0
726,GEJBUS__ligand685-0
727,GEJBUS__ligand3178-0
728,GEJBUS__ligand10033-0
729,GEJBUS__ligand68-0
730,GEJBUS__ligand12001-0
731,GEJBUS__ligand4807-0
732,GEJBUS__ligand30728-0
733,GEJBUS__ligand7196-0
734,GEJBUS__ligand5159-0
735,GEJBUS__ligand27840-0
736,GEJBUS__ligand1356-0
737,GEJBUS__ligand1787-0
738,GEJBUS__ligand5530-0
739,GEJBUS__ligand24872-0
740,GEJBUS__ligand421-0
741,GEJBUS__ligand9753-0
742,GEJBUS__ligand13220-0
743,GEJBUS__ligand11587-0
744,GEJBUS__ligand4649-0
745,GEJBUS__ligand15788-0
746,GEJBUS__ligand23175-0
747,GEJBUS__ligand2788-0
748,GEJBUS__ligand5649-0
749,GEJBUS__ligand8793-0
750,GEJBUS__ligand17396-0
751,GEJBUS__ligand13385-0
752,GEJBUS__ligand3244-0
753,GEJBUS__ligand4711-0
754,GEJBUS__ligand294-0
755,GEJBUS__ligand14569-0
756,GEJBUS__ligand2906-0
757,GEJBUS__ligand22444-0
758,GEJBUS__ligand24111-0
759,GEJBUS__ligand55-0
760,GEJBUS__ligand7273-0
761,GEJBUS__ligand9323-0
762,GEJBUS__ligand7172-0
763,GEJBUS__ligand17427-0
764,GEJBUS__ligand560-0
765,GEJBUS__ligand31694-0
766,GEJBUS__ligand34-0
767,GEJBUS__ligand8612-0
768,GEJBUS__ligand2124-0
769,GEJBUS__ligand2260-0
770,GEJBUS__ligand7092-0
771,GEJBUS__ligand29486-0
772,GEJBUS__ligand1116-0
773,GEJBUS__ligand1153-0
774,GEJBUS__ligand3225-0
775,GEJBUS__ligand7316-0
776,GEJBUS__ligand5708-0
777,GEJBUS__ligand25561-0
778,GEJBUS__ligand134-0
779,GEJBUS__ligand6017-0
780,GEJBUS__ligand235-0
781,GEJBUS__ligand11949-0
782,GEJBUS__ligand5180-0
783,GEJBUS__ligand24780-0
784,GEJBUS__ligand12138-0
785,GEJBUS__ligand22129-0
786,GEJBUS__ligand9943-0
787,GEJBUS__ligand1228-0
788,GEJBUS__ligand27239-0
789,GEJBUS__ligand21729-0
790,GEJBUS__ligand1604-0
791,GEJBUS__ligand1832-0
792,GEJBUS__ligand868-0
793,GEJBUS__ligand8788-0
794,GEJBUS__ligand19927-0
795,GEJBUS__ligand14043-0
796,GEJBUS__ligand2043-0
797,GEJBUS__ligand26324-0
798,GEJBUS__ligand28559-0
799,GEJBUS__ligand352-0
800,GEJBUS__ligand783-0
801,GEJBUS__ligand11618-0
802,GEJBUS__ligand2417-0
803,GEJBUS__ligand1114-0
804,GEJBUS__ligand26529-0
805,GEJBUS__ligand3126-0
806,GEJBUS__ligand6391-0
807,GEJBUS__ligand9284-0
808,GEJBUS__ligand20695-0
809,GEJBUS__ligand27754-0
810,GEJBUS__ligand11111-0
811,GEJBUS__ligand28540-0
812,GEJBUS__ligand16369-0
813,GEJBUS__ligand22403-0
814,GEJBUS__ligand197-0
815,GEJBUS__ligand57-0
816,GEJBUS__ligand1289-0
817,GEJBUS__ligand5387-0
818,GEJBUS__ligand2203-0
819,GEJBUS__ligand12003-0
820,GEJBUS__ligand16148-0
821,GEJBUS__ligand26631-0
822,GEJBUS__ligand1599-0
823,GEJBUS__ligand10872-0
824,GEJBUS__ligand21399-0
825,GEJBUS__ligand2612-0
826,GEJBUS__ligand29215-0
827,GEJBUS__ligand9450-0
