,TMC
0,NEZCIG__ligand670-0
1,NEZCIG__ligand118-0
2,NEZCIG__ligand571-0
3,NEZCIG__ligand509-0
4,NEZCIG__ligand8774-0
5,NEZCIG__ligand57-0
6,NEZCIG__ligand3637-0
7,NEZCIG__ligand669-0
8,NEZCIG__ligand1054-0
9,NEZCIG__ligand6294-0
10,NEZCIG__ligand4303-0
11,NEZCIG__ligand358-0
12,NEZCIG__ligand73-0
13,NEZCIG__ligand1248-0
14,NEZCIG__ligand430-0
15,NEZCIG__ligand1598-0
16,NEZCIG__ligand7464-0
17,NEZCIG__ligand365-0
18,NEZCIG__ligand278-0
19,NEZCIG__ligand2907-0
20,NEZCIG__ligand2430-0
21,NEZCIG__ligand1703-0
22,NEZCIG__ligand2862-0
23,NEZCIG__ligand1056-0
24,NEZCIG__ligand2320-0
25,NEZCIG__ligand2510-0
26,NEZCIG__ligand34-0
27,NEZCIG__ligand8921-0
28,NEZCIG__ligand1567-0
29,NEZCIG__ligand2285-0
30,NEZCIG__ligand162-0
31,NEZCIG__ligand226-0
32,NEZCIG__ligand55-0
33,NEZCIG__ligand1607-0
34,NEZCIG__ligand383-0
35,NEZCIG__ligand95-0
36,NEZCIG__ligand1152-0
37,NEZCIG__ligand1727-0
38,NEZCIG__ligand838-0
39,NEZCIG__ligand1502-0
40,NEZCIG__ligand51-0
41,NEZCIG__ligand8-0
42,NEZCIG__ligand4983-0
43,NEZCIG__ligand166-0
44,NEZCIG__ligand1835-0
45,NEZCIG__ligand2794-0
46,NEZCIG__ligand2345-0
47,NEZCIG__ligand918-0
48,NEZCIG__ligand633-0
49,NEZCIG__ligand532-0
50,NEZCIG__ligand9027-0
51,NEZCIG__ligand29-0
52,NEZCIG__ligand6396-0
53,NEZCIG__ligand497-0
54,NEZCIG__ligand91-0
55,NEZCIG__ligand2265-0
56,NEZCIG__ligand1113-0
57,NEZCIG__ligand553-0
58,NEZCIG__ligand283-0
59,NEZCIG__ligand821-0
60,NEZCIG__ligand48-0
61,NEZCIG__ligand1273-0
62,NEZCIG__ligand326-0
63,NEZCIG__ligand436-0
64,NEZCIG__ligand1052-0
65,NEZCIG__ligand142-0
66,NEZCIG__ligand206-0
67,NEZCIG__ligand32-0
68,NEZCIG__ligand2864-0
69,NEZCIG__ligand105-0
70,NEZCIG__ligand140-0
71,NEZCIG__ligand6538-0
72,NEZCIG__ligand2772-0
73,NEZCIG__ligand6151-0
74,NEZCIG__ligand9495-0
75,NEZCIG__ligand361-0
76,NEZCIG__ligand324-0
77,NEZCIG__ligand2142-0
78,NEZCIG__ligand409-0
79,NEZCIG__ligand1799-0
80,NEZCIG__ligand3838-0
81,NEZCIG__ligand575-0
82,NEZCIG__ligand2838-0
83,NEZCIG__ligand2880-0
84,NEZCIG__ligand5941-0
85,NEZCIG__ligand1169-0
86,NEZCIG__ligand5022-0
87,NEZCIG__ligand927-0
88,NEZCIG__ligand199-0
89,NEZCIG__ligand6332-0
90,NEZCIG__ligand3178-0
91,NEZCIG__ligand2863-0
92,NEZCIG__ligand6502-0
93,NEZCIG__ligand2098-0
94,NEZCIG__ligand596-0
95,NEZCIG__ligand612-0
96,NEZCIG__ligand1747-0
97,NEZCIG__ligand6686-0
98,NEZCIG__ligand187-0
99,NEZCIG__ligand5548-0
100,NEZCIG__ligand7915-0
101,NEZCIG__ligand3145-0
102,NEZCIG__ligand366-0
103,NEZCIG__ligand861-0
104,NEZCIG__ligand2751-0
105,NEZCIG__ligand1542-0
106,NEZCIG__ligand2634-0
107,NEZCIG__ligand11-0
108,NEZCIG__ligand126-0
109,NEZCIG__ligand3041-0
110,NEZCIG__ligand9244-0
111,NEZCIG__ligand1228-0
112,NEZCIG__ligand124-0
113,NEZCIG__ligand119-0
114,NEZCIG__ligand1538-0
115,NEZCIG__ligand1114-0
116,NEZCIG__ligand279-0
117,NEZCIG__ligand178-0
118,NEZCIG__ligand3246-0
119,NEZCIG__ligand11730-0
120,NEZCIG__ligand321-0
121,NEZCIG__ligand1148-0
122,NEZCIG__ligand100-0
123,NEZCIG__ligand244-0
124,NEZCIG__ligand1479-0
125,NEZCIG__ligand201-0
126,NEZCIG__ligand1171-0
127,NEZCIG__ligand1438-0
128,NEZCIG__ligand240-0
129,NEZCIG__ligand3063-0
130,NEZCIG__ligand141-0
131,NEZCIG__ligand5801-0
132,NEZCIG__ligand120-0
133,NEZCIG__ligand1459-0
134,NEZCIG__ligand17-0
135,NEZCIG__ligand1544-0
136,NEZCIG__ligand384-0
137,NEZCIG__ligand92-0
138,NEZCIG__ligand1685-0
139,NEZCIG__ligand3757-0
140,NEZCIG__ligand1048-0
141,NEZCIG__ligand2087-0
142,NEZCIG__ligand797-0
143,NEZCIG__ligand1687-0
144,NEZCIG__ligand1951-0
145,NEZCIG__ligand6277-0
146,NEZCIG__ligand2768-0
147,NEZCIG__ligand1376-0
148,NEZCIG__ligand2259-0
149,NEZCIG__ligand2688-0
150,NEZCIG__ligand757-0
151,NEZCIG__ligand89-0
152,NEZCIG__ligand4381-0
153,NEZCIG__ligand49-0
154,NEZCIG__ligand2629-0
155,NEZCIG__ligand3734-0
156,NEZCIG__ligand1706-0
157,NEZCIG__ligand4370-0
158,NEZCIG__ligand45-0
159,NEZCIG__ligand236-0
160,NEZCIG__ligand1436-0
161,NEZCIG__ligand2618-0
162,NEZCIG__ligand353-0
163,NEZCIG__ligand3618-0
164,NEZCIG__ligand78-0
165,NEZCIG__ligand85-0
166,NEZCIG__ligand502-0
167,NEZCIG__ligand196-0
168,NEZCIG__ligand4175-0
169,NEZCIG__ligand2255-0
170,NEZCIG__ligand422-0
171,NEZCIG__ligand1918-0
172,NEZCIG__ligand113-0
173,NEZCIG__ligand4012-0
174,NEZCIG__ligand3196-0
175,NEZCIG__ligand210-0
176,NEZCIG__ligand2915-0
177,NEZCIG__ligand2707-0
178,NEZCIG__ligand481-0
179,NEZCIG__ligand1690-0
180,NEZCIG__ligand314-0
181,NEZCIG__ligand1551-0
182,NEZCIG__ligand391-0
183,NEZCIG__ligand2526-0
184,NEZCIG__ligand170-0
185,NEZCIG__ligand4423-0
186,NEZCIG__ligand784-0
187,NEZCIG__ligand355-0
188,NEZCIG__ligand1907-0
189,NEZCIG__ligand485-0
190,NEZCIG__ligand3890-0
191,NEZCIG__ligand7630-0
192,NEZCIG__ligand1285-0
193,NEZCIG__ligand1555-0
194,NEZCIG__ligand115-0
195,NEZCIG__ligand7550-0
196,NEZCIG__ligand67-0
197,NEZCIG__ligand1160-0
198,NEZCIG__ligand2253-0
199,NEZCIG__ligand3-0
200,NEZCIG__ligand2954-0
201,NEZCIG__ligand5093-0
202,NEZCIG__ligand2762-0
203,NEZCIG__ligand291-0
204,NEZCIG__ligand1038-0
205,NEZCIG__ligand1-0
206,NEZCIG__ligand3251-0
207,NEZCIG__ligand4619-0
208,NEZCIG__ligand6143-0
209,NEZCIG__ligand5235-0
210,NEZCIG__ligand3070-0
211,NEZCIG__ligand3035-0
212,NEZCIG__ligand682-0
213,NEZCIG__ligand2718-0
214,NEZCIG__ligand1493-0
215,NEZCIG__ligand9176-0
216,NEZCIG__ligand133-0
217,NEZCIG__ligand3478-0
218,NEZCIG__ligand3852-0
219,NEZCIG__ligand10357-0
220,NEZCIG__ligand447-0
221,NEZCIG__ligand15630-0
222,NEZCIG__ligand5758-0
223,NEZCIG__ligand487-0
224,NEZCIG__ligand7456-0
225,NEZCIG__ligand522-0
226,NEZCIG__ligand1818-0
227,NEZCIG__ligand666-0
228,NEZCIG__ligand331-0
229,NEZCIG__ligand1221-0
230,NEZCIG__ligand6-0
231,NEZCIG__ligand1264-0
232,NEZCIG__ligand1299-0
233,NEZCIG__ligand6430-0
234,NEZCIG__ligand294-0
235,NEZCIG__ligand993-0
236,NEZCIG__ligand1379-0
237,NEZCIG__ligand916-0
238,NEZCIG__ligand584-0
239,NEZCIG__ligand2376-0
240,NEZCIG__ligand798-0
241,NEZCIG__ligand421-0
242,NEZCIG__ligand62-0
243,NEZCIG__ligand2929-0
244,NEZCIG__ligand6571-0
245,NEZCIG__ligand932-0
246,NEZCIG__ligand134-0
247,NEZCIG__ligand2482-0
248,NEZCIG__ligand1325-0
249,NEZCIG__ligand235-0
250,NEZCIG__ligand390-0
251,NEZCIG__ligand1104-0
252,NEZCIG__ligand5762-0
253,NEZCIG__ligand7414-0
254,NEZCIG__ligand86-0
255,NEZCIG__ligand560-0
256,NEZCIG__ligand525-0
257,NEZCIG__ligand1019-0
258,NEZCIG__ligand109-0
259,NEZCIG__ligand2442-0
260,NEZCIG__ligand783-0
261,NEZCIG__ligand352-0
262,NEZCIG__ligand1858-0
263,NEZCIG__ligand8032-0
264,NEZCIG__ligand1898-0
265,NEZCIG__ligand2480-0
266,NEZCIG__ligand4504-0
267,NEZCIG__ligand3051-0
268,NEZCIG__ligand136-0
269,NEZCIG__ligand2315-0
270,NEZCIG__ligand868-0
271,NEZCIG__ligand5334-0
272,NEZCIG__ligand442-0
273,NEZCIG__ligand112-0
274,NEZCIG__ligand2389-0
275,NEZCIG__ligand1919-0
276,NEZCIG__ligand3579-0
277,NEZCIG__ligand4-0
278,NEZCIG__ligand2916-0
279,NEZCIG__ligand18-0
280,NEZCIG__ligand2110-0
281,NEZCIG__ligand197-0
282,NEZCIG__ligand296-0
283,NEZCIG__ligand1712-0
284,NEZCIG__ligand21-0
285,NEZCIG__ligand1307-0
286,NEZCIG__ligand252-0
287,NEZCIG__ligand955-0
288,NEZCIG__ligand10910-0
289,NEZCIG__ligand193-0
290,NEZCIG__ligand830-0
291,NEZCIG__ligand6166-0
292,NEZCIG__ligand909-0
293,NEZCIG__ligand851-0
294,NEZCIG__ligand1246-0
295,NEZCIG__ligand38-0
296,NEZCIG__ligand14530-0
297,NEZCIG__ligand40-0
298,NEZCIG__ligand2599-0
299,NEZCIG__ligand5089-0
300,NEZCIG__ligand934-0
301,NEZCIG__ligand177-0
302,NEZCIG__ligand2853-0
303,NEZCIG__ligand3853-0
304,NEZCIG__ligand1178-0
305,NEZCIG__ligand3566-0
306,NEZCIG__ligand444-0
307,NEZCIG__ligand10479-0
308,NEZCIG__ligand369-0
309,NEZCIG__ligand1321-0
310,NEZCIG__ligand188-0
311,NEZCIG__ligand1788-0
312,NEZCIG__ligand311-0
313,NEZCIG__ligand10114-0
314,NEZCIG__ligand9620-0
315,NEZCIG__ligand370-0
316,NEZCIG__ligand4894-0
317,NEZCIG__ligand1260-0
318,NEZCIG__ligand460-0
319,NEZCIG__ligand66-0
320,NEZCIG__ligand4811-0
321,NEZCIG__ligand1449-1
322,NEZCIG__ligand7514-0
323,NEZCIG__ligand3337-0
324,NEZCIG__ligand250-0
