,TMC
0,ABEVAH__ligand2142-0
1,ABEVAH__ligand6538-0
2,ABEVAH__ligand2772-0
3,ABEVAH__ligand6151-0
4,ABEVAH__ligand9495-0
5,ABEVAH__ligand57-0
6,ABEVAH__ligand2864-0
7,ABEVAH__ligand3-0
8,ABEVAH__ligand383-0
9,ABEVAH__ligand162-0
10,ABEVAH__ligand226-0
11,ABEVAH__ligand73-0
12,ABEVAH__ligand1169-0
13,ABEVAH__ligand5022-0
14,ABEVAH__ligand3838-0
15,ABEVAH__ligand1799-0
16,ABEVAH__ligand2838-0
17,ABEVAH__ligand5941-0
18,ABEVAH__ligand2880-0
19,ABEVAH__ligand278-0
20,ABEVAH__ligand6396-0
21,ABEVAH__ligand2265-0
22,ABEVAH__ligand1113-0
23,ABEVAH__ligand365-0
24,ABEVAH__ligand9027-0
25,ABEVAH__ligand358-0
26,ABEVAH__ligand34-0
27,ABEVAH__ligand430-0
28,ABEVAH__ligand4983-0
29,ABEVAH__ligand1835-0
30,ABEVAH__ligand2345-0
31,ABEVAH__ligand2794-0
32,ABEVAH__ligand669-0
33,ABEVAH__ligand1502-0
34,ABEVAH__ligand1052-0
35,ABEVAH__ligand1-0
36,ABEVAH__ligand55-0
37,ABEVAH__ligand509-0
38,ABEVAH__ligand670-0
39,ABEVAH__ligand118-0
40,ABEVAH__ligand571-0
41,ABEVAH__ligand1273-0
42,ABEVAH__ligand95-0
43,ABEVAH__ligand927-0
44,ABEVAH__ligand2510-0
45,ABEVAH__ligand8921-0
46,ABEVAH__ligand199-0
47,ABEVAH__ligand1567-0
48,ABEVAH__ligand2285-0
49,ABEVAH__ligand2862-0
50,ABEVAH__ligand51-0
51,ABEVAH__ligand1056-0
52,ABEVAH__ligand2320-0
53,ABEVAH__ligand91-0
54,ABEVAH__ligand2430-0
55,ABEVAH__ligand1703-0
56,ABEVAH__ligand29-0
57,ABEVAH__ligand2907-0
58,ABEVAH__ligand575-0
59,ABEVAH__ligand48-0
60,ABEVAH__ligand324-0
61,ABEVAH__ligand361-0
62,ABEVAH__ligand409-0
63,ABEVAH__ligand1727-0
64,ABEVAH__ligand1152-0
65,ABEVAH__ligand140-0
66,ABEVAH__ligand1607-0
67,ABEVAH__ligand105-0
68,ABEVAH__ligand142-0
69,ABEVAH__ligand15630-0
70,ABEVAH__ligand3637-0
71,ABEVAH__ligand206-0
72,ABEVAH__ligand10357-0
73,ABEVAH__ligand436-0
74,ABEVAH__ligand8774-0
75,ABEVAH__ligand32-0
76,ABEVAH__ligand821-0
77,ABEVAH__ligand326-0
78,ABEVAH__ligand553-0
79,ABEVAH__ligand283-0
80,ABEVAH__ligand497-0
81,ABEVAH__ligand918-0
82,ABEVAH__ligand7464-0
83,ABEVAH__ligand633-0
84,ABEVAH__ligand532-0
85,ABEVAH__ligand4303-0
86,ABEVAH__ligand1248-0
87,ABEVAH__ligand166-0
88,ABEVAH__ligand1598-0
89,ABEVAH__ligand838-0
90,ABEVAH__ligand1054-0
91,ABEVAH__ligand6294-0
92,ABEVAH__ligand100-0
93,ABEVAH__ligand2688-0
94,ABEVAH__ligand2259-0
95,ABEVAH__ligand201-0
96,ABEVAH__ligand244-0
97,ABEVAH__ligand2768-0
98,ABEVAH__ligand1376-0
99,ABEVAH__ligand6277-0
100,ABEVAH__ligand321-0
101,ABEVAH__ligand279-0
102,ABEVAH__ligand1687-0
103,ABEVAH__ligand178-0
104,ABEVAH__ligand1951-0
105,ABEVAH__ligand3734-0
106,ABEVAH__ligand1706-0
107,ABEVAH__ligand4381-0
108,ABEVAH__ligand119-0
109,ABEVAH__ligand2629-0
110,ABEVAH__ligand124-0
111,ABEVAH__ligand11-0
112,ABEVAH__ligand126-0
113,ABEVAH__ligand5801-0
114,ABEVAH__ligand1438-0
115,ABEVAH__ligand3063-0
116,ABEVAH__ligand1171-0
117,ABEVAH__ligand3757-0
118,ABEVAH__ligand366-0
119,ABEVAH__ligand1048-0
120,ABEVAH__ligand2087-0
121,ABEVAH__ligand861-0
122,ABEVAH__ligand612-0
123,ABEVAH__ligand1685-0
124,ABEVAH__ligand187-0
125,ABEVAH__ligand1544-0
126,ABEVAH__ligand596-0
127,ABEVAH__ligand1459-0
128,ABEVAH__ligand1538-0
129,ABEVAH__ligand1114-0
130,ABEVAH__ligand9244-0
131,ABEVAH__ligand1228-0
132,ABEVAH__ligand14530-0
133,ABEVAH__ligand757-0
134,ABEVAH__ligand1479-0
135,ABEVAH__ligand17-0
136,ABEVAH__ligand6-0
137,ABEVAH__ligand1148-0
138,ABEVAH__ligand3246-0
139,ABEVAH__ligand797-0
140,ABEVAH__ligand10910-0
141,ABEVAH__ligand92-0
142,ABEVAH__ligand3145-0
143,ABEVAH__ligand10114-0
144,ABEVAH__ligand6686-0
145,ABEVAH__ligand1747-0
146,ABEVAH__ligand5548-0
147,ABEVAH__ligand7915-0
148,ABEVAH__ligand4-0
149,ABEVAH__ligand2863-0
150,ABEVAH__ligand6502-0
151,ABEVAH__ligand384-0
152,ABEVAH__ligand2098-0
153,ABEVAH__ligand120-0
154,ABEVAH__ligand6332-0
155,ABEVAH__ligand3178-0
156,ABEVAH__ligand89-0
157,ABEVAH__ligand3041-0
158,ABEVAH__ligand1542-0
159,ABEVAH__ligand240-0
160,ABEVAH__ligand2634-0
161,ABEVAH__ligand10479-0
162,ABEVAH__ligand141-0
163,ABEVAH__ligand2751-0
164,ABEVAH__ligand49-0
165,ABEVAH__ligand170-0
166,ABEVAH__ligand9176-0
167,ABEVAH__ligand3035-0
168,ABEVAH__ligand3070-0
169,ABEVAH__ligand45-0
170,ABEVAH__ligand2718-0
171,ABEVAH__ligand1493-0
172,ABEVAH__ligand391-0
173,ABEVAH__ligand85-0
174,ABEVAH__ligand4619-0
175,ABEVAH__ligand481-0
176,ABEVAH__ligand6143-0
177,ABEVAH__ligand78-0
178,ABEVAH__ligand314-0
179,ABEVAH__ligand5235-0
180,ABEVAH__ligand3251-0
181,ABEVAH__ligand8-0
182,ABEVAH__ligand1818-0
183,ABEVAH__ligand7456-0
184,ABEVAH__ligand210-0
185,ABEVAH__ligand5758-0
186,ABEVAH__ligand3478-0
187,ABEVAH__ligand3852-0
188,ABEVAH__ligand1285-0
189,ABEVAH__ligand113-0
190,ABEVAH__ligand1555-0
191,ABEVAH__ligand7630-0
192,ABEVAH__ligand422-0
193,ABEVAH__ligand3890-0
194,ABEVAH__ligand196-0
195,ABEVAH__ligand4423-0
196,ABEVAH__ligand502-0
197,ABEVAH__ligand1907-0
198,ABEVAH__ligand353-0
199,ABEVAH__ligand2762-0
200,ABEVAH__ligand1038-0
201,ABEVAH__ligand1160-0
202,ABEVAH__ligand2253-0
203,ABEVAH__ligand5093-0
204,ABEVAH__ligand2954-0
205,ABEVAH__ligand236-0
206,ABEVAH__ligand7550-0
207,ABEVAH__ligand522-0
208,ABEVAH__ligand2915-0
209,ABEVAH__ligand666-0
210,ABEVAH__ligand487-0
211,ABEVAH__ligand447-0
212,ABEVAH__ligand3196-0
213,ABEVAH__ligand133-0
214,ABEVAH__ligand4012-0
215,ABEVAH__ligand67-0
216,ABEVAH__ligand682-0
217,ABEVAH__ligand1551-0
218,ABEVAH__ligand2526-0
219,ABEVAH__ligand1690-0
220,ABEVAH__ligand2707-0
221,ABEVAH__ligand2618-0
222,ABEVAH__ligand3618-0
223,ABEVAH__ligand291-0
224,ABEVAH__ligand1436-0
225,ABEVAH__ligand115-0
226,ABEVAH__ligand4370-0
227,ABEVAH__ligand1918-0
228,ABEVAH__ligand2255-0
229,ABEVAH__ligand784-0
230,ABEVAH__ligand355-0
231,ABEVAH__ligand4175-0
232,ABEVAH__ligand485-0
233,ABEVAH__ligand197-0
234,ABEVAH__ligand296-0
235,ABEVAH__ligand1788-0
236,ABEVAH__ligand1321-0
237,ABEVAH__ligand62-0
238,ABEVAH__ligand1178-0
239,ABEVAH__ligand112-0
240,ABEVAH__ligand3566-0
241,ABEVAH__ligand868-0
242,ABEVAH__ligand7514-0
243,ABEVAH__ligand3337-0
244,ABEVAH__ligand442-0
245,ABEVAH__ligand136-0
246,ABEVAH__ligand1449-1
247,ABEVAH__ligand4811-0
248,ABEVAH__ligand9620-0
249,ABEVAH__ligand1260-0
250,ABEVAH__ligand4894-0
251,ABEVAH__ligand783-0
252,ABEVAH__ligand352-0
253,ABEVAH__ligand86-0
254,ABEVAH__ligand525-0
255,ABEVAH__ligand560-0
256,ABEVAH__ligand11730-0
257,ABEVAH__ligand109-0
258,ABEVAH__ligand1307-0
259,ABEVAH__ligand390-0
260,ABEVAH__ligand134-0
261,ABEVAH__ligand932-0
262,ABEVAH__ligand235-0
263,ABEVAH__ligand798-0
264,ABEVAH__ligand2853-0
265,ABEVAH__ligand3853-0
266,ABEVAH__ligand421-0
267,ABEVAH__ligand2599-0
268,ABEVAH__ligand5089-0
269,ABEVAH__ligand916-0
270,ABEVAH__ligand584-0
271,ABEVAH__ligand294-0
272,ABEVAH__ligand993-0
273,ABEVAH__ligand1246-0
274,ABEVAH__ligand18-0
275,ABEVAH__ligand6166-0
276,ABEVAH__ligand331-0
277,ABEVAH__ligand5334-0
278,ABEVAH__ligand250-0
279,ABEVAH__ligand1898-0
280,ABEVAH__ligand21-0
281,ABEVAH__ligand2480-0
282,ABEVAH__ligand3051-0
283,ABEVAH__ligand460-0
284,ABEVAH__ligand4504-0
285,ABEVAH__ligand2315-0
286,ABEVAH__ligand1858-0
287,ABEVAH__ligand370-0
288,ABEVAH__ligand8032-0
289,ABEVAH__ligand38-0
290,ABEVAH__ligand311-0
291,ABEVAH__ligand1712-0
292,ABEVAH__ligand3579-0
293,ABEVAH__ligand2110-0
294,ABEVAH__ligand2916-0
295,ABEVAH__ligand188-0
296,ABEVAH__ligand1919-0
297,ABEVAH__ligand444-0
298,ABEVAH__ligand40-0
299,ABEVAH__ligand369-0
300,ABEVAH__ligand2389-0
301,ABEVAH__ligand177-0
302,ABEVAH__ligand934-0
303,ABEVAH__ligand2929-0
304,ABEVAH__ligand2376-0
305,ABEVAH__ligand851-0
306,ABEVAH__ligand1379-0
307,ABEVAH__ligand1264-0
308,ABEVAH__ligand1221-0
309,ABEVAH__ligand909-0
310,ABEVAH__ligand1299-0
311,ABEVAH__ligand6430-0
312,ABEVAH__ligand1019-0
313,ABEVAH__ligand830-0
314,ABEVAH__ligand2442-0
315,ABEVAH__ligand1104-0
316,ABEVAH__ligand5762-0
317,ABEVAH__ligand7414-0
318,ABEVAH__ligand193-0
319,ABEVAH__ligand252-0
320,ABEVAH__ligand955-0
321,ABEVAH__ligand6571-0
322,ABEVAH__ligand2482-0
323,ABEVAH__ligand1325-0
324,ABEVAH__ligand66-0
