,TMC
0,TUMMUL__ligand1951-0
1,TUMMUL__ligand1687-0
2,TUMMUL__ligand353-0
3,TUMMUL__ligand6277-0
4,TUMMUL__ligand1376-0
5,TUMMUL__ligand2768-0
6,TUMMUL__ligand2259-0
7,TUMMUL__ligand236-0
8,TUMMUL__ligand2688-0
9,TUMMUL__ligand45-0
10,TUMMUL__ligand422-0
11,TUMMUL__ligand113-0
12,TUMMUL__ligand2629-0
13,TUMMUL__ligand502-0
14,TUMMUL__ligand196-0
15,TUMMUL__ligand4381-0
16,TUMMUL__ligand1706-0
17,TUMMUL__ligand85-0
18,TUMMUL__ligand78-0
19,TUMMUL__ligand3734-0
20,TUMMUL__ligand1171-0
21,TUMMUL__ligand3063-0
22,TUMMUL__ligand1438-0
23,TUMMUL__ligand210-0
24,TUMMUL__ligand5801-0
25,TUMMUL__ligand391-0
26,TUMMUL__ligand1459-0
27,TUMMUL__ligand1544-0
28,TUMMUL__ligand170-0
29,TUMMUL__ligand1685-0
30,TUMMUL__ligand2087-0
31,TUMMUL__ligand1048-0
32,TUMMUL__ligand314-0
33,TUMMUL__ligand3757-0
34,TUMMUL__ligand481-0
35,TUMMUL__ligand1228-0
36,TUMMUL__ligand9244-0
37,TUMMUL__ligand67-0
38,TUMMUL__ligand485-0
39,TUMMUL__ligand355-0
40,TUMMUL__ligand784-0
41,TUMMUL__ligand1114-0
42,TUMMUL__ligand1538-0
43,TUMMUL__ligand15630-0
44,TUMMUL__ligand10357-0
45,TUMMUL__ligand291-0
46,TUMMUL__ligand3246-0
47,TUMMUL__ligand1148-0
48,TUMMUL__ligand115-0
49,TUMMUL__ligand1479-0
50,TUMMUL__ligand3178-0
51,TUMMUL__ligand6332-0
52,TUMMUL__ligand682-0
53,TUMMUL__ligand2098-0
54,TUMMUL__ligand6502-0
55,TUMMUL__ligand2863-0
56,TUMMUL__ligand7915-0
57,TUMMUL__ligand5548-0
58,TUMMUL__ligand1747-0
59,TUMMUL__ligand6686-0
60,TUMMUL__ligand3145-0
61,TUMMUL__ligand487-0
62,TUMMUL__ligand2751-0
63,TUMMUL__ligand666-0
64,TUMMUL__ligand522-0
65,TUMMUL__ligand133-0
66,TUMMUL__ligand1542-0
67,TUMMUL__ligand2634-0
68,TUMMUL__ligand3041-0
69,TUMMUL__ligand447-0
70,TUMMUL__ligand584-0
71,TUMMUL__ligand916-0
72,TUMMUL__ligand798-0
73,TUMMUL__ligand421-0
74,TUMMUL__ligand2864-0
75,TUMMUL__ligand9495-0
76,TUMMUL__ligand2772-0
77,TUMMUL__ligand6151-0
78,TUMMUL__ligand6538-0
79,TUMMUL__ligand331-0
80,TUMMUL__ligand86-0
81,TUMMUL__ligand993-0
82,TUMMUL__ligand2142-0
83,TUMMUL__ligand294-0
84,TUMMUL__ligand2880-0
85,TUMMUL__ligand5941-0
86,TUMMUL__ligand3838-0
87,TUMMUL__ligand1799-0
88,TUMMUL__ligand2838-0
89,TUMMUL__ligand109-0
90,TUMMUL__ligand560-0
91,TUMMUL__ligand525-0
92,TUMMUL__ligand5022-0
93,TUMMUL__ligand235-0
94,TUMMUL__ligand1169-0
95,TUMMUL__ligand932-0
96,TUMMUL__ligand134-0
97,TUMMUL__ligand62-0
98,TUMMUL__ligand390-0
99,TUMMUL__ligand136-0
100,TUMMUL__ligand1502-0
101,TUMMUL__ligand1835-0
102,TUMMUL__ligand2794-0
103,TUMMUL__ligand2345-0
104,TUMMUL__ligand442-0
105,TUMMUL__ligand4983-0
106,TUMMUL__ligand868-0
107,TUMMUL__ligand9027-0
108,TUMMUL__ligand18-0
109,TUMMUL__ligand352-0
110,TUMMUL__ligand783-0
111,TUMMUL__ligand2265-0
112,TUMMUL__ligand1113-0
113,TUMMUL__ligand6396-0
114,TUMMUL__ligand296-0
115,TUMMUL__ligand1273-0
116,TUMMUL__ligand197-0
117,TUMMUL__ligand112-0
118,TUMMUL__ligand1052-0
119,TUMMUL__ligand193-0
120,TUMMUL__ligand2907-0
121,TUMMUL__ligand38-0
122,TUMMUL__ligand10479-0
123,TUMMUL__ligand830-0
124,TUMMUL__ligand2430-0
125,TUMMUL__ligand1703-0
126,TUMMUL__ligand1056-0
127,TUMMUL__ligand8-0
128,TUMMUL__ligand2320-0
129,TUMMUL__ligand40-0
130,TUMMUL__ligand2862-0
131,TUMMUL__ligand1567-0
132,TUMMUL__ligand2285-0
133,TUMMUL__ligand8921-0
134,TUMMUL__ligand955-0
135,TUMMUL__ligand2510-0
136,TUMMUL__ligand252-0
137,TUMMUL__ligand21-0
138,TUMMUL__ligand1607-0
139,TUMMUL__ligand10114-0
140,TUMMUL__ligand934-0
141,TUMMUL__ligand177-0
142,TUMMUL__ligand909-0
143,TUMMUL__ligand1152-0
144,TUMMUL__ligand1727-0
145,TUMMUL__ligand851-0
146,TUMMUL__ligand311-0
147,TUMMUL__ligand444-0
148,TUMMUL__ligand369-0
149,TUMMUL__ligand66-0
150,TUMMUL__ligand8774-0
151,TUMMUL__ligand3637-0
152,TUMMUL__ligand10910-0
153,TUMMUL__ligand188-0
154,TUMMUL__ligand6294-0
155,TUMMUL__ligand1054-0
156,TUMMUL__ligand460-0
157,TUMMUL__ligand250-0
158,TUMMUL__ligand1598-0
159,TUMMUL__ligand1248-0
160,TUMMUL__ligand4303-0
161,TUMMUL__ligand7464-0
162,TUMMUL__ligand370-0
163,TUMMUL__ligand14530-0
164,TUMMUL__ligand509-0
165,TUMMUL__ligand3566-0
166,TUMMUL__ligand1178-0
167,TUMMUL__ligand73-0
168,TUMMUL__ligand1321-0
169,TUMMUL__ligand1788-0
170,TUMMUL__ligand6-0
171,TUMMUL__ligand571-0
172,TUMMUL__ligand670-0
173,TUMMUL__ligand118-0
174,TUMMUL__ligand365-0
175,TUMMUL__ligand4894-0
176,TUMMUL__ligand1260-0
177,TUMMUL__ligand9620-0
178,TUMMUL__ligand278-0
179,TUMMUL__ligand1449-1
180,TUMMUL__ligand4811-0
181,TUMMUL__ligand669-0
182,TUMMUL__ligand57-0
183,TUMMUL__ligand7514-0
184,TUMMUL__ligand358-0
185,TUMMUL__ligand3337-0
186,TUMMUL__ligand430-0
187,TUMMUL__ligand55-0
188,TUMMUL__ligand1307-0
189,TUMMUL__ligand95-0
190,TUMMUL__ligand4-0
191,TUMMUL__ligand6166-0
192,TUMMUL__ligand1246-0
193,TUMMUL__ligand226-0
194,TUMMUL__ligand2599-0
195,TUMMUL__ligand5089-0
196,TUMMUL__ligand162-0
197,TUMMUL__ligand2853-0
198,TUMMUL__ligand3853-0
199,TUMMUL__ligand383-0
200,TUMMUL__ligand34-0
201,TUMMUL__ligand532-0
202,TUMMUL__ligand918-0
203,TUMMUL__ligand633-0
204,TUMMUL__ligand497-0
205,TUMMUL__ligand8032-0
206,TUMMUL__ligand48-0
207,TUMMUL__ligand1858-0
208,TUMMUL__ligand2315-0
209,TUMMUL__ligand2480-0
210,TUMMUL__ligand838-0
211,TUMMUL__ligand3051-0
212,TUMMUL__ligand4504-0
213,TUMMUL__ligand1898-0
214,TUMMUL__ligand166-0
215,TUMMUL__ligand5334-0
216,TUMMUL__ligand2389-0
217,TUMMUL__ligand51-0
218,TUMMUL__ligand436-0
219,TUMMUL__ligand1919-0
220,TUMMUL__ligand206-0
221,TUMMUL__ligand142-0
222,TUMMUL__ligand283-0
223,TUMMUL__ligand2110-0
224,TUMMUL__ligand2916-0
225,TUMMUL__ligand553-0
226,TUMMUL__ligand3579-0
227,TUMMUL__ligand1712-0
228,TUMMUL__ligand326-0
229,TUMMUL__ligand91-0
230,TUMMUL__ligand29-0
231,TUMMUL__ligand821-0
232,TUMMUL__ligand6430-0
233,TUMMUL__ligand1299-0
234,TUMMUL__ligand1264-0
235,TUMMUL__ligand1221-0
236,TUMMUL__ligand1379-0
237,TUMMUL__ligand361-0
238,TUMMUL__ligand324-0
239,TUMMUL__ligand409-0
240,TUMMUL__ligand2376-0
241,TUMMUL__ligand2929-0
242,TUMMUL__ligand105-0
243,TUMMUL__ligand140-0
244,TUMMUL__ligand32-0
245,TUMMUL__ligand2482-0
246,TUMMUL__ligand1325-0
247,TUMMUL__ligand6571-0
248,TUMMUL__ligand199-0
249,TUMMUL__ligand927-0
250,TUMMUL__ligand575-0
251,TUMMUL__ligand1104-0
252,TUMMUL__ligand5762-0
253,TUMMUL__ligand7414-0
254,TUMMUL__ligand2442-0
255,TUMMUL__ligand1019-0
256,TUMMUL__ligand187-0
257,TUMMUL__ligand3251-0
258,TUMMUL__ligand612-0
259,TUMMUL__ligand6143-0
260,TUMMUL__ligand5235-0
261,TUMMUL__ligand861-0
262,TUMMUL__ligand366-0
263,TUMMUL__ligand4619-0
264,TUMMUL__ligand1493-0
265,TUMMUL__ligand11-0
266,TUMMUL__ligand2718-0
267,TUMMUL__ligand3035-0
268,TUMMUL__ligand3070-0
269,TUMMUL__ligand9176-0
270,TUMMUL__ligand596-0
271,TUMMUL__ligand3852-0
272,TUMMUL__ligand11730-0
273,TUMMUL__ligand3478-0
274,TUMMUL__ligand5758-0
275,TUMMUL__ligand126-0
276,TUMMUL__ligand7456-0
277,TUMMUL__ligand1818-0
278,TUMMUL__ligand1907-0
279,TUMMUL__ligand4423-0
280,TUMMUL__ligand119-0
281,TUMMUL__ligand3890-0
282,TUMMUL__ligand7630-0
283,TUMMUL__ligand1555-0
284,TUMMUL__ligand124-0
285,TUMMUL__ligand1285-0
286,TUMMUL__ligand7550-0
287,TUMMUL__ligand244-0
288,TUMMUL__ligand201-0
289,TUMMUL__ligand100-0
290,TUMMUL__ligand5093-0
291,TUMMUL__ligand2954-0
292,TUMMUL__ligand178-0
293,TUMMUL__ligand1160-0
294,TUMMUL__ligand2253-0
295,TUMMUL__ligand279-0
296,TUMMUL__ligand321-0
297,TUMMUL__ligand1038-0
298,TUMMUL__ligand2762-0
299,TUMMUL__ligand141-0
300,TUMMUL__ligand240-0
301,TUMMUL__ligand3196-0
302,TUMMUL__ligand4012-0
303,TUMMUL__ligand17-0
304,TUMMUL__ligand92-0
305,TUMMUL__ligand2915-0
306,TUMMUL__ligand3-0
307,TUMMUL__ligand2707-0
308,TUMMUL__ligand1690-0
309,TUMMUL__ligand2526-0
310,TUMMUL__ligand1551-0
311,TUMMUL__ligand120-0
312,TUMMUL__ligand384-0
313,TUMMUL__ligand4370-0
314,TUMMUL__ligand89-0
315,TUMMUL__ligand757-0
316,TUMMUL__ligand1436-0
317,TUMMUL__ligand49-0
318,TUMMUL__ligand797-0
319,TUMMUL__ligand1-0
320,TUMMUL__ligand2618-0
321,TUMMUL__ligand3618-0
322,TUMMUL__ligand4175-0
323,TUMMUL__ligand2255-0
324,TUMMUL__ligand1918-0
