,TMC
0,XUHWOM__ligand1407-0
1,XUHWOM__ligand6117-0
2,XUHWOM__ligand5509-0
3,XUHWOM__ligand8002-0
4,XUHWOM__ligand16870-0
5,XUHWOM__ligand68-0
6,XUHWOM__ligand11622-0
7,XUHWOM__ligand11814-0
8,XUHWOM__ligand465-0
9,XUHWOM__ligand16603-0
10,XUHWOM__ligand7762-0
11,XUHWOM__ligand5080-0
12,XUHWOM__ligand5304-0
13,XUHWOM__ligand9167-0
14,XUHWOM__ligand31205-0
15,XUHWOM__ligand25658-0
16,XUHWOM__ligand2238-0
17,XUHWOM__ligand17686-0
18,XUHWOM__ligand11177-0
19,XUHWOM__ligand55-0
20,XUHWOM__ligand314-1
21,XUHWOM__ligand15455-0
22,XUHWOM__ligand2822-0
23,XUHWOM__ligand7293-0
24,XUHWOM__ligand1317-0
25,XUHWOM__ligand3867-0
26,XUHWOM__ligand2259-0
27,XUHWOM__ligand780-0
28,XUHWOM__ligand1296-0
29,XUHWOM__ligand314-0
30,XUHWOM__ligand5099-0
31,XUHWOM__ligand8592-0
32,XUHWOM__ligand18067-0
33,XUHWOM__ligand1197-0
34,XUHWOM__ligand19824-0
35,XUHWOM__ligand813-0
36,XUHWOM__ligand5510-0
37,XUHWOM__ligand1376-0
38,XUHWOM__ligand11252-0
39,XUHWOM__ligand9773-0
40,XUHWOM__ligand13260-0
41,XUHWOM__ligand10582-0
42,XUHWOM__ligand34-0
43,XUHWOM__ligand11606-0
44,XUHWOM__ligand4101-0
45,XUHWOM__ligand5595-0
46,XUHWOM__ligand618-0
47,XUHWOM__ligand31000-0
48,XUHWOM__ligand391-0
49,XUHWOM__ligand3120-0
50,XUHWOM__ligand26673-0
51,XUHWOM__ligand3926-0
52,XUHWOM__ligand4358-0
53,XUHWOM__ligand2221-0
54,XUHWOM__ligand20821-0
55,XUHWOM__ligand19906-0
56,XUHWOM__ligand1464-0
57,XUHWOM__ligand3712-0
58,XUHWOM__ligand19668-0
59,XUHWOM__ligand2881-0
60,XUHWOM__ligand1499-0
61,XUHWOM__ligand6892-0
62,XUHWOM__ligand22353-0
63,XUHWOM__ligand393-0
64,XUHWOM__ligand1211-0
65,XUHWOM__ligand3632-0
66,XUHWOM__ligand3677-0
67,XUHWOM__ligand353-0
68,XUHWOM__ligand1294-0
69,XUHWOM__ligand1168-0
70,XUHWOM__ligand6699-0
71,XUHWOM__ligand10151-0
72,XUHWOM__ligand2985-0
73,XUHWOM__ligand4007-0
74,XUHWOM__ligand16952-0
75,XUHWOM__ligand29813-0
76,XUHWOM__ligand9299-0
77,XUHWOM__ligand20220-0
78,XUHWOM__ligand7291-0
79,XUHWOM__ligand20121-0
80,XUHWOM__ligand196-0
81,XUHWOM__ligand3677-1
82,XUHWOM__ligand9883-0
83,XUHWOM__ligand57-0
84,XUHWOM__ligand15387-0
85,XUHWOM__ligand9344-0
86,XUHWOM__ligand24851-0
87,XUHWOM__ligand686-0
88,XUHWOM__ligand8000-0
89,XUHWOM__ligand14302-0
90,XUHWOM__ligand14347-0
91,XUHWOM__ligand13657-0
92,XUHWOM__ligand11698-0
93,XUHWOM__ligand3736-0
94,XUHWOM__ligand20530-0
95,XUHWOM__ligand11479-0
96,XUHWOM__ligand3945-0
97,XUHWOM__ligand10479-0
98,XUHWOM__ligand27610-0
99,XUHWOM__ligand422-0
100,XUHWOM__ligand5383-0
101,XUHWOM__ligand2693-0
102,XUHWOM__ligand10853-0
103,XUHWOM__ligand29441-0
104,XUHWOM__ligand506-0
105,XUHWOM__ligand23682-0
106,XUHWOM__ligand9450-0
107,XUHWOM__ligand29565-0
108,XUHWOM__ligand16-0
109,XUHWOM__ligand27771-0
110,XUHWOM__ligand18158-0
111,XUHWOM__ligand16956-0
112,XUHWOM__ligand21339-0
113,XUHWOM__ligand14226-0
114,XUHWOM__ligand20942-1
115,XUHWOM__ligand2612-0
116,XUHWOM__ligand1599-0
117,XUHWOM__ligand2203-0
118,XUHWOM__ligand5387-0
119,XUHWOM__ligand27550-0
120,XUHWOM__ligand1289-0
121,XUHWOM__ligand152-0
122,XUHWOM__ligand14007-0
123,XUHWOM__ligand18019-1
124,XUHWOM__ligand21448-0
125,XUHWOM__ligand9284-0
126,XUHWOM__ligand6391-0
127,XUHWOM__ligand746-0
128,XUHWOM__ligand3126-0
129,XUHWOM__ligand447-0
130,XUHWOM__ligand11758-0
131,XUHWOM__ligand1114-0
132,XUHWOM__ligand22357-0
133,XUHWOM__ligand2417-0
134,XUHWOM__ligand29214-0
135,XUHWOM__ligand176-0
136,XUHWOM__ligand11544-0
137,XUHWOM__ligand11501-0
138,XUHWOM__ligand14477-0
139,XUHWOM__ligand2043-0
140,XUHWOM__ligand17069-0
141,XUHWOM__ligand17445-0
142,XUHWOM__ligand32-0
143,XUHWOM__ligand8788-0
144,XUHWOM__ligand1832-0
145,XUHWOM__ligand20731-0
146,XUHWOM__ligand1604-0
147,XUHWOM__ligand29334-0
148,XUHWOM__ligand12413-0
149,XUHWOM__ligand11798-0
150,XUHWOM__ligand487-0
151,XUHWOM__ligand1228-0
152,XUHWOM__ligand9943-0
153,XUHWOM__ligand21940-0
154,XUHWOM__ligand25048-0
155,XUHWOM__ligand5180-0
156,XUHWOM__ligand16133-0
157,XUHWOM__ligand13755-0
158,XUHWOM__ligand20432-0
159,XUHWOM__ligand27122-0
160,XUHWOM__ligand6017-0
161,XUHWOM__ligand5708-0
162,XUHWOM__ligand7316-0
163,XUHWOM__ligand23445-0
164,XUHWOM__ligand784-0
165,XUHWOM__ligand24953-0
166,XUHWOM__ligand3225-0
167,XUHWOM__ligand1153-0
168,XUHWOM__ligand1116-0
169,XUHWOM__ligand7092-0
170,XUHWOM__ligand2260-0
171,XUHWOM__ligand368-0
172,XUHWOM__ligand395-0
173,XUHWOM__ligand2124-0
174,XUHWOM__ligand8612-0
175,XUHWOM__ligand20557-0
176,XUHWOM__ligand7172-0
177,XUHWOM__ligand30004-0
178,XUHWOM__ligand9323-0
179,XUHWOM__ligand7273-0
180,XUHWOM__ligand48-0
181,XUHWOM__ligand24560-0
182,XUHWOM__ligand18757-0
183,XUHWOM__ligand2906-0
184,XUHWOM__ligand4711-0
185,XUHWOM__ligand3244-0
186,XUHWOM__ligand24624-0
187,XUHWOM__ligand20844-0
188,XUHWOM__ligand18413-0
189,XUHWOM__ligand8793-0
190,XUHWOM__ligand5649-0
191,XUHWOM__ligand2788-0
192,XUHWOM__ligand4649-0
193,XUHWOM__ligand115-0
194,XUHWOM__ligand91-0
195,XUHWOM__ligand9753-0
196,XUHWOM__ligand5530-0
197,XUHWOM__ligand1787-0
198,XUHWOM__ligand14339-0
199,XUHWOM__ligand1356-0
200,XUHWOM__ligand13691-0
201,XUHWOM__ligand51-0
202,XUHWOM__ligand5159-0
203,XUHWOM__ligand30788-0
204,XUHWOM__ligand7196-0
205,XUHWOM__ligand21752-0
206,XUHWOM__ligand4807-0
207,XUHWOM__ligand833-0
208,XUHWOM__ligand3178-0
209,XUHWOM__ligand19184-0
210,XUHWOM__ligand8529-0
211,XUHWOM__ligand28459-0
212,XUHWOM__ligand352-0
213,XUHWOM__ligand783-0
214,XUHWOM__ligand1169-0
215,XUHWOM__ligand18448-0
216,XUHWOM__ligand12453-0
217,XUHWOM__ligand1154-0
218,XUHWOM__ligand10371-0
219,XUHWOM__ligand868-0
220,XUHWOM__ligand9615-0
221,XUHWOM__ligand13672-0
222,XUHWOM__ligand4596-0
223,XUHWOM__ligand28685-0
224,XUHWOM__ligand18568-0
225,XUHWOM__ligand1498-0
226,XUHWOM__ligand29029-0
227,XUHWOM__ligand27285-0
228,XUHWOM__ligand2692-0
229,XUHWOM__ligand1618-0
230,XUHWOM__ligand1028-0
231,XUHWOM__ligand23197-0
232,XUHWOM__ligand8-0
233,XUHWOM__ligand4262-0
234,XUHWOM__ligand2027-0
235,XUHWOM__ligand1050-0
236,XUHWOM__ligand197-0
237,XUHWOM__ligand1015-0
238,XUHWOM__ligand13477-0
239,XUHWOM__ligand14167-0
240,XUHWOM__ligand27669-0
241,XUHWOM__ligand30142-0
242,XUHWOM__ligand11970-0
243,XUHWOM__ligand11-0
244,XUHWOM__ligand6995-0
245,XUHWOM__ligand15883-0
246,XUHWOM__ligand2823-0
247,XUHWOM__ligand294-0
248,XUHWOM__ligand2650-0
249,XUHWOM__ligand2281-0
250,XUHWOM__ligand4340-0
251,XUHWOM__ligand24230-0
252,XUHWOM__ligand11447-0
253,XUHWOM__ligand11096-0
254,XUHWOM__ligand28810-0
255,XUHWOM__ligand10828-0
256,XUHWOM__ligand3180-0
257,XUHWOM__ligand19792-0
258,XUHWOM__ligand15926-0
259,XUHWOM__ligand10056-0
260,XUHWOM__ligand12365-0
261,XUHWOM__ligand421-0
262,XUHWOM__ligand15531-0
263,XUHWOM__ligand28743-0
264,XUHWOM__ligand11357-0
265,XUHWOM__ligand13862-0
266,XUHWOM__ligand5415-0
267,XUHWOM__ligand22294-0
268,XUHWOM__ligand28930-0
269,XUHWOM__ligand22168-0
270,XUHWOM__ligand4124-0
271,XUHWOM__ligand685-0
272,XUHWOM__ligand4161-0
273,XUHWOM__ligand3471-0
274,XUHWOM__ligand69-0
275,XUHWOM__ligand21919-0
276,XUHWOM__ligand16663-0
277,XUHWOM__ligand1113-0
278,XUHWOM__ligand8553-0
279,XUHWOM__ligand14614-0
280,XUHWOM__ligand24035-0
281,XUHWOM__ligand235-0
282,XUHWOM__ligand11994-0
283,XUHWOM__ligand31842-0
284,XUHWOM__ligand134-0
285,XUHWOM__ligand31044-0
286,XUHWOM__ligand5201-0
287,XUHWOM__ligand20207-0
288,XUHWOM__ligand30711-0
289,XUHWOM__ligand2001-0
290,XUHWOM__ligand11682-0
291,XUHWOM__ligand7566-0
292,XUHWOM__ligand560-0
293,XUHWOM__ligand25913-0
294,XUHWOM__ligand16988-0
295,XUHWOM__ligand9944-0
296,XUHWOM__ligand8593-0
297,XUHWOM__ligand30728-0
298,XUHWOM__ligand27840-0
299,XUHWOM__ligand1849-0
300,XUHWOM__ligand188-0
301,XUHWOM__ligand24872-0
302,XUHWOM__ligand49-0
303,XUHWOM__ligand3261-0
304,XUHWOM__ligand1152-0
305,XUHWOM__ligand24644-0
306,XUHWOM__ligand5019-0
307,XUHWOM__ligand10033-0
308,XUHWOM__ligand1216-0
309,XUHWOM__ligand12001-0
310,XUHWOM__ligand13385-0
311,XUHWOM__ligand14569-0
312,XUHWOM__ligand479-0
313,XUHWOM__ligand22444-0
314,XUHWOM__ligand24111-0
315,XUHWOM__ligand311-0
316,XUHWOM__ligand785-0
317,XUHWOM__ligand5614-0
318,XUHWOM__ligand5280-0
319,XUHWOM__ligand564-0
320,XUHWOM__ligand1831-0
321,XUHWOM__ligand11587-0
322,XUHWOM__ligand13220-0
323,XUHWOM__ligand5515-0
324,XUHWOM__ligand89-0
325,XUHWOM__ligand15788-0
326,XUHWOM__ligand23175-0
327,XUHWOM__ligand6663-0
328,XUHWOM__ligand620-0
329,XUHWOM__ligand370-1
330,XUHWOM__ligand17396-0
331,XUHWOM__ligand31694-0
332,XUHWOM__ligand370-0
333,XUHWOM__ligand1908-0
334,XUHWOM__ligand3285-0
335,XUHWOM__ligand4795-0
336,XUHWOM__ligand29486-0
337,XUHWOM__ligand1786-0
338,XUHWOM__ligand17427-0
339,XUHWOM__ligand5630-0
340,XUHWOM__ligand250-0
341,XUHWOM__ligand1397-0
342,XUHWOM__ligand11949-0
343,XUHWOM__ligand7213-0
344,XUHWOM__ligand1828-0
345,XUHWOM__ligand24780-0
346,XUHWOM__ligand6112-0
347,XUHWOM__ligand12138-0
348,XUHWOM__ligand22129-0
349,XUHWOM__ligand8042-0
350,XUHWOM__ligand3144-0
351,XUHWOM__ligand5085-0
352,XUHWOM__ligand25561-0
353,XUHWOM__ligand4710-0
354,XUHWOM__ligand5755-0
355,XUHWOM__ligand9491-0
356,XUHWOM__ligand19927-0
357,XUHWOM__ligand116-0
358,XUHWOM__ligand1400-0
359,XUHWOM__ligand4266-0
360,XUHWOM__ligand14043-0
361,XUHWOM__ligand26324-0
362,XUHWOM__ligand252-0
363,XUHWOM__ligand4167-0
364,XUHWOM__ligand28559-0
365,XUHWOM__ligand27239-0
366,XUHWOM__ligand1288-0
367,XUHWOM__ligand21729-0
368,XUHWOM__ligand7075-0
369,XUHWOM__ligand830-0
370,XUHWOM__ligand26529-0
371,XUHWOM__ligand1149-0
372,XUHWOM__ligand3557-0
373,XUHWOM__ligand372-0
374,XUHWOM__ligand3980-0
375,XUHWOM__ligand1817-0
376,XUHWOM__ligand193-0
377,XUHWOM__ligand11618-0
378,XUHWOM__ligand6993-0
379,XUHWOM__ligand1779-0
380,XUHWOM__ligand17-0
381,XUHWOM__ligand9750-0
382,XUHWOM__ligand22403-0
383,XUHWOM__ligand4063-0
384,XUHWOM__ligand7438-0
385,XUHWOM__ligand8200-0
386,XUHWOM__ligand909-0
387,XUHWOM__ligand27754-0
388,XUHWOM__ligand20695-0
389,XUHWOM__ligand3042-0
390,XUHWOM__ligand11111-0
391,XUHWOM__ligand28540-0
392,XUHWOM__ligand16369-0
393,XUHWOM__ligand3416-0
394,XUHWOM__ligand3453-0
395,XUHWOM__ligand29215-0
396,XUHWOM__ligand177-0
397,XUHWOM__ligand4207-0
398,XUHWOM__ligand12003-0
399,XUHWOM__ligand1539-0
400,XUHWOM__ligand16148-0
401,XUHWOM__ligand26631-0
402,XUHWOM__ligand10872-0
403,XUHWOM__ligand21399-0
404,XUHWOM__ligand1150-0
405,XUHWOM__ligand5627-0
406,XUHWOM__ligand14703-0
407,XUHWOM__ligand16475-0
408,XUHWOM__ligand1729-0
409,XUHWOM__ligand656-0
410,XUHWOM__ligand2830-0
411,XUHWOM__ligand5316-0
412,XUHWOM__ligand20251-1
413,XUHWOM__ligand5483-0
414,XUHWOM__ligand17278-0
415,XUHWOM__ligand20011-0
416,XUHWOM__ligand29414-0
417,XUHWOM__ligand17982-0
418,XUHWOM__ligand9148-0
419,XUHWOM__ligand17398-0
420,XUHWOM__ligand1415-0
421,XUHWOM__ligand6946-0
422,XUHWOM__ligand11675-0
423,XUHWOM__ligand7529-0
424,XUHWOM__ligand20598-0
425,XUHWOM__ligand10589-0
426,XUHWOM__ligand22557-0
427,XUHWOM__ligand24047-0
428,XUHWOM__ligand696-0
429,XUHWOM__ligand20419-0
430,XUHWOM__ligand17118-0
431,XUHWOM__ligand383-0
432,XUHWOM__ligand3934-0
433,XUHWOM__ligand21371-0
434,XUHWOM__ligand28789-0
435,XUHWOM__ligand6455-0
436,XUHWOM__ligand416-0
437,XUHWOM__ligand6882-0
438,XUHWOM__ligand2403-0
439,XUHWOM__ligand226-0
440,XUHWOM__ligand29568-0
441,XUHWOM__ligand30851-0
442,XUHWOM__ligand14889-0
443,XUHWOM__ligand162-0
444,XUHWOM__ligand20539-0
445,XUHWOM__ligand1449-0
446,XUHWOM__ligand3012-0
447,XUHWOM__ligand20251-0
448,XUHWOM__ligand20214-0
449,XUHWOM__ligand30702-0
450,XUHWOM__ligand31097-0
451,XUHWOM__ligand21581-0
452,XUHWOM__ligand1065-0
453,XUHWOM__ligand7530-0
454,XUHWOM__ligand17261-0
455,XUHWOM__ligand9681-0
456,XUHWOM__ligand14117-0
457,XUHWOM__ligand4332-0
458,XUHWOM__ligand534-0
459,XUHWOM__ligand571-0
460,XUHWOM__ligand7532-0
461,XUHWOM__ligand24-0
462,XUHWOM__ligand4194-0
463,XUHWOM__ligand670-0
464,XUHWOM__ligand20682-0
465,XUHWOM__ligand2599-0
466,XUHWOM__ligand13390-0
467,XUHWOM__ligand4330-0
468,XUHWOM__ligand1147-0
469,XUHWOM__ligand3973-0
470,XUHWOM__ligand2068-0
471,XUHWOM__ligand27482-0
472,XUHWOM__ligand7925-0
473,XUHWOM__ligand26810-0
474,XUHWOM__ligand19-0
475,XUHWOM__ligand13208-0
476,XUHWOM__ligand488-0
477,XUHWOM__ligand12030-0
478,XUHWOM__ligand29879-0
479,XUHWOM__ligand14248-0
480,XUHWOM__ligand358-0
481,XUHWOM__ligand13331-0
482,XUHWOM__ligand28884-0
483,XUHWOM__ligand3215-0
484,XUHWOM__ligand430-0
485,XUHWOM__ligand78-0
486,XUHWOM__ligand694-0
487,XUHWOM__ligand7107-0
488,XUHWOM__ligand31832-0
489,XUHWOM__ligand13294-0
490,XUHWOM__ligand6283-0
491,XUHWOM__ligand25411-0
492,XUHWOM__ligand45-0
493,XUHWOM__ligand4813-0
494,XUHWOM__ligand5813-0
495,XUHWOM__ligand10712-0
496,XUHWOM__ligand14174-0
497,XUHWOM__ligand4738-0
498,XUHWOM__ligand6062-0
499,XUHWOM__ligand11456-0
500,XUHWOM__ligand12641-0
501,XUHWOM__ligand10958-0
502,XUHWOM__ligand1712-0
503,XUHWOM__ligand4131-0
504,XUHWOM__ligand14108-0
505,XUHWOM__ligand5892-0
506,XUHWOM__ligand5094-0
507,XUHWOM__ligand19057-0
508,XUHWOM__ligand1533-0
509,XUHWOM__ligand18814-0
510,XUHWOM__ligand361-0
511,XUHWOM__ligand324-0
512,XUHWOM__ligand409-0
513,XUHWOM__ligand29302-0
514,XUHWOM__ligand13425-0
515,XUHWOM__ligand1496-0
516,XUHWOM__ligand7557-0
517,XUHWOM__ligand10262-0
518,XUHWOM__ligand28676-0
519,XUHWOM__ligand27763-0
520,XUHWOM__ligand15585-0
521,XUHWOM__ligand2208-0
522,XUHWOM__ligand12401-0
523,XUHWOM__ligand3208-0
524,XUHWOM__ligand24145-0
525,XUHWOM__ligand300-0
526,XUHWOM__ligand10476-0
527,XUHWOM__ligand19830-0
528,XUHWOM__ligand13068-0
529,XUHWOM__ligand13658-0
530,XUHWOM__ligand1327-0
531,XUHWOM__ligand9809-0
532,XUHWOM__ligand6672-0
533,XUHWOM__ligand26702-0
534,XUHWOM__ligand12289-0
535,XUHWOM__ligand18292-0
536,XUHWOM__ligand17387-0
537,XUHWOM__ligand12130-0
538,XUHWOM__ligand8722-0
539,XUHWOM__ligand588-0
540,XUHWOM__ligand3350-0
541,XUHWOM__ligand2781-0
542,XUHWOM__ligand7573-0
543,XUHWOM__ligand12231-0
544,XUHWOM__ligand199-0
545,XUHWOM__ligand2328-0
546,XUHWOM__ligand17302-0
547,XUHWOM__ligand4581-0
548,XUHWOM__ligand1773-0
549,XUHWOM__ligand3029-0
550,XUHWOM__ligand17805-0
551,XUHWOM__ligand7162-0
552,XUHWOM__ligand24185-0
553,XUHWOM__ligand23769-0
554,XUHWOM__ligand1900-0
555,XUHWOM__ligand9197-0
556,XUHWOM__ligand25178-0
557,XUHWOM__ligand3392-0
558,XUHWOM__ligand4911-0
559,XUHWOM__ligand31783-0
560,XUHWOM__ligand1771-0
561,XUHWOM__ligand14297-0
562,XUHWOM__ligand14603-0
563,XUHWOM__ligand5849-0
564,XUHWOM__ligand17258-0
565,XUHWOM__ligand13012-0
566,XUHWOM__ligand17631-0
567,XUHWOM__ligand26665-0
568,XUHWOM__ligand497-0
569,XUHWOM__ligand23713-0
570,XUHWOM__ligand18832-0
571,XUHWOM__ligand27175-0
572,XUHWOM__ligand2527-0
573,XUHWOM__ligand30988-0
574,XUHWOM__ligand67-0
575,XUHWOM__ligand8464-0
576,XUHWOM__ligand14723-0
577,XUHWOM__ligand1709-0
578,XUHWOM__ligand4-0
579,XUHWOM__ligand27893-0
580,XUHWOM__ligand8349-0
581,XUHWOM__ligand15422-0
582,XUHWOM__ligand20578-0
583,XUHWOM__ligand12934-0
584,XUHWOM__ligand633-0
585,XUHWOM__ligand19641-0
586,XUHWOM__ligand12427-0
587,XUHWOM__ligand4850-0
588,XUHWOM__ligand326-0
589,XUHWOM__ligand28468-0
590,XUHWOM__ligand5056-0
591,XUHWOM__ligand20740-0
592,XUHWOM__ligand1688-0
593,XUHWOM__ligand16628-0
594,XUHWOM__ligand3647-0
595,XUHWOM__ligand5357-0
596,XUHWOM__ligand3871-0
597,XUHWOM__ligand1469-0
598,XUHWOM__ligand27460-0
599,XUHWOM__ligand43-0
600,XUHWOM__ligand1768-0
601,XUHWOM__ligand5935-0
602,XUHWOM__ligand30333-0
603,XUHWOM__ligand692-0
604,XUHWOM__ligand1379-0
605,XUHWOM__ligand12606-0
606,XUHWOM__ligand2722-0
607,XUHWOM__ligand30296-0
608,XUHWOM__ligand3157-0
609,XUHWOM__ligand17281-0
610,XUHWOM__ligand1165-0
611,XUHWOM__ligand436-0
612,XUHWOM__ligand26540-0
613,XUHWOM__ligand9525-0
614,XUHWOM__ligand29410-0
615,XUHWOM__ligand12337-0
616,XUHWOM__ligand12660-0
617,XUHWOM__ligand5211-0
618,XUHWOM__ligand18-0
619,XUHWOM__ligand13209-0
620,XUHWOM__ligand19257-0
621,XUHWOM__ligand4155-0
622,XUHWOM__ligand3094-0
623,XUHWOM__ligand25650-0
624,XUHWOM__ligand4720-0
625,XUHWOM__ligand31248-0
626,XUHWOM__ligand338-0
627,XUHWOM__ligand8969-0
628,XUHWOM__ligand3174-0
629,XUHWOM__ligand1202-0
630,XUHWOM__ligand3937-0
631,XUHWOM__ligand3131-0
632,XUHWOM__ligand6839-0
633,XUHWOM__ligand1512-0
634,XUHWOM__ligand5331-0
635,XUHWOM__ligand3565-0
636,XUHWOM__ligand12519-0
637,XUHWOM__ligand25735-0
638,XUHWOM__ligand3-0
639,XUHWOM__ligand3852-0
640,XUHWOM__ligand23124-0
641,XUHWOM__ligand2485-0
642,XUHWOM__ligand11206-0
643,XUHWOM__ligand6919-0
644,XUHWOM__ligand321-0
645,XUHWOM__ligand3504-0
646,XUHWOM__ligand30539-0
647,XUHWOM__ligand1959-0
648,XUHWOM__ligand1536-0
649,XUHWOM__ligand1573-0
650,XUHWOM__ligand9935-0
651,XUHWOM__ligand3718-0
652,XUHWOM__ligand178-0
653,XUHWOM__ligand3876-0
654,XUHWOM__ligand1343-0
655,XUHWOM__ligand3035-0
656,XUHWOM__ligand23906-0
657,XUHWOM__ligand6616-0
658,XUHWOM__ligand279-0
659,XUHWOM__ligand11166-0
660,XUHWOM__ligand21132-0
661,XUHWOM__ligand185-0
662,XUHWOM__ligand1844-0
663,XUHWOM__ligand4661-0
664,XUHWOM__ligand7242-0
665,XUHWOM__ligand201-0
666,XUHWOM__ligand27835-0
667,XUHWOM__ligand7106-0
668,XUHWOM__ligand12295-0
669,XUHWOM__ligand25689-0
670,XUHWOM__ligand25575-0
671,XUHWOM__ligand21787-0
672,XUHWOM__ligand9908-0
673,XUHWOM__ligand1263-0
674,XUHWOM__ligand7629-0
675,XUHWOM__ligand27074-0
676,XUHWOM__ligand596-0
677,XUHWOM__ligand1451-0
678,XUHWOM__ligand941-0
679,XUHWOM__ligand4272-0
680,XUHWOM__ligand9784-0
681,XUHWOM__ligand20599-0
682,XUHWOM__ligand25805-0
683,XUHWOM__ligand22981-0
684,XUHWOM__ligand8699-0
685,XUHWOM__ligand1160-0
686,XUHWOM__ligand9520-0
687,XUHWOM__ligand18391-0
688,XUHWOM__ligand4093-0
689,XUHWOM__ligand4442-0
690,XUHWOM__ligand777-0
691,XUHWOM__ligand3954-0
692,XUHWOM__ligand14523-0
693,XUHWOM__ligand27169-0
694,XUHWOM__ligand10084-0
695,XUHWOM__ligand1219-0
696,XUHWOM__ligand6709-0
697,XUHWOM__ligand7867-0
698,XUHWOM__ligand25267-0
699,XUHWOM__ligand12467-0
700,XUHWOM__ligand366-0
701,XUHWOM__ligand4016-0
702,XUHWOM__ligand187-0
703,XUHWOM__ligand21936-0
704,XUHWOM__ligand7238-0
705,XUHWOM__ligand13257-0
706,XUHWOM__ligand1790-0
707,XUHWOM__ligand657-0
708,XUHWOM__ligand23904-0
709,XUHWOM__ligand1304-0
710,XUHWOM__ligand7280-0
711,XUHWOM__ligand1285-0
712,XUHWOM__ligand1982-0
713,XUHWOM__ligand845-0
714,XUHWOM__ligand13869-0
715,XUHWOM__ligand7000-0
716,XUHWOM__ligand18074-0
717,XUHWOM__ligand8115-0
718,XUHWOM__ligand6768-0
719,XUHWOM__ligand29863-0
720,XUHWOM__ligand29610-0
721,XUHWOM__ligand4503-0
722,XUHWOM__ligand4546-0
723,XUHWOM__ligand1-0
724,XUHWOM__ligand11140-0
725,XUHWOM__ligand4157-0
726,XUHWOM__ligand16791-0
727,XUHWOM__ligand5256-0
728,XUHWOM__ligand28668-0
729,XUHWOM__ligand163-0
730,XUHWOM__ligand126-0
731,XUHWOM__ligand9833-0
732,XUHWOM__ligand8876-0
733,XUHWOM__ligand2828-0
734,XUHWOM__ligand7648-0
735,XUHWOM__ligand9291-0
736,XUHWOM__ligand2176-0
737,XUHWOM__ligand18799-0
738,XUHWOM__ligand18465-0
739,XUHWOM__ligand2232-0
740,XUHWOM__ligand66-0
741,XUHWOM__ligand1823-0
742,XUHWOM__ligand5643-0
743,XUHWOM__ligand8721-0
744,XUHWOM__ligand17710-0
745,XUHWOM__ligand20579-0
746,XUHWOM__ligand11568-0
747,XUHWOM__ligand1324-0
748,XUHWOM__ligand21421-0
749,XUHWOM__ligand9952-0
750,XUHWOM__ligand9111-0
751,XUHWOM__ligand1615-0
752,XUHWOM__ligand2526-0
753,XUHWOM__ligand5036-0
754,XUHWOM__ligand11774-0
755,XUHWOM__ligand14586-0
756,XUHWOM__ligand8992-0
757,XUHWOM__ligand24613-0
758,XUHWOM__ligand9601-0
759,XUHWOM__ligand19725-0
760,XUHWOM__ligand757-0
761,XUHWOM__ligand7967-0
762,XUHWOM__ligand3707-0
763,XUHWOM__ligand31483-0
764,XUHWOM__ligand122-0
765,XUHWOM__ligand6124-0
766,XUHWOM__ligand10555-0
767,XUHWOM__ligand4116-0
768,XUHWOM__ligand1018-0
769,XUHWOM__ligand2915-0
770,XUHWOM__ligand3156-0
771,XUHWOM__ligand13072-0
772,XUHWOM__ligand12336-0
773,XUHWOM__ligand6244-0
774,XUHWOM__ligand693-0
775,XUHWOM__ligand1378-0
776,XUHWOM__ligand2332-0
777,XUHWOM__ligand12682-0
778,XUHWOM__ligand42-0
779,XUHWOM__ligand18699-0
780,XUHWOM__ligand9441-0
781,XUHWOM__ligand17240-0
782,XUHWOM__ligand1631-0
783,XUHWOM__ligand17590-0
784,XUHWOM__ligand9933-0
785,XUHWOM__ligand1530-0
786,XUHWOM__ligand1575-0
787,XUHWOM__ligand24750-0
788,XUHWOM__ligand4620-0
789,XUHWOM__ligand1577-0
790,XUHWOM__ligand6067-0
791,XUHWOM__ligand25224-0
792,XUHWOM__ligand2295-0
793,XUHWOM__ligand18013-0
794,XUHWOM__ligand17945-0
795,XUHWOM__ligand17207-0
796,XUHWOM__ligand31578-0
797,XUHWOM__ligand29087-0
798,XUHWOM__ligand7819-0
799,XUHWOM__ligand2917-0
800,XUHWOM__ligand18703-0
801,XUHWOM__ligand15438-0
802,XUHWOM__ligand6596-0
803,XUHWOM__ligand141-0
804,XUHWOM__ligand3721-0
805,XUHWOM__ligand6904-0
806,XUHWOM__ligand6102-0
807,XUHWOM__ligand28924-0
808,XUHWOM__ligand38-0
809,XUHWOM__ligand240-0
810,XUHWOM__ligand3465-0
811,XUHWOM__ligand384-0
812,XUHWOM__ligand15168-0
813,XUHWOM__ligand1142-0
814,XUHWOM__ligand3234-0
815,XUHWOM__ligand24064-0
816,XUHWOM__ligand23589-0
817,XUHWOM__ligand8835-0
818,XUHWOM__ligand2028-0
819,XUHWOM__ligand7126-0
820,XUHWOM__ligand4641-0
821,XUHWOM__ligand26277-0
822,XUHWOM__ligand29898-0
823,XUHWOM__ligand10432-0
824,XUHWOM__ligand31618-0
825,XUHWOM__ligand768-0
826,XUHWOM__ligand11432-0
827,XUHWOM__ligand22755-0
