,TMC
0,SIQSER__ligand13390-0
1,SIQSER__ligand5094-0
2,SIQSER__ligand5892-0
3,SIQSER__ligand4131-0
4,SIQSER__ligand1712-0
5,SIQSER__ligand20682-0
6,SIQSER__ligand27482-0
7,SIQSER__ligand26810-0
8,SIQSER__ligand197-0
9,SIQSER__ligand13208-0
10,SIQSER__ligand7557-0
11,SIQSER__ligand1496-0
12,SIQSER__ligand1533-0
13,SIQSER__ligand7573-0
14,SIQSER__ligand2781-0
15,SIQSER__ligand3350-0
16,SIQSER__ligand13294-0
17,SIQSER__ligand9809-0
18,SIQSER__ligand6672-0
19,SIQSER__ligand1327-0
20,SIQSER__ligand31832-0
21,SIQSER__ligand8722-0
22,SIQSER__ligand29879-0
23,SIQSER__ligand14248-0
24,SIQSER__ligand12030-0
25,SIQSER__ligand783-0
26,SIQSER__ligand3208-0
27,SIQSER__ligand352-0
28,SIQSER__ligand2208-0
29,SIQSER__ligand13331-0
30,SIQSER__ligand28884-0
31,SIQSER__ligand10712-0
32,SIQSER__ligand1900-0
33,SIQSER__ligand14174-0
34,SIQSER__ligand9197-0
35,SIQSER__ligand868-0
36,SIQSER__ligand11456-0
37,SIQSER__ligand25411-0
38,SIQSER__ligand3029-0
39,SIQSER__ligand7162-0
40,SIQSER__ligand2328-0
41,SIQSER__ligand1773-0
42,SIQSER__ligand4581-0
43,SIQSER__ligand5849-0
44,SIQSER__ligand20251-1
45,SIQSER__ligand1771-0
46,SIQSER__ligand4911-0
47,SIQSER__ligand14703-0
48,SIQSER__ligand16475-0
49,SIQSER__ligand235-0
50,SIQSER__ligand19-0
51,SIQSER__ligand3392-0
52,SIQSER__ligand134-0
53,SIQSER__ligand17398-0
54,SIQSER__ligand1709-0
55,SIQSER__ligand22557-0
56,SIQSER__ligand560-0
57,SIQSER__ligand10589-0
58,SIQSER__ligand8464-0
59,SIQSER__ligand24047-0
60,SIQSER__ligand8349-0
61,SIQSER__ligand11675-0
62,SIQSER__ligand24-0
63,SIQSER__ligand20598-0
64,SIQSER__ligand2527-0
65,SIQSER__ligand29414-0
66,SIQSER__ligand17982-0
67,SIQSER__ligand17278-0
68,SIQSER__ligand20011-0
69,SIQSER__ligand45-0
70,SIQSER__ligand1768-0
71,SIQSER__ligand29568-0
72,SIQSER__ligand3871-0
73,SIQSER__ligand1469-0
74,SIQSER__ligand30851-0
75,SIQSER__ligand294-0
76,SIQSER__ligand14889-0
77,SIQSER__ligand1688-0
78,SIQSER__ligand17118-0
79,SIQSER__ligand21371-0
80,SIQSER__ligand5357-0
81,SIQSER__ligand3647-0
82,SIQSER__ligand20419-0
83,SIQSER__ligand28789-0
84,SIQSER__ligand5056-0
85,SIQSER__ligand4850-0
86,SIQSER__ligand1165-0
87,SIQSER__ligand17261-0
88,SIQSER__ligand14117-0
89,SIQSER__ligand9525-0
90,SIQSER__ligand421-0
91,SIQSER__ligand3157-0
92,SIQSER__ligand20251-0
93,SIQSER__ligand1379-0
94,SIQSER__ligand20214-0
95,SIQSER__ligand30702-0
96,SIQSER__ligand20539-0
97,SIQSER__ligand2722-0
98,SIQSER__ligand31097-0
99,SIQSER__ligand21581-0
100,SIQSER__ligand78-0
101,SIQSER__ligand685-0
102,SIQSER__ligand5935-0
103,SIQSER__ligand17258-0
104,SIQSER__ligand370-0
105,SIQSER__ligand5483-0
106,SIQSER__ligand14297-0
107,SIQSER__ligand14603-0
108,SIQSER__ligand26665-0
109,SIQSER__ligand5316-0
110,SIQSER__ligand13012-0
111,SIQSER__ligand17631-0
112,SIQSER__ligand2830-0
113,SIQSER__ligand5627-0
114,SIQSER__ligand1729-0
115,SIQSER__ligand31783-0
116,SIQSER__ligand7529-0
117,SIQSER__ligand27893-0
118,SIQSER__ligand250-0
119,SIQSER__ligand14723-0
120,SIQSER__ligand19641-0
121,SIQSER__ligand15422-0
122,SIQSER__ligand20578-0
123,SIQSER__ligand12934-0
124,SIQSER__ligand1415-0
125,SIQSER__ligand6946-0
126,SIQSER__ligand9148-0
127,SIQSER__ligand23713-0
128,SIQSER__ligand18832-0
129,SIQSER__ligand27175-0
130,SIQSER__ligand30988-0
131,SIQSER__ligand188-0
132,SIQSER__ligand2403-0
133,SIQSER__ligand27460-0
134,SIQSER__ligand20740-0
135,SIQSER__ligand28468-0
136,SIQSER__ligand6882-0
137,SIQSER__ligand6455-0
138,SIQSER__ligand12427-0
139,SIQSER__ligand16628-0
140,SIQSER__ligand3934-0
141,SIQSER__ligand4332-0
142,SIQSER__ligand17281-0
143,SIQSER__ligand30296-0
144,SIQSER__ligand29410-0
145,SIQSER__ligand479-0
146,SIQSER__ligand12337-0
147,SIQSER__ligand785-0
148,SIQSER__ligand9681-0
149,SIQSER__ligand311-0
150,SIQSER__ligand26540-0
151,SIQSER__ligand30333-0
152,SIQSER__ligand564-0
153,SIQSER__ligand7530-0
154,SIQSER__ligand1065-0
155,SIQSER__ligand620-0
156,SIQSER__ligand1449-0
157,SIQSER__ligand370-1
158,SIQSER__ligand12606-0
159,SIQSER__ligand3012-0
160,SIQSER__ligand14108-0
161,SIQSER__ligand2599-0
162,SIQSER__ligand4330-0
163,SIQSER__ligand909-0
164,SIQSER__ligand12641-0
165,SIQSER__ligand4194-0
166,SIQSER__ligand7532-0
167,SIQSER__ligand67-0
168,SIQSER__ligand10958-0
169,SIQSER__ligand2068-0
170,SIQSER__ligand27763-0
171,SIQSER__ligand177-0
172,SIQSER__ligand10262-0
173,SIQSER__ligand28676-0
174,SIQSER__ligand7925-0
175,SIQSER__ligand3973-0
176,SIQSER__ligand19057-0
177,SIQSER__ligand18814-0
178,SIQSER__ligand1147-0
179,SIQSER__ligand13425-0
180,SIQSER__ligand29302-0
181,SIQSER__ligand12130-0
182,SIQSER__ligand17387-0
183,SIQSER__ligand7107-0
184,SIQSER__ligand13658-0
185,SIQSER__ligand26702-0
186,SIQSER__ligand116-0
187,SIQSER__ligand12289-0
188,SIQSER__ligand18292-0
189,SIQSER__ligand12231-0
190,SIQSER__ligand252-0
191,SIQSER__ligand24145-0
192,SIQSER__ligand15585-0
193,SIQSER__ligand3215-0
194,SIQSER__ligand12401-0
195,SIQSER__ligand19830-0
196,SIQSER__ligand13068-0
197,SIQSER__ligand10476-0
198,SIQSER__ligand23769-0
199,SIQSER__ligand6062-0
200,SIQSER__ligand830-0
201,SIQSER__ligand24185-0
202,SIQSER__ligand5813-0
203,SIQSER__ligand4813-0
204,SIQSER__ligand25178-0
205,SIQSER__ligand372-0
206,SIQSER__ligand4738-0
207,SIQSER__ligand193-0
208,SIQSER__ligand43-0
209,SIQSER__ligand17302-0
210,SIQSER__ligand17805-0
211,SIQSER__ligand6283-0
212,SIQSER__ligand5036-0
213,SIQSER__ligand2526-0
214,SIQSER__ligand1615-0
215,SIQSER__ligand314-0
216,SIQSER__ligand780-0
217,SIQSER__ligand14523-0
218,SIQSER__ligand27169-0
219,SIQSER__ligand9111-0
220,SIQSER__ligand9952-0
221,SIQSER__ligand813-0
222,SIQSER__ligand18391-0
223,SIQSER__ligand27074-0
224,SIQSER__ligand8721-0
225,SIQSER__ligand1324-0
226,SIQSER__ligand25805-0
227,SIQSER__ligand22981-0
228,SIQSER__ligand5643-0
229,SIQSER__ligand20599-0
230,SIQSER__ligand1823-0
231,SIQSER__ligand4116-0
232,SIQSER__ligand13257-0
233,SIQSER__ligand21936-0
234,SIQSER__ligand18-0
235,SIQSER__ligand1018-0
236,SIQSER__ligand6124-0
237,SIQSER__ligand618-0
238,SIQSER__ligand3707-0
239,SIQSER__ligand7967-0
240,SIQSER__ligand23904-0
241,SIQSER__ligand9601-0
242,SIQSER__ligand391-0
243,SIQSER__ligand25267-0
244,SIQSER__ligand10084-0
245,SIQSER__ligand8-0
246,SIQSER__ligand8992-0
247,SIQSER__ligand12467-0
248,SIQSER__ligand1378-0
249,SIQSER__ligand29610-0
250,SIQSER__ligand6244-0
251,SIQSER__ligand11140-0
252,SIQSER__ligand465-0
253,SIQSER__ligand3156-0
254,SIQSER__ligand29863-0
255,SIQSER__ligand2915-0
256,SIQSER__ligand13869-0
257,SIQSER__ligand18074-0
258,SIQSER__ligand9933-0
259,SIQSER__ligand1575-0
260,SIQSER__ligand1530-0
261,SIQSER__ligand18465-0
262,SIQSER__ligand18799-0
263,SIQSER__ligand1631-0
264,SIQSER__ligand16791-0
265,SIQSER__ligand2332-0
266,SIQSER__ligand9441-0
267,SIQSER__ligand314-1
268,SIQSER__ligand28668-0
269,SIQSER__ligand31248-0
270,SIQSER__ligand25650-0
271,SIQSER__ligand2295-0
272,SIQSER__ligand6067-0
273,SIQSER__ligand1577-0
274,SIQSER__ligand12660-0
275,SIQSER__ligand196-0
276,SIQSER__ligand19257-0
277,SIQSER__ligand13209-0
278,SIQSER__ligand4620-0
279,SIQSER__ligand3465-0
280,SIQSER__ligand12519-0
281,SIQSER__ligand686-0
282,SIQSER__ligand25735-0
283,SIQSER__ligand6102-0
284,SIQSER__ligand6596-0
285,SIQSER__ligand6904-0
286,SIQSER__ligand3721-0
287,SIQSER__ligand11206-0
288,SIQSER__ligand23124-0
289,SIQSER__ligand7819-0
290,SIQSER__ligand2917-0
291,SIQSER__ligand422-0
292,SIQSER__ligand8835-0
293,SIQSER__ligand23906-0
294,SIQSER__ligand2028-0
295,SIQSER__ligand7126-0
296,SIQSER__ligand21132-0
297,SIQSER__ligand11166-0
298,SIQSER__ligand3234-0
299,SIQSER__ligand1142-0
300,SIQSER__ligand30539-0
301,SIQSER__ligand393-0
302,SIQSER__ligand25575-0
303,SIQSER__ligand21787-0
304,SIQSER__ligand25689-0
305,SIQSER__ligand353-0
306,SIQSER__ligand4641-0
307,SIQSER__ligand12295-0
308,SIQSER__ligand27835-0
309,SIQSER__ligand3131-0
310,SIQSER__ligand17945-0
311,SIQSER__ligand1202-0
312,SIQSER__ligand3937-0
313,SIQSER__ligand3174-0
314,SIQSER__ligand8969-0
315,SIQSER__ligand18013-0
316,SIQSER__ligand25224-0
317,SIQSER__ligand6839-0
318,SIQSER__ligand746-0
319,SIQSER__ligand4720-0
320,SIQSER__ligand17207-0
321,SIQSER__ligand31578-0
322,SIQSER__ligand447-0
323,SIQSER__ligand24750-0
324,SIQSER__ligand4155-0
325,SIQSER__ligand3094-0
326,SIQSER__ligand176-0
327,SIQSER__ligand5211-0
328,SIQSER__ligand2485-0
329,SIQSER__ligand28924-0
330,SIQSER__ligand3852-0
331,SIQSER__ligand6919-0
332,SIQSER__ligand15438-0
333,SIQSER__ligand66-0
334,SIQSER__ligand29087-0
335,SIQSER__ligand3565-0
336,SIQSER__ligand18703-0
337,SIQSER__ligand487-0
338,SIQSER__ligand5331-0
339,SIQSER__ligand1512-0
340,SIQSER__ligand506-0
341,SIQSER__ligand24064-0
342,SIQSER__ligand4661-0
343,SIQSER__ligand1844-0
344,SIQSER__ligand42-0
345,SIQSER__ligand3718-0
346,SIQSER__ligand23589-0
347,SIQSER__ligand6616-0
348,SIQSER__ligand3035-0
349,SIQSER__ligand3876-0
350,SIQSER__ligand1343-0
351,SIQSER__ligand1573-0
352,SIQSER__ligand1536-0
353,SIQSER__ligand9935-0
354,SIQSER__ligand3504-0
355,SIQSER__ligand15168-0
356,SIQSER__ligand1959-0
357,SIQSER__ligand26277-0
358,SIQSER__ligand29898-0
359,SIQSER__ligand22755-0
360,SIQSER__ligand9908-0
361,SIQSER__ligand1263-0
362,SIQSER__ligand10432-0
363,SIQSER__ligand31618-0
364,SIQSER__ligand11432-0
365,SIQSER__ligand7106-0
366,SIQSER__ligand152-0
367,SIQSER__ligand7242-0
368,SIQSER__ligand3954-0
369,SIQSER__ligand4093-0
370,SIQSER__ligand4442-0
371,SIQSER__ligand21421-0
372,SIQSER__ligand1160-0
373,SIQSER__ligand11774-0
374,SIQSER__ligand8699-0
375,SIQSER__ligand14586-0
376,SIQSER__ligand9520-0
377,SIQSER__ligand38-0
378,SIQSER__ligand9784-0
379,SIQSER__ligand11568-0
380,SIQSER__ligand7629-0
381,SIQSER__ligand115-0
382,SIQSER__ligand17710-0
383,SIQSER__ligand20579-0
384,SIQSER__ligand4272-0
385,SIQSER__ligand1451-0
386,SIQSER__ligand7280-0
387,SIQSER__ligand1304-0
388,SIQSER__ligand1790-0
389,SIQSER__ligand10555-0
390,SIQSER__ligand31483-0
391,SIQSER__ligand7238-0
392,SIQSER__ligand24613-0
393,SIQSER__ligand4016-0
394,SIQSER__ligand6709-0
395,SIQSER__ligand1219-0
396,SIQSER__ligand833-0
397,SIQSER__ligand19725-0
398,SIQSER__ligand7867-0
399,SIQSER__ligand4546-0
400,SIQSER__ligand4503-0
401,SIQSER__ligand7000-0
402,SIQSER__ligand13072-0
403,SIQSER__ligand1982-0
404,SIQSER__ligand6768-0
405,SIQSER__ligand8115-0
406,SIQSER__ligand1285-0
407,SIQSER__ligand12336-0
408,SIQSER__ligand784-0
409,SIQSER__ligand368-0
410,SIQSER__ligand17240-0
411,SIQSER__ligand2232-0
412,SIQSER__ligand9291-0
413,SIQSER__ligand395-0
414,SIQSER__ligand17590-0
415,SIQSER__ligand2176-0
416,SIQSER__ligand5256-0
417,SIQSER__ligand7648-0
418,SIQSER__ligand8876-0
419,SIQSER__ligand2828-0
420,SIQSER__ligand9833-0
421,SIQSER__ligand12682-0
422,SIQSER__ligand4157-0
423,SIQSER__ligand18699-0
424,SIQSER__ligand1599-0
425,SIQSER__ligand22353-0
426,SIQSER__ligand321-0
427,SIQSER__ligand2612-0
428,SIQSER__ligand178-0
429,SIQSER__ligand19668-0
430,SIQSER__ligand19906-0
431,SIQSER__ligand279-0
432,SIQSER__ligand55-0
433,SIQSER__ligand9450-0
434,SIQSER__ligand185-0
435,SIQSER__ligand68-0
436,SIQSER__ligand201-0
437,SIQSER__ligand10151-0
438,SIQSER__ligand5387-0
439,SIQSER__ligand2203-0
440,SIQSER__ligand1289-0
441,SIQSER__ligand20220-0
442,SIQSER__ligand2417-0
443,SIQSER__ligand15387-0
444,SIQSER__ligand20121-0
445,SIQSER__ligand1114-0
446,SIQSER__ligand338-0
447,SIQSER__ligand9284-0
448,SIQSER__ligand29813-0
449,SIQSER__ligand16952-0
450,SIQSER__ligand6391-0
451,SIQSER__ligand3126-0
452,SIQSER__ligand11479-0
453,SIQSER__ligand10479-0
454,SIQSER__ligand27610-0
455,SIQSER__ligand1228-0
456,SIQSER__ligand9943-0
457,SIQSER__ligand1604-0
458,SIQSER__ligand10853-0
459,SIQSER__ligand29441-0
460,SIQSER__ligand24851-0
461,SIQSER__ligand1832-0
462,SIQSER__ligand34-0
463,SIQSER__ligand8788-0
464,SIQSER__ligand11698-0
465,SIQSER__ligand20530-0
466,SIQSER__ligand14302-0
467,SIQSER__ligand2043-0
468,SIQSER__ligand14347-0
469,SIQSER__ligand13657-0
470,SIQSER__ligand5708-0
471,SIQSER__ligand7316-0
472,SIQSER__ligand11814-0
473,SIQSER__ligand845-0
474,SIQSER__ligand6017-0
475,SIQSER__ligand16603-0
476,SIQSER__ligand16870-0
477,SIQSER__ligand5180-0
478,SIQSER__ligand11622-0
479,SIQSER__ligand9323-0
480,SIQSER__ligand11177-0
481,SIQSER__ligand7273-0
482,SIQSER__ligand126-0
483,SIQSER__ligand163-0
484,SIQSER__ligand7172-0
485,SIQSER__ligand15455-0
486,SIQSER__ligand2124-0
487,SIQSER__ligand8612-0
488,SIQSER__ligand2260-0
489,SIQSER__ligand7092-0
490,SIQSER__ligand1116-0
491,SIQSER__ligand1153-0
492,SIQSER__ligand17686-0
493,SIQSER__ligand3225-0
494,SIQSER__ligand25658-0
495,SIQSER__ligand31205-0
496,SIQSER__ligand11252-0
497,SIQSER__ligand941-0
498,SIQSER__ligand596-0
499,SIQSER__ligand13260-0
500,SIQSER__ligand10582-0
501,SIQSER__ligand4649-0
502,SIQSER__ligand5649-0
503,SIQSER__ligand2788-0
504,SIQSER__ligand8793-0
505,SIQSER__ligand3244-0
506,SIQSER__ligand4711-0
507,SIQSER__ligand18067-0
508,SIQSER__ligand777-0
509,SIQSER__ligand19824-0
510,SIQSER__ligand2906-0
511,SIQSER__ligand26673-0
512,SIQSER__ligand3178-0
513,SIQSER__ligand4807-0
514,SIQSER__ligand366-0
515,SIQSER__ligand20821-0
516,SIQSER__ligand5159-0
517,SIQSER__ligand187-0
518,SIQSER__ligand57-0
519,SIQSER__ligand7196-0
520,SIQSER__ligand11606-0
521,SIQSER__ligand31000-0
522,SIQSER__ligand657-0
523,SIQSER__ligand9753-0
524,SIQSER__ligand1787-0
525,SIQSER__ligand1356-0
526,SIQSER__ligand5530-0
527,SIQSER__ligand20432-0
528,SIQSER__ligand27122-0
529,SIQSER__ligand5080-0
530,SIQSER__ligand13755-0
531,SIQSER__ligand16133-0
532,SIQSER__ligand7762-0
533,SIQSER__ligand23445-0
534,SIQSER__ligand24953-0
535,SIQSER__ligand25048-0
536,SIQSER__ligand693-0
537,SIQSER__ligand21940-0
538,SIQSER__ligand6117-0
539,SIQSER__ligand1407-0
540,SIQSER__ligand8002-0
541,SIQSER__ligand5509-0
542,SIQSER__ligand20557-0
543,SIQSER__ligand30004-0
544,SIQSER__ligand3867-0
545,SIQSER__ligand1317-0
546,SIQSER__ligand7293-0
547,SIQSER__ligand2822-0
548,SIQSER__ligand16-0
549,SIQSER__ligand2238-0
550,SIQSER__ligand5304-0
551,SIQSER__ligand9167-0
552,SIQSER__ligand32-0
553,SIQSER__ligand1376-0
554,SIQSER__ligand5510-0
555,SIQSER__ligand9773-0
556,SIQSER__ligand24560-0
557,SIQSER__ligand8592-0
558,SIQSER__ligand5099-0
559,SIQSER__ligand18757-0
560,SIQSER__ligand1197-0
561,SIQSER__ligand2259-0
562,SIQSER__ligand24624-0
563,SIQSER__ligand20844-0
564,SIQSER__ligand18413-0
565,SIQSER__ligand1296-0
566,SIQSER__ligand2221-0
567,SIQSER__ligand21752-0
568,SIQSER__ligand3926-0
569,SIQSER__ligand3120-0
570,SIQSER__ligand757-0
571,SIQSER__ligand4358-0
572,SIQSER__ligand122-0
573,SIQSER__ligand14339-0
574,SIQSER__ligand5595-0
575,SIQSER__ligand13691-0
576,SIQSER__ligand4101-0
577,SIQSER__ligand30788-0
578,SIQSER__ligand384-0
579,SIQSER__ligand16956-0
580,SIQSER__ligand21339-0
581,SIQSER__ligand14226-0
582,SIQSER__ligand1211-0
583,SIQSER__ligand20942-1
584,SIQSER__ligand6892-0
585,SIQSER__ligand2881-0
586,SIQSER__ligand29565-0
587,SIQSER__ligand48-0
588,SIQSER__ligand1499-0
589,SIQSER__ligand23682-0
590,SIQSER__ligand18158-0
591,SIQSER__ligand3712-0
592,SIQSER__ligand1464-0
593,SIQSER__ligand27771-0
594,SIQSER__ligand18019-1
595,SIQSER__ligand6699-0
596,SIQSER__ligand14007-0
597,SIQSER__ligand1294-0
598,SIQSER__ligand1168-0
599,SIQSER__ligand27550-0
600,SIQSER__ligand3677-0
601,SIQSER__ligand768-0
602,SIQSER__ligand3632-0
603,SIQSER__ligand51-0
604,SIQSER__ligand29214-0
605,SIQSER__ligand3677-1
606,SIQSER__ligand9883-0
607,SIQSER__ligand7291-0
608,SIQSER__ligand11544-0
609,SIQSER__ligand11501-0
610,SIQSER__ligand4-0
611,SIQSER__ligand9299-0
612,SIQSER__ligand21448-0
613,SIQSER__ligand11758-0
614,SIQSER__ligand22357-0
615,SIQSER__ligand4007-0
616,SIQSER__ligand2985-0
617,SIQSER__ligand2693-0
618,SIQSER__ligand5383-0
619,SIQSER__ligand29334-0
620,SIQSER__ligand12413-0
621,SIQSER__ligand20731-0
622,SIQSER__ligand3945-0
623,SIQSER__ligand11798-0
624,SIQSER__ligand141-0
625,SIQSER__ligand17069-0
626,SIQSER__ligand8000-0
627,SIQSER__ligand14477-0
628,SIQSER__ligand3736-0
629,SIQSER__ligand91-0
630,SIQSER__ligand9344-0
631,SIQSER__ligand240-0
632,SIQSER__ligand17445-0
633,SIQSER__ligand11096-0
634,SIQSER__ligand11447-0
635,SIQSER__ligand1216-0
636,SIQSER__ligand28810-0
637,SIQSER__ligand383-0
638,SIQSER__ligand24230-0
639,SIQSER__ligand1152-0
640,SIQSER__ligand3261-0
641,SIQSER__ligand15926-0
642,SIQSER__ligand416-0
643,SIQSER__ligand10828-0
644,SIQSER__ligand5019-0
645,SIQSER__ligand19792-0
646,SIQSER__ligand226-0
647,SIQSER__ligand1849-0
648,SIQSER__ligand11970-0
649,SIQSER__ligand162-0
650,SIQSER__ligand15883-0
651,SIQSER__ligand28930-0
652,SIQSER__ligand22168-0
653,SIQSER__ligand6663-0
654,SIQSER__ligand5515-0
655,SIQSER__ligand22294-0
656,SIQSER__ligand1831-0
657,SIQSER__ligand21919-0
658,SIQSER__ligand5280-0
659,SIQSER__ligand5614-0
660,SIQSER__ligand10056-0
661,SIQSER__ligand12365-0
662,SIQSER__ligand15531-0
663,SIQSER__ligand28743-0
664,SIQSER__ligand11357-0
665,SIQSER__ligand13862-0
666,SIQSER__ligand24035-0
667,SIQSER__ligand5630-0
668,SIQSER__ligand31842-0
669,SIQSER__ligand31044-0
670,SIQSER__ligand656-0
671,SIQSER__ligand1786-0
672,SIQSER__ligand11994-0
673,SIQSER__ligand4795-0
674,SIQSER__ligand3285-0
675,SIQSER__ligand16663-0
676,SIQSER__ligand3-0
677,SIQSER__ligand14614-0
678,SIQSER__ligand1908-0
679,SIQSER__ligand25913-0
680,SIQSER__ligand16988-0
681,SIQSER__ligand5755-0
682,SIQSER__ligand4710-0
683,SIQSER__ligand5085-0
684,SIQSER__ligand3144-0
685,SIQSER__ligand11682-0
686,SIQSER__ligand6112-0
687,SIQSER__ligand20207-0
688,SIQSER__ligand30711-0
689,SIQSER__ligand8042-0
690,SIQSER__ligand7213-0
691,SIQSER__ligand1397-0
692,SIQSER__ligand696-0
693,SIQSER__ligand1828-0
694,SIQSER__ligand488-0
695,SIQSER__ligand358-0
696,SIQSER__ligand18448-0
697,SIQSER__ligand12453-0
698,SIQSER__ligand430-0
699,SIQSER__ligand28459-0
700,SIQSER__ligand1288-0
701,SIQSER__ligand694-0
702,SIQSER__ligand69-0
703,SIQSER__ligand19184-0
704,SIQSER__ligand4167-0
705,SIQSER__ligand9491-0
706,SIQSER__ligand4266-0
707,SIQSER__ligand1400-0
708,SIQSER__ligand13672-0
709,SIQSER__ligand9750-0
710,SIQSER__ligand6993-0
711,SIQSER__ligand28685-0
712,SIQSER__ligand1817-0
713,SIQSER__ligand18568-0
714,SIQSER__ligand11-0
715,SIQSER__ligand1779-0
716,SIQSER__ligand1149-0
717,SIQSER__ligand3980-0
718,SIQSER__ligand3557-0
719,SIQSER__ligand1-0
720,SIQSER__ligand10371-0
721,SIQSER__ligand7075-0
722,SIQSER__ligand23197-0
723,SIQSER__ligand571-0
724,SIQSER__ligand534-0
725,SIQSER__ligand670-0
726,SIQSER__ligand3042-0
727,SIQSER__ligand29029-0
728,SIQSER__ligand27285-0
729,SIQSER__ligand4063-0
730,SIQSER__ligand7438-0
731,SIQSER__ligand8200-0
732,SIQSER__ligand13477-0
733,SIQSER__ligand14167-0
734,SIQSER__ligand1150-0
735,SIQSER__ligand1539-0
736,SIQSER__ligand30142-0
737,SIQSER__ligand27669-0
738,SIQSER__ligand4207-0
739,SIQSER__ligand3453-0
740,SIQSER__ligand3416-0
741,SIQSER__ligand27239-0
742,SIQSER__ligand21729-0
743,SIQSER__ligand8529-0
744,SIQSER__ligand300-0
745,SIQSER__ligand1169-0
746,SIQSER__ligand19927-0
747,SIQSER__ligand89-0
748,SIQSER__ligand588-0
749,SIQSER__ligand26324-0
750,SIQSER__ligand28559-0
751,SIQSER__ligand14043-0
752,SIQSER__ligand4596-0
753,SIQSER__ligand199-0
754,SIQSER__ligand1498-0
755,SIQSER__ligand49-0
756,SIQSER__ligand11618-0
757,SIQSER__ligand9615-0
758,SIQSER__ligand26529-0
759,SIQSER__ligand1154-0
760,SIQSER__ligand20695-0
761,SIQSER__ligand27754-0
762,SIQSER__ligand4262-0
763,SIQSER__ligand1028-0
764,SIQSER__ligand16369-0
765,SIQSER__ligand11111-0
766,SIQSER__ligand28540-0
767,SIQSER__ligand2692-0
768,SIQSER__ligand22403-0
769,SIQSER__ligand1618-0
770,SIQSER__ligand16148-0
771,SIQSER__ligand26631-0
772,SIQSER__ligand12003-0
773,SIQSER__ligand324-0
774,SIQSER__ligand361-0
775,SIQSER__ligand409-0
776,SIQSER__ligand10872-0
777,SIQSER__ligand21399-0
778,SIQSER__ligand1015-0
779,SIQSER__ligand1050-0
780,SIQSER__ligand29215-0
781,SIQSER__ligand2027-0
782,SIQSER__ligand3180-0
783,SIQSER__ligand10033-0
784,SIQSER__ligand24644-0
785,SIQSER__ligand326-0
786,SIQSER__ligand12001-0
787,SIQSER__ligand4340-0
788,SIQSER__ligand2650-0
789,SIQSER__ligand2281-0
790,SIQSER__ligand27840-0
791,SIQSER__ligand30728-0
792,SIQSER__ligand2823-0
793,SIQSER__ligand24872-0
794,SIQSER__ligand6995-0
795,SIQSER__ligand17-0
796,SIQSER__ligand13220-0
797,SIQSER__ligand11587-0
798,SIQSER__ligand3471-0
799,SIQSER__ligand4161-0
800,SIQSER__ligand4124-0
801,SIQSER__ligand692-0
802,SIQSER__ligand17396-0
803,SIQSER__ligand15788-0
804,SIQSER__ligand23175-0
805,SIQSER__ligand14569-0
806,SIQSER__ligand5415-0
807,SIQSER__ligand13385-0
808,SIQSER__ligand436-0
809,SIQSER__ligand22444-0
810,SIQSER__ligand24111-0
811,SIQSER__ligand5201-0
812,SIQSER__ligand17427-0
813,SIQSER__ligand1113-0
814,SIQSER__ligand31694-0
815,SIQSER__ligand8553-0
816,SIQSER__ligand29486-0
817,SIQSER__ligand8593-0
818,SIQSER__ligand9944-0
819,SIQSER__ligand25561-0
820,SIQSER__ligand497-0
821,SIQSER__ligand7566-0
822,SIQSER__ligand11949-0
823,SIQSER__ligand22129-0
824,SIQSER__ligand2001-0
825,SIQSER__ligand24780-0
826,SIQSER__ligand12138-0
827,SIQSER__ligand633-0
