,TMC
0,QAVJED__ligand197-0
1,QAVJED__ligand7550-0
2,QAVJED__ligand296-0
3,QAVJED__ligand112-0
4,QAVJED__ligand1038-0
5,QAVJED__ligand2762-0
6,QAVJED__ligand5093-0
7,QAVJED__ligand2954-0
8,QAVJED__ligand73-0
9,QAVJED__ligand1160-0
10,QAVJED__ligand2253-0
11,QAVJED__ligand136-0
12,QAVJED__ligand3890-0
13,QAVJED__ligand57-0
14,QAVJED__ligand1907-0
15,QAVJED__ligand868-0
16,QAVJED__ligand442-0
17,QAVJED__ligand4423-0
18,QAVJED__ligand352-0
19,QAVJED__ligand783-0
20,QAVJED__ligand1555-0
21,QAVJED__ligand1285-0
22,QAVJED__ligand7630-0
23,QAVJED__ligand5758-0
24,QAVJED__ligand95-0
25,QAVJED__ligand525-0
26,QAVJED__ligand3852-0
27,QAVJED__ligand560-0
28,QAVJED__ligand3478-0
29,QAVJED__ligand109-0
30,QAVJED__ligand134-0
31,QAVJED__ligand932-0
32,QAVJED__ligand1818-0
33,QAVJED__ligand235-0
34,QAVJED__ligand390-0
35,QAVJED__ligand55-0
36,QAVJED__ligand7456-0
37,QAVJED__ligand6143-0
38,QAVJED__ligand5235-0
39,QAVJED__ligand4619-0
40,QAVJED__ligand584-0
41,QAVJED__ligand916-0
42,QAVJED__ligand3251-0
43,QAVJED__ligand34-0
44,QAVJED__ligand421-0
45,QAVJED__ligand798-0
46,QAVJED__ligand9176-0
47,QAVJED__ligand331-0
48,QAVJED__ligand1493-0
49,QAVJED__ligand294-0
50,QAVJED__ligand993-0
51,QAVJED__ligand3035-0
52,QAVJED__ligand3070-0
53,QAVJED__ligand2718-0
54,QAVJED__ligand460-0
55,QAVJED__ligand2255-0
56,QAVJED__ligand4175-0
57,QAVJED__ligand250-0
58,QAVJED__ligand1918-0
59,QAVJED__ligand48-0
60,QAVJED__ligand370-0
61,QAVJED__ligand4370-0
62,QAVJED__ligand91-0
63,QAVJED__ligand311-0
64,QAVJED__ligand29-0
65,QAVJED__ligand51-0
66,QAVJED__ligand2618-0
67,QAVJED__ligand3618-0
68,QAVJED__ligand369-0
69,QAVJED__ligand444-0
70,QAVJED__ligand1436-0
71,QAVJED__ligand188-0
72,QAVJED__ligand1690-0
73,QAVJED__ligand934-0
74,QAVJED__ligand177-0
75,QAVJED__ligand2707-0
76,QAVJED__ligand909-0
77,QAVJED__ligand2526-0
78,QAVJED__ligand851-0
79,QAVJED__ligand1551-0
80,QAVJED__ligand193-0
81,QAVJED__ligand11730-0
82,QAVJED__ligand830-0
83,QAVJED__ligand3196-0
84,QAVJED__ligand4012-0
85,QAVJED__ligand32-0
86,QAVJED__ligand2915-0
87,QAVJED__ligand252-0
88,QAVJED__ligand955-0
89,QAVJED__ligand1246-0
90,QAVJED__ligand11-0
91,QAVJED__ligand391-0
92,QAVJED__ligand170-0
93,QAVJED__ligand6166-0
94,QAVJED__ligand2853-0
95,QAVJED__ligand3853-0
96,QAVJED__ligand481-0
97,QAVJED__ligand314-0
98,QAVJED__ligand5089-0
99,QAVJED__ligand2599-0
100,QAVJED__ligand1307-0
101,QAVJED__ligand210-0
102,QAVJED__ligand9620-0
103,QAVJED__ligand4894-0
104,QAVJED__ligand422-0
105,QAVJED__ligand1260-0
106,QAVJED__ligand113-0
107,QAVJED__ligand196-0
108,QAVJED__ligand502-0
109,QAVJED__ligand7514-0
110,QAVJED__ligand3337-0
111,QAVJED__ligand1449-1
112,QAVJED__ligand4811-0
113,QAVJED__ligand1321-0
114,QAVJED__ligand353-0
115,QAVJED__ligand1178-0
116,QAVJED__ligand3566-0
117,QAVJED__ligand1788-0
118,QAVJED__ligand236-0
119,QAVJED__ligand487-0
120,QAVJED__ligand92-0
121,QAVJED__ligand2482-0
122,QAVJED__ligand1325-0
123,QAVJED__ligand522-0
124,QAVJED__ligand666-0
125,QAVJED__ligand6571-0
126,QAVJED__ligand1019-0
127,QAVJED__ligand133-0
128,QAVJED__ligand2442-0
129,QAVJED__ligand447-0
130,QAVJED__ligand17-0
131,QAVJED__ligand1104-0
132,QAVJED__ligand7414-0
133,QAVJED__ligand5762-0
134,QAVJED__ligand682-0
135,QAVJED__ligand1379-0
136,QAVJED__ligand1299-0
137,QAVJED__ligand6430-0
138,QAVJED__ligand1264-0
139,QAVJED__ligand1221-0
140,QAVJED__ligand2929-0
141,QAVJED__ligand2376-0
142,QAVJED__ligand49-0
143,QAVJED__ligand1919-0
144,QAVJED__ligand2389-0
145,QAVJED__ligand291-0
146,QAVJED__ligand1712-0
147,QAVJED__ligand115-0
148,QAVJED__ligand2110-0
149,QAVJED__ligand2916-0
150,QAVJED__ligand89-0
151,QAVJED__ligand3579-0
152,QAVJED__ligand8032-0
153,QAVJED__ligand1858-0
154,QAVJED__ligand5334-0
155,QAVJED__ligand355-0
156,QAVJED__ligand784-0
157,QAVJED__ligand485-0
158,QAVJED__ligand2315-0
159,QAVJED__ligand1898-0
160,QAVJED__ligand2480-0
161,QAVJED__ligand8-0
162,QAVJED__ligand3051-0
163,QAVJED__ligand4504-0
164,QAVJED__ligand1273-0
165,QAVJED__ligand100-0
166,QAVJED__ligand4-0
167,QAVJED__ligand201-0
168,QAVJED__ligand244-0
169,QAVJED__ligand10910-0
170,QAVJED__ligand279-0
171,QAVJED__ligand1052-0
172,QAVJED__ligand178-0
173,QAVJED__ligand321-0
174,QAVJED__ligand119-0
175,QAVJED__ligand1835-0
176,QAVJED__ligand2794-0
177,QAVJED__ligand2345-0
178,QAVJED__ligand4983-0
179,QAVJED__ligand85-0
180,QAVJED__ligand1502-0
181,QAVJED__ligand78-0
182,QAVJED__ligand2265-0
183,QAVJED__ligand14530-0
184,QAVJED__ligand1113-0
185,QAVJED__ligand45-0
186,QAVJED__ligand6396-0
187,QAVJED__ligand9027-0
188,QAVJED__ligand124-0
189,QAVJED__ligand10479-0
190,QAVJED__ligand2880-0
191,QAVJED__ligand5941-0
192,QAVJED__ligand126-0
193,QAVJED__ligand3838-0
194,QAVJED__ligand1799-0
195,QAVJED__ligand2838-0
196,QAVJED__ligand1169-0
197,QAVJED__ligand5022-0
198,QAVJED__ligand612-0
199,QAVJED__ligand10114-0
200,QAVJED__ligand187-0
201,QAVJED__ligand2864-0
202,QAVJED__ligand366-0
203,QAVJED__ligand861-0
204,QAVJED__ligand2142-0
205,QAVJED__ligand2772-0
206,QAVJED__ligand6151-0
207,QAVJED__ligand6-0
208,QAVJED__ligand9495-0
209,QAVJED__ligand596-0
210,QAVJED__ligand6538-0
211,QAVJED__ligand1598-0
212,QAVJED__ligand4303-0
213,QAVJED__ligand1248-0
214,QAVJED__ligand6294-0
215,QAVJED__ligand1054-0
216,QAVJED__ligand7464-0
217,QAVJED__ligand67-0
218,QAVJED__ligand757-0
219,QAVJED__ligand797-0
220,QAVJED__ligand3637-0
221,QAVJED__ligand8774-0
222,QAVJED__ligand1607-0
223,QAVJED__ligand120-0
224,QAVJED__ligand1727-0
225,QAVJED__ligand384-0
226,QAVJED__ligand1152-0
227,QAVJED__ligand240-0
228,QAVJED__ligand2430-0
229,QAVJED__ligand1703-0
230,QAVJED__ligand141-0
231,QAVJED__ligand2907-0
232,QAVJED__ligand8921-0
233,QAVJED__ligand1567-0
234,QAVJED__ligand2285-0
235,QAVJED__ligand2510-0
236,QAVJED__ligand1056-0
237,QAVJED__ligand2320-0
238,QAVJED__ligand2862-0
239,QAVJED__ligand1544-0
240,QAVJED__ligand86-0
241,QAVJED__ligand1459-0
242,QAVJED__ligand1048-0
243,QAVJED__ligand2087-0
244,QAVJED__ligand162-0
245,QAVJED__ligand3757-0
246,QAVJED__ligand226-0
247,QAVJED__ligand1685-0
248,QAVJED__ligand383-0
249,QAVJED__ligand1171-0
250,QAVJED__ligand62-0
251,QAVJED__ligand5801-0
252,QAVJED__ligand1438-0
253,QAVJED__ligand3063-0
254,QAVJED__ligand18-0
255,QAVJED__ligand365-0
256,QAVJED__ligand278-0
257,QAVJED__ligand669-0
258,QAVJED__ligand1706-0
259,QAVJED__ligand3734-0
260,QAVJED__ligand430-0
261,QAVJED__ligand358-0
262,QAVJED__ligand2629-0
263,QAVJED__ligand4381-0
264,QAVJED__ligand509-0
265,QAVJED__ligand6277-0
266,QAVJED__ligand10357-0
267,QAVJED__ligand1951-0
268,QAVJED__ligand15630-0
269,QAVJED__ligand1687-0
270,QAVJED__ligand2259-0
271,QAVJED__ligand2688-0
272,QAVJED__ligand118-0
273,QAVJED__ligand670-0
274,QAVJED__ligand2768-0
275,QAVJED__ligand571-0
276,QAVJED__ligand1376-0
277,QAVJED__ligand40-0
278,QAVJED__ligand927-0
279,QAVJED__ligand2751-0
280,QAVJED__ligand199-0
281,QAVJED__ligand575-0
282,QAVJED__ligand3041-0
283,QAVJED__ligand38-0
284,QAVJED__ligand1542-0
285,QAVJED__ligand2634-0
286,QAVJED__ligand6502-0
287,QAVJED__ligand2098-0
288,QAVJED__ligand2863-0
289,QAVJED__ligand3178-0
290,QAVJED__ligand409-0
291,QAVJED__ligand324-0
292,QAVJED__ligand361-0
293,QAVJED__ligand6332-0
294,QAVJED__ligand21-0
295,QAVJED__ligand3145-0
296,QAVJED__ligand1-0
297,QAVJED__ligand5548-0
298,QAVJED__ligand7915-0
299,QAVJED__ligand140-0
300,QAVJED__ligand1747-0
301,QAVJED__ligand105-0
302,QAVJED__ligand6686-0
303,QAVJED__ligand436-0
304,QAVJED__ligand3246-0
305,QAVJED__ligand66-0
306,QAVJED__ligand142-0
307,QAVJED__ligand206-0
308,QAVJED__ligand3-0
309,QAVJED__ligand1479-0
310,QAVJED__ligand553-0
311,QAVJED__ligand283-0
312,QAVJED__ligand821-0
313,QAVJED__ligand1148-0
314,QAVJED__ligand326-0
315,QAVJED__ligand633-0
316,QAVJED__ligand918-0
317,QAVJED__ligand532-0
318,QAVJED__ligand1228-0
319,QAVJED__ligand9244-0
320,QAVJED__ligand497-0
321,QAVJED__ligand1114-0
322,QAVJED__ligand838-0
323,QAVJED__ligand1538-0
324,QAVJED__ligand166-0
