,TMC
0,LENZUZ__ligand13294-0
1,LENZUZ__ligand2823-0
2,LENZUZ__ligand31832-0
3,LENZUZ__ligand6995-0
4,LENZUZ__ligand28884-0
5,LENZUZ__ligand3180-0
6,LENZUZ__ligand91-0
7,LENZUZ__ligand13331-0
8,LENZUZ__ligand14248-0
9,LENZUZ__ligand29879-0
10,LENZUZ__ligand12030-0
11,LENZUZ__ligand4340-0
12,LENZUZ__ligand250-0
13,LENZUZ__ligand2650-0
14,LENZUZ__ligand2281-0
15,LENZUZ__ligand1-0
16,LENZUZ__ligand5415-0
17,LENZUZ__ligand11456-0
18,LENZUZ__ligand51-0
19,LENZUZ__ligand14174-0
20,LENZUZ__ligand10712-0
21,LENZUZ__ligand4161-0
22,LENZUZ__ligand3471-0
23,LENZUZ__ligand4124-0
24,LENZUZ__ligand25411-0
25,LENZUZ__ligand370-0
26,LENZUZ__ligand370-1
27,LENZUZ__ligand8553-0
28,LENZUZ__ligand620-0
29,LENZUZ__ligand1113-0
30,LENZUZ__ligand564-0
31,LENZUZ__ligand13390-0
32,LENZUZ__ligand785-0
33,LENZUZ__ligand5201-0
34,LENZUZ__ligand311-0
35,LENZUZ__ligand20682-0
36,LENZUZ__ligand479-0
37,LENZUZ__ligand13208-0
38,LENZUZ__ligand7566-0
39,LENZUZ__ligand26810-0
40,LENZUZ__ligand27482-0
41,LENZUZ__ligand2001-0
42,LENZUZ__ligand188-0
43,LENZUZ__ligand8593-0
44,LENZUZ__ligand48-0
45,LENZUZ__ligand9944-0
46,LENZUZ__ligand14889-0
47,LENZUZ__ligand30851-0
48,LENZUZ__ligand29568-0
49,LENZUZ__ligand28789-0
50,LENZUZ__ligand1169-0
51,LENZUZ__ligand8529-0
52,LENZUZ__ligand177-0
53,LENZUZ__ligand21371-0
54,LENZUZ__ligand17118-0
55,LENZUZ__ligand20419-0
56,LENZUZ__ligand32-0
57,LENZUZ__ligand9615-0
58,LENZUZ__ligand14117-0
59,LENZUZ__ligand1154-0
60,LENZUZ__ligand17261-0
61,LENZUZ__ligand909-0
62,LENZUZ__ligand1498-0
63,LENZUZ__ligand31097-0
64,LENZUZ__ligand21581-0
65,LENZUZ__ligand4596-0
66,LENZUZ__ligand20214-0
67,LENZUZ__ligand30702-0
68,LENZUZ__ligand20251-0
69,LENZUZ__ligand20539-0
70,LENZUZ__ligand1618-0
71,LENZUZ__ligand2692-0
72,LENZUZ__ligand20251-1
73,LENZUZ__ligand193-0
74,LENZUZ__ligand16-0
75,LENZUZ__ligand372-0
76,LENZUZ__ligand4262-0
77,LENZUZ__ligand830-0
78,LENZUZ__ligand14703-0
79,LENZUZ__ligand16475-0
80,LENZUZ__ligand1028-0
81,LENZUZ__ligand24047-0
82,LENZUZ__ligand22557-0
83,LENZUZ__ligand10589-0
84,LENZUZ__ligand20598-0
85,LENZUZ__ligand1015-0
86,LENZUZ__ligand1050-0
87,LENZUZ__ligand11675-0
88,LENZUZ__ligand17398-0
89,LENZUZ__ligand2027-0
90,LENZUZ__ligand252-0
91,LENZUZ__ligand3-0
92,LENZUZ__ligand17982-0
93,LENZUZ__ligand116-0
94,LENZUZ__ligand29414-0
95,LENZUZ__ligand17278-0
96,LENZUZ__ligand20011-0
97,LENZUZ__ligand4167-0
98,LENZUZ__ligand27460-0
99,LENZUZ__ligand4266-0
100,LENZUZ__ligand1400-0
101,LENZUZ__ligand9491-0
102,LENZUZ__ligand16628-0
103,LENZUZ__ligand197-0
104,LENZUZ__ligand57-0
105,LENZUZ__ligand20740-0
106,LENZUZ__ligand28468-0
107,LENZUZ__ligand1288-0
108,LENZUZ__ligand12427-0
109,LENZUZ__ligand12337-0
110,LENZUZ__ligand3980-0
111,LENZUZ__ligand3557-0
112,LENZUZ__ligand29410-0
113,LENZUZ__ligand26540-0
114,LENZUZ__ligand1149-0
115,LENZUZ__ligand17281-0
116,LENZUZ__ligand7075-0
117,LENZUZ__ligand30296-0
118,LENZUZ__ligand9750-0
119,LENZUZ__ligand12606-0
120,LENZUZ__ligand30333-0
121,LENZUZ__ligand1779-0
122,LENZUZ__ligand6993-0
123,LENZUZ__ligand1817-0
124,LENZUZ__ligand26665-0
125,LENZUZ__ligand17631-0
126,LENZUZ__ligand13012-0
127,LENZUZ__ligand7438-0
128,LENZUZ__ligand8200-0
129,LENZUZ__ligand17258-0
130,LENZUZ__ligand4063-0
131,LENZUZ__ligand14603-0
132,LENZUZ__ligand14297-0
133,LENZUZ__ligand868-0
134,LENZUZ__ligand31783-0
135,LENZUZ__ligand3042-0
136,LENZUZ__ligand19641-0
137,LENZUZ__ligand352-0
138,LENZUZ__ligand783-0
139,LENZUZ__ligand20578-0
140,LENZUZ__ligand12934-0
141,LENZUZ__ligand15422-0
142,LENZUZ__ligand4207-0
143,LENZUZ__ligand27893-0
144,LENZUZ__ligand14723-0
145,LENZUZ__ligand3453-0
146,LENZUZ__ligand3416-0
147,LENZUZ__ligand1150-0
148,LENZUZ__ligand30988-0
149,LENZUZ__ligand1539-0
150,LENZUZ__ligand27175-0
151,LENZUZ__ligand18832-0
152,LENZUZ__ligand23713-0
153,LENZUZ__ligand12231-0
154,LENZUZ__ligand1849-0
155,LENZUZ__ligand12130-0
156,LENZUZ__ligand17387-0
157,LENZUZ__ligand18292-0
158,LENZUZ__ligand12289-0
159,LENZUZ__ligand26702-0
160,LENZUZ__ligand13658-0
161,LENZUZ__ligand13068-0
162,LENZUZ__ligand19830-0
163,LENZUZ__ligand560-0
164,LENZUZ__ligand10476-0
165,LENZUZ__ligand34-0
166,LENZUZ__ligand1216-0
167,LENZUZ__ligand5019-0
168,LENZUZ__ligand24145-0
169,LENZUZ__ligand1152-0
170,LENZUZ__ligand12401-0
171,LENZUZ__ligand15585-0
172,LENZUZ__ligand3261-0
173,LENZUZ__ligand25178-0
174,LENZUZ__ligand134-0
175,LENZUZ__ligand235-0
176,LENZUZ__ligand23769-0
177,LENZUZ__ligand24185-0
178,LENZUZ__ligand17805-0
179,LENZUZ__ligand6663-0
180,LENZUZ__ligand5515-0
181,LENZUZ__ligand17302-0
182,LENZUZ__ligand1831-0
183,LENZUZ__ligand5280-0
184,LENZUZ__ligand5614-0
185,LENZUZ__ligand68-0
186,LENZUZ__ligand3285-0
187,LENZUZ__ligand4795-0
188,LENZUZ__ligand685-0
189,LENZUZ__ligand14108-0
190,LENZUZ__ligand1908-0
191,LENZUZ__ligand5630-0
192,LENZUZ__ligand10958-0
193,LENZUZ__ligand12641-0
194,LENZUZ__ligand1786-0
195,LENZUZ__ligand421-0
196,LENZUZ__ligand27763-0
197,LENZUZ__ligand8042-0
198,LENZUZ__ligand6112-0
199,LENZUZ__ligand28676-0
200,LENZUZ__ligand10262-0
201,LENZUZ__ligand1828-0
202,LENZUZ__ligand7213-0
203,LENZUZ__ligand1397-0
204,LENZUZ__ligand13425-0
205,LENZUZ__ligand29302-0
206,LENZUZ__ligand294-0
207,LENZUZ__ligand5755-0
208,LENZUZ__ligand4710-0
209,LENZUZ__ligand5085-0
210,LENZUZ__ligand55-0
211,LENZUZ__ligand3144-0
212,LENZUZ__ligand18814-0
213,LENZUZ__ligand19057-0
214,LENZUZ__ligand1499-0
215,LENZUZ__ligand2881-0
216,LENZUZ__ligand11140-0
217,LENZUZ__ligand487-0
218,LENZUZ__ligand29610-0
219,LENZUZ__ligand1464-0
220,LENZUZ__ligand3712-0
221,LENZUZ__ligand29863-0
222,LENZUZ__ligand1211-0
223,LENZUZ__ligand18074-0
224,LENZUZ__ligand13869-0
225,LENZUZ__ligand6892-0
226,LENZUZ__ligand1168-0
227,LENZUZ__ligand18465-0
228,LENZUZ__ligand18799-0
229,LENZUZ__ligand1294-0
230,LENZUZ__ligand176-0
231,LENZUZ__ligand3677-0
232,LENZUZ__ligand3632-0
233,LENZUZ__ligand447-0
234,LENZUZ__ligand28668-0
235,LENZUZ__ligand16791-0
236,LENZUZ__ligand746-0
237,LENZUZ__ligand6699-0
238,LENZUZ__ligand27169-0
239,LENZUZ__ligand9299-0
240,LENZUZ__ligand14523-0
241,LENZUZ__ligand18391-0
242,LENZUZ__ligand4007-0
243,LENZUZ__ligand152-0
244,LENZUZ__ligand2985-0
245,LENZUZ__ligand3677-1
246,LENZUZ__ligand22981-0
247,LENZUZ__ligand9883-0
248,LENZUZ__ligand25805-0
249,LENZUZ__ligand20599-0
250,LENZUZ__ligand27074-0
251,LENZUZ__ligand7291-0
252,LENZUZ__ligand3736-0
253,LENZUZ__ligand8000-0
254,LENZUZ__ligand23904-0
255,LENZUZ__ligand13257-0
256,LENZUZ__ligand9344-0
257,LENZUZ__ligand21936-0
258,LENZUZ__ligand5383-0
259,LENZUZ__ligand2693-0
260,LENZUZ__ligand12467-0
261,LENZUZ__ligand25267-0
262,LENZUZ__ligand506-0
263,LENZUZ__ligand3945-0
264,LENZUZ__ligand10084-0
265,LENZUZ__ligand17-0
266,LENZUZ__ligand21132-0
267,LENZUZ__ligand11166-0
268,LENZUZ__ligand833-0
269,LENZUZ__ligand8002-0
270,LENZUZ__ligand23906-0
271,LENZUZ__ligand5509-0
272,LENZUZ__ligand1407-0
273,LENZUZ__ligand6117-0
274,LENZUZ__ligand5080-0
275,LENZUZ__ligand7762-0
276,LENZUZ__ligand30539-0
277,LENZUZ__ligand2238-0
278,LENZUZ__ligand115-0
279,LENZUZ__ligand21787-0
280,LENZUZ__ligand25575-0
281,LENZUZ__ligand9167-0
282,LENZUZ__ligand25689-0
283,LENZUZ__ligand5304-0
284,LENZUZ__ligand3867-0
285,LENZUZ__ligand12295-0
286,LENZUZ__ligand1317-0
287,LENZUZ__ligand7293-0
288,LENZUZ__ligand2822-0
289,LENZUZ__ligand27835-0
290,LENZUZ__ligand1197-0
291,LENZUZ__ligand8592-0
292,LENZUZ__ligand5099-0
293,LENZUZ__ligand49-0
294,LENZUZ__ligand1296-0
295,LENZUZ__ligand31248-0
296,LENZUZ__ligand2259-0
297,LENZUZ__ligand25650-0
298,LENZUZ__ligand19257-0
299,LENZUZ__ligand13209-0
300,LENZUZ__ligand395-0
301,LENZUZ__ligand368-0
302,LENZUZ__ligand9773-0
303,LENZUZ__ligand1376-0
304,LENZUZ__ligand12660-0
305,LENZUZ__ligand5510-0
306,LENZUZ__ligand11206-0
307,LENZUZ__ligand784-0
308,LENZUZ__ligand23124-0
309,LENZUZ__ligand5595-0
310,LENZUZ__ligand4101-0
311,LENZUZ__ligand25735-0
312,LENZUZ__ligand12519-0
313,LENZUZ__ligand89-0
314,LENZUZ__ligand2221-0
315,LENZUZ__ligand4358-0
316,LENZUZ__ligand3926-0
317,LENZUZ__ligand3120-0
318,LENZUZ__ligand23589-0
319,LENZUZ__ligand5180-0
320,LENZUZ__ligand24064-0
321,LENZUZ__ligand391-0
322,LENZUZ__ligand7316-0
323,LENZUZ__ligand5708-0
324,LENZUZ__ligand618-0
325,LENZUZ__ligand15168-0
326,LENZUZ__ligand6017-0
327,LENZUZ__ligand22755-0
328,LENZUZ__ligand8612-0
329,LENZUZ__ligand11432-0
330,LENZUZ__ligand2124-0
331,LENZUZ__ligand31618-0
332,LENZUZ__ligand10432-0
333,LENZUZ__ligand29898-0
334,LENZUZ__ligand26277-0
335,LENZUZ__ligand2260-0
336,LENZUZ__ligand7092-0
337,LENZUZ__ligand1116-0
338,LENZUZ__ligand3225-0
339,LENZUZ__ligand1153-0
340,LENZUZ__ligand7273-0
341,LENZUZ__ligand813-0
342,LENZUZ__ligand9323-0
343,LENZUZ__ligand314-0
344,LENZUZ__ligand7172-0
345,LENZUZ__ligand780-0
346,LENZUZ__ligand31578-0
347,LENZUZ__ligand3244-0
348,LENZUZ__ligand17207-0
349,LENZUZ__ligand4711-0
350,LENZUZ__ligand314-1
351,LENZUZ__ligand2906-0
352,LENZUZ__ligand17945-0
353,LENZUZ__ligand11-0
354,LENZUZ__ligand18013-0
355,LENZUZ__ligand25224-0
356,LENZUZ__ligand4649-0
357,LENZUZ__ligand5649-0
358,LENZUZ__ligand2788-0
359,LENZUZ__ligand8793-0
360,LENZUZ__ligand24750-0
361,LENZUZ__ligand7196-0
362,LENZUZ__ligand5159-0
363,LENZUZ__ligand1787-0
364,LENZUZ__ligand1356-0
365,LENZUZ__ligand28924-0
366,LENZUZ__ligand5530-0
367,LENZUZ__ligand465-0
368,LENZUZ__ligand9753-0
369,LENZUZ__ligand15438-0
370,LENZUZ__ligand3178-0
371,LENZUZ__ligand69-0
372,LENZUZ__ligand18703-0
373,LENZUZ__ligand4-0
374,LENZUZ__ligand4807-0
375,LENZUZ__ligand29087-0
376,LENZUZ__ligand422-0
377,LENZUZ__ligand9450-0
378,LENZUZ__ligand12336-0
379,LENZUZ__ligand1599-0
380,LENZUZ__ligand686-0
381,LENZUZ__ligand13072-0
382,LENZUZ__ligand2612-0
383,LENZUZ__ligand196-0
384,LENZUZ__ligand17590-0
385,LENZUZ__ligand1289-0
386,LENZUZ__ligand5387-0
387,LENZUZ__ligand2203-0
388,LENZUZ__ligand17240-0
389,LENZUZ__ligand18699-0
390,LENZUZ__ligand12682-0
391,LENZUZ__ligand14586-0
392,LENZUZ__ligand11774-0
393,LENZUZ__ligand1114-0
394,LENZUZ__ligand6391-0
395,LENZUZ__ligand3126-0
396,LENZUZ__ligand9284-0
397,LENZUZ__ligand21421-0
398,LENZUZ__ligand11568-0
399,LENZUZ__ligand353-0
400,LENZUZ__ligand17710-0
401,LENZUZ__ligand20579-0
402,LENZUZ__ligand2417-0
403,LENZUZ__ligand1832-0
404,LENZUZ__ligand8788-0
405,LENZUZ__ligand393-0
406,LENZUZ__ligand10555-0
407,LENZUZ__ligand2043-0
408,LENZUZ__ligand31483-0
409,LENZUZ__ligand19725-0
410,LENZUZ__ligand1228-0
411,LENZUZ__ligand9943-0
412,LENZUZ__ligand24613-0
413,LENZUZ__ligand1604-0
414,LENZUZ__ligand15387-0
415,LENZUZ__ligand20121-0
416,LENZUZ__ligand9784-0
417,LENZUZ__ligand4272-0
418,LENZUZ__ligand1451-0
419,LENZUZ__ligand7629-0
420,LENZUZ__ligand20220-0
421,LENZUZ__ligand3954-0
422,LENZUZ__ligand4093-0
423,LENZUZ__ligand43-0
424,LENZUZ__ligand4442-0
425,LENZUZ__ligand29813-0
426,LENZUZ__ligand16952-0
427,LENZUZ__ligand9520-0
428,LENZUZ__ligand1160-0
429,LENZUZ__ligand8699-0
430,LENZUZ__ligand29441-0
431,LENZUZ__ligand4016-0
432,LENZUZ__ligand10853-0
433,LENZUZ__ligand7867-0
434,LENZUZ__ligand693-0
435,LENZUZ__ligand1219-0
436,LENZUZ__ligand6709-0
437,LENZUZ__ligand10479-0
438,LENZUZ__ligand27610-0
439,LENZUZ__ligand11479-0
440,LENZUZ__ligand20530-0
441,LENZUZ__ligand11698-0
442,LENZUZ__ligand14347-0
443,LENZUZ__ligand13657-0
444,LENZUZ__ligand14302-0
445,LENZUZ__ligand7280-0
446,LENZUZ__ligand1304-0
447,LENZUZ__ligand1790-0
448,LENZUZ__ligand7238-0
449,LENZUZ__ligand24851-0
450,LENZUZ__ligand6768-0
451,LENZUZ__ligand8115-0
452,LENZUZ__ligand7000-0
453,LENZUZ__ligand1982-0
454,LENZUZ__ligand22353-0
455,LENZUZ__ligand122-0
456,LENZUZ__ligand1285-0
457,LENZUZ__ligand757-0
458,LENZUZ__ligand19668-0
459,LENZUZ__ligand4546-0
460,LENZUZ__ligand4503-0
461,LENZUZ__ligand19906-0
462,LENZUZ__ligand7648-0
463,LENZUZ__ligand8876-0
464,LENZUZ__ligand2828-0
465,LENZUZ__ligand9833-0
466,LENZUZ__ligand5256-0
467,LENZUZ__ligand4157-0
468,LENZUZ__ligand10151-0
469,LENZUZ__ligand2232-0
470,LENZUZ__ligand67-0
471,LENZUZ__ligand2176-0
472,LENZUZ__ligand9291-0
473,LENZUZ__ligand4155-0
474,LENZUZ__ligand3094-0
475,LENZUZ__ligand10582-0
476,LENZUZ__ligand13260-0
477,LENZUZ__ligand768-0
478,LENZUZ__ligand5211-0
479,LENZUZ__ligand11252-0
480,LENZUZ__ligand8-0
481,LENZUZ__ligand19824-0
482,LENZUZ__ligand18067-0
483,LENZUZ__ligand6839-0
484,LENZUZ__ligand3131-0
485,LENZUZ__ligand3174-0
486,LENZUZ__ligand3937-0
487,LENZUZ__ligand1202-0
488,LENZUZ__ligand8969-0
489,LENZUZ__ligand4720-0
490,LENZUZ__ligand3565-0
491,LENZUZ__ligand20821-0
492,LENZUZ__ligand5331-0
493,LENZUZ__ligand1512-0
494,LENZUZ__ligand26673-0
495,LENZUZ__ligand6919-0
496,LENZUZ__ligand31000-0
497,LENZUZ__ligand2485-0
498,LENZUZ__ligand3852-0
499,LENZUZ__ligand384-0
500,LENZUZ__ligand11606-0
501,LENZUZ__ligand9935-0
502,LENZUZ__ligand240-0
503,LENZUZ__ligand16603-0
504,LENZUZ__ligand1573-0
505,LENZUZ__ligand1536-0
506,LENZUZ__ligand1959-0
507,LENZUZ__ligand11814-0
508,LENZUZ__ligand141-0
509,LENZUZ__ligand3504-0
510,LENZUZ__ligand11622-0
511,LENZUZ__ligand1844-0
512,LENZUZ__ligand4661-0
513,LENZUZ__ligand16870-0
514,LENZUZ__ligand6616-0
515,LENZUZ__ligand1343-0
516,LENZUZ__ligand3876-0
517,LENZUZ__ligand3035-0
518,LENZUZ__ligand3718-0
519,LENZUZ__ligand15455-0
520,LENZUZ__ligand7106-0
521,LENZUZ__ligand11177-0
522,LENZUZ__ligand7242-0
523,LENZUZ__ligand17686-0
524,LENZUZ__ligand25658-0
525,LENZUZ__ligand31205-0
526,LENZUZ__ligand9908-0
527,LENZUZ__ligand1263-0
528,LENZUZ__ligand4620-0
529,LENZUZ__ligand18413-0
530,LENZUZ__ligand20844-0
531,LENZUZ__ligand24624-0
532,LENZUZ__ligand78-0
533,LENZUZ__ligand18757-0
534,LENZUZ__ligand24560-0
535,LENZUZ__ligand201-0
536,LENZUZ__ligand2295-0
537,LENZUZ__ligand1577-0
538,LENZUZ__ligand6067-0
539,LENZUZ__ligand45-0
540,LENZUZ__ligand2917-0
541,LENZUZ__ligand185-0
542,LENZUZ__ligand279-0
543,LENZUZ__ligand7819-0
544,LENZUZ__ligand178-0
545,LENZUZ__ligand21752-0
546,LENZUZ__ligand30788-0
547,LENZUZ__ligand3465-0
548,LENZUZ__ligand13691-0
549,LENZUZ__ligand14339-0
550,LENZUZ__ligand6102-0
551,LENZUZ__ligand6596-0
552,LENZUZ__ligand3721-0
553,LENZUZ__ligand6904-0
554,LENZUZ__ligand321-0
555,LENZUZ__ligand24953-0
556,LENZUZ__ligand23445-0
557,LENZUZ__ligand1142-0
558,LENZUZ__ligand3234-0
559,LENZUZ__ligand20432-0
560,LENZUZ__ligand27122-0
561,LENZUZ__ligand24-0
562,LENZUZ__ligand16133-0
563,LENZUZ__ligand13755-0
564,LENZUZ__ligand7126-0
565,LENZUZ__ligand8835-0
566,LENZUZ__ligand2028-0
567,LENZUZ__ligand25048-0
568,LENZUZ__ligand21940-0
569,LENZUZ__ligand4641-0
570,LENZUZ__ligand30004-0
571,LENZUZ__ligand20557-0
572,LENZUZ__ligand338-0
573,LENZUZ__ligand19-0
574,LENZUZ__ligand11501-0
575,LENZUZ__ligand11544-0
576,LENZUZ__ligand1324-0
577,LENZUZ__ligand8721-0
578,LENZUZ__ligand5643-0
579,LENZUZ__ligand29214-0
580,LENZUZ__ligand1823-0
581,LENZUZ__ligand22357-0
582,LENZUZ__ligand11758-0
583,LENZUZ__ligand2526-0
584,LENZUZ__ligand5036-0
585,LENZUZ__ligand126-0
586,LENZUZ__ligand163-0
587,LENZUZ__ligand1615-0
588,LENZUZ__ligand9952-0
589,LENZUZ__ligand9111-0
590,LENZUZ__ligand21448-0
591,LENZUZ__ligand11798-0
592,LENZUZ__ligand9601-0
593,LENZUZ__ligand12413-0
594,LENZUZ__ligand29334-0
595,LENZUZ__ligand8992-0
596,LENZUZ__ligand20731-0
597,LENZUZ__ligand1018-0
598,LENZUZ__ligand4116-0
599,LENZUZ__ligand17445-0
600,LENZUZ__ligand845-0
601,LENZUZ__ligand17069-0
602,LENZUZ__ligand6124-0
603,LENZUZ__ligand3707-0
604,LENZUZ__ligand7967-0
605,LENZUZ__ligand14477-0
606,LENZUZ__ligand657-0
607,LENZUZ__ligand20942-1
608,LENZUZ__ligand3156-0
609,LENZUZ__ligand21339-0
610,LENZUZ__ligand14226-0
611,LENZUZ__ligand2915-0
612,LENZUZ__ligand187-0
613,LENZUZ__ligand16956-0
614,LENZUZ__ligand18158-0
615,LENZUZ__ligand366-0
616,LENZUZ__ligand1378-0
617,LENZUZ__ligand27771-0
618,LENZUZ__ligand6244-0
619,LENZUZ__ligand29565-0
620,LENZUZ__ligand23682-0
621,LENZUZ__ligand9441-0
622,LENZUZ__ligand18019-1
623,LENZUZ__ligand777-0
624,LENZUZ__ligand14007-0
625,LENZUZ__ligand2332-0
626,LENZUZ__ligand1575-0
627,LENZUZ__ligand1530-0
628,LENZUZ__ligand9933-0
629,LENZUZ__ligand941-0
630,LENZUZ__ligand596-0
631,LENZUZ__ligand1631-0
632,LENZUZ__ligand27550-0
633,LENZUZ__ligand31044-0
634,LENZUZ__ligand31842-0
635,LENZUZ__ligand11994-0
636,LENZUZ__ligand4194-0
637,LENZUZ__ligand24035-0
638,LENZUZ__ligand7532-0
639,LENZUZ__ligand14614-0
640,LENZUZ__ligand16663-0
641,LENZUZ__ligand4330-0
642,LENZUZ__ligand199-0
643,LENZUZ__ligand2599-0
644,LENZUZ__ligand3973-0
645,LENZUZ__ligand16988-0
646,LENZUZ__ligand588-0
647,LENZUZ__ligand25913-0
648,LENZUZ__ligand1147-0
649,LENZUZ__ligand300-0
650,LENZUZ__ligand7925-0
651,LENZUZ__ligand11682-0
652,LENZUZ__ligand2068-0
653,LENZUZ__ligand20207-0
654,LENZUZ__ligand30711-0
655,LENZUZ__ligand15926-0
656,LENZUZ__ligand3215-0
657,LENZUZ__ligand19792-0
658,LENZUZ__ligand10828-0
659,LENZUZ__ligand28810-0
660,LENZUZ__ligand11096-0
661,LENZUZ__ligand11447-0
662,LENZUZ__ligand24230-0
663,LENZUZ__ligand409-0
664,LENZUZ__ligand15883-0
665,LENZUZ__ligand324-0
666,LENZUZ__ligand361-0
667,LENZUZ__ligand7107-0
668,LENZUZ__ligand11970-0
669,LENZUZ__ligand21919-0
670,LENZUZ__ligand22168-0
671,LENZUZ__ligand6283-0
672,LENZUZ__ligand28930-0
673,LENZUZ__ligand22294-0
674,LENZUZ__ligand38-0
675,LENZUZ__ligand13862-0
676,LENZUZ__ligand11357-0
677,LENZUZ__ligand28743-0
678,LENZUZ__ligand15531-0
679,LENZUZ__ligand6062-0
680,LENZUZ__ligand4738-0
681,LENZUZ__ligand5813-0
682,LENZUZ__ligand4813-0
683,LENZUZ__ligand12365-0
684,LENZUZ__ligand10056-0
685,LENZUZ__ligand436-0
686,LENZUZ__ligand2830-0
687,LENZUZ__ligand1729-0
688,LENZUZ__ligand23197-0
689,LENZUZ__ligand5627-0
690,LENZUZ__ligand5483-0
691,LENZUZ__ligand692-0
692,LENZUZ__ligand5316-0
693,LENZUZ__ligand27285-0
694,LENZUZ__ligand29029-0
695,LENZUZ__ligand30142-0
696,LENZUZ__ligand27669-0
697,LENZUZ__ligand42-0
698,LENZUZ__ligand9148-0
699,LENZUZ__ligand13477-0
700,LENZUZ__ligand14167-0
701,LENZUZ__ligand7529-0
702,LENZUZ__ligand6946-0
703,LENZUZ__ligand1415-0
704,LENZUZ__ligand326-0
705,LENZUZ__ligand6882-0
706,LENZUZ__ligand12453-0
707,LENZUZ__ligand6455-0
708,LENZUZ__ligand18448-0
709,LENZUZ__ligand633-0
710,LENZUZ__ligand28459-0
711,LENZUZ__ligand3934-0
712,LENZUZ__ligand66-0
713,LENZUZ__ligand19184-0
714,LENZUZ__ligand2403-0
715,LENZUZ__ligand497-0
716,LENZUZ__ligand7530-0
717,LENZUZ__ligand1065-0
718,LENZUZ__ligand18568-0
719,LENZUZ__ligand28685-0
720,LENZUZ__ligand13672-0
721,LENZUZ__ligand3012-0
722,LENZUZ__ligand1449-0
723,LENZUZ__ligand10371-0
724,LENZUZ__ligand4332-0
725,LENZUZ__ligand9681-0
726,LENZUZ__ligand16369-0
727,LENZUZ__ligand1771-0
728,LENZUZ__ligand4911-0
729,LENZUZ__ligand28540-0
730,LENZUZ__ligand11111-0
731,LENZUZ__ligand20695-0
732,LENZUZ__ligand27754-0
733,LENZUZ__ligand3392-0
734,LENZUZ__ligand5849-0
735,LENZUZ__ligand22403-0
736,LENZUZ__ligand162-0
737,LENZUZ__ligand21399-0
738,LENZUZ__ligand2527-0
739,LENZUZ__ligand10872-0
740,LENZUZ__ligand16148-0
741,LENZUZ__ligand26631-0
742,LENZUZ__ligand226-0
743,LENZUZ__ligand12003-0
744,LENZUZ__ligand416-0
745,LENZUZ__ligand8349-0
746,LENZUZ__ligand29215-0
747,LENZUZ__ligand383-0
748,LENZUZ__ligand1709-0
749,LENZUZ__ligand8464-0
750,LENZUZ__ligand5357-0
751,LENZUZ__ligand696-0
752,LENZUZ__ligand3647-0
753,LENZUZ__ligand1688-0
754,LENZUZ__ligand5056-0
755,LENZUZ__ligand21729-0
756,LENZUZ__ligand4850-0
757,LENZUZ__ligand27239-0
758,LENZUZ__ligand28559-0
759,LENZUZ__ligand1768-0
760,LENZUZ__ligand26324-0
761,LENZUZ__ligand14043-0
762,LENZUZ__ligand1469-0
763,LENZUZ__ligand19927-0
764,LENZUZ__ligand3871-0
765,LENZUZ__ligand2722-0
766,LENZUZ__ligand1379-0
767,LENZUZ__ligand5935-0
768,LENZUZ__ligand11618-0
769,LENZUZ__ligand9525-0
770,LENZUZ__ligand1165-0
771,LENZUZ__ligand656-0
772,LENZUZ__ligand26529-0
773,LENZUZ__ligand3157-0
774,LENZUZ__ligand4131-0
775,LENZUZ__ligand1712-0
776,LENZUZ__ligand17427-0
777,LENZUZ__ligand29486-0
778,LENZUZ__ligand5094-0
779,LENZUZ__ligand5892-0
780,LENZUZ__ligand31694-0
781,LENZUZ__ligand25561-0
782,LENZUZ__ligand694-0
783,LENZUZ__ligand1533-0
784,LENZUZ__ligand430-0
785,LENZUZ__ligand22129-0
786,LENZUZ__ligand12138-0
787,LENZUZ__ligand358-0
788,LENZUZ__ligand24780-0
789,LENZUZ__ligand7557-0
790,LENZUZ__ligand1496-0
791,LENZUZ__ligand488-0
792,LENZUZ__ligand11949-0
793,LENZUZ__ligand12001-0
794,LENZUZ__ligand18-0
795,LENZUZ__ligand10033-0
796,LENZUZ__ligand3208-0
797,LENZUZ__ligand2208-0
798,LENZUZ__ligand24644-0
799,LENZUZ__ligand24872-0
800,LENZUZ__ligand7573-0
801,LENZUZ__ligand2781-0
802,LENZUZ__ligand3350-0
803,LENZUZ__ligand27840-0
804,LENZUZ__ligand8722-0
805,LENZUZ__ligand30728-0
806,LENZUZ__ligand9809-0
807,LENZUZ__ligand6672-0
808,LENZUZ__ligand1327-0
809,LENZUZ__ligand17396-0
810,LENZUZ__ligand7162-0
811,LENZUZ__ligand23175-0
812,LENZUZ__ligand15788-0
813,LENZUZ__ligand3029-0
814,LENZUZ__ligand1773-0
815,LENZUZ__ligand4581-0
816,LENZUZ__ligand13220-0
817,LENZUZ__ligand11587-0
818,LENZUZ__ligand2328-0
819,LENZUZ__ligand24111-0
820,LENZUZ__ligand22444-0
821,LENZUZ__ligand9197-0
822,LENZUZ__ligand1900-0
823,LENZUZ__ligand670-0
824,LENZUZ__ligand14569-0
825,LENZUZ__ligand13385-0
826,LENZUZ__ligand571-0
827,LENZUZ__ligand534-0
