,TMC
0,LEKXAC__ligand1228-0
1,LEKXAC__ligand497-0
2,LEKXAC__ligand9244-0
3,LEKXAC__ligand532-0
4,LEKXAC__ligand633-0
5,LEKXAC__ligand918-0
6,LEKXAC__ligand166-0
7,LEKXAC__ligand1114-0
8,LEKXAC__ligand838-0
9,LEKXAC__ligand1538-0
10,LEKXAC__ligand206-0
11,LEKXAC__ligand142-0
12,LEKXAC__ligand3246-0
13,LEKXAC__ligand436-0
14,LEKXAC__ligand326-0
15,LEKXAC__ligand6-0
16,LEKXAC__ligand1148-0
17,LEKXAC__ligand821-0
18,LEKXAC__ligand1479-0
19,LEKXAC__ligand283-0
20,LEKXAC__ligand553-0
21,LEKXAC__ligand3178-0
22,LEKXAC__ligand78-0
23,LEKXAC__ligand409-0
24,LEKXAC__ligand85-0
25,LEKXAC__ligand324-0
26,LEKXAC__ligand361-0
27,LEKXAC__ligand6332-0
28,LEKXAC__ligand4-0
29,LEKXAC__ligand6502-0
30,LEKXAC__ligand2098-0
31,LEKXAC__ligand2863-0
32,LEKXAC__ligand5548-0
33,LEKXAC__ligand140-0
34,LEKXAC__ligand7915-0
35,LEKXAC__ligand105-0
36,LEKXAC__ligand6686-0
37,LEKXAC__ligand1747-0
38,LEKXAC__ligand3145-0
39,LEKXAC__ligand45-0
40,LEKXAC__ligand199-0
41,LEKXAC__ligand927-0
42,LEKXAC__ligand2751-0
43,LEKXAC__ligand2634-0
44,LEKXAC__ligand1542-0
45,LEKXAC__ligand3041-0
46,LEKXAC__ligand575-0
47,LEKXAC__ligand1951-0
48,LEKXAC__ligand1687-0
49,LEKXAC__ligand6277-0
50,LEKXAC__ligand509-0
51,LEKXAC__ligand571-0
52,LEKXAC__ligand2768-0
53,LEKXAC__ligand118-0
54,LEKXAC__ligand670-0
55,LEKXAC__ligand1376-0
56,LEKXAC__ligand2688-0
57,LEKXAC__ligand2259-0
58,LEKXAC__ligand278-0
59,LEKXAC__ligand365-0
60,LEKXAC__ligand2629-0
61,LEKXAC__ligand4381-0
62,LEKXAC__ligand430-0
63,LEKXAC__ligand358-0
64,LEKXAC__ligand1706-0
65,LEKXAC__ligand669-0
66,LEKXAC__ligand3734-0
67,LEKXAC__ligand1171-0
68,LEKXAC__ligand1438-0
69,LEKXAC__ligand3063-0
70,LEKXAC__ligand5801-0
71,LEKXAC__ligand1459-0
72,LEKXAC__ligand1544-0
73,LEKXAC__ligand1685-0
74,LEKXAC__ligand383-0
75,LEKXAC__ligand67-0
76,LEKXAC__ligand1048-0
77,LEKXAC__ligand226-0
78,LEKXAC__ligand2087-0
79,LEKXAC__ligand3757-0
80,LEKXAC__ligand162-0
81,LEKXAC__ligand2907-0
82,LEKXAC__ligand141-0
83,LEKXAC__ligand1703-0
84,LEKXAC__ligand2430-0
85,LEKXAC__ligand240-0
86,LEKXAC__ligand2320-0
87,LEKXAC__ligand1056-0
88,LEKXAC__ligand2862-0
89,LEKXAC__ligand8921-0
90,LEKXAC__ligand2285-0
91,LEKXAC__ligand1567-0
92,LEKXAC__ligand2510-0
93,LEKXAC__ligand1607-0
94,LEKXAC__ligand18-0
95,LEKXAC__ligand384-0
96,LEKXAC__ligand1152-0
97,LEKXAC__ligand1727-0
98,LEKXAC__ligand120-0
99,LEKXAC__ligand757-0
100,LEKXAC__ligand62-0
101,LEKXAC__ligand11730-0
102,LEKXAC__ligand8774-0
103,LEKXAC__ligand3637-0
104,LEKXAC__ligand797-0
105,LEKXAC__ligand6294-0
106,LEKXAC__ligand1054-0
107,LEKXAC__ligand1598-0
108,LEKXAC__ligand86-0
109,LEKXAC__ligand4303-0
110,LEKXAC__ligand1248-0
111,LEKXAC__ligand7464-0
112,LEKXAC__ligand861-0
113,LEKXAC__ligand366-0
114,LEKXAC__ligand3-0
115,LEKXAC__ligand187-0
116,LEKXAC__ligand612-0
117,LEKXAC__ligand2864-0
118,LEKXAC__ligand6151-0
119,LEKXAC__ligand2772-0
120,LEKXAC__ligand596-0
121,LEKXAC__ligand9495-0
122,LEKXAC__ligand6538-0
123,LEKXAC__ligand2142-0
124,LEKXAC__ligand5941-0
125,LEKXAC__ligand2880-0
126,LEKXAC__ligand2838-0
127,LEKXAC__ligand1799-0
128,LEKXAC__ligand3838-0
129,LEKXAC__ligand126-0
130,LEKXAC__ligand66-0
131,LEKXAC__ligand1169-0
132,LEKXAC__ligand5022-0
133,LEKXAC__ligand1502-0
134,LEKXAC__ligand2345-0
135,LEKXAC__ligand2794-0
136,LEKXAC__ligand1835-0
137,LEKXAC__ligand119-0
138,LEKXAC__ligand4983-0
139,LEKXAC__ligand124-0
140,LEKXAC__ligand9027-0
141,LEKXAC__ligand1113-0
142,LEKXAC__ligand2265-0
143,LEKXAC__ligand21-0
144,LEKXAC__ligand6396-0
145,LEKXAC__ligand201-0
146,LEKXAC__ligand244-0
147,LEKXAC__ligand100-0
148,LEKXAC__ligand1273-0
149,LEKXAC__ligand40-0
150,LEKXAC__ligand321-0
151,LEKXAC__ligand1-0
152,LEKXAC__ligand38-0
153,LEKXAC__ligand178-0
154,LEKXAC__ligand1052-0
155,LEKXAC__ligand279-0
156,LEKXAC__ligand34-0
157,LEKXAC__ligand8032-0
158,LEKXAC__ligand1858-0
159,LEKXAC__ligand2315-0
160,LEKXAC__ligand1898-0
161,LEKXAC__ligand4504-0
162,LEKXAC__ligand3051-0
163,LEKXAC__ligand2480-0
164,LEKXAC__ligand5334-0
165,LEKXAC__ligand485-0
166,LEKXAC__ligand784-0
167,LEKXAC__ligand355-0
168,LEKXAC__ligand291-0
169,LEKXAC__ligand2389-0
170,LEKXAC__ligand95-0
171,LEKXAC__ligand1919-0
172,LEKXAC__ligand2916-0
173,LEKXAC__ligand2110-0
174,LEKXAC__ligand55-0
175,LEKXAC__ligand3579-0
176,LEKXAC__ligand1712-0
177,LEKXAC__ligand115-0
178,LEKXAC__ligand1299-0
179,LEKXAC__ligand6430-0
180,LEKXAC__ligand57-0
181,LEKXAC__ligand1221-0
182,LEKXAC__ligand1264-0
183,LEKXAC__ligand1379-0
184,LEKXAC__ligand682-0
185,LEKXAC__ligand2376-0
186,LEKXAC__ligand2929-0
187,LEKXAC__ligand1325-0
188,LEKXAC__ligand666-0
189,LEKXAC__ligand2482-0
190,LEKXAC__ligand6571-0
191,LEKXAC__ligand522-0
192,LEKXAC__ligand487-0
193,LEKXAC__ligand73-0
194,LEKXAC__ligand5762-0
195,LEKXAC__ligand7414-0
196,LEKXAC__ligand447-0
197,LEKXAC__ligand1104-0
198,LEKXAC__ligand1019-0
199,LEKXAC__ligand2442-0
200,LEKXAC__ligand133-0
201,LEKXAC__ligand1178-0
202,LEKXAC__ligand3566-0
203,LEKXAC__ligand353-0
204,LEKXAC__ligand1321-0
205,LEKXAC__ligand1788-0
206,LEKXAC__ligand236-0
207,LEKXAC__ligand32-0
208,LEKXAC__ligand113-0
209,LEKXAC__ligand9620-0
210,LEKXAC__ligand1260-0
211,LEKXAC__ligand4894-0
212,LEKXAC__ligand422-0
213,LEKXAC__ligand4811-0
214,LEKXAC__ligand1449-1
215,LEKXAC__ligand3337-0
216,LEKXAC__ligand196-0
217,LEKXAC__ligand7514-0
218,LEKXAC__ligand502-0
219,LEKXAC__ligand29-0
220,LEKXAC__ligand91-0
221,LEKXAC__ligand10357-0
222,LEKXAC__ligand1307-0
223,LEKXAC__ligand15630-0
224,LEKXAC__ligand210-0
225,LEKXAC__ligand51-0
226,LEKXAC__ligand170-0
227,LEKXAC__ligand6166-0
228,LEKXAC__ligand391-0
229,LEKXAC__ligand1246-0
230,LEKXAC__ligand314-0
231,LEKXAC__ligand48-0
232,LEKXAC__ligand481-0
233,LEKXAC__ligand2599-0
234,LEKXAC__ligand5089-0
235,LEKXAC__ligand3853-0
236,LEKXAC__ligand2853-0
237,LEKXAC__ligand830-0
238,LEKXAC__ligand4012-0
239,LEKXAC__ligand3196-0
240,LEKXAC__ligand193-0
241,LEKXAC__ligand955-0
242,LEKXAC__ligand252-0
243,LEKXAC__ligand2915-0
244,LEKXAC__ligand177-0
245,LEKXAC__ligand934-0
246,LEKXAC__ligand2707-0
247,LEKXAC__ligand1690-0
248,LEKXAC__ligand2526-0
249,LEKXAC__ligand1551-0
250,LEKXAC__ligand851-0
251,LEKXAC__ligand909-0
252,LEKXAC__ligand4370-0
253,LEKXAC__ligand311-0
254,LEKXAC__ligand1436-0
255,LEKXAC__ligand188-0
256,LEKXAC__ligand369-0
257,LEKXAC__ligand444-0
258,LEKXAC__ligand3618-0
259,LEKXAC__ligand2618-0
260,LEKXAC__ligand250-0
261,LEKXAC__ligand4175-0
262,LEKXAC__ligand11-0
263,LEKXAC__ligand460-0
264,LEKXAC__ligand2255-0
265,LEKXAC__ligand1918-0
266,LEKXAC__ligand370-0
267,LEKXAC__ligand421-0
268,LEKXAC__ligand3251-0
269,LEKXAC__ligand798-0
270,LEKXAC__ligand916-0
271,LEKXAC__ligand5235-0
272,LEKXAC__ligand584-0
273,LEKXAC__ligand6143-0
274,LEKXAC__ligand4619-0
275,LEKXAC__ligand1493-0
276,LEKXAC__ligand993-0
277,LEKXAC__ligand14530-0
278,LEKXAC__ligand3070-0
279,LEKXAC__ligand3035-0
280,LEKXAC__ligand294-0
281,LEKXAC__ligand2718-0
282,LEKXAC__ligand9176-0
283,LEKXAC__ligand331-0
284,LEKXAC__ligand109-0
285,LEKXAC__ligand3852-0
286,LEKXAC__ligand3478-0
287,LEKXAC__ligand525-0
288,LEKXAC__ligand560-0
289,LEKXAC__ligand5758-0
290,LEKXAC__ligand49-0
291,LEKXAC__ligand390-0
292,LEKXAC__ligand10910-0
293,LEKXAC__ligand8-0
294,LEKXAC__ligand7456-0
295,LEKXAC__ligand89-0
296,LEKXAC__ligand235-0
297,LEKXAC__ligand1818-0
298,LEKXAC__ligand134-0
299,LEKXAC__ligand932-0
300,LEKXAC__ligand442-0
301,LEKXAC__ligand1907-0
302,LEKXAC__ligand4423-0
303,LEKXAC__ligand10114-0
304,LEKXAC__ligand868-0
305,LEKXAC__ligand136-0
306,LEKXAC__ligand3890-0
307,LEKXAC__ligand7630-0
308,LEKXAC__ligand1555-0
309,LEKXAC__ligand1285-0
310,LEKXAC__ligand783-0
311,LEKXAC__ligand352-0
312,LEKXAC__ligand296-0
313,LEKXAC__ligand10479-0
314,LEKXAC__ligand197-0
315,LEKXAC__ligand7550-0
316,LEKXAC__ligand92-0
317,LEKXAC__ligand17-0
318,LEKXAC__ligand2954-0
319,LEKXAC__ligand5093-0
320,LEKXAC__ligand2253-0
321,LEKXAC__ligand1160-0
322,LEKXAC__ligand1038-0
323,LEKXAC__ligand112-0
324,LEKXAC__ligand2762-0
