,TMC
0,HAHHAB__ligand9620-0
1,HAHHAB__ligand1260-0
2,HAHHAB__ligand4894-0
3,HAHHAB__ligand8-0
4,HAHHAB__ligand252-0
5,HAHHAB__ligand955-0
6,HAHHAB__ligand3337-0
7,HAHHAB__ligand7514-0
8,HAHHAB__ligand34-0
9,HAHHAB__ligand193-0
10,HAHHAB__ligand1449-1
11,HAHHAB__ligand830-0
12,HAHHAB__ligand4811-0
13,HAHHAB__ligand1321-0
14,HAHHAB__ligand55-0
15,HAHHAB__ligand909-0
16,HAHHAB__ligand1178-0
17,HAHHAB__ligand851-0
18,HAHHAB__ligand3566-0
19,HAHHAB__ligand95-0
20,HAHHAB__ligand934-0
21,HAHHAB__ligand177-0
22,HAHHAB__ligand1788-0
23,HAHHAB__ligand369-0
24,HAHHAB__ligand1246-0
25,HAHHAB__ligand444-0
26,HAHHAB__ligand6166-0
27,HAHHAB__ligand188-0
28,HAHHAB__ligand57-0
29,HAHHAB__ligand3853-0
30,HAHHAB__ligand2853-0
31,HAHHAB__ligand311-0
32,HAHHAB__ligand2599-0
33,HAHHAB__ligand5089-0
34,HAHHAB__ligand1307-0
35,HAHHAB__ligand73-0
36,HAHHAB__ligand370-0
37,HAHHAB__ligand460-0
38,HAHHAB__ligand250-0
39,HAHHAB__ligand331-0
40,HAHHAB__ligand1919-0
41,HAHHAB__ligand294-0
42,HAHHAB__ligand993-0
43,HAHHAB__ligand32-0
44,HAHHAB__ligand2389-0
45,HAHHAB__ligand916-0
46,HAHHAB__ligand1712-0
47,HAHHAB__ligand584-0
48,HAHHAB__ligand3579-0
49,HAHHAB__ligand2110-0
50,HAHHAB__ligand2916-0
51,HAHHAB__ligand421-0
52,HAHHAB__ligand798-0
53,HAHHAB__ligand932-0
54,HAHHAB__ligand134-0
55,HAHHAB__ligand1858-0
56,HAHHAB__ligand235-0
57,HAHHAB__ligand8032-0
58,HAHHAB__ligand390-0
59,HAHHAB__ligand5334-0
60,HAHHAB__ligand1898-0
61,HAHHAB__ligand3051-0
62,HAHHAB__ligand560-0
63,HAHHAB__ligand4504-0
64,HAHHAB__ligand525-0
65,HAHHAB__ligand2480-0
66,HAHHAB__ligand109-0
67,HAHHAB__ligand2315-0
68,HAHHAB__ligand783-0
69,HAHHAB__ligand352-0
70,HAHHAB__ligand6571-0
71,HAHHAB__ligand1325-0
72,HAHHAB__ligand2482-0
73,HAHHAB__ligand51-0
74,HAHHAB__ligand29-0
75,HAHHAB__ligand1019-0
76,HAHHAB__ligand91-0
77,HAHHAB__ligand2442-0
78,HAHHAB__ligand136-0
79,HAHHAB__ligand5762-0
80,HAHHAB__ligand7414-0
81,HAHHAB__ligand1104-0
82,HAHHAB__ligand868-0
83,HAHHAB__ligand442-0
84,HAHHAB__ligand112-0
85,HAHHAB__ligand48-0
86,HAHHAB__ligand1379-0
87,HAHHAB__ligand1264-0
88,HAHHAB__ligand1221-0
89,HAHHAB__ligand1299-0
90,HAHHAB__ligand6430-0
91,HAHHAB__ligand2929-0
92,HAHHAB__ligand197-0
93,HAHHAB__ligand296-0
94,HAHHAB__ligand2376-0
95,HAHHAB__ligand784-0
96,HAHHAB__ligand355-0
97,HAHHAB__ligand485-0
98,HAHHAB__ligand5758-0
99,HAHHAB__ligand3478-0
100,HAHHAB__ligand3852-0
101,HAHHAB__ligand1818-0
102,HAHHAB__ligand7456-0
103,HAHHAB__ligand4619-0
104,HAHHAB__ligand115-0
105,HAHHAB__ligand5235-0
106,HAHHAB__ligand6143-0
107,HAHHAB__ligand3251-0
108,HAHHAB__ligand9176-0
109,HAHHAB__ligand3035-0
110,HAHHAB__ligand3070-0
111,HAHHAB__ligand2718-0
112,HAHHAB__ligand1493-0
113,HAHHAB__ligand291-0
114,HAHHAB__ligand7550-0
115,HAHHAB__ligand2762-0
116,HAHHAB__ligand682-0
117,HAHHAB__ligand1038-0
118,HAHHAB__ligand2253-0
119,HAHHAB__ligand1160-0
120,HAHHAB__ligand5093-0
121,HAHHAB__ligand2954-0
122,HAHHAB__ligand133-0
123,HAHHAB__ligand3890-0
124,HAHHAB__ligand447-0
125,HAHHAB__ligand4423-0
126,HAHHAB__ligand1907-0
127,HAHHAB__ligand487-0
128,HAHHAB__ligand1285-0
129,HAHHAB__ligand1555-0
130,HAHHAB__ligand522-0
131,HAHHAB__ligand7630-0
132,HAHHAB__ligand11-0
133,HAHHAB__ligand666-0
134,HAHHAB__ligand1690-0
135,HAHHAB__ligand2707-0
136,HAHHAB__ligand236-0
137,HAHHAB__ligand353-0
138,HAHHAB__ligand1551-0
139,HAHHAB__ligand2526-0
140,HAHHAB__ligand502-0
141,HAHHAB__ligand196-0
142,HAHHAB__ligand89-0
143,HAHHAB__ligand3196-0
144,HAHHAB__ligand4012-0
145,HAHHAB__ligand2915-0
146,HAHHAB__ligand422-0
147,HAHHAB__ligand113-0
148,HAHHAB__ligand49-0
149,HAHHAB__ligand2255-0
150,HAHHAB__ligand210-0
151,HAHHAB__ligand4175-0
152,HAHHAB__ligand1918-0
153,HAHHAB__ligand17-0
154,HAHHAB__ligand11730-0
155,HAHHAB__ligand481-0
156,HAHHAB__ligand4370-0
157,HAHHAB__ligand314-0
158,HAHHAB__ligand3618-0
159,HAHHAB__ligand2618-0
160,HAHHAB__ligand391-0
161,HAHHAB__ligand170-0
162,HAHHAB__ligand92-0
163,HAHHAB__ligand1436-0
164,HAHHAB__ligand240-0
165,HAHHAB__ligand3734-0
166,HAHHAB__ligand141-0
167,HAHHAB__ligand1706-0
168,HAHHAB__ligand4381-0
169,HAHHAB__ligand2629-0
170,HAHHAB__ligand120-0
171,HAHHAB__ligand6277-0
172,HAHHAB__ligand1687-0
173,HAHHAB__ligand384-0
174,HAHHAB__ligand1951-0
175,HAHHAB__ligand2688-0
176,HAHHAB__ligand2259-0
177,HAHHAB__ligand2768-0
178,HAHHAB__ligand3-0
179,HAHHAB__ligand1376-0
180,HAHHAB__ligand1544-0
181,HAHHAB__ligand797-0
182,HAHHAB__ligand1459-0
183,HAHHAB__ligand1-0
184,HAHHAB__ligand45-0
185,HAHHAB__ligand3757-0
186,HAHHAB__ligand78-0
187,HAHHAB__ligand85-0
188,HAHHAB__ligand1048-0
189,HAHHAB__ligand2087-0
190,HAHHAB__ligand757-0
191,HAHHAB__ligand1685-0
192,HAHHAB__ligand10357-0
193,HAHHAB__ligand15630-0
194,HAHHAB__ligand1171-0
195,HAHHAB__ligand5801-0
196,HAHHAB__ligand1438-0
197,HAHHAB__ligand3063-0
198,HAHHAB__ligand3246-0
199,HAHHAB__ligand596-0
200,HAHHAB__ligand612-0
201,HAHHAB__ligand1479-0
202,HAHHAB__ligand187-0
203,HAHHAB__ligand366-0
204,HAHHAB__ligand861-0
205,HAHHAB__ligand1148-0
206,HAHHAB__ligand9244-0
207,HAHHAB__ligand1228-0
208,HAHHAB__ligand1538-0
209,HAHHAB__ligand1114-0
210,HAHHAB__ligand126-0
211,HAHHAB__ligand2751-0
212,HAHHAB__ligand124-0
213,HAHHAB__ligand119-0
214,HAHHAB__ligand3041-0
215,HAHHAB__ligand2634-0
216,HAHHAB__ligand1542-0
217,HAHHAB__ligand2863-0
218,HAHHAB__ligand279-0
219,HAHHAB__ligand67-0
220,HAHHAB__ligand6502-0
221,HAHHAB__ligand178-0
222,HAHHAB__ligand2098-0
223,HAHHAB__ligand6332-0
224,HAHHAB__ligand3178-0
225,HAHHAB__ligand321-0
226,HAHHAB__ligand3145-0
227,HAHHAB__ligand6686-0
228,HAHHAB__ligand100-0
229,HAHHAB__ligand1747-0
230,HAHHAB__ligand5548-0
231,HAHHAB__ligand244-0
232,HAHHAB__ligand201-0
233,HAHHAB__ligand7915-0
234,HAHHAB__ligand838-0
235,HAHHAB__ligand2838-0
236,HAHHAB__ligand3838-0
237,HAHHAB__ligand1799-0
238,HAHHAB__ligand166-0
239,HAHHAB__ligand5941-0
240,HAHHAB__ligand2880-0
241,HAHHAB__ligand633-0
242,HAHHAB__ligand918-0
243,HAHHAB__ligand532-0
244,HAHHAB__ligand10910-0
245,HAHHAB__ligand1169-0
246,HAHHAB__ligand5022-0
247,HAHHAB__ligand497-0
248,HAHHAB__ligand2864-0
249,HAHHAB__ligand553-0
250,HAHHAB__ligand283-0
251,HAHHAB__ligand821-0
252,HAHHAB__ligand326-0
253,HAHHAB__ligand436-0
254,HAHHAB__ligand2142-0
255,HAHHAB__ligand142-0
256,HAHHAB__ligand14530-0
257,HAHHAB__ligand6538-0
258,HAHHAB__ligand6151-0
259,HAHHAB__ligand206-0
260,HAHHAB__ligand18-0
261,HAHHAB__ligand2772-0
262,HAHHAB__ligand9495-0
263,HAHHAB__ligand1273-0
264,HAHHAB__ligand10479-0
265,HAHHAB__ligand105-0
266,HAHHAB__ligand140-0
267,HAHHAB__ligand1052-0
268,HAHHAB__ligand62-0
269,HAHHAB__ligand409-0
270,HAHHAB__ligand361-0
271,HAHHAB__ligand324-0
272,HAHHAB__ligand4983-0
273,HAHHAB__ligand575-0
274,HAHHAB__ligand2345-0
275,HAHHAB__ligand2794-0
276,HAHHAB__ligand1835-0
277,HAHHAB__ligand1502-0
278,HAHHAB__ligand10114-0
279,HAHHAB__ligand6396-0
280,HAHHAB__ligand1113-0
281,HAHHAB__ligand2265-0
282,HAHHAB__ligand927-0
283,HAHHAB__ligand86-0
284,HAHHAB__ligand9027-0
285,HAHHAB__ligand199-0
286,HAHHAB__ligand1607-0
287,HAHHAB__ligand118-0
288,HAHHAB__ligand670-0
289,HAHHAB__ligand6-0
290,HAHHAB__ligand571-0
291,HAHHAB__ligand509-0
292,HAHHAB__ligand1727-0
293,HAHHAB__ligand1152-0
294,HAHHAB__ligand669-0
295,HAHHAB__ligand1703-0
296,HAHHAB__ligand2430-0
297,HAHHAB__ligand430-0
298,HAHHAB__ligand2907-0
299,HAHHAB__ligand358-0
300,HAHHAB__ligand2510-0
301,HAHHAB__ligand8921-0
302,HAHHAB__ligand2285-0
303,HAHHAB__ligand365-0
304,HAHHAB__ligand1567-0
305,HAHHAB__ligand2862-0
306,HAHHAB__ligand278-0
307,HAHHAB__ligand66-0
308,HAHHAB__ligand2320-0
309,HAHHAB__ligand1056-0
310,HAHHAB__ligand4303-0
311,HAHHAB__ligand1248-0
312,HAHHAB__ligand1598-0
313,HAHHAB__ligand1054-0
314,HAHHAB__ligand21-0
315,HAHHAB__ligand6294-0
316,HAHHAB__ligand7464-0
317,HAHHAB__ligand162-0
318,HAHHAB__ligand226-0
319,HAHHAB__ligand38-0
320,HAHHAB__ligand383-0
321,HAHHAB__ligand3637-0
322,HAHHAB__ligand40-0
323,HAHHAB__ligand4-0
324,HAHHAB__ligand8774-0
