,TMC
0,HEYKOL__ligand7464-0
1,HEYKOL__ligand32-0
2,HEYKOL__ligand126-0
3,HEYKOL__ligand4303-0
4,HEYKOL__ligand1248-0
5,HEYKOL__ligand1598-0
6,HEYKOL__ligand1054-0
7,HEYKOL__ligand6294-0
8,HEYKOL__ligand187-0
9,HEYKOL__ligand3637-0
10,HEYKOL__ligand612-0
11,HEYKOL__ligand861-0
12,HEYKOL__ligand8774-0
13,HEYKOL__ligand366-0
14,HEYKOL__ligand596-0
15,HEYKOL__ligand1727-0
16,HEYKOL__ligand1152-0
17,HEYKOL__ligand244-0
18,HEYKOL__ligand201-0
19,HEYKOL__ligand51-0
20,HEYKOL__ligand100-0
21,HEYKOL__ligand10357-0
22,HEYKOL__ligand29-0
23,HEYKOL__ligand178-0
24,HEYKOL__ligand91-0
25,HEYKOL__ligand15630-0
26,HEYKOL__ligand1607-0
27,HEYKOL__ligand279-0
28,HEYKOL__ligand321-0
29,HEYKOL__ligand2510-0
30,HEYKOL__ligand8921-0
31,HEYKOL__ligand119-0
32,HEYKOL__ligand48-0
33,HEYKOL__ligand1567-0
34,HEYKOL__ligand2285-0
35,HEYKOL__ligand2862-0
36,HEYKOL__ligand1056-0
37,HEYKOL__ligand2320-0
38,HEYKOL__ligand2430-0
39,HEYKOL__ligand1703-0
40,HEYKOL__ligand2907-0
41,HEYKOL__ligand124-0
42,HEYKOL__ligand1052-0
43,HEYKOL__ligand1273-0
44,HEYKOL__ligand34-0
45,HEYKOL__ligand120-0
46,HEYKOL__ligand384-0
47,HEYKOL__ligand3-0
48,HEYKOL__ligand55-0
49,HEYKOL__ligand6396-0
50,HEYKOL__ligand141-0
51,HEYKOL__ligand2265-0
52,HEYKOL__ligand240-0
53,HEYKOL__ligand1113-0
54,HEYKOL__ligand9027-0
55,HEYKOL__ligand4983-0
56,HEYKOL__ligand1835-0
57,HEYKOL__ligand2794-0
58,HEYKOL__ligand2345-0
59,HEYKOL__ligand95-0
60,HEYKOL__ligand1502-0
61,HEYKOL__ligand1169-0
62,HEYKOL__ligand5022-0
63,HEYKOL__ligand57-0
64,HEYKOL__ligand1-0
65,HEYKOL__ligand1799-0
66,HEYKOL__ligand3838-0
67,HEYKOL__ligand2838-0
68,HEYKOL__ligand2880-0
69,HEYKOL__ligand5941-0
70,HEYKOL__ligand2142-0
71,HEYKOL__ligand73-0
72,HEYKOL__ligand6538-0
73,HEYKOL__ligand2772-0
74,HEYKOL__ligand757-0
75,HEYKOL__ligand6151-0
76,HEYKOL__ligand9495-0
77,HEYKOL__ligand2864-0
78,HEYKOL__ligand797-0
79,HEYKOL__ligand365-0
80,HEYKOL__ligand3041-0
81,HEYKOL__ligand1542-0
82,HEYKOL__ligand2634-0
83,HEYKOL__ligand14530-0
84,HEYKOL__ligand278-0
85,HEYKOL__ligand669-0
86,HEYKOL__ligand6-0
87,HEYKOL__ligand2751-0
88,HEYKOL__ligand430-0
89,HEYKOL__ligand358-0
90,HEYKOL__ligand3145-0
91,HEYKOL__ligand89-0
92,HEYKOL__ligand509-0
93,HEYKOL__ligand1747-0
94,HEYKOL__ligand6686-0
95,HEYKOL__ligand10910-0
96,HEYKOL__ligand5548-0
97,HEYKOL__ligand7915-0
98,HEYKOL__ligand2863-0
99,HEYKOL__ligand6502-0
100,HEYKOL__ligand2098-0
101,HEYKOL__ligand6332-0
102,HEYKOL__ligand571-0
103,HEYKOL__ligand49-0
104,HEYKOL__ligand118-0
105,HEYKOL__ligand3178-0
106,HEYKOL__ligand670-0
107,HEYKOL__ligand1479-0
108,HEYKOL__ligand1148-0
109,HEYKOL__ligand226-0
110,HEYKOL__ligand3246-0
111,HEYKOL__ligand162-0
112,HEYKOL__ligand383-0
113,HEYKOL__ligand10114-0
114,HEYKOL__ligand17-0
115,HEYKOL__ligand1538-0
116,HEYKOL__ligand4-0
117,HEYKOL__ligand1114-0
118,HEYKOL__ligand9244-0
119,HEYKOL__ligand92-0
120,HEYKOL__ligand10479-0
121,HEYKOL__ligand1228-0
122,HEYKOL__ligand3757-0
123,HEYKOL__ligand1048-0
124,HEYKOL__ligand2087-0
125,HEYKOL__ligand436-0
126,HEYKOL__ligand206-0
127,HEYKOL__ligand1685-0
128,HEYKOL__ligand142-0
129,HEYKOL__ligand283-0
130,HEYKOL__ligand1544-0
131,HEYKOL__ligand553-0
132,HEYKOL__ligand326-0
133,HEYKOL__ligand821-0
134,HEYKOL__ligand1459-0
135,HEYKOL__ligand532-0
136,HEYKOL__ligand5801-0
137,HEYKOL__ligand633-0
138,HEYKOL__ligand918-0
139,HEYKOL__ligand1438-0
140,HEYKOL__ligand497-0
141,HEYKOL__ligand3063-0
142,HEYKOL__ligand838-0
143,HEYKOL__ligand166-0
144,HEYKOL__ligand1171-0
145,HEYKOL__ligand3734-0
146,HEYKOL__ligand1706-0
147,HEYKOL__ligand4381-0
148,HEYKOL__ligand199-0
149,HEYKOL__ligand927-0
150,HEYKOL__ligand2629-0
151,HEYKOL__ligand575-0
152,HEYKOL__ligand2259-0
153,HEYKOL__ligand2688-0
154,HEYKOL__ligand2768-0
155,HEYKOL__ligand1376-0
156,HEYKOL__ligand409-0
157,HEYKOL__ligand361-0
158,HEYKOL__ligand324-0
159,HEYKOL__ligand6277-0
160,HEYKOL__ligand11-0
161,HEYKOL__ligand105-0
162,HEYKOL__ligand1687-0
163,HEYKOL__ligand140-0
164,HEYKOL__ligand1951-0
165,HEYKOL__ligand109-0
166,HEYKOL__ligand1918-0
167,HEYKOL__ligand560-0
168,HEYKOL__ligand525-0
169,HEYKOL__ligand235-0
170,HEYKOL__ligand2255-0
171,HEYKOL__ligand932-0
172,HEYKOL__ligand134-0
173,HEYKOL__ligand390-0
174,HEYKOL__ligand4175-0
175,HEYKOL__ligand2618-0
176,HEYKOL__ligand3618-0
177,HEYKOL__ligand584-0
178,HEYKOL__ligand916-0
179,HEYKOL__ligand421-0
180,HEYKOL__ligand798-0
181,HEYKOL__ligand1436-0
182,HEYKOL__ligand331-0
183,HEYKOL__ligand993-0
184,HEYKOL__ligand294-0
185,HEYKOL__ligand4370-0
186,HEYKOL__ligand296-0
187,HEYKOL__ligand1551-0
188,HEYKOL__ligand2526-0
189,HEYKOL__ligand197-0
190,HEYKOL__ligand1690-0
191,HEYKOL__ligand112-0
192,HEYKOL__ligand2707-0
193,HEYKOL__ligand67-0
194,HEYKOL__ligand136-0
195,HEYKOL__ligand2915-0
196,HEYKOL__ligand442-0
197,HEYKOL__ligand868-0
198,HEYKOL__ligand352-0
199,HEYKOL__ligand783-0
200,HEYKOL__ligand4012-0
201,HEYKOL__ligand3196-0
202,HEYKOL__ligand2762-0
203,HEYKOL__ligand1038-0
204,HEYKOL__ligand1160-0
205,HEYKOL__ligand2253-0
206,HEYKOL__ligand177-0
207,HEYKOL__ligand934-0
208,HEYKOL__ligand2954-0
209,HEYKOL__ligand5093-0
210,HEYKOL__ligand8-0
211,HEYKOL__ligand909-0
212,HEYKOL__ligand7550-0
213,HEYKOL__ligand851-0
214,HEYKOL__ligand193-0
215,HEYKOL__ligand1285-0
216,HEYKOL__ligand1555-0
217,HEYKOL__ligand7630-0
218,HEYKOL__ligand830-0
219,HEYKOL__ligand3890-0
220,HEYKOL__ligand4423-0
221,HEYKOL__ligand955-0
222,HEYKOL__ligand1907-0
223,HEYKOL__ligand252-0
224,HEYKOL__ligand460-0
225,HEYKOL__ligand1818-0
226,HEYKOL__ligand250-0
227,HEYKOL__ligand7456-0
228,HEYKOL__ligand45-0
229,HEYKOL__ligand78-0
230,HEYKOL__ligand85-0
231,HEYKOL__ligand5758-0
232,HEYKOL__ligand3478-0
233,HEYKOL__ligand370-0
234,HEYKOL__ligand3852-0
235,HEYKOL__ligand9176-0
236,HEYKOL__ligand3070-0
237,HEYKOL__ligand3035-0
238,HEYKOL__ligand2718-0
239,HEYKOL__ligand311-0
240,HEYKOL__ligand1493-0
241,HEYKOL__ligand4619-0
242,HEYKOL__ligand369-0
243,HEYKOL__ligand444-0
244,HEYKOL__ligand6143-0
245,HEYKOL__ligand5235-0
246,HEYKOL__ligand3251-0
247,HEYKOL__ligand188-0
248,HEYKOL__ligand1019-0
249,HEYKOL__ligand422-0
250,HEYKOL__ligand2442-0
251,HEYKOL__ligand1104-0
252,HEYKOL__ligand5762-0
253,HEYKOL__ligand7414-0
254,HEYKOL__ligand113-0
255,HEYKOL__ligand502-0
256,HEYKOL__ligand196-0
257,HEYKOL__ligand6571-0
258,HEYKOL__ligand2482-0
259,HEYKOL__ligand1325-0
260,HEYKOL__ligand2929-0
261,HEYKOL__ligand2376-0
262,HEYKOL__ligand353-0
263,HEYKOL__ligand1379-0
264,HEYKOL__ligand1221-0
265,HEYKOL__ligand66-0
266,HEYKOL__ligand1264-0
267,HEYKOL__ligand1299-0
268,HEYKOL__ligand236-0
269,HEYKOL__ligand6430-0
270,HEYKOL__ligand391-0
271,HEYKOL__ligand1712-0
272,HEYKOL__ligand3579-0
273,HEYKOL__ligand21-0
274,HEYKOL__ligand170-0
275,HEYKOL__ligand2916-0
276,HEYKOL__ligand2110-0
277,HEYKOL__ligand1919-0
278,HEYKOL__ligand314-0
279,HEYKOL__ligand481-0
280,HEYKOL__ligand2389-0
281,HEYKOL__ligand5334-0
282,HEYKOL__ligand38-0
283,HEYKOL__ligand1898-0
284,HEYKOL__ligand2480-0
285,HEYKOL__ligand4504-0
286,HEYKOL__ligand3051-0
287,HEYKOL__ligand2315-0
288,HEYKOL__ligand1858-0
289,HEYKOL__ligand8032-0
290,HEYKOL__ligand40-0
291,HEYKOL__ligand210-0
292,HEYKOL__ligand2853-0
293,HEYKOL__ligand3853-0
294,HEYKOL__ligand291-0
295,HEYKOL__ligand2599-0
296,HEYKOL__ligand5089-0
297,HEYKOL__ligand115-0
298,HEYKOL__ligand1246-0
299,HEYKOL__ligand6166-0
300,HEYKOL__ligand485-0
301,HEYKOL__ligand1307-0
302,HEYKOL__ligand355-0
303,HEYKOL__ligand784-0
304,HEYKOL__ligand18-0
305,HEYKOL__ligand7514-0
306,HEYKOL__ligand3337-0
307,HEYKOL__ligand487-0
308,HEYKOL__ligand666-0
309,HEYKOL__ligand4811-0
310,HEYKOL__ligand522-0
311,HEYKOL__ligand1449-1
312,HEYKOL__ligand11730-0
313,HEYKOL__ligand9620-0
314,HEYKOL__ligand133-0
315,HEYKOL__ligand4894-0
316,HEYKOL__ligand62-0
317,HEYKOL__ligand1260-0
318,HEYKOL__ligand447-0
319,HEYKOL__ligand682-0
320,HEYKOL__ligand1788-0
321,HEYKOL__ligand1321-0
322,HEYKOL__ligand1178-0
323,HEYKOL__ligand3566-0
324,HEYKOL__ligand86-0
