,TMC
0,KAHZID__ligand1307-0
1,KAHZID__ligand240-0
2,KAHZID__ligand141-0
3,KAHZID__ligand1246-0
4,KAHZID__ligand6166-0
5,KAHZID__ligand3853-0
6,KAHZID__ligand2853-0
7,KAHZID__ligand384-0
8,KAHZID__ligand120-0
9,KAHZID__ligand2599-0
10,KAHZID__ligand5089-0
11,KAHZID__ligand757-0
12,KAHZID__ligand1321-0
13,KAHZID__ligand1178-0
14,KAHZID__ligand3566-0
15,KAHZID__ligand1788-0
16,KAHZID__ligand797-0
17,KAHZID__ligand9620-0
18,KAHZID__ligand10357-0
19,KAHZID__ligand4894-0
20,KAHZID__ligand1260-0
21,KAHZID__ligand15630-0
22,KAHZID__ligand85-0
23,KAHZID__ligand78-0
24,KAHZID__ligand45-0
25,KAHZID__ligand3337-0
26,KAHZID__ligand7514-0
27,KAHZID__ligand1449-1
28,KAHZID__ligand4811-0
29,KAHZID__ligand1379-0
30,KAHZID__ligand366-0
31,KAHZID__ligand1-0
32,KAHZID__ligand861-0
33,KAHZID__ligand1299-0
34,KAHZID__ligand612-0
35,KAHZID__ligand6430-0
36,KAHZID__ligand187-0
37,KAHZID__ligand1264-0
38,KAHZID__ligand1221-0
39,KAHZID__ligand2929-0
40,KAHZID__ligand596-0
41,KAHZID__ligand2376-0
42,KAHZID__ligand126-0
43,KAHZID__ligand1325-0
44,KAHZID__ligand2482-0
45,KAHZID__ligand6571-0
46,KAHZID__ligand1019-0
47,KAHZID__ligand2442-0
48,KAHZID__ligand5762-0
49,KAHZID__ligand7414-0
50,KAHZID__ligand1104-0
51,KAHZID__ligand8032-0
52,KAHZID__ligand1858-0
53,KAHZID__ligand119-0
54,KAHZID__ligand5334-0
55,KAHZID__ligand124-0
56,KAHZID__ligand2315-0
57,KAHZID__ligand1898-0
58,KAHZID__ligand3051-0
59,KAHZID__ligand4504-0
60,KAHZID__ligand2480-0
61,KAHZID__ligand67-0
62,KAHZID__ligand100-0
63,KAHZID__ligand1919-0
64,KAHZID__ligand201-0
65,KAHZID__ligand244-0
66,KAHZID__ligand2389-0
67,KAHZID__ligand3-0
68,KAHZID__ligand1712-0
69,KAHZID__ligand321-0
70,KAHZID__ligand2110-0
71,KAHZID__ligand279-0
72,KAHZID__ligand2916-0
73,KAHZID__ligand178-0
74,KAHZID__ligand3579-0
75,KAHZID__ligand18-0
76,KAHZID__ligand497-0
77,KAHZID__ligand3890-0
78,KAHZID__ligand918-0
79,KAHZID__ligand1907-0
80,KAHZID__ligand633-0
81,KAHZID__ligand4423-0
82,KAHZID__ligand532-0
83,KAHZID__ligand1555-0
84,KAHZID__ligand166-0
85,KAHZID__ligand1285-0
86,KAHZID__ligand838-0
87,KAHZID__ligand10910-0
88,KAHZID__ligand7630-0
89,KAHZID__ligand142-0
90,KAHZID__ligand206-0
91,KAHZID__ligand436-0
92,KAHZID__ligand7550-0
93,KAHZID__ligand1038-0
94,KAHZID__ligand821-0
95,KAHZID__ligand4-0
96,KAHZID__ligand2762-0
97,KAHZID__ligand326-0
98,KAHZID__ligand14530-0
99,KAHZID__ligand553-0
100,KAHZID__ligand5093-0
101,KAHZID__ligand2954-0
102,KAHZID__ligand283-0
103,KAHZID__ligand2253-0
104,KAHZID__ligand1160-0
105,KAHZID__ligand324-0
106,KAHZID__ligand361-0
107,KAHZID__ligand5235-0
108,KAHZID__ligand409-0
109,KAHZID__ligand6143-0
110,KAHZID__ligand4619-0
111,KAHZID__ligand6-0
112,KAHZID__ligand86-0
113,KAHZID__ligand3251-0
114,KAHZID__ligand10479-0
115,KAHZID__ligand9176-0
116,KAHZID__ligand140-0
117,KAHZID__ligand105-0
118,KAHZID__ligand1493-0
119,KAHZID__ligand3035-0
120,KAHZID__ligand3070-0
121,KAHZID__ligand2718-0
122,KAHZID__ligand927-0
123,KAHZID__ligand5758-0
124,KAHZID__ligand199-0
125,KAHZID__ligand3852-0
126,KAHZID__ligand62-0
127,KAHZID__ligand10114-0
128,KAHZID__ligand3478-0
129,KAHZID__ligand1818-0
130,KAHZID__ligand575-0
131,KAHZID__ligand7456-0
132,KAHZID__ligand66-0
133,KAHZID__ligand4370-0
134,KAHZID__ligand509-0
135,KAHZID__ligand670-0
136,KAHZID__ligand118-0
137,KAHZID__ligand3618-0
138,KAHZID__ligand2618-0
139,KAHZID__ligand571-0
140,KAHZID__ligand1436-0
141,KAHZID__ligand278-0
142,KAHZID__ligand2255-0
143,KAHZID__ligand4175-0
144,KAHZID__ligand365-0
145,KAHZID__ligand358-0
146,KAHZID__ligand430-0
147,KAHZID__ligand1918-0
148,KAHZID__ligand669-0
149,KAHZID__ligand40-0
150,KAHZID__ligand3196-0
151,KAHZID__ligand4012-0
152,KAHZID__ligand2915-0
153,KAHZID__ligand38-0
154,KAHZID__ligand1690-0
155,KAHZID__ligand2707-0
156,KAHZID__ligand21-0
157,KAHZID__ligand383-0
158,KAHZID__ligand162-0
159,KAHZID__ligand2526-0
160,KAHZID__ligand226-0
161,KAHZID__ligand1551-0
162,KAHZID__ligand95-0
163,KAHZID__ligand830-0
164,KAHZID__ligand1171-0
165,KAHZID__ligand193-0
166,KAHZID__ligand252-0
167,KAHZID__ligand5801-0
168,KAHZID__ligand955-0
169,KAHZID__ligand1438-0
170,KAHZID__ligand55-0
171,KAHZID__ligand3063-0
172,KAHZID__ligand177-0
173,KAHZID__ligand934-0
174,KAHZID__ligand1544-0
175,KAHZID__ligand34-0
176,KAHZID__ligand1459-0
177,KAHZID__ligand851-0
178,KAHZID__ligand1048-0
179,KAHZID__ligand2087-0
180,KAHZID__ligand3757-0
181,KAHZID__ligand1685-0
182,KAHZID__ligand909-0
183,KAHZID__ligand311-0
184,KAHZID__ligand6277-0
185,KAHZID__ligand1951-0
186,KAHZID__ligand1687-0
187,KAHZID__ligand188-0
188,KAHZID__ligand2259-0
189,KAHZID__ligand2688-0
190,KAHZID__ligand444-0
191,KAHZID__ligand2768-0
192,KAHZID__ligand369-0
193,KAHZID__ligand73-0
194,KAHZID__ligand1376-0
195,KAHZID__ligand250-0
196,KAHZID__ligand57-0
197,KAHZID__ligand460-0
198,KAHZID__ligand1706-0
199,KAHZID__ligand370-0
200,KAHZID__ligand3734-0
201,KAHZID__ligand2629-0
202,KAHZID__ligand4381-0
203,KAHZID__ligand6502-0
204,KAHZID__ligand2098-0
205,KAHZID__ligand2863-0
206,KAHZID__ligand798-0
207,KAHZID__ligand421-0
208,KAHZID__ligand3178-0
209,KAHZID__ligand916-0
210,KAHZID__ligand584-0
211,KAHZID__ligand6332-0
212,KAHZID__ligand294-0
213,KAHZID__ligand3145-0
214,KAHZID__ligand993-0
215,KAHZID__ligand331-0
216,KAHZID__ligand5548-0
217,KAHZID__ligand7915-0
218,KAHZID__ligand1747-0
219,KAHZID__ligand6686-0
220,KAHZID__ligand525-0
221,KAHZID__ligand560-0
222,KAHZID__ligand109-0
223,KAHZID__ligand2751-0
224,KAHZID__ligand32-0
225,KAHZID__ligand3041-0
226,KAHZID__ligand390-0
227,KAHZID__ligand134-0
228,KAHZID__ligand932-0
229,KAHZID__ligand2634-0
230,KAHZID__ligand1542-0
231,KAHZID__ligand235-0
232,KAHZID__ligand868-0
233,KAHZID__ligand8-0
234,KAHZID__ligand442-0
235,KAHZID__ligand1228-0
236,KAHZID__ligand9244-0
237,KAHZID__ligand136-0
238,KAHZID__ligand1114-0
239,KAHZID__ligand1538-0
240,KAHZID__ligand48-0
241,KAHZID__ligand783-0
242,KAHZID__ligand352-0
243,KAHZID__ligand197-0
244,KAHZID__ligand296-0
245,KAHZID__ligand3246-0
246,KAHZID__ligand91-0
247,KAHZID__ligand29-0
248,KAHZID__ligand1479-0
249,KAHZID__ligand51-0
250,KAHZID__ligand1148-0
251,KAHZID__ligand112-0
252,KAHZID__ligand2794-0
253,KAHZID__ligand2345-0
254,KAHZID__ligand1835-0
255,KAHZID__ligand4983-0
256,KAHZID__ligand1502-0
257,KAHZID__ligand1113-0
258,KAHZID__ligand2265-0
259,KAHZID__ligand6396-0
260,KAHZID__ligand784-0
261,KAHZID__ligand355-0
262,KAHZID__ligand9027-0
263,KAHZID__ligand485-0
264,KAHZID__ligand1273-0
265,KAHZID__ligand291-0
266,KAHZID__ligand1052-0
267,KAHZID__ligand115-0
268,KAHZID__ligand2864-0
269,KAHZID__ligand11-0
270,KAHZID__ligand682-0
271,KAHZID__ligand2142-0
272,KAHZID__ligand6151-0
273,KAHZID__ligand2772-0
274,KAHZID__ligand9495-0
275,KAHZID__ligand6538-0
276,KAHZID__ligand522-0
277,KAHZID__ligand666-0
278,KAHZID__ligand487-0
279,KAHZID__ligand2880-0
280,KAHZID__ligand5941-0
281,KAHZID__ligand2838-0
282,KAHZID__ligand3838-0
283,KAHZID__ligand1799-0
284,KAHZID__ligand447-0
285,KAHZID__ligand1169-0
286,KAHZID__ligand133-0
287,KAHZID__ligand5022-0
288,KAHZID__ligand49-0
289,KAHZID__ligand353-0
290,KAHZID__ligand236-0
291,KAHZID__ligand3637-0
292,KAHZID__ligand89-0
293,KAHZID__ligand8774-0
294,KAHZID__ligand1598-0
295,KAHZID__ligand113-0
296,KAHZID__ligand4303-0
297,KAHZID__ligand1248-0
298,KAHZID__ligand422-0
299,KAHZID__ligand6294-0
300,KAHZID__ligand1054-0
301,KAHZID__ligand196-0
302,KAHZID__ligand502-0
303,KAHZID__ligand7464-0
304,KAHZID__ligand1703-0
305,KAHZID__ligand2430-0
306,KAHZID__ligand92-0
307,KAHZID__ligand2907-0
308,KAHZID__ligand8921-0
309,KAHZID__ligand210-0
310,KAHZID__ligand2285-0
311,KAHZID__ligand1567-0
312,KAHZID__ligand2510-0
313,KAHZID__ligand2320-0
314,KAHZID__ligand1056-0
315,KAHZID__ligand2862-0
316,KAHZID__ligand17-0
317,KAHZID__ligand1607-0
318,KAHZID__ligand11730-0
319,KAHZID__ligand170-0
320,KAHZID__ligand391-0
321,KAHZID__ligand1727-0
322,KAHZID__ligand481-0
323,KAHZID__ligand314-0
324,KAHZID__ligand1152-0
