,TMC
0,MEPGOE__ligand10114-0
1,MEPGOE__ligand133-0
2,MEPGOE__ligand2838-0
3,MEPGOE__ligand3838-0
4,MEPGOE__ligand1799-0
5,MEPGOE__ligand2880-0
6,MEPGOE__ligand5941-0
7,MEPGOE__ligand447-0
8,MEPGOE__ligand487-0
9,MEPGOE__ligand5022-0
10,MEPGOE__ligand1169-0
11,MEPGOE__ligand522-0
12,MEPGOE__ligand666-0
13,MEPGOE__ligand10479-0
14,MEPGOE__ligand2864-0
15,MEPGOE__ligand32-0
16,MEPGOE__ligand6538-0
17,MEPGOE__ligand682-0
18,MEPGOE__ligand9495-0
19,MEPGOE__ligand6151-0
20,MEPGOE__ligand2772-0
21,MEPGOE__ligand2142-0
22,MEPGOE__ligand115-0
23,MEPGOE__ligand48-0
24,MEPGOE__ligand1273-0
25,MEPGOE__ligand14530-0
26,MEPGOE__ligand1052-0
27,MEPGOE__ligand291-0
28,MEPGOE__ligand355-0
29,MEPGOE__ligand784-0
30,MEPGOE__ligand485-0
31,MEPGOE__ligand1502-0
32,MEPGOE__ligand4983-0
33,MEPGOE__ligand2794-0
34,MEPGOE__ligand2345-0
35,MEPGOE__ligand1835-0
36,MEPGOE__ligand51-0
37,MEPGOE__ligand29-0
38,MEPGOE__ligand91-0
39,MEPGOE__ligand9027-0
40,MEPGOE__ligand10910-0
41,MEPGOE__ligand6396-0
42,MEPGOE__ligand1113-0
43,MEPGOE__ligand2265-0
44,MEPGOE__ligand55-0
45,MEPGOE__ligand481-0
46,MEPGOE__ligand314-0
47,MEPGOE__ligand1607-0
48,MEPGOE__ligand1152-0
49,MEPGOE__ligand391-0
50,MEPGOE__ligand95-0
51,MEPGOE__ligand170-0
52,MEPGOE__ligand1727-0
53,MEPGOE__ligand2907-0
54,MEPGOE__ligand1703-0
55,MEPGOE__ligand210-0
56,MEPGOE__ligand2430-0
57,MEPGOE__ligand2862-0
58,MEPGOE__ligand34-0
59,MEPGOE__ligand2320-0
60,MEPGOE__ligand1056-0
61,MEPGOE__ligand2510-0
62,MEPGOE__ligand1-0
63,MEPGOE__ligand2285-0
64,MEPGOE__ligand1567-0
65,MEPGOE__ligand8921-0
66,MEPGOE__ligand502-0
67,MEPGOE__ligand196-0
68,MEPGOE__ligand1054-0
69,MEPGOE__ligand73-0
70,MEPGOE__ligand6294-0
71,MEPGOE__ligand1248-0
72,MEPGOE__ligand4303-0
73,MEPGOE__ligand1598-0
74,MEPGOE__ligand3-0
75,MEPGOE__ligand422-0
76,MEPGOE__ligand7464-0
77,MEPGOE__ligand113-0
78,MEPGOE__ligand236-0
79,MEPGOE__ligand8774-0
80,MEPGOE__ligand57-0
81,MEPGOE__ligand353-0
82,MEPGOE__ligand3637-0
83,MEPGOE__ligand89-0
84,MEPGOE__ligand15630-0
85,MEPGOE__ligand370-0
86,MEPGOE__ligand10357-0
87,MEPGOE__ligand4-0
88,MEPGOE__ligand4381-0
89,MEPGOE__ligand460-0
90,MEPGOE__ligand2629-0
91,MEPGOE__ligand3734-0
92,MEPGOE__ligand1706-0
93,MEPGOE__ligand250-0
94,MEPGOE__ligand49-0
95,MEPGOE__ligand1687-0
96,MEPGOE__ligand1951-0
97,MEPGOE__ligand444-0
98,MEPGOE__ligand369-0
99,MEPGOE__ligand188-0
100,MEPGOE__ligand6277-0
101,MEPGOE__ligand1376-0
102,MEPGOE__ligand2768-0
103,MEPGOE__ligand2259-0
104,MEPGOE__ligand2688-0
105,MEPGOE__ligand311-0
106,MEPGOE__ligand17-0
107,MEPGOE__ligand1459-0
108,MEPGOE__ligand909-0
109,MEPGOE__ligand851-0
110,MEPGOE__ligand1544-0
111,MEPGOE__ligand1685-0
112,MEPGOE__ligand3757-0
113,MEPGOE__ligand177-0
114,MEPGOE__ligand934-0
115,MEPGOE__ligand92-0
116,MEPGOE__ligand2087-0
117,MEPGOE__ligand1048-0
118,MEPGOE__ligand1171-0
119,MEPGOE__ligand252-0
120,MEPGOE__ligand955-0
121,MEPGOE__ligand3063-0
122,MEPGOE__ligand1438-0
123,MEPGOE__ligand193-0
124,MEPGOE__ligand6-0
125,MEPGOE__ligand5801-0
126,MEPGOE__ligand830-0
127,MEPGOE__ligand112-0
128,MEPGOE__ligand3246-0
129,MEPGOE__ligand1148-0
130,MEPGOE__ligand197-0
131,MEPGOE__ligand296-0
132,MEPGOE__ligand1479-0
133,MEPGOE__ligand352-0
134,MEPGOE__ligand783-0
135,MEPGOE__ligand9244-0
136,MEPGOE__ligand1228-0
137,MEPGOE__ligand136-0
138,MEPGOE__ligand868-0
139,MEPGOE__ligand1538-0
140,MEPGOE__ligand1114-0
141,MEPGOE__ligand442-0
142,MEPGOE__ligand2751-0
143,MEPGOE__ligand932-0
144,MEPGOE__ligand134-0
145,MEPGOE__ligand235-0
146,MEPGOE__ligand390-0
147,MEPGOE__ligand2634-0
148,MEPGOE__ligand1542-0
149,MEPGOE__ligand560-0
150,MEPGOE__ligand525-0
151,MEPGOE__ligand11-0
152,MEPGOE__ligand3041-0
153,MEPGOE__ligand109-0
154,MEPGOE__ligand331-0
155,MEPGOE__ligand6332-0
156,MEPGOE__ligand3178-0
157,MEPGOE__ligand294-0
158,MEPGOE__ligand2863-0
159,MEPGOE__ligand2098-0
160,MEPGOE__ligand993-0
161,MEPGOE__ligand6502-0
162,MEPGOE__ligand1747-0
163,MEPGOE__ligand6686-0
164,MEPGOE__ligand584-0
165,MEPGOE__ligand916-0
166,MEPGOE__ligand7915-0
167,MEPGOE__ligand5548-0
168,MEPGOE__ligand3145-0
169,MEPGOE__ligand798-0
170,MEPGOE__ligand421-0
171,MEPGOE__ligand575-0
172,MEPGOE__ligand3478-0
173,MEPGOE__ligand3852-0
174,MEPGOE__ligand5758-0
175,MEPGOE__ligand7456-0
176,MEPGOE__ligand927-0
177,MEPGOE__ligand1818-0
178,MEPGOE__ligand199-0
179,MEPGOE__ligand3251-0
180,MEPGOE__ligand4619-0
181,MEPGOE__ligand5235-0
182,MEPGOE__ligand105-0
183,MEPGOE__ligand140-0
184,MEPGOE__ligand6143-0
185,MEPGOE__ligand2718-0
186,MEPGOE__ligand3035-0
187,MEPGOE__ligand3070-0
188,MEPGOE__ligand1493-0
189,MEPGOE__ligand361-0
190,MEPGOE__ligand324-0
191,MEPGOE__ligand409-0
192,MEPGOE__ligand9176-0
193,MEPGOE__ligand7550-0
194,MEPGOE__ligand553-0
195,MEPGOE__ligand67-0
196,MEPGOE__ligand283-0
197,MEPGOE__ligand821-0
198,MEPGOE__ligand326-0
199,MEPGOE__ligand2253-0
200,MEPGOE__ligand436-0
201,MEPGOE__ligand1160-0
202,MEPGOE__ligand5093-0
203,MEPGOE__ligand2954-0
204,MEPGOE__ligand2762-0
205,MEPGOE__ligand142-0
206,MEPGOE__ligand1038-0
207,MEPGOE__ligand206-0
208,MEPGOE__ligand838-0
209,MEPGOE__ligand4423-0
210,MEPGOE__ligand1907-0
211,MEPGOE__ligand3890-0
212,MEPGOE__ligand166-0
213,MEPGOE__ligand918-0
214,MEPGOE__ligand633-0
215,MEPGOE__ligand7630-0
216,MEPGOE__ligand532-0
217,MEPGOE__ligand1285-0
218,MEPGOE__ligand1555-0
219,MEPGOE__ligand497-0
220,MEPGOE__ligand2707-0
221,MEPGOE__ligand162-0
222,MEPGOE__ligand226-0
223,MEPGOE__ligand383-0
224,MEPGOE__ligand11730-0
225,MEPGOE__ligand1690-0
226,MEPGOE__ligand1551-0
227,MEPGOE__ligand2526-0
228,MEPGOE__ligand3196-0
229,MEPGOE__ligand4012-0
230,MEPGOE__ligand2915-0
231,MEPGOE__ligand669-0
232,MEPGOE__ligand4175-0
233,MEPGOE__ligand358-0
234,MEPGOE__ligand2255-0
235,MEPGOE__ligand430-0
236,MEPGOE__ligand365-0
237,MEPGOE__ligand1918-0
238,MEPGOE__ligand278-0
239,MEPGOE__ligand4370-0
240,MEPGOE__ligand670-0
241,MEPGOE__ligand118-0
242,MEPGOE__ligand571-0
243,MEPGOE__ligand45-0
244,MEPGOE__ligand509-0
245,MEPGOE__ligand78-0
246,MEPGOE__ligand85-0
247,MEPGOE__ligand1436-0
248,MEPGOE__ligand3618-0
249,MEPGOE__ligand2618-0
250,MEPGOE__ligand8-0
251,MEPGOE__ligand4894-0
252,MEPGOE__ligand1260-0
253,MEPGOE__ligand9620-0
254,MEPGOE__ligand1449-1
255,MEPGOE__ligand4811-0
256,MEPGOE__ligand3337-0
257,MEPGOE__ligand7514-0
258,MEPGOE__ligand66-0
259,MEPGOE__ligand3566-0
260,MEPGOE__ligand797-0
261,MEPGOE__ligand1178-0
262,MEPGOE__ligand1321-0
263,MEPGOE__ligand1788-0
264,MEPGOE__ligand757-0
265,MEPGOE__ligand120-0
266,MEPGOE__ligand6166-0
267,MEPGOE__ligand38-0
268,MEPGOE__ligand384-0
269,MEPGOE__ligand1246-0
270,MEPGOE__ligand5089-0
271,MEPGOE__ligand2599-0
272,MEPGOE__ligand40-0
273,MEPGOE__ligand3853-0
274,MEPGOE__ligand2853-0
275,MEPGOE__ligand1307-0
276,MEPGOE__ligand21-0
277,MEPGOE__ligand240-0
278,MEPGOE__ligand141-0
279,MEPGOE__ligand279-0
280,MEPGOE__ligand2389-0
281,MEPGOE__ligand178-0
282,MEPGOE__ligand321-0
283,MEPGOE__ligand1919-0
284,MEPGOE__ligand3579-0
285,MEPGOE__ligand2110-0
286,MEPGOE__ligand2916-0
287,MEPGOE__ligand100-0
288,MEPGOE__ligand18-0
289,MEPGOE__ligand244-0
290,MEPGOE__ligand201-0
291,MEPGOE__ligand1712-0
292,MEPGOE__ligand1858-0
293,MEPGOE__ligand8032-0
294,MEPGOE__ligand124-0
295,MEPGOE__ligand3051-0
296,MEPGOE__ligand4504-0
297,MEPGOE__ligand2480-0
298,MEPGOE__ligand119-0
299,MEPGOE__ligand1898-0
300,MEPGOE__ligand2315-0
301,MEPGOE__ligand5334-0
302,MEPGOE__ligand6571-0
303,MEPGOE__ligand1325-0
304,MEPGOE__ligand2482-0
305,MEPGOE__ligand7414-0
306,MEPGOE__ligand5762-0
307,MEPGOE__ligand1104-0
308,MEPGOE__ligand126-0
309,MEPGOE__ligand86-0
310,MEPGOE__ligand2442-0
311,MEPGOE__ligand1019-0
312,MEPGOE__ligand1264-0
313,MEPGOE__ligand1221-0
314,MEPGOE__ligand6430-0
315,MEPGOE__ligand1299-0
316,MEPGOE__ligand1379-0
317,MEPGOE__ligand596-0
318,MEPGOE__ligand612-0
319,MEPGOE__ligand187-0
320,MEPGOE__ligand2376-0
321,MEPGOE__ligand62-0
322,MEPGOE__ligand366-0
323,MEPGOE__ligand2929-0
324,MEPGOE__ligand861-0
