,TMC
0,QIXLUF__ligand28789-0
1,QIXLUF__ligand1908-0
2,QIXLUF__ligand366-0
3,QIXLUF__ligand21371-0
4,QIXLUF__ligand17118-0
5,QIXLUF__ligand20419-0
6,QIXLUF__ligand3285-0
7,QIXLUF__ligand4795-0
8,QIXLUF__ligand38-0
9,QIXLUF__ligand657-0
10,QIXLUF__ligand1786-0
11,QIXLUF__ligand14889-0
12,QIXLUF__ligand30851-0
13,QIXLUF__ligand187-0
14,QIXLUF__ligand5630-0
15,QIXLUF__ligand29568-0
16,QIXLUF__ligand1828-0
17,QIXLUF__ligand31097-0
18,QIXLUF__ligand21581-0
19,QIXLUF__ligand7213-0
20,QIXLUF__ligand1397-0
21,QIXLUF__ligand20214-0
22,QIXLUF__ligand30702-0
23,QIXLUF__ligand20251-0
24,QIXLUF__ligand8042-0
25,QIXLUF__ligand6112-0
26,QIXLUF__ligand596-0
27,QIXLUF__ligand941-0
28,QIXLUF__ligand20539-0
29,QIXLUF__ligand5085-0
30,QIXLUF__ligand3144-0
31,QIXLUF__ligand777-0
32,QIXLUF__ligand14117-0
33,QIXLUF__ligand5755-0
34,QIXLUF__ligand17261-0
35,QIXLUF__ligand4710-0
36,QIXLUF__ligand163-0
37,QIXLUF__ligand126-0
38,QIXLUF__ligand16475-0
39,QIXLUF__ligand14703-0
40,QIXLUF__ligand1849-0
41,QIXLUF__ligand5019-0
42,QIXLUF__ligand1152-0
43,QIXLUF__ligand20251-1
44,QIXLUF__ligand3261-0
45,QIXLUF__ligand1216-0
46,QIXLUF__ligand845-0
47,QIXLUF__ligand17982-0
48,QIXLUF__ligand29414-0
49,QIXLUF__ligand17278-0
50,QIXLUF__ligand20011-0
51,QIXLUF__ligand24047-0
52,QIXLUF__ligand10589-0
53,QIXLUF__ligand22557-0
54,QIXLUF__ligand20598-0
55,QIXLUF__ligand1831-0
56,QIXLUF__ligand5280-0
57,QIXLUF__ligand5614-0
58,QIXLUF__ligand11675-0
59,QIXLUF__ligand17398-0
60,QIXLUF__ligand6663-0
61,QIXLUF__ligand5515-0
62,QIXLUF__ligand8200-0
63,QIXLUF__ligand7438-0
64,QIXLUF__ligand28884-0
65,QIXLUF__ligand4063-0
66,QIXLUF__ligand13331-0
67,QIXLUF__ligand14248-0
68,QIXLUF__ligand29879-0
69,QIXLUF__ligand12030-0
70,QIXLUF__ligand3042-0
71,QIXLUF__ligand13294-0
72,QIXLUF__ligand31832-0
73,QIXLUF__ligand3453-0
74,QIXLUF__ligand3416-0
75,QIXLUF__ligand25411-0
76,QIXLUF__ligand4207-0
77,QIXLUF__ligand11456-0
78,QIXLUF__ligand1539-0
79,QIXLUF__ligand66-0
80,QIXLUF__ligand14174-0
81,QIXLUF__ligand1150-0
82,QIXLUF__ligand10712-0
83,QIXLUF__ligand338-0
84,QIXLUF__ligand4266-0
85,QIXLUF__ligand1400-0
86,QIXLUF__ligand9491-0
87,QIXLUF__ligand20682-0
88,QIXLUF__ligand4167-0
89,QIXLUF__ligand201-0
90,QIXLUF__ligand1288-0
91,QIXLUF__ligand42-0
92,QIXLUF__ligand13390-0
93,QIXLUF__ligand7075-0
94,QIXLUF__ligand3980-0
95,QIXLUF__ligand321-0
96,QIXLUF__ligand3557-0
97,QIXLUF__ligand1149-0
98,QIXLUF__ligand13208-0
99,QIXLUF__ligand1779-0
100,QIXLUF__ligand279-0
101,QIXLUF__ligand6993-0
102,QIXLUF__ligand185-0
103,QIXLUF__ligand1817-0
104,QIXLUF__ligand26810-0
105,QIXLUF__ligand9750-0
106,QIXLUF__ligand178-0
107,QIXLUF__ligand27482-0
108,QIXLUF__ligand13068-0
109,QIXLUF__ligand19830-0
110,QIXLUF__ligand10476-0
111,QIXLUF__ligand1618-0
112,QIXLUF__ligand24145-0
113,QIXLUF__ligand2692-0
114,QIXLUF__ligand12401-0
115,QIXLUF__ligand15585-0
116,QIXLUF__ligand240-0
117,QIXLUF__ligand12231-0
118,QIXLUF__ligand1028-0
119,QIXLUF__ligand4262-0
120,QIXLUF__ligand141-0
121,QIXLUF__ligand17387-0
122,QIXLUF__ligand12130-0
123,QIXLUF__ligand18292-0
124,QIXLUF__ligand12289-0
125,QIXLUF__ligand26702-0
126,QIXLUF__ligand13658-0
127,QIXLUF__ligand17805-0
128,QIXLUF__ligand2027-0
129,QIXLUF__ligand17302-0
130,QIXLUF__ligand1015-0
131,QIXLUF__ligand1050-0
132,QIXLUF__ligand25178-0
133,QIXLUF__ligand23769-0
134,QIXLUF__ligand24185-0
135,QIXLUF__ligand10958-0
136,QIXLUF__ligand12641-0
137,QIXLUF__ligand768-0
138,QIXLUF__ligand14108-0
139,QIXLUF__ligand1169-0
140,QIXLUF__ligand8529-0
141,QIXLUF__ligand29302-0
142,QIXLUF__ligand13425-0
143,QIXLUF__ligand1154-0
144,QIXLUF__ligand1-0
145,QIXLUF__ligand384-0
146,QIXLUF__ligand9615-0
147,QIXLUF__ligand18814-0
148,QIXLUF__ligand19057-0
149,QIXLUF__ligand27763-0
150,QIXLUF__ligand28676-0
151,QIXLUF__ligand10262-0
152,QIXLUF__ligand1498-0
153,QIXLUF__ligand4596-0
154,QIXLUF__ligand16628-0
155,QIXLUF__ligand757-0
156,QIXLUF__ligand3-0
157,QIXLUF__ligand28468-0
158,QIXLUF__ligand20740-0
159,QIXLUF__ligand8553-0
160,QIXLUF__ligand12427-0
161,QIXLUF__ligand1113-0
162,QIXLUF__ligand27460-0
163,QIXLUF__ligand5201-0
164,QIXLUF__ligand122-0
165,QIXLUF__ligand12606-0
166,QIXLUF__ligand2001-0
167,QIXLUF__ligand30333-0
168,QIXLUF__ligand7566-0
169,QIXLUF__ligand12337-0
170,QIXLUF__ligand29410-0
171,QIXLUF__ligand26540-0
172,QIXLUF__ligand17281-0
173,QIXLUF__ligand18-0
174,QIXLUF__ligand8593-0
175,QIXLUF__ligand9944-0
176,QIXLUF__ligand30296-0
177,QIXLUF__ligand6995-0
178,QIXLUF__ligand31783-0
179,QIXLUF__ligand2823-0
180,QIXLUF__ligand26665-0
181,QIXLUF__ligand4340-0
182,QIXLUF__ligand17631-0
183,QIXLUF__ligand13012-0
184,QIXLUF__ligand2281-0
185,QIXLUF__ligand2650-0
186,QIXLUF__ligand17258-0
187,QIXLUF__ligand3180-0
188,QIXLUF__ligand14603-0
189,QIXLUF__ligand14297-0
190,QIXLUF__ligand30988-0
191,QIXLUF__ligand5415-0
192,QIXLUF__ligand27175-0
193,QIXLUF__ligand18832-0
194,QIXLUF__ligand23713-0
195,QIXLUF__ligand19641-0
196,QIXLUF__ligand12934-0
197,QIXLUF__ligand20578-0
198,QIXLUF__ligand15422-0
199,QIXLUF__ligand27893-0
200,QIXLUF__ligand14723-0
201,QIXLUF__ligand693-0
202,QIXLUF__ligand4161-0
203,QIXLUF__ligand3471-0
204,QIXLUF__ligand4124-0
205,QIXLUF__ligand3126-0
206,QIXLUF__ligand6391-0
207,QIXLUF__ligand9284-0
208,QIXLUF__ligand67-0
209,QIXLUF__ligand1114-0
210,QIXLUF__ligand30539-0
211,QIXLUF__ligand4-0
212,QIXLUF__ligand21132-0
213,QIXLUF__ligand2417-0
214,QIXLUF__ligand11166-0
215,QIXLUF__ligand23906-0
216,QIXLUF__ligand12295-0
217,QIXLUF__ligand670-0
218,QIXLUF__ligand2043-0
219,QIXLUF__ligand27835-0
220,QIXLUF__ligand534-0
221,QIXLUF__ligand1832-0
222,QIXLUF__ligand571-0
223,QIXLUF__ligand8788-0
224,QIXLUF__ligand1604-0
225,QIXLUF__ligand21787-0
226,QIXLUF__ligand25575-0
227,QIXLUF__ligand9943-0
228,QIXLUF__ligand1228-0
229,QIXLUF__ligand25689-0
230,QIXLUF__ligand13209-0
231,QIXLUF__ligand19257-0
232,QIXLUF__ligand9450-0
233,QIXLUF__ligand12660-0
234,QIXLUF__ligand2612-0
235,QIXLUF__ligand31248-0
236,QIXLUF__ligand25650-0
237,QIXLUF__ligand1599-0
238,QIXLUF__ligand1289-0
239,QIXLUF__ligand358-0
240,QIXLUF__ligand5387-0
241,QIXLUF__ligand2203-0
242,QIXLUF__ligand430-0
243,QIXLUF__ligand488-0
244,QIXLUF__ligand43-0
245,QIXLUF__ligand11206-0
246,QIXLUF__ligand23124-0
247,QIXLUF__ligand694-0
248,QIXLUF__ligand25735-0
249,QIXLUF__ligand12519-0
250,QIXLUF__ligand2906-0
251,QIXLUF__ligand29863-0
252,QIXLUF__ligand18074-0
253,QIXLUF__ligand13869-0
254,QIXLUF__ligand3244-0
255,QIXLUF__ligand4711-0
256,QIXLUF__ligand4649-0
257,QIXLUF__ligand2788-0
258,QIXLUF__ligand5649-0
259,QIXLUF__ligand8793-0
260,QIXLUF__ligand11140-0
261,QIXLUF__ligand696-0
262,QIXLUF__ligand29610-0
263,QIXLUF__ligand1356-0
264,QIXLUF__ligand1787-0
265,QIXLUF__ligand656-0
266,QIXLUF__ligand5530-0
267,QIXLUF__ligand28668-0
268,QIXLUF__ligand9753-0
269,QIXLUF__ligand16791-0
270,QIXLUF__ligand7196-0
271,QIXLUF__ligand5159-0
272,QIXLUF__ligand18465-0
273,QIXLUF__ligand4807-0
274,QIXLUF__ligand18799-0
275,QIXLUF__ligand3178-0
276,QIXLUF__ligand22981-0
277,QIXLUF__ligand25805-0
278,QIXLUF__ligand20599-0
279,QIXLUF__ligand27074-0
280,QIXLUF__ligand5180-0
281,QIXLUF__ligand6017-0
282,QIXLUF__ligand27169-0
283,QIXLUF__ligand14523-0
284,QIXLUF__ligand18391-0
285,QIXLUF__ligand7316-0
286,QIXLUF__ligand5708-0
287,QIXLUF__ligand2260-0
288,QIXLUF__ligand7092-0
289,QIXLUF__ligand12467-0
290,QIXLUF__ligand1116-0
291,QIXLUF__ligand416-0
292,QIXLUF__ligand3225-0
293,QIXLUF__ligand1153-0
294,QIXLUF__ligand25267-0
295,QIXLUF__ligand8612-0
296,QIXLUF__ligand2124-0
297,QIXLUF__ligand383-0
298,QIXLUF__ligand10084-0
299,QIXLUF__ligand7172-0
300,QIXLUF__ligand162-0
301,QIXLUF__ligand23904-0
302,QIXLUF__ligand7273-0
303,QIXLUF__ligand13257-0
304,QIXLUF__ligand226-0
305,QIXLUF__ligand9323-0
306,QIXLUF__ligand21936-0
307,QIXLUF__ligand12336-0
308,QIXLUF__ligand1296-0
309,QIXLUF__ligand2259-0
310,QIXLUF__ligand497-0
311,QIXLUF__ligand1197-0
312,QIXLUF__ligand13072-0
313,QIXLUF__ligand19-0
314,QIXLUF__ligand8592-0
315,QIXLUF__ligand5099-0
316,QIXLUF__ligand9773-0
317,QIXLUF__ligand1376-0
318,QIXLUF__ligand633-0
319,QIXLUF__ligand5510-0
320,QIXLUF__ligand5595-0
321,QIXLUF__ligand18699-0
322,QIXLUF__ligand4101-0
323,QIXLUF__ligand12682-0
324,QIXLUF__ligand4358-0
325,QIXLUF__ligand24-0
326,QIXLUF__ligand3926-0
327,QIXLUF__ligand17590-0
328,QIXLUF__ligand3120-0
329,QIXLUF__ligand2221-0
330,QIXLUF__ligand17240-0
331,QIXLUF__ligand8002-0
332,QIXLUF__ligand5509-0
333,QIXLUF__ligand11568-0
334,QIXLUF__ligand1407-0
335,QIXLUF__ligand6117-0
336,QIXLUF__ligand17710-0
337,QIXLUF__ligand20579-0
338,QIXLUF__ligand692-0
339,QIXLUF__ligand14586-0
340,QIXLUF__ligand11774-0
341,QIXLUF__ligand436-0
342,QIXLUF__ligand5080-0
343,QIXLUF__ligand7762-0
344,QIXLUF__ligand21421-0
345,QIXLUF__ligand45-0
346,QIXLUF__ligand19725-0
347,QIXLUF__ligand9167-0
348,QIXLUF__ligand78-0
349,QIXLUF__ligand5304-0
350,QIXLUF__ligand2238-0
351,QIXLUF__ligand24613-0
352,QIXLUF__ligand326-0
353,QIXLUF__ligand3867-0
354,QIXLUF__ligand10555-0
355,QIXLUF__ligand1317-0
356,QIXLUF__ligand7293-0
357,QIXLUF__ligand2822-0
358,QIXLUF__ligand31483-0
359,QIXLUF__ligand361-0
360,QIXLUF__ligand324-0
361,QIXLUF__ligand4007-0
362,QIXLUF__ligand2985-0
363,QIXLUF__ligand409-0
364,QIXLUF__ligand15168-0
365,QIXLUF__ligand9299-0
366,QIXLUF__ligand7291-0
367,QIXLUF__ligand23589-0
368,QIXLUF__ligand24064-0
369,QIXLUF__ligand9883-0
370,QIXLUF__ligand3677-1
371,QIXLUF__ligand9344-0
372,QIXLUF__ligand3736-0
373,QIXLUF__ligand8000-0
374,QIXLUF__ligand22755-0
375,QIXLUF__ligand11432-0
376,QIXLUF__ligand31618-0
377,QIXLUF__ligand10432-0
378,QIXLUF__ligand3945-0
379,QIXLUF__ligand29898-0
380,QIXLUF__ligand26277-0
381,QIXLUF__ligand5383-0
382,QIXLUF__ligand2693-0
383,QIXLUF__ligand1464-0
384,QIXLUF__ligand3712-0
385,QIXLUF__ligand199-0
386,QIXLUF__ligand1499-0
387,QIXLUF__ligand24750-0
388,QIXLUF__ligand2881-0
389,QIXLUF__ligand31578-0
390,QIXLUF__ligand6892-0
391,QIXLUF__ligand17207-0
392,QIXLUF__ligand1211-0
393,QIXLUF__ligand17945-0
394,QIXLUF__ligand25224-0
395,QIXLUF__ligand18013-0
396,QIXLUF__ligand18703-0
397,QIXLUF__ligand3677-0
398,QIXLUF__ligand3632-0
399,QIXLUF__ligand1168-0
400,QIXLUF__ligand300-0
401,QIXLUF__ligand1294-0
402,QIXLUF__ligand29087-0
403,QIXLUF__ligand6699-0
404,QIXLUF__ligand28924-0
405,QIXLUF__ligand588-0
406,QIXLUF__ligand15438-0
407,QIXLUF__ligand19824-0
408,QIXLUF__ligand17-0
409,QIXLUF__ligand18067-0
410,QIXLUF__ligand3156-0
411,QIXLUF__ligand2915-0
412,QIXLUF__ligand421-0
413,QIXLUF__ligand685-0
414,QIXLUF__ligand10582-0
415,QIXLUF__ligand6244-0
416,QIXLUF__ligand13260-0
417,QIXLUF__ligand11252-0
418,QIXLUF__ligand1378-0
419,QIXLUF__ligand31000-0
420,QIXLUF__ligand294-0
421,QIXLUF__ligand9441-0
422,QIXLUF__ligand11606-0
423,QIXLUF__ligand2332-0
424,QIXLUF__ligand1631-0
425,QIXLUF__ligand20821-0
426,QIXLUF__ligand1575-0
427,QIXLUF__ligand1530-0
428,QIXLUF__ligand9933-0
429,QIXLUF__ligand26673-0
430,QIXLUF__ligand5643-0
431,QIXLUF__ligand11622-0
432,QIXLUF__ligand560-0
433,QIXLUF__ligand1823-0
434,QIXLUF__ligand16870-0
435,QIXLUF__ligand1324-0
436,QIXLUF__ligand8721-0
437,QIXLUF__ligand9952-0
438,QIXLUF__ligand9111-0
439,QIXLUF__ligand16603-0
440,QIXLUF__ligand2526-0
441,QIXLUF__ligand5036-0
442,QIXLUF__ligand11814-0
443,QIXLUF__ligand1615-0
444,QIXLUF__ligand25658-0
445,QIXLUF__ligand17686-0
446,QIXLUF__ligand8992-0
447,QIXLUF__ligand31205-0
448,QIXLUF__ligand9601-0
449,QIXLUF__ligand6124-0
450,QIXLUF__ligand15455-0
451,QIXLUF__ligand3707-0
452,QIXLUF__ligand134-0
453,QIXLUF__ligand7967-0
454,QIXLUF__ligand1018-0
455,QIXLUF__ligand235-0
456,QIXLUF__ligand4116-0
457,QIXLUF__ligand11177-0
458,QIXLUF__ligand868-0
459,QIXLUF__ligand16952-0
460,QIXLUF__ligand29813-0
461,QIXLUF__ligand1142-0
462,QIXLUF__ligand3234-0
463,QIXLUF__ligand89-0
464,QIXLUF__ligand15387-0
465,QIXLUF__ligand20121-0
466,QIXLUF__ligand7126-0
467,QIXLUF__ligand2028-0
468,QIXLUF__ligand8835-0
469,QIXLUF__ligand20220-0
470,QIXLUF__ligand20530-0
471,QIXLUF__ligand11698-0
472,QIXLUF__ligand13657-0
473,QIXLUF__ligand14347-0
474,QIXLUF__ligand14302-0
475,QIXLUF__ligand24851-0
476,QIXLUF__ligand4641-0
477,QIXLUF__ligand29441-0
478,QIXLUF__ligand352-0
479,QIXLUF__ligand10853-0
480,QIXLUF__ligand783-0
481,QIXLUF__ligand49-0
482,QIXLUF__ligand10479-0
483,QIXLUF__ligand27610-0
484,QIXLUF__ligand11479-0
485,QIXLUF__ligand197-0
486,QIXLUF__ligand4620-0
487,QIXLUF__ligand19668-0
488,QIXLUF__ligand19906-0
489,QIXLUF__ligand2295-0
490,QIXLUF__ligand1577-0
491,QIXLUF__ligand6067-0
492,QIXLUF__ligand22353-0
493,QIXLUF__ligand2917-0
494,QIXLUF__ligand7819-0
495,QIXLUF__ligand6102-0
496,QIXLUF__ligand3721-0
497,QIXLUF__ligand6904-0
498,QIXLUF__ligand6596-0
499,QIXLUF__ligand3465-0
500,QIXLUF__ligand10151-0
501,QIXLUF__ligand1959-0
502,QIXLUF__ligand22357-0
503,QIXLUF__ligand11758-0
504,QIXLUF__ligand3504-0
505,QIXLUF__ligand372-0
506,QIXLUF__ligand9935-0
507,QIXLUF__ligand69-0
508,QIXLUF__ligand21448-0
509,QIXLUF__ligand1573-0
510,QIXLUF__ligand1536-0
511,QIXLUF__ligand830-0
512,QIXLUF__ligand11501-0
513,QIXLUF__ligand11544-0
514,QIXLUF__ligand6616-0
515,QIXLUF__ligand3876-0
516,QIXLUF__ligand1343-0
517,QIXLUF__ligand3035-0
518,QIXLUF__ligand3718-0
519,QIXLUF__ligand29214-0
520,QIXLUF__ligand1844-0
521,QIXLUF__ligand193-0
522,QIXLUF__ligand4661-0
523,QIXLUF__ligand252-0
524,QIXLUF__ligand17445-0
525,QIXLUF__ligand7242-0
526,QIXLUF__ligand17069-0
527,QIXLUF__ligand116-0
528,QIXLUF__ligand14477-0
529,QIXLUF__ligand7106-0
530,QIXLUF__ligand1263-0
531,QIXLUF__ligand9908-0
532,QIXLUF__ligand11798-0
533,QIXLUF__ligand11-0
534,QIXLUF__ligand12413-0
535,QIXLUF__ligand29334-0
536,QIXLUF__ligand20731-0
537,QIXLUF__ligand177-0
538,QIXLUF__ligand18158-0
539,QIXLUF__ligand5211-0
540,QIXLUF__ligand27771-0
541,QIXLUF__ligand3094-0
542,QIXLUF__ligand4155-0
543,QIXLUF__ligand29565-0
544,QIXLUF__ligand23682-0
545,QIXLUF__ligand4720-0
546,QIXLUF__ligand6839-0
547,QIXLUF__ligand3131-0
548,QIXLUF__ligand20942-1
549,QIXLUF__ligand3174-0
550,QIXLUF__ligand1202-0
551,QIXLUF__ligand3937-0
552,QIXLUF__ligand14226-0
553,QIXLUF__ligand21339-0
554,QIXLUF__ligand16956-0
555,QIXLUF__ligand8969-0
556,QIXLUF__ligand5331-0
557,QIXLUF__ligand1512-0
558,QIXLUF__ligand3565-0
559,QIXLUF__ligand27550-0
560,QIXLUF__ligand18019-1
561,QIXLUF__ligand14007-0
562,QIXLUF__ligand6919-0
563,QIXLUF__ligand909-0
564,QIXLUF__ligand2485-0
565,QIXLUF__ligand3852-0
566,QIXLUF__ligand18413-0
567,QIXLUF__ligand479-0
568,QIXLUF__ligand20844-0
569,QIXLUF__ligand24624-0
570,QIXLUF__ligand1285-0
571,QIXLUF__ligand311-0
572,QIXLUF__ligand785-0
573,QIXLUF__ligand18757-0
574,QIXLUF__ligand6768-0
575,QIXLUF__ligand8115-0
576,QIXLUF__ligand24560-0
577,QIXLUF__ligand7000-0
578,QIXLUF__ligand1982-0
579,QIXLUF__ligand4546-0
580,QIXLUF__ligand4503-0
581,QIXLUF__ligand620-0
582,QIXLUF__ligand370-1
583,QIXLUF__ligand564-0
584,QIXLUF__ligand188-0
585,QIXLUF__ligand4157-0
586,QIXLUF__ligand30788-0
587,QIXLUF__ligand13691-0
588,QIXLUF__ligand7648-0
589,QIXLUF__ligand14339-0
590,QIXLUF__ligand2828-0
591,QIXLUF__ligand8876-0
592,QIXLUF__ligand9833-0
593,QIXLUF__ligand5256-0
594,QIXLUF__ligand2176-0
595,QIXLUF__ligand9291-0
596,QIXLUF__ligand2232-0
597,QIXLUF__ligand21752-0
598,QIXLUF__ligand4272-0
599,QIXLUF__ligand1451-0
600,QIXLUF__ligand7629-0
601,QIXLUF__ligand250-0
602,QIXLUF__ligand25048-0
603,QIXLUF__ligand21940-0
604,QIXLUF__ligand9784-0
605,QIXLUF__ligand24953-0
606,QIXLUF__ligand23445-0
607,QIXLUF__ligand9520-0
608,QIXLUF__ligand1160-0
609,QIXLUF__ligand8699-0
610,QIXLUF__ligand27122-0
611,QIXLUF__ligand20432-0
612,QIXLUF__ligand3954-0
613,QIXLUF__ligand4442-0
614,QIXLUF__ligand4093-0
615,QIXLUF__ligand13755-0
616,QIXLUF__ligand16133-0
617,QIXLUF__ligand7867-0
618,QIXLUF__ligand1219-0
619,QIXLUF__ligand6709-0
620,QIXLUF__ligand4016-0
621,QIXLUF__ligand370-0
622,QIXLUF__ligand8-0
623,QIXLUF__ligand7238-0
624,QIXLUF__ligand30004-0
625,QIXLUF__ligand20557-0
626,QIXLUF__ligand7280-0
627,QIXLUF__ligand1304-0
628,QIXLUF__ligand1790-0
629,QIXLUF__ligand353-0
630,QIXLUF__ligand3208-0
631,QIXLUF__ligand2208-0
632,QIXLUF__ligand48-0
633,QIXLUF__ligand27285-0
634,QIXLUF__ligand29029-0
635,QIXLUF__ligand8722-0
636,QIXLUF__ligand6672-0
637,QIXLUF__ligand9809-0
638,QIXLUF__ligand1327-0
639,QIXLUF__ligand23197-0
640,QIXLUF__ligand7573-0
641,QIXLUF__ligand2781-0
642,QIXLUF__ligand3350-0
643,QIXLUF__ligand1773-0
644,QIXLUF__ligand4581-0
645,QIXLUF__ligand2328-0
646,QIXLUF__ligand7162-0
647,QIXLUF__ligand3029-0
648,QIXLUF__ligand30142-0
649,QIXLUF__ligand393-0
650,QIXLUF__ligand27669-0
651,QIXLUF__ligand9197-0
652,QIXLUF__ligand1900-0
653,QIXLUF__ligand14167-0
654,QIXLUF__ligand13477-0
655,QIXLUF__ligand19184-0
656,QIXLUF__ligand4131-0
657,QIXLUF__ligand1712-0
658,QIXLUF__ligand686-0
659,QIXLUF__ligand12453-0
660,QIXLUF__ligand422-0
661,QIXLUF__ligand18448-0
662,QIXLUF__ligand28459-0
663,QIXLUF__ligand5094-0
664,QIXLUF__ligand5892-0
665,QIXLUF__ligand51-0
666,QIXLUF__ligand1533-0
667,QIXLUF__ligand10371-0
668,QIXLUF__ligand91-0
669,QIXLUF__ligand7557-0
670,QIXLUF__ligand1496-0
671,QIXLUF__ligand18568-0
672,QIXLUF__ligand28685-0
673,QIXLUF__ligand196-0
674,QIXLUF__ligand13672-0
675,QIXLUF__ligand5056-0
676,QIXLUF__ligand14614-0
677,QIXLUF__ligand4850-0
678,QIXLUF__ligand5357-0
679,QIXLUF__ligand16663-0
680,QIXLUF__ligand3647-0
681,QIXLUF__ligand1688-0
682,QIXLUF__ligand314-1
683,QIXLUF__ligand1469-0
684,QIXLUF__ligand31044-0
685,QIXLUF__ligand31842-0
686,QIXLUF__ligand11994-0
687,QIXLUF__ligand3871-0
688,QIXLUF__ligand1768-0
689,QIXLUF__ligand24035-0
690,QIXLUF__ligand5935-0
691,QIXLUF__ligand11682-0
692,QIXLUF__ligand2722-0
693,QIXLUF__ligand20207-0
694,QIXLUF__ligand30711-0
695,QIXLUF__ligand1379-0
696,QIXLUF__ligand16-0
697,QIXLUF__ligand3157-0
698,QIXLUF__ligand16988-0
699,QIXLUF__ligand25913-0
700,QIXLUF__ligand9525-0
701,QIXLUF__ligand465-0
702,QIXLUF__ligand1165-0
703,QIXLUF__ligand618-0
704,QIXLUF__ligand15883-0
705,QIXLUF__ligand3392-0
706,QIXLUF__ligand1771-0
707,QIXLUF__ligand4911-0
708,QIXLUF__ligand11970-0
709,QIXLUF__ligand15926-0
710,QIXLUF__ligand19792-0
711,QIXLUF__ligand5849-0
712,QIXLUF__ligand10828-0
713,QIXLUF__ligand391-0
714,QIXLUF__ligand28810-0
715,QIXLUF__ligand11447-0
716,QIXLUF__ligand11096-0
717,QIXLUF__ligand32-0
718,QIXLUF__ligand24230-0
719,QIXLUF__ligand11357-0
720,QIXLUF__ligand13862-0
721,QIXLUF__ligand28743-0
722,QIXLUF__ligand813-0
723,QIXLUF__ligand15531-0
724,QIXLUF__ligand2527-0
725,QIXLUF__ligand12365-0
726,QIXLUF__ligand780-0
727,QIXLUF__ligand314-0
728,QIXLUF__ligand10056-0
729,QIXLUF__ligand8349-0
730,QIXLUF__ligand21919-0
731,QIXLUF__ligand1709-0
732,QIXLUF__ligand8464-0
733,QIXLUF__ligand22168-0
734,QIXLUF__ligand28930-0
735,QIXLUF__ligand22294-0
736,QIXLUF__ligand3934-0
737,QIXLUF__ligand395-0
738,QIXLUF__ligand29486-0
739,QIXLUF__ligand6882-0
740,QIXLUF__ligand6455-0
741,QIXLUF__ligand31694-0
742,QIXLUF__ligand368-0
743,QIXLUF__ligand17427-0
744,QIXLUF__ligand2403-0
745,QIXLUF__ligand3012-0
746,QIXLUF__ligand22129-0
747,QIXLUF__ligand12138-0
748,QIXLUF__ligand1449-0
749,QIXLUF__ligand24780-0
750,QIXLUF__ligand7530-0
751,QIXLUF__ligand1065-0
752,QIXLUF__ligand11949-0
753,QIXLUF__ligand9681-0
754,QIXLUF__ligand784-0
755,QIXLUF__ligand25561-0
756,QIXLUF__ligand4332-0
757,QIXLUF__ligand1729-0
758,QIXLUF__ligand24872-0
759,QIXLUF__ligand5627-0
760,QIXLUF__ligand27840-0
761,QIXLUF__ligand2830-0
762,QIXLUF__ligand30728-0
763,QIXLUF__ligand5316-0
764,QIXLUF__ligand833-0
765,QIXLUF__ligand12001-0
766,QIXLUF__ligand5483-0
767,QIXLUF__ligand10033-0
768,QIXLUF__ligand24644-0
769,QIXLUF__ligand24111-0
770,QIXLUF__ligand22444-0
771,QIXLUF__ligand57-0
772,QIXLUF__ligand14569-0
773,QIXLUF__ligand9148-0
774,QIXLUF__ligand13385-0
775,QIXLUF__ligand17396-0
776,QIXLUF__ligand115-0
777,QIXLUF__ligand1415-0
778,QIXLUF__ligand6946-0
779,QIXLUF__ligand23175-0
780,QIXLUF__ligand15788-0
781,QIXLUF__ligand11587-0
782,QIXLUF__ligand13220-0
783,QIXLUF__ligand7529-0
784,QIXLUF__ligand55-0
785,QIXLUF__ligand3215-0
786,QIXLUF__ligand22403-0
787,QIXLUF__ligand16369-0
788,QIXLUF__ligand28540-0
789,QIXLUF__ligand11111-0
790,QIXLUF__ligand27754-0
791,QIXLUF__ligand20695-0
792,QIXLUF__ligand152-0
793,QIXLUF__ligand7107-0
794,QIXLUF__ligand6283-0
795,QIXLUF__ligand29215-0
796,QIXLUF__ligand506-0
797,QIXLUF__ligand4738-0
798,QIXLUF__ligand5813-0
799,QIXLUF__ligand21399-0
800,QIXLUF__ligand10872-0
801,QIXLUF__ligand4813-0
802,QIXLUF__ligand26631-0
803,QIXLUF__ligand16148-0
804,QIXLUF__ligand68-0
805,QIXLUF__ligand6062-0
806,QIXLUF__ligand12003-0
807,QIXLUF__ligand28559-0
808,QIXLUF__ligand26324-0
809,QIXLUF__ligand7532-0
810,QIXLUF__ligand14043-0
811,QIXLUF__ligand19927-0
812,QIXLUF__ligand4194-0
813,QIXLUF__ligand487-0
814,QIXLUF__ligand4330-0
815,QIXLUF__ligand2599-0
816,QIXLUF__ligand21729-0
817,QIXLUF__ligand27239-0
818,QIXLUF__ligand447-0
819,QIXLUF__ligand1147-0
820,QIXLUF__ligand26529-0
821,QIXLUF__ligand34-0
822,QIXLUF__ligand746-0
823,QIXLUF__ligand3973-0
824,QIXLUF__ligand176-0
825,QIXLUF__ligand7925-0
826,QIXLUF__ligand2068-0
827,QIXLUF__ligand11618-0
