,TMC
0,FUSHEH__ligand2285-0
1,FUSHEH__ligand1567-0
2,FUSHEH__ligand8921-0
3,FUSHEH__ligand2510-0
4,FUSHEH__ligand2320-0
5,FUSHEH__ligand1056-0
6,FUSHEH__ligand2862-0
7,FUSHEH__ligand502-0
8,FUSHEH__ligand196-0
9,FUSHEH__ligand113-0
10,FUSHEH__ligand11-0
11,FUSHEH__ligand1703-0
12,FUSHEH__ligand2430-0
13,FUSHEH__ligand422-0
14,FUSHEH__ligand2907-0
15,FUSHEH__ligand1727-0
16,FUSHEH__ligand236-0
17,FUSHEH__ligand1152-0
18,FUSHEH__ligand1607-0
19,FUSHEH__ligand353-0
20,FUSHEH__ligand314-0
21,FUSHEH__ligand3637-0
22,FUSHEH__ligand481-0
23,FUSHEH__ligand15630-0
24,FUSHEH__ligand8774-0
25,FUSHEH__ligand10357-0
26,FUSHEH__ligand170-0
27,FUSHEH__ligand391-0
28,FUSHEH__ligand210-0
29,FUSHEH__ligand7464-0
30,FUSHEH__ligand1598-0
31,FUSHEH__ligand1248-0
32,FUSHEH__ligand4303-0
33,FUSHEH__ligand6294-0
34,FUSHEH__ligand1054-0
35,FUSHEH__ligand2142-0
36,FUSHEH__ligand9495-0
37,FUSHEH__ligand6151-0
38,FUSHEH__ligand2772-0
39,FUSHEH__ligand6538-0
40,FUSHEH__ligand115-0
41,FUSHEH__ligand17-0
42,FUSHEH__ligand291-0
43,FUSHEH__ligand2864-0
44,FUSHEH__ligand92-0
45,FUSHEH__ligand3-0
46,FUSHEH__ligand5022-0
47,FUSHEH__ligand485-0
48,FUSHEH__ligand1169-0
49,FUSHEH__ligand355-0
50,FUSHEH__ligand784-0
51,FUSHEH__ligand2880-0
52,FUSHEH__ligand5941-0
53,FUSHEH__ligand2838-0
54,FUSHEH__ligand3838-0
55,FUSHEH__ligand1799-0
56,FUSHEH__ligand1113-0
57,FUSHEH__ligand2265-0
58,FUSHEH__ligand447-0
59,FUSHEH__ligand6396-0
60,FUSHEH__ligand9027-0
61,FUSHEH__ligand89-0
62,FUSHEH__ligand133-0
63,FUSHEH__ligand2794-0
64,FUSHEH__ligand2345-0
65,FUSHEH__ligand1835-0
66,FUSHEH__ligand666-0
67,FUSHEH__ligand49-0
68,FUSHEH__ligand4983-0
69,FUSHEH__ligand522-0
70,FUSHEH__ligand1502-0
71,FUSHEH__ligand487-0
72,FUSHEH__ligand1052-0
73,FUSHEH__ligand1-0
74,FUSHEH__ligand1273-0
75,FUSHEH__ligand682-0
76,FUSHEH__ligand390-0
77,FUSHEH__ligand1114-0
78,FUSHEH__ligand1538-0
79,FUSHEH__ligand235-0
80,FUSHEH__ligand932-0
81,FUSHEH__ligand73-0
82,FUSHEH__ligand134-0
83,FUSHEH__ligand109-0
84,FUSHEH__ligand560-0
85,FUSHEH__ligand14530-0
86,FUSHEH__ligand525-0
87,FUSHEH__ligand1228-0
88,FUSHEH__ligand9244-0
89,FUSHEH__ligand993-0
90,FUSHEH__ligand1479-0
91,FUSHEH__ligand294-0
92,FUSHEH__ligand1148-0
93,FUSHEH__ligand6-0
94,FUSHEH__ligand331-0
95,FUSHEH__ligand421-0
96,FUSHEH__ligand798-0
97,FUSHEH__ligand3246-0
98,FUSHEH__ligand10910-0
99,FUSHEH__ligand584-0
100,FUSHEH__ligand916-0
101,FUSHEH__ligand57-0
102,FUSHEH__ligand10114-0
103,FUSHEH__ligand3145-0
104,FUSHEH__ligand7915-0
105,FUSHEH__ligand5548-0
106,FUSHEH__ligand55-0
107,FUSHEH__ligand1747-0
108,FUSHEH__ligand112-0
109,FUSHEH__ligand6686-0
110,FUSHEH__ligand2098-0
111,FUSHEH__ligand296-0
112,FUSHEH__ligand6502-0
113,FUSHEH__ligand2863-0
114,FUSHEH__ligand197-0
115,FUSHEH__ligand95-0
116,FUSHEH__ligand3178-0
117,FUSHEH__ligand4-0
118,FUSHEH__ligand6332-0
119,FUSHEH__ligand3041-0
120,FUSHEH__ligand10479-0
121,FUSHEH__ligand2634-0
122,FUSHEH__ligand1542-0
123,FUSHEH__ligand352-0
124,FUSHEH__ligand783-0
125,FUSHEH__ligand442-0
126,FUSHEH__ligand868-0
127,FUSHEH__ligand34-0
128,FUSHEH__ligand136-0
129,FUSHEH__ligand2751-0
130,FUSHEH__ligand2259-0
131,FUSHEH__ligand2688-0
132,FUSHEH__ligand851-0
133,FUSHEH__ligand48-0
134,FUSHEH__ligand909-0
135,FUSHEH__ligand1376-0
136,FUSHEH__ligand2768-0
137,FUSHEH__ligand177-0
138,FUSHEH__ligand934-0
139,FUSHEH__ligand6277-0
140,FUSHEH__ligand1951-0
141,FUSHEH__ligand1687-0
142,FUSHEH__ligand1706-0
143,FUSHEH__ligand51-0
144,FUSHEH__ligand955-0
145,FUSHEH__ligand252-0
146,FUSHEH__ligand3734-0
147,FUSHEH__ligand2629-0
148,FUSHEH__ligand4381-0
149,FUSHEH__ligand830-0
150,FUSHEH__ligand193-0
151,FUSHEH__ligand91-0
152,FUSHEH__ligand29-0
153,FUSHEH__ligand370-0
154,FUSHEH__ligand5801-0
155,FUSHEH__ligand3063-0
156,FUSHEH__ligand1438-0
157,FUSHEH__ligand250-0
158,FUSHEH__ligand1171-0
159,FUSHEH__ligand460-0
160,FUSHEH__ligand32-0
161,FUSHEH__ligand2087-0
162,FUSHEH__ligand1048-0
163,FUSHEH__ligand3757-0
164,FUSHEH__ligand188-0
165,FUSHEH__ligand369-0
166,FUSHEH__ligand1685-0
167,FUSHEH__ligand444-0
168,FUSHEH__ligand311-0
169,FUSHEH__ligand1544-0
170,FUSHEH__ligand1459-0
171,FUSHEH__ligand2915-0
172,FUSHEH__ligand430-0
173,FUSHEH__ligand358-0
174,FUSHEH__ligand669-0
175,FUSHEH__ligand86-0
176,FUSHEH__ligand278-0
177,FUSHEH__ligand365-0
178,FUSHEH__ligand3196-0
179,FUSHEH__ligand4012-0
180,FUSHEH__ligand571-0
181,FUSHEH__ligand118-0
182,FUSHEH__ligand670-0
183,FUSHEH__ligand2526-0
184,FUSHEH__ligand1551-0
185,FUSHEH__ligand1690-0
186,FUSHEH__ligand62-0
187,FUSHEH__ligand2707-0
188,FUSHEH__ligand509-0
189,FUSHEH__ligand383-0
190,FUSHEH__ligand3618-0
191,FUSHEH__ligand2618-0
192,FUSHEH__ligand226-0
193,FUSHEH__ligand1436-0
194,FUSHEH__ligand162-0
195,FUSHEH__ligand18-0
196,FUSHEH__ligand4370-0
197,FUSHEH__ligand1918-0
198,FUSHEH__ligand2255-0
199,FUSHEH__ligand4175-0
200,FUSHEH__ligand326-0
201,FUSHEH__ligand9176-0
202,FUSHEH__ligand821-0
203,FUSHEH__ligand38-0
204,FUSHEH__ligand1493-0
205,FUSHEH__ligand283-0
206,FUSHEH__ligand2718-0
207,FUSHEH__ligand3035-0
208,FUSHEH__ligand553-0
209,FUSHEH__ligand3070-0
210,FUSHEH__ligand5235-0
211,FUSHEH__ligand206-0
212,FUSHEH__ligand6143-0
213,FUSHEH__ligand40-0
214,FUSHEH__ligand142-0
215,FUSHEH__ligand4619-0
216,FUSHEH__ligand3251-0
217,FUSHEH__ligand436-0
218,FUSHEH__ligand1818-0
219,FUSHEH__ligand21-0
220,FUSHEH__ligand166-0
221,FUSHEH__ligand8-0
222,FUSHEH__ligand7456-0
223,FUSHEH__ligand838-0
224,FUSHEH__ligand5758-0
225,FUSHEH__ligand497-0
226,FUSHEH__ligand532-0
227,FUSHEH__ligand3852-0
228,FUSHEH__ligand633-0
229,FUSHEH__ligand918-0
230,FUSHEH__ligand3478-0
231,FUSHEH__ligand1555-0
232,FUSHEH__ligand1285-0
233,FUSHEH__ligand575-0
234,FUSHEH__ligand7630-0
235,FUSHEH__ligand199-0
236,FUSHEH__ligand66-0
237,FUSHEH__ligand3890-0
238,FUSHEH__ligand927-0
239,FUSHEH__ligand1907-0
240,FUSHEH__ligand4423-0
241,FUSHEH__ligand1038-0
242,FUSHEH__ligand105-0
243,FUSHEH__ligand140-0
244,FUSHEH__ligand2762-0
245,FUSHEH__ligand5093-0
246,FUSHEH__ligand2954-0
247,FUSHEH__ligand2253-0
248,FUSHEH__ligand1160-0
249,FUSHEH__ligand409-0
250,FUSHEH__ligand361-0
251,FUSHEH__ligand324-0
252,FUSHEH__ligand7550-0
253,FUSHEH__ligand5334-0
254,FUSHEH__ligand2315-0
255,FUSHEH__ligand3051-0
256,FUSHEH__ligand4504-0
257,FUSHEH__ligand2480-0
258,FUSHEH__ligand1898-0
259,FUSHEH__ligand8032-0
260,FUSHEH__ligand1858-0
261,FUSHEH__ligand126-0
262,FUSHEH__ligand596-0
263,FUSHEH__ligand1712-0
264,FUSHEH__ligand45-0
265,FUSHEH__ligand2110-0
266,FUSHEH__ligand2916-0
267,FUSHEH__ligand3579-0
268,FUSHEH__ligand861-0
269,FUSHEH__ligand1919-0
270,FUSHEH__ligand366-0
271,FUSHEH__ligand2389-0
272,FUSHEH__ligand187-0
273,FUSHEH__ligand85-0
274,FUSHEH__ligand78-0
275,FUSHEH__ligand612-0
276,FUSHEH__ligand2929-0
277,FUSHEH__ligand321-0
278,FUSHEH__ligand2376-0
279,FUSHEH__ligand178-0
280,FUSHEH__ligand279-0
281,FUSHEH__ligand1379-0
282,FUSHEH__ligand244-0
283,FUSHEH__ligand201-0
284,FUSHEH__ligand100-0
285,FUSHEH__ligand6430-0
286,FUSHEH__ligand1299-0
287,FUSHEH__ligand1264-0
288,FUSHEH__ligand1221-0
289,FUSHEH__ligand2442-0
290,FUSHEH__ligand124-0
291,FUSHEH__ligand1019-0
292,FUSHEH__ligand7414-0
293,FUSHEH__ligand5762-0
294,FUSHEH__ligand1104-0
295,FUSHEH__ligand1325-0
296,FUSHEH__ligand2482-0
297,FUSHEH__ligand119-0
298,FUSHEH__ligand6571-0
299,FUSHEH__ligand384-0
300,FUSHEH__ligand1788-0
301,FUSHEH__ligand67-0
302,FUSHEH__ligand120-0
303,FUSHEH__ligand1321-0
304,FUSHEH__ligand3566-0
305,FUSHEH__ligand1178-0
306,FUSHEH__ligand3337-0
307,FUSHEH__ligand7514-0
308,FUSHEH__ligand1449-1
309,FUSHEH__ligand4811-0
310,FUSHEH__ligand4894-0
311,FUSHEH__ligand1260-0
312,FUSHEH__ligand9620-0
313,FUSHEH__ligand141-0
314,FUSHEH__ligand240-0
315,FUSHEH__ligand11730-0
316,FUSHEH__ligand1307-0
317,FUSHEH__ligand3853-0
318,FUSHEH__ligand2853-0
319,FUSHEH__ligand5089-0
320,FUSHEH__ligand2599-0
321,FUSHEH__ligand797-0
322,FUSHEH__ligand1246-0
323,FUSHEH__ligand757-0
324,FUSHEH__ligand6166-0
