,TMC
0,XIJGED__ligand5801-0
1,XIJGED__ligand1438-0
2,XIJGED__ligand3063-0
3,XIJGED__ligand73-0
4,XIJGED__ligand1171-0
5,XIJGED__ligand210-0
6,XIJGED__ligand57-0
7,XIJGED__ligand1048-0
8,XIJGED__ligand391-0
9,XIJGED__ligand2087-0
10,XIJGED__ligand3757-0
11,XIJGED__ligand1685-0
12,XIJGED__ligand170-0
13,XIJGED__ligand1-0
14,XIJGED__ligand1544-0
15,XIJGED__ligand314-0
16,XIJGED__ligand1459-0
17,XIJGED__ligand481-0
18,XIJGED__ligand3-0
19,XIJGED__ligand2259-0
20,XIJGED__ligand2688-0
21,XIJGED__ligand95-0
22,XIJGED__ligand2768-0
23,XIJGED__ligand353-0
24,XIJGED__ligand1376-0
25,XIJGED__ligand6277-0
26,XIJGED__ligand55-0
27,XIJGED__ligand15630-0
28,XIJGED__ligand1951-0
29,XIJGED__ligand10357-0
30,XIJGED__ligand1687-0
31,XIJGED__ligand236-0
32,XIJGED__ligand34-0
33,XIJGED__ligand1706-0
34,XIJGED__ligand3734-0
35,XIJGED__ligand422-0
36,XIJGED__ligand2629-0
37,XIJGED__ligand4381-0
38,XIJGED__ligand113-0
39,XIJGED__ligand502-0
40,XIJGED__ligand196-0
41,XIJGED__ligand3145-0
42,XIJGED__ligand682-0
43,XIJGED__ligand5548-0
44,XIJGED__ligand7915-0
45,XIJGED__ligand1747-0
46,XIJGED__ligand6686-0
47,XIJGED__ligand6502-0
48,XIJGED__ligand48-0
49,XIJGED__ligand2098-0
50,XIJGED__ligand2863-0
51,XIJGED__ligand3178-0
52,XIJGED__ligand6332-0
53,XIJGED__ligand91-0
54,XIJGED__ligand3041-0
55,XIJGED__ligand487-0
56,XIJGED__ligand29-0
57,XIJGED__ligand666-0
58,XIJGED__ligand522-0
59,XIJGED__ligand2634-0
60,XIJGED__ligand1542-0
61,XIJGED__ligand133-0
62,XIJGED__ligand51-0
63,XIJGED__ligand447-0
64,XIJGED__ligand2751-0
65,XIJGED__ligand1114-0
66,XIJGED__ligand1538-0
67,XIJGED__ligand485-0
68,XIJGED__ligand355-0
69,XIJGED__ligand784-0
70,XIJGED__ligand1228-0
71,XIJGED__ligand9244-0
72,XIJGED__ligand1479-0
73,XIJGED__ligand291-0
74,XIJGED__ligand1148-0
75,XIJGED__ligand3246-0
76,XIJGED__ligand115-0
77,XIJGED__ligand32-0
78,XIJGED__ligand1113-0
79,XIJGED__ligand2265-0
80,XIJGED__ligand136-0
81,XIJGED__ligand14530-0
82,XIJGED__ligand6396-0
83,XIJGED__ligand442-0
84,XIJGED__ligand9027-0
85,XIJGED__ligand868-0
86,XIJGED__ligand11-0
87,XIJGED__ligand2794-0
88,XIJGED__ligand2345-0
89,XIJGED__ligand1835-0
90,XIJGED__ligand352-0
91,XIJGED__ligand783-0
92,XIJGED__ligand4983-0
93,XIJGED__ligand1502-0
94,XIJGED__ligand1052-0
95,XIJGED__ligand10910-0
96,XIJGED__ligand296-0
97,XIJGED__ligand197-0
98,XIJGED__ligand1273-0
99,XIJGED__ligand112-0
100,XIJGED__ligand584-0
101,XIJGED__ligand916-0
102,XIJGED__ligand2142-0
103,XIJGED__ligand6151-0
104,XIJGED__ligand421-0
105,XIJGED__ligand2772-0
106,XIJGED__ligand798-0
107,XIJGED__ligand9495-0
108,XIJGED__ligand6538-0
109,XIJGED__ligand10114-0
110,XIJGED__ligand331-0
111,XIJGED__ligand2864-0
112,XIJGED__ligand993-0
113,XIJGED__ligand294-0
114,XIJGED__ligand1169-0
115,XIJGED__ligand109-0
116,XIJGED__ligand5022-0
117,XIJGED__ligand560-0
118,XIJGED__ligand525-0
119,XIJGED__ligand10479-0
120,XIJGED__ligand235-0
121,XIJGED__ligand932-0
122,XIJGED__ligand134-0
123,XIJGED__ligand390-0
124,XIJGED__ligand2880-0
125,XIJGED__ligand5941-0
126,XIJGED__ligand2838-0
127,XIJGED__ligand1799-0
128,XIJGED__ligand3838-0
129,XIJGED__ligand4-0
130,XIJGED__ligand3637-0
131,XIJGED__ligand311-0
132,XIJGED__ligand92-0
133,XIJGED__ligand8774-0
134,XIJGED__ligand369-0
135,XIJGED__ligand444-0
136,XIJGED__ligand17-0
137,XIJGED__ligand188-0
138,XIJGED__ligand460-0
139,XIJGED__ligand250-0
140,XIJGED__ligand7464-0
141,XIJGED__ligand1598-0
142,XIJGED__ligand4303-0
143,XIJGED__ligand1248-0
144,XIJGED__ligand370-0
145,XIJGED__ligand6294-0
146,XIJGED__ligand1054-0
147,XIJGED__ligand8921-0
148,XIJGED__ligand193-0
149,XIJGED__ligand2285-0
150,XIJGED__ligand1567-0
151,XIJGED__ligand2510-0
152,XIJGED__ligand2320-0
153,XIJGED__ligand830-0
154,XIJGED__ligand49-0
155,XIJGED__ligand1056-0
156,XIJGED__ligand2862-0
157,XIJGED__ligand89-0
158,XIJGED__ligand1703-0
159,XIJGED__ligand2430-0
160,XIJGED__ligand955-0
161,XIJGED__ligand252-0
162,XIJGED__ligand2907-0
163,XIJGED__ligand1727-0
164,XIJGED__ligand1152-0
165,XIJGED__ligand934-0
166,XIJGED__ligand177-0
167,XIJGED__ligand1607-0
168,XIJGED__ligand909-0
169,XIJGED__ligand6-0
170,XIJGED__ligand851-0
171,XIJGED__ligand1307-0
172,XIJGED__ligand85-0
173,XIJGED__ligand3853-0
174,XIJGED__ligand2853-0
175,XIJGED__ligand78-0
176,XIJGED__ligand5089-0
177,XIJGED__ligand2599-0
178,XIJGED__ligand226-0
179,XIJGED__ligand1246-0
180,XIJGED__ligand162-0
181,XIJGED__ligand383-0
182,XIJGED__ligand45-0
183,XIJGED__ligand6166-0
184,XIJGED__ligand509-0
185,XIJGED__ligand1788-0
186,XIJGED__ligand1321-0
187,XIJGED__ligand571-0
188,XIJGED__ligand118-0
189,XIJGED__ligand1178-0
190,XIJGED__ligand3566-0
191,XIJGED__ligand670-0
192,XIJGED__ligand365-0
193,XIJGED__ligand3337-0
194,XIJGED__ligand7514-0
195,XIJGED__ligand4811-0
196,XIJGED__ligand1449-1
197,XIJGED__ligand278-0
198,XIJGED__ligand9620-0
199,XIJGED__ligand8-0
200,XIJGED__ligand4894-0
201,XIJGED__ligand1260-0
202,XIJGED__ligand669-0
203,XIJGED__ligand430-0
204,XIJGED__ligand358-0
205,XIJGED__ligand2929-0
206,XIJGED__ligand2376-0
207,XIJGED__ligand409-0
208,XIJGED__ligand361-0
209,XIJGED__ligand324-0
210,XIJGED__ligand1379-0
211,XIJGED__ligand67-0
212,XIJGED__ligand1299-0
213,XIJGED__ligand105-0
214,XIJGED__ligand140-0
215,XIJGED__ligand6430-0
216,XIJGED__ligand1221-0
217,XIJGED__ligand1264-0
218,XIJGED__ligand1019-0
219,XIJGED__ligand2442-0
220,XIJGED__ligand199-0
221,XIJGED__ligand7414-0
222,XIJGED__ligand5762-0
223,XIJGED__ligand927-0
224,XIJGED__ligand1104-0
225,XIJGED__ligand575-0
226,XIJGED__ligand1325-0
227,XIJGED__ligand2482-0
228,XIJGED__ligand6571-0
229,XIJGED__ligand532-0
230,XIJGED__ligand5334-0
231,XIJGED__ligand633-0
232,XIJGED__ligand918-0
233,XIJGED__ligand497-0
234,XIJGED__ligand2315-0
235,XIJGED__ligand1898-0
236,XIJGED__ligand4504-0
237,XIJGED__ligand3051-0
238,XIJGED__ligand2480-0
239,XIJGED__ligand8032-0
240,XIJGED__ligand1858-0
241,XIJGED__ligand838-0
242,XIJGED__ligand166-0
243,XIJGED__ligand1712-0
244,XIJGED__ligand436-0
245,XIJGED__ligand2916-0
246,XIJGED__ligand206-0
247,XIJGED__ligand2110-0
248,XIJGED__ligand142-0
249,XIJGED__ligand3579-0
250,XIJGED__ligand1919-0
251,XIJGED__ligand283-0
252,XIJGED__ligand553-0
253,XIJGED__ligand326-0
254,XIJGED__ligand2389-0
255,XIJGED__ligand821-0
256,XIJGED__ligand1555-0
257,XIJGED__ligand119-0
258,XIJGED__ligand1285-0
259,XIJGED__ligand7630-0
260,XIJGED__ligand86-0
261,XIJGED__ligand3890-0
262,XIJGED__ligand124-0
263,XIJGED__ligand1907-0
264,XIJGED__ligand4423-0
265,XIJGED__ligand62-0
266,XIJGED__ligand1038-0
267,XIJGED__ligand2762-0
268,XIJGED__ligand244-0
269,XIJGED__ligand2954-0
270,XIJGED__ligand201-0
271,XIJGED__ligand5093-0
272,XIJGED__ligand2253-0
273,XIJGED__ligand100-0
274,XIJGED__ligand1160-0
275,XIJGED__ligand178-0
276,XIJGED__ligand279-0
277,XIJGED__ligand321-0
278,XIJGED__ligand7550-0
279,XIJGED__ligand9176-0
280,XIJGED__ligand187-0
281,XIJGED__ligand612-0
282,XIJGED__ligand18-0
283,XIJGED__ligand1493-0
284,XIJGED__ligand861-0
285,XIJGED__ligand3070-0
286,XIJGED__ligand3035-0
287,XIJGED__ligand366-0
288,XIJGED__ligand2718-0
289,XIJGED__ligand5235-0
290,XIJGED__ligand6143-0
291,XIJGED__ligand4619-0
292,XIJGED__ligand596-0
293,XIJGED__ligand3251-0
294,XIJGED__ligand1818-0
295,XIJGED__ligand7456-0
296,XIJGED__ligand126-0
297,XIJGED__ligand5758-0
298,XIJGED__ligand3852-0
299,XIJGED__ligand3478-0
300,XIJGED__ligand3618-0
301,XIJGED__ligand2618-0
302,XIJGED__ligand1436-0
303,XIJGED__ligand757-0
304,XIJGED__ligand40-0
305,XIJGED__ligand38-0
306,XIJGED__ligand797-0
307,XIJGED__ligand4370-0
308,XIJGED__ligand1918-0
309,XIJGED__ligand2255-0
310,XIJGED__ligand21-0
311,XIJGED__ligand4175-0
312,XIJGED__ligand141-0
313,XIJGED__ligand240-0
314,XIJGED__ligand2915-0
315,XIJGED__ligand66-0
316,XIJGED__ligand4012-0
317,XIJGED__ligand3196-0
318,XIJGED__ligand11730-0
319,XIJGED__ligand2526-0
320,XIJGED__ligand1551-0
321,XIJGED__ligand1690-0
322,XIJGED__ligand120-0
323,XIJGED__ligand384-0
324,XIJGED__ligand2707-0
