,TMC
0,VAVLIO__ligand4131-0
1,VAVLIO__ligand27550-0
2,VAVLIO__ligand1712-0
3,VAVLIO__ligand152-0
4,VAVLIO__ligand5094-0
5,VAVLIO__ligand5892-0
6,VAVLIO__ligand14007-0
7,VAVLIO__ligand18019-1
8,VAVLIO__ligand67-0
9,VAVLIO__ligand23682-0
10,VAVLIO__ligand29565-0
11,VAVLIO__ligand1533-0
12,VAVLIO__ligand27771-0
13,VAVLIO__ligand18158-0
14,VAVLIO__ligand14226-0
15,VAVLIO__ligand21339-0
16,VAVLIO__ligand16956-0
17,VAVLIO__ligand20942-1
18,VAVLIO__ligand506-0
19,VAVLIO__ligand1496-0
20,VAVLIO__ligand7557-0
21,VAVLIO__ligand14477-0
22,VAVLIO__ligand487-0
23,VAVLIO__ligand17069-0
24,VAVLIO__ligand2208-0
25,VAVLIO__ligand3208-0
26,VAVLIO__ligand17445-0
27,VAVLIO__ligand43-0
28,VAVLIO__ligand3350-0
29,VAVLIO__ligand20731-0
30,VAVLIO__ligand7573-0
31,VAVLIO__ligand2781-0
32,VAVLIO__ligand29334-0
33,VAVLIO__ligand12413-0
34,VAVLIO__ligand9809-0
35,VAVLIO__ligand6672-0
36,VAVLIO__ligand1327-0
37,VAVLIO__ligand11798-0
38,VAVLIO__ligand8722-0
39,VAVLIO__ligand3029-0
40,VAVLIO__ligand21448-0
41,VAVLIO__ligand176-0
42,VAVLIO__ligand7162-0
43,VAVLIO__ligand2328-0
44,VAVLIO__ligand11758-0
45,VAVLIO__ligand1773-0
46,VAVLIO__ligand4581-0
47,VAVLIO__ligand22357-0
48,VAVLIO__ligand1900-0
49,VAVLIO__ligand9197-0
50,VAVLIO__ligand447-0
51,VAVLIO__ligand29214-0
52,VAVLIO__ligand11501-0
53,VAVLIO__ligand746-0
54,VAVLIO__ligand11544-0
55,VAVLIO__ligand1771-0
56,VAVLIO__ligand4911-0
57,VAVLIO__ligand3392-0
58,VAVLIO__ligand395-0
59,VAVLIO__ligand30004-0
60,VAVLIO__ligand20557-0
61,VAVLIO__ligand5849-0
62,VAVLIO__ligand368-0
63,VAVLIO__ligand21940-0
64,VAVLIO__ligand2527-0
65,VAVLIO__ligand784-0
66,VAVLIO__ligand25048-0
67,VAVLIO__ligand16133-0
68,VAVLIO__ligand13755-0
69,VAVLIO__ligand27122-0
70,VAVLIO__ligand20432-0
71,VAVLIO__ligand8464-0
72,VAVLIO__ligand1709-0
73,VAVLIO__ligand8349-0
74,VAVLIO__ligand24953-0
75,VAVLIO__ligand23445-0
76,VAVLIO__ligand833-0
77,VAVLIO__ligand1688-0
78,VAVLIO__ligand3647-0
79,VAVLIO__ligand5357-0
80,VAVLIO__ligand14339-0
81,VAVLIO__ligand13691-0
82,VAVLIO__ligand30788-0
83,VAVLIO__ligand4850-0
84,VAVLIO__ligand5056-0
85,VAVLIO__ligand21752-0
86,VAVLIO__ligand1768-0
87,VAVLIO__ligand3871-0
88,VAVLIO__ligand1469-0
89,VAVLIO__ligand1379-0
90,VAVLIO__ligand115-0
91,VAVLIO__ligand2722-0
92,VAVLIO__ligand24560-0
93,VAVLIO__ligand18757-0
94,VAVLIO__ligand8-0
95,VAVLIO__ligand24624-0
96,VAVLIO__ligand5935-0
97,VAVLIO__ligand18413-0
98,VAVLIO__ligand20844-0
99,VAVLIO__ligand1165-0
100,VAVLIO__ligand9525-0
101,VAVLIO__ligand3157-0
102,VAVLIO__ligand2830-0
103,VAVLIO__ligand314-1
104,VAVLIO__ligand5627-0
105,VAVLIO__ligand31205-0
106,VAVLIO__ligand25658-0
107,VAVLIO__ligand1729-0
108,VAVLIO__ligand17686-0
109,VAVLIO__ligand11177-0
110,VAVLIO__ligand24-0
111,VAVLIO__ligand5483-0
112,VAVLIO__ligand15455-0
113,VAVLIO__ligand5316-0
114,VAVLIO__ligand9148-0
115,VAVLIO__ligand16870-0
116,VAVLIO__ligand19-0
117,VAVLIO__ligand465-0
118,VAVLIO__ligand11622-0
119,VAVLIO__ligand7529-0
120,VAVLIO__ligand11814-0
121,VAVLIO__ligand16603-0
122,VAVLIO__ligand6946-0
123,VAVLIO__ligand1415-0
124,VAVLIO__ligand78-0
125,VAVLIO__ligand11606-0
126,VAVLIO__ligand6882-0
127,VAVLIO__ligand6455-0
128,VAVLIO__ligand391-0
129,VAVLIO__ligand31000-0
130,VAVLIO__ligand3934-0
131,VAVLIO__ligand26673-0
132,VAVLIO__ligand618-0
133,VAVLIO__ligand2403-0
134,VAVLIO__ligand20821-0
135,VAVLIO__ligand1065-0
136,VAVLIO__ligand7530-0
137,VAVLIO__ligand1449-0
138,VAVLIO__ligand3012-0
139,VAVLIO__ligand18067-0
140,VAVLIO__ligand19824-0
141,VAVLIO__ligand4332-0
142,VAVLIO__ligand813-0
143,VAVLIO__ligand11252-0
144,VAVLIO__ligand45-0
145,VAVLIO__ligand780-0
146,VAVLIO__ligand13260-0
147,VAVLIO__ligand314-0
148,VAVLIO__ligand9681-0
149,VAVLIO__ligand10582-0
150,VAVLIO__ligand4194-0
151,VAVLIO__ligand7532-0
152,VAVLIO__ligand353-0
153,VAVLIO__ligand10151-0
154,VAVLIO__ligand2599-0
155,VAVLIO__ligand4330-0
156,VAVLIO__ligand19906-0
157,VAVLIO__ligand3973-0
158,VAVLIO__ligand393-0
159,VAVLIO__ligand19668-0
160,VAVLIO__ligand1147-0
161,VAVLIO__ligand22353-0
162,VAVLIO__ligand2068-0
163,VAVLIO__ligand7925-0
164,VAVLIO__ligand422-0
165,VAVLIO__ligand24851-0
166,VAVLIO__ligand3215-0
167,VAVLIO__ligand13657-0
168,VAVLIO__ligand14347-0
169,VAVLIO__ligand14302-0
170,VAVLIO__ligand11698-0
171,VAVLIO__ligand20530-0
172,VAVLIO__ligand7107-0
173,VAVLIO__ligand11479-0
174,VAVLIO__ligand27610-0
175,VAVLIO__ligand10479-0
176,VAVLIO__ligand10853-0
177,VAVLIO__ligand29441-0
178,VAVLIO__ligand686-0
179,VAVLIO__ligand196-0
180,VAVLIO__ligand16952-0
181,VAVLIO__ligand29813-0
182,VAVLIO__ligand6283-0
183,VAVLIO__ligand20220-0
184,VAVLIO__ligand6062-0
185,VAVLIO__ligand4813-0
186,VAVLIO__ligand20121-0
187,VAVLIO__ligand5813-0
188,VAVLIO__ligand15387-0
189,VAVLIO__ligand4738-0
190,VAVLIO__ligand13385-0
191,VAVLIO__ligand8721-0
192,VAVLIO__ligand620-0
193,VAVLIO__ligand1324-0
194,VAVLIO__ligand14569-0
195,VAVLIO__ligand370-1
196,VAVLIO__ligand564-0
197,VAVLIO__ligand22444-0
198,VAVLIO__ligand1823-0
199,VAVLIO__ligand5643-0
200,VAVLIO__ligand24111-0
201,VAVLIO__ligand1615-0
202,VAVLIO__ligand2526-0
203,VAVLIO__ligand479-0
204,VAVLIO__ligand5036-0
205,VAVLIO__ligand311-0
206,VAVLIO__ligand11587-0
207,VAVLIO__ligand13220-0
208,VAVLIO__ligand785-0
209,VAVLIO__ligand15788-0
210,VAVLIO__ligand23175-0
211,VAVLIO__ligand17396-0
212,VAVLIO__ligand9952-0
213,VAVLIO__ligand9111-0
214,VAVLIO__ligand9601-0
215,VAVLIO__ligand30728-0
216,VAVLIO__ligand27840-0
217,VAVLIO__ligand38-0
218,VAVLIO__ligand8992-0
219,VAVLIO__ligand24872-0
220,VAVLIO__ligand24644-0
221,VAVLIO__ligand188-0
222,VAVLIO__ligand4116-0
223,VAVLIO__ligand10033-0
224,VAVLIO__ligand1018-0
225,VAVLIO__ligand7967-0
226,VAVLIO__ligand6124-0
227,VAVLIO__ligand3707-0
228,VAVLIO__ligand12001-0
229,VAVLIO__ligand11949-0
230,VAVLIO__ligand24780-0
231,VAVLIO__ligand2915-0
232,VAVLIO__ligand12138-0
233,VAVLIO__ligand3156-0
234,VAVLIO__ligand22129-0
235,VAVLIO__ligand1378-0
236,VAVLIO__ligand25561-0
237,VAVLIO__ligand250-0
238,VAVLIO__ligand6244-0
239,VAVLIO__ligand2332-0
240,VAVLIO__ligand31694-0
241,VAVLIO__ligand9441-0
242,VAVLIO__ligand29486-0
243,VAVLIO__ligand9933-0
244,VAVLIO__ligand1575-0
245,VAVLIO__ligand1530-0
246,VAVLIO__ligand370-0
247,VAVLIO__ligand17427-0
248,VAVLIO__ligand1631-0
249,VAVLIO__ligand193-0
250,VAVLIO__ligand26529-0
251,VAVLIO__ligand4620-0
252,VAVLIO__ligand66-0
253,VAVLIO__ligand11618-0
254,VAVLIO__ligand372-0
255,VAVLIO__ligand1577-0
256,VAVLIO__ligand6067-0
257,VAVLIO__ligand2295-0
258,VAVLIO__ligand830-0
259,VAVLIO__ligand7819-0
260,VAVLIO__ligand19927-0
261,VAVLIO__ligand2917-0
262,VAVLIO__ligand14043-0
263,VAVLIO__ligand26324-0
264,VAVLIO__ligand28559-0
265,VAVLIO__ligand3465-0
266,VAVLIO__ligand27239-0
267,VAVLIO__ligand252-0
268,VAVLIO__ligand21729-0
269,VAVLIO__ligand6102-0
270,VAVLIO__ligand6596-0
271,VAVLIO__ligand3721-0
272,VAVLIO__ligand6904-0
273,VAVLIO__ligand116-0
274,VAVLIO__ligand1142-0
275,VAVLIO__ligand3234-0
276,VAVLIO__ligand29215-0
277,VAVLIO__ligand12003-0
278,VAVLIO__ligand8835-0
279,VAVLIO__ligand2028-0
280,VAVLIO__ligand177-0
281,VAVLIO__ligand7126-0
282,VAVLIO__ligand26631-0
283,VAVLIO__ligand16148-0
284,VAVLIO__ligand10872-0
285,VAVLIO__ligand21399-0
286,VAVLIO__ligand4641-0
287,VAVLIO__ligand22403-0
288,VAVLIO__ligand909-0
289,VAVLIO__ligand27754-0
290,VAVLIO__ligand20695-0
291,VAVLIO__ligand11111-0
292,VAVLIO__ligand28540-0
293,VAVLIO__ligand42-0
294,VAVLIO__ligand16369-0
295,VAVLIO__ligand4155-0
296,VAVLIO__ligand3094-0
297,VAVLIO__ligand10371-0
298,VAVLIO__ligand5211-0
299,VAVLIO__ligand868-0
300,VAVLIO__ligand8969-0
301,VAVLIO__ligand3131-0
302,VAVLIO__ligand3174-0
303,VAVLIO__ligand3937-0
304,VAVLIO__ligand1202-0
305,VAVLIO__ligand6839-0
306,VAVLIO__ligand13672-0
307,VAVLIO__ligand4720-0
308,VAVLIO__ligand18568-0
309,VAVLIO__ligand28685-0
310,VAVLIO__ligand352-0
311,VAVLIO__ligand783-0
312,VAVLIO__ligand3565-0
313,VAVLIO__ligand19184-0
314,VAVLIO__ligand1512-0
315,VAVLIO__ligand5331-0
316,VAVLIO__ligand3852-0
317,VAVLIO__ligand2485-0
318,VAVLIO__ligand6919-0
319,VAVLIO__ligand28459-0
320,VAVLIO__ligand12453-0
321,VAVLIO__ligand18448-0
322,VAVLIO__ligand1573-0
323,VAVLIO__ligand1536-0
324,VAVLIO__ligand9935-0
325,VAVLIO__ligand3504-0
326,VAVLIO__ligand1959-0
327,VAVLIO__ligand14167-0
328,VAVLIO__ligand13477-0
329,VAVLIO__ligand197-0
330,VAVLIO__ligand1844-0
331,VAVLIO__ligand4661-0
332,VAVLIO__ligand3718-0
333,VAVLIO__ligand27669-0
334,VAVLIO__ligand6616-0
335,VAVLIO__ligand30142-0
336,VAVLIO__ligand1343-0
337,VAVLIO__ligand3876-0
338,VAVLIO__ligand3035-0
339,VAVLIO__ligand29029-0
340,VAVLIO__ligand7106-0
341,VAVLIO__ligand27285-0
342,VAVLIO__ligand7242-0
343,VAVLIO__ligand23197-0
344,VAVLIO__ligand9908-0
345,VAVLIO__ligand1263-0
346,VAVLIO__ligand12365-0
347,VAVLIO__ligand9784-0
348,VAVLIO__ligand10056-0
349,VAVLIO__ligand685-0
350,VAVLIO__ligand28743-0
351,VAVLIO__ligand15531-0
352,VAVLIO__ligand11357-0
353,VAVLIO__ligand13862-0
354,VAVLIO__ligand7629-0
355,VAVLIO__ligand4272-0
356,VAVLIO__ligand1451-0
357,VAVLIO__ligand3954-0
358,VAVLIO__ligand4093-0
359,VAVLIO__ligand22294-0
360,VAVLIO__ligand4442-0
361,VAVLIO__ligand22168-0
362,VAVLIO__ligand28930-0
363,VAVLIO__ligand8699-0
364,VAVLIO__ligand1160-0
365,VAVLIO__ligand9520-0
366,VAVLIO__ligand18-0
367,VAVLIO__ligand421-0
368,VAVLIO__ligand21919-0
369,VAVLIO__ligand11970-0
370,VAVLIO__ligand4016-0
371,VAVLIO__ligand1219-0
372,VAVLIO__ligand15883-0
373,VAVLIO__ligand6709-0
374,VAVLIO__ligand7867-0
375,VAVLIO__ligand1304-0
376,VAVLIO__ligand1790-0
377,VAVLIO__ligand7280-0
378,VAVLIO__ligand24230-0
379,VAVLIO__ligand294-0
380,VAVLIO__ligand11447-0
381,VAVLIO__ligand11096-0
382,VAVLIO__ligand28810-0
383,VAVLIO__ligand10828-0
384,VAVLIO__ligand19792-0
385,VAVLIO__ligand7238-0
386,VAVLIO__ligand15926-0
387,VAVLIO__ligand1982-0
388,VAVLIO__ligand30711-0
389,VAVLIO__ligand20207-0
390,VAVLIO__ligand7000-0
391,VAVLIO__ligand8115-0
392,VAVLIO__ligand11682-0
393,VAVLIO__ligand6768-0
394,VAVLIO__ligand1285-0
395,VAVLIO__ligand560-0
396,VAVLIO__ligand25913-0
397,VAVLIO__ligand16988-0
398,VAVLIO__ligand4546-0
399,VAVLIO__ligand4503-0
400,VAVLIO__ligand5256-0
401,VAVLIO__ligand9833-0
402,VAVLIO__ligand7648-0
403,VAVLIO__ligand8876-0
404,VAVLIO__ligand16663-0
405,VAVLIO__ligand134-0
406,VAVLIO__ligand2828-0
407,VAVLIO__ligand4157-0
408,VAVLIO__ligand235-0
409,VAVLIO__ligand14614-0
410,VAVLIO__ligand24035-0
411,VAVLIO__ligand2232-0
412,VAVLIO__ligand9291-0
413,VAVLIO__ligand11994-0
414,VAVLIO__ligand31044-0
415,VAVLIO__ligand2176-0
416,VAVLIO__ligand31842-0
417,VAVLIO__ligand19057-0
418,VAVLIO__ligand18814-0
419,VAVLIO__ligand9450-0
420,VAVLIO__ligand29302-0
421,VAVLIO__ligand13425-0
422,VAVLIO__ligand1599-0
423,VAVLIO__ligand361-0
424,VAVLIO__ligand324-0
425,VAVLIO__ligand409-0
426,VAVLIO__ligand28676-0
427,VAVLIO__ligand10262-0
428,VAVLIO__ligand2612-0
429,VAVLIO__ligand27763-0
430,VAVLIO__ligand12641-0
431,VAVLIO__ligand10958-0
432,VAVLIO__ligand5387-0
433,VAVLIO__ligand2203-0
434,VAVLIO__ligand1289-0
435,VAVLIO__ligand48-0
436,VAVLIO__ligand14108-0
437,VAVLIO__ligand17302-0
438,VAVLIO__ligand1114-0
439,VAVLIO__ligand9284-0
440,VAVLIO__ligand17805-0
441,VAVLIO__ligand91-0
442,VAVLIO__ligand6391-0
443,VAVLIO__ligand3126-0
444,VAVLIO__ligand24185-0
445,VAVLIO__ligand23769-0
446,VAVLIO__ligand199-0
447,VAVLIO__ligand2417-0
448,VAVLIO__ligand25178-0
449,VAVLIO__ligand12401-0
450,VAVLIO__ligand15585-0
451,VAVLIO__ligand8788-0
452,VAVLIO__ligand24145-0
453,VAVLIO__ligand1832-0
454,VAVLIO__ligand1-0
455,VAVLIO__ligand10476-0
456,VAVLIO__ligand13068-0
457,VAVLIO__ligand588-0
458,VAVLIO__ligand19830-0
459,VAVLIO__ligand2043-0
460,VAVLIO__ligand26702-0
461,VAVLIO__ligand13658-0
462,VAVLIO__ligand18292-0
463,VAVLIO__ligand12289-0
464,VAVLIO__ligand17387-0
465,VAVLIO__ligand1228-0
466,VAVLIO__ligand12130-0
467,VAVLIO__ligand9943-0
468,VAVLIO__ligand1604-0
469,VAVLIO__ligand51-0
470,VAVLIO__ligand12231-0
471,VAVLIO__ligand300-0
472,VAVLIO__ligand23713-0
473,VAVLIO__ligand5180-0
474,VAVLIO__ligand27175-0
475,VAVLIO__ligand18832-0
476,VAVLIO__ligand3-0
477,VAVLIO__ligand633-0
478,VAVLIO__ligand30988-0
479,VAVLIO__ligand5708-0
480,VAVLIO__ligand14723-0
481,VAVLIO__ligand7316-0
482,VAVLIO__ligand27893-0
483,VAVLIO__ligand16-0
484,VAVLIO__ligand12934-0
485,VAVLIO__ligand20578-0
486,VAVLIO__ligand15422-0
487,VAVLIO__ligand497-0
488,VAVLIO__ligand19641-0
489,VAVLIO__ligand6017-0
490,VAVLIO__ligand2124-0
491,VAVLIO__ligand8612-0
492,VAVLIO__ligand1116-0
493,VAVLIO__ligand3225-0
494,VAVLIO__ligand1153-0
495,VAVLIO__ligand2260-0
496,VAVLIO__ligand7092-0
497,VAVLIO__ligand31783-0
498,VAVLIO__ligand14603-0
499,VAVLIO__ligand14297-0
500,VAVLIO__ligand9323-0
501,VAVLIO__ligand17258-0
502,VAVLIO__ligand7273-0
503,VAVLIO__ligand13012-0
504,VAVLIO__ligand17631-0
505,VAVLIO__ligand7172-0
506,VAVLIO__ligand26665-0
507,VAVLIO__ligand436-0
508,VAVLIO__ligand3244-0
509,VAVLIO__ligand30333-0
510,VAVLIO__ligand4711-0
511,VAVLIO__ligand12606-0
512,VAVLIO__ligand2906-0
513,VAVLIO__ligand30296-0
514,VAVLIO__ligand17281-0
515,VAVLIO__ligand26540-0
516,VAVLIO__ligand29410-0
517,VAVLIO__ligand5649-0
518,VAVLIO__ligand2788-0
519,VAVLIO__ligand8793-0
520,VAVLIO__ligand692-0
521,VAVLIO__ligand12337-0
522,VAVLIO__ligand4649-0
523,VAVLIO__ligand12427-0
524,VAVLIO__ligand5159-0
525,VAVLIO__ligand7196-0
526,VAVLIO__ligand28468-0
527,VAVLIO__ligand20740-0
528,VAVLIO__ligand9753-0
529,VAVLIO__ligand5530-0
530,VAVLIO__ligand16628-0
531,VAVLIO__ligand1787-0
532,VAVLIO__ligand1356-0
533,VAVLIO__ligand3178-0
534,VAVLIO__ligand4807-0
535,VAVLIO__ligand32-0
536,VAVLIO__ligand27460-0
537,VAVLIO__ligand326-0
538,VAVLIO__ligand20011-0
539,VAVLIO__ligand17278-0
540,VAVLIO__ligand29414-0
541,VAVLIO__ligand696-0
542,VAVLIO__ligand17982-0
543,VAVLIO__ligand1407-0
544,VAVLIO__ligand6117-0
545,VAVLIO__ligand8002-0
546,VAVLIO__ligand5509-0
547,VAVLIO__ligand17398-0
548,VAVLIO__ligand5080-0
549,VAVLIO__ligand7762-0
550,VAVLIO__ligand11675-0
551,VAVLIO__ligand20598-0
552,VAVLIO__ligand10589-0
553,VAVLIO__ligand22557-0
554,VAVLIO__ligand24047-0
555,VAVLIO__ligand2238-0
556,VAVLIO__ligand16475-0
557,VAVLIO__ligand14703-0
558,VAVLIO__ligand5304-0
559,VAVLIO__ligand9167-0
560,VAVLIO__ligand656-0
561,VAVLIO__ligand7293-0
562,VAVLIO__ligand2822-0
563,VAVLIO__ligand3867-0
564,VAVLIO__ligand1317-0
565,VAVLIO__ligand20251-1
566,VAVLIO__ligand20539-0
567,VAVLIO__ligand8592-0
568,VAVLIO__ligand5099-0
569,VAVLIO__ligand30702-0
570,VAVLIO__ligand20214-0
571,VAVLIO__ligand1197-0
572,VAVLIO__ligand20251-0
573,VAVLIO__ligand2259-0
574,VAVLIO__ligand21581-0
575,VAVLIO__ligand31097-0
576,VAVLIO__ligand57-0
577,VAVLIO__ligand1296-0
578,VAVLIO__ligand17261-0
579,VAVLIO__ligand14117-0
580,VAVLIO__ligand5510-0
581,VAVLIO__ligand1376-0
582,VAVLIO__ligand9773-0
583,VAVLIO__ligand162-0
584,VAVLIO__ligand20419-0
585,VAVLIO__ligand17118-0
586,VAVLIO__ligand21371-0
587,VAVLIO__ligand226-0
588,VAVLIO__ligand4101-0
589,VAVLIO__ligand28789-0
590,VAVLIO__ligand5595-0
591,VAVLIO__ligand2221-0
592,VAVLIO__ligand29568-0
593,VAVLIO__ligand416-0
594,VAVLIO__ligand30851-0
595,VAVLIO__ligand3926-0
596,VAVLIO__ligand3120-0
597,VAVLIO__ligand14889-0
598,VAVLIO__ligand383-0
599,VAVLIO__ligand4358-0
600,VAVLIO__ligand2881-0
601,VAVLIO__ligand1499-0
602,VAVLIO__ligand1464-0
603,VAVLIO__ligand3712-0
604,VAVLIO__ligand1211-0
605,VAVLIO__ligand27482-0
606,VAVLIO__ligand26810-0
607,VAVLIO__ligand68-0
608,VAVLIO__ligand6892-0
609,VAVLIO__ligand13208-0
610,VAVLIO__ligand55-0
611,VAVLIO__ligand1294-0
612,VAVLIO__ligand1168-0
613,VAVLIO__ligand3677-0
614,VAVLIO__ligand3632-0
615,VAVLIO__ligand20682-0
616,VAVLIO__ligand670-0
617,VAVLIO__ligand13390-0
618,VAVLIO__ligand6699-0
619,VAVLIO__ligand534-0
620,VAVLIO__ligand571-0
621,VAVLIO__ligand25411-0
622,VAVLIO__ligand9299-0
623,VAVLIO__ligand2985-0
624,VAVLIO__ligand34-0
625,VAVLIO__ligand4007-0
626,VAVLIO__ligand3677-1
627,VAVLIO__ligand9883-0
628,VAVLIO__ligand10712-0
629,VAVLIO__ligand14174-0
630,VAVLIO__ligand7291-0
631,VAVLIO__ligand11456-0
632,VAVLIO__ligand8000-0
633,VAVLIO__ligand12030-0
634,VAVLIO__ligand3736-0
635,VAVLIO__ligand14248-0
636,VAVLIO__ligand29879-0
637,VAVLIO__ligand13331-0
638,VAVLIO__ligand694-0
639,VAVLIO__ligand28884-0
640,VAVLIO__ligand9344-0
641,VAVLIO__ligand5383-0
642,VAVLIO__ligand2693-0
643,VAVLIO__ligand358-0
644,VAVLIO__ligand430-0
645,VAVLIO__ligand3945-0
646,VAVLIO__ligand488-0
647,VAVLIO__ligand31832-0
648,VAVLIO__ligand13294-0
649,VAVLIO__ligand1849-0
650,VAVLIO__ligand24613-0
651,VAVLIO__ligand122-0
652,VAVLIO__ligand19725-0
653,VAVLIO__ligand1216-0
654,VAVLIO__ligand31483-0
655,VAVLIO__ligand757-0
656,VAVLIO__ligand10555-0
657,VAVLIO__ligand1152-0
658,VAVLIO__ligand3261-0
659,VAVLIO__ligand5019-0
660,VAVLIO__ligand17-0
661,VAVLIO__ligand20579-0
662,VAVLIO__ligand17710-0
663,VAVLIO__ligand11568-0
664,VAVLIO__ligand21421-0
665,VAVLIO__ligand5515-0
666,VAVLIO__ligand6663-0
667,VAVLIO__ligand5280-0
668,VAVLIO__ligand5614-0
669,VAVLIO__ligand1831-0
670,VAVLIO__ligand14586-0
671,VAVLIO__ligand11774-0
672,VAVLIO__ligand3285-0
673,VAVLIO__ligand4795-0
674,VAVLIO__ligand18699-0
675,VAVLIO__ligand1908-0
676,VAVLIO__ligand12682-0
677,VAVLIO__ligand17240-0
678,VAVLIO__ligand5630-0
679,VAVLIO__ligand17590-0
680,VAVLIO__ligand1786-0
681,VAVLIO__ligand6112-0
682,VAVLIO__ligand8042-0
683,VAVLIO__ligand13072-0
684,VAVLIO__ligand1397-0
685,VAVLIO__ligand7213-0
686,VAVLIO__ligand693-0
687,VAVLIO__ligand1828-0
688,VAVLIO__ligand12336-0
689,VAVLIO__ligand4710-0
690,VAVLIO__ligand5755-0
691,VAVLIO__ligand3144-0
692,VAVLIO__ligand5085-0
693,VAVLIO__ligand240-0
694,VAVLIO__ligand29087-0
695,VAVLIO__ligand4167-0
696,VAVLIO__ligand141-0
697,VAVLIO__ligand9491-0
698,VAVLIO__ligand1400-0
699,VAVLIO__ligand4266-0
700,VAVLIO__ligand18703-0
701,VAVLIO__ligand15438-0
702,VAVLIO__ligand28924-0
703,VAVLIO__ligand1288-0
704,VAVLIO__ligand49-0
705,VAVLIO__ligand1149-0
706,VAVLIO__ligand24750-0
707,VAVLIO__ligand3980-0
708,VAVLIO__ligand3557-0
709,VAVLIO__ligand89-0
710,VAVLIO__ligand7075-0
711,VAVLIO__ligand25224-0
712,VAVLIO__ligand18013-0
713,VAVLIO__ligand9750-0
714,VAVLIO__ligand17945-0
715,VAVLIO__ligand6993-0
716,VAVLIO__ligand1817-0
717,VAVLIO__ligand17207-0
718,VAVLIO__ligand1779-0
719,VAVLIO__ligand31578-0
720,VAVLIO__ligand768-0
721,VAVLIO__ligand4063-0
722,VAVLIO__ligand7438-0
723,VAVLIO__ligand8200-0
724,VAVLIO__ligand29898-0
725,VAVLIO__ligand26277-0
726,VAVLIO__ligand10432-0
727,VAVLIO__ligand11432-0
728,VAVLIO__ligand31618-0
729,VAVLIO__ligand22755-0
730,VAVLIO__ligand3042-0
731,VAVLIO__ligand4207-0
732,VAVLIO__ligand3453-0
733,VAVLIO__ligand3416-0
734,VAVLIO__ligand15168-0
735,VAVLIO__ligand1150-0
736,VAVLIO__ligand24064-0
737,VAVLIO__ligand23589-0
738,VAVLIO__ligand384-0
739,VAVLIO__ligand1539-0
740,VAVLIO__ligand4-0
741,VAVLIO__ligand8529-0
742,VAVLIO__ligand25735-0
743,VAVLIO__ligand11-0
744,VAVLIO__ligand12519-0
745,VAVLIO__ligand1169-0
746,VAVLIO__ligand23124-0
747,VAVLIO__ligand11206-0
748,VAVLIO__ligand9615-0
749,VAVLIO__ligand12660-0
750,VAVLIO__ligand69-0
751,VAVLIO__ligand1154-0
752,VAVLIO__ligand13209-0
753,VAVLIO__ligand19257-0
754,VAVLIO__ligand338-0
755,VAVLIO__ligand25650-0
756,VAVLIO__ligand4596-0
757,VAVLIO__ligand31248-0
758,VAVLIO__ligand1498-0
759,VAVLIO__ligand2692-0
760,VAVLIO__ligand1618-0
761,VAVLIO__ligand27835-0
762,VAVLIO__ligand12295-0
763,VAVLIO__ligand25689-0
764,VAVLIO__ligand25575-0
765,VAVLIO__ligand4262-0
766,VAVLIO__ligand21787-0
767,VAVLIO__ligand201-0
768,VAVLIO__ligand1028-0
769,VAVLIO__ligand279-0
770,VAVLIO__ligand1015-0
771,VAVLIO__ligand1050-0
772,VAVLIO__ligand30539-0
773,VAVLIO__ligand185-0
774,VAVLIO__ligand2027-0
775,VAVLIO__ligand178-0
776,VAVLIO__ligand23906-0
777,VAVLIO__ligand321-0
778,VAVLIO__ligand11166-0
779,VAVLIO__ligand21132-0
780,VAVLIO__ligand10084-0
781,VAVLIO__ligand657-0
782,VAVLIO__ligand2823-0
783,VAVLIO__ligand25267-0
784,VAVLIO__ligand12467-0
785,VAVLIO__ligand187-0
786,VAVLIO__ligand6995-0
787,VAVLIO__ligand21936-0
788,VAVLIO__ligand3180-0
789,VAVLIO__ligand366-0
790,VAVLIO__ligand13257-0
791,VAVLIO__ligand2650-0
792,VAVLIO__ligand23904-0
793,VAVLIO__ligand2281-0
794,VAVLIO__ligand4340-0
795,VAVLIO__ligand777-0
796,VAVLIO__ligand27074-0
797,VAVLIO__ligand5415-0
798,VAVLIO__ligand20599-0
799,VAVLIO__ligand22981-0
800,VAVLIO__ligand25805-0
801,VAVLIO__ligand4161-0
802,VAVLIO__ligand3471-0
803,VAVLIO__ligand4124-0
804,VAVLIO__ligand18391-0
805,VAVLIO__ligand596-0
806,VAVLIO__ligand14523-0
807,VAVLIO__ligand941-0
808,VAVLIO__ligand27169-0
809,VAVLIO__ligand1113-0
810,VAVLIO__ligand16791-0
811,VAVLIO__ligand8553-0
812,VAVLIO__ligand28668-0
813,VAVLIO__ligand163-0
814,VAVLIO__ligand126-0
815,VAVLIO__ligand5201-0
816,VAVLIO__ligand18799-0
817,VAVLIO__ligand18465-0
818,VAVLIO__ligand7566-0
819,VAVLIO__ligand13869-0
820,VAVLIO__ligand2001-0
821,VAVLIO__ligand18074-0
822,VAVLIO__ligand29863-0
823,VAVLIO__ligand9944-0
824,VAVLIO__ligand845-0
825,VAVLIO__ligand29610-0
826,VAVLIO__ligand8593-0
827,VAVLIO__ligand11140-0
