,TMC
0,WEKQAE__ligand73-0
1,WEKQAE__ligand3196-0
2,WEKQAE__ligand4012-0
3,WEKQAE__ligand2915-0
4,WEKQAE__ligand162-0
5,WEKQAE__ligand1690-0
6,WEKQAE__ligand226-0
7,WEKQAE__ligand2707-0
8,WEKQAE__ligand383-0
9,WEKQAE__ligand57-0
10,WEKQAE__ligand8-0
11,WEKQAE__ligand2526-0
12,WEKQAE__ligand1551-0
13,WEKQAE__ligand55-0
14,WEKQAE__ligand4370-0
15,WEKQAE__ligand670-0
16,WEKQAE__ligand118-0
17,WEKQAE__ligand571-0
18,WEKQAE__ligand509-0
19,WEKQAE__ligand3618-0
20,WEKQAE__ligand2618-0
21,WEKQAE__ligand1436-0
22,WEKQAE__ligand95-0
23,WEKQAE__ligand669-0
24,WEKQAE__ligand2255-0
25,WEKQAE__ligand358-0
26,WEKQAE__ligand430-0
27,WEKQAE__ligand4175-0
28,WEKQAE__ligand34-0
29,WEKQAE__ligand365-0
30,WEKQAE__ligand1918-0
31,WEKQAE__ligand278-0
32,WEKQAE__ligand48-0
33,WEKQAE__ligand5235-0
34,WEKQAE__ligand6143-0
35,WEKQAE__ligand4619-0
36,WEKQAE__ligand3251-0
37,WEKQAE__ligand140-0
38,WEKQAE__ligand105-0
39,WEKQAE__ligand9176-0
40,WEKQAE__ligand1493-0
41,WEKQAE__ligand324-0
42,WEKQAE__ligand361-0
43,WEKQAE__ligand409-0
44,WEKQAE__ligand3035-0
45,WEKQAE__ligand3070-0
46,WEKQAE__ligand2718-0
47,WEKQAE__ligand575-0
48,WEKQAE__ligand5758-0
49,WEKQAE__ligand3852-0
50,WEKQAE__ligand51-0
51,WEKQAE__ligand3478-0
52,WEKQAE__ligand91-0
53,WEKQAE__ligand1818-0
54,WEKQAE__ligand29-0
55,WEKQAE__ligand927-0
56,WEKQAE__ligand199-0
57,WEKQAE__ligand7456-0
58,WEKQAE__ligand838-0
59,WEKQAE__ligand3890-0
60,WEKQAE__ligand1907-0
61,WEKQAE__ligand166-0
62,WEKQAE__ligand4423-0
63,WEKQAE__ligand918-0
64,WEKQAE__ligand1555-0
65,WEKQAE__ligand633-0
66,WEKQAE__ligand1285-0
67,WEKQAE__ligand532-0
68,WEKQAE__ligand497-0
69,WEKQAE__ligand7630-0
70,WEKQAE__ligand553-0
71,WEKQAE__ligand283-0
72,WEKQAE__ligand821-0
73,WEKQAE__ligand32-0
74,WEKQAE__ligand326-0
75,WEKQAE__ligand7550-0
76,WEKQAE__ligand436-0
77,WEKQAE__ligand1038-0
78,WEKQAE__ligand2762-0
79,WEKQAE__ligand5093-0
80,WEKQAE__ligand2954-0
81,WEKQAE__ligand142-0
82,WEKQAE__ligand2253-0
83,WEKQAE__ligand1160-0
84,WEKQAE__ligand206-0
85,WEKQAE__ligand8032-0
86,WEKQAE__ligand1858-0
87,WEKQAE__ligand11730-0
88,WEKQAE__ligand124-0
89,WEKQAE__ligand5334-0
90,WEKQAE__ligand119-0
91,WEKQAE__ligand2315-0
92,WEKQAE__ligand1898-0
93,WEKQAE__ligand3051-0
94,WEKQAE__ligand4504-0
95,WEKQAE__ligand2480-0
96,WEKQAE__ligand11-0
97,WEKQAE__ligand279-0
98,WEKQAE__ligand1919-0
99,WEKQAE__ligand178-0
100,WEKQAE__ligand2389-0
101,WEKQAE__ligand321-0
102,WEKQAE__ligand1712-0
103,WEKQAE__ligand2110-0
104,WEKQAE__ligand2916-0
105,WEKQAE__ligand100-0
106,WEKQAE__ligand201-0
107,WEKQAE__ligand244-0
108,WEKQAE__ligand3579-0
109,WEKQAE__ligand1379-0
110,WEKQAE__ligand1299-0
111,WEKQAE__ligand6430-0
112,WEKQAE__ligand1264-0
113,WEKQAE__ligand1221-0
114,WEKQAE__ligand596-0
115,WEKQAE__ligand612-0
116,WEKQAE__ligand2929-0
117,WEKQAE__ligand187-0
118,WEKQAE__ligand366-0
119,WEKQAE__ligand2376-0
120,WEKQAE__ligand861-0
121,WEKQAE__ligand1325-0
122,WEKQAE__ligand2482-0
123,WEKQAE__ligand6571-0
124,WEKQAE__ligand1019-0
125,WEKQAE__ligand2442-0
126,WEKQAE__ligand126-0
127,WEKQAE__ligand7414-0
128,WEKQAE__ligand5762-0
129,WEKQAE__ligand1104-0
130,WEKQAE__ligand797-0
131,WEKQAE__ligand1321-0
132,WEKQAE__ligand17-0
133,WEKQAE__ligand1178-0
134,WEKQAE__ligand3566-0
135,WEKQAE__ligand1788-0
136,WEKQAE__ligand757-0
137,WEKQAE__ligand92-0
138,WEKQAE__ligand9620-0
139,WEKQAE__ligand1260-0
140,WEKQAE__ligand4894-0
141,WEKQAE__ligand3337-0
142,WEKQAE__ligand7514-0
143,WEKQAE__ligand1449-1
144,WEKQAE__ligand4811-0
145,WEKQAE__ligand89-0
146,WEKQAE__ligand1307-0
147,WEKQAE__ligand240-0
148,WEKQAE__ligand141-0
149,WEKQAE__ligand49-0
150,WEKQAE__ligand1246-0
151,WEKQAE__ligand120-0
152,WEKQAE__ligand384-0
153,WEKQAE__ligand6166-0
154,WEKQAE__ligand3853-0
155,WEKQAE__ligand2853-0
156,WEKQAE__ligand5089-0
157,WEKQAE__ligand2599-0
158,WEKQAE__ligand1703-0
159,WEKQAE__ligand2430-0
160,WEKQAE__ligand3-0
161,WEKQAE__ligand210-0
162,WEKQAE__ligand2907-0
163,WEKQAE__ligand8921-0
164,WEKQAE__ligand2285-0
165,WEKQAE__ligand1567-0
166,WEKQAE__ligand2510-0
167,WEKQAE__ligand2320-0
168,WEKQAE__ligand1056-0
169,WEKQAE__ligand2862-0
170,WEKQAE__ligand1607-0
171,WEKQAE__ligand45-0
172,WEKQAE__ligand481-0
173,WEKQAE__ligand314-0
174,WEKQAE__ligand1727-0
175,WEKQAE__ligand85-0
176,WEKQAE__ligand391-0
177,WEKQAE__ligand78-0
178,WEKQAE__ligand170-0
179,WEKQAE__ligand1152-0
180,WEKQAE__ligand236-0
181,WEKQAE__ligand3637-0
182,WEKQAE__ligand353-0
183,WEKQAE__ligand8774-0
184,WEKQAE__ligand196-0
185,WEKQAE__ligand502-0
186,WEKQAE__ligand1598-0
187,WEKQAE__ligand4303-0
188,WEKQAE__ligand1248-0
189,WEKQAE__ligand6294-0
190,WEKQAE__ligand1054-0
191,WEKQAE__ligand422-0
192,WEKQAE__ligand1-0
193,WEKQAE__ligand113-0
194,WEKQAE__ligand7464-0
195,WEKQAE__ligand67-0
196,WEKQAE__ligand2864-0
197,WEKQAE__ligand10357-0
198,WEKQAE__ligand15630-0
199,WEKQAE__ligand682-0
200,WEKQAE__ligand2142-0
201,WEKQAE__ligand6151-0
202,WEKQAE__ligand2772-0
203,WEKQAE__ligand9495-0
204,WEKQAE__ligand6538-0
205,WEKQAE__ligand133-0
206,WEKQAE__ligand447-0
207,WEKQAE__ligand5941-0
208,WEKQAE__ligand2880-0
209,WEKQAE__ligand2838-0
210,WEKQAE__ligand3838-0
211,WEKQAE__ligand1799-0
212,WEKQAE__ligand487-0
213,WEKQAE__ligand1169-0
214,WEKQAE__ligand5022-0
215,WEKQAE__ligand522-0
216,WEKQAE__ligand666-0
217,WEKQAE__ligand2345-0
218,WEKQAE__ligand2794-0
219,WEKQAE__ligand1835-0
220,WEKQAE__ligand784-0
221,WEKQAE__ligand355-0
222,WEKQAE__ligand4983-0
223,WEKQAE__ligand485-0
224,WEKQAE__ligand1502-0
225,WEKQAE__ligand1113-0
226,WEKQAE__ligand2265-0
227,WEKQAE__ligand6396-0
228,WEKQAE__ligand9027-0
229,WEKQAE__ligand115-0
230,WEKQAE__ligand1273-0
231,WEKQAE__ligand1052-0
232,WEKQAE__ligand291-0
233,WEKQAE__ligand783-0
234,WEKQAE__ligand352-0
235,WEKQAE__ligand1228-0
236,WEKQAE__ligand9244-0
237,WEKQAE__ligand1114-0
238,WEKQAE__ligand136-0
239,WEKQAE__ligand1538-0
240,WEKQAE__ligand868-0
241,WEKQAE__ligand442-0
242,WEKQAE__ligand86-0
243,WEKQAE__ligand112-0
244,WEKQAE__ligand3246-0
245,WEKQAE__ligand1479-0
246,WEKQAE__ligand62-0
247,WEKQAE__ligand197-0
248,WEKQAE__ligand1148-0
249,WEKQAE__ligand296-0
250,WEKQAE__ligand6502-0
251,WEKQAE__ligand331-0
252,WEKQAE__ligand2098-0
253,WEKQAE__ligand2863-0
254,WEKQAE__ligand3178-0
255,WEKQAE__ligand294-0
256,WEKQAE__ligand993-0
257,WEKQAE__ligand6332-0
258,WEKQAE__ligand916-0
259,WEKQAE__ligand3145-0
260,WEKQAE__ligand584-0
261,WEKQAE__ligand5548-0
262,WEKQAE__ligand18-0
263,WEKQAE__ligand7915-0
264,WEKQAE__ligand798-0
265,WEKQAE__ligand6686-0
266,WEKQAE__ligand421-0
267,WEKQAE__ligand1747-0
268,WEKQAE__ligand134-0
269,WEKQAE__ligand932-0
270,WEKQAE__ligand235-0
271,WEKQAE__ligand390-0
272,WEKQAE__ligand2751-0
273,WEKQAE__ligand3041-0
274,WEKQAE__ligand525-0
275,WEKQAE__ligand560-0
276,WEKQAE__ligand2634-0
277,WEKQAE__ligand1542-0
278,WEKQAE__ligand109-0
279,WEKQAE__ligand38-0
280,WEKQAE__ligand444-0
281,WEKQAE__ligand6277-0
282,WEKQAE__ligand10114-0
283,WEKQAE__ligand369-0
284,WEKQAE__ligand188-0
285,WEKQAE__ligand1951-0
286,WEKQAE__ligand1687-0
287,WEKQAE__ligand2688-0
288,WEKQAE__ligand2259-0
289,WEKQAE__ligand311-0
290,WEKQAE__ligand2768-0
291,WEKQAE__ligand40-0
292,WEKQAE__ligand1376-0
293,WEKQAE__ligand10479-0
294,WEKQAE__ligand21-0
295,WEKQAE__ligand370-0
296,WEKQAE__ligand460-0
297,WEKQAE__ligand1706-0
298,WEKQAE__ligand6-0
299,WEKQAE__ligand3734-0
300,WEKQAE__ligand2629-0
301,WEKQAE__ligand4381-0
302,WEKQAE__ligand250-0
303,WEKQAE__ligand4-0
304,WEKQAE__ligand1171-0
305,WEKQAE__ligand252-0
306,WEKQAE__ligand955-0
307,WEKQAE__ligand14530-0
308,WEKQAE__ligand5801-0
309,WEKQAE__ligand193-0
310,WEKQAE__ligand1438-0
311,WEKQAE__ligand66-0
312,WEKQAE__ligand3063-0
313,WEKQAE__ligand830-0
314,WEKQAE__ligand909-0
315,WEKQAE__ligand1544-0
316,WEKQAE__ligand851-0
317,WEKQAE__ligand1459-0
318,WEKQAE__ligand1048-0
319,WEKQAE__ligand10910-0
320,WEKQAE__ligand2087-0
321,WEKQAE__ligand3757-0
322,WEKQAE__ligand1685-0
323,WEKQAE__ligand934-0
324,WEKQAE__ligand177-0
