,TMC
0,TUSXOV__ligand6-0
1,TUSXOV__ligand9244-0
2,TUSXOV__ligand21-0
3,TUSXOV__ligand1228-0
4,TUSXOV__ligand1538-0
5,TUSXOV__ligand1114-0
6,TUSXOV__ligand120-0
7,TUSXOV__ligand384-0
8,TUSXOV__ligand141-0
9,TUSXOV__ligand3246-0
10,TUSXOV__ligand240-0
11,TUSXOV__ligand38-0
12,TUSXOV__ligand11730-0
13,TUSXOV__ligand1479-0
14,TUSXOV__ligand40-0
15,TUSXOV__ligand1148-0
16,TUSXOV__ligand2863-0
17,TUSXOV__ligand2098-0
18,TUSXOV__ligand6502-0
19,TUSXOV__ligand6332-0
20,TUSXOV__ligand3178-0
21,TUSXOV__ligand3145-0
22,TUSXOV__ligand6686-0
23,TUSXOV__ligand1747-0
24,TUSXOV__ligand7915-0
25,TUSXOV__ligand5548-0
26,TUSXOV__ligand2751-0
27,TUSXOV__ligand757-0
28,TUSXOV__ligand4-0
29,TUSXOV__ligand3041-0
30,TUSXOV__ligand797-0
31,TUSXOV__ligand2634-0
32,TUSXOV__ligand1542-0
33,TUSXOV__ligand66-0
34,TUSXOV__ligand6277-0
35,TUSXOV__ligand1687-0
36,TUSXOV__ligand126-0
37,TUSXOV__ligand1951-0
38,TUSXOV__ligand2688-0
39,TUSXOV__ligand2259-0
40,TUSXOV__ligand62-0
41,TUSXOV__ligand1376-0
42,TUSXOV__ligand2768-0
43,TUSXOV__ligand187-0
44,TUSXOV__ligand612-0
45,TUSXOV__ligand861-0
46,TUSXOV__ligand366-0
47,TUSXOV__ligand3734-0
48,TUSXOV__ligand1706-0
49,TUSXOV__ligand596-0
50,TUSXOV__ligand86-0
51,TUSXOV__ligand4381-0
52,TUSXOV__ligand2629-0
53,TUSXOV__ligand244-0
54,TUSXOV__ligand201-0
55,TUSXOV__ligand1171-0
56,TUSXOV__ligand100-0
57,TUSXOV__ligand178-0
58,TUSXOV__ligand5801-0
59,TUSXOV__ligand279-0
60,TUSXOV__ligand3063-0
61,TUSXOV__ligand321-0
62,TUSXOV__ligand1438-0
63,TUSXOV__ligand1544-0
64,TUSXOV__ligand119-0
65,TUSXOV__ligand1459-0
66,TUSXOV__ligand3757-0
67,TUSXOV__ligand2087-0
68,TUSXOV__ligand1048-0
69,TUSXOV__ligand124-0
70,TUSXOV__ligand18-0
71,TUSXOV__ligand1685-0
72,TUSXOV__ligand1703-0
73,TUSXOV__ligand2430-0
74,TUSXOV__ligand436-0
75,TUSXOV__ligand206-0
76,TUSXOV__ligand2907-0
77,TUSXOV__ligand142-0
78,TUSXOV__ligand2510-0
79,TUSXOV__ligand283-0
80,TUSXOV__ligand2285-0
81,TUSXOV__ligand553-0
82,TUSXOV__ligand1567-0
83,TUSXOV__ligand8921-0
84,TUSXOV__ligand2862-0
85,TUSXOV__ligand326-0
86,TUSXOV__ligand2320-0
87,TUSXOV__ligand821-0
88,TUSXOV__ligand1056-0
89,TUSXOV__ligand532-0
90,TUSXOV__ligand67-0
91,TUSXOV__ligand918-0
92,TUSXOV__ligand1607-0
93,TUSXOV__ligand633-0
94,TUSXOV__ligand497-0
95,TUSXOV__ligand838-0
96,TUSXOV__ligand1727-0
97,TUSXOV__ligand166-0
98,TUSXOV__ligand1152-0
99,TUSXOV__ligand199-0
100,TUSXOV__ligand927-0
101,TUSXOV__ligand3637-0
102,TUSXOV__ligand575-0
103,TUSXOV__ligand8774-0
104,TUSXOV__ligand1248-0
105,TUSXOV__ligand4303-0
106,TUSXOV__ligand1598-0
107,TUSXOV__ligand1054-0
108,TUSXOV__ligand361-0
109,TUSXOV__ligand6294-0
110,TUSXOV__ligand324-0
111,TUSXOV__ligand409-0
112,TUSXOV__ligand105-0
113,TUSXOV__ligand140-0
114,TUSXOV__ligand7464-0
115,TUSXOV__ligand2864-0
116,TUSXOV__ligand365-0
117,TUSXOV__ligand278-0
118,TUSXOV__ligand45-0
119,TUSXOV__ligand2142-0
120,TUSXOV__ligand78-0
121,TUSXOV__ligand85-0
122,TUSXOV__ligand669-0
123,TUSXOV__ligand6538-0
124,TUSXOV__ligand9495-0
125,TUSXOV__ligand358-0
126,TUSXOV__ligand6151-0
127,TUSXOV__ligand430-0
128,TUSXOV__ligand2772-0
129,TUSXOV__ligand509-0
130,TUSXOV__ligand2838-0
131,TUSXOV__ligand3838-0
132,TUSXOV__ligand1799-0
133,TUSXOV__ligand5941-0
134,TUSXOV__ligand2880-0
135,TUSXOV__ligand3-0
136,TUSXOV__ligand571-0
137,TUSXOV__ligand5022-0
138,TUSXOV__ligand670-0
139,TUSXOV__ligand1169-0
140,TUSXOV__ligand118-0
141,TUSXOV__ligand1-0
142,TUSXOV__ligand4983-0
143,TUSXOV__ligand2345-0
144,TUSXOV__ligand2794-0
145,TUSXOV__ligand1835-0
146,TUSXOV__ligand1502-0
147,TUSXOV__ligand226-0
148,TUSXOV__ligand6396-0
149,TUSXOV__ligand1113-0
150,TUSXOV__ligand162-0
151,TUSXOV__ligand2265-0
152,TUSXOV__ligand383-0
153,TUSXOV__ligand9027-0
154,TUSXOV__ligand1273-0
155,TUSXOV__ligand1052-0
156,TUSXOV__ligand1858-0
157,TUSXOV__ligand8032-0
158,TUSXOV__ligand934-0
159,TUSXOV__ligand177-0
160,TUSXOV__ligand909-0
161,TUSXOV__ligand5334-0
162,TUSXOV__ligand3051-0
163,TUSXOV__ligand4504-0
164,TUSXOV__ligand2480-0
165,TUSXOV__ligand1898-0
166,TUSXOV__ligand851-0
167,TUSXOV__ligand2315-0
168,TUSXOV__ligand193-0
169,TUSXOV__ligand17-0
170,TUSXOV__ligand1919-0
171,TUSXOV__ligand830-0
172,TUSXOV__ligand2389-0
173,TUSXOV__ligand1712-0
174,TUSXOV__ligand3579-0
175,TUSXOV__ligand92-0
176,TUSXOV__ligand955-0
177,TUSXOV__ligand2110-0
178,TUSXOV__ligand2916-0
179,TUSXOV__ligand252-0
180,TUSXOV__ligand1379-0
181,TUSXOV__ligand460-0
182,TUSXOV__ligand250-0
183,TUSXOV__ligand1264-0
184,TUSXOV__ligand1221-0
185,TUSXOV__ligand6430-0
186,TUSXOV__ligand1299-0
187,TUSXOV__ligand2929-0
188,TUSXOV__ligand370-0
189,TUSXOV__ligand2376-0
190,TUSXOV__ligand89-0
191,TUSXOV__ligand6571-0
192,TUSXOV__ligand1325-0
193,TUSXOV__ligand311-0
194,TUSXOV__ligand2482-0
195,TUSXOV__ligand444-0
196,TUSXOV__ligand369-0
197,TUSXOV__ligand2442-0
198,TUSXOV__ligand1019-0
199,TUSXOV__ligand5762-0
200,TUSXOV__ligand7414-0
201,TUSXOV__ligand1104-0
202,TUSXOV__ligand49-0
203,TUSXOV__ligand188-0
204,TUSXOV__ligand1321-0
205,TUSXOV__ligand3566-0
206,TUSXOV__ligand109-0
207,TUSXOV__ligand1178-0
208,TUSXOV__ligand560-0
209,TUSXOV__ligand525-0
210,TUSXOV__ligand235-0
211,TUSXOV__ligand932-0
212,TUSXOV__ligand134-0
213,TUSXOV__ligand390-0
214,TUSXOV__ligand1788-0
215,TUSXOV__ligand10479-0
216,TUSXOV__ligand584-0
217,TUSXOV__ligand916-0
218,TUSXOV__ligand1260-0
219,TUSXOV__ligand4894-0
220,TUSXOV__ligand9620-0
221,TUSXOV__ligand798-0
222,TUSXOV__ligand421-0
223,TUSXOV__ligand3337-0
224,TUSXOV__ligand7514-0
225,TUSXOV__ligand331-0
226,TUSXOV__ligand993-0
227,TUSXOV__ligand11-0
228,TUSXOV__ligand1449-1
229,TUSXOV__ligand294-0
230,TUSXOV__ligand4811-0
231,TUSXOV__ligand10114-0
232,TUSXOV__ligand1307-0
233,TUSXOV__ligand296-0
234,TUSXOV__ligand10910-0
235,TUSXOV__ligand197-0
236,TUSXOV__ligand112-0
237,TUSXOV__ligand136-0
238,TUSXOV__ligand1246-0
239,TUSXOV__ligand6166-0
240,TUSXOV__ligand14530-0
241,TUSXOV__ligand442-0
242,TUSXOV__ligand868-0
243,TUSXOV__ligand3853-0
244,TUSXOV__ligand352-0
245,TUSXOV__ligand783-0
246,TUSXOV__ligand2853-0
247,TUSXOV__ligand2599-0
248,TUSXOV__ligand5089-0
249,TUSXOV__ligand3196-0
250,TUSXOV__ligand291-0
251,TUSXOV__ligand4012-0
252,TUSXOV__ligand51-0
253,TUSXOV__ligand2915-0
254,TUSXOV__ligand29-0
255,TUSXOV__ligand115-0
256,TUSXOV__ligand91-0
257,TUSXOV__ligand48-0
258,TUSXOV__ligand1690-0
259,TUSXOV__ligand2707-0
260,TUSXOV__ligand485-0
261,TUSXOV__ligand355-0
262,TUSXOV__ligand784-0
263,TUSXOV__ligand1551-0
264,TUSXOV__ligand2526-0
265,TUSXOV__ligand487-0
266,TUSXOV__ligand666-0
267,TUSXOV__ligand522-0
268,TUSXOV__ligand4370-0
269,TUSXOV__ligand32-0
270,TUSXOV__ligand3618-0
271,TUSXOV__ligand2618-0
272,TUSXOV__ligand133-0
273,TUSXOV__ligand447-0
274,TUSXOV__ligand1436-0
275,TUSXOV__ligand2255-0
276,TUSXOV__ligand682-0
277,TUSXOV__ligand4175-0
278,TUSXOV__ligand1918-0
279,TUSXOV__ligand4619-0
280,TUSXOV__ligand5235-0
281,TUSXOV__ligand6143-0
282,TUSXOV__ligand422-0
283,TUSXOV__ligand8-0
284,TUSXOV__ligand113-0
285,TUSXOV__ligand3251-0
286,TUSXOV__ligand502-0
287,TUSXOV__ligand57-0
288,TUSXOV__ligand196-0
289,TUSXOV__ligand9176-0
290,TUSXOV__ligand2718-0
291,TUSXOV__ligand3035-0
292,TUSXOV__ligand3070-0
293,TUSXOV__ligand1493-0
294,TUSXOV__ligand73-0
295,TUSXOV__ligand5758-0
296,TUSXOV__ligand3478-0
297,TUSXOV__ligand353-0
298,TUSXOV__ligand3852-0
299,TUSXOV__ligand10357-0
300,TUSXOV__ligand1818-0
301,TUSXOV__ligand15630-0
302,TUSXOV__ligand7456-0
303,TUSXOV__ligand236-0
304,TUSXOV__ligand3890-0
305,TUSXOV__ligand391-0
306,TUSXOV__ligand4423-0
307,TUSXOV__ligand170-0
308,TUSXOV__ligand1907-0
309,TUSXOV__ligand1285-0
310,TUSXOV__ligand34-0
311,TUSXOV__ligand1555-0
312,TUSXOV__ligand314-0
313,TUSXOV__ligand7630-0
314,TUSXOV__ligand481-0
315,TUSXOV__ligand55-0
316,TUSXOV__ligand7550-0
317,TUSXOV__ligand2762-0
318,TUSXOV__ligand1038-0
319,TUSXOV__ligand2253-0
320,TUSXOV__ligand95-0
321,TUSXOV__ligand1160-0
322,TUSXOV__ligand5093-0
323,TUSXOV__ligand2954-0
324,TUSXOV__ligand210-0
