,TMC
0,KIBLIS__ligand1113-0
1,KIBLIS__ligand2265-0
2,KIBLIS__ligand6396-0
3,KIBLIS__ligand9027-0
4,KIBLIS__ligand115-0
5,KIBLIS__ligand2345-0
6,KIBLIS__ligand2794-0
7,KIBLIS__ligand1835-0
8,KIBLIS__ligand291-0
9,KIBLIS__ligand4983-0
10,KIBLIS__ligand1502-0
11,KIBLIS__ligand1052-0
12,KIBLIS__ligand784-0
13,KIBLIS__ligand355-0
14,KIBLIS__ligand485-0
15,KIBLIS__ligand11-0
16,KIBLIS__ligand1273-0
17,KIBLIS__ligand11730-0
18,KIBLIS__ligand447-0
19,KIBLIS__ligand2142-0
20,KIBLIS__ligand9495-0
21,KIBLIS__ligand133-0
22,KIBLIS__ligand6151-0
23,KIBLIS__ligand2772-0
24,KIBLIS__ligand6538-0
25,KIBLIS__ligand522-0
26,KIBLIS__ligand2864-0
27,KIBLIS__ligand666-0
28,KIBLIS__ligand487-0
29,KIBLIS__ligand5022-0
30,KIBLIS__ligand1169-0
31,KIBLIS__ligand682-0
32,KIBLIS__ligand5941-0
33,KIBLIS__ligand2880-0
34,KIBLIS__ligand2838-0
35,KIBLIS__ligand1799-0
36,KIBLIS__ligand3838-0
37,KIBLIS__ligand3637-0
38,KIBLIS__ligand196-0
39,KIBLIS__ligand502-0
40,KIBLIS__ligand8774-0
41,KIBLIS__ligand113-0
42,KIBLIS__ligand422-0
43,KIBLIS__ligand236-0
44,KIBLIS__ligand7464-0
45,KIBLIS__ligand92-0
46,KIBLIS__ligand1598-0
47,KIBLIS__ligand353-0
48,KIBLIS__ligand1248-0
49,KIBLIS__ligand17-0
50,KIBLIS__ligand4303-0
51,KIBLIS__ligand6294-0
52,KIBLIS__ligand1054-0
53,KIBLIS__ligand2285-0
54,KIBLIS__ligand1567-0
55,KIBLIS__ligand481-0
56,KIBLIS__ligand8921-0
57,KIBLIS__ligand2510-0
58,KIBLIS__ligand314-0
59,KIBLIS__ligand2320-0
60,KIBLIS__ligand1056-0
61,KIBLIS__ligand2862-0
62,KIBLIS__ligand170-0
63,KIBLIS__ligand1703-0
64,KIBLIS__ligand2430-0
65,KIBLIS__ligand391-0
66,KIBLIS__ligand2907-0
67,KIBLIS__ligand1727-0
68,KIBLIS__ligand210-0
69,KIBLIS__ligand49-0
70,KIBLIS__ligand1152-0
71,KIBLIS__ligand89-0
72,KIBLIS__ligand1607-0
73,KIBLIS__ligand57-0
74,KIBLIS__ligand851-0
75,KIBLIS__ligand5801-0
76,KIBLIS__ligand3063-0
77,KIBLIS__ligand1438-0
78,KIBLIS__ligand909-0
79,KIBLIS__ligand934-0
80,KIBLIS__ligand177-0
81,KIBLIS__ligand1171-0
82,KIBLIS__ligand252-0
83,KIBLIS__ligand2087-0
84,KIBLIS__ligand1048-0
85,KIBLIS__ligand955-0
86,KIBLIS__ligand3757-0
87,KIBLIS__ligand1685-0
88,KIBLIS__ligand8-0
89,KIBLIS__ligand830-0
90,KIBLIS__ligand1544-0
91,KIBLIS__ligand73-0
92,KIBLIS__ligand1459-0
93,KIBLIS__ligand193-0
94,KIBLIS__ligand34-0
95,KIBLIS__ligand2688-0
96,KIBLIS__ligand2259-0
97,KIBLIS__ligand370-0
98,KIBLIS__ligand1376-0
99,KIBLIS__ligand2768-0
100,KIBLIS__ligand6277-0
101,KIBLIS__ligand250-0
102,KIBLIS__ligand460-0
103,KIBLIS__ligand1951-0
104,KIBLIS__ligand1687-0
105,KIBLIS__ligand1706-0
106,KIBLIS__ligand188-0
107,KIBLIS__ligand3734-0
108,KIBLIS__ligand2629-0
109,KIBLIS__ligand95-0
110,KIBLIS__ligand369-0
111,KIBLIS__ligand4381-0
112,KIBLIS__ligand444-0
113,KIBLIS__ligand311-0
114,KIBLIS__ligand55-0
115,KIBLIS__ligand91-0
116,KIBLIS__ligand3145-0
117,KIBLIS__ligand390-0
118,KIBLIS__ligand29-0
119,KIBLIS__ligand134-0
120,KIBLIS__ligand932-0
121,KIBLIS__ligand7915-0
122,KIBLIS__ligand5548-0
123,KIBLIS__ligand6686-0
124,KIBLIS__ligand235-0
125,KIBLIS__ligand1747-0
126,KIBLIS__ligand2098-0
127,KIBLIS__ligand525-0
128,KIBLIS__ligand6502-0
129,KIBLIS__ligand560-0
130,KIBLIS__ligand109-0
131,KIBLIS__ligand2863-0
132,KIBLIS__ligand3178-0
133,KIBLIS__ligand51-0
134,KIBLIS__ligand6332-0
135,KIBLIS__ligand3041-0
136,KIBLIS__ligand294-0
137,KIBLIS__ligand993-0
138,KIBLIS__ligand331-0
139,KIBLIS__ligand2634-0
140,KIBLIS__ligand1542-0
141,KIBLIS__ligand48-0
142,KIBLIS__ligand421-0
143,KIBLIS__ligand798-0
144,KIBLIS__ligand916-0
145,KIBLIS__ligand584-0
146,KIBLIS__ligand2751-0
147,KIBLIS__ligand1114-0
148,KIBLIS__ligand1538-0
149,KIBLIS__ligand112-0
150,KIBLIS__ligand197-0
151,KIBLIS__ligand296-0
152,KIBLIS__ligand1228-0
153,KIBLIS__ligand32-0
154,KIBLIS__ligand9244-0
155,KIBLIS__ligand1479-0
156,KIBLIS__ligand1148-0
157,KIBLIS__ligand783-0
158,KIBLIS__ligand352-0
159,KIBLIS__ligand868-0
160,KIBLIS__ligand442-0
161,KIBLIS__ligand3246-0
162,KIBLIS__ligand136-0
163,KIBLIS__ligand1555-0
164,KIBLIS__ligand821-0
165,KIBLIS__ligand62-0
166,KIBLIS__ligand1285-0
167,KIBLIS__ligand326-0
168,KIBLIS__ligand553-0
169,KIBLIS__ligand283-0
170,KIBLIS__ligand7630-0
171,KIBLIS__ligand142-0
172,KIBLIS__ligand3890-0
173,KIBLIS__ligand206-0
174,KIBLIS__ligand1907-0
175,KIBLIS__ligand436-0
176,KIBLIS__ligand4423-0
177,KIBLIS__ligand1038-0
178,KIBLIS__ligand2762-0
179,KIBLIS__ligand166-0
180,KIBLIS__ligand2954-0
181,KIBLIS__ligand5093-0
182,KIBLIS__ligand838-0
183,KIBLIS__ligand2253-0
184,KIBLIS__ligand1160-0
185,KIBLIS__ligand86-0
186,KIBLIS__ligand497-0
187,KIBLIS__ligand633-0
188,KIBLIS__ligand918-0
189,KIBLIS__ligand532-0
190,KIBLIS__ligand7550-0
191,KIBLIS__ligand9176-0
192,KIBLIS__ligand575-0
193,KIBLIS__ligand1493-0
194,KIBLIS__ligand2718-0
195,KIBLIS__ligand3070-0
196,KIBLIS__ligand3035-0
197,KIBLIS__ligand5235-0
198,KIBLIS__ligand927-0
199,KIBLIS__ligand6143-0
200,KIBLIS__ligand4619-0
201,KIBLIS__ligand199-0
202,KIBLIS__ligand3251-0
203,KIBLIS__ligand1818-0
204,KIBLIS__ligand140-0
205,KIBLIS__ligand105-0
206,KIBLIS__ligand18-0
207,KIBLIS__ligand7456-0
208,KIBLIS__ligand5758-0
209,KIBLIS__ligand409-0
210,KIBLIS__ligand324-0
211,KIBLIS__ligand361-0
212,KIBLIS__ligand3852-0
213,KIBLIS__ligand3478-0
214,KIBLIS__ligand430-0
215,KIBLIS__ligand358-0
216,KIBLIS__ligand3618-0
217,KIBLIS__ligand2618-0
218,KIBLIS__ligand669-0
219,KIBLIS__ligand1436-0
220,KIBLIS__ligand278-0
221,KIBLIS__ligand21-0
222,KIBLIS__ligand10479-0
223,KIBLIS__ligand4370-0
224,KIBLIS__ligand365-0
225,KIBLIS__ligand118-0
226,KIBLIS__ligand670-0
227,KIBLIS__ligand571-0
228,KIBLIS__ligand1918-0
229,KIBLIS__ligand40-0
230,KIBLIS__ligand38-0
231,KIBLIS__ligand2255-0
232,KIBLIS__ligand6-0
233,KIBLIS__ligand4175-0
234,KIBLIS__ligand10114-0
235,KIBLIS__ligand509-0
236,KIBLIS__ligand4-0
237,KIBLIS__ligand2915-0
238,KIBLIS__ligand383-0
239,KIBLIS__ligand162-0
240,KIBLIS__ligand10910-0
241,KIBLIS__ligand226-0
242,KIBLIS__ligand4012-0
243,KIBLIS__ligand3196-0
244,KIBLIS__ligand2526-0
245,KIBLIS__ligand1551-0
246,KIBLIS__ligand14530-0
247,KIBLIS__ligand66-0
248,KIBLIS__ligand1690-0
249,KIBLIS__ligand2707-0
250,KIBLIS__ligand85-0
251,KIBLIS__ligand3-0
252,KIBLIS__ligand78-0
253,KIBLIS__ligand384-0
254,KIBLIS__ligand120-0
255,KIBLIS__ligand1307-0
256,KIBLIS__ligand45-0
257,KIBLIS__ligand3853-0
258,KIBLIS__ligand2853-0
259,KIBLIS__ligand2599-0
260,KIBLIS__ligand5089-0
261,KIBLIS__ligand1246-0
262,KIBLIS__ligand240-0
263,KIBLIS__ligand6166-0
264,KIBLIS__ligand141-0
265,KIBLIS__ligand1788-0
266,KIBLIS__ligand1321-0
267,KIBLIS__ligand3566-0
268,KIBLIS__ligand1178-0
269,KIBLIS__ligand3337-0
270,KIBLIS__ligand7514-0
271,KIBLIS__ligand797-0
272,KIBLIS__ligand4811-0
273,KIBLIS__ligand1449-1
274,KIBLIS__ligand757-0
275,KIBLIS__ligand1260-0
276,KIBLIS__ligand4894-0
277,KIBLIS__ligand9620-0
278,KIBLIS__ligand1-0
279,KIBLIS__ligand2929-0
280,KIBLIS__ligand2376-0
281,KIBLIS__ligand1379-0
282,KIBLIS__ligand126-0
283,KIBLIS__ligand6430-0
284,KIBLIS__ligand1299-0
285,KIBLIS__ligand1221-0
286,KIBLIS__ligand1264-0
287,KIBLIS__ligand2442-0
288,KIBLIS__ligand1019-0
289,KIBLIS__ligand596-0
290,KIBLIS__ligand5762-0
291,KIBLIS__ligand7414-0
292,KIBLIS__ligand1104-0
293,KIBLIS__ligand15630-0
294,KIBLIS__ligand366-0
295,KIBLIS__ligand10357-0
296,KIBLIS__ligand861-0
297,KIBLIS__ligand67-0
298,KIBLIS__ligand612-0
299,KIBLIS__ligand1325-0
300,KIBLIS__ligand2482-0
301,KIBLIS__ligand6571-0
302,KIBLIS__ligand187-0
303,KIBLIS__ligand5334-0
304,KIBLIS__ligand321-0
305,KIBLIS__ligand2315-0
306,KIBLIS__ligand279-0
307,KIBLIS__ligand4504-0
308,KIBLIS__ligand3051-0
309,KIBLIS__ligand2480-0
310,KIBLIS__ligand1898-0
311,KIBLIS__ligand178-0
312,KIBLIS__ligand8032-0
313,KIBLIS__ligand100-0
314,KIBLIS__ligand1858-0
315,KIBLIS__ligand201-0
316,KIBLIS__ligand244-0
317,KIBLIS__ligand1712-0
318,KIBLIS__ligand124-0
319,KIBLIS__ligand2916-0
320,KIBLIS__ligand2110-0
321,KIBLIS__ligand3579-0
322,KIBLIS__ligand1919-0
323,KIBLIS__ligand2389-0
324,KIBLIS__ligand119-0
