,TMC
0,BAMVUI__ligand868-0
1,BAMVUI__ligand442-0
2,BAMVUI__ligand1607-0
3,BAMVUI__ligand136-0
4,BAMVUI__ligand1152-0
5,BAMVUI__ligand352-0
6,BAMVUI__ligand783-0
7,BAMVUI__ligand1727-0
8,BAMVUI__ligand86-0
9,BAMVUI__ligand197-0
10,BAMVUI__ligand2907-0
11,BAMVUI__ligand296-0
12,BAMVUI__ligand2430-0
13,BAMVUI__ligand1703-0
14,BAMVUI__ligand1056-0
15,BAMVUI__ligand2320-0
16,BAMVUI__ligand62-0
17,BAMVUI__ligand2862-0
18,BAMVUI__ligand112-0
19,BAMVUI__ligand1567-0
20,BAMVUI__ligand2285-0
21,BAMVUI__ligand8921-0
22,BAMVUI__ligand2510-0
23,BAMVUI__ligand6294-0
24,BAMVUI__ligand1054-0
25,BAMVUI__ligand421-0
26,BAMVUI__ligand798-0
27,BAMVUI__ligand1598-0
28,BAMVUI__ligand1248-0
29,BAMVUI__ligand4303-0
30,BAMVUI__ligand584-0
31,BAMVUI__ligand916-0
32,BAMVUI__ligand294-0
33,BAMVUI__ligand7464-0
34,BAMVUI__ligand993-0
35,BAMVUI__ligand18-0
36,BAMVUI__ligand331-0
37,BAMVUI__ligand525-0
38,BAMVUI__ligand560-0
39,BAMVUI__ligand109-0
40,BAMVUI__ligand8774-0
41,BAMVUI__ligand390-0
42,BAMVUI__ligand134-0
43,BAMVUI__ligand3637-0
44,BAMVUI__ligand932-0
45,BAMVUI__ligand235-0
46,BAMVUI__ligand5941-0
47,BAMVUI__ligand2880-0
48,BAMVUI__ligand311-0
49,BAMVUI__ligand38-0
50,BAMVUI__ligand3838-0
51,BAMVUI__ligand1799-0
52,BAMVUI__ligand2838-0
53,BAMVUI__ligand5022-0
54,BAMVUI__ligand188-0
55,BAMVUI__ligand1169-0
56,BAMVUI__ligand369-0
57,BAMVUI__ligand444-0
58,BAMVUI__ligand40-0
59,BAMVUI__ligand250-0
60,BAMVUI__ligand460-0
61,BAMVUI__ligand21-0
62,BAMVUI__ligand2864-0
63,BAMVUI__ligand8-0
64,BAMVUI__ligand9495-0
65,BAMVUI__ligand2772-0
66,BAMVUI__ligand6151-0
67,BAMVUI__ligand6538-0
68,BAMVUI__ligand370-0
69,BAMVUI__ligand2142-0
70,BAMVUI__ligand830-0
71,BAMVUI__ligand1273-0
72,BAMVUI__ligand193-0
73,BAMVUI__ligand252-0
74,BAMVUI__ligand955-0
75,BAMVUI__ligand1052-0
76,BAMVUI__ligand66-0
77,BAMVUI__ligand1502-0
78,BAMVUI__ligand177-0
79,BAMVUI__ligand934-0
80,BAMVUI__ligand1835-0
81,BAMVUI__ligand2345-0
82,BAMVUI__ligand2794-0
83,BAMVUI__ligand4983-0
84,BAMVUI__ligand9027-0
85,BAMVUI__ligand851-0
86,BAMVUI__ligand2265-0
87,BAMVUI__ligand1113-0
88,BAMVUI__ligand6396-0
89,BAMVUI__ligand909-0
90,BAMVUI__ligand11730-0
91,BAMVUI__ligand3246-0
92,BAMVUI__ligand1148-0
93,BAMVUI__ligand210-0
94,BAMVUI__ligand1479-0
95,BAMVUI__ligand170-0
96,BAMVUI__ligand1228-0
97,BAMVUI__ligand9244-0
98,BAMVUI__ligand45-0
99,BAMVUI__ligand391-0
100,BAMVUI__ligand85-0
101,BAMVUI__ligand481-0
102,BAMVUI__ligand314-0
103,BAMVUI__ligand78-0
104,BAMVUI__ligand1114-0
105,BAMVUI__ligand1538-0
106,BAMVUI__ligand353-0
107,BAMVUI__ligand2751-0
108,BAMVUI__ligand236-0
109,BAMVUI__ligand1542-0
110,BAMVUI__ligand2634-0
111,BAMVUI__ligand3041-0
112,BAMVUI__ligand113-0
113,BAMVUI__ligand3178-0
114,BAMVUI__ligand6332-0
115,BAMVUI__ligand2098-0
116,BAMVUI__ligand422-0
117,BAMVUI__ligand6502-0
118,BAMVUI__ligand2863-0
119,BAMVUI__ligand7915-0
120,BAMVUI__ligand5548-0
121,BAMVUI__ligand6686-0
122,BAMVUI__ligand1747-0
123,BAMVUI__ligand196-0
124,BAMVUI__ligand502-0
125,BAMVUI__ligand3145-0
126,BAMVUI__ligand67-0
127,BAMVUI__ligand682-0
128,BAMVUI__ligand2629-0
129,BAMVUI__ligand4381-0
130,BAMVUI__ligand1706-0
131,BAMVUI__ligand3734-0
132,BAMVUI__ligand522-0
133,BAMVUI__ligand1951-0
134,BAMVUI__ligand666-0
135,BAMVUI__ligand1687-0
136,BAMVUI__ligand487-0
137,BAMVUI__ligand6277-0
138,BAMVUI__ligand447-0
139,BAMVUI__ligand1376-0
140,BAMVUI__ligand2768-0
141,BAMVUI__ligand133-0
142,BAMVUI__ligand2688-0
143,BAMVUI__ligand2259-0
144,BAMVUI__ligand1459-0
145,BAMVUI__ligand1544-0
146,BAMVUI__ligand1685-0
147,BAMVUI__ligand2087-0
148,BAMVUI__ligand355-0
149,BAMVUI__ligand784-0
150,BAMVUI__ligand1048-0
151,BAMVUI__ligand3757-0
152,BAMVUI__ligand485-0
153,BAMVUI__ligand1171-0
154,BAMVUI__ligand291-0
155,BAMVUI__ligand3063-0
156,BAMVUI__ligand1438-0
157,BAMVUI__ligand115-0
158,BAMVUI__ligand5801-0
159,BAMVUI__ligand2707-0
160,BAMVUI__ligand119-0
161,BAMVUI__ligand1690-0
162,BAMVUI__ligand2526-0
163,BAMVUI__ligand124-0
164,BAMVUI__ligand1551-0
165,BAMVUI__ligand11-0
166,BAMVUI__ligand100-0
167,BAMVUI__ligand201-0
168,BAMVUI__ligand3196-0
169,BAMVUI__ligand244-0
170,BAMVUI__ligand4012-0
171,BAMVUI__ligand321-0
172,BAMVUI__ligand279-0
173,BAMVUI__ligand2915-0
174,BAMVUI__ligand178-0
175,BAMVUI__ligand366-0
176,BAMVUI__ligand4175-0
177,BAMVUI__ligand861-0
178,BAMVUI__ligand612-0
179,BAMVUI__ligand187-0
180,BAMVUI__ligand2255-0
181,BAMVUI__ligand1918-0
182,BAMVUI__ligand596-0
183,BAMVUI__ligand4370-0
184,BAMVUI__ligand126-0
185,BAMVUI__ligand1436-0
186,BAMVUI__ligand2618-0
187,BAMVUI__ligand3618-0
188,BAMVUI__ligand3852-0
189,BAMVUI__ligand10357-0
190,BAMVUI__ligand757-0
191,BAMVUI__ligand17-0
192,BAMVUI__ligand15630-0
193,BAMVUI__ligand3478-0
194,BAMVUI__ligand5758-0
195,BAMVUI__ligand7456-0
196,BAMVUI__ligand1818-0
197,BAMVUI__ligand797-0
198,BAMVUI__ligand3-0
199,BAMVUI__ligand92-0
200,BAMVUI__ligand3251-0
201,BAMVUI__ligand6143-0
202,BAMVUI__ligand5235-0
203,BAMVUI__ligand4619-0
204,BAMVUI__ligand1493-0
205,BAMVUI__ligand2718-0
206,BAMVUI__ligand3035-0
207,BAMVUI__ligand3070-0
208,BAMVUI__ligand9176-0
209,BAMVUI__ligand89-0
210,BAMVUI__ligand7550-0
211,BAMVUI__ligand240-0
212,BAMVUI__ligand141-0
213,BAMVUI__ligand5093-0
214,BAMVUI__ligand2954-0
215,BAMVUI__ligand1160-0
216,BAMVUI__ligand2253-0
217,BAMVUI__ligand49-0
218,BAMVUI__ligand1038-0
219,BAMVUI__ligand2762-0
220,BAMVUI__ligand1907-0
221,BAMVUI__ligand4423-0
222,BAMVUI__ligand1-0
223,BAMVUI__ligand3890-0
224,BAMVUI__ligand7630-0
225,BAMVUI__ligand384-0
226,BAMVUI__ligand120-0
227,BAMVUI__ligand1555-0
228,BAMVUI__ligand1285-0
229,BAMVUI__ligand2389-0
230,BAMVUI__ligand73-0
231,BAMVUI__ligand1919-0
232,BAMVUI__ligand2110-0
233,BAMVUI__ligand2916-0
234,BAMVUI__ligand3579-0
235,BAMVUI__ligand1712-0
236,BAMVUI__ligand6-0
237,BAMVUI__ligand8032-0
238,BAMVUI__ligand1858-0
239,BAMVUI__ligand2315-0
240,BAMVUI__ligand57-0
241,BAMVUI__ligand2480-0
242,BAMVUI__ligand3051-0
243,BAMVUI__ligand383-0
244,BAMVUI__ligand4504-0
245,BAMVUI__ligand1898-0
246,BAMVUI__ligand5334-0
247,BAMVUI__ligand162-0
248,BAMVUI__ligand226-0
249,BAMVUI__ligand2482-0
250,BAMVUI__ligand1325-0
251,BAMVUI__ligand55-0
252,BAMVUI__ligand6571-0
253,BAMVUI__ligand509-0
254,BAMVUI__ligand118-0
255,BAMVUI__ligand670-0
256,BAMVUI__ligand571-0
257,BAMVUI__ligand1104-0
258,BAMVUI__ligand7414-0
259,BAMVUI__ligand5762-0
260,BAMVUI__ligand2442-0
261,BAMVUI__ligand1019-0
262,BAMVUI__ligand95-0
263,BAMVUI__ligand4-0
264,BAMVUI__ligand6430-0
265,BAMVUI__ligand1299-0
266,BAMVUI__ligand278-0
267,BAMVUI__ligand1264-0
268,BAMVUI__ligand1221-0
269,BAMVUI__ligand1379-0
270,BAMVUI__ligand365-0
271,BAMVUI__ligand2376-0
272,BAMVUI__ligand34-0
273,BAMVUI__ligand430-0
274,BAMVUI__ligand358-0
275,BAMVUI__ligand669-0
276,BAMVUI__ligand2929-0
277,BAMVUI__ligand48-0
278,BAMVUI__ligand409-0
279,BAMVUI__ligand324-0
280,BAMVUI__ligand361-0
281,BAMVUI__ligand1260-0
282,BAMVUI__ligand4894-0
283,BAMVUI__ligand9620-0
284,BAMVUI__ligand10114-0
285,BAMVUI__ligand1449-1
286,BAMVUI__ligand4811-0
287,BAMVUI__ligand140-0
288,BAMVUI__ligand105-0
289,BAMVUI__ligand7514-0
290,BAMVUI__ligand3337-0
291,BAMVUI__ligand927-0
292,BAMVUI__ligand3566-0
293,BAMVUI__ligand1178-0
294,BAMVUI__ligand199-0
295,BAMVUI__ligand51-0
296,BAMVUI__ligand10479-0
297,BAMVUI__ligand1321-0
298,BAMVUI__ligand91-0
299,BAMVUI__ligand1788-0
300,BAMVUI__ligand29-0
301,BAMVUI__ligand575-0
302,BAMVUI__ligand497-0
303,BAMVUI__ligand6166-0
304,BAMVUI__ligand1246-0
305,BAMVUI__ligand633-0
306,BAMVUI__ligand918-0
307,BAMVUI__ligand532-0
308,BAMVUI__ligand5089-0
309,BAMVUI__ligand2599-0
310,BAMVUI__ligand166-0
311,BAMVUI__ligand14530-0
312,BAMVUI__ligand2853-0
313,BAMVUI__ligand3853-0
314,BAMVUI__ligand838-0
315,BAMVUI__ligand142-0
316,BAMVUI__ligand206-0
317,BAMVUI__ligand32-0
318,BAMVUI__ligand436-0
319,BAMVUI__ligand1307-0
320,BAMVUI__ligand821-0
321,BAMVUI__ligand326-0
322,BAMVUI__ligand10910-0
323,BAMVUI__ligand553-0
324,BAMVUI__ligand283-0
