,TMC
0,IHUFEX__ligand113-0
1,IHUFEX__ligand5022-0
2,IHUFEX__ligand1169-0
3,IHUFEX__ligand422-0
4,IHUFEX__ligand57-0
5,IHUFEX__ligand1799-0
6,IHUFEX__ligand3838-0
7,IHUFEX__ligand2838-0
8,IHUFEX__ligand5941-0
9,IHUFEX__ligand6-0
10,IHUFEX__ligand2880-0
11,IHUFEX__ligand502-0
12,IHUFEX__ligand196-0
13,IHUFEX__ligand6538-0
14,IHUFEX__ligand353-0
15,IHUFEX__ligand9495-0
16,IHUFEX__ligand2772-0
17,IHUFEX__ligand6151-0
18,IHUFEX__ligand2142-0
19,IHUFEX__ligand236-0
20,IHUFEX__ligand2864-0
21,IHUFEX__ligand73-0
22,IHUFEX__ligand170-0
23,IHUFEX__ligand1052-0
24,IHUFEX__ligand34-0
25,IHUFEX__ligand391-0
26,IHUFEX__ligand481-0
27,IHUFEX__ligand314-0
28,IHUFEX__ligand1273-0
29,IHUFEX__ligand95-0
30,IHUFEX__ligand4-0
31,IHUFEX__ligand9027-0
32,IHUFEX__ligand6396-0
33,IHUFEX__ligand2265-0
34,IHUFEX__ligand1113-0
35,IHUFEX__ligand210-0
36,IHUFEX__ligand1502-0
37,IHUFEX__ligand4983-0
38,IHUFEX__ligand55-0
39,IHUFEX__ligand1835-0
40,IHUFEX__ligand2345-0
41,IHUFEX__ligand2794-0
42,IHUFEX__ligand1152-0
43,IHUFEX__ligand291-0
44,IHUFEX__ligand29-0
45,IHUFEX__ligand91-0
46,IHUFEX__ligand1727-0
47,IHUFEX__ligand51-0
48,IHUFEX__ligand115-0
49,IHUFEX__ligand1607-0
50,IHUFEX__ligand2862-0
51,IHUFEX__ligand1056-0
52,IHUFEX__ligand2320-0
53,IHUFEX__ligand2510-0
54,IHUFEX__ligand1567-0
55,IHUFEX__ligand2285-0
56,IHUFEX__ligand8921-0
57,IHUFEX__ligand2907-0
58,IHUFEX__ligand2430-0
59,IHUFEX__ligand784-0
60,IHUFEX__ligand355-0
61,IHUFEX__ligand1703-0
62,IHUFEX__ligand48-0
63,IHUFEX__ligand485-0
64,IHUFEX__ligand7464-0
65,IHUFEX__ligand522-0
66,IHUFEX__ligand666-0
67,IHUFEX__ligand487-0
68,IHUFEX__ligand447-0
69,IHUFEX__ligand1054-0
70,IHUFEX__ligand6294-0
71,IHUFEX__ligand32-0
72,IHUFEX__ligand1248-0
73,IHUFEX__ligand133-0
74,IHUFEX__ligand4303-0
75,IHUFEX__ligand1598-0
76,IHUFEX__ligand8774-0
77,IHUFEX__ligand682-0
78,IHUFEX__ligand10357-0
79,IHUFEX__ligand3637-0
80,IHUFEX__ligand15630-0
81,IHUFEX__ligand4381-0
82,IHUFEX__ligand560-0
83,IHUFEX__ligand525-0
84,IHUFEX__ligand109-0
85,IHUFEX__ligand2629-0
86,IHUFEX__ligand3734-0
87,IHUFEX__ligand1706-0
88,IHUFEX__ligand390-0
89,IHUFEX__ligand932-0
90,IHUFEX__ligand134-0
91,IHUFEX__ligand235-0
92,IHUFEX__ligand1376-0
93,IHUFEX__ligand2768-0
94,IHUFEX__ligand11-0
95,IHUFEX__ligand421-0
96,IHUFEX__ligand798-0
97,IHUFEX__ligand2688-0
98,IHUFEX__ligand2259-0
99,IHUFEX__ligand916-0
100,IHUFEX__ligand584-0
101,IHUFEX__ligand294-0
102,IHUFEX__ligand1687-0
103,IHUFEX__ligand1951-0
104,IHUFEX__ligand993-0
105,IHUFEX__ligand331-0
106,IHUFEX__ligand6277-0
107,IHUFEX__ligand197-0
108,IHUFEX__ligand296-0
109,IHUFEX__ligand1685-0
110,IHUFEX__ligand3757-0
111,IHUFEX__ligand2087-0
112,IHUFEX__ligand1048-0
113,IHUFEX__ligand1459-0
114,IHUFEX__ligand1544-0
115,IHUFEX__ligand112-0
116,IHUFEX__ligand3063-0
117,IHUFEX__ligand1438-0
118,IHUFEX__ligand868-0
119,IHUFEX__ligand442-0
120,IHUFEX__ligand5801-0
121,IHUFEX__ligand136-0
122,IHUFEX__ligand1171-0
123,IHUFEX__ligand783-0
124,IHUFEX__ligand352-0
125,IHUFEX__ligand934-0
126,IHUFEX__ligand177-0
127,IHUFEX__ligand1148-0
128,IHUFEX__ligand1479-0
129,IHUFEX__ligand851-0
130,IHUFEX__ligand10910-0
131,IHUFEX__ligand3246-0
132,IHUFEX__ligand909-0
133,IHUFEX__ligand3-0
134,IHUFEX__ligand92-0
135,IHUFEX__ligand830-0
136,IHUFEX__ligand1538-0
137,IHUFEX__ligand193-0
138,IHUFEX__ligand1114-0
139,IHUFEX__ligand252-0
140,IHUFEX__ligand14530-0
141,IHUFEX__ligand9244-0
142,IHUFEX__ligand955-0
143,IHUFEX__ligand1228-0
144,IHUFEX__ligand17-0
145,IHUFEX__ligand1542-0
146,IHUFEX__ligand2634-0
147,IHUFEX__ligand10479-0
148,IHUFEX__ligand250-0
149,IHUFEX__ligand460-0
150,IHUFEX__ligand3041-0
151,IHUFEX__ligand2751-0
152,IHUFEX__ligand1-0
153,IHUFEX__ligand370-0
154,IHUFEX__ligand6686-0
155,IHUFEX__ligand1747-0
156,IHUFEX__ligand311-0
157,IHUFEX__ligand7915-0
158,IHUFEX__ligand49-0
159,IHUFEX__ligand10114-0
160,IHUFEX__ligand5548-0
161,IHUFEX__ligand3145-0
162,IHUFEX__ligand6332-0
163,IHUFEX__ligand188-0
164,IHUFEX__ligand3178-0
165,IHUFEX__ligand2863-0
166,IHUFEX__ligand2098-0
167,IHUFEX__ligand369-0
168,IHUFEX__ligand444-0
169,IHUFEX__ligand6502-0
170,IHUFEX__ligand89-0
171,IHUFEX__ligand7456-0
172,IHUFEX__ligand278-0
173,IHUFEX__ligand78-0
174,IHUFEX__ligand85-0
175,IHUFEX__ligand1818-0
176,IHUFEX__ligand365-0
177,IHUFEX__ligand430-0
178,IHUFEX__ligand3478-0
179,IHUFEX__ligand358-0
180,IHUFEX__ligand3852-0
181,IHUFEX__ligand45-0
182,IHUFEX__ligand669-0
183,IHUFEX__ligand5758-0
184,IHUFEX__ligand2718-0
185,IHUFEX__ligand3070-0
186,IHUFEX__ligand3035-0
187,IHUFEX__ligand1493-0
188,IHUFEX__ligand509-0
189,IHUFEX__ligand9176-0
190,IHUFEX__ligand118-0
191,IHUFEX__ligand670-0
192,IHUFEX__ligand571-0
193,IHUFEX__ligand3251-0
194,IHUFEX__ligand4619-0
195,IHUFEX__ligand6143-0
196,IHUFEX__ligand5235-0
197,IHUFEX__ligand1160-0
198,IHUFEX__ligand2253-0
199,IHUFEX__ligand2954-0
200,IHUFEX__ligand5093-0
201,IHUFEX__ligand2762-0
202,IHUFEX__ligand1038-0
203,IHUFEX__ligand7550-0
204,IHUFEX__ligand383-0
205,IHUFEX__ligand162-0
206,IHUFEX__ligand226-0
207,IHUFEX__ligand7630-0
208,IHUFEX__ligand1285-0
209,IHUFEX__ligand1555-0
210,IHUFEX__ligand4423-0
211,IHUFEX__ligand1907-0
212,IHUFEX__ligand3890-0
213,IHUFEX__ligand1551-0
214,IHUFEX__ligand142-0
215,IHUFEX__ligand2526-0
216,IHUFEX__ligand206-0
217,IHUFEX__ligand436-0
218,IHUFEX__ligand821-0
219,IHUFEX__ligand2707-0
220,IHUFEX__ligand326-0
221,IHUFEX__ligand553-0
222,IHUFEX__ligand1690-0
223,IHUFEX__ligand283-0
224,IHUFEX__ligand497-0
225,IHUFEX__ligand633-0
226,IHUFEX__ligand2915-0
227,IHUFEX__ligand918-0
228,IHUFEX__ligand532-0
229,IHUFEX__ligand4012-0
230,IHUFEX__ligand3196-0
231,IHUFEX__ligand166-0
232,IHUFEX__ligand838-0
233,IHUFEX__ligand67-0
234,IHUFEX__ligand927-0
235,IHUFEX__ligand199-0
236,IHUFEX__ligand1918-0
237,IHUFEX__ligand4175-0
238,IHUFEX__ligand575-0
239,IHUFEX__ligand2255-0
240,IHUFEX__ligand409-0
241,IHUFEX__ligand361-0
242,IHUFEX__ligand324-0
243,IHUFEX__ligand1436-0
244,IHUFEX__ligand2618-0
245,IHUFEX__ligand3618-0
246,IHUFEX__ligand105-0
247,IHUFEX__ligand140-0
248,IHUFEX__ligand4370-0
249,IHUFEX__ligand126-0
250,IHUFEX__ligand4811-0
251,IHUFEX__ligand1449-1
252,IHUFEX__ligand7514-0
253,IHUFEX__ligand3337-0
254,IHUFEX__ligand62-0
255,IHUFEX__ligand1260-0
256,IHUFEX__ligand4894-0
257,IHUFEX__ligand9620-0
258,IHUFEX__ligand366-0
259,IHUFEX__ligand86-0
260,IHUFEX__ligand861-0
261,IHUFEX__ligand1788-0
262,IHUFEX__ligand612-0
263,IHUFEX__ligand187-0
264,IHUFEX__ligand3566-0
265,IHUFEX__ligand1178-0
266,IHUFEX__ligand596-0
267,IHUFEX__ligand1321-0
268,IHUFEX__ligand2599-0
269,IHUFEX__ligand5089-0
270,IHUFEX__ligand100-0
271,IHUFEX__ligand244-0
272,IHUFEX__ligand201-0
273,IHUFEX__ligand2853-0
274,IHUFEX__ligand3853-0
275,IHUFEX__ligand6166-0
276,IHUFEX__ligand321-0
277,IHUFEX__ligand279-0
278,IHUFEX__ligand1246-0
279,IHUFEX__ligand178-0
280,IHUFEX__ligand18-0
281,IHUFEX__ligand119-0
282,IHUFEX__ligand11730-0
283,IHUFEX__ligand124-0
284,IHUFEX__ligand1307-0
285,IHUFEX__ligand3579-0
286,IHUFEX__ligand2916-0
287,IHUFEX__ligand2110-0
288,IHUFEX__ligand1712-0
289,IHUFEX__ligand8-0
290,IHUFEX__ligand2389-0
291,IHUFEX__ligand21-0
292,IHUFEX__ligand384-0
293,IHUFEX__ligand120-0
294,IHUFEX__ligand1919-0
295,IHUFEX__ligand2480-0
296,IHUFEX__ligand4504-0
297,IHUFEX__ligand3051-0
298,IHUFEX__ligand1898-0
299,IHUFEX__ligand40-0
300,IHUFEX__ligand2315-0
301,IHUFEX__ligand240-0
302,IHUFEX__ligand5334-0
303,IHUFEX__ligand141-0
304,IHUFEX__ligand1858-0
305,IHUFEX__ligand8032-0
306,IHUFEX__ligand38-0
307,IHUFEX__ligand1104-0
308,IHUFEX__ligand5762-0
309,IHUFEX__ligand7414-0
310,IHUFEX__ligand2442-0
311,IHUFEX__ligand1019-0
312,IHUFEX__ligand6571-0
313,IHUFEX__ligand2482-0
314,IHUFEX__ligand1325-0
315,IHUFEX__ligand757-0
316,IHUFEX__ligand66-0
317,IHUFEX__ligand2376-0
318,IHUFEX__ligand2929-0
319,IHUFEX__ligand1221-0
320,IHUFEX__ligand1264-0
321,IHUFEX__ligand6430-0
322,IHUFEX__ligand1299-0
323,IHUFEX__ligand797-0
324,IHUFEX__ligand1379-0
