,TMC
0,EHUGAQ__ligand481-0
1,EHUGAQ__ligand7464-0
2,EHUGAQ__ligand314-0
3,EHUGAQ__ligand1598-0
4,EHUGAQ__ligand1248-0
5,EHUGAQ__ligand391-0
6,EHUGAQ__ligand4303-0
7,EHUGAQ__ligand6294-0
8,EHUGAQ__ligand170-0
9,EHUGAQ__ligand1054-0
10,EHUGAQ__ligand3637-0
11,EHUGAQ__ligand210-0
12,EHUGAQ__ligand8774-0
13,EHUGAQ__ligand67-0
14,EHUGAQ__ligand502-0
15,EHUGAQ__ligand196-0
16,EHUGAQ__ligand1727-0
17,EHUGAQ__ligand1152-0
18,EHUGAQ__ligand422-0
19,EHUGAQ__ligand1607-0
20,EHUGAQ__ligand113-0
21,EHUGAQ__ligand2285-0
22,EHUGAQ__ligand1567-0
23,EHUGAQ__ligand8921-0
24,EHUGAQ__ligand2510-0
25,EHUGAQ__ligand236-0
26,EHUGAQ__ligand2320-0
27,EHUGAQ__ligand1056-0
28,EHUGAQ__ligand2862-0
29,EHUGAQ__ligand1703-0
30,EHUGAQ__ligand2430-0
31,EHUGAQ__ligand353-0
32,EHUGAQ__ligand2907-0
33,EHUGAQ__ligand133-0
34,EHUGAQ__ligand1052-0
35,EHUGAQ__ligand447-0
36,EHUGAQ__ligand487-0
37,EHUGAQ__ligand1273-0
38,EHUGAQ__ligand522-0
39,EHUGAQ__ligand666-0
40,EHUGAQ__ligand1113-0
41,EHUGAQ__ligand2265-0
42,EHUGAQ__ligand6396-0
43,EHUGAQ__ligand9027-0
44,EHUGAQ__ligand2794-0
45,EHUGAQ__ligand2345-0
46,EHUGAQ__ligand1835-0
47,EHUGAQ__ligand682-0
48,EHUGAQ__ligand4983-0
49,EHUGAQ__ligand1502-0
50,EHUGAQ__ligand115-0
51,EHUGAQ__ligand5022-0
52,EHUGAQ__ligand1169-0
53,EHUGAQ__ligand2880-0
54,EHUGAQ__ligand5941-0
55,EHUGAQ__ligand2838-0
56,EHUGAQ__ligand291-0
57,EHUGAQ__ligand3838-0
58,EHUGAQ__ligand1799-0
59,EHUGAQ__ligand355-0
60,EHUGAQ__ligand784-0
61,EHUGAQ__ligand2142-0
62,EHUGAQ__ligand485-0
63,EHUGAQ__ligand9495-0
64,EHUGAQ__ligand6151-0
65,EHUGAQ__ligand2772-0
66,EHUGAQ__ligand45-0
67,EHUGAQ__ligand6538-0
68,EHUGAQ__ligand78-0
69,EHUGAQ__ligand2864-0
70,EHUGAQ__ligand85-0
71,EHUGAQ__ligand3041-0
72,EHUGAQ__ligand112-0
73,EHUGAQ__ligand2634-0
74,EHUGAQ__ligand1542-0
75,EHUGAQ__ligand197-0
76,EHUGAQ__ligand66-0
77,EHUGAQ__ligand296-0
78,EHUGAQ__ligand2751-0
79,EHUGAQ__ligand352-0
80,EHUGAQ__ligand783-0
81,EHUGAQ__ligand3145-0
82,EHUGAQ__ligand7915-0
83,EHUGAQ__ligand5548-0
84,EHUGAQ__ligand1747-0
85,EHUGAQ__ligand6686-0
86,EHUGAQ__ligand2098-0
87,EHUGAQ__ligand6502-0
88,EHUGAQ__ligand136-0
89,EHUGAQ__ligand2863-0
90,EHUGAQ__ligand868-0
91,EHUGAQ__ligand3178-0
92,EHUGAQ__ligand6332-0
93,EHUGAQ__ligand442-0
94,EHUGAQ__ligand1479-0
95,EHUGAQ__ligand932-0
96,EHUGAQ__ligand134-0
97,EHUGAQ__ligand38-0
98,EHUGAQ__ligand235-0
99,EHUGAQ__ligand1148-0
100,EHUGAQ__ligand390-0
101,EHUGAQ__ligand3246-0
102,EHUGAQ__ligand560-0
103,EHUGAQ__ligand525-0
104,EHUGAQ__ligand40-0
105,EHUGAQ__ligand109-0
106,EHUGAQ__ligand331-0
107,EHUGAQ__ligand1114-0
108,EHUGAQ__ligand1538-0
109,EHUGAQ__ligand294-0
110,EHUGAQ__ligand21-0
111,EHUGAQ__ligand993-0
112,EHUGAQ__ligand584-0
113,EHUGAQ__ligand916-0
114,EHUGAQ__ligand1228-0
115,EHUGAQ__ligand798-0
116,EHUGAQ__ligand9244-0
117,EHUGAQ__ligand421-0
118,EHUGAQ__ligand2087-0
119,EHUGAQ__ligand1048-0
120,EHUGAQ__ligand3757-0
121,EHUGAQ__ligand1685-0
122,EHUGAQ__ligand370-0
123,EHUGAQ__ligand460-0
124,EHUGAQ__ligand1544-0
125,EHUGAQ__ligand1459-0
126,EHUGAQ__ligand250-0
127,EHUGAQ__ligand18-0
128,EHUGAQ__ligand444-0
129,EHUGAQ__ligand369-0
130,EHUGAQ__ligand5801-0
131,EHUGAQ__ligand188-0
132,EHUGAQ__ligand3063-0
133,EHUGAQ__ligand1438-0
134,EHUGAQ__ligand1171-0
135,EHUGAQ__ligand311-0
136,EHUGAQ__ligand1706-0
137,EHUGAQ__ligand3734-0
138,EHUGAQ__ligand909-0
139,EHUGAQ__ligand851-0
140,EHUGAQ__ligand2629-0
141,EHUGAQ__ligand4381-0
142,EHUGAQ__ligand934-0
143,EHUGAQ__ligand177-0
144,EHUGAQ__ligand86-0
145,EHUGAQ__ligand11730-0
146,EHUGAQ__ligand2259-0
147,EHUGAQ__ligand2688-0
148,EHUGAQ__ligand8-0
149,EHUGAQ__ligand252-0
150,EHUGAQ__ligand1376-0
151,EHUGAQ__ligand955-0
152,EHUGAQ__ligand2768-0
153,EHUGAQ__ligand193-0
154,EHUGAQ__ligand62-0
155,EHUGAQ__ligand6277-0
156,EHUGAQ__ligand1951-0
157,EHUGAQ__ligand1687-0
158,EHUGAQ__ligand830-0
159,EHUGAQ__ligand162-0
160,EHUGAQ__ligand226-0
161,EHUGAQ__ligand1918-0
162,EHUGAQ__ligand383-0
163,EHUGAQ__ligand2255-0
164,EHUGAQ__ligand4175-0
165,EHUGAQ__ligand4-0
166,EHUGAQ__ligand3618-0
167,EHUGAQ__ligand2618-0
168,EHUGAQ__ligand1436-0
169,EHUGAQ__ligand32-0
170,EHUGAQ__ligand4370-0
171,EHUGAQ__ligand669-0
172,EHUGAQ__ligand48-0
173,EHUGAQ__ligand2526-0
174,EHUGAQ__ligand358-0
175,EHUGAQ__ligand430-0
176,EHUGAQ__ligand1551-0
177,EHUGAQ__ligand1690-0
178,EHUGAQ__ligand365-0
179,EHUGAQ__ligand278-0
180,EHUGAQ__ligand2707-0
181,EHUGAQ__ligand10357-0
182,EHUGAQ__ligand2915-0
183,EHUGAQ__ligand15630-0
184,EHUGAQ__ligand670-0
185,EHUGAQ__ligand118-0
186,EHUGAQ__ligand51-0
187,EHUGAQ__ligand571-0
188,EHUGAQ__ligand6-0
189,EHUGAQ__ligand29-0
190,EHUGAQ__ligand509-0
191,EHUGAQ__ligand91-0
192,EHUGAQ__ligand3196-0
193,EHUGAQ__ligand4012-0
194,EHUGAQ__ligand1038-0
195,EHUGAQ__ligand55-0
196,EHUGAQ__ligand575-0
197,EHUGAQ__ligand2762-0
198,EHUGAQ__ligand5093-0
199,EHUGAQ__ligand2954-0
200,EHUGAQ__ligand2253-0
201,EHUGAQ__ligand1160-0
202,EHUGAQ__ligand95-0
203,EHUGAQ__ligand927-0
204,EHUGAQ__ligand199-0
205,EHUGAQ__ligand7550-0
206,EHUGAQ__ligand1555-0
207,EHUGAQ__ligand1285-0
208,EHUGAQ__ligand105-0
209,EHUGAQ__ligand140-0
210,EHUGAQ__ligand7630-0
211,EHUGAQ__ligand3890-0
212,EHUGAQ__ligand34-0
213,EHUGAQ__ligand361-0
214,EHUGAQ__ligand324-0
215,EHUGAQ__ligand409-0
216,EHUGAQ__ligand1907-0
217,EHUGAQ__ligand4423-0
218,EHUGAQ__ligand1818-0
219,EHUGAQ__ligand73-0
220,EHUGAQ__ligand553-0
221,EHUGAQ__ligand283-0
222,EHUGAQ__ligand821-0
223,EHUGAQ__ligand7456-0
224,EHUGAQ__ligand326-0
225,EHUGAQ__ligand5758-0
226,EHUGAQ__ligand436-0
227,EHUGAQ__ligand3852-0
228,EHUGAQ__ligand142-0
229,EHUGAQ__ligand206-0
230,EHUGAQ__ligand3478-0
231,EHUGAQ__ligand838-0
232,EHUGAQ__ligand9176-0
233,EHUGAQ__ligand1493-0
234,EHUGAQ__ligand166-0
235,EHUGAQ__ligand2718-0
236,EHUGAQ__ligand3035-0
237,EHUGAQ__ligand3070-0
238,EHUGAQ__ligand918-0
239,EHUGAQ__ligand5235-0
240,EHUGAQ__ligand6143-0
241,EHUGAQ__ligand633-0
242,EHUGAQ__ligand4619-0
243,EHUGAQ__ligand532-0
244,EHUGAQ__ligand57-0
245,EHUGAQ__ligand3251-0
246,EHUGAQ__ligand497-0
247,EHUGAQ__ligand2442-0
248,EHUGAQ__ligand279-0
249,EHUGAQ__ligand1019-0
250,EHUGAQ__ligand89-0
251,EHUGAQ__ligand178-0
252,EHUGAQ__ligand321-0
253,EHUGAQ__ligand7414-0
254,EHUGAQ__ligand5762-0
255,EHUGAQ__ligand1104-0
256,EHUGAQ__ligand10910-0
257,EHUGAQ__ligand100-0
258,EHUGAQ__ligand1325-0
259,EHUGAQ__ligand2482-0
260,EHUGAQ__ligand244-0
261,EHUGAQ__ligand201-0
262,EHUGAQ__ligand6571-0
263,EHUGAQ__ligand49-0
264,EHUGAQ__ligand2929-0
265,EHUGAQ__ligand2376-0
266,EHUGAQ__ligand124-0
267,EHUGAQ__ligand1379-0
268,EHUGAQ__ligand119-0
269,EHUGAQ__ligand6430-0
270,EHUGAQ__ligand1299-0
271,EHUGAQ__ligand14530-0
272,EHUGAQ__ligand1264-0
273,EHUGAQ__ligand1221-0
274,EHUGAQ__ligand1712-0
275,EHUGAQ__ligand17-0
276,EHUGAQ__ligand2110-0
277,EHUGAQ__ligand2916-0
278,EHUGAQ__ligand3579-0
279,EHUGAQ__ligand10479-0
280,EHUGAQ__ligand1919-0
281,EHUGAQ__ligand92-0
282,EHUGAQ__ligand2389-0
283,EHUGAQ__ligand126-0
284,EHUGAQ__ligand5334-0
285,EHUGAQ__ligand2315-0
286,EHUGAQ__ligand3051-0
287,EHUGAQ__ligand4504-0
288,EHUGAQ__ligand2480-0
289,EHUGAQ__ligand596-0
290,EHUGAQ__ligand10114-0
291,EHUGAQ__ligand1898-0
292,EHUGAQ__ligand8032-0
293,EHUGAQ__ligand612-0
294,EHUGAQ__ligand1858-0
295,EHUGAQ__ligand187-0
296,EHUGAQ__ligand366-0
297,EHUGAQ__ligand861-0
298,EHUGAQ__ligand3853-0
299,EHUGAQ__ligand2853-0
300,EHUGAQ__ligand5089-0
301,EHUGAQ__ligand2599-0
302,EHUGAQ__ligand1246-0
303,EHUGAQ__ligand6166-0
304,EHUGAQ__ligand797-0
305,EHUGAQ__ligand1-0
306,EHUGAQ__ligand1307-0
307,EHUGAQ__ligand757-0
308,EHUGAQ__ligand120-0
309,EHUGAQ__ligand3337-0
310,EHUGAQ__ligand7514-0
311,EHUGAQ__ligand1449-1
312,EHUGAQ__ligand4811-0
313,EHUGAQ__ligand384-0
314,EHUGAQ__ligand4894-0
315,EHUGAQ__ligand1260-0
316,EHUGAQ__ligand9620-0
317,EHUGAQ__ligand11-0
318,EHUGAQ__ligand3-0
319,EHUGAQ__ligand1788-0
320,EHUGAQ__ligand240-0
321,EHUGAQ__ligand141-0
322,EHUGAQ__ligand1321-0
323,EHUGAQ__ligand3566-0
324,EHUGAQ__ligand1178-0
