,TMC
0,ERIBOX__ligand7162-0
1,ERIBOX__ligand10371-0
2,ERIBOX__ligand3029-0
3,ERIBOX__ligand1773-0
4,ERIBOX__ligand4581-0
5,ERIBOX__ligand2328-0
6,ERIBOX__ligand28685-0
7,ERIBOX__ligand9197-0
8,ERIBOX__ligand18568-0
9,ERIBOX__ligand1900-0
10,ERIBOX__ligand13672-0
11,ERIBOX__ligand177-0
12,ERIBOX__ligand909-0
13,ERIBOX__ligand19184-0
14,ERIBOX__ligand3208-0
15,ERIBOX__ligand2208-0
16,ERIBOX__ligand18448-0
17,ERIBOX__ligand12453-0
18,ERIBOX__ligand7573-0
19,ERIBOX__ligand2781-0
20,ERIBOX__ligand28459-0
21,ERIBOX__ligand3350-0
22,ERIBOX__ligand8722-0
23,ERIBOX__ligand9809-0
24,ERIBOX__ligand6672-0
25,ERIBOX__ligand1327-0
26,ERIBOX__ligand193-0
27,ERIBOX__ligand1533-0
28,ERIBOX__ligand830-0
29,ERIBOX__ligand30142-0
30,ERIBOX__ligand27669-0
31,ERIBOX__ligand7557-0
32,ERIBOX__ligand372-0
33,ERIBOX__ligand1496-0
34,ERIBOX__ligand14167-0
35,ERIBOX__ligand13477-0
36,ERIBOX__ligand4131-0
37,ERIBOX__ligand1712-0
38,ERIBOX__ligand27285-0
39,ERIBOX__ligand8-0
40,ERIBOX__ligand29029-0
41,ERIBOX__ligand116-0
42,ERIBOX__ligand5094-0
43,ERIBOX__ligand5892-0
44,ERIBOX__ligand252-0
45,ERIBOX__ligand23197-0
46,ERIBOX__ligand2722-0
47,ERIBOX__ligand13862-0
48,ERIBOX__ligand11357-0
49,ERIBOX__ligand15531-0
50,ERIBOX__ligand1379-0
51,ERIBOX__ligand28743-0
52,ERIBOX__ligand5935-0
53,ERIBOX__ligand10056-0
54,ERIBOX__ligand12365-0
55,ERIBOX__ligand21919-0
56,ERIBOX__ligand9525-0
57,ERIBOX__ligand1165-0
58,ERIBOX__ligand250-0
59,ERIBOX__ligand28930-0
60,ERIBOX__ligand22168-0
61,ERIBOX__ligand22294-0
62,ERIBOX__ligand3157-0
63,ERIBOX__ligand5357-0
64,ERIBOX__ligand43-0
65,ERIBOX__ligand3647-0
66,ERIBOX__ligand1688-0
67,ERIBOX__ligand15883-0
68,ERIBOX__ligand5056-0
69,ERIBOX__ligand4850-0
70,ERIBOX__ligand11970-0
71,ERIBOX__ligand1768-0
72,ERIBOX__ligand15926-0
73,ERIBOX__ligand19792-0
74,ERIBOX__ligand370-0
75,ERIBOX__ligand10828-0
76,ERIBOX__ligand1469-0
77,ERIBOX__ligand28810-0
78,ERIBOX__ligand11096-0
79,ERIBOX__ligand11447-0
80,ERIBOX__ligand24230-0
81,ERIBOX__ligand3871-0
82,ERIBOX__ligand2527-0
83,ERIBOX__ligand564-0
84,ERIBOX__ligand370-1
85,ERIBOX__ligand11682-0
86,ERIBOX__ligand67-0
87,ERIBOX__ligand620-0
88,ERIBOX__ligand30711-0
89,ERIBOX__ligand20207-0
90,ERIBOX__ligand8349-0
91,ERIBOX__ligand16988-0
92,ERIBOX__ligand785-0
93,ERIBOX__ligand25913-0
94,ERIBOX__ligand311-0
95,ERIBOX__ligand1709-0
96,ERIBOX__ligand479-0
97,ERIBOX__ligand8464-0
98,ERIBOX__ligand14614-0
99,ERIBOX__ligand1771-0
100,ERIBOX__ligand4911-0
101,ERIBOX__ligand16663-0
102,ERIBOX__ligand3392-0
103,ERIBOX__ligand31842-0
104,ERIBOX__ligand31044-0
105,ERIBOX__ligand11994-0
106,ERIBOX__ligand24035-0
107,ERIBOX__ligand5849-0
108,ERIBOX__ligand188-0
109,ERIBOX__ligand24111-0
110,ERIBOX__ligand7530-0
111,ERIBOX__ligand1065-0
112,ERIBOX__ligand22444-0
113,ERIBOX__ligand14569-0
114,ERIBOX__ligand3012-0
115,ERIBOX__ligand1449-0
116,ERIBOX__ligand13385-0
117,ERIBOX__ligand17396-0
118,ERIBOX__ligand23175-0
119,ERIBOX__ligand15788-0
120,ERIBOX__ligand4332-0
121,ERIBOX__ligand9681-0
122,ERIBOX__ligand13220-0
123,ERIBOX__ligand11587-0
124,ERIBOX__ligand560-0
125,ERIBOX__ligand6882-0
126,ERIBOX__ligand235-0
127,ERIBOX__ligand6455-0
128,ERIBOX__ligand24872-0
129,ERIBOX__ligand134-0
130,ERIBOX__ligand3934-0
131,ERIBOX__ligand27840-0
132,ERIBOX__ligand30728-0
133,ERIBOX__ligand12001-0
134,ERIBOX__ligand10033-0
135,ERIBOX__ligand2403-0
136,ERIBOX__ligand24644-0
137,ERIBOX__ligand22129-0
138,ERIBOX__ligand12138-0
139,ERIBOX__ligand9148-0
140,ERIBOX__ligand24780-0
141,ERIBOX__ligand685-0
142,ERIBOX__ligand11949-0
143,ERIBOX__ligand421-0
144,ERIBOX__ligand7529-0
145,ERIBOX__ligand1415-0
146,ERIBOX__ligand6946-0
147,ERIBOX__ligand25561-0
148,ERIBOX__ligand29486-0
149,ERIBOX__ligand2830-0
150,ERIBOX__ligand1729-0
151,ERIBOX__ligand31694-0
152,ERIBOX__ligand5627-0
153,ERIBOX__ligand5483-0
154,ERIBOX__ligand17427-0
155,ERIBOX__ligand5316-0
156,ERIBOX__ligand294-0
157,ERIBOX__ligand26529-0
158,ERIBOX__ligand6283-0
159,ERIBOX__ligand45-0
160,ERIBOX__ligand6062-0
161,ERIBOX__ligand4738-0
162,ERIBOX__ligand5813-0
163,ERIBOX__ligand11618-0
164,ERIBOX__ligand4813-0
165,ERIBOX__ligand197-0
166,ERIBOX__ligand3215-0
167,ERIBOX__ligand28559-0
168,ERIBOX__ligand26324-0
169,ERIBOX__ligand14043-0
170,ERIBOX__ligand19927-0
171,ERIBOX__ligand78-0
172,ERIBOX__ligand7107-0
173,ERIBOX__ligand21729-0
174,ERIBOX__ligand27239-0
175,ERIBOX__ligand19-0
176,ERIBOX__ligand3973-0
177,ERIBOX__ligand29215-0
178,ERIBOX__ligand1147-0
179,ERIBOX__ligand21399-0
180,ERIBOX__ligand10872-0
181,ERIBOX__ligand7925-0
182,ERIBOX__ligand26631-0
183,ERIBOX__ligand16148-0
184,ERIBOX__ligand2068-0
185,ERIBOX__ligand12003-0
186,ERIBOX__ligand868-0
187,ERIBOX__ligand4194-0
188,ERIBOX__ligand7532-0
189,ERIBOX__ligand22403-0
190,ERIBOX__ligand783-0
191,ERIBOX__ligand352-0
192,ERIBOX__ligand16369-0
193,ERIBOX__ligand28540-0
194,ERIBOX__ligand11111-0
195,ERIBOX__ligand24-0
196,ERIBOX__ligand20695-0
197,ERIBOX__ligand27754-0
198,ERIBOX__ligand4330-0
199,ERIBOX__ligand2599-0
200,ERIBOX__ligand9441-0
201,ERIBOX__ligand17686-0
202,ERIBOX__ligand25658-0
203,ERIBOX__ligand31205-0
204,ERIBOX__ligand2332-0
205,ERIBOX__ligand833-0
206,ERIBOX__ligand42-0
207,ERIBOX__ligand1575-0
208,ERIBOX__ligand1530-0
209,ERIBOX__ligand15455-0
210,ERIBOX__ligand9933-0
211,ERIBOX__ligand1631-0
212,ERIBOX__ligand11177-0
213,ERIBOX__ligand11622-0
214,ERIBOX__ligand16870-0
215,ERIBOX__ligand115-0
216,ERIBOX__ligand3156-0
217,ERIBOX__ligand2915-0
218,ERIBOX__ligand16603-0
219,ERIBOX__ligand1378-0
220,ERIBOX__ligand6244-0
221,ERIBOX__ligand11814-0
222,ERIBOX__ligand31000-0
223,ERIBOX__ligand9601-0
224,ERIBOX__ligand8992-0
225,ERIBOX__ligand11606-0
226,ERIBOX__ligand368-0
227,ERIBOX__ligand1018-0
228,ERIBOX__ligand4116-0
229,ERIBOX__ligand20821-0
230,ERIBOX__ligand6124-0
231,ERIBOX__ligand3707-0
232,ERIBOX__ligand395-0
233,ERIBOX__ligand7967-0
234,ERIBOX__ligand26673-0
235,ERIBOX__ligand19824-0
236,ERIBOX__ligand18067-0
237,ERIBOX__ligand1324-0
238,ERIBOX__ligand8721-0
239,ERIBOX__ligand5643-0
240,ERIBOX__ligand784-0
241,ERIBOX__ligand1823-0
242,ERIBOX__ligand10582-0
243,ERIBOX__ligand13260-0
244,ERIBOX__ligand2526-0
245,ERIBOX__ligand5036-0
246,ERIBOX__ligand1615-0
247,ERIBOX__ligand9952-0
248,ERIBOX__ligand9111-0
249,ERIBOX__ligand11252-0
250,ERIBOX__ligand66-0
251,ERIBOX__ligand4641-0
252,ERIBOX__ligand487-0
253,ERIBOX__ligand10151-0
254,ERIBOX__ligand1142-0
255,ERIBOX__ligand3234-0
256,ERIBOX__ligand19668-0
257,ERIBOX__ligand176-0
258,ERIBOX__ligand19906-0
259,ERIBOX__ligand746-0
260,ERIBOX__ligand7126-0
261,ERIBOX__ligand8835-0
262,ERIBOX__ligand2028-0
263,ERIBOX__ligand22353-0
264,ERIBOX__ligand447-0
265,ERIBOX__ligand152-0
266,ERIBOX__ligand20530-0
267,ERIBOX__ligand2917-0
268,ERIBOX__ligand11698-0
269,ERIBOX__ligand38-0
270,ERIBOX__ligand14302-0
271,ERIBOX__ligand13657-0
272,ERIBOX__ligand14347-0
273,ERIBOX__ligand7819-0
274,ERIBOX__ligand24851-0
275,ERIBOX__ligand29441-0
276,ERIBOX__ligand10853-0
277,ERIBOX__ligand3465-0
278,ERIBOX__ligand6102-0
279,ERIBOX__ligand27610-0
280,ERIBOX__ligand10479-0
281,ERIBOX__ligand6596-0
282,ERIBOX__ligand3721-0
283,ERIBOX__ligand6904-0
284,ERIBOX__ligand11479-0
285,ERIBOX__ligand29813-0
286,ERIBOX__ligand16952-0
287,ERIBOX__ligand4620-0
288,ERIBOX__ligand15387-0
289,ERIBOX__ligand20121-0
290,ERIBOX__ligand506-0
291,ERIBOX__ligand2295-0
292,ERIBOX__ligand1577-0
293,ERIBOX__ligand6067-0
294,ERIBOX__ligand20220-0
295,ERIBOX__ligand7106-0
296,ERIBOX__ligand422-0
297,ERIBOX__ligand27550-0
298,ERIBOX__ligand7242-0
299,ERIBOX__ligand686-0
300,ERIBOX__ligand18019-1
301,ERIBOX__ligand14007-0
302,ERIBOX__ligand9908-0
303,ERIBOX__ligand1263-0
304,ERIBOX__ligand18158-0
305,ERIBOX__ligand9935-0
306,ERIBOX__ligand1573-0
307,ERIBOX__ligand27771-0
308,ERIBOX__ligand1536-0
309,ERIBOX__ligand1959-0
310,ERIBOX__ligand29565-0
311,ERIBOX__ligand23682-0
312,ERIBOX__ligand3504-0
313,ERIBOX__ligand196-0
314,ERIBOX__ligand1844-0
315,ERIBOX__ligand4661-0
316,ERIBOX__ligand6616-0
317,ERIBOX__ligand3876-0
318,ERIBOX__ligand1343-0
319,ERIBOX__ligand3035-0
320,ERIBOX__ligand3718-0
321,ERIBOX__ligand20942-1
322,ERIBOX__ligand16956-0
323,ERIBOX__ligand14226-0
324,ERIBOX__ligand21339-0
325,ERIBOX__ligand3565-0
326,ERIBOX__ligand17445-0
327,ERIBOX__ligand5331-0
328,ERIBOX__ligand1512-0
329,ERIBOX__ligand17069-0
330,ERIBOX__ligand14477-0
331,ERIBOX__ligand6919-0
332,ERIBOX__ligand2485-0
333,ERIBOX__ligand11798-0
334,ERIBOX__ligand3852-0
335,ERIBOX__ligand12413-0
336,ERIBOX__ligand29334-0
337,ERIBOX__ligand20731-0
338,ERIBOX__ligand353-0
339,ERIBOX__ligand4155-0
340,ERIBOX__ligand22357-0
341,ERIBOX__ligand3094-0
342,ERIBOX__ligand11758-0
343,ERIBOX__ligand393-0
344,ERIBOX__ligand5211-0
345,ERIBOX__ligand21448-0
346,ERIBOX__ligand18-0
347,ERIBOX__ligand11544-0
348,ERIBOX__ligand11501-0
349,ERIBOX__ligand6839-0
350,ERIBOX__ligand3131-0
351,ERIBOX__ligand3174-0
352,ERIBOX__ligand1202-0
353,ERIBOX__ligand3937-0
354,ERIBOX__ligand8969-0
355,ERIBOX__ligand29214-0
356,ERIBOX__ligand4720-0
357,ERIBOX__ligand7648-0
358,ERIBOX__ligand8876-0
359,ERIBOX__ligand2828-0
360,ERIBOX__ligand9833-0
361,ERIBOX__ligand391-0
362,ERIBOX__ligand5256-0
363,ERIBOX__ligand4157-0
364,ERIBOX__ligand2232-0
365,ERIBOX__ligand20557-0
366,ERIBOX__ligand30004-0
367,ERIBOX__ligand2176-0
368,ERIBOX__ligand618-0
369,ERIBOX__ligand9291-0
370,ERIBOX__ligand6768-0
371,ERIBOX__ligand8115-0
372,ERIBOX__ligand7000-0
373,ERIBOX__ligand1982-0
374,ERIBOX__ligand25048-0
375,ERIBOX__ligand21940-0
376,ERIBOX__ligand1285-0
377,ERIBOX__ligand23445-0
378,ERIBOX__ligand24953-0
379,ERIBOX__ligand314-0
380,ERIBOX__ligand780-0
381,ERIBOX__ligand27122-0
382,ERIBOX__ligand4546-0
383,ERIBOX__ligand20432-0
384,ERIBOX__ligand813-0
385,ERIBOX__ligand4503-0
386,ERIBOX__ligand16133-0
387,ERIBOX__ligand13755-0
388,ERIBOX__ligand4016-0
389,ERIBOX__ligand30788-0
390,ERIBOX__ligand13691-0
391,ERIBOX__ligand7867-0
392,ERIBOX__ligand14339-0
393,ERIBOX__ligand1219-0
394,ERIBOX__ligand314-1
395,ERIBOX__ligand6709-0
396,ERIBOX__ligand7280-0
397,ERIBOX__ligand1304-0
398,ERIBOX__ligand1790-0
399,ERIBOX__ligand7238-0
400,ERIBOX__ligand21752-0
401,ERIBOX__ligand20844-0
402,ERIBOX__ligand465-0
403,ERIBOX__ligand18413-0
404,ERIBOX__ligand24624-0
405,ERIBOX__ligand9784-0
406,ERIBOX__ligand18757-0
407,ERIBOX__ligand4272-0
408,ERIBOX__ligand1451-0
409,ERIBOX__ligand24560-0
410,ERIBOX__ligand7629-0
411,ERIBOX__ligand3954-0
412,ERIBOX__ligand4093-0
413,ERIBOX__ligand4442-0
414,ERIBOX__ligand9520-0
415,ERIBOX__ligand1160-0
416,ERIBOX__ligand8699-0
417,ERIBOX__ligand1832-0
418,ERIBOX__ligand8788-0
419,ERIBOX__ligand2043-0
420,ERIBOX__ligand3-0
421,ERIBOX__ligand768-0
422,ERIBOX__ligand11206-0
423,ERIBOX__ligand1228-0
424,ERIBOX__ligand9943-0
425,ERIBOX__ligand32-0
426,ERIBOX__ligand23124-0
427,ERIBOX__ligand1604-0
428,ERIBOX__ligand12519-0
429,ERIBOX__ligand25735-0
430,ERIBOX__ligand19257-0
431,ERIBOX__ligand13209-0
432,ERIBOX__ligand1114-0
433,ERIBOX__ligand6391-0
434,ERIBOX__ligand3126-0
435,ERIBOX__ligand9284-0
436,ERIBOX__ligand12660-0
437,ERIBOX__ligand384-0
438,ERIBOX__ligand31248-0
439,ERIBOX__ligand2417-0
440,ERIBOX__ligand25650-0
441,ERIBOX__ligand12295-0
442,ERIBOX__ligand141-0
443,ERIBOX__ligand27835-0
444,ERIBOX__ligand1289-0
445,ERIBOX__ligand5387-0
446,ERIBOX__ligand2203-0
447,ERIBOX__ligand240-0
448,ERIBOX__ligand21787-0
449,ERIBOX__ligand25575-0
450,ERIBOX__ligand25689-0
451,ERIBOX__ligand30539-0
452,ERIBOX__ligand9450-0
453,ERIBOX__ligand21132-0
454,ERIBOX__ligand11166-0
455,ERIBOX__ligand1599-0
456,ERIBOX__ligand23906-0
457,ERIBOX__ligand16-0
458,ERIBOX__ligand2612-0
459,ERIBOX__ligand7196-0
460,ERIBOX__ligand5159-0
461,ERIBOX__ligand12467-0
462,ERIBOX__ligand1787-0
463,ERIBOX__ligand1356-0
464,ERIBOX__ligand25267-0
465,ERIBOX__ligand5530-0
466,ERIBOX__ligand10084-0
467,ERIBOX__ligand9753-0
468,ERIBOX__ligand3178-0
469,ERIBOX__ligand23904-0
470,ERIBOX__ligand51-0
471,ERIBOX__ligand13257-0
472,ERIBOX__ligand4807-0
473,ERIBOX__ligand21936-0
474,ERIBOX__ligand91-0
475,ERIBOX__ligand3244-0
476,ERIBOX__ligand25805-0
477,ERIBOX__ligand693-0
478,ERIBOX__ligand4711-0
479,ERIBOX__ligand22981-0
480,ERIBOX__ligand20599-0
481,ERIBOX__ligand2906-0
482,ERIBOX__ligand27074-0
483,ERIBOX__ligand27169-0
484,ERIBOX__ligand14523-0
485,ERIBOX__ligand18391-0
486,ERIBOX__ligand4649-0
487,ERIBOX__ligand5649-0
488,ERIBOX__ligand2788-0
489,ERIBOX__ligand8793-0
490,ERIBOX__ligand48-0
491,ERIBOX__ligand8612-0
492,ERIBOX__ligand2124-0
493,ERIBOX__ligand122-0
494,ERIBOX__ligand28668-0
495,ERIBOX__ligand16791-0
496,ERIBOX__ligand2260-0
497,ERIBOX__ligand7092-0
498,ERIBOX__ligand1116-0
499,ERIBOX__ligand3225-0
500,ERIBOX__ligand1153-0
501,ERIBOX__ligand7273-0
502,ERIBOX__ligand18465-0
503,ERIBOX__ligand9323-0
504,ERIBOX__ligand18799-0
505,ERIBOX__ligand7172-0
506,ERIBOX__ligand757-0
507,ERIBOX__ligand29863-0
508,ERIBOX__ligand1-0
509,ERIBOX__ligand18074-0
510,ERIBOX__ligand13869-0
511,ERIBOX__ligand5180-0
512,ERIBOX__ligand7316-0
513,ERIBOX__ligand5708-0
514,ERIBOX__ligand11140-0
515,ERIBOX__ligand6017-0
516,ERIBOX__ligand29610-0
517,ERIBOX__ligand19725-0
518,ERIBOX__ligand24613-0
519,ERIBOX__ligand5595-0
520,ERIBOX__ligand4101-0
521,ERIBOX__ligand2221-0
522,ERIBOX__ligand10555-0
523,ERIBOX__ligand4358-0
524,ERIBOX__ligand31483-0
525,ERIBOX__ligand126-0
526,ERIBOX__ligand3926-0
527,ERIBOX__ligand163-0
528,ERIBOX__ligand3120-0
529,ERIBOX__ligand1197-0
530,ERIBOX__ligand11568-0
531,ERIBOX__ligand34-0
532,ERIBOX__ligand8592-0
533,ERIBOX__ligand5099-0
534,ERIBOX__ligand20579-0
535,ERIBOX__ligand17710-0
536,ERIBOX__ligand1296-0
537,ERIBOX__ligand2259-0
538,ERIBOX__ligand11774-0
539,ERIBOX__ligand14586-0
540,ERIBOX__ligand9773-0
541,ERIBOX__ligand1376-0
542,ERIBOX__ligand845-0
543,ERIBOX__ligand5510-0
544,ERIBOX__ligand21421-0
545,ERIBOX__ligand2238-0
546,ERIBOX__ligand12682-0
547,ERIBOX__ligand18699-0
548,ERIBOX__ligand187-0
549,ERIBOX__ligand9167-0
550,ERIBOX__ligand657-0
551,ERIBOX__ligand5304-0
552,ERIBOX__ligand55-0
553,ERIBOX__ligand3867-0
554,ERIBOX__ligand1317-0
555,ERIBOX__ligand7293-0
556,ERIBOX__ligand2822-0
557,ERIBOX__ligand17590-0
558,ERIBOX__ligand366-0
559,ERIBOX__ligand17240-0
560,ERIBOX__ligand12336-0
561,ERIBOX__ligand8002-0
562,ERIBOX__ligand5509-0
563,ERIBOX__ligand13072-0
564,ERIBOX__ligand777-0
565,ERIBOX__ligand1407-0
566,ERIBOX__ligand6117-0
567,ERIBOX__ligand5080-0
568,ERIBOX__ligand7762-0
569,ERIBOX__ligand941-0
570,ERIBOX__ligand596-0
571,ERIBOX__ligand68-0
572,ERIBOX__ligand18703-0
573,ERIBOX__ligand3736-0
574,ERIBOX__ligand8000-0
575,ERIBOX__ligand9344-0
576,ERIBOX__ligand29087-0
577,ERIBOX__ligand5383-0
578,ERIBOX__ligand2693-0
579,ERIBOX__ligand201-0
580,ERIBOX__ligand28924-0
581,ERIBOX__ligand15438-0
582,ERIBOX__ligand3945-0
583,ERIBOX__ligand9299-0
584,ERIBOX__ligand57-0
585,ERIBOX__ligand178-0
586,ERIBOX__ligand4007-0
587,ERIBOX__ligand185-0
588,ERIBOX__ligand24750-0
589,ERIBOX__ligand2985-0
590,ERIBOX__ligand279-0
591,ERIBOX__ligand31578-0
592,ERIBOX__ligand3677-1
593,ERIBOX__ligand9883-0
594,ERIBOX__ligand17207-0
595,ERIBOX__ligand321-0
596,ERIBOX__ligand17945-0
597,ERIBOX__ligand18013-0
598,ERIBOX__ligand25224-0
599,ERIBOX__ligand7291-0
600,ERIBOX__ligand1168-0
601,ERIBOX__ligand1294-0
602,ERIBOX__ligand3677-0
603,ERIBOX__ligand3632-0
604,ERIBOX__ligand22755-0
605,ERIBOX__ligand31618-0
606,ERIBOX__ligand11432-0
607,ERIBOX__ligand10432-0
608,ERIBOX__ligand26277-0
609,ERIBOX__ligand29898-0
610,ERIBOX__ligand6699-0
611,ERIBOX__ligand338-0
612,ERIBOX__ligand1499-0
613,ERIBOX__ligand2881-0
614,ERIBOX__ligand15168-0
615,ERIBOX__ligand1464-0
616,ERIBOX__ligand3712-0
617,ERIBOX__ligand1211-0
618,ERIBOX__ligand23589-0
619,ERIBOX__ligand24064-0
620,ERIBOX__ligand6892-0
621,ERIBOX__ligand8042-0
622,ERIBOX__ligand6112-0
623,ERIBOX__ligand17982-0
624,ERIBOX__ligand1828-0
625,ERIBOX__ligand29414-0
626,ERIBOX__ligand7213-0
627,ERIBOX__ligand20011-0
628,ERIBOX__ligand17278-0
629,ERIBOX__ligand436-0
630,ERIBOX__ligand1397-0
631,ERIBOX__ligand5755-0
632,ERIBOX__ligand24047-0
633,ERIBOX__ligand4710-0
634,ERIBOX__ligand692-0
635,ERIBOX__ligand22557-0
636,ERIBOX__ligand10589-0
637,ERIBOX__ligand20598-0
638,ERIBOX__ligand11675-0
639,ERIBOX__ligand5085-0
640,ERIBOX__ligand17398-0
641,ERIBOX__ligand3144-0
642,ERIBOX__ligand3285-0
643,ERIBOX__ligand4795-0
644,ERIBOX__ligand16475-0
645,ERIBOX__ligand14703-0
646,ERIBOX__ligand1908-0
647,ERIBOX__ligand326-0
648,ERIBOX__ligand5630-0
649,ERIBOX__ligand20251-1
650,ERIBOX__ligand1786-0
651,ERIBOX__ligand21581-0
652,ERIBOX__ligand31097-0
653,ERIBOX__ligand89-0
654,ERIBOX__ligand20251-0
655,ERIBOX__ligand633-0
656,ERIBOX__ligand30702-0
657,ERIBOX__ligand20214-0
658,ERIBOX__ligand20539-0
659,ERIBOX__ligand6663-0
660,ERIBOX__ligand497-0
661,ERIBOX__ligand5515-0
662,ERIBOX__ligand14117-0
663,ERIBOX__ligand17261-0
664,ERIBOX__ligand1831-0
665,ERIBOX__ligand5280-0
666,ERIBOX__ligand5614-0
667,ERIBOX__ligand28789-0
668,ERIBOX__ligand1849-0
669,ERIBOX__ligand21371-0
670,ERIBOX__ligand17118-0
671,ERIBOX__ligand20419-0
672,ERIBOX__ligand49-0
673,ERIBOX__ligand14889-0
674,ERIBOX__ligand1216-0
675,ERIBOX__ligand30851-0
676,ERIBOX__ligand5019-0
677,ERIBOX__ligand29568-0
678,ERIBOX__ligand1152-0
679,ERIBOX__ligand3261-0
680,ERIBOX__ligand4207-0
681,ERIBOX__ligand3453-0
682,ERIBOX__ligand3416-0
683,ERIBOX__ligand13208-0
684,ERIBOX__ligand1150-0
685,ERIBOX__ligand199-0
686,ERIBOX__ligand26810-0
687,ERIBOX__ligand27482-0
688,ERIBOX__ligand1539-0
689,ERIBOX__ligand588-0
690,ERIBOX__ligand20682-0
691,ERIBOX__ligand7438-0
692,ERIBOX__ligand8200-0
693,ERIBOX__ligand4063-0
694,ERIBOX__ligand300-0
695,ERIBOX__ligand3042-0
696,ERIBOX__ligand13390-0
697,ERIBOX__ligand3980-0
698,ERIBOX__ligand3557-0
699,ERIBOX__ligand1149-0
700,ERIBOX__ligand25411-0
701,ERIBOX__ligand7075-0
702,ERIBOX__ligand17-0
703,ERIBOX__ligand11456-0
704,ERIBOX__ligand9750-0
705,ERIBOX__ligand14174-0
706,ERIBOX__ligand10712-0
707,ERIBOX__ligand1779-0
708,ERIBOX__ligand409-0
709,ERIBOX__ligand6993-0
710,ERIBOX__ligand324-0
711,ERIBOX__ligand1817-0
712,ERIBOX__ligand361-0
713,ERIBOX__ligand4167-0
714,ERIBOX__ligand28884-0
715,ERIBOX__ligand13331-0
716,ERIBOX__ligand29879-0
717,ERIBOX__ligand14248-0
718,ERIBOX__ligand4266-0
719,ERIBOX__ligand1400-0
720,ERIBOX__ligand9491-0
721,ERIBOX__ligand12030-0
722,ERIBOX__ligand13294-0
723,ERIBOX__ligand31832-0
724,ERIBOX__ligand1288-0
725,ERIBOX__ligand13425-0
726,ERIBOX__ligand29302-0
727,ERIBOX__ligand1015-0
728,ERIBOX__ligand1050-0
729,ERIBOX__ligand18814-0
730,ERIBOX__ligand19057-0
731,ERIBOX__ligand2027-0
732,ERIBOX__ligand27763-0
733,ERIBOX__ligand10262-0
734,ERIBOX__ligand28676-0
735,ERIBOX__ligand1618-0
736,ERIBOX__ligand2692-0
737,ERIBOX__ligand10958-0
738,ERIBOX__ligand694-0
739,ERIBOX__ligand12641-0
740,ERIBOX__ligand4262-0
741,ERIBOX__ligand488-0
742,ERIBOX__ligand14108-0
743,ERIBOX__ligand430-0
744,ERIBOX__ligand358-0
745,ERIBOX__ligand1028-0
746,ERIBOX__ligand17805-0
747,ERIBOX__ligand9615-0
748,ERIBOX__ligand1154-0
749,ERIBOX__ligand17302-0
750,ERIBOX__ligand1498-0
751,ERIBOX__ligand25178-0
752,ERIBOX__ligand4596-0
753,ERIBOX__ligand23769-0
754,ERIBOX__ligand24185-0
755,ERIBOX__ligand19830-0
756,ERIBOX__ligand13068-0
757,ERIBOX__ligand10476-0
758,ERIBOX__ligand24145-0
759,ERIBOX__ligand15585-0
760,ERIBOX__ligand12401-0
761,ERIBOX__ligand12231-0
762,ERIBOX__ligand1169-0
763,ERIBOX__ligand571-0
764,ERIBOX__ligand534-0
765,ERIBOX__ligand8529-0
766,ERIBOX__ligand12130-0
767,ERIBOX__ligand17387-0
768,ERIBOX__ligand12289-0
769,ERIBOX__ligand670-0
770,ERIBOX__ligand18292-0
771,ERIBOX__ligand13658-0
772,ERIBOX__ligand26702-0
773,ERIBOX__ligand30988-0
774,ERIBOX__ligand7566-0
775,ERIBOX__ligand4-0
776,ERIBOX__ligand18832-0
777,ERIBOX__ligand27175-0
778,ERIBOX__ligand23713-0
779,ERIBOX__ligand2001-0
780,ERIBOX__ligand19641-0
781,ERIBOX__ligand8593-0
782,ERIBOX__ligand15422-0
783,ERIBOX__ligand9944-0
784,ERIBOX__ligand12934-0
785,ERIBOX__ligand20578-0
786,ERIBOX__ligand27893-0
787,ERIBOX__ligand14723-0
788,ERIBOX__ligand8553-0
789,ERIBOX__ligand31783-0
790,ERIBOX__ligand1113-0
791,ERIBOX__ligand226-0
792,ERIBOX__ligand162-0
793,ERIBOX__ligand26665-0
794,ERIBOX__ligand5201-0
795,ERIBOX__ligand383-0
796,ERIBOX__ligand17631-0
797,ERIBOX__ligand13012-0
798,ERIBOX__ligand17258-0
799,ERIBOX__ligand416-0
800,ERIBOX__ligand14297-0
801,ERIBOX__ligand14603-0
802,ERIBOX__ligand5415-0
803,ERIBOX__ligand12606-0
804,ERIBOX__ligand69-0
805,ERIBOX__ligand696-0
806,ERIBOX__ligand30333-0
807,ERIBOX__ligand12337-0
808,ERIBOX__ligand29410-0
809,ERIBOX__ligand26540-0
810,ERIBOX__ligand4161-0
811,ERIBOX__ligand3471-0
812,ERIBOX__ligand4124-0
813,ERIBOX__ligand17281-0
814,ERIBOX__ligand30296-0
815,ERIBOX__ligand2823-0
816,ERIBOX__ligand16628-0
817,ERIBOX__ligand6995-0
818,ERIBOX__ligand20740-0
819,ERIBOX__ligand28468-0
820,ERIBOX__ligand12427-0
821,ERIBOX__ligand27460-0
822,ERIBOX__ligand3180-0
823,ERIBOX__ligand656-0
824,ERIBOX__ligand4340-0
825,ERIBOX__ligand2650-0
826,ERIBOX__ligand11-0
827,ERIBOX__ligand2281-0
