,TMC
0,EZOWOF__ligand13068-0
1,EZOWOF__ligand19830-0
2,EZOWOF__ligand10476-0
3,EZOWOF__ligand24145-0
4,EZOWOF__ligand193-0
5,EZOWOF__ligand12401-0
6,EZOWOF__ligand15585-0
7,EZOWOF__ligand12231-0
8,EZOWOF__ligand5614-0
9,EZOWOF__ligand5280-0
10,EZOWOF__ligand1831-0
11,EZOWOF__ligand372-0
12,EZOWOF__ligand12130-0
13,EZOWOF__ligand17387-0
14,EZOWOF__ligand26702-0
15,EZOWOF__ligand5515-0
16,EZOWOF__ligand13658-0
17,EZOWOF__ligand6663-0
18,EZOWOF__ligand18292-0
19,EZOWOF__ligand12289-0
20,EZOWOF__ligand830-0
21,EZOWOF__ligand43-0
22,EZOWOF__ligand17805-0
23,EZOWOF__ligand1849-0
24,EZOWOF__ligand17302-0
25,EZOWOF__ligand5019-0
26,EZOWOF__ligand25178-0
27,EZOWOF__ligand252-0
28,EZOWOF__ligand3261-0
29,EZOWOF__ligand1152-0
30,EZOWOF__ligand23769-0
31,EZOWOF__ligand1216-0
32,EZOWOF__ligand116-0
33,EZOWOF__ligand24185-0
34,EZOWOF__ligand1828-0
35,EZOWOF__ligand1397-0
36,EZOWOF__ligand10958-0
37,EZOWOF__ligand7213-0
38,EZOWOF__ligand8042-0
39,EZOWOF__ligand12641-0
40,EZOWOF__ligand6112-0
41,EZOWOF__ligand67-0
42,EZOWOF__ligand3144-0
43,EZOWOF__ligand177-0
44,EZOWOF__ligand5085-0
45,EZOWOF__ligand4710-0
46,EZOWOF__ligand5755-0
47,EZOWOF__ligand14108-0
48,EZOWOF__ligand1908-0
49,EZOWOF__ligand13425-0
50,EZOWOF__ligand29302-0
51,EZOWOF__ligand4-0
52,EZOWOF__ligand909-0
53,EZOWOF__ligand19057-0
54,EZOWOF__ligand3285-0
55,EZOWOF__ligand4795-0
56,EZOWOF__ligand18814-0
57,EZOWOF__ligand1786-0
58,EZOWOF__ligand27763-0
59,EZOWOF__ligand28676-0
60,EZOWOF__ligand10262-0
61,EZOWOF__ligand5630-0
62,EZOWOF__ligand16628-0
63,EZOWOF__ligand7075-0
64,EZOWOF__ligand620-0
65,EZOWOF__ligand370-1
66,EZOWOF__ligand20740-0
67,EZOWOF__ligand3557-0
68,EZOWOF__ligand28468-0
69,EZOWOF__ligand564-0
70,EZOWOF__ligand3980-0
71,EZOWOF__ligand1149-0
72,EZOWOF__ligand12427-0
73,EZOWOF__ligand479-0
74,EZOWOF__ligand1779-0
75,EZOWOF__ligand1817-0
76,EZOWOF__ligand311-0
77,EZOWOF__ligand785-0
78,EZOWOF__ligand6993-0
79,EZOWOF__ligand27460-0
80,EZOWOF__ligand9750-0
81,EZOWOF__ligand4266-0
82,EZOWOF__ligand1400-0
83,EZOWOF__ligand12606-0
84,EZOWOF__ligand9491-0
85,EZOWOF__ligand30333-0
86,EZOWOF__ligand4167-0
87,EZOWOF__ligand29410-0
88,EZOWOF__ligand12337-0
89,EZOWOF__ligand1288-0
90,EZOWOF__ligand188-0
91,EZOWOF__ligand26540-0
92,EZOWOF__ligand17281-0
93,EZOWOF__ligand30296-0
94,EZOWOF__ligand3416-0
95,EZOWOF__ligand3453-0
96,EZOWOF__ligand31783-0
97,EZOWOF__ligand4207-0
98,EZOWOF__ligand26665-0
99,EZOWOF__ligand13012-0
100,EZOWOF__ligand17631-0
101,EZOWOF__ligand1539-0
102,EZOWOF__ligand250-0
103,EZOWOF__ligand17258-0
104,EZOWOF__ligand1150-0
105,EZOWOF__ligand14603-0
106,EZOWOF__ligand14297-0
107,EZOWOF__ligand30988-0
108,EZOWOF__ligand8200-0
109,EZOWOF__ligand7438-0
110,EZOWOF__ligand4063-0
111,EZOWOF__ligand23713-0
112,EZOWOF__ligand27175-0
113,EZOWOF__ligand18832-0
114,EZOWOF__ligand19641-0
115,EZOWOF__ligand3042-0
116,EZOWOF__ligand12934-0
117,EZOWOF__ligand20578-0
118,EZOWOF__ligand15422-0
119,EZOWOF__ligand27893-0
120,EZOWOF__ligand370-0
121,EZOWOF__ligand14723-0
122,EZOWOF__ligand28789-0
123,EZOWOF__ligand685-0
124,EZOWOF__ligand1154-0
125,EZOWOF__ligand17118-0
126,EZOWOF__ligand21371-0
127,EZOWOF__ligand20419-0
128,EZOWOF__ligand9615-0
129,EZOWOF__ligand30851-0
130,EZOWOF__ligand45-0
131,EZOWOF__ligand14889-0
132,EZOWOF__ligand1498-0
133,EZOWOF__ligand421-0
134,EZOWOF__ligand4596-0
135,EZOWOF__ligand29568-0
136,EZOWOF__ligand21581-0
137,EZOWOF__ligand31097-0
138,EZOWOF__ligand30702-0
139,EZOWOF__ligand20214-0
140,EZOWOF__ligand20251-0
141,EZOWOF__ligand20539-0
142,EZOWOF__ligand78-0
143,EZOWOF__ligand294-0
144,EZOWOF__ligand1169-0
145,EZOWOF__ligand17261-0
146,EZOWOF__ligand14117-0
147,EZOWOF__ligand8529-0
148,EZOWOF__ligand19-0
149,EZOWOF__ligand2027-0
150,EZOWOF__ligand16475-0
151,EZOWOF__ligand14703-0
152,EZOWOF__ligand1050-0
153,EZOWOF__ligand1015-0
154,EZOWOF__ligand560-0
155,EZOWOF__ligand20251-1
156,EZOWOF__ligand134-0
157,EZOWOF__ligand29414-0
158,EZOWOF__ligand1618-0
159,EZOWOF__ligand17982-0
160,EZOWOF__ligand20011-0
161,EZOWOF__ligand17278-0
162,EZOWOF__ligand235-0
163,EZOWOF__ligand2692-0
164,EZOWOF__ligand22557-0
165,EZOWOF__ligand10589-0
166,EZOWOF__ligand24047-0
167,EZOWOF__ligand11675-0
168,EZOWOF__ligand20598-0
169,EZOWOF__ligand1028-0
170,EZOWOF__ligand17398-0
171,EZOWOF__ligand4262-0
172,EZOWOF__ligand24-0
173,EZOWOF__ligand13331-0
174,EZOWOF__ligand28884-0
175,EZOWOF__ligand14248-0
176,EZOWOF__ligand29879-0
177,EZOWOF__ligand5415-0
178,EZOWOF__ligand12030-0
179,EZOWOF__ligand13294-0
180,EZOWOF__ligand868-0
181,EZOWOF__ligand31832-0
182,EZOWOF__ligand4124-0
183,EZOWOF__ligand4161-0
184,EZOWOF__ligand3471-0
185,EZOWOF__ligand6995-0
186,EZOWOF__ligand783-0
187,EZOWOF__ligand352-0
188,EZOWOF__ligand2823-0
189,EZOWOF__ligand25411-0
190,EZOWOF__ligand11456-0
191,EZOWOF__ligand2281-0
192,EZOWOF__ligand2650-0
193,EZOWOF__ligand4340-0
194,EZOWOF__ligand10712-0
195,EZOWOF__ligand14174-0
196,EZOWOF__ligand3180-0
197,EZOWOF__ligand2001-0
198,EZOWOF__ligand20682-0
199,EZOWOF__ligand7566-0
200,EZOWOF__ligand197-0
201,EZOWOF__ligand9944-0
202,EZOWOF__ligand8593-0
203,EZOWOF__ligand13390-0
204,EZOWOF__ligand8553-0
205,EZOWOF__ligand1113-0
206,EZOWOF__ligand13208-0
207,EZOWOF__ligand27482-0
208,EZOWOF__ligand5201-0
209,EZOWOF__ligand26810-0
210,EZOWOF__ligand1289-0
211,EZOWOF__ligand12336-0
212,EZOWOF__ligand2203-0
213,EZOWOF__ligand5387-0
214,EZOWOF__ligand13072-0
215,EZOWOF__ligand395-0
216,EZOWOF__ligand368-0
217,EZOWOF__ligand18699-0
218,EZOWOF__ligand9450-0
219,EZOWOF__ligand12682-0
220,EZOWOF__ligand784-0
221,EZOWOF__ligand2612-0
222,EZOWOF__ligand17590-0
223,EZOWOF__ligand1599-0
224,EZOWOF__ligand17240-0
225,EZOWOF__ligand2043-0
226,EZOWOF__ligand11568-0
227,EZOWOF__ligand833-0
228,EZOWOF__ligand20579-0
229,EZOWOF__ligand17710-0
230,EZOWOF__ligand38-0
231,EZOWOF__ligand8788-0
232,EZOWOF__ligand1832-0
233,EZOWOF__ligand14586-0
234,EZOWOF__ligand11774-0
235,EZOWOF__ligand1604-0
236,EZOWOF__ligand9943-0
237,EZOWOF__ligand1228-0
238,EZOWOF__ligand21421-0
239,EZOWOF__ligand115-0
240,EZOWOF__ligand3126-0
241,EZOWOF__ligand6391-0
242,EZOWOF__ligand19725-0
243,EZOWOF__ligand9284-0
244,EZOWOF__ligand1114-0
245,EZOWOF__ligand24613-0
246,EZOWOF__ligand2417-0
247,EZOWOF__ligand10555-0
248,EZOWOF__ligand31483-0
249,EZOWOF__ligand3225-0
250,EZOWOF__ligand1153-0
251,EZOWOF__ligand15168-0
252,EZOWOF__ligand1116-0
253,EZOWOF__ligand7092-0
254,EZOWOF__ligand2260-0
255,EZOWOF__ligand8612-0
256,EZOWOF__ligand152-0
257,EZOWOF__ligand2124-0
258,EZOWOF__ligand42-0
259,EZOWOF__ligand7172-0
260,EZOWOF__ligand23589-0
261,EZOWOF__ligand7273-0
262,EZOWOF__ligand24064-0
263,EZOWOF__ligand9323-0
264,EZOWOF__ligand5180-0
265,EZOWOF__ligand22755-0
266,EZOWOF__ligand6017-0
267,EZOWOF__ligand10432-0
268,EZOWOF__ligand11432-0
269,EZOWOF__ligand31618-0
270,EZOWOF__ligand29898-0
271,EZOWOF__ligand7316-0
272,EZOWOF__ligand26277-0
273,EZOWOF__ligand506-0
274,EZOWOF__ligand5708-0
275,EZOWOF__ligand5530-0
276,EZOWOF__ligand487-0
277,EZOWOF__ligand1356-0
278,EZOWOF__ligand1787-0
279,EZOWOF__ligand9753-0
280,EZOWOF__ligand7196-0
281,EZOWOF__ligand24750-0
282,EZOWOF__ligand5159-0
283,EZOWOF__ligand17207-0
284,EZOWOF__ligand31578-0
285,EZOWOF__ligand4807-0
286,EZOWOF__ligand17945-0
287,EZOWOF__ligand3178-0
288,EZOWOF__ligand18013-0
289,EZOWOF__ligand25224-0
290,EZOWOF__ligand176-0
291,EZOWOF__ligand18703-0
292,EZOWOF__ligand2906-0
293,EZOWOF__ligand4711-0
294,EZOWOF__ligand3244-0
295,EZOWOF__ligand29087-0
296,EZOWOF__ligand8793-0
297,EZOWOF__ligand2788-0
298,EZOWOF__ligand5649-0
299,EZOWOF__ligand4649-0
300,EZOWOF__ligand447-0
301,EZOWOF__ligand28924-0
302,EZOWOF__ligand746-0
303,EZOWOF__ligand15438-0
304,EZOWOF__ligand66-0
305,EZOWOF__ligand1-0
306,EZOWOF__ligand9167-0
307,EZOWOF__ligand5304-0
308,EZOWOF__ligand30539-0
309,EZOWOF__ligand2238-0
310,EZOWOF__ligand21132-0
311,EZOWOF__ligand353-0
312,EZOWOF__ligand11166-0
313,EZOWOF__ligand2822-0
314,EZOWOF__ligand23906-0
315,EZOWOF__ligand7293-0
316,EZOWOF__ligand1317-0
317,EZOWOF__ligand3867-0
318,EZOWOF__ligand5509-0
319,EZOWOF__ligand8002-0
320,EZOWOF__ligand12295-0
321,EZOWOF__ligand1407-0
322,EZOWOF__ligand6117-0
323,EZOWOF__ligand27835-0
324,EZOWOF__ligand393-0
325,EZOWOF__ligand25575-0
326,EZOWOF__ligand7762-0
327,EZOWOF__ligand5080-0
328,EZOWOF__ligand21787-0
329,EZOWOF__ligand25689-0
330,EZOWOF__ligand4101-0
331,EZOWOF__ligand422-0
332,EZOWOF__ligand5595-0
333,EZOWOF__ligand19257-0
334,EZOWOF__ligand13209-0
335,EZOWOF__ligand12660-0
336,EZOWOF__ligand4358-0
337,EZOWOF__ligand3120-0
338,EZOWOF__ligand3926-0
339,EZOWOF__ligand31248-0
340,EZOWOF__ligand25650-0
341,EZOWOF__ligand686-0
342,EZOWOF__ligand2221-0
343,EZOWOF__ligand1296-0
344,EZOWOF__ligand196-0
345,EZOWOF__ligand2259-0
346,EZOWOF__ligand1197-0
347,EZOWOF__ligand5099-0
348,EZOWOF__ligand8592-0
349,EZOWOF__ligand9773-0
350,EZOWOF__ligand11206-0
351,EZOWOF__ligand23124-0
352,EZOWOF__ligand5510-0
353,EZOWOF__ligand1376-0
354,EZOWOF__ligand25735-0
355,EZOWOF__ligand12519-0
356,EZOWOF__ligand314-1
357,EZOWOF__ligand29863-0
358,EZOWOF__ligand13869-0
359,EZOWOF__ligand3632-0
360,EZOWOF__ligand18074-0
361,EZOWOF__ligand3677-0
362,EZOWOF__ligand1168-0
363,EZOWOF__ligand1294-0
364,EZOWOF__ligand6699-0
365,EZOWOF__ligand11140-0
366,EZOWOF__ligand29610-0
367,EZOWOF__ligand28668-0
368,EZOWOF__ligand1464-0
369,EZOWOF__ligand3712-0
370,EZOWOF__ligand16791-0
371,EZOWOF__ligand1499-0
372,EZOWOF__ligand465-0
373,EZOWOF__ligand2881-0
374,EZOWOF__ligand18465-0
375,EZOWOF__ligand6892-0
376,EZOWOF__ligand18799-0
377,EZOWOF__ligand1211-0
378,EZOWOF__ligand22981-0
379,EZOWOF__ligand25805-0
380,EZOWOF__ligand9344-0
381,EZOWOF__ligand20599-0
382,EZOWOF__ligand27074-0
383,EZOWOF__ligand391-0
384,EZOWOF__ligand3736-0
385,EZOWOF__ligand8000-0
386,EZOWOF__ligand14523-0
387,EZOWOF__ligand27169-0
388,EZOWOF__ligand618-0
389,EZOWOF__ligand3945-0
390,EZOWOF__ligand18391-0
391,EZOWOF__ligand5383-0
392,EZOWOF__ligand2693-0
393,EZOWOF__ligand2985-0
394,EZOWOF__ligand4007-0
395,EZOWOF__ligand12467-0
396,EZOWOF__ligand9299-0
397,EZOWOF__ligand25267-0
398,EZOWOF__ligand3-0
399,EZOWOF__ligand10084-0
400,EZOWOF__ligand18-0
401,EZOWOF__ligand23904-0
402,EZOWOF__ligand7291-0
403,EZOWOF__ligand813-0
404,EZOWOF__ligand9883-0
405,EZOWOF__ligand3677-1
406,EZOWOF__ligand13257-0
407,EZOWOF__ligand21936-0
408,EZOWOF__ligand780-0
409,EZOWOF__ligand314-0
410,EZOWOF__ligand11758-0
411,EZOWOF__ligand240-0
412,EZOWOF__ligand22357-0
413,EZOWOF__ligand8992-0
414,EZOWOF__ligand141-0
415,EZOWOF__ligand9601-0
416,EZOWOF__ligand21448-0
417,EZOWOF__ligand11501-0
418,EZOWOF__ligand11544-0
419,EZOWOF__ligand51-0
420,EZOWOF__ligand7967-0
421,EZOWOF__ligand3707-0
422,EZOWOF__ligand6124-0
423,EZOWOF__ligand1018-0
424,EZOWOF__ligand29214-0
425,EZOWOF__ligand4116-0
426,EZOWOF__ligand1823-0
427,EZOWOF__ligand91-0
428,EZOWOF__ligand5643-0
429,EZOWOF__ligand17445-0
430,EZOWOF__ligand17069-0
431,EZOWOF__ligand1324-0
432,EZOWOF__ligand14477-0
433,EZOWOF__ligand8721-0
434,EZOWOF__ligand9952-0
435,EZOWOF__ligand9111-0
436,EZOWOF__ligand11798-0
437,EZOWOF__ligand29334-0
438,EZOWOF__ligand12413-0
439,EZOWOF__ligand1615-0
440,EZOWOF__ligand20731-0
441,EZOWOF__ligand2526-0
442,EZOWOF__ligand5036-0
443,EZOWOF__ligand48-0
444,EZOWOF__ligand768-0
445,EZOWOF__ligand18158-0
446,EZOWOF__ligand27771-0
447,EZOWOF__ligand29565-0
448,EZOWOF__ligand9441-0
449,EZOWOF__ligand2332-0
450,EZOWOF__ligand23682-0
451,EZOWOF__ligand1631-0
452,EZOWOF__ligand1530-0
453,EZOWOF__ligand1575-0
454,EZOWOF__ligand14226-0
455,EZOWOF__ligand21339-0
456,EZOWOF__ligand16956-0
457,EZOWOF__ligand9933-0
458,EZOWOF__ligand20942-1
459,EZOWOF__ligand2915-0
460,EZOWOF__ligand3156-0
461,EZOWOF__ligand27550-0
462,EZOWOF__ligand6244-0
463,EZOWOF__ligand18019-1
464,EZOWOF__ligand14007-0
465,EZOWOF__ligand384-0
466,EZOWOF__ligand1378-0
467,EZOWOF__ligand24624-0
468,EZOWOF__ligand18413-0
469,EZOWOF__ligand20844-0
470,EZOWOF__ligand2917-0
471,EZOWOF__ligand24560-0
472,EZOWOF__ligand18757-0
473,EZOWOF__ligand122-0
474,EZOWOF__ligand7819-0
475,EZOWOF__ligand32-0
476,EZOWOF__ligand3721-0
477,EZOWOF__ligand6904-0
478,EZOWOF__ligand6596-0
479,EZOWOF__ligand6102-0
480,EZOWOF__ligand757-0
481,EZOWOF__ligand3465-0
482,EZOWOF__ligand4620-0
483,EZOWOF__ligand13691-0
484,EZOWOF__ligand30788-0
485,EZOWOF__ligand14339-0
486,EZOWOF__ligand1577-0
487,EZOWOF__ligand6067-0
488,EZOWOF__ligand2295-0
489,EZOWOF__ligand21752-0
490,EZOWOF__ligand25048-0
491,EZOWOF__ligand4641-0
492,EZOWOF__ligand21940-0
493,EZOWOF__ligand24953-0
494,EZOWOF__ligand23445-0
495,EZOWOF__ligand27122-0
496,EZOWOF__ligand20432-0
497,EZOWOF__ligand16133-0
498,EZOWOF__ligand13755-0
499,EZOWOF__ligand693-0
500,EZOWOF__ligand1142-0
501,EZOWOF__ligand3234-0
502,EZOWOF__ligand16-0
503,EZOWOF__ligand7126-0
504,EZOWOF__ligand30004-0
505,EZOWOF__ligand20557-0
506,EZOWOF__ligand2028-0
507,EZOWOF__ligand8835-0
508,EZOWOF__ligand657-0
509,EZOWOF__ligand1512-0
510,EZOWOF__ligand18067-0
511,EZOWOF__ligand19824-0
512,EZOWOF__ligand5331-0
513,EZOWOF__ligand187-0
514,EZOWOF__ligand3565-0
515,EZOWOF__ligand13260-0
516,EZOWOF__ligand10582-0
517,EZOWOF__ligand366-0
518,EZOWOF__ligand11252-0
519,EZOWOF__ligand6919-0
520,EZOWOF__ligand3852-0
521,EZOWOF__ligand2485-0
522,EZOWOF__ligand31000-0
523,EZOWOF__ligand57-0
524,EZOWOF__ligand5211-0
525,EZOWOF__ligand777-0
526,EZOWOF__ligand3094-0
527,EZOWOF__ligand4155-0
528,EZOWOF__ligand11606-0
529,EZOWOF__ligand20821-0
530,EZOWOF__ligand4720-0
531,EZOWOF__ligand6839-0
532,EZOWOF__ligand26673-0
533,EZOWOF__ligand8969-0
534,EZOWOF__ligand3174-0
535,EZOWOF__ligand1202-0
536,EZOWOF__ligand3937-0
537,EZOWOF__ligand596-0
538,EZOWOF__ligand941-0
539,EZOWOF__ligand3131-0
540,EZOWOF__ligand11622-0
541,EZOWOF__ligand7242-0
542,EZOWOF__ligand16870-0
543,EZOWOF__ligand7106-0
544,EZOWOF__ligand163-0
545,EZOWOF__ligand1263-0
546,EZOWOF__ligand126-0
547,EZOWOF__ligand9908-0
548,EZOWOF__ligand16603-0
549,EZOWOF__ligand11814-0
550,EZOWOF__ligand17686-0
551,EZOWOF__ligand25658-0
552,EZOWOF__ligand1959-0
553,EZOWOF__ligand3504-0
554,EZOWOF__ligand31205-0
555,EZOWOF__ligand9935-0
556,EZOWOF__ligand1536-0
557,EZOWOF__ligand1573-0
558,EZOWOF__ligand3876-0
559,EZOWOF__ligand1343-0
560,EZOWOF__ligand845-0
561,EZOWOF__ligand3035-0
562,EZOWOF__ligand6616-0
563,EZOWOF__ligand15455-0
564,EZOWOF__ligand3718-0
565,EZOWOF__ligand1844-0
566,EZOWOF__ligand4661-0
567,EZOWOF__ligand11177-0
568,EZOWOF__ligand7867-0
569,EZOWOF__ligand29813-0
570,EZOWOF__ligand16952-0
571,EZOWOF__ligand1219-0
572,EZOWOF__ligand6709-0
573,EZOWOF__ligand4016-0
574,EZOWOF__ligand7238-0
575,EZOWOF__ligand15387-0
576,EZOWOF__ligand20121-0
577,EZOWOF__ligand1790-0
578,EZOWOF__ligand20220-0
579,EZOWOF__ligand1304-0
580,EZOWOF__ligand7280-0
581,EZOWOF__ligand11698-0
582,EZOWOF__ligand34-0
583,EZOWOF__ligand1451-0
584,EZOWOF__ligand20530-0
585,EZOWOF__ligand4272-0
586,EZOWOF__ligand7629-0
587,EZOWOF__ligand13657-0
588,EZOWOF__ligand14347-0
589,EZOWOF__ligand14302-0
590,EZOWOF__ligand24851-0
591,EZOWOF__ligand9784-0
592,EZOWOF__ligand338-0
593,EZOWOF__ligand10853-0
594,EZOWOF__ligand9520-0
595,EZOWOF__ligand29441-0
596,EZOWOF__ligand8699-0
597,EZOWOF__ligand1160-0
598,EZOWOF__ligand11479-0
599,EZOWOF__ligand4442-0
600,EZOWOF__ligand4093-0
601,EZOWOF__ligand3954-0
602,EZOWOF__ligand27610-0
603,EZOWOF__ligand10479-0
604,EZOWOF__ligand4157-0
605,EZOWOF__ligand9833-0
606,EZOWOF__ligand2828-0
607,EZOWOF__ligand8876-0
608,EZOWOF__ligand19668-0
609,EZOWOF__ligand7648-0
610,EZOWOF__ligand55-0
611,EZOWOF__ligand19906-0
612,EZOWOF__ligand5256-0
613,EZOWOF__ligand2176-0
614,EZOWOF__ligand9291-0
615,EZOWOF__ligand2232-0
616,EZOWOF__ligand22353-0
617,EZOWOF__ligand201-0
618,EZOWOF__ligand279-0
619,EZOWOF__ligand185-0
620,EZOWOF__ligand1285-0
621,EZOWOF__ligand8115-0
622,EZOWOF__ligand6768-0
623,EZOWOF__ligand178-0
624,EZOWOF__ligand1982-0
625,EZOWOF__ligand7000-0
626,EZOWOF__ligand4503-0
627,EZOWOF__ligand4546-0
628,EZOWOF__ligand68-0
629,EZOWOF__ligand321-0
630,EZOWOF__ligand10151-0
631,EZOWOF__ligand29486-0
632,EZOWOF__ligand633-0
633,EZOWOF__ligand1533-0
634,EZOWOF__ligand31694-0
635,EZOWOF__ligand1496-0
636,EZOWOF__ligand7557-0
637,EZOWOF__ligand17427-0
638,EZOWOF__ligand497-0
639,EZOWOF__ligand22129-0
640,EZOWOF__ligand24780-0
641,EZOWOF__ligand12138-0
642,EZOWOF__ligand11949-0
643,EZOWOF__ligand1712-0
644,EZOWOF__ligand4131-0
645,EZOWOF__ligand5892-0
646,EZOWOF__ligand5094-0
647,EZOWOF__ligand25561-0
648,EZOWOF__ligand24872-0
649,EZOWOF__ligand4581-0
650,EZOWOF__ligand436-0
651,EZOWOF__ligand1773-0
652,EZOWOF__ligand2328-0
653,EZOWOF__ligand17-0
654,EZOWOF__ligand7162-0
655,EZOWOF__ligand27840-0
656,EZOWOF__ligand30728-0
657,EZOWOF__ligand3029-0
658,EZOWOF__ligand12001-0
659,EZOWOF__ligand10033-0
660,EZOWOF__ligand9197-0
661,EZOWOF__ligand24644-0
662,EZOWOF__ligand1900-0
663,EZOWOF__ligand692-0
664,EZOWOF__ligand22444-0
665,EZOWOF__ligand24111-0
666,EZOWOF__ligand2208-0
667,EZOWOF__ligand3208-0
668,EZOWOF__ligand14569-0
669,EZOWOF__ligand13385-0
670,EZOWOF__ligand8722-0
671,EZOWOF__ligand17396-0
672,EZOWOF__ligand15788-0
673,EZOWOF__ligand1327-0
674,EZOWOF__ligand6672-0
675,EZOWOF__ligand9809-0
676,EZOWOF__ligand23175-0
677,EZOWOF__ligand13220-0
678,EZOWOF__ligand11587-0
679,EZOWOF__ligand3350-0
680,EZOWOF__ligand326-0
681,EZOWOF__ligand2781-0
682,EZOWOF__ligand7573-0
683,EZOWOF__ligand22403-0
684,EZOWOF__ligand2527-0
685,EZOWOF__ligand361-0
686,EZOWOF__ligand324-0
687,EZOWOF__ligand8349-0
688,EZOWOF__ligand16369-0
689,EZOWOF__ligand8464-0
690,EZOWOF__ligand11111-0
691,EZOWOF__ligand409-0
692,EZOWOF__ligand28540-0
693,EZOWOF__ligand1709-0
694,EZOWOF__ligand20695-0
695,EZOWOF__ligand27754-0
696,EZOWOF__ligand3392-0
697,EZOWOF__ligand29215-0
698,EZOWOF__ligand4911-0
699,EZOWOF__ligand1771-0
700,EZOWOF__ligand10872-0
701,EZOWOF__ligand21399-0
702,EZOWOF__ligand5849-0
703,EZOWOF__ligand26631-0
704,EZOWOF__ligand16148-0
705,EZOWOF__ligand12003-0
706,EZOWOF__ligand5935-0
707,EZOWOF__ligand26324-0
708,EZOWOF__ligand28559-0
709,EZOWOF__ligand89-0
710,EZOWOF__ligand14043-0
711,EZOWOF__ligand19927-0
712,EZOWOF__ligand2722-0
713,EZOWOF__ligand1379-0
714,EZOWOF__ligand3157-0
715,EZOWOF__ligand199-0
716,EZOWOF__ligand9525-0
717,EZOWOF__ligand27239-0
718,EZOWOF__ligand21729-0
719,EZOWOF__ligand1165-0
720,EZOWOF__ligand4850-0
721,EZOWOF__ligand5056-0
722,EZOWOF__ligand26529-0
723,EZOWOF__ligand3647-0
724,EZOWOF__ligand5357-0
725,EZOWOF__ligand588-0
726,EZOWOF__ligand1688-0
727,EZOWOF__ligand49-0
728,EZOWOF__ligand1469-0
729,EZOWOF__ligand3871-0
730,EZOWOF__ligand1768-0
731,EZOWOF__ligand300-0
732,EZOWOF__ligand11618-0
733,EZOWOF__ligand29029-0
734,EZOWOF__ligand9148-0
735,EZOWOF__ligand27285-0
736,EZOWOF__ligand1415-0
737,EZOWOF__ligand6946-0
738,EZOWOF__ligand23197-0
739,EZOWOF__ligand7529-0
740,EZOWOF__ligand1729-0
741,EZOWOF__ligand5627-0
742,EZOWOF__ligand2830-0
743,EZOWOF__ligand670-0
744,EZOWOF__ligand30142-0
745,EZOWOF__ligand5316-0
746,EZOWOF__ligand27669-0
747,EZOWOF__ligand534-0
748,EZOWOF__ligand571-0
749,EZOWOF__ligand5483-0
750,EZOWOF__ligand14167-0
751,EZOWOF__ligand13477-0
752,EZOWOF__ligand3012-0
753,EZOWOF__ligand69-0
754,EZOWOF__ligand1449-0
755,EZOWOF__ligand1065-0
756,EZOWOF__ligand7530-0
757,EZOWOF__ligand19184-0
758,EZOWOF__ligand12453-0
759,EZOWOF__ligand9681-0
760,EZOWOF__ligand18448-0
761,EZOWOF__ligand28459-0
762,EZOWOF__ligand4332-0
763,EZOWOF__ligand3934-0
764,EZOWOF__ligand10371-0
765,EZOWOF__ligand6455-0
766,EZOWOF__ligand694-0
767,EZOWOF__ligand6882-0
768,EZOWOF__ligand18568-0
769,EZOWOF__ligand358-0
770,EZOWOF__ligand28685-0
771,EZOWOF__ligand2403-0
772,EZOWOF__ligand430-0
773,EZOWOF__ligand488-0
774,EZOWOF__ligand13672-0
775,EZOWOF__ligand11-0
776,EZOWOF__ligand14614-0
777,EZOWOF__ligand1147-0
778,EZOWOF__ligand696-0
779,EZOWOF__ligand16663-0
780,EZOWOF__ligand3973-0
781,EZOWOF__ligand8-0
782,EZOWOF__ligand31044-0
783,EZOWOF__ligand31842-0
784,EZOWOF__ligand7925-0
785,EZOWOF__ligand11994-0
786,EZOWOF__ligand2068-0
787,EZOWOF__ligand24035-0
788,EZOWOF__ligand7532-0
789,EZOWOF__ligand11682-0
790,EZOWOF__ligand4194-0
791,EZOWOF__ligand30711-0
792,EZOWOF__ligand20207-0
793,EZOWOF__ligand4330-0
794,EZOWOF__ligand656-0
795,EZOWOF__ligand2599-0
796,EZOWOF__ligand25913-0
797,EZOWOF__ligand16988-0
798,EZOWOF__ligand6283-0
799,EZOWOF__ligand15883-0
800,EZOWOF__ligand11970-0
801,EZOWOF__ligand15926-0
802,EZOWOF__ligand4738-0
803,EZOWOF__ligand10828-0
804,EZOWOF__ligand4813-0
805,EZOWOF__ligand19792-0
806,EZOWOF__ligand5813-0
807,EZOWOF__ligand11096-0
808,EZOWOF__ligand11447-0
809,EZOWOF__ligand28810-0
810,EZOWOF__ligand6062-0
811,EZOWOF__ligand24230-0
812,EZOWOF__ligand162-0
813,EZOWOF__ligand28743-0
814,EZOWOF__ligand15531-0
815,EZOWOF__ligand13862-0
816,EZOWOF__ligand11357-0
817,EZOWOF__ligand3215-0
818,EZOWOF__ligand226-0
819,EZOWOF__ligand12365-0
820,EZOWOF__ligand10056-0
821,EZOWOF__ligand21919-0
822,EZOWOF__ligand416-0
823,EZOWOF__ligand22168-0
824,EZOWOF__ligand28930-0
825,EZOWOF__ligand7107-0
826,EZOWOF__ligand383-0
827,EZOWOF__ligand22294-0
