,TMC
0,QESYUI__ligand11568-0
1,QESYUI__ligand17710-0
2,QESYUI__ligand20579-0
3,QESYUI__ligand4661-0
4,QESYUI__ligand1844-0
5,QESYUI__ligand3718-0
6,QESYUI__ligand6616-0
7,QESYUI__ligand3035-0
8,QESYUI__ligand1343-0
9,QESYUI__ligand3876-0
10,QESYUI__ligand11774-0
11,QESYUI__ligand14586-0
12,QESYUI__ligand1573-0
13,QESYUI__ligand1536-0
14,QESYUI__ligand9935-0
15,QESYUI__ligand69-0
16,QESYUI__ligand3504-0
17,QESYUI__ligand1959-0
18,QESYUI__ligand21421-0
19,QESYUI__ligand19725-0
20,QESYUI__ligand416-0
21,QESYUI__ligand383-0
22,QESYUI__ligand24613-0
23,QESYUI__ligand1263-0
24,QESYUI__ligand9908-0
25,QESYUI__ligand11-0
26,QESYUI__ligand7106-0
27,QESYUI__ligand162-0
28,QESYUI__ligand10555-0
29,QESYUI__ligand7242-0
30,QESYUI__ligand226-0
31,QESYUI__ligand31483-0
32,QESYUI__ligand3131-0
33,QESYUI__ligand12336-0
34,QESYUI__ligand3937-0
35,QESYUI__ligand1202-0
36,QESYUI__ligand3174-0
37,QESYUI__ligand8969-0
38,QESYUI__ligand6839-0
39,QESYUI__ligand4720-0
40,QESYUI__ligand13072-0
41,QESYUI__ligand696-0
42,QESYUI__ligand3094-0
43,QESYUI__ligand4155-0
44,QESYUI__ligand5211-0
45,QESYUI__ligand2485-0
46,QESYUI__ligand12682-0
47,QESYUI__ligand3852-0
48,QESYUI__ligand18699-0
49,QESYUI__ligand6919-0
50,QESYUI__ligand656-0
51,QESYUI__ligand17590-0
52,QESYUI__ligand3565-0
53,QESYUI__ligand5331-0
54,QESYUI__ligand17240-0
55,QESYUI__ligand1512-0
56,QESYUI__ligand24750-0
57,QESYUI__ligand4546-0
58,QESYUI__ligand4503-0
59,QESYUI__ligand31578-0
60,QESYUI__ligand7000-0
61,QESYUI__ligand17207-0
62,QESYUI__ligand1982-0
63,QESYUI__ligand6768-0
64,QESYUI__ligand8115-0
65,QESYUI__ligand1285-0
66,QESYUI__ligand17945-0
67,QESYUI__ligand18013-0
68,QESYUI__ligand25224-0
69,QESYUI__ligand430-0
70,QESYUI__ligand18703-0
71,QESYUI__ligand2232-0
72,QESYUI__ligand358-0
73,QESYUI__ligand9291-0
74,QESYUI__ligand29087-0
75,QESYUI__ligand488-0
76,QESYUI__ligand2176-0
77,QESYUI__ligand5256-0
78,QESYUI__ligand7648-0
79,QESYUI__ligand2828-0
80,QESYUI__ligand8876-0
81,QESYUI__ligand9833-0
82,QESYUI__ligand28924-0
83,QESYUI__ligand4157-0
84,QESYUI__ligand694-0
85,QESYUI__ligand15438-0
86,QESYUI__ligand3954-0
87,QESYUI__ligand4442-0
88,QESYUI__ligand4093-0
89,QESYUI__ligand15168-0
90,QESYUI__ligand1160-0
91,QESYUI__ligand8699-0
92,QESYUI__ligand9520-0
93,QESYUI__ligand9784-0
94,QESYUI__ligand23589-0
95,QESYUI__ligand24064-0
96,QESYUI__ligand7629-0
97,QESYUI__ligand4272-0
98,QESYUI__ligand1451-0
99,QESYUI__ligand7280-0
100,QESYUI__ligand1304-0
101,QESYUI__ligand1790-0
102,QESYUI__ligand670-0
103,QESYUI__ligand534-0
104,QESYUI__ligand571-0
105,QESYUI__ligand7238-0
106,QESYUI__ligand22755-0
107,QESYUI__ligand31618-0
108,QESYUI__ligand11432-0
109,QESYUI__ligand4016-0
110,QESYUI__ligand10432-0
111,QESYUI__ligand6709-0
112,QESYUI__ligand1219-0
113,QESYUI__ligand26277-0
114,QESYUI__ligand29898-0
115,QESYUI__ligand7867-0
116,QESYUI__ligand19257-0
117,QESYUI__ligand13209-0
118,QESYUI__ligand1378-0
119,QESYUI__ligand12660-0
120,QESYUI__ligand6244-0
121,QESYUI__ligand199-0
122,QESYUI__ligand17-0
123,QESYUI__ligand3156-0
124,QESYUI__ligand31248-0
125,QESYUI__ligand2915-0
126,QESYUI__ligand25650-0
127,QESYUI__ligand9933-0
128,QESYUI__ligand1-0
129,QESYUI__ligand1575-0
130,QESYUI__ligand1530-0
131,QESYUI__ligand300-0
132,QESYUI__ligand1631-0
133,QESYUI__ligand11206-0
134,QESYUI__ligand2332-0
135,QESYUI__ligand9441-0
136,QESYUI__ligand23124-0
137,QESYUI__ligand588-0
138,QESYUI__ligand12519-0
139,QESYUI__ligand25735-0
140,QESYUI__ligand5036-0
141,QESYUI__ligand2526-0
142,QESYUI__ligand409-0
143,QESYUI__ligand1615-0
144,QESYUI__ligand361-0
145,QESYUI__ligand324-0
146,QESYUI__ligand30539-0
147,QESYUI__ligand9111-0
148,QESYUI__ligand9952-0
149,QESYUI__ligand21132-0
150,QESYUI__ligand8721-0
151,QESYUI__ligand11166-0
152,QESYUI__ligand1324-0
153,QESYUI__ligand23906-0
154,QESYUI__ligand5643-0
155,QESYUI__ligand1823-0
156,QESYUI__ligand12295-0
157,QESYUI__ligand4116-0
158,QESYUI__ligand1018-0
159,QESYUI__ligand27835-0
160,QESYUI__ligand6124-0
161,QESYUI__ligand3707-0
162,QESYUI__ligand7967-0
163,QESYUI__ligand9601-0
164,QESYUI__ligand8992-0
165,QESYUI__ligand21787-0
166,QESYUI__ligand25575-0
167,QESYUI__ligand25689-0
168,QESYUI__ligand2028-0
169,QESYUI__ligand8835-0
170,QESYUI__ligand25805-0
171,QESYUI__ligand22981-0
172,QESYUI__ligand20599-0
173,QESYUI__ligand7126-0
174,QESYUI__ligand692-0
175,QESYUI__ligand27074-0
176,QESYUI__ligand3234-0
177,QESYUI__ligand1142-0
178,QESYUI__ligand27169-0
179,QESYUI__ligand14523-0
180,QESYUI__ligand436-0
181,QESYUI__ligand89-0
182,QESYUI__ligand18391-0
183,QESYUI__ligand49-0
184,QESYUI__ligand12467-0
185,QESYUI__ligand25267-0
186,QESYUI__ligand326-0
187,QESYUI__ligand10084-0
188,QESYUI__ligand4641-0
189,QESYUI__ligand23904-0
190,QESYUI__ligand13257-0
191,QESYUI__ligand21936-0
192,QESYUI__ligand29863-0
193,QESYUI__ligand18074-0
194,QESYUI__ligand13869-0
195,QESYUI__ligand2295-0
196,QESYUI__ligand6067-0
197,QESYUI__ligand1577-0
198,QESYUI__ligand497-0
199,QESYUI__ligand3-0
200,QESYUI__ligand633-0
201,QESYUI__ligand11140-0
202,QESYUI__ligand29610-0
203,QESYUI__ligand4620-0
204,QESYUI__ligand3465-0
205,QESYUI__ligand28668-0
206,QESYUI__ligand6102-0
207,QESYUI__ligand6904-0
208,QESYUI__ligand3721-0
209,QESYUI__ligand6596-0
210,QESYUI__ligand16791-0
211,QESYUI__ligand7819-0
212,QESYUI__ligand18465-0
213,QESYUI__ligand18799-0
214,QESYUI__ligand2917-0
215,QESYUI__ligand10958-0
216,QESYUI__ligand12641-0
217,QESYUI__ligand2403-0
218,QESYUI__ligand201-0
219,QESYUI__ligand6882-0
220,QESYUI__ligand6455-0
221,QESYUI__ligand14108-0
222,QESYUI__ligand3934-0
223,QESYUI__ligand13425-0
224,QESYUI__ligand29302-0
225,QESYUI__ligand4332-0
226,QESYUI__ligand18814-0
227,QESYUI__ligand9681-0
228,QESYUI__ligand321-0
229,QESYUI__ligand19057-0
230,QESYUI__ligand27763-0
231,QESYUI__ligand185-0
232,QESYUI__ligand7530-0
233,QESYUI__ligand279-0
234,QESYUI__ligand10262-0
235,QESYUI__ligand1065-0
236,QESYUI__ligand28676-0
237,QESYUI__ligand1449-0
238,QESYUI__ligand178-0
239,QESYUI__ligand3012-0
240,QESYUI__ligand19830-0
241,QESYUI__ligand13068-0
242,QESYUI__ligand5483-0
243,QESYUI__ligand10476-0
244,QESYUI__ligand24145-0
245,QESYUI__ligand4-0
246,QESYUI__ligand5316-0
247,QESYUI__ligand15585-0
248,QESYUI__ligand12401-0
249,QESYUI__ligand2830-0
250,QESYUI__ligand12231-0
251,QESYUI__ligand5627-0
252,QESYUI__ligand12130-0
253,QESYUI__ligand17387-0
254,QESYUI__ligand1729-0
255,QESYUI__ligand12289-0
256,QESYUI__ligand18292-0
257,QESYUI__ligand13658-0
258,QESYUI__ligand26702-0
259,QESYUI__ligand7529-0
260,QESYUI__ligand17805-0
261,QESYUI__ligand6946-0
262,QESYUI__ligand1415-0
263,QESYUI__ligand17302-0
264,QESYUI__ligand57-0
265,QESYUI__ligand25178-0
266,QESYUI__ligand9148-0
267,QESYUI__ligand338-0
268,QESYUI__ligand23769-0
269,QESYUI__ligand24185-0
270,QESYUI__ligand7107-0
271,QESYUI__ligand31783-0
272,QESYUI__ligand163-0
273,QESYUI__ligand126-0
274,QESYUI__ligand26665-0
275,QESYUI__ligand17631-0
276,QESYUI__ligand3215-0
277,QESYUI__ligand13012-0
278,QESYUI__ligand17258-0
279,QESYUI__ligand55-0
280,QESYUI__ligand14297-0
281,QESYUI__ligand14603-0
282,QESYUI__ligand6062-0
283,QESYUI__ligand30988-0
284,QESYUI__ligand68-0
285,QESYUI__ligand845-0
286,QESYUI__ligand5813-0
287,QESYUI__ligand4813-0
288,QESYUI__ligand18832-0
289,QESYUI__ligand4738-0
290,QESYUI__ligand27175-0
291,QESYUI__ligand23713-0
292,QESYUI__ligand19641-0
293,QESYUI__ligand15422-0
294,QESYUI__ligand20578-0
295,QESYUI__ligand12934-0
296,QESYUI__ligand27893-0
297,QESYUI__ligand14723-0
298,QESYUI__ligand6283-0
299,QESYUI__ligand16628-0
300,QESYUI__ligand366-0
301,QESYUI__ligand20740-0
302,QESYUI__ligand28468-0
303,QESYUI__ligand2599-0
304,QESYUI__ligand4330-0
305,QESYUI__ligand12427-0
306,QESYUI__ligand4194-0
307,QESYUI__ligand27460-0
308,QESYUI__ligand657-0
309,QESYUI__ligand7532-0
310,QESYUI__ligand187-0
311,QESYUI__ligand12606-0
312,QESYUI__ligand596-0
313,QESYUI__ligand2068-0
314,QESYUI__ligand941-0
315,QESYUI__ligand30333-0
316,QESYUI__ligand7925-0
317,QESYUI__ligand34-0
318,QESYUI__ligand3973-0
319,QESYUI__ligand12337-0
320,QESYUI__ligand29410-0
321,QESYUI__ligand26540-0
322,QESYUI__ligand777-0
323,QESYUI__ligand1147-0
324,QESYUI__ligand17281-0
325,QESYUI__ligand30296-0
326,QESYUI__ligand7573-0
327,QESYUI__ligand2781-0
328,QESYUI__ligand3350-0
329,QESYUI__ligand14703-0
330,QESYUI__ligand16475-0
331,QESYUI__ligand6672-0
332,QESYUI__ligand9809-0
333,QESYUI__ligand1327-0
334,QESYUI__ligand8722-0
335,QESYUI__ligand48-0
336,QESYUI__ligand20251-1
337,QESYUI__ligand3208-0
338,QESYUI__ligand2208-0
339,QESYUI__ligand1900-0
340,QESYUI__ligand9197-0
341,QESYUI__ligand17982-0
342,QESYUI__ligand29414-0
343,QESYUI__ligand17278-0
344,QESYUI__ligand20011-0
345,QESYUI__ligand24047-0
346,QESYUI__ligand22557-0
347,QESYUI__ligand3029-0
348,QESYUI__ligand10589-0
349,QESYUI__ligand20598-0
350,QESYUI__ligand11675-0
351,QESYUI__ligand7162-0
352,QESYUI__ligand693-0
353,QESYUI__ligand2328-0
354,QESYUI__ligand17398-0
355,QESYUI__ligand1773-0
356,QESYUI__ligand4581-0
357,QESYUI__ligand757-0
358,QESYUI__ligand28789-0
359,QESYUI__ligand51-0
360,QESYUI__ligand5094-0
361,QESYUI__ligand5892-0
362,QESYUI__ligand21371-0
363,QESYUI__ligand17118-0
364,QESYUI__ligand20419-0
365,QESYUI__ligand4131-0
366,QESYUI__ligand1712-0
367,QESYUI__ligand14889-0
368,QESYUI__ligand30851-0
369,QESYUI__ligand29568-0
370,QESYUI__ligand122-0
371,QESYUI__ligand31097-0
372,QESYUI__ligand21581-0
373,QESYUI__ligand20251-0
374,QESYUI__ligand20214-0
375,QESYUI__ligand30702-0
376,QESYUI__ligand7557-0
377,QESYUI__ligand20539-0
378,QESYUI__ligand1496-0
379,QESYUI__ligand91-0
380,QESYUI__ligand14117-0
381,QESYUI__ligand1533-0
382,QESYUI__ligand17261-0
383,QESYUI__ligand20682-0
384,QESYUI__ligand1768-0
385,QESYUI__ligand3871-0
386,QESYUI__ligand1469-0
387,QESYUI__ligand1688-0
388,QESYUI__ligand768-0
389,QESYUI__ligand5357-0
390,QESYUI__ligand3647-0
391,QESYUI__ligand13390-0
392,QESYUI__ligand5056-0
393,QESYUI__ligand4850-0
394,QESYUI__ligand1165-0
395,QESYUI__ligand9525-0
396,QESYUI__ligand3157-0
397,QESYUI__ligand16-0
398,QESYUI__ligand384-0
399,QESYUI__ligand13208-0
400,QESYUI__ligand1379-0
401,QESYUI__ligand2722-0
402,QESYUI__ligand26810-0
403,QESYUI__ligand27482-0
404,QESYUI__ligand5935-0
405,QESYUI__ligand32-0
406,QESYUI__ligand28884-0
407,QESYUI__ligand13331-0
408,QESYUI__ligand5849-0
409,QESYUI__ligand29879-0
410,QESYUI__ligand14248-0
411,QESYUI__ligand12030-0
412,QESYUI__ligand1771-0
413,QESYUI__ligand4911-0
414,QESYUI__ligand13294-0
415,QESYUI__ligand240-0
416,QESYUI__ligand31832-0
417,QESYUI__ligand3392-0
418,QESYUI__ligand141-0
419,QESYUI__ligand1709-0
420,QESYUI__ligand25411-0
421,QESYUI__ligand8464-0
422,QESYUI__ligand8349-0
423,QESYUI__ligand2527-0
424,QESYUI__ligand11456-0
425,QESYUI__ligand14174-0
426,QESYUI__ligand10712-0
427,QESYUI__ligand24872-0
428,QESYUI__ligand618-0
429,QESYUI__ligand4262-0
430,QESYUI__ligand27840-0
431,QESYUI__ligand1028-0
432,QESYUI__ligand30728-0
433,QESYUI__ligand2692-0
434,QESYUI__ligand12001-0
435,QESYUI__ligand1618-0
436,QESYUI__ligand10033-0
437,QESYUI__ligand391-0
438,QESYUI__ligand24644-0
439,QESYUI__ligand813-0
440,QESYUI__ligand24111-0
441,QESYUI__ligand22444-0
442,QESYUI__ligand14569-0
443,QESYUI__ligand780-0
444,QESYUI__ligand314-0
445,QESYUI__ligand13385-0
446,QESYUI__ligand1015-0
447,QESYUI__ligand17396-0
448,QESYUI__ligand1050-0
449,QESYUI__ligand23175-0
450,QESYUI__ligand15788-0
451,QESYUI__ligand13220-0
452,QESYUI__ligand2027-0
453,QESYUI__ligand11587-0
454,QESYUI__ligand29486-0
455,QESYUI__ligand8529-0
456,QESYUI__ligand1169-0
457,QESYUI__ligand31694-0
458,QESYUI__ligand17427-0
459,QESYUI__ligand314-1
460,QESYUI__ligand4596-0
461,QESYUI__ligand22129-0
462,QESYUI__ligand1498-0
463,QESYUI__ligand12138-0
464,QESYUI__ligand24780-0
465,QESYUI__ligand11949-0
466,QESYUI__ligand9615-0
467,QESYUI__ligand25561-0
468,QESYUI__ligand465-0
469,QESYUI__ligand1154-0
470,QESYUI__ligand28559-0
471,QESYUI__ligand26324-0
472,QESYUI__ligand14043-0
473,QESYUI__ligand5201-0
474,QESYUI__ligand19927-0
475,QESYUI__ligand686-0
476,QESYUI__ligand1113-0
477,QESYUI__ligand8553-0
478,QESYUI__ligand422-0
479,QESYUI__ligand21729-0
480,QESYUI__ligand27239-0
481,QESYUI__ligand8593-0
482,QESYUI__ligand9944-0
483,QESYUI__ligand18-0
484,QESYUI__ligand26529-0
485,QESYUI__ligand7566-0
486,QESYUI__ligand196-0
487,QESYUI__ligand2001-0
488,QESYUI__ligand11618-0
489,QESYUI__ligand3180-0
490,QESYUI__ligand353-0
491,QESYUI__ligand4340-0
492,QESYUI__ligand2281-0
493,QESYUI__ligand2650-0
494,QESYUI__ligand22403-0
495,QESYUI__ligand16369-0
496,QESYUI__ligand28540-0
497,QESYUI__ligand11111-0
498,QESYUI__ligand2823-0
499,QESYUI__ligand20695-0
500,QESYUI__ligand27754-0
501,QESYUI__ligand6995-0
502,QESYUI__ligand3471-0
503,QESYUI__ligand4161-0
504,QESYUI__ligand4124-0
505,QESYUI__ligand29215-0
506,QESYUI__ligand393-0
507,QESYUI__ligand5415-0
508,QESYUI__ligand21399-0
509,QESYUI__ligand10872-0
510,QESYUI__ligand16148-0
511,QESYUI__ligand26631-0
512,QESYUI__ligand12003-0
513,QESYUI__ligand5630-0
514,QESYUI__ligand19184-0
515,QESYUI__ligand1786-0
516,QESYUI__ligand18448-0
517,QESYUI__ligand4795-0
518,QESYUI__ligand12453-0
519,QESYUI__ligand3285-0
520,QESYUI__ligand487-0
521,QESYUI__ligand28459-0
522,QESYUI__ligand38-0
523,QESYUI__ligand1908-0
524,QESYUI__ligand447-0
525,QESYUI__ligand5755-0
526,QESYUI__ligand10371-0
527,QESYUI__ligand4710-0
528,QESYUI__ligand746-0
529,QESYUI__ligand5085-0
530,QESYUI__ligand3144-0
531,QESYUI__ligand6112-0
532,QESYUI__ligand28685-0
533,QESYUI__ligand18568-0
534,QESYUI__ligand8042-0
535,QESYUI__ligand176-0
536,QESYUI__ligand7213-0
537,QESYUI__ligand13672-0
538,QESYUI__ligand1397-0
539,QESYUI__ligand1828-0
540,QESYUI__ligand1216-0
541,QESYUI__ligand1152-0
542,QESYUI__ligand3261-0
543,QESYUI__ligand27285-0
544,QESYUI__ligand5019-0
545,QESYUI__ligand29029-0
546,QESYUI__ligand1849-0
547,QESYUI__ligand23197-0
548,QESYUI__ligand152-0
549,QESYUI__ligand6663-0
550,QESYUI__ligand5515-0
551,QESYUI__ligand1831-0
552,QESYUI__ligand5280-0
553,QESYUI__ligand5614-0
554,QESYUI__ligand506-0
555,QESYUI__ligand30142-0
556,QESYUI__ligand27669-0
557,QESYUI__ligand13477-0
558,QESYUI__ligand14167-0
559,QESYUI__ligand15883-0
560,QESYUI__ligand3042-0
561,QESYUI__ligand11970-0
562,QESYUI__ligand15926-0
563,QESYUI__ligand833-0
564,QESYUI__ligand19792-0
565,QESYUI__ligand10828-0
566,QESYUI__ligand4063-0
567,QESYUI__ligand28810-0
568,QESYUI__ligand11096-0
569,QESYUI__ligand11447-0
570,QESYUI__ligand24230-0
571,QESYUI__ligand8200-0
572,QESYUI__ligand7438-0
573,QESYUI__ligand11357-0
574,QESYUI__ligand13862-0
575,QESYUI__ligand15531-0
576,QESYUI__ligand1150-0
577,QESYUI__ligand28743-0
578,QESYUI__ligand1539-0
579,QESYUI__ligand8-0
580,QESYUI__ligand66-0
581,QESYUI__ligand10056-0
582,QESYUI__ligand12365-0
583,QESYUI__ligand21919-0
584,QESYUI__ligand4207-0
585,QESYUI__ligand115-0
586,QESYUI__ligand3453-0
587,QESYUI__ligand28930-0
588,QESYUI__ligand22168-0
589,QESYUI__ligand3416-0
590,QESYUI__ligand22294-0
591,QESYUI__ligand14614-0
592,QESYUI__ligand42-0
593,QESYUI__ligand395-0
594,QESYUI__ligand16663-0
595,QESYUI__ligand368-0
596,QESYUI__ligand1288-0
597,QESYUI__ligand31842-0
598,QESYUI__ligand31044-0
599,QESYUI__ligand11994-0
600,QESYUI__ligand4167-0
601,QESYUI__ligand9491-0
602,QESYUI__ligand24035-0
603,QESYUI__ligand4266-0
604,QESYUI__ligand1400-0
605,QESYUI__ligand9750-0
606,QESYUI__ligand6993-0
607,QESYUI__ligand1817-0
608,QESYUI__ligand11682-0
609,QESYUI__ligand1779-0
610,QESYUI__ligand20207-0
611,QESYUI__ligand30711-0
612,QESYUI__ligand784-0
613,QESYUI__ligand1149-0
614,QESYUI__ligand3980-0
615,QESYUI__ligand3557-0
616,QESYUI__ligand16988-0
617,QESYUI__ligand25913-0
618,QESYUI__ligand7075-0
619,QESYUI__ligand18158-0
620,QESYUI__ligand197-0
621,QESYUI__ligand27771-0
622,QESYUI__ligand1376-0
623,QESYUI__ligand5510-0
624,QESYUI__ligand29565-0
625,QESYUI__ligand23682-0
626,QESYUI__ligand9773-0
627,QESYUI__ligand8592-0
628,QESYUI__ligand5099-0
629,QESYUI__ligand19-0
630,QESYUI__ligand1197-0
631,QESYUI__ligand2259-0
632,QESYUI__ligand1296-0
633,QESYUI__ligand20942-1
634,QESYUI__ligand16956-0
635,QESYUI__ligand21339-0
636,QESYUI__ligand14226-0
637,QESYUI__ligand2221-0
638,QESYUI__ligand24-0
639,QESYUI__ligand3926-0
640,QESYUI__ligand3120-0
641,QESYUI__ligand27550-0
642,QESYUI__ligand4358-0
643,QESYUI__ligand18019-1
644,QESYUI__ligand14007-0
645,QESYUI__ligand5595-0
646,QESYUI__ligand4101-0
647,QESYUI__ligand22357-0
648,QESYUI__ligand11758-0
649,QESYUI__ligand5080-0
650,QESYUI__ligand868-0
651,QESYUI__ligand7762-0
652,QESYUI__ligand45-0
653,QESYUI__ligand21448-0
654,QESYUI__ligand11544-0
655,QESYUI__ligand11501-0
656,QESYUI__ligand29214-0
657,QESYUI__ligand6117-0
658,QESYUI__ligand1407-0
659,QESYUI__ligand8002-0
660,QESYUI__ligand5509-0
661,QESYUI__ligand3867-0
662,QESYUI__ligand17445-0
663,QESYUI__ligand1317-0
664,QESYUI__ligand7293-0
665,QESYUI__ligand2822-0
666,QESYUI__ligand17069-0
667,QESYUI__ligand14477-0
668,QESYUI__ligand11798-0
669,QESYUI__ligand2238-0
670,QESYUI__ligand352-0
671,QESYUI__ligand783-0
672,QESYUI__ligand12413-0
673,QESYUI__ligand5304-0
674,QESYUI__ligand29334-0
675,QESYUI__ligand9167-0
676,QESYUI__ligand20731-0
677,QESYUI__ligand78-0
678,QESYUI__ligand560-0
679,QESYUI__ligand9883-0
680,QESYUI__ligand3677-1
681,QESYUI__ligand25048-0
682,QESYUI__ligand7291-0
683,QESYUI__ligand21940-0
684,QESYUI__ligand23445-0
685,QESYUI__ligand24953-0
686,QESYUI__ligand9299-0
687,QESYUI__ligand20432-0
688,QESYUI__ligand27122-0
689,QESYUI__ligand4007-0
690,QESYUI__ligand13755-0
691,QESYUI__ligand16133-0
692,QESYUI__ligand2985-0
693,QESYUI__ligand2693-0
694,QESYUI__ligand5383-0
695,QESYUI__ligand3945-0
696,QESYUI__ligand8000-0
697,QESYUI__ligand134-0
698,QESYUI__ligand3736-0
699,QESYUI__ligand20557-0
700,QESYUI__ligand30004-0
701,QESYUI__ligand9344-0
702,QESYUI__ligand235-0
703,QESYUI__ligand20844-0
704,QESYUI__ligand18413-0
705,QESYUI__ligand24624-0
706,QESYUI__ligand1211-0
707,QESYUI__ligand18757-0
708,QESYUI__ligand421-0
709,QESYUI__ligand24560-0
710,QESYUI__ligand6892-0
711,QESYUI__ligand2881-0
712,QESYUI__ligand1499-0
713,QESYUI__ligand685-0
714,QESYUI__ligand3712-0
715,QESYUI__ligand1464-0
716,QESYUI__ligand294-0
717,QESYUI__ligand30788-0
718,QESYUI__ligand13691-0
719,QESYUI__ligand14339-0
720,QESYUI__ligand6699-0
721,QESYUI__ligand1294-0
722,QESYUI__ligand1168-0
723,QESYUI__ligand3677-0
724,QESYUI__ligand3632-0
725,QESYUI__ligand21752-0
726,QESYUI__ligand11622-0
727,QESYUI__ligand2417-0
728,QESYUI__ligand16870-0
729,QESYUI__ligand250-0
730,QESYUI__ligand16603-0
731,QESYUI__ligand1114-0
732,QESYUI__ligand9284-0
733,QESYUI__ligand11814-0
734,QESYUI__ligand3126-0
735,QESYUI__ligand67-0
736,QESYUI__ligand6391-0
737,QESYUI__ligand17686-0
738,QESYUI__ligand25658-0
739,QESYUI__ligand31205-0
740,QESYUI__ligand9943-0
741,QESYUI__ligand1228-0
742,QESYUI__ligand1604-0
743,QESYUI__ligand370-0
744,QESYUI__ligand1832-0
745,QESYUI__ligand15455-0
746,QESYUI__ligand8788-0
747,QESYUI__ligand11177-0
748,QESYUI__ligand2043-0
749,QESYUI__ligand311-0
750,QESYUI__ligand19824-0
751,QESYUI__ligand785-0
752,QESYUI__ligand18067-0
753,QESYUI__ligand1599-0
754,QESYUI__ligand479-0
755,QESYUI__ligand2612-0
756,QESYUI__ligand10582-0
757,QESYUI__ligand13260-0
758,QESYUI__ligand370-1
759,QESYUI__ligand620-0
760,QESYUI__ligand11252-0
761,QESYUI__ligand564-0
762,QESYUI__ligand9450-0
763,QESYUI__ligand31000-0
764,QESYUI__ligand188-0
765,QESYUI__ligand11606-0
766,QESYUI__ligand43-0
767,QESYUI__ligand20821-0
768,QESYUI__ligand5387-0
769,QESYUI__ligand2203-0
770,QESYUI__ligand1289-0
771,QESYUI__ligand26673-0
772,QESYUI__ligand177-0
773,QESYUI__ligand19668-0
774,QESYUI__ligand4649-0
775,QESYUI__ligand2788-0
776,QESYUI__ligand5649-0
777,QESYUI__ligand19906-0
778,QESYUI__ligand8793-0
779,QESYUI__ligand3244-0
780,QESYUI__ligand4711-0
781,QESYUI__ligand22353-0
782,QESYUI__ligand2906-0
783,QESYUI__ligand3178-0
784,QESYUI__ligand4807-0
785,QESYUI__ligand5159-0
786,QESYUI__ligand7196-0
787,QESYUI__ligand9753-0
788,QESYUI__ligand1356-0
789,QESYUI__ligand10151-0
790,QESYUI__ligand1787-0
791,QESYUI__ligand5530-0
792,QESYUI__ligand909-0
793,QESYUI__ligand5708-0
794,QESYUI__ligand372-0
795,QESYUI__ligand7316-0
796,QESYUI__ligand29813-0
797,QESYUI__ligand16952-0
798,QESYUI__ligand830-0
799,QESYUI__ligand6017-0
800,QESYUI__ligand15387-0
801,QESYUI__ligand5180-0
802,QESYUI__ligand20121-0
803,QESYUI__ligand193-0
804,QESYUI__ligand20220-0
805,QESYUI__ligand9323-0
806,QESYUI__ligand20530-0
807,QESYUI__ligand252-0
808,QESYUI__ligand11698-0
809,QESYUI__ligand7273-0
810,QESYUI__ligand14302-0
811,QESYUI__ligand14347-0
812,QESYUI__ligand13657-0
813,QESYUI__ligand24851-0
814,QESYUI__ligand116-0
815,QESYUI__ligand7172-0
816,QESYUI__ligand29441-0
817,QESYUI__ligand2124-0
818,QESYUI__ligand10853-0
819,QESYUI__ligand8612-0
820,QESYUI__ligand2260-0
821,QESYUI__ligand7092-0
822,QESYUI__ligand1116-0
823,QESYUI__ligand1153-0
824,QESYUI__ligand3225-0
825,QESYUI__ligand10479-0
826,QESYUI__ligand27610-0
827,QESYUI__ligand11479-0
