,TMC
0,WODCAV__ligand235-0
1,WODCAV__ligand1544-0
2,WODCAV__ligand932-0
3,WODCAV__ligand134-0
4,WODCAV__ligand390-0
5,WODCAV__ligand48-0
6,WODCAV__ligand1459-0
7,WODCAV__ligand3757-0
8,WODCAV__ligand1048-0
9,WODCAV__ligand2087-0
10,WODCAV__ligand109-0
11,WODCAV__ligand1685-0
12,WODCAV__ligand560-0
13,WODCAV__ligand525-0
14,WODCAV__ligand51-0
15,WODCAV__ligand331-0
16,WODCAV__ligand993-0
17,WODCAV__ligand294-0
18,WODCAV__ligand1171-0
19,WODCAV__ligand5801-0
20,WODCAV__ligand584-0
21,WODCAV__ligand916-0
22,WODCAV__ligand421-0
23,WODCAV__ligand29-0
24,WODCAV__ligand1438-0
25,WODCAV__ligand3063-0
26,WODCAV__ligand798-0
27,WODCAV__ligand91-0
28,WODCAV__ligand112-0
29,WODCAV__ligand3734-0
30,WODCAV__ligand1706-0
31,WODCAV__ligand4381-0
32,WODCAV__ligand296-0
33,WODCAV__ligand197-0
34,WODCAV__ligand2629-0
35,WODCAV__ligand6277-0
36,WODCAV__ligand32-0
37,WODCAV__ligand352-0
38,WODCAV__ligand783-0
39,WODCAV__ligand1687-0
40,WODCAV__ligand1951-0
41,WODCAV__ligand2259-0
42,WODCAV__ligand2688-0
43,WODCAV__ligand136-0
44,WODCAV__ligand442-0
45,WODCAV__ligand2768-0
46,WODCAV__ligand1376-0
47,WODCAV__ligand868-0
48,WODCAV__ligand15630-0
49,WODCAV__ligand909-0
50,WODCAV__ligand10357-0
51,WODCAV__ligand2751-0
52,WODCAV__ligand73-0
53,WODCAV__ligand851-0
54,WODCAV__ligand3041-0
55,WODCAV__ligand1542-0
56,WODCAV__ligand2634-0
57,WODCAV__ligand934-0
58,WODCAV__ligand177-0
59,WODCAV__ligand2863-0
60,WODCAV__ligand6502-0
61,WODCAV__ligand2098-0
62,WODCAV__ligand955-0
63,WODCAV__ligand6332-0
64,WODCAV__ligand252-0
65,WODCAV__ligand3178-0
66,WODCAV__ligand3145-0
67,WODCAV__ligand193-0
68,WODCAV__ligand830-0
69,WODCAV__ligand1747-0
70,WODCAV__ligand6686-0
71,WODCAV__ligand5548-0
72,WODCAV__ligand7915-0
73,WODCAV__ligand57-0
74,WODCAV__ligand3246-0
75,WODCAV__ligand55-0
76,WODCAV__ligand370-0
77,WODCAV__ligand95-0
78,WODCAV__ligand460-0
79,WODCAV__ligand1479-0
80,WODCAV__ligand250-0
81,WODCAV__ligand1148-0
82,WODCAV__ligand369-0
83,WODCAV__ligand444-0
84,WODCAV__ligand9244-0
85,WODCAV__ligand1228-0
86,WODCAV__ligand188-0
87,WODCAV__ligand1538-0
88,WODCAV__ligand1114-0
89,WODCAV__ligand311-0
90,WODCAV__ligand34-0
91,WODCAV__ligand1273-0
92,WODCAV__ligand502-0
93,WODCAV__ligand196-0
94,WODCAV__ligand17-0
95,WODCAV__ligand1052-0
96,WODCAV__ligand92-0
97,WODCAV__ligand422-0
98,WODCAV__ligand113-0
99,WODCAV__ligand4983-0
100,WODCAV__ligand1835-0
101,WODCAV__ligand2794-0
102,WODCAV__ligand2345-0
103,WODCAV__ligand1502-0
104,WODCAV__ligand236-0
105,WODCAV__ligand6396-0
106,WODCAV__ligand2265-0
107,WODCAV__ligand1113-0
108,WODCAV__ligand9027-0
109,WODCAV__ligand353-0
110,WODCAV__ligand3838-0
111,WODCAV__ligand1799-0
112,WODCAV__ligand2838-0
113,WODCAV__ligand314-0
114,WODCAV__ligand89-0
115,WODCAV__ligand481-0
116,WODCAV__ligand2880-0
117,WODCAV__ligand5941-0
118,WODCAV__ligand391-0
119,WODCAV__ligand8-0
120,WODCAV__ligand49-0
121,WODCAV__ligand170-0
122,WODCAV__ligand1169-0
123,WODCAV__ligand5022-0
124,WODCAV__ligand2864-0
125,WODCAV__ligand210-0
126,WODCAV__ligand2142-0
127,WODCAV__ligand6538-0
128,WODCAV__ligand2772-0
129,WODCAV__ligand6151-0
130,WODCAV__ligand9495-0
131,WODCAV__ligand4303-0
132,WODCAV__ligand1248-0
133,WODCAV__ligand115-0
134,WODCAV__ligand1598-0
135,WODCAV__ligand10114-0
136,WODCAV__ligand1054-0
137,WODCAV__ligand6294-0
138,WODCAV__ligand11-0
139,WODCAV__ligand291-0
140,WODCAV__ligand7464-0
141,WODCAV__ligand485-0
142,WODCAV__ligand355-0
143,WODCAV__ligand784-0
144,WODCAV__ligand10479-0
145,WODCAV__ligand3637-0
146,WODCAV__ligand8774-0
147,WODCAV__ligand1607-0
148,WODCAV__ligand133-0
149,WODCAV__ligand447-0
150,WODCAV__ligand1727-0
151,WODCAV__ligand487-0
152,WODCAV__ligand666-0
153,WODCAV__ligand1152-0
154,WODCAV__ligand14530-0
155,WODCAV__ligand522-0
156,WODCAV__ligand2430-0
157,WODCAV__ligand1703-0
158,WODCAV__ligand2907-0
159,WODCAV__ligand2510-0
160,WODCAV__ligand8921-0
161,WODCAV__ligand682-0
162,WODCAV__ligand1567-0
163,WODCAV__ligand2285-0
164,WODCAV__ligand2862-0
165,WODCAV__ligand1056-0
166,WODCAV__ligand2320-0
167,WODCAV__ligand10910-0
168,WODCAV__ligand1246-0
169,WODCAV__ligand67-0
170,WODCAV__ligand6166-0
171,WODCAV__ligand2853-0
172,WODCAV__ligand3853-0
173,WODCAV__ligand5089-0
174,WODCAV__ligand2599-0
175,WODCAV__ligand126-0
176,WODCAV__ligand1307-0
177,WODCAV__ligand596-0
178,WODCAV__ligand187-0
179,WODCAV__ligand612-0
180,WODCAV__ligand861-0
181,WODCAV__ligand366-0
182,WODCAV__ligand178-0
183,WODCAV__ligand9620-0
184,WODCAV__ligand4894-0
185,WODCAV__ligand1260-0
186,WODCAV__ligand279-0
187,WODCAV__ligand321-0
188,WODCAV__ligand7514-0
189,WODCAV__ligand3337-0
190,WODCAV__ligand244-0
191,WODCAV__ligand201-0
192,WODCAV__ligand1449-1
193,WODCAV__ligand4811-0
194,WODCAV__ligand100-0
195,WODCAV__ligand1321-0
196,WODCAV__ligand1178-0
197,WODCAV__ligand124-0
198,WODCAV__ligand3566-0
199,WODCAV__ligand119-0
200,WODCAV__ligand1788-0
201,WODCAV__ligand120-0
202,WODCAV__ligand6571-0
203,WODCAV__ligand384-0
204,WODCAV__ligand2482-0
205,WODCAV__ligand1325-0
206,WODCAV__ligand1019-0
207,WODCAV__ligand2442-0
208,WODCAV__ligand1104-0
209,WODCAV__ligand7414-0
210,WODCAV__ligand5762-0
211,WODCAV__ligand4-0
212,WODCAV__ligand45-0
213,WODCAV__ligand1379-0
214,WODCAV__ligand1264-0
215,WODCAV__ligand1221-0
216,WODCAV__ligand1299-0
217,WODCAV__ligand6430-0
218,WODCAV__ligand141-0
219,WODCAV__ligand240-0
220,WODCAV__ligand2929-0
221,WODCAV__ligand78-0
222,WODCAV__ligand2376-0
223,WODCAV__ligand85-0
224,WODCAV__ligand1919-0
225,WODCAV__ligand2389-0
226,WODCAV__ligand1712-0
227,WODCAV__ligand6-0
228,WODCAV__ligand3579-0
229,WODCAV__ligand2110-0
230,WODCAV__ligand2916-0
231,WODCAV__ligand1858-0
232,WODCAV__ligand8032-0
233,WODCAV__ligand797-0
234,WODCAV__ligand5334-0
235,WODCAV__ligand1898-0
236,WODCAV__ligand2480-0
237,WODCAV__ligand3051-0
238,WODCAV__ligand4504-0
239,WODCAV__ligand757-0
240,WODCAV__ligand2315-0
241,WODCAV__ligand669-0
242,WODCAV__ligand11730-0
243,WODCAV__ligand7550-0
244,WODCAV__ligand38-0
245,WODCAV__ligand430-0
246,WODCAV__ligand358-0
247,WODCAV__ligand40-0
248,WODCAV__ligand2762-0
249,WODCAV__ligand365-0
250,WODCAV__ligand1-0
251,WODCAV__ligand1038-0
252,WODCAV__ligand1160-0
253,WODCAV__ligand2253-0
254,WODCAV__ligand5093-0
255,WODCAV__ligand278-0
256,WODCAV__ligand2954-0
257,WODCAV__ligand3890-0
258,WODCAV__ligand21-0
259,WODCAV__ligand4423-0
260,WODCAV__ligand571-0
261,WODCAV__ligand1907-0
262,WODCAV__ligand118-0
263,WODCAV__ligand670-0
264,WODCAV__ligand1285-0
265,WODCAV__ligand509-0
266,WODCAV__ligand1555-0
267,WODCAV__ligand7630-0
268,WODCAV__ligand226-0
269,WODCAV__ligand5758-0
270,WODCAV__ligand162-0
271,WODCAV__ligand3478-0
272,WODCAV__ligand383-0
273,WODCAV__ligand3852-0
274,WODCAV__ligand66-0
275,WODCAV__ligand1818-0
276,WODCAV__ligand7456-0
277,WODCAV__ligand4619-0
278,WODCAV__ligand3-0
279,WODCAV__ligand6143-0
280,WODCAV__ligand5235-0
281,WODCAV__ligand3251-0
282,WODCAV__ligand9176-0
283,WODCAV__ligand3035-0
284,WODCAV__ligand3070-0
285,WODCAV__ligand2718-0
286,WODCAV__ligand1493-0
287,WODCAV__ligand2255-0
288,WODCAV__ligand283-0
289,WODCAV__ligand553-0
290,WODCAV__ligand326-0
291,WODCAV__ligand821-0
292,WODCAV__ligand4175-0
293,WODCAV__ligand86-0
294,WODCAV__ligand436-0
295,WODCAV__ligand206-0
296,WODCAV__ligand1918-0
297,WODCAV__ligand142-0
298,WODCAV__ligand838-0
299,WODCAV__ligand166-0
300,WODCAV__ligand4370-0
301,WODCAV__ligand532-0
302,WODCAV__ligand2618-0
303,WODCAV__ligand3618-0
304,WODCAV__ligand633-0
305,WODCAV__ligand918-0
306,WODCAV__ligand497-0
307,WODCAV__ligand62-0
308,WODCAV__ligand1436-0
309,WODCAV__ligand1690-0
310,WODCAV__ligand575-0
311,WODCAV__ligand2707-0
312,WODCAV__ligand18-0
313,WODCAV__ligand199-0
314,WODCAV__ligand1551-0
315,WODCAV__ligand927-0
316,WODCAV__ligand2526-0
317,WODCAV__ligand3196-0
318,WODCAV__ligand4012-0
319,WODCAV__ligand105-0
320,WODCAV__ligand140-0
321,WODCAV__ligand2915-0
322,WODCAV__ligand409-0
323,WODCAV__ligand361-0
324,WODCAV__ligand324-0
