,TMC
0,GUTSUK__ligand9773-0
1,GUTSUK__ligand746-0
2,GUTSUK__ligand5510-0
3,GUTSUK__ligand1376-0
4,GUTSUK__ligand29813-0
5,GUTSUK__ligand447-0
6,GUTSUK__ligand16952-0
7,GUTSUK__ligand1296-0
8,GUTSUK__ligand20220-0
9,GUTSUK__ligand2259-0
10,GUTSUK__ligand20121-0
11,GUTSUK__ligand1197-0
12,GUTSUK__ligand15387-0
13,GUTSUK__ligand176-0
14,GUTSUK__ligand5099-0
15,GUTSUK__ligand8592-0
16,GUTSUK__ligand4358-0
17,GUTSUK__ligand3120-0
18,GUTSUK__ligand3926-0
19,GUTSUK__ligand24851-0
20,GUTSUK__ligand14347-0
21,GUTSUK__ligand13657-0
22,GUTSUK__ligand14302-0
23,GUTSUK__ligand20530-0
24,GUTSUK__ligand2221-0
25,GUTSUK__ligand11698-0
26,GUTSUK__ligand27610-0
27,GUTSUK__ligand4101-0
28,GUTSUK__ligand10479-0
29,GUTSUK__ligand5595-0
30,GUTSUK__ligand11479-0
31,GUTSUK__ligand487-0
32,GUTSUK__ligand29441-0
33,GUTSUK__ligand10853-0
34,GUTSUK__ligand19906-0
35,GUTSUK__ligand506-0
36,GUTSUK__ligand19668-0
37,GUTSUK__ligand57-0
38,GUTSUK__ligand7762-0
39,GUTSUK__ligand5080-0
40,GUTSUK__ligand5509-0
41,GUTSUK__ligand8002-0
42,GUTSUK__ligand6117-0
43,GUTSUK__ligand1407-0
44,GUTSUK__ligand22353-0
45,GUTSUK__ligand2822-0
46,GUTSUK__ligand7293-0
47,GUTSUK__ligand1317-0
48,GUTSUK__ligand3867-0
49,GUTSUK__ligand9167-0
50,GUTSUK__ligand10151-0
51,GUTSUK__ligand152-0
52,GUTSUK__ligand5304-0
53,GUTSUK__ligand2238-0
54,GUTSUK__ligand7291-0
55,GUTSUK__ligand9883-0
56,GUTSUK__ligand3677-1
57,GUTSUK__ligand19824-0
58,GUTSUK__ligand18067-0
59,GUTSUK__ligand2985-0
60,GUTSUK__ligand4007-0
61,GUTSUK__ligand11252-0
62,GUTSUK__ligand9299-0
63,GUTSUK__ligand68-0
64,GUTSUK__ligand10582-0
65,GUTSUK__ligand13260-0
66,GUTSUK__ligand115-0
67,GUTSUK__ligand11606-0
68,GUTSUK__ligand3945-0
69,GUTSUK__ligand55-0
70,GUTSUK__ligand31000-0
71,GUTSUK__ligand2693-0
72,GUTSUK__ligand5383-0
73,GUTSUK__ligand26673-0
74,GUTSUK__ligand9344-0
75,GUTSUK__ligand20821-0
76,GUTSUK__ligand3736-0
77,GUTSUK__ligand833-0
78,GUTSUK__ligand8000-0
79,GUTSUK__ligand6892-0
80,GUTSUK__ligand16870-0
81,GUTSUK__ligand34-0
82,GUTSUK__ligand1211-0
83,GUTSUK__ligand11622-0
84,GUTSUK__ligand11814-0
85,GUTSUK__ligand3712-0
86,GUTSUK__ligand1464-0
87,GUTSUK__ligand784-0
88,GUTSUK__ligand16603-0
89,GUTSUK__ligand1499-0
90,GUTSUK__ligand2881-0
91,GUTSUK__ligand368-0
92,GUTSUK__ligand6699-0
93,GUTSUK__ligand31205-0
94,GUTSUK__ligand17686-0
95,GUTSUK__ligand25658-0
96,GUTSUK__ligand395-0
97,GUTSUK__ligand11177-0
98,GUTSUK__ligand3632-0
99,GUTSUK__ligand3677-0
100,GUTSUK__ligand15455-0
101,GUTSUK__ligand1168-0
102,GUTSUK__ligand1294-0
103,GUTSUK__ligand314-0
104,GUTSUK__ligand780-0
105,GUTSUK__ligand18757-0
106,GUTSUK__ligand24560-0
107,GUTSUK__ligand2417-0
108,GUTSUK__ligand813-0
109,GUTSUK__ligand18413-0
110,GUTSUK__ligand20844-0
111,GUTSUK__ligand24624-0
112,GUTSUK__ligand3126-0
113,GUTSUK__ligand6391-0
114,GUTSUK__ligand9284-0
115,GUTSUK__ligand1114-0
116,GUTSUK__ligand14339-0
117,GUTSUK__ligand1604-0
118,GUTSUK__ligand48-0
119,GUTSUK__ligand30788-0
120,GUTSUK__ligand9943-0
121,GUTSUK__ligand1228-0
122,GUTSUK__ligand13691-0
123,GUTSUK__ligand618-0
124,GUTSUK__ligand21752-0
125,GUTSUK__ligand2043-0
126,GUTSUK__ligand391-0
127,GUTSUK__ligand8788-0
128,GUTSUK__ligand1832-0
129,GUTSUK__ligand21940-0
130,GUTSUK__ligand2612-0
131,GUTSUK__ligand25048-0
132,GUTSUK__ligand91-0
133,GUTSUK__ligand1599-0
134,GUTSUK__ligand9450-0
135,GUTSUK__ligand465-0
136,GUTSUK__ligand16133-0
137,GUTSUK__ligand13755-0
138,GUTSUK__ligand20432-0
139,GUTSUK__ligand27122-0
140,GUTSUK__ligand24953-0
141,GUTSUK__ligand23445-0
142,GUTSUK__ligand1289-0
143,GUTSUK__ligand30004-0
144,GUTSUK__ligand20557-0
145,GUTSUK__ligand2203-0
146,GUTSUK__ligand5387-0
147,GUTSUK__ligand51-0
148,GUTSUK__ligand314-1
149,GUTSUK__ligand8793-0
150,GUTSUK__ligand2788-0
151,GUTSUK__ligand5649-0
152,GUTSUK__ligand21448-0
153,GUTSUK__ligand4649-0
154,GUTSUK__ligand22357-0
155,GUTSUK__ligand11758-0
156,GUTSUK__ligand16-0
157,GUTSUK__ligand2906-0
158,GUTSUK__ligand29214-0
159,GUTSUK__ligand4711-0
160,GUTSUK__ligand3244-0
161,GUTSUK__ligand11501-0
162,GUTSUK__ligand196-0
163,GUTSUK__ligand11544-0
164,GUTSUK__ligand686-0
165,GUTSUK__ligand14477-0
166,GUTSUK__ligand17069-0
167,GUTSUK__ligand4807-0
168,GUTSUK__ligand3178-0
169,GUTSUK__ligand17445-0
170,GUTSUK__ligand5530-0
171,GUTSUK__ligand1356-0
172,GUTSUK__ligand20731-0
173,GUTSUK__ligand1787-0
174,GUTSUK__ligand9753-0
175,GUTSUK__ligand12413-0
176,GUTSUK__ligand29334-0
177,GUTSUK__ligand11798-0
178,GUTSUK__ligand7196-0
179,GUTSUK__ligand422-0
180,GUTSUK__ligand5159-0
181,GUTSUK__ligand23682-0
182,GUTSUK__ligand6017-0
183,GUTSUK__ligand29565-0
184,GUTSUK__ligand7316-0
185,GUTSUK__ligand27771-0
186,GUTSUK__ligand18158-0
187,GUTSUK__ligand5708-0
188,GUTSUK__ligand20942-1
189,GUTSUK__ligand21339-0
190,GUTSUK__ligand14226-0
191,GUTSUK__ligand16956-0
192,GUTSUK__ligand393-0
193,GUTSUK__ligand5180-0
194,GUTSUK__ligand27550-0
195,GUTSUK__ligand7172-0
196,GUTSUK__ligand7273-0
197,GUTSUK__ligand353-0
198,GUTSUK__ligand9323-0
199,GUTSUK__ligand1153-0
200,GUTSUK__ligand3225-0
201,GUTSUK__ligand1116-0
202,GUTSUK__ligand7092-0
203,GUTSUK__ligand2260-0
204,GUTSUK__ligand8612-0
205,GUTSUK__ligand14007-0
206,GUTSUK__ligand32-0
207,GUTSUK__ligand18019-1
208,GUTSUK__ligand2124-0
209,GUTSUK__ligand370-0
210,GUTSUK__ligand16663-0
211,GUTSUK__ligand1028-0
212,GUTSUK__ligand4262-0
213,GUTSUK__ligand14614-0
214,GUTSUK__ligand11-0
215,GUTSUK__ligand24035-0
216,GUTSUK__ligand11994-0
217,GUTSUK__ligand1618-0
218,GUTSUK__ligand31044-0
219,GUTSUK__ligand2692-0
220,GUTSUK__ligand31842-0
221,GUTSUK__ligand30711-0
222,GUTSUK__ligand20207-0
223,GUTSUK__ligand11682-0
224,GUTSUK__ligand250-0
225,GUTSUK__ligand69-0
226,GUTSUK__ligand2027-0
227,GUTSUK__ligand16988-0
228,GUTSUK__ligand25913-0
229,GUTSUK__ligand1050-0
230,GUTSUK__ligand1015-0
231,GUTSUK__ligand11970-0
232,GUTSUK__ligand1169-0
233,GUTSUK__ligand15883-0
234,GUTSUK__ligand188-0
235,GUTSUK__ligand8529-0
236,GUTSUK__ligand24230-0
237,GUTSUK__ligand28810-0
238,GUTSUK__ligand11096-0
239,GUTSUK__ligand11447-0
240,GUTSUK__ligand19792-0
241,GUTSUK__ligand10828-0
242,GUTSUK__ligand15926-0
243,GUTSUK__ligand12365-0
244,GUTSUK__ligand10056-0
245,GUTSUK__ligand785-0
246,GUTSUK__ligand311-0
247,GUTSUK__ligand11357-0
248,GUTSUK__ligand13862-0
249,GUTSUK__ligand28743-0
250,GUTSUK__ligand15531-0
251,GUTSUK__ligand1498-0
252,GUTSUK__ligand4596-0
253,GUTSUK__ligand479-0
254,GUTSUK__ligand22294-0
255,GUTSUK__ligand1154-0
256,GUTSUK__ligand564-0
257,GUTSUK__ligand22168-0
258,GUTSUK__ligand28930-0
259,GUTSUK__ligand370-1
260,GUTSUK__ligand620-0
261,GUTSUK__ligand21919-0
262,GUTSUK__ligand9615-0
263,GUTSUK__ligand27285-0
264,GUTSUK__ligand29029-0
265,GUTSUK__ligand5201-0
266,GUTSUK__ligand909-0
267,GUTSUK__ligand23197-0
268,GUTSUK__ligand8553-0
269,GUTSUK__ligand1113-0
270,GUTSUK__ligand9944-0
271,GUTSUK__ligand8593-0
272,GUTSUK__ligand177-0
273,GUTSUK__ligand13477-0
274,GUTSUK__ligand14167-0
275,GUTSUK__ligand2001-0
276,GUTSUK__ligand27669-0
277,GUTSUK__ligand7566-0
278,GUTSUK__ligand30142-0
279,GUTSUK__ligand116-0
280,GUTSUK__ligand2281-0
281,GUTSUK__ligand2650-0
282,GUTSUK__ligand19184-0
283,GUTSUK__ligand4340-0
284,GUTSUK__ligand252-0
285,GUTSUK__ligand3180-0
286,GUTSUK__ligand6995-0
287,GUTSUK__ligand2823-0
288,GUTSUK__ligand28459-0
289,GUTSUK__ligand12453-0
290,GUTSUK__ligand18448-0
291,GUTSUK__ligand830-0
292,GUTSUK__ligand372-0
293,GUTSUK__ligand10371-0
294,GUTSUK__ligand4124-0
295,GUTSUK__ligand3471-0
296,GUTSUK__ligand4161-0
297,GUTSUK__ligand13672-0
298,GUTSUK__ligand193-0
299,GUTSUK__ligand5415-0
300,GUTSUK__ligand18568-0
301,GUTSUK__ligand28685-0
302,GUTSUK__ligand1786-0
303,GUTSUK__ligand22403-0
304,GUTSUK__ligand5630-0
305,GUTSUK__ligand1908-0
306,GUTSUK__ligand20695-0
307,GUTSUK__ligand27754-0
308,GUTSUK__ligand28540-0
309,GUTSUK__ligand11111-0
310,GUTSUK__ligand16369-0
311,GUTSUK__ligand4795-0
312,GUTSUK__ligand3285-0
313,GUTSUK__ligand3144-0
314,GUTSUK__ligand17-0
315,GUTSUK__ligand5085-0
316,GUTSUK__ligand29215-0
317,GUTSUK__ligand4710-0
318,GUTSUK__ligand5755-0
319,GUTSUK__ligand197-0
320,GUTSUK__ligand12003-0
321,GUTSUK__ligand1828-0
322,GUTSUK__ligand1397-0
323,GUTSUK__ligand16148-0
324,GUTSUK__ligand26631-0
325,GUTSUK__ligand7213-0
326,GUTSUK__ligand21399-0
327,GUTSUK__ligand8042-0
328,GUTSUK__ligand10872-0
329,GUTSUK__ligand6112-0
330,GUTSUK__ligand5019-0
331,GUTSUK__ligand3261-0
332,GUTSUK__ligand1152-0
333,GUTSUK__ligand19927-0
334,GUTSUK__ligand14043-0
335,GUTSUK__ligand1216-0
336,GUTSUK__ligand28559-0
337,GUTSUK__ligand26324-0
338,GUTSUK__ligand21729-0
339,GUTSUK__ligand27239-0
340,GUTSUK__ligand352-0
341,GUTSUK__ligand783-0
342,GUTSUK__ligand1849-0
343,GUTSUK__ligand8-0
344,GUTSUK__ligand5614-0
345,GUTSUK__ligand5280-0
346,GUTSUK__ligand1831-0
347,GUTSUK__ligand26529-0
348,GUTSUK__ligand868-0
349,GUTSUK__ligand5515-0
350,GUTSUK__ligand6663-0
351,GUTSUK__ligand11618-0
352,GUTSUK__ligand31694-0
353,GUTSUK__ligand3042-0
354,GUTSUK__ligand29486-0
355,GUTSUK__ligand235-0
356,GUTSUK__ligand8200-0
357,GUTSUK__ligand7438-0
358,GUTSUK__ligand4063-0
359,GUTSUK__ligand49-0
360,GUTSUK__ligand17427-0
361,GUTSUK__ligand134-0
362,GUTSUK__ligand11949-0
363,GUTSUK__ligand1539-0
364,GUTSUK__ligand12138-0
365,GUTSUK__ligand1150-0
366,GUTSUK__ligand24780-0
367,GUTSUK__ligand560-0
368,GUTSUK__ligand89-0
369,GUTSUK__ligand22129-0
370,GUTSUK__ligand3416-0
371,GUTSUK__ligand25561-0
372,GUTSUK__ligand3453-0
373,GUTSUK__ligand4207-0
374,GUTSUK__ligand30728-0
375,GUTSUK__ligand1288-0
376,GUTSUK__ligand27840-0
377,GUTSUK__ligand294-0
378,GUTSUK__ligand24872-0
379,GUTSUK__ligand1400-0
380,GUTSUK__ligand4266-0
381,GUTSUK__ligand24644-0
382,GUTSUK__ligand10033-0
383,GUTSUK__ligand9491-0
384,GUTSUK__ligand4167-0
385,GUTSUK__ligand12001-0
386,GUTSUK__ligand1779-0
387,GUTSUK__ligand13385-0
388,GUTSUK__ligand421-0
389,GUTSUK__ligand14569-0
390,GUTSUK__ligand1817-0
391,GUTSUK__ligand6993-0
392,GUTSUK__ligand9750-0
393,GUTSUK__ligand24111-0
394,GUTSUK__ligand22444-0
395,GUTSUK__ligand7075-0
396,GUTSUK__ligand13220-0
397,GUTSUK__ligand11587-0
398,GUTSUK__ligand23175-0
399,GUTSUK__ligand15788-0
400,GUTSUK__ligand3557-0
401,GUTSUK__ligand3980-0
402,GUTSUK__ligand1149-0
403,GUTSUK__ligand17396-0
404,GUTSUK__ligand685-0
405,GUTSUK__ligand12030-0
406,GUTSUK__ligand300-0
407,GUTSUK__ligand14248-0
408,GUTSUK__ligand2403-0
409,GUTSUK__ligand29879-0
410,GUTSUK__ligand28884-0
411,GUTSUK__ligand13331-0
412,GUTSUK__ligand588-0
413,GUTSUK__ligand24-0
414,GUTSUK__ligand3934-0
415,GUTSUK__ligand31832-0
416,GUTSUK__ligand6455-0
417,GUTSUK__ligand6882-0
418,GUTSUK__ligand13294-0
419,GUTSUK__ligand9681-0
420,GUTSUK__ligand25411-0
421,GUTSUK__ligand199-0
422,GUTSUK__ligand19-0
423,GUTSUK__ligand4332-0
424,GUTSUK__ligand3012-0
425,GUTSUK__ligand14174-0
426,GUTSUK__ligand1449-0
427,GUTSUK__ligand10712-0
428,GUTSUK__ligand1065-0
429,GUTSUK__ligand7530-0
430,GUTSUK__ligand11456-0
431,GUTSUK__ligand5316-0
432,GUTSUK__ligand78-0
433,GUTSUK__ligand20682-0
434,GUTSUK__ligand5483-0
435,GUTSUK__ligand13390-0
436,GUTSUK__ligand1729-0
437,GUTSUK__ligand5627-0
438,GUTSUK__ligand2830-0
439,GUTSUK__ligand1415-0
440,GUTSUK__ligand6946-0
441,GUTSUK__ligand409-0
442,GUTSUK__ligand324-0
443,GUTSUK__ligand361-0
444,GUTSUK__ligand7529-0
445,GUTSUK__ligand26810-0
446,GUTSUK__ligand27482-0
447,GUTSUK__ligand13208-0
448,GUTSUK__ligand9148-0
449,GUTSUK__ligand45-0
450,GUTSUK__ligand20419-0
451,GUTSUK__ligand326-0
452,GUTSUK__ligand21371-0
453,GUTSUK__ligand4-0
454,GUTSUK__ligand17118-0
455,GUTSUK__ligand7107-0
456,GUTSUK__ligand28789-0
457,GUTSUK__ligand29568-0
458,GUTSUK__ligand14889-0
459,GUTSUK__ligand30851-0
460,GUTSUK__ligand3215-0
461,GUTSUK__ligand692-0
462,GUTSUK__ligand20539-0
463,GUTSUK__ligand4738-0
464,GUTSUK__ligand30702-0
465,GUTSUK__ligand20214-0
466,GUTSUK__ligand4813-0
467,GUTSUK__ligand20251-0
468,GUTSUK__ligand5813-0
469,GUTSUK__ligand6062-0
470,GUTSUK__ligand21581-0
471,GUTSUK__ligand31097-0
472,GUTSUK__ligand6283-0
473,GUTSUK__ligand14117-0
474,GUTSUK__ligand17261-0
475,GUTSUK__ligand436-0
476,GUTSUK__ligand4330-0
477,GUTSUK__ligand2599-0
478,GUTSUK__ligand14703-0
479,GUTSUK__ligand16475-0
480,GUTSUK__ligand7532-0
481,GUTSUK__ligand20251-1
482,GUTSUK__ligand4194-0
483,GUTSUK__ligand7925-0
484,GUTSUK__ligand20011-0
485,GUTSUK__ligand17278-0
486,GUTSUK__ligand17982-0
487,GUTSUK__ligand29414-0
488,GUTSUK__ligand2068-0
489,GUTSUK__ligand497-0
490,GUTSUK__ligand17398-0
491,GUTSUK__ligand1147-0
492,GUTSUK__ligand20598-0
493,GUTSUK__ligand11675-0
494,GUTSUK__ligand633-0
495,GUTSUK__ligand24047-0
496,GUTSUK__ligand22557-0
497,GUTSUK__ligand3973-0
498,GUTSUK__ligand10589-0
499,GUTSUK__ligand383-0
500,GUTSUK__ligand8722-0
501,GUTSUK__ligand12427-0
502,GUTSUK__ligand1327-0
503,GUTSUK__ligand20740-0
504,GUTSUK__ligand28468-0
505,GUTSUK__ligand6672-0
506,GUTSUK__ligand9809-0
507,GUTSUK__ligand416-0
508,GUTSUK__ligand3350-0
509,GUTSUK__ligand16628-0
510,GUTSUK__ligand2781-0
511,GUTSUK__ligand7573-0
512,GUTSUK__ligand226-0
513,GUTSUK__ligand2208-0
514,GUTSUK__ligand3208-0
515,GUTSUK__ligand27460-0
516,GUTSUK__ligand162-0
517,GUTSUK__ligand30333-0
518,GUTSUK__ligand67-0
519,GUTSUK__ligand9197-0
520,GUTSUK__ligand12606-0
521,GUTSUK__ligand1900-0
522,GUTSUK__ligand30296-0
523,GUTSUK__ligand4581-0
524,GUTSUK__ligand1773-0
525,GUTSUK__ligand17281-0
526,GUTSUK__ligand2328-0
527,GUTSUK__ligand26540-0
528,GUTSUK__ligand7162-0
529,GUTSUK__ligand3029-0
530,GUTSUK__ligand12337-0
531,GUTSUK__ligand29410-0
532,GUTSUK__ligand5892-0
533,GUTSUK__ligand5094-0
534,GUTSUK__ligand31783-0
535,GUTSUK__ligand43-0
536,GUTSUK__ligand656-0
537,GUTSUK__ligand14603-0
538,GUTSUK__ligand14297-0
539,GUTSUK__ligand17258-0
540,GUTSUK__ligand17631-0
541,GUTSUK__ligand13012-0
542,GUTSUK__ligand26665-0
543,GUTSUK__ligand1712-0
544,GUTSUK__ligand4131-0
545,GUTSUK__ligand27175-0
546,GUTSUK__ligand1496-0
547,GUTSUK__ligand18832-0
548,GUTSUK__ligand23713-0
549,GUTSUK__ligand7557-0
550,GUTSUK__ligand30988-0
551,GUTSUK__ligand14723-0
552,GUTSUK__ligand27893-0
553,GUTSUK__ligand1533-0
554,GUTSUK__ligand696-0
555,GUTSUK__ligand20578-0
556,GUTSUK__ligand12934-0
557,GUTSUK__ligand15422-0
558,GUTSUK__ligand19641-0
559,GUTSUK__ligand1469-0
560,GUTSUK__ligand12401-0
561,GUTSUK__ligand15585-0
562,GUTSUK__ligand3871-0
563,GUTSUK__ligand488-0
564,GUTSUK__ligand24145-0
565,GUTSUK__ligand430-0
566,GUTSUK__ligand1768-0
567,GUTSUK__ligand10476-0
568,GUTSUK__ligand13068-0
569,GUTSUK__ligand358-0
570,GUTSUK__ligand19830-0
571,GUTSUK__ligand4850-0
572,GUTSUK__ligand18292-0
573,GUTSUK__ligand12289-0
574,GUTSUK__ligand26702-0
575,GUTSUK__ligand13658-0
576,GUTSUK__ligand5056-0
577,GUTSUK__ligand694-0
578,GUTSUK__ligand12130-0
579,GUTSUK__ligand17387-0
580,GUTSUK__ligand3647-0
581,GUTSUK__ligand5357-0
582,GUTSUK__ligand1688-0
583,GUTSUK__ligand12231-0
584,GUTSUK__ligand17302-0
585,GUTSUK__ligand3157-0
586,GUTSUK__ligand9525-0
587,GUTSUK__ligand17805-0
588,GUTSUK__ligand1165-0
589,GUTSUK__ligand5935-0
590,GUTSUK__ligand24185-0
591,GUTSUK__ligand23769-0
592,GUTSUK__ligand2722-0
593,GUTSUK__ligand25178-0
594,GUTSUK__ligand1379-0
595,GUTSUK__ligand12641-0
596,GUTSUK__ligand571-0
597,GUTSUK__ligand534-0
598,GUTSUK__ligand5849-0
599,GUTSUK__ligand10958-0
600,GUTSUK__ligand670-0
601,GUTSUK__ligand14108-0
602,GUTSUK__ligand3392-0
603,GUTSUK__ligand4911-0
604,GUTSUK__ligand1771-0
605,GUTSUK__ligand18814-0
606,GUTSUK__ligand8349-0
607,GUTSUK__ligand19057-0
608,GUTSUK__ligand8464-0
609,GUTSUK__ligand1709-0
610,GUTSUK__ligand13425-0
611,GUTSUK__ligand29302-0
612,GUTSUK__ligand28676-0
613,GUTSUK__ligand10262-0
614,GUTSUK__ligand27763-0
615,GUTSUK__ligand2527-0
616,GUTSUK__ligand3035-0
617,GUTSUK__ligand3876-0
618,GUTSUK__ligand1343-0
619,GUTSUK__ligand6616-0
620,GUTSUK__ligand3718-0
621,GUTSUK__ligand18074-0
622,GUTSUK__ligand4661-0
623,GUTSUK__ligand1844-0
624,GUTSUK__ligand13869-0
625,GUTSUK__ligand29863-0
626,GUTSUK__ligand29610-0
627,GUTSUK__ligand693-0
628,GUTSUK__ligand1959-0
629,GUTSUK__ligand3504-0
630,GUTSUK__ligand11140-0
631,GUTSUK__ligand9935-0
632,GUTSUK__ligand1536-0
633,GUTSUK__ligand1573-0
634,GUTSUK__ligand1263-0
635,GUTSUK__ligand9908-0
636,GUTSUK__ligand16791-0
637,GUTSUK__ligand28668-0
638,GUTSUK__ligand7242-0
639,GUTSUK__ligand18799-0
640,GUTSUK__ligand7106-0
641,GUTSUK__ligand18465-0
642,GUTSUK__ligand27074-0
643,GUTSUK__ligand4720-0
644,GUTSUK__ligand6839-0
645,GUTSUK__ligand20599-0
646,GUTSUK__ligand8969-0
647,GUTSUK__ligand1202-0
648,GUTSUK__ligand3937-0
649,GUTSUK__ligand3174-0
650,GUTSUK__ligand22981-0
651,GUTSUK__ligand25805-0
652,GUTSUK__ligand3131-0
653,GUTSUK__ligand5211-0
654,GUTSUK__ligand18391-0
655,GUTSUK__ligand3094-0
656,GUTSUK__ligand4155-0
657,GUTSUK__ligand27169-0
658,GUTSUK__ligand14523-0
659,GUTSUK__ligand10084-0
660,GUTSUK__ligand25267-0
661,GUTSUK__ligand757-0
662,GUTSUK__ligand12467-0
663,GUTSUK__ligand6919-0
664,GUTSUK__ligand3852-0
665,GUTSUK__ligand2485-0
666,GUTSUK__ligand1512-0
667,GUTSUK__ligand21936-0
668,GUTSUK__ligand5331-0
669,GUTSUK__ligand122-0
670,GUTSUK__ligand13257-0
671,GUTSUK__ligand3565-0
672,GUTSUK__ligand23904-0
673,GUTSUK__ligand4503-0
674,GUTSUK__ligand4546-0
675,GUTSUK__ligand384-0
676,GUTSUK__ligand30539-0
677,GUTSUK__ligand1285-0
678,GUTSUK__ligand23906-0
679,GUTSUK__ligand11166-0
680,GUTSUK__ligand8115-0
681,GUTSUK__ligand18-0
682,GUTSUK__ligand6768-0
683,GUTSUK__ligand1982-0
684,GUTSUK__ligand7000-0
685,GUTSUK__ligand21132-0
686,GUTSUK__ligand2176-0
687,GUTSUK__ligand9291-0
688,GUTSUK__ligand2232-0
689,GUTSUK__ligand27835-0
690,GUTSUK__ligand12295-0
691,GUTSUK__ligand25689-0
692,GUTSUK__ligand21787-0
693,GUTSUK__ligand25575-0
694,GUTSUK__ligand4157-0
695,GUTSUK__ligand9833-0
696,GUTSUK__ligand2828-0
697,GUTSUK__ligand8876-0
698,GUTSUK__ligand7648-0
699,GUTSUK__ligand768-0
700,GUTSUK__ligand5256-0
701,GUTSUK__ligand12660-0
702,GUTSUK__ligand9520-0
703,GUTSUK__ligand8699-0
704,GUTSUK__ligand1160-0
705,GUTSUK__ligand19257-0
706,GUTSUK__ligand13209-0
707,GUTSUK__ligand4442-0
708,GUTSUK__ligand4093-0
709,GUTSUK__ligand3954-0
710,GUTSUK__ligand1451-0
711,GUTSUK__ligand25650-0
712,GUTSUK__ligand4272-0
713,GUTSUK__ligand31248-0
714,GUTSUK__ligand7629-0
715,GUTSUK__ligand9784-0
716,GUTSUK__ligand7238-0
717,GUTSUK__ligand1790-0
718,GUTSUK__ligand1304-0
719,GUTSUK__ligand7280-0
720,GUTSUK__ligand25735-0
721,GUTSUK__ligand12519-0
722,GUTSUK__ligand7867-0
723,GUTSUK__ligand141-0
724,GUTSUK__ligand6709-0
725,GUTSUK__ligand1219-0
726,GUTSUK__ligand4016-0
727,GUTSUK__ligand23124-0
728,GUTSUK__ligand240-0
729,GUTSUK__ligand11206-0
730,GUTSUK__ligand3-0
731,GUTSUK__ligand6244-0
732,GUTSUK__ligand321-0
733,GUTSUK__ligand15168-0
734,GUTSUK__ligand1378-0
735,GUTSUK__ligand178-0
736,GUTSUK__ligand2915-0
737,GUTSUK__ligand24064-0
738,GUTSUK__ligand3156-0
739,GUTSUK__ligand23589-0
740,GUTSUK__ligand185-0
741,GUTSUK__ligand279-0
742,GUTSUK__ligand1631-0
743,GUTSUK__ligand201-0
744,GUTSUK__ligand1530-0
745,GUTSUK__ligand1575-0
746,GUTSUK__ligand38-0
747,GUTSUK__ligand9933-0
748,GUTSUK__ligand29898-0
749,GUTSUK__ligand26277-0
750,GUTSUK__ligand11432-0
751,GUTSUK__ligand31618-0
752,GUTSUK__ligand10432-0
753,GUTSUK__ligand9441-0
754,GUTSUK__ligand22755-0
755,GUTSUK__ligand2332-0
756,GUTSUK__ligand9111-0
757,GUTSUK__ligand9952-0
758,GUTSUK__ligand24750-0
759,GUTSUK__ligand1615-0
760,GUTSUK__ligand5036-0
761,GUTSUK__ligand2526-0
762,GUTSUK__ligand1823-0
763,GUTSUK__ligand18013-0
764,GUTSUK__ligand25224-0
765,GUTSUK__ligand338-0
766,GUTSUK__ligand5643-0
767,GUTSUK__ligand17945-0
768,GUTSUK__ligand1324-0
769,GUTSUK__ligand31578-0
770,GUTSUK__ligand8721-0
771,GUTSUK__ligand17207-0
772,GUTSUK__ligand29087-0
773,GUTSUK__ligand7967-0
774,GUTSUK__ligand3707-0
775,GUTSUK__ligand6124-0
776,GUTSUK__ligand1018-0
777,GUTSUK__ligand4116-0
778,GUTSUK__ligand18703-0
779,GUTSUK__ligand15438-0
780,GUTSUK__ligand28924-0
781,GUTSUK__ligand8992-0
782,GUTSUK__ligand9601-0
783,GUTSUK__ligand13072-0
784,GUTSUK__ligand7126-0
785,GUTSUK__ligand12336-0
786,GUTSUK__ligand2028-0
787,GUTSUK__ligand8835-0
788,GUTSUK__ligand845-0
789,GUTSUK__ligand66-0
790,GUTSUK__ligand3234-0
791,GUTSUK__ligand1142-0
792,GUTSUK__ligand126-0
793,GUTSUK__ligand163-0
794,GUTSUK__ligand18699-0
795,GUTSUK__ligand12682-0
796,GUTSUK__ligand17240-0
797,GUTSUK__ligand17590-0
798,GUTSUK__ligand4641-0
799,GUTSUK__ligand941-0
800,GUTSUK__ligand596-0
801,GUTSUK__ligand6067-0
802,GUTSUK__ligand1577-0
803,GUTSUK__ligand2295-0
804,GUTSUK__ligand20579-0
805,GUTSUK__ligand17710-0
806,GUTSUK__ligand11568-0
807,GUTSUK__ligand4620-0
808,GUTSUK__ligand21421-0
809,GUTSUK__ligand14586-0
810,GUTSUK__ligand777-0
811,GUTSUK__ligand11774-0
812,GUTSUK__ligand24613-0
813,GUTSUK__ligand6904-0
814,GUTSUK__ligand3721-0
815,GUTSUK__ligand6596-0
816,GUTSUK__ligand6102-0
817,GUTSUK__ligand366-0
818,GUTSUK__ligand1-0
819,GUTSUK__ligand19725-0
820,GUTSUK__ligand3465-0
821,GUTSUK__ligand31483-0
822,GUTSUK__ligand10555-0
823,GUTSUK__ligand187-0
824,GUTSUK__ligand2917-0
825,GUTSUK__ligand42-0
826,GUTSUK__ligand7819-0
827,GUTSUK__ligand657-0
