,TMC
0,WUBNEM__ligand422-0
1,WUBNEM__ligand20579-0
2,WUBNEM__ligand17710-0
3,WUBNEM__ligand5483-0
4,WUBNEM__ligand11568-0
5,WUBNEM__ligand5316-0
6,WUBNEM__ligand2830-0
7,WUBNEM__ligand14586-0
8,WUBNEM__ligand11774-0
9,WUBNEM__ligand5627-0
10,WUBNEM__ligand21421-0
11,WUBNEM__ligand1729-0
12,WUBNEM__ligand686-0
13,WUBNEM__ligand196-0
14,WUBNEM__ligand7529-0
15,WUBNEM__ligand19725-0
16,WUBNEM__ligand1415-0
17,WUBNEM__ligand6946-0
18,WUBNEM__ligand24613-0
19,WUBNEM__ligand9148-0
20,WUBNEM__ligand31483-0
21,WUBNEM__ligand10555-0
22,WUBNEM__ligand12336-0
23,WUBNEM__ligand2403-0
24,WUBNEM__ligand13072-0
25,WUBNEM__ligand353-0
26,WUBNEM__ligand6455-0
27,WUBNEM__ligand6882-0
28,WUBNEM__ligand3934-0
29,WUBNEM__ligand4332-0
30,WUBNEM__ligand18699-0
31,WUBNEM__ligand393-0
32,WUBNEM__ligand12682-0
33,WUBNEM__ligand9681-0
34,WUBNEM__ligand17590-0
35,WUBNEM__ligand7530-0
36,WUBNEM__ligand1065-0
37,WUBNEM__ligand1449-0
38,WUBNEM__ligand17240-0
39,WUBNEM__ligand3012-0
40,WUBNEM__ligand2599-0
41,WUBNEM__ligand19-0
42,WUBNEM__ligand391-0
43,WUBNEM__ligand4330-0
44,WUBNEM__ligand24750-0
45,WUBNEM__ligand618-0
46,WUBNEM__ligand4194-0
47,WUBNEM__ligand31578-0
48,WUBNEM__ligand17207-0
49,WUBNEM__ligand7532-0
50,WUBNEM__ligand25224-0
51,WUBNEM__ligand18013-0
52,WUBNEM__ligand4-0
53,WUBNEM__ligand17945-0
54,WUBNEM__ligand18703-0
55,WUBNEM__ligand2068-0
56,WUBNEM__ligand29087-0
57,WUBNEM__ligand7925-0
58,WUBNEM__ligand3973-0
59,WUBNEM__ligand24-0
60,WUBNEM__ligand813-0
61,WUBNEM__ligand1147-0
62,WUBNEM__ligand15438-0
63,WUBNEM__ligand314-0
64,WUBNEM__ligand28924-0
65,WUBNEM__ligand780-0
66,WUBNEM__ligand7107-0
67,WUBNEM__ligand314-1
68,WUBNEM__ligand15168-0
69,WUBNEM__ligand23589-0
70,WUBNEM__ligand3215-0
71,WUBNEM__ligand24064-0
72,WUBNEM__ligand45-0
73,WUBNEM__ligand6062-0
74,WUBNEM__ligand78-0
75,WUBNEM__ligand5813-0
76,WUBNEM__ligand4813-0
77,WUBNEM__ligand4738-0
78,WUBNEM__ligand465-0
79,WUBNEM__ligand11432-0
80,WUBNEM__ligand31618-0
81,WUBNEM__ligand10432-0
82,WUBNEM__ligand22755-0
83,WUBNEM__ligand29898-0
84,WUBNEM__ligand6283-0
85,WUBNEM__ligand26277-0
86,WUBNEM__ligand833-0
87,WUBNEM__ligand13209-0
88,WUBNEM__ligand19257-0
89,WUBNEM__ligand5892-0
90,WUBNEM__ligand5094-0
91,WUBNEM__ligand12660-0
92,WUBNEM__ligand1712-0
93,WUBNEM__ligand4131-0
94,WUBNEM__ligand25650-0
95,WUBNEM__ligand31248-0
96,WUBNEM__ligand115-0
97,WUBNEM__ligand7557-0
98,WUBNEM__ligand1496-0
99,WUBNEM__ligand23124-0
100,WUBNEM__ligand11206-0
101,WUBNEM__ligand25735-0
102,WUBNEM__ligand12519-0
103,WUBNEM__ligand1533-0
104,WUBNEM__ligand2781-0
105,WUBNEM__ligand7573-0
106,WUBNEM__ligand3350-0
107,WUBNEM__ligand1327-0
108,WUBNEM__ligand9809-0
109,WUBNEM__ligand6672-0
110,WUBNEM__ligand30539-0
111,WUBNEM__ligand8722-0
112,WUBNEM__ligand11166-0
113,WUBNEM__ligand395-0
114,WUBNEM__ligand21132-0
115,WUBNEM__ligand3208-0
116,WUBNEM__ligand2208-0
117,WUBNEM__ligand368-0
118,WUBNEM__ligand23906-0
119,WUBNEM__ligand1900-0
120,WUBNEM__ligand27835-0
121,WUBNEM__ligand12295-0
122,WUBNEM__ligand784-0
123,WUBNEM__ligand9197-0
124,WUBNEM__ligand3029-0
125,WUBNEM__ligand7162-0
126,WUBNEM__ligand2328-0
127,WUBNEM__ligand25689-0
128,WUBNEM__ligand4581-0
129,WUBNEM__ligand1773-0
130,WUBNEM__ligand21787-0
131,WUBNEM__ligand25575-0
132,WUBNEM__ligand20599-0
133,WUBNEM__ligand487-0
134,WUBNEM__ligand22981-0
135,WUBNEM__ligand67-0
136,WUBNEM__ligand25805-0
137,WUBNEM__ligand5849-0
138,WUBNEM__ligand27074-0
139,WUBNEM__ligand4911-0
140,WUBNEM__ligand1771-0
141,WUBNEM__ligand18391-0
142,WUBNEM__ligand27169-0
143,WUBNEM__ligand14523-0
144,WUBNEM__ligand3392-0
145,WUBNEM__ligand176-0
146,WUBNEM__ligand12467-0
147,WUBNEM__ligand1709-0
148,WUBNEM__ligand8464-0
149,WUBNEM__ligand10084-0
150,WUBNEM__ligand25267-0
151,WUBNEM__ligand8349-0
152,WUBNEM__ligand2527-0
153,WUBNEM__ligand23904-0
154,WUBNEM__ligand447-0
155,WUBNEM__ligand21936-0
156,WUBNEM__ligand13257-0
157,WUBNEM__ligand746-0
158,WUBNEM__ligand18074-0
159,WUBNEM__ligand13869-0
160,WUBNEM__ligand1768-0
161,WUBNEM__ligand29863-0
162,WUBNEM__ligand3871-0
163,WUBNEM__ligand1469-0
164,WUBNEM__ligand152-0
165,WUBNEM__ligand11140-0
166,WUBNEM__ligand1688-0
167,WUBNEM__ligand5357-0
168,WUBNEM__ligand3647-0
169,WUBNEM__ligand29610-0
170,WUBNEM__ligand5056-0
171,WUBNEM__ligand4850-0
172,WUBNEM__ligand1165-0
173,WUBNEM__ligand28668-0
174,WUBNEM__ligand9525-0
175,WUBNEM__ligand3157-0
176,WUBNEM__ligand43-0
177,WUBNEM__ligand16791-0
178,WUBNEM__ligand18799-0
179,WUBNEM__ligand1379-0
180,WUBNEM__ligand18465-0
181,WUBNEM__ligand2722-0
182,WUBNEM__ligand506-0
183,WUBNEM__ligand5935-0
184,WUBNEM__ligand1202-0
185,WUBNEM__ligand3937-0
186,WUBNEM__ligand3174-0
187,WUBNEM__ligand3131-0
188,WUBNEM__ligand8969-0
189,WUBNEM__ligand10958-0
190,WUBNEM__ligand6839-0
191,WUBNEM__ligand4720-0
192,WUBNEM__ligand12641-0
193,WUBNEM__ligand560-0
194,WUBNEM__ligand4155-0
195,WUBNEM__ligand3094-0
196,WUBNEM__ligand14108-0
197,WUBNEM__ligand5211-0
198,WUBNEM__ligand2485-0
199,WUBNEM__ligand3852-0
200,WUBNEM__ligand29302-0
201,WUBNEM__ligand13425-0
202,WUBNEM__ligand6919-0
203,WUBNEM__ligand134-0
204,WUBNEM__ligand18814-0
205,WUBNEM__ligand19057-0
206,WUBNEM__ligand235-0
207,WUBNEM__ligand28676-0
208,WUBNEM__ligand10262-0
209,WUBNEM__ligand27763-0
210,WUBNEM__ligand3565-0
211,WUBNEM__ligand18-0
212,WUBNEM__ligand5331-0
213,WUBNEM__ligand1512-0
214,WUBNEM__ligand10476-0
215,WUBNEM__ligand685-0
216,WUBNEM__ligand13068-0
217,WUBNEM__ligand4661-0
218,WUBNEM__ligand1844-0
219,WUBNEM__ligand19830-0
220,WUBNEM__ligand3718-0
221,WUBNEM__ligand12401-0
222,WUBNEM__ligand15585-0
223,WUBNEM__ligand3035-0
224,WUBNEM__ligand3876-0
225,WUBNEM__ligand1343-0
226,WUBNEM__ligand24145-0
227,WUBNEM__ligand6616-0
228,WUBNEM__ligand1536-0
229,WUBNEM__ligand1573-0
230,WUBNEM__ligand9935-0
231,WUBNEM__ligand12231-0
232,WUBNEM__ligand18292-0
233,WUBNEM__ligand12289-0
234,WUBNEM__ligand26702-0
235,WUBNEM__ligand3504-0
236,WUBNEM__ligand13658-0
237,WUBNEM__ligand1959-0
238,WUBNEM__ligand17387-0
239,WUBNEM__ligand421-0
240,WUBNEM__ligand12130-0
241,WUBNEM__ligand17805-0
242,WUBNEM__ligand17302-0
243,WUBNEM__ligand9908-0
244,WUBNEM__ligand1263-0
245,WUBNEM__ligand7106-0
246,WUBNEM__ligand25178-0
247,WUBNEM__ligand294-0
248,WUBNEM__ligand24185-0
249,WUBNEM__ligand7242-0
250,WUBNEM__ligand23769-0
251,WUBNEM__ligand4093-0
252,WUBNEM__ligand4442-0
253,WUBNEM__ligand3954-0
254,WUBNEM__ligand31783-0
255,WUBNEM__ligand1160-0
256,WUBNEM__ligand8699-0
257,WUBNEM__ligand9520-0
258,WUBNEM__ligand197-0
259,WUBNEM__ligand17631-0
260,WUBNEM__ligand13012-0
261,WUBNEM__ligand9784-0
262,WUBNEM__ligand26665-0
263,WUBNEM__ligand7629-0
264,WUBNEM__ligand14603-0
265,WUBNEM__ligand14297-0
266,WUBNEM__ligand1451-0
267,WUBNEM__ligand4272-0
268,WUBNEM__ligand17258-0
269,WUBNEM__ligand7280-0
270,WUBNEM__ligand1790-0
271,WUBNEM__ligand1304-0
272,WUBNEM__ligand30988-0
273,WUBNEM__ligand27175-0
274,WUBNEM__ligand18832-0
275,WUBNEM__ligand23713-0
276,WUBNEM__ligand7238-0
277,WUBNEM__ligand20578-0
278,WUBNEM__ligand12934-0
279,WUBNEM__ligand15422-0
280,WUBNEM__ligand19641-0
281,WUBNEM__ligand4016-0
282,WUBNEM__ligand6709-0
283,WUBNEM__ligand1219-0
284,WUBNEM__ligand14723-0
285,WUBNEM__ligand27893-0
286,WUBNEM__ligand7867-0
287,WUBNEM__ligand16628-0
288,WUBNEM__ligand12427-0
289,WUBNEM__ligand28468-0
290,WUBNEM__ligand20740-0
291,WUBNEM__ligand4503-0
292,WUBNEM__ligand4546-0
293,WUBNEM__ligand7000-0
294,WUBNEM__ligand868-0
295,WUBNEM__ligand27460-0
296,WUBNEM__ligand1982-0
297,WUBNEM__ligand6768-0
298,WUBNEM__ligand8115-0
299,WUBNEM__ligand1285-0
300,WUBNEM__ligand783-0
301,WUBNEM__ligand352-0
302,WUBNEM__ligand12606-0
303,WUBNEM__ligand2232-0
304,WUBNEM__ligand9291-0
305,WUBNEM__ligand2176-0
306,WUBNEM__ligand30333-0
307,WUBNEM__ligand26540-0
308,WUBNEM__ligand5256-0
309,WUBNEM__ligand12337-0
310,WUBNEM__ligand8876-0
311,WUBNEM__ligand2828-0
312,WUBNEM__ligand7648-0
313,WUBNEM__ligand29410-0
314,WUBNEM__ligand9833-0
315,WUBNEM__ligand4157-0
316,WUBNEM__ligand30296-0
317,WUBNEM__ligand17281-0
318,WUBNEM__ligand5036-0
319,WUBNEM__ligand2526-0
320,WUBNEM__ligand1615-0
321,WUBNEM__ligand9111-0
322,WUBNEM__ligand14703-0
323,WUBNEM__ligand16475-0
324,WUBNEM__ligand9952-0
325,WUBNEM__ligand8721-0
326,WUBNEM__ligand177-0
327,WUBNEM__ligand20251-1
328,WUBNEM__ligand1324-0
329,WUBNEM__ligand5643-0
330,WUBNEM__ligand1823-0
331,WUBNEM__ligand3-0
332,WUBNEM__ligand4116-0
333,WUBNEM__ligand1018-0
334,WUBNEM__ligand3707-0
335,WUBNEM__ligand6124-0
336,WUBNEM__ligand909-0
337,WUBNEM__ligand7967-0
338,WUBNEM__ligand20011-0
339,WUBNEM__ligand17278-0
340,WUBNEM__ligand17982-0
341,WUBNEM__ligand29414-0
342,WUBNEM__ligand20598-0
343,WUBNEM__ligand9601-0
344,WUBNEM__ligand11675-0
345,WUBNEM__ligand24047-0
346,WUBNEM__ligand10589-0
347,WUBNEM__ligand22557-0
348,WUBNEM__ligand66-0
349,WUBNEM__ligand8992-0
350,WUBNEM__ligand17398-0
351,WUBNEM__ligand1378-0
352,WUBNEM__ligand28789-0
353,WUBNEM__ligand20419-0
354,WUBNEM__ligand193-0
355,WUBNEM__ligand6244-0
356,WUBNEM__ligand21371-0
357,WUBNEM__ligand17118-0
358,WUBNEM__ligand14889-0
359,WUBNEM__ligand30851-0
360,WUBNEM__ligand372-0
361,WUBNEM__ligand3156-0
362,WUBNEM__ligand29568-0
363,WUBNEM__ligand2915-0
364,WUBNEM__ligand42-0
365,WUBNEM__ligand830-0
366,WUBNEM__ligand9933-0
367,WUBNEM__ligand1530-0
368,WUBNEM__ligand21581-0
369,WUBNEM__ligand31097-0
370,WUBNEM__ligand1575-0
371,WUBNEM__ligand20539-0
372,WUBNEM__ligand30702-0
373,WUBNEM__ligand20214-0
374,WUBNEM__ligand20251-0
375,WUBNEM__ligand1631-0
376,WUBNEM__ligand2332-0
377,WUBNEM__ligand9441-0
378,WUBNEM__ligand252-0
379,WUBNEM__ligand14117-0
380,WUBNEM__ligand17261-0
381,WUBNEM__ligand116-0
382,WUBNEM__ligand20682-0
383,WUBNEM__ligand2295-0
384,WUBNEM__ligand6067-0
385,WUBNEM__ligand1577-0
386,WUBNEM__ligand38-0
387,WUBNEM__ligand13390-0
388,WUBNEM__ligand250-0
389,WUBNEM__ligand4620-0
390,WUBNEM__ligand3465-0
391,WUBNEM__ligand6596-0
392,WUBNEM__ligand6904-0
393,WUBNEM__ligand3721-0
394,WUBNEM__ligand6102-0
395,WUBNEM__ligand7819-0
396,WUBNEM__ligand13208-0
397,WUBNEM__ligand2917-0
398,WUBNEM__ligand370-0
399,WUBNEM__ligand26810-0
400,WUBNEM__ligand27482-0
401,WUBNEM__ligand620-0
402,WUBNEM__ligand28884-0
403,WUBNEM__ligand8835-0
404,WUBNEM__ligand2028-0
405,WUBNEM__ligand13331-0
406,WUBNEM__ligand370-1
407,WUBNEM__ligand7126-0
408,WUBNEM__ligand12030-0
409,WUBNEM__ligand564-0
410,WUBNEM__ligand14248-0
411,WUBNEM__ligand29879-0
412,WUBNEM__ligand3234-0
413,WUBNEM__ligand1142-0
414,WUBNEM__ligand31832-0
415,WUBNEM__ligand479-0
416,WUBNEM__ligand785-0
417,WUBNEM__ligand311-0
418,WUBNEM__ligand13294-0
419,WUBNEM__ligand25411-0
420,WUBNEM__ligand188-0
421,WUBNEM__ligand4641-0
422,WUBNEM__ligand1-0
423,WUBNEM__ligand11456-0
424,WUBNEM__ligand14174-0
425,WUBNEM__ligand10712-0
426,WUBNEM__ligand7762-0
427,WUBNEM__ligand55-0
428,WUBNEM__ligand5080-0
429,WUBNEM__ligand24872-0
430,WUBNEM__ligand30728-0
431,WUBNEM__ligand27840-0
432,WUBNEM__ligand12001-0
433,WUBNEM__ligand24644-0
434,WUBNEM__ligand6117-0
435,WUBNEM__ligand1407-0
436,WUBNEM__ligand10033-0
437,WUBNEM__ligand5509-0
438,WUBNEM__ligand8002-0
439,WUBNEM__ligand1317-0
440,WUBNEM__ligand24111-0
441,WUBNEM__ligand3867-0
442,WUBNEM__ligand2822-0
443,WUBNEM__ligand22444-0
444,WUBNEM__ligand7293-0
445,WUBNEM__ligand694-0
446,WUBNEM__ligand13385-0
447,WUBNEM__ligand14569-0
448,WUBNEM__ligand23175-0
449,WUBNEM__ligand358-0
450,WUBNEM__ligand15788-0
451,WUBNEM__ligand17396-0
452,WUBNEM__ligand430-0
453,WUBNEM__ligand2238-0
454,WUBNEM__ligand5304-0
455,WUBNEM__ligand488-0
456,WUBNEM__ligand68-0
457,WUBNEM__ligand11587-0
458,WUBNEM__ligand13220-0
459,WUBNEM__ligand9167-0
460,WUBNEM__ligand29486-0
461,WUBNEM__ligand1376-0
462,WUBNEM__ligand31694-0
463,WUBNEM__ligand5510-0
464,WUBNEM__ligand9773-0
465,WUBNEM__ligand5099-0
466,WUBNEM__ligand17427-0
467,WUBNEM__ligand8592-0
468,WUBNEM__ligand1197-0
469,WUBNEM__ligand2259-0
470,WUBNEM__ligand1296-0
471,WUBNEM__ligand2221-0
472,WUBNEM__ligand12138-0
473,WUBNEM__ligand24780-0
474,WUBNEM__ligand22129-0
475,WUBNEM__ligand34-0
476,WUBNEM__ligand11949-0
477,WUBNEM__ligand3120-0
478,WUBNEM__ligand3926-0
479,WUBNEM__ligand4358-0
480,WUBNEM__ligand670-0
481,WUBNEM__ligand571-0
482,WUBNEM__ligand534-0
483,WUBNEM__ligand25561-0
484,WUBNEM__ligand5595-0
485,WUBNEM__ligand4101-0
486,WUBNEM__ligand14043-0
487,WUBNEM__ligand28559-0
488,WUBNEM__ligand26324-0
489,WUBNEM__ligand1211-0
490,WUBNEM__ligand19927-0
491,WUBNEM__ligand6892-0
492,WUBNEM__ligand2881-0
493,WUBNEM__ligand1499-0
494,WUBNEM__ligand3712-0
495,WUBNEM__ligand1464-0
496,WUBNEM__ligand21729-0
497,WUBNEM__ligand27239-0
498,WUBNEM__ligand162-0
499,WUBNEM__ligand26529-0
500,WUBNEM__ligand226-0
501,WUBNEM__ligand6699-0
502,WUBNEM__ligand1294-0
503,WUBNEM__ligand416-0
504,WUBNEM__ligand1168-0
505,WUBNEM__ligand11618-0
506,WUBNEM__ligand3632-0
507,WUBNEM__ligand3677-0
508,WUBNEM__ligand383-0
509,WUBNEM__ligand696-0
510,WUBNEM__ligand3677-1
511,WUBNEM__ligand9883-0
512,WUBNEM__ligand7291-0
513,WUBNEM__ligand22403-0
514,WUBNEM__ligand28540-0
515,WUBNEM__ligand11111-0
516,WUBNEM__ligand9299-0
517,WUBNEM__ligand16369-0
518,WUBNEM__ligand4007-0
519,WUBNEM__ligand2985-0
520,WUBNEM__ligand27754-0
521,WUBNEM__ligand20695-0
522,WUBNEM__ligand2693-0
523,WUBNEM__ligand5383-0
524,WUBNEM__ligand57-0
525,WUBNEM__ligand3945-0
526,WUBNEM__ligand29215-0
527,WUBNEM__ligand21399-0
528,WUBNEM__ligand10872-0
529,WUBNEM__ligand656-0
530,WUBNEM__ligand8000-0
531,WUBNEM__ligand3736-0
532,WUBNEM__ligand9344-0
533,WUBNEM__ligand12003-0
534,WUBNEM__ligand16148-0
535,WUBNEM__ligand26631-0
536,WUBNEM__ligand436-0
537,WUBNEM__ligand1599-0
538,WUBNEM__ligand19184-0
539,WUBNEM__ligand2612-0
540,WUBNEM__ligand28459-0
541,WUBNEM__ligand12453-0
542,WUBNEM__ligand18448-0
543,WUBNEM__ligand692-0
544,WUBNEM__ligand9450-0
545,WUBNEM__ligand10371-0
546,WUBNEM__ligand16-0
547,WUBNEM__ligand18568-0
548,WUBNEM__ligand28685-0
549,WUBNEM__ligand2203-0
550,WUBNEM__ligand5387-0
551,WUBNEM__ligand13672-0
552,WUBNEM__ligand1289-0
553,WUBNEM__ligand326-0
554,WUBNEM__ligand633-0
555,WUBNEM__ligand27285-0
556,WUBNEM__ligand2417-0
557,WUBNEM__ligand29029-0
558,WUBNEM__ligand1114-0
559,WUBNEM__ligand9284-0
560,WUBNEM__ligand497-0
561,WUBNEM__ligand32-0
562,WUBNEM__ligand6391-0
563,WUBNEM__ligand3126-0
564,WUBNEM__ligand23197-0
565,WUBNEM__ligand1228-0
566,WUBNEM__ligand9943-0
567,WUBNEM__ligand1604-0
568,WUBNEM__ligand27669-0
569,WUBNEM__ligand1832-0
570,WUBNEM__ligand30142-0
571,WUBNEM__ligand8788-0
572,WUBNEM__ligand13477-0
573,WUBNEM__ligand14167-0
574,WUBNEM__ligand2043-0
575,WUBNEM__ligand15883-0
576,WUBNEM__ligand5708-0
577,WUBNEM__ligand7316-0
578,WUBNEM__ligand48-0
579,WUBNEM__ligand11970-0
580,WUBNEM__ligand6017-0
581,WUBNEM__ligand19792-0
582,WUBNEM__ligand10828-0
583,WUBNEM__ligand5180-0
584,WUBNEM__ligand15926-0
585,WUBNEM__ligand24230-0
586,WUBNEM__ligand199-0
587,WUBNEM__ligand28810-0
588,WUBNEM__ligand11447-0
589,WUBNEM__ligand11096-0
590,WUBNEM__ligand9323-0
591,WUBNEM__ligand11357-0
592,WUBNEM__ligand13862-0
593,WUBNEM__ligand28743-0
594,WUBNEM__ligand15531-0
595,WUBNEM__ligand7273-0
596,WUBNEM__ligand12365-0
597,WUBNEM__ligand10056-0
598,WUBNEM__ligand588-0
599,WUBNEM__ligand7172-0
600,WUBNEM__ligand2124-0
601,WUBNEM__ligand21919-0
602,WUBNEM__ligand8612-0
603,WUBNEM__ligand7092-0
604,WUBNEM__ligand22294-0
605,WUBNEM__ligand2260-0
606,WUBNEM__ligand1153-0
607,WUBNEM__ligand3225-0
608,WUBNEM__ligand1116-0
609,WUBNEM__ligand300-0
610,WUBNEM__ligand22168-0
611,WUBNEM__ligand28930-0
612,WUBNEM__ligand14614-0
613,WUBNEM__ligand16663-0
614,WUBNEM__ligand4649-0
615,WUBNEM__ligand8793-0
616,WUBNEM__ligand5649-0
617,WUBNEM__ligand2788-0
618,WUBNEM__ligand11994-0
619,WUBNEM__ligand324-0
620,WUBNEM__ligand361-0
621,WUBNEM__ligand409-0
622,WUBNEM__ligand4711-0
623,WUBNEM__ligand31044-0
624,WUBNEM__ligand3244-0
625,WUBNEM__ligand31842-0
626,WUBNEM__ligand51-0
627,WUBNEM__ligand2906-0
628,WUBNEM__ligand24035-0
629,WUBNEM__ligand3178-0
630,WUBNEM__ligand4807-0
631,WUBNEM__ligand91-0
632,WUBNEM__ligand30711-0
633,WUBNEM__ligand20207-0
634,WUBNEM__ligand11682-0
635,WUBNEM__ligand5159-0
636,WUBNEM__ligand7196-0
637,WUBNEM__ligand9753-0
638,WUBNEM__ligand1787-0
639,WUBNEM__ligand16988-0
640,WUBNEM__ligand1356-0
641,WUBNEM__ligand25913-0
642,WUBNEM__ligand5530-0
643,WUBNEM__ligand8529-0
644,WUBNEM__ligand27771-0
645,WUBNEM__ligand18158-0
646,WUBNEM__ligand1169-0
647,WUBNEM__ligand23682-0
648,WUBNEM__ligand29565-0
649,WUBNEM__ligand126-0
650,WUBNEM__ligand163-0
651,WUBNEM__ligand20942-1
652,WUBNEM__ligand21339-0
653,WUBNEM__ligand14226-0
654,WUBNEM__ligand16956-0
655,WUBNEM__ligand4596-0
656,WUBNEM__ligand1498-0
657,WUBNEM__ligand27550-0
658,WUBNEM__ligand14007-0
659,WUBNEM__ligand9615-0
660,WUBNEM__ligand845-0
661,WUBNEM__ligand18019-1
662,WUBNEM__ligand1154-0
663,WUBNEM__ligand657-0
664,WUBNEM__ligand22357-0
665,WUBNEM__ligand11758-0
666,WUBNEM__ligand4262-0
667,WUBNEM__ligand1028-0
668,WUBNEM__ligand21448-0
669,WUBNEM__ligand187-0
670,WUBNEM__ligand2692-0
671,WUBNEM__ligand11501-0
672,WUBNEM__ligand11544-0
673,WUBNEM__ligand1618-0
674,WUBNEM__ligand366-0
675,WUBNEM__ligand29214-0
676,WUBNEM__ligand777-0
677,WUBNEM__ligand17445-0
678,WUBNEM__ligand14477-0
679,WUBNEM__ligand17069-0
680,WUBNEM__ligand1050-0
681,WUBNEM__ligand11798-0
682,WUBNEM__ligand1015-0
683,WUBNEM__ligand2027-0
684,WUBNEM__ligand20731-0
685,WUBNEM__ligand941-0
686,WUBNEM__ligand12413-0
687,WUBNEM__ligand596-0
688,WUBNEM__ligand29334-0
689,WUBNEM__ligand3180-0
690,WUBNEM__ligand21940-0
691,WUBNEM__ligand4340-0
692,WUBNEM__ligand2650-0
693,WUBNEM__ligand2281-0
694,WUBNEM__ligand69-0
695,WUBNEM__ligand25048-0
696,WUBNEM__ligand24953-0
697,WUBNEM__ligand23445-0
698,WUBNEM__ligand2823-0
699,WUBNEM__ligand201-0
700,WUBNEM__ligand13755-0
701,WUBNEM__ligand16133-0
702,WUBNEM__ligand6995-0
703,WUBNEM__ligand20432-0
704,WUBNEM__ligand27122-0
705,WUBNEM__ligand279-0
706,WUBNEM__ligand4124-0
707,WUBNEM__ligand3471-0
708,WUBNEM__ligand4161-0
709,WUBNEM__ligand185-0
710,WUBNEM__ligand178-0
711,WUBNEM__ligand11-0
712,WUBNEM__ligand5415-0
713,WUBNEM__ligand321-0
714,WUBNEM__ligand30004-0
715,WUBNEM__ligand20557-0
716,WUBNEM__ligand5201-0
717,WUBNEM__ligand18413-0
718,WUBNEM__ligand20844-0
719,WUBNEM__ligand24624-0
720,WUBNEM__ligand18757-0
721,WUBNEM__ligand24560-0
722,WUBNEM__ligand1113-0
723,WUBNEM__ligand8553-0
724,WUBNEM__ligand30788-0
725,WUBNEM__ligand8593-0
726,WUBNEM__ligand13691-0
727,WUBNEM__ligand9944-0
728,WUBNEM__ligand14339-0
729,WUBNEM__ligand338-0
730,WUBNEM__ligand7566-0
731,WUBNEM__ligand21752-0
732,WUBNEM__ligand2001-0
733,WUBNEM__ligand768-0
734,WUBNEM__ligand1216-0
735,WUBNEM__ligand11622-0
736,WUBNEM__ligand3261-0
737,WUBNEM__ligand1152-0
738,WUBNEM__ligand16870-0
739,WUBNEM__ligand89-0
740,WUBNEM__ligand5019-0
741,WUBNEM__ligand1849-0
742,WUBNEM__ligand16603-0
743,WUBNEM__ligand11814-0
744,WUBNEM__ligand6663-0
745,WUBNEM__ligand31205-0
746,WUBNEM__ligand5515-0
747,WUBNEM__ligand25658-0
748,WUBNEM__ligand17686-0
749,WUBNEM__ligand1831-0
750,WUBNEM__ligand5614-0
751,WUBNEM__ligand5280-0
752,WUBNEM__ligand15455-0
753,WUBNEM__ligand49-0
754,WUBNEM__ligand384-0
755,WUBNEM__ligand11177-0
756,WUBNEM__ligand240-0
757,WUBNEM__ligand19824-0
758,WUBNEM__ligand5630-0
759,WUBNEM__ligand18067-0
760,WUBNEM__ligand141-0
761,WUBNEM__ligand1786-0
762,WUBNEM__ligand4795-0
763,WUBNEM__ligand3285-0
764,WUBNEM__ligand10582-0
765,WUBNEM__ligand13260-0
766,WUBNEM__ligand1908-0
767,WUBNEM__ligand11252-0
768,WUBNEM__ligand5755-0
769,WUBNEM__ligand31000-0
770,WUBNEM__ligand4710-0
771,WUBNEM__ligand11606-0
772,WUBNEM__ligand5085-0
773,WUBNEM__ligand3144-0
774,WUBNEM__ligand20821-0
775,WUBNEM__ligand6112-0
776,WUBNEM__ligand8042-0
777,WUBNEM__ligand7213-0
778,WUBNEM__ligand26673-0
779,WUBNEM__ligand1397-0
780,WUBNEM__ligand8-0
781,WUBNEM__ligand1828-0
782,WUBNEM__ligand17-0
783,WUBNEM__ligand19906-0
784,WUBNEM__ligand1288-0
785,WUBNEM__ligand19668-0
786,WUBNEM__ligand4167-0
787,WUBNEM__ligand9491-0
788,WUBNEM__ligand22353-0
789,WUBNEM__ligand1400-0
790,WUBNEM__ligand4266-0
791,WUBNEM__ligand9750-0
792,WUBNEM__ligand1817-0
793,WUBNEM__ligand6993-0
794,WUBNEM__ligand693-0
795,WUBNEM__ligand1779-0
796,WUBNEM__ligand1149-0
797,WUBNEM__ligand3557-0
798,WUBNEM__ligand3980-0
799,WUBNEM__ligand10151-0
800,WUBNEM__ligand7075-0
801,WUBNEM__ligand16952-0
802,WUBNEM__ligand29813-0
803,WUBNEM__ligand122-0
804,WUBNEM__ligand3042-0
805,WUBNEM__ligand20121-0
806,WUBNEM__ligand757-0
807,WUBNEM__ligand15387-0
808,WUBNEM__ligand4063-0
809,WUBNEM__ligand20220-0
810,WUBNEM__ligand7438-0
811,WUBNEM__ligand8200-0
812,WUBNEM__ligand14347-0
813,WUBNEM__ligand13657-0
814,WUBNEM__ligand14302-0
815,WUBNEM__ligand20530-0
816,WUBNEM__ligand11698-0
817,WUBNEM__ligand1150-0
818,WUBNEM__ligand1539-0
819,WUBNEM__ligand24851-0
820,WUBNEM__ligand4207-0
821,WUBNEM__ligand29441-0
822,WUBNEM__ligand10853-0
823,WUBNEM__ligand27610-0
824,WUBNEM__ligand10479-0
825,WUBNEM__ligand3416-0
826,WUBNEM__ligand3453-0
827,WUBNEM__ligand11479-0
