,TMC
0,QIDHIW__ligand1538-0
1,QIDHIW__ligand1114-0
2,QIDHIW__ligand291-0
3,QIDHIW__ligand115-0
4,QIDHIW__ligand10910-0
5,QIDHIW__ligand9244-0
6,QIDHIW__ligand1228-0
7,QIDHIW__ligand1479-0
8,QIDHIW__ligand66-0
9,QIDHIW__ligand1148-0
10,QIDHIW__ligand485-0
11,QIDHIW__ligand3246-0
12,QIDHIW__ligand355-0
13,QIDHIW__ligand784-0
14,QIDHIW__ligand14530-0
15,QIDHIW__ligand3145-0
16,QIDHIW__ligand487-0
17,QIDHIW__ligand8-0
18,QIDHIW__ligand666-0
19,QIDHIW__ligand1747-0
20,QIDHIW__ligand6686-0
21,QIDHIW__ligand522-0
22,QIDHIW__ligand5548-0
23,QIDHIW__ligand10479-0
24,QIDHIW__ligand7915-0
25,QIDHIW__ligand2863-0
26,QIDHIW__ligand6502-0
27,QIDHIW__ligand133-0
28,QIDHIW__ligand2098-0
29,QIDHIW__ligand6332-0
30,QIDHIW__ligand447-0
31,QIDHIW__ligand3178-0
32,QIDHIW__ligand21-0
33,QIDHIW__ligand682-0
34,QIDHIW__ligand3041-0
35,QIDHIW__ligand1542-0
36,QIDHIW__ligand40-0
37,QIDHIW__ligand2634-0
38,QIDHIW__ligand10114-0
39,QIDHIW__ligand38-0
40,QIDHIW__ligand2751-0
41,QIDHIW__ligand2259-0
42,QIDHIW__ligand2688-0
43,QIDHIW__ligand422-0
44,QIDHIW__ligand2768-0
45,QIDHIW__ligand1376-0
46,QIDHIW__ligand113-0
47,QIDHIW__ligand6277-0
48,QIDHIW__ligand502-0
49,QIDHIW__ligand196-0
50,QIDHIW__ligand1687-0
51,QIDHIW__ligand1951-0
52,QIDHIW__ligand3734-0
53,QIDHIW__ligand1706-0
54,QIDHIW__ligand4381-0
55,QIDHIW__ligand353-0
56,QIDHIW__ligand18-0
57,QIDHIW__ligand2629-0
58,QIDHIW__ligand236-0
59,QIDHIW__ligand5801-0
60,QIDHIW__ligand391-0
61,QIDHIW__ligand62-0
62,QIDHIW__ligand1438-0
63,QIDHIW__ligand3063-0
64,QIDHIW__ligand170-0
65,QIDHIW__ligand314-0
66,QIDHIW__ligand481-0
67,QIDHIW__ligand1171-0
68,QIDHIW__ligand3757-0
69,QIDHIW__ligand1048-0
70,QIDHIW__ligand2087-0
71,QIDHIW__ligand86-0
72,QIDHIW__ligand1685-0
73,QIDHIW__ligand1544-0
74,QIDHIW__ligand210-0
75,QIDHIW__ligand1459-0
76,QIDHIW__ligand2510-0
77,QIDHIW__ligand8921-0
78,QIDHIW__ligand1567-0
79,QIDHIW__ligand2285-0
80,QIDHIW__ligand2862-0
81,QIDHIW__ligand1056-0
82,QIDHIW__ligand2320-0
83,QIDHIW__ligand934-0
84,QIDHIW__ligand177-0
85,QIDHIW__ligand2430-0
86,QIDHIW__ligand909-0
87,QIDHIW__ligand1703-0
88,QIDHIW__ligand2907-0
89,QIDHIW__ligand851-0
90,QIDHIW__ligand193-0
91,QIDHIW__ligand1727-0
92,QIDHIW__ligand830-0
93,QIDHIW__ligand1152-0
94,QIDHIW__ligand1607-0
95,QIDHIW__ligand955-0
96,QIDHIW__ligand252-0
97,QIDHIW__ligand460-0
98,QIDHIW__ligand3637-0
99,QIDHIW__ligand250-0
100,QIDHIW__ligand8774-0
101,QIDHIW__ligand370-0
102,QIDHIW__ligand10357-0
103,QIDHIW__ligand15630-0
104,QIDHIW__ligand7464-0
105,QIDHIW__ligand311-0
106,QIDHIW__ligand4303-0
107,QIDHIW__ligand369-0
108,QIDHIW__ligand67-0
109,QIDHIW__ligand444-0
110,QIDHIW__ligand1248-0
111,QIDHIW__ligand1598-0
112,QIDHIW__ligand1054-0
113,QIDHIW__ligand6294-0
114,QIDHIW__ligand188-0
115,QIDHIW__ligand2142-0
116,QIDHIW__ligand109-0
117,QIDHIW__ligand6538-0
118,QIDHIW__ligand2772-0
119,QIDHIW__ligand6151-0
120,QIDHIW__ligand9495-0
121,QIDHIW__ligand560-0
122,QIDHIW__ligand525-0
123,QIDHIW__ligand235-0
124,QIDHIW__ligand2864-0
125,QIDHIW__ligand932-0
126,QIDHIW__ligand134-0
127,QIDHIW__ligand390-0
128,QIDHIW__ligand584-0
129,QIDHIW__ligand916-0
130,QIDHIW__ligand421-0
131,QIDHIW__ligand798-0
132,QIDHIW__ligand1169-0
133,QIDHIW__ligand5022-0
134,QIDHIW__ligand331-0
135,QIDHIW__ligand3838-0
136,QIDHIW__ligand1799-0
137,QIDHIW__ligand2838-0
138,QIDHIW__ligand993-0
139,QIDHIW__ligand294-0
140,QIDHIW__ligand2880-0
141,QIDHIW__ligand5941-0
142,QIDHIW__ligand78-0
143,QIDHIW__ligand6396-0
144,QIDHIW__ligand2265-0
145,QIDHIW__ligand85-0
146,QIDHIW__ligand1113-0
147,QIDHIW__ligand296-0
148,QIDHIW__ligand9027-0
149,QIDHIW__ligand197-0
150,QIDHIW__ligand4983-0
151,QIDHIW__ligand112-0
152,QIDHIW__ligand1835-0
153,QIDHIW__ligand2794-0
154,QIDHIW__ligand2345-0
155,QIDHIW__ligand1502-0
156,QIDHIW__ligand45-0
157,QIDHIW__ligand1052-0
158,QIDHIW__ligand136-0
159,QIDHIW__ligand442-0
160,QIDHIW__ligand868-0
161,QIDHIW__ligand1273-0
162,QIDHIW__ligand352-0
163,QIDHIW__ligand783-0
164,QIDHIW__ligand1-0
165,QIDHIW__ligand5334-0
166,QIDHIW__ligand436-0
167,QIDHIW__ligand1898-0
168,QIDHIW__ligand206-0
169,QIDHIW__ligand2480-0
170,QIDHIW__ligand3051-0
171,QIDHIW__ligand4504-0
172,QIDHIW__ligand142-0
173,QIDHIW__ligand2315-0
174,QIDHIW__ligand283-0
175,QIDHIW__ligand1858-0
176,QIDHIW__ligand8032-0
177,QIDHIW__ligand553-0
178,QIDHIW__ligand326-0
179,QIDHIW__ligand821-0
180,QIDHIW__ligand532-0
181,QIDHIW__ligand633-0
182,QIDHIW__ligand1712-0
183,QIDHIW__ligand918-0
184,QIDHIW__ligand497-0
185,QIDHIW__ligand3579-0
186,QIDHIW__ligand2110-0
187,QIDHIW__ligand2916-0
188,QIDHIW__ligand49-0
189,QIDHIW__ligand1919-0
190,QIDHIW__ligand89-0
191,QIDHIW__ligand838-0
192,QIDHIW__ligand166-0
193,QIDHIW__ligand2389-0
194,QIDHIW__ligand2929-0
195,QIDHIW__ligand199-0
196,QIDHIW__ligand927-0
197,QIDHIW__ligand2376-0
198,QIDHIW__ligand575-0
199,QIDHIW__ligand1379-0
200,QIDHIW__ligand1264-0
201,QIDHIW__ligand1221-0
202,QIDHIW__ligand1299-0
203,QIDHIW__ligand6430-0
204,QIDHIW__ligand1019-0
205,QIDHIW__ligand2442-0
206,QIDHIW__ligand1104-0
207,QIDHIW__ligand92-0
208,QIDHIW__ligand5762-0
209,QIDHIW__ligand7414-0
210,QIDHIW__ligand409-0
211,QIDHIW__ligand361-0
212,QIDHIW__ligand324-0
213,QIDHIW__ligand17-0
214,QIDHIW__ligand3-0
215,QIDHIW__ligand6571-0
216,QIDHIW__ligand105-0
217,QIDHIW__ligand140-0
218,QIDHIW__ligand2482-0
219,QIDHIW__ligand1325-0
220,QIDHIW__ligand365-0
221,QIDHIW__ligand1788-0
222,QIDHIW__ligand278-0
223,QIDHIW__ligand1321-0
224,QIDHIW__ligand669-0
225,QIDHIW__ligand1178-0
226,QIDHIW__ligand3566-0
227,QIDHIW__ligand430-0
228,QIDHIW__ligand358-0
229,QIDHIW__ligand7514-0
230,QIDHIW__ligand3337-0
231,QIDHIW__ligand509-0
232,QIDHIW__ligand1449-1
233,QIDHIW__ligand4811-0
234,QIDHIW__ligand9620-0
235,QIDHIW__ligand4894-0
236,QIDHIW__ligand1260-0
237,QIDHIW__ligand571-0
238,QIDHIW__ligand118-0
239,QIDHIW__ligand670-0
240,QIDHIW__ligand1307-0
241,QIDHIW__ligand226-0
242,QIDHIW__ligand162-0
243,QIDHIW__ligand383-0
244,QIDHIW__ligand11730-0
245,QIDHIW__ligand2853-0
246,QIDHIW__ligand3853-0
247,QIDHIW__ligand11-0
248,QIDHIW__ligand2599-0
249,QIDHIW__ligand5089-0
250,QIDHIW__ligand1246-0
251,QIDHIW__ligand6166-0
252,QIDHIW__ligand2915-0
253,QIDHIW__ligand120-0
254,QIDHIW__ligand3196-0
255,QIDHIW__ligand4012-0
256,QIDHIW__ligand384-0
257,QIDHIW__ligand32-0
258,QIDHIW__ligand141-0
259,QIDHIW__ligand240-0
260,QIDHIW__ligand1551-0
261,QIDHIW__ligand2526-0
262,QIDHIW__ligand1690-0
263,QIDHIW__ligand2707-0
264,QIDHIW__ligand2618-0
265,QIDHIW__ligand29-0
266,QIDHIW__ligand3618-0
267,QIDHIW__ligand91-0
268,QIDHIW__ligand1436-0
269,QIDHIW__ligand51-0
270,QIDHIW__ligand4370-0
271,QIDHIW__ligand1918-0
272,QIDHIW__ligand757-0
273,QIDHIW__ligand2255-0
274,QIDHIW__ligand48-0
275,QIDHIW__ligand797-0
276,QIDHIW__ligand4175-0
277,QIDHIW__ligand9176-0
278,QIDHIW__ligand34-0
279,QIDHIW__ligand3035-0
280,QIDHIW__ligand3070-0
281,QIDHIW__ligand2718-0
282,QIDHIW__ligand1493-0
283,QIDHIW__ligand126-0
284,QIDHIW__ligand4619-0
285,QIDHIW__ligand6143-0
286,QIDHIW__ligand5235-0
287,QIDHIW__ligand3251-0
288,QIDHIW__ligand187-0
289,QIDHIW__ligand612-0
290,QIDHIW__ligand1818-0
291,QIDHIW__ligand861-0
292,QIDHIW__ligand95-0
293,QIDHIW__ligand7456-0
294,QIDHIW__ligand366-0
295,QIDHIW__ligand55-0
296,QIDHIW__ligand4-0
297,QIDHIW__ligand5758-0
298,QIDHIW__ligand3478-0
299,QIDHIW__ligand596-0
300,QIDHIW__ligand3852-0
301,QIDHIW__ligand6-0
302,QIDHIW__ligand1285-0
303,QIDHIW__ligand57-0
304,QIDHIW__ligand1555-0
305,QIDHIW__ligand7630-0
306,QIDHIW__ligand244-0
307,QIDHIW__ligand201-0
308,QIDHIW__ligand100-0
309,QIDHIW__ligand3890-0
310,QIDHIW__ligand178-0
311,QIDHIW__ligand279-0
312,QIDHIW__ligand4423-0
313,QIDHIW__ligand321-0
314,QIDHIW__ligand1907-0
315,QIDHIW__ligand2762-0
316,QIDHIW__ligand119-0
317,QIDHIW__ligand1038-0
318,QIDHIW__ligand1160-0
319,QIDHIW__ligand2253-0
320,QIDHIW__ligand5093-0
321,QIDHIW__ligand2954-0
322,QIDHIW__ligand73-0
323,QIDHIW__ligand124-0
324,QIDHIW__ligand7550-0
