,TMC
0,BUPJED__ligand5941-0
1,BUPJED__ligand2880-0
2,BUPJED__ligand851-0
3,BUPJED__ligand2838-0
4,BUPJED__ligand3838-0
5,BUPJED__ligand1799-0
6,BUPJED__ligand909-0
7,BUPJED__ligand1169-0
8,BUPJED__ligand5022-0
9,BUPJED__ligand934-0
10,BUPJED__ligand177-0
11,BUPJED__ligand18-0
12,BUPJED__ligand252-0
13,BUPJED__ligand955-0
14,BUPJED__ligand2864-0
15,BUPJED__ligand6151-0
16,BUPJED__ligand2772-0
17,BUPJED__ligand9495-0
18,BUPJED__ligand830-0
19,BUPJED__ligand6538-0
20,BUPJED__ligand2142-0
21,BUPJED__ligand193-0
22,BUPJED__ligand370-0
23,BUPJED__ligand1273-0
24,BUPJED__ligand86-0
25,BUPJED__ligand250-0
26,BUPJED__ligand460-0
27,BUPJED__ligand1052-0
28,BUPJED__ligand1502-0
29,BUPJED__ligand188-0
30,BUPJED__ligand2345-0
31,BUPJED__ligand2794-0
32,BUPJED__ligand1835-0
33,BUPJED__ligand369-0
34,BUPJED__ligand444-0
35,BUPJED__ligand4983-0
36,BUPJED__ligand311-0
37,BUPJED__ligand9027-0
38,BUPJED__ligand1113-0
39,BUPJED__ligand2265-0
40,BUPJED__ligand62-0
41,BUPJED__ligand6396-0
42,BUPJED__ligand11730-0
43,BUPJED__ligand390-0
44,BUPJED__ligand134-0
45,BUPJED__ligand932-0
46,BUPJED__ligand1607-0
47,BUPJED__ligand235-0
48,BUPJED__ligand66-0
49,BUPJED__ligand525-0
50,BUPJED__ligand560-0
51,BUPJED__ligand109-0
52,BUPJED__ligand1152-0
53,BUPJED__ligand1727-0
54,BUPJED__ligand294-0
55,BUPJED__ligand2907-0
56,BUPJED__ligand993-0
57,BUPJED__ligand331-0
58,BUPJED__ligand1703-0
59,BUPJED__ligand8-0
60,BUPJED__ligand2430-0
61,BUPJED__ligand2320-0
62,BUPJED__ligand1056-0
63,BUPJED__ligand2862-0
64,BUPJED__ligand421-0
65,BUPJED__ligand798-0
66,BUPJED__ligand8921-0
67,BUPJED__ligand2285-0
68,BUPJED__ligand1567-0
69,BUPJED__ligand2510-0
70,BUPJED__ligand584-0
71,BUPJED__ligand916-0
72,BUPJED__ligand6294-0
73,BUPJED__ligand1054-0
74,BUPJED__ligand112-0
75,BUPJED__ligand1598-0
76,BUPJED__ligand38-0
77,BUPJED__ligand4303-0
78,BUPJED__ligand1248-0
79,BUPJED__ligand40-0
80,BUPJED__ligand197-0
81,BUPJED__ligand296-0
82,BUPJED__ligand7464-0
83,BUPJED__ligand21-0
84,BUPJED__ligand352-0
85,BUPJED__ligand783-0
86,BUPJED__ligand868-0
87,BUPJED__ligand442-0
88,BUPJED__ligand8774-0
89,BUPJED__ligand3637-0
90,BUPJED__ligand136-0
91,BUPJED__ligand115-0
92,BUPJED__ligand2629-0
93,BUPJED__ligand4381-0
94,BUPJED__ligand291-0
95,BUPJED__ligand1706-0
96,BUPJED__ligand3734-0
97,BUPJED__ligand1951-0
98,BUPJED__ligand1687-0
99,BUPJED__ligand355-0
100,BUPJED__ligand784-0
101,BUPJED__ligand6277-0
102,BUPJED__ligand485-0
103,BUPJED__ligand2768-0
104,BUPJED__ligand1376-0
105,BUPJED__ligand2688-0
106,BUPJED__ligand2259-0
107,BUPJED__ligand447-0
108,BUPJED__ligand1459-0
109,BUPJED__ligand133-0
110,BUPJED__ligand1544-0
111,BUPJED__ligand1685-0
112,BUPJED__ligand522-0
113,BUPJED__ligand666-0
114,BUPJED__ligand1048-0
115,BUPJED__ligand2087-0
116,BUPJED__ligand487-0
117,BUPJED__ligand3757-0
118,BUPJED__ligand1171-0
119,BUPJED__ligand45-0
120,BUPJED__ligand1438-0
121,BUPJED__ligand3063-0
122,BUPJED__ligand682-0
123,BUPJED__ligand78-0
124,BUPJED__ligand5801-0
125,BUPJED__ligand85-0
126,BUPJED__ligand196-0
127,BUPJED__ligand502-0
128,BUPJED__ligand3246-0
129,BUPJED__ligand113-0
130,BUPJED__ligand1148-0
131,BUPJED__ligand1479-0
132,BUPJED__ligand422-0
133,BUPJED__ligand1228-0
134,BUPJED__ligand236-0
135,BUPJED__ligand9244-0
136,BUPJED__ligand353-0
137,BUPJED__ligand1114-0
138,BUPJED__ligand1538-0
139,BUPJED__ligand481-0
140,BUPJED__ligand314-0
141,BUPJED__ligand2751-0
142,BUPJED__ligand67-0
143,BUPJED__ligand170-0
144,BUPJED__ligand2634-0
145,BUPJED__ligand1542-0
146,BUPJED__ligand3041-0
147,BUPJED__ligand391-0
148,BUPJED__ligand3178-0
149,BUPJED__ligand210-0
150,BUPJED__ligand6332-0
151,BUPJED__ligand6502-0
152,BUPJED__ligand2098-0
153,BUPJED__ligand2863-0
154,BUPJED__ligand5548-0
155,BUPJED__ligand7915-0
156,BUPJED__ligand6686-0
157,BUPJED__ligand1747-0
158,BUPJED__ligand3145-0
159,BUPJED__ligand3852-0
160,BUPJED__ligand3478-0
161,BUPJED__ligand384-0
162,BUPJED__ligand120-0
163,BUPJED__ligand5758-0
164,BUPJED__ligand10114-0
165,BUPJED__ligand7456-0
166,BUPJED__ligand1818-0
167,BUPJED__ligand3251-0
168,BUPJED__ligand5235-0
169,BUPJED__ligand6143-0
170,BUPJED__ligand4619-0
171,BUPJED__ligand10479-0
172,BUPJED__ligand1493-0
173,BUPJED__ligand3035-0
174,BUPJED__ligand3070-0
175,BUPJED__ligand2718-0
176,BUPJED__ligand9176-0
177,BUPJED__ligand240-0
178,BUPJED__ligand141-0
179,BUPJED__ligand7550-0
180,BUPJED__ligand11-0
181,BUPJED__ligand5093-0
182,BUPJED__ligand2954-0
183,BUPJED__ligand2253-0
184,BUPJED__ligand1160-0
185,BUPJED__ligand14530-0
186,BUPJED__ligand1038-0
187,BUPJED__ligand2762-0
188,BUPJED__ligand1907-0
189,BUPJED__ligand4423-0
190,BUPJED__ligand797-0
191,BUPJED__ligand3890-0
192,BUPJED__ligand757-0
193,BUPJED__ligand7630-0
194,BUPJED__ligand1555-0
195,BUPJED__ligand10910-0
196,BUPJED__ligand1285-0
197,BUPJED__ligand2707-0
198,BUPJED__ligand1690-0
199,BUPJED__ligand89-0
200,BUPJED__ligand126-0
201,BUPJED__ligand2526-0
202,BUPJED__ligand49-0
203,BUPJED__ligand1551-0
204,BUPJED__ligand3-0
205,BUPJED__ligand3196-0
206,BUPJED__ligand4012-0
207,BUPJED__ligand596-0
208,BUPJED__ligand366-0
209,BUPJED__ligand861-0
210,BUPJED__ligand612-0
211,BUPJED__ligand2915-0
212,BUPJED__ligand187-0
213,BUPJED__ligand4175-0
214,BUPJED__ligand321-0
215,BUPJED__ligand17-0
216,BUPJED__ligand279-0
217,BUPJED__ligand2255-0
218,BUPJED__ligand178-0
219,BUPJED__ligand1918-0
220,BUPJED__ligand92-0
221,BUPJED__ligand100-0
222,BUPJED__ligand201-0
223,BUPJED__ligand244-0
224,BUPJED__ligand4370-0
225,BUPJED__ligand124-0
226,BUPJED__ligand1-0
227,BUPJED__ligand1436-0
228,BUPJED__ligand119-0
229,BUPJED__ligand3618-0
230,BUPJED__ligand2618-0
231,BUPJED__ligand821-0
232,BUPJED__ligand10357-0
233,BUPJED__ligand326-0
234,BUPJED__ligand15630-0
235,BUPJED__ligand9620-0
236,BUPJED__ligand55-0
237,BUPJED__ligand553-0
238,BUPJED__ligand1260-0
239,BUPJED__ligand4894-0
240,BUPJED__ligand283-0
241,BUPJED__ligand1449-1
242,BUPJED__ligand4811-0
243,BUPJED__ligand142-0
244,BUPJED__ligand95-0
245,BUPJED__ligand206-0
246,BUPJED__ligand436-0
247,BUPJED__ligand3337-0
248,BUPJED__ligand7514-0
249,BUPJED__ligand1178-0
250,BUPJED__ligand3566-0
251,BUPJED__ligand166-0
252,BUPJED__ligand838-0
253,BUPJED__ligand6-0
254,BUPJED__ligand1321-0
255,BUPJED__ligand1788-0
256,BUPJED__ligand497-0
257,BUPJED__ligand633-0
258,BUPJED__ligand918-0
259,BUPJED__ligand532-0
260,BUPJED__ligand34-0
261,BUPJED__ligand6166-0
262,BUPJED__ligand73-0
263,BUPJED__ligand575-0
264,BUPJED__ligand1246-0
265,BUPJED__ligand927-0
266,BUPJED__ligand5089-0
267,BUPJED__ligand2599-0
268,BUPJED__ligand199-0
269,BUPJED__ligand3853-0
270,BUPJED__ligand2853-0
271,BUPJED__ligand4-0
272,BUPJED__ligand140-0
273,BUPJED__ligand105-0
274,BUPJED__ligand1307-0
275,BUPJED__ligand409-0
276,BUPJED__ligand324-0
277,BUPJED__ligand361-0
278,BUPJED__ligand57-0
279,BUPJED__ligand430-0
280,BUPJED__ligand358-0
281,BUPJED__ligand2389-0
282,BUPJED__ligand669-0
283,BUPJED__ligand1919-0
284,BUPJED__ligand2110-0
285,BUPJED__ligand2916-0
286,BUPJED__ligand278-0
287,BUPJED__ligand3579-0
288,BUPJED__ligand1712-0
289,BUPJED__ligand365-0
290,BUPJED__ligand118-0
291,BUPJED__ligand670-0
292,BUPJED__ligand32-0
293,BUPJED__ligand571-0
294,BUPJED__ligand8032-0
295,BUPJED__ligand1858-0
296,BUPJED__ligand2315-0
297,BUPJED__ligand1898-0
298,BUPJED__ligand3051-0
299,BUPJED__ligand4504-0
300,BUPJED__ligand2480-0
301,BUPJED__ligand5334-0
302,BUPJED__ligand509-0
303,BUPJED__ligand1325-0
304,BUPJED__ligand2482-0
305,BUPJED__ligand6571-0
306,BUPJED__ligand383-0
307,BUPJED__ligand162-0
308,BUPJED__ligand48-0
309,BUPJED__ligand226-0
310,BUPJED__ligand7414-0
311,BUPJED__ligand5762-0
312,BUPJED__ligand1104-0
313,BUPJED__ligand1019-0
314,BUPJED__ligand2442-0
315,BUPJED__ligand1299-0
316,BUPJED__ligand6430-0
317,BUPJED__ligand51-0
318,BUPJED__ligand1264-0
319,BUPJED__ligand1221-0
320,BUPJED__ligand1379-0
321,BUPJED__ligand2376-0
322,BUPJED__ligand29-0
323,BUPJED__ligand2929-0
324,BUPJED__ligand91-0
