,TMC
0,RUYFAU__ligand1908-0
1,RUYFAU__ligand422-0
2,RUYFAU__ligand16603-0
3,RUYFAU__ligand11814-0
4,RUYFAU__ligand3285-0
5,RUYFAU__ligand4795-0
6,RUYFAU__ligand11622-0
7,RUYFAU__ligand1786-0
8,RUYFAU__ligand11-0
9,RUYFAU__ligand5630-0
10,RUYFAU__ligand686-0
11,RUYFAU__ligand16870-0
12,RUYFAU__ligand69-0
13,RUYFAU__ligand1828-0
14,RUYFAU__ligand196-0
15,RUYFAU__ligand1397-0
16,RUYFAU__ligand15455-0
17,RUYFAU__ligand7213-0
18,RUYFAU__ligand8042-0
19,RUYFAU__ligand6112-0
20,RUYFAU__ligand11177-0
21,RUYFAU__ligand3144-0
22,RUYFAU__ligand25658-0
23,RUYFAU__ligand17686-0
24,RUYFAU__ligand5085-0
25,RUYFAU__ligand31205-0
26,RUYFAU__ligand4710-0
27,RUYFAU__ligand5755-0
28,RUYFAU__ligand13260-0
29,RUYFAU__ligand10582-0
30,RUYFAU__ligand11252-0
31,RUYFAU__ligand1849-0
32,RUYFAU__ligand5019-0
33,RUYFAU__ligand18067-0
34,RUYFAU__ligand19824-0
35,RUYFAU__ligand1152-0
36,RUYFAU__ligand3261-0
37,RUYFAU__ligand353-0
38,RUYFAU__ligand1216-0
39,RUYFAU__ligand393-0
40,RUYFAU__ligand20821-0
41,RUYFAU__ligand26673-0
42,RUYFAU__ligand31000-0
43,RUYFAU__ligand5280-0
44,RUYFAU__ligand5614-0
45,RUYFAU__ligand1831-0
46,RUYFAU__ligand5515-0
47,RUYFAU__ligand11606-0
48,RUYFAU__ligand6663-0
49,RUYFAU__ligand7438-0
50,RUYFAU__ligand8200-0
51,RUYFAU__ligand4063-0
52,RUYFAU__ligand22353-0
53,RUYFAU__ligand391-0
54,RUYFAU__ligand3042-0
55,RUYFAU__ligand618-0
56,RUYFAU__ligand19668-0
57,RUYFAU__ligand19906-0
58,RUYFAU__ligand3453-0
59,RUYFAU__ligand3416-0
60,RUYFAU__ligand4207-0
61,RUYFAU__ligand10151-0
62,RUYFAU__ligand813-0
63,RUYFAU__ligand1539-0
64,RUYFAU__ligand1150-0
65,RUYFAU__ligand314-0
66,RUYFAU__ligand780-0
67,RUYFAU__ligand4266-0
68,RUYFAU__ligand1400-0
69,RUYFAU__ligand15387-0
70,RUYFAU__ligand20121-0
71,RUYFAU__ligand314-1
72,RUYFAU__ligand9491-0
73,RUYFAU__ligand4167-0
74,RUYFAU__ligand20220-0
75,RUYFAU__ligand1288-0
76,RUYFAU__ligand16952-0
77,RUYFAU__ligand29813-0
78,RUYFAU__ligand7075-0
79,RUYFAU__ligand10853-0
80,RUYFAU__ligand29441-0
81,RUYFAU__ligand3980-0
82,RUYFAU__ligand3557-0
83,RUYFAU__ligand465-0
84,RUYFAU__ligand1149-0
85,RUYFAU__ligand11479-0
86,RUYFAU__ligand10479-0
87,RUYFAU__ligand27610-0
88,RUYFAU__ligand11698-0
89,RUYFAU__ligand1779-0
90,RUYFAU__ligand20530-0
91,RUYFAU__ligand13657-0
92,RUYFAU__ligand14347-0
93,RUYFAU__ligand6993-0
94,RUYFAU__ligand1817-0
95,RUYFAU__ligand14302-0
96,RUYFAU__ligand9750-0
97,RUYFAU__ligand24851-0
98,RUYFAU__ligand833-0
99,RUYFAU__ligand1618-0
100,RUYFAU__ligand14226-0
101,RUYFAU__ligand21339-0
102,RUYFAU__ligand16956-0
103,RUYFAU__ligand20942-1
104,RUYFAU__ligand2692-0
105,RUYFAU__ligand8-0
106,RUYFAU__ligand18158-0
107,RUYFAU__ligand27771-0
108,RUYFAU__ligand1028-0
109,RUYFAU__ligand29565-0
110,RUYFAU__ligand4262-0
111,RUYFAU__ligand23682-0
112,RUYFAU__ligand18019-1
113,RUYFAU__ligand2027-0
114,RUYFAU__ligand115-0
115,RUYFAU__ligand14007-0
116,RUYFAU__ligand17-0
117,RUYFAU__ligand1015-0
118,RUYFAU__ligand1050-0
119,RUYFAU__ligand27550-0
120,RUYFAU__ligand11501-0
121,RUYFAU__ligand11544-0
122,RUYFAU__ligand29214-0
123,RUYFAU__ligand11758-0
124,RUYFAU__ligand22357-0
125,RUYFAU__ligand395-0
126,RUYFAU__ligand368-0
127,RUYFAU__ligand1169-0
128,RUYFAU__ligand8529-0
129,RUYFAU__ligand21448-0
130,RUYFAU__ligand1154-0
131,RUYFAU__ligand784-0
132,RUYFAU__ligand11798-0
133,RUYFAU__ligand29334-0
134,RUYFAU__ligand12413-0
135,RUYFAU__ligand20731-0
136,RUYFAU__ligand9615-0
137,RUYFAU__ligand17445-0
138,RUYFAU__ligand17069-0
139,RUYFAU__ligand1498-0
140,RUYFAU__ligand14477-0
141,RUYFAU__ligand4596-0
142,RUYFAU__ligand24953-0
143,RUYFAU__ligand23445-0
144,RUYFAU__ligand487-0
145,RUYFAU__ligand27122-0
146,RUYFAU__ligand20432-0
147,RUYFAU__ligand8553-0
148,RUYFAU__ligand1113-0
149,RUYFAU__ligand13755-0
150,RUYFAU__ligand16133-0
151,RUYFAU__ligand49-0
152,RUYFAU__ligand25048-0
153,RUYFAU__ligand5201-0
154,RUYFAU__ligand21940-0
155,RUYFAU__ligand89-0
156,RUYFAU__ligand2001-0
157,RUYFAU__ligand176-0
158,RUYFAU__ligand30004-0
159,RUYFAU__ligand20557-0
160,RUYFAU__ligand7566-0
161,RUYFAU__ligand447-0
162,RUYFAU__ligand746-0
163,RUYFAU__ligand9944-0
164,RUYFAU__ligand8593-0
165,RUYFAU__ligand6995-0
166,RUYFAU__ligand2823-0
167,RUYFAU__ligand152-0
168,RUYFAU__ligand24624-0
169,RUYFAU__ligand18413-0
170,RUYFAU__ligand20844-0
171,RUYFAU__ligand2650-0
172,RUYFAU__ligand2281-0
173,RUYFAU__ligand4340-0
174,RUYFAU__ligand24560-0
175,RUYFAU__ligand18757-0
176,RUYFAU__ligand3180-0
177,RUYFAU__ligand5415-0
178,RUYFAU__ligand21752-0
179,RUYFAU__ligand13691-0
180,RUYFAU__ligand30788-0
181,RUYFAU__ligand14339-0
182,RUYFAU__ligand4161-0
183,RUYFAU__ligand3471-0
184,RUYFAU__ligand4124-0
185,RUYFAU__ligand506-0
186,RUYFAU__ligand6391-0
187,RUYFAU__ligand3126-0
188,RUYFAU__ligand12453-0
189,RUYFAU__ligand18448-0
190,RUYFAU__ligand28459-0
191,RUYFAU__ligand9284-0
192,RUYFAU__ligand1114-0
193,RUYFAU__ligand560-0
194,RUYFAU__ligand2417-0
195,RUYFAU__ligand19184-0
196,RUYFAU__ligand18568-0
197,RUYFAU__ligand2043-0
198,RUYFAU__ligand28685-0
199,RUYFAU__ligand134-0
200,RUYFAU__ligand8788-0
201,RUYFAU__ligand1832-0
202,RUYFAU__ligand235-0
203,RUYFAU__ligand13672-0
204,RUYFAU__ligand10371-0
205,RUYFAU__ligand1604-0
206,RUYFAU__ligand1228-0
207,RUYFAU__ligand9943-0
208,RUYFAU__ligand9450-0
209,RUYFAU__ligand57-0
210,RUYFAU__ligand685-0
211,RUYFAU__ligand23197-0
212,RUYFAU__ligand2612-0
213,RUYFAU__ligand421-0
214,RUYFAU__ligand29029-0
215,RUYFAU__ligand1599-0
216,RUYFAU__ligand27285-0
217,RUYFAU__ligand30142-0
218,RUYFAU__ligand1289-0
219,RUYFAU__ligand5387-0
220,RUYFAU__ligand27669-0
221,RUYFAU__ligand2203-0
222,RUYFAU__ligand14167-0
223,RUYFAU__ligand13477-0
224,RUYFAU__ligand294-0
225,RUYFAU__ligand2906-0
226,RUYFAU__ligand15926-0
227,RUYFAU__ligand10828-0
228,RUYFAU__ligand19792-0
229,RUYFAU__ligand3244-0
230,RUYFAU__ligand4711-0
231,RUYFAU__ligand11447-0
232,RUYFAU__ligand11096-0
233,RUYFAU__ligand28810-0
234,RUYFAU__ligand24230-0
235,RUYFAU__ligand68-0
236,RUYFAU__ligand5649-0
237,RUYFAU__ligand2788-0
238,RUYFAU__ligand8793-0
239,RUYFAU__ligand4649-0
240,RUYFAU__ligand197-0
241,RUYFAU__ligand15883-0
242,RUYFAU__ligand11970-0
243,RUYFAU__ligand5530-0
244,RUYFAU__ligand1787-0
245,RUYFAU__ligand1356-0
246,RUYFAU__ligand21919-0
247,RUYFAU__ligand9753-0
248,RUYFAU__ligand7196-0
249,RUYFAU__ligand22168-0
250,RUYFAU__ligand28930-0
251,RUYFAU__ligand55-0
252,RUYFAU__ligand5159-0
253,RUYFAU__ligand22294-0
254,RUYFAU__ligand28743-0
255,RUYFAU__ligand15531-0
256,RUYFAU__ligand4807-0
257,RUYFAU__ligand13862-0
258,RUYFAU__ligand11357-0
259,RUYFAU__ligand3178-0
260,RUYFAU__ligand12365-0
261,RUYFAU__ligand10056-0
262,RUYFAU__ligand31044-0
263,RUYFAU__ligand31842-0
264,RUYFAU__ligand34-0
265,RUYFAU__ligand11994-0
266,RUYFAU__ligand24035-0
267,RUYFAU__ligand5180-0
268,RUYFAU__ligand6017-0
269,RUYFAU__ligand14614-0
270,RUYFAU__ligand868-0
271,RUYFAU__ligand7316-0
272,RUYFAU__ligand16663-0
273,RUYFAU__ligand5708-0
274,RUYFAU__ligand783-0
275,RUYFAU__ligand1116-0
276,RUYFAU__ligand352-0
277,RUYFAU__ligand3225-0
278,RUYFAU__ligand1153-0
279,RUYFAU__ligand2260-0
280,RUYFAU__ligand7092-0
281,RUYFAU__ligand25913-0
282,RUYFAU__ligand8612-0
283,RUYFAU__ligand16988-0
284,RUYFAU__ligand2124-0
285,RUYFAU__ligand7172-0
286,RUYFAU__ligand11682-0
287,RUYFAU__ligand7273-0
288,RUYFAU__ligand20207-0
289,RUYFAU__ligand30711-0
290,RUYFAU__ligand9323-0
291,RUYFAU__ligand12001-0
292,RUYFAU__ligand1296-0
293,RUYFAU__ligand2259-0
294,RUYFAU__ligand10033-0
295,RUYFAU__ligand1197-0
296,RUYFAU__ligand24644-0
297,RUYFAU__ligand8592-0
298,RUYFAU__ligand5099-0
299,RUYFAU__ligand24872-0
300,RUYFAU__ligand9773-0
301,RUYFAU__ligand5510-0
302,RUYFAU__ligand1376-0
303,RUYFAU__ligand177-0
304,RUYFAU__ligand27840-0
305,RUYFAU__ligand30728-0
306,RUYFAU__ligand4101-0
307,RUYFAU__ligand17396-0
308,RUYFAU__ligand5595-0
309,RUYFAU__ligand48-0
310,RUYFAU__ligand15788-0
311,RUYFAU__ligand23175-0
312,RUYFAU__ligand11587-0
313,RUYFAU__ligand13220-0
314,RUYFAU__ligand909-0
315,RUYFAU__ligand22444-0
316,RUYFAU__ligand4358-0
317,RUYFAU__ligand24111-0
318,RUYFAU__ligand3926-0
319,RUYFAU__ligand3120-0
320,RUYFAU__ligand14569-0
321,RUYFAU__ligand13385-0
322,RUYFAU__ligand2221-0
323,RUYFAU__ligand8002-0
324,RUYFAU__ligand5509-0
325,RUYFAU__ligand1407-0
326,RUYFAU__ligand6117-0
327,RUYFAU__ligand17427-0
328,RUYFAU__ligand91-0
329,RUYFAU__ligand193-0
330,RUYFAU__ligand29486-0
331,RUYFAU__ligand372-0
332,RUYFAU__ligand830-0
333,RUYFAU__ligand5080-0
334,RUYFAU__ligand7762-0
335,RUYFAU__ligand31694-0
336,RUYFAU__ligand9167-0
337,RUYFAU__ligand5304-0
338,RUYFAU__ligand2238-0
339,RUYFAU__ligand25561-0
340,RUYFAU__ligand22129-0
341,RUYFAU__ligand51-0
342,RUYFAU__ligand252-0
343,RUYFAU__ligand24780-0
344,RUYFAU__ligand12138-0
345,RUYFAU__ligand7293-0
346,RUYFAU__ligand2822-0
347,RUYFAU__ligand116-0
348,RUYFAU__ligand3867-0
349,RUYFAU__ligand1317-0
350,RUYFAU__ligand11949-0
351,RUYFAU__ligand2985-0
352,RUYFAU__ligand4007-0
353,RUYFAU__ligand27239-0
354,RUYFAU__ligand21729-0
355,RUYFAU__ligand9299-0
356,RUYFAU__ligand26324-0
357,RUYFAU__ligand28559-0
358,RUYFAU__ligand7291-0
359,RUYFAU__ligand14043-0
360,RUYFAU__ligand3677-1
361,RUYFAU__ligand9883-0
362,RUYFAU__ligand19927-0
363,RUYFAU__ligand16-0
364,RUYFAU__ligand250-0
365,RUYFAU__ligand9344-0
366,RUYFAU__ligand3736-0
367,RUYFAU__ligand8000-0
368,RUYFAU__ligand11618-0
369,RUYFAU__ligand3945-0
370,RUYFAU__ligand26529-0
371,RUYFAU__ligand370-0
372,RUYFAU__ligand5383-0
373,RUYFAU__ligand2693-0
374,RUYFAU__ligand370-1
375,RUYFAU__ligand16369-0
376,RUYFAU__ligand620-0
377,RUYFAU__ligand1464-0
378,RUYFAU__ligand3712-0
379,RUYFAU__ligand11111-0
380,RUYFAU__ligand28540-0
381,RUYFAU__ligand27754-0
382,RUYFAU__ligand20695-0
383,RUYFAU__ligand1499-0
384,RUYFAU__ligand564-0
385,RUYFAU__ligand2881-0
386,RUYFAU__ligand785-0
387,RUYFAU__ligand6892-0
388,RUYFAU__ligand311-0
389,RUYFAU__ligand479-0
390,RUYFAU__ligand1211-0
391,RUYFAU__ligand22403-0
392,RUYFAU__ligand10872-0
393,RUYFAU__ligand21399-0
394,RUYFAU__ligand3677-0
395,RUYFAU__ligand3632-0
396,RUYFAU__ligand1168-0
397,RUYFAU__ligand26631-0
398,RUYFAU__ligand16148-0
399,RUYFAU__ligand12003-0
400,RUYFAU__ligand1294-0
401,RUYFAU__ligand32-0
402,RUYFAU__ligand188-0
403,RUYFAU__ligand6699-0
404,RUYFAU__ligand29215-0
405,RUYFAU__ligand2915-0
406,RUYFAU__ligand20251-1
407,RUYFAU__ligand3156-0
408,RUYFAU__ligand6244-0
409,RUYFAU__ligand16475-0
410,RUYFAU__ligand14703-0
411,RUYFAU__ligand1378-0
412,RUYFAU__ligand10589-0
413,RUYFAU__ligand22557-0
414,RUYFAU__ligand24047-0
415,RUYFAU__ligand11675-0
416,RUYFAU__ligand20598-0
417,RUYFAU__ligand17398-0
418,RUYFAU__ligand9441-0
419,RUYFAU__ligand694-0
420,RUYFAU__ligand2332-0
421,RUYFAU__ligand430-0
422,RUYFAU__ligand1631-0
423,RUYFAU__ligand358-0
424,RUYFAU__ligand29414-0
425,RUYFAU__ligand1575-0
426,RUYFAU__ligand1530-0
427,RUYFAU__ligand17982-0
428,RUYFAU__ligand17278-0
429,RUYFAU__ligand20011-0
430,RUYFAU__ligand488-0
431,RUYFAU__ligand9933-0
432,RUYFAU__ligand1823-0
433,RUYFAU__ligand5643-0
434,RUYFAU__ligand30851-0
435,RUYFAU__ligand14889-0
436,RUYFAU__ligand1324-0
437,RUYFAU__ligand8721-0
438,RUYFAU__ligand29568-0
439,RUYFAU__ligand28789-0
440,RUYFAU__ligand9952-0
441,RUYFAU__ligand9111-0
442,RUYFAU__ligand17118-0
443,RUYFAU__ligand21371-0
444,RUYFAU__ligand1615-0
445,RUYFAU__ligand20419-0
446,RUYFAU__ligand2526-0
447,RUYFAU__ligand5036-0
448,RUYFAU__ligand8992-0
449,RUYFAU__ligand17261-0
450,RUYFAU__ligand14117-0
451,RUYFAU__ligand9601-0
452,RUYFAU__ligand31097-0
453,RUYFAU__ligand21581-0
454,RUYFAU__ligand7967-0
455,RUYFAU__ligand670-0
456,RUYFAU__ligand6124-0
457,RUYFAU__ligand3707-0
458,RUYFAU__ligand1018-0
459,RUYFAU__ligand20214-0
460,RUYFAU__ligand30702-0
461,RUYFAU__ligand20251-0
462,RUYFAU__ligand20539-0
463,RUYFAU__ligand571-0
464,RUYFAU__ligand4116-0
465,RUYFAU__ligand534-0
466,RUYFAU__ligand1142-0
467,RUYFAU__ligand3234-0
468,RUYFAU__ligand13390-0
469,RUYFAU__ligand18-0
470,RUYFAU__ligand20682-0
471,RUYFAU__ligand7126-0
472,RUYFAU__ligand8835-0
473,RUYFAU__ligand2028-0
474,RUYFAU__ligand13208-0
475,RUYFAU__ligand162-0
476,RUYFAU__ligand27482-0
477,RUYFAU__ligand26810-0
478,RUYFAU__ligand4641-0
479,RUYFAU__ligand226-0
480,RUYFAU__ligand416-0
481,RUYFAU__ligand383-0
482,RUYFAU__ligand696-0
483,RUYFAU__ligand13294-0
484,RUYFAU__ligand4620-0
485,RUYFAU__ligand31832-0
486,RUYFAU__ligand1577-0
487,RUYFAU__ligand13331-0
488,RUYFAU__ligand6067-0
489,RUYFAU__ligand28884-0
490,RUYFAU__ligand2295-0
491,RUYFAU__ligand14248-0
492,RUYFAU__ligand29879-0
493,RUYFAU__ligand12030-0
494,RUYFAU__ligand11456-0
495,RUYFAU__ligand2917-0
496,RUYFAU__ligand10712-0
497,RUYFAU__ligand14174-0
498,RUYFAU__ligand7819-0
499,RUYFAU__ligand656-0
500,RUYFAU__ligand6102-0
501,RUYFAU__ligand6596-0
502,RUYFAU__ligand3721-0
503,RUYFAU__ligand6904-0
504,RUYFAU__ligand25411-0
505,RUYFAU__ligand3465-0
506,RUYFAU__ligand1959-0
507,RUYFAU__ligand3504-0
508,RUYFAU__ligand436-0
509,RUYFAU__ligand14108-0
510,RUYFAU__ligand9935-0
511,RUYFAU__ligand1573-0
512,RUYFAU__ligand1536-0
513,RUYFAU__ligand6616-0
514,RUYFAU__ligand1343-0
515,RUYFAU__ligand3876-0
516,RUYFAU__ligand3035-0
517,RUYFAU__ligand10958-0
518,RUYFAU__ligand3718-0
519,RUYFAU__ligand1844-0
520,RUYFAU__ligand692-0
521,RUYFAU__ligand4661-0
522,RUYFAU__ligand12641-0
523,RUYFAU__ligand38-0
524,RUYFAU__ligand27763-0
525,RUYFAU__ligand28676-0
526,RUYFAU__ligand10262-0
527,RUYFAU__ligand7242-0
528,RUYFAU__ligand7106-0
529,RUYFAU__ligand9908-0
530,RUYFAU__ligand29302-0
531,RUYFAU__ligand13425-0
532,RUYFAU__ligand1263-0
533,RUYFAU__ligand326-0
534,RUYFAU__ligand19057-0
535,RUYFAU__ligand18814-0
536,RUYFAU__ligand12231-0
537,RUYFAU__ligand5211-0
538,RUYFAU__ligand633-0
539,RUYFAU__ligand17387-0
540,RUYFAU__ligand12130-0
541,RUYFAU__ligand4155-0
542,RUYFAU__ligand3094-0
543,RUYFAU__ligand26702-0
544,RUYFAU__ligand13658-0
545,RUYFAU__ligand18292-0
546,RUYFAU__ligand12289-0
547,RUYFAU__ligand13068-0
548,RUYFAU__ligand19830-0
549,RUYFAU__ligand10476-0
550,RUYFAU__ligand4720-0
551,RUYFAU__ligand24145-0
552,RUYFAU__ligand6839-0
553,RUYFAU__ligand12401-0
554,RUYFAU__ligand15585-0
555,RUYFAU__ligand8969-0
556,RUYFAU__ligand3131-0
557,RUYFAU__ligand3174-0
558,RUYFAU__ligand3937-0
559,RUYFAU__ligand1202-0
560,RUYFAU__ligand497-0
561,RUYFAU__ligand1512-0
562,RUYFAU__ligand5331-0
563,RUYFAU__ligand25178-0
564,RUYFAU__ligand23769-0
565,RUYFAU__ligand3565-0
566,RUYFAU__ligand24185-0
567,RUYFAU__ligand3-0
568,RUYFAU__ligand17805-0
569,RUYFAU__ligand6919-0
570,RUYFAU__ligand3852-0
571,RUYFAU__ligand17302-0
572,RUYFAU__ligand2485-0
573,RUYFAU__ligand26665-0
574,RUYFAU__ligand13012-0
575,RUYFAU__ligand1285-0
576,RUYFAU__ligand17631-0
577,RUYFAU__ligand8115-0
578,RUYFAU__ligand17258-0
579,RUYFAU__ligand6768-0
580,RUYFAU__ligand14603-0
581,RUYFAU__ligand1982-0
582,RUYFAU__ligand14297-0
583,RUYFAU__ligand7000-0
584,RUYFAU__ligand4546-0
585,RUYFAU__ligand4503-0
586,RUYFAU__ligand31783-0
587,RUYFAU__ligand66-0
588,RUYFAU__ligand1-0
589,RUYFAU__ligand199-0
590,RUYFAU__ligand19641-0
591,RUYFAU__ligand12934-0
592,RUYFAU__ligand20578-0
593,RUYFAU__ligand15422-0
594,RUYFAU__ligand4157-0
595,RUYFAU__ligand9833-0
596,RUYFAU__ligand588-0
597,RUYFAU__ligand27893-0
598,RUYFAU__ligand7648-0
599,RUYFAU__ligand8876-0
600,RUYFAU__ligand2828-0
601,RUYFAU__ligand5256-0
602,RUYFAU__ligand14723-0
603,RUYFAU__ligand30988-0
604,RUYFAU__ligand2176-0
605,RUYFAU__ligand9291-0
606,RUYFAU__ligand2232-0
607,RUYFAU__ligand300-0
608,RUYFAU__ligand23713-0
609,RUYFAU__ligand27175-0
610,RUYFAU__ligand18832-0
611,RUYFAU__ligand4272-0
612,RUYFAU__ligand1451-0
613,RUYFAU__ligand7629-0
614,RUYFAU__ligand27460-0
615,RUYFAU__ligand9784-0
616,RUYFAU__ligand9520-0
617,RUYFAU__ligand16628-0
618,RUYFAU__ligand409-0
619,RUYFAU__ligand8699-0
620,RUYFAU__ligand1160-0
621,RUYFAU__ligand324-0
622,RUYFAU__ligand361-0
623,RUYFAU__ligand28468-0
624,RUYFAU__ligand20740-0
625,RUYFAU__ligand12427-0
626,RUYFAU__ligand3954-0
627,RUYFAU__ligand4093-0
628,RUYFAU__ligand4442-0
629,RUYFAU__ligand29410-0
630,RUYFAU__ligand12337-0
631,RUYFAU__ligand7867-0
632,RUYFAU__ligand26540-0
633,RUYFAU__ligand1219-0
634,RUYFAU__ligand6709-0
635,RUYFAU__ligand4016-0
636,RUYFAU__ligand17281-0
637,RUYFAU__ligand30296-0
638,RUYFAU__ligand7238-0
639,RUYFAU__ligand42-0
640,RUYFAU__ligand12606-0
641,RUYFAU__ligand30333-0
642,RUYFAU__ligand1304-0
643,RUYFAU__ligand1790-0
644,RUYFAU__ligand7280-0
645,RUYFAU__ligand2208-0
646,RUYFAU__ligand3208-0
647,RUYFAU__ligand31248-0
648,RUYFAU__ligand25650-0
649,RUYFAU__ligand8722-0
650,RUYFAU__ligand13209-0
651,RUYFAU__ligand19257-0
652,RUYFAU__ligand126-0
653,RUYFAU__ligand9809-0
654,RUYFAU__ligand6672-0
655,RUYFAU__ligand163-0
656,RUYFAU__ligand1327-0
657,RUYFAU__ligand3350-0
658,RUYFAU__ligand7573-0
659,RUYFAU__ligand24-0
660,RUYFAU__ligand2781-0
661,RUYFAU__ligand12660-0
662,RUYFAU__ligand1773-0
663,RUYFAU__ligand11206-0
664,RUYFAU__ligand4581-0
665,RUYFAU__ligand23124-0
666,RUYFAU__ligand19-0
667,RUYFAU__ligand2328-0
668,RUYFAU__ligand7162-0
669,RUYFAU__ligand3029-0
670,RUYFAU__ligand25735-0
671,RUYFAU__ligand12519-0
672,RUYFAU__ligand845-0
673,RUYFAU__ligand9197-0
674,RUYFAU__ligand1900-0
675,RUYFAU__ligand21132-0
676,RUYFAU__ligand11166-0
677,RUYFAU__ligand657-0
678,RUYFAU__ligand23906-0
679,RUYFAU__ligand78-0
680,RUYFAU__ligand4131-0
681,RUYFAU__ligand187-0
682,RUYFAU__ligand1712-0
683,RUYFAU__ligand366-0
684,RUYFAU__ligand5094-0
685,RUYFAU__ligand30539-0
686,RUYFAU__ligand5892-0
687,RUYFAU__ligand777-0
688,RUYFAU__ligand1533-0
689,RUYFAU__ligand25575-0
690,RUYFAU__ligand21787-0
691,RUYFAU__ligand25689-0
692,RUYFAU__ligand1496-0
693,RUYFAU__ligand7557-0
694,RUYFAU__ligand12295-0
695,RUYFAU__ligand45-0
696,RUYFAU__ligand27835-0
697,RUYFAU__ligand941-0
698,RUYFAU__ligand596-0
699,RUYFAU__ligand14523-0
700,RUYFAU__ligand4850-0
701,RUYFAU__ligand5056-0
702,RUYFAU__ligand27169-0
703,RUYFAU__ligand18391-0
704,RUYFAU__ligand3647-0
705,RUYFAU__ligand5357-0
706,RUYFAU__ligand1688-0
707,RUYFAU__ligand22981-0
708,RUYFAU__ligand25805-0
709,RUYFAU__ligand1469-0
710,RUYFAU__ligand3871-0
711,RUYFAU__ligand20599-0
712,RUYFAU__ligand27074-0
713,RUYFAU__ligand1768-0
714,RUYFAU__ligand201-0
715,RUYFAU__ligand5935-0
716,RUYFAU__ligand185-0
717,RUYFAU__ligand279-0
718,RUYFAU__ligand23904-0
719,RUYFAU__ligand2722-0
720,RUYFAU__ligand13257-0
721,RUYFAU__ligand21936-0
722,RUYFAU__ligand178-0
723,RUYFAU__ligand1379-0
724,RUYFAU__ligand12467-0
725,RUYFAU__ligand3157-0
726,RUYFAU__ligand9525-0
727,RUYFAU__ligand25267-0
728,RUYFAU__ligand10084-0
729,RUYFAU__ligand1165-0
730,RUYFAU__ligand321-0
731,RUYFAU__ligand11140-0
732,RUYFAU__ligand3392-0
733,RUYFAU__ligand1771-0
734,RUYFAU__ligand29610-0
735,RUYFAU__ligand4911-0
736,RUYFAU__ligand29863-0
737,RUYFAU__ligand13869-0
738,RUYFAU__ligand5849-0
739,RUYFAU__ligand18074-0
740,RUYFAU__ligand18465-0
741,RUYFAU__ligand18799-0
742,RUYFAU__ligand338-0
743,RUYFAU__ligand2527-0
744,RUYFAU__ligand8349-0
745,RUYFAU__ligand28668-0
746,RUYFAU__ligand8464-0
747,RUYFAU__ligand1709-0
748,RUYFAU__ligand4-0
749,RUYFAU__ligand16791-0
750,RUYFAU__ligand14586-0
751,RUYFAU__ligand3934-0
752,RUYFAU__ligand11774-0
753,RUYFAU__ligand768-0
754,RUYFAU__ligand6882-0
755,RUYFAU__ligand6455-0
756,RUYFAU__ligand21421-0
757,RUYFAU__ligand11568-0
758,RUYFAU__ligand2403-0
759,RUYFAU__ligand17710-0
760,RUYFAU__ligand20579-0
761,RUYFAU__ligand3012-0
762,RUYFAU__ligand1449-0
763,RUYFAU__ligand1065-0
764,RUYFAU__ligand10555-0
765,RUYFAU__ligand7530-0
766,RUYFAU__ligand67-0
767,RUYFAU__ligand31483-0
768,RUYFAU__ligand9681-0
769,RUYFAU__ligand19725-0
770,RUYFAU__ligand24613-0
771,RUYFAU__ligand384-0
772,RUYFAU__ligand4332-0
773,RUYFAU__ligand1729-0
774,RUYFAU__ligand240-0
775,RUYFAU__ligand5627-0
776,RUYFAU__ligand43-0
777,RUYFAU__ligand141-0
778,RUYFAU__ligand2830-0
779,RUYFAU__ligand12336-0
780,RUYFAU__ligand5316-0
781,RUYFAU__ligand13072-0
782,RUYFAU__ligand5483-0
783,RUYFAU__ligand17590-0
784,RUYFAU__ligand17240-0
785,RUYFAU__ligand9148-0
786,RUYFAU__ligand18699-0
787,RUYFAU__ligand12682-0
788,RUYFAU__ligand6946-0
789,RUYFAU__ligand1415-0
790,RUYFAU__ligand7529-0
791,RUYFAU__ligand17207-0
792,RUYFAU__ligand31578-0
793,RUYFAU__ligand17945-0
794,RUYFAU__ligand3215-0
795,RUYFAU__ligand25224-0
796,RUYFAU__ligand18013-0
797,RUYFAU__ligand24750-0
798,RUYFAU__ligand7107-0
799,RUYFAU__ligand6283-0
800,RUYFAU__ligand693-0
801,RUYFAU__ligand28924-0
802,RUYFAU__ligand15438-0
803,RUYFAU__ligand18703-0
804,RUYFAU__ligand4738-0
805,RUYFAU__ligand4813-0
806,RUYFAU__ligand5813-0
807,RUYFAU__ligand29087-0
808,RUYFAU__ligand6062-0
809,RUYFAU__ligand23589-0
810,RUYFAU__ligand7532-0
811,RUYFAU__ligand24064-0
812,RUYFAU__ligand122-0
813,RUYFAU__ligand4194-0
814,RUYFAU__ligand757-0
815,RUYFAU__ligand4330-0
816,RUYFAU__ligand2599-0
817,RUYFAU__ligand15168-0
818,RUYFAU__ligand22755-0
819,RUYFAU__ligand10432-0
820,RUYFAU__ligand11432-0
821,RUYFAU__ligand31618-0
822,RUYFAU__ligand1147-0
823,RUYFAU__ligand29898-0
824,RUYFAU__ligand26277-0
825,RUYFAU__ligand3973-0
826,RUYFAU__ligand7925-0
827,RUYFAU__ligand2068-0
