,TMC
0,YIMNOX__ligand19257-0
1,YIMNOX__ligand13209-0
2,YIMNOX__ligand8529-0
3,YIMNOX__ligand1169-0
4,YIMNOX__ligand294-0
5,YIMNOX__ligand12660-0
6,YIMNOX__ligand91-0
7,YIMNOX__ligand31248-0
8,YIMNOX__ligand25650-0
9,YIMNOX__ligand4596-0
10,YIMNOX__ligand51-0
11,YIMNOX__ligand1498-0
12,YIMNOX__ligand421-0
13,YIMNOX__ligand9615-0
14,YIMNOX__ligand11206-0
15,YIMNOX__ligand23124-0
16,YIMNOX__ligand685-0
17,YIMNOX__ligand25735-0
18,YIMNOX__ligand1154-0
19,YIMNOX__ligand12519-0
20,YIMNOX__ligand4262-0
21,YIMNOX__ligand1028-0
22,YIMNOX__ligand30539-0
23,YIMNOX__ligand21132-0
24,YIMNOX__ligand2692-0
25,YIMNOX__ligand1618-0
26,YIMNOX__ligand11166-0
27,YIMNOX__ligand235-0
28,YIMNOX__ligand23906-0
29,YIMNOX__ligand134-0
30,YIMNOX__ligand12295-0
31,YIMNOX__ligand27835-0
32,YIMNOX__ligand560-0
33,YIMNOX__ligand1015-0
34,YIMNOX__ligand1050-0
35,YIMNOX__ligand48-0
36,YIMNOX__ligand25575-0
37,YIMNOX__ligand21787-0
38,YIMNOX__ligand2027-0
39,YIMNOX__ligand25689-0
40,YIMNOX__ligand22981-0
41,YIMNOX__ligand3180-0
42,YIMNOX__ligand25805-0
43,YIMNOX__ligand20599-0
44,YIMNOX__ligand27074-0
45,YIMNOX__ligand4340-0
46,YIMNOX__ligand2281-0
47,YIMNOX__ligand2650-0
48,YIMNOX__ligand14523-0
49,YIMNOX__ligand27169-0
50,YIMNOX__ligand18391-0
51,YIMNOX__ligand2823-0
52,YIMNOX__ligand783-0
53,YIMNOX__ligand352-0
54,YIMNOX__ligand6995-0
55,YIMNOX__ligand3471-0
56,YIMNOX__ligand4161-0
57,YIMNOX__ligand4124-0
58,YIMNOX__ligand12467-0
59,YIMNOX__ligand32-0
60,YIMNOX__ligand868-0
61,YIMNOX__ligand25267-0
62,YIMNOX__ligand10084-0
63,YIMNOX__ligand5415-0
64,YIMNOX__ligand23904-0
65,YIMNOX__ligand13257-0
66,YIMNOX__ligand21936-0
67,YIMNOX__ligand29863-0
68,YIMNOX__ligand13869-0
69,YIMNOX__ligand5201-0
70,YIMNOX__ligand18074-0
71,YIMNOX__ligand16-0
72,YIMNOX__ligand1113-0
73,YIMNOX__ligand11140-0
74,YIMNOX__ligand8553-0
75,YIMNOX__ligand29610-0
76,YIMNOX__ligand8593-0
77,YIMNOX__ligand9944-0
78,YIMNOX__ligand28668-0
79,YIMNOX__ligand197-0
80,YIMNOX__ligand16791-0
81,YIMNOX__ligand18465-0
82,YIMNOX__ligand7566-0
83,YIMNOX__ligand18799-0
84,YIMNOX__ligand2001-0
85,YIMNOX__ligand11568-0
86,YIMNOX__ligand1216-0
87,YIMNOX__ligand17710-0
88,YIMNOX__ligand20579-0
89,YIMNOX__ligand116-0
90,YIMNOX__ligand1152-0
91,YIMNOX__ligand3261-0
92,YIMNOX__ligand252-0
93,YIMNOX__ligand5019-0
94,YIMNOX__ligand57-0
95,YIMNOX__ligand1849-0
96,YIMNOX__ligand14586-0
97,YIMNOX__ligand11774-0
98,YIMNOX__ligand21421-0
99,YIMNOX__ligand6663-0
100,YIMNOX__ligand19725-0
101,YIMNOX__ligand5515-0
102,YIMNOX__ligand830-0
103,YIMNOX__ligand1831-0
104,YIMNOX__ligand5280-0
105,YIMNOX__ligand5614-0
106,YIMNOX__ligand24613-0
107,YIMNOX__ligand372-0
108,YIMNOX__ligand193-0
109,YIMNOX__ligand10555-0
110,YIMNOX__ligand31483-0
111,YIMNOX__ligand12336-0
112,YIMNOX__ligand5630-0
113,YIMNOX__ligand13072-0
114,YIMNOX__ligand1786-0
115,YIMNOX__ligand4795-0
116,YIMNOX__ligand3285-0
117,YIMNOX__ligand909-0
118,YIMNOX__ligand1908-0
119,YIMNOX__ligand18699-0
120,YIMNOX__ligand12682-0
121,YIMNOX__ligand5755-0
122,YIMNOX__ligand4710-0
123,YIMNOX__ligand177-0
124,YIMNOX__ligand5085-0
125,YIMNOX__ligand3144-0
126,YIMNOX__ligand6112-0
127,YIMNOX__ligand17590-0
128,YIMNOX__ligand8042-0
129,YIMNOX__ligand7213-0
130,YIMNOX__ligand1397-0
131,YIMNOX__ligand1828-0
132,YIMNOX__ligand17240-0
133,YIMNOX__ligand188-0
134,YIMNOX__ligand24750-0
135,YIMNOX__ligand1288-0
136,YIMNOX__ligand17207-0
137,YIMNOX__ligand34-0
138,YIMNOX__ligand31578-0
139,YIMNOX__ligand4167-0
140,YIMNOX__ligand17945-0
141,YIMNOX__ligand9491-0
142,YIMNOX__ligand1400-0
143,YIMNOX__ligand4266-0
144,YIMNOX__ligand18013-0
145,YIMNOX__ligand25224-0
146,YIMNOX__ligand18703-0
147,YIMNOX__ligand9750-0
148,YIMNOX__ligand6993-0
149,YIMNOX__ligand1817-0
150,YIMNOX__ligand479-0
151,YIMNOX__ligand29087-0
152,YIMNOX__ligand311-0
153,YIMNOX__ligand785-0
154,YIMNOX__ligand1779-0
155,YIMNOX__ligand564-0
156,YIMNOX__ligand1149-0
157,YIMNOX__ligand3980-0
158,YIMNOX__ligand3557-0
159,YIMNOX__ligand620-0
160,YIMNOX__ligand28924-0
161,YIMNOX__ligand15438-0
162,YIMNOX__ligand7075-0
163,YIMNOX__ligand370-1
164,YIMNOX__ligand370-0
165,YIMNOX__ligand15168-0
166,YIMNOX__ligand68-0
167,YIMNOX__ligand3042-0
168,YIMNOX__ligand23589-0
169,YIMNOX__ligand4063-0
170,YIMNOX__ligand24064-0
171,YIMNOX__ligand8200-0
172,YIMNOX__ligand7438-0
173,YIMNOX__ligand250-0
174,YIMNOX__ligand1150-0
175,YIMNOX__ligand1539-0
176,YIMNOX__ligand22755-0
177,YIMNOX__ligand4207-0
178,YIMNOX__ligand10432-0
179,YIMNOX__ligand11432-0
180,YIMNOX__ligand31618-0
181,YIMNOX__ligand29898-0
182,YIMNOX__ligand26277-0
183,YIMNOX__ligand3453-0
184,YIMNOX__ligand3416-0
185,YIMNOX__ligand55-0
186,YIMNOX__ligand5080-0
187,YIMNOX__ligand7762-0
188,YIMNOX__ligand16475-0
189,YIMNOX__ligand14703-0
190,YIMNOX__ligand20251-1
191,YIMNOX__ligand6117-0
192,YIMNOX__ligand1407-0
193,YIMNOX__ligand393-0
194,YIMNOX__ligand8002-0
195,YIMNOX__ligand5509-0
196,YIMNOX__ligand3867-0
197,YIMNOX__ligand1317-0
198,YIMNOX__ligand7293-0
199,YIMNOX__ligand2822-0
200,YIMNOX__ligand29414-0
201,YIMNOX__ligand353-0
202,YIMNOX__ligand17982-0
203,YIMNOX__ligand17278-0
204,YIMNOX__ligand20011-0
205,YIMNOX__ligand22557-0
206,YIMNOX__ligand10589-0
207,YIMNOX__ligand24047-0
208,YIMNOX__ligand2238-0
209,YIMNOX__ligand11675-0
210,YIMNOX__ligand20598-0
211,YIMNOX__ligand17398-0
212,YIMNOX__ligand5304-0
213,YIMNOX__ligand9167-0
214,YIMNOX__ligand28789-0
215,YIMNOX__ligand1376-0
216,YIMNOX__ligand17118-0
217,YIMNOX__ligand21371-0
218,YIMNOX__ligand5510-0
219,YIMNOX__ligand20419-0
220,YIMNOX__ligand9773-0
221,YIMNOX__ligand8592-0
222,YIMNOX__ligand5099-0
223,YIMNOX__ligand30851-0
224,YIMNOX__ligand1197-0
225,YIMNOX__ligand14889-0
226,YIMNOX__ligand196-0
227,YIMNOX__ligand2259-0
228,YIMNOX__ligand1296-0
229,YIMNOX__ligand29568-0
230,YIMNOX__ligand31097-0
231,YIMNOX__ligand21581-0
232,YIMNOX__ligand2221-0
233,YIMNOX__ligand686-0
234,YIMNOX__ligand3926-0
235,YIMNOX__ligand20214-0
236,YIMNOX__ligand30702-0
237,YIMNOX__ligand3120-0
238,YIMNOX__ligand20251-0
239,YIMNOX__ligand20539-0
240,YIMNOX__ligand4358-0
241,YIMNOX__ligand17-0
242,YIMNOX__ligand17261-0
243,YIMNOX__ligand14117-0
244,YIMNOX__ligand422-0
245,YIMNOX__ligand5595-0
246,YIMNOX__ligand4101-0
247,YIMNOX__ligand1211-0
248,YIMNOX__ligand20682-0
249,YIMNOX__ligand6892-0
250,YIMNOX__ligand2881-0
251,YIMNOX__ligand1499-0
252,YIMNOX__ligand465-0
253,YIMNOX__ligand3712-0
254,YIMNOX__ligand1464-0
255,YIMNOX__ligand13390-0
256,YIMNOX__ligand6699-0
257,YIMNOX__ligand1294-0
258,YIMNOX__ligand13208-0
259,YIMNOX__ligand1168-0
260,YIMNOX__ligand3677-0
261,YIMNOX__ligand27482-0
262,YIMNOX__ligand3632-0
263,YIMNOX__ligand314-1
264,YIMNOX__ligand26810-0
265,YIMNOX__ligand49-0
266,YIMNOX__ligand780-0
267,YIMNOX__ligand13331-0
268,YIMNOX__ligand314-0
269,YIMNOX__ligand9883-0
270,YIMNOX__ligand28884-0
271,YIMNOX__ligand3677-1
272,YIMNOX__ligand7291-0
273,YIMNOX__ligand14248-0
274,YIMNOX__ligand29879-0
275,YIMNOX__ligand813-0
276,YIMNOX__ligand12030-0
277,YIMNOX__ligand13294-0
278,YIMNOX__ligand9299-0
279,YIMNOX__ligand31832-0
280,YIMNOX__ligand4007-0
281,YIMNOX__ligand2985-0
282,YIMNOX__ligand2693-0
283,YIMNOX__ligand5383-0
284,YIMNOX__ligand618-0
285,YIMNOX__ligand3945-0
286,YIMNOX__ligand25411-0
287,YIMNOX__ligand11456-0
288,YIMNOX__ligand391-0
289,YIMNOX__ligand8000-0
290,YIMNOX__ligand8-0
291,YIMNOX__ligand3736-0
292,YIMNOX__ligand89-0
293,YIMNOX__ligand9344-0
294,YIMNOX__ligand10712-0
295,YIMNOX__ligand14174-0
296,YIMNOX__ligand1599-0
297,YIMNOX__ligand10958-0
298,YIMNOX__ligand12641-0
299,YIMNOX__ligand2612-0
300,YIMNOX__ligand14108-0
301,YIMNOX__ligand784-0
302,YIMNOX__ligand9450-0
303,YIMNOX__ligand13425-0
304,YIMNOX__ligand29302-0
305,YIMNOX__ligand368-0
306,YIMNOX__ligand395-0
307,YIMNOX__ligand19057-0
308,YIMNOX__ligand18814-0
309,YIMNOX__ligand27763-0
310,YIMNOX__ligand28676-0
311,YIMNOX__ligand10262-0
312,YIMNOX__ligand5387-0
313,YIMNOX__ligand2203-0
314,YIMNOX__ligand1289-0
315,YIMNOX__ligand13068-0
316,YIMNOX__ligand19830-0
317,YIMNOX__ligand10476-0
318,YIMNOX__ligand2417-0
319,YIMNOX__ligand24145-0
320,YIMNOX__ligand11-0
321,YIMNOX__ligand12401-0
322,YIMNOX__ligand15585-0
323,YIMNOX__ligand12231-0
324,YIMNOX__ligand1114-0
325,YIMNOX__ligand9284-0
326,YIMNOX__ligand12130-0
327,YIMNOX__ligand17387-0
328,YIMNOX__ligand115-0
329,YIMNOX__ligand26702-0
330,YIMNOX__ligand13658-0
331,YIMNOX__ligand18292-0
332,YIMNOX__ligand3126-0
333,YIMNOX__ligand12289-0
334,YIMNOX__ligand6391-0
335,YIMNOX__ligand9943-0
336,YIMNOX__ligand17805-0
337,YIMNOX__ligand1228-0
338,YIMNOX__ligand1604-0
339,YIMNOX__ligand17302-0
340,YIMNOX__ligand25178-0
341,YIMNOX__ligand69-0
342,YIMNOX__ligand1832-0
343,YIMNOX__ligand8788-0
344,YIMNOX__ligand833-0
345,YIMNOX__ligand23769-0
346,YIMNOX__ligand2043-0
347,YIMNOX__ligand24185-0
348,YIMNOX__ligand5708-0
349,YIMNOX__ligand506-0
350,YIMNOX__ligand7316-0
351,YIMNOX__ligand31783-0
352,YIMNOX__ligand6017-0
353,YIMNOX__ligand26665-0
354,YIMNOX__ligand5180-0
355,YIMNOX__ligand13012-0
356,YIMNOX__ligand17631-0
357,YIMNOX__ligand17258-0
358,YIMNOX__ligand14603-0
359,YIMNOX__ligand14297-0
360,YIMNOX__ligand30988-0
361,YIMNOX__ligand9323-0
362,YIMNOX__ligand7273-0
363,YIMNOX__ligand23713-0
364,YIMNOX__ligand7172-0
365,YIMNOX__ligand27175-0
366,YIMNOX__ligand18832-0
367,YIMNOX__ligand19641-0
368,YIMNOX__ligand2124-0
369,YIMNOX__ligand12934-0
370,YIMNOX__ligand20578-0
371,YIMNOX__ligand15422-0
372,YIMNOX__ligand152-0
373,YIMNOX__ligand8612-0
374,YIMNOX__ligand2260-0
375,YIMNOX__ligand7092-0
376,YIMNOX__ligand1116-0
377,YIMNOX__ligand27893-0
378,YIMNOX__ligand1153-0
379,YIMNOX__ligand3225-0
380,YIMNOX__ligand14723-0
381,YIMNOX__ligand16628-0
382,YIMNOX__ligand746-0
383,YIMNOX__ligand20740-0
384,YIMNOX__ligand28468-0
385,YIMNOX__ligand4649-0
386,YIMNOX__ligand12427-0
387,YIMNOX__ligand2788-0
388,YIMNOX__ligand5649-0
389,YIMNOX__ligand447-0
390,YIMNOX__ligand8793-0
391,YIMNOX__ligand3244-0
392,YIMNOX__ligand27460-0
393,YIMNOX__ligand4711-0
394,YIMNOX__ligand176-0
395,YIMNOX__ligand2906-0
396,YIMNOX__ligand12606-0
397,YIMNOX__ligand3178-0
398,YIMNOX__ligand30333-0
399,YIMNOX__ligand4807-0
400,YIMNOX__ligand29410-0
401,YIMNOX__ligand5159-0
402,YIMNOX__ligand12337-0
403,YIMNOX__ligand26540-0
404,YIMNOX__ligand7196-0
405,YIMNOX__ligand487-0
406,YIMNOX__ligand17281-0
407,YIMNOX__ligand9753-0
408,YIMNOX__ligand1356-0
409,YIMNOX__ligand30296-0
410,YIMNOX__ligand1787-0
411,YIMNOX__ligand5530-0
412,YIMNOX__ligand3131-0
413,YIMNOX__ligand1202-0
414,YIMNOX__ligand3937-0
415,YIMNOX__ligand3174-0
416,YIMNOX__ligand8969-0
417,YIMNOX__ligand596-0
418,YIMNOX__ligand941-0
419,YIMNOX__ligand6839-0
420,YIMNOX__ligand4720-0
421,YIMNOX__ligand19184-0
422,YIMNOX__ligand43-0
423,YIMNOX__ligand12453-0
424,YIMNOX__ligand18448-0
425,YIMNOX__ligand3094-0
426,YIMNOX__ligand4155-0
427,YIMNOX__ligand28459-0
428,YIMNOX__ligand777-0
429,YIMNOX__ligand5211-0
430,YIMNOX__ligand2485-0
431,YIMNOX__ligand3852-0
432,YIMNOX__ligand6919-0
433,YIMNOX__ligand10371-0
434,YIMNOX__ligand366-0
435,YIMNOX__ligand18568-0
436,YIMNOX__ligand28685-0
437,YIMNOX__ligand187-0
438,YIMNOX__ligand3565-0
439,YIMNOX__ligand657-0
440,YIMNOX__ligand13672-0
441,YIMNOX__ligand5331-0
442,YIMNOX__ligand1512-0
443,YIMNOX__ligand4661-0
444,YIMNOX__ligand1844-0
445,YIMNOX__ligand3718-0
446,YIMNOX__ligand845-0
447,YIMNOX__ligand29029-0
448,YIMNOX__ligand6616-0
449,YIMNOX__ligand3035-0
450,YIMNOX__ligand27285-0
451,YIMNOX__ligand3876-0
452,YIMNOX__ligand1343-0
453,YIMNOX__ligand1573-0
454,YIMNOX__ligand1536-0
455,YIMNOX__ligand9935-0
456,YIMNOX__ligand23197-0
457,YIMNOX__ligand3504-0
458,YIMNOX__ligand1959-0
459,YIMNOX__ligand163-0
460,YIMNOX__ligand126-0
461,YIMNOX__ligand1263-0
462,YIMNOX__ligand9908-0
463,YIMNOX__ligand30142-0
464,YIMNOX__ligand7106-0
465,YIMNOX__ligand27669-0
466,YIMNOX__ligand7242-0
467,YIMNOX__ligand14167-0
468,YIMNOX__ligand13477-0
469,YIMNOX__ligand67-0
470,YIMNOX__ligand3954-0
471,YIMNOX__ligand4442-0
472,YIMNOX__ligand4093-0
473,YIMNOX__ligand15883-0
474,YIMNOX__ligand1160-0
475,YIMNOX__ligand8699-0
476,YIMNOX__ligand11970-0
477,YIMNOX__ligand9520-0
478,YIMNOX__ligand9784-0
479,YIMNOX__ligand15926-0
480,YIMNOX__ligand10828-0
481,YIMNOX__ligand19792-0
482,YIMNOX__ligand338-0
483,YIMNOX__ligand11096-0
484,YIMNOX__ligand7629-0
485,YIMNOX__ligand11447-0
486,YIMNOX__ligand28810-0
487,YIMNOX__ligand4272-0
488,YIMNOX__ligand1451-0
489,YIMNOX__ligand24230-0
490,YIMNOX__ligand7280-0
491,YIMNOX__ligand1304-0
492,YIMNOX__ligand1790-0
493,YIMNOX__ligand28743-0
494,YIMNOX__ligand15531-0
495,YIMNOX__ligand11357-0
496,YIMNOX__ligand13862-0
497,YIMNOX__ligand12365-0
498,YIMNOX__ligand10056-0
499,YIMNOX__ligand7238-0
500,YIMNOX__ligand21919-0
501,YIMNOX__ligand4016-0
502,YIMNOX__ligand22168-0
503,YIMNOX__ligand6709-0
504,YIMNOX__ligand1219-0
505,YIMNOX__ligand28930-0
506,YIMNOX__ligand7867-0
507,YIMNOX__ligand22294-0
508,YIMNOX__ligand321-0
509,YIMNOX__ligand14614-0
510,YIMNOX__ligand16663-0
511,YIMNOX__ligand4546-0
512,YIMNOX__ligand4503-0
513,YIMNOX__ligand31044-0
514,YIMNOX__ligand31842-0
515,YIMNOX__ligand7000-0
516,YIMNOX__ligand178-0
517,YIMNOX__ligand1982-0
518,YIMNOX__ligand6768-0
519,YIMNOX__ligand8115-0
520,YIMNOX__ligand11994-0
521,YIMNOX__ligand24035-0
522,YIMNOX__ligand279-0
523,YIMNOX__ligand1285-0
524,YIMNOX__ligand185-0
525,YIMNOX__ligand201-0
526,YIMNOX__ligand2232-0
527,YIMNOX__ligand11682-0
528,YIMNOX__ligand9291-0
529,YIMNOX__ligand20207-0
530,YIMNOX__ligand30711-0
531,YIMNOX__ligand2176-0
532,YIMNOX__ligand5256-0
533,YIMNOX__ligand7648-0
534,YIMNOX__ligand2828-0
535,YIMNOX__ligand8876-0
536,YIMNOX__ligand9833-0
537,YIMNOX__ligand25913-0
538,YIMNOX__ligand4157-0
539,YIMNOX__ligand16988-0
540,YIMNOX__ligand5036-0
541,YIMNOX__ligand2526-0
542,YIMNOX__ligand24872-0
543,YIMNOX__ligand1615-0
544,YIMNOX__ligand27840-0
545,YIMNOX__ligand9111-0
546,YIMNOX__ligand30728-0
547,YIMNOX__ligand9952-0
548,YIMNOX__ligand12001-0
549,YIMNOX__ligand8721-0
550,YIMNOX__ligand4-0
551,YIMNOX__ligand1324-0
552,YIMNOX__ligand10033-0
553,YIMNOX__ligand5643-0
554,YIMNOX__ligand24644-0
555,YIMNOX__ligand1823-0
556,YIMNOX__ligand78-0
557,YIMNOX__ligand22444-0
558,YIMNOX__ligand4116-0
559,YIMNOX__ligand24111-0
560,YIMNOX__ligand45-0
561,YIMNOX__ligand1018-0
562,YIMNOX__ligand6124-0
563,YIMNOX__ligand3707-0
564,YIMNOX__ligand7967-0
565,YIMNOX__ligand14569-0
566,YIMNOX__ligand13385-0
567,YIMNOX__ligand141-0
568,YIMNOX__ligand9601-0
569,YIMNOX__ligand17396-0
570,YIMNOX__ligand15788-0
571,YIMNOX__ligand23175-0
572,YIMNOX__ligand13220-0
573,YIMNOX__ligand8992-0
574,YIMNOX__ligand240-0
575,YIMNOX__ligand11587-0
576,YIMNOX__ligand29486-0
577,YIMNOX__ligand384-0
578,YIMNOX__ligand1378-0
579,YIMNOX__ligand24-0
580,YIMNOX__ligand6244-0
581,YIMNOX__ligand31694-0
582,YIMNOX__ligand17427-0
583,YIMNOX__ligand3156-0
584,YIMNOX__ligand2915-0
585,YIMNOX__ligand22129-0
586,YIMNOX__ligand9933-0
587,YIMNOX__ligand24780-0
588,YIMNOX__ligand1575-0
589,YIMNOX__ligand1530-0
590,YIMNOX__ligand12138-0
591,YIMNOX__ligand11949-0
592,YIMNOX__ligand1631-0
593,YIMNOX__ligand2332-0
594,YIMNOX__ligand19-0
595,YIMNOX__ligand9441-0
596,YIMNOX__ligand768-0
597,YIMNOX__ligand25561-0
598,YIMNOX__ligand26324-0
599,YIMNOX__ligand28559-0
600,YIMNOX__ligand14043-0
601,YIMNOX__ligand2295-0
602,YIMNOX__ligand19927-0
603,YIMNOX__ligand6067-0
604,YIMNOX__ligand1577-0
605,YIMNOX__ligand27239-0
606,YIMNOX__ligand21729-0
607,YIMNOX__ligand4620-0
608,YIMNOX__ligand3465-0
609,YIMNOX__ligand26529-0
610,YIMNOX__ligand6102-0
611,YIMNOX__ligand6904-0
612,YIMNOX__ligand3721-0
613,YIMNOX__ligand6596-0
614,YIMNOX__ligand757-0
615,YIMNOX__ligand122-0
616,YIMNOX__ligand7819-0
617,YIMNOX__ligand2917-0
618,YIMNOX__ligand11618-0
619,YIMNOX__ligand2028-0
620,YIMNOX__ligand8835-0
621,YIMNOX__ligand7126-0
622,YIMNOX__ligand22403-0
623,YIMNOX__ligand3234-0
624,YIMNOX__ligand1142-0
625,YIMNOX__ligand16369-0
626,YIMNOX__ligand693-0
627,YIMNOX__ligand11111-0
628,YIMNOX__ligand28540-0
629,YIMNOX__ligand20695-0
630,YIMNOX__ligand27754-0
631,YIMNOX__ligand29215-0
632,YIMNOX__ligand4641-0
633,YIMNOX__ligand10872-0
634,YIMNOX__ligand21399-0
635,YIMNOX__ligand26631-0
636,YIMNOX__ligand16148-0
637,YIMNOX__ligand12003-0
638,YIMNOX__ligand11622-0
639,YIMNOX__ligand534-0
640,YIMNOX__ligand571-0
641,YIMNOX__ligand5483-0
642,YIMNOX__ligand16870-0
643,YIMNOX__ligand670-0
644,YIMNOX__ligand5316-0
645,YIMNOX__ligand2830-0
646,YIMNOX__ligand16603-0
647,YIMNOX__ligand5627-0
648,YIMNOX__ligand1729-0
649,YIMNOX__ligand11814-0
650,YIMNOX__ligand7529-0
651,YIMNOX__ligand17686-0
652,YIMNOX__ligand25658-0
653,YIMNOX__ligand31205-0
654,YIMNOX__ligand1415-0
655,YIMNOX__ligand6946-0
656,YIMNOX__ligand9148-0
657,YIMNOX__ligand15455-0
658,YIMNOX__ligand11177-0
659,YIMNOX__ligand18067-0
660,YIMNOX__ligand488-0
661,YIMNOX__ligand19824-0
662,YIMNOX__ligand2403-0
663,YIMNOX__ligand358-0
664,YIMNOX__ligand430-0
665,YIMNOX__ligand13260-0
666,YIMNOX__ligand694-0
667,YIMNOX__ligand10582-0
668,YIMNOX__ligand6882-0
669,YIMNOX__ligand6455-0
670,YIMNOX__ligand11252-0
671,YIMNOX__ligand3934-0
672,YIMNOX__ligand31000-0
673,YIMNOX__ligand4332-0
674,YIMNOX__ligand9681-0
675,YIMNOX__ligand11606-0
676,YIMNOX__ligand7530-0
677,YIMNOX__ligand20821-0
678,YIMNOX__ligand1065-0
679,YIMNOX__ligand38-0
680,YIMNOX__ligand1449-0
681,YIMNOX__ligand26673-0
682,YIMNOX__ligand1-0
683,YIMNOX__ligand3012-0
684,YIMNOX__ligand19668-0
685,YIMNOX__ligand656-0
686,YIMNOX__ligand2599-0
687,YIMNOX__ligand19906-0
688,YIMNOX__ligand4330-0
689,YIMNOX__ligand3-0
690,YIMNOX__ligand4194-0
691,YIMNOX__ligand7532-0
692,YIMNOX__ligand22353-0
693,YIMNOX__ligand42-0
694,YIMNOX__ligand2068-0
695,YIMNOX__ligand7925-0
696,YIMNOX__ligand3973-0
697,YIMNOX__ligand1147-0
698,YIMNOX__ligand696-0
699,YIMNOX__ligand10151-0
700,YIMNOX__ligand7107-0
701,YIMNOX__ligand383-0
702,YIMNOX__ligand29813-0
703,YIMNOX__ligand16952-0
704,YIMNOX__ligand416-0
705,YIMNOX__ligand66-0
706,YIMNOX__ligand226-0
707,YIMNOX__ligand15387-0
708,YIMNOX__ligand20121-0
709,YIMNOX__ligand3215-0
710,YIMNOX__ligand162-0
711,YIMNOX__ligand20220-0
712,YIMNOX__ligand11698-0
713,YIMNOX__ligand20530-0
714,YIMNOX__ligand6062-0
715,YIMNOX__ligand13657-0
716,YIMNOX__ligand14347-0
717,YIMNOX__ligand14302-0
718,YIMNOX__ligand5813-0
719,YIMNOX__ligand24851-0
720,YIMNOX__ligand4813-0
721,YIMNOX__ligand4738-0
722,YIMNOX__ligand10853-0
723,YIMNOX__ligand29441-0
724,YIMNOX__ligand11479-0
725,YIMNOX__ligand6283-0
726,YIMNOX__ligand10479-0
727,YIMNOX__ligand27610-0
728,YIMNOX__ligand18158-0
729,YIMNOX__ligand27771-0
730,YIMNOX__ligand5094-0
731,YIMNOX__ligand5892-0
732,YIMNOX__ligand29565-0
733,YIMNOX__ligand23682-0
734,YIMNOX__ligand4131-0
735,YIMNOX__ligand1712-0
736,YIMNOX__ligand14226-0
737,YIMNOX__ligand21339-0
738,YIMNOX__ligand16956-0
739,YIMNOX__ligand20942-1
740,YIMNOX__ligand497-0
741,YIMNOX__ligand7557-0
742,YIMNOX__ligand1496-0
743,YIMNOX__ligand27550-0
744,YIMNOX__ligand18019-1
745,YIMNOX__ligand14007-0
746,YIMNOX__ligand1533-0
747,YIMNOX__ligand633-0
748,YIMNOX__ligand7573-0
749,YIMNOX__ligand11758-0
750,YIMNOX__ligand2781-0
751,YIMNOX__ligand22357-0
752,YIMNOX__ligand3350-0
753,YIMNOX__ligand326-0
754,YIMNOX__ligand6672-0
755,YIMNOX__ligand9809-0
756,YIMNOX__ligand1327-0
757,YIMNOX__ligand8722-0
758,YIMNOX__ligand21448-0
759,YIMNOX__ligand11501-0
760,YIMNOX__ligand11544-0
761,YIMNOX__ligand3208-0
762,YIMNOX__ligand2208-0
763,YIMNOX__ligand29214-0
764,YIMNOX__ligand1900-0
765,YIMNOX__ligand692-0
766,YIMNOX__ligand9197-0
767,YIMNOX__ligand17445-0
768,YIMNOX__ligand17069-0
769,YIMNOX__ligand14477-0
770,YIMNOX__ligand3029-0
771,YIMNOX__ligand7162-0
772,YIMNOX__ligand11798-0
773,YIMNOX__ligand29334-0
774,YIMNOX__ligand436-0
775,YIMNOX__ligand2328-0
776,YIMNOX__ligand12413-0
777,YIMNOX__ligand1773-0
778,YIMNOX__ligand20731-0
779,YIMNOX__ligand4581-0
780,YIMNOX__ligand5849-0
781,YIMNOX__ligand25048-0
782,YIMNOX__ligand21940-0
783,YIMNOX__ligand1771-0
784,YIMNOX__ligand4911-0
785,YIMNOX__ligand24953-0
786,YIMNOX__ligand23445-0
787,YIMNOX__ligand27122-0
788,YIMNOX__ligand20432-0
789,YIMNOX__ligand3392-0
790,YIMNOX__ligand16133-0
791,YIMNOX__ligand13755-0
792,YIMNOX__ligand1709-0
793,YIMNOX__ligand361-0
794,YIMNOX__ligand8464-0
795,YIMNOX__ligand324-0
796,YIMNOX__ligand409-0
797,YIMNOX__ligand8349-0
798,YIMNOX__ligand2527-0
799,YIMNOX__ligand30004-0
800,YIMNOX__ligand20557-0
801,YIMNOX__ligand24624-0
802,YIMNOX__ligand18413-0
803,YIMNOX__ligand20844-0
804,YIMNOX__ligand18-0
805,YIMNOX__ligand1768-0
806,YIMNOX__ligand300-0
807,YIMNOX__ligand24560-0
808,YIMNOX__ligand3871-0
809,YIMNOX__ligand18757-0
810,YIMNOX__ligand1469-0
811,YIMNOX__ligand1688-0
812,YIMNOX__ligand588-0
813,YIMNOX__ligand5357-0
814,YIMNOX__ligand3647-0
815,YIMNOX__ligand5056-0
816,YIMNOX__ligand4850-0
817,YIMNOX__ligand1165-0
818,YIMNOX__ligand199-0
819,YIMNOX__ligand13691-0
820,YIMNOX__ligand30788-0
821,YIMNOX__ligand9525-0
822,YIMNOX__ligand3157-0
823,YIMNOX__ligand14339-0
824,YIMNOX__ligand1379-0
825,YIMNOX__ligand2722-0
826,YIMNOX__ligand21752-0
827,YIMNOX__ligand5935-0
