,TMC
0,MUNFEG__ligand8612-0
1,MUNFEG__ligand12934-0
2,MUNFEG__ligand20578-0
3,MUNFEG__ligand15422-0
4,MUNFEG__ligand19641-0
5,MUNFEG__ligand2124-0
6,MUNFEG__ligand14723-0
7,MUNFEG__ligand4-0
8,MUNFEG__ligand1153-0
9,MUNFEG__ligand3225-0
10,MUNFEG__ligand1116-0
11,MUNFEG__ligand7092-0
12,MUNFEG__ligand27893-0
13,MUNFEG__ligand2260-0
14,MUNFEG__ligand7273-0
15,MUNFEG__ligand163-0
16,MUNFEG__ligand30988-0
17,MUNFEG__ligand126-0
18,MUNFEG__ligand9323-0
19,MUNFEG__ligand23713-0
20,MUNFEG__ligand27175-0
21,MUNFEG__ligand7172-0
22,MUNFEG__ligand18832-0
23,MUNFEG__ligand13012-0
24,MUNFEG__ligand17631-0
25,MUNFEG__ligand5180-0
26,MUNFEG__ligand26665-0
27,MUNFEG__ligand14603-0
28,MUNFEG__ligand14297-0
29,MUNFEG__ligand17258-0
30,MUNFEG__ligand48-0
31,MUNFEG__ligand7316-0
32,MUNFEG__ligand31783-0
33,MUNFEG__ligand845-0
34,MUNFEG__ligand5708-0
35,MUNFEG__ligand6017-0
36,MUNFEG__ligand7196-0
37,MUNFEG__ligand26540-0
38,MUNFEG__ligand29410-0
39,MUNFEG__ligand657-0
40,MUNFEG__ligand12337-0
41,MUNFEG__ligand5159-0
42,MUNFEG__ligand30296-0
43,MUNFEG__ligand5530-0
44,MUNFEG__ligand1787-0
45,MUNFEG__ligand1356-0
46,MUNFEG__ligand9753-0
47,MUNFEG__ligand187-0
48,MUNFEG__ligand17281-0
49,MUNFEG__ligand3178-0
50,MUNFEG__ligand91-0
51,MUNFEG__ligand12606-0
52,MUNFEG__ligand366-0
53,MUNFEG__ligand30333-0
54,MUNFEG__ligand4807-0
55,MUNFEG__ligand4711-0
56,MUNFEG__ligand3244-0
57,MUNFEG__ligand27460-0
58,MUNFEG__ligand51-0
59,MUNFEG__ligand777-0
60,MUNFEG__ligand2906-0
61,MUNFEG__ligand16628-0
62,MUNFEG__ligand8793-0
63,MUNFEG__ligand12427-0
64,MUNFEG__ligand596-0
65,MUNFEG__ligand5649-0
66,MUNFEG__ligand941-0
67,MUNFEG__ligand2788-0
68,MUNFEG__ligand4649-0
69,MUNFEG__ligand20740-0
70,MUNFEG__ligand28468-0
71,MUNFEG__ligand28676-0
72,MUNFEG__ligand10262-0
73,MUNFEG__ligand27763-0
74,MUNFEG__ligand16-0
75,MUNFEG__ligand1289-0
76,MUNFEG__ligand2203-0
77,MUNFEG__ligand5387-0
78,MUNFEG__ligand13425-0
79,MUNFEG__ligand29302-0
80,MUNFEG__ligand19057-0
81,MUNFEG__ligand18814-0
82,MUNFEG__ligand201-0
83,MUNFEG__ligand185-0
84,MUNFEG__ligand279-0
85,MUNFEG__ligand9450-0
86,MUNFEG__ligand178-0
87,MUNFEG__ligand14108-0
88,MUNFEG__ligand10958-0
89,MUNFEG__ligand1599-0
90,MUNFEG__ligand2612-0
91,MUNFEG__ligand12641-0
92,MUNFEG__ligand321-0
93,MUNFEG__ligand8788-0
94,MUNFEG__ligand1832-0
95,MUNFEG__ligand25178-0
96,MUNFEG__ligand2043-0
97,MUNFEG__ligand24185-0
98,MUNFEG__ligand23769-0
99,MUNFEG__ligand1228-0
100,MUNFEG__ligand9943-0
101,MUNFEG__ligand17805-0
102,MUNFEG__ligand17302-0
103,MUNFEG__ligand1604-0
104,MUNFEG__ligand1114-0
105,MUNFEG__ligand32-0
106,MUNFEG__ligand12231-0
107,MUNFEG__ligand26702-0
108,MUNFEG__ligand6391-0
109,MUNFEG__ligand3126-0
110,MUNFEG__ligand13658-0
111,MUNFEG__ligand18292-0
112,MUNFEG__ligand12289-0
113,MUNFEG__ligand338-0
114,MUNFEG__ligand12130-0
115,MUNFEG__ligand17387-0
116,MUNFEG__ligand9284-0
117,MUNFEG__ligand10476-0
118,MUNFEG__ligand13068-0
119,MUNFEG__ligand19830-0
120,MUNFEG__ligand12401-0
121,MUNFEG__ligand15585-0
122,MUNFEG__ligand24145-0
123,MUNFEG__ligand2417-0
124,MUNFEG__ligand1168-0
125,MUNFEG__ligand768-0
126,MUNFEG__ligand1294-0
127,MUNFEG__ligand13208-0
128,MUNFEG__ligand27482-0
129,MUNFEG__ligand3632-0
130,MUNFEG__ligand26810-0
131,MUNFEG__ligand3677-0
132,MUNFEG__ligand6699-0
133,MUNFEG__ligand1499-0
134,MUNFEG__ligand2881-0
135,MUNFEG__ligand13390-0
136,MUNFEG__ligand3712-0
137,MUNFEG__ligand1464-0
138,MUNFEG__ligand1211-0
139,MUNFEG__ligand20682-0
140,MUNFEG__ligand6892-0
141,MUNFEG__ligand384-0
142,MUNFEG__ligand3736-0
143,MUNFEG__ligand240-0
144,MUNFEG__ligand8000-0
145,MUNFEG__ligand11456-0
146,MUNFEG__ligand141-0
147,MUNFEG__ligand10712-0
148,MUNFEG__ligand9344-0
149,MUNFEG__ligand14174-0
150,MUNFEG__ligand57-0
151,MUNFEG__ligand2693-0
152,MUNFEG__ligand5383-0
153,MUNFEG__ligand3945-0
154,MUNFEG__ligand25411-0
155,MUNFEG__ligand9299-0
156,MUNFEG__ligand31832-0
157,MUNFEG__ligand13294-0
158,MUNFEG__ligand2985-0
159,MUNFEG__ligand4007-0
160,MUNFEG__ligand13331-0
161,MUNFEG__ligand3677-1
162,MUNFEG__ligand9883-0
163,MUNFEG__ligand28884-0
164,MUNFEG__ligand12030-0
165,MUNFEG__ligand7291-0
166,MUNFEG__ligand14248-0
167,MUNFEG__ligand29879-0
168,MUNFEG__ligand11675-0
169,MUNFEG__ligand20598-0
170,MUNFEG__ligand2238-0
171,MUNFEG__ligand22557-0
172,MUNFEG__ligand10589-0
173,MUNFEG__ligand68-0
174,MUNFEG__ligand24047-0
175,MUNFEG__ligand9167-0
176,MUNFEG__ligand5304-0
177,MUNFEG__ligand17398-0
178,MUNFEG__ligand2822-0
179,MUNFEG__ligand7293-0
180,MUNFEG__ligand1317-0
181,MUNFEG__ligand3867-0
182,MUNFEG__ligand17278-0
183,MUNFEG__ligand20011-0
184,MUNFEG__ligand29414-0
185,MUNFEG__ligand17982-0
186,MUNFEG__ligand20251-1
187,MUNFEG__ligand693-0
188,MUNFEG__ligand5509-0
189,MUNFEG__ligand8002-0
190,MUNFEG__ligand6117-0
191,MUNFEG__ligand1407-0
192,MUNFEG__ligand7762-0
193,MUNFEG__ligand5080-0
194,MUNFEG__ligand55-0
195,MUNFEG__ligand16475-0
196,MUNFEG__ligand14703-0
197,MUNFEG__ligand4101-0
198,MUNFEG__ligand5595-0
199,MUNFEG__ligand17261-0
200,MUNFEG__ligand122-0
201,MUNFEG__ligand14117-0
202,MUNFEG__ligand757-0
203,MUNFEG__ligand34-0
204,MUNFEG__ligand31097-0
205,MUNFEG__ligand21581-0
206,MUNFEG__ligand2221-0
207,MUNFEG__ligand20539-0
208,MUNFEG__ligand4358-0
209,MUNFEG__ligand3120-0
210,MUNFEG__ligand3926-0
211,MUNFEG__ligand20214-0
212,MUNFEG__ligand30702-0
213,MUNFEG__ligand20251-0
214,MUNFEG__ligand30851-0
215,MUNFEG__ligand1197-0
216,MUNFEG__ligand14889-0
217,MUNFEG__ligand5099-0
218,MUNFEG__ligand8592-0
219,MUNFEG__ligand1296-0
220,MUNFEG__ligand29568-0
221,MUNFEG__ligand2259-0
222,MUNFEG__ligand28789-0
223,MUNFEG__ligand9773-0
224,MUNFEG__ligand20419-0
225,MUNFEG__ligand17118-0
226,MUNFEG__ligand5510-0
227,MUNFEG__ligand21371-0
228,MUNFEG__ligand1376-0
229,MUNFEG__ligand3557-0
230,MUNFEG__ligand3980-0
231,MUNFEG__ligand1149-0
232,MUNFEG__ligand7075-0
233,MUNFEG__ligand15438-0
234,MUNFEG__ligand28924-0
235,MUNFEG__ligand9750-0
236,MUNFEG__ligand18703-0
237,MUNFEG__ligand29087-0
238,MUNFEG__ligand1779-0
239,MUNFEG__ligand1817-0
240,MUNFEG__ligand6993-0
241,MUNFEG__ligand4167-0
242,MUNFEG__ligand17207-0
243,MUNFEG__ligand31578-0
244,MUNFEG__ligand1400-0
245,MUNFEG__ligand4266-0
246,MUNFEG__ligand18013-0
247,MUNFEG__ligand25224-0
248,MUNFEG__ligand17945-0
249,MUNFEG__ligand694-0
250,MUNFEG__ligand9491-0
251,MUNFEG__ligand430-0
252,MUNFEG__ligand358-0
253,MUNFEG__ligand17-0
254,MUNFEG__ligand1288-0
255,MUNFEG__ligand24750-0
256,MUNFEG__ligand488-0
257,MUNFEG__ligand10432-0
258,MUNFEG__ligand11432-0
259,MUNFEG__ligand31618-0
260,MUNFEG__ligand4207-0
261,MUNFEG__ligand22755-0
262,MUNFEG__ligand3416-0
263,MUNFEG__ligand29898-0
264,MUNFEG__ligand3453-0
265,MUNFEG__ligand26277-0
266,MUNFEG__ligand1150-0
267,MUNFEG__ligand1539-0
268,MUNFEG__ligand23589-0
269,MUNFEG__ligand7438-0
270,MUNFEG__ligand8200-0
271,MUNFEG__ligand4063-0
272,MUNFEG__ligand24064-0
273,MUNFEG__ligand15168-0
274,MUNFEG__ligand670-0
275,MUNFEG__ligand3042-0
276,MUNFEG__ligand534-0
277,MUNFEG__ligand571-0
278,MUNFEG__ligand49-0
279,MUNFEG__ligand31483-0
280,MUNFEG__ligand10555-0
281,MUNFEG__ligand5515-0
282,MUNFEG__ligand6663-0
283,MUNFEG__ligand19725-0
284,MUNFEG__ligand5614-0
285,MUNFEG__ligand5280-0
286,MUNFEG__ligand1831-0
287,MUNFEG__ligand24613-0
288,MUNFEG__ligand162-0
289,MUNFEG__ligand1849-0
290,MUNFEG__ligand14586-0
291,MUNFEG__ligand11774-0
292,MUNFEG__ligand21421-0
293,MUNFEG__ligand226-0
294,MUNFEG__ligand17710-0
295,MUNFEG__ligand20579-0
296,MUNFEG__ligand416-0
297,MUNFEG__ligand1216-0
298,MUNFEG__ligand11568-0
299,MUNFEG__ligand89-0
300,MUNFEG__ligand5019-0
301,MUNFEG__ligand383-0
302,MUNFEG__ligand3261-0
303,MUNFEG__ligand1152-0
304,MUNFEG__ligand8042-0
305,MUNFEG__ligand696-0
306,MUNFEG__ligand17590-0
307,MUNFEG__ligand6112-0
308,MUNFEG__ligand17240-0
309,MUNFEG__ligand1828-0
310,MUNFEG__ligand1397-0
311,MUNFEG__ligand7213-0
312,MUNFEG__ligand4710-0
313,MUNFEG__ligand5755-0
314,MUNFEG__ligand18699-0
315,MUNFEG__ligand12682-0
316,MUNFEG__ligand3144-0
317,MUNFEG__ligand5085-0
318,MUNFEG__ligand4795-0
319,MUNFEG__ligand3285-0
320,MUNFEG__ligand1908-0
321,MUNFEG__ligand5630-0
322,MUNFEG__ligand656-0
323,MUNFEG__ligand12336-0
324,MUNFEG__ligand1786-0
325,MUNFEG__ligand13072-0
326,MUNFEG__ligand23904-0
327,MUNFEG__ligand5415-0
328,MUNFEG__ligand436-0
329,MUNFEG__ligand21936-0
330,MUNFEG__ligand11-0
331,MUNFEG__ligand13257-0
332,MUNFEG__ligand12467-0
333,MUNFEG__ligand4124-0
334,MUNFEG__ligand3471-0
335,MUNFEG__ligand4161-0
336,MUNFEG__ligand692-0
337,MUNFEG__ligand10084-0
338,MUNFEG__ligand25267-0
339,MUNFEG__ligand18391-0
340,MUNFEG__ligand2823-0
341,MUNFEG__ligand14523-0
342,MUNFEG__ligand27169-0
343,MUNFEG__ligand6995-0
344,MUNFEG__ligand20599-0
345,MUNFEG__ligand22981-0
346,MUNFEG__ligand69-0
347,MUNFEG__ligand25805-0
348,MUNFEG__ligand3180-0
349,MUNFEG__ligand326-0
350,MUNFEG__ligand2650-0
351,MUNFEG__ligand27074-0
352,MUNFEG__ligand2281-0
353,MUNFEG__ligand4340-0
354,MUNFEG__ligand633-0
355,MUNFEG__ligand18799-0
356,MUNFEG__ligand18465-0
357,MUNFEG__ligand7566-0
358,MUNFEG__ligand2001-0
359,MUNFEG__ligand28668-0
360,MUNFEG__ligand9944-0
361,MUNFEG__ligand8593-0
362,MUNFEG__ligand16791-0
363,MUNFEG__ligand497-0
364,MUNFEG__ligand8553-0
365,MUNFEG__ligand11140-0
366,MUNFEG__ligand1-0
367,MUNFEG__ligand1113-0
368,MUNFEG__ligand29610-0
369,MUNFEG__ligand13869-0
370,MUNFEG__ligand5201-0
371,MUNFEG__ligand18074-0
372,MUNFEG__ligand29863-0
373,MUNFEG__ligand23124-0
374,MUNFEG__ligand9615-0
375,MUNFEG__ligand11206-0
376,MUNFEG__ligand1154-0
377,MUNFEG__ligand25735-0
378,MUNFEG__ligand12519-0
379,MUNFEG__ligand3-0
380,MUNFEG__ligand1498-0
381,MUNFEG__ligand4596-0
382,MUNFEG__ligand199-0
383,MUNFEG__ligand25650-0
384,MUNFEG__ligand588-0
385,MUNFEG__ligand31248-0
386,MUNFEG__ligand1169-0
387,MUNFEG__ligand8529-0
388,MUNFEG__ligand19257-0
389,MUNFEG__ligand13209-0
390,MUNFEG__ligand12660-0
391,MUNFEG__ligand300-0
392,MUNFEG__ligand1050-0
393,MUNFEG__ligand1015-0
394,MUNFEG__ligand25689-0
395,MUNFEG__ligand2027-0
396,MUNFEG__ligand25575-0
397,MUNFEG__ligand21787-0
398,MUNFEG__ligand409-0
399,MUNFEG__ligand27835-0
400,MUNFEG__ligand361-0
401,MUNFEG__ligand12295-0
402,MUNFEG__ligand324-0
403,MUNFEG__ligand11166-0
404,MUNFEG__ligand1618-0
405,MUNFEG__ligand21132-0
406,MUNFEG__ligand2692-0
407,MUNFEG__ligand23906-0
408,MUNFEG__ligand4262-0
409,MUNFEG__ligand30539-0
410,MUNFEG__ligand1028-0
411,MUNFEG__ligand2527-0
412,MUNFEG__ligand30004-0
413,MUNFEG__ligand20557-0
414,MUNFEG__ligand560-0
415,MUNFEG__ligand8349-0
416,MUNFEG__ligand8464-0
417,MUNFEG__ligand1709-0
418,MUNFEG__ligand134-0
419,MUNFEG__ligand4911-0
420,MUNFEG__ligand24953-0
421,MUNFEG__ligand1771-0
422,MUNFEG__ligand23445-0
423,MUNFEG__ligand13755-0
424,MUNFEG__ligand16133-0
425,MUNFEG__ligand235-0
426,MUNFEG__ligand27122-0
427,MUNFEG__ligand20432-0
428,MUNFEG__ligand3392-0
429,MUNFEG__ligand21940-0
430,MUNFEG__ligand67-0
431,MUNFEG__ligand5849-0
432,MUNFEG__ligand25048-0
433,MUNFEG__ligand2722-0
434,MUNFEG__ligand1379-0
435,MUNFEG__ligand685-0
436,MUNFEG__ligand5935-0
437,MUNFEG__ligand21752-0
438,MUNFEG__ligand9525-0
439,MUNFEG__ligand13691-0
440,MUNFEG__ligand43-0
441,MUNFEG__ligand30788-0
442,MUNFEG__ligand1165-0
443,MUNFEG__ligand421-0
444,MUNFEG__ligand14339-0
445,MUNFEG__ligand3157-0
446,MUNFEG__ligand3647-0
447,MUNFEG__ligand5357-0
448,MUNFEG__ligand1688-0
449,MUNFEG__ligand4850-0
450,MUNFEG__ligand5056-0
451,MUNFEG__ligand294-0
452,MUNFEG__ligand1768-0
453,MUNFEG__ligand24624-0
454,MUNFEG__ligand18413-0
455,MUNFEG__ligand20844-0
456,MUNFEG__ligand1469-0
457,MUNFEG__ligand24560-0
458,MUNFEG__ligand3871-0
459,MUNFEG__ligand18757-0
460,MUNFEG__ligand14007-0
461,MUNFEG__ligand18019-1
462,MUNFEG__ligand1533-0
463,MUNFEG__ligand197-0
464,MUNFEG__ligand1496-0
465,MUNFEG__ligand27550-0
466,MUNFEG__ligand7557-0
467,MUNFEG__ligand1712-0
468,MUNFEG__ligand4131-0
469,MUNFEG__ligand14226-0
470,MUNFEG__ligand21339-0
471,MUNFEG__ligand16956-0
472,MUNFEG__ligand20942-1
473,MUNFEG__ligand5892-0
474,MUNFEG__ligand27771-0
475,MUNFEG__ligand5094-0
476,MUNFEG__ligand18158-0
477,MUNFEG__ligand23682-0
478,MUNFEG__ligand29565-0
479,MUNFEG__ligand7162-0
480,MUNFEG__ligand11798-0
481,MUNFEG__ligand3029-0
482,MUNFEG__ligand20731-0
483,MUNFEG__ligand4581-0
484,MUNFEG__ligand1773-0
485,MUNFEG__ligand29334-0
486,MUNFEG__ligand2328-0
487,MUNFEG__ligand12413-0
488,MUNFEG__ligand9197-0
489,MUNFEG__ligand17445-0
490,MUNFEG__ligand868-0
491,MUNFEG__ligand1900-0
492,MUNFEG__ligand14477-0
493,MUNFEG__ligand17069-0
494,MUNFEG__ligand783-0
495,MUNFEG__ligand352-0
496,MUNFEG__ligand11501-0
497,MUNFEG__ligand11544-0
498,MUNFEG__ligand2208-0
499,MUNFEG__ligand29214-0
500,MUNFEG__ligand3208-0
501,MUNFEG__ligand3350-0
502,MUNFEG__ligand11758-0
503,MUNFEG__ligand2781-0
504,MUNFEG__ligand22357-0
505,MUNFEG__ligand7573-0
506,MUNFEG__ligand8722-0
507,MUNFEG__ligand21448-0
508,MUNFEG__ligand1327-0
509,MUNFEG__ligand9809-0
510,MUNFEG__ligand6672-0
511,MUNFEG__ligand3973-0
512,MUNFEG__ligand24-0
513,MUNFEG__ligand10151-0
514,MUNFEG__ligand1147-0
515,MUNFEG__ligand177-0
516,MUNFEG__ligand7925-0
517,MUNFEG__ligand2068-0
518,MUNFEG__ligand4194-0
519,MUNFEG__ligand7532-0
520,MUNFEG__ligand22353-0
521,MUNFEG__ligand909-0
522,MUNFEG__ligand19-0
523,MUNFEG__ligand4330-0
524,MUNFEG__ligand19906-0
525,MUNFEG__ligand2599-0
526,MUNFEG__ligand19668-0
527,MUNFEG__ligand10853-0
528,MUNFEG__ligand29441-0
529,MUNFEG__ligand6283-0
530,MUNFEG__ligand11479-0
531,MUNFEG__ligand10479-0
532,MUNFEG__ligand27610-0
533,MUNFEG__ligand193-0
534,MUNFEG__ligand372-0
535,MUNFEG__ligand13657-0
536,MUNFEG__ligand14347-0
537,MUNFEG__ligand14302-0
538,MUNFEG__ligand11698-0
539,MUNFEG__ligand6062-0
540,MUNFEG__ligand20530-0
541,MUNFEG__ligand830-0
542,MUNFEG__ligand4738-0
543,MUNFEG__ligand4813-0
544,MUNFEG__ligand24851-0
545,MUNFEG__ligand78-0
546,MUNFEG__ligand5813-0
547,MUNFEG__ligand20121-0
548,MUNFEG__ligand3215-0
549,MUNFEG__ligand15387-0
550,MUNFEG__ligand45-0
551,MUNFEG__ligand20220-0
552,MUNFEG__ligand29813-0
553,MUNFEG__ligand16952-0
554,MUNFEG__ligand252-0
555,MUNFEG__ligand7107-0
556,MUNFEG__ligand116-0
557,MUNFEG__ligand15455-0
558,MUNFEG__ligand9148-0
559,MUNFEG__ligand11177-0
560,MUNFEG__ligand31205-0
561,MUNFEG__ligand17686-0
562,MUNFEG__ligand25658-0
563,MUNFEG__ligand7529-0
564,MUNFEG__ligand6946-0
565,MUNFEG__ligand1415-0
566,MUNFEG__ligand250-0
567,MUNFEG__ligand16603-0
568,MUNFEG__ligand2830-0
569,MUNFEG__ligand11814-0
570,MUNFEG__ligand1729-0
571,MUNFEG__ligand5627-0
572,MUNFEG__ligand5483-0
573,MUNFEG__ligand11622-0
574,MUNFEG__ligand5316-0
575,MUNFEG__ligand370-0
576,MUNFEG__ligand16870-0
577,MUNFEG__ligand1065-0
578,MUNFEG__ligand20821-0
579,MUNFEG__ligand7530-0
580,MUNFEG__ligand370-1
581,MUNFEG__ligand620-0
582,MUNFEG__ligand26673-0
583,MUNFEG__ligand3012-0
584,MUNFEG__ligand564-0
585,MUNFEG__ligand1449-0
586,MUNFEG__ligand311-0
587,MUNFEG__ligand785-0
588,MUNFEG__ligand31000-0
589,MUNFEG__ligand4332-0
590,MUNFEG__ligand479-0
591,MUNFEG__ligand11606-0
592,MUNFEG__ligand9681-0
593,MUNFEG__ligand6455-0
594,MUNFEG__ligand6882-0
595,MUNFEG__ligand13260-0
596,MUNFEG__ligand10582-0
597,MUNFEG__ligand3934-0
598,MUNFEG__ligand11252-0
599,MUNFEG__ligand18067-0
600,MUNFEG__ligand188-0
601,MUNFEG__ligand19824-0
602,MUNFEG__ligand2403-0
603,MUNFEG__ligand2917-0
604,MUNFEG__ligand7819-0
605,MUNFEG__ligand422-0
606,MUNFEG__ligand11618-0
607,MUNFEG__ligand26529-0
608,MUNFEG__ligand3465-0
609,MUNFEG__ligand686-0
610,MUNFEG__ligand6596-0
611,MUNFEG__ligand6904-0
612,MUNFEG__ligand3721-0
613,MUNFEG__ligand6102-0
614,MUNFEG__ligand196-0
615,MUNFEG__ligand4620-0
616,MUNFEG__ligand27239-0
617,MUNFEG__ligand21729-0
618,MUNFEG__ligand14043-0
619,MUNFEG__ligand26324-0
620,MUNFEG__ligand28559-0
621,MUNFEG__ligand38-0
622,MUNFEG__ligand6067-0
623,MUNFEG__ligand19927-0
624,MUNFEG__ligand1577-0
625,MUNFEG__ligand2295-0
626,MUNFEG__ligand10872-0
627,MUNFEG__ligand21399-0
628,MUNFEG__ligand4641-0
629,MUNFEG__ligand12003-0
630,MUNFEG__ligand26631-0
631,MUNFEG__ligand16148-0
632,MUNFEG__ligand353-0
633,MUNFEG__ligand29215-0
634,MUNFEG__ligand11111-0
635,MUNFEG__ligand393-0
636,MUNFEG__ligand28540-0
637,MUNFEG__ligand3234-0
638,MUNFEG__ligand1142-0
639,MUNFEG__ligand16369-0
640,MUNFEG__ligand20695-0
641,MUNFEG__ligand27754-0
642,MUNFEG__ligand7126-0
643,MUNFEG__ligand8835-0
644,MUNFEG__ligand2028-0
645,MUNFEG__ligand22403-0
646,MUNFEG__ligand15788-0
647,MUNFEG__ligand23175-0
648,MUNFEG__ligand9601-0
649,MUNFEG__ligand17396-0
650,MUNFEG__ligand13220-0
651,MUNFEG__ligand11587-0
652,MUNFEG__ligand391-0
653,MUNFEG__ligand8992-0
654,MUNFEG__ligand66-0
655,MUNFEG__ligand1018-0
656,MUNFEG__ligand22444-0
657,MUNFEG__ligand618-0
658,MUNFEG__ligand4116-0
659,MUNFEG__ligand24111-0
660,MUNFEG__ligand13385-0
661,MUNFEG__ligand7967-0
662,MUNFEG__ligand3707-0
663,MUNFEG__ligand14569-0
664,MUNFEG__ligand6124-0
665,MUNFEG__ligand1324-0
666,MUNFEG__ligand8721-0
667,MUNFEG__ligand12001-0
668,MUNFEG__ligand1823-0
669,MUNFEG__ligand24644-0
670,MUNFEG__ligand5643-0
671,MUNFEG__ligand10033-0
672,MUNFEG__ligand813-0
673,MUNFEG__ligand1615-0
674,MUNFEG__ligand24872-0
675,MUNFEG__ligand5036-0
676,MUNFEG__ligand2526-0
677,MUNFEG__ligand780-0
678,MUNFEG__ligand30728-0
679,MUNFEG__ligand314-0
680,MUNFEG__ligand9111-0
681,MUNFEG__ligand9952-0
682,MUNFEG__ligand27840-0
683,MUNFEG__ligand9441-0
684,MUNFEG__ligand2332-0
685,MUNFEG__ligand314-1
686,MUNFEG__ligand25561-0
687,MUNFEG__ligand1530-0
688,MUNFEG__ligand24780-0
689,MUNFEG__ligand1575-0
690,MUNFEG__ligand12138-0
691,MUNFEG__ligand22129-0
692,MUNFEG__ligand9933-0
693,MUNFEG__ligand1631-0
694,MUNFEG__ligand11949-0
695,MUNFEG__ligand42-0
696,MUNFEG__ligand17427-0
697,MUNFEG__ligand465-0
698,MUNFEG__ligand2915-0
699,MUNFEG__ligand3156-0
700,MUNFEG__ligand29486-0
701,MUNFEG__ligand1378-0
702,MUNFEG__ligand6244-0
703,MUNFEG__ligand31694-0
704,MUNFEG__ligand4016-0
705,MUNFEG__ligand833-0
706,MUNFEG__ligand21919-0
707,MUNFEG__ligand7867-0
708,MUNFEG__ligand22294-0
709,MUNFEG__ligand22168-0
710,MUNFEG__ligand28930-0
711,MUNFEG__ligand6709-0
712,MUNFEG__ligand1219-0
713,MUNFEG__ligand28743-0
714,MUNFEG__ligand15531-0
715,MUNFEG__ligand11357-0
716,MUNFEG__ligand13862-0
717,MUNFEG__ligand1790-0
718,MUNFEG__ligand1304-0
719,MUNFEG__ligand7280-0
720,MUNFEG__ligand7238-0
721,MUNFEG__ligand12365-0
722,MUNFEG__ligand10056-0
723,MUNFEG__ligand10828-0
724,MUNFEG__ligand19792-0
725,MUNFEG__ligand9784-0
726,MUNFEG__ligand115-0
727,MUNFEG__ligand15926-0
728,MUNFEG__ligand1451-0
729,MUNFEG__ligand24230-0
730,MUNFEG__ligand4272-0
731,MUNFEG__ligand11096-0
732,MUNFEG__ligand11447-0
733,MUNFEG__ligand28810-0
734,MUNFEG__ligand7629-0
735,MUNFEG__ligand15883-0
736,MUNFEG__ligand4093-0
737,MUNFEG__ligand4442-0
738,MUNFEG__ligand3954-0
739,MUNFEG__ligand9520-0
740,MUNFEG__ligand11970-0
741,MUNFEG__ligand8699-0
742,MUNFEG__ligand1160-0
743,MUNFEG__ligand9833-0
744,MUNFEG__ligand8876-0
745,MUNFEG__ligand2828-0
746,MUNFEG__ligand7648-0
747,MUNFEG__ligand5256-0
748,MUNFEG__ligand25913-0
749,MUNFEG__ligand16988-0
750,MUNFEG__ligand4157-0
751,MUNFEG__ligand2232-0
752,MUNFEG__ligand395-0
753,MUNFEG__ligand2176-0
754,MUNFEG__ligand368-0
755,MUNFEG__ligand20207-0
756,MUNFEG__ligand30711-0
757,MUNFEG__ligand9291-0
758,MUNFEG__ligand11682-0
759,MUNFEG__ligand784-0
760,MUNFEG__ligand8115-0
761,MUNFEG__ligand6768-0
762,MUNFEG__ligand11994-0
763,MUNFEG__ligand31044-0
764,MUNFEG__ligand1982-0
765,MUNFEG__ligand31842-0
766,MUNFEG__ligand7000-0
767,MUNFEG__ligand24035-0
768,MUNFEG__ligand1285-0
769,MUNFEG__ligand14614-0
770,MUNFEG__ligand4503-0
771,MUNFEG__ligand4546-0
772,MUNFEG__ligand16663-0
773,MUNFEG__ligand3565-0
774,MUNFEG__ligand18-0
775,MUNFEG__ligand18568-0
776,MUNFEG__ligand487-0
777,MUNFEG__ligand28685-0
778,MUNFEG__ligand1512-0
779,MUNFEG__ligand5331-0
780,MUNFEG__ligand13672-0
781,MUNFEG__ligand10371-0
782,MUNFEG__ligand6919-0
783,MUNFEG__ligand3852-0
784,MUNFEG__ligand2485-0
785,MUNFEG__ligand28459-0
786,MUNFEG__ligand4155-0
787,MUNFEG__ligand3094-0
788,MUNFEG__ligand12453-0
789,MUNFEG__ligand18448-0
790,MUNFEG__ligand176-0
791,MUNFEG__ligand5211-0
792,MUNFEG__ligand6839-0
793,MUNFEG__ligand447-0
794,MUNFEG__ligand8969-0
795,MUNFEG__ligand3937-0
796,MUNFEG__ligand1202-0
797,MUNFEG__ligand3174-0
798,MUNFEG__ligand3131-0
799,MUNFEG__ligand746-0
800,MUNFEG__ligand4720-0
801,MUNFEG__ligand19184-0
802,MUNFEG__ligand27669-0
803,MUNFEG__ligand7106-0
804,MUNFEG__ligand30142-0
805,MUNFEG__ligand14167-0
806,MUNFEG__ligand13477-0
807,MUNFEG__ligand152-0
808,MUNFEG__ligand7242-0
809,MUNFEG__ligand9908-0
810,MUNFEG__ligand1263-0
811,MUNFEG__ligand9935-0
812,MUNFEG__ligand1536-0
813,MUNFEG__ligand1573-0
814,MUNFEG__ligand1959-0
815,MUNFEG__ligand23197-0
816,MUNFEG__ligand3504-0
817,MUNFEG__ligand8-0
818,MUNFEG__ligand4661-0
819,MUNFEG__ligand1844-0
820,MUNFEG__ligand3035-0
821,MUNFEG__ligand29029-0
822,MUNFEG__ligand1343-0
823,MUNFEG__ligand3876-0
824,MUNFEG__ligand6616-0
825,MUNFEG__ligand27285-0
826,MUNFEG__ligand506-0
827,MUNFEG__ligand3718-0
