,TMC
0,RIPZEY__ligand18158-0
1,RIPZEY__ligand620-0
2,RIPZEY__ligand8042-0
3,RIPZEY__ligand370-1
4,RIPZEY__ligand27771-0
5,RIPZEY__ligand6112-0
6,RIPZEY__ligand1828-0
7,RIPZEY__ligand564-0
8,RIPZEY__ligand29565-0
9,RIPZEY__ligand7213-0
10,RIPZEY__ligand23682-0
11,RIPZEY__ligand1397-0
12,RIPZEY__ligand5755-0
13,RIPZEY__ligand4710-0
14,RIPZEY__ligand479-0
15,RIPZEY__ligand785-0
16,RIPZEY__ligand311-0
17,RIPZEY__ligand5085-0
18,RIPZEY__ligand3144-0
19,RIPZEY__ligand20942-1
20,RIPZEY__ligand16956-0
21,RIPZEY__ligand21339-0
22,RIPZEY__ligand14226-0
23,RIPZEY__ligand4795-0
24,RIPZEY__ligand3285-0
25,RIPZEY__ligand1908-0
26,RIPZEY__ligand27550-0
27,RIPZEY__ligand18019-1
28,RIPZEY__ligand188-0
29,RIPZEY__ligand5630-0
30,RIPZEY__ligand14007-0
31,RIPZEY__ligand1786-0
32,RIPZEY__ligand22357-0
33,RIPZEY__ligand11758-0
34,RIPZEY__ligand21448-0
35,RIPZEY__ligand11544-0
36,RIPZEY__ligand11501-0
37,RIPZEY__ligand6663-0
38,RIPZEY__ligand5515-0
39,RIPZEY__ligand29214-0
40,RIPZEY__ligand250-0
41,RIPZEY__ligand1831-0
42,RIPZEY__ligand5280-0
43,RIPZEY__ligand5614-0
44,RIPZEY__ligand17445-0
45,RIPZEY__ligand1849-0
46,RIPZEY__ligand17069-0
47,RIPZEY__ligand14477-0
48,RIPZEY__ligand11798-0
49,RIPZEY__ligand1216-0
50,RIPZEY__ligand370-0
51,RIPZEY__ligand12413-0
52,RIPZEY__ligand29334-0
53,RIPZEY__ligand5019-0
54,RIPZEY__ligand1152-0
55,RIPZEY__ligand20731-0
56,RIPZEY__ligand3261-0
57,RIPZEY__ligand69-0
58,RIPZEY__ligand4207-0
59,RIPZEY__ligand25048-0
60,RIPZEY__ligand193-0
61,RIPZEY__ligand21940-0
62,RIPZEY__ligand3453-0
63,RIPZEY__ligand3416-0
64,RIPZEY__ligand23445-0
65,RIPZEY__ligand24953-0
66,RIPZEY__ligand1150-0
67,RIPZEY__ligand372-0
68,RIPZEY__ligand20432-0
69,RIPZEY__ligand27122-0
70,RIPZEY__ligand1539-0
71,RIPZEY__ligand830-0
72,RIPZEY__ligand16133-0
73,RIPZEY__ligand13755-0
74,RIPZEY__ligand7438-0
75,RIPZEY__ligand8200-0
76,RIPZEY__ligand4063-0
77,RIPZEY__ligand252-0
78,RIPZEY__ligand20557-0
79,RIPZEY__ligand3042-0
80,RIPZEY__ligand30004-0
81,RIPZEY__ligand116-0
82,RIPZEY__ligand11-0
83,RIPZEY__ligand3980-0
84,RIPZEY__ligand20844-0
85,RIPZEY__ligand18413-0
86,RIPZEY__ligand3557-0
87,RIPZEY__ligand24624-0
88,RIPZEY__ligand1149-0
89,RIPZEY__ligand18757-0
90,RIPZEY__ligand7075-0
91,RIPZEY__ligand24560-0
92,RIPZEY__ligand9750-0
93,RIPZEY__ligand177-0
94,RIPZEY__ligand1779-0
95,RIPZEY__ligand6993-0
96,RIPZEY__ligand1817-0
97,RIPZEY__ligand4167-0
98,RIPZEY__ligand30788-0
99,RIPZEY__ligand13691-0
100,RIPZEY__ligand14339-0
101,RIPZEY__ligand4266-0
102,RIPZEY__ligand1400-0
103,RIPZEY__ligand909-0
104,RIPZEY__ligand9491-0
105,RIPZEY__ligand1288-0
106,RIPZEY__ligand21752-0
107,RIPZEY__ligand11622-0
108,RIPZEY__ligand1015-0
109,RIPZEY__ligand89-0
110,RIPZEY__ligand1050-0
111,RIPZEY__ligand16870-0
112,RIPZEY__ligand2027-0
113,RIPZEY__ligand868-0
114,RIPZEY__ligand16603-0
115,RIPZEY__ligand11814-0
116,RIPZEY__ligand783-0
117,RIPZEY__ligand352-0
118,RIPZEY__ligand1618-0
119,RIPZEY__ligand25658-0
120,RIPZEY__ligand17686-0
121,RIPZEY__ligand31205-0
122,RIPZEY__ligand2692-0
123,RIPZEY__ligand49-0
124,RIPZEY__ligand4262-0
125,RIPZEY__ligand15455-0
126,RIPZEY__ligand1028-0
127,RIPZEY__ligand11177-0
128,RIPZEY__ligand19824-0
129,RIPZEY__ligand18067-0
130,RIPZEY__ligand9615-0
131,RIPZEY__ligand1154-0
132,RIPZEY__ligand1498-0
133,RIPZEY__ligand10582-0
134,RIPZEY__ligand197-0
135,RIPZEY__ligand13260-0
136,RIPZEY__ligand4596-0
137,RIPZEY__ligand3-0
138,RIPZEY__ligand11252-0
139,RIPZEY__ligand31000-0
140,RIPZEY__ligand11606-0
141,RIPZEY__ligand1169-0
142,RIPZEY__ligand20821-0
143,RIPZEY__ligand8529-0
144,RIPZEY__ligand26673-0
145,RIPZEY__ligand685-0
146,RIPZEY__ligand7566-0
147,RIPZEY__ligand19668-0
148,RIPZEY__ligand17-0
149,RIPZEY__ligand2001-0
150,RIPZEY__ligand19906-0
151,RIPZEY__ligand8593-0
152,RIPZEY__ligand9944-0
153,RIPZEY__ligand22353-0
154,RIPZEY__ligand421-0
155,RIPZEY__ligand8553-0
156,RIPZEY__ligand1113-0
157,RIPZEY__ligand5201-0
158,RIPZEY__ligand1-0
159,RIPZEY__ligand294-0
160,RIPZEY__ligand10151-0
161,RIPZEY__ligand5415-0
162,RIPZEY__ligand16952-0
163,RIPZEY__ligand29813-0
164,RIPZEY__ligand15387-0
165,RIPZEY__ligand560-0
166,RIPZEY__ligand3471-0
167,RIPZEY__ligand4161-0
168,RIPZEY__ligand4124-0
169,RIPZEY__ligand20121-0
170,RIPZEY__ligand20220-0
171,RIPZEY__ligand20530-0
172,RIPZEY__ligand2823-0
173,RIPZEY__ligand11698-0
174,RIPZEY__ligand14302-0
175,RIPZEY__ligand14347-0
176,RIPZEY__ligand13657-0
177,RIPZEY__ligand134-0
178,RIPZEY__ligand6995-0
179,RIPZEY__ligand24851-0
180,RIPZEY__ligand235-0
181,RIPZEY__ligand29441-0
182,RIPZEY__ligand10853-0
183,RIPZEY__ligand3180-0
184,RIPZEY__ligand27610-0
185,RIPZEY__ligand10479-0
186,RIPZEY__ligand4340-0
187,RIPZEY__ligand11479-0
188,RIPZEY__ligand2650-0
189,RIPZEY__ligand2281-0
190,RIPZEY__ligand1832-0
191,RIPZEY__ligand8788-0
192,RIPZEY__ligand24872-0
193,RIPZEY__ligand27840-0
194,RIPZEY__ligand2043-0
195,RIPZEY__ligand152-0
196,RIPZEY__ligand55-0
197,RIPZEY__ligand30728-0
198,RIPZEY__ligand12001-0
199,RIPZEY__ligand1228-0
200,RIPZEY__ligand9943-0
201,RIPZEY__ligand10033-0
202,RIPZEY__ligand1604-0
203,RIPZEY__ligand24644-0
204,RIPZEY__ligand24111-0
205,RIPZEY__ligand1114-0
206,RIPZEY__ligand22444-0
207,RIPZEY__ligand14569-0
208,RIPZEY__ligand6391-0
209,RIPZEY__ligand3126-0
210,RIPZEY__ligand9284-0
211,RIPZEY__ligand13385-0
212,RIPZEY__ligand17396-0
213,RIPZEY__ligand23175-0
214,RIPZEY__ligand68-0
215,RIPZEY__ligand15788-0
216,RIPZEY__ligand506-0
217,RIPZEY__ligand11587-0
218,RIPZEY__ligand13220-0
219,RIPZEY__ligand2417-0
220,RIPZEY__ligand487-0
221,RIPZEY__ligand29486-0
222,RIPZEY__ligand1289-0
223,RIPZEY__ligand5387-0
224,RIPZEY__ligand31694-0
225,RIPZEY__ligand2203-0
226,RIPZEY__ligand17427-0
227,RIPZEY__ligand176-0
228,RIPZEY__ligand22129-0
229,RIPZEY__ligand34-0
230,RIPZEY__ligand12138-0
231,RIPZEY__ligand24780-0
232,RIPZEY__ligand9450-0
233,RIPZEY__ligand11949-0
234,RIPZEY__ligand1599-0
235,RIPZEY__ligand447-0
236,RIPZEY__ligand25561-0
237,RIPZEY__ligand2612-0
238,RIPZEY__ligand746-0
239,RIPZEY__ligand28559-0
240,RIPZEY__ligand26324-0
241,RIPZEY__ligand7196-0
242,RIPZEY__ligand5159-0
243,RIPZEY__ligand14043-0
244,RIPZEY__ligand1787-0
245,RIPZEY__ligand1356-0
246,RIPZEY__ligand5530-0
247,RIPZEY__ligand19927-0
248,RIPZEY__ligand9753-0
249,RIPZEY__ligand3178-0
250,RIPZEY__ligand395-0
251,RIPZEY__ligand21729-0
252,RIPZEY__ligand27239-0
253,RIPZEY__ligand4807-0
254,RIPZEY__ligand368-0
255,RIPZEY__ligand3244-0
256,RIPZEY__ligand4711-0
257,RIPZEY__ligand784-0
258,RIPZEY__ligand26529-0
259,RIPZEY__ligand2906-0
260,RIPZEY__ligand4649-0
261,RIPZEY__ligand5649-0
262,RIPZEY__ligand2788-0
263,RIPZEY__ligand8793-0
264,RIPZEY__ligand11618-0
265,RIPZEY__ligand833-0
266,RIPZEY__ligand8612-0
267,RIPZEY__ligand2124-0
268,RIPZEY__ligand2260-0
269,RIPZEY__ligand7092-0
270,RIPZEY__ligand1116-0
271,RIPZEY__ligand22403-0
272,RIPZEY__ligand1153-0
273,RIPZEY__ligand3225-0
274,RIPZEY__ligand16369-0
275,RIPZEY__ligand7273-0
276,RIPZEY__ligand9323-0
277,RIPZEY__ligand28540-0
278,RIPZEY__ligand11111-0
279,RIPZEY__ligand7172-0
280,RIPZEY__ligand27754-0
281,RIPZEY__ligand20695-0
282,RIPZEY__ligand4-0
283,RIPZEY__ligand57-0
284,RIPZEY__ligand115-0
285,RIPZEY__ligand5180-0
286,RIPZEY__ligand29215-0
287,RIPZEY__ligand7316-0
288,RIPZEY__ligand5708-0
289,RIPZEY__ligand21399-0
290,RIPZEY__ligand10872-0
291,RIPZEY__ligand6017-0
292,RIPZEY__ligand16148-0
293,RIPZEY__ligand26631-0
294,RIPZEY__ligand12003-0
295,RIPZEY__ligand314-1
296,RIPZEY__ligand19184-0
297,RIPZEY__ligand5595-0
298,RIPZEY__ligand4101-0
299,RIPZEY__ligand18448-0
300,RIPZEY__ligand12453-0
301,RIPZEY__ligand2221-0
302,RIPZEY__ligand28459-0
303,RIPZEY__ligand4358-0
304,RIPZEY__ligand3926-0
305,RIPZEY__ligand3120-0
306,RIPZEY__ligand1197-0
307,RIPZEY__ligand8592-0
308,RIPZEY__ligand5099-0
309,RIPZEY__ligand10371-0
310,RIPZEY__ligand1296-0
311,RIPZEY__ligand2259-0
312,RIPZEY__ligand465-0
313,RIPZEY__ligand28685-0
314,RIPZEY__ligand18568-0
315,RIPZEY__ligand13672-0
316,RIPZEY__ligand16-0
317,RIPZEY__ligand9773-0
318,RIPZEY__ligand1376-0
319,RIPZEY__ligand5510-0
320,RIPZEY__ligand2238-0
321,RIPZEY__ligand9167-0
322,RIPZEY__ligand391-0
323,RIPZEY__ligand27285-0
324,RIPZEY__ligand5304-0
325,RIPZEY__ligand29029-0
326,RIPZEY__ligand618-0
327,RIPZEY__ligand3867-0
328,RIPZEY__ligand1317-0
329,RIPZEY__ligand7293-0
330,RIPZEY__ligand2822-0
331,RIPZEY__ligand32-0
332,RIPZEY__ligand23197-0
333,RIPZEY__ligand8002-0
334,RIPZEY__ligand5509-0
335,RIPZEY__ligand6117-0
336,RIPZEY__ligand1407-0
337,RIPZEY__ligand5080-0
338,RIPZEY__ligand7762-0
339,RIPZEY__ligand30142-0
340,RIPZEY__ligand813-0
341,RIPZEY__ligand27669-0
342,RIPZEY__ligand314-0
343,RIPZEY__ligand780-0
344,RIPZEY__ligand13477-0
345,RIPZEY__ligand14167-0
346,RIPZEY__ligand3736-0
347,RIPZEY__ligand48-0
348,RIPZEY__ligand15883-0
349,RIPZEY__ligand8000-0
350,RIPZEY__ligand9344-0
351,RIPZEY__ligand11970-0
352,RIPZEY__ligand15926-0
353,RIPZEY__ligand353-0
354,RIPZEY__ligand2693-0
355,RIPZEY__ligand5383-0
356,RIPZEY__ligand19792-0
357,RIPZEY__ligand10828-0
358,RIPZEY__ligand28810-0
359,RIPZEY__ligand11447-0
360,RIPZEY__ligand11096-0
361,RIPZEY__ligand24230-0
362,RIPZEY__ligand3945-0
363,RIPZEY__ligand9299-0
364,RIPZEY__ligand13862-0
365,RIPZEY__ligand11357-0
366,RIPZEY__ligand15531-0
367,RIPZEY__ligand28743-0
368,RIPZEY__ligand393-0
369,RIPZEY__ligand4007-0
370,RIPZEY__ligand2985-0
371,RIPZEY__ligand10056-0
372,RIPZEY__ligand12365-0
373,RIPZEY__ligand21919-0
374,RIPZEY__ligand3677-1
375,RIPZEY__ligand9883-0
376,RIPZEY__ligand28930-0
377,RIPZEY__ligand22168-0
378,RIPZEY__ligand22294-0
379,RIPZEY__ligand7291-0
380,RIPZEY__ligand14614-0
381,RIPZEY__ligand422-0
382,RIPZEY__ligand1168-0
383,RIPZEY__ligand1294-0
384,RIPZEY__ligand16663-0
385,RIPZEY__ligand3677-0
386,RIPZEY__ligand3632-0
387,RIPZEY__ligand31842-0
388,RIPZEY__ligand31044-0
389,RIPZEY__ligand11994-0
390,RIPZEY__ligand51-0
391,RIPZEY__ligand24035-0
392,RIPZEY__ligand686-0
393,RIPZEY__ligand6699-0
394,RIPZEY__ligand196-0
395,RIPZEY__ligand91-0
396,RIPZEY__ligand1499-0
397,RIPZEY__ligand2881-0
398,RIPZEY__ligand11682-0
399,RIPZEY__ligand30711-0
400,RIPZEY__ligand20207-0
401,RIPZEY__ligand3712-0
402,RIPZEY__ligand1464-0
403,RIPZEY__ligand1211-0
404,RIPZEY__ligand16988-0
405,RIPZEY__ligand6892-0
406,RIPZEY__ligand25913-0
407,RIPZEY__ligand9441-0
408,RIPZEY__ligand2332-0
409,RIPZEY__ligand10958-0
410,RIPZEY__ligand122-0
411,RIPZEY__ligand12641-0
412,RIPZEY__ligand1575-0
413,RIPZEY__ligand1530-0
414,RIPZEY__ligand757-0
415,RIPZEY__ligand9933-0
416,RIPZEY__ligand14108-0
417,RIPZEY__ligand1631-0
418,RIPZEY__ligand29302-0
419,RIPZEY__ligand13425-0
420,RIPZEY__ligand18814-0
421,RIPZEY__ligand3156-0
422,RIPZEY__ligand19057-0
423,RIPZEY__ligand2915-0
424,RIPZEY__ligand27763-0
425,RIPZEY__ligand18-0
426,RIPZEY__ligand1378-0
427,RIPZEY__ligand10262-0
428,RIPZEY__ligand28676-0
429,RIPZEY__ligand6244-0
430,RIPZEY__ligand19830-0
431,RIPZEY__ligand13068-0
432,RIPZEY__ligand9601-0
433,RIPZEY__ligand10476-0
434,RIPZEY__ligand24145-0
435,RIPZEY__ligand8992-0
436,RIPZEY__ligand15585-0
437,RIPZEY__ligand12401-0
438,RIPZEY__ligand12231-0
439,RIPZEY__ligand1018-0
440,RIPZEY__ligand4116-0
441,RIPZEY__ligand17387-0
442,RIPZEY__ligand12130-0
443,RIPZEY__ligand12289-0
444,RIPZEY__ligand6124-0
445,RIPZEY__ligand18292-0
446,RIPZEY__ligand3707-0
447,RIPZEY__ligand7967-0
448,RIPZEY__ligand13658-0
449,RIPZEY__ligand26702-0
450,RIPZEY__ligand1324-0
451,RIPZEY__ligand17805-0
452,RIPZEY__ligand8721-0
453,RIPZEY__ligand5643-0
454,RIPZEY__ligand1823-0
455,RIPZEY__ligand17302-0
456,RIPZEY__ligand693-0
457,RIPZEY__ligand25178-0
458,RIPZEY__ligand5036-0
459,RIPZEY__ligand2526-0
460,RIPZEY__ligand1615-0
461,RIPZEY__ligand9111-0
462,RIPZEY__ligand9952-0
463,RIPZEY__ligand23769-0
464,RIPZEY__ligand24185-0
465,RIPZEY__ligand240-0
466,RIPZEY__ligand31783-0
467,RIPZEY__ligand4641-0
468,RIPZEY__ligand141-0
469,RIPZEY__ligand26665-0
470,RIPZEY__ligand17631-0
471,RIPZEY__ligand13012-0
472,RIPZEY__ligand17258-0
473,RIPZEY__ligand14297-0
474,RIPZEY__ligand14603-0
475,RIPZEY__ligand30988-0
476,RIPZEY__ligand3234-0
477,RIPZEY__ligand1142-0
478,RIPZEY__ligand18832-0
479,RIPZEY__ligand27175-0
480,RIPZEY__ligand23713-0
481,RIPZEY__ligand7126-0
482,RIPZEY__ligand19641-0
483,RIPZEY__ligand8835-0
484,RIPZEY__ligand2028-0
485,RIPZEY__ligand15422-0
486,RIPZEY__ligand20578-0
487,RIPZEY__ligand12934-0
488,RIPZEY__ligand27893-0
489,RIPZEY__ligand14723-0
490,RIPZEY__ligand768-0
491,RIPZEY__ligand2917-0
492,RIPZEY__ligand16628-0
493,RIPZEY__ligand7819-0
494,RIPZEY__ligand28468-0
495,RIPZEY__ligand20740-0
496,RIPZEY__ligand12427-0
497,RIPZEY__ligand3465-0
498,RIPZEY__ligand27460-0
499,RIPZEY__ligand6102-0
500,RIPZEY__ligand6596-0
501,RIPZEY__ligand6904-0
502,RIPZEY__ligand3721-0
503,RIPZEY__ligand12606-0
504,RIPZEY__ligand4620-0
505,RIPZEY__ligand30333-0
506,RIPZEY__ligand12337-0
507,RIPZEY__ligand29410-0
508,RIPZEY__ligand26540-0
509,RIPZEY__ligand384-0
510,RIPZEY__ligand17281-0
511,RIPZEY__ligand2295-0
512,RIPZEY__ligand6067-0
513,RIPZEY__ligand1577-0
514,RIPZEY__ligand30296-0
515,RIPZEY__ligand7106-0
516,RIPZEY__ligand14703-0
517,RIPZEY__ligand16475-0
518,RIPZEY__ligand7242-0
519,RIPZEY__ligand20251-1
520,RIPZEY__ligand9908-0
521,RIPZEY__ligand1263-0
522,RIPZEY__ligand9935-0
523,RIPZEY__ligand1573-0
524,RIPZEY__ligand1536-0
525,RIPZEY__ligand17982-0
526,RIPZEY__ligand1959-0
527,RIPZEY__ligand29414-0
528,RIPZEY__ligand338-0
529,RIPZEY__ligand3504-0
530,RIPZEY__ligand20011-0
531,RIPZEY__ligand17278-0
532,RIPZEY__ligand24047-0
533,RIPZEY__ligand4661-0
534,RIPZEY__ligand1844-0
535,RIPZEY__ligand10589-0
536,RIPZEY__ligand22557-0
537,RIPZEY__ligand20598-0
538,RIPZEY__ligand11675-0
539,RIPZEY__ligand6616-0
540,RIPZEY__ligand8-0
541,RIPZEY__ligand17398-0
542,RIPZEY__ligand3035-0
543,RIPZEY__ligand1343-0
544,RIPZEY__ligand3876-0
545,RIPZEY__ligand3718-0
546,RIPZEY__ligand66-0
547,RIPZEY__ligand3565-0
548,RIPZEY__ligand28789-0
549,RIPZEY__ligand5331-0
550,RIPZEY__ligand21371-0
551,RIPZEY__ligand17118-0
552,RIPZEY__ligand1512-0
553,RIPZEY__ligand20419-0
554,RIPZEY__ligand6919-0
555,RIPZEY__ligand42-0
556,RIPZEY__ligand2485-0
557,RIPZEY__ligand14889-0
558,RIPZEY__ligand30851-0
559,RIPZEY__ligand3852-0
560,RIPZEY__ligand201-0
561,RIPZEY__ligand29568-0
562,RIPZEY__ligand4155-0
563,RIPZEY__ligand279-0
564,RIPZEY__ligand3094-0
565,RIPZEY__ligand21581-0
566,RIPZEY__ligand31097-0
567,RIPZEY__ligand185-0
568,RIPZEY__ligand20251-0
569,RIPZEY__ligand178-0
570,RIPZEY__ligand30702-0
571,RIPZEY__ligand20214-0
572,RIPZEY__ligand5211-0
573,RIPZEY__ligand20539-0
574,RIPZEY__ligand6839-0
575,RIPZEY__ligand3131-0
576,RIPZEY__ligand3937-0
577,RIPZEY__ligand1202-0
578,RIPZEY__ligand3174-0
579,RIPZEY__ligand8969-0
580,RIPZEY__ligand14117-0
581,RIPZEY__ligand17261-0
582,RIPZEY__ligand321-0
583,RIPZEY__ligand4720-0
584,RIPZEY__ligand7648-0
585,RIPZEY__ligand8876-0
586,RIPZEY__ligand2828-0
587,RIPZEY__ligand9833-0
588,RIPZEY__ligand657-0
589,RIPZEY__ligand20682-0
590,RIPZEY__ligand38-0
591,RIPZEY__ligand5256-0
592,RIPZEY__ligand187-0
593,RIPZEY__ligand4157-0
594,RIPZEY__ligand2232-0
595,RIPZEY__ligand366-0
596,RIPZEY__ligand2176-0
597,RIPZEY__ligand13390-0
598,RIPZEY__ligand9291-0
599,RIPZEY__ligand777-0
600,RIPZEY__ligand6768-0
601,RIPZEY__ligand8115-0
602,RIPZEY__ligand7000-0
603,RIPZEY__ligand1982-0
604,RIPZEY__ligand1285-0
605,RIPZEY__ligand13208-0
606,RIPZEY__ligand26810-0
607,RIPZEY__ligand27482-0
608,RIPZEY__ligand4546-0
609,RIPZEY__ligand4503-0
610,RIPZEY__ligand941-0
611,RIPZEY__ligand596-0
612,RIPZEY__ligand4016-0
613,RIPZEY__ligand28884-0
614,RIPZEY__ligand13331-0
615,RIPZEY__ligand29879-0
616,RIPZEY__ligand7867-0
617,RIPZEY__ligand14248-0
618,RIPZEY__ligand6709-0
619,RIPZEY__ligand1219-0
620,RIPZEY__ligand12030-0
621,RIPZEY__ligand126-0
622,RIPZEY__ligand163-0
623,RIPZEY__ligand13294-0
624,RIPZEY__ligand31832-0
625,RIPZEY__ligand7280-0
626,RIPZEY__ligand1304-0
627,RIPZEY__ligand1790-0
628,RIPZEY__ligand7238-0
629,RIPZEY__ligand9784-0
630,RIPZEY__ligand25411-0
631,RIPZEY__ligand4272-0
632,RIPZEY__ligand1451-0
633,RIPZEY__ligand7629-0
634,RIPZEY__ligand11456-0
635,RIPZEY__ligand845-0
636,RIPZEY__ligand3954-0
637,RIPZEY__ligand4093-0
638,RIPZEY__ligand4442-0
639,RIPZEY__ligand14174-0
640,RIPZEY__ligand10712-0
641,RIPZEY__ligand9520-0
642,RIPZEY__ligand1160-0
643,RIPZEY__ligand8699-0
644,RIPZEY__ligand7162-0
645,RIPZEY__ligand11568-0
646,RIPZEY__ligand20579-0
647,RIPZEY__ligand17710-0
648,RIPZEY__ligand3029-0
649,RIPZEY__ligand1773-0
650,RIPZEY__ligand4581-0
651,RIPZEY__ligand2328-0
652,RIPZEY__ligand11774-0
653,RIPZEY__ligand14586-0
654,RIPZEY__ligand9197-0
655,RIPZEY__ligand324-0
656,RIPZEY__ligand361-0
657,RIPZEY__ligand409-0
658,RIPZEY__ligand1900-0
659,RIPZEY__ligand21421-0
660,RIPZEY__ligand19725-0
661,RIPZEY__ligand24613-0
662,RIPZEY__ligand3208-0
663,RIPZEY__ligand2208-0
664,RIPZEY__ligand7573-0
665,RIPZEY__ligand2781-0
666,RIPZEY__ligand3350-0
667,RIPZEY__ligand10555-0
668,RIPZEY__ligand8722-0
669,RIPZEY__ligand31483-0
670,RIPZEY__ligand9809-0
671,RIPZEY__ligand6672-0
672,RIPZEY__ligand1327-0
673,RIPZEY__ligand12336-0
674,RIPZEY__ligand13072-0
675,RIPZEY__ligand1533-0
676,RIPZEY__ligand7557-0
677,RIPZEY__ligand1496-0
678,RIPZEY__ligand199-0
679,RIPZEY__ligand12682-0
680,RIPZEY__ligand18699-0
681,RIPZEY__ligand4131-0
682,RIPZEY__ligand1712-0
683,RIPZEY__ligand588-0
684,RIPZEY__ligand5094-0
685,RIPZEY__ligand5892-0
686,RIPZEY__ligand17590-0
687,RIPZEY__ligand17240-0
688,RIPZEY__ligand300-0
689,RIPZEY__ligand19-0
690,RIPZEY__ligand2722-0
691,RIPZEY__ligand633-0
692,RIPZEY__ligand1379-0
693,RIPZEY__ligand24750-0
694,RIPZEY__ligand5935-0
695,RIPZEY__ligand31578-0
696,RIPZEY__ligand17207-0
697,RIPZEY__ligand9525-0
698,RIPZEY__ligand1165-0
699,RIPZEY__ligand17945-0
700,RIPZEY__ligand497-0
701,RIPZEY__ligand25224-0
702,RIPZEY__ligand3157-0
703,RIPZEY__ligand18013-0
704,RIPZEY__ligand5357-0
705,RIPZEY__ligand18703-0
706,RIPZEY__ligand3647-0
707,RIPZEY__ligand1688-0
708,RIPZEY__ligand5056-0
709,RIPZEY__ligand4850-0
710,RIPZEY__ligand29087-0
711,RIPZEY__ligand1768-0
712,RIPZEY__ligand28924-0
713,RIPZEY__ligand1469-0
714,RIPZEY__ligand24-0
715,RIPZEY__ligand15438-0
716,RIPZEY__ligand3871-0
717,RIPZEY__ligand436-0
718,RIPZEY__ligand2527-0
719,RIPZEY__ligand15168-0
720,RIPZEY__ligand45-0
721,RIPZEY__ligand23589-0
722,RIPZEY__ligand8349-0
723,RIPZEY__ligand24064-0
724,RIPZEY__ligand692-0
725,RIPZEY__ligand1709-0
726,RIPZEY__ligand8464-0
727,RIPZEY__ligand1771-0
728,RIPZEY__ligand4911-0
729,RIPZEY__ligand3392-0
730,RIPZEY__ligand78-0
731,RIPZEY__ligand22755-0
732,RIPZEY__ligand31618-0
733,RIPZEY__ligand11432-0
734,RIPZEY__ligand10432-0
735,RIPZEY__ligand26277-0
736,RIPZEY__ligand29898-0
737,RIPZEY__ligand5849-0
738,RIPZEY__ligand326-0
739,RIPZEY__ligand13209-0
740,RIPZEY__ligand19257-0
741,RIPZEY__ligand7530-0
742,RIPZEY__ligand1065-0
743,RIPZEY__ligand696-0
744,RIPZEY__ligand3012-0
745,RIPZEY__ligand12660-0
746,RIPZEY__ligand1449-0
747,RIPZEY__ligand4332-0
748,RIPZEY__ligand9681-0
749,RIPZEY__ligand31248-0
750,RIPZEY__ligand25650-0
751,RIPZEY__ligand6882-0
752,RIPZEY__ligand6455-0
753,RIPZEY__ligand3934-0
754,RIPZEY__ligand11206-0
755,RIPZEY__ligand656-0
756,RIPZEY__ligand23124-0
757,RIPZEY__ligand12519-0
758,RIPZEY__ligand25735-0
759,RIPZEY__ligand2403-0
760,RIPZEY__ligand9148-0
761,RIPZEY__ligand30539-0
762,RIPZEY__ligand21132-0
763,RIPZEY__ligand7529-0
764,RIPZEY__ligand11166-0
765,RIPZEY__ligand6946-0
766,RIPZEY__ligand1415-0
767,RIPZEY__ligand23906-0
768,RIPZEY__ligand162-0
769,RIPZEY__ligand12295-0
770,RIPZEY__ligand2830-0
771,RIPZEY__ligand27835-0
772,RIPZEY__ligand1729-0
773,RIPZEY__ligand226-0
774,RIPZEY__ligand5627-0
775,RIPZEY__ligand5483-0
776,RIPZEY__ligand416-0
777,RIPZEY__ligand21787-0
778,RIPZEY__ligand5316-0
779,RIPZEY__ligand25575-0
780,RIPZEY__ligand25689-0
781,RIPZEY__ligand383-0
782,RIPZEY__ligand25805-0
783,RIPZEY__ligand22981-0
784,RIPZEY__ligand20599-0
785,RIPZEY__ligand6283-0
786,RIPZEY__ligand27074-0
787,RIPZEY__ligand67-0
788,RIPZEY__ligand27169-0
789,RIPZEY__ligand14523-0
790,RIPZEY__ligand18391-0
791,RIPZEY__ligand6062-0
792,RIPZEY__ligand4738-0
793,RIPZEY__ligand5813-0
794,RIPZEY__ligand4813-0
795,RIPZEY__ligand3215-0
796,RIPZEY__ligand12467-0
797,RIPZEY__ligand25267-0
798,RIPZEY__ligand10084-0
799,RIPZEY__ligand670-0
800,RIPZEY__ligand23904-0
801,RIPZEY__ligand7107-0
802,RIPZEY__ligand13257-0
803,RIPZEY__ligand571-0
804,RIPZEY__ligand534-0
805,RIPZEY__ligand21936-0
806,RIPZEY__ligand29863-0
807,RIPZEY__ligand18074-0
808,RIPZEY__ligand3973-0
809,RIPZEY__ligand13869-0
810,RIPZEY__ligand1147-0
811,RIPZEY__ligand11140-0
812,RIPZEY__ligand7925-0
813,RIPZEY__ligand2068-0
814,RIPZEY__ligand29610-0
815,RIPZEY__ligand43-0
816,RIPZEY__ligand4194-0
817,RIPZEY__ligand28668-0
818,RIPZEY__ligand694-0
819,RIPZEY__ligand16791-0
820,RIPZEY__ligand7532-0
821,RIPZEY__ligand358-0
822,RIPZEY__ligand18465-0
823,RIPZEY__ligand18799-0
824,RIPZEY__ligand430-0
825,RIPZEY__ligand488-0
826,RIPZEY__ligand4330-0
827,RIPZEY__ligand2599-0
