,TMC
0,HUYBIM__ligand2915-0
1,HUYBIM__ligand3196-0
2,HUYBIM__ligand4012-0
3,HUYBIM__ligand57-0
4,HUYBIM__ligand485-0
5,HUYBIM__ligand784-0
6,HUYBIM__ligand355-0
7,HUYBIM__ligand291-0
8,HUYBIM__ligand1551-0
9,HUYBIM__ligand73-0
10,HUYBIM__ligand2526-0
11,HUYBIM__ligand2707-0
12,HUYBIM__ligand1690-0
13,HUYBIM__ligand115-0
14,HUYBIM__ligand1436-0
15,HUYBIM__ligand2618-0
16,HUYBIM__ligand3618-0
17,HUYBIM__ligand682-0
18,HUYBIM__ligand4370-0
19,HUYBIM__ligand34-0
20,HUYBIM__ligand666-0
21,HUYBIM__ligand55-0
22,HUYBIM__ligand1918-0
23,HUYBIM__ligand522-0
24,HUYBIM__ligand487-0
25,HUYBIM__ligand4175-0
26,HUYBIM__ligand447-0
27,HUYBIM__ligand95-0
28,HUYBIM__ligand2255-0
29,HUYBIM__ligand133-0
30,HUYBIM__ligand3035-0
31,HUYBIM__ligand3070-0
32,HUYBIM__ligand2718-0
33,HUYBIM__ligand353-0
34,HUYBIM__ligand1493-0
35,HUYBIM__ligand9176-0
36,HUYBIM__ligand51-0
37,HUYBIM__ligand29-0
38,HUYBIM__ligand3251-0
39,HUYBIM__ligand91-0
40,HUYBIM__ligand236-0
41,HUYBIM__ligand4619-0
42,HUYBIM__ligand6143-0
43,HUYBIM__ligand5235-0
44,HUYBIM__ligand7456-0
45,HUYBIM__ligand48-0
46,HUYBIM__ligand113-0
47,HUYBIM__ligand4-0
48,HUYBIM__ligand422-0
49,HUYBIM__ligand1818-0
50,HUYBIM__ligand3478-0
51,HUYBIM__ligand3852-0
52,HUYBIM__ligand196-0
53,HUYBIM__ligand502-0
54,HUYBIM__ligand5758-0
55,HUYBIM__ligand7630-0
56,HUYBIM__ligand1285-0
57,HUYBIM__ligand32-0
58,HUYBIM__ligand1555-0
59,HUYBIM__ligand4423-0
60,HUYBIM__ligand1907-0
61,HUYBIM__ligand210-0
62,HUYBIM__ligand3890-0
63,HUYBIM__ligand6-0
64,HUYBIM__ligand1160-0
65,HUYBIM__ligand2253-0
66,HUYBIM__ligand5093-0
67,HUYBIM__ligand170-0
68,HUYBIM__ligand2954-0
69,HUYBIM__ligand391-0
70,HUYBIM__ligand2762-0
71,HUYBIM__ligand1038-0
72,HUYBIM__ligand7550-0
73,HUYBIM__ligand314-0
74,HUYBIM__ligand481-0
75,HUYBIM__ligand1898-0
76,HUYBIM__ligand830-0
77,HUYBIM__ligand2480-0
78,HUYBIM__ligand3051-0
79,HUYBIM__ligand4504-0
80,HUYBIM__ligand2315-0
81,HUYBIM__ligand193-0
82,HUYBIM__ligand5334-0
83,HUYBIM__ligand955-0
84,HUYBIM__ligand252-0
85,HUYBIM__ligand1858-0
86,HUYBIM__ligand8032-0
87,HUYBIM__ligand1-0
88,HUYBIM__ligand3579-0
89,HUYBIM__ligand2110-0
90,HUYBIM__ligand177-0
91,HUYBIM__ligand934-0
92,HUYBIM__ligand2916-0
93,HUYBIM__ligand1712-0
94,HUYBIM__ligand851-0
95,HUYBIM__ligand2389-0
96,HUYBIM__ligand909-0
97,HUYBIM__ligand11-0
98,HUYBIM__ligand1919-0
99,HUYBIM__ligand2376-0
100,HUYBIM__ligand311-0
101,HUYBIM__ligand11730-0
102,HUYBIM__ligand2929-0
103,HUYBIM__ligand1264-0
104,HUYBIM__ligand1221-0
105,HUYBIM__ligand188-0
106,HUYBIM__ligand1299-0
107,HUYBIM__ligand6430-0
108,HUYBIM__ligand444-0
109,HUYBIM__ligand369-0
110,HUYBIM__ligand1379-0
111,HUYBIM__ligand1104-0
112,HUYBIM__ligand5762-0
113,HUYBIM__ligand7414-0
114,HUYBIM__ligand250-0
115,HUYBIM__ligand3-0
116,HUYBIM__ligand1019-0
117,HUYBIM__ligand2442-0
118,HUYBIM__ligand460-0
119,HUYBIM__ligand370-0
120,HUYBIM__ligand6571-0
121,HUYBIM__ligand2482-0
122,HUYBIM__ligand1325-0
123,HUYBIM__ligand798-0
124,HUYBIM__ligand421-0
125,HUYBIM__ligand1788-0
126,HUYBIM__ligand916-0
127,HUYBIM__ligand584-0
128,HUYBIM__ligand1178-0
129,HUYBIM__ligand993-0
130,HUYBIM__ligand3566-0
131,HUYBIM__ligand294-0
132,HUYBIM__ligand1321-0
133,HUYBIM__ligand331-0
134,HUYBIM__ligand17-0
135,HUYBIM__ligand109-0
136,HUYBIM__ligand525-0
137,HUYBIM__ligand560-0
138,HUYBIM__ligand1449-1
139,HUYBIM__ligand4811-0
140,HUYBIM__ligand7514-0
141,HUYBIM__ligand3337-0
142,HUYBIM__ligand390-0
143,HUYBIM__ligand92-0
144,HUYBIM__ligand235-0
145,HUYBIM__ligand9620-0
146,HUYBIM__ligand1260-0
147,HUYBIM__ligand4894-0
148,HUYBIM__ligand134-0
149,HUYBIM__ligand932-0
150,HUYBIM__ligand442-0
151,HUYBIM__ligand868-0
152,HUYBIM__ligand136-0
153,HUYBIM__ligand1307-0
154,HUYBIM__ligand783-0
155,HUYBIM__ligand352-0
156,HUYBIM__ligand296-0
157,HUYBIM__ligand2599-0
158,HUYBIM__ligand5089-0
159,HUYBIM__ligand197-0
160,HUYBIM__ligand89-0
161,HUYBIM__ligand2853-0
162,HUYBIM__ligand3853-0
163,HUYBIM__ligand6166-0
164,HUYBIM__ligand49-0
165,HUYBIM__ligand1246-0
166,HUYBIM__ligand112-0
167,HUYBIM__ligand2862-0
168,HUYBIM__ligand497-0
169,HUYBIM__ligand1056-0
170,HUYBIM__ligand2320-0
171,HUYBIM__ligand2510-0
172,HUYBIM__ligand532-0
173,HUYBIM__ligand8921-0
174,HUYBIM__ligand918-0
175,HUYBIM__ligand1567-0
176,HUYBIM__ligand45-0
177,HUYBIM__ligand2285-0
178,HUYBIM__ligand633-0
179,HUYBIM__ligand166-0
180,HUYBIM__ligand2907-0
181,HUYBIM__ligand78-0
182,HUYBIM__ligand85-0
183,HUYBIM__ligand2430-0
184,HUYBIM__ligand1703-0
185,HUYBIM__ligand838-0
186,HUYBIM__ligand206-0
187,HUYBIM__ligand1152-0
188,HUYBIM__ligand142-0
189,HUYBIM__ligand436-0
190,HUYBIM__ligand1727-0
191,HUYBIM__ligand326-0
192,HUYBIM__ligand821-0
193,HUYBIM__ligand283-0
194,HUYBIM__ligand1607-0
195,HUYBIM__ligand553-0
196,HUYBIM__ligand8774-0
197,HUYBIM__ligand324-0
198,HUYBIM__ligand361-0
199,HUYBIM__ligand409-0
200,HUYBIM__ligand3637-0
201,HUYBIM__ligand140-0
202,HUYBIM__ligand105-0
203,HUYBIM__ligand199-0
204,HUYBIM__ligand7464-0
205,HUYBIM__ligand927-0
206,HUYBIM__ligand1054-0
207,HUYBIM__ligand6294-0
208,HUYBIM__ligand4303-0
209,HUYBIM__ligand1248-0
210,HUYBIM__ligand575-0
211,HUYBIM__ligand1598-0
212,HUYBIM__ligand6538-0
213,HUYBIM__ligand2772-0
214,HUYBIM__ligand6151-0
215,HUYBIM__ligand9495-0
216,HUYBIM__ligand2142-0
217,HUYBIM__ligand509-0
218,HUYBIM__ligand571-0
219,HUYBIM__ligand670-0
220,HUYBIM__ligand118-0
221,HUYBIM__ligand2864-0
222,HUYBIM__ligand67-0
223,HUYBIM__ligand278-0
224,HUYBIM__ligand1169-0
225,HUYBIM__ligand5022-0
226,HUYBIM__ligand365-0
227,HUYBIM__ligand3838-0
228,HUYBIM__ligand1799-0
229,HUYBIM__ligand2838-0
230,HUYBIM__ligand358-0
231,HUYBIM__ligand5941-0
232,HUYBIM__ligand2880-0
233,HUYBIM__ligand430-0
234,HUYBIM__ligand669-0
235,HUYBIM__ligand9027-0
236,HUYBIM__ligand10357-0
237,HUYBIM__ligand6396-0
238,HUYBIM__ligand15630-0
239,HUYBIM__ligand2265-0
240,HUYBIM__ligand1113-0
241,HUYBIM__ligand1502-0
242,HUYBIM__ligand4983-0
243,HUYBIM__ligand1835-0
244,HUYBIM__ligand2345-0
245,HUYBIM__ligand2794-0
246,HUYBIM__ligand1052-0
247,HUYBIM__ligand383-0
248,HUYBIM__ligand226-0
249,HUYBIM__ligand162-0
250,HUYBIM__ligand1273-0
251,HUYBIM__ligand141-0
252,HUYBIM__ligand1538-0
253,HUYBIM__ligand240-0
254,HUYBIM__ligand1114-0
255,HUYBIM__ligand9244-0
256,HUYBIM__ligand1228-0
257,HUYBIM__ligand62-0
258,HUYBIM__ligand1148-0
259,HUYBIM__ligand1479-0
260,HUYBIM__ligand384-0
261,HUYBIM__ligand86-0
262,HUYBIM__ligand3246-0
263,HUYBIM__ligand120-0
264,HUYBIM__ligand6686-0
265,HUYBIM__ligand1747-0
266,HUYBIM__ligand5548-0
267,HUYBIM__ligand757-0
268,HUYBIM__ligand7915-0
269,HUYBIM__ligand3145-0
270,HUYBIM__ligand6332-0
271,HUYBIM__ligand3178-0
272,HUYBIM__ligand8-0
273,HUYBIM__ligand2863-0
274,HUYBIM__ligand6502-0
275,HUYBIM__ligand797-0
276,HUYBIM__ligand2098-0
277,HUYBIM__ligand1542-0
278,HUYBIM__ligand2634-0
279,HUYBIM__ligand3041-0
280,HUYBIM__ligand2751-0
281,HUYBIM__ligand18-0
282,HUYBIM__ligand2768-0
283,HUYBIM__ligand1376-0
284,HUYBIM__ligand861-0
285,HUYBIM__ligand366-0
286,HUYBIM__ligand187-0
287,HUYBIM__ligand2688-0
288,HUYBIM__ligand2259-0
289,HUYBIM__ligand21-0
290,HUYBIM__ligand612-0
291,HUYBIM__ligand14530-0
292,HUYBIM__ligand596-0
293,HUYBIM__ligand1687-0
294,HUYBIM__ligand1951-0
295,HUYBIM__ligand6277-0
296,HUYBIM__ligand4381-0
297,HUYBIM__ligand126-0
298,HUYBIM__ligand38-0
299,HUYBIM__ligand2629-0
300,HUYBIM__ligand3734-0
301,HUYBIM__ligand1706-0
302,HUYBIM__ligand10910-0
303,HUYBIM__ligand40-0
304,HUYBIM__ligand1438-0
305,HUYBIM__ligand3063-0
306,HUYBIM__ligand10114-0
307,HUYBIM__ligand5801-0
308,HUYBIM__ligand119-0
309,HUYBIM__ligand124-0
310,HUYBIM__ligand1171-0
311,HUYBIM__ligand201-0
312,HUYBIM__ligand244-0
313,HUYBIM__ligand100-0
314,HUYBIM__ligand10479-0
315,HUYBIM__ligand1685-0
316,HUYBIM__ligand3757-0
317,HUYBIM__ligand1048-0
318,HUYBIM__ligand2087-0
319,HUYBIM__ligand321-0
320,HUYBIM__ligand1459-0
321,HUYBIM__ligand178-0
322,HUYBIM__ligand1544-0
323,HUYBIM__ligand66-0
324,HUYBIM__ligand279-0
