,TMC
0,WEYBEJ__ligand2768-0
1,WEYBEJ__ligand1376-0
2,WEYBEJ__ligand487-0
3,WEYBEJ__ligand2688-0
4,WEYBEJ__ligand2259-0
5,WEYBEJ__ligand666-0
6,WEYBEJ__ligand67-0
7,WEYBEJ__ligand522-0
8,WEYBEJ__ligand1687-0
9,WEYBEJ__ligand133-0
10,WEYBEJ__ligand1951-0
11,WEYBEJ__ligand6277-0
12,WEYBEJ__ligand447-0
13,WEYBEJ__ligand4381-0
14,WEYBEJ__ligand3-0
15,WEYBEJ__ligand682-0
16,WEYBEJ__ligand2629-0
17,WEYBEJ__ligand3734-0
18,WEYBEJ__ligand1706-0
19,WEYBEJ__ligand1438-0
20,WEYBEJ__ligand3063-0
21,WEYBEJ__ligand5801-0
22,WEYBEJ__ligand291-0
23,WEYBEJ__ligand115-0
24,WEYBEJ__ligand1-0
25,WEYBEJ__ligand1171-0
26,WEYBEJ__ligand1685-0
27,WEYBEJ__ligand3757-0
28,WEYBEJ__ligand1048-0
29,WEYBEJ__ligand2087-0
30,WEYBEJ__ligand485-0
31,WEYBEJ__ligand784-0
32,WEYBEJ__ligand355-0
33,WEYBEJ__ligand1459-0
34,WEYBEJ__ligand1544-0
35,WEYBEJ__ligand391-0
36,WEYBEJ__ligand10114-0
37,WEYBEJ__ligand1538-0
38,WEYBEJ__ligand1114-0
39,WEYBEJ__ligand170-0
40,WEYBEJ__ligand9244-0
41,WEYBEJ__ligand1228-0
42,WEYBEJ__ligand314-0
43,WEYBEJ__ligand481-0
44,WEYBEJ__ligand45-0
45,WEYBEJ__ligand10479-0
46,WEYBEJ__ligand1148-0
47,WEYBEJ__ligand1479-0
48,WEYBEJ__ligand85-0
49,WEYBEJ__ligand3246-0
50,WEYBEJ__ligand210-0
51,WEYBEJ__ligand78-0
52,WEYBEJ__ligand6686-0
53,WEYBEJ__ligand1747-0
54,WEYBEJ__ligand422-0
55,WEYBEJ__ligand5548-0
56,WEYBEJ__ligand7915-0
57,WEYBEJ__ligand3145-0
58,WEYBEJ__ligand113-0
59,WEYBEJ__ligand14530-0
60,WEYBEJ__ligand6332-0
61,WEYBEJ__ligand502-0
62,WEYBEJ__ligand196-0
63,WEYBEJ__ligand3178-0
64,WEYBEJ__ligand2863-0
65,WEYBEJ__ligand6502-0
66,WEYBEJ__ligand2098-0
67,WEYBEJ__ligand1542-0
68,WEYBEJ__ligand2634-0
69,WEYBEJ__ligand353-0
70,WEYBEJ__ligand3041-0
71,WEYBEJ__ligand2751-0
72,WEYBEJ__ligand10910-0
73,WEYBEJ__ligand236-0
74,WEYBEJ__ligand6538-0
75,WEYBEJ__ligand2772-0
76,WEYBEJ__ligand6151-0
77,WEYBEJ__ligand9495-0
78,WEYBEJ__ligand460-0
79,WEYBEJ__ligand250-0
80,WEYBEJ__ligand38-0
81,WEYBEJ__ligand2142-0
82,WEYBEJ__ligand40-0
83,WEYBEJ__ligand370-0
84,WEYBEJ__ligand2864-0
85,WEYBEJ__ligand21-0
86,WEYBEJ__ligand1169-0
87,WEYBEJ__ligand5022-0
88,WEYBEJ__ligand311-0
89,WEYBEJ__ligand1799-0
90,WEYBEJ__ligand3838-0
91,WEYBEJ__ligand444-0
92,WEYBEJ__ligand2838-0
93,WEYBEJ__ligand369-0
94,WEYBEJ__ligand5941-0
95,WEYBEJ__ligand2880-0
96,WEYBEJ__ligand188-0
97,WEYBEJ__ligand9027-0
98,WEYBEJ__ligand6396-0
99,WEYBEJ__ligand177-0
100,WEYBEJ__ligand934-0
101,WEYBEJ__ligand2265-0
102,WEYBEJ__ligand1113-0
103,WEYBEJ__ligand909-0
104,WEYBEJ__ligand1502-0
105,WEYBEJ__ligand66-0
106,WEYBEJ__ligand4983-0
107,WEYBEJ__ligand851-0
108,WEYBEJ__ligand1835-0
109,WEYBEJ__ligand2345-0
110,WEYBEJ__ligand2794-0
111,WEYBEJ__ligand193-0
112,WEYBEJ__ligand1052-0
113,WEYBEJ__ligand830-0
114,WEYBEJ__ligand955-0
115,WEYBEJ__ligand1273-0
116,WEYBEJ__ligand252-0
117,WEYBEJ__ligand2862-0
118,WEYBEJ__ligand1056-0
119,WEYBEJ__ligand2320-0
120,WEYBEJ__ligand10357-0
121,WEYBEJ__ligand296-0
122,WEYBEJ__ligand2510-0
123,WEYBEJ__ligand8921-0
124,WEYBEJ__ligand197-0
125,WEYBEJ__ligand15630-0
126,WEYBEJ__ligand1567-0
127,WEYBEJ__ligand2285-0
128,WEYBEJ__ligand2907-0
129,WEYBEJ__ligand86-0
130,WEYBEJ__ligand112-0
131,WEYBEJ__ligand6-0
132,WEYBEJ__ligand2430-0
133,WEYBEJ__ligand1703-0
134,WEYBEJ__ligand136-0
135,WEYBEJ__ligand1152-0
136,WEYBEJ__ligand442-0
137,WEYBEJ__ligand1727-0
138,WEYBEJ__ligand868-0
139,WEYBEJ__ligand783-0
140,WEYBEJ__ligand352-0
141,WEYBEJ__ligand62-0
142,WEYBEJ__ligand1607-0
143,WEYBEJ__ligand8774-0
144,WEYBEJ__ligand109-0
145,WEYBEJ__ligand560-0
146,WEYBEJ__ligand525-0
147,WEYBEJ__ligand3637-0
148,WEYBEJ__ligand235-0
149,WEYBEJ__ligand18-0
150,WEYBEJ__ligand932-0
151,WEYBEJ__ligand134-0
152,WEYBEJ__ligand390-0
153,WEYBEJ__ligand916-0
154,WEYBEJ__ligand584-0
155,WEYBEJ__ligand4-0
156,WEYBEJ__ligand7464-0
157,WEYBEJ__ligand798-0
158,WEYBEJ__ligand421-0
159,WEYBEJ__ligand1054-0
160,WEYBEJ__ligand331-0
161,WEYBEJ__ligand6294-0
162,WEYBEJ__ligand4303-0
163,WEYBEJ__ligand993-0
164,WEYBEJ__ligand1248-0
165,WEYBEJ__ligand294-0
166,WEYBEJ__ligand1598-0
167,WEYBEJ__ligand1788-0
168,WEYBEJ__ligand199-0
169,WEYBEJ__ligand11730-0
170,WEYBEJ__ligand48-0
171,WEYBEJ__ligand927-0
172,WEYBEJ__ligand1178-0
173,WEYBEJ__ligand8-0
174,WEYBEJ__ligand3566-0
175,WEYBEJ__ligand575-0
176,WEYBEJ__ligand1321-0
177,WEYBEJ__ligand51-0
178,WEYBEJ__ligand4811-0
179,WEYBEJ__ligand1449-1
180,WEYBEJ__ligand7514-0
181,WEYBEJ__ligand3337-0
182,WEYBEJ__ligand361-0
183,WEYBEJ__ligand324-0
184,WEYBEJ__ligand409-0
185,WEYBEJ__ligand105-0
186,WEYBEJ__ligand140-0
187,WEYBEJ__ligand91-0
188,WEYBEJ__ligand29-0
189,WEYBEJ__ligand9620-0
190,WEYBEJ__ligand1260-0
191,WEYBEJ__ligand4894-0
192,WEYBEJ__ligand436-0
193,WEYBEJ__ligand206-0
194,WEYBEJ__ligand142-0
195,WEYBEJ__ligand283-0
196,WEYBEJ__ligand553-0
197,WEYBEJ__ligand1307-0
198,WEYBEJ__ligand326-0
199,WEYBEJ__ligand821-0
200,WEYBEJ__ligand32-0
201,WEYBEJ__ligand532-0
202,WEYBEJ__ligand5089-0
203,WEYBEJ__ligand2599-0
204,WEYBEJ__ligand918-0
205,WEYBEJ__ligand633-0
206,WEYBEJ__ligand497-0
207,WEYBEJ__ligand2853-0
208,WEYBEJ__ligand3853-0
209,WEYBEJ__ligand6166-0
210,WEYBEJ__ligand838-0
211,WEYBEJ__ligand166-0
212,WEYBEJ__ligand1246-0
213,WEYBEJ__ligand1898-0
214,WEYBEJ__ligand2480-0
215,WEYBEJ__ligand4504-0
216,WEYBEJ__ligand3051-0
217,WEYBEJ__ligand2315-0
218,WEYBEJ__ligand73-0
219,WEYBEJ__ligand5334-0
220,WEYBEJ__ligand226-0
221,WEYBEJ__ligand162-0
222,WEYBEJ__ligand1858-0
223,WEYBEJ__ligand383-0
224,WEYBEJ__ligand8032-0
225,WEYBEJ__ligand3579-0
226,WEYBEJ__ligand2916-0
227,WEYBEJ__ligand2110-0
228,WEYBEJ__ligand1712-0
229,WEYBEJ__ligand2389-0
230,WEYBEJ__ligand57-0
231,WEYBEJ__ligand1919-0
232,WEYBEJ__ligand365-0
233,WEYBEJ__ligand2376-0
234,WEYBEJ__ligand55-0
235,WEYBEJ__ligand278-0
236,WEYBEJ__ligand2929-0
237,WEYBEJ__ligand1221-0
238,WEYBEJ__ligand1264-0
239,WEYBEJ__ligand1299-0
240,WEYBEJ__ligand6430-0
241,WEYBEJ__ligand669-0
242,WEYBEJ__ligand95-0
243,WEYBEJ__ligand358-0
244,WEYBEJ__ligand430-0
245,WEYBEJ__ligand1379-0
246,WEYBEJ__ligand1104-0
247,WEYBEJ__ligand7414-0
248,WEYBEJ__ligand5762-0
249,WEYBEJ__ligand509-0
250,WEYBEJ__ligand1019-0
251,WEYBEJ__ligand2442-0
252,WEYBEJ__ligand6571-0
253,WEYBEJ__ligand2482-0
254,WEYBEJ__ligand1325-0
255,WEYBEJ__ligand571-0
256,WEYBEJ__ligand34-0
257,WEYBEJ__ligand670-0
258,WEYBEJ__ligand118-0
259,WEYBEJ__ligand3070-0
260,WEYBEJ__ligand3035-0
261,WEYBEJ__ligand2718-0
262,WEYBEJ__ligand1493-0
263,WEYBEJ__ligand9176-0
264,WEYBEJ__ligand17-0
265,WEYBEJ__ligand3251-0
266,WEYBEJ__ligand92-0
267,WEYBEJ__ligand4619-0
268,WEYBEJ__ligand6143-0
269,WEYBEJ__ligand5235-0
270,WEYBEJ__ligand7456-0
271,WEYBEJ__ligand1818-0
272,WEYBEJ__ligand757-0
273,WEYBEJ__ligand3478-0
274,WEYBEJ__ligand797-0
275,WEYBEJ__ligand3852-0
276,WEYBEJ__ligand5758-0
277,WEYBEJ__ligand7630-0
278,WEYBEJ__ligand89-0
279,WEYBEJ__ligand1285-0
280,WEYBEJ__ligand1555-0
281,WEYBEJ__ligand4423-0
282,WEYBEJ__ligand49-0
283,WEYBEJ__ligand1907-0
284,WEYBEJ__ligand120-0
285,WEYBEJ__ligand384-0
286,WEYBEJ__ligand3890-0
287,WEYBEJ__ligand141-0
288,WEYBEJ__ligand1160-0
289,WEYBEJ__ligand2253-0
290,WEYBEJ__ligand240-0
291,WEYBEJ__ligand2954-0
292,WEYBEJ__ligand5093-0
293,WEYBEJ__ligand2762-0
294,WEYBEJ__ligand1038-0
295,WEYBEJ__ligand7550-0
296,WEYBEJ__ligand244-0
297,WEYBEJ__ligand201-0
298,WEYBEJ__ligand2915-0
299,WEYBEJ__ligand100-0
300,WEYBEJ__ligand4012-0
301,WEYBEJ__ligand3196-0
302,WEYBEJ__ligand178-0
303,WEYBEJ__ligand11-0
304,WEYBEJ__ligand279-0
305,WEYBEJ__ligand321-0
306,WEYBEJ__ligand1551-0
307,WEYBEJ__ligand2526-0
308,WEYBEJ__ligand119-0
309,WEYBEJ__ligand2707-0
310,WEYBEJ__ligand124-0
311,WEYBEJ__ligand1690-0
312,WEYBEJ__ligand1436-0
313,WEYBEJ__ligand2618-0
314,WEYBEJ__ligand3618-0
315,WEYBEJ__ligand126-0
316,WEYBEJ__ligand4370-0
317,WEYBEJ__ligand187-0
318,WEYBEJ__ligand1918-0
319,WEYBEJ__ligand612-0
320,WEYBEJ__ligand861-0
321,WEYBEJ__ligand366-0
322,WEYBEJ__ligand4175-0
323,WEYBEJ__ligand2255-0
324,WEYBEJ__ligand596-0
