,TMC
0,SUKPEV__ligand2634-0
1,SUKPEV__ligand1542-0
2,SUKPEV__ligand95-0
3,SUKPEV__ligand509-0
4,SUKPEV__ligand3041-0
5,SUKPEV__ligand118-0
6,SUKPEV__ligand55-0
7,SUKPEV__ligand670-0
8,SUKPEV__ligand2751-0
9,SUKPEV__ligand571-0
10,SUKPEV__ligand5548-0
11,SUKPEV__ligand278-0
12,SUKPEV__ligand7915-0
13,SUKPEV__ligand34-0
14,SUKPEV__ligand3-0
15,SUKPEV__ligand1747-0
16,SUKPEV__ligand6686-0
17,SUKPEV__ligand3145-0
18,SUKPEV__ligand365-0
19,SUKPEV__ligand430-0
20,SUKPEV__ligand3178-0
21,SUKPEV__ligand358-0
22,SUKPEV__ligand6332-0
23,SUKPEV__ligand6502-0
24,SUKPEV__ligand669-0
25,SUKPEV__ligand2098-0
26,SUKPEV__ligand2863-0
27,SUKPEV__ligand1148-0
28,SUKPEV__ligand1479-0
29,SUKPEV__ligand73-0
30,SUKPEV__ligand1-0
31,SUKPEV__ligand3246-0
32,SUKPEV__ligand57-0
33,SUKPEV__ligand1114-0
34,SUKPEV__ligand1538-0
35,SUKPEV__ligand1228-0
36,SUKPEV__ligand9244-0
37,SUKPEV__ligand383-0
38,SUKPEV__ligand162-0
39,SUKPEV__ligand226-0
40,SUKPEV__ligand1685-0
41,SUKPEV__ligand497-0
42,SUKPEV__ligand633-0
43,SUKPEV__ligand1048-0
44,SUKPEV__ligand918-0
45,SUKPEV__ligand2087-0
46,SUKPEV__ligand532-0
47,SUKPEV__ligand3757-0
48,SUKPEV__ligand1459-0
49,SUKPEV__ligand166-0
50,SUKPEV__ligand838-0
51,SUKPEV__ligand1544-0
52,SUKPEV__ligand142-0
53,SUKPEV__ligand11730-0
54,SUKPEV__ligand1438-0
55,SUKPEV__ligand206-0
56,SUKPEV__ligand3063-0
57,SUKPEV__ligand436-0
58,SUKPEV__ligand5801-0
59,SUKPEV__ligand821-0
60,SUKPEV__ligand1171-0
61,SUKPEV__ligand326-0
62,SUKPEV__ligand553-0
63,SUKPEV__ligand283-0
64,SUKPEV__ligand32-0
65,SUKPEV__ligand409-0
66,SUKPEV__ligand2629-0
67,SUKPEV__ligand324-0
68,SUKPEV__ligand361-0
69,SUKPEV__ligand4381-0
70,SUKPEV__ligand1706-0
71,SUKPEV__ligand3734-0
72,SUKPEV__ligand48-0
73,SUKPEV__ligand140-0
74,SUKPEV__ligand105-0
75,SUKPEV__ligand927-0
76,SUKPEV__ligand29-0
77,SUKPEV__ligand91-0
78,SUKPEV__ligand2768-0
79,SUKPEV__ligand1376-0
80,SUKPEV__ligand199-0
81,SUKPEV__ligand2259-0
82,SUKPEV__ligand2688-0
83,SUKPEV__ligand1951-0
84,SUKPEV__ligand1687-0
85,SUKPEV__ligand575-0
86,SUKPEV__ligand6277-0
87,SUKPEV__ligand51-0
88,SUKPEV__ligand366-0
89,SUKPEV__ligand861-0
90,SUKPEV__ligand7464-0
91,SUKPEV__ligand612-0
92,SUKPEV__ligand187-0
93,SUKPEV__ligand6294-0
94,SUKPEV__ligand596-0
95,SUKPEV__ligand1054-0
96,SUKPEV__ligand1598-0
97,SUKPEV__ligand4303-0
98,SUKPEV__ligand1248-0
99,SUKPEV__ligand126-0
100,SUKPEV__ligand8774-0
101,SUKPEV__ligand3637-0
102,SUKPEV__ligand1152-0
103,SUKPEV__ligand1727-0
104,SUKPEV__ligand119-0
105,SUKPEV__ligand11-0
106,SUKPEV__ligand124-0
107,SUKPEV__ligand1607-0
108,SUKPEV__ligand2320-0
109,SUKPEV__ligand1056-0
110,SUKPEV__ligand100-0
111,SUKPEV__ligand2862-0
112,SUKPEV__ligand201-0
113,SUKPEV__ligand244-0
114,SUKPEV__ligand8921-0
115,SUKPEV__ligand2285-0
116,SUKPEV__ligand1567-0
117,SUKPEV__ligand2510-0
118,SUKPEV__ligand2907-0
119,SUKPEV__ligand321-0
120,SUKPEV__ligand279-0
121,SUKPEV__ligand1703-0
122,SUKPEV__ligand178-0
123,SUKPEV__ligand2430-0
124,SUKPEV__ligand240-0
125,SUKPEV__ligand49-0
126,SUKPEV__ligand1052-0
127,SUKPEV__ligand141-0
128,SUKPEV__ligand6-0
129,SUKPEV__ligand89-0
130,SUKPEV__ligand1273-0
131,SUKPEV__ligand9027-0
132,SUKPEV__ligand1113-0
133,SUKPEV__ligand2265-0
134,SUKPEV__ligand6396-0
135,SUKPEV__ligand1502-0
136,SUKPEV__ligand384-0
137,SUKPEV__ligand120-0
138,SUKPEV__ligand2794-0
139,SUKPEV__ligand2345-0
140,SUKPEV__ligand1835-0
141,SUKPEV__ligand4983-0
142,SUKPEV__ligand757-0
143,SUKPEV__ligand1169-0
144,SUKPEV__ligand5022-0
145,SUKPEV__ligand92-0
146,SUKPEV__ligand17-0
147,SUKPEV__ligand2880-0
148,SUKPEV__ligand5941-0
149,SUKPEV__ligand2838-0
150,SUKPEV__ligand1799-0
151,SUKPEV__ligand3838-0
152,SUKPEV__ligand797-0
153,SUKPEV__ligand6151-0
154,SUKPEV__ligand2772-0
155,SUKPEV__ligand9495-0
156,SUKPEV__ligand4-0
157,SUKPEV__ligand6538-0
158,SUKPEV__ligand2142-0
159,SUKPEV__ligand2864-0
160,SUKPEV__ligand353-0
161,SUKPEV__ligand7414-0
162,SUKPEV__ligand5762-0
163,SUKPEV__ligand1104-0
164,SUKPEV__ligand1019-0
165,SUKPEV__ligand2442-0
166,SUKPEV__ligand10479-0
167,SUKPEV__ligand1325-0
168,SUKPEV__ligand2482-0
169,SUKPEV__ligand236-0
170,SUKPEV__ligand8-0
171,SUKPEV__ligand6571-0
172,SUKPEV__ligand113-0
173,SUKPEV__ligand2376-0
174,SUKPEV__ligand2929-0
175,SUKPEV__ligand422-0
176,SUKPEV__ligand10114-0
177,SUKPEV__ligand1299-0
178,SUKPEV__ligand6430-0
179,SUKPEV__ligand1221-0
180,SUKPEV__ligand1264-0
181,SUKPEV__ligand196-0
182,SUKPEV__ligand1379-0
183,SUKPEV__ligand502-0
184,SUKPEV__ligand2916-0
185,SUKPEV__ligand2110-0
186,SUKPEV__ligand3579-0
187,SUKPEV__ligand1712-0
188,SUKPEV__ligand2389-0
189,SUKPEV__ligand210-0
190,SUKPEV__ligand1919-0
191,SUKPEV__ligand10910-0
192,SUKPEV__ligand170-0
193,SUKPEV__ligand78-0
194,SUKPEV__ligand2315-0
195,SUKPEV__ligand85-0
196,SUKPEV__ligand1898-0
197,SUKPEV__ligand4504-0
198,SUKPEV__ligand3051-0
199,SUKPEV__ligand2480-0
200,SUKPEV__ligand5334-0
201,SUKPEV__ligand391-0
202,SUKPEV__ligand481-0
203,SUKPEV__ligand314-0
204,SUKPEV__ligand14530-0
205,SUKPEV__ligand8032-0
206,SUKPEV__ligand45-0
207,SUKPEV__ligand1858-0
208,SUKPEV__ligand5089-0
209,SUKPEV__ligand2599-0
210,SUKPEV__ligand3853-0
211,SUKPEV__ligand2853-0
212,SUKPEV__ligand6166-0
213,SUKPEV__ligand784-0
214,SUKPEV__ligand355-0
215,SUKPEV__ligand1246-0
216,SUKPEV__ligand485-0
217,SUKPEV__ligand291-0
218,SUKPEV__ligand115-0
219,SUKPEV__ligand1307-0
220,SUKPEV__ligand4811-0
221,SUKPEV__ligand1449-1
222,SUKPEV__ligand682-0
223,SUKPEV__ligand3337-0
224,SUKPEV__ligand7514-0
225,SUKPEV__ligand67-0
226,SUKPEV__ligand9620-0
227,SUKPEV__ligand4894-0
228,SUKPEV__ligand1260-0
229,SUKPEV__ligand522-0
230,SUKPEV__ligand1788-0
231,SUKPEV__ligand666-0
232,SUKPEV__ligand487-0
233,SUKPEV__ligand447-0
234,SUKPEV__ligand1178-0
235,SUKPEV__ligand3566-0
236,SUKPEV__ligand133-0
237,SUKPEV__ligand1321-0
238,SUKPEV__ligand1918-0
239,SUKPEV__ligand421-0
240,SUKPEV__ligand798-0
241,SUKPEV__ligand18-0
242,SUKPEV__ligand916-0
243,SUKPEV__ligand584-0
244,SUKPEV__ligand294-0
245,SUKPEV__ligand4175-0
246,SUKPEV__ligand993-0
247,SUKPEV__ligand331-0
248,SUKPEV__ligand2255-0
249,SUKPEV__ligand1436-0
250,SUKPEV__ligand10357-0
251,SUKPEV__ligand525-0
252,SUKPEV__ligand560-0
253,SUKPEV__ligand109-0
254,SUKPEV__ligand15630-0
255,SUKPEV__ligand3618-0
256,SUKPEV__ligand2618-0
257,SUKPEV__ligand4370-0
258,SUKPEV__ligand390-0
259,SUKPEV__ligand134-0
260,SUKPEV__ligand932-0
261,SUKPEV__ligand235-0
262,SUKPEV__ligand868-0
263,SUKPEV__ligand2526-0
264,SUKPEV__ligand442-0
265,SUKPEV__ligand1551-0
266,SUKPEV__ligand86-0
267,SUKPEV__ligand136-0
268,SUKPEV__ligand2707-0
269,SUKPEV__ligand1690-0
270,SUKPEV__ligand783-0
271,SUKPEV__ligand352-0
272,SUKPEV__ligand197-0
273,SUKPEV__ligand62-0
274,SUKPEV__ligand296-0
275,SUKPEV__ligand2915-0
276,SUKPEV__ligand4012-0
277,SUKPEV__ligand3196-0
278,SUKPEV__ligand112-0
279,SUKPEV__ligand2954-0
280,SUKPEV__ligand5093-0
281,SUKPEV__ligand830-0
282,SUKPEV__ligand2253-0
283,SUKPEV__ligand1160-0
284,SUKPEV__ligand66-0
285,SUKPEV__ligand1038-0
286,SUKPEV__ligand2762-0
287,SUKPEV__ligand193-0
288,SUKPEV__ligand252-0
289,SUKPEV__ligand955-0
290,SUKPEV__ligand7550-0
291,SUKPEV__ligand934-0
292,SUKPEV__ligand177-0
293,SUKPEV__ligand7630-0
294,SUKPEV__ligand1555-0
295,SUKPEV__ligand1285-0
296,SUKPEV__ligand1907-0
297,SUKPEV__ligand851-0
298,SUKPEV__ligand4423-0
299,SUKPEV__ligand909-0
300,SUKPEV__ligand3890-0
301,SUKPEV__ligand311-0
302,SUKPEV__ligand7456-0
303,SUKPEV__ligand1818-0
304,SUKPEV__ligand40-0
305,SUKPEV__ligand188-0
306,SUKPEV__ligand3852-0
307,SUKPEV__ligand3478-0
308,SUKPEV__ligand38-0
309,SUKPEV__ligand5758-0
310,SUKPEV__ligand369-0
311,SUKPEV__ligand444-0
312,SUKPEV__ligand1493-0
313,SUKPEV__ligand3070-0
314,SUKPEV__ligand3035-0
315,SUKPEV__ligand2718-0
316,SUKPEV__ligand250-0
317,SUKPEV__ligand460-0
318,SUKPEV__ligand9176-0
319,SUKPEV__ligand3251-0
320,SUKPEV__ligand370-0
321,SUKPEV__ligand5235-0
322,SUKPEV__ligand6143-0
323,SUKPEV__ligand21-0
324,SUKPEV__ligand4619-0
