,TMC
0,DPCBWC__ligand21752-0
1,DPCBWC__ligand560-0
2,DPCBWC__ligand14339-0
3,DPCBWC__ligand2203-0
4,DPCBWC__ligand30788-0
5,DPCBWC__ligand5387-0
6,DPCBWC__ligand13691-0
7,DPCBWC__ligand1289-0
8,DPCBWC__ligand1599-0
9,DPCBWC__ligand2612-0
10,DPCBWC__ligand18757-0
11,DPCBWC__ligand24560-0
12,DPCBWC__ligand134-0
13,DPCBWC__ligand20844-0
14,DPCBWC__ligand18413-0
15,DPCBWC__ligand235-0
16,DPCBWC__ligand9450-0
17,DPCBWC__ligand24624-0
18,DPCBWC__ligand20557-0
19,DPCBWC__ligand30004-0
20,DPCBWC__ligand9943-0
21,DPCBWC__ligand1228-0
22,DPCBWC__ligand1604-0
23,DPCBWC__ligand421-0
24,DPCBWC__ligand685-0
25,DPCBWC__ligand1832-0
26,DPCBWC__ligand8788-0
27,DPCBWC__ligand2043-0
28,DPCBWC__ligand13755-0
29,DPCBWC__ligand16133-0
30,DPCBWC__ligand294-0
31,DPCBWC__ligand20432-0
32,DPCBWC__ligand27122-0
33,DPCBWC__ligand2417-0
34,DPCBWC__ligand23445-0
35,DPCBWC__ligand24953-0
36,DPCBWC__ligand21940-0
37,DPCBWC__ligand25048-0
38,DPCBWC__ligand1114-0
39,DPCBWC__ligand9284-0
40,DPCBWC__ligand38-0
41,DPCBWC__ligand3126-0
42,DPCBWC__ligand6391-0
43,DPCBWC__ligand197-0
44,DPCBWC__ligand9323-0
45,DPCBWC__ligand20731-0
46,DPCBWC__ligand7273-0
47,DPCBWC__ligand12413-0
48,DPCBWC__ligand29334-0
49,DPCBWC__ligand11798-0
50,DPCBWC__ligand7172-0
51,DPCBWC__ligand2124-0
52,DPCBWC__ligand14477-0
53,DPCBWC__ligand8612-0
54,DPCBWC__ligand17069-0
55,DPCBWC__ligand17445-0
56,DPCBWC__ligand7092-0
57,DPCBWC__ligand2260-0
58,DPCBWC__ligand3225-0
59,DPCBWC__ligand1153-0
60,DPCBWC__ligand1116-0
61,DPCBWC__ligand5708-0
62,DPCBWC__ligand29214-0
63,DPCBWC__ligand7316-0
64,DPCBWC__ligand11544-0
65,DPCBWC__ligand6017-0
66,DPCBWC__ligand11501-0
67,DPCBWC__ligand42-0
68,DPCBWC__ligand21448-0
69,DPCBWC__ligand5180-0
70,DPCBWC__ligand22357-0
71,DPCBWC__ligand11758-0
72,DPCBWC__ligand868-0
73,DPCBWC__ligand66-0
74,DPCBWC__ligand3178-0
75,DPCBWC__ligand14007-0
76,DPCBWC__ligand4807-0
77,DPCBWC__ligand18019-1
78,DPCBWC__ligand5159-0
79,DPCBWC__ligand27550-0
80,DPCBWC__ligand7196-0
81,DPCBWC__ligand9753-0
82,DPCBWC__ligand1356-0
83,DPCBWC__ligand1787-0
84,DPCBWC__ligand5530-0
85,DPCBWC__ligand20942-1
86,DPCBWC__ligand16956-0
87,DPCBWC__ligand21339-0
88,DPCBWC__ligand14226-0
89,DPCBWC__ligand4649-0
90,DPCBWC__ligand8793-0
91,DPCBWC__ligand2788-0
92,DPCBWC__ligand5649-0
93,DPCBWC__ligand352-0
94,DPCBWC__ligand783-0
95,DPCBWC__ligand23682-0
96,DPCBWC__ligand4711-0
97,DPCBWC__ligand29565-0
98,DPCBWC__ligand3244-0
99,DPCBWC__ligand27771-0
100,DPCBWC__ligand18158-0
101,DPCBWC__ligand2906-0
102,DPCBWC__ligand27610-0
103,DPCBWC__ligand10479-0
104,DPCBWC__ligand11479-0
105,DPCBWC__ligand177-0
106,DPCBWC__ligand1317-0
107,DPCBWC__ligand3867-0
108,DPCBWC__ligand2822-0
109,DPCBWC__ligand7293-0
110,DPCBWC__ligand29441-0
111,DPCBWC__ligand10853-0
112,DPCBWC__ligand2238-0
113,DPCBWC__ligand24851-0
114,DPCBWC__ligand14302-0
115,DPCBWC__ligand14347-0
116,DPCBWC__ligand13657-0
117,DPCBWC__ligand5304-0
118,DPCBWC__ligand20530-0
119,DPCBWC__ligand9167-0
120,DPCBWC__ligand11698-0
121,DPCBWC__ligand20220-0
122,DPCBWC__ligand7762-0
123,DPCBWC__ligand5080-0
124,DPCBWC__ligand20121-0
125,DPCBWC__ligand15387-0
126,DPCBWC__ligand1407-0
127,DPCBWC__ligand909-0
128,DPCBWC__ligand6117-0
129,DPCBWC__ligand16952-0
130,DPCBWC__ligand29813-0
131,DPCBWC__ligand5509-0
132,DPCBWC__ligand8002-0
133,DPCBWC__ligand10151-0
134,DPCBWC__ligand2221-0
135,DPCBWC__ligand372-0
136,DPCBWC__ligand3120-0
137,DPCBWC__ligand3926-0
138,DPCBWC__ligand4358-0
139,DPCBWC__ligand830-0
140,DPCBWC__ligand193-0
141,DPCBWC__ligand5595-0
142,DPCBWC__ligand4101-0
143,DPCBWC__ligand22353-0
144,DPCBWC__ligand252-0
145,DPCBWC__ligand1376-0
146,DPCBWC__ligand5510-0
147,DPCBWC__ligand9773-0
148,DPCBWC__ligand116-0
149,DPCBWC__ligand5099-0
150,DPCBWC__ligand8592-0
151,DPCBWC__ligand19906-0
152,DPCBWC__ligand1197-0
153,DPCBWC__ligand19668-0
154,DPCBWC__ligand2259-0
155,DPCBWC__ligand1296-0
156,DPCBWC__ligand26673-0
157,DPCBWC__ligand20821-0
158,DPCBWC__ligand6699-0
159,DPCBWC__ligand250-0
160,DPCBWC__ligand1294-0
161,DPCBWC__ligand11606-0
162,DPCBWC__ligand1168-0
163,DPCBWC__ligand3632-0
164,DPCBWC__ligand3677-0
165,DPCBWC__ligand31000-0
166,DPCBWC__ligand11252-0
167,DPCBWC__ligand1211-0
168,DPCBWC__ligand370-0
169,DPCBWC__ligand10582-0
170,DPCBWC__ligand6892-0
171,DPCBWC__ligand13260-0
172,DPCBWC__ligand2881-0
173,DPCBWC__ligand1499-0
174,DPCBWC__ligand1464-0
175,DPCBWC__ligand3712-0
176,DPCBWC__ligand19824-0
177,DPCBWC__ligand18067-0
178,DPCBWC__ligand5383-0
179,DPCBWC__ligand2693-0
180,DPCBWC__ligand11177-0
181,DPCBWC__ligand479-0
182,DPCBWC__ligand785-0
183,DPCBWC__ligand311-0
184,DPCBWC__ligand15455-0
185,DPCBWC__ligand3945-0
186,DPCBWC__ligand18-0
187,DPCBWC__ligand620-0
188,DPCBWC__ligand8000-0
189,DPCBWC__ligand370-1
190,DPCBWC__ligand3736-0
191,DPCBWC__ligand31205-0
192,DPCBWC__ligand9344-0
193,DPCBWC__ligand564-0
194,DPCBWC__ligand25658-0
195,DPCBWC__ligand17686-0
196,DPCBWC__ligand188-0
197,DPCBWC__ligand11814-0
198,DPCBWC__ligand9883-0
199,DPCBWC__ligand3677-1
200,DPCBWC__ligand16603-0
201,DPCBWC__ligand7291-0
202,DPCBWC__ligand9299-0
203,DPCBWC__ligand16870-0
204,DPCBWC__ligand4007-0
205,DPCBWC__ligand11622-0
206,DPCBWC__ligand2985-0
207,DPCBWC__ligand6663-0
208,DPCBWC__ligand5515-0
209,DPCBWC__ligand12003-0
210,DPCBWC__ligand16148-0
211,DPCBWC__ligand26631-0
212,DPCBWC__ligand1831-0
213,DPCBWC__ligand21399-0
214,DPCBWC__ligand5614-0
215,DPCBWC__ligand10872-0
216,DPCBWC__ligand5280-0
217,DPCBWC__ligand686-0
218,DPCBWC__ligand422-0
219,DPCBWC__ligand29215-0
220,DPCBWC__ligand43-0
221,DPCBWC__ligand1216-0
222,DPCBWC__ligand27754-0
223,DPCBWC__ligand20695-0
224,DPCBWC__ligand28540-0
225,DPCBWC__ligand11111-0
226,DPCBWC__ligand3261-0
227,DPCBWC__ligand1152-0
228,DPCBWC__ligand16369-0
229,DPCBWC__ligand5019-0
230,DPCBWC__ligand1849-0
231,DPCBWC__ligand196-0
232,DPCBWC__ligand22403-0
233,DPCBWC__ligand353-0
234,DPCBWC__ligand11618-0
235,DPCBWC__ligand5755-0
236,DPCBWC__ligand4710-0
237,DPCBWC__ligand5085-0
238,DPCBWC__ligand3144-0
239,DPCBWC__ligand6112-0
240,DPCBWC__ligand8042-0
241,DPCBWC__ligand7213-0
242,DPCBWC__ligand1397-0
243,DPCBWC__ligand26529-0
244,DPCBWC__ligand1828-0
245,DPCBWC__ligand21729-0
246,DPCBWC__ligand27239-0
247,DPCBWC__ligand5630-0
248,DPCBWC__ligand1786-0
249,DPCBWC__ligand3285-0
250,DPCBWC__ligand4795-0
251,DPCBWC__ligand67-0
252,DPCBWC__ligand19927-0
253,DPCBWC__ligand393-0
254,DPCBWC__ligand14043-0
255,DPCBWC__ligand28559-0
256,DPCBWC__ligand26324-0
257,DPCBWC__ligand1908-0
258,DPCBWC__ligand618-0
259,DPCBWC__ligand25561-0
260,DPCBWC__ligand9750-0
261,DPCBWC__ligand1817-0
262,DPCBWC__ligand6993-0
263,DPCBWC__ligand1779-0
264,DPCBWC__ligand1149-0
265,DPCBWC__ligand11949-0
266,DPCBWC__ligand3557-0
267,DPCBWC__ligand3980-0
268,DPCBWC__ligand12138-0
269,DPCBWC__ligand24780-0
270,DPCBWC__ligand391-0
271,DPCBWC__ligand22129-0
272,DPCBWC__ligand7075-0
273,DPCBWC__ligand813-0
274,DPCBWC__ligand17427-0
275,DPCBWC__ligand314-0
276,DPCBWC__ligand1288-0
277,DPCBWC__ligand780-0
278,DPCBWC__ligand31694-0
279,DPCBWC__ligand4167-0
280,DPCBWC__ligand9491-0
281,DPCBWC__ligand4266-0
282,DPCBWC__ligand29486-0
283,DPCBWC__ligand1400-0
284,DPCBWC__ligand11587-0
285,DPCBWC__ligand13220-0
286,DPCBWC__ligand1150-0
287,DPCBWC__ligand23175-0
288,DPCBWC__ligand1539-0
289,DPCBWC__ligand15788-0
290,DPCBWC__ligand17396-0
291,DPCBWC__ligand4207-0
292,DPCBWC__ligand314-1
293,DPCBWC__ligand13385-0
294,DPCBWC__ligand14569-0
295,DPCBWC__ligand3416-0
296,DPCBWC__ligand3453-0
297,DPCBWC__ligand24111-0
298,DPCBWC__ligand22444-0
299,DPCBWC__ligand24644-0
300,DPCBWC__ligand10033-0
301,DPCBWC__ligand3042-0
302,DPCBWC__ligand12001-0
303,DPCBWC__ligand30728-0
304,DPCBWC__ligand27840-0
305,DPCBWC__ligand4063-0
306,DPCBWC__ligand8200-0
307,DPCBWC__ligand7438-0
308,DPCBWC__ligand24872-0
309,DPCBWC__ligand465-0
310,DPCBWC__ligand4596-0
311,DPCBWC__ligand16988-0
312,DPCBWC__ligand1498-0
313,DPCBWC__ligand25913-0
314,DPCBWC__ligand9615-0
315,DPCBWC__ligand833-0
316,DPCBWC__ligand30711-0
317,DPCBWC__ligand20207-0
318,DPCBWC__ligand78-0
319,DPCBWC__ligand11682-0
320,DPCBWC__ligand1154-0
321,DPCBWC__ligand8529-0
322,DPCBWC__ligand1169-0
323,DPCBWC__ligand24035-0
324,DPCBWC__ligand11994-0
325,DPCBWC__ligand45-0
326,DPCBWC__ligand31842-0
327,DPCBWC__ligand31044-0
328,DPCBWC__ligand115-0
329,DPCBWC__ligand16663-0
330,DPCBWC__ligand14614-0
331,DPCBWC__ligand22294-0
332,DPCBWC__ligand395-0
333,DPCBWC__ligand28930-0
334,DPCBWC__ligand24-0
335,DPCBWC__ligand22168-0
336,DPCBWC__ligand21919-0
337,DPCBWC__ligand368-0
338,DPCBWC__ligand1050-0
339,DPCBWC__ligand1015-0
340,DPCBWC__ligand10056-0
341,DPCBWC__ligand12365-0
342,DPCBWC__ligand13862-0
343,DPCBWC__ligand11357-0
344,DPCBWC__ligand15531-0
345,DPCBWC__ligand2027-0
346,DPCBWC__ligand28743-0
347,DPCBWC__ligand24230-0
348,DPCBWC__ligand28810-0
349,DPCBWC__ligand11447-0
350,DPCBWC__ligand11096-0
351,DPCBWC__ligand4262-0
352,DPCBWC__ligand1028-0
353,DPCBWC__ligand19792-0
354,DPCBWC__ligand10828-0
355,DPCBWC__ligand15926-0
356,DPCBWC__ligand2692-0
357,DPCBWC__ligand11970-0
358,DPCBWC__ligand1618-0
359,DPCBWC__ligand784-0
360,DPCBWC__ligand15883-0
361,DPCBWC__ligand19-0
362,DPCBWC__ligand8-0
363,DPCBWC__ligand4124-0
364,DPCBWC__ligand4161-0
365,DPCBWC__ligand13477-0
366,DPCBWC__ligand14167-0
367,DPCBWC__ligand3471-0
368,DPCBWC__ligand27669-0
369,DPCBWC__ligand30142-0
370,DPCBWC__ligand487-0
371,DPCBWC__ligand5415-0
372,DPCBWC__ligand3180-0
373,DPCBWC__ligand23197-0
374,DPCBWC__ligand447-0
375,DPCBWC__ligand4340-0
376,DPCBWC__ligand2281-0
377,DPCBWC__ligand2650-0
378,DPCBWC__ligand746-0
379,DPCBWC__ligand27285-0
380,DPCBWC__ligand176-0
381,DPCBWC__ligand29029-0
382,DPCBWC__ligand2823-0
383,DPCBWC__ligand6995-0
384,DPCBWC__ligand8593-0
385,DPCBWC__ligand9944-0
386,DPCBWC__ligand13672-0
387,DPCBWC__ligand28685-0
388,DPCBWC__ligand18568-0
389,DPCBWC__ligand7566-0
390,DPCBWC__ligand2001-0
391,DPCBWC__ligand10371-0
392,DPCBWC__ligand152-0
393,DPCBWC__ligand5201-0
394,DPCBWC__ligand506-0
395,DPCBWC__ligand28459-0
396,DPCBWC__ligand18448-0
397,DPCBWC__ligand12453-0
398,DPCBWC__ligand1113-0
399,DPCBWC__ligand19184-0
400,DPCBWC__ligand8553-0
401,DPCBWC__ligand126-0
402,DPCBWC__ligand163-0
403,DPCBWC__ligand30296-0
404,DPCBWC__ligand17281-0
405,DPCBWC__ligand26540-0
406,DPCBWC__ligand12337-0
407,DPCBWC__ligand7557-0
408,DPCBWC__ligand29410-0
409,DPCBWC__ligand1496-0
410,DPCBWC__ligand30333-0
411,DPCBWC__ligand12606-0
412,DPCBWC__ligand1533-0
413,DPCBWC__ligand845-0
414,DPCBWC__ligand5892-0
415,DPCBWC__ligand5094-0
416,DPCBWC__ligand27460-0
417,DPCBWC__ligand1712-0
418,DPCBWC__ligand4131-0
419,DPCBWC__ligand12427-0
420,DPCBWC__ligand28468-0
421,DPCBWC__ligand20740-0
422,DPCBWC__ligand16628-0
423,DPCBWC__ligand1900-0
424,DPCBWC__ligand14723-0
425,DPCBWC__ligand27893-0
426,DPCBWC__ligand366-0
427,DPCBWC__ligand9197-0
428,DPCBWC__ligand15422-0
429,DPCBWC__ligand20578-0
430,DPCBWC__ligand12934-0
431,DPCBWC__ligand19641-0
432,DPCBWC__ligand18832-0
433,DPCBWC__ligand27175-0
434,DPCBWC__ligand3029-0
435,DPCBWC__ligand657-0
436,DPCBWC__ligand23713-0
437,DPCBWC__ligand7162-0
438,DPCBWC__ligand2328-0
439,DPCBWC__ligand187-0
440,DPCBWC__ligand4581-0
441,DPCBWC__ligand1773-0
442,DPCBWC__ligand30988-0
443,DPCBWC__ligand2781-0
444,DPCBWC__ligand7573-0
445,DPCBWC__ligand14297-0
446,DPCBWC__ligand3350-0
447,DPCBWC__ligand14603-0
448,DPCBWC__ligand4-0
449,DPCBWC__ligand17258-0
450,DPCBWC__ligand17631-0
451,DPCBWC__ligand1327-0
452,DPCBWC__ligand6672-0
453,DPCBWC__ligand13012-0
454,DPCBWC__ligand9809-0
455,DPCBWC__ligand941-0
456,DPCBWC__ligand596-0
457,DPCBWC__ligand26665-0
458,DPCBWC__ligand8722-0
459,DPCBWC__ligand777-0
460,DPCBWC__ligand17-0
461,DPCBWC__ligand31783-0
462,DPCBWC__ligand3208-0
463,DPCBWC__ligand2208-0
464,DPCBWC__ligand24185-0
465,DPCBWC__ligand23769-0
466,DPCBWC__ligand201-0
467,DPCBWC__ligand1709-0
468,DPCBWC__ligand8464-0
469,DPCBWC__ligand25178-0
470,DPCBWC__ligand8349-0
471,DPCBWC__ligand2527-0
472,DPCBWC__ligand17302-0
473,DPCBWC__ligand17805-0
474,DPCBWC__ligand12289-0
475,DPCBWC__ligand18292-0
476,DPCBWC__ligand13658-0
477,DPCBWC__ligand26702-0
478,DPCBWC__ligand17387-0
479,DPCBWC__ligand12130-0
480,DPCBWC__ligand5849-0
481,DPCBWC__ligand321-0
482,DPCBWC__ligand12231-0
483,DPCBWC__ligand4911-0
484,DPCBWC__ligand279-0
485,DPCBWC__ligand1771-0
486,DPCBWC__ligand15585-0
487,DPCBWC__ligand12401-0
488,DPCBWC__ligand24145-0
489,DPCBWC__ligand185-0
490,DPCBWC__ligand178-0
491,DPCBWC__ligand3392-0
492,DPCBWC__ligand10476-0
493,DPCBWC__ligand19830-0
494,DPCBWC__ligand13068-0
495,DPCBWC__ligand1165-0
496,DPCBWC__ligand9525-0
497,DPCBWC__ligand3157-0
498,DPCBWC__ligand10262-0
499,DPCBWC__ligand28676-0
500,DPCBWC__ligand49-0
501,DPCBWC__ligand27763-0
502,DPCBWC__ligand18814-0
503,DPCBWC__ligand19057-0
504,DPCBWC__ligand1379-0
505,DPCBWC__ligand2722-0
506,DPCBWC__ligand29302-0
507,DPCBWC__ligand13425-0
508,DPCBWC__ligand5935-0
509,DPCBWC__ligand1768-0
510,DPCBWC__ligand14108-0
511,DPCBWC__ligand3871-0
512,DPCBWC__ligand1469-0
513,DPCBWC__ligand1688-0
514,DPCBWC__ligand12641-0
515,DPCBWC__ligand5357-0
516,DPCBWC__ligand3647-0
517,DPCBWC__ligand89-0
518,DPCBWC__ligand10958-0
519,DPCBWC__ligand5056-0
520,DPCBWC__ligand338-0
521,DPCBWC__ligand4850-0
522,DPCBWC__ligand7529-0
523,DPCBWC__ligand14174-0
524,DPCBWC__ligand10712-0
525,DPCBWC__ligand1415-0
526,DPCBWC__ligand6946-0
527,DPCBWC__ligand11456-0
528,DPCBWC__ligand9148-0
529,DPCBWC__ligand768-0
530,DPCBWC__ligand25411-0
531,DPCBWC__ligand5483-0
532,DPCBWC__ligand384-0
533,DPCBWC__ligand31832-0
534,DPCBWC__ligand5316-0
535,DPCBWC__ligand13294-0
536,DPCBWC__ligand2830-0
537,DPCBWC__ligand12030-0
538,DPCBWC__ligand29879-0
539,DPCBWC__ligand14248-0
540,DPCBWC__ligand5627-0
541,DPCBWC__ligand28884-0
542,DPCBWC__ligand13331-0
543,DPCBWC__ligand1729-0
544,DPCBWC__ligand11-0
545,DPCBWC__ligand4332-0
546,DPCBWC__ligand26810-0
547,DPCBWC__ligand27482-0
548,DPCBWC__ligand9681-0
549,DPCBWC__ligand13208-0
550,DPCBWC__ligand240-0
551,DPCBWC__ligand7530-0
552,DPCBWC__ligand1065-0
553,DPCBWC__ligand1449-0
554,DPCBWC__ligand141-0
555,DPCBWC__ligand3012-0
556,DPCBWC__ligand13390-0
557,DPCBWC__ligand2403-0
558,DPCBWC__ligand6455-0
559,DPCBWC__ligand6882-0
560,DPCBWC__ligand69-0
561,DPCBWC__ligand20682-0
562,DPCBWC__ligand3934-0
563,DPCBWC__ligand14117-0
564,DPCBWC__ligand17261-0
565,DPCBWC__ligand2068-0
566,DPCBWC__ligand7925-0
567,DPCBWC__ligand3973-0
568,DPCBWC__ligand20539-0
569,DPCBWC__ligand20251-0
570,DPCBWC__ligand30702-0
571,DPCBWC__ligand20214-0
572,DPCBWC__ligand1147-0
573,DPCBWC__ligand21581-0
574,DPCBWC__ligand31097-0
575,DPCBWC__ligand29568-0
576,DPCBWC__ligand14889-0
577,DPCBWC__ligand2599-0
578,DPCBWC__ligand30851-0
579,DPCBWC__ligand4330-0
580,DPCBWC__ligand20419-0
581,DPCBWC__ligand4194-0
582,DPCBWC__ligand21371-0
583,DPCBWC__ligand17118-0
584,DPCBWC__ligand7532-0
585,DPCBWC__ligand693-0
586,DPCBWC__ligand28789-0
587,DPCBWC__ligand6062-0
588,DPCBWC__ligand757-0
589,DPCBWC__ligand17398-0
590,DPCBWC__ligand5813-0
591,DPCBWC__ligand20598-0
592,DPCBWC__ligand11675-0
593,DPCBWC__ligand4813-0
594,DPCBWC__ligand4738-0
595,DPCBWC__ligand24047-0
596,DPCBWC__ligand10589-0
597,DPCBWC__ligand22557-0
598,DPCBWC__ligand20011-0
599,DPCBWC__ligand17278-0
600,DPCBWC__ligand17982-0
601,DPCBWC__ligand29414-0
602,DPCBWC__ligand122-0
603,DPCBWC__ligand6283-0
604,DPCBWC__ligand7107-0
605,DPCBWC__ligand20251-1
606,DPCBWC__ligand14703-0
607,DPCBWC__ligand3215-0
608,DPCBWC__ligand16475-0
609,DPCBWC__ligand4116-0
610,DPCBWC__ligand1018-0
611,DPCBWC__ligand26277-0
612,DPCBWC__ligand29898-0
613,DPCBWC__ligand3707-0
614,DPCBWC__ligand31618-0
615,DPCBWC__ligand6124-0
616,DPCBWC__ligand11432-0
617,DPCBWC__ligand10432-0
618,DPCBWC__ligand7967-0
619,DPCBWC__ligand22755-0
620,DPCBWC__ligand9601-0
621,DPCBWC__ligand8992-0
622,DPCBWC__ligand91-0
623,DPCBWC__ligand2526-0
624,DPCBWC__ligand5036-0
625,DPCBWC__ligand1615-0
626,DPCBWC__ligand358-0
627,DPCBWC__ligand24064-0
628,DPCBWC__ligand430-0
629,DPCBWC__ligand51-0
630,DPCBWC__ligand488-0
631,DPCBWC__ligand23589-0
632,DPCBWC__ligand9952-0
633,DPCBWC__ligand9111-0
634,DPCBWC__ligand8721-0
635,DPCBWC__ligand1324-0
636,DPCBWC__ligand694-0
637,DPCBWC__ligand15168-0
638,DPCBWC__ligand5643-0
639,DPCBWC__ligand1823-0
640,DPCBWC__ligand9933-0
641,DPCBWC__ligand15438-0
642,DPCBWC__ligand28924-0
643,DPCBWC__ligand1530-0
644,DPCBWC__ligand1575-0
645,DPCBWC__ligand1631-0
646,DPCBWC__ligand2332-0
647,DPCBWC__ligand29087-0
648,DPCBWC__ligand9441-0
649,DPCBWC__ligand18703-0
650,DPCBWC__ligand25224-0
651,DPCBWC__ligand18013-0
652,DPCBWC__ligand670-0
653,DPCBWC__ligand1378-0
654,DPCBWC__ligand17945-0
655,DPCBWC__ligand571-0
656,DPCBWC__ligand534-0
657,DPCBWC__ligand6244-0
658,DPCBWC__ligand31578-0
659,DPCBWC__ligand17207-0
660,DPCBWC__ligand24750-0
661,DPCBWC__ligand3156-0
662,DPCBWC__ligand2915-0
663,DPCBWC__ligand48-0
664,DPCBWC__ligand3465-0
665,DPCBWC__ligand17240-0
666,DPCBWC__ligand3721-0
667,DPCBWC__ligand6904-0
668,DPCBWC__ligand6596-0
669,DPCBWC__ligand6102-0
670,DPCBWC__ligand17590-0
671,DPCBWC__ligand7819-0
672,DPCBWC__ligand2917-0
673,DPCBWC__ligand12682-0
674,DPCBWC__ligand18699-0
675,DPCBWC__ligand416-0
676,DPCBWC__ligand2295-0
677,DPCBWC__ligand32-0
678,DPCBWC__ligand1577-0
679,DPCBWC__ligand6067-0
680,DPCBWC__ligand383-0
681,DPCBWC__ligand162-0
682,DPCBWC__ligand13072-0
683,DPCBWC__ligand226-0
684,DPCBWC__ligand12336-0
685,DPCBWC__ligand4620-0
686,DPCBWC__ligand31483-0
687,DPCBWC__ligand10555-0
688,DPCBWC__ligand16-0
689,DPCBWC__ligand4641-0
690,DPCBWC__ligand24613-0
691,DPCBWC__ligand696-0
692,DPCBWC__ligand19725-0
693,DPCBWC__ligand2028-0
694,DPCBWC__ligand8835-0
695,DPCBWC__ligand656-0
696,DPCBWC__ligand21421-0
697,DPCBWC__ligand7126-0
698,DPCBWC__ligand11774-0
699,DPCBWC__ligand14586-0
700,DPCBWC__ligand1142-0
701,DPCBWC__ligand3234-0
702,DPCBWC__ligand20579-0
703,DPCBWC__ligand17710-0
704,DPCBWC__ligand11568-0
705,DPCBWC__ligand2485-0
706,DPCBWC__ligand3852-0
707,DPCBWC__ligand6919-0
708,DPCBWC__ligand18799-0
709,DPCBWC__ligand692-0
710,DPCBWC__ligand1-0
711,DPCBWC__ligand18465-0
712,DPCBWC__ligand436-0
713,DPCBWC__ligand3565-0
714,DPCBWC__ligand16791-0
715,DPCBWC__ligand28668-0
716,DPCBWC__ligand57-0
717,DPCBWC__ligand5331-0
718,DPCBWC__ligand1512-0
719,DPCBWC__ligand3174-0
720,DPCBWC__ligand1202-0
721,DPCBWC__ligand3937-0
722,DPCBWC__ligand3131-0
723,DPCBWC__ligand29610-0
724,DPCBWC__ligand8969-0
725,DPCBWC__ligand6839-0
726,DPCBWC__ligand4720-0
727,DPCBWC__ligand11140-0
728,DPCBWC__ligand326-0
729,DPCBWC__ligand3094-0
730,DPCBWC__ligand4155-0
731,DPCBWC__ligand18074-0
732,DPCBWC__ligand13869-0
733,DPCBWC__ligand29863-0
734,DPCBWC__ligand5211-0
735,DPCBWC__ligand21936-0
736,DPCBWC__ligand13257-0
737,DPCBWC__ligand23904-0
738,DPCBWC__ligand497-0
739,DPCBWC__ligand1263-0
740,DPCBWC__ligand9908-0
741,DPCBWC__ligand10084-0
742,DPCBWC__ligand7106-0
743,DPCBWC__ligand25267-0
744,DPCBWC__ligand633-0
745,DPCBWC__ligand7242-0
746,DPCBWC__ligand12467-0
747,DPCBWC__ligand1844-0
748,DPCBWC__ligand4661-0
749,DPCBWC__ligand3718-0
750,DPCBWC__ligand18391-0
751,DPCBWC__ligand27169-0
752,DPCBWC__ligand3876-0
753,DPCBWC__ligand1343-0
754,DPCBWC__ligand3035-0
755,DPCBWC__ligand14523-0
756,DPCBWC__ligand6616-0
757,DPCBWC__ligand1536-0
758,DPCBWC__ligand1573-0
759,DPCBWC__ligand9935-0
760,DPCBWC__ligand27074-0
761,DPCBWC__ligand20599-0
762,DPCBWC__ligand3504-0
763,DPCBWC__ligand1959-0
764,DPCBWC__ligand25805-0
765,DPCBWC__ligand22981-0
766,DPCBWC__ligand7280-0
767,DPCBWC__ligand25689-0
768,DPCBWC__ligand1790-0
769,DPCBWC__ligand1304-0
770,DPCBWC__ligand21787-0
771,DPCBWC__ligand25575-0
772,DPCBWC__ligand199-0
773,DPCBWC__ligand7238-0
774,DPCBWC__ligand4016-0
775,DPCBWC__ligand1219-0
776,DPCBWC__ligand6709-0
777,DPCBWC__ligand27835-0
778,DPCBWC__ligand12295-0
779,DPCBWC__ligand7867-0
780,DPCBWC__ligand34-0
781,DPCBWC__ligand4442-0
782,DPCBWC__ligand4093-0
783,DPCBWC__ligand3954-0
784,DPCBWC__ligand23906-0
785,DPCBWC__ligand1160-0
786,DPCBWC__ligand11166-0
787,DPCBWC__ligand8699-0
788,DPCBWC__ligand21132-0
789,DPCBWC__ligand300-0
790,DPCBWC__ligand9520-0
791,DPCBWC__ligand9784-0
792,DPCBWC__ligand30539-0
793,DPCBWC__ligand7629-0
794,DPCBWC__ligand1451-0
795,DPCBWC__ligand4272-0
796,DPCBWC__ligand588-0
797,DPCBWC__ligand12519-0
798,DPCBWC__ligand25735-0
799,DPCBWC__ligand324-0
800,DPCBWC__ligand361-0
801,DPCBWC__ligand409-0
802,DPCBWC__ligand2232-0
803,DPCBWC__ligand68-0
804,DPCBWC__ligand9291-0
805,DPCBWC__ligand23124-0
806,DPCBWC__ligand11206-0
807,DPCBWC__ligand2176-0
808,DPCBWC__ligand5256-0
809,DPCBWC__ligand2828-0
810,DPCBWC__ligand8876-0
811,DPCBWC__ligand7648-0
812,DPCBWC__ligand9833-0
813,DPCBWC__ligand4157-0
814,DPCBWC__ligand3-0
815,DPCBWC__ligand25650-0
816,DPCBWC__ligand31248-0
817,DPCBWC__ligand4503-0
818,DPCBWC__ligand4546-0
819,DPCBWC__ligand12660-0
820,DPCBWC__ligand7000-0
821,DPCBWC__ligand55-0
822,DPCBWC__ligand1982-0
823,DPCBWC__ligand6768-0
824,DPCBWC__ligand8115-0
825,DPCBWC__ligand1285-0
826,DPCBWC__ligand13209-0
827,DPCBWC__ligand19257-0
