,TMC
0,HILREB__ligand1148-0
1,HILREB__ligand38-0
2,HILREB__ligand596-0
3,HILREB__ligand1479-0
4,HILREB__ligand861-0
5,HILREB__ligand366-0
6,HILREB__ligand187-0
7,HILREB__ligand3-0
8,HILREB__ligand3246-0
9,HILREB__ligand40-0
10,HILREB__ligand612-0
11,HILREB__ligand1114-0
12,HILREB__ligand21-0
13,HILREB__ligand1538-0
14,HILREB__ligand1228-0
15,HILREB__ligand9244-0
16,HILREB__ligand126-0
17,HILREB__ligand124-0
18,HILREB__ligand2634-0
19,HILREB__ligand1542-0
20,HILREB__ligand3041-0
21,HILREB__ligand2751-0
22,HILREB__ligand119-0
23,HILREB__ligand66-0
24,HILREB__ligand7915-0
25,HILREB__ligand321-0
26,HILREB__ligand5548-0
27,HILREB__ligand6686-0
28,HILREB__ligand1747-0
29,HILREB__ligand1-0
30,HILREB__ligand178-0
31,HILREB__ligand3145-0
32,HILREB__ligand279-0
33,HILREB__ligand3178-0
34,HILREB__ligand244-0
35,HILREB__ligand201-0
36,HILREB__ligand6332-0
37,HILREB__ligand100-0
38,HILREB__ligand2098-0
39,HILREB__ligand6502-0
40,HILREB__ligand2863-0
41,HILREB__ligand2629-0
42,HILREB__ligand4381-0
43,HILREB__ligand1706-0
44,HILREB__ligand3734-0
45,HILREB__ligand141-0
46,HILREB__ligand86-0
47,HILREB__ligand240-0
48,HILREB__ligand384-0
49,HILREB__ligand1376-0
50,HILREB__ligand2768-0
51,HILREB__ligand2688-0
52,HILREB__ligand2259-0
53,HILREB__ligand120-0
54,HILREB__ligand1951-0
55,HILREB__ligand62-0
56,HILREB__ligand1687-0
57,HILREB__ligand11730-0
58,HILREB__ligand6277-0
59,HILREB__ligand1685-0
60,HILREB__ligand2087-0
61,HILREB__ligand1048-0
62,HILREB__ligand3757-0
63,HILREB__ligand797-0
64,HILREB__ligand1459-0
65,HILREB__ligand757-0
66,HILREB__ligand18-0
67,HILREB__ligand1544-0
68,HILREB__ligand3063-0
69,HILREB__ligand1438-0
70,HILREB__ligand5801-0
71,HILREB__ligand1171-0
72,HILREB__ligand571-0
73,HILREB__ligand1152-0
74,HILREB__ligand67-0
75,HILREB__ligand118-0
76,HILREB__ligand670-0
77,HILREB__ligand1727-0
78,HILREB__ligand1607-0
79,HILREB__ligand509-0
80,HILREB__ligand2320-0
81,HILREB__ligand1056-0
82,HILREB__ligand430-0
83,HILREB__ligand2862-0
84,HILREB__ligand358-0
85,HILREB__ligand2285-0
86,HILREB__ligand1567-0
87,HILREB__ligand8921-0
88,HILREB__ligand669-0
89,HILREB__ligand2510-0
90,HILREB__ligand278-0
91,HILREB__ligand2907-0
92,HILREB__ligand365-0
93,HILREB__ligand1703-0
94,HILREB__ligand2430-0
95,HILREB__ligand7464-0
96,HILREB__ligand6294-0
97,HILREB__ligand1054-0
98,HILREB__ligand1598-0
99,HILREB__ligand1248-0
100,HILREB__ligand4303-0
101,HILREB__ligand383-0
102,HILREB__ligand8774-0
103,HILREB__ligand3637-0
104,HILREB__ligand226-0
105,HILREB__ligand162-0
106,HILREB__ligand5022-0
107,HILREB__ligand1169-0
108,HILREB__ligand166-0
109,HILREB__ligand838-0
110,HILREB__ligand5941-0
111,HILREB__ligand2880-0
112,HILREB__ligand497-0
113,HILREB__ligand2838-0
114,HILREB__ligand3838-0
115,HILREB__ligand1799-0
116,HILREB__ligand532-0
117,HILREB__ligand633-0
118,HILREB__ligand918-0
119,HILREB__ligand326-0
120,HILREB__ligand9495-0
121,HILREB__ligand6151-0
122,HILREB__ligand2772-0
123,HILREB__ligand821-0
124,HILREB__ligand6538-0
125,HILREB__ligand6-0
126,HILREB__ligand45-0
127,HILREB__ligand283-0
128,HILREB__ligand2142-0
129,HILREB__ligand553-0
130,HILREB__ligand206-0
131,HILREB__ligand85-0
132,HILREB__ligand78-0
133,HILREB__ligand142-0
134,HILREB__ligand2864-0
135,HILREB__ligand436-0
136,HILREB__ligand105-0
137,HILREB__ligand140-0
138,HILREB__ligand1052-0
139,HILREB__ligand409-0
140,HILREB__ligand361-0
141,HILREB__ligand324-0
142,HILREB__ligand1273-0
143,HILREB__ligand4-0
144,HILREB__ligand9027-0
145,HILREB__ligand1113-0
146,HILREB__ligand2265-0
147,HILREB__ligand6396-0
148,HILREB__ligand575-0
149,HILREB__ligand199-0
150,HILREB__ligand1502-0
151,HILREB__ligand927-0
152,HILREB__ligand2345-0
153,HILREB__ligand2794-0
154,HILREB__ligand1835-0
155,HILREB__ligand4983-0
156,HILREB__ligand993-0
157,HILREB__ligand2110-0
158,HILREB__ligand2916-0
159,HILREB__ligand3579-0
160,HILREB__ligand294-0
161,HILREB__ligand17-0
162,HILREB__ligand1712-0
163,HILREB__ligand331-0
164,HILREB__ligand421-0
165,HILREB__ligand2389-0
166,HILREB__ligand10479-0
167,HILREB__ligand798-0
168,HILREB__ligand916-0
169,HILREB__ligand584-0
170,HILREB__ligand1919-0
171,HILREB__ligand92-0
172,HILREB__ligand2315-0
173,HILREB__ligand390-0
174,HILREB__ligand3051-0
175,HILREB__ligand4504-0
176,HILREB__ligand2480-0
177,HILREB__ligand1898-0
178,HILREB__ligand235-0
179,HILREB__ligand5334-0
180,HILREB__ligand932-0
181,HILREB__ligand134-0
182,HILREB__ligand8-0
183,HILREB__ligand109-0
184,HILREB__ligand10114-0
185,HILREB__ligand560-0
186,HILREB__ligand525-0
187,HILREB__ligand8032-0
188,HILREB__ligand1858-0
189,HILREB__ligand89-0
190,HILREB__ligand10910-0
191,HILREB__ligand7414-0
192,HILREB__ligand5762-0
193,HILREB__ligand1104-0
194,HILREB__ligand2442-0
195,HILREB__ligand1019-0
196,HILREB__ligand783-0
197,HILREB__ligand352-0
198,HILREB__ligand442-0
199,HILREB__ligand1325-0
200,HILREB__ligand2482-0
201,HILREB__ligand6571-0
202,HILREB__ligand868-0
203,HILREB__ligand49-0
204,HILREB__ligand136-0
205,HILREB__ligand2376-0
206,HILREB__ligand14530-0
207,HILREB__ligand2929-0
208,HILREB__ligand112-0
209,HILREB__ligand6430-0
210,HILREB__ligand1299-0
211,HILREB__ligand296-0
212,HILREB__ligand1264-0
213,HILREB__ligand1221-0
214,HILREB__ligand197-0
215,HILREB__ligand1379-0
216,HILREB__ligand955-0
217,HILREB__ligand1449-1
218,HILREB__ligand4811-0
219,HILREB__ligand252-0
220,HILREB__ligand3337-0
221,HILREB__ligand7514-0
222,HILREB__ligand830-0
223,HILREB__ligand1260-0
224,HILREB__ligand4894-0
225,HILREB__ligand9620-0
226,HILREB__ligand193-0
227,HILREB__ligand11-0
228,HILREB__ligand1788-0
229,HILREB__ligand851-0
230,HILREB__ligand909-0
231,HILREB__ligand3566-0
232,HILREB__ligand934-0
233,HILREB__ligand177-0
234,HILREB__ligand1178-0
235,HILREB__ligand1321-0
236,HILREB__ligand5089-0
237,HILREB__ligand2599-0
238,HILREB__ligand188-0
239,HILREB__ligand3853-0
240,HILREB__ligand369-0
241,HILREB__ligand2853-0
242,HILREB__ligand444-0
243,HILREB__ligand311-0
244,HILREB__ligand6166-0
245,HILREB__ligand1246-0
246,HILREB__ligand370-0
247,HILREB__ligand250-0
248,HILREB__ligand460-0
249,HILREB__ligand1307-0
250,HILREB__ligand2526-0
251,HILREB__ligand48-0
252,HILREB__ligand1551-0
253,HILREB__ligand236-0
254,HILREB__ligand2707-0
255,HILREB__ligand353-0
256,HILREB__ligand1690-0
257,HILREB__ligand51-0
258,HILREB__ligand2915-0
259,HILREB__ligand502-0
260,HILREB__ligand196-0
261,HILREB__ligand91-0
262,HILREB__ligand113-0
263,HILREB__ligand29-0
264,HILREB__ligand3196-0
265,HILREB__ligand4012-0
266,HILREB__ligand15630-0
267,HILREB__ligand422-0
268,HILREB__ligand10357-0
269,HILREB__ligand1918-0
270,HILREB__ligand210-0
271,HILREB__ligand4175-0
272,HILREB__ligand2255-0
273,HILREB__ligand314-0
274,HILREB__ligand1436-0
275,HILREB__ligand481-0
276,HILREB__ligand32-0
277,HILREB__ligand3618-0
278,HILREB__ligand2618-0
279,HILREB__ligand4370-0
280,HILREB__ligand170-0
281,HILREB__ligand391-0
282,HILREB__ligand7456-0
283,HILREB__ligand73-0
284,HILREB__ligand1818-0
285,HILREB__ligand485-0
286,HILREB__ligand784-0
287,HILREB__ligand355-0
288,HILREB__ligand3852-0
289,HILREB__ligand3478-0
290,HILREB__ligand5758-0
291,HILREB__ligand1493-0
292,HILREB__ligand2718-0
293,HILREB__ligand3035-0
294,HILREB__ligand3070-0
295,HILREB__ligand9176-0
296,HILREB__ligand115-0
297,HILREB__ligand291-0
298,HILREB__ligand57-0
299,HILREB__ligand3251-0
300,HILREB__ligand5235-0
301,HILREB__ligand6143-0
302,HILREB__ligand4619-0
303,HILREB__ligand5093-0
304,HILREB__ligand2954-0
305,HILREB__ligand2253-0
306,HILREB__ligand55-0
307,HILREB__ligand1160-0
308,HILREB__ligand1038-0
309,HILREB__ligand2762-0
310,HILREB__ligand7550-0
311,HILREB__ligand682-0
312,HILREB__ligand95-0
313,HILREB__ligand447-0
314,HILREB__ligand7630-0
315,HILREB__ligand1555-0
316,HILREB__ligand1285-0
317,HILREB__ligand133-0
318,HILREB__ligand666-0
319,HILREB__ligand34-0
320,HILREB__ligand1907-0
321,HILREB__ligand522-0
322,HILREB__ligand4423-0
323,HILREB__ligand3890-0
324,HILREB__ligand487-0
