,TMC
0,ADOCAA__ligand4620-0
1,ADOCAA__ligand12336-0
2,ADOCAA__ligand2295-0
3,ADOCAA__ligand1577-0
4,ADOCAA__ligand6067-0
5,ADOCAA__ligand250-0
6,ADOCAA__ligand13072-0
7,ADOCAA__ligand7819-0
8,ADOCAA__ligand17590-0
9,ADOCAA__ligand2917-0
10,ADOCAA__ligand17240-0
11,ADOCAA__ligand3465-0
12,ADOCAA__ligand12682-0
13,ADOCAA__ligand18699-0
14,ADOCAA__ligand3721-0
15,ADOCAA__ligand6904-0
16,ADOCAA__ligand6596-0
17,ADOCAA__ligand6102-0
18,ADOCAA__ligand370-0
19,ADOCAA__ligand1142-0
20,ADOCAA__ligand3234-0
21,ADOCAA__ligand370-1
22,ADOCAA__ligand11774-0
23,ADOCAA__ligand14586-0
24,ADOCAA__ligand620-0
25,ADOCAA__ligand21421-0
26,ADOCAA__ligand564-0
27,ADOCAA__ligand311-0
28,ADOCAA__ligand2028-0
29,ADOCAA__ligand785-0
30,ADOCAA__ligand8835-0
31,ADOCAA__ligand17710-0
32,ADOCAA__ligand20579-0
33,ADOCAA__ligand479-0
34,ADOCAA__ligand11568-0
35,ADOCAA__ligand7126-0
36,ADOCAA__ligand4641-0
37,ADOCAA__ligand31483-0
38,ADOCAA__ligand10555-0
39,ADOCAA__ligand19725-0
40,ADOCAA__ligand188-0
41,ADOCAA__ligand24613-0
42,ADOCAA__ligand8721-0
43,ADOCAA__ligand23589-0
44,ADOCAA__ligand1324-0
45,ADOCAA__ligand24064-0
46,ADOCAA__ligand5643-0
47,ADOCAA__ligand1823-0
48,ADOCAA__ligand2526-0
49,ADOCAA__ligand5036-0
50,ADOCAA__ligand15168-0
51,ADOCAA__ligand1615-0
52,ADOCAA__ligand177-0
53,ADOCAA__ligand9952-0
54,ADOCAA__ligand9111-0
55,ADOCAA__ligand11-0
56,ADOCAA__ligand31618-0
57,ADOCAA__ligand11432-0
58,ADOCAA__ligand9601-0
59,ADOCAA__ligand10432-0
60,ADOCAA__ligand69-0
61,ADOCAA__ligand22755-0
62,ADOCAA__ligand8992-0
63,ADOCAA__ligand26277-0
64,ADOCAA__ligand29898-0
65,ADOCAA__ligand909-0
66,ADOCAA__ligand4116-0
67,ADOCAA__ligand8-0
68,ADOCAA__ligand1018-0
69,ADOCAA__ligand3707-0
70,ADOCAA__ligand6124-0
71,ADOCAA__ligand7967-0
72,ADOCAA__ligand31578-0
73,ADOCAA__ligand17207-0
74,ADOCAA__ligand3156-0
75,ADOCAA__ligand25224-0
76,ADOCAA__ligand18013-0
77,ADOCAA__ligand2915-0
78,ADOCAA__ligand193-0
79,ADOCAA__ligand17945-0
80,ADOCAA__ligand372-0
81,ADOCAA__ligand1378-0
82,ADOCAA__ligand830-0
83,ADOCAA__ligand6244-0
84,ADOCAA__ligand24750-0
85,ADOCAA__ligand2332-0
86,ADOCAA__ligand9441-0
87,ADOCAA__ligand15438-0
88,ADOCAA__ligand28924-0
89,ADOCAA__ligand9933-0
90,ADOCAA__ligand252-0
91,ADOCAA__ligand1530-0
92,ADOCAA__ligand18703-0
93,ADOCAA__ligand1575-0
94,ADOCAA__ligand116-0
95,ADOCAA__ligand29087-0
96,ADOCAA__ligand1631-0
97,ADOCAA__ligand11166-0
98,ADOCAA__ligand9784-0
99,ADOCAA__ligand21132-0
100,ADOCAA__ligand7629-0
101,ADOCAA__ligand1451-0
102,ADOCAA__ligand4272-0
103,ADOCAA__ligand23906-0
104,ADOCAA__ligand4442-0
105,ADOCAA__ligand4093-0
106,ADOCAA__ligand49-0
107,ADOCAA__ligand3954-0
108,ADOCAA__ligand197-0
109,ADOCAA__ligand1160-0
110,ADOCAA__ligand8699-0
111,ADOCAA__ligand30539-0
112,ADOCAA__ligand9520-0
113,ADOCAA__ligand89-0
114,ADOCAA__ligand4016-0
115,ADOCAA__ligand25689-0
116,ADOCAA__ligand1219-0
117,ADOCAA__ligand6709-0
118,ADOCAA__ligand21787-0
119,ADOCAA__ligand7867-0
120,ADOCAA__ligand25575-0
121,ADOCAA__ligand7280-0
122,ADOCAA__ligand1790-0
123,ADOCAA__ligand1304-0
124,ADOCAA__ligand27835-0
125,ADOCAA__ligand12295-0
126,ADOCAA__ligand7238-0
127,ADOCAA__ligand7000-0
128,ADOCAA__ligand1982-0
129,ADOCAA__ligand6768-0
130,ADOCAA__ligand8115-0
131,ADOCAA__ligand1285-0
132,ADOCAA__ligand25650-0
133,ADOCAA__ligand31248-0
134,ADOCAA__ligand13209-0
135,ADOCAA__ligand19257-0
136,ADOCAA__ligand868-0
137,ADOCAA__ligand12660-0
138,ADOCAA__ligand4503-0
139,ADOCAA__ligand4546-0
140,ADOCAA__ligand23124-0
141,ADOCAA__ligand5256-0
142,ADOCAA__ligand11206-0
143,ADOCAA__ligand2828-0
144,ADOCAA__ligand8876-0
145,ADOCAA__ligand7648-0
146,ADOCAA__ligand783-0
147,ADOCAA__ligand352-0
148,ADOCAA__ligand9833-0
149,ADOCAA__ligand12519-0
150,ADOCAA__ligand25735-0
151,ADOCAA__ligand4157-0
152,ADOCAA__ligand2232-0
153,ADOCAA__ligand9291-0
154,ADOCAA__ligand2176-0
155,ADOCAA__ligand11140-0
156,ADOCAA__ligand3094-0
157,ADOCAA__ligand4155-0
158,ADOCAA__ligand29610-0
159,ADOCAA__ligand5211-0
160,ADOCAA__ligand3174-0
161,ADOCAA__ligand3937-0
162,ADOCAA__ligand1202-0
163,ADOCAA__ligand3131-0
164,ADOCAA__ligand18074-0
165,ADOCAA__ligand8969-0
166,ADOCAA__ligand13869-0
167,ADOCAA__ligand560-0
168,ADOCAA__ligand29863-0
169,ADOCAA__ligand6839-0
170,ADOCAA__ligand4720-0
171,ADOCAA__ligand18799-0
172,ADOCAA__ligand134-0
173,ADOCAA__ligand3565-0
174,ADOCAA__ligand18465-0
175,ADOCAA__ligand17-0
176,ADOCAA__ligand235-0
177,ADOCAA__ligand5331-0
178,ADOCAA__ligand1512-0
179,ADOCAA__ligand2485-0
180,ADOCAA__ligand3852-0
181,ADOCAA__ligand28668-0
182,ADOCAA__ligand6919-0
183,ADOCAA__ligand16791-0
184,ADOCAA__ligand1536-0
185,ADOCAA__ligand1573-0
186,ADOCAA__ligand18391-0
187,ADOCAA__ligand9935-0
188,ADOCAA__ligand27169-0
189,ADOCAA__ligand685-0
190,ADOCAA__ligand14523-0
191,ADOCAA__ligand3504-0
192,ADOCAA__ligand1959-0
193,ADOCAA__ligand20599-0
194,ADOCAA__ligand25805-0
195,ADOCAA__ligand22981-0
196,ADOCAA__ligand1844-0
197,ADOCAA__ligand4661-0
198,ADOCAA__ligand3718-0
199,ADOCAA__ligand421-0
200,ADOCAA__ligand1343-0
201,ADOCAA__ligand3876-0
202,ADOCAA__ligand3035-0
203,ADOCAA__ligand6616-0
204,ADOCAA__ligand27074-0
205,ADOCAA__ligand23904-0
206,ADOCAA__ligand7106-0
207,ADOCAA__ligand7242-0
208,ADOCAA__ligand21936-0
209,ADOCAA__ligand13257-0
210,ADOCAA__ligand294-0
211,ADOCAA__ligand12467-0
212,ADOCAA__ligand10084-0
213,ADOCAA__ligand25267-0
214,ADOCAA__ligand1263-0
215,ADOCAA__ligand9908-0
216,ADOCAA__ligand4911-0
217,ADOCAA__ligand1771-0
218,ADOCAA__ligand487-0
219,ADOCAA__ligand12231-0
220,ADOCAA__ligand3392-0
221,ADOCAA__ligand12289-0
222,ADOCAA__ligand18292-0
223,ADOCAA__ligand13658-0
224,ADOCAA__ligand26702-0
225,ADOCAA__ligand17387-0
226,ADOCAA__ligand12130-0
227,ADOCAA__ligand10476-0
228,ADOCAA__ligand68-0
229,ADOCAA__ligand19830-0
230,ADOCAA__ligand13068-0
231,ADOCAA__ligand5849-0
232,ADOCAA__ligand15585-0
233,ADOCAA__ligand12401-0
234,ADOCAA__ligand24145-0
235,ADOCAA__ligand2527-0
236,ADOCAA__ligand25178-0
237,ADOCAA__ligand176-0
238,ADOCAA__ligand24185-0
239,ADOCAA__ligand55-0
240,ADOCAA__ligand23769-0
241,ADOCAA__ligand17805-0
242,ADOCAA__ligand447-0
243,ADOCAA__ligand1709-0
244,ADOCAA__ligand17302-0
245,ADOCAA__ligand8464-0
246,ADOCAA__ligand746-0
247,ADOCAA__ligand8349-0
248,ADOCAA__ligand34-0
249,ADOCAA__ligand1688-0
250,ADOCAA__ligand5357-0
251,ADOCAA__ligand3647-0
252,ADOCAA__ligand152-0
253,ADOCAA__ligand14108-0
254,ADOCAA__ligand5056-0
255,ADOCAA__ligand4850-0
256,ADOCAA__ligand10958-0
257,ADOCAA__ligand1768-0
258,ADOCAA__ligand3871-0
259,ADOCAA__ligand1469-0
260,ADOCAA__ligand12641-0
261,ADOCAA__ligand1379-0
262,ADOCAA__ligand10262-0
263,ADOCAA__ligand28676-0
264,ADOCAA__ligand27763-0
265,ADOCAA__ligand2722-0
266,ADOCAA__ligand5935-0
267,ADOCAA__ligand1165-0
268,ADOCAA__ligand29302-0
269,ADOCAA__ligand13425-0
270,ADOCAA__ligand9525-0
271,ADOCAA__ligand18814-0
272,ADOCAA__ligand3157-0
273,ADOCAA__ligand19057-0
274,ADOCAA__ligand506-0
275,ADOCAA__ligand27460-0
276,ADOCAA__ligand1712-0
277,ADOCAA__ligand4131-0
278,ADOCAA__ligand833-0
279,ADOCAA__ligand5892-0
280,ADOCAA__ligand5094-0
281,ADOCAA__ligand16628-0
282,ADOCAA__ligand12427-0
283,ADOCAA__ligand28468-0
284,ADOCAA__ligand20740-0
285,ADOCAA__ligand26540-0
286,ADOCAA__ligand12337-0
287,ADOCAA__ligand115-0
288,ADOCAA__ligand29410-0
289,ADOCAA__ligand1533-0
290,ADOCAA__ligand30296-0
291,ADOCAA__ligand17281-0
292,ADOCAA__ligand12606-0
293,ADOCAA__ligand7557-0
294,ADOCAA__ligand1496-0
295,ADOCAA__ligand30333-0
296,ADOCAA__ligand17631-0
297,ADOCAA__ligand57-0
298,ADOCAA__ligand13012-0
299,ADOCAA__ligand26665-0
300,ADOCAA__ligand3208-0
301,ADOCAA__ligand14297-0
302,ADOCAA__ligand14603-0
303,ADOCAA__ligand2208-0
304,ADOCAA__ligand17258-0
305,ADOCAA__ligand2781-0
306,ADOCAA__ligand31783-0
307,ADOCAA__ligand7573-0
308,ADOCAA__ligand3350-0
309,ADOCAA__ligand395-0
310,ADOCAA__ligand368-0
311,ADOCAA__ligand1327-0
312,ADOCAA__ligand6672-0
313,ADOCAA__ligand9809-0
314,ADOCAA__ligand8722-0
315,ADOCAA__ligand784-0
316,ADOCAA__ligand3029-0
317,ADOCAA__ligand15422-0
318,ADOCAA__ligand20578-0
319,ADOCAA__ligand12934-0
320,ADOCAA__ligand19641-0
321,ADOCAA__ligand7162-0
322,ADOCAA__ligand14723-0
323,ADOCAA__ligand2328-0
324,ADOCAA__ligand4581-0
325,ADOCAA__ligand27893-0
326,ADOCAA__ligand1773-0
327,ADOCAA__ligand1900-0
328,ADOCAA__ligand9197-0
329,ADOCAA__ligand30988-0
330,ADOCAA__ligand18832-0
331,ADOCAA__ligand27175-0
332,ADOCAA__ligand23713-0
333,ADOCAA__ligand14889-0
334,ADOCAA__ligand4194-0
335,ADOCAA__ligand30851-0
336,ADOCAA__ligand7532-0
337,ADOCAA__ligand29568-0
338,ADOCAA__ligand391-0
339,ADOCAA__ligand618-0
340,ADOCAA__ligand28789-0
341,ADOCAA__ligand16-0
342,ADOCAA__ligand20419-0
343,ADOCAA__ligand2599-0
344,ADOCAA__ligand21371-0
345,ADOCAA__ligand4330-0
346,ADOCAA__ligand17118-0
347,ADOCAA__ligand3973-0
348,ADOCAA__ligand1147-0
349,ADOCAA__ligand14117-0
350,ADOCAA__ligand17261-0
351,ADOCAA__ligand813-0
352,ADOCAA__ligand31097-0
353,ADOCAA__ligand21581-0
354,ADOCAA__ligand780-0
355,ADOCAA__ligand2068-0
356,ADOCAA__ligand314-0
357,ADOCAA__ligand20539-0
358,ADOCAA__ligand20251-0
359,ADOCAA__ligand20214-0
360,ADOCAA__ligand30702-0
361,ADOCAA__ligand7925-0
362,ADOCAA__ligand20251-1
363,ADOCAA__ligand3215-0
364,ADOCAA__ligand314-1
365,ADOCAA__ligand7107-0
366,ADOCAA__ligand14703-0
367,ADOCAA__ligand16475-0
368,ADOCAA__ligand20598-0
369,ADOCAA__ligand11675-0
370,ADOCAA__ligand24047-0
371,ADOCAA__ligand10589-0
372,ADOCAA__ligand22557-0
373,ADOCAA__ligand465-0
374,ADOCAA__ligand17398-0
375,ADOCAA__ligand6283-0
376,ADOCAA__ligand6062-0
377,ADOCAA__ligand32-0
378,ADOCAA__ligand5813-0
379,ADOCAA__ligand17278-0
380,ADOCAA__ligand20011-0
381,ADOCAA__ligand4813-0
382,ADOCAA__ligand17982-0
383,ADOCAA__ligand4738-0
384,ADOCAA__ligand29414-0
385,ADOCAA__ligand31832-0
386,ADOCAA__ligand2830-0
387,ADOCAA__ligand422-0
388,ADOCAA__ligand13294-0
389,ADOCAA__ligand5627-0
390,ADOCAA__ligand1729-0
391,ADOCAA__ligand28884-0
392,ADOCAA__ligand13331-0
393,ADOCAA__ligand5483-0
394,ADOCAA__ligand12030-0
395,ADOCAA__ligand686-0
396,ADOCAA__ligand29879-0
397,ADOCAA__ligand5316-0
398,ADOCAA__ligand14248-0
399,ADOCAA__ligand48-0
400,ADOCAA__ligand9148-0
401,ADOCAA__ligand196-0
402,ADOCAA__ligand11456-0
403,ADOCAA__ligand14174-0
404,ADOCAA__ligand10712-0
405,ADOCAA__ligand7529-0
406,ADOCAA__ligand25411-0
407,ADOCAA__ligand6946-0
408,ADOCAA__ligand1415-0
409,ADOCAA__ligand91-0
410,ADOCAA__ligand6455-0
411,ADOCAA__ligand6882-0
412,ADOCAA__ligand13390-0
413,ADOCAA__ligand3934-0
414,ADOCAA__ligand20682-0
415,ADOCAA__ligand353-0
416,ADOCAA__ligand2403-0
417,ADOCAA__ligand393-0
418,ADOCAA__ligand7530-0
419,ADOCAA__ligand13208-0
420,ADOCAA__ligand1065-0
421,ADOCAA__ligand1449-0
422,ADOCAA__ligand26810-0
423,ADOCAA__ligand27482-0
424,ADOCAA__ligand3012-0
425,ADOCAA__ligand4332-0
426,ADOCAA__ligand51-0
427,ADOCAA__ligand9681-0
428,ADOCAA__ligand17427-0
429,ADOCAA__ligand4167-0
430,ADOCAA__ligand9491-0
431,ADOCAA__ligand1400-0
432,ADOCAA__ligand4266-0
433,ADOCAA__ligand18-0
434,ADOCAA__ligand29486-0
435,ADOCAA__ligand31694-0
436,ADOCAA__ligand1288-0
437,ADOCAA__ligand1149-0
438,ADOCAA__ligand3557-0
439,ADOCAA__ligand3980-0
440,ADOCAA__ligand693-0
441,ADOCAA__ligand25561-0
442,ADOCAA__ligand7075-0
443,ADOCAA__ligand12138-0
444,ADOCAA__ligand24780-0
445,ADOCAA__ligand22129-0
446,ADOCAA__ligand9750-0
447,ADOCAA__ligand1817-0
448,ADOCAA__ligand6993-0
449,ADOCAA__ligand11949-0
450,ADOCAA__ligand1-0
451,ADOCAA__ligand1779-0
452,ADOCAA__ligand12001-0
453,ADOCAA__ligand4063-0
454,ADOCAA__ligand24644-0
455,ADOCAA__ligand8200-0
456,ADOCAA__ligand122-0
457,ADOCAA__ligand7438-0
458,ADOCAA__ligand10033-0
459,ADOCAA__ligand757-0
460,ADOCAA__ligand24872-0
461,ADOCAA__ligand30728-0
462,ADOCAA__ligand27840-0
463,ADOCAA__ligand3042-0
464,ADOCAA__ligand23175-0
465,ADOCAA__ligand4207-0
466,ADOCAA__ligand15788-0
467,ADOCAA__ligand17396-0
468,ADOCAA__ligand3416-0
469,ADOCAA__ligand3453-0
470,ADOCAA__ligand11587-0
471,ADOCAA__ligand13220-0
472,ADOCAA__ligand24111-0
473,ADOCAA__ligand1150-0
474,ADOCAA__ligand22444-0
475,ADOCAA__ligand1539-0
476,ADOCAA__ligand13385-0
477,ADOCAA__ligand14569-0
478,ADOCAA__ligand1849-0
479,ADOCAA__ligand28540-0
480,ADOCAA__ligand11111-0
481,ADOCAA__ligand16369-0
482,ADOCAA__ligand768-0
483,ADOCAA__ligand27754-0
484,ADOCAA__ligand20695-0
485,ADOCAA__ligand1216-0
486,ADOCAA__ligand22403-0
487,ADOCAA__ligand3261-0
488,ADOCAA__ligand1152-0
489,ADOCAA__ligand5019-0
490,ADOCAA__ligand21399-0
491,ADOCAA__ligand10872-0
492,ADOCAA__ligand12003-0
493,ADOCAA__ligand16148-0
494,ADOCAA__ligand26631-0
495,ADOCAA__ligand6663-0
496,ADOCAA__ligand5515-0
497,ADOCAA__ligand1831-0
498,ADOCAA__ligand5614-0
499,ADOCAA__ligand5280-0
500,ADOCAA__ligand29215-0
501,ADOCAA__ligand384-0
502,ADOCAA__ligand3285-0
503,ADOCAA__ligand4795-0
504,ADOCAA__ligand240-0
505,ADOCAA__ligand141-0
506,ADOCAA__ligand21729-0
507,ADOCAA__ligand27239-0
508,ADOCAA__ligand1908-0
509,ADOCAA__ligand14043-0
510,ADOCAA__ligand3-0
511,ADOCAA__ligand28559-0
512,ADOCAA__ligand26324-0
513,ADOCAA__ligand5630-0
514,ADOCAA__ligand1786-0
515,ADOCAA__ligand19927-0
516,ADOCAA__ligand6112-0
517,ADOCAA__ligand8042-0
518,ADOCAA__ligand11618-0
519,ADOCAA__ligand7213-0
520,ADOCAA__ligand1397-0
521,ADOCAA__ligand1828-0
522,ADOCAA__ligand26529-0
523,ADOCAA__ligand5755-0
524,ADOCAA__ligand4710-0
525,ADOCAA__ligand5085-0
526,ADOCAA__ligand3144-0
527,ADOCAA__ligand2823-0
528,ADOCAA__ligand6995-0
529,ADOCAA__ligand23197-0
530,ADOCAA__ligand3180-0
531,ADOCAA__ligand4340-0
532,ADOCAA__ligand27285-0
533,ADOCAA__ligand2281-0
534,ADOCAA__ligand2650-0
535,ADOCAA__ligand29029-0
536,ADOCAA__ligand201-0
537,ADOCAA__ligand66-0
538,ADOCAA__ligand27669-0
539,ADOCAA__ligand185-0
540,ADOCAA__ligand279-0
541,ADOCAA__ligand5415-0
542,ADOCAA__ligand30142-0
543,ADOCAA__ligand13477-0
544,ADOCAA__ligand14167-0
545,ADOCAA__ligand178-0
546,ADOCAA__ligand4124-0
547,ADOCAA__ligand4161-0
548,ADOCAA__ligand3471-0
549,ADOCAA__ligand321-0
550,ADOCAA__ligand28459-0
551,ADOCAA__ligand1113-0
552,ADOCAA__ligand18448-0
553,ADOCAA__ligand12453-0
554,ADOCAA__ligand8553-0
555,ADOCAA__ligand5201-0
556,ADOCAA__ligand19184-0
557,ADOCAA__ligand7566-0
558,ADOCAA__ligand28685-0
559,ADOCAA__ligand18568-0
560,ADOCAA__ligand2001-0
561,ADOCAA__ligand338-0
562,ADOCAA__ligand13672-0
563,ADOCAA__ligand8593-0
564,ADOCAA__ligand42-0
565,ADOCAA__ligand10371-0
566,ADOCAA__ligand9944-0
567,ADOCAA__ligand11994-0
568,ADOCAA__ligand31842-0
569,ADOCAA__ligand31044-0
570,ADOCAA__ligand24035-0
571,ADOCAA__ligand8529-0
572,ADOCAA__ligand163-0
573,ADOCAA__ligand14614-0
574,ADOCAA__ligand126-0
575,ADOCAA__ligand1169-0
576,ADOCAA__ligand16663-0
577,ADOCAA__ligand9615-0
578,ADOCAA__ligand38-0
579,ADOCAA__ligand16988-0
580,ADOCAA__ligand1154-0
581,ADOCAA__ligand25913-0
582,ADOCAA__ligand4596-0
583,ADOCAA__ligand1498-0
584,ADOCAA__ligand845-0
585,ADOCAA__ligand20207-0
586,ADOCAA__ligand30711-0
587,ADOCAA__ligand11682-0
588,ADOCAA__ligand2692-0
589,ADOCAA__ligand19792-0
590,ADOCAA__ligand10828-0
591,ADOCAA__ligand1618-0
592,ADOCAA__ligand15926-0
593,ADOCAA__ligand657-0
594,ADOCAA__ligand24230-0
595,ADOCAA__ligand28810-0
596,ADOCAA__ligand11447-0
597,ADOCAA__ligand187-0
598,ADOCAA__ligand11096-0
599,ADOCAA__ligand15883-0
600,ADOCAA__ligand366-0
601,ADOCAA__ligand4262-0
602,ADOCAA__ligand1028-0
603,ADOCAA__ligand11970-0
604,ADOCAA__ligand1050-0
605,ADOCAA__ligand1015-0
606,ADOCAA__ligand21919-0
607,ADOCAA__ligand777-0
608,ADOCAA__ligand22294-0
609,ADOCAA__ligand2027-0
610,ADOCAA__ligand28930-0
611,ADOCAA__ligand22168-0
612,ADOCAA__ligand13862-0
613,ADOCAA__ligand11357-0
614,ADOCAA__ligand15531-0
615,ADOCAA__ligand28743-0
616,ADOCAA__ligand596-0
617,ADOCAA__ligand941-0
618,ADOCAA__ligand10056-0
619,ADOCAA__ligand12365-0
620,ADOCAA__ligand5180-0
621,ADOCAA__ligand11544-0
622,ADOCAA__ligand11501-0
623,ADOCAA__ligand29214-0
624,ADOCAA__ligand5708-0
625,ADOCAA__ligand22357-0
626,ADOCAA__ligand11758-0
627,ADOCAA__ligand7316-0
628,ADOCAA__ligand21448-0
629,ADOCAA__ligand6017-0
630,ADOCAA__ligand199-0
631,ADOCAA__ligand11798-0
632,ADOCAA__ligand2124-0
633,ADOCAA__ligand8612-0
634,ADOCAA__ligand588-0
635,ADOCAA__ligand7092-0
636,ADOCAA__ligand2260-0
637,ADOCAA__ligand3225-0
638,ADOCAA__ligand1153-0
639,ADOCAA__ligand20731-0
640,ADOCAA__ligand1116-0
641,ADOCAA__ligand12413-0
642,ADOCAA__ligand29334-0
643,ADOCAA__ligand17445-0
644,ADOCAA__ligand9323-0
645,ADOCAA__ligand7273-0
646,ADOCAA__ligand14477-0
647,ADOCAA__ligand300-0
648,ADOCAA__ligand7172-0
649,ADOCAA__ligand17069-0
650,ADOCAA__ligand4711-0
651,ADOCAA__ligand3244-0
652,ADOCAA__ligand20942-1
653,ADOCAA__ligand16956-0
654,ADOCAA__ligand21339-0
655,ADOCAA__ligand14226-0
656,ADOCAA__ligand2906-0
657,ADOCAA__ligand409-0
658,ADOCAA__ligand27771-0
659,ADOCAA__ligand18158-0
660,ADOCAA__ligand361-0
661,ADOCAA__ligand324-0
662,ADOCAA__ligand23682-0
663,ADOCAA__ligand4649-0
664,ADOCAA__ligand8793-0
665,ADOCAA__ligand29565-0
666,ADOCAA__ligand2788-0
667,ADOCAA__ligand5649-0
668,ADOCAA__ligand14007-0
669,ADOCAA__ligand5159-0
670,ADOCAA__ligand18019-1
671,ADOCAA__ligand7196-0
672,ADOCAA__ligand9753-0
673,ADOCAA__ligand1356-0
674,ADOCAA__ligand1787-0
675,ADOCAA__ligand5530-0
676,ADOCAA__ligand3178-0
677,ADOCAA__ligand27550-0
678,ADOCAA__ligand4807-0
679,ADOCAA__ligand436-0
680,ADOCAA__ligand9450-0
681,ADOCAA__ligand1599-0
682,ADOCAA__ligand20844-0
683,ADOCAA__ligand18413-0
684,ADOCAA__ligand24624-0
685,ADOCAA__ligand692-0
686,ADOCAA__ligand24-0
687,ADOCAA__ligand18757-0
688,ADOCAA__ligand2612-0
689,ADOCAA__ligand24560-0
690,ADOCAA__ligand19-0
691,ADOCAA__ligand2203-0
692,ADOCAA__ligand21752-0
693,ADOCAA__ligand5387-0
694,ADOCAA__ligand1289-0
695,ADOCAA__ligand30788-0
696,ADOCAA__ligand13691-0
697,ADOCAA__ligand326-0
698,ADOCAA__ligand14339-0
699,ADOCAA__ligand633-0
700,ADOCAA__ligand23445-0
701,ADOCAA__ligand24953-0
702,ADOCAA__ligand1114-0
703,ADOCAA__ligand9284-0
704,ADOCAA__ligand13755-0
705,ADOCAA__ligand16133-0
706,ADOCAA__ligand20432-0
707,ADOCAA__ligand27122-0
708,ADOCAA__ligand3126-0
709,ADOCAA__ligand78-0
710,ADOCAA__ligand6391-0
711,ADOCAA__ligand21940-0
712,ADOCAA__ligand2417-0
713,ADOCAA__ligand25048-0
714,ADOCAA__ligand497-0
715,ADOCAA__ligand1832-0
716,ADOCAA__ligand8788-0
717,ADOCAA__ligand20557-0
718,ADOCAA__ligand30004-0
719,ADOCAA__ligand2043-0
720,ADOCAA__ligand9943-0
721,ADOCAA__ligand1228-0
722,ADOCAA__ligand45-0
723,ADOCAA__ligand1604-0
724,ADOCAA__ligand2881-0
725,ADOCAA__ligand1499-0
726,ADOCAA__ligand10582-0
727,ADOCAA__ligand13260-0
728,ADOCAA__ligand1464-0
729,ADOCAA__ligand3712-0
730,ADOCAA__ligand11252-0
731,ADOCAA__ligand19824-0
732,ADOCAA__ligand18067-0
733,ADOCAA__ligand1211-0
734,ADOCAA__ligand6892-0
735,ADOCAA__ligand1294-0
736,ADOCAA__ligand20821-0
737,ADOCAA__ligand162-0
738,ADOCAA__ligand1168-0
739,ADOCAA__ligand3632-0
740,ADOCAA__ligand3677-0
741,ADOCAA__ligand26673-0
742,ADOCAA__ligand226-0
743,ADOCAA__ligand416-0
744,ADOCAA__ligand31000-0
745,ADOCAA__ligand383-0
746,ADOCAA__ligand11606-0
747,ADOCAA__ligand6699-0
748,ADOCAA__ligand16603-0
749,ADOCAA__ligand696-0
750,ADOCAA__ligand9299-0
751,ADOCAA__ligand11814-0
752,ADOCAA__ligand4007-0
753,ADOCAA__ligand2985-0
754,ADOCAA__ligand4-0
755,ADOCAA__ligand11622-0
756,ADOCAA__ligand9883-0
757,ADOCAA__ligand3677-1
758,ADOCAA__ligand7291-0
759,ADOCAA__ligand16870-0
760,ADOCAA__ligand15455-0
761,ADOCAA__ligand8000-0
762,ADOCAA__ligand3736-0
763,ADOCAA__ligand9344-0
764,ADOCAA__ligand11177-0
765,ADOCAA__ligand31205-0
766,ADOCAA__ligand5383-0
767,ADOCAA__ligand2693-0
768,ADOCAA__ligand25658-0
769,ADOCAA__ligand17686-0
770,ADOCAA__ligand656-0
771,ADOCAA__ligand3945-0
772,ADOCAA__ligand20121-0
773,ADOCAA__ligand15387-0
774,ADOCAA__ligand1407-0
775,ADOCAA__ligand6117-0
776,ADOCAA__ligand20220-0
777,ADOCAA__ligand5509-0
778,ADOCAA__ligand8002-0
779,ADOCAA__ligand16952-0
780,ADOCAA__ligand29813-0
781,ADOCAA__ligand7762-0
782,ADOCAA__ligand5080-0
783,ADOCAA__ligand29441-0
784,ADOCAA__ligand2238-0
785,ADOCAA__ligand10853-0
786,ADOCAA__ligand10479-0
787,ADOCAA__ligand27610-0
788,ADOCAA__ligand11479-0
789,ADOCAA__ligand5304-0
790,ADOCAA__ligand694-0
791,ADOCAA__ligand9167-0
792,ADOCAA__ligand67-0
793,ADOCAA__ligand14302-0
794,ADOCAA__ligand14347-0
795,ADOCAA__ligand13657-0
796,ADOCAA__ligand430-0
797,ADOCAA__ligand1317-0
798,ADOCAA__ligand3867-0
799,ADOCAA__ligand20530-0
800,ADOCAA__ligand2822-0
801,ADOCAA__ligand358-0
802,ADOCAA__ligand7293-0
803,ADOCAA__ligand11698-0
804,ADOCAA__ligand24851-0
805,ADOCAA__ligand488-0
806,ADOCAA__ligand5099-0
807,ADOCAA__ligand8592-0
808,ADOCAA__ligand43-0
809,ADOCAA__ligand1197-0
810,ADOCAA__ligand2259-0
811,ADOCAA__ligand1296-0
812,ADOCAA__ligand22353-0
813,ADOCAA__ligand1376-0
814,ADOCAA__ligand19906-0
815,ADOCAA__ligand5510-0
816,ADOCAA__ligand19668-0
817,ADOCAA__ligand9773-0
818,ADOCAA__ligand10151-0
819,ADOCAA__ligand5595-0
820,ADOCAA__ligand4101-0
821,ADOCAA__ligand2221-0
822,ADOCAA__ligand670-0
823,ADOCAA__ligand3120-0
824,ADOCAA__ligand3926-0
825,ADOCAA__ligand4358-0
826,ADOCAA__ligand534-0
827,ADOCAA__ligand571-0
