,TMC
0,PEMTAC__ligand12231-0
1,PEMTAC__ligand436-0
2,PEMTAC__ligand26702-0
3,PEMTAC__ligand13658-0
4,PEMTAC__ligand18292-0
5,PEMTAC__ligand12289-0
6,PEMTAC__ligand17387-0
7,PEMTAC__ligand12130-0
8,PEMTAC__ligand5201-0
9,PEMTAC__ligand10476-0
10,PEMTAC__ligand13068-0
11,PEMTAC__ligand19830-0
12,PEMTAC__ligand1113-0
13,PEMTAC__ligand12401-0
14,PEMTAC__ligand15585-0
15,PEMTAC__ligand692-0
16,PEMTAC__ligand8553-0
17,PEMTAC__ligand24145-0
18,PEMTAC__ligand25178-0
19,PEMTAC__ligand9944-0
20,PEMTAC__ligand8593-0
21,PEMTAC__ligand24185-0
22,PEMTAC__ligand23769-0
23,PEMTAC__ligand2001-0
24,PEMTAC__ligand17805-0
25,PEMTAC__ligand7566-0
26,PEMTAC__ligand326-0
27,PEMTAC__ligand17302-0
28,PEMTAC__ligand633-0
29,PEMTAC__ligand2650-0
30,PEMTAC__ligand2281-0
31,PEMTAC__ligand4340-0
32,PEMTAC__ligand3180-0
33,PEMTAC__ligand14108-0
34,PEMTAC__ligand10958-0
35,PEMTAC__ligand6995-0
36,PEMTAC__ligand497-0
37,PEMTAC__ligand2823-0
38,PEMTAC__ligand12641-0
39,PEMTAC__ligand28676-0
40,PEMTAC__ligand10262-0
41,PEMTAC__ligand27763-0
42,PEMTAC__ligand4124-0
43,PEMTAC__ligand4161-0
44,PEMTAC__ligand3471-0
45,PEMTAC__ligand29302-0
46,PEMTAC__ligand13425-0
47,PEMTAC__ligand19057-0
48,PEMTAC__ligand18814-0
49,PEMTAC__ligand5415-0
50,PEMTAC__ligand1028-0
51,PEMTAC__ligand27460-0
52,PEMTAC__ligand4262-0
53,PEMTAC__ligand16628-0
54,PEMTAC__ligand45-0
55,PEMTAC__ligand12427-0
56,PEMTAC__ligand2692-0
57,PEMTAC__ligand199-0
58,PEMTAC__ligand28468-0
59,PEMTAC__ligand20740-0
60,PEMTAC__ligand8-0
61,PEMTAC__ligand1618-0
62,PEMTAC__ligand78-0
63,PEMTAC__ligand26540-0
64,PEMTAC__ligand29410-0
65,PEMTAC__ligand12337-0
66,PEMTAC__ligand30296-0
67,PEMTAC__ligand588-0
68,PEMTAC__ligand17281-0
69,PEMTAC__ligand2027-0
70,PEMTAC__ligand12606-0
71,PEMTAC__ligand300-0
72,PEMTAC__ligand1050-0
73,PEMTAC__ligand1015-0
74,PEMTAC__ligand30333-0
75,PEMTAC__ligand13012-0
76,PEMTAC__ligand17631-0
77,PEMTAC__ligand26665-0
78,PEMTAC__ligand8529-0
79,PEMTAC__ligand14603-0
80,PEMTAC__ligand14297-0
81,PEMTAC__ligand19-0
82,PEMTAC__ligand1169-0
83,PEMTAC__ligand17258-0
84,PEMTAC__ligand409-0
85,PEMTAC__ligand31783-0
86,PEMTAC__ligand361-0
87,PEMTAC__ligand324-0
88,PEMTAC__ligand20578-0
89,PEMTAC__ligand12934-0
90,PEMTAC__ligand15422-0
91,PEMTAC__ligand19641-0
92,PEMTAC__ligand4596-0
93,PEMTAC__ligand14723-0
94,PEMTAC__ligand27893-0
95,PEMTAC__ligand1498-0
96,PEMTAC__ligand30988-0
97,PEMTAC__ligand1154-0
98,PEMTAC__ligand24-0
99,PEMTAC__ligand23713-0
100,PEMTAC__ligand27175-0
101,PEMTAC__ligand9615-0
102,PEMTAC__ligand18832-0
103,PEMTAC__ligand30851-0
104,PEMTAC__ligand14889-0
105,PEMTAC__ligand3042-0
106,PEMTAC__ligand29568-0
107,PEMTAC__ligand4063-0
108,PEMTAC__ligand28789-0
109,PEMTAC__ligand7438-0
110,PEMTAC__ligand8200-0
111,PEMTAC__ligand20419-0
112,PEMTAC__ligand17118-0
113,PEMTAC__ligand21371-0
114,PEMTAC__ligand1539-0
115,PEMTAC__ligand17261-0
116,PEMTAC__ligand1150-0
117,PEMTAC__ligand14117-0
118,PEMTAC__ligand694-0
119,PEMTAC__ligand3416-0
120,PEMTAC__ligand3453-0
121,PEMTAC__ligand430-0
122,PEMTAC__ligand358-0
123,PEMTAC__ligand21581-0
124,PEMTAC__ligand31097-0
125,PEMTAC__ligand4207-0
126,PEMTAC__ligand20539-0
127,PEMTAC__ligand488-0
128,PEMTAC__ligand30702-0
129,PEMTAC__ligand20214-0
130,PEMTAC__ligand20251-0
131,PEMTAC__ligand20251-1
132,PEMTAC__ligand1288-0
133,PEMTAC__ligand9491-0
134,PEMTAC__ligand4266-0
135,PEMTAC__ligand1400-0
136,PEMTAC__ligand4167-0
137,PEMTAC__ligand14703-0
138,PEMTAC__ligand16475-0
139,PEMTAC__ligand11675-0
140,PEMTAC__ligand1817-0
141,PEMTAC__ligand20598-0
142,PEMTAC__ligand6993-0
143,PEMTAC__ligand10589-0
144,PEMTAC__ligand22557-0
145,PEMTAC__ligand1779-0
146,PEMTAC__ligand24047-0
147,PEMTAC__ligand17398-0
148,PEMTAC__ligand9750-0
149,PEMTAC__ligand670-0
150,PEMTAC__ligand7075-0
151,PEMTAC__ligand1149-0
152,PEMTAC__ligand20011-0
153,PEMTAC__ligand17278-0
154,PEMTAC__ligand29414-0
155,PEMTAC__ligand534-0
156,PEMTAC__ligand571-0
157,PEMTAC__ligand3557-0
158,PEMTAC__ligand3980-0
159,PEMTAC__ligand17982-0
160,PEMTAC__ligand31832-0
161,PEMTAC__ligand13294-0
162,PEMTAC__ligand1786-0
163,PEMTAC__ligand5630-0
164,PEMTAC__ligand13331-0
165,PEMTAC__ligand28884-0
166,PEMTAC__ligand1908-0
167,PEMTAC__ligand3285-0
168,PEMTAC__ligand4795-0
169,PEMTAC__ligand12030-0
170,PEMTAC__ligand14248-0
171,PEMTAC__ligand29879-0
172,PEMTAC__ligand3144-0
173,PEMTAC__ligand11456-0
174,PEMTAC__ligand5085-0
175,PEMTAC__ligand162-0
176,PEMTAC__ligand43-0
177,PEMTAC__ligand10712-0
178,PEMTAC__ligand4710-0
179,PEMTAC__ligand226-0
180,PEMTAC__ligand5755-0
181,PEMTAC__ligand14174-0
182,PEMTAC__ligand1397-0
183,PEMTAC__ligand416-0
184,PEMTAC__ligand7213-0
185,PEMTAC__ligand1828-0
186,PEMTAC__ligand6112-0
187,PEMTAC__ligand383-0
188,PEMTAC__ligand8042-0
189,PEMTAC__ligand25411-0
190,PEMTAC__ligand67-0
191,PEMTAC__ligand3261-0
192,PEMTAC__ligand1152-0
193,PEMTAC__ligand696-0
194,PEMTAC__ligand5019-0
195,PEMTAC__ligand1216-0
196,PEMTAC__ligand13390-0
197,PEMTAC__ligand20682-0
198,PEMTAC__ligand1849-0
199,PEMTAC__ligand5614-0
200,PEMTAC__ligand5280-0
201,PEMTAC__ligand1831-0
202,PEMTAC__ligand13208-0
203,PEMTAC__ligand5515-0
204,PEMTAC__ligand6663-0
205,PEMTAC__ligand27482-0
206,PEMTAC__ligand26810-0
207,PEMTAC__ligand656-0
208,PEMTAC__ligand7291-0
209,PEMTAC__ligand768-0
210,PEMTAC__ligand3677-1
211,PEMTAC__ligand9883-0
212,PEMTAC__ligand2985-0
213,PEMTAC__ligand4007-0
214,PEMTAC__ligand12336-0
215,PEMTAC__ligand13072-0
216,PEMTAC__ligand9299-0
217,PEMTAC__ligand3945-0
218,PEMTAC__ligand17590-0
219,PEMTAC__ligand17240-0
220,PEMTAC__ligand5383-0
221,PEMTAC__ligand2693-0
222,PEMTAC__ligand9344-0
223,PEMTAC__ligand18699-0
224,PEMTAC__ligand12682-0
225,PEMTAC__ligand8000-0
226,PEMTAC__ligand3736-0
227,PEMTAC__ligand384-0
228,PEMTAC__ligand6892-0
229,PEMTAC__ligand14586-0
230,PEMTAC__ligand240-0
231,PEMTAC__ligand11774-0
232,PEMTAC__ligand21421-0
233,PEMTAC__ligand1211-0
234,PEMTAC__ligand141-0
235,PEMTAC__ligand1464-0
236,PEMTAC__ligand20579-0
237,PEMTAC__ligand17710-0
238,PEMTAC__ligand3712-0
239,PEMTAC__ligand11568-0
240,PEMTAC__ligand2881-0
241,PEMTAC__ligand1499-0
242,PEMTAC__ligand6699-0
243,PEMTAC__ligand31483-0
244,PEMTAC__ligand10555-0
245,PEMTAC__ligand3632-0
246,PEMTAC__ligand3677-0
247,PEMTAC__ligand19725-0
248,PEMTAC__ligand1294-0
249,PEMTAC__ligand18-0
250,PEMTAC__ligand1168-0
251,PEMTAC__ligand24613-0
252,PEMTAC__ligand23589-0
253,PEMTAC__ligand5510-0
254,PEMTAC__ligand1376-0
255,PEMTAC__ligand9773-0
256,PEMTAC__ligand24064-0
257,PEMTAC__ligand15168-0
258,PEMTAC__ligand2259-0
259,PEMTAC__ligand1296-0
260,PEMTAC__ligand5099-0
261,PEMTAC__ligand8592-0
262,PEMTAC__ligand1197-0
263,PEMTAC__ligand10432-0
264,PEMTAC__ligand3120-0
265,PEMTAC__ligand3926-0
266,PEMTAC__ligand11432-0
267,PEMTAC__ligand31618-0
268,PEMTAC__ligand4358-0
269,PEMTAC__ligand22755-0
270,PEMTAC__ligand693-0
271,PEMTAC__ligand2221-0
272,PEMTAC__ligand29898-0
273,PEMTAC__ligand26277-0
274,PEMTAC__ligand4101-0
275,PEMTAC__ligand5595-0
276,PEMTAC__ligand17207-0
277,PEMTAC__ligand31578-0
278,PEMTAC__ligand25224-0
279,PEMTAC__ligand18013-0
280,PEMTAC__ligand17945-0
281,PEMTAC__ligand7762-0
282,PEMTAC__ligand122-0
283,PEMTAC__ligand5080-0
284,PEMTAC__ligand1407-0
285,PEMTAC__ligand6117-0
286,PEMTAC__ligand757-0
287,PEMTAC__ligand5509-0
288,PEMTAC__ligand8002-0
289,PEMTAC__ligand24750-0
290,PEMTAC__ligand15438-0
291,PEMTAC__ligand2822-0
292,PEMTAC__ligand7293-0
293,PEMTAC__ligand1317-0
294,PEMTAC__ligand28924-0
295,PEMTAC__ligand3867-0
296,PEMTAC__ligand5304-0
297,PEMTAC__ligand18703-0
298,PEMTAC__ligand9167-0
299,PEMTAC__ligand29087-0
300,PEMTAC__ligand2238-0
301,PEMTAC__ligand11166-0
302,PEMTAC__ligand8793-0
303,PEMTAC__ligand21132-0
304,PEMTAC__ligand5649-0
305,PEMTAC__ligand2788-0
306,PEMTAC__ligand4649-0
307,PEMTAC__ligand23906-0
308,PEMTAC__ligand163-0
309,PEMTAC__ligand126-0
310,PEMTAC__ligand2906-0
311,PEMTAC__ligand4711-0
312,PEMTAC__ligand30539-0
313,PEMTAC__ligand3244-0
314,PEMTAC__ligand42-0
315,PEMTAC__ligand4807-0
316,PEMTAC__ligand25689-0
317,PEMTAC__ligand25575-0
318,PEMTAC__ligand3178-0
319,PEMTAC__ligand21787-0
320,PEMTAC__ligand27835-0
321,PEMTAC__ligand9753-0
322,PEMTAC__ligand845-0
323,PEMTAC__ligand5530-0
324,PEMTAC__ligand1787-0
325,PEMTAC__ligand12295-0
326,PEMTAC__ligand1356-0
327,PEMTAC__ligand5159-0
328,PEMTAC__ligand7196-0
329,PEMTAC__ligand657-0
330,PEMTAC__ligand6017-0
331,PEMTAC__ligand25650-0
332,PEMTAC__ligand5708-0
333,PEMTAC__ligand187-0
334,PEMTAC__ligand31248-0
335,PEMTAC__ligand7316-0
336,PEMTAC__ligand366-0
337,PEMTAC__ligand13209-0
338,PEMTAC__ligand19257-0
339,PEMTAC__ligand5180-0
340,PEMTAC__ligand12660-0
341,PEMTAC__ligand23124-0
342,PEMTAC__ligand11206-0
343,PEMTAC__ligand777-0
344,PEMTAC__ligand7172-0
345,PEMTAC__ligand25735-0
346,PEMTAC__ligand9323-0
347,PEMTAC__ligand12519-0
348,PEMTAC__ligand7273-0
349,PEMTAC__ligand3225-0
350,PEMTAC__ligand1153-0
351,PEMTAC__ligand66-0
352,PEMTAC__ligand1116-0
353,PEMTAC__ligand7092-0
354,PEMTAC__ligand2260-0
355,PEMTAC__ligand2124-0
356,PEMTAC__ligand596-0
357,PEMTAC__ligand941-0
358,PEMTAC__ligand8612-0
359,PEMTAC__ligand11140-0
360,PEMTAC__ligand2417-0
361,PEMTAC__ligand29610-0
362,PEMTAC__ligand13869-0
363,PEMTAC__ligand18074-0
364,PEMTAC__ligand9284-0
365,PEMTAC__ligand6391-0
366,PEMTAC__ligand3126-0
367,PEMTAC__ligand29863-0
368,PEMTAC__ligand1114-0
369,PEMTAC__ligand201-0
370,PEMTAC__ligand185-0
371,PEMTAC__ligand1604-0
372,PEMTAC__ligand18799-0
373,PEMTAC__ligand18465-0
374,PEMTAC__ligand279-0
375,PEMTAC__ligand1228-0
376,PEMTAC__ligand9943-0
377,PEMTAC__ligand178-0
378,PEMTAC__ligand28668-0
379,PEMTAC__ligand2043-0
380,PEMTAC__ligand16791-0
381,PEMTAC__ligand321-0
382,PEMTAC__ligand8788-0
383,PEMTAC__ligand1832-0
384,PEMTAC__ligand18391-0
385,PEMTAC__ligand2612-0
386,PEMTAC__ligand14523-0
387,PEMTAC__ligand27169-0
388,PEMTAC__ligand1599-0
389,PEMTAC__ligand38-0
390,PEMTAC__ligand20599-0
391,PEMTAC__ligand22981-0
392,PEMTAC__ligand9450-0
393,PEMTAC__ligand25805-0
394,PEMTAC__ligand27074-0
395,PEMTAC__ligand23904-0
396,PEMTAC__ligand21936-0
397,PEMTAC__ligand338-0
398,PEMTAC__ligand13257-0
399,PEMTAC__ligand12467-0
400,PEMTAC__ligand2203-0
401,PEMTAC__ligand5387-0
402,PEMTAC__ligand1289-0
403,PEMTAC__ligand10084-0
404,PEMTAC__ligand25267-0
405,PEMTAC__ligand4503-0
406,PEMTAC__ligand4546-0
407,PEMTAC__ligand11501-0
408,PEMTAC__ligand833-0
409,PEMTAC__ligand11544-0
410,PEMTAC__ligand29214-0
411,PEMTAC__ligand1-0
412,PEMTAC__ligand1285-0
413,PEMTAC__ligand11758-0
414,PEMTAC__ligand22357-0
415,PEMTAC__ligand1982-0
416,PEMTAC__ligand7000-0
417,PEMTAC__ligand21448-0
418,PEMTAC__ligand8115-0
419,PEMTAC__ligand6768-0
420,PEMTAC__ligand9291-0
421,PEMTAC__ligand11798-0
422,PEMTAC__ligand2176-0
423,PEMTAC__ligand115-0
424,PEMTAC__ligand20731-0
425,PEMTAC__ligand29334-0
426,PEMTAC__ligand2232-0
427,PEMTAC__ligand12413-0
428,PEMTAC__ligand34-0
429,PEMTAC__ligand4157-0
430,PEMTAC__ligand17445-0
431,PEMTAC__ligand14477-0
432,PEMTAC__ligand5256-0
433,PEMTAC__ligand17069-0
434,PEMTAC__ligand9833-0
435,PEMTAC__ligand8876-0
436,PEMTAC__ligand2828-0
437,PEMTAC__ligand7648-0
438,PEMTAC__ligand8699-0
439,PEMTAC__ligand55-0
440,PEMTAC__ligand1160-0
441,PEMTAC__ligand9520-0
442,PEMTAC__ligand21339-0
443,PEMTAC__ligand14226-0
444,PEMTAC__ligand16956-0
445,PEMTAC__ligand4093-0
446,PEMTAC__ligand20942-1
447,PEMTAC__ligand4442-0
448,PEMTAC__ligand3954-0
449,PEMTAC__ligand27771-0
450,PEMTAC__ligand7629-0
451,PEMTAC__ligand395-0
452,PEMTAC__ligand1451-0
453,PEMTAC__ligand18158-0
454,PEMTAC__ligand4272-0
455,PEMTAC__ligand9784-0
456,PEMTAC__ligand23682-0
457,PEMTAC__ligand368-0
458,PEMTAC__ligand29565-0
459,PEMTAC__ligand784-0
460,PEMTAC__ligand14007-0
461,PEMTAC__ligand7238-0
462,PEMTAC__ligand18019-1
463,PEMTAC__ligand1790-0
464,PEMTAC__ligand1304-0
465,PEMTAC__ligand7280-0
466,PEMTAC__ligand1219-0
467,PEMTAC__ligand6709-0
468,PEMTAC__ligand7867-0
469,PEMTAC__ligand27550-0
470,PEMTAC__ligand68-0
471,PEMTAC__ligand4016-0
472,PEMTAC__ligand3718-0
473,PEMTAC__ligand3876-0
474,PEMTAC__ligand1343-0
475,PEMTAC__ligand3035-0
476,PEMTAC__ligand6616-0
477,PEMTAC__ligand487-0
478,PEMTAC__ligand1844-0
479,PEMTAC__ligand4661-0
480,PEMTAC__ligand3504-0
481,PEMTAC__ligand24624-0
482,PEMTAC__ligand18413-0
483,PEMTAC__ligand1959-0
484,PEMTAC__ligand20844-0
485,PEMTAC__ligand1536-0
486,PEMTAC__ligand1573-0
487,PEMTAC__ligand24560-0
488,PEMTAC__ligand9935-0
489,PEMTAC__ligand18757-0
490,PEMTAC__ligand176-0
491,PEMTAC__ligand9908-0
492,PEMTAC__ligand1263-0
493,PEMTAC__ligand21752-0
494,PEMTAC__ligand57-0
495,PEMTAC__ligand13691-0
496,PEMTAC__ligand447-0
497,PEMTAC__ligand7242-0
498,PEMTAC__ligand30788-0
499,PEMTAC__ligand746-0
500,PEMTAC__ligand7106-0
501,PEMTAC__ligand14339-0
502,PEMTAC__ligand4720-0
503,PEMTAC__ligand24953-0
504,PEMTAC__ligand23445-0
505,PEMTAC__ligand8969-0
506,PEMTAC__ligand13755-0
507,PEMTAC__ligand16133-0
508,PEMTAC__ligand152-0
509,PEMTAC__ligand3174-0
510,PEMTAC__ligand1202-0
511,PEMTAC__ligand3937-0
512,PEMTAC__ligand3131-0
513,PEMTAC__ligand6839-0
514,PEMTAC__ligand20432-0
515,PEMTAC__ligand27122-0
516,PEMTAC__ligand5211-0
517,PEMTAC__ligand21940-0
518,PEMTAC__ligand4155-0
519,PEMTAC__ligand25048-0
520,PEMTAC__ligand3094-0
521,PEMTAC__ligand3852-0
522,PEMTAC__ligand2485-0
523,PEMTAC__ligand30004-0
524,PEMTAC__ligand6919-0
525,PEMTAC__ligand20557-0
526,PEMTAC__ligand1512-0
527,PEMTAC__ligand5331-0
528,PEMTAC__ligand3565-0
529,PEMTAC__ligand3-0
530,PEMTAC__ligand506-0
531,PEMTAC__ligand13260-0
532,PEMTAC__ligand422-0
533,PEMTAC__ligand10582-0
534,PEMTAC__ligand8835-0
535,PEMTAC__ligand2028-0
536,PEMTAC__ligand7126-0
537,PEMTAC__ligand11252-0
538,PEMTAC__ligand18067-0
539,PEMTAC__ligand19824-0
540,PEMTAC__ligand686-0
541,PEMTAC__ligand1142-0
542,PEMTAC__ligand32-0
543,PEMTAC__ligand3234-0
544,PEMTAC__ligand20821-0
545,PEMTAC__ligand196-0
546,PEMTAC__ligand26673-0
547,PEMTAC__ligand31000-0
548,PEMTAC__ligand4641-0
549,PEMTAC__ligand11606-0
550,PEMTAC__ligand1577-0
551,PEMTAC__ligand6067-0
552,PEMTAC__ligand2295-0
553,PEMTAC__ligand16603-0
554,PEMTAC__ligand11814-0
555,PEMTAC__ligand4620-0
556,PEMTAC__ligand11622-0
557,PEMTAC__ligand353-0
558,PEMTAC__ligand16870-0
559,PEMTAC__ligand393-0
560,PEMTAC__ligand6596-0
561,PEMTAC__ligand3721-0
562,PEMTAC__ligand6904-0
563,PEMTAC__ligand15455-0
564,PEMTAC__ligand6102-0
565,PEMTAC__ligand11177-0
566,PEMTAC__ligand3465-0
567,PEMTAC__ligand31205-0
568,PEMTAC__ligand25658-0
569,PEMTAC__ligand17686-0
570,PEMTAC__ligand16-0
571,PEMTAC__ligand7819-0
572,PEMTAC__ligand2917-0
573,PEMTAC__ligand20121-0
574,PEMTAC__ligand6244-0
575,PEMTAC__ligand15387-0
576,PEMTAC__ligand20220-0
577,PEMTAC__ligand1378-0
578,PEMTAC__ligand391-0
579,PEMTAC__ligand2915-0
580,PEMTAC__ligand16952-0
581,PEMTAC__ligand29813-0
582,PEMTAC__ligand3156-0
583,PEMTAC__ligand618-0
584,PEMTAC__ligand51-0
585,PEMTAC__ligand1631-0
586,PEMTAC__ligand10853-0
587,PEMTAC__ligand29441-0
588,PEMTAC__ligand11479-0
589,PEMTAC__ligand9933-0
590,PEMTAC__ligand27610-0
591,PEMTAC__ligand10479-0
592,PEMTAC__ligand91-0
593,PEMTAC__ligand1530-0
594,PEMTAC__ligand1575-0
595,PEMTAC__ligand14347-0
596,PEMTAC__ligand13657-0
597,PEMTAC__ligand813-0
598,PEMTAC__ligand14302-0
599,PEMTAC__ligand11698-0
600,PEMTAC__ligand20530-0
601,PEMTAC__ligand780-0
602,PEMTAC__ligand2332-0
603,PEMTAC__ligand314-0
604,PEMTAC__ligand24851-0
605,PEMTAC__ligand9441-0
606,PEMTAC__ligand314-1
607,PEMTAC__ligand9952-0
608,PEMTAC__ligand9111-0
609,PEMTAC__ligand1615-0
610,PEMTAC__ligand2526-0
611,PEMTAC__ligand5036-0
612,PEMTAC__ligand22353-0
613,PEMTAC__ligand48-0
614,PEMTAC__ligand1823-0
615,PEMTAC__ligand5643-0
616,PEMTAC__ligand19906-0
617,PEMTAC__ligand8721-0
618,PEMTAC__ligand1324-0
619,PEMTAC__ligand19668-0
620,PEMTAC__ligand7967-0
621,PEMTAC__ligand3707-0
622,PEMTAC__ligand6124-0
623,PEMTAC__ligand465-0
624,PEMTAC__ligand4116-0
625,PEMTAC__ligand10151-0
626,PEMTAC__ligand1018-0
627,PEMTAC__ligand8992-0
628,PEMTAC__ligand9601-0
629,PEMTAC__ligand17427-0
630,PEMTAC__ligand7107-0
631,PEMTAC__ligand177-0
632,PEMTAC__ligand29486-0
633,PEMTAC__ligand31694-0
634,PEMTAC__ligand3215-0
635,PEMTAC__ligand4813-0
636,PEMTAC__ligand5813-0
637,PEMTAC__ligand4738-0
638,PEMTAC__ligand6062-0
639,PEMTAC__ligand909-0
640,PEMTAC__ligand25561-0
641,PEMTAC__ligand24780-0
642,PEMTAC__ligand12138-0
643,PEMTAC__ligand6283-0
644,PEMTAC__ligand22129-0
645,PEMTAC__ligand11949-0
646,PEMTAC__ligand2599-0
647,PEMTAC__ligand4330-0
648,PEMTAC__ligand12001-0
649,PEMTAC__ligand24644-0
650,PEMTAC__ligand10033-0
651,PEMTAC__ligand193-0
652,PEMTAC__ligand7532-0
653,PEMTAC__ligand372-0
654,PEMTAC__ligand24872-0
655,PEMTAC__ligand4194-0
656,PEMTAC__ligand30728-0
657,PEMTAC__ligand830-0
658,PEMTAC__ligand27840-0
659,PEMTAC__ligand15788-0
660,PEMTAC__ligand23175-0
661,PEMTAC__ligand2068-0
662,PEMTAC__ligand7925-0
663,PEMTAC__ligand17396-0
664,PEMTAC__ligand11587-0
665,PEMTAC__ligand13220-0
666,PEMTAC__ligand252-0
667,PEMTAC__ligand1147-0
668,PEMTAC__ligand22444-0
669,PEMTAC__ligand24111-0
670,PEMTAC__ligand13385-0
671,PEMTAC__ligand116-0
672,PEMTAC__ligand3973-0
673,PEMTAC__ligand14569-0
674,PEMTAC__ligand2403-0
675,PEMTAC__ligand11111-0
676,PEMTAC__ligand28540-0
677,PEMTAC__ligand16369-0
678,PEMTAC__ligand27754-0
679,PEMTAC__ligand20695-0
680,PEMTAC__ligand3934-0
681,PEMTAC__ligand22403-0
682,PEMTAC__ligand250-0
683,PEMTAC__ligand6455-0
684,PEMTAC__ligand6882-0
685,PEMTAC__ligand10872-0
686,PEMTAC__ligand21399-0
687,PEMTAC__ligand9681-0
688,PEMTAC__ligand4332-0
689,PEMTAC__ligand12003-0
690,PEMTAC__ligand16148-0
691,PEMTAC__ligand26631-0
692,PEMTAC__ligand1449-0
693,PEMTAC__ligand3012-0
694,PEMTAC__ligand1065-0
695,PEMTAC__ligand29215-0
696,PEMTAC__ligand7530-0
697,PEMTAC__ligand370-0
698,PEMTAC__ligand370-1
699,PEMTAC__ligand5316-0
700,PEMTAC__ligand620-0
701,PEMTAC__ligand69-0
702,PEMTAC__ligand27239-0
703,PEMTAC__ligand564-0
704,PEMTAC__ligand5483-0
705,PEMTAC__ligand21729-0
706,PEMTAC__ligand311-0
707,PEMTAC__ligand785-0
708,PEMTAC__ligand5627-0
709,PEMTAC__ligand14043-0
710,PEMTAC__ligand479-0
711,PEMTAC__ligand26324-0
712,PEMTAC__ligand28559-0
713,PEMTAC__ligand1729-0
714,PEMTAC__ligand2830-0
715,PEMTAC__ligand19927-0
716,PEMTAC__ligand1415-0
717,PEMTAC__ligand6946-0
718,PEMTAC__ligand11618-0
719,PEMTAC__ligand7529-0
720,PEMTAC__ligand26529-0
721,PEMTAC__ligand11-0
722,PEMTAC__ligand188-0
723,PEMTAC__ligand9148-0
724,PEMTAC__ligand3871-0
725,PEMTAC__ligand1469-0
726,PEMTAC__ligand23197-0
727,PEMTAC__ligand1768-0
728,PEMTAC__ligand4850-0
729,PEMTAC__ligand560-0
730,PEMTAC__ligand5056-0
731,PEMTAC__ligand29029-0
732,PEMTAC__ligand1688-0
733,PEMTAC__ligand27285-0
734,PEMTAC__ligand3647-0
735,PEMTAC__ligand5357-0
736,PEMTAC__ligand134-0
737,PEMTAC__ligand27669-0
738,PEMTAC__ligand3157-0
739,PEMTAC__ligand30142-0
740,PEMTAC__ligand13477-0
741,PEMTAC__ligand14167-0
742,PEMTAC__ligand235-0
743,PEMTAC__ligand1165-0
744,PEMTAC__ligand9525-0
745,PEMTAC__ligand5935-0
746,PEMTAC__ligand1379-0
747,PEMTAC__ligand2722-0
748,PEMTAC__ligand28459-0
749,PEMTAC__ligand5849-0
750,PEMTAC__ligand685-0
751,PEMTAC__ligand12453-0
752,PEMTAC__ligand18448-0
753,PEMTAC__ligand89-0
754,PEMTAC__ligand3392-0
755,PEMTAC__ligand421-0
756,PEMTAC__ligand4911-0
757,PEMTAC__ligand1771-0
758,PEMTAC__ligand19184-0
759,PEMTAC__ligand8464-0
760,PEMTAC__ligand1709-0
761,PEMTAC__ligand18568-0
762,PEMTAC__ligand28685-0
763,PEMTAC__ligand8349-0
764,PEMTAC__ligand13672-0
765,PEMTAC__ligand10371-0
766,PEMTAC__ligand294-0
767,PEMTAC__ligand4-0
768,PEMTAC__ligand2527-0
769,PEMTAC__ligand49-0
770,PEMTAC__ligand1327-0
771,PEMTAC__ligand9809-0
772,PEMTAC__ligand6672-0
773,PEMTAC__ligand11994-0
774,PEMTAC__ligand31044-0
775,PEMTAC__ligand8722-0
776,PEMTAC__ligand31842-0
777,PEMTAC__ligand3350-0
778,PEMTAC__ligand2781-0
779,PEMTAC__ligand7573-0
780,PEMTAC__ligand24035-0
781,PEMTAC__ligand2208-0
782,PEMTAC__ligand3208-0
783,PEMTAC__ligand197-0
784,PEMTAC__ligand14614-0
785,PEMTAC__ligand16663-0
786,PEMTAC__ligand1900-0
787,PEMTAC__ligand25913-0
788,PEMTAC__ligand9197-0
789,PEMTAC__ligand16988-0
790,PEMTAC__ligand2328-0
791,PEMTAC__ligand4581-0
792,PEMTAC__ligand1773-0
793,PEMTAC__ligand3029-0
794,PEMTAC__ligand30711-0
795,PEMTAC__ligand20207-0
796,PEMTAC__ligand11682-0
797,PEMTAC__ligand7162-0
798,PEMTAC__ligand10828-0
799,PEMTAC__ligand19792-0
800,PEMTAC__ligand15926-0
801,PEMTAC__ligand17-0
802,PEMTAC__ligand24230-0
803,PEMTAC__ligand5892-0
804,PEMTAC__ligand11447-0
805,PEMTAC__ligand11096-0
806,PEMTAC__ligand5094-0
807,PEMTAC__ligand28810-0
808,PEMTAC__ligand15883-0
809,PEMTAC__ligand868-0
810,PEMTAC__ligand11970-0
811,PEMTAC__ligand1712-0
812,PEMTAC__ligand4131-0
813,PEMTAC__ligand1496-0
814,PEMTAC__ligand783-0
815,PEMTAC__ligand352-0
816,PEMTAC__ligand21919-0
817,PEMTAC__ligand7557-0
818,PEMTAC__ligand22294-0
819,PEMTAC__ligand22168-0
820,PEMTAC__ligand28930-0
821,PEMTAC__ligand28743-0
822,PEMTAC__ligand1533-0
823,PEMTAC__ligand15531-0
824,PEMTAC__ligand11357-0
825,PEMTAC__ligand13862-0
826,PEMTAC__ligand12365-0
827,PEMTAC__ligand10056-0
