,TMC
0,HOFNAT__ligand497-0
1,HOFNAT__ligand1169-0
2,HOFNAT__ligand918-0
3,HOFNAT__ligand5022-0
4,HOFNAT__ligand633-0
5,HOFNAT__ligand532-0
6,HOFNAT__ligand166-0
7,HOFNAT__ligand838-0
8,HOFNAT__ligand5941-0
9,HOFNAT__ligand2880-0
10,HOFNAT__ligand2838-0
11,HOFNAT__ligand3838-0
12,HOFNAT__ligand1799-0
13,HOFNAT__ligand142-0
14,HOFNAT__ligand206-0
15,HOFNAT__ligand2142-0
16,HOFNAT__ligand6151-0
17,HOFNAT__ligand436-0
18,HOFNAT__ligand2772-0
19,HOFNAT__ligand9495-0
20,HOFNAT__ligand6538-0
21,HOFNAT__ligand821-0
22,HOFNAT__ligand2864-0
23,HOFNAT__ligand326-0
24,HOFNAT__ligand553-0
25,HOFNAT__ligand283-0
26,HOFNAT__ligand361-0
27,HOFNAT__ligand324-0
28,HOFNAT__ligand409-0
29,HOFNAT__ligand1052-0
30,HOFNAT__ligand1273-0
31,HOFNAT__ligand105-0
32,HOFNAT__ligand140-0
33,HOFNAT__ligand1113-0
34,HOFNAT__ligand927-0
35,HOFNAT__ligand2265-0
36,HOFNAT__ligand199-0
37,HOFNAT__ligand6396-0
38,HOFNAT__ligand9027-0
39,HOFNAT__ligand45-0
40,HOFNAT__ligand2345-0
41,HOFNAT__ligand2794-0
42,HOFNAT__ligand78-0
43,HOFNAT__ligand1835-0
44,HOFNAT__ligand85-0
45,HOFNAT__ligand4983-0
46,HOFNAT__ligand1502-0
47,HOFNAT__ligand575-0
48,HOFNAT__ligand1727-0
49,HOFNAT__ligand509-0
50,HOFNAT__ligand1152-0
51,HOFNAT__ligand1607-0
52,HOFNAT__ligand670-0
53,HOFNAT__ligand118-0
54,HOFNAT__ligand571-0
55,HOFNAT__ligand278-0
56,HOFNAT__ligand8921-0
57,HOFNAT__ligand2285-0
58,HOFNAT__ligand1567-0
59,HOFNAT__ligand2510-0
60,HOFNAT__ligand11730-0
61,HOFNAT__ligand2320-0
62,HOFNAT__ligand1056-0
63,HOFNAT__ligand2862-0
64,HOFNAT__ligand365-0
65,HOFNAT__ligand358-0
66,HOFNAT__ligand430-0
67,HOFNAT__ligand1703-0
68,HOFNAT__ligand2430-0
69,HOFNAT__ligand1-0
70,HOFNAT__ligand669-0
71,HOFNAT__ligand2907-0
72,HOFNAT__ligand3-0
73,HOFNAT__ligand67-0
74,HOFNAT__ligand7464-0
75,HOFNAT__ligand1598-0
76,HOFNAT__ligand4303-0
77,HOFNAT__ligand1248-0
78,HOFNAT__ligand6294-0
79,HOFNAT__ligand1054-0
80,HOFNAT__ligand3637-0
81,HOFNAT__ligand8774-0
82,HOFNAT__ligand383-0
83,HOFNAT__ligand162-0
84,HOFNAT__ligand226-0
85,HOFNAT__ligand1706-0
86,HOFNAT__ligand4-0
87,HOFNAT__ligand3734-0
88,HOFNAT__ligand240-0
89,HOFNAT__ligand2629-0
90,HOFNAT__ligand141-0
91,HOFNAT__ligand4381-0
92,HOFNAT__ligand18-0
93,HOFNAT__ligand2688-0
94,HOFNAT__ligand2259-0
95,HOFNAT__ligand2768-0
96,HOFNAT__ligand1376-0
97,HOFNAT__ligand6277-0
98,HOFNAT__ligand384-0
99,HOFNAT__ligand120-0
100,HOFNAT__ligand1951-0
101,HOFNAT__ligand1687-0
102,HOFNAT__ligand1048-0
103,HOFNAT__ligand757-0
104,HOFNAT__ligand2087-0
105,HOFNAT__ligand3757-0
106,HOFNAT__ligand1685-0
107,HOFNAT__ligand1544-0
108,HOFNAT__ligand797-0
109,HOFNAT__ligand1459-0
110,HOFNAT__ligand86-0
111,HOFNAT__ligand5801-0
112,HOFNAT__ligand1438-0
113,HOFNAT__ligand3063-0
114,HOFNAT__ligand6-0
115,HOFNAT__ligand62-0
116,HOFNAT__ligand1171-0
117,HOFNAT__ligand1479-0
118,HOFNAT__ligand366-0
119,HOFNAT__ligand861-0
120,HOFNAT__ligand612-0
121,HOFNAT__ligand1148-0
122,HOFNAT__ligand187-0
123,HOFNAT__ligand596-0
124,HOFNAT__ligand3246-0
125,HOFNAT__ligand66-0
126,HOFNAT__ligand126-0
127,HOFNAT__ligand1114-0
128,HOFNAT__ligand1538-0
129,HOFNAT__ligand1228-0
130,HOFNAT__ligand9244-0
131,HOFNAT__ligand3041-0
132,HOFNAT__ligand38-0
133,HOFNAT__ligand119-0
134,HOFNAT__ligand2634-0
135,HOFNAT__ligand1542-0
136,HOFNAT__ligand124-0
137,HOFNAT__ligand40-0
138,HOFNAT__ligand2751-0
139,HOFNAT__ligand100-0
140,HOFNAT__ligand244-0
141,HOFNAT__ligand3145-0
142,HOFNAT__ligand201-0
143,HOFNAT__ligand5548-0
144,HOFNAT__ligand7915-0
145,HOFNAT__ligand21-0
146,HOFNAT__ligand6686-0
147,HOFNAT__ligand1747-0
148,HOFNAT__ligand6502-0
149,HOFNAT__ligand2098-0
150,HOFNAT__ligand2863-0
151,HOFNAT__ligand321-0
152,HOFNAT__ligand3178-0
153,HOFNAT__ligand279-0
154,HOFNAT__ligand178-0
155,HOFNAT__ligand6332-0
156,HOFNAT__ligand1818-0
157,HOFNAT__ligand55-0
158,HOFNAT__ligand10479-0
159,HOFNAT__ligand7456-0
160,HOFNAT__ligand5758-0
161,HOFNAT__ligand95-0
162,HOFNAT__ligand784-0
163,HOFNAT__ligand3852-0
164,HOFNAT__ligand355-0
165,HOFNAT__ligand3478-0
166,HOFNAT__ligand485-0
167,HOFNAT__ligand9176-0
168,HOFNAT__ligand291-0
169,HOFNAT__ligand1493-0
170,HOFNAT__ligand10114-0
171,HOFNAT__ligand3035-0
172,HOFNAT__ligand3070-0
173,HOFNAT__ligand2718-0
174,HOFNAT__ligand5235-0
175,HOFNAT__ligand6143-0
176,HOFNAT__ligand34-0
177,HOFNAT__ligand4619-0
178,HOFNAT__ligand115-0
179,HOFNAT__ligand3251-0
180,HOFNAT__ligand1038-0
181,HOFNAT__ligand73-0
182,HOFNAT__ligand2762-0
183,HOFNAT__ligand5093-0
184,HOFNAT__ligand2954-0
185,HOFNAT__ligand682-0
186,HOFNAT__ligand2253-0
187,HOFNAT__ligand1160-0
188,HOFNAT__ligand7550-0
189,HOFNAT__ligand10910-0
190,HOFNAT__ligand522-0
191,HOFNAT__ligand1555-0
192,HOFNAT__ligand666-0
193,HOFNAT__ligand1285-0
194,HOFNAT__ligand487-0
195,HOFNAT__ligand7630-0
196,HOFNAT__ligand447-0
197,HOFNAT__ligand57-0
198,HOFNAT__ligand3890-0
199,HOFNAT__ligand133-0
200,HOFNAT__ligand1907-0
201,HOFNAT__ligand4423-0
202,HOFNAT__ligand14530-0
203,HOFNAT__ligand353-0
204,HOFNAT__ligand2526-0
205,HOFNAT__ligand1551-0
206,HOFNAT__ligand236-0
207,HOFNAT__ligand1690-0
208,HOFNAT__ligand2707-0
209,HOFNAT__ligand113-0
210,HOFNAT__ligand2915-0
211,HOFNAT__ligand422-0
212,HOFNAT__ligand32-0
213,HOFNAT__ligand502-0
214,HOFNAT__ligand196-0
215,HOFNAT__ligand3196-0
216,HOFNAT__ligand4012-0
217,HOFNAT__ligand48-0
218,HOFNAT__ligand1918-0
219,HOFNAT__ligand210-0
220,HOFNAT__ligand2255-0
221,HOFNAT__ligand4175-0
222,HOFNAT__ligand170-0
223,HOFNAT__ligand3618-0
224,HOFNAT__ligand2618-0
225,HOFNAT__ligand1436-0
226,HOFNAT__ligand391-0
227,HOFNAT__ligand51-0
228,HOFNAT__ligand8-0
229,HOFNAT__ligand481-0
230,HOFNAT__ligand29-0
231,HOFNAT__ligand91-0
232,HOFNAT__ligand314-0
233,HOFNAT__ligand4370-0
234,HOFNAT__ligand830-0
235,HOFNAT__ligand3337-0
236,HOFNAT__ligand7514-0
237,HOFNAT__ligand1449-1
238,HOFNAT__ligand4811-0
239,HOFNAT__ligand193-0
240,HOFNAT__ligand9620-0
241,HOFNAT__ligand1260-0
242,HOFNAT__ligand4894-0
243,HOFNAT__ligand252-0
244,HOFNAT__ligand955-0
245,HOFNAT__ligand15630-0
246,HOFNAT__ligand177-0
247,HOFNAT__ligand934-0
248,HOFNAT__ligand10357-0
249,HOFNAT__ligand1788-0
250,HOFNAT__ligand851-0
251,HOFNAT__ligand1321-0
252,HOFNAT__ligand1178-0
253,HOFNAT__ligand909-0
254,HOFNAT__ligand3566-0
255,HOFNAT__ligand311-0
256,HOFNAT__ligand3853-0
257,HOFNAT__ligand2853-0
258,HOFNAT__ligand2599-0
259,HOFNAT__ligand5089-0
260,HOFNAT__ligand188-0
261,HOFNAT__ligand1246-0
262,HOFNAT__ligand11-0
263,HOFNAT__ligand6166-0
264,HOFNAT__ligand444-0
265,HOFNAT__ligand369-0
266,HOFNAT__ligand250-0
267,HOFNAT__ligand460-0
268,HOFNAT__ligand1307-0
269,HOFNAT__ligand370-0
270,HOFNAT__ligand1712-0
271,HOFNAT__ligand798-0
272,HOFNAT__ligand421-0
273,HOFNAT__ligand89-0
274,HOFNAT__ligand2110-0
275,HOFNAT__ligand2916-0
276,HOFNAT__ligand916-0
277,HOFNAT__ligand584-0
278,HOFNAT__ligand3579-0
279,HOFNAT__ligand1919-0
280,HOFNAT__ligand294-0
281,HOFNAT__ligand993-0
282,HOFNAT__ligand331-0
283,HOFNAT__ligand2389-0
284,HOFNAT__ligand49-0
285,HOFNAT__ligand560-0
286,HOFNAT__ligand525-0
287,HOFNAT__ligand5334-0
288,HOFNAT__ligand109-0
289,HOFNAT__ligand2315-0
290,HOFNAT__ligand1898-0
291,HOFNAT__ligand3051-0
292,HOFNAT__ligand4504-0
293,HOFNAT__ligand2480-0
294,HOFNAT__ligand8032-0
295,HOFNAT__ligand390-0
296,HOFNAT__ligand1858-0
297,HOFNAT__ligand932-0
298,HOFNAT__ligand134-0
299,HOFNAT__ligand235-0
300,HOFNAT__ligand1019-0
301,HOFNAT__ligand17-0
302,HOFNAT__ligand868-0
303,HOFNAT__ligand2442-0
304,HOFNAT__ligand442-0
305,HOFNAT__ligand5762-0
306,HOFNAT__ligand7414-0
307,HOFNAT__ligand136-0
308,HOFNAT__ligand1104-0
309,HOFNAT__ligand1325-0
310,HOFNAT__ligand783-0
311,HOFNAT__ligand352-0
312,HOFNAT__ligand2482-0
313,HOFNAT__ligand92-0
314,HOFNAT__ligand6571-0
315,HOFNAT__ligand197-0
316,HOFNAT__ligand2929-0
317,HOFNAT__ligand296-0
318,HOFNAT__ligand2376-0
319,HOFNAT__ligand1379-0
320,HOFNAT__ligand1299-0
321,HOFNAT__ligand112-0
322,HOFNAT__ligand6430-0
323,HOFNAT__ligand1264-0
324,HOFNAT__ligand1221-0
