,TMC
0,BADBAL__ligand1321-0
1,BADBAL__ligand57-0
2,BADBAL__ligand1178-0
3,BADBAL__ligand3566-0
4,BADBAL__ligand119-0
5,BADBAL__ligand124-0
6,BADBAL__ligand1788-0
7,BADBAL__ligand244-0
8,BADBAL__ligand201-0
9,BADBAL__ligand100-0
10,BADBAL__ligand9620-0
11,BADBAL__ligand1260-0
12,BADBAL__ligand4894-0
13,BADBAL__ligand321-0
14,BADBAL__ligand7514-0
15,BADBAL__ligand3337-0
16,BADBAL__ligand178-0
17,BADBAL__ligand279-0
18,BADBAL__ligand1449-1
19,BADBAL__ligand4811-0
20,BADBAL__ligand73-0
21,BADBAL__ligand1307-0
22,BADBAL__ligand861-0
23,BADBAL__ligand366-0
24,BADBAL__ligand34-0
25,BADBAL__ligand187-0
26,BADBAL__ligand612-0
27,BADBAL__ligand596-0
28,BADBAL__ligand126-0
29,BADBAL__ligand95-0
30,BADBAL__ligand1246-0
31,BADBAL__ligand6166-0
32,BADBAL__ligand2853-0
33,BADBAL__ligand3853-0
34,BADBAL__ligand2599-0
35,BADBAL__ligand5089-0
36,BADBAL__ligand55-0
37,BADBAL__ligand1858-0
38,BADBAL__ligand757-0
39,BADBAL__ligand8032-0
40,BADBAL__ligand91-0
41,BADBAL__ligand10479-0
42,BADBAL__ligand29-0
43,BADBAL__ligand51-0
44,BADBAL__ligand5334-0
45,BADBAL__ligand1898-0
46,BADBAL__ligand2480-0
47,BADBAL__ligand3051-0
48,BADBAL__ligand4504-0
49,BADBAL__ligand797-0
50,BADBAL__ligand2315-0
51,BADBAL__ligand4-0
52,BADBAL__ligand1919-0
53,BADBAL__ligand10114-0
54,BADBAL__ligand2389-0
55,BADBAL__ligand1712-0
56,BADBAL__ligand48-0
57,BADBAL__ligand3579-0
58,BADBAL__ligand2110-0
59,BADBAL__ligand2916-0
60,BADBAL__ligand1379-0
61,BADBAL__ligand141-0
62,BADBAL__ligand1264-0
63,BADBAL__ligand1221-0
64,BADBAL__ligand240-0
65,BADBAL__ligand1299-0
66,BADBAL__ligand6430-0
67,BADBAL__ligand6-0
68,BADBAL__ligand32-0
69,BADBAL__ligand2929-0
70,BADBAL__ligand2376-0
71,BADBAL__ligand10910-0
72,BADBAL__ligand6571-0
73,BADBAL__ligand2482-0
74,BADBAL__ligand1325-0
75,BADBAL__ligand384-0
76,BADBAL__ligand1019-0
77,BADBAL__ligand2442-0
78,BADBAL__ligand1104-0
79,BADBAL__ligand5762-0
80,BADBAL__ligand7414-0
81,BADBAL__ligand14530-0
82,BADBAL__ligand120-0
83,BADBAL__ligand4619-0
84,BADBAL__ligand6143-0
85,BADBAL__ligand5235-0
86,BADBAL__ligand3251-0
87,BADBAL__ligand1-0
88,BADBAL__ligand9176-0
89,BADBAL__ligand3035-0
90,BADBAL__ligand3070-0
91,BADBAL__ligand2718-0
92,BADBAL__ligand1493-0
93,BADBAL__ligand11-0
94,BADBAL__ligand5758-0
95,BADBAL__ligand3478-0
96,BADBAL__ligand3852-0
97,BADBAL__ligand383-0
98,BADBAL__ligand1818-0
99,BADBAL__ligand226-0
100,BADBAL__ligand7456-0
101,BADBAL__ligand162-0
102,BADBAL__ligand3890-0
103,BADBAL__ligand4423-0
104,BADBAL__ligand1907-0
105,BADBAL__ligand509-0
106,BADBAL__ligand571-0
107,BADBAL__ligand1285-0
108,BADBAL__ligand670-0
109,BADBAL__ligand118-0
110,BADBAL__ligand1555-0
111,BADBAL__ligand7630-0
112,BADBAL__ligand278-0
113,BADBAL__ligand3-0
114,BADBAL__ligand365-0
115,BADBAL__ligand7550-0
116,BADBAL__ligand2762-0
117,BADBAL__ligand358-0
118,BADBAL__ligand430-0
119,BADBAL__ligand1038-0
120,BADBAL__ligand1160-0
121,BADBAL__ligand2253-0
122,BADBAL__ligand5093-0
123,BADBAL__ligand669-0
124,BADBAL__ligand2954-0
125,BADBAL__ligand361-0
126,BADBAL__ligand324-0
127,BADBAL__ligand409-0
128,BADBAL__ligand3196-0
129,BADBAL__ligand4012-0
130,BADBAL__ligand105-0
131,BADBAL__ligand140-0
132,BADBAL__ligand2915-0
133,BADBAL__ligand15630-0
134,BADBAL__ligand199-0
135,BADBAL__ligand10357-0
136,BADBAL__ligand1690-0
137,BADBAL__ligand927-0
138,BADBAL__ligand92-0
139,BADBAL__ligand2707-0
140,BADBAL__ligand1551-0
141,BADBAL__ligand17-0
142,BADBAL__ligand575-0
143,BADBAL__ligand2526-0
144,BADBAL__ligand497-0
145,BADBAL__ligand532-0
146,BADBAL__ligand918-0
147,BADBAL__ligand4370-0
148,BADBAL__ligand633-0
149,BADBAL__ligand2618-0
150,BADBAL__ligand166-0
151,BADBAL__ligand3618-0
152,BADBAL__ligand1436-0
153,BADBAL__ligand838-0
154,BADBAL__ligand49-0
155,BADBAL__ligand2255-0
156,BADBAL__ligand206-0
157,BADBAL__ligand142-0
158,BADBAL__ligand436-0
159,BADBAL__ligand4175-0
160,BADBAL__ligand326-0
161,BADBAL__ligand821-0
162,BADBAL__ligand283-0
163,BADBAL__ligand89-0
164,BADBAL__ligand1918-0
165,BADBAL__ligand553-0
166,BADBAL__ligand6277-0
167,BADBAL__ligand442-0
168,BADBAL__ligand868-0
169,BADBAL__ligand85-0
170,BADBAL__ligand136-0
171,BADBAL__ligand1687-0
172,BADBAL__ligand78-0
173,BADBAL__ligand1951-0
174,BADBAL__ligand2688-0
175,BADBAL__ligand2259-0
176,BADBAL__ligand45-0
177,BADBAL__ligand2768-0
178,BADBAL__ligand1376-0
179,BADBAL__ligand783-0
180,BADBAL__ligand352-0
181,BADBAL__ligand296-0
182,BADBAL__ligand197-0
183,BADBAL__ligand11730-0
184,BADBAL__ligand3734-0
185,BADBAL__ligand1706-0
186,BADBAL__ligand4381-0
187,BADBAL__ligand2629-0
188,BADBAL__ligand112-0
189,BADBAL__ligand798-0
190,BADBAL__ligand421-0
191,BADBAL__ligand916-0
192,BADBAL__ligand584-0
193,BADBAL__ligand1171-0
194,BADBAL__ligand5801-0
195,BADBAL__ligand993-0
196,BADBAL__ligand294-0
197,BADBAL__ligand1438-0
198,BADBAL__ligand3063-0
199,BADBAL__ligand331-0
200,BADBAL__ligand1544-0
201,BADBAL__ligand109-0
202,BADBAL__ligand560-0
203,BADBAL__ligand525-0
204,BADBAL__ligand1459-0
205,BADBAL__ligand390-0
206,BADBAL__ligand3757-0
207,BADBAL__ligand1048-0
208,BADBAL__ligand2087-0
209,BADBAL__ligand235-0
210,BADBAL__ligand1685-0
211,BADBAL__ligand932-0
212,BADBAL__ligand134-0
213,BADBAL__ligand311-0
214,BADBAL__ligand9244-0
215,BADBAL__ligand1228-0
216,BADBAL__ligand1538-0
217,BADBAL__ligand188-0
218,BADBAL__ligand1114-0
219,BADBAL__ligand444-0
220,BADBAL__ligand369-0
221,BADBAL__ligand250-0
222,BADBAL__ligand3246-0
223,BADBAL__ligand460-0
224,BADBAL__ligand370-0
225,BADBAL__ligand1479-0
226,BADBAL__ligand67-0
227,BADBAL__ligand1148-0
228,BADBAL__ligand2863-0
229,BADBAL__ligand830-0
230,BADBAL__ligand6502-0
231,BADBAL__ligand2098-0
232,BADBAL__ligand193-0
233,BADBAL__ligand6332-0
234,BADBAL__ligand3178-0
235,BADBAL__ligand3145-0
236,BADBAL__ligand955-0
237,BADBAL__ligand252-0
238,BADBAL__ligand6686-0
239,BADBAL__ligand1747-0
240,BADBAL__ligand5548-0
241,BADBAL__ligand7915-0
242,BADBAL__ligand934-0
243,BADBAL__ligand177-0
244,BADBAL__ligand2751-0
245,BADBAL__ligand851-0
246,BADBAL__ligand3041-0
247,BADBAL__ligand1542-0
248,BADBAL__ligand2634-0
249,BADBAL__ligand909-0
250,BADBAL__ligand2864-0
251,BADBAL__ligand62-0
252,BADBAL__ligand2142-0
253,BADBAL__ligand210-0
254,BADBAL__ligand6538-0
255,BADBAL__ligand2772-0
256,BADBAL__ligand6151-0
257,BADBAL__ligand9495-0
258,BADBAL__ligand86-0
259,BADBAL__ligand170-0
260,BADBAL__ligand3838-0
261,BADBAL__ligand1799-0
262,BADBAL__ligand2838-0
263,BADBAL__ligand391-0
264,BADBAL__ligand5941-0
265,BADBAL__ligand2880-0
266,BADBAL__ligand314-0
267,BADBAL__ligand481-0
268,BADBAL__ligand1169-0
269,BADBAL__ligand5022-0
270,BADBAL__ligand4983-0
271,BADBAL__ligand353-0
272,BADBAL__ligand1835-0
273,BADBAL__ligand2345-0
274,BADBAL__ligand2794-0
275,BADBAL__ligand1502-0
276,BADBAL__ligand6396-0
277,BADBAL__ligand236-0
278,BADBAL__ligand2265-0
279,BADBAL__ligand8-0
280,BADBAL__ligand1113-0
281,BADBAL__ligand9027-0
282,BADBAL__ligand18-0
283,BADBAL__ligand1273-0
284,BADBAL__ligand113-0
285,BADBAL__ligand422-0
286,BADBAL__ligand1052-0
287,BADBAL__ligand502-0
288,BADBAL__ligand196-0
289,BADBAL__ligand2430-0
290,BADBAL__ligand1703-0
291,BADBAL__ligand2907-0
292,BADBAL__ligand682-0
293,BADBAL__ligand21-0
294,BADBAL__ligand2510-0
295,BADBAL__ligand8921-0
296,BADBAL__ligand1567-0
297,BADBAL__ligand2285-0
298,BADBAL__ligand2862-0
299,BADBAL__ligand1056-0
300,BADBAL__ligand2320-0
301,BADBAL__ligand666-0
302,BADBAL__ligand1607-0
303,BADBAL__ligand522-0
304,BADBAL__ligand40-0
305,BADBAL__ligand487-0
306,BADBAL__ligand1727-0
307,BADBAL__ligand447-0
308,BADBAL__ligand38-0
309,BADBAL__ligand1152-0
310,BADBAL__ligand133-0
311,BADBAL__ligand3637-0
312,BADBAL__ligand485-0
313,BADBAL__ligand8774-0
314,BADBAL__ligand784-0
315,BADBAL__ligand355-0
316,BADBAL__ligand4303-0
317,BADBAL__ligand291-0
318,BADBAL__ligand1248-0
319,BADBAL__ligand1598-0
320,BADBAL__ligand66-0
321,BADBAL__ligand1054-0
322,BADBAL__ligand6294-0
323,BADBAL__ligand7464-0
324,BADBAL__ligand115-0
