,TMC
0,PIBRIE__ligand2629-0
1,PIBRIE__ligand355-0
2,PIBRIE__ligand784-0
3,PIBRIE__ligand4381-0
4,PIBRIE__ligand485-0
5,PIBRIE__ligand1706-0
6,PIBRIE__ligand3734-0
7,PIBRIE__ligand18-0
8,PIBRIE__ligand1951-0
9,PIBRIE__ligand1687-0
10,PIBRIE__ligand291-0
11,PIBRIE__ligand6277-0
12,PIBRIE__ligand115-0
13,PIBRIE__ligand1376-0
14,PIBRIE__ligand2768-0
15,PIBRIE__ligand2688-0
16,PIBRIE__ligand2259-0
17,PIBRIE__ligand1459-0
18,PIBRIE__ligand682-0
19,PIBRIE__ligand1544-0
20,PIBRIE__ligand1685-0
21,PIBRIE__ligand86-0
22,PIBRIE__ligand2087-0
23,PIBRIE__ligand1048-0
24,PIBRIE__ligand3757-0
25,PIBRIE__ligand1171-0
26,PIBRIE__ligand487-0
27,PIBRIE__ligand522-0
28,PIBRIE__ligand666-0
29,PIBRIE__ligand133-0
30,PIBRIE__ligand62-0
31,PIBRIE__ligand3063-0
32,PIBRIE__ligand1438-0
33,PIBRIE__ligand447-0
34,PIBRIE__ligand5801-0
35,PIBRIE__ligand353-0
36,PIBRIE__ligand3246-0
37,PIBRIE__ligand1148-0
38,PIBRIE__ligand66-0
39,PIBRIE__ligand236-0
40,PIBRIE__ligand1479-0
41,PIBRIE__ligand422-0
42,PIBRIE__ligand1228-0
43,PIBRIE__ligand4-0
44,PIBRIE__ligand9244-0
45,PIBRIE__ligand113-0
46,PIBRIE__ligand196-0
47,PIBRIE__ligand502-0
48,PIBRIE__ligand1114-0
49,PIBRIE__ligand1538-0
50,PIBRIE__ligand38-0
51,PIBRIE__ligand2751-0
52,PIBRIE__ligand6-0
53,PIBRIE__ligand2634-0
54,PIBRIE__ligand1542-0
55,PIBRIE__ligand40-0
56,PIBRIE__ligand3041-0
57,PIBRIE__ligand210-0
58,PIBRIE__ligand3178-0
59,PIBRIE__ligand391-0
60,PIBRIE__ligand6332-0
61,PIBRIE__ligand2098-0
62,PIBRIE__ligand6502-0
63,PIBRIE__ligand170-0
64,PIBRIE__ligand21-0
65,PIBRIE__ligand2863-0
66,PIBRIE__ligand7915-0
67,PIBRIE__ligand5548-0
68,PIBRIE__ligand6686-0
69,PIBRIE__ligand1747-0
70,PIBRIE__ligand481-0
71,PIBRIE__ligand314-0
72,PIBRIE__ligand3145-0
73,PIBRIE__ligand5941-0
74,PIBRIE__ligand2880-0
75,PIBRIE__ligand193-0
76,PIBRIE__ligand2838-0
77,PIBRIE__ligand3838-0
78,PIBRIE__ligand1799-0
79,PIBRIE__ligand830-0
80,PIBRIE__ligand5022-0
81,PIBRIE__ligand1169-0
82,PIBRIE__ligand1-0
83,PIBRIE__ligand252-0
84,PIBRIE__ligand955-0
85,PIBRIE__ligand177-0
86,PIBRIE__ligand934-0
87,PIBRIE__ligand2864-0
88,PIBRIE__ligand9495-0
89,PIBRIE__ligand6151-0
90,PIBRIE__ligand2772-0
91,PIBRIE__ligand909-0
92,PIBRIE__ligand6538-0
93,PIBRIE__ligand851-0
94,PIBRIE__ligand2142-0
95,PIBRIE__ligand11730-0
96,PIBRIE__ligand311-0
97,PIBRIE__ligand1273-0
98,PIBRIE__ligand444-0
99,PIBRIE__ligand369-0
100,PIBRIE__ligand188-0
101,PIBRIE__ligand1052-0
102,PIBRIE__ligand3-0
103,PIBRIE__ligand1502-0
104,PIBRIE__ligand460-0
105,PIBRIE__ligand2345-0
106,PIBRIE__ligand2794-0
107,PIBRIE__ligand1835-0
108,PIBRIE__ligand45-0
109,PIBRIE__ligand4983-0
110,PIBRIE__ligand250-0
111,PIBRIE__ligand78-0
112,PIBRIE__ligand9027-0
113,PIBRIE__ligand85-0
114,PIBRIE__ligand1113-0
115,PIBRIE__ligand2265-0
116,PIBRIE__ligand370-0
117,PIBRIE__ligand6396-0
118,PIBRIE__ligand584-0
119,PIBRIE__ligand916-0
120,PIBRIE__ligand1607-0
121,PIBRIE__ligand798-0
122,PIBRIE__ligand421-0
123,PIBRIE__ligand331-0
124,PIBRIE__ligand1152-0
125,PIBRIE__ligand294-0
126,PIBRIE__ligand1727-0
127,PIBRIE__ligand993-0
128,PIBRIE__ligand2907-0
129,PIBRIE__ligand525-0
130,PIBRIE__ligand560-0
131,PIBRIE__ligand1703-0
132,PIBRIE__ligand2430-0
133,PIBRIE__ligand109-0
134,PIBRIE__ligand2320-0
135,PIBRIE__ligand134-0
136,PIBRIE__ligand1056-0
137,PIBRIE__ligand932-0
138,PIBRIE__ligand2862-0
139,PIBRIE__ligand235-0
140,PIBRIE__ligand2285-0
141,PIBRIE__ligand1567-0
142,PIBRIE__ligand8921-0
143,PIBRIE__ligand2510-0
144,PIBRIE__ligand390-0
145,PIBRIE__ligand67-0
146,PIBRIE__ligand6294-0
147,PIBRIE__ligand136-0
148,PIBRIE__ligand1054-0
149,PIBRIE__ligand868-0
150,PIBRIE__ligand1598-0
151,PIBRIE__ligand1248-0
152,PIBRIE__ligand442-0
153,PIBRIE__ligand4303-0
154,PIBRIE__ligand352-0
155,PIBRIE__ligand783-0
156,PIBRIE__ligand7464-0
157,PIBRIE__ligand197-0
158,PIBRIE__ligand296-0
159,PIBRIE__ligand112-0
160,PIBRIE__ligand8774-0
161,PIBRIE__ligand3637-0
162,PIBRIE__ligand918-0
163,PIBRIE__ligand633-0
164,PIBRIE__ligand532-0
165,PIBRIE__ligand1260-0
166,PIBRIE__ligand4894-0
167,PIBRIE__ligand9620-0
168,PIBRIE__ligand497-0
169,PIBRIE__ligand838-0
170,PIBRIE__ligand1449-1
171,PIBRIE__ligand4811-0
172,PIBRIE__ligand166-0
173,PIBRIE__ligand3337-0
174,PIBRIE__ligand7514-0
175,PIBRIE__ligand436-0
176,PIBRIE__ligand3566-0
177,PIBRIE__ligand1178-0
178,PIBRIE__ligand142-0
179,PIBRIE__ligand1321-0
180,PIBRIE__ligand206-0
181,PIBRIE__ligand553-0
182,PIBRIE__ligand1788-0
183,PIBRIE__ligand283-0
184,PIBRIE__ligand821-0
185,PIBRIE__ligand326-0
186,PIBRIE__ligand6166-0
187,PIBRIE__ligand1246-0
188,PIBRIE__ligand324-0
189,PIBRIE__ligand361-0
190,PIBRIE__ligand409-0
191,PIBRIE__ligand5089-0
192,PIBRIE__ligand2599-0
193,PIBRIE__ligand3853-0
194,PIBRIE__ligand2853-0
195,PIBRIE__ligand11-0
196,PIBRIE__ligand140-0
197,PIBRIE__ligand105-0
198,PIBRIE__ligand927-0
199,PIBRIE__ligand199-0
200,PIBRIE__ligand1307-0
201,PIBRIE__ligand575-0
202,PIBRIE__ligand2389-0
203,PIBRIE__ligand509-0
204,PIBRIE__ligand89-0
205,PIBRIE__ligand1919-0
206,PIBRIE__ligand2110-0
207,PIBRIE__ligand2916-0
208,PIBRIE__ligand3579-0
209,PIBRIE__ligand670-0
210,PIBRIE__ligand1712-0
211,PIBRIE__ligand118-0
212,PIBRIE__ligand571-0
213,PIBRIE__ligand49-0
214,PIBRIE__ligand365-0
215,PIBRIE__ligand278-0
216,PIBRIE__ligand8032-0
217,PIBRIE__ligand1858-0
218,PIBRIE__ligand2315-0
219,PIBRIE__ligand669-0
220,PIBRIE__ligand3051-0
221,PIBRIE__ligand4504-0
222,PIBRIE__ligand2480-0
223,PIBRIE__ligand1898-0
224,PIBRIE__ligand358-0
225,PIBRIE__ligand430-0
226,PIBRIE__ligand5334-0
227,PIBRIE__ligand1325-0
228,PIBRIE__ligand10357-0
229,PIBRIE__ligand2482-0
230,PIBRIE__ligand17-0
231,PIBRIE__ligand15630-0
232,PIBRIE__ligand6571-0
233,PIBRIE__ligand7414-0
234,PIBRIE__ligand5762-0
235,PIBRIE__ligand1104-0
236,PIBRIE__ligand2442-0
237,PIBRIE__ligand92-0
238,PIBRIE__ligand1019-0
239,PIBRIE__ligand6430-0
240,PIBRIE__ligand1299-0
241,PIBRIE__ligand1264-0
242,PIBRIE__ligand1221-0
243,PIBRIE__ligand1379-0
244,PIBRIE__ligand162-0
245,PIBRIE__ligand2376-0
246,PIBRIE__ligand226-0
247,PIBRIE__ligand2929-0
248,PIBRIE__ligand383-0
249,PIBRIE__ligand3852-0
250,PIBRIE__ligand240-0
251,PIBRIE__ligand55-0
252,PIBRIE__ligand141-0
253,PIBRIE__ligand3478-0
254,PIBRIE__ligand5758-0
255,PIBRIE__ligand7456-0
256,PIBRIE__ligand1818-0
257,PIBRIE__ligand95-0
258,PIBRIE__ligand3251-0
259,PIBRIE__ligand5235-0
260,PIBRIE__ligand6143-0
261,PIBRIE__ligand4619-0
262,PIBRIE__ligand1493-0
263,PIBRIE__ligand120-0
264,PIBRIE__ligand2718-0
265,PIBRIE__ligand3035-0
266,PIBRIE__ligand3070-0
267,PIBRIE__ligand34-0
268,PIBRIE__ligand9176-0
269,PIBRIE__ligand384-0
270,PIBRIE__ligand73-0
271,PIBRIE__ligand7550-0
272,PIBRIE__ligand757-0
273,PIBRIE__ligand5093-0
274,PIBRIE__ligand8-0
275,PIBRIE__ligand2954-0
276,PIBRIE__ligand797-0
277,PIBRIE__ligand2253-0
278,PIBRIE__ligand1160-0
279,PIBRIE__ligand1038-0
280,PIBRIE__ligand2762-0
281,PIBRIE__ligand1907-0
282,PIBRIE__ligand4423-0
283,PIBRIE__ligand3890-0
284,PIBRIE__ligand57-0
285,PIBRIE__ligand7630-0
286,PIBRIE__ligand1555-0
287,PIBRIE__ligand1285-0
288,PIBRIE__ligand612-0
289,PIBRIE__ligand2707-0
290,PIBRIE__ligand187-0
291,PIBRIE__ligand366-0
292,PIBRIE__ligand1690-0
293,PIBRIE__ligand861-0
294,PIBRIE__ligand2526-0
295,PIBRIE__ligand1551-0
296,PIBRIE__ligand14530-0
297,PIBRIE__ligand596-0
298,PIBRIE__ligand3196-0
299,PIBRIE__ligand4012-0
300,PIBRIE__ligand126-0
301,PIBRIE__ligand32-0
302,PIBRIE__ligand10910-0
303,PIBRIE__ligand2915-0
304,PIBRIE__ligand4175-0
305,PIBRIE__ligand119-0
306,PIBRIE__ligand48-0
307,PIBRIE__ligand2255-0
308,PIBRIE__ligand10114-0
309,PIBRIE__ligand1918-0
310,PIBRIE__ligand124-0
311,PIBRIE__ligand4370-0
312,PIBRIE__ligand100-0
313,PIBRIE__ligand201-0
314,PIBRIE__ligand244-0
315,PIBRIE__ligand51-0
316,PIBRIE__ligand10479-0
317,PIBRIE__ligand279-0
318,PIBRIE__ligand29-0
319,PIBRIE__ligand1436-0
320,PIBRIE__ligand178-0
321,PIBRIE__ligand91-0
322,PIBRIE__ligand321-0
323,PIBRIE__ligand3618-0
324,PIBRIE__ligand2618-0
