,TMC
0,MUZRAA__ligand109-0
1,MUZRAA__ligand1690-0
2,MUZRAA__ligand525-0
3,MUZRAA__ligand560-0
4,MUZRAA__ligand38-0
5,MUZRAA__ligand2707-0
6,MUZRAA__ligand390-0
7,MUZRAA__ligand40-0
8,MUZRAA__ligand235-0
9,MUZRAA__ligand2526-0
10,MUZRAA__ligand1551-0
11,MUZRAA__ligand134-0
12,MUZRAA__ligand932-0
13,MUZRAA__ligand10910-0
14,MUZRAA__ligand21-0
15,MUZRAA__ligand421-0
16,MUZRAA__ligand798-0
17,MUZRAA__ligand584-0
18,MUZRAA__ligand916-0
19,MUZRAA__ligand4012-0
20,MUZRAA__ligand3196-0
21,MUZRAA__ligand993-0
22,MUZRAA__ligand294-0
23,MUZRAA__ligand2915-0
24,MUZRAA__ligand14530-0
25,MUZRAA__ligand331-0
26,MUZRAA__ligand296-0
27,MUZRAA__ligand2255-0
28,MUZRAA__ligand197-0
29,MUZRAA__ligand10479-0
30,MUZRAA__ligand4175-0
31,MUZRAA__ligand66-0
32,MUZRAA__ligand1918-0
33,MUZRAA__ligand112-0
34,MUZRAA__ligand442-0
35,MUZRAA__ligand868-0
36,MUZRAA__ligand10114-0
37,MUZRAA__ligand4370-0
38,MUZRAA__ligand136-0
39,MUZRAA__ligand3618-0
40,MUZRAA__ligand2618-0
41,MUZRAA__ligand1436-0
42,MUZRAA__ligand352-0
43,MUZRAA__ligand783-0
44,MUZRAA__ligand5758-0
45,MUZRAA__ligand934-0
46,MUZRAA__ligand177-0
47,MUZRAA__ligand3852-0
48,MUZRAA__ligand3478-0
49,MUZRAA__ligand1818-0
50,MUZRAA__ligand851-0
51,MUZRAA__ligand86-0
52,MUZRAA__ligand909-0
53,MUZRAA__ligand7456-0
54,MUZRAA__ligand4-0
55,MUZRAA__ligand830-0
56,MUZRAA__ligand5235-0
57,MUZRAA__ligand6143-0
58,MUZRAA__ligand4619-0
59,MUZRAA__ligand193-0
60,MUZRAA__ligand3251-0
61,MUZRAA__ligand955-0
62,MUZRAA__ligand9176-0
63,MUZRAA__ligand252-0
64,MUZRAA__ligand62-0
65,MUZRAA__ligand1493-0
66,MUZRAA__ligand2718-0
67,MUZRAA__ligand3070-0
68,MUZRAA__ligand3035-0
69,MUZRAA__ligand250-0
70,MUZRAA__ligand460-0
71,MUZRAA__ligand7550-0
72,MUZRAA__ligand18-0
73,MUZRAA__ligand1038-0
74,MUZRAA__ligand370-0
75,MUZRAA__ligand2762-0
76,MUZRAA__ligand2954-0
77,MUZRAA__ligand5093-0
78,MUZRAA__ligand2253-0
79,MUZRAA__ligand1160-0
80,MUZRAA__ligand311-0
81,MUZRAA__ligand3890-0
82,MUZRAA__ligand6-0
83,MUZRAA__ligand1907-0
84,MUZRAA__ligand4423-0
85,MUZRAA__ligand1555-0
86,MUZRAA__ligand1285-0
87,MUZRAA__ligand188-0
88,MUZRAA__ligand369-0
89,MUZRAA__ligand444-0
90,MUZRAA__ligand7630-0
91,MUZRAA__ligand1919-0
92,MUZRAA__ligand113-0
93,MUZRAA__ligand2389-0
94,MUZRAA__ligand67-0
95,MUZRAA__ligand422-0
96,MUZRAA__ligand1712-0
97,MUZRAA__ligand2916-0
98,MUZRAA__ligand2110-0
99,MUZRAA__ligand3579-0
100,MUZRAA__ligand196-0
101,MUZRAA__ligand502-0
102,MUZRAA__ligand8032-0
103,MUZRAA__ligand1858-0
104,MUZRAA__ligand353-0
105,MUZRAA__ligand1-0
106,MUZRAA__ligand5334-0
107,MUZRAA__ligand236-0
108,MUZRAA__ligand2315-0
109,MUZRAA__ligand4504-0
110,MUZRAA__ligand3051-0
111,MUZRAA__ligand2480-0
112,MUZRAA__ligand1898-0
113,MUZRAA__ligand170-0
114,MUZRAA__ligand1325-0
115,MUZRAA__ligand2482-0
116,MUZRAA__ligand391-0
117,MUZRAA__ligand6571-0
118,MUZRAA__ligand314-0
119,MUZRAA__ligand2442-0
120,MUZRAA__ligand1019-0
121,MUZRAA__ligand481-0
122,MUZRAA__ligand3-0
123,MUZRAA__ligand7414-0
124,MUZRAA__ligand5762-0
125,MUZRAA__ligand1104-0
126,MUZRAA__ligand1379-0
127,MUZRAA__ligand15630-0
128,MUZRAA__ligand10357-0
129,MUZRAA__ligand6430-0
130,MUZRAA__ligand1299-0
131,MUZRAA__ligand1221-0
132,MUZRAA__ligand1264-0
133,MUZRAA__ligand2929-0
134,MUZRAA__ligand210-0
135,MUZRAA__ligand2376-0
136,MUZRAA__ligand291-0
137,MUZRAA__ligand1260-0
138,MUZRAA__ligand4894-0
139,MUZRAA__ligand9620-0
140,MUZRAA__ligand3337-0
141,MUZRAA__ligand7514-0
142,MUZRAA__ligand4811-0
143,MUZRAA__ligand1449-1
144,MUZRAA__ligand115-0
145,MUZRAA__ligand45-0
146,MUZRAA__ligand1321-0
147,MUZRAA__ligand3566-0
148,MUZRAA__ligand1178-0
149,MUZRAA__ligand485-0
150,MUZRAA__ligand85-0
151,MUZRAA__ligand1788-0
152,MUZRAA__ligand355-0
153,MUZRAA__ligand784-0
154,MUZRAA__ligand78-0
155,MUZRAA__ligand666-0
156,MUZRAA__ligand1246-0
157,MUZRAA__ligand522-0
158,MUZRAA__ligand487-0
159,MUZRAA__ligand6166-0
160,MUZRAA__ligand3853-0
161,MUZRAA__ligand2853-0
162,MUZRAA__ligand447-0
163,MUZRAA__ligand5089-0
164,MUZRAA__ligand2599-0
165,MUZRAA__ligand133-0
166,MUZRAA__ligand1307-0
167,MUZRAA__ligand682-0
168,MUZRAA__ligand1607-0
169,MUZRAA__ligand126-0
170,MUZRAA__ligand17-0
171,MUZRAA__ligand1727-0
172,MUZRAA__ligand92-0
173,MUZRAA__ligand1152-0
174,MUZRAA__ligand861-0
175,MUZRAA__ligand1703-0
176,MUZRAA__ligand366-0
177,MUZRAA__ligand2430-0
178,MUZRAA__ligand187-0
179,MUZRAA__ligand612-0
180,MUZRAA__ligand2907-0
181,MUZRAA__ligand2285-0
182,MUZRAA__ligand596-0
183,MUZRAA__ligand1567-0
184,MUZRAA__ligand8921-0
185,MUZRAA__ligand2510-0
186,MUZRAA__ligand2320-0
187,MUZRAA__ligand1056-0
188,MUZRAA__ligand2862-0
189,MUZRAA__ligand1598-0
190,MUZRAA__ligand201-0
191,MUZRAA__ligand244-0
192,MUZRAA__ligand1248-0
193,MUZRAA__ligand100-0
194,MUZRAA__ligand4303-0
195,MUZRAA__ligand6294-0
196,MUZRAA__ligand89-0
197,MUZRAA__ligand1054-0
198,MUZRAA__ligand49-0
199,MUZRAA__ligand321-0
200,MUZRAA__ligand178-0
201,MUZRAA__ligand7464-0
202,MUZRAA__ligand279-0
203,MUZRAA__ligand119-0
204,MUZRAA__ligand124-0
205,MUZRAA__ligand3637-0
206,MUZRAA__ligand8774-0
207,MUZRAA__ligand5941-0
208,MUZRAA__ligand2880-0
209,MUZRAA__ligand2838-0
210,MUZRAA__ligand1799-0
211,MUZRAA__ligand3838-0
212,MUZRAA__ligand384-0
213,MUZRAA__ligand11-0
214,MUZRAA__ligand5022-0
215,MUZRAA__ligand1169-0
216,MUZRAA__ligand120-0
217,MUZRAA__ligand2864-0
218,MUZRAA__ligand141-0
219,MUZRAA__ligand240-0
220,MUZRAA__ligand2142-0
221,MUZRAA__ligand9495-0
222,MUZRAA__ligand6151-0
223,MUZRAA__ligand2772-0
224,MUZRAA__ligand6538-0
225,MUZRAA__ligand1273-0
226,MUZRAA__ligand1052-0
227,MUZRAA__ligand2345-0
228,MUZRAA__ligand2794-0
229,MUZRAA__ligand1835-0
230,MUZRAA__ligand757-0
231,MUZRAA__ligand4983-0
232,MUZRAA__ligand11730-0
233,MUZRAA__ligand1502-0
234,MUZRAA__ligand1113-0
235,MUZRAA__ligand2265-0
236,MUZRAA__ligand6396-0
237,MUZRAA__ligand9027-0
238,MUZRAA__ligand797-0
239,MUZRAA__ligand3246-0
240,MUZRAA__ligand278-0
241,MUZRAA__ligand48-0
242,MUZRAA__ligand365-0
243,MUZRAA__ligand1479-0
244,MUZRAA__ligand430-0
245,MUZRAA__ligand358-0
246,MUZRAA__ligand1148-0
247,MUZRAA__ligand669-0
248,MUZRAA__ligand51-0
249,MUZRAA__ligand1228-0
250,MUZRAA__ligand9244-0
251,MUZRAA__ligand509-0
252,MUZRAA__ligand1114-0
253,MUZRAA__ligand571-0
254,MUZRAA__ligand118-0
255,MUZRAA__ligand1538-0
256,MUZRAA__ligand670-0
257,MUZRAA__ligand91-0
258,MUZRAA__ligand29-0
259,MUZRAA__ligand2751-0
260,MUZRAA__ligand383-0
261,MUZRAA__ligand3041-0
262,MUZRAA__ligand226-0
263,MUZRAA__ligand162-0
264,MUZRAA__ligand2634-0
265,MUZRAA__ligand1542-0
266,MUZRAA__ligand2098-0
267,MUZRAA__ligand32-0
268,MUZRAA__ligand6502-0
269,MUZRAA__ligand2863-0
270,MUZRAA__ligand3178-0
271,MUZRAA__ligand8-0
272,MUZRAA__ligand6332-0
273,MUZRAA__ligand3145-0
274,MUZRAA__ligand7915-0
275,MUZRAA__ligand5548-0
276,MUZRAA__ligand6686-0
277,MUZRAA__ligand1747-0
278,MUZRAA__ligand206-0
279,MUZRAA__ligand142-0
280,MUZRAA__ligand436-0
281,MUZRAA__ligand73-0
282,MUZRAA__ligand1706-0
283,MUZRAA__ligand326-0
284,MUZRAA__ligand3734-0
285,MUZRAA__ligand821-0
286,MUZRAA__ligand2629-0
287,MUZRAA__ligand283-0
288,MUZRAA__ligand4381-0
289,MUZRAA__ligand553-0
290,MUZRAA__ligand497-0
291,MUZRAA__ligand6277-0
292,MUZRAA__ligand1951-0
293,MUZRAA__ligand532-0
294,MUZRAA__ligand1687-0
295,MUZRAA__ligand633-0
296,MUZRAA__ligand918-0
297,MUZRAA__ligand166-0
298,MUZRAA__ligand2688-0
299,MUZRAA__ligand2259-0
300,MUZRAA__ligand57-0
301,MUZRAA__ligand1376-0
302,MUZRAA__ligand2768-0
303,MUZRAA__ligand838-0
304,MUZRAA__ligand199-0
305,MUZRAA__ligand927-0
306,MUZRAA__ligand1544-0
307,MUZRAA__ligand1459-0
308,MUZRAA__ligand55-0
309,MUZRAA__ligand2087-0
310,MUZRAA__ligand1048-0
311,MUZRAA__ligand3757-0
312,MUZRAA__ligand95-0
313,MUZRAA__ligand1685-0
314,MUZRAA__ligand575-0
315,MUZRAA__ligand409-0
316,MUZRAA__ligand324-0
317,MUZRAA__ligand361-0
318,MUZRAA__ligand1171-0
319,MUZRAA__ligand140-0
320,MUZRAA__ligand105-0
321,MUZRAA__ligand5801-0
322,MUZRAA__ligand34-0
323,MUZRAA__ligand3063-0
324,MUZRAA__ligand1438-0
