,TMC
0,MAQHAN__ligand1919-0
1,MAQHAN__ligand422-0
2,MAQHAN__ligand113-0
3,MAQHAN__ligand2389-0
4,MAQHAN__ligand1712-0
5,MAQHAN__ligand502-0
6,MAQHAN__ligand196-0
7,MAQHAN__ligand2110-0
8,MAQHAN__ligand2916-0
9,MAQHAN__ligand3579-0
10,MAQHAN__ligand8032-0
11,MAQHAN__ligand1858-0
12,MAQHAN__ligand353-0
13,MAQHAN__ligand5334-0
14,MAQHAN__ligand236-0
15,MAQHAN__ligand2315-0
16,MAQHAN__ligand1898-0
17,MAQHAN__ligand2480-0
18,MAQHAN__ligand3051-0
19,MAQHAN__ligand4504-0
20,MAQHAN__ligand45-0
21,MAQHAN__ligand391-0
22,MAQHAN__ligand2482-0
23,MAQHAN__ligand170-0
24,MAQHAN__ligand1325-0
25,MAQHAN__ligand6571-0
26,MAQHAN__ligand1019-0
27,MAQHAN__ligand2442-0
28,MAQHAN__ligand78-0
29,MAQHAN__ligand481-0
30,MAQHAN__ligand1104-0
31,MAQHAN__ligand314-0
32,MAQHAN__ligand5762-0
33,MAQHAN__ligand7414-0
34,MAQHAN__ligand85-0
35,MAQHAN__ligand1379-0
36,MAQHAN__ligand1299-0
37,MAQHAN__ligand11730-0
38,MAQHAN__ligand6430-0
39,MAQHAN__ligand1264-0
40,MAQHAN__ligand1221-0
41,MAQHAN__ligand2929-0
42,MAQHAN__ligand210-0
43,MAQHAN__ligand2376-0
44,MAQHAN__ligand9620-0
45,MAQHAN__ligand4894-0
46,MAQHAN__ligand1260-0
47,MAQHAN__ligand291-0
48,MAQHAN__ligand115-0
49,MAQHAN__ligand7514-0
50,MAQHAN__ligand3337-0
51,MAQHAN__ligand1449-1
52,MAQHAN__ligand4811-0
53,MAQHAN__ligand1321-0
54,MAQHAN__ligand8-0
55,MAQHAN__ligand1178-0
56,MAQHAN__ligand3566-0
57,MAQHAN__ligand355-0
58,MAQHAN__ligand784-0
59,MAQHAN__ligand485-0
60,MAQHAN__ligand1788-0
61,MAQHAN__ligand1246-0
62,MAQHAN__ligand487-0
63,MAQHAN__ligand522-0
64,MAQHAN__ligand6166-0
65,MAQHAN__ligand666-0
66,MAQHAN__ligand133-0
67,MAQHAN__ligand2853-0
68,MAQHAN__ligand3853-0
69,MAQHAN__ligand447-0
70,MAQHAN__ligand2599-0
71,MAQHAN__ligand5089-0
72,MAQHAN__ligand682-0
73,MAQHAN__ligand1307-0
74,MAQHAN__ligand67-0
75,MAQHAN__ligand1690-0
76,MAQHAN__ligand560-0
77,MAQHAN__ligand525-0
78,MAQHAN__ligand109-0
79,MAQHAN__ligand2707-0
80,MAQHAN__ligand932-0
81,MAQHAN__ligand134-0
82,MAQHAN__ligand235-0
83,MAQHAN__ligand2526-0
84,MAQHAN__ligand390-0
85,MAQHAN__ligand1551-0
86,MAQHAN__ligand584-0
87,MAQHAN__ligand916-0
88,MAQHAN__ligand421-0
89,MAQHAN__ligand3196-0
90,MAQHAN__ligand4012-0
91,MAQHAN__ligand798-0
92,MAQHAN__ligand331-0
93,MAQHAN__ligand18-0
94,MAQHAN__ligand2915-0
95,MAQHAN__ligand294-0
96,MAQHAN__ligand993-0
97,MAQHAN__ligand2255-0
98,MAQHAN__ligand4175-0
99,MAQHAN__ligand197-0
100,MAQHAN__ligand296-0
101,MAQHAN__ligand112-0
102,MAQHAN__ligand1918-0
103,MAQHAN__ligand62-0
104,MAQHAN__ligand136-0
105,MAQHAN__ligand4370-0
106,MAQHAN__ligand868-0
107,MAQHAN__ligand442-0
108,MAQHAN__ligand86-0
109,MAQHAN__ligand352-0
110,MAQHAN__ligand783-0
111,MAQHAN__ligand2618-0
112,MAQHAN__ligand3618-0
113,MAQHAN__ligand1436-0
114,MAQHAN__ligand5758-0
115,MAQHAN__ligand177-0
116,MAQHAN__ligand934-0
117,MAQHAN__ligand3852-0
118,MAQHAN__ligand3478-0
119,MAQHAN__ligand1818-0
120,MAQHAN__ligand909-0
121,MAQHAN__ligand851-0
122,MAQHAN__ligand7456-0
123,MAQHAN__ligand6143-0
124,MAQHAN__ligand5235-0
125,MAQHAN__ligand4619-0
126,MAQHAN__ligand193-0
127,MAQHAN__ligand3251-0
128,MAQHAN__ligand830-0
129,MAQHAN__ligand9176-0
130,MAQHAN__ligand66-0
131,MAQHAN__ligand252-0
132,MAQHAN__ligand1493-0
133,MAQHAN__ligand955-0
134,MAQHAN__ligand3035-0
135,MAQHAN__ligand3070-0
136,MAQHAN__ligand2718-0
137,MAQHAN__ligand460-0
138,MAQHAN__ligand21-0
139,MAQHAN__ligand250-0
140,MAQHAN__ligand7550-0
141,MAQHAN__ligand1038-0
142,MAQHAN__ligand2762-0
143,MAQHAN__ligand5093-0
144,MAQHAN__ligand2954-0
145,MAQHAN__ligand1160-0
146,MAQHAN__ligand2253-0
147,MAQHAN__ligand370-0
148,MAQHAN__ligand3890-0
149,MAQHAN__ligand1907-0
150,MAQHAN__ligand311-0
151,MAQHAN__ligand38-0
152,MAQHAN__ligand4423-0
153,MAQHAN__ligand40-0
154,MAQHAN__ligand1555-0
155,MAQHAN__ligand369-0
156,MAQHAN__ligand444-0
157,MAQHAN__ligand1285-0
158,MAQHAN__ligand188-0
159,MAQHAN__ligand7630-0
160,MAQHAN__ligand365-0
161,MAQHAN__ligand3246-0
162,MAQHAN__ligand278-0
163,MAQHAN__ligand669-0
164,MAQHAN__ligand1479-0
165,MAQHAN__ligand430-0
166,MAQHAN__ligand358-0
167,MAQHAN__ligand1148-0
168,MAQHAN__ligand34-0
169,MAQHAN__ligand509-0
170,MAQHAN__ligand1228-0
171,MAQHAN__ligand55-0
172,MAQHAN__ligand9244-0
173,MAQHAN__ligand1114-0
174,MAQHAN__ligand95-0
175,MAQHAN__ligand1538-0
176,MAQHAN__ligand118-0
177,MAQHAN__ligand670-0
178,MAQHAN__ligand571-0
179,MAQHAN__ligand2751-0
180,MAQHAN__ligand3041-0
181,MAQHAN__ligand162-0
182,MAQHAN__ligand226-0
183,MAQHAN__ligand1542-0
184,MAQHAN__ligand383-0
185,MAQHAN__ligand2634-0
186,MAQHAN__ligand57-0
187,MAQHAN__ligand6502-0
188,MAQHAN__ligand2098-0
189,MAQHAN__ligand2863-0
190,MAQHAN__ligand3178-0
191,MAQHAN__ligand73-0
192,MAQHAN__ligand6332-0
193,MAQHAN__ligand3145-0
194,MAQHAN__ligand5548-0
195,MAQHAN__ligand7915-0
196,MAQHAN__ligand1747-0
197,MAQHAN__ligand6686-0
198,MAQHAN__ligand436-0
199,MAQHAN__ligand32-0
200,MAQHAN__ligand142-0
201,MAQHAN__ligand206-0
202,MAQHAN__ligand10910-0
203,MAQHAN__ligand553-0
204,MAQHAN__ligand1706-0
205,MAQHAN__ligand283-0
206,MAQHAN__ligand3734-0
207,MAQHAN__ligand3-0
208,MAQHAN__ligand821-0
209,MAQHAN__ligand2629-0
210,MAQHAN__ligand326-0
211,MAQHAN__ligand4381-0
212,MAQHAN__ligand633-0
213,MAQHAN__ligand918-0
214,MAQHAN__ligand532-0
215,MAQHAN__ligand6277-0
216,MAQHAN__ligand1951-0
217,MAQHAN__ligand497-0
218,MAQHAN__ligand1687-0
219,MAQHAN__ligand14530-0
220,MAQHAN__ligand838-0
221,MAQHAN__ligand2259-0
222,MAQHAN__ligand2688-0
223,MAQHAN__ligand2768-0
224,MAQHAN__ligand1376-0
225,MAQHAN__ligand166-0
226,MAQHAN__ligand10479-0
227,MAQHAN__ligand51-0
228,MAQHAN__ligand1544-0
229,MAQHAN__ligand927-0
230,MAQHAN__ligand1459-0
231,MAQHAN__ligand199-0
232,MAQHAN__ligand1048-0
233,MAQHAN__ligand2087-0
234,MAQHAN__ligand575-0
235,MAQHAN__ligand3757-0
236,MAQHAN__ligand1685-0
237,MAQHAN__ligand29-0
238,MAQHAN__ligand91-0
239,MAQHAN__ligand10114-0
240,MAQHAN__ligand409-0
241,MAQHAN__ligand361-0
242,MAQHAN__ligand324-0
243,MAQHAN__ligand1171-0
244,MAQHAN__ligand1-0
245,MAQHAN__ligand48-0
246,MAQHAN__ligand5801-0
247,MAQHAN__ligand1438-0
248,MAQHAN__ligand3063-0
249,MAQHAN__ligand105-0
250,MAQHAN__ligand140-0
251,MAQHAN__ligand1607-0
252,MAQHAN__ligand126-0
253,MAQHAN__ligand1727-0
254,MAQHAN__ligand1152-0
255,MAQHAN__ligand612-0
256,MAQHAN__ligand2430-0
257,MAQHAN__ligand187-0
258,MAQHAN__ligand1703-0
259,MAQHAN__ligand366-0
260,MAQHAN__ligand2907-0
261,MAQHAN__ligand861-0
262,MAQHAN__ligand6-0
263,MAQHAN__ligand8921-0
264,MAQHAN__ligand1567-0
265,MAQHAN__ligand2285-0
266,MAQHAN__ligand2510-0
267,MAQHAN__ligand1056-0
268,MAQHAN__ligand2320-0
269,MAQHAN__ligand596-0
270,MAQHAN__ligand2862-0
271,MAQHAN__ligand1598-0
272,MAQHAN__ligand4303-0
273,MAQHAN__ligand1248-0
274,MAQHAN__ligand6294-0
275,MAQHAN__ligand100-0
276,MAQHAN__ligand1054-0
277,MAQHAN__ligand244-0
278,MAQHAN__ligand201-0
279,MAQHAN__ligand279-0
280,MAQHAN__ligand178-0
281,MAQHAN__ligand4-0
282,MAQHAN__ligand321-0
283,MAQHAN__ligand7464-0
284,MAQHAN__ligand119-0
285,MAQHAN__ligand11-0
286,MAQHAN__ligand3637-0
287,MAQHAN__ligand124-0
288,MAQHAN__ligand8774-0
289,MAQHAN__ligand2880-0
290,MAQHAN__ligand5941-0
291,MAQHAN__ligand3838-0
292,MAQHAN__ligand1799-0
293,MAQHAN__ligand2838-0
294,MAQHAN__ligand120-0
295,MAQHAN__ligand1169-0
296,MAQHAN__ligand5022-0
297,MAQHAN__ligand384-0
298,MAQHAN__ligand240-0
299,MAQHAN__ligand2864-0
300,MAQHAN__ligand141-0
301,MAQHAN__ligand89-0
302,MAQHAN__ligand2142-0
303,MAQHAN__ligand49-0
304,MAQHAN__ligand2772-0
305,MAQHAN__ligand6151-0
306,MAQHAN__ligand9495-0
307,MAQHAN__ligand6538-0
308,MAQHAN__ligand1273-0
309,MAQHAN__ligand1052-0
310,MAQHAN__ligand1835-0
311,MAQHAN__ligand2794-0
312,MAQHAN__ligand2345-0
313,MAQHAN__ligand4983-0
314,MAQHAN__ligand1502-0
315,MAQHAN__ligand10357-0
316,MAQHAN__ligand757-0
317,MAQHAN__ligand17-0
318,MAQHAN__ligand15630-0
319,MAQHAN__ligand92-0
320,MAQHAN__ligand2265-0
321,MAQHAN__ligand797-0
322,MAQHAN__ligand1113-0
323,MAQHAN__ligand6396-0
324,MAQHAN__ligand9027-0
