,TMC
0,CEHQEL__ligand1436-0
1,CEHQEL__ligand6-0
2,CEHQEL__ligand3618-0
3,CEHQEL__ligand2618-0
4,CEHQEL__ligand4370-0
5,CEHQEL__ligand1918-0
6,CEHQEL__ligand92-0
7,CEHQEL__ligand797-0
8,CEHQEL__ligand757-0
9,CEHQEL__ligand4175-0
10,CEHQEL__ligand2255-0
11,CEHQEL__ligand17-0
12,CEHQEL__ligand384-0
13,CEHQEL__ligand120-0
14,CEHQEL__ligand10357-0
15,CEHQEL__ligand15630-0
16,CEHQEL__ligand2915-0
17,CEHQEL__ligand3196-0
18,CEHQEL__ligand4012-0
19,CEHQEL__ligand49-0
20,CEHQEL__ligand2526-0
21,CEHQEL__ligand1551-0
22,CEHQEL__ligand4-0
23,CEHQEL__ligand2707-0
24,CEHQEL__ligand89-0
25,CEHQEL__ligand1690-0
26,CEHQEL__ligand240-0
27,CEHQEL__ligand141-0
28,CEHQEL__ligand7630-0
29,CEHQEL__ligand321-0
30,CEHQEL__ligand1555-0
31,CEHQEL__ligand279-0
32,CEHQEL__ligand178-0
33,CEHQEL__ligand1285-0
34,CEHQEL__ligand1907-0
35,CEHQEL__ligand100-0
36,CEHQEL__ligand4423-0
37,CEHQEL__ligand244-0
38,CEHQEL__ligand201-0
39,CEHQEL__ligand3890-0
40,CEHQEL__ligand5093-0
41,CEHQEL__ligand2954-0
42,CEHQEL__ligand124-0
43,CEHQEL__ligand11-0
44,CEHQEL__ligand2253-0
45,CEHQEL__ligand1160-0
46,CEHQEL__ligand1038-0
47,CEHQEL__ligand2762-0
48,CEHQEL__ligand7550-0
49,CEHQEL__ligand119-0
50,CEHQEL__ligand1493-0
51,CEHQEL__ligand3035-0
52,CEHQEL__ligand3070-0
53,CEHQEL__ligand2718-0
54,CEHQEL__ligand9176-0
55,CEHQEL__ligand3251-0
56,CEHQEL__ligand126-0
57,CEHQEL__ligand5235-0
58,CEHQEL__ligand6143-0
59,CEHQEL__ligand4619-0
60,CEHQEL__ligand596-0
61,CEHQEL__ligand7456-0
62,CEHQEL__ligand1818-0
63,CEHQEL__ligand366-0
64,CEHQEL__ligand3852-0
65,CEHQEL__ligand3478-0
66,CEHQEL__ligand861-0
67,CEHQEL__ligand5758-0
68,CEHQEL__ligand612-0
69,CEHQEL__ligand187-0
70,CEHQEL__ligand2376-0
71,CEHQEL__ligand2929-0
72,CEHQEL__ligand91-0
73,CEHQEL__ligand575-0
74,CEHQEL__ligand29-0
75,CEHQEL__ligand1299-0
76,CEHQEL__ligand927-0
77,CEHQEL__ligand51-0
78,CEHQEL__ligand14530-0
79,CEHQEL__ligand6430-0
80,CEHQEL__ligand199-0
81,CEHQEL__ligand1264-0
82,CEHQEL__ligand1221-0
83,CEHQEL__ligand1379-0
84,CEHQEL__ligand7414-0
85,CEHQEL__ligand5762-0
86,CEHQEL__ligand1104-0
87,CEHQEL__ligand105-0
88,CEHQEL__ligand140-0
89,CEHQEL__ligand1019-0
90,CEHQEL__ligand2442-0
91,CEHQEL__ligand1325-0
92,CEHQEL__ligand409-0
93,CEHQEL__ligand2482-0
94,CEHQEL__ligand10910-0
95,CEHQEL__ligand361-0
96,CEHQEL__ligand324-0
97,CEHQEL__ligand6571-0
98,CEHQEL__ligand48-0
99,CEHQEL__ligand821-0
100,CEHQEL__ligand2315-0
101,CEHQEL__ligand326-0
102,CEHQEL__ligand1898-0
103,CEHQEL__ligand3051-0
104,CEHQEL__ligand4504-0
105,CEHQEL__ligand2480-0
106,CEHQEL__ligand10114-0
107,CEHQEL__ligand5334-0
108,CEHQEL__ligand553-0
109,CEHQEL__ligand283-0
110,CEHQEL__ligand142-0
111,CEHQEL__ligand32-0
112,CEHQEL__ligand206-0
113,CEHQEL__ligand436-0
114,CEHQEL__ligand8032-0
115,CEHQEL__ligand1858-0
116,CEHQEL__ligand2110-0
117,CEHQEL__ligand2916-0
118,CEHQEL__ligand3579-0
119,CEHQEL__ligand166-0
120,CEHQEL__ligand10479-0
121,CEHQEL__ligand1712-0
122,CEHQEL__ligand838-0
123,CEHQEL__ligand2389-0
124,CEHQEL__ligand497-0
125,CEHQEL__ligand633-0
126,CEHQEL__ligand1919-0
127,CEHQEL__ligand918-0
128,CEHQEL__ligand532-0
129,CEHQEL__ligand383-0
130,CEHQEL__ligand162-0
131,CEHQEL__ligand57-0
132,CEHQEL__ligand226-0
133,CEHQEL__ligand1307-0
134,CEHQEL__ligand5089-0
135,CEHQEL__ligand2599-0
136,CEHQEL__ligand3853-0
137,CEHQEL__ligand2853-0
138,CEHQEL__ligand3-0
139,CEHQEL__ligand6166-0
140,CEHQEL__ligand1246-0
141,CEHQEL__ligand73-0
142,CEHQEL__ligand1788-0
143,CEHQEL__ligand430-0
144,CEHQEL__ligand358-0
145,CEHQEL__ligand1-0
146,CEHQEL__ligand669-0
147,CEHQEL__ligand34-0
148,CEHQEL__ligand278-0
149,CEHQEL__ligand1178-0
150,CEHQEL__ligand3566-0
151,CEHQEL__ligand1321-0
152,CEHQEL__ligand365-0
153,CEHQEL__ligand1449-1
154,CEHQEL__ligand118-0
155,CEHQEL__ligand4811-0
156,CEHQEL__ligand670-0
157,CEHQEL__ligand95-0
158,CEHQEL__ligand571-0
159,CEHQEL__ligand3337-0
160,CEHQEL__ligand7514-0
161,CEHQEL__ligand9620-0
162,CEHQEL__ligand1260-0
163,CEHQEL__ligand4894-0
164,CEHQEL__ligand509-0
165,CEHQEL__ligand55-0
166,CEHQEL__ligand370-0
167,CEHQEL__ligand8774-0
168,CEHQEL__ligand3637-0
169,CEHQEL__ligand21-0
170,CEHQEL__ligand250-0
171,CEHQEL__ligand460-0
172,CEHQEL__ligand188-0
173,CEHQEL__ligand40-0
174,CEHQEL__ligand7464-0
175,CEHQEL__ligand369-0
176,CEHQEL__ligand444-0
177,CEHQEL__ligand311-0
178,CEHQEL__ligand6294-0
179,CEHQEL__ligand1054-0
180,CEHQEL__ligand38-0
181,CEHQEL__ligand1598-0
182,CEHQEL__ligand4303-0
183,CEHQEL__ligand1248-0
184,CEHQEL__ligand2320-0
185,CEHQEL__ligand1056-0
186,CEHQEL__ligand851-0
187,CEHQEL__ligand2862-0
188,CEHQEL__ligand8921-0
189,CEHQEL__ligand2285-0
190,CEHQEL__ligand1567-0
191,CEHQEL__ligand2510-0
192,CEHQEL__ligand909-0
193,CEHQEL__ligand934-0
194,CEHQEL__ligand177-0
195,CEHQEL__ligand2907-0
196,CEHQEL__ligand1703-0
197,CEHQEL__ligand2430-0
198,CEHQEL__ligand252-0
199,CEHQEL__ligand66-0
200,CEHQEL__ligand955-0
201,CEHQEL__ligand1152-0
202,CEHQEL__ligand1727-0
203,CEHQEL__ligand830-0
204,CEHQEL__ligand1607-0
205,CEHQEL__ligand193-0
206,CEHQEL__ligand9027-0
207,CEHQEL__ligand62-0
208,CEHQEL__ligand112-0
209,CEHQEL__ligand1113-0
210,CEHQEL__ligand2265-0
211,CEHQEL__ligand6396-0
212,CEHQEL__ligand1502-0
213,CEHQEL__ligand197-0
214,CEHQEL__ligand296-0
215,CEHQEL__ligand2345-0
216,CEHQEL__ligand2794-0
217,CEHQEL__ligand1835-0
218,CEHQEL__ligand4983-0
219,CEHQEL__ligand86-0
220,CEHQEL__ligand352-0
221,CEHQEL__ligand783-0
222,CEHQEL__ligand1052-0
223,CEHQEL__ligand868-0
224,CEHQEL__ligand442-0
225,CEHQEL__ligand1273-0
226,CEHQEL__ligand136-0
227,CEHQEL__ligand6151-0
228,CEHQEL__ligand2772-0
229,CEHQEL__ligand9495-0
230,CEHQEL__ligand6538-0
231,CEHQEL__ligand390-0
232,CEHQEL__ligand932-0
233,CEHQEL__ligand134-0
234,CEHQEL__ligand235-0
235,CEHQEL__ligand2142-0
236,CEHQEL__ligand560-0
237,CEHQEL__ligand525-0
238,CEHQEL__ligand109-0
239,CEHQEL__ligand2864-0
240,CEHQEL__ligand294-0
241,CEHQEL__ligand1169-0
242,CEHQEL__ligand18-0
243,CEHQEL__ligand5022-0
244,CEHQEL__ligand993-0
245,CEHQEL__ligand331-0
246,CEHQEL__ligand5941-0
247,CEHQEL__ligand2880-0
248,CEHQEL__ligand2838-0
249,CEHQEL__ligand421-0
250,CEHQEL__ligand3838-0
251,CEHQEL__ligand1799-0
252,CEHQEL__ligand798-0
253,CEHQEL__ligand584-0
254,CEHQEL__ligand916-0
255,CEHQEL__ligand5548-0
256,CEHQEL__ligand447-0
257,CEHQEL__ligand7915-0
258,CEHQEL__ligand6686-0
259,CEHQEL__ligand1747-0
260,CEHQEL__ligand133-0
261,CEHQEL__ligand3145-0
262,CEHQEL__ligand522-0
263,CEHQEL__ligand3178-0
264,CEHQEL__ligand666-0
265,CEHQEL__ligand6332-0
266,CEHQEL__ligand6502-0
267,CEHQEL__ligand487-0
268,CEHQEL__ligand2098-0
269,CEHQEL__ligand2863-0
270,CEHQEL__ligand2634-0
271,CEHQEL__ligand1542-0
272,CEHQEL__ligand3041-0
273,CEHQEL__ligand2751-0
274,CEHQEL__ligand682-0
275,CEHQEL__ligand67-0
276,CEHQEL__ligand1114-0
277,CEHQEL__ligand115-0
278,CEHQEL__ligand1538-0
279,CEHQEL__ligand1228-0
280,CEHQEL__ligand291-0
281,CEHQEL__ligand9244-0
282,CEHQEL__ligand1148-0
283,CEHQEL__ligand355-0
284,CEHQEL__ligand1479-0
285,CEHQEL__ligand784-0
286,CEHQEL__ligand485-0
287,CEHQEL__ligand3246-0
288,CEHQEL__ligand481-0
289,CEHQEL__ligand8-0
290,CEHQEL__ligand314-0
291,CEHQEL__ligand1438-0
292,CEHQEL__ligand3063-0
293,CEHQEL__ligand85-0
294,CEHQEL__ligand5801-0
295,CEHQEL__ligand78-0
296,CEHQEL__ligand45-0
297,CEHQEL__ligand170-0
298,CEHQEL__ligand1171-0
299,CEHQEL__ligand391-0
300,CEHQEL__ligand1685-0
301,CEHQEL__ligand210-0
302,CEHQEL__ligand1048-0
303,CEHQEL__ligand2087-0
304,CEHQEL__ligand3757-0
305,CEHQEL__ligand1459-0
306,CEHQEL__ligand1544-0
307,CEHQEL__ligand2768-0
308,CEHQEL__ligand1376-0
309,CEHQEL__ligand11730-0
310,CEHQEL__ligand502-0
311,CEHQEL__ligand196-0
312,CEHQEL__ligand2688-0
313,CEHQEL__ligand2259-0
314,CEHQEL__ligand113-0
315,CEHQEL__ligand1951-0
316,CEHQEL__ligand1687-0
317,CEHQEL__ligand422-0
318,CEHQEL__ligand6277-0
319,CEHQEL__ligand2629-0
320,CEHQEL__ligand236-0
321,CEHQEL__ligand4381-0
322,CEHQEL__ligand1706-0
323,CEHQEL__ligand3734-0
324,CEHQEL__ligand353-0
