,TMC
0,MEDKOX__ligand7464-0
1,MEDKOX__ligand311-0
2,MEDKOX__ligand444-0
3,MEDKOX__ligand6294-0
4,MEDKOX__ligand369-0
5,MEDKOX__ligand1054-0
6,MEDKOX__ligand86-0
7,MEDKOX__ligand1598-0
8,MEDKOX__ligand4303-0
9,MEDKOX__ligand188-0
10,MEDKOX__ligand1248-0
11,MEDKOX__ligand460-0
12,MEDKOX__ligand8774-0
13,MEDKOX__ligand250-0
14,MEDKOX__ligand3637-0
15,MEDKOX__ligand62-0
16,MEDKOX__ligand370-0
17,MEDKOX__ligand193-0
18,MEDKOX__ligand1152-0
19,MEDKOX__ligand1727-0
20,MEDKOX__ligand830-0
21,MEDKOX__ligand11730-0
22,MEDKOX__ligand1607-0
23,MEDKOX__ligand955-0
24,MEDKOX__ligand18-0
25,MEDKOX__ligand252-0
26,MEDKOX__ligand2320-0
27,MEDKOX__ligand1056-0
28,MEDKOX__ligand2862-0
29,MEDKOX__ligand8921-0
30,MEDKOX__ligand2285-0
31,MEDKOX__ligand1567-0
32,MEDKOX__ligand934-0
33,MEDKOX__ligand177-0
34,MEDKOX__ligand2510-0
35,MEDKOX__ligand909-0
36,MEDKOX__ligand2907-0
37,MEDKOX__ligand8-0
38,MEDKOX__ligand851-0
39,MEDKOX__ligand1703-0
40,MEDKOX__ligand2430-0
41,MEDKOX__ligand136-0
42,MEDKOX__ligand38-0
43,MEDKOX__ligand442-0
44,MEDKOX__ligand868-0
45,MEDKOX__ligand1052-0
46,MEDKOX__ligand783-0
47,MEDKOX__ligand352-0
48,MEDKOX__ligand1273-0
49,MEDKOX__ligand40-0
50,MEDKOX__ligand9027-0
51,MEDKOX__ligand296-0
52,MEDKOX__ligand1113-0
53,MEDKOX__ligand2265-0
54,MEDKOX__ligand197-0
55,MEDKOX__ligand21-0
56,MEDKOX__ligand6396-0
57,MEDKOX__ligand1502-0
58,MEDKOX__ligand112-0
59,MEDKOX__ligand2794-0
60,MEDKOX__ligand2345-0
61,MEDKOX__ligand1835-0
62,MEDKOX__ligand4983-0
63,MEDKOX__ligand916-0
64,MEDKOX__ligand584-0
65,MEDKOX__ligand1169-0
66,MEDKOX__ligand5022-0
67,MEDKOX__ligand798-0
68,MEDKOX__ligand421-0
69,MEDKOX__ligand2880-0
70,MEDKOX__ligand5941-0
71,MEDKOX__ligand2838-0
72,MEDKOX__ligand1799-0
73,MEDKOX__ligand3838-0
74,MEDKOX__ligand331-0
75,MEDKOX__ligand993-0
76,MEDKOX__ligand66-0
77,MEDKOX__ligand294-0
78,MEDKOX__ligand6151-0
79,MEDKOX__ligand2772-0
80,MEDKOX__ligand9495-0
81,MEDKOX__ligand6538-0
82,MEDKOX__ligand109-0
83,MEDKOX__ligand525-0
84,MEDKOX__ligand560-0
85,MEDKOX__ligand2142-0
86,MEDKOX__ligand235-0
87,MEDKOX__ligand134-0
88,MEDKOX__ligand932-0
89,MEDKOX__ligand390-0
90,MEDKOX__ligand2864-0
91,MEDKOX__ligand2634-0
92,MEDKOX__ligand1542-0
93,MEDKOX__ligand682-0
94,MEDKOX__ligand3041-0
95,MEDKOX__ligand2751-0
96,MEDKOX__ligand5548-0
97,MEDKOX__ligand7915-0
98,MEDKOX__ligand487-0
99,MEDKOX__ligand1747-0
100,MEDKOX__ligand6686-0
101,MEDKOX__ligand666-0
102,MEDKOX__ligand3145-0
103,MEDKOX__ligand522-0
104,MEDKOX__ligand45-0
105,MEDKOX__ligand3178-0
106,MEDKOX__ligand78-0
107,MEDKOX__ligand133-0
108,MEDKOX__ligand85-0
109,MEDKOX__ligand6332-0
110,MEDKOX__ligand6502-0
111,MEDKOX__ligand2098-0
112,MEDKOX__ligand2863-0
113,MEDKOX__ligand447-0
114,MEDKOX__ligand1148-0
115,MEDKOX__ligand1479-0
116,MEDKOX__ligand485-0
117,MEDKOX__ligand784-0
118,MEDKOX__ligand355-0
119,MEDKOX__ligand3246-0
120,MEDKOX__ligand1114-0
121,MEDKOX__ligand291-0
122,MEDKOX__ligand1538-0
123,MEDKOX__ligand1228-0
124,MEDKOX__ligand9244-0
125,MEDKOX__ligand115-0
126,MEDKOX__ligand1685-0
127,MEDKOX__ligand67-0
128,MEDKOX__ligand1048-0
129,MEDKOX__ligand2087-0
130,MEDKOX__ligand3757-0
131,MEDKOX__ligand1459-0
132,MEDKOX__ligand210-0
133,MEDKOX__ligand1544-0
134,MEDKOX__ligand391-0
135,MEDKOX__ligand1438-0
136,MEDKOX__ligand3063-0
137,MEDKOX__ligand5801-0
138,MEDKOX__ligand170-0
139,MEDKOX__ligand1171-0
140,MEDKOX__ligand314-0
141,MEDKOX__ligand481-0
142,MEDKOX__ligand2629-0
143,MEDKOX__ligand4381-0
144,MEDKOX__ligand1706-0
145,MEDKOX__ligand353-0
146,MEDKOX__ligand3734-0
147,MEDKOX__ligand236-0
148,MEDKOX__ligand422-0
149,MEDKOX__ligand2768-0
150,MEDKOX__ligand1376-0
151,MEDKOX__ligand113-0
152,MEDKOX__ligand2259-0
153,MEDKOX__ligand2688-0
154,MEDKOX__ligand1951-0
155,MEDKOX__ligand196-0
156,MEDKOX__ligand502-0
157,MEDKOX__ligand1687-0
158,MEDKOX__ligand6277-0
159,MEDKOX__ligand1918-0
160,MEDKOX__ligand757-0
161,MEDKOX__ligand4175-0
162,MEDKOX__ligand797-0
163,MEDKOX__ligand11-0
164,MEDKOX__ligand2255-0
165,MEDKOX__ligand1436-0
166,MEDKOX__ligand3618-0
167,MEDKOX__ligand2618-0
168,MEDKOX__ligand4370-0
169,MEDKOX__ligand1-0
170,MEDKOX__ligand141-0
171,MEDKOX__ligand2526-0
172,MEDKOX__ligand240-0
173,MEDKOX__ligand1551-0
174,MEDKOX__ligand3-0
175,MEDKOX__ligand2707-0
176,MEDKOX__ligand1690-0
177,MEDKOX__ligand2915-0
178,MEDKOX__ligand4012-0
179,MEDKOX__ligand3196-0
180,MEDKOX__ligand120-0
181,MEDKOX__ligand384-0
182,MEDKOX__ligand17-0
183,MEDKOX__ligand2954-0
184,MEDKOX__ligand5093-0
185,MEDKOX__ligand2253-0
186,MEDKOX__ligand1160-0
187,MEDKOX__ligand119-0
188,MEDKOX__ligand1038-0
189,MEDKOX__ligand2762-0
190,MEDKOX__ligand14530-0
191,MEDKOX__ligand7550-0
192,MEDKOX__ligand124-0
193,MEDKOX__ligand92-0
194,MEDKOX__ligand7630-0
195,MEDKOX__ligand201-0
196,MEDKOX__ligand244-0
197,MEDKOX__ligand1555-0
198,MEDKOX__ligand100-0
199,MEDKOX__ligand1285-0
200,MEDKOX__ligand1907-0
201,MEDKOX__ligand178-0
202,MEDKOX__ligand279-0
203,MEDKOX__ligand4423-0
204,MEDKOX__ligand10910-0
205,MEDKOX__ligand321-0
206,MEDKOX__ligand3890-0
207,MEDKOX__ligand10114-0
208,MEDKOX__ligand187-0
209,MEDKOX__ligand612-0
210,MEDKOX__ligand7456-0
211,MEDKOX__ligand89-0
212,MEDKOX__ligand1818-0
213,MEDKOX__ligand861-0
214,MEDKOX__ligand366-0
215,MEDKOX__ligand3852-0
216,MEDKOX__ligand3478-0
217,MEDKOX__ligand5758-0
218,MEDKOX__ligand596-0
219,MEDKOX__ligand49-0
220,MEDKOX__ligand10479-0
221,MEDKOX__ligand1493-0
222,MEDKOX__ligand3070-0
223,MEDKOX__ligand3035-0
224,MEDKOX__ligand2718-0
225,MEDKOX__ligand9176-0
226,MEDKOX__ligand126-0
227,MEDKOX__ligand3251-0
228,MEDKOX__ligand5235-0
229,MEDKOX__ligand6143-0
230,MEDKOX__ligand4619-0
231,MEDKOX__ligand73-0
232,MEDKOX__ligand7414-0
233,MEDKOX__ligand5762-0
234,MEDKOX__ligand1104-0
235,MEDKOX__ligand1019-0
236,MEDKOX__ligand2442-0
237,MEDKOX__ligand324-0
238,MEDKOX__ligand361-0
239,MEDKOX__ligand409-0
240,MEDKOX__ligand1325-0
241,MEDKOX__ligand2482-0
242,MEDKOX__ligand6571-0
243,MEDKOX__ligand140-0
244,MEDKOX__ligand105-0
245,MEDKOX__ligand2376-0
246,MEDKOX__ligand199-0
247,MEDKOX__ligand2929-0
248,MEDKOX__ligand927-0
249,MEDKOX__ligand1299-0
250,MEDKOX__ligand6430-0
251,MEDKOX__ligand575-0
252,MEDKOX__ligand57-0
253,MEDKOX__ligand1221-0
254,MEDKOX__ligand1264-0
255,MEDKOX__ligand1379-0
256,MEDKOX__ligand2916-0
257,MEDKOX__ligand2110-0
258,MEDKOX__ligand532-0
259,MEDKOX__ligand55-0
260,MEDKOX__ligand918-0
261,MEDKOX__ligand633-0
262,MEDKOX__ligand3579-0
263,MEDKOX__ligand497-0
264,MEDKOX__ligand1712-0
265,MEDKOX__ligand2389-0
266,MEDKOX__ligand838-0
267,MEDKOX__ligand166-0
268,MEDKOX__ligand1919-0
269,MEDKOX__ligand95-0
270,MEDKOX__ligand2315-0
271,MEDKOX__ligand436-0
272,MEDKOX__ligand1898-0
273,MEDKOX__ligand4504-0
274,MEDKOX__ligand3051-0
275,MEDKOX__ligand2480-0
276,MEDKOX__ligand5334-0
277,MEDKOX__ligand206-0
278,MEDKOX__ligand142-0
279,MEDKOX__ligand283-0
280,MEDKOX__ligand553-0
281,MEDKOX__ligand34-0
282,MEDKOX__ligand326-0
283,MEDKOX__ligand8032-0
284,MEDKOX__ligand1858-0
285,MEDKOX__ligand821-0
286,MEDKOX__ligand48-0
287,MEDKOX__ligand5089-0
288,MEDKOX__ligand2599-0
289,MEDKOX__ligand3853-0
290,MEDKOX__ligand2853-0
291,MEDKOX__ligand4-0
292,MEDKOX__ligand6166-0
293,MEDKOX__ligand1246-0
294,MEDKOX__ligand51-0
295,MEDKOX__ligand226-0
296,MEDKOX__ligand29-0
297,MEDKOX__ligand162-0
298,MEDKOX__ligand91-0
299,MEDKOX__ligand383-0
300,MEDKOX__ligand1307-0
301,MEDKOX__ligand4811-0
302,MEDKOX__ligand1449-1
303,MEDKOX__ligand509-0
304,MEDKOX__ligand15630-0
305,MEDKOX__ligand10357-0
306,MEDKOX__ligand3337-0
307,MEDKOX__ligand7514-0
308,MEDKOX__ligand571-0
309,MEDKOX__ligand9620-0
310,MEDKOX__ligand4894-0
311,MEDKOX__ligand1260-0
312,MEDKOX__ligand670-0
313,MEDKOX__ligand118-0
314,MEDKOX__ligand365-0
315,MEDKOX__ligand1788-0
316,MEDKOX__ligand278-0
317,MEDKOX__ligand32-0
318,MEDKOX__ligand1178-0
319,MEDKOX__ligand3566-0
320,MEDKOX__ligand669-0
321,MEDKOX__ligand6-0
322,MEDKOX__ligand358-0
323,MEDKOX__ligand1321-0
324,MEDKOX__ligand430-0
