,TMC
0,FERREZ__ligand14569-0
1,FERREZ__ligand13385-0
2,FERREZ__ligand6117-0
3,FERREZ__ligand24111-0
4,FERREZ__ligand1407-0
5,FERREZ__ligand22444-0
6,FERREZ__ligand8002-0
7,FERREZ__ligand5509-0
8,FERREZ__ligand11587-0
9,FERREZ__ligand13220-0
10,FERREZ__ligand5080-0
11,FERREZ__ligand7762-0
12,FERREZ__ligand17396-0
13,FERREZ__ligand67-0
14,FERREZ__ligand23175-0
15,FERREZ__ligand15788-0
16,FERREZ__ligand27840-0
17,FERREZ__ligand338-0
18,FERREZ__ligand2238-0
19,FERREZ__ligand30728-0
20,FERREZ__ligand5304-0
21,FERREZ__ligand24872-0
22,FERREZ__ligand9167-0
23,FERREZ__ligand10033-0
24,FERREZ__ligand7293-0
25,FERREZ__ligand2822-0
26,FERREZ__ligand3867-0
27,FERREZ__ligand24644-0
28,FERREZ__ligand1317-0
29,FERREZ__ligand12001-0
30,FERREZ__ligand8592-0
31,FERREZ__ligand5099-0
32,FERREZ__ligand11949-0
33,FERREZ__ligand1197-0
34,FERREZ__ligand2259-0
35,FERREZ__ligand22129-0
36,FERREZ__ligand12138-0
37,FERREZ__ligand1296-0
38,FERREZ__ligand24780-0
39,FERREZ__ligand25561-0
40,FERREZ__ligand201-0
41,FERREZ__ligand5510-0
42,FERREZ__ligand1376-0
43,FERREZ__ligand9773-0
44,FERREZ__ligand178-0
45,FERREZ__ligand31694-0
46,FERREZ__ligand29486-0
47,FERREZ__ligand279-0
48,FERREZ__ligand4101-0
49,FERREZ__ligand185-0
50,FERREZ__ligand5595-0
51,FERREZ__ligand321-0
52,FERREZ__ligand2221-0
53,FERREZ__ligand43-0
54,FERREZ__ligand3926-0
55,FERREZ__ligand3120-0
56,FERREZ__ligand17427-0
57,FERREZ__ligand4358-0
58,FERREZ__ligand187-0
59,FERREZ__ligand2881-0
60,FERREZ__ligand1499-0
61,FERREZ__ligand3712-0
62,FERREZ__ligand1464-0
63,FERREZ__ligand657-0
64,FERREZ__ligand26529-0
65,FERREZ__ligand11618-0
66,FERREZ__ligand1211-0
67,FERREZ__ligand6892-0
68,FERREZ__ligand366-0
69,FERREZ__ligand19927-0
70,FERREZ__ligand1294-0
71,FERREZ__ligand1168-0
72,FERREZ__ligand28559-0
73,FERREZ__ligand777-0
74,FERREZ__ligand3677-0
75,FERREZ__ligand3632-0
76,FERREZ__ligand26324-0
77,FERREZ__ligand14043-0
78,FERREZ__ligand21729-0
79,FERREZ__ligand27239-0
80,FERREZ__ligand941-0
81,FERREZ__ligand596-0
82,FERREZ__ligand6699-0
83,FERREZ__ligand29215-0
84,FERREZ__ligand9299-0
85,FERREZ__ligand2985-0
86,FERREZ__ligand4007-0
87,FERREZ__ligand26631-0
88,FERREZ__ligand16148-0
89,FERREZ__ligand9883-0
90,FERREZ__ligand3677-1
91,FERREZ__ligand12003-0
92,FERREZ__ligand7291-0
93,FERREZ__ligand126-0
94,FERREZ__ligand163-0
95,FERREZ__ligand21399-0
96,FERREZ__ligand10872-0
97,FERREZ__ligand8000-0
98,FERREZ__ligand3736-0
99,FERREZ__ligand22403-0
100,FERREZ__ligand9344-0
101,FERREZ__ligand27754-0
102,FERREZ__ligand2693-0
103,FERREZ__ligand20695-0
104,FERREZ__ligand5383-0
105,FERREZ__ligand845-0
106,FERREZ__ligand16369-0
107,FERREZ__ligand3945-0
108,FERREZ__ligand28540-0
109,FERREZ__ligand11111-0
110,FERREZ__ligand122-0
111,FERREZ__ligand3-0
112,FERREZ__ligand9450-0
113,FERREZ__ligand10371-0
114,FERREZ__ligand1599-0
115,FERREZ__ligand13672-0
116,FERREZ__ligand19-0
117,FERREZ__ligand18568-0
118,FERREZ__ligand28685-0
119,FERREZ__ligand2612-0
120,FERREZ__ligand757-0
121,FERREZ__ligand19184-0
122,FERREZ__ligand5387-0
123,FERREZ__ligand2203-0
124,FERREZ__ligand24-0
125,FERREZ__ligand1289-0
126,FERREZ__ligand12453-0
127,FERREZ__ligand18448-0
128,FERREZ__ligand28459-0
129,FERREZ__ligand45-0
130,FERREZ__ligand1114-0
131,FERREZ__ligand9284-0
132,FERREZ__ligand3126-0
133,FERREZ__ligand6391-0
134,FERREZ__ligand14167-0
135,FERREZ__ligand13477-0
136,FERREZ__ligand2417-0
137,FERREZ__ligand30142-0
138,FERREZ__ligand27669-0
139,FERREZ__ligand8788-0
140,FERREZ__ligand27285-0
141,FERREZ__ligand29029-0
142,FERREZ__ligand1832-0
143,FERREZ__ligand693-0
144,FERREZ__ligand2043-0
145,FERREZ__ligand23197-0
146,FERREZ__ligand9943-0
147,FERREZ__ligand1228-0
148,FERREZ__ligand1604-0
149,FERREZ__ligand78-0
150,FERREZ__ligand5180-0
151,FERREZ__ligand141-0
152,FERREZ__ligand12365-0
153,FERREZ__ligand10056-0
154,FERREZ__ligand240-0
155,FERREZ__ligand13862-0
156,FERREZ__ligand11357-0
157,FERREZ__ligand28743-0
158,FERREZ__ligand15531-0
159,FERREZ__ligand22168-0
160,FERREZ__ligand5708-0
161,FERREZ__ligand28930-0
162,FERREZ__ligand7316-0
163,FERREZ__ligand22294-0
164,FERREZ__ligand21919-0
165,FERREZ__ligand6017-0
166,FERREZ__ligand2124-0
167,FERREZ__ligand8612-0
168,FERREZ__ligand11970-0
169,FERREZ__ligand1116-0
170,FERREZ__ligand1153-0
171,FERREZ__ligand3225-0
172,FERREZ__ligand2260-0
173,FERREZ__ligand7092-0
174,FERREZ__ligand15883-0
175,FERREZ__ligand28810-0
176,FERREZ__ligand9323-0
177,FERREZ__ligand11447-0
178,FERREZ__ligand11096-0
179,FERREZ__ligand24230-0
180,FERREZ__ligand7273-0
181,FERREZ__ligand15926-0
182,FERREZ__ligand19792-0
183,FERREZ__ligand7172-0
184,FERREZ__ligand10828-0
185,FERREZ__ligand11682-0
186,FERREZ__ligand3244-0
187,FERREZ__ligand4711-0
188,FERREZ__ligand20207-0
189,FERREZ__ligand30711-0
190,FERREZ__ligand768-0
191,FERREZ__ligand2906-0
192,FERREZ__ligand16988-0
193,FERREZ__ligand25913-0
194,FERREZ__ligand2788-0
195,FERREZ__ligand5649-0
196,FERREZ__ligand8793-0
197,FERREZ__ligand4649-0
198,FERREZ__ligand16663-0
199,FERREZ__ligand5159-0
200,FERREZ__ligand7196-0
201,FERREZ__ligand9753-0
202,FERREZ__ligand14614-0
203,FERREZ__ligand5530-0
204,FERREZ__ligand1356-0
205,FERREZ__ligand1787-0
206,FERREZ__ligand1-0
207,FERREZ__ligand24035-0
208,FERREZ__ligand384-0
209,FERREZ__ligand3178-0
210,FERREZ__ligand4807-0
211,FERREZ__ligand31044-0
212,FERREZ__ligand31842-0
213,FERREZ__ligand11994-0
214,FERREZ__ligand27550-0
215,FERREZ__ligand696-0
216,FERREZ__ligand8529-0
217,FERREZ__ligand38-0
218,FERREZ__ligand1169-0
219,FERREZ__ligand18019-1
220,FERREZ__ligand14007-0
221,FERREZ__ligand29565-0
222,FERREZ__ligand9615-0
223,FERREZ__ligand23682-0
224,FERREZ__ligand18158-0
225,FERREZ__ligand1154-0
226,FERREZ__ligand27771-0
227,FERREZ__ligand4596-0
228,FERREZ__ligand20942-1
229,FERREZ__ligand14226-0
230,FERREZ__ligand21339-0
231,FERREZ__ligand1498-0
232,FERREZ__ligand16956-0
233,FERREZ__ligand656-0
234,FERREZ__ligand17069-0
235,FERREZ__ligand2692-0
236,FERREZ__ligand14477-0
237,FERREZ__ligand1618-0
238,FERREZ__ligand17445-0
239,FERREZ__ligand12413-0
240,FERREZ__ligand29334-0
241,FERREZ__ligand4262-0
242,FERREZ__ligand20731-0
243,FERREZ__ligand1028-0
244,FERREZ__ligand11798-0
245,FERREZ__ligand1015-0
246,FERREZ__ligand1050-0
247,FERREZ__ligand226-0
248,FERREZ__ligand21448-0
249,FERREZ__ligand2027-0
250,FERREZ__ligand22357-0
251,FERREZ__ligand162-0
252,FERREZ__ligand11758-0
253,FERREZ__ligand29214-0
254,FERREZ__ligand383-0
255,FERREZ__ligand11501-0
256,FERREZ__ligand11544-0
257,FERREZ__ligand416-0
258,FERREZ__ligand2823-0
259,FERREZ__ligand4-0
260,FERREZ__ligand6995-0
261,FERREZ__ligand30004-0
262,FERREZ__ligand20557-0
263,FERREZ__ligand3180-0
264,FERREZ__ligand2281-0
265,FERREZ__ligand2650-0
266,FERREZ__ligand4340-0
267,FERREZ__ligand25048-0
268,FERREZ__ligand21940-0
269,FERREZ__ligand5415-0
270,FERREZ__ligand66-0
271,FERREZ__ligand3471-0
272,FERREZ__ligand4161-0
273,FERREZ__ligand571-0
274,FERREZ__ligand4124-0
275,FERREZ__ligand534-0
276,FERREZ__ligand27122-0
277,FERREZ__ligand20432-0
278,FERREZ__ligand16133-0
279,FERREZ__ligand13755-0
280,FERREZ__ligand670-0
281,FERREZ__ligand24953-0
282,FERREZ__ligand23445-0
283,FERREZ__ligand14339-0
284,FERREZ__ligand1113-0
285,FERREZ__ligand8553-0
286,FERREZ__ligand42-0
287,FERREZ__ligand30788-0
288,FERREZ__ligand13691-0
289,FERREZ__ligand21752-0
290,FERREZ__ligand5201-0
291,FERREZ__ligand7566-0
292,FERREZ__ligand18757-0
293,FERREZ__ligand694-0
294,FERREZ__ligand24560-0
295,FERREZ__ligand18413-0
296,FERREZ__ligand2001-0
297,FERREZ__ligand20844-0
298,FERREZ__ligand24624-0
299,FERREZ__ligand488-0
300,FERREZ__ligand9944-0
301,FERREZ__ligand8593-0
302,FERREZ__ligand358-0
303,FERREZ__ligand430-0
304,FERREZ__ligand1849-0
305,FERREZ__ligand25658-0
306,FERREZ__ligand17686-0
307,FERREZ__ligand31205-0
308,FERREZ__ligand1216-0
309,FERREZ__ligand11177-0
310,FERREZ__ligand1152-0
311,FERREZ__ligand324-0
312,FERREZ__ligand3261-0
313,FERREZ__ligand361-0
314,FERREZ__ligand15455-0
315,FERREZ__ligand5019-0
316,FERREZ__ligand409-0
317,FERREZ__ligand16870-0
318,FERREZ__ligand11622-0
319,FERREZ__ligand5515-0
320,FERREZ__ligand6663-0
321,FERREZ__ligand11814-0
322,FERREZ__ligand5280-0
323,FERREZ__ligand5614-0
324,FERREZ__ligand1831-0
325,FERREZ__ligand16603-0
326,FERREZ__ligand4795-0
327,FERREZ__ligand3285-0
328,FERREZ__ligand11606-0
329,FERREZ__ligand31000-0
330,FERREZ__ligand1908-0
331,FERREZ__ligand199-0
332,FERREZ__ligand5630-0
333,FERREZ__ligand26673-0
334,FERREZ__ligand20821-0
335,FERREZ__ligand1786-0
336,FERREZ__ligand6112-0
337,FERREZ__ligand8042-0
338,FERREZ__ligand588-0
339,FERREZ__ligand19824-0
340,FERREZ__ligand1397-0
341,FERREZ__ligand7213-0
342,FERREZ__ligand18067-0
343,FERREZ__ligand1828-0
344,FERREZ__ligand11252-0
345,FERREZ__ligand300-0
346,FERREZ__ligand4710-0
347,FERREZ__ligand5755-0
348,FERREZ__ligand10582-0
349,FERREZ__ligand13260-0
350,FERREZ__ligand3144-0
351,FERREZ__ligand5085-0
352,FERREZ__ligand4167-0
353,FERREZ__ligand9491-0
354,FERREZ__ligand1400-0
355,FERREZ__ligand4266-0
356,FERREZ__ligand633-0
357,FERREZ__ligand497-0
358,FERREZ__ligand10151-0
359,FERREZ__ligand1288-0
360,FERREZ__ligand1149-0
361,FERREZ__ligand19668-0
362,FERREZ__ligand3980-0
363,FERREZ__ligand19906-0
364,FERREZ__ligand18-0
365,FERREZ__ligand3557-0
366,FERREZ__ligand7075-0
367,FERREZ__ligand22353-0
368,FERREZ__ligand9750-0
369,FERREZ__ligand6993-0
370,FERREZ__ligand1817-0
371,FERREZ__ligand1779-0
372,FERREZ__ligand24851-0
373,FERREZ__ligand20530-0
374,FERREZ__ligand11698-0
375,FERREZ__ligand436-0
376,FERREZ__ligand4063-0
377,FERREZ__ligand13657-0
378,FERREZ__ligand14347-0
379,FERREZ__ligand14302-0
380,FERREZ__ligand8200-0
381,FERREZ__ligand7438-0
382,FERREZ__ligand10479-0
383,FERREZ__ligand27610-0
384,FERREZ__ligand692-0
385,FERREZ__ligand11479-0
386,FERREZ__ligand29441-0
387,FERREZ__ligand10853-0
388,FERREZ__ligand3042-0
389,FERREZ__ligand4207-0
390,FERREZ__ligand3453-0
391,FERREZ__ligand3416-0
392,FERREZ__ligand16952-0
393,FERREZ__ligand29813-0
394,FERREZ__ligand326-0
395,FERREZ__ligand1150-0
396,FERREZ__ligand20220-0
397,FERREZ__ligand15387-0
398,FERREZ__ligand1539-0
399,FERREZ__ligand20121-0
400,FERREZ__ligand24613-0
401,FERREZ__ligand2830-0
402,FERREZ__ligand19725-0
403,FERREZ__ligand5627-0
404,FERREZ__ligand1729-0
405,FERREZ__ligand10555-0
406,FERREZ__ligand31483-0
407,FERREZ__ligand48-0
408,FERREZ__ligand5483-0
409,FERREZ__ligand868-0
410,FERREZ__ligand5316-0
411,FERREZ__ligand9148-0
412,FERREZ__ligand783-0
413,FERREZ__ligand352-0
414,FERREZ__ligand11568-0
415,FERREZ__ligand17710-0
416,FERREZ__ligand20579-0
417,FERREZ__ligand7529-0
418,FERREZ__ligand21421-0
419,FERREZ__ligand14586-0
420,FERREZ__ligand11774-0
421,FERREZ__ligand6946-0
422,FERREZ__ligand1415-0
423,FERREZ__ligand51-0
424,FERREZ__ligand6882-0
425,FERREZ__ligand6455-0
426,FERREZ__ligand18699-0
427,FERREZ__ligand12682-0
428,FERREZ__ligand3934-0
429,FERREZ__ligand17240-0
430,FERREZ__ligand2403-0
431,FERREZ__ligand197-0
432,FERREZ__ligand17590-0
433,FERREZ__ligand13072-0
434,FERREZ__ligand1065-0
435,FERREZ__ligand7530-0
436,FERREZ__ligand12336-0
437,FERREZ__ligand1449-0
438,FERREZ__ligand3012-0
439,FERREZ__ligand4332-0
440,FERREZ__ligand91-0
441,FERREZ__ligand9681-0
442,FERREZ__ligand4194-0
443,FERREZ__ligand29087-0
444,FERREZ__ligand685-0
445,FERREZ__ligand7532-0
446,FERREZ__ligand18703-0
447,FERREZ__ligand28924-0
448,FERREZ__ligand421-0
449,FERREZ__ligand15438-0
450,FERREZ__ligand2599-0
451,FERREZ__ligand4330-0
452,FERREZ__ligand3973-0
453,FERREZ__ligand24750-0
454,FERREZ__ligand1147-0
455,FERREZ__ligand16-0
456,FERREZ__ligand17945-0
457,FERREZ__ligand25224-0
458,FERREZ__ligand18013-0
459,FERREZ__ligand31578-0
460,FERREZ__ligand2068-0
461,FERREZ__ligand17207-0
462,FERREZ__ligand7925-0
463,FERREZ__ligand294-0
464,FERREZ__ligand32-0
465,FERREZ__ligand3215-0
466,FERREZ__ligand7107-0
467,FERREZ__ligand29898-0
468,FERREZ__ligand26277-0
469,FERREZ__ligand22755-0
470,FERREZ__ligand560-0
471,FERREZ__ligand11432-0
472,FERREZ__ligand31618-0
473,FERREZ__ligand10432-0
474,FERREZ__ligand235-0
475,FERREZ__ligand134-0
476,FERREZ__ligand6283-0
477,FERREZ__ligand15168-0
478,FERREZ__ligand24064-0
479,FERREZ__ligand6062-0
480,FERREZ__ligand4813-0
481,FERREZ__ligand5813-0
482,FERREZ__ligand4738-0
483,FERREZ__ligand23589-0
484,FERREZ__ligand4131-0
485,FERREZ__ligand564-0
486,FERREZ__ligand1712-0
487,FERREZ__ligand620-0
488,FERREZ__ligand370-1
489,FERREZ__ligand5094-0
490,FERREZ__ligand25735-0
491,FERREZ__ligand5892-0
492,FERREZ__ligand12519-0
493,FERREZ__ligand479-0
494,FERREZ__ligand11206-0
495,FERREZ__ligand785-0
496,FERREZ__ligand23124-0
497,FERREZ__ligand311-0
498,FERREZ__ligand12660-0
499,FERREZ__ligand1533-0
500,FERREZ__ligand13209-0
501,FERREZ__ligand19257-0
502,FERREZ__ligand31248-0
503,FERREZ__ligand25650-0
504,FERREZ__ligand188-0
505,FERREZ__ligand1496-0
506,FERREZ__ligand7557-0
507,FERREZ__ligand2208-0
508,FERREZ__ligand12295-0
509,FERREZ__ligand3208-0
510,FERREZ__ligand27835-0
511,FERREZ__ligand21787-0
512,FERREZ__ligand3350-0
513,FERREZ__ligand250-0
514,FERREZ__ligand7573-0
515,FERREZ__ligand25575-0
516,FERREZ__ligand2781-0
517,FERREZ__ligand25689-0
518,FERREZ__ligand6672-0
519,FERREZ__ligand9809-0
520,FERREZ__ligand1327-0
521,FERREZ__ligand8722-0
522,FERREZ__ligand8-0
523,FERREZ__ligand3029-0
524,FERREZ__ligand30539-0
525,FERREZ__ligand7162-0
526,FERREZ__ligand2328-0
527,FERREZ__ligand1773-0
528,FERREZ__ligand4581-0
529,FERREZ__ligand370-0
530,FERREZ__ligand23906-0
531,FERREZ__ligand1900-0
532,FERREZ__ligand9197-0
533,FERREZ__ligand57-0
534,FERREZ__ligand21132-0
535,FERREZ__ligand11166-0
536,FERREZ__ligand25267-0
537,FERREZ__ligand1771-0
538,FERREZ__ligand193-0
539,FERREZ__ligand4911-0
540,FERREZ__ligand10084-0
541,FERREZ__ligand3392-0
542,FERREZ__ligand12467-0
543,FERREZ__ligand13257-0
544,FERREZ__ligand21936-0
545,FERREZ__ligand830-0
546,FERREZ__ligand55-0
547,FERREZ__ligand5849-0
548,FERREZ__ligand372-0
549,FERREZ__ligand23904-0
550,FERREZ__ligand68-0
551,FERREZ__ligand27074-0
552,FERREZ__ligand2527-0
553,FERREZ__ligand22981-0
554,FERREZ__ligand25805-0
555,FERREZ__ligand20599-0
556,FERREZ__ligand116-0
557,FERREZ__ligand27169-0
558,FERREZ__ligand8464-0
559,FERREZ__ligand1709-0
560,FERREZ__ligand14523-0
561,FERREZ__ligand252-0
562,FERREZ__ligand18391-0
563,FERREZ__ligand8349-0
564,FERREZ__ligand1688-0
565,FERREZ__ligand16791-0
566,FERREZ__ligand3647-0
567,FERREZ__ligand5357-0
568,FERREZ__ligand4850-0
569,FERREZ__ligand5056-0
570,FERREZ__ligand28668-0
571,FERREZ__ligand1768-0
572,FERREZ__ligand3871-0
573,FERREZ__ligand177-0
574,FERREZ__ligand18465-0
575,FERREZ__ligand18799-0
576,FERREZ__ligand1469-0
577,FERREZ__ligand909-0
578,FERREZ__ligand1379-0
579,FERREZ__ligand2722-0
580,FERREZ__ligand29863-0
581,FERREZ__ligand18074-0
582,FERREZ__ligand5935-0
583,FERREZ__ligand13869-0
584,FERREZ__ligand1165-0
585,FERREZ__ligand34-0
586,FERREZ__ligand29610-0
587,FERREZ__ligand9525-0
588,FERREZ__ligand3157-0
589,FERREZ__ligand11140-0
590,FERREZ__ligand18814-0
591,FERREZ__ligand3094-0
592,FERREZ__ligand4155-0
593,FERREZ__ligand19057-0
594,FERREZ__ligand314-1
595,FERREZ__ligand29302-0
596,FERREZ__ligand13425-0
597,FERREZ__ligand5211-0
598,FERREZ__ligand8969-0
599,FERREZ__ligand3131-0
600,FERREZ__ligand3937-0
601,FERREZ__ligand1202-0
602,FERREZ__ligand3174-0
603,FERREZ__ligand6839-0
604,FERREZ__ligand27763-0
605,FERREZ__ligand4720-0
606,FERREZ__ligand17-0
607,FERREZ__ligand28676-0
608,FERREZ__ligand10262-0
609,FERREZ__ligand12641-0
610,FERREZ__ligand465-0
611,FERREZ__ligand3565-0
612,FERREZ__ligand1512-0
613,FERREZ__ligand5331-0
614,FERREZ__ligand10958-0
615,FERREZ__ligand14108-0
616,FERREZ__ligand3852-0
617,FERREZ__ligand2485-0
618,FERREZ__ligand6919-0
619,FERREZ__ligand1573-0
620,FERREZ__ligand1536-0
621,FERREZ__ligand391-0
622,FERREZ__ligand17302-0
623,FERREZ__ligand9935-0
624,FERREZ__ligand3504-0
625,FERREZ__ligand17805-0
626,FERREZ__ligand1959-0
627,FERREZ__ligand23769-0
628,FERREZ__ligand4661-0
629,FERREZ__ligand1844-0
630,FERREZ__ligand24185-0
631,FERREZ__ligand25178-0
632,FERREZ__ligand3718-0
633,FERREZ__ligand618-0
634,FERREZ__ligand6616-0
635,FERREZ__ligand3035-0
636,FERREZ__ligand1343-0
637,FERREZ__ligand3876-0
638,FERREZ__ligand7106-0
639,FERREZ__ligand24145-0
640,FERREZ__ligand12401-0
641,FERREZ__ligand15585-0
642,FERREZ__ligand7242-0
643,FERREZ__ligand13068-0
644,FERREZ__ligand19830-0
645,FERREZ__ligand10476-0
646,FERREZ__ligand17387-0
647,FERREZ__ligand12130-0
648,FERREZ__ligand18292-0
649,FERREZ__ligand12289-0
650,FERREZ__ligand26702-0
651,FERREZ__ligand314-0
652,FERREZ__ligand780-0
653,FERREZ__ligand13658-0
654,FERREZ__ligand12231-0
655,FERREZ__ligand1263-0
656,FERREZ__ligand9908-0
657,FERREZ__ligand813-0
658,FERREZ__ligand9784-0
659,FERREZ__ligand27175-0
660,FERREZ__ligand18832-0
661,FERREZ__ligand23713-0
662,FERREZ__ligand30988-0
663,FERREZ__ligand7629-0
664,FERREZ__ligand4272-0
665,FERREZ__ligand1451-0
666,FERREZ__ligand27893-0
667,FERREZ__ligand3954-0
668,FERREZ__ligand4442-0
669,FERREZ__ligand89-0
670,FERREZ__ligand4093-0
671,FERREZ__ligand14723-0
672,FERREZ__ligand8699-0
673,FERREZ__ligand19641-0
674,FERREZ__ligand1160-0
675,FERREZ__ligand353-0
676,FERREZ__ligand9520-0
677,FERREZ__ligand12934-0
678,FERREZ__ligand20578-0
679,FERREZ__ligand15422-0
680,FERREZ__ligand4016-0
681,FERREZ__ligand49-0
682,FERREZ__ligand6709-0
683,FERREZ__ligand1219-0
684,FERREZ__ligand31783-0
685,FERREZ__ligand393-0
686,FERREZ__ligand7867-0
687,FERREZ__ligand1304-0
688,FERREZ__ligand1790-0
689,FERREZ__ligand7280-0
690,FERREZ__ligand17258-0
691,FERREZ__ligand14603-0
692,FERREZ__ligand14297-0
693,FERREZ__ligand26665-0
694,FERREZ__ligand17631-0
695,FERREZ__ligand7238-0
696,FERREZ__ligand13012-0
697,FERREZ__ligand1982-0
698,FERREZ__ligand30333-0
699,FERREZ__ligand7000-0
700,FERREZ__ligand8115-0
701,FERREZ__ligand6768-0
702,FERREZ__ligand1285-0
703,FERREZ__ligand422-0
704,FERREZ__ligand12606-0
705,FERREZ__ligand17281-0
706,FERREZ__ligand686-0
707,FERREZ__ligand30296-0
708,FERREZ__ligand12337-0
709,FERREZ__ligand29410-0
710,FERREZ__ligand26540-0
711,FERREZ__ligand4546-0
712,FERREZ__ligand4503-0
713,FERREZ__ligand28468-0
714,FERREZ__ligand5256-0
715,FERREZ__ligand20740-0
716,FERREZ__ligand9833-0
717,FERREZ__ligand12427-0
718,FERREZ__ligand7648-0
719,FERREZ__ligand2828-0
720,FERREZ__ligand8876-0
721,FERREZ__ligand196-0
722,FERREZ__ligand16628-0
723,FERREZ__ligand4157-0
724,FERREZ__ligand2232-0
725,FERREZ__ligand9291-0
726,FERREZ__ligand2176-0
727,FERREZ__ligand27460-0
728,FERREZ__ligand8721-0
729,FERREZ__ligand17982-0
730,FERREZ__ligand29414-0
731,FERREZ__ligand152-0
732,FERREZ__ligand1324-0
733,FERREZ__ligand17278-0
734,FERREZ__ligand20011-0
735,FERREZ__ligand1823-0
736,FERREZ__ligand5643-0
737,FERREZ__ligand69-0
738,FERREZ__ligand1615-0
739,FERREZ__ligand5036-0
740,FERREZ__ligand2526-0
741,FERREZ__ligand17398-0
742,FERREZ__ligand24047-0
743,FERREZ__ligand10589-0
744,FERREZ__ligand22557-0
745,FERREZ__ligand20598-0
746,FERREZ__ligand9111-0
747,FERREZ__ligand9952-0
748,FERREZ__ligand11675-0
749,FERREZ__ligand9601-0
750,FERREZ__ligand16475-0
751,FERREZ__ligand14703-0
752,FERREZ__ligand11-0
753,FERREZ__ligand8992-0
754,FERREZ__ligand506-0
755,FERREZ__ligand4116-0
756,FERREZ__ligand1018-0
757,FERREZ__ligand7967-0
758,FERREZ__ligand6124-0
759,FERREZ__ligand3707-0
760,FERREZ__ligand20251-1
761,FERREZ__ligand20214-0
762,FERREZ__ligand30702-0
763,FERREZ__ligand20251-0
764,FERREZ__ligand20539-0
765,FERREZ__ligand2915-0
766,FERREZ__ligand3156-0
767,FERREZ__ligand31097-0
768,FERREZ__ligand21581-0
769,FERREZ__ligand487-0
770,FERREZ__ligand1378-0
771,FERREZ__ligand14117-0
772,FERREZ__ligand17261-0
773,FERREZ__ligand6244-0
774,FERREZ__ligand21371-0
775,FERREZ__ligand17118-0
776,FERREZ__ligand2332-0
777,FERREZ__ligand20419-0
778,FERREZ__ligand9441-0
779,FERREZ__ligand176-0
780,FERREZ__ligand28789-0
781,FERREZ__ligand9933-0
782,FERREZ__ligand1575-0
783,FERREZ__ligand746-0
784,FERREZ__ligand1530-0
785,FERREZ__ligand29568-0
786,FERREZ__ligand14889-0
787,FERREZ__ligand1631-0
788,FERREZ__ligand447-0
789,FERREZ__ligand30851-0
790,FERREZ__ligand4620-0
791,FERREZ__ligand26810-0
792,FERREZ__ligand27482-0
793,FERREZ__ligand368-0
794,FERREZ__ligand6067-0
795,FERREZ__ligand1577-0
796,FERREZ__ligand13208-0
797,FERREZ__ligand395-0
798,FERREZ__ligand2295-0
799,FERREZ__ligand7819-0
800,FERREZ__ligand2917-0
801,FERREZ__ligand20682-0
802,FERREZ__ligand784-0
803,FERREZ__ligand3465-0
804,FERREZ__ligand13390-0
805,FERREZ__ligand6102-0
806,FERREZ__ligand6904-0
807,FERREZ__ligand3721-0
808,FERREZ__ligand6596-0
809,FERREZ__ligand25411-0
810,FERREZ__ligand3234-0
811,FERREZ__ligand1142-0
812,FERREZ__ligand833-0
813,FERREZ__ligand14174-0
814,FERREZ__ligand2028-0
815,FERREZ__ligand8835-0
816,FERREZ__ligand10712-0
817,FERREZ__ligand7126-0
818,FERREZ__ligand11456-0
819,FERREZ__ligand4641-0
820,FERREZ__ligand14248-0
821,FERREZ__ligand29879-0
822,FERREZ__ligand12030-0
823,FERREZ__ligand115-0
824,FERREZ__ligand28884-0
825,FERREZ__ligand13331-0
826,FERREZ__ligand13294-0
827,FERREZ__ligand31832-0
