,TMC
0,BMPFPN__ligand553-0
1,BMPFPN__ligand2618-0
2,BMPFPN__ligand283-0
3,BMPFPN__ligand3618-0
4,BMPFPN__ligand1436-0
5,BMPFPN__ligand62-0
6,BMPFPN__ligand821-0
7,BMPFPN__ligand326-0
8,BMPFPN__ligand436-0
9,BMPFPN__ligand10479-0
10,BMPFPN__ligand4370-0
11,BMPFPN__ligand142-0
12,BMPFPN__ligand206-0
13,BMPFPN__ligand838-0
14,BMPFPN__ligand86-0
15,BMPFPN__ligand1918-0
16,BMPFPN__ligand166-0
17,BMPFPN__ligand918-0
18,BMPFPN__ligand633-0
19,BMPFPN__ligand2255-0
20,BMPFPN__ligand532-0
21,BMPFPN__ligand10114-0
22,BMPFPN__ligand4175-0
23,BMPFPN__ligand497-0
24,BMPFPN__ligand575-0
25,BMPFPN__ligand2915-0
26,BMPFPN__ligand10910-0
27,BMPFPN__ligand927-0
28,BMPFPN__ligand4012-0
29,BMPFPN__ligand199-0
30,BMPFPN__ligand3196-0
31,BMPFPN__ligand18-0
32,BMPFPN__ligand2526-0
33,BMPFPN__ligand105-0
34,BMPFPN__ligand140-0
35,BMPFPN__ligand14530-0
36,BMPFPN__ligand1551-0
37,BMPFPN__ligand1690-0
38,BMPFPN__ligand361-0
39,BMPFPN__ligand324-0
40,BMPFPN__ligand409-0
41,BMPFPN__ligand2707-0
42,BMPFPN__ligand669-0
43,BMPFPN__ligand1555-0
44,BMPFPN__ligand1285-0
45,BMPFPN__ligand358-0
46,BMPFPN__ligand430-0
47,BMPFPN__ligand7630-0
48,BMPFPN__ligand21-0
49,BMPFPN__ligand365-0
50,BMPFPN__ligand3890-0
51,BMPFPN__ligand1907-0
52,BMPFPN__ligand278-0
53,BMPFPN__ligand4423-0
54,BMPFPN__ligand1038-0
55,BMPFPN__ligand40-0
56,BMPFPN__ligand2762-0
57,BMPFPN__ligand670-0
58,BMPFPN__ligand118-0
59,BMPFPN__ligand2954-0
60,BMPFPN__ligand5093-0
61,BMPFPN__ligand571-0
62,BMPFPN__ligand1160-0
63,BMPFPN__ligand2253-0
64,BMPFPN__ligand509-0
65,BMPFPN__ligand38-0
66,BMPFPN__ligand7550-0
67,BMPFPN__ligand162-0
68,BMPFPN__ligand9176-0
69,BMPFPN__ligand226-0
70,BMPFPN__ligand1493-0
71,BMPFPN__ligand3070-0
72,BMPFPN__ligand3035-0
73,BMPFPN__ligand383-0
74,BMPFPN__ligand2718-0
75,BMPFPN__ligand6143-0
76,BMPFPN__ligand5235-0
77,BMPFPN__ligand4619-0
78,BMPFPN__ligand3251-0
79,BMPFPN__ligand1818-0
80,BMPFPN__ligand66-0
81,BMPFPN__ligand7456-0
82,BMPFPN__ligand5758-0
83,BMPFPN__ligand3852-0
84,BMPFPN__ligand3478-0
85,BMPFPN__ligand120-0
86,BMPFPN__ligand2929-0
87,BMPFPN__ligand85-0
88,BMPFPN__ligand2376-0
89,BMPFPN__ligand384-0
90,BMPFPN__ligand78-0
91,BMPFPN__ligand45-0
92,BMPFPN__ligand1379-0
93,BMPFPN__ligand1299-0
94,BMPFPN__ligand6430-0
95,BMPFPN__ligand1221-0
96,BMPFPN__ligand1264-0
97,BMPFPN__ligand1019-0
98,BMPFPN__ligand2442-0
99,BMPFPN__ligand1104-0
100,BMPFPN__ligand5762-0
101,BMPFPN__ligand7414-0
102,BMPFPN__ligand240-0
103,BMPFPN__ligand15630-0
104,BMPFPN__ligand141-0
105,BMPFPN__ligand10357-0
106,BMPFPN__ligand2482-0
107,BMPFPN__ligand1325-0
108,BMPFPN__ligand6571-0
109,BMPFPN__ligand5334-0
110,BMPFPN__ligand2315-0
111,BMPFPN__ligand1898-0
112,BMPFPN__ligand2480-0
113,BMPFPN__ligand4504-0
114,BMPFPN__ligand3051-0
115,BMPFPN__ligand8032-0
116,BMPFPN__ligand1858-0
117,BMPFPN__ligand797-0
118,BMPFPN__ligand1712-0
119,BMPFPN__ligand2916-0
120,BMPFPN__ligand2110-0
121,BMPFPN__ligand3579-0
122,BMPFPN__ligand1919-0
123,BMPFPN__ligand757-0
124,BMPFPN__ligand2389-0
125,BMPFPN__ligand1307-0
126,BMPFPN__ligand126-0
127,BMPFPN__ligand2853-0
128,BMPFPN__ligand3853-0
129,BMPFPN__ligand596-0
130,BMPFPN__ligand2599-0
131,BMPFPN__ligand5089-0
132,BMPFPN__ligand612-0
133,BMPFPN__ligand1246-0
134,BMPFPN__ligand187-0
135,BMPFPN__ligand366-0
136,BMPFPN__ligand6166-0
137,BMPFPN__ligand67-0
138,BMPFPN__ligand861-0
139,BMPFPN__ligand279-0
140,BMPFPN__ligand178-0
141,BMPFPN__ligand1788-0
142,BMPFPN__ligand321-0
143,BMPFPN__ligand1321-0
144,BMPFPN__ligand100-0
145,BMPFPN__ligand244-0
146,BMPFPN__ligand1178-0
147,BMPFPN__ligand201-0
148,BMPFPN__ligand8-0
149,BMPFPN__ligand3566-0
150,BMPFPN__ligand7514-0
151,BMPFPN__ligand3337-0
152,BMPFPN__ligand4811-0
153,BMPFPN__ligand1449-1
154,BMPFPN__ligand124-0
155,BMPFPN__ligand9620-0
156,BMPFPN__ligand119-0
157,BMPFPN__ligand4894-0
158,BMPFPN__ligand1260-0
159,BMPFPN__ligand115-0
160,BMPFPN__ligand3637-0
161,BMPFPN__ligand8774-0
162,BMPFPN__ligand291-0
163,BMPFPN__ligand355-0
164,BMPFPN__ligand784-0
165,BMPFPN__ligand11-0
166,BMPFPN__ligand485-0
167,BMPFPN__ligand4-0
168,BMPFPN__ligand7464-0
169,BMPFPN__ligand1598-0
170,BMPFPN__ligand4303-0
171,BMPFPN__ligand1248-0
172,BMPFPN__ligand6294-0
173,BMPFPN__ligand1054-0
174,BMPFPN__ligand8921-0
175,BMPFPN__ligand133-0
176,BMPFPN__ligand1567-0
177,BMPFPN__ligand2285-0
178,BMPFPN__ligand2510-0
179,BMPFPN__ligand1056-0
180,BMPFPN__ligand2320-0
181,BMPFPN__ligand447-0
182,BMPFPN__ligand2862-0
183,BMPFPN__ligand487-0
184,BMPFPN__ligand2430-0
185,BMPFPN__ligand1703-0
186,BMPFPN__ligand522-0
187,BMPFPN__ligand6-0
188,BMPFPN__ligand2907-0
189,BMPFPN__ligand666-0
190,BMPFPN__ligand1727-0
191,BMPFPN__ligand1152-0
192,BMPFPN__ligand1607-0
193,BMPFPN__ligand682-0
194,BMPFPN__ligand502-0
195,BMPFPN__ligand196-0
196,BMPFPN__ligand2265-0
197,BMPFPN__ligand1113-0
198,BMPFPN__ligand6396-0
199,BMPFPN__ligand9027-0
200,BMPFPN__ligand422-0
201,BMPFPN__ligand1835-0
202,BMPFPN__ligand2794-0
203,BMPFPN__ligand2345-0
204,BMPFPN__ligand4983-0
205,BMPFPN__ligand1502-0
206,BMPFPN__ligand113-0
207,BMPFPN__ligand1052-0
208,BMPFPN__ligand92-0
209,BMPFPN__ligand236-0
210,BMPFPN__ligand1273-0
211,BMPFPN__ligand11730-0
212,BMPFPN__ligand353-0
213,BMPFPN__ligand17-0
214,BMPFPN__ligand2142-0
215,BMPFPN__ligand2772-0
216,BMPFPN__ligand6151-0
217,BMPFPN__ligand481-0
218,BMPFPN__ligand9495-0
219,BMPFPN__ligand314-0
220,BMPFPN__ligand6538-0
221,BMPFPN__ligand391-0
222,BMPFPN__ligand2864-0
223,BMPFPN__ligand170-0
224,BMPFPN__ligand49-0
225,BMPFPN__ligand210-0
226,BMPFPN__ligand1169-0
227,BMPFPN__ligand5022-0
228,BMPFPN__ligand89-0
229,BMPFPN__ligand2880-0
230,BMPFPN__ligand5941-0
231,BMPFPN__ligand1799-0
232,BMPFPN__ligand3838-0
233,BMPFPN__ligand2838-0
234,BMPFPN__ligand3145-0
235,BMPFPN__ligand909-0
236,BMPFPN__ligand851-0
237,BMPFPN__ligand5548-0
238,BMPFPN__ligand7915-0
239,BMPFPN__ligand57-0
240,BMPFPN__ligand1747-0
241,BMPFPN__ligand6686-0
242,BMPFPN__ligand6502-0
243,BMPFPN__ligand2098-0
244,BMPFPN__ligand2863-0
245,BMPFPN__ligand934-0
246,BMPFPN__ligand177-0
247,BMPFPN__ligand3178-0
248,BMPFPN__ligand6332-0
249,BMPFPN__ligand3041-0
250,BMPFPN__ligand252-0
251,BMPFPN__ligand1542-0
252,BMPFPN__ligand2634-0
253,BMPFPN__ligand955-0
254,BMPFPN__ligand193-0
255,BMPFPN__ligand2751-0
256,BMPFPN__ligand73-0
257,BMPFPN__ligand830-0
258,BMPFPN__ligand1114-0
259,BMPFPN__ligand1538-0
260,BMPFPN__ligand34-0
261,BMPFPN__ligand370-0
262,BMPFPN__ligand460-0
263,BMPFPN__ligand1228-0
264,BMPFPN__ligand9244-0
265,BMPFPN__ligand250-0
266,BMPFPN__ligand1479-0
267,BMPFPN__ligand444-0
268,BMPFPN__ligand369-0
269,BMPFPN__ligand95-0
270,BMPFPN__ligand188-0
271,BMPFPN__ligand1148-0
272,BMPFPN__ligand3246-0
273,BMPFPN__ligand311-0
274,BMPFPN__ligand55-0
275,BMPFPN__ligand932-0
276,BMPFPN__ligand134-0
277,BMPFPN__ligand5801-0
278,BMPFPN__ligand235-0
279,BMPFPN__ligand91-0
280,BMPFPN__ligand29-0
281,BMPFPN__ligand1438-0
282,BMPFPN__ligand390-0
283,BMPFPN__ligand3063-0
284,BMPFPN__ligand51-0
285,BMPFPN__ligand560-0
286,BMPFPN__ligand525-0
287,BMPFPN__ligand1-0
288,BMPFPN__ligand1171-0
289,BMPFPN__ligand109-0
290,BMPFPN__ligand331-0
291,BMPFPN__ligand1048-0
292,BMPFPN__ligand2087-0
293,BMPFPN__ligand3757-0
294,BMPFPN__ligand1685-0
295,BMPFPN__ligand294-0
296,BMPFPN__ligand993-0
297,BMPFPN__ligand584-0
298,BMPFPN__ligand916-0
299,BMPFPN__ligand1544-0
300,BMPFPN__ligand48-0
301,BMPFPN__ligand1459-0
302,BMPFPN__ligand798-0
303,BMPFPN__ligand421-0
304,BMPFPN__ligand112-0
305,BMPFPN__ligand2259-0
306,BMPFPN__ligand2688-0
307,BMPFPN__ligand2768-0
308,BMPFPN__ligand1376-0
309,BMPFPN__ligand32-0
310,BMPFPN__ligand6277-0
311,BMPFPN__ligand197-0
312,BMPFPN__ligand1951-0
313,BMPFPN__ligand296-0
314,BMPFPN__ligand1687-0
315,BMPFPN__ligand352-0
316,BMPFPN__ligand783-0
317,BMPFPN__ligand1706-0
318,BMPFPN__ligand3734-0
319,BMPFPN__ligand2629-0
320,BMPFPN__ligand4381-0
321,BMPFPN__ligand3-0
322,BMPFPN__ligand136-0
323,BMPFPN__ligand868-0
324,BMPFPN__ligand442-0
