,TMC
0,ZEHXUF__ligand3926-0
1,ZEHXUF__ligand3120-0
2,ZEHXUF__ligand11618-0
3,ZEHXUF__ligand4358-0
4,ZEHXUF__ligand2221-0
5,ZEHXUF__ligand4101-0
6,ZEHXUF__ligand5595-0
7,ZEHXUF__ligand26529-0
8,ZEHXUF__ligand18-0
9,ZEHXUF__ligand21729-0
10,ZEHXUF__ligand5510-0
11,ZEHXUF__ligand1376-0
12,ZEHXUF__ligand27239-0
13,ZEHXUF__ligand9773-0
14,ZEHXUF__ligand361-0
15,ZEHXUF__ligand324-0
16,ZEHXUF__ligand409-0
17,ZEHXUF__ligand19927-0
18,ZEHXUF__ligand2259-0
19,ZEHXUF__ligand1296-0
20,ZEHXUF__ligand28559-0
21,ZEHXUF__ligand8592-0
22,ZEHXUF__ligand26324-0
23,ZEHXUF__ligand5099-0
24,ZEHXUF__ligand14043-0
25,ZEHXUF__ligand1197-0
26,ZEHXUF__ligand26631-0
27,ZEHXUF__ligand16148-0
28,ZEHXUF__ligand300-0
29,ZEHXUF__ligand12003-0
30,ZEHXUF__ligand7293-0
31,ZEHXUF__ligand21399-0
32,ZEHXUF__ligand2822-0
33,ZEHXUF__ligand3867-0
34,ZEHXUF__ligand1317-0
35,ZEHXUF__ligand10872-0
36,ZEHXUF__ligand5304-0
37,ZEHXUF__ligand29215-0
38,ZEHXUF__ligand9167-0
39,ZEHXUF__ligand588-0
40,ZEHXUF__ligand2238-0
41,ZEHXUF__ligand199-0
42,ZEHXUF__ligand20695-0
43,ZEHXUF__ligand27754-0
44,ZEHXUF__ligand16369-0
45,ZEHXUF__ligand28540-0
46,ZEHXUF__ligand11111-0
47,ZEHXUF__ligand5080-0
48,ZEHXUF__ligand7762-0
49,ZEHXUF__ligand1407-0
50,ZEHXUF__ligand6117-0
51,ZEHXUF__ligand8002-0
52,ZEHXUF__ligand5509-0
53,ZEHXUF__ligand22403-0
54,ZEHXUF__ligand3945-0
55,ZEHXUF__ligand13220-0
56,ZEHXUF__ligand11587-0
57,ZEHXUF__ligand17396-0
58,ZEHXUF__ligand5383-0
59,ZEHXUF__ligand2693-0
60,ZEHXUF__ligand23175-0
61,ZEHXUF__ligand15788-0
62,ZEHXUF__ligand14569-0
63,ZEHXUF__ligand9344-0
64,ZEHXUF__ligand13385-0
65,ZEHXUF__ligand8000-0
66,ZEHXUF__ligand24111-0
67,ZEHXUF__ligand22444-0
68,ZEHXUF__ligand3736-0
69,ZEHXUF__ligand7291-0
70,ZEHXUF__ligand497-0
71,ZEHXUF__ligand10033-0
72,ZEHXUF__ligand24644-0
73,ZEHXUF__ligand12001-0
74,ZEHXUF__ligand9883-0
75,ZEHXUF__ligand3677-1
76,ZEHXUF__ligand27840-0
77,ZEHXUF__ligand2985-0
78,ZEHXUF__ligand30728-0
79,ZEHXUF__ligand4007-0
80,ZEHXUF__ligand24872-0
81,ZEHXUF__ligand633-0
82,ZEHXUF__ligand9299-0
83,ZEHXUF__ligand6699-0
84,ZEHXUF__ligand25561-0
85,ZEHXUF__ligand326-0
86,ZEHXUF__ligand3677-0
87,ZEHXUF__ligand3632-0
88,ZEHXUF__ligand11949-0
89,ZEHXUF__ligand22129-0
90,ZEHXUF__ligand1294-0
91,ZEHXUF__ligand1168-0
92,ZEHXUF__ligand12138-0
93,ZEHXUF__ligand24780-0
94,ZEHXUF__ligand6892-0
95,ZEHXUF__ligand692-0
96,ZEHXUF__ligand1211-0
97,ZEHXUF__ligand17427-0
98,ZEHXUF__ligand1464-0
99,ZEHXUF__ligand3712-0
100,ZEHXUF__ligand31694-0
101,ZEHXUF__ligand2881-0
102,ZEHXUF__ligand436-0
103,ZEHXUF__ligand29486-0
104,ZEHXUF__ligand1499-0
105,ZEHXUF__ligand1604-0
106,ZEHXUF__ligand28930-0
107,ZEHXUF__ligand22168-0
108,ZEHXUF__ligand22294-0
109,ZEHXUF__ligand21919-0
110,ZEHXUF__ligand656-0
111,ZEHXUF__ligand9943-0
112,ZEHXUF__ligand1228-0
113,ZEHXUF__ligand66-0
114,ZEHXUF__ligand2043-0
115,ZEHXUF__ligand10056-0
116,ZEHXUF__ligand12365-0
117,ZEHXUF__ligand8788-0
118,ZEHXUF__ligand13862-0
119,ZEHXUF__ligand11357-0
120,ZEHXUF__ligand15531-0
121,ZEHXUF__ligand1832-0
122,ZEHXUF__ligand28743-0
123,ZEHXUF__ligand28810-0
124,ZEHXUF__ligand2417-0
125,ZEHXUF__ligand11096-0
126,ZEHXUF__ligand11447-0
127,ZEHXUF__ligand24230-0
128,ZEHXUF__ligand15926-0
129,ZEHXUF__ligand19792-0
130,ZEHXUF__ligand10828-0
131,ZEHXUF__ligand9284-0
132,ZEHXUF__ligand3126-0
133,ZEHXUF__ligand6391-0
134,ZEHXUF__ligand11970-0
135,ZEHXUF__ligand1114-0
136,ZEHXUF__ligand15883-0
137,ZEHXUF__ligand696-0
138,ZEHXUF__ligand16988-0
139,ZEHXUF__ligand25913-0
140,ZEHXUF__ligand383-0
141,ZEHXUF__ligand416-0
142,ZEHXUF__ligand5387-0
143,ZEHXUF__ligand226-0
144,ZEHXUF__ligand2203-0
145,ZEHXUF__ligand11682-0
146,ZEHXUF__ligand1289-0
147,ZEHXUF__ligand30711-0
148,ZEHXUF__ligand20207-0
149,ZEHXUF__ligand162-0
150,ZEHXUF__ligand24035-0
151,ZEHXUF__ligand2612-0
152,ZEHXUF__ligand1599-0
153,ZEHXUF__ligand31842-0
154,ZEHXUF__ligand31044-0
155,ZEHXUF__ligand11994-0
156,ZEHXUF__ligand16663-0
157,ZEHXUF__ligand9450-0
158,ZEHXUF__ligand14614-0
159,ZEHXUF__ligand42-0
160,ZEHXUF__ligand1-0
161,ZEHXUF__ligand13672-0
162,ZEHXUF__ligand534-0
163,ZEHXUF__ligand571-0
164,ZEHXUF__ligand4807-0
165,ZEHXUF__ligand670-0
166,ZEHXUF__ligand28685-0
167,ZEHXUF__ligand18568-0
168,ZEHXUF__ligand3178-0
169,ZEHXUF__ligand9753-0
170,ZEHXUF__ligand3-0
171,ZEHXUF__ligand5530-0
172,ZEHXUF__ligand1356-0
173,ZEHXUF__ligand1787-0
174,ZEHXUF__ligand5159-0
175,ZEHXUF__ligand7196-0
176,ZEHXUF__ligand10371-0
177,ZEHXUF__ligand2788-0
178,ZEHXUF__ligand5649-0
179,ZEHXUF__ligand8793-0
180,ZEHXUF__ligand4649-0
181,ZEHXUF__ligand18448-0
182,ZEHXUF__ligand12453-0
183,ZEHXUF__ligand38-0
184,ZEHXUF__ligand28459-0
185,ZEHXUF__ligand19184-0
186,ZEHXUF__ligand2906-0
187,ZEHXUF__ligand3244-0
188,ZEHXUF__ligand4711-0
189,ZEHXUF__ligand488-0
190,ZEHXUF__ligand7172-0
191,ZEHXUF__ligand14167-0
192,ZEHXUF__ligand13477-0
193,ZEHXUF__ligand358-0
194,ZEHXUF__ligand30142-0
195,ZEHXUF__ligand9323-0
196,ZEHXUF__ligand27669-0
197,ZEHXUF__ligand7273-0
198,ZEHXUF__ligand430-0
199,ZEHXUF__ligand1116-0
200,ZEHXUF__ligand3225-0
201,ZEHXUF__ligand1153-0
202,ZEHXUF__ligand2260-0
203,ZEHXUF__ligand694-0
204,ZEHXUF__ligand7092-0
205,ZEHXUF__ligand2124-0
206,ZEHXUF__ligand8612-0
207,ZEHXUF__ligand23197-0
208,ZEHXUF__ligand6017-0
209,ZEHXUF__ligand5708-0
210,ZEHXUF__ligand7316-0
211,ZEHXUF__ligand27285-0
212,ZEHXUF__ligand29029-0
213,ZEHXUF__ligand5180-0
214,ZEHXUF__ligand20557-0
215,ZEHXUF__ligand30004-0
216,ZEHXUF__ligand2027-0
217,ZEHXUF__ligand4-0
218,ZEHXUF__ligand1015-0
219,ZEHXUF__ligand1050-0
220,ZEHXUF__ligand27122-0
221,ZEHXUF__ligand20432-0
222,ZEHXUF__ligand1028-0
223,ZEHXUF__ligand13755-0
224,ZEHXUF__ligand16133-0
225,ZEHXUF__ligand23445-0
226,ZEHXUF__ligand24953-0
227,ZEHXUF__ligand4262-0
228,ZEHXUF__ligand757-0
229,ZEHXUF__ligand25048-0
230,ZEHXUF__ligand122-0
231,ZEHXUF__ligand21940-0
232,ZEHXUF__ligand2692-0
233,ZEHXUF__ligand1618-0
234,ZEHXUF__ligand21752-0
235,ZEHXUF__ligand4596-0
236,ZEHXUF__ligand1498-0
237,ZEHXUF__ligand14339-0
238,ZEHXUF__ligand1154-0
239,ZEHXUF__ligand693-0
240,ZEHXUF__ligand9615-0
241,ZEHXUF__ligand30788-0
242,ZEHXUF__ligand13691-0
243,ZEHXUF__ligand8529-0
244,ZEHXUF__ligand1169-0
245,ZEHXUF__ligand18757-0
246,ZEHXUF__ligand24560-0
247,ZEHXUF__ligand20844-0
248,ZEHXUF__ligand18413-0
249,ZEHXUF__ligand24624-0
250,ZEHXUF__ligand9944-0
251,ZEHXUF__ligand18019-1
252,ZEHXUF__ligand8593-0
253,ZEHXUF__ligand14007-0
254,ZEHXUF__ligand2001-0
255,ZEHXUF__ligand27550-0
256,ZEHXUF__ligand24-0
257,ZEHXUF__ligand7566-0
258,ZEHXUF__ligand20942-1
259,ZEHXUF__ligand16956-0
260,ZEHXUF__ligand14226-0
261,ZEHXUF__ligand21339-0
262,ZEHXUF__ligand19-0
263,ZEHXUF__ligand5201-0
264,ZEHXUF__ligand141-0
265,ZEHXUF__ligand29565-0
266,ZEHXUF__ligand23682-0
267,ZEHXUF__ligand18158-0
268,ZEHXUF__ligand1113-0
269,ZEHXUF__ligand240-0
270,ZEHXUF__ligand8553-0
271,ZEHXUF__ligand27771-0
272,ZEHXUF__ligand12413-0
273,ZEHXUF__ligand78-0
274,ZEHXUF__ligand29334-0
275,ZEHXUF__ligand384-0
276,ZEHXUF__ligand20731-0
277,ZEHXUF__ligand4161-0
278,ZEHXUF__ligand3471-0
279,ZEHXUF__ligand4124-0
280,ZEHXUF__ligand11798-0
281,ZEHXUF__ligand17069-0
282,ZEHXUF__ligand14477-0
283,ZEHXUF__ligand17445-0
284,ZEHXUF__ligand5415-0
285,ZEHXUF__ligand29214-0
286,ZEHXUF__ligand2281-0
287,ZEHXUF__ligand2650-0
288,ZEHXUF__ligand4340-0
289,ZEHXUF__ligand11544-0
290,ZEHXUF__ligand11501-0
291,ZEHXUF__ligand3180-0
292,ZEHXUF__ligand21448-0
293,ZEHXUF__ligand6995-0
294,ZEHXUF__ligand22357-0
295,ZEHXUF__ligand45-0
296,ZEHXUF__ligand11758-0
297,ZEHXUF__ligand768-0
298,ZEHXUF__ligand2823-0
299,ZEHXUF__ligand10151-0
300,ZEHXUF__ligand3144-0
301,ZEHXUF__ligand5085-0
302,ZEHXUF__ligand4710-0
303,ZEHXUF__ligand5755-0
304,ZEHXUF__ligand1397-0
305,ZEHXUF__ligand7213-0
306,ZEHXUF__ligand338-0
307,ZEHXUF__ligand1828-0
308,ZEHXUF__ligand6112-0
309,ZEHXUF__ligand8042-0
310,ZEHXUF__ligand22353-0
311,ZEHXUF__ligand1786-0
312,ZEHXUF__ligand5630-0
313,ZEHXUF__ligand19668-0
314,ZEHXUF__ligand1908-0
315,ZEHXUF__ligand19906-0
316,ZEHXUF__ligand3285-0
317,ZEHXUF__ligand4795-0
318,ZEHXUF__ligand321-0
319,ZEHXUF__ligand5280-0
320,ZEHXUF__ligand5614-0
321,ZEHXUF__ligand1831-0
322,ZEHXUF__ligand27610-0
323,ZEHXUF__ligand10479-0
324,ZEHXUF__ligand11479-0
325,ZEHXUF__ligand29441-0
326,ZEHXUF__ligand5515-0
327,ZEHXUF__ligand10853-0
328,ZEHXUF__ligand6663-0
329,ZEHXUF__ligand24851-0
330,ZEHXUF__ligand178-0
331,ZEHXUF__ligand20530-0
332,ZEHXUF__ligand279-0
333,ZEHXUF__ligand11698-0
334,ZEHXUF__ligand185-0
335,ZEHXUF__ligand14302-0
336,ZEHXUF__ligand13657-0
337,ZEHXUF__ligand14347-0
338,ZEHXUF__ligand1152-0
339,ZEHXUF__ligand3261-0
340,ZEHXUF__ligand201-0
341,ZEHXUF__ligand5019-0
342,ZEHXUF__ligand20220-0
343,ZEHXUF__ligand15387-0
344,ZEHXUF__ligand1216-0
345,ZEHXUF__ligand20121-0
346,ZEHXUF__ligand1849-0
347,ZEHXUF__ligand29813-0
348,ZEHXUF__ligand16952-0
349,ZEHXUF__ligand1539-0
350,ZEHXUF__ligand11177-0
351,ZEHXUF__ligand596-0
352,ZEHXUF__ligand941-0
353,ZEHXUF__ligand1150-0
354,ZEHXUF__ligand15455-0
355,ZEHXUF__ligand3453-0
356,ZEHXUF__ligand3416-0
357,ZEHXUF__ligand4207-0
358,ZEHXUF__ligand17686-0
359,ZEHXUF__ligand25658-0
360,ZEHXUF__ligand777-0
361,ZEHXUF__ligand31205-0
362,ZEHXUF__ligand67-0
363,ZEHXUF__ligand11814-0
364,ZEHXUF__ligand3042-0
365,ZEHXUF__ligand16603-0
366,ZEHXUF__ligand366-0
367,ZEHXUF__ligand187-0
368,ZEHXUF__ligand16870-0
369,ZEHXUF__ligand4063-0
370,ZEHXUF__ligand8200-0
371,ZEHXUF__ligand7438-0
372,ZEHXUF__ligand657-0
373,ZEHXUF__ligand11622-0
374,ZEHXUF__ligand6993-0
375,ZEHXUF__ligand1817-0
376,ZEHXUF__ligand1779-0
377,ZEHXUF__ligand26673-0
378,ZEHXUF__ligand845-0
379,ZEHXUF__ligand9750-0
380,ZEHXUF__ligand20821-0
381,ZEHXUF__ligand43-0
382,ZEHXUF__ligand7075-0
383,ZEHXUF__ligand11606-0
384,ZEHXUF__ligand1149-0
385,ZEHXUF__ligand31000-0
386,ZEHXUF__ligand3980-0
387,ZEHXUF__ligand3557-0
388,ZEHXUF__ligand11252-0
389,ZEHXUF__ligand1288-0
390,ZEHXUF__ligand10582-0
391,ZEHXUF__ligand163-0
392,ZEHXUF__ligand13260-0
393,ZEHXUF__ligand126-0
394,ZEHXUF__ligand9491-0
395,ZEHXUF__ligand4266-0
396,ZEHXUF__ligand1400-0
397,ZEHXUF__ligand19824-0
398,ZEHXUF__ligand18067-0
399,ZEHXUF__ligand4167-0
400,ZEHXUF__ligand28924-0
401,ZEHXUF__ligand506-0
402,ZEHXUF__ligand9681-0
403,ZEHXUF__ligand15438-0
404,ZEHXUF__ligand4332-0
405,ZEHXUF__ligand1449-0
406,ZEHXUF__ligand3012-0
407,ZEHXUF__ligand29087-0
408,ZEHXUF__ligand18703-0
409,ZEHXUF__ligand1065-0
410,ZEHXUF__ligand7530-0
411,ZEHXUF__ligand2403-0
412,ZEHXUF__ligand17945-0
413,ZEHXUF__ligand18013-0
414,ZEHXUF__ligand25224-0
415,ZEHXUF__ligand31578-0
416,ZEHXUF__ligand17207-0
417,ZEHXUF__ligand24750-0
418,ZEHXUF__ligand152-0
419,ZEHXUF__ligand3934-0
420,ZEHXUF__ligand6882-0
421,ZEHXUF__ligand6455-0
422,ZEHXUF__ligand26277-0
423,ZEHXUF__ligand29898-0
424,ZEHXUF__ligand746-0
425,ZEHXUF__ligand6946-0
426,ZEHXUF__ligand1415-0
427,ZEHXUF__ligand22755-0
428,ZEHXUF__ligand7529-0
429,ZEHXUF__ligand31618-0
430,ZEHXUF__ligand447-0
431,ZEHXUF__ligand11432-0
432,ZEHXUF__ligand10432-0
433,ZEHXUF__ligand176-0
434,ZEHXUF__ligand9148-0
435,ZEHXUF__ligand24064-0
436,ZEHXUF__ligand5316-0
437,ZEHXUF__ligand5483-0
438,ZEHXUF__ligand23589-0
439,ZEHXUF__ligand5627-0
440,ZEHXUF__ligand1729-0
441,ZEHXUF__ligand487-0
442,ZEHXUF__ligand2830-0
443,ZEHXUF__ligand15168-0
444,ZEHXUF__ligand4813-0
445,ZEHXUF__ligand10555-0
446,ZEHXUF__ligand5813-0
447,ZEHXUF__ligand31483-0
448,ZEHXUF__ligand4738-0
449,ZEHXUF__ligand6062-0
450,ZEHXUF__ligand11-0
451,ZEHXUF__ligand24613-0
452,ZEHXUF__ligand6283-0
453,ZEHXUF__ligand19725-0
454,ZEHXUF__ligand784-0
455,ZEHXUF__ligand368-0
456,ZEHXUF__ligand21421-0
457,ZEHXUF__ligand11774-0
458,ZEHXUF__ligand395-0
459,ZEHXUF__ligand69-0
460,ZEHXUF__ligand7107-0
461,ZEHXUF__ligand14586-0
462,ZEHXUF__ligand11568-0
463,ZEHXUF__ligand20579-0
464,ZEHXUF__ligand17710-0
465,ZEHXUF__ligand3215-0
466,ZEHXUF__ligand2068-0
467,ZEHXUF__ligand7925-0
468,ZEHXUF__ligand17240-0
469,ZEHXUF__ligand17590-0
470,ZEHXUF__ligand1147-0
471,ZEHXUF__ligand115-0
472,ZEHXUF__ligand12682-0
473,ZEHXUF__ligand3973-0
474,ZEHXUF__ligand18699-0
475,ZEHXUF__ligand2599-0
476,ZEHXUF__ligand4330-0
477,ZEHXUF__ligand7532-0
478,ZEHXUF__ligand13072-0
479,ZEHXUF__ligand12336-0
480,ZEHXUF__ligand4194-0
481,ZEHXUF__ligand833-0
482,ZEHXUF__ligand13257-0
483,ZEHXUF__ligand21936-0
484,ZEHXUF__ligand1900-0
485,ZEHXUF__ligand9197-0
486,ZEHXUF__ligand23904-0
487,ZEHXUF__ligand25267-0
488,ZEHXUF__ligand2328-0
489,ZEHXUF__ligand465-0
490,ZEHXUF__ligand10084-0
491,ZEHXUF__ligand1773-0
492,ZEHXUF__ligand4581-0
493,ZEHXUF__ligand3029-0
494,ZEHXUF__ligand49-0
495,ZEHXUF__ligand7162-0
496,ZEHXUF__ligand12467-0
497,ZEHXUF__ligand6672-0
498,ZEHXUF__ligand9809-0
499,ZEHXUF__ligand1327-0
500,ZEHXUF__ligand8722-0
501,ZEHXUF__ligand27169-0
502,ZEHXUF__ligand3350-0
503,ZEHXUF__ligand7573-0
504,ZEHXUF__ligand89-0
505,ZEHXUF__ligand14523-0
506,ZEHXUF__ligand2781-0
507,ZEHXUF__ligand18391-0
508,ZEHXUF__ligand2208-0
509,ZEHXUF__ligand3208-0
510,ZEHXUF__ligand27074-0
511,ZEHXUF__ligand314-1
512,ZEHXUF__ligand25805-0
513,ZEHXUF__ligand22981-0
514,ZEHXUF__ligand20599-0
515,ZEHXUF__ligand1496-0
516,ZEHXUF__ligand780-0
517,ZEHXUF__ligand7557-0
518,ZEHXUF__ligand314-0
519,ZEHXUF__ligand18465-0
520,ZEHXUF__ligand18799-0
521,ZEHXUF__ligand813-0
522,ZEHXUF__ligand1533-0
523,ZEHXUF__ligand16791-0
524,ZEHXUF__ligand28668-0
525,ZEHXUF__ligand29610-0
526,ZEHXUF__ligand618-0
527,ZEHXUF__ligand5094-0
528,ZEHXUF__ligand5892-0
529,ZEHXUF__ligand11140-0
530,ZEHXUF__ligand391-0
531,ZEHXUF__ligand29863-0
532,ZEHXUF__ligand4131-0
533,ZEHXUF__ligand1712-0
534,ZEHXUF__ligand18074-0
535,ZEHXUF__ligand13869-0
536,ZEHXUF__ligand3157-0
537,ZEHXUF__ligand12519-0
538,ZEHXUF__ligand25735-0
539,ZEHXUF__ligand11206-0
540,ZEHXUF__ligand1165-0
541,ZEHXUF__ligand9525-0
542,ZEHXUF__ligand23124-0
543,ZEHXUF__ligand5935-0
544,ZEHXUF__ligand1379-0
545,ZEHXUF__ligand393-0
546,ZEHXUF__ligand2722-0
547,ZEHXUF__ligand3871-0
548,ZEHXUF__ligand31248-0
549,ZEHXUF__ligand17-0
550,ZEHXUF__ligand25650-0
551,ZEHXUF__ligand1469-0
552,ZEHXUF__ligand353-0
553,ZEHXUF__ligand1768-0
554,ZEHXUF__ligand12660-0
555,ZEHXUF__ligand4850-0
556,ZEHXUF__ligand5056-0
557,ZEHXUF__ligand19257-0
558,ZEHXUF__ligand13209-0
559,ZEHXUF__ligand1688-0
560,ZEHXUF__ligand3647-0
561,ZEHXUF__ligand5357-0
562,ZEHXUF__ligand21787-0
563,ZEHXUF__ligand8464-0
564,ZEHXUF__ligand1709-0
565,ZEHXUF__ligand25575-0
566,ZEHXUF__ligand25689-0
567,ZEHXUF__ligand8349-0
568,ZEHXUF__ligand12295-0
569,ZEHXUF__ligand196-0
570,ZEHXUF__ligand2527-0
571,ZEHXUF__ligand27835-0
572,ZEHXUF__ligand23906-0
573,ZEHXUF__ligand5849-0
574,ZEHXUF__ligand686-0
575,ZEHXUF__ligand21132-0
576,ZEHXUF__ligand11166-0
577,ZEHXUF__ligand8-0
578,ZEHXUF__ligand30539-0
579,ZEHXUF__ligand3392-0
580,ZEHXUF__ligand422-0
581,ZEHXUF__ligand1771-0
582,ZEHXUF__ligand4911-0
583,ZEHXUF__ligand27893-0
584,ZEHXUF__ligand14723-0
585,ZEHXUF__ligand1263-0
586,ZEHXUF__ligand9908-0
587,ZEHXUF__ligand188-0
588,ZEHXUF__ligand19641-0
589,ZEHXUF__ligand15422-0
590,ZEHXUF__ligand12934-0
591,ZEHXUF__ligand20578-0
592,ZEHXUF__ligand7242-0
593,ZEHXUF__ligand18832-0
594,ZEHXUF__ligand27175-0
595,ZEHXUF__ligand23713-0
596,ZEHXUF__ligand7106-0
597,ZEHXUF__ligand68-0
598,ZEHXUF__ligand30988-0
599,ZEHXUF__ligand55-0
600,ZEHXUF__ligand17258-0
601,ZEHXUF__ligand3718-0
602,ZEHXUF__ligand6616-0
603,ZEHXUF__ligand1343-0
604,ZEHXUF__ligand3876-0
605,ZEHXUF__ligand3035-0
606,ZEHXUF__ligand14297-0
607,ZEHXUF__ligand14603-0
608,ZEHXUF__ligand479-0
609,ZEHXUF__ligand26665-0
610,ZEHXUF__ligand17631-0
611,ZEHXUF__ligand1844-0
612,ZEHXUF__ligand4661-0
613,ZEHXUF__ligand311-0
614,ZEHXUF__ligand785-0
615,ZEHXUF__ligand13012-0
616,ZEHXUF__ligand3504-0
617,ZEHXUF__ligand564-0
618,ZEHXUF__ligand1959-0
619,ZEHXUF__ligand1573-0
620,ZEHXUF__ligand1536-0
621,ZEHXUF__ligand620-0
622,ZEHXUF__ligand31783-0
623,ZEHXUF__ligand370-1
624,ZEHXUF__ligand9935-0
625,ZEHXUF__ligand17281-0
626,ZEHXUF__ligand370-0
627,ZEHXUF__ligand30296-0
628,ZEHXUF__ligand3852-0
629,ZEHXUF__ligand12337-0
630,ZEHXUF__ligand2485-0
631,ZEHXUF__ligand29410-0
632,ZEHXUF__ligand34-0
633,ZEHXUF__ligand26540-0
634,ZEHXUF__ligand6919-0
635,ZEHXUF__ligand30333-0
636,ZEHXUF__ligand1512-0
637,ZEHXUF__ligand5331-0
638,ZEHXUF__ligand12606-0
639,ZEHXUF__ligand3565-0
640,ZEHXUF__ligand250-0
641,ZEHXUF__ligand4720-0
642,ZEHXUF__ligand8969-0
643,ZEHXUF__ligand3131-0
644,ZEHXUF__ligand3174-0
645,ZEHXUF__ligand3937-0
646,ZEHXUF__ligand1202-0
647,ZEHXUF__ligand27460-0
648,ZEHXUF__ligand6839-0
649,ZEHXUF__ligand20740-0
650,ZEHXUF__ligand28468-0
651,ZEHXUF__ligand5211-0
652,ZEHXUF__ligand12427-0
653,ZEHXUF__ligand16628-0
654,ZEHXUF__ligand3094-0
655,ZEHXUF__ligand4155-0
656,ZEHXUF__ligand9291-0
657,ZEHXUF__ligand116-0
658,ZEHXUF__ligand2176-0
659,ZEHXUF__ligand27763-0
660,ZEHXUF__ligand2232-0
661,ZEHXUF__ligand252-0
662,ZEHXUF__ligand10262-0
663,ZEHXUF__ligand28676-0
664,ZEHXUF__ligand4157-0
665,ZEHXUF__ligand18814-0
666,ZEHXUF__ligand19057-0
667,ZEHXUF__ligand5256-0
668,ZEHXUF__ligand13425-0
669,ZEHXUF__ligand29302-0
670,ZEHXUF__ligand9833-0
671,ZEHXUF__ligand7648-0
672,ZEHXUF__ligand2828-0
673,ZEHXUF__ligand8876-0
674,ZEHXUF__ligand14108-0
675,ZEHXUF__ligand4546-0
676,ZEHXUF__ligand4503-0
677,ZEHXUF__ligand830-0
678,ZEHXUF__ligand372-0
679,ZEHXUF__ligand1285-0
680,ZEHXUF__ligand12641-0
681,ZEHXUF__ligand193-0
682,ZEHXUF__ligand1982-0
683,ZEHXUF__ligand7000-0
684,ZEHXUF__ligand8115-0
685,ZEHXUF__ligand10958-0
686,ZEHXUF__ligand6768-0
687,ZEHXUF__ligand23769-0
688,ZEHXUF__ligand24185-0
689,ZEHXUF__ligand7238-0
690,ZEHXUF__ligand1304-0
691,ZEHXUF__ligand1790-0
692,ZEHXUF__ligand25178-0
693,ZEHXUF__ligand7280-0
694,ZEHXUF__ligand57-0
695,ZEHXUF__ligand909-0
696,ZEHXUF__ligand1219-0
697,ZEHXUF__ligand6709-0
698,ZEHXUF__ligand17302-0
699,ZEHXUF__ligand7867-0
700,ZEHXUF__ligand17805-0
701,ZEHXUF__ligand4016-0
702,ZEHXUF__ligand8699-0
703,ZEHXUF__ligand12130-0
704,ZEHXUF__ligand1160-0
705,ZEHXUF__ligand17387-0
706,ZEHXUF__ligand12289-0
707,ZEHXUF__ligand9520-0
708,ZEHXUF__ligand18292-0
709,ZEHXUF__ligand13658-0
710,ZEHXUF__ligand26702-0
711,ZEHXUF__ligand177-0
712,ZEHXUF__ligand3954-0
713,ZEHXUF__ligand12231-0
714,ZEHXUF__ligand4442-0
715,ZEHXUF__ligand4093-0
716,ZEHXUF__ligand24145-0
717,ZEHXUF__ligand7629-0
718,ZEHXUF__ligand15585-0
719,ZEHXUF__ligand4272-0
720,ZEHXUF__ligand1451-0
721,ZEHXUF__ligand12401-0
722,ZEHXUF__ligand9784-0
723,ZEHXUF__ligand19830-0
724,ZEHXUF__ligand13068-0
725,ZEHXUF__ligand10476-0
726,ZEHXUF__ligand26810-0
727,ZEHXUF__ligand27482-0
728,ZEHXUF__ligand1631-0
729,ZEHXUF__ligand13208-0
730,ZEHXUF__ligand9933-0
731,ZEHXUF__ligand1575-0
732,ZEHXUF__ligand1530-0
733,ZEHXUF__ligand16-0
734,ZEHXUF__ligand2332-0
735,ZEHXUF__ligand783-0
736,ZEHXUF__ligand352-0
737,ZEHXUF__ligand9441-0
738,ZEHXUF__ligand13390-0
739,ZEHXUF__ligand6244-0
740,ZEHXUF__ligand1378-0
741,ZEHXUF__ligand868-0
742,ZEHXUF__ligand2915-0
743,ZEHXUF__ligand3156-0
744,ZEHXUF__ligand20682-0
745,ZEHXUF__ligand14174-0
746,ZEHXUF__ligand7967-0
747,ZEHXUF__ligand6124-0
748,ZEHXUF__ligand10712-0
749,ZEHXUF__ligand3707-0
750,ZEHXUF__ligand11456-0
751,ZEHXUF__ligand4116-0
752,ZEHXUF__ligand1018-0
753,ZEHXUF__ligand25411-0
754,ZEHXUF__ligand8992-0
755,ZEHXUF__ligand9601-0
756,ZEHXUF__ligand9952-0
757,ZEHXUF__ligand9111-0
758,ZEHXUF__ligand1615-0
759,ZEHXUF__ligand2526-0
760,ZEHXUF__ligand5036-0
761,ZEHXUF__ligand197-0
762,ZEHXUF__ligand13294-0
763,ZEHXUF__ligand31832-0
764,ZEHXUF__ligand29879-0
765,ZEHXUF__ligand14248-0
766,ZEHXUF__ligand12030-0
767,ZEHXUF__ligand1823-0
768,ZEHXUF__ligand5643-0
769,ZEHXUF__ligand32-0
770,ZEHXUF__ligand8721-0
771,ZEHXUF__ligand1324-0
772,ZEHXUF__ligand28884-0
773,ZEHXUF__ligand13331-0
774,ZEHXUF__ligand17398-0
775,ZEHXUF__ligand24047-0
776,ZEHXUF__ligand22557-0
777,ZEHXUF__ligand10589-0
778,ZEHXUF__ligand20598-0
779,ZEHXUF__ligand11675-0
780,ZEHXUF__ligand294-0
781,ZEHXUF__ligand17982-0
782,ZEHXUF__ligand29414-0
783,ZEHXUF__ligand20011-0
784,ZEHXUF__ligand17278-0
785,ZEHXUF__ligand4641-0
786,ZEHXUF__ligand421-0
787,ZEHXUF__ligand2028-0
788,ZEHXUF__ligand8835-0
789,ZEHXUF__ligand7126-0
790,ZEHXUF__ligand48-0
791,ZEHXUF__ligand20251-1
792,ZEHXUF__ligand16475-0
793,ZEHXUF__ligand14703-0
794,ZEHXUF__ligand685-0
795,ZEHXUF__ligand1142-0
796,ZEHXUF__ligand3234-0
797,ZEHXUF__ligand14117-0
798,ZEHXUF__ligand6102-0
799,ZEHXUF__ligand3721-0
800,ZEHXUF__ligand6904-0
801,ZEHXUF__ligand17261-0
802,ZEHXUF__ligand6596-0
803,ZEHXUF__ligand3465-0
804,ZEHXUF__ligand91-0
805,ZEHXUF__ligand20251-0
806,ZEHXUF__ligand30702-0
807,ZEHXUF__ligand20214-0
808,ZEHXUF__ligand235-0
809,ZEHXUF__ligand20539-0
810,ZEHXUF__ligand21581-0
811,ZEHXUF__ligand31097-0
812,ZEHXUF__ligand7819-0
813,ZEHXUF__ligand134-0
814,ZEHXUF__ligand2917-0
815,ZEHXUF__ligand1577-0
816,ZEHXUF__ligand6067-0
817,ZEHXUF__ligand2295-0
818,ZEHXUF__ligand29568-0
819,ZEHXUF__ligand560-0
820,ZEHXUF__ligand14889-0
821,ZEHXUF__ligand30851-0
822,ZEHXUF__ligand21371-0
823,ZEHXUF__ligand17118-0
824,ZEHXUF__ligand20419-0
825,ZEHXUF__ligand4620-0
826,ZEHXUF__ligand51-0
827,ZEHXUF__ligand28789-0
