,TMC
0,JOKHAS__ligand7629-0
1,JOKHAS__ligand17590-0
2,JOKHAS__ligand4272-0
3,JOKHAS__ligand1451-0
4,JOKHAS__ligand89-0
5,JOKHAS__ligand9784-0
6,JOKHAS__ligand17240-0
7,JOKHAS__ligand177-0
8,JOKHAS__ligand1160-0
9,JOKHAS__ligand8699-0
10,JOKHAS__ligand9520-0
11,JOKHAS__ligand18699-0
12,JOKHAS__ligand12682-0
13,JOKHAS__ligand3954-0
14,JOKHAS__ligand4093-0
15,JOKHAS__ligand4442-0
16,JOKHAS__ligand6709-0
17,JOKHAS__ligand1219-0
18,JOKHAS__ligand7867-0
19,JOKHAS__ligand4016-0
20,JOKHAS__ligand12336-0
21,JOKHAS__ligand909-0
22,JOKHAS__ligand7238-0
23,JOKHAS__ligand7280-0
24,JOKHAS__ligand1304-0
25,JOKHAS__ligand1790-0
26,JOKHAS__ligand13072-0
27,JOKHAS__ligand49-0
28,JOKHAS__ligand1285-0
29,JOKHAS__ligand830-0
30,JOKHAS__ligand31483-0
31,JOKHAS__ligand7000-0
32,JOKHAS__ligand1982-0
33,JOKHAS__ligand372-0
34,JOKHAS__ligand10555-0
35,JOKHAS__ligand6768-0
36,JOKHAS__ligand8115-0
37,JOKHAS__ligand19725-0
38,JOKHAS__ligand193-0
39,JOKHAS__ligand4546-0
40,JOKHAS__ligand4503-0
41,JOKHAS__ligand24613-0
42,JOKHAS__ligand4157-0
43,JOKHAS__ligand116-0
44,JOKHAS__ligand14586-0
45,JOKHAS__ligand11774-0
46,JOKHAS__ligand252-0
47,JOKHAS__ligand5256-0
48,JOKHAS__ligand21421-0
49,JOKHAS__ligand7648-0
50,JOKHAS__ligand8876-0
51,JOKHAS__ligand2828-0
52,JOKHAS__ligand9833-0
53,JOKHAS__ligand20579-0
54,JOKHAS__ligand17710-0
55,JOKHAS__ligand9291-0
56,JOKHAS__ligand11568-0
57,JOKHAS__ligand2176-0
58,JOKHAS__ligand2232-0
59,JOKHAS__ligand11432-0
60,JOKHAS__ligand31618-0
61,JOKHAS__ligand10432-0
62,JOKHAS__ligand250-0
63,JOKHAS__ligand22755-0
64,JOKHAS__ligand5211-0
65,JOKHAS__ligand17-0
66,JOKHAS__ligand4155-0
67,JOKHAS__ligand3094-0
68,JOKHAS__ligand29898-0
69,JOKHAS__ligand26277-0
70,JOKHAS__ligand4720-0
71,JOKHAS__ligand3131-0
72,JOKHAS__ligand3937-0
73,JOKHAS__ligand1202-0
74,JOKHAS__ligand3174-0
75,JOKHAS__ligand8969-0
76,JOKHAS__ligand6839-0
77,JOKHAS__ligand23589-0
78,JOKHAS__ligand5331-0
79,JOKHAS__ligand370-0
80,JOKHAS__ligand1512-0
81,JOKHAS__ligand24064-0
82,JOKHAS__ligand3565-0
83,JOKHAS__ligand15168-0
84,JOKHAS__ligand2485-0
85,JOKHAS__ligand3852-0
86,JOKHAS__ligand6919-0
87,JOKHAS__ligand3504-0
88,JOKHAS__ligand1959-0
89,JOKHAS__ligand1573-0
90,JOKHAS__ligand311-0
91,JOKHAS__ligand785-0
92,JOKHAS__ligand15438-0
93,JOKHAS__ligand1536-0
94,JOKHAS__ligand479-0
95,JOKHAS__ligand9935-0
96,JOKHAS__ligand28924-0
97,JOKHAS__ligand3718-0
98,JOKHAS__ligand6616-0
99,JOKHAS__ligand564-0
100,JOKHAS__ligand18703-0
101,JOKHAS__ligand3035-0
102,JOKHAS__ligand1343-0
103,JOKHAS__ligand3876-0
104,JOKHAS__ligand370-1
105,JOKHAS__ligand29087-0
106,JOKHAS__ligand4661-0
107,JOKHAS__ligand1844-0
108,JOKHAS__ligand620-0
109,JOKHAS__ligand7242-0
110,JOKHAS__ligand31578-0
111,JOKHAS__ligand17207-0
112,JOKHAS__ligand18013-0
113,JOKHAS__ligand25224-0
114,JOKHAS__ligand7106-0
115,JOKHAS__ligand17945-0
116,JOKHAS__ligand188-0
117,JOKHAS__ligand9908-0
118,JOKHAS__ligand1263-0
119,JOKHAS__ligand24750-0
120,JOKHAS__ligand4620-0
121,JOKHAS__ligand25689-0
122,JOKHAS__ligand21787-0
123,JOKHAS__ligand560-0
124,JOKHAS__ligand25575-0
125,JOKHAS__ligand2295-0
126,JOKHAS__ligand6067-0
127,JOKHAS__ligand27835-0
128,JOKHAS__ligand1577-0
129,JOKHAS__ligand12295-0
130,JOKHAS__ligand11166-0
131,JOKHAS__ligand4-0
132,JOKHAS__ligand21132-0
133,JOKHAS__ligand7819-0
134,JOKHAS__ligand23906-0
135,JOKHAS__ligand2917-0
136,JOKHAS__ligand6102-0
137,JOKHAS__ligand6596-0
138,JOKHAS__ligand235-0
139,JOKHAS__ligand6904-0
140,JOKHAS__ligand3721-0
141,JOKHAS__ligand3465-0
142,JOKHAS__ligand134-0
143,JOKHAS__ligand30539-0
144,JOKHAS__ligand421-0
145,JOKHAS__ligand23124-0
146,JOKHAS__ligand11206-0
147,JOKHAS__ligand3234-0
148,JOKHAS__ligand1142-0
149,JOKHAS__ligand25735-0
150,JOKHAS__ligand12519-0
151,JOKHAS__ligand8835-0
152,JOKHAS__ligand2028-0
153,JOKHAS__ligand685-0
154,JOKHAS__ligand7126-0
155,JOKHAS__ligand25650-0
156,JOKHAS__ligand4641-0
157,JOKHAS__ligand294-0
158,JOKHAS__ligand31248-0
159,JOKHAS__ligand19257-0
160,JOKHAS__ligand13209-0
161,JOKHAS__ligand12660-0
162,JOKHAS__ligand18799-0
163,JOKHAS__ligand5643-0
164,JOKHAS__ligand18465-0
165,JOKHAS__ligand1823-0
166,JOKHAS__ligand8721-0
167,JOKHAS__ligand69-0
168,JOKHAS__ligand197-0
169,JOKHAS__ligand1324-0
170,JOKHAS__ligand28668-0
171,JOKHAS__ligand9111-0
172,JOKHAS__ligand9952-0
173,JOKHAS__ligand5036-0
174,JOKHAS__ligand2526-0
175,JOKHAS__ligand1615-0
176,JOKHAS__ligand16791-0
177,JOKHAS__ligand8992-0
178,JOKHAS__ligand11140-0
179,JOKHAS__ligand29610-0
180,JOKHAS__ligand9601-0
181,JOKHAS__ligand18074-0
182,JOKHAS__ligand6124-0
183,JOKHAS__ligand3707-0
184,JOKHAS__ligand7967-0
185,JOKHAS__ligand13869-0
186,JOKHAS__ligand11-0
187,JOKHAS__ligand29863-0
188,JOKHAS__ligand4116-0
189,JOKHAS__ligand1018-0
190,JOKHAS__ligand3156-0
191,JOKHAS__ligand23904-0
192,JOKHAS__ligand2915-0
193,JOKHAS__ligand21936-0
194,JOKHAS__ligand13257-0
195,JOKHAS__ligand868-0
196,JOKHAS__ligand12467-0
197,JOKHAS__ligand6244-0
198,JOKHAS__ligand1378-0
199,JOKHAS__ligand10084-0
200,JOKHAS__ligand25267-0
201,JOKHAS__ligand18391-0
202,JOKHAS__ligand27169-0
203,JOKHAS__ligand14523-0
204,JOKHAS__ligand2332-0
205,JOKHAS__ligand9441-0
206,JOKHAS__ligand20599-0
207,JOKHAS__ligand22981-0
208,JOKHAS__ligand1631-0
209,JOKHAS__ligand25805-0
210,JOKHAS__ligand9933-0
211,JOKHAS__ligand27074-0
212,JOKHAS__ligand1575-0
213,JOKHAS__ligand783-0
214,JOKHAS__ligand1530-0
215,JOKHAS__ligand352-0
216,JOKHAS__ligand7532-0
217,JOKHAS__ligand25178-0
218,JOKHAS__ligand24185-0
219,JOKHAS__ligand4194-0
220,JOKHAS__ligand23769-0
221,JOKHAS__ligand17805-0
222,JOKHAS__ligand2599-0
223,JOKHAS__ligand4330-0
224,JOKHAS__ligand17302-0
225,JOKHAS__ligand833-0
226,JOKHAS__ligand1147-0
227,JOKHAS__ligand12231-0
228,JOKHAS__ligand18292-0
229,JOKHAS__ligand12289-0
230,JOKHAS__ligand3973-0
231,JOKHAS__ligand26702-0
232,JOKHAS__ligand13658-0
233,JOKHAS__ligand12130-0
234,JOKHAS__ligand17387-0
235,JOKHAS__ligand2068-0
236,JOKHAS__ligand10476-0
237,JOKHAS__ligand7925-0
238,JOKHAS__ligand13068-0
239,JOKHAS__ligand16-0
240,JOKHAS__ligand19830-0
241,JOKHAS__ligand12401-0
242,JOKHAS__ligand15585-0
243,JOKHAS__ligand115-0
244,JOKHAS__ligand24145-0
245,JOKHAS__ligand28676-0
246,JOKHAS__ligand10262-0
247,JOKHAS__ligand368-0
248,JOKHAS__ligand27763-0
249,JOKHAS__ligand1-0
250,JOKHAS__ligand395-0
251,JOKHAS__ligand3215-0
252,JOKHAS__ligand13425-0
253,JOKHAS__ligand29302-0
254,JOKHAS__ligand18814-0
255,JOKHAS__ligand32-0
256,JOKHAS__ligand7107-0
257,JOKHAS__ligand19057-0
258,JOKHAS__ligand6283-0
259,JOKHAS__ligand14108-0
260,JOKHAS__ligand5813-0
261,JOKHAS__ligand4813-0
262,JOKHAS__ligand10958-0
263,JOKHAS__ligand4738-0
264,JOKHAS__ligand784-0
265,JOKHAS__ligand6062-0
266,JOKHAS__ligand12641-0
267,JOKHAS__ligand26540-0
268,JOKHAS__ligand5627-0
269,JOKHAS__ligand1729-0
270,JOKHAS__ligand12337-0
271,JOKHAS__ligand29410-0
272,JOKHAS__ligand2830-0
273,JOKHAS__ligand30296-0
274,JOKHAS__ligand17281-0
275,JOKHAS__ligand48-0
276,JOKHAS__ligand12606-0
277,JOKHAS__ligand5316-0
278,JOKHAS__ligand5483-0
279,JOKHAS__ligand30333-0
280,JOKHAS__ligand487-0
281,JOKHAS__ligand746-0
282,JOKHAS__ligand27460-0
283,JOKHAS__ligand3-0
284,JOKHAS__ligand447-0
285,JOKHAS__ligand9148-0
286,JOKHAS__ligand6946-0
287,JOKHAS__ligand1415-0
288,JOKHAS__ligand16628-0
289,JOKHAS__ligand7529-0
290,JOKHAS__ligand12427-0
291,JOKHAS__ligand20740-0
292,JOKHAS__ligand28468-0
293,JOKHAS__ligand176-0
294,JOKHAS__ligand12934-0
295,JOKHAS__ligand20578-0
296,JOKHAS__ligand15422-0
297,JOKHAS__ligand3934-0
298,JOKHAS__ligand19641-0
299,JOKHAS__ligand14723-0
300,JOKHAS__ligand27893-0
301,JOKHAS__ligand6882-0
302,JOKHAS__ligand6455-0
303,JOKHAS__ligand152-0
304,JOKHAS__ligand2403-0
305,JOKHAS__ligand30988-0
306,JOKHAS__ligand27175-0
307,JOKHAS__ligand18832-0
308,JOKHAS__ligand23713-0
309,JOKHAS__ligand51-0
310,JOKHAS__ligand1449-0
311,JOKHAS__ligand17631-0
312,JOKHAS__ligand13012-0
313,JOKHAS__ligand26665-0
314,JOKHAS__ligand506-0
315,JOKHAS__ligand3012-0
316,JOKHAS__ligand14603-0
317,JOKHAS__ligand14297-0
318,JOKHAS__ligand91-0
319,JOKHAS__ligand7530-0
320,JOKHAS__ligand1065-0
321,JOKHAS__ligand17258-0
322,JOKHAS__ligand31783-0
323,JOKHAS__ligand9681-0
324,JOKHAS__ligand4332-0
325,JOKHAS__ligand686-0
326,JOKHAS__ligand3392-0
327,JOKHAS__ligand55-0
328,JOKHAS__ligand1771-0
329,JOKHAS__ligand4911-0
330,JOKHAS__ligand14117-0
331,JOKHAS__ligand17261-0
332,JOKHAS__ligand5849-0
333,JOKHAS__ligand21581-0
334,JOKHAS__ligand31097-0
335,JOKHAS__ligand20539-0
336,JOKHAS__ligand30702-0
337,JOKHAS__ligand20214-0
338,JOKHAS__ligand422-0
339,JOKHAS__ligand20251-0
340,JOKHAS__ligand14889-0
341,JOKHAS__ligand30851-0
342,JOKHAS__ligand29568-0
343,JOKHAS__ligand2527-0
344,JOKHAS__ligand1709-0
345,JOKHAS__ligand8464-0
346,JOKHAS__ligand8349-0
347,JOKHAS__ligand28789-0
348,JOKHAS__ligand20419-0
349,JOKHAS__ligand68-0
350,JOKHAS__ligand21371-0
351,JOKHAS__ligand17118-0
352,JOKHAS__ligand196-0
353,JOKHAS__ligand20598-0
354,JOKHAS__ligand11675-0
355,JOKHAS__ligand24047-0
356,JOKHAS__ligand5056-0
357,JOKHAS__ligand22557-0
358,JOKHAS__ligand10589-0
359,JOKHAS__ligand4850-0
360,JOKHAS__ligand1688-0
361,JOKHAS__ligand5357-0
362,JOKHAS__ligand17398-0
363,JOKHAS__ligand353-0
364,JOKHAS__ligand3647-0
365,JOKHAS__ligand3871-0
366,JOKHAS__ligand1469-0
367,JOKHAS__ligand20011-0
368,JOKHAS__ligand17278-0
369,JOKHAS__ligand17982-0
370,JOKHAS__ligand1768-0
371,JOKHAS__ligand29414-0
372,JOKHAS__ligand20251-1
373,JOKHAS__ligand5935-0
374,JOKHAS__ligand1379-0
375,JOKHAS__ligand2722-0
376,JOKHAS__ligand34-0
377,JOKHAS__ligand3157-0
378,JOKHAS__ligand393-0
379,JOKHAS__ligand1165-0
380,JOKHAS__ligand16475-0
381,JOKHAS__ligand14703-0
382,JOKHAS__ligand9525-0
383,JOKHAS__ligand11456-0
384,JOKHAS__ligand4131-0
385,JOKHAS__ligand1712-0
386,JOKHAS__ligand14174-0
387,JOKHAS__ligand618-0
388,JOKHAS__ligand10712-0
389,JOKHAS__ligand391-0
390,JOKHAS__ligand25411-0
391,JOKHAS__ligand5094-0
392,JOKHAS__ligand5892-0
393,JOKHAS__ligand31832-0
394,JOKHAS__ligand780-0
395,JOKHAS__ligand1533-0
396,JOKHAS__ligand314-0
397,JOKHAS__ligand13294-0
398,JOKHAS__ligand813-0
399,JOKHAS__ligand28884-0
400,JOKHAS__ligand13331-0
401,JOKHAS__ligand7557-0
402,JOKHAS__ligand1496-0
403,JOKHAS__ligand12030-0
404,JOKHAS__ligand14248-0
405,JOKHAS__ligand29879-0
406,JOKHAS__ligand3208-0
407,JOKHAS__ligand2208-0
408,JOKHAS__ligand13208-0
409,JOKHAS__ligand26810-0
410,JOKHAS__ligand27482-0
411,JOKHAS__ligand9809-0
412,JOKHAS__ligand6672-0
413,JOKHAS__ligand1327-0
414,JOKHAS__ligand8722-0
415,JOKHAS__ligand7573-0
416,JOKHAS__ligand2781-0
417,JOKHAS__ligand3350-0
418,JOKHAS__ligand314-1
419,JOKHAS__ligand2328-0
420,JOKHAS__ligand1773-0
421,JOKHAS__ligand4581-0
422,JOKHAS__ligand13390-0
423,JOKHAS__ligand3029-0
424,JOKHAS__ligand7162-0
425,JOKHAS__ligand57-0
426,JOKHAS__ligand465-0
427,JOKHAS__ligand20682-0
428,JOKHAS__ligand1900-0
429,JOKHAS__ligand9197-0
430,JOKHAS__ligand6995-0
431,JOKHAS__ligand25561-0
432,JOKHAS__ligand2823-0
433,JOKHAS__ligand12138-0
434,JOKHAS__ligand4340-0
435,JOKHAS__ligand2650-0
436,JOKHAS__ligand24780-0
437,JOKHAS__ligand2281-0
438,JOKHAS__ligand22129-0
439,JOKHAS__ligand3180-0
440,JOKHAS__ligand11949-0
441,JOKHAS__ligand768-0
442,JOKHAS__ligand17427-0
443,JOKHAS__ligand384-0
444,JOKHAS__ligand5415-0
445,JOKHAS__ligand66-0
446,JOKHAS__ligand29486-0
447,JOKHAS__ligand31694-0
448,JOKHAS__ligand3471-0
449,JOKHAS__ligand4161-0
450,JOKHAS__ligand4124-0
451,JOKHAS__ligand23175-0
452,JOKHAS__ligand15788-0
453,JOKHAS__ligand17396-0
454,JOKHAS__ligand1113-0
455,JOKHAS__ligand13220-0
456,JOKHAS__ligand11587-0
457,JOKHAS__ligand8553-0
458,JOKHAS__ligand24111-0
459,JOKHAS__ligand22444-0
460,JOKHAS__ligand141-0
461,JOKHAS__ligand13385-0
462,JOKHAS__ligand42-0
463,JOKHAS__ligand5201-0
464,JOKHAS__ligand14569-0
465,JOKHAS__ligand240-0
466,JOKHAS__ligand2001-0
467,JOKHAS__ligand12001-0
468,JOKHAS__ligand24644-0
469,JOKHAS__ligand7566-0
470,JOKHAS__ligand10033-0
471,JOKHAS__ligand24872-0
472,JOKHAS__ligand8593-0
473,JOKHAS__ligand30728-0
474,JOKHAS__ligand9944-0
475,JOKHAS__ligand27840-0
476,JOKHAS__ligand21399-0
477,JOKHAS__ligand10872-0
478,JOKHAS__ligand38-0
479,JOKHAS__ligand12003-0
480,JOKHAS__ligand26631-0
481,JOKHAS__ligand16148-0
482,JOKHAS__ligand8529-0
483,JOKHAS__ligand29215-0
484,JOKHAS__ligand1169-0
485,JOKHAS__ligand28540-0
486,JOKHAS__ligand11111-0
487,JOKHAS__ligand16369-0
488,JOKHAS__ligand1154-0
489,JOKHAS__ligand9615-0
490,JOKHAS__ligand20695-0
491,JOKHAS__ligand27754-0
492,JOKHAS__ligand693-0
493,JOKHAS__ligand4596-0
494,JOKHAS__ligand22403-0
495,JOKHAS__ligand1498-0
496,JOKHAS__ligand11618-0
497,JOKHAS__ligand2692-0
498,JOKHAS__ligand757-0
499,JOKHAS__ligand1618-0
500,JOKHAS__ligand1028-0
501,JOKHAS__ligand26529-0
502,JOKHAS__ligand122-0
503,JOKHAS__ligand4262-0
504,JOKHAS__ligand2027-0
505,JOKHAS__ligand1015-0
506,JOKHAS__ligand1050-0
507,JOKHAS__ligand21729-0
508,JOKHAS__ligand27239-0
509,JOKHAS__ligand14043-0
510,JOKHAS__ligand28559-0
511,JOKHAS__ligand26324-0
512,JOKHAS__ligand19927-0
513,JOKHAS__ligand9491-0
514,JOKHAS__ligand27669-0
515,JOKHAS__ligand4266-0
516,JOKHAS__ligand1400-0
517,JOKHAS__ligand30142-0
518,JOKHAS__ligand14167-0
519,JOKHAS__ligand13477-0
520,JOKHAS__ligand163-0
521,JOKHAS__ligand4167-0
522,JOKHAS__ligand126-0
523,JOKHAS__ligand1288-0
524,JOKHAS__ligand7075-0
525,JOKHAS__ligand1149-0
526,JOKHAS__ligand845-0
527,JOKHAS__ligand3980-0
528,JOKHAS__ligand3557-0
529,JOKHAS__ligand23197-0
530,JOKHAS__ligand6993-0
531,JOKHAS__ligand1817-0
532,JOKHAS__ligand1779-0
533,JOKHAS__ligand27285-0
534,JOKHAS__ligand29029-0
535,JOKHAS__ligand18-0
536,JOKHAS__ligand9750-0
537,JOKHAS__ligand4063-0
538,JOKHAS__ligand7438-0
539,JOKHAS__ligand8200-0
540,JOKHAS__ligand18568-0
541,JOKHAS__ligand28685-0
542,JOKHAS__ligand366-0
543,JOKHAS__ligand13672-0
544,JOKHAS__ligand10371-0
545,JOKHAS__ligand187-0
546,JOKHAS__ligand3042-0
547,JOKHAS__ligand657-0
548,JOKHAS__ligand3453-0
549,JOKHAS__ligand596-0
550,JOKHAS__ligand941-0
551,JOKHAS__ligand3416-0
552,JOKHAS__ligand28459-0
553,JOKHAS__ligand12453-0
554,JOKHAS__ligand18448-0
555,JOKHAS__ligand4207-0
556,JOKHAS__ligand1539-0
557,JOKHAS__ligand19184-0
558,JOKHAS__ligand1150-0
559,JOKHAS__ligand777-0
560,JOKHAS__ligand201-0
561,JOKHAS__ligand1849-0
562,JOKHAS__ligand16988-0
563,JOKHAS__ligand25913-0
564,JOKHAS__ligand1152-0
565,JOKHAS__ligand3261-0
566,JOKHAS__ligand5019-0
567,JOKHAS__ligand1216-0
568,JOKHAS__ligand30711-0
569,JOKHAS__ligand20207-0
570,JOKHAS__ligand11682-0
571,JOKHAS__ligand11994-0
572,JOKHAS__ligand321-0
573,JOKHAS__ligand31044-0
574,JOKHAS__ligand31842-0
575,JOKHAS__ligand24035-0
576,JOKHAS__ligand1831-0
577,JOKHAS__ligand5280-0
578,JOKHAS__ligand5614-0
579,JOKHAS__ligand14614-0
580,JOKHAS__ligand178-0
581,JOKHAS__ligand185-0
582,JOKHAS__ligand6663-0
583,JOKHAS__ligand5515-0
584,JOKHAS__ligand16663-0
585,JOKHAS__ligand279-0
586,JOKHAS__ligand21919-0
587,JOKHAS__ligand1908-0
588,JOKHAS__ligand4795-0
589,JOKHAS__ligand22294-0
590,JOKHAS__ligand3285-0
591,JOKHAS__ligand22168-0
592,JOKHAS__ligand28930-0
593,JOKHAS__ligand11357-0
594,JOKHAS__ligand13862-0
595,JOKHAS__ligand28743-0
596,JOKHAS__ligand15531-0
597,JOKHAS__ligand1786-0
598,JOKHAS__ligand12365-0
599,JOKHAS__ligand10056-0
600,JOKHAS__ligand5630-0
601,JOKHAS__ligand19792-0
602,JOKHAS__ligand7213-0
603,JOKHAS__ligand10828-0
604,JOKHAS__ligand1397-0
605,JOKHAS__ligand1828-0
606,JOKHAS__ligand15926-0
607,JOKHAS__ligand24230-0
608,JOKHAS__ligand6112-0
609,JOKHAS__ligand28810-0
610,JOKHAS__ligand8042-0
611,JOKHAS__ligand11096-0
612,JOKHAS__ligand11447-0
613,JOKHAS__ligand15883-0
614,JOKHAS__ligand338-0
615,JOKHAS__ligand5085-0
616,JOKHAS__ligand3144-0
617,JOKHAS__ligand11970-0
618,JOKHAS__ligand5755-0
619,JOKHAS__ligand4710-0
620,JOKHAS__ligand11798-0
621,JOKHAS__ligand3712-0
622,JOKHAS__ligand1464-0
623,JOKHAS__ligand692-0
624,JOKHAS__ligand2881-0
625,JOKHAS__ligand20731-0
626,JOKHAS__ligand12413-0
627,JOKHAS__ligand1499-0
628,JOKHAS__ligand29334-0
629,JOKHAS__ligand17445-0
630,JOKHAS__ligand6892-0
631,JOKHAS__ligand14477-0
632,JOKHAS__ligand1211-0
633,JOKHAS__ligand17069-0
634,JOKHAS__ligand436-0
635,JOKHAS__ligand3677-0
636,JOKHAS__ligand326-0
637,JOKHAS__ligand3632-0
638,JOKHAS__ligand11501-0
639,JOKHAS__ligand11544-0
640,JOKHAS__ligand1294-0
641,JOKHAS__ligand29214-0
642,JOKHAS__ligand1168-0
643,JOKHAS__ligand6699-0
644,JOKHAS__ligand22357-0
645,JOKHAS__ligand11758-0
646,JOKHAS__ligand21448-0
647,JOKHAS__ligand14007-0
648,JOKHAS__ligand497-0
649,JOKHAS__ligand4007-0
650,JOKHAS__ligand18019-1
651,JOKHAS__ligand2985-0
652,JOKHAS__ligand9299-0
653,JOKHAS__ligand7291-0
654,JOKHAS__ligand27550-0
655,JOKHAS__ligand633-0
656,JOKHAS__ligand3677-1
657,JOKHAS__ligand9883-0
658,JOKHAS__ligand9344-0
659,JOKHAS__ligand20942-1
660,JOKHAS__ligand8000-0
661,JOKHAS__ligand14226-0
662,JOKHAS__ligand21339-0
663,JOKHAS__ligand16956-0
664,JOKHAS__ligand3736-0
665,JOKHAS__ligand27771-0
666,JOKHAS__ligand3945-0
667,JOKHAS__ligand18158-0
668,JOKHAS__ligand23682-0
669,JOKHAS__ligand2693-0
670,JOKHAS__ligand5383-0
671,JOKHAS__ligand29565-0
672,JOKHAS__ligand67-0
673,JOKHAS__ligand6117-0
674,JOKHAS__ligand1407-0
675,JOKHAS__ligand199-0
676,JOKHAS__ligand8002-0
677,JOKHAS__ligand5509-0
678,JOKHAS__ligand21752-0
679,JOKHAS__ligand30788-0
680,JOKHAS__ligand13691-0
681,JOKHAS__ligand14339-0
682,JOKHAS__ligand5080-0
683,JOKHAS__ligand7762-0
684,JOKHAS__ligand300-0
685,JOKHAS__ligand5304-0
686,JOKHAS__ligand9167-0
687,JOKHAS__ligand2238-0
688,JOKHAS__ligand588-0
689,JOKHAS__ligand18413-0
690,JOKHAS__ligand20844-0
691,JOKHAS__ligand24624-0
692,JOKHAS__ligand3867-0
693,JOKHAS__ligand18757-0
694,JOKHAS__ligand1317-0
695,JOKHAS__ligand7293-0
696,JOKHAS__ligand24560-0
697,JOKHAS__ligand2822-0
698,JOKHAS__ligand2259-0
699,JOKHAS__ligand1296-0
700,JOKHAS__ligand8-0
701,JOKHAS__ligand8592-0
702,JOKHAS__ligand5099-0
703,JOKHAS__ligand409-0
704,JOKHAS__ligand30004-0
705,JOKHAS__ligand361-0
706,JOKHAS__ligand1197-0
707,JOKHAS__ligand20557-0
708,JOKHAS__ligand324-0
709,JOKHAS__ligand1376-0
710,JOKHAS__ligand5510-0
711,JOKHAS__ligand9773-0
712,JOKHAS__ligand24953-0
713,JOKHAS__ligand5595-0
714,JOKHAS__ligand23445-0
715,JOKHAS__ligand4101-0
716,JOKHAS__ligand13755-0
717,JOKHAS__ligand16133-0
718,JOKHAS__ligand43-0
719,JOKHAS__ligand27122-0
720,JOKHAS__ligand20432-0
721,JOKHAS__ligand3926-0
722,JOKHAS__ligand3120-0
723,JOKHAS__ligand4358-0
724,JOKHAS__ligand21940-0
725,JOKHAS__ligand2221-0
726,JOKHAS__ligand25048-0
727,JOKHAS__ligand20821-0
728,JOKHAS__ligand26673-0
729,JOKHAS__ligand5180-0
730,JOKHAS__ligand6017-0
731,JOKHAS__ligand31000-0
732,JOKHAS__ligand11606-0
733,JOKHAS__ligand5708-0
734,JOKHAS__ligand7316-0
735,JOKHAS__ligand2260-0
736,JOKHAS__ligand7092-0
737,JOKHAS__ligand1116-0
738,JOKHAS__ligand1153-0
739,JOKHAS__ligand3225-0
740,JOKHAS__ligand10582-0
741,JOKHAS__ligand488-0
742,JOKHAS__ligand13260-0
743,JOKHAS__ligand2124-0
744,JOKHAS__ligand430-0
745,JOKHAS__ligand358-0
746,JOKHAS__ligand8612-0
747,JOKHAS__ligand11252-0
748,JOKHAS__ligand7172-0
749,JOKHAS__ligand19824-0
750,JOKHAS__ligand694-0
751,JOKHAS__ligand18067-0
752,JOKHAS__ligand9323-0
753,JOKHAS__ligand7273-0
754,JOKHAS__ligand15455-0
755,JOKHAS__ligand2906-0
756,JOKHAS__ligand11177-0
757,JOKHAS__ligand3244-0
758,JOKHAS__ligand4711-0
759,JOKHAS__ligand31205-0
760,JOKHAS__ligand17686-0
761,JOKHAS__ligand25658-0
762,JOKHAS__ligand4649-0
763,JOKHAS__ligand5649-0
764,JOKHAS__ligand2788-0
765,JOKHAS__ligand8793-0
766,JOKHAS__ligand16603-0
767,JOKHAS__ligand9753-0
768,JOKHAS__ligand1787-0
769,JOKHAS__ligand1356-0
770,JOKHAS__ligand534-0
771,JOKHAS__ligand571-0
772,JOKHAS__ligand5530-0
773,JOKHAS__ligand5159-0
774,JOKHAS__ligand11814-0
775,JOKHAS__ligand670-0
776,JOKHAS__ligand7196-0
777,JOKHAS__ligand4807-0
778,JOKHAS__ligand11622-0
779,JOKHAS__ligand16870-0
780,JOKHAS__ligand3178-0
781,JOKHAS__ligand29441-0
782,JOKHAS__ligand9450-0
783,JOKHAS__ligand10853-0
784,JOKHAS__ligand27610-0
785,JOKHAS__ligand10479-0
786,JOKHAS__ligand11479-0
787,JOKHAS__ligand19-0
788,JOKHAS__ligand13657-0
789,JOKHAS__ligand14347-0
790,JOKHAS__ligand14302-0
791,JOKHAS__ligand20530-0
792,JOKHAS__ligand11698-0
793,JOKHAS__ligand2612-0
794,JOKHAS__ligand1599-0
795,JOKHAS__ligand24851-0
796,JOKHAS__ligand5387-0
797,JOKHAS__ligand2203-0
798,JOKHAS__ligand20121-0
799,JOKHAS__ligand383-0
800,JOKHAS__ligand15387-0
801,JOKHAS__ligand1289-0
802,JOKHAS__ligand20220-0
803,JOKHAS__ligand416-0
804,JOKHAS__ligand29813-0
805,JOKHAS__ligand16952-0
806,JOKHAS__ligand24-0
807,JOKHAS__ligand226-0
808,JOKHAS__ligand162-0
809,JOKHAS__ligand9284-0
810,JOKHAS__ligand6391-0
811,JOKHAS__ligand3126-0
812,JOKHAS__ligand10151-0
813,JOKHAS__ligand1114-0
814,JOKHAS__ligand2417-0
815,JOKHAS__ligand45-0
816,JOKHAS__ligand696-0
817,JOKHAS__ligand78-0
818,JOKHAS__ligand2043-0
819,JOKHAS__ligand1832-0
820,JOKHAS__ligand22353-0
821,JOKHAS__ligand656-0
822,JOKHAS__ligand8788-0
823,JOKHAS__ligand1604-0
824,JOKHAS__ligand19906-0
825,JOKHAS__ligand19668-0
826,JOKHAS__ligand1228-0
827,JOKHAS__ligand9943-0
