,TMC
0,HOFBEJ__ligand1307-0
1,HOFBEJ__ligand355-0
2,HOFBEJ__ligand784-0
3,HOFBEJ__ligand485-0
4,HOFBEJ__ligand62-0
5,HOFBEJ__ligand115-0
6,HOFBEJ__ligand1246-0
7,HOFBEJ__ligand6166-0
8,HOFBEJ__ligand86-0
9,HOFBEJ__ligand3853-0
10,HOFBEJ__ligand2853-0
11,HOFBEJ__ligand2599-0
12,HOFBEJ__ligand5089-0
13,HOFBEJ__ligand291-0
14,HOFBEJ__ligand1321-0
15,HOFBEJ__ligand1178-0
16,HOFBEJ__ligand3566-0
17,HOFBEJ__ligand682-0
18,HOFBEJ__ligand1788-0
19,HOFBEJ__ligand133-0
20,HOFBEJ__ligand9620-0
21,HOFBEJ__ligand4894-0
22,HOFBEJ__ligand1260-0
23,HOFBEJ__ligand447-0
24,HOFBEJ__ligand3337-0
25,HOFBEJ__ligand18-0
26,HOFBEJ__ligand487-0
27,HOFBEJ__ligand7514-0
28,HOFBEJ__ligand522-0
29,HOFBEJ__ligand4811-0
30,HOFBEJ__ligand1449-1
31,HOFBEJ__ligand666-0
32,HOFBEJ__ligand21-0
33,HOFBEJ__ligand1379-0
34,HOFBEJ__ligand236-0
35,HOFBEJ__ligand1221-0
36,HOFBEJ__ligand1264-0
37,HOFBEJ__ligand1299-0
38,HOFBEJ__ligand6430-0
39,HOFBEJ__ligand2929-0
40,HOFBEJ__ligand353-0
41,HOFBEJ__ligand2376-0
42,HOFBEJ__ligand196-0
43,HOFBEJ__ligand502-0
44,HOFBEJ__ligand6571-0
45,HOFBEJ__ligand38-0
46,HOFBEJ__ligand1325-0
47,HOFBEJ__ligand2482-0
48,HOFBEJ__ligand422-0
49,HOFBEJ__ligand1019-0
50,HOFBEJ__ligand40-0
51,HOFBEJ__ligand2442-0
52,HOFBEJ__ligand5762-0
53,HOFBEJ__ligand7414-0
54,HOFBEJ__ligand113-0
55,HOFBEJ__ligand1104-0
56,HOFBEJ__ligand1858-0
57,HOFBEJ__ligand8032-0
58,HOFBEJ__ligand210-0
59,HOFBEJ__ligand5334-0
60,HOFBEJ__ligand1898-0
61,HOFBEJ__ligand4504-0
62,HOFBEJ__ligand3051-0
63,HOFBEJ__ligand2480-0
64,HOFBEJ__ligand2315-0
65,HOFBEJ__ligand1919-0
66,HOFBEJ__ligand481-0
67,HOFBEJ__ligand314-0
68,HOFBEJ__ligand2389-0
69,HOFBEJ__ligand66-0
70,HOFBEJ__ligand391-0
71,HOFBEJ__ligand1712-0
72,HOFBEJ__ligand170-0
73,HOFBEJ__ligand3579-0
74,HOFBEJ__ligand2916-0
75,HOFBEJ__ligand2110-0
76,HOFBEJ__ligand45-0
77,HOFBEJ__ligand3890-0
78,HOFBEJ__ligand252-0
79,HOFBEJ__ligand4423-0
80,HOFBEJ__ligand11730-0
81,HOFBEJ__ligand955-0
82,HOFBEJ__ligand1907-0
83,HOFBEJ__ligand1285-0
84,HOFBEJ__ligand1555-0
85,HOFBEJ__ligand193-0
86,HOFBEJ__ligand7630-0
87,HOFBEJ__ligand85-0
88,HOFBEJ__ligand78-0
89,HOFBEJ__ligand830-0
90,HOFBEJ__ligand909-0
91,HOFBEJ__ligand851-0
92,HOFBEJ__ligand7550-0
93,HOFBEJ__ligand2762-0
94,HOFBEJ__ligand1038-0
95,HOFBEJ__ligand177-0
96,HOFBEJ__ligand2253-0
97,HOFBEJ__ligand934-0
98,HOFBEJ__ligand1160-0
99,HOFBEJ__ligand2954-0
100,HOFBEJ__ligand5093-0
101,HOFBEJ__ligand4619-0
102,HOFBEJ__ligand369-0
103,HOFBEJ__ligand444-0
104,HOFBEJ__ligand5235-0
105,HOFBEJ__ligand6143-0
106,HOFBEJ__ligand188-0
107,HOFBEJ__ligand3251-0
108,HOFBEJ__ligand9176-0
109,HOFBEJ__ligand3070-0
110,HOFBEJ__ligand3035-0
111,HOFBEJ__ligand311-0
112,HOFBEJ__ligand2718-0
113,HOFBEJ__ligand1493-0
114,HOFBEJ__ligand5758-0
115,HOFBEJ__ligand3478-0
116,HOFBEJ__ligand3852-0
117,HOFBEJ__ligand370-0
118,HOFBEJ__ligand8-0
119,HOFBEJ__ligand460-0
120,HOFBEJ__ligand1818-0
121,HOFBEJ__ligand7456-0
122,HOFBEJ__ligand250-0
123,HOFBEJ__ligand331-0
124,HOFBEJ__ligand294-0
125,HOFBEJ__ligand4370-0
126,HOFBEJ__ligand993-0
127,HOFBEJ__ligand3618-0
128,HOFBEJ__ligand2618-0
129,HOFBEJ__ligand584-0
130,HOFBEJ__ligand916-0
131,HOFBEJ__ligand421-0
132,HOFBEJ__ligand1436-0
133,HOFBEJ__ligand798-0
134,HOFBEJ__ligand134-0
135,HOFBEJ__ligand2255-0
136,HOFBEJ__ligand932-0
137,HOFBEJ__ligand235-0
138,HOFBEJ__ligand67-0
139,HOFBEJ__ligand390-0
140,HOFBEJ__ligand4175-0
141,HOFBEJ__ligand525-0
142,HOFBEJ__ligand560-0
143,HOFBEJ__ligand109-0
144,HOFBEJ__ligand1918-0
145,HOFBEJ__ligand352-0
146,HOFBEJ__ligand783-0
147,HOFBEJ__ligand4012-0
148,HOFBEJ__ligand3196-0
149,HOFBEJ__ligand2915-0
150,HOFBEJ__ligand136-0
151,HOFBEJ__ligand868-0
152,HOFBEJ__ligand442-0
153,HOFBEJ__ligand112-0
154,HOFBEJ__ligand1690-0
155,HOFBEJ__ligand2707-0
156,HOFBEJ__ligand1551-0
157,HOFBEJ__ligand197-0
158,HOFBEJ__ligand2526-0
159,HOFBEJ__ligand296-0
160,HOFBEJ__ligand838-0
161,HOFBEJ__ligand1171-0
162,HOFBEJ__ligand166-0
163,HOFBEJ__ligand5801-0
164,HOFBEJ__ligand633-0
165,HOFBEJ__ligand918-0
166,HOFBEJ__ligand532-0
167,HOFBEJ__ligand1438-0
168,HOFBEJ__ligand3063-0
169,HOFBEJ__ligand497-0
170,HOFBEJ__ligand553-0
171,HOFBEJ__ligand1544-0
172,HOFBEJ__ligand283-0
173,HOFBEJ__ligand821-0
174,HOFBEJ__ligand326-0
175,HOFBEJ__ligand1459-0
176,HOFBEJ__ligand3757-0
177,HOFBEJ__ligand436-0
178,HOFBEJ__ligand11-0
179,HOFBEJ__ligand1048-0
180,HOFBEJ__ligand2087-0
181,HOFBEJ__ligand142-0
182,HOFBEJ__ligand1685-0
183,HOFBEJ__ligand206-0
184,HOFBEJ__ligand6277-0
185,HOFBEJ__ligand1687-0
186,HOFBEJ__ligand1951-0
187,HOFBEJ__ligand140-0
188,HOFBEJ__ligand105-0
189,HOFBEJ__ligand2259-0
190,HOFBEJ__ligand2688-0
191,HOFBEJ__ligand2768-0
192,HOFBEJ__ligand409-0
193,HOFBEJ__ligand324-0
194,HOFBEJ__ligand361-0
195,HOFBEJ__ligand1376-0
196,HOFBEJ__ligand575-0
197,HOFBEJ__ligand3734-0
198,HOFBEJ__ligand1706-0
199,HOFBEJ__ligand4381-0
200,HOFBEJ__ligand927-0
201,HOFBEJ__ligand2629-0
202,HOFBEJ__ligand199-0
203,HOFBEJ__ligand2863-0
204,HOFBEJ__ligand6502-0
205,HOFBEJ__ligand2098-0
206,HOFBEJ__ligand118-0
207,HOFBEJ__ligand10357-0
208,HOFBEJ__ligand670-0
209,HOFBEJ__ligand6332-0
210,HOFBEJ__ligand3178-0
211,HOFBEJ__ligand15630-0
212,HOFBEJ__ligand571-0
213,HOFBEJ__ligand3145-0
214,HOFBEJ__ligand509-0
215,HOFBEJ__ligand1747-0
216,HOFBEJ__ligand6686-0
217,HOFBEJ__ligand5548-0
218,HOFBEJ__ligand4-0
219,HOFBEJ__ligand7915-0
220,HOFBEJ__ligand669-0
221,HOFBEJ__ligand430-0
222,HOFBEJ__ligand2751-0
223,HOFBEJ__ligand358-0
224,HOFBEJ__ligand17-0
225,HOFBEJ__ligand92-0
226,HOFBEJ__ligand365-0
227,HOFBEJ__ligand3041-0
228,HOFBEJ__ligand2634-0
229,HOFBEJ__ligand1542-0
230,HOFBEJ__ligand278-0
231,HOFBEJ__ligand9244-0
232,HOFBEJ__ligand1228-0
233,HOFBEJ__ligand1538-0
234,HOFBEJ__ligand1114-0
235,HOFBEJ__ligand3246-0
236,HOFBEJ__ligand162-0
237,HOFBEJ__ligand226-0
238,HOFBEJ__ligand89-0
239,HOFBEJ__ligand6-0
240,HOFBEJ__ligand383-0
241,HOFBEJ__ligand49-0
242,HOFBEJ__ligand1479-0
243,HOFBEJ__ligand1148-0
244,HOFBEJ__ligand4983-0
245,HOFBEJ__ligand2794-0
246,HOFBEJ__ligand2345-0
247,HOFBEJ__ligand1835-0
248,HOFBEJ__ligand1502-0
249,HOFBEJ__ligand6396-0
250,HOFBEJ__ligand240-0
251,HOFBEJ__ligand1113-0
252,HOFBEJ__ligand141-0
253,HOFBEJ__ligand2265-0
254,HOFBEJ__ligand57-0
255,HOFBEJ__ligand9027-0
256,HOFBEJ__ligand120-0
257,HOFBEJ__ligand1273-0
258,HOFBEJ__ligand1-0
259,HOFBEJ__ligand73-0
260,HOFBEJ__ligand384-0
261,HOFBEJ__ligand1052-0
262,HOFBEJ__ligand797-0
263,HOFBEJ__ligand2864-0
264,HOFBEJ__ligand2142-0
265,HOFBEJ__ligand757-0
266,HOFBEJ__ligand34-0
267,HOFBEJ__ligand6538-0
268,HOFBEJ__ligand6151-0
269,HOFBEJ__ligand2772-0
270,HOFBEJ__ligand3-0
271,HOFBEJ__ligand9495-0
272,HOFBEJ__ligand2838-0
273,HOFBEJ__ligand1799-0
274,HOFBEJ__ligand3838-0
275,HOFBEJ__ligand55-0
276,HOFBEJ__ligand2880-0
277,HOFBEJ__ligand5941-0
278,HOFBEJ__ligand95-0
279,HOFBEJ__ligand1169-0
280,HOFBEJ__ligand5022-0
281,HOFBEJ__ligand51-0
282,HOFBEJ__ligand10114-0
283,HOFBEJ__ligand596-0
284,HOFBEJ__ligand612-0
285,HOFBEJ__ligand187-0
286,HOFBEJ__ligand3637-0
287,HOFBEJ__ligand366-0
288,HOFBEJ__ligand8774-0
289,HOFBEJ__ligand91-0
290,HOFBEJ__ligand29-0
291,HOFBEJ__ligand861-0
292,HOFBEJ__ligand4303-0
293,HOFBEJ__ligand1248-0
294,HOFBEJ__ligand10479-0
295,HOFBEJ__ligand1598-0
296,HOFBEJ__ligand48-0
297,HOFBEJ__ligand1054-0
298,HOFBEJ__ligand6294-0
299,HOFBEJ__ligand126-0
300,HOFBEJ__ligand7464-0
301,HOFBEJ__ligand32-0
302,HOFBEJ__ligand1703-0
303,HOFBEJ__ligand2430-0
304,HOFBEJ__ligand2907-0
305,HOFBEJ__ligand124-0
306,HOFBEJ__ligand14530-0
307,HOFBEJ__ligand119-0
308,HOFBEJ__ligand2510-0
309,HOFBEJ__ligand8921-0
310,HOFBEJ__ligand2285-0
311,HOFBEJ__ligand1567-0
312,HOFBEJ__ligand2862-0
313,HOFBEJ__ligand2320-0
314,HOFBEJ__ligand1056-0
315,HOFBEJ__ligand279-0
316,HOFBEJ__ligand1607-0
317,HOFBEJ__ligand178-0
318,HOFBEJ__ligand321-0
319,HOFBEJ__ligand10910-0
320,HOFBEJ__ligand1727-0
321,HOFBEJ__ligand1152-0
322,HOFBEJ__ligand100-0
323,HOFBEJ__ligand201-0
324,HOFBEJ__ligand244-0
