,TMC
0,OLABAG__ligand2255-0
1,OLABAG__ligand4175-0
2,OLABAG__ligand509-0
3,OLABAG__ligand571-0
4,OLABAG__ligand118-0
5,OLABAG__ligand670-0
6,OLABAG__ligand1918-0
7,OLABAG__ligand73-0
8,OLABAG__ligand4-0
9,OLABAG__ligand278-0
10,OLABAG__ligand4370-0
11,OLABAG__ligand365-0
12,OLABAG__ligand57-0
13,OLABAG__ligand15630-0
14,OLABAG__ligand2618-0
15,OLABAG__ligand10357-0
16,OLABAG__ligand430-0
17,OLABAG__ligand3618-0
18,OLABAG__ligand358-0
19,OLABAG__ligand1436-0
20,OLABAG__ligand669-0
21,OLABAG__ligand1690-0
22,OLABAG__ligand95-0
23,OLABAG__ligand2707-0
24,OLABAG__ligand55-0
25,OLABAG__ligand2526-0
26,OLABAG__ligand1551-0
27,OLABAG__ligand6-0
28,OLABAG__ligand4012-0
29,OLABAG__ligand3196-0
30,OLABAG__ligand34-0
31,OLABAG__ligand383-0
32,OLABAG__ligand2915-0
33,OLABAG__ligand226-0
34,OLABAG__ligand162-0
35,OLABAG__ligand497-0
36,OLABAG__ligand532-0
37,OLABAG__ligand633-0
38,OLABAG__ligand7550-0
39,OLABAG__ligand918-0
40,OLABAG__ligand1038-0
41,OLABAG__ligand166-0
42,OLABAG__ligand2762-0
43,OLABAG__ligand2954-0
44,OLABAG__ligand5093-0
45,OLABAG__ligand1160-0
46,OLABAG__ligand838-0
47,OLABAG__ligand48-0
48,OLABAG__ligand2253-0
49,OLABAG__ligand206-0
50,OLABAG__ligand142-0
51,OLABAG__ligand3890-0
52,OLABAG__ligand1907-0
53,OLABAG__ligand29-0
54,OLABAG__ligand4423-0
55,OLABAG__ligand91-0
56,OLABAG__ligand436-0
57,OLABAG__ligand326-0
58,OLABAG__ligand1555-0
59,OLABAG__ligand821-0
60,OLABAG__ligand51-0
61,OLABAG__ligand1285-0
62,OLABAG__ligand283-0
63,OLABAG__ligand7630-0
64,OLABAG__ligand553-0
65,OLABAG__ligand5758-0
66,OLABAG__ligand409-0
67,OLABAG__ligand361-0
68,OLABAG__ligand324-0
69,OLABAG__ligand3852-0
70,OLABAG__ligand3478-0
71,OLABAG__ligand105-0
72,OLABAG__ligand1818-0
73,OLABAG__ligand140-0
74,OLABAG__ligand7456-0
75,OLABAG__ligand199-0
76,OLABAG__ligand6143-0
77,OLABAG__ligand5235-0
78,OLABAG__ligand4619-0
79,OLABAG__ligand927-0
80,OLABAG__ligand3251-0
81,OLABAG__ligand9176-0
82,OLABAG__ligand32-0
83,OLABAG__ligand1493-0
84,OLABAG__ligand3070-0
85,OLABAG__ligand3035-0
86,OLABAG__ligand575-0
87,OLABAG__ligand2718-0
88,OLABAG__ligand861-0
89,OLABAG__ligand11-0
90,OLABAG__ligand366-0
91,OLABAG__ligand2482-0
92,OLABAG__ligand1325-0
93,OLABAG__ligand187-0
94,OLABAG__ligand6571-0
95,OLABAG__ligand612-0
96,OLABAG__ligand1019-0
97,OLABAG__ligand596-0
98,OLABAG__ligand2442-0
99,OLABAG__ligand10479-0
100,OLABAG__ligand1104-0
101,OLABAG__ligand7414-0
102,OLABAG__ligand5762-0
103,OLABAG__ligand1379-0
104,OLABAG__ligand126-0
105,OLABAG__ligand1299-0
106,OLABAG__ligand6430-0
107,OLABAG__ligand1221-0
108,OLABAG__ligand1264-0
109,OLABAG__ligand2929-0
110,OLABAG__ligand10114-0
111,OLABAG__ligand2376-0
112,OLABAG__ligand1919-0
113,OLABAG__ligand2389-0
114,OLABAG__ligand119-0
115,OLABAG__ligand10910-0
116,OLABAG__ligand124-0
117,OLABAG__ligand1712-0
118,OLABAG__ligand2916-0
119,OLABAG__ligand2110-0
120,OLABAG__ligand3579-0
121,OLABAG__ligand8032-0
122,OLABAG__ligand244-0
123,OLABAG__ligand201-0
124,OLABAG__ligand1858-0
125,OLABAG__ligand100-0
126,OLABAG__ligand14530-0
127,OLABAG__ligand5334-0
128,OLABAG__ligand321-0
129,OLABAG__ligand2315-0
130,OLABAG__ligand178-0
131,OLABAG__ligand1898-0
132,OLABAG__ligand2480-0
133,OLABAG__ligand4504-0
134,OLABAG__ligand3051-0
135,OLABAG__ligand279-0
136,OLABAG__ligand92-0
137,OLABAG__ligand1246-0
138,OLABAG__ligand141-0
139,OLABAG__ligand6166-0
140,OLABAG__ligand240-0
141,OLABAG__ligand2853-0
142,OLABAG__ligand3853-0
143,OLABAG__ligand17-0
144,OLABAG__ligand5089-0
145,OLABAG__ligand2599-0
146,OLABAG__ligand1307-0
147,OLABAG__ligand1-0
148,OLABAG__ligand384-0
149,OLABAG__ligand120-0
150,OLABAG__ligand9620-0
151,OLABAG__ligand1260-0
152,OLABAG__ligand4894-0
153,OLABAG__ligand757-0
154,OLABAG__ligand49-0
155,OLABAG__ligand7514-0
156,OLABAG__ligand3337-0
157,OLABAG__ligand4811-0
158,OLABAG__ligand1449-1
159,OLABAG__ligand89-0
160,OLABAG__ligand3-0
161,OLABAG__ligand797-0
162,OLABAG__ligand1321-0
163,OLABAG__ligand1178-0
164,OLABAG__ligand3566-0
165,OLABAG__ligand1788-0
166,OLABAG__ligand1598-0
167,OLABAG__ligand4303-0
168,OLABAG__ligand353-0
169,OLABAG__ligand1248-0
170,OLABAG__ligand6294-0
171,OLABAG__ligand1054-0
172,OLABAG__ligand236-0
173,OLABAG__ligand7464-0
174,OLABAG__ligand113-0
175,OLABAG__ligand78-0
176,OLABAG__ligand422-0
177,OLABAG__ligand85-0
178,OLABAG__ligand3637-0
179,OLABAG__ligand45-0
180,OLABAG__ligand8774-0
181,OLABAG__ligand502-0
182,OLABAG__ligand196-0
183,OLABAG__ligand1607-0
184,OLABAG__ligand1727-0
185,OLABAG__ligand210-0
186,OLABAG__ligand1152-0
187,OLABAG__ligand170-0
188,OLABAG__ligand2430-0
189,OLABAG__ligand1703-0
190,OLABAG__ligand391-0
191,OLABAG__ligand2907-0
192,OLABAG__ligand8921-0
193,OLABAG__ligand314-0
194,OLABAG__ligand1567-0
195,OLABAG__ligand2285-0
196,OLABAG__ligand481-0
197,OLABAG__ligand2510-0
198,OLABAG__ligand1056-0
199,OLABAG__ligand2320-0
200,OLABAG__ligand2862-0
201,OLABAG__ligand1273-0
202,OLABAG__ligand1052-0
203,OLABAG__ligand67-0
204,OLABAG__ligand485-0
205,OLABAG__ligand784-0
206,OLABAG__ligand355-0
207,OLABAG__ligand291-0
208,OLABAG__ligand1835-0
209,OLABAG__ligand2345-0
210,OLABAG__ligand2794-0
211,OLABAG__ligand4983-0
212,OLABAG__ligand1502-0
213,OLABAG__ligand2265-0
214,OLABAG__ligand1113-0
215,OLABAG__ligand6396-0
216,OLABAG__ligand9027-0
217,OLABAG__ligand115-0
218,OLABAG__ligand5941-0
219,OLABAG__ligand2880-0
220,OLABAG__ligand1799-0
221,OLABAG__ligand682-0
222,OLABAG__ligand3838-0
223,OLABAG__ligand2838-0
224,OLABAG__ligand1169-0
225,OLABAG__ligand5022-0
226,OLABAG__ligand666-0
227,OLABAG__ligand522-0
228,OLABAG__ligand2864-0
229,OLABAG__ligand487-0
230,OLABAG__ligand447-0
231,OLABAG__ligand2142-0
232,OLABAG__ligand2772-0
233,OLABAG__ligand6151-0
234,OLABAG__ligand9495-0
235,OLABAG__ligand133-0
236,OLABAG__ligand6538-0
237,OLABAG__ligand421-0
238,OLABAG__ligand86-0
239,OLABAG__ligand798-0
240,OLABAG__ligand916-0
241,OLABAG__ligand584-0
242,OLABAG__ligand2751-0
243,OLABAG__ligand993-0
244,OLABAG__ligand3041-0
245,OLABAG__ligand294-0
246,OLABAG__ligand1542-0
247,OLABAG__ligand2634-0
248,OLABAG__ligand331-0
249,OLABAG__ligand109-0
250,OLABAG__ligand6502-0
251,OLABAG__ligand2098-0
252,OLABAG__ligand2863-0
253,OLABAG__ligand560-0
254,OLABAG__ligand525-0
255,OLABAG__ligand3178-0
256,OLABAG__ligand62-0
257,OLABAG__ligand6332-0
258,OLABAG__ligand390-0
259,OLABAG__ligand3145-0
260,OLABAG__ligand235-0
261,OLABAG__ligand5548-0
262,OLABAG__ligand7915-0
263,OLABAG__ligand932-0
264,OLABAG__ligand134-0
265,OLABAG__ligand6686-0
266,OLABAG__ligand1747-0
267,OLABAG__ligand442-0
268,OLABAG__ligand18-0
269,OLABAG__ligand3246-0
270,OLABAG__ligand868-0
271,OLABAG__ligand136-0
272,OLABAG__ligand1479-0
273,OLABAG__ligand1148-0
274,OLABAG__ligand783-0
275,OLABAG__ligand352-0
276,OLABAG__ligand296-0
277,OLABAG__ligand197-0
278,OLABAG__ligand1228-0
279,OLABAG__ligand9244-0
280,OLABAG__ligand1114-0
281,OLABAG__ligand1538-0
282,OLABAG__ligand112-0
283,OLABAG__ligand40-0
284,OLABAG__ligand830-0
285,OLABAG__ligand1544-0
286,OLABAG__ligand193-0
287,OLABAG__ligand1459-0
288,OLABAG__ligand955-0
289,OLABAG__ligand1048-0
290,OLABAG__ligand2087-0
291,OLABAG__ligand252-0
292,OLABAG__ligand3757-0
293,OLABAG__ligand1685-0
294,OLABAG__ligand38-0
295,OLABAG__ligand177-0
296,OLABAG__ligand934-0
297,OLABAG__ligand1171-0
298,OLABAG__ligand5801-0
299,OLABAG__ligand21-0
300,OLABAG__ligand11730-0
301,OLABAG__ligand851-0
302,OLABAG__ligand909-0
303,OLABAG__ligand1438-0
304,OLABAG__ligand3063-0
305,OLABAG__ligand66-0
306,OLABAG__ligand311-0
307,OLABAG__ligand1706-0
308,OLABAG__ligand3734-0
309,OLABAG__ligand188-0
310,OLABAG__ligand369-0
311,OLABAG__ligand444-0
312,OLABAG__ligand2629-0
313,OLABAG__ligand4381-0
314,OLABAG__ligand250-0
315,OLABAG__ligand6277-0
316,OLABAG__ligand1951-0
317,OLABAG__ligand460-0
318,OLABAG__ligand8-0
319,OLABAG__ligand1687-0
320,OLABAG__ligand370-0
321,OLABAG__ligand2688-0
322,OLABAG__ligand2259-0
323,OLABAG__ligand2768-0
324,OLABAG__ligand1376-0
