,TMC
0,AFUSOJ__ligand2751-0
1,AFUSOJ__ligand140-0
2,AFUSOJ__ligand105-0
3,AFUSOJ__ligand4-0
4,AFUSOJ__ligand73-0
5,AFUSOJ__ligand1542-0
6,AFUSOJ__ligand2634-0
7,AFUSOJ__ligand3041-0
8,AFUSOJ__ligand324-0
9,AFUSOJ__ligand361-0
10,AFUSOJ__ligand409-0
11,AFUSOJ__ligand57-0
12,AFUSOJ__ligand3178-0
13,AFUSOJ__ligand6332-0
14,AFUSOJ__ligand575-0
15,AFUSOJ__ligand2098-0
16,AFUSOJ__ligand6502-0
17,AFUSOJ__ligand2863-0
18,AFUSOJ__ligand7915-0
19,AFUSOJ__ligand5548-0
20,AFUSOJ__ligand6686-0
21,AFUSOJ__ligand1747-0
22,AFUSOJ__ligand199-0
23,AFUSOJ__ligand927-0
24,AFUSOJ__ligand3145-0
25,AFUSOJ__ligand838-0
26,AFUSOJ__ligand166-0
27,AFUSOJ__ligand3246-0
28,AFUSOJ__ligand95-0
29,AFUSOJ__ligand1148-0
30,AFUSOJ__ligand532-0
31,AFUSOJ__ligand55-0
32,AFUSOJ__ligand918-0
33,AFUSOJ__ligand633-0
34,AFUSOJ__ligand497-0
35,AFUSOJ__ligand1479-0
36,AFUSOJ__ligand283-0
37,AFUSOJ__ligand34-0
38,AFUSOJ__ligand1228-0
39,AFUSOJ__ligand6-0
40,AFUSOJ__ligand553-0
41,AFUSOJ__ligand9244-0
42,AFUSOJ__ligand326-0
43,AFUSOJ__ligand821-0
44,AFUSOJ__ligand436-0
45,AFUSOJ__ligand206-0
46,AFUSOJ__ligand1114-0
47,AFUSOJ__ligand1538-0
48,AFUSOJ__ligand142-0
49,AFUSOJ__ligand1459-0
50,AFUSOJ__ligand1544-0
51,AFUSOJ__ligand48-0
52,AFUSOJ__ligand1685-0
53,AFUSOJ__ligand2087-0
54,AFUSOJ__ligand1048-0
55,AFUSOJ__ligand3757-0
56,AFUSOJ__ligand226-0
57,AFUSOJ__ligand1171-0
58,AFUSOJ__ligand91-0
59,AFUSOJ__ligand162-0
60,AFUSOJ__ligand29-0
61,AFUSOJ__ligand383-0
62,AFUSOJ__ligand3063-0
63,AFUSOJ__ligand1438-0
64,AFUSOJ__ligand51-0
65,AFUSOJ__ligand5801-0
66,AFUSOJ__ligand10357-0
67,AFUSOJ__ligand15630-0
68,AFUSOJ__ligand571-0
69,AFUSOJ__ligand670-0
70,AFUSOJ__ligand118-0
71,AFUSOJ__ligand2629-0
72,AFUSOJ__ligand509-0
73,AFUSOJ__ligand4381-0
74,AFUSOJ__ligand1706-0
75,AFUSOJ__ligand3734-0
76,AFUSOJ__ligand1951-0
77,AFUSOJ__ligand1687-0
78,AFUSOJ__ligand669-0
79,AFUSOJ__ligand358-0
80,AFUSOJ__ligand430-0
81,AFUSOJ__ligand6277-0
82,AFUSOJ__ligand365-0
83,AFUSOJ__ligand1376-0
84,AFUSOJ__ligand2768-0
85,AFUSOJ__ligand32-0
86,AFUSOJ__ligand2688-0
87,AFUSOJ__ligand278-0
88,AFUSOJ__ligand2259-0
89,AFUSOJ__ligand6294-0
90,AFUSOJ__ligand1054-0
91,AFUSOJ__ligand797-0
92,AFUSOJ__ligand1598-0
93,AFUSOJ__ligand11-0
94,AFUSOJ__ligand1248-0
95,AFUSOJ__ligand4303-0
96,AFUSOJ__ligand7464-0
97,AFUSOJ__ligand757-0
98,AFUSOJ__ligand8774-0
99,AFUSOJ__ligand3637-0
100,AFUSOJ__ligand1607-0
101,AFUSOJ__ligand141-0
102,AFUSOJ__ligand240-0
103,AFUSOJ__ligand1152-0
104,AFUSOJ__ligand1727-0
105,AFUSOJ__ligand120-0
106,AFUSOJ__ligand2907-0
107,AFUSOJ__ligand384-0
108,AFUSOJ__ligand2430-0
109,AFUSOJ__ligand1703-0
110,AFUSOJ__ligand1056-0
111,AFUSOJ__ligand2320-0
112,AFUSOJ__ligand2862-0
113,AFUSOJ__ligand1567-0
114,AFUSOJ__ligand2285-0
115,AFUSOJ__ligand8921-0
116,AFUSOJ__ligand2510-0
117,AFUSOJ__ligand124-0
118,AFUSOJ__ligand1273-0
119,AFUSOJ__ligand92-0
120,AFUSOJ__ligand17-0
121,AFUSOJ__ligand119-0
122,AFUSOJ__ligand14530-0
123,AFUSOJ__ligand1052-0
124,AFUSOJ__ligand178-0
125,AFUSOJ__ligand1502-0
126,AFUSOJ__ligand279-0
127,AFUSOJ__ligand1-0
128,AFUSOJ__ligand1835-0
129,AFUSOJ__ligand2345-0
130,AFUSOJ__ligand2794-0
131,AFUSOJ__ligand321-0
132,AFUSOJ__ligand4983-0
133,AFUSOJ__ligand9027-0
134,AFUSOJ__ligand201-0
135,AFUSOJ__ligand10910-0
136,AFUSOJ__ligand2265-0
137,AFUSOJ__ligand244-0
138,AFUSOJ__ligand1113-0
139,AFUSOJ__ligand100-0
140,AFUSOJ__ligand6396-0
141,AFUSOJ__ligand5941-0
142,AFUSOJ__ligand2880-0
143,AFUSOJ__ligand1799-0
144,AFUSOJ__ligand3838-0
145,AFUSOJ__ligand2838-0
146,AFUSOJ__ligand49-0
147,AFUSOJ__ligand596-0
148,AFUSOJ__ligand10114-0
149,AFUSOJ__ligand3-0
150,AFUSOJ__ligand5022-0
151,AFUSOJ__ligand187-0
152,AFUSOJ__ligand89-0
153,AFUSOJ__ligand1169-0
154,AFUSOJ__ligand612-0
155,AFUSOJ__ligand861-0
156,AFUSOJ__ligand366-0
157,AFUSOJ__ligand2864-0
158,AFUSOJ__ligand10479-0
159,AFUSOJ__ligand9495-0
160,AFUSOJ__ligand2772-0
161,AFUSOJ__ligand6151-0
162,AFUSOJ__ligand6538-0
163,AFUSOJ__ligand126-0
164,AFUSOJ__ligand2142-0
165,AFUSOJ__ligand2482-0
166,AFUSOJ__ligand1325-0
167,AFUSOJ__ligand6571-0
168,AFUSOJ__ligand1104-0
169,AFUSOJ__ligand7414-0
170,AFUSOJ__ligand682-0
171,AFUSOJ__ligand5762-0
172,AFUSOJ__ligand2442-0
173,AFUSOJ__ligand1019-0
174,AFUSOJ__ligand6430-0
175,AFUSOJ__ligand85-0
176,AFUSOJ__ligand1299-0
177,AFUSOJ__ligand1221-0
178,AFUSOJ__ligand1264-0
179,AFUSOJ__ligand78-0
180,AFUSOJ__ligand133-0
181,AFUSOJ__ligand1379-0
182,AFUSOJ__ligand447-0
183,AFUSOJ__ligand2376-0
184,AFUSOJ__ligand487-0
185,AFUSOJ__ligand45-0
186,AFUSOJ__ligand2929-0
187,AFUSOJ__ligand666-0
188,AFUSOJ__ligand522-0
189,AFUSOJ__ligand2389-0
190,AFUSOJ__ligand485-0
191,AFUSOJ__ligand784-0
192,AFUSOJ__ligand355-0
193,AFUSOJ__ligand1919-0
194,AFUSOJ__ligand2916-0
195,AFUSOJ__ligand2110-0
196,AFUSOJ__ligand3579-0
197,AFUSOJ__ligand1712-0
198,AFUSOJ__ligand115-0
199,AFUSOJ__ligand8032-0
200,AFUSOJ__ligand1858-0
201,AFUSOJ__ligand2315-0
202,AFUSOJ__ligand2480-0
203,AFUSOJ__ligand4504-0
204,AFUSOJ__ligand3051-0
205,AFUSOJ__ligand1898-0
206,AFUSOJ__ligand291-0
207,AFUSOJ__ligand5334-0
208,AFUSOJ__ligand6166-0
209,AFUSOJ__ligand1246-0
210,AFUSOJ__ligand210-0
211,AFUSOJ__ligand67-0
212,AFUSOJ__ligand5089-0
213,AFUSOJ__ligand2599-0
214,AFUSOJ__ligand2853-0
215,AFUSOJ__ligand3853-0
216,AFUSOJ__ligand314-0
217,AFUSOJ__ligand481-0
218,AFUSOJ__ligand1307-0
219,AFUSOJ__ligand391-0
220,AFUSOJ__ligand170-0
221,AFUSOJ__ligand1260-0
222,AFUSOJ__ligand4894-0
223,AFUSOJ__ligand9620-0
224,AFUSOJ__ligand236-0
225,AFUSOJ__ligand4811-0
226,AFUSOJ__ligand1449-1
227,AFUSOJ__ligand7514-0
228,AFUSOJ__ligand353-0
229,AFUSOJ__ligand3337-0
230,AFUSOJ__ligand196-0
231,AFUSOJ__ligand502-0
232,AFUSOJ__ligand3566-0
233,AFUSOJ__ligand1178-0
234,AFUSOJ__ligand1321-0
235,AFUSOJ__ligand1788-0
236,AFUSOJ__ligand422-0
237,AFUSOJ__ligand113-0
238,AFUSOJ__ligand4175-0
239,AFUSOJ__ligand444-0
240,AFUSOJ__ligand369-0
241,AFUSOJ__ligand86-0
242,AFUSOJ__ligand188-0
243,AFUSOJ__ligand2255-0
244,AFUSOJ__ligand1918-0
245,AFUSOJ__ligand311-0
246,AFUSOJ__ligand62-0
247,AFUSOJ__ligand4370-0
248,AFUSOJ__ligand370-0
249,AFUSOJ__ligand1436-0
250,AFUSOJ__ligand460-0
251,AFUSOJ__ligand250-0
252,AFUSOJ__ligand2618-0
253,AFUSOJ__ligand3618-0
254,AFUSOJ__ligand11730-0
255,AFUSOJ__ligand2707-0
256,AFUSOJ__ligand1690-0
257,AFUSOJ__ligand955-0
258,AFUSOJ__ligand18-0
259,AFUSOJ__ligand252-0
260,AFUSOJ__ligand2526-0
261,AFUSOJ__ligand193-0
262,AFUSOJ__ligand1551-0
263,AFUSOJ__ligand830-0
264,AFUSOJ__ligand909-0
265,AFUSOJ__ligand4012-0
266,AFUSOJ__ligand3196-0
267,AFUSOJ__ligand851-0
268,AFUSOJ__ligand934-0
269,AFUSOJ__ligand177-0
270,AFUSOJ__ligand2915-0
271,AFUSOJ__ligand783-0
272,AFUSOJ__ligand352-0
273,AFUSOJ__ligand7550-0
274,AFUSOJ__ligand40-0
275,AFUSOJ__ligand136-0
276,AFUSOJ__ligand38-0
277,AFUSOJ__ligand2954-0
278,AFUSOJ__ligand5093-0
279,AFUSOJ__ligand1160-0
280,AFUSOJ__ligand2253-0
281,AFUSOJ__ligand1038-0
282,AFUSOJ__ligand442-0
283,AFUSOJ__ligand868-0
284,AFUSOJ__ligand2762-0
285,AFUSOJ__ligand1907-0
286,AFUSOJ__ligand4423-0
287,AFUSOJ__ligand112-0
288,AFUSOJ__ligand3890-0
289,AFUSOJ__ligand7630-0
290,AFUSOJ__ligand296-0
291,AFUSOJ__ligand1555-0
292,AFUSOJ__ligand21-0
293,AFUSOJ__ligand197-0
294,AFUSOJ__ligand1285-0
295,AFUSOJ__ligand3852-0
296,AFUSOJ__ligand331-0
297,AFUSOJ__ligand3478-0
298,AFUSOJ__ligand5758-0
299,AFUSOJ__ligand993-0
300,AFUSOJ__ligand66-0
301,AFUSOJ__ligand294-0
302,AFUSOJ__ligand916-0
303,AFUSOJ__ligand584-0
304,AFUSOJ__ligand7456-0
305,AFUSOJ__ligand798-0
306,AFUSOJ__ligand1818-0
307,AFUSOJ__ligand421-0
308,AFUSOJ__ligand8-0
309,AFUSOJ__ligand3251-0
310,AFUSOJ__ligand235-0
311,AFUSOJ__ligand134-0
312,AFUSOJ__ligand932-0
313,AFUSOJ__ligand6143-0
314,AFUSOJ__ligand390-0
315,AFUSOJ__ligand5235-0
316,AFUSOJ__ligand4619-0
317,AFUSOJ__ligand1493-0
318,AFUSOJ__ligand2718-0
319,AFUSOJ__ligand3070-0
320,AFUSOJ__ligand3035-0
321,AFUSOJ__ligand9176-0
322,AFUSOJ__ligand109-0
323,AFUSOJ__ligand525-0
324,AFUSOJ__ligand560-0
