,TMC
0,UNONIV__ligand2376-0
1,UNONIV__ligand497-0
2,UNONIV__ligand633-0
3,UNONIV__ligand2929-0
4,UNONIV__ligand918-0
5,UNONIV__ligand532-0
6,UNONIV__ligand6430-0
7,UNONIV__ligand1299-0
8,UNONIV__ligand1221-0
9,UNONIV__ligand1264-0
10,UNONIV__ligand3-0
11,UNONIV__ligand166-0
12,UNONIV__ligand1379-0
13,UNONIV__ligand838-0
14,UNONIV__ligand66-0
15,UNONIV__ligand142-0
16,UNONIV__ligand206-0
17,UNONIV__ligand1104-0
18,UNONIV__ligand5762-0
19,UNONIV__ligand7414-0
20,UNONIV__ligand2442-0
21,UNONIV__ligand436-0
22,UNONIV__ligand1019-0
23,UNONIV__ligand821-0
24,UNONIV__ligand2482-0
25,UNONIV__ligand1325-0
26,UNONIV__ligand326-0
27,UNONIV__ligand6571-0
28,UNONIV__ligand553-0
29,UNONIV__ligand283-0
30,UNONIV__ligand2315-0
31,UNONIV__ligand409-0
32,UNONIV__ligand361-0
33,UNONIV__ligand324-0
34,UNONIV__ligand2480-0
35,UNONIV__ligand4504-0
36,UNONIV__ligand3051-0
37,UNONIV__ligand1898-0
38,UNONIV__ligand38-0
39,UNONIV__ligand5334-0
40,UNONIV__ligand105-0
41,UNONIV__ligand140-0
42,UNONIV__ligand8032-0
43,UNONIV__ligand40-0
44,UNONIV__ligand1858-0
45,UNONIV__ligand1-0
46,UNONIV__ligand927-0
47,UNONIV__ligand2916-0
48,UNONIV__ligand2110-0
49,UNONIV__ligand3579-0
50,UNONIV__ligand199-0
51,UNONIV__ligand1712-0
52,UNONIV__ligand21-0
53,UNONIV__ligand2389-0
54,UNONIV__ligand1919-0
55,UNONIV__ligand575-0
56,UNONIV__ligand509-0
57,UNONIV__ligand118-0
58,UNONIV__ligand670-0
59,UNONIV__ligand571-0
60,UNONIV__ligand18-0
61,UNONIV__ligand1307-0
62,UNONIV__ligand278-0
63,UNONIV__ligand2599-0
64,UNONIV__ligand5089-0
65,UNONIV__ligand2853-0
66,UNONIV__ligand3853-0
67,UNONIV__ligand365-0
68,UNONIV__ligand430-0
69,UNONIV__ligand358-0
70,UNONIV__ligand6166-0
71,UNONIV__ligand1246-0
72,UNONIV__ligand669-0
73,UNONIV__ligand1788-0
74,UNONIV__ligand11730-0
75,UNONIV__ligand3566-0
76,UNONIV__ligand1178-0
77,UNONIV__ligand86-0
78,UNONIV__ligand1321-0
79,UNONIV__ligand4811-0
80,UNONIV__ligand1449-1
81,UNONIV__ligand7514-0
82,UNONIV__ligand3337-0
83,UNONIV__ligand383-0
84,UNONIV__ligand62-0
85,UNONIV__ligand4894-0
86,UNONIV__ligand1260-0
87,UNONIV__ligand162-0
88,UNONIV__ligand9620-0
89,UNONIV__ligand226-0
90,UNONIV__ligand1436-0
91,UNONIV__ligand240-0
92,UNONIV__ligand141-0
93,UNONIV__ligand2618-0
94,UNONIV__ligand3618-0
95,UNONIV__ligand4370-0
96,UNONIV__ligand1918-0
97,UNONIV__ligand4175-0
98,UNONIV__ligand384-0
99,UNONIV__ligand120-0
100,UNONIV__ligand2255-0
101,UNONIV__ligand757-0
102,UNONIV__ligand67-0
103,UNONIV__ligand2915-0
104,UNONIV__ligand4012-0
105,UNONIV__ligand3196-0
106,UNONIV__ligand797-0
107,UNONIV__ligand2526-0
108,UNONIV__ligand1551-0
109,UNONIV__ligand2707-0
110,UNONIV__ligand1690-0
111,UNONIV__ligand366-0
112,UNONIV__ligand861-0
113,UNONIV__ligand7630-0
114,UNONIV__ligand1555-0
115,UNONIV__ligand612-0
116,UNONIV__ligand1285-0
117,UNONIV__ligand187-0
118,UNONIV__ligand1907-0
119,UNONIV__ligand596-0
120,UNONIV__ligand4423-0
121,UNONIV__ligand3890-0
122,UNONIV__ligand2954-0
123,UNONIV__ligand5093-0
124,UNONIV__ligand6-0
125,UNONIV__ligand126-0
126,UNONIV__ligand1160-0
127,UNONIV__ligand2253-0
128,UNONIV__ligand1038-0
129,UNONIV__ligand2762-0
130,UNONIV__ligand7550-0
131,UNONIV__ligand1493-0
132,UNONIV__ligand2718-0
133,UNONIV__ligand3070-0
134,UNONIV__ligand3035-0
135,UNONIV__ligand119-0
136,UNONIV__ligand9176-0
137,UNONIV__ligand3251-0
138,UNONIV__ligand4-0
139,UNONIV__ligand124-0
140,UNONIV__ligand6143-0
141,UNONIV__ligand5235-0
142,UNONIV__ligand4619-0
143,UNONIV__ligand100-0
144,UNONIV__ligand7456-0
145,UNONIV__ligand244-0
146,UNONIV__ligand201-0
147,UNONIV__ligand1818-0
148,UNONIV__ligand45-0
149,UNONIV__ligand3852-0
150,UNONIV__ligand78-0
151,UNONIV__ligand85-0
152,UNONIV__ligand3478-0
153,UNONIV__ligand321-0
154,UNONIV__ligand5758-0
155,UNONIV__ligand279-0
156,UNONIV__ligand178-0
157,UNONIV__ligand7915-0
158,UNONIV__ligand5548-0
159,UNONIV__ligand1747-0
160,UNONIV__ligand6686-0
161,UNONIV__ligand89-0
162,UNONIV__ligand3145-0
163,UNONIV__ligand14530-0
164,UNONIV__ligand3178-0
165,UNONIV__ligand6332-0
166,UNONIV__ligand355-0
167,UNONIV__ligand784-0
168,UNONIV__ligand2098-0
169,UNONIV__ligand6502-0
170,UNONIV__ligand49-0
171,UNONIV__ligand485-0
172,UNONIV__ligand2863-0
173,UNONIV__ligand291-0
174,UNONIV__ligand1542-0
175,UNONIV__ligand8-0
176,UNONIV__ligand2634-0
177,UNONIV__ligand3041-0
178,UNONIV__ligand10910-0
179,UNONIV__ligand2751-0
180,UNONIV__ligand115-0
181,UNONIV__ligand17-0
182,UNONIV__ligand10114-0
183,UNONIV__ligand682-0
184,UNONIV__ligand1114-0
185,UNONIV__ligand1538-0
186,UNONIV__ligand1228-0
187,UNONIV__ligand9244-0
188,UNONIV__ligand92-0
189,UNONIV__ligand522-0
190,UNONIV__ligand1148-0
191,UNONIV__ligand666-0
192,UNONIV__ligand10479-0
193,UNONIV__ligand487-0
194,UNONIV__ligand1479-0
195,UNONIV__ligand447-0
196,UNONIV__ligand133-0
197,UNONIV__ligand3246-0
198,UNONIV__ligand353-0
199,UNONIV__ligand3063-0
200,UNONIV__ligand1438-0
201,UNONIV__ligand5801-0
202,UNONIV__ligand1171-0
203,UNONIV__ligand236-0
204,UNONIV__ligand113-0
205,UNONIV__ligand1685-0
206,UNONIV__ligand2087-0
207,UNONIV__ligand1048-0
208,UNONIV__ligand422-0
209,UNONIV__ligand3757-0
210,UNONIV__ligand1459-0
211,UNONIV__ligand502-0
212,UNONIV__ligand196-0
213,UNONIV__ligand1544-0
214,UNONIV__ligand1376-0
215,UNONIV__ligand2768-0
216,UNONIV__ligand2259-0
217,UNONIV__ligand2688-0
218,UNONIV__ligand1951-0
219,UNONIV__ligand210-0
220,UNONIV__ligand1687-0
221,UNONIV__ligand11-0
222,UNONIV__ligand6277-0
223,UNONIV__ligand2629-0
224,UNONIV__ligand170-0
225,UNONIV__ligand4381-0
226,UNONIV__ligand1706-0
227,UNONIV__ligand3734-0
228,UNONIV__ligand391-0
229,UNONIV__ligand481-0
230,UNONIV__ligand314-0
231,UNONIV__ligand8774-0
232,UNONIV__ligand830-0
233,UNONIV__ligand3637-0
234,UNONIV__ligand193-0
235,UNONIV__ligand252-0
236,UNONIV__ligand955-0
237,UNONIV__ligand177-0
238,UNONIV__ligand934-0
239,UNONIV__ligand7464-0
240,UNONIV__ligand32-0
241,UNONIV__ligand6294-0
242,UNONIV__ligand851-0
243,UNONIV__ligand1054-0
244,UNONIV__ligand1598-0
245,UNONIV__ligand1248-0
246,UNONIV__ligand4303-0
247,UNONIV__ligand909-0
248,UNONIV__ligand311-0
249,UNONIV__ligand1056-0
250,UNONIV__ligand2320-0
251,UNONIV__ligand48-0
252,UNONIV__ligand2862-0
253,UNONIV__ligand1567-0
254,UNONIV__ligand10357-0
255,UNONIV__ligand2285-0
256,UNONIV__ligand8921-0
257,UNONIV__ligand15630-0
258,UNONIV__ligand2510-0
259,UNONIV__ligand188-0
260,UNONIV__ligand2907-0
261,UNONIV__ligand369-0
262,UNONIV__ligand2430-0
263,UNONIV__ligand1703-0
264,UNONIV__ligand444-0
265,UNONIV__ligand1152-0
266,UNONIV__ligand250-0
267,UNONIV__ligand460-0
268,UNONIV__ligand1727-0
269,UNONIV__ligand51-0
270,UNONIV__ligand29-0
271,UNONIV__ligand91-0
272,UNONIV__ligand370-0
273,UNONIV__ligand1607-0
274,UNONIV__ligand9027-0
275,UNONIV__ligand55-0
276,UNONIV__ligand421-0
277,UNONIV__ligand798-0
278,UNONIV__ligand2265-0
279,UNONIV__ligand1113-0
280,UNONIV__ligand6396-0
281,UNONIV__ligand584-0
282,UNONIV__ligand916-0
283,UNONIV__ligand294-0
284,UNONIV__ligand1502-0
285,UNONIV__ligand993-0
286,UNONIV__ligand1835-0
287,UNONIV__ligand2794-0
288,UNONIV__ligand95-0
289,UNONIV__ligand2345-0
290,UNONIV__ligand331-0
291,UNONIV__ligand4983-0
292,UNONIV__ligand560-0
293,UNONIV__ligand525-0
294,UNONIV__ligand109-0
295,UNONIV__ligand1052-0
296,UNONIV__ligand34-0
297,UNONIV__ligand390-0
298,UNONIV__ligand932-0
299,UNONIV__ligand134-0
300,UNONIV__ligand1273-0
301,UNONIV__ligand235-0
302,UNONIV__ligand9495-0
303,UNONIV__ligand2772-0
304,UNONIV__ligand73-0
305,UNONIV__ligand868-0
306,UNONIV__ligand6151-0
307,UNONIV__ligand6538-0
308,UNONIV__ligand442-0
309,UNONIV__ligand2142-0
310,UNONIV__ligand136-0
311,UNONIV__ligand352-0
312,UNONIV__ligand783-0
313,UNONIV__ligand2864-0
314,UNONIV__ligand5022-0
315,UNONIV__ligand197-0
316,UNONIV__ligand1169-0
317,UNONIV__ligand296-0
318,UNONIV__ligand2880-0
319,UNONIV__ligand5941-0
320,UNONIV__ligand57-0
321,UNONIV__ligand1799-0
322,UNONIV__ligand3838-0
323,UNONIV__ligand2838-0
324,UNONIV__ligand112-0
