,TMC
0,TOQBEH__ligand1436-0
1,TOQBEH__ligand352-0
2,TOQBEH__ligand783-0
3,TOQBEH__ligand3618-0
4,TOQBEH__ligand2618-0
5,TOQBEH__ligand136-0
6,TOQBEH__ligand4370-0
7,TOQBEH__ligand442-0
8,TOQBEH__ligand868-0
9,TOQBEH__ligand1918-0
10,TOQBEH__ligand112-0
11,TOQBEH__ligand4175-0
12,TOQBEH__ligand2255-0
13,TOQBEH__ligand296-0
14,TOQBEH__ligand197-0
15,TOQBEH__ligand331-0
16,TOQBEH__ligand2915-0
17,TOQBEH__ligand993-0
18,TOQBEH__ligand294-0
19,TOQBEH__ligand584-0
20,TOQBEH__ligand4012-0
21,TOQBEH__ligand916-0
22,TOQBEH__ligand3196-0
23,TOQBEH__ligand798-0
24,TOQBEH__ligand421-0
25,TOQBEH__ligand45-0
26,TOQBEH__ligand1551-0
27,TOQBEH__ligand235-0
28,TOQBEH__ligand932-0
29,TOQBEH__ligand134-0
30,TOQBEH__ligand2526-0
31,TOQBEH__ligand390-0
32,TOQBEH__ligand2707-0
33,TOQBEH__ligand109-0
34,TOQBEH__ligand85-0
35,TOQBEH__ligand560-0
36,TOQBEH__ligand1690-0
37,TOQBEH__ligand78-0
38,TOQBEH__ligand525-0
39,TOQBEH__ligand444-0
40,TOQBEH__ligand7630-0
41,TOQBEH__ligand369-0
42,TOQBEH__ligand1285-0
43,TOQBEH__ligand188-0
44,TOQBEH__ligand1555-0
45,TOQBEH__ligand4423-0
46,TOQBEH__ligand1907-0
47,TOQBEH__ligand3890-0
48,TOQBEH__ligand311-0
49,TOQBEH__ligand2253-0
50,TOQBEH__ligand1160-0
51,TOQBEH__ligand3-0
52,TOQBEH__ligand2954-0
53,TOQBEH__ligand5093-0
54,TOQBEH__ligand2762-0
55,TOQBEH__ligand370-0
56,TOQBEH__ligand1038-0
57,TOQBEH__ligand7550-0
58,TOQBEH__ligand460-0
59,TOQBEH__ligand250-0
60,TOQBEH__ligand3070-0
61,TOQBEH__ligand3035-0
62,TOQBEH__ligand2718-0
63,TOQBEH__ligand1493-0
64,TOQBEH__ligand955-0
65,TOQBEH__ligand11730-0
66,TOQBEH__ligand67-0
67,TOQBEH__ligand9176-0
68,TOQBEH__ligand252-0
69,TOQBEH__ligand193-0
70,TOQBEH__ligand1-0
71,TOQBEH__ligand3251-0
72,TOQBEH__ligand4619-0
73,TOQBEH__ligand830-0
74,TOQBEH__ligand5235-0
75,TOQBEH__ligand6143-0
76,TOQBEH__ligand909-0
77,TOQBEH__ligand7456-0
78,TOQBEH__ligand851-0
79,TOQBEH__ligand1818-0
80,TOQBEH__ligand3478-0
81,TOQBEH__ligand3852-0
82,TOQBEH__ligand177-0
83,TOQBEH__ligand934-0
84,TOQBEH__ligand5758-0
85,TOQBEH__ligand2376-0
86,TOQBEH__ligand210-0
87,TOQBEH__ligand2929-0
88,TOQBEH__ligand6-0
89,TOQBEH__ligand18-0
90,TOQBEH__ligand1221-0
91,TOQBEH__ligand1264-0
92,TOQBEH__ligand1299-0
93,TOQBEH__ligand6430-0
94,TOQBEH__ligand1379-0
95,TOQBEH__ligand7414-0
96,TOQBEH__ligand5762-0
97,TOQBEH__ligand1104-0
98,TOQBEH__ligand314-0
99,TOQBEH__ligand1019-0
100,TOQBEH__ligand2442-0
101,TOQBEH__ligand481-0
102,TOQBEH__ligand391-0
103,TOQBEH__ligand6571-0
104,TOQBEH__ligand1325-0
105,TOQBEH__ligand2482-0
106,TOQBEH__ligand170-0
107,TOQBEH__ligand1898-0
108,TOQBEH__ligand4504-0
109,TOQBEH__ligand3051-0
110,TOQBEH__ligand2480-0
111,TOQBEH__ligand2315-0
112,TOQBEH__ligand236-0
113,TOQBEH__ligand5334-0
114,TOQBEH__ligand86-0
115,TOQBEH__ligand1858-0
116,TOQBEH__ligand353-0
117,TOQBEH__ligand8032-0
118,TOQBEH__ligand3579-0
119,TOQBEH__ligand2916-0
120,TOQBEH__ligand2110-0
121,TOQBEH__ligand502-0
122,TOQBEH__ligand196-0
123,TOQBEH__ligand4-0
124,TOQBEH__ligand1712-0
125,TOQBEH__ligand422-0
126,TOQBEH__ligand2389-0
127,TOQBEH__ligand62-0
128,TOQBEH__ligand1919-0
129,TOQBEH__ligand113-0
130,TOQBEH__ligand66-0
131,TOQBEH__ligand682-0
132,TOQBEH__ligand1307-0
133,TOQBEH__ligand5089-0
134,TOQBEH__ligand2599-0
135,TOQBEH__ligand133-0
136,TOQBEH__ligand447-0
137,TOQBEH__ligand3853-0
138,TOQBEH__ligand2853-0
139,TOQBEH__ligand6166-0
140,TOQBEH__ligand487-0
141,TOQBEH__ligand666-0
142,TOQBEH__ligand522-0
143,TOQBEH__ligand1246-0
144,TOQBEH__ligand485-0
145,TOQBEH__ligand1788-0
146,TOQBEH__ligand355-0
147,TOQBEH__ligand784-0
148,TOQBEH__ligand38-0
149,TOQBEH__ligand1178-0
150,TOQBEH__ligand3566-0
151,TOQBEH__ligand40-0
152,TOQBEH__ligand1321-0
153,TOQBEH__ligand21-0
154,TOQBEH__ligand4811-0
155,TOQBEH__ligand115-0
156,TOQBEH__ligand1449-1
157,TOQBEH__ligand3337-0
158,TOQBEH__ligand7514-0
159,TOQBEH__ligand291-0
160,TOQBEH__ligand9620-0
161,TOQBEH__ligand4894-0
162,TOQBEH__ligand1260-0
163,TOQBEH__ligand8774-0
164,TOQBEH__ligand124-0
165,TOQBEH__ligand55-0
166,TOQBEH__ligand3637-0
167,TOQBEH__ligand119-0
168,TOQBEH__ligand14530-0
169,TOQBEH__ligand95-0
170,TOQBEH__ligand178-0
171,TOQBEH__ligand7464-0
172,TOQBEH__ligand279-0
173,TOQBEH__ligand321-0
174,TOQBEH__ligand1054-0
175,TOQBEH__ligand10910-0
176,TOQBEH__ligand6294-0
177,TOQBEH__ligand244-0
178,TOQBEH__ligand4303-0
179,TOQBEH__ligand201-0
180,TOQBEH__ligand34-0
181,TOQBEH__ligand1248-0
182,TOQBEH__ligand100-0
183,TOQBEH__ligand1598-0
184,TOQBEH__ligand2862-0
185,TOQBEH__ligand10114-0
186,TOQBEH__ligand2320-0
187,TOQBEH__ligand1056-0
188,TOQBEH__ligand2510-0
189,TOQBEH__ligand596-0
190,TOQBEH__ligand73-0
191,TOQBEH__ligand8921-0
192,TOQBEH__ligand2285-0
193,TOQBEH__ligand1567-0
194,TOQBEH__ligand187-0
195,TOQBEH__ligand2907-0
196,TOQBEH__ligand612-0
197,TOQBEH__ligand1703-0
198,TOQBEH__ligand861-0
199,TOQBEH__ligand2430-0
200,TOQBEH__ligand366-0
201,TOQBEH__ligand1152-0
202,TOQBEH__ligand10479-0
203,TOQBEH__ligand1727-0
204,TOQBEH__ligand57-0
205,TOQBEH__ligand1607-0
206,TOQBEH__ligand126-0
207,TOQBEH__ligand797-0
208,TOQBEH__ligand9027-0
209,TOQBEH__ligand6396-0
210,TOQBEH__ligand1113-0
211,TOQBEH__ligand2265-0
212,TOQBEH__ligand8-0
213,TOQBEH__ligand1502-0
214,TOQBEH__ligand4983-0
215,TOQBEH__ligand2794-0
216,TOQBEH__ligand2345-0
217,TOQBEH__ligand1835-0
218,TOQBEH__ligand757-0
219,TOQBEH__ligand32-0
220,TOQBEH__ligand1052-0
221,TOQBEH__ligand1273-0
222,TOQBEH__ligand6538-0
223,TOQBEH__ligand6151-0
224,TOQBEH__ligand2772-0
225,TOQBEH__ligand9495-0
226,TOQBEH__ligand48-0
227,TOQBEH__ligand2142-0
228,TOQBEH__ligand141-0
229,TOQBEH__ligand240-0
230,TOQBEH__ligand2864-0
231,TOQBEH__ligand51-0
232,TOQBEH__ligand1169-0
233,TOQBEH__ligand5022-0
234,TOQBEH__ligand120-0
235,TOQBEH__ligand384-0
236,TOQBEH__ligand2838-0
237,TOQBEH__ligand1799-0
238,TOQBEH__ligand3838-0
239,TOQBEH__ligand2880-0
240,TOQBEH__ligand5941-0
241,TOQBEH__ligand91-0
242,TOQBEH__ligand29-0
243,TOQBEH__ligand1747-0
244,TOQBEH__ligand6686-0
245,TOQBEH__ligand5548-0
246,TOQBEH__ligand7915-0
247,TOQBEH__ligand3145-0
248,TOQBEH__ligand6332-0
249,TOQBEH__ligand3178-0
250,TOQBEH__ligand2863-0
251,TOQBEH__ligand6502-0
252,TOQBEH__ligand2098-0
253,TOQBEH__ligand2634-0
254,TOQBEH__ligand226-0
255,TOQBEH__ligand1542-0
256,TOQBEH__ligand162-0
257,TOQBEH__ligand383-0
258,TOQBEH__ligand3041-0
259,TOQBEH__ligand2751-0
260,TOQBEH__ligand571-0
261,TOQBEH__ligand15630-0
262,TOQBEH__ligand1538-0
263,TOQBEH__ligand1114-0
264,TOQBEH__ligand670-0
265,TOQBEH__ligand10357-0
266,TOQBEH__ligand118-0
267,TOQBEH__ligand9244-0
268,TOQBEH__ligand1228-0
269,TOQBEH__ligand509-0
270,TOQBEH__ligand11-0
271,TOQBEH__ligand669-0
272,TOQBEH__ligand1148-0
273,TOQBEH__ligand1479-0
274,TOQBEH__ligand358-0
275,TOQBEH__ligand430-0
276,TOQBEH__ligand365-0
277,TOQBEH__ligand3246-0
278,TOQBEH__ligand278-0
279,TOQBEH__ligand1438-0
280,TOQBEH__ligand3063-0
281,TOQBEH__ligand5801-0
282,TOQBEH__ligand105-0
283,TOQBEH__ligand89-0
284,TOQBEH__ligand140-0
285,TOQBEH__ligand49-0
286,TOQBEH__ligand1171-0
287,TOQBEH__ligand361-0
288,TOQBEH__ligand324-0
289,TOQBEH__ligand409-0
290,TOQBEH__ligand1685-0
291,TOQBEH__ligand575-0
292,TOQBEH__ligand3757-0
293,TOQBEH__ligand1048-0
294,TOQBEH__ligand2087-0
295,TOQBEH__ligand1459-0
296,TOQBEH__ligand199-0
297,TOQBEH__ligand1544-0
298,TOQBEH__ligand927-0
299,TOQBEH__ligand2768-0
300,TOQBEH__ligand1376-0
301,TOQBEH__ligand838-0
302,TOQBEH__ligand166-0
303,TOQBEH__ligand2259-0
304,TOQBEH__ligand2688-0
305,TOQBEH__ligand17-0
306,TOQBEH__ligand532-0
307,TOQBEH__ligand1687-0
308,TOQBEH__ligand918-0
309,TOQBEH__ligand92-0
310,TOQBEH__ligand1951-0
311,TOQBEH__ligand633-0
312,TOQBEH__ligand6277-0
313,TOQBEH__ligand497-0
314,TOQBEH__ligand4381-0
315,TOQBEH__ligand283-0
316,TOQBEH__ligand553-0
317,TOQBEH__ligand2629-0
318,TOQBEH__ligand3734-0
319,TOQBEH__ligand326-0
320,TOQBEH__ligand821-0
321,TOQBEH__ligand1706-0
322,TOQBEH__ligand436-0
323,TOQBEH__ligand206-0
324,TOQBEH__ligand142-0
