,TMC
0,BUPPUX__ligand353-0
1,BUPPUX__ligand7630-0
2,BUPPUX__ligand1285-0
3,BUPPUX__ligand1555-0
4,BUPPUX__ligand236-0
5,BUPPUX__ligand4423-0
6,BUPPUX__ligand1907-0
7,BUPPUX__ligand3890-0
8,BUPPUX__ligand113-0
9,BUPPUX__ligand2253-0
10,BUPPUX__ligand1160-0
11,BUPPUX__ligand2954-0
12,BUPPUX__ligand5093-0
13,BUPPUX__ligand2762-0
14,BUPPUX__ligand422-0
15,BUPPUX__ligand1038-0
16,BUPPUX__ligand7550-0
17,BUPPUX__ligand502-0
18,BUPPUX__ligand196-0
19,BUPPUX__ligand2718-0
20,BUPPUX__ligand85-0
21,BUPPUX__ligand3070-0
22,BUPPUX__ligand3035-0
23,BUPPUX__ligand78-0
24,BUPPUX__ligand1493-0
25,BUPPUX__ligand9176-0
26,BUPPUX__ligand210-0
27,BUPPUX__ligand3251-0
28,BUPPUX__ligand4619-0
29,BUPPUX__ligand45-0
30,BUPPUX__ligand5235-0
31,BUPPUX__ligand6143-0
32,BUPPUX__ligand7456-0
33,BUPPUX__ligand170-0
34,BUPPUX__ligand1818-0
35,BUPPUX__ligand391-0
36,BUPPUX__ligand481-0
37,BUPPUX__ligand3478-0
38,BUPPUX__ligand3852-0
39,BUPPUX__ligand314-0
40,BUPPUX__ligand5758-0
41,BUPPUX__ligand1436-0
42,BUPPUX__ligand3618-0
43,BUPPUX__ligand2618-0
44,BUPPUX__ligand4370-0
45,BUPPUX__ligand355-0
46,BUPPUX__ligand784-0
47,BUPPUX__ligand485-0
48,BUPPUX__ligand291-0
49,BUPPUX__ligand1918-0
50,BUPPUX__ligand4175-0
51,BUPPUX__ligand115-0
52,BUPPUX__ligand2255-0
53,BUPPUX__ligand2915-0
54,BUPPUX__ligand682-0
55,BUPPUX__ligand11730-0
56,BUPPUX__ligand4012-0
57,BUPPUX__ligand3196-0
58,BUPPUX__ligand1551-0
59,BUPPUX__ligand522-0
60,BUPPUX__ligand2526-0
61,BUPPUX__ligand666-0
62,BUPPUX__ligand487-0
63,BUPPUX__ligand447-0
64,BUPPUX__ligand2707-0
65,BUPPUX__ligand67-0
66,BUPPUX__ligand133-0
67,BUPPUX__ligand1690-0
68,BUPPUX__ligand421-0
69,BUPPUX__ligand798-0
70,BUPPUX__ligand584-0
71,BUPPUX__ligand916-0
72,BUPPUX__ligand294-0
73,BUPPUX__ligand993-0
74,BUPPUX__ligand1307-0
75,BUPPUX__ligand331-0
76,BUPPUX__ligand2599-0
77,BUPPUX__ligand5089-0
78,BUPPUX__ligand560-0
79,BUPPUX__ligand525-0
80,BUPPUX__ligand109-0
81,BUPPUX__ligand8-0
82,BUPPUX__ligand18-0
83,BUPPUX__ligand3853-0
84,BUPPUX__ligand2853-0
85,BUPPUX__ligand6166-0
86,BUPPUX__ligand390-0
87,BUPPUX__ligand932-0
88,BUPPUX__ligand134-0
89,BUPPUX__ligand235-0
90,BUPPUX__ligand1246-0
91,BUPPUX__ligand62-0
92,BUPPUX__ligand868-0
93,BUPPUX__ligand442-0
94,BUPPUX__ligand1788-0
95,BUPPUX__ligand136-0
96,BUPPUX__ligand3566-0
97,BUPPUX__ligand1178-0
98,BUPPUX__ligand1321-0
99,BUPPUX__ligand352-0
100,BUPPUX__ligand783-0
101,BUPPUX__ligand197-0
102,BUPPUX__ligand4811-0
103,BUPPUX__ligand1449-1
104,BUPPUX__ligand296-0
105,BUPPUX__ligand3337-0
106,BUPPUX__ligand7514-0
107,BUPPUX__ligand86-0
108,BUPPUX__ligand112-0
109,BUPPUX__ligand1260-0
110,BUPPUX__ligand4894-0
111,BUPPUX__ligand9620-0
112,BUPPUX__ligand2376-0
113,BUPPUX__ligand830-0
114,BUPPUX__ligand2929-0
115,BUPPUX__ligand193-0
116,BUPPUX__ligand252-0
117,BUPPUX__ligand1221-0
118,BUPPUX__ligand1264-0
119,BUPPUX__ligand955-0
120,BUPPUX__ligand6430-0
121,BUPPUX__ligand1299-0
122,BUPPUX__ligand1379-0
123,BUPPUX__ligand5762-0
124,BUPPUX__ligand7414-0
125,BUPPUX__ligand177-0
126,BUPPUX__ligand934-0
127,BUPPUX__ligand1104-0
128,BUPPUX__ligand2442-0
129,BUPPUX__ligand1019-0
130,BUPPUX__ligand66-0
131,BUPPUX__ligand6571-0
132,BUPPUX__ligand851-0
133,BUPPUX__ligand1325-0
134,BUPPUX__ligand2482-0
135,BUPPUX__ligand909-0
136,BUPPUX__ligand4504-0
137,BUPPUX__ligand3051-0
138,BUPPUX__ligand311-0
139,BUPPUX__ligand2480-0
140,BUPPUX__ligand1898-0
141,BUPPUX__ligand2315-0
142,BUPPUX__ligand5334-0
143,BUPPUX__ligand188-0
144,BUPPUX__ligand1858-0
145,BUPPUX__ligand21-0
146,BUPPUX__ligand8032-0
147,BUPPUX__ligand369-0
148,BUPPUX__ligand444-0
149,BUPPUX__ligand3579-0
150,BUPPUX__ligand250-0
151,BUPPUX__ligand2916-0
152,BUPPUX__ligand2110-0
153,BUPPUX__ligand460-0
154,BUPPUX__ligand1712-0
155,BUPPUX__ligand40-0
156,BUPPUX__ligand38-0
157,BUPPUX__ligand2389-0
158,BUPPUX__ligand370-0
159,BUPPUX__ligand1919-0
160,BUPPUX__ligand34-0
161,BUPPUX__ligand9027-0
162,BUPPUX__ligand6396-0
163,BUPPUX__ligand509-0
164,BUPPUX__ligand1113-0
165,BUPPUX__ligand2265-0
166,BUPPUX__ligand118-0
167,BUPPUX__ligand670-0
168,BUPPUX__ligand571-0
169,BUPPUX__ligand1502-0
170,BUPPUX__ligand14530-0
171,BUPPUX__ligand4983-0
172,BUPPUX__ligand2345-0
173,BUPPUX__ligand2794-0
174,BUPPUX__ligand1835-0
175,BUPPUX__ligand278-0
176,BUPPUX__ligand1052-0
177,BUPPUX__ligand95-0
178,BUPPUX__ligand365-0
179,BUPPUX__ligand430-0
180,BUPPUX__ligand358-0
181,BUPPUX__ligand10910-0
182,BUPPUX__ligand55-0
183,BUPPUX__ligand669-0
184,BUPPUX__ligand1273-0
185,BUPPUX__ligand57-0
186,BUPPUX__ligand6538-0
187,BUPPUX__ligand10114-0
188,BUPPUX__ligand9495-0
189,BUPPUX__ligand6151-0
190,BUPPUX__ligand2772-0
191,BUPPUX__ligand2142-0
192,BUPPUX__ligand2864-0
193,BUPPUX__ligand10479-0
194,BUPPUX__ligand5022-0
195,BUPPUX__ligand1169-0
196,BUPPUX__ligand2838-0
197,BUPPUX__ligand1799-0
198,BUPPUX__ligand3838-0
199,BUPPUX__ligand383-0
200,BUPPUX__ligand5941-0
201,BUPPUX__ligand2880-0
202,BUPPUX__ligand73-0
203,BUPPUX__ligand162-0
204,BUPPUX__ligand226-0
205,BUPPUX__ligand8774-0
206,BUPPUX__ligand497-0
207,BUPPUX__ligand633-0
208,BUPPUX__ligand918-0
209,BUPPUX__ligand532-0
210,BUPPUX__ligand3637-0
211,BUPPUX__ligand166-0
212,BUPPUX__ligand838-0
213,BUPPUX__ligand32-0
214,BUPPUX__ligand7464-0
215,BUPPUX__ligand142-0
216,BUPPUX__ligand6-0
217,BUPPUX__ligand206-0
218,BUPPUX__ligand436-0
219,BUPPUX__ligand821-0
220,BUPPUX__ligand1054-0
221,BUPPUX__ligand326-0
222,BUPPUX__ligand6294-0
223,BUPPUX__ligand1248-0
224,BUPPUX__ligand553-0
225,BUPPUX__ligand4303-0
226,BUPPUX__ligand1598-0
227,BUPPUX__ligand283-0
228,BUPPUX__ligand91-0
229,BUPPUX__ligand409-0
230,BUPPUX__ligand361-0
231,BUPPUX__ligand324-0
232,BUPPUX__ligand2862-0
233,BUPPUX__ligand2320-0
234,BUPPUX__ligand1056-0
235,BUPPUX__ligand29-0
236,BUPPUX__ligand2510-0
237,BUPPUX__ligand2285-0
238,BUPPUX__ligand1567-0
239,BUPPUX__ligand8921-0
240,BUPPUX__ligand2907-0
241,BUPPUX__ligand4-0
242,BUPPUX__ligand105-0
243,BUPPUX__ligand140-0
244,BUPPUX__ligand1703-0
245,BUPPUX__ligand2430-0
246,BUPPUX__ligand51-0
247,BUPPUX__ligand1152-0
248,BUPPUX__ligand927-0
249,BUPPUX__ligand199-0
250,BUPPUX__ligand1727-0
251,BUPPUX__ligand48-0
252,BUPPUX__ligand575-0
253,BUPPUX__ligand1607-0
254,BUPPUX__ligand366-0
255,BUPPUX__ligand3063-0
256,BUPPUX__ligand1438-0
257,BUPPUX__ligand861-0
258,BUPPUX__ligand5801-0
259,BUPPUX__ligand612-0
260,BUPPUX__ligand187-0
261,BUPPUX__ligand1171-0
262,BUPPUX__ligand596-0
263,BUPPUX__ligand3-0
264,BUPPUX__ligand126-0
265,BUPPUX__ligand1685-0
266,BUPPUX__ligand3757-0
267,BUPPUX__ligand2087-0
268,BUPPUX__ligand1048-0
269,BUPPUX__ligand1459-0
270,BUPPUX__ligand1544-0
271,BUPPUX__ligand1376-0
272,BUPPUX__ligand2768-0
273,BUPPUX__ligand119-0
274,BUPPUX__ligand2688-0
275,BUPPUX__ligand2259-0
276,BUPPUX__ligand15630-0
277,BUPPUX__ligand10357-0
278,BUPPUX__ligand1687-0
279,BUPPUX__ligand1951-0
280,BUPPUX__ligand124-0
281,BUPPUX__ligand6277-0
282,BUPPUX__ligand1-0
283,BUPPUX__ligand4381-0
284,BUPPUX__ligand100-0
285,BUPPUX__ligand2629-0
286,BUPPUX__ligand244-0
287,BUPPUX__ligand201-0
288,BUPPUX__ligand3734-0
289,BUPPUX__ligand1706-0
290,BUPPUX__ligand11-0
291,BUPPUX__ligand321-0
292,BUPPUX__ligand279-0
293,BUPPUX__ligand178-0
294,BUPPUX__ligand6686-0
295,BUPPUX__ligand1747-0
296,BUPPUX__ligand7915-0
297,BUPPUX__ligand5548-0
298,BUPPUX__ligand3145-0
299,BUPPUX__ligand240-0
300,BUPPUX__ligand141-0
301,BUPPUX__ligand6332-0
302,BUPPUX__ligand3178-0
303,BUPPUX__ligand2863-0
304,BUPPUX__ligand2098-0
305,BUPPUX__ligand6502-0
306,BUPPUX__ligand2634-0
307,BUPPUX__ligand1542-0
308,BUPPUX__ligand49-0
309,BUPPUX__ligand3041-0
310,BUPPUX__ligand89-0
311,BUPPUX__ligand2751-0
312,BUPPUX__ligand384-0
313,BUPPUX__ligand120-0
314,BUPPUX__ligand757-0
315,BUPPUX__ligand1538-0
316,BUPPUX__ligand1114-0
317,BUPPUX__ligand9244-0
318,BUPPUX__ligand1228-0
319,BUPPUX__ligand797-0
320,BUPPUX__ligand1148-0
321,BUPPUX__ligand92-0
322,BUPPUX__ligand1479-0
323,BUPPUX__ligand17-0
324,BUPPUX__ligand3246-0
