,TMC
0,YORNOI__ligand8876-0
1,YORNOI__ligand2828-0
2,YORNOI__ligand7648-0
3,YORNOI__ligand20740-0
4,YORNOI__ligand28468-0
5,YORNOI__ligand9833-0
6,YORNOI__ligand12427-0
7,YORNOI__ligand5256-0
8,YORNOI__ligand16628-0
9,YORNOI__ligand4157-0
10,YORNOI__ligand436-0
11,YORNOI__ligand692-0
12,YORNOI__ligand2232-0
13,YORNOI__ligand1-0
14,YORNOI__ligand2176-0
15,YORNOI__ligand27460-0
16,YORNOI__ligand9291-0
17,YORNOI__ligand6768-0
18,YORNOI__ligand30333-0
19,YORNOI__ligand8115-0
20,YORNOI__ligand7000-0
21,YORNOI__ligand1982-0
22,YORNOI__ligand12606-0
23,YORNOI__ligand1285-0
24,YORNOI__ligand326-0
25,YORNOI__ligand17281-0
26,YORNOI__ligand30296-0
27,YORNOI__ligand29410-0
28,YORNOI__ligand4503-0
29,YORNOI__ligand4546-0
30,YORNOI__ligand12337-0
31,YORNOI__ligand26540-0
32,YORNOI__ligand4016-0
33,YORNOI__ligand7867-0
34,YORNOI__ligand633-0
35,YORNOI__ligand1219-0
36,YORNOI__ligand6709-0
37,YORNOI__ligand31783-0
38,YORNOI__ligand17258-0
39,YORNOI__ligand14297-0
40,YORNOI__ligand7280-0
41,YORNOI__ligand14603-0
42,YORNOI__ligand1790-0
43,YORNOI__ligand497-0
44,YORNOI__ligand1304-0
45,YORNOI__ligand7238-0
46,YORNOI__ligand26665-0
47,YORNOI__ligand13012-0
48,YORNOI__ligand17631-0
49,YORNOI__ligand23713-0
50,YORNOI__ligand18832-0
51,YORNOI__ligand9784-0
52,YORNOI__ligand27175-0
53,YORNOI__ligand1451-0
54,YORNOI__ligand30988-0
55,YORNOI__ligand4272-0
56,YORNOI__ligand7629-0
57,YORNOI__ligand27893-0
58,YORNOI__ligand4093-0
59,YORNOI__ligand4442-0
60,YORNOI__ligand3954-0
61,YORNOI__ligand14723-0
62,YORNOI__ligand19641-0
63,YORNOI__ligand9520-0
64,YORNOI__ligand15422-0
65,YORNOI__ligand1160-0
66,YORNOI__ligand20578-0
67,YORNOI__ligand12934-0
68,YORNOI__ligand8699-0
69,YORNOI__ligand24145-0
70,YORNOI__ligand15585-0
71,YORNOI__ligand12401-0
72,YORNOI__ligand7106-0
73,YORNOI__ligand19830-0
74,YORNOI__ligand13068-0
75,YORNOI__ligand10476-0
76,YORNOI__ligand7242-0
77,YORNOI__ligand12130-0
78,YORNOI__ligand17387-0
79,YORNOI__ligand13658-0
80,YORNOI__ligand26702-0
81,YORNOI__ligand12289-0
82,YORNOI__ligand199-0
83,YORNOI__ligand18292-0
84,YORNOI__ligand12231-0
85,YORNOI__ligand9908-0
86,YORNOI__ligand1263-0
87,YORNOI__ligand588-0
88,YORNOI__ligand9935-0
89,YORNOI__ligand1536-0
90,YORNOI__ligand17302-0
91,YORNOI__ligand1573-0
92,YORNOI__ligand18-0
93,YORNOI__ligand1959-0
94,YORNOI__ligand17805-0
95,YORNOI__ligand3504-0
96,YORNOI__ligand23769-0
97,YORNOI__ligand1844-0
98,YORNOI__ligand4661-0
99,YORNOI__ligand300-0
100,YORNOI__ligand24185-0
101,YORNOI__ligand1343-0
102,YORNOI__ligand3876-0
103,YORNOI__ligand3035-0
104,YORNOI__ligand25178-0
105,YORNOI__ligand6616-0
106,YORNOI__ligand3718-0
107,YORNOI__ligand3565-0
108,YORNOI__ligand12641-0
109,YORNOI__ligand5331-0
110,YORNOI__ligand1512-0
111,YORNOI__ligand10958-0
112,YORNOI__ligand6919-0
113,YORNOI__ligand14108-0
114,YORNOI__ligand2485-0
115,YORNOI__ligand3852-0
116,YORNOI__ligand409-0
117,YORNOI__ligand361-0
118,YORNOI__ligand324-0
119,YORNOI__ligand4155-0
120,YORNOI__ligand3094-0
121,YORNOI__ligand19057-0
122,YORNOI__ligand18814-0
123,YORNOI__ligand5211-0
124,YORNOI__ligand13425-0
125,YORNOI__ligand29302-0
126,YORNOI__ligand6839-0
127,YORNOI__ligand3174-0
128,YORNOI__ligand3937-0
129,YORNOI__ligand1202-0
130,YORNOI__ligand3131-0
131,YORNOI__ligand8969-0
132,YORNOI__ligand3-0
133,YORNOI__ligand27763-0
134,YORNOI__ligand10262-0
135,YORNOI__ligand4720-0
136,YORNOI__ligand28676-0
137,YORNOI__ligand29879-0
138,YORNOI__ligand14248-0
139,YORNOI__ligand4641-0
140,YORNOI__ligand12030-0
141,YORNOI__ligand13331-0
142,YORNOI__ligand28884-0
143,YORNOI__ligand13294-0
144,YORNOI__ligand38-0
145,YORNOI__ligand31832-0
146,YORNOI__ligand25411-0
147,YORNOI__ligand694-0
148,YORNOI__ligand1142-0
149,YORNOI__ligand3234-0
150,YORNOI__ligand10712-0
151,YORNOI__ligand14174-0
152,YORNOI__ligand7126-0
153,YORNOI__ligand8835-0
154,YORNOI__ligand2028-0
155,YORNOI__ligand488-0
156,YORNOI__ligand430-0
157,YORNOI__ligand11456-0
158,YORNOI__ligand358-0
159,YORNOI__ligand2917-0
160,YORNOI__ligand7819-0
161,YORNOI__ligand20682-0
162,YORNOI__ligand3465-0
163,YORNOI__ligand13390-0
164,YORNOI__ligand6596-0
165,YORNOI__ligand3721-0
166,YORNOI__ligand6904-0
167,YORNOI__ligand6102-0
168,YORNOI__ligand4620-0
169,YORNOI__ligand27482-0
170,YORNOI__ligand26810-0
171,YORNOI__ligand534-0
172,YORNOI__ligand571-0
173,YORNOI__ligand13208-0
174,YORNOI__ligand2295-0
175,YORNOI__ligand670-0
176,YORNOI__ligand1577-0
177,YORNOI__ligand6067-0
178,YORNOI__ligand9441-0
179,YORNOI__ligand17118-0
180,YORNOI__ligand21371-0
181,YORNOI__ligand2332-0
182,YORNOI__ligand20419-0
183,YORNOI__ligand28789-0
184,YORNOI__ligand1530-0
185,YORNOI__ligand1575-0
186,YORNOI__ligand9933-0
187,YORNOI__ligand29568-0
188,YORNOI__ligand1631-0
189,YORNOI__ligand30851-0
190,YORNOI__ligand14889-0
191,YORNOI__ligand20251-0
192,YORNOI__ligand30702-0
193,YORNOI__ligand20214-0
194,YORNOI__ligand20539-0
195,YORNOI__ligand66-0
196,YORNOI__ligand226-0
197,YORNOI__ligand21581-0
198,YORNOI__ligand31097-0
199,YORNOI__ligand3156-0
200,YORNOI__ligand162-0
201,YORNOI__ligand2915-0
202,YORNOI__ligand383-0
203,YORNOI__ligand17261-0
204,YORNOI__ligand14117-0
205,YORNOI__ligand1378-0
206,YORNOI__ligand6244-0
207,YORNOI__ligand416-0
208,YORNOI__ligand14703-0
209,YORNOI__ligand16475-0
210,YORNOI__ligand9601-0
211,YORNOI__ligand42-0
212,YORNOI__ligand696-0
213,YORNOI__ligand8992-0
214,YORNOI__ligand1018-0
215,YORNOI__ligand4116-0
216,YORNOI__ligand20251-1
217,YORNOI__ligand3707-0
218,YORNOI__ligand6124-0
219,YORNOI__ligand7967-0
220,YORNOI__ligand29414-0
221,YORNOI__ligand17982-0
222,YORNOI__ligand1324-0
223,YORNOI__ligand20011-0
224,YORNOI__ligand17278-0
225,YORNOI__ligand8721-0
226,YORNOI__ligand5643-0
227,YORNOI__ligand1823-0
228,YORNOI__ligand17398-0
229,YORNOI__ligand2526-0
230,YORNOI__ligand5036-0
231,YORNOI__ligand1615-0
232,YORNOI__ligand22557-0
233,YORNOI__ligand10589-0
234,YORNOI__ligand9952-0
235,YORNOI__ligand9111-0
236,YORNOI__ligand24047-0
237,YORNOI__ligand11675-0
238,YORNOI__ligand20598-0
239,YORNOI__ligand656-0
240,YORNOI__ligand6283-0
241,YORNOI__ligand15168-0
242,YORNOI__ligand768-0
243,YORNOI__ligand24064-0
244,YORNOI__ligand6062-0
245,YORNOI__ligand19-0
246,YORNOI__ligand4738-0
247,YORNOI__ligand23589-0
248,YORNOI__ligand5813-0
249,YORNOI__ligand4813-0
250,YORNOI__ligand3215-0
251,YORNOI__ligand24-0
252,YORNOI__ligand26277-0
253,YORNOI__ligand29898-0
254,YORNOI__ligand384-0
255,YORNOI__ligand7107-0
256,YORNOI__ligand22755-0
257,YORNOI__ligand10432-0
258,YORNOI__ligand31618-0
259,YORNOI__ligand11432-0
260,YORNOI__ligand24750-0
261,YORNOI__ligand141-0
262,YORNOI__ligand3973-0
263,YORNOI__ligand1147-0
264,YORNOI__ligand240-0
265,YORNOI__ligand45-0
266,YORNOI__ligand17945-0
267,YORNOI__ligand18013-0
268,YORNOI__ligand25224-0
269,YORNOI__ligand17207-0
270,YORNOI__ligand31578-0
271,YORNOI__ligand7925-0
272,YORNOI__ligand2068-0
273,YORNOI__ligand29087-0
274,YORNOI__ligand4194-0
275,YORNOI__ligand18703-0
276,YORNOI__ligand7532-0
277,YORNOI__ligand28924-0
278,YORNOI__ligand78-0
279,YORNOI__ligand15438-0
280,YORNOI__ligand4330-0
281,YORNOI__ligand2599-0
282,YORNOI__ligand7530-0
283,YORNOI__ligand13072-0
284,YORNOI__ligand1065-0
285,YORNOI__ligand12336-0
286,YORNOI__ligand3012-0
287,YORNOI__ligand1449-0
288,YORNOI__ligand4332-0
289,YORNOI__ligand9681-0
290,YORNOI__ligand6455-0
291,YORNOI__ligand693-0
292,YORNOI__ligand6882-0
293,YORNOI__ligand12682-0
294,YORNOI__ligand3934-0
295,YORNOI__ligand18699-0
296,YORNOI__ligand17240-0
297,YORNOI__ligand17590-0
298,YORNOI__ligand2403-0
299,YORNOI__ligand9148-0
300,YORNOI__ligand122-0
301,YORNOI__ligand11568-0
302,YORNOI__ligand20579-0
303,YORNOI__ligand17710-0
304,YORNOI__ligand7529-0
305,YORNOI__ligand21421-0
306,YORNOI__ligand6946-0
307,YORNOI__ligand1415-0
308,YORNOI__ligand757-0
309,YORNOI__ligand11774-0
310,YORNOI__ligand14586-0
311,YORNOI__ligand24613-0
312,YORNOI__ligand2830-0
313,YORNOI__ligand1729-0
314,YORNOI__ligand19725-0
315,YORNOI__ligand5627-0
316,YORNOI__ligand5483-0
317,YORNOI__ligand10555-0
318,YORNOI__ligand31483-0
319,YORNOI__ligand5316-0
320,YORNOI__ligand2722-0
321,YORNOI__ligand1379-0
322,YORNOI__ligand29863-0
323,YORNOI__ligand5935-0
324,YORNOI__ligand13869-0
325,YORNOI__ligand18074-0
326,YORNOI__ligand9525-0
327,YORNOI__ligand1165-0
328,YORNOI__ligand67-0
329,YORNOI__ligand29610-0
330,YORNOI__ligand163-0
331,YORNOI__ligand126-0
332,YORNOI__ligand3157-0
333,YORNOI__ligand11140-0
334,YORNOI__ligand5357-0
335,YORNOI__ligand16791-0
336,YORNOI__ligand3647-0
337,YORNOI__ligand1688-0
338,YORNOI__ligand5056-0
339,YORNOI__ligand4850-0
340,YORNOI__ligand28668-0
341,YORNOI__ligand1768-0
342,YORNOI__ligand1469-0
343,YORNOI__ligand18465-0
344,YORNOI__ligand845-0
345,YORNOI__ligand18799-0
346,YORNOI__ligand3871-0
347,YORNOI__ligand27074-0
348,YORNOI__ligand2527-0
349,YORNOI__ligand187-0
350,YORNOI__ligand25805-0
351,YORNOI__ligand22981-0
352,YORNOI__ligand657-0
353,YORNOI__ligand20599-0
354,YORNOI__ligand14523-0
355,YORNOI__ligand8349-0
356,YORNOI__ligand27169-0
357,YORNOI__ligand366-0
358,YORNOI__ligand1709-0
359,YORNOI__ligand18391-0
360,YORNOI__ligand8464-0
361,YORNOI__ligand25267-0
362,YORNOI__ligand4911-0
363,YORNOI__ligand10084-0
364,YORNOI__ligand1771-0
365,YORNOI__ligand3392-0
366,YORNOI__ligand777-0
367,YORNOI__ligand12467-0
368,YORNOI__ligand596-0
369,YORNOI__ligand941-0
370,YORNOI__ligand13257-0
371,YORNOI__ligand21936-0
372,YORNOI__ligand43-0
373,YORNOI__ligand23904-0
374,YORNOI__ligand4-0
375,YORNOI__ligand5849-0
376,YORNOI__ligand30539-0
377,YORNOI__ligand7162-0
378,YORNOI__ligand3029-0
379,YORNOI__ligand4581-0
380,YORNOI__ligand1773-0
381,YORNOI__ligand2328-0
382,YORNOI__ligand23906-0
383,YORNOI__ligand9197-0
384,YORNOI__ligand1900-0
385,YORNOI__ligand201-0
386,YORNOI__ligand21132-0
387,YORNOI__ligand11166-0
388,YORNOI__ligand178-0
389,YORNOI__ligand185-0
390,YORNOI__ligand12295-0
391,YORNOI__ligand279-0
392,YORNOI__ligand27835-0
393,YORNOI__ligand3208-0
394,YORNOI__ligand2208-0
395,YORNOI__ligand25575-0
396,YORNOI__ligand21787-0
397,YORNOI__ligand2781-0
398,YORNOI__ligand7573-0
399,YORNOI__ligand3350-0
400,YORNOI__ligand25689-0
401,YORNOI__ligand321-0
402,YORNOI__ligand8722-0
403,YORNOI__ligand1327-0
404,YORNOI__ligand9809-0
405,YORNOI__ligand6672-0
406,YORNOI__ligand12660-0
407,YORNOI__ligand19257-0
408,YORNOI__ligand13209-0
409,YORNOI__ligand1533-0
410,YORNOI__ligand31248-0
411,YORNOI__ligand25650-0
412,YORNOI__ligand7557-0
413,YORNOI__ligand1496-0
414,YORNOI__ligand338-0
415,YORNOI__ligand1712-0
416,YORNOI__ligand4131-0
417,YORNOI__ligand5892-0
418,YORNOI__ligand5094-0
419,YORNOI__ligand12519-0
420,YORNOI__ligand25735-0
421,YORNOI__ligand11206-0
422,YORNOI__ligand23124-0
423,YORNOI__ligand24560-0
424,YORNOI__ligand18757-0
425,YORNOI__ligand7566-0
426,YORNOI__ligand24624-0
427,YORNOI__ligand20844-0
428,YORNOI__ligand18413-0
429,YORNOI__ligand833-0
430,YORNOI__ligand2001-0
431,YORNOI__ligand8593-0
432,YORNOI__ligand9944-0
433,YORNOI__ligand69-0
434,YORNOI__ligand8553-0
435,YORNOI__ligand14339-0
436,YORNOI__ligand1113-0
437,YORNOI__ligand11-0
438,YORNOI__ligand13691-0
439,YORNOI__ligand115-0
440,YORNOI__ligand30788-0
441,YORNOI__ligand5201-0
442,YORNOI__ligand21752-0
443,YORNOI__ligand5415-0
444,YORNOI__ligand25048-0
445,YORNOI__ligand21940-0
446,YORNOI__ligand20432-0
447,YORNOI__ligand27122-0
448,YORNOI__ligand368-0
449,YORNOI__ligand13755-0
450,YORNOI__ligand16133-0
451,YORNOI__ligand4124-0
452,YORNOI__ligand4161-0
453,YORNOI__ligand3471-0
454,YORNOI__ligand23445-0
455,YORNOI__ligand24953-0
456,YORNOI__ligand395-0
457,YORNOI__ligand2823-0
458,YORNOI__ligand784-0
459,YORNOI__ligand6995-0
460,YORNOI__ligand20557-0
461,YORNOI__ligand30004-0
462,YORNOI__ligand3180-0
463,YORNOI__ligand4340-0
464,YORNOI__ligand2650-0
465,YORNOI__ligand2281-0
466,YORNOI__ligand1050-0
467,YORNOI__ligand1015-0
468,YORNOI__ligand21448-0
469,YORNOI__ligand11758-0
470,YORNOI__ligand22357-0
471,YORNOI__ligand487-0
472,YORNOI__ligand2027-0
473,YORNOI__ligand29214-0
474,YORNOI__ligand11544-0
475,YORNOI__ligand8-0
476,YORNOI__ligand11501-0
477,YORNOI__ligand1618-0
478,YORNOI__ligand17069-0
479,YORNOI__ligand2692-0
480,YORNOI__ligand14477-0
481,YORNOI__ligand17445-0
482,YORNOI__ligand176-0
483,YORNOI__ligand29334-0
484,YORNOI__ligand746-0
485,YORNOI__ligand4262-0
486,YORNOI__ligand12413-0
487,YORNOI__ligand20731-0
488,YORNOI__ligand447-0
489,YORNOI__ligand1028-0
490,YORNOI__ligand11798-0
491,YORNOI__ligand29565-0
492,YORNOI__ligand152-0
493,YORNOI__ligand9615-0
494,YORNOI__ligand23682-0
495,YORNOI__ligand18158-0
496,YORNOI__ligand1154-0
497,YORNOI__ligand27771-0
498,YORNOI__ligand1498-0
499,YORNOI__ligand16956-0
500,YORNOI__ligand21339-0
501,YORNOI__ligand14226-0
502,YORNOI__ligand20942-1
503,YORNOI__ligand4596-0
504,YORNOI__ligand27550-0
505,YORNOI__ligand1169-0
506,YORNOI__ligand506-0
507,YORNOI__ligand8529-0
508,YORNOI__ligand18019-1
509,YORNOI__ligand14007-0
510,YORNOI__ligand4207-0
511,YORNOI__ligand29813-0
512,YORNOI__ligand16952-0
513,YORNOI__ligand3416-0
514,YORNOI__ligand3453-0
515,YORNOI__ligand422-0
516,YORNOI__ligand686-0
517,YORNOI__ligand1150-0
518,YORNOI__ligand17-0
519,YORNOI__ligand20220-0
520,YORNOI__ligand15387-0
521,YORNOI__ligand1539-0
522,YORNOI__ligand20121-0
523,YORNOI__ligand24851-0
524,YORNOI__ligand7438-0
525,YORNOI__ligand8200-0
526,YORNOI__ligand11698-0
527,YORNOI__ligand20530-0
528,YORNOI__ligand4063-0
529,YORNOI__ligand196-0
530,YORNOI__ligand14302-0
531,YORNOI__ligand14347-0
532,YORNOI__ligand13657-0
533,YORNOI__ligand11479-0
534,YORNOI__ligand27610-0
535,YORNOI__ligand10479-0
536,YORNOI__ligand10853-0
537,YORNOI__ligand3042-0
538,YORNOI__ligand29441-0
539,YORNOI__ligand3557-0
540,YORNOI__ligand3980-0
541,YORNOI__ligand19668-0
542,YORNOI__ligand19906-0
543,YORNOI__ligand1149-0
544,YORNOI__ligand7075-0
545,YORNOI__ligand22353-0
546,YORNOI__ligand9750-0
547,YORNOI__ligand1779-0
548,YORNOI__ligand1817-0
549,YORNOI__ligand353-0
550,YORNOI__ligand6993-0
551,YORNOI__ligand4167-0
552,YORNOI__ligand393-0
553,YORNOI__ligand1400-0
554,YORNOI__ligand4266-0
555,YORNOI__ligand9491-0
556,YORNOI__ligand10151-0
557,YORNOI__ligand1288-0
558,YORNOI__ligand8042-0
559,YORNOI__ligand391-0
560,YORNOI__ligand6112-0
561,YORNOI__ligand18067-0
562,YORNOI__ligand1828-0
563,YORNOI__ligand19824-0
564,YORNOI__ligand7213-0
565,YORNOI__ligand1397-0
566,YORNOI__ligand5755-0
567,YORNOI__ligand11252-0
568,YORNOI__ligand4710-0
569,YORNOI__ligand5085-0
570,YORNOI__ligand13260-0
571,YORNOI__ligand10582-0
572,YORNOI__ligand3144-0
573,YORNOI__ligand89-0
574,YORNOI__ligand618-0
575,YORNOI__ligand3285-0
576,YORNOI__ligand4795-0
577,YORNOI__ligand11606-0
578,YORNOI__ligand31000-0
579,YORNOI__ligand1908-0
580,YORNOI__ligand49-0
581,YORNOI__ligand780-0
582,YORNOI__ligand314-0
583,YORNOI__ligand5630-0
584,YORNOI__ligand26673-0
585,YORNOI__ligand813-0
586,YORNOI__ligand1786-0
587,YORNOI__ligand20821-0
588,YORNOI__ligand16870-0
589,YORNOI__ligand11622-0
590,YORNOI__ligand314-1
591,YORNOI__ligand6663-0
592,YORNOI__ligand5515-0
593,YORNOI__ligand11814-0
594,YORNOI__ligand1831-0
595,YORNOI__ligand5614-0
596,YORNOI__ligand16603-0
597,YORNOI__ligand5280-0
598,YORNOI__ligand465-0
599,YORNOI__ligand1849-0
600,YORNOI__ligand17686-0
601,YORNOI__ligand25658-0
602,YORNOI__ligand31205-0
603,YORNOI__ligand11177-0
604,YORNOI__ligand1216-0
605,YORNOI__ligand5019-0
606,YORNOI__ligand3261-0
607,YORNOI__ligand1152-0
608,YORNOI__ligand15455-0
609,YORNOI__ligand3736-0
610,YORNOI__ligand22403-0
611,YORNOI__ligand8000-0
612,YORNOI__ligand9344-0
613,YORNOI__ligand20695-0
614,YORNOI__ligand27754-0
615,YORNOI__ligand5383-0
616,YORNOI__ligand2693-0
617,YORNOI__ligand16369-0
618,YORNOI__ligand11111-0
619,YORNOI__ligand28540-0
620,YORNOI__ligand177-0
621,YORNOI__ligand3945-0
622,YORNOI__ligand9299-0
623,YORNOI__ligand29215-0
624,YORNOI__ligand909-0
625,YORNOI__ligand4007-0
626,YORNOI__ligand2985-0
627,YORNOI__ligand16148-0
628,YORNOI__ligand26631-0
629,YORNOI__ligand3677-1
630,YORNOI__ligand9883-0
631,YORNOI__ligand12003-0
632,YORNOI__ligand10872-0
633,YORNOI__ligand21399-0
634,YORNOI__ligand7291-0
635,YORNOI__ligand19927-0
636,YORNOI__ligand1168-0
637,YORNOI__ligand193-0
638,YORNOI__ligand1294-0
639,YORNOI__ligand26324-0
640,YORNOI__ligand28559-0
641,YORNOI__ligand3632-0
642,YORNOI__ligand3677-0
643,YORNOI__ligand14043-0
644,YORNOI__ligand27239-0
645,YORNOI__ligand830-0
646,YORNOI__ligand21729-0
647,YORNOI__ligand372-0
648,YORNOI__ligand6699-0
649,YORNOI__ligand1499-0
650,YORNOI__ligand2881-0
651,YORNOI__ligand26529-0
652,YORNOI__ligand1464-0
653,YORNOI__ligand3712-0
654,YORNOI__ligand116-0
655,YORNOI__ligand1211-0
656,YORNOI__ligand11618-0
657,YORNOI__ligand252-0
658,YORNOI__ligand6892-0
659,YORNOI__ligand57-0
660,YORNOI__ligand31694-0
661,YORNOI__ligand5595-0
662,YORNOI__ligand29486-0
663,YORNOI__ligand4101-0
664,YORNOI__ligand2221-0
665,YORNOI__ligand250-0
666,YORNOI__ligand55-0
667,YORNOI__ligand4358-0
668,YORNOI__ligand17427-0
669,YORNOI__ligand3120-0
670,YORNOI__ligand3926-0
671,YORNOI__ligand1197-0
672,YORNOI__ligand5099-0
673,YORNOI__ligand8592-0
674,YORNOI__ligand11949-0
675,YORNOI__ligand22129-0
676,YORNOI__ligand1296-0
677,YORNOI__ligand2259-0
678,YORNOI__ligand24780-0
679,YORNOI__ligand68-0
680,YORNOI__ligand12138-0
681,YORNOI__ligand25561-0
682,YORNOI__ligand370-0
683,YORNOI__ligand9773-0
684,YORNOI__ligand1376-0
685,YORNOI__ligand5510-0
686,YORNOI__ligand2238-0
687,YORNOI__ligand27840-0
688,YORNOI__ligand564-0
689,YORNOI__ligand30728-0
690,YORNOI__ligand24872-0
691,YORNOI__ligand370-1
692,YORNOI__ligand9167-0
693,YORNOI__ligand620-0
694,YORNOI__ligand5304-0
695,YORNOI__ligand1317-0
696,YORNOI__ligand10033-0
697,YORNOI__ligand3867-0
698,YORNOI__ligand2822-0
699,YORNOI__ligand7293-0
700,YORNOI__ligand24644-0
701,YORNOI__ligand12001-0
702,YORNOI__ligand311-0
703,YORNOI__ligand785-0
704,YORNOI__ligand479-0
705,YORNOI__ligand14569-0
706,YORNOI__ligand13385-0
707,YORNOI__ligand22444-0
708,YORNOI__ligand5509-0
709,YORNOI__ligand24111-0
710,YORNOI__ligand8002-0
711,YORNOI__ligand1407-0
712,YORNOI__ligand6117-0
713,YORNOI__ligand7762-0
714,YORNOI__ligand13220-0
715,YORNOI__ligand11587-0
716,YORNOI__ligand5080-0
717,YORNOI__ligand34-0
718,YORNOI__ligand17396-0
719,YORNOI__ligand15788-0
720,YORNOI__ligand188-0
721,YORNOI__ligand23175-0
722,YORNOI__ligand16663-0
723,YORNOI__ligand7196-0
724,YORNOI__ligand5159-0
725,YORNOI__ligand1787-0
726,YORNOI__ligand1356-0
727,YORNOI__ligand14614-0
728,YORNOI__ligand5530-0
729,YORNOI__ligand9753-0
730,YORNOI__ligand24035-0
731,YORNOI__ligand3178-0
732,YORNOI__ligand31842-0
733,YORNOI__ligand31044-0
734,YORNOI__ligand48-0
735,YORNOI__ligand560-0
736,YORNOI__ligand4807-0
737,YORNOI__ligand11994-0
738,YORNOI__ligand11682-0
739,YORNOI__ligand4711-0
740,YORNOI__ligand3244-0
741,YORNOI__ligand235-0
742,YORNOI__ligand30711-0
743,YORNOI__ligand20207-0
744,YORNOI__ligand2906-0
745,YORNOI__ligand134-0
746,YORNOI__ligand25913-0
747,YORNOI__ligand16988-0
748,YORNOI__ligand4649-0
749,YORNOI__ligand8793-0
750,YORNOI__ligand5649-0
751,YORNOI__ligand2788-0
752,YORNOI__ligand8612-0
753,YORNOI__ligand11970-0
754,YORNOI__ligand2124-0
755,YORNOI__ligand7092-0
756,YORNOI__ligand2260-0
757,YORNOI__ligand3225-0
758,YORNOI__ligand1153-0
759,YORNOI__ligand685-0
760,YORNOI__ligand1116-0
761,YORNOI__ligand15883-0
762,YORNOI__ligand51-0
763,YORNOI__ligand11096-0
764,YORNOI__ligand11447-0
765,YORNOI__ligand7273-0
766,YORNOI__ligand421-0
767,YORNOI__ligand28810-0
768,YORNOI__ligand9323-0
769,YORNOI__ligand24230-0
770,YORNOI__ligand7172-0
771,YORNOI__ligand15926-0
772,YORNOI__ligand10828-0
773,YORNOI__ligand19792-0
774,YORNOI__ligand10056-0
775,YORNOI__ligand12365-0
776,YORNOI__ligand5180-0
777,YORNOI__ligand15531-0
778,YORNOI__ligand28743-0
779,YORNOI__ligand11357-0
780,YORNOI__ligand13862-0
781,YORNOI__ligand28930-0
782,YORNOI__ligand22168-0
783,YORNOI__ligand7316-0
784,YORNOI__ligand5708-0
785,YORNOI__ligand22294-0
786,YORNOI__ligand294-0
787,YORNOI__ligand6017-0
788,YORNOI__ligand91-0
789,YORNOI__ligand21919-0
790,YORNOI__ligand1832-0
791,YORNOI__ligand8788-0
792,YORNOI__ligand29029-0
793,YORNOI__ligand27285-0
794,YORNOI__ligand2043-0
795,YORNOI__ligand23197-0
796,YORNOI__ligand1228-0
797,YORNOI__ligand9943-0
798,YORNOI__ligand197-0
799,YORNOI__ligand1604-0
800,YORNOI__ligand16-0
801,YORNOI__ligand1114-0
802,YORNOI__ligand6391-0
803,YORNOI__ligand3126-0
804,YORNOI__ligand9284-0
805,YORNOI__ligand13477-0
806,YORNOI__ligand14167-0
807,YORNOI__ligand30142-0
808,YORNOI__ligand2417-0
809,YORNOI__ligand27669-0
810,YORNOI__ligand19184-0
811,YORNOI__ligand1289-0
812,YORNOI__ligand2203-0
813,YORNOI__ligand5387-0
814,YORNOI__ligand32-0
815,YORNOI__ligand18448-0
816,YORNOI__ligand12453-0
817,YORNOI__ligand28459-0
818,YORNOI__ligand868-0
819,YORNOI__ligand9450-0
820,YORNOI__ligand10371-0
821,YORNOI__ligand783-0
822,YORNOI__ligand352-0
823,YORNOI__ligand13672-0
824,YORNOI__ligand1599-0
825,YORNOI__ligand28685-0
826,YORNOI__ligand18568-0
827,YORNOI__ligand2612-0
