,TMC
0,XEMGUS__ligand23124-0
1,XEMGUS__ligand11206-0
2,XEMGUS__ligand7107-0
3,XEMGUS__ligand12519-0
4,XEMGUS__ligand25735-0
5,XEMGUS__ligand68-0
6,XEMGUS__ligand3215-0
7,XEMGUS__ligand199-0
8,XEMGUS__ligand588-0
9,XEMGUS__ligand6062-0
10,XEMGUS__ligand4738-0
11,XEMGUS__ligand25650-0
12,XEMGUS__ligand5813-0
13,XEMGUS__ligand4813-0
14,XEMGUS__ligand31248-0
15,XEMGUS__ligand13209-0
16,XEMGUS__ligand19257-0
17,XEMGUS__ligand300-0
18,XEMGUS__ligand55-0
19,XEMGUS__ligand12660-0
20,XEMGUS__ligand6283-0
21,XEMGUS__ligand25689-0
22,XEMGUS__ligand4330-0
23,XEMGUS__ligand21787-0
24,XEMGUS__ligand2599-0
25,XEMGUS__ligand25575-0
26,XEMGUS__ligand27835-0
27,XEMGUS__ligand12295-0
28,XEMGUS__ligand4194-0
29,XEMGUS__ligand361-0
30,XEMGUS__ligand324-0
31,XEMGUS__ligand34-0
32,XEMGUS__ligand7532-0
33,XEMGUS__ligand409-0
34,XEMGUS__ligand11166-0
35,XEMGUS__ligand21132-0
36,XEMGUS__ligand7925-0
37,XEMGUS__ligand2068-0
38,XEMGUS__ligand23906-0
39,XEMGUS__ligand3973-0
40,XEMGUS__ligand1147-0
41,XEMGUS__ligand30539-0
42,XEMGUS__ligand23904-0
43,XEMGUS__ligand21936-0
44,XEMGUS__ligand436-0
45,XEMGUS__ligand13257-0
46,XEMGUS__ligand2403-0
47,XEMGUS__ligand6455-0
48,XEMGUS__ligand6882-0
49,XEMGUS__ligand12467-0
50,XEMGUS__ligand692-0
51,XEMGUS__ligand3934-0
52,XEMGUS__ligand10084-0
53,XEMGUS__ligand25267-0
54,XEMGUS__ligand18391-0
55,XEMGUS__ligand27169-0
56,XEMGUS__ligand14523-0
57,XEMGUS__ligand4332-0
58,XEMGUS__ligand9681-0
59,XEMGUS__ligand20599-0
60,XEMGUS__ligand7530-0
61,XEMGUS__ligand1065-0
62,XEMGUS__ligand326-0
63,XEMGUS__ligand25805-0
64,XEMGUS__ligand22981-0
65,XEMGUS__ligand3012-0
66,XEMGUS__ligand1449-0
67,XEMGUS__ligand27074-0
68,XEMGUS__ligand18799-0
69,XEMGUS__ligand5483-0
70,XEMGUS__ligand18465-0
71,XEMGUS__ligand5316-0
72,XEMGUS__ligand633-0
73,XEMGUS__ligand497-0
74,XEMGUS__ligand28668-0
75,XEMGUS__ligand2830-0
76,XEMGUS__ligand1729-0
77,XEMGUS__ligand57-0
78,XEMGUS__ligand5627-0
79,XEMGUS__ligand16791-0
80,XEMGUS__ligand11140-0
81,XEMGUS__ligand7529-0
82,XEMGUS__ligand1415-0
83,XEMGUS__ligand6946-0
84,XEMGUS__ligand29610-0
85,XEMGUS__ligand18074-0
86,XEMGUS__ligand13869-0
87,XEMGUS__ligand9148-0
88,XEMGUS__ligand29863-0
89,XEMGUS__ligand1768-0
90,XEMGUS__ligand16-0
91,XEMGUS__ligand1469-0
92,XEMGUS__ligand31483-0
93,XEMGUS__ligand10555-0
94,XEMGUS__ligand3871-0
95,XEMGUS__ligand5357-0
96,XEMGUS__ligand3647-0
97,XEMGUS__ligand19725-0
98,XEMGUS__ligand1688-0
99,XEMGUS__ligand5056-0
100,XEMGUS__ligand4850-0
101,XEMGUS__ligand24613-0
102,XEMGUS__ligand9525-0
103,XEMGUS__ligand226-0
104,XEMGUS__ligand1165-0
105,XEMGUS__ligand11774-0
106,XEMGUS__ligand14586-0
107,XEMGUS__ligand162-0
108,XEMGUS__ligand21421-0
109,XEMGUS__ligand3157-0
110,XEMGUS__ligand20579-0
111,XEMGUS__ligand17710-0
112,XEMGUS__ligand2722-0
113,XEMGUS__ligand1379-0
114,XEMGUS__ligand11568-0
115,XEMGUS__ligand383-0
116,XEMGUS__ligand5935-0
117,XEMGUS__ligand416-0
118,XEMGUS__ligand17590-0
119,XEMGUS__ligand17240-0
120,XEMGUS__ligand5849-0
121,XEMGUS__ligand696-0
122,XEMGUS__ligand4911-0
123,XEMGUS__ligand1771-0
124,XEMGUS__ligand12682-0
125,XEMGUS__ligand18699-0
126,XEMGUS__ligand3392-0
127,XEMGUS__ligand8349-0
128,XEMGUS__ligand1709-0
129,XEMGUS__ligand32-0
130,XEMGUS__ligand8464-0
131,XEMGUS__ligand12336-0
132,XEMGUS__ligand2527-0
133,XEMGUS__ligand656-0
134,XEMGUS__ligand13072-0
135,XEMGUS__ligand2781-0
136,XEMGUS__ligand7573-0
137,XEMGUS__ligand3350-0
138,XEMGUS__ligand15438-0
139,XEMGUS__ligand8722-0
140,XEMGUS__ligand28924-0
141,XEMGUS__ligand1327-0
142,XEMGUS__ligand9809-0
143,XEMGUS__ligand6672-0
144,XEMGUS__ligand18703-0
145,XEMGUS__ligand29087-0
146,XEMGUS__ligand3208-0
147,XEMGUS__ligand2208-0
148,XEMGUS__ligand694-0
149,XEMGUS__ligand9197-0
150,XEMGUS__ligand1900-0
151,XEMGUS__ligand31578-0
152,XEMGUS__ligand17207-0
153,XEMGUS__ligand25224-0
154,XEMGUS__ligand18013-0
155,XEMGUS__ligand17945-0
156,XEMGUS__ligand488-0
157,XEMGUS__ligand7162-0
158,XEMGUS__ligand3029-0
159,XEMGUS__ligand4581-0
160,XEMGUS__ligand358-0
161,XEMGUS__ligand1773-0
162,XEMGUS__ligand48-0
163,XEMGUS__ligand2328-0
164,XEMGUS__ligand24750-0
165,XEMGUS__ligand430-0
166,XEMGUS__ligand31618-0
167,XEMGUS__ligand11432-0
168,XEMGUS__ligand5892-0
169,XEMGUS__ligand10432-0
170,XEMGUS__ligand5094-0
171,XEMGUS__ligand22755-0
172,XEMGUS__ligand26277-0
173,XEMGUS__ligand29898-0
174,XEMGUS__ligand1712-0
175,XEMGUS__ligand4131-0
176,XEMGUS__ligand91-0
177,XEMGUS__ligand23589-0
178,XEMGUS__ligand7557-0
179,XEMGUS__ligand1496-0
180,XEMGUS__ligand24064-0
181,XEMGUS__ligand51-0
182,XEMGUS__ligand534-0
183,XEMGUS__ligand571-0
184,XEMGUS__ligand15168-0
185,XEMGUS__ligand670-0
186,XEMGUS__ligand1533-0
187,XEMGUS__ligand20598-0
188,XEMGUS__ligand11675-0
189,XEMGUS__ligand24047-0
190,XEMGUS__ligand10589-0
191,XEMGUS__ligand22557-0
192,XEMGUS__ligand4503-0
193,XEMGUS__ligand4546-0
194,XEMGUS__ligand17398-0
195,XEMGUS__ligand6768-0
196,XEMGUS__ligand8115-0
197,XEMGUS__ligand7000-0
198,XEMGUS__ligand1982-0
199,XEMGUS__ligand20011-0
200,XEMGUS__ligand17278-0
201,XEMGUS__ligand17982-0
202,XEMGUS__ligand29414-0
203,XEMGUS__ligand1285-0
204,XEMGUS__ligand20251-1
205,XEMGUS__ligand2232-0
206,XEMGUS__ligand693-0
207,XEMGUS__ligand2176-0
208,XEMGUS__ligand9291-0
209,XEMGUS__ligand8876-0
210,XEMGUS__ligand2828-0
211,XEMGUS__ligand7648-0
212,XEMGUS__ligand9833-0
213,XEMGUS__ligand5256-0
214,XEMGUS__ligand14703-0
215,XEMGUS__ligand16475-0
216,XEMGUS__ligand4157-0
217,XEMGUS__ligand122-0
218,XEMGUS__ligand4093-0
219,XEMGUS__ligand4442-0
220,XEMGUS__ligand3954-0
221,XEMGUS__ligand9520-0
222,XEMGUS__ligand1160-0
223,XEMGUS__ligand14117-0
224,XEMGUS__ligand17261-0
225,XEMGUS__ligand8699-0
226,XEMGUS__ligand21581-0
227,XEMGUS__ligand31097-0
228,XEMGUS__ligand9784-0
229,XEMGUS__ligand1451-0
230,XEMGUS__ligand4272-0
231,XEMGUS__ligand20539-0
232,XEMGUS__ligand20251-0
233,XEMGUS__ligand7629-0
234,XEMGUS__ligand30702-0
235,XEMGUS__ligand20214-0
236,XEMGUS__ligand757-0
237,XEMGUS__ligand14889-0
238,XEMGUS__ligand30851-0
239,XEMGUS__ligand7280-0
240,XEMGUS__ligand1790-0
241,XEMGUS__ligand1304-0
242,XEMGUS__ligand29568-0
243,XEMGUS__ligand7238-0
244,XEMGUS__ligand4016-0
245,XEMGUS__ligand28789-0
246,XEMGUS__ligand7867-0
247,XEMGUS__ligand20419-0
248,XEMGUS__ligand1219-0
249,XEMGUS__ligand6709-0
250,XEMGUS__ligand21371-0
251,XEMGUS__ligand17118-0
252,XEMGUS__ligand1844-0
253,XEMGUS__ligand4661-0
254,XEMGUS__ligand13208-0
255,XEMGUS__ligand11-0
256,XEMGUS__ligand3876-0
257,XEMGUS__ligand1343-0
258,XEMGUS__ligand768-0
259,XEMGUS__ligand3035-0
260,XEMGUS__ligand6616-0
261,XEMGUS__ligand26810-0
262,XEMGUS__ligand3718-0
263,XEMGUS__ligand27482-0
264,XEMGUS__ligand9935-0
265,XEMGUS__ligand1536-0
266,XEMGUS__ligand1573-0
267,XEMGUS__ligand1959-0
268,XEMGUS__ligand3504-0
269,XEMGUS__ligand13390-0
270,XEMGUS__ligand9908-0
271,XEMGUS__ligand1263-0
272,XEMGUS__ligand20682-0
273,XEMGUS__ligand384-0
274,XEMGUS__ligand7106-0
275,XEMGUS__ligand7242-0
276,XEMGUS__ligand69-0
277,XEMGUS__ligand141-0
278,XEMGUS__ligand6839-0
279,XEMGUS__ligand3174-0
280,XEMGUS__ligand1202-0
281,XEMGUS__ligand3937-0
282,XEMGUS__ligand11456-0
283,XEMGUS__ligand3131-0
284,XEMGUS__ligand8969-0
285,XEMGUS__ligand240-0
286,XEMGUS__ligand14174-0
287,XEMGUS__ligand4720-0
288,XEMGUS__ligand10712-0
289,XEMGUS__ligand4155-0
290,XEMGUS__ligand3094-0
291,XEMGUS__ligand5211-0
292,XEMGUS__ligand25411-0
293,XEMGUS__ligand31832-0
294,XEMGUS__ligand6919-0
295,XEMGUS__ligand2485-0
296,XEMGUS__ligand3852-0
297,XEMGUS__ligand13294-0
298,XEMGUS__ligand28884-0
299,XEMGUS__ligand3565-0
300,XEMGUS__ligand13331-0
301,XEMGUS__ligand5331-0
302,XEMGUS__ligand12030-0
303,XEMGUS__ligand1512-0
304,XEMGUS__ligand29879-0
305,XEMGUS__ligand14248-0
306,XEMGUS__ligand10262-0
307,XEMGUS__ligand7126-0
308,XEMGUS__ligand28676-0
309,XEMGUS__ligand27763-0
310,XEMGUS__ligand8835-0
311,XEMGUS__ligand2028-0
312,XEMGUS__ligand49-0
313,XEMGUS__ligand8-0
314,XEMGUS__ligand201-0
315,XEMGUS__ligand1142-0
316,XEMGUS__ligand29302-0
317,XEMGUS__ligand3234-0
318,XEMGUS__ligand13425-0
319,XEMGUS__ligand18814-0
320,XEMGUS__ligand19057-0
321,XEMGUS__ligand178-0
322,XEMGUS__ligand279-0
323,XEMGUS__ligand14108-0
324,XEMGUS__ligand185-0
325,XEMGUS__ligand321-0
326,XEMGUS__ligand10958-0
327,XEMGUS__ligand4641-0
328,XEMGUS__ligand12641-0
329,XEMGUS__ligand89-0
330,XEMGUS__ligand25178-0
331,XEMGUS__ligand24185-0
332,XEMGUS__ligand2295-0
333,XEMGUS__ligand23769-0
334,XEMGUS__ligand1577-0
335,XEMGUS__ligand6067-0
336,XEMGUS__ligand17805-0
337,XEMGUS__ligand17302-0
338,XEMGUS__ligand4620-0
339,XEMGUS__ligand3465-0
340,XEMGUS__ligand338-0
341,XEMGUS__ligand12231-0
342,XEMGUS__ligand12289-0
343,XEMGUS__ligand18292-0
344,XEMGUS__ligand13658-0
345,XEMGUS__ligand26702-0
346,XEMGUS__ligand6596-0
347,XEMGUS__ligand3721-0
348,XEMGUS__ligand6904-0
349,XEMGUS__ligand6102-0
350,XEMGUS__ligand17387-0
351,XEMGUS__ligand12130-0
352,XEMGUS__ligand2917-0
353,XEMGUS__ligand10476-0
354,XEMGUS__ligand7819-0
355,XEMGUS__ligand19830-0
356,XEMGUS__ligand13068-0
357,XEMGUS__ligand15585-0
358,XEMGUS__ligand12401-0
359,XEMGUS__ligand24145-0
360,XEMGUS__ligand15422-0
361,XEMGUS__ligand20578-0
362,XEMGUS__ligand12934-0
363,XEMGUS__ligand19641-0
364,XEMGUS__ligand1378-0
365,XEMGUS__ligand6244-0
366,XEMGUS__ligand14723-0
367,XEMGUS__ligand27893-0
368,XEMGUS__ligand30988-0
369,XEMGUS__ligand18832-0
370,XEMGUS__ligand27175-0
371,XEMGUS__ligand163-0
372,XEMGUS__ligand126-0
373,XEMGUS__ligand23713-0
374,XEMGUS__ligand3156-0
375,XEMGUS__ligand2915-0
376,XEMGUS__ligand17631-0
377,XEMGUS__ligand1530-0
378,XEMGUS__ligand13012-0
379,XEMGUS__ligand1575-0
380,XEMGUS__ligand9933-0
381,XEMGUS__ligand26665-0
382,XEMGUS__ligand14297-0
383,XEMGUS__ligand1631-0
384,XEMGUS__ligand14603-0
385,XEMGUS__ligand17258-0
386,XEMGUS__ligand31783-0
387,XEMGUS__ligand9441-0
388,XEMGUS__ligand17-0
389,XEMGUS__ligand2332-0
390,XEMGUS__ligand845-0
391,XEMGUS__ligand187-0
392,XEMGUS__ligand26540-0
393,XEMGUS__ligand12337-0
394,XEMGUS__ligand2526-0
395,XEMGUS__ligand5036-0
396,XEMGUS__ligand1615-0
397,XEMGUS__ligand29410-0
398,XEMGUS__ligand657-0
399,XEMGUS__ligand9952-0
400,XEMGUS__ligand9111-0
401,XEMGUS__ligand30296-0
402,XEMGUS__ligand17281-0
403,XEMGUS__ligand12606-0
404,XEMGUS__ligand1324-0
405,XEMGUS__ligand8721-0
406,XEMGUS__ligand5643-0
407,XEMGUS__ligand1823-0
408,XEMGUS__ligand366-0
409,XEMGUS__ligand30333-0
410,XEMGUS__ligand27460-0
411,XEMGUS__ligand1018-0
412,XEMGUS__ligand4116-0
413,XEMGUS__ligand777-0
414,XEMGUS__ligand3707-0
415,XEMGUS__ligand6124-0
416,XEMGUS__ligand7967-0
417,XEMGUS__ligand596-0
418,XEMGUS__ligand941-0
419,XEMGUS__ligand16628-0
420,XEMGUS__ligand9601-0
421,XEMGUS__ligand12427-0
422,XEMGUS__ligand28468-0
423,XEMGUS__ligand8992-0
424,XEMGUS__ligand20740-0
425,XEMGUS__ligand3677-1
426,XEMGUS__ligand9883-0
427,XEMGUS__ligand28685-0
428,XEMGUS__ligand18568-0
429,XEMGUS__ligand487-0
430,XEMGUS__ligand13672-0
431,XEMGUS__ligand7291-0
432,XEMGUS__ligand9299-0
433,XEMGUS__ligand10371-0
434,XEMGUS__ligand4007-0
435,XEMGUS__ligand2985-0
436,XEMGUS__ligand28459-0
437,XEMGUS__ligand18448-0
438,XEMGUS__ligand5383-0
439,XEMGUS__ligand12453-0
440,XEMGUS__ligand2693-0
441,XEMGUS__ligand176-0
442,XEMGUS__ligand3945-0
443,XEMGUS__ligand3736-0
444,XEMGUS__ligand746-0
445,XEMGUS__ligand8000-0
446,XEMGUS__ligand9344-0
447,XEMGUS__ligand19184-0
448,XEMGUS__ligand447-0
449,XEMGUS__ligand27669-0
450,XEMGUS__ligand1211-0
451,XEMGUS__ligand152-0
452,XEMGUS__ligand30142-0
453,XEMGUS__ligand13477-0
454,XEMGUS__ligand6892-0
455,XEMGUS__ligand14167-0
456,XEMGUS__ligand1499-0
457,XEMGUS__ligand2881-0
458,XEMGUS__ligand1464-0
459,XEMGUS__ligand3712-0
460,XEMGUS__ligand6699-0
461,XEMGUS__ligand23197-0
462,XEMGUS__ligand506-0
463,XEMGUS__ligand1168-0
464,XEMGUS__ligand1294-0
465,XEMGUS__ligand27285-0
466,XEMGUS__ligand29029-0
467,XEMGUS__ligand3632-0
468,XEMGUS__ligand3677-0
469,XEMGUS__ligand24-0
470,XEMGUS__ligand21919-0
471,XEMGUS__ligand22294-0
472,XEMGUS__ligand833-0
473,XEMGUS__ligand9773-0
474,XEMGUS__ligand1376-0
475,XEMGUS__ligand28930-0
476,XEMGUS__ligand5510-0
477,XEMGUS__ligand22168-0
478,XEMGUS__ligand1197-0
479,XEMGUS__ligand11357-0
480,XEMGUS__ligand13862-0
481,XEMGUS__ligand15531-0
482,XEMGUS__ligand28743-0
483,XEMGUS__ligand5099-0
484,XEMGUS__ligand8592-0
485,XEMGUS__ligand1296-0
486,XEMGUS__ligand10056-0
487,XEMGUS__ligand12365-0
488,XEMGUS__ligand2259-0
489,XEMGUS__ligand19792-0
490,XEMGUS__ligand10828-0
491,XEMGUS__ligand2221-0
492,XEMGUS__ligand15926-0
493,XEMGUS__ligand4358-0
494,XEMGUS__ligand115-0
495,XEMGUS__ligand24230-0
496,XEMGUS__ligand28810-0
497,XEMGUS__ligand11447-0
498,XEMGUS__ligand3120-0
499,XEMGUS__ligand11096-0
500,XEMGUS__ligand3926-0
501,XEMGUS__ligand15883-0
502,XEMGUS__ligand5595-0
503,XEMGUS__ligand19-0
504,XEMGUS__ligand11970-0
505,XEMGUS__ligand4101-0
506,XEMGUS__ligand7762-0
507,XEMGUS__ligand5080-0
508,XEMGUS__ligand16988-0
509,XEMGUS__ligand25913-0
510,XEMGUS__ligand78-0
511,XEMGUS__ligand368-0
512,XEMGUS__ligand395-0
513,XEMGUS__ligand30711-0
514,XEMGUS__ligand20207-0
515,XEMGUS__ligand5509-0
516,XEMGUS__ligand8002-0
517,XEMGUS__ligand1407-0
518,XEMGUS__ligand6117-0
519,XEMGUS__ligand11682-0
520,XEMGUS__ligand1317-0
521,XEMGUS__ligand11994-0
522,XEMGUS__ligand3867-0
523,XEMGUS__ligand2822-0
524,XEMGUS__ligand7293-0
525,XEMGUS__ligand31842-0
526,XEMGUS__ligand31044-0
527,XEMGUS__ligand45-0
528,XEMGUS__ligand4-0
529,XEMGUS__ligand784-0
530,XEMGUS__ligand24035-0
531,XEMGUS__ligand2238-0
532,XEMGUS__ligand14614-0
533,XEMGUS__ligand9167-0
534,XEMGUS__ligand16663-0
535,XEMGUS__ligand5304-0
536,XEMGUS__ligand23175-0
537,XEMGUS__ligand391-0
538,XEMGUS__ligand15788-0
539,XEMGUS__ligand17396-0
540,XEMGUS__ligand4649-0
541,XEMGUS__ligand8793-0
542,XEMGUS__ligand5649-0
543,XEMGUS__ligand2788-0
544,XEMGUS__ligand11587-0
545,XEMGUS__ligand13220-0
546,XEMGUS__ligand4711-0
547,XEMGUS__ligand3244-0
548,XEMGUS__ligand24111-0
549,XEMGUS__ligand22444-0
550,XEMGUS__ligand2906-0
551,XEMGUS__ligand13385-0
552,XEMGUS__ligand618-0
553,XEMGUS__ligand14569-0
554,XEMGUS__ligand3178-0
555,XEMGUS__ligand12001-0
556,XEMGUS__ligand24644-0
557,XEMGUS__ligand4807-0
558,XEMGUS__ligand10033-0
559,XEMGUS__ligand7196-0
560,XEMGUS__ligand5159-0
561,XEMGUS__ligand780-0
562,XEMGUS__ligand24872-0
563,XEMGUS__ligand314-0
564,XEMGUS__ligand1787-0
565,XEMGUS__ligand1356-0
566,XEMGUS__ligand5530-0
567,XEMGUS__ligand30728-0
568,XEMGUS__ligand27840-0
569,XEMGUS__ligand813-0
570,XEMGUS__ligand9753-0
571,XEMGUS__ligand7316-0
572,XEMGUS__ligand5708-0
573,XEMGUS__ligand314-1
574,XEMGUS__ligand6017-0
575,XEMGUS__ligand25561-0
576,XEMGUS__ligand12138-0
577,XEMGUS__ligand24780-0
578,XEMGUS__ligand5180-0
579,XEMGUS__ligand22129-0
580,XEMGUS__ligand11949-0
581,XEMGUS__ligand17427-0
582,XEMGUS__ligand7273-0
583,XEMGUS__ligand465-0
584,XEMGUS__ligand9323-0
585,XEMGUS__ligand7172-0
586,XEMGUS__ligand8612-0
587,XEMGUS__ligand2124-0
588,XEMGUS__ligand29486-0
589,XEMGUS__ligand31694-0
590,XEMGUS__ligand7092-0
591,XEMGUS__ligand2260-0
592,XEMGUS__ligand3225-0
593,XEMGUS__ligand1153-0
594,XEMGUS__ligand1116-0
595,XEMGUS__ligand11618-0
596,XEMGUS__ligand422-0
597,XEMGUS__ligand2417-0
598,XEMGUS__ligand26529-0
599,XEMGUS__ligand1114-0
600,XEMGUS__ligand686-0
601,XEMGUS__ligand6391-0
602,XEMGUS__ligand3126-0
603,XEMGUS__ligand9284-0
604,XEMGUS__ligand1228-0
605,XEMGUS__ligand9943-0
606,XEMGUS__ligand196-0
607,XEMGUS__ligand21729-0
608,XEMGUS__ligand1604-0
609,XEMGUS__ligand27239-0
610,XEMGUS__ligand14043-0
611,XEMGUS__ligand1832-0
612,XEMGUS__ligand8788-0
613,XEMGUS__ligand67-0
614,XEMGUS__ligand28559-0
615,XEMGUS__ligand26324-0
616,XEMGUS__ligand2043-0
617,XEMGUS__ligand19927-0
618,XEMGUS__ligand21399-0
619,XEMGUS__ligand10872-0
620,XEMGUS__ligand1599-0
621,XEMGUS__ligand2612-0
622,XEMGUS__ligand12003-0
623,XEMGUS__ligand16148-0
624,XEMGUS__ligand26631-0
625,XEMGUS__ligand43-0
626,XEMGUS__ligand9450-0
627,XEMGUS__ligand353-0
628,XEMGUS__ligand29215-0
629,XEMGUS__ligand28540-0
630,XEMGUS__ligand11111-0
631,XEMGUS__ligand16369-0
632,XEMGUS__ligand393-0
633,XEMGUS__ligand27754-0
634,XEMGUS__ligand20695-0
635,XEMGUS__ligand1289-0
636,XEMGUS__ligand22403-0
637,XEMGUS__ligand2203-0
638,XEMGUS__ligand5387-0
639,XEMGUS__ligand5201-0
640,XEMGUS__ligand15455-0
641,XEMGUS__ligand18-0
642,XEMGUS__ligand11177-0
643,XEMGUS__ligand31205-0
644,XEMGUS__ligand250-0
645,XEMGUS__ligand8553-0
646,XEMGUS__ligand25658-0
647,XEMGUS__ligand17686-0
648,XEMGUS__ligand1113-0
649,XEMGUS__ligand16603-0
650,XEMGUS__ligand8593-0
651,XEMGUS__ligand9944-0
652,XEMGUS__ligand11814-0
653,XEMGUS__ligand370-0
654,XEMGUS__ligand11622-0
655,XEMGUS__ligand7566-0
656,XEMGUS__ligand16870-0
657,XEMGUS__ligand2001-0
658,XEMGUS__ligand20821-0
659,XEMGUS__ligand564-0
660,XEMGUS__ligand3180-0
661,XEMGUS__ligand620-0
662,XEMGUS__ligand26673-0
663,XEMGUS__ligand4340-0
664,XEMGUS__ligand370-1
665,XEMGUS__ligand2650-0
666,XEMGUS__ligand2281-0
667,XEMGUS__ligand2823-0
668,XEMGUS__ligand31000-0
669,XEMGUS__ligand479-0
670,XEMGUS__ligand6995-0
671,XEMGUS__ligand11606-0
672,XEMGUS__ligand311-0
673,XEMGUS__ligand785-0
674,XEMGUS__ligand10582-0
675,XEMGUS__ligand4124-0
676,XEMGUS__ligand4161-0
677,XEMGUS__ligand3471-0
678,XEMGUS__ligand13260-0
679,XEMGUS__ligand11252-0
680,XEMGUS__ligand5415-0
681,XEMGUS__ligand19824-0
682,XEMGUS__ligand18067-0
683,XEMGUS__ligand188-0
684,XEMGUS__ligand4262-0
685,XEMGUS__ligand10151-0
686,XEMGUS__ligand1028-0
687,XEMGUS__ligand1618-0
688,XEMGUS__ligand2692-0
689,XEMGUS__ligand177-0
690,XEMGUS__ligand909-0
691,XEMGUS__ligand22353-0
692,XEMGUS__ligand1050-0
693,XEMGUS__ligand1015-0
694,XEMGUS__ligand19906-0
695,XEMGUS__ligand19668-0
696,XEMGUS__ligand2027-0
697,XEMGUS__ligand193-0
698,XEMGUS__ligand1169-0
699,XEMGUS__ligand29441-0
700,XEMGUS__ligand10853-0
701,XEMGUS__ligand8529-0
702,XEMGUS__ligand27610-0
703,XEMGUS__ligand10479-0
704,XEMGUS__ligand11479-0
705,XEMGUS__ligand14302-0
706,XEMGUS__ligand14347-0
707,XEMGUS__ligand13657-0
708,XEMGUS__ligand20530-0
709,XEMGUS__ligand830-0
710,XEMGUS__ligand11698-0
711,XEMGUS__ligand24851-0
712,XEMGUS__ligand372-0
713,XEMGUS__ligand1498-0
714,XEMGUS__ligand20121-0
715,XEMGUS__ligand15387-0
716,XEMGUS__ligand4596-0
717,XEMGUS__ligand20220-0
718,XEMGUS__ligand16952-0
719,XEMGUS__ligand29813-0
720,XEMGUS__ligand116-0
721,XEMGUS__ligand9615-0
722,XEMGUS__ligand1154-0
723,XEMGUS__ligand252-0
724,XEMGUS__ligand14007-0
725,XEMGUS__ligand66-0
726,XEMGUS__ligand18019-1
727,XEMGUS__ligand3042-0
728,XEMGUS__ligand7438-0
729,XEMGUS__ligand8200-0
730,XEMGUS__ligand27550-0
731,XEMGUS__ligand197-0
732,XEMGUS__ligand4063-0
733,XEMGUS__ligand1150-0
734,XEMGUS__ligand20942-1
735,XEMGUS__ligand16956-0
736,XEMGUS__ligand21339-0
737,XEMGUS__ligand14226-0
738,XEMGUS__ligand1539-0
739,XEMGUS__ligand27771-0
740,XEMGUS__ligand18158-0
741,XEMGUS__ligand4207-0
742,XEMGUS__ligand23682-0
743,XEMGUS__ligand3416-0
744,XEMGUS__ligand29565-0
745,XEMGUS__ligand3453-0
746,XEMGUS__ligand11798-0
747,XEMGUS__ligand1288-0
748,XEMGUS__ligand20731-0
749,XEMGUS__ligand12413-0
750,XEMGUS__ligand29334-0
751,XEMGUS__ligand17445-0
752,XEMGUS__ligand4167-0
753,XEMGUS__ligand14477-0
754,XEMGUS__ligand1400-0
755,XEMGUS__ligand4266-0
756,XEMGUS__ligand868-0
757,XEMGUS__ligand9491-0
758,XEMGUS__ligand17069-0
759,XEMGUS__ligand9750-0
760,XEMGUS__ligand11544-0
761,XEMGUS__ligand11501-0
762,XEMGUS__ligand3-0
763,XEMGUS__ligand42-0
764,XEMGUS__ligand783-0
765,XEMGUS__ligand352-0
766,XEMGUS__ligand1779-0
767,XEMGUS__ligand1817-0
768,XEMGUS__ligand29214-0
769,XEMGUS__ligand6993-0
770,XEMGUS__ligand3557-0
771,XEMGUS__ligand3980-0
772,XEMGUS__ligand22357-0
773,XEMGUS__ligand11758-0
774,XEMGUS__ligand1149-0
775,XEMGUS__ligand21448-0
776,XEMGUS__ligand7075-0
777,XEMGUS__ligand5630-0
778,XEMGUS__ligand1-0
779,XEMGUS__ligand1786-0
780,XEMGUS__ligand20557-0
781,XEMGUS__ligand30004-0
782,XEMGUS__ligand3285-0
783,XEMGUS__ligand4795-0
784,XEMGUS__ligand1908-0
785,XEMGUS__ligand560-0
786,XEMGUS__ligand5755-0
787,XEMGUS__ligand4710-0
788,XEMGUS__ligand23445-0
789,XEMGUS__ligand24953-0
790,XEMGUS__ligand235-0
791,XEMGUS__ligand5085-0
792,XEMGUS__ligand13755-0
793,XEMGUS__ligand16133-0
794,XEMGUS__ligand3144-0
795,XEMGUS__ligand134-0
796,XEMGUS__ligand20432-0
797,XEMGUS__ligand27122-0
798,XEMGUS__ligand8042-0
799,XEMGUS__ligand6112-0
800,XEMGUS__ligand21940-0
801,XEMGUS__ligand1828-0
802,XEMGUS__ligand25048-0
803,XEMGUS__ligand38-0
804,XEMGUS__ligand7213-0
805,XEMGUS__ligand1397-0
806,XEMGUS__ligand1216-0
807,XEMGUS__ligand685-0
808,XEMGUS__ligand21752-0
809,XEMGUS__ligand5019-0
810,XEMGUS__ligand3261-0
811,XEMGUS__ligand1152-0
812,XEMGUS__ligand30788-0
813,XEMGUS__ligand13691-0
814,XEMGUS__ligand421-0
815,XEMGUS__ligand1849-0
816,XEMGUS__ligand14339-0
817,XEMGUS__ligand6663-0
818,XEMGUS__ligand5515-0
819,XEMGUS__ligand1831-0
820,XEMGUS__ligand5614-0
821,XEMGUS__ligand5280-0
822,XEMGUS__ligand20844-0
823,XEMGUS__ligand18413-0
824,XEMGUS__ligand24624-0
825,XEMGUS__ligand18757-0
826,XEMGUS__ligand294-0
827,XEMGUS__ligand24560-0
