,TMC
0,TIMJEE__ligand30851-0
1,TIMJEE__ligand14889-0
2,TIMJEE__ligand2403-0
3,TIMJEE__ligand29568-0
4,TIMJEE__ligand833-0
5,TIMJEE__ligand3934-0
6,TIMJEE__ligand28789-0
7,TIMJEE__ligand6455-0
8,TIMJEE__ligand17118-0
9,TIMJEE__ligand6882-0
10,TIMJEE__ligand21371-0
11,TIMJEE__ligand20419-0
12,TIMJEE__ligand9681-0
13,TIMJEE__ligand17261-0
14,TIMJEE__ligand14117-0
15,TIMJEE__ligand115-0
16,TIMJEE__ligand4332-0
17,TIMJEE__ligand31097-0
18,TIMJEE__ligand21581-0
19,TIMJEE__ligand3012-0
20,TIMJEE__ligand1449-0
21,TIMJEE__ligand7530-0
22,TIMJEE__ligand20251-0
23,TIMJEE__ligand20214-0
24,TIMJEE__ligand30702-0
25,TIMJEE__ligand1065-0
26,TIMJEE__ligand20539-0
27,TIMJEE__ligand5316-0
28,TIMJEE__ligand20251-1
29,TIMJEE__ligand18-0
30,TIMJEE__ligand5483-0
31,TIMJEE__ligand1729-0
32,TIMJEE__ligand368-0
33,TIMJEE__ligand5627-0
34,TIMJEE__ligand16475-0
35,TIMJEE__ligand14703-0
36,TIMJEE__ligand395-0
37,TIMJEE__ligand2830-0
38,TIMJEE__ligand1415-0
39,TIMJEE__ligand6946-0
40,TIMJEE__ligand10589-0
41,TIMJEE__ligand22557-0
42,TIMJEE__ligand24047-0
43,TIMJEE__ligand11675-0
44,TIMJEE__ligand20598-0
45,TIMJEE__ligand17398-0
46,TIMJEE__ligand784-0
47,TIMJEE__ligand7529-0
48,TIMJEE__ligand29414-0
49,TIMJEE__ligand17982-0
50,TIMJEE__ligand9148-0
51,TIMJEE__ligand17278-0
52,TIMJEE__ligand20011-0
53,TIMJEE__ligand13294-0
54,TIMJEE__ligand31832-0
55,TIMJEE__ligand487-0
56,TIMJEE__ligand7107-0
57,TIMJEE__ligand13331-0
58,TIMJEE__ligand28884-0
59,TIMJEE__ligand3215-0
60,TIMJEE__ligand29879-0
61,TIMJEE__ligand14248-0
62,TIMJEE__ligand12030-0
63,TIMJEE__ligand4738-0
64,TIMJEE__ligand11456-0
65,TIMJEE__ligand5813-0
66,TIMJEE__ligand4813-0
67,TIMJEE__ligand10712-0
68,TIMJEE__ligand14174-0
69,TIMJEE__ligand176-0
70,TIMJEE__ligand6062-0
71,TIMJEE__ligand746-0
72,TIMJEE__ligand6283-0
73,TIMJEE__ligand447-0
74,TIMJEE__ligand25411-0
75,TIMJEE__ligand152-0
76,TIMJEE__ligand4330-0
77,TIMJEE__ligand2599-0
78,TIMJEE__ligand13390-0
79,TIMJEE__ligand7532-0
80,TIMJEE__ligand20682-0
81,TIMJEE__ligand4194-0
82,TIMJEE__ligand13208-0
83,TIMJEE__ligand7925-0
84,TIMJEE__ligand2068-0
85,TIMJEE__ligand27482-0
86,TIMJEE__ligand26810-0
87,TIMJEE__ligand1147-0
88,TIMJEE__ligand506-0
89,TIMJEE__ligand3973-0
90,TIMJEE__ligand12231-0
91,TIMJEE__ligand8722-0
92,TIMJEE__ligand1327-0
93,TIMJEE__ligand6672-0
94,TIMJEE__ligand9809-0
95,TIMJEE__ligand17387-0
96,TIMJEE__ligand12130-0
97,TIMJEE__ligand2781-0
98,TIMJEE__ligand13658-0
99,TIMJEE__ligand7573-0
100,TIMJEE__ligand422-0
101,TIMJEE__ligand26702-0
102,TIMJEE__ligand12289-0
103,TIMJEE__ligand3350-0
104,TIMJEE__ligand18292-0
105,TIMJEE__ligand19830-0
106,TIMJEE__ligand13068-0
107,TIMJEE__ligand686-0
108,TIMJEE__ligand3208-0
109,TIMJEE__ligand10476-0
110,TIMJEE__ligand2208-0
111,TIMJEE__ligand24145-0
112,TIMJEE__ligand15585-0
113,TIMJEE__ligand12401-0
114,TIMJEE__ligand25178-0
115,TIMJEE__ligand42-0
116,TIMJEE__ligand23769-0
117,TIMJEE__ligand9197-0
118,TIMJEE__ligand1900-0
119,TIMJEE__ligand24185-0
120,TIMJEE__ligand196-0
121,TIMJEE__ligand4581-0
122,TIMJEE__ligand1773-0
123,TIMJEE__ligand2328-0
124,TIMJEE__ligand17805-0
125,TIMJEE__ligand7162-0
126,TIMJEE__ligand3029-0
127,TIMJEE__ligand17302-0
128,TIMJEE__ligand14108-0
129,TIMJEE__ligand5892-0
130,TIMJEE__ligand66-0
131,TIMJEE__ligand5094-0
132,TIMJEE__ligand10958-0
133,TIMJEE__ligand12641-0
134,TIMJEE__ligand1712-0
135,TIMJEE__ligand4131-0
136,TIMJEE__ligand353-0
137,TIMJEE__ligand7557-0
138,TIMJEE__ligand27763-0
139,TIMJEE__ligand1496-0
140,TIMJEE__ligand10262-0
141,TIMJEE__ligand28676-0
142,TIMJEE__ligand393-0
143,TIMJEE__ligand29302-0
144,TIMJEE__ligand13425-0
145,TIMJEE__ligand1533-0
146,TIMJEE__ligand19057-0
147,TIMJEE__ligand18814-0
148,TIMJEE__ligand1469-0
149,TIMJEE__ligand391-0
150,TIMJEE__ligand8-0
151,TIMJEE__ligand27460-0
152,TIMJEE__ligand3871-0
153,TIMJEE__ligand1768-0
154,TIMJEE__ligand5056-0
155,TIMJEE__ligand16628-0
156,TIMJEE__ligand4850-0
157,TIMJEE__ligand5357-0
158,TIMJEE__ligand28468-0
159,TIMJEE__ligand3647-0
160,TIMJEE__ligand20740-0
161,TIMJEE__ligand12427-0
162,TIMJEE__ligand1688-0
163,TIMJEE__ligand618-0
164,TIMJEE__ligand29410-0
165,TIMJEE__ligand12337-0
166,TIMJEE__ligand3157-0
167,TIMJEE__ligand26540-0
168,TIMJEE__ligand9525-0
169,TIMJEE__ligand17281-0
170,TIMJEE__ligand1165-0
171,TIMJEE__ligand30296-0
172,TIMJEE__ligand5935-0
173,TIMJEE__ligand780-0
174,TIMJEE__ligand314-0
175,TIMJEE__ligand12606-0
176,TIMJEE__ligand30333-0
177,TIMJEE__ligand813-0
178,TIMJEE__ligand2722-0
179,TIMJEE__ligand1379-0
180,TIMJEE__ligand26665-0
181,TIMJEE__ligand13012-0
182,TIMJEE__ligand5849-0
183,TIMJEE__ligand17631-0
184,TIMJEE__ligand17258-0
185,TIMJEE__ligand14297-0
186,TIMJEE__ligand14603-0
187,TIMJEE__ligand314-1
188,TIMJEE__ligand3392-0
189,TIMJEE__ligand31783-0
190,TIMJEE__ligand4911-0
191,TIMJEE__ligand1771-0
192,TIMJEE__ligand465-0
193,TIMJEE__ligand19641-0
194,TIMJEE__ligand8349-0
195,TIMJEE__ligand15422-0
196,TIMJEE__ligand1709-0
197,TIMJEE__ligand12934-0
198,TIMJEE__ligand20578-0
199,TIMJEE__ligand8464-0
200,TIMJEE__ligand27893-0
201,TIMJEE__ligand14723-0
202,TIMJEE__ligand30988-0
203,TIMJEE__ligand38-0
204,TIMJEE__ligand2527-0
205,TIMJEE__ligand23713-0
206,TIMJEE__ligand18832-0
207,TIMJEE__ligand27175-0
208,TIMJEE__ligand21132-0
209,TIMJEE__ligand3035-0
210,TIMJEE__ligand3876-0
211,TIMJEE__ligand1343-0
212,TIMJEE__ligand6616-0
213,TIMJEE__ligand3718-0
214,TIMJEE__ligand11166-0
215,TIMJEE__ligand23906-0
216,TIMJEE__ligand4661-0
217,TIMJEE__ligand1844-0
218,TIMJEE__ligand1959-0
219,TIMJEE__ligand3504-0
220,TIMJEE__ligand30539-0
221,TIMJEE__ligand9935-0
222,TIMJEE__ligand177-0
223,TIMJEE__ligand1536-0
224,TIMJEE__ligand1573-0
225,TIMJEE__ligand1263-0
226,TIMJEE__ligand9908-0
227,TIMJEE__ligand909-0
228,TIMJEE__ligand25575-0
229,TIMJEE__ligand21787-0
230,TIMJEE__ligand25689-0
231,TIMJEE__ligand12295-0
232,TIMJEE__ligand27835-0
233,TIMJEE__ligand7242-0
234,TIMJEE__ligand7106-0
235,TIMJEE__ligand4720-0
236,TIMJEE__ligand193-0
237,TIMJEE__ligand31248-0
238,TIMJEE__ligand6839-0
239,TIMJEE__ligand1202-0
240,TIMJEE__ligand3937-0
241,TIMJEE__ligand3174-0
242,TIMJEE__ligand3131-0
243,TIMJEE__ligand25650-0
244,TIMJEE__ligand8969-0
245,TIMJEE__ligand13209-0
246,TIMJEE__ligand5211-0
247,TIMJEE__ligand19257-0
248,TIMJEE__ligand830-0
249,TIMJEE__ligand3094-0
250,TIMJEE__ligand4155-0
251,TIMJEE__ligand372-0
252,TIMJEE__ligand12660-0
253,TIMJEE__ligand11206-0
254,TIMJEE__ligand23124-0
255,TIMJEE__ligand6919-0
256,TIMJEE__ligand2485-0
257,TIMJEE__ligand3852-0
258,TIMJEE__ligand12519-0
259,TIMJEE__ligand25735-0
260,TIMJEE__ligand116-0
261,TIMJEE__ligand5331-0
262,TIMJEE__ligand1512-0
263,TIMJEE__ligand252-0
264,TIMJEE__ligand3565-0
265,TIMJEE__ligand4503-0
266,TIMJEE__ligand4546-0
267,TIMJEE__ligand11140-0
268,TIMJEE__ligand29610-0
269,TIMJEE__ligand29863-0
270,TIMJEE__ligand250-0
271,TIMJEE__ligand13869-0
272,TIMJEE__ligand1285-0
273,TIMJEE__ligand18074-0
274,TIMJEE__ligand6768-0
275,TIMJEE__ligand78-0
276,TIMJEE__ligand8115-0
277,TIMJEE__ligand7000-0
278,TIMJEE__ligand1982-0
279,TIMJEE__ligand18465-0
280,TIMJEE__ligand2176-0
281,TIMJEE__ligand45-0
282,TIMJEE__ligand18799-0
283,TIMJEE__ligand9291-0
284,TIMJEE__ligand2232-0
285,TIMJEE__ligand28668-0
286,TIMJEE__ligand4157-0
287,TIMJEE__ligand370-0
288,TIMJEE__ligand2828-0
289,TIMJEE__ligand8876-0
290,TIMJEE__ligand7648-0
291,TIMJEE__ligand16791-0
292,TIMJEE__ligand9833-0
293,TIMJEE__ligand5256-0
294,TIMJEE__ligand14523-0
295,TIMJEE__ligand27169-0
296,TIMJEE__ligand9520-0
297,TIMJEE__ligand18391-0
298,TIMJEE__ligand1160-0
299,TIMJEE__ligand564-0
300,TIMJEE__ligand8699-0
301,TIMJEE__ligand370-1
302,TIMJEE__ligand4442-0
303,TIMJEE__ligand4093-0
304,TIMJEE__ligand3954-0
305,TIMJEE__ligand24-0
306,TIMJEE__ligand620-0
307,TIMJEE__ligand1451-0
308,TIMJEE__ligand25805-0
309,TIMJEE__ligand4272-0
310,TIMJEE__ligand22981-0
311,TIMJEE__ligand7629-0
312,TIMJEE__ligand20599-0
313,TIMJEE__ligand27074-0
314,TIMJEE__ligand311-0
315,TIMJEE__ligand785-0
316,TIMJEE__ligand479-0
317,TIMJEE__ligand9784-0
318,TIMJEE__ligand7238-0
319,TIMJEE__ligand23904-0
320,TIMJEE__ligand13257-0
321,TIMJEE__ligand7280-0
322,TIMJEE__ligand21936-0
323,TIMJEE__ligand1790-0
324,TIMJEE__ligand1304-0
325,TIMJEE__ligand7867-0
326,TIMJEE__ligand12467-0
327,TIMJEE__ligand6709-0
328,TIMJEE__ligand1219-0
329,TIMJEE__ligand19-0
330,TIMJEE__ligand25267-0
331,TIMJEE__ligand4016-0
332,TIMJEE__ligand10084-0
333,TIMJEE__ligand188-0
334,TIMJEE__ligand6244-0
335,TIMJEE__ligand1378-0
336,TIMJEE__ligand12336-0
337,TIMJEE__ligand3156-0
338,TIMJEE__ligand2915-0
339,TIMJEE__ligand13072-0
340,TIMJEE__ligand560-0
341,TIMJEE__ligand235-0
342,TIMJEE__ligand1631-0
343,TIMJEE__ligand17590-0
344,TIMJEE__ligand134-0
345,TIMJEE__ligand1530-0
346,TIMJEE__ligand1575-0
347,TIMJEE__ligand9933-0
348,TIMJEE__ligand17240-0
349,TIMJEE__ligand12682-0
350,TIMJEE__ligand18699-0
351,TIMJEE__ligand9441-0
352,TIMJEE__ligand2332-0
353,TIMJEE__ligand9111-0
354,TIMJEE__ligand9952-0
355,TIMJEE__ligand11774-0
356,TIMJEE__ligand14586-0
357,TIMJEE__ligand685-0
358,TIMJEE__ligand5036-0
359,TIMJEE__ligand2526-0
360,TIMJEE__ligand21421-0
361,TIMJEE__ligand1615-0
362,TIMJEE__ligand421-0
363,TIMJEE__ligand11568-0
364,TIMJEE__ligand5643-0
365,TIMJEE__ligand1823-0
366,TIMJEE__ligand17710-0
367,TIMJEE__ligand20579-0
368,TIMJEE__ligand1324-0
369,TIMJEE__ligand8721-0
370,TIMJEE__ligand3707-0
371,TIMJEE__ligand6124-0
372,TIMJEE__ligand7967-0
373,TIMJEE__ligand1018-0
374,TIMJEE__ligand10555-0
375,TIMJEE__ligand4116-0
376,TIMJEE__ligand31483-0
377,TIMJEE__ligand19725-0
378,TIMJEE__ligand8992-0
379,TIMJEE__ligand294-0
380,TIMJEE__ligand24613-0
381,TIMJEE__ligand9601-0
382,TIMJEE__ligand23589-0
383,TIMJEE__ligand24064-0
384,TIMJEE__ligand7126-0
385,TIMJEE__ligand2028-0
386,TIMJEE__ligand8835-0
387,TIMJEE__ligand15168-0
388,TIMJEE__ligand43-0
389,TIMJEE__ligand3234-0
390,TIMJEE__ligand1142-0
391,TIMJEE__ligand197-0
392,TIMJEE__ligand22755-0
393,TIMJEE__ligand10432-0
394,TIMJEE__ligand31618-0
395,TIMJEE__ligand11432-0
396,TIMJEE__ligand26277-0
397,TIMJEE__ligand29898-0
398,TIMJEE__ligand4641-0
399,TIMJEE__ligand17207-0
400,TIMJEE__ligand31578-0
401,TIMJEE__ligand2295-0
402,TIMJEE__ligand6067-0
403,TIMJEE__ligand1577-0
404,TIMJEE__ligand17945-0
405,TIMJEE__ligand25224-0
406,TIMJEE__ligand18013-0
407,TIMJEE__ligand4620-0
408,TIMJEE__ligand24750-0
409,TIMJEE__ligand868-0
410,TIMJEE__ligand6904-0
411,TIMJEE__ligand3721-0
412,TIMJEE__ligand6596-0
413,TIMJEE__ligand6102-0
414,TIMJEE__ligand28924-0
415,TIMJEE__ligand15438-0
416,TIMJEE__ligand3465-0
417,TIMJEE__ligand352-0
418,TIMJEE__ligand783-0
419,TIMJEE__ligand18703-0
420,TIMJEE__ligand2917-0
421,TIMJEE__ligand67-0
422,TIMJEE__ligand7819-0
423,TIMJEE__ligand29087-0
424,TIMJEE__ligand13260-0
425,TIMJEE__ligand9773-0
426,TIMJEE__ligand10582-0
427,TIMJEE__ligand1376-0
428,TIMJEE__ligand5510-0
429,TIMJEE__ligand11252-0
430,TIMJEE__ligand436-0
431,TIMJEE__ligand1296-0
432,TIMJEE__ligand18067-0
433,TIMJEE__ligand19824-0
434,TIMJEE__ligand692-0
435,TIMJEE__ligand2259-0
436,TIMJEE__ligand1197-0
437,TIMJEE__ligand5099-0
438,TIMJEE__ligand8592-0
439,TIMJEE__ligand4358-0
440,TIMJEE__ligand3120-0
441,TIMJEE__ligand3926-0
442,TIMJEE__ligand20821-0
443,TIMJEE__ligand2221-0
444,TIMJEE__ligand26673-0
445,TIMJEE__ligand5595-0
446,TIMJEE__ligand326-0
447,TIMJEE__ligand31000-0
448,TIMJEE__ligand4101-0
449,TIMJEE__ligand11606-0
450,TIMJEE__ligand16603-0
451,TIMJEE__ligand7762-0
452,TIMJEE__ligand633-0
453,TIMJEE__ligand5080-0
454,TIMJEE__ligand11814-0
455,TIMJEE__ligand5509-0
456,TIMJEE__ligand11622-0
457,TIMJEE__ligand8002-0
458,TIMJEE__ligand497-0
459,TIMJEE__ligand6117-0
460,TIMJEE__ligand1407-0
461,TIMJEE__ligand16870-0
462,TIMJEE__ligand15455-0
463,TIMJEE__ligand1317-0
464,TIMJEE__ligand3867-0
465,TIMJEE__ligand2822-0
466,TIMJEE__ligand7293-0
467,TIMJEE__ligand11177-0
468,TIMJEE__ligand25658-0
469,TIMJEE__ligand9167-0
470,TIMJEE__ligand17686-0
471,TIMJEE__ligand31205-0
472,TIMJEE__ligand5304-0
473,TIMJEE__ligand2238-0
474,TIMJEE__ligand15387-0
475,TIMJEE__ligand20121-0
476,TIMJEE__ligand7291-0
477,TIMJEE__ligand9883-0
478,TIMJEE__ligand3677-1
479,TIMJEE__ligand20220-0
480,TIMJEE__ligand4007-0
481,TIMJEE__ligand2985-0
482,TIMJEE__ligand16952-0
483,TIMJEE__ligand199-0
484,TIMJEE__ligand29813-0
485,TIMJEE__ligand9299-0
486,TIMJEE__ligand10853-0
487,TIMJEE__ligand29441-0
488,TIMJEE__ligand588-0
489,TIMJEE__ligand3945-0
490,TIMJEE__ligand11479-0
491,TIMJEE__ligand2693-0
492,TIMJEE__ligand5383-0
493,TIMJEE__ligand10479-0
494,TIMJEE__ligand27610-0
495,TIMJEE__ligand11698-0
496,TIMJEE__ligand300-0
497,TIMJEE__ligand20530-0
498,TIMJEE__ligand9344-0
499,TIMJEE__ligand14302-0
500,TIMJEE__ligand13657-0
501,TIMJEE__ligand14347-0
502,TIMJEE__ligand24851-0
503,TIMJEE__ligand3736-0
504,TIMJEE__ligand8000-0
505,TIMJEE__ligand6892-0
506,TIMJEE__ligand11-0
507,TIMJEE__ligand22353-0
508,TIMJEE__ligand1211-0
509,TIMJEE__ligand3712-0
510,TIMJEE__ligand1464-0
511,TIMJEE__ligand1499-0
512,TIMJEE__ligand19668-0
513,TIMJEE__ligand409-0
514,TIMJEE__ligand361-0
515,TIMJEE__ligand324-0
516,TIMJEE__ligand19906-0
517,TIMJEE__ligand2881-0
518,TIMJEE__ligand6699-0
519,TIMJEE__ligand10151-0
520,TIMJEE__ligand69-0
521,TIMJEE__ligand3632-0
522,TIMJEE__ligand3677-0
523,TIMJEE__ligand1168-0
524,TIMJEE__ligand1294-0
525,TIMJEE__ligand11544-0
526,TIMJEE__ligand11501-0
527,TIMJEE__ligand2417-0
528,TIMJEE__ligand29214-0
529,TIMJEE__ligand1-0
530,TIMJEE__ligand11758-0
531,TIMJEE__ligand3126-0
532,TIMJEE__ligand22357-0
533,TIMJEE__ligand6391-0
534,TIMJEE__ligand9284-0
535,TIMJEE__ligand1114-0
536,TIMJEE__ligand21448-0
537,TIMJEE__ligand1604-0
538,TIMJEE__ligand11798-0
539,TIMJEE__ligand694-0
540,TIMJEE__ligand29334-0
541,TIMJEE__ligand9943-0
542,TIMJEE__ligand1228-0
543,TIMJEE__ligand12413-0
544,TIMJEE__ligand20731-0
545,TIMJEE__ligand2043-0
546,TIMJEE__ligand488-0
547,TIMJEE__ligand17445-0
548,TIMJEE__ligand17069-0
549,TIMJEE__ligand1832-0
550,TIMJEE__ligand430-0
551,TIMJEE__ligand8788-0
552,TIMJEE__ligand14477-0
553,TIMJEE__ligand358-0
554,TIMJEE__ligand2612-0
555,TIMJEE__ligand49-0
556,TIMJEE__ligand16956-0
557,TIMJEE__ligand14226-0
558,TIMJEE__ligand21339-0
559,TIMJEE__ligand20942-1
560,TIMJEE__ligand1599-0
561,TIMJEE__ligand18158-0
562,TIMJEE__ligand9450-0
563,TIMJEE__ligand27771-0
564,TIMJEE__ligand29565-0
565,TIMJEE__ligand23682-0
566,TIMJEE__ligand18019-1
567,TIMJEE__ligand14007-0
568,TIMJEE__ligand1289-0
569,TIMJEE__ligand89-0
570,TIMJEE__ligand534-0
571,TIMJEE__ligand2203-0
572,TIMJEE__ligand571-0
573,TIMJEE__ligand5387-0
574,TIMJEE__ligand670-0
575,TIMJEE__ligand27550-0
576,TIMJEE__ligand4649-0
577,TIMJEE__ligand8793-0
578,TIMJEE__ligand2788-0
579,TIMJEE__ligand5649-0
580,TIMJEE__ligand24624-0
581,TIMJEE__ligand2906-0
582,TIMJEE__ligand20844-0
583,TIMJEE__ligand18413-0
584,TIMJEE__ligand24560-0
585,TIMJEE__ligand4711-0
586,TIMJEE__ligand18757-0
587,TIMJEE__ligand3244-0
588,TIMJEE__ligand4807-0
589,TIMJEE__ligand226-0
590,TIMJEE__ligand3178-0
591,TIMJEE__ligand21752-0
592,TIMJEE__ligand162-0
593,TIMJEE__ligand1356-0
594,TIMJEE__ligand1787-0
595,TIMJEE__ligand383-0
596,TIMJEE__ligand5530-0
597,TIMJEE__ligand13691-0
598,TIMJEE__ligand9753-0
599,TIMJEE__ligand30788-0
600,TIMJEE__ligand416-0
601,TIMJEE__ligand14339-0
602,TIMJEE__ligand7196-0
603,TIMJEE__ligand5159-0
604,TIMJEE__ligand6017-0
605,TIMJEE__ligand23445-0
606,TIMJEE__ligand24953-0
607,TIMJEE__ligand27122-0
608,TIMJEE__ligand20432-0
609,TIMJEE__ligand7316-0
610,TIMJEE__ligand696-0
611,TIMJEE__ligand13755-0
612,TIMJEE__ligand16133-0
613,TIMJEE__ligand5708-0
614,TIMJEE__ligand25048-0
615,TIMJEE__ligand5180-0
616,TIMJEE__ligand21940-0
617,TIMJEE__ligand7172-0
618,TIMJEE__ligand3-0
619,TIMJEE__ligand7273-0
620,TIMJEE__ligand20557-0
621,TIMJEE__ligand30004-0
622,TIMJEE__ligand9323-0
623,TIMJEE__ligand7092-0
624,TIMJEE__ligand2260-0
625,TIMJEE__ligand1153-0
626,TIMJEE__ligand3225-0
627,TIMJEE__ligand1116-0
628,TIMJEE__ligand8612-0
629,TIMJEE__ligand2124-0
630,TIMJEE__ligand656-0
631,TIMJEE__ligand17-0
632,TIMJEE__ligand1028-0
633,TIMJEE__ligand23197-0
634,TIMJEE__ligand4262-0
635,TIMJEE__ligand768-0
636,TIMJEE__ligand34-0
637,TIMJEE__ligand1618-0
638,TIMJEE__ligand2692-0
639,TIMJEE__ligand29029-0
640,TIMJEE__ligand27285-0
641,TIMJEE__ligand30142-0
642,TIMJEE__ligand27669-0
643,TIMJEE__ligand14167-0
644,TIMJEE__ligand13477-0
645,TIMJEE__ligand2027-0
646,TIMJEE__ligand384-0
647,TIMJEE__ligand1050-0
648,TIMJEE__ligand1015-0
649,TIMJEE__ligand68-0
650,TIMJEE__ligand18448-0
651,TIMJEE__ligand12453-0
652,TIMJEE__ligand28459-0
653,TIMJEE__ligand141-0
654,TIMJEE__ligand1169-0
655,TIMJEE__ligand240-0
656,TIMJEE__ligand8529-0
657,TIMJEE__ligand19184-0
658,TIMJEE__ligand28685-0
659,TIMJEE__ligand18568-0
660,TIMJEE__ligand4-0
661,TIMJEE__ligand1498-0
662,TIMJEE__ligand13672-0
663,TIMJEE__ligand4596-0
664,TIMJEE__ligand1154-0
665,TIMJEE__ligand10371-0
666,TIMJEE__ligand55-0
667,TIMJEE__ligand9615-0
668,TIMJEE__ligand31842-0
669,TIMJEE__ligand31044-0
670,TIMJEE__ligand11994-0
671,TIMJEE__ligand5201-0
672,TIMJEE__ligand24035-0
673,TIMJEE__ligand14614-0
674,TIMJEE__ligand57-0
675,TIMJEE__ligand8553-0
676,TIMJEE__ligand16663-0
677,TIMJEE__ligand1113-0
678,TIMJEE__ligand693-0
679,TIMJEE__ligand25913-0
680,TIMJEE__ligand16988-0
681,TIMJEE__ligand8593-0
682,TIMJEE__ligand9944-0
683,TIMJEE__ligand2001-0
684,TIMJEE__ligand11682-0
685,TIMJEE__ligand20207-0
686,TIMJEE__ligand30711-0
687,TIMJEE__ligand7566-0
688,TIMJEE__ligand15926-0
689,TIMJEE__ligand4340-0
690,TIMJEE__ligand10828-0
691,TIMJEE__ligand2281-0
692,TIMJEE__ligand2650-0
693,TIMJEE__ligand19792-0
694,TIMJEE__ligand122-0
695,TIMJEE__ligand11447-0
696,TIMJEE__ligand11096-0
697,TIMJEE__ligand28810-0
698,TIMJEE__ligand3180-0
699,TIMJEE__ligand24230-0
700,TIMJEE__ligand6995-0
701,TIMJEE__ligand15883-0
702,TIMJEE__ligand757-0
703,TIMJEE__ligand2823-0
704,TIMJEE__ligand11970-0
705,TIMJEE__ligand21919-0
706,TIMJEE__ligand28930-0
707,TIMJEE__ligand22168-0
708,TIMJEE__ligand22294-0
709,TIMJEE__ligand4124-0
710,TIMJEE__ligand3471-0
711,TIMJEE__ligand4161-0
712,TIMJEE__ligand15531-0
713,TIMJEE__ligand28743-0
714,TIMJEE__ligand11357-0
715,TIMJEE__ligand13862-0
716,TIMJEE__ligand5415-0
717,TIMJEE__ligand10056-0
718,TIMJEE__ligand12365-0
719,TIMJEE__ligand1786-0
720,TIMJEE__ligand17427-0
721,TIMJEE__ligand5630-0
722,TIMJEE__ligand29486-0
723,TIMJEE__ligand1908-0
724,TIMJEE__ligand4795-0
725,TIMJEE__ligand3285-0
726,TIMJEE__ligand31694-0
727,TIMJEE__ligand163-0
728,TIMJEE__ligand126-0
729,TIMJEE__ligand5085-0
730,TIMJEE__ligand32-0
731,TIMJEE__ligand3144-0
732,TIMJEE__ligand5755-0
733,TIMJEE__ligand25561-0
734,TIMJEE__ligand4710-0
735,TIMJEE__ligand22129-0
736,TIMJEE__ligand1828-0
737,TIMJEE__ligand24780-0
738,TIMJEE__ligand7213-0
739,TIMJEE__ligand1397-0
740,TIMJEE__ligand12138-0
741,TIMJEE__ligand8042-0
742,TIMJEE__ligand845-0
743,TIMJEE__ligand11949-0
744,TIMJEE__ligand6112-0
745,TIMJEE__ligand12001-0
746,TIMJEE__ligand5019-0
747,TIMJEE__ligand187-0
748,TIMJEE__ligand3261-0
749,TIMJEE__ligand1152-0
750,TIMJEE__ligand10033-0
751,TIMJEE__ligand16-0
752,TIMJEE__ligand657-0
753,TIMJEE__ligand24644-0
754,TIMJEE__ligand1216-0
755,TIMJEE__ligand24872-0
756,TIMJEE__ligand366-0
757,TIMJEE__ligand27840-0
758,TIMJEE__ligand1849-0
759,TIMJEE__ligand30728-0
760,TIMJEE__ligand17396-0
761,TIMJEE__ligand1831-0
762,TIMJEE__ligand15788-0
763,TIMJEE__ligand5614-0
764,TIMJEE__ligand23175-0
765,TIMJEE__ligand5280-0
766,TIMJEE__ligand11587-0
767,TIMJEE__ligand13220-0
768,TIMJEE__ligand6663-0
769,TIMJEE__ligand5515-0
770,TIMJEE__ligand777-0
771,TIMJEE__ligand22444-0
772,TIMJEE__ligand24111-0
773,TIMJEE__ligand596-0
774,TIMJEE__ligand941-0
775,TIMJEE__ligand14569-0
776,TIMJEE__ligand13385-0
777,TIMJEE__ligand3042-0
778,TIMJEE__ligand16369-0
779,TIMJEE__ligand11111-0
780,TIMJEE__ligand28540-0
781,TIMJEE__ligand27754-0
782,TIMJEE__ligand20695-0
783,TIMJEE__ligand8200-0
784,TIMJEE__ligand7438-0
785,TIMJEE__ligand4063-0
786,TIMJEE__ligand201-0
787,TIMJEE__ligand91-0
788,TIMJEE__ligand22403-0
789,TIMJEE__ligand51-0
790,TIMJEE__ligand10872-0
791,TIMJEE__ligand1539-0
792,TIMJEE__ligand178-0
793,TIMJEE__ligand21399-0
794,TIMJEE__ligand185-0
795,TIMJEE__ligand26631-0
796,TIMJEE__ligand16148-0
797,TIMJEE__ligand1150-0
798,TIMJEE__ligand12003-0
799,TIMJEE__ligand279-0
800,TIMJEE__ligand321-0
801,TIMJEE__ligand3416-0
802,TIMJEE__ligand3453-0
803,TIMJEE__ligand29215-0
804,TIMJEE__ligand4207-0
805,TIMJEE__ligand1288-0
806,TIMJEE__ligand27239-0
807,TIMJEE__ligand21729-0
808,TIMJEE__ligand26324-0
809,TIMJEE__ligand4266-0
810,TIMJEE__ligand1400-0
811,TIMJEE__ligand28559-0
812,TIMJEE__ligand9491-0
813,TIMJEE__ligand14043-0
814,TIMJEE__ligand19927-0
815,TIMJEE__ligand4167-0
816,TIMJEE__ligand338-0
817,TIMJEE__ligand1779-0
818,TIMJEE__ligand1817-0
819,TIMJEE__ligand6993-0
820,TIMJEE__ligand9750-0
821,TIMJEE__ligand11618-0
822,TIMJEE__ligand7075-0
823,TIMJEE__ligand48-0
824,TIMJEE__ligand26529-0
825,TIMJEE__ligand3557-0
826,TIMJEE__ligand3980-0
827,TIMJEE__ligand1149-0
