,TMC
0,HILLUL__ligand821-0
1,HILLUL__ligand3637-0
2,HILLUL__ligand326-0
3,HILLUL__ligand553-0
4,HILLUL__ligand283-0
5,HILLUL__ligand8774-0
6,HILLUL__ligand142-0
7,HILLUL__ligand206-0
8,HILLUL__ligand436-0
9,HILLUL__ligand166-0
10,HILLUL__ligand838-0
11,HILLUL__ligand8-0
12,HILLUL__ligand7464-0
13,HILLUL__ligand1598-0
14,HILLUL__ligand497-0
15,HILLUL__ligand4303-0
16,HILLUL__ligand67-0
17,HILLUL__ligand1248-0
18,HILLUL__ligand918-0
19,HILLUL__ligand633-0
20,HILLUL__ligand6294-0
21,HILLUL__ligand532-0
22,HILLUL__ligand1054-0
23,HILLUL__ligand8921-0
24,HILLUL__ligand2285-0
25,HILLUL__ligand1567-0
26,HILLUL__ligand2510-0
27,HILLUL__ligand575-0
28,HILLUL__ligand2320-0
29,HILLUL__ligand1056-0
30,HILLUL__ligand2862-0
31,HILLUL__ligand927-0
32,HILLUL__ligand199-0
33,HILLUL__ligand1703-0
34,HILLUL__ligand2430-0
35,HILLUL__ligand2907-0
36,HILLUL__ligand1727-0
37,HILLUL__ligand105-0
38,HILLUL__ligand140-0
39,HILLUL__ligand1152-0
40,HILLUL__ligand361-0
41,HILLUL__ligand324-0
42,HILLUL__ligand1607-0
43,HILLUL__ligand409-0
44,HILLUL__ligand358-0
45,HILLUL__ligand85-0
46,HILLUL__ligand1113-0
47,HILLUL__ligand430-0
48,HILLUL__ligand2265-0
49,HILLUL__ligand78-0
50,HILLUL__ligand6396-0
51,HILLUL__ligand669-0
52,HILLUL__ligand9027-0
53,HILLUL__ligand278-0
54,HILLUL__ligand2345-0
55,HILLUL__ligand2794-0
56,HILLUL__ligand1835-0
57,HILLUL__ligand4983-0
58,HILLUL__ligand45-0
59,HILLUL__ligand1502-0
60,HILLUL__ligand365-0
61,HILLUL__ligand670-0
62,HILLUL__ligand118-0
63,HILLUL__ligand11730-0
64,HILLUL__ligand571-0
65,HILLUL__ligand1052-0
66,HILLUL__ligand1273-0
67,HILLUL__ligand509-0
68,HILLUL__ligand383-0
69,HILLUL__ligand2142-0
70,HILLUL__ligand6151-0
71,HILLUL__ligand2772-0
72,HILLUL__ligand162-0
73,HILLUL__ligand9495-0
74,HILLUL__ligand226-0
75,HILLUL__ligand6538-0
76,HILLUL__ligand2864-0
77,HILLUL__ligand1169-0
78,HILLUL__ligand5022-0
79,HILLUL__ligand5941-0
80,HILLUL__ligand2880-0
81,HILLUL__ligand2838-0
82,HILLUL__ligand1799-0
83,HILLUL__ligand3838-0
84,HILLUL__ligand3145-0
85,HILLUL__ligand384-0
86,HILLUL__ligand5548-0
87,HILLUL__ligand7915-0
88,HILLUL__ligand120-0
89,HILLUL__ligand6686-0
90,HILLUL__ligand1747-0
91,HILLUL__ligand6502-0
92,HILLUL__ligand2098-0
93,HILLUL__ligand2863-0
94,HILLUL__ligand3178-0
95,HILLUL__ligand21-0
96,HILLUL__ligand6332-0
97,HILLUL__ligand3041-0
98,HILLUL__ligand2634-0
99,HILLUL__ligand40-0
100,HILLUL__ligand1542-0
101,HILLUL__ligand38-0
102,HILLUL__ligand240-0
103,HILLUL__ligand141-0
104,HILLUL__ligand2751-0
105,HILLUL__ligand1114-0
106,HILLUL__ligand1538-0
107,HILLUL__ligand1228-0
108,HILLUL__ligand9244-0
109,HILLUL__ligand1479-0
110,HILLUL__ligand797-0
111,HILLUL__ligand1148-0
112,HILLUL__ligand66-0
113,HILLUL__ligand757-0
114,HILLUL__ligand3246-0
115,HILLUL__ligand62-0
116,HILLUL__ligand5801-0
117,HILLUL__ligand1438-0
118,HILLUL__ligand3063-0
119,HILLUL__ligand126-0
120,HILLUL__ligand1171-0
121,HILLUL__ligand1048-0
122,HILLUL__ligand2087-0
123,HILLUL__ligand3757-0
124,HILLUL__ligand596-0
125,HILLUL__ligand1685-0
126,HILLUL__ligand86-0
127,HILLUL__ligand366-0
128,HILLUL__ligand861-0
129,HILLUL__ligand1544-0
130,HILLUL__ligand612-0
131,HILLUL__ligand1459-0
132,HILLUL__ligand187-0
133,HILLUL__ligand321-0
134,HILLUL__ligand2688-0
135,HILLUL__ligand2259-0
136,HILLUL__ligand279-0
137,HILLUL__ligand2768-0
138,HILLUL__ligand178-0
139,HILLUL__ligand1376-0
140,HILLUL__ligand100-0
141,HILLUL__ligand6277-0
142,HILLUL__ligand244-0
143,HILLUL__ligand201-0
144,HILLUL__ligand1951-0
145,HILLUL__ligand1687-0
146,HILLUL__ligand1706-0
147,HILLUL__ligand3734-0
148,HILLUL__ligand124-0
149,HILLUL__ligand2629-0
150,HILLUL__ligand18-0
151,HILLUL__ligand4381-0
152,HILLUL__ligand119-0
153,HILLUL__ligand91-0
154,HILLUL__ligand29-0
155,HILLUL__ligand3618-0
156,HILLUL__ligand2618-0
157,HILLUL__ligand115-0
158,HILLUL__ligand1436-0
159,HILLUL__ligand10479-0
160,HILLUL__ligand291-0
161,HILLUL__ligand51-0
162,HILLUL__ligand4370-0
163,HILLUL__ligand3-0
164,HILLUL__ligand1918-0
165,HILLUL__ligand355-0
166,HILLUL__ligand784-0
167,HILLUL__ligand10114-0
168,HILLUL__ligand485-0
169,HILLUL__ligand48-0
170,HILLUL__ligand2255-0
171,HILLUL__ligand4175-0
172,HILLUL__ligand447-0
173,HILLUL__ligand2915-0
174,HILLUL__ligand133-0
175,HILLUL__ligand522-0
176,HILLUL__ligand666-0
177,HILLUL__ligand32-0
178,HILLUL__ligand487-0
179,HILLUL__ligand10910-0
180,HILLUL__ligand4012-0
181,HILLUL__ligand3196-0
182,HILLUL__ligand1-0
183,HILLUL__ligand2526-0
184,HILLUL__ligand1551-0
185,HILLUL__ligand1690-0
186,HILLUL__ligand14530-0
187,HILLUL__ligand682-0
188,HILLUL__ligand2707-0
189,HILLUL__ligand1555-0
190,HILLUL__ligand57-0
191,HILLUL__ligand1285-0
192,HILLUL__ligand502-0
193,HILLUL__ligand196-0
194,HILLUL__ligand7630-0
195,HILLUL__ligand113-0
196,HILLUL__ligand3890-0
197,HILLUL__ligand422-0
198,HILLUL__ligand1907-0
199,HILLUL__ligand4423-0
200,HILLUL__ligand236-0
201,HILLUL__ligand1038-0
202,HILLUL__ligand2762-0
203,HILLUL__ligand2954-0
204,HILLUL__ligand5093-0
205,HILLUL__ligand2253-0
206,HILLUL__ligand1160-0
207,HILLUL__ligand353-0
208,HILLUL__ligand73-0
209,HILLUL__ligand7550-0
210,HILLUL__ligand9176-0
211,HILLUL__ligand34-0
212,HILLUL__ligand481-0
213,HILLUL__ligand314-0
214,HILLUL__ligand1493-0
215,HILLUL__ligand3070-0
216,HILLUL__ligand3035-0
217,HILLUL__ligand2718-0
218,HILLUL__ligand5235-0
219,HILLUL__ligand170-0
220,HILLUL__ligand6143-0
221,HILLUL__ligand4619-0
222,HILLUL__ligand3251-0
223,HILLUL__ligand391-0
224,HILLUL__ligand210-0
225,HILLUL__ligand1818-0
226,HILLUL__ligand7456-0
227,HILLUL__ligand95-0
228,HILLUL__ligand5758-0
229,HILLUL__ligand55-0
230,HILLUL__ligand3852-0
231,HILLUL__ligand3478-0
232,HILLUL__ligand851-0
233,HILLUL__ligand2929-0
234,HILLUL__ligand2376-0
235,HILLUL__ligand909-0
236,HILLUL__ligand177-0
237,HILLUL__ligand934-0
238,HILLUL__ligand1379-0
239,HILLUL__ligand1299-0
240,HILLUL__ligand6430-0
241,HILLUL__ligand1221-0
242,HILLUL__ligand1264-0
243,HILLUL__ligand1019-0
244,HILLUL__ligand10357-0
245,HILLUL__ligand252-0
246,HILLUL__ligand2442-0
247,HILLUL__ligand15630-0
248,HILLUL__ligand955-0
249,HILLUL__ligand5762-0
250,HILLUL__ligand7414-0
251,HILLUL__ligand92-0
252,HILLUL__ligand1104-0
253,HILLUL__ligand17-0
254,HILLUL__ligand830-0
255,HILLUL__ligand1325-0
256,HILLUL__ligand2482-0
257,HILLUL__ligand6571-0
258,HILLUL__ligand193-0
259,HILLUL__ligand5334-0
260,HILLUL__ligand370-0
261,HILLUL__ligand2315-0
262,HILLUL__ligand1898-0
263,HILLUL__ligand4504-0
264,HILLUL__ligand3051-0
265,HILLUL__ligand2480-0
266,HILLUL__ligand8032-0
267,HILLUL__ligand250-0
268,HILLUL__ligand1858-0
269,HILLUL__ligand460-0
270,HILLUL__ligand188-0
271,HILLUL__ligand1712-0
272,HILLUL__ligand2916-0
273,HILLUL__ligand2110-0
274,HILLUL__ligand49-0
275,HILLUL__ligand444-0
276,HILLUL__ligand3579-0
277,HILLUL__ligand369-0
278,HILLUL__ligand1919-0
279,HILLUL__ligand89-0
280,HILLUL__ligand311-0
281,HILLUL__ligand2389-0
282,HILLUL__ligand390-0
283,HILLUL__ligand932-0
284,HILLUL__ligand134-0
285,HILLUL__ligand235-0
286,HILLUL__ligand560-0
287,HILLUL__ligand525-0
288,HILLUL__ligand1307-0
289,HILLUL__ligand109-0
290,HILLUL__ligand3853-0
291,HILLUL__ligand294-0
292,HILLUL__ligand2853-0
293,HILLUL__ligand993-0
294,HILLUL__ligand331-0
295,HILLUL__ligand6-0
296,HILLUL__ligand11-0
297,HILLUL__ligand2599-0
298,HILLUL__ligand5089-0
299,HILLUL__ligand1246-0
300,HILLUL__ligand798-0
301,HILLUL__ligand421-0
302,HILLUL__ligand584-0
303,HILLUL__ligand916-0
304,HILLUL__ligand6166-0
305,HILLUL__ligand1788-0
306,HILLUL__ligand112-0
307,HILLUL__ligand197-0
308,HILLUL__ligand1321-0
309,HILLUL__ligand296-0
310,HILLUL__ligand1178-0
311,HILLUL__ligand4-0
312,HILLUL__ligand3566-0
313,HILLUL__ligand3337-0
314,HILLUL__ligand7514-0
315,HILLUL__ligand4811-0
316,HILLUL__ligand1449-1
317,HILLUL__ligand352-0
318,HILLUL__ligand783-0
319,HILLUL__ligand9620-0
320,HILLUL__ligand868-0
321,HILLUL__ligand1260-0
322,HILLUL__ligand4894-0
323,HILLUL__ligand442-0
324,HILLUL__ligand136-0
