,TMC
0,LIFVIF__ligand497-0
1,LIFVIF__ligand16603-0
2,LIFVIF__ligand7967-0
3,LIFVIF__ligand3707-0
4,LIFVIF__ligand6124-0
5,LIFVIF__ligand1018-0
6,LIFVIF__ligand11814-0
7,LIFVIF__ligand4116-0
8,LIFVIF__ligand11622-0
9,LIFVIF__ligand8992-0
10,LIFVIF__ligand633-0
11,LIFVIF__ligand9601-0
12,LIFVIF__ligand16870-0
13,LIFVIF__ligand9111-0
14,LIFVIF__ligand9952-0
15,LIFVIF__ligand15455-0
16,LIFVIF__ligand11177-0
17,LIFVIF__ligand1615-0
18,LIFVIF__ligand5036-0
19,LIFVIF__ligand2526-0
20,LIFVIF__ligand1823-0
21,LIFVIF__ligand31205-0
22,LIFVIF__ligand5643-0
23,LIFVIF__ligand25658-0
24,LIFVIF__ligand17686-0
25,LIFVIF__ligand1324-0
26,LIFVIF__ligand8721-0
27,LIFVIF__ligand1631-0
28,LIFVIF__ligand49-0
29,LIFVIF__ligand13260-0
30,LIFVIF__ligand10582-0
31,LIFVIF__ligand692-0
32,LIFVIF__ligand1530-0
33,LIFVIF__ligand1575-0
34,LIFVIF__ligand11252-0
35,LIFVIF__ligand9933-0
36,LIFVIF__ligand18067-0
37,LIFVIF__ligand19824-0
38,LIFVIF__ligand436-0
39,LIFVIF__ligand9441-0
40,LIFVIF__ligand2332-0
41,LIFVIF__ligand6244-0
42,LIFVIF__ligand20821-0
43,LIFVIF__ligand326-0
44,LIFVIF__ligand26673-0
45,LIFVIF__ligand1378-0
46,LIFVIF__ligand2915-0
47,LIFVIF__ligand31000-0
48,LIFVIF__ligand3156-0
49,LIFVIF__ligand89-0
50,LIFVIF__ligand11606-0
51,LIFVIF__ligand6904-0
52,LIFVIF__ligand3721-0
53,LIFVIF__ligand6596-0
54,LIFVIF__ligand6102-0
55,LIFVIF__ligand361-0
56,LIFVIF__ligand324-0
57,LIFVIF__ligand409-0
58,LIFVIF__ligand22353-0
59,LIFVIF__ligand3465-0
60,LIFVIF__ligand2917-0
61,LIFVIF__ligand19906-0
62,LIFVIF__ligand7819-0
63,LIFVIF__ligand19668-0
64,LIFVIF__ligand6067-0
65,LIFVIF__ligand1577-0
66,LIFVIF__ligand2295-0
67,LIFVIF__ligand10151-0
68,LIFVIF__ligand4620-0
69,LIFVIF__ligand199-0
70,LIFVIF__ligand20121-0
71,LIFVIF__ligand15387-0
72,LIFVIF__ligand20220-0
73,LIFVIF__ligand16952-0
74,LIFVIF__ligand29813-0
75,LIFVIF__ligand4641-0
76,LIFVIF__ligand10853-0
77,LIFVIF__ligand4-0
78,LIFVIF__ligand300-0
79,LIFVIF__ligand29441-0
80,LIFVIF__ligand11479-0
81,LIFVIF__ligand7126-0
82,LIFVIF__ligand10479-0
83,LIFVIF__ligand27610-0
84,LIFVIF__ligand2028-0
85,LIFVIF__ligand8835-0
86,LIFVIF__ligand14302-0
87,LIFVIF__ligand13657-0
88,LIFVIF__ligand14347-0
89,LIFVIF__ligand11698-0
90,LIFVIF__ligand588-0
91,LIFVIF__ligand20530-0
92,LIFVIF__ligand17-0
93,LIFVIF__ligand24851-0
94,LIFVIF__ligand3234-0
95,LIFVIF__ligand1142-0
96,LIFVIF__ligand16956-0
97,LIFVIF__ligand14226-0
98,LIFVIF__ligand21339-0
99,LIFVIF__ligand20942-1
100,LIFVIF__ligand6919-0
101,LIFVIF__ligand3852-0
102,LIFVIF__ligand2485-0
103,LIFVIF__ligand27771-0
104,LIFVIF__ligand1512-0
105,LIFVIF__ligand5331-0
106,LIFVIF__ligand18158-0
107,LIFVIF__ligand3565-0
108,LIFVIF__ligand23682-0
109,LIFVIF__ligand29565-0
110,LIFVIF__ligand534-0
111,LIFVIF__ligand571-0
112,LIFVIF__ligand14007-0
113,LIFVIF__ligand18019-1
114,LIFVIF__ligand4720-0
115,LIFVIF__ligand6839-0
116,LIFVIF__ligand670-0
117,LIFVIF__ligand8969-0
118,LIFVIF__ligand1202-0
119,LIFVIF__ligand3937-0
120,LIFVIF__ligand3174-0
121,LIFVIF__ligand3131-0
122,LIFVIF__ligand5211-0
123,LIFVIF__ligand3094-0
124,LIFVIF__ligand27550-0
125,LIFVIF__ligand4155-0
126,LIFVIF__ligand1263-0
127,LIFVIF__ligand9908-0
128,LIFVIF__ligand11544-0
129,LIFVIF__ligand11501-0
130,LIFVIF__ligand29214-0
131,LIFVIF__ligand7242-0
132,LIFVIF__ligand11758-0
133,LIFVIF__ligand22357-0
134,LIFVIF__ligand21448-0
135,LIFVIF__ligand7106-0
136,LIFVIF__ligand3035-0
137,LIFVIF__ligand3876-0
138,LIFVIF__ligand1343-0
139,LIFVIF__ligand488-0
140,LIFVIF__ligand6616-0
141,LIFVIF__ligand11798-0
142,LIFVIF__ligand3718-0
143,LIFVIF__ligand20731-0
144,LIFVIF__ligand358-0
145,LIFVIF__ligand4661-0
146,LIFVIF__ligand1844-0
147,LIFVIF__ligand29334-0
148,LIFVIF__ligand12413-0
149,LIFVIF__ligand430-0
150,LIFVIF__ligand17445-0
151,LIFVIF__ligand694-0
152,LIFVIF__ligand1959-0
153,LIFVIF__ligand3504-0
154,LIFVIF__ligand14477-0
155,LIFVIF__ligand9935-0
156,LIFVIF__ligand1536-0
157,LIFVIF__ligand17069-0
158,LIFVIF__ligand1573-0
159,LIFVIF__ligand7238-0
160,LIFVIF__ligand23445-0
161,LIFVIF__ligand24953-0
162,LIFVIF__ligand16133-0
163,LIFVIF__ligand13755-0
164,LIFVIF__ligand27122-0
165,LIFVIF__ligand20432-0
166,LIFVIF__ligand1790-0
167,LIFVIF__ligand1304-0
168,LIFVIF__ligand7280-0
169,LIFVIF__ligand7867-0
170,LIFVIF__ligand6709-0
171,LIFVIF__ligand1219-0
172,LIFVIF__ligand4016-0
173,LIFVIF__ligand21940-0
174,LIFVIF__ligand25048-0
175,LIFVIF__ligand696-0
176,LIFVIF__ligand9520-0
177,LIFVIF__ligand8699-0
178,LIFVIF__ligand1160-0
179,LIFVIF__ligand656-0
180,LIFVIF__ligand4442-0
181,LIFVIF__ligand20557-0
182,LIFVIF__ligand4093-0
183,LIFVIF__ligand30004-0
184,LIFVIF__ligand3954-0
185,LIFVIF__ligand1451-0
186,LIFVIF__ligand4272-0
187,LIFVIF__ligand7629-0
188,LIFVIF__ligand9784-0
189,LIFVIF__ligand2176-0
190,LIFVIF__ligand9291-0
191,LIFVIF__ligand2232-0
192,LIFVIF__ligand11-0
193,LIFVIF__ligand24624-0
194,LIFVIF__ligand20844-0
195,LIFVIF__ligand18413-0
196,LIFVIF__ligand4157-0
197,LIFVIF__ligand9833-0
198,LIFVIF__ligand2828-0
199,LIFVIF__ligand8876-0
200,LIFVIF__ligand7648-0
201,LIFVIF__ligand24560-0
202,LIFVIF__ligand5256-0
203,LIFVIF__ligand18757-0
204,LIFVIF__ligand4503-0
205,LIFVIF__ligand4546-0
206,LIFVIF__ligand383-0
207,LIFVIF__ligand21752-0
208,LIFVIF__ligand416-0
209,LIFVIF__ligand13691-0
210,LIFVIF__ligand226-0
211,LIFVIF__ligand30788-0
212,LIFVIF__ligand1285-0
213,LIFVIF__ligand69-0
214,LIFVIF__ligand8115-0
215,LIFVIF__ligand6768-0
216,LIFVIF__ligand162-0
217,LIFVIF__ligand1982-0
218,LIFVIF__ligand7000-0
219,LIFVIF__ligand14339-0
220,LIFVIF__ligand28459-0
221,LIFVIF__ligand1496-0
222,LIFVIF__ligand7557-0
223,LIFVIF__ligand18448-0
224,LIFVIF__ligand12453-0
225,LIFVIF__ligand141-0
226,LIFVIF__ligand1533-0
227,LIFVIF__ligand240-0
228,LIFVIF__ligand19184-0
229,LIFVIF__ligand28685-0
230,LIFVIF__ligand32-0
231,LIFVIF__ligand18568-0
232,LIFVIF__ligand5892-0
233,LIFVIF__ligand5094-0
234,LIFVIF__ligand13672-0
235,LIFVIF__ligand10371-0
236,LIFVIF__ligand1712-0
237,LIFVIF__ligand4131-0
238,LIFVIF__ligand16-0
239,LIFVIF__ligand9197-0
240,LIFVIF__ligand23197-0
241,LIFVIF__ligand1900-0
242,LIFVIF__ligand4581-0
243,LIFVIF__ligand1773-0
244,LIFVIF__ligand2328-0
245,LIFVIF__ligand29029-0
246,LIFVIF__ligand7162-0
247,LIFVIF__ligand27285-0
248,LIFVIF__ligand768-0
249,LIFVIF__ligand3029-0
250,LIFVIF__ligand8722-0
251,LIFVIF__ligand27669-0
252,LIFVIF__ligand384-0
253,LIFVIF__ligand1327-0
254,LIFVIF__ligand30142-0
255,LIFVIF__ligand6672-0
256,LIFVIF__ligand9809-0
257,LIFVIF__ligand14167-0
258,LIFVIF__ligand13477-0
259,LIFVIF__ligand3350-0
260,LIFVIF__ligand2781-0
261,LIFVIF__ligand7573-0
262,LIFVIF__ligand2208-0
263,LIFVIF__ligand3208-0
264,LIFVIF__ligand10828-0
265,LIFVIF__ligand19792-0
266,LIFVIF__ligand8349-0
267,LIFVIF__ligand8464-0
268,LIFVIF__ligand1709-0
269,LIFVIF__ligand15926-0
270,LIFVIF__ligand24230-0
271,LIFVIF__ligand11447-0
272,LIFVIF__ligand11096-0
273,LIFVIF__ligand28810-0
274,LIFVIF__ligand757-0
275,LIFVIF__ligand122-0
276,LIFVIF__ligand91-0
277,LIFVIF__ligand15883-0
278,LIFVIF__ligand11970-0
279,LIFVIF__ligand2527-0
280,LIFVIF__ligand51-0
281,LIFVIF__ligand21919-0
282,LIFVIF__ligand5849-0
283,LIFVIF__ligand22294-0
284,LIFVIF__ligand28930-0
285,LIFVIF__ligand22168-0
286,LIFVIF__ligand15531-0
287,LIFVIF__ligand28743-0
288,LIFVIF__ligand11357-0
289,LIFVIF__ligand13862-0
290,LIFVIF__ligand3392-0
291,LIFVIF__ligand10056-0
292,LIFVIF__ligand12365-0
293,LIFVIF__ligand4911-0
294,LIFVIF__ligand1771-0
295,LIFVIF__ligand11994-0
296,LIFVIF__ligand31842-0
297,LIFVIF__ligand31044-0
298,LIFVIF__ligand3157-0
299,LIFVIF__ligand9525-0
300,LIFVIF__ligand24035-0
301,LIFVIF__ligand1165-0
302,LIFVIF__ligand5935-0
303,LIFVIF__ligand14614-0
304,LIFVIF__ligand2722-0
305,LIFVIF__ligand1379-0
306,LIFVIF__ligand16663-0
307,LIFVIF__ligand1469-0
308,LIFVIF__ligand3871-0
309,LIFVIF__ligand1768-0
310,LIFVIF__ligand25913-0
311,LIFVIF__ligand16988-0
312,LIFVIF__ligand48-0
313,LIFVIF__ligand4850-0
314,LIFVIF__ligand5056-0
315,LIFVIF__ligand693-0
316,LIFVIF__ligand20207-0
317,LIFVIF__ligand30711-0
318,LIFVIF__ligand3647-0
319,LIFVIF__ligand5357-0
320,LIFVIF__ligand11682-0
321,LIFVIF__ligand1688-0
322,LIFVIF__ligand1415-0
323,LIFVIF__ligand6946-0
324,LIFVIF__ligand12001-0
325,LIFVIF__ligand24644-0
326,LIFVIF__ligand10033-0
327,LIFVIF__ligand366-0
328,LIFVIF__ligand7529-0
329,LIFVIF__ligand187-0
330,LIFVIF__ligand34-0
331,LIFVIF__ligand24872-0
332,LIFVIF__ligand657-0
333,LIFVIF__ligand30728-0
334,LIFVIF__ligand27840-0
335,LIFVIF__ligand9148-0
336,LIFVIF__ligand15788-0
337,LIFVIF__ligand5316-0
338,LIFVIF__ligand23175-0
339,LIFVIF__ligand596-0
340,LIFVIF__ligand941-0
341,LIFVIF__ligand17396-0
342,LIFVIF__ligand5483-0
343,LIFVIF__ligand11587-0
344,LIFVIF__ligand13220-0
345,LIFVIF__ligand1729-0
346,LIFVIF__ligand22444-0
347,LIFVIF__ligand24111-0
348,LIFVIF__ligand5627-0
349,LIFVIF__ligand13385-0
350,LIFVIF__ligand777-0
351,LIFVIF__ligand2830-0
352,LIFVIF__ligand14569-0
353,LIFVIF__ligand17427-0
354,LIFVIF__ligand9681-0
355,LIFVIF__ligand68-0
356,LIFVIF__ligand163-0
357,LIFVIF__ligand126-0
358,LIFVIF__ligand4332-0
359,LIFVIF__ligand3012-0
360,LIFVIF__ligand29486-0
361,LIFVIF__ligand1449-0
362,LIFVIF__ligand1065-0
363,LIFVIF__ligand7530-0
364,LIFVIF__ligand31694-0
365,LIFVIF__ligand3-0
366,LIFVIF__ligand2403-0
367,LIFVIF__ligand845-0
368,LIFVIF__ligand25561-0
369,LIFVIF__ligand24780-0
370,LIFVIF__ligand12138-0
371,LIFVIF__ligand3934-0
372,LIFVIF__ligand22129-0
373,LIFVIF__ligand11949-0
374,LIFVIF__ligand6455-0
375,LIFVIF__ligand6882-0
376,LIFVIF__ligand55-0
377,LIFVIF__ligand7925-0
378,LIFVIF__ligand2068-0
379,LIFVIF__ligand27239-0
380,LIFVIF__ligand1-0
381,LIFVIF__ligand21729-0
382,LIFVIF__ligand57-0
383,LIFVIF__ligand14043-0
384,LIFVIF__ligand26324-0
385,LIFVIF__ligand1147-0
386,LIFVIF__ligand28559-0
387,LIFVIF__ligand19927-0
388,LIFVIF__ligand3973-0
389,LIFVIF__ligand4330-0
390,LIFVIF__ligand2599-0
391,LIFVIF__ligand11618-0
392,LIFVIF__ligand26529-0
393,LIFVIF__ligand338-0
394,LIFVIF__ligand7532-0
395,LIFVIF__ligand4194-0
396,LIFVIF__ligand11111-0
397,LIFVIF__ligand28540-0
398,LIFVIF__ligand4738-0
399,LIFVIF__ligand201-0
400,LIFVIF__ligand4813-0
401,LIFVIF__ligand16369-0
402,LIFVIF__ligand5813-0
403,LIFVIF__ligand6062-0
404,LIFVIF__ligand27754-0
405,LIFVIF__ligand20695-0
406,LIFVIF__ligand6283-0
407,LIFVIF__ligand22403-0
408,LIFVIF__ligand321-0
409,LIFVIF__ligand10872-0
410,LIFVIF__ligand21399-0
411,LIFVIF__ligand12003-0
412,LIFVIF__ligand7107-0
413,LIFVIF__ligand26631-0
414,LIFVIF__ligand16148-0
415,LIFVIF__ligand178-0
416,LIFVIF__ligand3215-0
417,LIFVIF__ligand279-0
418,LIFVIF__ligand185-0
419,LIFVIF__ligand29215-0
420,LIFVIF__ligand20251-1
421,LIFVIF__ligand5614-0
422,LIFVIF__ligand5280-0
423,LIFVIF__ligand1831-0
424,LIFVIF__ligand368-0
425,LIFVIF__ligand395-0
426,LIFVIF__ligand5515-0
427,LIFVIF__ligand6663-0
428,LIFVIF__ligand16475-0
429,LIFVIF__ligand14703-0
430,LIFVIF__ligand11675-0
431,LIFVIF__ligand5019-0
432,LIFVIF__ligand42-0
433,LIFVIF__ligand20598-0
434,LIFVIF__ligand3261-0
435,LIFVIF__ligand10589-0
436,LIFVIF__ligand22557-0
437,LIFVIF__ligand1152-0
438,LIFVIF__ligand24047-0
439,LIFVIF__ligand1216-0
440,LIFVIF__ligand17398-0
441,LIFVIF__ligand17278-0
442,LIFVIF__ligand20011-0
443,LIFVIF__ligand29414-0
444,LIFVIF__ligand1849-0
445,LIFVIF__ligand784-0
446,LIFVIF__ligand17982-0
447,LIFVIF__ligand3144-0
448,LIFVIF__ligand30851-0
449,LIFVIF__ligand5085-0
450,LIFVIF__ligand14889-0
451,LIFVIF__ligand4710-0
452,LIFVIF__ligand5755-0
453,LIFVIF__ligand29568-0
454,LIFVIF__ligand66-0
455,LIFVIF__ligand1828-0
456,LIFVIF__ligand1397-0
457,LIFVIF__ligand28789-0
458,LIFVIF__ligand7213-0
459,LIFVIF__ligand8042-0
460,LIFVIF__ligand833-0
461,LIFVIF__ligand20419-0
462,LIFVIF__ligand17118-0
463,LIFVIF__ligand6112-0
464,LIFVIF__ligand21371-0
465,LIFVIF__ligand1786-0
466,LIFVIF__ligand5630-0
467,LIFVIF__ligand17261-0
468,LIFVIF__ligand14117-0
469,LIFVIF__ligand1908-0
470,LIFVIF__ligand31097-0
471,LIFVIF__ligand21581-0
472,LIFVIF__ligand115-0
473,LIFVIF__ligand20539-0
474,LIFVIF__ligand20251-0
475,LIFVIF__ligand4795-0
476,LIFVIF__ligand3285-0
477,LIFVIF__ligand20214-0
478,LIFVIF__ligand30702-0
479,LIFVIF__ligand1779-0
480,LIFVIF__ligand1817-0
481,LIFVIF__ligand6993-0
482,LIFVIF__ligand9750-0
483,LIFVIF__ligand13390-0
484,LIFVIF__ligand7075-0
485,LIFVIF__ligand20682-0
486,LIFVIF__ligand152-0
487,LIFVIF__ligand3557-0
488,LIFVIF__ligand3980-0
489,LIFVIF__ligand1149-0
490,LIFVIF__ligand1288-0
491,LIFVIF__ligand506-0
492,LIFVIF__ligand13208-0
493,LIFVIF__ligand27482-0
494,LIFVIF__ligand26810-0
495,LIFVIF__ligand4266-0
496,LIFVIF__ligand1400-0
497,LIFVIF__ligand9491-0
498,LIFVIF__ligand4167-0
499,LIFVIF__ligand31832-0
500,LIFVIF__ligand13294-0
501,LIFVIF__ligand1539-0
502,LIFVIF__ligand1150-0
503,LIFVIF__ligand13331-0
504,LIFVIF__ligand28884-0
505,LIFVIF__ligand3416-0
506,LIFVIF__ligand3453-0
507,LIFVIF__ligand487-0
508,LIFVIF__ligand12030-0
509,LIFVIF__ligand4207-0
510,LIFVIF__ligand29879-0
511,LIFVIF__ligand14248-0
512,LIFVIF__ligand3042-0
513,LIFVIF__ligand746-0
514,LIFVIF__ligand11456-0
515,LIFVIF__ligand10712-0
516,LIFVIF__ligand447-0
517,LIFVIF__ligand14174-0
518,LIFVIF__ligand8200-0
519,LIFVIF__ligand7438-0
520,LIFVIF__ligand4063-0
521,LIFVIF__ligand38-0
522,LIFVIF__ligand176-0
523,LIFVIF__ligand25411-0
524,LIFVIF__ligand353-0
525,LIFVIF__ligand1498-0
526,LIFVIF__ligand4596-0
527,LIFVIF__ligand14108-0
528,LIFVIF__ligand10958-0
529,LIFVIF__ligand1154-0
530,LIFVIF__ligand9615-0
531,LIFVIF__ligand12641-0
532,LIFVIF__ligand10262-0
533,LIFVIF__ligand28676-0
534,LIFVIF__ligand27763-0
535,LIFVIF__ligand1169-0
536,LIFVIF__ligand8529-0
537,LIFVIF__ligand29302-0
538,LIFVIF__ligand13425-0
539,LIFVIF__ligand19057-0
540,LIFVIF__ligand18814-0
541,LIFVIF__ligand393-0
542,LIFVIF__ligand18-0
543,LIFVIF__ligand12231-0
544,LIFVIF__ligand686-0
545,LIFVIF__ligand13658-0
546,LIFVIF__ligand26702-0
547,LIFVIF__ligand12289-0
548,LIFVIF__ligand18292-0
549,LIFVIF__ligand17387-0
550,LIFVIF__ligand12130-0
551,LIFVIF__ligand10476-0
552,LIFVIF__ligand19830-0
553,LIFVIF__ligand2027-0
554,LIFVIF__ligand13068-0
555,LIFVIF__ligand15585-0
556,LIFVIF__ligand12401-0
557,LIFVIF__ligand422-0
558,LIFVIF__ligand24145-0
559,LIFVIF__ligand1050-0
560,LIFVIF__ligand1015-0
561,LIFVIF__ligand1028-0
562,LIFVIF__ligand25178-0
563,LIFVIF__ligand4262-0
564,LIFVIF__ligand24185-0
565,LIFVIF__ligand23769-0
566,LIFVIF__ligand17805-0
567,LIFVIF__ligand196-0
568,LIFVIF__ligand1618-0
569,LIFVIF__ligand17302-0
570,LIFVIF__ligand2692-0
571,LIFVIF__ligand13012-0
572,LIFVIF__ligand17631-0
573,LIFVIF__ligand26665-0
574,LIFVIF__ligand14297-0
575,LIFVIF__ligand14603-0
576,LIFVIF__ligand4124-0
577,LIFVIF__ligand17258-0
578,LIFVIF__ligand3471-0
579,LIFVIF__ligand4161-0
580,LIFVIF__ligand31783-0
581,LIFVIF__ligand314-1
582,LIFVIF__ligand5415-0
583,LIFVIF__ligand15422-0
584,LIFVIF__ligand12934-0
585,LIFVIF__ligand20578-0
586,LIFVIF__ligand2281-0
587,LIFVIF__ligand2650-0
588,LIFVIF__ligand19641-0
589,LIFVIF__ligand4340-0
590,LIFVIF__ligand14723-0
591,LIFVIF__ligand3180-0
592,LIFVIF__ligand27893-0
593,LIFVIF__ligand6995-0
594,LIFVIF__ligand465-0
595,LIFVIF__ligand30988-0
596,LIFVIF__ligand23713-0
597,LIFVIF__ligand2823-0
598,LIFVIF__ligand18832-0
599,LIFVIF__ligand27175-0
600,LIFVIF__ligand27460-0
601,LIFVIF__ligand618-0
602,LIFVIF__ligand9944-0
603,LIFVIF__ligand8593-0
604,LIFVIF__ligand391-0
605,LIFVIF__ligand2001-0
606,LIFVIF__ligand16628-0
607,LIFVIF__ligand12427-0
608,LIFVIF__ligand7566-0
609,LIFVIF__ligand28468-0
610,LIFVIF__ligand20740-0
611,LIFVIF__ligand26540-0
612,LIFVIF__ligand29410-0
613,LIFVIF__ligand780-0
614,LIFVIF__ligand12337-0
615,LIFVIF__ligand314-0
616,LIFVIF__ligand30296-0
617,LIFVIF__ligand5201-0
618,LIFVIF__ligand813-0
619,LIFVIF__ligand17281-0
620,LIFVIF__ligand12606-0
621,LIFVIF__ligand8553-0
622,LIFVIF__ligand1113-0
623,LIFVIF__ligand30333-0
624,LIFVIF__ligand830-0
625,LIFVIF__ligand25650-0
626,LIFVIF__ligand31248-0
627,LIFVIF__ligand372-0
628,LIFVIF__ligand193-0
629,LIFVIF__ligand1289-0
630,LIFVIF__ligand13209-0
631,LIFVIF__ligand2203-0
632,LIFVIF__ligand19257-0
633,LIFVIF__ligand5387-0
634,LIFVIF__ligand12660-0
635,LIFVIF__ligand2612-0
636,LIFVIF__ligand23124-0
637,LIFVIF__ligand116-0
638,LIFVIF__ligand11206-0
639,LIFVIF__ligand12519-0
640,LIFVIF__ligand25735-0
641,LIFVIF__ligand252-0
642,LIFVIF__ligand1599-0
643,LIFVIF__ligand9450-0
644,LIFVIF__ligand11166-0
645,LIFVIF__ligand21132-0
646,LIFVIF__ligand1604-0
647,LIFVIF__ligand9943-0
648,LIFVIF__ligand177-0
649,LIFVIF__ligand1228-0
650,LIFVIF__ligand23906-0
651,LIFVIF__ligand2043-0
652,LIFVIF__ligand8788-0
653,LIFVIF__ligand1832-0
654,LIFVIF__ligand30539-0
655,LIFVIF__ligand2417-0
656,LIFVIF__ligand25689-0
657,LIFVIF__ligand25575-0
658,LIFVIF__ligand21787-0
659,LIFVIF__ligand3126-0
660,LIFVIF__ligand6391-0
661,LIFVIF__ligand27835-0
662,LIFVIF__ligand909-0
663,LIFVIF__ligand12295-0
664,LIFVIF__ligand9284-0
665,LIFVIF__ligand1114-0
666,LIFVIF__ligand18391-0
667,LIFVIF__ligand7172-0
668,LIFVIF__ligand14523-0
669,LIFVIF__ligand27169-0
670,LIFVIF__ligand479-0
671,LIFVIF__ligand7273-0
672,LIFVIF__ligand311-0
673,LIFVIF__ligand785-0
674,LIFVIF__ligand9323-0
675,LIFVIF__ligand564-0
676,LIFVIF__ligand20599-0
677,LIFVIF__ligand43-0
678,LIFVIF__ligand1153-0
679,LIFVIF__ligand25805-0
680,LIFVIF__ligand3225-0
681,LIFVIF__ligand22981-0
682,LIFVIF__ligand1116-0
683,LIFVIF__ligand7092-0
684,LIFVIF__ligand2260-0
685,LIFVIF__ligand8612-0
686,LIFVIF__ligand620-0
687,LIFVIF__ligand27074-0
688,LIFVIF__ligand370-1
689,LIFVIF__ligand2124-0
690,LIFVIF__ligand23904-0
691,LIFVIF__ligand6017-0
692,LIFVIF__ligand21936-0
693,LIFVIF__ligand7316-0
694,LIFVIF__ligand188-0
695,LIFVIF__ligand13257-0
696,LIFVIF__ligand5708-0
697,LIFVIF__ligand12467-0
698,LIFVIF__ligand10084-0
699,LIFVIF__ligand5180-0
700,LIFVIF__ligand25267-0
701,LIFVIF__ligand250-0
702,LIFVIF__ligand11140-0
703,LIFVIF__ligand4807-0
704,LIFVIF__ligand3178-0
705,LIFVIF__ligand29610-0
706,LIFVIF__ligand5530-0
707,LIFVIF__ligand13869-0
708,LIFVIF__ligand1356-0
709,LIFVIF__ligand18074-0
710,LIFVIF__ligand1787-0
711,LIFVIF__ligand9753-0
712,LIFVIF__ligand29863-0
713,LIFVIF__ligand7196-0
714,LIFVIF__ligand5159-0
715,LIFVIF__ligand8793-0
716,LIFVIF__ligand2788-0
717,LIFVIF__ligand5649-0
718,LIFVIF__ligand18799-0
719,LIFVIF__ligand4649-0
720,LIFVIF__ligand370-0
721,LIFVIF__ligand18465-0
722,LIFVIF__ligand28668-0
723,LIFVIF__ligand2906-0
724,LIFVIF__ligand4711-0
725,LIFVIF__ligand3244-0
726,LIFVIF__ligand16791-0
727,LIFVIF__ligand67-0
728,LIFVIF__ligand8-0
729,LIFVIF__ligand421-0
730,LIFVIF__ligand11774-0
731,LIFVIF__ligand14586-0
732,LIFVIF__ligand2822-0
733,LIFVIF__ligand7293-0
734,LIFVIF__ligand21421-0
735,LIFVIF__ligand1317-0
736,LIFVIF__ligand3867-0
737,LIFVIF__ligand17710-0
738,LIFVIF__ligand20579-0
739,LIFVIF__ligand9167-0
740,LIFVIF__ligand5304-0
741,LIFVIF__ligand11568-0
742,LIFVIF__ligand685-0
743,LIFVIF__ligand2238-0
744,LIFVIF__ligand7762-0
745,LIFVIF__ligand5080-0
746,LIFVIF__ligand31483-0
747,LIFVIF__ligand294-0
748,LIFVIF__ligand10555-0
749,LIFVIF__ligand5509-0
750,LIFVIF__ligand8002-0
751,LIFVIF__ligand6117-0
752,LIFVIF__ligand1407-0
753,LIFVIF__ligand19725-0
754,LIFVIF__ligand24613-0
755,LIFVIF__ligand4358-0
756,LIFVIF__ligand3120-0
757,LIFVIF__ligand3926-0
758,LIFVIF__ligand560-0
759,LIFVIF__ligand2221-0
760,LIFVIF__ligand4101-0
761,LIFVIF__ligand5595-0
762,LIFVIF__ligand12336-0
763,LIFVIF__ligand13072-0
764,LIFVIF__ligand17590-0
765,LIFVIF__ligand9773-0
766,LIFVIF__ligand5510-0
767,LIFVIF__ligand1376-0
768,LIFVIF__ligand17240-0
769,LIFVIF__ligand1296-0
770,LIFVIF__ligand12682-0
771,LIFVIF__ligand18699-0
772,LIFVIF__ligand235-0
773,LIFVIF__ligand2259-0
774,LIFVIF__ligand1197-0
775,LIFVIF__ligand134-0
776,LIFVIF__ligand5099-0
777,LIFVIF__ligand8592-0
778,LIFVIF__ligand6699-0
779,LIFVIF__ligand17207-0
780,LIFVIF__ligand31578-0
781,LIFVIF__ligand25224-0
782,LIFVIF__ligand18013-0
783,LIFVIF__ligand868-0
784,LIFVIF__ligand17945-0
785,LIFVIF__ligand3632-0
786,LIFVIF__ligand3677-0
787,LIFVIF__ligand1168-0
788,LIFVIF__ligand24750-0
789,LIFVIF__ligand1294-0
790,LIFVIF__ligand78-0
791,LIFVIF__ligand6892-0
792,LIFVIF__ligand45-0
793,LIFVIF__ligand15438-0
794,LIFVIF__ligand1211-0
795,LIFVIF__ligand28924-0
796,LIFVIF__ligand18703-0
797,LIFVIF__ligand3712-0
798,LIFVIF__ligand1464-0
799,LIFVIF__ligand29087-0
800,LIFVIF__ligand1499-0
801,LIFVIF__ligand783-0
802,LIFVIF__ligand352-0
803,LIFVIF__ligand2881-0
804,LIFVIF__ligand23589-0
805,LIFVIF__ligand3945-0
806,LIFVIF__ligand24-0
807,LIFVIF__ligand197-0
808,LIFVIF__ligand24064-0
809,LIFVIF__ligand2693-0
810,LIFVIF__ligand5383-0
811,LIFVIF__ligand15168-0
812,LIFVIF__ligand9344-0
813,LIFVIF__ligand3736-0
814,LIFVIF__ligand8000-0
815,LIFVIF__ligand10432-0
816,LIFVIF__ligand31618-0
817,LIFVIF__ligand11432-0
818,LIFVIF__ligand7291-0
819,LIFVIF__ligand22755-0
820,LIFVIF__ligand9883-0
821,LIFVIF__ligand3677-1
822,LIFVIF__ligand26277-0
823,LIFVIF__ligand29898-0
824,LIFVIF__ligand2985-0
825,LIFVIF__ligand4007-0
826,LIFVIF__ligand19-0
827,LIFVIF__ligand9299-0
