,TMC
0,CCENPD__ligand331-0
1,CCENPD__ligand1502-0
2,CCENPD__ligand95-0
3,CCENPD__ligand993-0
4,CCENPD__ligand4983-0
5,CCENPD__ligand2345-0
6,CCENPD__ligand2794-0
7,CCENPD__ligand294-0
8,CCENPD__ligand1835-0
9,CCENPD__ligand584-0
10,CCENPD__ligand916-0
11,CCENPD__ligand55-0
12,CCENPD__ligand9027-0
13,CCENPD__ligand421-0
14,CCENPD__ligand6396-0
15,CCENPD__ligand798-0
16,CCENPD__ligand1113-0
17,CCENPD__ligand2265-0
18,CCENPD__ligand235-0
19,CCENPD__ligand932-0
20,CCENPD__ligand134-0
21,CCENPD__ligand34-0
22,CCENPD__ligand390-0
23,CCENPD__ligand1273-0
24,CCENPD__ligand109-0
25,CCENPD__ligand1052-0
26,CCENPD__ligand560-0
27,CCENPD__ligand525-0
28,CCENPD__ligand352-0
29,CCENPD__ligand783-0
30,CCENPD__ligand2864-0
31,CCENPD__ligand6538-0
32,CCENPD__ligand136-0
33,CCENPD__ligand73-0
34,CCENPD__ligand9495-0
35,CCENPD__ligand6151-0
36,CCENPD__ligand2772-0
37,CCENPD__ligand442-0
38,CCENPD__ligand2142-0
39,CCENPD__ligand868-0
40,CCENPD__ligand2838-0
41,CCENPD__ligand1799-0
42,CCENPD__ligand3838-0
43,CCENPD__ligand112-0
44,CCENPD__ligand57-0
45,CCENPD__ligand5941-0
46,CCENPD__ligand2880-0
47,CCENPD__ligand5022-0
48,CCENPD__ligand1169-0
49,CCENPD__ligand296-0
50,CCENPD__ligand197-0
51,CCENPD__ligand955-0
52,CCENPD__ligand252-0
53,CCENPD__ligand8774-0
54,CCENPD__ligand193-0
55,CCENPD__ligand830-0
56,CCENPD__ligand3637-0
57,CCENPD__ligand1054-0
58,CCENPD__ligand909-0
59,CCENPD__ligand6294-0
60,CCENPD__ligand1248-0
61,CCENPD__ligand4303-0
62,CCENPD__ligand1598-0
63,CCENPD__ligand851-0
64,CCENPD__ligand7464-0
65,CCENPD__ligand177-0
66,CCENPD__ligand934-0
67,CCENPD__ligand32-0
68,CCENPD__ligand369-0
69,CCENPD__ligand444-0
70,CCENPD__ligand2907-0
71,CCENPD__ligand1703-0
72,CCENPD__ligand2430-0
73,CCENPD__ligand188-0
74,CCENPD__ligand2862-0
75,CCENPD__ligand48-0
76,CCENPD__ligand2320-0
77,CCENPD__ligand1056-0
78,CCENPD__ligand2510-0
79,CCENPD__ligand2285-0
80,CCENPD__ligand311-0
81,CCENPD__ligand1567-0
82,CCENPD__ligand8921-0
83,CCENPD__ligand29-0
84,CCENPD__ligand91-0
85,CCENPD__ligand370-0
86,CCENPD__ligand1607-0
87,CCENPD__ligand1152-0
88,CCENPD__ligand460-0
89,CCENPD__ligand250-0
90,CCENPD__ligand1727-0
91,CCENPD__ligand51-0
92,CCENPD__ligand1171-0
93,CCENPD__ligand8-0
94,CCENPD__ligand236-0
95,CCENPD__ligand3063-0
96,CCENPD__ligand1438-0
97,CCENPD__ligand5801-0
98,CCENPD__ligand353-0
99,CCENPD__ligand1459-0
100,CCENPD__ligand502-0
101,CCENPD__ligand196-0
102,CCENPD__ligand1544-0
103,CCENPD__ligand11730-0
104,CCENPD__ligand422-0
105,CCENPD__ligand1685-0
106,CCENPD__ligand3757-0
107,CCENPD__ligand113-0
108,CCENPD__ligand2087-0
109,CCENPD__ligand1048-0
110,CCENPD__ligand1687-0
111,CCENPD__ligand1951-0
112,CCENPD__ligand6277-0
113,CCENPD__ligand11-0
114,CCENPD__ligand210-0
115,CCENPD__ligand1376-0
116,CCENPD__ligand2768-0
117,CCENPD__ligand2688-0
118,CCENPD__ligand2259-0
119,CCENPD__ligand314-0
120,CCENPD__ligand481-0
121,CCENPD__ligand391-0
122,CCENPD__ligand4381-0
123,CCENPD__ligand2629-0
124,CCENPD__ligand3734-0
125,CCENPD__ligand1706-0
126,CCENPD__ligand170-0
127,CCENPD__ligand485-0
128,CCENPD__ligand6332-0
129,CCENPD__ligand355-0
130,CCENPD__ligand784-0
131,CCENPD__ligand3178-0
132,CCENPD__ligand2863-0
133,CCENPD__ligand2098-0
134,CCENPD__ligand49-0
135,CCENPD__ligand6502-0
136,CCENPD__ligand6686-0
137,CCENPD__ligand1747-0
138,CCENPD__ligand7915-0
139,CCENPD__ligand5548-0
140,CCENPD__ligand89-0
141,CCENPD__ligand3145-0
142,CCENPD__ligand2751-0
143,CCENPD__ligand115-0
144,CCENPD__ligand2634-0
145,CCENPD__ligand1542-0
146,CCENPD__ligand291-0
147,CCENPD__ligand3041-0
148,CCENPD__ligand9244-0
149,CCENPD__ligand1228-0
150,CCENPD__ligand92-0
151,CCENPD__ligand17-0
152,CCENPD__ligand682-0
153,CCENPD__ligand1538-0
154,CCENPD__ligand1114-0
155,CCENPD__ligand133-0
156,CCENPD__ligand3246-0
157,CCENPD__ligand447-0
158,CCENPD__ligand1148-0
159,CCENPD__ligand487-0
160,CCENPD__ligand666-0
161,CCENPD__ligand522-0
162,CCENPD__ligand1479-0
163,CCENPD__ligand4423-0
164,CCENPD__ligand1907-0
165,CCENPD__ligand596-0
166,CCENPD__ligand3890-0
167,CCENPD__ligand187-0
168,CCENPD__ligand7630-0
169,CCENPD__ligand612-0
170,CCENPD__ligand1285-0
171,CCENPD__ligand861-0
172,CCENPD__ligand1555-0
173,CCENPD__ligand366-0
174,CCENPD__ligand7550-0
175,CCENPD__ligand2253-0
176,CCENPD__ligand1160-0
177,CCENPD__ligand2954-0
178,CCENPD__ligand5093-0
179,CCENPD__ligand2762-0
180,CCENPD__ligand1038-0
181,CCENPD__ligand126-0
182,CCENPD__ligand3251-0
183,CCENPD__ligand124-0
184,CCENPD__ligand4619-0
185,CCENPD__ligand5235-0
186,CCENPD__ligand6143-0
187,CCENPD__ligand2718-0
188,CCENPD__ligand3070-0
189,CCENPD__ligand3035-0
190,CCENPD__ligand119-0
191,CCENPD__ligand1493-0
192,CCENPD__ligand9176-0
193,CCENPD__ligand78-0
194,CCENPD__ligand178-0
195,CCENPD__ligand3478-0
196,CCENPD__ligand3852-0
197,CCENPD__ligand85-0
198,CCENPD__ligand279-0
199,CCENPD__ligand321-0
200,CCENPD__ligand5758-0
201,CCENPD__ligand7456-0
202,CCENPD__ligand244-0
203,CCENPD__ligand201-0
204,CCENPD__ligand1818-0
205,CCENPD__ligand45-0
206,CCENPD__ligand100-0
207,CCENPD__ligand4370-0
208,CCENPD__ligand6-0
209,CCENPD__ligand141-0
210,CCENPD__ligand1436-0
211,CCENPD__ligand240-0
212,CCENPD__ligand3618-0
213,CCENPD__ligand2618-0
214,CCENPD__ligand4175-0
215,CCENPD__ligand120-0
216,CCENPD__ligand2255-0
217,CCENPD__ligand384-0
218,CCENPD__ligand10357-0
219,CCENPD__ligand15630-0
220,CCENPD__ligand1918-0
221,CCENPD__ligand4012-0
222,CCENPD__ligand3196-0
223,CCENPD__ligand797-0
224,CCENPD__ligand67-0
225,CCENPD__ligand2915-0
226,CCENPD__ligand757-0
227,CCENPD__ligand2707-0
228,CCENPD__ligand1690-0
229,CCENPD__ligand1551-0
230,CCENPD__ligand2526-0
231,CCENPD__ligand4-0
232,CCENPD__ligand1307-0
233,CCENPD__ligand571-0
234,CCENPD__ligand18-0
235,CCENPD__ligand118-0
236,CCENPD__ligand670-0
237,CCENPD__ligand509-0
238,CCENPD__ligand6166-0
239,CCENPD__ligand669-0
240,CCENPD__ligand430-0
241,CCENPD__ligand1246-0
242,CCENPD__ligand358-0
243,CCENPD__ligand2599-0
244,CCENPD__ligand5089-0
245,CCENPD__ligand365-0
246,CCENPD__ligand3-0
247,CCENPD__ligand3853-0
248,CCENPD__ligand2853-0
249,CCENPD__ligand278-0
250,CCENPD__ligand3566-0
251,CCENPD__ligand1178-0
252,CCENPD__ligand1321-0
253,CCENPD__ligand86-0
254,CCENPD__ligand1-0
255,CCENPD__ligand1788-0
256,CCENPD__ligand226-0
257,CCENPD__ligand62-0
258,CCENPD__ligand162-0
259,CCENPD__ligand383-0
260,CCENPD__ligand1260-0
261,CCENPD__ligand4894-0
262,CCENPD__ligand9620-0
263,CCENPD__ligand4811-0
264,CCENPD__ligand1449-1
265,CCENPD__ligand3337-0
266,CCENPD__ligand7514-0
267,CCENPD__ligand1221-0
268,CCENPD__ligand1264-0
269,CCENPD__ligand6430-0
270,CCENPD__ligand1299-0
271,CCENPD__ligand838-0
272,CCENPD__ligand66-0
273,CCENPD__ligand166-0
274,CCENPD__ligand1379-0
275,CCENPD__ligand532-0
276,CCENPD__ligand633-0
277,CCENPD__ligand2376-0
278,CCENPD__ligand918-0
279,CCENPD__ligand497-0
280,CCENPD__ligand2929-0
281,CCENPD__ligand10479-0
282,CCENPD__ligand6571-0
283,CCENPD__ligand283-0
284,CCENPD__ligand1325-0
285,CCENPD__ligand553-0
286,CCENPD__ligand2482-0
287,CCENPD__ligand326-0
288,CCENPD__ligand821-0
289,CCENPD__ligand5762-0
290,CCENPD__ligand7414-0
291,CCENPD__ligand1104-0
292,CCENPD__ligand436-0
293,CCENPD__ligand206-0
294,CCENPD__ligand2442-0
295,CCENPD__ligand142-0
296,CCENPD__ligand1019-0
297,CCENPD__ligand10114-0
298,CCENPD__ligand10910-0
299,CCENPD__ligand1858-0
300,CCENPD__ligand40-0
301,CCENPD__ligand105-0
302,CCENPD__ligand140-0
303,CCENPD__ligand8032-0
304,CCENPD__ligand4504-0
305,CCENPD__ligand3051-0
306,CCENPD__ligand2480-0
307,CCENPD__ligand1898-0
308,CCENPD__ligand2315-0
309,CCENPD__ligand38-0
310,CCENPD__ligand409-0
311,CCENPD__ligand361-0
312,CCENPD__ligand324-0
313,CCENPD__ligand5334-0
314,CCENPD__ligand2389-0
315,CCENPD__ligand575-0
316,CCENPD__ligand14530-0
317,CCENPD__ligand1919-0
318,CCENPD__ligand3579-0
319,CCENPD__ligand2916-0
320,CCENPD__ligand2110-0
321,CCENPD__ligand199-0
322,CCENPD__ligand21-0
323,CCENPD__ligand927-0
324,CCENPD__ligand1712-0
