,TMC
0,WAYHOW__ligand7967-0
1,WAYHOW__ligand6124-0
2,WAYHOW__ligand3707-0
3,WAYHOW__ligand27169-0
4,WAYHOW__ligand1018-0
5,WAYHOW__ligand14523-0
6,WAYHOW__ligand18391-0
7,WAYHOW__ligand4116-0
8,WAYHOW__ligand27074-0
9,WAYHOW__ligand8992-0
10,WAYHOW__ligand141-0
11,WAYHOW__ligand25805-0
12,WAYHOW__ligand22981-0
13,WAYHOW__ligand20599-0
14,WAYHOW__ligand9601-0
15,WAYHOW__ligand240-0
16,WAYHOW__ligand13257-0
17,WAYHOW__ligand9111-0
18,WAYHOW__ligand9952-0
19,WAYHOW__ligand21936-0
20,WAYHOW__ligand1615-0
21,WAYHOW__ligand23904-0
22,WAYHOW__ligand5036-0
23,WAYHOW__ligand2526-0
24,WAYHOW__ligand25267-0
25,WAYHOW__ligand1823-0
26,WAYHOW__ligand5643-0
27,WAYHOW__ligand10084-0
28,WAYHOW__ligand1324-0
29,WAYHOW__ligand8721-0
30,WAYHOW__ligand12467-0
31,WAYHOW__ligand1631-0
32,WAYHOW__ligand29610-0
33,WAYHOW__ligand1575-0
34,WAYHOW__ligand1530-0
35,WAYHOW__ligand11140-0
36,WAYHOW__ligand9933-0
37,WAYHOW__ligand17-0
38,WAYHOW__ligand29863-0
39,WAYHOW__ligand9441-0
40,WAYHOW__ligand18074-0
41,WAYHOW__ligand2332-0
42,WAYHOW__ligand768-0
43,WAYHOW__ligand13869-0
44,WAYHOW__ligand6244-0
45,WAYHOW__ligand384-0
46,WAYHOW__ligand18465-0
47,WAYHOW__ligand1378-0
48,WAYHOW__ligand18799-0
49,WAYHOW__ligand16791-0
50,WAYHOW__ligand2915-0
51,WAYHOW__ligand3156-0
52,WAYHOW__ligand28668-0
53,WAYHOW__ligand31248-0
54,WAYHOW__ligand6102-0
55,WAYHOW__ligand25650-0
56,WAYHOW__ligand6904-0
57,WAYHOW__ligand3721-0
58,WAYHOW__ligand6596-0
59,WAYHOW__ligand757-0
60,WAYHOW__ligand3465-0
61,WAYHOW__ligand12660-0
62,WAYHOW__ligand122-0
63,WAYHOW__ligand19257-0
64,WAYHOW__ligand13209-0
65,WAYHOW__ligand2917-0
66,WAYHOW__ligand7819-0
67,WAYHOW__ligand6067-0
68,WAYHOW__ligand12519-0
69,WAYHOW__ligand1577-0
70,WAYHOW__ligand25735-0
71,WAYHOW__ligand2295-0
72,WAYHOW__ligand11206-0
73,WAYHOW__ligand23124-0
74,WAYHOW__ligand4620-0
75,WAYHOW__ligand23906-0
76,WAYHOW__ligand21132-0
77,WAYHOW__ligand11166-0
78,WAYHOW__ligand30539-0
79,WAYHOW__ligand89-0
80,WAYHOW__ligand4641-0
81,WAYHOW__ligand21787-0
82,WAYHOW__ligand25575-0
83,WAYHOW__ligand25689-0
84,WAYHOW__ligand7126-0
85,WAYHOW__ligand2028-0
86,WAYHOW__ligand8835-0
87,WAYHOW__ligand49-0
88,WAYHOW__ligand693-0
89,WAYHOW__ligand12295-0
90,WAYHOW__ligand3234-0
91,WAYHOW__ligand1142-0
92,WAYHOW__ligand27835-0
93,WAYHOW__ligand17945-0
94,WAYHOW__ligand18013-0
95,WAYHOW__ligand25224-0
96,WAYHOW__ligand366-0
97,WAYHOW__ligand31578-0
98,WAYHOW__ligand6919-0
99,WAYHOW__ligand17207-0
100,WAYHOW__ligand3852-0
101,WAYHOW__ligand2485-0
102,WAYHOW__ligand1512-0
103,WAYHOW__ligand24750-0
104,WAYHOW__ligand5331-0
105,WAYHOW__ligand187-0
106,WAYHOW__ligand3565-0
107,WAYHOW__ligand657-0
108,WAYHOW__ligand28924-0
109,WAYHOW__ligand941-0
110,WAYHOW__ligand596-0
111,WAYHOW__ligand15438-0
112,WAYHOW__ligand4720-0
113,WAYHOW__ligand6839-0
114,WAYHOW__ligand8969-0
115,WAYHOW__ligand3131-0
116,WAYHOW__ligand3937-0
117,WAYHOW__ligand1202-0
118,WAYHOW__ligand3174-0
119,WAYHOW__ligand5211-0
120,WAYHOW__ligand29087-0
121,WAYHOW__ligand18703-0
122,WAYHOW__ligand3094-0
123,WAYHOW__ligand4155-0
124,WAYHOW__ligand777-0
125,WAYHOW__ligand24064-0
126,WAYHOW__ligand1263-0
127,WAYHOW__ligand9908-0
128,WAYHOW__ligand126-0
129,WAYHOW__ligand23589-0
130,WAYHOW__ligand163-0
131,WAYHOW__ligand7242-0
132,WAYHOW__ligand69-0
133,WAYHOW__ligand7106-0
134,WAYHOW__ligand15168-0
135,WAYHOW__ligand6616-0
136,WAYHOW__ligand3035-0
137,WAYHOW__ligand1343-0
138,WAYHOW__ligand3876-0
139,WAYHOW__ligand26277-0
140,WAYHOW__ligand29898-0
141,WAYHOW__ligand11-0
142,WAYHOW__ligand3718-0
143,WAYHOW__ligand4661-0
144,WAYHOW__ligand1844-0
145,WAYHOW__ligand22755-0
146,WAYHOW__ligand31618-0
147,WAYHOW__ligand845-0
148,WAYHOW__ligand11432-0
149,WAYHOW__ligand10432-0
150,WAYHOW__ligand1959-0
151,WAYHOW__ligand3504-0
152,WAYHOW__ligand9935-0
153,WAYHOW__ligand1573-0
154,WAYHOW__ligand1536-0
155,WAYHOW__ligand7238-0
156,WAYHOW__ligand21421-0
157,WAYHOW__ligand11774-0
158,WAYHOW__ligand14586-0
159,WAYHOW__ligand1304-0
160,WAYHOW__ligand1790-0
161,WAYHOW__ligand7280-0
162,WAYHOW__ligand7867-0
163,WAYHOW__ligand6709-0
164,WAYHOW__ligand1219-0
165,WAYHOW__ligand4016-0
166,WAYHOW__ligand11568-0
167,WAYHOW__ligand17710-0
168,WAYHOW__ligand20579-0
169,WAYHOW__ligand9520-0
170,WAYHOW__ligand10555-0
171,WAYHOW__ligand8699-0
172,WAYHOW__ligand31483-0
173,WAYHOW__ligand1160-0
174,WAYHOW__ligand3954-0
175,WAYHOW__ligand4442-0
176,WAYHOW__ligand4093-0
177,WAYHOW__ligand24613-0
178,WAYHOW__ligand338-0
179,WAYHOW__ligand4272-0
180,WAYHOW__ligand1451-0
181,WAYHOW__ligand7629-0
182,WAYHOW__ligand19725-0
183,WAYHOW__ligand9784-0
184,WAYHOW__ligand2176-0
185,WAYHOW__ligand9291-0
186,WAYHOW__ligand201-0
187,WAYHOW__ligand2232-0
188,WAYHOW__ligand13072-0
189,WAYHOW__ligand4157-0
190,WAYHOW__ligand9833-0
191,WAYHOW__ligand12336-0
192,WAYHOW__ligand7648-0
193,WAYHOW__ligand2828-0
194,WAYHOW__ligand8876-0
195,WAYHOW__ligand5256-0
196,WAYHOW__ligand4546-0
197,WAYHOW__ligand4503-0
198,WAYHOW__ligand321-0
199,WAYHOW__ligand17240-0
200,WAYHOW__ligand17590-0
201,WAYHOW__ligand1285-0
202,WAYHOW__ligand178-0
203,WAYHOW__ligand8115-0
204,WAYHOW__ligand185-0
205,WAYHOW__ligand12682-0
206,WAYHOW__ligand6768-0
207,WAYHOW__ligand18699-0
208,WAYHOW__ligand1982-0
209,WAYHOW__ligand279-0
210,WAYHOW__ligand7000-0
211,WAYHOW__ligand1496-0
212,WAYHOW__ligand7557-0
213,WAYHOW__ligand13390-0
214,WAYHOW__ligand497-0
215,WAYHOW__ligand51-0
216,WAYHOW__ligand1533-0
217,WAYHOW__ligand633-0
218,WAYHOW__ligand20682-0
219,WAYHOW__ligand26810-0
220,WAYHOW__ligand27482-0
221,WAYHOW__ligand5094-0
222,WAYHOW__ligand5892-0
223,WAYHOW__ligand13208-0
224,WAYHOW__ligand91-0
225,WAYHOW__ligand4131-0
226,WAYHOW__ligand1712-0
227,WAYHOW__ligand692-0
228,WAYHOW__ligand9197-0
229,WAYHOW__ligand13294-0
230,WAYHOW__ligand31832-0
231,WAYHOW__ligand1900-0
232,WAYHOW__ligand29879-0
233,WAYHOW__ligand14248-0
234,WAYHOW__ligand1773-0
235,WAYHOW__ligand4581-0
236,WAYHOW__ligand12030-0
237,WAYHOW__ligand2328-0
238,WAYHOW__ligand7162-0
239,WAYHOW__ligand3029-0
240,WAYHOW__ligand28884-0
241,WAYHOW__ligand436-0
242,WAYHOW__ligand48-0
243,WAYHOW__ligand13331-0
244,WAYHOW__ligand326-0
245,WAYHOW__ligand14174-0
246,WAYHOW__ligand8722-0
247,WAYHOW__ligand10712-0
248,WAYHOW__ligand6672-0
249,WAYHOW__ligand9809-0
250,WAYHOW__ligand1327-0
251,WAYHOW__ligand11456-0
252,WAYHOW__ligand3350-0
253,WAYHOW__ligand7573-0
254,WAYHOW__ligand2781-0
255,WAYHOW__ligand25411-0
256,WAYHOW__ligand2208-0
257,WAYHOW__ligand3208-0
258,WAYHOW__ligand8-0
259,WAYHOW__ligand8349-0
260,WAYHOW__ligand8464-0
261,WAYHOW__ligand1709-0
262,WAYHOW__ligand32-0
263,WAYHOW__ligand409-0
264,WAYHOW__ligand324-0
265,WAYHOW__ligand361-0
266,WAYHOW__ligand20251-1
267,WAYHOW__ligand16475-0
268,WAYHOW__ligand14703-0
269,WAYHOW__ligand2527-0
270,WAYHOW__ligand17398-0
271,WAYHOW__ligand5849-0
272,WAYHOW__ligand24047-0
273,WAYHOW__ligand22557-0
274,WAYHOW__ligand10589-0
275,WAYHOW__ligand20598-0
276,WAYHOW__ligand11675-0
277,WAYHOW__ligand17982-0
278,WAYHOW__ligand29414-0
279,WAYHOW__ligand17278-0
280,WAYHOW__ligand20011-0
281,WAYHOW__ligand3392-0
282,WAYHOW__ligand1771-0
283,WAYHOW__ligand4911-0
284,WAYHOW__ligand29568-0
285,WAYHOW__ligand199-0
286,WAYHOW__ligand3157-0
287,WAYHOW__ligand9525-0
288,WAYHOW__ligand14889-0
289,WAYHOW__ligand1165-0
290,WAYHOW__ligand30851-0
291,WAYHOW__ligand21371-0
292,WAYHOW__ligand5935-0
293,WAYHOW__ligand17118-0
294,WAYHOW__ligand20419-0
295,WAYHOW__ligand2722-0
296,WAYHOW__ligand28789-0
297,WAYHOW__ligand1379-0
298,WAYHOW__ligand300-0
299,WAYHOW__ligand14117-0
300,WAYHOW__ligand17261-0
301,WAYHOW__ligand1469-0
302,WAYHOW__ligand3871-0
303,WAYHOW__ligand16-0
304,WAYHOW__ligand1768-0
305,WAYHOW__ligand20251-0
306,WAYHOW__ligand4850-0
307,WAYHOW__ligand20214-0
308,WAYHOW__ligand30702-0
309,WAYHOW__ligand5056-0
310,WAYHOW__ligand588-0
311,WAYHOW__ligand20539-0
312,WAYHOW__ligand3647-0
313,WAYHOW__ligand31097-0
314,WAYHOW__ligand21581-0
315,WAYHOW__ligand5357-0
316,WAYHOW__ligand1688-0
317,WAYHOW__ligand17258-0
318,WAYHOW__ligand6946-0
319,WAYHOW__ligand1415-0
320,WAYHOW__ligand14297-0
321,WAYHOW__ligand14603-0
322,WAYHOW__ligand26665-0
323,WAYHOW__ligand17631-0
324,WAYHOW__ligand7529-0
325,WAYHOW__ligand13012-0
326,WAYHOW__ligand31783-0
327,WAYHOW__ligand9148-0
328,WAYHOW__ligand27893-0
329,WAYHOW__ligand5316-0
330,WAYHOW__ligand571-0
331,WAYHOW__ligand14723-0
332,WAYHOW__ligand534-0
333,WAYHOW__ligand5483-0
334,WAYHOW__ligand19641-0
335,WAYHOW__ligand670-0
336,WAYHOW__ligand15422-0
337,WAYHOW__ligand12934-0
338,WAYHOW__ligand20578-0
339,WAYHOW__ligand1729-0
340,WAYHOW__ligand18832-0
341,WAYHOW__ligand27175-0
342,WAYHOW__ligand5627-0
343,WAYHOW__ligand23713-0
344,WAYHOW__ligand30988-0
345,WAYHOW__ligand2830-0
346,WAYHOW__ligand57-0
347,WAYHOW__ligand9681-0
348,WAYHOW__ligand27460-0
349,WAYHOW__ligand4332-0
350,WAYHOW__ligand3012-0
351,WAYHOW__ligand20740-0
352,WAYHOW__ligand28468-0
353,WAYHOW__ligand1449-0
354,WAYHOW__ligand12427-0
355,WAYHOW__ligand1065-0
356,WAYHOW__ligand7530-0
357,WAYHOW__ligand16628-0
358,WAYHOW__ligand17281-0
359,WAYHOW__ligand2403-0
360,WAYHOW__ligand488-0
361,WAYHOW__ligand30296-0
362,WAYHOW__ligand12337-0
363,WAYHOW__ligand430-0
364,WAYHOW__ligand29410-0
365,WAYHOW__ligand358-0
366,WAYHOW__ligand26540-0
367,WAYHOW__ligand3934-0
368,WAYHOW__ligand30333-0
369,WAYHOW__ligand694-0
370,WAYHOW__ligand6882-0
371,WAYHOW__ligand6455-0
372,WAYHOW__ligand12606-0
373,WAYHOW__ligand14108-0
374,WAYHOW__ligand7925-0
375,WAYHOW__ligand2068-0
376,WAYHOW__ligand12641-0
377,WAYHOW__ligand1147-0
378,WAYHOW__ligand696-0
379,WAYHOW__ligand10958-0
380,WAYHOW__ligand3973-0
381,WAYHOW__ligand4330-0
382,WAYHOW__ligand2599-0
383,WAYHOW__ligand27763-0
384,WAYHOW__ligand656-0
385,WAYHOW__ligand10262-0
386,WAYHOW__ligand28676-0
387,WAYHOW__ligand18814-0
388,WAYHOW__ligand19057-0
389,WAYHOW__ligand7532-0
390,WAYHOW__ligand13425-0
391,WAYHOW__ligand29302-0
392,WAYHOW__ligand4194-0
393,WAYHOW__ligand34-0
394,WAYHOW__ligand12130-0
395,WAYHOW__ligand4738-0
396,WAYHOW__ligand17387-0
397,WAYHOW__ligand12289-0
398,WAYHOW__ligand4813-0
399,WAYHOW__ligand18292-0
400,WAYHOW__ligand5813-0
401,WAYHOW__ligand13658-0
402,WAYHOW__ligand26702-0
403,WAYHOW__ligand12231-0
404,WAYHOW__ligand6062-0
405,WAYHOW__ligand6283-0
406,WAYHOW__ligand24145-0
407,WAYHOW__ligand55-0
408,WAYHOW__ligand15585-0
409,WAYHOW__ligand12401-0
410,WAYHOW__ligand19830-0
411,WAYHOW__ligand13068-0
412,WAYHOW__ligand10476-0
413,WAYHOW__ligand383-0
414,WAYHOW__ligand23769-0
415,WAYHOW__ligand24185-0
416,WAYHOW__ligand25178-0
417,WAYHOW__ligand68-0
418,WAYHOW__ligand416-0
419,WAYHOW__ligand7107-0
420,WAYHOW__ligand17302-0
421,WAYHOW__ligand226-0
422,WAYHOW__ligand3215-0
423,WAYHOW__ligand17805-0
424,WAYHOW__ligand162-0
425,WAYHOW__ligand28810-0
426,WAYHOW__ligand11096-0
427,WAYHOW__ligand830-0
428,WAYHOW__ligand11447-0
429,WAYHOW__ligand24230-0
430,WAYHOW__ligand5280-0
431,WAYHOW__ligand5614-0
432,WAYHOW__ligand1831-0
433,WAYHOW__ligand15926-0
434,WAYHOW__ligand372-0
435,WAYHOW__ligand19792-0
436,WAYHOW__ligand5515-0
437,WAYHOW__ligand6663-0
438,WAYHOW__ligand10828-0
439,WAYHOW__ligand11970-0
440,WAYHOW__ligand193-0
441,WAYHOW__ligand15883-0
442,WAYHOW__ligand116-0
443,WAYHOW__ligand5019-0
444,WAYHOW__ligand28930-0
445,WAYHOW__ligand22168-0
446,WAYHOW__ligand22294-0
447,WAYHOW__ligand1152-0
448,WAYHOW__ligand3261-0
449,WAYHOW__ligand21919-0
450,WAYHOW__ligand252-0
451,WAYHOW__ligand1216-0
452,WAYHOW__ligand10056-0
453,WAYHOW__ligand12365-0
454,WAYHOW__ligand11357-0
455,WAYHOW__ligand13862-0
456,WAYHOW__ligand15531-0
457,WAYHOW__ligand1849-0
458,WAYHOW__ligand28743-0
459,WAYHOW__ligand3144-0
460,WAYHOW__ligand5085-0
461,WAYHOW__ligand24035-0
462,WAYHOW__ligand4710-0
463,WAYHOW__ligand31842-0
464,WAYHOW__ligand5755-0
465,WAYHOW__ligand31044-0
466,WAYHOW__ligand11994-0
467,WAYHOW__ligand177-0
468,WAYHOW__ligand16663-0
469,WAYHOW__ligand1828-0
470,WAYHOW__ligand1397-0
471,WAYHOW__ligand7213-0
472,WAYHOW__ligand14614-0
473,WAYHOW__ligand38-0
474,WAYHOW__ligand8042-0
475,WAYHOW__ligand6112-0
476,WAYHOW__ligand16988-0
477,WAYHOW__ligand25913-0
478,WAYHOW__ligand1786-0
479,WAYHOW__ligand5630-0
480,WAYHOW__ligand1908-0
481,WAYHOW__ligand11682-0
482,WAYHOW__ligand909-0
483,WAYHOW__ligand20207-0
484,WAYHOW__ligand30711-0
485,WAYHOW__ligand4795-0
486,WAYHOW__ligand3285-0
487,WAYHOW__ligand1779-0
488,WAYHOW__ligand6993-0
489,WAYHOW__ligand1817-0
490,WAYHOW__ligand9750-0
491,WAYHOW__ligand18448-0
492,WAYHOW__ligand12453-0
493,WAYHOW__ligand785-0
494,WAYHOW__ligand311-0
495,WAYHOW__ligand42-0
496,WAYHOW__ligand479-0
497,WAYHOW__ligand28459-0
498,WAYHOW__ligand19184-0
499,WAYHOW__ligand7075-0
500,WAYHOW__ligand564-0
501,WAYHOW__ligand370-1
502,WAYHOW__ligand3980-0
503,WAYHOW__ligand3557-0
504,WAYHOW__ligand1149-0
505,WAYHOW__ligand620-0
506,WAYHOW__ligand13672-0
507,WAYHOW__ligand1288-0
508,WAYHOW__ligand28685-0
509,WAYHOW__ligand18568-0
510,WAYHOW__ligand188-0
511,WAYHOW__ligand1400-0
512,WAYHOW__ligand4266-0
513,WAYHOW__ligand9491-0
514,WAYHOW__ligand4167-0
515,WAYHOW__ligand10371-0
516,WAYHOW__ligand23197-0
517,WAYHOW__ligand250-0
518,WAYHOW__ligand1539-0
519,WAYHOW__ligand1150-0
520,WAYHOW__ligand27285-0
521,WAYHOW__ligand3453-0
522,WAYHOW__ligand3416-0
523,WAYHOW__ligand29029-0
524,WAYHOW__ligand4207-0
525,WAYHOW__ligand66-0
526,WAYHOW__ligand3042-0
527,WAYHOW__ligand370-0
528,WAYHOW__ligand14167-0
529,WAYHOW__ligand13477-0
530,WAYHOW__ligand30142-0
531,WAYHOW__ligand27669-0
532,WAYHOW__ligand8200-0
533,WAYHOW__ligand7438-0
534,WAYHOW__ligand4063-0
535,WAYHOW__ligand21729-0
536,WAYHOW__ligand421-0
537,WAYHOW__ligand27239-0
538,WAYHOW__ligand1498-0
539,WAYHOW__ligand4596-0
540,WAYHOW__ligand1154-0
541,WAYHOW__ligand19927-0
542,WAYHOW__ligand28559-0
543,WAYHOW__ligand26324-0
544,WAYHOW__ligand14043-0
545,WAYHOW__ligand685-0
546,WAYHOW__ligand9615-0
547,WAYHOW__ligand11618-0
548,WAYHOW__ligand1169-0
549,WAYHOW__ligand294-0
550,WAYHOW__ligand8529-0
551,WAYHOW__ligand26529-0
552,WAYHOW__ligand20695-0
553,WAYHOW__ligand27754-0
554,WAYHOW__ligand16369-0
555,WAYHOW__ligand28540-0
556,WAYHOW__ligand11111-0
557,WAYHOW__ligand560-0
558,WAYHOW__ligand2027-0
559,WAYHOW__ligand22403-0
560,WAYHOW__ligand1015-0
561,WAYHOW__ligand1050-0
562,WAYHOW__ligand26631-0
563,WAYHOW__ligand16148-0
564,WAYHOW__ligand12003-0
565,WAYHOW__ligand4-0
566,WAYHOW__ligand1028-0
567,WAYHOW__ligand4262-0
568,WAYHOW__ligand21399-0
569,WAYHOW__ligand10872-0
570,WAYHOW__ligand235-0
571,WAYHOW__ligand29215-0
572,WAYHOW__ligand134-0
573,WAYHOW__ligand1618-0
574,WAYHOW__ligand2692-0
575,WAYHOW__ligand10033-0
576,WAYHOW__ligand24644-0
577,WAYHOW__ligand12001-0
578,WAYHOW__ligand3471-0
579,WAYHOW__ligand4161-0
580,WAYHOW__ligand4124-0
581,WAYHOW__ligand868-0
582,WAYHOW__ligand27840-0
583,WAYHOW__ligand30728-0
584,WAYHOW__ligand5415-0
585,WAYHOW__ligand24872-0
586,WAYHOW__ligand13220-0
587,WAYHOW__ligand11587-0
588,WAYHOW__ligand2281-0
589,WAYHOW__ligand2650-0
590,WAYHOW__ligand4340-0
591,WAYHOW__ligand17396-0
592,WAYHOW__ligand23175-0
593,WAYHOW__ligand15788-0
594,WAYHOW__ligand3180-0
595,WAYHOW__ligand14569-0
596,WAYHOW__ligand6995-0
597,WAYHOW__ligand13385-0
598,WAYHOW__ligand2823-0
599,WAYHOW__ligand24111-0
600,WAYHOW__ligand22444-0
601,WAYHOW__ligand352-0
602,WAYHOW__ligand783-0
603,WAYHOW__ligand9944-0
604,WAYHOW__ligand17427-0
605,WAYHOW__ligand8593-0
606,WAYHOW__ligand197-0
607,WAYHOW__ligand31694-0
608,WAYHOW__ligand2001-0
609,WAYHOW__ligand29486-0
610,WAYHOW__ligand7566-0
611,WAYHOW__ligand25561-0
612,WAYHOW__ligand5201-0
613,WAYHOW__ligand18-0
614,WAYHOW__ligand11949-0
615,WAYHOW__ligand8553-0
616,WAYHOW__ligand22129-0
617,WAYHOW__ligand12138-0
618,WAYHOW__ligand1113-0
619,WAYHOW__ligand24780-0
620,WAYHOW__ligand22353-0
621,WAYHOW__ligand368-0
622,WAYHOW__ligand395-0
623,WAYHOW__ligand1-0
624,WAYHOW__ligand19668-0
625,WAYHOW__ligand1289-0
626,WAYHOW__ligand5387-0
627,WAYHOW__ligand2203-0
628,WAYHOW__ligand19906-0
629,WAYHOW__ligand2612-0
630,WAYHOW__ligand10151-0
631,WAYHOW__ligand1599-0
632,WAYHOW__ligand9450-0
633,WAYHOW__ligand784-0
634,WAYHOW__ligand43-0
635,WAYHOW__ligand1604-0
636,WAYHOW__ligand20220-0
637,WAYHOW__ligand15387-0
638,WAYHOW__ligand9943-0
639,WAYHOW__ligand1228-0
640,WAYHOW__ligand20121-0
641,WAYHOW__ligand67-0
642,WAYHOW__ligand2043-0
643,WAYHOW__ligand8788-0
644,WAYHOW__ligand1832-0
645,WAYHOW__ligand29813-0
646,WAYHOW__ligand16952-0
647,WAYHOW__ligand833-0
648,WAYHOW__ligand10479-0
649,WAYHOW__ligand27610-0
650,WAYHOW__ligand11479-0
651,WAYHOW__ligand2417-0
652,WAYHOW__ligand29441-0
653,WAYHOW__ligand10853-0
654,WAYHOW__ligand3126-0
655,WAYHOW__ligand6391-0
656,WAYHOW__ligand24851-0
657,WAYHOW__ligand9284-0
658,WAYHOW__ligand1114-0
659,WAYHOW__ligand20530-0
660,WAYHOW__ligand11698-0
661,WAYHOW__ligand14302-0
662,WAYHOW__ligand13657-0
663,WAYHOW__ligand14347-0
664,WAYHOW__ligand115-0
665,WAYHOW__ligand7172-0
666,WAYHOW__ligand11814-0
667,WAYHOW__ligand7273-0
668,WAYHOW__ligand16603-0
669,WAYHOW__ligand9323-0
670,WAYHOW__ligand152-0
671,WAYHOW__ligand16870-0
672,WAYHOW__ligand1116-0
673,WAYHOW__ligand1153-0
674,WAYHOW__ligand3225-0
675,WAYHOW__ligand2260-0
676,WAYHOW__ligand7092-0
677,WAYHOW__ligand11622-0
678,WAYHOW__ligand8612-0
679,WAYHOW__ligand2124-0
680,WAYHOW__ligand6017-0
681,WAYHOW__ligand11177-0
682,WAYHOW__ligand506-0
683,WAYHOW__ligand7316-0
684,WAYHOW__ligand15455-0
685,WAYHOW__ligand5708-0
686,WAYHOW__ligand17686-0
687,WAYHOW__ligand25658-0
688,WAYHOW__ligand31205-0
689,WAYHOW__ligand5180-0
690,WAYHOW__ligand11252-0
691,WAYHOW__ligand4807-0
692,WAYHOW__ligand10582-0
693,WAYHOW__ligand3178-0
694,WAYHOW__ligand13260-0
695,WAYHOW__ligand5530-0
696,WAYHOW__ligand1356-0
697,WAYHOW__ligand1787-0
698,WAYHOW__ligand9753-0
699,WAYHOW__ligand19824-0
700,WAYHOW__ligand7196-0
701,WAYHOW__ligand18067-0
702,WAYHOW__ligand5159-0
703,WAYHOW__ligand487-0
704,WAYHOW__ligand2788-0
705,WAYHOW__ligand5649-0
706,WAYHOW__ligand8793-0
707,WAYHOW__ligand746-0
708,WAYHOW__ligand4649-0
709,WAYHOW__ligand3-0
710,WAYHOW__ligand26673-0
711,WAYHOW__ligand447-0
712,WAYHOW__ligand20821-0
713,WAYHOW__ligand2906-0
714,WAYHOW__ligand11606-0
715,WAYHOW__ligand3244-0
716,WAYHOW__ligand4711-0
717,WAYHOW__ligand31000-0
718,WAYHOW__ligand176-0
719,WAYHOW__ligand27122-0
720,WAYHOW__ligand20432-0
721,WAYHOW__ligand13755-0
722,WAYHOW__ligand16133-0
723,WAYHOW__ligand7293-0
724,WAYHOW__ligand23445-0
725,WAYHOW__ligand2822-0
726,WAYHOW__ligand45-0
727,WAYHOW__ligand24953-0
728,WAYHOW__ligand3867-0
729,WAYHOW__ligand1317-0
730,WAYHOW__ligand353-0
731,WAYHOW__ligand9167-0
732,WAYHOW__ligand25048-0
733,WAYHOW__ligand5304-0
734,WAYHOW__ligand21940-0
735,WAYHOW__ligand2238-0
736,WAYHOW__ligand20557-0
737,WAYHOW__ligand30004-0
738,WAYHOW__ligand5080-0
739,WAYHOW__ligand7762-0
740,WAYHOW__ligand78-0
741,WAYHOW__ligand8002-0
742,WAYHOW__ligand5509-0
743,WAYHOW__ligand6117-0
744,WAYHOW__ligand1407-0
745,WAYHOW__ligand393-0
746,WAYHOW__ligand686-0
747,WAYHOW__ligand4358-0
748,WAYHOW__ligand3926-0
749,WAYHOW__ligand3120-0
750,WAYHOW__ligand2221-0
751,WAYHOW__ligand18757-0
752,WAYHOW__ligand4101-0
753,WAYHOW__ligand24560-0
754,WAYHOW__ligand5595-0
755,WAYHOW__ligand20844-0
756,WAYHOW__ligand18413-0
757,WAYHOW__ligand24624-0
758,WAYHOW__ligand422-0
759,WAYHOW__ligand19-0
760,WAYHOW__ligand9773-0
761,WAYHOW__ligand5510-0
762,WAYHOW__ligand24-0
763,WAYHOW__ligand21752-0
764,WAYHOW__ligand1376-0
765,WAYHOW__ligand14339-0
766,WAYHOW__ligand1296-0
767,WAYHOW__ligand2259-0
768,WAYHOW__ligand1197-0
769,WAYHOW__ligand30788-0
770,WAYHOW__ligand8592-0
771,WAYHOW__ligand196-0
772,WAYHOW__ligand5099-0
773,WAYHOW__ligand13691-0
774,WAYHOW__ligand20942-1
775,WAYHOW__ligand6699-0
776,WAYHOW__ligand16956-0
777,WAYHOW__ligand14226-0
778,WAYHOW__ligand21339-0
779,WAYHOW__ligand29565-0
780,WAYHOW__ligand23682-0
781,WAYHOW__ligand3677-0
782,WAYHOW__ligand3632-0
783,WAYHOW__ligand1168-0
784,WAYHOW__ligand18158-0
785,WAYHOW__ligand314-1
786,WAYHOW__ligand27771-0
787,WAYHOW__ligand1294-0
788,WAYHOW__ligand6892-0
789,WAYHOW__ligand1211-0
790,WAYHOW__ligand18019-1
791,WAYHOW__ligand14007-0
792,WAYHOW__ligand465-0
793,WAYHOW__ligand3712-0
794,WAYHOW__ligand1464-0
795,WAYHOW__ligand27550-0
796,WAYHOW__ligand1499-0
797,WAYHOW__ligand2881-0
798,WAYHOW__ligand29214-0
799,WAYHOW__ligand3945-0
800,WAYHOW__ligand11544-0
801,WAYHOW__ligand11501-0
802,WAYHOW__ligand618-0
803,WAYHOW__ligand2693-0
804,WAYHOW__ligand5383-0
805,WAYHOW__ligand21448-0
806,WAYHOW__ligand391-0
807,WAYHOW__ligand9344-0
808,WAYHOW__ligand3736-0
809,WAYHOW__ligand22357-0
810,WAYHOW__ligand11758-0
811,WAYHOW__ligand8000-0
812,WAYHOW__ligand12413-0
813,WAYHOW__ligand314-0
814,WAYHOW__ligand780-0
815,WAYHOW__ligand29334-0
816,WAYHOW__ligand7291-0
817,WAYHOW__ligand20731-0
818,WAYHOW__ligand9883-0
819,WAYHOW__ligand3677-1
820,WAYHOW__ligand813-0
821,WAYHOW__ligand11798-0
822,WAYHOW__ligand2985-0
823,WAYHOW__ligand4007-0
824,WAYHOW__ligand17069-0
825,WAYHOW__ligand14477-0
826,WAYHOW__ligand9299-0
827,WAYHOW__ligand17445-0
