,TMC
0,AMAVOA__ligand23769-0
1,AMAVOA__ligand9450-0
2,AMAVOA__ligand24185-0
3,AMAVOA__ligand25178-0
4,AMAVOA__ligand670-0
5,AMAVOA__ligand2612-0
6,AMAVOA__ligand17302-0
7,AMAVOA__ligand1599-0
8,AMAVOA__ligand534-0
9,AMAVOA__ligand571-0
10,AMAVOA__ligand17805-0
11,AMAVOA__ligand38-0
12,AMAVOA__ligand17387-0
13,AMAVOA__ligand2203-0
14,AMAVOA__ligand12130-0
15,AMAVOA__ligand5387-0
16,AMAVOA__ligand13658-0
17,AMAVOA__ligand1289-0
18,AMAVOA__ligand26702-0
19,AMAVOA__ligand12289-0
20,AMAVOA__ligand18292-0
21,AMAVOA__ligand12231-0
22,AMAVOA__ligand24145-0
23,AMAVOA__ligand15585-0
24,AMAVOA__ligand12401-0
25,AMAVOA__ligand19830-0
26,AMAVOA__ligand13068-0
27,AMAVOA__ligand10476-0
28,AMAVOA__ligand9284-0
29,AMAVOA__ligand6391-0
30,AMAVOA__ligand3126-0
31,AMAVOA__ligand27763-0
32,AMAVOA__ligand10262-0
33,AMAVOA__ligand28676-0
34,AMAVOA__ligand1114-0
35,AMAVOA__ligand694-0
36,AMAVOA__ligand2417-0
37,AMAVOA__ligand430-0
38,AMAVOA__ligand19057-0
39,AMAVOA__ligand358-0
40,AMAVOA__ligand18814-0
41,AMAVOA__ligand29302-0
42,AMAVOA__ligand13425-0
43,AMAVOA__ligand488-0
44,AMAVOA__ligand14108-0
45,AMAVOA__ligand2043-0
46,AMAVOA__ligand1832-0
47,AMAVOA__ligand8788-0
48,AMAVOA__ligand1604-0
49,AMAVOA__ligand12641-0
50,AMAVOA__ligand10958-0
51,AMAVOA__ligand1228-0
52,AMAVOA__ligand9943-0
53,AMAVOA__ligand17281-0
54,AMAVOA__ligand30296-0
55,AMAVOA__ligand29410-0
56,AMAVOA__ligand5180-0
57,AMAVOA__ligand12337-0
58,AMAVOA__ligand26540-0
59,AMAVOA__ligand30333-0
60,AMAVOA__ligand656-0
61,AMAVOA__ligand6017-0
62,AMAVOA__ligand66-0
63,AMAVOA__ligand5708-0
64,AMAVOA__ligand12606-0
65,AMAVOA__ligand7316-0
66,AMAVOA__ligand7092-0
67,AMAVOA__ligand2260-0
68,AMAVOA__ligand1153-0
69,AMAVOA__ligand3225-0
70,AMAVOA__ligand1116-0
71,AMAVOA__ligand696-0
72,AMAVOA__ligand2124-0
73,AMAVOA__ligand8612-0
74,AMAVOA__ligand27460-0
75,AMAVOA__ligand28468-0
76,AMAVOA__ligand20740-0
77,AMAVOA__ligand12427-0
78,AMAVOA__ligand7172-0
79,AMAVOA__ligand9323-0
80,AMAVOA__ligand16628-0
81,AMAVOA__ligand7273-0
82,AMAVOA__ligand27893-0
83,AMAVOA__ligand2906-0
84,AMAVOA__ligand14723-0
85,AMAVOA__ligand162-0
86,AMAVOA__ligand19641-0
87,AMAVOA__ligand15422-0
88,AMAVOA__ligand12934-0
89,AMAVOA__ligand20578-0
90,AMAVOA__ligand4711-0
91,AMAVOA__ligand226-0
92,AMAVOA__ligand3244-0
93,AMAVOA__ligand416-0
94,AMAVOA__ligand4649-0
95,AMAVOA__ligand23713-0
96,AMAVOA__ligand8793-0
97,AMAVOA__ligand18832-0
98,AMAVOA__ligand27175-0
99,AMAVOA__ligand5649-0
100,AMAVOA__ligand2788-0
101,AMAVOA__ligand30988-0
102,AMAVOA__ligand383-0
103,AMAVOA__ligand17258-0
104,AMAVOA__ligand9753-0
105,AMAVOA__ligand14297-0
106,AMAVOA__ligand1787-0
107,AMAVOA__ligand14603-0
108,AMAVOA__ligand1356-0
109,AMAVOA__ligand5530-0
110,AMAVOA__ligand5159-0
111,AMAVOA__ligand26665-0
112,AMAVOA__ligand13012-0
113,AMAVOA__ligand17631-0
114,AMAVOA__ligand7196-0
115,AMAVOA__ligand4807-0
116,AMAVOA__ligand42-0
117,AMAVOA__ligand3178-0
118,AMAVOA__ligand31783-0
119,AMAVOA__ligand17261-0
120,AMAVOA__ligand6117-0
121,AMAVOA__ligand1407-0
122,AMAVOA__ligand14117-0
123,AMAVOA__ligand8-0
124,AMAVOA__ligand5509-0
125,AMAVOA__ligand8002-0
126,AMAVOA__ligand20251-0
127,AMAVOA__ligand30702-0
128,AMAVOA__ligand20214-0
129,AMAVOA__ligand20539-0
130,AMAVOA__ligand21581-0
131,AMAVOA__ligand31097-0
132,AMAVOA__ligand7762-0
133,AMAVOA__ligand5080-0
134,AMAVOA__ligand633-0
135,AMAVOA__ligand5304-0
136,AMAVOA__ligand29568-0
137,AMAVOA__ligand9167-0
138,AMAVOA__ligand2238-0
139,AMAVOA__ligand30851-0
140,AMAVOA__ligand14889-0
141,AMAVOA__ligand17118-0
142,AMAVOA__ligand21371-0
143,AMAVOA__ligand20419-0
144,AMAVOA__ligand28789-0
145,AMAVOA__ligand1317-0
146,AMAVOA__ligand497-0
147,AMAVOA__ligand3867-0
148,AMAVOA__ligand2822-0
149,AMAVOA__ligand7293-0
150,AMAVOA__ligand2259-0
151,AMAVOA__ligand17398-0
152,AMAVOA__ligand1296-0
153,AMAVOA__ligand5099-0
154,AMAVOA__ligand10589-0
155,AMAVOA__ligand8592-0
156,AMAVOA__ligand22557-0
157,AMAVOA__ligand24047-0
158,AMAVOA__ligand1197-0
159,AMAVOA__ligand11675-0
160,AMAVOA__ligand20598-0
161,AMAVOA__ligand29414-0
162,AMAVOA__ligand1376-0
163,AMAVOA__ligand17982-0
164,AMAVOA__ligand5510-0
165,AMAVOA__ligand20011-0
166,AMAVOA__ligand17278-0
167,AMAVOA__ligand9773-0
168,AMAVOA__ligand326-0
169,AMAVOA__ligand5595-0
170,AMAVOA__ligand4101-0
171,AMAVOA__ligand436-0
172,AMAVOA__ligand20251-1
173,AMAVOA__ligand16475-0
174,AMAVOA__ligand3120-0
175,AMAVOA__ligand14703-0
176,AMAVOA__ligand3926-0
177,AMAVOA__ligand4358-0
178,AMAVOA__ligand2221-0
179,AMAVOA__ligand692-0
180,AMAVOA__ligand10712-0
181,AMAVOA__ligand14174-0
182,AMAVOA__ligand3712-0
183,AMAVOA__ligand1464-0
184,AMAVOA__ligand2881-0
185,AMAVOA__ligand11456-0
186,AMAVOA__ligand1499-0
187,AMAVOA__ligand25411-0
188,AMAVOA__ligand18-0
189,AMAVOA__ligand6892-0
190,AMAVOA__ligand1211-0
191,AMAVOA__ligand3632-0
192,AMAVOA__ligand3677-0
193,AMAVOA__ligand1294-0
194,AMAVOA__ligand13294-0
195,AMAVOA__ligand31832-0
196,AMAVOA__ligand1168-0
197,AMAVOA__ligand29879-0
198,AMAVOA__ligand409-0
199,AMAVOA__ligand6699-0
200,AMAVOA__ligand14248-0
201,AMAVOA__ligand361-0
202,AMAVOA__ligand324-0
203,AMAVOA__ligand12030-0
204,AMAVOA__ligand13331-0
205,AMAVOA__ligand28884-0
206,AMAVOA__ligand27482-0
207,AMAVOA__ligand26810-0
208,AMAVOA__ligand4007-0
209,AMAVOA__ligand2985-0
210,AMAVOA__ligand588-0
211,AMAVOA__ligand13208-0
212,AMAVOA__ligand9299-0
213,AMAVOA__ligand7291-0
214,AMAVOA__ligand300-0
215,AMAVOA__ligand3677-1
216,AMAVOA__ligand9883-0
217,AMAVOA__ligand9344-0
218,AMAVOA__ligand13390-0
219,AMAVOA__ligand8000-0
220,AMAVOA__ligand3736-0
221,AMAVOA__ligand3945-0
222,AMAVOA__ligand2693-0
223,AMAVOA__ligand5383-0
224,AMAVOA__ligand199-0
225,AMAVOA__ligand20682-0
226,AMAVOA__ligand17240-0
227,AMAVOA__ligand777-0
228,AMAVOA__ligand1849-0
229,AMAVOA__ligand17590-0
230,AMAVOA__ligand3261-0
231,AMAVOA__ligand1152-0
232,AMAVOA__ligand5019-0
233,AMAVOA__ligand12682-0
234,AMAVOA__ligand18699-0
235,AMAVOA__ligand1216-0
236,AMAVOA__ligand596-0
237,AMAVOA__ligand941-0
238,AMAVOA__ligand657-0
239,AMAVOA__ligand67-0
240,AMAVOA__ligand187-0
241,AMAVOA__ligand1831-0
242,AMAVOA__ligand13072-0
243,AMAVOA__ligand366-0
244,AMAVOA__ligand5614-0
245,AMAVOA__ligand5280-0
246,AMAVOA__ligand6663-0
247,AMAVOA__ligand12336-0
248,AMAVOA__ligand5515-0
249,AMAVOA__ligand10555-0
250,AMAVOA__ligand43-0
251,AMAVOA__ligand1908-0
252,AMAVOA__ligand31483-0
253,AMAVOA__ligand4795-0
254,AMAVOA__ligand3285-0
255,AMAVOA__ligand24613-0
256,AMAVOA__ligand1786-0
257,AMAVOA__ligand845-0
258,AMAVOA__ligand19725-0
259,AMAVOA__ligand5630-0
260,AMAVOA__ligand7213-0
261,AMAVOA__ligand1397-0
262,AMAVOA__ligand21421-0
263,AMAVOA__ligand1828-0
264,AMAVOA__ligand11774-0
265,AMAVOA__ligand14586-0
266,AMAVOA__ligand6112-0
267,AMAVOA__ligand8042-0
268,AMAVOA__ligand5085-0
269,AMAVOA__ligand163-0
270,AMAVOA__ligand3144-0
271,AMAVOA__ligand126-0
272,AMAVOA__ligand11568-0
273,AMAVOA__ligand20579-0
274,AMAVOA__ligand17710-0
275,AMAVOA__ligand5755-0
276,AMAVOA__ligand4710-0
277,AMAVOA__ligand26277-0
278,AMAVOA__ligand29898-0
279,AMAVOA__ligand9491-0
280,AMAVOA__ligand4266-0
281,AMAVOA__ligand1400-0
282,AMAVOA__ligand338-0
283,AMAVOA__ligand22755-0
284,AMAVOA__ligand10432-0
285,AMAVOA__ligand31618-0
286,AMAVOA__ligand4167-0
287,AMAVOA__ligand11432-0
288,AMAVOA__ligand1288-0
289,AMAVOA__ligand24064-0
290,AMAVOA__ligand7075-0
291,AMAVOA__ligand1149-0
292,AMAVOA__ligand3557-0
293,AMAVOA__ligand23589-0
294,AMAVOA__ligand3980-0
295,AMAVOA__ligand1817-0
296,AMAVOA__ligand6993-0
297,AMAVOA__ligand1779-0
298,AMAVOA__ligand15168-0
299,AMAVOA__ligand9750-0
300,AMAVOA__ligand4063-0
301,AMAVOA__ligand185-0
302,AMAVOA__ligand28924-0
303,AMAVOA__ligand15438-0
304,AMAVOA__ligand7438-0
305,AMAVOA__ligand8200-0
306,AMAVOA__ligand279-0
307,AMAVOA__ligand178-0
308,AMAVOA__ligand3042-0
309,AMAVOA__ligand29087-0
310,AMAVOA__ligand18703-0
311,AMAVOA__ligand321-0
312,AMAVOA__ligand17945-0
313,AMAVOA__ligand3416-0
314,AMAVOA__ligand3453-0
315,AMAVOA__ligand25224-0
316,AMAVOA__ligand18013-0
317,AMAVOA__ligand17207-0
318,AMAVOA__ligand4207-0
319,AMAVOA__ligand31578-0
320,AMAVOA__ligand24750-0
321,AMAVOA__ligand1539-0
322,AMAVOA__ligand1150-0
323,AMAVOA__ligand201-0
324,AMAVOA__ligand25575-0
325,AMAVOA__ligand21787-0
326,AMAVOA__ligand25689-0
327,AMAVOA__ligand12295-0
328,AMAVOA__ligand8529-0
329,AMAVOA__ligand24-0
330,AMAVOA__ligand27835-0
331,AMAVOA__ligand1169-0
332,AMAVOA__ligand23906-0
333,AMAVOA__ligand19-0
334,AMAVOA__ligand240-0
335,AMAVOA__ligand1154-0
336,AMAVOA__ligand21132-0
337,AMAVOA__ligand9615-0
338,AMAVOA__ligand141-0
339,AMAVOA__ligand11166-0
340,AMAVOA__ligand30539-0
341,AMAVOA__ligand4596-0
342,AMAVOA__ligand1498-0
343,AMAVOA__ligand12519-0
344,AMAVOA__ligand25735-0
345,AMAVOA__ligand78-0
346,AMAVOA__ligand2692-0
347,AMAVOA__ligand11206-0
348,AMAVOA__ligand1618-0
349,AMAVOA__ligand23124-0
350,AMAVOA__ligand1028-0
351,AMAVOA__ligand4262-0
352,AMAVOA__ligand384-0
353,AMAVOA__ligand31248-0
354,AMAVOA__ligand2027-0
355,AMAVOA__ligand25650-0
356,AMAVOA__ligand768-0
357,AMAVOA__ligand1050-0
358,AMAVOA__ligand1015-0
359,AMAVOA__ligand45-0
360,AMAVOA__ligand12660-0
361,AMAVOA__ligand13209-0
362,AMAVOA__ligand19257-0
363,AMAVOA__ligand6995-0
364,AMAVOA__ligand18465-0
365,AMAVOA__ligand18799-0
366,AMAVOA__ligand2823-0
367,AMAVOA__ligand4340-0
368,AMAVOA__ligand16791-0
369,AMAVOA__ligand2650-0
370,AMAVOA__ligand2281-0
371,AMAVOA__ligand3180-0
372,AMAVOA__ligand28668-0
373,AMAVOA__ligand29610-0
374,AMAVOA__ligand5415-0
375,AMAVOA__ligand122-0
376,AMAVOA__ligand11140-0
377,AMAVOA__ligand757-0
378,AMAVOA__ligand4124-0
379,AMAVOA__ligand29863-0
380,AMAVOA__ligand3471-0
381,AMAVOA__ligand4161-0
382,AMAVOA__ligand13869-0
383,AMAVOA__ligand18074-0
384,AMAVOA__ligand13257-0
385,AMAVOA__ligand21936-0
386,AMAVOA__ligand693-0
387,AMAVOA__ligand1113-0
388,AMAVOA__ligand23904-0
389,AMAVOA__ligand8553-0
390,AMAVOA__ligand25267-0
391,AMAVOA__ligand10084-0
392,AMAVOA__ligand5201-0
393,AMAVOA__ligand12467-0
394,AMAVOA__ligand2001-0
395,AMAVOA__ligand14523-0
396,AMAVOA__ligand7566-0
397,AMAVOA__ligand27169-0
398,AMAVOA__ligand18391-0
399,AMAVOA__ligand27074-0
400,AMAVOA__ligand25805-0
401,AMAVOA__ligand8593-0
402,AMAVOA__ligand22981-0
403,AMAVOA__ligand9944-0
404,AMAVOA__ligand20599-0
405,AMAVOA__ligand393-0
406,AMAVOA__ligand29334-0
407,AMAVOA__ligand12413-0
408,AMAVOA__ligand20731-0
409,AMAVOA__ligand1712-0
410,AMAVOA__ligand4131-0
411,AMAVOA__ligand11798-0
412,AMAVOA__ligand17069-0
413,AMAVOA__ligand14477-0
414,AMAVOA__ligand17445-0
415,AMAVOA__ligand5892-0
416,AMAVOA__ligand5094-0
417,AMAVOA__ligand29214-0
418,AMAVOA__ligand1533-0
419,AMAVOA__ligand11544-0
420,AMAVOA__ligand11501-0
421,AMAVOA__ligand17-0
422,AMAVOA__ligand7557-0
423,AMAVOA__ligand21448-0
424,AMAVOA__ligand353-0
425,AMAVOA__ligand1496-0
426,AMAVOA__ligand11758-0
427,AMAVOA__ligand22357-0
428,AMAVOA__ligand3208-0
429,AMAVOA__ligand2208-0
430,AMAVOA__ligand196-0
431,AMAVOA__ligand18019-1
432,AMAVOA__ligand14007-0
433,AMAVOA__ligand1327-0
434,AMAVOA__ligand9809-0
435,AMAVOA__ligand6672-0
436,AMAVOA__ligand8722-0
437,AMAVOA__ligand27550-0
438,AMAVOA__ligand2781-0
439,AMAVOA__ligand7573-0
440,AMAVOA__ligand3350-0
441,AMAVOA__ligand2328-0
442,AMAVOA__ligand16956-0
443,AMAVOA__ligand4581-0
444,AMAVOA__ligand1773-0
445,AMAVOA__ligand14226-0
446,AMAVOA__ligand21339-0
447,AMAVOA__ligand422-0
448,AMAVOA__ligand20942-1
449,AMAVOA__ligand3029-0
450,AMAVOA__ligand7162-0
451,AMAVOA__ligand29565-0
452,AMAVOA__ligand23682-0
453,AMAVOA__ligand1900-0
454,AMAVOA__ligand686-0
455,AMAVOA__ligand18158-0
456,AMAVOA__ligand27771-0
457,AMAVOA__ligand9197-0
458,AMAVOA__ligand3392-0
459,AMAVOA__ligand21752-0
460,AMAVOA__ligand4911-0
461,AMAVOA__ligand465-0
462,AMAVOA__ligand1771-0
463,AMAVOA__ligand5849-0
464,AMAVOA__ligand14339-0
465,AMAVOA__ligand49-0
466,AMAVOA__ligand13691-0
467,AMAVOA__ligand30788-0
468,AMAVOA__ligand89-0
469,AMAVOA__ligand314-1
470,AMAVOA__ligand2527-0
471,AMAVOA__ligand24560-0
472,AMAVOA__ligand1709-0
473,AMAVOA__ligand8464-0
474,AMAVOA__ligand18757-0
475,AMAVOA__ligand8349-0
476,AMAVOA__ligand24624-0
477,AMAVOA__ligand20844-0
478,AMAVOA__ligand18413-0
479,AMAVOA__ligand20557-0
480,AMAVOA__ligand30004-0
481,AMAVOA__ligand5056-0
482,AMAVOA__ligand4850-0
483,AMAVOA__ligand1688-0
484,AMAVOA__ligand5357-0
485,AMAVOA__ligand3647-0
486,AMAVOA__ligand813-0
487,AMAVOA__ligand3871-0
488,AMAVOA__ligand1469-0
489,AMAVOA__ligand780-0
490,AMAVOA__ligand314-0
491,AMAVOA__ligand1768-0
492,AMAVOA__ligand27122-0
493,AMAVOA__ligand20432-0
494,AMAVOA__ligand16133-0
495,AMAVOA__ligand13755-0
496,AMAVOA__ligand5935-0
497,AMAVOA__ligand1379-0
498,AMAVOA__ligand23445-0
499,AMAVOA__ligand24953-0
500,AMAVOA__ligand391-0
501,AMAVOA__ligand2722-0
502,AMAVOA__ligand3157-0
503,AMAVOA__ligand25048-0
504,AMAVOA__ligand21940-0
505,AMAVOA__ligand618-0
506,AMAVOA__ligand1165-0
507,AMAVOA__ligand9525-0
508,AMAVOA__ligand5627-0
509,AMAVOA__ligand784-0
510,AMAVOA__ligand26673-0
511,AMAVOA__ligand1729-0
512,AMAVOA__ligand2830-0
513,AMAVOA__ligand20821-0
514,AMAVOA__ligand5316-0
515,AMAVOA__ligand11606-0
516,AMAVOA__ligand31000-0
517,AMAVOA__ligand11-0
518,AMAVOA__ligand5483-0
519,AMAVOA__ligand11252-0
520,AMAVOA__ligand69-0
521,AMAVOA__ligand9148-0
522,AMAVOA__ligand13260-0
523,AMAVOA__ligand10582-0
524,AMAVOA__ligand395-0
525,AMAVOA__ligand1415-0
526,AMAVOA__ligand6946-0
527,AMAVOA__ligand18067-0
528,AMAVOA__ligand7529-0
529,AMAVOA__ligand19824-0
530,AMAVOA__ligand368-0
531,AMAVOA__ligand115-0
532,AMAVOA__ligand11177-0
533,AMAVOA__ligand3934-0
534,AMAVOA__ligand6455-0
535,AMAVOA__ligand6882-0
536,AMAVOA__ligand15455-0
537,AMAVOA__ligand2403-0
538,AMAVOA__ligand25658-0
539,AMAVOA__ligand17686-0
540,AMAVOA__ligand31205-0
541,AMAVOA__ligand1449-0
542,AMAVOA__ligand833-0
543,AMAVOA__ligand3-0
544,AMAVOA__ligand11814-0
545,AMAVOA__ligand3012-0
546,AMAVOA__ligand7530-0
547,AMAVOA__ligand16603-0
548,AMAVOA__ligand1065-0
549,AMAVOA__ligand16870-0
550,AMAVOA__ligand9681-0
551,AMAVOA__ligand4332-0
552,AMAVOA__ligand11622-0
553,AMAVOA__ligand7532-0
554,AMAVOA__ligand11479-0
555,AMAVOA__ligand27610-0
556,AMAVOA__ligand10479-0
557,AMAVOA__ligand10853-0
558,AMAVOA__ligand29441-0
559,AMAVOA__ligand4194-0
560,AMAVOA__ligand1-0
561,AMAVOA__ligand24851-0
562,AMAVOA__ligand2599-0
563,AMAVOA__ligand4330-0
564,AMAVOA__ligand11698-0
565,AMAVOA__ligand20530-0
566,AMAVOA__ligand14302-0
567,AMAVOA__ligand506-0
568,AMAVOA__ligand13657-0
569,AMAVOA__ligand14347-0
570,AMAVOA__ligand1147-0
571,AMAVOA__ligand20220-0
572,AMAVOA__ligand3973-0
573,AMAVOA__ligand152-0
574,AMAVOA__ligand15387-0
575,AMAVOA__ligand20121-0
576,AMAVOA__ligand2068-0
577,AMAVOA__ligand7925-0
578,AMAVOA__ligand16952-0
579,AMAVOA__ligand29813-0
580,AMAVOA__ligand176-0
581,AMAVOA__ligand10151-0
582,AMAVOA__ligand3215-0
583,AMAVOA__ligand447-0
584,AMAVOA__ligand746-0
585,AMAVOA__ligand7107-0
586,AMAVOA__ligand22353-0
587,AMAVOA__ligand487-0
588,AMAVOA__ligand6283-0
589,AMAVOA__ligand5813-0
590,AMAVOA__ligand19668-0
591,AMAVOA__ligand4813-0
592,AMAVOA__ligand19906-0
593,AMAVOA__ligand4738-0
594,AMAVOA__ligand6062-0
595,AMAVOA__ligand25561-0
596,AMAVOA__ligand5643-0
597,AMAVOA__ligand1823-0
598,AMAVOA__ligand8721-0
599,AMAVOA__ligand1324-0
600,AMAVOA__ligand294-0
601,AMAVOA__ligand11949-0
602,AMAVOA__ligand9111-0
603,AMAVOA__ligand9952-0
604,AMAVOA__ligand22129-0
605,AMAVOA__ligand5036-0
606,AMAVOA__ligand2526-0
607,AMAVOA__ligand1615-0
608,AMAVOA__ligand24780-0
609,AMAVOA__ligand12138-0
610,AMAVOA__ligand8992-0
611,AMAVOA__ligand685-0
612,AMAVOA__ligand48-0
613,AMAVOA__ligand9601-0
614,AMAVOA__ligand17427-0
615,AMAVOA__ligand3707-0
616,AMAVOA__ligand6124-0
617,AMAVOA__ligand7967-0
618,AMAVOA__ligand31694-0
619,AMAVOA__ligand4116-0
620,AMAVOA__ligand421-0
621,AMAVOA__ligand29486-0
622,AMAVOA__ligand1018-0
623,AMAVOA__ligand3156-0
624,AMAVOA__ligand134-0
625,AMAVOA__ligand11587-0
626,AMAVOA__ligand13220-0
627,AMAVOA__ligand2915-0
628,AMAVOA__ligand91-0
629,AMAVOA__ligand235-0
630,AMAVOA__ligand17396-0
631,AMAVOA__ligand15788-0
632,AMAVOA__ligand23175-0
633,AMAVOA__ligand14569-0
634,AMAVOA__ligand6244-0
635,AMAVOA__ligand13385-0
636,AMAVOA__ligand22444-0
637,AMAVOA__ligand24111-0
638,AMAVOA__ligand1378-0
639,AMAVOA__ligand10033-0
640,AMAVOA__ligand24644-0
641,AMAVOA__ligand12001-0
642,AMAVOA__ligand2332-0
643,AMAVOA__ligand9441-0
644,AMAVOA__ligand27840-0
645,AMAVOA__ligand51-0
646,AMAVOA__ligand30728-0
647,AMAVOA__ligand1631-0
648,AMAVOA__ligand560-0
649,AMAVOA__ligand9933-0
650,AMAVOA__ligand24872-0
651,AMAVOA__ligand1530-0
652,AMAVOA__ligand1575-0
653,AMAVOA__ligand26631-0
654,AMAVOA__ligand16148-0
655,AMAVOA__ligand12003-0
656,AMAVOA__ligand4620-0
657,AMAVOA__ligand783-0
658,AMAVOA__ligand352-0
659,AMAVOA__ligand10872-0
660,AMAVOA__ligand21399-0
661,AMAVOA__ligand2295-0
662,AMAVOA__ligand29215-0
663,AMAVOA__ligand6067-0
664,AMAVOA__ligand1577-0
665,AMAVOA__ligand16-0
666,AMAVOA__ligand27754-0
667,AMAVOA__ligand20695-0
668,AMAVOA__ligand7819-0
669,AMAVOA__ligand16369-0
670,AMAVOA__ligand11111-0
671,AMAVOA__ligand2917-0
672,AMAVOA__ligand28540-0
673,AMAVOA__ligand6596-0
674,AMAVOA__ligand6904-0
675,AMAVOA__ligand3721-0
676,AMAVOA__ligand6102-0
677,AMAVOA__ligand22403-0
678,AMAVOA__ligand868-0
679,AMAVOA__ligand3465-0
680,AMAVOA__ligand11618-0
681,AMAVOA__ligand3234-0
682,AMAVOA__ligand1142-0
683,AMAVOA__ligand8835-0
684,AMAVOA__ligand2028-0
685,AMAVOA__ligand26529-0
686,AMAVOA__ligand7126-0
687,AMAVOA__ligand27239-0
688,AMAVOA__ligand4-0
689,AMAVOA__ligand21729-0
690,AMAVOA__ligand4641-0
691,AMAVOA__ligand19927-0
692,AMAVOA__ligand32-0
693,AMAVOA__ligand197-0
694,AMAVOA__ligand26324-0
695,AMAVOA__ligand28559-0
696,AMAVOA__ligand14043-0
697,AMAVOA__ligand14167-0
698,AMAVOA__ligand13477-0
699,AMAVOA__ligand5211-0
700,AMAVOA__ligand30142-0
701,AMAVOA__ligand4155-0
702,AMAVOA__ligand3094-0
703,AMAVOA__ligand27669-0
704,AMAVOA__ligand252-0
705,AMAVOA__ligand4720-0
706,AMAVOA__ligand1202-0
707,AMAVOA__ligand3937-0
708,AMAVOA__ligand3174-0
709,AMAVOA__ligand116-0
710,AMAVOA__ligand3131-0
711,AMAVOA__ligand8969-0
712,AMAVOA__ligand6839-0
713,AMAVOA__ligand23197-0
714,AMAVOA__ligand5331-0
715,AMAVOA__ligand1512-0
716,AMAVOA__ligand3565-0
717,AMAVOA__ligand193-0
718,AMAVOA__ligand372-0
719,AMAVOA__ligand29029-0
720,AMAVOA__ligand27285-0
721,AMAVOA__ligand2485-0
722,AMAVOA__ligand3852-0
723,AMAVOA__ligand830-0
724,AMAVOA__ligand6919-0
725,AMAVOA__ligand13672-0
726,AMAVOA__ligand3504-0
727,AMAVOA__ligand1959-0
728,AMAVOA__ligand57-0
729,AMAVOA__ligand28685-0
730,AMAVOA__ligand18568-0
731,AMAVOA__ligand1536-0
732,AMAVOA__ligand1573-0
733,AMAVOA__ligand9935-0
734,AMAVOA__ligand909-0
735,AMAVOA__ligand3718-0
736,AMAVOA__ligand3035-0
737,AMAVOA__ligand3876-0
738,AMAVOA__ligand1343-0
739,AMAVOA__ligand6616-0
740,AMAVOA__ligand10371-0
741,AMAVOA__ligand4661-0
742,AMAVOA__ligand1844-0
743,AMAVOA__ligand7242-0
744,AMAVOA__ligand18448-0
745,AMAVOA__ligand7106-0
746,AMAVOA__ligand12453-0
747,AMAVOA__ligand28459-0
748,AMAVOA__ligand19184-0
749,AMAVOA__ligand177-0
750,AMAVOA__ligand9908-0
751,AMAVOA__ligand1263-0
752,AMAVOA__ligand7629-0
753,AMAVOA__ligand25913-0
754,AMAVOA__ligand16988-0
755,AMAVOA__ligand1451-0
756,AMAVOA__ligand4272-0
757,AMAVOA__ligand9784-0
758,AMAVOA__ligand1160-0
759,AMAVOA__ligand11682-0
760,AMAVOA__ligand68-0
761,AMAVOA__ligand8699-0
762,AMAVOA__ligand30711-0
763,AMAVOA__ligand20207-0
764,AMAVOA__ligand9520-0
765,AMAVOA__ligand188-0
766,AMAVOA__ligand4093-0
767,AMAVOA__ligand4442-0
768,AMAVOA__ligand3954-0
769,AMAVOA__ligand6709-0
770,AMAVOA__ligand24035-0
771,AMAVOA__ligand370-1
772,AMAVOA__ligand1219-0
773,AMAVOA__ligand7867-0
774,AMAVOA__ligand620-0
775,AMAVOA__ligand31842-0
776,AMAVOA__ligand31044-0
777,AMAVOA__ligand55-0
778,AMAVOA__ligand564-0
779,AMAVOA__ligand11994-0
780,AMAVOA__ligand4016-0
781,AMAVOA__ligand16663-0
782,AMAVOA__ligand311-0
783,AMAVOA__ligand785-0
784,AMAVOA__ligand479-0
785,AMAVOA__ligand7238-0
786,AMAVOA__ligand7280-0
787,AMAVOA__ligand1790-0
788,AMAVOA__ligand14614-0
789,AMAVOA__ligand1304-0
790,AMAVOA__ligand28930-0
791,AMAVOA__ligand22168-0
792,AMAVOA__ligand1285-0
793,AMAVOA__ligand34-0
794,AMAVOA__ligand22294-0
795,AMAVOA__ligand7000-0
796,AMAVOA__ligand1982-0
797,AMAVOA__ligand21919-0
798,AMAVOA__ligand6768-0
799,AMAVOA__ligand8115-0
800,AMAVOA__ligand10056-0
801,AMAVOA__ligand12365-0
802,AMAVOA__ligand4503-0
803,AMAVOA__ligand4546-0
804,AMAVOA__ligand15531-0
805,AMAVOA__ligand28743-0
806,AMAVOA__ligand13862-0
807,AMAVOA__ligand11357-0
808,AMAVOA__ligand370-0
809,AMAVOA__ligand11447-0
810,AMAVOA__ligand11096-0
811,AMAVOA__ligand4157-0
812,AMAVOA__ligand28810-0
813,AMAVOA__ligand24230-0
814,AMAVOA__ligand5256-0
815,AMAVOA__ligand15926-0
816,AMAVOA__ligand8876-0
817,AMAVOA__ligand2828-0
818,AMAVOA__ligand7648-0
819,AMAVOA__ligand10828-0
820,AMAVOA__ligand19792-0
821,AMAVOA__ligand9833-0
822,AMAVOA__ligand9291-0
823,AMAVOA__ligand11970-0
824,AMAVOA__ligand2176-0
825,AMAVOA__ligand250-0
826,AMAVOA__ligand15883-0
827,AMAVOA__ligand2232-0
