,TMC
0,YEWDAF__ligand3677-1
1,YEWDAF__ligand9883-0
2,YEWDAF__ligand18465-0
3,YEWDAF__ligand488-0
4,YEWDAF__ligand18799-0
5,YEWDAF__ligand430-0
6,YEWDAF__ligand7291-0
7,YEWDAF__ligand358-0
8,YEWDAF__ligand9299-0
9,YEWDAF__ligand28668-0
10,YEWDAF__ligand694-0
11,YEWDAF__ligand2985-0
12,YEWDAF__ligand16791-0
13,YEWDAF__ligand4007-0
14,YEWDAF__ligand91-0
15,YEWDAF__ligand11140-0
16,YEWDAF__ligand2693-0
17,YEWDAF__ligand5383-0
18,YEWDAF__ligand51-0
19,YEWDAF__ligand29610-0
20,YEWDAF__ligand3945-0
21,YEWDAF__ligand3736-0
22,YEWDAF__ligand29863-0
23,YEWDAF__ligand8000-0
24,YEWDAF__ligand18074-0
25,YEWDAF__ligand13869-0
26,YEWDAF__ligand9344-0
27,YEWDAF__ligand1211-0
28,YEWDAF__ligand534-0
29,YEWDAF__ligand571-0
30,YEWDAF__ligand23904-0
31,YEWDAF__ligand6892-0
32,YEWDAF__ligand13257-0
33,YEWDAF__ligand670-0
34,YEWDAF__ligand21936-0
35,YEWDAF__ligand1499-0
36,YEWDAF__ligand12467-0
37,YEWDAF__ligand2881-0
38,YEWDAF__ligand25267-0
39,YEWDAF__ligand3712-0
40,YEWDAF__ligand1464-0
41,YEWDAF__ligand10084-0
42,YEWDAF__ligand27169-0
43,YEWDAF__ligand14523-0
44,YEWDAF__ligand18391-0
45,YEWDAF__ligand6699-0
46,YEWDAF__ligand1168-0
47,YEWDAF__ligand22981-0
48,YEWDAF__ligand25805-0
49,YEWDAF__ligand20599-0
50,YEWDAF__ligand1294-0
51,YEWDAF__ligand27074-0
52,YEWDAF__ligand48-0
53,YEWDAF__ligand3677-0
54,YEWDAF__ligand3632-0
55,YEWDAF__ligand383-0
56,YEWDAF__ligand21787-0
57,YEWDAF__ligand9773-0
58,YEWDAF__ligand25575-0
59,YEWDAF__ligand416-0
60,YEWDAF__ligand5510-0
61,YEWDAF__ligand25689-0
62,YEWDAF__ligand1376-0
63,YEWDAF__ligand12295-0
64,YEWDAF__ligand1197-0
65,YEWDAF__ligand27835-0
66,YEWDAF__ligand8592-0
67,YEWDAF__ligand226-0
68,YEWDAF__ligand5099-0
69,YEWDAF__ligand1296-0
70,YEWDAF__ligand2259-0
71,YEWDAF__ligand162-0
72,YEWDAF__ligand21132-0
73,YEWDAF__ligand11166-0
74,YEWDAF__ligand2221-0
75,YEWDAF__ligand32-0
76,YEWDAF__ligand4358-0
77,YEWDAF__ligand23906-0
78,YEWDAF__ligand3926-0
79,YEWDAF__ligand3120-0
80,YEWDAF__ligand4101-0
81,YEWDAF__ligand5595-0
82,YEWDAF__ligand30539-0
83,YEWDAF__ligand11206-0
84,YEWDAF__ligand5080-0
85,YEWDAF__ligand7762-0
86,YEWDAF__ligand16-0
87,YEWDAF__ligand23124-0
88,YEWDAF__ligand25735-0
89,YEWDAF__ligand656-0
90,YEWDAF__ligand12519-0
91,YEWDAF__ligand8002-0
92,YEWDAF__ligand5509-0
93,YEWDAF__ligand6117-0
94,YEWDAF__ligand1407-0
95,YEWDAF__ligand7293-0
96,YEWDAF__ligand2822-0
97,YEWDAF__ligand3867-0
98,YEWDAF__ligand1317-0
99,YEWDAF__ligand31248-0
100,YEWDAF__ligand25650-0
101,YEWDAF__ligand13209-0
102,YEWDAF__ligand19257-0
103,YEWDAF__ligand2238-0
104,YEWDAF__ligand9167-0
105,YEWDAF__ligand696-0
106,YEWDAF__ligand5304-0
107,YEWDAF__ligand12660-0
108,YEWDAF__ligand22755-0
109,YEWDAF__ligand326-0
110,YEWDAF__ligand11432-0
111,YEWDAF__ligand31618-0
112,YEWDAF__ligand10432-0
113,YEWDAF__ligand5649-0
114,YEWDAF__ligand2788-0
115,YEWDAF__ligand8793-0
116,YEWDAF__ligand29898-0
117,YEWDAF__ligand4649-0
118,YEWDAF__ligand26277-0
119,YEWDAF__ligand3244-0
120,YEWDAF__ligand4711-0
121,YEWDAF__ligand2906-0
122,YEWDAF__ligand57-0
123,YEWDAF__ligand3178-0
124,YEWDAF__ligand692-0
125,YEWDAF__ligand23589-0
126,YEWDAF__ligand24064-0
127,YEWDAF__ligand4807-0
128,YEWDAF__ligand7196-0
129,YEWDAF__ligand8-0
130,YEWDAF__ligand5159-0
131,YEWDAF__ligand15168-0
132,YEWDAF__ligand5530-0
133,YEWDAF__ligand1787-0
134,YEWDAF__ligand1356-0
135,YEWDAF__ligand9753-0
136,YEWDAF__ligand436-0
137,YEWDAF__ligand7316-0
138,YEWDAF__ligand5708-0
139,YEWDAF__ligand28924-0
140,YEWDAF__ligand6017-0
141,YEWDAF__ligand15438-0
142,YEWDAF__ligand18703-0
143,YEWDAF__ligand5180-0
144,YEWDAF__ligand29087-0
145,YEWDAF__ligand31578-0
146,YEWDAF__ligand17207-0
147,YEWDAF__ligand7273-0
148,YEWDAF__ligand497-0
149,YEWDAF__ligand9323-0
150,YEWDAF__ligand7172-0
151,YEWDAF__ligand17945-0
152,YEWDAF__ligand25224-0
153,YEWDAF__ligand18013-0
154,YEWDAF__ligand8612-0
155,YEWDAF__ligand2124-0
156,YEWDAF__ligand633-0
157,YEWDAF__ligand24750-0
158,YEWDAF__ligand1116-0
159,YEWDAF__ligand1153-0
160,YEWDAF__ligand3225-0
161,YEWDAF__ligand2260-0
162,YEWDAF__ligand7092-0
163,YEWDAF__ligand300-0
164,YEWDAF__ligand17590-0
165,YEWDAF__ligand2417-0
166,YEWDAF__ligand17240-0
167,YEWDAF__ligand1114-0
168,YEWDAF__ligand18699-0
169,YEWDAF__ligand588-0
170,YEWDAF__ligand12682-0
171,YEWDAF__ligand6391-0
172,YEWDAF__ligand3126-0
173,YEWDAF__ligand34-0
174,YEWDAF__ligand9284-0
175,YEWDAF__ligand1228-0
176,YEWDAF__ligand9943-0
177,YEWDAF__ligand199-0
178,YEWDAF__ligand1604-0
179,YEWDAF__ligand8788-0
180,YEWDAF__ligand12336-0
181,YEWDAF__ligand1832-0
182,YEWDAF__ligand2043-0
183,YEWDAF__ligand13072-0
184,YEWDAF__ligand1599-0
185,YEWDAF__ligand10555-0
186,YEWDAF__ligand68-0
187,YEWDAF__ligand2612-0
188,YEWDAF__ligand31483-0
189,YEWDAF__ligand19725-0
190,YEWDAF__ligand9450-0
191,YEWDAF__ligand24613-0
192,YEWDAF__ligand14586-0
193,YEWDAF__ligand11774-0
194,YEWDAF__ligand409-0
195,YEWDAF__ligand361-0
196,YEWDAF__ligand324-0
197,YEWDAF__ligand21421-0
198,YEWDAF__ligand55-0
199,YEWDAF__ligand11568-0
200,YEWDAF__ligand20579-0
201,YEWDAF__ligand17710-0
202,YEWDAF__ligand1289-0
203,YEWDAF__ligand5387-0
204,YEWDAF__ligand2203-0
205,YEWDAF__ligand11456-0
206,YEWDAF__ligand5201-0
207,YEWDAF__ligand14174-0
208,YEWDAF__ligand10712-0
209,YEWDAF__ligand845-0
210,YEWDAF__ligand8553-0
211,YEWDAF__ligand1113-0
212,YEWDAF__ligand25411-0
213,YEWDAF__ligand13294-0
214,YEWDAF__ligand9944-0
215,YEWDAF__ligand31832-0
216,YEWDAF__ligand8593-0
217,YEWDAF__ligand163-0
218,YEWDAF__ligand126-0
219,YEWDAF__ligand28884-0
220,YEWDAF__ligand7566-0
221,YEWDAF__ligand13331-0
222,YEWDAF__ligand14248-0
223,YEWDAF__ligand29879-0
224,YEWDAF__ligand12030-0
225,YEWDAF__ligand2001-0
226,YEWDAF__ligand13208-0
227,YEWDAF__ligand596-0
228,YEWDAF__ligand941-0
229,YEWDAF__ligand3180-0
230,YEWDAF__ligand26810-0
231,YEWDAF__ligand27482-0
232,YEWDAF__ligand2650-0
233,YEWDAF__ligand2281-0
234,YEWDAF__ligand4340-0
235,YEWDAF__ligand2823-0
236,YEWDAF__ligand6995-0
237,YEWDAF__ligand777-0
238,YEWDAF__ligand3471-0
239,YEWDAF__ligand4161-0
240,YEWDAF__ligand4124-0
241,YEWDAF__ligand366-0
242,YEWDAF__ligand13390-0
243,YEWDAF__ligand5415-0
244,YEWDAF__ligand187-0
245,YEWDAF__ligand17-0
246,YEWDAF__ligand20682-0
247,YEWDAF__ligand657-0
248,YEWDAF__ligand4262-0
249,YEWDAF__ligand321-0
250,YEWDAF__ligand14117-0
251,YEWDAF__ligand17261-0
252,YEWDAF__ligand1028-0
253,YEWDAF__ligand1618-0
254,YEWDAF__ligand21581-0
255,YEWDAF__ligand31097-0
256,YEWDAF__ligand2692-0
257,YEWDAF__ligand178-0
258,YEWDAF__ligand185-0
259,YEWDAF__ligand30702-0
260,YEWDAF__ligand20214-0
261,YEWDAF__ligand20251-0
262,YEWDAF__ligand279-0
263,YEWDAF__ligand20539-0
264,YEWDAF__ligand14889-0
265,YEWDAF__ligand30851-0
266,YEWDAF__ligand201-0
267,YEWDAF__ligand29568-0
268,YEWDAF__ligand28789-0
269,YEWDAF__ligand1015-0
270,YEWDAF__ligand1050-0
271,YEWDAF__ligand21371-0
272,YEWDAF__ligand17118-0
273,YEWDAF__ligand20419-0
274,YEWDAF__ligand2027-0
275,YEWDAF__ligand24047-0
276,YEWDAF__ligand1169-0
277,YEWDAF__ligand10589-0
278,YEWDAF__ligand22557-0
279,YEWDAF__ligand20598-0
280,YEWDAF__ligand8529-0
281,YEWDAF__ligand11675-0
282,YEWDAF__ligand17398-0
283,YEWDAF__ligand49-0
284,YEWDAF__ligand338-0
285,YEWDAF__ligand17982-0
286,YEWDAF__ligand29414-0
287,YEWDAF__ligand20011-0
288,YEWDAF__ligand17278-0
289,YEWDAF__ligand1498-0
290,YEWDAF__ligand4596-0
291,YEWDAF__ligand20251-1
292,YEWDAF__ligand9615-0
293,YEWDAF__ligand1154-0
294,YEWDAF__ligand16475-0
295,YEWDAF__ligand14703-0
296,YEWDAF__ligand89-0
297,YEWDAF__ligand12337-0
298,YEWDAF__ligand29410-0
299,YEWDAF__ligand26540-0
300,YEWDAF__ligand384-0
301,YEWDAF__ligand17281-0
302,YEWDAF__ligand3042-0
303,YEWDAF__ligand30296-0
304,YEWDAF__ligand12606-0
305,YEWDAF__ligand7438-0
306,YEWDAF__ligand30333-0
307,YEWDAF__ligand8200-0
308,YEWDAF__ligand4063-0
309,YEWDAF__ligand1150-0
310,YEWDAF__ligand27460-0
311,YEWDAF__ligand1539-0
312,YEWDAF__ligand16628-0
313,YEWDAF__ligand4207-0
314,YEWDAF__ligand28468-0
315,YEWDAF__ligand20740-0
316,YEWDAF__ligand3453-0
317,YEWDAF__ligand3416-0
318,YEWDAF__ligand12427-0
319,YEWDAF__ligand768-0
320,YEWDAF__ligand11-0
321,YEWDAF__ligand19641-0
322,YEWDAF__ligand12934-0
323,YEWDAF__ligand20578-0
324,YEWDAF__ligand15422-0
325,YEWDAF__ligand27893-0
326,YEWDAF__ligand1288-0
327,YEWDAF__ligand14723-0
328,YEWDAF__ligand4167-0
329,YEWDAF__ligand30988-0
330,YEWDAF__ligand1400-0
331,YEWDAF__ligand4266-0
332,YEWDAF__ligand27175-0
333,YEWDAF__ligand18832-0
334,YEWDAF__ligand9491-0
335,YEWDAF__ligand23713-0
336,YEWDAF__ligand9750-0
337,YEWDAF__ligand26665-0
338,YEWDAF__ligand17631-0
339,YEWDAF__ligand13012-0
340,YEWDAF__ligand1779-0
341,YEWDAF__ligand17258-0
342,YEWDAF__ligand14603-0
343,YEWDAF__ligand6993-0
344,YEWDAF__ligand14297-0
345,YEWDAF__ligand1817-0
346,YEWDAF__ligand3980-0
347,YEWDAF__ligand3557-0
348,YEWDAF__ligand31783-0
349,YEWDAF__ligand1149-0
350,YEWDAF__ligand141-0
351,YEWDAF__ligand7075-0
352,YEWDAF__ligand69-0
353,YEWDAF__ligand240-0
354,YEWDAF__ligand25178-0
355,YEWDAF__ligand5630-0
356,YEWDAF__ligand23769-0
357,YEWDAF__ligand1786-0
358,YEWDAF__ligand24185-0
359,YEWDAF__ligand693-0
360,YEWDAF__ligand17805-0
361,YEWDAF__ligand4795-0
362,YEWDAF__ligand3285-0
363,YEWDAF__ligand1908-0
364,YEWDAF__ligand17302-0
365,YEWDAF__ligand4710-0
366,YEWDAF__ligand12231-0
367,YEWDAF__ligand5755-0
368,YEWDAF__ligand3144-0
369,YEWDAF__ligand17387-0
370,YEWDAF__ligand12130-0
371,YEWDAF__ligand5085-0
372,YEWDAF__ligand18292-0
373,YEWDAF__ligand12289-0
374,YEWDAF__ligand26702-0
375,YEWDAF__ligand13658-0
376,YEWDAF__ligand8042-0
377,YEWDAF__ligand13068-0
378,YEWDAF__ligand19830-0
379,YEWDAF__ligand6112-0
380,YEWDAF__ligand10476-0
381,YEWDAF__ligand1828-0
382,YEWDAF__ligand24145-0
383,YEWDAF__ligand1397-0
384,YEWDAF__ligand12401-0
385,YEWDAF__ligand7213-0
386,YEWDAF__ligand15585-0
387,YEWDAF__ligand27763-0
388,YEWDAF__ligand1216-0
389,YEWDAF__ligand28676-0
390,YEWDAF__ligand10262-0
391,YEWDAF__ligand5019-0
392,YEWDAF__ligand1152-0
393,YEWDAF__ligand3261-0
394,YEWDAF__ligand29302-0
395,YEWDAF__ligand13425-0
396,YEWDAF__ligand1849-0
397,YEWDAF__ligand18814-0
398,YEWDAF__ligand19057-0
399,YEWDAF__ligand5515-0
400,YEWDAF__ligand6663-0
401,YEWDAF__ligand14108-0
402,YEWDAF__ligand757-0
403,YEWDAF__ligand5280-0
404,YEWDAF__ligand5614-0
405,YEWDAF__ligand1831-0
406,YEWDAF__ligand122-0
407,YEWDAF__ligand10958-0
408,YEWDAF__ligand12641-0
409,YEWDAF__ligand7107-0
410,YEWDAF__ligand16988-0
411,YEWDAF__ligand25913-0
412,YEWDAF__ligand3215-0
413,YEWDAF__ligand11682-0
414,YEWDAF__ligand43-0
415,YEWDAF__ligand30711-0
416,YEWDAF__ligand20207-0
417,YEWDAF__ligand196-0
418,YEWDAF__ligand686-0
419,YEWDAF__ligand31044-0
420,YEWDAF__ligand31842-0
421,YEWDAF__ligand11994-0
422,YEWDAF__ligand6062-0
423,YEWDAF__ligand24035-0
424,YEWDAF__ligand4738-0
425,YEWDAF__ligand4813-0
426,YEWDAF__ligand5813-0
427,YEWDAF__ligand14614-0
428,YEWDAF__ligand6283-0
429,YEWDAF__ligand16663-0
430,YEWDAF__ligand422-0
431,YEWDAF__ligand21919-0
432,YEWDAF__ligand4330-0
433,YEWDAF__ligand22168-0
434,YEWDAF__ligand28930-0
435,YEWDAF__ligand2599-0
436,YEWDAF__ligand22294-0
437,YEWDAF__ligand13862-0
438,YEWDAF__ligand11357-0
439,YEWDAF__ligand4194-0
440,YEWDAF__ligand28743-0
441,YEWDAF__ligand15531-0
442,YEWDAF__ligand393-0
443,YEWDAF__ligand12365-0
444,YEWDAF__ligand10056-0
445,YEWDAF__ligand7532-0
446,YEWDAF__ligand15926-0
447,YEWDAF__ligand19792-0
448,YEWDAF__ligand10828-0
449,YEWDAF__ligand28810-0
450,YEWDAF__ligand7925-0
451,YEWDAF__ligand11447-0
452,YEWDAF__ligand11096-0
453,YEWDAF__ligand24230-0
454,YEWDAF__ligand353-0
455,YEWDAF__ligand2068-0
456,YEWDAF__ligand67-0
457,YEWDAF__ligand15883-0
458,YEWDAF__ligand3973-0
459,YEWDAF__ligand1147-0
460,YEWDAF__ligand11970-0
461,YEWDAF__ligand780-0
462,YEWDAF__ligand30142-0
463,YEWDAF__ligand314-0
464,YEWDAF__ligand27669-0
465,YEWDAF__ligand813-0
466,YEWDAF__ligand2403-0
467,YEWDAF__ligand14167-0
468,YEWDAF__ligand13477-0
469,YEWDAF__ligand6882-0
470,YEWDAF__ligand6455-0
471,YEWDAF__ligand3934-0
472,YEWDAF__ligand4332-0
473,YEWDAF__ligand9681-0
474,YEWDAF__ligand23197-0
475,YEWDAF__ligand618-0
476,YEWDAF__ligand1065-0
477,YEWDAF__ligand7530-0
478,YEWDAF__ligand391-0
479,YEWDAF__ligand3012-0
480,YEWDAF__ligand27285-0
481,YEWDAF__ligand29029-0
482,YEWDAF__ligand1449-0
483,YEWDAF__ligand5483-0
484,YEWDAF__ligand18568-0
485,YEWDAF__ligand28685-0
486,YEWDAF__ligand13672-0
487,YEWDAF__ligand5316-0
488,YEWDAF__ligand465-0
489,YEWDAF__ligand2830-0
490,YEWDAF__ligand10371-0
491,YEWDAF__ligand1729-0
492,YEWDAF__ligand5627-0
493,YEWDAF__ligand12453-0
494,YEWDAF__ligand18448-0
495,YEWDAF__ligand7529-0
496,YEWDAF__ligand28459-0
497,YEWDAF__ligand1415-0
498,YEWDAF__ligand6946-0
499,YEWDAF__ligand9148-0
500,YEWDAF__ligand19184-0
501,YEWDAF__ligand314-1
502,YEWDAF__ligand1768-0
503,YEWDAF__ligand21399-0
504,YEWDAF__ligand10872-0
505,YEWDAF__ligand26631-0
506,YEWDAF__ligand16148-0
507,YEWDAF__ligand1469-0
508,YEWDAF__ligand3871-0
509,YEWDAF__ligand12003-0
510,YEWDAF__ligand3647-0
511,YEWDAF__ligand5357-0
512,YEWDAF__ligand78-0
513,YEWDAF__ligand1688-0
514,YEWDAF__ligand29215-0
515,YEWDAF__ligand4850-0
516,YEWDAF__ligand5056-0
517,YEWDAF__ligand115-0
518,YEWDAF__ligand16369-0
519,YEWDAF__ligand9525-0
520,YEWDAF__ligand28540-0
521,YEWDAF__ligand1165-0
522,YEWDAF__ligand11111-0
523,YEWDAF__ligand27754-0
524,YEWDAF__ligand20695-0
525,YEWDAF__ligand45-0
526,YEWDAF__ligand3157-0
527,YEWDAF__ligand2722-0
528,YEWDAF__ligand1379-0
529,YEWDAF__ligand5935-0
530,YEWDAF__ligand833-0
531,YEWDAF__ligand22403-0
532,YEWDAF__ligand24-0
533,YEWDAF__ligand11618-0
534,YEWDAF__ligand5849-0
535,YEWDAF__ligand1771-0
536,YEWDAF__ligand4911-0
537,YEWDAF__ligand26529-0
538,YEWDAF__ligand3-0
539,YEWDAF__ligand784-0
540,YEWDAF__ligand3392-0
541,YEWDAF__ligand368-0
542,YEWDAF__ligand21729-0
543,YEWDAF__ligand8349-0
544,YEWDAF__ligand27239-0
545,YEWDAF__ligand395-0
546,YEWDAF__ligand8464-0
547,YEWDAF__ligand1709-0
548,YEWDAF__ligand28559-0
549,YEWDAF__ligand26324-0
550,YEWDAF__ligand14043-0
551,YEWDAF__ligand2527-0
552,YEWDAF__ligand19927-0
553,YEWDAF__ligand19-0
554,YEWDAF__ligand746-0
555,YEWDAF__ligand3350-0
556,YEWDAF__ligand7573-0
557,YEWDAF__ligand2781-0
558,YEWDAF__ligand25561-0
559,YEWDAF__ligand8722-0
560,YEWDAF__ligand447-0
561,YEWDAF__ligand9809-0
562,YEWDAF__ligand6672-0
563,YEWDAF__ligand1327-0
564,YEWDAF__ligand22129-0
565,YEWDAF__ligand12138-0
566,YEWDAF__ligand24780-0
567,YEWDAF__ligand2208-0
568,YEWDAF__ligand176-0
569,YEWDAF__ligand11949-0
570,YEWDAF__ligand3208-0
571,YEWDAF__ligand9197-0
572,YEWDAF__ligand17427-0
573,YEWDAF__ligand1900-0
574,YEWDAF__ligand7162-0
575,YEWDAF__ligand29486-0
576,YEWDAF__ligand3029-0
577,YEWDAF__ligand1773-0
578,YEWDAF__ligand4581-0
579,YEWDAF__ligand1-0
580,YEWDAF__ligand31694-0
581,YEWDAF__ligand487-0
582,YEWDAF__ligand2328-0
583,YEWDAF__ligand17396-0
584,YEWDAF__ligand5094-0
585,YEWDAF__ligand5892-0
586,YEWDAF__ligand23175-0
587,YEWDAF__ligand506-0
588,YEWDAF__ligand15788-0
589,YEWDAF__ligand11587-0
590,YEWDAF__ligand13220-0
591,YEWDAF__ligand24111-0
592,YEWDAF__ligand22444-0
593,YEWDAF__ligand4131-0
594,YEWDAF__ligand1712-0
595,YEWDAF__ligand14569-0
596,YEWDAF__ligand13385-0
597,YEWDAF__ligand12001-0
598,YEWDAF__ligand1496-0
599,YEWDAF__ligand10033-0
600,YEWDAF__ligand7557-0
601,YEWDAF__ligand24644-0
602,YEWDAF__ligand152-0
603,YEWDAF__ligand24872-0
604,YEWDAF__ligand27840-0
605,YEWDAF__ligand1533-0
606,YEWDAF__ligand30728-0
607,YEWDAF__ligand29441-0
608,YEWDAF__ligand10853-0
609,YEWDAF__ligand4546-0
610,YEWDAF__ligand4503-0
611,YEWDAF__ligand27610-0
612,YEWDAF__ligand10479-0
613,YEWDAF__ligand11479-0
614,YEWDAF__ligand20530-0
615,YEWDAF__ligand8115-0
616,YEWDAF__ligand235-0
617,YEWDAF__ligand11698-0
618,YEWDAF__ligand6768-0
619,YEWDAF__ligand13657-0
620,YEWDAF__ligand14347-0
621,YEWDAF__ligand1982-0
622,YEWDAF__ligand14302-0
623,YEWDAF__ligand7000-0
624,YEWDAF__ligand134-0
625,YEWDAF__ligand24851-0
626,YEWDAF__ligand1285-0
627,YEWDAF__ligand15387-0
628,YEWDAF__ligand2232-0
629,YEWDAF__ligand20121-0
630,YEWDAF__ligand2176-0
631,YEWDAF__ligand9291-0
632,YEWDAF__ligand20220-0
633,YEWDAF__ligand560-0
634,YEWDAF__ligand9833-0
635,YEWDAF__ligand7648-0
636,YEWDAF__ligand8876-0
637,YEWDAF__ligand2828-0
638,YEWDAF__ligand5256-0
639,YEWDAF__ligand16952-0
640,YEWDAF__ligand29813-0
641,YEWDAF__ligand4157-0
642,YEWDAF__ligand3954-0
643,YEWDAF__ligand4093-0
644,YEWDAF__ligand4442-0
645,YEWDAF__ligand9520-0
646,YEWDAF__ligand294-0
647,YEWDAF__ligand8699-0
648,YEWDAF__ligand10151-0
649,YEWDAF__ligand1160-0
650,YEWDAF__ligand9784-0
651,YEWDAF__ligand4272-0
652,YEWDAF__ligand1451-0
653,YEWDAF__ligand7629-0
654,YEWDAF__ligand421-0
655,YEWDAF__ligand1304-0
656,YEWDAF__ligand1790-0
657,YEWDAF__ligand7280-0
658,YEWDAF__ligand7238-0
659,YEWDAF__ligand22353-0
660,YEWDAF__ligand4016-0
661,YEWDAF__ligand19668-0
662,YEWDAF__ligand38-0
663,YEWDAF__ligand7867-0
664,YEWDAF__ligand685-0
665,YEWDAF__ligand6709-0
666,YEWDAF__ligand1219-0
667,YEWDAF__ligand19906-0
668,YEWDAF__ligand4661-0
669,YEWDAF__ligand1844-0
670,YEWDAF__ligand20821-0
671,YEWDAF__ligand6616-0
672,YEWDAF__ligand3035-0
673,YEWDAF__ligand3876-0
674,YEWDAF__ligand1343-0
675,YEWDAF__ligand3718-0
676,YEWDAF__ligand26673-0
677,YEWDAF__ligand31000-0
678,YEWDAF__ligand9935-0
679,YEWDAF__ligand1573-0
680,YEWDAF__ligand1536-0
681,YEWDAF__ligand1959-0
682,YEWDAF__ligand3504-0
683,YEWDAF__ligand11606-0
684,YEWDAF__ligand10582-0
685,YEWDAF__ligand13260-0
686,YEWDAF__ligand9908-0
687,YEWDAF__ligand1263-0
688,YEWDAF__ligand11252-0
689,YEWDAF__ligand197-0
690,YEWDAF__ligand42-0
691,YEWDAF__ligand19824-0
692,YEWDAF__ligand18067-0
693,YEWDAF__ligand7106-0
694,YEWDAF__ligand7242-0
695,YEWDAF__ligand6839-0
696,YEWDAF__ligand66-0
697,YEWDAF__ligand15455-0
698,YEWDAF__ligand8969-0
699,YEWDAF__ligand3131-0
700,YEWDAF__ligand1202-0
701,YEWDAF__ligand3937-0
702,YEWDAF__ligand3174-0
703,YEWDAF__ligand4720-0
704,YEWDAF__ligand11177-0
705,YEWDAF__ligand25658-0
706,YEWDAF__ligand17686-0
707,YEWDAF__ligand4155-0
708,YEWDAF__ligand4-0
709,YEWDAF__ligand3094-0
710,YEWDAF__ligand31205-0
711,YEWDAF__ligand5211-0
712,YEWDAF__ligand783-0
713,YEWDAF__ligand352-0
714,YEWDAF__ligand6919-0
715,YEWDAF__ligand16603-0
716,YEWDAF__ligand3852-0
717,YEWDAF__ligand2485-0
718,YEWDAF__ligand11814-0
719,YEWDAF__ligand868-0
720,YEWDAF__ligand11622-0
721,YEWDAF__ligand3565-0
722,YEWDAF__ligand16870-0
723,YEWDAF__ligand1512-0
724,YEWDAF__ligand5331-0
725,YEWDAF__ligand7126-0
726,YEWDAF__ligand8835-0
727,YEWDAF__ligand2028-0
728,YEWDAF__ligand21752-0
729,YEWDAF__ligand30788-0
730,YEWDAF__ligand909-0
731,YEWDAF__ligand3234-0
732,YEWDAF__ligand1142-0
733,YEWDAF__ligand13691-0
734,YEWDAF__ligand14339-0
735,YEWDAF__ligand177-0
736,YEWDAF__ligand18413-0
737,YEWDAF__ligand20844-0
738,YEWDAF__ligand24624-0
739,YEWDAF__ligand4641-0
740,YEWDAF__ligand18757-0
741,YEWDAF__ligand24560-0
742,YEWDAF__ligand116-0
743,YEWDAF__ligand30004-0
744,YEWDAF__ligand252-0
745,YEWDAF__ligand20557-0
746,YEWDAF__ligand6067-0
747,YEWDAF__ligand1577-0
748,YEWDAF__ligand2295-0
749,YEWDAF__ligand4620-0
750,YEWDAF__ligand24953-0
751,YEWDAF__ligand23445-0
752,YEWDAF__ligand830-0
753,YEWDAF__ligand3465-0
754,YEWDAF__ligand27122-0
755,YEWDAF__ligand20432-0
756,YEWDAF__ligand372-0
757,YEWDAF__ligand6102-0
758,YEWDAF__ligand6596-0
759,YEWDAF__ligand16133-0
760,YEWDAF__ligand13755-0
761,YEWDAF__ligand6904-0
762,YEWDAF__ligand3721-0
763,YEWDAF__ligand2917-0
764,YEWDAF__ligand193-0
765,YEWDAF__ligand7819-0
766,YEWDAF__ligand25048-0
767,YEWDAF__ligand21940-0
768,YEWDAF__ligand1378-0
769,YEWDAF__ligand11798-0
770,YEWDAF__ligand370-0
771,YEWDAF__ligand12413-0
772,YEWDAF__ligand29334-0
773,YEWDAF__ligand6244-0
774,YEWDAF__ligand20731-0
775,YEWDAF__ligand17445-0
776,YEWDAF__ligand17069-0
777,YEWDAF__ligand2915-0
778,YEWDAF__ligand14477-0
779,YEWDAF__ligand3156-0
780,YEWDAF__ligand11501-0
781,YEWDAF__ligand1575-0
782,YEWDAF__ligand11544-0
783,YEWDAF__ligand1530-0
784,YEWDAF__ligand250-0
785,YEWDAF__ligand9933-0
786,YEWDAF__ligand29214-0
787,YEWDAF__ligand1631-0
788,YEWDAF__ligand22357-0
789,YEWDAF__ligand9441-0
790,YEWDAF__ligand11758-0
791,YEWDAF__ligand2332-0
792,YEWDAF__ligand21448-0
793,YEWDAF__ligand18019-1
794,YEWDAF__ligand1615-0
795,YEWDAF__ligand14007-0
796,YEWDAF__ligand5036-0
797,YEWDAF__ligand2526-0
798,YEWDAF__ligand9111-0
799,YEWDAF__ligand9952-0
800,YEWDAF__ligand18-0
801,YEWDAF__ligand188-0
802,YEWDAF__ligand1324-0
803,YEWDAF__ligand8721-0
804,YEWDAF__ligand1823-0
805,YEWDAF__ligand5643-0
806,YEWDAF__ligand27550-0
807,YEWDAF__ligand1018-0
808,YEWDAF__ligand4116-0
809,YEWDAF__ligand311-0
810,YEWDAF__ligand785-0
811,YEWDAF__ligand20942-1
812,YEWDAF__ligand7967-0
813,YEWDAF__ligand479-0
814,YEWDAF__ligand14226-0
815,YEWDAF__ligand21339-0
816,YEWDAF__ligand6124-0
817,YEWDAF__ligand16956-0
818,YEWDAF__ligand3707-0
819,YEWDAF__ligand18158-0
820,YEWDAF__ligand9601-0
821,YEWDAF__ligand564-0
822,YEWDAF__ligand27771-0
823,YEWDAF__ligand370-1
824,YEWDAF__ligand29565-0
825,YEWDAF__ligand23682-0
826,YEWDAF__ligand8992-0
827,YEWDAF__ligand620-0
