,TMC
0,AXUSAN__ligand16952-0
1,AXUSAN__ligand29813-0
2,AXUSAN__ligand314-1
3,AXUSAN__ligand9908-0
4,AXUSAN__ligand1263-0
5,AXUSAN__ligand20121-0
6,AXUSAN__ligand15387-0
7,AXUSAN__ligand7106-0
8,AXUSAN__ligand20220-0
9,AXUSAN__ligand7242-0
10,AXUSAN__ligand13657-0
11,AXUSAN__ligand14347-0
12,AXUSAN__ligand14302-0
13,AXUSAN__ligand4661-0
14,AXUSAN__ligand1844-0
15,AXUSAN__ligand20530-0
16,AXUSAN__ligand11698-0
17,AXUSAN__ligand3035-0
18,AXUSAN__ligand3876-0
19,AXUSAN__ligand1343-0
20,AXUSAN__ligand6616-0
21,AXUSAN__ligand465-0
22,AXUSAN__ligand3718-0
23,AXUSAN__ligand24851-0
24,AXUSAN__ligand9935-0
25,AXUSAN__ligand29441-0
26,AXUSAN__ligand1536-0
27,AXUSAN__ligand10853-0
28,AXUSAN__ligand1573-0
29,AXUSAN__ligand27610-0
30,AXUSAN__ligand10479-0
31,AXUSAN__ligand1959-0
32,AXUSAN__ligand11479-0
33,AXUSAN__ligand3504-0
34,AXUSAN__ligand6919-0
35,AXUSAN__ligand2485-0
36,AXUSAN__ligand3852-0
37,AXUSAN__ligand19906-0
38,AXUSAN__ligand19668-0
39,AXUSAN__ligand391-0
40,AXUSAN__ligand3565-0
41,AXUSAN__ligand618-0
42,AXUSAN__ligand5331-0
43,AXUSAN__ligand1512-0
44,AXUSAN__ligand22353-0
45,AXUSAN__ligand6839-0
46,AXUSAN__ligand1202-0
47,AXUSAN__ligand3937-0
48,AXUSAN__ligand3174-0
49,AXUSAN__ligand3131-0
50,AXUSAN__ligand8969-0
51,AXUSAN__ligand4720-0
52,AXUSAN__ligand813-0
53,AXUSAN__ligand4155-0
54,AXUSAN__ligand3094-0
55,AXUSAN__ligand314-0
56,AXUSAN__ligand10151-0
57,AXUSAN__ligand780-0
58,AXUSAN__ligand5211-0
59,AXUSAN__ligand2232-0
60,AXUSAN__ligand19824-0
61,AXUSAN__ligand18067-0
62,AXUSAN__ligand19-0
63,AXUSAN__ligand2176-0
64,AXUSAN__ligand9291-0
65,AXUSAN__ligand8876-0
66,AXUSAN__ligand2828-0
67,AXUSAN__ligand7648-0
68,AXUSAN__ligand9833-0
69,AXUSAN__ligand10582-0
70,AXUSAN__ligand353-0
71,AXUSAN__ligand13260-0
72,AXUSAN__ligand5256-0
73,AXUSAN__ligand4157-0
74,AXUSAN__ligand11252-0
75,AXUSAN__ligand393-0
76,AXUSAN__ligand31000-0
77,AXUSAN__ligand11606-0
78,AXUSAN__ligand4503-0
79,AXUSAN__ligand4546-0
80,AXUSAN__ligand6768-0
81,AXUSAN__ligand20821-0
82,AXUSAN__ligand8115-0
83,AXUSAN__ligand7000-0
84,AXUSAN__ligand1982-0
85,AXUSAN__ligand26673-0
86,AXUSAN__ligand24-0
87,AXUSAN__ligand1285-0
88,AXUSAN__ligand11622-0
89,AXUSAN__ligand7280-0
90,AXUSAN__ligand1790-0
91,AXUSAN__ligand422-0
92,AXUSAN__ligand1304-0
93,AXUSAN__ligand7238-0
94,AXUSAN__ligand16870-0
95,AXUSAN__ligand16603-0
96,AXUSAN__ligand4016-0
97,AXUSAN__ligand45-0
98,AXUSAN__ligand7867-0
99,AXUSAN__ligand11814-0
100,AXUSAN__ligand686-0
101,AXUSAN__ligand6709-0
102,AXUSAN__ligand1219-0
103,AXUSAN__ligand31205-0
104,AXUSAN__ligand25658-0
105,AXUSAN__ligand196-0
106,AXUSAN__ligand4093-0
107,AXUSAN__ligand4442-0
108,AXUSAN__ligand17686-0
109,AXUSAN__ligand3954-0
110,AXUSAN__ligand78-0
111,AXUSAN__ligand9520-0
112,AXUSAN__ligand1160-0
113,AXUSAN__ligand8699-0
114,AXUSAN__ligand15455-0
115,AXUSAN__ligand9784-0
116,AXUSAN__ligand1451-0
117,AXUSAN__ligand4272-0
118,AXUSAN__ligand11177-0
119,AXUSAN__ligand7629-0
120,AXUSAN__ligand1530-0
121,AXUSAN__ligand1575-0
122,AXUSAN__ligand18413-0
123,AXUSAN__ligand9933-0
124,AXUSAN__ligand20844-0
125,AXUSAN__ligand24624-0
126,AXUSAN__ligand152-0
127,AXUSAN__ligand1631-0
128,AXUSAN__ligand18757-0
129,AXUSAN__ligand24560-0
130,AXUSAN__ligand9441-0
131,AXUSAN__ligand2332-0
132,AXUSAN__ligand30788-0
133,AXUSAN__ligand13691-0
134,AXUSAN__ligand1378-0
135,AXUSAN__ligand6244-0
136,AXUSAN__ligand14339-0
137,AXUSAN__ligand21752-0
138,AXUSAN__ligand3156-0
139,AXUSAN__ligand506-0
140,AXUSAN__ligand2915-0
141,AXUSAN__ligand1018-0
142,AXUSAN__ligand4116-0
143,AXUSAN__ligand487-0
144,AXUSAN__ligand21940-0
145,AXUSAN__ligand3707-0
146,AXUSAN__ligand25048-0
147,AXUSAN__ligand6124-0
148,AXUSAN__ligand7967-0
149,AXUSAN__ligand24953-0
150,AXUSAN__ligand23445-0
151,AXUSAN__ligand9601-0
152,AXUSAN__ligand16133-0
153,AXUSAN__ligand13755-0
154,AXUSAN__ligand8992-0
155,AXUSAN__ligand27122-0
156,AXUSAN__ligand20432-0
157,AXUSAN__ligand5036-0
158,AXUSAN__ligand2526-0
159,AXUSAN__ligand176-0
160,AXUSAN__ligand1615-0
161,AXUSAN__ligand9111-0
162,AXUSAN__ligand9952-0
163,AXUSAN__ligand447-0
164,AXUSAN__ligand1324-0
165,AXUSAN__ligand8721-0
166,AXUSAN__ligand5643-0
167,AXUSAN__ligand1823-0
168,AXUSAN__ligand746-0
169,AXUSAN__ligand30004-0
170,AXUSAN__ligand20557-0
171,AXUSAN__ligand22357-0
172,AXUSAN__ligand11758-0
173,AXUSAN__ligand21448-0
174,AXUSAN__ligand67-0
175,AXUSAN__ligand11501-0
176,AXUSAN__ligand11544-0
177,AXUSAN__ligand4641-0
178,AXUSAN__ligand395-0
179,AXUSAN__ligand368-0
180,AXUSAN__ligand29214-0
181,AXUSAN__ligand17445-0
182,AXUSAN__ligand784-0
183,AXUSAN__ligand7126-0
184,AXUSAN__ligand8835-0
185,AXUSAN__ligand2028-0
186,AXUSAN__ligand14477-0
187,AXUSAN__ligand17069-0
188,AXUSAN__ligand11798-0
189,AXUSAN__ligand3234-0
190,AXUSAN__ligand1142-0
191,AXUSAN__ligand20731-0
192,AXUSAN__ligand12413-0
193,AXUSAN__ligand29334-0
194,AXUSAN__ligand27771-0
195,AXUSAN__ligand833-0
196,AXUSAN__ligand3465-0
197,AXUSAN__ligand18158-0
198,AXUSAN__ligand23682-0
199,AXUSAN__ligand6596-0
200,AXUSAN__ligand6904-0
201,AXUSAN__ligand3721-0
202,AXUSAN__ligand6102-0
203,AXUSAN__ligand29565-0
204,AXUSAN__ligand2917-0
205,AXUSAN__ligand7819-0
206,AXUSAN__ligand20942-1
207,AXUSAN__ligand14226-0
208,AXUSAN__ligand21339-0
209,AXUSAN__ligand16956-0
210,AXUSAN__ligand43-0
211,AXUSAN__ligand115-0
212,AXUSAN__ligand27550-0
213,AXUSAN__ligand2295-0
214,AXUSAN__ligand6067-0
215,AXUSAN__ligand1577-0
216,AXUSAN__ligand14007-0
217,AXUSAN__ligand18019-1
218,AXUSAN__ligand4620-0
219,AXUSAN__ligand14614-0
220,AXUSAN__ligand4332-0
221,AXUSAN__ligand9681-0
222,AXUSAN__ligand16663-0
223,AXUSAN__ligand7530-0
224,AXUSAN__ligand11994-0
225,AXUSAN__ligand1065-0
226,AXUSAN__ligand868-0
227,AXUSAN__ligand31044-0
228,AXUSAN__ligand31842-0
229,AXUSAN__ligand3012-0
230,AXUSAN__ligand1449-0
231,AXUSAN__ligand24035-0
232,AXUSAN__ligand783-0
233,AXUSAN__ligand352-0
234,AXUSAN__ligand30711-0
235,AXUSAN__ligand20207-0
236,AXUSAN__ligand11682-0
237,AXUSAN__ligand2403-0
238,AXUSAN__ligand6455-0
239,AXUSAN__ligand6882-0
240,AXUSAN__ligand18-0
241,AXUSAN__ligand3934-0
242,AXUSAN__ligand16988-0
243,AXUSAN__ligand25913-0
244,AXUSAN__ligand15883-0
245,AXUSAN__ligand7529-0
246,AXUSAN__ligand1415-0
247,AXUSAN__ligand6946-0
248,AXUSAN__ligand11970-0
249,AXUSAN__ligand19792-0
250,AXUSAN__ligand10828-0
251,AXUSAN__ligand9148-0
252,AXUSAN__ligand15926-0
253,AXUSAN__ligand197-0
254,AXUSAN__ligand24230-0
255,AXUSAN__ligand28810-0
256,AXUSAN__ligand11447-0
257,AXUSAN__ligand11096-0
258,AXUSAN__ligand5483-0
259,AXUSAN__ligand11357-0
260,AXUSAN__ligand13862-0
261,AXUSAN__ligand28743-0
262,AXUSAN__ligand15531-0
263,AXUSAN__ligand5316-0
264,AXUSAN__ligand12365-0
265,AXUSAN__ligand10056-0
266,AXUSAN__ligand2830-0
267,AXUSAN__ligand21919-0
268,AXUSAN__ligand1729-0
269,AXUSAN__ligand22294-0
270,AXUSAN__ligand5627-0
271,AXUSAN__ligand22168-0
272,AXUSAN__ligand28930-0
273,AXUSAN__ligand6062-0
274,AXUSAN__ligand685-0
275,AXUSAN__ligand4738-0
276,AXUSAN__ligand27285-0
277,AXUSAN__ligand29029-0
278,AXUSAN__ligand5813-0
279,AXUSAN__ligand4813-0
280,AXUSAN__ligand6283-0
281,AXUSAN__ligand421-0
282,AXUSAN__ligand23197-0
283,AXUSAN__ligand7107-0
284,AXUSAN__ligand3215-0
285,AXUSAN__ligand27669-0
286,AXUSAN__ligand294-0
287,AXUSAN__ligand30142-0
288,AXUSAN__ligand14167-0
289,AXUSAN__ligand13477-0
290,AXUSAN__ligand7925-0
291,AXUSAN__ligand19184-0
292,AXUSAN__ligand2068-0
293,AXUSAN__ligand28459-0
294,AXUSAN__ligand12453-0
295,AXUSAN__ligand3973-0
296,AXUSAN__ligand18448-0
297,AXUSAN__ligand560-0
298,AXUSAN__ligand1147-0
299,AXUSAN__ligand134-0
300,AXUSAN__ligand10371-0
301,AXUSAN__ligand4330-0
302,AXUSAN__ligand235-0
303,AXUSAN__ligand2599-0
304,AXUSAN__ligand4194-0
305,AXUSAN__ligand18568-0
306,AXUSAN__ligand28685-0
307,AXUSAN__ligand7532-0
308,AXUSAN__ligand13672-0
309,AXUSAN__ligand370-1
310,AXUSAN__ligand9197-0
311,AXUSAN__ligand620-0
312,AXUSAN__ligand1900-0
313,AXUSAN__ligand22403-0
314,AXUSAN__ligand564-0
315,AXUSAN__ligand785-0
316,AXUSAN__ligand28540-0
317,AXUSAN__ligand311-0
318,AXUSAN__ligand7162-0
319,AXUSAN__ligand11111-0
320,AXUSAN__ligand16369-0
321,AXUSAN__ligand3029-0
322,AXUSAN__ligand479-0
323,AXUSAN__ligand4581-0
324,AXUSAN__ligand1773-0
325,AXUSAN__ligand2328-0
326,AXUSAN__ligand27754-0
327,AXUSAN__ligand20695-0
328,AXUSAN__ligand2781-0
329,AXUSAN__ligand7573-0
330,AXUSAN__ligand3350-0
331,AXUSAN__ligand8722-0
332,AXUSAN__ligand29215-0
333,AXUSAN__ligand1327-0
334,AXUSAN__ligand9809-0
335,AXUSAN__ligand6672-0
336,AXUSAN__ligand21399-0
337,AXUSAN__ligand10872-0
338,AXUSAN__ligand188-0
339,AXUSAN__ligand66-0
340,AXUSAN__ligand12003-0
341,AXUSAN__ligand3208-0
342,AXUSAN__ligand26631-0
343,AXUSAN__ligand16148-0
344,AXUSAN__ligand2208-0
345,AXUSAN__ligand14043-0
346,AXUSAN__ligand28559-0
347,AXUSAN__ligand26324-0
348,AXUSAN__ligand7557-0
349,AXUSAN__ligand1496-0
350,AXUSAN__ligand19927-0
351,AXUSAN__ligand42-0
352,AXUSAN__ligand21729-0
353,AXUSAN__ligand27239-0
354,AXUSAN__ligand1533-0
355,AXUSAN__ligand250-0
356,AXUSAN__ligand5892-0
357,AXUSAN__ligand26529-0
358,AXUSAN__ligand5094-0
359,AXUSAN__ligand1712-0
360,AXUSAN__ligand4131-0
361,AXUSAN__ligand11618-0
362,AXUSAN__ligand370-0
363,AXUSAN__ligand9525-0
364,AXUSAN__ligand38-0
365,AXUSAN__ligand1165-0
366,AXUSAN__ligand29486-0
367,AXUSAN__ligand31694-0
368,AXUSAN__ligand193-0
369,AXUSAN__ligand3157-0
370,AXUSAN__ligand372-0
371,AXUSAN__ligand17427-0
372,AXUSAN__ligand2722-0
373,AXUSAN__ligand1379-0
374,AXUSAN__ligand830-0
375,AXUSAN__ligand5935-0
376,AXUSAN__ligand1768-0
377,AXUSAN__ligand12138-0
378,AXUSAN__ligand24780-0
379,AXUSAN__ligand22129-0
380,AXUSAN__ligand1469-0
381,AXUSAN__ligand11949-0
382,AXUSAN__ligand3871-0
383,AXUSAN__ligand5357-0
384,AXUSAN__ligand252-0
385,AXUSAN__ligand3647-0
386,AXUSAN__ligand1688-0
387,AXUSAN__ligand5056-0
388,AXUSAN__ligand4850-0
389,AXUSAN__ligand116-0
390,AXUSAN__ligand25561-0
391,AXUSAN__ligand24872-0
392,AXUSAN__ligand8349-0
393,AXUSAN__ligand30728-0
394,AXUSAN__ligand27840-0
395,AXUSAN__ligand1709-0
396,AXUSAN__ligand8464-0
397,AXUSAN__ligand2527-0
398,AXUSAN__ligand177-0
399,AXUSAN__ligand12001-0
400,AXUSAN__ligand24644-0
401,AXUSAN__ligand8-0
402,AXUSAN__ligand10033-0
403,AXUSAN__ligand24111-0
404,AXUSAN__ligand22444-0
405,AXUSAN__ligand13385-0
406,AXUSAN__ligand5849-0
407,AXUSAN__ligand14569-0
408,AXUSAN__ligand909-0
409,AXUSAN__ligand23175-0
410,AXUSAN__ligand15788-0
411,AXUSAN__ligand17396-0
412,AXUSAN__ligand4911-0
413,AXUSAN__ligand1771-0
414,AXUSAN__ligand3392-0
415,AXUSAN__ligand11587-0
416,AXUSAN__ligand13220-0
417,AXUSAN__ligand696-0
418,AXUSAN__ligand28884-0
419,AXUSAN__ligand13331-0
420,AXUSAN__ligand12030-0
421,AXUSAN__ligand55-0
422,AXUSAN__ligand14248-0
423,AXUSAN__ligand29879-0
424,AXUSAN__ligand31832-0
425,AXUSAN__ligand1050-0
426,AXUSAN__ligand1015-0
427,AXUSAN__ligand13294-0
428,AXUSAN__ligand2027-0
429,AXUSAN__ligand4262-0
430,AXUSAN__ligand1028-0
431,AXUSAN__ligand25411-0
432,AXUSAN__ligand68-0
433,AXUSAN__ligand1618-0
434,AXUSAN__ligand11456-0
435,AXUSAN__ligand2692-0
436,AXUSAN__ligand656-0
437,AXUSAN__ligand4-0
438,AXUSAN__ligand14174-0
439,AXUSAN__ligand10712-0
440,AXUSAN__ligand1498-0
441,AXUSAN__ligand20682-0
442,AXUSAN__ligand4596-0
443,AXUSAN__ligand9615-0
444,AXUSAN__ligand13390-0
445,AXUSAN__ligand1154-0
446,AXUSAN__ligand1169-0
447,AXUSAN__ligand34-0
448,AXUSAN__ligand162-0
449,AXUSAN__ligand8529-0
450,AXUSAN__ligand226-0
451,AXUSAN__ligand416-0
452,AXUSAN__ligand13208-0
453,AXUSAN__ligand383-0
454,AXUSAN__ligand26810-0
455,AXUSAN__ligand27482-0
456,AXUSAN__ligand8593-0
457,AXUSAN__ligand28789-0
458,AXUSAN__ligand9944-0
459,AXUSAN__ligand20419-0
460,AXUSAN__ligand21371-0
461,AXUSAN__ligand17118-0
462,AXUSAN__ligand14889-0
463,AXUSAN__ligand30851-0
464,AXUSAN__ligand7566-0
465,AXUSAN__ligand29568-0
466,AXUSAN__ligand2001-0
467,AXUSAN__ligand5201-0
468,AXUSAN__ligand21581-0
469,AXUSAN__ligand31097-0
470,AXUSAN__ligand20539-0
471,AXUSAN__ligand30702-0
472,AXUSAN__ligand20214-0
473,AXUSAN__ligand20251-0
474,AXUSAN__ligand8553-0
475,AXUSAN__ligand670-0
476,AXUSAN__ligand1113-0
477,AXUSAN__ligand14117-0
478,AXUSAN__ligand17261-0
479,AXUSAN__ligand571-0
480,AXUSAN__ligand534-0
481,AXUSAN__ligand4124-0
482,AXUSAN__ligand3471-0
483,AXUSAN__ligand4161-0
484,AXUSAN__ligand16475-0
485,AXUSAN__ligand14703-0
486,AXUSAN__ligand5415-0
487,AXUSAN__ligand20251-1
488,AXUSAN__ligand3180-0
489,AXUSAN__ligand57-0
490,AXUSAN__ligand20011-0
491,AXUSAN__ligand17278-0
492,AXUSAN__ligand694-0
493,AXUSAN__ligand4340-0
494,AXUSAN__ligand17982-0
495,AXUSAN__ligand29414-0
496,AXUSAN__ligand2650-0
497,AXUSAN__ligand2281-0
498,AXUSAN__ligand20598-0
499,AXUSAN__ligand430-0
500,AXUSAN__ligand2823-0
501,AXUSAN__ligand11675-0
502,AXUSAN__ligand24047-0
503,AXUSAN__ligand10589-0
504,AXUSAN__ligand358-0
505,AXUSAN__ligand22557-0
506,AXUSAN__ligand6995-0
507,AXUSAN__ligand488-0
508,AXUSAN__ligand17398-0
509,AXUSAN__ligand5755-0
510,AXUSAN__ligand4710-0
511,AXUSAN__ligand16628-0
512,AXUSAN__ligand5085-0
513,AXUSAN__ligand12427-0
514,AXUSAN__ligand3144-0
515,AXUSAN__ligand28468-0
516,AXUSAN__ligand20740-0
517,AXUSAN__ligand409-0
518,AXUSAN__ligand27460-0
519,AXUSAN__ligand8042-0
520,AXUSAN__ligand324-0
521,AXUSAN__ligand361-0
522,AXUSAN__ligand6112-0
523,AXUSAN__ligand1828-0
524,AXUSAN__ligand7213-0
525,AXUSAN__ligand1397-0
526,AXUSAN__ligand12606-0
527,AXUSAN__ligand5630-0
528,AXUSAN__ligand1786-0
529,AXUSAN__ligand30333-0
530,AXUSAN__ligand26540-0
531,AXUSAN__ligand4795-0
532,AXUSAN__ligand3285-0
533,AXUSAN__ligand12337-0
534,AXUSAN__ligand29410-0
535,AXUSAN__ligand1908-0
536,AXUSAN__ligand30296-0
537,AXUSAN__ligand16-0
538,AXUSAN__ligand17281-0
539,AXUSAN__ligand31783-0
540,AXUSAN__ligand6663-0
541,AXUSAN__ligand5515-0
542,AXUSAN__ligand1831-0
543,AXUSAN__ligand5614-0
544,AXUSAN__ligand5280-0
545,AXUSAN__ligand32-0
546,AXUSAN__ligand17631-0
547,AXUSAN__ligand13012-0
548,AXUSAN__ligand26665-0
549,AXUSAN__ligand14603-0
550,AXUSAN__ligand14297-0
551,AXUSAN__ligand199-0
552,AXUSAN__ligand17258-0
553,AXUSAN__ligand1216-0
554,AXUSAN__ligand30988-0
555,AXUSAN__ligand27175-0
556,AXUSAN__ligand588-0
557,AXUSAN__ligand18832-0
558,AXUSAN__ligand5019-0
559,AXUSAN__ligand23713-0
560,AXUSAN__ligand3261-0
561,AXUSAN__ligand1152-0
562,AXUSAN__ligand12934-0
563,AXUSAN__ligand20578-0
564,AXUSAN__ligand15422-0
565,AXUSAN__ligand1849-0
566,AXUSAN__ligand19641-0
567,AXUSAN__ligand14723-0
568,AXUSAN__ligand300-0
569,AXUSAN__ligand27893-0
570,AXUSAN__ligand10476-0
571,AXUSAN__ligand633-0
572,AXUSAN__ligand1150-0
573,AXUSAN__ligand48-0
574,AXUSAN__ligand13068-0
575,AXUSAN__ligand19830-0
576,AXUSAN__ligand12401-0
577,AXUSAN__ligand15585-0
578,AXUSAN__ligand1539-0
579,AXUSAN__ligand24145-0
580,AXUSAN__ligand4207-0
581,AXUSAN__ligand12231-0
582,AXUSAN__ligand18292-0
583,AXUSAN__ligand12289-0
584,AXUSAN__ligand26702-0
585,AXUSAN__ligand13658-0
586,AXUSAN__ligand3416-0
587,AXUSAN__ligand3453-0
588,AXUSAN__ligand17387-0
589,AXUSAN__ligand497-0
590,AXUSAN__ligand12130-0
591,AXUSAN__ligand17805-0
592,AXUSAN__ligand17302-0
593,AXUSAN__ligand3042-0
594,AXUSAN__ligand25178-0
595,AXUSAN__ligand7438-0
596,AXUSAN__ligand24185-0
597,AXUSAN__ligand8200-0
598,AXUSAN__ligand4063-0
599,AXUSAN__ligand23769-0
600,AXUSAN__ligand9750-0
601,AXUSAN__ligand10958-0
602,AXUSAN__ligand436-0
603,AXUSAN__ligand1779-0
604,AXUSAN__ligand1817-0
605,AXUSAN__ligand12641-0
606,AXUSAN__ligand6993-0
607,AXUSAN__ligand3557-0
608,AXUSAN__ligand51-0
609,AXUSAN__ligand3980-0
610,AXUSAN__ligand1149-0
611,AXUSAN__ligand692-0
612,AXUSAN__ligand7075-0
613,AXUSAN__ligand14108-0
614,AXUSAN__ligand29302-0
615,AXUSAN__ligand13425-0
616,AXUSAN__ligand91-0
617,AXUSAN__ligand1288-0
618,AXUSAN__ligand18814-0
619,AXUSAN__ligand19057-0
620,AXUSAN__ligand28676-0
621,AXUSAN__ligand4167-0
622,AXUSAN__ligand10262-0
623,AXUSAN__ligand27763-0
624,AXUSAN__ligand326-0
625,AXUSAN__ligand4266-0
626,AXUSAN__ligand1400-0
627,AXUSAN__ligand9491-0
628,AXUSAN__ligand18074-0
629,AXUSAN__ligand13869-0
630,AXUSAN__ligand2221-0
631,AXUSAN__ligand29863-0
632,AXUSAN__ligand4358-0
633,AXUSAN__ligand3120-0
634,AXUSAN__ligand3926-0
635,AXUSAN__ligand11140-0
636,AXUSAN__ligand5595-0
637,AXUSAN__ligand29610-0
638,AXUSAN__ligand4101-0
639,AXUSAN__ligand28668-0
640,AXUSAN__ligand338-0
641,AXUSAN__ligand9773-0
642,AXUSAN__ligand1376-0
643,AXUSAN__ligand16791-0
644,AXUSAN__ligand5510-0
645,AXUSAN__ligand1197-0
646,AXUSAN__ligand18799-0
647,AXUSAN__ligand5099-0
648,AXUSAN__ligand8592-0
649,AXUSAN__ligand18465-0
650,AXUSAN__ligand1296-0
651,AXUSAN__ligand2259-0
652,AXUSAN__ligand1317-0
653,AXUSAN__ligand3867-0
654,AXUSAN__ligand20599-0
655,AXUSAN__ligand2822-0
656,AXUSAN__ligand7293-0
657,AXUSAN__ligand22981-0
658,AXUSAN__ligand25805-0
659,AXUSAN__ligand27074-0
660,AXUSAN__ligand2238-0
661,AXUSAN__ligand18391-0
662,AXUSAN__ligand27169-0
663,AXUSAN__ligand14523-0
664,AXUSAN__ligand9167-0
665,AXUSAN__ligand201-0
666,AXUSAN__ligand5304-0
667,AXUSAN__ligand7762-0
668,AXUSAN__ligand5080-0
669,AXUSAN__ligand12467-0
670,AXUSAN__ligand185-0
671,AXUSAN__ligand279-0
672,AXUSAN__ligand10084-0
673,AXUSAN__ligand25267-0
674,AXUSAN__ligand178-0
675,AXUSAN__ligand23904-0
676,AXUSAN__ligand21936-0
677,AXUSAN__ligand5509-0
678,AXUSAN__ligand8002-0
679,AXUSAN__ligand13257-0
680,AXUSAN__ligand6117-0
681,AXUSAN__ligand1407-0
682,AXUSAN__ligand321-0
683,AXUSAN__ligand69-0
684,AXUSAN__ligand2693-0
685,AXUSAN__ligand5383-0
686,AXUSAN__ligand657-0
687,AXUSAN__ligand3945-0
688,AXUSAN__ligand187-0
689,AXUSAN__ligand30539-0
690,AXUSAN__ligand11166-0
691,AXUSAN__ligand366-0
692,AXUSAN__ligand3736-0
693,AXUSAN__ligand8000-0
694,AXUSAN__ligand21132-0
695,AXUSAN__ligand9344-0
696,AXUSAN__ligand23906-0
697,AXUSAN__ligand27835-0
698,AXUSAN__ligand3677-1
699,AXUSAN__ligand9883-0
700,AXUSAN__ligand777-0
701,AXUSAN__ligand12295-0
702,AXUSAN__ligand7291-0
703,AXUSAN__ligand9299-0
704,AXUSAN__ligand941-0
705,AXUSAN__ligand4007-0
706,AXUSAN__ligand25689-0
707,AXUSAN__ligand11-0
708,AXUSAN__ligand596-0
709,AXUSAN__ligand2985-0
710,AXUSAN__ligand21787-0
711,AXUSAN__ligand25575-0
712,AXUSAN__ligand13209-0
713,AXUSAN__ligand19257-0
714,AXUSAN__ligand12660-0
715,AXUSAN__ligand6699-0
716,AXUSAN__ligand1168-0
717,AXUSAN__ligand126-0
718,AXUSAN__ligand1294-0
719,AXUSAN__ligand163-0
720,AXUSAN__ligand25650-0
721,AXUSAN__ligand3632-0
722,AXUSAN__ligand3677-0
723,AXUSAN__ligand31248-0
724,AXUSAN__ligand1211-0
725,AXUSAN__ligand6892-0
726,AXUSAN__ligand1499-0
727,AXUSAN__ligand23124-0
728,AXUSAN__ligand2881-0
729,AXUSAN__ligand11206-0
730,AXUSAN__ligand845-0
731,AXUSAN__ligand25735-0
732,AXUSAN__ligand12519-0
733,AXUSAN__ligand3712-0
734,AXUSAN__ligand1464-0
735,AXUSAN__ligand1228-0
736,AXUSAN__ligand9943-0
737,AXUSAN__ligand15168-0
738,AXUSAN__ligand89-0
739,AXUSAN__ligand122-0
740,AXUSAN__ligand1604-0
741,AXUSAN__ligand757-0
742,AXUSAN__ligand1832-0
743,AXUSAN__ligand23589-0
744,AXUSAN__ligand8788-0
745,AXUSAN__ligand2043-0
746,AXUSAN__ligand24064-0
747,AXUSAN__ligand2417-0
748,AXUSAN__ligand11432-0
749,AXUSAN__ligand31618-0
750,AXUSAN__ligand10432-0
751,AXUSAN__ligand1114-0
752,AXUSAN__ligand22755-0
753,AXUSAN__ligand49-0
754,AXUSAN__ligand6391-0
755,AXUSAN__ligand3126-0
756,AXUSAN__ligand9284-0
757,AXUSAN__ligand29898-0
758,AXUSAN__ligand26277-0
759,AXUSAN__ligand24750-0
760,AXUSAN__ligand1-0
761,AXUSAN__ligand31578-0
762,AXUSAN__ligand17207-0
763,AXUSAN__ligand25224-0
764,AXUSAN__ligand1289-0
765,AXUSAN__ligand18013-0
766,AXUSAN__ligand2203-0
767,AXUSAN__ligand5387-0
768,AXUSAN__ligand17945-0
769,AXUSAN__ligand1599-0
770,AXUSAN__ligand18703-0
771,AXUSAN__ligand693-0
772,AXUSAN__ligand2612-0
773,AXUSAN__ligand29087-0
774,AXUSAN__ligand9450-0
775,AXUSAN__ligand15438-0
776,AXUSAN__ligand28924-0
777,AXUSAN__ligand3178-0
778,AXUSAN__ligand12336-0
779,AXUSAN__ligand240-0
780,AXUSAN__ligand4807-0
781,AXUSAN__ligand17-0
782,AXUSAN__ligand141-0
783,AXUSAN__ligand13072-0
784,AXUSAN__ligand7196-0
785,AXUSAN__ligand5159-0
786,AXUSAN__ligand1787-0
787,AXUSAN__ligand1356-0
788,AXUSAN__ligand5530-0
789,AXUSAN__ligand9753-0
790,AXUSAN__ligand18699-0
791,AXUSAN__ligand12682-0
792,AXUSAN__ligand4649-0
793,AXUSAN__ligand8793-0
794,AXUSAN__ligand5649-0
795,AXUSAN__ligand2788-0
796,AXUSAN__ligand4711-0
797,AXUSAN__ligand17590-0
798,AXUSAN__ligand3244-0
799,AXUSAN__ligand3-0
800,AXUSAN__ligand2906-0
801,AXUSAN__ligand17240-0
802,AXUSAN__ligand7273-0
803,AXUSAN__ligand20579-0
804,AXUSAN__ligand17710-0
805,AXUSAN__ligand9323-0
806,AXUSAN__ligand768-0
807,AXUSAN__ligand11568-0
808,AXUSAN__ligand7172-0
809,AXUSAN__ligand8612-0
810,AXUSAN__ligand2124-0
811,AXUSAN__ligand14586-0
812,AXUSAN__ligand11774-0
813,AXUSAN__ligand21421-0
814,AXUSAN__ligand7092-0
815,AXUSAN__ligand2260-0
816,AXUSAN__ligand1153-0
817,AXUSAN__ligand3225-0
818,AXUSAN__ligand1116-0
819,AXUSAN__ligand7316-0
820,AXUSAN__ligand5708-0
821,AXUSAN__ligand19725-0
822,AXUSAN__ligand6017-0
823,AXUSAN__ligand24613-0
824,AXUSAN__ligand5180-0
825,AXUSAN__ligand31483-0
826,AXUSAN__ligand384-0
827,AXUSAN__ligand10555-0
