,TMC
0,GECHEE__ligand31618-0
1,GECHEE__ligand11432-0
2,GECHEE__ligand3178-0
3,GECHEE__ligand10432-0
4,GECHEE__ligand22755-0
5,GECHEE__ligand26277-0
6,GECHEE__ligand4807-0
7,GECHEE__ligand29898-0
8,GECHEE__ligand7196-0
9,GECHEE__ligand5159-0
10,GECHEE__ligand5530-0
11,GECHEE__ligand1356-0
12,GECHEE__ligand1787-0
13,GECHEE__ligand9753-0
14,GECHEE__ligand23589-0
15,GECHEE__ligand2788-0
16,GECHEE__ligand5649-0
17,GECHEE__ligand8793-0
18,GECHEE__ligand4649-0
19,GECHEE__ligand24064-0
20,GECHEE__ligand3244-0
21,GECHEE__ligand4711-0
22,GECHEE__ligand15168-0
23,GECHEE__ligand4-0
24,GECHEE__ligand2906-0
25,GECHEE__ligand197-0
26,GECHEE__ligand7273-0
27,GECHEE__ligand9323-0
28,GECHEE__ligand15438-0
29,GECHEE__ligand7172-0
30,GECHEE__ligand352-0
31,GECHEE__ligand28924-0
32,GECHEE__ligand783-0
33,GECHEE__ligand8612-0
34,GECHEE__ligand18703-0
35,GECHEE__ligand2124-0
36,GECHEE__ligand29087-0
37,GECHEE__ligand1116-0
38,GECHEE__ligand3225-0
39,GECHEE__ligand1153-0
40,GECHEE__ligand2260-0
41,GECHEE__ligand7092-0
42,GECHEE__ligand7316-0
43,GECHEE__ligand31578-0
44,GECHEE__ligand5708-0
45,GECHEE__ligand17207-0
46,GECHEE__ligand25224-0
47,GECHEE__ligand18013-0
48,GECHEE__ligand6017-0
49,GECHEE__ligand17945-0
50,GECHEE__ligand5180-0
51,GECHEE__ligand868-0
52,GECHEE__ligand24750-0
53,GECHEE__ligand9943-0
54,GECHEE__ligand1228-0
55,GECHEE__ligand17590-0
56,GECHEE__ligand235-0
57,GECHEE__ligand17240-0
58,GECHEE__ligand134-0
59,GECHEE__ligand1604-0
60,GECHEE__ligand8788-0
61,GECHEE__ligand1832-0
62,GECHEE__ligand12682-0
63,GECHEE__ligand18699-0
64,GECHEE__ligand2043-0
65,GECHEE__ligand2417-0
66,GECHEE__ligand1114-0
67,GECHEE__ligand12336-0
68,GECHEE__ligand3126-0
69,GECHEE__ligand6391-0
70,GECHEE__ligand560-0
71,GECHEE__ligand9284-0
72,GECHEE__ligand13072-0
73,GECHEE__ligand31483-0
74,GECHEE__ligand10555-0
75,GECHEE__ligand19725-0
76,GECHEE__ligand294-0
77,GECHEE__ligand1289-0
78,GECHEE__ligand24613-0
79,GECHEE__ligand69-0
80,GECHEE__ligand5387-0
81,GECHEE__ligand2203-0
82,GECHEE__ligand1599-0
83,GECHEE__ligand11774-0
84,GECHEE__ligand14586-0
85,GECHEE__ligand11-0
86,GECHEE__ligand2612-0
87,GECHEE__ligand21421-0
88,GECHEE__ligand685-0
89,GECHEE__ligand20579-0
90,GECHEE__ligand17710-0
91,GECHEE__ligand421-0
92,GECHEE__ligand11568-0
93,GECHEE__ligand9450-0
94,GECHEE__ligand18799-0
95,GECHEE__ligand5383-0
96,GECHEE__ligand2693-0
97,GECHEE__ligand18465-0
98,GECHEE__ligand3945-0
99,GECHEE__ligand3736-0
100,GECHEE__ligand28668-0
101,GECHEE__ligand370-0
102,GECHEE__ligand8000-0
103,GECHEE__ligand16791-0
104,GECHEE__ligand9344-0
105,GECHEE__ligand9883-0
106,GECHEE__ligand3677-1
107,GECHEE__ligand11140-0
108,GECHEE__ligand29610-0
109,GECHEE__ligand7291-0
110,GECHEE__ligand18074-0
111,GECHEE__ligand9299-0
112,GECHEE__ligand13869-0
113,GECHEE__ligand29863-0
114,GECHEE__ligand250-0
115,GECHEE__ligand2985-0
116,GECHEE__ligand4007-0
117,GECHEE__ligand23904-0
118,GECHEE__ligand21936-0
119,GECHEE__ligand13257-0
120,GECHEE__ligand6699-0
121,GECHEE__ligand1168-0
122,GECHEE__ligand12467-0
123,GECHEE__ligand1294-0
124,GECHEE__ligand10084-0
125,GECHEE__ligand188-0
126,GECHEE__ligand25267-0
127,GECHEE__ligand3677-0
128,GECHEE__ligand3632-0
129,GECHEE__ligand89-0
130,GECHEE__ligand1211-0
131,GECHEE__ligand18391-0
132,GECHEE__ligand564-0
133,GECHEE__ligand27169-0
134,GECHEE__ligand14523-0
135,GECHEE__ligand6892-0
136,GECHEE__ligand49-0
137,GECHEE__ligand370-1
138,GECHEE__ligand620-0
139,GECHEE__ligand20599-0
140,GECHEE__ligand1499-0
141,GECHEE__ligand25805-0
142,GECHEE__ligand2881-0
143,GECHEE__ligand22981-0
144,GECHEE__ligand785-0
145,GECHEE__ligand311-0
146,GECHEE__ligand1464-0
147,GECHEE__ligand3712-0
148,GECHEE__ligand27074-0
149,GECHEE__ligand479-0
150,GECHEE__ligand909-0
151,GECHEE__ligand2221-0
152,GECHEE__ligand25689-0
153,GECHEE__ligand4358-0
154,GECHEE__ligand3926-0
155,GECHEE__ligand21787-0
156,GECHEE__ligand3120-0
157,GECHEE__ligand25575-0
158,GECHEE__ligand27835-0
159,GECHEE__ligand12295-0
160,GECHEE__ligand4101-0
161,GECHEE__ligand5595-0
162,GECHEE__ligand11166-0
163,GECHEE__ligand21132-0
164,GECHEE__ligand9773-0
165,GECHEE__ligand5510-0
166,GECHEE__ligand1376-0
167,GECHEE__ligand23906-0
168,GECHEE__ligand1197-0
169,GECHEE__ligand8592-0
170,GECHEE__ligand5099-0
171,GECHEE__ligand1296-0
172,GECHEE__ligand30539-0
173,GECHEE__ligand177-0
174,GECHEE__ligand2259-0
175,GECHEE__ligand7293-0
176,GECHEE__ligand2822-0
177,GECHEE__ligand3867-0
178,GECHEE__ligand1317-0
179,GECHEE__ligand23124-0
180,GECHEE__ligand11206-0
181,GECHEE__ligand12519-0
182,GECHEE__ligand25735-0
183,GECHEE__ligand17-0
184,GECHEE__ligand116-0
185,GECHEE__ligand2238-0
186,GECHEE__ligand9167-0
187,GECHEE__ligand252-0
188,GECHEE__ligand5304-0
189,GECHEE__ligand5080-0
190,GECHEE__ligand7762-0
191,GECHEE__ligand193-0
192,GECHEE__ligand25650-0
193,GECHEE__ligand31248-0
194,GECHEE__ligand830-0
195,GECHEE__ligand13209-0
196,GECHEE__ligand19257-0
197,GECHEE__ligand372-0
198,GECHEE__ligand12660-0
199,GECHEE__ligand8002-0
200,GECHEE__ligand5509-0
201,GECHEE__ligand1407-0
202,GECHEE__ligand6117-0
203,GECHEE__ligand1150-0
204,GECHEE__ligand26540-0
205,GECHEE__ligand12337-0
206,GECHEE__ligand29410-0
207,GECHEE__ligand30296-0
208,GECHEE__ligand17281-0
209,GECHEE__ligand1539-0
210,GECHEE__ligand314-0
211,GECHEE__ligand12606-0
212,GECHEE__ligand780-0
213,GECHEE__ligand4207-0
214,GECHEE__ligand813-0
215,GECHEE__ligand3453-0
216,GECHEE__ligand3416-0
217,GECHEE__ligand30333-0
218,GECHEE__ligand27460-0
219,GECHEE__ligand391-0
220,GECHEE__ligand3042-0
221,GECHEE__ligand16628-0
222,GECHEE__ligand34-0
223,GECHEE__ligand8200-0
224,GECHEE__ligand7438-0
225,GECHEE__ligand12427-0
226,GECHEE__ligand618-0
227,GECHEE__ligand28468-0
228,GECHEE__ligand20740-0
229,GECHEE__ligand4063-0
230,GECHEE__ligand9750-0
231,GECHEE__ligand15422-0
232,GECHEE__ligand465-0
233,GECHEE__ligand20578-0
234,GECHEE__ligand12934-0
235,GECHEE__ligand19641-0
236,GECHEE__ligand1779-0
237,GECHEE__ligand14723-0
238,GECHEE__ligand27893-0
239,GECHEE__ligand6993-0
240,GECHEE__ligand1817-0
241,GECHEE__ligand3980-0
242,GECHEE__ligand3557-0
243,GECHEE__ligand1149-0
244,GECHEE__ligand55-0
245,GECHEE__ligand30988-0
246,GECHEE__ligand18832-0
247,GECHEE__ligand7075-0
248,GECHEE__ligand27175-0
249,GECHEE__ligand23713-0
250,GECHEE__ligand17631-0
251,GECHEE__ligand13012-0
252,GECHEE__ligand26665-0
253,GECHEE__ligand14297-0
254,GECHEE__ligand14603-0
255,GECHEE__ligand1288-0
256,GECHEE__ligand68-0
257,GECHEE__ligand314-1
258,GECHEE__ligand17258-0
259,GECHEE__ligand4167-0
260,GECHEE__ligand31783-0
261,GECHEE__ligand1400-0
262,GECHEE__ligand4266-0
263,GECHEE__ligand9491-0
264,GECHEE__ligand4710-0
265,GECHEE__ligand5755-0
266,GECHEE__ligand25178-0
267,GECHEE__ligand24185-0
268,GECHEE__ligand3144-0
269,GECHEE__ligand5085-0
270,GECHEE__ligand196-0
271,GECHEE__ligand23769-0
272,GECHEE__ligand8042-0
273,GECHEE__ligand17805-0
274,GECHEE__ligand6112-0
275,GECHEE__ligand17302-0
276,GECHEE__ligand1828-0
277,GECHEE__ligand1397-0
278,GECHEE__ligand7213-0
279,GECHEE__ligand5630-0
280,GECHEE__ligand12231-0
281,GECHEE__ligand12289-0
282,GECHEE__ligand18292-0
283,GECHEE__ligand13658-0
284,GECHEE__ligand26702-0
285,GECHEE__ligand1786-0
286,GECHEE__ligand422-0
287,GECHEE__ligand17387-0
288,GECHEE__ligand12130-0
289,GECHEE__ligand686-0
290,GECHEE__ligand10476-0
291,GECHEE__ligand19830-0
292,GECHEE__ligand13068-0
293,GECHEE__ligand3285-0
294,GECHEE__ligand4795-0
295,GECHEE__ligand1908-0
296,GECHEE__ligand57-0
297,GECHEE__ligand15585-0
298,GECHEE__ligand12401-0
299,GECHEE__ligand24145-0
300,GECHEE__ligand10262-0
301,GECHEE__ligand28676-0
302,GECHEE__ligand27763-0
303,GECHEE__ligand5515-0
304,GECHEE__ligand6663-0
305,GECHEE__ligand393-0
306,GECHEE__ligand5280-0
307,GECHEE__ligand5614-0
308,GECHEE__ligand1831-0
309,GECHEE__ligand29302-0
310,GECHEE__ligand13425-0
311,GECHEE__ligand18814-0
312,GECHEE__ligand19057-0
313,GECHEE__ligand1216-0
314,GECHEE__ligand5019-0
315,GECHEE__ligand14108-0
316,GECHEE__ligand1152-0
317,GECHEE__ligand3261-0
318,GECHEE__ligand10958-0
319,GECHEE__ligand1849-0
320,GECHEE__ligand353-0
321,GECHEE__ligand12641-0
322,GECHEE__ligand9944-0
323,GECHEE__ligand11456-0
324,GECHEE__ligand8593-0
325,GECHEE__ligand14174-0
326,GECHEE__ligand32-0
327,GECHEE__ligand10712-0
328,GECHEE__ligand176-0
329,GECHEE__ligand746-0
330,GECHEE__ligand7566-0
331,GECHEE__ligand447-0
332,GECHEE__ligand25411-0
333,GECHEE__ligand2001-0
334,GECHEE__ligand31832-0
335,GECHEE__ligand5201-0
336,GECHEE__ligand13294-0
337,GECHEE__ligand487-0
338,GECHEE__ligand28884-0
339,GECHEE__ligand8553-0
340,GECHEE__ligand13331-0
341,GECHEE__ligand1113-0
342,GECHEE__ligand12030-0
343,GECHEE__ligand29879-0
344,GECHEE__ligand14248-0
345,GECHEE__ligand4161-0
346,GECHEE__ligand3471-0
347,GECHEE__ligand13208-0
348,GECHEE__ligand4124-0
349,GECHEE__ligand26810-0
350,GECHEE__ligand27482-0
351,GECHEE__ligand5415-0
352,GECHEE__ligand506-0
353,GECHEE__ligand1-0
354,GECHEE__ligand16-0
355,GECHEE__ligand152-0
356,GECHEE__ligand3180-0
357,GECHEE__ligand13390-0
358,GECHEE__ligand2281-0
359,GECHEE__ligand2650-0
360,GECHEE__ligand4340-0
361,GECHEE__ligand2823-0
362,GECHEE__ligand20682-0
363,GECHEE__ligand6995-0
364,GECHEE__ligand51-0
365,GECHEE__ligand14117-0
366,GECHEE__ligand17261-0
367,GECHEE__ligand115-0
368,GECHEE__ligand21581-0
369,GECHEE__ligand31097-0
370,GECHEE__ligand1015-0
371,GECHEE__ligand1050-0
372,GECHEE__ligand20539-0
373,GECHEE__ligand20251-0
374,GECHEE__ligand30702-0
375,GECHEE__ligand20214-0
376,GECHEE__ligand2027-0
377,GECHEE__ligand4262-0
378,GECHEE__ligand14889-0
379,GECHEE__ligand30851-0
380,GECHEE__ligand29568-0
381,GECHEE__ligand833-0
382,GECHEE__ligand1028-0
383,GECHEE__ligand1618-0
384,GECHEE__ligand3-0
385,GECHEE__ligand2692-0
386,GECHEE__ligand28789-0
387,GECHEE__ligand20419-0
388,GECHEE__ligand91-0
389,GECHEE__ligand21371-0
390,GECHEE__ligand17118-0
391,GECHEE__ligand20598-0
392,GECHEE__ligand11675-0
393,GECHEE__ligand1498-0
394,GECHEE__ligand4596-0
395,GECHEE__ligand24047-0
396,GECHEE__ligand10589-0
397,GECHEE__ligand22557-0
398,GECHEE__ligand784-0
399,GECHEE__ligand17398-0
400,GECHEE__ligand9615-0
401,GECHEE__ligand48-0
402,GECHEE__ligand1154-0
403,GECHEE__ligand20011-0
404,GECHEE__ligand17278-0
405,GECHEE__ligand17982-0
406,GECHEE__ligand29414-0
407,GECHEE__ligand1169-0
408,GECHEE__ligand20251-1
409,GECHEE__ligand8529-0
410,GECHEE__ligand368-0
411,GECHEE__ligand14703-0
412,GECHEE__ligand16475-0
413,GECHEE__ligand395-0
414,GECHEE__ligand21399-0
415,GECHEE__ligand9525-0
416,GECHEE__ligand10872-0
417,GECHEE__ligand178-0
418,GECHEE__ligand1165-0
419,GECHEE__ligand12003-0
420,GECHEE__ligand185-0
421,GECHEE__ligand279-0
422,GECHEE__ligand3157-0
423,GECHEE__ligand16148-0
424,GECHEE__ligand26631-0
425,GECHEE__ligand2722-0
426,GECHEE__ligand1379-0
427,GECHEE__ligand321-0
428,GECHEE__ligand5935-0
429,GECHEE__ligand29215-0
430,GECHEE__ligand28540-0
431,GECHEE__ligand11111-0
432,GECHEE__ligand1768-0
433,GECHEE__ligand16369-0
434,GECHEE__ligand1469-0
435,GECHEE__ligand3871-0
436,GECHEE__ligand27754-0
437,GECHEE__ligand20695-0
438,GECHEE__ligand3647-0
439,GECHEE__ligand5357-0
440,GECHEE__ligand201-0
441,GECHEE__ligand1688-0
442,GECHEE__ligand4850-0
443,GECHEE__ligand5056-0
444,GECHEE__ligand22403-0
445,GECHEE__ligand338-0
446,GECHEE__ligand11618-0
447,GECHEE__ligand8349-0
448,GECHEE__ligand8464-0
449,GECHEE__ligand1709-0
450,GECHEE__ligand26529-0
451,GECHEE__ligand2527-0
452,GECHEE__ligand18-0
453,GECHEE__ligand21729-0
454,GECHEE__ligand27239-0
455,GECHEE__ligand5849-0
456,GECHEE__ligand14043-0
457,GECHEE__ligand28559-0
458,GECHEE__ligand26324-0
459,GECHEE__ligand1771-0
460,GECHEE__ligand4911-0
461,GECHEE__ligand19927-0
462,GECHEE__ligand3392-0
463,GECHEE__ligand9197-0
464,GECHEE__ligand1900-0
465,GECHEE__ligand25561-0
466,GECHEE__ligand12138-0
467,GECHEE__ligand7162-0
468,GECHEE__ligand24780-0
469,GECHEE__ligand3029-0
470,GECHEE__ligand22129-0
471,GECHEE__ligand1773-0
472,GECHEE__ligand4581-0
473,GECHEE__ligand11949-0
474,GECHEE__ligand845-0
475,GECHEE__ligand2328-0
476,GECHEE__ligand17427-0
477,GECHEE__ligand3350-0
478,GECHEE__ligand7573-0
479,GECHEE__ligand2781-0
480,GECHEE__ligand8722-0
481,GECHEE__ligand6672-0
482,GECHEE__ligand9809-0
483,GECHEE__ligand1327-0
484,GECHEE__ligand29486-0
485,GECHEE__ligand31694-0
486,GECHEE__ligand126-0
487,GECHEE__ligand2208-0
488,GECHEE__ligand163-0
489,GECHEE__ligand3208-0
490,GECHEE__ligand23175-0
491,GECHEE__ligand15788-0
492,GECHEE__ligand17396-0
493,GECHEE__ligand1496-0
494,GECHEE__ligand7557-0
495,GECHEE__ligand777-0
496,GECHEE__ligand11587-0
497,GECHEE__ligand13220-0
498,GECHEE__ligand941-0
499,GECHEE__ligand596-0
500,GECHEE__ligand24111-0
501,GECHEE__ligand22444-0
502,GECHEE__ligand13385-0
503,GECHEE__ligand1533-0
504,GECHEE__ligand14569-0
505,GECHEE__ligand5094-0
506,GECHEE__ligand5892-0
507,GECHEE__ligand12001-0
508,GECHEE__ligand187-0
509,GECHEE__ligand24644-0
510,GECHEE__ligand10033-0
511,GECHEE__ligand657-0
512,GECHEE__ligand4131-0
513,GECHEE__ligand24872-0
514,GECHEE__ligand1712-0
515,GECHEE__ligand366-0
516,GECHEE__ligand30728-0
517,GECHEE__ligand27840-0
518,GECHEE__ligand693-0
519,GECHEE__ligand6062-0
520,GECHEE__ligand4738-0
521,GECHEE__ligand42-0
522,GECHEE__ligand16988-0
523,GECHEE__ligand4813-0
524,GECHEE__ligand5813-0
525,GECHEE__ligand25913-0
526,GECHEE__ligand6283-0
527,GECHEE__ligand30711-0
528,GECHEE__ligand20207-0
529,GECHEE__ligand11682-0
530,GECHEE__ligand11994-0
531,GECHEE__ligand7107-0
532,GECHEE__ligand31842-0
533,GECHEE__ligand31044-0
534,GECHEE__ligand24035-0
535,GECHEE__ligand3215-0
536,GECHEE__ligand14614-0
537,GECHEE__ligand16663-0
538,GECHEE__ligand21919-0
539,GECHEE__ligand22294-0
540,GECHEE__ligand7925-0
541,GECHEE__ligand28930-0
542,GECHEE__ligand2068-0
543,GECHEE__ligand22168-0
544,GECHEE__ligand11357-0
545,GECHEE__ligand13862-0
546,GECHEE__ligand15531-0
547,GECHEE__ligand28743-0
548,GECHEE__ligand3973-0
549,GECHEE__ligand10056-0
550,GECHEE__ligand12365-0
551,GECHEE__ligand1147-0
552,GECHEE__ligand19792-0
553,GECHEE__ligand10828-0
554,GECHEE__ligand122-0
555,GECHEE__ligand15926-0
556,GECHEE__ligand66-0
557,GECHEE__ligand24230-0
558,GECHEE__ligand4330-0
559,GECHEE__ligand28810-0
560,GECHEE__ligand2599-0
561,GECHEE__ligand11447-0
562,GECHEE__ligand11096-0
563,GECHEE__ligand15883-0
564,GECHEE__ligand4194-0
565,GECHEE__ligand757-0
566,GECHEE__ligand11970-0
567,GECHEE__ligand7532-0
568,GECHEE__ligand27669-0
569,GECHEE__ligand4332-0
570,GECHEE__ligand30142-0
571,GECHEE__ligand9681-0
572,GECHEE__ligand13477-0
573,GECHEE__ligand14167-0
574,GECHEE__ligand1065-0
575,GECHEE__ligand7530-0
576,GECHEE__ligand384-0
577,GECHEE__ligand3012-0
578,GECHEE__ligand1449-0
579,GECHEE__ligand2403-0
580,GECHEE__ligand768-0
581,GECHEE__ligand23197-0
582,GECHEE__ligand6882-0
583,GECHEE__ligand6455-0
584,GECHEE__ligand27285-0
585,GECHEE__ligand3934-0
586,GECHEE__ligand29029-0
587,GECHEE__ligand28685-0
588,GECHEE__ligand7529-0
589,GECHEE__ligand18568-0
590,GECHEE__ligand1415-0
591,GECHEE__ligand6946-0
592,GECHEE__ligand13672-0
593,GECHEE__ligand10371-0
594,GECHEE__ligand9148-0
595,GECHEE__ligand38-0
596,GECHEE__ligand28459-0
597,GECHEE__ligand5483-0
598,GECHEE__ligand18448-0
599,GECHEE__ligand12453-0
600,GECHEE__ligand141-0
601,GECHEE__ligand5316-0
602,GECHEE__ligand240-0
603,GECHEE__ligand2830-0
604,GECHEE__ligand1729-0
605,GECHEE__ligand19184-0
606,GECHEE__ligand5627-0
607,GECHEE__ligand226-0
608,GECHEE__ligand21752-0
609,GECHEE__ligand162-0
610,GECHEE__ligand383-0
611,GECHEE__ligand30788-0
612,GECHEE__ligand13691-0
613,GECHEE__ligand4641-0
614,GECHEE__ligand416-0
615,GECHEE__ligand14339-0
616,GECHEE__ligand7126-0
617,GECHEE__ligand2028-0
618,GECHEE__ligand8835-0
619,GECHEE__ligand20844-0
620,GECHEE__ligand18413-0
621,GECHEE__ligand1142-0
622,GECHEE__ligand3234-0
623,GECHEE__ligand24624-0
624,GECHEE__ligand18757-0
625,GECHEE__ligand24560-0
626,GECHEE__ligand3465-0
627,GECHEE__ligand20557-0
628,GECHEE__ligand30004-0
629,GECHEE__ligand6102-0
630,GECHEE__ligand3721-0
631,GECHEE__ligand6904-0
632,GECHEE__ligand6596-0
633,GECHEE__ligand2917-0
634,GECHEE__ligand7819-0
635,GECHEE__ligand656-0
636,GECHEE__ligand23445-0
637,GECHEE__ligand24953-0
638,GECHEE__ligand696-0
639,GECHEE__ligand13755-0
640,GECHEE__ligand16133-0
641,GECHEE__ligand1577-0
642,GECHEE__ligand6067-0
643,GECHEE__ligand20432-0
644,GECHEE__ligand27122-0
645,GECHEE__ligand2295-0
646,GECHEE__ligand21940-0
647,GECHEE__ligand4620-0
648,GECHEE__ligand25048-0
649,GECHEE__ligand11798-0
650,GECHEE__ligand1575-0
651,GECHEE__ligand1530-0
652,GECHEE__ligand694-0
653,GECHEE__ligand9933-0
654,GECHEE__ligand1631-0
655,GECHEE__ligand20731-0
656,GECHEE__ligand12413-0
657,GECHEE__ligand29334-0
658,GECHEE__ligand45-0
659,GECHEE__ligand17445-0
660,GECHEE__ligand9441-0
661,GECHEE__ligand488-0
662,GECHEE__ligand2332-0
663,GECHEE__ligand430-0
664,GECHEE__ligand14477-0
665,GECHEE__ligand358-0
666,GECHEE__ligand17069-0
667,GECHEE__ligand11544-0
668,GECHEE__ligand1378-0
669,GECHEE__ligand11501-0
670,GECHEE__ligand6244-0
671,GECHEE__ligand29214-0
672,GECHEE__ligand22357-0
673,GECHEE__ligand78-0
674,GECHEE__ligand11758-0
675,GECHEE__ligand21448-0
676,GECHEE__ligand2915-0
677,GECHEE__ligand3156-0
678,GECHEE__ligand14007-0
679,GECHEE__ligand1018-0
680,GECHEE__ligand18019-1
681,GECHEE__ligand4116-0
682,GECHEE__ligand7967-0
683,GECHEE__ligand6124-0
684,GECHEE__ligand3707-0
685,GECHEE__ligand9601-0
686,GECHEE__ligand571-0
687,GECHEE__ligand534-0
688,GECHEE__ligand27550-0
689,GECHEE__ligand19-0
690,GECHEE__ligand670-0
691,GECHEE__ligand8992-0
692,GECHEE__ligand24-0
693,GECHEE__ligand1615-0
694,GECHEE__ligand2526-0
695,GECHEE__ligand5036-0
696,GECHEE__ligand20942-1
697,GECHEE__ligand9952-0
698,GECHEE__ligand16956-0
699,GECHEE__ligand9111-0
700,GECHEE__ligand21339-0
701,GECHEE__ligand14226-0
702,GECHEE__ligand1324-0
703,GECHEE__ligand27771-0
704,GECHEE__ligand18158-0
705,GECHEE__ligand8721-0
706,GECHEE__ligand1823-0
707,GECHEE__ligand23682-0
708,GECHEE__ligand5643-0
709,GECHEE__ligand29565-0
710,GECHEE__ligand2232-0
711,GECHEE__ligand588-0
712,GECHEE__ligand29441-0
713,GECHEE__ligand10853-0
714,GECHEE__ligand27610-0
715,GECHEE__ligand10479-0
716,GECHEE__ligand2176-0
717,GECHEE__ligand11479-0
718,GECHEE__ligand9291-0
719,GECHEE__ligand14302-0
720,GECHEE__ligand9833-0
721,GECHEE__ligand14347-0
722,GECHEE__ligand13657-0
723,GECHEE__ligand7648-0
724,GECHEE__ligand300-0
725,GECHEE__ligand2828-0
726,GECHEE__ligand8876-0
727,GECHEE__ligand5256-0
728,GECHEE__ligand20530-0
729,GECHEE__ligand11698-0
730,GECHEE__ligand24851-0
731,GECHEE__ligand4157-0
732,GECHEE__ligand20121-0
733,GECHEE__ligand15387-0
734,GECHEE__ligand4546-0
735,GECHEE__ligand4503-0
736,GECHEE__ligand20220-0
737,GECHEE__ligand8115-0
738,GECHEE__ligand16952-0
739,GECHEE__ligand29813-0
740,GECHEE__ligand6768-0
741,GECHEE__ligand1982-0
742,GECHEE__ligand199-0
743,GECHEE__ligand7000-0
744,GECHEE__ligand1285-0
745,GECHEE__ligand1304-0
746,GECHEE__ligand1790-0
747,GECHEE__ligand7280-0
748,GECHEE__ligand10151-0
749,GECHEE__ligand7238-0
750,GECHEE__ligand4016-0
751,GECHEE__ligand7867-0
752,GECHEE__ligand1219-0
753,GECHEE__ligand6709-0
754,GECHEE__ligand3954-0
755,GECHEE__ligand4442-0
756,GECHEE__ligand4093-0
757,GECHEE__ligand9520-0
758,GECHEE__ligand8699-0
759,GECHEE__ligand22353-0
760,GECHEE__ligand1160-0
761,GECHEE__ligand9784-0
762,GECHEE__ligand409-0
763,GECHEE__ligand4272-0
764,GECHEE__ligand19906-0
765,GECHEE__ligand1451-0
766,GECHEE__ligand19668-0
767,GECHEE__ligand324-0
768,GECHEE__ligand7629-0
769,GECHEE__ligand361-0
770,GECHEE__ligand20821-0
771,GECHEE__ligand1263-0
772,GECHEE__ligand9908-0
773,GECHEE__ligand26673-0
774,GECHEE__ligand326-0
775,GECHEE__ligand7106-0
776,GECHEE__ligand31000-0
777,GECHEE__ligand11606-0
778,GECHEE__ligand7242-0
779,GECHEE__ligand1844-0
780,GECHEE__ligand4661-0
781,GECHEE__ligand10582-0
782,GECHEE__ligand13260-0
783,GECHEE__ligand6616-0
784,GECHEE__ligand3876-0
785,GECHEE__ligand1343-0
786,GECHEE__ligand3035-0
787,GECHEE__ligand436-0
788,GECHEE__ligand11252-0
789,GECHEE__ligand3718-0
790,GECHEE__ligand692-0
791,GECHEE__ligand9935-0
792,GECHEE__ligand1573-0
793,GECHEE__ligand19824-0
794,GECHEE__ligand1536-0
795,GECHEE__ligand18067-0
796,GECHEE__ligand1959-0
797,GECHEE__ligand43-0
798,GECHEE__ligand3504-0
799,GECHEE__ligand15455-0
800,GECHEE__ligand6919-0
801,GECHEE__ligand3852-0
802,GECHEE__ligand2485-0
803,GECHEE__ligand11177-0
804,GECHEE__ligand31205-0
805,GECHEE__ligand3565-0
806,GECHEE__ligand25658-0
807,GECHEE__ligand17686-0
808,GECHEE__ligand8-0
809,GECHEE__ligand67-0
810,GECHEE__ligand1512-0
811,GECHEE__ligand5331-0
812,GECHEE__ligand16603-0
813,GECHEE__ligand6839-0
814,GECHEE__ligand8969-0
815,GECHEE__ligand3131-0
816,GECHEE__ligand3174-0
817,GECHEE__ligand1202-0
818,GECHEE__ligand3937-0
819,GECHEE__ligand11814-0
820,GECHEE__ligand633-0
821,GECHEE__ligand4720-0
822,GECHEE__ligand3094-0
823,GECHEE__ligand4155-0
824,GECHEE__ligand11622-0
825,GECHEE__ligand497-0
826,GECHEE__ligand5211-0
827,GECHEE__ligand16870-0
