,TMC
0,KANYIJ__ligand7867-0
1,KANYIJ__ligand28924-0
2,KANYIJ__ligand1219-0
3,KANYIJ__ligand6709-0
4,KANYIJ__ligand15438-0
5,KANYIJ__ligand4016-0
6,KANYIJ__ligand7238-0
7,KANYIJ__ligand29087-0
8,KANYIJ__ligand18703-0
9,KANYIJ__ligand7280-0
10,KANYIJ__ligand1790-0
11,KANYIJ__ligand1304-0
12,KANYIJ__ligand17945-0
13,KANYIJ__ligand1451-0
14,KANYIJ__ligand4272-0
15,KANYIJ__ligand7629-0
16,KANYIJ__ligand670-0
17,KANYIJ__ligand18013-0
18,KANYIJ__ligand25224-0
19,KANYIJ__ligand17207-0
20,KANYIJ__ligand31578-0
21,KANYIJ__ligand571-0
22,KANYIJ__ligand9784-0
23,KANYIJ__ligand534-0
24,KANYIJ__ligand24750-0
25,KANYIJ__ligand9520-0
26,KANYIJ__ligand1160-0
27,KANYIJ__ligand8699-0
28,KANYIJ__ligand42-0
29,KANYIJ__ligand4093-0
30,KANYIJ__ligand4442-0
31,KANYIJ__ligand3954-0
32,KANYIJ__ligand29898-0
33,KANYIJ__ligand26277-0
34,KANYIJ__ligand4157-0
35,KANYIJ__ligand8876-0
36,KANYIJ__ligand2828-0
37,KANYIJ__ligand7648-0
38,KANYIJ__ligand22755-0
39,KANYIJ__ligand9833-0
40,KANYIJ__ligand10432-0
41,KANYIJ__ligand11432-0
42,KANYIJ__ligand5256-0
43,KANYIJ__ligand31618-0
44,KANYIJ__ligand2176-0
45,KANYIJ__ligand66-0
46,KANYIJ__ligand9291-0
47,KANYIJ__ligand2232-0
48,KANYIJ__ligand430-0
49,KANYIJ__ligand24064-0
50,KANYIJ__ligand358-0
51,KANYIJ__ligand1285-0
52,KANYIJ__ligand6768-0
53,KANYIJ__ligand8115-0
54,KANYIJ__ligand23589-0
55,KANYIJ__ligand7000-0
56,KANYIJ__ligand1982-0
57,KANYIJ__ligand488-0
58,KANYIJ__ligand4503-0
59,KANYIJ__ligand4546-0
60,KANYIJ__ligand694-0
61,KANYIJ__ligand15168-0
62,KANYIJ__ligand5331-0
63,KANYIJ__ligand10555-0
64,KANYIJ__ligand1512-0
65,KANYIJ__ligand31483-0
66,KANYIJ__ligand3565-0
67,KANYIJ__ligand696-0
68,KANYIJ__ligand24613-0
69,KANYIJ__ligand6919-0
70,KANYIJ__ligand19725-0
71,KANYIJ__ligand2485-0
72,KANYIJ__ligand3852-0
73,KANYIJ__ligand5211-0
74,KANYIJ__ligand21421-0
75,KANYIJ__ligand656-0
76,KANYIJ__ligand4155-0
77,KANYIJ__ligand3094-0
78,KANYIJ__ligand14586-0
79,KANYIJ__ligand11774-0
80,KANYIJ__ligand4720-0
81,KANYIJ__ligand11568-0
82,KANYIJ__ligand6839-0
83,KANYIJ__ligand3174-0
84,KANYIJ__ligand3937-0
85,KANYIJ__ligand1202-0
86,KANYIJ__ligand17710-0
87,KANYIJ__ligand20579-0
88,KANYIJ__ligand3131-0
89,KANYIJ__ligand8969-0
90,KANYIJ__ligand17240-0
91,KANYIJ__ligand7242-0
92,KANYIJ__ligand17590-0
93,KANYIJ__ligand7106-0
94,KANYIJ__ligand9908-0
95,KANYIJ__ligand1263-0
96,KANYIJ__ligand18699-0
97,KANYIJ__ligand12682-0
98,KANYIJ__ligand416-0
99,KANYIJ__ligand1959-0
100,KANYIJ__ligand3504-0
101,KANYIJ__ligand9935-0
102,KANYIJ__ligand383-0
103,KANYIJ__ligand38-0
104,KANYIJ__ligand1536-0
105,KANYIJ__ligand1573-0
106,KANYIJ__ligand13072-0
107,KANYIJ__ligand1343-0
108,KANYIJ__ligand3876-0
109,KANYIJ__ligand3035-0
110,KANYIJ__ligand6616-0
111,KANYIJ__ligand162-0
112,KANYIJ__ligand3718-0
113,KANYIJ__ligand1844-0
114,KANYIJ__ligand4661-0
115,KANYIJ__ligand12336-0
116,KANYIJ__ligand226-0
117,KANYIJ__ligand13257-0
118,KANYIJ__ligand21936-0
119,KANYIJ__ligand2917-0
120,KANYIJ__ligand7819-0
121,KANYIJ__ligand23904-0
122,KANYIJ__ligand497-0
123,KANYIJ__ligand25267-0
124,KANYIJ__ligand633-0
125,KANYIJ__ligand6596-0
126,KANYIJ__ligand3721-0
127,KANYIJ__ligand6904-0
128,KANYIJ__ligand10084-0
129,KANYIJ__ligand6102-0
130,KANYIJ__ligand12467-0
131,KANYIJ__ligand3465-0
132,KANYIJ__ligand4620-0
133,KANYIJ__ligand14523-0
134,KANYIJ__ligand27169-0
135,KANYIJ__ligand18391-0
136,KANYIJ__ligand27074-0
137,KANYIJ__ligand2295-0
138,KANYIJ__ligand1577-0
139,KANYIJ__ligand6067-0
140,KANYIJ__ligand22981-0
141,KANYIJ__ligand25805-0
142,KANYIJ__ligand20599-0
143,KANYIJ__ligand692-0
144,KANYIJ__ligand18465-0
145,KANYIJ__ligand4641-0
146,KANYIJ__ligand18799-0
147,KANYIJ__ligand16791-0
148,KANYIJ__ligand436-0
149,KANYIJ__ligand18-0
150,KANYIJ__ligand28668-0
151,KANYIJ__ligand29610-0
152,KANYIJ__ligand326-0
153,KANYIJ__ligand1142-0
154,KANYIJ__ligand3234-0
155,KANYIJ__ligand11140-0
156,KANYIJ__ligand7126-0
157,KANYIJ__ligand29863-0
158,KANYIJ__ligand13869-0
159,KANYIJ__ligand8835-0
160,KANYIJ__ligand2028-0
161,KANYIJ__ligand18074-0
162,KANYIJ__ligand409-0
163,KANYIJ__ligand8992-0
164,KANYIJ__ligand25735-0
165,KANYIJ__ligand324-0
166,KANYIJ__ligand12519-0
167,KANYIJ__ligand361-0
168,KANYIJ__ligand11206-0
169,KANYIJ__ligand23124-0
170,KANYIJ__ligand9601-0
171,KANYIJ__ligand3707-0
172,KANYIJ__ligand6124-0
173,KANYIJ__ligand7967-0
174,KANYIJ__ligand1018-0
175,KANYIJ__ligand4116-0
176,KANYIJ__ligand31248-0
177,KANYIJ__ligand5643-0
178,KANYIJ__ligand1823-0
179,KANYIJ__ligand25650-0
180,KANYIJ__ligand1324-0
181,KANYIJ__ligand8721-0
182,KANYIJ__ligand9952-0
183,KANYIJ__ligand9111-0
184,KANYIJ__ligand12660-0
185,KANYIJ__ligand19257-0
186,KANYIJ__ligand8-0
187,KANYIJ__ligand13209-0
188,KANYIJ__ligand2526-0
189,KANYIJ__ligand5036-0
190,KANYIJ__ligand1615-0
191,KANYIJ__ligand25575-0
192,KANYIJ__ligand21787-0
193,KANYIJ__ligand25689-0
194,KANYIJ__ligand9441-0
195,KANYIJ__ligand2332-0
196,KANYIJ__ligand199-0
197,KANYIJ__ligand1631-0
198,KANYIJ__ligand1530-0
199,KANYIJ__ligand12295-0
200,KANYIJ__ligand1575-0
201,KANYIJ__ligand9933-0
202,KANYIJ__ligand27835-0
203,KANYIJ__ligand23906-0
204,KANYIJ__ligand3156-0
205,KANYIJ__ligand2915-0
206,KANYIJ__ligand21132-0
207,KANYIJ__ligand300-0
208,KANYIJ__ligand11166-0
209,KANYIJ__ligand6244-0
210,KANYIJ__ligand30539-0
211,KANYIJ__ligand588-0
212,KANYIJ__ligand1378-0
213,KANYIJ__ligand366-0
214,KANYIJ__ligand27893-0
215,KANYIJ__ligand1147-0
216,KANYIJ__ligand14723-0
217,KANYIJ__ligand19641-0
218,KANYIJ__ligand12934-0
219,KANYIJ__ligand20578-0
220,KANYIJ__ligand3973-0
221,KANYIJ__ligand15422-0
222,KANYIJ__ligand7925-0
223,KANYIJ__ligand23713-0
224,KANYIJ__ligand2068-0
225,KANYIJ__ligand27175-0
226,KANYIJ__ligand657-0
227,KANYIJ__ligand18832-0
228,KANYIJ__ligand30988-0
229,KANYIJ__ligand187-0
230,KANYIJ__ligand17258-0
231,KANYIJ__ligand14603-0
232,KANYIJ__ligand7532-0
233,KANYIJ__ligand14297-0
234,KANYIJ__ligand941-0
235,KANYIJ__ligand596-0
236,KANYIJ__ligand26665-0
237,KANYIJ__ligand13012-0
238,KANYIJ__ligand4194-0
239,KANYIJ__ligand17631-0
240,KANYIJ__ligand4330-0
241,KANYIJ__ligand777-0
242,KANYIJ__ligand2599-0
243,KANYIJ__ligand31783-0
244,KANYIJ__ligand17281-0
245,KANYIJ__ligand6283-0
246,KANYIJ__ligand30296-0
247,KANYIJ__ligand126-0
248,KANYIJ__ligand163-0
249,KANYIJ__ligand29410-0
250,KANYIJ__ligand12337-0
251,KANYIJ__ligand26540-0
252,KANYIJ__ligand30333-0
253,KANYIJ__ligand4738-0
254,KANYIJ__ligand5813-0
255,KANYIJ__ligand4813-0
256,KANYIJ__ligand6062-0
257,KANYIJ__ligand12606-0
258,KANYIJ__ligand845-0
259,KANYIJ__ligand3215-0
260,KANYIJ__ligand27460-0
261,KANYIJ__ligand20740-0
262,KANYIJ__ligand28468-0
263,KANYIJ__ligand12427-0
264,KANYIJ__ligand16628-0
265,KANYIJ__ligand7107-0
266,KANYIJ__ligand43-0
267,KANYIJ__ligand27763-0
268,KANYIJ__ligand9148-0
269,KANYIJ__ligand28676-0
270,KANYIJ__ligand10262-0
271,KANYIJ__ligand6946-0
272,KANYIJ__ligand1415-0
273,KANYIJ__ligand19057-0
274,KANYIJ__ligand18814-0
275,KANYIJ__ligand13425-0
276,KANYIJ__ligand29302-0
277,KANYIJ__ligand7529-0
278,KANYIJ__ligand1729-0
279,KANYIJ__ligand14108-0
280,KANYIJ__ligand5627-0
281,KANYIJ__ligand2830-0
282,KANYIJ__ligand5316-0
283,KANYIJ__ligand12641-0
284,KANYIJ__ligand5483-0
285,KANYIJ__ligand338-0
286,KANYIJ__ligand10958-0
287,KANYIJ__ligand23769-0
288,KANYIJ__ligand3012-0
289,KANYIJ__ligand1449-0
290,KANYIJ__ligand24185-0
291,KANYIJ__ligand7530-0
292,KANYIJ__ligand25178-0
293,KANYIJ__ligand1065-0
294,KANYIJ__ligand201-0
295,KANYIJ__ligand9681-0
296,KANYIJ__ligand17302-0
297,KANYIJ__ligand4332-0
298,KANYIJ__ligand17805-0
299,KANYIJ__ligand12130-0
300,KANYIJ__ligand3934-0
301,KANYIJ__ligand17387-0
302,KANYIJ__ligand26702-0
303,KANYIJ__ligand67-0
304,KANYIJ__ligand13658-0
305,KANYIJ__ligand18292-0
306,KANYIJ__ligand12289-0
307,KANYIJ__ligand6455-0
308,KANYIJ__ligand12231-0
309,KANYIJ__ligand6882-0
310,KANYIJ__ligand321-0
311,KANYIJ__ligand24145-0
312,KANYIJ__ligand185-0
313,KANYIJ__ligand279-0
314,KANYIJ__ligand12401-0
315,KANYIJ__ligand15585-0
316,KANYIJ__ligand2403-0
317,KANYIJ__ligand13068-0
318,KANYIJ__ligand19830-0
319,KANYIJ__ligand10476-0
320,KANYIJ__ligand178-0
321,KANYIJ__ligand27482-0
322,KANYIJ__ligand26810-0
323,KANYIJ__ligand13208-0
324,KANYIJ__ligand2527-0
325,KANYIJ__ligand8349-0
326,KANYIJ__ligand240-0
327,KANYIJ__ligand1709-0
328,KANYIJ__ligand8464-0
329,KANYIJ__ligand141-0
330,KANYIJ__ligand3392-0
331,KANYIJ__ligand13390-0
332,KANYIJ__ligand4911-0
333,KANYIJ__ligand1771-0
334,KANYIJ__ligand5849-0
335,KANYIJ__ligand20682-0
336,KANYIJ__ligand10712-0
337,KANYIJ__ligand5935-0
338,KANYIJ__ligand14174-0
339,KANYIJ__ligand11456-0
340,KANYIJ__ligand2722-0
341,KANYIJ__ligand1379-0
342,KANYIJ__ligand25411-0
343,KANYIJ__ligand768-0
344,KANYIJ__ligand3157-0
345,KANYIJ__ligand9525-0
346,KANYIJ__ligand1165-0
347,KANYIJ__ligand5056-0
348,KANYIJ__ligand4850-0
349,KANYIJ__ligand13294-0
350,KANYIJ__ligand5357-0
351,KANYIJ__ligand3647-0
352,KANYIJ__ligand384-0
353,KANYIJ__ligand1688-0
354,KANYIJ__ligand31832-0
355,KANYIJ__ligand1469-0
356,KANYIJ__ligand14248-0
357,KANYIJ__ligand29879-0
358,KANYIJ__ligand12030-0
359,KANYIJ__ligand3871-0
360,KANYIJ__ligand1768-0
361,KANYIJ__ligand13331-0
362,KANYIJ__ligand28884-0
363,KANYIJ__ligand757-0
364,KANYIJ__ligand17398-0
365,KANYIJ__ligand78-0
366,KANYIJ__ligand1533-0
367,KANYIJ__ligand22557-0
368,KANYIJ__ligand10589-0
369,KANYIJ__ligand24047-0
370,KANYIJ__ligand11675-0
371,KANYIJ__ligand20598-0
372,KANYIJ__ligand29414-0
373,KANYIJ__ligand7557-0
374,KANYIJ__ligand17982-0
375,KANYIJ__ligand1496-0
376,KANYIJ__ligand17278-0
377,KANYIJ__ligand20011-0
378,KANYIJ__ligand122-0
379,KANYIJ__ligand1712-0
380,KANYIJ__ligand20251-1
381,KANYIJ__ligand4131-0
382,KANYIJ__ligand16475-0
383,KANYIJ__ligand14703-0
384,KANYIJ__ligand5892-0
385,KANYIJ__ligand5094-0
386,KANYIJ__ligand45-0
387,KANYIJ__ligand4581-0
388,KANYIJ__ligand17261-0
389,KANYIJ__ligand1773-0
390,KANYIJ__ligand14117-0
391,KANYIJ__ligand2328-0
392,KANYIJ__ligand7162-0
393,KANYIJ__ligand3029-0
394,KANYIJ__ligand24-0
395,KANYIJ__ligand20214-0
396,KANYIJ__ligand30702-0
397,KANYIJ__ligand20251-0
398,KANYIJ__ligand20539-0
399,KANYIJ__ligand31097-0
400,KANYIJ__ligand21581-0
401,KANYIJ__ligand9197-0
402,KANYIJ__ligand1900-0
403,KANYIJ__ligand3208-0
404,KANYIJ__ligand29568-0
405,KANYIJ__ligand2208-0
406,KANYIJ__ligand19-0
407,KANYIJ__ligand30851-0
408,KANYIJ__ligand14889-0
409,KANYIJ__ligand17118-0
410,KANYIJ__ligand21371-0
411,KANYIJ__ligand8722-0
412,KANYIJ__ligand20419-0
413,KANYIJ__ligand1327-0
414,KANYIJ__ligand9809-0
415,KANYIJ__ligand6672-0
416,KANYIJ__ligand28789-0
417,KANYIJ__ligand693-0
418,KANYIJ__ligand2781-0
419,KANYIJ__ligand7573-0
420,KANYIJ__ligand3350-0
421,KANYIJ__ligand353-0
422,KANYIJ__ligand11618-0
423,KANYIJ__ligand5415-0
424,KANYIJ__ligand26529-0
425,KANYIJ__ligand4124-0
426,KANYIJ__ligand4161-0
427,KANYIJ__ligand3471-0
428,KANYIJ__ligand6995-0
429,KANYIJ__ligand27239-0
430,KANYIJ__ligand21729-0
431,KANYIJ__ligand2823-0
432,KANYIJ__ligand19927-0
433,KANYIJ__ligand393-0
434,KANYIJ__ligand4340-0
435,KANYIJ__ligand2650-0
436,KANYIJ__ligand2281-0
437,KANYIJ__ligand26324-0
438,KANYIJ__ligand28559-0
439,KANYIJ__ligand3180-0
440,KANYIJ__ligand14043-0
441,KANYIJ__ligand26631-0
442,KANYIJ__ligand16148-0
443,KANYIJ__ligand12003-0
444,KANYIJ__ligand2001-0
445,KANYIJ__ligand686-0
446,KANYIJ__ligand10872-0
447,KANYIJ__ligand7566-0
448,KANYIJ__ligand21399-0
449,KANYIJ__ligand29215-0
450,KANYIJ__ligand422-0
451,KANYIJ__ligand49-0
452,KANYIJ__ligand8593-0
453,KANYIJ__ligand9944-0
454,KANYIJ__ligand20695-0
455,KANYIJ__ligand27754-0
456,KANYIJ__ligand8553-0
457,KANYIJ__ligand16369-0
458,KANYIJ__ligand89-0
459,KANYIJ__ligand11111-0
460,KANYIJ__ligand1113-0
461,KANYIJ__ligand28540-0
462,KANYIJ__ligand196-0
463,KANYIJ__ligand22403-0
464,KANYIJ__ligand5201-0
465,KANYIJ__ligand13220-0
466,KANYIJ__ligand11587-0
467,KANYIJ__ligand1154-0
468,KANYIJ__ligand17396-0
469,KANYIJ__ligand15788-0
470,KANYIJ__ligand9615-0
471,KANYIJ__ligand23175-0
472,KANYIJ__ligand14569-0
473,KANYIJ__ligand13385-0
474,KANYIJ__ligand314-1
475,KANYIJ__ligand22444-0
476,KANYIJ__ligand1498-0
477,KANYIJ__ligand24111-0
478,KANYIJ__ligand4596-0
479,KANYIJ__ligand10033-0
480,KANYIJ__ligand24644-0
481,KANYIJ__ligand12001-0
482,KANYIJ__ligand27840-0
483,KANYIJ__ligand30728-0
484,KANYIJ__ligand24872-0
485,KANYIJ__ligand1169-0
486,KANYIJ__ligand465-0
487,KANYIJ__ligand8529-0
488,KANYIJ__ligand25561-0
489,KANYIJ__ligand618-0
490,KANYIJ__ligand2027-0
491,KANYIJ__ligand1050-0
492,KANYIJ__ligand1015-0
493,KANYIJ__ligand11949-0
494,KANYIJ__ligand22129-0
495,KANYIJ__ligand24780-0
496,KANYIJ__ligand12138-0
497,KANYIJ__ligand391-0
498,KANYIJ__ligand813-0
499,KANYIJ__ligand17-0
500,KANYIJ__ligand314-0
501,KANYIJ__ligand780-0
502,KANYIJ__ligand1618-0
503,KANYIJ__ligand2692-0
504,KANYIJ__ligand17427-0
505,KANYIJ__ligand1028-0
506,KANYIJ__ligand31694-0
507,KANYIJ__ligand29486-0
508,KANYIJ__ligand4262-0
509,KANYIJ__ligand22168-0
510,KANYIJ__ligand28930-0
511,KANYIJ__ligand7075-0
512,KANYIJ__ligand22294-0
513,KANYIJ__ligand395-0
514,KANYIJ__ligand3557-0
515,KANYIJ__ligand368-0
516,KANYIJ__ligand3980-0
517,KANYIJ__ligand21919-0
518,KANYIJ__ligand1149-0
519,KANYIJ__ligand1779-0
520,KANYIJ__ligand1817-0
521,KANYIJ__ligand12365-0
522,KANYIJ__ligand6993-0
523,KANYIJ__ligand10056-0
524,KANYIJ__ligand9750-0
525,KANYIJ__ligand28743-0
526,KANYIJ__ligand15531-0
527,KANYIJ__ligand11357-0
528,KANYIJ__ligand13862-0
529,KANYIJ__ligand11096-0
530,KANYIJ__ligand11447-0
531,KANYIJ__ligand28810-0
532,KANYIJ__ligand1400-0
533,KANYIJ__ligand4266-0
534,KANYIJ__ligand9491-0
535,KANYIJ__ligand24230-0
536,KANYIJ__ligand15926-0
537,KANYIJ__ligand4167-0
538,KANYIJ__ligand10828-0
539,KANYIJ__ligand19792-0
540,KANYIJ__ligand1288-0
541,KANYIJ__ligand784-0
542,KANYIJ__ligand1-0
543,KANYIJ__ligand11970-0
544,KANYIJ__ligand15883-0
545,KANYIJ__ligand25913-0
546,KANYIJ__ligand16988-0
547,KANYIJ__ligand3416-0
548,KANYIJ__ligand3453-0
549,KANYIJ__ligand4207-0
550,KANYIJ__ligand11682-0
551,KANYIJ__ligand833-0
552,KANYIJ__ligand1539-0
553,KANYIJ__ligand20207-0
554,KANYIJ__ligand30711-0
555,KANYIJ__ligand1150-0
556,KANYIJ__ligand24035-0
557,KANYIJ__ligand7438-0
558,KANYIJ__ligand8200-0
559,KANYIJ__ligand4063-0
560,KANYIJ__ligand31044-0
561,KANYIJ__ligand31842-0
562,KANYIJ__ligand11994-0
563,KANYIJ__ligand3042-0
564,KANYIJ__ligand16663-0
565,KANYIJ__ligand115-0
566,KANYIJ__ligand14614-0
567,KANYIJ__ligand13672-0
568,KANYIJ__ligand18568-0
569,KANYIJ__ligand28685-0
570,KANYIJ__ligand1831-0
571,KANYIJ__ligand5614-0
572,KANYIJ__ligand5280-0
573,KANYIJ__ligand152-0
574,KANYIJ__ligand6663-0
575,KANYIJ__ligand10371-0
576,KANYIJ__ligand5515-0
577,KANYIJ__ligand12453-0
578,KANYIJ__ligand18448-0
579,KANYIJ__ligand1849-0
580,KANYIJ__ligand506-0
581,KANYIJ__ligand28459-0
582,KANYIJ__ligand5019-0
583,KANYIJ__ligand19184-0
584,KANYIJ__ligand3261-0
585,KANYIJ__ligand1152-0
586,KANYIJ__ligand1216-0
587,KANYIJ__ligand1828-0
588,KANYIJ__ligand14167-0
589,KANYIJ__ligand13477-0
590,KANYIJ__ligand7213-0
591,KANYIJ__ligand1397-0
592,KANYIJ__ligand30142-0
593,KANYIJ__ligand8042-0
594,KANYIJ__ligand27669-0
595,KANYIJ__ligand6112-0
596,KANYIJ__ligand5085-0
597,KANYIJ__ligand3144-0
598,KANYIJ__ligand487-0
599,KANYIJ__ligand11-0
600,KANYIJ__ligand3-0
601,KANYIJ__ligand5755-0
602,KANYIJ__ligand4710-0
603,KANYIJ__ligand23197-0
604,KANYIJ__ligand1908-0
605,KANYIJ__ligand447-0
606,KANYIJ__ligand746-0
607,KANYIJ__ligand3285-0
608,KANYIJ__ligand4795-0
609,KANYIJ__ligand69-0
610,KANYIJ__ligand1786-0
611,KANYIJ__ligand29029-0
612,KANYIJ__ligand176-0
613,KANYIJ__ligand27285-0
614,KANYIJ__ligand5630-0
615,KANYIJ__ligand30004-0
616,KANYIJ__ligand20557-0
617,KANYIJ__ligand3632-0
618,KANYIJ__ligand3677-0
619,KANYIJ__ligand421-0
620,KANYIJ__ligand1168-0
621,KANYIJ__ligand1294-0
622,KANYIJ__ligand6699-0
623,KANYIJ__ligand685-0
624,KANYIJ__ligand27122-0
625,KANYIJ__ligand20432-0
626,KANYIJ__ligand294-0
627,KANYIJ__ligand13755-0
628,KANYIJ__ligand16133-0
629,KANYIJ__ligand1464-0
630,KANYIJ__ligand3712-0
631,KANYIJ__ligand1499-0
632,KANYIJ__ligand24953-0
633,KANYIJ__ligand23445-0
634,KANYIJ__ligand2881-0
635,KANYIJ__ligand25048-0
636,KANYIJ__ligand6892-0
637,KANYIJ__ligand21940-0
638,KANYIJ__ligand1211-0
639,KANYIJ__ligand32-0
640,KANYIJ__ligand9344-0
641,KANYIJ__ligand560-0
642,KANYIJ__ligand21752-0
643,KANYIJ__ligand3736-0
644,KANYIJ__ligand8000-0
645,KANYIJ__ligand14339-0
646,KANYIJ__ligand16-0
647,KANYIJ__ligand3945-0
648,KANYIJ__ligand13691-0
649,KANYIJ__ligand5383-0
650,KANYIJ__ligand4-0
651,KANYIJ__ligand2693-0
652,KANYIJ__ligand30788-0
653,KANYIJ__ligand4007-0
654,KANYIJ__ligand2985-0
655,KANYIJ__ligand9299-0
656,KANYIJ__ligand24560-0
657,KANYIJ__ligand134-0
658,KANYIJ__ligand18757-0
659,KANYIJ__ligand7291-0
660,KANYIJ__ligand24624-0
661,KANYIJ__ligand235-0
662,KANYIJ__ligand18413-0
663,KANYIJ__ligand20844-0
664,KANYIJ__ligand3677-1
665,KANYIJ__ligand9883-0
666,KANYIJ__ligand9167-0
667,KANYIJ__ligand868-0
668,KANYIJ__ligand5304-0
669,KANYIJ__ligand91-0
670,KANYIJ__ligand2238-0
671,KANYIJ__ligand18019-1
672,KANYIJ__ligand14007-0
673,KANYIJ__ligand27550-0
674,KANYIJ__ligand1317-0
675,KANYIJ__ligand3867-0
676,KANYIJ__ligand2822-0
677,KANYIJ__ligand7293-0
678,KANYIJ__ligand5509-0
679,KANYIJ__ligand8002-0
680,KANYIJ__ligand14226-0
681,KANYIJ__ligand21339-0
682,KANYIJ__ligand16956-0
683,KANYIJ__ligand1407-0
684,KANYIJ__ligand20942-1
685,KANYIJ__ligand6117-0
686,KANYIJ__ligand29565-0
687,KANYIJ__ligand783-0
688,KANYIJ__ligand352-0
689,KANYIJ__ligand23682-0
690,KANYIJ__ligand7762-0
691,KANYIJ__ligand5080-0
692,KANYIJ__ligand18158-0
693,KANYIJ__ligand27771-0
694,KANYIJ__ligand51-0
695,KANYIJ__ligand5595-0
696,KANYIJ__ligand29334-0
697,KANYIJ__ligand12413-0
698,KANYIJ__ligand4101-0
699,KANYIJ__ligand197-0
700,KANYIJ__ligand20731-0
701,KANYIJ__ligand11798-0
702,KANYIJ__ligand4358-0
703,KANYIJ__ligand17069-0
704,KANYIJ__ligand14477-0
705,KANYIJ__ligand3120-0
706,KANYIJ__ligand3926-0
707,KANYIJ__ligand2221-0
708,KANYIJ__ligand17445-0
709,KANYIJ__ligand1296-0
710,KANYIJ__ligand29214-0
711,KANYIJ__ligand2259-0
712,KANYIJ__ligand1197-0
713,KANYIJ__ligand11501-0
714,KANYIJ__ligand48-0
715,KANYIJ__ligand11544-0
716,KANYIJ__ligand5099-0
717,KANYIJ__ligand8592-0
718,KANYIJ__ligand9773-0
719,KANYIJ__ligand1376-0
720,KANYIJ__ligand5510-0
721,KANYIJ__ligand21448-0
722,KANYIJ__ligand11758-0
723,KANYIJ__ligand22357-0
724,KANYIJ__ligand372-0
725,KANYIJ__ligand7092-0
726,KANYIJ__ligand2260-0
727,KANYIJ__ligand3225-0
728,KANYIJ__ligand1153-0
729,KANYIJ__ligand1116-0
730,KANYIJ__ligand10151-0
731,KANYIJ__ligand830-0
732,KANYIJ__ligand8612-0
733,KANYIJ__ligand34-0
734,KANYIJ__ligand2124-0
735,KANYIJ__ligand7172-0
736,KANYIJ__ligand7273-0
737,KANYIJ__ligand193-0
738,KANYIJ__ligand9323-0
739,KANYIJ__ligand22353-0
740,KANYIJ__ligand252-0
741,KANYIJ__ligand116-0
742,KANYIJ__ligand5180-0
743,KANYIJ__ligand6017-0
744,KANYIJ__ligand19668-0
745,KANYIJ__ligand19906-0
746,KANYIJ__ligand7316-0
747,KANYIJ__ligand5708-0
748,KANYIJ__ligand1787-0
749,KANYIJ__ligand1356-0
750,KANYIJ__ligand5530-0
751,KANYIJ__ligand11479-0
752,KANYIJ__ligand9753-0
753,KANYIJ__ligand177-0
754,KANYIJ__ligand10479-0
755,KANYIJ__ligand27610-0
756,KANYIJ__ligand10853-0
757,KANYIJ__ligand7196-0
758,KANYIJ__ligand29441-0
759,KANYIJ__ligand5159-0
760,KANYIJ__ligand24851-0
761,KANYIJ__ligand4807-0
762,KANYIJ__ligand11698-0
763,KANYIJ__ligand3178-0
764,KANYIJ__ligand20530-0
765,KANYIJ__ligand13657-0
766,KANYIJ__ligand14347-0
767,KANYIJ__ligand68-0
768,KANYIJ__ligand14302-0
769,KANYIJ__ligand2906-0
770,KANYIJ__ligand20220-0
771,KANYIJ__ligand55-0
772,KANYIJ__ligand15387-0
773,KANYIJ__ligand4711-0
774,KANYIJ__ligand3244-0
775,KANYIJ__ligand20121-0
776,KANYIJ__ligand4649-0
777,KANYIJ__ligand8793-0
778,KANYIJ__ligand5649-0
779,KANYIJ__ligand2788-0
780,KANYIJ__ligand29813-0
781,KANYIJ__ligand16952-0
782,KANYIJ__ligand909-0
783,KANYIJ__ligand785-0
784,KANYIJ__ligand1289-0
785,KANYIJ__ligand311-0
786,KANYIJ__ligand2203-0
787,KANYIJ__ligand5387-0
788,KANYIJ__ligand11177-0
789,KANYIJ__ligand479-0
790,KANYIJ__ligand57-0
791,KANYIJ__ligand15455-0
792,KANYIJ__ligand370-1
793,KANYIJ__ligand620-0
794,KANYIJ__ligand17686-0
795,KANYIJ__ligand25658-0
796,KANYIJ__ligand564-0
797,KANYIJ__ligand31205-0
798,KANYIJ__ligand9450-0
799,KANYIJ__ligand188-0
800,KANYIJ__ligand11814-0
801,KANYIJ__ligand16603-0
802,KANYIJ__ligand2612-0
803,KANYIJ__ligand16870-0
804,KANYIJ__ligand11622-0
805,KANYIJ__ligand1599-0
806,KANYIJ__ligand2043-0
807,KANYIJ__ligand26673-0
808,KANYIJ__ligand1832-0
809,KANYIJ__ligand8788-0
810,KANYIJ__ligand20821-0
811,KANYIJ__ligand250-0
812,KANYIJ__ligand1604-0
813,KANYIJ__ligand11606-0
814,KANYIJ__ligand31000-0
815,KANYIJ__ligand1228-0
816,KANYIJ__ligand9943-0
817,KANYIJ__ligand11252-0
818,KANYIJ__ligand6391-0
819,KANYIJ__ligand3126-0
820,KANYIJ__ligand9284-0
821,KANYIJ__ligand13260-0
822,KANYIJ__ligand10582-0
823,KANYIJ__ligand1114-0
824,KANYIJ__ligand370-0
825,KANYIJ__ligand2417-0
826,KANYIJ__ligand18067-0
827,KANYIJ__ligand19824-0
