,TMC
0,YAVHIN__ligand1918-0
1,YAVHIN__ligand485-0
2,YAVHIN__ligand21-0
3,YAVHIN__ligand355-0
4,YAVHIN__ligand784-0
5,YAVHIN__ligand2255-0
6,YAVHIN__ligand4175-0
7,YAVHIN__ligand40-0
8,YAVHIN__ligand2618-0
9,YAVHIN__ligand3618-0
10,YAVHIN__ligand1436-0
11,YAVHIN__ligand291-0
12,YAVHIN__ligand115-0
13,YAVHIN__ligand4370-0
14,YAVHIN__ligand38-0
15,YAVHIN__ligand682-0
16,YAVHIN__ligand2526-0
17,YAVHIN__ligand1551-0
18,YAVHIN__ligand1690-0
19,YAVHIN__ligand2707-0
20,YAVHIN__ligand66-0
21,YAVHIN__ligand2915-0
22,YAVHIN__ligand487-0
23,YAVHIN__ligand666-0
24,YAVHIN__ligand522-0
25,YAVHIN__ligand133-0
26,YAVHIN__ligand447-0
27,YAVHIN__ligand3196-0
28,YAVHIN__ligand4012-0
29,YAVHIN__ligand1038-0
30,YAVHIN__ligand2762-0
31,YAVHIN__ligand5093-0
32,YAVHIN__ligand2954-0
33,YAVHIN__ligand1160-0
34,YAVHIN__ligand353-0
35,YAVHIN__ligand2253-0
36,YAVHIN__ligand62-0
37,YAVHIN__ligand236-0
38,YAVHIN__ligand7550-0
39,YAVHIN__ligand1555-0
40,YAVHIN__ligand86-0
41,YAVHIN__ligand422-0
42,YAVHIN__ligand1285-0
43,YAVHIN__ligand113-0
44,YAVHIN__ligand7630-0
45,YAVHIN__ligand11730-0
46,YAVHIN__ligand3890-0
47,YAVHIN__ligand502-0
48,YAVHIN__ligand196-0
49,YAVHIN__ligand1907-0
50,YAVHIN__ligand4423-0
51,YAVHIN__ligand1818-0
52,YAVHIN__ligand7456-0
53,YAVHIN__ligand5758-0
54,YAVHIN__ligand3852-0
55,YAVHIN__ligand210-0
56,YAVHIN__ligand3478-0
57,YAVHIN__ligand391-0
58,YAVHIN__ligand9176-0
59,YAVHIN__ligand18-0
60,YAVHIN__ligand1493-0
61,YAVHIN__ligand2718-0
62,YAVHIN__ligand170-0
63,YAVHIN__ligand3035-0
64,YAVHIN__ligand3070-0
65,YAVHIN__ligand6143-0
66,YAVHIN__ligand5235-0
67,YAVHIN__ligand4619-0
68,YAVHIN__ligand3251-0
69,YAVHIN__ligand314-0
70,YAVHIN__ligand481-0
71,YAVHIN__ligand2442-0
72,YAVHIN__ligand193-0
73,YAVHIN__ligand1019-0
74,YAVHIN__ligand830-0
75,YAVHIN__ligand1104-0
76,YAVHIN__ligand5762-0
77,YAVHIN__ligand7414-0
78,YAVHIN__ligand2482-0
79,YAVHIN__ligand955-0
80,YAVHIN__ligand1325-0
81,YAVHIN__ligand252-0
82,YAVHIN__ligand6571-0
83,YAVHIN__ligand2929-0
84,YAVHIN__ligand2376-0
85,YAVHIN__ligand177-0
86,YAVHIN__ligand934-0
87,YAVHIN__ligand909-0
88,YAVHIN__ligand1379-0
89,YAVHIN__ligand6430-0
90,YAVHIN__ligand67-0
91,YAVHIN__ligand1299-0
92,YAVHIN__ligand1264-0
93,YAVHIN__ligand1221-0
94,YAVHIN__ligand851-0
95,YAVHIN__ligand1712-0
96,YAVHIN__ligand2110-0
97,YAVHIN__ligand2916-0
98,YAVHIN__ligand3579-0
99,YAVHIN__ligand311-0
100,YAVHIN__ligand444-0
101,YAVHIN__ligand1919-0
102,YAVHIN__ligand369-0
103,YAVHIN__ligand2389-0
104,YAVHIN__ligand188-0
105,YAVHIN__ligand5334-0
106,YAVHIN__ligand460-0
107,YAVHIN__ligand250-0
108,YAVHIN__ligand2315-0
109,YAVHIN__ligand2480-0
110,YAVHIN__ligand3051-0
111,YAVHIN__ligand4504-0
112,YAVHIN__ligand1898-0
113,YAVHIN__ligand8032-0
114,YAVHIN__ligand1858-0
115,YAVHIN__ligand370-0
116,YAVHIN__ligand584-0
117,YAVHIN__ligand916-0
118,YAVHIN__ligand2853-0
119,YAVHIN__ligand3853-0
120,YAVHIN__ligand798-0
121,YAVHIN__ligand421-0
122,YAVHIN__ligand78-0
123,YAVHIN__ligand85-0
124,YAVHIN__ligand2599-0
125,YAVHIN__ligand5089-0
126,YAVHIN__ligand1246-0
127,YAVHIN__ligand331-0
128,YAVHIN__ligand45-0
129,YAVHIN__ligand993-0
130,YAVHIN__ligand6166-0
131,YAVHIN__ligand294-0
132,YAVHIN__ligand109-0
133,YAVHIN__ligand560-0
134,YAVHIN__ligand525-0
135,YAVHIN__ligand235-0
136,YAVHIN__ligand932-0
137,YAVHIN__ligand134-0
138,YAVHIN__ligand1307-0
139,YAVHIN__ligand390-0
140,YAVHIN__ligand136-0
141,YAVHIN__ligand7514-0
142,YAVHIN__ligand3337-0
143,YAVHIN__ligand442-0
144,YAVHIN__ligand1449-1
145,YAVHIN__ligand4811-0
146,YAVHIN__ligand868-0
147,YAVHIN__ligand4894-0
148,YAVHIN__ligand1260-0
149,YAVHIN__ligand9620-0
150,YAVHIN__ligand352-0
151,YAVHIN__ligand783-0
152,YAVHIN__ligand8-0
153,YAVHIN__ligand296-0
154,YAVHIN__ligand1788-0
155,YAVHIN__ligand197-0
156,YAVHIN__ligand112-0
157,YAVHIN__ligand1321-0
158,YAVHIN__ligand3566-0
159,YAVHIN__ligand1178-0
160,YAVHIN__ligand10479-0
161,YAVHIN__ligand532-0
162,YAVHIN__ligand918-0
163,YAVHIN__ligand633-0
164,YAVHIN__ligand497-0
165,YAVHIN__ligand7464-0
166,YAVHIN__ligand1598-0
167,YAVHIN__ligand838-0
168,YAVHIN__ligand1248-0
169,YAVHIN__ligand4303-0
170,YAVHIN__ligand6294-0
171,YAVHIN__ligand166-0
172,YAVHIN__ligand1054-0
173,YAVHIN__ligand3637-0
174,YAVHIN__ligand10114-0
175,YAVHIN__ligand92-0
176,YAVHIN__ligand436-0
177,YAVHIN__ligand206-0
178,YAVHIN__ligand8774-0
179,YAVHIN__ligand4-0
180,YAVHIN__ligand142-0
181,YAVHIN__ligand283-0
182,YAVHIN__ligand553-0
183,YAVHIN__ligand17-0
184,YAVHIN__ligand326-0
185,YAVHIN__ligand821-0
186,YAVHIN__ligand1727-0
187,YAVHIN__ligand361-0
188,YAVHIN__ligand324-0
189,YAVHIN__ligand1152-0
190,YAVHIN__ligand409-0
191,YAVHIN__ligand1607-0
192,YAVHIN__ligand10910-0
193,YAVHIN__ligand105-0
194,YAVHIN__ligand6-0
195,YAVHIN__ligand140-0
196,YAVHIN__ligand1567-0
197,YAVHIN__ligand2285-0
198,YAVHIN__ligand8921-0
199,YAVHIN__ligand49-0
200,YAVHIN__ligand2510-0
201,YAVHIN__ligand199-0
202,YAVHIN__ligand1056-0
203,YAVHIN__ligand2320-0
204,YAVHIN__ligand2862-0
205,YAVHIN__ligand927-0
206,YAVHIN__ligand2430-0
207,YAVHIN__ligand575-0
208,YAVHIN__ligand1703-0
209,YAVHIN__ligand14530-0
210,YAVHIN__ligand2907-0
211,YAVHIN__ligand89-0
212,YAVHIN__ligand509-0
213,YAVHIN__ligand1052-0
214,YAVHIN__ligand1273-0
215,YAVHIN__ligand571-0
216,YAVHIN__ligand670-0
217,YAVHIN__ligand118-0
218,YAVHIN__ligand365-0
219,YAVHIN__ligand2265-0
220,YAVHIN__ligand1113-0
221,YAVHIN__ligand11-0
222,YAVHIN__ligand6396-0
223,YAVHIN__ligand9027-0
224,YAVHIN__ligand278-0
225,YAVHIN__ligand1835-0
226,YAVHIN__ligand2794-0
227,YAVHIN__ligand2345-0
228,YAVHIN__ligand4983-0
229,YAVHIN__ligand669-0
230,YAVHIN__ligand1502-0
231,YAVHIN__ligand358-0
232,YAVHIN__ligand430-0
233,YAVHIN__ligand5022-0
234,YAVHIN__ligand1169-0
235,YAVHIN__ligand2880-0
236,YAVHIN__ligand5941-0
237,YAVHIN__ligand3838-0
238,YAVHIN__ligand1799-0
239,YAVHIN__ligand2838-0
240,YAVHIN__ligand2142-0
241,YAVHIN__ligand9495-0
242,YAVHIN__ligand2772-0
243,YAVHIN__ligand6151-0
244,YAVHIN__ligand6538-0
245,YAVHIN__ligand226-0
246,YAVHIN__ligand2864-0
247,YAVHIN__ligand162-0
248,YAVHIN__ligand383-0
249,YAVHIN__ligand3041-0
250,YAVHIN__ligand141-0
251,YAVHIN__ligand240-0
252,YAVHIN__ligand29-0
253,YAVHIN__ligand91-0
254,YAVHIN__ligand1542-0
255,YAVHIN__ligand2634-0
256,YAVHIN__ligand51-0
257,YAVHIN__ligand2751-0
258,YAVHIN__ligand3145-0
259,YAVHIN__ligand15630-0
260,YAVHIN__ligand7915-0
261,YAVHIN__ligand5548-0
262,YAVHIN__ligand10357-0
263,YAVHIN__ligand1747-0
264,YAVHIN__ligand6686-0
265,YAVHIN__ligand2098-0
266,YAVHIN__ligand6502-0
267,YAVHIN__ligand2863-0
268,YAVHIN__ligand120-0
269,YAVHIN__ligand384-0
270,YAVHIN__ligand3178-0
271,YAVHIN__ligand48-0
272,YAVHIN__ligand6332-0
273,YAVHIN__ligand1479-0
274,YAVHIN__ligand1148-0
275,YAVHIN__ligand757-0
276,YAVHIN__ligand797-0
277,YAVHIN__ligand3246-0
278,YAVHIN__ligand32-0
279,YAVHIN__ligand1114-0
280,YAVHIN__ligand1538-0
281,YAVHIN__ligand1228-0
282,YAVHIN__ligand9244-0
283,YAVHIN__ligand2087-0
284,YAVHIN__ligand187-0
285,YAVHIN__ligand1048-0
286,YAVHIN__ligand612-0
287,YAVHIN__ligand3757-0
288,YAVHIN__ligand861-0
289,YAVHIN__ligand1685-0
290,YAVHIN__ligand57-0
291,YAVHIN__ligand366-0
292,YAVHIN__ligand1544-0
293,YAVHIN__ligand1459-0
294,YAVHIN__ligand1-0
295,YAVHIN__ligand596-0
296,YAVHIN__ligand5801-0
297,YAVHIN__ligand3063-0
298,YAVHIN__ligand126-0
299,YAVHIN__ligand1438-0
300,YAVHIN__ligand1171-0
301,YAVHIN__ligand73-0
302,YAVHIN__ligand1706-0
303,YAVHIN__ligand3734-0
304,YAVHIN__ligand119-0
305,YAVHIN__ligand2629-0
306,YAVHIN__ligand34-0
307,YAVHIN__ligand4381-0
308,YAVHIN__ligand124-0
309,YAVHIN__ligand95-0
310,YAVHIN__ligand2259-0
311,YAVHIN__ligand2688-0
312,YAVHIN__ligand244-0
313,YAVHIN__ligand201-0
314,YAVHIN__ligand1376-0
315,YAVHIN__ligand3-0
316,YAVHIN__ligand100-0
317,YAVHIN__ligand2768-0
318,YAVHIN__ligand178-0
319,YAVHIN__ligand279-0
320,YAVHIN__ligand6277-0
321,YAVHIN__ligand321-0
322,YAVHIN__ligand1951-0
323,YAVHIN__ligand55-0
324,YAVHIN__ligand1687-0
