,TMC
0,GAGKEE__ligand210-0
1,GAGKEE__ligand1228-0
2,GAGKEE__ligand9244-0
3,GAGKEE__ligand1114-0
4,GAGKEE__ligand1538-0
5,GAGKEE__ligand481-0
6,GAGKEE__ligand314-0
7,GAGKEE__ligand3246-0
8,GAGKEE__ligand1479-0
9,GAGKEE__ligand170-0
10,GAGKEE__ligand1148-0
11,GAGKEE__ligand391-0
12,GAGKEE__ligand6502-0
13,GAGKEE__ligand236-0
14,GAGKEE__ligand67-0
15,GAGKEE__ligand2098-0
16,GAGKEE__ligand2863-0
17,GAGKEE__ligand3178-0
18,GAGKEE__ligand6332-0
19,GAGKEE__ligand353-0
20,GAGKEE__ligand3145-0
21,GAGKEE__ligand5548-0
22,GAGKEE__ligand7915-0
23,GAGKEE__ligand1747-0
24,GAGKEE__ligand6686-0
25,GAGKEE__ligand196-0
26,GAGKEE__ligand502-0
27,GAGKEE__ligand2751-0
28,GAGKEE__ligand113-0
29,GAGKEE__ligand3041-0
30,GAGKEE__ligand422-0
31,GAGKEE__ligand2634-0
32,GAGKEE__ligand1542-0
33,GAGKEE__ligand6277-0
34,GAGKEE__ligand1951-0
35,GAGKEE__ligand1687-0
36,GAGKEE__ligand2259-0
37,GAGKEE__ligand2688-0
38,GAGKEE__ligand10357-0
39,GAGKEE__ligand682-0
40,GAGKEE__ligand2768-0
41,GAGKEE__ligand15630-0
42,GAGKEE__ligand1376-0
43,GAGKEE__ligand447-0
44,GAGKEE__ligand133-0
45,GAGKEE__ligand1706-0
46,GAGKEE__ligand522-0
47,GAGKEE__ligand1-0
48,GAGKEE__ligand3734-0
49,GAGKEE__ligand666-0
50,GAGKEE__ligand487-0
51,GAGKEE__ligand2629-0
52,GAGKEE__ligand4381-0
53,GAGKEE__ligand3-0
54,GAGKEE__ligand1171-0
55,GAGKEE__ligand355-0
56,GAGKEE__ligand784-0
57,GAGKEE__ligand485-0
58,GAGKEE__ligand5801-0
59,GAGKEE__ligand1438-0
60,GAGKEE__ligand3063-0
61,GAGKEE__ligand1544-0
62,GAGKEE__ligand115-0
63,GAGKEE__ligand1459-0
64,GAGKEE__ligand45-0
65,GAGKEE__ligand1048-0
66,GAGKEE__ligand78-0
67,GAGKEE__ligand2087-0
68,GAGKEE__ligand85-0
69,GAGKEE__ligand291-0
70,GAGKEE__ligand3757-0
71,GAGKEE__ligand1685-0
72,GAGKEE__ligand1703-0
73,GAGKEE__ligand4-0
74,GAGKEE__ligand2430-0
75,GAGKEE__ligand352-0
76,GAGKEE__ligand783-0
77,GAGKEE__ligand2907-0
78,GAGKEE__ligand868-0
79,GAGKEE__ligand8921-0
80,GAGKEE__ligand2285-0
81,GAGKEE__ligand1567-0
82,GAGKEE__ligand2510-0
83,GAGKEE__ligand442-0
84,GAGKEE__ligand2320-0
85,GAGKEE__ligand1056-0
86,GAGKEE__ligand66-0
87,GAGKEE__ligand2862-0
88,GAGKEE__ligand136-0
89,GAGKEE__ligand1607-0
90,GAGKEE__ligand112-0
91,GAGKEE__ligand1727-0
92,GAGKEE__ligand197-0
93,GAGKEE__ligand296-0
94,GAGKEE__ligand1152-0
95,GAGKEE__ligand294-0
96,GAGKEE__ligand38-0
97,GAGKEE__ligand993-0
98,GAGKEE__ligand331-0
99,GAGKEE__ligand3637-0
100,GAGKEE__ligand798-0
101,GAGKEE__ligand421-0
102,GAGKEE__ligand40-0
103,GAGKEE__ligand584-0
104,GAGKEE__ligand916-0
105,GAGKEE__ligand8774-0
106,GAGKEE__ligand1598-0
107,GAGKEE__ligand390-0
108,GAGKEE__ligand4303-0
109,GAGKEE__ligand1248-0
110,GAGKEE__ligand134-0
111,GAGKEE__ligand6294-0
112,GAGKEE__ligand932-0
113,GAGKEE__ligand21-0
114,GAGKEE__ligand235-0
115,GAGKEE__ligand1054-0
116,GAGKEE__ligand525-0
117,GAGKEE__ligand560-0
118,GAGKEE__ligand6-0
119,GAGKEE__ligand109-0
120,GAGKEE__ligand7464-0
121,GAGKEE__ligand188-0
122,GAGKEE__ligand2864-0
123,GAGKEE__ligand444-0
124,GAGKEE__ligand369-0
125,GAGKEE__ligand311-0
126,GAGKEE__ligand10114-0
127,GAGKEE__ligand2142-0
128,GAGKEE__ligand6151-0
129,GAGKEE__ligand2772-0
130,GAGKEE__ligand9495-0
131,GAGKEE__ligand18-0
132,GAGKEE__ligand6538-0
133,GAGKEE__ligand370-0
134,GAGKEE__ligand2880-0
135,GAGKEE__ligand5941-0
136,GAGKEE__ligand2838-0
137,GAGKEE__ligand1799-0
138,GAGKEE__ligand3838-0
139,GAGKEE__ligand250-0
140,GAGKEE__ligand10479-0
141,GAGKEE__ligand1169-0
142,GAGKEE__ligand5022-0
143,GAGKEE__ligand460-0
144,GAGKEE__ligand2794-0
145,GAGKEE__ligand2345-0
146,GAGKEE__ligand14530-0
147,GAGKEE__ligand252-0
148,GAGKEE__ligand1835-0
149,GAGKEE__ligand955-0
150,GAGKEE__ligand4983-0
151,GAGKEE__ligand1502-0
152,GAGKEE__ligand1113-0
153,GAGKEE__ligand2265-0
154,GAGKEE__ligand6396-0
155,GAGKEE__ligand830-0
156,GAGKEE__ligand86-0
157,GAGKEE__ligand9027-0
158,GAGKEE__ligand193-0
159,GAGKEE__ligand1273-0
160,GAGKEE__ligand10910-0
161,GAGKEE__ligand851-0
162,GAGKEE__ligand909-0
163,GAGKEE__ligand934-0
164,GAGKEE__ligand177-0
165,GAGKEE__ligand1052-0
166,GAGKEE__ligand62-0
167,GAGKEE__ligand8032-0
168,GAGKEE__ligand1858-0
169,GAGKEE__ligand5334-0
170,GAGKEE__ligand2315-0
171,GAGKEE__ligand1898-0
172,GAGKEE__ligand4504-0
173,GAGKEE__ligand3051-0
174,GAGKEE__ligand2480-0
175,GAGKEE__ligand1919-0
176,GAGKEE__ligand383-0
177,GAGKEE__ligand162-0
178,GAGKEE__ligand2389-0
179,GAGKEE__ligand226-0
180,GAGKEE__ligand32-0
181,GAGKEE__ligand1712-0
182,GAGKEE__ligand2916-0
183,GAGKEE__ligand2110-0
184,GAGKEE__ligand3579-0
185,GAGKEE__ligand670-0
186,GAGKEE__ligand118-0
187,GAGKEE__ligand1379-0
188,GAGKEE__ligand571-0
189,GAGKEE__ligand48-0
190,GAGKEE__ligand1299-0
191,GAGKEE__ligand6430-0
192,GAGKEE__ligand1221-0
193,GAGKEE__ligand1264-0
194,GAGKEE__ligand2929-0
195,GAGKEE__ligand509-0
196,GAGKEE__ligand2376-0
197,GAGKEE__ligand358-0
198,GAGKEE__ligand430-0
199,GAGKEE__ligand1325-0
200,GAGKEE__ligand2482-0
201,GAGKEE__ligand669-0
202,GAGKEE__ligand6571-0
203,GAGKEE__ligand51-0
204,GAGKEE__ligand1019-0
205,GAGKEE__ligand278-0
206,GAGKEE__ligand2442-0
207,GAGKEE__ligand29-0
208,GAGKEE__ligand91-0
209,GAGKEE__ligand5762-0
210,GAGKEE__ligand7414-0
211,GAGKEE__ligand1104-0
212,GAGKEE__ligand365-0
213,GAGKEE__ligand55-0
214,GAGKEE__ligand140-0
215,GAGKEE__ligand105-0
216,GAGKEE__ligand1321-0
217,GAGKEE__ligand1178-0
218,GAGKEE__ligand3566-0
219,GAGKEE__ligand324-0
220,GAGKEE__ligand361-0
221,GAGKEE__ligand409-0
222,GAGKEE__ligand1788-0
223,GAGKEE__ligand95-0
224,GAGKEE__ligand9620-0
225,GAGKEE__ligand4894-0
226,GAGKEE__ligand1260-0
227,GAGKEE__ligand575-0
228,GAGKEE__ligand927-0
229,GAGKEE__ligand34-0
230,GAGKEE__ligand199-0
231,GAGKEE__ligand3337-0
232,GAGKEE__ligand7514-0
233,GAGKEE__ligand4811-0
234,GAGKEE__ligand1449-1
235,GAGKEE__ligand73-0
236,GAGKEE__ligand166-0
237,GAGKEE__ligand1307-0
238,GAGKEE__ligand838-0
239,GAGKEE__ligand497-0
240,GAGKEE__ligand918-0
241,GAGKEE__ligand633-0
242,GAGKEE__ligand532-0
243,GAGKEE__ligand821-0
244,GAGKEE__ligand1246-0
245,GAGKEE__ligand326-0
246,GAGKEE__ligand553-0
247,GAGKEE__ligand283-0
248,GAGKEE__ligand6166-0
249,GAGKEE__ligand3853-0
250,GAGKEE__ligand142-0
251,GAGKEE__ligand2853-0
252,GAGKEE__ligand8-0
253,GAGKEE__ligand57-0
254,GAGKEE__ligand206-0
255,GAGKEE__ligand436-0
256,GAGKEE__ligand2599-0
257,GAGKEE__ligand5089-0
258,GAGKEE__ligand124-0
259,GAGKEE__ligand89-0
260,GAGKEE__ligand4012-0
261,GAGKEE__ligand3196-0
262,GAGKEE__ligand2915-0
263,GAGKEE__ligand11730-0
264,GAGKEE__ligand119-0
265,GAGKEE__ligand49-0
266,GAGKEE__ligand1690-0
267,GAGKEE__ligand321-0
268,GAGKEE__ligand279-0
269,GAGKEE__ligand178-0
270,GAGKEE__ligand2707-0
271,GAGKEE__ligand100-0
272,GAGKEE__ligand201-0
273,GAGKEE__ligand244-0
274,GAGKEE__ligand2526-0
275,GAGKEE__ligand1551-0
276,GAGKEE__ligand17-0
277,GAGKEE__ligand596-0
278,GAGKEE__ligand4370-0
279,GAGKEE__ligand366-0
280,GAGKEE__ligand3618-0
281,GAGKEE__ligand2618-0
282,GAGKEE__ligand861-0
283,GAGKEE__ligand612-0
284,GAGKEE__ligand1436-0
285,GAGKEE__ligand92-0
286,GAGKEE__ligand187-0
287,GAGKEE__ligand2255-0
288,GAGKEE__ligand4175-0
289,GAGKEE__ligand126-0
290,GAGKEE__ligand1918-0
291,GAGKEE__ligand5235-0
292,GAGKEE__ligand6143-0
293,GAGKEE__ligand4619-0
294,GAGKEE__ligand797-0
295,GAGKEE__ligand3251-0
296,GAGKEE__ligand9176-0
297,GAGKEE__ligand757-0
298,GAGKEE__ligand1493-0
299,GAGKEE__ligand3070-0
300,GAGKEE__ligand3035-0
301,GAGKEE__ligand2718-0
302,GAGKEE__ligand5758-0
303,GAGKEE__ligand3852-0
304,GAGKEE__ligand3478-0
305,GAGKEE__ligand1818-0
306,GAGKEE__ligand7456-0
307,GAGKEE__ligand3890-0
308,GAGKEE__ligand1907-0
309,GAGKEE__ligand4423-0
310,GAGKEE__ligand1555-0
311,GAGKEE__ligand1285-0
312,GAGKEE__ligand240-0
313,GAGKEE__ligand11-0
314,GAGKEE__ligand141-0
315,GAGKEE__ligand7630-0
316,GAGKEE__ligand384-0
317,GAGKEE__ligand120-0
318,GAGKEE__ligand7550-0
319,GAGKEE__ligand1038-0
320,GAGKEE__ligand2762-0
321,GAGKEE__ligand2954-0
322,GAGKEE__ligand5093-0
323,GAGKEE__ligand2253-0
324,GAGKEE__ligand1160-0
