,TMC
0,CEMSAP__ligand4101-0
1,CEMSAP__ligand5595-0
2,CEMSAP__ligand21729-0
3,CEMSAP__ligand27239-0
4,CEMSAP__ligand14043-0
5,CEMSAP__ligand4358-0
6,CEMSAP__ligand3926-0
7,CEMSAP__ligand3120-0
8,CEMSAP__ligand28559-0
9,CEMSAP__ligand26324-0
10,CEMSAP__ligand8-0
11,CEMSAP__ligand19927-0
12,CEMSAP__ligand2221-0
13,CEMSAP__ligand68-0
14,CEMSAP__ligand1296-0
15,CEMSAP__ligand55-0
16,CEMSAP__ligand2259-0
17,CEMSAP__ligand11618-0
18,CEMSAP__ligand1197-0
19,CEMSAP__ligand8592-0
20,CEMSAP__ligand5099-0
21,CEMSAP__ligand9773-0
22,CEMSAP__ligand26529-0
23,CEMSAP__ligand5510-0
24,CEMSAP__ligand1376-0
25,CEMSAP__ligand693-0
26,CEMSAP__ligand9167-0
27,CEMSAP__ligand28540-0
28,CEMSAP__ligand11111-0
29,CEMSAP__ligand16369-0
30,CEMSAP__ligand5304-0
31,CEMSAP__ligand2238-0
32,CEMSAP__ligand34-0
33,CEMSAP__ligand757-0
34,CEMSAP__ligand20695-0
35,CEMSAP__ligand27754-0
36,CEMSAP__ligand122-0
37,CEMSAP__ligand7293-0
38,CEMSAP__ligand2822-0
39,CEMSAP__ligand22403-0
40,CEMSAP__ligand3867-0
41,CEMSAP__ligand1317-0
42,CEMSAP__ligand8002-0
43,CEMSAP__ligand5509-0
44,CEMSAP__ligand21399-0
45,CEMSAP__ligand10872-0
46,CEMSAP__ligand1407-0
47,CEMSAP__ligand6117-0
48,CEMSAP__ligand12003-0
49,CEMSAP__ligand26631-0
50,CEMSAP__ligand16148-0
51,CEMSAP__ligand5080-0
52,CEMSAP__ligand7762-0
53,CEMSAP__ligand29215-0
54,CEMSAP__ligand12001-0
55,CEMSAP__ligand9344-0
56,CEMSAP__ligand3736-0
57,CEMSAP__ligand24644-0
58,CEMSAP__ligand8000-0
59,CEMSAP__ligand10033-0
60,CEMSAP__ligand3945-0
61,CEMSAP__ligand24872-0
62,CEMSAP__ligand30728-0
63,CEMSAP__ligand768-0
64,CEMSAP__ligand27840-0
65,CEMSAP__ligand5383-0
66,CEMSAP__ligand2693-0
67,CEMSAP__ligand23175-0
68,CEMSAP__ligand2985-0
69,CEMSAP__ligand384-0
70,CEMSAP__ligand15788-0
71,CEMSAP__ligand4007-0
72,CEMSAP__ligand17396-0
73,CEMSAP__ligand9299-0
74,CEMSAP__ligand13220-0
75,CEMSAP__ligand11587-0
76,CEMSAP__ligand7291-0
77,CEMSAP__ligand24111-0
78,CEMSAP__ligand22444-0
79,CEMSAP__ligand9883-0
80,CEMSAP__ligand3677-1
81,CEMSAP__ligand13385-0
82,CEMSAP__ligand14569-0
83,CEMSAP__ligand17427-0
84,CEMSAP__ligand3677-0
85,CEMSAP__ligand3632-0
86,CEMSAP__ligand1168-0
87,CEMSAP__ligand57-0
88,CEMSAP__ligand1294-0
89,CEMSAP__ligand141-0
90,CEMSAP__ligand6699-0
91,CEMSAP__ligand29486-0
92,CEMSAP__ligand31694-0
93,CEMSAP__ligand240-0
94,CEMSAP__ligand1464-0
95,CEMSAP__ligand3712-0
96,CEMSAP__ligand1499-0
97,CEMSAP__ligand25561-0
98,CEMSAP__ligand2881-0
99,CEMSAP__ligand6892-0
100,CEMSAP__ligand12138-0
101,CEMSAP__ligand24780-0
102,CEMSAP__ligand22129-0
103,CEMSAP__ligand1211-0
104,CEMSAP__ligand11949-0
105,CEMSAP__ligand19792-0
106,CEMSAP__ligand2043-0
107,CEMSAP__ligand201-0
108,CEMSAP__ligand10828-0
109,CEMSAP__ligand15926-0
110,CEMSAP__ligand8788-0
111,CEMSAP__ligand24230-0
112,CEMSAP__ligand1832-0
113,CEMSAP__ligand28810-0
114,CEMSAP__ligand11096-0
115,CEMSAP__ligand11447-0
116,CEMSAP__ligand15883-0
117,CEMSAP__ligand16-0
118,CEMSAP__ligand1604-0
119,CEMSAP__ligand9943-0
120,CEMSAP__ligand1228-0
121,CEMSAP__ligand11970-0
122,CEMSAP__ligand321-0
123,CEMSAP__ligand3126-0
124,CEMSAP__ligand6391-0
125,CEMSAP__ligand21919-0
126,CEMSAP__ligand9284-0
127,CEMSAP__ligand22294-0
128,CEMSAP__ligand1114-0
129,CEMSAP__ligand28930-0
130,CEMSAP__ligand22168-0
131,CEMSAP__ligand13862-0
132,CEMSAP__ligand11357-0
133,CEMSAP__ligand15531-0
134,CEMSAP__ligand178-0
135,CEMSAP__ligand28743-0
136,CEMSAP__ligand2417-0
137,CEMSAP__ligand279-0
138,CEMSAP__ligand10056-0
139,CEMSAP__ligand12365-0
140,CEMSAP__ligand185-0
141,CEMSAP__ligand11994-0
142,CEMSAP__ligand1289-0
143,CEMSAP__ligand31842-0
144,CEMSAP__ligand5387-0
145,CEMSAP__ligand2203-0
146,CEMSAP__ligand31044-0
147,CEMSAP__ligand24035-0
148,CEMSAP__ligand14614-0
149,CEMSAP__ligand16663-0
150,CEMSAP__ligand9450-0
151,CEMSAP__ligand16988-0
152,CEMSAP__ligand25913-0
153,CEMSAP__ligand2612-0
154,CEMSAP__ligand338-0
155,CEMSAP__ligand20207-0
156,CEMSAP__ligand30711-0
157,CEMSAP__ligand1599-0
158,CEMSAP__ligand11682-0
159,CEMSAP__ligand32-0
160,CEMSAP__ligand5530-0
161,CEMSAP__ligand1356-0
162,CEMSAP__ligand28459-0
163,CEMSAP__ligand1787-0
164,CEMSAP__ligand18448-0
165,CEMSAP__ligand9753-0
166,CEMSAP__ligand12453-0
167,CEMSAP__ligand7196-0
168,CEMSAP__ligand126-0
169,CEMSAP__ligand163-0
170,CEMSAP__ligand5159-0
171,CEMSAP__ligand4807-0
172,CEMSAP__ligand3178-0
173,CEMSAP__ligand19184-0
174,CEMSAP__ligand2906-0
175,CEMSAP__ligand28685-0
176,CEMSAP__ligand18568-0
177,CEMSAP__ligand3244-0
178,CEMSAP__ligand845-0
179,CEMSAP__ligand4711-0
180,CEMSAP__ligand48-0
181,CEMSAP__ligand13672-0
182,CEMSAP__ligand2788-0
183,CEMSAP__ligand5649-0
184,CEMSAP__ligand8793-0
185,CEMSAP__ligand10371-0
186,CEMSAP__ligand4649-0
187,CEMSAP__ligand1116-0
188,CEMSAP__ligand3225-0
189,CEMSAP__ligand1153-0
190,CEMSAP__ligand2260-0
191,CEMSAP__ligand7092-0
192,CEMSAP__ligand91-0
193,CEMSAP__ligand8612-0
194,CEMSAP__ligand366-0
195,CEMSAP__ligand23197-0
196,CEMSAP__ligand2124-0
197,CEMSAP__ligand187-0
198,CEMSAP__ligand7172-0
199,CEMSAP__ligand27285-0
200,CEMSAP__ligand657-0
201,CEMSAP__ligand7273-0
202,CEMSAP__ligand29029-0
203,CEMSAP__ligand9323-0
204,CEMSAP__ligand27669-0
205,CEMSAP__ligand30142-0
206,CEMSAP__ligand941-0
207,CEMSAP__ligand596-0
208,CEMSAP__ligand14167-0
209,CEMSAP__ligand13477-0
210,CEMSAP__ligand5180-0
211,CEMSAP__ligand6017-0
212,CEMSAP__ligand7316-0
213,CEMSAP__ligand777-0
214,CEMSAP__ligand51-0
215,CEMSAP__ligand5708-0
216,CEMSAP__ligand199-0
217,CEMSAP__ligand23445-0
218,CEMSAP__ligand24953-0
219,CEMSAP__ligand2027-0
220,CEMSAP__ligand13755-0
221,CEMSAP__ligand16133-0
222,CEMSAP__ligand27122-0
223,CEMSAP__ligand20432-0
224,CEMSAP__ligand1015-0
225,CEMSAP__ligand1050-0
226,CEMSAP__ligand21940-0
227,CEMSAP__ligand25048-0
228,CEMSAP__ligand300-0
229,CEMSAP__ligand1618-0
230,CEMSAP__ligand20557-0
231,CEMSAP__ligand30004-0
232,CEMSAP__ligand2692-0
233,CEMSAP__ligand1028-0
234,CEMSAP__ligand588-0
235,CEMSAP__ligand4262-0
236,CEMSAP__ligand1154-0
237,CEMSAP__ligand324-0
238,CEMSAP__ligand361-0
239,CEMSAP__ligand9615-0
240,CEMSAP__ligand409-0
241,CEMSAP__ligand20844-0
242,CEMSAP__ligand18413-0
243,CEMSAP__ligand24624-0
244,CEMSAP__ligand1498-0
245,CEMSAP__ligand18757-0
246,CEMSAP__ligand4596-0
247,CEMSAP__ligand24560-0
248,CEMSAP__ligand21752-0
249,CEMSAP__ligand30788-0
250,CEMSAP__ligand13691-0
251,CEMSAP__ligand1169-0
252,CEMSAP__ligand14339-0
253,CEMSAP__ligand8529-0
254,CEMSAP__ligand2001-0
255,CEMSAP__ligand692-0
256,CEMSAP__ligand20942-1
257,CEMSAP__ligand16956-0
258,CEMSAP__ligand14226-0
259,CEMSAP__ligand21339-0
260,CEMSAP__ligand7566-0
261,CEMSAP__ligand27771-0
262,CEMSAP__ligand18158-0
263,CEMSAP__ligand11-0
264,CEMSAP__ligand23682-0
265,CEMSAP__ligand436-0
266,CEMSAP__ligand9944-0
267,CEMSAP__ligand8593-0
268,CEMSAP__ligand29565-0
269,CEMSAP__ligand14007-0
270,CEMSAP__ligand18019-1
271,CEMSAP__ligand326-0
272,CEMSAP__ligand8553-0
273,CEMSAP__ligand1113-0
274,CEMSAP__ligand69-0
275,CEMSAP__ligand27550-0
276,CEMSAP__ligand5201-0
277,CEMSAP__ligand497-0
278,CEMSAP__ligand11544-0
279,CEMSAP__ligand11501-0
280,CEMSAP__ligand5415-0
281,CEMSAP__ligand29214-0
282,CEMSAP__ligand22357-0
283,CEMSAP__ligand11758-0
284,CEMSAP__ligand21448-0
285,CEMSAP__ligand4161-0
286,CEMSAP__ligand3471-0
287,CEMSAP__ligand633-0
288,CEMSAP__ligand4124-0
289,CEMSAP__ligand11798-0
290,CEMSAP__ligand6995-0
291,CEMSAP__ligand2823-0
292,CEMSAP__ligand20731-0
293,CEMSAP__ligand12413-0
294,CEMSAP__ligand29334-0
295,CEMSAP__ligand17445-0
296,CEMSAP__ligand2281-0
297,CEMSAP__ligand2650-0
298,CEMSAP__ligand4340-0
299,CEMSAP__ligand14477-0
300,CEMSAP__ligand3180-0
301,CEMSAP__ligand17069-0
302,CEMSAP__ligand1828-0
303,CEMSAP__ligand1397-0
304,CEMSAP__ligand7213-0
305,CEMSAP__ligand8042-0
306,CEMSAP__ligand22353-0
307,CEMSAP__ligand6112-0
308,CEMSAP__ligand3144-0
309,CEMSAP__ligand5085-0
310,CEMSAP__ligand4710-0
311,CEMSAP__ligand49-0
312,CEMSAP__ligand5755-0
313,CEMSAP__ligand19906-0
314,CEMSAP__ligand19668-0
315,CEMSAP__ligand1908-0
316,CEMSAP__ligand383-0
317,CEMSAP__ligand10151-0
318,CEMSAP__ligand89-0
319,CEMSAP__ligand416-0
320,CEMSAP__ligand3285-0
321,CEMSAP__ligand4795-0
322,CEMSAP__ligand226-0
323,CEMSAP__ligand1786-0
324,CEMSAP__ligand5630-0
325,CEMSAP__ligand162-0
326,CEMSAP__ligand20121-0
327,CEMSAP__ligand15387-0
328,CEMSAP__ligand20220-0
329,CEMSAP__ligand29813-0
330,CEMSAP__ligand16952-0
331,CEMSAP__ligand5280-0
332,CEMSAP__ligand5614-0
333,CEMSAP__ligand1831-0
334,CEMSAP__ligand5515-0
335,CEMSAP__ligand696-0
336,CEMSAP__ligand6663-0
337,CEMSAP__ligand29441-0
338,CEMSAP__ligand10853-0
339,CEMSAP__ligand656-0
340,CEMSAP__ligand10479-0
341,CEMSAP__ligand27610-0
342,CEMSAP__ligand11479-0
343,CEMSAP__ligand1849-0
344,CEMSAP__ligand14302-0
345,CEMSAP__ligand13657-0
346,CEMSAP__ligand5019-0
347,CEMSAP__ligand14347-0
348,CEMSAP__ligand1152-0
349,CEMSAP__ligand20530-0
350,CEMSAP__ligand3261-0
351,CEMSAP__ligand11698-0
352,CEMSAP__ligand1216-0
353,CEMSAP__ligand24851-0
354,CEMSAP__ligand16603-0
355,CEMSAP__ligand3453-0
356,CEMSAP__ligand3416-0
357,CEMSAP__ligand11814-0
358,CEMSAP__ligand4207-0
359,CEMSAP__ligand11622-0
360,CEMSAP__ligand1539-0
361,CEMSAP__ligand1150-0
362,CEMSAP__ligand16870-0
363,CEMSAP__ligand488-0
364,CEMSAP__ligand15455-0
365,CEMSAP__ligand17-0
366,CEMSAP__ligand8200-0
367,CEMSAP__ligand7438-0
368,CEMSAP__ligand4063-0
369,CEMSAP__ligand358-0
370,CEMSAP__ligand11177-0
371,CEMSAP__ligand430-0
372,CEMSAP__ligand31205-0
373,CEMSAP__ligand3042-0
374,CEMSAP__ligand694-0
375,CEMSAP__ligand17686-0
376,CEMSAP__ligand25658-0
377,CEMSAP__ligand7075-0
378,CEMSAP__ligand10582-0
379,CEMSAP__ligand13260-0
380,CEMSAP__ligand3980-0
381,CEMSAP__ligand3557-0
382,CEMSAP__ligand1149-0
383,CEMSAP__ligand11252-0
384,CEMSAP__ligand1779-0
385,CEMSAP__ligand19824-0
386,CEMSAP__ligand6993-0
387,CEMSAP__ligand18067-0
388,CEMSAP__ligand1817-0
389,CEMSAP__ligand9750-0
390,CEMSAP__ligand4266-0
391,CEMSAP__ligand1400-0
392,CEMSAP__ligand571-0
393,CEMSAP__ligand20821-0
394,CEMSAP__ligand534-0
395,CEMSAP__ligand9491-0
396,CEMSAP__ligand670-0
397,CEMSAP__ligand4167-0
398,CEMSAP__ligand26673-0
399,CEMSAP__ligand1288-0
400,CEMSAP__ligand31000-0
401,CEMSAP__ligand11606-0
402,CEMSAP__ligand3012-0
403,CEMSAP__ligand250-0
404,CEMSAP__ligand31578-0
405,CEMSAP__ligand1449-0
406,CEMSAP__ligand17207-0
407,CEMSAP__ligand18013-0
408,CEMSAP__ligand1065-0
409,CEMSAP__ligand25224-0
410,CEMSAP__ligand7530-0
411,CEMSAP__ligand17945-0
412,CEMSAP__ligand9681-0
413,CEMSAP__ligand4332-0
414,CEMSAP__ligand24750-0
415,CEMSAP__ligand3934-0
416,CEMSAP__ligand370-0
417,CEMSAP__ligand6882-0
418,CEMSAP__ligand15438-0
419,CEMSAP__ligand6455-0
420,CEMSAP__ligand28924-0
421,CEMSAP__ligand2403-0
422,CEMSAP__ligand18703-0
423,CEMSAP__ligand29087-0
424,CEMSAP__ligand23589-0
425,CEMSAP__ligand479-0
426,CEMSAP__ligand24064-0
427,CEMSAP__ligand785-0
428,CEMSAP__ligand311-0
429,CEMSAP__ligand9148-0
430,CEMSAP__ligand15168-0
431,CEMSAP__ligand1415-0
432,CEMSAP__ligand6946-0
433,CEMSAP__ligand564-0
434,CEMSAP__ligand620-0
435,CEMSAP__ligand370-1
436,CEMSAP__ligand7529-0
437,CEMSAP__ligand31618-0
438,CEMSAP__ligand11432-0
439,CEMSAP__ligand1729-0
440,CEMSAP__ligand10432-0
441,CEMSAP__ligand22755-0
442,CEMSAP__ligand5627-0
443,CEMSAP__ligand188-0
444,CEMSAP__ligand26277-0
445,CEMSAP__ligand29898-0
446,CEMSAP__ligand2830-0
447,CEMSAP__ligand5316-0
448,CEMSAP__ligand3-0
449,CEMSAP__ligand5483-0
450,CEMSAP__ligand6283-0
451,CEMSAP__ligand11774-0
452,CEMSAP__ligand14586-0
453,CEMSAP__ligand177-0
454,CEMSAP__ligand21421-0
455,CEMSAP__ligand24-0
456,CEMSAP__ligand4738-0
457,CEMSAP__ligand17710-0
458,CEMSAP__ligand20579-0
459,CEMSAP__ligand1-0
460,CEMSAP__ligand4813-0
461,CEMSAP__ligand11568-0
462,CEMSAP__ligand5813-0
463,CEMSAP__ligand6062-0
464,CEMSAP__ligand19-0
465,CEMSAP__ligand31483-0
466,CEMSAP__ligand3215-0
467,CEMSAP__ligand10555-0
468,CEMSAP__ligand909-0
469,CEMSAP__ligand19725-0
470,CEMSAP__ligand24613-0
471,CEMSAP__ligand7107-0
472,CEMSAP__ligand78-0
473,CEMSAP__ligand830-0
474,CEMSAP__ligand1147-0
475,CEMSAP__ligand372-0
476,CEMSAP__ligand3973-0
477,CEMSAP__ligand7925-0
478,CEMSAP__ligand193-0
479,CEMSAP__ligand12336-0
480,CEMSAP__ligand2068-0
481,CEMSAP__ligand13072-0
482,CEMSAP__ligand17590-0
483,CEMSAP__ligand116-0
484,CEMSAP__ligand7532-0
485,CEMSAP__ligand17240-0
486,CEMSAP__ligand252-0
487,CEMSAP__ligand4194-0
488,CEMSAP__ligand4330-0
489,CEMSAP__ligand2599-0
490,CEMSAP__ligand12682-0
491,CEMSAP__ligand18699-0
492,CEMSAP__ligand45-0
493,CEMSAP__ligand1773-0
494,CEMSAP__ligand4581-0
495,CEMSAP__ligand18391-0
496,CEMSAP__ligand27169-0
497,CEMSAP__ligand14523-0
498,CEMSAP__ligand2328-0
499,CEMSAP__ligand7162-0
500,CEMSAP__ligand197-0
501,CEMSAP__ligand3029-0
502,CEMSAP__ligand20599-0
503,CEMSAP__ligand25805-0
504,CEMSAP__ligand22981-0
505,CEMSAP__ligand9197-0
506,CEMSAP__ligand1900-0
507,CEMSAP__ligand27074-0
508,CEMSAP__ligand23904-0
509,CEMSAP__ligand2208-0
510,CEMSAP__ligand3208-0
511,CEMSAP__ligand21936-0
512,CEMSAP__ligand13257-0
513,CEMSAP__ligand8722-0
514,CEMSAP__ligand12467-0
515,CEMSAP__ligand6672-0
516,CEMSAP__ligand9809-0
517,CEMSAP__ligand1327-0
518,CEMSAP__ligand10084-0
519,CEMSAP__ligand25267-0
520,CEMSAP__ligand3350-0
521,CEMSAP__ligand7573-0
522,CEMSAP__ligand2781-0
523,CEMSAP__ligand11140-0
524,CEMSAP__ligand1533-0
525,CEMSAP__ligand29610-0
526,CEMSAP__ligand868-0
527,CEMSAP__ligand1496-0
528,CEMSAP__ligand18074-0
529,CEMSAP__ligand7557-0
530,CEMSAP__ligand13869-0
531,CEMSAP__ligand29863-0
532,CEMSAP__ligand18799-0
533,CEMSAP__ligand18465-0
534,CEMSAP__ligand4131-0
535,CEMSAP__ligand1712-0
536,CEMSAP__ligand28668-0
537,CEMSAP__ligand5094-0
538,CEMSAP__ligand5892-0
539,CEMSAP__ligand352-0
540,CEMSAP__ligand783-0
541,CEMSAP__ligand16791-0
542,CEMSAP__ligand5935-0
543,CEMSAP__ligand2722-0
544,CEMSAP__ligand560-0
545,CEMSAP__ligand25650-0
546,CEMSAP__ligand1379-0
547,CEMSAP__ligand31248-0
548,CEMSAP__ligand19257-0
549,CEMSAP__ligand13209-0
550,CEMSAP__ligand3157-0
551,CEMSAP__ligand12660-0
552,CEMSAP__ligand9525-0
553,CEMSAP__ligand1165-0
554,CEMSAP__ligand4850-0
555,CEMSAP__ligand5056-0
556,CEMSAP__ligand23124-0
557,CEMSAP__ligand67-0
558,CEMSAP__ligand11206-0
559,CEMSAP__ligand3647-0
560,CEMSAP__ligand12519-0
561,CEMSAP__ligand25735-0
562,CEMSAP__ligand5357-0
563,CEMSAP__ligand1688-0
564,CEMSAP__ligand1469-0
565,CEMSAP__ligand3871-0
566,CEMSAP__ligand235-0
567,CEMSAP__ligand1768-0
568,CEMSAP__ligand134-0
569,CEMSAP__ligand11166-0
570,CEMSAP__ligand421-0
571,CEMSAP__ligand21132-0
572,CEMSAP__ligand43-0
573,CEMSAP__ligand23906-0
574,CEMSAP__ligand2527-0
575,CEMSAP__ligand8349-0
576,CEMSAP__ligand8464-0
577,CEMSAP__ligand1709-0
578,CEMSAP__ligand685-0
579,CEMSAP__ligand30539-0
580,CEMSAP__ligand3392-0
581,CEMSAP__ligand25689-0
582,CEMSAP__ligand21787-0
583,CEMSAP__ligand1771-0
584,CEMSAP__ligand294-0
585,CEMSAP__ligand4911-0
586,CEMSAP__ligand25575-0
587,CEMSAP__ligand27835-0
588,CEMSAP__ligand12295-0
589,CEMSAP__ligand5849-0
590,CEMSAP__ligand17631-0
591,CEMSAP__ligand13012-0
592,CEMSAP__ligand26665-0
593,CEMSAP__ligand7242-0
594,CEMSAP__ligand14297-0
595,CEMSAP__ligand14603-0
596,CEMSAP__ligand7106-0
597,CEMSAP__ligand17258-0
598,CEMSAP__ligand31783-0
599,CEMSAP__ligand1263-0
600,CEMSAP__ligand9908-0
601,CEMSAP__ligand18-0
602,CEMSAP__ligand487-0
603,CEMSAP__ligand15422-0
604,CEMSAP__ligand1959-0
605,CEMSAP__ligand12934-0
606,CEMSAP__ligand20578-0
607,CEMSAP__ligand3504-0
608,CEMSAP__ligand746-0
609,CEMSAP__ligand19641-0
610,CEMSAP__ligand14723-0
611,CEMSAP__ligand9935-0
612,CEMSAP__ligand1573-0
613,CEMSAP__ligand447-0
614,CEMSAP__ligand1536-0
615,CEMSAP__ligand27893-0
616,CEMSAP__ligand6616-0
617,CEMSAP__ligand3876-0
618,CEMSAP__ligand1343-0
619,CEMSAP__ligand3035-0
620,CEMSAP__ligand3718-0
621,CEMSAP__ligand30988-0
622,CEMSAP__ligand18832-0
623,CEMSAP__ligand1844-0
624,CEMSAP__ligand4661-0
625,CEMSAP__ligand176-0
626,CEMSAP__ligand27175-0
627,CEMSAP__ligand23713-0
628,CEMSAP__ligand27460-0
629,CEMSAP__ligand1512-0
630,CEMSAP__ligand5331-0
631,CEMSAP__ligand3565-0
632,CEMSAP__ligand152-0
633,CEMSAP__ligand16628-0
634,CEMSAP__ligand6919-0
635,CEMSAP__ligand12427-0
636,CEMSAP__ligand20740-0
637,CEMSAP__ligand3852-0
638,CEMSAP__ligand28468-0
639,CEMSAP__ligand2485-0
640,CEMSAP__ligand26540-0
641,CEMSAP__ligand5211-0
642,CEMSAP__ligand506-0
643,CEMSAP__ligand12337-0
644,CEMSAP__ligand29410-0
645,CEMSAP__ligand3094-0
646,CEMSAP__ligand4155-0
647,CEMSAP__ligand30296-0
648,CEMSAP__ligand17281-0
649,CEMSAP__ligand12606-0
650,CEMSAP__ligand4720-0
651,CEMSAP__ligand6839-0
652,CEMSAP__ligand8969-0
653,CEMSAP__ligand3131-0
654,CEMSAP__ligand3174-0
655,CEMSAP__ligand1202-0
656,CEMSAP__ligand30333-0
657,CEMSAP__ligand3937-0
658,CEMSAP__ligand4157-0
659,CEMSAP__ligand9833-0
660,CEMSAP__ligand7648-0
661,CEMSAP__ligand2828-0
662,CEMSAP__ligand8876-0
663,CEMSAP__ligand14108-0
664,CEMSAP__ligand5256-0
665,CEMSAP__ligand2176-0
666,CEMSAP__ligand10958-0
667,CEMSAP__ligand9291-0
668,CEMSAP__ligand2232-0
669,CEMSAP__ligand833-0
670,CEMSAP__ligand12641-0
671,CEMSAP__ligand10262-0
672,CEMSAP__ligand28676-0
673,CEMSAP__ligand1285-0
674,CEMSAP__ligand27763-0
675,CEMSAP__ligand8115-0
676,CEMSAP__ligand6768-0
677,CEMSAP__ligand1982-0
678,CEMSAP__ligand7000-0
679,CEMSAP__ligand4546-0
680,CEMSAP__ligand4503-0
681,CEMSAP__ligand13425-0
682,CEMSAP__ligand29302-0
683,CEMSAP__ligand18814-0
684,CEMSAP__ligand115-0
685,CEMSAP__ligand19057-0
686,CEMSAP__ligand7867-0
687,CEMSAP__ligand12231-0
688,CEMSAP__ligand1219-0
689,CEMSAP__ligand368-0
690,CEMSAP__ligand6709-0
691,CEMSAP__ligand12289-0
692,CEMSAP__ligand4016-0
693,CEMSAP__ligand395-0
694,CEMSAP__ligand18292-0
695,CEMSAP__ligand13658-0
696,CEMSAP__ligand26702-0
697,CEMSAP__ligand12130-0
698,CEMSAP__ligand17387-0
699,CEMSAP__ligand7238-0
700,CEMSAP__ligand10476-0
701,CEMSAP__ligand19830-0
702,CEMSAP__ligand13068-0
703,CEMSAP__ligand15585-0
704,CEMSAP__ligand12401-0
705,CEMSAP__ligand1304-0
706,CEMSAP__ligand1790-0
707,CEMSAP__ligand24145-0
708,CEMSAP__ligand7280-0
709,CEMSAP__ligand4272-0
710,CEMSAP__ligand1451-0
711,CEMSAP__ligand25178-0
712,CEMSAP__ligand7629-0
713,CEMSAP__ligand24185-0
714,CEMSAP__ligand9784-0
715,CEMSAP__ligand23769-0
716,CEMSAP__ligand17805-0
717,CEMSAP__ligand9520-0
718,CEMSAP__ligand8699-0
719,CEMSAP__ligand1160-0
720,CEMSAP__ligand17302-0
721,CEMSAP__ligand3954-0
722,CEMSAP__ligand4442-0
723,CEMSAP__ligand784-0
724,CEMSAP__ligand4093-0
725,CEMSAP__ligand13390-0
726,CEMSAP__ligand618-0
727,CEMSAP__ligand9441-0
728,CEMSAP__ligand2332-0
729,CEMSAP__ligand20682-0
730,CEMSAP__ligand391-0
731,CEMSAP__ligand1631-0
732,CEMSAP__ligand66-0
733,CEMSAP__ligand1575-0
734,CEMSAP__ligand1530-0
735,CEMSAP__ligand9933-0
736,CEMSAP__ligand13208-0
737,CEMSAP__ligand2915-0
738,CEMSAP__ligand314-0
739,CEMSAP__ligand3156-0
740,CEMSAP__ligand780-0
741,CEMSAP__ligand26810-0
742,CEMSAP__ligand27482-0
743,CEMSAP__ligand813-0
744,CEMSAP__ligand6244-0
745,CEMSAP__ligand1378-0
746,CEMSAP__ligand31832-0
747,CEMSAP__ligand8992-0
748,CEMSAP__ligand13294-0
749,CEMSAP__ligand9601-0
750,CEMSAP__ligand28884-0
751,CEMSAP__ligand13331-0
752,CEMSAP__ligand7967-0
753,CEMSAP__ligand6124-0
754,CEMSAP__ligand3707-0
755,CEMSAP__ligand314-1
756,CEMSAP__ligand12030-0
757,CEMSAP__ligand1018-0
758,CEMSAP__ligand29879-0
759,CEMSAP__ligand14248-0
760,CEMSAP__ligand4116-0
761,CEMSAP__ligand1823-0
762,CEMSAP__ligand5643-0
763,CEMSAP__ligand11456-0
764,CEMSAP__ligand1324-0
765,CEMSAP__ligand14174-0
766,CEMSAP__ligand8721-0
767,CEMSAP__ligand10712-0
768,CEMSAP__ligand9952-0
769,CEMSAP__ligand9111-0
770,CEMSAP__ligand465-0
771,CEMSAP__ligand42-0
772,CEMSAP__ligand25411-0
773,CEMSAP__ligand1615-0
774,CEMSAP__ligand2526-0
775,CEMSAP__ligand5036-0
776,CEMSAP__ligand20251-1
777,CEMSAP__ligand686-0
778,CEMSAP__ligand4641-0
779,CEMSAP__ligand422-0
780,CEMSAP__ligand16475-0
781,CEMSAP__ligand14703-0
782,CEMSAP__ligand20598-0
783,CEMSAP__ligand11675-0
784,CEMSAP__ligand24047-0
785,CEMSAP__ligand22557-0
786,CEMSAP__ligand10589-0
787,CEMSAP__ligand38-0
788,CEMSAP__ligand1142-0
789,CEMSAP__ligand3234-0
790,CEMSAP__ligand17398-0
791,CEMSAP__ligand7126-0
792,CEMSAP__ligand17278-0
793,CEMSAP__ligand20011-0
794,CEMSAP__ligand196-0
795,CEMSAP__ligand17982-0
796,CEMSAP__ligand2028-0
797,CEMSAP__ligand8835-0
798,CEMSAP__ligand29414-0
799,CEMSAP__ligand14889-0
800,CEMSAP__ligand30851-0
801,CEMSAP__ligand29568-0
802,CEMSAP__ligand2917-0
803,CEMSAP__ligand353-0
804,CEMSAP__ligand7819-0
805,CEMSAP__ligand6102-0
806,CEMSAP__ligand3721-0
807,CEMSAP__ligand6904-0
808,CEMSAP__ligand28789-0
809,CEMSAP__ligand6596-0
810,CEMSAP__ligand20419-0
811,CEMSAP__ligand21371-0
812,CEMSAP__ligand3465-0
813,CEMSAP__ligand17118-0
814,CEMSAP__ligand4620-0
815,CEMSAP__ligand14117-0
816,CEMSAP__ligand17261-0
817,CEMSAP__ligand1577-0
818,CEMSAP__ligand6067-0
819,CEMSAP__ligand31097-0
820,CEMSAP__ligand21581-0
821,CEMSAP__ligand2295-0
822,CEMSAP__ligand20539-0
823,CEMSAP__ligand20251-0
824,CEMSAP__ligand393-0
825,CEMSAP__ligand4-0
826,CEMSAP__ligand20214-0
827,CEMSAP__ligand30702-0
