,TMC
0,ZALRIN__ligand91-0
1,ZALRIN__ligand2915-0
2,ZALRIN__ligand29-0
3,ZALRIN__ligand119-0
4,ZALRIN__ligand124-0
5,ZALRIN__ligand51-0
6,ZALRIN__ligand4012-0
7,ZALRIN__ligand3196-0
8,ZALRIN__ligand201-0
9,ZALRIN__ligand244-0
10,ZALRIN__ligand100-0
11,ZALRIN__ligand2526-0
12,ZALRIN__ligand1551-0
13,ZALRIN__ligand48-0
14,ZALRIN__ligand321-0
15,ZALRIN__ligand1690-0
16,ZALRIN__ligand178-0
17,ZALRIN__ligand2707-0
18,ZALRIN__ligand279-0
19,ZALRIN__ligand861-0
20,ZALRIN__ligand366-0
21,ZALRIN__ligand3618-0
22,ZALRIN__ligand2618-0
23,ZALRIN__ligand187-0
24,ZALRIN__ligand1436-0
25,ZALRIN__ligand612-0
26,ZALRIN__ligand596-0
27,ZALRIN__ligand4370-0
28,ZALRIN__ligand32-0
29,ZALRIN__ligand126-0
30,ZALRIN__ligand1918-0
31,ZALRIN__ligand2255-0
32,ZALRIN__ligand4175-0
33,ZALRIN__ligand57-0
34,ZALRIN__ligand9176-0
35,ZALRIN__ligand757-0
36,ZALRIN__ligand1493-0
37,ZALRIN__ligand10910-0
38,ZALRIN__ligand2718-0
39,ZALRIN__ligand3070-0
40,ZALRIN__ligand3035-0
41,ZALRIN__ligand5235-0
42,ZALRIN__ligand6143-0
43,ZALRIN__ligand4619-0
44,ZALRIN__ligand3251-0
45,ZALRIN__ligand797-0
46,ZALRIN__ligand1818-0
47,ZALRIN__ligand7456-0
48,ZALRIN__ligand14530-0
49,ZALRIN__ligand5758-0
50,ZALRIN__ligand73-0
51,ZALRIN__ligand3852-0
52,ZALRIN__ligand3478-0
53,ZALRIN__ligand1555-0
54,ZALRIN__ligand34-0
55,ZALRIN__ligand1285-0
56,ZALRIN__ligand8-0
57,ZALRIN__ligand141-0
58,ZALRIN__ligand7630-0
59,ZALRIN__ligand240-0
60,ZALRIN__ligand3890-0
61,ZALRIN__ligand10479-0
62,ZALRIN__ligand1907-0
63,ZALRIN__ligand4423-0
64,ZALRIN__ligand1038-0
65,ZALRIN__ligand2762-0
66,ZALRIN__ligand2954-0
67,ZALRIN__ligand5093-0
68,ZALRIN__ligand2253-0
69,ZALRIN__ligand95-0
70,ZALRIN__ligand1160-0
71,ZALRIN__ligand384-0
72,ZALRIN__ligand55-0
73,ZALRIN__ligand10114-0
74,ZALRIN__ligand120-0
75,ZALRIN__ligand7550-0
76,ZALRIN__ligand5334-0
77,ZALRIN__ligand2315-0
78,ZALRIN__ligand4504-0
79,ZALRIN__ligand3051-0
80,ZALRIN__ligand2480-0
81,ZALRIN__ligand1898-0
82,ZALRIN__ligand8032-0
83,ZALRIN__ligand1858-0
84,ZALRIN__ligand1712-0
85,ZALRIN__ligand2916-0
86,ZALRIN__ligand2110-0
87,ZALRIN__ligand3579-0
88,ZALRIN__ligand92-0
89,ZALRIN__ligand383-0
90,ZALRIN__ligand1919-0
91,ZALRIN__ligand17-0
92,ZALRIN__ligand2389-0
93,ZALRIN__ligand226-0
94,ZALRIN__ligand162-0
95,ZALRIN__ligand2929-0
96,ZALRIN__ligand2376-0
97,ZALRIN__ligand509-0
98,ZALRIN__ligand1379-0
99,ZALRIN__ligand571-0
100,ZALRIN__ligand118-0
101,ZALRIN__ligand670-0
102,ZALRIN__ligand6430-0
103,ZALRIN__ligand1299-0
104,ZALRIN__ligand1221-0
105,ZALRIN__ligand1264-0
106,ZALRIN__ligand2442-0
107,ZALRIN__ligand1019-0
108,ZALRIN__ligand278-0
109,ZALRIN__ligand49-0
110,ZALRIN__ligand365-0
111,ZALRIN__ligand5762-0
112,ZALRIN__ligand7414-0
113,ZALRIN__ligand1104-0
114,ZALRIN__ligand89-0
115,ZALRIN__ligand430-0
116,ZALRIN__ligand358-0
117,ZALRIN__ligand1325-0
118,ZALRIN__ligand2482-0
119,ZALRIN__ligand669-0
120,ZALRIN__ligand6571-0
121,ZALRIN__ligand409-0
122,ZALRIN__ligand324-0
123,ZALRIN__ligand361-0
124,ZALRIN__ligand1788-0
125,ZALRIN__ligand140-0
126,ZALRIN__ligand105-0
127,ZALRIN__ligand1321-0
128,ZALRIN__ligand3566-0
129,ZALRIN__ligand1178-0
130,ZALRIN__ligand199-0
131,ZALRIN__ligand3337-0
132,ZALRIN__ligand927-0
133,ZALRIN__ligand7514-0
134,ZALRIN__ligand4811-0
135,ZALRIN__ligand1449-1
136,ZALRIN__ligand11-0
137,ZALRIN__ligand4894-0
138,ZALRIN__ligand1260-0
139,ZALRIN__ligand9620-0
140,ZALRIN__ligand575-0
141,ZALRIN__ligand497-0
142,ZALRIN__ligand532-0
143,ZALRIN__ligand633-0
144,ZALRIN__ligand918-0
145,ZALRIN__ligand166-0
146,ZALRIN__ligand1307-0
147,ZALRIN__ligand838-0
148,ZALRIN__ligand3853-0
149,ZALRIN__ligand2853-0
150,ZALRIN__ligand206-0
151,ZALRIN__ligand142-0
152,ZALRIN__ligand2599-0
153,ZALRIN__ligand5089-0
154,ZALRIN__ligand436-0
155,ZALRIN__ligand326-0
156,ZALRIN__ligand1246-0
157,ZALRIN__ligand15630-0
158,ZALRIN__ligand821-0
159,ZALRIN__ligand10357-0
160,ZALRIN__ligand283-0
161,ZALRIN__ligand553-0
162,ZALRIN__ligand6166-0
163,ZALRIN__ligand442-0
164,ZALRIN__ligand2285-0
165,ZALRIN__ligand1567-0
166,ZALRIN__ligand8921-0
167,ZALRIN__ligand2510-0
168,ZALRIN__ligand868-0
169,ZALRIN__ligand136-0
170,ZALRIN__ligand2320-0
171,ZALRIN__ligand1056-0
172,ZALRIN__ligand2862-0
173,ZALRIN__ligand1703-0
174,ZALRIN__ligand2430-0
175,ZALRIN__ligand783-0
176,ZALRIN__ligand352-0
177,ZALRIN__ligand2907-0
178,ZALRIN__ligand1727-0
179,ZALRIN__ligand296-0
180,ZALRIN__ligand197-0
181,ZALRIN__ligand1152-0
182,ZALRIN__ligand1607-0
183,ZALRIN__ligand67-0
184,ZALRIN__ligand112-0
185,ZALRIN__ligand421-0
186,ZALRIN__ligand3637-0
187,ZALRIN__ligand798-0
188,ZALRIN__ligand916-0
189,ZALRIN__ligand584-0
190,ZALRIN__ligand8774-0
191,ZALRIN__ligand993-0
192,ZALRIN__ligand294-0
193,ZALRIN__ligand331-0
194,ZALRIN__ligand109-0
195,ZALRIN__ligand525-0
196,ZALRIN__ligand560-0
197,ZALRIN__ligand7464-0
198,ZALRIN__ligand1598-0
199,ZALRIN__ligand390-0
200,ZALRIN__ligand11730-0
201,ZALRIN__ligand1248-0
202,ZALRIN__ligand4303-0
203,ZALRIN__ligand235-0
204,ZALRIN__ligand6294-0
205,ZALRIN__ligand134-0
206,ZALRIN__ligand932-0
207,ZALRIN__ligand1054-0
208,ZALRIN__ligand85-0
209,ZALRIN__ligand1-0
210,ZALRIN__ligand2142-0
211,ZALRIN__ligand311-0
212,ZALRIN__ligand78-0
213,ZALRIN__ligand9495-0
214,ZALRIN__ligand6151-0
215,ZALRIN__ligand2772-0
216,ZALRIN__ligand6538-0
217,ZALRIN__ligand2864-0
218,ZALRIN__ligand188-0
219,ZALRIN__ligand369-0
220,ZALRIN__ligand444-0
221,ZALRIN__ligand45-0
222,ZALRIN__ligand250-0
223,ZALRIN__ligand5022-0
224,ZALRIN__ligand1169-0
225,ZALRIN__ligand460-0
226,ZALRIN__ligand370-0
227,ZALRIN__ligand2880-0
228,ZALRIN__ligand5941-0
229,ZALRIN__ligand2838-0
230,ZALRIN__ligand1799-0
231,ZALRIN__ligand3838-0
232,ZALRIN__ligand1113-0
233,ZALRIN__ligand830-0
234,ZALRIN__ligand2265-0
235,ZALRIN__ligand6396-0
236,ZALRIN__ligand9027-0
237,ZALRIN__ligand193-0
238,ZALRIN__ligand2794-0
239,ZALRIN__ligand955-0
240,ZALRIN__ligand2345-0
241,ZALRIN__ligand1835-0
242,ZALRIN__ligand252-0
243,ZALRIN__ligand4983-0
244,ZALRIN__ligand1502-0
245,ZALRIN__ligand177-0
246,ZALRIN__ligand934-0
247,ZALRIN__ligand1052-0
248,ZALRIN__ligand1273-0
249,ZALRIN__ligand3-0
250,ZALRIN__ligand851-0
251,ZALRIN__ligand909-0
252,ZALRIN__ligand1114-0
253,ZALRIN__ligand1538-0
254,ZALRIN__ligand210-0
255,ZALRIN__ligand21-0
256,ZALRIN__ligand1228-0
257,ZALRIN__ligand9244-0
258,ZALRIN__ligand1479-0
259,ZALRIN__ligand170-0
260,ZALRIN__ligand1148-0
261,ZALRIN__ligand391-0
262,ZALRIN__ligand40-0
263,ZALRIN__ligand314-0
264,ZALRIN__ligand38-0
265,ZALRIN__ligand3246-0
266,ZALRIN__ligand481-0
267,ZALRIN__ligand4-0
268,ZALRIN__ligand6-0
269,ZALRIN__ligand3145-0
270,ZALRIN__ligand353-0
271,ZALRIN__ligand7915-0
272,ZALRIN__ligand5548-0
273,ZALRIN__ligand1747-0
274,ZALRIN__ligand6686-0
275,ZALRIN__ligand2098-0
276,ZALRIN__ligand6502-0
277,ZALRIN__ligand2863-0
278,ZALRIN__ligand236-0
279,ZALRIN__ligand3178-0
280,ZALRIN__ligand6332-0
281,ZALRIN__ligand3041-0
282,ZALRIN__ligand113-0
283,ZALRIN__ligand422-0
284,ZALRIN__ligand66-0
285,ZALRIN__ligand2634-0
286,ZALRIN__ligand1542-0
287,ZALRIN__ligand196-0
288,ZALRIN__ligand2751-0
289,ZALRIN__ligand502-0
290,ZALRIN__ligand62-0
291,ZALRIN__ligand2259-0
292,ZALRIN__ligand2688-0
293,ZALRIN__ligand682-0
294,ZALRIN__ligand1376-0
295,ZALRIN__ligand2768-0
296,ZALRIN__ligand6277-0
297,ZALRIN__ligand1951-0
298,ZALRIN__ligand1687-0
299,ZALRIN__ligand1706-0
300,ZALRIN__ligand666-0
301,ZALRIN__ligand3734-0
302,ZALRIN__ligand522-0
303,ZALRIN__ligand2629-0
304,ZALRIN__ligand4381-0
305,ZALRIN__ligand86-0
306,ZALRIN__ligand487-0
307,ZALRIN__ligand447-0
308,ZALRIN__ligand133-0
309,ZALRIN__ligand5801-0
310,ZALRIN__ligand3063-0
311,ZALRIN__ligand1438-0
312,ZALRIN__ligand1171-0
313,ZALRIN__ligand485-0
314,ZALRIN__ligand784-0
315,ZALRIN__ligand355-0
316,ZALRIN__ligand291-0
317,ZALRIN__ligand2087-0
318,ZALRIN__ligand1048-0
319,ZALRIN__ligand3757-0
320,ZALRIN__ligand18-0
321,ZALRIN__ligand1685-0
322,ZALRIN__ligand1544-0
323,ZALRIN__ligand1459-0
324,ZALRIN__ligand115-0
