,TMC
0,RINNEH__ligand197-0
1,RINNEH__ligand2255-0
2,RINNEH__ligand296-0
3,RINNEH__ligand66-0
4,RINNEH__ligand4175-0
5,RINNEH__ligand112-0
6,RINNEH__ligand1918-0
7,RINNEH__ligand868-0
8,RINNEH__ligand442-0
9,RINNEH__ligand136-0
10,RINNEH__ligand4370-0
11,RINNEH__ligand2618-0
12,RINNEH__ligand3618-0
13,RINNEH__ligand783-0
14,RINNEH__ligand352-0
15,RINNEH__ligand1436-0
16,RINNEH__ligand560-0
17,RINNEH__ligand525-0
18,RINNEH__ligand40-0
19,RINNEH__ligand1690-0
20,RINNEH__ligand109-0
21,RINNEH__ligand2707-0
22,RINNEH__ligand390-0
23,RINNEH__ligand1551-0
24,RINNEH__ligand38-0
25,RINNEH__ligand932-0
26,RINNEH__ligand134-0
27,RINNEH__ligand2526-0
28,RINNEH__ligand235-0
29,RINNEH__ligand798-0
30,RINNEH__ligand421-0
31,RINNEH__ligand4012-0
32,RINNEH__ligand3196-0
33,RINNEH__ligand916-0
34,RINNEH__ligand584-0
35,RINNEH__ligand2915-0
36,RINNEH__ligand294-0
37,RINNEH__ligand21-0
38,RINNEH__ligand993-0
39,RINNEH__ligand331-0
40,RINNEH__ligand18-0
41,RINNEH__ligand250-0
42,RINNEH__ligand7550-0
43,RINNEH__ligand460-0
44,RINNEH__ligand2762-0
45,RINNEH__ligand370-0
46,RINNEH__ligand1038-0
47,RINNEH__ligand1160-0
48,RINNEH__ligand2253-0
49,RINNEH__ligand2954-0
50,RINNEH__ligand5093-0
51,RINNEH__ligand3890-0
52,RINNEH__ligand311-0
53,RINNEH__ligand4423-0
54,RINNEH__ligand1907-0
55,RINNEH__ligand188-0
56,RINNEH__ligand1285-0
57,RINNEH__ligand1555-0
58,RINNEH__ligand7630-0
59,RINNEH__ligand444-0
60,RINNEH__ligand369-0
61,RINNEH__ligand934-0
62,RINNEH__ligand177-0
63,RINNEH__ligand86-0
64,RINNEH__ligand5758-0
65,RINNEH__ligand3478-0
66,RINNEH__ligand3852-0
67,RINNEH__ligand851-0
68,RINNEH__ligand1818-0
69,RINNEH__ligand7456-0
70,RINNEH__ligand909-0
71,RINNEH__ligand4619-0
72,RINNEH__ligand6143-0
73,RINNEH__ligand5235-0
74,RINNEH__ligand830-0
75,RINNEH__ligand62-0
76,RINNEH__ligand8-0
77,RINNEH__ligand193-0
78,RINNEH__ligand11730-0
79,RINNEH__ligand3251-0
80,RINNEH__ligand252-0
81,RINNEH__ligand9176-0
82,RINNEH__ligand955-0
83,RINNEH__ligand2718-0
84,RINNEH__ligand3070-0
85,RINNEH__ligand3035-0
86,RINNEH__ligand1493-0
87,RINNEH__ligand170-0
88,RINNEH__ligand6571-0
89,RINNEH__ligand391-0
90,RINNEH__ligand2482-0
91,RINNEH__ligand1325-0
92,RINNEH__ligand481-0
93,RINNEH__ligand2442-0
94,RINNEH__ligand314-0
95,RINNEH__ligand1019-0
96,RINNEH__ligand1104-0
97,RINNEH__ligand7414-0
98,RINNEH__ligand5762-0
99,RINNEH__ligand1379-0
100,RINNEH__ligand1221-0
101,RINNEH__ligand1264-0
102,RINNEH__ligand6430-0
103,RINNEH__ligand1299-0
104,RINNEH__ligand210-0
105,RINNEH__ligand2929-0
106,RINNEH__ligand2376-0
107,RINNEH__ligand113-0
108,RINNEH__ligand1919-0
109,RINNEH__ligand422-0
110,RINNEH__ligand2389-0
111,RINNEH__ligand1712-0
112,RINNEH__ligand502-0
113,RINNEH__ligand196-0
114,RINNEH__ligand3579-0
115,RINNEH__ligand67-0
116,RINNEH__ligand2916-0
117,RINNEH__ligand2110-0
118,RINNEH__ligand353-0
119,RINNEH__ligand1858-0
120,RINNEH__ligand8032-0
121,RINNEH__ligand236-0
122,RINNEH__ligand5334-0
123,RINNEH__ligand2480-0
124,RINNEH__ligand4504-0
125,RINNEH__ligand3051-0
126,RINNEH__ligand1898-0
127,RINNEH__ligand2315-0
128,RINNEH__ligand522-0
129,RINNEH__ligand1246-0
130,RINNEH__ligand666-0
131,RINNEH__ligand487-0
132,RINNEH__ligand6166-0
133,RINNEH__ligand447-0
134,RINNEH__ligand2853-0
135,RINNEH__ligand3853-0
136,RINNEH__ligand133-0
137,RINNEH__ligand5089-0
138,RINNEH__ligand2599-0
139,RINNEH__ligand1307-0
140,RINNEH__ligand682-0
141,RINNEH__ligand4894-0
142,RINNEH__ligand1260-0
143,RINNEH__ligand291-0
144,RINNEH__ligand9620-0
145,RINNEH__ligand7514-0
146,RINNEH__ligand3337-0
147,RINNEH__ligand115-0
148,RINNEH__ligand4811-0
149,RINNEH__ligand1449-1
150,RINNEH__ligand1321-0
151,RINNEH__ligand3566-0
152,RINNEH__ligand85-0
153,RINNEH__ligand1178-0
154,RINNEH__ligand78-0
155,RINNEH__ligand45-0
156,RINNEH__ligand784-0
157,RINNEH__ligand355-0
158,RINNEH__ligand485-0
159,RINNEH__ligand1788-0
160,RINNEH__ligand100-0
161,RINNEH__ligand1248-0
162,RINNEH__ligand49-0
163,RINNEH__ligand4303-0
164,RINNEH__ligand244-0
165,RINNEH__ligand201-0
166,RINNEH__ligand1598-0
167,RINNEH__ligand1054-0
168,RINNEH__ligand6294-0
169,RINNEH__ligand321-0
170,RINNEH__ligand10910-0
171,RINNEH__ligand7464-0
172,RINNEH__ligand279-0
173,RINNEH__ligand89-0
174,RINNEH__ligand178-0
175,RINNEH__ligand119-0
176,RINNEH__ligand14530-0
177,RINNEH__ligand3637-0
178,RINNEH__ligand124-0
179,RINNEH__ligand8774-0
180,RINNEH__ligand126-0
181,RINNEH__ligand10479-0
182,RINNEH__ligand92-0
183,RINNEH__ligand1607-0
184,RINNEH__ligand1727-0
185,RINNEH__ligand1152-0
186,RINNEH__ligand17-0
187,RINNEH__ligand10114-0
188,RINNEH__ligand2430-0
189,RINNEH__ligand1703-0
190,RINNEH__ligand366-0
191,RINNEH__ligand861-0
192,RINNEH__ligand612-0
193,RINNEH__ligand2907-0
194,RINNEH__ligand187-0
195,RINNEH__ligand2510-0
196,RINNEH__ligand1567-0
197,RINNEH__ligand2285-0
198,RINNEH__ligand596-0
199,RINNEH__ligand8921-0
200,RINNEH__ligand2862-0
201,RINNEH__ligand1056-0
202,RINNEH__ligand2320-0
203,RINNEH__ligand1273-0
204,RINNEH__ligand1052-0
205,RINNEH__ligand4983-0
206,RINNEH__ligand757-0
207,RINNEH__ligand1835-0
208,RINNEH__ligand2794-0
209,RINNEH__ligand2345-0
210,RINNEH__ligand1-0
211,RINNEH__ligand1502-0
212,RINNEH__ligand6396-0
213,RINNEH__ligand2265-0
214,RINNEH__ligand1113-0
215,RINNEH__ligand797-0
216,RINNEH__ligand9027-0
217,RINNEH__ligand11-0
218,RINNEH__ligand1799-0
219,RINNEH__ligand3838-0
220,RINNEH__ligand2838-0
221,RINNEH__ligand2880-0
222,RINNEH__ligand5941-0
223,RINNEH__ligand384-0
224,RINNEH__ligand120-0
225,RINNEH__ligand3-0
226,RINNEH__ligand5022-0
227,RINNEH__ligand1169-0
228,RINNEH__ligand2864-0
229,RINNEH__ligand240-0
230,RINNEH__ligand141-0
231,RINNEH__ligand2142-0
232,RINNEH__ligand6538-0
233,RINNEH__ligand9495-0
234,RINNEH__ligand2772-0
235,RINNEH__ligand6151-0
236,RINNEH__ligand2751-0
237,RINNEH__ligand3041-0
238,RINNEH__ligand383-0
239,RINNEH__ligand4-0
240,RINNEH__ligand162-0
241,RINNEH__ligand1542-0
242,RINNEH__ligand2634-0
243,RINNEH__ligand226-0
244,RINNEH__ligand2863-0
245,RINNEH__ligand2098-0
246,RINNEH__ligand6502-0
247,RINNEH__ligand6332-0
248,RINNEH__ligand3178-0
249,RINNEH__ligand32-0
250,RINNEH__ligand3145-0
251,RINNEH__ligand1747-0
252,RINNEH__ligand6686-0
253,RINNEH__ligand7915-0
254,RINNEH__ligand5548-0
255,RINNEH__ligand278-0
256,RINNEH__ligand3246-0
257,RINNEH__ligand365-0
258,RINNEH__ligand358-0
259,RINNEH__ligand430-0
260,RINNEH__ligand1479-0
261,RINNEH__ligand48-0
262,RINNEH__ligand669-0
263,RINNEH__ligand1148-0
264,RINNEH__ligand509-0
265,RINNEH__ligand15630-0
266,RINNEH__ligand9244-0
267,RINNEH__ligand91-0
268,RINNEH__ligand29-0
269,RINNEH__ligand10357-0
270,RINNEH__ligand6-0
271,RINNEH__ligand1228-0
272,RINNEH__ligand51-0
273,RINNEH__ligand1538-0
274,RINNEH__ligand670-0
275,RINNEH__ligand118-0
276,RINNEH__ligand571-0
277,RINNEH__ligand1114-0
278,RINNEH__ligand1544-0
279,RINNEH__ligand927-0
280,RINNEH__ligand199-0
281,RINNEH__ligand95-0
282,RINNEH__ligand1459-0
283,RINNEH__ligand3757-0
284,RINNEH__ligand2087-0
285,RINNEH__ligand1048-0
286,RINNEH__ligand575-0
287,RINNEH__ligand55-0
288,RINNEH__ligand1685-0
289,RINNEH__ligand361-0
290,RINNEH__ligand324-0
291,RINNEH__ligand409-0
292,RINNEH__ligand34-0
293,RINNEH__ligand1171-0
294,RINNEH__ligand5801-0
295,RINNEH__ligand105-0
296,RINNEH__ligand140-0
297,RINNEH__ligand3063-0
298,RINNEH__ligand1438-0
299,RINNEH__ligand142-0
300,RINNEH__ligand206-0
301,RINNEH__ligand436-0
302,RINNEH__ligand3734-0
303,RINNEH__ligand821-0
304,RINNEH__ligand1706-0
305,RINNEH__ligand326-0
306,RINNEH__ligand553-0
307,RINNEH__ligand4381-0
308,RINNEH__ligand73-0
309,RINNEH__ligand2629-0
310,RINNEH__ligand283-0
311,RINNEH__ligand6277-0
312,RINNEH__ligand497-0
313,RINNEH__ligand918-0
314,RINNEH__ligand1687-0
315,RINNEH__ligand57-0
316,RINNEH__ligand633-0
317,RINNEH__ligand1951-0
318,RINNEH__ligand532-0
319,RINNEH__ligand2259-0
320,RINNEH__ligand2688-0
321,RINNEH__ligand166-0
322,RINNEH__ligand1376-0
323,RINNEH__ligand838-0
324,RINNEH__ligand2768-0
