,TMC
0,QUVZUD__ligand4894-0
1,QUVZUD__ligand1260-0
2,QUVZUD__ligand9620-0
3,QUVZUD__ligand993-0
4,QUVZUD__ligand294-0
5,QUVZUD__ligand331-0
6,QUVZUD__ligand798-0
7,QUVZUD__ligand421-0
8,QUVZUD__ligand3337-0
9,QUVZUD__ligand7514-0
10,QUVZUD__ligand916-0
11,QUVZUD__ligand584-0
12,QUVZUD__ligand1449-1
13,QUVZUD__ligand4811-0
14,QUVZUD__ligand390-0
15,QUVZUD__ligand3-0
16,QUVZUD__ligand1321-0
17,QUVZUD__ligand235-0
18,QUVZUD__ligand3566-0
19,QUVZUD__ligand134-0
20,QUVZUD__ligand932-0
21,QUVZUD__ligand1178-0
22,QUVZUD__ligand109-0
23,QUVZUD__ligand525-0
24,QUVZUD__ligand560-0
25,QUVZUD__ligand1788-0
26,QUVZUD__ligand1246-0
27,QUVZUD__ligand10357-0
28,QUVZUD__ligand783-0
29,QUVZUD__ligand352-0
30,QUVZUD__ligand15630-0
31,QUVZUD__ligand6166-0
32,QUVZUD__ligand3853-0
33,QUVZUD__ligand2853-0
34,QUVZUD__ligand442-0
35,QUVZUD__ligand868-0
36,QUVZUD__ligand1-0
37,QUVZUD__ligand136-0
38,QUVZUD__ligand5089-0
39,QUVZUD__ligand2599-0
40,QUVZUD__ligand67-0
41,QUVZUD__ligand1307-0
42,QUVZUD__ligand112-0
43,QUVZUD__ligand296-0
44,QUVZUD__ligand197-0
45,QUVZUD__ligand955-0
46,QUVZUD__ligand1919-0
47,QUVZUD__ligand252-0
48,QUVZUD__ligand2389-0
49,QUVZUD__ligand1712-0
50,QUVZUD__ligand830-0
51,QUVZUD__ligand193-0
52,QUVZUD__ligand2110-0
53,QUVZUD__ligand2916-0
54,QUVZUD__ligand3579-0
55,QUVZUD__ligand8032-0
56,QUVZUD__ligand1858-0
57,QUVZUD__ligand851-0
58,QUVZUD__ligand909-0
59,QUVZUD__ligand5334-0
60,QUVZUD__ligand177-0
61,QUVZUD__ligand934-0
62,QUVZUD__ligand2315-0
63,QUVZUD__ligand3051-0
64,QUVZUD__ligand4504-0
65,QUVZUD__ligand2480-0
66,QUVZUD__ligand1898-0
67,QUVZUD__ligand188-0
68,QUVZUD__ligand444-0
69,QUVZUD__ligand1325-0
70,QUVZUD__ligand2482-0
71,QUVZUD__ligand369-0
72,QUVZUD__ligand6571-0
73,QUVZUD__ligand45-0
74,QUVZUD__ligand2442-0
75,QUVZUD__ligand78-0
76,QUVZUD__ligand1019-0
77,QUVZUD__ligand85-0
78,QUVZUD__ligand311-0
79,QUVZUD__ligand7414-0
80,QUVZUD__ligand5762-0
81,QUVZUD__ligand1104-0
82,QUVZUD__ligand1379-0
83,QUVZUD__ligand370-0
84,QUVZUD__ligand6430-0
85,QUVZUD__ligand1299-0
86,QUVZUD__ligand1264-0
87,QUVZUD__ligand1221-0
88,QUVZUD__ligand2929-0
89,QUVZUD__ligand250-0
90,QUVZUD__ligand2376-0
91,QUVZUD__ligand460-0
92,QUVZUD__ligand5758-0
93,QUVZUD__ligand236-0
94,QUVZUD__ligand3852-0
95,QUVZUD__ligand3478-0
96,QUVZUD__ligand1818-0
97,QUVZUD__ligand14530-0
98,QUVZUD__ligand353-0
99,QUVZUD__ligand7456-0
100,QUVZUD__ligand5235-0
101,QUVZUD__ligand6143-0
102,QUVZUD__ligand4619-0
103,QUVZUD__ligand3251-0
104,QUVZUD__ligand196-0
105,QUVZUD__ligand502-0
106,QUVZUD__ligand10910-0
107,QUVZUD__ligand9176-0
108,QUVZUD__ligand113-0
109,QUVZUD__ligand66-0
110,QUVZUD__ligand1493-0
111,QUVZUD__ligand422-0
112,QUVZUD__ligand2718-0
113,QUVZUD__ligand3035-0
114,QUVZUD__ligand3070-0
115,QUVZUD__ligand210-0
116,QUVZUD__ligand10114-0
117,QUVZUD__ligand21-0
118,QUVZUD__ligand7550-0
119,QUVZUD__ligand1038-0
120,QUVZUD__ligand2762-0
121,QUVZUD__ligand5093-0
122,QUVZUD__ligand2954-0
123,QUVZUD__ligand2253-0
124,QUVZUD__ligand1160-0
125,QUVZUD__ligand314-0
126,QUVZUD__ligand3890-0
127,QUVZUD__ligand38-0
128,QUVZUD__ligand10479-0
129,QUVZUD__ligand481-0
130,QUVZUD__ligand1907-0
131,QUVZUD__ligand4423-0
132,QUVZUD__ligand1555-0
133,QUVZUD__ligand1285-0
134,QUVZUD__ligand170-0
135,QUVZUD__ligand391-0
136,QUVZUD__ligand40-0
137,QUVZUD__ligand7630-0
138,QUVZUD__ligand1690-0
139,QUVZUD__ligand485-0
140,QUVZUD__ligand2707-0
141,QUVZUD__ligand784-0
142,QUVZUD__ligand355-0
143,QUVZUD__ligand6-0
144,QUVZUD__ligand2526-0
145,QUVZUD__ligand1551-0
146,QUVZUD__ligand115-0
147,QUVZUD__ligand3196-0
148,QUVZUD__ligand4012-0
149,QUVZUD__ligand291-0
150,QUVZUD__ligand2915-0
151,QUVZUD__ligand18-0
152,QUVZUD__ligand2255-0
153,QUVZUD__ligand4175-0
154,QUVZUD__ligand62-0
155,QUVZUD__ligand1918-0
156,QUVZUD__ligand682-0
157,QUVZUD__ligand4-0
158,QUVZUD__ligand447-0
159,QUVZUD__ligand4370-0
160,QUVZUD__ligand133-0
161,QUVZUD__ligand666-0
162,QUVZUD__ligand3618-0
163,QUVZUD__ligand2618-0
164,QUVZUD__ligand522-0
165,QUVZUD__ligand86-0
166,QUVZUD__ligand1436-0
167,QUVZUD__ligand487-0
168,QUVZUD__ligand596-0
169,QUVZUD__ligand32-0
170,QUVZUD__ligand1706-0
171,QUVZUD__ligand8-0
172,QUVZUD__ligand861-0
173,QUVZUD__ligand3734-0
174,QUVZUD__ligand366-0
175,QUVZUD__ligand187-0
176,QUVZUD__ligand2629-0
177,QUVZUD__ligand612-0
178,QUVZUD__ligand4381-0
179,QUVZUD__ligand6277-0
180,QUVZUD__ligand1951-0
181,QUVZUD__ligand1687-0
182,QUVZUD__ligand126-0
183,QUVZUD__ligand2259-0
184,QUVZUD__ligand2688-0
185,QUVZUD__ligand1376-0
186,QUVZUD__ligand2768-0
187,QUVZUD__ligand124-0
188,QUVZUD__ligand1544-0
189,QUVZUD__ligand1459-0
190,QUVZUD__ligand51-0
191,QUVZUD__ligand2087-0
192,QUVZUD__ligand1048-0
193,QUVZUD__ligand29-0
194,QUVZUD__ligand3757-0
195,QUVZUD__ligand91-0
196,QUVZUD__ligand1685-0
197,QUVZUD__ligand119-0
198,QUVZUD__ligand321-0
199,QUVZUD__ligand48-0
200,QUVZUD__ligand1171-0
201,QUVZUD__ligand178-0
202,QUVZUD__ligand279-0
203,QUVZUD__ligand201-0
204,QUVZUD__ligand244-0
205,QUVZUD__ligand100-0
206,QUVZUD__ligand5801-0
207,QUVZUD__ligand3063-0
208,QUVZUD__ligand1438-0
209,QUVZUD__ligand3246-0
210,QUVZUD__ligand1479-0
211,QUVZUD__ligand34-0
212,QUVZUD__ligand1148-0
213,QUVZUD__ligand141-0
214,QUVZUD__ligand240-0
215,QUVZUD__ligand384-0
216,QUVZUD__ligand55-0
217,QUVZUD__ligand1228-0
218,QUVZUD__ligand9244-0
219,QUVZUD__ligand120-0
220,QUVZUD__ligand1114-0
221,QUVZUD__ligand1538-0
222,QUVZUD__ligand95-0
223,QUVZUD__ligand797-0
224,QUVZUD__ligand2751-0
225,QUVZUD__ligand3041-0
226,QUVZUD__ligand57-0
227,QUVZUD__ligand757-0
228,QUVZUD__ligand2634-0
229,QUVZUD__ligand1542-0
230,QUVZUD__ligand2098-0
231,QUVZUD__ligand6502-0
232,QUVZUD__ligand73-0
233,QUVZUD__ligand2863-0
234,QUVZUD__ligand3178-0
235,QUVZUD__ligand6332-0
236,QUVZUD__ligand3145-0
237,QUVZUD__ligand7915-0
238,QUVZUD__ligand5548-0
239,QUVZUD__ligand1747-0
240,QUVZUD__ligand6686-0
241,QUVZUD__ligand571-0
242,QUVZUD__ligand670-0
243,QUVZUD__ligand118-0
244,QUVZUD__ligand2880-0
245,QUVZUD__ligand5941-0
246,QUVZUD__ligand2838-0
247,QUVZUD__ligand3838-0
248,QUVZUD__ligand1799-0
249,QUVZUD__ligand5022-0
250,QUVZUD__ligand1169-0
251,QUVZUD__ligand509-0
252,QUVZUD__ligand358-0
253,QUVZUD__ligand2864-0
254,QUVZUD__ligand89-0
255,QUVZUD__ligand430-0
256,QUVZUD__ligand669-0
257,QUVZUD__ligand2142-0
258,QUVZUD__ligand278-0
259,QUVZUD__ligand365-0
260,QUVZUD__ligand9495-0
261,QUVZUD__ligand6151-0
262,QUVZUD__ligand2772-0
263,QUVZUD__ligand6538-0
264,QUVZUD__ligand49-0
265,QUVZUD__ligand1273-0
266,QUVZUD__ligand1052-0
267,QUVZUD__ligand2794-0
268,QUVZUD__ligand2345-0
269,QUVZUD__ligand1835-0
270,QUVZUD__ligand17-0
271,QUVZUD__ligand383-0
272,QUVZUD__ligand4983-0
273,QUVZUD__ligand226-0
274,QUVZUD__ligand1502-0
275,QUVZUD__ligand162-0
276,QUVZUD__ligand1113-0
277,QUVZUD__ligand2265-0
278,QUVZUD__ligand6396-0
279,QUVZUD__ligand9027-0
280,QUVZUD__ligand92-0
281,QUVZUD__ligand166-0
282,QUVZUD__ligand1607-0
283,QUVZUD__ligand838-0
284,QUVZUD__ligand497-0
285,QUVZUD__ligand1727-0
286,QUVZUD__ligand532-0
287,QUVZUD__ligand1152-0
288,QUVZUD__ligand918-0
289,QUVZUD__ligand633-0
290,QUVZUD__ligand326-0
291,QUVZUD__ligand1703-0
292,QUVZUD__ligand2430-0
293,QUVZUD__ligand821-0
294,QUVZUD__ligand283-0
295,QUVZUD__ligand553-0
296,QUVZUD__ligand2907-0
297,QUVZUD__ligand2285-0
298,QUVZUD__ligand1567-0
299,QUVZUD__ligand8921-0
300,QUVZUD__ligand206-0
301,QUVZUD__ligand2510-0
302,QUVZUD__ligand142-0
303,QUVZUD__ligand2320-0
304,QUVZUD__ligand1056-0
305,QUVZUD__ligand436-0
306,QUVZUD__ligand2862-0
307,QUVZUD__ligand1598-0
308,QUVZUD__ligand140-0
309,QUVZUD__ligand105-0
310,QUVZUD__ligand1248-0
311,QUVZUD__ligand4303-0
312,QUVZUD__ligand11730-0
313,QUVZUD__ligand6294-0
314,QUVZUD__ligand1054-0
315,QUVZUD__ligand324-0
316,QUVZUD__ligand361-0
317,QUVZUD__ligand409-0
318,QUVZUD__ligand7464-0
319,QUVZUD__ligand575-0
320,QUVZUD__ligand199-0
321,QUVZUD__ligand3637-0
322,QUVZUD__ligand927-0
323,QUVZUD__ligand11-0
324,QUVZUD__ligand8774-0
