,TMC
0,JEXXEQ__ligand868-0
1,JEXXEQ__ligand1260-0
2,JEXXEQ__ligand4894-0
3,JEXXEQ__ligand442-0
4,JEXXEQ__ligand9620-0
5,JEXXEQ__ligand86-0
6,JEXXEQ__ligand136-0
7,JEXXEQ__ligand3337-0
8,JEXXEQ__ligand7514-0
9,JEXXEQ__ligand352-0
10,JEXXEQ__ligand783-0
11,JEXXEQ__ligand1449-1
12,JEXXEQ__ligand4811-0
13,JEXXEQ__ligand1321-0
14,JEXXEQ__ligand197-0
15,JEXXEQ__ligand62-0
16,JEXXEQ__ligand296-0
17,JEXXEQ__ligand3566-0
18,JEXXEQ__ligand1178-0
19,JEXXEQ__ligand112-0
20,JEXXEQ__ligand1788-0
21,JEXXEQ__ligand1246-0
22,JEXXEQ__ligand421-0
23,JEXXEQ__ligand798-0
24,JEXXEQ__ligand18-0
25,JEXXEQ__ligand15630-0
26,JEXXEQ__ligand6166-0
27,JEXXEQ__ligand10357-0
28,JEXXEQ__ligand584-0
29,JEXXEQ__ligand916-0
30,JEXXEQ__ligand294-0
31,JEXXEQ__ligand3853-0
32,JEXXEQ__ligand993-0
33,JEXXEQ__ligand2853-0
34,JEXXEQ__ligand5089-0
35,JEXXEQ__ligand2599-0
36,JEXXEQ__ligand331-0
37,JEXXEQ__ligand560-0
38,JEXXEQ__ligand1307-0
39,JEXXEQ__ligand525-0
40,JEXXEQ__ligand109-0
41,JEXXEQ__ligand390-0
42,JEXXEQ__ligand932-0
43,JEXXEQ__ligand134-0
44,JEXXEQ__ligand235-0
45,JEXXEQ__ligand311-0
46,JEXXEQ__ligand1919-0
47,JEXXEQ__ligand2389-0
48,JEXXEQ__ligand40-0
49,JEXXEQ__ligand188-0
50,JEXXEQ__ligand38-0
51,JEXXEQ__ligand1712-0
52,JEXXEQ__ligand3579-0
53,JEXXEQ__ligand369-0
54,JEXXEQ__ligand2110-0
55,JEXXEQ__ligand2916-0
56,JEXXEQ__ligand444-0
57,JEXXEQ__ligand1858-0
58,JEXXEQ__ligand8032-0
59,JEXXEQ__ligand250-0
60,JEXXEQ__ligand460-0
61,JEXXEQ__ligand370-0
62,JEXXEQ__ligand5334-0
63,JEXXEQ__ligand3051-0
64,JEXXEQ__ligand21-0
65,JEXXEQ__ligand4504-0
66,JEXXEQ__ligand2480-0
67,JEXXEQ__ligand1898-0
68,JEXXEQ__ligand2315-0
69,JEXXEQ__ligand830-0
70,JEXXEQ__ligand6571-0
71,JEXXEQ__ligand1325-0
72,JEXXEQ__ligand193-0
73,JEXXEQ__ligand66-0
74,JEXXEQ__ligand2482-0
75,JEXXEQ__ligand252-0
76,JEXXEQ__ligand2442-0
77,JEXXEQ__ligand955-0
78,JEXXEQ__ligand1019-0
79,JEXXEQ__ligand7414-0
80,JEXXEQ__ligand5762-0
81,JEXXEQ__ligand1104-0
82,JEXXEQ__ligand177-0
83,JEXXEQ__ligand934-0
84,JEXXEQ__ligand1379-0
85,JEXXEQ__ligand1264-0
86,JEXXEQ__ligand1221-0
87,JEXXEQ__ligand6430-0
88,JEXXEQ__ligand1299-0
89,JEXXEQ__ligand851-0
90,JEXXEQ__ligand2929-0
91,JEXXEQ__ligand2376-0
92,JEXXEQ__ligand909-0
93,JEXXEQ__ligand5758-0
94,JEXXEQ__ligand3478-0
95,JEXXEQ__ligand3852-0
96,JEXXEQ__ligand210-0
97,JEXXEQ__ligand1818-0
98,JEXXEQ__ligand14530-0
99,JEXXEQ__ligand7456-0
100,JEXXEQ__ligand85-0
101,JEXXEQ__ligand170-0
102,JEXXEQ__ligand4619-0
103,JEXXEQ__ligand5235-0
104,JEXXEQ__ligand6143-0
105,JEXXEQ__ligand78-0
106,JEXXEQ__ligand391-0
107,JEXXEQ__ligand3251-0
108,JEXXEQ__ligand481-0
109,JEXXEQ__ligand314-0
110,JEXXEQ__ligand10910-0
111,JEXXEQ__ligand9176-0
112,JEXXEQ__ligand2718-0
113,JEXXEQ__ligand45-0
114,JEXXEQ__ligand3035-0
115,JEXXEQ__ligand3070-0
116,JEXXEQ__ligand1493-0
117,JEXXEQ__ligand353-0
118,JEXXEQ__ligand10114-0
119,JEXXEQ__ligand7550-0
120,JEXXEQ__ligand2762-0
121,JEXXEQ__ligand236-0
122,JEXXEQ__ligand1038-0
123,JEXXEQ__ligand2253-0
124,JEXXEQ__ligand1160-0
125,JEXXEQ__ligand5093-0
126,JEXXEQ__ligand2954-0
127,JEXXEQ__ligand8-0
128,JEXXEQ__ligand3890-0
129,JEXXEQ__ligand113-0
130,JEXXEQ__ligand10479-0
131,JEXXEQ__ligand422-0
132,JEXXEQ__ligand4423-0
133,JEXXEQ__ligand1907-0
134,JEXXEQ__ligand1285-0
135,JEXXEQ__ligand1555-0
136,JEXXEQ__ligand502-0
137,JEXXEQ__ligand196-0
138,JEXXEQ__ligand7630-0
139,JEXXEQ__ligand1690-0
140,JEXXEQ__ligand2707-0
141,JEXXEQ__ligand682-0
142,JEXXEQ__ligand67-0
143,JEXXEQ__ligand1551-0
144,JEXXEQ__ligand2526-0
145,JEXXEQ__ligand522-0
146,JEXXEQ__ligand666-0
147,JEXXEQ__ligand3196-0
148,JEXXEQ__ligand487-0
149,JEXXEQ__ligand4012-0
150,JEXXEQ__ligand2915-0
151,JEXXEQ__ligand447-0
152,JEXXEQ__ligand133-0
153,JEXXEQ__ligand2255-0
154,JEXXEQ__ligand4175-0
155,JEXXEQ__ligand355-0
156,JEXXEQ__ligand784-0
157,JEXXEQ__ligand485-0
158,JEXXEQ__ligand1918-0
159,JEXXEQ__ligand291-0
160,JEXXEQ__ligand4370-0
161,JEXXEQ__ligand3618-0
162,JEXXEQ__ligand2618-0
163,JEXXEQ__ligand115-0
164,JEXXEQ__ligand1436-0
165,JEXXEQ__ligand119-0
166,JEXXEQ__ligand11-0
167,JEXXEQ__ligand3734-0
168,JEXXEQ__ligand1706-0
169,JEXXEQ__ligand124-0
170,JEXXEQ__ligand4381-0
171,JEXXEQ__ligand2629-0
172,JEXXEQ__ligand100-0
173,JEXXEQ__ligand6277-0
174,JEXXEQ__ligand244-0
175,JEXXEQ__ligand201-0
176,JEXXEQ__ligand1687-0
177,JEXXEQ__ligand1951-0
178,JEXXEQ__ligand2688-0
179,JEXXEQ__ligand2259-0
180,JEXXEQ__ligand321-0
181,JEXXEQ__ligand1376-0
182,JEXXEQ__ligand279-0
183,JEXXEQ__ligand2768-0
184,JEXXEQ__ligand178-0
185,JEXXEQ__ligand1544-0
186,JEXXEQ__ligand366-0
187,JEXXEQ__ligand861-0
188,JEXXEQ__ligand612-0
189,JEXXEQ__ligand1459-0
190,JEXXEQ__ligand187-0
191,JEXXEQ__ligand3757-0
192,JEXXEQ__ligand596-0
193,JEXXEQ__ligand2087-0
194,JEXXEQ__ligand1048-0
195,JEXXEQ__ligand1685-0
196,JEXXEQ__ligand126-0
197,JEXXEQ__ligand1171-0
198,JEXXEQ__ligand5801-0
199,JEXXEQ__ligand3063-0
200,JEXXEQ__ligand1438-0
201,JEXXEQ__ligand3246-0
202,JEXXEQ__ligand757-0
203,JEXXEQ__ligand92-0
204,JEXXEQ__ligand17-0
205,JEXXEQ__ligand1479-0
206,JEXXEQ__ligand797-0
207,JEXXEQ__ligand1148-0
208,JEXXEQ__ligand9244-0
209,JEXXEQ__ligand4-0
210,JEXXEQ__ligand1228-0
211,JEXXEQ__ligand1538-0
212,JEXXEQ__ligand1114-0
213,JEXXEQ__ligand49-0
214,JEXXEQ__ligand240-0
215,JEXXEQ__ligand2751-0
216,JEXXEQ__ligand141-0
217,JEXXEQ__ligand89-0
218,JEXXEQ__ligand3041-0
219,JEXXEQ__ligand2634-0
220,JEXXEQ__ligand6-0
221,JEXXEQ__ligand1542-0
222,JEXXEQ__ligand2863-0
223,JEXXEQ__ligand2098-0
224,JEXXEQ__ligand6502-0
225,JEXXEQ__ligand6332-0
226,JEXXEQ__ligand3178-0
227,JEXXEQ__ligand3145-0
228,JEXXEQ__ligand384-0
229,JEXXEQ__ligand6686-0
230,JEXXEQ__ligand120-0
231,JEXXEQ__ligand1747-0
232,JEXXEQ__ligand7915-0
233,JEXXEQ__ligand5548-0
234,JEXXEQ__ligand2838-0
235,JEXXEQ__ligand3838-0
236,JEXXEQ__ligand1799-0
237,JEXXEQ__ligand5941-0
238,JEXXEQ__ligand2880-0
239,JEXXEQ__ligand73-0
240,JEXXEQ__ligand1-0
241,JEXXEQ__ligand5022-0
242,JEXXEQ__ligand1169-0
243,JEXXEQ__ligand2864-0
244,JEXXEQ__ligand57-0
245,JEXXEQ__ligand2142-0
246,JEXXEQ__ligand383-0
247,JEXXEQ__ligand6538-0
248,JEXXEQ__ligand162-0
249,JEXXEQ__ligand9495-0
250,JEXXEQ__ligand6151-0
251,JEXXEQ__ligand226-0
252,JEXXEQ__ligand2772-0
253,JEXXEQ__ligand1273-0
254,JEXXEQ__ligand509-0
255,JEXXEQ__ligand95-0
256,JEXXEQ__ligand118-0
257,JEXXEQ__ligand1052-0
258,JEXXEQ__ligand670-0
259,JEXXEQ__ligand55-0
260,JEXXEQ__ligand571-0
261,JEXXEQ__ligand4983-0
262,JEXXEQ__ligand34-0
263,JEXXEQ__ligand278-0
264,JEXXEQ__ligand2345-0
265,JEXXEQ__ligand2794-0
266,JEXXEQ__ligand1835-0
267,JEXXEQ__ligand3-0
268,JEXXEQ__ligand1502-0
269,JEXXEQ__ligand365-0
270,JEXXEQ__ligand430-0
271,JEXXEQ__ligand6396-0
272,JEXXEQ__ligand358-0
273,JEXXEQ__ligand1113-0
274,JEXXEQ__ligand2265-0
275,JEXXEQ__ligand669-0
276,JEXXEQ__ligand9027-0
277,JEXXEQ__ligand409-0
278,JEXXEQ__ligand361-0
279,JEXXEQ__ligand324-0
280,JEXXEQ__ligand1607-0
281,JEXXEQ__ligand48-0
282,JEXXEQ__ligand105-0
283,JEXXEQ__ligand1727-0
284,JEXXEQ__ligand140-0
285,JEXXEQ__ligand1152-0
286,JEXXEQ__ligand91-0
287,JEXXEQ__ligand927-0
288,JEXXEQ__ligand1703-0
289,JEXXEQ__ligand2430-0
290,JEXXEQ__ligand199-0
291,JEXXEQ__ligand29-0
292,JEXXEQ__ligand2907-0
293,JEXXEQ__ligand2510-0
294,JEXXEQ__ligand2285-0
295,JEXXEQ__ligand1567-0
296,JEXXEQ__ligand8921-0
297,JEXXEQ__ligand2862-0
298,JEXXEQ__ligand51-0
299,JEXXEQ__ligand575-0
300,JEXXEQ__ligand2320-0
301,JEXXEQ__ligand1056-0
302,JEXXEQ__ligand1248-0
303,JEXXEQ__ligand4303-0
304,JEXXEQ__ligand1598-0
305,JEXXEQ__ligand497-0
306,JEXXEQ__ligand633-0
307,JEXXEQ__ligand1054-0
308,JEXXEQ__ligand918-0
309,JEXXEQ__ligand532-0
310,JEXXEQ__ligand6294-0
311,JEXXEQ__ligand11730-0
312,JEXXEQ__ligand166-0
313,JEXXEQ__ligand7464-0
314,JEXXEQ__ligand838-0
315,JEXXEQ__ligand142-0
316,JEXXEQ__ligand206-0
317,JEXXEQ__ligand436-0
318,JEXXEQ__ligand821-0
319,JEXXEQ__ligand3637-0
320,JEXXEQ__ligand326-0
321,JEXXEQ__ligand8774-0
322,JEXXEQ__ligand553-0
323,JEXXEQ__ligand32-0
324,JEXXEQ__ligand283-0
