,TMC
0,KIMDOB__ligand113-0
1,KIMDOB__ligand1551-0
2,KIMDOB__ligand89-0
3,KIMDOB__ligand2526-0
4,KIMDOB__ligand422-0
5,KIMDOB__ligand11730-0
6,KIMDOB__ligand49-0
7,KIMDOB__ligand1690-0
8,KIMDOB__ligand2707-0
9,KIMDOB__ligand196-0
10,KIMDOB__ligand502-0
11,KIMDOB__ligand2915-0
12,KIMDOB__ligand353-0
13,KIMDOB__ligand236-0
14,KIMDOB__ligand4012-0
15,KIMDOB__ligand3196-0
16,KIMDOB__ligand170-0
17,KIMDOB__ligand391-0
18,KIMDOB__ligand17-0
19,KIMDOB__ligand1918-0
20,KIMDOB__ligand314-0
21,KIMDOB__ligand2255-0
22,KIMDOB__ligand92-0
23,KIMDOB__ligand481-0
24,KIMDOB__ligand4175-0
25,KIMDOB__ligand3618-0
26,KIMDOB__ligand2618-0
27,KIMDOB__ligand1436-0
28,KIMDOB__ligand210-0
29,KIMDOB__ligand4370-0
30,KIMDOB__ligand291-0
31,KIMDOB__ligand1818-0
32,KIMDOB__ligand7456-0
33,KIMDOB__ligand6-0
34,KIMDOB__ligand5758-0
35,KIMDOB__ligand3478-0
36,KIMDOB__ligand3852-0
37,KIMDOB__ligand115-0
38,KIMDOB__ligand9176-0
39,KIMDOB__ligand2718-0
40,KIMDOB__ligand3070-0
41,KIMDOB__ligand3035-0
42,KIMDOB__ligand1493-0
43,KIMDOB__ligand4619-0
44,KIMDOB__ligand5235-0
45,KIMDOB__ligand6143-0
46,KIMDOB__ligand485-0
47,KIMDOB__ligand784-0
48,KIMDOB__ligand355-0
49,KIMDOB__ligand3251-0
50,KIMDOB__ligand666-0
51,KIMDOB__ligand2762-0
52,KIMDOB__ligand522-0
53,KIMDOB__ligand1038-0
54,KIMDOB__ligand2253-0
55,KIMDOB__ligand1160-0
56,KIMDOB__ligand2954-0
57,KIMDOB__ligand5093-0
58,KIMDOB__ligand487-0
59,KIMDOB__ligand11-0
60,KIMDOB__ligand447-0
61,KIMDOB__ligand7550-0
62,KIMDOB__ligand133-0
63,KIMDOB__ligand1285-0
64,KIMDOB__ligand1555-0
65,KIMDOB__ligand7630-0
66,KIMDOB__ligand682-0
67,KIMDOB__ligand3890-0
68,KIMDOB__ligand4423-0
69,KIMDOB__ligand4-0
70,KIMDOB__ligand1907-0
71,KIMDOB__ligand109-0
72,KIMDOB__ligand1712-0
73,KIMDOB__ligand525-0
74,KIMDOB__ligand560-0
75,KIMDOB__ligand3579-0
76,KIMDOB__ligand2916-0
77,KIMDOB__ligand2110-0
78,KIMDOB__ligand390-0
79,KIMDOB__ligand1919-0
80,KIMDOB__ligand235-0
81,KIMDOB__ligand2389-0
82,KIMDOB__ligand134-0
83,KIMDOB__ligand932-0
84,KIMDOB__ligand32-0
85,KIMDOB__ligand421-0
86,KIMDOB__ligand798-0
87,KIMDOB__ligand5334-0
88,KIMDOB__ligand4504-0
89,KIMDOB__ligand3051-0
90,KIMDOB__ligand2480-0
91,KIMDOB__ligand1898-0
92,KIMDOB__ligand916-0
93,KIMDOB__ligand584-0
94,KIMDOB__ligand2315-0
95,KIMDOB__ligand993-0
96,KIMDOB__ligand1858-0
97,KIMDOB__ligand294-0
98,KIMDOB__ligand8032-0
99,KIMDOB__ligand3-0
100,KIMDOB__ligand331-0
101,KIMDOB__ligand296-0
102,KIMDOB__ligand2442-0
103,KIMDOB__ligand1019-0
104,KIMDOB__ligand197-0
105,KIMDOB__ligand1-0
106,KIMDOB__ligand7414-0
107,KIMDOB__ligand5762-0
108,KIMDOB__ligand1104-0
109,KIMDOB__ligand48-0
110,KIMDOB__ligand6571-0
111,KIMDOB__ligand112-0
112,KIMDOB__ligand1325-0
113,KIMDOB__ligand2482-0
114,KIMDOB__ligand51-0
115,KIMDOB__ligand442-0
116,KIMDOB__ligand2929-0
117,KIMDOB__ligand868-0
118,KIMDOB__ligand136-0
119,KIMDOB__ligand2376-0
120,KIMDOB__ligand1379-0
121,KIMDOB__ligand1221-0
122,KIMDOB__ligand1264-0
123,KIMDOB__ligand91-0
124,KIMDOB__ligand6430-0
125,KIMDOB__ligand29-0
126,KIMDOB__ligand1299-0
127,KIMDOB__ligand783-0
128,KIMDOB__ligand352-0
129,KIMDOB__ligand3337-0
130,KIMDOB__ligand7514-0
131,KIMDOB__ligand934-0
132,KIMDOB__ligand177-0
133,KIMDOB__ligand55-0
134,KIMDOB__ligand4811-0
135,KIMDOB__ligand1449-1
136,KIMDOB__ligand4894-0
137,KIMDOB__ligand1260-0
138,KIMDOB__ligand95-0
139,KIMDOB__ligand851-0
140,KIMDOB__ligand9620-0
141,KIMDOB__ligand909-0
142,KIMDOB__ligand830-0
143,KIMDOB__ligand193-0
144,KIMDOB__ligand1788-0
145,KIMDOB__ligand955-0
146,KIMDOB__ligand1321-0
147,KIMDOB__ligand252-0
148,KIMDOB__ligand3566-0
149,KIMDOB__ligand1178-0
150,KIMDOB__ligand34-0
151,KIMDOB__ligand250-0
152,KIMDOB__ligand3853-0
153,KIMDOB__ligand2853-0
154,KIMDOB__ligand5089-0
155,KIMDOB__ligand2599-0
156,KIMDOB__ligand73-0
157,KIMDOB__ligand460-0
158,KIMDOB__ligand370-0
159,KIMDOB__ligand1246-0
160,KIMDOB__ligand6166-0
161,KIMDOB__ligand311-0
162,KIMDOB__ligand1307-0
163,KIMDOB__ligand188-0
164,KIMDOB__ligand369-0
165,KIMDOB__ligand57-0
166,KIMDOB__ligand444-0
167,KIMDOB__ligand1727-0
168,KIMDOB__ligand278-0
169,KIMDOB__ligand1152-0
170,KIMDOB__ligand365-0
171,KIMDOB__ligand430-0
172,KIMDOB__ligand66-0
173,KIMDOB__ligand358-0
174,KIMDOB__ligand1607-0
175,KIMDOB__ligand669-0
176,KIMDOB__ligand2510-0
177,KIMDOB__ligand2285-0
178,KIMDOB__ligand1567-0
179,KIMDOB__ligand8921-0
180,KIMDOB__ligand2862-0
181,KIMDOB__ligand2320-0
182,KIMDOB__ligand509-0
183,KIMDOB__ligand1056-0
184,KIMDOB__ligand1703-0
185,KIMDOB__ligand2430-0
186,KIMDOB__ligand571-0
187,KIMDOB__ligand118-0
188,KIMDOB__ligand670-0
189,KIMDOB__ligand2907-0
190,KIMDOB__ligand38-0
191,KIMDOB__ligand7464-0
192,KIMDOB__ligand1248-0
193,KIMDOB__ligand383-0
194,KIMDOB__ligand4303-0
195,KIMDOB__ligand1598-0
196,KIMDOB__ligand40-0
197,KIMDOB__ligand1054-0
198,KIMDOB__ligand226-0
199,KIMDOB__ligand6294-0
200,KIMDOB__ligand162-0
201,KIMDOB__ligand21-0
202,KIMDOB__ligand3637-0
203,KIMDOB__ligand8774-0
204,KIMDOB__ligand206-0
205,KIMDOB__ligand142-0
206,KIMDOB__ligand5022-0
207,KIMDOB__ligand436-0
208,KIMDOB__ligand1169-0
209,KIMDOB__ligand326-0
210,KIMDOB__ligand18-0
211,KIMDOB__ligand821-0
212,KIMDOB__ligand2838-0
213,KIMDOB__ligand283-0
214,KIMDOB__ligand1799-0
215,KIMDOB__ligand3838-0
216,KIMDOB__ligand2880-0
217,KIMDOB__ligand5941-0
218,KIMDOB__ligand10114-0
219,KIMDOB__ligand553-0
220,KIMDOB__ligand2142-0
221,KIMDOB__ligand497-0
222,KIMDOB__ligand532-0
223,KIMDOB__ligand6538-0
224,KIMDOB__ligand9495-0
225,KIMDOB__ligand633-0
226,KIMDOB__ligand918-0
227,KIMDOB__ligand6151-0
228,KIMDOB__ligand2772-0
229,KIMDOB__ligand2864-0
230,KIMDOB__ligand166-0
231,KIMDOB__ligand10479-0
232,KIMDOB__ligand838-0
233,KIMDOB__ligand1052-0
234,KIMDOB__ligand199-0
235,KIMDOB__ligand927-0
236,KIMDOB__ligand14530-0
237,KIMDOB__ligand86-0
238,KIMDOB__ligand1273-0
239,KIMDOB__ligand575-0
240,KIMDOB__ligand6396-0
241,KIMDOB__ligand1113-0
242,KIMDOB__ligand409-0
243,KIMDOB__ligand2265-0
244,KIMDOB__ligand324-0
245,KIMDOB__ligand361-0
246,KIMDOB__ligand10910-0
247,KIMDOB__ligand9027-0
248,KIMDOB__ligand4983-0
249,KIMDOB__ligand140-0
250,KIMDOB__ligand105-0
251,KIMDOB__ligand2794-0
252,KIMDOB__ligand2345-0
253,KIMDOB__ligand1835-0
254,KIMDOB__ligand62-0
255,KIMDOB__ligand1502-0
256,KIMDOB__ligand126-0
257,KIMDOB__ligand1479-0
258,KIMDOB__ligand1148-0
259,KIMDOB__ligand8-0
260,KIMDOB__ligand3246-0
261,KIMDOB__ligand1538-0
262,KIMDOB__ligand861-0
263,KIMDOB__ligand366-0
264,KIMDOB__ligand1114-0
265,KIMDOB__ligand187-0
266,KIMDOB__ligand612-0
267,KIMDOB__ligand596-0
268,KIMDOB__ligand9244-0
269,KIMDOB__ligand1228-0
270,KIMDOB__ligand201-0
271,KIMDOB__ligand244-0
272,KIMDOB__ligand3041-0
273,KIMDOB__ligand100-0
274,KIMDOB__ligand2634-0
275,KIMDOB__ligand1542-0
276,KIMDOB__ligand67-0
277,KIMDOB__ligand321-0
278,KIMDOB__ligand178-0
279,KIMDOB__ligand2751-0
280,KIMDOB__ligand279-0
281,KIMDOB__ligand3145-0
282,KIMDOB__ligand1747-0
283,KIMDOB__ligand6686-0
284,KIMDOB__ligand119-0
285,KIMDOB__ligand7915-0
286,KIMDOB__ligand5548-0
287,KIMDOB__ligand124-0
288,KIMDOB__ligand2863-0
289,KIMDOB__ligand2098-0
290,KIMDOB__ligand6502-0
291,KIMDOB__ligand6332-0
292,KIMDOB__ligand3178-0
293,KIMDOB__ligand3734-0
294,KIMDOB__ligand1706-0
295,KIMDOB__ligand4381-0
296,KIMDOB__ligand2629-0
297,KIMDOB__ligand384-0
298,KIMDOB__ligand10357-0
299,KIMDOB__ligand15630-0
300,KIMDOB__ligand120-0
301,KIMDOB__ligand2259-0
302,KIMDOB__ligand2688-0
303,KIMDOB__ligand1376-0
304,KIMDOB__ligand141-0
305,KIMDOB__ligand2768-0
306,KIMDOB__ligand240-0
307,KIMDOB__ligand6277-0
308,KIMDOB__ligand1687-0
309,KIMDOB__ligand1951-0
310,KIMDOB__ligand3757-0
311,KIMDOB__ligand2087-0
312,KIMDOB__ligand1048-0
313,KIMDOB__ligand1685-0
314,KIMDOB__ligand1544-0
315,KIMDOB__ligand1459-0
316,KIMDOB__ligand45-0
317,KIMDOB__ligand5801-0
318,KIMDOB__ligand757-0
319,KIMDOB__ligand3063-0
320,KIMDOB__ligand1438-0
321,KIMDOB__ligand85-0
322,KIMDOB__ligand1171-0
323,KIMDOB__ligand78-0
324,KIMDOB__ligand797-0
