,TMC
0,QODXAI__ligand126-0
1,QODXAI__ligand29-0
2,QODXAI__ligand91-0
3,QODXAI__ligand1544-0
4,QODXAI__ligand1459-0
5,QODXAI__ligand1048-0
6,QODXAI__ligand2087-0
7,QODXAI__ligand3757-0
8,QODXAI__ligand1685-0
9,QODXAI__ligand51-0
10,QODXAI__ligand366-0
11,QODXAI__ligand861-0
12,QODXAI__ligand1171-0
13,QODXAI__ligand612-0
14,QODXAI__ligand4-0
15,QODXAI__ligand187-0
16,QODXAI__ligand48-0
17,QODXAI__ligand5801-0
18,QODXAI__ligand596-0
19,QODXAI__ligand1438-0
20,QODXAI__ligand3063-0
21,QODXAI__ligand100-0
22,QODXAI__ligand201-0
23,QODXAI__ligand244-0
24,QODXAI__ligand1706-0
25,QODXAI__ligand3734-0
26,QODXAI__ligand321-0
27,QODXAI__ligand6-0
28,QODXAI__ligand279-0
29,QODXAI__ligand2629-0
30,QODXAI__ligand4381-0
31,QODXAI__ligand32-0
32,QODXAI__ligand178-0
33,QODXAI__ligand6277-0
34,QODXAI__ligand119-0
35,QODXAI__ligand1951-0
36,QODXAI__ligand1687-0
37,QODXAI__ligand124-0
38,QODXAI__ligand2259-0
39,QODXAI__ligand2688-0
40,QODXAI__ligand2768-0
41,QODXAI__ligand1376-0
42,QODXAI__ligand57-0
43,QODXAI__ligand2751-0
44,QODXAI__ligand3041-0
45,QODXAI__ligand384-0
46,QODXAI__ligand120-0
47,QODXAI__ligand2634-0
48,QODXAI__ligand1542-0
49,QODXAI__ligand6502-0
50,QODXAI__ligand2098-0
51,QODXAI__ligand2863-0
52,QODXAI__ligand3178-0
53,QODXAI__ligand240-0
54,QODXAI__ligand141-0
55,QODXAI__ligand6332-0
56,QODXAI__ligand73-0
57,QODXAI__ligand3145-0
58,QODXAI__ligand5548-0
59,QODXAI__ligand7915-0
60,QODXAI__ligand1747-0
61,QODXAI__ligand6686-0
62,QODXAI__ligand34-0
63,QODXAI__ligand3246-0
64,QODXAI__ligand1479-0
65,QODXAI__ligand1148-0
66,QODXAI__ligand757-0
67,QODXAI__ligand1228-0
68,QODXAI__ligand95-0
69,QODXAI__ligand9244-0
70,QODXAI__ligand1114-0
71,QODXAI__ligand55-0
72,QODXAI__ligand1538-0
73,QODXAI__ligand797-0
74,QODXAI__ligand1273-0
75,QODXAI__ligand278-0
76,QODXAI__ligand365-0
77,QODXAI__ligand430-0
78,QODXAI__ligand358-0
79,QODXAI__ligand1052-0
80,QODXAI__ligand669-0
81,QODXAI__ligand2794-0
82,QODXAI__ligand2345-0
83,QODXAI__ligand1835-0
84,QODXAI__ligand4983-0
85,QODXAI__ligand1502-0
86,QODXAI__ligand509-0
87,QODXAI__ligand92-0
88,QODXAI__ligand118-0
89,QODXAI__ligand17-0
90,QODXAI__ligand1113-0
91,QODXAI__ligand670-0
92,QODXAI__ligand2265-0
93,QODXAI__ligand6396-0
94,QODXAI__ligand571-0
95,QODXAI__ligand9027-0
96,QODXAI__ligand2880-0
97,QODXAI__ligand5941-0
98,QODXAI__ligand2838-0
99,QODXAI__ligand3838-0
100,QODXAI__ligand1799-0
101,QODXAI__ligand383-0
102,QODXAI__ligand1169-0
103,QODXAI__ligand162-0
104,QODXAI__ligand5022-0
105,QODXAI__ligand226-0
106,QODXAI__ligand2864-0
107,QODXAI__ligand49-0
108,QODXAI__ligand2142-0
109,QODXAI__ligand89-0
110,QODXAI__ligand11730-0
111,QODXAI__ligand6151-0
112,QODXAI__ligand2772-0
113,QODXAI__ligand9495-0
114,QODXAI__ligand6538-0
115,QODXAI__ligand142-0
116,QODXAI__ligand1598-0
117,QODXAI__ligand206-0
118,QODXAI__ligand4303-0
119,QODXAI__ligand1248-0
120,QODXAI__ligand436-0
121,QODXAI__ligand6294-0
122,QODXAI__ligand1054-0
123,QODXAI__ligand821-0
124,QODXAI__ligand326-0
125,QODXAI__ligand1-0
126,QODXAI__ligand553-0
127,QODXAI__ligand283-0
128,QODXAI__ligand7464-0
129,QODXAI__ligand497-0
130,QODXAI__ligand633-0
131,QODXAI__ligand918-0
132,QODXAI__ligand11-0
133,QODXAI__ligand532-0
134,QODXAI__ligand3637-0
135,QODXAI__ligand166-0
136,QODXAI__ligand838-0
137,QODXAI__ligand8774-0
138,QODXAI__ligand927-0
139,QODXAI__ligand1607-0
140,QODXAI__ligand199-0
141,QODXAI__ligand1727-0
142,QODXAI__ligand575-0
143,QODXAI__ligand1152-0
144,QODXAI__ligand409-0
145,QODXAI__ligand324-0
146,QODXAI__ligand361-0
147,QODXAI__ligand1703-0
148,QODXAI__ligand2430-0
149,QODXAI__ligand2907-0
150,QODXAI__ligand3-0
151,QODXAI__ligand8921-0
152,QODXAI__ligand2285-0
153,QODXAI__ligand1567-0
154,QODXAI__ligand140-0
155,QODXAI__ligand105-0
156,QODXAI__ligand2510-0
157,QODXAI__ligand2320-0
158,QODXAI__ligand1056-0
159,QODXAI__ligand2862-0
160,QODXAI__ligand525-0
161,QODXAI__ligand560-0
162,QODXAI__ligand1246-0
163,QODXAI__ligand109-0
164,QODXAI__ligand6166-0
165,QODXAI__ligand3853-0
166,QODXAI__ligand2853-0
167,QODXAI__ligand390-0
168,QODXAI__ligand134-0
169,QODXAI__ligand932-0
170,QODXAI__ligand235-0
171,QODXAI__ligand2599-0
172,QODXAI__ligand5089-0
173,QODXAI__ligand1307-0
174,QODXAI__ligand421-0
175,QODXAI__ligand798-0
176,QODXAI__ligand916-0
177,QODXAI__ligand584-0
178,QODXAI__ligand294-0
179,QODXAI__ligand67-0
180,QODXAI__ligand993-0
181,QODXAI__ligand331-0
182,QODXAI__ligand9620-0
183,QODXAI__ligand197-0
184,QODXAI__ligand4894-0
185,QODXAI__ligand1260-0
186,QODXAI__ligand296-0
187,QODXAI__ligand3337-0
188,QODXAI__ligand7514-0
189,QODXAI__ligand1449-1
190,QODXAI__ligand4811-0
191,QODXAI__ligand112-0
192,QODXAI__ligand868-0
193,QODXAI__ligand1321-0
194,QODXAI__ligand442-0
195,QODXAI__ligand1178-0
196,QODXAI__ligand3566-0
197,QODXAI__ligand136-0
198,QODXAI__ligand1788-0
199,QODXAI__ligand783-0
200,QODXAI__ligand352-0
201,QODXAI__ligand78-0
202,QODXAI__ligand177-0
203,QODXAI__ligand934-0
204,QODXAI__ligand85-0
205,QODXAI__ligand1325-0
206,QODXAI__ligand2482-0
207,QODXAI__ligand6571-0
208,QODXAI__ligand1019-0
209,QODXAI__ligand2442-0
210,QODXAI__ligand851-0
211,QODXAI__ligand5762-0
212,QODXAI__ligand7414-0
213,QODXAI__ligand1104-0
214,QODXAI__ligand909-0
215,QODXAI__ligand45-0
216,QODXAI__ligand1379-0
217,QODXAI__ligand830-0
218,QODXAI__ligand1299-0
219,QODXAI__ligand6430-0
220,QODXAI__ligand193-0
221,QODXAI__ligand1264-0
222,QODXAI__ligand1221-0
223,QODXAI__ligand252-0
224,QODXAI__ligand2929-0
225,QODXAI__ligand955-0
226,QODXAI__ligand2376-0
227,QODXAI__ligand1919-0
228,QODXAI__ligand250-0
229,QODXAI__ligand460-0
230,QODXAI__ligand2389-0
231,QODXAI__ligand1712-0
232,QODXAI__ligand370-0
233,QODXAI__ligand2110-0
234,QODXAI__ligand2916-0
235,QODXAI__ligand3579-0
236,QODXAI__ligand311-0
237,QODXAI__ligand8032-0
238,QODXAI__ligand1858-0
239,QODXAI__ligand5334-0
240,QODXAI__ligand188-0
241,QODXAI__ligand10357-0
242,QODXAI__ligand2315-0
243,QODXAI__ligand369-0
244,QODXAI__ligand1898-0
245,QODXAI__ligand3051-0
246,QODXAI__ligand4504-0
247,QODXAI__ligand15630-0
248,QODXAI__ligand2480-0
249,QODXAI__ligand444-0
250,QODXAI__ligand113-0
251,QODXAI__ligand422-0
252,QODXAI__ligand7550-0
253,QODXAI__ligand1038-0
254,QODXAI__ligand2762-0
255,QODXAI__ligand196-0
256,QODXAI__ligand5093-0
257,QODXAI__ligand2954-0
258,QODXAI__ligand502-0
259,QODXAI__ligand21-0
260,QODXAI__ligand2253-0
261,QODXAI__ligand1160-0
262,QODXAI__ligand353-0
263,QODXAI__ligand3890-0
264,QODXAI__ligand1907-0
265,QODXAI__ligand40-0
266,QODXAI__ligand4423-0
267,QODXAI__ligand1555-0
268,QODXAI__ligand236-0
269,QODXAI__ligand1285-0
270,QODXAI__ligand38-0
271,QODXAI__ligand7630-0
272,QODXAI__ligand170-0
273,QODXAI__ligand5758-0
274,QODXAI__ligand3852-0
275,QODXAI__ligand3478-0
276,QODXAI__ligand391-0
277,QODXAI__ligand481-0
278,QODXAI__ligand1818-0
279,QODXAI__ligand314-0
280,QODXAI__ligand7456-0
281,QODXAI__ligand5235-0
282,QODXAI__ligand6143-0
283,QODXAI__ligand4619-0
284,QODXAI__ligand3251-0
285,QODXAI__ligand66-0
286,QODXAI__ligand9176-0
287,QODXAI__ligand210-0
288,QODXAI__ligand1493-0
289,QODXAI__ligand3035-0
290,QODXAI__ligand3070-0
291,QODXAI__ligand2718-0
292,QODXAI__ligand10910-0
293,QODXAI__ligand2255-0
294,QODXAI__ligand291-0
295,QODXAI__ligand62-0
296,QODXAI__ligand4175-0
297,QODXAI__ligand1918-0
298,QODXAI__ligand115-0
299,QODXAI__ligand14530-0
300,QODXAI__ligand4370-0
301,QODXAI__ligand86-0
302,QODXAI__ligand3618-0
303,QODXAI__ligand2618-0
304,QODXAI__ligand784-0
305,QODXAI__ligand355-0
306,QODXAI__ligand1436-0
307,QODXAI__ligand485-0
308,QODXAI__ligand522-0
309,QODXAI__ligand1690-0
310,QODXAI__ligand666-0
311,QODXAI__ligand487-0
312,QODXAI__ligand2707-0
313,QODXAI__ligand447-0
314,QODXAI__ligand10479-0
315,QODXAI__ligand133-0
316,QODXAI__ligand2526-0
317,QODXAI__ligand8-0
318,QODXAI__ligand1551-0
319,QODXAI__ligand682-0
320,QODXAI__ligand3196-0
321,QODXAI__ligand4012-0
322,QODXAI__ligand18-0
323,QODXAI__ligand2915-0
324,QODXAI__ligand10114-0
