,TMC
0,CAMFIF__ligand447-0
1,CAMFIF__ligand40-0
2,CAMFIF__ligand133-0
3,CAMFIF__ligand2915-0
4,CAMFIF__ligand522-0
5,CAMFIF__ligand666-0
6,CAMFIF__ligand4012-0
7,CAMFIF__ligand3196-0
8,CAMFIF__ligand38-0
9,CAMFIF__ligand487-0
10,CAMFIF__ligand2526-0
11,CAMFIF__ligand1551-0
12,CAMFIF__ligand2707-0
13,CAMFIF__ligand682-0
14,CAMFIF__ligand1690-0
15,CAMFIF__ligand21-0
16,CAMFIF__ligand1436-0
17,CAMFIF__ligand66-0
18,CAMFIF__ligand115-0
19,CAMFIF__ligand3618-0
20,CAMFIF__ligand2618-0
21,CAMFIF__ligand4370-0
22,CAMFIF__ligand291-0
23,CAMFIF__ligand1918-0
24,CAMFIF__ligand784-0
25,CAMFIF__ligand355-0
26,CAMFIF__ligand485-0
27,CAMFIF__ligand4175-0
28,CAMFIF__ligand2255-0
29,CAMFIF__ligand481-0
30,CAMFIF__ligand1493-0
31,CAMFIF__ligand2718-0
32,CAMFIF__ligand314-0
33,CAMFIF__ligand3070-0
34,CAMFIF__ligand3035-0
35,CAMFIF__ligand86-0
36,CAMFIF__ligand9176-0
37,CAMFIF__ligand170-0
38,CAMFIF__ligand3251-0
39,CAMFIF__ligand5235-0
40,CAMFIF__ligand6143-0
41,CAMFIF__ligand4619-0
42,CAMFIF__ligand391-0
43,CAMFIF__ligand210-0
44,CAMFIF__ligand7456-0
45,CAMFIF__ligand62-0
46,CAMFIF__ligand1818-0
47,CAMFIF__ligand3852-0
48,CAMFIF__ligand11730-0
49,CAMFIF__ligand3478-0
50,CAMFIF__ligand5758-0
51,CAMFIF__ligand7630-0
52,CAMFIF__ligand1555-0
53,CAMFIF__ligand196-0
54,CAMFIF__ligand502-0
55,CAMFIF__ligand1285-0
56,CAMFIF__ligand18-0
57,CAMFIF__ligand113-0
58,CAMFIF__ligand1907-0
59,CAMFIF__ligand4423-0
60,CAMFIF__ligand422-0
61,CAMFIF__ligand3890-0
62,CAMFIF__ligand2954-0
63,CAMFIF__ligand5093-0
64,CAMFIF__ligand236-0
65,CAMFIF__ligand2253-0
66,CAMFIF__ligand1160-0
67,CAMFIF__ligand1038-0
68,CAMFIF__ligand2762-0
69,CAMFIF__ligand353-0
70,CAMFIF__ligand7550-0
71,CAMFIF__ligand2315-0
72,CAMFIF__ligand4504-0
73,CAMFIF__ligand3051-0
74,CAMFIF__ligand2480-0
75,CAMFIF__ligand370-0
76,CAMFIF__ligand1898-0
77,CAMFIF__ligand5334-0
78,CAMFIF__ligand67-0
79,CAMFIF__ligand250-0
80,CAMFIF__ligand460-0
81,CAMFIF__ligand8032-0
82,CAMFIF__ligand1858-0
83,CAMFIF__ligand2916-0
84,CAMFIF__ligand188-0
85,CAMFIF__ligand2110-0
86,CAMFIF__ligand3579-0
87,CAMFIF__ligand1712-0
88,CAMFIF__ligand369-0
89,CAMFIF__ligand444-0
90,CAMFIF__ligand2389-0
91,CAMFIF__ligand311-0
92,CAMFIF__ligand8-0
93,CAMFIF__ligand1919-0
94,CAMFIF__ligand2376-0
95,CAMFIF__ligand851-0
96,CAMFIF__ligand2929-0
97,CAMFIF__ligand909-0
98,CAMFIF__ligand6430-0
99,CAMFIF__ligand1299-0
100,CAMFIF__ligand177-0
101,CAMFIF__ligand934-0
102,CAMFIF__ligand1221-0
103,CAMFIF__ligand1264-0
104,CAMFIF__ligand1379-0
105,CAMFIF__ligand252-0
106,CAMFIF__ligand955-0
107,CAMFIF__ligand7414-0
108,CAMFIF__ligand5762-0
109,CAMFIF__ligand1104-0
110,CAMFIF__ligand2442-0
111,CAMFIF__ligand1019-0
112,CAMFIF__ligand1325-0
113,CAMFIF__ligand2482-0
114,CAMFIF__ligand830-0
115,CAMFIF__ligand6571-0
116,CAMFIF__ligand193-0
117,CAMFIF__ligand1788-0
118,CAMFIF__ligand112-0
119,CAMFIF__ligand197-0
120,CAMFIF__ligand3566-0
121,CAMFIF__ligand296-0
122,CAMFIF__ligand1178-0
123,CAMFIF__ligand1321-0
124,CAMFIF__ligand4811-0
125,CAMFIF__ligand1449-1
126,CAMFIF__ligand78-0
127,CAMFIF__ligand85-0
128,CAMFIF__ligand783-0
129,CAMFIF__ligand352-0
130,CAMFIF__ligand3337-0
131,CAMFIF__ligand7514-0
132,CAMFIF__ligand868-0
133,CAMFIF__ligand442-0
134,CAMFIF__ligand1260-0
135,CAMFIF__ligand4894-0
136,CAMFIF__ligand9620-0
137,CAMFIF__ligand45-0
138,CAMFIF__ligand136-0
139,CAMFIF__ligand390-0
140,CAMFIF__ligand134-0
141,CAMFIF__ligand932-0
142,CAMFIF__ligand235-0
143,CAMFIF__ligand525-0
144,CAMFIF__ligand560-0
145,CAMFIF__ligand109-0
146,CAMFIF__ligand1307-0
147,CAMFIF__ligand294-0
148,CAMFIF__ligand993-0
149,CAMFIF__ligand5089-0
150,CAMFIF__ligand2599-0
151,CAMFIF__ligand3853-0
152,CAMFIF__ligand2853-0
153,CAMFIF__ligand331-0
154,CAMFIF__ligand421-0
155,CAMFIF__ligand798-0
156,CAMFIF__ligand6166-0
157,CAMFIF__ligand1246-0
158,CAMFIF__ligand916-0
159,CAMFIF__ligand584-0
160,CAMFIF__ligand2320-0
161,CAMFIF__ligand1056-0
162,CAMFIF__ligand2862-0
163,CAMFIF__ligand2285-0
164,CAMFIF__ligand1567-0
165,CAMFIF__ligand92-0
166,CAMFIF__ligand575-0
167,CAMFIF__ligand8921-0
168,CAMFIF__ligand2510-0
169,CAMFIF__ligand927-0
170,CAMFIF__ligand17-0
171,CAMFIF__ligand199-0
172,CAMFIF__ligand2907-0
173,CAMFIF__ligand10479-0
174,CAMFIF__ligand1703-0
175,CAMFIF__ligand2430-0
176,CAMFIF__ligand1152-0
177,CAMFIF__ligand140-0
178,CAMFIF__ligand105-0
179,CAMFIF__ligand1727-0
180,CAMFIF__ligand409-0
181,CAMFIF__ligand324-0
182,CAMFIF__ligand361-0
183,CAMFIF__ligand10114-0
184,CAMFIF__ligand1607-0
185,CAMFIF__ligand821-0
186,CAMFIF__ligand326-0
187,CAMFIF__ligand8774-0
188,CAMFIF__ligand3637-0
189,CAMFIF__ligand553-0
190,CAMFIF__ligand10910-0
191,CAMFIF__ligand49-0
192,CAMFIF__ligand283-0
193,CAMFIF__ligand142-0
194,CAMFIF__ligand206-0
195,CAMFIF__ligand89-0
196,CAMFIF__ligand436-0
197,CAMFIF__ligand7464-0
198,CAMFIF__ligand166-0
199,CAMFIF__ligand838-0
200,CAMFIF__ligand14530-0
201,CAMFIF__ligand6294-0
202,CAMFIF__ligand1054-0
203,CAMFIF__ligand497-0
204,CAMFIF__ligand1598-0
205,CAMFIF__ligand633-0
206,CAMFIF__ligand918-0
207,CAMFIF__ligand1248-0
208,CAMFIF__ligand532-0
209,CAMFIF__ligand4303-0
210,CAMFIF__ligand9495-0
211,CAMFIF__ligand6151-0
212,CAMFIF__ligand2772-0
213,CAMFIF__ligand383-0
214,CAMFIF__ligand6538-0
215,CAMFIF__ligand162-0
216,CAMFIF__ligand11-0
217,CAMFIF__ligand2142-0
218,CAMFIF__ligand226-0
219,CAMFIF__ligand2864-0
220,CAMFIF__ligand5022-0
221,CAMFIF__ligand1169-0
222,CAMFIF__ligand5941-0
223,CAMFIF__ligand2880-0
224,CAMFIF__ligand2838-0
225,CAMFIF__ligand1799-0
226,CAMFIF__ligand6-0
227,CAMFIF__ligand3838-0
228,CAMFIF__ligand430-0
229,CAMFIF__ligand9027-0
230,CAMFIF__ligand4-0
231,CAMFIF__ligand358-0
232,CAMFIF__ligand1113-0
233,CAMFIF__ligand2265-0
234,CAMFIF__ligand669-0
235,CAMFIF__ligand6396-0
236,CAMFIF__ligand278-0
237,CAMFIF__ligand1502-0
238,CAMFIF__ligand2345-0
239,CAMFIF__ligand2794-0
240,CAMFIF__ligand1835-0
241,CAMFIF__ligand4983-0
242,CAMFIF__ligand365-0
243,CAMFIF__ligand118-0
244,CAMFIF__ligand670-0
245,CAMFIF__ligand571-0
246,CAMFIF__ligand1052-0
247,CAMFIF__ligand1273-0
248,CAMFIF__ligand509-0
249,CAMFIF__ligand3-0
250,CAMFIF__ligand1114-0
251,CAMFIF__ligand1538-0
252,CAMFIF__ligand1228-0
253,CAMFIF__ligand48-0
254,CAMFIF__ligand9244-0
255,CAMFIF__ligand1148-0
256,CAMFIF__ligand29-0
257,CAMFIF__ligand91-0
258,CAMFIF__ligand1479-0
259,CAMFIF__ligand797-0
260,CAMFIF__ligand757-0
261,CAMFIF__ligand15630-0
262,CAMFIF__ligand10357-0
263,CAMFIF__ligand3246-0
264,CAMFIF__ligand51-0
265,CAMFIF__ligand7915-0
266,CAMFIF__ligand5548-0
267,CAMFIF__ligand6686-0
268,CAMFIF__ligand1747-0
269,CAMFIF__ligand384-0
270,CAMFIF__ligand120-0
271,CAMFIF__ligand3145-0
272,CAMFIF__ligand3178-0
273,CAMFIF__ligand6332-0
274,CAMFIF__ligand2098-0
275,CAMFIF__ligand6502-0
276,CAMFIF__ligand2863-0
277,CAMFIF__ligand2634-0
278,CAMFIF__ligand1542-0
279,CAMFIF__ligand3041-0
280,CAMFIF__ligand1-0
281,CAMFIF__ligand2751-0
282,CAMFIF__ligand240-0
283,CAMFIF__ligand141-0
284,CAMFIF__ligand32-0
285,CAMFIF__ligand1376-0
286,CAMFIF__ligand2768-0
287,CAMFIF__ligand321-0
288,CAMFIF__ligand279-0
289,CAMFIF__ligand2688-0
290,CAMFIF__ligand2259-0
291,CAMFIF__ligand178-0
292,CAMFIF__ligand1951-0
293,CAMFIF__ligand100-0
294,CAMFIF__ligand73-0
295,CAMFIF__ligand1687-0
296,CAMFIF__ligand201-0
297,CAMFIF__ligand244-0
298,CAMFIF__ligand6277-0
299,CAMFIF__ligand2629-0
300,CAMFIF__ligand124-0
301,CAMFIF__ligand57-0
302,CAMFIF__ligand4381-0
303,CAMFIF__ligand1706-0
304,CAMFIF__ligand3734-0
305,CAMFIF__ligand119-0
306,CAMFIF__ligand3063-0
307,CAMFIF__ligand1438-0
308,CAMFIF__ligand95-0
309,CAMFIF__ligand5801-0
310,CAMFIF__ligand1171-0
311,CAMFIF__ligand126-0
312,CAMFIF__ligand55-0
313,CAMFIF__ligand1685-0
314,CAMFIF__ligand596-0
315,CAMFIF__ligand34-0
316,CAMFIF__ligand2087-0
317,CAMFIF__ligand1048-0
318,CAMFIF__ligand3757-0
319,CAMFIF__ligand1459-0
320,CAMFIF__ligand366-0
321,CAMFIF__ligand861-0
322,CAMFIF__ligand612-0
323,CAMFIF__ligand1544-0
324,CAMFIF__ligand187-0
