,TMC
0,XATCEA__ligand5099-0
1,XATCEA__ligand8592-0
2,XATCEA__ligand17240-0
3,XATCEA__ligand1197-0
4,XATCEA__ligand2259-0
5,XATCEA__ligand17590-0
6,XATCEA__ligand1296-0
7,XATCEA__ligand813-0
8,XATCEA__ligand32-0
9,XATCEA__ligand1376-0
10,XATCEA__ligand5510-0
11,XATCEA__ligand314-0
12,XATCEA__ligand780-0
13,XATCEA__ligand9773-0
14,XATCEA__ligand12682-0
15,XATCEA__ligand18699-0
16,XATCEA__ligand391-0
17,XATCEA__ligand5595-0
18,XATCEA__ligand4101-0
19,XATCEA__ligand2221-0
20,XATCEA__ligand618-0
21,XATCEA__ligand13072-0
22,XATCEA__ligand3120-0
23,XATCEA__ligand3926-0
24,XATCEA__ligand12336-0
25,XATCEA__ligand4358-0
26,XATCEA__ligand31483-0
27,XATCEA__ligand10555-0
28,XATCEA__ligand6117-0
29,XATCEA__ligand1407-0
30,XATCEA__ligand5509-0
31,XATCEA__ligand8002-0
32,XATCEA__ligand465-0
33,XATCEA__ligand24613-0
34,XATCEA__ligand7762-0
35,XATCEA__ligand5080-0
36,XATCEA__ligand19725-0
37,XATCEA__ligand314-1
38,XATCEA__ligand21421-0
39,XATCEA__ligand2238-0
40,XATCEA__ligand5304-0
41,XATCEA__ligand11774-0
42,XATCEA__ligand14586-0
43,XATCEA__ligand9167-0
44,XATCEA__ligand1317-0
45,XATCEA__ligand3867-0
46,XATCEA__ligand2822-0
47,XATCEA__ligand7293-0
48,XATCEA__ligand16-0
49,XATCEA__ligand20579-0
50,XATCEA__ligand17710-0
51,XATCEA__ligand3-0
52,XATCEA__ligand11568-0
53,XATCEA__ligand196-0
54,XATCEA__ligand9299-0
55,XATCEA__ligand26277-0
56,XATCEA__ligand29898-0
57,XATCEA__ligand31618-0
58,XATCEA__ligand11432-0
59,XATCEA__ligand10432-0
60,XATCEA__ligand4007-0
61,XATCEA__ligand22755-0
62,XATCEA__ligand2985-0
63,XATCEA__ligand1-0
64,XATCEA__ligand51-0
65,XATCEA__ligand9883-0
66,XATCEA__ligand3677-1
67,XATCEA__ligand7291-0
68,XATCEA__ligand91-0
69,XATCEA__ligand422-0
70,XATCEA__ligand8000-0
71,XATCEA__ligand24064-0
72,XATCEA__ligand3736-0
73,XATCEA__ligand9344-0
74,XATCEA__ligand23589-0
75,XATCEA__ligand2693-0
76,XATCEA__ligand5383-0
77,XATCEA__ligand3945-0
78,XATCEA__ligand15168-0
79,XATCEA__ligand686-0
80,XATCEA__ligand48-0
81,XATCEA__ligand2881-0
82,XATCEA__ligand15438-0
83,XATCEA__ligand28924-0
84,XATCEA__ligand1499-0
85,XATCEA__ligand393-0
86,XATCEA__ligand3712-0
87,XATCEA__ligand1464-0
88,XATCEA__ligand29087-0
89,XATCEA__ligand1211-0
90,XATCEA__ligand18703-0
91,XATCEA__ligand6892-0
92,XATCEA__ligand1294-0
93,XATCEA__ligand25224-0
94,XATCEA__ligand18013-0
95,XATCEA__ligand1168-0
96,XATCEA__ligand17945-0
97,XATCEA__ligand3632-0
98,XATCEA__ligand3677-0
99,XATCEA__ligand31578-0
100,XATCEA__ligand17207-0
101,XATCEA__ligand353-0
102,XATCEA__ligand24750-0
103,XATCEA__ligand6699-0
104,XATCEA__ligand25689-0
105,XATCEA__ligand176-0
106,XATCEA__ligand21787-0
107,XATCEA__ligand25575-0
108,XATCEA__ligand1114-0
109,XATCEA__ligand9284-0
110,XATCEA__ligand3126-0
111,XATCEA__ligand6391-0
112,XATCEA__ligand447-0
113,XATCEA__ligand2417-0
114,XATCEA__ligand27835-0
115,XATCEA__ligand12295-0
116,XATCEA__ligand746-0
117,XATCEA__ligand487-0
118,XATCEA__ligand34-0
119,XATCEA__ligand1832-0
120,XATCEA__ligand23906-0
121,XATCEA__ligand8788-0
122,XATCEA__ligand11166-0
123,XATCEA__ligand21132-0
124,XATCEA__ligand2043-0
125,XATCEA__ligand9943-0
126,XATCEA__ligand30539-0
127,XATCEA__ligand1228-0
128,XATCEA__ligand1604-0
129,XATCEA__ligand12519-0
130,XATCEA__ligand25735-0
131,XATCEA__ligand23124-0
132,XATCEA__ligand11206-0
133,XATCEA__ligand55-0
134,XATCEA__ligand9450-0
135,XATCEA__ligand1599-0
136,XATCEA__ligand506-0
137,XATCEA__ligand2612-0
138,XATCEA__ligand25650-0
139,XATCEA__ligand31248-0
140,XATCEA__ligand2203-0
141,XATCEA__ligand5387-0
142,XATCEA__ligand1289-0
143,XATCEA__ligand152-0
144,XATCEA__ligand12660-0
145,XATCEA__ligand68-0
146,XATCEA__ligand13209-0
147,XATCEA__ligand19257-0
148,XATCEA__ligand115-0
149,XATCEA__ligand4711-0
150,XATCEA__ligand3244-0
151,XATCEA__ligand18799-0
152,XATCEA__ligand2906-0
153,XATCEA__ligand18465-0
154,XATCEA__ligand16791-0
155,XATCEA__ligand28668-0
156,XATCEA__ligand4649-0
157,XATCEA__ligand8793-0
158,XATCEA__ligand2788-0
159,XATCEA__ligand5649-0
160,XATCEA__ligand57-0
161,XATCEA__ligand833-0
162,XATCEA__ligand29610-0
163,XATCEA__ligand5159-0
164,XATCEA__ligand7196-0
165,XATCEA__ligand11140-0
166,XATCEA__ligand9753-0
167,XATCEA__ligand1356-0
168,XATCEA__ligand1787-0
169,XATCEA__ligand5530-0
170,XATCEA__ligand3178-0
171,XATCEA__ligand18074-0
172,XATCEA__ligand4807-0
173,XATCEA__ligand13869-0
174,XATCEA__ligand29863-0
175,XATCEA__ligand5180-0
176,XATCEA__ligand21936-0
177,XATCEA__ligand13257-0
178,XATCEA__ligand784-0
179,XATCEA__ligand23904-0
180,XATCEA__ligand5708-0
181,XATCEA__ligand10084-0
182,XATCEA__ligand25267-0
183,XATCEA__ligand7316-0
184,XATCEA__ligand12467-0
185,XATCEA__ligand6017-0
186,XATCEA__ligand2124-0
187,XATCEA__ligand8612-0
188,XATCEA__ligand7092-0
189,XATCEA__ligand2260-0
190,XATCEA__ligand1153-0
191,XATCEA__ligand3225-0
192,XATCEA__ligand18391-0
193,XATCEA__ligand1116-0
194,XATCEA__ligand27169-0
195,XATCEA__ligand14523-0
196,XATCEA__ligand9323-0
197,XATCEA__ligand395-0
198,XATCEA__ligand7273-0
199,XATCEA__ligand27074-0
200,XATCEA__ligand20599-0
201,XATCEA__ligand368-0
202,XATCEA__ligand7172-0
203,XATCEA__ligand25805-0
204,XATCEA__ligand22981-0
205,XATCEA__ligand24185-0
206,XATCEA__ligand2692-0
207,XATCEA__ligand1618-0
208,XATCEA__ligand23769-0
209,XATCEA__ligand25178-0
210,XATCEA__ligand17302-0
211,XATCEA__ligand4262-0
212,XATCEA__ligand1028-0
213,XATCEA__ligand17805-0
214,XATCEA__ligand1050-0
215,XATCEA__ligand12289-0
216,XATCEA__ligand18292-0
217,XATCEA__ligand1015-0
218,XATCEA__ligand13658-0
219,XATCEA__ligand26702-0
220,XATCEA__ligand17387-0
221,XATCEA__ligand12130-0
222,XATCEA__ligand2027-0
223,XATCEA__ligand12231-0
224,XATCEA__ligand197-0
225,XATCEA__ligand15585-0
226,XATCEA__ligand12401-0
227,XATCEA__ligand24145-0
228,XATCEA__ligand10476-0
229,XATCEA__ligand19830-0
230,XATCEA__ligand13068-0
231,XATCEA__ligand783-0
232,XATCEA__ligand352-0
233,XATCEA__ligand89-0
234,XATCEA__ligand10262-0
235,XATCEA__ligand28676-0
236,XATCEA__ligand27763-0
237,XATCEA__ligand18814-0
238,XATCEA__ligand19057-0
239,XATCEA__ligand8529-0
240,XATCEA__ligand1169-0
241,XATCEA__ligand29302-0
242,XATCEA__ligand13425-0
243,XATCEA__ligand9615-0
244,XATCEA__ligand14108-0
245,XATCEA__ligand1154-0
246,XATCEA__ligand49-0
247,XATCEA__ligand868-0
248,XATCEA__ligand4596-0
249,XATCEA__ligand12641-0
250,XATCEA__ligand1498-0
251,XATCEA__ligand10958-0
252,XATCEA__ligand1113-0
253,XATCEA__ligand30296-0
254,XATCEA__ligand17281-0
255,XATCEA__ligand8553-0
256,XATCEA__ligand134-0
257,XATCEA__ligand26540-0
258,XATCEA__ligand12337-0
259,XATCEA__ligand235-0
260,XATCEA__ligand29410-0
261,XATCEA__ligand5201-0
262,XATCEA__ligand30333-0
263,XATCEA__ligand12606-0
264,XATCEA__ligand7566-0
265,XATCEA__ligand27460-0
266,XATCEA__ligand2001-0
267,XATCEA__ligand8593-0
268,XATCEA__ligand560-0
269,XATCEA__ligand12427-0
270,XATCEA__ligand9944-0
271,XATCEA__ligand28468-0
272,XATCEA__ligand20740-0
273,XATCEA__ligand16628-0
274,XATCEA__ligand14723-0
275,XATCEA__ligand27893-0
276,XATCEA__ligand2823-0
277,XATCEA__ligand17-0
278,XATCEA__ligand15422-0
279,XATCEA__ligand12934-0
280,XATCEA__ligand20578-0
281,XATCEA__ligand6995-0
282,XATCEA__ligand19641-0
283,XATCEA__ligand3180-0
284,XATCEA__ligand18832-0
285,XATCEA__ligand27175-0
286,XATCEA__ligand23713-0
287,XATCEA__ligand294-0
288,XATCEA__ligand4340-0
289,XATCEA__ligand2281-0
290,XATCEA__ligand2650-0
291,XATCEA__ligand30988-0
292,XATCEA__ligand14297-0
293,XATCEA__ligand685-0
294,XATCEA__ligand14603-0
295,XATCEA__ligand5415-0
296,XATCEA__ligand17258-0
297,XATCEA__ligand17631-0
298,XATCEA__ligand13012-0
299,XATCEA__ligand26665-0
300,XATCEA__ligand4124-0
301,XATCEA__ligand3471-0
302,XATCEA__ligand4161-0
303,XATCEA__ligand31783-0
304,XATCEA__ligand421-0
305,XATCEA__ligand4795-0
306,XATCEA__ligand3285-0
307,XATCEA__ligand14117-0
308,XATCEA__ligand17261-0
309,XATCEA__ligand1908-0
310,XATCEA__ligand20539-0
311,XATCEA__ligand20251-0
312,XATCEA__ligand30702-0
313,XATCEA__ligand20214-0
314,XATCEA__ligand5630-0
315,XATCEA__ligand370-0
316,XATCEA__ligand1786-0
317,XATCEA__ligand21581-0
318,XATCEA__ligand31097-0
319,XATCEA__ligand29568-0
320,XATCEA__ligand6112-0
321,XATCEA__ligand8042-0
322,XATCEA__ligand7213-0
323,XATCEA__ligand14889-0
324,XATCEA__ligand1397-0
325,XATCEA__ligand30851-0
326,XATCEA__ligand1828-0
327,XATCEA__ligand20419-0
328,XATCEA__ligand5755-0
329,XATCEA__ligand21371-0
330,XATCEA__ligand17118-0
331,XATCEA__ligand4710-0
332,XATCEA__ligand250-0
333,XATCEA__ligand5085-0
334,XATCEA__ligand3144-0
335,XATCEA__ligand28789-0
336,XATCEA__ligand1849-0
337,XATCEA__ligand17398-0
338,XATCEA__ligand20598-0
339,XATCEA__ligand11675-0
340,XATCEA__ligand24047-0
341,XATCEA__ligand10589-0
342,XATCEA__ligand22557-0
343,XATCEA__ligand188-0
344,XATCEA__ligand1216-0
345,XATCEA__ligand20011-0
346,XATCEA__ligand17278-0
347,XATCEA__ligand17982-0
348,XATCEA__ligand29414-0
349,XATCEA__ligand3261-0
350,XATCEA__ligand1152-0
351,XATCEA__ligand5019-0
352,XATCEA__ligand620-0
353,XATCEA__ligand370-1
354,XATCEA__ligand564-0
355,XATCEA__ligand20251-1
356,XATCEA__ligand6663-0
357,XATCEA__ligand5515-0
358,XATCEA__ligand479-0
359,XATCEA__ligand785-0
360,XATCEA__ligand16475-0
361,XATCEA__ligand14703-0
362,XATCEA__ligand311-0
363,XATCEA__ligand1831-0
364,XATCEA__ligand5614-0
365,XATCEA__ligand5280-0
366,XATCEA__ligand14174-0
367,XATCEA__ligand10712-0
368,XATCEA__ligand4063-0
369,XATCEA__ligand909-0
370,XATCEA__ligand11456-0
371,XATCEA__ligand8200-0
372,XATCEA__ligand7438-0
373,XATCEA__ligand25411-0
374,XATCEA__ligand3042-0
375,XATCEA__ligand4207-0
376,XATCEA__ligand31832-0
377,XATCEA__ligand3416-0
378,XATCEA__ligand3453-0
379,XATCEA__ligand13294-0
380,XATCEA__ligand12030-0
381,XATCEA__ligand177-0
382,XATCEA__ligand29879-0
383,XATCEA__ligand14248-0
384,XATCEA__ligand1150-0
385,XATCEA__ligand28884-0
386,XATCEA__ligand1539-0
387,XATCEA__ligand13331-0
388,XATCEA__ligand69-0
389,XATCEA__ligand26810-0
390,XATCEA__ligand27482-0
391,XATCEA__ligand4167-0
392,XATCEA__ligand9491-0
393,XATCEA__ligand13208-0
394,XATCEA__ligand4266-0
395,XATCEA__ligand1400-0
396,XATCEA__ligand252-0
397,XATCEA__ligand1288-0
398,XATCEA__ligand116-0
399,XATCEA__ligand13390-0
400,XATCEA__ligand1149-0
401,XATCEA__ligand3557-0
402,XATCEA__ligand3980-0
403,XATCEA__ligand193-0
404,XATCEA__ligand7075-0
405,XATCEA__ligand372-0
406,XATCEA__ligand9750-0
407,XATCEA__ligand4-0
408,XATCEA__ligand20682-0
409,XATCEA__ligand1817-0
410,XATCEA__ligand6993-0
411,XATCEA__ligand830-0
412,XATCEA__ligand11-0
413,XATCEA__ligand1779-0
414,XATCEA__ligand162-0
415,XATCEA__ligand6455-0
416,XATCEA__ligand6882-0
417,XATCEA__ligand25561-0
418,XATCEA__ligand226-0
419,XATCEA__ligand3934-0
420,XATCEA__ligand11949-0
421,XATCEA__ligand416-0
422,XATCEA__ligand12138-0
423,XATCEA__ligand24780-0
424,XATCEA__ligand2403-0
425,XATCEA__ligand383-0
426,XATCEA__ligand22129-0
427,XATCEA__ligand8-0
428,XATCEA__ligand7530-0
429,XATCEA__ligand1065-0
430,XATCEA__ligand17427-0
431,XATCEA__ligand1449-0
432,XATCEA__ligand3012-0
433,XATCEA__ligand31694-0
434,XATCEA__ligand4332-0
435,XATCEA__ligand9681-0
436,XATCEA__ligand29486-0
437,XATCEA__ligand2830-0
438,XATCEA__ligand11587-0
439,XATCEA__ligand13220-0
440,XATCEA__ligand23175-0
441,XATCEA__ligand5627-0
442,XATCEA__ligand15788-0
443,XATCEA__ligand17396-0
444,XATCEA__ligand1729-0
445,XATCEA__ligand656-0
446,XATCEA__ligand13385-0
447,XATCEA__ligand14569-0
448,XATCEA__ligand5483-0
449,XATCEA__ligand24111-0
450,XATCEA__ligand5316-0
451,XATCEA__ligand22444-0
452,XATCEA__ligand9148-0
453,XATCEA__ligand24644-0
454,XATCEA__ligand696-0
455,XATCEA__ligand10033-0
456,XATCEA__ligand12001-0
457,XATCEA__ligand7529-0
458,XATCEA__ligand30728-0
459,XATCEA__ligand27840-0
460,XATCEA__ligand1415-0
461,XATCEA__ligand6946-0
462,XATCEA__ligand24872-0
463,XATCEA__ligand12003-0
464,XATCEA__ligand3215-0
465,XATCEA__ligand26631-0
466,XATCEA__ligand16148-0
467,XATCEA__ligand694-0
468,XATCEA__ligand21399-0
469,XATCEA__ligand10872-0
470,XATCEA__ligand358-0
471,XATCEA__ligand7107-0
472,XATCEA__ligand430-0
473,XATCEA__ligand29215-0
474,XATCEA__ligand488-0
475,XATCEA__ligand43-0
476,XATCEA__ligand27754-0
477,XATCEA__ligand20695-0
478,XATCEA__ligand28540-0
479,XATCEA__ligand11111-0
480,XATCEA__ligand16369-0
481,XATCEA__ligand6283-0
482,XATCEA__ligand6062-0
483,XATCEA__ligand22403-0
484,XATCEA__ligand5813-0
485,XATCEA__ligand4813-0
486,XATCEA__ligand4738-0
487,XATCEA__ligand11618-0
488,XATCEA__ligand4194-0
489,XATCEA__ligand7532-0
490,XATCEA__ligand67-0
491,XATCEA__ligand670-0
492,XATCEA__ligand571-0
493,XATCEA__ligand26529-0
494,XATCEA__ligand2599-0
495,XATCEA__ligand534-0
496,XATCEA__ligand4330-0
497,XATCEA__ligand3973-0
498,XATCEA__ligand21729-0
499,XATCEA__ligand27239-0
500,XATCEA__ligand1147-0
501,XATCEA__ligand19927-0
502,XATCEA__ligand14043-0
503,XATCEA__ligand2068-0
504,XATCEA__ligand28559-0
505,XATCEA__ligand26324-0
506,XATCEA__ligand7925-0
507,XATCEA__ligand14167-0
508,XATCEA__ligand13477-0
509,XATCEA__ligand3208-0
510,XATCEA__ligand27669-0
511,XATCEA__ligand2208-0
512,XATCEA__ligand588-0
513,XATCEA__ligand30142-0
514,XATCEA__ligand2781-0
515,XATCEA__ligand7573-0
516,XATCEA__ligand3350-0
517,XATCEA__ligand1327-0
518,XATCEA__ligand6672-0
519,XATCEA__ligand9809-0
520,XATCEA__ligand300-0
521,XATCEA__ligand8722-0
522,XATCEA__ligand3029-0
523,XATCEA__ligand23197-0
524,XATCEA__ligand7162-0
525,XATCEA__ligand2328-0
526,XATCEA__ligand4581-0
527,XATCEA__ligand1773-0
528,XATCEA__ligand1900-0
529,XATCEA__ligand27285-0
530,XATCEA__ligand29029-0
531,XATCEA__ligand9197-0
532,XATCEA__ligand199-0
533,XATCEA__ligand1712-0
534,XATCEA__ligand4131-0
535,XATCEA__ligand13672-0
536,XATCEA__ligand28685-0
537,XATCEA__ligand18568-0
538,XATCEA__ligand5892-0
539,XATCEA__ligand5094-0
540,XATCEA__ligand10371-0
541,XATCEA__ligand28459-0
542,XATCEA__ligand1533-0
543,XATCEA__ligand18448-0
544,XATCEA__ligand12453-0
545,XATCEA__ligand324-0
546,XATCEA__ligand361-0
547,XATCEA__ligand19184-0
548,XATCEA__ligand409-0
549,XATCEA__ligand7557-0
550,XATCEA__ligand1496-0
551,XATCEA__ligand1688-0
552,XATCEA__ligand16988-0
553,XATCEA__ligand5357-0
554,XATCEA__ligand3647-0
555,XATCEA__ligand25913-0
556,XATCEA__ligand5056-0
557,XATCEA__ligand4850-0
558,XATCEA__ligand30711-0
559,XATCEA__ligand20207-0
560,XATCEA__ligand1768-0
561,XATCEA__ligand45-0
562,XATCEA__ligand11682-0
563,XATCEA__ligand3871-0
564,XATCEA__ligand1469-0
565,XATCEA__ligand326-0
566,XATCEA__ligand436-0
567,XATCEA__ligand1379-0
568,XATCEA__ligand24035-0
569,XATCEA__ligand2722-0
570,XATCEA__ligand11994-0
571,XATCEA__ligand5935-0
572,XATCEA__ligand31842-0
573,XATCEA__ligand78-0
574,XATCEA__ligand31044-0
575,XATCEA__ligand1165-0
576,XATCEA__ligand16663-0
577,XATCEA__ligand9525-0
578,XATCEA__ligand3157-0
579,XATCEA__ligand692-0
580,XATCEA__ligand14614-0
581,XATCEA__ligand22294-0
582,XATCEA__ligand4911-0
583,XATCEA__ligand1771-0
584,XATCEA__ligand19-0
585,XATCEA__ligand28930-0
586,XATCEA__ligand22168-0
587,XATCEA__ligand3392-0
588,XATCEA__ligand21919-0
589,XATCEA__ligand10056-0
590,XATCEA__ligand12365-0
591,XATCEA__ligand13862-0
592,XATCEA__ligand11357-0
593,XATCEA__ligand5849-0
594,XATCEA__ligand15531-0
595,XATCEA__ligand28743-0
596,XATCEA__ligand2527-0
597,XATCEA__ligand24230-0
598,XATCEA__ligand28810-0
599,XATCEA__ligand11447-0
600,XATCEA__ligand11096-0
601,XATCEA__ligand633-0
602,XATCEA__ligand19792-0
603,XATCEA__ligand10828-0
604,XATCEA__ligand15926-0
605,XATCEA__ligand11970-0
606,XATCEA__ligand1709-0
607,XATCEA__ligand15883-0
608,XATCEA__ligand8464-0
609,XATCEA__ligand497-0
610,XATCEA__ligand24-0
611,XATCEA__ligand8349-0
612,XATCEA__ligand279-0
613,XATCEA__ligand1536-0
614,XATCEA__ligand20731-0
615,XATCEA__ligand1573-0
616,XATCEA__ligand9935-0
617,XATCEA__ligand12413-0
618,XATCEA__ligand185-0
619,XATCEA__ligand29334-0
620,XATCEA__ligand11798-0
621,XATCEA__ligand178-0
622,XATCEA__ligand3504-0
623,XATCEA__ligand1959-0
624,XATCEA__ligand14477-0
625,XATCEA__ligand42-0
626,XATCEA__ligand17069-0
627,XATCEA__ligand4661-0
628,XATCEA__ligand1844-0
629,XATCEA__ligand17445-0
630,XATCEA__ligand3718-0
631,XATCEA__ligand321-0
632,XATCEA__ligand3035-0
633,XATCEA__ligand3876-0
634,XATCEA__ligand1343-0
635,XATCEA__ligand6616-0
636,XATCEA__ligand7106-0
637,XATCEA__ligand29214-0
638,XATCEA__ligand7242-0
639,XATCEA__ligand11544-0
640,XATCEA__ligand11501-0
641,XATCEA__ligand21448-0
642,XATCEA__ligand201-0
643,XATCEA__ligand22357-0
644,XATCEA__ligand1263-0
645,XATCEA__ligand9908-0
646,XATCEA__ligand11758-0
647,XATCEA__ligand3094-0
648,XATCEA__ligand4155-0
649,XATCEA__ligand14007-0
650,XATCEA__ligand18019-1
651,XATCEA__ligand338-0
652,XATCEA__ligand5211-0
653,XATCEA__ligand1202-0
654,XATCEA__ligand3937-0
655,XATCEA__ligand3174-0
656,XATCEA__ligand3131-0
657,XATCEA__ligand27550-0
658,XATCEA__ligand8969-0
659,XATCEA__ligand6839-0
660,XATCEA__ligand4720-0
661,XATCEA__ligand20942-1
662,XATCEA__ligand16956-0
663,XATCEA__ligand14226-0
664,XATCEA__ligand21339-0
665,XATCEA__ligand3565-0
666,XATCEA__ligand5331-0
667,XATCEA__ligand1512-0
668,XATCEA__ligand2485-0
669,XATCEA__ligand23682-0
670,XATCEA__ligand3852-0
671,XATCEA__ligand6919-0
672,XATCEA__ligand29565-0
673,XATCEA__ligand27771-0
674,XATCEA__ligand18158-0
675,XATCEA__ligand66-0
676,XATCEA__ligand7000-0
677,XATCEA__ligand21752-0
678,XATCEA__ligand1982-0
679,XATCEA__ligand6768-0
680,XATCEA__ligand8115-0
681,XATCEA__ligand1285-0
682,XATCEA__ligand845-0
683,XATCEA__ligand14339-0
684,XATCEA__ligand30788-0
685,XATCEA__ligand13691-0
686,XATCEA__ligand4503-0
687,XATCEA__ligand4546-0
688,XATCEA__ligand5256-0
689,XATCEA__ligand2828-0
690,XATCEA__ligand8876-0
691,XATCEA__ligand7648-0
692,XATCEA__ligand9833-0
693,XATCEA__ligand4157-0
694,XATCEA__ligand126-0
695,XATCEA__ligand163-0
696,XATCEA__ligand18757-0
697,XATCEA__ligand24560-0
698,XATCEA__ligand2232-0
699,XATCEA__ligand9291-0
700,XATCEA__ligand20844-0
701,XATCEA__ligand18413-0
702,XATCEA__ligand2176-0
703,XATCEA__ligand24624-0
704,XATCEA__ligand777-0
705,XATCEA__ligand9784-0
706,XATCEA__ligand20557-0
707,XATCEA__ligand30004-0
708,XATCEA__ligand38-0
709,XATCEA__ligand7629-0
710,XATCEA__ligand1451-0
711,XATCEA__ligand4272-0
712,XATCEA__ligand4442-0
713,XATCEA__ligand4093-0
714,XATCEA__ligand3954-0
715,XATCEA__ligand1160-0
716,XATCEA__ligand8699-0
717,XATCEA__ligand941-0
718,XATCEA__ligand596-0
719,XATCEA__ligand9520-0
720,XATCEA__ligand13755-0
721,XATCEA__ligand16133-0
722,XATCEA__ligand657-0
723,XATCEA__ligand27122-0
724,XATCEA__ligand20432-0
725,XATCEA__ligand4016-0
726,XATCEA__ligand6709-0
727,XATCEA__ligand1219-0
728,XATCEA__ligand187-0
729,XATCEA__ligand23445-0
730,XATCEA__ligand7867-0
731,XATCEA__ligand24953-0
732,XATCEA__ligand7280-0
733,XATCEA__ligand21940-0
734,XATCEA__ligand1790-0
735,XATCEA__ligand1304-0
736,XATCEA__ligand25048-0
737,XATCEA__ligand366-0
738,XATCEA__ligand7238-0
739,XATCEA__ligand26673-0
740,XATCEA__ligand3156-0
741,XATCEA__ligand20821-0
742,XATCEA__ligand2915-0
743,XATCEA__ligand693-0
744,XATCEA__ligand11606-0
745,XATCEA__ligand1378-0
746,XATCEA__ligand6244-0
747,XATCEA__ligand31000-0
748,XATCEA__ligand2332-0
749,XATCEA__ligand9441-0
750,XATCEA__ligand11252-0
751,XATCEA__ligand10582-0
752,XATCEA__ligand13260-0
753,XATCEA__ligand9933-0
754,XATCEA__ligand1530-0
755,XATCEA__ligand1575-0
756,XATCEA__ligand19824-0
757,XATCEA__ligand1631-0
758,XATCEA__ligand18067-0
759,XATCEA__ligand8721-0
760,XATCEA__ligand11177-0
761,XATCEA__ligand1324-0
762,XATCEA__ligand15455-0
763,XATCEA__ligand5643-0
764,XATCEA__ligand1823-0
765,XATCEA__ligand5036-0
766,XATCEA__ligand2526-0
767,XATCEA__ligand1615-0
768,XATCEA__ligand31205-0
769,XATCEA__ligand9111-0
770,XATCEA__ligand25658-0
771,XATCEA__ligand9952-0
772,XATCEA__ligand17686-0
773,XATCEA__ligand11814-0
774,XATCEA__ligand9601-0
775,XATCEA__ligand16603-0
776,XATCEA__ligand122-0
777,XATCEA__ligand8992-0
778,XATCEA__ligand4116-0
779,XATCEA__ligand18-0
780,XATCEA__ligand757-0
781,XATCEA__ligand16870-0
782,XATCEA__ligand1018-0
783,XATCEA__ligand3707-0
784,XATCEA__ligand6124-0
785,XATCEA__ligand7967-0
786,XATCEA__ligand11622-0
787,XATCEA__ligand27610-0
788,XATCEA__ligand10479-0
789,XATCEA__ligand3234-0
790,XATCEA__ligand1142-0
791,XATCEA__ligand11479-0
792,XATCEA__ligand29441-0
793,XATCEA__ligand10853-0
794,XATCEA__ligand2028-0
795,XATCEA__ligand8835-0
796,XATCEA__ligand24851-0
797,XATCEA__ligand7126-0
798,XATCEA__ligand14302-0
799,XATCEA__ligand384-0
800,XATCEA__ligand13657-0
801,XATCEA__ligand14347-0
802,XATCEA__ligand20530-0
803,XATCEA__ligand11698-0
804,XATCEA__ligand768-0
805,XATCEA__ligand20220-0
806,XATCEA__ligand4641-0
807,XATCEA__ligand20121-0
808,XATCEA__ligand15387-0
809,XATCEA__ligand16952-0
810,XATCEA__ligand29813-0
811,XATCEA__ligand10151-0
812,XATCEA__ligand4620-0
813,XATCEA__ligand2295-0
814,XATCEA__ligand6067-0
815,XATCEA__ligand1577-0
816,XATCEA__ligand7819-0
817,XATCEA__ligand240-0
818,XATCEA__ligand22353-0
819,XATCEA__ligand2917-0
820,XATCEA__ligand141-0
821,XATCEA__ligand3465-0
822,XATCEA__ligand19906-0
823,XATCEA__ligand19668-0
824,XATCEA__ligand6904-0
825,XATCEA__ligand3721-0
826,XATCEA__ligand6596-0
827,XATCEA__ligand6102-0
