,TMC
0,BOCPUF__ligand4370-0
1,BOCPUF__ligand2618-0
2,BOCPUF__ligand3618-0
3,BOCPUF__ligand485-0
4,BOCPUF__ligand66-0
5,BOCPUF__ligand355-0
6,BOCPUF__ligand784-0
7,BOCPUF__ligand1436-0
8,BOCPUF__ligand291-0
9,BOCPUF__ligand2255-0
10,BOCPUF__ligand4175-0
11,BOCPUF__ligand1918-0
12,BOCPUF__ligand8-0
13,BOCPUF__ligand115-0
14,BOCPUF__ligand38-0
15,BOCPUF__ligand3196-0
16,BOCPUF__ligand4012-0
17,BOCPUF__ligand682-0
18,BOCPUF__ligand2915-0
19,BOCPUF__ligand40-0
20,BOCPUF__ligand666-0
21,BOCPUF__ligand522-0
22,BOCPUF__ligand1690-0
23,BOCPUF__ligand2707-0
24,BOCPUF__ligand21-0
25,BOCPUF__ligand487-0
26,BOCPUF__ligand447-0
27,BOCPUF__ligand1551-0
28,BOCPUF__ligand2526-0
29,BOCPUF__ligand133-0
30,BOCPUF__ligand3890-0
31,BOCPUF__ligand353-0
32,BOCPUF__ligand4423-0
33,BOCPUF__ligand1907-0
34,BOCPUF__ligand1285-0
35,BOCPUF__ligand1555-0
36,BOCPUF__ligand236-0
37,BOCPUF__ligand18-0
38,BOCPUF__ligand7630-0
39,BOCPUF__ligand113-0
40,BOCPUF__ligand7550-0
41,BOCPUF__ligand422-0
42,BOCPUF__ligand2762-0
43,BOCPUF__ligand1038-0
44,BOCPUF__ligand1160-0
45,BOCPUF__ligand11730-0
46,BOCPUF__ligand2253-0
47,BOCPUF__ligand5093-0
48,BOCPUF__ligand2954-0
49,BOCPUF__ligand196-0
50,BOCPUF__ligand502-0
51,BOCPUF__ligand4619-0
52,BOCPUF__ligand6143-0
53,BOCPUF__ligand5235-0
54,BOCPUF__ligand3251-0
55,BOCPUF__ligand9176-0
56,BOCPUF__ligand210-0
57,BOCPUF__ligand2718-0
58,BOCPUF__ligand3035-0
59,BOCPUF__ligand3070-0
60,BOCPUF__ligand86-0
61,BOCPUF__ligand1493-0
62,BOCPUF__ligand170-0
63,BOCPUF__ligand5758-0
64,BOCPUF__ligand3478-0
65,BOCPUF__ligand391-0
66,BOCPUF__ligand3852-0
67,BOCPUF__ligand62-0
68,BOCPUF__ligand314-0
69,BOCPUF__ligand1818-0
70,BOCPUF__ligand481-0
71,BOCPUF__ligand7456-0
72,BOCPUF__ligand830-0
73,BOCPUF__ligand1379-0
74,BOCPUF__ligand1264-0
75,BOCPUF__ligand1221-0
76,BOCPUF__ligand193-0
77,BOCPUF__ligand6430-0
78,BOCPUF__ligand1299-0
79,BOCPUF__ligand955-0
80,BOCPUF__ligand252-0
81,BOCPUF__ligand2929-0
82,BOCPUF__ligand2376-0
83,BOCPUF__ligand177-0
84,BOCPUF__ligand934-0
85,BOCPUF__ligand6571-0
86,BOCPUF__ligand2482-0
87,BOCPUF__ligand1325-0
88,BOCPUF__ligand2442-0
89,BOCPUF__ligand1019-0
90,BOCPUF__ligand851-0
91,BOCPUF__ligand909-0
92,BOCPUF__ligand1104-0
93,BOCPUF__ligand7414-0
94,BOCPUF__ligand5762-0
95,BOCPUF__ligand1858-0
96,BOCPUF__ligand67-0
97,BOCPUF__ligand8032-0
98,BOCPUF__ligand311-0
99,BOCPUF__ligand5334-0
100,BOCPUF__ligand188-0
101,BOCPUF__ligand2480-0
102,BOCPUF__ligand3051-0
103,BOCPUF__ligand4504-0
104,BOCPUF__ligand369-0
105,BOCPUF__ligand444-0
106,BOCPUF__ligand1898-0
107,BOCPUF__ligand2315-0
108,BOCPUF__ligand250-0
109,BOCPUF__ligand1919-0
110,BOCPUF__ligand460-0
111,BOCPUF__ligand2389-0
112,BOCPUF__ligand370-0
113,BOCPUF__ligand1712-0
114,BOCPUF__ligand3579-0
115,BOCPUF__ligand2110-0
116,BOCPUF__ligand2916-0
117,BOCPUF__ligand421-0
118,BOCPUF__ligand1307-0
119,BOCPUF__ligand798-0
120,BOCPUF__ligand584-0
121,BOCPUF__ligand916-0
122,BOCPUF__ligand993-0
123,BOCPUF__ligand294-0
124,BOCPUF__ligand331-0
125,BOCPUF__ligand109-0
126,BOCPUF__ligand1246-0
127,BOCPUF__ligand525-0
128,BOCPUF__ligand560-0
129,BOCPUF__ligand6166-0
130,BOCPUF__ligand390-0
131,BOCPUF__ligand2853-0
132,BOCPUF__ligand3853-0
133,BOCPUF__ligand235-0
134,BOCPUF__ligand5089-0
135,BOCPUF__ligand2599-0
136,BOCPUF__ligand134-0
137,BOCPUF__ligand932-0
138,BOCPUF__ligand442-0
139,BOCPUF__ligand1321-0
140,BOCPUF__ligand868-0
141,BOCPUF__ligand3566-0
142,BOCPUF__ligand136-0
143,BOCPUF__ligand1178-0
144,BOCPUF__ligand352-0
145,BOCPUF__ligand1788-0
146,BOCPUF__ligand783-0
147,BOCPUF__ligand296-0
148,BOCPUF__ligand1260-0
149,BOCPUF__ligand4894-0
150,BOCPUF__ligand9620-0
151,BOCPUF__ligand197-0
152,BOCPUF__ligand45-0
153,BOCPUF__ligand7514-0
154,BOCPUF__ligand3337-0
155,BOCPUF__ligand85-0
156,BOCPUF__ligand78-0
157,BOCPUF__ligand112-0
158,BOCPUF__ligand1449-1
159,BOCPUF__ligand4811-0
160,BOCPUF__ligand89-0
161,BOCPUF__ligand497-0
162,BOCPUF__ligand532-0
163,BOCPUF__ligand633-0
164,BOCPUF__ligand918-0
165,BOCPUF__ligand3-0
166,BOCPUF__ligand166-0
167,BOCPUF__ligand3637-0
168,BOCPUF__ligand10479-0
169,BOCPUF__ligand8774-0
170,BOCPUF__ligand49-0
171,BOCPUF__ligand838-0
172,BOCPUF__ligand1248-0
173,BOCPUF__ligand206-0
174,BOCPUF__ligand4303-0
175,BOCPUF__ligand1598-0
176,BOCPUF__ligand142-0
177,BOCPUF__ligand1054-0
178,BOCPUF__ligand6294-0
179,BOCPUF__ligand436-0
180,BOCPUF__ligand326-0
181,BOCPUF__ligand821-0
182,BOCPUF__ligand10114-0
183,BOCPUF__ligand7464-0
184,BOCPUF__ligand283-0
185,BOCPUF__ligand553-0
186,BOCPUF__ligand2430-0
187,BOCPUF__ligand10910-0
188,BOCPUF__ligand1703-0
189,BOCPUF__ligand409-0
190,BOCPUF__ligand324-0
191,BOCPUF__ligand361-0
192,BOCPUF__ligand17-0
193,BOCPUF__ligand2907-0
194,BOCPUF__ligand2510-0
195,BOCPUF__ligand140-0
196,BOCPUF__ligand105-0
197,BOCPUF__ligand1567-0
198,BOCPUF__ligand2285-0
199,BOCPUF__ligand8921-0
200,BOCPUF__ligand2862-0
201,BOCPUF__ligand92-0
202,BOCPUF__ligand1056-0
203,BOCPUF__ligand2320-0
204,BOCPUF__ligand199-0
205,BOCPUF__ligand14530-0
206,BOCPUF__ligand927-0
207,BOCPUF__ligand1607-0
208,BOCPUF__ligand1727-0
209,BOCPUF__ligand1-0
210,BOCPUF__ligand1152-0
211,BOCPUF__ligand575-0
212,BOCPUF__ligand4983-0
213,BOCPUF__ligand1835-0
214,BOCPUF__ligand2345-0
215,BOCPUF__ligand2794-0
216,BOCPUF__ligand1502-0
217,BOCPUF__ligand509-0
218,BOCPUF__ligand6396-0
219,BOCPUF__ligand571-0
220,BOCPUF__ligand2265-0
221,BOCPUF__ligand118-0
222,BOCPUF__ligand1113-0
223,BOCPUF__ligand670-0
224,BOCPUF__ligand9027-0
225,BOCPUF__ligand1273-0
226,BOCPUF__ligand278-0
227,BOCPUF__ligand365-0
228,BOCPUF__ligand1052-0
229,BOCPUF__ligand430-0
230,BOCPUF__ligand358-0
231,BOCPUF__ligand669-0
232,BOCPUF__ligand2864-0
233,BOCPUF__ligand2142-0
234,BOCPUF__ligand6538-0
235,BOCPUF__ligand9495-0
236,BOCPUF__ligand11-0
237,BOCPUF__ligand2772-0
238,BOCPUF__ligand6151-0
239,BOCPUF__ligand3838-0
240,BOCPUF__ligand1799-0
241,BOCPUF__ligand2838-0
242,BOCPUF__ligand5941-0
243,BOCPUF__ligand2880-0
244,BOCPUF__ligand383-0
245,BOCPUF__ligand226-0
246,BOCPUF__ligand5022-0
247,BOCPUF__ligand1169-0
248,BOCPUF__ligand162-0
249,BOCPUF__ligand2863-0
250,BOCPUF__ligand2098-0
251,BOCPUF__ligand6502-0
252,BOCPUF__ligand6332-0
253,BOCPUF__ligand141-0
254,BOCPUF__ligand3178-0
255,BOCPUF__ligand240-0
256,BOCPUF__ligand3145-0
257,BOCPUF__ligand6686-0
258,BOCPUF__ligand1747-0
259,BOCPUF__ligand7915-0
260,BOCPUF__ligand5548-0
261,BOCPUF__ligand32-0
262,BOCPUF__ligand2751-0
263,BOCPUF__ligand384-0
264,BOCPUF__ligand3041-0
265,BOCPUF__ligand10357-0
266,BOCPUF__ligand1542-0
267,BOCPUF__ligand2634-0
268,BOCPUF__ligand120-0
269,BOCPUF__ligand15630-0
270,BOCPUF__ligand48-0
271,BOCPUF__ligand757-0
272,BOCPUF__ligand9244-0
273,BOCPUF__ligand1228-0
274,BOCPUF__ligand1538-0
275,BOCPUF__ligand1114-0
276,BOCPUF__ligand797-0
277,BOCPUF__ligand3246-0
278,BOCPUF__ligand51-0
279,BOCPUF__ligand91-0
280,BOCPUF__ligand29-0
281,BOCPUF__ligand1479-0
282,BOCPUF__ligand1148-0
283,BOCPUF__ligand861-0
284,BOCPUF__ligand366-0
285,BOCPUF__ligand55-0
286,BOCPUF__ligand187-0
287,BOCPUF__ligand1171-0
288,BOCPUF__ligand612-0
289,BOCPUF__ligand596-0
290,BOCPUF__ligand5801-0
291,BOCPUF__ligand3063-0
292,BOCPUF__ligand1438-0
293,BOCPUF__ligand95-0
294,BOCPUF__ligand1544-0
295,BOCPUF__ligand126-0
296,BOCPUF__ligand1459-0
297,BOCPUF__ligand3757-0
298,BOCPUF__ligand34-0
299,BOCPUF__ligand2087-0
300,BOCPUF__ligand1048-0
301,BOCPUF__ligand6-0
302,BOCPUF__ligand1685-0
303,BOCPUF__ligand6277-0
304,BOCPUF__ligand73-0
305,BOCPUF__ligand1687-0
306,BOCPUF__ligand4-0
307,BOCPUF__ligand119-0
308,BOCPUF__ligand1951-0
309,BOCPUF__ligand2688-0
310,BOCPUF__ligand2259-0
311,BOCPUF__ligand124-0
312,BOCPUF__ligand1376-0
313,BOCPUF__ligand2768-0
314,BOCPUF__ligand201-0
315,BOCPUF__ligand244-0
316,BOCPUF__ligand100-0
317,BOCPUF__ligand3734-0
318,BOCPUF__ligand321-0
319,BOCPUF__ligand57-0
320,BOCPUF__ligand1706-0
321,BOCPUF__ligand178-0
322,BOCPUF__ligand4381-0
323,BOCPUF__ligand2629-0
324,BOCPUF__ligand279-0
