,TMC
0,ZANVIW__ligand2751-0
1,ZANVIW__ligand49-0
2,ZANVIW__ligand124-0
3,ZANVIW__ligand119-0
4,ZANVIW__ligand89-0
5,ZANVIW__ligand3041-0
6,ZANVIW__ligand1542-0
7,ZANVIW__ligand2634-0
8,ZANVIW__ligand2863-0
9,ZANVIW__ligand279-0
10,ZANVIW__ligand6502-0
11,ZANVIW__ligand178-0
12,ZANVIW__ligand2098-0
13,ZANVIW__ligand6332-0
14,ZANVIW__ligand321-0
15,ZANVIW__ligand3178-0
16,ZANVIW__ligand3145-0
17,ZANVIW__ligand100-0
18,ZANVIW__ligand6686-0
19,ZANVIW__ligand1747-0
20,ZANVIW__ligand5548-0
21,ZANVIW__ligand244-0
22,ZANVIW__ligand201-0
23,ZANVIW__ligand7915-0
24,ZANVIW__ligand3246-0
25,ZANVIW__ligand92-0
26,ZANVIW__ligand596-0
27,ZANVIW__ligand612-0
28,ZANVIW__ligand17-0
29,ZANVIW__ligand187-0
30,ZANVIW__ligand1479-0
31,ZANVIW__ligand366-0
32,ZANVIW__ligand861-0
33,ZANVIW__ligand1148-0
34,ZANVIW__ligand9244-0
35,ZANVIW__ligand1228-0
36,ZANVIW__ligand1538-0
37,ZANVIW__ligand1114-0
38,ZANVIW__ligand126-0
39,ZANVIW__ligand797-0
40,ZANVIW__ligand1544-0
41,ZANVIW__ligand1459-0
42,ZANVIW__ligand3757-0
43,ZANVIW__ligand1048-0
44,ZANVIW__ligand2087-0
45,ZANVIW__ligand757-0
46,ZANVIW__ligand1685-0
47,ZANVIW__ligand1171-0
48,ZANVIW__ligand5801-0
49,ZANVIW__ligand4-0
50,ZANVIW__ligand1438-0
51,ZANVIW__ligand3063-0
52,ZANVIW__ligand6-0
53,ZANVIW__ligand11-0
54,ZANVIW__ligand240-0
55,ZANVIW__ligand3734-0
56,ZANVIW__ligand141-0
57,ZANVIW__ligand1706-0
58,ZANVIW__ligand4381-0
59,ZANVIW__ligand15630-0
60,ZANVIW__ligand10357-0
61,ZANVIW__ligand2629-0
62,ZANVIW__ligand6277-0
63,ZANVIW__ligand120-0
64,ZANVIW__ligand1687-0
65,ZANVIW__ligand384-0
66,ZANVIW__ligand1951-0
67,ZANVIW__ligand2688-0
68,ZANVIW__ligand2259-0
69,ZANVIW__ligand2768-0
70,ZANVIW__ligand1376-0
71,ZANVIW__ligand4303-0
72,ZANVIW__ligand1-0
73,ZANVIW__ligand1248-0
74,ZANVIW__ligand1598-0
75,ZANVIW__ligand1054-0
76,ZANVIW__ligand6294-0
77,ZANVIW__ligand7464-0
78,ZANVIW__ligand162-0
79,ZANVIW__ligand226-0
80,ZANVIW__ligand383-0
81,ZANVIW__ligand3637-0
82,ZANVIW__ligand8774-0
83,ZANVIW__ligand32-0
84,ZANVIW__ligand1607-0
85,ZANVIW__ligand670-0
86,ZANVIW__ligand118-0
87,ZANVIW__ligand571-0
88,ZANVIW__ligand509-0
89,ZANVIW__ligand1727-0
90,ZANVIW__ligand48-0
91,ZANVIW__ligand1152-0
92,ZANVIW__ligand29-0
93,ZANVIW__ligand669-0
94,ZANVIW__ligand2430-0
95,ZANVIW__ligand1703-0
96,ZANVIW__ligand91-0
97,ZANVIW__ligand2907-0
98,ZANVIW__ligand358-0
99,ZANVIW__ligand430-0
100,ZANVIW__ligand2510-0
101,ZANVIW__ligand3-0
102,ZANVIW__ligand365-0
103,ZANVIW__ligand8921-0
104,ZANVIW__ligand1567-0
105,ZANVIW__ligand2285-0
106,ZANVIW__ligand278-0
107,ZANVIW__ligand2862-0
108,ZANVIW__ligand1056-0
109,ZANVIW__ligand2320-0
110,ZANVIW__ligand51-0
111,ZANVIW__ligand14530-0
112,ZANVIW__ligand1273-0
113,ZANVIW__ligand95-0
114,ZANVIW__ligand105-0
115,ZANVIW__ligand140-0
116,ZANVIW__ligand1052-0
117,ZANVIW__ligand55-0
118,ZANVIW__ligand361-0
119,ZANVIW__ligand324-0
120,ZANVIW__ligand409-0
121,ZANVIW__ligand575-0
122,ZANVIW__ligand4983-0
123,ZANVIW__ligand10910-0
124,ZANVIW__ligand1835-0
125,ZANVIW__ligand2345-0
126,ZANVIW__ligand2794-0
127,ZANVIW__ligand34-0
128,ZANVIW__ligand1502-0
129,ZANVIW__ligand6396-0
130,ZANVIW__ligand2265-0
131,ZANVIW__ligand1113-0
132,ZANVIW__ligand927-0
133,ZANVIW__ligand199-0
134,ZANVIW__ligand9027-0
135,ZANVIW__ligand838-0
136,ZANVIW__ligand1799-0
137,ZANVIW__ligand3838-0
138,ZANVIW__ligand2838-0
139,ZANVIW__ligand166-0
140,ZANVIW__ligand5941-0
141,ZANVIW__ligand2880-0
142,ZANVIW__ligand10114-0
143,ZANVIW__ligand918-0
144,ZANVIW__ligand73-0
145,ZANVIW__ligand633-0
146,ZANVIW__ligand532-0
147,ZANVIW__ligand497-0
148,ZANVIW__ligand1169-0
149,ZANVIW__ligand5022-0
150,ZANVIW__ligand553-0
151,ZANVIW__ligand2864-0
152,ZANVIW__ligand283-0
153,ZANVIW__ligand57-0
154,ZANVIW__ligand821-0
155,ZANVIW__ligand326-0
156,ZANVIW__ligand10479-0
157,ZANVIW__ligand436-0
158,ZANVIW__ligand2142-0
159,ZANVIW__ligand6538-0
160,ZANVIW__ligand142-0
161,ZANVIW__ligand2772-0
162,ZANVIW__ligand6151-0
163,ZANVIW__ligand9495-0
164,ZANVIW__ligand206-0
165,ZANVIW__ligand352-0
166,ZANVIW__ligand783-0
167,ZANVIW__ligand66-0
168,ZANVIW__ligand6571-0
169,ZANVIW__ligand2482-0
170,ZANVIW__ligand1325-0
171,ZANVIW__ligand136-0
172,ZANVIW__ligand1019-0
173,ZANVIW__ligand2442-0
174,ZANVIW__ligand1104-0
175,ZANVIW__ligand5762-0
176,ZANVIW__ligand7414-0
177,ZANVIW__ligand868-0
178,ZANVIW__ligand442-0
179,ZANVIW__ligand112-0
180,ZANVIW__ligand1379-0
181,ZANVIW__ligand1221-0
182,ZANVIW__ligand1264-0
183,ZANVIW__ligand1299-0
184,ZANVIW__ligand6430-0
185,ZANVIW__ligand2929-0
186,ZANVIW__ligand197-0
187,ZANVIW__ligand296-0
188,ZANVIW__ligand2376-0
189,ZANVIW__ligand331-0
190,ZANVIW__ligand1919-0
191,ZANVIW__ligand40-0
192,ZANVIW__ligand294-0
193,ZANVIW__ligand2389-0
194,ZANVIW__ligand993-0
195,ZANVIW__ligand38-0
196,ZANVIW__ligand584-0
197,ZANVIW__ligand916-0
198,ZANVIW__ligand1712-0
199,ZANVIW__ligand3579-0
200,ZANVIW__ligand798-0
201,ZANVIW__ligand2916-0
202,ZANVIW__ligand2110-0
203,ZANVIW__ligand421-0
204,ZANVIW__ligand932-0
205,ZANVIW__ligand134-0
206,ZANVIW__ligand1858-0
207,ZANVIW__ligand8032-0
208,ZANVIW__ligand235-0
209,ZANVIW__ligand390-0
210,ZANVIW__ligand5334-0
211,ZANVIW__ligand1898-0
212,ZANVIW__ligand560-0
213,ZANVIW__ligand525-0
214,ZANVIW__ligand2480-0
215,ZANVIW__ligand4504-0
216,ZANVIW__ligand3051-0
217,ZANVIW__ligand2315-0
218,ZANVIW__ligand109-0
219,ZANVIW__ligand21-0
220,ZANVIW__ligand444-0
221,ZANVIW__ligand1246-0
222,ZANVIW__ligand369-0
223,ZANVIW__ligand6166-0
224,ZANVIW__ligand188-0
225,ZANVIW__ligand18-0
226,ZANVIW__ligand2853-0
227,ZANVIW__ligand3853-0
228,ZANVIW__ligand311-0
229,ZANVIW__ligand2599-0
230,ZANVIW__ligand5089-0
231,ZANVIW__ligand1307-0
232,ZANVIW__ligand370-0
233,ZANVIW__ligand460-0
234,ZANVIW__ligand250-0
235,ZANVIW__ligand9620-0
236,ZANVIW__ligand1260-0
237,ZANVIW__ligand4894-0
238,ZANVIW__ligand86-0
239,ZANVIW__ligand252-0
240,ZANVIW__ligand955-0
241,ZANVIW__ligand7514-0
242,ZANVIW__ligand3337-0
243,ZANVIW__ligand193-0
244,ZANVIW__ligand4811-0
245,ZANVIW__ligand1449-1
246,ZANVIW__ligand830-0
247,ZANVIW__ligand1321-0
248,ZANVIW__ligand62-0
249,ZANVIW__ligand909-0
250,ZANVIW__ligand1178-0
251,ZANVIW__ligand851-0
252,ZANVIW__ligand3566-0
253,ZANVIW__ligand177-0
254,ZANVIW__ligand934-0
255,ZANVIW__ligand1788-0
256,ZANVIW__ligand2255-0
257,ZANVIW__ligand210-0
258,ZANVIW__ligand4175-0
259,ZANVIW__ligand1918-0
260,ZANVIW__ligand481-0
261,ZANVIW__ligand4370-0
262,ZANVIW__ligand314-0
263,ZANVIW__ligand2618-0
264,ZANVIW__ligand3618-0
265,ZANVIW__ligand391-0
266,ZANVIW__ligand170-0
267,ZANVIW__ligand1436-0
268,ZANVIW__ligand1690-0
269,ZANVIW__ligand8-0
270,ZANVIW__ligand236-0
271,ZANVIW__ligand2707-0
272,ZANVIW__ligand67-0
273,ZANVIW__ligand353-0
274,ZANVIW__ligand1551-0
275,ZANVIW__ligand11730-0
276,ZANVIW__ligand2526-0
277,ZANVIW__ligand502-0
278,ZANVIW__ligand196-0
279,ZANVIW__ligand4012-0
280,ZANVIW__ligand3196-0
281,ZANVIW__ligand422-0
282,ZANVIW__ligand2915-0
283,ZANVIW__ligand113-0
284,ZANVIW__ligand7550-0
285,ZANVIW__ligand2762-0
286,ZANVIW__ligand682-0
287,ZANVIW__ligand1038-0
288,ZANVIW__ligand1160-0
289,ZANVIW__ligand2253-0
290,ZANVIW__ligand2954-0
291,ZANVIW__ligand5093-0
292,ZANVIW__ligand133-0
293,ZANVIW__ligand3890-0
294,ZANVIW__ligand4423-0
295,ZANVIW__ligand447-0
296,ZANVIW__ligand1907-0
297,ZANVIW__ligand487-0
298,ZANVIW__ligand1285-0
299,ZANVIW__ligand1555-0
300,ZANVIW__ligand7630-0
301,ZANVIW__ligand522-0
302,ZANVIW__ligand666-0
303,ZANVIW__ligand355-0
304,ZANVIW__ligand784-0
305,ZANVIW__ligand485-0
306,ZANVIW__ligand5758-0
307,ZANVIW__ligand3478-0
308,ZANVIW__ligand3852-0
309,ZANVIW__ligand1818-0
310,ZANVIW__ligand7456-0
311,ZANVIW__ligand78-0
312,ZANVIW__ligand115-0
313,ZANVIW__ligand4619-0
314,ZANVIW__ligand6143-0
315,ZANVIW__ligand5235-0
316,ZANVIW__ligand85-0
317,ZANVIW__ligand3251-0
318,ZANVIW__ligand9176-0
319,ZANVIW__ligand3070-0
320,ZANVIW__ligand3035-0
321,ZANVIW__ligand2718-0
322,ZANVIW__ligand45-0
323,ZANVIW__ligand1493-0
324,ZANVIW__ligand291-0
