,TMC
0,LALNER__ligand830-0
1,LALNER__ligand9176-0
2,LALNER__ligand193-0
3,LALNER__ligand2718-0
4,LALNER__ligand3070-0
5,LALNER__ligand3035-0
6,LALNER__ligand1493-0
7,LALNER__ligand4619-0
8,LALNER__ligand955-0
9,LALNER__ligand5235-0
10,LALNER__ligand6143-0
11,LALNER__ligand252-0
12,LALNER__ligand3251-0
13,LALNER__ligand1818-0
14,LALNER__ligand177-0
15,LALNER__ligand934-0
16,LALNER__ligand7456-0
17,LALNER__ligand3-0
18,LALNER__ligand851-0
19,LALNER__ligand5758-0
20,LALNER__ligand909-0
21,LALNER__ligand3478-0
22,LALNER__ligand3852-0
23,LALNER__ligand1285-0
24,LALNER__ligand1555-0
25,LALNER__ligand311-0
26,LALNER__ligand7630-0
27,LALNER__ligand3890-0
28,LALNER__ligand11-0
29,LALNER__ligand188-0
30,LALNER__ligand1-0
31,LALNER__ligand444-0
32,LALNER__ligand369-0
33,LALNER__ligand4423-0
34,LALNER__ligand1907-0
35,LALNER__ligand250-0
36,LALNER__ligand2762-0
37,LALNER__ligand1038-0
38,LALNER__ligand2253-0
39,LALNER__ligand1160-0
40,LALNER__ligand2954-0
41,LALNER__ligand5093-0
42,LALNER__ligand460-0
43,LALNER__ligand370-0
44,LALNER__ligand7550-0
45,LALNER__ligand798-0
46,LALNER__ligand2915-0
47,LALNER__ligand421-0
48,LALNER__ligand916-0
49,LALNER__ligand584-0
50,LALNER__ligand89-0
51,LALNER__ligand993-0
52,LALNER__ligand49-0
53,LALNER__ligand294-0
54,LALNER__ligand4012-0
55,LALNER__ligand3196-0
56,LALNER__ligand331-0
57,LALNER__ligand109-0
58,LALNER__ligand560-0
59,LALNER__ligand525-0
60,LALNER__ligand1551-0
61,LALNER__ligand2526-0
62,LALNER__ligand390-0
63,LALNER__ligand1690-0
64,LALNER__ligand2707-0
65,LALNER__ligand235-0
66,LALNER__ligand932-0
67,LALNER__ligand134-0
68,LALNER__ligand3618-0
69,LALNER__ligand442-0
70,LALNER__ligand2618-0
71,LALNER__ligand868-0
72,LALNER__ligand17-0
73,LALNER__ligand136-0
74,LALNER__ligand1436-0
75,LALNER__ligand92-0
76,LALNER__ligand783-0
77,LALNER__ligand352-0
78,LALNER__ligand4370-0
79,LALNER__ligand296-0
80,LALNER__ligand197-0
81,LALNER__ligand1918-0
82,LALNER__ligand2255-0
83,LALNER__ligand4175-0
84,LALNER__ligand112-0
85,LALNER__ligand55-0
86,LALNER__ligand1788-0
87,LALNER__ligand95-0
88,LALNER__ligand1321-0
89,LALNER__ligand11730-0
90,LALNER__ligand3566-0
91,LALNER__ligand485-0
92,LALNER__ligand1178-0
93,LALNER__ligand784-0
94,LALNER__ligand355-0
95,LALNER__ligand3337-0
96,LALNER__ligand7514-0
97,LALNER__ligand291-0
98,LALNER__ligand4811-0
99,LALNER__ligand1449-1
100,LALNER__ligand4894-0
101,LALNER__ligand1260-0
102,LALNER__ligand9620-0
103,LALNER__ligand34-0
104,LALNER__ligand115-0
105,LALNER__ligand73-0
106,LALNER__ligand682-0
107,LALNER__ligand1307-0
108,LALNER__ligand666-0
109,LALNER__ligand3853-0
110,LALNER__ligand2853-0
111,LALNER__ligand522-0
112,LALNER__ligand2599-0
113,LALNER__ligand5089-0
114,LALNER__ligand487-0
115,LALNER__ligand1246-0
116,LALNER__ligand447-0
117,LALNER__ligand6166-0
118,LALNER__ligand57-0
119,LALNER__ligand133-0
120,LALNER__ligand353-0
121,LALNER__ligand5334-0
122,LALNER__ligand4504-0
123,LALNER__ligand3051-0
124,LALNER__ligand2480-0
125,LALNER__ligand1898-0
126,LALNER__ligand2315-0
127,LALNER__ligand1858-0
128,LALNER__ligand8032-0
129,LALNER__ligand236-0
130,LALNER__ligand6-0
131,LALNER__ligand1712-0
132,LALNER__ligand32-0
133,LALNER__ligand113-0
134,LALNER__ligand3579-0
135,LALNER__ligand422-0
136,LALNER__ligand2916-0
137,LALNER__ligand2110-0
138,LALNER__ligand1919-0
139,LALNER__ligand2389-0
140,LALNER__ligand502-0
141,LALNER__ligand196-0
142,LALNER__ligand2929-0
143,LALNER__ligand48-0
144,LALNER__ligand2376-0
145,LALNER__ligand1379-0
146,LALNER__ligand210-0
147,LALNER__ligand1221-0
148,LALNER__ligand1264-0
149,LALNER__ligand6430-0
150,LALNER__ligand1299-0
151,LALNER__ligand2442-0
152,LALNER__ligand51-0
153,LALNER__ligand1019-0
154,LALNER__ligand170-0
155,LALNER__ligand391-0
156,LALNER__ligand5762-0
157,LALNER__ligand7414-0
158,LALNER__ligand1104-0
159,LALNER__ligand4-0
160,LALNER__ligand314-0
161,LALNER__ligand481-0
162,LALNER__ligand6571-0
163,LALNER__ligand29-0
164,LALNER__ligand91-0
165,LALNER__ligand1325-0
166,LALNER__ligand2482-0
167,LALNER__ligand2142-0
168,LALNER__ligand141-0
169,LALNER__ligand6538-0
170,LALNER__ligand240-0
171,LALNER__ligand9495-0
172,LALNER__ligand6151-0
173,LALNER__ligand2772-0
174,LALNER__ligand2864-0
175,LALNER__ligand18-0
176,LALNER__ligand8-0
177,LALNER__ligand5022-0
178,LALNER__ligand1169-0
179,LALNER__ligand384-0
180,LALNER__ligand2838-0
181,LALNER__ligand1799-0
182,LALNER__ligand3838-0
183,LALNER__ligand2880-0
184,LALNER__ligand5941-0
185,LALNER__ligand120-0
186,LALNER__ligand6396-0
187,LALNER__ligand1113-0
188,LALNER__ligand2265-0
189,LALNER__ligand757-0
190,LALNER__ligand9027-0
191,LALNER__ligand4983-0
192,LALNER__ligand86-0
193,LALNER__ligand2794-0
194,LALNER__ligand2345-0
195,LALNER__ligand1835-0
196,LALNER__ligand797-0
197,LALNER__ligand1502-0
198,LALNER__ligand1052-0
199,LALNER__ligand1273-0
200,LALNER__ligand62-0
201,LALNER__ligand2510-0
202,LALNER__ligand861-0
203,LALNER__ligand2285-0
204,LALNER__ligand1567-0
205,LALNER__ligand8921-0
206,LALNER__ligand366-0
207,LALNER__ligand187-0
208,LALNER__ligand2862-0
209,LALNER__ligand612-0
210,LALNER__ligand2320-0
211,LALNER__ligand1056-0
212,LALNER__ligand1703-0
213,LALNER__ligand10357-0
214,LALNER__ligand2430-0
215,LALNER__ligand596-0
216,LALNER__ligand66-0
217,LALNER__ligand15630-0
218,LALNER__ligand2907-0
219,LALNER__ligand126-0
220,LALNER__ligand1727-0
221,LALNER__ligand1152-0
222,LALNER__ligand1607-0
223,LALNER__ligand3637-0
224,LALNER__ligand8774-0
225,LALNER__ligand119-0
226,LALNER__ligand38-0
227,LALNER__ligand124-0
228,LALNER__ligand40-0
229,LALNER__ligand244-0
230,LALNER__ligand201-0
231,LALNER__ligand100-0
232,LALNER__ligand21-0
233,LALNER__ligand7464-0
234,LALNER__ligand1248-0
235,LALNER__ligand321-0
236,LALNER__ligand4303-0
237,LALNER__ligand1598-0
238,LALNER__ligand178-0
239,LALNER__ligand1054-0
240,LALNER__ligand279-0
241,LALNER__ligand6294-0
242,LALNER__ligand497-0
243,LALNER__ligand2259-0
244,LALNER__ligand2688-0
245,LALNER__ligand1376-0
246,LALNER__ligand2768-0
247,LALNER__ligand532-0
248,LALNER__ligand918-0
249,LALNER__ligand633-0
250,LALNER__ligand166-0
251,LALNER__ligand6277-0
252,LALNER__ligand1687-0
253,LALNER__ligand1951-0
254,LALNER__ligand838-0
255,LALNER__ligand3734-0
256,LALNER__ligand206-0
257,LALNER__ligand1706-0
258,LALNER__ligand142-0
259,LALNER__ligand4381-0
260,LALNER__ligand2629-0
261,LALNER__ligand436-0
262,LALNER__ligand326-0
263,LALNER__ligand821-0
264,LALNER__ligand283-0
265,LALNER__ligand553-0
266,LALNER__ligand5801-0
267,LALNER__ligand361-0
268,LALNER__ligand324-0
269,LALNER__ligand409-0
270,LALNER__ligand3063-0
271,LALNER__ligand1438-0
272,LALNER__ligand105-0
273,LALNER__ligand140-0
274,LALNER__ligand1171-0
275,LALNER__ligand3757-0
276,LALNER__ligand199-0
277,LALNER__ligand2087-0
278,LALNER__ligand927-0
279,LALNER__ligand45-0
280,LALNER__ligand1048-0
281,LALNER__ligand1685-0
282,LALNER__ligand1544-0
283,LALNER__ligand78-0
284,LALNER__ligand85-0
285,LALNER__ligand1459-0
286,LALNER__ligand575-0
287,LALNER__ligand1538-0
288,LALNER__ligand1114-0
289,LALNER__ligand509-0
290,LALNER__ligand571-0
291,LALNER__ligand670-0
292,LALNER__ligand118-0
293,LALNER__ligand9244-0
294,LALNER__ligand10114-0
295,LALNER__ligand1228-0
296,LALNER__ligand278-0
297,LALNER__ligand1479-0
298,LALNER__ligand365-0
299,LALNER__ligand1148-0
300,LALNER__ligand3246-0
301,LALNER__ligand358-0
302,LALNER__ligand430-0
303,LALNER__ligand10479-0
304,LALNER__ligand669-0
305,LALNER__ligand3145-0
306,LALNER__ligand1747-0
307,LALNER__ligand6686-0
308,LALNER__ligand14530-0
309,LALNER__ligand67-0
310,LALNER__ligand7915-0
311,LALNER__ligand5548-0
312,LALNER__ligand2863-0
313,LALNER__ligand2098-0
314,LALNER__ligand6502-0
315,LALNER__ligand6332-0
316,LALNER__ligand3178-0
317,LALNER__ligand3041-0
318,LALNER__ligand2634-0
319,LALNER__ligand10910-0
320,LALNER__ligand1542-0
321,LALNER__ligand383-0
322,LALNER__ligand226-0
323,LALNER__ligand2751-0
324,LALNER__ligand162-0
