,TMC
0,PCTHFC__ligand29215-0
1,PCTHFC__ligand6995-0
2,PCTHFC__ligand2823-0
3,PCTHFC__ligand2650-0
4,PCTHFC__ligand2281-0
5,PCTHFC__ligand4340-0
6,PCTHFC__ligand12003-0
7,PCTHFC__ligand115-0
8,PCTHFC__ligand26631-0
9,PCTHFC__ligand16148-0
10,PCTHFC__ligand21399-0
11,PCTHFC__ligand3180-0
12,PCTHFC__ligand10872-0
13,PCTHFC__ligand32-0
14,PCTHFC__ligand22403-0
15,PCTHFC__ligand5415-0
16,PCTHFC__ligand833-0
17,PCTHFC__ligand27754-0
18,PCTHFC__ligand20695-0
19,PCTHFC__ligand4124-0
20,PCTHFC__ligand28540-0
21,PCTHFC__ligand4161-0
22,PCTHFC__ligand3471-0
23,PCTHFC__ligand11111-0
24,PCTHFC__ligand16369-0
25,PCTHFC__ligand1113-0
26,PCTHFC__ligand26529-0
27,PCTHFC__ligand8553-0
28,PCTHFC__ligand784-0
29,PCTHFC__ligand11618-0
30,PCTHFC__ligand5201-0
31,PCTHFC__ligand2001-0
32,PCTHFC__ligand19927-0
33,PCTHFC__ligand395-0
34,PCTHFC__ligand7566-0
35,PCTHFC__ligand14043-0
36,PCTHFC__ligand368-0
37,PCTHFC__ligand28559-0
38,PCTHFC__ligand26324-0
39,PCTHFC__ligand21729-0
40,PCTHFC__ligand27239-0
41,PCTHFC__ligand16-0
42,PCTHFC__ligand9944-0
43,PCTHFC__ligand8593-0
44,PCTHFC__ligand447-0
45,PCTHFC__ligand11949-0
46,PCTHFC__ligand12138-0
47,PCTHFC__ligand24780-0
48,PCTHFC__ligand746-0
49,PCTHFC__ligand22129-0
50,PCTHFC__ligand25561-0
51,PCTHFC__ligand176-0
52,PCTHFC__ligand8529-0
53,PCTHFC__ligand51-0
54,PCTHFC__ligand1169-0
55,PCTHFC__ligand31694-0
56,PCTHFC__ligand1154-0
57,PCTHFC__ligand9615-0
58,PCTHFC__ligand91-0
59,PCTHFC__ligand29486-0
60,PCTHFC__ligand487-0
61,PCTHFC__ligand17427-0
62,PCTHFC__ligand4596-0
63,PCTHFC__ligand1498-0
64,PCTHFC__ligand13385-0
65,PCTHFC__ligand14569-0
66,PCTHFC__ligand2692-0
67,PCTHFC__ligand24111-0
68,PCTHFC__ligand506-0
69,PCTHFC__ligand48-0
70,PCTHFC__ligand22444-0
71,PCTHFC__ligand1618-0
72,PCTHFC__ligand1028-0
73,PCTHFC__ligand11587-0
74,PCTHFC__ligand13220-0
75,PCTHFC__ligand23175-0
76,PCTHFC__ligand15788-0
77,PCTHFC__ligand17396-0
78,PCTHFC__ligand4262-0
79,PCTHFC__ligand2027-0
80,PCTHFC__ligand30728-0
81,PCTHFC__ligand27840-0
82,PCTHFC__ligand1050-0
83,PCTHFC__ligand1015-0
84,PCTHFC__ligand24872-0
85,PCTHFC__ligand24644-0
86,PCTHFC__ligand10033-0
87,PCTHFC__ligand152-0
88,PCTHFC__ligand12001-0
89,PCTHFC__ligand30711-0
90,PCTHFC__ligand20207-0
91,PCTHFC__ligand9491-0
92,PCTHFC__ligand4266-0
93,PCTHFC__ligand1400-0
94,PCTHFC__ligand11682-0
95,PCTHFC__ligand4167-0
96,PCTHFC__ligand16988-0
97,PCTHFC__ligand196-0
98,PCTHFC__ligand1288-0
99,PCTHFC__ligand25913-0
100,PCTHFC__ligand16663-0
101,PCTHFC__ligand7075-0
102,PCTHFC__ligand1149-0
103,PCTHFC__ligand686-0
104,PCTHFC__ligand14614-0
105,PCTHFC__ligand3557-0
106,PCTHFC__ligand3980-0
107,PCTHFC__ligand34-0
108,PCTHFC__ligand1817-0
109,PCTHFC__ligand6993-0
110,PCTHFC__ligand1779-0
111,PCTHFC__ligand24035-0
112,PCTHFC__ligand422-0
113,PCTHFC__ligand11994-0
114,PCTHFC__ligand9750-0
115,PCTHFC__ligand31842-0
116,PCTHFC__ligand31044-0
117,PCTHFC__ligand10056-0
118,PCTHFC__ligand4063-0
119,PCTHFC__ligand55-0
120,PCTHFC__ligand12365-0
121,PCTHFC__ligand7438-0
122,PCTHFC__ligand8200-0
123,PCTHFC__ligand13862-0
124,PCTHFC__ligand11357-0
125,PCTHFC__ligand15531-0
126,PCTHFC__ligand28743-0
127,PCTHFC__ligand22294-0
128,PCTHFC__ligand393-0
129,PCTHFC__ligand28930-0
130,PCTHFC__ligand22168-0
131,PCTHFC__ligand3042-0
132,PCTHFC__ligand21919-0
133,PCTHFC__ligand3416-0
134,PCTHFC__ligand3453-0
135,PCTHFC__ligand11970-0
136,PCTHFC__ligand353-0
137,PCTHFC__ligand4207-0
138,PCTHFC__ligand15883-0
139,PCTHFC__ligand24230-0
140,PCTHFC__ligand1539-0
141,PCTHFC__ligand28810-0
142,PCTHFC__ligand11447-0
143,PCTHFC__ligand11096-0
144,PCTHFC__ligand19792-0
145,PCTHFC__ligand68-0
146,PCTHFC__ligand10828-0
147,PCTHFC__ligand1150-0
148,PCTHFC__ligand15926-0
149,PCTHFC__ligand813-0
150,PCTHFC__ligand780-0
151,PCTHFC__ligand314-0
152,PCTHFC__ligand1849-0
153,PCTHFC__ligand3261-0
154,PCTHFC__ligand1152-0
155,PCTHFC__ligand14167-0
156,PCTHFC__ligand13477-0
157,PCTHFC__ligand5019-0
158,PCTHFC__ligand1216-0
159,PCTHFC__ligand27669-0
160,PCTHFC__ligand30142-0
161,PCTHFC__ligand27285-0
162,PCTHFC__ligand29029-0
163,PCTHFC__ligand618-0
164,PCTHFC__ligand57-0
165,PCTHFC__ligand5614-0
166,PCTHFC__ligand5280-0
167,PCTHFC__ligand1831-0
168,PCTHFC__ligand23197-0
169,PCTHFC__ligand5515-0
170,PCTHFC__ligand6663-0
171,PCTHFC__ligand391-0
172,PCTHFC__ligand1908-0
173,PCTHFC__ligand4-0
174,PCTHFC__ligand3285-0
175,PCTHFC__ligand4795-0
176,PCTHFC__ligand10371-0
177,PCTHFC__ligand13672-0
178,PCTHFC__ligand1786-0
179,PCTHFC__ligand465-0
180,PCTHFC__ligand5630-0
181,PCTHFC__ligand28685-0
182,PCTHFC__ligand18568-0
183,PCTHFC__ligand1397-0
184,PCTHFC__ligand7213-0
185,PCTHFC__ligand19184-0
186,PCTHFC__ligand1828-0
187,PCTHFC__ligand6112-0
188,PCTHFC__ligand8042-0
189,PCTHFC__ligand3144-0
190,PCTHFC__ligand5085-0
191,PCTHFC__ligand314-1
192,PCTHFC__ligand28459-0
193,PCTHFC__ligand18448-0
194,PCTHFC__ligand4710-0
195,PCTHFC__ligand12453-0
196,PCTHFC__ligand5755-0
197,PCTHFC__ligand1464-0
198,PCTHFC__ligand3712-0
199,PCTHFC__ligand14339-0
200,PCTHFC__ligand30788-0
201,PCTHFC__ligand2881-0
202,PCTHFC__ligand13691-0
203,PCTHFC__ligand1499-0
204,PCTHFC__ligand21752-0
205,PCTHFC__ligand6892-0
206,PCTHFC__ligand1211-0
207,PCTHFC__ligand909-0
208,PCTHFC__ligand3632-0
209,PCTHFC__ligand3677-0
210,PCTHFC__ligand18757-0
211,PCTHFC__ligand177-0
212,PCTHFC__ligand24560-0
213,PCTHFC__ligand1294-0
214,PCTHFC__ligand20844-0
215,PCTHFC__ligand18413-0
216,PCTHFC__ligand1168-0
217,PCTHFC__ligand24624-0
218,PCTHFC__ligand6699-0
219,PCTHFC__ligand252-0
220,PCTHFC__ligand2985-0
221,PCTHFC__ligand4007-0
222,PCTHFC__ligand89-0
223,PCTHFC__ligand116-0
224,PCTHFC__ligand3-0
225,PCTHFC__ligand9299-0
226,PCTHFC__ligand7291-0
227,PCTHFC__ligand20557-0
228,PCTHFC__ligand30004-0
229,PCTHFC__ligand3677-1
230,PCTHFC__ligand9883-0
231,PCTHFC__ligand21940-0
232,PCTHFC__ligand372-0
233,PCTHFC__ligand9344-0
234,PCTHFC__ligand25048-0
235,PCTHFC__ligand830-0
236,PCTHFC__ligand8000-0
237,PCTHFC__ligand3736-0
238,PCTHFC__ligand3945-0
239,PCTHFC__ligand13755-0
240,PCTHFC__ligand16133-0
241,PCTHFC__ligand27122-0
242,PCTHFC__ligand20432-0
243,PCTHFC__ligand5383-0
244,PCTHFC__ligand2693-0
245,PCTHFC__ligand23445-0
246,PCTHFC__ligand193-0
247,PCTHFC__ligand24953-0
248,PCTHFC__ligand49-0
249,PCTHFC__ligand1407-0
250,PCTHFC__ligand6117-0
251,PCTHFC__ligand14477-0
252,PCTHFC__ligand5509-0
253,PCTHFC__ligand8002-0
254,PCTHFC__ligand17069-0
255,PCTHFC__ligand17445-0
256,PCTHFC__ligand370-0
257,PCTHFC__ligand20731-0
258,PCTHFC__ligand12413-0
259,PCTHFC__ligand29334-0
260,PCTHFC__ligand11798-0
261,PCTHFC__ligand7762-0
262,PCTHFC__ligand5080-0
263,PCTHFC__ligand21448-0
264,PCTHFC__ligand5304-0
265,PCTHFC__ligand1-0
266,PCTHFC__ligand9167-0
267,PCTHFC__ligand22357-0
268,PCTHFC__ligand11758-0
269,PCTHFC__ligand250-0
270,PCTHFC__ligand2238-0
271,PCTHFC__ligand29214-0
272,PCTHFC__ligand11544-0
273,PCTHFC__ligand2822-0
274,PCTHFC__ligand11501-0
275,PCTHFC__ligand7293-0
276,PCTHFC__ligand1317-0
277,PCTHFC__ligand3867-0
278,PCTHFC__ligand27550-0
279,PCTHFC__ligand2259-0
280,PCTHFC__ligand188-0
281,PCTHFC__ligand17-0
282,PCTHFC__ligand1296-0
283,PCTHFC__ligand5099-0
284,PCTHFC__ligand8592-0
285,PCTHFC__ligand1197-0
286,PCTHFC__ligand5510-0
287,PCTHFC__ligand1376-0
288,PCTHFC__ligand9773-0
289,PCTHFC__ligand14007-0
290,PCTHFC__ligand18019-1
291,PCTHFC__ligand311-0
292,PCTHFC__ligand785-0
293,PCTHFC__ligand23682-0
294,PCTHFC__ligand4101-0
295,PCTHFC__ligand5595-0
296,PCTHFC__ligand479-0
297,PCTHFC__ligand29565-0
298,PCTHFC__ligand27771-0
299,PCTHFC__ligand18158-0
300,PCTHFC__ligand3120-0
301,PCTHFC__ligand20942-1
302,PCTHFC__ligand3926-0
303,PCTHFC__ligand16956-0
304,PCTHFC__ligand14226-0
305,PCTHFC__ligand370-1
306,PCTHFC__ligand21339-0
307,PCTHFC__ligand620-0
308,PCTHFC__ligand4358-0
309,PCTHFC__ligand2221-0
310,PCTHFC__ligand564-0
311,PCTHFC__ligand24851-0
312,PCTHFC__ligand14302-0
313,PCTHFC__ligand5180-0
314,PCTHFC__ligand13657-0
315,PCTHFC__ligand14347-0
316,PCTHFC__ligand20530-0
317,PCTHFC__ligand11698-0
318,PCTHFC__ligand27610-0
319,PCTHFC__ligand10479-0
320,PCTHFC__ligand11479-0
321,PCTHFC__ligand134-0
322,PCTHFC__ligand6017-0
323,PCTHFC__ligand5708-0
324,PCTHFC__ligand235-0
325,PCTHFC__ligand29441-0
326,PCTHFC__ligand7316-0
327,PCTHFC__ligand10853-0
328,PCTHFC__ligand3225-0
329,PCTHFC__ligand1153-0
330,PCTHFC__ligand1116-0
331,PCTHFC__ligand7092-0
332,PCTHFC__ligand2260-0
333,PCTHFC__ligand560-0
334,PCTHFC__ligand16952-0
335,PCTHFC__ligand2124-0
336,PCTHFC__ligand29813-0
337,PCTHFC__ligand8612-0
338,PCTHFC__ligand20220-0
339,PCTHFC__ligand7172-0
340,PCTHFC__ligand9323-0
341,PCTHFC__ligand20121-0
342,PCTHFC__ligand15387-0
343,PCTHFC__ligand7273-0
344,PCTHFC__ligand294-0
345,PCTHFC__ligand2906-0
346,PCTHFC__ligand4711-0
347,PCTHFC__ligand3244-0
348,PCTHFC__ligand10151-0
349,PCTHFC__ligand8793-0
350,PCTHFC__ligand5649-0
351,PCTHFC__ligand2788-0
352,PCTHFC__ligand4649-0
353,PCTHFC__ligand9753-0
354,PCTHFC__ligand19906-0
355,PCTHFC__ligand19668-0
356,PCTHFC__ligand5530-0
357,PCTHFC__ligand1787-0
358,PCTHFC__ligand1356-0
359,PCTHFC__ligand421-0
360,PCTHFC__ligand5159-0
361,PCTHFC__ligand7196-0
362,PCTHFC__ligand4807-0
363,PCTHFC__ligand22353-0
364,PCTHFC__ligand685-0
365,PCTHFC__ligand3178-0
366,PCTHFC__ligand11606-0
367,PCTHFC__ligand9450-0
368,PCTHFC__ligand31000-0
369,PCTHFC__ligand26673-0
370,PCTHFC__ligand2612-0
371,PCTHFC__ligand1599-0
372,PCTHFC__ligand20821-0
373,PCTHFC__ligand2203-0
374,PCTHFC__ligand5387-0
375,PCTHFC__ligand197-0
376,PCTHFC__ligand1289-0
377,PCTHFC__ligand19824-0
378,PCTHFC__ligand18067-0
379,PCTHFC__ligand11252-0
380,PCTHFC__ligand10582-0
381,PCTHFC__ligand13260-0
382,PCTHFC__ligand9284-0
383,PCTHFC__ligand6391-0
384,PCTHFC__ligand3126-0
385,PCTHFC__ligand31205-0
386,PCTHFC__ligand69-0
387,PCTHFC__ligand25658-0
388,PCTHFC__ligand1114-0
389,PCTHFC__ligand17686-0
390,PCTHFC__ligand11177-0
391,PCTHFC__ligand2417-0
392,PCTHFC__ligand783-0
393,PCTHFC__ligand352-0
394,PCTHFC__ligand15455-0
395,PCTHFC__ligand2043-0
396,PCTHFC__ligand16870-0
397,PCTHFC__ligand868-0
398,PCTHFC__ligand8788-0
399,PCTHFC__ligand11622-0
400,PCTHFC__ligand1832-0
401,PCTHFC__ligand11814-0
402,PCTHFC__ligand11-0
403,PCTHFC__ligand1604-0
404,PCTHFC__ligand16603-0
405,PCTHFC__ligand1228-0
406,PCTHFC__ligand9943-0
407,PCTHFC__ligand7629-0
408,PCTHFC__ligand1451-0
409,PCTHFC__ligand4272-0
410,PCTHFC__ligand9784-0
411,PCTHFC__ligand326-0
412,PCTHFC__ligand8699-0
413,PCTHFC__ligand1160-0
414,PCTHFC__ligand9520-0
415,PCTHFC__ligand26277-0
416,PCTHFC__ligand29898-0
417,PCTHFC__ligand31618-0
418,PCTHFC__ligand11432-0
419,PCTHFC__ligand4093-0
420,PCTHFC__ligand4442-0
421,PCTHFC__ligand3954-0
422,PCTHFC__ligand10432-0
423,PCTHFC__ligand22755-0
424,PCTHFC__ligand1219-0
425,PCTHFC__ligand6709-0
426,PCTHFC__ligand7867-0
427,PCTHFC__ligand692-0
428,PCTHFC__ligand15168-0
429,PCTHFC__ligand4016-0
430,PCTHFC__ligand24064-0
431,PCTHFC__ligand7238-0
432,PCTHFC__ligand436-0
433,PCTHFC__ligand1790-0
434,PCTHFC__ligand1304-0
435,PCTHFC__ligand7280-0
436,PCTHFC__ligand23589-0
437,PCTHFC__ligand1285-0
438,PCTHFC__ligand29087-0
439,PCTHFC__ligand1982-0
440,PCTHFC__ligand7000-0
441,PCTHFC__ligand8115-0
442,PCTHFC__ligand6768-0
443,PCTHFC__ligand18703-0
444,PCTHFC__ligand15438-0
445,PCTHFC__ligand28924-0
446,PCTHFC__ligand4503-0
447,PCTHFC__ligand4546-0
448,PCTHFC__ligand4157-0
449,PCTHFC__ligand24750-0
450,PCTHFC__ligand5256-0
451,PCTHFC__ligand9833-0
452,PCTHFC__ligand8876-0
453,PCTHFC__ligand497-0
454,PCTHFC__ligand2828-0
455,PCTHFC__ligand7648-0
456,PCTHFC__ligand25224-0
457,PCTHFC__ligand9291-0
458,PCTHFC__ligand18013-0
459,PCTHFC__ligand633-0
460,PCTHFC__ligand2176-0
461,PCTHFC__ligand17945-0
462,PCTHFC__ligand31578-0
463,PCTHFC__ligand2232-0
464,PCTHFC__ligand17207-0
465,PCTHFC__ligand5211-0
466,PCTHFC__ligand300-0
467,PCTHFC__ligand12682-0
468,PCTHFC__ligand4155-0
469,PCTHFC__ligand18699-0
470,PCTHFC__ligand3094-0
471,PCTHFC__ligand17240-0
472,PCTHFC__ligand4720-0
473,PCTHFC__ligand588-0
474,PCTHFC__ligand8969-0
475,PCTHFC__ligand17590-0
476,PCTHFC__ligand3174-0
477,PCTHFC__ligand1202-0
478,PCTHFC__ligand3937-0
479,PCTHFC__ligand3131-0
480,PCTHFC__ligand6839-0
481,PCTHFC__ligand1512-0
482,PCTHFC__ligand5331-0
483,PCTHFC__ligand13072-0
484,PCTHFC__ligand12336-0
485,PCTHFC__ligand3565-0
486,PCTHFC__ligand43-0
487,PCTHFC__ligand199-0
488,PCTHFC__ligand3852-0
489,PCTHFC__ligand2485-0
490,PCTHFC__ligand6919-0
491,PCTHFC__ligand67-0
492,PCTHFC__ligand3504-0
493,PCTHFC__ligand24613-0
494,PCTHFC__ligand1959-0
495,PCTHFC__ligand1536-0
496,PCTHFC__ligand1573-0
497,PCTHFC__ligand19725-0
498,PCTHFC__ligand9935-0
499,PCTHFC__ligand31483-0
500,PCTHFC__ligand3718-0
501,PCTHFC__ligand3876-0
502,PCTHFC__ligand1343-0
503,PCTHFC__ligand3035-0
504,PCTHFC__ligand10555-0
505,PCTHFC__ligand6616-0
506,PCTHFC__ligand1844-0
507,PCTHFC__ligand4661-0
508,PCTHFC__ligand409-0
509,PCTHFC__ligand7242-0
510,PCTHFC__ligand361-0
511,PCTHFC__ligand324-0
512,PCTHFC__ligand7106-0
513,PCTHFC__ligand20579-0
514,PCTHFC__ligand17710-0
515,PCTHFC__ligand11568-0
516,PCTHFC__ligand21421-0
517,PCTHFC__ligand9908-0
518,PCTHFC__ligand1263-0
519,PCTHFC__ligand11774-0
520,PCTHFC__ligand14586-0
521,PCTHFC__ligand430-0
522,PCTHFC__ligand4620-0
523,PCTHFC__ligand358-0
524,PCTHFC__ligand16791-0
525,PCTHFC__ligand28668-0
526,PCTHFC__ligand488-0
527,PCTHFC__ligand1577-0
528,PCTHFC__ligand6067-0
529,PCTHFC__ligand2295-0
530,PCTHFC__ligand18799-0
531,PCTHFC__ligand694-0
532,PCTHFC__ligand18465-0
533,PCTHFC__ligand18074-0
534,PCTHFC__ligand7819-0
535,PCTHFC__ligand13869-0
536,PCTHFC__ligand2917-0
537,PCTHFC__ligand29863-0
538,PCTHFC__ligand29610-0
539,PCTHFC__ligand6596-0
540,PCTHFC__ligand3721-0
541,PCTHFC__ligand6904-0
542,PCTHFC__ligand6102-0
543,PCTHFC__ligand11140-0
544,PCTHFC__ligand3465-0
545,PCTHFC__ligand10084-0
546,PCTHFC__ligand25267-0
547,PCTHFC__ligand670-0
548,PCTHFC__ligand1142-0
549,PCTHFC__ligand12467-0
550,PCTHFC__ligand3234-0
551,PCTHFC__ligand534-0
552,PCTHFC__ligand571-0
553,PCTHFC__ligand21936-0
554,PCTHFC__ligand13257-0
555,PCTHFC__ligand23904-0
556,PCTHFC__ligand8835-0
557,PCTHFC__ligand2028-0
558,PCTHFC__ligand7126-0
559,PCTHFC__ligand27074-0
560,PCTHFC__ligand20599-0
561,PCTHFC__ligand4641-0
562,PCTHFC__ligand25805-0
563,PCTHFC__ligand22981-0
564,PCTHFC__ligand18391-0
565,PCTHFC__ligand27169-0
566,PCTHFC__ligand14523-0
567,PCTHFC__ligand416-0
568,PCTHFC__ligand1823-0
569,PCTHFC__ligand5643-0
570,PCTHFC__ligand8721-0
571,PCTHFC__ligand383-0
572,PCTHFC__ligand27835-0
573,PCTHFC__ligand12295-0
574,PCTHFC__ligand1324-0
575,PCTHFC__ligand25689-0
576,PCTHFC__ligand21787-0
577,PCTHFC__ligand162-0
578,PCTHFC__ligand25575-0
579,PCTHFC__ligand9952-0
580,PCTHFC__ligand9111-0
581,PCTHFC__ligand1615-0
582,PCTHFC__ligand45-0
583,PCTHFC__ligand2526-0
584,PCTHFC__ligand5036-0
585,PCTHFC__ligand226-0
586,PCTHFC__ligand78-0
587,PCTHFC__ligand8992-0
588,PCTHFC__ligand30539-0
589,PCTHFC__ligand9601-0
590,PCTHFC__ligand7967-0
591,PCTHFC__ligand3707-0
592,PCTHFC__ligand6124-0
593,PCTHFC__ligand23906-0
594,PCTHFC__ligand11166-0
595,PCTHFC__ligand4116-0
596,PCTHFC__ligand1018-0
597,PCTHFC__ligand21132-0
598,PCTHFC__ligand2915-0
599,PCTHFC__ligand3156-0
600,PCTHFC__ligand656-0
601,PCTHFC__ligand19-0
602,PCTHFC__ligand12519-0
603,PCTHFC__ligand25735-0
604,PCTHFC__ligand6244-0
605,PCTHFC__ligand1378-0
606,PCTHFC__ligand23124-0
607,PCTHFC__ligand11206-0
608,PCTHFC__ligand12660-0
609,PCTHFC__ligand2332-0
610,PCTHFC__ligand13209-0
611,PCTHFC__ligand19257-0
612,PCTHFC__ligand9441-0
613,PCTHFC__ligand696-0
614,PCTHFC__ligand25650-0
615,PCTHFC__ligand1631-0
616,PCTHFC__ligand24-0
617,PCTHFC__ligand31248-0
618,PCTHFC__ligand9933-0
619,PCTHFC__ligand1530-0
620,PCTHFC__ligand1575-0
621,PCTHFC__ligand7532-0
622,PCTHFC__ligand30333-0
623,PCTHFC__ligand4194-0
624,PCTHFC__ligand12606-0
625,PCTHFC__ligand384-0
626,PCTHFC__ligand2599-0
627,PCTHFC__ligand30296-0
628,PCTHFC__ligand4330-0
629,PCTHFC__ligand17281-0
630,PCTHFC__ligand26540-0
631,PCTHFC__ligand12337-0
632,PCTHFC__ligand42-0
633,PCTHFC__ligand29410-0
634,PCTHFC__ligand1147-0
635,PCTHFC__ligand12427-0
636,PCTHFC__ligand28468-0
637,PCTHFC__ligand20740-0
638,PCTHFC__ligand3973-0
639,PCTHFC__ligand8-0
640,PCTHFC__ligand16628-0
641,PCTHFC__ligand2068-0
642,PCTHFC__ligand768-0
643,PCTHFC__ligand7925-0
644,PCTHFC__ligand27460-0
645,PCTHFC__ligand18832-0
646,PCTHFC__ligand27175-0
647,PCTHFC__ligand23713-0
648,PCTHFC__ligand3215-0
649,PCTHFC__ligand30988-0
650,PCTHFC__ligand14723-0
651,PCTHFC__ligand27893-0
652,PCTHFC__ligand7107-0
653,PCTHFC__ligand15422-0
654,PCTHFC__ligand12934-0
655,PCTHFC__ligand20578-0
656,PCTHFC__ligand19641-0
657,PCTHFC__ligand6283-0
658,PCTHFC__ligand31783-0
659,PCTHFC__ligand4813-0
660,PCTHFC__ligand66-0
661,PCTHFC__ligand14297-0
662,PCTHFC__ligand14603-0
663,PCTHFC__ligand5813-0
664,PCTHFC__ligand240-0
665,PCTHFC__ligand17258-0
666,PCTHFC__ligand4738-0
667,PCTHFC__ligand6062-0
668,PCTHFC__ligand17631-0
669,PCTHFC__ligand13012-0
670,PCTHFC__ligand141-0
671,PCTHFC__ligand26665-0
672,PCTHFC__ligand17302-0
673,PCTHFC__ligand5627-0
674,PCTHFC__ligand1729-0
675,PCTHFC__ligand17805-0
676,PCTHFC__ligand2830-0
677,PCTHFC__ligand24185-0
678,PCTHFC__ligand5316-0
679,PCTHFC__ligand23769-0
680,PCTHFC__ligand693-0
681,PCTHFC__ligand25178-0
682,PCTHFC__ligand5483-0
683,PCTHFC__ligand15585-0
684,PCTHFC__ligand12401-0
685,PCTHFC__ligand24145-0
686,PCTHFC__ligand9148-0
687,PCTHFC__ligand10476-0
688,PCTHFC__ligand19830-0
689,PCTHFC__ligand13068-0
690,PCTHFC__ligand12289-0
691,PCTHFC__ligand18292-0
692,PCTHFC__ligand13658-0
693,PCTHFC__ligand26702-0
694,PCTHFC__ligand17387-0
695,PCTHFC__ligand1415-0
696,PCTHFC__ligand6946-0
697,PCTHFC__ligand12130-0
698,PCTHFC__ligand7529-0
699,PCTHFC__ligand12231-0
700,PCTHFC__ligand18814-0
701,PCTHFC__ligand19057-0
702,PCTHFC__ligand3934-0
703,PCTHFC__ligand38-0
704,PCTHFC__ligand29302-0
705,PCTHFC__ligand13425-0
706,PCTHFC__ligand6455-0
707,PCTHFC__ligand6882-0
708,PCTHFC__ligand2403-0
709,PCTHFC__ligand10262-0
710,PCTHFC__ligand28676-0
711,PCTHFC__ligand27763-0
712,PCTHFC__ligand757-0
713,PCTHFC__ligand1449-0
714,PCTHFC__ligand3012-0
715,PCTHFC__ligand12641-0
716,PCTHFC__ligand10958-0
717,PCTHFC__ligand1065-0
718,PCTHFC__ligand7530-0
719,PCTHFC__ligand14108-0
720,PCTHFC__ligand9681-0
721,PCTHFC__ligand4332-0
722,PCTHFC__ligand122-0
723,PCTHFC__ligand3392-0
724,PCTHFC__ligand25411-0
725,PCTHFC__ligand845-0
726,PCTHFC__ligand4911-0
727,PCTHFC__ligand1771-0
728,PCTHFC__ligand5849-0
729,PCTHFC__ligand14174-0
730,PCTHFC__ligand10712-0
731,PCTHFC__ligand11456-0
732,PCTHFC__ligand12030-0
733,PCTHFC__ligand163-0
734,PCTHFC__ligand29879-0
735,PCTHFC__ligand126-0
736,PCTHFC__ligand14248-0
737,PCTHFC__ligand28884-0
738,PCTHFC__ligand2527-0
739,PCTHFC__ligand13331-0
740,PCTHFC__ligand8464-0
741,PCTHFC__ligand1709-0
742,PCTHFC__ligand8349-0
743,PCTHFC__ligand31832-0
744,PCTHFC__ligand13294-0
745,PCTHFC__ligand4850-0
746,PCTHFC__ligand5056-0
747,PCTHFC__ligand596-0
748,PCTHFC__ligand941-0
749,PCTHFC__ligand1688-0
750,PCTHFC__ligand3647-0
751,PCTHFC__ligand5357-0
752,PCTHFC__ligand3871-0
753,PCTHFC__ligand26810-0
754,PCTHFC__ligand777-0
755,PCTHFC__ligand1469-0
756,PCTHFC__ligand27482-0
757,PCTHFC__ligand13208-0
758,PCTHFC__ligand1768-0
759,PCTHFC__ligand366-0
760,PCTHFC__ligand5935-0
761,PCTHFC__ligand1379-0
762,PCTHFC__ligand20682-0
763,PCTHFC__ligand2722-0
764,PCTHFC__ligand13390-0
765,PCTHFC__ligand3157-0
766,PCTHFC__ligand657-0
767,PCTHFC__ligand1165-0
768,PCTHFC__ligand9525-0
769,PCTHFC__ligand18-0
770,PCTHFC__ligand187-0
771,PCTHFC__ligand20539-0
772,PCTHFC__ligand20251-0
773,PCTHFC__ligand30702-0
774,PCTHFC__ligand20214-0
775,PCTHFC__ligand1712-0
776,PCTHFC__ligand4131-0
777,PCTHFC__ligand321-0
778,PCTHFC__ligand21581-0
779,PCTHFC__ligand31097-0
780,PCTHFC__ligand185-0
781,PCTHFC__ligand279-0
782,PCTHFC__ligand14117-0
783,PCTHFC__ligand17261-0
784,PCTHFC__ligand5892-0
785,PCTHFC__ligand5094-0
786,PCTHFC__ligand178-0
787,PCTHFC__ligand20419-0
788,PCTHFC__ligand1533-0
789,PCTHFC__ligand21371-0
790,PCTHFC__ligand17118-0
791,PCTHFC__ligand201-0
792,PCTHFC__ligand28789-0
793,PCTHFC__ligand29568-0
794,PCTHFC__ligand1496-0
795,PCTHFC__ligand7557-0
796,PCTHFC__ligand14889-0
797,PCTHFC__ligand30851-0
798,PCTHFC__ligand2208-0
799,PCTHFC__ligand20011-0
800,PCTHFC__ligand17278-0
801,PCTHFC__ligand3208-0
802,PCTHFC__ligand17982-0
803,PCTHFC__ligand29414-0
804,PCTHFC__ligand1327-0
805,PCTHFC__ligand9809-0
806,PCTHFC__ligand6672-0
807,PCTHFC__ligand8722-0
808,PCTHFC__ligand17398-0
809,PCTHFC__ligand3350-0
810,PCTHFC__ligand20598-0
811,PCTHFC__ligand2781-0
812,PCTHFC__ligand11675-0
813,PCTHFC__ligand338-0
814,PCTHFC__ligand7573-0
815,PCTHFC__ligand24047-0
816,PCTHFC__ligand10589-0
817,PCTHFC__ligand22557-0
818,PCTHFC__ligand2328-0
819,PCTHFC__ligand16475-0
820,PCTHFC__ligand14703-0
821,PCTHFC__ligand4581-0
822,PCTHFC__ligand1773-0
823,PCTHFC__ligand3029-0
824,PCTHFC__ligand7162-0
825,PCTHFC__ligand1900-0
826,PCTHFC__ligand20251-1
827,PCTHFC__ligand9197-0
