,TMC
0,TAWNEK__ligand1288-0
1,TAWNEK__ligand16603-0
2,TAWNEK__ligand11814-0
3,TAWNEK__ligand9491-0
4,TAWNEK__ligand11622-0
5,TAWNEK__ligand780-0
6,TAWNEK__ligand314-0
7,TAWNEK__ligand4266-0
8,TAWNEK__ligand1400-0
9,TAWNEK__ligand16870-0
10,TAWNEK__ligand813-0
11,TAWNEK__ligand4167-0
12,TAWNEK__ligand6993-0
13,TAWNEK__ligand1817-0
14,TAWNEK__ligand391-0
15,TAWNEK__ligand1779-0
16,TAWNEK__ligand15455-0
17,TAWNEK__ligand11177-0
18,TAWNEK__ligand9750-0
19,TAWNEK__ligand17686-0
20,TAWNEK__ligand25658-0
21,TAWNEK__ligand7075-0
22,TAWNEK__ligand31205-0
23,TAWNEK__ligand618-0
24,TAWNEK__ligand1149-0
25,TAWNEK__ligand3980-0
26,TAWNEK__ligand3557-0
27,TAWNEK__ligand13260-0
28,TAWNEK__ligand10582-0
29,TAWNEK__ligand3042-0
30,TAWNEK__ligand465-0
31,TAWNEK__ligand11252-0
32,TAWNEK__ligand18067-0
33,TAWNEK__ligand4063-0
34,TAWNEK__ligand19824-0
35,TAWNEK__ligand7438-0
36,TAWNEK__ligand8200-0
37,TAWNEK__ligand1539-0
38,TAWNEK__ligand20821-0
39,TAWNEK__ligand314-1
40,TAWNEK__ligand26673-0
41,TAWNEK__ligand1150-0
42,TAWNEK__ligand31000-0
43,TAWNEK__ligand3453-0
44,TAWNEK__ligand3416-0
45,TAWNEK__ligand4207-0
46,TAWNEK__ligand11606-0
47,TAWNEK__ligand1152-0
48,TAWNEK__ligand3261-0
49,TAWNEK__ligand5019-0
50,TAWNEK__ligand196-0
51,TAWNEK__ligand22353-0
52,TAWNEK__ligand1216-0
53,TAWNEK__ligand1849-0
54,TAWNEK__ligand19668-0
55,TAWNEK__ligand19906-0
56,TAWNEK__ligand1831-0
57,TAWNEK__ligand5280-0
58,TAWNEK__ligand5614-0
59,TAWNEK__ligand6663-0
60,TAWNEK__ligand5515-0
61,TAWNEK__ligand422-0
62,TAWNEK__ligand10151-0
63,TAWNEK__ligand686-0
64,TAWNEK__ligand15387-0
65,TAWNEK__ligand20121-0
66,TAWNEK__ligand1786-0
67,TAWNEK__ligand20220-0
68,TAWNEK__ligand393-0
69,TAWNEK__ligand5630-0
70,TAWNEK__ligand29813-0
71,TAWNEK__ligand16952-0
72,TAWNEK__ligand1908-0
73,TAWNEK__ligand3285-0
74,TAWNEK__ligand4795-0
75,TAWNEK__ligand18-0
76,TAWNEK__ligand10853-0
77,TAWNEK__ligand29441-0
78,TAWNEK__ligand5085-0
79,TAWNEK__ligand3144-0
80,TAWNEK__ligand11479-0
81,TAWNEK__ligand5755-0
82,TAWNEK__ligand4710-0
83,TAWNEK__ligand27610-0
84,TAWNEK__ligand10479-0
85,TAWNEK__ligand7213-0
86,TAWNEK__ligand11698-0
87,TAWNEK__ligand20530-0
88,TAWNEK__ligand1397-0
89,TAWNEK__ligand1828-0
90,TAWNEK__ligand14302-0
91,TAWNEK__ligand13657-0
92,TAWNEK__ligand14347-0
93,TAWNEK__ligand353-0
94,TAWNEK__ligand24851-0
95,TAWNEK__ligand6112-0
96,TAWNEK__ligand8042-0
97,TAWNEK__ligand4340-0
98,TAWNEK__ligand2650-0
99,TAWNEK__ligand2281-0
100,TAWNEK__ligand3180-0
101,TAWNEK__ligand176-0
102,TAWNEK__ligand16956-0
103,TAWNEK__ligand14226-0
104,TAWNEK__ligand21339-0
105,TAWNEK__ligand20942-1
106,TAWNEK__ligand18158-0
107,TAWNEK__ligand27771-0
108,TAWNEK__ligand6995-0
109,TAWNEK__ligand746-0
110,TAWNEK__ligand29565-0
111,TAWNEK__ligand447-0
112,TAWNEK__ligand2823-0
113,TAWNEK__ligand23682-0
114,TAWNEK__ligand18019-1
115,TAWNEK__ligand14007-0
116,TAWNEK__ligand487-0
117,TAWNEK__ligand4161-0
118,TAWNEK__ligand3471-0
119,TAWNEK__ligand4124-0
120,TAWNEK__ligand5415-0
121,TAWNEK__ligand27550-0
122,TAWNEK__ligand11544-0
123,TAWNEK__ligand11501-0
124,TAWNEK__ligand29214-0
125,TAWNEK__ligand5201-0
126,TAWNEK__ligand506-0
127,TAWNEK__ligand11758-0
128,TAWNEK__ligand22357-0
129,TAWNEK__ligand1113-0
130,TAWNEK__ligand21448-0
131,TAWNEK__ligand8553-0
132,TAWNEK__ligand11798-0
133,TAWNEK__ligand152-0
134,TAWNEK__ligand8593-0
135,TAWNEK__ligand29334-0
136,TAWNEK__ligand9944-0
137,TAWNEK__ligand12413-0
138,TAWNEK__ligand20731-0
139,TAWNEK__ligand38-0
140,TAWNEK__ligand2001-0
141,TAWNEK__ligand17445-0
142,TAWNEK__ligand17069-0
143,TAWNEK__ligand7566-0
144,TAWNEK__ligand14477-0
145,TAWNEK__ligand23445-0
146,TAWNEK__ligand24953-0
147,TAWNEK__ligand27122-0
148,TAWNEK__ligand20432-0
149,TAWNEK__ligand115-0
150,TAWNEK__ligand8529-0
151,TAWNEK__ligand16133-0
152,TAWNEK__ligand13755-0
153,TAWNEK__ligand1169-0
154,TAWNEK__ligand25048-0
155,TAWNEK__ligand21940-0
156,TAWNEK__ligand833-0
157,TAWNEK__ligand20557-0
158,TAWNEK__ligand4596-0
159,TAWNEK__ligand30004-0
160,TAWNEK__ligand1498-0
161,TAWNEK__ligand1154-0
162,TAWNEK__ligand9615-0
163,TAWNEK__ligand42-0
164,TAWNEK__ligand1028-0
165,TAWNEK__ligand784-0
166,TAWNEK__ligand4262-0
167,TAWNEK__ligand24624-0
168,TAWNEK__ligand20844-0
169,TAWNEK__ligand18413-0
170,TAWNEK__ligand66-0
171,TAWNEK__ligand24560-0
172,TAWNEK__ligand2692-0
173,TAWNEK__ligand18757-0
174,TAWNEK__ligand1618-0
175,TAWNEK__ligand21752-0
176,TAWNEK__ligand2027-0
177,TAWNEK__ligand368-0
178,TAWNEK__ligand13691-0
179,TAWNEK__ligand30788-0
180,TAWNEK__ligand1015-0
181,TAWNEK__ligand1050-0
182,TAWNEK__ligand395-0
183,TAWNEK__ligand14339-0
184,TAWNEK__ligand18448-0
185,TAWNEK__ligand12453-0
186,TAWNEK__ligand6017-0
187,TAWNEK__ligand28459-0
188,TAWNEK__ligand78-0
189,TAWNEK__ligand5708-0
190,TAWNEK__ligand7316-0
191,TAWNEK__ligand19184-0
192,TAWNEK__ligand5180-0
193,TAWNEK__ligand28685-0
194,TAWNEK__ligand18568-0
195,TAWNEK__ligand7172-0
196,TAWNEK__ligand9323-0
197,TAWNEK__ligand13672-0
198,TAWNEK__ligand7273-0
199,TAWNEK__ligand2260-0
200,TAWNEK__ligand7092-0
201,TAWNEK__ligand1116-0
202,TAWNEK__ligand3225-0
203,TAWNEK__ligand1153-0
204,TAWNEK__ligand10371-0
205,TAWNEK__ligand197-0
206,TAWNEK__ligand2124-0
207,TAWNEK__ligand8612-0
208,TAWNEK__ligand45-0
209,TAWNEK__ligand4649-0
210,TAWNEK__ligand5649-0
211,TAWNEK__ligand2788-0
212,TAWNEK__ligand8793-0
213,TAWNEK__ligand23197-0
214,TAWNEK__ligand352-0
215,TAWNEK__ligand783-0
216,TAWNEK__ligand24-0
217,TAWNEK__ligand2906-0
218,TAWNEK__ligand29029-0
219,TAWNEK__ligand3244-0
220,TAWNEK__ligand27285-0
221,TAWNEK__ligand4711-0
222,TAWNEK__ligand4807-0
223,TAWNEK__ligand30142-0
224,TAWNEK__ligand27669-0
225,TAWNEK__ligand19-0
226,TAWNEK__ligand14167-0
227,TAWNEK__ligand13477-0
228,TAWNEK__ligand3178-0
229,TAWNEK__ligand9753-0
230,TAWNEK__ligand1787-0
231,TAWNEK__ligand1356-0
232,TAWNEK__ligand5530-0
233,TAWNEK__ligand5159-0
234,TAWNEK__ligand868-0
235,TAWNEK__ligand7196-0
236,TAWNEK__ligand15926-0
237,TAWNEK__ligand10828-0
238,TAWNEK__ligand2612-0
239,TAWNEK__ligand235-0
240,TAWNEK__ligand19792-0
241,TAWNEK__ligand11096-0
242,TAWNEK__ligand11447-0
243,TAWNEK__ligand1599-0
244,TAWNEK__ligand28810-0
245,TAWNEK__ligand24230-0
246,TAWNEK__ligand134-0
247,TAWNEK__ligand9450-0
248,TAWNEK__ligand15883-0
249,TAWNEK__ligand11970-0
250,TAWNEK__ligand21919-0
251,TAWNEK__ligand28930-0
252,TAWNEK__ligand22168-0
253,TAWNEK__ligand22294-0
254,TAWNEK__ligand5387-0
255,TAWNEK__ligand2203-0
256,TAWNEK__ligand1289-0
257,TAWNEK__ligand15531-0
258,TAWNEK__ligand28743-0
259,TAWNEK__ligand11357-0
260,TAWNEK__ligand13862-0
261,TAWNEK__ligand560-0
262,TAWNEK__ligand10056-0
263,TAWNEK__ligand12365-0
264,TAWNEK__ligand31842-0
265,TAWNEK__ligand2417-0
266,TAWNEK__ligand31044-0
267,TAWNEK__ligand11994-0
268,TAWNEK__ligand24035-0
269,TAWNEK__ligand9284-0
270,TAWNEK__ligand14614-0
271,TAWNEK__ligand6391-0
272,TAWNEK__ligand3126-0
273,TAWNEK__ligand16663-0
274,TAWNEK__ligand294-0
275,TAWNEK__ligand1114-0
276,TAWNEK__ligand1604-0
277,TAWNEK__ligand25913-0
278,TAWNEK__ligand16988-0
279,TAWNEK__ligand685-0
280,TAWNEK__ligand1228-0
281,TAWNEK__ligand9943-0
282,TAWNEK__ligand8-0
283,TAWNEK__ligand421-0
284,TAWNEK__ligand2043-0
285,TAWNEK__ligand11682-0
286,TAWNEK__ligand1832-0
287,TAWNEK__ligand30711-0
288,TAWNEK__ligand20207-0
289,TAWNEK__ligand8788-0
290,TAWNEK__ligand12001-0
291,TAWNEK__ligand6892-0
292,TAWNEK__ligand10033-0
293,TAWNEK__ligand43-0
294,TAWNEK__ligand24644-0
295,TAWNEK__ligand1211-0
296,TAWNEK__ligand370-0
297,TAWNEK__ligand24872-0
298,TAWNEK__ligand1464-0
299,TAWNEK__ligand3712-0
300,TAWNEK__ligand2881-0
301,TAWNEK__ligand27840-0
302,TAWNEK__ligand1499-0
303,TAWNEK__ligand30728-0
304,TAWNEK__ligand6699-0
305,TAWNEK__ligand17396-0
306,TAWNEK__ligand15788-0
307,TAWNEK__ligand23175-0
308,TAWNEK__ligand13220-0
309,TAWNEK__ligand11587-0
310,TAWNEK__ligand3677-0
311,TAWNEK__ligand22444-0
312,TAWNEK__ligand3632-0
313,TAWNEK__ligand250-0
314,TAWNEK__ligand24111-0
315,TAWNEK__ligand1294-0
316,TAWNEK__ligand14569-0
317,TAWNEK__ligand13385-0
318,TAWNEK__ligand1168-0
319,TAWNEK__ligand7291-0
320,TAWNEK__ligand17427-0
321,TAWNEK__ligand3677-1
322,TAWNEK__ligand9883-0
323,TAWNEK__ligand29486-0
324,TAWNEK__ligand4007-0
325,TAWNEK__ligand2985-0
326,TAWNEK__ligand188-0
327,TAWNEK__ligand9299-0
328,TAWNEK__ligand31694-0
329,TAWNEK__ligand564-0
330,TAWNEK__ligand3945-0
331,TAWNEK__ligand67-0
332,TAWNEK__ligand5383-0
333,TAWNEK__ligand2693-0
334,TAWNEK__ligand620-0
335,TAWNEK__ligand25561-0
336,TAWNEK__ligand370-1
337,TAWNEK__ligand22129-0
338,TAWNEK__ligand9344-0
339,TAWNEK__ligand24780-0
340,TAWNEK__ligand12138-0
341,TAWNEK__ligand8000-0
342,TAWNEK__ligand479-0
343,TAWNEK__ligand311-0
344,TAWNEK__ligand11949-0
345,TAWNEK__ligand785-0
346,TAWNEK__ligand3736-0
347,TAWNEK__ligand909-0
348,TAWNEK__ligand27239-0
349,TAWNEK__ligand21729-0
350,TAWNEK__ligand5080-0
351,TAWNEK__ligand7762-0
352,TAWNEK__ligand26324-0
353,TAWNEK__ligand1407-0
354,TAWNEK__ligand28559-0
355,TAWNEK__ligand6117-0
356,TAWNEK__ligand14043-0
357,TAWNEK__ligand8002-0
358,TAWNEK__ligand5509-0
359,TAWNEK__ligand19927-0
360,TAWNEK__ligand3867-0
361,TAWNEK__ligand1317-0
362,TAWNEK__ligand7293-0
363,TAWNEK__ligand2822-0
364,TAWNEK__ligand11618-0
365,TAWNEK__ligand5304-0
366,TAWNEK__ligand26529-0
367,TAWNEK__ligand9167-0
368,TAWNEK__ligand177-0
369,TAWNEK__ligand2238-0
370,TAWNEK__ligand1376-0
371,TAWNEK__ligand5510-0
372,TAWNEK__ligand16369-0
373,TAWNEK__ligand11111-0
374,TAWNEK__ligand28540-0
375,TAWNEK__ligand9773-0
376,TAWNEK__ligand20695-0
377,TAWNEK__ligand27754-0
378,TAWNEK__ligand2259-0
379,TAWNEK__ligand1296-0
380,TAWNEK__ligand116-0
381,TAWNEK__ligand8592-0
382,TAWNEK__ligand5099-0
383,TAWNEK__ligand22403-0
384,TAWNEK__ligand1197-0
385,TAWNEK__ligand252-0
386,TAWNEK__ligand193-0
387,TAWNEK__ligand3926-0
388,TAWNEK__ligand3120-0
389,TAWNEK__ligand4358-0
390,TAWNEK__ligand10872-0
391,TAWNEK__ligand21399-0
392,TAWNEK__ligand26631-0
393,TAWNEK__ligand16148-0
394,TAWNEK__ligand2221-0
395,TAWNEK__ligand12003-0
396,TAWNEK__ligand5595-0
397,TAWNEK__ligand830-0
398,TAWNEK__ligand4101-0
399,TAWNEK__ligand29215-0
400,TAWNEK__ligand372-0
401,TAWNEK__ligand226-0
402,TAWNEK__ligand2295-0
403,TAWNEK__ligand1577-0
404,TAWNEK__ligand6067-0
405,TAWNEK__ligand20251-1
406,TAWNEK__ligand162-0
407,TAWNEK__ligand383-0
408,TAWNEK__ligand4620-0
409,TAWNEK__ligand16475-0
410,TAWNEK__ligand14703-0
411,TAWNEK__ligand416-0
412,TAWNEK__ligand6102-0
413,TAWNEK__ligand22557-0
414,TAWNEK__ligand6596-0
415,TAWNEK__ligand3721-0
416,TAWNEK__ligand10589-0
417,TAWNEK__ligand6904-0
418,TAWNEK__ligand24047-0
419,TAWNEK__ligand11675-0
420,TAWNEK__ligand20598-0
421,TAWNEK__ligand3465-0
422,TAWNEK__ligand17398-0
423,TAWNEK__ligand29414-0
424,TAWNEK__ligand7819-0
425,TAWNEK__ligand17982-0
426,TAWNEK__ligand20011-0
427,TAWNEK__ligand17278-0
428,TAWNEK__ligand2917-0
429,TAWNEK__ligand30851-0
430,TAWNEK__ligand14889-0
431,TAWNEK__ligand8835-0
432,TAWNEK__ligand2028-0
433,TAWNEK__ligand29568-0
434,TAWNEK__ligand7126-0
435,TAWNEK__ligand28789-0
436,TAWNEK__ligand11-0
437,TAWNEK__ligand1142-0
438,TAWNEK__ligand3234-0
439,TAWNEK__ligand17118-0
440,TAWNEK__ligand21371-0
441,TAWNEK__ligand656-0
442,TAWNEK__ligand20419-0
443,TAWNEK__ligand17261-0
444,TAWNEK__ligand14117-0
445,TAWNEK__ligand69-0
446,TAWNEK__ligand696-0
447,TAWNEK__ligand21581-0
448,TAWNEK__ligand31097-0
449,TAWNEK__ligand4641-0
450,TAWNEK__ligand20251-0
451,TAWNEK__ligand30702-0
452,TAWNEK__ligand20214-0
453,TAWNEK__ligand20539-0
454,TAWNEK__ligand694-0
455,TAWNEK__ligand9952-0
456,TAWNEK__ligand9111-0
457,TAWNEK__ligand2526-0
458,TAWNEK__ligand5036-0
459,TAWNEK__ligand1615-0
460,TAWNEK__ligand13390-0
461,TAWNEK__ligand488-0
462,TAWNEK__ligand5643-0
463,TAWNEK__ligand20682-0
464,TAWNEK__ligand1823-0
465,TAWNEK__ligand8721-0
466,TAWNEK__ligand358-0
467,TAWNEK__ligand430-0
468,TAWNEK__ligand1324-0
469,TAWNEK__ligand6124-0
470,TAWNEK__ligand3707-0
471,TAWNEK__ligand7967-0
472,TAWNEK__ligand13208-0
473,TAWNEK__ligand27482-0
474,TAWNEK__ligand4116-0
475,TAWNEK__ligand26810-0
476,TAWNEK__ligand1018-0
477,TAWNEK__ligand8992-0
478,TAWNEK__ligand9601-0
479,TAWNEK__ligand13294-0
480,TAWNEK__ligand6244-0
481,TAWNEK__ligand31832-0
482,TAWNEK__ligand1378-0
483,TAWNEK__ligand3156-0
484,TAWNEK__ligand534-0
485,TAWNEK__ligand571-0
486,TAWNEK__ligand2915-0
487,TAWNEK__ligand13331-0
488,TAWNEK__ligand28884-0
489,TAWNEK__ligand29879-0
490,TAWNEK__ligand14248-0
491,TAWNEK__ligand670-0
492,TAWNEK__ligand12030-0
493,TAWNEK__ligand11456-0
494,TAWNEK__ligand1631-0
495,TAWNEK__ligand10712-0
496,TAWNEK__ligand9933-0
497,TAWNEK__ligand14174-0
498,TAWNEK__ligand1575-0
499,TAWNEK__ligand1530-0
500,TAWNEK__ligand2332-0
501,TAWNEK__ligand25411-0
502,TAWNEK__ligand9441-0
503,TAWNEK__ligand1160-0
504,TAWNEK__ligand8699-0
505,TAWNEK__ligand588-0
506,TAWNEK__ligand9520-0
507,TAWNEK__ligand3954-0
508,TAWNEK__ligand4093-0
509,TAWNEK__ligand4442-0
510,TAWNEK__ligand14108-0
511,TAWNEK__ligand7629-0
512,TAWNEK__ligand4-0
513,TAWNEK__ligand10958-0
514,TAWNEK__ligand4272-0
515,TAWNEK__ligand1451-0
516,TAWNEK__ligand300-0
517,TAWNEK__ligand9784-0
518,TAWNEK__ligand12641-0
519,TAWNEK__ligand27763-0
520,TAWNEK__ligand10262-0
521,TAWNEK__ligand28676-0
522,TAWNEK__ligand7238-0
523,TAWNEK__ligand7280-0
524,TAWNEK__ligand1304-0
525,TAWNEK__ligand1790-0
526,TAWNEK__ligand1219-0
527,TAWNEK__ligand6709-0
528,TAWNEK__ligand199-0
529,TAWNEK__ligand13425-0
530,TAWNEK__ligand29302-0
531,TAWNEK__ligand7867-0
532,TAWNEK__ligand19057-0
533,TAWNEK__ligand18814-0
534,TAWNEK__ligand4016-0
535,TAWNEK__ligand12231-0
536,TAWNEK__ligand4546-0
537,TAWNEK__ligand4503-0
538,TAWNEK__ligand12130-0
539,TAWNEK__ligand17387-0
540,TAWNEK__ligand13658-0
541,TAWNEK__ligand26702-0
542,TAWNEK__ligand12289-0
543,TAWNEK__ligand18292-0
544,TAWNEK__ligand19830-0
545,TAWNEK__ligand13068-0
546,TAWNEK__ligand1285-0
547,TAWNEK__ligand10476-0
548,TAWNEK__ligand24145-0
549,TAWNEK__ligand7000-0
550,TAWNEK__ligand1982-0
551,TAWNEK__ligand15585-0
552,TAWNEK__ligand6768-0
553,TAWNEK__ligand12401-0
554,TAWNEK__ligand8115-0
555,TAWNEK__ligand17-0
556,TAWNEK__ligand9291-0
557,TAWNEK__ligand25178-0
558,TAWNEK__ligand2176-0
559,TAWNEK__ligand23769-0
560,TAWNEK__ligand2232-0
561,TAWNEK__ligand24185-0
562,TAWNEK__ligand4157-0
563,TAWNEK__ligand17805-0
564,TAWNEK__ligand361-0
565,TAWNEK__ligand5256-0
566,TAWNEK__ligand324-0
567,TAWNEK__ligand7648-0
568,TAWNEK__ligand409-0
569,TAWNEK__ligand8876-0
570,TAWNEK__ligand2828-0
571,TAWNEK__ligand9833-0
572,TAWNEK__ligand17302-0
573,TAWNEK__ligand4720-0
574,TAWNEK__ligand26665-0
575,TAWNEK__ligand13012-0
576,TAWNEK__ligand17631-0
577,TAWNEK__ligand17258-0
578,TAWNEK__ligand3131-0
579,TAWNEK__ligand3174-0
580,TAWNEK__ligand1202-0
581,TAWNEK__ligand3937-0
582,TAWNEK__ligand8969-0
583,TAWNEK__ligand14297-0
584,TAWNEK__ligand14603-0
585,TAWNEK__ligand6839-0
586,TAWNEK__ligand31783-0
587,TAWNEK__ligand5211-0
588,TAWNEK__ligand326-0
589,TAWNEK__ligand4155-0
590,TAWNEK__ligand3094-0
591,TAWNEK__ligand19641-0
592,TAWNEK__ligand15422-0
593,TAWNEK__ligand12934-0
594,TAWNEK__ligand20578-0
595,TAWNEK__ligand2485-0
596,TAWNEK__ligand436-0
597,TAWNEK__ligand3852-0
598,TAWNEK__ligand27893-0
599,TAWNEK__ligand6919-0
600,TAWNEK__ligand14723-0
601,TAWNEK__ligand30988-0
602,TAWNEK__ligand5331-0
603,TAWNEK__ligand692-0
604,TAWNEK__ligand1512-0
605,TAWNEK__ligand23713-0
606,TAWNEK__ligand18832-0
607,TAWNEK__ligand3565-0
608,TAWNEK__ligand27175-0
609,TAWNEK__ligand3718-0
610,TAWNEK__ligand27460-0
611,TAWNEK__ligand6616-0
612,TAWNEK__ligand3876-0
613,TAWNEK__ligand1343-0
614,TAWNEK__ligand3035-0
615,TAWNEK__ligand1844-0
616,TAWNEK__ligand4661-0
617,TAWNEK__ligand16628-0
618,TAWNEK__ligand3504-0
619,TAWNEK__ligand1959-0
620,TAWNEK__ligand49-0
621,TAWNEK__ligand1573-0
622,TAWNEK__ligand20740-0
623,TAWNEK__ligand1536-0
624,TAWNEK__ligand28468-0
625,TAWNEK__ligand12427-0
626,TAWNEK__ligand9935-0
627,TAWNEK__ligand29410-0
628,TAWNEK__ligand12337-0
629,TAWNEK__ligand9908-0
630,TAWNEK__ligand1263-0
631,TAWNEK__ligand26540-0
632,TAWNEK__ligand17281-0
633,TAWNEK__ligand30296-0
634,TAWNEK__ligand633-0
635,TAWNEK__ligand89-0
636,TAWNEK__ligand497-0
637,TAWNEK__ligand7242-0
638,TAWNEK__ligand12606-0
639,TAWNEK__ligand30333-0
640,TAWNEK__ligand7106-0
641,TAWNEK__ligand5849-0
642,TAWNEK__ligand178-0
643,TAWNEK__ligand31248-0
644,TAWNEK__ligand57-0
645,TAWNEK__ligand279-0
646,TAWNEK__ligand25650-0
647,TAWNEK__ligand185-0
648,TAWNEK__ligand3392-0
649,TAWNEK__ligand19257-0
650,TAWNEK__ligand321-0
651,TAWNEK__ligand13209-0
652,TAWNEK__ligand1771-0
653,TAWNEK__ligand4911-0
654,TAWNEK__ligand12660-0
655,TAWNEK__ligand1709-0
656,TAWNEK__ligand11206-0
657,TAWNEK__ligand8464-0
658,TAWNEK__ligand8349-0
659,TAWNEK__ligand23124-0
660,TAWNEK__ligand12519-0
661,TAWNEK__ligand25735-0
662,TAWNEK__ligand201-0
663,TAWNEK__ligand2527-0
664,TAWNEK__ligand21132-0
665,TAWNEK__ligand3871-0
666,TAWNEK__ligand1469-0
667,TAWNEK__ligand11166-0
668,TAWNEK__ligand338-0
669,TAWNEK__ligand23906-0
670,TAWNEK__ligand1768-0
671,TAWNEK__ligand5056-0
672,TAWNEK__ligand4850-0
673,TAWNEK__ligand1688-0
674,TAWNEK__ligand30539-0
675,TAWNEK__ligand5357-0
676,TAWNEK__ligand3647-0
677,TAWNEK__ligand3157-0
678,TAWNEK__ligand1165-0
679,TAWNEK__ligand25575-0
680,TAWNEK__ligand21787-0
681,TAWNEK__ligand25689-0
682,TAWNEK__ligand9525-0
683,TAWNEK__ligand12295-0
684,TAWNEK__ligand27835-0
685,TAWNEK__ligand5935-0
686,TAWNEK__ligand1-0
687,TAWNEK__ligand1379-0
688,TAWNEK__ligand2722-0
689,TAWNEK__ligand14523-0
690,TAWNEK__ligand27169-0
691,TAWNEK__ligand18391-0
692,TAWNEK__ligand34-0
693,TAWNEK__ligand5094-0
694,TAWNEK__ligand5892-0
695,TAWNEK__ligand25805-0
696,TAWNEK__ligand22981-0
697,TAWNEK__ligand20599-0
698,TAWNEK__ligand3-0
699,TAWNEK__ligand4131-0
700,TAWNEK__ligand1712-0
701,TAWNEK__ligand27074-0
702,TAWNEK__ligand845-0
703,TAWNEK__ligand23904-0
704,TAWNEK__ligand7557-0
705,TAWNEK__ligand1496-0
706,TAWNEK__ligand13257-0
707,TAWNEK__ligand21936-0
708,TAWNEK__ligand1533-0
709,TAWNEK__ligand12467-0
710,TAWNEK__ligand163-0
711,TAWNEK__ligand126-0
712,TAWNEK__ligand25267-0
713,TAWNEK__ligand10084-0
714,TAWNEK__ligand9809-0
715,TAWNEK__ligand6672-0
716,TAWNEK__ligand1327-0
717,TAWNEK__ligand8722-0
718,TAWNEK__ligand11140-0
719,TAWNEK__ligand7573-0
720,TAWNEK__ligand2781-0
721,TAWNEK__ligand777-0
722,TAWNEK__ligand3350-0
723,TAWNEK__ligand29610-0
724,TAWNEK__ligand3208-0
725,TAWNEK__ligand29863-0
726,TAWNEK__ligand2208-0
727,TAWNEK__ligand596-0
728,TAWNEK__ligand13869-0
729,TAWNEK__ligand941-0
730,TAWNEK__ligand18074-0
731,TAWNEK__ligand68-0
732,TAWNEK__ligand18465-0
733,TAWNEK__ligand187-0
734,TAWNEK__ligand55-0
735,TAWNEK__ligand18799-0
736,TAWNEK__ligand1900-0
737,TAWNEK__ligand657-0
738,TAWNEK__ligand9197-0
739,TAWNEK__ligand2328-0
740,TAWNEK__ligand1773-0
741,TAWNEK__ligand28668-0
742,TAWNEK__ligand4581-0
743,TAWNEK__ligand16791-0
744,TAWNEK__ligand3029-0
745,TAWNEK__ligand7162-0
746,TAWNEK__ligand366-0
747,TAWNEK__ligand11774-0
748,TAWNEK__ligand2599-0
749,TAWNEK__ligand14586-0
750,TAWNEK__ligand693-0
751,TAWNEK__ligand4330-0
752,TAWNEK__ligand91-0
753,TAWNEK__ligand21421-0
754,TAWNEK__ligand11568-0
755,TAWNEK__ligand7532-0
756,TAWNEK__ligand20579-0
757,TAWNEK__ligand17710-0
758,TAWNEK__ligand4194-0
759,TAWNEK__ligand2068-0
760,TAWNEK__ligand7925-0
761,TAWNEK__ligand10555-0
762,TAWNEK__ligand31483-0
763,TAWNEK__ligand1147-0
764,TAWNEK__ligand19725-0
765,TAWNEK__ligand3973-0
766,TAWNEK__ligand24613-0
767,TAWNEK__ligand51-0
768,TAWNEK__ligand7107-0
769,TAWNEK__ligand12336-0
770,TAWNEK__ligand13072-0
771,TAWNEK__ligand3215-0
772,TAWNEK__ligand5813-0
773,TAWNEK__ligand122-0
774,TAWNEK__ligand4813-0
775,TAWNEK__ligand4738-0
776,TAWNEK__ligand17590-0
777,TAWNEK__ligand48-0
778,TAWNEK__ligand6062-0
779,TAWNEK__ligand17240-0
780,TAWNEK__ligand12682-0
781,TAWNEK__ligand18699-0
782,TAWNEK__ligand6283-0
783,TAWNEK__ligand757-0
784,TAWNEK__ligand17207-0
785,TAWNEK__ligand31578-0
786,TAWNEK__ligand5316-0
787,TAWNEK__ligand17945-0
788,TAWNEK__ligand5483-0
789,TAWNEK__ligand18013-0
790,TAWNEK__ligand25224-0
791,TAWNEK__ligand5627-0
792,TAWNEK__ligand384-0
793,TAWNEK__ligand1729-0
794,TAWNEK__ligand24750-0
795,TAWNEK__ligand2830-0
796,TAWNEK__ligand1415-0
797,TAWNEK__ligand6946-0
798,TAWNEK__ligand7529-0
799,TAWNEK__ligand768-0
800,TAWNEK__ligand28924-0
801,TAWNEK__ligand15438-0
802,TAWNEK__ligand18703-0
803,TAWNEK__ligand9148-0
804,TAWNEK__ligand32-0
805,TAWNEK__ligand29087-0
806,TAWNEK__ligand2403-0
807,TAWNEK__ligand23589-0
808,TAWNEK__ligand24064-0
809,TAWNEK__ligand16-0
810,TAWNEK__ligand15168-0
811,TAWNEK__ligand3934-0
812,TAWNEK__ligand6882-0
813,TAWNEK__ligand6455-0
814,TAWNEK__ligand141-0
815,TAWNEK__ligand22755-0
816,TAWNEK__ligand9681-0
817,TAWNEK__ligand10432-0
818,TAWNEK__ligand31618-0
819,TAWNEK__ligand11432-0
820,TAWNEK__ligand240-0
821,TAWNEK__ligand26277-0
822,TAWNEK__ligand29898-0
823,TAWNEK__ligand4332-0
824,TAWNEK__ligand1449-0
825,TAWNEK__ligand3012-0
826,TAWNEK__ligand7530-0
827,TAWNEK__ligand1065-0
