,TMC
0,QAXBAV__ligand6455-0
1,QAXBAV__ligand6882-0
2,QAXBAV__ligand21752-0
3,QAXBAV__ligand3934-0
4,QAXBAV__ligand38-0
5,QAXBAV__ligand14339-0
6,QAXBAV__ligand30788-0
7,QAXBAV__ligand2403-0
8,QAXBAV__ligand13691-0
9,QAXBAV__ligand1065-0
10,QAXBAV__ligand7530-0
11,QAXBAV__ligand240-0
12,QAXBAV__ligand3012-0
13,QAXBAV__ligand141-0
14,QAXBAV__ligand1449-0
15,QAXBAV__ligand18757-0
16,QAXBAV__ligand24560-0
17,QAXBAV__ligand4332-0
18,QAXBAV__ligand20844-0
19,QAXBAV__ligand18413-0
20,QAXBAV__ligand9681-0
21,QAXBAV__ligand24624-0
22,QAXBAV__ligand20557-0
23,QAXBAV__ligand30004-0
24,QAXBAV__ligand2830-0
25,QAXBAV__ligand1729-0
26,QAXBAV__ligand5627-0
27,QAXBAV__ligand5483-0
28,QAXBAV__ligand384-0
29,QAXBAV__ligand5316-0
30,QAXBAV__ligand20432-0
31,QAXBAV__ligand27122-0
32,QAXBAV__ligand768-0
33,QAXBAV__ligand9148-0
34,QAXBAV__ligand13755-0
35,QAXBAV__ligand16133-0
36,QAXBAV__ligand23445-0
37,QAXBAV__ligand24953-0
38,QAXBAV__ligand25048-0
39,QAXBAV__ligand21940-0
40,QAXBAV__ligand7529-0
41,QAXBAV__ligand6946-0
42,QAXBAV__ligand1415-0
43,QAXBAV__ligand12413-0
44,QAXBAV__ligand3215-0
45,QAXBAV__ligand29334-0
46,QAXBAV__ligand20731-0
47,QAXBAV__ligand11798-0
48,QAXBAV__ligand17069-0
49,QAXBAV__ligand7107-0
50,QAXBAV__ligand14477-0
51,QAXBAV__ligand17445-0
52,QAXBAV__ligand29214-0
53,QAXBAV__ligand11544-0
54,QAXBAV__ligand11501-0
55,QAXBAV__ligand6283-0
56,QAXBAV__ligand122-0
57,QAXBAV__ligand6062-0
58,QAXBAV__ligand21448-0
59,QAXBAV__ligand66-0
60,QAXBAV__ligand757-0
61,QAXBAV__ligand22357-0
62,QAXBAV__ligand11758-0
63,QAXBAV__ligand4738-0
64,QAXBAV__ligand4813-0
65,QAXBAV__ligand5813-0
66,QAXBAV__ligand4194-0
67,QAXBAV__ligand18019-1
68,QAXBAV__ligand14007-0
69,QAXBAV__ligand7532-0
70,QAXBAV__ligand693-0
71,QAXBAV__ligand27550-0
72,QAXBAV__ligand4330-0
73,QAXBAV__ligand42-0
74,QAXBAV__ligand2599-0
75,QAXBAV__ligand20942-1
76,QAXBAV__ligand3973-0
77,QAXBAV__ligand16956-0
78,QAXBAV__ligand21339-0
79,QAXBAV__ligand14226-0
80,QAXBAV__ligand1147-0
81,QAXBAV__ligand29565-0
82,QAXBAV__ligand23682-0
83,QAXBAV__ligand18158-0
84,QAXBAV__ligand7925-0
85,QAXBAV__ligand27771-0
86,QAXBAV__ligand2068-0
87,QAXBAV__ligand777-0
88,QAXBAV__ligand10479-0
89,QAXBAV__ligand27610-0
90,QAXBAV__ligand11479-0
91,QAXBAV__ligand29441-0
92,QAXBAV__ligand10853-0
93,QAXBAV__ligand2208-0
94,QAXBAV__ligand3208-0
95,QAXBAV__ligand24851-0
96,QAXBAV__ligand3350-0
97,QAXBAV__ligand2781-0
98,QAXBAV__ligand7573-0
99,QAXBAV__ligand8722-0
100,QAXBAV__ligand20530-0
101,QAXBAV__ligand11698-0
102,QAXBAV__ligand1327-0
103,QAXBAV__ligand14302-0
104,QAXBAV__ligand6672-0
105,QAXBAV__ligand9809-0
106,QAXBAV__ligand14347-0
107,QAXBAV__ligand13657-0
108,QAXBAV__ligand941-0
109,QAXBAV__ligand596-0
110,QAXBAV__ligand7162-0
111,QAXBAV__ligand657-0
112,QAXBAV__ligand3029-0
113,QAXBAV__ligand20220-0
114,QAXBAV__ligand15387-0
115,QAXBAV__ligand187-0
116,QAXBAV__ligand4581-0
117,QAXBAV__ligand1773-0
118,QAXBAV__ligand2328-0
119,QAXBAV__ligand20121-0
120,QAXBAV__ligand9197-0
121,QAXBAV__ligand366-0
122,QAXBAV__ligand1900-0
123,QAXBAV__ligand29813-0
124,QAXBAV__ligand16952-0
125,QAXBAV__ligand10151-0
126,QAXBAV__ligand1712-0
127,QAXBAV__ligand4131-0
128,QAXBAV__ligand5892-0
129,QAXBAV__ligand5094-0
130,QAXBAV__ligand845-0
131,QAXBAV__ligand22353-0
132,QAXBAV__ligand1533-0
133,QAXBAV__ligand19668-0
134,QAXBAV__ligand126-0
135,QAXBAV__ligand163-0
136,QAXBAV__ligand19906-0
137,QAXBAV__ligand1496-0
138,QAXBAV__ligand7557-0
139,QAXBAV__ligand3647-0
140,QAXBAV__ligand5357-0
141,QAXBAV__ligand26673-0
142,QAXBAV__ligand1688-0
143,QAXBAV__ligand4850-0
144,QAXBAV__ligand5056-0
145,QAXBAV__ligand338-0
146,QAXBAV__ligand20821-0
147,QAXBAV__ligand1768-0
148,QAXBAV__ligand11606-0
149,QAXBAV__ligand1469-0
150,QAXBAV__ligand31000-0
151,QAXBAV__ligand3871-0
152,QAXBAV__ligand2722-0
153,QAXBAV__ligand11252-0
154,QAXBAV__ligand1379-0
155,QAXBAV__ligand10582-0
156,QAXBAV__ligand5935-0
157,QAXBAV__ligand13260-0
158,QAXBAV__ligand9525-0
159,QAXBAV__ligand1165-0
160,QAXBAV__ligand19824-0
161,QAXBAV__ligand18067-0
162,QAXBAV__ligand18-0
163,QAXBAV__ligand3157-0
164,QAXBAV__ligand279-0
165,QAXBAV__ligand185-0
166,QAXBAV__ligand11177-0
167,QAXBAV__ligand4911-0
168,QAXBAV__ligand1771-0
169,QAXBAV__ligand178-0
170,QAXBAV__ligand15455-0
171,QAXBAV__ligand3392-0
172,QAXBAV__ligand17686-0
173,QAXBAV__ligand321-0
174,QAXBAV__ligand25658-0
175,QAXBAV__ligand31205-0
176,QAXBAV__ligand5849-0
177,QAXBAV__ligand11814-0
178,QAXBAV__ligand2527-0
179,QAXBAV__ligand16603-0
180,QAXBAV__ligand16870-0
181,QAXBAV__ligand11622-0
182,QAXBAV__ligand201-0
183,QAXBAV__ligand8349-0
184,QAXBAV__ligand8464-0
185,QAXBAV__ligand1709-0
186,QAXBAV__ligand9935-0
187,QAXBAV__ligand16148-0
188,QAXBAV__ligand26631-0
189,QAXBAV__ligand1536-0
190,QAXBAV__ligand1573-0
191,QAXBAV__ligand12003-0
192,QAXBAV__ligand67-0
193,QAXBAV__ligand1959-0
194,QAXBAV__ligand21399-0
195,QAXBAV__ligand3504-0
196,QAXBAV__ligand10872-0
197,QAXBAV__ligand29215-0
198,QAXBAV__ligand4661-0
199,QAXBAV__ligand1844-0
200,QAXBAV__ligand3035-0
201,QAXBAV__ligand1343-0
202,QAXBAV__ligand3876-0
203,QAXBAV__ligand6616-0
204,QAXBAV__ligand3718-0
205,QAXBAV__ligand20695-0
206,QAXBAV__ligand27754-0
207,QAXBAV__ligand7106-0
208,QAXBAV__ligand633-0
209,QAXBAV__ligand16369-0
210,QAXBAV__ligand7242-0
211,QAXBAV__ligand28540-0
212,QAXBAV__ligand11111-0
213,QAXBAV__ligand22403-0
214,QAXBAV__ligand497-0
215,QAXBAV__ligand1263-0
216,QAXBAV__ligand9908-0
217,QAXBAV__ligand3094-0
218,QAXBAV__ligand4155-0
219,QAXBAV__ligand11618-0
220,QAXBAV__ligand5211-0
221,QAXBAV__ligand6839-0
222,QAXBAV__ligand8969-0
223,QAXBAV__ligand3937-0
224,QAXBAV__ligand1202-0
225,QAXBAV__ligand3174-0
226,QAXBAV__ligand3131-0
227,QAXBAV__ligand326-0
228,QAXBAV__ligand26529-0
229,QAXBAV__ligand4720-0
230,QAXBAV__ligand21729-0
231,QAXBAV__ligand3565-0
232,QAXBAV__ligand436-0
233,QAXBAV__ligand27239-0
234,QAXBAV__ligand1512-0
235,QAXBAV__ligand43-0
236,QAXBAV__ligand5331-0
237,QAXBAV__ligand19927-0
238,QAXBAV__ligand6919-0
239,QAXBAV__ligand3852-0
240,QAXBAV__ligand2485-0
241,QAXBAV__ligand28559-0
242,QAXBAV__ligand26324-0
243,QAXBAV__ligand14043-0
244,QAXBAV__ligand692-0
245,QAXBAV__ligand8115-0
246,QAXBAV__ligand25561-0
247,QAXBAV__ligand6768-0
248,QAXBAV__ligand1982-0
249,QAXBAV__ligand7000-0
250,QAXBAV__ligand1285-0
251,QAXBAV__ligand11949-0
252,QAXBAV__ligand4503-0
253,QAXBAV__ligand4546-0
254,QAXBAV__ligand22129-0
255,QAXBAV__ligand12138-0
256,QAXBAV__ligand24780-0
257,QAXBAV__ligand9833-0
258,QAXBAV__ligand2828-0
259,QAXBAV__ligand8876-0
260,QAXBAV__ligand7648-0
261,QAXBAV__ligand5256-0
262,QAXBAV__ligand17427-0
263,QAXBAV__ligand8-0
264,QAXBAV__ligand4157-0
265,QAXBAV__ligand324-0
266,QAXBAV__ligand361-0
267,QAXBAV__ligand2232-0
268,QAXBAV__ligand31694-0
269,QAXBAV__ligand409-0
270,QAXBAV__ligand2176-0
271,QAXBAV__ligand29486-0
272,QAXBAV__ligand9291-0
273,QAXBAV__ligand13220-0
274,QAXBAV__ligand11587-0
275,QAXBAV__ligand9784-0
276,QAXBAV__ligand17396-0
277,QAXBAV__ligand1451-0
278,QAXBAV__ligand4272-0
279,QAXBAV__ligand23175-0
280,QAXBAV__ligand7629-0
281,QAXBAV__ligand15788-0
282,QAXBAV__ligand588-0
283,QAXBAV__ligand14569-0
284,QAXBAV__ligand4442-0
285,QAXBAV__ligand4093-0
286,QAXBAV__ligand13385-0
287,QAXBAV__ligand3954-0
288,QAXBAV__ligand24111-0
289,QAXBAV__ligand9520-0
290,QAXBAV__ligand22444-0
291,QAXBAV__ligand300-0
292,QAXBAV__ligand8699-0
293,QAXBAV__ligand1160-0
294,QAXBAV__ligand4016-0
295,QAXBAV__ligand10033-0
296,QAXBAV__ligand24644-0
297,QAXBAV__ligand12001-0
298,QAXBAV__ligand7867-0
299,QAXBAV__ligand6709-0
300,QAXBAV__ligand1219-0
301,QAXBAV__ligand27840-0
302,QAXBAV__ligand1790-0
303,QAXBAV__ligand1304-0
304,QAXBAV__ligand7280-0
305,QAXBAV__ligand30728-0
306,QAXBAV__ligand7238-0
307,QAXBAV__ligand199-0
308,QAXBAV__ligand24872-0
309,QAXBAV__ligand16988-0
310,QAXBAV__ligand25913-0
311,QAXBAV__ligand19-0
312,QAXBAV__ligand2915-0
313,QAXBAV__ligand3156-0
314,QAXBAV__ligand670-0
315,QAXBAV__ligand11682-0
316,QAXBAV__ligand1378-0
317,QAXBAV__ligand20207-0
318,QAXBAV__ligand30711-0
319,QAXBAV__ligand571-0
320,QAXBAV__ligand534-0
321,QAXBAV__ligand6244-0
322,QAXBAV__ligand9441-0
323,QAXBAV__ligand24035-0
324,QAXBAV__ligand2332-0
325,QAXBAV__ligand31842-0
326,QAXBAV__ligand31044-0
327,QAXBAV__ligand11994-0
328,QAXBAV__ligand1530-0
329,QAXBAV__ligand16663-0
330,QAXBAV__ligand1575-0
331,QAXBAV__ligand24-0
332,QAXBAV__ligand9933-0
333,QAXBAV__ligand14614-0
334,QAXBAV__ligand1631-0
335,QAXBAV__ligand1324-0
336,QAXBAV__ligand28930-0
337,QAXBAV__ligand22168-0
338,QAXBAV__ligand22294-0
339,QAXBAV__ligand8721-0
340,QAXBAV__ligand21919-0
341,QAXBAV__ligand1823-0
342,QAXBAV__ligand694-0
343,QAXBAV__ligand5643-0
344,QAXBAV__ligand358-0
345,QAXBAV__ligand1615-0
346,QAXBAV__ligand430-0
347,QAXBAV__ligand10056-0
348,QAXBAV__ligand5036-0
349,QAXBAV__ligand2526-0
350,QAXBAV__ligand12365-0
351,QAXBAV__ligand488-0
352,QAXBAV__ligand9111-0
353,QAXBAV__ligand9952-0
354,QAXBAV__ligand13862-0
355,QAXBAV__ligand11357-0
356,QAXBAV__ligand15531-0
357,QAXBAV__ligand45-0
358,QAXBAV__ligand28743-0
359,QAXBAV__ligand28810-0
360,QAXBAV__ligand11096-0
361,QAXBAV__ligand11447-0
362,QAXBAV__ligand24230-0
363,QAXBAV__ligand9601-0
364,QAXBAV__ligand78-0
365,QAXBAV__ligand15926-0
366,QAXBAV__ligand19792-0
367,QAXBAV__ligand10828-0
368,QAXBAV__ligand8992-0
369,QAXBAV__ligand1018-0
370,QAXBAV__ligand11970-0
371,QAXBAV__ligand4116-0
372,QAXBAV__ligand7967-0
373,QAXBAV__ligand15883-0
374,QAXBAV__ligand3707-0
375,QAXBAV__ligand6124-0
376,QAXBAV__ligand13477-0
377,QAXBAV__ligand14167-0
378,QAXBAV__ligand3234-0
379,QAXBAV__ligand1142-0
380,QAXBAV__ligand30142-0
381,QAXBAV__ligand27669-0
382,QAXBAV__ligand656-0
383,QAXBAV__ligand7126-0
384,QAXBAV__ligand2028-0
385,QAXBAV__ligand8835-0
386,QAXBAV__ligand23197-0
387,QAXBAV__ligand4641-0
388,QAXBAV__ligand696-0
389,QAXBAV__ligand27285-0
390,QAXBAV__ligand29029-0
391,QAXBAV__ligand13672-0
392,QAXBAV__ligand162-0
393,QAXBAV__ligand4620-0
394,QAXBAV__ligand28685-0
395,QAXBAV__ligand226-0
396,QAXBAV__ligand18568-0
397,QAXBAV__ligand416-0
398,QAXBAV__ligand6067-0
399,QAXBAV__ligand1577-0
400,QAXBAV__ligand10371-0
401,QAXBAV__ligand2295-0
402,QAXBAV__ligand383-0
403,QAXBAV__ligand2917-0
404,QAXBAV__ligand7819-0
405,QAXBAV__ligand18448-0
406,QAXBAV__ligand12453-0
407,QAXBAV__ligand28459-0
408,QAXBAV__ligand19184-0
409,QAXBAV__ligand3465-0
410,QAXBAV__ligand6904-0
411,QAXBAV__ligand3721-0
412,QAXBAV__ligand6596-0
413,QAXBAV__ligand6102-0
414,QAXBAV__ligand17-0
415,QAXBAV__ligand17281-0
416,QAXBAV__ligand1197-0
417,QAXBAV__ligand5099-0
418,QAXBAV__ligand8592-0
419,QAXBAV__ligand30296-0
420,QAXBAV__ligand12337-0
421,QAXBAV__ligand1296-0
422,QAXBAV__ligand29410-0
423,QAXBAV__ligand26540-0
424,QAXBAV__ligand2259-0
425,QAXBAV__ligand30333-0
426,QAXBAV__ligand252-0
427,QAXBAV__ligand9773-0
428,QAXBAV__ligand12606-0
429,QAXBAV__ligand116-0
430,QAXBAV__ligand5510-0
431,QAXBAV__ligand1376-0
432,QAXBAV__ligand4101-0
433,QAXBAV__ligand5595-0
434,QAXBAV__ligand193-0
435,QAXBAV__ligand27460-0
436,QAXBAV__ligand20740-0
437,QAXBAV__ligand28468-0
438,QAXBAV__ligand2221-0
439,QAXBAV__ligand372-0
440,QAXBAV__ligand12427-0
441,QAXBAV__ligand4358-0
442,QAXBAV__ligand16628-0
443,QAXBAV__ligand3120-0
444,QAXBAV__ligand3926-0
445,QAXBAV__ligand830-0
446,QAXBAV__ligand27893-0
447,QAXBAV__ligand14723-0
448,QAXBAV__ligand5509-0
449,QAXBAV__ligand909-0
450,QAXBAV__ligand8002-0
451,QAXBAV__ligand19641-0
452,QAXBAV__ligand6117-0
453,QAXBAV__ligand1407-0
454,QAXBAV__ligand15422-0
455,QAXBAV__ligand20578-0
456,QAXBAV__ligand12934-0
457,QAXBAV__ligand7762-0
458,QAXBAV__ligand5080-0
459,QAXBAV__ligand18832-0
460,QAXBAV__ligand27175-0
461,QAXBAV__ligand23713-0
462,QAXBAV__ligand30988-0
463,QAXBAV__ligand17258-0
464,QAXBAV__ligand2238-0
465,QAXBAV__ligand14297-0
466,QAXBAV__ligand14603-0
467,QAXBAV__ligand26665-0
468,QAXBAV__ligand9167-0
469,QAXBAV__ligand17631-0
470,QAXBAV__ligand5304-0
471,QAXBAV__ligand13012-0
472,QAXBAV__ligand2822-0
473,QAXBAV__ligand7293-0
474,QAXBAV__ligand177-0
475,QAXBAV__ligand1317-0
476,QAXBAV__ligand3867-0
477,QAXBAV__ligand31783-0
478,QAXBAV__ligand9299-0
479,QAXBAV__ligand23769-0
480,QAXBAV__ligand24185-0
481,QAXBAV__ligand2985-0
482,QAXBAV__ligand25178-0
483,QAXBAV__ligand4007-0
484,QAXBAV__ligand89-0
485,QAXBAV__ligand9883-0
486,QAXBAV__ligand3677-1
487,QAXBAV__ligand188-0
488,QAXBAV__ligand17302-0
489,QAXBAV__ligand17805-0
490,QAXBAV__ligand7291-0
491,QAXBAV__ligand3736-0
492,QAXBAV__ligand12130-0
493,QAXBAV__ligand620-0
494,QAXBAV__ligand17387-0
495,QAXBAV__ligand12289-0
496,QAXBAV__ligand370-1
497,QAXBAV__ligand8000-0
498,QAXBAV__ligand18292-0
499,QAXBAV__ligand13658-0
500,QAXBAV__ligand26702-0
501,QAXBAV__ligand12231-0
502,QAXBAV__ligand564-0
503,QAXBAV__ligand9344-0
504,QAXBAV__ligand479-0
505,QAXBAV__ligand24145-0
506,QAXBAV__ligand15585-0
507,QAXBAV__ligand785-0
508,QAXBAV__ligand311-0
509,QAXBAV__ligand2693-0
510,QAXBAV__ligand12401-0
511,QAXBAV__ligand5383-0
512,QAXBAV__ligand49-0
513,QAXBAV__ligand19830-0
514,QAXBAV__ligand13068-0
515,QAXBAV__ligand3945-0
516,QAXBAV__ligand10476-0
517,QAXBAV__ligand1499-0
518,QAXBAV__ligand2881-0
519,QAXBAV__ligand27763-0
520,QAXBAV__ligand3712-0
521,QAXBAV__ligand1464-0
522,QAXBAV__ligand10262-0
523,QAXBAV__ligand28676-0
524,QAXBAV__ligand1211-0
525,QAXBAV__ligand18814-0
526,QAXBAV__ligand19057-0
527,QAXBAV__ligand6892-0
528,QAXBAV__ligand13425-0
529,QAXBAV__ligand29302-0
530,QAXBAV__ligand370-0
531,QAXBAV__ligand14108-0
532,QAXBAV__ligand1168-0
533,QAXBAV__ligand1294-0
534,QAXBAV__ligand3632-0
535,QAXBAV__ligand3677-0
536,QAXBAV__ligand12641-0
537,QAXBAV__ligand250-0
538,QAXBAV__ligand6699-0
539,QAXBAV__ligand10958-0
540,QAXBAV__ligand14174-0
541,QAXBAV__ligand1114-0
542,QAXBAV__ligand10712-0
543,QAXBAV__ligand3126-0
544,QAXBAV__ligand6391-0
545,QAXBAV__ligand11456-0
546,QAXBAV__ligand69-0
547,QAXBAV__ligand9284-0
548,QAXBAV__ligand25411-0
549,QAXBAV__ligand294-0
550,QAXBAV__ligand2417-0
551,QAXBAV__ligand8788-0
552,QAXBAV__ligand685-0
553,QAXBAV__ligand1832-0
554,QAXBAV__ligand2043-0
555,QAXBAV__ligand13294-0
556,QAXBAV__ligand31832-0
557,QAXBAV__ligand9943-0
558,QAXBAV__ligand1228-0
559,QAXBAV__ligand29879-0
560,QAXBAV__ligand14248-0
561,QAXBAV__ligand11-0
562,QAXBAV__ligand12030-0
563,QAXBAV__ligand421-0
564,QAXBAV__ligand28884-0
565,QAXBAV__ligand13331-0
566,QAXBAV__ligand1604-0
567,QAXBAV__ligand26810-0
568,QAXBAV__ligand27482-0
569,QAXBAV__ligand134-0
570,QAXBAV__ligand4-0
571,QAXBAV__ligand9450-0
572,QAXBAV__ligand13208-0
573,QAXBAV__ligand235-0
574,QAXBAV__ligand1599-0
575,QAXBAV__ligand2612-0
576,QAXBAV__ligand13390-0
577,QAXBAV__ligand1289-0
578,QAXBAV__ligand2203-0
579,QAXBAV__ligand5387-0
580,QAXBAV__ligand560-0
581,QAXBAV__ligand20682-0
582,QAXBAV__ligand4711-0
583,QAXBAV__ligand14117-0
584,QAXBAV__ligand3244-0
585,QAXBAV__ligand352-0
586,QAXBAV__ligand783-0
587,QAXBAV__ligand17261-0
588,QAXBAV__ligand2906-0
589,QAXBAV__ligand20251-0
590,QAXBAV__ligand20214-0
591,QAXBAV__ligand30702-0
592,QAXBAV__ligand20539-0
593,QAXBAV__ligand8793-0
594,QAXBAV__ligand2788-0
595,QAXBAV__ligand5649-0
596,QAXBAV__ligand31097-0
597,QAXBAV__ligand21581-0
598,QAXBAV__ligand4649-0
599,QAXBAV__ligand7196-0
600,QAXBAV__ligand29568-0
601,QAXBAV__ligand5159-0
602,QAXBAV__ligand5530-0
603,QAXBAV__ligand1356-0
604,QAXBAV__ligand1787-0
605,QAXBAV__ligand9753-0
606,QAXBAV__ligand14889-0
607,QAXBAV__ligand30851-0
608,QAXBAV__ligand3178-0
609,QAXBAV__ligand21371-0
610,QAXBAV__ligand868-0
611,QAXBAV__ligand17118-0
612,QAXBAV__ligand20419-0
613,QAXBAV__ligand28789-0
614,QAXBAV__ligand4807-0
615,QAXBAV__ligand17398-0
616,QAXBAV__ligand5180-0
617,QAXBAV__ligand24047-0
618,QAXBAV__ligand22557-0
619,QAXBAV__ligand10589-0
620,QAXBAV__ligand20598-0
621,QAXBAV__ligand11675-0
622,QAXBAV__ligand17982-0
623,QAXBAV__ligand7316-0
624,QAXBAV__ligand29414-0
625,QAXBAV__ligand17278-0
626,QAXBAV__ligand20011-0
627,QAXBAV__ligand5708-0
628,QAXBAV__ligand6017-0
629,QAXBAV__ligand8612-0
630,QAXBAV__ligand2124-0
631,QAXBAV__ligand1153-0
632,QAXBAV__ligand3225-0
633,QAXBAV__ligand1116-0
634,QAXBAV__ligand20251-1
635,QAXBAV__ligand7092-0
636,QAXBAV__ligand2260-0
637,QAXBAV__ligand14703-0
638,QAXBAV__ligand16475-0
639,QAXBAV__ligand7273-0
640,QAXBAV__ligand197-0
641,QAXBAV__ligand9323-0
642,QAXBAV__ligand7172-0
643,QAXBAV__ligand26277-0
644,QAXBAV__ligand1618-0
645,QAXBAV__ligand29898-0
646,QAXBAV__ligand2692-0
647,QAXBAV__ligand784-0
648,QAXBAV__ligand48-0
649,QAXBAV__ligand22755-0
650,QAXBAV__ligand31618-0
651,QAXBAV__ligand11432-0
652,QAXBAV__ligand10432-0
653,QAXBAV__ligand4262-0
654,QAXBAV__ligand1028-0
655,QAXBAV__ligand24064-0
656,QAXBAV__ligand1-0
657,QAXBAV__ligand1050-0
658,QAXBAV__ligand1015-0
659,QAXBAV__ligand2027-0
660,QAXBAV__ligand23589-0
661,QAXBAV__ligand395-0
662,QAXBAV__ligand15168-0
663,QAXBAV__ligand368-0
664,QAXBAV__ligand28924-0
665,QAXBAV__ligand115-0
666,QAXBAV__ligand15438-0
667,QAXBAV__ligand1169-0
668,QAXBAV__ligand8529-0
669,QAXBAV__ligand29087-0
670,QAXBAV__ligand18703-0
671,QAXBAV__ligand51-0
672,QAXBAV__ligand17945-0
673,QAXBAV__ligand833-0
674,QAXBAV__ligand18013-0
675,QAXBAV__ligand25224-0
676,QAXBAV__ligand9615-0
677,QAXBAV__ligand31578-0
678,QAXBAV__ligand1154-0
679,QAXBAV__ligand91-0
680,QAXBAV__ligand17207-0
681,QAXBAV__ligand24750-0
682,QAXBAV__ligand1498-0
683,QAXBAV__ligand4596-0
684,QAXBAV__ligand8553-0
685,QAXBAV__ligand1113-0
686,QAXBAV__ligand17240-0
687,QAXBAV__ligand17590-0
688,QAXBAV__ligand5201-0
689,QAXBAV__ligand12682-0
690,QAXBAV__ligand506-0
691,QAXBAV__ligand18699-0
692,QAXBAV__ligand7566-0
693,QAXBAV__ligand152-0
694,QAXBAV__ligand2001-0
695,QAXBAV__ligand16-0
696,QAXBAV__ligand13072-0
697,QAXBAV__ligand9944-0
698,QAXBAV__ligand8593-0
699,QAXBAV__ligand12336-0
700,QAXBAV__ligand176-0
701,QAXBAV__ligand10555-0
702,QAXBAV__ligand2823-0
703,QAXBAV__ligand31483-0
704,QAXBAV__ligand6995-0
705,QAXBAV__ligand3-0
706,QAXBAV__ligand24613-0
707,QAXBAV__ligand447-0
708,QAXBAV__ligand3180-0
709,QAXBAV__ligand19725-0
710,QAXBAV__ligand2281-0
711,QAXBAV__ligand32-0
712,QAXBAV__ligand2650-0
713,QAXBAV__ligand746-0
714,QAXBAV__ligand4340-0
715,QAXBAV__ligand487-0
716,QAXBAV__ligand5415-0
717,QAXBAV__ligand21421-0
718,QAXBAV__ligand11774-0
719,QAXBAV__ligand14586-0
720,QAXBAV__ligand4124-0
721,QAXBAV__ligand3471-0
722,QAXBAV__ligand4161-0
723,QAXBAV__ligand11568-0
724,QAXBAV__ligand17710-0
725,QAXBAV__ligand20579-0
726,QAXBAV__ligand393-0
727,QAXBAV__ligand4795-0
728,QAXBAV__ligand3285-0
729,QAXBAV__ligand1908-0
730,QAXBAV__ligand18465-0
731,QAXBAV__ligand18799-0
732,QAXBAV__ligand5630-0
733,QAXBAV__ligand16791-0
734,QAXBAV__ligand1786-0
735,QAXBAV__ligand28668-0
736,QAXBAV__ligand8042-0
737,QAXBAV__ligand29610-0
738,QAXBAV__ligand6112-0
739,QAXBAV__ligand1828-0
740,QAXBAV__ligand1397-0
741,QAXBAV__ligand11140-0
742,QAXBAV__ligand7213-0
743,QAXBAV__ligand4710-0
744,QAXBAV__ligand5755-0
745,QAXBAV__ligand353-0
746,QAXBAV__ligand3144-0
747,QAXBAV__ligand29863-0
748,QAXBAV__ligand5085-0
749,QAXBAV__ligand18074-0
750,QAXBAV__ligand13869-0
751,QAXBAV__ligand13257-0
752,QAXBAV__ligand196-0
753,QAXBAV__ligand1849-0
754,QAXBAV__ligand21936-0
755,QAXBAV__ligand23904-0
756,QAXBAV__ligand25267-0
757,QAXBAV__ligand1216-0
758,QAXBAV__ligand10084-0
759,QAXBAV__ligand5019-0
760,QAXBAV__ligand3261-0
761,QAXBAV__ligand1152-0
762,QAXBAV__ligand12467-0
763,QAXBAV__ligand422-0
764,QAXBAV__ligand57-0
765,QAXBAV__ligand27169-0
766,QAXBAV__ligand14523-0
767,QAXBAV__ligand18391-0
768,QAXBAV__ligand27074-0
769,QAXBAV__ligand5515-0
770,QAXBAV__ligand6663-0
771,QAXBAV__ligand25805-0
772,QAXBAV__ligand22981-0
773,QAXBAV__ligand5614-0
774,QAXBAV__ligand20599-0
775,QAXBAV__ligand686-0
776,QAXBAV__ligand5280-0
777,QAXBAV__ligand1831-0
778,QAXBAV__ligand21787-0
779,QAXBAV__ligand25575-0
780,QAXBAV__ligand25689-0
781,QAXBAV__ligand55-0
782,QAXBAV__ligand8200-0
783,QAXBAV__ligand7438-0
784,QAXBAV__ligand465-0
785,QAXBAV__ligand4063-0
786,QAXBAV__ligand12295-0
787,QAXBAV__ligand3042-0
788,QAXBAV__ligand27835-0
789,QAXBAV__ligand314-1
790,QAXBAV__ligand23906-0
791,QAXBAV__ligand4207-0
792,QAXBAV__ligand21132-0
793,QAXBAV__ligand3416-0
794,QAXBAV__ligand11166-0
795,QAXBAV__ligand3453-0
796,QAXBAV__ligand1150-0
797,QAXBAV__ligand30539-0
798,QAXBAV__ligand68-0
799,QAXBAV__ligand1539-0
800,QAXBAV__ligand4167-0
801,QAXBAV__ligand12519-0
802,QAXBAV__ligand25735-0
803,QAXBAV__ligand11206-0
804,QAXBAV__ligand4266-0
805,QAXBAV__ligand1400-0
806,QAXBAV__ligand23124-0
807,QAXBAV__ligand9491-0
808,QAXBAV__ligand813-0
809,QAXBAV__ligand1288-0
810,QAXBAV__ligand314-0
811,QAXBAV__ligand780-0
812,QAXBAV__ligand3557-0
813,QAXBAV__ligand31248-0
814,QAXBAV__ligand3980-0
815,QAXBAV__ligand1149-0
816,QAXBAV__ligand25650-0
817,QAXBAV__ligand34-0
818,QAXBAV__ligand391-0
819,QAXBAV__ligand7075-0
820,QAXBAV__ligand9750-0
821,QAXBAV__ligand618-0
822,QAXBAV__ligand12660-0
823,QAXBAV__ligand19257-0
824,QAXBAV__ligand13209-0
825,QAXBAV__ligand1779-0
826,QAXBAV__ligand1817-0
827,QAXBAV__ligand6993-0
