,TMC
0,IZUKAQ__ligand4503-0
1,IZUKAQ__ligand4546-0
2,IZUKAQ__ligand17278-0
3,IZUKAQ__ligand20011-0
4,IZUKAQ__ligand29414-0
5,IZUKAQ__ligand17982-0
6,IZUKAQ__ligand11675-0
7,IZUKAQ__ligand20598-0
8,IZUKAQ__ligand22557-0
9,IZUKAQ__ligand10589-0
10,IZUKAQ__ligand1285-0
11,IZUKAQ__ligand24047-0
12,IZUKAQ__ligand67-0
13,IZUKAQ__ligand8115-0
14,IZUKAQ__ligand6768-0
15,IZUKAQ__ligand17398-0
16,IZUKAQ__ligand1982-0
17,IZUKAQ__ligand909-0
18,IZUKAQ__ligand7000-0
19,IZUKAQ__ligand2176-0
20,IZUKAQ__ligand9291-0
21,IZUKAQ__ligand177-0
22,IZUKAQ__ligand2232-0
23,IZUKAQ__ligand16475-0
24,IZUKAQ__ligand14703-0
25,IZUKAQ__ligand20251-1
26,IZUKAQ__ligand4157-0
27,IZUKAQ__ligand9833-0
28,IZUKAQ__ligand2828-0
29,IZUKAQ__ligand8876-0
30,IZUKAQ__ligand7648-0
31,IZUKAQ__ligand5256-0
32,IZUKAQ__ligand252-0
33,IZUKAQ__ligand9520-0
34,IZUKAQ__ligand8699-0
35,IZUKAQ__ligand31097-0
36,IZUKAQ__ligand21581-0
37,IZUKAQ__ligand1160-0
38,IZUKAQ__ligand20539-0
39,IZUKAQ__ligand116-0
40,IZUKAQ__ligand4442-0
41,IZUKAQ__ligand4093-0
42,IZUKAQ__ligand20214-0
43,IZUKAQ__ligand30702-0
44,IZUKAQ__ligand3954-0
45,IZUKAQ__ligand20251-0
46,IZUKAQ__ligand1451-0
47,IZUKAQ__ligand4272-0
48,IZUKAQ__ligand7629-0
49,IZUKAQ__ligand17261-0
50,IZUKAQ__ligand9784-0
51,IZUKAQ__ligand14117-0
52,IZUKAQ__ligand7238-0
53,IZUKAQ__ligand372-0
54,IZUKAQ__ligand28789-0
55,IZUKAQ__ligand20419-0
56,IZUKAQ__ligand830-0
57,IZUKAQ__ligand17118-0
58,IZUKAQ__ligand1790-0
59,IZUKAQ__ligand1304-0
60,IZUKAQ__ligand21371-0
61,IZUKAQ__ligand7280-0
62,IZUKAQ__ligand30851-0
63,IZUKAQ__ligand7867-0
64,IZUKAQ__ligand14889-0
65,IZUKAQ__ligand43-0
66,IZUKAQ__ligand1219-0
67,IZUKAQ__ligand6709-0
68,IZUKAQ__ligand4016-0
69,IZUKAQ__ligand29568-0
70,IZUKAQ__ligand193-0
71,IZUKAQ__ligand1343-0
72,IZUKAQ__ligand3876-0
73,IZUKAQ__ligand3035-0
74,IZUKAQ__ligand6616-0
75,IZUKAQ__ligand3718-0
76,IZUKAQ__ligand1844-0
77,IZUKAQ__ligand4661-0
78,IZUKAQ__ligand370-0
79,IZUKAQ__ligand1959-0
80,IZUKAQ__ligand3504-0
81,IZUKAQ__ligand13208-0
82,IZUKAQ__ligand9935-0
83,IZUKAQ__ligand1536-0
84,IZUKAQ__ligand27482-0
85,IZUKAQ__ligand1573-0
86,IZUKAQ__ligand26810-0
87,IZUKAQ__ligand20682-0
88,IZUKAQ__ligand1263-0
89,IZUKAQ__ligand9908-0
90,IZUKAQ__ligand250-0
91,IZUKAQ__ligand7242-0
92,IZUKAQ__ligand13390-0
93,IZUKAQ__ligand7106-0
94,IZUKAQ__ligand188-0
95,IZUKAQ__ligand4720-0
96,IZUKAQ__ligand6839-0
97,IZUKAQ__ligand8969-0
98,IZUKAQ__ligand3174-0
99,IZUKAQ__ligand3937-0
100,IZUKAQ__ligand1202-0
101,IZUKAQ__ligand3131-0
102,IZUKAQ__ligand25411-0
103,IZUKAQ__ligand5211-0
104,IZUKAQ__ligand11456-0
105,IZUKAQ__ligand3094-0
106,IZUKAQ__ligand4155-0
107,IZUKAQ__ligand10712-0
108,IZUKAQ__ligand14174-0
109,IZUKAQ__ligand13331-0
110,IZUKAQ__ligand311-0
111,IZUKAQ__ligand28884-0
112,IZUKAQ__ligand785-0
113,IZUKAQ__ligand479-0
114,IZUKAQ__ligand12030-0
115,IZUKAQ__ligand6919-0
116,IZUKAQ__ligand3852-0
117,IZUKAQ__ligand14248-0
118,IZUKAQ__ligand2485-0
119,IZUKAQ__ligand29879-0
120,IZUKAQ__ligand1512-0
121,IZUKAQ__ligand370-1
122,IZUKAQ__ligand31832-0
123,IZUKAQ__ligand5331-0
124,IZUKAQ__ligand13294-0
125,IZUKAQ__ligand620-0
126,IZUKAQ__ligand3565-0
127,IZUKAQ__ligand564-0
128,IZUKAQ__ligand13425-0
129,IZUKAQ__ligand29302-0
130,IZUKAQ__ligand7126-0
131,IZUKAQ__ligand19057-0
132,IZUKAQ__ligand18814-0
133,IZUKAQ__ligand2028-0
134,IZUKAQ__ligand8835-0
135,IZUKAQ__ligand28676-0
136,IZUKAQ__ligand10262-0
137,IZUKAQ__ligand134-0
138,IZUKAQ__ligand19-0
139,IZUKAQ__ligand27763-0
140,IZUKAQ__ligand235-0
141,IZUKAQ__ligand1142-0
142,IZUKAQ__ligand3234-0
143,IZUKAQ__ligand10958-0
144,IZUKAQ__ligand560-0
145,IZUKAQ__ligand24-0
146,IZUKAQ__ligand12641-0
147,IZUKAQ__ligand4641-0
148,IZUKAQ__ligand14108-0
149,IZUKAQ__ligand45-0
150,IZUKAQ__ligand294-0
151,IZUKAQ__ligand17805-0
152,IZUKAQ__ligand1577-0
153,IZUKAQ__ligand6067-0
154,IZUKAQ__ligand2295-0
155,IZUKAQ__ligand1-0
156,IZUKAQ__ligand17302-0
157,IZUKAQ__ligand4620-0
158,IZUKAQ__ligand25178-0
159,IZUKAQ__ligand24185-0
160,IZUKAQ__ligand23769-0
161,IZUKAQ__ligand10476-0
162,IZUKAQ__ligand13068-0
163,IZUKAQ__ligand19830-0
164,IZUKAQ__ligand3721-0
165,IZUKAQ__ligand6904-0
166,IZUKAQ__ligand6596-0
167,IZUKAQ__ligand6102-0
168,IZUKAQ__ligand421-0
169,IZUKAQ__ligand12401-0
170,IZUKAQ__ligand15585-0
171,IZUKAQ__ligand24145-0
172,IZUKAQ__ligand3465-0
173,IZUKAQ__ligand685-0
174,IZUKAQ__ligand12231-0
175,IZUKAQ__ligand26702-0
176,IZUKAQ__ligand2917-0
177,IZUKAQ__ligand78-0
178,IZUKAQ__ligand13658-0
179,IZUKAQ__ligand18292-0
180,IZUKAQ__ligand12289-0
181,IZUKAQ__ligand12130-0
182,IZUKAQ__ligand17387-0
183,IZUKAQ__ligand7819-0
184,IZUKAQ__ligand6244-0
185,IZUKAQ__ligand30988-0
186,IZUKAQ__ligand23713-0
187,IZUKAQ__ligand27175-0
188,IZUKAQ__ligand18832-0
189,IZUKAQ__ligand1378-0
190,IZUKAQ__ligand12934-0
191,IZUKAQ__ligand20578-0
192,IZUKAQ__ligand15422-0
193,IZUKAQ__ligand19641-0
194,IZUKAQ__ligand2915-0
195,IZUKAQ__ligand3156-0
196,IZUKAQ__ligand14723-0
197,IZUKAQ__ligand27893-0
198,IZUKAQ__ligand1631-0
199,IZUKAQ__ligand31783-0
200,IZUKAQ__ligand3-0
201,IZUKAQ__ligand197-0
202,IZUKAQ__ligand1530-0
203,IZUKAQ__ligand1575-0
204,IZUKAQ__ligand9933-0
205,IZUKAQ__ligand13012-0
206,IZUKAQ__ligand17631-0
207,IZUKAQ__ligand26665-0
208,IZUKAQ__ligand14603-0
209,IZUKAQ__ligand14297-0
210,IZUKAQ__ligand9441-0
211,IZUKAQ__ligand17258-0
212,IZUKAQ__ligand2332-0
213,IZUKAQ__ligand12606-0
214,IZUKAQ__ligand9952-0
215,IZUKAQ__ligand9111-0
216,IZUKAQ__ligand30333-0
217,IZUKAQ__ligand1615-0
218,IZUKAQ__ligand2526-0
219,IZUKAQ__ligand5036-0
220,IZUKAQ__ligand1823-0
221,IZUKAQ__ligand26540-0
222,IZUKAQ__ligand5643-0
223,IZUKAQ__ligand29410-0
224,IZUKAQ__ligand12337-0
225,IZUKAQ__ligand352-0
226,IZUKAQ__ligand783-0
227,IZUKAQ__ligand30296-0
228,IZUKAQ__ligand1324-0
229,IZUKAQ__ligand8721-0
230,IZUKAQ__ligand17281-0
231,IZUKAQ__ligand16628-0
232,IZUKAQ__ligand7967-0
233,IZUKAQ__ligand3707-0
234,IZUKAQ__ligand868-0
235,IZUKAQ__ligand6124-0
236,IZUKAQ__ligand1018-0
237,IZUKAQ__ligand12427-0
238,IZUKAQ__ligand20740-0
239,IZUKAQ__ligand4116-0
240,IZUKAQ__ligand28468-0
241,IZUKAQ__ligand27460-0
242,IZUKAQ__ligand8992-0
243,IZUKAQ__ligand9601-0
244,IZUKAQ__ligand7107-0
245,IZUKAQ__ligand23124-0
246,IZUKAQ__ligand38-0
247,IZUKAQ__ligand115-0
248,IZUKAQ__ligand11206-0
249,IZUKAQ__ligand25735-0
250,IZUKAQ__ligand3215-0
251,IZUKAQ__ligand12519-0
252,IZUKAQ__ligand4738-0
253,IZUKAQ__ligand4-0
254,IZUKAQ__ligand4813-0
255,IZUKAQ__ligand19257-0
256,IZUKAQ__ligand5813-0
257,IZUKAQ__ligand13209-0
258,IZUKAQ__ligand12660-0
259,IZUKAQ__ligand6062-0
260,IZUKAQ__ligand6283-0
261,IZUKAQ__ligand833-0
262,IZUKAQ__ligand25650-0
263,IZUKAQ__ligand31248-0
264,IZUKAQ__ligand4330-0
265,IZUKAQ__ligand27835-0
266,IZUKAQ__ligand2599-0
267,IZUKAQ__ligand12295-0
268,IZUKAQ__ligand784-0
269,IZUKAQ__ligand7532-0
270,IZUKAQ__ligand25689-0
271,IZUKAQ__ligand4194-0
272,IZUKAQ__ligand25575-0
273,IZUKAQ__ligand21787-0
274,IZUKAQ__ligand7925-0
275,IZUKAQ__ligand395-0
276,IZUKAQ__ligand2068-0
277,IZUKAQ__ligand368-0
278,IZUKAQ__ligand30539-0
279,IZUKAQ__ligand11166-0
280,IZUKAQ__ligand21132-0
281,IZUKAQ__ligand1147-0
282,IZUKAQ__ligand23906-0
283,IZUKAQ__ligand3973-0
284,IZUKAQ__ligand447-0
285,IZUKAQ__ligand12467-0
286,IZUKAQ__ligand2403-0
287,IZUKAQ__ligand746-0
288,IZUKAQ__ligand10084-0
289,IZUKAQ__ligand25267-0
290,IZUKAQ__ligand23904-0
291,IZUKAQ__ligand3934-0
292,IZUKAQ__ligand176-0
293,IZUKAQ__ligand21936-0
294,IZUKAQ__ligand6455-0
295,IZUKAQ__ligand6882-0
296,IZUKAQ__ligand13257-0
297,IZUKAQ__ligand9681-0
298,IZUKAQ__ligand20599-0
299,IZUKAQ__ligand22981-0
300,IZUKAQ__ligand25805-0
301,IZUKAQ__ligand66-0
302,IZUKAQ__ligand4332-0
303,IZUKAQ__ligand27074-0
304,IZUKAQ__ligand18391-0
305,IZUKAQ__ligand3012-0
306,IZUKAQ__ligand14523-0
307,IZUKAQ__ligand27169-0
308,IZUKAQ__ligand487-0
309,IZUKAQ__ligand1449-0
310,IZUKAQ__ligand1065-0
311,IZUKAQ__ligand7530-0
312,IZUKAQ__ligand28668-0
313,IZUKAQ__ligand5316-0
314,IZUKAQ__ligand42-0
315,IZUKAQ__ligand5483-0
316,IZUKAQ__ligand16791-0
317,IZUKAQ__ligand506-0
318,IZUKAQ__ligand1729-0
319,IZUKAQ__ligand18799-0
320,IZUKAQ__ligand18465-0
321,IZUKAQ__ligand5627-0
322,IZUKAQ__ligand2830-0
323,IZUKAQ__ligand13869-0
324,IZUKAQ__ligand6946-0
325,IZUKAQ__ligand1415-0
326,IZUKAQ__ligand18074-0
327,IZUKAQ__ligand29863-0
328,IZUKAQ__ligand7529-0
329,IZUKAQ__ligand11140-0
330,IZUKAQ__ligand152-0
331,IZUKAQ__ligand29610-0
332,IZUKAQ__ligand9148-0
333,IZUKAQ__ligand1469-0
334,IZUKAQ__ligand3871-0
335,IZUKAQ__ligand19725-0
336,IZUKAQ__ligand1768-0
337,IZUKAQ__ligand24613-0
338,IZUKAQ__ligand4850-0
339,IZUKAQ__ligand5056-0
340,IZUKAQ__ligand196-0
341,IZUKAQ__ligand3647-0
342,IZUKAQ__ligand31483-0
343,IZUKAQ__ligand5357-0
344,IZUKAQ__ligand10555-0
345,IZUKAQ__ligand1688-0
346,IZUKAQ__ligand17710-0
347,IZUKAQ__ligand20579-0
348,IZUKAQ__ligand11568-0
349,IZUKAQ__ligand3157-0
350,IZUKAQ__ligand9525-0
351,IZUKAQ__ligand686-0
352,IZUKAQ__ligand1165-0
353,IZUKAQ__ligand5935-0
354,IZUKAQ__ligand422-0
355,IZUKAQ__ligand14586-0
356,IZUKAQ__ligand11774-0
357,IZUKAQ__ligand21421-0
358,IZUKAQ__ligand2722-0
359,IZUKAQ__ligand1379-0
360,IZUKAQ__ligand18699-0
361,IZUKAQ__ligand12682-0
362,IZUKAQ__ligand5849-0
363,IZUKAQ__ligand393-0
364,IZUKAQ__ligand17590-0
365,IZUKAQ__ligand3392-0
366,IZUKAQ__ligand17240-0
367,IZUKAQ__ligand4911-0
368,IZUKAQ__ligand1771-0
369,IZUKAQ__ligand8349-0
370,IZUKAQ__ligand8464-0
371,IZUKAQ__ligand353-0
372,IZUKAQ__ligand1709-0
373,IZUKAQ__ligand12336-0
374,IZUKAQ__ligand13072-0
375,IZUKAQ__ligand2527-0
376,IZUKAQ__ligand8722-0
377,IZUKAQ__ligand813-0
378,IZUKAQ__ligand1327-0
379,IZUKAQ__ligand6672-0
380,IZUKAQ__ligand18703-0
381,IZUKAQ__ligand9809-0
382,IZUKAQ__ligand29087-0
383,IZUKAQ__ligand780-0
384,IZUKAQ__ligand314-0
385,IZUKAQ__ligand3350-0
386,IZUKAQ__ligand2781-0
387,IZUKAQ__ligand7573-0
388,IZUKAQ__ligand2208-0
389,IZUKAQ__ligand3208-0
390,IZUKAQ__ligand15438-0
391,IZUKAQ__ligand28924-0
392,IZUKAQ__ligand18-0
393,IZUKAQ__ligand618-0
394,IZUKAQ__ligand9197-0
395,IZUKAQ__ligand24750-0
396,IZUKAQ__ligand1900-0
397,IZUKAQ__ligand4581-0
398,IZUKAQ__ligand1773-0
399,IZUKAQ__ligand17207-0
400,IZUKAQ__ligand31578-0
401,IZUKAQ__ligand2328-0
402,IZUKAQ__ligand7162-0
403,IZUKAQ__ligand18013-0
404,IZUKAQ__ligand25224-0
405,IZUKAQ__ligand17945-0
406,IZUKAQ__ligand391-0
407,IZUKAQ__ligand3029-0
408,IZUKAQ__ligand5892-0
409,IZUKAQ__ligand5094-0
410,IZUKAQ__ligand10432-0
411,IZUKAQ__ligand11432-0
412,IZUKAQ__ligand31618-0
413,IZUKAQ__ligand22755-0
414,IZUKAQ__ligand465-0
415,IZUKAQ__ligand29898-0
416,IZUKAQ__ligand26277-0
417,IZUKAQ__ligand1712-0
418,IZUKAQ__ligand4131-0
419,IZUKAQ__ligand1496-0
420,IZUKAQ__ligand15168-0
421,IZUKAQ__ligand7557-0
422,IZUKAQ__ligand23589-0
423,IZUKAQ__ligand1533-0
424,IZUKAQ__ligand314-1
425,IZUKAQ__ligand24064-0
426,IZUKAQ__ligand31205-0
427,IZUKAQ__ligand17686-0
428,IZUKAQ__ligand25658-0
429,IZUKAQ__ligand5201-0
430,IZUKAQ__ligand384-0
431,IZUKAQ__ligand15455-0
432,IZUKAQ__ligand48-0
433,IZUKAQ__ligand8553-0
434,IZUKAQ__ligand11177-0
435,IZUKAQ__ligand1113-0
436,IZUKAQ__ligand11622-0
437,IZUKAQ__ligand9944-0
438,IZUKAQ__ligand8593-0
439,IZUKAQ__ligand16870-0
440,IZUKAQ__ligand16603-0
441,IZUKAQ__ligand2001-0
442,IZUKAQ__ligand768-0
443,IZUKAQ__ligand11814-0
444,IZUKAQ__ligand7566-0
445,IZUKAQ__ligand51-0
446,IZUKAQ__ligand2281-0
447,IZUKAQ__ligand31000-0
448,IZUKAQ__ligand2650-0
449,IZUKAQ__ligand4340-0
450,IZUKAQ__ligand11606-0
451,IZUKAQ__ligand3180-0
452,IZUKAQ__ligand20821-0
453,IZUKAQ__ligand6995-0
454,IZUKAQ__ligand26673-0
455,IZUKAQ__ligand2823-0
456,IZUKAQ__ligand18067-0
457,IZUKAQ__ligand19824-0
458,IZUKAQ__ligand4124-0
459,IZUKAQ__ligand4161-0
460,IZUKAQ__ligand3471-0
461,IZUKAQ__ligand13260-0
462,IZUKAQ__ligand91-0
463,IZUKAQ__ligand240-0
464,IZUKAQ__ligand10582-0
465,IZUKAQ__ligand5415-0
466,IZUKAQ__ligand11252-0
467,IZUKAQ__ligand141-0
468,IZUKAQ__ligand1028-0
469,IZUKAQ__ligand4262-0
470,IZUKAQ__ligand693-0
471,IZUKAQ__ligand1618-0
472,IZUKAQ__ligand10151-0
473,IZUKAQ__ligand2692-0
474,IZUKAQ__ligand19906-0
475,IZUKAQ__ligand16-0
476,IZUKAQ__ligand19668-0
477,IZUKAQ__ligand2027-0
478,IZUKAQ__ligand1050-0
479,IZUKAQ__ligand22353-0
480,IZUKAQ__ligand1015-0
481,IZUKAQ__ligand32-0
482,IZUKAQ__ligand13657-0
483,IZUKAQ__ligand14347-0
484,IZUKAQ__ligand14302-0
485,IZUKAQ__ligand11698-0
486,IZUKAQ__ligand20530-0
487,IZUKAQ__ligand1169-0
488,IZUKAQ__ligand8529-0
489,IZUKAQ__ligand24851-0
490,IZUKAQ__ligand10853-0
491,IZUKAQ__ligand29441-0
492,IZUKAQ__ligand11479-0
493,IZUKAQ__ligand10479-0
494,IZUKAQ__ligand27610-0
495,IZUKAQ__ligand29813-0
496,IZUKAQ__ligand16952-0
497,IZUKAQ__ligand757-0
498,IZUKAQ__ligand1498-0
499,IZUKAQ__ligand4596-0
500,IZUKAQ__ligand20121-0
501,IZUKAQ__ligand1154-0
502,IZUKAQ__ligand15387-0
503,IZUKAQ__ligand20220-0
504,IZUKAQ__ligand9615-0
505,IZUKAQ__ligand122-0
506,IZUKAQ__ligand3042-0
507,IZUKAQ__ligand845-0
508,IZUKAQ__ligand27550-0
509,IZUKAQ__ligand8200-0
510,IZUKAQ__ligand14007-0
511,IZUKAQ__ligand7438-0
512,IZUKAQ__ligand4063-0
513,IZUKAQ__ligand18019-1
514,IZUKAQ__ligand27771-0
515,IZUKAQ__ligand163-0
516,IZUKAQ__ligand18158-0
517,IZUKAQ__ligand1539-0
518,IZUKAQ__ligand126-0
519,IZUKAQ__ligand1150-0
520,IZUKAQ__ligand23682-0
521,IZUKAQ__ligand29565-0
522,IZUKAQ__ligand3416-0
523,IZUKAQ__ligand3453-0
524,IZUKAQ__ligand14226-0
525,IZUKAQ__ligand21339-0
526,IZUKAQ__ligand16956-0
527,IZUKAQ__ligand20942-1
528,IZUKAQ__ligand4207-0
529,IZUKAQ__ligand1288-0
530,IZUKAQ__ligand17445-0
531,IZUKAQ__ligand14477-0
532,IZUKAQ__ligand596-0
533,IZUKAQ__ligand941-0
534,IZUKAQ__ligand17069-0
535,IZUKAQ__ligand1400-0
536,IZUKAQ__ligand4266-0
537,IZUKAQ__ligand11798-0
538,IZUKAQ__ligand9491-0
539,IZUKAQ__ligand777-0
540,IZUKAQ__ligand20731-0
541,IZUKAQ__ligand4167-0
542,IZUKAQ__ligand29334-0
543,IZUKAQ__ligand12413-0
544,IZUKAQ__ligand366-0
545,IZUKAQ__ligand1779-0
546,IZUKAQ__ligand11758-0
547,IZUKAQ__ligand1817-0
548,IZUKAQ__ligand6993-0
549,IZUKAQ__ligand22357-0
550,IZUKAQ__ligand9750-0
551,IZUKAQ__ligand21448-0
552,IZUKAQ__ligand7075-0
553,IZUKAQ__ligand657-0
554,IZUKAQ__ligand11501-0
555,IZUKAQ__ligand57-0
556,IZUKAQ__ligand11544-0
557,IZUKAQ__ligand3557-0
558,IZUKAQ__ligand3980-0
559,IZUKAQ__ligand1149-0
560,IZUKAQ__ligand187-0
561,IZUKAQ__ligand29214-0
562,IZUKAQ__ligand1786-0
563,IZUKAQ__ligand5630-0
564,IZUKAQ__ligand321-0
565,IZUKAQ__ligand1908-0
566,IZUKAQ__ligand185-0
567,IZUKAQ__ligand279-0
568,IZUKAQ__ligand55-0
569,IZUKAQ__ligand3285-0
570,IZUKAQ__ligand30004-0
571,IZUKAQ__ligand4795-0
572,IZUKAQ__ligand178-0
573,IZUKAQ__ligand20557-0
574,IZUKAQ__ligand3144-0
575,IZUKAQ__ligand5085-0
576,IZUKAQ__ligand68-0
577,IZUKAQ__ligand4710-0
578,IZUKAQ__ligand5755-0
579,IZUKAQ__ligand21940-0
580,IZUKAQ__ligand201-0
581,IZUKAQ__ligand25048-0
582,IZUKAQ__ligand1828-0
583,IZUKAQ__ligand1397-0
584,IZUKAQ__ligand24953-0
585,IZUKAQ__ligand7213-0
586,IZUKAQ__ligand23445-0
587,IZUKAQ__ligand8042-0
588,IZUKAQ__ligand13755-0
589,IZUKAQ__ligand16133-0
590,IZUKAQ__ligand6112-0
591,IZUKAQ__ligand27122-0
592,IZUKAQ__ligand20432-0
593,IZUKAQ__ligand5019-0
594,IZUKAQ__ligand13691-0
595,IZUKAQ__ligand30788-0
596,IZUKAQ__ligand3261-0
597,IZUKAQ__ligand8-0
598,IZUKAQ__ligand1152-0
599,IZUKAQ__ligand1216-0
600,IZUKAQ__ligand14339-0
601,IZUKAQ__ligand338-0
602,IZUKAQ__ligand21752-0
603,IZUKAQ__ligand1849-0
604,IZUKAQ__ligand5614-0
605,IZUKAQ__ligand24624-0
606,IZUKAQ__ligand5280-0
607,IZUKAQ__ligand1831-0
608,IZUKAQ__ligand18413-0
609,IZUKAQ__ligand20844-0
610,IZUKAQ__ligand5515-0
611,IZUKAQ__ligand24560-0
612,IZUKAQ__ligand6663-0
613,IZUKAQ__ligand18757-0
614,IZUKAQ__ligand34-0
615,IZUKAQ__ligand10371-0
616,IZUKAQ__ligand7291-0
617,IZUKAQ__ligand326-0
618,IZUKAQ__ligand9883-0
619,IZUKAQ__ligand3677-1
620,IZUKAQ__ligand2985-0
621,IZUKAQ__ligand4007-0
622,IZUKAQ__ligand18568-0
623,IZUKAQ__ligand28685-0
624,IZUKAQ__ligand9299-0
625,IZUKAQ__ligand17-0
626,IZUKAQ__ligand13672-0
627,IZUKAQ__ligand3945-0
628,IZUKAQ__ligand692-0
629,IZUKAQ__ligand5383-0
630,IZUKAQ__ligand19184-0
631,IZUKAQ__ligand2693-0
632,IZUKAQ__ligand28459-0
633,IZUKAQ__ligand9344-0
634,IZUKAQ__ligand12453-0
635,IZUKAQ__ligand436-0
636,IZUKAQ__ligand18448-0
637,IZUKAQ__ligand3736-0
638,IZUKAQ__ligand8000-0
639,IZUKAQ__ligand6892-0
640,IZUKAQ__ligand1211-0
641,IZUKAQ__ligand27669-0
642,IZUKAQ__ligand1464-0
643,IZUKAQ__ligand3712-0
644,IZUKAQ__ligand30142-0
645,IZUKAQ__ligand14167-0
646,IZUKAQ__ligand13477-0
647,IZUKAQ__ligand1499-0
648,IZUKAQ__ligand2881-0
649,IZUKAQ__ligand6699-0
650,IZUKAQ__ligand29029-0
651,IZUKAQ__ligand27285-0
652,IZUKAQ__ligand497-0
653,IZUKAQ__ligand633-0
654,IZUKAQ__ligand3632-0
655,IZUKAQ__ligand3677-0
656,IZUKAQ__ligand1168-0
657,IZUKAQ__ligand23197-0
658,IZUKAQ__ligand1294-0
659,IZUKAQ__ligand9773-0
660,IZUKAQ__ligand28743-0
661,IZUKAQ__ligand15531-0
662,IZUKAQ__ligand13862-0
663,IZUKAQ__ligand11357-0
664,IZUKAQ__ligand5510-0
665,IZUKAQ__ligand1376-0
666,IZUKAQ__ligand12365-0
667,IZUKAQ__ligand300-0
668,IZUKAQ__ligand10056-0
669,IZUKAQ__ligand89-0
670,IZUKAQ__ligand1296-0
671,IZUKAQ__ligand2259-0
672,IZUKAQ__ligand21919-0
673,IZUKAQ__ligand588-0
674,IZUKAQ__ligand1197-0
675,IZUKAQ__ligand22294-0
676,IZUKAQ__ligand22168-0
677,IZUKAQ__ligand28930-0
678,IZUKAQ__ligand5099-0
679,IZUKAQ__ligand8592-0
680,IZUKAQ__ligand4358-0
681,IZUKAQ__ligand15883-0
682,IZUKAQ__ligand3120-0
683,IZUKAQ__ligand3926-0
684,IZUKAQ__ligand49-0
685,IZUKAQ__ligand11970-0
686,IZUKAQ__ligand199-0
687,IZUKAQ__ligand2221-0
688,IZUKAQ__ligand10828-0
689,IZUKAQ__ligand4101-0
690,IZUKAQ__ligand19792-0
691,IZUKAQ__ligand5595-0
692,IZUKAQ__ligand15926-0
693,IZUKAQ__ligand24230-0
694,IZUKAQ__ligand11096-0
695,IZUKAQ__ligand11447-0
696,IZUKAQ__ligand28810-0
697,IZUKAQ__ligand20207-0
698,IZUKAQ__ligand30711-0
699,IZUKAQ__ligand7762-0
700,IZUKAQ__ligand5080-0
701,IZUKAQ__ligand11682-0
702,IZUKAQ__ligand5509-0
703,IZUKAQ__ligand8002-0
704,IZUKAQ__ligand1407-0
705,IZUKAQ__ligand6117-0
706,IZUKAQ__ligand25913-0
707,IZUKAQ__ligand16988-0
708,IZUKAQ__ligand409-0
709,IZUKAQ__ligand361-0
710,IZUKAQ__ligand324-0
711,IZUKAQ__ligand14614-0
712,IZUKAQ__ligand2822-0
713,IZUKAQ__ligand7293-0
714,IZUKAQ__ligand1317-0
715,IZUKAQ__ligand3867-0
716,IZUKAQ__ligand16663-0
717,IZUKAQ__ligand9167-0
718,IZUKAQ__ligand11994-0
719,IZUKAQ__ligand31044-0
720,IZUKAQ__ligand5304-0
721,IZUKAQ__ligand31842-0
722,IZUKAQ__ligand2238-0
723,IZUKAQ__ligand24035-0
724,IZUKAQ__ligand8793-0
725,IZUKAQ__ligand2788-0
726,IZUKAQ__ligand5649-0
727,IZUKAQ__ligand4649-0
728,IZUKAQ__ligand430-0
729,IZUKAQ__ligand22444-0
730,IZUKAQ__ligand358-0
731,IZUKAQ__ligand24111-0
732,IZUKAQ__ligand13385-0
733,IZUKAQ__ligand488-0
734,IZUKAQ__ligand14569-0
735,IZUKAQ__ligand15788-0
736,IZUKAQ__ligand23175-0
737,IZUKAQ__ligand69-0
738,IZUKAQ__ligand2906-0
739,IZUKAQ__ligand17396-0
740,IZUKAQ__ligand4711-0
741,IZUKAQ__ligand3244-0
742,IZUKAQ__ligand13220-0
743,IZUKAQ__ligand11587-0
744,IZUKAQ__ligand694-0
745,IZUKAQ__ligand24872-0
746,IZUKAQ__ligand4807-0
747,IZUKAQ__ligand30728-0
748,IZUKAQ__ligand3178-0
749,IZUKAQ__ligand11-0
750,IZUKAQ__ligand27840-0
751,IZUKAQ__ligand5530-0
752,IZUKAQ__ligand1356-0
753,IZUKAQ__ligand1787-0
754,IZUKAQ__ligand9753-0
755,IZUKAQ__ligand12001-0
756,IZUKAQ__ligand24644-0
757,IZUKAQ__ligand7196-0
758,IZUKAQ__ligand10033-0
759,IZUKAQ__ligand5159-0
760,IZUKAQ__ligand24780-0
761,IZUKAQ__ligand6017-0
762,IZUKAQ__ligand12138-0
763,IZUKAQ__ligand22129-0
764,IZUKAQ__ligand670-0
765,IZUKAQ__ligand11949-0
766,IZUKAQ__ligand7316-0
767,IZUKAQ__ligand534-0
768,IZUKAQ__ligand571-0
769,IZUKAQ__ligand5708-0
770,IZUKAQ__ligand5180-0
771,IZUKAQ__ligand25561-0
772,IZUKAQ__ligand7172-0
773,IZUKAQ__ligand29486-0
774,IZUKAQ__ligand31694-0
775,IZUKAQ__ligand7273-0
776,IZUKAQ__ligand9323-0
777,IZUKAQ__ligand17427-0
778,IZUKAQ__ligand3225-0
779,IZUKAQ__ligand1153-0
780,IZUKAQ__ligand1116-0
781,IZUKAQ__ligand7092-0
782,IZUKAQ__ligand2260-0
783,IZUKAQ__ligand8612-0
784,IZUKAQ__ligand2124-0
785,IZUKAQ__ligand26529-0
786,IZUKAQ__ligand416-0
787,IZUKAQ__ligand2417-0
788,IZUKAQ__ligand383-0
789,IZUKAQ__ligand3126-0
790,IZUKAQ__ligand6391-0
791,IZUKAQ__ligand9284-0
792,IZUKAQ__ligand162-0
793,IZUKAQ__ligand1114-0
794,IZUKAQ__ligand11618-0
795,IZUKAQ__ligand226-0
796,IZUKAQ__ligand14043-0
797,IZUKAQ__ligand26324-0
798,IZUKAQ__ligand28559-0
799,IZUKAQ__ligand1604-0
800,IZUKAQ__ligand9943-0
801,IZUKAQ__ligand1228-0
802,IZUKAQ__ligand19927-0
803,IZUKAQ__ligand2043-0
804,IZUKAQ__ligand8788-0
805,IZUKAQ__ligand1832-0
806,IZUKAQ__ligand27239-0
807,IZUKAQ__ligand21729-0
808,IZUKAQ__ligand2612-0
809,IZUKAQ__ligand656-0
810,IZUKAQ__ligand1599-0
811,IZUKAQ__ligand29215-0
812,IZUKAQ__ligand10872-0
813,IZUKAQ__ligand9450-0
814,IZUKAQ__ligand21399-0
815,IZUKAQ__ligand12003-0
816,IZUKAQ__ligand26631-0
817,IZUKAQ__ligand16148-0
818,IZUKAQ__ligand22403-0
819,IZUKAQ__ligand11111-0
820,IZUKAQ__ligand28540-0
821,IZUKAQ__ligand1289-0
822,IZUKAQ__ligand696-0
823,IZUKAQ__ligand2203-0
824,IZUKAQ__ligand5387-0
825,IZUKAQ__ligand16369-0
826,IZUKAQ__ligand20695-0
827,IZUKAQ__ligand27754-0
