,TMC
0,DIJNES__ligand67-0
1,DIJNES__ligand927-0
2,DIJNES__ligand5022-0
3,DIJNES__ligand199-0
4,DIJNES__ligand1169-0
5,DIJNES__ligand575-0
6,DIJNES__ligand2838-0
7,DIJNES__ligand1799-0
8,DIJNES__ligand3838-0
9,DIJNES__ligand2880-0
10,DIJNES__ligand5941-0
11,DIJNES__ligand2142-0
12,DIJNES__ligand324-0
13,DIJNES__ligand361-0
14,DIJNES__ligand6538-0
15,DIJNES__ligand409-0
16,DIJNES__ligand9495-0
17,DIJNES__ligand6151-0
18,DIJNES__ligand2772-0
19,DIJNES__ligand2864-0
20,DIJNES__ligand140-0
21,DIJNES__ligand105-0
22,DIJNES__ligand436-0
23,DIJNES__ligand1052-0
24,DIJNES__ligand142-0
25,DIJNES__ligand206-0
26,DIJNES__ligand553-0
27,DIJNES__ligand283-0
28,DIJNES__ligand1273-0
29,DIJNES__ligand821-0
30,DIJNES__ligand326-0
31,DIJNES__ligand6396-0
32,DIJNES__ligand918-0
33,DIJNES__ligand633-0
34,DIJNES__ligand1113-0
35,DIJNES__ligand2265-0
36,DIJNES__ligand532-0
37,DIJNES__ligand9027-0
38,DIJNES__ligand497-0
39,DIJNES__ligand838-0
40,DIJNES__ligand4983-0
41,DIJNES__ligand2794-0
42,DIJNES__ligand2345-0
43,DIJNES__ligand1835-0
44,DIJNES__ligand166-0
45,DIJNES__ligand1502-0
46,DIJNES__ligand1727-0
47,DIJNES__ligand1152-0
48,DIJNES__ligand162-0
49,DIJNES__ligand226-0
50,DIJNES__ligand4-0
51,DIJNES__ligand1607-0
52,DIJNES__ligand383-0
53,DIJNES__ligand2510-0
54,DIJNES__ligand2285-0
55,DIJNES__ligand1567-0
56,DIJNES__ligand8921-0
57,DIJNES__ligand45-0
58,DIJNES__ligand2862-0
59,DIJNES__ligand2320-0
60,DIJNES__ligand1056-0
61,DIJNES__ligand1703-0
62,DIJNES__ligand2430-0
63,DIJNES__ligand85-0
64,DIJNES__ligand15630-0
65,DIJNES__ligand78-0
66,DIJNES__ligand10357-0
67,DIJNES__ligand2907-0
68,DIJNES__ligand365-0
69,DIJNES__ligand278-0
70,DIJNES__ligand7464-0
71,DIJNES__ligand1248-0
72,DIJNES__ligand4303-0
73,DIJNES__ligand669-0
74,DIJNES__ligand1598-0
75,DIJNES__ligand358-0
76,DIJNES__ligand1054-0
77,DIJNES__ligand430-0
78,DIJNES__ligand6294-0
79,DIJNES__ligand6-0
80,DIJNES__ligand509-0
81,DIJNES__ligand3637-0
82,DIJNES__ligand8774-0
83,DIJNES__ligand670-0
84,DIJNES__ligand118-0
85,DIJNES__ligand571-0
86,DIJNES__ligand3734-0
87,DIJNES__ligand38-0
88,DIJNES__ligand1706-0
89,DIJNES__ligand4381-0
90,DIJNES__ligand2629-0
91,DIJNES__ligand40-0
92,DIJNES__ligand2259-0
93,DIJNES__ligand2688-0
94,DIJNES__ligand1-0
95,DIJNES__ligand1376-0
96,DIJNES__ligand757-0
97,DIJNES__ligand21-0
98,DIJNES__ligand2768-0
99,DIJNES__ligand797-0
100,DIJNES__ligand6277-0
101,DIJNES__ligand1687-0
102,DIJNES__ligand1951-0
103,DIJNES__ligand3757-0
104,DIJNES__ligand2087-0
105,DIJNES__ligand1048-0
106,DIJNES__ligand1685-0
107,DIJNES__ligand1544-0
108,DIJNES__ligand120-0
109,DIJNES__ligand3-0
110,DIJNES__ligand384-0
111,DIJNES__ligand1459-0
112,DIJNES__ligand66-0
113,DIJNES__ligand240-0
114,DIJNES__ligand5801-0
115,DIJNES__ligand141-0
116,DIJNES__ligand3063-0
117,DIJNES__ligand1438-0
118,DIJNES__ligand1171-0
119,DIJNES__ligand1479-0
120,DIJNES__ligand100-0
121,DIJNES__ligand1148-0
122,DIJNES__ligand201-0
123,DIJNES__ligand244-0
124,DIJNES__ligand3246-0
125,DIJNES__ligand279-0
126,DIJNES__ligand178-0
127,DIJNES__ligand10479-0
128,DIJNES__ligand86-0
129,DIJNES__ligand321-0
130,DIJNES__ligand1538-0
131,DIJNES__ligand119-0
132,DIJNES__ligand1114-0
133,DIJNES__ligand62-0
134,DIJNES__ligand9244-0
135,DIJNES__ligand10114-0
136,DIJNES__ligand124-0
137,DIJNES__ligand1228-0
138,DIJNES__ligand3041-0
139,DIJNES__ligand126-0
140,DIJNES__ligand2634-0
141,DIJNES__ligand1542-0
142,DIJNES__ligand10910-0
143,DIJNES__ligand2751-0
144,DIJNES__ligand18-0
145,DIJNES__ligand612-0
146,DIJNES__ligand3145-0
147,DIJNES__ligand187-0
148,DIJNES__ligand1747-0
149,DIJNES__ligand6686-0
150,DIJNES__ligand366-0
151,DIJNES__ligand7915-0
152,DIJNES__ligand5548-0
153,DIJNES__ligand14530-0
154,DIJNES__ligand861-0
155,DIJNES__ligand2863-0
156,DIJNES__ligand2098-0
157,DIJNES__ligand6502-0
158,DIJNES__ligand6332-0
159,DIJNES__ligand3178-0
160,DIJNES__ligand596-0
161,DIJNES__ligand487-0
162,DIJNES__ligand48-0
163,DIJNES__ligand1818-0
164,DIJNES__ligand7456-0
165,DIJNES__ligand522-0
166,DIJNES__ligand666-0
167,DIJNES__ligand133-0
168,DIJNES__ligand5758-0
169,DIJNES__ligand447-0
170,DIJNES__ligand3478-0
171,DIJNES__ligand3852-0
172,DIJNES__ligand682-0
173,DIJNES__ligand9176-0
174,DIJNES__ligand51-0
175,DIJNES__ligand2718-0
176,DIJNES__ligand3070-0
177,DIJNES__ligand3035-0
178,DIJNES__ligand1493-0
179,DIJNES__ligand4619-0
180,DIJNES__ligand91-0
181,DIJNES__ligand29-0
182,DIJNES__ligand5235-0
183,DIJNES__ligand6143-0
184,DIJNES__ligand3251-0
185,DIJNES__ligand2762-0
186,DIJNES__ligand1038-0
187,DIJNES__ligand2253-0
188,DIJNES__ligand1160-0
189,DIJNES__ligand2954-0
190,DIJNES__ligand5093-0
191,DIJNES__ligand291-0
192,DIJNES__ligand115-0
193,DIJNES__ligand7550-0
194,DIJNES__ligand1285-0
195,DIJNES__ligand1555-0
196,DIJNES__ligand32-0
197,DIJNES__ligand7630-0
198,DIJNES__ligand3890-0
199,DIJNES__ligand784-0
200,DIJNES__ligand355-0
201,DIJNES__ligand485-0
202,DIJNES__ligand4423-0
203,DIJNES__ligand1907-0
204,DIJNES__ligand73-0
205,DIJNES__ligand391-0
206,DIJNES__ligand1551-0
207,DIJNES__ligand170-0
208,DIJNES__ligand2526-0
209,DIJNES__ligand1690-0
210,DIJNES__ligand2707-0
211,DIJNES__ligand481-0
212,DIJNES__ligand314-0
213,DIJNES__ligand2915-0
214,DIJNES__ligand57-0
215,DIJNES__ligand210-0
216,DIJNES__ligand4012-0
217,DIJNES__ligand3196-0
218,DIJNES__ligand422-0
219,DIJNES__ligand55-0
220,DIJNES__ligand113-0
221,DIJNES__ligand1918-0
222,DIJNES__ligand196-0
223,DIJNES__ligand502-0
224,DIJNES__ligand2255-0
225,DIJNES__ligand4175-0
226,DIJNES__ligand95-0
227,DIJNES__ligand3618-0
228,DIJNES__ligand2618-0
229,DIJNES__ligand353-0
230,DIJNES__ligand1436-0
231,DIJNES__ligand34-0
232,DIJNES__ligand236-0
233,DIJNES__ligand4370-0
234,DIJNES__ligand3337-0
235,DIJNES__ligand7514-0
236,DIJNES__ligand460-0
237,DIJNES__ligand17-0
238,DIJNES__ligand250-0
239,DIJNES__ligand4811-0
240,DIJNES__ligand1449-1
241,DIJNES__ligand4894-0
242,DIJNES__ligand1260-0
243,DIJNES__ligand9620-0
244,DIJNES__ligand370-0
245,DIJNES__ligand92-0
246,DIJNES__ligand311-0
247,DIJNES__ligand1788-0
248,DIJNES__ligand1321-0
249,DIJNES__ligand444-0
250,DIJNES__ligand11730-0
251,DIJNES__ligand369-0
252,DIJNES__ligand3566-0
253,DIJNES__ligand188-0
254,DIJNES__ligand1178-0
255,DIJNES__ligand89-0
256,DIJNES__ligand3853-0
257,DIJNES__ligand2853-0
258,DIJNES__ligand5089-0
259,DIJNES__ligand2599-0
260,DIJNES__ligand177-0
261,DIJNES__ligand934-0
262,DIJNES__ligand909-0
263,DIJNES__ligand1246-0
264,DIJNES__ligand851-0
265,DIJNES__ligand49-0
266,DIJNES__ligand6166-0
267,DIJNES__ligand193-0
268,DIJNES__ligand8-0
269,DIJNES__ligand830-0
270,DIJNES__ligand1307-0
271,DIJNES__ligand252-0
272,DIJNES__ligand955-0
273,DIJNES__ligand1712-0
274,DIJNES__ligand197-0
275,DIJNES__ligand3579-0
276,DIJNES__ligand296-0
277,DIJNES__ligand2916-0
278,DIJNES__ligand2110-0
279,DIJNES__ligand112-0
280,DIJNES__ligand1919-0
281,DIJNES__ligand11-0
282,DIJNES__ligand2389-0
283,DIJNES__ligand136-0
284,DIJNES__ligand5334-0
285,DIJNES__ligand4504-0
286,DIJNES__ligand868-0
287,DIJNES__ligand3051-0
288,DIJNES__ligand2480-0
289,DIJNES__ligand1898-0
290,DIJNES__ligand2315-0
291,DIJNES__ligand442-0
292,DIJNES__ligand783-0
293,DIJNES__ligand1858-0
294,DIJNES__ligand352-0
295,DIJNES__ligand8032-0
296,DIJNES__ligand2442-0
297,DIJNES__ligand1019-0
298,DIJNES__ligand525-0
299,DIJNES__ligand560-0
300,DIJNES__ligand7414-0
301,DIJNES__ligand5762-0
302,DIJNES__ligand1104-0
303,DIJNES__ligand109-0
304,DIJNES__ligand134-0
305,DIJNES__ligand932-0
306,DIJNES__ligand235-0
307,DIJNES__ligand6571-0
308,DIJNES__ligand390-0
309,DIJNES__ligand1325-0
310,DIJNES__ligand2482-0
311,DIJNES__ligand2929-0
312,DIJNES__ligand916-0
313,DIJNES__ligand584-0
314,DIJNES__ligand798-0
315,DIJNES__ligand2376-0
316,DIJNES__ligand421-0
317,DIJNES__ligand331-0
318,DIJNES__ligand1379-0
319,DIJNES__ligand1221-0
320,DIJNES__ligand1264-0
321,DIJNES__ligand294-0
322,DIJNES__ligand6430-0
323,DIJNES__ligand993-0
324,DIJNES__ligand1299-0
