,TMC
0,DELHUX__ligand9111-0
1,DELHUX__ligand9952-0
2,DELHUX__ligand5036-0
3,DELHUX__ligand2526-0
4,DELHUX__ligand1615-0
5,DELHUX__ligand5643-0
6,DELHUX__ligand1823-0
7,DELHUX__ligand12336-0
8,DELHUX__ligand1324-0
9,DELHUX__ligand13072-0
10,DELHUX__ligand326-0
11,DELHUX__ligand8721-0
12,DELHUX__ligand17590-0
13,DELHUX__ligand436-0
14,DELHUX__ligand3707-0
15,DELHUX__ligand6124-0
16,DELHUX__ligand7967-0
17,DELHUX__ligand17240-0
18,DELHUX__ligand1018-0
19,DELHUX__ligand4116-0
20,DELHUX__ligand18699-0
21,DELHUX__ligand8992-0
22,DELHUX__ligand12682-0
23,DELHUX__ligand17-0
24,DELHUX__ligand692-0
25,DELHUX__ligand9601-0
26,DELHUX__ligand6244-0
27,DELHUX__ligand14586-0
28,DELHUX__ligand11774-0
29,DELHUX__ligand21421-0
30,DELHUX__ligand1378-0
31,DELHUX__ligand20579-0
32,DELHUX__ligand17710-0
33,DELHUX__ligand3156-0
34,DELHUX__ligand11568-0
35,DELHUX__ligand2915-0
36,DELHUX__ligand1631-0
37,DELHUX__ligand633-0
38,DELHUX__ligand31483-0
39,DELHUX__ligand1530-0
40,DELHUX__ligand1575-0
41,DELHUX__ligand9933-0
42,DELHUX__ligand10555-0
43,DELHUX__ligand19725-0
44,DELHUX__ligand9441-0
45,DELHUX__ligand497-0
46,DELHUX__ligand2332-0
47,DELHUX__ligand24613-0
48,DELHUX__ligand23589-0
49,DELHUX__ligand2295-0
50,DELHUX__ligand6067-0
51,DELHUX__ligand1577-0
52,DELHUX__ligand49-0
53,DELHUX__ligand24064-0
54,DELHUX__ligand588-0
55,DELHUX__ligand15168-0
56,DELHUX__ligand4620-0
57,DELHUX__ligand300-0
58,DELHUX__ligand10432-0
59,DELHUX__ligand11432-0
60,DELHUX__ligand31618-0
61,DELHUX__ligand6596-0
62,DELHUX__ligand6904-0
63,DELHUX__ligand3721-0
64,DELHUX__ligand6102-0
65,DELHUX__ligand22755-0
66,DELHUX__ligand29898-0
67,DELHUX__ligand3465-0
68,DELHUX__ligand26277-0
69,DELHUX__ligand89-0
70,DELHUX__ligand199-0
71,DELHUX__ligand2917-0
72,DELHUX__ligand7819-0
73,DELHUX__ligand17207-0
74,DELHUX__ligand31578-0
75,DELHUX__ligand25224-0
76,DELHUX__ligand7126-0
77,DELHUX__ligand18013-0
78,DELHUX__ligand17945-0
79,DELHUX__ligand8835-0
80,DELHUX__ligand2028-0
81,DELHUX__ligand3234-0
82,DELHUX__ligand1142-0
83,DELHUX__ligand24750-0
84,DELHUX__ligand15438-0
85,DELHUX__ligand28924-0
86,DELHUX__ligand324-0
87,DELHUX__ligand361-0
88,DELHUX__ligand18703-0
89,DELHUX__ligand409-0
90,DELHUX__ligand29087-0
91,DELHUX__ligand4641-0
92,DELHUX__ligand11-0
93,DELHUX__ligand11166-0
94,DELHUX__ligand21132-0
95,DELHUX__ligand4720-0
96,DELHUX__ligand6839-0
97,DELHUX__ligand694-0
98,DELHUX__ligand3937-0
99,DELHUX__ligand1202-0
100,DELHUX__ligand3174-0
101,DELHUX__ligand23906-0
102,DELHUX__ligand3131-0
103,DELHUX__ligand8969-0
104,DELHUX__ligand358-0
105,DELHUX__ligand5211-0
106,DELHUX__ligand430-0
107,DELHUX__ligand488-0
108,DELHUX__ligand4155-0
109,DELHUX__ligand3094-0
110,DELHUX__ligand30539-0
111,DELHUX__ligand6919-0
112,DELHUX__ligand25689-0
113,DELHUX__ligand25575-0
114,DELHUX__ligand2485-0
115,DELHUX__ligand3852-0
116,DELHUX__ligand21787-0
117,DELHUX__ligand27835-0
118,DELHUX__ligand5331-0
119,DELHUX__ligand1512-0
120,DELHUX__ligand12295-0
121,DELHUX__ligand3565-0
122,DELHUX__ligand69-0
123,DELHUX__ligand3035-0
124,DELHUX__ligand1343-0
125,DELHUX__ligand3876-0
126,DELHUX__ligand6616-0
127,DELHUX__ligand3718-0
128,DELHUX__ligand25650-0
129,DELHUX__ligand4661-0
130,DELHUX__ligand1844-0
131,DELHUX__ligand31248-0
132,DELHUX__ligand670-0
133,DELHUX__ligand1959-0
134,DELHUX__ligand13209-0
135,DELHUX__ligand3504-0
136,DELHUX__ligand19257-0
137,DELHUX__ligand9935-0
138,DELHUX__ligand571-0
139,DELHUX__ligand534-0
140,DELHUX__ligand12660-0
141,DELHUX__ligand1536-0
142,DELHUX__ligand1573-0
143,DELHUX__ligand23124-0
144,DELHUX__ligand9908-0
145,DELHUX__ligand1263-0
146,DELHUX__ligand11206-0
147,DELHUX__ligand25735-0
148,DELHUX__ligand12519-0
149,DELHUX__ligand7242-0
150,DELHUX__ligand7106-0
151,DELHUX__ligand162-0
152,DELHUX__ligand11140-0
153,DELHUX__ligand9520-0
154,DELHUX__ligand1160-0
155,DELHUX__ligand8699-0
156,DELHUX__ligand29610-0
157,DELHUX__ligand226-0
158,DELHUX__ligand4093-0
159,DELHUX__ligand4442-0
160,DELHUX__ligand3954-0
161,DELHUX__ligand1451-0
162,DELHUX__ligand13869-0
163,DELHUX__ligand4272-0
164,DELHUX__ligand18074-0
165,DELHUX__ligand7629-0
166,DELHUX__ligand416-0
167,DELHUX__ligand29863-0
168,DELHUX__ligand383-0
169,DELHUX__ligand9784-0
170,DELHUX__ligand7238-0
171,DELHUX__ligand18799-0
172,DELHUX__ligand18465-0
173,DELHUX__ligand7280-0
174,DELHUX__ligand1790-0
175,DELHUX__ligand1304-0
176,DELHUX__ligand7867-0
177,DELHUX__ligand28668-0
178,DELHUX__ligand6709-0
179,DELHUX__ligand1219-0
180,DELHUX__ligand4016-0
181,DELHUX__ligand16791-0
182,DELHUX__ligand18391-0
183,DELHUX__ligand4503-0
184,DELHUX__ligand4546-0
185,DELHUX__ligand14523-0
186,DELHUX__ligand27169-0
187,DELHUX__ligand656-0
188,DELHUX__ligand20599-0
189,DELHUX__ligand22981-0
190,DELHUX__ligand25805-0
191,DELHUX__ligand1285-0
192,DELHUX__ligand6768-0
193,DELHUX__ligand8115-0
194,DELHUX__ligand27074-0
195,DELHUX__ligand7000-0
196,DELHUX__ligand1982-0
197,DELHUX__ligand23904-0
198,DELHUX__ligand2176-0
199,DELHUX__ligand9291-0
200,DELHUX__ligand696-0
201,DELHUX__ligand21936-0
202,DELHUX__ligand2232-0
203,DELHUX__ligand13257-0
204,DELHUX__ligand12467-0
205,DELHUX__ligand4157-0
206,DELHUX__ligand8876-0
207,DELHUX__ligand2828-0
208,DELHUX__ligand10084-0
209,DELHUX__ligand7648-0
210,DELHUX__ligand9833-0
211,DELHUX__ligand25267-0
212,DELHUX__ligand5256-0
213,DELHUX__ligand12231-0
214,DELHUX__ligand26702-0
215,DELHUX__ligand13658-0
216,DELHUX__ligand18292-0
217,DELHUX__ligand5892-0
218,DELHUX__ligand5094-0
219,DELHUX__ligand12289-0
220,DELHUX__ligand17387-0
221,DELHUX__ligand12130-0
222,DELHUX__ligand10476-0
223,DELHUX__ligand13068-0
224,DELHUX__ligand19830-0
225,DELHUX__ligand12401-0
226,DELHUX__ligand15585-0
227,DELHUX__ligand384-0
228,DELHUX__ligand1712-0
229,DELHUX__ligand24145-0
230,DELHUX__ligand4131-0
231,DELHUX__ligand7557-0
232,DELHUX__ligand1496-0
233,DELHUX__ligand768-0
234,DELHUX__ligand25178-0
235,DELHUX__ligand24185-0
236,DELHUX__ligand23769-0
237,DELHUX__ligand17805-0
238,DELHUX__ligand1533-0
239,DELHUX__ligand17302-0
240,DELHUX__ligand48-0
241,DELHUX__ligand8722-0
242,DELHUX__ligand1327-0
243,DELHUX__ligand9809-0
244,DELHUX__ligand6672-0
245,DELHUX__ligand2781-0
246,DELHUX__ligand7573-0
247,DELHUX__ligand3350-0
248,DELHUX__ligand14108-0
249,DELHUX__ligand10958-0
250,DELHUX__ligand3208-0
251,DELHUX__ligand2208-0
252,DELHUX__ligand91-0
253,DELHUX__ligand12641-0
254,DELHUX__ligand28676-0
255,DELHUX__ligand10262-0
256,DELHUX__ligand240-0
257,DELHUX__ligand27763-0
258,DELHUX__ligand51-0
259,DELHUX__ligand141-0
260,DELHUX__ligand9197-0
261,DELHUX__ligand1900-0
262,DELHUX__ligand4581-0
263,DELHUX__ligand1773-0
264,DELHUX__ligand2328-0
265,DELHUX__ligand29302-0
266,DELHUX__ligand13425-0
267,DELHUX__ligand19057-0
268,DELHUX__ligand7162-0
269,DELHUX__ligand18814-0
270,DELHUX__ligand3029-0
271,DELHUX__ligand27460-0
272,DELHUX__ligand5849-0
273,DELHUX__ligand16-0
274,DELHUX__ligand693-0
275,DELHUX__ligand3392-0
276,DELHUX__ligand16628-0
277,DELHUX__ligand12427-0
278,DELHUX__ligand4911-0
279,DELHUX__ligand1771-0
280,DELHUX__ligand28468-0
281,DELHUX__ligand20740-0
282,DELHUX__ligand8349-0
283,DELHUX__ligand26540-0
284,DELHUX__ligand29410-0
285,DELHUX__ligand1709-0
286,DELHUX__ligand12337-0
287,DELHUX__ligand8464-0
288,DELHUX__ligand30296-0
289,DELHUX__ligand17281-0
290,DELHUX__ligand12606-0
291,DELHUX__ligand2527-0
292,DELHUX__ligand30333-0
293,DELHUX__ligand13012-0
294,DELHUX__ligand1469-0
295,DELHUX__ligand17631-0
296,DELHUX__ligand26665-0
297,DELHUX__ligand3871-0
298,DELHUX__ligand14603-0
299,DELHUX__ligand1768-0
300,DELHUX__ligand14297-0
301,DELHUX__ligand17258-0
302,DELHUX__ligand5056-0
303,DELHUX__ligand4850-0
304,DELHUX__ligand31783-0
305,DELHUX__ligand5357-0
306,DELHUX__ligand3647-0
307,DELHUX__ligand1688-0
308,DELHUX__ligand12934-0
309,DELHUX__ligand20578-0
310,DELHUX__ligand15422-0
311,DELHUX__ligand19641-0
312,DELHUX__ligand8-0
313,DELHUX__ligand3157-0
314,DELHUX__ligand122-0
315,DELHUX__ligand9525-0
316,DELHUX__ligand32-0
317,DELHUX__ligand14723-0
318,DELHUX__ligand1165-0
319,DELHUX__ligand27893-0
320,DELHUX__ligand5935-0
321,DELHUX__ligand30988-0
322,DELHUX__ligand757-0
323,DELHUX__ligand23713-0
324,DELHUX__ligand27175-0
325,DELHUX__ligand2722-0
326,DELHUX__ligand18832-0
327,DELHUX__ligand1379-0
328,DELHUX__ligand5316-0
329,DELHUX__ligand30851-0
330,DELHUX__ligand14889-0
331,DELHUX__ligand5483-0
332,DELHUX__ligand29568-0
333,DELHUX__ligand845-0
334,DELHUX__ligand1729-0
335,DELHUX__ligand28789-0
336,DELHUX__ligand5627-0
337,DELHUX__ligand20419-0
338,DELHUX__ligand17118-0
339,DELHUX__ligand2830-0
340,DELHUX__ligand21371-0
341,DELHUX__ligand6946-0
342,DELHUX__ligand1415-0
343,DELHUX__ligand17261-0
344,DELHUX__ligand7529-0
345,DELHUX__ligand14117-0
346,DELHUX__ligand126-0
347,DELHUX__ligand163-0
348,DELHUX__ligand21581-0
349,DELHUX__ligand31097-0
350,DELHUX__ligand20539-0
351,DELHUX__ligand9148-0
352,DELHUX__ligand30702-0
353,DELHUX__ligand20214-0
354,DELHUX__ligand20251-0
355,DELHUX__ligand20251-1
356,DELHUX__ligand777-0
357,DELHUX__ligand2403-0
358,DELHUX__ligand3934-0
359,DELHUX__ligand6455-0
360,DELHUX__ligand6882-0
361,DELHUX__ligand57-0
362,DELHUX__ligand941-0
363,DELHUX__ligand16475-0
364,DELHUX__ligand596-0
365,DELHUX__ligand14703-0
366,DELHUX__ligand657-0
367,DELHUX__ligand11675-0
368,DELHUX__ligand9681-0
369,DELHUX__ligand20598-0
370,DELHUX__ligand10589-0
371,DELHUX__ligand22557-0
372,DELHUX__ligand24047-0
373,DELHUX__ligand187-0
374,DELHUX__ligand17398-0
375,DELHUX__ligand4332-0
376,DELHUX__ligand3012-0
377,DELHUX__ligand1449-0
378,DELHUX__ligand366-0
379,DELHUX__ligand7530-0
380,DELHUX__ligand20011-0
381,DELHUX__ligand17278-0
382,DELHUX__ligand1065-0
383,DELHUX__ligand29414-0
384,DELHUX__ligand17982-0
385,DELHUX__ligand279-0
386,DELHUX__ligand4330-0
387,DELHUX__ligand31832-0
388,DELHUX__ligand13294-0
389,DELHUX__ligand185-0
390,DELHUX__ligand2599-0
391,DELHUX__ligand178-0
392,DELHUX__ligand68-0
393,DELHUX__ligand13331-0
394,DELHUX__ligand28884-0
395,DELHUX__ligand7532-0
396,DELHUX__ligand321-0
397,DELHUX__ligand12030-0
398,DELHUX__ligand4194-0
399,DELHUX__ligand14248-0
400,DELHUX__ligand29879-0
401,DELHUX__ligand7925-0
402,DELHUX__ligand2068-0
403,DELHUX__ligand11456-0
404,DELHUX__ligand10712-0
405,DELHUX__ligand14174-0
406,DELHUX__ligand55-0
407,DELHUX__ligand1147-0
408,DELHUX__ligand201-0
409,DELHUX__ligand3973-0
410,DELHUX__ligand25411-0
411,DELHUX__ligand13390-0
412,DELHUX__ligand338-0
413,DELHUX__ligand7107-0
414,DELHUX__ligand20682-0
415,DELHUX__ligand3215-0
416,DELHUX__ligand34-0
417,DELHUX__ligand4738-0
418,DELHUX__ligand5813-0
419,DELHUX__ligand13208-0
420,DELHUX__ligand4813-0
421,DELHUX__ligand27482-0
422,DELHUX__ligand6062-0
423,DELHUX__ligand26810-0
424,DELHUX__ligand6283-0
425,DELHUX__ligand115-0
426,DELHUX__ligand5019-0
427,DELHUX__ligand17427-0
428,DELHUX__ligand3261-0
429,DELHUX__ligand1152-0
430,DELHUX__ligand1216-0
431,DELHUX__ligand29486-0
432,DELHUX__ligand31694-0
433,DELHUX__ligand1849-0
434,DELHUX__ligand833-0
435,DELHUX__ligand1831-0
436,DELHUX__ligand5614-0
437,DELHUX__ligand5280-0
438,DELHUX__ligand6663-0
439,DELHUX__ligand5515-0
440,DELHUX__ligand25561-0
441,DELHUX__ligand24780-0
442,DELHUX__ligand12138-0
443,DELHUX__ligand22129-0
444,DELHUX__ligand11949-0
445,DELHUX__ligand38-0
446,DELHUX__ligand1786-0
447,DELHUX__ligand12001-0
448,DELHUX__ligand784-0
449,DELHUX__ligand24644-0
450,DELHUX__ligand5630-0
451,DELHUX__ligand10033-0
452,DELHUX__ligand1908-0
453,DELHUX__ligand24872-0
454,DELHUX__ligand30728-0
455,DELHUX__ligand4795-0
456,DELHUX__ligand3285-0
457,DELHUX__ligand27840-0
458,DELHUX__ligand15788-0
459,DELHUX__ligand5085-0
460,DELHUX__ligand3144-0
461,DELHUX__ligand23175-0
462,DELHUX__ligand17396-0
463,DELHUX__ligand5755-0
464,DELHUX__ligand4710-0
465,DELHUX__ligand11587-0
466,DELHUX__ligand13220-0
467,DELHUX__ligand1828-0
468,DELHUX__ligand395-0
469,DELHUX__ligand22444-0
470,DELHUX__ligand7213-0
471,DELHUX__ligand1397-0
472,DELHUX__ligand24111-0
473,DELHUX__ligand13385-0
474,DELHUX__ligand8042-0
475,DELHUX__ligand368-0
476,DELHUX__ligand14569-0
477,DELHUX__ligand6112-0
478,DELHUX__ligand1288-0
479,DELHUX__ligand176-0
480,DELHUX__ligand66-0
481,DELHUX__ligand11111-0
482,DELHUX__ligand28540-0
483,DELHUX__ligand16369-0
484,DELHUX__ligand27754-0
485,DELHUX__ligand20695-0
486,DELHUX__ligand1400-0
487,DELHUX__ligand4266-0
488,DELHUX__ligand9491-0
489,DELHUX__ligand447-0
490,DELHUX__ligand22403-0
491,DELHUX__ligand4167-0
492,DELHUX__ligand746-0
493,DELHUX__ligand10872-0
494,DELHUX__ligand21399-0
495,DELHUX__ligand1779-0
496,DELHUX__ligand487-0
497,DELHUX__ligand1817-0
498,DELHUX__ligand6993-0
499,DELHUX__ligand12003-0
500,DELHUX__ligand9750-0
501,DELHUX__ligand26631-0
502,DELHUX__ligand16148-0
503,DELHUX__ligand7075-0
504,DELHUX__ligand3557-0
505,DELHUX__ligand3980-0
506,DELHUX__ligand29215-0
507,DELHUX__ligand1149-0
508,DELHUX__ligand3042-0
509,DELHUX__ligand27239-0
510,DELHUX__ligand21729-0
511,DELHUX__ligand7438-0
512,DELHUX__ligand8200-0
513,DELHUX__ligand14043-0
514,DELHUX__ligand4063-0
515,DELHUX__ligand26324-0
516,DELHUX__ligand28559-0
517,DELHUX__ligand506-0
518,DELHUX__ligand19927-0
519,DELHUX__ligand1539-0
520,DELHUX__ligand11618-0
521,DELHUX__ligand1150-0
522,DELHUX__ligand152-0
523,DELHUX__ligand42-0
524,DELHUX__ligand26529-0
525,DELHUX__ligand3416-0
526,DELHUX__ligand3453-0
527,DELHUX__ligand4207-0
528,DELHUX__ligand4-0
529,DELHUX__ligand196-0
530,DELHUX__ligand1169-0
531,DELHUX__ligand23197-0
532,DELHUX__ligand8529-0
533,DELHUX__ligand29029-0
534,DELHUX__ligand27285-0
535,DELHUX__ligand422-0
536,DELHUX__ligand27669-0
537,DELHUX__ligand30142-0
538,DELHUX__ligand14167-0
539,DELHUX__ligand13477-0
540,DELHUX__ligand1498-0
541,DELHUX__ligand4596-0
542,DELHUX__ligand1154-0
543,DELHUX__ligand686-0
544,DELHUX__ligand9615-0
545,DELHUX__ligand28459-0
546,DELHUX__ligand1028-0
547,DELHUX__ligand393-0
548,DELHUX__ligand12453-0
549,DELHUX__ligand18448-0
550,DELHUX__ligand4262-0
551,DELHUX__ligand1618-0
552,DELHUX__ligand2692-0
553,DELHUX__ligand19184-0
554,DELHUX__ligand18568-0
555,DELHUX__ligand28685-0
556,DELHUX__ligand13672-0
557,DELHUX__ligand10371-0
558,DELHUX__ligand353-0
559,DELHUX__ligand2027-0
560,DELHUX__ligand1050-0
561,DELHUX__ligand1015-0
562,DELHUX__ligand11994-0
563,DELHUX__ligand31044-0
564,DELHUX__ligand4340-0
565,DELHUX__ligand31842-0
566,DELHUX__ligand2650-0
567,DELHUX__ligand2281-0
568,DELHUX__ligand24035-0
569,DELHUX__ligand3180-0
570,DELHUX__ligand18-0
571,DELHUX__ligand6995-0
572,DELHUX__ligand813-0
573,DELHUX__ligand14614-0
574,DELHUX__ligand2823-0
575,DELHUX__ligand314-0
576,DELHUX__ligand780-0
577,DELHUX__ligand16663-0
578,DELHUX__ligand391-0
579,DELHUX__ligand25913-0
580,DELHUX__ligand4124-0
581,DELHUX__ligand3471-0
582,DELHUX__ligand4161-0
583,DELHUX__ligand16988-0
584,DELHUX__ligand618-0
585,DELHUX__ligand30711-0
586,DELHUX__ligand20207-0
587,DELHUX__ligand5415-0
588,DELHUX__ligand11682-0
589,DELHUX__ligand10828-0
590,DELHUX__ligand19792-0
591,DELHUX__ligand15926-0
592,DELHUX__ligand5201-0
593,DELHUX__ligand24230-0
594,DELHUX__ligand11447-0
595,DELHUX__ligand465-0
596,DELHUX__ligand11096-0
597,DELHUX__ligand28810-0
598,DELHUX__ligand15883-0
599,DELHUX__ligand11970-0
600,DELHUX__ligand8553-0
601,DELHUX__ligand1113-0
602,DELHUX__ligand314-1
603,DELHUX__ligand21919-0
604,DELHUX__ligand22294-0
605,DELHUX__ligand22168-0
606,DELHUX__ligand8593-0
607,DELHUX__ligand28930-0
608,DELHUX__ligand9944-0
609,DELHUX__ligand28743-0
610,DELHUX__ligand15531-0
611,DELHUX__ligand13862-0
612,DELHUX__ligand11357-0
613,DELHUX__ligand2001-0
614,DELHUX__ligand12365-0
615,DELHUX__ligand10056-0
616,DELHUX__ligand7566-0
617,DELHUX__ligand2612-0
618,DELHUX__ligand11501-0
619,DELHUX__ligand11544-0
620,DELHUX__ligand909-0
621,DELHUX__ligand1599-0
622,DELHUX__ligand29214-0
623,DELHUX__ligand9450-0
624,DELHUX__ligand11758-0
625,DELHUX__ligand22357-0
626,DELHUX__ligand21448-0
627,DELHUX__ligand11798-0
628,DELHUX__ligand20731-0
629,DELHUX__ligand29334-0
630,DELHUX__ligand12413-0
631,DELHUX__ligand67-0
632,DELHUX__ligand177-0
633,DELHUX__ligand1289-0
634,DELHUX__ligand17445-0
635,DELHUX__ligand2203-0
636,DELHUX__ligand5387-0
637,DELHUX__ligand14477-0
638,DELHUX__ligand17069-0
639,DELHUX__ligand2417-0
640,DELHUX__ligand14226-0
641,DELHUX__ligand21339-0
642,DELHUX__ligand16956-0
643,DELHUX__ligand20942-1
644,DELHUX__ligand27771-0
645,DELHUX__ligand6391-0
646,DELHUX__ligand3126-0
647,DELHUX__ligand9284-0
648,DELHUX__ligand252-0
649,DELHUX__ligand18158-0
650,DELHUX__ligand23682-0
651,DELHUX__ligand1114-0
652,DELHUX__ligand116-0
653,DELHUX__ligand29565-0
654,DELHUX__ligand43-0
655,DELHUX__ligand14007-0
656,DELHUX__ligand1604-0
657,DELHUX__ligand18019-1
658,DELHUX__ligand1228-0
659,DELHUX__ligand9943-0
660,DELHUX__ligand1-0
661,DELHUX__ligand193-0
662,DELHUX__ligand2043-0
663,DELHUX__ligand372-0
664,DELHUX__ligand1832-0
665,DELHUX__ligand27550-0
666,DELHUX__ligand8788-0
667,DELHUX__ligand830-0
668,DELHUX__ligand6017-0
669,DELHUX__ligand3-0
670,DELHUX__ligand7316-0
671,DELHUX__ligand5708-0
672,DELHUX__ligand24624-0
673,DELHUX__ligand18413-0
674,DELHUX__ligand20844-0
675,DELHUX__ligand370-0
676,DELHUX__ligand24560-0
677,DELHUX__ligand5180-0
678,DELHUX__ligand18757-0
679,DELHUX__ligand7172-0
680,DELHUX__ligand7273-0
681,DELHUX__ligand21752-0
682,DELHUX__ligand9323-0
683,DELHUX__ligand13691-0
684,DELHUX__ligand30788-0
685,DELHUX__ligand7092-0
686,DELHUX__ligand2260-0
687,DELHUX__ligand1153-0
688,DELHUX__ligand3225-0
689,DELHUX__ligand1116-0
690,DELHUX__ligand250-0
691,DELHUX__ligand8612-0
692,DELHUX__ligand2124-0
693,DELHUX__ligand14339-0
694,DELHUX__ligand4649-0
695,DELHUX__ligand8793-0
696,DELHUX__ligand5649-0
697,DELHUX__ligand2788-0
698,DELHUX__ligand24953-0
699,DELHUX__ligand23445-0
700,DELHUX__ligand16133-0
701,DELHUX__ligand13755-0
702,DELHUX__ligand27122-0
703,DELHUX__ligand20432-0
704,DELHUX__ligand2906-0
705,DELHUX__ligand188-0
706,DELHUX__ligand4711-0
707,DELHUX__ligand21940-0
708,DELHUX__ligand3244-0
709,DELHUX__ligand25048-0
710,DELHUX__ligand620-0
711,DELHUX__ligand370-1
712,DELHUX__ligand4807-0
713,DELHUX__ligand3178-0
714,DELHUX__ligand564-0
715,DELHUX__ligand30004-0
716,DELHUX__ligand20557-0
717,DELHUX__ligand479-0
718,DELHUX__ligand1787-0
719,DELHUX__ligand1356-0
720,DELHUX__ligand5530-0
721,DELHUX__ligand785-0
722,DELHUX__ligand9753-0
723,DELHUX__ligand311-0
724,DELHUX__ligand7196-0
725,DELHUX__ligand5159-0
726,DELHUX__ligand134-0
727,DELHUX__ligand13260-0
728,DELHUX__ligand24-0
729,DELHUX__ligand10582-0
730,DELHUX__ligand7762-0
731,DELHUX__ligand5080-0
732,DELHUX__ligand235-0
733,DELHUX__ligand11252-0
734,DELHUX__ligand5509-0
735,DELHUX__ligand8002-0
736,DELHUX__ligand18067-0
737,DELHUX__ligand6117-0
738,DELHUX__ligand1407-0
739,DELHUX__ligand19824-0
740,DELHUX__ligand20821-0
741,DELHUX__ligand1317-0
742,DELHUX__ligand26673-0
743,DELHUX__ligand3867-0
744,DELHUX__ligand2822-0
745,DELHUX__ligand7293-0
746,DELHUX__ligand560-0
747,DELHUX__ligand9167-0
748,DELHUX__ligand31000-0
749,DELHUX__ligand5304-0
750,DELHUX__ligand2238-0
751,DELHUX__ligand11606-0
752,DELHUX__ligand19-0
753,DELHUX__ligand9773-0
754,DELHUX__ligand16603-0
755,DELHUX__ligand1376-0
756,DELHUX__ligand5510-0
757,DELHUX__ligand11814-0
758,DELHUX__ligand1296-0
759,DELHUX__ligand78-0
760,DELHUX__ligand2259-0
761,DELHUX__ligand11622-0
762,DELHUX__ligand294-0
763,DELHUX__ligand1197-0
764,DELHUX__ligand5099-0
765,DELHUX__ligand8592-0
766,DELHUX__ligand16870-0
767,DELHUX__ligand4358-0
768,DELHUX__ligand685-0
769,DELHUX__ligand15455-0
770,DELHUX__ligand3120-0
771,DELHUX__ligand3926-0
772,DELHUX__ligand45-0
773,DELHUX__ligand11177-0
774,DELHUX__ligand2221-0
775,DELHUX__ligand5595-0
776,DELHUX__ligand4101-0
777,DELHUX__ligand31205-0
778,DELHUX__ligand25658-0
779,DELHUX__ligand17686-0
780,DELHUX__ligand421-0
781,DELHUX__ligand20121-0
782,DELHUX__ligand6892-0
783,DELHUX__ligand15387-0
784,DELHUX__ligand20220-0
785,DELHUX__ligand1211-0
786,DELHUX__ligand16952-0
787,DELHUX__ligand29813-0
788,DELHUX__ligand3712-0
789,DELHUX__ligand1464-0
790,DELHUX__ligand1499-0
791,DELHUX__ligand2881-0
792,DELHUX__ligand10853-0
793,DELHUX__ligand6699-0
794,DELHUX__ligand29441-0
795,DELHUX__ligand11479-0
796,DELHUX__ligand27610-0
797,DELHUX__ligand10479-0
798,DELHUX__ligand13657-0
799,DELHUX__ligand14347-0
800,DELHUX__ligand197-0
801,DELHUX__ligand14302-0
802,DELHUX__ligand11698-0
803,DELHUX__ligand3632-0
804,DELHUX__ligand3677-0
805,DELHUX__ligand20530-0
806,DELHUX__ligand1168-0
807,DELHUX__ligand1294-0
808,DELHUX__ligand24851-0
809,DELHUX__ligand783-0
810,DELHUX__ligand352-0
811,DELHUX__ligand7291-0
812,DELHUX__ligand3677-1
813,DELHUX__ligand9883-0
814,DELHUX__ligand22353-0
815,DELHUX__ligand4007-0
816,DELHUX__ligand2985-0
817,DELHUX__ligand19906-0
818,DELHUX__ligand9299-0
819,DELHUX__ligand19668-0
820,DELHUX__ligand3945-0
821,DELHUX__ligand10151-0
822,DELHUX__ligand2693-0
823,DELHUX__ligand5383-0
824,DELHUX__ligand868-0
825,DELHUX__ligand9344-0
826,DELHUX__ligand3736-0
827,DELHUX__ligand8000-0
