,TMC
0,UKOXEY__ligand358-0
1,UKOXEY__ligand430-0
2,UKOXEY__ligand21-0
3,UKOXEY__ligand1228-0
4,UKOXEY__ligand9244-0
5,UKOXEY__ligand669-0
6,UKOXEY__ligand1114-0
7,UKOXEY__ligand278-0
8,UKOXEY__ligand1538-0
9,UKOXEY__ligand365-0
10,UKOXEY__ligand38-0
11,UKOXEY__ligand571-0
12,UKOXEY__ligand4-0
13,UKOXEY__ligand3246-0
14,UKOXEY__ligand670-0
15,UKOXEY__ligand118-0
16,UKOXEY__ligand1479-0
17,UKOXEY__ligand1148-0
18,UKOXEY__ligand509-0
19,UKOXEY__ligand40-0
20,UKOXEY__ligand2098-0
21,UKOXEY__ligand383-0
22,UKOXEY__ligand6502-0
23,UKOXEY__ligand2863-0
24,UKOXEY__ligand226-0
25,UKOXEY__ligand3178-0
26,UKOXEY__ligand6332-0
27,UKOXEY__ligand162-0
28,UKOXEY__ligand6-0
29,UKOXEY__ligand3145-0
30,UKOXEY__ligand7915-0
31,UKOXEY__ligand5548-0
32,UKOXEY__ligand1747-0
33,UKOXEY__ligand6686-0
34,UKOXEY__ligand2751-0
35,UKOXEY__ligand3041-0
36,UKOXEY__ligand66-0
37,UKOXEY__ligand1542-0
38,UKOXEY__ligand2634-0
39,UKOXEY__ligand326-0
40,UKOXEY__ligand6277-0
41,UKOXEY__ligand821-0
42,UKOXEY__ligand1951-0
43,UKOXEY__ligand283-0
44,UKOXEY__ligand1687-0
45,UKOXEY__ligand553-0
46,UKOXEY__ligand62-0
47,UKOXEY__ligand206-0
48,UKOXEY__ligand2259-0
49,UKOXEY__ligand2688-0
50,UKOXEY__ligand142-0
51,UKOXEY__ligand1376-0
52,UKOXEY__ligand436-0
53,UKOXEY__ligand2768-0
54,UKOXEY__ligand166-0
55,UKOXEY__ligand838-0
56,UKOXEY__ligand497-0
57,UKOXEY__ligand1706-0
58,UKOXEY__ligand3734-0
59,UKOXEY__ligand2629-0
60,UKOXEY__ligand532-0
61,UKOXEY__ligand918-0
62,UKOXEY__ligand86-0
63,UKOXEY__ligand633-0
64,UKOXEY__ligand4381-0
65,UKOXEY__ligand1171-0
66,UKOXEY__ligand575-0
67,UKOXEY__ligand199-0
68,UKOXEY__ligand927-0
69,UKOXEY__ligand5801-0
70,UKOXEY__ligand3063-0
71,UKOXEY__ligand1438-0
72,UKOXEY__ligand105-0
73,UKOXEY__ligand140-0
74,UKOXEY__ligand1544-0
75,UKOXEY__ligand1459-0
76,UKOXEY__ligand2087-0
77,UKOXEY__ligand1048-0
78,UKOXEY__ligand361-0
79,UKOXEY__ligand3757-0
80,UKOXEY__ligand324-0
81,UKOXEY__ligand409-0
82,UKOXEY__ligand1685-0
83,UKOXEY__ligand18-0
84,UKOXEY__ligand2430-0
85,UKOXEY__ligand1703-0
86,UKOXEY__ligand2907-0
87,UKOXEY__ligand1567-0
88,UKOXEY__ligand2285-0
89,UKOXEY__ligand8921-0
90,UKOXEY__ligand126-0
91,UKOXEY__ligand2510-0
92,UKOXEY__ligand1056-0
93,UKOXEY__ligand2320-0
94,UKOXEY__ligand2862-0
95,UKOXEY__ligand596-0
96,UKOXEY__ligand1607-0
97,UKOXEY__ligand67-0
98,UKOXEY__ligand861-0
99,UKOXEY__ligand1727-0
100,UKOXEY__ligand366-0
101,UKOXEY__ligand187-0
102,UKOXEY__ligand1152-0
103,UKOXEY__ligand11730-0
104,UKOXEY__ligand612-0
105,UKOXEY__ligand321-0
106,UKOXEY__ligand178-0
107,UKOXEY__ligand279-0
108,UKOXEY__ligand3637-0
109,UKOXEY__ligand244-0
110,UKOXEY__ligand201-0
111,UKOXEY__ligand100-0
112,UKOXEY__ligand8774-0
113,UKOXEY__ligand1598-0
114,UKOXEY__ligand124-0
115,UKOXEY__ligand1248-0
116,UKOXEY__ligand4303-0
117,UKOXEY__ligand6294-0
118,UKOXEY__ligand1054-0
119,UKOXEY__ligand7464-0
120,UKOXEY__ligand119-0
121,UKOXEY__ligand384-0
122,UKOXEY__ligand2864-0
123,UKOXEY__ligand45-0
124,UKOXEY__ligand120-0
125,UKOXEY__ligand85-0
126,UKOXEY__ligand2142-0
127,UKOXEY__ligand78-0
128,UKOXEY__ligand1-0
129,UKOXEY__ligand9495-0
130,UKOXEY__ligand2772-0
131,UKOXEY__ligand6151-0
132,UKOXEY__ligand6538-0
133,UKOXEY__ligand2880-0
134,UKOXEY__ligand5941-0
135,UKOXEY__ligand1799-0
136,UKOXEY__ligand3838-0
137,UKOXEY__ligand2838-0
138,UKOXEY__ligand141-0
139,UKOXEY__ligand5022-0
140,UKOXEY__ligand1169-0
141,UKOXEY__ligand240-0
142,UKOXEY__ligand1835-0
143,UKOXEY__ligand2794-0
144,UKOXEY__ligand2345-0
145,UKOXEY__ligand4983-0
146,UKOXEY__ligand1502-0
147,UKOXEY__ligand2265-0
148,UKOXEY__ligand1113-0
149,UKOXEY__ligand6396-0
150,UKOXEY__ligand9027-0
151,UKOXEY__ligand3-0
152,UKOXEY__ligand1273-0
153,UKOXEY__ligand797-0
154,UKOXEY__ligand1052-0
155,UKOXEY__ligand757-0
156,UKOXEY__ligand8032-0
157,UKOXEY__ligand1858-0
158,UKOXEY__ligand502-0
159,UKOXEY__ligand196-0
160,UKOXEY__ligand5334-0
161,UKOXEY__ligand113-0
162,UKOXEY__ligand2315-0
163,UKOXEY__ligand2480-0
164,UKOXEY__ligand4504-0
165,UKOXEY__ligand422-0
166,UKOXEY__ligand3051-0
167,UKOXEY__ligand1898-0
168,UKOXEY__ligand1919-0
169,UKOXEY__ligand236-0
170,UKOXEY__ligand17-0
171,UKOXEY__ligand2389-0
172,UKOXEY__ligand1712-0
173,UKOXEY__ligand353-0
174,UKOXEY__ligand2916-0
175,UKOXEY__ligand2110-0
176,UKOXEY__ligand3579-0
177,UKOXEY__ligand92-0
178,UKOXEY__ligand1379-0
179,UKOXEY__ligand314-0
180,UKOXEY__ligand481-0
181,UKOXEY__ligand6430-0
182,UKOXEY__ligand1299-0
183,UKOXEY__ligand1221-0
184,UKOXEY__ligand1264-0
185,UKOXEY__ligand2929-0
186,UKOXEY__ligand170-0
187,UKOXEY__ligand2376-0
188,UKOXEY__ligand391-0
189,UKOXEY__ligand89-0
190,UKOXEY__ligand210-0
191,UKOXEY__ligand2482-0
192,UKOXEY__ligand1325-0
193,UKOXEY__ligand6571-0
194,UKOXEY__ligand2442-0
195,UKOXEY__ligand1019-0
196,UKOXEY__ligand49-0
197,UKOXEY__ligand1104-0
198,UKOXEY__ligand5762-0
199,UKOXEY__ligand7414-0
200,UKOXEY__ligand1321-0
201,UKOXEY__ligand3566-0
202,UKOXEY__ligand115-0
203,UKOXEY__ligand1178-0
204,UKOXEY__ligand291-0
205,UKOXEY__ligand1788-0
206,UKOXEY__ligand4894-0
207,UKOXEY__ligand1260-0
208,UKOXEY__ligand9620-0
209,UKOXEY__ligand485-0
210,UKOXEY__ligand784-0
211,UKOXEY__ligand355-0
212,UKOXEY__ligand7514-0
213,UKOXEY__ligand3337-0
214,UKOXEY__ligand15630-0
215,UKOXEY__ligand4811-0
216,UKOXEY__ligand1449-1
217,UKOXEY__ligand11-0
218,UKOXEY__ligand10357-0
219,UKOXEY__ligand447-0
220,UKOXEY__ligand1307-0
221,UKOXEY__ligand133-0
222,UKOXEY__ligand666-0
223,UKOXEY__ligand522-0
224,UKOXEY__ligand487-0
225,UKOXEY__ligand1246-0
226,UKOXEY__ligand6166-0
227,UKOXEY__ligand2853-0
228,UKOXEY__ligand3853-0
229,UKOXEY__ligand2599-0
230,UKOXEY__ligand5089-0
231,UKOXEY__ligand682-0
232,UKOXEY__ligand390-0
233,UKOXEY__ligand51-0
234,UKOXEY__ligand235-0
235,UKOXEY__ligand4012-0
236,UKOXEY__ligand932-0
237,UKOXEY__ligand134-0
238,UKOXEY__ligand3196-0
239,UKOXEY__ligand91-0
240,UKOXEY__ligand109-0
241,UKOXEY__ligand29-0
242,UKOXEY__ligand560-0
243,UKOXEY__ligand525-0
244,UKOXEY__ligand2915-0
245,UKOXEY__ligand1690-0
246,UKOXEY__ligand48-0
247,UKOXEY__ligand993-0
248,UKOXEY__ligand294-0
249,UKOXEY__ligand331-0
250,UKOXEY__ligand2707-0
251,UKOXEY__ligand798-0
252,UKOXEY__ligand421-0
253,UKOXEY__ligand2526-0
254,UKOXEY__ligand916-0
255,UKOXEY__ligand584-0
256,UKOXEY__ligand1551-0
257,UKOXEY__ligand32-0
258,UKOXEY__ligand4370-0
259,UKOXEY__ligand112-0
260,UKOXEY__ligand296-0
261,UKOXEY__ligand197-0
262,UKOXEY__ligand2618-0
263,UKOXEY__ligand3618-0
264,UKOXEY__ligand1436-0
265,UKOXEY__ligand2255-0
266,UKOXEY__ligand4175-0
267,UKOXEY__ligand783-0
268,UKOXEY__ligand352-0
269,UKOXEY__ligand442-0
270,UKOXEY__ligand868-0
271,UKOXEY__ligand136-0
272,UKOXEY__ligand1918-0
273,UKOXEY__ligand6143-0
274,UKOXEY__ligand5235-0
275,UKOXEY__ligand851-0
276,UKOXEY__ligand4619-0
277,UKOXEY__ligand909-0
278,UKOXEY__ligand3251-0
279,UKOXEY__ligand57-0
280,UKOXEY__ligand9176-0
281,UKOXEY__ligand10479-0
282,UKOXEY__ligand177-0
283,UKOXEY__ligand934-0
284,UKOXEY__ligand1493-0
285,UKOXEY__ligand2718-0
286,UKOXEY__ligand3070-0
287,UKOXEY__ligand3035-0
288,UKOXEY__ligand5758-0
289,UKOXEY__ligand955-0
290,UKOXEY__ligand73-0
291,UKOXEY__ligand252-0
292,UKOXEY__ligand3852-0
293,UKOXEY__ligand3478-0
294,UKOXEY__ligand1818-0
295,UKOXEY__ligand830-0
296,UKOXEY__ligand10114-0
297,UKOXEY__ligand193-0
298,UKOXEY__ligand7456-0
299,UKOXEY__ligand370-0
300,UKOXEY__ligand3890-0
301,UKOXEY__ligand10910-0
302,UKOXEY__ligand1907-0
303,UKOXEY__ligand4423-0
304,UKOXEY__ligand250-0
305,UKOXEY__ligand1555-0
306,UKOXEY__ligand8-0
307,UKOXEY__ligand34-0
308,UKOXEY__ligand1285-0
309,UKOXEY__ligand7630-0
310,UKOXEY__ligand460-0
311,UKOXEY__ligand55-0
312,UKOXEY__ligand188-0
313,UKOXEY__ligand14530-0
314,UKOXEY__ligand444-0
315,UKOXEY__ligand369-0
316,UKOXEY__ligand7550-0
317,UKOXEY__ligand1038-0
318,UKOXEY__ligand311-0
319,UKOXEY__ligand2762-0
320,UKOXEY__ligand2954-0
321,UKOXEY__ligand5093-0
322,UKOXEY__ligand1160-0
323,UKOXEY__ligand2253-0
324,UKOXEY__ligand95-0
