,TMC
0,OJUWIA__ligand1299-0
1,OJUWIA__ligand6430-0
2,OJUWIA__ligand1221-0
3,OJUWIA__ligand1264-0
4,OJUWIA__ligand1379-0
5,OJUWIA__ligand48-0
6,OJUWIA__ligand2376-0
7,OJUWIA__ligand2929-0
8,OJUWIA__ligand2482-0
9,OJUWIA__ligand797-0
10,OJUWIA__ligand1325-0
11,OJUWIA__ligand91-0
12,OJUWIA__ligand29-0
13,OJUWIA__ligand6571-0
14,OJUWIA__ligand1104-0
15,OJUWIA__ligand7414-0
16,OJUWIA__ligand5762-0
17,OJUWIA__ligand51-0
18,OJUWIA__ligand1019-0
19,OJUWIA__ligand757-0
20,OJUWIA__ligand2442-0
21,OJUWIA__ligand120-0
22,OJUWIA__ligand8032-0
23,OJUWIA__ligand384-0
24,OJUWIA__ligand1858-0
25,OJUWIA__ligand2315-0
26,OJUWIA__ligand1898-0
27,OJUWIA__ligand2480-0
28,OJUWIA__ligand4504-0
29,OJUWIA__ligand3051-0
30,OJUWIA__ligand5334-0
31,OJUWIA__ligand2389-0
32,OJUWIA__ligand1919-0
33,OJUWIA__ligand11730-0
34,OJUWIA__ligand2916-0
35,OJUWIA__ligand240-0
36,OJUWIA__ligand2110-0
37,OJUWIA__ligand141-0
38,OJUWIA__ligand3579-0
39,OJUWIA__ligand32-0
40,OJUWIA__ligand1712-0
41,OJUWIA__ligand279-0
42,OJUWIA__ligand178-0
43,OJUWIA__ligand321-0
44,OJUWIA__ligand1307-0
45,OJUWIA__ligand73-0
46,OJUWIA__ligand100-0
47,OJUWIA__ligand244-0
48,OJUWIA__ligand201-0
49,OJUWIA__ligand57-0
50,OJUWIA__ligand6166-0
51,OJUWIA__ligand1246-0
52,OJUWIA__ligand124-0
53,OJUWIA__ligand119-0
54,OJUWIA__ligand5089-0
55,OJUWIA__ligand2599-0
56,OJUWIA__ligand2853-0
57,OJUWIA__ligand3853-0
58,OJUWIA__ligand1178-0
59,OJUWIA__ligand3566-0
60,OJUWIA__ligand1321-0
61,OJUWIA__ligand95-0
62,OJUWIA__ligand1788-0
63,OJUWIA__ligand55-0
64,OJUWIA__ligand126-0
65,OJUWIA__ligand34-0
66,OJUWIA__ligand9620-0
67,OJUWIA__ligand1260-0
68,OJUWIA__ligand4894-0
69,OJUWIA__ligand596-0
70,OJUWIA__ligand612-0
71,OJUWIA__ligand4811-0
72,OJUWIA__ligand1449-1
73,OJUWIA__ligand187-0
74,OJUWIA__ligand366-0
75,OJUWIA__ligand861-0
76,OJUWIA__ligand7514-0
77,OJUWIA__ligand3337-0
78,OJUWIA__ligand575-0
79,OJUWIA__ligand4370-0
80,OJUWIA__ligand92-0
81,OJUWIA__ligand1436-0
82,OJUWIA__ligand17-0
83,OJUWIA__ligand927-0
84,OJUWIA__ligand199-0
85,OJUWIA__ligand2618-0
86,OJUWIA__ligand3618-0
87,OJUWIA__ligand4175-0
88,OJUWIA__ligand105-0
89,OJUWIA__ligand2255-0
90,OJUWIA__ligand140-0
91,OJUWIA__ligand1918-0
92,OJUWIA__ligand361-0
93,OJUWIA__ligand324-0
94,OJUWIA__ligand409-0
95,OJUWIA__ligand553-0
96,OJUWIA__ligand8-0
97,OJUWIA__ligand283-0
98,OJUWIA__ligand4012-0
99,OJUWIA__ligand3196-0
100,OJUWIA__ligand821-0
101,OJUWIA__ligand49-0
102,OJUWIA__ligand326-0
103,OJUWIA__ligand436-0
104,OJUWIA__ligand89-0
105,OJUWIA__ligand142-0
106,OJUWIA__ligand206-0
107,OJUWIA__ligand2915-0
108,OJUWIA__ligand838-0
109,OJUWIA__ligand2707-0
110,OJUWIA__ligand1690-0
111,OJUWIA__ligand166-0
112,OJUWIA__ligand918-0
113,OJUWIA__ligand633-0
114,OJUWIA__ligand2526-0
115,OJUWIA__ligand532-0
116,OJUWIA__ligand1551-0
117,OJUWIA__ligand497-0
118,OJUWIA__ligand1907-0
119,OJUWIA__ligand162-0
120,OJUWIA__ligand4423-0
121,OJUWIA__ligand226-0
122,OJUWIA__ligand11-0
123,OJUWIA__ligand3890-0
124,OJUWIA__ligand383-0
125,OJUWIA__ligand7630-0
126,OJUWIA__ligand1555-0
127,OJUWIA__ligand1285-0
128,OJUWIA__ligand7550-0
129,OJUWIA__ligand2954-0
130,OJUWIA__ligand5093-0
131,OJUWIA__ligand1160-0
132,OJUWIA__ligand2253-0
133,OJUWIA__ligand1038-0
134,OJUWIA__ligand2762-0
135,OJUWIA__ligand3251-0
136,OJUWIA__ligand669-0
137,OJUWIA__ligand358-0
138,OJUWIA__ligand6143-0
139,OJUWIA__ligand430-0
140,OJUWIA__ligand5235-0
141,OJUWIA__ligand4619-0
142,OJUWIA__ligand1493-0
143,OJUWIA__ligand365-0
144,OJUWIA__ligand3070-0
145,OJUWIA__ligand3035-0
146,OJUWIA__ligand2718-0
147,OJUWIA__ligand9176-0
148,OJUWIA__ligand278-0
149,OJUWIA__ligand3852-0
150,OJUWIA__ligand3478-0
151,OJUWIA__ligand670-0
152,OJUWIA__ligand5758-0
153,OJUWIA__ligand118-0
154,OJUWIA__ligand571-0
155,OJUWIA__ligand509-0
156,OJUWIA__ligand7456-0
157,OJUWIA__ligand1818-0
158,OJUWIA__ligand3178-0
159,OJUWIA__ligand6332-0
160,OJUWIA__ligand6502-0
161,OJUWIA__ligand2098-0
162,OJUWIA__ligand2863-0
163,OJUWIA__ligand370-0
164,OJUWIA__ligand5548-0
165,OJUWIA__ligand7915-0
166,OJUWIA__ligand460-0
167,OJUWIA__ligand67-0
168,OJUWIA__ligand6686-0
169,OJUWIA__ligand1747-0
170,OJUWIA__ligand250-0
171,OJUWIA__ligand3145-0
172,OJUWIA__ligand2751-0
173,OJUWIA__ligand444-0
174,OJUWIA__ligand369-0
175,OJUWIA__ligand188-0
176,OJUWIA__ligand1542-0
177,OJUWIA__ligand2634-0
178,OJUWIA__ligand3041-0
179,OJUWIA__ligand311-0
180,OJUWIA__ligand1228-0
181,OJUWIA__ligand909-0
182,OJUWIA__ligand9244-0
183,OJUWIA__ligand851-0
184,OJUWIA__ligand177-0
185,OJUWIA__ligand934-0
186,OJUWIA__ligand1114-0
187,OJUWIA__ligand1538-0
188,OJUWIA__ligand252-0
189,OJUWIA__ligand955-0
190,OJUWIA__ligand3246-0
191,OJUWIA__ligand1148-0
192,OJUWIA__ligand193-0
193,OJUWIA__ligand1479-0
194,OJUWIA__ligand830-0
195,OJUWIA__ligand112-0
196,OJUWIA__ligand1171-0
197,OJUWIA__ligand10910-0
198,OJUWIA__ligand1438-0
199,OJUWIA__ligand3063-0
200,OJUWIA__ligand197-0
201,OJUWIA__ligand5801-0
202,OJUWIA__ligand296-0
203,OJUWIA__ligand783-0
204,OJUWIA__ligand352-0
205,OJUWIA__ligand85-0
206,OJUWIA__ligand1459-0
207,OJUWIA__ligand78-0
208,OJUWIA__ligand1544-0
209,OJUWIA__ligand1685-0
210,OJUWIA__ligand14530-0
211,OJUWIA__ligand4-0
212,OJUWIA__ligand136-0
213,OJUWIA__ligand1048-0
214,OJUWIA__ligand45-0
215,OJUWIA__ligand868-0
216,OJUWIA__ligand2087-0
217,OJUWIA__ligand442-0
218,OJUWIA__ligand3757-0
219,OJUWIA__ligand932-0
220,OJUWIA__ligand134-0
221,OJUWIA__ligand1951-0
222,OJUWIA__ligand6-0
223,OJUWIA__ligand10479-0
224,OJUWIA__ligand235-0
225,OJUWIA__ligand1687-0
226,OJUWIA__ligand390-0
227,OJUWIA__ligand6277-0
228,OJUWIA__ligand2768-0
229,OJUWIA__ligand1376-0
230,OJUWIA__ligand560-0
231,OJUWIA__ligand525-0
232,OJUWIA__ligand109-0
233,OJUWIA__ligand2688-0
234,OJUWIA__ligand2259-0
235,OJUWIA__ligand331-0
236,OJUWIA__ligand10114-0
237,OJUWIA__ligand294-0
238,OJUWIA__ligand993-0
239,OJUWIA__ligand2629-0
240,OJUWIA__ligand916-0
241,OJUWIA__ligand584-0
242,OJUWIA__ligand4381-0
243,OJUWIA__ligand1706-0
244,OJUWIA__ligand798-0
245,OJUWIA__ligand421-0
246,OJUWIA__ligand3734-0
247,OJUWIA__ligand133-0
248,OJUWIA__ligand1-0
249,OJUWIA__ligand447-0
250,OJUWIA__ligand40-0
251,OJUWIA__ligand38-0
252,OJUWIA__ligand487-0
253,OJUWIA__ligand8774-0
254,OJUWIA__ligand3637-0
255,OJUWIA__ligand522-0
256,OJUWIA__ligand666-0
257,OJUWIA__ligand6294-0
258,OJUWIA__ligand1054-0
259,OJUWIA__ligand1598-0
260,OJUWIA__ligand4303-0
261,OJUWIA__ligand1248-0
262,OJUWIA__ligand682-0
263,OJUWIA__ligand7464-0
264,OJUWIA__ligand21-0
265,OJUWIA__ligand115-0
266,OJUWIA__ligand2907-0
267,OJUWIA__ligand66-0
268,OJUWIA__ligand2430-0
269,OJUWIA__ligand1703-0
270,OJUWIA__ligand1056-0
271,OJUWIA__ligand2320-0
272,OJUWIA__ligand2862-0
273,OJUWIA__ligand8921-0
274,OJUWIA__ligand1567-0
275,OJUWIA__ligand2285-0
276,OJUWIA__ligand2510-0
277,OJUWIA__ligand291-0
278,OJUWIA__ligand784-0
279,OJUWIA__ligand355-0
280,OJUWIA__ligand485-0
281,OJUWIA__ligand1607-0
282,OJUWIA__ligand3-0
283,OJUWIA__ligand1152-0
284,OJUWIA__ligand1727-0
285,OJUWIA__ligand1502-0
286,OJUWIA__ligand1835-0
287,OJUWIA__ligand2345-0
288,OJUWIA__ligand481-0
289,OJUWIA__ligand2794-0
290,OJUWIA__ligand86-0
291,OJUWIA__ligand4983-0
292,OJUWIA__ligand314-0
293,OJUWIA__ligand9027-0
294,OJUWIA__ligand391-0
295,OJUWIA__ligand170-0
296,OJUWIA__ligand2265-0
297,OJUWIA__ligand1113-0
298,OJUWIA__ligand6396-0
299,OJUWIA__ligand62-0
300,OJUWIA__ligand210-0
301,OJUWIA__ligand1273-0
302,OJUWIA__ligand1052-0
303,OJUWIA__ligand502-0
304,OJUWIA__ligand196-0
305,OJUWIA__ligand18-0
306,OJUWIA__ligand2864-0
307,OJUWIA__ligand2772-0
308,OJUWIA__ligand422-0
309,OJUWIA__ligand6151-0
310,OJUWIA__ligand9495-0
311,OJUWIA__ligand6538-0
312,OJUWIA__ligand113-0
313,OJUWIA__ligand2142-0
314,OJUWIA__ligand5941-0
315,OJUWIA__ligand2880-0
316,OJUWIA__ligand1799-0
317,OJUWIA__ligand3838-0
318,OJUWIA__ligand2838-0
319,OJUWIA__ligand236-0
320,OJUWIA__ligand10357-0
321,OJUWIA__ligand15630-0
322,OJUWIA__ligand1169-0
323,OJUWIA__ligand5022-0
324,OJUWIA__ligand353-0
