,TMC
0,FAVWUV__ligand28924-0
1,FAVWUV__ligand15438-0
2,FAVWUV__ligand5415-0
3,FAVWUV__ligand29087-0
4,FAVWUV__ligand18703-0
5,FAVWUV__ligand3471-0
6,FAVWUV__ligand4161-0
7,FAVWUV__ligand4124-0
8,FAVWUV__ligand199-0
9,FAVWUV__ligand17945-0
10,FAVWUV__ligand6995-0
11,FAVWUV__ligand18013-0
12,FAVWUV__ligand25224-0
13,FAVWUV__ligand588-0
14,FAVWUV__ligand17207-0
15,FAVWUV__ligand31578-0
16,FAVWUV__ligand2823-0
17,FAVWUV__ligand24750-0
18,FAVWUV__ligand4340-0
19,FAVWUV__ligand2281-0
20,FAVWUV__ligand2650-0
21,FAVWUV__ligand3180-0
22,FAVWUV__ligand300-0
23,FAVWUV__ligand26277-0
24,FAVWUV__ligand29898-0
25,FAVWUV__ligand2001-0
26,FAVWUV__ligand7566-0
27,FAVWUV__ligand22755-0
28,FAVWUV__ligand10432-0
29,FAVWUV__ligand31618-0
30,FAVWUV__ligand11432-0
31,FAVWUV__ligand409-0
32,FAVWUV__ligand361-0
33,FAVWUV__ligand324-0
34,FAVWUV__ligand8593-0
35,FAVWUV__ligand9944-0
36,FAVWUV__ligand24064-0
37,FAVWUV__ligand1113-0
38,FAVWUV__ligand23589-0
39,FAVWUV__ligand8553-0
40,FAVWUV__ligand15168-0
41,FAVWUV__ligand5201-0
42,FAVWUV__ligand10555-0
43,FAVWUV__ligand436-0
44,FAVWUV__ligand1154-0
45,FAVWUV__ligand31483-0
46,FAVWUV__ligand9615-0
47,FAVWUV__ligand24613-0
48,FAVWUV__ligand67-0
49,FAVWUV__ligand692-0
50,FAVWUV__ligand4596-0
51,FAVWUV__ligand19725-0
52,FAVWUV__ligand1498-0
53,FAVWUV__ligand21421-0
54,FAVWUV__ligand11774-0
55,FAVWUV__ligand14586-0
56,FAVWUV__ligand11568-0
57,FAVWUV__ligand8529-0
58,FAVWUV__ligand326-0
59,FAVWUV__ligand17710-0
60,FAVWUV__ligand20579-0
61,FAVWUV__ligand1169-0
62,FAVWUV__ligand633-0
63,FAVWUV__ligand2027-0
64,FAVWUV__ligand17240-0
65,FAVWUV__ligand1015-0
66,FAVWUV__ligand1050-0
67,FAVWUV__ligand17590-0
68,FAVWUV__ligand4-0
69,FAVWUV__ligand12682-0
70,FAVWUV__ligand18699-0
71,FAVWUV__ligand497-0
72,FAVWUV__ligand2692-0
73,FAVWUV__ligand1618-0
74,FAVWUV__ligand1028-0
75,FAVWUV__ligand13072-0
76,FAVWUV__ligand12336-0
77,FAVWUV__ligand43-0
78,FAVWUV__ligand4262-0
79,FAVWUV__ligand13257-0
80,FAVWUV__ligand21936-0
81,FAVWUV__ligand7075-0
82,FAVWUV__ligand1149-0
83,FAVWUV__ligand23904-0
84,FAVWUV__ligand3980-0
85,FAVWUV__ligand3557-0
86,FAVWUV__ligand6993-0
87,FAVWUV__ligand1817-0
88,FAVWUV__ligand25267-0
89,FAVWUV__ligand10084-0
90,FAVWUV__ligand1779-0
91,FAVWUV__ligand12467-0
92,FAVWUV__ligand9750-0
93,FAVWUV__ligand9491-0
94,FAVWUV__ligand162-0
95,FAVWUV__ligand4266-0
96,FAVWUV__ligand1400-0
97,FAVWUV__ligand14523-0
98,FAVWUV__ligand27169-0
99,FAVWUV__ligand226-0
100,FAVWUV__ligand18391-0
101,FAVWUV__ligand4167-0
102,FAVWUV__ligand416-0
103,FAVWUV__ligand27074-0
104,FAVWUV__ligand1288-0
105,FAVWUV__ligand25805-0
106,FAVWUV__ligand383-0
107,FAVWUV__ligand22981-0
108,FAVWUV__ligand20599-0
109,FAVWUV__ligand696-0
110,FAVWUV__ligand3453-0
111,FAVWUV__ligand3416-0
112,FAVWUV__ligand18465-0
113,FAVWUV__ligand4207-0
114,FAVWUV__ligand18799-0
115,FAVWUV__ligand1539-0
116,FAVWUV__ligand16791-0
117,FAVWUV__ligand28668-0
118,FAVWUV__ligand1150-0
119,FAVWUV__ligand4063-0
120,FAVWUV__ligand8200-0
121,FAVWUV__ligand7438-0
122,FAVWUV__ligand29610-0
123,FAVWUV__ligand11140-0
124,FAVWUV__ligand3042-0
125,FAVWUV__ligand656-0
126,FAVWUV__ligand29863-0
127,FAVWUV__ligand13869-0
128,FAVWUV__ligand18074-0
129,FAVWUV__ligand12519-0
130,FAVWUV__ligand25735-0
131,FAVWUV__ligand11206-0
132,FAVWUV__ligand23124-0
133,FAVWUV__ligand1831-0
134,FAVWUV__ligand5280-0
135,FAVWUV__ligand5614-0
136,FAVWUV__ligand6663-0
137,FAVWUV__ligand5515-0
138,FAVWUV__ligand19-0
139,FAVWUV__ligand31248-0
140,FAVWUV__ligand24-0
141,FAVWUV__ligand25650-0
142,FAVWUV__ligand1849-0
143,FAVWUV__ligand694-0
144,FAVWUV__ligand430-0
145,FAVWUV__ligand1152-0
146,FAVWUV__ligand3261-0
147,FAVWUV__ligand12660-0
148,FAVWUV__ligand358-0
149,FAVWUV__ligand5019-0
150,FAVWUV__ligand19257-0
151,FAVWUV__ligand13209-0
152,FAVWUV__ligand1216-0
153,FAVWUV__ligand488-0
154,FAVWUV__ligand7213-0
155,FAVWUV__ligand25575-0
156,FAVWUV__ligand21787-0
157,FAVWUV__ligand1397-0
158,FAVWUV__ligand1828-0
159,FAVWUV__ligand25689-0
160,FAVWUV__ligand6112-0
161,FAVWUV__ligand8042-0
162,FAVWUV__ligand45-0
163,FAVWUV__ligand5085-0
164,FAVWUV__ligand3144-0
165,FAVWUV__ligand12295-0
166,FAVWUV__ligand5755-0
167,FAVWUV__ligand27835-0
168,FAVWUV__ligand4710-0
169,FAVWUV__ligand23906-0
170,FAVWUV__ligand1908-0
171,FAVWUV__ligand21132-0
172,FAVWUV__ligand4795-0
173,FAVWUV__ligand3285-0
174,FAVWUV__ligand11166-0
175,FAVWUV__ligand30539-0
176,FAVWUV__ligand1786-0
177,FAVWUV__ligand78-0
178,FAVWUV__ligand670-0
179,FAVWUV__ligand534-0
180,FAVWUV__ligand5630-0
181,FAVWUV__ligand571-0
182,FAVWUV__ligand3677-0
183,FAVWUV__ligand3632-0
184,FAVWUV__ligand27893-0
185,FAVWUV__ligand14723-0
186,FAVWUV__ligand1294-0
187,FAVWUV__ligand19641-0
188,FAVWUV__ligand15422-0
189,FAVWUV__ligand20578-0
190,FAVWUV__ligand12934-0
191,FAVWUV__ligand1168-0
192,FAVWUV__ligand6699-0
193,FAVWUV__ligand23713-0
194,FAVWUV__ligand18832-0
195,FAVWUV__ligand27175-0
196,FAVWUV__ligand30988-0
197,FAVWUV__ligand17258-0
198,FAVWUV__ligand3712-0
199,FAVWUV__ligand1464-0
200,FAVWUV__ligand14297-0
201,FAVWUV__ligand14603-0
202,FAVWUV__ligand66-0
203,FAVWUV__ligand693-0
204,FAVWUV__ligand2881-0
205,FAVWUV__ligand26665-0
206,FAVWUV__ligand1499-0
207,FAVWUV__ligand13012-0
208,FAVWUV__ligand17631-0
209,FAVWUV__ligand6892-0
210,FAVWUV__ligand31783-0
211,FAVWUV__ligand1211-0
212,FAVWUV__ligand9344-0
213,FAVWUV__ligand17281-0
214,FAVWUV__ligand30296-0
215,FAVWUV__ligand29410-0
216,FAVWUV__ligand42-0
217,FAVWUV__ligand8000-0
218,FAVWUV__ligand12337-0
219,FAVWUV__ligand122-0
220,FAVWUV__ligand3736-0
221,FAVWUV__ligand26540-0
222,FAVWUV__ligand757-0
223,FAVWUV__ligand30333-0
224,FAVWUV__ligand3945-0
225,FAVWUV__ligand2693-0
226,FAVWUV__ligand5383-0
227,FAVWUV__ligand12606-0
228,FAVWUV__ligand4007-0
229,FAVWUV__ligand2985-0
230,FAVWUV__ligand9299-0
231,FAVWUV__ligand27460-0
232,FAVWUV__ligand7291-0
233,FAVWUV__ligand20740-0
234,FAVWUV__ligand28468-0
235,FAVWUV__ligand12427-0
236,FAVWUV__ligand16628-0
237,FAVWUV__ligand9883-0
238,FAVWUV__ligand3677-1
239,FAVWUV__ligand5304-0
240,FAVWUV__ligand768-0
241,FAVWUV__ligand9167-0
242,FAVWUV__ligand27763-0
243,FAVWUV__ligand10262-0
244,FAVWUV__ligand2238-0
245,FAVWUV__ligand28676-0
246,FAVWUV__ligand19057-0
247,FAVWUV__ligand18814-0
248,FAVWUV__ligand13425-0
249,FAVWUV__ligand29302-0
250,FAVWUV__ligand3867-0
251,FAVWUV__ligand1317-0
252,FAVWUV__ligand7293-0
253,FAVWUV__ligand38-0
254,FAVWUV__ligand2822-0
255,FAVWUV__ligand14108-0
256,FAVWUV__ligand6117-0
257,FAVWUV__ligand1407-0
258,FAVWUV__ligand8002-0
259,FAVWUV__ligand5509-0
260,FAVWUV__ligand12641-0
261,FAVWUV__ligand10958-0
262,FAVWUV__ligand5080-0
263,FAVWUV__ligand7762-0
264,FAVWUV__ligand384-0
265,FAVWUV__ligand23769-0
266,FAVWUV__ligand240-0
267,FAVWUV__ligand5595-0
268,FAVWUV__ligand4101-0
269,FAVWUV__ligand24185-0
270,FAVWUV__ligand25178-0
271,FAVWUV__ligand141-0
272,FAVWUV__ligand3926-0
273,FAVWUV__ligand3120-0
274,FAVWUV__ligand4358-0
275,FAVWUV__ligand17302-0
276,FAVWUV__ligand2221-0
277,FAVWUV__ligand17805-0
278,FAVWUV__ligand12130-0
279,FAVWUV__ligand17387-0
280,FAVWUV__ligand2259-0
281,FAVWUV__ligand13658-0
282,FAVWUV__ligand1296-0
283,FAVWUV__ligand26702-0
284,FAVWUV__ligand12289-0
285,FAVWUV__ligand18292-0
286,FAVWUV__ligand8592-0
287,FAVWUV__ligand12231-0
288,FAVWUV__ligand5099-0
289,FAVWUV__ligand1197-0
290,FAVWUV__ligand1376-0
291,FAVWUV__ligand24145-0
292,FAVWUV__ligand5510-0
293,FAVWUV__ligand15585-0
294,FAVWUV__ligand12401-0
295,FAVWUV__ligand9773-0
296,FAVWUV__ligand19830-0
297,FAVWUV__ligand13068-0
298,FAVWUV__ligand10476-0
299,FAVWUV__ligand2260-0
300,FAVWUV__ligand27482-0
301,FAVWUV__ligand7092-0
302,FAVWUV__ligand26810-0
303,FAVWUV__ligand1116-0
304,FAVWUV__ligand1153-0
305,FAVWUV__ligand3225-0
306,FAVWUV__ligand2124-0
307,FAVWUV__ligand13208-0
308,FAVWUV__ligand8612-0
309,FAVWUV__ligand7172-0
310,FAVWUV__ligand9323-0
311,FAVWUV__ligand7273-0
312,FAVWUV__ligand201-0
313,FAVWUV__ligand185-0
314,FAVWUV__ligand279-0
315,FAVWUV__ligand13390-0
316,FAVWUV__ligand18-0
317,FAVWUV__ligand5180-0
318,FAVWUV__ligand178-0
319,FAVWUV__ligand6017-0
320,FAVWUV__ligand5708-0
321,FAVWUV__ligand7316-0
322,FAVWUV__ligand20682-0
323,FAVWUV__ligand321-0
324,FAVWUV__ligand10712-0
325,FAVWUV__ligand14174-0
326,FAVWUV__ligand9753-0
327,FAVWUV__ligand1356-0
328,FAVWUV__ligand1787-0
329,FAVWUV__ligand5530-0
330,FAVWUV__ligand5159-0
331,FAVWUV__ligand3-0
332,FAVWUV__ligand11456-0
333,FAVWUV__ligand7196-0
334,FAVWUV__ligand4807-0
335,FAVWUV__ligand25411-0
336,FAVWUV__ligand3178-0
337,FAVWUV__ligand2906-0
338,FAVWUV__ligand13294-0
339,FAVWUV__ligand338-0
340,FAVWUV__ligand31832-0
341,FAVWUV__ligand3244-0
342,FAVWUV__ligand4711-0
343,FAVWUV__ligand29879-0
344,FAVWUV__ligand14248-0
345,FAVWUV__ligand4649-0
346,FAVWUV__ligand2788-0
347,FAVWUV__ligand5649-0
348,FAVWUV__ligand12030-0
349,FAVWUV__ligand8793-0
350,FAVWUV__ligand13331-0
351,FAVWUV__ligand28884-0
352,FAVWUV__ligand5387-0
353,FAVWUV__ligand17398-0
354,FAVWUV__ligand2203-0
355,FAVWUV__ligand1289-0
356,FAVWUV__ligand22557-0
357,FAVWUV__ligand10589-0
358,FAVWUV__ligand24047-0
359,FAVWUV__ligand11675-0
360,FAVWUV__ligand20598-0
361,FAVWUV__ligand29414-0
362,FAVWUV__ligand17982-0
363,FAVWUV__ligand17278-0
364,FAVWUV__ligand20011-0
365,FAVWUV__ligand163-0
366,FAVWUV__ligand126-0
367,FAVWUV__ligand1-0
368,FAVWUV__ligand9450-0
369,FAVWUV__ligand20251-1
370,FAVWUV__ligand14703-0
371,FAVWUV__ligand16475-0
372,FAVWUV__ligand845-0
373,FAVWUV__ligand2612-0
374,FAVWUV__ligand1599-0
375,FAVWUV__ligand17261-0
376,FAVWUV__ligand14117-0
377,FAVWUV__ligand657-0
378,FAVWUV__ligand2043-0
379,FAVWUV__ligand1832-0
380,FAVWUV__ligand8788-0
381,FAVWUV__ligand187-0
382,FAVWUV__ligand1604-0
383,FAVWUV__ligand20251-0
384,FAVWUV__ligand20214-0
385,FAVWUV__ligand30702-0
386,FAVWUV__ligand366-0
387,FAVWUV__ligand20539-0
388,FAVWUV__ligand31097-0
389,FAVWUV__ligand21581-0
390,FAVWUV__ligand9943-0
391,FAVWUV__ligand1228-0
392,FAVWUV__ligand9284-0
393,FAVWUV__ligand777-0
394,FAVWUV__ligand29568-0
395,FAVWUV__ligand3126-0
396,FAVWUV__ligand6391-0
397,FAVWUV__ligand30851-0
398,FAVWUV__ligand1114-0
399,FAVWUV__ligand14889-0
400,FAVWUV__ligand2417-0
401,FAVWUV__ligand17118-0
402,FAVWUV__ligand21371-0
403,FAVWUV__ligand20419-0
404,FAVWUV__ligand596-0
405,FAVWUV__ligand28789-0
406,FAVWUV__ligand941-0
407,FAVWUV__ligand6709-0
408,FAVWUV__ligand1219-0
409,FAVWUV__ligand487-0
410,FAVWUV__ligand7867-0
411,FAVWUV__ligand11618-0
412,FAVWUV__ligand4016-0
413,FAVWUV__ligand7238-0
414,FAVWUV__ligand7280-0
415,FAVWUV__ligand1304-0
416,FAVWUV__ligand1790-0
417,FAVWUV__ligand26529-0
418,FAVWUV__ligand16-0
419,FAVWUV__ligand27239-0
420,FAVWUV__ligand7629-0
421,FAVWUV__ligand21729-0
422,FAVWUV__ligand4272-0
423,FAVWUV__ligand1451-0
424,FAVWUV__ligand176-0
425,FAVWUV__ligand9784-0
426,FAVWUV__ligand1160-0
427,FAVWUV__ligand19927-0
428,FAVWUV__ligand8699-0
429,FAVWUV__ligand447-0
430,FAVWUV__ligand9520-0
431,FAVWUV__ligand3954-0
432,FAVWUV__ligand26324-0
433,FAVWUV__ligand4442-0
434,FAVWUV__ligand4093-0
435,FAVWUV__ligand746-0
436,FAVWUV__ligand28559-0
437,FAVWUV__ligand14043-0
438,FAVWUV__ligand4157-0
439,FAVWUV__ligand16148-0
440,FAVWUV__ligand26631-0
441,FAVWUV__ligand12003-0
442,FAVWUV__ligand5256-0
443,FAVWUV__ligand152-0
444,FAVWUV__ligand32-0
445,FAVWUV__ligand7648-0
446,FAVWUV__ligand2828-0
447,FAVWUV__ligand8876-0
448,FAVWUV__ligand10872-0
449,FAVWUV__ligand9833-0
450,FAVWUV__ligand21399-0
451,FAVWUV__ligand29215-0
452,FAVWUV__ligand9291-0
453,FAVWUV__ligand2176-0
454,FAVWUV__ligand2232-0
455,FAVWUV__ligand20695-0
456,FAVWUV__ligand27754-0
457,FAVWUV__ligand1285-0
458,FAVWUV__ligand7000-0
459,FAVWUV__ligand16369-0
460,FAVWUV__ligand1982-0
461,FAVWUV__ligand11111-0
462,FAVWUV__ligand6768-0
463,FAVWUV__ligand28540-0
464,FAVWUV__ligand8115-0
465,FAVWUV__ligand22403-0
466,FAVWUV__ligand4546-0
467,FAVWUV__ligand4503-0
468,FAVWUV__ligand506-0
469,FAVWUV__ligand13220-0
470,FAVWUV__ligand11587-0
471,FAVWUV__ligand833-0
472,FAVWUV__ligand5331-0
473,FAVWUV__ligand1512-0
474,FAVWUV__ligand17396-0
475,FAVWUV__ligand15788-0
476,FAVWUV__ligand23175-0
477,FAVWUV__ligand3565-0
478,FAVWUV__ligand14569-0
479,FAVWUV__ligand13385-0
480,FAVWUV__ligand2485-0
481,FAVWUV__ligand48-0
482,FAVWUV__ligand22444-0
483,FAVWUV__ligand24111-0
484,FAVWUV__ligand3852-0
485,FAVWUV__ligand6919-0
486,FAVWUV__ligand10033-0
487,FAVWUV__ligand24644-0
488,FAVWUV__ligand115-0
489,FAVWUV__ligand5211-0
490,FAVWUV__ligand12001-0
491,FAVWUV__ligand3094-0
492,FAVWUV__ligand4155-0
493,FAVWUV__ligand4720-0
494,FAVWUV__ligand27840-0
495,FAVWUV__ligand30728-0
496,FAVWUV__ligand3131-0
497,FAVWUV__ligand1202-0
498,FAVWUV__ligand3937-0
499,FAVWUV__ligand3174-0
500,FAVWUV__ligand24872-0
501,FAVWUV__ligand8969-0
502,FAVWUV__ligand6839-0
503,FAVWUV__ligand7242-0
504,FAVWUV__ligand25561-0
505,FAVWUV__ligand7106-0
506,FAVWUV__ligand51-0
507,FAVWUV__ligand1263-0
508,FAVWUV__ligand9908-0
509,FAVWUV__ligand11949-0
510,FAVWUV__ligand395-0
511,FAVWUV__ligand22129-0
512,FAVWUV__ligand368-0
513,FAVWUV__ligand24780-0
514,FAVWUV__ligand12138-0
515,FAVWUV__ligand784-0
516,FAVWUV__ligand3504-0
517,FAVWUV__ligand1959-0
518,FAVWUV__ligand1573-0
519,FAVWUV__ligand1536-0
520,FAVWUV__ligand9935-0
521,FAVWUV__ligand17427-0
522,FAVWUV__ligand3718-0
523,FAVWUV__ligand6616-0
524,FAVWUV__ligand31694-0
525,FAVWUV__ligand3035-0
526,FAVWUV__ligand3876-0
527,FAVWUV__ligand1343-0
528,FAVWUV__ligand29486-0
529,FAVWUV__ligand91-0
530,FAVWUV__ligand4661-0
531,FAVWUV__ligand1844-0
532,FAVWUV__ligand28930-0
533,FAVWUV__ligand22168-0
534,FAVWUV__ligand22294-0
535,FAVWUV__ligand7819-0
536,FAVWUV__ligand21919-0
537,FAVWUV__ligand391-0
538,FAVWUV__ligand2917-0
539,FAVWUV__ligand6102-0
540,FAVWUV__ligand6904-0
541,FAVWUV__ligand3721-0
542,FAVWUV__ligand6596-0
543,FAVWUV__ligand10056-0
544,FAVWUV__ligand55-0
545,FAVWUV__ligand12365-0
546,FAVWUV__ligand618-0
547,FAVWUV__ligand3465-0
548,FAVWUV__ligand15531-0
549,FAVWUV__ligand28743-0
550,FAVWUV__ligand11357-0
551,FAVWUV__ligand13862-0
552,FAVWUV__ligand11096-0
553,FAVWUV__ligand11447-0
554,FAVWUV__ligand28810-0
555,FAVWUV__ligand24230-0
556,FAVWUV__ligand4620-0
557,FAVWUV__ligand15926-0
558,FAVWUV__ligand68-0
559,FAVWUV__ligand10828-0
560,FAVWUV__ligand19792-0
561,FAVWUV__ligand813-0
562,FAVWUV__ligand2295-0
563,FAVWUV__ligand6067-0
564,FAVWUV__ligand1577-0
565,FAVWUV__ligand11970-0
566,FAVWUV__ligand780-0
567,FAVWUV__ligand314-0
568,FAVWUV__ligand15883-0
569,FAVWUV__ligand25913-0
570,FAVWUV__ligand16988-0
571,FAVWUV__ligand314-1
572,FAVWUV__ligand4641-0
573,FAVWUV__ligand11682-0
574,FAVWUV__ligand20207-0
575,FAVWUV__ligand30711-0
576,FAVWUV__ligand24035-0
577,FAVWUV__ligand31842-0
578,FAVWUV__ligand3234-0
579,FAVWUV__ligand1142-0
580,FAVWUV__ligand31044-0
581,FAVWUV__ligand465-0
582,FAVWUV__ligand11994-0
583,FAVWUV__ligand16663-0
584,FAVWUV__ligand34-0
585,FAVWUV__ligand2028-0
586,FAVWUV__ligand8835-0
587,FAVWUV__ligand14614-0
588,FAVWUV__ligand7126-0
589,FAVWUV__ligand8992-0
590,FAVWUV__ligand13672-0
591,FAVWUV__ligand422-0
592,FAVWUV__ligand28685-0
593,FAVWUV__ligand18568-0
594,FAVWUV__ligand9601-0
595,FAVWUV__ligand6124-0
596,FAVWUV__ligand3707-0
597,FAVWUV__ligand7967-0
598,FAVWUV__ligand4116-0
599,FAVWUV__ligand686-0
600,FAVWUV__ligand10371-0
601,FAVWUV__ligand1018-0
602,FAVWUV__ligand5643-0
603,FAVWUV__ligand196-0
604,FAVWUV__ligand1823-0
605,FAVWUV__ligand18448-0
606,FAVWUV__ligand12453-0
607,FAVWUV__ligand8721-0
608,FAVWUV__ligand28459-0
609,FAVWUV__ligand1324-0
610,FAVWUV__ligand19184-0
611,FAVWUV__ligand9111-0
612,FAVWUV__ligand9952-0
613,FAVWUV__ligand5036-0
614,FAVWUV__ligand2526-0
615,FAVWUV__ligand1615-0
616,FAVWUV__ligand13477-0
617,FAVWUV__ligand14167-0
618,FAVWUV__ligand30142-0
619,FAVWUV__ligand2332-0
620,FAVWUV__ligand9441-0
621,FAVWUV__ligand27669-0
622,FAVWUV__ligand353-0
623,FAVWUV__ligand1631-0
624,FAVWUV__ligand9933-0
625,FAVWUV__ligand1575-0
626,FAVWUV__ligand1530-0
627,FAVWUV__ligand23197-0
628,FAVWUV__ligand3156-0
629,FAVWUV__ligand393-0
630,FAVWUV__ligand2915-0
631,FAVWUV__ligand6244-0
632,FAVWUV__ligand29029-0
633,FAVWUV__ligand27285-0
634,FAVWUV__ligand57-0
635,FAVWUV__ligand1378-0
636,FAVWUV__ligand1147-0
637,FAVWUV__ligand20557-0
638,FAVWUV__ligand30004-0
639,FAVWUV__ligand3973-0
640,FAVWUV__ligand2068-0
641,FAVWUV__ligand7925-0
642,FAVWUV__ligand250-0
643,FAVWUV__ligand89-0
644,FAVWUV__ligand20432-0
645,FAVWUV__ligand27122-0
646,FAVWUV__ligand7532-0
647,FAVWUV__ligand13755-0
648,FAVWUV__ligand16133-0
649,FAVWUV__ligand49-0
650,FAVWUV__ligand23445-0
651,FAVWUV__ligand24953-0
652,FAVWUV__ligand4194-0
653,FAVWUV__ligand25048-0
654,FAVWUV__ligand2599-0
655,FAVWUV__ligand4330-0
656,FAVWUV__ligand21940-0
657,FAVWUV__ligand370-0
658,FAVWUV__ligand370-1
659,FAVWUV__ligand620-0
660,FAVWUV__ligand6283-0
661,FAVWUV__ligand21752-0
662,FAVWUV__ligand564-0
663,FAVWUV__ligand5813-0
664,FAVWUV__ligand311-0
665,FAVWUV__ligand785-0
666,FAVWUV__ligand4813-0
667,FAVWUV__ligand14339-0
668,FAVWUV__ligand4738-0
669,FAVWUV__ligand479-0
670,FAVWUV__ligand6062-0
671,FAVWUV__ligand13691-0
672,FAVWUV__ligand30788-0
673,FAVWUV__ligand3215-0
674,FAVWUV__ligand24560-0
675,FAVWUV__ligand18757-0
676,FAVWUV__ligand188-0
677,FAVWUV__ligand24624-0
678,FAVWUV__ligand20844-0
679,FAVWUV__ligand7107-0
680,FAVWUV__ligand18413-0
681,FAVWUV__ligand9148-0
682,FAVWUV__ligand18019-1
683,FAVWUV__ligand14007-0
684,FAVWUV__ligand17-0
685,FAVWUV__ligand1415-0
686,FAVWUV__ligand6946-0
687,FAVWUV__ligand177-0
688,FAVWUV__ligand27550-0
689,FAVWUV__ligand7529-0
690,FAVWUV__ligand5627-0
691,FAVWUV__ligand1729-0
692,FAVWUV__ligand16956-0
693,FAVWUV__ligand21339-0
694,FAVWUV__ligand14226-0
695,FAVWUV__ligand20942-1
696,FAVWUV__ligand2830-0
697,FAVWUV__ligand909-0
698,FAVWUV__ligand29565-0
699,FAVWUV__ligand5316-0
700,FAVWUV__ligand23682-0
701,FAVWUV__ligand18158-0
702,FAVWUV__ligand5483-0
703,FAVWUV__ligand27771-0
704,FAVWUV__ligand1449-0
705,FAVWUV__ligand29334-0
706,FAVWUV__ligand12413-0
707,FAVWUV__ligand20731-0
708,FAVWUV__ligand3012-0
709,FAVWUV__ligand193-0
710,FAVWUV__ligand7530-0
711,FAVWUV__ligand11798-0
712,FAVWUV__ligand1065-0
713,FAVWUV__ligand372-0
714,FAVWUV__ligand17069-0
715,FAVWUV__ligand9681-0
716,FAVWUV__ligand14477-0
717,FAVWUV__ligand830-0
718,FAVWUV__ligand4332-0
719,FAVWUV__ligand17445-0
720,FAVWUV__ligand29214-0
721,FAVWUV__ligand3934-0
722,FAVWUV__ligand11544-0
723,FAVWUV__ligand11501-0
724,FAVWUV__ligand6882-0
725,FAVWUV__ligand6455-0
726,FAVWUV__ligand2403-0
727,FAVWUV__ligand252-0
728,FAVWUV__ligand21448-0
729,FAVWUV__ligand11758-0
730,FAVWUV__ligand22357-0
731,FAVWUV__ligand116-0
732,FAVWUV__ligand10151-0
733,FAVWUV__ligand2527-0
734,FAVWUV__ligand1709-0
735,FAVWUV__ligand8464-0
736,FAVWUV__ligand197-0
737,FAVWUV__ligand8349-0
738,FAVWUV__ligand3392-0
739,FAVWUV__ligand22353-0
740,FAVWUV__ligand1771-0
741,FAVWUV__ligand4911-0
742,FAVWUV__ligand8-0
743,FAVWUV__ligand5849-0
744,FAVWUV__ligand19668-0
745,FAVWUV__ligand19906-0
746,FAVWUV__ligand11479-0
747,FAVWUV__ligand10479-0
748,FAVWUV__ligand27610-0
749,FAVWUV__ligand5935-0
750,FAVWUV__ligand10853-0
751,FAVWUV__ligand29441-0
752,FAVWUV__ligand1379-0
753,FAVWUV__ligand2722-0
754,FAVWUV__ligand3157-0
755,FAVWUV__ligand24851-0
756,FAVWUV__ligand868-0
757,FAVWUV__ligand1165-0
758,FAVWUV__ligand11698-0
759,FAVWUV__ligand20530-0
760,FAVWUV__ligand14302-0
761,FAVWUV__ligand14347-0
762,FAVWUV__ligand9525-0
763,FAVWUV__ligand13657-0
764,FAVWUV__ligand5056-0
765,FAVWUV__ligand783-0
766,FAVWUV__ligand20220-0
767,FAVWUV__ligand352-0
768,FAVWUV__ligand4850-0
769,FAVWUV__ligand1688-0
770,FAVWUV__ligand15387-0
771,FAVWUV__ligand5357-0
772,FAVWUV__ligand20121-0
773,FAVWUV__ligand3647-0
774,FAVWUV__ligand3871-0
775,FAVWUV__ligand1469-0
776,FAVWUV__ligand29813-0
777,FAVWUV__ligand16952-0
778,FAVWUV__ligand1768-0
779,FAVWUV__ligand1533-0
780,FAVWUV__ligand11177-0
781,FAVWUV__ligand15455-0
782,FAVWUV__ligand7557-0
783,FAVWUV__ligand560-0
784,FAVWUV__ligand1496-0
785,FAVWUV__ligand17686-0
786,FAVWUV__ligand25658-0
787,FAVWUV__ligand69-0
788,FAVWUV__ligand31205-0
789,FAVWUV__ligand134-0
790,FAVWUV__ligand11-0
791,FAVWUV__ligand11814-0
792,FAVWUV__ligand4131-0
793,FAVWUV__ligand1712-0
794,FAVWUV__ligand235-0
795,FAVWUV__ligand16603-0
796,FAVWUV__ligand16870-0
797,FAVWUV__ligand11622-0
798,FAVWUV__ligand5094-0
799,FAVWUV__ligand5892-0
800,FAVWUV__ligand2328-0
801,FAVWUV__ligand1773-0
802,FAVWUV__ligand26673-0
803,FAVWUV__ligand4581-0
804,FAVWUV__ligand685-0
805,FAVWUV__ligand3029-0
806,FAVWUV__ligand7162-0
807,FAVWUV__ligand20821-0
808,FAVWUV__ligand11606-0
809,FAVWUV__ligand31000-0
810,FAVWUV__ligand1900-0
811,FAVWUV__ligand421-0
812,FAVWUV__ligand9197-0
813,FAVWUV__ligand3208-0
814,FAVWUV__ligand11252-0
815,FAVWUV__ligand2208-0
816,FAVWUV__ligand13260-0
817,FAVWUV__ligand10582-0
818,FAVWUV__ligand294-0
819,FAVWUV__ligand6672-0
820,FAVWUV__ligand9809-0
821,FAVWUV__ligand1327-0
822,FAVWUV__ligand8722-0
823,FAVWUV__ligand18067-0
824,FAVWUV__ligand7573-0
825,FAVWUV__ligand2781-0
826,FAVWUV__ligand19824-0
827,FAVWUV__ligand3350-0
