,TMC
0,HOWVIZ__ligand2253-0
1,HOWVIZ__ligand1160-0
2,HOWVIZ__ligand5093-0
3,HOWVIZ__ligand2954-0
4,HOWVIZ__ligand2762-0
5,HOWVIZ__ligand1038-0
6,HOWVIZ__ligand7550-0
7,HOWVIZ__ligand48-0
8,HOWVIZ__ligand126-0
9,HOWVIZ__ligand29-0
10,HOWVIZ__ligand7630-0
11,HOWVIZ__ligand91-0
12,HOWVIZ__ligand1285-0
13,HOWVIZ__ligand596-0
14,HOWVIZ__ligand1555-0
15,HOWVIZ__ligand4423-0
16,HOWVIZ__ligand612-0
17,HOWVIZ__ligand1907-0
18,HOWVIZ__ligand187-0
19,HOWVIZ__ligand366-0
20,HOWVIZ__ligand3890-0
21,HOWVIZ__ligand861-0
22,HOWVIZ__ligand51-0
23,HOWVIZ__ligand7456-0
24,HOWVIZ__ligand279-0
25,HOWVIZ__ligand178-0
26,HOWVIZ__ligand321-0
27,HOWVIZ__ligand1818-0
28,HOWVIZ__ligand3478-0
29,HOWVIZ__ligand3852-0
30,HOWVIZ__ligand100-0
31,HOWVIZ__ligand5758-0
32,HOWVIZ__ligand244-0
33,HOWVIZ__ligand201-0
34,HOWVIZ__ligand3035-0
35,HOWVIZ__ligand3070-0
36,HOWVIZ__ligand2718-0
37,HOWVIZ__ligand1493-0
38,HOWVIZ__ligand9176-0
39,HOWVIZ__ligand124-0
40,HOWVIZ__ligand119-0
41,HOWVIZ__ligand3251-0
42,HOWVIZ__ligand4619-0
43,HOWVIZ__ligand32-0
44,HOWVIZ__ligand5235-0
45,HOWVIZ__ligand6143-0
46,HOWVIZ__ligand120-0
47,HOWVIZ__ligand10479-0
48,HOWVIZ__ligand1918-0
49,HOWVIZ__ligand384-0
50,HOWVIZ__ligand73-0
51,HOWVIZ__ligand4175-0
52,HOWVIZ__ligand2255-0
53,HOWVIZ__ligand10114-0
54,HOWVIZ__ligand1436-0
55,HOWVIZ__ligand57-0
56,HOWVIZ__ligand3618-0
57,HOWVIZ__ligand2618-0
58,HOWVIZ__ligand240-0
59,HOWVIZ__ligand6-0
60,HOWVIZ__ligand4370-0
61,HOWVIZ__ligand141-0
62,HOWVIZ__ligand1551-0
63,HOWVIZ__ligand4-0
64,HOWVIZ__ligand2526-0
65,HOWVIZ__ligand95-0
66,HOWVIZ__ligand55-0
67,HOWVIZ__ligand2707-0
68,HOWVIZ__ligand10910-0
69,HOWVIZ__ligand1690-0
70,HOWVIZ__ligand797-0
71,HOWVIZ__ligand34-0
72,HOWVIZ__ligand2915-0
73,HOWVIZ__ligand3196-0
74,HOWVIZ__ligand4012-0
75,HOWVIZ__ligand14530-0
76,HOWVIZ__ligand757-0
77,HOWVIZ__ligand669-0
78,HOWVIZ__ligand2599-0
79,HOWVIZ__ligand5089-0
80,HOWVIZ__ligand3-0
81,HOWVIZ__ligand92-0
82,HOWVIZ__ligand430-0
83,HOWVIZ__ligand358-0
84,HOWVIZ__ligand3853-0
85,HOWVIZ__ligand2853-0
86,HOWVIZ__ligand6166-0
87,HOWVIZ__ligand17-0
88,HOWVIZ__ligand365-0
89,HOWVIZ__ligand278-0
90,HOWVIZ__ligand1246-0
91,HOWVIZ__ligand118-0
92,HOWVIZ__ligand670-0
93,HOWVIZ__ligand571-0
94,HOWVIZ__ligand509-0
95,HOWVIZ__ligand1307-0
96,HOWVIZ__ligand162-0
97,HOWVIZ__ligand1449-1
98,HOWVIZ__ligand4811-0
99,HOWVIZ__ligand226-0
100,HOWVIZ__ligand3337-0
101,HOWVIZ__ligand7514-0
102,HOWVIZ__ligand383-0
103,HOWVIZ__ligand49-0
104,HOWVIZ__ligand89-0
105,HOWVIZ__ligand9620-0
106,HOWVIZ__ligand4894-0
107,HOWVIZ__ligand1260-0
108,HOWVIZ__ligand1788-0
109,HOWVIZ__ligand1-0
110,HOWVIZ__ligand1178-0
111,HOWVIZ__ligand3566-0
112,HOWVIZ__ligand1321-0
113,HOWVIZ__ligand5762-0
114,HOWVIZ__ligand7414-0
115,HOWVIZ__ligand1104-0
116,HOWVIZ__ligand553-0
117,HOWVIZ__ligand283-0
118,HOWVIZ__ligand821-0
119,HOWVIZ__ligand11-0
120,HOWVIZ__ligand326-0
121,HOWVIZ__ligand1019-0
122,HOWVIZ__ligand2442-0
123,HOWVIZ__ligand6571-0
124,HOWVIZ__ligand436-0
125,HOWVIZ__ligand1325-0
126,HOWVIZ__ligand2482-0
127,HOWVIZ__ligand142-0
128,HOWVIZ__ligand206-0
129,HOWVIZ__ligand838-0
130,HOWVIZ__ligand2376-0
131,HOWVIZ__ligand15630-0
132,HOWVIZ__ligand2929-0
133,HOWVIZ__ligand10357-0
134,HOWVIZ__ligand166-0
135,HOWVIZ__ligand633-0
136,HOWVIZ__ligand918-0
137,HOWVIZ__ligand1264-0
138,HOWVIZ__ligand1221-0
139,HOWVIZ__ligand532-0
140,HOWVIZ__ligand1299-0
141,HOWVIZ__ligand6430-0
142,HOWVIZ__ligand497-0
143,HOWVIZ__ligand1379-0
144,HOWVIZ__ligand3579-0
145,HOWVIZ__ligand575-0
146,HOWVIZ__ligand2110-0
147,HOWVIZ__ligand2916-0
148,HOWVIZ__ligand1712-0
149,HOWVIZ__ligand2389-0
150,HOWVIZ__ligand927-0
151,HOWVIZ__ligand1919-0
152,HOWVIZ__ligand199-0
153,HOWVIZ__ligand1898-0
154,HOWVIZ__ligand3051-0
155,HOWVIZ__ligand4504-0
156,HOWVIZ__ligand2480-0
157,HOWVIZ__ligand2315-0
158,HOWVIZ__ligand5334-0
159,HOWVIZ__ligand105-0
160,HOWVIZ__ligand140-0
161,HOWVIZ__ligand409-0
162,HOWVIZ__ligand361-0
163,HOWVIZ__ligand324-0
164,HOWVIZ__ligand1858-0
165,HOWVIZ__ligand8032-0
166,HOWVIZ__ligand932-0
167,HOWVIZ__ligand134-0
168,HOWVIZ__ligand235-0
169,HOWVIZ__ligand1052-0
170,HOWVIZ__ligand390-0
171,HOWVIZ__ligand67-0
172,HOWVIZ__ligand560-0
173,HOWVIZ__ligand525-0
174,HOWVIZ__ligand109-0
175,HOWVIZ__ligand1273-0
176,HOWVIZ__ligand331-0
177,HOWVIZ__ligand9027-0
178,HOWVIZ__ligand294-0
179,HOWVIZ__ligand6396-0
180,HOWVIZ__ligand11730-0
181,HOWVIZ__ligand993-0
182,HOWVIZ__ligand1113-0
183,HOWVIZ__ligand2265-0
184,HOWVIZ__ligand1502-0
185,HOWVIZ__ligand584-0
186,HOWVIZ__ligand916-0
187,HOWVIZ__ligand4983-0
188,HOWVIZ__ligand421-0
189,HOWVIZ__ligand2794-0
190,HOWVIZ__ligand2345-0
191,HOWVIZ__ligand1835-0
192,HOWVIZ__ligand798-0
193,HOWVIZ__ligand112-0
194,HOWVIZ__ligand1169-0
195,HOWVIZ__ligand5022-0
196,HOWVIZ__ligand2838-0
197,HOWVIZ__ligand3838-0
198,HOWVIZ__ligand1799-0
199,HOWVIZ__ligand2880-0
200,HOWVIZ__ligand5941-0
201,HOWVIZ__ligand197-0
202,HOWVIZ__ligand296-0
203,HOWVIZ__ligand6538-0
204,HOWVIZ__ligand352-0
205,HOWVIZ__ligand783-0
206,HOWVIZ__ligand6151-0
207,HOWVIZ__ligand2772-0
208,HOWVIZ__ligand9495-0
209,HOWVIZ__ligand2142-0
210,HOWVIZ__ligand136-0
211,HOWVIZ__ligand2864-0
212,HOWVIZ__ligand868-0
213,HOWVIZ__ligand442-0
214,HOWVIZ__ligand7464-0
215,HOWVIZ__ligand909-0
216,HOWVIZ__ligand851-0
217,HOWVIZ__ligand1054-0
218,HOWVIZ__ligand6294-0
219,HOWVIZ__ligand4303-0
220,HOWVIZ__ligand1248-0
221,HOWVIZ__ligand934-0
222,HOWVIZ__ligand177-0
223,HOWVIZ__ligand1598-0
224,HOWVIZ__ligand78-0
225,HOWVIZ__ligand8774-0
226,HOWVIZ__ligand85-0
227,HOWVIZ__ligand252-0
228,HOWVIZ__ligand955-0
229,HOWVIZ__ligand3637-0
230,HOWVIZ__ligand193-0
231,HOWVIZ__ligand45-0
232,HOWVIZ__ligand830-0
233,HOWVIZ__ligand1152-0
234,HOWVIZ__ligand1727-0
235,HOWVIZ__ligand370-0
236,HOWVIZ__ligand460-0
237,HOWVIZ__ligand1607-0
238,HOWVIZ__ligand250-0
239,HOWVIZ__ligand2862-0
240,HOWVIZ__ligand2320-0
241,HOWVIZ__ligand1056-0
242,HOWVIZ__ligand369-0
243,HOWVIZ__ligand444-0
244,HOWVIZ__ligand2510-0
245,HOWVIZ__ligand188-0
246,HOWVIZ__ligand8921-0
247,HOWVIZ__ligand2285-0
248,HOWVIZ__ligand1567-0
249,HOWVIZ__ligand2907-0
250,HOWVIZ__ligand311-0
251,HOWVIZ__ligand1703-0
252,HOWVIZ__ligand2430-0
253,HOWVIZ__ligand502-0
254,HOWVIZ__ligand196-0
255,HOWVIZ__ligand1685-0
256,HOWVIZ__ligand40-0
257,HOWVIZ__ligand3757-0
258,HOWVIZ__ligand1048-0
259,HOWVIZ__ligand2087-0
260,HOWVIZ__ligand422-0
261,HOWVIZ__ligand38-0
262,HOWVIZ__ligand1459-0
263,HOWVIZ__ligand113-0
264,HOWVIZ__ligand1544-0
265,HOWVIZ__ligand1438-0
266,HOWVIZ__ligand3063-0
267,HOWVIZ__ligand5801-0
268,HOWVIZ__ligand236-0
269,HOWVIZ__ligand1171-0
270,HOWVIZ__ligand8-0
271,HOWVIZ__ligand353-0
272,HOWVIZ__ligand21-0
273,HOWVIZ__ligand4381-0
274,HOWVIZ__ligand2629-0
275,HOWVIZ__ligand66-0
276,HOWVIZ__ligand481-0
277,HOWVIZ__ligand3734-0
278,HOWVIZ__ligand314-0
279,HOWVIZ__ligand1706-0
280,HOWVIZ__ligand391-0
281,HOWVIZ__ligand170-0
282,HOWVIZ__ligand2768-0
283,HOWVIZ__ligand1376-0
284,HOWVIZ__ligand210-0
285,HOWVIZ__ligand2259-0
286,HOWVIZ__ligand2688-0
287,HOWVIZ__ligand1687-0
288,HOWVIZ__ligand1951-0
289,HOWVIZ__ligand6277-0
290,HOWVIZ__ligand2634-0
291,HOWVIZ__ligand1542-0
292,HOWVIZ__ligand115-0
293,HOWVIZ__ligand86-0
294,HOWVIZ__ligand3041-0
295,HOWVIZ__ligand2751-0
296,HOWVIZ__ligand291-0
297,HOWVIZ__ligand355-0
298,HOWVIZ__ligand784-0
299,HOWVIZ__ligand1747-0
300,HOWVIZ__ligand6686-0
301,HOWVIZ__ligand5548-0
302,HOWVIZ__ligand485-0
303,HOWVIZ__ligand62-0
304,HOWVIZ__ligand7915-0
305,HOWVIZ__ligand3145-0
306,HOWVIZ__ligand6332-0
307,HOWVIZ__ligand3178-0
308,HOWVIZ__ligand2863-0
309,HOWVIZ__ligand6502-0
310,HOWVIZ__ligand2098-0
311,HOWVIZ__ligand133-0
312,HOWVIZ__ligand1148-0
313,HOWVIZ__ligand447-0
314,HOWVIZ__ligand1479-0
315,HOWVIZ__ligand18-0
316,HOWVIZ__ligand487-0
317,HOWVIZ__ligand522-0
318,HOWVIZ__ligand3246-0
319,HOWVIZ__ligand666-0
320,HOWVIZ__ligand1538-0
321,HOWVIZ__ligand1114-0
322,HOWVIZ__ligand9244-0
323,HOWVIZ__ligand682-0
324,HOWVIZ__ligand1228-0
