,TMC
0,POFJIG__ligand1787-0
1,POFJIG__ligand1356-0
2,POFJIG__ligand31248-0
3,POFJIG__ligand5530-0
4,POFJIG__ligand25650-0
5,POFJIG__ligand9753-0
6,POFJIG__ligand7196-0
7,POFJIG__ligand5159-0
8,POFJIG__ligand42-0
9,POFJIG__ligand4807-0
10,POFJIG__ligand12660-0
11,POFJIG__ligand19257-0
12,POFJIG__ligand13209-0
13,POFJIG__ligand3178-0
14,POFJIG__ligand2906-0
15,POFJIG__ligand25735-0
16,POFJIG__ligand12519-0
17,POFJIG__ligand11206-0
18,POFJIG__ligand3244-0
19,POFJIG__ligand4711-0
20,POFJIG__ligand23124-0
21,POFJIG__ligand4649-0
22,POFJIG__ligand5649-0
23,POFJIG__ligand2788-0
24,POFJIG__ligand8793-0
25,POFJIG__ligand409-0
26,POFJIG__ligand324-0
27,POFJIG__ligand361-0
28,POFJIG__ligand23906-0
29,POFJIG__ligand2260-0
30,POFJIG__ligand7092-0
31,POFJIG__ligand1116-0
32,POFJIG__ligand3225-0
33,POFJIG__ligand1153-0
34,POFJIG__ligand8612-0
35,POFJIG__ligand588-0
36,POFJIG__ligand21132-0
37,POFJIG__ligand11166-0
38,POFJIG__ligand2124-0
39,POFJIG__ligand7172-0
40,POFJIG__ligand30539-0
41,POFJIG__ligand300-0
42,POFJIG__ligand7273-0
43,POFJIG__ligand9323-0
44,POFJIG__ligand21787-0
45,POFJIG__ligand66-0
46,POFJIG__ligand25575-0
47,POFJIG__ligand25689-0
48,POFJIG__ligand5180-0
49,POFJIG__ligand6017-0
50,POFJIG__ligand12295-0
51,POFJIG__ligand7316-0
52,POFJIG__ligand5708-0
53,POFJIG__ligand199-0
54,POFJIG__ligand27835-0
55,POFJIG__ligand2043-0
56,POFJIG__ligand27169-0
57,POFJIG__ligand1832-0
58,POFJIG__ligand8788-0
59,POFJIG__ligand14523-0
60,POFJIG__ligand18391-0
61,POFJIG__ligand27074-0
62,POFJIG__ligand1604-0
63,POFJIG__ligand22981-0
64,POFJIG__ligand1228-0
65,POFJIG__ligand25805-0
66,POFJIG__ligand9943-0
67,POFJIG__ligand20599-0
68,POFJIG__ligand13257-0
69,POFJIG__ligand633-0
70,POFJIG__ligand6391-0
71,POFJIG__ligand3126-0
72,POFJIG__ligand9284-0
73,POFJIG__ligand21936-0
74,POFJIG__ligand1114-0
75,POFJIG__ligand23904-0
76,POFJIG__ligand25267-0
77,POFJIG__ligand2417-0
78,POFJIG__ligand10084-0
79,POFJIG__ligand497-0
80,POFJIG__ligand12467-0
81,POFJIG__ligand1289-0
82,POFJIG__ligand5387-0
83,POFJIG__ligand29610-0
84,POFJIG__ligand2203-0
85,POFJIG__ligand11140-0
86,POFJIG__ligand326-0
87,POFJIG__ligand29863-0
88,POFJIG__ligand38-0
89,POFJIG__ligand18074-0
90,POFJIG__ligand13869-0
91,POFJIG__ligand9450-0
92,POFJIG__ligand436-0
93,POFJIG__ligand18465-0
94,POFJIG__ligand8-0
95,POFJIG__ligand18799-0
96,POFJIG__ligand16791-0
97,POFJIG__ligand2612-0
98,POFJIG__ligand692-0
99,POFJIG__ligand28668-0
100,POFJIG__ligand1599-0
101,POFJIG__ligand9344-0
102,POFJIG__ligand21421-0
103,POFJIG__ligand14586-0
104,POFJIG__ligand11774-0
105,POFJIG__ligand3736-0
106,POFJIG__ligand8000-0
107,POFJIG__ligand656-0
108,POFJIG__ligand3945-0
109,POFJIG__ligand11568-0
110,POFJIG__ligand5383-0
111,POFJIG__ligand2693-0
112,POFJIG__ligand17710-0
113,POFJIG__ligand20579-0
114,POFJIG__ligand10555-0
115,POFJIG__ligand4007-0
116,POFJIG__ligand696-0
117,POFJIG__ligand2985-0
118,POFJIG__ligand31483-0
119,POFJIG__ligand9299-0
120,POFJIG__ligand24613-0
121,POFJIG__ligand7291-0
122,POFJIG__ligand19725-0
123,POFJIG__ligand3677-1
124,POFJIG__ligand9883-0
125,POFJIG__ligand3677-0
126,POFJIG__ligand3632-0
127,POFJIG__ligand162-0
128,POFJIG__ligand1168-0
129,POFJIG__ligand1294-0
130,POFJIG__ligand226-0
131,POFJIG__ligand416-0
132,POFJIG__ligand13072-0
133,POFJIG__ligand6699-0
134,POFJIG__ligand12336-0
135,POFJIG__ligand383-0
136,POFJIG__ligand1464-0
137,POFJIG__ligand3712-0
138,POFJIG__ligand17240-0
139,POFJIG__ligand1499-0
140,POFJIG__ligand2881-0
141,POFJIG__ligand18-0
142,POFJIG__ligand17590-0
143,POFJIG__ligand6892-0
144,POFJIG__ligand1211-0
145,POFJIG__ligand18699-0
146,POFJIG__ligand12682-0
147,POFJIG__ligand5595-0
148,POFJIG__ligand4101-0
149,POFJIG__ligand17945-0
150,POFJIG__ligand18013-0
151,POFJIG__ligand25224-0
152,POFJIG__ligand31578-0
153,POFJIG__ligand17207-0
154,POFJIG__ligand4358-0
155,POFJIG__ligand24750-0
156,POFJIG__ligand670-0
157,POFJIG__ligand3926-0
158,POFJIG__ligand3120-0
159,POFJIG__ligand571-0
160,POFJIG__ligand534-0
161,POFJIG__ligand2221-0
162,POFJIG__ligand1296-0
163,POFJIG__ligand28924-0
164,POFJIG__ligand2259-0
165,POFJIG__ligand15438-0
166,POFJIG__ligand1197-0
167,POFJIG__ligand8592-0
168,POFJIG__ligand5099-0
169,POFJIG__ligand9773-0
170,POFJIG__ligand1376-0
171,POFJIG__ligand29087-0
172,POFJIG__ligand5510-0
173,POFJIG__ligand18703-0
174,POFJIG__ligand24064-0
175,POFJIG__ligand9167-0
176,POFJIG__ligand5304-0
177,POFJIG__ligand2238-0
178,POFJIG__ligand23589-0
179,POFJIG__ligand694-0
180,POFJIG__ligand430-0
181,POFJIG__ligand358-0
182,POFJIG__ligand3867-0
183,POFJIG__ligand1317-0
184,POFJIG__ligand7293-0
185,POFJIG__ligand2822-0
186,POFJIG__ligand488-0
187,POFJIG__ligand15168-0
188,POFJIG__ligand8002-0
189,POFJIG__ligand29898-0
190,POFJIG__ligand26277-0
191,POFJIG__ligand5509-0
192,POFJIG__ligand1407-0
193,POFJIG__ligand6117-0
194,POFJIG__ligand22755-0
195,POFJIG__ligand11432-0
196,POFJIG__ligand31618-0
197,POFJIG__ligand10432-0
198,POFJIG__ligand5080-0
199,POFJIG__ligand7762-0
200,POFJIG__ligand3453-0
201,POFJIG__ligand3416-0
202,POFJIG__ligand20251-1
203,POFJIG__ligand4207-0
204,POFJIG__ligand16475-0
205,POFJIG__ligand14703-0
206,POFJIG__ligand1539-0
207,POFJIG__ligand1150-0
208,POFJIG__ligand7438-0
209,POFJIG__ligand8200-0
210,POFJIG__ligand17398-0
211,POFJIG__ligand4063-0
212,POFJIG__ligand24047-0
213,POFJIG__ligand22557-0
214,POFJIG__ligand10589-0
215,POFJIG__ligand20598-0
216,POFJIG__ligand122-0
217,POFJIG__ligand11675-0
218,POFJIG__ligand3042-0
219,POFJIG__ligand17982-0
220,POFJIG__ligand757-0
221,POFJIG__ligand29414-0
222,POFJIG__ligand17278-0
223,POFJIG__ligand20011-0
224,POFJIG__ligand7075-0
225,POFJIG__ligand29568-0
226,POFJIG__ligand3980-0
227,POFJIG__ligand3557-0
228,POFJIG__ligand693-0
229,POFJIG__ligand14889-0
230,POFJIG__ligand30851-0
231,POFJIG__ligand1149-0
232,POFJIG__ligand21371-0
233,POFJIG__ligand17118-0
234,POFJIG__ligand1779-0
235,POFJIG__ligand20419-0
236,POFJIG__ligand6993-0
237,POFJIG__ligand1817-0
238,POFJIG__ligand28789-0
239,POFJIG__ligand9750-0
240,POFJIG__ligand14117-0
241,POFJIG__ligand17261-0
242,POFJIG__ligand1400-0
243,POFJIG__ligand4266-0
244,POFJIG__ligand9491-0
245,POFJIG__ligand4167-0
246,POFJIG__ligand20214-0
247,POFJIG__ligand30702-0
248,POFJIG__ligand1288-0
249,POFJIG__ligand20251-0
250,POFJIG__ligand20539-0
251,POFJIG__ligand31097-0
252,POFJIG__ligand21581-0
253,POFJIG__ligand1828-0
254,POFJIG__ligand7213-0
255,POFJIG__ligand13390-0
256,POFJIG__ligand1397-0
257,POFJIG__ligand8042-0
258,POFJIG__ligand6112-0
259,POFJIG__ligand5085-0
260,POFJIG__ligand3144-0
261,POFJIG__ligand5755-0
262,POFJIG__ligand4710-0
263,POFJIG__ligand20682-0
264,POFJIG__ligand26810-0
265,POFJIG__ligand27482-0
266,POFJIG__ligand1908-0
267,POFJIG__ligand240-0
268,POFJIG__ligand13208-0
269,POFJIG__ligand3285-0
270,POFJIG__ligand4795-0
271,POFJIG__ligand141-0
272,POFJIG__ligand1786-0
273,POFJIG__ligand5630-0
274,POFJIG__ligand43-0
275,POFJIG__ligand13294-0
276,POFJIG__ligand31832-0
277,POFJIG__ligand14248-0
278,POFJIG__ligand29879-0
279,POFJIG__ligand67-0
280,POFJIG__ligand12030-0
281,POFJIG__ligand1831-0
282,POFJIG__ligand5280-0
283,POFJIG__ligand5614-0
284,POFJIG__ligand28884-0
285,POFJIG__ligand6663-0
286,POFJIG__ligand384-0
287,POFJIG__ligand13331-0
288,POFJIG__ligand5515-0
289,POFJIG__ligand14174-0
290,POFJIG__ligand10712-0
291,POFJIG__ligand768-0
292,POFJIG__ligand11456-0
293,POFJIG__ligand1849-0
294,POFJIG__ligand25411-0
295,POFJIG__ligand5019-0
296,POFJIG__ligand1152-0
297,POFJIG__ligand3261-0
298,POFJIG__ligand1216-0
299,POFJIG__ligand14108-0
300,POFJIG__ligand2001-0
301,POFJIG__ligand338-0
302,POFJIG__ligand7566-0
303,POFJIG__ligand12641-0
304,POFJIG__ligand8593-0
305,POFJIG__ligand9944-0
306,POFJIG__ligand10958-0
307,POFJIG__ligand27763-0
308,POFJIG__ligand8553-0
309,POFJIG__ligand28676-0
310,POFJIG__ligand1113-0
311,POFJIG__ligand10262-0
312,POFJIG__ligand18814-0
313,POFJIG__ligand19057-0
314,POFJIG__ligand13425-0
315,POFJIG__ligand29302-0
316,POFJIG__ligand5201-0
317,POFJIG__ligand185-0
318,POFJIG__ligand12130-0
319,POFJIG__ligand17387-0
320,POFJIG__ligand18292-0
321,POFJIG__ligand12289-0
322,POFJIG__ligand26702-0
323,POFJIG__ligand279-0
324,POFJIG__ligand13658-0
325,POFJIG__ligand5415-0
326,POFJIG__ligand12231-0
327,POFJIG__ligand178-0
328,POFJIG__ligand24145-0
329,POFJIG__ligand12401-0
330,POFJIG__ligand15585-0
331,POFJIG__ligand13068-0
332,POFJIG__ligand19830-0
333,POFJIG__ligand321-0
334,POFJIG__ligand4161-0
335,POFJIG__ligand10476-0
336,POFJIG__ligand3471-0
337,POFJIG__ligand4124-0
338,POFJIG__ligand6995-0
339,POFJIG__ligand23769-0
340,POFJIG__ligand24185-0
341,POFJIG__ligand25178-0
342,POFJIG__ligand2823-0
343,POFJIG__ligand17302-0
344,POFJIG__ligand4340-0
345,POFJIG__ligand2650-0
346,POFJIG__ligand2281-0
347,POFJIG__ligand17805-0
348,POFJIG__ligand3180-0
349,POFJIG__ligand201-0
350,POFJIG__ligand17258-0
351,POFJIG__ligand14603-0
352,POFJIG__ligand777-0
353,POFJIG__ligand2027-0
354,POFJIG__ligand14297-0
355,POFJIG__ligand26665-0
356,POFJIG__ligand45-0
357,POFJIG__ligand1015-0
358,POFJIG__ligand17631-0
359,POFJIG__ligand1050-0
360,POFJIG__ligand13012-0
361,POFJIG__ligand941-0
362,POFJIG__ligand596-0
363,POFJIG__ligand31783-0
364,POFJIG__ligand27893-0
365,POFJIG__ligand14723-0
366,POFJIG__ligand657-0
367,POFJIG__ligand1618-0
368,POFJIG__ligand19641-0
369,POFJIG__ligand2692-0
370,POFJIG__ligand187-0
371,POFJIG__ligand12934-0
372,POFJIG__ligand20578-0
373,POFJIG__ligand15422-0
374,POFJIG__ligand366-0
375,POFJIG__ligand78-0
376,POFJIG__ligand27175-0
377,POFJIG__ligand18832-0
378,POFJIG__ligand1028-0
379,POFJIG__ligand23713-0
380,POFJIG__ligand30988-0
381,POFJIG__ligand4262-0
382,POFJIG__ligand1154-0
383,POFJIG__ligand9615-0
384,POFJIG__ligand27460-0
385,POFJIG__ligand20740-0
386,POFJIG__ligand28468-0
387,POFJIG__ligand845-0
388,POFJIG__ligand12427-0
389,POFJIG__ligand1498-0
390,POFJIG__ligand16628-0
391,POFJIG__ligand4596-0
392,POFJIG__ligand19-0
393,POFJIG__ligand17281-0
394,POFJIG__ligand30296-0
395,POFJIG__ligand24-0
396,POFJIG__ligand12337-0
397,POFJIG__ligand29410-0
398,POFJIG__ligand26540-0
399,POFJIG__ligand30333-0
400,POFJIG__ligand126-0
401,POFJIG__ligand163-0
402,POFJIG__ligand1169-0
403,POFJIG__ligand12606-0
404,POFJIG__ligand8529-0
405,POFJIG__ligand5935-0
406,POFJIG__ligand12453-0
407,POFJIG__ligand18448-0
408,POFJIG__ligand2722-0
409,POFJIG__ligand1379-0
410,POFJIG__ligand28459-0
411,POFJIG__ligand19184-0
412,POFJIG__ligand3157-0
413,POFJIG__ligand9525-0
414,POFJIG__ligand1165-0
415,POFJIG__ligand506-0
416,POFJIG__ligand5056-0
417,POFJIG__ligand13672-0
418,POFJIG__ligand4850-0
419,POFJIG__ligand5357-0
420,POFJIG__ligand152-0
421,POFJIG__ligand18568-0
422,POFJIG__ligand3647-0
423,POFJIG__ligand28685-0
424,POFJIG__ligand1688-0
425,POFJIG__ligand1469-0
426,POFJIG__ligand3871-0
427,POFJIG__ligand1768-0
428,POFJIG__ligand10371-0
429,POFJIG__ligand23197-0
430,POFJIG__ligand176-0
431,POFJIG__ligand2527-0
432,POFJIG__ligand8349-0
433,POFJIG__ligand447-0
434,POFJIG__ligand1709-0
435,POFJIG__ligand27285-0
436,POFJIG__ligand29029-0
437,POFJIG__ligand8464-0
438,POFJIG__ligand746-0
439,POFJIG__ligand89-0
440,POFJIG__ligand1-0
441,POFJIG__ligand3392-0
442,POFJIG__ligand14167-0
443,POFJIG__ligand13477-0
444,POFJIG__ligand487-0
445,POFJIG__ligand30142-0
446,POFJIG__ligand27669-0
447,POFJIG__ligand1771-0
448,POFJIG__ligand49-0
449,POFJIG__ligand4911-0
450,POFJIG__ligand5849-0
451,POFJIG__ligand1773-0
452,POFJIG__ligand28810-0
453,POFJIG__ligand4581-0
454,POFJIG__ligand11096-0
455,POFJIG__ligand784-0
456,POFJIG__ligand11447-0
457,POFJIG__ligand2328-0
458,POFJIG__ligand24230-0
459,POFJIG__ligand15926-0
460,POFJIG__ligand7162-0
461,POFJIG__ligand19792-0
462,POFJIG__ligand10828-0
463,POFJIG__ligand3-0
464,POFJIG__ligand3029-0
465,POFJIG__ligand11970-0
466,POFJIG__ligand9197-0
467,POFJIG__ligand15883-0
468,POFJIG__ligand1900-0
469,POFJIG__ligand22168-0
470,POFJIG__ligand28930-0
471,POFJIG__ligand3208-0
472,POFJIG__ligand22294-0
473,POFJIG__ligand2208-0
474,POFJIG__ligand21919-0
475,POFJIG__ligand8722-0
476,POFJIG__ligand395-0
477,POFJIG__ligand9809-0
478,POFJIG__ligand12365-0
479,POFJIG__ligand6672-0
480,POFJIG__ligand10056-0
481,POFJIG__ligand1327-0
482,POFJIG__ligand368-0
483,POFJIG__ligand7573-0
484,POFJIG__ligand2781-0
485,POFJIG__ligand11357-0
486,POFJIG__ligand13862-0
487,POFJIG__ligand28743-0
488,POFJIG__ligand15531-0
489,POFJIG__ligand3350-0
490,POFJIG__ligand24035-0
491,POFJIG__ligand115-0
492,POFJIG__ligand1533-0
493,POFJIG__ligand31044-0
494,POFJIG__ligand31842-0
495,POFJIG__ligand11994-0
496,POFJIG__ligand7557-0
497,POFJIG__ligand16663-0
498,POFJIG__ligand1496-0
499,POFJIG__ligand17-0
500,POFJIG__ligand14614-0
501,POFJIG__ligand16988-0
502,POFJIG__ligand25913-0
503,POFJIG__ligand833-0
504,POFJIG__ligand4131-0
505,POFJIG__ligand1712-0
506,POFJIG__ligand11682-0
507,POFJIG__ligand20207-0
508,POFJIG__ligand30711-0
509,POFJIG__ligand5094-0
510,POFJIG__ligand5892-0
511,POFJIG__ligand6283-0
512,POFJIG__ligand10033-0
513,POFJIG__ligand24644-0
514,POFJIG__ligand465-0
515,POFJIG__ligand12001-0
516,POFJIG__ligand4738-0
517,POFJIG__ligand27840-0
518,POFJIG__ligand5813-0
519,POFJIG__ligand4813-0
520,POFJIG__ligand30728-0
521,POFJIG__ligand24872-0
522,POFJIG__ligand6062-0
523,POFJIG__ligand13220-0
524,POFJIG__ligand11587-0
525,POFJIG__ligand314-1
526,POFJIG__ligand17396-0
527,POFJIG__ligand3215-0
528,POFJIG__ligand23175-0
529,POFJIG__ligand15788-0
530,POFJIG__ligand14569-0
531,POFJIG__ligand13385-0
532,POFJIG__ligand24111-0
533,POFJIG__ligand22444-0
534,POFJIG__ligand7107-0
535,POFJIG__ligand1147-0
536,POFJIG__ligand3973-0
537,POFJIG__ligand17427-0
538,POFJIG__ligand7925-0
539,POFJIG__ligand813-0
540,POFJIG__ligand2068-0
541,POFJIG__ligand31694-0
542,POFJIG__ligand314-0
543,POFJIG__ligand29486-0
544,POFJIG__ligand780-0
545,POFJIG__ligand25561-0
546,POFJIG__ligand7532-0
547,POFJIG__ligand391-0
548,POFJIG__ligand4194-0
549,POFJIG__ligand4330-0
550,POFJIG__ligand618-0
551,POFJIG__ligand11949-0
552,POFJIG__ligand2599-0
553,POFJIG__ligand22129-0
554,POFJIG__ligand12138-0
555,POFJIG__ligand24780-0
556,POFJIG__ligand393-0
557,POFJIG__ligand21729-0
558,POFJIG__ligand3012-0
559,POFJIG__ligand27239-0
560,POFJIG__ligand1449-0
561,POFJIG__ligand7530-0
562,POFJIG__ligand1065-0
563,POFJIG__ligand9681-0
564,POFJIG__ligand19927-0
565,POFJIG__ligand28559-0
566,POFJIG__ligand26324-0
567,POFJIG__ligand14043-0
568,POFJIG__ligand4332-0
569,POFJIG__ligand3934-0
570,POFJIG__ligand11618-0
571,POFJIG__ligand6882-0
572,POFJIG__ligand6455-0
573,POFJIG__ligand2403-0
574,POFJIG__ligand353-0
575,POFJIG__ligand26529-0
576,POFJIG__ligand20695-0
577,POFJIG__ligand27754-0
578,POFJIG__ligand196-0
579,POFJIG__ligand16369-0
580,POFJIG__ligand28540-0
581,POFJIG__ligand9148-0
582,POFJIG__ligand11111-0
583,POFJIG__ligand6946-0
584,POFJIG__ligand1415-0
585,POFJIG__ligand22403-0
586,POFJIG__ligand69-0
587,POFJIG__ligand7529-0
588,POFJIG__ligand1729-0
589,POFJIG__ligand11-0
590,POFJIG__ligand26631-0
591,POFJIG__ligand16148-0
592,POFJIG__ligand422-0
593,POFJIG__ligand5627-0
594,POFJIG__ligand12003-0
595,POFJIG__ligand21399-0
596,POFJIG__ligand2830-0
597,POFJIG__ligand10872-0
598,POFJIG__ligand29215-0
599,POFJIG__ligand5316-0
600,POFJIG__ligand5483-0
601,POFJIG__ligand686-0
602,POFJIG__ligand11814-0
603,POFJIG__ligand32-0
604,POFJIG__ligand16603-0
605,POFJIG__ligand4641-0
606,POFJIG__ligand16870-0
607,POFJIG__ligand188-0
608,POFJIG__ligand11622-0
609,POFJIG__ligand370-1
610,POFJIG__ligand620-0
611,POFJIG__ligand11177-0
612,POFJIG__ligand1142-0
613,POFJIG__ligand15455-0
614,POFJIG__ligand3234-0
615,POFJIG__ligand564-0
616,POFJIG__ligand785-0
617,POFJIG__ligand311-0
618,POFJIG__ligand479-0
619,POFJIG__ligand17686-0
620,POFJIG__ligand25658-0
621,POFJIG__ligand7126-0
622,POFJIG__ligand8835-0
623,POFJIG__ligand2028-0
624,POFJIG__ligand31205-0
625,POFJIG__ligand11252-0
626,POFJIG__ligand10582-0
627,POFJIG__ligand13260-0
628,POFJIG__ligand2917-0
629,POFJIG__ligand7819-0
630,POFJIG__ligand6102-0
631,POFJIG__ligand6596-0
632,POFJIG__ligand3721-0
633,POFJIG__ligand6904-0
634,POFJIG__ligand19824-0
635,POFJIG__ligand18067-0
636,POFJIG__ligand3465-0
637,POFJIG__ligand370-0
638,POFJIG__ligand4620-0
639,POFJIG__ligand16-0
640,POFJIG__ligand26673-0
641,POFJIG__ligand20821-0
642,POFJIG__ligand11606-0
643,POFJIG__ligand2295-0
644,POFJIG__ligand1577-0
645,POFJIG__ligand6067-0
646,POFJIG__ligand31000-0
647,POFJIG__ligand250-0
648,POFJIG__ligand22353-0
649,POFJIG__ligand9441-0
650,POFJIG__ligand51-0
651,POFJIG__ligand2332-0
652,POFJIG__ligand19668-0
653,POFJIG__ligand252-0
654,POFJIG__ligand1631-0
655,POFJIG__ligand19906-0
656,POFJIG__ligand116-0
657,POFJIG__ligand1575-0
658,POFJIG__ligand1530-0
659,POFJIG__ligand9933-0
660,POFJIG__ligand3156-0
661,POFJIG__ligand10151-0
662,POFJIG__ligand2915-0
663,POFJIG__ligand193-0
664,POFJIG__ligand6244-0
665,POFJIG__ligand372-0
666,POFJIG__ligand830-0
667,POFJIG__ligand1378-0
668,POFJIG__ligand91-0
669,POFJIG__ligand8992-0
670,POFJIG__ligand20220-0
671,POFJIG__ligand15387-0
672,POFJIG__ligand909-0
673,POFJIG__ligand20121-0
674,POFJIG__ligand9601-0
675,POFJIG__ligand6124-0
676,POFJIG__ligand3707-0
677,POFJIG__ligand7967-0
678,POFJIG__ligand1018-0
679,POFJIG__ligand48-0
680,POFJIG__ligand4116-0
681,POFJIG__ligand29813-0
682,POFJIG__ligand16952-0
683,POFJIG__ligand5643-0
684,POFJIG__ligand1823-0
685,POFJIG__ligand10479-0
686,POFJIG__ligand27610-0
687,POFJIG__ligand11479-0
688,POFJIG__ligand29441-0
689,POFJIG__ligand1324-0
690,POFJIG__ligand10853-0
691,POFJIG__ligand8721-0
692,POFJIG__ligand9952-0
693,POFJIG__ligand9111-0
694,POFJIG__ligand24851-0
695,POFJIG__ligand177-0
696,POFJIG__ligand20530-0
697,POFJIG__ligand11698-0
698,POFJIG__ligand2526-0
699,POFJIG__ligand13657-0
700,POFJIG__ligand14347-0
701,POFJIG__ligand5036-0
702,POFJIG__ligand14302-0
703,POFJIG__ligand1615-0
704,POFJIG__ligand4157-0
705,POFJIG__ligand20942-1
706,POFJIG__ligand352-0
707,POFJIG__ligand14226-0
708,POFJIG__ligand783-0
709,POFJIG__ligand21339-0
710,POFJIG__ligand16956-0
711,POFJIG__ligand7648-0
712,POFJIG__ligand8876-0
713,POFJIG__ligand2828-0
714,POFJIG__ligand9833-0
715,POFJIG__ligand4-0
716,POFJIG__ligand5256-0
717,POFJIG__ligand29565-0
718,POFJIG__ligand2176-0
719,POFJIG__ligand23682-0
720,POFJIG__ligand9291-0
721,POFJIG__ligand18158-0
722,POFJIG__ligand2232-0
723,POFJIG__ligand27771-0
724,POFJIG__ligand1285-0
725,POFJIG__ligand6768-0
726,POFJIG__ligand18019-1
727,POFJIG__ligand8115-0
728,POFJIG__ligand14007-0
729,POFJIG__ligand7000-0
730,POFJIG__ligand1982-0
731,POFJIG__ligand4546-0
732,POFJIG__ligand4503-0
733,POFJIG__ligand27550-0
734,POFJIG__ligand868-0
735,POFJIG__ligand34-0
736,POFJIG__ligand7867-0
737,POFJIG__ligand29214-0
738,POFJIG__ligand1219-0
739,POFJIG__ligand6709-0
740,POFJIG__ligand11501-0
741,POFJIG__ligand11544-0
742,POFJIG__ligand4016-0
743,POFJIG__ligand55-0
744,POFJIG__ligand7238-0
745,POFJIG__ligand21448-0
746,POFJIG__ligand22357-0
747,POFJIG__ligand11758-0
748,POFJIG__ligand7280-0
749,POFJIG__ligand1304-0
750,POFJIG__ligand1790-0
751,POFJIG__ligand12413-0
752,POFJIG__ligand4272-0
753,POFJIG__ligand1451-0
754,POFJIG__ligand29334-0
755,POFJIG__ligand7629-0
756,POFJIG__ligand20731-0
757,POFJIG__ligand68-0
758,POFJIG__ligand11798-0
759,POFJIG__ligand9784-0
760,POFJIG__ligand9520-0
761,POFJIG__ligand17069-0
762,POFJIG__ligand1160-0
763,POFJIG__ligand8699-0
764,POFJIG__ligand14477-0
765,POFJIG__ligand197-0
766,POFJIG__ligand3954-0
767,POFJIG__ligand4093-0
768,POFJIG__ligand17445-0
769,POFJIG__ligand4442-0
770,POFJIG__ligand27122-0
771,POFJIG__ligand20432-0
772,POFJIG__ligand13755-0
773,POFJIG__ligand16133-0
774,POFJIG__ligand7242-0
775,POFJIG__ligand24953-0
776,POFJIG__ligand23445-0
777,POFJIG__ligand7106-0
778,POFJIG__ligand9908-0
779,POFJIG__ligand1263-0
780,POFJIG__ligand25048-0
781,POFJIG__ligand294-0
782,POFJIG__ligand21940-0
783,POFJIG__ligand1959-0
784,POFJIG__ligand30004-0
785,POFJIG__ligand20557-0
786,POFJIG__ligand685-0
787,POFJIG__ligand3504-0
788,POFJIG__ligand9935-0
789,POFJIG__ligand1573-0
790,POFJIG__ligand1536-0
791,POFJIG__ligand6616-0
792,POFJIG__ligand1343-0
793,POFJIG__ligand3876-0
794,POFJIG__ligand3035-0
795,POFJIG__ligand3718-0
796,POFJIG__ligand421-0
797,POFJIG__ligand1844-0
798,POFJIG__ligand4661-0
799,POFJIG__ligand57-0
800,POFJIG__ligand5331-0
801,POFJIG__ligand134-0
802,POFJIG__ligand1512-0
803,POFJIG__ligand235-0
804,POFJIG__ligand3565-0
805,POFJIG__ligand18757-0
806,POFJIG__ligand24560-0
807,POFJIG__ligand6919-0
808,POFJIG__ligand18413-0
809,POFJIG__ligand20844-0
810,POFJIG__ligand24624-0
811,POFJIG__ligand2485-0
812,POFJIG__ligand3852-0
813,POFJIG__ligand5211-0
814,POFJIG__ligand21752-0
815,POFJIG__ligand4155-0
816,POFJIG__ligand3094-0
817,POFJIG__ligand14339-0
818,POFJIG__ligand4720-0
819,POFJIG__ligand560-0
820,POFJIG__ligand6839-0
821,POFJIG__ligand30788-0
822,POFJIG__ligand3131-0
823,POFJIG__ligand3174-0
824,POFJIG__ligand3937-0
825,POFJIG__ligand1202-0
826,POFJIG__ligand13691-0
827,POFJIG__ligand8969-0
