,TMC
0,RELHAR__ligand5935-0
1,RELHAR__ligand10151-0
2,RELHAR__ligand2722-0
3,RELHAR__ligand1379-0
4,RELHAR__ligand57-0
5,RELHAR__ligand3157-0
6,RELHAR__ligand9525-0
7,RELHAR__ligand1165-0
8,RELHAR__ligand4850-0
9,RELHAR__ligand430-0
10,RELHAR__ligand5056-0
11,RELHAR__ligand22353-0
12,RELHAR__ligand358-0
13,RELHAR__ligand3647-0
14,RELHAR__ligand5357-0
15,RELHAR__ligand1688-0
16,RELHAR__ligand488-0
17,RELHAR__ligand1469-0
18,RELHAR__ligand19906-0
19,RELHAR__ligand19668-0
20,RELHAR__ligand3871-0
21,RELHAR__ligand1768-0
22,RELHAR__ligand694-0
23,RELHAR__ligand27610-0
24,RELHAR__ligand10479-0
25,RELHAR__ligand11479-0
26,RELHAR__ligand29441-0
27,RELHAR__ligand2527-0
28,RELHAR__ligand10853-0
29,RELHAR__ligand8349-0
30,RELHAR__ligand8464-0
31,RELHAR__ligand24851-0
32,RELHAR__ligand1709-0
33,RELHAR__ligand14302-0
34,RELHAR__ligand13657-0
35,RELHAR__ligand14347-0
36,RELHAR__ligand20530-0
37,RELHAR__ligand11698-0
38,RELHAR__ligand20220-0
39,RELHAR__ligand3392-0
40,RELHAR__ligand670-0
41,RELHAR__ligand20121-0
42,RELHAR__ligand15387-0
43,RELHAR__ligand4911-0
44,RELHAR__ligand534-0
45,RELHAR__ligand1771-0
46,RELHAR__ligand571-0
47,RELHAR__ligand5849-0
48,RELHAR__ligand29813-0
49,RELHAR__ligand16952-0
50,RELHAR__ligand4581-0
51,RELHAR__ligand11177-0
52,RELHAR__ligand1773-0
53,RELHAR__ligand2328-0
54,RELHAR__ligand15455-0
55,RELHAR__ligand7162-0
56,RELHAR__ligand3029-0
57,RELHAR__ligand34-0
58,RELHAR__ligand31205-0
59,RELHAR__ligand9197-0
60,RELHAR__ligand17686-0
61,RELHAR__ligand25658-0
62,RELHAR__ligand1900-0
63,RELHAR__ligand11814-0
64,RELHAR__ligand416-0
65,RELHAR__ligand2208-0
66,RELHAR__ligand3208-0
67,RELHAR__ligand383-0
68,RELHAR__ligand16603-0
69,RELHAR__ligand8722-0
70,RELHAR__ligand1327-0
71,RELHAR__ligand6672-0
72,RELHAR__ligand162-0
73,RELHAR__ligand16870-0
74,RELHAR__ligand9809-0
75,RELHAR__ligand226-0
76,RELHAR__ligand3350-0
77,RELHAR__ligand11622-0
78,RELHAR__ligand2781-0
79,RELHAR__ligand7573-0
80,RELHAR__ligand68-0
81,RELHAR__ligand26673-0
82,RELHAR__ligand1533-0
83,RELHAR__ligand20821-0
84,RELHAR__ligand11606-0
85,RELHAR__ligand1496-0
86,RELHAR__ligand696-0
87,RELHAR__ligand7557-0
88,RELHAR__ligand31000-0
89,RELHAR__ligand11252-0
90,RELHAR__ligand656-0
91,RELHAR__ligand10582-0
92,RELHAR__ligand1712-0
93,RELHAR__ligand13260-0
94,RELHAR__ligand4131-0
95,RELHAR__ligand5892-0
96,RELHAR__ligand55-0
97,RELHAR__ligand5094-0
98,RELHAR__ligand19824-0
99,RELHAR__ligand18067-0
100,RELHAR__ligand6283-0
101,RELHAR__ligand20557-0
102,RELHAR__ligand30004-0
103,RELHAR__ligand692-0
104,RELHAR__ligand4738-0
105,RELHAR__ligand436-0
106,RELHAR__ligand4813-0
107,RELHAR__ligand91-0
108,RELHAR__ligand5813-0
109,RELHAR__ligand6062-0
110,RELHAR__ligand51-0
111,RELHAR__ligand16133-0
112,RELHAR__ligand13755-0
113,RELHAR__ligand27122-0
114,RELHAR__ligand20432-0
115,RELHAR__ligand3215-0
116,RELHAR__ligand326-0
117,RELHAR__ligand23445-0
118,RELHAR__ligand24953-0
119,RELHAR__ligand21940-0
120,RELHAR__ligand25048-0
121,RELHAR__ligand7107-0
122,RELHAR__ligand21752-0
123,RELHAR__ligand1147-0
124,RELHAR__ligand3973-0
125,RELHAR__ligand497-0
126,RELHAR__ligand7925-0
127,RELHAR__ligand633-0
128,RELHAR__ligand14339-0
129,RELHAR__ligand2068-0
130,RELHAR__ligand30788-0
131,RELHAR__ligand13691-0
132,RELHAR__ligand7532-0
133,RELHAR__ligand4194-0
134,RELHAR__ligand4330-0
135,RELHAR__ligand18757-0
136,RELHAR__ligand2599-0
137,RELHAR__ligand48-0
138,RELHAR__ligand24560-0
139,RELHAR__ligand20844-0
140,RELHAR__ligand18413-0
141,RELHAR__ligand24624-0
142,RELHAR__ligand3012-0
143,RELHAR__ligand1449-0
144,RELHAR__ligand14007-0
145,RELHAR__ligand1065-0
146,RELHAR__ligand7530-0
147,RELHAR__ligand18019-1
148,RELHAR__ligand199-0
149,RELHAR__ligand27550-0
150,RELHAR__ligand9681-0
151,RELHAR__ligand4332-0
152,RELHAR__ligand32-0
153,RELHAR__ligand20942-1
154,RELHAR__ligand16956-0
155,RELHAR__ligand3934-0
156,RELHAR__ligand14226-0
157,RELHAR__ligand21339-0
158,RELHAR__ligand6455-0
159,RELHAR__ligand6882-0
160,RELHAR__ligand300-0
161,RELHAR__ligand23682-0
162,RELHAR__ligand2403-0
163,RELHAR__ligand29565-0
164,RELHAR__ligand588-0
165,RELHAR__ligand27771-0
166,RELHAR__ligand18158-0
167,RELHAR__ligand409-0
168,RELHAR__ligand20731-0
169,RELHAR__ligand12413-0
170,RELHAR__ligand361-0
171,RELHAR__ligand29334-0
172,RELHAR__ligand324-0
173,RELHAR__ligand11798-0
174,RELHAR__ligand16-0
175,RELHAR__ligand9148-0
176,RELHAR__ligand6946-0
177,RELHAR__ligand1415-0
178,RELHAR__ligand14477-0
179,RELHAR__ligand17069-0
180,RELHAR__ligand17445-0
181,RELHAR__ligand7529-0
182,RELHAR__ligand1729-0
183,RELHAR__ligand29214-0
184,RELHAR__ligand5627-0
185,RELHAR__ligand11544-0
186,RELHAR__ligand11501-0
187,RELHAR__ligand2830-0
188,RELHAR__ligand21448-0
189,RELHAR__ligand5316-0
190,RELHAR__ligand5483-0
191,RELHAR__ligand22357-0
192,RELHAR__ligand11758-0
193,RELHAR__ligand22294-0
194,RELHAR__ligand163-0
195,RELHAR__ligand126-0
196,RELHAR__ligand28930-0
197,RELHAR__ligand22168-0
198,RELHAR__ligand21919-0
199,RELHAR__ligand4641-0
200,RELHAR__ligand10056-0
201,RELHAR__ligand12365-0
202,RELHAR__ligand11357-0
203,RELHAR__ligand13862-0
204,RELHAR__ligand15531-0
205,RELHAR__ligand28743-0
206,RELHAR__ligand24230-0
207,RELHAR__ligand28810-0
208,RELHAR__ligand11096-0
209,RELHAR__ligand845-0
210,RELHAR__ligand11447-0
211,RELHAR__ligand19792-0
212,RELHAR__ligand10828-0
213,RELHAR__ligand15926-0
214,RELHAR__ligand1142-0
215,RELHAR__ligand3234-0
216,RELHAR__ligand11970-0
217,RELHAR__ligand7126-0
218,RELHAR__ligand15883-0
219,RELHAR__ligand2028-0
220,RELHAR__ligand8835-0
221,RELHAR__ligand366-0
222,RELHAR__ligand16988-0
223,RELHAR__ligand25913-0
224,RELHAR__ligand11-0
225,RELHAR__ligand2917-0
226,RELHAR__ligand7819-0
227,RELHAR__ligand30711-0
228,RELHAR__ligand20207-0
229,RELHAR__ligand3721-0
230,RELHAR__ligand6904-0
231,RELHAR__ligand657-0
232,RELHAR__ligand6596-0
233,RELHAR__ligand6102-0
234,RELHAR__ligand11682-0
235,RELHAR__ligand187-0
236,RELHAR__ligand3465-0
237,RELHAR__ligand4620-0
238,RELHAR__ligand24035-0
239,RELHAR__ligand11994-0
240,RELHAR__ligand596-0
241,RELHAR__ligand941-0
242,RELHAR__ligand31842-0
243,RELHAR__ligand31044-0
244,RELHAR__ligand69-0
245,RELHAR__ligand16663-0
246,RELHAR__ligand1577-0
247,RELHAR__ligand777-0
248,RELHAR__ligand6067-0
249,RELHAR__ligand2295-0
250,RELHAR__ligand14614-0
251,RELHAR__ligand13672-0
252,RELHAR__ligand9441-0
253,RELHAR__ligand201-0
254,RELHAR__ligand2332-0
255,RELHAR__ligand28685-0
256,RELHAR__ligand18568-0
257,RELHAR__ligand1631-0
258,RELHAR__ligand1530-0
259,RELHAR__ligand1575-0
260,RELHAR__ligand10371-0
261,RELHAR__ligand9933-0
262,RELHAR__ligand2915-0
263,RELHAR__ligand3156-0
264,RELHAR__ligand28459-0
265,RELHAR__ligand18448-0
266,RELHAR__ligand12453-0
267,RELHAR__ligand321-0
268,RELHAR__ligand185-0
269,RELHAR__ligand6244-0
270,RELHAR__ligand19184-0
271,RELHAR__ligand279-0
272,RELHAR__ligand178-0
273,RELHAR__ligand1378-0
274,RELHAR__ligand14167-0
275,RELHAR__ligand13477-0
276,RELHAR__ligand8992-0
277,RELHAR__ligand27669-0
278,RELHAR__ligand9601-0
279,RELHAR__ligand30142-0
280,RELHAR__ligand7967-0
281,RELHAR__ligand3707-0
282,RELHAR__ligand6124-0
283,RELHAR__ligand1018-0
284,RELHAR__ligand4116-0
285,RELHAR__ligand1823-0
286,RELHAR__ligand5643-0
287,RELHAR__ligand23197-0
288,RELHAR__ligand1324-0
289,RELHAR__ligand8721-0
290,RELHAR__ligand27285-0
291,RELHAR__ligand9952-0
292,RELHAR__ligand9111-0
293,RELHAR__ligand29029-0
294,RELHAR__ligand338-0
295,RELHAR__ligand1615-0
296,RELHAR__ligand2526-0
297,RELHAR__ligand5036-0
298,RELHAR__ligand11618-0
299,RELHAR__ligand4157-0
300,RELHAR__ligand9833-0
301,RELHAR__ligand2828-0
302,RELHAR__ligand8876-0
303,RELHAR__ligand7648-0
304,RELHAR__ligand5256-0
305,RELHAR__ligand2176-0
306,RELHAR__ligand9291-0
307,RELHAR__ligand768-0
308,RELHAR__ligand2232-0
309,RELHAR__ligand26529-0
310,RELHAR__ligand21729-0
311,RELHAR__ligand1285-0
312,RELHAR__ligand27239-0
313,RELHAR__ligand8115-0
314,RELHAR__ligand6768-0
315,RELHAR__ligand1982-0
316,RELHAR__ligand384-0
317,RELHAR__ligand7000-0
318,RELHAR__ligand4503-0
319,RELHAR__ligand4546-0
320,RELHAR__ligand19927-0
321,RELHAR__ligand14043-0
322,RELHAR__ligand28559-0
323,RELHAR__ligand26324-0
324,RELHAR__ligand12003-0
325,RELHAR__ligand7867-0
326,RELHAR__ligand26631-0
327,RELHAR__ligand16148-0
328,RELHAR__ligand1219-0
329,RELHAR__ligand6709-0
330,RELHAR__ligand21399-0
331,RELHAR__ligand4016-0
332,RELHAR__ligand10872-0
333,RELHAR__ligand7238-0
334,RELHAR__ligand240-0
335,RELHAR__ligand29215-0
336,RELHAR__ligand141-0
337,RELHAR__ligand1790-0
338,RELHAR__ligand1304-0
339,RELHAR__ligand7280-0
340,RELHAR__ligand1451-0
341,RELHAR__ligand4272-0
342,RELHAR__ligand7629-0
343,RELHAR__ligand20695-0
344,RELHAR__ligand27754-0
345,RELHAR__ligand28540-0
346,RELHAR__ligand11111-0
347,RELHAR__ligand16369-0
348,RELHAR__ligand9784-0
349,RELHAR__ligand9520-0
350,RELHAR__ligand22403-0
351,RELHAR__ligand8699-0
352,RELHAR__ligand1160-0
353,RELHAR__ligand17-0
354,RELHAR__ligand4442-0
355,RELHAR__ligand4093-0
356,RELHAR__ligand3954-0
357,RELHAR__ligand7242-0
358,RELHAR__ligand13220-0
359,RELHAR__ligand11587-0
360,RELHAR__ligand23175-0
361,RELHAR__ligand15788-0
362,RELHAR__ligand7106-0
363,RELHAR__ligand17396-0
364,RELHAR__ligand1263-0
365,RELHAR__ligand13385-0
366,RELHAR__ligand9908-0
367,RELHAR__ligand14569-0
368,RELHAR__ligand8-0
369,RELHAR__ligand24111-0
370,RELHAR__ligand22444-0
371,RELHAR__ligand1959-0
372,RELHAR__ligand24644-0
373,RELHAR__ligand3504-0
374,RELHAR__ligand10033-0
375,RELHAR__ligand9935-0
376,RELHAR__ligand1536-0
377,RELHAR__ligand1573-0
378,RELHAR__ligand12001-0
379,RELHAR__ligand1343-0
380,RELHAR__ligand3876-0
381,RELHAR__ligand3035-0
382,RELHAR__ligand6616-0
383,RELHAR__ligand30728-0
384,RELHAR__ligand27840-0
385,RELHAR__ligand3718-0
386,RELHAR__ligand693-0
387,RELHAR__ligand1844-0
388,RELHAR__ligand4661-0
389,RELHAR__ligand24872-0
390,RELHAR__ligand1512-0
391,RELHAR__ligand757-0
392,RELHAR__ligand5331-0
393,RELHAR__ligand49-0
394,RELHAR__ligand25561-0
395,RELHAR__ligand3565-0
396,RELHAR__ligand11949-0
397,RELHAR__ligand12138-0
398,RELHAR__ligand24780-0
399,RELHAR__ligand6919-0
400,RELHAR__ligand3852-0
401,RELHAR__ligand122-0
402,RELHAR__ligand22129-0
403,RELHAR__ligand2485-0
404,RELHAR__ligand5211-0
405,RELHAR__ligand17427-0
406,RELHAR__ligand3094-0
407,RELHAR__ligand4155-0
408,RELHAR__ligand31694-0
409,RELHAR__ligand89-0
410,RELHAR__ligand4720-0
411,RELHAR__ligand6839-0
412,RELHAR__ligand8969-0
413,RELHAR__ligand3174-0
414,RELHAR__ligand3937-0
415,RELHAR__ligand1202-0
416,RELHAR__ligand3131-0
417,RELHAR__ligand29486-0
418,RELHAR__ligand5530-0
419,RELHAR__ligand1356-0
420,RELHAR__ligand1787-0
421,RELHAR__ligand9753-0
422,RELHAR__ligand26810-0
423,RELHAR__ligand27482-0
424,RELHAR__ligand7196-0
425,RELHAR__ligand686-0
426,RELHAR__ligand13208-0
427,RELHAR__ligand5159-0
428,RELHAR__ligand422-0
429,RELHAR__ligand4807-0
430,RELHAR__ligand3178-0
431,RELHAR__ligand78-0
432,RELHAR__ligand13390-0
433,RELHAR__ligand45-0
434,RELHAR__ligand2906-0
435,RELHAR__ligand4711-0
436,RELHAR__ligand3244-0
437,RELHAR__ligand8793-0
438,RELHAR__ligand2788-0
439,RELHAR__ligand5649-0
440,RELHAR__ligand4649-0
441,RELHAR__ligand196-0
442,RELHAR__ligand20682-0
443,RELHAR__ligand14174-0
444,RELHAR__ligand3225-0
445,RELHAR__ligand1153-0
446,RELHAR__ligand353-0
447,RELHAR__ligand1116-0
448,RELHAR__ligand10712-0
449,RELHAR__ligand7092-0
450,RELHAR__ligand2260-0
451,RELHAR__ligand8612-0
452,RELHAR__ligand11456-0
453,RELHAR__ligand2124-0
454,RELHAR__ligand24-0
455,RELHAR__ligand7172-0
456,RELHAR__ligand25411-0
457,RELHAR__ligand7273-0
458,RELHAR__ligand9323-0
459,RELHAR__ligand31832-0
460,RELHAR__ligand5180-0
461,RELHAR__ligand13294-0
462,RELHAR__ligand4-0
463,RELHAR__ligand12030-0
464,RELHAR__ligand393-0
465,RELHAR__ligand6017-0
466,RELHAR__ligand29879-0
467,RELHAR__ligand14248-0
468,RELHAR__ligand19-0
469,RELHAR__ligand7316-0
470,RELHAR__ligand28884-0
471,RELHAR__ligand13331-0
472,RELHAR__ligand5708-0
473,RELHAR__ligand2043-0
474,RELHAR__ligand618-0
475,RELHAR__ligand17398-0
476,RELHAR__ligand8788-0
477,RELHAR__ligand20598-0
478,RELHAR__ligand11675-0
479,RELHAR__ligand1832-0
480,RELHAR__ligand24047-0
481,RELHAR__ligand22557-0
482,RELHAR__ligand10589-0
483,RELHAR__ligand20011-0
484,RELHAR__ligand17278-0
485,RELHAR__ligand17982-0
486,RELHAR__ligand29414-0
487,RELHAR__ligand1604-0
488,RELHAR__ligand9943-0
489,RELHAR__ligand1228-0
490,RELHAR__ligand391-0
491,RELHAR__ligand3126-0
492,RELHAR__ligand813-0
493,RELHAR__ligand6391-0
494,RELHAR__ligand9284-0
495,RELHAR__ligand780-0
496,RELHAR__ligand314-0
497,RELHAR__ligand1114-0
498,RELHAR__ligand20251-1
499,RELHAR__ligand16475-0
500,RELHAR__ligand14703-0
501,RELHAR__ligand2417-0
502,RELHAR__ligand1289-0
503,RELHAR__ligand14117-0
504,RELHAR__ligand2203-0
505,RELHAR__ligand5387-0
506,RELHAR__ligand17261-0
507,RELHAR__ligand20539-0
508,RELHAR__ligand20251-0
509,RELHAR__ligand30702-0
510,RELHAR__ligand20214-0
511,RELHAR__ligand314-1
512,RELHAR__ligand21581-0
513,RELHAR__ligand31097-0
514,RELHAR__ligand29568-0
515,RELHAR__ligand9450-0
516,RELHAR__ligand14889-0
517,RELHAR__ligand30851-0
518,RELHAR__ligand2612-0
519,RELHAR__ligand20419-0
520,RELHAR__ligand21371-0
521,RELHAR__ligand17118-0
522,RELHAR__ligand465-0
523,RELHAR__ligand1599-0
524,RELHAR__ligand28789-0
525,RELHAR__ligand14723-0
526,RELHAR__ligand27893-0
527,RELHAR__ligand9344-0
528,RELHAR__ligand3736-0
529,RELHAR__ligand15422-0
530,RELHAR__ligand12934-0
531,RELHAR__ligand20578-0
532,RELHAR__ligand8000-0
533,RELHAR__ligand19641-0
534,RELHAR__ligand18832-0
535,RELHAR__ligand27175-0
536,RELHAR__ligand23713-0
537,RELHAR__ligand3945-0
538,RELHAR__ligand833-0
539,RELHAR__ligand43-0
540,RELHAR__ligand30988-0
541,RELHAR__ligand5383-0
542,RELHAR__ligand2693-0
543,RELHAR__ligand2985-0
544,RELHAR__ligand4007-0
545,RELHAR__ligand14297-0
546,RELHAR__ligand14603-0
547,RELHAR__ligand17258-0
548,RELHAR__ligand17631-0
549,RELHAR__ligand9299-0
550,RELHAR__ligand13012-0
551,RELHAR__ligand26665-0
552,RELHAR__ligand7291-0
553,RELHAR__ligand115-0
554,RELHAR__ligand31783-0
555,RELHAR__ligand9883-0
556,RELHAR__ligand3677-1
557,RELHAR__ligand30296-0
558,RELHAR__ligand17281-0
559,RELHAR__ligand3632-0
560,RELHAR__ligand395-0
561,RELHAR__ligand3677-0
562,RELHAR__ligand1168-0
563,RELHAR__ligand368-0
564,RELHAR__ligand26540-0
565,RELHAR__ligand12337-0
566,RELHAR__ligand1294-0
567,RELHAR__ligand29410-0
568,RELHAR__ligand6699-0
569,RELHAR__ligand30333-0
570,RELHAR__ligand12606-0
571,RELHAR__ligand1464-0
572,RELHAR__ligand3712-0
573,RELHAR__ligand27460-0
574,RELHAR__ligand1499-0
575,RELHAR__ligand2881-0
576,RELHAR__ligand784-0
577,RELHAR__ligand6892-0
578,RELHAR__ligand12427-0
579,RELHAR__ligand20740-0
580,RELHAR__ligand28468-0
581,RELHAR__ligand1211-0
582,RELHAR__ligand67-0
583,RELHAR__ligand16628-0
584,RELHAR__ligand4101-0
585,RELHAR__ligand5595-0
586,RELHAR__ligand10262-0
587,RELHAR__ligand28676-0
588,RELHAR__ligand27763-0
589,RELHAR__ligand18814-0
590,RELHAR__ligand4358-0
591,RELHAR__ligand19057-0
592,RELHAR__ligand3120-0
593,RELHAR__ligand487-0
594,RELHAR__ligand3926-0
595,RELHAR__ligand13425-0
596,RELHAR__ligand29302-0
597,RELHAR__ligand2221-0
598,RELHAR__ligand1296-0
599,RELHAR__ligand447-0
600,RELHAR__ligand14108-0
601,RELHAR__ligand2259-0
602,RELHAR__ligand746-0
603,RELHAR__ligand1197-0
604,RELHAR__ligand5099-0
605,RELHAR__ligand8592-0
606,RELHAR__ligand9773-0
607,RELHAR__ligand12641-0
608,RELHAR__ligand5510-0
609,RELHAR__ligand1376-0
610,RELHAR__ligand176-0
611,RELHAR__ligand10958-0
612,RELHAR__ligand24185-0
613,RELHAR__ligand9167-0
614,RELHAR__ligand5304-0
615,RELHAR__ligand23769-0
616,RELHAR__ligand2238-0
617,RELHAR__ligand25178-0
618,RELHAR__ligand17302-0
619,RELHAR__ligand17805-0
620,RELHAR__ligand2822-0
621,RELHAR__ligand7293-0
622,RELHAR__ligand1317-0
623,RELHAR__ligand3867-0
624,RELHAR__ligand152-0
625,RELHAR__ligand5509-0
626,RELHAR__ligand12289-0
627,RELHAR__ligand18292-0
628,RELHAR__ligand8002-0
629,RELHAR__ligand13658-0
630,RELHAR__ligand26702-0
631,RELHAR__ligand1407-0
632,RELHAR__ligand6117-0
633,RELHAR__ligand12130-0
634,RELHAR__ligand17387-0
635,RELHAR__ligand506-0
636,RELHAR__ligand12231-0
637,RELHAR__ligand15585-0
638,RELHAR__ligand12401-0
639,RELHAR__ligand24145-0
640,RELHAR__ligand7762-0
641,RELHAR__ligand10476-0
642,RELHAR__ligand5080-0
643,RELHAR__ligand19830-0
644,RELHAR__ligand13068-0
645,RELHAR__ligand21936-0
646,RELHAR__ligand13257-0
647,RELHAR__ligand560-0
648,RELHAR__ligand3416-0
649,RELHAR__ligand3453-0
650,RELHAR__ligand23904-0
651,RELHAR__ligand4207-0
652,RELHAR__ligand10084-0
653,RELHAR__ligand25267-0
654,RELHAR__ligand1539-0
655,RELHAR__ligand1150-0
656,RELHAR__ligand12467-0
657,RELHAR__ligand8200-0
658,RELHAR__ligand7438-0
659,RELHAR__ligand4063-0
660,RELHAR__ligand18391-0
661,RELHAR__ligand27169-0
662,RELHAR__ligand14523-0
663,RELHAR__ligand134-0
664,RELHAR__ligand3042-0
665,RELHAR__ligand27074-0
666,RELHAR__ligand20599-0
667,RELHAR__ligand235-0
668,RELHAR__ligand25805-0
669,RELHAR__ligand22981-0
670,RELHAR__ligand7075-0
671,RELHAR__ligand18799-0
672,RELHAR__ligand3557-0
673,RELHAR__ligand421-0
674,RELHAR__ligand3980-0
675,RELHAR__ligand1149-0
676,RELHAR__ligand18465-0
677,RELHAR__ligand1779-0
678,RELHAR__ligand685-0
679,RELHAR__ligand1817-0
680,RELHAR__ligand6993-0
681,RELHAR__ligand16791-0
682,RELHAR__ligand9750-0
683,RELHAR__ligand28668-0
684,RELHAR__ligand294-0
685,RELHAR__ligand29610-0
686,RELHAR__ligand4266-0
687,RELHAR__ligand1400-0
688,RELHAR__ligand9491-0
689,RELHAR__ligand11140-0
690,RELHAR__ligand4167-0
691,RELHAR__ligand1288-0
692,RELHAR__ligand18074-0
693,RELHAR__ligand13869-0
694,RELHAR__ligand29863-0
695,RELHAR__ligand12519-0
696,RELHAR__ligand25735-0
697,RELHAR__ligand1828-0
698,RELHAR__ligand197-0
699,RELHAR__ligand1397-0
700,RELHAR__ligand7213-0
701,RELHAR__ligand8042-0
702,RELHAR__ligand23124-0
703,RELHAR__ligand11206-0
704,RELHAR__ligand6112-0
705,RELHAR__ligand3144-0
706,RELHAR__ligand5085-0
707,RELHAR__ligand4710-0
708,RELHAR__ligand5755-0
709,RELHAR__ligand1908-0
710,RELHAR__ligand25650-0
711,RELHAR__ligand31248-0
712,RELHAR__ligand3285-0
713,RELHAR__ligand4795-0
714,RELHAR__ligand12660-0
715,RELHAR__ligand1786-0
716,RELHAR__ligand5630-0
717,RELHAR__ligand19257-0
718,RELHAR__ligand13209-0
719,RELHAR__ligand25689-0
720,RELHAR__ligand21787-0
721,RELHAR__ligand868-0
722,RELHAR__ligand18-0
723,RELHAR__ligand25575-0
724,RELHAR__ligand5614-0
725,RELHAR__ligand5280-0
726,RELHAR__ligand1831-0
727,RELHAR__ligand27835-0
728,RELHAR__ligand5515-0
729,RELHAR__ligand12295-0
730,RELHAR__ligand6663-0
731,RELHAR__ligand23906-0
732,RELHAR__ligand11166-0
733,RELHAR__ligand1849-0
734,RELHAR__ligand21132-0
735,RELHAR__ligand5019-0
736,RELHAR__ligand3261-0
737,RELHAR__ligand783-0
738,RELHAR__ligand352-0
739,RELHAR__ligand1152-0
740,RELHAR__ligand30539-0
741,RELHAR__ligand1216-0
742,RELHAR__ligand15438-0
743,RELHAR__ligand28924-0
744,RELHAR__ligand2001-0
745,RELHAR__ligand177-0
746,RELHAR__ligand7566-0
747,RELHAR__ligand29087-0
748,RELHAR__ligand1-0
749,RELHAR__ligand9944-0
750,RELHAR__ligand8593-0
751,RELHAR__ligand18703-0
752,RELHAR__ligand18013-0
753,RELHAR__ligand25224-0
754,RELHAR__ligand17945-0
755,RELHAR__ligand8553-0
756,RELHAR__ligand1113-0
757,RELHAR__ligand31578-0
758,RELHAR__ligand17207-0
759,RELHAR__ligand24750-0
760,RELHAR__ligand5201-0
761,RELHAR__ligand909-0
762,RELHAR__ligand372-0
763,RELHAR__ligand26277-0
764,RELHAR__ligand29898-0
765,RELHAR__ligand31618-0
766,RELHAR__ligand830-0
767,RELHAR__ligand11432-0
768,RELHAR__ligand10432-0
769,RELHAR__ligand5415-0
770,RELHAR__ligand22755-0
771,RELHAR__ligand193-0
772,RELHAR__ligand4124-0
773,RELHAR__ligand4161-0
774,RELHAR__ligand3471-0
775,RELHAR__ligand252-0
776,RELHAR__ligand6995-0
777,RELHAR__ligand24064-0
778,RELHAR__ligand2823-0
779,RELHAR__ligand116-0
780,RELHAR__ligand23589-0
781,RELHAR__ligand38-0
782,RELHAR__ligand2281-0
783,RELHAR__ligand2650-0
784,RELHAR__ligand4340-0
785,RELHAR__ligand15168-0
786,RELHAR__ligand3180-0
787,RELHAR__ligand31483-0
788,RELHAR__ligand2027-0
789,RELHAR__ligand10555-0
790,RELHAR__ligand1050-0
791,RELHAR__ligand250-0
792,RELHAR__ligand1015-0
793,RELHAR__ligand24613-0
794,RELHAR__ligand19725-0
795,RELHAR__ligand21421-0
796,RELHAR__ligand42-0
797,RELHAR__ligand1618-0
798,RELHAR__ligand11774-0
799,RELHAR__ligand370-0
800,RELHAR__ligand14586-0
801,RELHAR__ligand2692-0
802,RELHAR__ligand1028-0
803,RELHAR__ligand4262-0
804,RELHAR__ligand20579-0
805,RELHAR__ligand17710-0
806,RELHAR__ligand11568-0
807,RELHAR__ligand311-0
808,RELHAR__ligand785-0
809,RELHAR__ligand1154-0
810,RELHAR__ligand17240-0
811,RELHAR__ligand479-0
812,RELHAR__ligand17590-0
813,RELHAR__ligand66-0
814,RELHAR__ligand9615-0
815,RELHAR__ligand370-1
816,RELHAR__ligand620-0
817,RELHAR__ligand1498-0
818,RELHAR__ligand564-0
819,RELHAR__ligand4596-0
820,RELHAR__ligand12682-0
821,RELHAR__ligand18699-0
822,RELHAR__ligand188-0
823,RELHAR__ligand3-0
824,RELHAR__ligand13072-0
825,RELHAR__ligand1169-0
826,RELHAR__ligand8529-0
827,RELHAR__ligand12336-0
