,TMC
0,KULFUS__ligand2255-0
1,KULFUS__ligand113-0
2,KULFUS__ligand422-0
3,KULFUS__ligand3-0
4,KULFUS__ligand4175-0
5,KULFUS__ligand502-0
6,KULFUS__ligand196-0
7,KULFUS__ligand1918-0
8,KULFUS__ligand353-0
9,KULFUS__ligand4370-0
10,KULFUS__ligand236-0
11,KULFUS__ligand3618-0
12,KULFUS__ligand2618-0
13,KULFUS__ligand1436-0
14,KULFUS__ligand170-0
15,KULFUS__ligand1690-0
16,KULFUS__ligand2707-0
17,KULFUS__ligand391-0
18,KULFUS__ligand11-0
19,KULFUS__ligand481-0
20,KULFUS__ligand314-0
21,KULFUS__ligand1551-0
22,KULFUS__ligand15630-0
23,KULFUS__ligand2526-0
24,KULFUS__ligand10357-0
25,KULFUS__ligand3196-0
26,KULFUS__ligand4012-0
27,KULFUS__ligand2915-0
28,KULFUS__ligand210-0
29,KULFUS__ligand1-0
30,KULFUS__ligand291-0
31,KULFUS__ligand7550-0
32,KULFUS__ligand89-0
33,KULFUS__ligand2762-0
34,KULFUS__ligand1038-0
35,KULFUS__ligand49-0
36,KULFUS__ligand2253-0
37,KULFUS__ligand115-0
38,KULFUS__ligand1160-0
39,KULFUS__ligand5093-0
40,KULFUS__ligand2954-0
41,KULFUS__ligand3890-0
42,KULFUS__ligand4423-0
43,KULFUS__ligand1907-0
44,KULFUS__ligand1285-0
45,KULFUS__ligand1555-0
46,KULFUS__ligand784-0
47,KULFUS__ligand355-0
48,KULFUS__ligand7630-0
49,KULFUS__ligand485-0
50,KULFUS__ligand522-0
51,KULFUS__ligand5758-0
52,KULFUS__ligand666-0
53,KULFUS__ligand487-0
54,KULFUS__ligand17-0
55,KULFUS__ligand3478-0
56,KULFUS__ligand3852-0
57,KULFUS__ligand92-0
58,KULFUS__ligand447-0
59,KULFUS__ligand1818-0
60,KULFUS__ligand7456-0
61,KULFUS__ligand133-0
62,KULFUS__ligand4619-0
63,KULFUS__ligand5235-0
64,KULFUS__ligand6143-0
65,KULFUS__ligand682-0
66,KULFUS__ligand3251-0
67,KULFUS__ligand9176-0
68,KULFUS__ligand2718-0
69,KULFUS__ligand3035-0
70,KULFUS__ligand3070-0
71,KULFUS__ligand1493-0
72,KULFUS__ligand560-0
73,KULFUS__ligand525-0
74,KULFUS__ligand14530-0
75,KULFUS__ligand109-0
76,KULFUS__ligand55-0
77,KULFUS__ligand6571-0
78,KULFUS__ligand1325-0
79,KULFUS__ligand2482-0
80,KULFUS__ligand95-0
81,KULFUS__ligand2442-0
82,KULFUS__ligand390-0
83,KULFUS__ligand1019-0
84,KULFUS__ligand7414-0
85,KULFUS__ligand5762-0
86,KULFUS__ligand932-0
87,KULFUS__ligand134-0
88,KULFUS__ligand1104-0
89,KULFUS__ligand235-0
90,KULFUS__ligand798-0
91,KULFUS__ligand1379-0
92,KULFUS__ligand10910-0
93,KULFUS__ligand421-0
94,KULFUS__ligand1264-0
95,KULFUS__ligand1221-0
96,KULFUS__ligand916-0
97,KULFUS__ligand584-0
98,KULFUS__ligand6430-0
99,KULFUS__ligand1299-0
100,KULFUS__ligand294-0
101,KULFUS__ligand2929-0
102,KULFUS__ligand993-0
103,KULFUS__ligand331-0
104,KULFUS__ligand2376-0
105,KULFUS__ligand34-0
106,KULFUS__ligand197-0
107,KULFUS__ligand296-0
108,KULFUS__ligand1919-0
109,KULFUS__ligand73-0
110,KULFUS__ligand2389-0
111,KULFUS__ligand10114-0
112,KULFUS__ligand1712-0
113,KULFUS__ligand3579-0
114,KULFUS__ligand112-0
115,KULFUS__ligand2110-0
116,KULFUS__ligand2916-0
117,KULFUS__ligand1858-0
118,KULFUS__ligand868-0
119,KULFUS__ligand8032-0
120,KULFUS__ligand442-0
121,KULFUS__ligand136-0
122,KULFUS__ligand10479-0
123,KULFUS__ligand5334-0
124,KULFUS__ligand3051-0
125,KULFUS__ligand4504-0
126,KULFUS__ligand783-0
127,KULFUS__ligand352-0
128,KULFUS__ligand2480-0
129,KULFUS__ligand1898-0
130,KULFUS__ligand2315-0
131,KULFUS__ligand57-0
132,KULFUS__ligand177-0
133,KULFUS__ligand934-0
134,KULFUS__ligand1246-0
135,KULFUS__ligand6166-0
136,KULFUS__ligand851-0
137,KULFUS__ligand3853-0
138,KULFUS__ligand2853-0
139,KULFUS__ligand5089-0
140,KULFUS__ligand2599-0
141,KULFUS__ligand909-0
142,KULFUS__ligand1307-0
143,KULFUS__ligand32-0
144,KULFUS__ligand830-0
145,KULFUS__ligand193-0
146,KULFUS__ligand252-0
147,KULFUS__ligand955-0
148,KULFUS__ligand6-0
149,KULFUS__ligand1260-0
150,KULFUS__ligand4894-0
151,KULFUS__ligand250-0
152,KULFUS__ligand9620-0
153,KULFUS__ligand4-0
154,KULFUS__ligand460-0
155,KULFUS__ligand48-0
156,KULFUS__ligand3337-0
157,KULFUS__ligand7514-0
158,KULFUS__ligand370-0
159,KULFUS__ligand1449-1
160,KULFUS__ligand4811-0
161,KULFUS__ligand1321-0
162,KULFUS__ligand311-0
163,KULFUS__ligand51-0
164,KULFUS__ligand3566-0
165,KULFUS__ligand1178-0
166,KULFUS__ligand188-0
167,KULFUS__ligand29-0
168,KULFUS__ligand444-0
169,KULFUS__ligand1788-0
170,KULFUS__ligand369-0
171,KULFUS__ligand91-0
172,KULFUS__ligand278-0
173,KULFUS__ligand1248-0
174,KULFUS__ligand4303-0
175,KULFUS__ligand1598-0
176,KULFUS__ligand1054-0
177,KULFUS__ligand6294-0
178,KULFUS__ligand365-0
179,KULFUS__ligand358-0
180,KULFUS__ligand430-0
181,KULFUS__ligand18-0
182,KULFUS__ligand7464-0
183,KULFUS__ligand669-0
184,KULFUS__ligand509-0
185,KULFUS__ligand670-0
186,KULFUS__ligand118-0
187,KULFUS__ligand3637-0
188,KULFUS__ligand571-0
189,KULFUS__ligand8-0
190,KULFUS__ligand8774-0
191,KULFUS__ligand1607-0
192,KULFUS__ligand86-0
193,KULFUS__ligand383-0
194,KULFUS__ligand1727-0
195,KULFUS__ligand162-0
196,KULFUS__ligand1152-0
197,KULFUS__ligand226-0
198,KULFUS__ligand1703-0
199,KULFUS__ligand2430-0
200,KULFUS__ligand2907-0
201,KULFUS__ligand2510-0
202,KULFUS__ligand2285-0
203,KULFUS__ligand1567-0
204,KULFUS__ligand8921-0
205,KULFUS__ligand2862-0
206,KULFUS__ligand62-0
207,KULFUS__ligand2320-0
208,KULFUS__ligand1056-0
209,KULFUS__ligand142-0
210,KULFUS__ligand206-0
211,KULFUS__ligand1273-0
212,KULFUS__ligand436-0
213,KULFUS__ligand66-0
214,KULFUS__ligand821-0
215,KULFUS__ligand1052-0
216,KULFUS__ligand326-0
217,KULFUS__ligand553-0
218,KULFUS__ligand283-0
219,KULFUS__ligand4983-0
220,KULFUS__ligand2345-0
221,KULFUS__ligand2794-0
222,KULFUS__ligand1835-0
223,KULFUS__ligand497-0
224,KULFUS__ligand918-0
225,KULFUS__ligand633-0
226,KULFUS__ligand1502-0
227,KULFUS__ligand532-0
228,KULFUS__ligand6396-0
229,KULFUS__ligand1113-0
230,KULFUS__ligand166-0
231,KULFUS__ligand2265-0
232,KULFUS__ligand838-0
233,KULFUS__ligand9027-0
234,KULFUS__ligand927-0
235,KULFUS__ligand199-0
236,KULFUS__ligand2838-0
237,KULFUS__ligand3838-0
238,KULFUS__ligand1799-0
239,KULFUS__ligand38-0
240,KULFUS__ligand5941-0
241,KULFUS__ligand2880-0
242,KULFUS__ligand40-0
243,KULFUS__ligand575-0
244,KULFUS__ligand5022-0
245,KULFUS__ligand1169-0
246,KULFUS__ligand2864-0
247,KULFUS__ligand361-0
248,KULFUS__ligand324-0
249,KULFUS__ligand409-0
250,KULFUS__ligand21-0
251,KULFUS__ligand2142-0
252,KULFUS__ligand105-0
253,KULFUS__ligand140-0
254,KULFUS__ligand6538-0
255,KULFUS__ligand9495-0
256,KULFUS__ligand6151-0
257,KULFUS__ligand2772-0
258,KULFUS__ligand126-0
259,KULFUS__ligand2751-0
260,KULFUS__ligand3041-0
261,KULFUS__ligand2634-0
262,KULFUS__ligand1542-0
263,KULFUS__ligand2863-0
264,KULFUS__ligand366-0
265,KULFUS__ligand2098-0
266,KULFUS__ligand861-0
267,KULFUS__ligand6502-0
268,KULFUS__ligand612-0
269,KULFUS__ligand6332-0
270,KULFUS__ligand187-0
271,KULFUS__ligand3178-0
272,KULFUS__ligand3145-0
273,KULFUS__ligand596-0
274,KULFUS__ligand6686-0
275,KULFUS__ligand1747-0
276,KULFUS__ligand7915-0
277,KULFUS__ligand5548-0
278,KULFUS__ligand100-0
279,KULFUS__ligand3246-0
280,KULFUS__ligand244-0
281,KULFUS__ligand201-0
282,KULFUS__ligand321-0
283,KULFUS__ligand1479-0
284,KULFUS__ligand279-0
285,KULFUS__ligand1148-0
286,KULFUS__ligand178-0
287,KULFUS__ligand45-0
288,KULFUS__ligand119-0
289,KULFUS__ligand9244-0
290,KULFUS__ligand1228-0
291,KULFUS__ligand1538-0
292,KULFUS__ligand124-0
293,KULFUS__ligand1114-0
294,KULFUS__ligand78-0
295,KULFUS__ligand85-0
296,KULFUS__ligand1544-0
297,KULFUS__ligand1459-0
298,KULFUS__ligand3757-0
299,KULFUS__ligand384-0
300,KULFUS__ligand2087-0
301,KULFUS__ligand1048-0
302,KULFUS__ligand120-0
303,KULFUS__ligand1685-0
304,KULFUS__ligand240-0
305,KULFUS__ligand141-0
306,KULFUS__ligand1171-0
307,KULFUS__ligand5801-0
308,KULFUS__ligand3063-0
309,KULFUS__ligand1438-0
310,KULFUS__ligand67-0
311,KULFUS__ligand3734-0
312,KULFUS__ligand1706-0
313,KULFUS__ligand4381-0
314,KULFUS__ligand2629-0
315,KULFUS__ligand11730-0
316,KULFUS__ligand757-0
317,KULFUS__ligand6277-0
318,KULFUS__ligand1687-0
319,KULFUS__ligand1951-0
320,KULFUS__ligand2688-0
321,KULFUS__ligand2259-0
322,KULFUS__ligand797-0
323,KULFUS__ligand1376-0
324,KULFUS__ligand2768-0
