,TMC
0,MEMZIN__ligand10084-0
1,MEMZIN__ligand9753-0
2,MEMZIN__ligand1356-0
3,MEMZIN__ligand1787-0
4,MEMZIN__ligand5530-0
5,MEMZIN__ligand25267-0
6,MEMZIN__ligand5159-0
7,MEMZIN__ligand12467-0
8,MEMZIN__ligand7196-0
9,MEMZIN__ligand4807-0
10,MEMZIN__ligand21936-0
11,MEMZIN__ligand13257-0
12,MEMZIN__ligand23904-0
13,MEMZIN__ligand199-0
14,MEMZIN__ligand3178-0
15,MEMZIN__ligand2906-0
16,MEMZIN__ligand27074-0
17,MEMZIN__ligand20599-0
18,MEMZIN__ligand588-0
19,MEMZIN__ligand25805-0
20,MEMZIN__ligand22981-0
21,MEMZIN__ligand3244-0
22,MEMZIN__ligand4711-0
23,MEMZIN__ligand4649-0
24,MEMZIN__ligand2788-0
25,MEMZIN__ligand5649-0
26,MEMZIN__ligand8793-0
27,MEMZIN__ligand300-0
28,MEMZIN__ligand18391-0
29,MEMZIN__ligand14523-0
30,MEMZIN__ligand27169-0
31,MEMZIN__ligand2260-0
32,MEMZIN__ligand7092-0
33,MEMZIN__ligand1116-0
34,MEMZIN__ligand3225-0
35,MEMZIN__ligand1153-0
36,MEMZIN__ligand16791-0
37,MEMZIN__ligand28668-0
38,MEMZIN__ligand2124-0
39,MEMZIN__ligand8612-0
40,MEMZIN__ligand409-0
41,MEMZIN__ligand324-0
42,MEMZIN__ligand7172-0
43,MEMZIN__ligand361-0
44,MEMZIN__ligand38-0
45,MEMZIN__ligand9323-0
46,MEMZIN__ligand18799-0
47,MEMZIN__ligand7273-0
48,MEMZIN__ligand18465-0
49,MEMZIN__ligand13869-0
50,MEMZIN__ligand5180-0
51,MEMZIN__ligand18074-0
52,MEMZIN__ligand29863-0
53,MEMZIN__ligand29610-0
54,MEMZIN__ligand6017-0
55,MEMZIN__ligand5708-0
56,MEMZIN__ligand11140-0
57,MEMZIN__ligand7316-0
58,MEMZIN__ligand436-0
59,MEMZIN__ligand2043-0
60,MEMZIN__ligand42-0
61,MEMZIN__ligand1832-0
62,MEMZIN__ligand8788-0
63,MEMZIN__ligand1604-0
64,MEMZIN__ligand12519-0
65,MEMZIN__ligand25735-0
66,MEMZIN__ligand23124-0
67,MEMZIN__ligand692-0
68,MEMZIN__ligand11206-0
69,MEMZIN__ligand9943-0
70,MEMZIN__ligand1228-0
71,MEMZIN__ligand9284-0
72,MEMZIN__ligand12660-0
73,MEMZIN__ligand3126-0
74,MEMZIN__ligand6391-0
75,MEMZIN__ligand19257-0
76,MEMZIN__ligand13209-0
77,MEMZIN__ligand1114-0
78,MEMZIN__ligand2417-0
79,MEMZIN__ligand25650-0
80,MEMZIN__ligand31248-0
81,MEMZIN__ligand326-0
82,MEMZIN__ligand5387-0
83,MEMZIN__ligand2203-0
84,MEMZIN__ligand633-0
85,MEMZIN__ligand1289-0
86,MEMZIN__ligand27835-0
87,MEMZIN__ligand12295-0
88,MEMZIN__ligand25689-0
89,MEMZIN__ligand25575-0
90,MEMZIN__ligand21787-0
91,MEMZIN__ligand497-0
92,MEMZIN__ligand66-0
93,MEMZIN__ligand30539-0
94,MEMZIN__ligand9450-0
95,MEMZIN__ligand23906-0
96,MEMZIN__ligand2612-0
97,MEMZIN__ligand1599-0
98,MEMZIN__ligand11166-0
99,MEMZIN__ligand21132-0
100,MEMZIN__ligand29087-0
101,MEMZIN__ligand9344-0
102,MEMZIN__ligand8000-0
103,MEMZIN__ligand18703-0
104,MEMZIN__ligand3736-0
105,MEMZIN__ligand15438-0
106,MEMZIN__ligand3945-0
107,MEMZIN__ligand28924-0
108,MEMZIN__ligand5383-0
109,MEMZIN__ligand2693-0
110,MEMZIN__ligand24750-0
111,MEMZIN__ligand4007-0
112,MEMZIN__ligand162-0
113,MEMZIN__ligand2985-0
114,MEMZIN__ligand9299-0
115,MEMZIN__ligand226-0
116,MEMZIN__ligand416-0
117,MEMZIN__ligand18013-0
118,MEMZIN__ligand7291-0
119,MEMZIN__ligand25224-0
120,MEMZIN__ligand17945-0
121,MEMZIN__ligand383-0
122,MEMZIN__ligand17207-0
123,MEMZIN__ligand9883-0
124,MEMZIN__ligand3677-1
125,MEMZIN__ligand31578-0
126,MEMZIN__ligand3677-0
127,MEMZIN__ligand3632-0
128,MEMZIN__ligand696-0
129,MEMZIN__ligand1294-0
130,MEMZIN__ligand1168-0
131,MEMZIN__ligand6699-0
132,MEMZIN__ligand26277-0
133,MEMZIN__ligand29898-0
134,MEMZIN__ligand10432-0
135,MEMZIN__ligand31618-0
136,MEMZIN__ligand11432-0
137,MEMZIN__ligand22755-0
138,MEMZIN__ligand1464-0
139,MEMZIN__ligand3712-0
140,MEMZIN__ligand15168-0
141,MEMZIN__ligand2881-0
142,MEMZIN__ligand1499-0
143,MEMZIN__ligand656-0
144,MEMZIN__ligand6892-0
145,MEMZIN__ligand24064-0
146,MEMZIN__ligand23589-0
147,MEMZIN__ligand1211-0
148,MEMZIN__ligand5595-0
149,MEMZIN__ligand24613-0
150,MEMZIN__ligand4101-0
151,MEMZIN__ligand19725-0
152,MEMZIN__ligand3926-0
153,MEMZIN__ligand3120-0
154,MEMZIN__ligand31483-0
155,MEMZIN__ligand4358-0
156,MEMZIN__ligand10555-0
157,MEMZIN__ligand2221-0
158,MEMZIN__ligand2259-0
159,MEMZIN__ligand1296-0
160,MEMZIN__ligand8592-0
161,MEMZIN__ligand20579-0
162,MEMZIN__ligand17710-0
163,MEMZIN__ligand5099-0
164,MEMZIN__ligand11568-0
165,MEMZIN__ligand1197-0
166,MEMZIN__ligand694-0
167,MEMZIN__ligand1376-0
168,MEMZIN__ligand21421-0
169,MEMZIN__ligand430-0
170,MEMZIN__ligand5510-0
171,MEMZIN__ligand358-0
172,MEMZIN__ligand9773-0
173,MEMZIN__ligand488-0
174,MEMZIN__ligand11774-0
175,MEMZIN__ligand14586-0
176,MEMZIN__ligand5304-0
177,MEMZIN__ligand9167-0
178,MEMZIN__ligand12682-0
179,MEMZIN__ligand2238-0
180,MEMZIN__ligand18699-0
181,MEMZIN__ligand17240-0
182,MEMZIN__ligand17590-0
183,MEMZIN__ligand3867-0
184,MEMZIN__ligand1317-0
185,MEMZIN__ligand7293-0
186,MEMZIN__ligand2822-0
187,MEMZIN__ligand1407-0
188,MEMZIN__ligand6117-0
189,MEMZIN__ligand13072-0
190,MEMZIN__ligand8002-0
191,MEMZIN__ligand5509-0
192,MEMZIN__ligand18-0
193,MEMZIN__ligand12336-0
194,MEMZIN__ligand670-0
195,MEMZIN__ligand5080-0
196,MEMZIN__ligand571-0
197,MEMZIN__ligand534-0
198,MEMZIN__ligand7762-0
199,MEMZIN__ligand3453-0
200,MEMZIN__ligand3416-0
201,MEMZIN__ligand4207-0
202,MEMZIN__ligand1539-0
203,MEMZIN__ligand27482-0
204,MEMZIN__ligand26810-0
205,MEMZIN__ligand1150-0
206,MEMZIN__ligand13208-0
207,MEMZIN__ligand4063-0
208,MEMZIN__ligand8200-0
209,MEMZIN__ligand7438-0
210,MEMZIN__ligand20682-0
211,MEMZIN__ligand693-0
212,MEMZIN__ligand13390-0
213,MEMZIN__ligand3042-0
214,MEMZIN__ligand8-0
215,MEMZIN__ligand43-0
216,MEMZIN__ligand25411-0
217,MEMZIN__ligand7075-0
218,MEMZIN__ligand1149-0
219,MEMZIN__ligand3980-0
220,MEMZIN__ligand3557-0
221,MEMZIN__ligand122-0
222,MEMZIN__ligand6993-0
223,MEMZIN__ligand1817-0
224,MEMZIN__ligand67-0
225,MEMZIN__ligand757-0
226,MEMZIN__ligand10712-0
227,MEMZIN__ligand14174-0
228,MEMZIN__ligand1779-0
229,MEMZIN__ligand9750-0
230,MEMZIN__ligand11456-0
231,MEMZIN__ligand9491-0
232,MEMZIN__ligand12030-0
233,MEMZIN__ligand4266-0
234,MEMZIN__ligand1400-0
235,MEMZIN__ligand29879-0
236,MEMZIN__ligand14248-0
237,MEMZIN__ligand13331-0
238,MEMZIN__ligand28884-0
239,MEMZIN__ligand4167-0
240,MEMZIN__ligand1288-0
241,MEMZIN__ligand31832-0
242,MEMZIN__ligand13294-0
243,MEMZIN__ligand20011-0
244,MEMZIN__ligand17278-0
245,MEMZIN__ligand7213-0
246,MEMZIN__ligand1397-0
247,MEMZIN__ligand1828-0
248,MEMZIN__ligand29414-0
249,MEMZIN__ligand17982-0
250,MEMZIN__ligand768-0
251,MEMZIN__ligand6112-0
252,MEMZIN__ligand8042-0
253,MEMZIN__ligand17398-0
254,MEMZIN__ligand5085-0
255,MEMZIN__ligand3144-0
256,MEMZIN__ligand11675-0
257,MEMZIN__ligand20598-0
258,MEMZIN__ligand5755-0
259,MEMZIN__ligand22557-0
260,MEMZIN__ligand10589-0
261,MEMZIN__ligand4710-0
262,MEMZIN__ligand24047-0
263,MEMZIN__ligand14703-0
264,MEMZIN__ligand16475-0
265,MEMZIN__ligand1908-0
266,MEMZIN__ligand3285-0
267,MEMZIN__ligand4795-0
268,MEMZIN__ligand1786-0
269,MEMZIN__ligand20251-1
270,MEMZIN__ligand384-0
271,MEMZIN__ligand5630-0
272,MEMZIN__ligand20539-0
273,MEMZIN__ligand20251-0
274,MEMZIN__ligand240-0
275,MEMZIN__ligand30702-0
276,MEMZIN__ligand20214-0
277,MEMZIN__ligand21581-0
278,MEMZIN__ligand31097-0
279,MEMZIN__ligand141-0
280,MEMZIN__ligand1831-0
281,MEMZIN__ligand5280-0
282,MEMZIN__ligand5614-0
283,MEMZIN__ligand17261-0
284,MEMZIN__ligand14117-0
285,MEMZIN__ligand6663-0
286,MEMZIN__ligand5515-0
287,MEMZIN__ligand20419-0
288,MEMZIN__ligand17118-0
289,MEMZIN__ligand21371-0
290,MEMZIN__ligand1849-0
291,MEMZIN__ligand28789-0
292,MEMZIN__ligand29568-0
293,MEMZIN__ligand1152-0
294,MEMZIN__ligand3261-0
295,MEMZIN__ligand5019-0
296,MEMZIN__ligand30851-0
297,MEMZIN__ligand1216-0
298,MEMZIN__ligand14889-0
299,MEMZIN__ligand23713-0
300,MEMZIN__ligand18832-0
301,MEMZIN__ligand2001-0
302,MEMZIN__ligand27175-0
303,MEMZIN__ligand45-0
304,MEMZIN__ligand7566-0
305,MEMZIN__ligand30988-0
306,MEMZIN__ligand14723-0
307,MEMZIN__ligand27893-0
308,MEMZIN__ligand15422-0
309,MEMZIN__ligand8593-0
310,MEMZIN__ligand20578-0
311,MEMZIN__ligand12934-0
312,MEMZIN__ligand9944-0
313,MEMZIN__ligand19641-0
314,MEMZIN__ligand201-0
315,MEMZIN__ligand185-0
316,MEMZIN__ligand279-0
317,MEMZIN__ligand31783-0
318,MEMZIN__ligand1113-0
319,MEMZIN__ligand178-0
320,MEMZIN__ligand8553-0
321,MEMZIN__ligand78-0
322,MEMZIN__ligand14297-0
323,MEMZIN__ligand14603-0
324,MEMZIN__ligand17258-0
325,MEMZIN__ligand13012-0
326,MEMZIN__ligand17631-0
327,MEMZIN__ligand321-0
328,MEMZIN__ligand5201-0
329,MEMZIN__ligand26665-0
330,MEMZIN__ligand30333-0
331,MEMZIN__ligand12606-0
332,MEMZIN__ligand5415-0
333,MEMZIN__ligand30296-0
334,MEMZIN__ligand17281-0
335,MEMZIN__ligand4161-0
336,MEMZIN__ligand3471-0
337,MEMZIN__ligand4124-0
338,MEMZIN__ligand26540-0
339,MEMZIN__ligand19-0
340,MEMZIN__ligand29410-0
341,MEMZIN__ligand12337-0
342,MEMZIN__ligand12427-0
343,MEMZIN__ligand6995-0
344,MEMZIN__ligand24-0
345,MEMZIN__ligand20740-0
346,MEMZIN__ligand28468-0
347,MEMZIN__ligand338-0
348,MEMZIN__ligand16628-0
349,MEMZIN__ligand2823-0
350,MEMZIN__ligand4340-0
351,MEMZIN__ligand2281-0
352,MEMZIN__ligand2650-0
353,MEMZIN__ligand3180-0
354,MEMZIN__ligand27460-0
355,MEMZIN__ligand19057-0
356,MEMZIN__ligand18814-0
357,MEMZIN__ligand2027-0
358,MEMZIN__ligand1015-0
359,MEMZIN__ligand1050-0
360,MEMZIN__ligand13425-0
361,MEMZIN__ligand29302-0
362,MEMZIN__ligand126-0
363,MEMZIN__ligand163-0
364,MEMZIN__ligand10262-0
365,MEMZIN__ligand28676-0
366,MEMZIN__ligand27763-0
367,MEMZIN__ligand12641-0
368,MEMZIN__ligand10958-0
369,MEMZIN__ligand2692-0
370,MEMZIN__ligand1618-0
371,MEMZIN__ligand1028-0
372,MEMZIN__ligand845-0
373,MEMZIN__ligand14108-0
374,MEMZIN__ligand4262-0
375,MEMZIN__ligand17302-0
376,MEMZIN__ligand657-0
377,MEMZIN__ligand1154-0
378,MEMZIN__ligand9615-0
379,MEMZIN__ligand17805-0
380,MEMZIN__ligand187-0
381,MEMZIN__ligand366-0
382,MEMZIN__ligand24185-0
383,MEMZIN__ligand23769-0
384,MEMZIN__ligand4596-0
385,MEMZIN__ligand1498-0
386,MEMZIN__ligand25178-0
387,MEMZIN__ligand15585-0
388,MEMZIN__ligand12401-0
389,MEMZIN__ligand24145-0
390,MEMZIN__ligand777-0
391,MEMZIN__ligand10476-0
392,MEMZIN__ligand19830-0
393,MEMZIN__ligand13068-0
394,MEMZIN__ligand13658-0
395,MEMZIN__ligand26702-0
396,MEMZIN__ligand12289-0
397,MEMZIN__ligand18292-0
398,MEMZIN__ligand12130-0
399,MEMZIN__ligand17387-0
400,MEMZIN__ligand941-0
401,MEMZIN__ligand596-0
402,MEMZIN__ligand8529-0
403,MEMZIN__ligand12231-0
404,MEMZIN__ligand1169-0
405,MEMZIN__ligand10056-0
406,MEMZIN__ligand12365-0
407,MEMZIN__ligand5935-0
408,MEMZIN__ligand487-0
409,MEMZIN__ligand15531-0
410,MEMZIN__ligand28743-0
411,MEMZIN__ligand13862-0
412,MEMZIN__ligand11357-0
413,MEMZIN__ligand1379-0
414,MEMZIN__ligand2722-0
415,MEMZIN__ligand3157-0
416,MEMZIN__ligand22294-0
417,MEMZIN__ligand28930-0
418,MEMZIN__ligand22168-0
419,MEMZIN__ligand1165-0
420,MEMZIN__ligand21919-0
421,MEMZIN__ligand9525-0
422,MEMZIN__ligand11970-0
423,MEMZIN__ligand5056-0
424,MEMZIN__ligand176-0
425,MEMZIN__ligand4850-0
426,MEMZIN__ligand1688-0
427,MEMZIN__ligand15883-0
428,MEMZIN__ligand5357-0
429,MEMZIN__ligand3647-0
430,MEMZIN__ligand447-0
431,MEMZIN__ligand3871-0
432,MEMZIN__ligand24230-0
433,MEMZIN__ligand11096-0
434,MEMZIN__ligand11447-0
435,MEMZIN__ligand1469-0
436,MEMZIN__ligand28810-0
437,MEMZIN__ligand10828-0
438,MEMZIN__ligand746-0
439,MEMZIN__ligand19792-0
440,MEMZIN__ligand1768-0
441,MEMZIN__ligand15926-0
442,MEMZIN__ligand30711-0
443,MEMZIN__ligand20207-0
444,MEMZIN__ligand11682-0
445,MEMZIN__ligand152-0
446,MEMZIN__ligand2527-0
447,MEMZIN__ligand1709-0
448,MEMZIN__ligand8464-0
449,MEMZIN__ligand8349-0
450,MEMZIN__ligand25913-0
451,MEMZIN__ligand16988-0
452,MEMZIN__ligand17-0
453,MEMZIN__ligand3392-0
454,MEMZIN__ligand16663-0
455,MEMZIN__ligand1771-0
456,MEMZIN__ligand4911-0
457,MEMZIN__ligand14614-0
458,MEMZIN__ligand5849-0
459,MEMZIN__ligand24035-0
460,MEMZIN__ligand11994-0
461,MEMZIN__ligand31842-0
462,MEMZIN__ligand31044-0
463,MEMZIN__ligand506-0
464,MEMZIN__ligand2328-0
465,MEMZIN__ligand1773-0
466,MEMZIN__ligand4581-0
467,MEMZIN__ligand833-0
468,MEMZIN__ligand10371-0
469,MEMZIN__ligand3029-0
470,MEMZIN__ligand7162-0
471,MEMZIN__ligand13672-0
472,MEMZIN__ligand1900-0
473,MEMZIN__ligand28685-0
474,MEMZIN__ligand18568-0
475,MEMZIN__ligand9197-0
476,MEMZIN__ligand3208-0
477,MEMZIN__ligand2208-0
478,MEMZIN__ligand115-0
479,MEMZIN__ligand19184-0
480,MEMZIN__ligand6672-0
481,MEMZIN__ligand9809-0
482,MEMZIN__ligand1327-0
483,MEMZIN__ligand8722-0
484,MEMZIN__ligand7573-0
485,MEMZIN__ligand28459-0
486,MEMZIN__ligand2781-0
487,MEMZIN__ligand3350-0
488,MEMZIN__ligand18448-0
489,MEMZIN__ligand12453-0
490,MEMZIN__ligand1533-0
491,MEMZIN__ligand13477-0
492,MEMZIN__ligand14167-0
493,MEMZIN__ligand7557-0
494,MEMZIN__ligand395-0
495,MEMZIN__ligand1496-0
496,MEMZIN__ligand89-0
497,MEMZIN__ligand368-0
498,MEMZIN__ligand27669-0
499,MEMZIN__ligand30142-0
500,MEMZIN__ligand29029-0
501,MEMZIN__ligand27285-0
502,MEMZIN__ligand784-0
503,MEMZIN__ligand4131-0
504,MEMZIN__ligand1712-0
505,MEMZIN__ligand49-0
506,MEMZIN__ligand23197-0
507,MEMZIN__ligand5094-0
508,MEMZIN__ligand5892-0
509,MEMZIN__ligand6283-0
510,MEMZIN__ligand26529-0
511,MEMZIN__ligand391-0
512,MEMZIN__ligand5813-0
513,MEMZIN__ligand4813-0
514,MEMZIN__ligand11618-0
515,MEMZIN__ligand4738-0
516,MEMZIN__ligand618-0
517,MEMZIN__ligand6062-0
518,MEMZIN__ligand19927-0
519,MEMZIN__ligand14043-0
520,MEMZIN__ligand26324-0
521,MEMZIN__ligand3215-0
522,MEMZIN__ligand28559-0
523,MEMZIN__ligand813-0
524,MEMZIN__ligand27239-0
525,MEMZIN__ligand21729-0
526,MEMZIN__ligand314-0
527,MEMZIN__ligand780-0
528,MEMZIN__ligand7107-0
529,MEMZIN__ligand1147-0
530,MEMZIN__ligand314-1
531,MEMZIN__ligand29215-0
532,MEMZIN__ligand3973-0
533,MEMZIN__ligand12003-0
534,MEMZIN__ligand2068-0
535,MEMZIN__ligand16148-0
536,MEMZIN__ligand26631-0
537,MEMZIN__ligand7925-0
538,MEMZIN__ligand10872-0
539,MEMZIN__ligand69-0
540,MEMZIN__ligand21399-0
541,MEMZIN__ligand22403-0
542,MEMZIN__ligand7532-0
543,MEMZIN__ligand11-0
544,MEMZIN__ligand465-0
545,MEMZIN__ligand4194-0
546,MEMZIN__ligand2599-0
547,MEMZIN__ligand20695-0
548,MEMZIN__ligand27754-0
549,MEMZIN__ligand4330-0
550,MEMZIN__ligand11111-0
551,MEMZIN__ligand28540-0
552,MEMZIN__ligand16369-0
553,MEMZIN__ligand13385-0
554,MEMZIN__ligand1449-0
555,MEMZIN__ligand422-0
556,MEMZIN__ligand3012-0
557,MEMZIN__ligand14569-0
558,MEMZIN__ligand22444-0
559,MEMZIN__ligand7530-0
560,MEMZIN__ligand1065-0
561,MEMZIN__ligand24111-0
562,MEMZIN__ligand9681-0
563,MEMZIN__ligand13220-0
564,MEMZIN__ligand11587-0
565,MEMZIN__ligand686-0
566,MEMZIN__ligand15788-0
567,MEMZIN__ligand23175-0
568,MEMZIN__ligand4332-0
569,MEMZIN__ligand17396-0
570,MEMZIN__ligand30728-0
571,MEMZIN__ligand3934-0
572,MEMZIN__ligand27840-0
573,MEMZIN__ligand196-0
574,MEMZIN__ligand6882-0
575,MEMZIN__ligand24872-0
576,MEMZIN__ligand6455-0
577,MEMZIN__ligand24644-0
578,MEMZIN__ligand2403-0
579,MEMZIN__ligand10033-0
580,MEMZIN__ligand12001-0
581,MEMZIN__ligand11949-0
582,MEMZIN__ligand24780-0
583,MEMZIN__ligand9148-0
584,MEMZIN__ligand12138-0
585,MEMZIN__ligand22129-0
586,MEMZIN__ligand1415-0
587,MEMZIN__ligand6946-0
588,MEMZIN__ligand353-0
589,MEMZIN__ligand25561-0
590,MEMZIN__ligand7529-0
591,MEMZIN__ligand4-0
592,MEMZIN__ligand5627-0
593,MEMZIN__ligand393-0
594,MEMZIN__ligand31694-0
595,MEMZIN__ligand1729-0
596,MEMZIN__ligand2830-0
597,MEMZIN__ligand29486-0
598,MEMZIN__ligand5316-0
599,MEMZIN__ligand17427-0
600,MEMZIN__ligand5483-0
601,MEMZIN__ligand4641-0
602,MEMZIN__ligand51-0
603,MEMZIN__ligand10151-0
604,MEMZIN__ligand250-0
605,MEMZIN__ligand19906-0
606,MEMZIN__ligand19668-0
607,MEMZIN__ligand1142-0
608,MEMZIN__ligand3234-0
609,MEMZIN__ligand22353-0
610,MEMZIN__ligand2028-0
611,MEMZIN__ligand8835-0
612,MEMZIN__ligand91-0
613,MEMZIN__ligand370-0
614,MEMZIN__ligand7126-0
615,MEMZIN__ligand370-1
616,MEMZIN__ligand24851-0
617,MEMZIN__ligand620-0
618,MEMZIN__ligand7819-0
619,MEMZIN__ligand14302-0
620,MEMZIN__ligand14347-0
621,MEMZIN__ligand13657-0
622,MEMZIN__ligand11698-0
623,MEMZIN__ligand564-0
624,MEMZIN__ligand20530-0
625,MEMZIN__ligand2917-0
626,MEMZIN__ligand11479-0
627,MEMZIN__ligand6102-0
628,MEMZIN__ligand3721-0
629,MEMZIN__ligand6904-0
630,MEMZIN__ligand6596-0
631,MEMZIN__ligand27610-0
632,MEMZIN__ligand10479-0
633,MEMZIN__ligand785-0
634,MEMZIN__ligand311-0
635,MEMZIN__ligand479-0
636,MEMZIN__ligand3465-0
637,MEMZIN__ligand10853-0
638,MEMZIN__ligand48-0
639,MEMZIN__ligand29441-0
640,MEMZIN__ligand3-0
641,MEMZIN__ligand4620-0
642,MEMZIN__ligand29813-0
643,MEMZIN__ligand16952-0
644,MEMZIN__ligand2295-0
645,MEMZIN__ligand20220-0
646,MEMZIN__ligand1577-0
647,MEMZIN__ligand6067-0
648,MEMZIN__ligand188-0
649,MEMZIN__ligand20121-0
650,MEMZIN__ligand15387-0
651,MEMZIN__ligand2332-0
652,MEMZIN__ligand31205-0
653,MEMZIN__ligand32-0
654,MEMZIN__ligand9441-0
655,MEMZIN__ligand17686-0
656,MEMZIN__ligand25658-0
657,MEMZIN__ligand11177-0
658,MEMZIN__ligand177-0
659,MEMZIN__ligand1631-0
660,MEMZIN__ligand9933-0
661,MEMZIN__ligand15455-0
662,MEMZIN__ligand1575-0
663,MEMZIN__ligand1530-0
664,MEMZIN__ligand3156-0
665,MEMZIN__ligand2915-0
666,MEMZIN__ligand16870-0
667,MEMZIN__ligand909-0
668,MEMZIN__ligand11622-0
669,MEMZIN__ligand11814-0
670,MEMZIN__ligand1-0
671,MEMZIN__ligand6244-0
672,MEMZIN__ligand16603-0
673,MEMZIN__ligand1378-0
674,MEMZIN__ligand8992-0
675,MEMZIN__ligand11606-0
676,MEMZIN__ligand9601-0
677,MEMZIN__ligand31000-0
678,MEMZIN__ligand193-0
679,MEMZIN__ligand6124-0
680,MEMZIN__ligand26673-0
681,MEMZIN__ligand3707-0
682,MEMZIN__ligand372-0
683,MEMZIN__ligand7967-0
684,MEMZIN__ligand4116-0
685,MEMZIN__ligand830-0
686,MEMZIN__ligand20821-0
687,MEMZIN__ligand1018-0
688,MEMZIN__ligand5643-0
689,MEMZIN__ligand16-0
690,MEMZIN__ligand1823-0
691,MEMZIN__ligand8721-0
692,MEMZIN__ligand18067-0
693,MEMZIN__ligand1324-0
694,MEMZIN__ligand19824-0
695,MEMZIN__ligand252-0
696,MEMZIN__ligand9952-0
697,MEMZIN__ligand9111-0
698,MEMZIN__ligand11252-0
699,MEMZIN__ligand2526-0
700,MEMZIN__ligand5036-0
701,MEMZIN__ligand116-0
702,MEMZIN__ligand1615-0
703,MEMZIN__ligand13260-0
704,MEMZIN__ligand10582-0
705,MEMZIN__ligand4157-0
706,MEMZIN__ligand5256-0
707,MEMZIN__ligand7648-0
708,MEMZIN__ligand2828-0
709,MEMZIN__ligand8876-0
710,MEMZIN__ligand9833-0
711,MEMZIN__ligand9291-0
712,MEMZIN__ligand20557-0
713,MEMZIN__ligand2176-0
714,MEMZIN__ligand197-0
715,MEMZIN__ligand30004-0
716,MEMZIN__ligand2232-0
717,MEMZIN__ligand1285-0
718,MEMZIN__ligand21940-0
719,MEMZIN__ligand25048-0
720,MEMZIN__ligand7000-0
721,MEMZIN__ligand1982-0
722,MEMZIN__ligand6768-0
723,MEMZIN__ligand8115-0
724,MEMZIN__ligand16133-0
725,MEMZIN__ligand13755-0
726,MEMZIN__ligand20432-0
727,MEMZIN__ligand27122-0
728,MEMZIN__ligand4546-0
729,MEMZIN__ligand4503-0
730,MEMZIN__ligand23445-0
731,MEMZIN__ligand24953-0
732,MEMZIN__ligand57-0
733,MEMZIN__ligand1219-0
734,MEMZIN__ligand6709-0
735,MEMZIN__ligand7867-0
736,MEMZIN__ligand14339-0
737,MEMZIN__ligand13691-0
738,MEMZIN__ligand30788-0
739,MEMZIN__ligand4016-0
740,MEMZIN__ligand21752-0
741,MEMZIN__ligand868-0
742,MEMZIN__ligand7238-0
743,MEMZIN__ligand7280-0
744,MEMZIN__ligand1304-0
745,MEMZIN__ligand1790-0
746,MEMZIN__ligand7629-0
747,MEMZIN__ligand24560-0
748,MEMZIN__ligand4272-0
749,MEMZIN__ligand1451-0
750,MEMZIN__ligand352-0
751,MEMZIN__ligand18757-0
752,MEMZIN__ligand783-0
753,MEMZIN__ligand9784-0
754,MEMZIN__ligand24624-0
755,MEMZIN__ligand20844-0
756,MEMZIN__ligand18413-0
757,MEMZIN__ligand1160-0
758,MEMZIN__ligand8699-0
759,MEMZIN__ligand9520-0
760,MEMZIN__ligand3954-0
761,MEMZIN__ligand4442-0
762,MEMZIN__ligand4093-0
763,MEMZIN__ligand7242-0
764,MEMZIN__ligand27550-0
765,MEMZIN__ligand7106-0
766,MEMZIN__ligand1263-0
767,MEMZIN__ligand9908-0
768,MEMZIN__ligand560-0
769,MEMZIN__ligand14007-0
770,MEMZIN__ligand18019-1
771,MEMZIN__ligand134-0
772,MEMZIN__ligand3504-0
773,MEMZIN__ligand23682-0
774,MEMZIN__ligand1959-0
775,MEMZIN__ligand29565-0
776,MEMZIN__ligand235-0
777,MEMZIN__ligand27771-0
778,MEMZIN__ligand1573-0
779,MEMZIN__ligand1536-0
780,MEMZIN__ligand9935-0
781,MEMZIN__ligand18158-0
782,MEMZIN__ligand3718-0
783,MEMZIN__ligand16956-0
784,MEMZIN__ligand21339-0
785,MEMZIN__ligand14226-0
786,MEMZIN__ligand20942-1
787,MEMZIN__ligand6616-0
788,MEMZIN__ligand3876-0
789,MEMZIN__ligand1343-0
790,MEMZIN__ligand3035-0
791,MEMZIN__ligand1844-0
792,MEMZIN__ligand34-0
793,MEMZIN__ligand4661-0
794,MEMZIN__ligand14477-0
795,MEMZIN__ligand5331-0
796,MEMZIN__ligand685-0
797,MEMZIN__ligand17069-0
798,MEMZIN__ligand1512-0
799,MEMZIN__ligand17445-0
800,MEMZIN__ligand3565-0
801,MEMZIN__ligand20731-0
802,MEMZIN__ligand55-0
803,MEMZIN__ligand29334-0
804,MEMZIN__ligand12413-0
805,MEMZIN__ligand2485-0
806,MEMZIN__ligand421-0
807,MEMZIN__ligand11798-0
808,MEMZIN__ligand3852-0
809,MEMZIN__ligand6919-0
810,MEMZIN__ligand21448-0
811,MEMZIN__ligand5211-0
812,MEMZIN__ligand68-0
813,MEMZIN__ligand3094-0
814,MEMZIN__ligand4155-0
815,MEMZIN__ligand11758-0
816,MEMZIN__ligand22357-0
817,MEMZIN__ligand4720-0
818,MEMZIN__ligand294-0
819,MEMZIN__ligand29214-0
820,MEMZIN__ligand3131-0
821,MEMZIN__ligand3174-0
822,MEMZIN__ligand1202-0
823,MEMZIN__ligand3937-0
824,MEMZIN__ligand8969-0
825,MEMZIN__ligand11544-0
826,MEMZIN__ligand11501-0
827,MEMZIN__ligand6839-0
