,TMC
0,VIYYOS__ligand1104-0
1,VIYYOS__ligand5762-0
2,VIYYOS__ligand7414-0
3,VIYYOS__ligand571-0
4,VIYYOS__ligand118-0
5,VIYYOS__ligand670-0
6,VIYYOS__ligand1019-0
7,VIYYOS__ligand2442-0
8,VIYYOS__ligand6571-0
9,VIYYOS__ligand2482-0
10,VIYYOS__ligand1325-0
11,VIYYOS__ligand509-0
12,VIYYOS__ligand49-0
13,VIYYOS__ligand430-0
14,VIYYOS__ligand2376-0
15,VIYYOS__ligand358-0
16,VIYYOS__ligand669-0
17,VIYYOS__ligand2929-0
18,VIYYOS__ligand1264-0
19,VIYYOS__ligand1221-0
20,VIYYOS__ligand1299-0
21,VIYYOS__ligand6430-0
22,VIYYOS__ligand278-0
23,VIYYOS__ligand365-0
24,VIYYOS__ligand89-0
25,VIYYOS__ligand1379-0
26,VIYYOS__ligand3579-0
27,VIYYOS__ligand2110-0
28,VIYYOS__ligand2916-0
29,VIYYOS__ligand1712-0
30,VIYYOS__ligand2389-0
31,VIYYOS__ligand11730-0
32,VIYYOS__ligand1919-0
33,VIYYOS__ligand1898-0
34,VIYYOS__ligand383-0
35,VIYYOS__ligand2480-0
36,VIYYOS__ligand3051-0
37,VIYYOS__ligand4504-0
38,VIYYOS__ligand92-0
39,VIYYOS__ligand2315-0
40,VIYYOS__ligand226-0
41,VIYYOS__ligand5334-0
42,VIYYOS__ligand162-0
43,VIYYOS__ligand1858-0
44,VIYYOS__ligand17-0
45,VIYYOS__ligand8032-0
46,VIYYOS__ligand2599-0
47,VIYYOS__ligand5089-0
48,VIYYOS__ligand166-0
49,VIYYOS__ligand2853-0
50,VIYYOS__ligand838-0
51,VIYYOS__ligand3853-0
52,VIYYOS__ligand6166-0
53,VIYYOS__ligand497-0
54,VIYYOS__ligand532-0
55,VIYYOS__ligand633-0
56,VIYYOS__ligand1246-0
57,VIYYOS__ligand918-0
58,VIYYOS__ligand326-0
59,VIYYOS__ligand821-0
60,VIYYOS__ligand283-0
61,VIYYOS__ligand553-0
62,VIYYOS__ligand206-0
63,VIYYOS__ligand142-0
64,VIYYOS__ligand1307-0
65,VIYYOS__ligand436-0
66,VIYYOS__ligand105-0
67,VIYYOS__ligand140-0
68,VIYYOS__ligand1449-1
69,VIYYOS__ligand4811-0
70,VIYYOS__ligand7514-0
71,VIYYOS__ligand3337-0
72,VIYYOS__ligand409-0
73,VIYYOS__ligand361-0
74,VIYYOS__ligand324-0
75,VIYYOS__ligand9620-0
76,VIYYOS__ligand4894-0
77,VIYYOS__ligand1260-0
78,VIYYOS__ligand1788-0
79,VIYYOS__ligand8-0
80,VIYYOS__ligand11-0
81,VIYYOS__ligand575-0
82,VIYYOS__ligand1178-0
83,VIYYOS__ligand199-0
84,VIYYOS__ligand3566-0
85,VIYYOS__ligand927-0
86,VIYYOS__ligand1321-0
87,VIYYOS__ligand596-0
88,VIYYOS__ligand1918-0
89,VIYYOS__ligand861-0
90,VIYYOS__ligand32-0
91,VIYYOS__ligand366-0
92,VIYYOS__ligand4175-0
93,VIYYOS__ligand2255-0
94,VIYYOS__ligand187-0
95,VIYYOS__ligand612-0
96,VIYYOS__ligand1436-0
97,VIYYOS__ligand2618-0
98,VIYYOS__ligand3618-0
99,VIYYOS__ligand4370-0
100,VIYYOS__ligand126-0
101,VIYYOS__ligand124-0
102,VIYYOS__ligand1551-0
103,VIYYOS__ligand2526-0
104,VIYYOS__ligand91-0
105,VIYYOS__ligand29-0
106,VIYYOS__ligand2707-0
107,VIYYOS__ligand51-0
108,VIYYOS__ligand1690-0
109,VIYYOS__ligand119-0
110,VIYYOS__ligand321-0
111,VIYYOS__ligand2915-0
112,VIYYOS__ligand178-0
113,VIYYOS__ligand279-0
114,VIYYOS__ligand3196-0
115,VIYYOS__ligand4012-0
116,VIYYOS__ligand244-0
117,VIYYOS__ligand201-0
118,VIYYOS__ligand100-0
119,VIYYOS__ligand48-0
120,VIYYOS__ligand1160-0
121,VIYYOS__ligand2253-0
122,VIYYOS__ligand5093-0
123,VIYYOS__ligand2954-0
124,VIYYOS__ligand34-0
125,VIYYOS__ligand2762-0
126,VIYYOS__ligand1038-0
127,VIYYOS__ligand7550-0
128,VIYYOS__ligand141-0
129,VIYYOS__ligand240-0
130,VIYYOS__ligand7630-0
131,VIYYOS__ligand384-0
132,VIYYOS__ligand95-0
133,VIYYOS__ligand1285-0
134,VIYYOS__ligand120-0
135,VIYYOS__ligand1555-0
136,VIYYOS__ligand4423-0
137,VIYYOS__ligand1907-0
138,VIYYOS__ligand3890-0
139,VIYYOS__ligand55-0
140,VIYYOS__ligand7456-0
141,VIYYOS__ligand57-0
142,VIYYOS__ligand797-0
143,VIYYOS__ligand1818-0
144,VIYYOS__ligand3478-0
145,VIYYOS__ligand757-0
146,VIYYOS__ligand3852-0
147,VIYYOS__ligand5758-0
148,VIYYOS__ligand3035-0
149,VIYYOS__ligand3070-0
150,VIYYOS__ligand2718-0
151,VIYYOS__ligand1493-0
152,VIYYOS__ligand9176-0
153,VIYYOS__ligand3251-0
154,VIYYOS__ligand4619-0
155,VIYYOS__ligand6143-0
156,VIYYOS__ligand5235-0
157,VIYYOS__ligand73-0
158,VIYYOS__ligand1542-0
159,VIYYOS__ligand2634-0
160,VIYYOS__ligand236-0
161,VIYYOS__ligand3041-0
162,VIYYOS__ligand2751-0
163,VIYYOS__ligand353-0
164,VIYYOS__ligand1747-0
165,VIYYOS__ligand6686-0
166,VIYYOS__ligand5548-0
167,VIYYOS__ligand66-0
168,VIYYOS__ligand7915-0
169,VIYYOS__ligand3145-0
170,VIYYOS__ligand502-0
171,VIYYOS__ligand196-0
172,VIYYOS__ligand6332-0
173,VIYYOS__ligand113-0
174,VIYYOS__ligand3178-0
175,VIYYOS__ligand2863-0
176,VIYYOS__ligand6502-0
177,VIYYOS__ligand422-0
178,VIYYOS__ligand2098-0
179,VIYYOS__ligand210-0
180,VIYYOS__ligand1148-0
181,VIYYOS__ligand1479-0
182,VIYYOS__ligand21-0
183,VIYYOS__ligand3246-0
184,VIYYOS__ligand314-0
185,VIYYOS__ligand481-0
186,VIYYOS__ligand40-0
187,VIYYOS__ligand1538-0
188,VIYYOS__ligand1114-0
189,VIYYOS__ligand9244-0
190,VIYYOS__ligand170-0
191,VIYYOS__ligand1228-0
192,VIYYOS__ligand38-0
193,VIYYOS__ligand391-0
194,VIYYOS__ligand14530-0
195,VIYYOS__ligand1685-0
196,VIYYOS__ligand485-0
197,VIYYOS__ligand3757-0
198,VIYYOS__ligand1048-0
199,VIYYOS__ligand784-0
200,VIYYOS__ligand355-0
201,VIYYOS__ligand2087-0
202,VIYYOS__ligand1459-0
203,VIYYOS__ligand1544-0
204,VIYYOS__ligand10910-0
205,VIYYOS__ligand18-0
206,VIYYOS__ligand1438-0
207,VIYYOS__ligand1-0
208,VIYYOS__ligand3063-0
209,VIYYOS__ligand5801-0
210,VIYYOS__ligand115-0
211,VIYYOS__ligand291-0
212,VIYYOS__ligand1171-0
213,VIYYOS__ligand4381-0
214,VIYYOS__ligand2629-0
215,VIYYOS__ligand62-0
216,VIYYOS__ligand3734-0
217,VIYYOS__ligand1706-0
218,VIYYOS__ligand10114-0
219,VIYYOS__ligand3-0
220,VIYYOS__ligand682-0
221,VIYYOS__ligand2768-0
222,VIYYOS__ligand1376-0
223,VIYYOS__ligand447-0
224,VIYYOS__ligand86-0
225,VIYYOS__ligand2259-0
226,VIYYOS__ligand2688-0
227,VIYYOS__ligand133-0
228,VIYYOS__ligand666-0
229,VIYYOS__ligand1687-0
230,VIYYOS__ligand522-0
231,VIYYOS__ligand10479-0
232,VIYYOS__ligand1951-0
233,VIYYOS__ligand6277-0
234,VIYYOS__ligand487-0
235,VIYYOS__ligand993-0
236,VIYYOS__ligand7464-0
237,VIYYOS__ligand294-0
238,VIYYOS__ligand331-0
239,VIYYOS__ligand421-0
240,VIYYOS__ligand1054-0
241,VIYYOS__ligand798-0
242,VIYYOS__ligand4-0
243,VIYYOS__ligand6294-0
244,VIYYOS__ligand4303-0
245,VIYYOS__ligand916-0
246,VIYYOS__ligand584-0
247,VIYYOS__ligand1248-0
248,VIYYOS__ligand1598-0
249,VIYYOS__ligand8774-0
250,VIYYOS__ligand390-0
251,VIYYOS__ligand235-0
252,VIYYOS__ligand932-0
253,VIYYOS__ligand134-0
254,VIYYOS__ligand3637-0
255,VIYYOS__ligand109-0
256,VIYYOS__ligand560-0
257,VIYYOS__ligand525-0
258,VIYYOS__ligand1152-0
259,VIYYOS__ligand1727-0
260,VIYYOS__ligand783-0
261,VIYYOS__ligand352-0
262,VIYYOS__ligand442-0
263,VIYYOS__ligand868-0
264,VIYYOS__ligand136-0
265,VIYYOS__ligand1607-0
266,VIYYOS__ligand2862-0
267,VIYYOS__ligand6-0
268,VIYYOS__ligand1056-0
269,VIYYOS__ligand2320-0
270,VIYYOS__ligand2510-0
271,VIYYOS__ligand8921-0
272,VIYYOS__ligand112-0
273,VIYYOS__ligand1567-0
274,VIYYOS__ligand2285-0
275,VIYYOS__ligand2907-0
276,VIYYOS__ligand296-0
277,VIYYOS__ligand197-0
278,VIYYOS__ligand2430-0
279,VIYYOS__ligand1703-0
280,VIYYOS__ligand67-0
281,VIYYOS__ligand955-0
282,VIYYOS__ligand252-0
283,VIYYOS__ligand1052-0
284,VIYYOS__ligand830-0
285,VIYYOS__ligand193-0
286,VIYYOS__ligand1273-0
287,VIYYOS__ligand9027-0
288,VIYYOS__ligand851-0
289,VIYYOS__ligand909-0
290,VIYYOS__ligand6396-0
291,VIYYOS__ligand2265-0
292,VIYYOS__ligand1113-0
293,VIYYOS__ligand1502-0
294,VIYYOS__ligand177-0
295,VIYYOS__ligand934-0
296,VIYYOS__ligand4983-0
297,VIYYOS__ligand1835-0
298,VIYYOS__ligand2794-0
299,VIYYOS__ligand2345-0
300,VIYYOS__ligand1169-0
301,VIYYOS__ligand5022-0
302,VIYYOS__ligand188-0
303,VIYYOS__ligand369-0
304,VIYYOS__ligand85-0
305,VIYYOS__ligand444-0
306,VIYYOS__ligand78-0
307,VIYYOS__ligand3838-0
308,VIYYOS__ligand1799-0
309,VIYYOS__ligand2838-0
310,VIYYOS__ligand45-0
311,VIYYOS__ligand311-0
312,VIYYOS__ligand2880-0
313,VIYYOS__ligand5941-0
314,VIYYOS__ligand10357-0
315,VIYYOS__ligand15630-0
316,VIYYOS__ligand6538-0
317,VIYYOS__ligand370-0
318,VIYYOS__ligand2772-0
319,VIYYOS__ligand6151-0
320,VIYYOS__ligand9495-0
321,VIYYOS__ligand2142-0
322,VIYYOS__ligand250-0
323,VIYYOS__ligand2864-0
324,VIYYOS__ligand460-0
