,TMC
0,UJOMEN__ligand1849-0
1,UJOMEN__ligand201-0
2,UJOMEN__ligand15168-0
3,UJOMEN__ligand3261-0
4,UJOMEN__ligand1152-0
5,UJOMEN__ligand24064-0
6,UJOMEN__ligand5019-0
7,UJOMEN__ligand1216-0
8,UJOMEN__ligand23589-0
9,UJOMEN__ligand321-0
10,UJOMEN__ligand1831-0
11,UJOMEN__ligand5614-0
12,UJOMEN__ligand279-0
13,UJOMEN__ligand5280-0
14,UJOMEN__ligand185-0
15,UJOMEN__ligand29898-0
16,UJOMEN__ligand26277-0
17,UJOMEN__ligand6663-0
18,UJOMEN__ligand11432-0
19,UJOMEN__ligand31618-0
20,UJOMEN__ligand178-0
21,UJOMEN__ligand10432-0
22,UJOMEN__ligand5515-0
23,UJOMEN__ligand22755-0
24,UJOMEN__ligand1908-0
25,UJOMEN__ligand24750-0
26,UJOMEN__ligand4795-0
27,UJOMEN__ligand3285-0
28,UJOMEN__ligand25224-0
29,UJOMEN__ligand18013-0
30,UJOMEN__ligand1786-0
31,UJOMEN__ligand17945-0
32,UJOMEN__ligand31578-0
33,UJOMEN__ligand5630-0
34,UJOMEN__ligand17207-0
35,UJOMEN__ligand7213-0
36,UJOMEN__ligand1397-0
37,UJOMEN__ligand29087-0
38,UJOMEN__ligand1828-0
39,UJOMEN__ligand6112-0
40,UJOMEN__ligand8042-0
41,UJOMEN__ligand18703-0
42,UJOMEN__ligand15438-0
43,UJOMEN__ligand5085-0
44,UJOMEN__ligand28924-0
45,UJOMEN__ligand3144-0
46,UJOMEN__ligand338-0
47,UJOMEN__ligand5755-0
48,UJOMEN__ligand4710-0
49,UJOMEN__ligand9491-0
50,UJOMEN__ligand126-0
51,UJOMEN__ligand163-0
52,UJOMEN__ligand78-0
53,UJOMEN__ligand13072-0
54,UJOMEN__ligand1400-0
55,UJOMEN__ligand4266-0
56,UJOMEN__ligand12336-0
57,UJOMEN__ligand4167-0
58,UJOMEN__ligand1288-0
59,UJOMEN__ligand845-0
60,UJOMEN__ligand7075-0
61,UJOMEN__ligand1149-0
62,UJOMEN__ligand3557-0
63,UJOMEN__ligand3980-0
64,UJOMEN__ligand18699-0
65,UJOMEN__ligand12682-0
66,UJOMEN__ligand1817-0
67,UJOMEN__ligand6993-0
68,UJOMEN__ligand17240-0
69,UJOMEN__ligand1779-0
70,UJOMEN__ligand4-0
71,UJOMEN__ligand17590-0
72,UJOMEN__ligand45-0
73,UJOMEN__ligand9750-0
74,UJOMEN__ligand4063-0
75,UJOMEN__ligand366-0
76,UJOMEN__ligand8200-0
77,UJOMEN__ligand7438-0
78,UJOMEN__ligand17710-0
79,UJOMEN__ligand20579-0
80,UJOMEN__ligand11568-0
81,UJOMEN__ligand657-0
82,UJOMEN__ligand24-0
83,UJOMEN__ligand21421-0
84,UJOMEN__ligand3042-0
85,UJOMEN__ligand187-0
86,UJOMEN__ligand14586-0
87,UJOMEN__ligand11774-0
88,UJOMEN__ligand3416-0
89,UJOMEN__ligand3453-0
90,UJOMEN__ligand24613-0
91,UJOMEN__ligand19-0
92,UJOMEN__ligand4207-0
93,UJOMEN__ligand19725-0
94,UJOMEN__ligand941-0
95,UJOMEN__ligand596-0
96,UJOMEN__ligand31483-0
97,UJOMEN__ligand1539-0
98,UJOMEN__ligand777-0
99,UJOMEN__ligand10555-0
100,UJOMEN__ligand1150-0
101,UJOMEN__ligand18074-0
102,UJOMEN__ligand13869-0
103,UJOMEN__ligand29863-0
104,UJOMEN__ligand29610-0
105,UJOMEN__ligand11140-0
106,UJOMEN__ligand8529-0
107,UJOMEN__ligand1169-0
108,UJOMEN__ligand16791-0
109,UJOMEN__ligand1154-0
110,UJOMEN__ligand9615-0
111,UJOMEN__ligand28668-0
112,UJOMEN__ligand18799-0
113,UJOMEN__ligand4596-0
114,UJOMEN__ligand1498-0
115,UJOMEN__ligand18465-0
116,UJOMEN__ligand693-0
117,UJOMEN__ligand27074-0
118,UJOMEN__ligand757-0
119,UJOMEN__ligand2692-0
120,UJOMEN__ligand20599-0
121,UJOMEN__ligand1618-0
122,UJOMEN__ligand22981-0
123,UJOMEN__ligand25805-0
124,UJOMEN__ligand1028-0
125,UJOMEN__ligand18391-0
126,UJOMEN__ligand122-0
127,UJOMEN__ligand27169-0
128,UJOMEN__ligand4262-0
129,UJOMEN__ligand14523-0
130,UJOMEN__ligand2027-0
131,UJOMEN__ligand10084-0
132,UJOMEN__ligand25267-0
133,UJOMEN__ligand1050-0
134,UJOMEN__ligand1015-0
135,UJOMEN__ligand12467-0
136,UJOMEN__ligand21936-0
137,UJOMEN__ligand13257-0
138,UJOMEN__ligand23904-0
139,UJOMEN__ligand6995-0
140,UJOMEN__ligand30539-0
141,UJOMEN__ligand43-0
142,UJOMEN__ligand2823-0
143,UJOMEN__ligand4340-0
144,UJOMEN__ligand2281-0
145,UJOMEN__ligand2650-0
146,UJOMEN__ligand768-0
147,UJOMEN__ligand23906-0
148,UJOMEN__ligand3180-0
149,UJOMEN__ligand11166-0
150,UJOMEN__ligand21132-0
151,UJOMEN__ligand27835-0
152,UJOMEN__ligand384-0
153,UJOMEN__ligand12295-0
154,UJOMEN__ligand5415-0
155,UJOMEN__ligand25689-0
156,UJOMEN__ligand21787-0
157,UJOMEN__ligand25575-0
158,UJOMEN__ligand4124-0
159,UJOMEN__ligand3471-0
160,UJOMEN__ligand4161-0
161,UJOMEN__ligand12660-0
162,UJOMEN__ligand1113-0
163,UJOMEN__ligand13209-0
164,UJOMEN__ligand19257-0
165,UJOMEN__ligand8553-0
166,UJOMEN__ligand25650-0
167,UJOMEN__ligand240-0
168,UJOMEN__ligand31248-0
169,UJOMEN__ligand141-0
170,UJOMEN__ligand5201-0
171,UJOMEN__ligand2001-0
172,UJOMEN__ligand67-0
173,UJOMEN__ligand7566-0
174,UJOMEN__ligand25735-0
175,UJOMEN__ligand12519-0
176,UJOMEN__ligand8593-0
177,UJOMEN__ligand23124-0
178,UJOMEN__ligand9944-0
179,UJOMEN__ligand11206-0
180,UJOMEN__ligand12427-0
181,UJOMEN__ligand28468-0
182,UJOMEN__ligand20740-0
183,UJOMEN__ligand9450-0
184,UJOMEN__ligand16628-0
185,UJOMEN__ligand2612-0
186,UJOMEN__ligand27460-0
187,UJOMEN__ligand1599-0
188,UJOMEN__ligand2203-0
189,UJOMEN__ligand5387-0
190,UJOMEN__ligand1289-0
191,UJOMEN__ligand30333-0
192,UJOMEN__ligand416-0
193,UJOMEN__ligand12606-0
194,UJOMEN__ligand383-0
195,UJOMEN__ligand162-0
196,UJOMEN__ligand30296-0
197,UJOMEN__ligand17281-0
198,UJOMEN__ligand26540-0
199,UJOMEN__ligand226-0
200,UJOMEN__ligand12337-0
201,UJOMEN__ligand29410-0
202,UJOMEN__ligand9284-0
203,UJOMEN__ligand3126-0
204,UJOMEN__ligand6391-0
205,UJOMEN__ligand31783-0
206,UJOMEN__ligand1114-0
207,UJOMEN__ligand2417-0
208,UJOMEN__ligand14603-0
209,UJOMEN__ligand14297-0
210,UJOMEN__ligand696-0
211,UJOMEN__ligand17258-0
212,UJOMEN__ligand17631-0
213,UJOMEN__ligand18-0
214,UJOMEN__ligand13012-0
215,UJOMEN__ligand26665-0
216,UJOMEN__ligand27175-0
217,UJOMEN__ligand656-0
218,UJOMEN__ligand18832-0
219,UJOMEN__ligand23713-0
220,UJOMEN__ligand2043-0
221,UJOMEN__ligand1832-0
222,UJOMEN__ligand30988-0
223,UJOMEN__ligand8788-0
224,UJOMEN__ligand14723-0
225,UJOMEN__ligand1604-0
226,UJOMEN__ligand27893-0
227,UJOMEN__ligand12934-0
228,UJOMEN__ligand20578-0
229,UJOMEN__ligand15422-0
230,UJOMEN__ligand9943-0
231,UJOMEN__ligand19641-0
232,UJOMEN__ligand1228-0
233,UJOMEN__ligand12401-0
234,UJOMEN__ligand15585-0
235,UJOMEN__ligand24145-0
236,UJOMEN__ligand5180-0
237,UJOMEN__ligand10476-0
238,UJOMEN__ligand13068-0
239,UJOMEN__ligand19830-0
240,UJOMEN__ligand18292-0
241,UJOMEN__ligand12289-0
242,UJOMEN__ligand26702-0
243,UJOMEN__ligand13658-0
244,UJOMEN__ligand6017-0
245,UJOMEN__ligand17387-0
246,UJOMEN__ligand12130-0
247,UJOMEN__ligand5708-0
248,UJOMEN__ligand12231-0
249,UJOMEN__ligand7316-0
250,UJOMEN__ligand17302-0
251,UJOMEN__ligand358-0
252,UJOMEN__ligand7092-0
253,UJOMEN__ligand2260-0
254,UJOMEN__ligand1153-0
255,UJOMEN__ligand3225-0
256,UJOMEN__ligand1116-0
257,UJOMEN__ligand430-0
258,UJOMEN__ligand488-0
259,UJOMEN__ligand2124-0
260,UJOMEN__ligand17805-0
261,UJOMEN__ligand8612-0
262,UJOMEN__ligand24185-0
263,UJOMEN__ligand7172-0
264,UJOMEN__ligand23769-0
265,UJOMEN__ligand9323-0
266,UJOMEN__ligand694-0
267,UJOMEN__ligand25178-0
268,UJOMEN__ligand7273-0
269,UJOMEN__ligand12641-0
270,UJOMEN__ligand2906-0
271,UJOMEN__ligand10958-0
272,UJOMEN__ligand4711-0
273,UJOMEN__ligand3244-0
274,UJOMEN__ligand4649-0
275,UJOMEN__ligand14108-0
276,UJOMEN__ligand8793-0
277,UJOMEN__ligand2788-0
278,UJOMEN__ligand5649-0
279,UJOMEN__ligand670-0
280,UJOMEN__ligand18814-0
281,UJOMEN__ligand9753-0
282,UJOMEN__ligand19057-0
283,UJOMEN__ligand1356-0
284,UJOMEN__ligand1787-0
285,UJOMEN__ligand5530-0
286,UJOMEN__ligand571-0
287,UJOMEN__ligand534-0
288,UJOMEN__ligand5159-0
289,UJOMEN__ligand29302-0
290,UJOMEN__ligand13425-0
291,UJOMEN__ligand7196-0
292,UJOMEN__ligand4807-0
293,UJOMEN__ligand28676-0
294,UJOMEN__ligand10262-0
295,UJOMEN__ligand27763-0
296,UJOMEN__ligand3178-0
297,UJOMEN__ligand12030-0
298,UJOMEN__ligand6117-0
299,UJOMEN__ligand1407-0
300,UJOMEN__ligand14248-0
301,UJOMEN__ligand29879-0
302,UJOMEN__ligand5509-0
303,UJOMEN__ligand8002-0
304,UJOMEN__ligand28884-0
305,UJOMEN__ligand199-0
306,UJOMEN__ligand13331-0
307,UJOMEN__ligand31832-0
308,UJOMEN__ligand7762-0
309,UJOMEN__ligand5080-0
310,UJOMEN__ligand13294-0
311,UJOMEN__ligand5304-0
312,UJOMEN__ligand25411-0
313,UJOMEN__ligand9167-0
314,UJOMEN__ligand300-0
315,UJOMEN__ligand2238-0
316,UJOMEN__ligand14174-0
317,UJOMEN__ligand10712-0
318,UJOMEN__ligand42-0
319,UJOMEN__ligand11456-0
320,UJOMEN__ligand1317-0
321,UJOMEN__ligand3-0
322,UJOMEN__ligand3867-0
323,UJOMEN__ligand2822-0
324,UJOMEN__ligand7293-0
325,UJOMEN__ligand588-0
326,UJOMEN__ligand324-0
327,UJOMEN__ligand2259-0
328,UJOMEN__ligand361-0
329,UJOMEN__ligand1296-0
330,UJOMEN__ligand409-0
331,UJOMEN__ligand5099-0
332,UJOMEN__ligand8592-0
333,UJOMEN__ligand20682-0
334,UJOMEN__ligand1197-0
335,UJOMEN__ligand1376-0
336,UJOMEN__ligand13390-0
337,UJOMEN__ligand5510-0
338,UJOMEN__ligand66-0
339,UJOMEN__ligand9773-0
340,UJOMEN__ligand5595-0
341,UJOMEN__ligand4101-0
342,UJOMEN__ligand3120-0
343,UJOMEN__ligand3926-0
344,UJOMEN__ligand4358-0
345,UJOMEN__ligand26810-0
346,UJOMEN__ligand27482-0
347,UJOMEN__ligand2221-0
348,UJOMEN__ligand13208-0
349,UJOMEN__ligand20419-0
350,UJOMEN__ligand3712-0
351,UJOMEN__ligand1464-0
352,UJOMEN__ligand21371-0
353,UJOMEN__ligand17118-0
354,UJOMEN__ligand2881-0
355,UJOMEN__ligand1499-0
356,UJOMEN__ligand692-0
357,UJOMEN__ligand28789-0
358,UJOMEN__ligand29568-0
359,UJOMEN__ligand436-0
360,UJOMEN__ligand6892-0
361,UJOMEN__ligand14889-0
362,UJOMEN__ligand30851-0
363,UJOMEN__ligand1211-0
364,UJOMEN__ligand3632-0
365,UJOMEN__ligand3677-0
366,UJOMEN__ligand20539-0
367,UJOMEN__ligand20214-0
368,UJOMEN__ligand30702-0
369,UJOMEN__ligand20251-0
370,UJOMEN__ligand1294-0
371,UJOMEN__ligand326-0
372,UJOMEN__ligand1168-0
373,UJOMEN__ligand31097-0
374,UJOMEN__ligand21581-0
375,UJOMEN__ligand6699-0
376,UJOMEN__ligand14117-0
377,UJOMEN__ligand17261-0
378,UJOMEN__ligand4007-0
379,UJOMEN__ligand16475-0
380,UJOMEN__ligand14703-0
381,UJOMEN__ligand2985-0
382,UJOMEN__ligand497-0
383,UJOMEN__ligand9299-0
384,UJOMEN__ligand1-0
385,UJOMEN__ligand7291-0
386,UJOMEN__ligand633-0
387,UJOMEN__ligand20251-1
388,UJOMEN__ligand9883-0
389,UJOMEN__ligand3677-1
390,UJOMEN__ligand9344-0
391,UJOMEN__ligand17278-0
392,UJOMEN__ligand20011-0
393,UJOMEN__ligand17982-0
394,UJOMEN__ligand29414-0
395,UJOMEN__ligand8000-0
396,UJOMEN__ligand38-0
397,UJOMEN__ligand3736-0
398,UJOMEN__ligand3945-0
399,UJOMEN__ligand17398-0
400,UJOMEN__ligand20598-0
401,UJOMEN__ligand2693-0
402,UJOMEN__ligand5383-0
403,UJOMEN__ligand11675-0
404,UJOMEN__ligand24047-0
405,UJOMEN__ligand10589-0
406,UJOMEN__ligand22557-0
407,UJOMEN__ligand197-0
408,UJOMEN__ligand22403-0
409,UJOMEN__ligand5643-0
410,UJOMEN__ligand1823-0
411,UJOMEN__ligand8721-0
412,UJOMEN__ligand34-0
413,UJOMEN__ligand1324-0
414,UJOMEN__ligand9111-0
415,UJOMEN__ligand9952-0
416,UJOMEN__ligand27754-0
417,UJOMEN__ligand20695-0
418,UJOMEN__ligand5036-0
419,UJOMEN__ligand2526-0
420,UJOMEN__ligand28540-0
421,UJOMEN__ligand1615-0
422,UJOMEN__ligand11111-0
423,UJOMEN__ligand16369-0
424,UJOMEN__ligand8992-0
425,UJOMEN__ligand29215-0
426,UJOMEN__ligand9601-0
427,UJOMEN__ligand3707-0
428,UJOMEN__ligand6124-0
429,UJOMEN__ligand7967-0
430,UJOMEN__ligand12003-0
431,UJOMEN__ligand26631-0
432,UJOMEN__ligand16148-0
433,UJOMEN__ligand21399-0
434,UJOMEN__ligand4116-0
435,UJOMEN__ligand10872-0
436,UJOMEN__ligand1018-0
437,UJOMEN__ligand3156-0
438,UJOMEN__ligand2915-0
439,UJOMEN__ligand868-0
440,UJOMEN__ligand19927-0
441,UJOMEN__ligand14043-0
442,UJOMEN__ligand28559-0
443,UJOMEN__ligand26324-0
444,UJOMEN__ligand6244-0
445,UJOMEN__ligand21729-0
446,UJOMEN__ligand27239-0
447,UJOMEN__ligand1378-0
448,UJOMEN__ligand68-0
449,UJOMEN__ligand55-0
450,UJOMEN__ligand2332-0
451,UJOMEN__ligand26529-0
452,UJOMEN__ligand9441-0
453,UJOMEN__ligand11618-0
454,UJOMEN__ligand783-0
455,UJOMEN__ligand352-0
456,UJOMEN__ligand1631-0
457,UJOMEN__ligand9933-0
458,UJOMEN__ligand1530-0
459,UJOMEN__ligand1575-0
460,UJOMEN__ligand31694-0
461,UJOMEN__ligand560-0
462,UJOMEN__ligand4620-0
463,UJOMEN__ligand57-0
464,UJOMEN__ligand29486-0
465,UJOMEN__ligand2295-0
466,UJOMEN__ligand6067-0
467,UJOMEN__ligand1577-0
468,UJOMEN__ligand17427-0
469,UJOMEN__ligand11949-0
470,UJOMEN__ligand7819-0
471,UJOMEN__ligand12138-0
472,UJOMEN__ligand24780-0
473,UJOMEN__ligand2917-0
474,UJOMEN__ligand22129-0
475,UJOMEN__ligand6904-0
476,UJOMEN__ligand3721-0
477,UJOMEN__ligand6596-0
478,UJOMEN__ligand6102-0
479,UJOMEN__ligand25561-0
480,UJOMEN__ligand134-0
481,UJOMEN__ligand3465-0
482,UJOMEN__ligand235-0
483,UJOMEN__ligand30728-0
484,UJOMEN__ligand27840-0
485,UJOMEN__ligand3234-0
486,UJOMEN__ligand1142-0
487,UJOMEN__ligand421-0
488,UJOMEN__ligand24872-0
489,UJOMEN__ligand685-0
490,UJOMEN__ligand24644-0
491,UJOMEN__ligand10033-0
492,UJOMEN__ligand2028-0
493,UJOMEN__ligand8835-0
494,UJOMEN__ligand12001-0
495,UJOMEN__ligand7126-0
496,UJOMEN__ligand13385-0
497,UJOMEN__ligand14569-0
498,UJOMEN__ligand294-0
499,UJOMEN__ligand4641-0
500,UJOMEN__ligand24111-0
501,UJOMEN__ligand22444-0
502,UJOMEN__ligand11587-0
503,UJOMEN__ligand13220-0
504,UJOMEN__ligand23175-0
505,UJOMEN__ligand15788-0
506,UJOMEN__ligand17396-0
507,UJOMEN__ligand16663-0
508,UJOMEN__ligand5211-0
509,UJOMEN__ligand250-0
510,UJOMEN__ligand3094-0
511,UJOMEN__ligand14614-0
512,UJOMEN__ligand4155-0
513,UJOMEN__ligand4720-0
514,UJOMEN__ligand24035-0
515,UJOMEN__ligand3937-0
516,UJOMEN__ligand1202-0
517,UJOMEN__ligand3174-0
518,UJOMEN__ligand3131-0
519,UJOMEN__ligand11994-0
520,UJOMEN__ligand8969-0
521,UJOMEN__ligand6839-0
522,UJOMEN__ligand31044-0
523,UJOMEN__ligand31842-0
524,UJOMEN__ligand20207-0
525,UJOMEN__ligand30711-0
526,UJOMEN__ligand5331-0
527,UJOMEN__ligand1512-0
528,UJOMEN__ligand11682-0
529,UJOMEN__ligand370-0
530,UJOMEN__ligand3565-0
531,UJOMEN__ligand16988-0
532,UJOMEN__ligand25913-0
533,UJOMEN__ligand2485-0
534,UJOMEN__ligand3852-0
535,UJOMEN__ligand6919-0
536,UJOMEN__ligand32-0
537,UJOMEN__ligand479-0
538,UJOMEN__ligand11970-0
539,UJOMEN__ligand3504-0
540,UJOMEN__ligand1959-0
541,UJOMEN__ligand785-0
542,UJOMEN__ligand311-0
543,UJOMEN__ligand15883-0
544,UJOMEN__ligand1536-0
545,UJOMEN__ligand1573-0
546,UJOMEN__ligand9935-0
547,UJOMEN__ligand24230-0
548,UJOMEN__ligand3718-0
549,UJOMEN__ligand620-0
550,UJOMEN__ligand16-0
551,UJOMEN__ligand370-1
552,UJOMEN__ligand28810-0
553,UJOMEN__ligand3035-0
554,UJOMEN__ligand1343-0
555,UJOMEN__ligand3876-0
556,UJOMEN__ligand6616-0
557,UJOMEN__ligand11447-0
558,UJOMEN__ligand11096-0
559,UJOMEN__ligand19792-0
560,UJOMEN__ligand10828-0
561,UJOMEN__ligand564-0
562,UJOMEN__ligand15926-0
563,UJOMEN__ligand4661-0
564,UJOMEN__ligand1844-0
565,UJOMEN__ligand7242-0
566,UJOMEN__ligand12365-0
567,UJOMEN__ligand188-0
568,UJOMEN__ligand10056-0
569,UJOMEN__ligand13862-0
570,UJOMEN__ligand11357-0
571,UJOMEN__ligand28743-0
572,UJOMEN__ligand15531-0
573,UJOMEN__ligand7106-0
574,UJOMEN__ligand22294-0
575,UJOMEN__ligand1263-0
576,UJOMEN__ligand9908-0
577,UJOMEN__ligand22168-0
578,UJOMEN__ligand28930-0
579,UJOMEN__ligand21919-0
580,UJOMEN__ligand7629-0
581,UJOMEN__ligand177-0
582,UJOMEN__ligand27285-0
583,UJOMEN__ligand29029-0
584,UJOMEN__ligand1451-0
585,UJOMEN__ligand4272-0
586,UJOMEN__ligand91-0
587,UJOMEN__ligand9784-0
588,UJOMEN__ligand1160-0
589,UJOMEN__ligand8699-0
590,UJOMEN__ligand9520-0
591,UJOMEN__ligand23197-0
592,UJOMEN__ligand4442-0
593,UJOMEN__ligand4093-0
594,UJOMEN__ligand3954-0
595,UJOMEN__ligand6709-0
596,UJOMEN__ligand1219-0
597,UJOMEN__ligand7867-0
598,UJOMEN__ligand4016-0
599,UJOMEN__ligand14167-0
600,UJOMEN__ligand13477-0
601,UJOMEN__ligand7238-0
602,UJOMEN__ligand7280-0
603,UJOMEN__ligand909-0
604,UJOMEN__ligand27669-0
605,UJOMEN__ligand1790-0
606,UJOMEN__ligand1304-0
607,UJOMEN__ligand51-0
608,UJOMEN__ligand30142-0
609,UJOMEN__ligand1285-0
610,UJOMEN__ligand19184-0
611,UJOMEN__ligand372-0
612,UJOMEN__ligand7000-0
613,UJOMEN__ligand1982-0
614,UJOMEN__ligand6768-0
615,UJOMEN__ligand830-0
616,UJOMEN__ligand8115-0
617,UJOMEN__ligand4503-0
618,UJOMEN__ligand4546-0
619,UJOMEN__ligand193-0
620,UJOMEN__ligand28459-0
621,UJOMEN__ligand12453-0
622,UJOMEN__ligand18448-0
623,UJOMEN__ligand4157-0
624,UJOMEN__ligand252-0
625,UJOMEN__ligand10371-0
626,UJOMEN__ligand5256-0
627,UJOMEN__ligand48-0
628,UJOMEN__ligand2828-0
629,UJOMEN__ligand116-0
630,UJOMEN__ligand8876-0
631,UJOMEN__ligand7648-0
632,UJOMEN__ligand9833-0
633,UJOMEN__ligand9291-0
634,UJOMEN__ligand13672-0
635,UJOMEN__ligand2176-0
636,UJOMEN__ligand18568-0
637,UJOMEN__ligand2232-0
638,UJOMEN__ligand28685-0
639,UJOMEN__ligand618-0
640,UJOMEN__ligand18757-0
641,UJOMEN__ligand24560-0
642,UJOMEN__ligand1712-0
643,UJOMEN__ligand4131-0
644,UJOMEN__ligand18413-0
645,UJOMEN__ligand20844-0
646,UJOMEN__ligand24624-0
647,UJOMEN__ligand391-0
648,UJOMEN__ligand5892-0
649,UJOMEN__ligand5094-0
650,UJOMEN__ligand1533-0
651,UJOMEN__ligand14339-0
652,UJOMEN__ligand813-0
653,UJOMEN__ligand30788-0
654,UJOMEN__ligand13691-0
655,UJOMEN__ligand314-0
656,UJOMEN__ligand780-0
657,UJOMEN__ligand21752-0
658,UJOMEN__ligand7557-0
659,UJOMEN__ligand1496-0
660,UJOMEN__ligand21940-0
661,UJOMEN__ligand3208-0
662,UJOMEN__ligand2208-0
663,UJOMEN__ligand25048-0
664,UJOMEN__ligand314-1
665,UJOMEN__ligand1327-0
666,UJOMEN__ligand6672-0
667,UJOMEN__ligand16133-0
668,UJOMEN__ligand13755-0
669,UJOMEN__ligand9809-0
670,UJOMEN__ligand27122-0
671,UJOMEN__ligand20432-0
672,UJOMEN__ligand8722-0
673,UJOMEN__ligand2781-0
674,UJOMEN__ligand7573-0
675,UJOMEN__ligand3350-0
676,UJOMEN__ligand24953-0
677,UJOMEN__ligand23445-0
678,UJOMEN__ligand2328-0
679,UJOMEN__ligand4581-0
680,UJOMEN__ligand1773-0
681,UJOMEN__ligand3029-0
682,UJOMEN__ligand7162-0
683,UJOMEN__ligand30004-0
684,UJOMEN__ligand20557-0
685,UJOMEN__ligand1900-0
686,UJOMEN__ligand465-0
687,UJOMEN__ligand9197-0
688,UJOMEN__ligand3392-0
689,UJOMEN__ligand21448-0
690,UJOMEN__ligand4911-0
691,UJOMEN__ligand1771-0
692,UJOMEN__ligand686-0
693,UJOMEN__ligand22357-0
694,UJOMEN__ligand11758-0
695,UJOMEN__ligand422-0
696,UJOMEN__ligand5849-0
697,UJOMEN__ligand29214-0
698,UJOMEN__ligand11501-0
699,UJOMEN__ligand11544-0
700,UJOMEN__ligand14477-0
701,UJOMEN__ligand17069-0
702,UJOMEN__ligand2527-0
703,UJOMEN__ligand17445-0
704,UJOMEN__ligand1709-0
705,UJOMEN__ligand8464-0
706,UJOMEN__ligand196-0
707,UJOMEN__ligand20731-0
708,UJOMEN__ligand12413-0
709,UJOMEN__ligand8349-0
710,UJOMEN__ligand29334-0
711,UJOMEN__ligand11798-0
712,UJOMEN__ligand23682-0
713,UJOMEN__ligand353-0
714,UJOMEN__ligand5056-0
715,UJOMEN__ligand29565-0
716,UJOMEN__ligand4850-0
717,UJOMEN__ligand1688-0
718,UJOMEN__ligand27771-0
719,UJOMEN__ligand18158-0
720,UJOMEN__ligand5357-0
721,UJOMEN__ligand3647-0
722,UJOMEN__ligand20942-1
723,UJOMEN__ligand14226-0
724,UJOMEN__ligand21339-0
725,UJOMEN__ligand16956-0
726,UJOMEN__ligand3871-0
727,UJOMEN__ligand1469-0
728,UJOMEN__ligand11-0
729,UJOMEN__ligand1768-0
730,UJOMEN__ligand27550-0
731,UJOMEN__ligand5935-0
732,UJOMEN__ligand1379-0
733,UJOMEN__ligand69-0
734,UJOMEN__ligand2722-0
735,UJOMEN__ligand3157-0
736,UJOMEN__ligand393-0
737,UJOMEN__ligand1165-0
738,UJOMEN__ligand14007-0
739,UJOMEN__ligand18019-1
740,UJOMEN__ligand9525-0
741,UJOMEN__ligand5627-0
742,UJOMEN__ligand1729-0
743,UJOMEN__ligand2830-0
744,UJOMEN__ligand16952-0
745,UJOMEN__ligand29813-0
746,UJOMEN__ligand20220-0
747,UJOMEN__ligand487-0
748,UJOMEN__ligand5316-0
749,UJOMEN__ligand20121-0
750,UJOMEN__ligand15387-0
751,UJOMEN__ligand5483-0
752,UJOMEN__ligand447-0
753,UJOMEN__ligand24851-0
754,UJOMEN__ligand13657-0
755,UJOMEN__ligand14347-0
756,UJOMEN__ligand9148-0
757,UJOMEN__ligand14302-0
758,UJOMEN__ligand20530-0
759,UJOMEN__ligand746-0
760,UJOMEN__ligand11698-0
761,UJOMEN__ligand176-0
762,UJOMEN__ligand10479-0
763,UJOMEN__ligand27610-0
764,UJOMEN__ligand11479-0
765,UJOMEN__ligand6946-0
766,UJOMEN__ligand1415-0
767,UJOMEN__ligand7529-0
768,UJOMEN__ligand29441-0
769,UJOMEN__ligand10853-0
770,UJOMEN__ligand19906-0
771,UJOMEN__ligand3934-0
772,UJOMEN__ligand19668-0
773,UJOMEN__ligand6455-0
774,UJOMEN__ligand6882-0
775,UJOMEN__ligand2403-0
776,UJOMEN__ligand22353-0
777,UJOMEN__ligand49-0
778,UJOMEN__ligand152-0
779,UJOMEN__ligand8-0
780,UJOMEN__ligand1449-0
781,UJOMEN__ligand3012-0
782,UJOMEN__ligand506-0
783,UJOMEN__ligand7530-0
784,UJOMEN__ligand89-0
785,UJOMEN__ligand1065-0
786,UJOMEN__ligand10151-0
787,UJOMEN__ligand9681-0
788,UJOMEN__ligand4332-0
789,UJOMEN__ligand7532-0
790,UJOMEN__ligand4194-0
791,UJOMEN__ligand19824-0
792,UJOMEN__ligand18067-0
793,UJOMEN__ligand2599-0
794,UJOMEN__ligand833-0
795,UJOMEN__ligand4330-0
796,UJOMEN__ligand11252-0
797,UJOMEN__ligand10582-0
798,UJOMEN__ligand13260-0
799,UJOMEN__ligand11606-0
800,UJOMEN__ligand1147-0
801,UJOMEN__ligand3973-0
802,UJOMEN__ligand31000-0
803,UJOMEN__ligand2068-0
804,UJOMEN__ligand115-0
805,UJOMEN__ligand26673-0
806,UJOMEN__ligand7925-0
807,UJOMEN__ligand20821-0
808,UJOMEN__ligand395-0
809,UJOMEN__ligand16870-0
810,UJOMEN__ligand11622-0
811,UJOMEN__ligand3215-0
812,UJOMEN__ligand368-0
813,UJOMEN__ligand11814-0
814,UJOMEN__ligand16603-0
815,UJOMEN__ligand7107-0
816,UJOMEN__ligand17-0
817,UJOMEN__ligand6283-0
818,UJOMEN__ligand31205-0
819,UJOMEN__ligand25658-0
820,UJOMEN__ligand17686-0
821,UJOMEN__ligand5813-0
822,UJOMEN__ligand4813-0
823,UJOMEN__ligand11177-0
824,UJOMEN__ligand4738-0
825,UJOMEN__ligand784-0
826,UJOMEN__ligand15455-0
827,UJOMEN__ligand6062-0
