,TMC
0,CESQAT__ligand1464-0
1,CESQAT__ligand3712-0
2,CESQAT__ligand28789-0
3,CESQAT__ligand1499-0
4,CESQAT__ligand20419-0
5,CESQAT__ligand17118-0
6,CESQAT__ligand2881-0
7,CESQAT__ligand21371-0
8,CESQAT__ligand30851-0
9,CESQAT__ligand6892-0
10,CESQAT__ligand14889-0
11,CESQAT__ligand188-0
12,CESQAT__ligand1211-0
13,CESQAT__ligand29568-0
14,CESQAT__ligand17-0
15,CESQAT__ligand620-0
16,CESQAT__ligand21581-0
17,CESQAT__ligand31097-0
18,CESQAT__ligand370-1
19,CESQAT__ligand3632-0
20,CESQAT__ligand3677-0
21,CESQAT__ligand20539-0
22,CESQAT__ligand1168-0
23,CESQAT__ligand564-0
24,CESQAT__ligand20251-0
25,CESQAT__ligand1294-0
26,CESQAT__ligand30702-0
27,CESQAT__ligand20214-0
28,CESQAT__ligand479-0
29,CESQAT__ligand6699-0
30,CESQAT__ligand311-0
31,CESQAT__ligand785-0
32,CESQAT__ligand17261-0
33,CESQAT__ligand14117-0
34,CESQAT__ligand2985-0
35,CESQAT__ligand4007-0
36,CESQAT__ligand9299-0
37,CESQAT__ligand14703-0
38,CESQAT__ligand16475-0
39,CESQAT__ligand20251-1
40,CESQAT__ligand7291-0
41,CESQAT__ligand9883-0
42,CESQAT__ligand3677-1
43,CESQAT__ligand370-0
44,CESQAT__ligand9344-0
45,CESQAT__ligand20011-0
46,CESQAT__ligand17278-0
47,CESQAT__ligand3736-0
48,CESQAT__ligand29414-0
49,CESQAT__ligand8000-0
50,CESQAT__ligand17982-0
51,CESQAT__ligand11675-0
52,CESQAT__ligand20598-0
53,CESQAT__ligand3945-0
54,CESQAT__ligand10589-0
55,CESQAT__ligand22557-0
56,CESQAT__ligand24047-0
57,CESQAT__ligand250-0
58,CESQAT__ligand17398-0
59,CESQAT__ligand5383-0
60,CESQAT__ligand2693-0
61,CESQAT__ligand5509-0
62,CESQAT__ligand13331-0
63,CESQAT__ligand8002-0
64,CESQAT__ligand28884-0
65,CESQAT__ligand1407-0
66,CESQAT__ligand6117-0
67,CESQAT__ligand12030-0
68,CESQAT__ligand29879-0
69,CESQAT__ligand14248-0
70,CESQAT__ligand31832-0
71,CESQAT__ligand252-0
72,CESQAT__ligand13294-0
73,CESQAT__ligand49-0
74,CESQAT__ligand7762-0
75,CESQAT__ligand5080-0
76,CESQAT__ligand116-0
77,CESQAT__ligand9167-0
78,CESQAT__ligand5304-0
79,CESQAT__ligand193-0
80,CESQAT__ligand2238-0
81,CESQAT__ligand25411-0
82,CESQAT__ligand89-0
83,CESQAT__ligand11456-0
84,CESQAT__ligand372-0
85,CESQAT__ligand2822-0
86,CESQAT__ligand7293-0
87,CESQAT__ligand1317-0
88,CESQAT__ligand3867-0
89,CESQAT__ligand10712-0
90,CESQAT__ligand14174-0
91,CESQAT__ligand830-0
92,CESQAT__ligand1296-0
93,CESQAT__ligand20682-0
94,CESQAT__ligand2259-0
95,CESQAT__ligand909-0
96,CESQAT__ligand1197-0
97,CESQAT__ligand5099-0
98,CESQAT__ligand8592-0
99,CESQAT__ligand9773-0
100,CESQAT__ligand5510-0
101,CESQAT__ligand1376-0
102,CESQAT__ligand13390-0
103,CESQAT__ligand4101-0
104,CESQAT__ligand5595-0
105,CESQAT__ligand177-0
106,CESQAT__ligand4358-0
107,CESQAT__ligand3120-0
108,CESQAT__ligand3926-0
109,CESQAT__ligand13208-0
110,CESQAT__ligand27482-0
111,CESQAT__ligand2221-0
112,CESQAT__ligand26810-0
113,CESQAT__ligand10476-0
114,CESQAT__ligand352-0
115,CESQAT__ligand783-0
116,CESQAT__ligand19830-0
117,CESQAT__ligand13068-0
118,CESQAT__ligand15585-0
119,CESQAT__ligand12401-0
120,CESQAT__ligand5180-0
121,CESQAT__ligand24145-0
122,CESQAT__ligand6017-0
123,CESQAT__ligand12231-0
124,CESQAT__ligand11-0
125,CESQAT__ligand13658-0
126,CESQAT__ligand7316-0
127,CESQAT__ligand26702-0
128,CESQAT__ligand12289-0
129,CESQAT__ligand18292-0
130,CESQAT__ligand17387-0
131,CESQAT__ligand12130-0
132,CESQAT__ligand5708-0
133,CESQAT__ligand17805-0
134,CESQAT__ligand3225-0
135,CESQAT__ligand1153-0
136,CESQAT__ligand1116-0
137,CESQAT__ligand7092-0
138,CESQAT__ligand2260-0
139,CESQAT__ligand8612-0
140,CESQAT__ligand17302-0
141,CESQAT__ligand69-0
142,CESQAT__ligand2124-0
143,CESQAT__ligand868-0
144,CESQAT__ligand7172-0
145,CESQAT__ligand25178-0
146,CESQAT__ligand24185-0
147,CESQAT__ligand7273-0
148,CESQAT__ligand23769-0
149,CESQAT__ligand9323-0
150,CESQAT__ligand10958-0
151,CESQAT__ligand2906-0
152,CESQAT__ligand4711-0
153,CESQAT__ligand3244-0
154,CESQAT__ligand12641-0
155,CESQAT__ligand8793-0
156,CESQAT__ligand2788-0
157,CESQAT__ligand5649-0
158,CESQAT__ligand4649-0
159,CESQAT__ligand14108-0
160,CESQAT__ligand5530-0
161,CESQAT__ligand1356-0
162,CESQAT__ligand1787-0
163,CESQAT__ligand9753-0
164,CESQAT__ligand29302-0
165,CESQAT__ligand13425-0
166,CESQAT__ligand19057-0
167,CESQAT__ligand7196-0
168,CESQAT__ligand18814-0
169,CESQAT__ligand5159-0
170,CESQAT__ligand10262-0
171,CESQAT__ligand28676-0
172,CESQAT__ligand197-0
173,CESQAT__ligand27763-0
174,CESQAT__ligand4807-0
175,CESQAT__ligand3178-0
176,CESQAT__ligand9450-0
177,CESQAT__ligand4-0
178,CESQAT__ligand16628-0
179,CESQAT__ligand12427-0
180,CESQAT__ligand28468-0
181,CESQAT__ligand20740-0
182,CESQAT__ligand2612-0
183,CESQAT__ligand27460-0
184,CESQAT__ligand294-0
185,CESQAT__ligand1599-0
186,CESQAT__ligand685-0
187,CESQAT__ligand12606-0
188,CESQAT__ligand1289-0
189,CESQAT__ligand2203-0
190,CESQAT__ligand5387-0
191,CESQAT__ligand30333-0
192,CESQAT__ligand26540-0
193,CESQAT__ligand29410-0
194,CESQAT__ligand12337-0
195,CESQAT__ligand30296-0
196,CESQAT__ligand421-0
197,CESQAT__ligand17281-0
198,CESQAT__ligand3126-0
199,CESQAT__ligand6391-0
200,CESQAT__ligand31783-0
201,CESQAT__ligand134-0
202,CESQAT__ligand9284-0
203,CESQAT__ligand1114-0
204,CESQAT__ligand235-0
205,CESQAT__ligand13012-0
206,CESQAT__ligand17631-0
207,CESQAT__ligand2417-0
208,CESQAT__ligand26665-0
209,CESQAT__ligand14297-0
210,CESQAT__ligand14603-0
211,CESQAT__ligand17258-0
212,CESQAT__ligand2043-0
213,CESQAT__ligand30988-0
214,CESQAT__ligand8788-0
215,CESQAT__ligand23713-0
216,CESQAT__ligand18832-0
217,CESQAT__ligand27175-0
218,CESQAT__ligand1832-0
219,CESQAT__ligand15422-0
220,CESQAT__ligand20578-0
221,CESQAT__ligand12934-0
222,CESQAT__ligand560-0
223,CESQAT__ligand19641-0
224,CESQAT__ligand1604-0
225,CESQAT__ligand9943-0
226,CESQAT__ligand1228-0
227,CESQAT__ligand14723-0
228,CESQAT__ligand27893-0
229,CESQAT__ligand6995-0
230,CESQAT__ligand3-0
231,CESQAT__ligand2823-0
232,CESQAT__ligand30539-0
233,CESQAT__ligand11166-0
234,CESQAT__ligand21132-0
235,CESQAT__ligand2281-0
236,CESQAT__ligand2650-0
237,CESQAT__ligand4340-0
238,CESQAT__ligand506-0
239,CESQAT__ligand23906-0
240,CESQAT__ligand3180-0
241,CESQAT__ligand27835-0
242,CESQAT__ligand12295-0
243,CESQAT__ligand48-0
244,CESQAT__ligand5415-0
245,CESQAT__ligand152-0
246,CESQAT__ligand25689-0
247,CESQAT__ligand4124-0
248,CESQAT__ligand25575-0
249,CESQAT__ligand4161-0
250,CESQAT__ligand3471-0
251,CESQAT__ligand21787-0
252,CESQAT__ligand176-0
253,CESQAT__ligand13209-0
254,CESQAT__ligand19257-0
255,CESQAT__ligand8553-0
256,CESQAT__ligand91-0
257,CESQAT__ligand12660-0
258,CESQAT__ligand1113-0
259,CESQAT__ligand447-0
260,CESQAT__ligand25650-0
261,CESQAT__ligand5201-0
262,CESQAT__ligand746-0
263,CESQAT__ligand31248-0
264,CESQAT__ligand487-0
265,CESQAT__ligand2001-0
266,CESQAT__ligand7566-0
267,CESQAT__ligand23124-0
268,CESQAT__ligand11206-0
269,CESQAT__ligand12519-0
270,CESQAT__ligand25735-0
271,CESQAT__ligand51-0
272,CESQAT__ligand9944-0
273,CESQAT__ligand8593-0
274,CESQAT__ligand13869-0
275,CESQAT__ligand18074-0
276,CESQAT__ligand784-0
277,CESQAT__ligand29863-0
278,CESQAT__ligand16-0
279,CESQAT__ligand11140-0
280,CESQAT__ligand1169-0
281,CESQAT__ligand29610-0
282,CESQAT__ligand8529-0
283,CESQAT__ligand1154-0
284,CESQAT__ligand28668-0
285,CESQAT__ligand16791-0
286,CESQAT__ligand9615-0
287,CESQAT__ligand395-0
288,CESQAT__ligand18799-0
289,CESQAT__ligand18465-0
290,CESQAT__ligand1498-0
291,CESQAT__ligand4596-0
292,CESQAT__ligand368-0
293,CESQAT__ligand115-0
294,CESQAT__ligand20599-0
295,CESQAT__ligand25805-0
296,CESQAT__ligand22981-0
297,CESQAT__ligand1618-0
298,CESQAT__ligand27074-0
299,CESQAT__ligand2692-0
300,CESQAT__ligand18391-0
301,CESQAT__ligand14523-0
302,CESQAT__ligand1028-0
303,CESQAT__ligand27169-0
304,CESQAT__ligand4262-0
305,CESQAT__ligand12467-0
306,CESQAT__ligand833-0
307,CESQAT__ligand2027-0
308,CESQAT__ligand1-0
309,CESQAT__ligand10084-0
310,CESQAT__ligand1050-0
311,CESQAT__ligand25267-0
312,CESQAT__ligand1015-0
313,CESQAT__ligand23904-0
314,CESQAT__ligand21936-0
315,CESQAT__ligand32-0
316,CESQAT__ligand13257-0
317,CESQAT__ligand4266-0
318,CESQAT__ligand1400-0
319,CESQAT__ligand12336-0
320,CESQAT__ligand9491-0
321,CESQAT__ligand4167-0
322,CESQAT__ligand465-0
323,CESQAT__ligand13072-0
324,CESQAT__ligand1288-0
325,CESQAT__ligand7075-0
326,CESQAT__ligand314-1
327,CESQAT__ligand12682-0
328,CESQAT__ligand18699-0
329,CESQAT__ligand3557-0
330,CESQAT__ligand3980-0
331,CESQAT__ligand1149-0
332,CESQAT__ligand17590-0
333,CESQAT__ligand1779-0
334,CESQAT__ligand1817-0
335,CESQAT__ligand6993-0
336,CESQAT__ligand17240-0
337,CESQAT__ligand9750-0
338,CESQAT__ligand20579-0
339,CESQAT__ligand17710-0
340,CESQAT__ligand8200-0
341,CESQAT__ligand7438-0
342,CESQAT__ligand11568-0
343,CESQAT__ligand4063-0
344,CESQAT__ligand57-0
345,CESQAT__ligand3042-0
346,CESQAT__ligand813-0
347,CESQAT__ligand11774-0
348,CESQAT__ligand14586-0
349,CESQAT__ligand21421-0
350,CESQAT__ligand780-0
351,CESQAT__ligand314-0
352,CESQAT__ligand3416-0
353,CESQAT__ligand3453-0
354,CESQAT__ligand19725-0
355,CESQAT__ligand391-0
356,CESQAT__ligand4207-0
357,CESQAT__ligand24613-0
358,CESQAT__ligand618-0
359,CESQAT__ligand1539-0
360,CESQAT__ligand1150-0
361,CESQAT__ligand31483-0
362,CESQAT__ligand10555-0
363,CESQAT__ligand15168-0
364,CESQAT__ligand393-0
365,CESQAT__ligand1849-0
366,CESQAT__ligand5019-0
367,CESQAT__ligand23589-0
368,CESQAT__ligand3261-0
369,CESQAT__ligand1152-0
370,CESQAT__ligand1216-0
371,CESQAT__ligand68-0
372,CESQAT__ligand24064-0
373,CESQAT__ligand55-0
374,CESQAT__ligand10432-0
375,CESQAT__ligand353-0
376,CESQAT__ligand31618-0
377,CESQAT__ligand11432-0
378,CESQAT__ligand5614-0
379,CESQAT__ligand5280-0
380,CESQAT__ligand1831-0
381,CESQAT__ligand22755-0
382,CESQAT__ligand26277-0
383,CESQAT__ligand5515-0
384,CESQAT__ligand29898-0
385,CESQAT__ligand6663-0
386,CESQAT__ligand1908-0
387,CESQAT__ligand196-0
388,CESQAT__ligand34-0
389,CESQAT__ligand24750-0
390,CESQAT__ligand3285-0
391,CESQAT__ligand4795-0
392,CESQAT__ligand1786-0
393,CESQAT__ligand17207-0
394,CESQAT__ligand31578-0
395,CESQAT__ligand5630-0
396,CESQAT__ligand25224-0
397,CESQAT__ligand18013-0
398,CESQAT__ligand17945-0
399,CESQAT__ligand422-0
400,CESQAT__ligand1828-0
401,CESQAT__ligand1397-0
402,CESQAT__ligand18703-0
403,CESQAT__ligand7213-0
404,CESQAT__ligand8042-0
405,CESQAT__ligand29087-0
406,CESQAT__ligand6112-0
407,CESQAT__ligand3144-0
408,CESQAT__ligand5085-0
409,CESQAT__ligand15438-0
410,CESQAT__ligand4710-0
411,CESQAT__ligand5755-0
412,CESQAT__ligand686-0
413,CESQAT__ligand28924-0
414,CESQAT__ligand18067-0
415,CESQAT__ligand19824-0
416,CESQAT__ligand7532-0
417,CESQAT__ligand4194-0
418,CESQAT__ligand4330-0
419,CESQAT__ligand2599-0
420,CESQAT__ligand13260-0
421,CESQAT__ligand10582-0
422,CESQAT__ligand11252-0
423,CESQAT__ligand31000-0
424,CESQAT__ligand1147-0
425,CESQAT__ligand11606-0
426,CESQAT__ligand122-0
427,CESQAT__ligand3973-0
428,CESQAT__ligand38-0
429,CESQAT__ligand7925-0
430,CESQAT__ligand20821-0
431,CESQAT__ligand2068-0
432,CESQAT__ligand757-0
433,CESQAT__ligand26673-0
434,CESQAT__ligand11622-0
435,CESQAT__ligand3215-0
436,CESQAT__ligand693-0
437,CESQAT__ligand16870-0
438,CESQAT__ligand16603-0
439,CESQAT__ligand11814-0
440,CESQAT__ligand7107-0
441,CESQAT__ligand6283-0
442,CESQAT__ligand31205-0
443,CESQAT__ligand25658-0
444,CESQAT__ligand17686-0
445,CESQAT__ligand4738-0
446,CESQAT__ligand15455-0
447,CESQAT__ligand4813-0
448,CESQAT__ligand5813-0
449,CESQAT__ligand11177-0
450,CESQAT__ligand6062-0
451,CESQAT__ligand16952-0
452,CESQAT__ligand29813-0
453,CESQAT__ligand1729-0
454,CESQAT__ligand5627-0
455,CESQAT__ligand2830-0
456,CESQAT__ligand20121-0
457,CESQAT__ligand5316-0
458,CESQAT__ligand66-0
459,CESQAT__ligand15387-0
460,CESQAT__ligand20220-0
461,CESQAT__ligand5483-0
462,CESQAT__ligand14302-0
463,CESQAT__ligand240-0
464,CESQAT__ligand14347-0
465,CESQAT__ligand13657-0
466,CESQAT__ligand11698-0
467,CESQAT__ligand20530-0
468,CESQAT__ligand141-0
469,CESQAT__ligand24851-0
470,CESQAT__ligand9148-0
471,CESQAT__ligand1415-0
472,CESQAT__ligand6946-0
473,CESQAT__ligand10853-0
474,CESQAT__ligand29441-0
475,CESQAT__ligand11479-0
476,CESQAT__ligand27610-0
477,CESQAT__ligand10479-0
478,CESQAT__ligand7529-0
479,CESQAT__ligand3934-0
480,CESQAT__ligand19906-0
481,CESQAT__ligand6455-0
482,CESQAT__ligand6882-0
483,CESQAT__ligand19668-0
484,CESQAT__ligand2403-0
485,CESQAT__ligand384-0
486,CESQAT__ligand22353-0
487,CESQAT__ligand3012-0
488,CESQAT__ligand768-0
489,CESQAT__ligand1449-0
490,CESQAT__ligand1065-0
491,CESQAT__ligand7530-0
492,CESQAT__ligand9681-0
493,CESQAT__ligand10151-0
494,CESQAT__ligand42-0
495,CESQAT__ligand4332-0
496,CESQAT__ligand11758-0
497,CESQAT__ligand3392-0
498,CESQAT__ligand22357-0
499,CESQAT__ligand21448-0
500,CESQAT__ligand338-0
501,CESQAT__ligand4911-0
502,CESQAT__ligand1771-0
503,CESQAT__ligand11544-0
504,CESQAT__ligand11501-0
505,CESQAT__ligand5849-0
506,CESQAT__ligand29214-0
507,CESQAT__ligand17445-0
508,CESQAT__ligand14477-0
509,CESQAT__ligand17069-0
510,CESQAT__ligand2527-0
511,CESQAT__ligand11798-0
512,CESQAT__ligand8349-0
513,CESQAT__ligand8464-0
514,CESQAT__ligand1709-0
515,CESQAT__ligand20731-0
516,CESQAT__ligand29334-0
517,CESQAT__ligand12413-0
518,CESQAT__ligand27771-0
519,CESQAT__ligand4850-0
520,CESQAT__ligand5056-0
521,CESQAT__ligand279-0
522,CESQAT__ligand185-0
523,CESQAT__ligand18158-0
524,CESQAT__ligand3647-0
525,CESQAT__ligand178-0
526,CESQAT__ligand5357-0
527,CESQAT__ligand23682-0
528,CESQAT__ligand29565-0
529,CESQAT__ligand1688-0
530,CESQAT__ligand1469-0
531,CESQAT__ligand3871-0
532,CESQAT__ligand16956-0
533,CESQAT__ligand321-0
534,CESQAT__ligand21339-0
535,CESQAT__ligand14226-0
536,CESQAT__ligand1768-0
537,CESQAT__ligand20942-1
538,CESQAT__ligand5935-0
539,CESQAT__ligand2722-0
540,CESQAT__ligand27550-0
541,CESQAT__ligand1379-0
542,CESQAT__ligand14007-0
543,CESQAT__ligand18019-1
544,CESQAT__ligand3157-0
545,CESQAT__ligand9525-0
546,CESQAT__ligand201-0
547,CESQAT__ligand1165-0
548,CESQAT__ligand777-0
549,CESQAT__ligand24624-0
550,CESQAT__ligand20844-0
551,CESQAT__ligand18413-0
552,CESQAT__ligand24560-0
553,CESQAT__ligand1712-0
554,CESQAT__ligand18757-0
555,CESQAT__ligand4131-0
556,CESQAT__ligand5892-0
557,CESQAT__ligand5094-0
558,CESQAT__ligand18-0
559,CESQAT__ligand596-0
560,CESQAT__ligand941-0
561,CESQAT__ligand657-0
562,CESQAT__ligand13691-0
563,CESQAT__ligand30788-0
564,CESQAT__ligand1533-0
565,CESQAT__ligand187-0
566,CESQAT__ligand14339-0
567,CESQAT__ligand1496-0
568,CESQAT__ligand7557-0
569,CESQAT__ligand366-0
570,CESQAT__ligand21752-0
571,CESQAT__ligand2208-0
572,CESQAT__ligand3208-0
573,CESQAT__ligand21940-0
574,CESQAT__ligand25048-0
575,CESQAT__ligand845-0
576,CESQAT__ligand8722-0
577,CESQAT__ligand1327-0
578,CESQAT__ligand6672-0
579,CESQAT__ligand9809-0
580,CESQAT__ligand23445-0
581,CESQAT__ligand24953-0
582,CESQAT__ligand16133-0
583,CESQAT__ligand13755-0
584,CESQAT__ligand20432-0
585,CESQAT__ligand27122-0
586,CESQAT__ligand3350-0
587,CESQAT__ligand2781-0
588,CESQAT__ligand7573-0
589,CESQAT__ligand4581-0
590,CESQAT__ligand1773-0
591,CESQAT__ligand2328-0
592,CESQAT__ligand7162-0
593,CESQAT__ligand3029-0
594,CESQAT__ligand163-0
595,CESQAT__ligand126-0
596,CESQAT__ligand9197-0
597,CESQAT__ligand20557-0
598,CESQAT__ligand1900-0
599,CESQAT__ligand30004-0
600,CESQAT__ligand1451-0
601,CESQAT__ligand4272-0
602,CESQAT__ligand7629-0
603,CESQAT__ligand29029-0
604,CESQAT__ligand27285-0
605,CESQAT__ligand9784-0
606,CESQAT__ligand9520-0
607,CESQAT__ligand8699-0
608,CESQAT__ligand1160-0
609,CESQAT__ligand23197-0
610,CESQAT__ligand4442-0
611,CESQAT__ligand4093-0
612,CESQAT__ligand3954-0
613,CESQAT__ligand7867-0
614,CESQAT__ligand67-0
615,CESQAT__ligand1219-0
616,CESQAT__ligand6709-0
617,CESQAT__ligand4016-0
618,CESQAT__ligand361-0
619,CESQAT__ligand7238-0
620,CESQAT__ligand324-0
621,CESQAT__ligand27669-0
622,CESQAT__ligand30142-0
623,CESQAT__ligand409-0
624,CESQAT__ligand13477-0
625,CESQAT__ligand14167-0
626,CESQAT__ligand1790-0
627,CESQAT__ligand1304-0
628,CESQAT__ligand7280-0
629,CESQAT__ligand1285-0
630,CESQAT__ligand8115-0
631,CESQAT__ligand43-0
632,CESQAT__ligand6768-0
633,CESQAT__ligand1982-0
634,CESQAT__ligand19184-0
635,CESQAT__ligand588-0
636,CESQAT__ligand7000-0
637,CESQAT__ligand4503-0
638,CESQAT__ligand28459-0
639,CESQAT__ligand4546-0
640,CESQAT__ligand18448-0
641,CESQAT__ligand12453-0
642,CESQAT__ligand300-0
643,CESQAT__ligand10371-0
644,CESQAT__ligand4157-0
645,CESQAT__ligand8-0
646,CESQAT__ligand9833-0
647,CESQAT__ligand2828-0
648,CESQAT__ligand8876-0
649,CESQAT__ligand7648-0
650,CESQAT__ligand5256-0
651,CESQAT__ligand2176-0
652,CESQAT__ligand28685-0
653,CESQAT__ligand9291-0
654,CESQAT__ligand18568-0
655,CESQAT__ligand199-0
656,CESQAT__ligand2232-0
657,CESQAT__ligand13672-0
658,CESQAT__ligand5211-0
659,CESQAT__ligand14614-0
660,CESQAT__ligand3094-0
661,CESQAT__ligand4155-0
662,CESQAT__ligand16663-0
663,CESQAT__ligand11994-0
664,CESQAT__ligand31842-0
665,CESQAT__ligand31044-0
666,CESQAT__ligand4720-0
667,CESQAT__ligand6839-0
668,CESQAT__ligand8969-0
669,CESQAT__ligand24035-0
670,CESQAT__ligand3174-0
671,CESQAT__ligand1202-0
672,CESQAT__ligand3937-0
673,CESQAT__ligand3131-0
674,CESQAT__ligand1512-0
675,CESQAT__ligand5331-0
676,CESQAT__ligand633-0
677,CESQAT__ligand30711-0
678,CESQAT__ligand20207-0
679,CESQAT__ligand3565-0
680,CESQAT__ligand11682-0
681,CESQAT__ligand497-0
682,CESQAT__ligand6919-0
683,CESQAT__ligand3852-0
684,CESQAT__ligand25913-0
685,CESQAT__ligand16988-0
686,CESQAT__ligand2485-0
687,CESQAT__ligand1959-0
688,CESQAT__ligand15883-0
689,CESQAT__ligand3504-0
690,CESQAT__ligand11970-0
691,CESQAT__ligand9935-0
692,CESQAT__ligand1536-0
693,CESQAT__ligand1573-0
694,CESQAT__ligand3876-0
695,CESQAT__ligand1343-0
696,CESQAT__ligand3035-0
697,CESQAT__ligand6616-0
698,CESQAT__ligand10828-0
699,CESQAT__ligand19792-0
700,CESQAT__ligand15926-0
701,CESQAT__ligand3718-0
702,CESQAT__ligand1844-0
703,CESQAT__ligand4661-0
704,CESQAT__ligand24230-0
705,CESQAT__ligand11447-0
706,CESQAT__ligand11096-0
707,CESQAT__ligand326-0
708,CESQAT__ligand28810-0
709,CESQAT__ligand15531-0
710,CESQAT__ligand28743-0
711,CESQAT__ligand11357-0
712,CESQAT__ligand13862-0
713,CESQAT__ligand436-0
714,CESQAT__ligand7242-0
715,CESQAT__ligand10056-0
716,CESQAT__ligand12365-0
717,CESQAT__ligand7106-0
718,CESQAT__ligand1263-0
719,CESQAT__ligand9908-0
720,CESQAT__ligand21919-0
721,CESQAT__ligand22294-0
722,CESQAT__ligand28930-0
723,CESQAT__ligand22168-0
724,CESQAT__ligand692-0
725,CESQAT__ligand4620-0
726,CESQAT__ligand29486-0
727,CESQAT__ligand31694-0
728,CESQAT__ligand656-0
729,CESQAT__ligand17427-0
730,CESQAT__ligand24-0
731,CESQAT__ligand1577-0
732,CESQAT__ligand6067-0
733,CESQAT__ligand2295-0
734,CESQAT__ligand24780-0
735,CESQAT__ligand12138-0
736,CESQAT__ligand22129-0
737,CESQAT__ligand696-0
738,CESQAT__ligand2917-0
739,CESQAT__ligand11949-0
740,CESQAT__ligand19-0
741,CESQAT__ligand7819-0
742,CESQAT__ligand3721-0
743,CESQAT__ligand6904-0
744,CESQAT__ligand6596-0
745,CESQAT__ligand6102-0
746,CESQAT__ligand25561-0
747,CESQAT__ligand3465-0
748,CESQAT__ligand162-0
749,CESQAT__ligand24872-0
750,CESQAT__ligand78-0
751,CESQAT__ligand30728-0
752,CESQAT__ligand226-0
753,CESQAT__ligand27840-0
754,CESQAT__ligand1142-0
755,CESQAT__ligand3234-0
756,CESQAT__ligand12001-0
757,CESQAT__ligand416-0
758,CESQAT__ligand24644-0
759,CESQAT__ligand7126-0
760,CESQAT__ligand10033-0
761,CESQAT__ligand383-0
762,CESQAT__ligand2028-0
763,CESQAT__ligand8835-0
764,CESQAT__ligand22444-0
765,CESQAT__ligand24111-0
766,CESQAT__ligand13385-0
767,CESQAT__ligand4641-0
768,CESQAT__ligand14569-0
769,CESQAT__ligand15788-0
770,CESQAT__ligand23175-0
771,CESQAT__ligand17396-0
772,CESQAT__ligand11587-0
773,CESQAT__ligand13220-0
774,CESQAT__ligand45-0
775,CESQAT__ligand1823-0
776,CESQAT__ligand5643-0
777,CESQAT__ligand22403-0
778,CESQAT__ligand1324-0
779,CESQAT__ligand8721-0
780,CESQAT__ligand11111-0
781,CESQAT__ligand670-0
782,CESQAT__ligand28540-0
783,CESQAT__ligand9952-0
784,CESQAT__ligand9111-0
785,CESQAT__ligand16369-0
786,CESQAT__ligand534-0
787,CESQAT__ligand571-0
788,CESQAT__ligand1615-0
789,CESQAT__ligand27754-0
790,CESQAT__ligand20695-0
791,CESQAT__ligand2526-0
792,CESQAT__ligand5036-0
793,CESQAT__ligand8992-0
794,CESQAT__ligand9601-0
795,CESQAT__ligand29215-0
796,CESQAT__ligand10872-0
797,CESQAT__ligand21399-0
798,CESQAT__ligand7967-0
799,CESQAT__ligand3707-0
800,CESQAT__ligand6124-0
801,CESQAT__ligand1018-0
802,CESQAT__ligand12003-0
803,CESQAT__ligand16148-0
804,CESQAT__ligand26631-0
805,CESQAT__ligand4116-0
806,CESQAT__ligand14043-0
807,CESQAT__ligand26324-0
808,CESQAT__ligand2915-0
809,CESQAT__ligand3156-0
810,CESQAT__ligand28559-0
811,CESQAT__ligand694-0
812,CESQAT__ligand19927-0
813,CESQAT__ligand358-0
814,CESQAT__ligand6244-0
815,CESQAT__ligand430-0
816,CESQAT__ligand488-0
817,CESQAT__ligand27239-0
818,CESQAT__ligand1378-0
819,CESQAT__ligand21729-0
820,CESQAT__ligand26529-0
821,CESQAT__ligand9441-0
822,CESQAT__ligand2332-0
823,CESQAT__ligand1631-0
824,CESQAT__ligand1530-0
825,CESQAT__ligand1575-0
826,CESQAT__ligand11618-0
827,CESQAT__ligand9933-0
