,TMC
0,DUYFAE__ligand20599-0
1,DUYFAE__ligand22981-0
2,DUYFAE__ligand1116-0
3,DUYFAE__ligand3225-0
4,DUYFAE__ligand1153-0
5,DUYFAE__ligand25805-0
6,DUYFAE__ligand2260-0
7,DUYFAE__ligand7092-0
8,DUYFAE__ligand8612-0
9,DUYFAE__ligand27074-0
10,DUYFAE__ligand2124-0
11,DUYFAE__ligand18391-0
12,DUYFAE__ligand7172-0
13,DUYFAE__ligand14523-0
14,DUYFAE__ligand27169-0
15,DUYFAE__ligand7273-0
16,DUYFAE__ligand9323-0
17,DUYFAE__ligand12467-0
18,DUYFAE__ligand10084-0
19,DUYFAE__ligand5180-0
20,DUYFAE__ligand25267-0
21,DUYFAE__ligand338-0
22,DUYFAE__ligand23904-0
23,DUYFAE__ligand6017-0
24,DUYFAE__ligand21936-0
25,DUYFAE__ligand7316-0
26,DUYFAE__ligand5708-0
27,DUYFAE__ligand32-0
28,DUYFAE__ligand13257-0
29,DUYFAE__ligand5530-0
30,DUYFAE__ligand13869-0
31,DUYFAE__ligand1787-0
32,DUYFAE__ligand1356-0
33,DUYFAE__ligand18074-0
34,DUYFAE__ligand9753-0
35,DUYFAE__ligand201-0
36,DUYFAE__ligand29863-0
37,DUYFAE__ligand7196-0
38,DUYFAE__ligand5159-0
39,DUYFAE__ligand16-0
40,DUYFAE__ligand11140-0
41,DUYFAE__ligand4807-0
42,DUYFAE__ligand3178-0
43,DUYFAE__ligand29610-0
44,DUYFAE__ligand28668-0
45,DUYFAE__ligand2906-0
46,DUYFAE__ligand321-0
47,DUYFAE__ligand3244-0
48,DUYFAE__ligand4711-0
49,DUYFAE__ligand16791-0
50,DUYFAE__ligand5649-0
51,DUYFAE__ligand2788-0
52,DUYFAE__ligand8793-0
53,DUYFAE__ligand4649-0
54,DUYFAE__ligand18799-0
55,DUYFAE__ligand18465-0
56,DUYFAE__ligand178-0
57,DUYFAE__ligand185-0
58,DUYFAE__ligand279-0
59,DUYFAE__ligand1289-0
60,DUYFAE__ligand5387-0
61,DUYFAE__ligand13209-0
62,DUYFAE__ligand2203-0
63,DUYFAE__ligand19257-0
64,DUYFAE__ligand366-0
65,DUYFAE__ligand91-0
66,DUYFAE__ligand12660-0
67,DUYFAE__ligand187-0
68,DUYFAE__ligand25650-0
69,DUYFAE__ligand31248-0
70,DUYFAE__ligand657-0
71,DUYFAE__ligand9450-0
72,DUYFAE__ligand941-0
73,DUYFAE__ligand596-0
74,DUYFAE__ligand23124-0
75,DUYFAE__ligand2612-0
76,DUYFAE__ligand11206-0
77,DUYFAE__ligand25735-0
78,DUYFAE__ligand12519-0
79,DUYFAE__ligand1599-0
80,DUYFAE__ligand777-0
81,DUYFAE__ligand51-0
82,DUYFAE__ligand2043-0
83,DUYFAE__ligand8788-0
84,DUYFAE__ligand1832-0
85,DUYFAE__ligand30539-0
86,DUYFAE__ligand126-0
87,DUYFAE__ligand163-0
88,DUYFAE__ligand11166-0
89,DUYFAE__ligand21132-0
90,DUYFAE__ligand1604-0
91,DUYFAE__ligand1228-0
92,DUYFAE__ligand9943-0
93,DUYFAE__ligand23906-0
94,DUYFAE__ligand27835-0
95,DUYFAE__ligand6391-0
96,DUYFAE__ligand3126-0
97,DUYFAE__ligand9284-0
98,DUYFAE__ligand12295-0
99,DUYFAE__ligand1114-0
100,DUYFAE__ligand48-0
101,DUYFAE__ligand845-0
102,DUYFAE__ligand2417-0
103,DUYFAE__ligand25689-0
104,DUYFAE__ligand25575-0
105,DUYFAE__ligand21787-0
106,DUYFAE__ligand3677-0
107,DUYFAE__ligand3632-0
108,DUYFAE__ligand1168-0
109,DUYFAE__ligand1-0
110,DUYFAE__ligand34-0
111,DUYFAE__ligand757-0
112,DUYFAE__ligand24750-0
113,DUYFAE__ligand1294-0
114,DUYFAE__ligand17207-0
115,DUYFAE__ligand6699-0
116,DUYFAE__ligand31578-0
117,DUYFAE__ligand122-0
118,DUYFAE__ligand25224-0
119,DUYFAE__ligand18013-0
120,DUYFAE__ligand17945-0
121,DUYFAE__ligand1464-0
122,DUYFAE__ligand3712-0
123,DUYFAE__ligand18703-0
124,DUYFAE__ligand29087-0
125,DUYFAE__ligand1499-0
126,DUYFAE__ligand2881-0
127,DUYFAE__ligand6892-0
128,DUYFAE__ligand1211-0
129,DUYFAE__ligand15438-0
130,DUYFAE__ligand28924-0
131,DUYFAE__ligand15168-0
132,DUYFAE__ligand9344-0
133,DUYFAE__ligand3736-0
134,DUYFAE__ligand8000-0
135,DUYFAE__ligand23589-0
136,DUYFAE__ligand3945-0
137,DUYFAE__ligand5383-0
138,DUYFAE__ligand2693-0
139,DUYFAE__ligand68-0
140,DUYFAE__ligand24064-0
141,DUYFAE__ligand2985-0
142,DUYFAE__ligand4007-0
143,DUYFAE__ligand55-0
144,DUYFAE__ligand9299-0
145,DUYFAE__ligand10432-0
146,DUYFAE__ligand11432-0
147,DUYFAE__ligand31618-0
148,DUYFAE__ligand693-0
149,DUYFAE__ligand7291-0
150,DUYFAE__ligand22755-0
151,DUYFAE__ligand3677-1
152,DUYFAE__ligand9883-0
153,DUYFAE__ligand29898-0
154,DUYFAE__ligand26277-0
155,DUYFAE__ligand9167-0
156,DUYFAE__ligand20579-0
157,DUYFAE__ligand17710-0
158,DUYFAE__ligand5304-0
159,DUYFAE__ligand11568-0
160,DUYFAE__ligand2238-0
161,DUYFAE__ligand57-0
162,DUYFAE__ligand14586-0
163,DUYFAE__ligand141-0
164,DUYFAE__ligand11774-0
165,DUYFAE__ligand21421-0
166,DUYFAE__ligand7293-0
167,DUYFAE__ligand2822-0
168,DUYFAE__ligand3867-0
169,DUYFAE__ligand1317-0
170,DUYFAE__ligand240-0
171,DUYFAE__ligand8002-0
172,DUYFAE__ligand5509-0
173,DUYFAE__ligand1407-0
174,DUYFAE__ligand6117-0
175,DUYFAE__ligand19725-0
176,DUYFAE__ligand24613-0
177,DUYFAE__ligand31483-0
178,DUYFAE__ligand5080-0
179,DUYFAE__ligand7762-0
180,DUYFAE__ligand10555-0
181,DUYFAE__ligand4101-0
182,DUYFAE__ligand5595-0
183,DUYFAE__ligand12336-0
184,DUYFAE__ligand13072-0
185,DUYFAE__ligand4358-0
186,DUYFAE__ligand3926-0
187,DUYFAE__ligand3120-0
188,DUYFAE__ligand768-0
189,DUYFAE__ligand2221-0
190,DUYFAE__ligand1296-0
191,DUYFAE__ligand18699-0
192,DUYFAE__ligand12682-0
193,DUYFAE__ligand3-0
194,DUYFAE__ligand384-0
195,DUYFAE__ligand2259-0
196,DUYFAE__ligand1197-0
197,DUYFAE__ligand8592-0
198,DUYFAE__ligand5099-0
199,DUYFAE__ligand17590-0
200,DUYFAE__ligand9773-0
201,DUYFAE__ligand5510-0
202,DUYFAE__ligand1376-0
203,DUYFAE__ligand17240-0
204,DUYFAE__ligand7075-0
205,DUYFAE__ligand20682-0
206,DUYFAE__ligand3980-0
207,DUYFAE__ligand3557-0
208,DUYFAE__ligand1149-0
209,DUYFAE__ligand1779-0
210,DUYFAE__ligand6993-0
211,DUYFAE__ligand1817-0
212,DUYFAE__ligand9750-0
213,DUYFAE__ligand696-0
214,DUYFAE__ligand13390-0
215,DUYFAE__ligand1400-0
216,DUYFAE__ligand4266-0
217,DUYFAE__ligand9491-0
218,DUYFAE__ligand4167-0
219,DUYFAE__ligand656-0
220,DUYFAE__ligand1288-0
221,DUYFAE__ligand13208-0
222,DUYFAE__ligand27482-0
223,DUYFAE__ligand26810-0
224,DUYFAE__ligand13331-0
225,DUYFAE__ligand28884-0
226,DUYFAE__ligand3453-0
227,DUYFAE__ligand3416-0
228,DUYFAE__ligand12030-0
229,DUYFAE__ligand4207-0
230,DUYFAE__ligand14248-0
231,DUYFAE__ligand29879-0
232,DUYFAE__ligand31832-0
233,DUYFAE__ligand13294-0
234,DUYFAE__ligand1539-0
235,DUYFAE__ligand1150-0
236,DUYFAE__ligand49-0
237,DUYFAE__ligand4-0
238,DUYFAE__ligand7438-0
239,DUYFAE__ligand8200-0
240,DUYFAE__ligand383-0
241,DUYFAE__ligand4063-0
242,DUYFAE__ligand416-0
243,DUYFAE__ligand89-0
244,DUYFAE__ligand25411-0
245,DUYFAE__ligand3042-0
246,DUYFAE__ligand11456-0
247,DUYFAE__ligand226-0
248,DUYFAE__ligand10712-0
249,DUYFAE__ligand162-0
250,DUYFAE__ligand14174-0
251,DUYFAE__ligand14703-0
252,DUYFAE__ligand16475-0
253,DUYFAE__ligand20251-1
254,DUYFAE__ligand5280-0
255,DUYFAE__ligand5614-0
256,DUYFAE__ligand1831-0
257,DUYFAE__ligand5515-0
258,DUYFAE__ligand6663-0
259,DUYFAE__ligand571-0
260,DUYFAE__ligand534-0
261,DUYFAE__ligand20011-0
262,DUYFAE__ligand17278-0
263,DUYFAE__ligand29414-0
264,DUYFAE__ligand670-0
265,DUYFAE__ligand17982-0
266,DUYFAE__ligand1849-0
267,DUYFAE__ligand5019-0
268,DUYFAE__ligand11675-0
269,DUYFAE__ligand20598-0
270,DUYFAE__ligand1152-0
271,DUYFAE__ligand10589-0
272,DUYFAE__ligand22557-0
273,DUYFAE__ligand3261-0
274,DUYFAE__ligand24047-0
275,DUYFAE__ligand17398-0
276,DUYFAE__ligand1216-0
277,DUYFAE__ligand1828-0
278,DUYFAE__ligand28789-0
279,DUYFAE__ligand1397-0
280,DUYFAE__ligand7213-0
281,DUYFAE__ligand8042-0
282,DUYFAE__ligand20419-0
283,DUYFAE__ligand17118-0
284,DUYFAE__ligand6112-0
285,DUYFAE__ligand21371-0
286,DUYFAE__ligand30851-0
287,DUYFAE__ligand3144-0
288,DUYFAE__ligand14889-0
289,DUYFAE__ligand5085-0
290,DUYFAE__ligand4710-0
291,DUYFAE__ligand5755-0
292,DUYFAE__ligand29568-0
293,DUYFAE__ligand1908-0
294,DUYFAE__ligand17-0
295,DUYFAE__ligand488-0
296,DUYFAE__ligand21581-0
297,DUYFAE__ligand31097-0
298,DUYFAE__ligand20539-0
299,DUYFAE__ligand430-0
300,DUYFAE__ligand358-0
301,DUYFAE__ligand30702-0
302,DUYFAE__ligand20214-0
303,DUYFAE__ligand20251-0
304,DUYFAE__ligand3285-0
305,DUYFAE__ligand4795-0
306,DUYFAE__ligand1786-0
307,DUYFAE__ligand694-0
308,DUYFAE__ligand5630-0
309,DUYFAE__ligand17261-0
310,DUYFAE__ligand14117-0
311,DUYFAE__ligand31783-0
312,DUYFAE__ligand5415-0
313,DUYFAE__ligand409-0
314,DUYFAE__ligand324-0
315,DUYFAE__ligand361-0
316,DUYFAE__ligand13012-0
317,DUYFAE__ligand17631-0
318,DUYFAE__ligand26665-0
319,DUYFAE__ligand14603-0
320,DUYFAE__ligand14297-0
321,DUYFAE__ligand4161-0
322,DUYFAE__ligand3471-0
323,DUYFAE__ligand4124-0
324,DUYFAE__ligand17258-0
325,DUYFAE__ligand6995-0
326,DUYFAE__ligand30988-0
327,DUYFAE__ligand2823-0
328,DUYFAE__ligand23713-0
329,DUYFAE__ligand27175-0
330,DUYFAE__ligand18832-0
331,DUYFAE__ligand20578-0
332,DUYFAE__ligand12934-0
333,DUYFAE__ligand15422-0
334,DUYFAE__ligand19641-0
335,DUYFAE__ligand2650-0
336,DUYFAE__ligand2281-0
337,DUYFAE__ligand4340-0
338,DUYFAE__ligand14723-0
339,DUYFAE__ligand27893-0
340,DUYFAE__ligand3180-0
341,DUYFAE__ligand16628-0
342,DUYFAE__ligand199-0
343,DUYFAE__ligand2001-0
344,DUYFAE__ligand12427-0
345,DUYFAE__ligand7566-0
346,DUYFAE__ligand28468-0
347,DUYFAE__ligand20740-0
348,DUYFAE__ligand27460-0
349,DUYFAE__ligand9944-0
350,DUYFAE__ligand8593-0
351,DUYFAE__ligand300-0
352,DUYFAE__ligand12606-0
353,DUYFAE__ligand8553-0
354,DUYFAE__ligand30333-0
355,DUYFAE__ligand1113-0
356,DUYFAE__ligand26540-0
357,DUYFAE__ligand588-0
358,DUYFAE__ligand29410-0
359,DUYFAE__ligand12337-0
360,DUYFAE__ligand30296-0
361,DUYFAE__ligand5201-0
362,DUYFAE__ligand17281-0
363,DUYFAE__ligand1154-0
364,DUYFAE__ligand10958-0
365,DUYFAE__ligand497-0
366,DUYFAE__ligand9615-0
367,DUYFAE__ligand12641-0
368,DUYFAE__ligand633-0
369,DUYFAE__ligand1498-0
370,DUYFAE__ligand4596-0
371,DUYFAE__ligand14108-0
372,DUYFAE__ligand29302-0
373,DUYFAE__ligand13425-0
374,DUYFAE__ligand19057-0
375,DUYFAE__ligand18814-0
376,DUYFAE__ligand28676-0
377,DUYFAE__ligand10262-0
378,DUYFAE__ligand27763-0
379,DUYFAE__ligand1169-0
380,DUYFAE__ligand8529-0
381,DUYFAE__ligand10476-0
382,DUYFAE__ligand692-0
383,DUYFAE__ligand13068-0
384,DUYFAE__ligand2027-0
385,DUYFAE__ligand19830-0
386,DUYFAE__ligand12401-0
387,DUYFAE__ligand15585-0
388,DUYFAE__ligand24145-0
389,DUYFAE__ligand1015-0
390,DUYFAE__ligand1050-0
391,DUYFAE__ligand12231-0
392,DUYFAE__ligand11-0
393,DUYFAE__ligand26702-0
394,DUYFAE__ligand13658-0
395,DUYFAE__ligand18292-0
396,DUYFAE__ligand12289-0
397,DUYFAE__ligand17387-0
398,DUYFAE__ligand12130-0
399,DUYFAE__ligand436-0
400,DUYFAE__ligand326-0
401,DUYFAE__ligand17805-0
402,DUYFAE__ligand17302-0
403,DUYFAE__ligand1618-0
404,DUYFAE__ligand2692-0
405,DUYFAE__ligand69-0
406,DUYFAE__ligand25178-0
407,DUYFAE__ligand1028-0
408,DUYFAE__ligand4262-0
409,DUYFAE__ligand24185-0
410,DUYFAE__ligand23769-0
411,DUYFAE__ligand15883-0
412,DUYFAE__ligand11970-0
413,DUYFAE__ligand868-0
414,DUYFAE__ligand2527-0
415,DUYFAE__ligand10828-0
416,DUYFAE__ligand8349-0
417,DUYFAE__ligand19792-0
418,DUYFAE__ligand8464-0
419,DUYFAE__ligand15926-0
420,DUYFAE__ligand1709-0
421,DUYFAE__ligand24230-0
422,DUYFAE__ligand11447-0
423,DUYFAE__ligand11096-0
424,DUYFAE__ligand28810-0
425,DUYFAE__ligand28743-0
426,DUYFAE__ligand15531-0
427,DUYFAE__ligand13862-0
428,DUYFAE__ligand11357-0
429,DUYFAE__ligand3392-0
430,DUYFAE__ligand12365-0
431,DUYFAE__ligand10056-0
432,DUYFAE__ligand1771-0
433,DUYFAE__ligand4911-0
434,DUYFAE__ligand5849-0
435,DUYFAE__ligand21919-0
436,DUYFAE__ligand22294-0
437,DUYFAE__ligand22168-0
438,DUYFAE__ligand28930-0
439,DUYFAE__ligand352-0
440,DUYFAE__ligand783-0
441,DUYFAE__ligand5935-0
442,DUYFAE__ligand14614-0
443,DUYFAE__ligand2722-0
444,DUYFAE__ligand1379-0
445,DUYFAE__ligand16663-0
446,DUYFAE__ligand197-0
447,DUYFAE__ligand11994-0
448,DUYFAE__ligand31044-0
449,DUYFAE__ligand31842-0
450,DUYFAE__ligand3157-0
451,DUYFAE__ligand9525-0
452,DUYFAE__ligand24035-0
453,DUYFAE__ligand1165-0
454,DUYFAE__ligand4850-0
455,DUYFAE__ligand5056-0
456,DUYFAE__ligand3647-0
457,DUYFAE__ligand30711-0
458,DUYFAE__ligand20207-0
459,DUYFAE__ligand5357-0
460,DUYFAE__ligand11682-0
461,DUYFAE__ligand1688-0
462,DUYFAE__ligand1469-0
463,DUYFAE__ligand3871-0
464,DUYFAE__ligand1768-0
465,DUYFAE__ligand25913-0
466,DUYFAE__ligand16988-0
467,DUYFAE__ligand421-0
468,DUYFAE__ligand1533-0
469,DUYFAE__ligand43-0
470,DUYFAE__ligand19184-0
471,DUYFAE__ligand1496-0
472,DUYFAE__ligand28459-0
473,DUYFAE__ligand7557-0
474,DUYFAE__ligand12453-0
475,DUYFAE__ligand18448-0
476,DUYFAE__ligand685-0
477,DUYFAE__ligand10371-0
478,DUYFAE__ligand294-0
479,DUYFAE__ligand4131-0
480,DUYFAE__ligand1712-0
481,DUYFAE__ligand18568-0
482,DUYFAE__ligand28685-0
483,DUYFAE__ligand5094-0
484,DUYFAE__ligand5892-0
485,DUYFAE__ligand13672-0
486,DUYFAE__ligand1773-0
487,DUYFAE__ligand4581-0
488,DUYFAE__ligand2328-0
489,DUYFAE__ligand7162-0
490,DUYFAE__ligand29029-0
491,DUYFAE__ligand27285-0
492,DUYFAE__ligand3029-0
493,DUYFAE__ligand560-0
494,DUYFAE__ligand9197-0
495,DUYFAE__ligand23197-0
496,DUYFAE__ligand1900-0
497,DUYFAE__ligand2208-0
498,DUYFAE__ligand67-0
499,DUYFAE__ligand3208-0
500,DUYFAE__ligand8722-0
501,DUYFAE__ligand235-0
502,DUYFAE__ligand27669-0
503,DUYFAE__ligand9809-0
504,DUYFAE__ligand6672-0
505,DUYFAE__ligand30142-0
506,DUYFAE__ligand1327-0
507,DUYFAE__ligand13477-0
508,DUYFAE__ligand134-0
509,DUYFAE__ligand14167-0
510,DUYFAE__ligand3350-0
511,DUYFAE__ligand7573-0
512,DUYFAE__ligand2781-0
513,DUYFAE__ligand14043-0
514,DUYFAE__ligand26324-0
515,DUYFAE__ligand28559-0
516,DUYFAE__ligand1147-0
517,DUYFAE__ligand785-0
518,DUYFAE__ligand311-0
519,DUYFAE__ligand19927-0
520,DUYFAE__ligand479-0
521,DUYFAE__ligand3973-0
522,DUYFAE__ligand7925-0
523,DUYFAE__ligand2068-0
524,DUYFAE__ligand564-0
525,DUYFAE__ligand370-1
526,DUYFAE__ligand27239-0
527,DUYFAE__ligand620-0
528,DUYFAE__ligand21729-0
529,DUYFAE__ligand26529-0
530,DUYFAE__ligand7532-0
531,DUYFAE__ligand4194-0
532,DUYFAE__ligand188-0
533,DUYFAE__ligand4330-0
534,DUYFAE__ligand2599-0
535,DUYFAE__ligand11618-0
536,DUYFAE__ligand6283-0
537,DUYFAE__ligand250-0
538,DUYFAE__ligand22403-0
539,DUYFAE__ligand11111-0
540,DUYFAE__ligand4738-0
541,DUYFAE__ligand28540-0
542,DUYFAE__ligand4813-0
543,DUYFAE__ligand5813-0
544,DUYFAE__ligand16369-0
545,DUYFAE__ligand27754-0
546,DUYFAE__ligand20695-0
547,DUYFAE__ligand6062-0
548,DUYFAE__ligand370-0
549,DUYFAE__ligand3215-0
550,DUYFAE__ligand29215-0
551,DUYFAE__ligand10872-0
552,DUYFAE__ligand21399-0
553,DUYFAE__ligand12003-0
554,DUYFAE__ligand16148-0
555,DUYFAE__ligand26631-0
556,DUYFAE__ligand7107-0
557,DUYFAE__ligand830-0
558,DUYFAE__ligand24872-0
559,DUYFAE__ligand78-0
560,DUYFAE__ligand8-0
561,DUYFAE__ligand30728-0
562,DUYFAE__ligand372-0
563,DUYFAE__ligand27840-0
564,DUYFAE__ligand9148-0
565,DUYFAE__ligand1415-0
566,DUYFAE__ligand6946-0
567,DUYFAE__ligand12001-0
568,DUYFAE__ligand193-0
569,DUYFAE__ligand24644-0
570,DUYFAE__ligand10033-0
571,DUYFAE__ligand7529-0
572,DUYFAE__ligand116-0
573,DUYFAE__ligand1729-0
574,DUYFAE__ligand22444-0
575,DUYFAE__ligand5627-0
576,DUYFAE__ligand24111-0
577,DUYFAE__ligand13385-0
578,DUYFAE__ligand252-0
579,DUYFAE__ligand2830-0
580,DUYFAE__ligand14569-0
581,DUYFAE__ligand15788-0
582,DUYFAE__ligand5316-0
583,DUYFAE__ligand23175-0
584,DUYFAE__ligand17396-0
585,DUYFAE__ligand5483-0
586,DUYFAE__ligand11587-0
587,DUYFAE__ligand13220-0
588,DUYFAE__ligand45-0
589,DUYFAE__ligand3012-0
590,DUYFAE__ligand29486-0
591,DUYFAE__ligand1449-0
592,DUYFAE__ligand1065-0
593,DUYFAE__ligand31694-0
594,DUYFAE__ligand7530-0
595,DUYFAE__ligand177-0
596,DUYFAE__ligand24-0
597,DUYFAE__ligand9681-0
598,DUYFAE__ligand17427-0
599,DUYFAE__ligand4332-0
600,DUYFAE__ligand24780-0
601,DUYFAE__ligand3934-0
602,DUYFAE__ligand12138-0
603,DUYFAE__ligand22129-0
604,DUYFAE__ligand11949-0
605,DUYFAE__ligand19-0
606,DUYFAE__ligand6882-0
607,DUYFAE__ligand6455-0
608,DUYFAE__ligand909-0
609,DUYFAE__ligand2403-0
610,DUYFAE__ligand25561-0
611,DUYFAE__ligand19906-0
612,DUYFAE__ligand2917-0
613,DUYFAE__ligand19668-0
614,DUYFAE__ligand7819-0
615,DUYFAE__ligand6102-0
616,DUYFAE__ligand6596-0
617,DUYFAE__ligand3721-0
618,DUYFAE__ligand6904-0
619,DUYFAE__ligand314-1
620,DUYFAE__ligand3465-0
621,DUYFAE__ligand22353-0
622,DUYFAE__ligand4620-0
623,DUYFAE__ligand465-0
624,DUYFAE__ligand1577-0
625,DUYFAE__ligand6067-0
626,DUYFAE__ligand2295-0
627,DUYFAE__ligand42-0
628,DUYFAE__ligand10151-0
629,DUYFAE__ligand16952-0
630,DUYFAE__ligand29813-0
631,DUYFAE__ligand4641-0
632,DUYFAE__ligand618-0
633,DUYFAE__ligand20121-0
634,DUYFAE__ligand66-0
635,DUYFAE__ligand391-0
636,DUYFAE__ligand15387-0
637,DUYFAE__ligand20220-0
638,DUYFAE__ligand314-0
639,DUYFAE__ligand14347-0
640,DUYFAE__ligand13657-0
641,DUYFAE__ligand14302-0
642,DUYFAE__ligand780-0
643,DUYFAE__ligand11698-0
644,DUYFAE__ligand20530-0
645,DUYFAE__ligand813-0
646,DUYFAE__ligand24851-0
647,DUYFAE__ligand1142-0
648,DUYFAE__ligand3234-0
649,DUYFAE__ligand10853-0
650,DUYFAE__ligand29441-0
651,DUYFAE__ligand7126-0
652,DUYFAE__ligand11479-0
653,DUYFAE__ligand27610-0
654,DUYFAE__ligand10479-0
655,DUYFAE__ligand8835-0
656,DUYFAE__ligand2028-0
657,DUYFAE__ligand8992-0
658,DUYFAE__ligand11622-0
659,DUYFAE__ligand9601-0
660,DUYFAE__ligand16870-0
661,DUYFAE__ligand353-0
662,DUYFAE__ligand16603-0
663,DUYFAE__ligand7967-0
664,DUYFAE__ligand6124-0
665,DUYFAE__ligand3707-0
666,DUYFAE__ligand1018-0
667,DUYFAE__ligand11814-0
668,DUYFAE__ligand4116-0
669,DUYFAE__ligand1823-0
670,DUYFAE__ligand5643-0
671,DUYFAE__ligand31205-0
672,DUYFAE__ligand25658-0
673,DUYFAE__ligand17686-0
674,DUYFAE__ligand1324-0
675,DUYFAE__ligand8721-0
676,DUYFAE__ligand9952-0
677,DUYFAE__ligand15455-0
678,DUYFAE__ligand9111-0
679,DUYFAE__ligand393-0
680,DUYFAE__ligand11177-0
681,DUYFAE__ligand1615-0
682,DUYFAE__ligand2526-0
683,DUYFAE__ligand5036-0
684,DUYFAE__ligand686-0
685,DUYFAE__ligand18067-0
686,DUYFAE__ligand19824-0
687,DUYFAE__ligand9441-0
688,DUYFAE__ligand2332-0
689,DUYFAE__ligand1631-0
690,DUYFAE__ligand13260-0
691,DUYFAE__ligand10582-0
692,DUYFAE__ligand1575-0
693,DUYFAE__ligand1530-0
694,DUYFAE__ligand422-0
695,DUYFAE__ligand11252-0
696,DUYFAE__ligand9933-0
697,DUYFAE__ligand31000-0
698,DUYFAE__ligand2915-0
699,DUYFAE__ligand3156-0
700,DUYFAE__ligand11606-0
701,DUYFAE__ligand38-0
702,DUYFAE__ligand20821-0
703,DUYFAE__ligand6244-0
704,DUYFAE__ligand26673-0
705,DUYFAE__ligand1378-0
706,DUYFAE__ligand196-0
707,DUYFAE__ligand7867-0
708,DUYFAE__ligand1219-0
709,DUYFAE__ligand6709-0
710,DUYFAE__ligand4016-0
711,DUYFAE__ligand21940-0
712,DUYFAE__ligand25048-0
713,DUYFAE__ligand152-0
714,DUYFAE__ligand7238-0
715,DUYFAE__ligand24953-0
716,DUYFAE__ligand23445-0
717,DUYFAE__ligand13755-0
718,DUYFAE__ligand16133-0
719,DUYFAE__ligand1304-0
720,DUYFAE__ligand20432-0
721,DUYFAE__ligand1790-0
722,DUYFAE__ligand27122-0
723,DUYFAE__ligand7280-0
724,DUYFAE__ligand4272-0
725,DUYFAE__ligand1451-0
726,DUYFAE__ligand506-0
727,DUYFAE__ligand7629-0
728,DUYFAE__ligand9784-0
729,DUYFAE__ligand9520-0
730,DUYFAE__ligand8699-0
731,DUYFAE__ligand1160-0
732,DUYFAE__ligand30004-0
733,DUYFAE__ligand3954-0
734,DUYFAE__ligand4093-0
735,DUYFAE__ligand20557-0
736,DUYFAE__ligand4442-0
737,DUYFAE__ligand24624-0
738,DUYFAE__ligand4157-0
739,DUYFAE__ligand18413-0
740,DUYFAE__ligand20844-0
741,DUYFAE__ligand9833-0
742,DUYFAE__ligand7648-0
743,DUYFAE__ligand8876-0
744,DUYFAE__ligand2828-0
745,DUYFAE__ligand5256-0
746,DUYFAE__ligand24560-0
747,DUYFAE__ligand18757-0
748,DUYFAE__ligand2176-0
749,DUYFAE__ligand9291-0
750,DUYFAE__ligand18-0
751,DUYFAE__ligand2232-0
752,DUYFAE__ligand487-0
753,DUYFAE__ligand13691-0
754,DUYFAE__ligand746-0
755,DUYFAE__ligand30788-0
756,DUYFAE__ligand1285-0
757,DUYFAE__ligand8115-0
758,DUYFAE__ligand447-0
759,DUYFAE__ligand6768-0
760,DUYFAE__ligand1982-0
761,DUYFAE__ligand14339-0
762,DUYFAE__ligand7000-0
763,DUYFAE__ligand4546-0
764,DUYFAE__ligand4503-0
765,DUYFAE__ligand21752-0
766,DUYFAE__ligand176-0
767,DUYFAE__ligand27771-0
768,DUYFAE__ligand1512-0
769,DUYFAE__ligand5331-0
770,DUYFAE__ligand368-0
771,DUYFAE__ligand18158-0
772,DUYFAE__ligand3565-0
773,DUYFAE__ligand23682-0
774,DUYFAE__ligand29565-0
775,DUYFAE__ligand395-0
776,DUYFAE__ligand21339-0
777,DUYFAE__ligand14226-0
778,DUYFAE__ligand16956-0
779,DUYFAE__ligand6919-0
780,DUYFAE__ligand20942-1
781,DUYFAE__ligand3852-0
782,DUYFAE__ligand2485-0
783,DUYFAE__ligand5211-0
784,DUYFAE__ligand4155-0
785,DUYFAE__ligand3094-0
786,DUYFAE__ligand27550-0
787,DUYFAE__ligand14007-0
788,DUYFAE__ligand4720-0
789,DUYFAE__ligand18019-1
790,DUYFAE__ligand6839-0
791,DUYFAE__ligand784-0
792,DUYFAE__ligand8969-0
793,DUYFAE__ligand3131-0
794,DUYFAE__ligand3174-0
795,DUYFAE__ligand1202-0
796,DUYFAE__ligand3937-0
797,DUYFAE__ligand11758-0
798,DUYFAE__ligand7242-0
799,DUYFAE__ligand22357-0
800,DUYFAE__ligand21448-0
801,DUYFAE__ligand7106-0
802,DUYFAE__ligand9908-0
803,DUYFAE__ligand1263-0
804,DUYFAE__ligand11501-0
805,DUYFAE__ligand11544-0
806,DUYFAE__ligand29214-0
807,DUYFAE__ligand833-0
808,DUYFAE__ligand1959-0
809,DUYFAE__ligand17445-0
810,DUYFAE__ligand3504-0
811,DUYFAE__ligand14477-0
812,DUYFAE__ligand9935-0
813,DUYFAE__ligand17069-0
814,DUYFAE__ligand1573-0
815,DUYFAE__ligand1536-0
816,DUYFAE__ligand6616-0
817,DUYFAE__ligand3876-0
818,DUYFAE__ligand1343-0
819,DUYFAE__ligand3035-0
820,DUYFAE__ligand11798-0
821,DUYFAE__ligand3718-0
822,DUYFAE__ligand1844-0
823,DUYFAE__ligand4661-0
824,DUYFAE__ligand20731-0
825,DUYFAE__ligand29334-0
826,DUYFAE__ligand115-0
827,DUYFAE__ligand12413-0
