,TMC
0,WUBZIE__ligand465-0
1,WUBZIE__ligand18703-0
2,WUBZIE__ligand29087-0
3,WUBZIE__ligand2068-0
4,WUBZIE__ligand7925-0
5,WUBZIE__ligand3973-0
6,WUBZIE__ligand15438-0
7,WUBZIE__ligand1147-0
8,WUBZIE__ligand28924-0
9,WUBZIE__ligand314-1
10,WUBZIE__ligand2599-0
11,WUBZIE__ligand24750-0
12,WUBZIE__ligand4330-0
13,WUBZIE__ligand18-0
14,WUBZIE__ligand4194-0
15,WUBZIE__ligand17207-0
16,WUBZIE__ligand31578-0
17,WUBZIE__ligand7532-0
18,WUBZIE__ligand25224-0
19,WUBZIE__ligand18013-0
20,WUBZIE__ligand17945-0
21,WUBZIE__ligand6062-0
22,WUBZIE__ligand4813-0
23,WUBZIE__ligand5813-0
24,WUBZIE__ligand4738-0
25,WUBZIE__ligand10432-0
26,WUBZIE__ligand11432-0
27,WUBZIE__ligand31618-0
28,WUBZIE__ligand22755-0
29,WUBZIE__ligand314-0
30,WUBZIE__ligand780-0
31,WUBZIE__ligand29898-0
32,WUBZIE__ligand6283-0
33,WUBZIE__ligand26277-0
34,WUBZIE__ligand813-0
35,WUBZIE__ligand15168-0
36,WUBZIE__ligand7107-0
37,WUBZIE__ligand391-0
38,WUBZIE__ligand23589-0
39,WUBZIE__ligand3215-0
40,WUBZIE__ligand618-0
41,WUBZIE__ligand24064-0
42,WUBZIE__ligand7529-0
43,WUBZIE__ligand19725-0
44,WUBZIE__ligand393-0
45,WUBZIE__ligand24613-0
46,WUBZIE__ligand1415-0
47,WUBZIE__ligand6946-0
48,WUBZIE__ligand9148-0
49,WUBZIE__ligand31483-0
50,WUBZIE__ligand10555-0
51,WUBZIE__ligand20579-0
52,WUBZIE__ligand17710-0
53,WUBZIE__ligand11568-0
54,WUBZIE__ligand5483-0
55,WUBZIE__ligand5316-0
56,WUBZIE__ligand2830-0
57,WUBZIE__ligand14586-0
58,WUBZIE__ligand11774-0
59,WUBZIE__ligand21421-0
60,WUBZIE__ligand5627-0
61,WUBZIE__ligand353-0
62,WUBZIE__ligand1729-0
63,WUBZIE__ligand4332-0
64,WUBZIE__ligand18699-0
65,WUBZIE__ligand12682-0
66,WUBZIE__ligand196-0
67,WUBZIE__ligand9681-0
68,WUBZIE__ligand17590-0
69,WUBZIE__ligand1065-0
70,WUBZIE__ligand7530-0
71,WUBZIE__ligand17240-0
72,WUBZIE__ligand1449-0
73,WUBZIE__ligand3012-0
74,WUBZIE__ligand12336-0
75,WUBZIE__ligand2403-0
76,WUBZIE__ligand422-0
77,WUBZIE__ligand13072-0
78,WUBZIE__ligand686-0
79,WUBZIE__ligand6882-0
80,WUBZIE__ligand6455-0
81,WUBZIE__ligand3934-0
82,WUBZIE__ligand12467-0
83,WUBZIE__ligand8464-0
84,WUBZIE__ligand10084-0
85,WUBZIE__ligand1709-0
86,WUBZIE__ligand25267-0
87,WUBZIE__ligand8349-0
88,WUBZIE__ligand23904-0
89,WUBZIE__ligand2527-0
90,WUBZIE__ligand506-0
91,WUBZIE__ligand21936-0
92,WUBZIE__ligand13257-0
93,WUBZIE__ligand20599-0
94,WUBZIE__ligand22981-0
95,WUBZIE__ligand152-0
96,WUBZIE__ligand25805-0
97,WUBZIE__ligand5849-0
98,WUBZIE__ligand27074-0
99,WUBZIE__ligand18391-0
100,WUBZIE__ligand1771-0
101,WUBZIE__ligand4911-0
102,WUBZIE__ligand14523-0
103,WUBZIE__ligand27169-0
104,WUBZIE__ligand3392-0
105,WUBZIE__ligand66-0
106,WUBZIE__ligand28668-0
107,WUBZIE__ligand1165-0
108,WUBZIE__ligand9525-0
109,WUBZIE__ligand176-0
110,WUBZIE__ligand3157-0
111,WUBZIE__ligand16791-0
112,WUBZIE__ligand42-0
113,WUBZIE__ligand1379-0
114,WUBZIE__ligand18799-0
115,WUBZIE__ligand18465-0
116,WUBZIE__ligand2722-0
117,WUBZIE__ligand746-0
118,WUBZIE__ligand5935-0
119,WUBZIE__ligand447-0
120,WUBZIE__ligand13869-0
121,WUBZIE__ligand18074-0
122,WUBZIE__ligand1768-0
123,WUBZIE__ligand29863-0
124,WUBZIE__ligand3871-0
125,WUBZIE__ligand487-0
126,WUBZIE__ligand1469-0
127,WUBZIE__ligand1688-0
128,WUBZIE__ligand11140-0
129,WUBZIE__ligand3647-0
130,WUBZIE__ligand5357-0
131,WUBZIE__ligand29610-0
132,WUBZIE__ligand4850-0
133,WUBZIE__ligand5056-0
134,WUBZIE__ligand38-0
135,WUBZIE__ligand1496-0
136,WUBZIE__ligand7557-0
137,WUBZIE__ligand784-0
138,WUBZIE__ligand23124-0
139,WUBZIE__ligand11206-0
140,WUBZIE__ligand1533-0
141,WUBZIE__ligand25735-0
142,WUBZIE__ligand12519-0
143,WUBZIE__ligand5094-0
144,WUBZIE__ligand5892-0
145,WUBZIE__ligand13209-0
146,WUBZIE__ligand19257-0
147,WUBZIE__ligand12660-0
148,WUBZIE__ligand4131-0
149,WUBZIE__ligand1712-0
150,WUBZIE__ligand368-0
151,WUBZIE__ligand25650-0
152,WUBZIE__ligand395-0
153,WUBZIE__ligand31248-0
154,WUBZIE__ligand27835-0
155,WUBZIE__ligand1900-0
156,WUBZIE__ligand9197-0
157,WUBZIE__ligand12295-0
158,WUBZIE__ligand115-0
159,WUBZIE__ligand3029-0
160,WUBZIE__ligand7162-0
161,WUBZIE__ligand25689-0
162,WUBZIE__ligand2328-0
163,WUBZIE__ligand25575-0
164,WUBZIE__ligand1773-0
165,WUBZIE__ligand4581-0
166,WUBZIE__ligand21787-0
167,WUBZIE__ligand3350-0
168,WUBZIE__ligand7573-0
169,WUBZIE__ligand2781-0
170,WUBZIE__ligand6672-0
171,WUBZIE__ligand9809-0
172,WUBZIE__ligand1327-0
173,WUBZIE__ligand833-0
174,WUBZIE__ligand8722-0
175,WUBZIE__ligand30539-0
176,WUBZIE__ligand11166-0
177,WUBZIE__ligand21132-0
178,WUBZIE__ligand2208-0
179,WUBZIE__ligand3208-0
180,WUBZIE__ligand23906-0
181,WUBZIE__ligand1304-0
182,WUBZIE__ligand1790-0
183,WUBZIE__ligand7280-0
184,WUBZIE__ligand30988-0
185,WUBZIE__ligand23713-0
186,WUBZIE__ligand27175-0
187,WUBZIE__ligand783-0
188,WUBZIE__ligand352-0
189,WUBZIE__ligand18832-0
190,WUBZIE__ligand7238-0
191,WUBZIE__ligand20578-0
192,WUBZIE__ligand12934-0
193,WUBZIE__ligand15422-0
194,WUBZIE__ligand19641-0
195,WUBZIE__ligand4016-0
196,WUBZIE__ligand6709-0
197,WUBZIE__ligand1219-0
198,WUBZIE__ligand14723-0
199,WUBZIE__ligand27893-0
200,WUBZIE__ligand7867-0
201,WUBZIE__ligand3954-0
202,WUBZIE__ligand4442-0
203,WUBZIE__ligand4093-0
204,WUBZIE__ligand31783-0
205,WUBZIE__ligand8699-0
206,WUBZIE__ligand1160-0
207,WUBZIE__ligand9520-0
208,WUBZIE__ligand9784-0
209,WUBZIE__ligand13012-0
210,WUBZIE__ligand17631-0
211,WUBZIE__ligand26665-0
212,WUBZIE__ligand14603-0
213,WUBZIE__ligand14297-0
214,WUBZIE__ligand868-0
215,WUBZIE__ligand7629-0
216,WUBZIE__ligand17258-0
217,WUBZIE__ligand4272-0
218,WUBZIE__ligand1451-0
219,WUBZIE__ligand12606-0
220,WUBZIE__ligand2232-0
221,WUBZIE__ligand9291-0
222,WUBZIE__ligand30333-0
223,WUBZIE__ligand2176-0
224,WUBZIE__ligand5256-0
225,WUBZIE__ligand26540-0
226,WUBZIE__ligand9833-0
227,WUBZIE__ligand29410-0
228,WUBZIE__ligand12337-0
229,WUBZIE__ligand7648-0
230,WUBZIE__ligand2828-0
231,WUBZIE__ligand8876-0
232,WUBZIE__ligand30296-0
233,WUBZIE__ligand4157-0
234,WUBZIE__ligand17281-0
235,WUBZIE__ligand16628-0
236,WUBZIE__ligand12427-0
237,WUBZIE__ligand4546-0
238,WUBZIE__ligand4503-0
239,WUBZIE__ligand28468-0
240,WUBZIE__ligand20740-0
241,WUBZIE__ligand1982-0
242,WUBZIE__ligand27460-0
243,WUBZIE__ligand7000-0
244,WUBZIE__ligand8115-0
245,WUBZIE__ligand6768-0
246,WUBZIE__ligand1285-0
247,WUBZIE__ligand197-0
248,WUBZIE__ligand19-0
249,WUBZIE__ligand3852-0
250,WUBZIE__ligand2485-0
251,WUBZIE__ligand29302-0
252,WUBZIE__ligand6919-0
253,WUBZIE__ligand13425-0
254,WUBZIE__ligand19057-0
255,WUBZIE__ligand18814-0
256,WUBZIE__ligand28676-0
257,WUBZIE__ligand10262-0
258,WUBZIE__ligand3565-0
259,WUBZIE__ligand27763-0
260,WUBZIE__ligand8-0
261,WUBZIE__ligand1512-0
262,WUBZIE__ligand5331-0
263,WUBZIE__ligand294-0
264,WUBZIE__ligand8969-0
265,WUBZIE__ligand10958-0
266,WUBZIE__ligand3131-0
267,WUBZIE__ligand1202-0
268,WUBZIE__ligand3937-0
269,WUBZIE__ligand3174-0
270,WUBZIE__ligand6839-0
271,WUBZIE__ligand685-0
272,WUBZIE__ligand4720-0
273,WUBZIE__ligand12641-0
274,WUBZIE__ligand421-0
275,WUBZIE__ligand3094-0
276,WUBZIE__ligand4155-0
277,WUBZIE__ligand24-0
278,WUBZIE__ligand5211-0
279,WUBZIE__ligand14108-0
280,WUBZIE__ligand17805-0
281,WUBZIE__ligand235-0
282,WUBZIE__ligand17302-0
283,WUBZIE__ligand134-0
284,WUBZIE__ligand1263-0
285,WUBZIE__ligand9908-0
286,WUBZIE__ligand7106-0
287,WUBZIE__ligand45-0
288,WUBZIE__ligand25178-0
289,WUBZIE__ligand7242-0
290,WUBZIE__ligand24185-0
291,WUBZIE__ligand23769-0
292,WUBZIE__ligand10476-0
293,WUBZIE__ligand13068-0
294,WUBZIE__ligand4661-0
295,WUBZIE__ligand1844-0
296,WUBZIE__ligand19830-0
297,WUBZIE__ligand12401-0
298,WUBZIE__ligand15585-0
299,WUBZIE__ligand3718-0
300,WUBZIE__ligand6616-0
301,WUBZIE__ligand3035-0
302,WUBZIE__ligand78-0
303,WUBZIE__ligand3876-0
304,WUBZIE__ligand1343-0
305,WUBZIE__ligand24145-0
306,WUBZIE__ligand1573-0
307,WUBZIE__ligand1536-0
308,WUBZIE__ligand12231-0
309,WUBZIE__ligand9935-0
310,WUBZIE__ligand3504-0
311,WUBZIE__ligand26702-0
312,WUBZIE__ligand13658-0
313,WUBZIE__ligand18292-0
314,WUBZIE__ligand560-0
315,WUBZIE__ligand12289-0
316,WUBZIE__ligand17387-0
317,WUBZIE__ligand12130-0
318,WUBZIE__ligand1959-0
319,WUBZIE__ligand3465-0
320,WUBZIE__ligand6102-0
321,WUBZIE__ligand6904-0
322,WUBZIE__ligand3721-0
323,WUBZIE__ligand6596-0
324,WUBZIE__ligand7819-0
325,WUBZIE__ligand2917-0
326,WUBZIE__ligand13208-0
327,WUBZIE__ligand188-0
328,WUBZIE__ligand27482-0
329,WUBZIE__ligand26810-0
330,WUBZIE__ligand564-0
331,WUBZIE__ligand20682-0
332,WUBZIE__ligand6067-0
333,WUBZIE__ligand1577-0
334,WUBZIE__ligand620-0
335,WUBZIE__ligand2295-0
336,WUBZIE__ligand370-1
337,WUBZIE__ligand479-0
338,WUBZIE__ligand13390-0
339,WUBZIE__ligand4620-0
340,WUBZIE__ligand785-0
341,WUBZIE__ligand311-0
342,WUBZIE__ligand25411-0
343,WUBZIE__ligand4641-0
344,WUBZIE__ligand370-0
345,WUBZIE__ligand11456-0
346,WUBZIE__ligand10712-0
347,WUBZIE__ligand14174-0
348,WUBZIE__ligand13331-0
349,WUBZIE__ligand28884-0
350,WUBZIE__ligand2028-0
351,WUBZIE__ligand8835-0
352,WUBZIE__ligand7126-0
353,WUBZIE__ligand12030-0
354,WUBZIE__ligand14248-0
355,WUBZIE__ligand29879-0
356,WUBZIE__ligand250-0
357,WUBZIE__ligand3234-0
358,WUBZIE__ligand1142-0
359,WUBZIE__ligand31832-0
360,WUBZIE__ligand13294-0
361,WUBZIE__ligand4116-0
362,WUBZIE__ligand1018-0
363,WUBZIE__ligand7967-0
364,WUBZIE__ligand20011-0
365,WUBZIE__ligand17278-0
366,WUBZIE__ligand6124-0
367,WUBZIE__ligand3707-0
368,WUBZIE__ligand29414-0
369,WUBZIE__ligand67-0
370,WUBZIE__ligand17982-0
371,WUBZIE__ligand9601-0
372,WUBZIE__ligand11675-0
373,WUBZIE__ligand20598-0
374,WUBZIE__ligand116-0
375,WUBZIE__ligand10589-0
376,WUBZIE__ligand22557-0
377,WUBZIE__ligand24047-0
378,WUBZIE__ligand8992-0
379,WUBZIE__ligand17398-0
380,WUBZIE__ligand252-0
381,WUBZIE__ligand1615-0
382,WUBZIE__ligand5036-0
383,WUBZIE__ligand2526-0
384,WUBZIE__ligand193-0
385,WUBZIE__ligand9111-0
386,WUBZIE__ligand9952-0
387,WUBZIE__ligand14703-0
388,WUBZIE__ligand16475-0
389,WUBZIE__ligand8721-0
390,WUBZIE__ligand20251-1
391,WUBZIE__ligand1324-0
392,WUBZIE__ligand830-0
393,WUBZIE__ligand1823-0
394,WUBZIE__ligand5643-0
395,WUBZIE__ligand372-0
396,WUBZIE__ligand909-0
397,WUBZIE__ligand9933-0
398,WUBZIE__ligand1575-0
399,WUBZIE__ligand1530-0
400,WUBZIE__ligand21581-0
401,WUBZIE__ligand31097-0
402,WUBZIE__ligand20539-0
403,WUBZIE__ligand1631-0
404,WUBZIE__ligand30702-0
405,WUBZIE__ligand20214-0
406,WUBZIE__ligand20251-0
407,WUBZIE__ligand2332-0
408,WUBZIE__ligand9441-0
409,WUBZIE__ligand17261-0
410,WUBZIE__ligand14117-0
411,WUBZIE__ligand43-0
412,WUBZIE__ligand1378-0
413,WUBZIE__ligand28789-0
414,WUBZIE__ligand20419-0
415,WUBZIE__ligand17118-0
416,WUBZIE__ligand21371-0
417,WUBZIE__ligand6244-0
418,WUBZIE__ligand30851-0
419,WUBZIE__ligand14889-0
420,WUBZIE__ligand177-0
421,WUBZIE__ligand2915-0
422,WUBZIE__ligand3156-0
423,WUBZIE__ligand29568-0
424,WUBZIE__ligand26529-0
425,WUBZIE__ligand6699-0
426,WUBZIE__ligand1294-0
427,WUBZIE__ligand1168-0
428,WUBZIE__ligand656-0
429,WUBZIE__ligand3677-0
430,WUBZIE__ligand11618-0
431,WUBZIE__ligand3632-0
432,WUBZIE__ligand14043-0
433,WUBZIE__ligand1211-0
434,WUBZIE__ligand26324-0
435,WUBZIE__ligand28559-0
436,WUBZIE__ligand6892-0
437,WUBZIE__ligand19927-0
438,WUBZIE__ligand696-0
439,WUBZIE__ligand2881-0
440,WUBZIE__ligand1499-0
441,WUBZIE__ligand3712-0
442,WUBZIE__ligand1464-0
443,WUBZIE__ligand27239-0
444,WUBZIE__ligand21729-0
445,WUBZIE__ligand2693-0
446,WUBZIE__ligand5383-0
447,WUBZIE__ligand226-0
448,WUBZIE__ligand3945-0
449,WUBZIE__ligand162-0
450,WUBZIE__ligand29215-0
451,WUBZIE__ligand10872-0
452,WUBZIE__ligand8000-0
453,WUBZIE__ligand21399-0
454,WUBZIE__ligand3736-0
455,WUBZIE__ligand383-0
456,WUBZIE__ligand12003-0
457,WUBZIE__ligand9344-0
458,WUBZIE__ligand16148-0
459,WUBZIE__ligand26631-0
460,WUBZIE__ligand416-0
461,WUBZIE__ligand9883-0
462,WUBZIE__ligand3677-1
463,WUBZIE__ligand7291-0
464,WUBZIE__ligand22403-0
465,WUBZIE__ligand11111-0
466,WUBZIE__ligand28540-0
467,WUBZIE__ligand9299-0
468,WUBZIE__ligand16369-0
469,WUBZIE__ligand27754-0
470,WUBZIE__ligand20695-0
471,WUBZIE__ligand2985-0
472,WUBZIE__ligand4007-0
473,WUBZIE__ligand7293-0
474,WUBZIE__ligand22444-0
475,WUBZIE__ligand2822-0
476,WUBZIE__ligand3867-0
477,WUBZIE__ligand69-0
478,WUBZIE__ligand24111-0
479,WUBZIE__ligand1317-0
480,WUBZIE__ligand13385-0
481,WUBZIE__ligand14569-0
482,WUBZIE__ligand571-0
483,WUBZIE__ligand15788-0
484,WUBZIE__ligand534-0
485,WUBZIE__ligand23175-0
486,WUBZIE__ligand17396-0
487,WUBZIE__ligand2238-0
488,WUBZIE__ligand670-0
489,WUBZIE__ligand5304-0
490,WUBZIE__ligand11587-0
491,WUBZIE__ligand9167-0
492,WUBZIE__ligand13220-0
493,WUBZIE__ligand24872-0
494,WUBZIE__ligand5080-0
495,WUBZIE__ligand7762-0
496,WUBZIE__ligand30728-0
497,WUBZIE__ligand27840-0
498,WUBZIE__ligand12001-0
499,WUBZIE__ligand24644-0
500,WUBZIE__ligand6117-0
501,WUBZIE__ligand1407-0
502,WUBZIE__ligand10033-0
503,WUBZIE__ligand8002-0
504,WUBZIE__ligand5509-0
505,WUBZIE__ligand11-0
506,WUBZIE__ligand24780-0
507,WUBZIE__ligand694-0
508,WUBZIE__ligand12138-0
509,WUBZIE__ligand2221-0
510,WUBZIE__ligand22129-0
511,WUBZIE__ligand11949-0
512,WUBZIE__ligand3926-0
513,WUBZIE__ligand3120-0
514,WUBZIE__ligand4358-0
515,WUBZIE__ligand488-0
516,WUBZIE__ligand358-0
517,WUBZIE__ligand4101-0
518,WUBZIE__ligand25561-0
519,WUBZIE__ligand430-0
520,WUBZIE__ligand5595-0
521,WUBZIE__ligand29486-0
522,WUBZIE__ligand5510-0
523,WUBZIE__ligand1376-0
524,WUBZIE__ligand31694-0
525,WUBZIE__ligand9773-0
526,WUBZIE__ligand8592-0
527,WUBZIE__ligand17427-0
528,WUBZIE__ligand5099-0
529,WUBZIE__ligand1197-0
530,WUBZIE__ligand2259-0
531,WUBZIE__ligand1296-0
532,WUBZIE__ligand28743-0
533,WUBZIE__ligand15531-0
534,WUBZIE__ligand9323-0
535,WUBZIE__ligand11357-0
536,WUBZIE__ligand13862-0
537,WUBZIE__ligand89-0
538,WUBZIE__ligand7273-0
539,WUBZIE__ligand12365-0
540,WUBZIE__ligand10056-0
541,WUBZIE__ligand7172-0
542,WUBZIE__ligand2124-0
543,WUBZIE__ligand8612-0
544,WUBZIE__ligand21919-0
545,WUBZIE__ligand1116-0
546,WUBZIE__ligand1153-0
547,WUBZIE__ligand3225-0
548,WUBZIE__ligand2260-0
549,WUBZIE__ligand7092-0
550,WUBZIE__ligand22294-0
551,WUBZIE__ligand22168-0
552,WUBZIE__ligand28930-0
553,WUBZIE__ligand15883-0
554,WUBZIE__ligand5708-0
555,WUBZIE__ligand7316-0
556,WUBZIE__ligand11970-0
557,WUBZIE__ligand6017-0
558,WUBZIE__ligand10828-0
559,WUBZIE__ligand5180-0
560,WUBZIE__ligand49-0
561,WUBZIE__ligand19792-0
562,WUBZIE__ligand15926-0
563,WUBZIE__ligand324-0
564,WUBZIE__ligand361-0
565,WUBZIE__ligand24230-0
566,WUBZIE__ligand11447-0
567,WUBZIE__ligand11096-0
568,WUBZIE__ligand28810-0
569,WUBZIE__ligand409-0
570,WUBZIE__ligand3178-0
571,WUBZIE__ligand588-0
572,WUBZIE__ligand30711-0
573,WUBZIE__ligand20207-0
574,WUBZIE__ligand4807-0
575,WUBZIE__ligand11682-0
576,WUBZIE__ligand5159-0
577,WUBZIE__ligand300-0
578,WUBZIE__ligand7196-0
579,WUBZIE__ligand9753-0
580,WUBZIE__ligand5530-0
581,WUBZIE__ligand25913-0
582,WUBZIE__ligand1356-0
583,WUBZIE__ligand1787-0
584,WUBZIE__ligand16988-0
585,WUBZIE__ligand14614-0
586,WUBZIE__ligand2788-0
587,WUBZIE__ligand5649-0
588,WUBZIE__ligand8793-0
589,WUBZIE__ligand4649-0
590,WUBZIE__ligand16663-0
591,WUBZIE__ligand199-0
592,WUBZIE__ligand11994-0
593,WUBZIE__ligand31044-0
594,WUBZIE__ligand3244-0
595,WUBZIE__ligand4711-0
596,WUBZIE__ligand31842-0
597,WUBZIE__ligand24035-0
598,WUBZIE__ligand2906-0
599,WUBZIE__ligand4-0
600,WUBZIE__ligand10371-0
601,WUBZIE__ligand17-0
602,WUBZIE__ligand18568-0
603,WUBZIE__ligand28685-0
604,WUBZIE__ligand5387-0
605,WUBZIE__ligand2203-0
606,WUBZIE__ligand1289-0
607,WUBZIE__ligand13672-0
608,WUBZIE__ligand1599-0
609,WUBZIE__ligand633-0
610,WUBZIE__ligand2612-0
611,WUBZIE__ligand19184-0
612,WUBZIE__ligand28459-0
613,WUBZIE__ligand497-0
614,WUBZIE__ligand12453-0
615,WUBZIE__ligand18448-0
616,WUBZIE__ligand9450-0
617,WUBZIE__ligand9943-0
618,WUBZIE__ligand1228-0
619,WUBZIE__ligand1604-0
620,WUBZIE__ligand27669-0
621,WUBZIE__ligand8788-0
622,WUBZIE__ligand326-0
623,WUBZIE__ligand30142-0
624,WUBZIE__ligand1832-0
625,WUBZIE__ligand13477-0
626,WUBZIE__ligand14167-0
627,WUBZIE__ligand2043-0
628,WUBZIE__ligand29029-0
629,WUBZIE__ligand2417-0
630,WUBZIE__ligand436-0
631,WUBZIE__ligand27285-0
632,WUBZIE__ligand1114-0
633,WUBZIE__ligand692-0
634,WUBZIE__ligand9284-0
635,WUBZIE__ligand3126-0
636,WUBZIE__ligand23197-0
637,WUBZIE__ligand6391-0
638,WUBZIE__ligand3471-0
639,WUBZIE__ligand4161-0
640,WUBZIE__ligand4124-0
641,WUBZIE__ligand338-0
642,WUBZIE__ligand55-0
643,WUBZIE__ligand1-0
644,WUBZIE__ligand5415-0
645,WUBZIE__ligand30004-0
646,WUBZIE__ligand20557-0
647,WUBZIE__ligand3180-0
648,WUBZIE__ligand2281-0
649,WUBZIE__ligand2650-0
650,WUBZIE__ligand21940-0
651,WUBZIE__ligand4340-0
652,WUBZIE__ligand25048-0
653,WUBZIE__ligand2823-0
654,WUBZIE__ligand24953-0
655,WUBZIE__ligand23445-0
656,WUBZIE__ligand68-0
657,WUBZIE__ligand16133-0
658,WUBZIE__ligand13755-0
659,WUBZIE__ligand20432-0
660,WUBZIE__ligand27122-0
661,WUBZIE__ligand6995-0
662,WUBZIE__ligand13691-0
663,WUBZIE__ligand9944-0
664,WUBZIE__ligand30788-0
665,WUBZIE__ligand178-0
666,WUBZIE__ligand8593-0
667,WUBZIE__ligand279-0
668,WUBZIE__ligand185-0
669,WUBZIE__ligand14339-0
670,WUBZIE__ligand7566-0
671,WUBZIE__ligand321-0
672,WUBZIE__ligand2001-0
673,WUBZIE__ligand21752-0
674,WUBZIE__ligand34-0
675,WUBZIE__ligand24624-0
676,WUBZIE__ligand18413-0
677,WUBZIE__ligand5201-0
678,WUBZIE__ligand20844-0
679,WUBZIE__ligand24560-0
680,WUBZIE__ligand18757-0
681,WUBZIE__ligand1113-0
682,WUBZIE__ligand201-0
683,WUBZIE__ligand8553-0
684,WUBZIE__ligand4596-0
685,WUBZIE__ligand1498-0
686,WUBZIE__ligand777-0
687,WUBZIE__ligand27550-0
688,WUBZIE__ligand9615-0
689,WUBZIE__ligand14007-0
690,WUBZIE__ligand941-0
691,WUBZIE__ligand18019-1
692,WUBZIE__ligand596-0
693,WUBZIE__ligand1154-0
694,WUBZIE__ligand27771-0
695,WUBZIE__ligand187-0
696,WUBZIE__ligand8529-0
697,WUBZIE__ligand1169-0
698,WUBZIE__ligand18158-0
699,WUBZIE__ligand657-0
700,WUBZIE__ligand23682-0
701,WUBZIE__ligand29565-0
702,WUBZIE__ligand21339-0
703,WUBZIE__ligand14226-0
704,WUBZIE__ligand16956-0
705,WUBZIE__ligand20942-1
706,WUBZIE__ligand366-0
707,WUBZIE__ligand17445-0
708,WUBZIE__ligand14477-0
709,WUBZIE__ligand17069-0
710,WUBZIE__ligand1015-0
711,WUBZIE__ligand11798-0
712,WUBZIE__ligand1050-0
713,WUBZIE__ligand845-0
714,WUBZIE__ligand2027-0
715,WUBZIE__ligand20731-0
716,WUBZIE__ligand29334-0
717,WUBZIE__ligand12413-0
718,WUBZIE__ligand57-0
719,WUBZIE__ligand4262-0
720,WUBZIE__ligand11758-0
721,WUBZIE__ligand22357-0
722,WUBZIE__ligand21448-0
723,WUBZIE__ligand1028-0
724,WUBZIE__ligand2692-0
725,WUBZIE__ligand11501-0
726,WUBZIE__ligand1618-0
727,WUBZIE__ligand11544-0
728,WUBZIE__ligand126-0
729,WUBZIE__ligand3-0
730,WUBZIE__ligand163-0
731,WUBZIE__ligand29214-0
732,WUBZIE__ligand9750-0
733,WUBZIE__ligand6993-0
734,WUBZIE__ligand1817-0
735,WUBZIE__ligand1779-0
736,WUBZIE__ligand1149-0
737,WUBZIE__ligand3980-0
738,WUBZIE__ligand3557-0
739,WUBZIE__ligand10151-0
740,WUBZIE__ligand7075-0
741,WUBZIE__ligand122-0
742,WUBZIE__ligand19906-0
743,WUBZIE__ligand1288-0
744,WUBZIE__ligand19668-0
745,WUBZIE__ligand4167-0
746,WUBZIE__ligand9491-0
747,WUBZIE__ligand16-0
748,WUBZIE__ligand4266-0
749,WUBZIE__ligand1400-0
750,WUBZIE__ligand757-0
751,WUBZIE__ligand22353-0
752,WUBZIE__ligand14347-0
753,WUBZIE__ligand13657-0
754,WUBZIE__ligand14302-0
755,WUBZIE__ligand11698-0
756,WUBZIE__ligand1150-0
757,WUBZIE__ligand20530-0
758,WUBZIE__ligand693-0
759,WUBZIE__ligand1539-0
760,WUBZIE__ligand24851-0
761,WUBZIE__ligand4207-0
762,WUBZIE__ligand10853-0
763,WUBZIE__ligand29441-0
764,WUBZIE__ligand32-0
765,WUBZIE__ligand3453-0
766,WUBZIE__ligand11479-0
767,WUBZIE__ligand3416-0
768,WUBZIE__ligand27610-0
769,WUBZIE__ligand10479-0
770,WUBZIE__ligand16952-0
771,WUBZIE__ligand29813-0
772,WUBZIE__ligand3042-0
773,WUBZIE__ligand20121-0
774,WUBZIE__ligand15387-0
775,WUBZIE__ligand20220-0
776,WUBZIE__ligand4063-0
777,WUBZIE__ligand8200-0
778,WUBZIE__ligand7438-0
779,WUBZIE__ligand5515-0
780,WUBZIE__ligand6663-0
781,WUBZIE__ligand48-0
782,WUBZIE__ligand31205-0
783,WUBZIE__ligand25658-0
784,WUBZIE__ligand17686-0
785,WUBZIE__ligand5280-0
786,WUBZIE__ligand5614-0
787,WUBZIE__ligand1831-0
788,WUBZIE__ligand15455-0
789,WUBZIE__ligand11177-0
790,WUBZIE__ligand1216-0
791,WUBZIE__ligand141-0
792,WUBZIE__ligand11622-0
793,WUBZIE__ligand1152-0
794,WUBZIE__ligand3261-0
795,WUBZIE__ligand240-0
796,WUBZIE__ligand5019-0
797,WUBZIE__ligand16870-0
798,WUBZIE__ligand1849-0
799,WUBZIE__ligand16603-0
800,WUBZIE__ligand11814-0
801,WUBZIE__ligand4710-0
802,WUBZIE__ligand31000-0
803,WUBZIE__ligand5755-0
804,WUBZIE__ligand11606-0
805,WUBZIE__ligand3144-0
806,WUBZIE__ligand5085-0
807,WUBZIE__ligand6112-0
808,WUBZIE__ligand20821-0
809,WUBZIE__ligand384-0
810,WUBZIE__ligand8042-0
811,WUBZIE__ligand51-0
812,WUBZIE__ligand26673-0
813,WUBZIE__ligand1397-0
814,WUBZIE__ligand7213-0
815,WUBZIE__ligand1828-0
816,WUBZIE__ligand91-0
817,WUBZIE__ligand5630-0
818,WUBZIE__ligand18067-0
819,WUBZIE__ligand19824-0
820,WUBZIE__ligand768-0
821,WUBZIE__ligand1786-0
822,WUBZIE__ligand4795-0
823,WUBZIE__ligand3285-0
824,WUBZIE__ligand13260-0
825,WUBZIE__ligand10582-0
826,WUBZIE__ligand11252-0
827,WUBZIE__ligand1908-0
