,TMC
0,FUVVUP__ligand5643-0
1,FUVVUP__ligand1823-0
2,FUVVUP__ligand31694-0
3,FUVVUP__ligand1324-0
4,FUVVUP__ligand29486-0
5,FUVVUP__ligand8721-0
6,FUVVUP__ligand9111-0
7,FUVVUP__ligand9952-0
8,FUVVUP__ligand38-0
9,FUVVUP__ligand17427-0
10,FUVVUP__ligand5036-0
11,FUVVUP__ligand2526-0
12,FUVVUP__ligand201-0
13,FUVVUP__ligand1615-0
14,FUVVUP__ligand185-0
15,FUVVUP__ligand8992-0
16,FUVVUP__ligand279-0
17,FUVVUP__ligand11949-0
18,FUVVUP__ligand22129-0
19,FUVVUP__ligand12138-0
20,FUVVUP__ligand24780-0
21,FUVVUP__ligand178-0
22,FUVVUP__ligand9601-0
23,FUVVUP__ligand25561-0
24,FUVVUP__ligand6124-0
25,FUVVUP__ligand3707-0
26,FUVVUP__ligand7967-0
27,FUVVUP__ligand1018-0
28,FUVVUP__ligand321-0
29,FUVVUP__ligand4116-0
30,FUVVUP__ligand27840-0
31,FUVVUP__ligand3156-0
32,FUVVUP__ligand2915-0
33,FUVVUP__ligand30728-0
34,FUVVUP__ligand24872-0
35,FUVVUP__ligand6244-0
36,FUVVUP__ligand10033-0
37,FUVVUP__ligand24644-0
38,FUVVUP__ligand12001-0
39,FUVVUP__ligand1378-0
40,FUVVUP__ligand14569-0
41,FUVVUP__ligand13385-0
42,FUVVUP__ligand24111-0
43,FUVVUP__ligand9441-0
44,FUVVUP__ligand338-0
45,FUVVUP__ligand22444-0
46,FUVVUP__ligand2332-0
47,FUVVUP__ligand1631-0
48,FUVVUP__ligand11587-0
49,FUVVUP__ligand13220-0
50,FUVVUP__ligand17396-0
51,FUVVUP__ligand1575-0
52,FUVVUP__ligand1530-0
53,FUVVUP__ligand23175-0
54,FUVVUP__ligand9933-0
55,FUVVUP__ligand15788-0
56,FUVVUP__ligand4620-0
57,FUVVUP__ligand22403-0
58,FUVVUP__ligand27754-0
59,FUVVUP__ligand20695-0
60,FUVVUP__ligand2295-0
61,FUVVUP__ligand126-0
62,FUVVUP__ligand6067-0
63,FUVVUP__ligand1577-0
64,FUVVUP__ligand163-0
65,FUVVUP__ligand16369-0
66,FUVVUP__ligand28540-0
67,FUVVUP__ligand11111-0
68,FUVVUP__ligand29215-0
69,FUVVUP__ligand2917-0
70,FUVVUP__ligand7819-0
71,FUVVUP__ligand66-0
72,FUVVUP__ligand16148-0
73,FUVVUP__ligand26631-0
74,FUVVUP__ligand6102-0
75,FUVVUP__ligand6596-0
76,FUVVUP__ligand6904-0
77,FUVVUP__ligand845-0
78,FUVVUP__ligand3721-0
79,FUVVUP__ligand12003-0
80,FUVVUP__ligand3465-0
81,FUVVUP__ligand21399-0
82,FUVVUP__ligand10872-0
83,FUVVUP__ligand42-0
84,FUVVUP__ligand19927-0
85,FUVVUP__ligand657-0
86,FUVVUP__ligand28559-0
87,FUVVUP__ligand26324-0
88,FUVVUP__ligand3234-0
89,FUVVUP__ligand1142-0
90,FUVVUP__ligand14043-0
91,FUVVUP__ligand187-0
92,FUVVUP__ligand366-0
93,FUVVUP__ligand21729-0
94,FUVVUP__ligand27239-0
95,FUVVUP__ligand7126-0
96,FUVVUP__ligand8835-0
97,FUVVUP__ligand2028-0
98,FUVVUP__ligand777-0
99,FUVVUP__ligand4641-0
100,FUVVUP__ligand26529-0
101,FUVVUP__ligand11618-0
102,FUVVUP__ligand941-0
103,FUVVUP__ligand596-0
104,FUVVUP__ligand5211-0
105,FUVVUP__ligand27285-0
106,FUVVUP__ligand29029-0
107,FUVVUP__ligand4155-0
108,FUVVUP__ligand3094-0
109,FUVVUP__ligand23197-0
110,FUVVUP__ligand4720-0
111,FUVVUP__ligand6839-0
112,FUVVUP__ligand3131-0
113,FUVVUP__ligand3937-0
114,FUVVUP__ligand1202-0
115,FUVVUP__ligand3174-0
116,FUVVUP__ligand8969-0
117,FUVVUP__ligand5331-0
118,FUVVUP__ligand1512-0
119,FUVVUP__ligand3565-0
120,FUVVUP__ligand693-0
121,FUVVUP__ligand13477-0
122,FUVVUP__ligand14167-0
123,FUVVUP__ligand6919-0
124,FUVVUP__ligand30142-0
125,FUVVUP__ligand2485-0
126,FUVVUP__ligand27669-0
127,FUVVUP__ligand3852-0
128,FUVVUP__ligand19184-0
129,FUVVUP__ligand1959-0
130,FUVVUP__ligand3504-0
131,FUVVUP__ligand9935-0
132,FUVVUP__ligand122-0
133,FUVVUP__ligand1573-0
134,FUVVUP__ligand1536-0
135,FUVVUP__ligand757-0
136,FUVVUP__ligand6616-0
137,FUVVUP__ligand3035-0
138,FUVVUP__ligand1343-0
139,FUVVUP__ligand3876-0
140,FUVVUP__ligand3718-0
141,FUVVUP__ligand18448-0
142,FUVVUP__ligand12453-0
143,FUVVUP__ligand4661-0
144,FUVVUP__ligand1844-0
145,FUVVUP__ligand28459-0
146,FUVVUP__ligand7242-0
147,FUVVUP__ligand7106-0
148,FUVVUP__ligand10371-0
149,FUVVUP__ligand9908-0
150,FUVVUP__ligand13672-0
151,FUVVUP__ligand1263-0
152,FUVVUP__ligand28685-0
153,FUVVUP__ligand1-0
154,FUVVUP__ligand18568-0
155,FUVVUP__ligand16663-0
156,FUVVUP__ligand4272-0
157,FUVVUP__ligand1451-0
158,FUVVUP__ligand7629-0
159,FUVVUP__ligand768-0
160,FUVVUP__ligand14614-0
161,FUVVUP__ligand9784-0
162,FUVVUP__ligand9520-0
163,FUVVUP__ligand24035-0
164,FUVVUP__ligand1160-0
165,FUVVUP__ligand8699-0
166,FUVVUP__ligand3-0
167,FUVVUP__ligand31842-0
168,FUVVUP__ligand31044-0
169,FUVVUP__ligand3954-0
170,FUVVUP__ligand11994-0
171,FUVVUP__ligand4093-0
172,FUVVUP__ligand4442-0
173,FUVVUP__ligand18-0
174,FUVVUP__ligand7867-0
175,FUVVUP__ligand11682-0
176,FUVVUP__ligand6709-0
177,FUVVUP__ligand1219-0
178,FUVVUP__ligand20207-0
179,FUVVUP__ligand30711-0
180,FUVVUP__ligand4016-0
181,FUVVUP__ligand16988-0
182,FUVVUP__ligand7238-0
183,FUVVUP__ligand25913-0
184,FUVVUP__ligand7280-0
185,FUVVUP__ligand384-0
186,FUVVUP__ligand1304-0
187,FUVVUP__ligand1790-0
188,FUVVUP__ligand11970-0
189,FUVVUP__ligand1285-0
190,FUVVUP__ligand240-0
191,FUVVUP__ligand6768-0
192,FUVVUP__ligand8115-0
193,FUVVUP__ligand7000-0
194,FUVVUP__ligand15883-0
195,FUVVUP__ligand1982-0
196,FUVVUP__ligand141-0
197,FUVVUP__ligand28810-0
198,FUVVUP__ligand11447-0
199,FUVVUP__ligand4546-0
200,FUVVUP__ligand11096-0
201,FUVVUP__ligand4503-0
202,FUVVUP__ligand24230-0
203,FUVVUP__ligand15926-0
204,FUVVUP__ligand19792-0
205,FUVVUP__ligand10828-0
206,FUVVUP__ligand4157-0
207,FUVVUP__ligand10056-0
208,FUVVUP__ligand12365-0
209,FUVVUP__ligand7648-0
210,FUVVUP__ligand8876-0
211,FUVVUP__ligand2828-0
212,FUVVUP__ligand9833-0
213,FUVVUP__ligand11357-0
214,FUVVUP__ligand13862-0
215,FUVVUP__ligand5256-0
216,FUVVUP__ligand15531-0
217,FUVVUP__ligand28743-0
218,FUVVUP__ligand28930-0
219,FUVVUP__ligand2176-0
220,FUVVUP__ligand22168-0
221,FUVVUP__ligand22294-0
222,FUVVUP__ligand9291-0
223,FUVVUP__ligand21919-0
224,FUVVUP__ligand2232-0
225,FUVVUP__ligand21448-0
226,FUVVUP__ligand22357-0
227,FUVVUP__ligand11758-0
228,FUVVUP__ligand4131-0
229,FUVVUP__ligand1712-0
230,FUVVUP__ligand29214-0
231,FUVVUP__ligand4-0
232,FUVVUP__ligand11544-0
233,FUVVUP__ligand11501-0
234,FUVVUP__ligand5094-0
235,FUVVUP__ligand5892-0
236,FUVVUP__ligand67-0
237,FUVVUP__ligand17069-0
238,FUVVUP__ligand1533-0
239,FUVVUP__ligand162-0
240,FUVVUP__ligand14477-0
241,FUVVUP__ligand17445-0
242,FUVVUP__ligand226-0
243,FUVVUP__ligand7557-0
244,FUVVUP__ligand12413-0
245,FUVVUP__ligand416-0
246,FUVVUP__ligand1496-0
247,FUVVUP__ligand29334-0
248,FUVVUP__ligand20731-0
249,FUVVUP__ligand383-0
250,FUVVUP__ligand11798-0
251,FUVVUP__ligand696-0
252,FUVVUP__ligand29565-0
253,FUVVUP__ligand3208-0
254,FUVVUP__ligand23682-0
255,FUVVUP__ligand2208-0
256,FUVVUP__ligand18158-0
257,FUVVUP__ligand27771-0
258,FUVVUP__ligand8722-0
259,FUVVUP__ligand20942-1
260,FUVVUP__ligand9809-0
261,FUVVUP__ligand16956-0
262,FUVVUP__ligand6672-0
263,FUVVUP__ligand21339-0
264,FUVVUP__ligand14226-0
265,FUVVUP__ligand1327-0
266,FUVVUP__ligand7573-0
267,FUVVUP__ligand2781-0
268,FUVVUP__ligand3350-0
269,FUVVUP__ligand1773-0
270,FUVVUP__ligand4581-0
271,FUVVUP__ligand2328-0
272,FUVVUP__ligand27550-0
273,FUVVUP__ligand7162-0
274,FUVVUP__ligand3029-0
275,FUVVUP__ligand43-0
276,FUVVUP__ligand656-0
277,FUVVUP__ligand18019-1
278,FUVVUP__ligand9197-0
279,FUVVUP__ligand14007-0
280,FUVVUP__ligand1900-0
281,FUVVUP__ligand18757-0
282,FUVVUP__ligand24560-0
283,FUVVUP__ligand3392-0
284,FUVVUP__ligand20844-0
285,FUVVUP__ligand18413-0
286,FUVVUP__ligand24624-0
287,FUVVUP__ligand1771-0
288,FUVVUP__ligand4911-0
289,FUVVUP__ligand5849-0
290,FUVVUP__ligand14339-0
291,FUVVUP__ligand2527-0
292,FUVVUP__ligand30788-0
293,FUVVUP__ligand694-0
294,FUVVUP__ligand13691-0
295,FUVVUP__ligand8349-0
296,FUVVUP__ligand430-0
297,FUVVUP__ligand358-0
298,FUVVUP__ligand1709-0
299,FUVVUP__ligand21752-0
300,FUVVUP__ligand8464-0
301,FUVVUP__ligand488-0
302,FUVVUP__ligand25048-0
303,FUVVUP__ligand5056-0
304,FUVVUP__ligand4850-0
305,FUVVUP__ligand21940-0
306,FUVVUP__ligand5357-0
307,FUVVUP__ligand3647-0
308,FUVVUP__ligand1688-0
309,FUVVUP__ligand1469-0
310,FUVVUP__ligand20432-0
311,FUVVUP__ligand27122-0
312,FUVVUP__ligand16133-0
313,FUVVUP__ligand13755-0
314,FUVVUP__ligand3871-0
315,FUVVUP__ligand23445-0
316,FUVVUP__ligand24953-0
317,FUVVUP__ligand1768-0
318,FUVVUP__ligand5935-0
319,FUVVUP__ligand2722-0
320,FUVVUP__ligand1379-0
321,FUVVUP__ligand20557-0
322,FUVVUP__ligand30004-0
323,FUVVUP__ligand670-0
324,FUVVUP__ligand3157-0
325,FUVVUP__ligand9525-0
326,FUVVUP__ligand571-0
327,FUVVUP__ligand1165-0
328,FUVVUP__ligand534-0
329,FUVVUP__ligand1729-0
330,FUVVUP__ligand5627-0
331,FUVVUP__ligand19824-0
332,FUVVUP__ligand18067-0
333,FUVVUP__ligand2830-0
334,FUVVUP__ligand19-0
335,FUVVUP__ligand5316-0
336,FUVVUP__ligand11252-0
337,FUVVUP__ligand5483-0
338,FUVVUP__ligand10582-0
339,FUVVUP__ligand13260-0
340,FUVVUP__ligand199-0
341,FUVVUP__ligand11606-0
342,FUVVUP__ligand24-0
343,FUVVUP__ligand31000-0
344,FUVVUP__ligand588-0
345,FUVVUP__ligand9148-0
346,FUVVUP__ligand6946-0
347,FUVVUP__ligand1415-0
348,FUVVUP__ligand26673-0
349,FUVVUP__ligand300-0
350,FUVVUP__ligand7529-0
351,FUVVUP__ligand20821-0
352,FUVVUP__ligand3934-0
353,FUVVUP__ligand16870-0
354,FUVVUP__ligand45-0
355,FUVVUP__ligand6882-0
356,FUVVUP__ligand6455-0
357,FUVVUP__ligand11622-0
358,FUVVUP__ligand409-0
359,FUVVUP__ligand324-0
360,FUVVUP__ligand361-0
361,FUVVUP__ligand11814-0
362,FUVVUP__ligand2403-0
363,FUVVUP__ligand16603-0
364,FUVVUP__ligand3012-0
365,FUVVUP__ligand1449-0
366,FUVVUP__ligand25658-0
367,FUVVUP__ligand7530-0
368,FUVVUP__ligand17686-0
369,FUVVUP__ligand1065-0
370,FUVVUP__ligand31205-0
371,FUVVUP__ligand9681-0
372,FUVVUP__ligand11177-0
373,FUVVUP__ligand78-0
374,FUVVUP__ligand15455-0
375,FUVVUP__ligand4332-0
376,FUVVUP__ligand7532-0
377,FUVVUP__ligand436-0
378,FUVVUP__ligand16952-0
379,FUVVUP__ligand29813-0
380,FUVVUP__ligand4194-0
381,FUVVUP__ligand4330-0
382,FUVVUP__ligand2599-0
383,FUVVUP__ligand20220-0
384,FUVVUP__ligand15387-0
385,FUVVUP__ligand692-0
386,FUVVUP__ligand20121-0
387,FUVVUP__ligand24851-0
388,FUVVUP__ligand1147-0
389,FUVVUP__ligand20530-0
390,FUVVUP__ligand11698-0
391,FUVVUP__ligand14302-0
392,FUVVUP__ligand14347-0
393,FUVVUP__ligand13657-0
394,FUVVUP__ligand3973-0
395,FUVVUP__ligand7925-0
396,FUVVUP__ligand10479-0
397,FUVVUP__ligand27610-0
398,FUVVUP__ligand2068-0
399,FUVVUP__ligand11479-0
400,FUVVUP__ligand326-0
401,FUVVUP__ligand29441-0
402,FUVVUP__ligand10853-0
403,FUVVUP__ligand19668-0
404,FUVVUP__ligand633-0
405,FUVVUP__ligand19906-0
406,FUVVUP__ligand3215-0
407,FUVVUP__ligand22353-0
408,FUVVUP__ligand497-0
409,FUVVUP__ligand7107-0
410,FUVVUP__ligand6283-0
411,FUVVUP__ligand4738-0
412,FUVVUP__ligand10151-0
413,FUVVUP__ligand5813-0
414,FUVVUP__ligand4813-0
415,FUVVUP__ligand6062-0
416,FUVVUP__ligand13072-0
417,FUVVUP__ligand12336-0
418,FUVVUP__ligand1849-0
419,FUVVUP__ligand5019-0
420,FUVVUP__ligand1152-0
421,FUVVUP__ligand3261-0
422,FUVVUP__ligand197-0
423,FUVVUP__ligand17-0
424,FUVVUP__ligand1216-0
425,FUVVUP__ligand12682-0
426,FUVVUP__ligand18699-0
427,FUVVUP__ligand1831-0
428,FUVVUP__ligand17240-0
429,FUVVUP__ligand5280-0
430,FUVVUP__ligand5614-0
431,FUVVUP__ligand6663-0
432,FUVVUP__ligand17590-0
433,FUVVUP__ligand5515-0
434,FUVVUP__ligand1908-0
435,FUVVUP__ligand11568-0
436,FUVVUP__ligand4795-0
437,FUVVUP__ligand3285-0
438,FUVVUP__ligand17710-0
439,FUVVUP__ligand20579-0
440,FUVVUP__ligand1786-0
441,FUVVUP__ligand868-0
442,FUVVUP__ligand21421-0
443,FUVVUP__ligand11774-0
444,FUVVUP__ligand14586-0
445,FUVVUP__ligand5630-0
446,FUVVUP__ligand24613-0
447,FUVVUP__ligand1828-0
448,FUVVUP__ligand7213-0
449,FUVVUP__ligand352-0
450,FUVVUP__ligand783-0
451,FUVVUP__ligand1397-0
452,FUVVUP__ligand19725-0
453,FUVVUP__ligand8042-0
454,FUVVUP__ligand6112-0
455,FUVVUP__ligand5085-0
456,FUVVUP__ligand10555-0
457,FUVVUP__ligand3144-0
458,FUVVUP__ligand31483-0
459,FUVVUP__ligand5755-0
460,FUVVUP__ligand4710-0
461,FUVVUP__ligand1400-0
462,FUVVUP__ligand4266-0
463,FUVVUP__ligand9491-0
464,FUVVUP__ligand4167-0
465,FUVVUP__ligand15168-0
466,FUVVUP__ligand24064-0
467,FUVVUP__ligand1288-0
468,FUVVUP__ligand89-0
469,FUVVUP__ligand560-0
470,FUVVUP__ligand23589-0
471,FUVVUP__ligand134-0
472,FUVVUP__ligand7075-0
473,FUVVUP__ligand49-0
474,FUVVUP__ligand235-0
475,FUVVUP__ligand3980-0
476,FUVVUP__ligand3557-0
477,FUVVUP__ligand1149-0
478,FUVVUP__ligand26277-0
479,FUVVUP__ligand1779-0
480,FUVVUP__ligand29898-0
481,FUVVUP__ligand6993-0
482,FUVVUP__ligand1817-0
483,FUVVUP__ligand22755-0
484,FUVVUP__ligand9750-0
485,FUVVUP__ligand31618-0
486,FUVVUP__ligand11432-0
487,FUVVUP__ligand10432-0
488,FUVVUP__ligand7438-0
489,FUVVUP__ligand8200-0
490,FUVVUP__ligand24750-0
491,FUVVUP__ligand4063-0
492,FUVVUP__ligand685-0
493,FUVVUP__ligand3042-0
494,FUVVUP__ligand17945-0
495,FUVVUP__ligand25224-0
496,FUVVUP__ligand18013-0
497,FUVVUP__ligand421-0
498,FUVVUP__ligand31578-0
499,FUVVUP__ligand17207-0
500,FUVVUP__ligand3453-0
501,FUVVUP__ligand3416-0
502,FUVVUP__ligand29087-0
503,FUVVUP__ligand18703-0
504,FUVVUP__ligand4207-0
505,FUVVUP__ligand28924-0
506,FUVVUP__ligand294-0
507,FUVVUP__ligand1539-0
508,FUVVUP__ligand15438-0
509,FUVVUP__ligand1150-0
510,FUVVUP__ligand30539-0
511,FUVVUP__ligand23906-0
512,FUVVUP__ligand69-0
513,FUVVUP__ligand21132-0
514,FUVVUP__ligand1169-0
515,FUVVUP__ligand250-0
516,FUVVUP__ligand11166-0
517,FUVVUP__ligand8529-0
518,FUVVUP__ligand1154-0
519,FUVVUP__ligand12295-0
520,FUVVUP__ligand9615-0
521,FUVVUP__ligand11-0
522,FUVVUP__ligand27835-0
523,FUVVUP__ligand21787-0
524,FUVVUP__ligand25575-0
525,FUVVUP__ligand25689-0
526,FUVVUP__ligand1498-0
527,FUVVUP__ligand370-0
528,FUVVUP__ligand4596-0
529,FUVVUP__ligand370-1
530,FUVVUP__ligand12660-0
531,FUVVUP__ligand620-0
532,FUVVUP__ligand13209-0
533,FUVVUP__ligand1618-0
534,FUVVUP__ligand19257-0
535,FUVVUP__ligand2692-0
536,FUVVUP__ligand564-0
537,FUVVUP__ligand785-0
538,FUVVUP__ligand311-0
539,FUVVUP__ligand31248-0
540,FUVVUP__ligand479-0
541,FUVVUP__ligand1028-0
542,FUVVUP__ligand25650-0
543,FUVVUP__ligand4262-0
544,FUVVUP__ligand2027-0
545,FUVVUP__ligand1015-0
546,FUVVUP__ligand1050-0
547,FUVVUP__ligand12519-0
548,FUVVUP__ligand25735-0
549,FUVVUP__ligand188-0
550,FUVVUP__ligand11206-0
551,FUVVUP__ligand23124-0
552,FUVVUP__ligand6995-0
553,FUVVUP__ligand29863-0
554,FUVVUP__ligand2823-0
555,FUVVUP__ligand18074-0
556,FUVVUP__ligand13869-0
557,FUVVUP__ligand29610-0
558,FUVVUP__ligand177-0
559,FUVVUP__ligand4340-0
560,FUVVUP__ligand2650-0
561,FUVVUP__ligand2281-0
562,FUVVUP__ligand3180-0
563,FUVVUP__ligand11140-0
564,FUVVUP__ligand16791-0
565,FUVVUP__ligand5415-0
566,FUVVUP__ligand909-0
567,FUVVUP__ligand28668-0
568,FUVVUP__ligand18465-0
569,FUVVUP__ligand18799-0
570,FUVVUP__ligand3471-0
571,FUVVUP__ligand4161-0
572,FUVVUP__ligand4124-0
573,FUVVUP__ligand27074-0
574,FUVVUP__ligand25805-0
575,FUVVUP__ligand22981-0
576,FUVVUP__ligand8553-0
577,FUVVUP__ligand20599-0
578,FUVVUP__ligand1113-0
579,FUVVUP__ligand193-0
580,FUVVUP__ligand372-0
581,FUVVUP__ligand5201-0
582,FUVVUP__ligand27169-0
583,FUVVUP__ligand14523-0
584,FUVVUP__ligand830-0
585,FUVVUP__ligand18391-0
586,FUVVUP__ligand25267-0
587,FUVVUP__ligand10084-0
588,FUVVUP__ligand2001-0
589,FUVVUP__ligand12467-0
590,FUVVUP__ligand7566-0
591,FUVVUP__ligand13257-0
592,FUVVUP__ligand252-0
593,FUVVUP__ligand8-0
594,FUVVUP__ligand21936-0
595,FUVVUP__ligand116-0
596,FUVVUP__ligand8593-0
597,FUVVUP__ligand9944-0
598,FUVVUP__ligand23904-0
599,FUVVUP__ligand24145-0
600,FUVVUP__ligand9450-0
601,FUVVUP__ligand15585-0
602,FUVVUP__ligand12401-0
603,FUVVUP__ligand19830-0
604,FUVVUP__ligand13068-0
605,FUVVUP__ligand391-0
606,FUVVUP__ligand10476-0
607,FUVVUP__ligand17387-0
608,FUVVUP__ligand12130-0
609,FUVVUP__ligand48-0
610,FUVVUP__ligand2612-0
611,FUVVUP__ligand12289-0
612,FUVVUP__ligand18292-0
613,FUVVUP__ligand618-0
614,FUVVUP__ligand13658-0
615,FUVVUP__ligand26702-0
616,FUVVUP__ligand12231-0
617,FUVVUP__ligand1599-0
618,FUVVUP__ligand1289-0
619,FUVVUP__ligand5387-0
620,FUVVUP__ligand17302-0
621,FUVVUP__ligand2203-0
622,FUVVUP__ligand17805-0
623,FUVVUP__ligand23769-0
624,FUVVUP__ligand813-0
625,FUVVUP__ligand24185-0
626,FUVVUP__ligand25178-0
627,FUVVUP__ligand314-0
628,FUVVUP__ligand780-0
629,FUVVUP__ligand12641-0
630,FUVVUP__ligand6391-0
631,FUVVUP__ligand3126-0
632,FUVVUP__ligand9284-0
633,FUVVUP__ligand314-1
634,FUVVUP__ligand51-0
635,FUVVUP__ligand1114-0
636,FUVVUP__ligand10958-0
637,FUVVUP__ligand14108-0
638,FUVVUP__ligand2417-0
639,FUVVUP__ligand2043-0
640,FUVVUP__ligand18814-0
641,FUVVUP__ligand19057-0
642,FUVVUP__ligand1832-0
643,FUVVUP__ligand29302-0
644,FUVVUP__ligand465-0
645,FUVVUP__ligand13425-0
646,FUVVUP__ligand8788-0
647,FUVVUP__ligand91-0
648,FUVVUP__ligand1604-0
649,FUVVUP__ligand27763-0
650,FUVVUP__ligand1228-0
651,FUVVUP__ligand9943-0
652,FUVVUP__ligand10262-0
653,FUVVUP__ligand28676-0
654,FUVVUP__ligand28468-0
655,FUVVUP__ligand20740-0
656,FUVVUP__ligand422-0
657,FUVVUP__ligand12427-0
658,FUVVUP__ligand16628-0
659,FUVVUP__ligand5180-0
660,FUVVUP__ligand6017-0
661,FUVVUP__ligand686-0
662,FUVVUP__ligand7316-0
663,FUVVUP__ligand5708-0
664,FUVVUP__ligand27460-0
665,FUVVUP__ligand30333-0
666,FUVVUP__ligand2260-0
667,FUVVUP__ligand7092-0
668,FUVVUP__ligand1116-0
669,FUVVUP__ligand196-0
670,FUVVUP__ligand1153-0
671,FUVVUP__ligand3225-0
672,FUVVUP__ligand8612-0
673,FUVVUP__ligand16-0
674,FUVVUP__ligand12606-0
675,FUVVUP__ligand2124-0
676,FUVVUP__ligand7172-0
677,FUVVUP__ligand17281-0
678,FUVVUP__ligand30296-0
679,FUVVUP__ligand7273-0
680,FUVVUP__ligand12337-0
681,FUVVUP__ligand29410-0
682,FUVVUP__ligand9323-0
683,FUVVUP__ligand26540-0
684,FUVVUP__ligand2906-0
685,FUVVUP__ligand32-0
686,FUVVUP__ligand3244-0
687,FUVVUP__ligand4711-0
688,FUVVUP__ligand31783-0
689,FUVVUP__ligand4649-0
690,FUVVUP__ligand5649-0
691,FUVVUP__ligand2788-0
692,FUVVUP__ligand17258-0
693,FUVVUP__ligand8793-0
694,FUVVUP__ligand14297-0
695,FUVVUP__ligand353-0
696,FUVVUP__ligand14603-0
697,FUVVUP__ligand26665-0
698,FUVVUP__ligand17631-0
699,FUVVUP__ligand13012-0
700,FUVVUP__ligand1787-0
701,FUVVUP__ligand1356-0
702,FUVVUP__ligand393-0
703,FUVVUP__ligand5530-0
704,FUVVUP__ligand18832-0
705,FUVVUP__ligand27175-0
706,FUVVUP__ligand9753-0
707,FUVVUP__ligand23713-0
708,FUVVUP__ligand7196-0
709,FUVVUP__ligand30988-0
710,FUVVUP__ligand5159-0
711,FUVVUP__ligand27893-0
712,FUVVUP__ligand4807-0
713,FUVVUP__ligand14723-0
714,FUVVUP__ligand19641-0
715,FUVVUP__ligand3178-0
716,FUVVUP__ligand15422-0
717,FUVVUP__ligand20578-0
718,FUVVUP__ligand12934-0
719,FUVVUP__ligand21371-0
720,FUVVUP__ligand8002-0
721,FUVVUP__ligand17118-0
722,FUVVUP__ligand5509-0
723,FUVVUP__ligand20419-0
724,FUVVUP__ligand487-0
725,FUVVUP__ligand6117-0
726,FUVVUP__ligand1407-0
727,FUVVUP__ligand28789-0
728,FUVVUP__ligand29568-0
729,FUVVUP__ligand5080-0
730,FUVVUP__ligand7762-0
731,FUVVUP__ligand14889-0
732,FUVVUP__ligand30851-0
733,FUVVUP__ligand20251-0
734,FUVVUP__ligand20214-0
735,FUVVUP__ligand30702-0
736,FUVVUP__ligand9167-0
737,FUVVUP__ligand176-0
738,FUVVUP__ligand20539-0
739,FUVVUP__ligand5304-0
740,FUVVUP__ligand2238-0
741,FUVVUP__ligand31097-0
742,FUVVUP__ligand21581-0
743,FUVVUP__ligand447-0
744,FUVVUP__ligand14117-0
745,FUVVUP__ligand17261-0
746,FUVVUP__ligand3867-0
747,FUVVUP__ligand1317-0
748,FUVVUP__ligand746-0
749,FUVVUP__ligand7293-0
750,FUVVUP__ligand2822-0
751,FUVVUP__ligand14703-0
752,FUVVUP__ligand16475-0
753,FUVVUP__ligand1296-0
754,FUVVUP__ligand2259-0
755,FUVVUP__ligand152-0
756,FUVVUP__ligand1197-0
757,FUVVUP__ligand8592-0
758,FUVVUP__ligand5099-0
759,FUVVUP__ligand9773-0
760,FUVVUP__ligand1376-0
761,FUVVUP__ligand5510-0
762,FUVVUP__ligand20251-1
763,FUVVUP__ligand17982-0
764,FUVVUP__ligand5595-0
765,FUVVUP__ligand4101-0
766,FUVVUP__ligand29414-0
767,FUVVUP__ligand17278-0
768,FUVVUP__ligand20011-0
769,FUVVUP__ligand4358-0
770,FUVVUP__ligand57-0
771,FUVVUP__ligand17398-0
772,FUVVUP__ligand3926-0
773,FUVVUP__ligand3120-0
774,FUVVUP__ligand24047-0
775,FUVVUP__ligand10589-0
776,FUVVUP__ligand22557-0
777,FUVVUP__ligand20598-0
778,FUVVUP__ligand2221-0
779,FUVVUP__ligand11675-0
780,FUVVUP__ligand506-0
781,FUVVUP__ligand29879-0
782,FUVVUP__ligand14248-0
783,FUVVUP__ligand12030-0
784,FUVVUP__ligand3712-0
785,FUVVUP__ligand1464-0
786,FUVVUP__ligand833-0
787,FUVVUP__ligand1499-0
788,FUVVUP__ligand2881-0
789,FUVVUP__ligand28884-0
790,FUVVUP__ligand13331-0
791,FUVVUP__ligand6892-0
792,FUVVUP__ligand1211-0
793,FUVVUP__ligand13294-0
794,FUVVUP__ligand31832-0
795,FUVVUP__ligand55-0
796,FUVVUP__ligand25411-0
797,FUVVUP__ligand3677-0
798,FUVVUP__ligand115-0
799,FUVVUP__ligand3632-0
800,FUVVUP__ligand68-0
801,FUVVUP__ligand1168-0
802,FUVVUP__ligand1294-0
803,FUVVUP__ligand14174-0
804,FUVVUP__ligand10712-0
805,FUVVUP__ligand6699-0
806,FUVVUP__ligand11456-0
807,FUVVUP__ligand4007-0
808,FUVVUP__ligand2985-0
809,FUVVUP__ligand9299-0
810,FUVVUP__ligand20682-0
811,FUVVUP__ligand13390-0
812,FUVVUP__ligand395-0
813,FUVVUP__ligand7291-0
814,FUVVUP__ligand3677-1
815,FUVVUP__ligand9883-0
816,FUVVUP__ligand368-0
817,FUVVUP__ligand784-0
818,FUVVUP__ligand9344-0
819,FUVVUP__ligand3736-0
820,FUVVUP__ligand8000-0
821,FUVVUP__ligand26810-0
822,FUVVUP__ligand27482-0
823,FUVVUP__ligand34-0
824,FUVVUP__ligand3945-0
825,FUVVUP__ligand13208-0
826,FUVVUP__ligand2693-0
827,FUVVUP__ligand5383-0
