,TMC
0,OKEQAY__ligand1052-0
1,OKEQAY__ligand797-0
2,OKEQAY__ligand1273-0
3,OKEQAY__ligand757-0
4,OKEQAY__ligand6396-0
5,OKEQAY__ligand2265-0
6,OKEQAY__ligand1113-0
7,OKEQAY__ligand18-0
8,OKEQAY__ligand9027-0
9,OKEQAY__ligand4983-0
10,OKEQAY__ligand1835-0
11,OKEQAY__ligand2794-0
12,OKEQAY__ligand2345-0
13,OKEQAY__ligand1502-0
14,OKEQAY__ligand62-0
15,OKEQAY__ligand1169-0
16,OKEQAY__ligand5022-0
17,OKEQAY__ligand141-0
18,OKEQAY__ligand240-0
19,OKEQAY__ligand1799-0
20,OKEQAY__ligand3838-0
21,OKEQAY__ligand2838-0
22,OKEQAY__ligand2880-0
23,OKEQAY__ligand5941-0
24,OKEQAY__ligand2142-0
25,OKEQAY__ligand120-0
26,OKEQAY__ligand384-0
27,OKEQAY__ligand6538-0
28,OKEQAY__ligand2772-0
29,OKEQAY__ligand6151-0
30,OKEQAY__ligand9495-0
31,OKEQAY__ligand86-0
32,OKEQAY__ligand2864-0
33,OKEQAY__ligand7464-0
34,OKEQAY__ligand124-0
35,OKEQAY__ligand4303-0
36,OKEQAY__ligand10114-0
37,OKEQAY__ligand1248-0
38,OKEQAY__ligand119-0
39,OKEQAY__ligand1598-0
40,OKEQAY__ligand1054-0
41,OKEQAY__ligand6294-0
42,OKEQAY__ligand178-0
43,OKEQAY__ligand279-0
44,OKEQAY__ligand3637-0
45,OKEQAY__ligand321-0
46,OKEQAY__ligand8774-0
47,OKEQAY__ligand66-0
48,OKEQAY__ligand10479-0
49,OKEQAY__ligand244-0
50,OKEQAY__ligand201-0
51,OKEQAY__ligand100-0
52,OKEQAY__ligand1727-0
53,OKEQAY__ligand14530-0
54,OKEQAY__ligand8-0
55,OKEQAY__ligand1152-0
56,OKEQAY__ligand596-0
57,OKEQAY__ligand187-0
58,OKEQAY__ligand612-0
59,OKEQAY__ligand1607-0
60,OKEQAY__ligand21-0
61,OKEQAY__ligand861-0
62,OKEQAY__ligand366-0
63,OKEQAY__ligand2510-0
64,OKEQAY__ligand8921-0
65,OKEQAY__ligand1567-0
66,OKEQAY__ligand10910-0
67,OKEQAY__ligand2285-0
68,OKEQAY__ligand2862-0
69,OKEQAY__ligand1056-0
70,OKEQAY__ligand2320-0
71,OKEQAY__ligand40-0
72,OKEQAY__ligand38-0
73,OKEQAY__ligand2430-0
74,OKEQAY__ligand1703-0
75,OKEQAY__ligand2907-0
76,OKEQAY__ligand126-0
77,OKEQAY__ligand3757-0
78,OKEQAY__ligand1048-0
79,OKEQAY__ligand2087-0
80,OKEQAY__ligand105-0
81,OKEQAY__ligand140-0
82,OKEQAY__ligand1685-0
83,OKEQAY__ligand1544-0
84,OKEQAY__ligand361-0
85,OKEQAY__ligand324-0
86,OKEQAY__ligand409-0
87,OKEQAY__ligand1459-0
88,OKEQAY__ligand5801-0
89,OKEQAY__ligand575-0
90,OKEQAY__ligand1438-0
91,OKEQAY__ligand3063-0
92,OKEQAY__ligand199-0
93,OKEQAY__ligand927-0
94,OKEQAY__ligand1171-0
95,OKEQAY__ligand85-0
96,OKEQAY__ligand3734-0
97,OKEQAY__ligand838-0
98,OKEQAY__ligand78-0
99,OKEQAY__ligand1706-0
100,OKEQAY__ligand4381-0
101,OKEQAY__ligand166-0
102,OKEQAY__ligand2629-0
103,OKEQAY__ligand532-0
104,OKEQAY__ligand918-0
105,OKEQAY__ligand633-0
106,OKEQAY__ligand497-0
107,OKEQAY__ligand45-0
108,OKEQAY__ligand283-0
109,OKEQAY__ligand2259-0
110,OKEQAY__ligand2688-0
111,OKEQAY__ligand553-0
112,OKEQAY__ligand2768-0
113,OKEQAY__ligand1376-0
114,OKEQAY__ligand326-0
115,OKEQAY__ligand821-0
116,OKEQAY__ligand6277-0
117,OKEQAY__ligand436-0
118,OKEQAY__ligand206-0
119,OKEQAY__ligand1687-0
120,OKEQAY__ligand1951-0
121,OKEQAY__ligand142-0
122,OKEQAY__ligand3041-0
123,OKEQAY__ligand1542-0
124,OKEQAY__ligand2634-0
125,OKEQAY__ligand15630-0
126,OKEQAY__ligand2751-0
127,OKEQAY__ligand10357-0
128,OKEQAY__ligand226-0
129,OKEQAY__ligand3145-0
130,OKEQAY__ligand162-0
131,OKEQAY__ligand1747-0
132,OKEQAY__ligand383-0
133,OKEQAY__ligand6686-0
134,OKEQAY__ligand5548-0
135,OKEQAY__ligand7915-0
136,OKEQAY__ligand2863-0
137,OKEQAY__ligand6502-0
138,OKEQAY__ligand2098-0
139,OKEQAY__ligand6332-0
140,OKEQAY__ligand3178-0
141,OKEQAY__ligand1479-0
142,OKEQAY__ligand571-0
143,OKEQAY__ligand670-0
144,OKEQAY__ligand1148-0
145,OKEQAY__ligand118-0
146,OKEQAY__ligand3246-0
147,OKEQAY__ligand509-0
148,OKEQAY__ligand1538-0
149,OKEQAY__ligand1114-0
150,OKEQAY__ligand669-0
151,OKEQAY__ligand358-0
152,OKEQAY__ligand430-0
153,OKEQAY__ligand365-0
154,OKEQAY__ligand67-0
155,OKEQAY__ligand9244-0
156,OKEQAY__ligand278-0
157,OKEQAY__ligand1228-0
158,OKEQAY__ligand444-0
159,OKEQAY__ligand2762-0
160,OKEQAY__ligand369-0
161,OKEQAY__ligand1038-0
162,OKEQAY__ligand1160-0
163,OKEQAY__ligand2253-0
164,OKEQAY__ligand188-0
165,OKEQAY__ligand2954-0
166,OKEQAY__ligand5093-0
167,OKEQAY__ligand7550-0
168,OKEQAY__ligand311-0
169,OKEQAY__ligand11730-0
170,OKEQAY__ligand1285-0
171,OKEQAY__ligand1555-0
172,OKEQAY__ligand7630-0
173,OKEQAY__ligand370-0
174,OKEQAY__ligand3890-0
175,OKEQAY__ligand460-0
176,OKEQAY__ligand250-0
177,OKEQAY__ligand4423-0
178,OKEQAY__ligand1907-0
179,OKEQAY__ligand1818-0
180,OKEQAY__ligand955-0
181,OKEQAY__ligand7456-0
182,OKEQAY__ligand252-0
183,OKEQAY__ligand193-0
184,OKEQAY__ligand5758-0
185,OKEQAY__ligand3478-0
186,OKEQAY__ligand830-0
187,OKEQAY__ligand3852-0
188,OKEQAY__ligand909-0
189,OKEQAY__ligand9176-0
190,OKEQAY__ligand3070-0
191,OKEQAY__ligand3035-0
192,OKEQAY__ligand2718-0
193,OKEQAY__ligand851-0
194,OKEQAY__ligand1493-0
195,OKEQAY__ligand11-0
196,OKEQAY__ligand4619-0
197,OKEQAY__ligand6143-0
198,OKEQAY__ligand5235-0
199,OKEQAY__ligand177-0
200,OKEQAY__ligand934-0
201,OKEQAY__ligand3251-0
202,OKEQAY__ligand1-0
203,OKEQAY__ligand783-0
204,OKEQAY__ligand352-0
205,OKEQAY__ligand1918-0
206,OKEQAY__ligand136-0
207,OKEQAY__ligand2255-0
208,OKEQAY__ligand442-0
209,OKEQAY__ligand868-0
210,OKEQAY__ligand4175-0
211,OKEQAY__ligand2618-0
212,OKEQAY__ligand3618-0
213,OKEQAY__ligand112-0
214,OKEQAY__ligand49-0
215,OKEQAY__ligand1436-0
216,OKEQAY__ligand89-0
217,OKEQAY__ligand296-0
218,OKEQAY__ligand197-0
219,OKEQAY__ligand4370-0
220,OKEQAY__ligand331-0
221,OKEQAY__ligand1551-0
222,OKEQAY__ligand993-0
223,OKEQAY__ligand2526-0
224,OKEQAY__ligand294-0
225,OKEQAY__ligand916-0
226,OKEQAY__ligand584-0
227,OKEQAY__ligand1690-0
228,OKEQAY__ligand798-0
229,OKEQAY__ligand421-0
230,OKEQAY__ligand2707-0
231,OKEQAY__ligand235-0
232,OKEQAY__ligand2915-0
233,OKEQAY__ligand932-0
234,OKEQAY__ligand134-0
235,OKEQAY__ligand390-0
236,OKEQAY__ligand92-0
237,OKEQAY__ligand17-0
238,OKEQAY__ligand3-0
239,OKEQAY__ligand4012-0
240,OKEQAY__ligand3196-0
241,OKEQAY__ligand109-0
242,OKEQAY__ligand560-0
243,OKEQAY__ligand525-0
244,OKEQAY__ligand34-0
245,OKEQAY__ligand2853-0
246,OKEQAY__ligand3853-0
247,OKEQAY__ligand5089-0
248,OKEQAY__ligand2599-0
249,OKEQAY__ligand682-0
250,OKEQAY__ligand1246-0
251,OKEQAY__ligand6166-0
252,OKEQAY__ligand133-0
253,OKEQAY__ligand95-0
254,OKEQAY__ligand447-0
255,OKEQAY__ligand1307-0
256,OKEQAY__ligand4-0
257,OKEQAY__ligand487-0
258,OKEQAY__ligand55-0
259,OKEQAY__ligand666-0
260,OKEQAY__ligand522-0
261,OKEQAY__ligand57-0
262,OKEQAY__ligand6-0
263,OKEQAY__ligand7514-0
264,OKEQAY__ligand3337-0
265,OKEQAY__ligand485-0
266,OKEQAY__ligand784-0
267,OKEQAY__ligand355-0
268,OKEQAY__ligand4811-0
269,OKEQAY__ligand1449-1
270,OKEQAY__ligand9620-0
271,OKEQAY__ligand4894-0
272,OKEQAY__ligand1260-0
273,OKEQAY__ligand115-0
274,OKEQAY__ligand1788-0
275,OKEQAY__ligand1321-0
276,OKEQAY__ligand73-0
277,OKEQAY__ligand1178-0
278,OKEQAY__ligand3566-0
279,OKEQAY__ligand291-0
280,OKEQAY__ligand1019-0
281,OKEQAY__ligand2442-0
282,OKEQAY__ligand1104-0
283,OKEQAY__ligand7414-0
284,OKEQAY__ligand5762-0
285,OKEQAY__ligand210-0
286,OKEQAY__ligand6571-0
287,OKEQAY__ligand32-0
288,OKEQAY__ligand2482-0
289,OKEQAY__ligand1325-0
290,OKEQAY__ligand2929-0
291,OKEQAY__ligand314-0
292,OKEQAY__ligand2376-0
293,OKEQAY__ligand481-0
294,OKEQAY__ligand391-0
295,OKEQAY__ligand1379-0
296,OKEQAY__ligand1221-0
297,OKEQAY__ligand1264-0
298,OKEQAY__ligand1299-0
299,OKEQAY__ligand6430-0
300,OKEQAY__ligand170-0
301,OKEQAY__ligand91-0
302,OKEQAY__ligand1712-0
303,OKEQAY__ligand29-0
304,OKEQAY__ligand3579-0
305,OKEQAY__ligand236-0
306,OKEQAY__ligand2916-0
307,OKEQAY__ligand2110-0
308,OKEQAY__ligand1919-0
309,OKEQAY__ligand51-0
310,OKEQAY__ligand353-0
311,OKEQAY__ligand2389-0
312,OKEQAY__ligand5334-0
313,OKEQAY__ligand502-0
314,OKEQAY__ligand196-0
315,OKEQAY__ligand1898-0
316,OKEQAY__ligand2480-0
317,OKEQAY__ligand4504-0
318,OKEQAY__ligand3051-0
319,OKEQAY__ligand2315-0
320,OKEQAY__ligand48-0
321,OKEQAY__ligand1858-0
322,OKEQAY__ligand422-0
323,OKEQAY__ligand8032-0
324,OKEQAY__ligand113-0
