,TMC
0,AHOHUB__ligand633-0
1,AHOHUB__ligand918-0
2,AHOHUB__ligand532-0
3,AHOHUB__ligand8032-0
4,AHOHUB__ligand497-0
5,AHOHUB__ligand1858-0
6,AHOHUB__ligand32-0
7,AHOHUB__ligand2315-0
8,AHOHUB__ligand838-0
9,AHOHUB__ligand1898-0
10,AHOHUB__ligand2480-0
11,AHOHUB__ligand4504-0
12,AHOHUB__ligand3051-0
13,AHOHUB__ligand5334-0
14,AHOHUB__ligand166-0
15,AHOHUB__ligand436-0
16,AHOHUB__ligand2389-0
17,AHOHUB__ligand1919-0
18,AHOHUB__ligand142-0
19,AHOHUB__ligand206-0
20,AHOHUB__ligand2916-0
21,AHOHUB__ligand2110-0
22,AHOHUB__ligand553-0
23,AHOHUB__ligand283-0
24,AHOHUB__ligand3579-0
25,AHOHUB__ligand821-0
26,AHOHUB__ligand1712-0
27,AHOHUB__ligand326-0
28,AHOHUB__ligand1299-0
29,AHOHUB__ligand6430-0
30,AHOHUB__ligand1221-0
31,AHOHUB__ligand1264-0
32,AHOHUB__ligand409-0
33,AHOHUB__ligand91-0
34,AHOHUB__ligand361-0
35,AHOHUB__ligand1379-0
36,AHOHUB__ligand324-0
37,AHOHUB__ligand29-0
38,AHOHUB__ligand51-0
39,AHOHUB__ligand2376-0
40,AHOHUB__ligand2929-0
41,AHOHUB__ligand105-0
42,AHOHUB__ligand140-0
43,AHOHUB__ligand2482-0
44,AHOHUB__ligand1325-0
45,AHOHUB__ligand6571-0
46,AHOHUB__ligand927-0
47,AHOHUB__ligand199-0
48,AHOHUB__ligand575-0
49,AHOHUB__ligand1104-0
50,AHOHUB__ligand5762-0
51,AHOHUB__ligand7414-0
52,AHOHUB__ligand48-0
53,AHOHUB__ligand1019-0
54,AHOHUB__ligand2442-0
55,AHOHUB__ligand509-0
56,AHOHUB__ligand1178-0
57,AHOHUB__ligand3566-0
58,AHOHUB__ligand34-0
59,AHOHUB__ligand1321-0
60,AHOHUB__ligand1788-0
61,AHOHUB__ligand118-0
62,AHOHUB__ligand670-0
63,AHOHUB__ligand571-0
64,AHOHUB__ligand95-0
65,AHOHUB__ligand365-0
66,AHOHUB__ligand9620-0
67,AHOHUB__ligand278-0
68,AHOHUB__ligand4894-0
69,AHOHUB__ligand1260-0
70,AHOHUB__ligand4811-0
71,AHOHUB__ligand669-0
72,AHOHUB__ligand1449-1
73,AHOHUB__ligand430-0
74,AHOHUB__ligand6-0
75,AHOHUB__ligand358-0
76,AHOHUB__ligand55-0
77,AHOHUB__ligand7514-0
78,AHOHUB__ligand3337-0
79,AHOHUB__ligand57-0
80,AHOHUB__ligand4-0
81,AHOHUB__ligand1307-0
82,AHOHUB__ligand6166-0
83,AHOHUB__ligand1246-0
84,AHOHUB__ligand162-0
85,AHOHUB__ligand226-0
86,AHOHUB__ligand2599-0
87,AHOHUB__ligand5089-0
88,AHOHUB__ligand2853-0
89,AHOHUB__ligand3853-0
90,AHOHUB__ligand383-0
91,AHOHUB__ligand73-0
92,AHOHUB__ligand240-0
93,AHOHUB__ligand4012-0
94,AHOHUB__ligand3196-0
95,AHOHUB__ligand141-0
96,AHOHUB__ligand3-0
97,AHOHUB__ligand2915-0
98,AHOHUB__ligand49-0
99,AHOHUB__ligand2707-0
100,AHOHUB__ligand1690-0
101,AHOHUB__ligand120-0
102,AHOHUB__ligand2526-0
103,AHOHUB__ligand1551-0
104,AHOHUB__ligand89-0
105,AHOHUB__ligand384-0
106,AHOHUB__ligand4370-0
107,AHOHUB__ligand757-0
108,AHOHUB__ligand1436-0
109,AHOHUB__ligand797-0
110,AHOHUB__ligand2618-0
111,AHOHUB__ligand3618-0
112,AHOHUB__ligand4175-0
113,AHOHUB__ligand92-0
114,AHOHUB__ligand2255-0
115,AHOHUB__ligand1918-0
116,AHOHUB__ligand1-0
117,AHOHUB__ligand17-0
118,AHOHUB__ligand3251-0
119,AHOHUB__ligand612-0
120,AHOHUB__ligand187-0
121,AHOHUB__ligand366-0
122,AHOHUB__ligand6143-0
123,AHOHUB__ligand5235-0
124,AHOHUB__ligand861-0
125,AHOHUB__ligand4619-0
126,AHOHUB__ligand1493-0
127,AHOHUB__ligand3070-0
128,AHOHUB__ligand3035-0
129,AHOHUB__ligand11730-0
130,AHOHUB__ligand2718-0
131,AHOHUB__ligand9176-0
132,AHOHUB__ligand596-0
133,AHOHUB__ligand3852-0
134,AHOHUB__ligand3478-0
135,AHOHUB__ligand126-0
136,AHOHUB__ligand5758-0
137,AHOHUB__ligand7456-0
138,AHOHUB__ligand1818-0
139,AHOHUB__ligand1907-0
140,AHOHUB__ligand119-0
141,AHOHUB__ligand4423-0
142,AHOHUB__ligand3890-0
143,AHOHUB__ligand7630-0
144,AHOHUB__ligand1555-0
145,AHOHUB__ligand124-0
146,AHOHUB__ligand1285-0
147,AHOHUB__ligand11-0
148,AHOHUB__ligand7550-0
149,AHOHUB__ligand100-0
150,AHOHUB__ligand244-0
151,AHOHUB__ligand201-0
152,AHOHUB__ligand279-0
153,AHOHUB__ligand2954-0
154,AHOHUB__ligand5093-0
155,AHOHUB__ligand1160-0
156,AHOHUB__ligand178-0
157,AHOHUB__ligand2253-0
158,AHOHUB__ligand1038-0
159,AHOHUB__ligand2762-0
160,AHOHUB__ligand321-0
161,AHOHUB__ligand1228-0
162,AHOHUB__ligand9244-0
163,AHOHUB__ligand784-0
164,AHOHUB__ligand355-0
165,AHOHUB__ligand15630-0
166,AHOHUB__ligand485-0
167,AHOHUB__ligand10357-0
168,AHOHUB__ligand1114-0
169,AHOHUB__ligand1538-0
170,AHOHUB__ligand291-0
171,AHOHUB__ligand3246-0
172,AHOHUB__ligand115-0
173,AHOHUB__ligand1148-0
174,AHOHUB__ligand1479-0
175,AHOHUB__ligand682-0
176,AHOHUB__ligand3178-0
177,AHOHUB__ligand6332-0
178,AHOHUB__ligand6502-0
179,AHOHUB__ligand2098-0
180,AHOHUB__ligand2863-0
181,AHOHUB__ligand5548-0
182,AHOHUB__ligand7915-0
183,AHOHUB__ligand1747-0
184,AHOHUB__ligand6686-0
185,AHOHUB__ligand3145-0
186,AHOHUB__ligand487-0
187,AHOHUB__ligand2751-0
188,AHOHUB__ligand522-0
189,AHOHUB__ligand666-0
190,AHOHUB__ligand133-0
191,AHOHUB__ligand1542-0
192,AHOHUB__ligand2634-0
193,AHOHUB__ligand447-0
194,AHOHUB__ligand3041-0
195,AHOHUB__ligand67-0
196,AHOHUB__ligand1951-0
197,AHOHUB__ligand1687-0
198,AHOHUB__ligand353-0
199,AHOHUB__ligand6277-0
200,AHOHUB__ligand2768-0
201,AHOHUB__ligand1376-0
202,AHOHUB__ligand236-0
203,AHOHUB__ligand2259-0
204,AHOHUB__ligand2688-0
205,AHOHUB__ligand422-0
206,AHOHUB__ligand113-0
207,AHOHUB__ligand502-0
208,AHOHUB__ligand196-0
209,AHOHUB__ligand2629-0
210,AHOHUB__ligand4381-0
211,AHOHUB__ligand1706-0
212,AHOHUB__ligand3734-0
213,AHOHUB__ligand1171-0
214,AHOHUB__ligand85-0
215,AHOHUB__ligand78-0
216,AHOHUB__ligand45-0
217,AHOHUB__ligand1438-0
218,AHOHUB__ligand3063-0
219,AHOHUB__ligand210-0
220,AHOHUB__ligand5801-0
221,AHOHUB__ligand1459-0
222,AHOHUB__ligand391-0
223,AHOHUB__ligand170-0
224,AHOHUB__ligand1544-0
225,AHOHUB__ligand1685-0
226,AHOHUB__ligand481-0
227,AHOHUB__ligand1048-0
228,AHOHUB__ligand2087-0
229,AHOHUB__ligand314-0
230,AHOHUB__ligand3757-0
231,AHOHUB__ligand2907-0
232,AHOHUB__ligand193-0
233,AHOHUB__ligand830-0
234,AHOHUB__ligand2430-0
235,AHOHUB__ligand1703-0
236,AHOHUB__ligand1056-0
237,AHOHUB__ligand2320-0
238,AHOHUB__ligand2862-0
239,AHOHUB__ligand8921-0
240,AHOHUB__ligand10114-0
241,AHOHUB__ligand252-0
242,AHOHUB__ligand1567-0
243,AHOHUB__ligand2285-0
244,AHOHUB__ligand955-0
245,AHOHUB__ligand2510-0
246,AHOHUB__ligand66-0
247,AHOHUB__ligand1607-0
248,AHOHUB__ligand934-0
249,AHOHUB__ligand177-0
250,AHOHUB__ligand1152-0
251,AHOHUB__ligand909-0
252,AHOHUB__ligand10479-0
253,AHOHUB__ligand1727-0
254,AHOHUB__ligand851-0
255,AHOHUB__ligand8-0
256,AHOHUB__ligand311-0
257,AHOHUB__ligand14530-0
258,AHOHUB__ligand21-0
259,AHOHUB__ligand369-0
260,AHOHUB__ligand8774-0
261,AHOHUB__ligand444-0
262,AHOHUB__ligand3637-0
263,AHOHUB__ligand188-0
264,AHOHUB__ligand460-0
265,AHOHUB__ligand6294-0
266,AHOHUB__ligand1054-0
267,AHOHUB__ligand40-0
268,AHOHUB__ligand1598-0
269,AHOHUB__ligand4303-0
270,AHOHUB__ligand10910-0
271,AHOHUB__ligand250-0
272,AHOHUB__ligand1248-0
273,AHOHUB__ligand7464-0
274,AHOHUB__ligand38-0
275,AHOHUB__ligand370-0
276,AHOHUB__ligand916-0
277,AHOHUB__ligand584-0
278,AHOHUB__ligand421-0
279,AHOHUB__ligand798-0
280,AHOHUB__ligand2864-0
281,AHOHUB__ligand2772-0
282,AHOHUB__ligand6151-0
283,AHOHUB__ligand9495-0
284,AHOHUB__ligand331-0
285,AHOHUB__ligand6538-0
286,AHOHUB__ligand294-0
287,AHOHUB__ligand993-0
288,AHOHUB__ligand2142-0
289,AHOHUB__ligand18-0
290,AHOHUB__ligand2880-0
291,AHOHUB__ligand5941-0
292,AHOHUB__ligand1799-0
293,AHOHUB__ligand3838-0
294,AHOHUB__ligand2838-0
295,AHOHUB__ligand560-0
296,AHOHUB__ligand525-0
297,AHOHUB__ligand109-0
298,AHOHUB__ligand932-0
299,AHOHUB__ligand134-0
300,AHOHUB__ligand1169-0
301,AHOHUB__ligand5022-0
302,AHOHUB__ligand235-0
303,AHOHUB__ligand390-0
304,AHOHUB__ligand1502-0
305,AHOHUB__ligand136-0
306,AHOHUB__ligand1835-0
307,AHOHUB__ligand868-0
308,AHOHUB__ligand2794-0
309,AHOHUB__ligand62-0
310,AHOHUB__ligand2345-0
311,AHOHUB__ligand442-0
312,AHOHUB__ligand4983-0
313,AHOHUB__ligand783-0
314,AHOHUB__ligand9027-0
315,AHOHUB__ligand352-0
316,AHOHUB__ligand2265-0
317,AHOHUB__ligand1113-0
318,AHOHUB__ligand6396-0
319,AHOHUB__ligand86-0
320,AHOHUB__ligand1273-0
321,AHOHUB__ligand197-0
322,AHOHUB__ligand296-0
323,AHOHUB__ligand112-0
324,AHOHUB__ligand1052-0
