,TMC
0,NERWUD__ligand370-0
1,NERWUD__ligand4370-0
2,NERWUD__ligand2618-0
3,NERWUD__ligand3618-0
4,NERWUD__ligand460-0
5,NERWUD__ligand250-0
6,NERWUD__ligand1436-0
7,NERWUD__ligand369-0
8,NERWUD__ligand444-0
9,NERWUD__ligand2255-0
10,NERWUD__ligand4175-0
11,NERWUD__ligand188-0
12,NERWUD__ligand311-0
13,NERWUD__ligand1918-0
14,NERWUD__ligand4-0
15,NERWUD__ligand909-0
16,NERWUD__ligand67-0
17,NERWUD__ligand6-0
18,NERWUD__ligand3196-0
19,NERWUD__ligand4012-0
20,NERWUD__ligand851-0
21,NERWUD__ligand2915-0
22,NERWUD__ligand934-0
23,NERWUD__ligand177-0
24,NERWUD__ligand1690-0
25,NERWUD__ligand955-0
26,NERWUD__ligand2707-0
27,NERWUD__ligand252-0
28,NERWUD__ligand193-0
29,NERWUD__ligand830-0
30,NERWUD__ligand1551-0
31,NERWUD__ligand2526-0
32,NERWUD__ligand3890-0
33,NERWUD__ligand112-0
34,NERWUD__ligand4423-0
35,NERWUD__ligand1907-0
36,NERWUD__ligand1285-0
37,NERWUD__ligand1555-0
38,NERWUD__ligand7630-0
39,NERWUD__ligand296-0
40,NERWUD__ligand197-0
41,NERWUD__ligand11730-0
42,NERWUD__ligand783-0
43,NERWUD__ligand352-0
44,NERWUD__ligand7550-0
45,NERWUD__ligand136-0
46,NERWUD__ligand2762-0
47,NERWUD__ligand1038-0
48,NERWUD__ligand1160-0
49,NERWUD__ligand442-0
50,NERWUD__ligand2253-0
51,NERWUD__ligand5093-0
52,NERWUD__ligand2954-0
53,NERWUD__ligand868-0
54,NERWUD__ligand235-0
55,NERWUD__ligand4619-0
56,NERWUD__ligand932-0
57,NERWUD__ligand6143-0
58,NERWUD__ligand134-0
59,NERWUD__ligand5235-0
60,NERWUD__ligand390-0
61,NERWUD__ligand3251-0
62,NERWUD__ligand9176-0
63,NERWUD__ligand109-0
64,NERWUD__ligand2718-0
65,NERWUD__ligand3035-0
66,NERWUD__ligand3070-0
67,NERWUD__ligand1493-0
68,NERWUD__ligand560-0
69,NERWUD__ligand525-0
70,NERWUD__ligand5758-0
71,NERWUD__ligand331-0
72,NERWUD__ligand993-0
73,NERWUD__ligand45-0
74,NERWUD__ligand3478-0
75,NERWUD__ligand294-0
76,NERWUD__ligand3852-0
77,NERWUD__ligand85-0
78,NERWUD__ligand916-0
79,NERWUD__ligand584-0
80,NERWUD__ligand1818-0
81,NERWUD__ligand78-0
82,NERWUD__ligand421-0
83,NERWUD__ligand7456-0
84,NERWUD__ligand798-0
85,NERWUD__ligand1379-0
86,NERWUD__ligand133-0
87,NERWUD__ligand1264-0
88,NERWUD__ligand1221-0
89,NERWUD__ligand447-0
90,NERWUD__ligand6430-0
91,NERWUD__ligand1299-0
92,NERWUD__ligand2929-0
93,NERWUD__ligand487-0
94,NERWUD__ligand666-0
95,NERWUD__ligand2376-0
96,NERWUD__ligand522-0
97,NERWUD__ligand66-0
98,NERWUD__ligand6571-0
99,NERWUD__ligand2482-0
100,NERWUD__ligand1325-0
101,NERWUD__ligand682-0
102,NERWUD__ligand2442-0
103,NERWUD__ligand1019-0
104,NERWUD__ligand1104-0
105,NERWUD__ligand5762-0
106,NERWUD__ligand7414-0
107,NERWUD__ligand1858-0
108,NERWUD__ligand38-0
109,NERWUD__ligand8032-0
110,NERWUD__ligand115-0
111,NERWUD__ligand5334-0
112,NERWUD__ligand2480-0
113,NERWUD__ligand3051-0
114,NERWUD__ligand291-0
115,NERWUD__ligand4504-0
116,NERWUD__ligand1898-0
117,NERWUD__ligand2315-0
118,NERWUD__ligand40-0
119,NERWUD__ligand485-0
120,NERWUD__ligand784-0
121,NERWUD__ligand355-0
122,NERWUD__ligand1919-0
123,NERWUD__ligand21-0
124,NERWUD__ligand2389-0
125,NERWUD__ligand1712-0
126,NERWUD__ligand3579-0
127,NERWUD__ligand2110-0
128,NERWUD__ligand2916-0
129,NERWUD__ligand1307-0
130,NERWUD__ligand314-0
131,NERWUD__ligand1-0
132,NERWUD__ligand481-0
133,NERWUD__ligand391-0
134,NERWUD__ligand18-0
135,NERWUD__ligand170-0
136,NERWUD__ligand1246-0
137,NERWUD__ligand6166-0
138,NERWUD__ligand210-0
139,NERWUD__ligand2853-0
140,NERWUD__ligand3853-0
141,NERWUD__ligand2599-0
142,NERWUD__ligand5089-0
143,NERWUD__ligand1321-0
144,NERWUD__ligand502-0
145,NERWUD__ligand196-0
146,NERWUD__ligand3566-0
147,NERWUD__ligand1178-0
148,NERWUD__ligand422-0
149,NERWUD__ligand113-0
150,NERWUD__ligand1788-0
151,NERWUD__ligand86-0
152,NERWUD__ligand4894-0
153,NERWUD__ligand1260-0
154,NERWUD__ligand9620-0
155,NERWUD__ligand236-0
156,NERWUD__ligand7514-0
157,NERWUD__ligand3337-0
158,NERWUD__ligand62-0
159,NERWUD__ligand3-0
160,NERWUD__ligand353-0
161,NERWUD__ligand1449-1
162,NERWUD__ligand4811-0
163,NERWUD__ligand10479-0
164,NERWUD__ligand3637-0
165,NERWUD__ligand8774-0
166,NERWUD__ligand1248-0
167,NERWUD__ligand4303-0
168,NERWUD__ligand1598-0
169,NERWUD__ligand797-0
170,NERWUD__ligand1054-0
171,NERWUD__ligand10114-0
172,NERWUD__ligand32-0
173,NERWUD__ligand6294-0
174,NERWUD__ligand7464-0
175,NERWUD__ligand757-0
176,NERWUD__ligand2430-0
177,NERWUD__ligand48-0
178,NERWUD__ligand1703-0
179,NERWUD__ligand120-0
180,NERWUD__ligand2907-0
181,NERWUD__ligand384-0
182,NERWUD__ligand2510-0
183,NERWUD__ligand1567-0
184,NERWUD__ligand2285-0
185,NERWUD__ligand8921-0
186,NERWUD__ligand2862-0
187,NERWUD__ligand1056-0
188,NERWUD__ligand10910-0
189,NERWUD__ligand2320-0
190,NERWUD__ligand1607-0
191,NERWUD__ligand51-0
192,NERWUD__ligand91-0
193,NERWUD__ligand141-0
194,NERWUD__ligand29-0
195,NERWUD__ligand240-0
196,NERWUD__ligand1727-0
197,NERWUD__ligand1152-0
198,NERWUD__ligand14530-0
199,NERWUD__ligand4983-0
200,NERWUD__ligand178-0
201,NERWUD__ligand1835-0
202,NERWUD__ligand2794-0
203,NERWUD__ligand2345-0
204,NERWUD__ligand55-0
205,NERWUD__ligand279-0
206,NERWUD__ligand321-0
207,NERWUD__ligand1502-0
208,NERWUD__ligand6396-0
209,NERWUD__ligand2265-0
210,NERWUD__ligand1113-0
211,NERWUD__ligand244-0
212,NERWUD__ligand201-0
213,NERWUD__ligand9027-0
214,NERWUD__ligand95-0
215,NERWUD__ligand100-0
216,NERWUD__ligand1273-0
217,NERWUD__ligand124-0
218,NERWUD__ligand34-0
219,NERWUD__ligand1052-0
220,NERWUD__ligand119-0
221,NERWUD__ligand2864-0
222,NERWUD__ligand73-0
223,NERWUD__ligand2142-0
224,NERWUD__ligand6538-0
225,NERWUD__ligand9495-0
226,NERWUD__ligand2772-0
227,NERWUD__ligand6151-0
228,NERWUD__ligand126-0
229,NERWUD__ligand596-0
230,NERWUD__ligand3838-0
231,NERWUD__ligand1799-0
232,NERWUD__ligand2838-0
233,NERWUD__ligand2880-0
234,NERWUD__ligand5941-0
235,NERWUD__ligand57-0
236,NERWUD__ligand187-0
237,NERWUD__ligand612-0
238,NERWUD__ligand861-0
239,NERWUD__ligand366-0
240,NERWUD__ligand5022-0
241,NERWUD__ligand1169-0
242,NERWUD__ligand89-0
243,NERWUD__ligand2863-0
244,NERWUD__ligand2098-0
245,NERWUD__ligand6502-0
246,NERWUD__ligand575-0
247,NERWUD__ligand6332-0
248,NERWUD__ligand3178-0
249,NERWUD__ligand3145-0
250,NERWUD__ligand49-0
251,NERWUD__ligand1747-0
252,NERWUD__ligand6686-0
253,NERWUD__ligand199-0
254,NERWUD__ligand7915-0
255,NERWUD__ligand927-0
256,NERWUD__ligand5548-0
257,NERWUD__ligand15630-0
258,NERWUD__ligand10357-0
259,NERWUD__ligand2751-0
260,NERWUD__ligand105-0
261,NERWUD__ligand140-0
262,NERWUD__ligand3041-0
263,NERWUD__ligand1542-0
264,NERWUD__ligand2634-0
265,NERWUD__ligand409-0
266,NERWUD__ligand361-0
267,NERWUD__ligand324-0
268,NERWUD__ligand283-0
269,NERWUD__ligand17-0
270,NERWUD__ligand553-0
271,NERWUD__ligand326-0
272,NERWUD__ligand9244-0
273,NERWUD__ligand821-0
274,NERWUD__ligand1228-0
275,NERWUD__ligand1538-0
276,NERWUD__ligand1114-0
277,NERWUD__ligand436-0
278,NERWUD__ligand206-0
279,NERWUD__ligand142-0
280,NERWUD__ligand92-0
281,NERWUD__ligand3246-0
282,NERWUD__ligand838-0
283,NERWUD__ligand166-0
284,NERWUD__ligand532-0
285,NERWUD__ligand633-0
286,NERWUD__ligand1479-0
287,NERWUD__ligand918-0
288,NERWUD__ligand497-0
289,NERWUD__ligand1148-0
290,NERWUD__ligand226-0
291,NERWUD__ligand162-0
292,NERWUD__ligand383-0
293,NERWUD__ligand1171-0
294,NERWUD__ligand5801-0
295,NERWUD__ligand3063-0
296,NERWUD__ligand1438-0
297,NERWUD__ligand1544-0
298,NERWUD__ligand1459-0
299,NERWUD__ligand3757-0
300,NERWUD__ligand2087-0
301,NERWUD__ligand1048-0
302,NERWUD__ligand1685-0
303,NERWUD__ligand6277-0
304,NERWUD__ligand669-0
305,NERWUD__ligand1687-0
306,NERWUD__ligand8-0
307,NERWUD__ligand1951-0
308,NERWUD__ligand430-0
309,NERWUD__ligand358-0
310,NERWUD__ligand2259-0
311,NERWUD__ligand2688-0
312,NERWUD__ligand365-0
313,NERWUD__ligand1376-0
314,NERWUD__ligand2768-0
315,NERWUD__ligand278-0
316,NERWUD__ligand11-0
317,NERWUD__ligand571-0
318,NERWUD__ligand118-0
319,NERWUD__ligand670-0
320,NERWUD__ligand3734-0
321,NERWUD__ligand1706-0
322,NERWUD__ligand509-0
323,NERWUD__ligand4381-0
324,NERWUD__ligand2629-0
