,TMC
0,WECHOE__ligand7915-0
1,WECHOE__ligand5548-0
2,WECHOE__ligand6686-0
3,WECHOE__ligand1747-0
4,WECHOE__ligand89-0
5,WECHOE__ligand352-0
6,WECHOE__ligand783-0
7,WECHOE__ligand10479-0
8,WECHOE__ligand3145-0
9,WECHOE__ligand868-0
10,WECHOE__ligand49-0
11,WECHOE__ligand3178-0
12,WECHOE__ligand6332-0
13,WECHOE__ligand442-0
14,WECHOE__ligand2098-0
15,WECHOE__ligand6502-0
16,WECHOE__ligand2863-0
17,WECHOE__ligand136-0
18,WECHOE__ligand1542-0
19,WECHOE__ligand2634-0
20,WECHOE__ligand3041-0
21,WECHOE__ligand112-0
22,WECHOE__ligand10114-0
23,WECHOE__ligand197-0
24,WECHOE__ligand296-0
25,WECHOE__ligand2751-0
26,WECHOE__ligand294-0
27,WECHOE__ligand8-0
28,WECHOE__ligand993-0
29,WECHOE__ligand331-0
30,WECHOE__ligand1114-0
31,WECHOE__ligand1538-0
32,WECHOE__ligand17-0
33,WECHOE__ligand1228-0
34,WECHOE__ligand421-0
35,WECHOE__ligand92-0
36,WECHOE__ligand798-0
37,WECHOE__ligand9244-0
38,WECHOE__ligand10910-0
39,WECHOE__ligand584-0
40,WECHOE__ligand916-0
41,WECHOE__ligand1148-0
42,WECHOE__ligand390-0
43,WECHOE__ligand932-0
44,WECHOE__ligand134-0
45,WECHOE__ligand1479-0
46,WECHOE__ligand235-0
47,WECHOE__ligand560-0
48,WECHOE__ligand525-0
49,WECHOE__ligand109-0
50,WECHOE__ligand14530-0
51,WECHOE__ligand3246-0
52,WECHOE__ligand188-0
53,WECHOE__ligand3063-0
54,WECHOE__ligand1438-0
55,WECHOE__ligand369-0
56,WECHOE__ligand5801-0
57,WECHOE__ligand444-0
58,WECHOE__ligand311-0
59,WECHOE__ligand1171-0
60,WECHOE__ligand1685-0
61,WECHOE__ligand370-0
62,WECHOE__ligand2087-0
63,WECHOE__ligand1048-0
64,WECHOE__ligand3757-0
65,WECHOE__ligand1459-0
66,WECHOE__ligand250-0
67,WECHOE__ligand460-0
68,WECHOE__ligand1544-0
69,WECHOE__ligand252-0
70,WECHOE__ligand1376-0
71,WECHOE__ligand955-0
72,WECHOE__ligand2768-0
73,WECHOE__ligand2688-0
74,WECHOE__ligand2259-0
75,WECHOE__ligand1951-0
76,WECHOE__ligand11-0
77,WECHOE__ligand830-0
78,WECHOE__ligand1687-0
79,WECHOE__ligand193-0
80,WECHOE__ligand6277-0
81,WECHOE__ligand2629-0
82,WECHOE__ligand851-0
83,WECHOE__ligand4381-0
84,WECHOE__ligand1706-0
85,WECHOE__ligand3734-0
86,WECHOE__ligand909-0
87,WECHOE__ligand934-0
88,WECHOE__ligand177-0
89,WECHOE__ligand210-0
90,WECHOE__ligand8774-0
91,WECHOE__ligand3637-0
92,WECHOE__ligand481-0
93,WECHOE__ligand10357-0
94,WECHOE__ligand32-0
95,WECHOE__ligand7464-0
96,WECHOE__ligand15630-0
97,WECHOE__ligand314-0
98,WECHOE__ligand6294-0
99,WECHOE__ligand170-0
100,WECHOE__ligand1054-0
101,WECHOE__ligand1598-0
102,WECHOE__ligand1248-0
103,WECHOE__ligand4303-0
104,WECHOE__ligand391-0
105,WECHOE__ligand1056-0
106,WECHOE__ligand236-0
107,WECHOE__ligand2320-0
108,WECHOE__ligand2862-0
109,WECHOE__ligand1567-0
110,WECHOE__ligand2285-0
111,WECHOE__ligand48-0
112,WECHOE__ligand8921-0
113,WECHOE__ligand2510-0
114,WECHOE__ligand353-0
115,WECHOE__ligand2907-0
116,WECHOE__ligand2430-0
117,WECHOE__ligand1703-0
118,WECHOE__ligand51-0
119,WECHOE__ligand1152-0
120,WECHOE__ligand502-0
121,WECHOE__ligand196-0
122,WECHOE__ligand1727-0
123,WECHOE__ligand113-0
124,WECHOE__ligand1607-0
125,WECHOE__ligand422-0
126,WECHOE__ligand91-0
127,WECHOE__ligand29-0
128,WECHOE__ligand9027-0
129,WECHOE__ligand2265-0
130,WECHOE__ligand1113-0
131,WECHOE__ligand55-0
132,WECHOE__ligand6396-0
133,WECHOE__ligand1502-0
134,WECHOE__ligand95-0
135,WECHOE__ligand1835-0
136,WECHOE__ligand2345-0
137,WECHOE__ligand2794-0
138,WECHOE__ligand682-0
139,WECHOE__ligand4983-0
140,WECHOE__ligand447-0
141,WECHOE__ligand133-0
142,WECHOE__ligand1052-0
143,WECHOE__ligand522-0
144,WECHOE__ligand666-0
145,WECHOE__ligand487-0
146,WECHOE__ligand34-0
147,WECHOE__ligand1273-0
148,WECHOE__ligand9495-0
149,WECHOE__ligand2772-0
150,WECHOE__ligand6151-0
151,WECHOE__ligand6538-0
152,WECHOE__ligand355-0
153,WECHOE__ligand784-0
154,WECHOE__ligand485-0
155,WECHOE__ligand2142-0
156,WECHOE__ligand73-0
157,WECHOE__ligand2864-0
158,WECHOE__ligand5022-0
159,WECHOE__ligand1169-0
160,WECHOE__ligand115-0
161,WECHOE__ligand5941-0
162,WECHOE__ligand2880-0
163,WECHOE__ligand291-0
164,WECHOE__ligand1799-0
165,WECHOE__ligand3838-0
166,WECHOE__ligand2838-0
167,WECHOE__ligand57-0
168,WECHOE__ligand2376-0
169,WECHOE__ligand124-0
170,WECHOE__ligand1-0
171,WECHOE__ligand2929-0
172,WECHOE__ligand6430-0
173,WECHOE__ligand1299-0
174,WECHOE__ligand1221-0
175,WECHOE__ligand1264-0
176,WECHOE__ligand66-0
177,WECHOE__ligand119-0
178,WECHOE__ligand1379-0
179,WECHOE__ligand1104-0
180,WECHOE__ligand7414-0
181,WECHOE__ligand5762-0
182,WECHOE__ligand321-0
183,WECHOE__ligand2442-0
184,WECHOE__ligand279-0
185,WECHOE__ligand1019-0
186,WECHOE__ligand178-0
187,WECHOE__ligand2482-0
188,WECHOE__ligand100-0
189,WECHOE__ligand1325-0
190,WECHOE__ligand244-0
191,WECHOE__ligand201-0
192,WECHOE__ligand6571-0
193,WECHOE__ligand2315-0
194,WECHOE__ligand596-0
195,WECHOE__ligand2480-0
196,WECHOE__ligand4504-0
197,WECHOE__ligand3051-0
198,WECHOE__ligand1898-0
199,WECHOE__ligand38-0
200,WECHOE__ligand5334-0
201,WECHOE__ligand366-0
202,WECHOE__ligand40-0
203,WECHOE__ligand861-0
204,WECHOE__ligand8032-0
205,WECHOE__ligand612-0
206,WECHOE__ligand1858-0
207,WECHOE__ligand187-0
208,WECHOE__ligand2916-0
209,WECHOE__ligand21-0
210,WECHOE__ligand2110-0
211,WECHOE__ligand3579-0
212,WECHOE__ligand1712-0
213,WECHOE__ligand3-0
214,WECHOE__ligand2389-0
215,WECHOE__ligand126-0
216,WECHOE__ligand1919-0
217,WECHOE__ligand797-0
218,WECHOE__ligand757-0
219,WECHOE__ligand18-0
220,WECHOE__ligand1307-0
221,WECHOE__ligand11730-0
222,WECHOE__ligand5089-0
223,WECHOE__ligand2599-0
224,WECHOE__ligand2853-0
225,WECHOE__ligand3853-0
226,WECHOE__ligand6166-0
227,WECHOE__ligand1246-0
228,WECHOE__ligand1788-0
229,WECHOE__ligand86-0
230,WECHOE__ligand3566-0
231,WECHOE__ligand1178-0
232,WECHOE__ligand240-0
233,WECHOE__ligand141-0
234,WECHOE__ligand1321-0
235,WECHOE__ligand4811-0
236,WECHOE__ligand1449-1
237,WECHOE__ligand384-0
238,WECHOE__ligand120-0
239,WECHOE__ligand7514-0
240,WECHOE__ligand3337-0
241,WECHOE__ligand1260-0
242,WECHOE__ligand4894-0
243,WECHOE__ligand62-0
244,WECHOE__ligand9620-0
245,WECHOE__ligand1436-0
246,WECHOE__ligand2618-0
247,WECHOE__ligand3618-0
248,WECHOE__ligand4370-0
249,WECHOE__ligand1918-0
250,WECHOE__ligand383-0
251,WECHOE__ligand162-0
252,WECHOE__ligand226-0
253,WECHOE__ligand4175-0
254,WECHOE__ligand2255-0
255,WECHOE__ligand118-0
256,WECHOE__ligand670-0
257,WECHOE__ligand571-0
258,WECHOE__ligand67-0
259,WECHOE__ligand2915-0
260,WECHOE__ligand4012-0
261,WECHOE__ligand3196-0
262,WECHOE__ligand509-0
263,WECHOE__ligand2526-0
264,WECHOE__ligand430-0
265,WECHOE__ligand358-0
266,WECHOE__ligand1551-0
267,WECHOE__ligand669-0
268,WECHOE__ligand278-0
269,WECHOE__ligand2707-0
270,WECHOE__ligand1690-0
271,WECHOE__ligand365-0
272,WECHOE__ligand105-0
273,WECHOE__ligand7630-0
274,WECHOE__ligand140-0
275,WECHOE__ligand1555-0
276,WECHOE__ligand1285-0
277,WECHOE__ligand409-0
278,WECHOE__ligand1907-0
279,WECHOE__ligand361-0
280,WECHOE__ligand324-0
281,WECHOE__ligand4423-0
282,WECHOE__ligand3890-0
283,WECHOE__ligand2954-0
284,WECHOE__ligand5093-0
285,WECHOE__ligand1160-0
286,WECHOE__ligand2253-0
287,WECHOE__ligand1038-0
288,WECHOE__ligand575-0
289,WECHOE__ligand2762-0
290,WECHOE__ligand927-0
291,WECHOE__ligand4-0
292,WECHOE__ligand7550-0
293,WECHOE__ligand199-0
294,WECHOE__ligand1493-0
295,WECHOE__ligand6-0
296,WECHOE__ligand2718-0
297,WECHOE__ligand166-0
298,WECHOE__ligand3070-0
299,WECHOE__ligand3035-0
300,WECHOE__ligand9176-0
301,WECHOE__ligand838-0
302,WECHOE__ligand3251-0
303,WECHOE__ligand497-0
304,WECHOE__ligand6143-0
305,WECHOE__ligand633-0
306,WECHOE__ligand5235-0
307,WECHOE__ligand918-0
308,WECHOE__ligand532-0
309,WECHOE__ligand4619-0
310,WECHOE__ligand821-0
311,WECHOE__ligand45-0
312,WECHOE__ligand7456-0
313,WECHOE__ligand326-0
314,WECHOE__ligand1818-0
315,WECHOE__ligand553-0
316,WECHOE__ligand283-0
317,WECHOE__ligand142-0
318,WECHOE__ligand3852-0
319,WECHOE__ligand206-0
320,WECHOE__ligand3478-0
321,WECHOE__ligand5758-0
322,WECHOE__ligand436-0
323,WECHOE__ligand85-0
324,WECHOE__ligand78-0
