,TMC
0,FIFHAE__ligand487-0
1,FIFHAE__ligand2315-0
2,FIFHAE__ligand1898-0
3,FIFHAE__ligand4504-0
4,FIFHAE__ligand3051-0
5,FIFHAE__ligand2480-0
6,FIFHAE__ligand522-0
7,FIFHAE__ligand5334-0
8,FIFHAE__ligand57-0
9,FIFHAE__ligand666-0
10,FIFHAE__ligand133-0
11,FIFHAE__ligand447-0
12,FIFHAE__ligand8032-0
13,FIFHAE__ligand1858-0
14,FIFHAE__ligand2916-0
15,FIFHAE__ligand2110-0
16,FIFHAE__ligand682-0
17,FIFHAE__ligand3579-0
18,FIFHAE__ligand1712-0
19,FIFHAE__ligand1-0
20,FIFHAE__ligand2389-0
21,FIFHAE__ligand1919-0
22,FIFHAE__ligand73-0
23,FIFHAE__ligand2376-0
24,FIFHAE__ligand2929-0
25,FIFHAE__ligand34-0
26,FIFHAE__ligand291-0
27,FIFHAE__ligand1299-0
28,FIFHAE__ligand6430-0
29,FIFHAE__ligand115-0
30,FIFHAE__ligand1221-0
31,FIFHAE__ligand1264-0
32,FIFHAE__ligand3-0
33,FIFHAE__ligand1379-0
34,FIFHAE__ligand5762-0
35,FIFHAE__ligand7414-0
36,FIFHAE__ligand1104-0
37,FIFHAE__ligand95-0
38,FIFHAE__ligand1019-0
39,FIFHAE__ligand2442-0
40,FIFHAE__ligand355-0
41,FIFHAE__ligand1325-0
42,FIFHAE__ligand784-0
43,FIFHAE__ligand2482-0
44,FIFHAE__ligand6571-0
45,FIFHAE__ligand485-0
46,FIFHAE__ligand55-0
47,FIFHAE__ligand1788-0
48,FIFHAE__ligand391-0
49,FIFHAE__ligand170-0
50,FIFHAE__ligand91-0
51,FIFHAE__ligand29-0
52,FIFHAE__ligand51-0
53,FIFHAE__ligand1178-0
54,FIFHAE__ligand3566-0
55,FIFHAE__ligand481-0
56,FIFHAE__ligand314-0
57,FIFHAE__ligand1321-0
58,FIFHAE__ligand4811-0
59,FIFHAE__ligand1449-1
60,FIFHAE__ligand3337-0
61,FIFHAE__ligand7514-0
62,FIFHAE__ligand9620-0
63,FIFHAE__ligand48-0
64,FIFHAE__ligand4894-0
65,FIFHAE__ligand210-0
66,FIFHAE__ligand1260-0
67,FIFHAE__ligand422-0
68,FIFHAE__ligand113-0
69,FIFHAE__ligand32-0
70,FIFHAE__ligand196-0
71,FIFHAE__ligand502-0
72,FIFHAE__ligand1307-0
73,FIFHAE__ligand2599-0
74,FIFHAE__ligand5089-0
75,FIFHAE__ligand3853-0
76,FIFHAE__ligand353-0
77,FIFHAE__ligand2853-0
78,FIFHAE__ligand6166-0
79,FIFHAE__ligand236-0
80,FIFHAE__ligand1246-0
81,FIFHAE__ligand460-0
82,FIFHAE__ligand2915-0
83,FIFHAE__ligand250-0
84,FIFHAE__ligand4012-0
85,FIFHAE__ligand3196-0
86,FIFHAE__ligand370-0
87,FIFHAE__ligand2526-0
88,FIFHAE__ligand11-0
89,FIFHAE__ligand1551-0
90,FIFHAE__ligand311-0
91,FIFHAE__ligand369-0
92,FIFHAE__ligand2707-0
93,FIFHAE__ligand444-0
94,FIFHAE__ligand1690-0
95,FIFHAE__ligand188-0
96,FIFHAE__ligand1436-0
97,FIFHAE__ligand934-0
98,FIFHAE__ligand177-0
99,FIFHAE__ligand3618-0
100,FIFHAE__ligand2618-0
101,FIFHAE__ligand4370-0
102,FIFHAE__ligand909-0
103,FIFHAE__ligand851-0
104,FIFHAE__ligand1918-0
105,FIFHAE__ligand193-0
106,FIFHAE__ligand830-0
107,FIFHAE__ligand4175-0
108,FIFHAE__ligand252-0
109,FIFHAE__ligand2255-0
110,FIFHAE__ligand955-0
111,FIFHAE__ligand1493-0
112,FIFHAE__ligand3070-0
113,FIFHAE__ligand3035-0
114,FIFHAE__ligand2718-0
115,FIFHAE__ligand9176-0
116,FIFHAE__ligand197-0
117,FIFHAE__ligand296-0
118,FIFHAE__ligand112-0
119,FIFHAE__ligand3251-0
120,FIFHAE__ligand5235-0
121,FIFHAE__ligand4-0
122,FIFHAE__ligand6143-0
123,FIFHAE__ligand4619-0
124,FIFHAE__ligand92-0
125,FIFHAE__ligand7456-0
126,FIFHAE__ligand136-0
127,FIFHAE__ligand868-0
128,FIFHAE__ligand1818-0
129,FIFHAE__ligand442-0
130,FIFHAE__ligand352-0
131,FIFHAE__ligand783-0
132,FIFHAE__ligand3852-0
133,FIFHAE__ligand3478-0
134,FIFHAE__ligand5758-0
135,FIFHAE__ligand17-0
136,FIFHAE__ligand7630-0
137,FIFHAE__ligand525-0
138,FIFHAE__ligand1555-0
139,FIFHAE__ligand560-0
140,FIFHAE__ligand109-0
141,FIFHAE__ligand1285-0
142,FIFHAE__ligand1907-0
143,FIFHAE__ligand134-0
144,FIFHAE__ligand932-0
145,FIFHAE__ligand235-0
146,FIFHAE__ligand4423-0
147,FIFHAE__ligand11730-0
148,FIFHAE__ligand390-0
149,FIFHAE__ligand3890-0
150,FIFHAE__ligand2954-0
151,FIFHAE__ligand49-0
152,FIFHAE__ligand5093-0
153,FIFHAE__ligand2253-0
154,FIFHAE__ligand1160-0
155,FIFHAE__ligand584-0
156,FIFHAE__ligand916-0
157,FIFHAE__ligand1038-0
158,FIFHAE__ligand2762-0
159,FIFHAE__ligand6-0
160,FIFHAE__ligand421-0
161,FIFHAE__ligand798-0
162,FIFHAE__ligand331-0
163,FIFHAE__ligand7550-0
164,FIFHAE__ligand294-0
165,FIFHAE__ligand89-0
166,FIFHAE__ligand993-0
167,FIFHAE__ligand1114-0
168,FIFHAE__ligand927-0
169,FIFHAE__ligand85-0
170,FIFHAE__ligand78-0
171,FIFHAE__ligand199-0
172,FIFHAE__ligand1538-0
173,FIFHAE__ligand1228-0
174,FIFHAE__ligand45-0
175,FIFHAE__ligand575-0
176,FIFHAE__ligand9244-0
177,FIFHAE__ligand1148-0
178,FIFHAE__ligand1479-0
179,FIFHAE__ligand409-0
180,FIFHAE__ligand324-0
181,FIFHAE__ligand361-0
182,FIFHAE__ligand3246-0
183,FIFHAE__ligand140-0
184,FIFHAE__ligand105-0
185,FIFHAE__ligand5548-0
186,FIFHAE__ligand436-0
187,FIFHAE__ligand7915-0
188,FIFHAE__ligand1747-0
189,FIFHAE__ligand6686-0
190,FIFHAE__ligand142-0
191,FIFHAE__ligand3145-0
192,FIFHAE__ligand206-0
193,FIFHAE__ligand3178-0
194,FIFHAE__ligand15630-0
195,FIFHAE__ligand553-0
196,FIFHAE__ligand10357-0
197,FIFHAE__ligand283-0
198,FIFHAE__ligand6332-0
199,FIFHAE__ligand6502-0
200,FIFHAE__ligand821-0
201,FIFHAE__ligand2098-0
202,FIFHAE__ligand2863-0
203,FIFHAE__ligand326-0
204,FIFHAE__ligand633-0
205,FIFHAE__ligand918-0
206,FIFHAE__ligand2634-0
207,FIFHAE__ligand532-0
208,FIFHAE__ligand1542-0
209,FIFHAE__ligand8-0
210,FIFHAE__ligand3041-0
211,FIFHAE__ligand497-0
212,FIFHAE__ligand838-0
213,FIFHAE__ligand2751-0
214,FIFHAE__ligand166-0
215,FIFHAE__ligand2768-0
216,FIFHAE__ligand1376-0
217,FIFHAE__ligand2259-0
218,FIFHAE__ligand2688-0
219,FIFHAE__ligand1951-0
220,FIFHAE__ligand162-0
221,FIFHAE__ligand1687-0
222,FIFHAE__ligand226-0
223,FIFHAE__ligand6277-0
224,FIFHAE__ligand383-0
225,FIFHAE__ligand2629-0
226,FIFHAE__ligand4381-0
227,FIFHAE__ligand1706-0
228,FIFHAE__ligand3734-0
229,FIFHAE__ligand67-0
230,FIFHAE__ligand1438-0
231,FIFHAE__ligand365-0
232,FIFHAE__ligand3063-0
233,FIFHAE__ligand278-0
234,FIFHAE__ligand5801-0
235,FIFHAE__ligand669-0
236,FIFHAE__ligand1171-0
237,FIFHAE__ligand430-0
238,FIFHAE__ligand358-0
239,FIFHAE__ligand1685-0
240,FIFHAE__ligand509-0
241,FIFHAE__ligand1048-0
242,FIFHAE__ligand2087-0
243,FIFHAE__ligand3757-0
244,FIFHAE__ligand1459-0
245,FIFHAE__ligand118-0
246,FIFHAE__ligand670-0
247,FIFHAE__ligand571-0
248,FIFHAE__ligand1544-0
249,FIFHAE__ligand2320-0
250,FIFHAE__ligand1056-0
251,FIFHAE__ligand2862-0
252,FIFHAE__ligand8921-0
253,FIFHAE__ligand62-0
254,FIFHAE__ligand2285-0
255,FIFHAE__ligand1567-0
256,FIFHAE__ligand2510-0
257,FIFHAE__ligand14530-0
258,FIFHAE__ligand2907-0
259,FIFHAE__ligand1703-0
260,FIFHAE__ligand2430-0
261,FIFHAE__ligand86-0
262,FIFHAE__ligand1152-0
263,FIFHAE__ligand1727-0
264,FIFHAE__ligand757-0
265,FIFHAE__ligand10910-0
266,FIFHAE__ligand797-0
267,FIFHAE__ligand1607-0
268,FIFHAE__ligand8774-0
269,FIFHAE__ligand3637-0
270,FIFHAE__ligand120-0
271,FIFHAE__ligand10114-0
272,FIFHAE__ligand384-0
273,FIFHAE__ligand240-0
274,FIFHAE__ligand18-0
275,FIFHAE__ligand141-0
276,FIFHAE__ligand7464-0
277,FIFHAE__ligand6294-0
278,FIFHAE__ligand1054-0
279,FIFHAE__ligand1598-0
280,FIFHAE__ligand10479-0
281,FIFHAE__ligand4303-0
282,FIFHAE__ligand1248-0
283,FIFHAE__ligand6151-0
284,FIFHAE__ligand2772-0
285,FIFHAE__ligand9495-0
286,FIFHAE__ligand6538-0
287,FIFHAE__ligand100-0
288,FIFHAE__ligand201-0
289,FIFHAE__ligand244-0
290,FIFHAE__ligand2142-0
291,FIFHAE__ligand279-0
292,FIFHAE__ligand21-0
293,FIFHAE__ligand178-0
294,FIFHAE__ligand2864-0
295,FIFHAE__ligand321-0
296,FIFHAE__ligand119-0
297,FIFHAE__ligand1169-0
298,FIFHAE__ligand5022-0
299,FIFHAE__ligand40-0
300,FIFHAE__ligand2880-0
301,FIFHAE__ligand5941-0
302,FIFHAE__ligand2838-0
303,FIFHAE__ligand1799-0
304,FIFHAE__ligand3838-0
305,FIFHAE__ligand38-0
306,FIFHAE__ligand124-0
307,FIFHAE__ligand9027-0
308,FIFHAE__ligand126-0
309,FIFHAE__ligand1113-0
310,FIFHAE__ligand2265-0
311,FIFHAE__ligand6396-0
312,FIFHAE__ligand1502-0
313,FIFHAE__ligand2794-0
314,FIFHAE__ligand2345-0
315,FIFHAE__ligand1835-0
316,FIFHAE__ligand4983-0
317,FIFHAE__ligand612-0
318,FIFHAE__ligand66-0
319,FIFHAE__ligand187-0
320,FIFHAE__ligand366-0
321,FIFHAE__ligand1052-0
322,FIFHAE__ligand861-0
323,FIFHAE__ligand1273-0
324,FIFHAE__ligand596-0
