,TMC
0,RUKPUI__ligand25561-0
1,RUKPUI__ligand3234-0
2,RUKPUI__ligand1142-0
3,RUKPUI__ligand11949-0
4,RUKPUI__ligand24780-0
5,RUKPUI__ligand7126-0
6,RUKPUI__ligand12138-0
7,RUKPUI__ligand22129-0
8,RUKPUI__ligand8835-0
9,RUKPUI__ligand2028-0
10,RUKPUI__ligand326-0
11,RUKPUI__ligand436-0
12,RUKPUI__ligand17427-0
13,RUKPUI__ligand4641-0
14,RUKPUI__ligand31694-0
15,RUKPUI__ligand29486-0
16,RUKPUI__ligand692-0
17,RUKPUI__ligand4620-0
18,RUKPUI__ligand13220-0
19,RUKPUI__ligand11587-0
20,RUKPUI__ligand15788-0
21,RUKPUI__ligand23175-0
22,RUKPUI__ligand17396-0
23,RUKPUI__ligand13385-0
24,RUKPUI__ligand2295-0
25,RUKPUI__ligand14569-0
26,RUKPUI__ligand6067-0
27,RUKPUI__ligand1577-0
28,RUKPUI__ligand22444-0
29,RUKPUI__ligand24111-0
30,RUKPUI__ligand24644-0
31,RUKPUI__ligand10033-0
32,RUKPUI__ligand633-0
33,RUKPUI__ligand2917-0
34,RUKPUI__ligand12001-0
35,RUKPUI__ligand7819-0
36,RUKPUI__ligand30728-0
37,RUKPUI__ligand6102-0
38,RUKPUI__ligand6596-0
39,RUKPUI__ligand6904-0
40,RUKPUI__ligand3721-0
41,RUKPUI__ligand27840-0
42,RUKPUI__ligand497-0
43,RUKPUI__ligand3465-0
44,RUKPUI__ligand24872-0
45,RUKPUI__ligand12003-0
46,RUKPUI__ligand26631-0
47,RUKPUI__ligand16148-0
48,RUKPUI__ligand3156-0
49,RUKPUI__ligand2915-0
50,RUKPUI__ligand10872-0
51,RUKPUI__ligand21399-0
52,RUKPUI__ligand588-0
53,RUKPUI__ligand6244-0
54,RUKPUI__ligand78-0
55,RUKPUI__ligand29215-0
56,RUKPUI__ligand1378-0
57,RUKPUI__ligand300-0
58,RUKPUI__ligand20695-0
59,RUKPUI__ligand27754-0
60,RUKPUI__ligand11111-0
61,RUKPUI__ligand9441-0
62,RUKPUI__ligand28540-0
63,RUKPUI__ligand2332-0
64,RUKPUI__ligand45-0
65,RUKPUI__ligand16369-0
66,RUKPUI__ligand22403-0
67,RUKPUI__ligand1631-0
68,RUKPUI__ligand199-0
69,RUKPUI__ligand1575-0
70,RUKPUI__ligand1530-0
71,RUKPUI__ligand9933-0
72,RUKPUI__ligand5643-0
73,RUKPUI__ligand1823-0
74,RUKPUI__ligand11618-0
75,RUKPUI__ligand24-0
76,RUKPUI__ligand1324-0
77,RUKPUI__ligand8721-0
78,RUKPUI__ligand9111-0
79,RUKPUI__ligand9952-0
80,RUKPUI__ligand26529-0
81,RUKPUI__ligand5036-0
82,RUKPUI__ligand2526-0
83,RUKPUI__ligand1615-0
84,RUKPUI__ligand8992-0
85,RUKPUI__ligand27239-0
86,RUKPUI__ligand21729-0
87,RUKPUI__ligand9601-0
88,RUKPUI__ligand361-0
89,RUKPUI__ligand324-0
90,RUKPUI__ligand19927-0
91,RUKPUI__ligand409-0
92,RUKPUI__ligand6124-0
93,RUKPUI__ligand3707-0
94,RUKPUI__ligand7967-0
95,RUKPUI__ligand19-0
96,RUKPUI__ligand14043-0
97,RUKPUI__ligand1018-0
98,RUKPUI__ligand26324-0
99,RUKPUI__ligand4116-0
100,RUKPUI__ligand28559-0
101,RUKPUI__ligand14167-0
102,RUKPUI__ligand13477-0
103,RUKPUI__ligand1285-0
104,RUKPUI__ligand6768-0
105,RUKPUI__ligand694-0
106,RUKPUI__ligand8115-0
107,RUKPUI__ligand27669-0
108,RUKPUI__ligand30142-0
109,RUKPUI__ligand7000-0
110,RUKPUI__ligand1982-0
111,RUKPUI__ligand4546-0
112,RUKPUI__ligand358-0
113,RUKPUI__ligand4503-0
114,RUKPUI__ligand430-0
115,RUKPUI__ligand488-0
116,RUKPUI__ligand23197-0
117,RUKPUI__ligand4157-0
118,RUKPUI__ligand7648-0
119,RUKPUI__ligand8876-0
120,RUKPUI__ligand2828-0
121,RUKPUI__ligand9833-0
122,RUKPUI__ligand5256-0
123,RUKPUI__ligand29029-0
124,RUKPUI__ligand27285-0
125,RUKPUI__ligand2176-0
126,RUKPUI__ligand9291-0
127,RUKPUI__ligand2232-0
128,RUKPUI__ligand4272-0
129,RUKPUI__ligand1451-0
130,RUKPUI__ligand7629-0
131,RUKPUI__ligand13672-0
132,RUKPUI__ligand28685-0
133,RUKPUI__ligand18568-0
134,RUKPUI__ligand9784-0
135,RUKPUI__ligand9520-0
136,RUKPUI__ligand670-0
137,RUKPUI__ligand1160-0
138,RUKPUI__ligand8699-0
139,RUKPUI__ligand10371-0
140,RUKPUI__ligand534-0
141,RUKPUI__ligand571-0
142,RUKPUI__ligand3954-0
143,RUKPUI__ligand4093-0
144,RUKPUI__ligand4442-0
145,RUKPUI__ligand7867-0
146,RUKPUI__ligand6709-0
147,RUKPUI__ligand1219-0
148,RUKPUI__ligand28459-0
149,RUKPUI__ligand4016-0
150,RUKPUI__ligand18448-0
151,RUKPUI__ligand12453-0
152,RUKPUI__ligand7238-0
153,RUKPUI__ligand19184-0
154,RUKPUI__ligand7280-0
155,RUKPUI__ligand1304-0
156,RUKPUI__ligand1790-0
157,RUKPUI__ligand1959-0
158,RUKPUI__ligand162-0
159,RUKPUI__ligand25913-0
160,RUKPUI__ligand16988-0
161,RUKPUI__ligand3504-0
162,RUKPUI__ligand226-0
163,RUKPUI__ligand9935-0
164,RUKPUI__ligand1573-0
165,RUKPUI__ligand1536-0
166,RUKPUI__ligand20207-0
167,RUKPUI__ligand30711-0
168,RUKPUI__ligand6616-0
169,RUKPUI__ligand3035-0
170,RUKPUI__ligand1343-0
171,RUKPUI__ligand3876-0
172,RUKPUI__ligand3718-0
173,RUKPUI__ligand11682-0
174,RUKPUI__ligand416-0
175,RUKPUI__ligand4661-0
176,RUKPUI__ligand1844-0
177,RUKPUI__ligand43-0
178,RUKPUI__ligand383-0
179,RUKPUI__ligand24035-0
180,RUKPUI__ligand7242-0
181,RUKPUI__ligand11994-0
182,RUKPUI__ligand31842-0
183,RUKPUI__ligand31044-0
184,RUKPUI__ligand7106-0
185,RUKPUI__ligand9908-0
186,RUKPUI__ligand1263-0
187,RUKPUI__ligand16663-0
188,RUKPUI__ligand14614-0
189,RUKPUI__ligand22294-0
190,RUKPUI__ligand5211-0
191,RUKPUI__ligand28930-0
192,RUKPUI__ligand22168-0
193,RUKPUI__ligand4-0
194,RUKPUI__ligand4155-0
195,RUKPUI__ligand3094-0
196,RUKPUI__ligand21919-0
197,RUKPUI__ligand10056-0
198,RUKPUI__ligand12365-0
199,RUKPUI__ligand656-0
200,RUKPUI__ligand4720-0
201,RUKPUI__ligand15531-0
202,RUKPUI__ligand28743-0
203,RUKPUI__ligand11357-0
204,RUKPUI__ligand13862-0
205,RUKPUI__ligand6839-0
206,RUKPUI__ligand3131-0
207,RUKPUI__ligand3937-0
208,RUKPUI__ligand1202-0
209,RUKPUI__ligand3174-0
210,RUKPUI__ligand8969-0
211,RUKPUI__ligand5331-0
212,RUKPUI__ligand24230-0
213,RUKPUI__ligand1512-0
214,RUKPUI__ligand11096-0
215,RUKPUI__ligand11447-0
216,RUKPUI__ligand696-0
217,RUKPUI__ligand28810-0
218,RUKPUI__ligand10828-0
219,RUKPUI__ligand3565-0
220,RUKPUI__ligand19792-0
221,RUKPUI__ligand15926-0
222,RUKPUI__ligand11970-0
223,RUKPUI__ligand67-0
224,RUKPUI__ligand6919-0
225,RUKPUI__ligand15883-0
226,RUKPUI__ligand2485-0
227,RUKPUI__ligand3852-0
228,RUKPUI__ligand20731-0
229,RUKPUI__ligand5056-0
230,RUKPUI__ligand4850-0
231,RUKPUI__ligand29334-0
232,RUKPUI__ligand12413-0
233,RUKPUI__ligand5357-0
234,RUKPUI__ligand11798-0
235,RUKPUI__ligand3647-0
236,RUKPUI__ligand1688-0
237,RUKPUI__ligand1469-0
238,RUKPUI__ligand14477-0
239,RUKPUI__ligand17069-0
240,RUKPUI__ligand3871-0
241,RUKPUI__ligand384-0
242,RUKPUI__ligand1768-0
243,RUKPUI__ligand17445-0
244,RUKPUI__ligand768-0
245,RUKPUI__ligand5935-0
246,RUKPUI__ligand29214-0
247,RUKPUI__ligand2722-0
248,RUKPUI__ligand11544-0
249,RUKPUI__ligand1379-0
250,RUKPUI__ligand11501-0
251,RUKPUI__ligand21448-0
252,RUKPUI__ligand3157-0
253,RUKPUI__ligand9525-0
254,RUKPUI__ligand11758-0
255,RUKPUI__ligand1165-0
256,RUKPUI__ligand22357-0
257,RUKPUI__ligand3-0
258,RUKPUI__ligand3392-0
259,RUKPUI__ligand14007-0
260,RUKPUI__ligand18-0
261,RUKPUI__ligand1771-0
262,RUKPUI__ligand4911-0
263,RUKPUI__ligand18019-1
264,RUKPUI__ligand27550-0
265,RUKPUI__ligand5849-0
266,RUKPUI__ligand240-0
267,RUKPUI__ligand16956-0
268,RUKPUI__ligand14226-0
269,RUKPUI__ligand21339-0
270,RUKPUI__ligand20942-1
271,RUKPUI__ligand141-0
272,RUKPUI__ligand2527-0
273,RUKPUI__ligand8349-0
274,RUKPUI__ligand23682-0
275,RUKPUI__ligand1709-0
276,RUKPUI__ligand29565-0
277,RUKPUI__ligand8464-0
278,RUKPUI__ligand27771-0
279,RUKPUI__ligand18158-0
280,RUKPUI__ligand21752-0
281,RUKPUI__ligand3208-0
282,RUKPUI__ligand2208-0
283,RUKPUI__ligand693-0
284,RUKPUI__ligand8722-0
285,RUKPUI__ligand9809-0
286,RUKPUI__ligand6672-0
287,RUKPUI__ligand14339-0
288,RUKPUI__ligand1327-0
289,RUKPUI__ligand13691-0
290,RUKPUI__ligand30788-0
291,RUKPUI__ligand7573-0
292,RUKPUI__ligand2781-0
293,RUKPUI__ligand3350-0
294,RUKPUI__ligand1773-0
295,RUKPUI__ligand4581-0
296,RUKPUI__ligand2328-0
297,RUKPUI__ligand7162-0
298,RUKPUI__ligand3029-0
299,RUKPUI__ligand1-0
300,RUKPUI__ligand24560-0
301,RUKPUI__ligand18757-0
302,RUKPUI__ligand9197-0
303,RUKPUI__ligand1900-0
304,RUKPUI__ligand24624-0
305,RUKPUI__ligand20844-0
306,RUKPUI__ligand18413-0
307,RUKPUI__ligand20557-0
308,RUKPUI__ligand30004-0
309,RUKPUI__ligand4131-0
310,RUKPUI__ligand1712-0
311,RUKPUI__ligand5094-0
312,RUKPUI__ligand5892-0
313,RUKPUI__ligand13755-0
314,RUKPUI__ligand16133-0
315,RUKPUI__ligand27122-0
316,RUKPUI__ligand20432-0
317,RUKPUI__ligand1533-0
318,RUKPUI__ligand122-0
319,RUKPUI__ligand23445-0
320,RUKPUI__ligand24953-0
321,RUKPUI__ligand7557-0
322,RUKPUI__ligand1496-0
323,RUKPUI__ligand21940-0
324,RUKPUI__ligand757-0
325,RUKPUI__ligand25048-0
326,RUKPUI__ligand26673-0
327,RUKPUI__ligand3215-0
328,RUKPUI__ligand20821-0
329,RUKPUI__ligand845-0
330,RUKPUI__ligand11606-0
331,RUKPUI__ligand31000-0
332,RUKPUI__ligand7107-0
333,RUKPUI__ligand6283-0
334,RUKPUI__ligand11252-0
335,RUKPUI__ligand42-0
336,RUKPUI__ligand13260-0
337,RUKPUI__ligand10582-0
338,RUKPUI__ligand163-0
339,RUKPUI__ligand4738-0
340,RUKPUI__ligand126-0
341,RUKPUI__ligand5813-0
342,RUKPUI__ligand4813-0
343,RUKPUI__ligand18067-0
344,RUKPUI__ligand19824-0
345,RUKPUI__ligand6062-0
346,RUKPUI__ligand11177-0
347,RUKPUI__ligand777-0
348,RUKPUI__ligand7532-0
349,RUKPUI__ligand66-0
350,RUKPUI__ligand15455-0
351,RUKPUI__ligand4194-0
352,RUKPUI__ligand4330-0
353,RUKPUI__ligand2599-0
354,RUKPUI__ligand31205-0
355,RUKPUI__ligand596-0
356,RUKPUI__ligand941-0
357,RUKPUI__ligand17686-0
358,RUKPUI__ligand25658-0
359,RUKPUI__ligand657-0
360,RUKPUI__ligand11814-0
361,RUKPUI__ligand1147-0
362,RUKPUI__ligand16603-0
363,RUKPUI__ligand187-0
364,RUKPUI__ligand3973-0
365,RUKPUI__ligand7925-0
366,RUKPUI__ligand2068-0
367,RUKPUI__ligand366-0
368,RUKPUI__ligand16870-0
369,RUKPUI__ligand11622-0
370,RUKPUI__ligand11479-0
371,RUKPUI__ligand3934-0
372,RUKPUI__ligand279-0
373,RUKPUI__ligand10479-0
374,RUKPUI__ligand27610-0
375,RUKPUI__ligand185-0
376,RUKPUI__ligand6882-0
377,RUKPUI__ligand178-0
378,RUKPUI__ligand6455-0
379,RUKPUI__ligand10853-0
380,RUKPUI__ligand29441-0
381,RUKPUI__ligand24851-0
382,RUKPUI__ligand2403-0
383,RUKPUI__ligand321-0
384,RUKPUI__ligand14302-0
385,RUKPUI__ligand13657-0
386,RUKPUI__ligand14347-0
387,RUKPUI__ligand11698-0
388,RUKPUI__ligand20530-0
389,RUKPUI__ligand20220-0
390,RUKPUI__ligand3012-0
391,RUKPUI__ligand1449-0
392,RUKPUI__ligand20121-0
393,RUKPUI__ligand7530-0
394,RUKPUI__ligand1065-0
395,RUKPUI__ligand15387-0
396,RUKPUI__ligand9681-0
397,RUKPUI__ligand29813-0
398,RUKPUI__ligand16952-0
399,RUKPUI__ligand201-0
400,RUKPUI__ligand4332-0
401,RUKPUI__ligand1729-0
402,RUKPUI__ligand10151-0
403,RUKPUI__ligand5627-0
404,RUKPUI__ligand2830-0
405,RUKPUI__ligand338-0
406,RUKPUI__ligand5316-0
407,RUKPUI__ligand5483-0
408,RUKPUI__ligand22353-0
409,RUKPUI__ligand9148-0
410,RUKPUI__ligand19906-0
411,RUKPUI__ligand6946-0
412,RUKPUI__ligand1415-0
413,RUKPUI__ligand19668-0
414,RUKPUI__ligand7529-0
415,RUKPUI__ligand38-0
416,RUKPUI__ligand7438-0
417,RUKPUI__ligand8200-0
418,RUKPUI__ligand17240-0
419,RUKPUI__ligand115-0
420,RUKPUI__ligand4063-0
421,RUKPUI__ligand17590-0
422,RUKPUI__ligand3042-0
423,RUKPUI__ligand34-0
424,RUKPUI__ligand12682-0
425,RUKPUI__ligand18699-0
426,RUKPUI__ligand833-0
427,RUKPUI__ligand3453-0
428,RUKPUI__ligand3416-0
429,RUKPUI__ligand4207-0
430,RUKPUI__ligand1539-0
431,RUKPUI__ligand13072-0
432,RUKPUI__ligand1150-0
433,RUKPUI__ligand12336-0
434,RUKPUI__ligand1400-0
435,RUKPUI__ligand4266-0
436,RUKPUI__ligand31483-0
437,RUKPUI__ligand9491-0
438,RUKPUI__ligand784-0
439,RUKPUI__ligand10555-0
440,RUKPUI__ligand4167-0
441,RUKPUI__ligand68-0
442,RUKPUI__ligand1288-0
443,RUKPUI__ligand24613-0
444,RUKPUI__ligand19725-0
445,RUKPUI__ligand21421-0
446,RUKPUI__ligand7075-0
447,RUKPUI__ligand3980-0
448,RUKPUI__ligand3557-0
449,RUKPUI__ligand11774-0
450,RUKPUI__ligand1149-0
451,RUKPUI__ligand14586-0
452,RUKPUI__ligand395-0
453,RUKPUI__ligand1779-0
454,RUKPUI__ligand55-0
455,RUKPUI__ligand6993-0
456,RUKPUI__ligand1817-0
457,RUKPUI__ligand17710-0
458,RUKPUI__ligand20579-0
459,RUKPUI__ligand9750-0
460,RUKPUI__ligand11568-0
461,RUKPUI__ligand368-0
462,RUKPUI__ligand176-0
463,RUKPUI__ligand1908-0
464,RUKPUI__ligand26277-0
465,RUKPUI__ligand29898-0
466,RUKPUI__ligand10432-0
467,RUKPUI__ligand31618-0
468,RUKPUI__ligand11432-0
469,RUKPUI__ligand4795-0
470,RUKPUI__ligand3285-0
471,RUKPUI__ligand22755-0
472,RUKPUI__ligand1786-0
473,RUKPUI__ligand447-0
474,RUKPUI__ligand57-0
475,RUKPUI__ligand5630-0
476,RUKPUI__ligand746-0
477,RUKPUI__ligand487-0
478,RUKPUI__ligand1828-0
479,RUKPUI__ligand7213-0
480,RUKPUI__ligand24064-0
481,RUKPUI__ligand1397-0
482,RUKPUI__ligand23589-0
483,RUKPUI__ligand8042-0
484,RUKPUI__ligand6112-0
485,RUKPUI__ligand5085-0
486,RUKPUI__ligand3144-0
487,RUKPUI__ligand15168-0
488,RUKPUI__ligand5755-0
489,RUKPUI__ligand4710-0
490,RUKPUI__ligand15438-0
491,RUKPUI__ligand28924-0
492,RUKPUI__ligand1849-0
493,RUKPUI__ligand29087-0
494,RUKPUI__ligand5019-0
495,RUKPUI__ligand1152-0
496,RUKPUI__ligand3261-0
497,RUKPUI__ligand506-0
498,RUKPUI__ligand18703-0
499,RUKPUI__ligand1216-0
500,RUKPUI__ligand18013-0
501,RUKPUI__ligand25224-0
502,RUKPUI__ligand17945-0
503,RUKPUI__ligand17207-0
504,RUKPUI__ligand31578-0
505,RUKPUI__ligand152-0
506,RUKPUI__ligand24750-0
507,RUKPUI__ligand1831-0
508,RUKPUI__ligand5280-0
509,RUKPUI__ligand5614-0
510,RUKPUI__ligand6663-0
511,RUKPUI__ligand5515-0
512,RUKPUI__ligand196-0
513,RUKPUI__ligand25689-0
514,RUKPUI__ligand25575-0
515,RUKPUI__ligand21787-0
516,RUKPUI__ligand8553-0
517,RUKPUI__ligand1113-0
518,RUKPUI__ligand5201-0
519,RUKPUI__ligand27835-0
520,RUKPUI__ligand12295-0
521,RUKPUI__ligand422-0
522,RUKPUI__ligand23906-0
523,RUKPUI__ligand2001-0
524,RUKPUI__ligand11166-0
525,RUKPUI__ligand21132-0
526,RUKPUI__ligand32-0
527,RUKPUI__ligand7566-0
528,RUKPUI__ligand30539-0
529,RUKPUI__ligand8593-0
530,RUKPUI__ligand9944-0
531,RUKPUI__ligand686-0
532,RUKPUI__ligand6995-0
533,RUKPUI__ligand16-0
534,RUKPUI__ligand12519-0
535,RUKPUI__ligand25735-0
536,RUKPUI__ligand393-0
537,RUKPUI__ligand23124-0
538,RUKPUI__ligand2823-0
539,RUKPUI__ligand11206-0
540,RUKPUI__ligand4340-0
541,RUKPUI__ligand2650-0
542,RUKPUI__ligand2281-0
543,RUKPUI__ligand3180-0
544,RUKPUI__ligand25650-0
545,RUKPUI__ligand31248-0
546,RUKPUI__ligand5415-0
547,RUKPUI__ligand353-0
548,RUKPUI__ligand12660-0
549,RUKPUI__ligand3471-0
550,RUKPUI__ligand19257-0
551,RUKPUI__ligand4161-0
552,RUKPUI__ligand13209-0
553,RUKPUI__ligand4124-0
554,RUKPUI__ligand1618-0
555,RUKPUI__ligand18799-0
556,RUKPUI__ligand2692-0
557,RUKPUI__ligand18465-0
558,RUKPUI__ligand813-0
559,RUKPUI__ligand1028-0
560,RUKPUI__ligand16791-0
561,RUKPUI__ligand28668-0
562,RUKPUI__ligand4262-0
563,RUKPUI__ligand91-0
564,RUKPUI__ligand780-0
565,RUKPUI__ligand314-0
566,RUKPUI__ligand29610-0
567,RUKPUI__ligand2027-0
568,RUKPUI__ligand391-0
569,RUKPUI__ligand11140-0
570,RUKPUI__ligand1015-0
571,RUKPUI__ligand51-0
572,RUKPUI__ligand1050-0
573,RUKPUI__ligand618-0
574,RUKPUI__ligand13869-0
575,RUKPUI__ligand18074-0
576,RUKPUI__ligand29863-0
577,RUKPUI__ligand21936-0
578,RUKPUI__ligand13257-0
579,RUKPUI__ligand23904-0
580,RUKPUI__ligand465-0
581,RUKPUI__ligand10084-0
582,RUKPUI__ligand25267-0
583,RUKPUI__ligand12467-0
584,RUKPUI__ligand1169-0
585,RUKPUI__ligand8529-0
586,RUKPUI__ligand1154-0
587,RUKPUI__ligand314-1
588,RUKPUI__ligand18391-0
589,RUKPUI__ligand14523-0
590,RUKPUI__ligand9615-0
591,RUKPUI__ligand27169-0
592,RUKPUI__ligand27074-0
593,RUKPUI__ligand1498-0
594,RUKPUI__ligand48-0
595,RUKPUI__ligand20599-0
596,RUKPUI__ligand25805-0
597,RUKPUI__ligand22981-0
598,RUKPUI__ligand4596-0
599,RUKPUI__ligand2906-0
600,RUKPUI__ligand24185-0
601,RUKPUI__ligand23769-0
602,RUKPUI__ligand3244-0
603,RUKPUI__ligand4711-0
604,RUKPUI__ligand909-0
605,RUKPUI__ligand25178-0
606,RUKPUI__ligand4649-0
607,RUKPUI__ligand5649-0
608,RUKPUI__ligand2788-0
609,RUKPUI__ligand8793-0
610,RUKPUI__ligand17302-0
611,RUKPUI__ligand17805-0
612,RUKPUI__ligand13658-0
613,RUKPUI__ligand1787-0
614,RUKPUI__ligand1356-0
615,RUKPUI__ligand8-0
616,RUKPUI__ligand26702-0
617,RUKPUI__ligand5530-0
618,RUKPUI__ligand12289-0
619,RUKPUI__ligand18292-0
620,RUKPUI__ligand12130-0
621,RUKPUI__ligand17387-0
622,RUKPUI__ligand9753-0
623,RUKPUI__ligand7196-0
624,RUKPUI__ligand5159-0
625,RUKPUI__ligand12231-0
626,RUKPUI__ligand15585-0
627,RUKPUI__ligand12401-0
628,RUKPUI__ligand177-0
629,RUKPUI__ligand4807-0
630,RUKPUI__ligand24145-0
631,RUKPUI__ligand10476-0
632,RUKPUI__ligand3178-0
633,RUKPUI__ligand19830-0
634,RUKPUI__ligand13068-0
635,RUKPUI__ligand10262-0
636,RUKPUI__ligand28676-0
637,RUKPUI__ligand27763-0
638,RUKPUI__ligand5180-0
639,RUKPUI__ligand19057-0
640,RUKPUI__ligand6017-0
641,RUKPUI__ligand18814-0
642,RUKPUI__ligand252-0
643,RUKPUI__ligand7316-0
644,RUKPUI__ligand5708-0
645,RUKPUI__ligand13425-0
646,RUKPUI__ligand116-0
647,RUKPUI__ligand29302-0
648,RUKPUI__ligand2260-0
649,RUKPUI__ligand7092-0
650,RUKPUI__ligand1116-0
651,RUKPUI__ligand14108-0
652,RUKPUI__ligand1153-0
653,RUKPUI__ligand3225-0
654,RUKPUI__ligand193-0
655,RUKPUI__ligand8612-0
656,RUKPUI__ligand2124-0
657,RUKPUI__ligand7172-0
658,RUKPUI__ligand372-0
659,RUKPUI__ligand12641-0
660,RUKPUI__ligand10958-0
661,RUKPUI__ligand7273-0
662,RUKPUI__ligand9323-0
663,RUKPUI__ligand830-0
664,RUKPUI__ligand30296-0
665,RUKPUI__ligand6391-0
666,RUKPUI__ligand3126-0
667,RUKPUI__ligand9284-0
668,RUKPUI__ligand17281-0
669,RUKPUI__ligand1114-0
670,RUKPUI__ligand26540-0
671,RUKPUI__ligand29410-0
672,RUKPUI__ligand12337-0
673,RUKPUI__ligand2417-0
674,RUKPUI__ligand30333-0
675,RUKPUI__ligand370-0
676,RUKPUI__ligand12606-0
677,RUKPUI__ligand2043-0
678,RUKPUI__ligand1832-0
679,RUKPUI__ligand27460-0
680,RUKPUI__ligand8788-0
681,RUKPUI__ligand12427-0
682,RUKPUI__ligand1604-0
683,RUKPUI__ligand20740-0
684,RUKPUI__ligand28468-0
685,RUKPUI__ligand250-0
686,RUKPUI__ligand1228-0
687,RUKPUI__ligand9943-0
688,RUKPUI__ligand16628-0
689,RUKPUI__ligand14723-0
690,RUKPUI__ligand9450-0
691,RUKPUI__ligand11-0
692,RUKPUI__ligand27893-0
693,RUKPUI__ligand15422-0
694,RUKPUI__ligand12934-0
695,RUKPUI__ligand20578-0
696,RUKPUI__ligand19641-0
697,RUKPUI__ligand23713-0
698,RUKPUI__ligand188-0
699,RUKPUI__ligand18832-0
700,RUKPUI__ligand2612-0
701,RUKPUI__ligand27175-0
702,RUKPUI__ligand30988-0
703,RUKPUI__ligand1599-0
704,RUKPUI__ligand1289-0
705,RUKPUI__ligand14297-0
706,RUKPUI__ligand14603-0
707,RUKPUI__ligand620-0
708,RUKPUI__ligand5387-0
709,RUKPUI__ligand17258-0
710,RUKPUI__ligand2203-0
711,RUKPUI__ligand370-1
712,RUKPUI__ligand564-0
713,RUKPUI__ligand13012-0
714,RUKPUI__ligand17631-0
715,RUKPUI__ligand26665-0
716,RUKPUI__ligand479-0
717,RUKPUI__ligand311-0
718,RUKPUI__ligand785-0
719,RUKPUI__ligand31783-0
720,RUKPUI__ligand69-0
721,RUKPUI__ligand4007-0
722,RUKPUI__ligand2985-0
723,RUKPUI__ligand17261-0
724,RUKPUI__ligand14117-0
725,RUKPUI__ligand134-0
726,RUKPUI__ligand9299-0
727,RUKPUI__ligand235-0
728,RUKPUI__ligand20539-0
729,RUKPUI__ligand7291-0
730,RUKPUI__ligand20251-0
731,RUKPUI__ligand20214-0
732,RUKPUI__ligand30702-0
733,RUKPUI__ligand3677-1
734,RUKPUI__ligand9883-0
735,RUKPUI__ligand31097-0
736,RUKPUI__ligand21581-0
737,RUKPUI__ligand29568-0
738,RUKPUI__ligand9344-0
739,RUKPUI__ligand30851-0
740,RUKPUI__ligand3736-0
741,RUKPUI__ligand14889-0
742,RUKPUI__ligand8000-0
743,RUKPUI__ligand560-0
744,RUKPUI__ligand20419-0
745,RUKPUI__ligand17118-0
746,RUKPUI__ligand21371-0
747,RUKPUI__ligand3945-0
748,RUKPUI__ligand2693-0
749,RUKPUI__ligand5383-0
750,RUKPUI__ligand28789-0
751,RUKPUI__ligand17398-0
752,RUKPUI__ligand3712-0
753,RUKPUI__ligand1464-0
754,RUKPUI__ligand11675-0
755,RUKPUI__ligand49-0
756,RUKPUI__ligand1499-0
757,RUKPUI__ligand20598-0
758,RUKPUI__ligand2881-0
759,RUKPUI__ligand22557-0
760,RUKPUI__ligand10589-0
761,RUKPUI__ligand24047-0
762,RUKPUI__ligand17278-0
763,RUKPUI__ligand20011-0
764,RUKPUI__ligand6892-0
765,RUKPUI__ligand294-0
766,RUKPUI__ligand29414-0
767,RUKPUI__ligand17982-0
768,RUKPUI__ligand1211-0
769,RUKPUI__ligand685-0
770,RUKPUI__ligand3677-0
771,RUKPUI__ligand3632-0
772,RUKPUI__ligand20251-1
773,RUKPUI__ligand1168-0
774,RUKPUI__ligand1294-0
775,RUKPUI__ligand16475-0
776,RUKPUI__ligand14703-0
777,RUKPUI__ligand6699-0
778,RUKPUI__ligand421-0
779,RUKPUI__ligand89-0
780,RUKPUI__ligand1296-0
781,RUKPUI__ligand10712-0
782,RUKPUI__ligand2259-0
783,RUKPUI__ligand14174-0
784,RUKPUI__ligand1197-0
785,RUKPUI__ligand8592-0
786,RUKPUI__ligand5099-0
787,RUKPUI__ligand11456-0
788,RUKPUI__ligand9773-0
789,RUKPUI__ligand1376-0
790,RUKPUI__ligand5510-0
791,RUKPUI__ligand25411-0
792,RUKPUI__ligand5595-0
793,RUKPUI__ligand4101-0
794,RUKPUI__ligand31832-0
795,RUKPUI__ligand13294-0
796,RUKPUI__ligand197-0
797,RUKPUI__ligand4358-0
798,RUKPUI__ligand12030-0
799,RUKPUI__ligand29879-0
800,RUKPUI__ligand3926-0
801,RUKPUI__ligand14248-0
802,RUKPUI__ligand3120-0
803,RUKPUI__ligand13331-0
804,RUKPUI__ligand28884-0
805,RUKPUI__ligand2221-0
806,RUKPUI__ligand352-0
807,RUKPUI__ligand783-0
808,RUKPUI__ligand8002-0
809,RUKPUI__ligand5509-0
810,RUKPUI__ligand27482-0
811,RUKPUI__ligand26810-0
812,RUKPUI__ligand6117-0
813,RUKPUI__ligand1407-0
814,RUKPUI__ligand13208-0
815,RUKPUI__ligand5080-0
816,RUKPUI__ligand7762-0
817,RUKPUI__ligand13390-0
818,RUKPUI__ligand9167-0
819,RUKPUI__ligand5304-0
820,RUKPUI__ligand2238-0
821,RUKPUI__ligand17-0
822,RUKPUI__ligand868-0
823,RUKPUI__ligand3867-0
824,RUKPUI__ligand1317-0
825,RUKPUI__ligand20682-0
826,RUKPUI__ligand7293-0
827,RUKPUI__ligand2822-0
