,TMC
0,FOTHAY__ligand391-0
1,FOTHAY__ligand17427-0
2,FOTHAY__ligand29486-0
3,FOTHAY__ligand8529-0
4,FOTHAY__ligand31694-0
5,FOTHAY__ligand618-0
6,FOTHAY__ligand1169-0
7,FOTHAY__ligand16-0
8,FOTHAY__ligand1154-0
9,FOTHAY__ligand9615-0
10,FOTHAY__ligand25561-0
11,FOTHAY__ligand22129-0
12,FOTHAY__ligand780-0
13,FOTHAY__ligand314-0
14,FOTHAY__ligand12138-0
15,FOTHAY__ligand24780-0
16,FOTHAY__ligand813-0
17,FOTHAY__ligand4596-0
18,FOTHAY__ligand1498-0
19,FOTHAY__ligand4-0
20,FOTHAY__ligand11949-0
21,FOTHAY__ligand12001-0
22,FOTHAY__ligand2692-0
23,FOTHAY__ligand10033-0
24,FOTHAY__ligand32-0
25,FOTHAY__ligand1618-0
26,FOTHAY__ligand314-1
27,FOTHAY__ligand24644-0
28,FOTHAY__ligand1028-0
29,FOTHAY__ligand24872-0
30,FOTHAY__ligand27840-0
31,FOTHAY__ligand4262-0
32,FOTHAY__ligand30728-0
33,FOTHAY__ligand465-0
34,FOTHAY__ligand17396-0
35,FOTHAY__ligand2027-0
36,FOTHAY__ligand23175-0
37,FOTHAY__ligand15788-0
38,FOTHAY__ligand1015-0
39,FOTHAY__ligand1050-0
40,FOTHAY__ligand13220-0
41,FOTHAY__ligand11587-0
42,FOTHAY__ligand24111-0
43,FOTHAY__ligand22444-0
44,FOTHAY__ligand14569-0
45,FOTHAY__ligand13385-0
46,FOTHAY__ligand16369-0
47,FOTHAY__ligand28540-0
48,FOTHAY__ligand6995-0
49,FOTHAY__ligand11111-0
50,FOTHAY__ligand20695-0
51,FOTHAY__ligand27754-0
52,FOTHAY__ligand422-0
53,FOTHAY__ligand2823-0
54,FOTHAY__ligand686-0
55,FOTHAY__ligand4340-0
56,FOTHAY__ligand2650-0
57,FOTHAY__ligand2281-0
58,FOTHAY__ligand48-0
59,FOTHAY__ligand3180-0
60,FOTHAY__ligand22403-0
61,FOTHAY__ligand21399-0
62,FOTHAY__ligand10872-0
63,FOTHAY__ligand26631-0
64,FOTHAY__ligand16148-0
65,FOTHAY__ligand5415-0
66,FOTHAY__ligand12003-0
67,FOTHAY__ligand196-0
68,FOTHAY__ligand29215-0
69,FOTHAY__ligand3471-0
70,FOTHAY__ligand4161-0
71,FOTHAY__ligand4124-0
72,FOTHAY__ligand21729-0
73,FOTHAY__ligand27239-0
74,FOTHAY__ligand1113-0
75,FOTHAY__ligand51-0
76,FOTHAY__ligand8553-0
77,FOTHAY__ligand28559-0
78,FOTHAY__ligand26324-0
79,FOTHAY__ligand14043-0
80,FOTHAY__ligand19927-0
81,FOTHAY__ligand5201-0
82,FOTHAY__ligand353-0
83,FOTHAY__ligand2001-0
84,FOTHAY__ligand393-0
85,FOTHAY__ligand7566-0
86,FOTHAY__ligand11618-0
87,FOTHAY__ligand26529-0
88,FOTHAY__ligand8593-0
89,FOTHAY__ligand9944-0
90,FOTHAY__ligand91-0
91,FOTHAY__ligand1849-0
92,FOTHAY__ligand23197-0
93,FOTHAY__ligand487-0
94,FOTHAY__ligand1152-0
95,FOTHAY__ligand3261-0
96,FOTHAY__ligand55-0
97,FOTHAY__ligand5019-0
98,FOTHAY__ligand1216-0
99,FOTHAY__ligand27285-0
100,FOTHAY__ligand29029-0
101,FOTHAY__ligand30142-0
102,FOTHAY__ligand27669-0
103,FOTHAY__ligand68-0
104,FOTHAY__ligand176-0
105,FOTHAY__ligand14167-0
106,FOTHAY__ligand13477-0
107,FOTHAY__ligand746-0
108,FOTHAY__ligand1831-0
109,FOTHAY__ligand5280-0
110,FOTHAY__ligand5614-0
111,FOTHAY__ligand447-0
112,FOTHAY__ligand6663-0
113,FOTHAY__ligand5515-0
114,FOTHAY__ligand18448-0
115,FOTHAY__ligand152-0
116,FOTHAY__ligand12453-0
117,FOTHAY__ligand28459-0
118,FOTHAY__ligand1908-0
119,FOTHAY__ligand4795-0
120,FOTHAY__ligand3285-0
121,FOTHAY__ligand1786-0
122,FOTHAY__ligand19184-0
123,FOTHAY__ligand5630-0
124,FOTHAY__ligand7213-0
125,FOTHAY__ligand28685-0
126,FOTHAY__ligand18568-0
127,FOTHAY__ligand1397-0
128,FOTHAY__ligand1828-0
129,FOTHAY__ligand13672-0
130,FOTHAY__ligand6112-0
131,FOTHAY__ligand8042-0
132,FOTHAY__ligand5085-0
133,FOTHAY__ligand506-0
134,FOTHAY__ligand10371-0
135,FOTHAY__ligand3144-0
136,FOTHAY__ligand34-0
137,FOTHAY__ligand5755-0
138,FOTHAY__ligand4710-0
139,FOTHAY__ligand9491-0
140,FOTHAY__ligand31842-0
141,FOTHAY__ligand31044-0
142,FOTHAY__ligand11994-0
143,FOTHAY__ligand4266-0
144,FOTHAY__ligand1400-0
145,FOTHAY__ligand24035-0
146,FOTHAY__ligand4167-0
147,FOTHAY__ligand833-0
148,FOTHAY__ligand14614-0
149,FOTHAY__ligand1288-0
150,FOTHAY__ligand16663-0
151,FOTHAY__ligand7075-0
152,FOTHAY__ligand16988-0
153,FOTHAY__ligand25913-0
154,FOTHAY__ligand1149-0
155,FOTHAY__ligand115-0
156,FOTHAY__ligand3980-0
157,FOTHAY__ligand3557-0
158,FOTHAY__ligand6993-0
159,FOTHAY__ligand1817-0
160,FOTHAY__ligand1779-0
161,FOTHAY__ligand11682-0
162,FOTHAY__ligand9750-0
163,FOTHAY__ligand20207-0
164,FOTHAY__ligand30711-0
165,FOTHAY__ligand4063-0
166,FOTHAY__ligand15926-0
167,FOTHAY__ligand7438-0
168,FOTHAY__ligand8200-0
169,FOTHAY__ligand19792-0
170,FOTHAY__ligand10828-0
171,FOTHAY__ligand28810-0
172,FOTHAY__ligand11096-0
173,FOTHAY__ligand11447-0
174,FOTHAY__ligand24230-0
175,FOTHAY__ligand368-0
176,FOTHAY__ligand3042-0
177,FOTHAY__ligand15883-0
178,FOTHAY__ligand395-0
179,FOTHAY__ligand11970-0
180,FOTHAY__ligand21919-0
181,FOTHAY__ligand3453-0
182,FOTHAY__ligand3416-0
183,FOTHAY__ligand28930-0
184,FOTHAY__ligand784-0
185,FOTHAY__ligand22168-0
186,FOTHAY__ligand4207-0
187,FOTHAY__ligand22294-0
188,FOTHAY__ligand1539-0
189,FOTHAY__ligand11357-0
190,FOTHAY__ligand13862-0
191,FOTHAY__ligand15531-0
192,FOTHAY__ligand28743-0
193,FOTHAY__ligand57-0
194,FOTHAY__ligand1150-0
195,FOTHAY__ligand10056-0
196,FOTHAY__ligand12365-0
197,FOTHAY__ligand11544-0
198,FOTHAY__ligand11501-0
199,FOTHAY__ligand6117-0
200,FOTHAY__ligand1407-0
201,FOTHAY__ligand8002-0
202,FOTHAY__ligand5509-0
203,FOTHAY__ligand29214-0
204,FOTHAY__ligand22357-0
205,FOTHAY__ligand11758-0
206,FOTHAY__ligand21448-0
207,FOTHAY__ligand5080-0
208,FOTHAY__ligand7762-0
209,FOTHAY__ligand197-0
210,FOTHAY__ligand89-0
211,FOTHAY__ligand5304-0
212,FOTHAY__ligand11798-0
213,FOTHAY__ligand9167-0
214,FOTHAY__ligand49-0
215,FOTHAY__ligand12413-0
216,FOTHAY__ligand29334-0
217,FOTHAY__ligand2238-0
218,FOTHAY__ligand20731-0
219,FOTHAY__ligand17445-0
220,FOTHAY__ligand17069-0
221,FOTHAY__ligand3867-0
222,FOTHAY__ligand1317-0
223,FOTHAY__ligand7293-0
224,FOTHAY__ligand2822-0
225,FOTHAY__ligand14477-0
226,FOTHAY__ligand2259-0
227,FOTHAY__ligand1296-0
228,FOTHAY__ligand8592-0
229,FOTHAY__ligand5099-0
230,FOTHAY__ligand1197-0
231,FOTHAY__ligand20942-1
232,FOTHAY__ligand16956-0
233,FOTHAY__ligand14226-0
234,FOTHAY__ligand21339-0
235,FOTHAY__ligand1376-0
236,FOTHAY__ligand18158-0
237,FOTHAY__ligand5510-0
238,FOTHAY__ligand27771-0
239,FOTHAY__ligand9773-0
240,FOTHAY__ligand29565-0
241,FOTHAY__ligand23682-0
242,FOTHAY__ligand868-0
243,FOTHAY__ligand18019-1
244,FOTHAY__ligand14007-0
245,FOTHAY__ligand5595-0
246,FOTHAY__ligand4101-0
247,FOTHAY__ligand352-0
248,FOTHAY__ligand783-0
249,FOTHAY__ligand3926-0
250,FOTHAY__ligand3120-0
251,FOTHAY__ligand4358-0
252,FOTHAY__ligand2221-0
253,FOTHAY__ligand27550-0
254,FOTHAY__ligand3712-0
255,FOTHAY__ligand1464-0
256,FOTHAY__ligand2881-0
257,FOTHAY__ligand1499-0
258,FOTHAY__ligand20844-0
259,FOTHAY__ligand18413-0
260,FOTHAY__ligand17-0
261,FOTHAY__ligand24624-0
262,FOTHAY__ligand6892-0
263,FOTHAY__ligand18757-0
264,FOTHAY__ligand24560-0
265,FOTHAY__ligand560-0
266,FOTHAY__ligand1211-0
267,FOTHAY__ligand3677-0
268,FOTHAY__ligand235-0
269,FOTHAY__ligand3632-0
270,FOTHAY__ligand1294-0
271,FOTHAY__ligand134-0
272,FOTHAY__ligand21752-0
273,FOTHAY__ligand1168-0
274,FOTHAY__ligand6699-0
275,FOTHAY__ligand30788-0
276,FOTHAY__ligand13691-0
277,FOTHAY__ligand14339-0
278,FOTHAY__ligand23445-0
279,FOTHAY__ligand24953-0
280,FOTHAY__ligand4007-0
281,FOTHAY__ligand2985-0
282,FOTHAY__ligand27122-0
283,FOTHAY__ligand20432-0
284,FOTHAY__ligand685-0
285,FOTHAY__ligand9299-0
286,FOTHAY__ligand13755-0
287,FOTHAY__ligand16133-0
288,FOTHAY__ligand421-0
289,FOTHAY__ligand7291-0
290,FOTHAY__ligand25048-0
291,FOTHAY__ligand21940-0
292,FOTHAY__ligand3677-1
293,FOTHAY__ligand9883-0
294,FOTHAY__ligand9344-0
295,FOTHAY__ligand20557-0
296,FOTHAY__ligand30004-0
297,FOTHAY__ligand8000-0
298,FOTHAY__ligand3736-0
299,FOTHAY__ligand3945-0
300,FOTHAY__ligand2693-0
301,FOTHAY__ligand5383-0
302,FOTHAY__ligand294-0
303,FOTHAY__ligand10582-0
304,FOTHAY__ligand13260-0
305,FOTHAY__ligand9450-0
306,FOTHAY__ligand11252-0
307,FOTHAY__ligand19824-0
308,FOTHAY__ligand18067-0
309,FOTHAY__ligand250-0
310,FOTHAY__ligand2612-0
311,FOTHAY__ligand1599-0
312,FOTHAY__ligand5387-0
313,FOTHAY__ligand2203-0
314,FOTHAY__ligand1289-0
315,FOTHAY__ligand20821-0
316,FOTHAY__ligand26673-0
317,FOTHAY__ligand31000-0
318,FOTHAY__ligand370-0
319,FOTHAY__ligand11606-0
320,FOTHAY__ligand9284-0
321,FOTHAY__ligand16603-0
322,FOTHAY__ligand564-0
323,FOTHAY__ligand6391-0
324,FOTHAY__ligand3126-0
325,FOTHAY__ligand370-1
326,FOTHAY__ligand11814-0
327,FOTHAY__ligand1114-0
328,FOTHAY__ligand620-0
329,FOTHAY__ligand2417-0
330,FOTHAY__ligand11622-0
331,FOTHAY__ligand1-0
332,FOTHAY__ligand16870-0
333,FOTHAY__ligand311-0
334,FOTHAY__ligand785-0
335,FOTHAY__ligand479-0
336,FOTHAY__ligand15455-0
337,FOTHAY__ligand2043-0
338,FOTHAY__ligand1832-0
339,FOTHAY__ligand11177-0
340,FOTHAY__ligand8788-0
341,FOTHAY__ligand1604-0
342,FOTHAY__ligand17686-0
343,FOTHAY__ligand25658-0
344,FOTHAY__ligand31205-0
345,FOTHAY__ligand1228-0
346,FOTHAY__ligand188-0
347,FOTHAY__ligand9943-0
348,FOTHAY__ligand15387-0
349,FOTHAY__ligand20121-0
350,FOTHAY__ligand5180-0
351,FOTHAY__ligand20220-0
352,FOTHAY__ligand6017-0
353,FOTHAY__ligand29813-0
354,FOTHAY__ligand16952-0
355,FOTHAY__ligand5708-0
356,FOTHAY__ligand177-0
357,FOTHAY__ligand69-0
358,FOTHAY__ligand7316-0
359,FOTHAY__ligand29441-0
360,FOTHAY__ligand2260-0
361,FOTHAY__ligand7092-0
362,FOTHAY__ligand1116-0
363,FOTHAY__ligand10853-0
364,FOTHAY__ligand1153-0
365,FOTHAY__ligand3225-0
366,FOTHAY__ligand909-0
367,FOTHAY__ligand11-0
368,FOTHAY__ligand2124-0
369,FOTHAY__ligand10479-0
370,FOTHAY__ligand27610-0
371,FOTHAY__ligand11479-0
372,FOTHAY__ligand8612-0
373,FOTHAY__ligand20530-0
374,FOTHAY__ligand11698-0
375,FOTHAY__ligand7172-0
376,FOTHAY__ligand14302-0
377,FOTHAY__ligand13657-0
378,FOTHAY__ligand14347-0
379,FOTHAY__ligand9323-0
380,FOTHAY__ligand3-0
381,FOTHAY__ligand24851-0
382,FOTHAY__ligand7273-0
383,FOTHAY__ligand2906-0
384,FOTHAY__ligand193-0
385,FOTHAY__ligand22353-0
386,FOTHAY__ligand3244-0
387,FOTHAY__ligand4711-0
388,FOTHAY__ligand830-0
389,FOTHAY__ligand4649-0
390,FOTHAY__ligand5649-0
391,FOTHAY__ligand2788-0
392,FOTHAY__ligand8793-0
393,FOTHAY__ligand19668-0
394,FOTHAY__ligand372-0
395,FOTHAY__ligand19906-0
396,FOTHAY__ligand9753-0
397,FOTHAY__ligand1787-0
398,FOTHAY__ligand1356-0
399,FOTHAY__ligand5530-0
400,FOTHAY__ligand5159-0
401,FOTHAY__ligand10151-0
402,FOTHAY__ligand7196-0
403,FOTHAY__ligand4807-0
404,FOTHAY__ligand116-0
405,FOTHAY__ligand252-0
406,FOTHAY__ligand3178-0
407,FOTHAY__ligand5211-0
408,FOTHAY__ligand4155-0
409,FOTHAY__ligand3094-0
410,FOTHAY__ligand4720-0
411,FOTHAY__ligand12336-0
412,FOTHAY__ligand3131-0
413,FOTHAY__ligand1202-0
414,FOTHAY__ligand3937-0
415,FOTHAY__ligand3174-0
416,FOTHAY__ligand8969-0
417,FOTHAY__ligand13072-0
418,FOTHAY__ligand6839-0
419,FOTHAY__ligand5331-0
420,FOTHAY__ligand226-0
421,FOTHAY__ligand17590-0
422,FOTHAY__ligand1512-0
423,FOTHAY__ligand17240-0
424,FOTHAY__ligand3565-0
425,FOTHAY__ligand162-0
426,FOTHAY__ligand12682-0
427,FOTHAY__ligand383-0
428,FOTHAY__ligand18699-0
429,FOTHAY__ligand2485-0
430,FOTHAY__ligand416-0
431,FOTHAY__ligand3852-0
432,FOTHAY__ligand6919-0
433,FOTHAY__ligand11774-0
434,FOTHAY__ligand14586-0
435,FOTHAY__ligand3504-0
436,FOTHAY__ligand1959-0
437,FOTHAY__ligand1573-0
438,FOTHAY__ligand696-0
439,FOTHAY__ligand1536-0
440,FOTHAY__ligand9935-0
441,FOTHAY__ligand21421-0
442,FOTHAY__ligand3718-0
443,FOTHAY__ligand11568-0
444,FOTHAY__ligand17710-0
445,FOTHAY__ligand20579-0
446,FOTHAY__ligand6616-0
447,FOTHAY__ligand3035-0
448,FOTHAY__ligand3876-0
449,FOTHAY__ligand1343-0
450,FOTHAY__ligand4661-0
451,FOTHAY__ligand1844-0
452,FOTHAY__ligand7242-0
453,FOTHAY__ligand10555-0
454,FOTHAY__ligand7106-0
455,FOTHAY__ligand31483-0
456,FOTHAY__ligand19725-0
457,FOTHAY__ligand9908-0
458,FOTHAY__ligand1263-0
459,FOTHAY__ligand24613-0
460,FOTHAY__ligand656-0
461,FOTHAY__ligand7629-0
462,FOTHAY__ligand4272-0
463,FOTHAY__ligand1451-0
464,FOTHAY__ligand23589-0
465,FOTHAY__ligand24064-0
466,FOTHAY__ligand9784-0
467,FOTHAY__ligand1160-0
468,FOTHAY__ligand8699-0
469,FOTHAY__ligand9520-0
470,FOTHAY__ligand15168-0
471,FOTHAY__ligand67-0
472,FOTHAY__ligand3954-0
473,FOTHAY__ligand4093-0
474,FOTHAY__ligand4442-0
475,FOTHAY__ligand6709-0
476,FOTHAY__ligand1219-0
477,FOTHAY__ligand22755-0
478,FOTHAY__ligand31618-0
479,FOTHAY__ligand7867-0
480,FOTHAY__ligand11432-0
481,FOTHAY__ligand10432-0
482,FOTHAY__ligand694-0
483,FOTHAY__ligand26277-0
484,FOTHAY__ligand29898-0
485,FOTHAY__ligand4016-0
486,FOTHAY__ligand488-0
487,FOTHAY__ligand7238-0
488,FOTHAY__ligand7280-0
489,FOTHAY__ligand1304-0
490,FOTHAY__ligand1790-0
491,FOTHAY__ligand430-0
492,FOTHAY__ligand358-0
493,FOTHAY__ligand31578-0
494,FOTHAY__ligand1285-0
495,FOTHAY__ligand17207-0
496,FOTHAY__ligand7000-0
497,FOTHAY__ligand1982-0
498,FOTHAY__ligand17945-0
499,FOTHAY__ligand18013-0
500,FOTHAY__ligand25224-0
501,FOTHAY__ligand6768-0
502,FOTHAY__ligand8115-0
503,FOTHAY__ligand4546-0
504,FOTHAY__ligand4503-0
505,FOTHAY__ligand24750-0
506,FOTHAY__ligand4157-0
507,FOTHAY__ligand28924-0
508,FOTHAY__ligand5256-0
509,FOTHAY__ligand7648-0
510,FOTHAY__ligand8876-0
511,FOTHAY__ligand2828-0
512,FOTHAY__ligand15438-0
513,FOTHAY__ligand9833-0
514,FOTHAY__ligand18703-0
515,FOTHAY__ligand9291-0
516,FOTHAY__ligand534-0
517,FOTHAY__ligand571-0
518,FOTHAY__ligand2176-0
519,FOTHAY__ligand43-0
520,FOTHAY__ligand670-0
521,FOTHAY__ligand2232-0
522,FOTHAY__ligand29087-0
523,FOTHAY__ligand21132-0
524,FOTHAY__ligand5643-0
525,FOTHAY__ligand11166-0
526,FOTHAY__ligand1823-0
527,FOTHAY__ligand23906-0
528,FOTHAY__ligand8721-0
529,FOTHAY__ligand1324-0
530,FOTHAY__ligand199-0
531,FOTHAY__ligand9111-0
532,FOTHAY__ligand9952-0
533,FOTHAY__ligand5036-0
534,FOTHAY__ligand2526-0
535,FOTHAY__ligand30539-0
536,FOTHAY__ligand1615-0
537,FOTHAY__ligand8992-0
538,FOTHAY__ligand588-0
539,FOTHAY__ligand21787-0
540,FOTHAY__ligand9601-0
541,FOTHAY__ligand25575-0
542,FOTHAY__ligand25689-0
543,FOTHAY__ligand12295-0
544,FOTHAY__ligand6124-0
545,FOTHAY__ligand300-0
546,FOTHAY__ligand3707-0
547,FOTHAY__ligand7967-0
548,FOTHAY__ligand27835-0
549,FOTHAY__ligand4116-0
550,FOTHAY__ligand1018-0
551,FOTHAY__ligand3156-0
552,FOTHAY__ligand2915-0
553,FOTHAY__ligand31248-0
554,FOTHAY__ligand25650-0
555,FOTHAY__ligand19257-0
556,FOTHAY__ligand13209-0
557,FOTHAY__ligand6244-0
558,FOTHAY__ligand1378-0
559,FOTHAY__ligand409-0
560,FOTHAY__ligand361-0
561,FOTHAY__ligand12660-0
562,FOTHAY__ligand324-0
563,FOTHAY__ligand11206-0
564,FOTHAY__ligand23124-0
565,FOTHAY__ligand2332-0
566,FOTHAY__ligand12519-0
567,FOTHAY__ligand9441-0
568,FOTHAY__ligand25735-0
569,FOTHAY__ligand1631-0
570,FOTHAY__ligand9933-0
571,FOTHAY__ligand1575-0
572,FOTHAY__ligand1530-0
573,FOTHAY__ligand11140-0
574,FOTHAY__ligand4620-0
575,FOTHAY__ligand29610-0
576,FOTHAY__ligand436-0
577,FOTHAY__ligand29863-0
578,FOTHAY__ligand2295-0
579,FOTHAY__ligand6067-0
580,FOTHAY__ligand1577-0
581,FOTHAY__ligand692-0
582,FOTHAY__ligand18074-0
583,FOTHAY__ligand13869-0
584,FOTHAY__ligand19-0
585,FOTHAY__ligand24-0
586,FOTHAY__ligand18465-0
587,FOTHAY__ligand18799-0
588,FOTHAY__ligand7819-0
589,FOTHAY__ligand2917-0
590,FOTHAY__ligand6102-0
591,FOTHAY__ligand326-0
592,FOTHAY__ligand6596-0
593,FOTHAY__ligand6904-0
594,FOTHAY__ligand3721-0
595,FOTHAY__ligand28668-0
596,FOTHAY__ligand3465-0
597,FOTHAY__ligand16791-0
598,FOTHAY__ligand27169-0
599,FOTHAY__ligand14523-0
600,FOTHAY__ligand18391-0
601,FOTHAY__ligand3234-0
602,FOTHAY__ligand1142-0
603,FOTHAY__ligand633-0
604,FOTHAY__ligand45-0
605,FOTHAY__ligand25805-0
606,FOTHAY__ligand22981-0
607,FOTHAY__ligand497-0
608,FOTHAY__ligand20599-0
609,FOTHAY__ligand8835-0
610,FOTHAY__ligand2028-0
611,FOTHAY__ligand27074-0
612,FOTHAY__ligand7126-0
613,FOTHAY__ligand23904-0
614,FOTHAY__ligand13257-0
615,FOTHAY__ligand4641-0
616,FOTHAY__ligand21936-0
617,FOTHAY__ligand78-0
618,FOTHAY__ligand12467-0
619,FOTHAY__ligand25267-0
620,FOTHAY__ligand10084-0
621,FOTHAY__ligand5627-0
622,FOTHAY__ligand12231-0
623,FOTHAY__ligand1729-0
624,FOTHAY__ligand2830-0
625,FOTHAY__ligand12130-0
626,FOTHAY__ligand17387-0
627,FOTHAY__ligand12289-0
628,FOTHAY__ligand18292-0
629,FOTHAY__ligand13658-0
630,FOTHAY__ligand26702-0
631,FOTHAY__ligand19830-0
632,FOTHAY__ligand13068-0
633,FOTHAY__ligand5316-0
634,FOTHAY__ligand201-0
635,FOTHAY__ligand10476-0
636,FOTHAY__ligand24145-0
637,FOTHAY__ligand5483-0
638,FOTHAY__ligand15585-0
639,FOTHAY__ligand12401-0
640,FOTHAY__ligand25178-0
641,FOTHAY__ligand66-0
642,FOTHAY__ligand178-0
643,FOTHAY__ligand185-0
644,FOTHAY__ligand9148-0
645,FOTHAY__ligand23769-0
646,FOTHAY__ligand24185-0
647,FOTHAY__ligand279-0
648,FOTHAY__ligand321-0
649,FOTHAY__ligand17805-0
650,FOTHAY__ligand1415-0
651,FOTHAY__ligand6946-0
652,FOTHAY__ligand7529-0
653,FOTHAY__ligand17302-0
654,FOTHAY__ligand3934-0
655,FOTHAY__ligand14108-0
656,FOTHAY__ligand42-0
657,FOTHAY__ligand6882-0
658,FOTHAY__ligand6455-0
659,FOTHAY__ligand2403-0
660,FOTHAY__ligand10958-0
661,FOTHAY__ligand12641-0
662,FOTHAY__ligand27763-0
663,FOTHAY__ligand1449-0
664,FOTHAY__ligand338-0
665,FOTHAY__ligand10262-0
666,FOTHAY__ligand3012-0
667,FOTHAY__ligand28676-0
668,FOTHAY__ligand7530-0
669,FOTHAY__ligand1065-0
670,FOTHAY__ligand13425-0
671,FOTHAY__ligand29302-0
672,FOTHAY__ligand9681-0
673,FOTHAY__ligand4332-0
674,FOTHAY__ligand18814-0
675,FOTHAY__ligand19057-0
676,FOTHAY__ligand7532-0
677,FOTHAY__ligand27460-0
678,FOTHAY__ligand4194-0
679,FOTHAY__ligand2599-0
680,FOTHAY__ligand16628-0
681,FOTHAY__ligand4330-0
682,FOTHAY__ligand20740-0
683,FOTHAY__ligand28468-0
684,FOTHAY__ligand38-0
685,FOTHAY__ligand163-0
686,FOTHAY__ligand12427-0
687,FOTHAY__ligand126-0
688,FOTHAY__ligand1147-0
689,FOTHAY__ligand12337-0
690,FOTHAY__ligand29410-0
691,FOTHAY__ligand26540-0
692,FOTHAY__ligand17281-0
693,FOTHAY__ligand3973-0
694,FOTHAY__ligand30296-0
695,FOTHAY__ligand2068-0
696,FOTHAY__ligand12606-0
697,FOTHAY__ligand7925-0
698,FOTHAY__ligand30333-0
699,FOTHAY__ligand845-0
700,FOTHAY__ligand26665-0
701,FOTHAY__ligand17631-0
702,FOTHAY__ligand187-0
703,FOTHAY__ligand13012-0
704,FOTHAY__ligand17258-0
705,FOTHAY__ligand657-0
706,FOTHAY__ligand3215-0
707,FOTHAY__ligand14297-0
708,FOTHAY__ligand14603-0
709,FOTHAY__ligand31783-0
710,FOTHAY__ligand366-0
711,FOTHAY__ligand7107-0
712,FOTHAY__ligand19641-0
713,FOTHAY__ligand15422-0
714,FOTHAY__ligand6283-0
715,FOTHAY__ligand12934-0
716,FOTHAY__ligand20578-0
717,FOTHAY__ligand27893-0
718,FOTHAY__ligand14723-0
719,FOTHAY__ligand777-0
720,FOTHAY__ligand5813-0
721,FOTHAY__ligand596-0
722,FOTHAY__ligand4813-0
723,FOTHAY__ligand30988-0
724,FOTHAY__ligand941-0
725,FOTHAY__ligand4738-0
726,FOTHAY__ligand6062-0
727,FOTHAY__ligand18832-0
728,FOTHAY__ligand27175-0
729,FOTHAY__ligand23713-0
730,FOTHAY__ligand14889-0
731,FOTHAY__ligand30851-0
732,FOTHAY__ligand4131-0
733,FOTHAY__ligand1712-0
734,FOTHAY__ligand29568-0
735,FOTHAY__ligand28789-0
736,FOTHAY__ligand21371-0
737,FOTHAY__ligand17118-0
738,FOTHAY__ligand20419-0
739,FOTHAY__ligand5094-0
740,FOTHAY__ligand5892-0
741,FOTHAY__ligand1533-0
742,FOTHAY__ligand693-0
743,FOTHAY__ligand14117-0
744,FOTHAY__ligand18-0
745,FOTHAY__ligand17261-0
746,FOTHAY__ligand31097-0
747,FOTHAY__ligand21581-0
748,FOTHAY__ligand7557-0
749,FOTHAY__ligand1496-0
750,FOTHAY__ligand20251-0
751,FOTHAY__ligand20214-0
752,FOTHAY__ligand30702-0
753,FOTHAY__ligand20539-0
754,FOTHAY__ligand3208-0
755,FOTHAY__ligand2208-0
756,FOTHAY__ligand20251-1
757,FOTHAY__ligand122-0
758,FOTHAY__ligand9809-0
759,FOTHAY__ligand6672-0
760,FOTHAY__ligand1327-0
761,FOTHAY__ligand8722-0
762,FOTHAY__ligand16475-0
763,FOTHAY__ligand14703-0
764,FOTHAY__ligand7573-0
765,FOTHAY__ligand2781-0
766,FOTHAY__ligand3350-0
767,FOTHAY__ligand757-0
768,FOTHAY__ligand2328-0
769,FOTHAY__ligand24047-0
770,FOTHAY__ligand22557-0
771,FOTHAY__ligand10589-0
772,FOTHAY__ligand1773-0
773,FOTHAY__ligand20598-0
774,FOTHAY__ligand4581-0
775,FOTHAY__ligand11675-0
776,FOTHAY__ligand3029-0
777,FOTHAY__ligand17398-0
778,FOTHAY__ligand7162-0
779,FOTHAY__ligand17982-0
780,FOTHAY__ligand1900-0
781,FOTHAY__ligand29414-0
782,FOTHAY__ligand17278-0
783,FOTHAY__ligand20011-0
784,FOTHAY__ligand9197-0
785,FOTHAY__ligand3392-0
786,FOTHAY__ligand13294-0
787,FOTHAY__ligand31832-0
788,FOTHAY__ligand1771-0
789,FOTHAY__ligand4911-0
790,FOTHAY__ligand768-0
791,FOTHAY__ligand5849-0
792,FOTHAY__ligand28884-0
793,FOTHAY__ligand13331-0
794,FOTHAY__ligand29879-0
795,FOTHAY__ligand14248-0
796,FOTHAY__ligand12030-0
797,FOTHAY__ligand11456-0
798,FOTHAY__ligand14174-0
799,FOTHAY__ligand2527-0
800,FOTHAY__ligand10712-0
801,FOTHAY__ligand1709-0
802,FOTHAY__ligand8464-0
803,FOTHAY__ligand8349-0
804,FOTHAY__ligand384-0
805,FOTHAY__ligand25411-0
806,FOTHAY__ligand5056-0
807,FOTHAY__ligand141-0
808,FOTHAY__ligand4850-0
809,FOTHAY__ligand1688-0
810,FOTHAY__ligand13390-0
811,FOTHAY__ligand5357-0
812,FOTHAY__ligand240-0
813,FOTHAY__ligand3647-0
814,FOTHAY__ligand3871-0
815,FOTHAY__ligand20682-0
816,FOTHAY__ligand1469-0
817,FOTHAY__ligand8-0
818,FOTHAY__ligand1768-0
819,FOTHAY__ligand13208-0
820,FOTHAY__ligand5935-0
821,FOTHAY__ligand26810-0
822,FOTHAY__ligand27482-0
823,FOTHAY__ligand1379-0
824,FOTHAY__ligand2722-0
825,FOTHAY__ligand3157-0
826,FOTHAY__ligand1165-0
827,FOTHAY__ligand9525-0
