,TMC
0,WOLQAP__ligand11166-0
1,WOLQAP__ligand21132-0
2,WOLQAP__ligand1263-0
3,WOLQAP__ligand9908-0
4,WOLQAP__ligand23906-0
5,WOLQAP__ligand7106-0
6,WOLQAP__ligand7242-0
7,WOLQAP__ligand30539-0
8,WOLQAP__ligand4661-0
9,WOLQAP__ligand1844-0
10,WOLQAP__ligand25689-0
11,WOLQAP__ligand3718-0
12,WOLQAP__ligand693-0
13,WOLQAP__ligand21787-0
14,WOLQAP__ligand3035-0
15,WOLQAP__ligand3876-0
16,WOLQAP__ligand1343-0
17,WOLQAP__ligand6616-0
18,WOLQAP__ligand25575-0
19,WOLQAP__ligand1536-0
20,WOLQAP__ligand27835-0
21,WOLQAP__ligand1573-0
22,WOLQAP__ligand12295-0
23,WOLQAP__ligand9935-0
24,WOLQAP__ligand3504-0
25,WOLQAP__ligand1959-0
26,WOLQAP__ligand2485-0
27,WOLQAP__ligand3852-0
28,WOLQAP__ligand6919-0
29,WOLQAP__ligand25650-0
30,WOLQAP__ligand18-0
31,WOLQAP__ligand122-0
32,WOLQAP__ligand31248-0
33,WOLQAP__ligand757-0
34,WOLQAP__ligand8-0
35,WOLQAP__ligand13209-0
36,WOLQAP__ligand19257-0
37,WOLQAP__ligand3565-0
38,WOLQAP__ligand12660-0
39,WOLQAP__ligand5331-0
40,WOLQAP__ligand1512-0
41,WOLQAP__ligand1202-0
42,WOLQAP__ligand3937-0
43,WOLQAP__ligand3174-0
44,WOLQAP__ligand3131-0
45,WOLQAP__ligand8969-0
46,WOLQAP__ligand23124-0
47,WOLQAP__ligand11206-0
48,WOLQAP__ligand6839-0
49,WOLQAP__ligand12519-0
50,WOLQAP__ligand25735-0
51,WOLQAP__ligand4720-0
52,WOLQAP__ligand3094-0
53,WOLQAP__ligand4155-0
54,WOLQAP__ligand5211-0
55,WOLQAP__ligand11140-0
56,WOLQAP__ligand2232-0
57,WOLQAP__ligand768-0
58,WOLQAP__ligand29610-0
59,WOLQAP__ligand9291-0
60,WOLQAP__ligand2176-0
61,WOLQAP__ligand18074-0
62,WOLQAP__ligand5256-0
63,WOLQAP__ligand13869-0
64,WOLQAP__ligand2828-0
65,WOLQAP__ligand29863-0
66,WOLQAP__ligand8876-0
67,WOLQAP__ligand7648-0
68,WOLQAP__ligand9833-0
69,WOLQAP__ligand4157-0
70,WOLQAP__ligand18799-0
71,WOLQAP__ligand18465-0
72,WOLQAP__ligand4503-0
73,WOLQAP__ligand4546-0
74,WOLQAP__ligand7000-0
75,WOLQAP__ligand1982-0
76,WOLQAP__ligand28668-0
77,WOLQAP__ligand6768-0
78,WOLQAP__ligand8115-0
79,WOLQAP__ligand1285-0
80,WOLQAP__ligand384-0
81,WOLQAP__ligand16791-0
82,WOLQAP__ligand7280-0
83,WOLQAP__ligand1790-0
84,WOLQAP__ligand18391-0
85,WOLQAP__ligand1304-0
86,WOLQAP__ligand27169-0
87,WOLQAP__ligand14523-0
88,WOLQAP__ligand240-0
89,WOLQAP__ligand7238-0
90,WOLQAP__ligand141-0
91,WOLQAP__ligand20599-0
92,WOLQAP__ligand25805-0
93,WOLQAP__ligand22981-0
94,WOLQAP__ligand4016-0
95,WOLQAP__ligand6709-0
96,WOLQAP__ligand1219-0
97,WOLQAP__ligand7867-0
98,WOLQAP__ligand27074-0
99,WOLQAP__ligand4442-0
100,WOLQAP__ligand4093-0
101,WOLQAP__ligand3954-0
102,WOLQAP__ligand23904-0
103,WOLQAP__ligand1160-0
104,WOLQAP__ligand21936-0
105,WOLQAP__ligand8699-0
106,WOLQAP__ligand13257-0
107,WOLQAP__ligand9520-0
108,WOLQAP__ligand9784-0
109,WOLQAP__ligand12467-0
110,WOLQAP__ligand7629-0
111,WOLQAP__ligand10084-0
112,WOLQAP__ligand1451-0
113,WOLQAP__ligand25267-0
114,WOLQAP__ligand4272-0
115,WOLQAP__ligand9933-0
116,WOLQAP__ligand1530-0
117,WOLQAP__ligand1575-0
118,WOLQAP__ligand1631-0
119,WOLQAP__ligand2332-0
120,WOLQAP__ligand12336-0
121,WOLQAP__ligand9441-0
122,WOLQAP__ligand201-0
123,WOLQAP__ligand13072-0
124,WOLQAP__ligand185-0
125,WOLQAP__ligand17590-0
126,WOLQAP__ligand1378-0
127,WOLQAP__ligand279-0
128,WOLQAP__ligand17240-0
129,WOLQAP__ligand42-0
130,WOLQAP__ligand6244-0
131,WOLQAP__ligand178-0
132,WOLQAP__ligand12682-0
133,WOLQAP__ligand18699-0
134,WOLQAP__ligand3156-0
135,WOLQAP__ligand2915-0
136,WOLQAP__ligand321-0
137,WOLQAP__ligand66-0
138,WOLQAP__ligand4116-0
139,WOLQAP__ligand11774-0
140,WOLQAP__ligand14586-0
141,WOLQAP__ligand1018-0
142,WOLQAP__ligand3707-0
143,WOLQAP__ligand6124-0
144,WOLQAP__ligand21421-0
145,WOLQAP__ligand7967-0
146,WOLQAP__ligand20579-0
147,WOLQAP__ligand17710-0
148,WOLQAP__ligand9601-0
149,WOLQAP__ligand11568-0
150,WOLQAP__ligand8992-0
151,WOLQAP__ligand5036-0
152,WOLQAP__ligand2526-0
153,WOLQAP__ligand1615-0
154,WOLQAP__ligand338-0
155,WOLQAP__ligand31483-0
156,WOLQAP__ligand9111-0
157,WOLQAP__ligand9952-0
158,WOLQAP__ligand10555-0
159,WOLQAP__ligand8721-0
160,WOLQAP__ligand19725-0
161,WOLQAP__ligand1324-0
162,WOLQAP__ligand24613-0
163,WOLQAP__ligand5643-0
164,WOLQAP__ligand1823-0
165,WOLQAP__ligand23589-0
166,WOLQAP__ligand24064-0
167,WOLQAP__ligand15168-0
168,WOLQAP__ligand4641-0
169,WOLQAP__ligand126-0
170,WOLQAP__ligand163-0
171,WOLQAP__ligand31618-0
172,WOLQAP__ligand11432-0
173,WOLQAP__ligand2028-0
174,WOLQAP__ligand8835-0
175,WOLQAP__ligand10432-0
176,WOLQAP__ligand22755-0
177,WOLQAP__ligand7126-0
178,WOLQAP__ligand26277-0
179,WOLQAP__ligand29898-0
180,WOLQAP__ligand3234-0
181,WOLQAP__ligand1142-0
182,WOLQAP__ligand845-0
183,WOLQAP__ligand3465-0
184,WOLQAP__ligand657-0
185,WOLQAP__ligand31578-0
186,WOLQAP__ligand17207-0
187,WOLQAP__ligand25224-0
188,WOLQAP__ligand6904-0
189,WOLQAP__ligand3721-0
190,WOLQAP__ligand18013-0
191,WOLQAP__ligand6596-0
192,WOLQAP__ligand6102-0
193,WOLQAP__ligand187-0
194,WOLQAP__ligand17945-0
195,WOLQAP__ligand7819-0
196,WOLQAP__ligand366-0
197,WOLQAP__ligand2917-0
198,WOLQAP__ligand24750-0
199,WOLQAP__ligand777-0
200,WOLQAP__ligand2295-0
201,WOLQAP__ligand15438-0
202,WOLQAP__ligand6067-0
203,WOLQAP__ligand1577-0
204,WOLQAP__ligand28924-0
205,WOLQAP__ligand18703-0
206,WOLQAP__ligand38-0
207,WOLQAP__ligand941-0
208,WOLQAP__ligand29087-0
209,WOLQAP__ligand596-0
210,WOLQAP__ligand4620-0
211,WOLQAP__ligand14889-0
212,WOLQAP__ligand4332-0
213,WOLQAP__ligand30851-0
214,WOLQAP__ligand29568-0
215,WOLQAP__ligand9681-0
216,WOLQAP__ligand7530-0
217,WOLQAP__ligand28789-0
218,WOLQAP__ligand1065-0
219,WOLQAP__ligand1449-0
220,WOLQAP__ligand20419-0
221,WOLQAP__ligand21371-0
222,WOLQAP__ligand199-0
223,WOLQAP__ligand17118-0
224,WOLQAP__ligand3012-0
225,WOLQAP__ligand588-0
226,WOLQAP__ligand2403-0
227,WOLQAP__ligand14117-0
228,WOLQAP__ligand17261-0
229,WOLQAP__ligand6455-0
230,WOLQAP__ligand6882-0
231,WOLQAP__ligand21581-0
232,WOLQAP__ligand31097-0
233,WOLQAP__ligand300-0
234,WOLQAP__ligand20539-0
235,WOLQAP__ligand20251-0
236,WOLQAP__ligand3934-0
237,WOLQAP__ligand30702-0
238,WOLQAP__ligand20214-0
239,WOLQAP__ligand7529-0
240,WOLQAP__ligand20251-1
241,WOLQAP__ligand1415-0
242,WOLQAP__ligand6946-0
243,WOLQAP__ligand9148-0
244,WOLQAP__ligand409-0
245,WOLQAP__ligand324-0
246,WOLQAP__ligand361-0
247,WOLQAP__ligand16475-0
248,WOLQAP__ligand14703-0
249,WOLQAP__ligand20598-0
250,WOLQAP__ligand11675-0
251,WOLQAP__ligand24047-0
252,WOLQAP__ligand5483-0
253,WOLQAP__ligand10589-0
254,WOLQAP__ligand22557-0
255,WOLQAP__ligand5316-0
256,WOLQAP__ligand17398-0
257,WOLQAP__ligand2830-0
258,WOLQAP__ligand5627-0
259,WOLQAP__ligand20011-0
260,WOLQAP__ligand17278-0
261,WOLQAP__ligand17982-0
262,WOLQAP__ligand1729-0
263,WOLQAP__ligand29414-0
264,WOLQAP__ligand31832-0
265,WOLQAP__ligand6062-0
266,WOLQAP__ligand436-0
267,WOLQAP__ligand13294-0
268,WOLQAP__ligand5813-0
269,WOLQAP__ligand4813-0
270,WOLQAP__ligand4738-0
271,WOLQAP__ligand78-0
272,WOLQAP__ligand28884-0
273,WOLQAP__ligand13331-0
274,WOLQAP__ligand12030-0
275,WOLQAP__ligand692-0
276,WOLQAP__ligand29879-0
277,WOLQAP__ligand14248-0
278,WOLQAP__ligand6283-0
279,WOLQAP__ligand7107-0
280,WOLQAP__ligand11456-0
281,WOLQAP__ligand45-0
282,WOLQAP__ligand14174-0
283,WOLQAP__ligand10712-0
284,WOLQAP__ligand3215-0
285,WOLQAP__ligand326-0
286,WOLQAP__ligand25411-0
287,WOLQAP__ligand633-0
288,WOLQAP__ligand24-0
289,WOLQAP__ligand13390-0
290,WOLQAP__ligand2068-0
291,WOLQAP__ligand7925-0
292,WOLQAP__ligand3973-0
293,WOLQAP__ligand20682-0
294,WOLQAP__ligand1147-0
295,WOLQAP__ligand497-0
296,WOLQAP__ligand13208-0
297,WOLQAP__ligand2599-0
298,WOLQAP__ligand26810-0
299,WOLQAP__ligand4330-0
300,WOLQAP__ligand27482-0
301,WOLQAP__ligand4194-0
302,WOLQAP__ligand7532-0
303,WOLQAP__ligand19-0
304,WOLQAP__ligand1900-0
305,WOLQAP__ligand12231-0
306,WOLQAP__ligand9197-0
307,WOLQAP__ligand12289-0
308,WOLQAP__ligand18292-0
309,WOLQAP__ligand13658-0
310,WOLQAP__ligand26702-0
311,WOLQAP__ligand17387-0
312,WOLQAP__ligand12130-0
313,WOLQAP__ligand3029-0
314,WOLQAP__ligand10476-0
315,WOLQAP__ligand19830-0
316,WOLQAP__ligand7162-0
317,WOLQAP__ligand13068-0
318,WOLQAP__ligand2328-0
319,WOLQAP__ligand15585-0
320,WOLQAP__ligand12401-0
321,WOLQAP__ligand4581-0
322,WOLQAP__ligand1773-0
323,WOLQAP__ligand24145-0
324,WOLQAP__ligand2781-0
325,WOLQAP__ligand7573-0
326,WOLQAP__ligand3350-0
327,WOLQAP__ligand25178-0
328,WOLQAP__ligand162-0
329,WOLQAP__ligand24185-0
330,WOLQAP__ligand1327-0
331,WOLQAP__ligand6672-0
332,WOLQAP__ligand9809-0
333,WOLQAP__ligand23769-0
334,WOLQAP__ligand226-0
335,WOLQAP__ligand8722-0
336,WOLQAP__ligand17805-0
337,WOLQAP__ligand416-0
338,WOLQAP__ligand3208-0
339,WOLQAP__ligand17302-0
340,WOLQAP__ligand2208-0
341,WOLQAP__ligand383-0
342,WOLQAP__ligand696-0
343,WOLQAP__ligand14108-0
344,WOLQAP__ligand7557-0
345,WOLQAP__ligand1496-0
346,WOLQAP__ligand10958-0
347,WOLQAP__ligand1533-0
348,WOLQAP__ligand12641-0
349,WOLQAP__ligand10262-0
350,WOLQAP__ligand28676-0
351,WOLQAP__ligand27763-0
352,WOLQAP__ligand5892-0
353,WOLQAP__ligand5094-0
354,WOLQAP__ligand1712-0
355,WOLQAP__ligand4131-0
356,WOLQAP__ligand656-0
357,WOLQAP__ligand29302-0
358,WOLQAP__ligand13425-0
359,WOLQAP__ligand18814-0
360,WOLQAP__ligand19057-0
361,WOLQAP__ligand1165-0
362,WOLQAP__ligand27460-0
363,WOLQAP__ligand9525-0
364,WOLQAP__ligand3157-0
365,WOLQAP__ligand1379-0
366,WOLQAP__ligand2722-0
367,WOLQAP__ligand16628-0
368,WOLQAP__ligand12427-0
369,WOLQAP__ligand43-0
370,WOLQAP__ligand28468-0
371,WOLQAP__ligand20740-0
372,WOLQAP__ligand5935-0
373,WOLQAP__ligand26540-0
374,WOLQAP__ligand1768-0
375,WOLQAP__ligand12337-0
376,WOLQAP__ligand29410-0
377,WOLQAP__ligand3871-0
378,WOLQAP__ligand30296-0
379,WOLQAP__ligand1469-0
380,WOLQAP__ligand17281-0
381,WOLQAP__ligand694-0
382,WOLQAP__ligand12606-0
383,WOLQAP__ligand1688-0
384,WOLQAP__ligand430-0
385,WOLQAP__ligand358-0
386,WOLQAP__ligand5357-0
387,WOLQAP__ligand3647-0
388,WOLQAP__ligand488-0
389,WOLQAP__ligand5056-0
390,WOLQAP__ligand4850-0
391,WOLQAP__ligand30333-0
392,WOLQAP__ligand17631-0
393,WOLQAP__ligand13012-0
394,WOLQAP__ligand26665-0
395,WOLQAP__ligand1709-0
396,WOLQAP__ligand8464-0
397,WOLQAP__ligand14297-0
398,WOLQAP__ligand14603-0
399,WOLQAP__ligand8349-0
400,WOLQAP__ligand17258-0
401,WOLQAP__ligand2527-0
402,WOLQAP__ligand31783-0
403,WOLQAP__ligand15422-0
404,WOLQAP__ligand12934-0
405,WOLQAP__ligand20578-0
406,WOLQAP__ligand19641-0
407,WOLQAP__ligand14723-0
408,WOLQAP__ligand5849-0
409,WOLQAP__ligand27893-0
410,WOLQAP__ligand4911-0
411,WOLQAP__ligand67-0
412,WOLQAP__ligand1771-0
413,WOLQAP__ligand670-0
414,WOLQAP__ligand30988-0
415,WOLQAP__ligand18832-0
416,WOLQAP__ligand3392-0
417,WOLQAP__ligand27175-0
418,WOLQAP__ligand23713-0
419,WOLQAP__ligand571-0
420,WOLQAP__ligand534-0
421,WOLQAP__ligand23197-0
422,WOLQAP__ligand1050-0
423,WOLQAP__ligand1015-0
424,WOLQAP__ligand27285-0
425,WOLQAP__ligand2027-0
426,WOLQAP__ligand29029-0
427,WOLQAP__ligand250-0
428,WOLQAP__ligand27669-0
429,WOLQAP__ligand30142-0
430,WOLQAP__ligand4262-0
431,WOLQAP__ligand1028-0
432,WOLQAP__ligand14167-0
433,WOLQAP__ligand13477-0
434,WOLQAP__ligand2692-0
435,WOLQAP__ligand3-0
436,WOLQAP__ligand1618-0
437,WOLQAP__ligand370-0
438,WOLQAP__ligand370-1
439,WOLQAP__ligand28459-0
440,WOLQAP__ligand4596-0
441,WOLQAP__ligand18448-0
442,WOLQAP__ligand12453-0
443,WOLQAP__ligand1498-0
444,WOLQAP__ligand620-0
445,WOLQAP__ligand564-0
446,WOLQAP__ligand9615-0
447,WOLQAP__ligand785-0
448,WOLQAP__ligand311-0
449,WOLQAP__ligand479-0
450,WOLQAP__ligand19184-0
451,WOLQAP__ligand1154-0
452,WOLQAP__ligand8529-0
453,WOLQAP__ligand28685-0
454,WOLQAP__ligand1169-0
455,WOLQAP__ligand18568-0
456,WOLQAP__ligand13672-0
457,WOLQAP__ligand10371-0
458,WOLQAP__ligand188-0
459,WOLQAP__ligand8593-0
460,WOLQAP__ligand11994-0
461,WOLQAP__ligand9944-0
462,WOLQAP__ligand31842-0
463,WOLQAP__ligand31044-0
464,WOLQAP__ligand24035-0
465,WOLQAP__ligand7566-0
466,WOLQAP__ligand14614-0
467,WOLQAP__ligand177-0
468,WOLQAP__ligand2001-0
469,WOLQAP__ligand16663-0
470,WOLQAP__ligand5201-0
471,WOLQAP__ligand909-0
472,WOLQAP__ligand16988-0
473,WOLQAP__ligand25913-0
474,WOLQAP__ligand1113-0
475,WOLQAP__ligand8553-0
476,WOLQAP__ligand30711-0
477,WOLQAP__ligand20207-0
478,WOLQAP__ligand11682-0
479,WOLQAP__ligand19792-0
480,WOLQAP__ligand4124-0
481,WOLQAP__ligand11-0
482,WOLQAP__ligand3471-0
483,WOLQAP__ligand10828-0
484,WOLQAP__ligand4161-0
485,WOLQAP__ligand15926-0
486,WOLQAP__ligand24230-0
487,WOLQAP__ligand28810-0
488,WOLQAP__ligand11447-0
489,WOLQAP__ligand11096-0
490,WOLQAP__ligand193-0
491,WOLQAP__ligand15883-0
492,WOLQAP__ligand372-0
493,WOLQAP__ligand5415-0
494,WOLQAP__ligand830-0
495,WOLQAP__ligand11970-0
496,WOLQAP__ligand1-0
497,WOLQAP__ligand3180-0
498,WOLQAP__ligand21919-0
499,WOLQAP__ligand4340-0
500,WOLQAP__ligand22294-0
501,WOLQAP__ligand2281-0
502,WOLQAP__ligand2650-0
503,WOLQAP__ligand28930-0
504,WOLQAP__ligand22168-0
505,WOLQAP__ligand13862-0
506,WOLQAP__ligand11357-0
507,WOLQAP__ligand252-0
508,WOLQAP__ligand15531-0
509,WOLQAP__ligand28743-0
510,WOLQAP__ligand2823-0
511,WOLQAP__ligand116-0
512,WOLQAP__ligand10056-0
513,WOLQAP__ligand12365-0
514,WOLQAP__ligand69-0
515,WOLQAP__ligand6995-0
516,WOLQAP__ligand17427-0
517,WOLQAP__ligand5755-0
518,WOLQAP__ligand4710-0
519,WOLQAP__ligand5085-0
520,WOLQAP__ligand3144-0
521,WOLQAP__ligand6112-0
522,WOLQAP__ligand29486-0
523,WOLQAP__ligand197-0
524,WOLQAP__ligand8042-0
525,WOLQAP__ligand31694-0
526,WOLQAP__ligand7213-0
527,WOLQAP__ligand1397-0
528,WOLQAP__ligand1828-0
529,WOLQAP__ligand5630-0
530,WOLQAP__ligand1786-0
531,WOLQAP__ligand25561-0
532,WOLQAP__ligand12138-0
533,WOLQAP__ligand4795-0
534,WOLQAP__ligand3285-0
535,WOLQAP__ligand24780-0
536,WOLQAP__ligand22129-0
537,WOLQAP__ligand11949-0
538,WOLQAP__ligand1908-0
539,WOLQAP__ligand6663-0
540,WOLQAP__ligand5515-0
541,WOLQAP__ligand12001-0
542,WOLQAP__ligand1831-0
543,WOLQAP__ligand5614-0
544,WOLQAP__ligand24644-0
545,WOLQAP__ligand5280-0
546,WOLQAP__ligand10033-0
547,WOLQAP__ligand49-0
548,WOLQAP__ligand868-0
549,WOLQAP__ligand24872-0
550,WOLQAP__ligand30728-0
551,WOLQAP__ligand27840-0
552,WOLQAP__ligand23175-0
553,WOLQAP__ligand1216-0
554,WOLQAP__ligand15788-0
555,WOLQAP__ligand17396-0
556,WOLQAP__ligand783-0
557,WOLQAP__ligand352-0
558,WOLQAP__ligand3261-0
559,WOLQAP__ligand1152-0
560,WOLQAP__ligand5019-0
561,WOLQAP__ligand11587-0
562,WOLQAP__ligand13220-0
563,WOLQAP__ligand1849-0
564,WOLQAP__ligand24111-0
565,WOLQAP__ligand22444-0
566,WOLQAP__ligand89-0
567,WOLQAP__ligand13385-0
568,WOLQAP__ligand14569-0
569,WOLQAP__ligand28540-0
570,WOLQAP__ligand11111-0
571,WOLQAP__ligand16369-0
572,WOLQAP__ligand1150-0
573,WOLQAP__ligand1539-0
574,WOLQAP__ligand27754-0
575,WOLQAP__ligand20695-0
576,WOLQAP__ligand4207-0
577,WOLQAP__ligand560-0
578,WOLQAP__ligand22403-0
579,WOLQAP__ligand3416-0
580,WOLQAP__ligand3453-0
581,WOLQAP__ligand134-0
582,WOLQAP__ligand21399-0
583,WOLQAP__ligand10872-0
584,WOLQAP__ligand235-0
585,WOLQAP__ligand12003-0
586,WOLQAP__ligand3042-0
587,WOLQAP__ligand26631-0
588,WOLQAP__ligand16148-0
589,WOLQAP__ligand4063-0
590,WOLQAP__ligand29215-0
591,WOLQAP__ligand8200-0
592,WOLQAP__ligand7438-0
593,WOLQAP__ligand685-0
594,WOLQAP__ligand9750-0
595,WOLQAP__ligand1817-0
596,WOLQAP__ligand6993-0
597,WOLQAP__ligand21729-0
598,WOLQAP__ligand27239-0
599,WOLQAP__ligand1779-0
600,WOLQAP__ligand14043-0
601,WOLQAP__ligand1149-0
602,WOLQAP__ligand3557-0
603,WOLQAP__ligand28559-0
604,WOLQAP__ligand3980-0
605,WOLQAP__ligand26324-0
606,WOLQAP__ligand421-0
607,WOLQAP__ligand19927-0
608,WOLQAP__ligand7075-0
609,WOLQAP__ligand11618-0
610,WOLQAP__ligand1288-0
611,WOLQAP__ligand26529-0
612,WOLQAP__ligand294-0
613,WOLQAP__ligand17-0
614,WOLQAP__ligand4167-0
615,WOLQAP__ligand9491-0
616,WOLQAP__ligand4266-0
617,WOLQAP__ligand1400-0
618,WOLQAP__ligand2221-0
619,WOLQAP__ligand10582-0
620,WOLQAP__ligand13260-0
621,WOLQAP__ligand487-0
622,WOLQAP__ligand3120-0
623,WOLQAP__ligand3926-0
624,WOLQAP__ligand4358-0
625,WOLQAP__ligand11252-0
626,WOLQAP__ligand19824-0
627,WOLQAP__ligand18067-0
628,WOLQAP__ligand5595-0
629,WOLQAP__ligand34-0
630,WOLQAP__ligand4101-0
631,WOLQAP__ligand20821-0
632,WOLQAP__ligand176-0
633,WOLQAP__ligand1376-0
634,WOLQAP__ligand5510-0
635,WOLQAP__ligand26673-0
636,WOLQAP__ligand9773-0
637,WOLQAP__ligand5099-0
638,WOLQAP__ligand8592-0
639,WOLQAP__ligand447-0
640,WOLQAP__ligand1197-0
641,WOLQAP__ligand31000-0
642,WOLQAP__ligand2259-0
643,WOLQAP__ligand746-0
644,WOLQAP__ligand11606-0
645,WOLQAP__ligand1296-0
646,WOLQAP__ligand16603-0
647,WOLQAP__ligand1317-0
648,WOLQAP__ligand3867-0
649,WOLQAP__ligand2822-0
650,WOLQAP__ligand7293-0
651,WOLQAP__ligand152-0
652,WOLQAP__ligand11814-0
653,WOLQAP__ligand68-0
654,WOLQAP__ligand11622-0
655,WOLQAP__ligand2238-0
656,WOLQAP__ligand5304-0
657,WOLQAP__ligand16870-0
658,WOLQAP__ligand9167-0
659,WOLQAP__ligand15455-0
660,WOLQAP__ligand7762-0
661,WOLQAP__ligand5080-0
662,WOLQAP__ligand11177-0
663,WOLQAP__ligand31205-0
664,WOLQAP__ligand55-0
665,WOLQAP__ligand25658-0
666,WOLQAP__ligand17686-0
667,WOLQAP__ligand6117-0
668,WOLQAP__ligand1407-0
669,WOLQAP__ligand5509-0
670,WOLQAP__ligand8002-0
671,WOLQAP__ligand506-0
672,WOLQAP__ligand2693-0
673,WOLQAP__ligand5383-0
674,WOLQAP__ligand20121-0
675,WOLQAP__ligand15387-0
676,WOLQAP__ligand833-0
677,WOLQAP__ligand3945-0
678,WOLQAP__ligand20220-0
679,WOLQAP__ligand16952-0
680,WOLQAP__ligand29813-0
681,WOLQAP__ligand8000-0
682,WOLQAP__ligand3736-0
683,WOLQAP__ligand9344-0
684,WOLQAP__ligand57-0
685,WOLQAP__ligand29441-0
686,WOLQAP__ligand115-0
687,WOLQAP__ligand10853-0
688,WOLQAP__ligand9883-0
689,WOLQAP__ligand3677-1
690,WOLQAP__ligand27610-0
691,WOLQAP__ligand10479-0
692,WOLQAP__ligand11479-0
693,WOLQAP__ligand7291-0
694,WOLQAP__ligand14302-0
695,WOLQAP__ligand13657-0
696,WOLQAP__ligand14347-0
697,WOLQAP__ligand9299-0
698,WOLQAP__ligand20530-0
699,WOLQAP__ligand11698-0
700,WOLQAP__ligand4007-0
701,WOLQAP__ligand24851-0
702,WOLQAP__ligand2985-0
703,WOLQAP__ligand6699-0
704,WOLQAP__ligand22353-0
705,WOLQAP__ligand1294-0
706,WOLQAP__ligand395-0
707,WOLQAP__ligand1168-0
708,WOLQAP__ligand3632-0
709,WOLQAP__ligand3677-0
710,WOLQAP__ligand368-0
711,WOLQAP__ligand19906-0
712,WOLQAP__ligand19668-0
713,WOLQAP__ligand784-0
714,WOLQAP__ligand1211-0
715,WOLQAP__ligand10151-0
716,WOLQAP__ligand6892-0
717,WOLQAP__ligand2881-0
718,WOLQAP__ligand1499-0
719,WOLQAP__ligand3712-0
720,WOLQAP__ligand1464-0
721,WOLQAP__ligand11544-0
722,WOLQAP__ligand11501-0
723,WOLQAP__ligand9943-0
724,WOLQAP__ligand1228-0
725,WOLQAP__ligand1604-0
726,WOLQAP__ligand29214-0
727,WOLQAP__ligand391-0
728,WOLQAP__ligand22357-0
729,WOLQAP__ligand1832-0
730,WOLQAP__ligand11758-0
731,WOLQAP__ligand618-0
732,WOLQAP__ligand8788-0
733,WOLQAP__ligand21448-0
734,WOLQAP__ligand2043-0
735,WOLQAP__ligand11798-0
736,WOLQAP__ligand2417-0
737,WOLQAP__ligand32-0
738,WOLQAP__ligand20731-0
739,WOLQAP__ligand12413-0
740,WOLQAP__ligand29334-0
741,WOLQAP__ligand17445-0
742,WOLQAP__ligand813-0
743,WOLQAP__ligand1114-0
744,WOLQAP__ligand9284-0
745,WOLQAP__ligand314-0
746,WOLQAP__ligand14477-0
747,WOLQAP__ligand780-0
748,WOLQAP__ligand3126-0
749,WOLQAP__ligand6391-0
750,WOLQAP__ligand17069-0
751,WOLQAP__ligand314-1
752,WOLQAP__ligand16-0
753,WOLQAP__ligand20942-1
754,WOLQAP__ligand16956-0
755,WOLQAP__ligand14226-0
756,WOLQAP__ligand21339-0
757,WOLQAP__ligand27771-0
758,WOLQAP__ligand18158-0
759,WOLQAP__ligand2203-0
760,WOLQAP__ligand23682-0
761,WOLQAP__ligand5387-0
762,WOLQAP__ligand1289-0
763,WOLQAP__ligand29565-0
764,WOLQAP__ligand14007-0
765,WOLQAP__ligand1599-0
766,WOLQAP__ligand18019-1
767,WOLQAP__ligand465-0
768,WOLQAP__ligand2612-0
769,WOLQAP__ligand27550-0
770,WOLQAP__ligand9450-0
771,WOLQAP__ligand422-0
772,WOLQAP__ligand3178-0
773,WOLQAP__ligand4807-0
774,WOLQAP__ligand5159-0
775,WOLQAP__ligand20844-0
776,WOLQAP__ligand18413-0
777,WOLQAP__ligand24624-0
778,WOLQAP__ligand7196-0
779,WOLQAP__ligand686-0
780,WOLQAP__ligand9753-0
781,WOLQAP__ligand18757-0
782,WOLQAP__ligand1356-0
783,WOLQAP__ligand91-0
784,WOLQAP__ligand1787-0
785,WOLQAP__ligand24560-0
786,WOLQAP__ligand5530-0
787,WOLQAP__ligand196-0
788,WOLQAP__ligand21752-0
789,WOLQAP__ligand51-0
790,WOLQAP__ligand4649-0
791,WOLQAP__ligand8793-0
792,WOLQAP__ligand2788-0
793,WOLQAP__ligand5649-0
794,WOLQAP__ligand30788-0
795,WOLQAP__ligand13691-0
796,WOLQAP__ligand4-0
797,WOLQAP__ligand4711-0
798,WOLQAP__ligand3244-0
799,WOLQAP__ligand14339-0
800,WOLQAP__ligand2906-0
801,WOLQAP__ligand9323-0
802,WOLQAP__ligand23445-0
803,WOLQAP__ligand24953-0
804,WOLQAP__ligand7273-0
805,WOLQAP__ligand13755-0
806,WOLQAP__ligand16133-0
807,WOLQAP__ligand7172-0
808,WOLQAP__ligand27122-0
809,WOLQAP__ligand20432-0
810,WOLQAP__ligand2124-0
811,WOLQAP__ligand8612-0
812,WOLQAP__ligand353-0
813,WOLQAP__ligand7092-0
814,WOLQAP__ligand2260-0
815,WOLQAP__ligand21940-0
816,WOLQAP__ligand1153-0
817,WOLQAP__ligand3225-0
818,WOLQAP__ligand1116-0
819,WOLQAP__ligand25048-0
820,WOLQAP__ligand393-0
821,WOLQAP__ligand5708-0
822,WOLQAP__ligand7316-0
823,WOLQAP__ligand20557-0
824,WOLQAP__ligand30004-0
825,WOLQAP__ligand6017-0
826,WOLQAP__ligand5180-0
827,WOLQAP__ligand48-0
