,TMC
0,SOBXAI__ligand20207-0
1,SOBXAI__ligand30711-0
2,SOBXAI__ligand1773-0
3,SOBXAI__ligand4581-0
4,SOBXAI__ligand11682-0
5,SOBXAI__ligand2328-0
6,SOBXAI__ligand7162-0
7,SOBXAI__ligand66-0
8,SOBXAI__ligand3029-0
9,SOBXAI__ligand25913-0
10,SOBXAI__ligand16988-0
11,SOBXAI__ligand9197-0
12,SOBXAI__ligand201-0
13,SOBXAI__ligand1-0
14,SOBXAI__ligand1900-0
15,SOBXAI__ligand279-0
16,SOBXAI__ligand2208-0
17,SOBXAI__ligand185-0
18,SOBXAI__ligand3208-0
19,SOBXAI__ligand16663-0
20,SOBXAI__ligand178-0
21,SOBXAI__ligand14614-0
22,SOBXAI__ligand8722-0
23,SOBXAI__ligand6672-0
24,SOBXAI__ligand24035-0
25,SOBXAI__ligand9809-0
26,SOBXAI__ligand1327-0
27,SOBXAI__ligand321-0
28,SOBXAI__ligand11994-0
29,SOBXAI__ligand31044-0
30,SOBXAI__ligand3350-0
31,SOBXAI__ligand31842-0
32,SOBXAI__ligand7573-0
33,SOBXAI__ligand2781-0
34,SOBXAI__ligand12365-0
35,SOBXAI__ligand10056-0
36,SOBXAI__ligand1533-0
37,SOBXAI__ligand28743-0
38,SOBXAI__ligand15531-0
39,SOBXAI__ligand11357-0
40,SOBXAI__ligand13862-0
41,SOBXAI__ligand1496-0
42,SOBXAI__ligand7557-0
43,SOBXAI__ligand22294-0
44,SOBXAI__ligand22168-0
45,SOBXAI__ligand28930-0
46,SOBXAI__ligand21919-0
47,SOBXAI__ligand11970-0
48,SOBXAI__ligand42-0
49,SOBXAI__ligand15883-0
50,SOBXAI__ligand338-0
51,SOBXAI__ligand4131-0
52,SOBXAI__ligand1712-0
53,SOBXAI__ligand24230-0
54,SOBXAI__ligand11447-0
55,SOBXAI__ligand11096-0
56,SOBXAI__ligand28810-0
57,SOBXAI__ligand5094-0
58,SOBXAI__ligand10828-0
59,SOBXAI__ligand5892-0
60,SOBXAI__ligand19792-0
61,SOBXAI__ligand15926-0
62,SOBXAI__ligand5935-0
63,SOBXAI__ligand2722-0
64,SOBXAI__ligand1379-0
65,SOBXAI__ligand13477-0
66,SOBXAI__ligand14167-0
67,SOBXAI__ligand126-0
68,SOBXAI__ligand163-0
69,SOBXAI__ligand3157-0
70,SOBXAI__ligand9525-0
71,SOBXAI__ligand27669-0
72,SOBXAI__ligand30142-0
73,SOBXAI__ligand1165-0
74,SOBXAI__ligand29029-0
75,SOBXAI__ligand4850-0
76,SOBXAI__ligand5056-0
77,SOBXAI__ligand27285-0
78,SOBXAI__ligand3647-0
79,SOBXAI__ligand5357-0
80,SOBXAI__ligand1688-0
81,SOBXAI__ligand38-0
82,SOBXAI__ligand845-0
83,SOBXAI__ligand1469-0
84,SOBXAI__ligand3871-0
85,SOBXAI__ligand23197-0
86,SOBXAI__ligand1768-0
87,SOBXAI__ligand657-0
88,SOBXAI__ligand10371-0
89,SOBXAI__ligand187-0
90,SOBXAI__ligand2527-0
91,SOBXAI__ligand8349-0
92,SOBXAI__ligand366-0
93,SOBXAI__ligand8464-0
94,SOBXAI__ligand1709-0
95,SOBXAI__ligand13672-0
96,SOBXAI__ligand18568-0
97,SOBXAI__ligand28685-0
98,SOBXAI__ligand777-0
99,SOBXAI__ligand19184-0
100,SOBXAI__ligand3392-0
101,SOBXAI__ligand1771-0
102,SOBXAI__ligand4911-0
103,SOBXAI__ligand3-0
104,SOBXAI__ligand5849-0
105,SOBXAI__ligand28459-0
106,SOBXAI__ligand12453-0
107,SOBXAI__ligand941-0
108,SOBXAI__ligand596-0
109,SOBXAI__ligand18448-0
110,SOBXAI__ligand3012-0
111,SOBXAI__ligand18-0
112,SOBXAI__ligand29215-0
113,SOBXAI__ligand1449-0
114,SOBXAI__ligand1065-0
115,SOBXAI__ligand7530-0
116,SOBXAI__ligand12003-0
117,SOBXAI__ligand9681-0
118,SOBXAI__ligand16148-0
119,SOBXAI__ligand26631-0
120,SOBXAI__ligand10872-0
121,SOBXAI__ligand21399-0
122,SOBXAI__ligand4332-0
123,SOBXAI__ligand22403-0
124,SOBXAI__ligand3934-0
125,SOBXAI__ligand6882-0
126,SOBXAI__ligand6455-0
127,SOBXAI__ligand693-0
128,SOBXAI__ligand27754-0
129,SOBXAI__ligand2403-0
130,SOBXAI__ligand20695-0
131,SOBXAI__ligand11111-0
132,SOBXAI__ligand28540-0
133,SOBXAI__ligand16369-0
134,SOBXAI__ligand26529-0
135,SOBXAI__ligand122-0
136,SOBXAI__ligand9148-0
137,SOBXAI__ligand11618-0
138,SOBXAI__ligand6946-0
139,SOBXAI__ligand1415-0
140,SOBXAI__ligand757-0
141,SOBXAI__ligand7529-0
142,SOBXAI__ligand1729-0
143,SOBXAI__ligand19927-0
144,SOBXAI__ligand5627-0
145,SOBXAI__ligand14043-0
146,SOBXAI__ligand26324-0
147,SOBXAI__ligand28559-0
148,SOBXAI__ligand2830-0
149,SOBXAI__ligand5316-0
150,SOBXAI__ligand27239-0
151,SOBXAI__ligand21729-0
152,SOBXAI__ligand5483-0
153,SOBXAI__ligand11949-0
154,SOBXAI__ligand6283-0
155,SOBXAI__ligand768-0
156,SOBXAI__ligand24780-0
157,SOBXAI__ligand12138-0
158,SOBXAI__ligand22129-0
159,SOBXAI__ligand4738-0
160,SOBXAI__ligand4813-0
161,SOBXAI__ligand5813-0
162,SOBXAI__ligand25561-0
163,SOBXAI__ligand6062-0
164,SOBXAI__ligand31694-0
165,SOBXAI__ligand3215-0
166,SOBXAI__ligand29486-0
167,SOBXAI__ligand384-0
168,SOBXAI__ligand17427-0
169,SOBXAI__ligand7107-0
170,SOBXAI__ligand13385-0
171,SOBXAI__ligand240-0
172,SOBXAI__ligand14569-0
173,SOBXAI__ligand1147-0
174,SOBXAI__ligand141-0
175,SOBXAI__ligand22444-0
176,SOBXAI__ligand24111-0
177,SOBXAI__ligand3973-0
178,SOBXAI__ligand7925-0
179,SOBXAI__ligand11587-0
180,SOBXAI__ligand13220-0
181,SOBXAI__ligand2068-0
182,SOBXAI__ligand15788-0
183,SOBXAI__ligand23175-0
184,SOBXAI__ligand17396-0
185,SOBXAI__ligand30728-0
186,SOBXAI__ligand7532-0
187,SOBXAI__ligand27840-0
188,SOBXAI__ligand24872-0
189,SOBXAI__ligand4194-0
190,SOBXAI__ligand24644-0
191,SOBXAI__ligand4330-0
192,SOBXAI__ligand10033-0
193,SOBXAI__ligand2599-0
194,SOBXAI__ligand12001-0
195,SOBXAI__ligand24851-0
196,SOBXAI__ligand14347-0
197,SOBXAI__ligand13657-0
198,SOBXAI__ligand9441-0
199,SOBXAI__ligand14302-0
200,SOBXAI__ligand11698-0
201,SOBXAI__ligand20530-0
202,SOBXAI__ligand2332-0
203,SOBXAI__ligand1631-0
204,SOBXAI__ligand11479-0
205,SOBXAI__ligand10479-0
206,SOBXAI__ligand27610-0
207,SOBXAI__ligand1575-0
208,SOBXAI__ligand1530-0
209,SOBXAI__ligand10853-0
210,SOBXAI__ligand9933-0
211,SOBXAI__ligand29441-0
212,SOBXAI__ligand162-0
213,SOBXAI__ligand2915-0
214,SOBXAI__ligand3156-0
215,SOBXAI__ligand16952-0
216,SOBXAI__ligand29813-0
217,SOBXAI__ligand226-0
218,SOBXAI__ligand20220-0
219,SOBXAI__ligand6244-0
220,SOBXAI__ligand416-0
221,SOBXAI__ligand20121-0
222,SOBXAI__ligand1378-0
223,SOBXAI__ligand15387-0
224,SOBXAI__ligand383-0
225,SOBXAI__ligand8992-0
226,SOBXAI__ligand696-0
227,SOBXAI__ligand9601-0
228,SOBXAI__ligand10151-0
229,SOBXAI__ligand7967-0
230,SOBXAI__ligand6124-0
231,SOBXAI__ligand3707-0
232,SOBXAI__ligand1018-0
233,SOBXAI__ligand4116-0
234,SOBXAI__ligand19906-0
235,SOBXAI__ligand1823-0
236,SOBXAI__ligand5643-0
237,SOBXAI__ligand19668-0
238,SOBXAI__ligand1324-0
239,SOBXAI__ligand8721-0
240,SOBXAI__ligand656-0
241,SOBXAI__ligand9111-0
242,SOBXAI__ligand9952-0
243,SOBXAI__ligand22353-0
244,SOBXAI__ligand1615-0
245,SOBXAI__ligand5036-0
246,SOBXAI__ligand2526-0
247,SOBXAI__ligand11606-0
248,SOBXAI__ligand4641-0
249,SOBXAI__ligand31000-0
250,SOBXAI__ligand26673-0
251,SOBXAI__ligand20821-0
252,SOBXAI__ligand694-0
253,SOBXAI__ligand18067-0
254,SOBXAI__ligand3234-0
255,SOBXAI__ligand1142-0
256,SOBXAI__ligand19824-0
257,SOBXAI__ligand358-0
258,SOBXAI__ligand11252-0
259,SOBXAI__ligand430-0
260,SOBXAI__ligand488-0
261,SOBXAI__ligand67-0
262,SOBXAI__ligand7126-0
263,SOBXAI__ligand13260-0
264,SOBXAI__ligand2028-0
265,SOBXAI__ligand8835-0
266,SOBXAI__ligand10582-0
267,SOBXAI__ligand2917-0
268,SOBXAI__ligand31205-0
269,SOBXAI__ligand25658-0
270,SOBXAI__ligand17686-0
271,SOBXAI__ligand7819-0
272,SOBXAI__ligand11177-0
273,SOBXAI__ligand43-0
274,SOBXAI__ligand6102-0
275,SOBXAI__ligand6904-0
276,SOBXAI__ligand3721-0
277,SOBXAI__ligand6596-0
278,SOBXAI__ligand15455-0
279,SOBXAI__ligand3465-0
280,SOBXAI__ligand4620-0
281,SOBXAI__ligand16870-0
282,SOBXAI__ligand11622-0
283,SOBXAI__ligand670-0
284,SOBXAI__ligand11814-0
285,SOBXAI__ligand6067-0
286,SOBXAI__ligand1577-0
287,SOBXAI__ligand2295-0
288,SOBXAI__ligand571-0
289,SOBXAI__ligand534-0
290,SOBXAI__ligand16603-0
291,SOBXAI__ligand7242-0
292,SOBXAI__ligand14339-0
293,SOBXAI__ligand13691-0
294,SOBXAI__ligand30788-0
295,SOBXAI__ligand7106-0
296,SOBXAI__ligand1263-0
297,SOBXAI__ligand21752-0
298,SOBXAI__ligand9908-0
299,SOBXAI__ligand199-0
300,SOBXAI__ligand1959-0
301,SOBXAI__ligand3504-0
302,SOBXAI__ligand24560-0
303,SOBXAI__ligand18757-0
304,SOBXAI__ligand9935-0
305,SOBXAI__ligand24624-0
306,SOBXAI__ligand1573-0
307,SOBXAI__ligand1536-0
308,SOBXAI__ligand18413-0
309,SOBXAI__ligand588-0
310,SOBXAI__ligand20844-0
311,SOBXAI__ligand6616-0
312,SOBXAI__ligand3035-0
313,SOBXAI__ligand1343-0
314,SOBXAI__ligand3876-0
315,SOBXAI__ligand3718-0
316,SOBXAI__ligand4661-0
317,SOBXAI__ligand1844-0
318,SOBXAI__ligand300-0
319,SOBXAI__ligand1512-0
320,SOBXAI__ligand5331-0
321,SOBXAI__ligand3565-0
322,SOBXAI__ligand324-0
323,SOBXAI__ligand361-0
324,SOBXAI__ligand30004-0
325,SOBXAI__ligand20557-0
326,SOBXAI__ligand409-0
327,SOBXAI__ligand6919-0
328,SOBXAI__ligand3852-0
329,SOBXAI__ligand2485-0
330,SOBXAI__ligand5211-0
331,SOBXAI__ligand21940-0
332,SOBXAI__ligand25048-0
333,SOBXAI__ligand3094-0
334,SOBXAI__ligand4155-0
335,SOBXAI__ligand16133-0
336,SOBXAI__ligand13755-0
337,SOBXAI__ligand20432-0
338,SOBXAI__ligand27122-0
339,SOBXAI__ligand4720-0
340,SOBXAI__ligand4-0
341,SOBXAI__ligand6839-0
342,SOBXAI__ligand8969-0
343,SOBXAI__ligand24953-0
344,SOBXAI__ligand3131-0
345,SOBXAI__ligand3937-0
346,SOBXAI__ligand1202-0
347,SOBXAI__ligand23445-0
348,SOBXAI__ligand3174-0
349,SOBXAI__ligand14477-0
350,SOBXAI__ligand436-0
351,SOBXAI__ligand17069-0
352,SOBXAI__ligand4157-0
353,SOBXAI__ligand9833-0
354,SOBXAI__ligand7648-0
355,SOBXAI__ligand2828-0
356,SOBXAI__ligand17445-0
357,SOBXAI__ligand8876-0
358,SOBXAI__ligand5256-0
359,SOBXAI__ligand24-0
360,SOBXAI__ligand2176-0
361,SOBXAI__ligand20731-0
362,SOBXAI__ligand29334-0
363,SOBXAI__ligand9291-0
364,SOBXAI__ligand12413-0
365,SOBXAI__ligand2232-0
366,SOBXAI__ligand11798-0
367,SOBXAI__ligand692-0
368,SOBXAI__ligand21448-0
369,SOBXAI__ligand1285-0
370,SOBXAI__ligand8115-0
371,SOBXAI__ligand6768-0
372,SOBXAI__ligand11758-0
373,SOBXAI__ligand1982-0
374,SOBXAI__ligand7000-0
375,SOBXAI__ligand22357-0
376,SOBXAI__ligand4546-0
377,SOBXAI__ligand4503-0
378,SOBXAI__ligand19-0
379,SOBXAI__ligand29214-0
380,SOBXAI__ligand326-0
381,SOBXAI__ligand11501-0
382,SOBXAI__ligand11544-0
383,SOBXAI__ligand27550-0
384,SOBXAI__ligand7867-0
385,SOBXAI__ligand633-0
386,SOBXAI__ligand6709-0
387,SOBXAI__ligand1219-0
388,SOBXAI__ligand4016-0
389,SOBXAI__ligand7238-0
390,SOBXAI__ligand78-0
391,SOBXAI__ligand497-0
392,SOBXAI__ligand14007-0
393,SOBXAI__ligand1304-0
394,SOBXAI__ligand1790-0
395,SOBXAI__ligand7280-0
396,SOBXAI__ligand18019-1
397,SOBXAI__ligand45-0
398,SOBXAI__ligand4272-0
399,SOBXAI__ligand23682-0
400,SOBXAI__ligand1451-0
401,SOBXAI__ligand29565-0
402,SOBXAI__ligand7629-0
403,SOBXAI__ligand27771-0
404,SOBXAI__ligand9784-0
405,SOBXAI__ligand18158-0
406,SOBXAI__ligand21339-0
407,SOBXAI__ligand14226-0
408,SOBXAI__ligand9520-0
409,SOBXAI__ligand16956-0
410,SOBXAI__ligand20942-1
411,SOBXAI__ligand8699-0
412,SOBXAI__ligand1160-0
413,SOBXAI__ligand3954-0
414,SOBXAI__ligand4442-0
415,SOBXAI__ligand4093-0
416,SOBXAI__ligand2043-0
417,SOBXAI__ligand16791-0
418,SOBXAI__ligand49-0
419,SOBXAI__ligand8788-0
420,SOBXAI__ligand28668-0
421,SOBXAI__ligand1832-0
422,SOBXAI__ligand197-0
423,SOBXAI__ligand1604-0
424,SOBXAI__ligand9943-0
425,SOBXAI__ligand1228-0
426,SOBXAI__ligand18799-0
427,SOBXAI__ligand18465-0
428,SOBXAI__ligand3126-0
429,SOBXAI__ligand6391-0
430,SOBXAI__ligand9284-0
431,SOBXAI__ligand13869-0
432,SOBXAI__ligand1114-0
433,SOBXAI__ligand18074-0
434,SOBXAI__ligand29863-0
435,SOBXAI__ligand89-0
436,SOBXAI__ligand29610-0
437,SOBXAI__ligand2417-0
438,SOBXAI__ligand11140-0
439,SOBXAI__ligand10084-0
440,SOBXAI__ligand1289-0
441,SOBXAI__ligand25267-0
442,SOBXAI__ligand5387-0
443,SOBXAI__ligand2203-0
444,SOBXAI__ligand12467-0
445,SOBXAI__ligand21936-0
446,SOBXAI__ligand868-0
447,SOBXAI__ligand13257-0
448,SOBXAI__ligand23904-0
449,SOBXAI__ligand9450-0
450,SOBXAI__ligand352-0
451,SOBXAI__ligand783-0
452,SOBXAI__ligand27074-0
453,SOBXAI__ligand20599-0
454,SOBXAI__ligand22981-0
455,SOBXAI__ligand25805-0
456,SOBXAI__ligand2612-0
457,SOBXAI__ligand18391-0
458,SOBXAI__ligand1599-0
459,SOBXAI__ligand14523-0
460,SOBXAI__ligand27169-0
461,SOBXAI__ligand5530-0
462,SOBXAI__ligand1356-0
463,SOBXAI__ligand1787-0
464,SOBXAI__ligand9753-0
465,SOBXAI__ligand27835-0
466,SOBXAI__ligand7196-0
467,SOBXAI__ligand5159-0
468,SOBXAI__ligand12295-0
469,SOBXAI__ligand8-0
470,SOBXAI__ligand560-0
471,SOBXAI__ligand25689-0
472,SOBXAI__ligand25575-0
473,SOBXAI__ligand4807-0
474,SOBXAI__ligand21787-0
475,SOBXAI__ligand3178-0
476,SOBXAI__ligand2906-0
477,SOBXAI__ligand134-0
478,SOBXAI__ligand30539-0
479,SOBXAI__ligand3244-0
480,SOBXAI__ligand4711-0
481,SOBXAI__ligand235-0
482,SOBXAI__ligand2788-0
483,SOBXAI__ligand5649-0
484,SOBXAI__ligand8793-0
485,SOBXAI__ligand4649-0
486,SOBXAI__ligand23906-0
487,SOBXAI__ligand11166-0
488,SOBXAI__ligand21132-0
489,SOBXAI__ligand17-0
490,SOBXAI__ligand685-0
491,SOBXAI__ligand1116-0
492,SOBXAI__ligand1153-0
493,SOBXAI__ligand3225-0
494,SOBXAI__ligand2260-0
495,SOBXAI__ligand7092-0
496,SOBXAI__ligand8612-0
497,SOBXAI__ligand2124-0
498,SOBXAI__ligand25735-0
499,SOBXAI__ligand7172-0
500,SOBXAI__ligand12519-0
501,SOBXAI__ligand23124-0
502,SOBXAI__ligand7273-0
503,SOBXAI__ligand421-0
504,SOBXAI__ligand9323-0
505,SOBXAI__ligand11206-0
506,SOBXAI__ligand12660-0
507,SOBXAI__ligand5180-0
508,SOBXAI__ligand13209-0
509,SOBXAI__ligand19257-0
510,SOBXAI__ligand25650-0
511,SOBXAI__ligand6017-0
512,SOBXAI__ligand31248-0
513,SOBXAI__ligand294-0
514,SOBXAI__ligand7316-0
515,SOBXAI__ligand5708-0
516,SOBXAI__ligand4101-0
517,SOBXAI__ligand5595-0
518,SOBXAI__ligand4358-0
519,SOBXAI__ligand29898-0
520,SOBXAI__ligand3926-0
521,SOBXAI__ligand3120-0
522,SOBXAI__ligand26277-0
523,SOBXAI__ligand10432-0
524,SOBXAI__ligand250-0
525,SOBXAI__ligand11432-0
526,SOBXAI__ligand31618-0
527,SOBXAI__ligand22755-0
528,SOBXAI__ligand2221-0
529,SOBXAI__ligand1296-0
530,SOBXAI__ligand2259-0
531,SOBXAI__ligand15168-0
532,SOBXAI__ligand1197-0
533,SOBXAI__ligand8592-0
534,SOBXAI__ligand5099-0
535,SOBXAI__ligand9773-0
536,SOBXAI__ligand5510-0
537,SOBXAI__ligand1376-0
538,SOBXAI__ligand24064-0
539,SOBXAI__ligand23589-0
540,SOBXAI__ligand370-0
541,SOBXAI__ligand9167-0
542,SOBXAI__ligand29087-0
543,SOBXAI__ligand620-0
544,SOBXAI__ligand370-1
545,SOBXAI__ligand5304-0
546,SOBXAI__ligand2238-0
547,SOBXAI__ligand564-0
548,SOBXAI__ligand18703-0
549,SOBXAI__ligand15438-0
550,SOBXAI__ligand479-0
551,SOBXAI__ligand785-0
552,SOBXAI__ligand311-0
553,SOBXAI__ligand28924-0
554,SOBXAI__ligand7293-0
555,SOBXAI__ligand2822-0
556,SOBXAI__ligand3867-0
557,SOBXAI__ligand1317-0
558,SOBXAI__ligand8002-0
559,SOBXAI__ligand5509-0
560,SOBXAI__ligand6117-0
561,SOBXAI__ligand24750-0
562,SOBXAI__ligand1407-0
563,SOBXAI__ligand188-0
564,SOBXAI__ligand25224-0
565,SOBXAI__ligand18013-0
566,SOBXAI__ligand17945-0
567,SOBXAI__ligand5080-0
568,SOBXAI__ligand7762-0
569,SOBXAI__ligand17207-0
570,SOBXAI__ligand31578-0
571,SOBXAI__ligand9344-0
572,SOBXAI__ligand3736-0
573,SOBXAI__ligand11-0
574,SOBXAI__ligand18699-0
575,SOBXAI__ligand8000-0
576,SOBXAI__ligand12682-0
577,SOBXAI__ligand17240-0
578,SOBXAI__ligand177-0
579,SOBXAI__ligand3945-0
580,SOBXAI__ligand17590-0
581,SOBXAI__ligand2693-0
582,SOBXAI__ligand5383-0
583,SOBXAI__ligand2985-0
584,SOBXAI__ligand4007-0
585,SOBXAI__ligand13072-0
586,SOBXAI__ligand909-0
587,SOBXAI__ligand9299-0
588,SOBXAI__ligand12336-0
589,SOBXAI__ligand69-0
590,SOBXAI__ligand7291-0
591,SOBXAI__ligand9883-0
592,SOBXAI__ligand3677-1
593,SOBXAI__ligand3677-0
594,SOBXAI__ligand24613-0
595,SOBXAI__ligand3632-0
596,SOBXAI__ligand1168-0
597,SOBXAI__ligand193-0
598,SOBXAI__ligand19725-0
599,SOBXAI__ligand1294-0
600,SOBXAI__ligand31483-0
601,SOBXAI__ligand6699-0
602,SOBXAI__ligand372-0
603,SOBXAI__ligand10555-0
604,SOBXAI__ligand830-0
605,SOBXAI__ligand3712-0
606,SOBXAI__ligand1464-0
607,SOBXAI__ligand17710-0
608,SOBXAI__ligand20579-0
609,SOBXAI__ligand1499-0
610,SOBXAI__ligand11568-0
611,SOBXAI__ligand2881-0
612,SOBXAI__ligand6892-0
613,SOBXAI__ligand21421-0
614,SOBXAI__ligand252-0
615,SOBXAI__ligand1211-0
616,SOBXAI__ligand116-0
617,SOBXAI__ligand14586-0
618,SOBXAI__ligand11774-0
619,SOBXAI__ligand1828-0
620,SOBXAI__ligand1397-0
621,SOBXAI__ligand7213-0
622,SOBXAI__ligand25411-0
623,SOBXAI__ligand8042-0
624,SOBXAI__ligand391-0
625,SOBXAI__ligand6112-0
626,SOBXAI__ligand16-0
627,SOBXAI__ligand3144-0
628,SOBXAI__ligand618-0
629,SOBXAI__ligand5085-0
630,SOBXAI__ligand10712-0
631,SOBXAI__ligand14174-0
632,SOBXAI__ligand4710-0
633,SOBXAI__ligand5755-0
634,SOBXAI__ligand11456-0
635,SOBXAI__ligand1908-0
636,SOBXAI__ligand12030-0
637,SOBXAI__ligand14248-0
638,SOBXAI__ligand29879-0
639,SOBXAI__ligand13331-0
640,SOBXAI__ligand28884-0
641,SOBXAI__ligand4795-0
642,SOBXAI__ligand3285-0
643,SOBXAI__ligand1786-0
644,SOBXAI__ligand813-0
645,SOBXAI__ligand5630-0
646,SOBXAI__ligand31832-0
647,SOBXAI__ligand13294-0
648,SOBXAI__ligand314-0
649,SOBXAI__ligand780-0
650,SOBXAI__ligand314-1
651,SOBXAI__ligand5280-0
652,SOBXAI__ligand5614-0
653,SOBXAI__ligand27482-0
654,SOBXAI__ligand1831-0
655,SOBXAI__ligand26810-0
656,SOBXAI__ligand5515-0
657,SOBXAI__ligand13208-0
658,SOBXAI__ligand6663-0
659,SOBXAI__ligand32-0
660,SOBXAI__ligand20682-0
661,SOBXAI__ligand465-0
662,SOBXAI__ligand1849-0
663,SOBXAI__ligand5019-0
664,SOBXAI__ligand13390-0
665,SOBXAI__ligand1152-0
666,SOBXAI__ligand3261-0
667,SOBXAI__ligand1216-0
668,SOBXAI__ligand422-0
669,SOBXAI__ligand20539-0
670,SOBXAI__ligand3453-0
671,SOBXAI__ligand3416-0
672,SOBXAI__ligand20214-0
673,SOBXAI__ligand30702-0
674,SOBXAI__ligand20251-0
675,SOBXAI__ligand4207-0
676,SOBXAI__ligand31097-0
677,SOBXAI__ligand21581-0
678,SOBXAI__ligand17261-0
679,SOBXAI__ligand1539-0
680,SOBXAI__ligand14117-0
681,SOBXAI__ligand1150-0
682,SOBXAI__ligand686-0
683,SOBXAI__ligand8200-0
684,SOBXAI__ligand196-0
685,SOBXAI__ligand20419-0
686,SOBXAI__ligand7438-0
687,SOBXAI__ligand17118-0
688,SOBXAI__ligand21371-0
689,SOBXAI__ligand4063-0
690,SOBXAI__ligand28789-0
691,SOBXAI__ligand3042-0
692,SOBXAI__ligand29568-0
693,SOBXAI__ligand48-0
694,SOBXAI__ligand30851-0
695,SOBXAI__ligand14889-0
696,SOBXAI__ligand7075-0
697,SOBXAI__ligand17278-0
698,SOBXAI__ligand20011-0
699,SOBXAI__ligand29414-0
700,SOBXAI__ligand17982-0
701,SOBXAI__ligand3980-0
702,SOBXAI__ligand3557-0
703,SOBXAI__ligand1149-0
704,SOBXAI__ligand1779-0
705,SOBXAI__ligand353-0
706,SOBXAI__ligand17398-0
707,SOBXAI__ligand91-0
708,SOBXAI__ligand6993-0
709,SOBXAI__ligand1817-0
710,SOBXAI__ligand9750-0
711,SOBXAI__ligand11675-0
712,SOBXAI__ligand20598-0
713,SOBXAI__ligand10589-0
714,SOBXAI__ligand22557-0
715,SOBXAI__ligand24047-0
716,SOBXAI__ligand1400-0
717,SOBXAI__ligand4266-0
718,SOBXAI__ligand51-0
719,SOBXAI__ligand393-0
720,SOBXAI__ligand9491-0
721,SOBXAI__ligand14703-0
722,SOBXAI__ligand16475-0
723,SOBXAI__ligand4167-0
724,SOBXAI__ligand1288-0
725,SOBXAI__ligand20251-1
726,SOBXAI__ligand68-0
727,SOBXAI__ligand487-0
728,SOBXAI__ligand30333-0
729,SOBXAI__ligand2027-0
730,SOBXAI__ligand12606-0
731,SOBXAI__ligand1015-0
732,SOBXAI__ligand1050-0
733,SOBXAI__ligand30296-0
734,SOBXAI__ligand17281-0
735,SOBXAI__ligand26540-0
736,SOBXAI__ligand29410-0
737,SOBXAI__ligand12337-0
738,SOBXAI__ligand12427-0
739,SOBXAI__ligand176-0
740,SOBXAI__ligand28468-0
741,SOBXAI__ligand20740-0
742,SOBXAI__ligand1618-0
743,SOBXAI__ligand16628-0
744,SOBXAI__ligand2692-0
745,SOBXAI__ligand447-0
746,SOBXAI__ligand1028-0
747,SOBXAI__ligand4262-0
748,SOBXAI__ligand55-0
749,SOBXAI__ligand27460-0
750,SOBXAI__ligand746-0
751,SOBXAI__ligand1154-0
752,SOBXAI__ligand23713-0
753,SOBXAI__ligand27175-0
754,SOBXAI__ligand18832-0
755,SOBXAI__ligand30988-0
756,SOBXAI__ligand152-0
757,SOBXAI__ligand9615-0
758,SOBXAI__ligand14723-0
759,SOBXAI__ligand27893-0
760,SOBXAI__ligand34-0
761,SOBXAI__ligand20578-0
762,SOBXAI__ligand12934-0
763,SOBXAI__ligand15422-0
764,SOBXAI__ligand1498-0
765,SOBXAI__ligand19641-0
766,SOBXAI__ligand4596-0
767,SOBXAI__ligand31783-0
768,SOBXAI__ligand14603-0
769,SOBXAI__ligand14297-0
770,SOBXAI__ligand17258-0
771,SOBXAI__ligand13012-0
772,SOBXAI__ligand1169-0
773,SOBXAI__ligand506-0
774,SOBXAI__ligand17631-0
775,SOBXAI__ligand8529-0
776,SOBXAI__ligand26665-0
777,SOBXAI__ligand17302-0
778,SOBXAI__ligand833-0
779,SOBXAI__ligand2001-0
780,SOBXAI__ligand17805-0
781,SOBXAI__ligand7566-0
782,SOBXAI__ligand24185-0
783,SOBXAI__ligand23769-0
784,SOBXAI__ligand9944-0
785,SOBXAI__ligand25178-0
786,SOBXAI__ligand8593-0
787,SOBXAI__ligand12401-0
788,SOBXAI__ligand115-0
789,SOBXAI__ligand15585-0
790,SOBXAI__ligand24145-0
791,SOBXAI__ligand10476-0
792,SOBXAI__ligand8553-0
793,SOBXAI__ligand13068-0
794,SOBXAI__ligand19830-0
795,SOBXAI__ligand1113-0
796,SOBXAI__ligand26702-0
797,SOBXAI__ligand13658-0
798,SOBXAI__ligand18292-0
799,SOBXAI__ligand12289-0
800,SOBXAI__ligand17387-0
801,SOBXAI__ligand12130-0
802,SOBXAI__ligand5201-0
803,SOBXAI__ligand12231-0
804,SOBXAI__ligand19057-0
805,SOBXAI__ligand18814-0
806,SOBXAI__ligand5415-0
807,SOBXAI__ligand29302-0
808,SOBXAI__ligand13425-0
809,SOBXAI__ligand395-0
810,SOBXAI__ligand57-0
811,SOBXAI__ligand28676-0
812,SOBXAI__ligand10262-0
813,SOBXAI__ligand3471-0
814,SOBXAI__ligand4161-0
815,SOBXAI__ligand4124-0
816,SOBXAI__ligand368-0
817,SOBXAI__ligand27763-0
818,SOBXAI__ligand6995-0
819,SOBXAI__ligand12641-0
820,SOBXAI__ligand784-0
821,SOBXAI__ligand2823-0
822,SOBXAI__ligand10958-0
823,SOBXAI__ligand2281-0
824,SOBXAI__ligand2650-0
825,SOBXAI__ligand4340-0
826,SOBXAI__ligand14108-0
827,SOBXAI__ligand3180-0
