,TMC
0,LUSVEC__ligand670-0
1,LUSVEC__ligand5935-0
2,LUSVEC__ligand1379-0
3,LUSVEC__ligand534-0
4,LUSVEC__ligand571-0
5,LUSVEC__ligand13390-0
6,LUSVEC__ligand2722-0
7,LUSVEC__ligand3157-0
8,LUSVEC__ligand20682-0
9,LUSVEC__ligand1165-0
10,LUSVEC__ligand9525-0
11,LUSVEC__ligand13208-0
12,LUSVEC__ligand5056-0
13,LUSVEC__ligand4850-0
14,LUSVEC__ligand27482-0
15,LUSVEC__ligand1688-0
16,LUSVEC__ligand26810-0
17,LUSVEC__ligand5357-0
18,LUSVEC__ligand3647-0
19,LUSVEC__ligand3871-0
20,LUSVEC__ligand1469-0
21,LUSVEC__ligand18-0
22,LUSVEC__ligand1768-0
23,LUSVEC__ligand4-0
24,LUSVEC__ligand13294-0
25,LUSVEC__ligand358-0
26,LUSVEC__ligand430-0
27,LUSVEC__ligand31832-0
28,LUSVEC__ligand2527-0
29,LUSVEC__ligand488-0
30,LUSVEC__ligand1709-0
31,LUSVEC__ligand8464-0
32,LUSVEC__ligand13331-0
33,LUSVEC__ligand8349-0
34,LUSVEC__ligand28884-0
35,LUSVEC__ligand694-0
36,LUSVEC__ligand29879-0
37,LUSVEC__ligand14248-0
38,LUSVEC__ligand12030-0
39,LUSVEC__ligand3392-0
40,LUSVEC__ligand11456-0
41,LUSVEC__ligand4911-0
42,LUSVEC__ligand10712-0
43,LUSVEC__ligand1771-0
44,LUSVEC__ligand14174-0
45,LUSVEC__ligand5849-0
46,LUSVEC__ligand25411-0
47,LUSVEC__ligand2328-0
48,LUSVEC__ligand656-0
49,LUSVEC__ligand20251-1
50,LUSVEC__ligand4581-0
51,LUSVEC__ligand1773-0
52,LUSVEC__ligand3029-0
53,LUSVEC__ligand7162-0
54,LUSVEC__ligand1900-0
55,LUSVEC__ligand14703-0
56,LUSVEC__ligand16475-0
57,LUSVEC__ligand9197-0
58,LUSVEC__ligand22557-0
59,LUSVEC__ligand10589-0
60,LUSVEC__ligand3208-0
61,LUSVEC__ligand2208-0
62,LUSVEC__ligand24047-0
63,LUSVEC__ligand11675-0
64,LUSVEC__ligand20598-0
65,LUSVEC__ligand17398-0
66,LUSVEC__ligand1327-0
67,LUSVEC__ligand9809-0
68,LUSVEC__ligand6672-0
69,LUSVEC__ligand696-0
70,LUSVEC__ligand8722-0
71,LUSVEC__ligand2781-0
72,LUSVEC__ligand29414-0
73,LUSVEC__ligand7573-0
74,LUSVEC__ligand17982-0
75,LUSVEC__ligand3350-0
76,LUSVEC__ligand20011-0
77,LUSVEC__ligand17278-0
78,LUSVEC__ligand1533-0
79,LUSVEC__ligand30851-0
80,LUSVEC__ligand416-0
81,LUSVEC__ligand14889-0
82,LUSVEC__ligand383-0
83,LUSVEC__ligand29568-0
84,LUSVEC__ligand28789-0
85,LUSVEC__ligand162-0
86,LUSVEC__ligand7557-0
87,LUSVEC__ligand1496-0
88,LUSVEC__ligand226-0
89,LUSVEC__ligand17118-0
90,LUSVEC__ligand21371-0
91,LUSVEC__ligand20419-0
92,LUSVEC__ligand1712-0
93,LUSVEC__ligand4131-0
94,LUSVEC__ligand17261-0
95,LUSVEC__ligand14117-0
96,LUSVEC__ligand21581-0
97,LUSVEC__ligand31097-0
98,LUSVEC__ligand20251-0
99,LUSVEC__ligand30702-0
100,LUSVEC__ligand20214-0
101,LUSVEC__ligand20539-0
102,LUSVEC__ligand5892-0
103,LUSVEC__ligand5094-0
104,LUSVEC__ligand26665-0
105,LUSVEC__ligand13012-0
106,LUSVEC__ligand17631-0
107,LUSVEC__ligand6283-0
108,LUSVEC__ligand17258-0
109,LUSVEC__ligand14297-0
110,LUSVEC__ligand14603-0
111,LUSVEC__ligand5813-0
112,LUSVEC__ligand4813-0
113,LUSVEC__ligand4738-0
114,LUSVEC__ligand31783-0
115,LUSVEC__ligand6062-0
116,LUSVEC__ligand19641-0
117,LUSVEC__ligand15422-0
118,LUSVEC__ligand20578-0
119,LUSVEC__ligand12934-0
120,LUSVEC__ligand497-0
121,LUSVEC__ligand27893-0
122,LUSVEC__ligand3215-0
123,LUSVEC__ligand14723-0
124,LUSVEC__ligand30988-0
125,LUSVEC__ligand633-0
126,LUSVEC__ligand66-0
127,LUSVEC__ligand7107-0
128,LUSVEC__ligand23713-0
129,LUSVEC__ligand18832-0
130,LUSVEC__ligand27175-0
131,LUSVEC__ligand1147-0
132,LUSVEC__ligand27460-0
133,LUSVEC__ligand3973-0
134,LUSVEC__ligand326-0
135,LUSVEC__ligand16628-0
136,LUSVEC__ligand2068-0
137,LUSVEC__ligand7925-0
138,LUSVEC__ligand20740-0
139,LUSVEC__ligand28468-0
140,LUSVEC__ligand42-0
141,LUSVEC__ligand12427-0
142,LUSVEC__ligand7532-0
143,LUSVEC__ligand29410-0
144,LUSVEC__ligand12337-0
145,LUSVEC__ligand26540-0
146,LUSVEC__ligand4194-0
147,LUSVEC__ligand17281-0
148,LUSVEC__ligand30296-0
149,LUSVEC__ligand692-0
150,LUSVEC__ligand436-0
151,LUSVEC__ligand2599-0
152,LUSVEC__ligand12606-0
153,LUSVEC__ligand4330-0
154,LUSVEC__ligand30333-0
155,LUSVEC__ligand1449-0
156,LUSVEC__ligand3012-0
157,LUSVEC__ligand14108-0
158,LUSVEC__ligand7530-0
159,LUSVEC__ligand38-0
160,LUSVEC__ligand1065-0
161,LUSVEC__ligand10958-0
162,LUSVEC__ligand9681-0
163,LUSVEC__ligand4332-0
164,LUSVEC__ligand12641-0
165,LUSVEC__ligand361-0
166,LUSVEC__ligand27763-0
167,LUSVEC__ligand324-0
168,LUSVEC__ligand409-0
169,LUSVEC__ligand10262-0
170,LUSVEC__ligand3934-0
171,LUSVEC__ligand28676-0
172,LUSVEC__ligand6455-0
173,LUSVEC__ligand6882-0
174,LUSVEC__ligand13425-0
175,LUSVEC__ligand29302-0
176,LUSVEC__ligand2403-0
177,LUSVEC__ligand19057-0
178,LUSVEC__ligand18814-0
179,LUSVEC__ligand12231-0
180,LUSVEC__ligand12130-0
181,LUSVEC__ligand9148-0
182,LUSVEC__ligand17387-0
183,LUSVEC__ligand13658-0
184,LUSVEC__ligand26702-0
185,LUSVEC__ligand12289-0
186,LUSVEC__ligand300-0
187,LUSVEC__ligand18292-0
188,LUSVEC__ligand19830-0
189,LUSVEC__ligand13068-0
190,LUSVEC__ligand6946-0
191,LUSVEC__ligand1415-0
192,LUSVEC__ligand10476-0
193,LUSVEC__ligand24145-0
194,LUSVEC__ligand7529-0
195,LUSVEC__ligand588-0
196,LUSVEC__ligand15585-0
197,LUSVEC__ligand12401-0
198,LUSVEC__ligand5627-0
199,LUSVEC__ligand25178-0
200,LUSVEC__ligand1729-0
201,LUSVEC__ligand2830-0
202,LUSVEC__ligand23769-0
203,LUSVEC__ligand199-0
204,LUSVEC__ligand24185-0
205,LUSVEC__ligand5316-0
206,LUSVEC__ligand17805-0
207,LUSVEC__ligand5483-0
208,LUSVEC__ligand17302-0
209,LUSVEC__ligand14523-0
210,LUSVEC__ligand27169-0
211,LUSVEC__ligand18391-0
212,LUSVEC__ligand4641-0
213,LUSVEC__ligand596-0
214,LUSVEC__ligand941-0
215,LUSVEC__ligand25805-0
216,LUSVEC__ligand777-0
217,LUSVEC__ligand22981-0
218,LUSVEC__ligand20599-0
219,LUSVEC__ligand27074-0
220,LUSVEC__ligand23904-0
221,LUSVEC__ligand366-0
222,LUSVEC__ligand1142-0
223,LUSVEC__ligand3234-0
224,LUSVEC__ligand13257-0
225,LUSVEC__ligand21936-0
226,LUSVEC__ligand657-0
227,LUSVEC__ligand12467-0
228,LUSVEC__ligand8835-0
229,LUSVEC__ligand2028-0
230,LUSVEC__ligand187-0
231,LUSVEC__ligand25267-0
232,LUSVEC__ligand10084-0
233,LUSVEC__ligand7126-0
234,LUSVEC__ligand845-0
235,LUSVEC__ligand11140-0
236,LUSVEC__ligand7819-0
237,LUSVEC__ligand2917-0
238,LUSVEC__ligand29610-0
239,LUSVEC__ligand6596-0
240,LUSVEC__ligand3721-0
241,LUSVEC__ligand6904-0
242,LUSVEC__ligand6102-0
243,LUSVEC__ligand29863-0
244,LUSVEC__ligand13869-0
245,LUSVEC__ligand18074-0
246,LUSVEC__ligand3465-0
247,LUSVEC__ligand163-0
248,LUSVEC__ligand126-0
249,LUSVEC__ligand18465-0
250,LUSVEC__ligand4620-0
251,LUSVEC__ligand18799-0
252,LUSVEC__ligand2295-0
253,LUSVEC__ligand1577-0
254,LUSVEC__ligand6067-0
255,LUSVEC__ligand28668-0
256,LUSVEC__ligand16791-0
257,LUSVEC__ligand2332-0
258,LUSVEC__ligand31248-0
259,LUSVEC__ligand19-0
260,LUSVEC__ligand9441-0
261,LUSVEC__ligand25650-0
262,LUSVEC__ligand19257-0
263,LUSVEC__ligand13209-0
264,LUSVEC__ligand1631-0
265,LUSVEC__ligand9933-0
266,LUSVEC__ligand12660-0
267,LUSVEC__ligand1530-0
268,LUSVEC__ligand338-0
269,LUSVEC__ligand1575-0
270,LUSVEC__ligand3156-0
271,LUSVEC__ligand2915-0
272,LUSVEC__ligand11206-0
273,LUSVEC__ligand23124-0
274,LUSVEC__ligand12519-0
275,LUSVEC__ligand25735-0
276,LUSVEC__ligand24-0
277,LUSVEC__ligand6244-0
278,LUSVEC__ligand1378-0
279,LUSVEC__ligand21132-0
280,LUSVEC__ligand8992-0
281,LUSVEC__ligand11166-0
282,LUSVEC__ligand23906-0
283,LUSVEC__ligand321-0
284,LUSVEC__ligand9601-0
285,LUSVEC__ligand3707-0
286,LUSVEC__ligand279-0
287,LUSVEC__ligand6124-0
288,LUSVEC__ligand7967-0
289,LUSVEC__ligand185-0
290,LUSVEC__ligand4116-0
291,LUSVEC__ligand30539-0
292,LUSVEC__ligand178-0
293,LUSVEC__ligand1018-0
294,LUSVEC__ligand45-0
295,LUSVEC__ligand5643-0
296,LUSVEC__ligand1823-0
297,LUSVEC__ligand78-0
298,LUSVEC__ligand201-0
299,LUSVEC__ligand25575-0
300,LUSVEC__ligand8721-0
301,LUSVEC__ligand21787-0
302,LUSVEC__ligand25689-0
303,LUSVEC__ligand1324-0
304,LUSVEC__ligand12295-0
305,LUSVEC__ligand27835-0
306,LUSVEC__ligand9952-0
307,LUSVEC__ligand9111-0
308,LUSVEC__ligand2526-0
309,LUSVEC__ligand5036-0
310,LUSVEC__ligand1615-0
311,LUSVEC__ligand4157-0
312,LUSVEC__ligand17207-0
313,LUSVEC__ligand31578-0
314,LUSVEC__ligand17945-0
315,LUSVEC__ligand5256-0
316,LUSVEC__ligand8876-0
317,LUSVEC__ligand2828-0
318,LUSVEC__ligand7648-0
319,LUSVEC__ligand18013-0
320,LUSVEC__ligand25224-0
321,LUSVEC__ligand9833-0
322,LUSVEC__ligand9291-0
323,LUSVEC__ligand2176-0
324,LUSVEC__ligand24750-0
325,LUSVEC__ligand2232-0
326,LUSVEC__ligand1285-0
327,LUSVEC__ligand7000-0
328,LUSVEC__ligand1982-0
329,LUSVEC__ligand28924-0
330,LUSVEC__ligand6768-0
331,LUSVEC__ligand15438-0
332,LUSVEC__ligand8115-0
333,LUSVEC__ligand18703-0
334,LUSVEC__ligand240-0
335,LUSVEC__ligand4503-0
336,LUSVEC__ligand4546-0
337,LUSVEC__ligand141-0
338,LUSVEC__ligand29087-0
339,LUSVEC__ligand1219-0
340,LUSVEC__ligand6709-0
341,LUSVEC__ligand7867-0
342,LUSVEC__ligand23589-0
343,LUSVEC__ligand384-0
344,LUSVEC__ligand24064-0
345,LUSVEC__ligand4016-0
346,LUSVEC__ligand15168-0
347,LUSVEC__ligand7238-0
348,LUSVEC__ligand1-0
349,LUSVEC__ligand7280-0
350,LUSVEC__ligand1790-0
351,LUSVEC__ligand1304-0
352,LUSVEC__ligand7629-0
353,LUSVEC__ligand22755-0
354,LUSVEC__ligand1451-0
355,LUSVEC__ligand10432-0
356,LUSVEC__ligand4272-0
357,LUSVEC__ligand31618-0
358,LUSVEC__ligand11432-0
359,LUSVEC__ligand26277-0
360,LUSVEC__ligand29898-0
361,LUSVEC__ligand9784-0
362,LUSVEC__ligand768-0
363,LUSVEC__ligand1160-0
364,LUSVEC__ligand8699-0
365,LUSVEC__ligand9520-0
366,LUSVEC__ligand4093-0
367,LUSVEC__ligand4442-0
368,LUSVEC__ligand3954-0
369,LUSVEC__ligand11774-0
370,LUSVEC__ligand7242-0
371,LUSVEC__ligand14586-0
372,LUSVEC__ligand67-0
373,LUSVEC__ligand7106-0
374,LUSVEC__ligand21421-0
375,LUSVEC__ligand11568-0
376,LUSVEC__ligand20579-0
377,LUSVEC__ligand17710-0
378,LUSVEC__ligand9908-0
379,LUSVEC__ligand1263-0
380,LUSVEC__ligand3504-0
381,LUSVEC__ligand757-0
382,LUSVEC__ligand1959-0
383,LUSVEC__ligand1536-0
384,LUSVEC__ligand10555-0
385,LUSVEC__ligand1573-0
386,LUSVEC__ligand9935-0
387,LUSVEC__ligand31483-0
388,LUSVEC__ligand3718-0
389,LUSVEC__ligand19725-0
390,LUSVEC__ligand1343-0
391,LUSVEC__ligand3876-0
392,LUSVEC__ligand3035-0
393,LUSVEC__ligand6616-0
394,LUSVEC__ligand122-0
395,LUSVEC__ligand24613-0
396,LUSVEC__ligand3-0
397,LUSVEC__ligand1844-0
398,LUSVEC__ligand4661-0
399,LUSVEC__ligand5331-0
400,LUSVEC__ligand1512-0
401,LUSVEC__ligand3565-0
402,LUSVEC__ligand12336-0
403,LUSVEC__ligand13072-0
404,LUSVEC__ligand2485-0
405,LUSVEC__ligand3852-0
406,LUSVEC__ligand693-0
407,LUSVEC__ligand6919-0
408,LUSVEC__ligand17590-0
409,LUSVEC__ligand5211-0
410,LUSVEC__ligand43-0
411,LUSVEC__ligand17240-0
412,LUSVEC__ligand4155-0
413,LUSVEC__ligand3094-0
414,LUSVEC__ligand12682-0
415,LUSVEC__ligand4720-0
416,LUSVEC__ligand18699-0
417,LUSVEC__ligand3174-0
418,LUSVEC__ligand3937-0
419,LUSVEC__ligand1202-0
420,LUSVEC__ligand3131-0
421,LUSVEC__ligand8969-0
422,LUSVEC__ligand6839-0
423,LUSVEC__ligand9753-0
424,LUSVEC__ligand1787-0
425,LUSVEC__ligand1356-0
426,LUSVEC__ligand5530-0
427,LUSVEC__ligand5159-0
428,LUSVEC__ligand22353-0
429,LUSVEC__ligand7196-0
430,LUSVEC__ligand4807-0
431,LUSVEC__ligand393-0
432,LUSVEC__ligand19668-0
433,LUSVEC__ligand19906-0
434,LUSVEC__ligand3178-0
435,LUSVEC__ligand353-0
436,LUSVEC__ligand2906-0
437,LUSVEC__ligand4711-0
438,LUSVEC__ligand10151-0
439,LUSVEC__ligand3244-0
440,LUSVEC__ligand4649-0
441,LUSVEC__ligand8793-0
442,LUSVEC__ligand5649-0
443,LUSVEC__ligand2788-0
444,LUSVEC__ligand7092-0
445,LUSVEC__ligand2260-0
446,LUSVEC__ligand3225-0
447,LUSVEC__ligand1153-0
448,LUSVEC__ligand15387-0
449,LUSVEC__ligand1116-0
450,LUSVEC__ligand20121-0
451,LUSVEC__ligand2124-0
452,LUSVEC__ligand20220-0
453,LUSVEC__ligand8612-0
454,LUSVEC__ligand196-0
455,LUSVEC__ligand29813-0
456,LUSVEC__ligand16952-0
457,LUSVEC__ligand7172-0
458,LUSVEC__ligand9323-0
459,LUSVEC__ligand7273-0
460,LUSVEC__ligand10853-0
461,LUSVEC__ligand29441-0
462,LUSVEC__ligand5180-0
463,LUSVEC__ligand11479-0
464,LUSVEC__ligand27610-0
465,LUSVEC__ligand10479-0
466,LUSVEC__ligand686-0
467,LUSVEC__ligand11698-0
468,LUSVEC__ligand20530-0
469,LUSVEC__ligand422-0
470,LUSVEC__ligand6017-0
471,LUSVEC__ligand14302-0
472,LUSVEC__ligand14347-0
473,LUSVEC__ligand13657-0
474,LUSVEC__ligand24851-0
475,LUSVEC__ligand5708-0
476,LUSVEC__ligand7316-0
477,LUSVEC__ligand2043-0
478,LUSVEC__ligand16603-0
479,LUSVEC__ligand69-0
480,LUSVEC__ligand1832-0
481,LUSVEC__ligand11814-0
482,LUSVEC__ligand8788-0
483,LUSVEC__ligand1604-0
484,LUSVEC__ligand11622-0
485,LUSVEC__ligand16870-0
486,LUSVEC__ligand1228-0
487,LUSVEC__ligand9943-0
488,LUSVEC__ligand465-0
489,LUSVEC__ligand9284-0
490,LUSVEC__ligand6391-0
491,LUSVEC__ligand3126-0
492,LUSVEC__ligand15455-0
493,LUSVEC__ligand11177-0
494,LUSVEC__ligand1114-0
495,LUSVEC__ligand2417-0
496,LUSVEC__ligand17686-0
497,LUSVEC__ligand314-1
498,LUSVEC__ligand25658-0
499,LUSVEC__ligand11-0
500,LUSVEC__ligand31205-0
501,LUSVEC__ligand2203-0
502,LUSVEC__ligand5387-0
503,LUSVEC__ligand13260-0
504,LUSVEC__ligand10582-0
505,LUSVEC__ligand813-0
506,LUSVEC__ligand1289-0
507,LUSVEC__ligand11252-0
508,LUSVEC__ligand780-0
509,LUSVEC__ligand314-0
510,LUSVEC__ligand18067-0
511,LUSVEC__ligand19824-0
512,LUSVEC__ligand618-0
513,LUSVEC__ligand9450-0
514,LUSVEC__ligand20821-0
515,LUSVEC__ligand26673-0
516,LUSVEC__ligand31000-0
517,LUSVEC__ligand2612-0
518,LUSVEC__ligand391-0
519,LUSVEC__ligand1599-0
520,LUSVEC__ligand11606-0
521,LUSVEC__ligand9344-0
522,LUSVEC__ligand23445-0
523,LUSVEC__ligand24953-0
524,LUSVEC__ligand20432-0
525,LUSVEC__ligand27122-0
526,LUSVEC__ligand8000-0
527,LUSVEC__ligand16133-0
528,LUSVEC__ligand13755-0
529,LUSVEC__ligand89-0
530,LUSVEC__ligand3736-0
531,LUSVEC__ligand3945-0
532,LUSVEC__ligand784-0
533,LUSVEC__ligand5383-0
534,LUSVEC__ligand2693-0
535,LUSVEC__ligand25048-0
536,LUSVEC__ligand21940-0
537,LUSVEC__ligand395-0
538,LUSVEC__ligand4007-0
539,LUSVEC__ligand2985-0
540,LUSVEC__ligand20557-0
541,LUSVEC__ligand30004-0
542,LUSVEC__ligand9299-0
543,LUSVEC__ligand368-0
544,LUSVEC__ligand7291-0
545,LUSVEC__ligand49-0
546,LUSVEC__ligand3677-1
547,LUSVEC__ligand9883-0
548,LUSVEC__ligand3632-0
549,LUSVEC__ligand3677-0
550,LUSVEC__ligand1294-0
551,LUSVEC__ligand1168-0
552,LUSVEC__ligand24624-0
553,LUSVEC__ligand6699-0
554,LUSVEC__ligand115-0
555,LUSVEC__ligand20844-0
556,LUSVEC__ligand18413-0
557,LUSVEC__ligand24560-0
558,LUSVEC__ligand18757-0
559,LUSVEC__ligand1464-0
560,LUSVEC__ligand3712-0
561,LUSVEC__ligand2881-0
562,LUSVEC__ligand1499-0
563,LUSVEC__ligand21752-0
564,LUSVEC__ligand833-0
565,LUSVEC__ligand13691-0
566,LUSVEC__ligand30788-0
567,LUSVEC__ligand6892-0
568,LUSVEC__ligand14339-0
569,LUSVEC__ligand1211-0
570,LUSVEC__ligand17-0
571,LUSVEC__ligand5595-0
572,LUSVEC__ligand4101-0
573,LUSVEC__ligand506-0
574,LUSVEC__ligand16956-0
575,LUSVEC__ligand21339-0
576,LUSVEC__ligand14226-0
577,LUSVEC__ligand20942-1
578,LUSVEC__ligand18158-0
579,LUSVEC__ligand3120-0
580,LUSVEC__ligand3926-0
581,LUSVEC__ligand4358-0
582,LUSVEC__ligand27771-0
583,LUSVEC__ligand2221-0
584,LUSVEC__ligand29565-0
585,LUSVEC__ligand23682-0
586,LUSVEC__ligand2259-0
587,LUSVEC__ligand18019-1
588,LUSVEC__ligand1296-0
589,LUSVEC__ligand14007-0
590,LUSVEC__ligand5099-0
591,LUSVEC__ligand8592-0
592,LUSVEC__ligand1197-0
593,LUSVEC__ligand1376-0
594,LUSVEC__ligand5510-0
595,LUSVEC__ligand9773-0
596,LUSVEC__ligand152-0
597,LUSVEC__ligand27550-0
598,LUSVEC__ligand5304-0
599,LUSVEC__ligand11544-0
600,LUSVEC__ligand11501-0
601,LUSVEC__ligand447-0
602,LUSVEC__ligand9167-0
603,LUSVEC__ligand29214-0
604,LUSVEC__ligand2238-0
605,LUSVEC__ligand746-0
606,LUSVEC__ligand11758-0
607,LUSVEC__ligand22357-0
608,LUSVEC__ligand176-0
609,LUSVEC__ligand1317-0
610,LUSVEC__ligand3867-0
611,LUSVEC__ligand2822-0
612,LUSVEC__ligand21448-0
613,LUSVEC__ligand7293-0
614,LUSVEC__ligand1407-0
615,LUSVEC__ligand6117-0
616,LUSVEC__ligand5509-0
617,LUSVEC__ligand11798-0
618,LUSVEC__ligand8002-0
619,LUSVEC__ligand29334-0
620,LUSVEC__ligand12413-0
621,LUSVEC__ligand20731-0
622,LUSVEC__ligand487-0
623,LUSVEC__ligand17445-0
624,LUSVEC__ligand17069-0
625,LUSVEC__ligand7762-0
626,LUSVEC__ligand5080-0
627,LUSVEC__ligand14477-0
628,LUSVEC__ligand3416-0
629,LUSVEC__ligand3453-0
630,LUSVEC__ligand15926-0
631,LUSVEC__ligand55-0
632,LUSVEC__ligand294-0
633,LUSVEC__ligand10828-0
634,LUSVEC__ligand19792-0
635,LUSVEC__ligand11096-0
636,LUSVEC__ligand11447-0
637,LUSVEC__ligand4207-0
638,LUSVEC__ligand28810-0
639,LUSVEC__ligand24230-0
640,LUSVEC__ligand1539-0
641,LUSVEC__ligand15883-0
642,LUSVEC__ligand11970-0
643,LUSVEC__ligand1150-0
644,LUSVEC__ligand4063-0
645,LUSVEC__ligand21919-0
646,LUSVEC__ligand7438-0
647,LUSVEC__ligand8200-0
648,LUSVEC__ligand28930-0
649,LUSVEC__ligand22168-0
650,LUSVEC__ligand22294-0
651,LUSVEC__ligand421-0
652,LUSVEC__ligand685-0
653,LUSVEC__ligand15531-0
654,LUSVEC__ligand3042-0
655,LUSVEC__ligand28743-0
656,LUSVEC__ligand11357-0
657,LUSVEC__ligand13862-0
658,LUSVEC__ligand10056-0
659,LUSVEC__ligand68-0
660,LUSVEC__ligand12365-0
661,LUSVEC__ligand31842-0
662,LUSVEC__ligand31044-0
663,LUSVEC__ligand11994-0
664,LUSVEC__ligand7075-0
665,LUSVEC__ligand24035-0
666,LUSVEC__ligand1149-0
667,LUSVEC__ligand3557-0
668,LUSVEC__ligand3980-0
669,LUSVEC__ligand1817-0
670,LUSVEC__ligand6993-0
671,LUSVEC__ligand14614-0
672,LUSVEC__ligand134-0
673,LUSVEC__ligand1779-0
674,LUSVEC__ligand16663-0
675,LUSVEC__ligand235-0
676,LUSVEC__ligand9750-0
677,LUSVEC__ligand560-0
678,LUSVEC__ligand9491-0
679,LUSVEC__ligand1400-0
680,LUSVEC__ligand4266-0
681,LUSVEC__ligand25913-0
682,LUSVEC__ligand34-0
683,LUSVEC__ligand16988-0
684,LUSVEC__ligand4167-0
685,LUSVEC__ligand1288-0
686,LUSVEC__ligand11682-0
687,LUSVEC__ligand30711-0
688,LUSVEC__ligand20207-0
689,LUSVEC__ligand7213-0
690,LUSVEC__ligand18448-0
691,LUSVEC__ligand1397-0
692,LUSVEC__ligand12453-0
693,LUSVEC__ligand28459-0
694,LUSVEC__ligand1828-0
695,LUSVEC__ligand6112-0
696,LUSVEC__ligand8042-0
697,LUSVEC__ligand783-0
698,LUSVEC__ligand352-0
699,LUSVEC__ligand5085-0
700,LUSVEC__ligand3144-0
701,LUSVEC__ligand19184-0
702,LUSVEC__ligand5755-0
703,LUSVEC__ligand4710-0
704,LUSVEC__ligand28685-0
705,LUSVEC__ligand18568-0
706,LUSVEC__ligand868-0
707,LUSVEC__ligand1908-0
708,LUSVEC__ligand3285-0
709,LUSVEC__ligand4795-0
710,LUSVEC__ligand13672-0
711,LUSVEC__ligand1786-0
712,LUSVEC__ligand10371-0
713,LUSVEC__ligand5630-0
714,LUSVEC__ligand23197-0
715,LUSVEC__ligand1831-0
716,LUSVEC__ligand5614-0
717,LUSVEC__ligand5280-0
718,LUSVEC__ligand6663-0
719,LUSVEC__ligand5515-0
720,LUSVEC__ligand29029-0
721,LUSVEC__ligand27285-0
722,LUSVEC__ligand197-0
723,LUSVEC__ligand30142-0
724,LUSVEC__ligand27669-0
725,LUSVEC__ligand57-0
726,LUSVEC__ligand1849-0
727,LUSVEC__ligand13477-0
728,LUSVEC__ligand14167-0
729,LUSVEC__ligand3261-0
730,LUSVEC__ligand1152-0
731,LUSVEC__ligand5019-0
732,LUSVEC__ligand1216-0
733,LUSVEC__ligand2001-0
734,LUSVEC__ligand252-0
735,LUSVEC__ligand27239-0
736,LUSVEC__ligand21729-0
737,LUSVEC__ligand7566-0
738,LUSVEC__ligand116-0
739,LUSVEC__ligand26324-0
740,LUSVEC__ligand28559-0
741,LUSVEC__ligand14043-0
742,LUSVEC__ligand8593-0
743,LUSVEC__ligand19927-0
744,LUSVEC__ligand9944-0
745,LUSVEC__ligand372-0
746,LUSVEC__ligand1113-0
747,LUSVEC__ligand830-0
748,LUSVEC__ligand8553-0
749,LUSVEC__ligand11618-0
750,LUSVEC__ligand16-0
751,LUSVEC__ligand26529-0
752,LUSVEC__ligand193-0
753,LUSVEC__ligand5201-0
754,LUSVEC__ligand16369-0
755,LUSVEC__ligand11111-0
756,LUSVEC__ligand28540-0
757,LUSVEC__ligand20695-0
758,LUSVEC__ligand27754-0
759,LUSVEC__ligand5415-0
760,LUSVEC__ligand4124-0
761,LUSVEC__ligand4161-0
762,LUSVEC__ligand3471-0
763,LUSVEC__ligand909-0
764,LUSVEC__ligand22403-0
765,LUSVEC__ligand32-0
766,LUSVEC__ligand177-0
767,LUSVEC__ligand6995-0
768,LUSVEC__ligand10872-0
769,LUSVEC__ligand21399-0
770,LUSVEC__ligand16148-0
771,LUSVEC__ligand26631-0
772,LUSVEC__ligand12003-0
773,LUSVEC__ligand2823-0
774,LUSVEC__ligand4340-0
775,LUSVEC__ligand2650-0
776,LUSVEC__ligand2281-0
777,LUSVEC__ligand3180-0
778,LUSVEC__ligand29215-0
779,LUSVEC__ligand12001-0
780,LUSVEC__ligand188-0
781,LUSVEC__ligand2027-0
782,LUSVEC__ligand1050-0
783,LUSVEC__ligand48-0
784,LUSVEC__ligand1015-0
785,LUSVEC__ligand10033-0
786,LUSVEC__ligand24644-0
787,LUSVEC__ligand24872-0
788,LUSVEC__ligand27840-0
789,LUSVEC__ligand30728-0
790,LUSVEC__ligand479-0
791,LUSVEC__ligand17396-0
792,LUSVEC__ligand311-0
793,LUSVEC__ligand785-0
794,LUSVEC__ligand15788-0
795,LUSVEC__ligand23175-0
796,LUSVEC__ligand2692-0
797,LUSVEC__ligand13220-0
798,LUSVEC__ligand11587-0
799,LUSVEC__ligand1618-0
800,LUSVEC__ligand1028-0
801,LUSVEC__ligand620-0
802,LUSVEC__ligand22444-0
803,LUSVEC__ligand24111-0
804,LUSVEC__ligand370-1
805,LUSVEC__ligand564-0
806,LUSVEC__ligand14569-0
807,LUSVEC__ligand13385-0
808,LUSVEC__ligand4262-0
809,LUSVEC__ligand17427-0
810,LUSVEC__ligand1154-0
811,LUSVEC__ligand9615-0
812,LUSVEC__ligand370-0
813,LUSVEC__ligand29486-0
814,LUSVEC__ligand8-0
815,LUSVEC__ligand4596-0
816,LUSVEC__ligand51-0
817,LUSVEC__ligand1498-0
818,LUSVEC__ligand31694-0
819,LUSVEC__ligand250-0
820,LUSVEC__ligand91-0
821,LUSVEC__ligand25561-0
822,LUSVEC__ligand22129-0
823,LUSVEC__ligand24780-0
824,LUSVEC__ligand12138-0
825,LUSVEC__ligand8529-0
826,LUSVEC__ligand11949-0
827,LUSVEC__ligand1169-0
