,TMC
0,THOCCR__ligand8042-0
1,THOCCR__ligand6112-0
2,THOCCR__ligand31000-0
3,THOCCR__ligand1828-0
4,THOCCR__ligand11606-0
5,THOCCR__ligand1397-0
6,THOCCR__ligand7213-0
7,THOCCR__ligand4710-0
8,THOCCR__ligand5755-0
9,THOCCR__ligand20821-0
10,THOCCR__ligand3144-0
11,THOCCR__ligand26673-0
12,THOCCR__ligand177-0
13,THOCCR__ligand5085-0
14,THOCCR__ligand909-0
15,THOCCR__ligand18067-0
16,THOCCR__ligand19824-0
17,THOCCR__ligand3285-0
18,THOCCR__ligand4795-0
19,THOCCR__ligand1908-0
20,THOCCR__ligand5630-0
21,THOCCR__ligand13260-0
22,THOCCR__ligand10582-0
23,THOCCR__ligand1786-0
24,THOCCR__ligand11252-0
25,THOCCR__ligand193-0
26,THOCCR__ligand31205-0
27,THOCCR__ligand25658-0
28,THOCCR__ligand17686-0
29,THOCCR__ligand15455-0
30,THOCCR__ligand830-0
31,THOCCR__ligand5515-0
32,THOCCR__ligand6663-0
33,THOCCR__ligand11177-0
34,THOCCR__ligand4-0
35,THOCCR__ligand5280-0
36,THOCCR__ligand372-0
37,THOCCR__ligand5614-0
38,THOCCR__ligand1831-0
39,THOCCR__ligand11622-0
40,THOCCR__ligand1849-0
41,THOCCR__ligand16870-0
42,THOCCR__ligand16603-0
43,THOCCR__ligand1216-0
44,THOCCR__ligand116-0
45,THOCCR__ligand5019-0
46,THOCCR__ligand11814-0
47,THOCCR__ligand1152-0
48,THOCCR__ligand3261-0
49,THOCCR__ligand252-0
50,THOCCR__ligand14302-0
51,THOCCR__ligand13657-0
52,THOCCR__ligand14347-0
53,THOCCR__ligand11698-0
54,THOCCR__ligand4207-0
55,THOCCR__ligand20530-0
56,THOCCR__ligand24851-0
57,THOCCR__ligand3453-0
58,THOCCR__ligand3416-0
59,THOCCR__ligand1150-0
60,THOCCR__ligand19-0
61,THOCCR__ligand250-0
62,THOCCR__ligand10853-0
63,THOCCR__ligand29441-0
64,THOCCR__ligand11479-0
65,THOCCR__ligand27610-0
66,THOCCR__ligand10479-0
67,THOCCR__ligand1539-0
68,THOCCR__ligand16952-0
69,THOCCR__ligand29813-0
70,THOCCR__ligand24-0
71,THOCCR__ligand7438-0
72,THOCCR__ligand8200-0
73,THOCCR__ligand4063-0
74,THOCCR__ligand370-0
75,THOCCR__ligand20121-0
76,THOCCR__ligand15387-0
77,THOCCR__ligand20220-0
78,THOCCR__ligand3042-0
79,THOCCR__ligand564-0
80,THOCCR__ligand3980-0
81,THOCCR__ligand3557-0
82,THOCCR__ligand45-0
83,THOCCR__ligand1149-0
84,THOCCR__ligand620-0
85,THOCCR__ligand7075-0
86,THOCCR__ligand370-1
87,THOCCR__ligand9750-0
88,THOCCR__ligand1779-0
89,THOCCR__ligand10151-0
90,THOCCR__ligand479-0
91,THOCCR__ligand785-0
92,THOCCR__ligand311-0
93,THOCCR__ligand6993-0
94,THOCCR__ligand1817-0
95,THOCCR__ligand4167-0
96,THOCCR__ligand4266-0
97,THOCCR__ligand1400-0
98,THOCCR__ligand19906-0
99,THOCCR__ligand9491-0
100,THOCCR__ligand19668-0
101,THOCCR__ligand188-0
102,THOCCR__ligand1288-0
103,THOCCR__ligand78-0
104,THOCCR__ligand22353-0
105,THOCCR__ligand17445-0
106,THOCCR__ligand1015-0
107,THOCCR__ligand1050-0
108,THOCCR__ligand14477-0
109,THOCCR__ligand2027-0
110,THOCCR__ligand17069-0
111,THOCCR__ligand11798-0
112,THOCCR__ligand20731-0
113,THOCCR__ligand560-0
114,THOCCR__ligand29334-0
115,THOCCR__ligand12413-0
116,THOCCR__ligand1618-0
117,THOCCR__ligand11758-0
118,THOCCR__ligand22357-0
119,THOCCR__ligand235-0
120,THOCCR__ligand2692-0
121,THOCCR__ligand21448-0
122,THOCCR__ligand134-0
123,THOCCR__ligand4262-0
124,THOCCR__ligand11544-0
125,THOCCR__ligand11501-0
126,THOCCR__ligand29214-0
127,THOCCR__ligand1028-0
128,THOCCR__ligand9615-0
129,THOCCR__ligand1154-0
130,THOCCR__ligand685-0
131,THOCCR__ligand27550-0
132,THOCCR__ligand1498-0
133,THOCCR__ligand14007-0
134,THOCCR__ligand4596-0
135,THOCCR__ligand18019-1
136,THOCCR__ligand421-0
137,THOCCR__ligand27771-0
138,THOCCR__ligand18158-0
139,THOCCR__ligand23682-0
140,THOCCR__ligand29565-0
141,THOCCR__ligand1169-0
142,THOCCR__ligand8529-0
143,THOCCR__ligand16956-0
144,THOCCR__ligand14226-0
145,THOCCR__ligand21339-0
146,THOCCR__ligand20942-1
147,THOCCR__ligand294-0
148,THOCCR__ligand13691-0
149,THOCCR__ligand30788-0
150,THOCCR__ligand7566-0
151,THOCCR__ligand2001-0
152,THOCCR__ligand14339-0
153,THOCCR__ligand9944-0
154,THOCCR__ligand8593-0
155,THOCCR__ligand197-0
156,THOCCR__ligand21752-0
157,THOCCR__ligand67-0
158,THOCCR__ligand8553-0
159,THOCCR__ligand1113-0
160,THOCCR__ligand24624-0
161,THOCCR__ligand20844-0
162,THOCCR__ligand18413-0
163,THOCCR__ligand24560-0
164,THOCCR__ligand18757-0
165,THOCCR__ligand5201-0
166,THOCCR__ligand5415-0
167,THOCCR__ligand4161-0
168,THOCCR__ligand3471-0
169,THOCCR__ligand4124-0
170,THOCCR__ligand868-0
171,THOCCR__ligand20557-0
172,THOCCR__ligand30004-0
173,THOCCR__ligand2823-0
174,THOCCR__ligand783-0
175,THOCCR__ligand352-0
176,THOCCR__ligand6995-0
177,THOCCR__ligand21940-0
178,THOCCR__ligand25048-0
179,THOCCR__ligand43-0
180,THOCCR__ligand23445-0
181,THOCCR__ligand24953-0
182,THOCCR__ligand3180-0
183,THOCCR__ligand13755-0
184,THOCCR__ligand16133-0
185,THOCCR__ligand27122-0
186,THOCCR__ligand20432-0
187,THOCCR__ligand2650-0
188,THOCCR__ligand2281-0
189,THOCCR__ligand4340-0
190,THOCCR__ligand8788-0
191,THOCCR__ligand1832-0
192,THOCCR__ligand833-0
193,THOCCR__ligand2043-0
194,THOCCR__ligand1228-0
195,THOCCR__ligand9943-0
196,THOCCR__ligand27669-0
197,THOCCR__ligand30142-0
198,THOCCR__ligand14167-0
199,THOCCR__ligand13477-0
200,THOCCR__ligand1604-0
201,THOCCR__ligand1114-0
202,THOCCR__ligand18-0
203,THOCCR__ligand29029-0
204,THOCCR__ligand6391-0
205,THOCCR__ligand3126-0
206,THOCCR__ligand27285-0
207,THOCCR__ligand115-0
208,THOCCR__ligand9284-0
209,THOCCR__ligand23197-0
210,THOCCR__ligand2417-0
211,THOCCR__ligand10371-0
212,THOCCR__ligand1289-0
213,THOCCR__ligand5387-0
214,THOCCR__ligand2203-0
215,THOCCR__ligand28685-0
216,THOCCR__ligand368-0
217,THOCCR__ligand18568-0
218,THOCCR__ligand395-0
219,THOCCR__ligand13672-0
220,THOCCR__ligand9450-0
221,THOCCR__ligand784-0
222,THOCCR__ligand19184-0
223,THOCCR__ligand28459-0
224,THOCCR__ligand1599-0
225,THOCCR__ligand18448-0
226,THOCCR__ligand12453-0
227,THOCCR__ligand2612-0
228,THOCCR__ligand7196-0
229,THOCCR__ligand5159-0
230,THOCCR__ligand30711-0
231,THOCCR__ligand20207-0
232,THOCCR__ligand5530-0
233,THOCCR__ligand487-0
234,THOCCR__ligand1787-0
235,THOCCR__ligand1356-0
236,THOCCR__ligand11682-0
237,THOCCR__ligand9753-0
238,THOCCR__ligand3178-0
239,THOCCR__ligand25913-0
240,THOCCR__ligand4807-0
241,THOCCR__ligand16988-0
242,THOCCR__ligand3244-0
243,THOCCR__ligand4711-0
244,THOCCR__ligand14614-0
245,THOCCR__ligand2906-0
246,THOCCR__ligand176-0
247,THOCCR__ligand16663-0
248,THOCCR__ligand11994-0
249,THOCCR__ligand31842-0
250,THOCCR__ligand31044-0
251,THOCCR__ligand746-0
252,THOCCR__ligand5649-0
253,THOCCR__ligand2788-0
254,THOCCR__ligand8793-0
255,THOCCR__ligand4649-0
256,THOCCR__ligand24035-0
257,THOCCR__ligand447-0
258,THOCCR__ligand15531-0
259,THOCCR__ligand28743-0
260,THOCCR__ligand8612-0
261,THOCCR__ligand13862-0
262,THOCCR__ligand11357-0
263,THOCCR__ligand152-0
264,THOCCR__ligand2124-0
265,THOCCR__ligand10056-0
266,THOCCR__ligand12365-0
267,THOCCR__ligand1116-0
268,THOCCR__ligand3225-0
269,THOCCR__ligand1153-0
270,THOCCR__ligand2260-0
271,THOCCR__ligand7092-0
272,THOCCR__ligand7273-0
273,THOCCR__ligand9323-0
274,THOCCR__ligand21919-0
275,THOCCR__ligand7172-0
276,THOCCR__ligand22294-0
277,THOCCR__ligand28930-0
278,THOCCR__ligand22168-0
279,THOCCR__ligand15883-0
280,THOCCR__ligand5180-0
281,THOCCR__ligand11970-0
282,THOCCR__ligand7316-0
283,THOCCR__ligand506-0
284,THOCCR__ligand10828-0
285,THOCCR__ligand19792-0
286,THOCCR__ligand5708-0
287,THOCCR__ligand15926-0
288,THOCCR__ligand6017-0
289,THOCCR__ligand24230-0
290,THOCCR__ligand11447-0
291,THOCCR__ligand11096-0
292,THOCCR__ligand28810-0
293,THOCCR__ligand24780-0
294,THOCCR__ligand12138-0
295,THOCCR__ligand22129-0
296,THOCCR__ligand4101-0
297,THOCCR__ligand11949-0
298,THOCCR__ligand422-0
299,THOCCR__ligand5595-0
300,THOCCR__ligand686-0
301,THOCCR__ligand2221-0
302,THOCCR__ligand4358-0
303,THOCCR__ligand3926-0
304,THOCCR__ligand3120-0
305,THOCCR__ligand25561-0
306,THOCCR__ligand1197-0
307,THOCCR__ligand29486-0
308,THOCCR__ligand8592-0
309,THOCCR__ligand5099-0
310,THOCCR__ligand196-0
311,THOCCR__ligand31694-0
312,THOCCR__ligand1296-0
313,THOCCR__ligand66-0
314,THOCCR__ligand2259-0
315,THOCCR__ligand1-0
316,THOCCR__ligand17427-0
317,THOCCR__ligand9773-0
318,THOCCR__ligand5510-0
319,THOCCR__ligand1376-0
320,THOCCR__ligand42-0
321,THOCCR__ligand2238-0
322,THOCCR__ligand22444-0
323,THOCCR__ligand24111-0
324,THOCCR__ligand9167-0
325,THOCCR__ligand13385-0
326,THOCCR__ligand5304-0
327,THOCCR__ligand14569-0
328,THOCCR__ligand7293-0
329,THOCCR__ligand2822-0
330,THOCCR__ligand15788-0
331,THOCCR__ligand23175-0
332,THOCCR__ligand3867-0
333,THOCCR__ligand1317-0
334,THOCCR__ligand17396-0
335,THOCCR__ligand353-0
336,THOCCR__ligand11587-0
337,THOCCR__ligand13220-0
338,THOCCR__ligand24872-0
339,THOCCR__ligand8002-0
340,THOCCR__ligand5509-0
341,THOCCR__ligand30728-0
342,THOCCR__ligand1407-0
343,THOCCR__ligand6117-0
344,THOCCR__ligand27840-0
345,THOCCR__ligand393-0
346,THOCCR__ligand5080-0
347,THOCCR__ligand7762-0
348,THOCCR__ligand12001-0
349,THOCCR__ligand24644-0
350,THOCCR__ligand10033-0
351,THOCCR__ligand3736-0
352,THOCCR__ligand391-0
353,THOCCR__ligand8000-0
354,THOCCR__ligand9344-0
355,THOCCR__ligand29215-0
356,THOCCR__ligand10872-0
357,THOCCR__ligand21399-0
358,THOCCR__ligand38-0
359,THOCCR__ligand5383-0
360,THOCCR__ligand2693-0
361,THOCCR__ligand618-0
362,THOCCR__ligand12003-0
363,THOCCR__ligand26631-0
364,THOCCR__ligand3945-0
365,THOCCR__ligand16148-0
366,THOCCR__ligand9299-0
367,THOCCR__ligand22403-0
368,THOCCR__ligand2985-0
369,THOCCR__ligand4007-0
370,THOCCR__ligand3677-1
371,THOCCR__ligand11111-0
372,THOCCR__ligand9883-0
373,THOCCR__ligand28540-0
374,THOCCR__ligand314-0
375,THOCCR__ligand780-0
376,THOCCR__ligand16369-0
377,THOCCR__ligand7291-0
378,THOCCR__ligand813-0
379,THOCCR__ligand27754-0
380,THOCCR__ligand20695-0
381,THOCCR__ligand26529-0
382,THOCCR__ligand1168-0
383,THOCCR__ligand1294-0
384,THOCCR__ligand314-1
385,THOCCR__ligand3677-0
386,THOCCR__ligand3632-0
387,THOCCR__ligand11618-0
388,THOCCR__ligand6699-0
389,THOCCR__ligand3-0
390,THOCCR__ligand14043-0
391,THOCCR__ligand1499-0
392,THOCCR__ligand26324-0
393,THOCCR__ligand2881-0
394,THOCCR__ligand28559-0
395,THOCCR__ligand465-0
396,THOCCR__ligand19927-0
397,THOCCR__ligand1464-0
398,THOCCR__ligand3712-0
399,THOCCR__ligand1211-0
400,THOCCR__ligand6892-0
401,THOCCR__ligand27239-0
402,THOCCR__ligand21729-0
403,THOCCR__ligand9441-0
404,THOCCR__ligand21581-0
405,THOCCR__ligand31097-0
406,THOCCR__ligand2332-0
407,THOCCR__ligand20539-0
408,THOCCR__ligand768-0
409,THOCCR__ligand20251-0
410,THOCCR__ligand30702-0
411,THOCCR__ligand20214-0
412,THOCCR__ligand1575-0
413,THOCCR__ligand1530-0
414,THOCCR__ligand9933-0
415,THOCCR__ligand1631-0
416,THOCCR__ligand17261-0
417,THOCCR__ligand55-0
418,THOCCR__ligand14117-0
419,THOCCR__ligand28789-0
420,THOCCR__ligand68-0
421,THOCCR__ligand20419-0
422,THOCCR__ligand17118-0
423,THOCCR__ligand2915-0
424,THOCCR__ligand21371-0
425,THOCCR__ligand3156-0
426,THOCCR__ligand384-0
427,THOCCR__ligand30851-0
428,THOCCR__ligand14889-0
429,THOCCR__ligand1378-0
430,THOCCR__ligand29568-0
431,THOCCR__ligand6244-0
432,THOCCR__ligand141-0
433,THOCCR__ligand9601-0
434,THOCCR__ligand20011-0
435,THOCCR__ligand17278-0
436,THOCCR__ligand240-0
437,THOCCR__ligand29414-0
438,THOCCR__ligand8992-0
439,THOCCR__ligand17982-0
440,THOCCR__ligand11675-0
441,THOCCR__ligand1018-0
442,THOCCR__ligand20598-0
443,THOCCR__ligand10589-0
444,THOCCR__ligand22557-0
445,THOCCR__ligand4116-0
446,THOCCR__ligand24047-0
447,THOCCR__ligand7967-0
448,THOCCR__ligand17398-0
449,THOCCR__ligand6124-0
450,THOCCR__ligand3707-0
451,THOCCR__ligand1324-0
452,THOCCR__ligand8721-0
453,THOCCR__ligand1823-0
454,THOCCR__ligand5643-0
455,THOCCR__ligand16475-0
456,THOCCR__ligand14703-0
457,THOCCR__ligand20251-1
458,THOCCR__ligand34-0
459,THOCCR__ligand1615-0
460,THOCCR__ligand2526-0
461,THOCCR__ligand5036-0
462,THOCCR__ligand9952-0
463,THOCCR__ligand9111-0
464,THOCCR__ligand4641-0
465,THOCCR__ligand25411-0
466,THOCCR__ligand11456-0
467,THOCCR__ligand10712-0
468,THOCCR__ligand14174-0
469,THOCCR__ligand13331-0
470,THOCCR__ligand28884-0
471,THOCCR__ligand693-0
472,THOCCR__ligand1142-0
473,THOCCR__ligand3234-0
474,THOCCR__ligand12030-0
475,THOCCR__ligand29879-0
476,THOCCR__ligand14248-0
477,THOCCR__ligand7126-0
478,THOCCR__ligand31832-0
479,THOCCR__ligand13294-0
480,THOCCR__ligand8835-0
481,THOCCR__ligand2028-0
482,THOCCR__ligand122-0
483,THOCCR__ligand2917-0
484,THOCCR__ligand7819-0
485,THOCCR__ligand3465-0
486,THOCCR__ligand13208-0
487,THOCCR__ligand757-0
488,THOCCR__ligand27482-0
489,THOCCR__ligand26810-0
490,THOCCR__ligand6102-0
491,THOCCR__ligand6596-0
492,THOCCR__ligand3721-0
493,THOCCR__ligand6904-0
494,THOCCR__ligand20682-0
495,THOCCR__ligand4620-0
496,THOCCR__ligand57-0
497,THOCCR__ligand13390-0
498,THOCCR__ligand1577-0
499,THOCCR__ligand6067-0
500,THOCCR__ligand2295-0
501,THOCCR__ligand17805-0
502,THOCCR__ligand7106-0
503,THOCCR__ligand17302-0
504,THOCCR__ligand7242-0
505,THOCCR__ligand25178-0
506,THOCCR__ligand126-0
507,THOCCR__ligand163-0
508,THOCCR__ligand24185-0
509,THOCCR__ligand9908-0
510,THOCCR__ligand1263-0
511,THOCCR__ligand23769-0
512,THOCCR__ligand10476-0
513,THOCCR__ligand9935-0
514,THOCCR__ligand19830-0
515,THOCCR__ligand1573-0
516,THOCCR__ligand1536-0
517,THOCCR__ligand13068-0
518,THOCCR__ligand15585-0
519,THOCCR__ligand12401-0
520,THOCCR__ligand16-0
521,THOCCR__ligand1959-0
522,THOCCR__ligand3504-0
523,THOCCR__ligand24145-0
524,THOCCR__ligand1844-0
525,THOCCR__ligand4661-0
526,THOCCR__ligand12231-0
527,THOCCR__ligand6616-0
528,THOCCR__ligand13658-0
529,THOCCR__ligand3876-0
530,THOCCR__ligand1343-0
531,THOCCR__ligand26702-0
532,THOCCR__ligand3035-0
533,THOCCR__ligand12289-0
534,THOCCR__ligand18292-0
535,THOCCR__ligand845-0
536,THOCCR__ligand17387-0
537,THOCCR__ligand12130-0
538,THOCCR__ligand3718-0
539,THOCCR__ligand3565-0
540,THOCCR__ligand187-0
541,THOCCR__ligand32-0
542,THOCCR__ligand29302-0
543,THOCCR__ligand13425-0
544,THOCCR__ligand19057-0
545,THOCCR__ligand1512-0
546,THOCCR__ligand5331-0
547,THOCCR__ligand18814-0
548,THOCCR__ligand657-0
549,THOCCR__ligand10262-0
550,THOCCR__ligand28676-0
551,THOCCR__ligand6919-0
552,THOCCR__ligand3852-0
553,THOCCR__ligand27763-0
554,THOCCR__ligand2485-0
555,THOCCR__ligand366-0
556,THOCCR__ligand10958-0
557,THOCCR__ligand4155-0
558,THOCCR__ligand3094-0
559,THOCCR__ligand777-0
560,THOCCR__ligand5211-0
561,THOCCR__ligand12641-0
562,THOCCR__ligand6839-0
563,THOCCR__ligand941-0
564,THOCCR__ligand596-0
565,THOCCR__ligand8969-0
566,THOCCR__ligand3131-0
567,THOCCR__ligand3174-0
568,THOCCR__ligand1202-0
569,THOCCR__ligand3937-0
570,THOCCR__ligand14108-0
571,THOCCR__ligand4720-0
572,THOCCR__ligand9833-0
573,THOCCR__ligand12606-0
574,THOCCR__ligand7648-0
575,THOCCR__ligand8876-0
576,THOCCR__ligand2828-0
577,THOCCR__ligand5256-0
578,THOCCR__ligand30333-0
579,THOCCR__ligand4157-0
580,THOCCR__ligand201-0
581,THOCCR__ligand2232-0
582,THOCCR__ligand48-0
583,THOCCR__ligand26540-0
584,THOCCR__ligand29410-0
585,THOCCR__ligand12337-0
586,THOCCR__ligand2176-0
587,THOCCR__ligand30296-0
588,THOCCR__ligand9291-0
589,THOCCR__ligand17281-0
590,THOCCR__ligand8115-0
591,THOCCR__ligand178-0
592,THOCCR__ligand6768-0
593,THOCCR__ligand1982-0
594,THOCCR__ligand16628-0
595,THOCCR__ligand7000-0
596,THOCCR__ligand279-0
597,THOCCR__ligand12427-0
598,THOCCR__ligand1285-0
599,THOCCR__ligand185-0
600,THOCCR__ligand28468-0
601,THOCCR__ligand20740-0
602,THOCCR__ligand27460-0
603,THOCCR__ligand321-0
604,THOCCR__ligand4546-0
605,THOCCR__ligand4503-0
606,THOCCR__ligand4016-0
607,THOCCR__ligand30988-0
608,THOCCR__ligand51-0
609,THOCCR__ligand23713-0
610,THOCCR__ligand18832-0
611,THOCCR__ligand7867-0
612,THOCCR__ligand27175-0
613,THOCCR__ligand1219-0
614,THOCCR__ligand6709-0
615,THOCCR__ligand15422-0
616,THOCCR__ligand12934-0
617,THOCCR__ligand20578-0
618,THOCCR__ligand1304-0
619,THOCCR__ligand1790-0
620,THOCCR__ligand19641-0
621,THOCCR__ligand7280-0
622,THOCCR__ligand7238-0
623,THOCCR__ligand14723-0
624,THOCCR__ligand27893-0
625,THOCCR__ligand31783-0
626,THOCCR__ligand9784-0
627,THOCCR__ligand338-0
628,THOCCR__ligand4272-0
629,THOCCR__ligand1451-0
630,THOCCR__ligand7629-0
631,THOCCR__ligand13012-0
632,THOCCR__ligand91-0
633,THOCCR__ligand17631-0
634,THOCCR__ligand3954-0
635,THOCCR__ligand4093-0
636,THOCCR__ligand26665-0
637,THOCCR__ligand4442-0
638,THOCCR__ligand14297-0
639,THOCCR__ligand9520-0
640,THOCCR__ligand14603-0
641,THOCCR__ligand8699-0
642,THOCCR__ligand17258-0
643,THOCCR__ligand1160-0
644,THOCCR__ligand7162-0
645,THOCCR__ligand27835-0
646,THOCCR__ligand3029-0
647,THOCCR__ligand12295-0
648,THOCCR__ligand436-0
649,THOCCR__ligand1773-0
650,THOCCR__ligand4581-0
651,THOCCR__ligand2328-0
652,THOCCR__ligand9197-0
653,THOCCR__ligand692-0
654,THOCCR__ligand1900-0
655,THOCCR__ligand25689-0
656,THOCCR__ligand25575-0
657,THOCCR__ligand21787-0
658,THOCCR__ligand2208-0
659,THOCCR__ligand30539-0
660,THOCCR__ligand3208-0
661,THOCCR__ligand11166-0
662,THOCCR__ligand21132-0
663,THOCCR__ligand3350-0
664,THOCCR__ligand326-0
665,THOCCR__ligand7573-0
666,THOCCR__ligand2781-0
667,THOCCR__ligand8722-0
668,THOCCR__ligand9809-0
669,THOCCR__ligand23906-0
670,THOCCR__ligand6672-0
671,THOCCR__ligand1327-0
672,THOCCR__ligand1533-0
673,THOCCR__ligand633-0
674,THOCCR__ligand23124-0
675,THOCCR__ligand497-0
676,THOCCR__ligand11206-0
677,THOCCR__ligand1496-0
678,THOCCR__ligand12519-0
679,THOCCR__ligand7557-0
680,THOCCR__ligand25735-0
681,THOCCR__ligand13209-0
682,THOCCR__ligand4131-0
683,THOCCR__ligand19257-0
684,THOCCR__ligand1712-0
685,THOCCR__ligand12660-0
686,THOCCR__ligand5094-0
687,THOCCR__ligand5892-0
688,THOCCR__ligand25650-0
689,THOCCR__ligand31248-0
690,THOCCR__ligand2722-0
691,THOCCR__ligand28668-0
692,THOCCR__ligand1379-0
693,THOCCR__ligand5935-0
694,THOCCR__ligand16791-0
695,THOCCR__ligand9525-0
696,THOCCR__ligand18799-0
697,THOCCR__ligand199-0
698,THOCCR__ligand18465-0
699,THOCCR__ligand1165-0
700,THOCCR__ligand69-0
701,THOCCR__ligand3157-0
702,THOCCR__ligand3647-0
703,THOCCR__ligand13869-0
704,THOCCR__ligand5357-0
705,THOCCR__ligand18074-0
706,THOCCR__ligand588-0
707,THOCCR__ligand29863-0
708,THOCCR__ligand1688-0
709,THOCCR__ligand4850-0
710,THOCCR__ligand5056-0
711,THOCCR__ligand11-0
712,THOCCR__ligand1768-0
713,THOCCR__ligand11140-0
714,THOCCR__ligand300-0
715,THOCCR__ligand1469-0
716,THOCCR__ligand29610-0
717,THOCCR__ligand3871-0
718,THOCCR__ligand12467-0
719,THOCCR__ligand2527-0
720,THOCCR__ligand10084-0
721,THOCCR__ligand25267-0
722,THOCCR__ligand23904-0
723,THOCCR__ligand21936-0
724,THOCCR__ligand8349-0
725,THOCCR__ligand324-0
726,THOCCR__ligand361-0
727,THOCCR__ligand409-0
728,THOCCR__ligand8464-0
729,THOCCR__ligand1709-0
730,THOCCR__ligand13257-0
731,THOCCR__ligand20599-0
732,THOCCR__ligand25805-0
733,THOCCR__ligand22981-0
734,THOCCR__ligand1771-0
735,THOCCR__ligand4911-0
736,THOCCR__ligand27074-0
737,THOCCR__ligand3392-0
738,THOCCR__ligand18391-0
739,THOCCR__ligand14523-0
740,THOCCR__ligand27169-0
741,THOCCR__ligand5849-0
742,THOCCR__ligand1065-0
743,THOCCR__ligand7530-0
744,THOCCR__ligand12682-0
745,THOCCR__ligand18699-0
746,THOCCR__ligand3012-0
747,THOCCR__ligand1449-0
748,THOCCR__ligand17590-0
749,THOCCR__ligand89-0
750,THOCCR__ligand4332-0
751,THOCCR__ligand17240-0
752,THOCCR__ligand9681-0
753,THOCCR__ligand694-0
754,THOCCR__ligand6882-0
755,THOCCR__ligand6455-0
756,THOCCR__ligand49-0
757,THOCCR__ligand12336-0
758,THOCCR__ligand3934-0
759,THOCCR__ligand13072-0
760,THOCCR__ligand488-0
761,THOCCR__ligand358-0
762,THOCCR__ligand2403-0
763,THOCCR__ligand430-0
764,THOCCR__ligand19725-0
765,THOCCR__ligand9148-0
766,THOCCR__ligand24613-0
767,THOCCR__ligand7529-0
768,THOCCR__ligand31483-0
769,THOCCR__ligand1415-0
770,THOCCR__ligand6946-0
771,THOCCR__ligand10555-0
772,THOCCR__ligand20579-0
773,THOCCR__ligand17710-0
774,THOCCR__ligand11568-0
775,THOCCR__ligand2830-0
776,THOCCR__ligand1729-0
777,THOCCR__ligand5627-0
778,THOCCR__ligand5483-0
779,THOCCR__ligand571-0
780,THOCCR__ligand534-0
781,THOCCR__ligand11774-0
782,THOCCR__ligand14586-0
783,THOCCR__ligand21421-0
784,THOCCR__ligand670-0
785,THOCCR__ligand5316-0
786,THOCCR__ligand6283-0
787,THOCCR__ligand10432-0
788,THOCCR__ligand31618-0
789,THOCCR__ligand11432-0
790,THOCCR__ligand6062-0
791,THOCCR__ligand22755-0
792,THOCCR__ligand4738-0
793,THOCCR__ligand17-0
794,THOCCR__ligand26277-0
795,THOCCR__ligand4813-0
796,THOCCR__ligand29898-0
797,THOCCR__ligand5813-0
798,THOCCR__ligand15168-0
799,THOCCR__ligand226-0
800,THOCCR__ligand3215-0
801,THOCCR__ligand162-0
802,THOCCR__ligand23589-0
803,THOCCR__ligand7107-0
804,THOCCR__ligand383-0
805,THOCCR__ligand416-0
806,THOCCR__ligand24064-0
807,THOCCR__ligand8-0
808,THOCCR__ligand18703-0
809,THOCCR__ligand3973-0
810,THOCCR__ligand29087-0
811,THOCCR__ligand696-0
812,THOCCR__ligand1147-0
813,THOCCR__ligand7925-0
814,THOCCR__ligand15438-0
815,THOCCR__ligand28924-0
816,THOCCR__ligand2068-0
817,THOCCR__ligand4194-0
818,THOCCR__ligand24750-0
819,THOCCR__ligand7532-0
820,THOCCR__ligand17207-0
821,THOCCR__ligand31578-0
822,THOCCR__ligand4330-0
823,THOCCR__ligand25224-0
824,THOCCR__ligand656-0
825,THOCCR__ligand18013-0
826,THOCCR__ligand2599-0
827,THOCCR__ligand17945-0
