,TMC
0,DIVVOW__ligand20251-1
1,DIVVOW__ligand409-0
2,DIVVOW__ligand14703-0
3,DIVVOW__ligand16475-0
4,DIVVOW__ligand2203-0
5,DIVVOW__ligand5387-0
6,DIVVOW__ligand361-0
7,DIVVOW__ligand1289-0
8,DIVVOW__ligand324-0
9,DIVVOW__ligand17398-0
10,DIVVOW__ligand2612-0
11,DIVVOW__ligand24047-0
12,DIVVOW__ligand1599-0
13,DIVVOW__ligand10589-0
14,DIVVOW__ligand22557-0
15,DIVVOW__ligand20598-0
16,DIVVOW__ligand11675-0
17,DIVVOW__ligand17982-0
18,DIVVOW__ligand29414-0
19,DIVVOW__ligand9450-0
20,DIVVOW__ligand20011-0
21,DIVVOW__ligand17278-0
22,DIVVOW__ligand17-0
23,DIVVOW__ligand1604-0
24,DIVVOW__ligand29568-0
25,DIVVOW__ligand14889-0
26,DIVVOW__ligand1228-0
27,DIVVOW__ligand9943-0
28,DIVVOW__ligand30851-0
29,DIVVOW__ligand21371-0
30,DIVVOW__ligand17118-0
31,DIVVOW__ligand2043-0
32,DIVVOW__ligand20419-0
33,DIVVOW__ligand28789-0
34,DIVVOW__ligand8788-0
35,DIVVOW__ligand199-0
36,DIVVOW__ligand1832-0
37,DIVVOW__ligand14117-0
38,DIVVOW__ligand17261-0
39,DIVVOW__ligand2417-0
40,DIVVOW__ligand588-0
41,DIVVOW__ligand30702-0
42,DIVVOW__ligand20214-0
43,DIVVOW__ligand20251-0
44,DIVVOW__ligand9284-0
45,DIVVOW__ligand6391-0
46,DIVVOW__ligand3126-0
47,DIVVOW__ligand20539-0
48,DIVVOW__ligand300-0
49,DIVVOW__ligand21581-0
50,DIVVOW__ligand31097-0
51,DIVVOW__ligand1114-0
52,DIVVOW__ligand633-0
53,DIVVOW__ligand49-0
54,DIVVOW__ligand13390-0
55,DIVVOW__ligand7172-0
56,DIVVOW__ligand9323-0
57,DIVVOW__ligand7273-0
58,DIVVOW__ligand1153-0
59,DIVVOW__ligand3225-0
60,DIVVOW__ligand1116-0
61,DIVVOW__ligand7092-0
62,DIVVOW__ligand2260-0
63,DIVVOW__ligand2124-0
64,DIVVOW__ligand8612-0
65,DIVVOW__ligand20682-0
66,DIVVOW__ligand497-0
67,DIVVOW__ligand26810-0
68,DIVVOW__ligand27482-0
69,DIVVOW__ligand6017-0
70,DIVVOW__ligand13208-0
71,DIVVOW__ligand5708-0
72,DIVVOW__ligand7316-0
73,DIVVOW__ligand89-0
74,DIVVOW__ligand5180-0
75,DIVVOW__ligand4807-0
76,DIVVOW__ligand436-0
77,DIVVOW__ligand13294-0
78,DIVVOW__ligand3178-0
79,DIVVOW__ligand31832-0
80,DIVVOW__ligand14248-0
81,DIVVOW__ligand9753-0
82,DIVVOW__ligand29879-0
83,DIVVOW__ligand12030-0
84,DIVVOW__ligand5530-0
85,DIVVOW__ligand1787-0
86,DIVVOW__ligand1356-0
87,DIVVOW__ligand692-0
88,DIVVOW__ligand5159-0
89,DIVVOW__ligand28884-0
90,DIVVOW__ligand7196-0
91,DIVVOW__ligand13331-0
92,DIVVOW__ligand14174-0
93,DIVVOW__ligand10712-0
94,DIVVOW__ligand8793-0
95,DIVVOW__ligand5649-0
96,DIVVOW__ligand2788-0
97,DIVVOW__ligand4649-0
98,DIVVOW__ligand11456-0
99,DIVVOW__ligand25411-0
100,DIVVOW__ligand2906-0
101,DIVVOW__ligand326-0
102,DIVVOW__ligand4711-0
103,DIVVOW__ligand3244-0
104,DIVVOW__ligand14108-0
105,DIVVOW__ligand696-0
106,DIVVOW__ligand11-0
107,DIVVOW__ligand2822-0
108,DIVVOW__ligand7293-0
109,DIVVOW__ligand1317-0
110,DIVVOW__ligand3867-0
111,DIVVOW__ligand5304-0
112,DIVVOW__ligand12641-0
113,DIVVOW__ligand4-0
114,DIVVOW__ligand9167-0
115,DIVVOW__ligand2238-0
116,DIVVOW__ligand10958-0
117,DIVVOW__ligand27763-0
118,DIVVOW__ligand7762-0
119,DIVVOW__ligand28676-0
120,DIVVOW__ligand5080-0
121,DIVVOW__ligand10262-0
122,DIVVOW__ligand6117-0
123,DIVVOW__ligand1407-0
124,DIVVOW__ligand69-0
125,DIVVOW__ligand5509-0
126,DIVVOW__ligand8002-0
127,DIVVOW__ligand18814-0
128,DIVVOW__ligand19057-0
129,DIVVOW__ligand656-0
130,DIVVOW__ligand29302-0
131,DIVVOW__ligand13425-0
132,DIVVOW__ligand3120-0
133,DIVVOW__ligand3926-0
134,DIVVOW__ligand17387-0
135,DIVVOW__ligand12130-0
136,DIVVOW__ligand18292-0
137,DIVVOW__ligand12289-0
138,DIVVOW__ligand4358-0
139,DIVVOW__ligand26702-0
140,DIVVOW__ligand13658-0
141,DIVVOW__ligand2221-0
142,DIVVOW__ligand12231-0
143,DIVVOW__ligand24145-0
144,DIVVOW__ligand4101-0
145,DIVVOW__ligand5595-0
146,DIVVOW__ligand12401-0
147,DIVVOW__ligand15585-0
148,DIVVOW__ligand13068-0
149,DIVVOW__ligand19830-0
150,DIVVOW__ligand10476-0
151,DIVVOW__ligand5510-0
152,DIVVOW__ligand23769-0
153,DIVVOW__ligand1376-0
154,DIVVOW__ligand9773-0
155,DIVVOW__ligand24185-0
156,DIVVOW__ligand162-0
157,DIVVOW__ligand25178-0
158,DIVVOW__ligand226-0
159,DIVVOW__ligand416-0
160,DIVVOW__ligand2259-0
161,DIVVOW__ligand17302-0
162,DIVVOW__ligand1296-0
163,DIVVOW__ligand383-0
164,DIVVOW__ligand5099-0
165,DIVVOW__ligand8592-0
166,DIVVOW__ligand17805-0
167,DIVVOW__ligand1197-0
168,DIVVOW__ligand6699-0
169,DIVVOW__ligand17258-0
170,DIVVOW__ligand14603-0
171,DIVVOW__ligand14297-0
172,DIVVOW__ligand26665-0
173,DIVVOW__ligand17631-0
174,DIVVOW__ligand13012-0
175,DIVVOW__ligand3632-0
176,DIVVOW__ligand3677-0
177,DIVVOW__ligand1294-0
178,DIVVOW__ligand1168-0
179,DIVVOW__ligand31783-0
180,DIVVOW__ligand27893-0
181,DIVVOW__ligand14723-0
182,DIVVOW__ligand6892-0
183,DIVVOW__ligand19641-0
184,DIVVOW__ligand1211-0
185,DIVVOW__ligand20578-0
186,DIVVOW__ligand12934-0
187,DIVVOW__ligand15422-0
188,DIVVOW__ligand3712-0
189,DIVVOW__ligand1464-0
190,DIVVOW__ligand27175-0
191,DIVVOW__ligand18832-0
192,DIVVOW__ligand23713-0
193,DIVVOW__ligand670-0
194,DIVVOW__ligand30988-0
195,DIVVOW__ligand2881-0
196,DIVVOW__ligand534-0
197,DIVVOW__ligand1499-0
198,DIVVOW__ligand571-0
199,DIVVOW__ligand3945-0
200,DIVVOW__ligand2693-0
201,DIVVOW__ligand5383-0
202,DIVVOW__ligand27460-0
203,DIVVOW__ligand28468-0
204,DIVVOW__ligand20740-0
205,DIVVOW__ligand9344-0
206,DIVVOW__ligand12427-0
207,DIVVOW__ligand8000-0
208,DIVVOW__ligand16628-0
209,DIVVOW__ligand3736-0
210,DIVVOW__ligand17281-0
211,DIVVOW__ligand7291-0
212,DIVVOW__ligand30296-0
213,DIVVOW__ligand12337-0
214,DIVVOW__ligand29410-0
215,DIVVOW__ligand26540-0
216,DIVVOW__ligand3677-1
217,DIVVOW__ligand9883-0
218,DIVVOW__ligand694-0
219,DIVVOW__ligand430-0
220,DIVVOW__ligand30333-0
221,DIVVOW__ligand2985-0
222,DIVVOW__ligand4007-0
223,DIVVOW__ligand358-0
224,DIVVOW__ligand12606-0
225,DIVVOW__ligand9299-0
226,DIVVOW__ligand488-0
227,DIVVOW__ligand5614-0
228,DIVVOW__ligand5280-0
229,DIVVOW__ligand1831-0
230,DIVVOW__ligand31248-0
231,DIVVOW__ligand25650-0
232,DIVVOW__ligand5515-0
233,DIVVOW__ligand6663-0
234,DIVVOW__ligand122-0
235,DIVVOW__ligand757-0
236,DIVVOW__ligand12660-0
237,DIVVOW__ligand13209-0
238,DIVVOW__ligand19257-0
239,DIVVOW__ligand3261-0
240,DIVVOW__ligand1152-0
241,DIVVOW__ligand5019-0
242,DIVVOW__ligand25735-0
243,DIVVOW__ligand12519-0
244,DIVVOW__ligand1216-0
245,DIVVOW__ligand11206-0
246,DIVVOW__ligand23124-0
247,DIVVOW__ligand48-0
248,DIVVOW__ligand1849-0
249,DIVVOW__ligand23906-0
250,DIVVOW__ligand3144-0
251,DIVVOW__ligand5085-0
252,DIVVOW__ligand21132-0
253,DIVVOW__ligand11166-0
254,DIVVOW__ligand4710-0
255,DIVVOW__ligand5755-0
256,DIVVOW__ligand1397-0
257,DIVVOW__ligand30539-0
258,DIVVOW__ligand7213-0
259,DIVVOW__ligand91-0
260,DIVVOW__ligand1828-0
261,DIVVOW__ligand6112-0
262,DIVVOW__ligand8042-0
263,DIVVOW__ligand51-0
264,DIVVOW__ligand21787-0
265,DIVVOW__ligand25575-0
266,DIVVOW__ligand25689-0
267,DIVVOW__ligand1786-0
268,DIVVOW__ligand693-0
269,DIVVOW__ligand5630-0
270,DIVVOW__ligand1908-0
271,DIVVOW__ligand12295-0
272,DIVVOW__ligand4795-0
273,DIVVOW__ligand3285-0
274,DIVVOW__ligand1-0
275,DIVVOW__ligand27835-0
276,DIVVOW__ligand1817-0
277,DIVVOW__ligand6993-0
278,DIVVOW__ligand240-0
279,DIVVOW__ligand1779-0
280,DIVVOW__ligand27169-0
281,DIVVOW__ligand14523-0
282,DIVVOW__ligand16-0
283,DIVVOW__ligand141-0
284,DIVVOW__ligand9750-0
285,DIVVOW__ligand18391-0
286,DIVVOW__ligand3-0
287,DIVVOW__ligand27074-0
288,DIVVOW__ligand7075-0
289,DIVVOW__ligand1149-0
290,DIVVOW__ligand22981-0
291,DIVVOW__ligand25805-0
292,DIVVOW__ligand20599-0
293,DIVVOW__ligand3557-0
294,DIVVOW__ligand3980-0
295,DIVVOW__ligand13257-0
296,DIVVOW__ligand1288-0
297,DIVVOW__ligand21936-0
298,DIVVOW__ligand23904-0
299,DIVVOW__ligand25267-0
300,DIVVOW__ligand9491-0
301,DIVVOW__ligand1400-0
302,DIVVOW__ligand4266-0
303,DIVVOW__ligand10084-0
304,DIVVOW__ligand4167-0
305,DIVVOW__ligand12467-0
306,DIVVOW__ligand1539-0
307,DIVVOW__ligand768-0
308,DIVVOW__ligand29610-0
309,DIVVOW__ligand11140-0
310,DIVVOW__ligand1150-0
311,DIVVOW__ligand3416-0
312,DIVVOW__ligand3453-0
313,DIVVOW__ligand4207-0
314,DIVVOW__ligand29863-0
315,DIVVOW__ligand18074-0
316,DIVVOW__ligand13869-0
317,DIVVOW__ligand32-0
318,DIVVOW__ligand3042-0
319,DIVVOW__ligand18465-0
320,DIVVOW__ligand18799-0
321,DIVVOW__ligand4063-0
322,DIVVOW__ligand16791-0
323,DIVVOW__ligand7438-0
324,DIVVOW__ligand8200-0
325,DIVVOW__ligand384-0
326,DIVVOW__ligand28668-0
327,DIVVOW__ligand21421-0
328,DIVVOW__ligand14586-0
329,DIVVOW__ligand4596-0
330,DIVVOW__ligand11774-0
331,DIVVOW__ligand1498-0
332,DIVVOW__ligand1154-0
333,DIVVOW__ligand11568-0
334,DIVVOW__ligand9615-0
335,DIVVOW__ligand20579-0
336,DIVVOW__ligand17710-0
337,DIVVOW__ligand10555-0
338,DIVVOW__ligand31483-0
339,DIVVOW__ligand8529-0
340,DIVVOW__ligand338-0
341,DIVVOW__ligand1169-0
342,DIVVOW__ligand24613-0
343,DIVVOW__ligand19725-0
344,DIVVOW__ligand2027-0
345,DIVVOW__ligand13072-0
346,DIVVOW__ligand57-0
347,DIVVOW__ligand12336-0
348,DIVVOW__ligand1050-0
349,DIVVOW__ligand1015-0
350,DIVVOW__ligand201-0
351,DIVVOW__ligand185-0
352,DIVVOW__ligand1028-0
353,DIVVOW__ligand279-0
354,DIVVOW__ligand17240-0
355,DIVVOW__ligand178-0
356,DIVVOW__ligand4262-0
357,DIVVOW__ligand17590-0
358,DIVVOW__ligand2692-0
359,DIVVOW__ligand18699-0
360,DIVVOW__ligand12682-0
361,DIVVOW__ligand321-0
362,DIVVOW__ligand1618-0
363,DIVVOW__ligand68-0
364,DIVVOW__ligand17945-0
365,DIVVOW__ligand25224-0
366,DIVVOW__ligand18013-0
367,DIVVOW__ligand657-0
368,DIVVOW__ligand4124-0
369,DIVVOW__ligand31578-0
370,DIVVOW__ligand3471-0
371,DIVVOW__ligand4161-0
372,DIVVOW__ligand17207-0
373,DIVVOW__ligand187-0
374,DIVVOW__ligand366-0
375,DIVVOW__ligand24750-0
376,DIVVOW__ligand5415-0
377,DIVVOW__ligand2650-0
378,DIVVOW__ligand2281-0
379,DIVVOW__ligand28924-0
380,DIVVOW__ligand4340-0
381,DIVVOW__ligand777-0
382,DIVVOW__ligand15438-0
383,DIVVOW__ligand3180-0
384,DIVVOW__ligand29087-0
385,DIVVOW__ligand6995-0
386,DIVVOW__ligand596-0
387,DIVVOW__ligand55-0
388,DIVVOW__ligand941-0
389,DIVVOW__ligand18703-0
390,DIVVOW__ligand2823-0
391,DIVVOW__ligand24064-0
392,DIVVOW__ligand9944-0
393,DIVVOW__ligand8593-0
394,DIVVOW__ligand23589-0
395,DIVVOW__ligand2001-0
396,DIVVOW__ligand34-0
397,DIVVOW__ligand163-0
398,DIVVOW__ligand126-0
399,DIVVOW__ligand7566-0
400,DIVVOW__ligand15168-0
401,DIVVOW__ligand29898-0
402,DIVVOW__ligand26277-0
403,DIVVOW__ligand22755-0
404,DIVVOW__ligand11432-0
405,DIVVOW__ligand31618-0
406,DIVVOW__ligand5201-0
407,DIVVOW__ligand10432-0
408,DIVVOW__ligand845-0
409,DIVVOW__ligand1113-0
410,DIVVOW__ligand8553-0
411,DIVVOW__ligand11814-0
412,DIVVOW__ligand1496-0
413,DIVVOW__ligand7557-0
414,DIVVOW__ligand152-0
415,DIVVOW__ligand16603-0
416,DIVVOW__ligand16870-0
417,DIVVOW__ligand1533-0
418,DIVVOW__ligand11622-0
419,DIVVOW__ligand11177-0
420,DIVVOW__ligand15455-0
421,DIVVOW__ligand5892-0
422,DIVVOW__ligand5094-0
423,DIVVOW__ligand38-0
424,DIVVOW__ligand25658-0
425,DIVVOW__ligand17686-0
426,DIVVOW__ligand1712-0
427,DIVVOW__ligand4131-0
428,DIVVOW__ligand506-0
429,DIVVOW__ligand31205-0
430,DIVVOW__ligand11252-0
431,DIVVOW__ligand487-0
432,DIVVOW__ligand10582-0
433,DIVVOW__ligand1900-0
434,DIVVOW__ligand13260-0
435,DIVVOW__ligand9197-0
436,DIVVOW__ligand2328-0
437,DIVVOW__ligand4581-0
438,DIVVOW__ligand1773-0
439,DIVVOW__ligand3029-0
440,DIVVOW__ligand19824-0
441,DIVVOW__ligand18067-0
442,DIVVOW__ligand7162-0
443,DIVVOW__ligand1327-0
444,DIVVOW__ligand9809-0
445,DIVVOW__ligand6672-0
446,DIVVOW__ligand8722-0
447,DIVVOW__ligand26673-0
448,DIVVOW__ligand176-0
449,DIVVOW__ligand3350-0
450,DIVVOW__ligand2781-0
451,DIVVOW__ligand7573-0
452,DIVVOW__ligand20821-0
453,DIVVOW__ligand2208-0
454,DIVVOW__ligand447-0
455,DIVVOW__ligand3208-0
456,DIVVOW__ligand11606-0
457,DIVVOW__ligand31000-0
458,DIVVOW__ligand746-0
459,DIVVOW__ligand8464-0
460,DIVVOW__ligand22353-0
461,DIVVOW__ligand1709-0
462,DIVVOW__ligand8349-0
463,DIVVOW__ligand66-0
464,DIVVOW__ligand19668-0
465,DIVVOW__ligand19906-0
466,DIVVOW__ligand395-0
467,DIVVOW__ligand368-0
468,DIVVOW__ligand2527-0
469,DIVVOW__ligand784-0
470,DIVVOW__ligand5849-0
471,DIVVOW__ligand10151-0
472,DIVVOW__ligand3392-0
473,DIVVOW__ligand4911-0
474,DIVVOW__ligand1771-0
475,DIVVOW__ligand3157-0
476,DIVVOW__ligand833-0
477,DIVVOW__ligand20220-0
478,DIVVOW__ligand15387-0
479,DIVVOW__ligand1165-0
480,DIVVOW__ligand9525-0
481,DIVVOW__ligand20121-0
482,DIVVOW__ligand5935-0
483,DIVVOW__ligand1379-0
484,DIVVOW__ligand2722-0
485,DIVVOW__ligand16952-0
486,DIVVOW__ligand29813-0
487,DIVVOW__ligand3871-0
488,DIVVOW__ligand27610-0
489,DIVVOW__ligand10479-0
490,DIVVOW__ligand1469-0
491,DIVVOW__ligand42-0
492,DIVVOW__ligand115-0
493,DIVVOW__ligand11479-0
494,DIVVOW__ligand29441-0
495,DIVVOW__ligand10853-0
496,DIVVOW__ligand1768-0
497,DIVVOW__ligand24851-0
498,DIVVOW__ligand4850-0
499,DIVVOW__ligand5056-0
500,DIVVOW__ligand20530-0
501,DIVVOW__ligand11698-0
502,DIVVOW__ligand1688-0
503,DIVVOW__ligand14347-0
504,DIVVOW__ligand13657-0
505,DIVVOW__ligand14302-0
506,DIVVOW__ligand3647-0
507,DIVVOW__ligand5357-0
508,DIVVOW__ligand20942-1
509,DIVVOW__ligand21339-0
510,DIVVOW__ligand14226-0
511,DIVVOW__ligand1415-0
512,DIVVOW__ligand6946-0
513,DIVVOW__ligand16956-0
514,DIVVOW__ligand314-1
515,DIVVOW__ligand7529-0
516,DIVVOW__ligand29565-0
517,DIVVOW__ligand23682-0
518,DIVVOW__ligand18158-0
519,DIVVOW__ligand9148-0
520,DIVVOW__ligand27771-0
521,DIVVOW__ligand5316-0
522,DIVVOW__ligand18019-1
523,DIVVOW__ligand465-0
524,DIVVOW__ligand14007-0
525,DIVVOW__ligand5483-0
526,DIVVOW__ligand5627-0
527,DIVVOW__ligand27550-0
528,DIVVOW__ligand1729-0
529,DIVVOW__ligand2830-0
530,DIVVOW__ligand29214-0
531,DIVVOW__ligand9681-0
532,DIVVOW__ligand11501-0
533,DIVVOW__ligand4332-0
534,DIVVOW__ligand11544-0
535,DIVVOW__ligand391-0
536,DIVVOW__ligand1449-0
537,DIVVOW__ligand618-0
538,DIVVOW__ligand21448-0
539,DIVVOW__ligand3012-0
540,DIVVOW__ligand22357-0
541,DIVVOW__ligand11758-0
542,DIVVOW__ligand1065-0
543,DIVVOW__ligand7530-0
544,DIVVOW__ligand12413-0
545,DIVVOW__ligand2403-0
546,DIVVOW__ligand29334-0
547,DIVVOW__ligand20731-0
548,DIVVOW__ligand11798-0
549,DIVVOW__ligand813-0
550,DIVVOW__ligand17069-0
551,DIVVOW__ligand14477-0
552,DIVVOW__ligand3934-0
553,DIVVOW__ligand780-0
554,DIVVOW__ligand314-0
555,DIVVOW__ligand17445-0
556,DIVVOW__ligand6455-0
557,DIVVOW__ligand6882-0
558,DIVVOW__ligand20432-0
559,DIVVOW__ligand27122-0
560,DIVVOW__ligand2068-0
561,DIVVOW__ligand7925-0
562,DIVVOW__ligand18-0
563,DIVVOW__ligand13755-0
564,DIVVOW__ligand16133-0
565,DIVVOW__ligand24953-0
566,DIVVOW__ligand23445-0
567,DIVVOW__ligand25048-0
568,DIVVOW__ligand1147-0
569,DIVVOW__ligand21940-0
570,DIVVOW__ligand353-0
571,DIVVOW__ligand3973-0
572,DIVVOW__ligand2599-0
573,DIVVOW__ligand30004-0
574,DIVVOW__ligand20557-0
575,DIVVOW__ligand393-0
576,DIVVOW__ligand4330-0
577,DIVVOW__ligand7532-0
578,DIVVOW__ligand4194-0
579,DIVVOW__ligand4813-0
580,DIVVOW__ligand5813-0
581,DIVVOW__ligand422-0
582,DIVVOW__ligand4738-0
583,DIVVOW__ligand6062-0
584,DIVVOW__ligand18757-0
585,DIVVOW__ligand24560-0
586,DIVVOW__ligand6283-0
587,DIVVOW__ligand18413-0
588,DIVVOW__ligand20844-0
589,DIVVOW__ligand24624-0
590,DIVVOW__ligand686-0
591,DIVVOW__ligand21752-0
592,DIVVOW__ligand196-0
593,DIVVOW__ligand7107-0
594,DIVVOW__ligand14339-0
595,DIVVOW__ligand30788-0
596,DIVVOW__ligand13691-0
597,DIVVOW__ligand3215-0
598,DIVVOW__ligand7967-0
599,DIVVOW__ligand3707-0
600,DIVVOW__ligand370-1
601,DIVVOW__ligand6124-0
602,DIVVOW__ligand620-0
603,DIVVOW__ligand12453-0
604,DIVVOW__ligand18448-0
605,DIVVOW__ligand4116-0
606,DIVVOW__ligand564-0
607,DIVVOW__ligand1018-0
608,DIVVOW__ligand28459-0
609,DIVVOW__ligand311-0
610,DIVVOW__ligand19184-0
611,DIVVOW__ligand785-0
612,DIVVOW__ligand8992-0
613,DIVVOW__ligand479-0
614,DIVVOW__ligand9601-0
615,DIVVOW__ligand13672-0
616,DIVVOW__ligand9111-0
617,DIVVOW__ligand9952-0
618,DIVVOW__ligand1615-0
619,DIVVOW__ligand18568-0
620,DIVVOW__ligand28685-0
621,DIVVOW__ligand5036-0
622,DIVVOW__ligand2526-0
623,DIVVOW__ligand1823-0
624,DIVVOW__ligand188-0
625,DIVVOW__ligand5643-0
626,DIVVOW__ligand8721-0
627,DIVVOW__ligand67-0
628,DIVVOW__ligand1324-0
629,DIVVOW__ligand10371-0
630,DIVVOW__ligand23197-0
631,DIVVOW__ligand1631-0
632,DIVVOW__ligand9933-0
633,DIVVOW__ligand1530-0
634,DIVVOW__ligand1575-0
635,DIVVOW__ligand27285-0
636,DIVVOW__ligand29029-0
637,DIVVOW__ligand43-0
638,DIVVOW__ligand2332-0
639,DIVVOW__ligand250-0
640,DIVVOW__ligand9441-0
641,DIVVOW__ligand6244-0
642,DIVVOW__ligand13477-0
643,DIVVOW__ligand14167-0
644,DIVVOW__ligand1378-0
645,DIVVOW__ligand30142-0
646,DIVVOW__ligand27669-0
647,DIVVOW__ligand2915-0
648,DIVVOW__ligand3156-0
649,DIVVOW__ligand370-0
650,DIVVOW__ligand28810-0
651,DIVVOW__ligand6596-0
652,DIVVOW__ligand6904-0
653,DIVVOW__ligand3721-0
654,DIVVOW__ligand11447-0
655,DIVVOW__ligand11096-0
656,DIVVOW__ligand6102-0
657,DIVVOW__ligand24230-0
658,DIVVOW__ligand15926-0
659,DIVVOW__ligand3465-0
660,DIVVOW__ligand19792-0
661,DIVVOW__ligand193-0
662,DIVVOW__ligand10828-0
663,DIVVOW__ligand372-0
664,DIVVOW__ligand11970-0
665,DIVVOW__ligand830-0
666,DIVVOW__ligand7819-0
667,DIVVOW__ligand15883-0
668,DIVVOW__ligand2917-0
669,DIVVOW__ligand6067-0
670,DIVVOW__ligand1577-0
671,DIVVOW__ligand2295-0
672,DIVVOW__ligand22168-0
673,DIVVOW__ligand28930-0
674,DIVVOW__ligand22294-0
675,DIVVOW__ligand21919-0
676,DIVVOW__ligand252-0
677,DIVVOW__ligand4620-0
678,DIVVOW__ligand12365-0
679,DIVVOW__ligand10056-0
680,DIVVOW__ligand116-0
681,DIVVOW__ligand11357-0
682,DIVVOW__ligand13862-0
683,DIVVOW__ligand28743-0
684,DIVVOW__ligand15531-0
685,DIVVOW__ligand24035-0
686,DIVVOW__ligand31044-0
687,DIVVOW__ligand31842-0
688,DIVVOW__ligand11994-0
689,DIVVOW__ligand16663-0
690,DIVVOW__ligand177-0
691,DIVVOW__ligand4641-0
692,DIVVOW__ligand14614-0
693,DIVVOW__ligand16988-0
694,DIVVOW__ligand25913-0
695,DIVVOW__ligand8835-0
696,DIVVOW__ligand2028-0
697,DIVVOW__ligand7126-0
698,DIVVOW__ligand909-0
699,DIVVOW__ligand8-0
700,DIVVOW__ligand11682-0
701,DIVVOW__ligand30711-0
702,DIVVOW__ligand20207-0
703,DIVVOW__ligand3234-0
704,DIVVOW__ligand1142-0
705,DIVVOW__ligand10033-0
706,DIVVOW__ligand24644-0
707,DIVVOW__ligand3852-0
708,DIVVOW__ligand12001-0
709,DIVVOW__ligand2485-0
710,DIVVOW__ligand24-0
711,DIVVOW__ligand6919-0
712,DIVVOW__ligand27840-0
713,DIVVOW__ligand1512-0
714,DIVVOW__ligand868-0
715,DIVVOW__ligand30728-0
716,DIVVOW__ligand5331-0
717,DIVVOW__ligand24872-0
718,DIVVOW__ligand3565-0
719,DIVVOW__ligand11587-0
720,DIVVOW__ligand13220-0
721,DIVVOW__ligand4720-0
722,DIVVOW__ligand352-0
723,DIVVOW__ligand783-0
724,DIVVOW__ligand17396-0
725,DIVVOW__ligand8969-0
726,DIVVOW__ligand1202-0
727,DIVVOW__ligand3937-0
728,DIVVOW__ligand3174-0
729,DIVVOW__ligand3131-0
730,DIVVOW__ligand6839-0
731,DIVVOW__ligand23175-0
732,DIVVOW__ligand15788-0
733,DIVVOW__ligand14569-0
734,DIVVOW__ligand5211-0
735,DIVVOW__ligand13385-0
736,DIVVOW__ligand19-0
737,DIVVOW__ligand24111-0
738,DIVVOW__ligand22444-0
739,DIVVOW__ligand4155-0
740,DIVVOW__ligand3094-0
741,DIVVOW__ligand9908-0
742,DIVVOW__ligand1263-0
743,DIVVOW__ligand17427-0
744,DIVVOW__ligand7242-0
745,DIVVOW__ligand197-0
746,DIVVOW__ligand31694-0
747,DIVVOW__ligand7106-0
748,DIVVOW__ligand29486-0
749,DIVVOW__ligand78-0
750,DIVVOW__ligand25561-0
751,DIVVOW__ligand3718-0
752,DIVVOW__ligand45-0
753,DIVVOW__ligand3035-0
754,DIVVOW__ligand3876-0
755,DIVVOW__ligand1343-0
756,DIVVOW__ligand6616-0
757,DIVVOW__ligand4661-0
758,DIVVOW__ligand1844-0
759,DIVVOW__ligand3504-0
760,DIVVOW__ligand11949-0
761,DIVVOW__ligand1959-0
762,DIVVOW__ligand1536-0
763,DIVVOW__ligand1573-0
764,DIVVOW__ligand22129-0
765,DIVVOW__ligand12138-0
766,DIVVOW__ligand9935-0
767,DIVVOW__ligand24780-0
768,DIVVOW__ligand21729-0
769,DIVVOW__ligand27239-0
770,DIVVOW__ligand7238-0
771,DIVVOW__ligand685-0
772,DIVVOW__ligand1790-0
773,DIVVOW__ligand1304-0
774,DIVVOW__ligand7280-0
775,DIVVOW__ligand6709-0
776,DIVVOW__ligand19927-0
777,DIVVOW__ligand1219-0
778,DIVVOW__ligand7867-0
779,DIVVOW__ligand28559-0
780,DIVVOW__ligand421-0
781,DIVVOW__ligand26324-0
782,DIVVOW__ligand4016-0
783,DIVVOW__ligand14043-0
784,DIVVOW__ligand8699-0
785,DIVVOW__ligand1160-0
786,DIVVOW__ligand11618-0
787,DIVVOW__ligand9520-0
788,DIVVOW__ligand4093-0
789,DIVVOW__ligand4442-0
790,DIVVOW__ligand3954-0
791,DIVVOW__ligand294-0
792,DIVVOW__ligand7629-0
793,DIVVOW__ligand1451-0
794,DIVVOW__ligand4272-0
795,DIVVOW__ligand9784-0
796,DIVVOW__ligand26529-0
797,DIVVOW__ligand9291-0
798,DIVVOW__ligand27754-0
799,DIVVOW__ligand20695-0
800,DIVVOW__ligand2176-0
801,DIVVOW__ligand16369-0
802,DIVVOW__ligand2232-0
803,DIVVOW__ligand28540-0
804,DIVVOW__ligand11111-0
805,DIVVOW__ligand4157-0
806,DIVVOW__ligand560-0
807,DIVVOW__ligand22403-0
808,DIVVOW__ligand5256-0
809,DIVVOW__ligand9833-0
810,DIVVOW__ligand8876-0
811,DIVVOW__ligand2828-0
812,DIVVOW__ligand7648-0
813,DIVVOW__ligand16148-0
814,DIVVOW__ligand26631-0
815,DIVVOW__ligand134-0
816,DIVVOW__ligand4503-0
817,DIVVOW__ligand4546-0
818,DIVVOW__ligand12003-0
819,DIVVOW__ligand235-0
820,DIVVOW__ligand21399-0
821,DIVVOW__ligand10872-0
822,DIVVOW__ligand29215-0
823,DIVVOW__ligand1285-0
824,DIVVOW__ligand1982-0
825,DIVVOW__ligand7000-0
826,DIVVOW__ligand8115-0
827,DIVVOW__ligand6768-0
