,TMC
0,LUKQIR__ligand119-0
1,LUKQIR__ligand3246-0
2,LUKQIR__ligand1148-0
3,LUKQIR__ligand124-0
4,LUKQIR__ligand1479-0
5,LUKQIR__ligand9244-0
6,LUKQIR__ligand1228-0
7,LUKQIR__ligand201-0
8,LUKQIR__ligand244-0
9,LUKQIR__ligand100-0
10,LUKQIR__ligand178-0
11,LUKQIR__ligand279-0
12,LUKQIR__ligand32-0
13,LUKQIR__ligand1538-0
14,LUKQIR__ligand321-0
15,LUKQIR__ligand11730-0
16,LUKQIR__ligand1114-0
17,LUKQIR__ligand2751-0
18,LUKQIR__ligand187-0
19,LUKQIR__ligand612-0
20,LUKQIR__ligand861-0
21,LUKQIR__ligand366-0
22,LUKQIR__ligand2634-0
23,LUKQIR__ligand1542-0
24,LUKQIR__ligand48-0
25,LUKQIR__ligand596-0
26,LUKQIR__ligand3041-0
27,LUKQIR__ligand91-0
28,LUKQIR__ligand6332-0
29,LUKQIR__ligand3178-0
30,LUKQIR__ligand29-0
31,LUKQIR__ligand2863-0
32,LUKQIR__ligand6502-0
33,LUKQIR__ligand126-0
34,LUKQIR__ligand2098-0
35,LUKQIR__ligand6686-0
36,LUKQIR__ligand1747-0
37,LUKQIR__ligand5548-0
38,LUKQIR__ligand7915-0
39,LUKQIR__ligand3145-0
40,LUKQIR__ligand51-0
41,LUKQIR__ligand757-0
42,LUKQIR__ligand95-0
43,LUKQIR__ligand4381-0
44,LUKQIR__ligand55-0
45,LUKQIR__ligand2629-0
46,LUKQIR__ligand797-0
47,LUKQIR__ligand3734-0
48,LUKQIR__ligand1706-0
49,LUKQIR__ligand34-0
50,LUKQIR__ligand1687-0
51,LUKQIR__ligand1951-0
52,LUKQIR__ligand6277-0
53,LUKQIR__ligand2768-0
54,LUKQIR__ligand1376-0
55,LUKQIR__ligand2688-0
56,LUKQIR__ligand2259-0
57,LUKQIR__ligand141-0
58,LUKQIR__ligand1459-0
59,LUKQIR__ligand240-0
60,LUKQIR__ligand1544-0
61,LUKQIR__ligand1685-0
62,LUKQIR__ligand73-0
63,LUKQIR__ligand3757-0
64,LUKQIR__ligand1048-0
65,LUKQIR__ligand2087-0
66,LUKQIR__ligand57-0
67,LUKQIR__ligand1171-0
68,LUKQIR__ligand1438-0
69,LUKQIR__ligand3063-0
70,LUKQIR__ligand120-0
71,LUKQIR__ligand5801-0
72,LUKQIR__ligand384-0
73,LUKQIR__ligand49-0
74,LUKQIR__ligand1607-0
75,LUKQIR__ligand89-0
76,LUKQIR__ligand1152-0
77,LUKQIR__ligand1727-0
78,LUKQIR__ligand2907-0
79,LUKQIR__ligand1703-0
80,LUKQIR__ligand2430-0
81,LUKQIR__ligand2862-0
82,LUKQIR__ligand226-0
83,LUKQIR__ligand2320-0
84,LUKQIR__ligand1056-0
85,LUKQIR__ligand162-0
86,LUKQIR__ligand383-0
87,LUKQIR__ligand8-0
88,LUKQIR__ligand2510-0
89,LUKQIR__ligand8921-0
90,LUKQIR__ligand2285-0
91,LUKQIR__ligand1567-0
92,LUKQIR__ligand1054-0
93,LUKQIR__ligand6294-0
94,LUKQIR__ligand509-0
95,LUKQIR__ligand4303-0
96,LUKQIR__ligand1248-0
97,LUKQIR__ligand92-0
98,LUKQIR__ligand1598-0
99,LUKQIR__ligand7464-0
100,LUKQIR__ligand17-0
101,LUKQIR__ligand571-0
102,LUKQIR__ligand118-0
103,LUKQIR__ligand670-0
104,LUKQIR__ligand365-0
105,LUKQIR__ligand278-0
106,LUKQIR__ligand8774-0
107,LUKQIR__ligand669-0
108,LUKQIR__ligand430-0
109,LUKQIR__ligand358-0
110,LUKQIR__ligand3637-0
111,LUKQIR__ligand2838-0
112,LUKQIR__ligand3838-0
113,LUKQIR__ligand1799-0
114,LUKQIR__ligand5941-0
115,LUKQIR__ligand2880-0
116,LUKQIR__ligand409-0
117,LUKQIR__ligand324-0
118,LUKQIR__ligand361-0
119,LUKQIR__ligand1169-0
120,LUKQIR__ligand5022-0
121,LUKQIR__ligand140-0
122,LUKQIR__ligand105-0
123,LUKQIR__ligand2864-0
124,LUKQIR__ligand199-0
125,LUKQIR__ligand927-0
126,LUKQIR__ligand6538-0
127,LUKQIR__ligand6151-0
128,LUKQIR__ligand2772-0
129,LUKQIR__ligand575-0
130,LUKQIR__ligand9495-0
131,LUKQIR__ligand2142-0
132,LUKQIR__ligand532-0
133,LUKQIR__ligand633-0
134,LUKQIR__ligand918-0
135,LUKQIR__ligand497-0
136,LUKQIR__ligand1273-0
137,LUKQIR__ligand11-0
138,LUKQIR__ligand838-0
139,LUKQIR__ligand1052-0
140,LUKQIR__ligand166-0
141,LUKQIR__ligand1502-0
142,LUKQIR__ligand436-0
143,LUKQIR__ligand206-0
144,LUKQIR__ligand4983-0
145,LUKQIR__ligand142-0
146,LUKQIR__ligand2345-0
147,LUKQIR__ligand2794-0
148,LUKQIR__ligand1835-0
149,LUKQIR__ligand283-0
150,LUKQIR__ligand553-0
151,LUKQIR__ligand9027-0
152,LUKQIR__ligand326-0
153,LUKQIR__ligand6396-0
154,LUKQIR__ligand821-0
155,LUKQIR__ligand1113-0
156,LUKQIR__ligand2265-0
157,LUKQIR__ligand136-0
158,LUKQIR__ligand2389-0
159,LUKQIR__ligand442-0
160,LUKQIR__ligand1919-0
161,LUKQIR__ligand868-0
162,LUKQIR__ligand3579-0
163,LUKQIR__ligand2110-0
164,LUKQIR__ligand2916-0
165,LUKQIR__ligand352-0
166,LUKQIR__ligand783-0
167,LUKQIR__ligand1712-0
168,LUKQIR__ligand1858-0
169,LUKQIR__ligand296-0
170,LUKQIR__ligand197-0
171,LUKQIR__ligand8032-0
172,LUKQIR__ligand1898-0
173,LUKQIR__ligand3051-0
174,LUKQIR__ligand4504-0
175,LUKQIR__ligand2480-0
176,LUKQIR__ligand112-0
177,LUKQIR__ligand2315-0
178,LUKQIR__ligand5334-0
179,LUKQIR__ligand6571-0
180,LUKQIR__ligand584-0
181,LUKQIR__ligand916-0
182,LUKQIR__ligand1325-0
183,LUKQIR__ligand2482-0
184,LUKQIR__ligand421-0
185,LUKQIR__ligand798-0
186,LUKQIR__ligand5762-0
187,LUKQIR__ligand7414-0
188,LUKQIR__ligand1104-0
189,LUKQIR__ligand67-0
190,LUKQIR__ligand331-0
191,LUKQIR__ligand993-0
192,LUKQIR__ligand1019-0
193,LUKQIR__ligand294-0
194,LUKQIR__ligand2442-0
195,LUKQIR__ligand1264-0
196,LUKQIR__ligand1221-0
197,LUKQIR__ligand1299-0
198,LUKQIR__ligand6430-0
199,LUKQIR__ligand109-0
200,LUKQIR__ligand525-0
201,LUKQIR__ligand1379-0
202,LUKQIR__ligand560-0
203,LUKQIR__ligand235-0
204,LUKQIR__ligand134-0
205,LUKQIR__ligand932-0
206,LUKQIR__ligand2376-0
207,LUKQIR__ligand390-0
208,LUKQIR__ligand2929-0
209,LUKQIR__ligand9620-0
210,LUKQIR__ligand311-0
211,LUKQIR__ligand1260-0
212,LUKQIR__ligand4894-0
213,LUKQIR__ligand369-0
214,LUKQIR__ligand10479-0
215,LUKQIR__ligand444-0
216,LUKQIR__ligand1449-1
217,LUKQIR__ligand4811-0
218,LUKQIR__ligand3337-0
219,LUKQIR__ligand7514-0
220,LUKQIR__ligand188-0
221,LUKQIR__ligand1178-0
222,LUKQIR__ligand3566-0
223,LUKQIR__ligand460-0
224,LUKQIR__ligand1321-0
225,LUKQIR__ligand250-0
226,LUKQIR__ligand10114-0
227,LUKQIR__ligand1788-0
228,LUKQIR__ligand370-0
229,LUKQIR__ligand6-0
230,LUKQIR__ligand6166-0
231,LUKQIR__ligand193-0
232,LUKQIR__ligand10910-0
233,LUKQIR__ligand830-0
234,LUKQIR__ligand4-0
235,LUKQIR__ligand1246-0
236,LUKQIR__ligand2599-0
237,LUKQIR__ligand5089-0
238,LUKQIR__ligand955-0
239,LUKQIR__ligand252-0
240,LUKQIR__ligand3853-0
241,LUKQIR__ligand2853-0
242,LUKQIR__ligand85-0
243,LUKQIR__ligand78-0
244,LUKQIR__ligand14530-0
245,LUKQIR__ligand1307-0
246,LUKQIR__ligand934-0
247,LUKQIR__ligand177-0
248,LUKQIR__ligand909-0
249,LUKQIR__ligand45-0
250,LUKQIR__ligand851-0
251,LUKQIR__ligand2707-0
252,LUKQIR__ligand3-0
253,LUKQIR__ligand66-0
254,LUKQIR__ligand1690-0
255,LUKQIR__ligand1551-0
256,LUKQIR__ligand2526-0
257,LUKQIR__ligand210-0
258,LUKQIR__ligand3196-0
259,LUKQIR__ligand4012-0
260,LUKQIR__ligand391-0
261,LUKQIR__ligand170-0
262,LUKQIR__ligand314-0
263,LUKQIR__ligand2915-0
264,LUKQIR__ligand481-0
265,LUKQIR__ligand4175-0
266,LUKQIR__ligand2255-0
267,LUKQIR__ligand40-0
268,LUKQIR__ligand353-0
269,LUKQIR__ligand38-0
270,LUKQIR__ligand1918-0
271,LUKQIR__ligand236-0
272,LUKQIR__ligand4370-0
273,LUKQIR__ligand422-0
274,LUKQIR__ligand113-0
275,LUKQIR__ligand1436-0
276,LUKQIR__ligand196-0
277,LUKQIR__ligand502-0
278,LUKQIR__ligand3618-0
279,LUKQIR__ligand2618-0
280,LUKQIR__ligand21-0
281,LUKQIR__ligand1-0
282,LUKQIR__ligand3478-0
283,LUKQIR__ligand682-0
284,LUKQIR__ligand3852-0
285,LUKQIR__ligand18-0
286,LUKQIR__ligand5758-0
287,LUKQIR__ligand7456-0
288,LUKQIR__ligand1818-0
289,LUKQIR__ligand3251-0
290,LUKQIR__ligand487-0
291,LUKQIR__ligand666-0
292,LUKQIR__ligand4619-0
293,LUKQIR__ligand522-0
294,LUKQIR__ligand5235-0
295,LUKQIR__ligand6143-0
296,LUKQIR__ligand3035-0
297,LUKQIR__ligand3070-0
298,LUKQIR__ligand2718-0
299,LUKQIR__ligand1493-0
300,LUKQIR__ligand133-0
301,LUKQIR__ligand15630-0
302,LUKQIR__ligand9176-0
303,LUKQIR__ligand447-0
304,LUKQIR__ligand10357-0
305,LUKQIR__ligand7550-0
306,LUKQIR__ligand86-0
307,LUKQIR__ligand485-0
308,LUKQIR__ligand2253-0
309,LUKQIR__ligand1160-0
310,LUKQIR__ligand355-0
311,LUKQIR__ligand784-0
312,LUKQIR__ligand5093-0
313,LUKQIR__ligand2954-0
314,LUKQIR__ligand2762-0
315,LUKQIR__ligand1038-0
316,LUKQIR__ligand62-0
317,LUKQIR__ligand4423-0
318,LUKQIR__ligand1907-0
319,LUKQIR__ligand291-0
320,LUKQIR__ligand3890-0
321,LUKQIR__ligand7630-0
322,LUKQIR__ligand115-0
323,LUKQIR__ligand1285-0
324,LUKQIR__ligand1555-0
