,TMC
0,NUSFOW__ligand4175-0
1,NUSFOW__ligand838-0
2,NUSFOW__ligand166-0
3,NUSFOW__ligand40-0
4,NUSFOW__ligand2255-0
5,NUSFOW__ligand38-0
6,NUSFOW__ligand532-0
7,NUSFOW__ligand1918-0
8,NUSFOW__ligand633-0
9,NUSFOW__ligand918-0
10,NUSFOW__ligand497-0
11,NUSFOW__ligand10357-0
12,NUSFOW__ligand283-0
13,NUSFOW__ligand4370-0
14,NUSFOW__ligand553-0
15,NUSFOW__ligand15630-0
16,NUSFOW__ligand326-0
17,NUSFOW__ligand821-0
18,NUSFOW__ligand1436-0
19,NUSFOW__ligand436-0
20,NUSFOW__ligand206-0
21,NUSFOW__ligand21-0
22,NUSFOW__ligand142-0
23,NUSFOW__ligand2618-0
24,NUSFOW__ligand3618-0
25,NUSFOW__ligand2707-0
26,NUSFOW__ligand140-0
27,NUSFOW__ligand1690-0
28,NUSFOW__ligand105-0
29,NUSFOW__ligand66-0
30,NUSFOW__ligand2526-0
31,NUSFOW__ligand1551-0
32,NUSFOW__ligand409-0
33,NUSFOW__ligand324-0
34,NUSFOW__ligand361-0
35,NUSFOW__ligand4012-0
36,NUSFOW__ligand575-0
37,NUSFOW__ligand3196-0
38,NUSFOW__ligand199-0
39,NUSFOW__ligand927-0
40,NUSFOW__ligand2915-0
41,NUSFOW__ligand7550-0
42,NUSFOW__ligand571-0
43,NUSFOW__ligand118-0
44,NUSFOW__ligand86-0
45,NUSFOW__ligand670-0
46,NUSFOW__ligand2954-0
47,NUSFOW__ligand5093-0
48,NUSFOW__ligand1160-0
49,NUSFOW__ligand2253-0
50,NUSFOW__ligand509-0
51,NUSFOW__ligand1038-0
52,NUSFOW__ligand2762-0
53,NUSFOW__ligand62-0
54,NUSFOW__ligand1907-0
55,NUSFOW__ligand669-0
56,NUSFOW__ligand4423-0
57,NUSFOW__ligand430-0
58,NUSFOW__ligand3890-0
59,NUSFOW__ligand358-0
60,NUSFOW__ligand365-0
61,NUSFOW__ligand7630-0
62,NUSFOW__ligand6-0
63,NUSFOW__ligand1555-0
64,NUSFOW__ligand1285-0
65,NUSFOW__ligand278-0
66,NUSFOW__ligand3852-0
67,NUSFOW__ligand3478-0
68,NUSFOW__ligand5758-0
69,NUSFOW__ligand18-0
70,NUSFOW__ligand4-0
71,NUSFOW__ligand7456-0
72,NUSFOW__ligand1818-0
73,NUSFOW__ligand3251-0
74,NUSFOW__ligand226-0
75,NUSFOW__ligand162-0
76,NUSFOW__ligand6143-0
77,NUSFOW__ligand383-0
78,NUSFOW__ligand5235-0
79,NUSFOW__ligand4619-0
80,NUSFOW__ligand1493-0
81,NUSFOW__ligand2718-0
82,NUSFOW__ligand3070-0
83,NUSFOW__ligand3035-0
84,NUSFOW__ligand9176-0
85,NUSFOW__ligand2482-0
86,NUSFOW__ligand1325-0
87,NUSFOW__ligand6571-0
88,NUSFOW__ligand3-0
89,NUSFOW__ligand10479-0
90,NUSFOW__ligand141-0
91,NUSFOW__ligand67-0
92,NUSFOW__ligand1104-0
93,NUSFOW__ligand240-0
94,NUSFOW__ligand5762-0
95,NUSFOW__ligand7414-0
96,NUSFOW__ligand2442-0
97,NUSFOW__ligand1019-0
98,NUSFOW__ligand6430-0
99,NUSFOW__ligand1299-0
100,NUSFOW__ligand120-0
101,NUSFOW__ligand1221-0
102,NUSFOW__ligand1264-0
103,NUSFOW__ligand1379-0
104,NUSFOW__ligand384-0
105,NUSFOW__ligand10114-0
106,NUSFOW__ligand2376-0
107,NUSFOW__ligand2929-0
108,NUSFOW__ligand2389-0
109,NUSFOW__ligand797-0
110,NUSFOW__ligand1919-0
111,NUSFOW__ligand2916-0
112,NUSFOW__ligand2110-0
113,NUSFOW__ligand3579-0
114,NUSFOW__ligand10910-0
115,NUSFOW__ligand1712-0
116,NUSFOW__ligand757-0
117,NUSFOW__ligand8032-0
118,NUSFOW__ligand1858-0
119,NUSFOW__ligand2315-0
120,NUSFOW__ligand2480-0
121,NUSFOW__ligand4504-0
122,NUSFOW__ligand3051-0
123,NUSFOW__ligand1898-0
124,NUSFOW__ligand5334-0
125,NUSFOW__ligand1-0
126,NUSFOW__ligand14530-0
127,NUSFOW__ligand6166-0
128,NUSFOW__ligand596-0
129,NUSFOW__ligand1246-0
130,NUSFOW__ligand187-0
131,NUSFOW__ligand2599-0
132,NUSFOW__ligand5089-0
133,NUSFOW__ligand612-0
134,NUSFOW__ligand2853-0
135,NUSFOW__ligand3853-0
136,NUSFOW__ligand861-0
137,NUSFOW__ligand366-0
138,NUSFOW__ligand85-0
139,NUSFOW__ligand78-0
140,NUSFOW__ligand1307-0
141,NUSFOW__ligand45-0
142,NUSFOW__ligand126-0
143,NUSFOW__ligand124-0
144,NUSFOW__ligand4894-0
145,NUSFOW__ligand1260-0
146,NUSFOW__ligand9620-0
147,NUSFOW__ligand4811-0
148,NUSFOW__ligand1449-1
149,NUSFOW__ligand119-0
150,NUSFOW__ligand7514-0
151,NUSFOW__ligand3337-0
152,NUSFOW__ligand178-0
153,NUSFOW__ligand3566-0
154,NUSFOW__ligand279-0
155,NUSFOW__ligand1178-0
156,NUSFOW__ligand321-0
157,NUSFOW__ligand1321-0
158,NUSFOW__ligand1788-0
159,NUSFOW__ligand201-0
160,NUSFOW__ligand244-0
161,NUSFOW__ligand100-0
162,NUSFOW__ligand6294-0
163,NUSFOW__ligand485-0
164,NUSFOW__ligand1054-0
165,NUSFOW__ligand784-0
166,NUSFOW__ligand355-0
167,NUSFOW__ligand1598-0
168,NUSFOW__ligand92-0
169,NUSFOW__ligand1248-0
170,NUSFOW__ligand4303-0
171,NUSFOW__ligand7464-0
172,NUSFOW__ligand17-0
173,NUSFOW__ligand115-0
174,NUSFOW__ligand8774-0
175,NUSFOW__ligand3637-0
176,NUSFOW__ligand291-0
177,NUSFOW__ligand1607-0
178,NUSFOW__ligand49-0
179,NUSFOW__ligand89-0
180,NUSFOW__ligand682-0
181,NUSFOW__ligand1152-0
182,NUSFOW__ligand1727-0
183,NUSFOW__ligand2907-0
184,NUSFOW__ligand133-0
185,NUSFOW__ligand2430-0
186,NUSFOW__ligand1703-0
187,NUSFOW__ligand447-0
188,NUSFOW__ligand1056-0
189,NUSFOW__ligand2320-0
190,NUSFOW__ligand487-0
191,NUSFOW__ligand2862-0
192,NUSFOW__ligand666-0
193,NUSFOW__ligand1567-0
194,NUSFOW__ligand2285-0
195,NUSFOW__ligand8921-0
196,NUSFOW__ligand522-0
197,NUSFOW__ligand2510-0
198,NUSFOW__ligand1273-0
199,NUSFOW__ligand11-0
200,NUSFOW__ligand236-0
201,NUSFOW__ligand1052-0
202,NUSFOW__ligand353-0
203,NUSFOW__ligand1502-0
204,NUSFOW__ligand196-0
205,NUSFOW__ligand502-0
206,NUSFOW__ligand1835-0
207,NUSFOW__ligand2794-0
208,NUSFOW__ligand2345-0
209,NUSFOW__ligand4983-0
210,NUSFOW__ligand9027-0
211,NUSFOW__ligand422-0
212,NUSFOW__ligand2265-0
213,NUSFOW__ligand1113-0
214,NUSFOW__ligand6396-0
215,NUSFOW__ligand113-0
216,NUSFOW__ligand2880-0
217,NUSFOW__ligand5941-0
218,NUSFOW__ligand1799-0
219,NUSFOW__ligand3838-0
220,NUSFOW__ligand2838-0
221,NUSFOW__ligand210-0
222,NUSFOW__ligand5022-0
223,NUSFOW__ligand1169-0
224,NUSFOW__ligand314-0
225,NUSFOW__ligand481-0
226,NUSFOW__ligand2864-0
227,NUSFOW__ligand9495-0
228,NUSFOW__ligand2772-0
229,NUSFOW__ligand391-0
230,NUSFOW__ligand6151-0
231,NUSFOW__ligand6538-0
232,NUSFOW__ligand2142-0
233,NUSFOW__ligand170-0
234,NUSFOW__ligand2751-0
235,NUSFOW__ligand955-0
236,NUSFOW__ligand252-0
237,NUSFOW__ligand48-0
238,NUSFOW__ligand193-0
239,NUSFOW__ligand1542-0
240,NUSFOW__ligand2634-0
241,NUSFOW__ligand830-0
242,NUSFOW__ligand3041-0
243,NUSFOW__ligand909-0
244,NUSFOW__ligand3178-0
245,NUSFOW__ligand91-0
246,NUSFOW__ligand6332-0
247,NUSFOW__ligand29-0
248,NUSFOW__ligand2098-0
249,NUSFOW__ligand6502-0
250,NUSFOW__ligand851-0
251,NUSFOW__ligand2863-0
252,NUSFOW__ligand7915-0
253,NUSFOW__ligand5548-0
254,NUSFOW__ligand1747-0
255,NUSFOW__ligand6686-0
256,NUSFOW__ligand51-0
257,NUSFOW__ligand8-0
258,NUSFOW__ligand3145-0
259,NUSFOW__ligand934-0
260,NUSFOW__ligand177-0
261,NUSFOW__ligand369-0
262,NUSFOW__ligand444-0
263,NUSFOW__ligand3246-0
264,NUSFOW__ligand188-0
265,NUSFOW__ligand1148-0
266,NUSFOW__ligand1479-0
267,NUSFOW__ligand311-0
268,NUSFOW__ligand1228-0
269,NUSFOW__ligand9244-0
270,NUSFOW__ligand370-0
271,NUSFOW__ligand460-0
272,NUSFOW__ligand32-0
273,NUSFOW__ligand1114-0
274,NUSFOW__ligand250-0
275,NUSFOW__ligand1538-0
276,NUSFOW__ligand1459-0
277,NUSFOW__ligand331-0
278,NUSFOW__ligand993-0
279,NUSFOW__ligand1544-0
280,NUSFOW__ligand294-0
281,NUSFOW__ligand1685-0
282,NUSFOW__ligand916-0
283,NUSFOW__ligand584-0
284,NUSFOW__ligand73-0
285,NUSFOW__ligand2087-0
286,NUSFOW__ligand421-0
287,NUSFOW__ligand1048-0
288,NUSFOW__ligand798-0
289,NUSFOW__ligand3757-0
290,NUSFOW__ligand11730-0
291,NUSFOW__ligand235-0
292,NUSFOW__ligand1171-0
293,NUSFOW__ligand57-0
294,NUSFOW__ligand134-0
295,NUSFOW__ligand932-0
296,NUSFOW__ligand390-0
297,NUSFOW__ligand3063-0
298,NUSFOW__ligand1438-0
299,NUSFOW__ligand109-0
300,NUSFOW__ligand525-0
301,NUSFOW__ligand560-0
302,NUSFOW__ligand5801-0
303,NUSFOW__ligand783-0
304,NUSFOW__ligand352-0
305,NUSFOW__ligand95-0
306,NUSFOW__ligand2629-0
307,NUSFOW__ligand136-0
308,NUSFOW__ligand55-0
309,NUSFOW__ligand4381-0
310,NUSFOW__ligand442-0
311,NUSFOW__ligand1706-0
312,NUSFOW__ligand3734-0
313,NUSFOW__ligand868-0
314,NUSFOW__ligand1951-0
315,NUSFOW__ligand34-0
316,NUSFOW__ligand112-0
317,NUSFOW__ligand1687-0
318,NUSFOW__ligand6277-0
319,NUSFOW__ligand1376-0
320,NUSFOW__ligand2768-0
321,NUSFOW__ligand296-0
322,NUSFOW__ligand2259-0
323,NUSFOW__ligand2688-0
324,NUSFOW__ligand197-0
