,TMC
0,LIHMOE__ligand30711-0
1,LIHMOE__ligand20207-0
2,LIHMOE__ligand488-0
3,LIHMOE__ligand11682-0
4,LIHMOE__ligand358-0
5,LIHMOE__ligand3234-0
6,LIHMOE__ligand1142-0
7,LIHMOE__ligand430-0
8,LIHMOE__ligand694-0
9,LIHMOE__ligand25913-0
10,LIHMOE__ligand16988-0
11,LIHMOE__ligand7126-0
12,LIHMOE__ligand8835-0
13,LIHMOE__ligand2028-0
14,LIHMOE__ligand16663-0
15,LIHMOE__ligand14614-0
16,LIHMOE__ligand4641-0
17,LIHMOE__ligand24035-0
18,LIHMOE__ligand11994-0
19,LIHMOE__ligand31842-0
20,LIHMOE__ligand31044-0
21,LIHMOE__ligand10056-0
22,LIHMOE__ligand534-0
23,LIHMOE__ligand12365-0
24,LIHMOE__ligand571-0
25,LIHMOE__ligand4620-0
26,LIHMOE__ligand15531-0
27,LIHMOE__ligand670-0
28,LIHMOE__ligand28743-0
29,LIHMOE__ligand13862-0
30,LIHMOE__ligand11357-0
31,LIHMOE__ligand22294-0
32,LIHMOE__ligand28930-0
33,LIHMOE__ligand22168-0
34,LIHMOE__ligand2295-0
35,LIHMOE__ligand6067-0
36,LIHMOE__ligand1577-0
37,LIHMOE__ligand21919-0
38,LIHMOE__ligand11970-0
39,LIHMOE__ligand2917-0
40,LIHMOE__ligand15883-0
41,LIHMOE__ligand7819-0
42,LIHMOE__ligand24230-0
43,LIHMOE__ligand11096-0
44,LIHMOE__ligand11447-0
45,LIHMOE__ligand6102-0
46,LIHMOE__ligand6596-0
47,LIHMOE__ligand6904-0
48,LIHMOE__ligand3721-0
49,LIHMOE__ligand28810-0
50,LIHMOE__ligand10828-0
51,LIHMOE__ligand19792-0
52,LIHMOE__ligand3465-0
53,LIHMOE__ligand15926-0
54,LIHMOE__ligand3156-0
55,LIHMOE__ligand383-0
56,LIHMOE__ligand2915-0
57,LIHMOE__ligand416-0
58,LIHMOE__ligand69-0
59,LIHMOE__ligand6244-0
60,LIHMOE__ligand13477-0
61,LIHMOE__ligand14167-0
62,LIHMOE__ligand226-0
63,LIHMOE__ligand27669-0
64,LIHMOE__ligand162-0
65,LIHMOE__ligand30142-0
66,LIHMOE__ligand1378-0
67,LIHMOE__ligand29029-0
68,LIHMOE__ligand27285-0
69,LIHMOE__ligand9441-0
70,LIHMOE__ligand11-0
71,LIHMOE__ligand2332-0
72,LIHMOE__ligand1631-0
73,LIHMOE__ligand23197-0
74,LIHMOE__ligand1575-0
75,LIHMOE__ligand1530-0
76,LIHMOE__ligand9933-0
77,LIHMOE__ligand5643-0
78,LIHMOE__ligand1823-0
79,LIHMOE__ligand10371-0
80,LIHMOE__ligand656-0
81,LIHMOE__ligand1324-0
82,LIHMOE__ligand8721-0
83,LIHMOE__ligand9111-0
84,LIHMOE__ligand9952-0
85,LIHMOE__ligand13672-0
86,LIHMOE__ligand5036-0
87,LIHMOE__ligand2526-0
88,LIHMOE__ligand28685-0
89,LIHMOE__ligand18568-0
90,LIHMOE__ligand1615-0
91,LIHMOE__ligand8992-0
92,LIHMOE__ligand19184-0
93,LIHMOE__ligand9601-0
94,LIHMOE__ligand6124-0
95,LIHMOE__ligand3707-0
96,LIHMOE__ligand7967-0
97,LIHMOE__ligand28459-0
98,LIHMOE__ligand1018-0
99,LIHMOE__ligand4116-0
100,LIHMOE__ligand18448-0
101,LIHMOE__ligand696-0
102,LIHMOE__ligand12453-0
103,LIHMOE__ligand326-0
104,LIHMOE__ligand1285-0
105,LIHMOE__ligand29215-0
106,LIHMOE__ligand6768-0
107,LIHMOE__ligand8115-0
108,LIHMOE__ligand7000-0
109,LIHMOE__ligand1982-0
110,LIHMOE__ligand12003-0
111,LIHMOE__ligand89-0
112,LIHMOE__ligand4546-0
113,LIHMOE__ligand4503-0
114,LIHMOE__ligand16148-0
115,LIHMOE__ligand26631-0
116,LIHMOE__ligand10872-0
117,LIHMOE__ligand21399-0
118,LIHMOE__ligand22403-0
119,LIHMOE__ligand49-0
120,LIHMOE__ligand4157-0
121,LIHMOE__ligand692-0
122,LIHMOE__ligand7648-0
123,LIHMOE__ligand8876-0
124,LIHMOE__ligand2828-0
125,LIHMOE__ligand9833-0
126,LIHMOE__ligand5256-0
127,LIHMOE__ligand2176-0
128,LIHMOE__ligand20695-0
129,LIHMOE__ligand27754-0
130,LIHMOE__ligand9291-0
131,LIHMOE__ligand11111-0
132,LIHMOE__ligand28540-0
133,LIHMOE__ligand2232-0
134,LIHMOE__ligand436-0
135,LIHMOE__ligand16369-0
136,LIHMOE__ligand4272-0
137,LIHMOE__ligand1451-0
138,LIHMOE__ligand7629-0
139,LIHMOE__ligand26529-0
140,LIHMOE__ligand9784-0
141,LIHMOE__ligand9520-0
142,LIHMOE__ligand11618-0
143,LIHMOE__ligand1160-0
144,LIHMOE__ligand8699-0
145,LIHMOE__ligand3954-0
146,LIHMOE__ligand4093-0
147,LIHMOE__ligand4442-0
148,LIHMOE__ligand497-0
149,LIHMOE__ligand7867-0
150,LIHMOE__ligand6709-0
151,LIHMOE__ligand1219-0
152,LIHMOE__ligand19927-0
153,LIHMOE__ligand4016-0
154,LIHMOE__ligand14043-0
155,LIHMOE__ligand26324-0
156,LIHMOE__ligand28559-0
157,LIHMOE__ligand7238-0
158,LIHMOE__ligand27239-0
159,LIHMOE__ligand21729-0
160,LIHMOE__ligand633-0
161,LIHMOE__ligand7280-0
162,LIHMOE__ligand1304-0
163,LIHMOE__ligand1790-0
164,LIHMOE__ligand1959-0
165,LIHMOE__ligand11949-0
166,LIHMOE__ligand300-0
167,LIHMOE__ligand3504-0
168,LIHMOE__ligand24780-0
169,LIHMOE__ligand9935-0
170,LIHMOE__ligand12138-0
171,LIHMOE__ligand22129-0
172,LIHMOE__ligand1573-0
173,LIHMOE__ligand1536-0
174,LIHMOE__ligand6616-0
175,LIHMOE__ligand3035-0
176,LIHMOE__ligand3876-0
177,LIHMOE__ligand1343-0
178,LIHMOE__ligand3718-0
179,LIHMOE__ligand588-0
180,LIHMOE__ligand25561-0
181,LIHMOE__ligand4661-0
182,LIHMOE__ligand1844-0
183,LIHMOE__ligand17-0
184,LIHMOE__ligand199-0
185,LIHMOE__ligand31694-0
186,LIHMOE__ligand7242-0
187,LIHMOE__ligand29486-0
188,LIHMOE__ligand7106-0
189,LIHMOE__ligand9908-0
190,LIHMOE__ligand1263-0
191,LIHMOE__ligand17427-0
192,LIHMOE__ligand13385-0
193,LIHMOE__ligand5211-0
194,LIHMOE__ligand14569-0
195,LIHMOE__ligand4155-0
196,LIHMOE__ligand3094-0
197,LIHMOE__ligand22444-0
198,LIHMOE__ligand24111-0
199,LIHMOE__ligand4720-0
200,LIHMOE__ligand13220-0
201,LIHMOE__ligand11587-0
202,LIHMOE__ligand15788-0
203,LIHMOE__ligand23175-0
204,LIHMOE__ligand6839-0
205,LIHMOE__ligand3131-0
206,LIHMOE__ligand1202-0
207,LIHMOE__ligand3937-0
208,LIHMOE__ligand3174-0
209,LIHMOE__ligand8969-0
210,LIHMOE__ligand17396-0
211,LIHMOE__ligand5331-0
212,LIHMOE__ligand30728-0
213,LIHMOE__ligand1512-0
214,LIHMOE__ligand27840-0
215,LIHMOE__ligand361-0
216,LIHMOE__ligand324-0
217,LIHMOE__ligand3565-0
218,LIHMOE__ligand24872-0
219,LIHMOE__ligand409-0
220,LIHMOE__ligand24644-0
221,LIHMOE__ligand10033-0
222,LIHMOE__ligand6919-0
223,LIHMOE__ligand12001-0
224,LIHMOE__ligand2485-0
225,LIHMOE__ligand3852-0
226,LIHMOE__ligand5056-0
227,LIHMOE__ligand4850-0
228,LIHMOE__ligand24851-0
229,LIHMOE__ligand845-0
230,LIHMOE__ligand5357-0
231,LIHMOE__ligand14302-0
232,LIHMOE__ligand3647-0
233,LIHMOE__ligand14347-0
234,LIHMOE__ligand13657-0
235,LIHMOE__ligand1688-0
236,LIHMOE__ligand11698-0
237,LIHMOE__ligand20530-0
238,LIHMOE__ligand11479-0
239,LIHMOE__ligand1469-0
240,LIHMOE__ligand27610-0
241,LIHMOE__ligand10479-0
242,LIHMOE__ligand3871-0
243,LIHMOE__ligand55-0
244,LIHMOE__ligand1768-0
245,LIHMOE__ligand10853-0
246,LIHMOE__ligand29441-0
247,LIHMOE__ligand68-0
248,LIHMOE__ligand5935-0
249,LIHMOE__ligand29813-0
250,LIHMOE__ligand16952-0
251,LIHMOE__ligand2722-0
252,LIHMOE__ligand163-0
253,LIHMOE__ligand126-0
254,LIHMOE__ligand1379-0
255,LIHMOE__ligand20220-0
256,LIHMOE__ligand3157-0
257,LIHMOE__ligand20121-0
258,LIHMOE__ligand9525-0
259,LIHMOE__ligand1165-0
260,LIHMOE__ligand15387-0
261,LIHMOE__ligand3392-0
262,LIHMOE__ligand596-0
263,LIHMOE__ligand941-0
264,LIHMOE__ligand1771-0
265,LIHMOE__ligand4911-0
266,LIHMOE__ligand10151-0
267,LIHMOE__ligand5849-0
268,LIHMOE__ligand777-0
269,LIHMOE__ligand19906-0
270,LIHMOE__ligand19668-0
271,LIHMOE__ligand366-0
272,LIHMOE__ligand2527-0
273,LIHMOE__ligand8349-0
274,LIHMOE__ligand187-0
275,LIHMOE__ligand1709-0
276,LIHMOE__ligand34-0
277,LIHMOE__ligand22353-0
278,LIHMOE__ligand8464-0
279,LIHMOE__ligand657-0
280,LIHMOE__ligand321-0
281,LIHMOE__ligand11606-0
282,LIHMOE__ligand3208-0
283,LIHMOE__ligand2208-0
284,LIHMOE__ligand31000-0
285,LIHMOE__ligand26673-0
286,LIHMOE__ligand8722-0
287,LIHMOE__ligand178-0
288,LIHMOE__ligand9809-0
289,LIHMOE__ligand6672-0
290,LIHMOE__ligand1327-0
291,LIHMOE__ligand279-0
292,LIHMOE__ligand20821-0
293,LIHMOE__ligand185-0
294,LIHMOE__ligand7573-0
295,LIHMOE__ligand2781-0
296,LIHMOE__ligand3350-0
297,LIHMOE__ligand1773-0
298,LIHMOE__ligand4581-0
299,LIHMOE__ligand201-0
300,LIHMOE__ligand2328-0
301,LIHMOE__ligand7162-0
302,LIHMOE__ligand18067-0
303,LIHMOE__ligand19824-0
304,LIHMOE__ligand3029-0
305,LIHMOE__ligand11252-0
306,LIHMOE__ligand9197-0
307,LIHMOE__ligand13260-0
308,LIHMOE__ligand1900-0
309,LIHMOE__ligand10582-0
310,LIHMOE__ligand31205-0
311,LIHMOE__ligand4131-0
312,LIHMOE__ligand1712-0
313,LIHMOE__ligand17686-0
314,LIHMOE__ligand25658-0
315,LIHMOE__ligand11177-0
316,LIHMOE__ligand338-0
317,LIHMOE__ligand5094-0
318,LIHMOE__ligand15455-0
319,LIHMOE__ligand5892-0
320,LIHMOE__ligand1533-0
321,LIHMOE__ligand16870-0
322,LIHMOE__ligand11622-0
323,LIHMOE__ligand7557-0
324,LIHMOE__ligand1496-0
325,LIHMOE__ligand11814-0
326,LIHMOE__ligand57-0
327,LIHMOE__ligand16603-0
328,LIHMOE__ligand384-0
329,LIHMOE__ligand14339-0
330,LIHMOE__ligand3215-0
331,LIHMOE__ligand13691-0
332,LIHMOE__ligand30788-0
333,LIHMOE__ligand21752-0
334,LIHMOE__ligand7107-0
335,LIHMOE__ligand6283-0
336,LIHMOE__ligand24560-0
337,LIHMOE__ligand18757-0
338,LIHMOE__ligand24624-0
339,LIHMOE__ligand16-0
340,LIHMOE__ligand20844-0
341,LIHMOE__ligand18413-0
342,LIHMOE__ligand4738-0
343,LIHMOE__ligand5813-0
344,LIHMOE__ligand4813-0
345,LIHMOE__ligand768-0
346,LIHMOE__ligand6062-0
347,LIHMOE__ligand32-0
348,LIHMOE__ligand7532-0
349,LIHMOE__ligand4194-0
350,LIHMOE__ligand4330-0
351,LIHMOE__ligand20557-0
352,LIHMOE__ligand2599-0
353,LIHMOE__ligand30004-0
354,LIHMOE__ligand21940-0
355,LIHMOE__ligand1147-0
356,LIHMOE__ligand25048-0
357,LIHMOE__ligand3973-0
358,LIHMOE__ligand13755-0
359,LIHMOE__ligand16133-0
360,LIHMOE__ligand141-0
361,LIHMOE__ligand7925-0
362,LIHMOE__ligand20432-0
363,LIHMOE__ligand2068-0
364,LIHMOE__ligand27122-0
365,LIHMOE__ligand240-0
366,LIHMOE__ligand23445-0
367,LIHMOE__ligand24953-0
368,LIHMOE__ligand3934-0
369,LIHMOE__ligand14477-0
370,LIHMOE__ligand17069-0
371,LIHMOE__ligand6882-0
372,LIHMOE__ligand6455-0
373,LIHMOE__ligand17445-0
374,LIHMOE__ligand20731-0
375,LIHMOE__ligand48-0
376,LIHMOE__ligand29334-0
377,LIHMOE__ligand693-0
378,LIHMOE__ligand2403-0
379,LIHMOE__ligand12413-0
380,LIHMOE__ligand11798-0
381,LIHMOE__ligand3012-0
382,LIHMOE__ligand21448-0
383,LIHMOE__ligand1449-0
384,LIHMOE__ligand7530-0
385,LIHMOE__ligand1065-0
386,LIHMOE__ligand11758-0
387,LIHMOE__ligand22357-0
388,LIHMOE__ligand9681-0
389,LIHMOE__ligand29214-0
390,LIHMOE__ligand11544-0
391,LIHMOE__ligand11501-0
392,LIHMOE__ligand4332-0
393,LIHMOE__ligand51-0
394,LIHMOE__ligand1729-0
395,LIHMOE__ligand27550-0
396,LIHMOE__ligand5627-0
397,LIHMOE__ligand2830-0
398,LIHMOE__ligand5316-0
399,LIHMOE__ligand5483-0
400,LIHMOE__ligand14007-0
401,LIHMOE__ligand8-0
402,LIHMOE__ligand18019-1
403,LIHMOE__ligand23682-0
404,LIHMOE__ligand29565-0
405,LIHMOE__ligand27771-0
406,LIHMOE__ligand9148-0
407,LIHMOE__ligand18158-0
408,LIHMOE__ligand757-0
409,LIHMOE__ligand16956-0
410,LIHMOE__ligand21339-0
411,LIHMOE__ligand14226-0
412,LIHMOE__ligand1415-0
413,LIHMOE__ligand6946-0
414,LIHMOE__ligand122-0
415,LIHMOE__ligand20942-1
416,LIHMOE__ligand91-0
417,LIHMOE__ligand7529-0
418,LIHMOE__ligand7438-0
419,LIHMOE__ligand8200-0
420,LIHMOE__ligand4063-0
421,LIHMOE__ligand16791-0
422,LIHMOE__ligand28668-0
423,LIHMOE__ligand3042-0
424,LIHMOE__ligand18799-0
425,LIHMOE__ligand196-0
426,LIHMOE__ligand18465-0
427,LIHMOE__ligand686-0
428,LIHMOE__ligand3453-0
429,LIHMOE__ligand18-0
430,LIHMOE__ligand3416-0
431,LIHMOE__ligand13869-0
432,LIHMOE__ligand18074-0
433,LIHMOE__ligand29863-0
434,LIHMOE__ligand4207-0
435,LIHMOE__ligand29610-0
436,LIHMOE__ligand1539-0
437,LIHMOE__ligand422-0
438,LIHMOE__ligand1150-0
439,LIHMOE__ligand4-0
440,LIHMOE__ligand11140-0
441,LIHMOE__ligand10084-0
442,LIHMOE__ligand1400-0
443,LIHMOE__ligand4266-0
444,LIHMOE__ligand9491-0
445,LIHMOE__ligand25267-0
446,LIHMOE__ligand12467-0
447,LIHMOE__ligand4167-0
448,LIHMOE__ligand1288-0
449,LIHMOE__ligand21936-0
450,LIHMOE__ligand13257-0
451,LIHMOE__ligand23904-0
452,LIHMOE__ligand393-0
453,LIHMOE__ligand7075-0
454,LIHMOE__ligand27074-0
455,LIHMOE__ligand3980-0
456,LIHMOE__ligand3557-0
457,LIHMOE__ligand20599-0
458,LIHMOE__ligand353-0
459,LIHMOE__ligand25805-0
460,LIHMOE__ligand22981-0
461,LIHMOE__ligand1149-0
462,LIHMOE__ligand1779-0
463,LIHMOE__ligand6993-0
464,LIHMOE__ligand1817-0
465,LIHMOE__ligand18391-0
466,LIHMOE__ligand9750-0
467,LIHMOE__ligand14523-0
468,LIHMOE__ligand27169-0
469,LIHMOE__ligand1908-0
470,LIHMOE__ligand780-0
471,LIHMOE__ligand314-0
472,LIHMOE__ligand27835-0
473,LIHMOE__ligand4795-0
474,LIHMOE__ligand3285-0
475,LIHMOE__ligand813-0
476,LIHMOE__ligand12295-0
477,LIHMOE__ligand1786-0
478,LIHMOE__ligand25689-0
479,LIHMOE__ligand25575-0
480,LIHMOE__ligand21787-0
481,LIHMOE__ligand5630-0
482,LIHMOE__ligand1828-0
483,LIHMOE__ligand30539-0
484,LIHMOE__ligand7213-0
485,LIHMOE__ligand1397-0
486,LIHMOE__ligand8042-0
487,LIHMOE__ligand618-0
488,LIHMOE__ligand6112-0
489,LIHMOE__ligand391-0
490,LIHMOE__ligand5085-0
491,LIHMOE__ligand3144-0
492,LIHMOE__ligand23906-0
493,LIHMOE__ligand5755-0
494,LIHMOE__ligand4710-0
495,LIHMOE__ligand11166-0
496,LIHMOE__ligand21132-0
497,LIHMOE__ligand1849-0
498,LIHMOE__ligand12519-0
499,LIHMOE__ligand25735-0
500,LIHMOE__ligand5019-0
501,LIHMOE__ligand465-0
502,LIHMOE__ligand1152-0
503,LIHMOE__ligand3261-0
504,LIHMOE__ligand23124-0
505,LIHMOE__ligand11206-0
506,LIHMOE__ligand1216-0
507,LIHMOE__ligand12660-0
508,LIHMOE__ligand19257-0
509,LIHMOE__ligand13209-0
510,LIHMOE__ligand25650-0
511,LIHMOE__ligand1831-0
512,LIHMOE__ligand31248-0
513,LIHMOE__ligand5280-0
514,LIHMOE__ligand5614-0
515,LIHMOE__ligand314-1
516,LIHMOE__ligand6663-0
517,LIHMOE__ligand5515-0
518,LIHMOE__ligand8553-0
519,LIHMOE__ligand1113-0
520,LIHMOE__ligand26277-0
521,LIHMOE__ligand29898-0
522,LIHMOE__ligand115-0
523,LIHMOE__ligand5201-0
524,LIHMOE__ligand10432-0
525,LIHMOE__ligand31618-0
526,LIHMOE__ligand11432-0
527,LIHMOE__ligand22755-0
528,LIHMOE__ligand2001-0
529,LIHMOE__ligand15168-0
530,LIHMOE__ligand66-0
531,LIHMOE__ligand7566-0
532,LIHMOE__ligand24064-0
533,LIHMOE__ligand23589-0
534,LIHMOE__ligand833-0
535,LIHMOE__ligand8593-0
536,LIHMOE__ligand9944-0
537,LIHMOE__ligand6995-0
538,LIHMOE__ligand29087-0
539,LIHMOE__ligand42-0
540,LIHMOE__ligand2823-0
541,LIHMOE__ligand18703-0
542,LIHMOE__ligand15438-0
543,LIHMOE__ligand4340-0
544,LIHMOE__ligand28924-0
545,LIHMOE__ligand2650-0
546,LIHMOE__ligand2281-0
547,LIHMOE__ligand3180-0
548,LIHMOE__ligand784-0
549,LIHMOE__ligand24750-0
550,LIHMOE__ligand368-0
551,LIHMOE__ligand5415-0
552,LIHMOE__ligand395-0
553,LIHMOE__ligand18013-0
554,LIHMOE__ligand25224-0
555,LIHMOE__ligand17945-0
556,LIHMOE__ligand17207-0
557,LIHMOE__ligand3471-0
558,LIHMOE__ligand4161-0
559,LIHMOE__ligand31578-0
560,LIHMOE__ligand4124-0
561,LIHMOE__ligand746-0
562,LIHMOE__ligand1618-0
563,LIHMOE__ligand12682-0
564,LIHMOE__ligand447-0
565,LIHMOE__ligand2692-0
566,LIHMOE__ligand18699-0
567,LIHMOE__ligand17240-0
568,LIHMOE__ligand38-0
569,LIHMOE__ligand1028-0
570,LIHMOE__ligand17590-0
571,LIHMOE__ligand176-0
572,LIHMOE__ligand4262-0
573,LIHMOE__ligand13072-0
574,LIHMOE__ligand2027-0
575,LIHMOE__ligand1015-0
576,LIHMOE__ligand1050-0
577,LIHMOE__ligand12336-0
578,LIHMOE__ligand487-0
579,LIHMOE__ligand506-0
580,LIHMOE__ligand24613-0
581,LIHMOE__ligand19725-0
582,LIHMOE__ligand31483-0
583,LIHMOE__ligand10555-0
584,LIHMOE__ligand1169-0
585,LIHMOE__ligand8529-0
586,LIHMOE__ligand1154-0
587,LIHMOE__ligand20579-0
588,LIHMOE__ligand17710-0
589,LIHMOE__ligand11568-0
590,LIHMOE__ligand9615-0
591,LIHMOE__ligand21421-0
592,LIHMOE__ligand152-0
593,LIHMOE__ligand1498-0
594,LIHMOE__ligand11774-0
595,LIHMOE__ligand4596-0
596,LIHMOE__ligand14586-0
597,LIHMOE__ligand2906-0
598,LIHMOE__ligand25411-0
599,LIHMOE__ligand3244-0
600,LIHMOE__ligand4711-0
601,LIHMOE__ligand4649-0
602,LIHMOE__ligand5649-0
603,LIHMOE__ligand2788-0
604,LIHMOE__ligand8793-0
605,LIHMOE__ligand10712-0
606,LIHMOE__ligand235-0
607,LIHMOE__ligand14174-0
608,LIHMOE__ligand134-0
609,LIHMOE__ligand11456-0
610,LIHMOE__ligand1787-0
611,LIHMOE__ligand1356-0
612,LIHMOE__ligand5530-0
613,LIHMOE__ligand12030-0
614,LIHMOE__ligand29879-0
615,LIHMOE__ligand14248-0
616,LIHMOE__ligand9753-0
617,LIHMOE__ligand13331-0
618,LIHMOE__ligand7196-0
619,LIHMOE__ligand560-0
620,LIHMOE__ligand28884-0
621,LIHMOE__ligand5159-0
622,LIHMOE__ligand4807-0
623,LIHMOE__ligand31832-0
624,LIHMOE__ligand3178-0
625,LIHMOE__ligand13294-0
626,LIHMOE__ligand294-0
627,LIHMOE__ligand5180-0
628,LIHMOE__ligand6017-0
629,LIHMOE__ligand27482-0
630,LIHMOE__ligand26810-0
631,LIHMOE__ligand7316-0
632,LIHMOE__ligand5708-0
633,LIHMOE__ligand13208-0
634,LIHMOE__ligand421-0
635,LIHMOE__ligand2260-0
636,LIHMOE__ligand7092-0
637,LIHMOE__ligand1116-0
638,LIHMOE__ligand1153-0
639,LIHMOE__ligand3225-0
640,LIHMOE__ligand20682-0
641,LIHMOE__ligand8612-0
642,LIHMOE__ligand2124-0
643,LIHMOE__ligand7172-0
644,LIHMOE__ligand13390-0
645,LIHMOE__ligand685-0
646,LIHMOE__ligand7273-0
647,LIHMOE__ligand9323-0
648,LIHMOE__ligand20539-0
649,LIHMOE__ligand6391-0
650,LIHMOE__ligand3126-0
651,LIHMOE__ligand9284-0
652,LIHMOE__ligand20251-0
653,LIHMOE__ligand30702-0
654,LIHMOE__ligand20214-0
655,LIHMOE__ligand1114-0
656,LIHMOE__ligand21581-0
657,LIHMOE__ligand31097-0
658,LIHMOE__ligand2417-0
659,LIHMOE__ligand17261-0
660,LIHMOE__ligand19-0
661,LIHMOE__ligand14117-0
662,LIHMOE__ligand20419-0
663,LIHMOE__ligand2043-0
664,LIHMOE__ligand17118-0
665,LIHMOE__ligand21371-0
666,LIHMOE__ligand1832-0
667,LIHMOE__ligand197-0
668,LIHMOE__ligand8788-0
669,LIHMOE__ligand28789-0
670,LIHMOE__ligand24-0
671,LIHMOE__ligand29568-0
672,LIHMOE__ligand1604-0
673,LIHMOE__ligand30851-0
674,LIHMOE__ligand1228-0
675,LIHMOE__ligand9943-0
676,LIHMOE__ligand14889-0
677,LIHMOE__ligand20011-0
678,LIHMOE__ligand17278-0
679,LIHMOE__ligand45-0
680,LIHMOE__ligand9450-0
681,LIHMOE__ligand29414-0
682,LIHMOE__ligand17982-0
683,LIHMOE__ligand2612-0
684,LIHMOE__ligand17398-0
685,LIHMOE__ligand11675-0
686,LIHMOE__ligand20598-0
687,LIHMOE__ligand783-0
688,LIHMOE__ligand352-0
689,LIHMOE__ligand22557-0
690,LIHMOE__ligand10589-0
691,LIHMOE__ligand1599-0
692,LIHMOE__ligand24047-0
693,LIHMOE__ligand1289-0
694,LIHMOE__ligand5387-0
695,LIHMOE__ligand2203-0
696,LIHMOE__ligand14703-0
697,LIHMOE__ligand16475-0
698,LIHMOE__ligand868-0
699,LIHMOE__ligand20251-1
700,LIHMOE__ligand78-0
701,LIHMOE__ligand4007-0
702,LIHMOE__ligand2985-0
703,LIHMOE__ligand30333-0
704,LIHMOE__ligand9299-0
705,LIHMOE__ligand12606-0
706,LIHMOE__ligand30296-0
707,LIHMOE__ligand909-0
708,LIHMOE__ligand7291-0
709,LIHMOE__ligand17281-0
710,LIHMOE__ligand3677-1
711,LIHMOE__ligand9883-0
712,LIHMOE__ligand26540-0
713,LIHMOE__ligand29410-0
714,LIHMOE__ligand12337-0
715,LIHMOE__ligand12427-0
716,LIHMOE__ligand9344-0
717,LIHMOE__ligand20740-0
718,LIHMOE__ligand28468-0
719,LIHMOE__ligand177-0
720,LIHMOE__ligand3736-0
721,LIHMOE__ligand16628-0
722,LIHMOE__ligand8000-0
723,LIHMOE__ligand3945-0
724,LIHMOE__ligand27460-0
725,LIHMOE__ligand2693-0
726,LIHMOE__ligand5383-0
727,LIHMOE__ligand23713-0
728,LIHMOE__ligand18832-0
729,LIHMOE__ligand27175-0
730,LIHMOE__ligand116-0
731,LIHMOE__ligand3712-0
732,LIHMOE__ligand1464-0
733,LIHMOE__ligand1499-0
734,LIHMOE__ligand2881-0
735,LIHMOE__ligand252-0
736,LIHMOE__ligand30988-0
737,LIHMOE__ligand14723-0
738,LIHMOE__ligand6892-0
739,LIHMOE__ligand1-0
740,LIHMOE__ligand27893-0
741,LIHMOE__ligand15422-0
742,LIHMOE__ligand20578-0
743,LIHMOE__ligand12934-0
744,LIHMOE__ligand1211-0
745,LIHMOE__ligand19641-0
746,LIHMOE__ligand3677-0
747,LIHMOE__ligand3632-0
748,LIHMOE__ligand830-0
749,LIHMOE__ligand31783-0
750,LIHMOE__ligand1168-0
751,LIHMOE__ligand1294-0
752,LIHMOE__ligand372-0
753,LIHMOE__ligand14297-0
754,LIHMOE__ligand14603-0
755,LIHMOE__ligand193-0
756,LIHMOE__ligand17258-0
757,LIHMOE__ligand6699-0
758,LIHMOE__ligand13012-0
759,LIHMOE__ligand17631-0
760,LIHMOE__ligand26665-0
761,LIHMOE__ligand1296-0
762,LIHMOE__ligand17302-0
763,LIHMOE__ligand370-0
764,LIHMOE__ligand2259-0
765,LIHMOE__ligand1197-0
766,LIHMOE__ligand17805-0
767,LIHMOE__ligand8592-0
768,LIHMOE__ligand5099-0
769,LIHMOE__ligand24185-0
770,LIHMOE__ligand9773-0
771,LIHMOE__ligand1376-0
772,LIHMOE__ligand23769-0
773,LIHMOE__ligand5510-0
774,LIHMOE__ligand67-0
775,LIHMOE__ligand25178-0
776,LIHMOE__ligand15585-0
777,LIHMOE__ligand250-0
778,LIHMOE__ligand5595-0
779,LIHMOE__ligand12401-0
780,LIHMOE__ligand4101-0
781,LIHMOE__ligand24145-0
782,LIHMOE__ligand10476-0
783,LIHMOE__ligand19830-0
784,LIHMOE__ligand13068-0
785,LIHMOE__ligand13658-0
786,LIHMOE__ligand26702-0
787,LIHMOE__ligand4358-0
788,LIHMOE__ligand12289-0
789,LIHMOE__ligand18292-0
790,LIHMOE__ligand12130-0
791,LIHMOE__ligand17387-0
792,LIHMOE__ligand3926-0
793,LIHMOE__ligand3120-0
794,LIHMOE__ligand12231-0
795,LIHMOE__ligand2221-0
796,LIHMOE__ligand3-0
797,LIHMOE__ligand19057-0
798,LIHMOE__ligand8002-0
799,LIHMOE__ligand18814-0
800,LIHMOE__ligand5509-0
801,LIHMOE__ligand6117-0
802,LIHMOE__ligand1407-0
803,LIHMOE__ligand188-0
804,LIHMOE__ligand13425-0
805,LIHMOE__ligand29302-0
806,LIHMOE__ligand10262-0
807,LIHMOE__ligand5080-0
808,LIHMOE__ligand7762-0
809,LIHMOE__ligand28676-0
810,LIHMOE__ligand27763-0
811,LIHMOE__ligand9167-0
812,LIHMOE__ligand5304-0
813,LIHMOE__ligand12641-0
814,LIHMOE__ligand10958-0
815,LIHMOE__ligand2238-0
816,LIHMOE__ligand479-0
817,LIHMOE__ligand311-0
818,LIHMOE__ligand785-0
819,LIHMOE__ligand564-0
820,LIHMOE__ligand43-0
821,LIHMOE__ligand14108-0
822,LIHMOE__ligand3867-0
823,LIHMOE__ligand1317-0
824,LIHMOE__ligand7293-0
825,LIHMOE__ligand2822-0
826,LIHMOE__ligand620-0
827,LIHMOE__ligand370-1
