,TMC
0,KIWMUA__ligand2442-0
1,KIWMUA__ligand422-0
2,KIWMUA__ligand1019-0
3,KIWMUA__ligand7414-0
4,KIWMUA__ligand5762-0
5,KIWMUA__ligand1104-0
6,KIWMUA__ligand113-0
7,KIWMUA__ligand502-0
8,KIWMUA__ligand196-0
9,KIWMUA__ligand6571-0
10,KIWMUA__ligand1325-0
11,KIWMUA__ligand2482-0
12,KIWMUA__ligand2929-0
13,KIWMUA__ligand353-0
14,KIWMUA__ligand2376-0
15,KIWMUA__ligand11-0
16,KIWMUA__ligand1379-0
17,KIWMUA__ligand1221-0
18,KIWMUA__ligand1264-0
19,KIWMUA__ligand236-0
20,KIWMUA__ligand6430-0
21,KIWMUA__ligand1299-0
22,KIWMUA__ligand391-0
23,KIWMUA__ligand1712-0
24,KIWMUA__ligand3579-0
25,KIWMUA__ligand2916-0
26,KIWMUA__ligand170-0
27,KIWMUA__ligand2110-0
28,KIWMUA__ligand1919-0
29,KIWMUA__ligand314-0
30,KIWMUA__ligand2389-0
31,KIWMUA__ligand481-0
32,KIWMUA__ligand5334-0
33,KIWMUA__ligand4504-0
34,KIWMUA__ligand3051-0
35,KIWMUA__ligand2480-0
36,KIWMUA__ligand1898-0
37,KIWMUA__ligand2315-0
38,KIWMUA__ligand1858-0
39,KIWMUA__ligand8032-0
40,KIWMUA__ligand210-0
41,KIWMUA__ligand3853-0
42,KIWMUA__ligand2853-0
43,KIWMUA__ligand5089-0
44,KIWMUA__ligand2599-0
45,KIWMUA__ligand291-0
46,KIWMUA__ligand115-0
47,KIWMUA__ligand1246-0
48,KIWMUA__ligand6166-0
49,KIWMUA__ligand17-0
50,KIWMUA__ligand92-0
51,KIWMUA__ligand8-0
52,KIWMUA__ligand1307-0
53,KIWMUA__ligand485-0
54,KIWMUA__ligand784-0
55,KIWMUA__ligand355-0
56,KIWMUA__ligand3337-0
57,KIWMUA__ligand7514-0
58,KIWMUA__ligand487-0
59,KIWMUA__ligand666-0
60,KIWMUA__ligand4811-0
61,KIWMUA__ligand1449-1
62,KIWMUA__ligand522-0
63,KIWMUA__ligand133-0
64,KIWMUA__ligand1260-0
65,KIWMUA__ligand4894-0
66,KIWMUA__ligand9620-0
67,KIWMUA__ligand447-0
68,KIWMUA__ligand682-0
69,KIWMUA__ligand89-0
70,KIWMUA__ligand11730-0
71,KIWMUA__ligand1788-0
72,KIWMUA__ligand1321-0
73,KIWMUA__ligand49-0
74,KIWMUA__ligand3566-0
75,KIWMUA__ligand1178-0
76,KIWMUA__ligand109-0
77,KIWMUA__ligand560-0
78,KIWMUA__ligand525-0
79,KIWMUA__ligand1918-0
80,KIWMUA__ligand2255-0
81,KIWMUA__ligand235-0
82,KIWMUA__ligand932-0
83,KIWMUA__ligand134-0
84,KIWMUA__ligand390-0
85,KIWMUA__ligand4175-0
86,KIWMUA__ligand57-0
87,KIWMUA__ligand916-0
88,KIWMUA__ligand584-0
89,KIWMUA__ligand3618-0
90,KIWMUA__ligand2618-0
91,KIWMUA__ligand798-0
92,KIWMUA__ligand73-0
93,KIWMUA__ligand421-0
94,KIWMUA__ligand1436-0
95,KIWMUA__ligand331-0
96,KIWMUA__ligand993-0
97,KIWMUA__ligand4370-0
98,KIWMUA__ligand294-0
99,KIWMUA__ligand1551-0
100,KIWMUA__ligand296-0
101,KIWMUA__ligand197-0
102,KIWMUA__ligand2526-0
103,KIWMUA__ligand112-0
104,KIWMUA__ligand1690-0
105,KIWMUA__ligand2707-0
106,KIWMUA__ligand34-0
107,KIWMUA__ligand136-0
108,KIWMUA__ligand2915-0
109,KIWMUA__ligand55-0
110,KIWMUA__ligand442-0
111,KIWMUA__ligand868-0
112,KIWMUA__ligand95-0
113,KIWMUA__ligand783-0
114,KIWMUA__ligand352-0
115,KIWMUA__ligand4012-0
116,KIWMUA__ligand3196-0
117,KIWMUA__ligand2762-0
118,KIWMUA__ligand1038-0
119,KIWMUA__ligand51-0
120,KIWMUA__ligand2253-0
121,KIWMUA__ligand1160-0
122,KIWMUA__ligand934-0
123,KIWMUA__ligand177-0
124,KIWMUA__ligand2954-0
125,KIWMUA__ligand5093-0
126,KIWMUA__ligand909-0
127,KIWMUA__ligand7550-0
128,KIWMUA__ligand29-0
129,KIWMUA__ligand851-0
130,KIWMUA__ligand91-0
131,KIWMUA__ligand1285-0
132,KIWMUA__ligand193-0
133,KIWMUA__ligand1555-0
134,KIWMUA__ligand7630-0
135,KIWMUA__ligand830-0
136,KIWMUA__ligand48-0
137,KIWMUA__ligand3890-0
138,KIWMUA__ligand955-0
139,KIWMUA__ligand4423-0
140,KIWMUA__ligand252-0
141,KIWMUA__ligand1907-0
142,KIWMUA__ligand1818-0
143,KIWMUA__ligand32-0
144,KIWMUA__ligand460-0
145,KIWMUA__ligand7456-0
146,KIWMUA__ligand250-0
147,KIWMUA__ligand5758-0
148,KIWMUA__ligand370-0
149,KIWMUA__ligand3478-0
150,KIWMUA__ligand3852-0
151,KIWMUA__ligand9176-0
152,KIWMUA__ligand2718-0
153,KIWMUA__ligand3070-0
154,KIWMUA__ligand3035-0
155,KIWMUA__ligand1493-0
156,KIWMUA__ligand311-0
157,KIWMUA__ligand444-0
158,KIWMUA__ligand4619-0
159,KIWMUA__ligand369-0
160,KIWMUA__ligand5235-0
161,KIWMUA__ligand6143-0
162,KIWMUA__ligand188-0
163,KIWMUA__ligand3251-0
164,KIWMUA__ligand365-0
165,KIWMUA__ligand3041-0
166,KIWMUA__ligand2634-0
167,KIWMUA__ligand1542-0
168,KIWMUA__ligand278-0
169,KIWMUA__ligand10910-0
170,KIWMUA__ligand669-0
171,KIWMUA__ligand2751-0
172,KIWMUA__ligand62-0
173,KIWMUA__ligand358-0
174,KIWMUA__ligand430-0
175,KIWMUA__ligand3145-0
176,KIWMUA__ligand509-0
177,KIWMUA__ligand6686-0
178,KIWMUA__ligand1747-0
179,KIWMUA__ligand7915-0
180,KIWMUA__ligand5548-0
181,KIWMUA__ligand86-0
182,KIWMUA__ligand2863-0
183,KIWMUA__ligand2098-0
184,KIWMUA__ligand14530-0
185,KIWMUA__ligand6502-0
186,KIWMUA__ligand571-0
187,KIWMUA__ligand6332-0
188,KIWMUA__ligand670-0
189,KIWMUA__ligand3178-0
190,KIWMUA__ligand118-0
191,KIWMUA__ligand10479-0
192,KIWMUA__ligand1479-0
193,KIWMUA__ligand1148-0
194,KIWMUA__ligand3246-0
195,KIWMUA__ligand226-0
196,KIWMUA__ligand162-0
197,KIWMUA__ligand383-0
198,KIWMUA__ligand1538-0
199,KIWMUA__ligand10114-0
200,KIWMUA__ligand1114-0
201,KIWMUA__ligand18-0
202,KIWMUA__ligand9244-0
203,KIWMUA__ligand1228-0
204,KIWMUA__ligand3757-0
205,KIWMUA__ligand3-0
206,KIWMUA__ligand2087-0
207,KIWMUA__ligand436-0
208,KIWMUA__ligand21-0
209,KIWMUA__ligand1048-0
210,KIWMUA__ligand206-0
211,KIWMUA__ligand1685-0
212,KIWMUA__ligand142-0
213,KIWMUA__ligand283-0
214,KIWMUA__ligand1544-0
215,KIWMUA__ligand553-0
216,KIWMUA__ligand326-0
217,KIWMUA__ligand1459-0
218,KIWMUA__ligand821-0
219,KIWMUA__ligand5801-0
220,KIWMUA__ligand532-0
221,KIWMUA__ligand918-0
222,KIWMUA__ligand633-0
223,KIWMUA__ligand497-0
224,KIWMUA__ligand3063-0
225,KIWMUA__ligand1438-0
226,KIWMUA__ligand38-0
227,KIWMUA__ligand40-0
228,KIWMUA__ligand838-0
229,KIWMUA__ligand166-0
230,KIWMUA__ligand1171-0
231,KIWMUA__ligand3734-0
232,KIWMUA__ligand1706-0
233,KIWMUA__ligand199-0
234,KIWMUA__ligand4381-0
235,KIWMUA__ligand2629-0
236,KIWMUA__ligand927-0
237,KIWMUA__ligand575-0
238,KIWMUA__ligand2688-0
239,KIWMUA__ligand2259-0
240,KIWMUA__ligand1376-0
241,KIWMUA__ligand2768-0
242,KIWMUA__ligand361-0
243,KIWMUA__ligand324-0
244,KIWMUA__ligand409-0
245,KIWMUA__ligand66-0
246,KIWMUA__ligand6277-0
247,KIWMUA__ligand1-0
248,KIWMUA__ligand1687-0
249,KIWMUA__ligand105-0
250,KIWMUA__ligand140-0
251,KIWMUA__ligand1951-0
252,KIWMUA__ligand45-0
253,KIWMUA__ligand7464-0
254,KIWMUA__ligand126-0
255,KIWMUA__ligand1248-0
256,KIWMUA__ligand4303-0
257,KIWMUA__ligand1598-0
258,KIWMUA__ligand78-0
259,KIWMUA__ligand1054-0
260,KIWMUA__ligand6294-0
261,KIWMUA__ligand85-0
262,KIWMUA__ligand187-0
263,KIWMUA__ligand612-0
264,KIWMUA__ligand3637-0
265,KIWMUA__ligand8774-0
266,KIWMUA__ligand861-0
267,KIWMUA__ligand366-0
268,KIWMUA__ligand6-0
269,KIWMUA__ligand596-0
270,KIWMUA__ligand4-0
271,KIWMUA__ligand1727-0
272,KIWMUA__ligand1152-0
273,KIWMUA__ligand244-0
274,KIWMUA__ligand201-0
275,KIWMUA__ligand100-0
276,KIWMUA__ligand178-0
277,KIWMUA__ligand279-0
278,KIWMUA__ligand1607-0
279,KIWMUA__ligand321-0
280,KIWMUA__ligand2510-0
281,KIWMUA__ligand2285-0
282,KIWMUA__ligand1567-0
283,KIWMUA__ligand119-0
284,KIWMUA__ligand8921-0
285,KIWMUA__ligand2862-0
286,KIWMUA__ligand15630-0
287,KIWMUA__ligand10357-0
288,KIWMUA__ligand2320-0
289,KIWMUA__ligand1056-0
290,KIWMUA__ligand1703-0
291,KIWMUA__ligand2430-0
292,KIWMUA__ligand124-0
293,KIWMUA__ligand2907-0
294,KIWMUA__ligand1052-0
295,KIWMUA__ligand1273-0
296,KIWMUA__ligand120-0
297,KIWMUA__ligand384-0
298,KIWMUA__ligand6396-0
299,KIWMUA__ligand141-0
300,KIWMUA__ligand1113-0
301,KIWMUA__ligand240-0
302,KIWMUA__ligand2265-0
303,KIWMUA__ligand67-0
304,KIWMUA__ligand9027-0
305,KIWMUA__ligand4983-0
306,KIWMUA__ligand2345-0
307,KIWMUA__ligand2794-0
308,KIWMUA__ligand1835-0
309,KIWMUA__ligand1502-0
310,KIWMUA__ligand5022-0
311,KIWMUA__ligand1169-0
312,KIWMUA__ligand2838-0
313,KIWMUA__ligand1799-0
314,KIWMUA__ligand3838-0
315,KIWMUA__ligand5941-0
316,KIWMUA__ligand2880-0
317,KIWMUA__ligand2142-0
318,KIWMUA__ligand6538-0
319,KIWMUA__ligand9495-0
320,KIWMUA__ligand6151-0
321,KIWMUA__ligand2772-0
322,KIWMUA__ligand757-0
323,KIWMUA__ligand2864-0
324,KIWMUA__ligand797-0
