,TMC
0,POHSUA__ligand1599-0
1,POHSUA__ligand20557-0
2,POHSUA__ligand30004-0
3,POHSUA__ligand2612-0
4,POHSUA__ligand9450-0
5,POHSUA__ligand353-0
6,POHSUA__ligand16133-0
7,POHSUA__ligand13755-0
8,POHSUA__ligand20432-0
9,POHSUA__ligand27122-0
10,POHSUA__ligand393-0
11,POHSUA__ligand23445-0
12,POHSUA__ligand24953-0
13,POHSUA__ligand21940-0
14,POHSUA__ligand25048-0
15,POHSUA__ligand1289-0
16,POHSUA__ligand2203-0
17,POHSUA__ligand5387-0
18,POHSUA__ligand21752-0
19,POHSUA__ligand57-0
20,POHSUA__ligand422-0
21,POHSUA__ligand2417-0
22,POHSUA__ligand1114-0
23,POHSUA__ligand686-0
24,POHSUA__ligand14339-0
25,POHSUA__ligand3126-0
26,POHSUA__ligand6391-0
27,POHSUA__ligand13691-0
28,POHSUA__ligand30788-0
29,POHSUA__ligand9284-0
30,POHSUA__ligand9943-0
31,POHSUA__ligand1228-0
32,POHSUA__ligand196-0
33,POHSUA__ligand1604-0
34,POHSUA__ligand8788-0
35,POHSUA__ligand1832-0
36,POHSUA__ligand24560-0
37,POHSUA__ligand18757-0
38,POHSUA__ligand2043-0
39,POHSUA__ligand24624-0
40,POHSUA__ligand20844-0
41,POHSUA__ligand18413-0
42,POHSUA__ligand7316-0
43,POHSUA__ligand5708-0
44,POHSUA__ligand314-1
45,POHSUA__ligand14007-0
46,POHSUA__ligand6017-0
47,POHSUA__ligand18019-1
48,POHSUA__ligand68-0
49,POHSUA__ligand27550-0
50,POHSUA__ligand5180-0
51,POHSUA__ligand16956-0
52,POHSUA__ligand21339-0
53,POHSUA__ligand14226-0
54,POHSUA__ligand7273-0
55,POHSUA__ligand20942-1
56,POHSUA__ligand465-0
57,POHSUA__ligand9323-0
58,POHSUA__ligand55-0
59,POHSUA__ligand7172-0
60,POHSUA__ligand8612-0
61,POHSUA__ligand23682-0
62,POHSUA__ligand29565-0
63,POHSUA__ligand2124-0
64,POHSUA__ligand27771-0
65,POHSUA__ligand3225-0
66,POHSUA__ligand1153-0
67,POHSUA__ligand1116-0
68,POHSUA__ligand18158-0
69,POHSUA__ligand7092-0
70,POHSUA__ligand2260-0
71,POHSUA__ligand20731-0
72,POHSUA__ligand391-0
73,POHSUA__ligand29334-0
74,POHSUA__ligand34-0
75,POHSUA__ligand12413-0
76,POHSUA__ligand8793-0
77,POHSUA__ligand2788-0
78,POHSUA__ligand5649-0
79,POHSUA__ligand11798-0
80,POHSUA__ligand4649-0
81,POHSUA__ligand4711-0
82,POHSUA__ligand3244-0
83,POHSUA__ligand14477-0
84,POHSUA__ligand17069-0
85,POHSUA__ligand618-0
86,POHSUA__ligand17445-0
87,POHSUA__ligand2906-0
88,POHSUA__ligand3178-0
89,POHSUA__ligand29214-0
90,POHSUA__ligand11544-0
91,POHSUA__ligand11501-0
92,POHSUA__ligand4807-0
93,POHSUA__ligand7196-0
94,POHSUA__ligand21448-0
95,POHSUA__ligand314-0
96,POHSUA__ligand780-0
97,POHSUA__ligand5159-0
98,POHSUA__ligand5530-0
99,POHSUA__ligand1356-0
100,POHSUA__ligand1787-0
101,POHSUA__ligand9753-0
102,POHSUA__ligand11758-0
103,POHSUA__ligand22357-0
104,POHSUA__ligand813-0
105,POHSUA__ligand10151-0
106,POHSUA__ligand7762-0
107,POHSUA__ligand5080-0
108,POHSUA__ligand368-0
109,POHSUA__ligand5509-0
110,POHSUA__ligand395-0
111,POHSUA__ligand8002-0
112,POHSUA__ligand1407-0
113,POHSUA__ligand6117-0
114,POHSUA__ligand2822-0
115,POHSUA__ligand7293-0
116,POHSUA__ligand1317-0
117,POHSUA__ligand3867-0
118,POHSUA__ligand48-0
119,POHSUA__ligand22353-0
120,POHSUA__ligand784-0
121,POHSUA__ligand19906-0
122,POHSUA__ligand2238-0
123,POHSUA__ligand19668-0
124,POHSUA__ligand9167-0
125,POHSUA__ligand5304-0
126,POHSUA__ligand11479-0
127,POHSUA__ligand27610-0
128,POHSUA__ligand10479-0
129,POHSUA__ligand91-0
130,POHSUA__ligand9773-0
131,POHSUA__ligand833-0
132,POHSUA__ligand10853-0
133,POHSUA__ligand5510-0
134,POHSUA__ligand29441-0
135,POHSUA__ligand1376-0
136,POHSUA__ligand1197-0
137,POHSUA__ligand24851-0
138,POHSUA__ligand5099-0
139,POHSUA__ligand8592-0
140,POHSUA__ligand1296-0
141,POHSUA__ligand14302-0
142,POHSUA__ligand14347-0
143,POHSUA__ligand13657-0
144,POHSUA__ligand11698-0
145,POHSUA__ligand2259-0
146,POHSUA__ligand20530-0
147,POHSUA__ligand20220-0
148,POHSUA__ligand2221-0
149,POHSUA__ligand115-0
150,POHSUA__ligand20121-0
151,POHSUA__ligand4358-0
152,POHSUA__ligand3120-0
153,POHSUA__ligand3926-0
154,POHSUA__ligand15387-0
155,POHSUA__ligand51-0
156,POHSUA__ligand29813-0
157,POHSUA__ligand16952-0
158,POHSUA__ligand4101-0
159,POHSUA__ligand5595-0
160,POHSUA__ligand11177-0
161,POHSUA__ligand1211-0
162,POHSUA__ligand152-0
163,POHSUA__ligand6892-0
164,POHSUA__ligand15455-0
165,POHSUA__ligand1499-0
166,POHSUA__ligand2881-0
167,POHSUA__ligand31205-0
168,POHSUA__ligand1464-0
169,POHSUA__ligand3712-0
170,POHSUA__ligand16-0
171,POHSUA__ligand17686-0
172,POHSUA__ligand25658-0
173,POHSUA__ligand11814-0
174,POHSUA__ligand16603-0
175,POHSUA__ligand6699-0
176,POHSUA__ligand1168-0
177,POHSUA__ligand506-0
178,POHSUA__ligand1294-0
179,POHSUA__ligand16870-0
180,POHSUA__ligand3632-0
181,POHSUA__ligand3677-0
182,POHSUA__ligand11622-0
183,POHSUA__ligand26673-0
184,POHSUA__ligand9883-0
185,POHSUA__ligand3677-1
186,POHSUA__ligand20821-0
187,POHSUA__ligand487-0
188,POHSUA__ligand7291-0
189,POHSUA__ligand9299-0
190,POHSUA__ligand11606-0
191,POHSUA__ligand2985-0
192,POHSUA__ligand4007-0
193,POHSUA__ligand31000-0
194,POHSUA__ligand11252-0
195,POHSUA__ligand5383-0
196,POHSUA__ligand2693-0
197,POHSUA__ligand176-0
198,POHSUA__ligand3945-0
199,POHSUA__ligand13260-0
200,POHSUA__ligand10582-0
201,POHSUA__ligand3736-0
202,POHSUA__ligand32-0
203,POHSUA__ligand746-0
204,POHSUA__ligand8000-0
205,POHSUA__ligand18067-0
206,POHSUA__ligand447-0
207,POHSUA__ligand9344-0
208,POHSUA__ligand19824-0
209,POHSUA__ligand11618-0
210,POHSUA__ligand1216-0
211,POHSUA__ligand5019-0
212,POHSUA__ligand685-0
213,POHSUA__ligand3261-0
214,POHSUA__ligand1152-0
215,POHSUA__ligand421-0
216,POHSUA__ligand1849-0
217,POHSUA__ligand26529-0
218,POHSUA__ligand11-0
219,POHSUA__ligand69-0
220,POHSUA__ligand5515-0
221,POHSUA__ligand27239-0
222,POHSUA__ligand6663-0
223,POHSUA__ligand21729-0
224,POHSUA__ligand5614-0
225,POHSUA__ligand5280-0
226,POHSUA__ligand1831-0
227,POHSUA__ligand19927-0
228,POHSUA__ligand14043-0
229,POHSUA__ligand26324-0
230,POHSUA__ligand28559-0
231,POHSUA__ligand294-0
232,POHSUA__ligand12003-0
233,POHSUA__ligand5630-0
234,POHSUA__ligand16148-0
235,POHSUA__ligand26631-0
236,POHSUA__ligand10872-0
237,POHSUA__ligand1786-0
238,POHSUA__ligand21399-0
239,POHSUA__ligand3285-0
240,POHSUA__ligand4795-0
241,POHSUA__ligand29215-0
242,POHSUA__ligand1908-0
243,POHSUA__ligand560-0
244,POHSUA__ligand4710-0
245,POHSUA__ligand5755-0
246,POHSUA__ligand235-0
247,POHSUA__ligand20695-0
248,POHSUA__ligand27754-0
249,POHSUA__ligand3144-0
250,POHSUA__ligand11111-0
251,POHSUA__ligand5085-0
252,POHSUA__ligand28540-0
253,POHSUA__ligand134-0
254,POHSUA__ligand16369-0
255,POHSUA__ligand22403-0
256,POHSUA__ligand8042-0
257,POHSUA__ligand6112-0
258,POHSUA__ligand1828-0
259,POHSUA__ligand1397-0
260,POHSUA__ligand7213-0
261,POHSUA__ligand13220-0
262,POHSUA__ligand11587-0
263,POHSUA__ligand15788-0
264,POHSUA__ligand23175-0
265,POHSUA__ligand1288-0
266,POHSUA__ligand17396-0
267,POHSUA__ligand13385-0
268,POHSUA__ligand4167-0
269,POHSUA__ligand14569-0
270,POHSUA__ligand4266-0
271,POHSUA__ligand1400-0
272,POHSUA__ligand868-0
273,POHSUA__ligand22444-0
274,POHSUA__ligand24111-0
275,POHSUA__ligand9491-0
276,POHSUA__ligand9750-0
277,POHSUA__ligand24644-0
278,POHSUA__ligand10033-0
279,POHSUA__ligand1779-0
280,POHSUA__ligand783-0
281,POHSUA__ligand352-0
282,POHSUA__ligand12001-0
283,POHSUA__ligand1817-0
284,POHSUA__ligand6993-0
285,POHSUA__ligand30728-0
286,POHSUA__ligand3557-0
287,POHSUA__ligand3980-0
288,POHSUA__ligand1149-0
289,POHSUA__ligand27840-0
290,POHSUA__ligand7075-0
291,POHSUA__ligand24872-0
292,POHSUA__ligand25561-0
293,POHSUA__ligand3042-0
294,POHSUA__ligand11949-0
295,POHSUA__ligand24780-0
296,POHSUA__ligand12138-0
297,POHSUA__ligand8200-0
298,POHSUA__ligand197-0
299,POHSUA__ligand7438-0
300,POHSUA__ligand22129-0
301,POHSUA__ligand4063-0
302,POHSUA__ligand1150-0
303,POHSUA__ligand17427-0
304,POHSUA__ligand1539-0
305,POHSUA__ligand31694-0
306,POHSUA__ligand4207-0
307,POHSUA__ligand3416-0
308,POHSUA__ligand3453-0
309,POHSUA__ligand29486-0
310,POHSUA__ligand1169-0
311,POHSUA__ligand22294-0
312,POHSUA__ligand193-0
313,POHSUA__ligand8529-0
314,POHSUA__ligand28930-0
315,POHSUA__ligand22168-0
316,POHSUA__ligand21919-0
317,POHSUA__ligand10056-0
318,POHSUA__ligand12365-0
319,POHSUA__ligand830-0
320,POHSUA__ligand15531-0
321,POHSUA__ligand28743-0
322,POHSUA__ligand11357-0
323,POHSUA__ligand13862-0
324,POHSUA__ligand372-0
325,POHSUA__ligand24230-0
326,POHSUA__ligand1498-0
327,POHSUA__ligand11096-0
328,POHSUA__ligand11447-0
329,POHSUA__ligand4596-0
330,POHSUA__ligand28810-0
331,POHSUA__ligand10828-0
332,POHSUA__ligand19792-0
333,POHSUA__ligand15926-0
334,POHSUA__ligand17-0
335,POHSUA__ligand11970-0
336,POHSUA__ligand116-0
337,POHSUA__ligand9615-0
338,POHSUA__ligand1154-0
339,POHSUA__ligand15883-0
340,POHSUA__ligand252-0
341,POHSUA__ligand4262-0
342,POHSUA__ligand25913-0
343,POHSUA__ligand16988-0
344,POHSUA__ligand1028-0
345,POHSUA__ligand8-0
346,POHSUA__ligand30711-0
347,POHSUA__ligand20207-0
348,POHSUA__ligand1618-0
349,POHSUA__ligand11682-0
350,POHSUA__ligand2692-0
351,POHSUA__ligand177-0
352,POHSUA__ligand909-0
353,POHSUA__ligand24035-0
354,POHSUA__ligand11994-0
355,POHSUA__ligand31842-0
356,POHSUA__ligand31044-0
357,POHSUA__ligand16663-0
358,POHSUA__ligand1050-0
359,POHSUA__ligand1015-0
360,POHSUA__ligand2027-0
361,POHSUA__ligand14614-0
362,POHSUA__ligand564-0
363,POHSUA__ligand3180-0
364,POHSUA__ligand13672-0
365,POHSUA__ligand620-0
366,POHSUA__ligand2281-0
367,POHSUA__ligand370-1
368,POHSUA__ligand28685-0
369,POHSUA__ligand2650-0
370,POHSUA__ligand18568-0
371,POHSUA__ligand4340-0
372,POHSUA__ligand2823-0
373,POHSUA__ligand49-0
374,POHSUA__ligand10371-0
375,POHSUA__ligand479-0
376,POHSUA__ligand6995-0
377,POHSUA__ligand785-0
378,POHSUA__ligand311-0
379,POHSUA__ligand89-0
380,POHSUA__ligand4124-0
381,POHSUA__ligand4161-0
382,POHSUA__ligand3471-0
383,POHSUA__ligand28459-0
384,POHSUA__ligand18448-0
385,POHSUA__ligand12453-0
386,POHSUA__ligand5415-0
387,POHSUA__ligand19184-0
388,POHSUA__ligand188-0
389,POHSUA__ligand13477-0
390,POHSUA__ligand14167-0
391,POHSUA__ligand5201-0
392,POHSUA__ligand27669-0
393,POHSUA__ligand30142-0
394,POHSUA__ligand8553-0
395,POHSUA__ligand250-0
396,POHSUA__ligand1113-0
397,POHSUA__ligand23197-0
398,POHSUA__ligand9944-0
399,POHSUA__ligand8593-0
400,POHSUA__ligand29029-0
401,POHSUA__ligand27285-0
402,POHSUA__ligand370-0
403,POHSUA__ligand7566-0
404,POHSUA__ligand2001-0
405,POHSUA__ligand5892-0
406,POHSUA__ligand5094-0
407,POHSUA__ligand14723-0
408,POHSUA__ligand27893-0
409,POHSUA__ligand15422-0
410,POHSUA__ligand20578-0
411,POHSUA__ligand12934-0
412,POHSUA__ligand19641-0
413,POHSUA__ligand23713-0
414,POHSUA__ligand18832-0
415,POHSUA__ligand27175-0
416,POHSUA__ligand1712-0
417,POHSUA__ligand4131-0
418,POHSUA__ligand24-0
419,POHSUA__ligand30988-0
420,POHSUA__ligand14297-0
421,POHSUA__ligand14603-0
422,POHSUA__ligand17258-0
423,POHSUA__ligand19-0
424,POHSUA__ligand1496-0
425,POHSUA__ligand13012-0
426,POHSUA__ligand17631-0
427,POHSUA__ligand7557-0
428,POHSUA__ligand26665-0
429,POHSUA__ligand571-0
430,POHSUA__ligand534-0
431,POHSUA__ligand670-0
432,POHSUA__ligand31783-0
433,POHSUA__ligand1533-0
434,POHSUA__ligand30296-0
435,POHSUA__ligand3350-0
436,POHSUA__ligand2781-0
437,POHSUA__ligand7573-0
438,POHSUA__ligand17281-0
439,POHSUA__ligand78-0
440,POHSUA__ligand8722-0
441,POHSUA__ligand26540-0
442,POHSUA__ligand1327-0
443,POHSUA__ligand6672-0
444,POHSUA__ligand29410-0
445,POHSUA__ligand9809-0
446,POHSUA__ligand12337-0
447,POHSUA__ligand30333-0
448,POHSUA__ligand12606-0
449,POHSUA__ligand2208-0
450,POHSUA__ligand3208-0
451,POHSUA__ligand9197-0
452,POHSUA__ligand694-0
453,POHSUA__ligand1900-0
454,POHSUA__ligand27460-0
455,POHSUA__ligand488-0
456,POHSUA__ligand45-0
457,POHSUA__ligand7162-0
458,POHSUA__ligand12427-0
459,POHSUA__ligand3029-0
460,POHSUA__ligand20740-0
461,POHSUA__ligand28468-0
462,POHSUA__ligand358-0
463,POHSUA__ligand4581-0
464,POHSUA__ligand1773-0
465,POHSUA__ligand16628-0
466,POHSUA__ligand2328-0
467,POHSUA__ligand430-0
468,POHSUA__ligand10262-0
469,POHSUA__ligand28676-0
470,POHSUA__ligand696-0
471,POHSUA__ligand27763-0
472,POHSUA__ligand5849-0
473,POHSUA__ligand19057-0
474,POHSUA__ligand18814-0
475,POHSUA__ligand4911-0
476,POHSUA__ligand1771-0
477,POHSUA__ligand3392-0
478,POHSUA__ligand13425-0
479,POHSUA__ligand29302-0
480,POHSUA__ligand14108-0
481,POHSUA__ligand8349-0
482,POHSUA__ligand8464-0
483,POHSUA__ligand1709-0
484,POHSUA__ligand2527-0
485,POHSUA__ligand4-0
486,POHSUA__ligand12641-0
487,POHSUA__ligand10958-0
488,POHSUA__ligand656-0
489,POHSUA__ligand1768-0
490,POHSUA__ligand24185-0
491,POHSUA__ligand23769-0
492,POHSUA__ligand1469-0
493,POHSUA__ligand3871-0
494,POHSUA__ligand25178-0
495,POHSUA__ligand3647-0
496,POHSUA__ligand17302-0
497,POHSUA__ligand5357-0
498,POHSUA__ligand1688-0
499,POHSUA__ligand4850-0
500,POHSUA__ligand17805-0
501,POHSUA__ligand5056-0
502,POHSUA__ligand13658-0
503,POHSUA__ligand9525-0
504,POHSUA__ligand26702-0
505,POHSUA__ligand12289-0
506,POHSUA__ligand18292-0
507,POHSUA__ligand226-0
508,POHSUA__ligand12130-0
509,POHSUA__ligand17387-0
510,POHSUA__ligand1165-0
511,POHSUA__ligand162-0
512,POHSUA__ligand12231-0
513,POHSUA__ligand3157-0
514,POHSUA__ligand15585-0
515,POHSUA__ligand2722-0
516,POHSUA__ligand12401-0
517,POHSUA__ligand1379-0
518,POHSUA__ligand24145-0
519,POHSUA__ligand383-0
520,POHSUA__ligand5935-0
521,POHSUA__ligand10476-0
522,POHSUA__ligand19830-0
523,POHSUA__ligand13068-0
524,POHSUA__ligand416-0
525,POHSUA__ligand5483-0
526,POHSUA__ligand27482-0
527,POHSUA__ligand26810-0
528,POHSUA__ligand5316-0
529,POHSUA__ligand633-0
530,POHSUA__ligand13208-0
531,POHSUA__ligand497-0
532,POHSUA__ligand2830-0
533,POHSUA__ligand1729-0
534,POHSUA__ligand5627-0
535,POHSUA__ligand13390-0
536,POHSUA__ligand7529-0
537,POHSUA__ligand67-0
538,POHSUA__ligand6946-0
539,POHSUA__ligand1415-0
540,POHSUA__ligand9148-0
541,POHSUA__ligand20682-0
542,POHSUA__ligand10712-0
543,POHSUA__ligand43-0
544,POHSUA__ligand14174-0
545,POHSUA__ligand436-0
546,POHSUA__ligand2403-0
547,POHSUA__ligand11456-0
548,POHSUA__ligand6455-0
549,POHSUA__ligand6882-0
550,POHSUA__ligand692-0
551,POHSUA__ligand25411-0
552,POHSUA__ligand3934-0
553,POHSUA__ligand4332-0
554,POHSUA__ligand31832-0
555,POHSUA__ligand9681-0
556,POHSUA__ligand13294-0
557,POHSUA__ligand1065-0
558,POHSUA__ligand7530-0
559,POHSUA__ligand12030-0
560,POHSUA__ligand326-0
561,POHSUA__ligand29879-0
562,POHSUA__ligand14248-0
563,POHSUA__ligand13331-0
564,POHSUA__ligand3012-0
565,POHSUA__ligand28884-0
566,POHSUA__ligand1449-0
567,POHSUA__ligand17398-0
568,POHSUA__ligand4330-0
569,POHSUA__ligand11675-0
570,POHSUA__ligand20598-0
571,POHSUA__ligand2599-0
572,POHSUA__ligand22557-0
573,POHSUA__ligand10589-0
574,POHSUA__ligand24047-0
575,POHSUA__ligand20011-0
576,POHSUA__ligand17278-0
577,POHSUA__ligand4194-0
578,POHSUA__ligand29414-0
579,POHSUA__ligand17982-0
580,POHSUA__ligand324-0
581,POHSUA__ligand361-0
582,POHSUA__ligand7532-0
583,POHSUA__ligand409-0
584,POHSUA__ligand20251-1
585,POHSUA__ligand7925-0
586,POHSUA__ligand2068-0
587,POHSUA__ligand14703-0
588,POHSUA__ligand3973-0
589,POHSUA__ligand16475-0
590,POHSUA__ligand1147-0
591,POHSUA__ligand7107-0
592,POHSUA__ligand17261-0
593,POHSUA__ligand14117-0
594,POHSUA__ligand20539-0
595,POHSUA__ligand199-0
596,POHSUA__ligand3215-0
597,POHSUA__ligand20251-0
598,POHSUA__ligand30702-0
599,POHSUA__ligand20214-0
600,POHSUA__ligand21581-0
601,POHSUA__ligand31097-0
602,POHSUA__ligand29568-0
603,POHSUA__ligand6062-0
604,POHSUA__ligand588-0
605,POHSUA__ligand30851-0
606,POHSUA__ligand4738-0
607,POHSUA__ligand14889-0
608,POHSUA__ligand4813-0
609,POHSUA__ligand5813-0
610,POHSUA__ligand20419-0
611,POHSUA__ligand300-0
612,POHSUA__ligand17118-0
613,POHSUA__ligand21371-0
614,POHSUA__ligand6283-0
615,POHSUA__ligand28789-0
616,POHSUA__ligand15438-0
617,POHSUA__ligand187-0
618,POHSUA__ligand1615-0
619,POHSUA__ligand28924-0
620,POHSUA__ligand2526-0
621,POHSUA__ligand5036-0
622,POHSUA__ligand657-0
623,POHSUA__ligand9952-0
624,POHSUA__ligand9111-0
625,POHSUA__ligand1324-0
626,POHSUA__ligand29087-0
627,POHSUA__ligand8721-0
628,POHSUA__ligand1823-0
629,POHSUA__ligand5643-0
630,POHSUA__ligand18703-0
631,POHSUA__ligand366-0
632,POHSUA__ligand1018-0
633,POHSUA__ligand18013-0
634,POHSUA__ligand25224-0
635,POHSUA__ligand17945-0
636,POHSUA__ligand4116-0
637,POHSUA__ligand777-0
638,POHSUA__ligand17207-0
639,POHSUA__ligand7967-0
640,POHSUA__ligand3707-0
641,POHSUA__ligand6124-0
642,POHSUA__ligand31578-0
643,POHSUA__ligand24750-0
644,POHSUA__ligand9601-0
645,POHSUA__ligand941-0
646,POHSUA__ligand596-0
647,POHSUA__ligand8992-0
648,POHSUA__ligand26277-0
649,POHSUA__ligand1378-0
650,POHSUA__ligand29898-0
651,POHSUA__ligand10432-0
652,POHSUA__ligand31618-0
653,POHSUA__ligand6244-0
654,POHSUA__ligand11432-0
655,POHSUA__ligand22755-0
656,POHSUA__ligand126-0
657,POHSUA__ligand163-0
658,POHSUA__ligand2915-0
659,POHSUA__ligand3156-0
660,POHSUA__ligand1530-0
661,POHSUA__ligand1575-0
662,POHSUA__ligand9933-0
663,POHSUA__ligand24064-0
664,POHSUA__ligand1631-0
665,POHSUA__ligand23589-0
666,POHSUA__ligand9441-0
667,POHSUA__ligand2332-0
668,POHSUA__ligand15168-0
669,POHSUA__ligand845-0
670,POHSUA__ligand31483-0
671,POHSUA__ligand10555-0
672,POHSUA__ligand1577-0
673,POHSUA__ligand6067-0
674,POHSUA__ligand2295-0
675,POHSUA__ligand18-0
676,POHSUA__ligand24613-0
677,POHSUA__ligand4620-0
678,POHSUA__ligand19725-0
679,POHSUA__ligand21421-0
680,POHSUA__ligand338-0
681,POHSUA__ligand3465-0
682,POHSUA__ligand3721-0
683,POHSUA__ligand6904-0
684,POHSUA__ligand11774-0
685,POHSUA__ligand6596-0
686,POHSUA__ligand6102-0
687,POHSUA__ligand14586-0
688,POHSUA__ligand2917-0
689,POHSUA__ligand7819-0
690,POHSUA__ligand20579-0
691,POHSUA__ligand17710-0
692,POHSUA__ligand11568-0
693,POHSUA__ligand17240-0
694,POHSUA__ligand7126-0
695,POHSUA__ligand2028-0
696,POHSUA__ligand8835-0
697,POHSUA__ligand17590-0
698,POHSUA__ligand201-0
699,POHSUA__ligand1142-0
700,POHSUA__ligand3234-0
701,POHSUA__ligand12682-0
702,POHSUA__ligand18699-0
703,POHSUA__ligand178-0
704,POHSUA__ligand279-0
705,POHSUA__ligand185-0
706,POHSUA__ligand321-0
707,POHSUA__ligand13072-0
708,POHSUA__ligand4641-0
709,POHSUA__ligand12336-0
710,POHSUA__ligand6839-0
711,POHSUA__ligand21936-0
712,POHSUA__ligand141-0
713,POHSUA__ligand8969-0
714,POHSUA__ligand13257-0
715,POHSUA__ligand3174-0
716,POHSUA__ligand3937-0
717,POHSUA__ligand1202-0
718,POHSUA__ligand3131-0
719,POHSUA__ligand23904-0
720,POHSUA__ligand240-0
721,POHSUA__ligand4720-0
722,POHSUA__ligand10084-0
723,POHSUA__ligand3094-0
724,POHSUA__ligand4155-0
725,POHSUA__ligand25267-0
726,POHSUA__ligand5211-0
727,POHSUA__ligand12467-0
728,POHSUA__ligand38-0
729,POHSUA__ligand6919-0
730,POHSUA__ligand3852-0
731,POHSUA__ligand2485-0
732,POHSUA__ligand18391-0
733,POHSUA__ligand14523-0
734,POHSUA__ligand27169-0
735,POHSUA__ligand3565-0
736,POHSUA__ligand3-0
737,POHSUA__ligand27074-0
738,POHSUA__ligand1512-0
739,POHSUA__ligand20599-0
740,POHSUA__ligand5331-0
741,POHSUA__ligand25805-0
742,POHSUA__ligand22981-0
743,POHSUA__ligand1844-0
744,POHSUA__ligand4661-0
745,POHSUA__ligand1343-0
746,POHSUA__ligand3876-0
747,POHSUA__ligand3035-0
748,POHSUA__ligand6616-0
749,POHSUA__ligand18799-0
750,POHSUA__ligand768-0
751,POHSUA__ligand18465-0
752,POHSUA__ligand3718-0
753,POHSUA__ligand9935-0
754,POHSUA__ligand1536-0
755,POHSUA__ligand1573-0
756,POHSUA__ligand16791-0
757,POHSUA__ligand28668-0
758,POHSUA__ligand1959-0
759,POHSUA__ligand3504-0
760,POHSUA__ligand29610-0
761,POHSUA__ligand11140-0
762,POHSUA__ligand1263-0
763,POHSUA__ligand9908-0
764,POHSUA__ligand384-0
765,POHSUA__ligand7106-0
766,POHSUA__ligand13869-0
767,POHSUA__ligand18074-0
768,POHSUA__ligand7242-0
769,POHSUA__ligand29863-0
770,POHSUA__ligand12519-0
771,POHSUA__ligand122-0
772,POHSUA__ligand25735-0
773,POHSUA__ligand4442-0
774,POHSUA__ligand4093-0
775,POHSUA__ligand3954-0
776,POHSUA__ligand23124-0
777,POHSUA__ligand9520-0
778,POHSUA__ligand8699-0
779,POHSUA__ligand11206-0
780,POHSUA__ligand1160-0
781,POHSUA__ligand9784-0
782,POHSUA__ligand66-0
783,POHSUA__ligand1451-0
784,POHSUA__ligand4272-0
785,POHSUA__ligand7629-0
786,POHSUA__ligand757-0
787,POHSUA__ligand25650-0
788,POHSUA__ligand1790-0
789,POHSUA__ligand1304-0
790,POHSUA__ligand31248-0
791,POHSUA__ligand7280-0
792,POHSUA__ligand7238-0
793,POHSUA__ligand4016-0
794,POHSUA__ligand12660-0
795,POHSUA__ligand7867-0
796,POHSUA__ligand19257-0
797,POHSUA__ligand13209-0
798,POHSUA__ligand1219-0
799,POHSUA__ligand6709-0
800,POHSUA__ligand25689-0
801,POHSUA__ligand25575-0
802,POHSUA__ligand21787-0
803,POHSUA__ligand4503-0
804,POHSUA__ligand4546-0
805,POHSUA__ligand8115-0
806,POHSUA__ligand6768-0
807,POHSUA__ligand1982-0
808,POHSUA__ligand7000-0
809,POHSUA__ligand27835-0
810,POHSUA__ligand1285-0
811,POHSUA__ligand12295-0
812,POHSUA__ligand1-0
813,POHSUA__ligand2232-0
814,POHSUA__ligand23906-0
815,POHSUA__ligand693-0
816,POHSUA__ligand2176-0
817,POHSUA__ligand11166-0
818,POHSUA__ligand21132-0
819,POHSUA__ligand9291-0
820,POHSUA__ligand9833-0
821,POHSUA__ligand2828-0
822,POHSUA__ligand8876-0
823,POHSUA__ligand7648-0
824,POHSUA__ligand42-0
825,POHSUA__ligand30539-0
826,POHSUA__ligand5256-0
827,POHSUA__ligand4157-0
