,TMC
0,TABLEP__ligand16952-0
1,TABLEP__ligand29813-0
2,TABLEP__ligand7762-0
3,TABLEP__ligand5080-0
4,TABLEP__ligand777-0
5,TABLEP__ligand941-0
6,TABLEP__ligand15387-0
7,TABLEP__ligand596-0
8,TABLEP__ligand20121-0
9,TABLEP__ligand6117-0
10,TABLEP__ligand1407-0
11,TABLEP__ligand51-0
12,TABLEP__ligand20220-0
13,TABLEP__ligand5509-0
14,TABLEP__ligand8002-0
15,TABLEP__ligand11698-0
16,TABLEP__ligand20530-0
17,TABLEP__ligand2822-0
18,TABLEP__ligand7293-0
19,TABLEP__ligand187-0
20,TABLEP__ligand14347-0
21,TABLEP__ligand13657-0
22,TABLEP__ligand1317-0
23,TABLEP__ligand14302-0
24,TABLEP__ligand3867-0
25,TABLEP__ligand24851-0
26,TABLEP__ligand91-0
27,TABLEP__ligand657-0
28,TABLEP__ligand10853-0
29,TABLEP__ligand29441-0
30,TABLEP__ligand1-0
31,TABLEP__ligand2238-0
32,TABLEP__ligand5304-0
33,TABLEP__ligand366-0
34,TABLEP__ligand11479-0
35,TABLEP__ligand9167-0
36,TABLEP__ligand27610-0
37,TABLEP__ligand10479-0
38,TABLEP__ligand5510-0
39,TABLEP__ligand1376-0
40,TABLEP__ligand19668-0
41,TABLEP__ligand19906-0
42,TABLEP__ligand9773-0
43,TABLEP__ligand48-0
44,TABLEP__ligand5099-0
45,TABLEP__ligand8592-0
46,TABLEP__ligand1197-0
47,TABLEP__ligand2259-0
48,TABLEP__ligand22353-0
49,TABLEP__ligand845-0
50,TABLEP__ligand1296-0
51,TABLEP__ligand2221-0
52,TABLEP__ligand3120-0
53,TABLEP__ligand3926-0
54,TABLEP__ligand4358-0
55,TABLEP__ligand4101-0
56,TABLEP__ligand5595-0
57,TABLEP__ligand126-0
58,TABLEP__ligand10151-0
59,TABLEP__ligand163-0
60,TABLEP__ligand338-0
61,TABLEP__ligand18067-0
62,TABLEP__ligand19824-0
63,TABLEP__ligand1211-0
64,TABLEP__ligand6892-0
65,TABLEP__ligand13260-0
66,TABLEP__ligand2881-0
67,TABLEP__ligand10582-0
68,TABLEP__ligand1499-0
69,TABLEP__ligand11252-0
70,TABLEP__ligand3712-0
71,TABLEP__ligand1464-0
72,TABLEP__ligand32-0
73,TABLEP__ligand31000-0
74,TABLEP__ligand6699-0
75,TABLEP__ligand11606-0
76,TABLEP__ligand1294-0
77,TABLEP__ligand1168-0
78,TABLEP__ligand20821-0
79,TABLEP__ligand3632-0
80,TABLEP__ligand3677-0
81,TABLEP__ligand26673-0
82,TABLEP__ligand11622-0
83,TABLEP__ligand3677-1
84,TABLEP__ligand9883-0
85,TABLEP__ligand178-0
86,TABLEP__ligand7291-0
87,TABLEP__ligand185-0
88,TABLEP__ligand16870-0
89,TABLEP__ligand279-0
90,TABLEP__ligand321-0
91,TABLEP__ligand9299-0
92,TABLEP__ligand16603-0
93,TABLEP__ligand3-0
94,TABLEP__ligand2985-0
95,TABLEP__ligand4007-0
96,TABLEP__ligand11814-0
97,TABLEP__ligand25658-0
98,TABLEP__ligand17686-0
99,TABLEP__ligand2693-0
100,TABLEP__ligand5383-0
101,TABLEP__ligand31205-0
102,TABLEP__ligand3945-0
103,TABLEP__ligand8000-0
104,TABLEP__ligand3736-0
105,TABLEP__ligand201-0
106,TABLEP__ligand15455-0
107,TABLEP__ligand16-0
108,TABLEP__ligand9344-0
109,TABLEP__ligand11177-0
110,TABLEP__ligand24624-0
111,TABLEP__ligand1599-0
112,TABLEP__ligand18413-0
113,TABLEP__ligand20844-0
114,TABLEP__ligand24560-0
115,TABLEP__ligand18757-0
116,TABLEP__ligand2612-0
117,TABLEP__ligand9450-0
118,TABLEP__ligand13691-0
119,TABLEP__ligand30788-0
120,TABLEP__ligand141-0
121,TABLEP__ligand14339-0
122,TABLEP__ligand57-0
123,TABLEP__ligand240-0
124,TABLEP__ligand2203-0
125,TABLEP__ligand5387-0
126,TABLEP__ligand21752-0
127,TABLEP__ligand1289-0
128,TABLEP__ligand25048-0
129,TABLEP__ligand2417-0
130,TABLEP__ligand21940-0
131,TABLEP__ligand24953-0
132,TABLEP__ligand23445-0
133,TABLEP__ligand1114-0
134,TABLEP__ligand384-0
135,TABLEP__ligand20432-0
136,TABLEP__ligand27122-0
137,TABLEP__ligand9284-0
138,TABLEP__ligand6391-0
139,TABLEP__ligand3126-0
140,TABLEP__ligand16133-0
141,TABLEP__ligand13755-0
142,TABLEP__ligand1228-0
143,TABLEP__ligand9943-0
144,TABLEP__ligand1604-0
145,TABLEP__ligand768-0
146,TABLEP__ligand8788-0
147,TABLEP__ligand1832-0
148,TABLEP__ligand30004-0
149,TABLEP__ligand20557-0
150,TABLEP__ligand2043-0
151,TABLEP__ligand11758-0
152,TABLEP__ligand5708-0
153,TABLEP__ligand22357-0
154,TABLEP__ligand7316-0
155,TABLEP__ligand21448-0
156,TABLEP__ligand6017-0
157,TABLEP__ligand5180-0
158,TABLEP__ligand11501-0
159,TABLEP__ligand11544-0
160,TABLEP__ligand29214-0
161,TABLEP__ligand9323-0
162,TABLEP__ligand122-0
163,TABLEP__ligand17445-0
164,TABLEP__ligand7273-0
165,TABLEP__ligand17069-0
166,TABLEP__ligand14477-0
167,TABLEP__ligand7172-0
168,TABLEP__ligand34-0
169,TABLEP__ligand2124-0
170,TABLEP__ligand8612-0
171,TABLEP__ligand11798-0
172,TABLEP__ligand1153-0
173,TABLEP__ligand29334-0
174,TABLEP__ligand3225-0
175,TABLEP__ligand1116-0
176,TABLEP__ligand7092-0
177,TABLEP__ligand12413-0
178,TABLEP__ligand757-0
179,TABLEP__ligand2260-0
180,TABLEP__ligand20731-0
181,TABLEP__ligand55-0
182,TABLEP__ligand18158-0
183,TABLEP__ligand693-0
184,TABLEP__ligand27771-0
185,TABLEP__ligand29565-0
186,TABLEP__ligand8793-0
187,TABLEP__ligand5649-0
188,TABLEP__ligand2788-0
189,TABLEP__ligand23682-0
190,TABLEP__ligand4649-0
191,TABLEP__ligand4711-0
192,TABLEP__ligand3244-0
193,TABLEP__ligand21339-0
194,TABLEP__ligand14226-0
195,TABLEP__ligand16956-0
196,TABLEP__ligand20942-1
197,TABLEP__ligand2906-0
198,TABLEP__ligand3178-0
199,TABLEP__ligand4807-0
200,TABLEP__ligand27550-0
201,TABLEP__ligand5159-0
202,TABLEP__ligand18019-1
203,TABLEP__ligand7196-0
204,TABLEP__ligand14007-0
205,TABLEP__ligand9753-0
206,TABLEP__ligand68-0
207,TABLEP__ligand5530-0
208,TABLEP__ligand1787-0
209,TABLEP__ligand1356-0
210,TABLEP__ligand8529-0
211,TABLEP__ligand14614-0
212,TABLEP__ligand1169-0
213,TABLEP__ligand16663-0
214,TABLEP__ligand31044-0
215,TABLEP__ligand31842-0
216,TABLEP__ligand571-0
217,TABLEP__ligand534-0
218,TABLEP__ligand11994-0
219,TABLEP__ligand24035-0
220,TABLEP__ligand670-0
221,TABLEP__ligand4596-0
222,TABLEP__ligand1498-0
223,TABLEP__ligand11682-0
224,TABLEP__ligand30711-0
225,TABLEP__ligand20207-0
226,TABLEP__ligand9615-0
227,TABLEP__ligand25913-0
228,TABLEP__ligand16988-0
229,TABLEP__ligand1154-0
230,TABLEP__ligand4262-0
231,TABLEP__ligand15883-0
232,TABLEP__ligand17-0
233,TABLEP__ligand694-0
234,TABLEP__ligand1028-0
235,TABLEP__ligand11970-0
236,TABLEP__ligand15926-0
237,TABLEP__ligand2692-0
238,TABLEP__ligand10828-0
239,TABLEP__ligand488-0
240,TABLEP__ligand19792-0
241,TABLEP__ligand1618-0
242,TABLEP__ligand11447-0
243,TABLEP__ligand11096-0
244,TABLEP__ligand430-0
245,TABLEP__ligand28810-0
246,TABLEP__ligand358-0
247,TABLEP__ligand24230-0
248,TABLEP__ligand28743-0
249,TABLEP__ligand15531-0
250,TABLEP__ligand11357-0
251,TABLEP__ligand13862-0
252,TABLEP__ligand12365-0
253,TABLEP__ligand10056-0
254,TABLEP__ligand1050-0
255,TABLEP__ligand1015-0
256,TABLEP__ligand21919-0
257,TABLEP__ligand2027-0
258,TABLEP__ligand22168-0
259,TABLEP__ligand28930-0
260,TABLEP__ligand22294-0
261,TABLEP__ligand3180-0
262,TABLEP__ligand2650-0
263,TABLEP__ligand2281-0
264,TABLEP__ligand4340-0
265,TABLEP__ligand29029-0
266,TABLEP__ligand27285-0
267,TABLEP__ligand2823-0
268,TABLEP__ligand23197-0
269,TABLEP__ligand656-0
270,TABLEP__ligand6995-0
271,TABLEP__ligand4124-0
272,TABLEP__ligand3471-0
273,TABLEP__ligand4161-0
274,TABLEP__ligand696-0
275,TABLEP__ligand30142-0
276,TABLEP__ligand27669-0
277,TABLEP__ligand5415-0
278,TABLEP__ligand13477-0
279,TABLEP__ligand14167-0
280,TABLEP__ligand5201-0
281,TABLEP__ligand226-0
282,TABLEP__ligand89-0
283,TABLEP__ligand19184-0
284,TABLEP__ligand162-0
285,TABLEP__ligand1113-0
286,TABLEP__ligand12453-0
287,TABLEP__ligand383-0
288,TABLEP__ligand18448-0
289,TABLEP__ligand8553-0
290,TABLEP__ligand28459-0
291,TABLEP__ligand416-0
292,TABLEP__ligand9944-0
293,TABLEP__ligand8593-0
294,TABLEP__ligand10371-0
295,TABLEP__ligand7566-0
296,TABLEP__ligand18568-0
297,TABLEP__ligand28685-0
298,TABLEP__ligand2001-0
299,TABLEP__ligand13672-0
300,TABLEP__ligand49-0
301,TABLEP__ligand1216-0
302,TABLEP__ligand3261-0
303,TABLEP__ligand1152-0
304,TABLEP__ligand5019-0
305,TABLEP__ligand22403-0
306,TABLEP__ligand1849-0
307,TABLEP__ligand16369-0
308,TABLEP__ligand11111-0
309,TABLEP__ligand28540-0
310,TABLEP__ligand27754-0
311,TABLEP__ligand20695-0
312,TABLEP__ligand5515-0
313,TABLEP__ligand6663-0
314,TABLEP__ligand5614-0
315,TABLEP__ligand5280-0
316,TABLEP__ligand633-0
317,TABLEP__ligand29215-0
318,TABLEP__ligand1831-0
319,TABLEP__ligand10872-0
320,TABLEP__ligand497-0
321,TABLEP__ligand21399-0
322,TABLEP__ligand16148-0
323,TABLEP__ligand26631-0
324,TABLEP__ligand12003-0
325,TABLEP__ligand26324-0
326,TABLEP__ligand28559-0
327,TABLEP__ligand5630-0
328,TABLEP__ligand14043-0
329,TABLEP__ligand19927-0
330,TABLEP__ligand69-0
331,TABLEP__ligand1786-0
332,TABLEP__ligand326-0
333,TABLEP__ligand4795-0
334,TABLEP__ligand3285-0
335,TABLEP__ligand27239-0
336,TABLEP__ligand21729-0
337,TABLEP__ligand1908-0
338,TABLEP__ligand4-0
339,TABLEP__ligand4710-0
340,TABLEP__ligand26529-0
341,TABLEP__ligand5755-0
342,TABLEP__ligand3144-0
343,TABLEP__ligand436-0
344,TABLEP__ligand5085-0
345,TABLEP__ligand6112-0
346,TABLEP__ligand11-0
347,TABLEP__ligand692-0
348,TABLEP__ligand8042-0
349,TABLEP__ligand1397-0
350,TABLEP__ligand7213-0
351,TABLEP__ligand11618-0
352,TABLEP__ligand1828-0
353,TABLEP__ligand29486-0
354,TABLEP__ligand1288-0
355,TABLEP__ligand31694-0
356,TABLEP__ligand4167-0
357,TABLEP__ligand17427-0
358,TABLEP__ligand9491-0
359,TABLEP__ligand4266-0
360,TABLEP__ligand1400-0
361,TABLEP__ligand22129-0
362,TABLEP__ligand24780-0
363,TABLEP__ligand9750-0
364,TABLEP__ligand12138-0
365,TABLEP__ligand1817-0
366,TABLEP__ligand6993-0
367,TABLEP__ligand11949-0
368,TABLEP__ligand1779-0
369,TABLEP__ligand1149-0
370,TABLEP__ligand3557-0
371,TABLEP__ligand3980-0
372,TABLEP__ligand25561-0
373,TABLEP__ligand409-0
374,TABLEP__ligand324-0
375,TABLEP__ligand7075-0
376,TABLEP__ligand361-0
377,TABLEP__ligand24872-0
378,TABLEP__ligand588-0
379,TABLEP__ligand27840-0
380,TABLEP__ligand30728-0
381,TABLEP__ligand3042-0
382,TABLEP__ligand300-0
383,TABLEP__ligand12001-0
384,TABLEP__ligand10033-0
385,TABLEP__ligand4063-0
386,TABLEP__ligand24644-0
387,TABLEP__ligand7438-0
388,TABLEP__ligand8200-0
389,TABLEP__ligand22444-0
390,TABLEP__ligand24111-0
391,TABLEP__ligand1150-0
392,TABLEP__ligand1539-0
393,TABLEP__ligand14569-0
394,TABLEP__ligand13385-0
395,TABLEP__ligand4207-0
396,TABLEP__ligand17396-0
397,TABLEP__ligand15788-0
398,TABLEP__ligand199-0
399,TABLEP__ligand23175-0
400,TABLEP__ligand3416-0
401,TABLEP__ligand11587-0
402,TABLEP__ligand13220-0
403,TABLEP__ligand3453-0
404,TABLEP__ligand13331-0
405,TABLEP__ligand28884-0
406,TABLEP__ligand5483-0
407,TABLEP__ligand14248-0
408,TABLEP__ligand29879-0
409,TABLEP__ligand5316-0
410,TABLEP__ligand12030-0
411,TABLEP__ligand13294-0
412,TABLEP__ligand2830-0
413,TABLEP__ligand31832-0
414,TABLEP__ligand294-0
415,TABLEP__ligand5627-0
416,TABLEP__ligand1729-0
417,TABLEP__ligand7529-0
418,TABLEP__ligand25411-0
419,TABLEP__ligand43-0
420,TABLEP__ligand685-0
421,TABLEP__ligand1415-0
422,TABLEP__ligand6946-0
423,TABLEP__ligand421-0
424,TABLEP__ligand9148-0
425,TABLEP__ligand11456-0
426,TABLEP__ligand10712-0
427,TABLEP__ligand14174-0
428,TABLEP__ligand235-0
429,TABLEP__ligand67-0
430,TABLEP__ligand20682-0
431,TABLEP__ligand134-0
432,TABLEP__ligand2403-0
433,TABLEP__ligand6455-0
434,TABLEP__ligand6882-0
435,TABLEP__ligand13390-0
436,TABLEP__ligand3934-0
437,TABLEP__ligand4332-0
438,TABLEP__ligand9681-0
439,TABLEP__ligand13208-0
440,TABLEP__ligand1065-0
441,TABLEP__ligand7530-0
442,TABLEP__ligand27482-0
443,TABLEP__ligand1449-0
444,TABLEP__ligand26810-0
445,TABLEP__ligand3012-0
446,TABLEP__ligand560-0
447,TABLEP__ligand28789-0
448,TABLEP__ligand2599-0
449,TABLEP__ligand17118-0
450,TABLEP__ligand21371-0
451,TABLEP__ligand4330-0
452,TABLEP__ligand352-0
453,TABLEP__ligand783-0
454,TABLEP__ligand20419-0
455,TABLEP__ligand4194-0
456,TABLEP__ligand30851-0
457,TABLEP__ligand14889-0
458,TABLEP__ligand7532-0
459,TABLEP__ligand29568-0
460,TABLEP__ligand21581-0
461,TABLEP__ligand31097-0
462,TABLEP__ligand30702-0
463,TABLEP__ligand20214-0
464,TABLEP__ligand20251-0
465,TABLEP__ligand2068-0
466,TABLEP__ligand7925-0
467,TABLEP__ligand20539-0
468,TABLEP__ligand3973-0
469,TABLEP__ligand17261-0
470,TABLEP__ligand8-0
471,TABLEP__ligand1147-0
472,TABLEP__ligand14117-0
473,TABLEP__ligand868-0
474,TABLEP__ligand7107-0
475,TABLEP__ligand14703-0
476,TABLEP__ligand16475-0
477,TABLEP__ligand20251-1
478,TABLEP__ligand3215-0
479,TABLEP__ligand6062-0
480,TABLEP__ligand29414-0
481,TABLEP__ligand4813-0
482,TABLEP__ligand5813-0
483,TABLEP__ligand17982-0
484,TABLEP__ligand20011-0
485,TABLEP__ligand17278-0
486,TABLEP__ligand4738-0
487,TABLEP__ligand10589-0
488,TABLEP__ligand22557-0
489,TABLEP__ligand24047-0
490,TABLEP__ligand11675-0
491,TABLEP__ligand20598-0
492,TABLEP__ligand17398-0
493,TABLEP__ligand6283-0
494,TABLEP__ligand197-0
495,TABLEP__ligand16628-0
496,TABLEP__ligand5892-0
497,TABLEP__ligand5094-0
498,TABLEP__ligand28468-0
499,TABLEP__ligand20740-0
500,TABLEP__ligand12427-0
501,TABLEP__ligand116-0
502,TABLEP__ligand1712-0
503,TABLEP__ligand4131-0
504,TABLEP__ligand27460-0
505,TABLEP__ligand45-0
506,TABLEP__ligand252-0
507,TABLEP__ligand78-0
508,TABLEP__ligand193-0
509,TABLEP__ligand12606-0
510,TABLEP__ligand30333-0
511,TABLEP__ligand1496-0
512,TABLEP__ligand7557-0
513,TABLEP__ligand29410-0
514,TABLEP__ligand12337-0
515,TABLEP__ligand830-0
516,TABLEP__ligand26540-0
517,TABLEP__ligand1533-0
518,TABLEP__ligand17281-0
519,TABLEP__ligand372-0
520,TABLEP__ligand30296-0
521,TABLEP__ligand3350-0
522,TABLEP__ligand2781-0
523,TABLEP__ligand7573-0
524,TABLEP__ligand909-0
525,TABLEP__ligand31783-0
526,TABLEP__ligand1327-0
527,TABLEP__ligand9809-0
528,TABLEP__ligand6672-0
529,TABLEP__ligand19-0
530,TABLEP__ligand8722-0
531,TABLEP__ligand26665-0
532,TABLEP__ligand13012-0
533,TABLEP__ligand17631-0
534,TABLEP__ligand2208-0
535,TABLEP__ligand17258-0
536,TABLEP__ligand3208-0
537,TABLEP__ligand14603-0
538,TABLEP__ligand14297-0
539,TABLEP__ligand30988-0
540,TABLEP__ligand1900-0
541,TABLEP__ligand9197-0
542,TABLEP__ligand23713-0
543,TABLEP__ligand27175-0
544,TABLEP__ligand18832-0
545,TABLEP__ligand19641-0
546,TABLEP__ligand3029-0
547,TABLEP__ligand20578-0
548,TABLEP__ligand12934-0
549,TABLEP__ligand7162-0
550,TABLEP__ligand24-0
551,TABLEP__ligand15422-0
552,TABLEP__ligand27893-0
553,TABLEP__ligand2328-0
554,TABLEP__ligand177-0
555,TABLEP__ligand4581-0
556,TABLEP__ligand1773-0
557,TABLEP__ligand14723-0
558,TABLEP__ligand13068-0
559,TABLEP__ligand19830-0
560,TABLEP__ligand10476-0
561,TABLEP__ligand24145-0
562,TABLEP__ligand5849-0
563,TABLEP__ligand12401-0
564,TABLEP__ligand15585-0
565,TABLEP__ligand12231-0
566,TABLEP__ligand4911-0
567,TABLEP__ligand1771-0
568,TABLEP__ligand17387-0
569,TABLEP__ligand12130-0
570,TABLEP__ligand3392-0
571,TABLEP__ligand26702-0
572,TABLEP__ligand13658-0
573,TABLEP__ligand188-0
574,TABLEP__ligand18292-0
575,TABLEP__ligand12289-0
576,TABLEP__ligand564-0
577,TABLEP__ligand17805-0
578,TABLEP__ligand8464-0
579,TABLEP__ligand370-1
580,TABLEP__ligand1709-0
581,TABLEP__ligand17302-0
582,TABLEP__ligand620-0
583,TABLEP__ligand8349-0
584,TABLEP__ligand25178-0
585,TABLEP__ligand2527-0
586,TABLEP__ligand23769-0
587,TABLEP__ligand785-0
588,TABLEP__ligand311-0
589,TABLEP__ligand479-0
590,TABLEP__ligand24185-0
591,TABLEP__ligand10958-0
592,TABLEP__ligand1768-0
593,TABLEP__ligand3871-0
594,TABLEP__ligand12641-0
595,TABLEP__ligand1469-0
596,TABLEP__ligand1688-0
597,TABLEP__ligand3647-0
598,TABLEP__ligand370-0
599,TABLEP__ligand5357-0
600,TABLEP__ligand14108-0
601,TABLEP__ligand4850-0
602,TABLEP__ligand5056-0
603,TABLEP__ligand1165-0
604,TABLEP__ligand29302-0
605,TABLEP__ligand13425-0
606,TABLEP__ligand9525-0
607,TABLEP__ligand3157-0
608,TABLEP__ligand19057-0
609,TABLEP__ligand18814-0
610,TABLEP__ligand1379-0
611,TABLEP__ligand27763-0
612,TABLEP__ligand28676-0
613,TABLEP__ligand250-0
614,TABLEP__ligand2722-0
615,TABLEP__ligand10262-0
616,TABLEP__ligand5935-0
617,TABLEP__ligand8969-0
618,TABLEP__ligand1202-0
619,TABLEP__ligand3937-0
620,TABLEP__ligand3174-0
621,TABLEP__ligand3131-0
622,TABLEP__ligand29863-0
623,TABLEP__ligand6839-0
624,TABLEP__ligand13869-0
625,TABLEP__ligand18074-0
626,TABLEP__ligand393-0
627,TABLEP__ligand4720-0
628,TABLEP__ligand11140-0
629,TABLEP__ligand4155-0
630,TABLEP__ligand3094-0
631,TABLEP__ligand5211-0
632,TABLEP__ligand29610-0
633,TABLEP__ligand3852-0
634,TABLEP__ligand2485-0
635,TABLEP__ligand28668-0
636,TABLEP__ligand6919-0
637,TABLEP__ligand16791-0
638,TABLEP__ligand18465-0
639,TABLEP__ligand3565-0
640,TABLEP__ligand18799-0
641,TABLEP__ligand1512-0
642,TABLEP__ligand353-0
643,TABLEP__ligand5331-0
644,TABLEP__ligand22981-0
645,TABLEP__ligand25805-0
646,TABLEP__ligand4661-0
647,TABLEP__ligand1844-0
648,TABLEP__ligand20599-0
649,TABLEP__ligand27074-0
650,TABLEP__ligand38-0
651,TABLEP__ligand3718-0
652,TABLEP__ligand3035-0
653,TABLEP__ligand3876-0
654,TABLEP__ligand1343-0
655,TABLEP__ligand6616-0
656,TABLEP__ligand196-0
657,TABLEP__ligand1536-0
658,TABLEP__ligand14523-0
659,TABLEP__ligand1573-0
660,TABLEP__ligand27169-0
661,TABLEP__ligand18391-0
662,TABLEP__ligand9935-0
663,TABLEP__ligand3504-0
664,TABLEP__ligand1959-0
665,TABLEP__ligand12467-0
666,TABLEP__ligand25267-0
667,TABLEP__ligand422-0
668,TABLEP__ligand10084-0
669,TABLEP__ligand9908-0
670,TABLEP__ligand1263-0
671,TABLEP__ligand686-0
672,TABLEP__ligand7106-0
673,TABLEP__ligand23904-0
674,TABLEP__ligand7242-0
675,TABLEP__ligand13257-0
676,TABLEP__ligand21936-0
677,TABLEP__ligand465-0
678,TABLEP__ligand4093-0
679,TABLEP__ligand4442-0
680,TABLEP__ligand3954-0
681,TABLEP__ligand30539-0
682,TABLEP__ligand8699-0
683,TABLEP__ligand1160-0
684,TABLEP__ligand9520-0
685,TABLEP__ligand21132-0
686,TABLEP__ligand9784-0
687,TABLEP__ligand11166-0
688,TABLEP__ligand23906-0
689,TABLEP__ligand7629-0
690,TABLEP__ligand42-0
691,TABLEP__ligand1451-0
692,TABLEP__ligand4272-0
693,TABLEP__ligand1790-0
694,TABLEP__ligand1304-0
695,TABLEP__ligand7280-0
696,TABLEP__ligand12295-0
697,TABLEP__ligand27835-0
698,TABLEP__ligand7238-0
699,TABLEP__ligand314-1
700,TABLEP__ligand4016-0
701,TABLEP__ligand25575-0
702,TABLEP__ligand6709-0
703,TABLEP__ligand21787-0
704,TABLEP__ligand1219-0
705,TABLEP__ligand7867-0
706,TABLEP__ligand25689-0
707,TABLEP__ligand13209-0
708,TABLEP__ligand19257-0
709,TABLEP__ligand4503-0
710,TABLEP__ligand4546-0
711,TABLEP__ligand12660-0
712,TABLEP__ligand1982-0
713,TABLEP__ligand7000-0
714,TABLEP__ligand314-0
715,TABLEP__ligand780-0
716,TABLEP__ligand8115-0
717,TABLEP__ligand6768-0
718,TABLEP__ligand31248-0
719,TABLEP__ligand1285-0
720,TABLEP__ligand813-0
721,TABLEP__ligand25650-0
722,TABLEP__ligand391-0
723,TABLEP__ligand2232-0
724,TABLEP__ligand9291-0
725,TABLEP__ligand2176-0
726,TABLEP__ligand66-0
727,TABLEP__ligand5256-0
728,TABLEP__ligand11206-0
729,TABLEP__ligand23124-0
730,TABLEP__ligand9833-0
731,TABLEP__ligand8876-0
732,TABLEP__ligand2828-0
733,TABLEP__ligand7648-0
734,TABLEP__ligand4157-0
735,TABLEP__ligand618-0
736,TABLEP__ligand25735-0
737,TABLEP__ligand12519-0
738,TABLEP__ligand1615-0
739,TABLEP__ligand5036-0
740,TABLEP__ligand2526-0
741,TABLEP__ligand15168-0
742,TABLEP__ligand784-0
743,TABLEP__ligand9111-0
744,TABLEP__ligand9952-0
745,TABLEP__ligand8721-0
746,TABLEP__ligand23589-0
747,TABLEP__ligand1324-0
748,TABLEP__ligand24064-0
749,TABLEP__ligand1823-0
750,TABLEP__ligand5643-0
751,TABLEP__ligand4116-0
752,TABLEP__ligand1018-0
753,TABLEP__ligand7967-0
754,TABLEP__ligand3707-0
755,TABLEP__ligand6124-0
756,TABLEP__ligand9601-0
757,TABLEP__ligand22755-0
758,TABLEP__ligand368-0
759,TABLEP__ligand10432-0
760,TABLEP__ligand11432-0
761,TABLEP__ligand31618-0
762,TABLEP__ligand29898-0
763,TABLEP__ligand26277-0
764,TABLEP__ligand8992-0
765,TABLEP__ligand395-0
766,TABLEP__ligand1378-0
767,TABLEP__ligand24750-0
768,TABLEP__ligand115-0
769,TABLEP__ligand6244-0
770,TABLEP__ligand17207-0
771,TABLEP__ligand31578-0
772,TABLEP__ligand2915-0
773,TABLEP__ligand17945-0
774,TABLEP__ligand3156-0
775,TABLEP__ligand25224-0
776,TABLEP__ligand18013-0
777,TABLEP__ligand18703-0
778,TABLEP__ligand9933-0
779,TABLEP__ligand1530-0
780,TABLEP__ligand1575-0
781,TABLEP__ligand1631-0
782,TABLEP__ligand29087-0
783,TABLEP__ligand833-0
784,TABLEP__ligand2332-0
785,TABLEP__ligand9441-0
786,TABLEP__ligand28924-0
787,TABLEP__ligand15438-0
788,TABLEP__ligand12336-0
789,TABLEP__ligand13072-0
790,TABLEP__ligand6067-0
791,TABLEP__ligand1577-0
792,TABLEP__ligand2295-0
793,TABLEP__ligand506-0
794,TABLEP__ligand4620-0
795,TABLEP__ligand18699-0
796,TABLEP__ligand152-0
797,TABLEP__ligand12682-0
798,TABLEP__ligand3465-0
799,TABLEP__ligand6596-0
800,TABLEP__ligand6904-0
801,TABLEP__ligand3721-0
802,TABLEP__ligand6102-0
803,TABLEP__ligand7819-0
804,TABLEP__ligand2917-0
805,TABLEP__ligand17590-0
806,TABLEP__ligand17240-0
807,TABLEP__ligand11568-0
808,TABLEP__ligand8835-0
809,TABLEP__ligand2028-0
810,TABLEP__ligand7126-0
811,TABLEP__ligand20579-0
812,TABLEP__ligand17710-0
813,TABLEP__ligand176-0
814,TABLEP__ligand746-0
815,TABLEP__ligand14586-0
816,TABLEP__ligand3234-0
817,TABLEP__ligand1142-0
818,TABLEP__ligand11774-0
819,TABLEP__ligand447-0
820,TABLEP__ligand21421-0
821,TABLEP__ligand19725-0
822,TABLEP__ligand24613-0
823,TABLEP__ligand487-0
824,TABLEP__ligand4641-0
825,TABLEP__ligand10555-0
826,TABLEP__ligand18-0
827,TABLEP__ligand31483-0
