,TMC
0,WIRTUP__ligand7925-0
1,WIRTUP__ligand199-0
2,WIRTUP__ligand2068-0
3,WIRTUP__ligand26529-0
4,WIRTUP__ligand1147-0
5,WIRTUP__ligand3973-0
6,WIRTUP__ligand11618-0
7,WIRTUP__ligand26324-0
8,WIRTUP__ligand28559-0
9,WIRTUP__ligand4330-0
10,WIRTUP__ligand300-0
11,WIRTUP__ligand14043-0
12,WIRTUP__ligand2599-0
13,WIRTUP__ligand19927-0
14,WIRTUP__ligand588-0
15,WIRTUP__ligand7532-0
16,WIRTUP__ligand27239-0
17,WIRTUP__ligand21729-0
18,WIRTUP__ligand4194-0
19,WIRTUP__ligand4738-0
20,WIRTUP__ligand5813-0
21,WIRTUP__ligand4813-0
22,WIRTUP__ligand324-0
23,WIRTUP__ligand29215-0
24,WIRTUP__ligand361-0
25,WIRTUP__ligand409-0
26,WIRTUP__ligand6062-0
27,WIRTUP__ligand6283-0
28,WIRTUP__ligand10872-0
29,WIRTUP__ligand21399-0
30,WIRTUP__ligand16148-0
31,WIRTUP__ligand26631-0
32,WIRTUP__ligand12003-0
33,WIRTUP__ligand22403-0
34,WIRTUP__ligand7107-0
35,WIRTUP__ligand16369-0
36,WIRTUP__ligand11111-0
37,WIRTUP__ligand28540-0
38,WIRTUP__ligand27754-0
39,WIRTUP__ligand3215-0
40,WIRTUP__ligand20695-0
41,WIRTUP__ligand1415-0
42,WIRTUP__ligand6946-0
43,WIRTUP__ligand22444-0
44,WIRTUP__ligand24111-0
45,WIRTUP__ligand692-0
46,WIRTUP__ligand69-0
47,WIRTUP__ligand14569-0
48,WIRTUP__ligand7529-0
49,WIRTUP__ligand13385-0
50,WIRTUP__ligand17396-0
51,WIRTUP__ligand15788-0
52,WIRTUP__ligand23175-0
53,WIRTUP__ligand436-0
54,WIRTUP__ligand11587-0
55,WIRTUP__ligand13220-0
56,WIRTUP__ligand9148-0
57,WIRTUP__ligand5316-0
58,WIRTUP__ligand24872-0
59,WIRTUP__ligand326-0
60,WIRTUP__ligand5483-0
61,WIRTUP__ligand27840-0
62,WIRTUP__ligand30728-0
63,WIRTUP__ligand12001-0
64,WIRTUP__ligand1729-0
65,WIRTUP__ligand5627-0
66,WIRTUP__ligand10033-0
67,WIRTUP__ligand2830-0
68,WIRTUP__ligand24644-0
69,WIRTUP__ligand11-0
70,WIRTUP__ligand9681-0
71,WIRTUP__ligand22129-0
72,WIRTUP__ligand497-0
73,WIRTUP__ligand24780-0
74,WIRTUP__ligand12138-0
75,WIRTUP__ligand11949-0
76,WIRTUP__ligand4332-0
77,WIRTUP__ligand3012-0
78,WIRTUP__ligand1449-0
79,WIRTUP__ligand7530-0
80,WIRTUP__ligand1065-0
81,WIRTUP__ligand25561-0
82,WIRTUP__ligand633-0
83,WIRTUP__ligand29486-0
84,WIRTUP__ligand2403-0
85,WIRTUP__ligand31694-0
86,WIRTUP__ligand3934-0
87,WIRTUP__ligand17427-0
88,WIRTUP__ligand6882-0
89,WIRTUP__ligand6455-0
90,WIRTUP__ligand8349-0
91,WIRTUP__ligand15531-0
92,WIRTUP__ligand89-0
93,WIRTUP__ligand1709-0
94,WIRTUP__ligand28743-0
95,WIRTUP__ligand13862-0
96,WIRTUP__ligand11357-0
97,WIRTUP__ligand8464-0
98,WIRTUP__ligand10056-0
99,WIRTUP__ligand12365-0
100,WIRTUP__ligand21919-0
101,WIRTUP__ligand28930-0
102,WIRTUP__ligand22168-0
103,WIRTUP__ligand2527-0
104,WIRTUP__ligand22294-0
105,WIRTUP__ligand5849-0
106,WIRTUP__ligand383-0
107,WIRTUP__ligand15883-0
108,WIRTUP__ligand416-0
109,WIRTUP__ligand11970-0
110,WIRTUP__ligand226-0
111,WIRTUP__ligand49-0
112,WIRTUP__ligand15926-0
113,WIRTUP__ligand3392-0
114,WIRTUP__ligand10828-0
115,WIRTUP__ligand19792-0
116,WIRTUP__ligand11447-0
117,WIRTUP__ligand162-0
118,WIRTUP__ligand11096-0
119,WIRTUP__ligand28810-0
120,WIRTUP__ligand1771-0
121,WIRTUP__ligand4911-0
122,WIRTUP__ligand24230-0
123,WIRTUP__ligand3157-0
124,WIRTUP__ligand11682-0
125,WIRTUP__ligand9525-0
126,WIRTUP__ligand30711-0
127,WIRTUP__ligand20207-0
128,WIRTUP__ligand1165-0
129,WIRTUP__ligand5935-0
130,WIRTUP__ligand25913-0
131,WIRTUP__ligand2722-0
132,WIRTUP__ligand16988-0
133,WIRTUP__ligand696-0
134,WIRTUP__ligand1379-0
135,WIRTUP__ligand1469-0
136,WIRTUP__ligand14614-0
137,WIRTUP__ligand3871-0
138,WIRTUP__ligand1768-0
139,WIRTUP__ligand16663-0
140,WIRTUP__ligand656-0
141,WIRTUP__ligand31842-0
142,WIRTUP__ligand5056-0
143,WIRTUP__ligand31044-0
144,WIRTUP__ligand4850-0
145,WIRTUP__ligand11994-0
146,WIRTUP__ligand5357-0
147,WIRTUP__ligand24035-0
148,WIRTUP__ligand3647-0
149,WIRTUP__ligand1688-0
150,WIRTUP__ligand7557-0
151,WIRTUP__ligand1496-0
152,WIRTUP__ligand10371-0
153,WIRTUP__ligand17-0
154,WIRTUP__ligand28685-0
155,WIRTUP__ligand18568-0
156,WIRTUP__ligand1533-0
157,WIRTUP__ligand13672-0
158,WIRTUP__ligand488-0
159,WIRTUP__ligand19184-0
160,WIRTUP__ligand5094-0
161,WIRTUP__ligand358-0
162,WIRTUP__ligand5892-0
163,WIRTUP__ligand430-0
164,WIRTUP__ligand694-0
165,WIRTUP__ligand18448-0
166,WIRTUP__ligand12453-0
167,WIRTUP__ligand28459-0
168,WIRTUP__ligand4131-0
169,WIRTUP__ligand1712-0
170,WIRTUP__ligand9197-0
171,WIRTUP__ligand1900-0
172,WIRTUP__ligand1773-0
173,WIRTUP__ligand30142-0
174,WIRTUP__ligand4581-0
175,WIRTUP__ligand2328-0
176,WIRTUP__ligand27669-0
177,WIRTUP__ligand7162-0
178,WIRTUP__ligand13477-0
179,WIRTUP__ligand14167-0
180,WIRTUP__ligand3029-0
181,WIRTUP__ligand571-0
182,WIRTUP__ligand8722-0
183,WIRTUP__ligand534-0
184,WIRTUP__ligand9809-0
185,WIRTUP__ligand6672-0
186,WIRTUP__ligand1327-0
187,WIRTUP__ligand670-0
188,WIRTUP__ligand7573-0
189,WIRTUP__ligand2781-0
190,WIRTUP__ligand29029-0
191,WIRTUP__ligand27285-0
192,WIRTUP__ligand3350-0
193,WIRTUP__ligand3208-0
194,WIRTUP__ligand2208-0
195,WIRTUP__ligand23197-0
196,WIRTUP__ligand7238-0
197,WIRTUP__ligand7280-0
198,WIRTUP__ligand55-0
199,WIRTUP__ligand1304-0
200,WIRTUP__ligand1790-0
201,WIRTUP__ligand7867-0
202,WIRTUP__ligand6709-0
203,WIRTUP__ligand1219-0
204,WIRTUP__ligand4016-0
205,WIRTUP__ligand20557-0
206,WIRTUP__ligand30004-0
207,WIRTUP__ligand9520-0
208,WIRTUP__ligand1160-0
209,WIRTUP__ligand8699-0
210,WIRTUP__ligand25048-0
211,WIRTUP__ligand3954-0
212,WIRTUP__ligand4093-0
213,WIRTUP__ligand4442-0
214,WIRTUP__ligand21940-0
215,WIRTUP__ligand4272-0
216,WIRTUP__ligand1451-0
217,WIRTUP__ligand23445-0
218,WIRTUP__ligand24953-0
219,WIRTUP__ligand693-0
220,WIRTUP__ligand7629-0
221,WIRTUP__ligand68-0
222,WIRTUP__ligand20432-0
223,WIRTUP__ligand27122-0
224,WIRTUP__ligand16133-0
225,WIRTUP__ligand13755-0
226,WIRTUP__ligand9784-0
227,WIRTUP__ligand2176-0
228,WIRTUP__ligand13691-0
229,WIRTUP__ligand9291-0
230,WIRTUP__ligand30788-0
231,WIRTUP__ligand2232-0
232,WIRTUP__ligand14339-0
233,WIRTUP__ligand757-0
234,WIRTUP__ligand122-0
235,WIRTUP__ligand4157-0
236,WIRTUP__ligand7648-0
237,WIRTUP__ligand8876-0
238,WIRTUP__ligand2828-0
239,WIRTUP__ligand9833-0
240,WIRTUP__ligand5256-0
241,WIRTUP__ligand21752-0
242,WIRTUP__ligand24624-0
243,WIRTUP__ligand4546-0
244,WIRTUP__ligand20844-0
245,WIRTUP__ligand18413-0
246,WIRTUP__ligand34-0
247,WIRTUP__ligand4503-0
248,WIRTUP__ligand24560-0
249,WIRTUP__ligand18757-0
250,WIRTUP__ligand1285-0
251,WIRTUP__ligand6768-0
252,WIRTUP__ligand8115-0
253,WIRTUP__ligand7000-0
254,WIRTUP__ligand1982-0
255,WIRTUP__ligand6919-0
256,WIRTUP__ligand2485-0
257,WIRTUP__ligand27550-0
258,WIRTUP__ligand3852-0
259,WIRTUP__ligand5331-0
260,WIRTUP__ligand18019-1
261,WIRTUP__ligand1512-0
262,WIRTUP__ligand14007-0
263,WIRTUP__ligand768-0
264,WIRTUP__ligand3565-0
265,WIRTUP__ligand384-0
266,WIRTUP__ligand18158-0
267,WIRTUP__ligand4720-0
268,WIRTUP__ligand27771-0
269,WIRTUP__ligand29565-0
270,WIRTUP__ligand6839-0
271,WIRTUP__ligand3131-0
272,WIRTUP__ligand1202-0
273,WIRTUP__ligand3937-0
274,WIRTUP__ligand3174-0
275,WIRTUP__ligand8969-0
276,WIRTUP__ligand23682-0
277,WIRTUP__ligand5211-0
278,WIRTUP__ligand4155-0
279,WIRTUP__ligand3094-0
280,WIRTUP__ligand16956-0
281,WIRTUP__ligand21339-0
282,WIRTUP__ligand14226-0
283,WIRTUP__ligand20942-1
284,WIRTUP__ligand9908-0
285,WIRTUP__ligand1263-0
286,WIRTUP__ligand17445-0
287,WIRTUP__ligand17069-0
288,WIRTUP__ligand14477-0
289,WIRTUP__ligand141-0
290,WIRTUP__ligand11798-0
291,WIRTUP__ligand7242-0
292,WIRTUP__ligand240-0
293,WIRTUP__ligand29334-0
294,WIRTUP__ligand12413-0
295,WIRTUP__ligand20731-0
296,WIRTUP__ligand7106-0
297,WIRTUP__ligand11758-0
298,WIRTUP__ligand57-0
299,WIRTUP__ligand6616-0
300,WIRTUP__ligand22357-0
301,WIRTUP__ligand3035-0
302,WIRTUP__ligand3876-0
303,WIRTUP__ligand1343-0
304,WIRTUP__ligand3718-0
305,WIRTUP__ligand4661-0
306,WIRTUP__ligand1844-0
307,WIRTUP__ligand21448-0
308,WIRTUP__ligand1959-0
309,WIRTUP__ligand11544-0
310,WIRTUP__ligand11501-0
311,WIRTUP__ligand3504-0
312,WIRTUP__ligand9935-0
313,WIRTUP__ligand29214-0
314,WIRTUP__ligand1573-0
315,WIRTUP__ligand1536-0
316,WIRTUP__ligand201-0
317,WIRTUP__ligand6102-0
318,WIRTUP__ligand6596-0
319,WIRTUP__ligand6904-0
320,WIRTUP__ligand3721-0
321,WIRTUP__ligand3465-0
322,WIRTUP__ligand2917-0
323,WIRTUP__ligand7819-0
324,WIRTUP__ligand10151-0
325,WIRTUP__ligand321-0
326,WIRTUP__ligand2295-0
327,WIRTUP__ligand6067-0
328,WIRTUP__ligand1577-0
329,WIRTUP__ligand19668-0
330,WIRTUP__ligand19906-0
331,WIRTUP__ligand178-0
332,WIRTUP__ligand4620-0
333,WIRTUP__ligand279-0
334,WIRTUP__ligand22353-0
335,WIRTUP__ligand16-0
336,WIRTUP__ligand185-0
337,WIRTUP__ligand11698-0
338,WIRTUP__ligand20530-0
339,WIRTUP__ligand14302-0
340,WIRTUP__ligand14347-0
341,WIRTUP__ligand13657-0
342,WIRTUP__ligand24851-0
343,WIRTUP__ligand10853-0
344,WIRTUP__ligand29441-0
345,WIRTUP__ligand32-0
346,WIRTUP__ligand11479-0
347,WIRTUP__ligand4641-0
348,WIRTUP__ligand27610-0
349,WIRTUP__ligand10479-0
350,WIRTUP__ligand16952-0
351,WIRTUP__ligand29813-0
352,WIRTUP__ligand7126-0
353,WIRTUP__ligand8835-0
354,WIRTUP__ligand8-0
355,WIRTUP__ligand2028-0
356,WIRTUP__ligand15387-0
357,WIRTUP__ligand20121-0
358,WIRTUP__ligand338-0
359,WIRTUP__ligand3234-0
360,WIRTUP__ligand1142-0
361,WIRTUP__ligand20220-0
362,WIRTUP__ligand25658-0
363,WIRTUP__ligand17686-0
364,WIRTUP__ligand48-0
365,WIRTUP__ligand6124-0
366,WIRTUP__ligand3707-0
367,WIRTUP__ligand7967-0
368,WIRTUP__ligand31205-0
369,WIRTUP__ligand126-0
370,WIRTUP__ligand163-0
371,WIRTUP__ligand1018-0
372,WIRTUP__ligand4116-0
373,WIRTUP__ligand8992-0
374,WIRTUP__ligand15455-0
375,WIRTUP__ligand11177-0
376,WIRTUP__ligand9601-0
377,WIRTUP__ligand9111-0
378,WIRTUP__ligand9952-0
379,WIRTUP__ligand11622-0
380,WIRTUP__ligand16870-0
381,WIRTUP__ligand845-0
382,WIRTUP__ligand5036-0
383,WIRTUP__ligand2526-0
384,WIRTUP__ligand1615-0
385,WIRTUP__ligand5643-0
386,WIRTUP__ligand1823-0
387,WIRTUP__ligand16603-0
388,WIRTUP__ligand1324-0
389,WIRTUP__ligand8721-0
390,WIRTUP__ligand11814-0
391,WIRTUP__ligand31000-0
392,WIRTUP__ligand1631-0
393,WIRTUP__ligand1575-0
394,WIRTUP__ligand1530-0
395,WIRTUP__ligand9933-0
396,WIRTUP__ligand366-0
397,WIRTUP__ligand11606-0
398,WIRTUP__ligand187-0
399,WIRTUP__ligand51-0
400,WIRTUP__ligand20821-0
401,WIRTUP__ligand9441-0
402,WIRTUP__ligand657-0
403,WIRTUP__ligand26673-0
404,WIRTUP__ligand2332-0
405,WIRTUP__ligand91-0
406,WIRTUP__ligand18067-0
407,WIRTUP__ligand6244-0
408,WIRTUP__ligand19824-0
409,WIRTUP__ligand941-0
410,WIRTUP__ligand596-0
411,WIRTUP__ligand1378-0
412,WIRTUP__ligand13260-0
413,WIRTUP__ligand10582-0
414,WIRTUP__ligand3156-0
415,WIRTUP__ligand2915-0
416,WIRTUP__ligand11252-0
417,WIRTUP__ligand777-0
418,WIRTUP__ligand18703-0
419,WIRTUP__ligand6699-0
420,WIRTUP__ligand29087-0
421,WIRTUP__ligand3677-0
422,WIRTUP__ligand3632-0
423,WIRTUP__ligand487-0
424,WIRTUP__ligand28924-0
425,WIRTUP__ligand1168-0
426,WIRTUP__ligand15438-0
427,WIRTUP__ligand1294-0
428,WIRTUP__ligand6892-0
429,WIRTUP__ligand746-0
430,WIRTUP__ligand24750-0
431,WIRTUP__ligand1211-0
432,WIRTUP__ligand447-0
433,WIRTUP__ligand17207-0
434,WIRTUP__ligand18-0
435,WIRTUP__ligand31578-0
436,WIRTUP__ligand3712-0
437,WIRTUP__ligand1464-0
438,WIRTUP__ligand1499-0
439,WIRTUP__ligand17945-0
440,WIRTUP__ligand176-0
441,WIRTUP__ligand2881-0
442,WIRTUP__ligand25224-0
443,WIRTUP__ligand18013-0
444,WIRTUP__ligand3945-0
445,WIRTUP__ligand2693-0
446,WIRTUP__ligand5383-0
447,WIRTUP__ligand22755-0
448,WIRTUP__ligand9344-0
449,WIRTUP__ligand10432-0
450,WIRTUP__ligand31618-0
451,WIRTUP__ligand152-0
452,WIRTUP__ligand11432-0
453,WIRTUP__ligand26277-0
454,WIRTUP__ligand29898-0
455,WIRTUP__ligand3736-0
456,WIRTUP__ligand8000-0
457,WIRTUP__ligand506-0
458,WIRTUP__ligand15168-0
459,WIRTUP__ligand7291-0
460,WIRTUP__ligand3677-1
461,WIRTUP__ligand9883-0
462,WIRTUP__ligand4007-0
463,WIRTUP__ligand2985-0
464,WIRTUP__ligand23589-0
465,WIRTUP__ligand9299-0
466,WIRTUP__ligand24064-0
467,WIRTUP__ligand19725-0
468,WIRTUP__ligand3867-0
469,WIRTUP__ligand1317-0
470,WIRTUP__ligand24613-0
471,WIRTUP__ligand4-0
472,WIRTUP__ligand7293-0
473,WIRTUP__ligand2822-0
474,WIRTUP__ligand9167-0
475,WIRTUP__ligand5304-0
476,WIRTUP__ligand2238-0
477,WIRTUP__ligand833-0
478,WIRTUP__ligand10555-0
479,WIRTUP__ligand31483-0
480,WIRTUP__ligand11568-0
481,WIRTUP__ligand20579-0
482,WIRTUP__ligand17710-0
483,WIRTUP__ligand5080-0
484,WIRTUP__ligand7762-0
485,WIRTUP__ligand8002-0
486,WIRTUP__ligand11774-0
487,WIRTUP__ligand14586-0
488,WIRTUP__ligand5509-0
489,WIRTUP__ligand6117-0
490,WIRTUP__ligand1407-0
491,WIRTUP__ligand115-0
492,WIRTUP__ligand21421-0
493,WIRTUP__ligand12682-0
494,WIRTUP__ligand4358-0
495,WIRTUP__ligand18699-0
496,WIRTUP__ligand368-0
497,WIRTUP__ligand3926-0
498,WIRTUP__ligand3120-0
499,WIRTUP__ligand395-0
500,WIRTUP__ligand2221-0
501,WIRTUP__ligand5595-0
502,WIRTUP__ligand4101-0
503,WIRTUP__ligand17590-0
504,WIRTUP__ligand17240-0
505,WIRTUP__ligand12336-0
506,WIRTUP__ligand9773-0
507,WIRTUP__ligand1376-0
508,WIRTUP__ligand5510-0
509,WIRTUP__ligand13072-0
510,WIRTUP__ligand1296-0
511,WIRTUP__ligand2259-0
512,WIRTUP__ligand1197-0
513,WIRTUP__ligand8592-0
514,WIRTUP__ligand5099-0
515,WIRTUP__ligand784-0
516,WIRTUP__ligand7172-0
517,WIRTUP__ligand12467-0
518,WIRTUP__ligand618-0
519,WIRTUP__ligand7273-0
520,WIRTUP__ligand25267-0
521,WIRTUP__ligand10084-0
522,WIRTUP__ligand9323-0
523,WIRTUP__ligand391-0
524,WIRTUP__ligand2260-0
525,WIRTUP__ligand23904-0
526,WIRTUP__ligand7092-0
527,WIRTUP__ligand1116-0
528,WIRTUP__ligand1153-0
529,WIRTUP__ligand3225-0
530,WIRTUP__ligand13257-0
531,WIRTUP__ligand8612-0
532,WIRTUP__ligand2124-0
533,WIRTUP__ligand21936-0
534,WIRTUP__ligand25805-0
535,WIRTUP__ligand6017-0
536,WIRTUP__ligand22981-0
537,WIRTUP__ligand314-0
538,WIRTUP__ligand780-0
539,WIRTUP__ligand20599-0
540,WIRTUP__ligand27074-0
541,WIRTUP__ligand7316-0
542,WIRTUP__ligand5708-0
543,WIRTUP__ligand813-0
544,WIRTUP__ligand14523-0
545,WIRTUP__ligand27169-0
546,WIRTUP__ligand18391-0
547,WIRTUP__ligand66-0
548,WIRTUP__ligand5180-0
549,WIRTUP__ligand4807-0
550,WIRTUP__ligand28668-0
551,WIRTUP__ligand16791-0
552,WIRTUP__ligand3178-0
553,WIRTUP__ligand1787-0
554,WIRTUP__ligand1356-0
555,WIRTUP__ligand42-0
556,WIRTUP__ligand18465-0
557,WIRTUP__ligand5530-0
558,WIRTUP__ligand18799-0
559,WIRTUP__ligand9753-0
560,WIRTUP__ligand7196-0
561,WIRTUP__ligand314-1
562,WIRTUP__ligand5159-0
563,WIRTUP__ligand4649-0
564,WIRTUP__ligand5649-0
565,WIRTUP__ligand2788-0
566,WIRTUP__ligand29863-0
567,WIRTUP__ligand8793-0
568,WIRTUP__ligand13869-0
569,WIRTUP__ligand18074-0
570,WIRTUP__ligand2906-0
571,WIRTUP__ligand465-0
572,WIRTUP__ligand11140-0
573,WIRTUP__ligand3244-0
574,WIRTUP__ligand4711-0
575,WIRTUP__ligand29610-0
576,WIRTUP__ligand38-0
577,WIRTUP__ligand686-0
578,WIRTUP__ligand1289-0
579,WIRTUP__ligand11206-0
580,WIRTUP__ligand5387-0
581,WIRTUP__ligand23124-0
582,WIRTUP__ligand2203-0
583,WIRTUP__ligand422-0
584,WIRTUP__ligand12519-0
585,WIRTUP__ligand25735-0
586,WIRTUP__ligand13209-0
587,WIRTUP__ligand19257-0
588,WIRTUP__ligand2612-0
589,WIRTUP__ligand1599-0
590,WIRTUP__ligand12660-0
591,WIRTUP__ligand9450-0
592,WIRTUP__ligand196-0
593,WIRTUP__ligand31248-0
594,WIRTUP__ligand25650-0
595,WIRTUP__ligand12295-0
596,WIRTUP__ligand1604-0
597,WIRTUP__ligand27835-0
598,WIRTUP__ligand353-0
599,WIRTUP__ligand1228-0
600,WIRTUP__ligand9943-0
601,WIRTUP__ligand2043-0
602,WIRTUP__ligand1832-0
603,WIRTUP__ligand25575-0
604,WIRTUP__ligand21787-0
605,WIRTUP__ligand8788-0
606,WIRTUP__ligand25689-0
607,WIRTUP__ligand2417-0
608,WIRTUP__ligand30539-0
609,WIRTUP__ligand21132-0
610,WIRTUP__ligand6391-0
611,WIRTUP__ligand3126-0
612,WIRTUP__ligand9284-0
613,WIRTUP__ligand11166-0
614,WIRTUP__ligand23906-0
615,WIRTUP__ligand1114-0
616,WIRTUP__ligand393-0
617,WIRTUP__ligand30988-0
618,WIRTUP__ligand250-0
619,WIRTUP__ligand23713-0
620,WIRTUP__ligand3471-0
621,WIRTUP__ligand4161-0
622,WIRTUP__ligand18832-0
623,WIRTUP__ligand27175-0
624,WIRTUP__ligand4124-0
625,WIRTUP__ligand19641-0
626,WIRTUP__ligand15422-0
627,WIRTUP__ligand20578-0
628,WIRTUP__ligand12934-0
629,WIRTUP__ligand5415-0
630,WIRTUP__ligand27893-0
631,WIRTUP__ligand14723-0
632,WIRTUP__ligand370-0
633,WIRTUP__ligand4340-0
634,WIRTUP__ligand31783-0
635,WIRTUP__ligand2650-0
636,WIRTUP__ligand2281-0
637,WIRTUP__ligand3180-0
638,WIRTUP__ligand6995-0
639,WIRTUP__ligand26665-0
640,WIRTUP__ligand13012-0
641,WIRTUP__ligand17631-0
642,WIRTUP__ligand17258-0
643,WIRTUP__ligand2823-0
644,WIRTUP__ligand14297-0
645,WIRTUP__ligand14603-0
646,WIRTUP__ligand12606-0
647,WIRTUP__ligand30333-0
648,WIRTUP__ligand479-0
649,WIRTUP__ligand785-0
650,WIRTUP__ligand311-0
651,WIRTUP__ligand8593-0
652,WIRTUP__ligand9944-0
653,WIRTUP__ligand564-0
654,WIRTUP__ligand29410-0
655,WIRTUP__ligand12337-0
656,WIRTUP__ligand2001-0
657,WIRTUP__ligand26540-0
658,WIRTUP__ligand620-0
659,WIRTUP__ligand17281-0
660,WIRTUP__ligand30296-0
661,WIRTUP__ligand370-1
662,WIRTUP__ligand7566-0
663,WIRTUP__ligand16628-0
664,WIRTUP__ligand188-0
665,WIRTUP__ligand5201-0
666,WIRTUP__ligand28468-0
667,WIRTUP__ligand20740-0
668,WIRTUP__ligand12427-0
669,WIRTUP__ligand27460-0
670,WIRTUP__ligand8553-0
671,WIRTUP__ligand1113-0
672,WIRTUP__ligand19-0
673,WIRTUP__ligand29302-0
674,WIRTUP__ligand13425-0
675,WIRTUP__ligand1498-0
676,WIRTUP__ligand177-0
677,WIRTUP__ligand19057-0
678,WIRTUP__ligand4596-0
679,WIRTUP__ligand18814-0
680,WIRTUP__ligand1154-0
681,WIRTUP__ligand27763-0
682,WIRTUP__ligand10262-0
683,WIRTUP__ligand28676-0
684,WIRTUP__ligand9615-0
685,WIRTUP__ligand10958-0
686,WIRTUP__ligand1169-0
687,WIRTUP__ligand12641-0
688,WIRTUP__ligand8529-0
689,WIRTUP__ligand909-0
690,WIRTUP__ligand24-0
691,WIRTUP__ligand14108-0
692,WIRTUP__ligand830-0
693,WIRTUP__ligand17805-0
694,WIRTUP__ligand372-0
695,WIRTUP__ligand17302-0
696,WIRTUP__ligand193-0
697,WIRTUP__ligand25178-0
698,WIRTUP__ligand45-0
699,WIRTUP__ligand2027-0
700,WIRTUP__ligand23769-0
701,WIRTUP__ligand1015-0
702,WIRTUP__ligand1050-0
703,WIRTUP__ligand24185-0
704,WIRTUP__ligand19830-0
705,WIRTUP__ligand13068-0
706,WIRTUP__ligand1028-0
707,WIRTUP__ligand10476-0
708,WIRTUP__ligand116-0
709,WIRTUP__ligand24145-0
710,WIRTUP__ligand4262-0
711,WIRTUP__ligand15585-0
712,WIRTUP__ligand12401-0
713,WIRTUP__ligand78-0
714,WIRTUP__ligand252-0
715,WIRTUP__ligand12231-0
716,WIRTUP__ligand17387-0
717,WIRTUP__ligand12130-0
718,WIRTUP__ligand1618-0
719,WIRTUP__ligand13658-0
720,WIRTUP__ligand2692-0
721,WIRTUP__ligand26702-0
722,WIRTUP__ligand12289-0
723,WIRTUP__ligand18292-0
724,WIRTUP__ligand1779-0
725,WIRTUP__ligand6993-0
726,WIRTUP__ligand1817-0
727,WIRTUP__ligand197-0
728,WIRTUP__ligand9750-0
729,WIRTUP__ligand3-0
730,WIRTUP__ligand7075-0
731,WIRTUP__ligand13208-0
732,WIRTUP__ligand27482-0
733,WIRTUP__ligand3980-0
734,WIRTUP__ligand3557-0
735,WIRTUP__ligand26810-0
736,WIRTUP__ligand1149-0
737,WIRTUP__ligand1288-0
738,WIRTUP__ligand20682-0
739,WIRTUP__ligand4266-0
740,WIRTUP__ligand1400-0
741,WIRTUP__ligand9491-0
742,WIRTUP__ligand4167-0
743,WIRTUP__ligand13390-0
744,WIRTUP__ligand1539-0
745,WIRTUP__ligand868-0
746,WIRTUP__ligand25411-0
747,WIRTUP__ligand1150-0
748,WIRTUP__ligand11456-0
749,WIRTUP__ligand3453-0
750,WIRTUP__ligand3416-0
751,WIRTUP__ligand10712-0
752,WIRTUP__ligand14174-0
753,WIRTUP__ligand4207-0
754,WIRTUP__ligand3042-0
755,WIRTUP__ligand13331-0
756,WIRTUP__ligand28884-0
757,WIRTUP__ligand29879-0
758,WIRTUP__ligand14248-0
759,WIRTUP__ligand12030-0
760,WIRTUP__ligand7438-0
761,WIRTUP__ligand8200-0
762,WIRTUP__ligand13294-0
763,WIRTUP__ligand4063-0
764,WIRTUP__ligand31832-0
765,WIRTUP__ligand352-0
766,WIRTUP__ligand783-0
767,WIRTUP__ligand1831-0
768,WIRTUP__ligand5280-0
769,WIRTUP__ligand5614-0
770,WIRTUP__ligand560-0
771,WIRTUP__ligand29414-0
772,WIRTUP__ligand17982-0
773,WIRTUP__ligand67-0
774,WIRTUP__ligand20011-0
775,WIRTUP__ligand17278-0
776,WIRTUP__ligand6663-0
777,WIRTUP__ligand5515-0
778,WIRTUP__ligand10589-0
779,WIRTUP__ligand22557-0
780,WIRTUP__ligand24047-0
781,WIRTUP__ligand11675-0
782,WIRTUP__ligand20598-0
783,WIRTUP__ligand17398-0
784,WIRTUP__ligand5019-0
785,WIRTUP__ligand1152-0
786,WIRTUP__ligand3261-0
787,WIRTUP__ligand14703-0
788,WIRTUP__ligand16475-0
789,WIRTUP__ligand1216-0
790,WIRTUP__ligand20251-1
791,WIRTUP__ligand235-0
792,WIRTUP__ligand1849-0
793,WIRTUP__ligand134-0
794,WIRTUP__ligand21581-0
795,WIRTUP__ligand31097-0
796,WIRTUP__ligand5085-0
797,WIRTUP__ligand3144-0
798,WIRTUP__ligand421-0
799,WIRTUP__ligand5755-0
800,WIRTUP__ligand20251-0
801,WIRTUP__ligand4710-0
802,WIRTUP__ligand30702-0
803,WIRTUP__ligand20214-0
804,WIRTUP__ligand20539-0
805,WIRTUP__ligand1828-0
806,WIRTUP__ligand7213-0
807,WIRTUP__ligand1397-0
808,WIRTUP__ligand17261-0
809,WIRTUP__ligand8042-0
810,WIRTUP__ligand14117-0
811,WIRTUP__ligand685-0
812,WIRTUP__ligand6112-0
813,WIRTUP__ligand43-0
814,WIRTUP__ligand1786-0
815,WIRTUP__ligand28789-0
816,WIRTUP__ligand1-0
817,WIRTUP__ligand17118-0
818,WIRTUP__ligand5630-0
819,WIRTUP__ligand21371-0
820,WIRTUP__ligand294-0
821,WIRTUP__ligand20419-0
822,WIRTUP__ligand1908-0
823,WIRTUP__ligand30851-0
824,WIRTUP__ligand14889-0
825,WIRTUP__ligand4795-0
826,WIRTUP__ligand3285-0
827,WIRTUP__ligand29568-0
