,TMC
0,BIPNOD__ligand9943-0
1,BIPNOD__ligand1228-0
2,BIPNOD__ligand26529-0
3,BIPNOD__ligand126-0
4,BIPNOD__ligand163-0
5,BIPNOD__ligand1604-0
6,BIPNOD__ligand3-0
7,BIPNOD__ligand1832-0
8,BIPNOD__ligand8788-0
9,BIPNOD__ligand2043-0
10,BIPNOD__ligand11618-0
11,BIPNOD__ligand28559-0
12,BIPNOD__ligand26324-0
13,BIPNOD__ligand14043-0
14,BIPNOD__ligand845-0
15,BIPNOD__ligand19927-0
16,BIPNOD__ligand2417-0
17,BIPNOD__ligand1114-0
18,BIPNOD__ligand21729-0
19,BIPNOD__ligand27239-0
20,BIPNOD__ligand3126-0
21,BIPNOD__ligand6391-0
22,BIPNOD__ligand9284-0
23,BIPNOD__ligand366-0
24,BIPNOD__ligand29215-0
25,BIPNOD__ligand21399-0
26,BIPNOD__ligand657-0
27,BIPNOD__ligand10872-0
28,BIPNOD__ligand1289-0
29,BIPNOD__ligand26631-0
30,BIPNOD__ligand16148-0
31,BIPNOD__ligand5387-0
32,BIPNOD__ligand2203-0
33,BIPNOD__ligand187-0
34,BIPNOD__ligand12003-0
35,BIPNOD__ligand1599-0
36,BIPNOD__ligand941-0
37,BIPNOD__ligand596-0
38,BIPNOD__ligand2612-0
39,BIPNOD__ligand22403-0
40,BIPNOD__ligand16369-0
41,BIPNOD__ligand28540-0
42,BIPNOD__ligand11111-0
43,BIPNOD__ligand777-0
44,BIPNOD__ligand27754-0
45,BIPNOD__ligand9450-0
46,BIPNOD__ligand20695-0
47,BIPNOD__ligand24111-0
48,BIPNOD__ligand22444-0
49,BIPNOD__ligand3178-0
50,BIPNOD__ligand14569-0
51,BIPNOD__ligand4807-0
52,BIPNOD__ligand201-0
53,BIPNOD__ligand13385-0
54,BIPNOD__ligand17396-0
55,BIPNOD__ligand7196-0
56,BIPNOD__ligand23175-0
57,BIPNOD__ligand5159-0
58,BIPNOD__ligand15788-0
59,BIPNOD__ligand1356-0
60,BIPNOD__ligand1787-0
61,BIPNOD__ligand5530-0
62,BIPNOD__ligand11587-0
63,BIPNOD__ligand13220-0
64,BIPNOD__ligand9753-0
65,BIPNOD__ligand24872-0
66,BIPNOD__ligand4649-0
67,BIPNOD__ligand27840-0
68,BIPNOD__ligand2788-0
69,BIPNOD__ligand5649-0
70,BIPNOD__ligand8793-0
71,BIPNOD__ligand321-0
72,BIPNOD__ligand30728-0
73,BIPNOD__ligand185-0
74,BIPNOD__ligand3244-0
75,BIPNOD__ligand12001-0
76,BIPNOD__ligand4711-0
77,BIPNOD__ligand279-0
78,BIPNOD__ligand2906-0
79,BIPNOD__ligand10033-0
80,BIPNOD__ligand178-0
81,BIPNOD__ligand24644-0
82,BIPNOD__ligand7273-0
83,BIPNOD__ligand22129-0
84,BIPNOD__ligand12138-0
85,BIPNOD__ligand9323-0
86,BIPNOD__ligand24780-0
87,BIPNOD__ligand7172-0
88,BIPNOD__ligand11949-0
89,BIPNOD__ligand8612-0
90,BIPNOD__ligand2124-0
91,BIPNOD__ligand25561-0
92,BIPNOD__ligand2260-0
93,BIPNOD__ligand7092-0
94,BIPNOD__ligand1116-0
95,BIPNOD__ligand1153-0
96,BIPNOD__ligand3225-0
97,BIPNOD__ligand7316-0
98,BIPNOD__ligand18-0
99,BIPNOD__ligand1-0
100,BIPNOD__ligand29486-0
101,BIPNOD__ligand5708-0
102,BIPNOD__ligand6017-0
103,BIPNOD__ligand31694-0
104,BIPNOD__ligand17427-0
105,BIPNOD__ligand5180-0
106,BIPNOD__ligand338-0
107,BIPNOD__ligand13862-0
108,BIPNOD__ligand11357-0
109,BIPNOD__ligand2221-0
110,BIPNOD__ligand15531-0
111,BIPNOD__ligand28743-0
112,BIPNOD__ligand4358-0
113,BIPNOD__ligand10056-0
114,BIPNOD__ligand3926-0
115,BIPNOD__ligand3120-0
116,BIPNOD__ligand12365-0
117,BIPNOD__ligand21919-0
118,BIPNOD__ligand768-0
119,BIPNOD__ligand5595-0
120,BIPNOD__ligand28930-0
121,BIPNOD__ligand4101-0
122,BIPNOD__ligand22168-0
123,BIPNOD__ligand22294-0
124,BIPNOD__ligand15883-0
125,BIPNOD__ligand9773-0
126,BIPNOD__ligand1376-0
127,BIPNOD__ligand384-0
128,BIPNOD__ligand5510-0
129,BIPNOD__ligand11970-0
130,BIPNOD__ligand15926-0
131,BIPNOD__ligand1197-0
132,BIPNOD__ligand8592-0
133,BIPNOD__ligand19792-0
134,BIPNOD__ligand5099-0
135,BIPNOD__ligand10828-0
136,BIPNOD__ligand1296-0
137,BIPNOD__ligand28810-0
138,BIPNOD__ligand11447-0
139,BIPNOD__ligand11096-0
140,BIPNOD__ligand24230-0
141,BIPNOD__ligand2259-0
142,BIPNOD__ligand3867-0
143,BIPNOD__ligand1317-0
144,BIPNOD__ligand7293-0
145,BIPNOD__ligand2822-0
146,BIPNOD__ligand11682-0
147,BIPNOD__ligand30711-0
148,BIPNOD__ligand20207-0
149,BIPNOD__ligand2238-0
150,BIPNOD__ligand38-0
151,BIPNOD__ligand240-0
152,BIPNOD__ligand16988-0
153,BIPNOD__ligand9167-0
154,BIPNOD__ligand25913-0
155,BIPNOD__ligand141-0
156,BIPNOD__ligand5304-0
157,BIPNOD__ligand5080-0
158,BIPNOD__ligand14614-0
159,BIPNOD__ligand7762-0
160,BIPNOD__ligand16663-0
161,BIPNOD__ligand31842-0
162,BIPNOD__ligand31044-0
163,BIPNOD__ligand11994-0
164,BIPNOD__ligand8002-0
165,BIPNOD__ligand24035-0
166,BIPNOD__ligand5509-0
167,BIPNOD__ligand6117-0
168,BIPNOD__ligand1407-0
169,BIPNOD__ligand42-0
170,BIPNOD__ligand2693-0
171,BIPNOD__ligand5383-0
172,BIPNOD__ligand10371-0
173,BIPNOD__ligand3945-0
174,BIPNOD__ligand28685-0
175,BIPNOD__ligand3736-0
176,BIPNOD__ligand18568-0
177,BIPNOD__ligand8000-0
178,BIPNOD__ligand13672-0
179,BIPNOD__ligand9344-0
180,BIPNOD__ligand9883-0
181,BIPNOD__ligand3677-1
182,BIPNOD__ligand19184-0
183,BIPNOD__ligand7291-0
184,BIPNOD__ligand18448-0
185,BIPNOD__ligand9299-0
186,BIPNOD__ligand12453-0
187,BIPNOD__ligand28459-0
188,BIPNOD__ligand4007-0
189,BIPNOD__ligand2985-0
190,BIPNOD__ligand693-0
191,BIPNOD__ligand757-0
192,BIPNOD__ligand6699-0
193,BIPNOD__ligand30142-0
194,BIPNOD__ligand1168-0
195,BIPNOD__ligand1294-0
196,BIPNOD__ligand27669-0
197,BIPNOD__ligand3677-0
198,BIPNOD__ligand3632-0
199,BIPNOD__ligand122-0
200,BIPNOD__ligand14167-0
201,BIPNOD__ligand13477-0
202,BIPNOD__ligand1211-0
203,BIPNOD__ligand6892-0
204,BIPNOD__ligand27285-0
205,BIPNOD__ligand66-0
206,BIPNOD__ligand29029-0
207,BIPNOD__ligand1499-0
208,BIPNOD__ligand2881-0
209,BIPNOD__ligand23197-0
210,BIPNOD__ligand3712-0
211,BIPNOD__ligand1464-0
212,BIPNOD__ligand5755-0
213,BIPNOD__ligand4710-0
214,BIPNOD__ligand45-0
215,BIPNOD__ligand5085-0
216,BIPNOD__ligand3144-0
217,BIPNOD__ligand8042-0
218,BIPNOD__ligand6112-0
219,BIPNOD__ligand20557-0
220,BIPNOD__ligand1828-0
221,BIPNOD__ligand30004-0
222,BIPNOD__ligand7213-0
223,BIPNOD__ligand1397-0
224,BIPNOD__ligand430-0
225,BIPNOD__ligand5630-0
226,BIPNOD__ligand358-0
227,BIPNOD__ligand25048-0
228,BIPNOD__ligand1786-0
229,BIPNOD__ligand488-0
230,BIPNOD__ligand21940-0
231,BIPNOD__ligand23445-0
232,BIPNOD__ligand24953-0
233,BIPNOD__ligand4795-0
234,BIPNOD__ligand3285-0
235,BIPNOD__ligand27122-0
236,BIPNOD__ligand20432-0
237,BIPNOD__ligand1908-0
238,BIPNOD__ligand16133-0
239,BIPNOD__ligand13755-0
240,BIPNOD__ligand78-0
241,BIPNOD__ligand694-0
242,BIPNOD__ligand6663-0
243,BIPNOD__ligand30788-0
244,BIPNOD__ligand13691-0
245,BIPNOD__ligand5515-0
246,BIPNOD__ligand14339-0
247,BIPNOD__ligand1831-0
248,BIPNOD__ligand5280-0
249,BIPNOD__ligand5614-0
250,BIPNOD__ligand19-0
251,BIPNOD__ligand21752-0
252,BIPNOD__ligand20844-0
253,BIPNOD__ligand18413-0
254,BIPNOD__ligand24624-0
255,BIPNOD__ligand670-0
256,BIPNOD__ligand1216-0
257,BIPNOD__ligand18757-0
258,BIPNOD__ligand24-0
259,BIPNOD__ligand24560-0
260,BIPNOD__ligand5019-0
261,BIPNOD__ligand571-0
262,BIPNOD__ligand534-0
263,BIPNOD__ligand1152-0
264,BIPNOD__ligand3261-0
265,BIPNOD__ligand1849-0
266,BIPNOD__ligand1150-0
267,BIPNOD__ligand1539-0
268,BIPNOD__ligand27550-0
269,BIPNOD__ligand18019-1
270,BIPNOD__ligand14007-0
271,BIPNOD__ligand4207-0
272,BIPNOD__ligand3453-0
273,BIPNOD__ligand3416-0
274,BIPNOD__ligand18158-0
275,BIPNOD__ligand416-0
276,BIPNOD__ligand27771-0
277,BIPNOD__ligand3042-0
278,BIPNOD__ligand383-0
279,BIPNOD__ligand29565-0
280,BIPNOD__ligand23682-0
281,BIPNOD__ligand162-0
282,BIPNOD__ligand8200-0
283,BIPNOD__ligand7438-0
284,BIPNOD__ligand20942-1
285,BIPNOD__ligand4063-0
286,BIPNOD__ligand16956-0
287,BIPNOD__ligand14226-0
288,BIPNOD__ligand226-0
289,BIPNOD__ligand21339-0
290,BIPNOD__ligand9750-0
291,BIPNOD__ligand17445-0
292,BIPNOD__ligand1779-0
293,BIPNOD__ligand17069-0
294,BIPNOD__ligand6993-0
295,BIPNOD__ligand1817-0
296,BIPNOD__ligand14477-0
297,BIPNOD__ligand3980-0
298,BIPNOD__ligand3557-0
299,BIPNOD__ligand696-0
300,BIPNOD__ligand11798-0
301,BIPNOD__ligand1149-0
302,BIPNOD__ligand12413-0
303,BIPNOD__ligand7075-0
304,BIPNOD__ligand29334-0
305,BIPNOD__ligand20731-0
306,BIPNOD__ligand22357-0
307,BIPNOD__ligand11758-0
308,BIPNOD__ligand656-0
309,BIPNOD__ligand1288-0
310,BIPNOD__ligand21448-0
311,BIPNOD__ligand11544-0
312,BIPNOD__ligand11501-0
313,BIPNOD__ligand4167-0
314,BIPNOD__ligand29214-0
315,BIPNOD__ligand4266-0
316,BIPNOD__ligand1400-0
317,BIPNOD__ligand9491-0
318,BIPNOD__ligand692-0
319,BIPNOD__ligand1015-0
320,BIPNOD__ligand1050-0
321,BIPNOD__ligand436-0
322,BIPNOD__ligand10151-0
323,BIPNOD__ligand2027-0
324,BIPNOD__ligand4262-0
325,BIPNOD__ligand326-0
326,BIPNOD__ligand19668-0
327,BIPNOD__ligand1028-0
328,BIPNOD__ligand19906-0
329,BIPNOD__ligand1618-0
330,BIPNOD__ligand43-0
331,BIPNOD__ligand2692-0
332,BIPNOD__ligand22353-0
333,BIPNOD__ligand1498-0
334,BIPNOD__ligand20530-0
335,BIPNOD__ligand11698-0
336,BIPNOD__ligand14302-0
337,BIPNOD__ligand13657-0
338,BIPNOD__ligand14347-0
339,BIPNOD__ligand4596-0
340,BIPNOD__ligand24851-0
341,BIPNOD__ligand497-0
342,BIPNOD__ligand29441-0
343,BIPNOD__ligand633-0
344,BIPNOD__ligand10853-0
345,BIPNOD__ligand9615-0
346,BIPNOD__ligand1154-0
347,BIPNOD__ligand27610-0
348,BIPNOD__ligand10479-0
349,BIPNOD__ligand11479-0
350,BIPNOD__ligand67-0
351,BIPNOD__ligand1169-0
352,BIPNOD__ligand16952-0
353,BIPNOD__ligand29813-0
354,BIPNOD__ligand8529-0
355,BIPNOD__ligand15387-0
356,BIPNOD__ligand20121-0
357,BIPNOD__ligand20220-0
358,BIPNOD__ligand25658-0
359,BIPNOD__ligand17686-0
360,BIPNOD__ligand31205-0
361,BIPNOD__ligand8593-0
362,BIPNOD__ligand9944-0
363,BIPNOD__ligand4-0
364,BIPNOD__ligand199-0
365,BIPNOD__ligand15455-0
366,BIPNOD__ligand7566-0
367,BIPNOD__ligand11177-0
368,BIPNOD__ligand2001-0
369,BIPNOD__ligand5201-0
370,BIPNOD__ligand11622-0
371,BIPNOD__ligand300-0
372,BIPNOD__ligand16870-0
373,BIPNOD__ligand8553-0
374,BIPNOD__ligand16603-0
375,BIPNOD__ligand1113-0
376,BIPNOD__ligand588-0
377,BIPNOD__ligand11814-0
378,BIPNOD__ligand31000-0
379,BIPNOD__ligand409-0
380,BIPNOD__ligand324-0
381,BIPNOD__ligand361-0
382,BIPNOD__ligand3471-0
383,BIPNOD__ligand4161-0
384,BIPNOD__ligand4124-0
385,BIPNOD__ligand11606-0
386,BIPNOD__ligand5415-0
387,BIPNOD__ligand20821-0
388,BIPNOD__ligand26673-0
389,BIPNOD__ligand19824-0
390,BIPNOD__ligand18067-0
391,BIPNOD__ligand3180-0
392,BIPNOD__ligand4340-0
393,BIPNOD__ligand2281-0
394,BIPNOD__ligand2650-0
395,BIPNOD__ligand10582-0
396,BIPNOD__ligand2823-0
397,BIPNOD__ligand13260-0
398,BIPNOD__ligand6995-0
399,BIPNOD__ligand11252-0
400,BIPNOD__ligand9197-0
401,BIPNOD__ligand18703-0
402,BIPNOD__ligand1900-0
403,BIPNOD__ligand560-0
404,BIPNOD__ligand29087-0
405,BIPNOD__ligand7162-0
406,BIPNOD__ligand3029-0
407,BIPNOD__ligand28924-0
408,BIPNOD__ligand1773-0
409,BIPNOD__ligand4581-0
410,BIPNOD__ligand2328-0
411,BIPNOD__ligand15438-0
412,BIPNOD__ligand7573-0
413,BIPNOD__ligand2781-0
414,BIPNOD__ligand3350-0
415,BIPNOD__ligand24750-0
416,BIPNOD__ligand8722-0
417,BIPNOD__ligand6672-0
418,BIPNOD__ligand9809-0
419,BIPNOD__ligand1327-0
420,BIPNOD__ligand134-0
421,BIPNOD__ligand31578-0
422,BIPNOD__ligand17207-0
423,BIPNOD__ligand235-0
424,BIPNOD__ligand17945-0
425,BIPNOD__ligand25224-0
426,BIPNOD__ligand3208-0
427,BIPNOD__ligand18013-0
428,BIPNOD__ligand2208-0
429,BIPNOD__ligand7557-0
430,BIPNOD__ligand421-0
431,BIPNOD__ligand1496-0
432,BIPNOD__ligand22755-0
433,BIPNOD__ligand31618-0
434,BIPNOD__ligand69-0
435,BIPNOD__ligand11432-0
436,BIPNOD__ligand685-0
437,BIPNOD__ligand10432-0
438,BIPNOD__ligand26277-0
439,BIPNOD__ligand29898-0
440,BIPNOD__ligand1533-0
441,BIPNOD__ligand5094-0
442,BIPNOD__ligand294-0
443,BIPNOD__ligand5892-0
444,BIPNOD__ligand15168-0
445,BIPNOD__ligand8-0
446,BIPNOD__ligand11-0
447,BIPNOD__ligand4131-0
448,BIPNOD__ligand1712-0
449,BIPNOD__ligand23589-0
450,BIPNOD__ligand24064-0
451,BIPNOD__ligand19725-0
452,BIPNOD__ligand9525-0
453,BIPNOD__ligand1165-0
454,BIPNOD__ligand197-0
455,BIPNOD__ligand24613-0
456,BIPNOD__ligand3157-0
457,BIPNOD__ligand2722-0
458,BIPNOD__ligand1379-0
459,BIPNOD__ligand10555-0
460,BIPNOD__ligand5935-0
461,BIPNOD__ligand31483-0
462,BIPNOD__ligand1768-0
463,BIPNOD__ligand11568-0
464,BIPNOD__ligand20579-0
465,BIPNOD__ligand17710-0
466,BIPNOD__ligand1469-0
467,BIPNOD__ligand3871-0
468,BIPNOD__ligand11774-0
469,BIPNOD__ligand5357-0
470,BIPNOD__ligand14586-0
471,BIPNOD__ligand3647-0
472,BIPNOD__ligand1688-0
473,BIPNOD__ligand5056-0
474,BIPNOD__ligand4850-0
475,BIPNOD__ligand21421-0
476,BIPNOD__ligand12682-0
477,BIPNOD__ligand18699-0
478,BIPNOD__ligand868-0
479,BIPNOD__ligand8349-0
480,BIPNOD__ligand1709-0
481,BIPNOD__ligand8464-0
482,BIPNOD__ligand2527-0
483,BIPNOD__ligand17590-0
484,BIPNOD__ligand17240-0
485,BIPNOD__ligand12336-0
486,BIPNOD__ligand13072-0
487,BIPNOD__ligand5849-0
488,BIPNOD__ligand1771-0
489,BIPNOD__ligand4911-0
490,BIPNOD__ligand352-0
491,BIPNOD__ligand783-0
492,BIPNOD__ligand3392-0
493,BIPNOD__ligand177-0
494,BIPNOD__ligand4332-0
495,BIPNOD__ligand12467-0
496,BIPNOD__ligand9681-0
497,BIPNOD__ligand25267-0
498,BIPNOD__ligand10084-0
499,BIPNOD__ligand7530-0
500,BIPNOD__ligand1065-0
501,BIPNOD__ligand23904-0
502,BIPNOD__ligand13257-0
503,BIPNOD__ligand3012-0
504,BIPNOD__ligand1449-0
505,BIPNOD__ligand21936-0
506,BIPNOD__ligand25805-0
507,BIPNOD__ligand22981-0
508,BIPNOD__ligand20599-0
509,BIPNOD__ligand27074-0
510,BIPNOD__ligand2403-0
511,BIPNOD__ligand6882-0
512,BIPNOD__ligand27169-0
513,BIPNOD__ligand6455-0
514,BIPNOD__ligand14523-0
515,BIPNOD__ligand18391-0
516,BIPNOD__ligand3934-0
517,BIPNOD__ligand909-0
518,BIPNOD__ligand372-0
519,BIPNOD__ligand7529-0
520,BIPNOD__ligand28668-0
521,BIPNOD__ligand6946-0
522,BIPNOD__ligand1415-0
523,BIPNOD__ligand830-0
524,BIPNOD__ligand16791-0
525,BIPNOD__ligand18465-0
526,BIPNOD__ligand18799-0
527,BIPNOD__ligand9148-0
528,BIPNOD__ligand17-0
529,BIPNOD__ligand193-0
530,BIPNOD__ligand29863-0
531,BIPNOD__ligand5483-0
532,BIPNOD__ligand252-0
533,BIPNOD__ligand18074-0
534,BIPNOD__ligand13869-0
535,BIPNOD__ligand116-0
536,BIPNOD__ligand5316-0
537,BIPNOD__ligand2830-0
538,BIPNOD__ligand11140-0
539,BIPNOD__ligand1729-0
540,BIPNOD__ligand5627-0
541,BIPNOD__ligand29610-0
542,BIPNOD__ligand6062-0
543,BIPNOD__ligand4738-0
544,BIPNOD__ligand5813-0
545,BIPNOD__ligand250-0
546,BIPNOD__ligand4813-0
547,BIPNOD__ligand11206-0
548,BIPNOD__ligand23124-0
549,BIPNOD__ligand6283-0
550,BIPNOD__ligand12519-0
551,BIPNOD__ligand25735-0
552,BIPNOD__ligand13209-0
553,BIPNOD__ligand19257-0
554,BIPNOD__ligand7107-0
555,BIPNOD__ligand12660-0
556,BIPNOD__ligand370-0
557,BIPNOD__ligand3215-0
558,BIPNOD__ligand31248-0
559,BIPNOD__ligand25650-0
560,BIPNOD__ligand12295-0
561,BIPNOD__ligand785-0
562,BIPNOD__ligand311-0
563,BIPNOD__ligand479-0
564,BIPNOD__ligand27835-0
565,BIPNOD__ligand7925-0
566,BIPNOD__ligand2068-0
567,BIPNOD__ligand370-1
568,BIPNOD__ligand3973-0
569,BIPNOD__ligand620-0
570,BIPNOD__ligand89-0
571,BIPNOD__ligand21787-0
572,BIPNOD__ligand25575-0
573,BIPNOD__ligand25689-0
574,BIPNOD__ligand1147-0
575,BIPNOD__ligand564-0
576,BIPNOD__ligand49-0
577,BIPNOD__ligand188-0
578,BIPNOD__ligand30539-0
579,BIPNOD__ligand4330-0
580,BIPNOD__ligand2599-0
581,BIPNOD__ligand21132-0
582,BIPNOD__ligand11166-0
583,BIPNOD__ligand4194-0
584,BIPNOD__ligand23906-0
585,BIPNOD__ligand7532-0
586,BIPNOD__ligand1575-0
587,BIPNOD__ligand1530-0
588,BIPNOD__ligand30988-0
589,BIPNOD__ligand9933-0
590,BIPNOD__ligand686-0
591,BIPNOD__ligand1631-0
592,BIPNOD__ligand18832-0
593,BIPNOD__ligand27175-0
594,BIPNOD__ligand23713-0
595,BIPNOD__ligand9441-0
596,BIPNOD__ligand19641-0
597,BIPNOD__ligand422-0
598,BIPNOD__ligand2332-0
599,BIPNOD__ligand15422-0
600,BIPNOD__ligand12934-0
601,BIPNOD__ligand20578-0
602,BIPNOD__ligand27893-0
603,BIPNOD__ligand14723-0
604,BIPNOD__ligand31783-0
605,BIPNOD__ligand1378-0
606,BIPNOD__ligand6244-0
607,BIPNOD__ligand57-0
608,BIPNOD__ligand26665-0
609,BIPNOD__ligand17631-0
610,BIPNOD__ligand196-0
611,BIPNOD__ligand13012-0
612,BIPNOD__ligand17258-0
613,BIPNOD__ligand3156-0
614,BIPNOD__ligand14297-0
615,BIPNOD__ligand2915-0
616,BIPNOD__ligand14603-0
617,BIPNOD__ligand1018-0
618,BIPNOD__ligand12606-0
619,BIPNOD__ligand4116-0
620,BIPNOD__ligand353-0
621,BIPNOD__ligand30333-0
622,BIPNOD__ligand6124-0
623,BIPNOD__ligand3707-0
624,BIPNOD__ligand7967-0
625,BIPNOD__ligand12337-0
626,BIPNOD__ligand29410-0
627,BIPNOD__ligand26540-0
628,BIPNOD__ligand9601-0
629,BIPNOD__ligand17281-0
630,BIPNOD__ligand8992-0
631,BIPNOD__ligand30296-0
632,BIPNOD__ligand16628-0
633,BIPNOD__ligand5036-0
634,BIPNOD__ligand2526-0
635,BIPNOD__ligand1615-0
636,BIPNOD__ligand9111-0
637,BIPNOD__ligand9952-0
638,BIPNOD__ligand28468-0
639,BIPNOD__ligand20740-0
640,BIPNOD__ligand12427-0
641,BIPNOD__ligand393-0
642,BIPNOD__ligand1324-0
643,BIPNOD__ligand27460-0
644,BIPNOD__ligand8721-0
645,BIPNOD__ligand5643-0
646,BIPNOD__ligand1823-0
647,BIPNOD__ligand29302-0
648,BIPNOD__ligand13425-0
649,BIPNOD__ligand618-0
650,BIPNOD__ligand18814-0
651,BIPNOD__ligand19057-0
652,BIPNOD__ligand27763-0
653,BIPNOD__ligand10262-0
654,BIPNOD__ligand4641-0
655,BIPNOD__ligand28676-0
656,BIPNOD__ligand391-0
657,BIPNOD__ligand7126-0
658,BIPNOD__ligand813-0
659,BIPNOD__ligand2028-0
660,BIPNOD__ligand8835-0
661,BIPNOD__ligand10958-0
662,BIPNOD__ligand12641-0
663,BIPNOD__ligand314-0
664,BIPNOD__ligand780-0
665,BIPNOD__ligand34-0
666,BIPNOD__ligand3234-0
667,BIPNOD__ligand1142-0
668,BIPNOD__ligand14108-0
669,BIPNOD__ligand3465-0
670,BIPNOD__ligand17805-0
671,BIPNOD__ligand6102-0
672,BIPNOD__ligand6904-0
673,BIPNOD__ligand17302-0
674,BIPNOD__ligand3721-0
675,BIPNOD__ligand6596-0
676,BIPNOD__ligand25178-0
677,BIPNOD__ligand2917-0
678,BIPNOD__ligand314-1
679,BIPNOD__ligand7819-0
680,BIPNOD__ligand23769-0
681,BIPNOD__ligand24185-0
682,BIPNOD__ligand55-0
683,BIPNOD__ligand19830-0
684,BIPNOD__ligand13068-0
685,BIPNOD__ligand68-0
686,BIPNOD__ligand10476-0
687,BIPNOD__ligand24145-0
688,BIPNOD__ligand2295-0
689,BIPNOD__ligand6067-0
690,BIPNOD__ligand1577-0
691,BIPNOD__ligand15585-0
692,BIPNOD__ligand12401-0
693,BIPNOD__ligand12231-0
694,BIPNOD__ligand465-0
695,BIPNOD__ligand17387-0
696,BIPNOD__ligand12130-0
697,BIPNOD__ligand4620-0
698,BIPNOD__ligand12289-0
699,BIPNOD__ligand18292-0
700,BIPNOD__ligand13658-0
701,BIPNOD__ligand26702-0
702,BIPNOD__ligand51-0
703,BIPNOD__ligand1263-0
704,BIPNOD__ligand9908-0
705,BIPNOD__ligand13208-0
706,BIPNOD__ligand7106-0
707,BIPNOD__ligand833-0
708,BIPNOD__ligand26810-0
709,BIPNOD__ligand27482-0
710,BIPNOD__ligand7242-0
711,BIPNOD__ligand4661-0
712,BIPNOD__ligand1844-0
713,BIPNOD__ligand20682-0
714,BIPNOD__ligand6616-0
715,BIPNOD__ligand3035-0
716,BIPNOD__ligand1343-0
717,BIPNOD__ligand3876-0
718,BIPNOD__ligand3718-0
719,BIPNOD__ligand9935-0
720,BIPNOD__ligand91-0
721,BIPNOD__ligand115-0
722,BIPNOD__ligand1573-0
723,BIPNOD__ligand1536-0
724,BIPNOD__ligand1959-0
725,BIPNOD__ligand13390-0
726,BIPNOD__ligand3504-0
727,BIPNOD__ligand6919-0
728,BIPNOD__ligand2485-0
729,BIPNOD__ligand395-0
730,BIPNOD__ligand3852-0
731,BIPNOD__ligand25411-0
732,BIPNOD__ligand368-0
733,BIPNOD__ligand48-0
734,BIPNOD__ligand11456-0
735,BIPNOD__ligand3565-0
736,BIPNOD__ligand14174-0
737,BIPNOD__ligand5331-0
738,BIPNOD__ligand10712-0
739,BIPNOD__ligand1512-0
740,BIPNOD__ligand6839-0
741,BIPNOD__ligand3131-0
742,BIPNOD__ligand3937-0
743,BIPNOD__ligand1202-0
744,BIPNOD__ligand28884-0
745,BIPNOD__ligand3174-0
746,BIPNOD__ligand8969-0
747,BIPNOD__ligand13331-0
748,BIPNOD__ligand29879-0
749,BIPNOD__ligand14248-0
750,BIPNOD__ligand4720-0
751,BIPNOD__ligand12030-0
752,BIPNOD__ligand3094-0
753,BIPNOD__ligand4155-0
754,BIPNOD__ligand784-0
755,BIPNOD__ligand13294-0
756,BIPNOD__ligand31832-0
757,BIPNOD__ligand5211-0
758,BIPNOD__ligand2232-0
759,BIPNOD__ligand32-0
760,BIPNOD__ligand17982-0
761,BIPNOD__ligand29414-0
762,BIPNOD__ligand2176-0
763,BIPNOD__ligand20011-0
764,BIPNOD__ligand17278-0
765,BIPNOD__ligand9291-0
766,BIPNOD__ligand7648-0
767,BIPNOD__ligand2828-0
768,BIPNOD__ligand24047-0
769,BIPNOD__ligand8876-0
770,BIPNOD__ligand9833-0
771,BIPNOD__ligand10589-0
772,BIPNOD__ligand22557-0
773,BIPNOD__ligand20598-0
774,BIPNOD__ligand5256-0
775,BIPNOD__ligand11675-0
776,BIPNOD__ligand487-0
777,BIPNOD__ligand17398-0
778,BIPNOD__ligand4157-0
779,BIPNOD__ligand447-0
780,BIPNOD__ligand16475-0
781,BIPNOD__ligand14703-0
782,BIPNOD__ligand746-0
783,BIPNOD__ligand4546-0
784,BIPNOD__ligand4503-0
785,BIPNOD__ligand6768-0
786,BIPNOD__ligand8115-0
787,BIPNOD__ligand176-0
788,BIPNOD__ligand7000-0
789,BIPNOD__ligand20251-1
790,BIPNOD__ligand1982-0
791,BIPNOD__ligand1285-0
792,BIPNOD__ligand21581-0
793,BIPNOD__ligand31097-0
794,BIPNOD__ligand7280-0
795,BIPNOD__ligand1304-0
796,BIPNOD__ligand1790-0
797,BIPNOD__ligand20251-0
798,BIPNOD__ligand30702-0
799,BIPNOD__ligand20214-0
800,BIPNOD__ligand7238-0
801,BIPNOD__ligand20539-0
802,BIPNOD__ligand4016-0
803,BIPNOD__ligand152-0
804,BIPNOD__ligand14117-0
805,BIPNOD__ligand7867-0
806,BIPNOD__ligand17261-0
807,BIPNOD__ligand6709-0
808,BIPNOD__ligand1219-0
809,BIPNOD__ligand28789-0
810,BIPNOD__ligand3954-0
811,BIPNOD__ligand4442-0
812,BIPNOD__ligand4093-0
813,BIPNOD__ligand16-0
814,BIPNOD__ligand21371-0
815,BIPNOD__ligand9520-0
816,BIPNOD__ligand17118-0
817,BIPNOD__ligand1160-0
818,BIPNOD__ligand20419-0
819,BIPNOD__ligand8699-0
820,BIPNOD__ligand506-0
821,BIPNOD__ligand14889-0
822,BIPNOD__ligand9784-0
823,BIPNOD__ligand30851-0
824,BIPNOD__ligand4272-0
825,BIPNOD__ligand1451-0
826,BIPNOD__ligand29568-0
827,BIPNOD__ligand7629-0
