,TMC
0,QEHKEV__ligand9944-0
1,QEHKEV__ligand8593-0
2,QEHKEV__ligand10371-0
3,QEHKEV__ligand833-0
4,QEHKEV__ligand7566-0
5,QEHKEV__ligand13672-0
6,QEHKEV__ligand2001-0
7,QEHKEV__ligand18568-0
8,QEHKEV__ligand28685-0
9,QEHKEV__ligand5201-0
10,QEHKEV__ligand19184-0
11,QEHKEV__ligand115-0
12,QEHKEV__ligand8553-0
13,QEHKEV__ligand1113-0
14,QEHKEV__ligand28459-0
15,QEHKEV__ligand12453-0
16,QEHKEV__ligand18448-0
17,QEHKEV__ligand4124-0
18,QEHKEV__ligand4161-0
19,QEHKEV__ligand3471-0
20,QEHKEV__ligand368-0
21,QEHKEV__ligand14167-0
22,QEHKEV__ligand13477-0
23,QEHKEV__ligand5415-0
24,QEHKEV__ligand27669-0
25,QEHKEV__ligand395-0
26,QEHKEV__ligand30142-0
27,QEHKEV__ligand27285-0
28,QEHKEV__ligand29029-0
29,QEHKEV__ligand3180-0
30,QEHKEV__ligand784-0
31,QEHKEV__ligand2650-0
32,QEHKEV__ligand2281-0
33,QEHKEV__ligand4340-0
34,QEHKEV__ligand2823-0
35,QEHKEV__ligand23197-0
36,QEHKEV__ligand6995-0
37,QEHKEV__ligand12365-0
38,QEHKEV__ligand10056-0
39,QEHKEV__ligand11357-0
40,QEHKEV__ligand13862-0
41,QEHKEV__ligand28743-0
42,QEHKEV__ligand15531-0
43,QEHKEV__ligand487-0
44,QEHKEV__ligand22294-0
45,QEHKEV__ligand1050-0
46,QEHKEV__ligand22168-0
47,QEHKEV__ligand1015-0
48,QEHKEV__ligand28930-0
49,QEHKEV__ligand45-0
50,QEHKEV__ligand2027-0
51,QEHKEV__ligand21919-0
52,QEHKEV__ligand4262-0
53,QEHKEV__ligand11970-0
54,QEHKEV__ligand78-0
55,QEHKEV__ligand15883-0
56,QEHKEV__ligand1028-0
57,QEHKEV__ligand176-0
58,QEHKEV__ligand24230-0
59,QEHKEV__ligand746-0
60,QEHKEV__ligand1618-0
61,QEHKEV__ligand28810-0
62,QEHKEV__ligand2692-0
63,QEHKEV__ligand11447-0
64,QEHKEV__ligand11096-0
65,QEHKEV__ligand19792-0
66,QEHKEV__ligand447-0
67,QEHKEV__ligand10828-0
68,QEHKEV__ligand15926-0
69,QEHKEV__ligand30711-0
70,QEHKEV__ligand20207-0
71,QEHKEV__ligand152-0
72,QEHKEV__ligand1498-0
73,QEHKEV__ligand4596-0
74,QEHKEV__ligand11682-0
75,QEHKEV__ligand19-0
76,QEHKEV__ligand16988-0
77,QEHKEV__ligand25913-0
78,QEHKEV__ligand9615-0
79,QEHKEV__ligand1154-0
80,QEHKEV__ligand1169-0
81,QEHKEV__ligand8529-0
82,QEHKEV__ligand16663-0
83,QEHKEV__ligand14614-0
84,QEHKEV__ligand24-0
85,QEHKEV__ligand506-0
86,QEHKEV__ligand24035-0
87,QEHKEV__ligand11994-0
88,QEHKEV__ligand31044-0
89,QEHKEV__ligand31842-0
90,QEHKEV__ligand1150-0
91,QEHKEV__ligand13385-0
92,QEHKEV__ligand14569-0
93,QEHKEV__ligand24111-0
94,QEHKEV__ligand22444-0
95,QEHKEV__ligand1539-0
96,QEHKEV__ligand422-0
97,QEHKEV__ligand686-0
98,QEHKEV__ligand4207-0
99,QEHKEV__ligand11587-0
100,QEHKEV__ligand13220-0
101,QEHKEV__ligand23175-0
102,QEHKEV__ligand15788-0
103,QEHKEV__ligand17396-0
104,QEHKEV__ligand3416-0
105,QEHKEV__ligand3453-0
106,QEHKEV__ligand30728-0
107,QEHKEV__ligand27840-0
108,QEHKEV__ligand3042-0
109,QEHKEV__ligand196-0
110,QEHKEV__ligand24872-0
111,QEHKEV__ligand24644-0
112,QEHKEV__ligand10033-0
113,QEHKEV__ligand7438-0
114,QEHKEV__ligand8200-0
115,QEHKEV__ligand4063-0
116,QEHKEV__ligand12001-0
117,QEHKEV__ligand9750-0
118,QEHKEV__ligand11949-0
119,QEHKEV__ligand12138-0
120,QEHKEV__ligand1779-0
121,QEHKEV__ligand24780-0
122,QEHKEV__ligand1817-0
123,QEHKEV__ligand22129-0
124,QEHKEV__ligand6993-0
125,QEHKEV__ligand3557-0
126,QEHKEV__ligand3980-0
127,QEHKEV__ligand25561-0
128,QEHKEV__ligand1149-0
129,QEHKEV__ligand7075-0
130,QEHKEV__ligand353-0
131,QEHKEV__ligand31694-0
132,QEHKEV__ligand1288-0
133,QEHKEV__ligand393-0
134,QEHKEV__ligand29486-0
135,QEHKEV__ligand4167-0
136,QEHKEV__ligand17427-0
137,QEHKEV__ligand4266-0
138,QEHKEV__ligand1400-0
139,QEHKEV__ligand9491-0
140,QEHKEV__ligand4710-0
141,QEHKEV__ligand5755-0
142,QEHKEV__ligand391-0
143,QEHKEV__ligand3144-0
144,QEHKEV__ligand5085-0
145,QEHKEV__ligand26529-0
146,QEHKEV__ligand11618-0
147,QEHKEV__ligand8042-0
148,QEHKEV__ligand6112-0
149,QEHKEV__ligand1828-0
150,QEHKEV__ligand1397-0
151,QEHKEV__ligand618-0
152,QEHKEV__ligand7213-0
153,QEHKEV__ligand5630-0
154,QEHKEV__ligand19927-0
155,QEHKEV__ligand43-0
156,QEHKEV__ligand14043-0
157,QEHKEV__ligand1786-0
158,QEHKEV__ligand28559-0
159,QEHKEV__ligand26324-0
160,QEHKEV__ligand780-0
161,QEHKEV__ligand314-0
162,QEHKEV__ligand21729-0
163,QEHKEV__ligand3285-0
164,QEHKEV__ligand4795-0
165,QEHKEV__ligand27239-0
166,QEHKEV__ligand813-0
167,QEHKEV__ligand1908-0
168,QEHKEV__ligand5515-0
169,QEHKEV__ligand29215-0
170,QEHKEV__ligand67-0
171,QEHKEV__ligand6663-0
172,QEHKEV__ligand5614-0
173,QEHKEV__ligand5280-0
174,QEHKEV__ligand1831-0
175,QEHKEV__ligand314-1
176,QEHKEV__ligand12003-0
177,QEHKEV__ligand26631-0
178,QEHKEV__ligand16148-0
179,QEHKEV__ligand21399-0
180,QEHKEV__ligand10872-0
181,QEHKEV__ligand465-0
182,QEHKEV__ligand22403-0
183,QEHKEV__ligand1216-0
184,QEHKEV__ligand5019-0
185,QEHKEV__ligand3261-0
186,QEHKEV__ligand1152-0
187,QEHKEV__ligand27754-0
188,QEHKEV__ligand20695-0
189,QEHKEV__ligand1849-0
190,QEHKEV__ligand28540-0
191,QEHKEV__ligand11111-0
192,QEHKEV__ligand16369-0
193,QEHKEV__ligand5383-0
194,QEHKEV__ligand2693-0
195,QEHKEV__ligand31205-0
196,QEHKEV__ligand25658-0
197,QEHKEV__ligand3945-0
198,QEHKEV__ligand17686-0
199,QEHKEV__ligand3736-0
200,QEHKEV__ligand11177-0
201,QEHKEV__ligand8000-0
202,QEHKEV__ligand15455-0
203,QEHKEV__ligand8-0
204,QEHKEV__ligand9344-0
205,QEHKEV__ligand177-0
206,QEHKEV__ligand3677-1
207,QEHKEV__ligand9883-0
208,QEHKEV__ligand16870-0
209,QEHKEV__ligand909-0
210,QEHKEV__ligand11622-0
211,QEHKEV__ligand7291-0
212,QEHKEV__ligand11814-0
213,QEHKEV__ligand9299-0
214,QEHKEV__ligand2985-0
215,QEHKEV__ligand16603-0
216,QEHKEV__ligand4007-0
217,QEHKEV__ligand11606-0
218,QEHKEV__ligand193-0
219,QEHKEV__ligand6699-0
220,QEHKEV__ligand31000-0
221,QEHKEV__ligand830-0
222,QEHKEV__ligand1168-0
223,QEHKEV__ligand26673-0
224,QEHKEV__ligand1294-0
225,QEHKEV__ligand20821-0
226,QEHKEV__ligand372-0
227,QEHKEV__ligand3632-0
228,QEHKEV__ligand3677-0
229,QEHKEV__ligand1211-0
230,QEHKEV__ligand6892-0
231,QEHKEV__ligand19824-0
232,QEHKEV__ligand18067-0
233,QEHKEV__ligand1499-0
234,QEHKEV__ligand116-0
235,QEHKEV__ligand11252-0
236,QEHKEV__ligand2881-0
237,QEHKEV__ligand18-0
238,QEHKEV__ligand252-0
239,QEHKEV__ligand10582-0
240,QEHKEV__ligand1464-0
241,QEHKEV__ligand3712-0
242,QEHKEV__ligand13260-0
243,QEHKEV__ligand2221-0
244,QEHKEV__ligand4358-0
245,QEHKEV__ligand3120-0
246,QEHKEV__ligand3926-0
247,QEHKEV__ligand10151-0
248,QEHKEV__ligand250-0
249,QEHKEV__ligand4101-0
250,QEHKEV__ligand5595-0
251,QEHKEV__ligand19906-0
252,QEHKEV__ligand19668-0
253,QEHKEV__ligand9773-0
254,QEHKEV__ligand5510-0
255,QEHKEV__ligand1376-0
256,QEHKEV__ligand1197-0
257,QEHKEV__ligand22353-0
258,QEHKEV__ligand370-0
259,QEHKEV__ligand5099-0
260,QEHKEV__ligand8592-0
261,QEHKEV__ligand1296-0
262,QEHKEV__ligand2259-0
263,QEHKEV__ligand2822-0
264,QEHKEV__ligand7293-0
265,QEHKEV__ligand1317-0
266,QEHKEV__ligand3867-0
267,QEHKEV__ligand564-0
268,QEHKEV__ligand24851-0
269,QEHKEV__ligand13657-0
270,QEHKEV__ligand14347-0
271,QEHKEV__ligand14302-0
272,QEHKEV__ligand370-1
273,QEHKEV__ligand20530-0
274,QEHKEV__ligand620-0
275,QEHKEV__ligand11698-0
276,QEHKEV__ligand27610-0
277,QEHKEV__ligand10479-0
278,QEHKEV__ligand2238-0
279,QEHKEV__ligand11479-0
280,QEHKEV__ligand311-0
281,QEHKEV__ligand785-0
282,QEHKEV__ligand9167-0
283,QEHKEV__ligand5304-0
284,QEHKEV__ligand29441-0
285,QEHKEV__ligand479-0
286,QEHKEV__ligand10853-0
287,QEHKEV__ligand7762-0
288,QEHKEV__ligand5080-0
289,QEHKEV__ligand16952-0
290,QEHKEV__ligand29813-0
291,QEHKEV__ligand20220-0
292,QEHKEV__ligand5509-0
293,QEHKEV__ligand8002-0
294,QEHKEV__ligand20121-0
295,QEHKEV__ligand1407-0
296,QEHKEV__ligand15387-0
297,QEHKEV__ligand6117-0
298,QEHKEV__ligand188-0
299,QEHKEV__ligand3178-0
300,QEHKEV__ligand27550-0
301,QEHKEV__ligand4807-0
302,QEHKEV__ligand7196-0
303,QEHKEV__ligand5159-0
304,QEHKEV__ligand42-0
305,QEHKEV__ligand5530-0
306,QEHKEV__ligand14007-0
307,QEHKEV__ligand1787-0
308,QEHKEV__ligand1356-0
309,QEHKEV__ligand9753-0
310,QEHKEV__ligand560-0
311,QEHKEV__ligand18019-1
312,QEHKEV__ligand23682-0
313,QEHKEV__ligand235-0
314,QEHKEV__ligand29565-0
315,QEHKEV__ligand8793-0
316,QEHKEV__ligand5649-0
317,QEHKEV__ligand2788-0
318,QEHKEV__ligand27771-0
319,QEHKEV__ligand134-0
320,QEHKEV__ligand4649-0
321,QEHKEV__ligand18158-0
322,QEHKEV__ligand20942-1
323,QEHKEV__ligand4711-0
324,QEHKEV__ligand3244-0
325,QEHKEV__ligand14226-0
326,QEHKEV__ligand21339-0
327,QEHKEV__ligand16956-0
328,QEHKEV__ligand2906-0
329,QEHKEV__ligand14477-0
330,QEHKEV__ligand7273-0
331,QEHKEV__ligand17069-0
332,QEHKEV__ligand9323-0
333,QEHKEV__ligand17445-0
334,QEHKEV__ligand7172-0
335,QEHKEV__ligand685-0
336,QEHKEV__ligand8612-0
337,QEHKEV__ligand421-0
338,QEHKEV__ligand20731-0
339,QEHKEV__ligand12413-0
340,QEHKEV__ligand2124-0
341,QEHKEV__ligand29334-0
342,QEHKEV__ligand11798-0
343,QEHKEV__ligand3225-0
344,QEHKEV__ligand1153-0
345,QEHKEV__ligand1116-0
346,QEHKEV__ligand7092-0
347,QEHKEV__ligand2260-0
348,QEHKEV__ligand21448-0
349,QEHKEV__ligand7316-0
350,QEHKEV__ligand5708-0
351,QEHKEV__ligand6017-0
352,QEHKEV__ligand22357-0
353,QEHKEV__ligand11758-0
354,QEHKEV__ligand5180-0
355,QEHKEV__ligand66-0
356,QEHKEV__ligand29214-0
357,QEHKEV__ligand294-0
358,QEHKEV__ligand11501-0
359,QEHKEV__ligand11544-0
360,QEHKEV__ligand1228-0
361,QEHKEV__ligand9943-0
362,QEHKEV__ligand1604-0
363,QEHKEV__ligand8788-0
364,QEHKEV__ligand1832-0
365,QEHKEV__ligand30004-0
366,QEHKEV__ligand20557-0
367,QEHKEV__ligand2043-0
368,QEHKEV__ligand197-0
369,QEHKEV__ligand21940-0
370,QEHKEV__ligand25048-0
371,QEHKEV__ligand2417-0
372,QEHKEV__ligand1114-0
373,QEHKEV__ligand16133-0
374,QEHKEV__ligand13755-0
375,QEHKEV__ligand27122-0
376,QEHKEV__ligand20432-0
377,QEHKEV__ligand6391-0
378,QEHKEV__ligand3126-0
379,QEHKEV__ligand24953-0
380,QEHKEV__ligand23445-0
381,QEHKEV__ligand9284-0
382,QEHKEV__ligand14339-0
383,QEHKEV__ligand30788-0
384,QEHKEV__ligand13691-0
385,QEHKEV__ligand38-0
386,QEHKEV__ligand21752-0
387,QEHKEV__ligand1289-0
388,QEHKEV__ligand868-0
389,QEHKEV__ligand2203-0
390,QEHKEV__ligand5387-0
391,QEHKEV__ligand1599-0
392,QEHKEV__ligand18757-0
393,QEHKEV__ligand24560-0
394,QEHKEV__ligand2612-0
395,QEHKEV__ligand18413-0
396,QEHKEV__ligand783-0
397,QEHKEV__ligand20844-0
398,QEHKEV__ligand352-0
399,QEHKEV__ligand24624-0
400,QEHKEV__ligand9450-0
401,QEHKEV__ligand2232-0
402,QEHKEV__ligand2176-0
403,QEHKEV__ligand9291-0
404,QEHKEV__ligand436-0
405,QEHKEV__ligand25735-0
406,QEHKEV__ligand692-0
407,QEHKEV__ligand9833-0
408,QEHKEV__ligand12519-0
409,QEHKEV__ligand8876-0
410,QEHKEV__ligand2828-0
411,QEHKEV__ligand7648-0
412,QEHKEV__ligand5256-0
413,QEHKEV__ligand23124-0
414,QEHKEV__ligand11206-0
415,QEHKEV__ligand4157-0
416,QEHKEV__ligand12660-0
417,QEHKEV__ligand4503-0
418,QEHKEV__ligand4546-0
419,QEHKEV__ligand34-0
420,QEHKEV__ligand13209-0
421,QEHKEV__ligand19257-0
422,QEHKEV__ligand8115-0
423,QEHKEV__ligand6768-0
424,QEHKEV__ligand25650-0
425,QEHKEV__ligand326-0
426,QEHKEV__ligand1982-0
427,QEHKEV__ligand7000-0
428,QEHKEV__ligand31248-0
429,QEHKEV__ligand1285-0
430,QEHKEV__ligand1790-0
431,QEHKEV__ligand1304-0
432,QEHKEV__ligand55-0
433,QEHKEV__ligand7280-0
434,QEHKEV__ligand7238-0
435,QEHKEV__ligand633-0
436,QEHKEV__ligand27835-0
437,QEHKEV__ligand12295-0
438,QEHKEV__ligand25689-0
439,QEHKEV__ligand4016-0
440,QEHKEV__ligand21787-0
441,QEHKEV__ligand25575-0
442,QEHKEV__ligand497-0
443,QEHKEV__ligand7867-0
444,QEHKEV__ligand1219-0
445,QEHKEV__ligand6709-0
446,QEHKEV__ligand4093-0
447,QEHKEV__ligand4442-0
448,QEHKEV__ligand30539-0
449,QEHKEV__ligand3954-0
450,QEHKEV__ligand9520-0
451,QEHKEV__ligand8699-0
452,QEHKEV__ligand1160-0
453,QEHKEV__ligand9784-0
454,QEHKEV__ligand23906-0
455,QEHKEV__ligand11166-0
456,QEHKEV__ligand1451-0
457,QEHKEV__ligand4272-0
458,QEHKEV__ligand7629-0
459,QEHKEV__ligand21132-0
460,QEHKEV__ligand68-0
461,QEHKEV__ligand10084-0
462,QEHKEV__ligand25267-0
463,QEHKEV__ligand12467-0
464,QEHKEV__ligand9908-0
465,QEHKEV__ligand1263-0
466,QEHKEV__ligand21936-0
467,QEHKEV__ligand7106-0
468,QEHKEV__ligand13257-0
469,QEHKEV__ligand199-0
470,QEHKEV__ligand23904-0
471,QEHKEV__ligand7242-0
472,QEHKEV__ligand588-0
473,QEHKEV__ligand1844-0
474,QEHKEV__ligand4661-0
475,QEHKEV__ligand27074-0
476,QEHKEV__ligand3876-0
477,QEHKEV__ligand1343-0
478,QEHKEV__ligand3035-0
479,QEHKEV__ligand6616-0
480,QEHKEV__ligand20599-0
481,QEHKEV__ligand57-0
482,QEHKEV__ligand22981-0
483,QEHKEV__ligand3718-0
484,QEHKEV__ligand25805-0
485,QEHKEV__ligand9935-0
486,QEHKEV__ligand300-0
487,QEHKEV__ligand1536-0
488,QEHKEV__ligand1573-0
489,QEHKEV__ligand18391-0
490,QEHKEV__ligand1959-0
491,QEHKEV__ligand27169-0
492,QEHKEV__ligand3504-0
493,QEHKEV__ligand14523-0
494,QEHKEV__ligand6919-0
495,QEHKEV__ligand3852-0
496,QEHKEV__ligand16791-0
497,QEHKEV__ligand2485-0
498,QEHKEV__ligand28668-0
499,QEHKEV__ligand3565-0
500,QEHKEV__ligand409-0
501,QEHKEV__ligand1512-0
502,QEHKEV__ligand18799-0
503,QEHKEV__ligand5331-0
504,QEHKEV__ligand18465-0
505,QEHKEV__ligand361-0
506,QEHKEV__ligand324-0
507,QEHKEV__ligand6839-0
508,QEHKEV__ligand8969-0
509,QEHKEV__ligand3174-0
510,QEHKEV__ligand1202-0
511,QEHKEV__ligand3937-0
512,QEHKEV__ligand3131-0
513,QEHKEV__ligand18074-0
514,QEHKEV__ligand13869-0
515,QEHKEV__ligand29863-0
516,QEHKEV__ligand4720-0
517,QEHKEV__ligand29610-0
518,QEHKEV__ligand4155-0
519,QEHKEV__ligand3094-0
520,QEHKEV__ligand5211-0
521,QEHKEV__ligand11140-0
522,QEHKEV__ligand24613-0
523,QEHKEV__ligand19725-0
524,QEHKEV__ligand31483-0
525,QEHKEV__ligand10555-0
526,QEHKEV__ligand4641-0
527,QEHKEV__ligand32-0
528,QEHKEV__ligand7126-0
529,QEHKEV__ligand694-0
530,QEHKEV__ligand8835-0
531,QEHKEV__ligand2028-0
532,QEHKEV__ligand20579-0
533,QEHKEV__ligand17710-0
534,QEHKEV__ligand11568-0
535,QEHKEV__ligand21421-0
536,QEHKEV__ligand1142-0
537,QEHKEV__ligand488-0
538,QEHKEV__ligand3234-0
539,QEHKEV__ligand430-0
540,QEHKEV__ligand14586-0
541,QEHKEV__ligand11774-0
542,QEHKEV__ligand358-0
543,QEHKEV__ligand3465-0
544,QEHKEV__ligand18699-0
545,QEHKEV__ligand6596-0
546,QEHKEV__ligand3721-0
547,QEHKEV__ligand6904-0
548,QEHKEV__ligand12682-0
549,QEHKEV__ligand6102-0
550,QEHKEV__ligand2917-0
551,QEHKEV__ligand17240-0
552,QEHKEV__ligand7819-0
553,QEHKEV__ligand17590-0
554,QEHKEV__ligand13072-0
555,QEHKEV__ligand12336-0
556,QEHKEV__ligand1577-0
557,QEHKEV__ligand6067-0
558,QEHKEV__ligand2295-0
559,QEHKEV__ligand16-0
560,QEHKEV__ligand534-0
561,QEHKEV__ligand571-0
562,QEHKEV__ligand4620-0
563,QEHKEV__ligand670-0
564,QEHKEV__ligand1530-0
565,QEHKEV__ligand1575-0
566,QEHKEV__ligand29087-0
567,QEHKEV__ligand9933-0
568,QEHKEV__ligand1631-0
569,QEHKEV__ligand18703-0
570,QEHKEV__ligand15438-0
571,QEHKEV__ligand9441-0
572,QEHKEV__ligand28924-0
573,QEHKEV__ligand2332-0
574,QEHKEV__ligand51-0
575,QEHKEV__ligand226-0
576,QEHKEV__ligand1378-0
577,QEHKEV__ligand24750-0
578,QEHKEV__ligand91-0
579,QEHKEV__ligand6244-0
580,QEHKEV__ligand162-0
581,QEHKEV__ligand383-0
582,QEHKEV__ligand25224-0
583,QEHKEV__ligand18013-0
584,QEHKEV__ligand17945-0
585,QEHKEV__ligand416-0
586,QEHKEV__ligand2915-0
587,QEHKEV__ligand31578-0
588,QEHKEV__ligand17207-0
589,QEHKEV__ligand3156-0
590,QEHKEV__ligand1018-0
591,QEHKEV__ligand4116-0
592,QEHKEV__ligand696-0
593,QEHKEV__ligand48-0
594,QEHKEV__ligand7967-0
595,QEHKEV__ligand3707-0
596,QEHKEV__ligand6124-0
597,QEHKEV__ligand9601-0
598,QEHKEV__ligand29898-0
599,QEHKEV__ligand26277-0
600,QEHKEV__ligand11432-0
601,QEHKEV__ligand31618-0
602,QEHKEV__ligand10432-0
603,QEHKEV__ligand22755-0
604,QEHKEV__ligand8992-0
605,QEHKEV__ligand1615-0
606,QEHKEV__ligand2526-0
607,QEHKEV__ligand5036-0
608,QEHKEV__ligand9952-0
609,QEHKEV__ligand15168-0
610,QEHKEV__ligand9111-0
611,QEHKEV__ligand1324-0
612,QEHKEV__ligand8721-0
613,QEHKEV__ligand24064-0
614,QEHKEV__ligand1823-0
615,QEHKEV__ligand23589-0
616,QEHKEV__ligand5643-0
617,QEHKEV__ligand4-0
618,QEHKEV__ligand656-0
619,QEHKEV__ligand20011-0
620,QEHKEV__ligand17278-0
621,QEHKEV__ligand6062-0
622,QEHKEV__ligand17982-0
623,QEHKEV__ligand29414-0
624,QEHKEV__ligand4738-0
625,QEHKEV__ligand768-0
626,QEHKEV__ligand4813-0
627,QEHKEV__ligand5813-0
628,QEHKEV__ligand17398-0
629,QEHKEV__ligand20598-0
630,QEHKEV__ligand6283-0
631,QEHKEV__ligand11675-0
632,QEHKEV__ligand24047-0
633,QEHKEV__ligand10589-0
634,QEHKEV__ligand22557-0
635,QEHKEV__ligand7107-0
636,QEHKEV__ligand16475-0
637,QEHKEV__ligand14703-0
638,QEHKEV__ligand3215-0
639,QEHKEV__ligand384-0
640,QEHKEV__ligand20251-1
641,QEHKEV__ligand20539-0
642,QEHKEV__ligand141-0
643,QEHKEV__ligand30702-0
644,QEHKEV__ligand20214-0
645,QEHKEV__ligand20251-0
646,QEHKEV__ligand7925-0
647,QEHKEV__ligand240-0
648,QEHKEV__ligand21581-0
649,QEHKEV__ligand31097-0
650,QEHKEV__ligand2068-0
651,QEHKEV__ligand14117-0
652,QEHKEV__ligand17261-0
653,QEHKEV__ligand3973-0
654,QEHKEV__ligand1147-0
655,QEHKEV__ligand20419-0
656,QEHKEV__ligand21371-0
657,QEHKEV__ligand17118-0
658,QEHKEV__ligand4330-0
659,QEHKEV__ligand2599-0
660,QEHKEV__ligand28789-0
661,QEHKEV__ligand29568-0
662,QEHKEV__ligand4194-0
663,QEHKEV__ligand3-0
664,QEHKEV__ligand14889-0
665,QEHKEV__ligand30851-0
666,QEHKEV__ligand7532-0
667,QEHKEV__ligand4332-0
668,QEHKEV__ligand9681-0
669,QEHKEV__ligand1065-0
670,QEHKEV__ligand7530-0
671,QEHKEV__ligand1-0
672,QEHKEV__ligand26810-0
673,QEHKEV__ligand27482-0
674,QEHKEV__ligand3012-0
675,QEHKEV__ligand13208-0
676,QEHKEV__ligand1449-0
677,QEHKEV__ligand693-0
678,QEHKEV__ligand20682-0
679,QEHKEV__ligand2403-0
680,QEHKEV__ligand13390-0
681,QEHKEV__ligand6455-0
682,QEHKEV__ligand6882-0
683,QEHKEV__ligand3934-0
684,QEHKEV__ligand25411-0
685,QEHKEV__ligand122-0
686,QEHKEV__ligand7529-0
687,QEHKEV__ligand1415-0
688,QEHKEV__ligand6946-0
689,QEHKEV__ligand69-0
690,QEHKEV__ligand14174-0
691,QEHKEV__ligand9148-0
692,QEHKEV__ligand10712-0
693,QEHKEV__ligand757-0
694,QEHKEV__ligand11456-0
695,QEHKEV__ligand12030-0
696,QEHKEV__ligand5483-0
697,QEHKEV__ligand14248-0
698,QEHKEV__ligand29879-0
699,QEHKEV__ligand28884-0
700,QEHKEV__ligand5316-0
701,QEHKEV__ligand13331-0
702,QEHKEV__ligand11-0
703,QEHKEV__ligand2830-0
704,QEHKEV__ligand31832-0
705,QEHKEV__ligand1729-0
706,QEHKEV__ligand13294-0
707,QEHKEV__ligand5627-0
708,QEHKEV__ligand9525-0
709,QEHKEV__ligand18814-0
710,QEHKEV__ligand19057-0
711,QEHKEV__ligand1165-0
712,QEHKEV__ligand29302-0
713,QEHKEV__ligand13425-0
714,QEHKEV__ligand3157-0
715,QEHKEV__ligand2722-0
716,QEHKEV__ligand1379-0
717,QEHKEV__ligand5935-0
718,QEHKEV__ligand28676-0
719,QEHKEV__ligand10262-0
720,QEHKEV__ligand163-0
721,QEHKEV__ligand27763-0
722,QEHKEV__ligand126-0
723,QEHKEV__ligand1768-0
724,QEHKEV__ligand12641-0
725,QEHKEV__ligand1469-0
726,QEHKEV__ligand10958-0
727,QEHKEV__ligand3871-0
728,QEHKEV__ligand3647-0
729,QEHKEV__ligand5357-0
730,QEHKEV__ligand14108-0
731,QEHKEV__ligand1688-0
732,QEHKEV__ligand4850-0
733,QEHKEV__ligand5056-0
734,QEHKEV__ligand845-0
735,QEHKEV__ligand17302-0
736,QEHKEV__ligand187-0
737,QEHKEV__ligand17805-0
738,QEHKEV__ligand8349-0
739,QEHKEV__ligand89-0
740,QEHKEV__ligand8464-0
741,QEHKEV__ligand657-0
742,QEHKEV__ligand1709-0
743,QEHKEV__ligand24185-0
744,QEHKEV__ligand23769-0
745,QEHKEV__ligand2527-0
746,QEHKEV__ligand366-0
747,QEHKEV__ligand25178-0
748,QEHKEV__ligand12401-0
749,QEHKEV__ligand15585-0
750,QEHKEV__ligand24145-0
751,QEHKEV__ligand10476-0
752,QEHKEV__ligand777-0
753,QEHKEV__ligand13068-0
754,QEHKEV__ligand5849-0
755,QEHKEV__ligand19830-0
756,QEHKEV__ligand18292-0
757,QEHKEV__ligand596-0
758,QEHKEV__ligand941-0
759,QEHKEV__ligand12289-0
760,QEHKEV__ligand26702-0
761,QEHKEV__ligand13658-0
762,QEHKEV__ligand4911-0
763,QEHKEV__ligand17387-0
764,QEHKEV__ligand1771-0
765,QEHKEV__ligand12130-0
766,QEHKEV__ligand49-0
767,QEHKEV__ligand3392-0
768,QEHKEV__ligand12231-0
769,QEHKEV__ligand27175-0
770,QEHKEV__ligand18832-0
771,QEHKEV__ligand9197-0
772,QEHKEV__ligand23713-0
773,QEHKEV__ligand1900-0
774,QEHKEV__ligand30988-0
775,QEHKEV__ligand7162-0
776,QEHKEV__ligand14723-0
777,QEHKEV__ligand3029-0
778,QEHKEV__ligand27893-0
779,QEHKEV__ligand201-0
780,QEHKEV__ligand4581-0
781,QEHKEV__ligand12934-0
782,QEHKEV__ligand20578-0
783,QEHKEV__ligand1773-0
784,QEHKEV__ligand15422-0
785,QEHKEV__ligand2328-0
786,QEHKEV__ligand19641-0
787,QEHKEV__ligand3350-0
788,QEHKEV__ligand178-0
789,QEHKEV__ligand2781-0
790,QEHKEV__ligand7573-0
791,QEHKEV__ligand8722-0
792,QEHKEV__ligand31783-0
793,QEHKEV__ligand185-0
794,QEHKEV__ligand1327-0
795,QEHKEV__ligand9809-0
796,QEHKEV__ligand279-0
797,QEHKEV__ligand6672-0
798,QEHKEV__ligand14603-0
799,QEHKEV__ligand14297-0
800,QEHKEV__ligand321-0
801,QEHKEV__ligand17258-0
802,QEHKEV__ligand17631-0
803,QEHKEV__ligand13012-0
804,QEHKEV__ligand26665-0
805,QEHKEV__ligand2208-0
806,QEHKEV__ligand3208-0
807,QEHKEV__ligand17-0
808,QEHKEV__ligand30333-0
809,QEHKEV__ligand12606-0
810,QEHKEV__ligand1496-0
811,QEHKEV__ligand7557-0
812,QEHKEV__ligand30296-0
813,QEHKEV__ligand17281-0
814,QEHKEV__ligand26540-0
815,QEHKEV__ligand12337-0
816,QEHKEV__ligand1533-0
817,QEHKEV__ligand29410-0
818,QEHKEV__ligand5892-0
819,QEHKEV__ligand5094-0
820,QEHKEV__ligand12427-0
821,QEHKEV__ligand338-0
822,QEHKEV__ligand28468-0
823,QEHKEV__ligand20740-0
824,QEHKEV__ligand16628-0
825,QEHKEV__ligand1712-0
826,QEHKEV__ligand4131-0
827,QEHKEV__ligand27460-0
