,TMC
0,NONHUU__ligand7414-0
1,NONHUU__ligand5762-0
2,NONHUU__ligand1104-0
3,NONHUU__ligand1019-0
4,NONHUU__ligand2442-0
5,NONHUU__ligand485-0
6,NONHUU__ligand1325-0
7,NONHUU__ligand2482-0
8,NONHUU__ligand355-0
9,NONHUU__ligand784-0
10,NONHUU__ligand6571-0
11,NONHUU__ligand32-0
12,NONHUU__ligand15630-0
13,NONHUU__ligand2376-0
14,NONHUU__ligand10357-0
15,NONHUU__ligand291-0
16,NONHUU__ligand2929-0
17,NONHUU__ligand1299-0
18,NONHUU__ligand6430-0
19,NONHUU__ligand1221-0
20,NONHUU__ligand115-0
21,NONHUU__ligand1264-0
22,NONHUU__ligand1379-0
23,NONHUU__ligand2916-0
24,NONHUU__ligand2110-0
25,NONHUU__ligand91-0
26,NONHUU__ligand29-0
27,NONHUU__ligand682-0
28,NONHUU__ligand3579-0
29,NONHUU__ligand1712-0
30,NONHUU__ligand2389-0
31,NONHUU__ligand1919-0
32,NONHUU__ligand51-0
33,NONHUU__ligand2315-0
34,NONHUU__ligand1898-0
35,NONHUU__ligand487-0
36,NONHUU__ligand4504-0
37,NONHUU__ligand3051-0
38,NONHUU__ligand2480-0
39,NONHUU__ligand666-0
40,NONHUU__ligand5334-0
41,NONHUU__ligand522-0
42,NONHUU__ligand48-0
43,NONHUU__ligand133-0
44,NONHUU__ligand8032-0
45,NONHUU__ligand447-0
46,NONHUU__ligand1858-0
47,NONHUU__ligand34-0
48,NONHUU__ligand5089-0
49,NONHUU__ligand2599-0
50,NONHUU__ligand3853-0
51,NONHUU__ligand2853-0
52,NONHUU__ligand353-0
53,NONHUU__ligand6166-0
54,NONHUU__ligand1246-0
55,NONHUU__ligand236-0
56,NONHUU__ligand3-0
57,NONHUU__ligand422-0
58,NONHUU__ligand113-0
59,NONHUU__ligand95-0
60,NONHUU__ligand55-0
61,NONHUU__ligand502-0
62,NONHUU__ligand196-0
63,NONHUU__ligand1307-0
64,NONHUU__ligand4811-0
65,NONHUU__ligand1449-1
66,NONHUU__ligand57-0
67,NONHUU__ligand3337-0
68,NONHUU__ligand7514-0
69,NONHUU__ligand1-0
70,NONHUU__ligand9620-0
71,NONHUU__ligand1260-0
72,NONHUU__ligand4894-0
73,NONHUU__ligand210-0
74,NONHUU__ligand1788-0
75,NONHUU__ligand391-0
76,NONHUU__ligand170-0
77,NONHUU__ligand1178-0
78,NONHUU__ligand73-0
79,NONHUU__ligand3566-0
80,NONHUU__ligand314-0
81,NONHUU__ligand481-0
82,NONHUU__ligand1321-0
83,NONHUU__ligand1918-0
84,NONHUU__ligand193-0
85,NONHUU__ligand10479-0
86,NONHUU__ligand830-0
87,NONHUU__ligand6-0
88,NONHUU__ligand4175-0
89,NONHUU__ligand955-0
90,NONHUU__ligand2255-0
91,NONHUU__ligand252-0
92,NONHUU__ligand1436-0
93,NONHUU__ligand10114-0
94,NONHUU__ligand49-0
95,NONHUU__ligand3618-0
96,NONHUU__ligand2618-0
97,NONHUU__ligand177-0
98,NONHUU__ligand934-0
99,NONHUU__ligand89-0
100,NONHUU__ligand4370-0
101,NONHUU__ligand909-0
102,NONHUU__ligand851-0
103,NONHUU__ligand2526-0
104,NONHUU__ligand1551-0
105,NONHUU__ligand311-0
106,NONHUU__ligand369-0
107,NONHUU__ligand444-0
108,NONHUU__ligand2707-0
109,NONHUU__ligand1690-0
110,NONHUU__ligand10910-0
111,NONHUU__ligand188-0
112,NONHUU__ligand460-0
113,NONHUU__ligand4-0
114,NONHUU__ligand250-0
115,NONHUU__ligand92-0
116,NONHUU__ligand2915-0
117,NONHUU__ligand4012-0
118,NONHUU__ligand3196-0
119,NONHUU__ligand17-0
120,NONHUU__ligand370-0
121,NONHUU__ligand14530-0
122,NONHUU__ligand2954-0
123,NONHUU__ligand5093-0
124,NONHUU__ligand584-0
125,NONHUU__ligand916-0
126,NONHUU__ligand2253-0
127,NONHUU__ligand1160-0
128,NONHUU__ligand421-0
129,NONHUU__ligand798-0
130,NONHUU__ligand1038-0
131,NONHUU__ligand2762-0
132,NONHUU__ligand331-0
133,NONHUU__ligand7550-0
134,NONHUU__ligand993-0
135,NONHUU__ligand294-0
136,NONHUU__ligand7630-0
137,NONHUU__ligand109-0
138,NONHUU__ligand1555-0
139,NONHUU__ligand560-0
140,NONHUU__ligand1285-0
141,NONHUU__ligand525-0
142,NONHUU__ligand1907-0
143,NONHUU__ligand235-0
144,NONHUU__ligand4423-0
145,NONHUU__ligand932-0
146,NONHUU__ligand134-0
147,NONHUU__ligand390-0
148,NONHUU__ligand3890-0
149,NONHUU__ligand136-0
150,NONHUU__ligand7456-0
151,NONHUU__ligand442-0
152,NONHUU__ligand1818-0
153,NONHUU__ligand868-0
154,NONHUU__ligand3852-0
155,NONHUU__ligand3478-0
156,NONHUU__ligand352-0
157,NONHUU__ligand783-0
158,NONHUU__ligand5758-0
159,NONHUU__ligand1493-0
160,NONHUU__ligand3070-0
161,NONHUU__ligand3035-0
162,NONHUU__ligand2718-0
163,NONHUU__ligand9176-0
164,NONHUU__ligand296-0
165,NONHUU__ligand11-0
166,NONHUU__ligand197-0
167,NONHUU__ligand3251-0
168,NONHUU__ligand112-0
169,NONHUU__ligand5235-0
170,NONHUU__ligand6143-0
171,NONHUU__ligand4619-0
172,NONHUU__ligand532-0
173,NONHUU__ligand2634-0
174,NONHUU__ligand633-0
175,NONHUU__ligand1542-0
176,NONHUU__ligand918-0
177,NONHUU__ligand497-0
178,NONHUU__ligand3041-0
179,NONHUU__ligand2751-0
180,NONHUU__ligand838-0
181,NONHUU__ligand166-0
182,NONHUU__ligand5548-0
183,NONHUU__ligand7915-0
184,NONHUU__ligand6686-0
185,NONHUU__ligand1747-0
186,NONHUU__ligand436-0
187,NONHUU__ligand206-0
188,NONHUU__ligand3145-0
189,NONHUU__ligand142-0
190,NONHUU__ligand3178-0
191,NONHUU__ligand283-0
192,NONHUU__ligand6332-0
193,NONHUU__ligand553-0
194,NONHUU__ligand326-0
195,NONHUU__ligand6502-0
196,NONHUU__ligand2098-0
197,NONHUU__ligand2863-0
198,NONHUU__ligand821-0
199,NONHUU__ligand1148-0
200,NONHUU__ligand1479-0
201,NONHUU__ligand409-0
202,NONHUU__ligand361-0
203,NONHUU__ligand324-0
204,NONHUU__ligand105-0
205,NONHUU__ligand140-0
206,NONHUU__ligand3246-0
207,NONHUU__ligand1114-0
208,NONHUU__ligand199-0
209,NONHUU__ligand927-0
210,NONHUU__ligand1538-0
211,NONHUU__ligand1228-0
212,NONHUU__ligand67-0
213,NONHUU__ligand9244-0
214,NONHUU__ligand575-0
215,NONHUU__ligand1685-0
216,NONHUU__ligand509-0
217,NONHUU__ligand1048-0
218,NONHUU__ligand2087-0
219,NONHUU__ligand3757-0
220,NONHUU__ligand1459-0
221,NONHUU__ligand8-0
222,NONHUU__ligand571-0
223,NONHUU__ligand118-0
224,NONHUU__ligand1544-0
225,NONHUU__ligand670-0
226,NONHUU__ligand365-0
227,NONHUU__ligand1438-0
228,NONHUU__ligand3063-0
229,NONHUU__ligand5801-0
230,NONHUU__ligand278-0
231,NONHUU__ligand1171-0
232,NONHUU__ligand669-0
233,NONHUU__ligand430-0
234,NONHUU__ligand358-0
235,NONHUU__ligand2629-0
236,NONHUU__ligand85-0
237,NONHUU__ligand4381-0
238,NONHUU__ligand78-0
239,NONHUU__ligand1706-0
240,NONHUU__ligand3734-0
241,NONHUU__ligand45-0
242,NONHUU__ligand2768-0
243,NONHUU__ligand1376-0
244,NONHUU__ligand2688-0
245,NONHUU__ligand2259-0
246,NONHUU__ligand226-0
247,NONHUU__ligand1951-0
248,NONHUU__ligand162-0
249,NONHUU__ligand1687-0
250,NONHUU__ligand383-0
251,NONHUU__ligand6277-0
252,NONHUU__ligand141-0
253,NONHUU__ligand240-0
254,NONHUU__ligand7464-0
255,NONHUU__ligand6294-0
256,NONHUU__ligand1054-0
257,NONHUU__ligand1598-0
258,NONHUU__ligand4303-0
259,NONHUU__ligand1248-0
260,NONHUU__ligand8774-0
261,NONHUU__ligand3637-0
262,NONHUU__ligand66-0
263,NONHUU__ligand120-0
264,NONHUU__ligand384-0
265,NONHUU__ligand1152-0
266,NONHUU__ligand1727-0
267,NONHUU__ligand757-0
268,NONHUU__ligand797-0
269,NONHUU__ligand1607-0
270,NONHUU__ligand21-0
271,NONHUU__ligand2320-0
272,NONHUU__ligand1056-0
273,NONHUU__ligand2862-0
274,NONHUU__ligand8921-0
275,NONHUU__ligand2285-0
276,NONHUU__ligand1567-0
277,NONHUU__ligand40-0
278,NONHUU__ligand2510-0
279,NONHUU__ligand38-0
280,NONHUU__ligand2907-0
281,NONHUU__ligand1703-0
282,NONHUU__ligand2430-0
283,NONHUU__ligand187-0
284,NONHUU__ligand612-0
285,NONHUU__ligand861-0
286,NONHUU__ligand366-0
287,NONHUU__ligand1052-0
288,NONHUU__ligand596-0
289,NONHUU__ligand1273-0
290,NONHUU__ligand9027-0
291,NONHUU__ligand11730-0
292,NONHUU__ligand1113-0
293,NONHUU__ligand18-0
294,NONHUU__ligand2265-0
295,NONHUU__ligand6396-0
296,NONHUU__ligand126-0
297,NONHUU__ligand1502-0
298,NONHUU__ligand2345-0
299,NONHUU__ligand2794-0
300,NONHUU__ligand1835-0
301,NONHUU__ligand4983-0
302,NONHUU__ligand62-0
303,NONHUU__ligand1169-0
304,NONHUU__ligand5022-0
305,NONHUU__ligand119-0
306,NONHUU__ligand5941-0
307,NONHUU__ligand2880-0
308,NONHUU__ligand2838-0
309,NONHUU__ligand1799-0
310,NONHUU__ligand3838-0
311,NONHUU__ligand124-0
312,NONHUU__ligand6151-0
313,NONHUU__ligand2772-0
314,NONHUU__ligand9495-0
315,NONHUU__ligand6538-0
316,NONHUU__ligand244-0
317,NONHUU__ligand201-0
318,NONHUU__ligand86-0
319,NONHUU__ligand100-0
320,NONHUU__ligand2142-0
321,NONHUU__ligand178-0
322,NONHUU__ligand279-0
323,NONHUU__ligand321-0
324,NONHUU__ligand2864-0
