,TMC
0,EDUJEU__ligand757-0
1,EDUJEU__ligand3890-0
2,EDUJEU__ligand4423-0
3,EDUJEU__ligand1907-0
4,EDUJEU__ligand1285-0
5,EDUJEU__ligand1555-0
6,EDUJEU__ligand7630-0
7,EDUJEU__ligand797-0
8,EDUJEU__ligand67-0
9,EDUJEU__ligand7550-0
10,EDUJEU__ligand2762-0
11,EDUJEU__ligand1038-0
12,EDUJEU__ligand1160-0
13,EDUJEU__ligand2253-0
14,EDUJEU__ligand6-0
15,EDUJEU__ligand5093-0
16,EDUJEU__ligand2954-0
17,EDUJEU__ligand4619-0
18,EDUJEU__ligand6143-0
19,EDUJEU__ligand5235-0
20,EDUJEU__ligand240-0
21,EDUJEU__ligand4-0
22,EDUJEU__ligand3251-0
23,EDUJEU__ligand141-0
24,EDUJEU__ligand9176-0
25,EDUJEU__ligand2718-0
26,EDUJEU__ligand3035-0
27,EDUJEU__ligand3070-0
28,EDUJEU__ligand1493-0
29,EDUJEU__ligand5758-0
30,EDUJEU__ligand3478-0
31,EDUJEU__ligand3852-0
32,EDUJEU__ligand1818-0
33,EDUJEU__ligand384-0
34,EDUJEU__ligand120-0
35,EDUJEU__ligand7456-0
36,EDUJEU__ligand119-0
37,EDUJEU__ligand4370-0
38,EDUJEU__ligand45-0
39,EDUJEU__ligand2618-0
40,EDUJEU__ligand3618-0
41,EDUJEU__ligand78-0
42,EDUJEU__ligand124-0
43,EDUJEU__ligand85-0
44,EDUJEU__ligand1436-0
45,EDUJEU__ligand100-0
46,EDUJEU__ligand2255-0
47,EDUJEU__ligand201-0
48,EDUJEU__ligand244-0
49,EDUJEU__ligand11730-0
50,EDUJEU__ligand4175-0
51,EDUJEU__ligand321-0
52,EDUJEU__ligand279-0
53,EDUJEU__ligand178-0
54,EDUJEU__ligand1918-0
55,EDUJEU__ligand366-0
56,EDUJEU__ligand861-0
57,EDUJEU__ligand612-0
58,EDUJEU__ligand3196-0
59,EDUJEU__ligand4012-0
60,EDUJEU__ligand187-0
61,EDUJEU__ligand2915-0
62,EDUJEU__ligand596-0
63,EDUJEU__ligand126-0
64,EDUJEU__ligand1690-0
65,EDUJEU__ligand2707-0
66,EDUJEU__ligand1551-0
67,EDUJEU__ligand2526-0
68,EDUJEU__ligand409-0
69,EDUJEU__ligand324-0
70,EDUJEU__ligand1307-0
71,EDUJEU__ligand361-0
72,EDUJEU__ligand21-0
73,EDUJEU__ligand140-0
74,EDUJEU__ligand105-0
75,EDUJEU__ligand927-0
76,EDUJEU__ligand1246-0
77,EDUJEU__ligand38-0
78,EDUJEU__ligand199-0
79,EDUJEU__ligand6166-0
80,EDUJEU__ligand2853-0
81,EDUJEU__ligand3853-0
82,EDUJEU__ligand5089-0
83,EDUJEU__ligand2599-0
84,EDUJEU__ligand40-0
85,EDUJEU__ligand575-0
86,EDUJEU__ligand1321-0
87,EDUJEU__ligand497-0
88,EDUJEU__ligand633-0
89,EDUJEU__ligand3566-0
90,EDUJEU__ligand918-0
91,EDUJEU__ligand1178-0
92,EDUJEU__ligand532-0
93,EDUJEU__ligand166-0
94,EDUJEU__ligand838-0
95,EDUJEU__ligand1788-0
96,EDUJEU__ligand142-0
97,EDUJEU__ligand4894-0
98,EDUJEU__ligand1260-0
99,EDUJEU__ligand206-0
100,EDUJEU__ligand9620-0
101,EDUJEU__ligand436-0
102,EDUJEU__ligand7514-0
103,EDUJEU__ligand821-0
104,EDUJEU__ligand3337-0
105,EDUJEU__ligand326-0
106,EDUJEU__ligand66-0
107,EDUJEU__ligand553-0
108,EDUJEU__ligand283-0
109,EDUJEU__ligand1449-1
110,EDUJEU__ligand4811-0
111,EDUJEU__ligand1379-0
112,EDUJEU__ligand1264-0
113,EDUJEU__ligand1221-0
114,EDUJEU__ligand3-0
115,EDUJEU__ligand6430-0
116,EDUJEU__ligand1299-0
117,EDUJEU__ligand2929-0
118,EDUJEU__ligand62-0
119,EDUJEU__ligand2376-0
120,EDUJEU__ligand6571-0
121,EDUJEU__ligand2482-0
122,EDUJEU__ligand1325-0
123,EDUJEU__ligand383-0
124,EDUJEU__ligand2442-0
125,EDUJEU__ligand1019-0
126,EDUJEU__ligand162-0
127,EDUJEU__ligand86-0
128,EDUJEU__ligand1104-0
129,EDUJEU__ligand7414-0
130,EDUJEU__ligand5762-0
131,EDUJEU__ligand226-0
132,EDUJEU__ligand1858-0
133,EDUJEU__ligand8032-0
134,EDUJEU__ligand509-0
135,EDUJEU__ligand118-0
136,EDUJEU__ligand670-0
137,EDUJEU__ligand5334-0
138,EDUJEU__ligand571-0
139,EDUJEU__ligand2480-0
140,EDUJEU__ligand3051-0
141,EDUJEU__ligand4504-0
142,EDUJEU__ligand1898-0
143,EDUJEU__ligand2315-0
144,EDUJEU__ligand278-0
145,EDUJEU__ligand1919-0
146,EDUJEU__ligand2389-0
147,EDUJEU__ligand365-0
148,EDUJEU__ligand430-0
149,EDUJEU__ligand358-0
150,EDUJEU__ligand1712-0
151,EDUJEU__ligand3579-0
152,EDUJEU__ligand669-0
153,EDUJEU__ligand18-0
154,EDUJEU__ligand2110-0
155,EDUJEU__ligand2916-0
156,EDUJEU__ligand1-0
157,EDUJEU__ligand4983-0
158,EDUJEU__ligand311-0
159,EDUJEU__ligand1835-0
160,EDUJEU__ligand2794-0
161,EDUJEU__ligand2345-0
162,EDUJEU__ligand10479-0
163,EDUJEU__ligand1502-0
164,EDUJEU__ligand51-0
165,EDUJEU__ligand6396-0
166,EDUJEU__ligand188-0
167,EDUJEU__ligand29-0
168,EDUJEU__ligand2265-0
169,EDUJEU__ligand1113-0
170,EDUJEU__ligand91-0
171,EDUJEU__ligand9027-0
172,EDUJEU__ligand369-0
173,EDUJEU__ligand444-0
174,EDUJEU__ligand48-0
175,EDUJEU__ligand10114-0
176,EDUJEU__ligand250-0
177,EDUJEU__ligand1273-0
178,EDUJEU__ligand460-0
179,EDUJEU__ligand1052-0
180,EDUJEU__ligand370-0
181,EDUJEU__ligand2864-0
182,EDUJEU__ligand830-0
183,EDUJEU__ligand32-0
184,EDUJEU__ligand193-0
185,EDUJEU__ligand2142-0
186,EDUJEU__ligand252-0
187,EDUJEU__ligand10910-0
188,EDUJEU__ligand955-0
189,EDUJEU__ligand6538-0
190,EDUJEU__ligand9495-0
191,EDUJEU__ligand2772-0
192,EDUJEU__ligand6151-0
193,EDUJEU__ligand934-0
194,EDUJEU__ligand177-0
195,EDUJEU__ligand3838-0
196,EDUJEU__ligand1799-0
197,EDUJEU__ligand2838-0
198,EDUJEU__ligand2880-0
199,EDUJEU__ligand5941-0
200,EDUJEU__ligand14530-0
201,EDUJEU__ligand851-0
202,EDUJEU__ligand5022-0
203,EDUJEU__ligand1169-0
204,EDUJEU__ligand909-0
205,EDUJEU__ligand868-0
206,EDUJEU__ligand442-0
207,EDUJEU__ligand136-0
208,EDUJEU__ligand57-0
209,EDUJEU__ligand3637-0
210,EDUJEU__ligand8774-0
211,EDUJEU__ligand783-0
212,EDUJEU__ligand352-0
213,EDUJEU__ligand1248-0
214,EDUJEU__ligand197-0
215,EDUJEU__ligand73-0
216,EDUJEU__ligand4303-0
217,EDUJEU__ligand1598-0
218,EDUJEU__ligand296-0
219,EDUJEU__ligand1054-0
220,EDUJEU__ligand6294-0
221,EDUJEU__ligand7464-0
222,EDUJEU__ligand112-0
223,EDUJEU__ligand2430-0
224,EDUJEU__ligand1703-0
225,EDUJEU__ligand421-0
226,EDUJEU__ligand798-0
227,EDUJEU__ligand2907-0
228,EDUJEU__ligand916-0
229,EDUJEU__ligand584-0
230,EDUJEU__ligand294-0
231,EDUJEU__ligand2510-0
232,EDUJEU__ligand993-0
233,EDUJEU__ligand34-0
234,EDUJEU__ligand1567-0
235,EDUJEU__ligand2285-0
236,EDUJEU__ligand8921-0
237,EDUJEU__ligand331-0
238,EDUJEU__ligand2862-0
239,EDUJEU__ligand1056-0
240,EDUJEU__ligand2320-0
241,EDUJEU__ligand525-0
242,EDUJEU__ligand55-0
243,EDUJEU__ligand560-0
244,EDUJEU__ligand109-0
245,EDUJEU__ligand1607-0
246,EDUJEU__ligand390-0
247,EDUJEU__ligand1727-0
248,EDUJEU__ligand134-0
249,EDUJEU__ligand932-0
250,EDUJEU__ligand1152-0
251,EDUJEU__ligand95-0
252,EDUJEU__ligand235-0
253,EDUJEU__ligand682-0
254,EDUJEU__ligand1171-0
255,EDUJEU__ligand5801-0
256,EDUJEU__ligand3063-0
257,EDUJEU__ligand1438-0
258,EDUJEU__ligand1544-0
259,EDUJEU__ligand17-0
260,EDUJEU__ligand522-0
261,EDUJEU__ligand666-0
262,EDUJEU__ligand10357-0
263,EDUJEU__ligand487-0
264,EDUJEU__ligand15630-0
265,EDUJEU__ligand1459-0
266,EDUJEU__ligand3757-0
267,EDUJEU__ligand447-0
268,EDUJEU__ligand2087-0
269,EDUJEU__ligand1048-0
270,EDUJEU__ligand92-0
271,EDUJEU__ligand133-0
272,EDUJEU__ligand1685-0
273,EDUJEU__ligand6277-0
274,EDUJEU__ligand1687-0
275,EDUJEU__ligand1951-0
276,EDUJEU__ligand2259-0
277,EDUJEU__ligand2688-0
278,EDUJEU__ligand784-0
279,EDUJEU__ligand355-0
280,EDUJEU__ligand1376-0
281,EDUJEU__ligand2768-0
282,EDUJEU__ligand485-0
283,EDUJEU__ligand291-0
284,EDUJEU__ligand89-0
285,EDUJEU__ligand3734-0
286,EDUJEU__ligand1706-0
287,EDUJEU__ligand115-0
288,EDUJEU__ligand4381-0
289,EDUJEU__ligand49-0
290,EDUJEU__ligand2629-0
291,EDUJEU__ligand2863-0
292,EDUJEU__ligand2098-0
293,EDUJEU__ligand6502-0
294,EDUJEU__ligand6332-0
295,EDUJEU__ligand3178-0
296,EDUJEU__ligand3145-0
297,EDUJEU__ligand210-0
298,EDUJEU__ligand1747-0
299,EDUJEU__ligand6686-0
300,EDUJEU__ligand7915-0
301,EDUJEU__ligand5548-0
302,EDUJEU__ligand170-0
303,EDUJEU__ligand2751-0
304,EDUJEU__ligand391-0
305,EDUJEU__ligand481-0
306,EDUJEU__ligand3041-0
307,EDUJEU__ligand314-0
308,EDUJEU__ligand8-0
309,EDUJEU__ligand1542-0
310,EDUJEU__ligand11-0
311,EDUJEU__ligand2634-0
312,EDUJEU__ligand353-0
313,EDUJEU__ligand9244-0
314,EDUJEU__ligand1228-0
315,EDUJEU__ligand1538-0
316,EDUJEU__ligand236-0
317,EDUJEU__ligand1114-0
318,EDUJEU__ligand113-0
319,EDUJEU__ligand3246-0
320,EDUJEU__ligand422-0
321,EDUJEU__ligand1479-0
322,EDUJEU__ligand196-0
323,EDUJEU__ligand502-0
324,EDUJEU__ligand1148-0
