,TMC
0,CURVUI__ligand66-0
1,CURVUI__ligand2929-0
2,CURVUI__ligand571-0
3,CURVUI__ligand2376-0
4,CURVUI__ligand670-0
5,CURVUI__ligand118-0
6,CURVUI__ligand1379-0
7,CURVUI__ligand509-0
8,CURVUI__ligand1299-0
9,CURVUI__ligand6430-0
10,CURVUI__ligand1221-0
11,CURVUI__ligand1264-0
12,CURVUI__ligand1019-0
13,CURVUI__ligand2442-0
14,CURVUI__ligand669-0
15,CURVUI__ligand5762-0
16,CURVUI__ligand7414-0
17,CURVUI__ligand358-0
18,CURVUI__ligand1104-0
19,CURVUI__ligand430-0
20,CURVUI__ligand365-0
21,CURVUI__ligand1325-0
22,CURVUI__ligand2482-0
23,CURVUI__ligand6571-0
24,CURVUI__ligand278-0
25,CURVUI__ligand40-0
26,CURVUI__ligand5334-0
27,CURVUI__ligand2315-0
28,CURVUI__ligand1898-0
29,CURVUI__ligand4504-0
30,CURVUI__ligand3051-0
31,CURVUI__ligand2480-0
32,CURVUI__ligand8032-0
33,CURVUI__ligand1858-0
34,CURVUI__ligand38-0
35,CURVUI__ligand226-0
36,CURVUI__ligand1712-0
37,CURVUI__ligand162-0
38,CURVUI__ligand2916-0
39,CURVUI__ligand2110-0
40,CURVUI__ligand383-0
41,CURVUI__ligand3579-0
42,CURVUI__ligand1919-0
43,CURVUI__ligand21-0
44,CURVUI__ligand2389-0
45,CURVUI__ligand838-0
46,CURVUI__ligand18-0
47,CURVUI__ligand166-0
48,CURVUI__ligand11730-0
49,CURVUI__ligand532-0
50,CURVUI__ligand1307-0
51,CURVUI__ligand918-0
52,CURVUI__ligand633-0
53,CURVUI__ligand497-0
54,CURVUI__ligand283-0
55,CURVUI__ligand3853-0
56,CURVUI__ligand2853-0
57,CURVUI__ligand553-0
58,CURVUI__ligand326-0
59,CURVUI__ligand821-0
60,CURVUI__ligand2599-0
61,CURVUI__ligand5089-0
62,CURVUI__ligand1246-0
63,CURVUI__ligand436-0
64,CURVUI__ligand206-0
65,CURVUI__ligand6166-0
66,CURVUI__ligand142-0
67,CURVUI__ligand86-0
68,CURVUI__ligand8-0
69,CURVUI__ligand1788-0
70,CURVUI__ligand105-0
71,CURVUI__ligand140-0
72,CURVUI__ligand1321-0
73,CURVUI__ligand361-0
74,CURVUI__ligand324-0
75,CURVUI__ligand1178-0
76,CURVUI__ligand3566-0
77,CURVUI__ligand409-0
78,CURVUI__ligand575-0
79,CURVUI__ligand3337-0
80,CURVUI__ligand7514-0
81,CURVUI__ligand4811-0
82,CURVUI__ligand1449-1
83,CURVUI__ligand62-0
84,CURVUI__ligand9620-0
85,CURVUI__ligand4894-0
86,CURVUI__ligand1260-0
87,CURVUI__ligand199-0
88,CURVUI__ligand927-0
89,CURVUI__ligand3618-0
90,CURVUI__ligand2618-0
91,CURVUI__ligand1436-0
92,CURVUI__ligand596-0
93,CURVUI__ligand187-0
94,CURVUI__ligand612-0
95,CURVUI__ligand4370-0
96,CURVUI__ligand861-0
97,CURVUI__ligand366-0
98,CURVUI__ligand1918-0
99,CURVUI__ligand2255-0
100,CURVUI__ligand4175-0
101,CURVUI__ligand126-0
102,CURVUI__ligand2915-0
103,CURVUI__ligand124-0
104,CURVUI__ligand119-0
105,CURVUI__ligand67-0
106,CURVUI__ligand4012-0
107,CURVUI__ligand3196-0
108,CURVUI__ligand178-0
109,CURVUI__ligand279-0
110,CURVUI__ligand321-0
111,CURVUI__ligand2526-0
112,CURVUI__ligand1551-0
113,CURVUI__ligand1690-0
114,CURVUI__ligand244-0
115,CURVUI__ligand201-0
116,CURVUI__ligand100-0
117,CURVUI__ligand2707-0
118,CURVUI__ligand1555-0
119,CURVUI__ligand1285-0
120,CURVUI__ligand7630-0
121,CURVUI__ligand141-0
122,CURVUI__ligand240-0
123,CURVUI__ligand3890-0
124,CURVUI__ligand1907-0
125,CURVUI__ligand4423-0
126,CURVUI__ligand1038-0
127,CURVUI__ligand2762-0
128,CURVUI__ligand120-0
129,CURVUI__ligand384-0
130,CURVUI__ligand2954-0
131,CURVUI__ligand5093-0
132,CURVUI__ligand2253-0
133,CURVUI__ligand1160-0
134,CURVUI__ligand7550-0
135,CURVUI__ligand9176-0
136,CURVUI__ligand797-0
137,CURVUI__ligand1493-0
138,CURVUI__ligand3070-0
139,CURVUI__ligand3035-0
140,CURVUI__ligand2718-0
141,CURVUI__ligand5235-0
142,CURVUI__ligand6143-0
143,CURVUI__ligand4619-0
144,CURVUI__ligand3251-0
145,CURVUI__ligand757-0
146,CURVUI__ligand1818-0
147,CURVUI__ligand78-0
148,CURVUI__ligand7456-0
149,CURVUI__ligand85-0
150,CURVUI__ligand5758-0
151,CURVUI__ligand45-0
152,CURVUI__ligand3852-0
153,CURVUI__ligand3478-0
154,CURVUI__ligand3145-0
155,CURVUI__ligand49-0
156,CURVUI__ligand5548-0
157,CURVUI__ligand7915-0
158,CURVUI__ligand236-0
159,CURVUI__ligand1747-0
160,CURVUI__ligand6686-0
161,CURVUI__ligand6502-0
162,CURVUI__ligand2098-0
163,CURVUI__ligand2863-0
164,CURVUI__ligand3178-0
165,CURVUI__ligand353-0
166,CURVUI__ligand89-0
167,CURVUI__ligand10114-0
168,CURVUI__ligand6332-0
169,CURVUI__ligand3041-0
170,CURVUI__ligand502-0
171,CURVUI__ligand196-0
172,CURVUI__ligand2634-0
173,CURVUI__ligand1542-0
174,CURVUI__ligand422-0
175,CURVUI__ligand2751-0
176,CURVUI__ligand113-0
177,CURVUI__ligand10479-0
178,CURVUI__ligand1114-0
179,CURVUI__ligand92-0
180,CURVUI__ligand1538-0
181,CURVUI__ligand14530-0
182,CURVUI__ligand210-0
183,CURVUI__ligand1228-0
184,CURVUI__ligand17-0
185,CURVUI__ligand9244-0
186,CURVUI__ligand1479-0
187,CURVUI__ligand10910-0
188,CURVUI__ligand1148-0
189,CURVUI__ligand314-0
190,CURVUI__ligand481-0
191,CURVUI__ligand391-0
192,CURVUI__ligand3246-0
193,CURVUI__ligand170-0
194,CURVUI__ligand485-0
195,CURVUI__ligand5801-0
196,CURVUI__ligand1-0
197,CURVUI__ligand784-0
198,CURVUI__ligand355-0
199,CURVUI__ligand1438-0
200,CURVUI__ligand3063-0
201,CURVUI__ligand1171-0
202,CURVUI__ligand1048-0
203,CURVUI__ligand2087-0
204,CURVUI__ligand115-0
205,CURVUI__ligand3757-0
206,CURVUI__ligand1685-0
207,CURVUI__ligand1544-0
208,CURVUI__ligand1459-0
209,CURVUI__ligand291-0
210,CURVUI__ligand11-0
211,CURVUI__ligand2259-0
212,CURVUI__ligand2688-0
213,CURVUI__ligand2768-0
214,CURVUI__ligand1376-0
215,CURVUI__ligand6277-0
216,CURVUI__ligand682-0
217,CURVUI__ligand1951-0
218,CURVUI__ligand1687-0
219,CURVUI__ligand1706-0
220,CURVUI__ligand133-0
221,CURVUI__ligand3734-0
222,CURVUI__ligand2629-0
223,CURVUI__ligand4381-0
224,CURVUI__ligand447-0
225,CURVUI__ligand3-0
226,CURVUI__ligand487-0
227,CURVUI__ligand666-0
228,CURVUI__ligand522-0
229,CURVUI__ligand3637-0
230,CURVUI__ligand331-0
231,CURVUI__ligand993-0
232,CURVUI__ligand8774-0
233,CURVUI__ligand294-0
234,CURVUI__ligand916-0
235,CURVUI__ligand584-0
236,CURVUI__ligand10357-0
237,CURVUI__ligand15630-0
238,CURVUI__ligand798-0
239,CURVUI__ligand421-0
240,CURVUI__ligand235-0
241,CURVUI__ligand932-0
242,CURVUI__ligand134-0
243,CURVUI__ligand390-0
244,CURVUI__ligand7464-0
245,CURVUI__ligand4-0
246,CURVUI__ligand1598-0
247,CURVUI__ligand32-0
248,CURVUI__ligand4303-0
249,CURVUI__ligand1248-0
250,CURVUI__ligand109-0
251,CURVUI__ligand6294-0
252,CURVUI__ligand560-0
253,CURVUI__ligand525-0
254,CURVUI__ligand1054-0
255,CURVUI__ligand8921-0
256,CURVUI__ligand2285-0
257,CURVUI__ligand1567-0
258,CURVUI__ligand783-0
259,CURVUI__ligand352-0
260,CURVUI__ligand2510-0
261,CURVUI__ligand6-0
262,CURVUI__ligand2320-0
263,CURVUI__ligand1056-0
264,CURVUI__ligand2862-0
265,CURVUI__ligand136-0
266,CURVUI__ligand1703-0
267,CURVUI__ligand2430-0
268,CURVUI__ligand442-0
269,CURVUI__ligand2907-0
270,CURVUI__ligand868-0
271,CURVUI__ligand48-0
272,CURVUI__ligand1727-0
273,CURVUI__ligand112-0
274,CURVUI__ligand29-0
275,CURVUI__ligand1152-0
276,CURVUI__ligand91-0
277,CURVUI__ligand1607-0
278,CURVUI__ligand51-0
279,CURVUI__ligand296-0
280,CURVUI__ligand197-0
281,CURVUI__ligand1113-0
282,CURVUI__ligand95-0
283,CURVUI__ligand2265-0
284,CURVUI__ligand6396-0
285,CURVUI__ligand955-0
286,CURVUI__ligand9027-0
287,CURVUI__ligand252-0
288,CURVUI__ligand193-0
289,CURVUI__ligand2794-0
290,CURVUI__ligand2345-0
291,CURVUI__ligand1835-0
292,CURVUI__ligand4983-0
293,CURVUI__ligand55-0
294,CURVUI__ligand1502-0
295,CURVUI__ligand830-0
296,CURVUI__ligand909-0
297,CURVUI__ligand1052-0
298,CURVUI__ligand851-0
299,CURVUI__ligand34-0
300,CURVUI__ligand1273-0
301,CURVUI__ligand934-0
302,CURVUI__ligand177-0
303,CURVUI__ligand444-0
304,CURVUI__ligand369-0
305,CURVUI__ligand2142-0
306,CURVUI__ligand6151-0
307,CURVUI__ligand2772-0
308,CURVUI__ligand9495-0
309,CURVUI__ligand188-0
310,CURVUI__ligand6538-0
311,CURVUI__ligand2864-0
312,CURVUI__ligand73-0
313,CURVUI__ligand311-0
314,CURVUI__ligand1169-0
315,CURVUI__ligand370-0
316,CURVUI__ligand5022-0
317,CURVUI__ligand57-0
318,CURVUI__ligand460-0
319,CURVUI__ligand250-0
320,CURVUI__ligand2880-0
321,CURVUI__ligand5941-0
322,CURVUI__ligand2838-0
323,CURVUI__ligand1799-0
324,CURVUI__ligand3838-0
