,TMC
0,NITHII__ligand3853-0
1,NITHII__ligand2853-0
2,NITHII__ligand210-0
3,NITHII__ligand85-0
4,NITHII__ligand78-0
5,NITHII__ligand5089-0
6,NITHII__ligand2599-0
7,NITHII__ligand45-0
8,NITHII__ligand1246-0
9,NITHII__ligand6166-0
10,NITHII__ligand314-0
11,NITHII__ligand481-0
12,NITHII__ligand170-0
13,NITHII__ligand1307-0
14,NITHII__ligand391-0
15,NITHII__ligand3337-0
16,NITHII__ligand236-0
17,NITHII__ligand7514-0
18,NITHII__ligand4811-0
19,NITHII__ligand1449-1
20,NITHII__ligand1260-0
21,NITHII__ligand4894-0
22,NITHII__ligand9620-0
23,NITHII__ligand353-0
24,NITHII__ligand1788-0
25,NITHII__ligand196-0
26,NITHII__ligand502-0
27,NITHII__ligand1321-0
28,NITHII__ligand113-0
29,NITHII__ligand422-0
30,NITHII__ligand3566-0
31,NITHII__ligand1178-0
32,NITHII__ligand2442-0
33,NITHII__ligand1019-0
34,NITHII__ligand7414-0
35,NITHII__ligand5762-0
36,NITHII__ligand1104-0
37,NITHII__ligand11730-0
38,NITHII__ligand1325-0
39,NITHII__ligand2482-0
40,NITHII__ligand682-0
41,NITHII__ligand6571-0
42,NITHII__ligand2929-0
43,NITHII__ligand447-0
44,NITHII__ligand2376-0
45,NITHII__ligand133-0
46,NITHII__ligand1379-0
47,NITHII__ligand666-0
48,NITHII__ligand522-0
49,NITHII__ligand6430-0
50,NITHII__ligand1299-0
51,NITHII__ligand67-0
52,NITHII__ligand1221-0
53,NITHII__ligand487-0
54,NITHII__ligand1264-0
55,NITHII__ligand1712-0
56,NITHII__ligand2916-0
57,NITHII__ligand2110-0
58,NITHII__ligand485-0
59,NITHII__ligand3579-0
60,NITHII__ligand355-0
61,NITHII__ligand784-0
62,NITHII__ligand1919-0
63,NITHII__ligand2389-0
64,NITHII__ligand5334-0
65,NITHII__ligand2315-0
66,NITHII__ligand4504-0
67,NITHII__ligand3051-0
68,NITHII__ligand115-0
69,NITHII__ligand2480-0
70,NITHII__ligand1898-0
71,NITHII__ligand8032-0
72,NITHII__ligand291-0
73,NITHII__ligand1858-0
74,NITHII__ligand1038-0
75,NITHII__ligand2762-0
76,NITHII__ligand2954-0
77,NITHII__ligand5093-0
78,NITHII__ligand62-0
79,NITHII__ligand2253-0
80,NITHII__ligand352-0
81,NITHII__ligand1160-0
82,NITHII__ligand783-0
83,NITHII__ligand442-0
84,NITHII__ligand868-0
85,NITHII__ligand136-0
86,NITHII__ligand7550-0
87,NITHII__ligand1555-0
88,NITHII__ligand1285-0
89,NITHII__ligand86-0
90,NITHII__ligand112-0
91,NITHII__ligand7630-0
92,NITHII__ligand296-0
93,NITHII__ligand3890-0
94,NITHII__ligand197-0
95,NITHII__ligand1907-0
96,NITHII__ligand4423-0
97,NITHII__ligand1818-0
98,NITHII__ligand993-0
99,NITHII__ligand294-0
100,NITHII__ligand7456-0
101,NITHII__ligand331-0
102,NITHII__ligand5758-0
103,NITHII__ligand798-0
104,NITHII__ligand421-0
105,NITHII__ligand584-0
106,NITHII__ligand3852-0
107,NITHII__ligand916-0
108,NITHII__ligand3478-0
109,NITHII__ligand390-0
110,NITHII__ligand18-0
111,NITHII__ligand9176-0
112,NITHII__ligand235-0
113,NITHII__ligand1493-0
114,NITHII__ligand2718-0
115,NITHII__ligand3070-0
116,NITHII__ligand134-0
117,NITHII__ligand3035-0
118,NITHII__ligand932-0
119,NITHII__ligand5235-0
120,NITHII__ligand6143-0
121,NITHII__ligand109-0
122,NITHII__ligand525-0
123,NITHII__ligand560-0
124,NITHII__ligand4619-0
125,NITHII__ligand3251-0
126,NITHII__ligand8-0
127,NITHII__ligand188-0
128,NITHII__ligand444-0
129,NITHII__ligand1918-0
130,NITHII__ligand369-0
131,NITHII__ligand21-0
132,NITHII__ligand2255-0
133,NITHII__ligand311-0
134,NITHII__ligand4175-0
135,NITHII__ligand370-0
136,NITHII__ligand40-0
137,NITHII__ligand3618-0
138,NITHII__ligand2618-0
139,NITHII__ligand1436-0
140,NITHII__ligand250-0
141,NITHII__ligand38-0
142,NITHII__ligand4370-0
143,NITHII__ligand460-0
144,NITHII__ligand955-0
145,NITHII__ligand252-0
146,NITHII__ligand2526-0
147,NITHII__ligand1551-0
148,NITHII__ligand1690-0
149,NITHII__ligand830-0
150,NITHII__ligand193-0
151,NITHII__ligand2707-0
152,NITHII__ligand2915-0
153,NITHII__ligand66-0
154,NITHII__ligand851-0
155,NITHII__ligand909-0
156,NITHII__ligand934-0
157,NITHII__ligand177-0
158,NITHII__ligand4012-0
159,NITHII__ligand3196-0
160,NITHII__ligand2087-0
161,NITHII__ligand1048-0
162,NITHII__ligand3757-0
163,NITHII__ligand1685-0
164,NITHII__ligand57-0
165,NITHII__ligand1544-0
166,NITHII__ligand1459-0
167,NITHII__ligand10114-0
168,NITHII__ligand383-0
169,NITHII__ligand5801-0
170,NITHII__ligand226-0
171,NITHII__ligand162-0
172,NITHII__ligand3063-0
173,NITHII__ligand1438-0
174,NITHII__ligand1171-0
175,NITHII__ligand73-0
176,NITHII__ligand10479-0
177,NITHII__ligand571-0
178,NITHII__ligand1706-0
179,NITHII__ligand3734-0
180,NITHII__ligand670-0
181,NITHII__ligand118-0
182,NITHII__ligand2629-0
183,NITHII__ligand14530-0
184,NITHII__ligand34-0
185,NITHII__ligand4381-0
186,NITHII__ligand509-0
187,NITHII__ligand358-0
188,NITHII__ligand2688-0
189,NITHII__ligand2259-0
190,NITHII__ligand95-0
191,NITHII__ligand430-0
192,NITHII__ligand10910-0
193,NITHII__ligand1376-0
194,NITHII__ligand669-0
195,NITHII__ligand2768-0
196,NITHII__ligand278-0
197,NITHII__ligand6277-0
198,NITHII__ligand1951-0
199,NITHII__ligand365-0
200,NITHII__ligand1687-0
201,NITHII__ligand55-0
202,NITHII__ligand140-0
203,NITHII__ligand3041-0
204,NITHII__ligand105-0
205,NITHII__ligand91-0
206,NITHII__ligand29-0
207,NITHII__ligand4-0
208,NITHII__ligand2634-0
209,NITHII__ligand1542-0
210,NITHII__ligand51-0
211,NITHII__ligand324-0
212,NITHII__ligand361-0
213,NITHII__ligand409-0
214,NITHII__ligand2751-0
215,NITHII__ligand3145-0
216,NITHII__ligand7915-0
217,NITHII__ligand5548-0
218,NITHII__ligand575-0
219,NITHII__ligand6686-0
220,NITHII__ligand1747-0
221,NITHII__ligand199-0
222,NITHII__ligand2098-0
223,NITHII__ligand6502-0
224,NITHII__ligand2863-0
225,NITHII__ligand927-0
226,NITHII__ligand3178-0
227,NITHII__ligand48-0
228,NITHII__ligand6332-0
229,NITHII__ligand166-0
230,NITHII__ligand1479-0
231,NITHII__ligand1148-0
232,NITHII__ligand838-0
233,NITHII__ligand497-0
234,NITHII__ligand32-0
235,NITHII__ligand3246-0
236,NITHII__ligand532-0
237,NITHII__ligand918-0
238,NITHII__ligand633-0
239,NITHII__ligand326-0
240,NITHII__ligand1114-0
241,NITHII__ligand1538-0
242,NITHII__ligand821-0
243,NITHII__ligand283-0
244,NITHII__ligand553-0
245,NITHII__ligand206-0
246,NITHII__ligand142-0
247,NITHII__ligand1228-0
248,NITHII__ligand6-0
249,NITHII__ligand436-0
250,NITHII__ligand9244-0
251,NITHII__ligand124-0
252,NITHII__ligand1052-0
253,NITHII__ligand1273-0
254,NITHII__ligand10357-0
255,NITHII__ligand15630-0
256,NITHII__ligand119-0
257,NITHII__ligand321-0
258,NITHII__ligand1113-0
259,NITHII__ligand2265-0
260,NITHII__ligand6396-0
261,NITHII__ligand11-0
262,NITHII__ligand178-0
263,NITHII__ligand9027-0
264,NITHII__ligand279-0
265,NITHII__ligand2345-0
266,NITHII__ligand2794-0
267,NITHII__ligand201-0
268,NITHII__ligand244-0
269,NITHII__ligand1835-0
270,NITHII__ligand100-0
271,NITHII__ligand4983-0
272,NITHII__ligand1-0
273,NITHII__ligand1502-0
274,NITHII__ligand596-0
275,NITHII__ligand5022-0
276,NITHII__ligand1169-0
277,NITHII__ligand3-0
278,NITHII__ligand861-0
279,NITHII__ligand366-0
280,NITHII__ligand187-0
281,NITHII__ligand5941-0
282,NITHII__ligand2880-0
283,NITHII__ligand612-0
284,NITHII__ligand2838-0
285,NITHII__ligand1799-0
286,NITHII__ligand3838-0
287,NITHII__ligand2142-0
288,NITHII__ligand9495-0
289,NITHII__ligand6151-0
290,NITHII__ligand2772-0
291,NITHII__ligand6538-0
292,NITHII__ligand2864-0
293,NITHII__ligand126-0
294,NITHII__ligand797-0
295,NITHII__ligand7464-0
296,NITHII__ligand1598-0
297,NITHII__ligand1248-0
298,NITHII__ligand4303-0
299,NITHII__ligand757-0
300,NITHII__ligand6294-0
301,NITHII__ligand1054-0
302,NITHII__ligand3637-0
303,NITHII__ligand92-0
304,NITHII__ligand8774-0
305,NITHII__ligand17-0
306,NITHII__ligand1727-0
307,NITHII__ligand1152-0
308,NITHII__ligand1607-0
309,NITHII__ligand141-0
310,NITHII__ligand240-0
311,NITHII__ligand2285-0
312,NITHII__ligand1567-0
313,NITHII__ligand384-0
314,NITHII__ligand49-0
315,NITHII__ligand8921-0
316,NITHII__ligand2510-0
317,NITHII__ligand2320-0
318,NITHII__ligand1056-0
319,NITHII__ligand2862-0
320,NITHII__ligand120-0
321,NITHII__ligand1703-0
322,NITHII__ligand2430-0
323,NITHII__ligand89-0
324,NITHII__ligand2907-0
