,TMC
0,DIGCII__ligand331-0
1,DIGCII__ligand85-0
2,DIGCII__ligand9027-0
3,DIGCII__ligand78-0
4,DIGCII__ligand1113-0
5,DIGCII__ligand2265-0
6,DIGCII__ligand294-0
7,DIGCII__ligand6396-0
8,DIGCII__ligand993-0
9,DIGCII__ligand1502-0
10,DIGCII__ligand916-0
11,DIGCII__ligand584-0
12,DIGCII__ligand45-0
13,DIGCII__ligand2794-0
14,DIGCII__ligand2345-0
15,DIGCII__ligand1835-0
16,DIGCII__ligand798-0
17,DIGCII__ligand421-0
18,DIGCII__ligand4983-0
19,DIGCII__ligand134-0
20,DIGCII__ligand932-0
21,DIGCII__ligand235-0
22,DIGCII__ligand390-0
23,DIGCII__ligand1052-0
24,DIGCII__ligand1273-0
25,DIGCII__ligand525-0
26,DIGCII__ligand560-0
27,DIGCII__ligand109-0
28,DIGCII__ligand6151-0
29,DIGCII__ligand783-0
30,DIGCII__ligand352-0
31,DIGCII__ligand2772-0
32,DIGCII__ligand9495-0
33,DIGCII__ligand6538-0
34,DIGCII__ligand2142-0
35,DIGCII__ligand136-0
36,DIGCII__ligand868-0
37,DIGCII__ligand2864-0
38,DIGCII__ligand442-0
39,DIGCII__ligand1169-0
40,DIGCII__ligand112-0
41,DIGCII__ligand5022-0
42,DIGCII__ligand2880-0
43,DIGCII__ligand5941-0
44,DIGCII__ligand2838-0
45,DIGCII__ligand3838-0
46,DIGCII__ligand1799-0
47,DIGCII__ligand197-0
48,DIGCII__ligand296-0
49,DIGCII__ligand8774-0
50,DIGCII__ligand252-0
51,DIGCII__ligand3637-0
52,DIGCII__ligand955-0
53,DIGCII__ligand193-0
54,DIGCII__ligand830-0
55,DIGCII__ligand909-0
56,DIGCII__ligand7464-0
57,DIGCII__ligand851-0
58,DIGCII__ligand6294-0
59,DIGCII__ligand67-0
60,DIGCII__ligand1054-0
61,DIGCII__ligand6-0
62,DIGCII__ligand934-0
63,DIGCII__ligand177-0
64,DIGCII__ligand1598-0
65,DIGCII__ligand4303-0
66,DIGCII__ligand1248-0
67,DIGCII__ligand2320-0
68,DIGCII__ligand1056-0
69,DIGCII__ligand4-0
70,DIGCII__ligand2862-0
71,DIGCII__ligand444-0
72,DIGCII__ligand369-0
73,DIGCII__ligand8921-0
74,DIGCII__ligand188-0
75,DIGCII__ligand2285-0
76,DIGCII__ligand1567-0
77,DIGCII__ligand2510-0
78,DIGCII__ligand2907-0
79,DIGCII__ligand311-0
80,DIGCII__ligand1703-0
81,DIGCII__ligand2430-0
82,DIGCII__ligand1152-0
83,DIGCII__ligand1727-0
84,DIGCII__ligand370-0
85,DIGCII__ligand460-0
86,DIGCII__ligand10357-0
87,DIGCII__ligand15630-0
88,DIGCII__ligand1607-0
89,DIGCII__ligand250-0
90,DIGCII__ligand62-0
91,DIGCII__ligand3-0
92,DIGCII__ligand1438-0
93,DIGCII__ligand3063-0
94,DIGCII__ligand236-0
95,DIGCII__ligand5801-0
96,DIGCII__ligand1171-0
97,DIGCII__ligand353-0
98,DIGCII__ligand1685-0
99,DIGCII__ligand196-0
100,DIGCII__ligand502-0
101,DIGCII__ligand1048-0
102,DIGCII__ligand2087-0
103,DIGCII__ligand86-0
104,DIGCII__ligand3757-0
105,DIGCII__ligand422-0
106,DIGCII__ligand1459-0
107,DIGCII__ligand113-0
108,DIGCII__ligand1544-0
109,DIGCII__ligand2768-0
110,DIGCII__ligand1376-0
111,DIGCII__ligand210-0
112,DIGCII__ligand2259-0
113,DIGCII__ligand2688-0
114,DIGCII__ligand1951-0
115,DIGCII__ligand1687-0
116,DIGCII__ligand6277-0
117,DIGCII__ligand2629-0
118,DIGCII__ligand4381-0
119,DIGCII__ligand1706-0
120,DIGCII__ligand18-0
121,DIGCII__ligand481-0
122,DIGCII__ligand3734-0
123,DIGCII__ligand314-0
124,DIGCII__ligand391-0
125,DIGCII__ligand1-0
126,DIGCII__ligand170-0
127,DIGCII__ligand5548-0
128,DIGCII__ligand7915-0
129,DIGCII__ligand784-0
130,DIGCII__ligand355-0
131,DIGCII__ligand1747-0
132,DIGCII__ligand6686-0
133,DIGCII__ligand485-0
134,DIGCII__ligand10910-0
135,DIGCII__ligand3145-0
136,DIGCII__ligand3178-0
137,DIGCII__ligand6332-0
138,DIGCII__ligand6502-0
139,DIGCII__ligand21-0
140,DIGCII__ligand2098-0
141,DIGCII__ligand2863-0
142,DIGCII__ligand115-0
143,DIGCII__ligand2634-0
144,DIGCII__ligand1542-0
145,DIGCII__ligand3041-0
146,DIGCII__ligand14530-0
147,DIGCII__ligand40-0
148,DIGCII__ligand38-0
149,DIGCII__ligand2751-0
150,DIGCII__ligand291-0
151,DIGCII__ligand1114-0
152,DIGCII__ligand1538-0
153,DIGCII__ligand1228-0
154,DIGCII__ligand682-0
155,DIGCII__ligand9244-0
156,DIGCII__ligand10479-0
157,DIGCII__ligand133-0
158,DIGCII__ligand1148-0
159,DIGCII__ligand1479-0
160,DIGCII__ligand447-0
161,DIGCII__ligand66-0
162,DIGCII__ligand487-0
163,DIGCII__ligand522-0
164,DIGCII__ligand3246-0
165,DIGCII__ligand666-0
166,DIGCII__ligand10114-0
167,DIGCII__ligand57-0
168,DIGCII__ligand7630-0
169,DIGCII__ligand1555-0
170,DIGCII__ligand1285-0
171,DIGCII__ligand596-0
172,DIGCII__ligand612-0
173,DIGCII__ligand1907-0
174,DIGCII__ligand187-0
175,DIGCII__ligand4423-0
176,DIGCII__ligand366-0
177,DIGCII__ligand861-0
178,DIGCII__ligand3890-0
179,DIGCII__ligand5093-0
180,DIGCII__ligand2954-0
181,DIGCII__ligand2253-0
182,DIGCII__ligand1160-0
183,DIGCII__ligand1038-0
184,DIGCII__ligand2762-0
185,DIGCII__ligand73-0
186,DIGCII__ligand7550-0
187,DIGCII__ligand126-0
188,DIGCII__ligand1493-0
189,DIGCII__ligand34-0
190,DIGCII__ligand3035-0
191,DIGCII__ligand3070-0
192,DIGCII__ligand2718-0
193,DIGCII__ligand9176-0
194,DIGCII__ligand124-0
195,DIGCII__ligand3251-0
196,DIGCII__ligand119-0
197,DIGCII__ligand5235-0
198,DIGCII__ligand6143-0
199,DIGCII__ligand4619-0
200,DIGCII__ligand279-0
201,DIGCII__ligand178-0
202,DIGCII__ligand7456-0
203,DIGCII__ligand1818-0
204,DIGCII__ligand321-0
205,DIGCII__ligand95-0
206,DIGCII__ligand3852-0
207,DIGCII__ligand55-0
208,DIGCII__ligand3478-0
209,DIGCII__ligand100-0
210,DIGCII__ligand5758-0
211,DIGCII__ligand201-0
212,DIGCII__ligand244-0
213,DIGCII__ligand1436-0
214,DIGCII__ligand91-0
215,DIGCII__ligand29-0
216,DIGCII__ligand3618-0
217,DIGCII__ligand2618-0
218,DIGCII__ligand4370-0
219,DIGCII__ligand240-0
220,DIGCII__ligand141-0
221,DIGCII__ligand51-0
222,DIGCII__ligand1918-0
223,DIGCII__ligand120-0
224,DIGCII__ligand384-0
225,DIGCII__ligand48-0
226,DIGCII__ligand4175-0
227,DIGCII__ligand2255-0
228,DIGCII__ligand797-0
229,DIGCII__ligand2915-0
230,DIGCII__ligand3196-0
231,DIGCII__ligand4012-0
232,DIGCII__ligand32-0
233,DIGCII__ligand757-0
234,DIGCII__ligand2526-0
235,DIGCII__ligand1551-0
236,DIGCII__ligand2707-0
237,DIGCII__ligand1690-0
238,DIGCII__ligand670-0
239,DIGCII__ligand118-0
240,DIGCII__ligand571-0
241,DIGCII__ligand509-0
242,DIGCII__ligand1307-0
243,DIGCII__ligand669-0
244,DIGCII__ligand2599-0
245,DIGCII__ligand5089-0
246,DIGCII__ligand358-0
247,DIGCII__ligand3853-0
248,DIGCII__ligand430-0
249,DIGCII__ligand2853-0
250,DIGCII__ligand11-0
251,DIGCII__ligand8-0
252,DIGCII__ligand365-0
253,DIGCII__ligand6166-0
254,DIGCII__ligand278-0
255,DIGCII__ligand1246-0
256,DIGCII__ligand1788-0
257,DIGCII__ligand1178-0
258,DIGCII__ligand3566-0
259,DIGCII__ligand1321-0
260,DIGCII__ligand1449-1
261,DIGCII__ligand4811-0
262,DIGCII__ligand162-0
263,DIGCII__ligand226-0
264,DIGCII__ligand3337-0
265,DIGCII__ligand7514-0
266,DIGCII__ligand383-0
267,DIGCII__ligand11730-0
268,DIGCII__ligand9620-0
269,DIGCII__ligand4894-0
270,DIGCII__ligand1260-0
271,DIGCII__ligand838-0
272,DIGCII__ligand2376-0
273,DIGCII__ligand2929-0
274,DIGCII__ligand166-0
275,DIGCII__ligand1299-0
276,DIGCII__ligand918-0
277,DIGCII__ligand633-0
278,DIGCII__ligand6430-0
279,DIGCII__ligand532-0
280,DIGCII__ligand1264-0
281,DIGCII__ligand1221-0
282,DIGCII__ligand1379-0
283,DIGCII__ligand497-0
284,DIGCII__ligand553-0
285,DIGCII__ligand283-0
286,DIGCII__ligand5762-0
287,DIGCII__ligand7414-0
288,DIGCII__ligand1104-0
289,DIGCII__ligand1019-0
290,DIGCII__ligand2442-0
291,DIGCII__ligand821-0
292,DIGCII__ligand92-0
293,DIGCII__ligand326-0
294,DIGCII__ligand1325-0
295,DIGCII__ligand2482-0
296,DIGCII__ligand436-0
297,DIGCII__ligand6571-0
298,DIGCII__ligand17-0
299,DIGCII__ligand142-0
300,DIGCII__ligand206-0
301,DIGCII__ligand2315-0
302,DIGCII__ligand1898-0
303,DIGCII__ligand3051-0
304,DIGCII__ligand4504-0
305,DIGCII__ligand2480-0
306,DIGCII__ligand5334-0
307,DIGCII__ligand140-0
308,DIGCII__ligand105-0
309,DIGCII__ligand324-0
310,DIGCII__ligand361-0
311,DIGCII__ligand409-0
312,DIGCII__ligand8032-0
313,DIGCII__ligand1858-0
314,DIGCII__ligand2110-0
315,DIGCII__ligand575-0
316,DIGCII__ligand2916-0
317,DIGCII__ligand3579-0
318,DIGCII__ligand49-0
319,DIGCII__ligand1712-0
320,DIGCII__ligand89-0
321,DIGCII__ligand2389-0
322,DIGCII__ligand1919-0
323,DIGCII__ligand927-0
324,DIGCII__ligand199-0
