,TMC
0,IWUXUV__ligand25178-0
1,IWUXUV__ligand196-0
2,IWUXUV__ligand1539-0
3,IWUXUV__ligand23769-0
4,IWUXUV__ligand1150-0
5,IWUXUV__ligand24185-0
6,IWUXUV__ligand3416-0
7,IWUXUV__ligand3453-0
8,IWUXUV__ligand17805-0
9,IWUXUV__ligand91-0
10,IWUXUV__ligand4207-0
11,IWUXUV__ligand17302-0
12,IWUXUV__ligand12231-0
13,IWUXUV__ligand3042-0
14,IWUXUV__ligand422-0
15,IWUXUV__ligand12130-0
16,IWUXUV__ligand17387-0
17,IWUXUV__ligand26702-0
18,IWUXUV__ligand13658-0
19,IWUXUV__ligand51-0
20,IWUXUV__ligand18292-0
21,IWUXUV__ligand12289-0
22,IWUXUV__ligand13068-0
23,IWUXUV__ligand7438-0
24,IWUXUV__ligand8200-0
25,IWUXUV__ligand19830-0
26,IWUXUV__ligand10476-0
27,IWUXUV__ligand4063-0
28,IWUXUV__ligand24145-0
29,IWUXUV__ligand686-0
30,IWUXUV__ligand12401-0
31,IWUXUV__ligand15585-0
32,IWUXUV__ligand393-0
33,IWUXUV__ligand27763-0
34,IWUXUV__ligand1779-0
35,IWUXUV__ligand1817-0
36,IWUXUV__ligand28676-0
37,IWUXUV__ligand10262-0
38,IWUXUV__ligand6993-0
39,IWUXUV__ligand9750-0
40,IWUXUV__ligand13425-0
41,IWUXUV__ligand29302-0
42,IWUXUV__ligand7075-0
43,IWUXUV__ligand3557-0
44,IWUXUV__ligand3980-0
45,IWUXUV__ligand19057-0
46,IWUXUV__ligand1149-0
47,IWUXUV__ligand18814-0
48,IWUXUV__ligand1288-0
49,IWUXUV__ligand14108-0
50,IWUXUV__ligand4266-0
51,IWUXUV__ligand1400-0
52,IWUXUV__ligand10958-0
53,IWUXUV__ligand9491-0
54,IWUXUV__ligand353-0
55,IWUXUV__ligand48-0
56,IWUXUV__ligand12641-0
57,IWUXUV__ligand4167-0
58,IWUXUV__ligand5085-0
59,IWUXUV__ligand29410-0
60,IWUXUV__ligand3144-0
61,IWUXUV__ligand12337-0
62,IWUXUV__ligand26540-0
63,IWUXUV__ligand5755-0
64,IWUXUV__ligand17281-0
65,IWUXUV__ligand4710-0
66,IWUXUV__ligand30296-0
67,IWUXUV__ligand813-0
68,IWUXUV__ligand1828-0
69,IWUXUV__ligand7213-0
70,IWUXUV__ligand1397-0
71,IWUXUV__ligand12606-0
72,IWUXUV__ligand30333-0
73,IWUXUV__ligand314-0
74,IWUXUV__ligand780-0
75,IWUXUV__ligand8042-0
76,IWUXUV__ligand6112-0
77,IWUXUV__ligand1786-0
78,IWUXUV__ligand27460-0
79,IWUXUV__ligand5630-0
80,IWUXUV__ligand32-0
81,IWUXUV__ligand391-0
82,IWUXUV__ligand16628-0
83,IWUXUV__ligand1908-0
84,IWUXUV__ligand618-0
85,IWUXUV__ligand20740-0
86,IWUXUV__ligand28468-0
87,IWUXUV__ligand3285-0
88,IWUXUV__ligand4795-0
89,IWUXUV__ligand12427-0
90,IWUXUV__ligand16-0
91,IWUXUV__ligand19641-0
92,IWUXUV__ligand1831-0
93,IWUXUV__ligand12934-0
94,IWUXUV__ligand20578-0
95,IWUXUV__ligand15422-0
96,IWUXUV__ligand5614-0
97,IWUXUV__ligand5280-0
98,IWUXUV__ligand27893-0
99,IWUXUV__ligand465-0
100,IWUXUV__ligand6663-0
101,IWUXUV__ligand5515-0
102,IWUXUV__ligand14723-0
103,IWUXUV__ligand30988-0
104,IWUXUV__ligand23713-0
105,IWUXUV__ligand27175-0
106,IWUXUV__ligand18832-0
107,IWUXUV__ligand5019-0
108,IWUXUV__ligand26665-0
109,IWUXUV__ligand13012-0
110,IWUXUV__ligand314-1
111,IWUXUV__ligand3261-0
112,IWUXUV__ligand17631-0
113,IWUXUV__ligand1152-0
114,IWUXUV__ligand17258-0
115,IWUXUV__ligand14603-0
116,IWUXUV__ligand14297-0
117,IWUXUV__ligand1216-0
118,IWUXUV__ligand31783-0
119,IWUXUV__ligand1849-0
120,IWUXUV__ligand115-0
121,IWUXUV__ligand17261-0
122,IWUXUV__ligand14117-0
123,IWUXUV__ligand8593-0
124,IWUXUV__ligand9944-0
125,IWUXUV__ligand21581-0
126,IWUXUV__ligand31097-0
127,IWUXUV__ligand2001-0
128,IWUXUV__ligand57-0
129,IWUXUV__ligand30702-0
130,IWUXUV__ligand20214-0
131,IWUXUV__ligand20251-0
132,IWUXUV__ligand20539-0
133,IWUXUV__ligand7566-0
134,IWUXUV__ligand30851-0
135,IWUXUV__ligand833-0
136,IWUXUV__ligand14889-0
137,IWUXUV__ligand5201-0
138,IWUXUV__ligand29568-0
139,IWUXUV__ligand28789-0
140,IWUXUV__ligand17118-0
141,IWUXUV__ligand21371-0
142,IWUXUV__ligand8553-0
143,IWUXUV__ligand20419-0
144,IWUXUV__ligand1113-0
145,IWUXUV__ligand22557-0
146,IWUXUV__ligand10589-0
147,IWUXUV__ligand784-0
148,IWUXUV__ligand24047-0
149,IWUXUV__ligand11675-0
150,IWUXUV__ligand20598-0
151,IWUXUV__ligand17398-0
152,IWUXUV__ligand4124-0
153,IWUXUV__ligand4161-0
154,IWUXUV__ligand3471-0
155,IWUXUV__ligand29414-0
156,IWUXUV__ligand5415-0
157,IWUXUV__ligand17982-0
158,IWUXUV__ligand20011-0
159,IWUXUV__ligand17278-0
160,IWUXUV__ligand4340-0
161,IWUXUV__ligand20251-1
162,IWUXUV__ligand2650-0
163,IWUXUV__ligand2281-0
164,IWUXUV__ligand3180-0
165,IWUXUV__ligand6995-0
166,IWUXUV__ligand8-0
167,IWUXUV__ligand395-0
168,IWUXUV__ligand368-0
169,IWUXUV__ligand16475-0
170,IWUXUV__ligand2823-0
171,IWUXUV__ligand14703-0
172,IWUXUV__ligand11456-0
173,IWUXUV__ligand176-0
174,IWUXUV__ligand10712-0
175,IWUXUV__ligand14174-0
176,IWUXUV__ligand447-0
177,IWUXUV__ligand2027-0
178,IWUXUV__ligand34-0
179,IWUXUV__ligand746-0
180,IWUXUV__ligand25411-0
181,IWUXUV__ligand1050-0
182,IWUXUV__ligand1015-0
183,IWUXUV__ligand13294-0
184,IWUXUV__ligand1028-0
185,IWUXUV__ligand487-0
186,IWUXUV__ligand31832-0
187,IWUXUV__ligand4262-0
188,IWUXUV__ligand13331-0
189,IWUXUV__ligand28884-0
190,IWUXUV__ligand1618-0
191,IWUXUV__ligand14248-0
192,IWUXUV__ligand29879-0
193,IWUXUV__ligand2692-0
194,IWUXUV__ligand12030-0
195,IWUXUV__ligand13208-0
196,IWUXUV__ligand27482-0
197,IWUXUV__ligand1498-0
198,IWUXUV__ligand26810-0
199,IWUXUV__ligand68-0
200,IWUXUV__ligand4596-0
201,IWUXUV__ligand1154-0
202,IWUXUV__ligand9615-0
203,IWUXUV__ligand506-0
204,IWUXUV__ligand152-0
205,IWUXUV__ligand1169-0
206,IWUXUV__ligand8529-0
207,IWUXUV__ligand13390-0
208,IWUXUV__ligand55-0
209,IWUXUV__ligand20682-0
210,IWUXUV__ligand134-0
211,IWUXUV__ligand4807-0
212,IWUXUV__ligand17590-0
213,IWUXUV__ligand3178-0
214,IWUXUV__ligand235-0
215,IWUXUV__ligand17240-0
216,IWUXUV__ligand18699-0
217,IWUXUV__ligand1787-0
218,IWUXUV__ligand12682-0
219,IWUXUV__ligand1356-0
220,IWUXUV__ligand5530-0
221,IWUXUV__ligand9753-0
222,IWUXUV__ligand7196-0
223,IWUXUV__ligand5159-0
224,IWUXUV__ligand4649-0
225,IWUXUV__ligand8793-0
226,IWUXUV__ligand5649-0
227,IWUXUV__ligand2788-0
228,IWUXUV__ligand2906-0
229,IWUXUV__ligand12336-0
230,IWUXUV__ligand560-0
231,IWUXUV__ligand13072-0
232,IWUXUV__ligand4711-0
233,IWUXUV__ligand3244-0
234,IWUXUV__ligand7172-0
235,IWUXUV__ligand7273-0
236,IWUXUV__ligand10555-0
237,IWUXUV__ligand9323-0
238,IWUXUV__ligand31483-0
239,IWUXUV__ligand294-0
240,IWUXUV__ligand19725-0
241,IWUXUV__ligand7092-0
242,IWUXUV__ligand2260-0
243,IWUXUV__ligand3225-0
244,IWUXUV__ligand1153-0
245,IWUXUV__ligand1116-0
246,IWUXUV__ligand8612-0
247,IWUXUV__ligand24613-0
248,IWUXUV__ligand2124-0
249,IWUXUV__ligand6017-0
250,IWUXUV__ligand14586-0
251,IWUXUV__ligand11774-0
252,IWUXUV__ligand685-0
253,IWUXUV__ligand7316-0
254,IWUXUV__ligand21421-0
255,IWUXUV__ligand5708-0
256,IWUXUV__ligand17-0
257,IWUXUV__ligand11568-0
258,IWUXUV__ligand20579-0
259,IWUXUV__ligand17710-0
260,IWUXUV__ligand421-0
261,IWUXUV__ligand5180-0
262,IWUXUV__ligand22755-0
263,IWUXUV__ligand10432-0
264,IWUXUV__ligand1604-0
265,IWUXUV__ligand11432-0
266,IWUXUV__ligand31618-0
267,IWUXUV__ligand29898-0
268,IWUXUV__ligand26277-0
269,IWUXUV__ligand1228-0
270,IWUXUV__ligand9943-0
271,IWUXUV__ligand2043-0
272,IWUXUV__ligand1832-0
273,IWUXUV__ligand8788-0
274,IWUXUV__ligand23589-0
275,IWUXUV__ligand2417-0
276,IWUXUV__ligand24064-0
277,IWUXUV__ligand6391-0
278,IWUXUV__ligand3126-0
279,IWUXUV__ligand9284-0
280,IWUXUV__ligand197-0
281,IWUXUV__ligand15168-0
282,IWUXUV__ligand1114-0
283,IWUXUV__ligand783-0
284,IWUXUV__ligand352-0
285,IWUXUV__ligand49-0
286,IWUXUV__ligand28924-0
287,IWUXUV__ligand15438-0
288,IWUXUV__ligand1289-0
289,IWUXUV__ligand18703-0
290,IWUXUV__ligand2203-0
291,IWUXUV__ligand5387-0
292,IWUXUV__ligand29087-0
293,IWUXUV__ligand17207-0
294,IWUXUV__ligand2612-0
295,IWUXUV__ligand31578-0
296,IWUXUV__ligand17945-0
297,IWUXUV__ligand18013-0
298,IWUXUV__ligand1599-0
299,IWUXUV__ligand25224-0
300,IWUXUV__ligand9450-0
301,IWUXUV__ligand868-0
302,IWUXUV__ligand24750-0
303,IWUXUV__ligand89-0
304,IWUXUV__ligand3945-0
305,IWUXUV__ligand25575-0
306,IWUXUV__ligand21787-0
307,IWUXUV__ligand5383-0
308,IWUXUV__ligand2693-0
309,IWUXUV__ligand909-0
310,IWUXUV__ligand25689-0
311,IWUXUV__ligand12295-0
312,IWUXUV__ligand9344-0
313,IWUXUV__ligand27835-0
314,IWUXUV__ligand3736-0
315,IWUXUV__ligand8000-0
316,IWUXUV__ligand21132-0
317,IWUXUV__ligand11166-0
318,IWUXUV__ligand7291-0
319,IWUXUV__ligand23906-0
320,IWUXUV__ligand3677-1
321,IWUXUV__ligand9883-0
322,IWUXUV__ligand4007-0
323,IWUXUV__ligand2985-0
324,IWUXUV__ligand177-0
325,IWUXUV__ligand9299-0
326,IWUXUV__ligand30539-0
327,IWUXUV__ligand11206-0
328,IWUXUV__ligand23124-0
329,IWUXUV__ligand11-0
330,IWUXUV__ligand6699-0
331,IWUXUV__ligand25735-0
332,IWUXUV__ligand12519-0
333,IWUXUV__ligand252-0
334,IWUXUV__ligand3632-0
335,IWUXUV__ligand3677-0
336,IWUXUV__ligand116-0
337,IWUXUV__ligand1168-0
338,IWUXUV__ligand1294-0
339,IWUXUV__ligand6892-0
340,IWUXUV__ligand31248-0
341,IWUXUV__ligand1211-0
342,IWUXUV__ligand25650-0
343,IWUXUV__ligand193-0
344,IWUXUV__ligand372-0
345,IWUXUV__ligand19257-0
346,IWUXUV__ligand13209-0
347,IWUXUV__ligand1464-0
348,IWUXUV__ligand3712-0
349,IWUXUV__ligand830-0
350,IWUXUV__ligand1499-0
351,IWUXUV__ligand2881-0
352,IWUXUV__ligand69-0
353,IWUXUV__ligand12660-0
354,IWUXUV__ligand4358-0
355,IWUXUV__ligand18465-0
356,IWUXUV__ligand3120-0
357,IWUXUV__ligand3926-0
358,IWUXUV__ligand18799-0
359,IWUXUV__ligand2221-0
360,IWUXUV__ligand5595-0
361,IWUXUV__ligand4101-0
362,IWUXUV__ligand28668-0
363,IWUXUV__ligand16791-0
364,IWUXUV__ligand370-0
365,IWUXUV__ligand9773-0
366,IWUXUV__ligand1376-0
367,IWUXUV__ligand11140-0
368,IWUXUV__ligand5510-0
369,IWUXUV__ligand29610-0
370,IWUXUV__ligand1296-0
371,IWUXUV__ligand29863-0
372,IWUXUV__ligand13869-0
373,IWUXUV__ligand2259-0
374,IWUXUV__ligand18074-0
375,IWUXUV__ligand1197-0
376,IWUXUV__ligand5099-0
377,IWUXUV__ligand8592-0
378,IWUXUV__ligand250-0
379,IWUXUV__ligand23904-0
380,IWUXUV__ligand1317-0
381,IWUXUV__ligand3867-0
382,IWUXUV__ligand2822-0
383,IWUXUV__ligand13257-0
384,IWUXUV__ligand7293-0
385,IWUXUV__ligand21936-0
386,IWUXUV__ligand9167-0
387,IWUXUV__ligand188-0
388,IWUXUV__ligand12467-0
389,IWUXUV__ligand5304-0
390,IWUXUV__ligand2238-0
391,IWUXUV__ligand25267-0
392,IWUXUV__ligand10084-0
393,IWUXUV__ligand14523-0
394,IWUXUV__ligand27169-0
395,IWUXUV__ligand370-1
396,IWUXUV__ligand620-0
397,IWUXUV__ligand18391-0
398,IWUXUV__ligand7762-0
399,IWUXUV__ligand5080-0
400,IWUXUV__ligand564-0
401,IWUXUV__ligand785-0
402,IWUXUV__ligand22981-0
403,IWUXUV__ligand25805-0
404,IWUXUV__ligand311-0
405,IWUXUV__ligand5509-0
406,IWUXUV__ligand8002-0
407,IWUXUV__ligand1407-0
408,IWUXUV__ligand6117-0
409,IWUXUV__ligand479-0
410,IWUXUV__ligand20599-0
411,IWUXUV__ligand27074-0
412,IWUXUV__ligand11798-0
413,IWUXUV__ligand29334-0
414,IWUXUV__ligand12413-0
415,IWUXUV__ligand694-0
416,IWUXUV__ligand20731-0
417,IWUXUV__ligand430-0
418,IWUXUV__ligand358-0
419,IWUXUV__ligand17445-0
420,IWUXUV__ligand17069-0
421,IWUXUV__ligand43-0
422,IWUXUV__ligand14477-0
423,IWUXUV__ligand488-0
424,IWUXUV__ligand4641-0
425,IWUXUV__ligand11501-0
426,IWUXUV__ligand11544-0
427,IWUXUV__ligand7126-0
428,IWUXUV__ligand29214-0
429,IWUXUV__ligand8835-0
430,IWUXUV__ligand2028-0
431,IWUXUV__ligand11758-0
432,IWUXUV__ligand22357-0
433,IWUXUV__ligand1142-0
434,IWUXUV__ligand3234-0
435,IWUXUV__ligand21448-0
436,IWUXUV__ligand18019-1
437,IWUXUV__ligand6596-0
438,IWUXUV__ligand3721-0
439,IWUXUV__ligand6904-0
440,IWUXUV__ligand6102-0
441,IWUXUV__ligand14007-0
442,IWUXUV__ligand3465-0
443,IWUXUV__ligand670-0
444,IWUXUV__ligand2917-0
445,IWUXUV__ligand7819-0
446,IWUXUV__ligand27550-0
447,IWUXUV__ligand571-0
448,IWUXUV__ligand534-0
449,IWUXUV__ligand2295-0
450,IWUXUV__ligand1577-0
451,IWUXUV__ligand6067-0
452,IWUXUV__ligand14226-0
453,IWUXUV__ligand21339-0
454,IWUXUV__ligand16956-0
455,IWUXUV__ligand20942-1
456,IWUXUV__ligand4620-0
457,IWUXUV__ligand18158-0
458,IWUXUV__ligand27771-0
459,IWUXUV__ligand67-0
460,IWUXUV__ligand29565-0
461,IWUXUV__ligand23682-0
462,IWUXUV__ligand1631-0
463,IWUXUV__ligand162-0
464,IWUXUV__ligand1530-0
465,IWUXUV__ligand1575-0
466,IWUXUV__ligand9933-0
467,IWUXUV__ligand226-0
468,IWUXUV__ligand21752-0
469,IWUXUV__ligand416-0
470,IWUXUV__ligand13691-0
471,IWUXUV__ligand30788-0
472,IWUXUV__ligand9441-0
473,IWUXUV__ligand383-0
474,IWUXUV__ligand14339-0
475,IWUXUV__ligand2332-0
476,IWUXUV__ligand6244-0
477,IWUXUV__ligand1378-0
478,IWUXUV__ligand24624-0
479,IWUXUV__ligand18413-0
480,IWUXUV__ligand20844-0
481,IWUXUV__ligand3156-0
482,IWUXUV__ligand2915-0
483,IWUXUV__ligand24560-0
484,IWUXUV__ligand18757-0
485,IWUXUV__ligand3707-0
486,IWUXUV__ligand6124-0
487,IWUXUV__ligand7967-0
488,IWUXUV__ligand1018-0
489,IWUXUV__ligand30004-0
490,IWUXUV__ligand20557-0
491,IWUXUV__ligand4116-0
492,IWUXUV__ligand8992-0
493,IWUXUV__ligand656-0
494,IWUXUV__ligand9601-0
495,IWUXUV__ligand696-0
496,IWUXUV__ligand9952-0
497,IWUXUV__ligand9111-0
498,IWUXUV__ligand24953-0
499,IWUXUV__ligand23445-0
500,IWUXUV__ligand27122-0
501,IWUXUV__ligand20432-0
502,IWUXUV__ligand2526-0
503,IWUXUV__ligand5036-0
504,IWUXUV__ligand16133-0
505,IWUXUV__ligand13755-0
506,IWUXUV__ligand1615-0
507,IWUXUV__ligand5643-0
508,IWUXUV__ligand1823-0
509,IWUXUV__ligand1324-0
510,IWUXUV__ligand25048-0
511,IWUXUV__ligand8721-0
512,IWUXUV__ligand21940-0
513,IWUXUV__ligand2176-0
514,IWUXUV__ligand20821-0
515,IWUXUV__ligand9291-0
516,IWUXUV__ligand2232-0
517,IWUXUV__ligand26673-0
518,IWUXUV__ligand31000-0
519,IWUXUV__ligand4157-0
520,IWUXUV__ligand3-0
521,IWUXUV__ligand78-0
522,IWUXUV__ligand8876-0
523,IWUXUV__ligand2828-0
524,IWUXUV__ligand7648-0
525,IWUXUV__ligand326-0
526,IWUXUV__ligand9833-0
527,IWUXUV__ligand11606-0
528,IWUXUV__ligand5256-0
529,IWUXUV__ligand13260-0
530,IWUXUV__ligand4503-0
531,IWUXUV__ligand10582-0
532,IWUXUV__ligand4546-0
533,IWUXUV__ligand436-0
534,IWUXUV__ligand11252-0
535,IWUXUV__ligand45-0
536,IWUXUV__ligand18067-0
537,IWUXUV__ligand19824-0
538,IWUXUV__ligand1285-0
539,IWUXUV__ligand692-0
540,IWUXUV__ligand6768-0
541,IWUXUV__ligand8115-0
542,IWUXUV__ligand7000-0
543,IWUXUV__ligand1982-0
544,IWUXUV__ligand7238-0
545,IWUXUV__ligand24-0
546,IWUXUV__ligand15455-0
547,IWUXUV__ligand7280-0
548,IWUXUV__ligand11177-0
549,IWUXUV__ligand1790-0
550,IWUXUV__ligand1304-0
551,IWUXUV__ligand7867-0
552,IWUXUV__ligand17686-0
553,IWUXUV__ligand25658-0
554,IWUXUV__ligand1219-0
555,IWUXUV__ligand6709-0
556,IWUXUV__ligand31205-0
557,IWUXUV__ligand4016-0
558,IWUXUV__ligand633-0
559,IWUXUV__ligand9520-0
560,IWUXUV__ligand1160-0
561,IWUXUV__ligand8699-0
562,IWUXUV__ligand16603-0
563,IWUXUV__ligand4093-0
564,IWUXUV__ligand4442-0
565,IWUXUV__ligand3954-0
566,IWUXUV__ligand11814-0
567,IWUXUV__ligand1451-0
568,IWUXUV__ligand4272-0
569,IWUXUV__ligand11622-0
570,IWUXUV__ligand7629-0
571,IWUXUV__ligand16870-0
572,IWUXUV__ligand19-0
573,IWUXUV__ligand9784-0
574,IWUXUV__ligand497-0
575,IWUXUV__ligand9908-0
576,IWUXUV__ligand1263-0
577,IWUXUV__ligand10853-0
578,IWUXUV__ligand29441-0
579,IWUXUV__ligand588-0
580,IWUXUV__ligand11479-0
581,IWUXUV__ligand27610-0
582,IWUXUV__ligand10479-0
583,IWUXUV__ligand11698-0
584,IWUXUV__ligand20530-0
585,IWUXUV__ligand13657-0
586,IWUXUV__ligand14347-0
587,IWUXUV__ligand7242-0
588,IWUXUV__ligand14302-0
589,IWUXUV__ligand24851-0
590,IWUXUV__ligand300-0
591,IWUXUV__ligand7106-0
592,IWUXUV__ligand15387-0
593,IWUXUV__ligand1343-0
594,IWUXUV__ligand3876-0
595,IWUXUV__ligand3035-0
596,IWUXUV__ligand6616-0
597,IWUXUV__ligand20121-0
598,IWUXUV__ligand3718-0
599,IWUXUV__ligand1844-0
600,IWUXUV__ligand4661-0
601,IWUXUV__ligand20220-0
602,IWUXUV__ligand1959-0
603,IWUXUV__ligand29813-0
604,IWUXUV__ligand16952-0
605,IWUXUV__ligand3504-0
606,IWUXUV__ligand9935-0
607,IWUXUV__ligand1536-0
608,IWUXUV__ligand1573-0
609,IWUXUV__ligand199-0
610,IWUXUV__ligand6919-0
611,IWUXUV__ligand2485-0
612,IWUXUV__ligand3852-0
613,IWUXUV__ligand10151-0
614,IWUXUV__ligand5331-0
615,IWUXUV__ligand1512-0
616,IWUXUV__ligand3565-0
617,IWUXUV__ligand4720-0
618,IWUXUV__ligand6839-0
619,IWUXUV__ligand22353-0
620,IWUXUV__ligand3174-0
621,IWUXUV__ligand3937-0
622,IWUXUV__ligand1202-0
623,IWUXUV__ligand3131-0
624,IWUXUV__ligand8969-0
625,IWUXUV__ligand409-0
626,IWUXUV__ligand5211-0
627,IWUXUV__ligand324-0
628,IWUXUV__ligand361-0
629,IWUXUV__ligand4155-0
630,IWUXUV__ligand1-0
631,IWUXUV__ligand3094-0
632,IWUXUV__ligand19668-0
633,IWUXUV__ligand19906-0
634,IWUXUV__ligand3157-0
635,IWUXUV__ligand9525-0
636,IWUXUV__ligand25561-0
637,IWUXUV__ligand1165-0
638,IWUXUV__ligand22129-0
639,IWUXUV__ligand5935-0
640,IWUXUV__ligand24780-0
641,IWUXUV__ligand845-0
642,IWUXUV__ligand12138-0
643,IWUXUV__ligand2722-0
644,IWUXUV__ligand11949-0
645,IWUXUV__ligand1379-0
646,IWUXUV__ligand1469-0
647,IWUXUV__ligand17427-0
648,IWUXUV__ligand3871-0
649,IWUXUV__ligand1768-0
650,IWUXUV__ligand29486-0
651,IWUXUV__ligand5056-0
652,IWUXUV__ligand4850-0
653,IWUXUV__ligand126-0
654,IWUXUV__ligand163-0
655,IWUXUV__ligand5357-0
656,IWUXUV__ligand3647-0
657,IWUXUV__ligand1688-0
658,IWUXUV__ligand31694-0
659,IWUXUV__ligand8349-0
660,IWUXUV__ligand17396-0
661,IWUXUV__ligand15788-0
662,IWUXUV__ligand777-0
663,IWUXUV__ligand1709-0
664,IWUXUV__ligand8464-0
665,IWUXUV__ligand23175-0
666,IWUXUV__ligand13220-0
667,IWUXUV__ligand11587-0
668,IWUXUV__ligand22444-0
669,IWUXUV__ligand24111-0
670,IWUXUV__ligand941-0
671,IWUXUV__ligand596-0
672,IWUXUV__ligand14569-0
673,IWUXUV__ligand13385-0
674,IWUXUV__ligand2527-0
675,IWUXUV__ligand12001-0
676,IWUXUV__ligand5849-0
677,IWUXUV__ligand657-0
678,IWUXUV__ligand10033-0
679,IWUXUV__ligand24644-0
680,IWUXUV__ligand187-0
681,IWUXUV__ligand24872-0
682,IWUXUV__ligand366-0
683,IWUXUV__ligand3392-0
684,IWUXUV__ligand27840-0
685,IWUXUV__ligand4911-0
686,IWUXUV__ligand30728-0
687,IWUXUV__ligand1771-0
688,IWUXUV__ligand38-0
689,IWUXUV__ligand185-0
690,IWUXUV__ligand279-0
691,IWUXUV__ligand10872-0
692,IWUXUV__ligand21399-0
693,IWUXUV__ligand26631-0
694,IWUXUV__ligand16148-0
695,IWUXUV__ligand9197-0
696,IWUXUV__ligand1900-0
697,IWUXUV__ligand178-0
698,IWUXUV__ligand12003-0
699,IWUXUV__ligand4581-0
700,IWUXUV__ligand4-0
701,IWUXUV__ligand1773-0
702,IWUXUV__ligand2328-0
703,IWUXUV__ligand29215-0
704,IWUXUV__ligand7162-0
705,IWUXUV__ligand3029-0
706,IWUXUV__ligand321-0
707,IWUXUV__ligand8722-0
708,IWUXUV__ligand16369-0
709,IWUXUV__ligand11111-0
710,IWUXUV__ligand1327-0
711,IWUXUV__ligand28540-0
712,IWUXUV__ligand9809-0
713,IWUXUV__ligand6672-0
714,IWUXUV__ligand20695-0
715,IWUXUV__ligand27754-0
716,IWUXUV__ligand42-0
717,IWUXUV__ligand2781-0
718,IWUXUV__ligand7573-0
719,IWUXUV__ligand3350-0
720,IWUXUV__ligand3208-0
721,IWUXUV__ligand2208-0
722,IWUXUV__ligand201-0
723,IWUXUV__ligand22403-0
724,IWUXUV__ligand7557-0
725,IWUXUV__ligand1496-0
726,IWUXUV__ligand66-0
727,IWUXUV__ligand338-0
728,IWUXUV__ligand11618-0
729,IWUXUV__ligand26529-0
730,IWUXUV__ligand1533-0
731,IWUXUV__ligand27239-0
732,IWUXUV__ligand5892-0
733,IWUXUV__ligand21729-0
734,IWUXUV__ligand5094-0
735,IWUXUV__ligand26324-0
736,IWUXUV__ligand28559-0
737,IWUXUV__ligand14043-0
738,IWUXUV__ligand19927-0
739,IWUXUV__ligand1712-0
740,IWUXUV__ligand4131-0
741,IWUXUV__ligand4738-0
742,IWUXUV__ligand30142-0
743,IWUXUV__ligand5813-0
744,IWUXUV__ligand27669-0
745,IWUXUV__ligand4813-0
746,IWUXUV__ligand14167-0
747,IWUXUV__ligand13477-0
748,IWUXUV__ligand6062-0
749,IWUXUV__ligand6283-0
750,IWUXUV__ligand384-0
751,IWUXUV__ligand768-0
752,IWUXUV__ligand23197-0
753,IWUXUV__ligand7107-0
754,IWUXUV__ligand3215-0
755,IWUXUV__ligand29029-0
756,IWUXUV__ligand27285-0
757,IWUXUV__ligand18568-0
758,IWUXUV__ligand28685-0
759,IWUXUV__ligand7925-0
760,IWUXUV__ligand2068-0
761,IWUXUV__ligand13672-0
762,IWUXUV__ligand1147-0
763,IWUXUV__ligand10371-0
764,IWUXUV__ligand3973-0
765,IWUXUV__ligand4330-0
766,IWUXUV__ligand12453-0
767,IWUXUV__ligand18448-0
768,IWUXUV__ligand28459-0
769,IWUXUV__ligand240-0
770,IWUXUV__ligand2599-0
771,IWUXUV__ligand141-0
772,IWUXUV__ligand7532-0
773,IWUXUV__ligand19184-0
774,IWUXUV__ligand4194-0
775,IWUXUV__ligand9681-0
776,IWUXUV__ligand25913-0
777,IWUXUV__ligand693-0
778,IWUXUV__ligand16988-0
779,IWUXUV__ligand4332-0
780,IWUXUV__ligand3012-0
781,IWUXUV__ligand1449-0
782,IWUXUV__ligand11682-0
783,IWUXUV__ligand7530-0
784,IWUXUV__ligand1065-0
785,IWUXUV__ligand30711-0
786,IWUXUV__ligand20207-0
787,IWUXUV__ligand31044-0
788,IWUXUV__ligand31842-0
789,IWUXUV__ligand11994-0
790,IWUXUV__ligand2403-0
791,IWUXUV__ligand24035-0
792,IWUXUV__ligand3934-0
793,IWUXUV__ligand14614-0
794,IWUXUV__ligand6455-0
795,IWUXUV__ligand6882-0
796,IWUXUV__ligand16663-0
797,IWUXUV__ligand6946-0
798,IWUXUV__ligand1415-0
799,IWUXUV__ligand21919-0
800,IWUXUV__ligand22168-0
801,IWUXUV__ligand28930-0
802,IWUXUV__ligand18-0
803,IWUXUV__ligand7529-0
804,IWUXUV__ligand22294-0
805,IWUXUV__ligand28743-0
806,IWUXUV__ligand15531-0
807,IWUXUV__ligand11357-0
808,IWUXUV__ligand13862-0
809,IWUXUV__ligand9148-0
810,IWUXUV__ligand12365-0
811,IWUXUV__ligand10056-0
812,IWUXUV__ligand5316-0
813,IWUXUV__ligand15926-0
814,IWUXUV__ligand10828-0
815,IWUXUV__ligand19792-0
816,IWUXUV__ligand11096-0
817,IWUXUV__ligand5483-0
818,IWUXUV__ligand11447-0
819,IWUXUV__ligand28810-0
820,IWUXUV__ligand122-0
821,IWUXUV__ligand24230-0
822,IWUXUV__ligand757-0
823,IWUXUV__ligand1729-0
824,IWUXUV__ligand5627-0
825,IWUXUV__ligand15883-0
826,IWUXUV__ligand2830-0
827,IWUXUV__ligand11970-0
