,TMC
0,LOMHEA__ligand7762-0
1,LOMHEA__ligand10151-0
2,LOMHEA__ligand199-0
3,LOMHEA__ligand5080-0
4,LOMHEA__ligand5509-0
5,LOMHEA__ligand8002-0
6,LOMHEA__ligand6117-0
7,LOMHEA__ligand1407-0
8,LOMHEA__ligand2822-0
9,LOMHEA__ligand7293-0
10,LOMHEA__ligand1317-0
11,LOMHEA__ligand3867-0
12,LOMHEA__ligand300-0
13,LOMHEA__ligand22353-0
14,LOMHEA__ligand19906-0
15,LOMHEA__ligand42-0
16,LOMHEA__ligand2238-0
17,LOMHEA__ligand588-0
18,LOMHEA__ligand19668-0
19,LOMHEA__ligand9167-0
20,LOMHEA__ligand5304-0
21,LOMHEA__ligand11479-0
22,LOMHEA__ligand27610-0
23,LOMHEA__ligand10479-0
24,LOMHEA__ligand9773-0
25,LOMHEA__ligand324-0
26,LOMHEA__ligand361-0
27,LOMHEA__ligand10853-0
28,LOMHEA__ligand5510-0
29,LOMHEA__ligand409-0
30,LOMHEA__ligand29441-0
31,LOMHEA__ligand1376-0
32,LOMHEA__ligand1197-0
33,LOMHEA__ligand24851-0
34,LOMHEA__ligand5099-0
35,LOMHEA__ligand8592-0
36,LOMHEA__ligand14302-0
37,LOMHEA__ligand1296-0
38,LOMHEA__ligand14347-0
39,LOMHEA__ligand13657-0
40,LOMHEA__ligand11698-0
41,LOMHEA__ligand66-0
42,LOMHEA__ligand2259-0
43,LOMHEA__ligand20530-0
44,LOMHEA__ligand20220-0
45,LOMHEA__ligand2221-0
46,LOMHEA__ligand20121-0
47,LOMHEA__ligand4358-0
48,LOMHEA__ligand3120-0
49,LOMHEA__ligand3926-0
50,LOMHEA__ligand15387-0
51,LOMHEA__ligand29813-0
52,LOMHEA__ligand16952-0
53,LOMHEA__ligand4101-0
54,LOMHEA__ligand5595-0
55,LOMHEA__ligand11177-0
56,LOMHEA__ligand1211-0
57,LOMHEA__ligand692-0
58,LOMHEA__ligand6892-0
59,LOMHEA__ligand15455-0
60,LOMHEA__ligand1499-0
61,LOMHEA__ligand2881-0
62,LOMHEA__ligand436-0
63,LOMHEA__ligand31205-0
64,LOMHEA__ligand3712-0
65,LOMHEA__ligand1464-0
66,LOMHEA__ligand17686-0
67,LOMHEA__ligand25658-0
68,LOMHEA__ligand11814-0
69,LOMHEA__ligand326-0
70,LOMHEA__ligand16603-0
71,LOMHEA__ligand6699-0
72,LOMHEA__ligand1168-0
73,LOMHEA__ligand1294-0
74,LOMHEA__ligand16870-0
75,LOMHEA__ligand3632-0
76,LOMHEA__ligand11622-0
77,LOMHEA__ligand3677-0
78,LOMHEA__ligand26673-0
79,LOMHEA__ligand3677-1
80,LOMHEA__ligand9883-0
81,LOMHEA__ligand497-0
82,LOMHEA__ligand20821-0
83,LOMHEA__ligand7291-0
84,LOMHEA__ligand9299-0
85,LOMHEA__ligand11606-0
86,LOMHEA__ligand2985-0
87,LOMHEA__ligand4007-0
88,LOMHEA__ligand31000-0
89,LOMHEA__ligand633-0
90,LOMHEA__ligand11252-0
91,LOMHEA__ligand38-0
92,LOMHEA__ligand2693-0
93,LOMHEA__ligand5383-0
94,LOMHEA__ligand3945-0
95,LOMHEA__ligand13260-0
96,LOMHEA__ligand10582-0
97,LOMHEA__ligand3736-0
98,LOMHEA__ligand8000-0
99,LOMHEA__ligand18067-0
100,LOMHEA__ligand9344-0
101,LOMHEA__ligand19824-0
102,LOMHEA__ligand1599-0
103,LOMHEA__ligand20557-0
104,LOMHEA__ligand30004-0
105,LOMHEA__ligand2612-0
106,LOMHEA__ligand9450-0
107,LOMHEA__ligand13755-0
108,LOMHEA__ligand16133-0
109,LOMHEA__ligand20432-0
110,LOMHEA__ligand27122-0
111,LOMHEA__ligand383-0
112,LOMHEA__ligand416-0
113,LOMHEA__ligand23445-0
114,LOMHEA__ligand24953-0
115,LOMHEA__ligand226-0
116,LOMHEA__ligand21940-0
117,LOMHEA__ligand25048-0
118,LOMHEA__ligand162-0
119,LOMHEA__ligand1289-0
120,LOMHEA__ligand4-0
121,LOMHEA__ligand2203-0
122,LOMHEA__ligand5387-0
123,LOMHEA__ligand21752-0
124,LOMHEA__ligand2417-0
125,LOMHEA__ligand1114-0
126,LOMHEA__ligand18-0
127,LOMHEA__ligand14339-0
128,LOMHEA__ligand6391-0
129,LOMHEA__ligand3126-0
130,LOMHEA__ligand13691-0
131,LOMHEA__ligand30788-0
132,LOMHEA__ligand696-0
133,LOMHEA__ligand9284-0
134,LOMHEA__ligand1228-0
135,LOMHEA__ligand9943-0
136,LOMHEA__ligand656-0
137,LOMHEA__ligand1604-0
138,LOMHEA__ligand8788-0
139,LOMHEA__ligand1832-0
140,LOMHEA__ligand24560-0
141,LOMHEA__ligand18757-0
142,LOMHEA__ligand2043-0
143,LOMHEA__ligand24624-0
144,LOMHEA__ligand20844-0
145,LOMHEA__ligand18413-0
146,LOMHEA__ligand7316-0
147,LOMHEA__ligand5708-0
148,LOMHEA__ligand14007-0
149,LOMHEA__ligand6017-0
150,LOMHEA__ligand18019-1
151,LOMHEA__ligand27550-0
152,LOMHEA__ligand5180-0
153,LOMHEA__ligand16956-0
154,LOMHEA__ligand21339-0
155,LOMHEA__ligand14226-0
156,LOMHEA__ligand488-0
157,LOMHEA__ligand7273-0
158,LOMHEA__ligand20942-1
159,LOMHEA__ligand9323-0
160,LOMHEA__ligand358-0
161,LOMHEA__ligand7172-0
162,LOMHEA__ligand430-0
163,LOMHEA__ligand8612-0
164,LOMHEA__ligand694-0
165,LOMHEA__ligand23682-0
166,LOMHEA__ligand29565-0
167,LOMHEA__ligand2124-0
168,LOMHEA__ligand27771-0
169,LOMHEA__ligand1153-0
170,LOMHEA__ligand3225-0
171,LOMHEA__ligand1116-0
172,LOMHEA__ligand7092-0
173,LOMHEA__ligand18158-0
174,LOMHEA__ligand2260-0
175,LOMHEA__ligand20731-0
176,LOMHEA__ligand29334-0
177,LOMHEA__ligand12413-0
178,LOMHEA__ligand8793-0
179,LOMHEA__ligand5649-0
180,LOMHEA__ligand2788-0
181,LOMHEA__ligand11798-0
182,LOMHEA__ligand4649-0
183,LOMHEA__ligand4711-0
184,LOMHEA__ligand3244-0
185,LOMHEA__ligand14477-0
186,LOMHEA__ligand17069-0
187,LOMHEA__ligand17445-0
188,LOMHEA__ligand2906-0
189,LOMHEA__ligand3178-0
190,LOMHEA__ligand571-0
191,LOMHEA__ligand534-0
192,LOMHEA__ligand29214-0
193,LOMHEA__ligand670-0
194,LOMHEA__ligand11544-0
195,LOMHEA__ligand4807-0
196,LOMHEA__ligand11501-0
197,LOMHEA__ligand7196-0
198,LOMHEA__ligand21448-0
199,LOMHEA__ligand5159-0
200,LOMHEA__ligand5530-0
201,LOMHEA__ligand1787-0
202,LOMHEA__ligand1356-0
203,LOMHEA__ligand9753-0
204,LOMHEA__ligand11758-0
205,LOMHEA__ligand22357-0
206,LOMHEA__ligand1169-0
207,LOMHEA__ligand22294-0
208,LOMHEA__ligand8529-0
209,LOMHEA__ligand28930-0
210,LOMHEA__ligand22168-0
211,LOMHEA__ligand21919-0
212,LOMHEA__ligand10056-0
213,LOMHEA__ligand12365-0
214,LOMHEA__ligand15531-0
215,LOMHEA__ligand28743-0
216,LOMHEA__ligand13862-0
217,LOMHEA__ligand11357-0
218,LOMHEA__ligand24230-0
219,LOMHEA__ligand1498-0
220,LOMHEA__ligand11096-0
221,LOMHEA__ligand11447-0
222,LOMHEA__ligand4596-0
223,LOMHEA__ligand28810-0
224,LOMHEA__ligand10828-0
225,LOMHEA__ligand19792-0
226,LOMHEA__ligand15926-0
227,LOMHEA__ligand11970-0
228,LOMHEA__ligand693-0
229,LOMHEA__ligand9615-0
230,LOMHEA__ligand1154-0
231,LOMHEA__ligand15883-0
232,LOMHEA__ligand4262-0
233,LOMHEA__ligand25913-0
234,LOMHEA__ligand16988-0
235,LOMHEA__ligand757-0
236,LOMHEA__ligand1028-0
237,LOMHEA__ligand30711-0
238,LOMHEA__ligand20207-0
239,LOMHEA__ligand122-0
240,LOMHEA__ligand1-0
241,LOMHEA__ligand1618-0
242,LOMHEA__ligand11682-0
243,LOMHEA__ligand2692-0
244,LOMHEA__ligand24035-0
245,LOMHEA__ligand11994-0
246,LOMHEA__ligand31842-0
247,LOMHEA__ligand31044-0
248,LOMHEA__ligand1050-0
249,LOMHEA__ligand16663-0
250,LOMHEA__ligand1015-0
251,LOMHEA__ligand2027-0
252,LOMHEA__ligand14614-0
253,LOMHEA__ligand43-0
254,LOMHEA__ligand3180-0
255,LOMHEA__ligand13672-0
256,LOMHEA__ligand2650-0
257,LOMHEA__ligand2281-0
258,LOMHEA__ligand28685-0
259,LOMHEA__ligand18568-0
260,LOMHEA__ligand4340-0
261,LOMHEA__ligand2823-0
262,LOMHEA__ligand10371-0
263,LOMHEA__ligand768-0
264,LOMHEA__ligand6995-0
265,LOMHEA__ligand384-0
266,LOMHEA__ligand4124-0
267,LOMHEA__ligand3471-0
268,LOMHEA__ligand4161-0
269,LOMHEA__ligand28459-0
270,LOMHEA__ligand18448-0
271,LOMHEA__ligand12453-0
272,LOMHEA__ligand5415-0
273,LOMHEA__ligand19184-0
274,LOMHEA__ligand3-0
275,LOMHEA__ligand13477-0
276,LOMHEA__ligand14167-0
277,LOMHEA__ligand5201-0
278,LOMHEA__ligand27669-0
279,LOMHEA__ligand30142-0
280,LOMHEA__ligand8553-0
281,LOMHEA__ligand141-0
282,LOMHEA__ligand1113-0
283,LOMHEA__ligand240-0
284,LOMHEA__ligand23197-0
285,LOMHEA__ligand9944-0
286,LOMHEA__ligand8593-0
287,LOMHEA__ligand67-0
288,LOMHEA__ligand29029-0
289,LOMHEA__ligand27285-0
290,LOMHEA__ligand7566-0
291,LOMHEA__ligand2001-0
292,LOMHEA__ligand201-0
293,LOMHEA__ligand11618-0
294,LOMHEA__ligand1216-0
295,LOMHEA__ligand5019-0
296,LOMHEA__ligand3261-0
297,LOMHEA__ligand1152-0
298,LOMHEA__ligand1849-0
299,LOMHEA__ligand26529-0
300,LOMHEA__ligand321-0
301,LOMHEA__ligand5515-0
302,LOMHEA__ligand27239-0
303,LOMHEA__ligand21729-0
304,LOMHEA__ligand6663-0
305,LOMHEA__ligand5614-0
306,LOMHEA__ligand5280-0
307,LOMHEA__ligand1831-0
308,LOMHEA__ligand178-0
309,LOMHEA__ligand19927-0
310,LOMHEA__ligand279-0
311,LOMHEA__ligand14043-0
312,LOMHEA__ligand26324-0
313,LOMHEA__ligand185-0
314,LOMHEA__ligand28559-0
315,LOMHEA__ligand12003-0
316,LOMHEA__ligand5630-0
317,LOMHEA__ligand16148-0
318,LOMHEA__ligand26631-0
319,LOMHEA__ligand10872-0
320,LOMHEA__ligand1786-0
321,LOMHEA__ligand21399-0
322,LOMHEA__ligand4795-0
323,LOMHEA__ligand3285-0
324,LOMHEA__ligand29215-0
325,LOMHEA__ligand1908-0
326,LOMHEA__ligand4710-0
327,LOMHEA__ligand5755-0
328,LOMHEA__ligand20695-0
329,LOMHEA__ligand27754-0
330,LOMHEA__ligand11111-0
331,LOMHEA__ligand3144-0
332,LOMHEA__ligand28540-0
333,LOMHEA__ligand5085-0
334,LOMHEA__ligand16369-0
335,LOMHEA__ligand22403-0
336,LOMHEA__ligand8042-0
337,LOMHEA__ligand6112-0
338,LOMHEA__ligand338-0
339,LOMHEA__ligand1828-0
340,LOMHEA__ligand1397-0
341,LOMHEA__ligand7213-0
342,LOMHEA__ligand13220-0
343,LOMHEA__ligand11587-0
344,LOMHEA__ligand126-0
345,LOMHEA__ligand15788-0
346,LOMHEA__ligand163-0
347,LOMHEA__ligand1288-0
348,LOMHEA__ligand23175-0
349,LOMHEA__ligand78-0
350,LOMHEA__ligand17396-0
351,LOMHEA__ligand13385-0
352,LOMHEA__ligand4167-0
353,LOMHEA__ligand14569-0
354,LOMHEA__ligand1400-0
355,LOMHEA__ligand4266-0
356,LOMHEA__ligand22444-0
357,LOMHEA__ligand24111-0
358,LOMHEA__ligand9491-0
359,LOMHEA__ligand9750-0
360,LOMHEA__ligand24644-0
361,LOMHEA__ligand10033-0
362,LOMHEA__ligand1779-0
363,LOMHEA__ligand845-0
364,LOMHEA__ligand12001-0
365,LOMHEA__ligand1817-0
366,LOMHEA__ligand6993-0
367,LOMHEA__ligand30728-0
368,LOMHEA__ligand3557-0
369,LOMHEA__ligand3980-0
370,LOMHEA__ligand1149-0
371,LOMHEA__ligand27840-0
372,LOMHEA__ligand45-0
373,LOMHEA__ligand7075-0
374,LOMHEA__ligand24872-0
375,LOMHEA__ligand25561-0
376,LOMHEA__ligand3042-0
377,LOMHEA__ligand366-0
378,LOMHEA__ligand11949-0
379,LOMHEA__ligand187-0
380,LOMHEA__ligand24780-0
381,LOMHEA__ligand24-0
382,LOMHEA__ligand12138-0
383,LOMHEA__ligand7438-0
384,LOMHEA__ligand657-0
385,LOMHEA__ligand8200-0
386,LOMHEA__ligand22129-0
387,LOMHEA__ligand4063-0
388,LOMHEA__ligand1150-0
389,LOMHEA__ligand19-0
390,LOMHEA__ligand941-0
391,LOMHEA__ligand596-0
392,LOMHEA__ligand17427-0
393,LOMHEA__ligand1539-0
394,LOMHEA__ligand31694-0
395,LOMHEA__ligand4207-0
396,LOMHEA__ligand777-0
397,LOMHEA__ligand3416-0
398,LOMHEA__ligand3453-0
399,LOMHEA__ligand29486-0
400,LOMHEA__ligand5483-0
401,LOMHEA__ligand27482-0
402,LOMHEA__ligand26810-0
403,LOMHEA__ligand5316-0
404,LOMHEA__ligand13208-0
405,LOMHEA__ligand2830-0
406,LOMHEA__ligand487-0
407,LOMHEA__ligand1729-0
408,LOMHEA__ligand5627-0
409,LOMHEA__ligand13390-0
410,LOMHEA__ligand7529-0
411,LOMHEA__ligand746-0
412,LOMHEA__ligand1415-0
413,LOMHEA__ligand6946-0
414,LOMHEA__ligand447-0
415,LOMHEA__ligand9148-0
416,LOMHEA__ligand20682-0
417,LOMHEA__ligand176-0
418,LOMHEA__ligand10712-0
419,LOMHEA__ligand14174-0
420,LOMHEA__ligand2403-0
421,LOMHEA__ligand11456-0
422,LOMHEA__ligand49-0
423,LOMHEA__ligand6455-0
424,LOMHEA__ligand6882-0
425,LOMHEA__ligand25411-0
426,LOMHEA__ligand152-0
427,LOMHEA__ligand3934-0
428,LOMHEA__ligand506-0
429,LOMHEA__ligand4332-0
430,LOMHEA__ligand89-0
431,LOMHEA__ligand31832-0
432,LOMHEA__ligand9681-0
433,LOMHEA__ligand13294-0
434,LOMHEA__ligand1065-0
435,LOMHEA__ligand7530-0
436,LOMHEA__ligand12030-0
437,LOMHEA__ligand29879-0
438,LOMHEA__ligand14248-0
439,LOMHEA__ligand13331-0
440,LOMHEA__ligand3012-0
441,LOMHEA__ligand28884-0
442,LOMHEA__ligand1449-0
443,LOMHEA__ligand17398-0
444,LOMHEA__ligand11675-0
445,LOMHEA__ligand4330-0
446,LOMHEA__ligand20598-0
447,LOMHEA__ligand2599-0
448,LOMHEA__ligand22557-0
449,LOMHEA__ligand10589-0
450,LOMHEA__ligand24047-0
451,LOMHEA__ligand20011-0
452,LOMHEA__ligand17278-0
453,LOMHEA__ligand4194-0
454,LOMHEA__ligand29414-0
455,LOMHEA__ligand17982-0
456,LOMHEA__ligand833-0
457,LOMHEA__ligand7532-0
458,LOMHEA__ligand20251-1
459,LOMHEA__ligand7925-0
460,LOMHEA__ligand2068-0
461,LOMHEA__ligand14703-0
462,LOMHEA__ligand16475-0
463,LOMHEA__ligand3973-0
464,LOMHEA__ligand115-0
465,LOMHEA__ligand1147-0
466,LOMHEA__ligand7107-0
467,LOMHEA__ligand368-0
468,LOMHEA__ligand17261-0
469,LOMHEA__ligand14117-0
470,LOMHEA__ligand395-0
471,LOMHEA__ligand20539-0
472,LOMHEA__ligand3215-0
473,LOMHEA__ligand20251-0
474,LOMHEA__ligand30702-0
475,LOMHEA__ligand20214-0
476,LOMHEA__ligand21581-0
477,LOMHEA__ligand31097-0
478,LOMHEA__ligand29568-0
479,LOMHEA__ligand6062-0
480,LOMHEA__ligand17-0
481,LOMHEA__ligand30851-0
482,LOMHEA__ligand14889-0
483,LOMHEA__ligand4738-0
484,LOMHEA__ligand4813-0
485,LOMHEA__ligand5813-0
486,LOMHEA__ligand20419-0
487,LOMHEA__ligand17118-0
488,LOMHEA__ligand21371-0
489,LOMHEA__ligand6283-0
490,LOMHEA__ligand28789-0
491,LOMHEA__ligand784-0
492,LOMHEA__ligand5892-0
493,LOMHEA__ligand5094-0
494,LOMHEA__ligand14723-0
495,LOMHEA__ligand27893-0
496,LOMHEA__ligand618-0
497,LOMHEA__ligand15422-0
498,LOMHEA__ligand20578-0
499,LOMHEA__ligand12934-0
500,LOMHEA__ligand19641-0
501,LOMHEA__ligand23713-0
502,LOMHEA__ligand18832-0
503,LOMHEA__ligand391-0
504,LOMHEA__ligand27175-0
505,LOMHEA__ligand1712-0
506,LOMHEA__ligand4131-0
507,LOMHEA__ligand30988-0
508,LOMHEA__ligand14297-0
509,LOMHEA__ligand14603-0
510,LOMHEA__ligand314-0
511,LOMHEA__ligand17258-0
512,LOMHEA__ligand780-0
513,LOMHEA__ligand1496-0
514,LOMHEA__ligand13012-0
515,LOMHEA__ligand17631-0
516,LOMHEA__ligand7557-0
517,LOMHEA__ligand813-0
518,LOMHEA__ligand26665-0
519,LOMHEA__ligand31783-0
520,LOMHEA__ligand1533-0
521,LOMHEA__ligand30296-0
522,LOMHEA__ligand3350-0
523,LOMHEA__ligand2781-0
524,LOMHEA__ligand7573-0
525,LOMHEA__ligand17281-0
526,LOMHEA__ligand8722-0
527,LOMHEA__ligand26540-0
528,LOMHEA__ligand1327-0
529,LOMHEA__ligand9809-0
530,LOMHEA__ligand6672-0
531,LOMHEA__ligand29410-0
532,LOMHEA__ligand12337-0
533,LOMHEA__ligand30333-0
534,LOMHEA__ligand12606-0
535,LOMHEA__ligand314-1
536,LOMHEA__ligand2208-0
537,LOMHEA__ligand3208-0
538,LOMHEA__ligand9197-0
539,LOMHEA__ligand1900-0
540,LOMHEA__ligand27460-0
541,LOMHEA__ligand7162-0
542,LOMHEA__ligand12427-0
543,LOMHEA__ligand3029-0
544,LOMHEA__ligand20740-0
545,LOMHEA__ligand465-0
546,LOMHEA__ligand28468-0
547,LOMHEA__ligand4581-0
548,LOMHEA__ligand1773-0
549,LOMHEA__ligand16628-0
550,LOMHEA__ligand2328-0
551,LOMHEA__ligand686-0
552,LOMHEA__ligand10262-0
553,LOMHEA__ligand28676-0
554,LOMHEA__ligand27763-0
555,LOMHEA__ligand5849-0
556,LOMHEA__ligand19057-0
557,LOMHEA__ligand18814-0
558,LOMHEA__ligand4911-0
559,LOMHEA__ligand1771-0
560,LOMHEA__ligand422-0
561,LOMHEA__ligand3392-0
562,LOMHEA__ligand13425-0
563,LOMHEA__ligand29302-0
564,LOMHEA__ligand14108-0
565,LOMHEA__ligand8349-0
566,LOMHEA__ligand8464-0
567,LOMHEA__ligand1709-0
568,LOMHEA__ligand2527-0
569,LOMHEA__ligand12641-0
570,LOMHEA__ligand10958-0
571,LOMHEA__ligand196-0
572,LOMHEA__ligand24185-0
573,LOMHEA__ligand1768-0
574,LOMHEA__ligand23769-0
575,LOMHEA__ligand353-0
576,LOMHEA__ligand1469-0
577,LOMHEA__ligand3871-0
578,LOMHEA__ligand25178-0
579,LOMHEA__ligand3647-0
580,LOMHEA__ligand5357-0
581,LOMHEA__ligand17302-0
582,LOMHEA__ligand1688-0
583,LOMHEA__ligand4850-0
584,LOMHEA__ligand17805-0
585,LOMHEA__ligand5056-0
586,LOMHEA__ligand11-0
587,LOMHEA__ligand13658-0
588,LOMHEA__ligand9525-0
589,LOMHEA__ligand26702-0
590,LOMHEA__ligand12289-0
591,LOMHEA__ligand18292-0
592,LOMHEA__ligand12130-0
593,LOMHEA__ligand17387-0
594,LOMHEA__ligand69-0
595,LOMHEA__ligand1165-0
596,LOMHEA__ligand12231-0
597,LOMHEA__ligand3157-0
598,LOMHEA__ligand15585-0
599,LOMHEA__ligand2722-0
600,LOMHEA__ligand12401-0
601,LOMHEA__ligand1379-0
602,LOMHEA__ligand24145-0
603,LOMHEA__ligand5935-0
604,LOMHEA__ligand10476-0
605,LOMHEA__ligand19830-0
606,LOMHEA__ligand13068-0
607,LOMHEA__ligand393-0
608,LOMHEA__ligand6839-0
609,LOMHEA__ligand21936-0
610,LOMHEA__ligand250-0
611,LOMHEA__ligand8969-0
612,LOMHEA__ligand13257-0
613,LOMHEA__ligand1202-0
614,LOMHEA__ligand3937-0
615,LOMHEA__ligand3174-0
616,LOMHEA__ligand3131-0
617,LOMHEA__ligand23904-0
618,LOMHEA__ligand4720-0
619,LOMHEA__ligand10084-0
620,LOMHEA__ligand4155-0
621,LOMHEA__ligand3094-0
622,LOMHEA__ligand25267-0
623,LOMHEA__ligand5211-0
624,LOMHEA__ligand12467-0
625,LOMHEA__ligand370-0
626,LOMHEA__ligand6919-0
627,LOMHEA__ligand3852-0
628,LOMHEA__ligand2485-0
629,LOMHEA__ligand18391-0
630,LOMHEA__ligand14523-0
631,LOMHEA__ligand27169-0
632,LOMHEA__ligand3565-0
633,LOMHEA__ligand32-0
634,LOMHEA__ligand27074-0
635,LOMHEA__ligand1512-0
636,LOMHEA__ligand20599-0
637,LOMHEA__ligand5331-0
638,LOMHEA__ligand25805-0
639,LOMHEA__ligand22981-0
640,LOMHEA__ligand4661-0
641,LOMHEA__ligand1844-0
642,LOMHEA__ligand3035-0
643,LOMHEA__ligand3876-0
644,LOMHEA__ligand1343-0
645,LOMHEA__ligand6616-0
646,LOMHEA__ligand18799-0
647,LOMHEA__ligand479-0
648,LOMHEA__ligand785-0
649,LOMHEA__ligand311-0
650,LOMHEA__ligand18465-0
651,LOMHEA__ligand3718-0
652,LOMHEA__ligand564-0
653,LOMHEA__ligand9935-0
654,LOMHEA__ligand1536-0
655,LOMHEA__ligand16791-0
656,LOMHEA__ligand1573-0
657,LOMHEA__ligand16-0
658,LOMHEA__ligand620-0
659,LOMHEA__ligand28668-0
660,LOMHEA__ligand1959-0
661,LOMHEA__ligand3504-0
662,LOMHEA__ligand370-1
663,LOMHEA__ligand29610-0
664,LOMHEA__ligand188-0
665,LOMHEA__ligand9908-0
666,LOMHEA__ligand11140-0
667,LOMHEA__ligand1263-0
668,LOMHEA__ligand7106-0
669,LOMHEA__ligand13869-0
670,LOMHEA__ligand18074-0
671,LOMHEA__ligand7242-0
672,LOMHEA__ligand29863-0
673,LOMHEA__ligand12519-0
674,LOMHEA__ligand25735-0
675,LOMHEA__ligand91-0
676,LOMHEA__ligand4093-0
677,LOMHEA__ligand4442-0
678,LOMHEA__ligand3954-0
679,LOMHEA__ligand9520-0
680,LOMHEA__ligand23124-0
681,LOMHEA__ligand177-0
682,LOMHEA__ligand8699-0
683,LOMHEA__ligand11206-0
684,LOMHEA__ligand1160-0
685,LOMHEA__ligand9784-0
686,LOMHEA__ligand1451-0
687,LOMHEA__ligand4272-0
688,LOMHEA__ligand7629-0
689,LOMHEA__ligand25650-0
690,LOMHEA__ligand1790-0
691,LOMHEA__ligand31248-0
692,LOMHEA__ligand1304-0
693,LOMHEA__ligand7280-0
694,LOMHEA__ligand7238-0
695,LOMHEA__ligand4016-0
696,LOMHEA__ligand12660-0
697,LOMHEA__ligand909-0
698,LOMHEA__ligand51-0
699,LOMHEA__ligand7867-0
700,LOMHEA__ligand19257-0
701,LOMHEA__ligand13209-0
702,LOMHEA__ligand6709-0
703,LOMHEA__ligand1219-0
704,LOMHEA__ligand25689-0
705,LOMHEA__ligand830-0
706,LOMHEA__ligand25575-0
707,LOMHEA__ligand21787-0
708,LOMHEA__ligand4503-0
709,LOMHEA__ligand4546-0
710,LOMHEA__ligand372-0
711,LOMHEA__ligand8115-0
712,LOMHEA__ligand193-0
713,LOMHEA__ligand6768-0
714,LOMHEA__ligand1982-0
715,LOMHEA__ligand7000-0
716,LOMHEA__ligand27835-0
717,LOMHEA__ligand8-0
718,LOMHEA__ligand1285-0
719,LOMHEA__ligand12295-0
720,LOMHEA__ligand48-0
721,LOMHEA__ligand2232-0
722,LOMHEA__ligand23906-0
723,LOMHEA__ligand116-0
724,LOMHEA__ligand2176-0
725,LOMHEA__ligand11166-0
726,LOMHEA__ligand9291-0
727,LOMHEA__ligand21132-0
728,LOMHEA__ligand252-0
729,LOMHEA__ligand9833-0
730,LOMHEA__ligand8876-0
731,LOMHEA__ligand2828-0
732,LOMHEA__ligand7648-0
733,LOMHEA__ligand30539-0
734,LOMHEA__ligand5256-0
735,LOMHEA__ligand4157-0
736,LOMHEA__ligand34-0
737,LOMHEA__ligand15438-0
738,LOMHEA__ligand1615-0
739,LOMHEA__ligand28924-0
740,LOMHEA__ligand5036-0
741,LOMHEA__ligand2526-0
742,LOMHEA__ligand197-0
743,LOMHEA__ligand9111-0
744,LOMHEA__ligand9952-0
745,LOMHEA__ligand29087-0
746,LOMHEA__ligand1324-0
747,LOMHEA__ligand8721-0
748,LOMHEA__ligand1823-0
749,LOMHEA__ligand5643-0
750,LOMHEA__ligand18703-0
751,LOMHEA__ligand1018-0
752,LOMHEA__ligand18013-0
753,LOMHEA__ligand25224-0
754,LOMHEA__ligand17945-0
755,LOMHEA__ligand4116-0
756,LOMHEA__ligand7967-0
757,LOMHEA__ligand17207-0
758,LOMHEA__ligand3707-0
759,LOMHEA__ligand31578-0
760,LOMHEA__ligand6124-0
761,LOMHEA__ligand24750-0
762,LOMHEA__ligand9601-0
763,LOMHEA__ligand8992-0
764,LOMHEA__ligand26277-0
765,LOMHEA__ligand1378-0
766,LOMHEA__ligand29898-0
767,LOMHEA__ligand868-0
768,LOMHEA__ligand10432-0
769,LOMHEA__ligand6244-0
770,LOMHEA__ligand31618-0
771,LOMHEA__ligand11432-0
772,LOMHEA__ligand22755-0
773,LOMHEA__ligand68-0
774,LOMHEA__ligand2915-0
775,LOMHEA__ligand3156-0
776,LOMHEA__ligand1530-0
777,LOMHEA__ligand1575-0
778,LOMHEA__ligand9933-0
779,LOMHEA__ligand24064-0
780,LOMHEA__ligand1631-0
781,LOMHEA__ligand23589-0
782,LOMHEA__ligand55-0
783,LOMHEA__ligand9441-0
784,LOMHEA__ligand2332-0
785,LOMHEA__ligand15168-0
786,LOMHEA__ligand352-0
787,LOMHEA__ligand783-0
788,LOMHEA__ligand57-0
789,LOMHEA__ligand31483-0
790,LOMHEA__ligand10555-0
791,LOMHEA__ligand560-0
792,LOMHEA__ligand6067-0
793,LOMHEA__ligand1577-0
794,LOMHEA__ligand2295-0
795,LOMHEA__ligand24613-0
796,LOMHEA__ligand4620-0
797,LOMHEA__ligand19725-0
798,LOMHEA__ligand21421-0
799,LOMHEA__ligand3465-0
800,LOMHEA__ligand6596-0
801,LOMHEA__ligand11774-0
802,LOMHEA__ligand6904-0
803,LOMHEA__ligand3721-0
804,LOMHEA__ligand14586-0
805,LOMHEA__ligand6102-0
806,LOMHEA__ligand2917-0
807,LOMHEA__ligand235-0
808,LOMHEA__ligand7819-0
809,LOMHEA__ligand20579-0
810,LOMHEA__ligand17710-0
811,LOMHEA__ligand11568-0
812,LOMHEA__ligand134-0
813,LOMHEA__ligand17240-0
814,LOMHEA__ligand7126-0
815,LOMHEA__ligand421-0
816,LOMHEA__ligand8835-0
817,LOMHEA__ligand2028-0
818,LOMHEA__ligand17590-0
819,LOMHEA__ligand3234-0
820,LOMHEA__ligand1142-0
821,LOMHEA__ligand685-0
822,LOMHEA__ligand12682-0
823,LOMHEA__ligand18699-0
824,LOMHEA__ligand294-0
825,LOMHEA__ligand4641-0
826,LOMHEA__ligand13072-0
827,LOMHEA__ligand12336-0
