,TMC
0,MEZSEP__ligand10712-0
1,MEZSEP__ligand2001-0
2,MEZSEP__ligand14174-0
3,MEZSEP__ligand11456-0
4,MEZSEP__ligand7566-0
5,MEZSEP__ligand25411-0
6,MEZSEP__ligand696-0
7,MEZSEP__ligand8593-0
8,MEZSEP__ligand9944-0
9,MEZSEP__ligand17-0
10,MEZSEP__ligand13294-0
11,MEZSEP__ligand1113-0
12,MEZSEP__ligand656-0
13,MEZSEP__ligand31832-0
14,MEZSEP__ligand8553-0
15,MEZSEP__ligand14248-0
16,MEZSEP__ligand29879-0
17,MEZSEP__ligand12030-0
18,MEZSEP__ligand13331-0
19,MEZSEP__ligand5201-0
20,MEZSEP__ligand28884-0
21,MEZSEP__ligand27482-0
22,MEZSEP__ligand26810-0
23,MEZSEP__ligand13208-0
24,MEZSEP__ligand8-0
25,MEZSEP__ligand5415-0
26,MEZSEP__ligand3471-0
27,MEZSEP__ligand4161-0
28,MEZSEP__ligand4124-0
29,MEZSEP__ligand383-0
30,MEZSEP__ligand6995-0
31,MEZSEP__ligand13390-0
32,MEZSEP__ligand416-0
33,MEZSEP__ligand2823-0
34,MEZSEP__ligand4340-0
35,MEZSEP__ligand2650-0
36,MEZSEP__ligand2281-0
37,MEZSEP__ligand226-0
38,MEZSEP__ligand3180-0
39,MEZSEP__ligand162-0
40,MEZSEP__ligand20682-0
41,MEZSEP__ligand17261-0
42,MEZSEP__ligand14117-0
43,MEZSEP__ligand2027-0
44,MEZSEP__ligand1015-0
45,MEZSEP__ligand1050-0
46,MEZSEP__ligand20214-0
47,MEZSEP__ligand30702-0
48,MEZSEP__ligand20251-0
49,MEZSEP__ligand89-0
50,MEZSEP__ligand20539-0
51,MEZSEP__ligand31097-0
52,MEZSEP__ligand21581-0
53,MEZSEP__ligand49-0
54,MEZSEP__ligand571-0
55,MEZSEP__ligand29568-0
56,MEZSEP__ligand534-0
57,MEZSEP__ligand2692-0
58,MEZSEP__ligand30851-0
59,MEZSEP__ligand1618-0
60,MEZSEP__ligand670-0
61,MEZSEP__ligand14889-0
62,MEZSEP__ligand17118-0
63,MEZSEP__ligand1028-0
64,MEZSEP__ligand21371-0
65,MEZSEP__ligand20419-0
66,MEZSEP__ligand28789-0
67,MEZSEP__ligand4262-0
68,MEZSEP__ligand17398-0
69,MEZSEP__ligand1154-0
70,MEZSEP__ligand22557-0
71,MEZSEP__ligand10589-0
72,MEZSEP__ligand9615-0
73,MEZSEP__ligand24047-0
74,MEZSEP__ligand11675-0
75,MEZSEP__ligand20598-0
76,MEZSEP__ligand29414-0
77,MEZSEP__ligand17982-0
78,MEZSEP__ligand17278-0
79,MEZSEP__ligand20011-0
80,MEZSEP__ligand4596-0
81,MEZSEP__ligand1498-0
82,MEZSEP__ligand488-0
83,MEZSEP__ligand430-0
84,MEZSEP__ligand20251-1
85,MEZSEP__ligand358-0
86,MEZSEP__ligand14703-0
87,MEZSEP__ligand16475-0
88,MEZSEP__ligand694-0
89,MEZSEP__ligand8529-0
90,MEZSEP__ligand1169-0
91,MEZSEP__ligand3453-0
92,MEZSEP__ligand17281-0
93,MEZSEP__ligand3416-0
94,MEZSEP__ligand30296-0
95,MEZSEP__ligand29410-0
96,MEZSEP__ligand409-0
97,MEZSEP__ligand12337-0
98,MEZSEP__ligand4207-0
99,MEZSEP__ligand324-0
100,MEZSEP__ligand26540-0
101,MEZSEP__ligand361-0
102,MEZSEP__ligand30333-0
103,MEZSEP__ligand1539-0
104,MEZSEP__ligand69-0
105,MEZSEP__ligand1150-0
106,MEZSEP__ligand12606-0
107,MEZSEP__ligand4063-0
108,MEZSEP__ligand7438-0
109,MEZSEP__ligand8200-0
110,MEZSEP__ligand11-0
111,MEZSEP__ligand27460-0
112,MEZSEP__ligand20740-0
113,MEZSEP__ligand28468-0
114,MEZSEP__ligand3042-0
115,MEZSEP__ligand12427-0
116,MEZSEP__ligand16628-0
117,MEZSEP__ligand27893-0
118,MEZSEP__ligand7075-0
119,MEZSEP__ligand14723-0
120,MEZSEP__ligand199-0
121,MEZSEP__ligand19641-0
122,MEZSEP__ligand1149-0
123,MEZSEP__ligand20578-0
124,MEZSEP__ligand12934-0
125,MEZSEP__ligand3980-0
126,MEZSEP__ligand3557-0
127,MEZSEP__ligand15422-0
128,MEZSEP__ligand6993-0
129,MEZSEP__ligand1817-0
130,MEZSEP__ligand23713-0
131,MEZSEP__ligand1779-0
132,MEZSEP__ligand27175-0
133,MEZSEP__ligand18832-0
134,MEZSEP__ligand30988-0
135,MEZSEP__ligand9750-0
136,MEZSEP__ligand9491-0
137,MEZSEP__ligand17258-0
138,MEZSEP__ligand300-0
139,MEZSEP__ligand14603-0
140,MEZSEP__ligand14297-0
141,MEZSEP__ligand4266-0
142,MEZSEP__ligand1400-0
143,MEZSEP__ligand26665-0
144,MEZSEP__ligand13012-0
145,MEZSEP__ligand4167-0
146,MEZSEP__ligand17631-0
147,MEZSEP__ligand588-0
148,MEZSEP__ligand1288-0
149,MEZSEP__ligand31783-0
150,MEZSEP__ligand23769-0
151,MEZSEP__ligand7213-0
152,MEZSEP__ligand1397-0
153,MEZSEP__ligand1828-0
154,MEZSEP__ligand24185-0
155,MEZSEP__ligand497-0
156,MEZSEP__ligand25178-0
157,MEZSEP__ligand6112-0
158,MEZSEP__ligand8042-0
159,MEZSEP__ligand5085-0
160,MEZSEP__ligand17302-0
161,MEZSEP__ligand3144-0
162,MEZSEP__ligand633-0
163,MEZSEP__ligand5755-0
164,MEZSEP__ligand4710-0
165,MEZSEP__ligand17805-0
166,MEZSEP__ligand12130-0
167,MEZSEP__ligand17387-0
168,MEZSEP__ligand26702-0
169,MEZSEP__ligand13658-0
170,MEZSEP__ligand18292-0
171,MEZSEP__ligand12289-0
172,MEZSEP__ligand1908-0
173,MEZSEP__ligand4795-0
174,MEZSEP__ligand3285-0
175,MEZSEP__ligand12231-0
176,MEZSEP__ligand24145-0
177,MEZSEP__ligand12401-0
178,MEZSEP__ligand1786-0
179,MEZSEP__ligand15585-0
180,MEZSEP__ligand13068-0
181,MEZSEP__ligand19830-0
182,MEZSEP__ligand10476-0
183,MEZSEP__ligand5630-0
184,MEZSEP__ligand692-0
185,MEZSEP__ligand27763-0
186,MEZSEP__ligand28676-0
187,MEZSEP__ligand10262-0
188,MEZSEP__ligand1831-0
189,MEZSEP__ligand5280-0
190,MEZSEP__ligand5614-0
191,MEZSEP__ligand19057-0
192,MEZSEP__ligand18814-0
193,MEZSEP__ligand6663-0
194,MEZSEP__ligand13425-0
195,MEZSEP__ligand29302-0
196,MEZSEP__ligand5515-0
197,MEZSEP__ligand436-0
198,MEZSEP__ligand326-0
199,MEZSEP__ligand14108-0
200,MEZSEP__ligand1849-0
201,MEZSEP__ligand1152-0
202,MEZSEP__ligand12641-0
203,MEZSEP__ligand3261-0
204,MEZSEP__ligand5019-0
205,MEZSEP__ligand1216-0
206,MEZSEP__ligand10958-0
207,MEZSEP__ligand9344-0
208,MEZSEP__ligand18465-0
209,MEZSEP__ligand8000-0
210,MEZSEP__ligand3736-0
211,MEZSEP__ligand18799-0
212,MEZSEP__ligand16791-0
213,MEZSEP__ligand3945-0
214,MEZSEP__ligand48-0
215,MEZSEP__ligand2693-0
216,MEZSEP__ligand5383-0
217,MEZSEP__ligand28668-0
218,MEZSEP__ligand4007-0
219,MEZSEP__ligand29610-0
220,MEZSEP__ligand2985-0
221,MEZSEP__ligand9299-0
222,MEZSEP__ligand11140-0
223,MEZSEP__ligand338-0
224,MEZSEP__ligand7291-0
225,MEZSEP__ligand29863-0
226,MEZSEP__ligand13869-0
227,MEZSEP__ligand3677-1
228,MEZSEP__ligand18074-0
229,MEZSEP__ligand9883-0
230,MEZSEP__ligand3677-0
231,MEZSEP__ligand51-0
232,MEZSEP__ligand3632-0
233,MEZSEP__ligand13257-0
234,MEZSEP__ligand201-0
235,MEZSEP__ligand21936-0
236,MEZSEP__ligand1294-0
237,MEZSEP__ligand23904-0
238,MEZSEP__ligand1168-0
239,MEZSEP__ligand25267-0
240,MEZSEP__ligand6699-0
241,MEZSEP__ligand10084-0
242,MEZSEP__ligand12467-0
243,MEZSEP__ligand3712-0
244,MEZSEP__ligand1464-0
245,MEZSEP__ligand321-0
246,MEZSEP__ligand2881-0
247,MEZSEP__ligand14523-0
248,MEZSEP__ligand27169-0
249,MEZSEP__ligand18391-0
250,MEZSEP__ligand1499-0
251,MEZSEP__ligand27074-0
252,MEZSEP__ligand178-0
253,MEZSEP__ligand6892-0
254,MEZSEP__ligand91-0
255,MEZSEP__ligand22981-0
256,MEZSEP__ligand25805-0
257,MEZSEP__ligand185-0
258,MEZSEP__ligand279-0
259,MEZSEP__ligand1211-0
260,MEZSEP__ligand20599-0
261,MEZSEP__ligand25575-0
262,MEZSEP__ligand21787-0
263,MEZSEP__ligand5595-0
264,MEZSEP__ligand4101-0
265,MEZSEP__ligand25689-0
266,MEZSEP__ligand366-0
267,MEZSEP__ligand3926-0
268,MEZSEP__ligand3120-0
269,MEZSEP__ligand4358-0
270,MEZSEP__ligand187-0
271,MEZSEP__ligand2221-0
272,MEZSEP__ligand12295-0
273,MEZSEP__ligand27835-0
274,MEZSEP__ligand657-0
275,MEZSEP__ligand941-0
276,MEZSEP__ligand2259-0
277,MEZSEP__ligand23906-0
278,MEZSEP__ligand596-0
279,MEZSEP__ligand1296-0
280,MEZSEP__ligand8592-0
281,MEZSEP__ligand5099-0
282,MEZSEP__ligand21132-0
283,MEZSEP__ligand16-0
284,MEZSEP__ligand1197-0
285,MEZSEP__ligand11166-0
286,MEZSEP__ligand1376-0
287,MEZSEP__ligand30539-0
288,MEZSEP__ligand5510-0
289,MEZSEP__ligand9773-0
290,MEZSEP__ligand777-0
291,MEZSEP__ligand32-0
292,MEZSEP__ligand5304-0
293,MEZSEP__ligand25735-0
294,MEZSEP__ligand9167-0
295,MEZSEP__ligand12519-0
296,MEZSEP__ligand11206-0
297,MEZSEP__ligand23124-0
298,MEZSEP__ligand2238-0
299,MEZSEP__ligand126-0
300,MEZSEP__ligand163-0
301,MEZSEP__ligand3867-0
302,MEZSEP__ligand1317-0
303,MEZSEP__ligand7293-0
304,MEZSEP__ligand2822-0
305,MEZSEP__ligand31248-0
306,MEZSEP__ligand6117-0
307,MEZSEP__ligand1407-0
308,MEZSEP__ligand25650-0
309,MEZSEP__ligand8002-0
310,MEZSEP__ligand5509-0
311,MEZSEP__ligand845-0
312,MEZSEP__ligand12660-0
313,MEZSEP__ligand19257-0
314,MEZSEP__ligand13209-0
315,MEZSEP__ligand5080-0
316,MEZSEP__ligand7762-0
317,MEZSEP__ligand29898-0
318,MEZSEP__ligand26277-0
319,MEZSEP__ligand9753-0
320,MEZSEP__ligand1787-0
321,MEZSEP__ligand1356-0
322,MEZSEP__ligand5530-0
323,MEZSEP__ligand5159-0
324,MEZSEP__ligand757-0
325,MEZSEP__ligand22755-0
326,MEZSEP__ligand10432-0
327,MEZSEP__ligand7196-0
328,MEZSEP__ligand11432-0
329,MEZSEP__ligand31618-0
330,MEZSEP__ligand4807-0
331,MEZSEP__ligand122-0
332,MEZSEP__ligand3178-0
333,MEZSEP__ligand24064-0
334,MEZSEP__ligand2906-0
335,MEZSEP__ligand23589-0
336,MEZSEP__ligand3244-0
337,MEZSEP__ligand4711-0
338,MEZSEP__ligand4649-0
339,MEZSEP__ligand5649-0
340,MEZSEP__ligand2788-0
341,MEZSEP__ligand8793-0
342,MEZSEP__ligand15168-0
343,MEZSEP__ligand2260-0
344,MEZSEP__ligand7092-0
345,MEZSEP__ligand1116-0
346,MEZSEP__ligand1153-0
347,MEZSEP__ligand3225-0
348,MEZSEP__ligand28924-0
349,MEZSEP__ligand15438-0
350,MEZSEP__ligand2124-0
351,MEZSEP__ligand8612-0
352,MEZSEP__ligand7172-0
353,MEZSEP__ligand29087-0
354,MEZSEP__ligand9323-0
355,MEZSEP__ligand18703-0
356,MEZSEP__ligand7273-0
357,MEZSEP__ligand17945-0
358,MEZSEP__ligand18013-0
359,MEZSEP__ligand25224-0
360,MEZSEP__ligand17207-0
361,MEZSEP__ligand31578-0
362,MEZSEP__ligand5180-0
363,MEZSEP__ligand693-0
364,MEZSEP__ligand24750-0
365,MEZSEP__ligand6017-0
366,MEZSEP__ligand57-0
367,MEZSEP__ligand5708-0
368,MEZSEP__ligand7316-0
369,MEZSEP__ligand17240-0
370,MEZSEP__ligand2043-0
371,MEZSEP__ligand1832-0
372,MEZSEP__ligand17590-0
373,MEZSEP__ligand8788-0
374,MEZSEP__ligand1604-0
375,MEZSEP__ligand141-0
376,MEZSEP__ligand18699-0
377,MEZSEP__ligand55-0
378,MEZSEP__ligand12682-0
379,MEZSEP__ligand240-0
380,MEZSEP__ligand1228-0
381,MEZSEP__ligand9943-0
382,MEZSEP__ligand9284-0
383,MEZSEP__ligand68-0
384,MEZSEP__ligand6391-0
385,MEZSEP__ligand3126-0
386,MEZSEP__ligand1114-0
387,MEZSEP__ligand13072-0
388,MEZSEP__ligand2417-0
389,MEZSEP__ligand12336-0
390,MEZSEP__ligand5387-0
391,MEZSEP__ligand2203-0
392,MEZSEP__ligand10555-0
393,MEZSEP__ligand1289-0
394,MEZSEP__ligand31483-0
395,MEZSEP__ligand24613-0
396,MEZSEP__ligand19725-0
397,MEZSEP__ligand768-0
398,MEZSEP__ligand21421-0
399,MEZSEP__ligand384-0
400,MEZSEP__ligand9450-0
401,MEZSEP__ligand14586-0
402,MEZSEP__ligand11774-0
403,MEZSEP__ligand34-0
404,MEZSEP__ligand2612-0
405,MEZSEP__ligand11568-0
406,MEZSEP__ligand1599-0
407,MEZSEP__ligand17710-0
408,MEZSEP__ligand20579-0
409,MEZSEP__ligand4157-0
410,MEZSEP__ligand11479-0
411,MEZSEP__ligand10479-0
412,MEZSEP__ligand27610-0
413,MEZSEP__ligand10853-0
414,MEZSEP__ligand5256-0
415,MEZSEP__ligand29441-0
416,MEZSEP__ligand7648-0
417,MEZSEP__ligand8876-0
418,MEZSEP__ligand2828-0
419,MEZSEP__ligand9833-0
420,MEZSEP__ligand24851-0
421,MEZSEP__ligand38-0
422,MEZSEP__ligand9291-0
423,MEZSEP__ligand2176-0
424,MEZSEP__ligand11698-0
425,MEZSEP__ligand20530-0
426,MEZSEP__ligand314-1
427,MEZSEP__ligand14347-0
428,MEZSEP__ligand2232-0
429,MEZSEP__ligand13657-0
430,MEZSEP__ligand14302-0
431,MEZSEP__ligand1285-0
432,MEZSEP__ligand20220-0
433,MEZSEP__ligand3-0
434,MEZSEP__ligand7000-0
435,MEZSEP__ligand15387-0
436,MEZSEP__ligand1982-0
437,MEZSEP__ligand20121-0
438,MEZSEP__ligand6768-0
439,MEZSEP__ligand8115-0
440,MEZSEP__ligand465-0
441,MEZSEP__ligand4546-0
442,MEZSEP__ligand4503-0
443,MEZSEP__ligand29813-0
444,MEZSEP__ligand16952-0
445,MEZSEP__ligand6709-0
446,MEZSEP__ligand1219-0
447,MEZSEP__ligand7867-0
448,MEZSEP__ligand10151-0
449,MEZSEP__ligand618-0
450,MEZSEP__ligand4016-0
451,MEZSEP__ligand7238-0
452,MEZSEP__ligand391-0
453,MEZSEP__ligand7280-0
454,MEZSEP__ligand1304-0
455,MEZSEP__ligand1790-0
456,MEZSEP__ligand314-0
457,MEZSEP__ligand780-0
458,MEZSEP__ligand7629-0
459,MEZSEP__ligand22353-0
460,MEZSEP__ligand4272-0
461,MEZSEP__ligand1451-0
462,MEZSEP__ligand813-0
463,MEZSEP__ligand9784-0
464,MEZSEP__ligand1160-0
465,MEZSEP__ligand8699-0
466,MEZSEP__ligand19668-0
467,MEZSEP__ligand19906-0
468,MEZSEP__ligand9520-0
469,MEZSEP__ligand3954-0
470,MEZSEP__ligand4093-0
471,MEZSEP__ligand4442-0
472,MEZSEP__ligand7242-0
473,MEZSEP__ligand26673-0
474,MEZSEP__ligand7106-0
475,MEZSEP__ligand353-0
476,MEZSEP__ligand20821-0
477,MEZSEP__ligand9908-0
478,MEZSEP__ligand1263-0
479,MEZSEP__ligand11606-0
480,MEZSEP__ligand31000-0
481,MEZSEP__ligand11252-0
482,MEZSEP__ligand3504-0
483,MEZSEP__ligand1959-0
484,MEZSEP__ligand13260-0
485,MEZSEP__ligand66-0
486,MEZSEP__ligand1573-0
487,MEZSEP__ligand10582-0
488,MEZSEP__ligand1536-0
489,MEZSEP__ligand9935-0
490,MEZSEP__ligand3718-0
491,MEZSEP__ligand6616-0
492,MEZSEP__ligand3035-0
493,MEZSEP__ligand3876-0
494,MEZSEP__ligand1343-0
495,MEZSEP__ligand18067-0
496,MEZSEP__ligand19824-0
497,MEZSEP__ligand393-0
498,MEZSEP__ligand4661-0
499,MEZSEP__ligand1844-0
500,MEZSEP__ligand686-0
501,MEZSEP__ligand5331-0
502,MEZSEP__ligand1-0
503,MEZSEP__ligand11177-0
504,MEZSEP__ligand42-0
505,MEZSEP__ligand1512-0
506,MEZSEP__ligand15455-0
507,MEZSEP__ligand3565-0
508,MEZSEP__ligand2485-0
509,MEZSEP__ligand17686-0
510,MEZSEP__ligand25658-0
511,MEZSEP__ligand3852-0
512,MEZSEP__ligand6919-0
513,MEZSEP__ligand422-0
514,MEZSEP__ligand31205-0
515,MEZSEP__ligand11814-0
516,MEZSEP__ligand5211-0
517,MEZSEP__ligand4155-0
518,MEZSEP__ligand3094-0
519,MEZSEP__ligand16603-0
520,MEZSEP__ligand4720-0
521,MEZSEP__ligand16870-0
522,MEZSEP__ligand3131-0
523,MEZSEP__ligand1202-0
524,MEZSEP__ligand3937-0
525,MEZSEP__ligand3174-0
526,MEZSEP__ligand11622-0
527,MEZSEP__ligand8969-0
528,MEZSEP__ligand196-0
529,MEZSEP__ligand6839-0
530,MEZSEP__ligand21752-0
531,MEZSEP__ligand4641-0
532,MEZSEP__ligand152-0
533,MEZSEP__ligand14339-0
534,MEZSEP__ligand13691-0
535,MEZSEP__ligand30788-0
536,MEZSEP__ligand506-0
537,MEZSEP__ligand3234-0
538,MEZSEP__ligand1142-0
539,MEZSEP__ligand24560-0
540,MEZSEP__ligand18757-0
541,MEZSEP__ligand8835-0
542,MEZSEP__ligand24624-0
543,MEZSEP__ligand2028-0
544,MEZSEP__ligand18413-0
545,MEZSEP__ligand20844-0
546,MEZSEP__ligand7126-0
547,MEZSEP__ligand30004-0
548,MEZSEP__ligand20557-0
549,MEZSEP__ligand7819-0
550,MEZSEP__ligand2917-0
551,MEZSEP__ligand6102-0
552,MEZSEP__ligand6596-0
553,MEZSEP__ligand6904-0
554,MEZSEP__ligand3721-0
555,MEZSEP__ligand3465-0
556,MEZSEP__ligand487-0
557,MEZSEP__ligand20432-0
558,MEZSEP__ligand27122-0
559,MEZSEP__ligand746-0
560,MEZSEP__ligand16133-0
561,MEZSEP__ligand13755-0
562,MEZSEP__ligand4620-0
563,MEZSEP__ligand24953-0
564,MEZSEP__ligand23445-0
565,MEZSEP__ligand447-0
566,MEZSEP__ligand2295-0
567,MEZSEP__ligand6067-0
568,MEZSEP__ligand1577-0
569,MEZSEP__ligand25048-0
570,MEZSEP__ligand21940-0
571,MEZSEP__ligand176-0
572,MEZSEP__ligand368-0
573,MEZSEP__ligand29334-0
574,MEZSEP__ligand12413-0
575,MEZSEP__ligand20731-0
576,MEZSEP__ligand2332-0
577,MEZSEP__ligand9441-0
578,MEZSEP__ligand11798-0
579,MEZSEP__ligand395-0
580,MEZSEP__ligand17069-0
581,MEZSEP__ligand14477-0
582,MEZSEP__ligand1631-0
583,MEZSEP__ligand9933-0
584,MEZSEP__ligand1575-0
585,MEZSEP__ligand1530-0
586,MEZSEP__ligand17445-0
587,MEZSEP__ligand3156-0
588,MEZSEP__ligand2915-0
589,MEZSEP__ligand29214-0
590,MEZSEP__ligand18-0
591,MEZSEP__ligand11501-0
592,MEZSEP__ligand11544-0
593,MEZSEP__ligand6244-0
594,MEZSEP__ligand21448-0
595,MEZSEP__ligand784-0
596,MEZSEP__ligand11758-0
597,MEZSEP__ligand1378-0
598,MEZSEP__ligand22357-0
599,MEZSEP__ligand8992-0
600,MEZSEP__ligand9601-0
601,MEZSEP__ligand18019-1
602,MEZSEP__ligand14007-0
603,MEZSEP__ligand6124-0
604,MEZSEP__ligand3707-0
605,MEZSEP__ligand7967-0
606,MEZSEP__ligand27550-0
607,MEZSEP__ligand4116-0
608,MEZSEP__ligand833-0
609,MEZSEP__ligand1018-0
610,MEZSEP__ligand5643-0
611,MEZSEP__ligand21339-0
612,MEZSEP__ligand14226-0
613,MEZSEP__ligand16956-0
614,MEZSEP__ligand20942-1
615,MEZSEP__ligand1823-0
616,MEZSEP__ligand8721-0
617,MEZSEP__ligand1324-0
618,MEZSEP__ligand29565-0
619,MEZSEP__ligand9111-0
620,MEZSEP__ligand9952-0
621,MEZSEP__ligand23682-0
622,MEZSEP__ligand5036-0
623,MEZSEP__ligand2526-0
624,MEZSEP__ligand1615-0
625,MEZSEP__ligand18158-0
626,MEZSEP__ligand27771-0
627,MEZSEP__ligand115-0
628,MEZSEP__ligand25913-0
629,MEZSEP__ligand16988-0
630,MEZSEP__ligand6283-0
631,MEZSEP__ligand868-0
632,MEZSEP__ligand11682-0
633,MEZSEP__ligand5813-0
634,MEZSEP__ligand4813-0
635,MEZSEP__ligand4738-0
636,MEZSEP__ligand20207-0
637,MEZSEP__ligand30711-0
638,MEZSEP__ligand67-0
639,MEZSEP__ligand6062-0
640,MEZSEP__ligand24035-0
641,MEZSEP__ligand31044-0
642,MEZSEP__ligand31842-0
643,MEZSEP__ligand3215-0
644,MEZSEP__ligand11994-0
645,MEZSEP__ligand16663-0
646,MEZSEP__ligand7107-0
647,MEZSEP__ligand14614-0
648,MEZSEP__ligand783-0
649,MEZSEP__ligand352-0
650,MEZSEP__ligand22168-0
651,MEZSEP__ligand1147-0
652,MEZSEP__ligand28930-0
653,MEZSEP__ligand22294-0
654,MEZSEP__ligand3973-0
655,MEZSEP__ligand21919-0
656,MEZSEP__ligand197-0
657,MEZSEP__ligand2068-0
658,MEZSEP__ligand12365-0
659,MEZSEP__ligand10056-0
660,MEZSEP__ligand7925-0
661,MEZSEP__ligand28743-0
662,MEZSEP__ligand15531-0
663,MEZSEP__ligand11357-0
664,MEZSEP__ligand13862-0
665,MEZSEP__ligand11096-0
666,MEZSEP__ligand11447-0
667,MEZSEP__ligand7532-0
668,MEZSEP__ligand28810-0
669,MEZSEP__ligand24230-0
670,MEZSEP__ligand15926-0
671,MEZSEP__ligand4194-0
672,MEZSEP__ligand10828-0
673,MEZSEP__ligand19792-0
674,MEZSEP__ligand2599-0
675,MEZSEP__ligand11970-0
676,MEZSEP__ligand43-0
677,MEZSEP__ligand4330-0
678,MEZSEP__ligand15883-0
679,MEZSEP__ligand1449-0
680,MEZSEP__ligand421-0
681,MEZSEP__ligand13477-0
682,MEZSEP__ligand14167-0
683,MEZSEP__ligand3012-0
684,MEZSEP__ligand30142-0
685,MEZSEP__ligand7530-0
686,MEZSEP__ligand27669-0
687,MEZSEP__ligand1065-0
688,MEZSEP__ligand9681-0
689,MEZSEP__ligand4332-0
690,MEZSEP__ligand685-0
691,MEZSEP__ligand23197-0
692,MEZSEP__ligand3934-0
693,MEZSEP__ligand294-0
694,MEZSEP__ligand6882-0
695,MEZSEP__ligand6455-0
696,MEZSEP__ligand2403-0
697,MEZSEP__ligand29029-0
698,MEZSEP__ligand27285-0
699,MEZSEP__ligand13672-0
700,MEZSEP__ligand18568-0
701,MEZSEP__ligand9148-0
702,MEZSEP__ligand28685-0
703,MEZSEP__ligand560-0
704,MEZSEP__ligand1415-0
705,MEZSEP__ligand6946-0
706,MEZSEP__ligand7529-0
707,MEZSEP__ligand10371-0
708,MEZSEP__ligand5627-0
709,MEZSEP__ligand1729-0
710,MEZSEP__ligand2830-0
711,MEZSEP__ligand12453-0
712,MEZSEP__ligand18448-0
713,MEZSEP__ligand28459-0
714,MEZSEP__ligand235-0
715,MEZSEP__ligand19184-0
716,MEZSEP__ligand5316-0
717,MEZSEP__ligand134-0
718,MEZSEP__ligand5483-0
719,MEZSEP__ligand16148-0
720,MEZSEP__ligand26631-0
721,MEZSEP__ligand12003-0
722,MEZSEP__ligand5935-0
723,MEZSEP__ligand785-0
724,MEZSEP__ligand311-0
725,MEZSEP__ligand1379-0
726,MEZSEP__ligand10872-0
727,MEZSEP__ligand2722-0
728,MEZSEP__ligand21399-0
729,MEZSEP__ligand479-0
730,MEZSEP__ligand3157-0
731,MEZSEP__ligand29215-0
732,MEZSEP__ligand564-0
733,MEZSEP__ligand19-0
734,MEZSEP__ligand1165-0
735,MEZSEP__ligand370-1
736,MEZSEP__ligand620-0
737,MEZSEP__ligand9525-0
738,MEZSEP__ligand20695-0
739,MEZSEP__ligand27754-0
740,MEZSEP__ligand5056-0
741,MEZSEP__ligand4850-0
742,MEZSEP__ligand1688-0
743,MEZSEP__ligand16369-0
744,MEZSEP__ligand5357-0
745,MEZSEP__ligand188-0
746,MEZSEP__ligand11111-0
747,MEZSEP__ligand24-0
748,MEZSEP__ligand3647-0
749,MEZSEP__ligand28540-0
750,MEZSEP__ligand3871-0
751,MEZSEP__ligand1469-0
752,MEZSEP__ligand22403-0
753,MEZSEP__ligand1768-0
754,MEZSEP__ligand45-0
755,MEZSEP__ligand11618-0
756,MEZSEP__ligand250-0
757,MEZSEP__ligand2527-0
758,MEZSEP__ligand1709-0
759,MEZSEP__ligand8464-0
760,MEZSEP__ligand8349-0
761,MEZSEP__ligand26529-0
762,MEZSEP__ligand3392-0
763,MEZSEP__ligand27239-0
764,MEZSEP__ligand21729-0
765,MEZSEP__ligand370-0
766,MEZSEP__ligand1771-0
767,MEZSEP__ligand4911-0
768,MEZSEP__ligand5849-0
769,MEZSEP__ligand19927-0
770,MEZSEP__ligand26324-0
771,MEZSEP__ligand28559-0
772,MEZSEP__ligand78-0
773,MEZSEP__ligand14043-0
774,MEZSEP__ligand830-0
775,MEZSEP__ligand2328-0
776,MEZSEP__ligand25561-0
777,MEZSEP__ligand1773-0
778,MEZSEP__ligand4581-0
779,MEZSEP__ligand372-0
780,MEZSEP__ligand3029-0
781,MEZSEP__ligand7162-0
782,MEZSEP__ligand11949-0
783,MEZSEP__ligand193-0
784,MEZSEP__ligand1900-0
785,MEZSEP__ligand22129-0
786,MEZSEP__ligand24780-0
787,MEZSEP__ligand9197-0
788,MEZSEP__ligand12138-0
789,MEZSEP__ligand3208-0
790,MEZSEP__ligand2208-0
791,MEZSEP__ligand116-0
792,MEZSEP__ligand252-0
793,MEZSEP__ligand4-0
794,MEZSEP__ligand17427-0
795,MEZSEP__ligand9809-0
796,MEZSEP__ligand6672-0
797,MEZSEP__ligand1327-0
798,MEZSEP__ligand8722-0
799,MEZSEP__ligand31694-0
800,MEZSEP__ligand7573-0
801,MEZSEP__ligand29486-0
802,MEZSEP__ligand2781-0
803,MEZSEP__ligand3350-0
804,MEZSEP__ligand13220-0
805,MEZSEP__ligand11587-0
806,MEZSEP__ligand1533-0
807,MEZSEP__ligand17396-0
808,MEZSEP__ligand15788-0
809,MEZSEP__ligand23175-0
810,MEZSEP__ligand177-0
811,MEZSEP__ligand14569-0
812,MEZSEP__ligand13385-0
813,MEZSEP__ligand7557-0
814,MEZSEP__ligand1496-0
815,MEZSEP__ligand22444-0
816,MEZSEP__ligand24111-0
817,MEZSEP__ligand10033-0
818,MEZSEP__ligand24644-0
819,MEZSEP__ligand4131-0
820,MEZSEP__ligand1712-0
821,MEZSEP__ligand12001-0
822,MEZSEP__ligand27840-0
823,MEZSEP__ligand30728-0
824,MEZSEP__ligand909-0
825,MEZSEP__ligand24872-0
826,MEZSEP__ligand5094-0
827,MEZSEP__ligand5892-0
