,TMC
0,TAWHEF__ligand17207-0
1,TAWHEF__ligand31578-0
2,TAWHEF__ligand9681-0
3,TAWHEF__ligand17945-0
4,TAWHEF__ligand4332-0
5,TAWHEF__ligand25224-0
6,TAWHEF__ligand18013-0
7,TAWHEF__ligand201-0
8,TAWHEF__ligand1449-0
9,TAWHEF__ligand3012-0
10,TAWHEF__ligand1-0
11,TAWHEF__ligand24750-0
12,TAWHEF__ligand7530-0
13,TAWHEF__ligand1065-0
14,TAWHEF__ligand2403-0
15,TAWHEF__ligand28924-0
16,TAWHEF__ligand15438-0
17,TAWHEF__ligand321-0
18,TAWHEF__ligand18703-0
19,TAWHEF__ligand185-0
20,TAWHEF__ligand3934-0
21,TAWHEF__ligand279-0
22,TAWHEF__ligand6882-0
23,TAWHEF__ligand6455-0
24,TAWHEF__ligand29087-0
25,TAWHEF__ligand178-0
26,TAWHEF__ligand6946-0
27,TAWHEF__ligand1415-0
28,TAWHEF__ligand23589-0
29,TAWHEF__ligand7529-0
30,TAWHEF__ligand24064-0
31,TAWHEF__ligand15168-0
32,TAWHEF__ligand9148-0
33,TAWHEF__ligand22755-0
34,TAWHEF__ligand5316-0
35,TAWHEF__ligand10432-0
36,TAWHEF__ligand31618-0
37,TAWHEF__ligand11432-0
38,TAWHEF__ligand26277-0
39,TAWHEF__ligand29898-0
40,TAWHEF__ligand5483-0
41,TAWHEF__ligand17-0
42,TAWHEF__ligand5627-0
43,TAWHEF__ligand1729-0
44,TAWHEF__ligand338-0
45,TAWHEF__ligand2830-0
46,TAWHEF__ligand5813-0
47,TAWHEF__ligand4813-0
48,TAWHEF__ligand11774-0
49,TAWHEF__ligand14586-0
50,TAWHEF__ligand4738-0
51,TAWHEF__ligand126-0
52,TAWHEF__ligand163-0
53,TAWHEF__ligand6062-0
54,TAWHEF__ligand21421-0
55,TAWHEF__ligand11568-0
56,TAWHEF__ligand17710-0
57,TAWHEF__ligand20579-0
58,TAWHEF__ligand6283-0
59,TAWHEF__ligand845-0
60,TAWHEF__ligand7107-0
61,TAWHEF__ligand10555-0
62,TAWHEF__ligand31483-0
63,TAWHEF__ligand19725-0
64,TAWHEF__ligand24613-0
65,TAWHEF__ligand3215-0
66,TAWHEF__ligand2068-0
67,TAWHEF__ligand366-0
68,TAWHEF__ligand7925-0
69,TAWHEF__ligand1147-0
70,TAWHEF__ligand12336-0
71,TAWHEF__ligand657-0
72,TAWHEF__ligand49-0
73,TAWHEF__ligand13072-0
74,TAWHEF__ligand3973-0
75,TAWHEF__ligand187-0
76,TAWHEF__ligand2599-0
77,TAWHEF__ligand89-0
78,TAWHEF__ligand17590-0
79,TAWHEF__ligand4330-0
80,TAWHEF__ligand941-0
81,TAWHEF__ligand596-0
82,TAWHEF__ligand17240-0
83,TAWHEF__ligand12682-0
84,TAWHEF__ligand7532-0
85,TAWHEF__ligand18699-0
86,TAWHEF__ligand777-0
87,TAWHEF__ligand3-0
88,TAWHEF__ligand4194-0
89,TAWHEF__ligand14523-0
90,TAWHEF__ligand27169-0
91,TAWHEF__ligand18391-0
92,TAWHEF__ligand1900-0
93,TAWHEF__ligand9197-0
94,TAWHEF__ligand25805-0
95,TAWHEF__ligand22981-0
96,TAWHEF__ligand2328-0
97,TAWHEF__ligand1773-0
98,TAWHEF__ligand4581-0
99,TAWHEF__ligand20599-0
100,TAWHEF__ligand27074-0
101,TAWHEF__ligand3029-0
102,TAWHEF__ligand7162-0
103,TAWHEF__ligand6672-0
104,TAWHEF__ligand9809-0
105,TAWHEF__ligand1327-0
106,TAWHEF__ligand23904-0
107,TAWHEF__ligand8722-0
108,TAWHEF__ligand7573-0
109,TAWHEF__ligand2781-0
110,TAWHEF__ligand13257-0
111,TAWHEF__ligand3350-0
112,TAWHEF__ligand21936-0
113,TAWHEF__ligand3208-0
114,TAWHEF__ligand2208-0
115,TAWHEF__ligand12467-0
116,TAWHEF__ligand693-0
117,TAWHEF__ligand25267-0
118,TAWHEF__ligand10084-0
119,TAWHEF__ligand757-0
120,TAWHEF__ligand7557-0
121,TAWHEF__ligand1496-0
122,TAWHEF__ligand11140-0
123,TAWHEF__ligand29610-0
124,TAWHEF__ligand1533-0
125,TAWHEF__ligand29863-0
126,TAWHEF__ligand13869-0
127,TAWHEF__ligand18074-0
128,TAWHEF__ligand11-0
129,TAWHEF__ligand122-0
130,TAWHEF__ligand18465-0
131,TAWHEF__ligand69-0
132,TAWHEF__ligand18799-0
133,TAWHEF__ligand5094-0
134,TAWHEF__ligand5892-0
135,TAWHEF__ligand28668-0
136,TAWHEF__ligand4131-0
137,TAWHEF__ligand16791-0
138,TAWHEF__ligand1712-0
139,TAWHEF__ligand3157-0
140,TAWHEF__ligand1165-0
141,TAWHEF__ligand31248-0
142,TAWHEF__ligand25650-0
143,TAWHEF__ligand9525-0
144,TAWHEF__ligand13209-0
145,TAWHEF__ligand19257-0
146,TAWHEF__ligand5935-0
147,TAWHEF__ligand768-0
148,TAWHEF__ligand1379-0
149,TAWHEF__ligand12660-0
150,TAWHEF__ligand2722-0
151,TAWHEF__ligand11206-0
152,TAWHEF__ligand3871-0
153,TAWHEF__ligand23124-0
154,TAWHEF__ligand1469-0
155,TAWHEF__ligand1768-0
156,TAWHEF__ligand12519-0
157,TAWHEF__ligand384-0
158,TAWHEF__ligand25735-0
159,TAWHEF__ligand5056-0
160,TAWHEF__ligand4850-0
161,TAWHEF__ligand1688-0
162,TAWHEF__ligand5357-0
163,TAWHEF__ligand3647-0
164,TAWHEF__ligand21132-0
165,TAWHEF__ligand1709-0
166,TAWHEF__ligand8464-0
167,TAWHEF__ligand8349-0
168,TAWHEF__ligand11166-0
169,TAWHEF__ligand23906-0
170,TAWHEF__ligand240-0
171,TAWHEF__ligand30539-0
172,TAWHEF__ligand2527-0
173,TAWHEF__ligand141-0
174,TAWHEF__ligand5849-0
175,TAWHEF__ligand25575-0
176,TAWHEF__ligand21787-0
177,TAWHEF__ligand25689-0
178,TAWHEF__ligand3392-0
179,TAWHEF__ligand12295-0
180,TAWHEF__ligand27835-0
181,TAWHEF__ligand1771-0
182,TAWHEF__ligand4911-0
183,TAWHEF__ligand26665-0
184,TAWHEF__ligand1263-0
185,TAWHEF__ligand9908-0
186,TAWHEF__ligand13012-0
187,TAWHEF__ligand17631-0
188,TAWHEF__ligand91-0
189,TAWHEF__ligand17258-0
190,TAWHEF__ligand14297-0
191,TAWHEF__ligand14603-0
192,TAWHEF__ligand7242-0
193,TAWHEF__ligand31783-0
194,TAWHEF__ligand7106-0
195,TAWHEF__ligand3718-0
196,TAWHEF__ligand19641-0
197,TAWHEF__ligand416-0
198,TAWHEF__ligand15422-0
199,TAWHEF__ligand20578-0
200,TAWHEF__ligand12934-0
201,TAWHEF__ligand6616-0
202,TAWHEF__ligand3035-0
203,TAWHEF__ligand1343-0
204,TAWHEF__ligand3876-0
205,TAWHEF__ligand27893-0
206,TAWHEF__ligand383-0
207,TAWHEF__ligand14723-0
208,TAWHEF__ligand4661-0
209,TAWHEF__ligand1844-0
210,TAWHEF__ligand51-0
211,TAWHEF__ligand30988-0
212,TAWHEF__ligand3504-0
213,TAWHEF__ligand1959-0
214,TAWHEF__ligand162-0
215,TAWHEF__ligand1573-0
216,TAWHEF__ligand1536-0
217,TAWHEF__ligand9935-0
218,TAWHEF__ligand23713-0
219,TAWHEF__ligand18832-0
220,TAWHEF__ligand27175-0
221,TAWHEF__ligand226-0
222,TAWHEF__ligand27460-0
223,TAWHEF__ligand2485-0
224,TAWHEF__ligand3852-0
225,TAWHEF__ligand6919-0
226,TAWHEF__ligand16628-0
227,TAWHEF__ligand696-0
228,TAWHEF__ligand5331-0
229,TAWHEF__ligand1512-0
230,TAWHEF__ligand28468-0
231,TAWHEF__ligand20740-0
232,TAWHEF__ligand12427-0
233,TAWHEF__ligand3565-0
234,TAWHEF__ligand4720-0
235,TAWHEF__ligand29410-0
236,TAWHEF__ligand12337-0
237,TAWHEF__ligand656-0
238,TAWHEF__ligand48-0
239,TAWHEF__ligand26540-0
240,TAWHEF__ligand3131-0
241,TAWHEF__ligand3937-0
242,TAWHEF__ligand1202-0
243,TAWHEF__ligand3174-0
244,TAWHEF__ligand17281-0
245,TAWHEF__ligand8969-0
246,TAWHEF__ligand30296-0
247,TAWHEF__ligand6839-0
248,TAWHEF__ligand12606-0
249,TAWHEF__ligand5211-0
250,TAWHEF__ligand30333-0
251,TAWHEF__ligand3094-0
252,TAWHEF__ligand4155-0
253,TAWHEF__ligand9291-0
254,TAWHEF__ligand2176-0
255,TAWHEF__ligand14108-0
256,TAWHEF__ligand2232-0
257,TAWHEF__ligand4157-0
258,TAWHEF__ligand10958-0
259,TAWHEF__ligand5256-0
260,TAWHEF__ligand12641-0
261,TAWHEF__ligand7648-0
262,TAWHEF__ligand2828-0
263,TAWHEF__ligand8876-0
264,TAWHEF__ligand9833-0
265,TAWHEF__ligand27763-0
266,TAWHEF__ligand430-0
267,TAWHEF__ligand358-0
268,TAWHEF__ligand10262-0
269,TAWHEF__ligand28676-0
270,TAWHEF__ligand4546-0
271,TAWHEF__ligand4503-0
272,TAWHEF__ligand488-0
273,TAWHEF__ligand32-0
274,TAWHEF__ligand1285-0
275,TAWHEF__ligand29302-0
276,TAWHEF__ligand13425-0
277,TAWHEF__ligand7000-0
278,TAWHEF__ligand1982-0
279,TAWHEF__ligand19057-0
280,TAWHEF__ligand6768-0
281,TAWHEF__ligand694-0
282,TAWHEF__ligand8115-0
283,TAWHEF__ligand18814-0
284,TAWHEF__ligand12231-0
285,TAWHEF__ligand7238-0
286,TAWHEF__ligand17387-0
287,TAWHEF__ligand12130-0
288,TAWHEF__ligand7280-0
289,TAWHEF__ligand1304-0
290,TAWHEF__ligand1790-0
291,TAWHEF__ligand13658-0
292,TAWHEF__ligand26702-0
293,TAWHEF__ligand12289-0
294,TAWHEF__ligand18292-0
295,TAWHEF__ligand19830-0
296,TAWHEF__ligand6709-0
297,TAWHEF__ligand1219-0
298,TAWHEF__ligand13068-0
299,TAWHEF__ligand7867-0
300,TAWHEF__ligand10476-0
301,TAWHEF__ligand24145-0
302,TAWHEF__ligand16-0
303,TAWHEF__ligand15585-0
304,TAWHEF__ligand12401-0
305,TAWHEF__ligand4016-0
306,TAWHEF__ligand1160-0
307,TAWHEF__ligand8699-0
308,TAWHEF__ligand25178-0
309,TAWHEF__ligand670-0
310,TAWHEF__ligand9520-0
311,TAWHEF__ligand3954-0
312,TAWHEF__ligand23769-0
313,TAWHEF__ligand4442-0
314,TAWHEF__ligand4093-0
315,TAWHEF__ligand571-0
316,TAWHEF__ligand534-0
317,TAWHEF__ligand24185-0
318,TAWHEF__ligand7629-0
319,TAWHEF__ligand4272-0
320,TAWHEF__ligand1451-0
321,TAWHEF__ligand17805-0
322,TAWHEF__ligand9784-0
323,TAWHEF__ligand17302-0
324,TAWHEF__ligand57-0
325,TAWHEF__ligand1631-0
326,TAWHEF__ligand9933-0
327,TAWHEF__ligand199-0
328,TAWHEF__ligand1575-0
329,TAWHEF__ligand13390-0
330,TAWHEF__ligand1530-0
331,TAWHEF__ligand20682-0
332,TAWHEF__ligand2332-0
333,TAWHEF__ligand9441-0
334,TAWHEF__ligand13208-0
335,TAWHEF__ligand6244-0
336,TAWHEF__ligand27482-0
337,TAWHEF__ligand300-0
338,TAWHEF__ligand1378-0
339,TAWHEF__ligand26810-0
340,TAWHEF__ligand3156-0
341,TAWHEF__ligand2915-0
342,TAWHEF__ligand588-0
343,TAWHEF__ligand6124-0
344,TAWHEF__ligand3707-0
345,TAWHEF__ligand13294-0
346,TAWHEF__ligand7967-0
347,TAWHEF__ligand409-0
348,TAWHEF__ligand324-0
349,TAWHEF__ligand361-0
350,TAWHEF__ligand31832-0
351,TAWHEF__ligand4116-0
352,TAWHEF__ligand1018-0
353,TAWHEF__ligand8992-0
354,TAWHEF__ligand13331-0
355,TAWHEF__ligand28884-0
356,TAWHEF__ligand29879-0
357,TAWHEF__ligand9601-0
358,TAWHEF__ligand14248-0
359,TAWHEF__ligand12030-0
360,TAWHEF__ligand11456-0
361,TAWHEF__ligand9111-0
362,TAWHEF__ligand9952-0
363,TAWHEF__ligand5036-0
364,TAWHEF__ligand10712-0
365,TAWHEF__ligand2526-0
366,TAWHEF__ligand14174-0
367,TAWHEF__ligand1615-0
368,TAWHEF__ligand5643-0
369,TAWHEF__ligand1823-0
370,TAWHEF__ligand25411-0
371,TAWHEF__ligand8721-0
372,TAWHEF__ligand1324-0
373,TAWHEF__ligand4-0
374,TAWHEF__ligand34-0
375,TAWHEF__ligand20251-1
376,TAWHEF__ligand692-0
377,TAWHEF__ligand436-0
378,TAWHEF__ligand4641-0
379,TAWHEF__ligand14703-0
380,TAWHEF__ligand16475-0
381,TAWHEF__ligand10589-0
382,TAWHEF__ligand22557-0
383,TAWHEF__ligand24047-0
384,TAWHEF__ligand11675-0
385,TAWHEF__ligand20598-0
386,TAWHEF__ligand2028-0
387,TAWHEF__ligand8835-0
388,TAWHEF__ligand326-0
389,TAWHEF__ligand17398-0
390,TAWHEF__ligand7126-0
391,TAWHEF__ligand3234-0
392,TAWHEF__ligand1142-0
393,TAWHEF__ligand29414-0
394,TAWHEF__ligand17982-0
395,TAWHEF__ligand17278-0
396,TAWHEF__ligand20011-0
397,TAWHEF__ligand6102-0
398,TAWHEF__ligand6904-0
399,TAWHEF__ligand3721-0
400,TAWHEF__ligand6596-0
401,TAWHEF__ligand30851-0
402,TAWHEF__ligand14889-0
403,TAWHEF__ligand3465-0
404,TAWHEF__ligand497-0
405,TAWHEF__ligand29568-0
406,TAWHEF__ligand68-0
407,TAWHEF__ligand633-0
408,TAWHEF__ligand28789-0
409,TAWHEF__ligand7819-0
410,TAWHEF__ligand17118-0
411,TAWHEF__ligand21371-0
412,TAWHEF__ligand2917-0
413,TAWHEF__ligand20419-0
414,TAWHEF__ligand2295-0
415,TAWHEF__ligand6067-0
416,TAWHEF__ligand1577-0
417,TAWHEF__ligand17261-0
418,TAWHEF__ligand55-0
419,TAWHEF__ligand14117-0
420,TAWHEF__ligand31097-0
421,TAWHEF__ligand21581-0
422,TAWHEF__ligand4620-0
423,TAWHEF__ligand20251-0
424,TAWHEF__ligand20214-0
425,TAWHEF__ligand30702-0
426,TAWHEF__ligand20539-0
427,TAWHEF__ligand3926-0
428,TAWHEF__ligand3120-0
429,TAWHEF__ligand4358-0
430,TAWHEF__ligand197-0
431,TAWHEF__ligand27239-0
432,TAWHEF__ligand2221-0
433,TAWHEF__ligand21729-0
434,TAWHEF__ligand26324-0
435,TAWHEF__ligand28559-0
436,TAWHEF__ligand5595-0
437,TAWHEF__ligand4101-0
438,TAWHEF__ligand14043-0
439,TAWHEF__ligand19927-0
440,TAWHEF__ligand1376-0
441,TAWHEF__ligand5510-0
442,TAWHEF__ligand9773-0
443,TAWHEF__ligand11618-0
444,TAWHEF__ligand2259-0
445,TAWHEF__ligand26529-0
446,TAWHEF__ligand1296-0
447,TAWHEF__ligand8592-0
448,TAWHEF__ligand5099-0
449,TAWHEF__ligand1197-0
450,TAWHEF__ligand16369-0
451,TAWHEF__ligand11111-0
452,TAWHEF__ligand868-0
453,TAWHEF__ligand28540-0
454,TAWHEF__ligand27754-0
455,TAWHEF__ligand20695-0
456,TAWHEF__ligand3867-0
457,TAWHEF__ligand1317-0
458,TAWHEF__ligand7293-0
459,TAWHEF__ligand2822-0
460,TAWHEF__ligand5304-0
461,TAWHEF__ligand9167-0
462,TAWHEF__ligand2238-0
463,TAWHEF__ligand22403-0
464,TAWHEF__ligand38-0
465,TAWHEF__ligand10872-0
466,TAWHEF__ligand21399-0
467,TAWHEF__ligand16148-0
468,TAWHEF__ligand26631-0
469,TAWHEF__ligand5080-0
470,TAWHEF__ligand12003-0
471,TAWHEF__ligand7762-0
472,TAWHEF__ligand6117-0
473,TAWHEF__ligand1407-0
474,TAWHEF__ligand783-0
475,TAWHEF__ligand352-0
476,TAWHEF__ligand8002-0
477,TAWHEF__ligand5509-0
478,TAWHEF__ligand29215-0
479,TAWHEF__ligand12001-0
480,TAWHEF__ligand3945-0
481,TAWHEF__ligand560-0
482,TAWHEF__ligand2693-0
483,TAWHEF__ligand5383-0
484,TAWHEF__ligand10033-0
485,TAWHEF__ligand24644-0
486,TAWHEF__ligand24872-0
487,TAWHEF__ligand9344-0
488,TAWHEF__ligand8-0
489,TAWHEF__ligand27840-0
490,TAWHEF__ligand8000-0
491,TAWHEF__ligand30728-0
492,TAWHEF__ligand3736-0
493,TAWHEF__ligand7291-0
494,TAWHEF__ligand17396-0
495,TAWHEF__ligand15788-0
496,TAWHEF__ligand23175-0
497,TAWHEF__ligand11587-0
498,TAWHEF__ligand13220-0
499,TAWHEF__ligand9883-0
500,TAWHEF__ligand3677-1
501,TAWHEF__ligand134-0
502,TAWHEF__ligand22444-0
503,TAWHEF__ligand24111-0
504,TAWHEF__ligand4007-0
505,TAWHEF__ligand42-0
506,TAWHEF__ligand2985-0
507,TAWHEF__ligand235-0
508,TAWHEF__ligand14569-0
509,TAWHEF__ligand9299-0
510,TAWHEF__ligand13385-0
511,TAWHEF__ligand6699-0
512,TAWHEF__ligand17427-0
513,TAWHEF__ligand421-0
514,TAWHEF__ligand3677-0
515,TAWHEF__ligand29486-0
516,TAWHEF__ligand3632-0
517,TAWHEF__ligand685-0
518,TAWHEF__ligand1294-0
519,TAWHEF__ligand66-0
520,TAWHEF__ligand1168-0
521,TAWHEF__ligand31694-0
522,TAWHEF__ligand294-0
523,TAWHEF__ligand6892-0
524,TAWHEF__ligand25561-0
525,TAWHEF__ligand1211-0
526,TAWHEF__ligand22129-0
527,TAWHEF__ligand3712-0
528,TAWHEF__ligand1464-0
529,TAWHEF__ligand24780-0
530,TAWHEF__ligand12138-0
531,TAWHEF__ligand2881-0
532,TAWHEF__ligand11949-0
533,TAWHEF__ligand1499-0
534,TAWHEF__ligand1604-0
535,TAWHEF__ligand15926-0
536,TAWHEF__ligand10828-0
537,TAWHEF__ligand19792-0
538,TAWHEF__ligand11447-0
539,TAWHEF__ligand11096-0
540,TAWHEF__ligand28810-0
541,TAWHEF__ligand250-0
542,TAWHEF__ligand24230-0
543,TAWHEF__ligand9943-0
544,TAWHEF__ligand1228-0
545,TAWHEF__ligand15883-0
546,TAWHEF__ligand2043-0
547,TAWHEF__ligand11970-0
548,TAWHEF__ligand1832-0
549,TAWHEF__ligand8788-0
550,TAWHEF__ligand2417-0
551,TAWHEF__ligand21919-0
552,TAWHEF__ligand28930-0
553,TAWHEF__ligand22168-0
554,TAWHEF__ligand22294-0
555,TAWHEF__ligand370-0
556,TAWHEF__ligand9284-0
557,TAWHEF__ligand15531-0
558,TAWHEF__ligand28743-0
559,TAWHEF__ligand11357-0
560,TAWHEF__ligand13862-0
561,TAWHEF__ligand3126-0
562,TAWHEF__ligand6391-0
563,TAWHEF__ligand10056-0
564,TAWHEF__ligand12365-0
565,TAWHEF__ligand1114-0
566,TAWHEF__ligand31842-0
567,TAWHEF__ligand31044-0
568,TAWHEF__ligand785-0
569,TAWHEF__ligand311-0
570,TAWHEF__ligand479-0
571,TAWHEF__ligand11994-0
572,TAWHEF__ligand24035-0
573,TAWHEF__ligand370-1
574,TAWHEF__ligand5387-0
575,TAWHEF__ligand2203-0
576,TAWHEF__ligand14614-0
577,TAWHEF__ligand1289-0
578,TAWHEF__ligand620-0
579,TAWHEF__ligand16663-0
580,TAWHEF__ligand564-0
581,TAWHEF__ligand188-0
582,TAWHEF__ligand2612-0
583,TAWHEF__ligand25913-0
584,TAWHEF__ligand16988-0
585,TAWHEF__ligand1599-0
586,TAWHEF__ligand9450-0
587,TAWHEF__ligand11682-0
588,TAWHEF__ligand20207-0
589,TAWHEF__ligand30711-0
590,TAWHEF__ligand4807-0
591,TAWHEF__ligand18448-0
592,TAWHEF__ligand12453-0
593,TAWHEF__ligand28459-0
594,TAWHEF__ligand177-0
595,TAWHEF__ligand3178-0
596,TAWHEF__ligand9753-0
597,TAWHEF__ligand1356-0
598,TAWHEF__ligand1787-0
599,TAWHEF__ligand5530-0
600,TAWHEF__ligand5159-0
601,TAWHEF__ligand19184-0
602,TAWHEF__ligand7196-0
603,TAWHEF__ligand28685-0
604,TAWHEF__ligand18568-0
605,TAWHEF__ligand4649-0
606,TAWHEF__ligand2788-0
607,TAWHEF__ligand5649-0
608,TAWHEF__ligand8793-0
609,TAWHEF__ligand13672-0
610,TAWHEF__ligand10371-0
611,TAWHEF__ligand2906-0
612,TAWHEF__ligand909-0
613,TAWHEF__ligand3244-0
614,TAWHEF__ligand4711-0
615,TAWHEF__ligand372-0
616,TAWHEF__ligand7172-0
617,TAWHEF__ligand23197-0
618,TAWHEF__ligand9323-0
619,TAWHEF__ligand830-0
620,TAWHEF__ligand7273-0
621,TAWHEF__ligand2260-0
622,TAWHEF__ligand7092-0
623,TAWHEF__ligand1116-0
624,TAWHEF__ligand1153-0
625,TAWHEF__ligand3225-0
626,TAWHEF__ligand18-0
627,TAWHEF__ligand2124-0
628,TAWHEF__ligand29029-0
629,TAWHEF__ligand27285-0
630,TAWHEF__ligand193-0
631,TAWHEF__ligand8612-0
632,TAWHEF__ligand30142-0
633,TAWHEF__ligand252-0
634,TAWHEF__ligand6017-0
635,TAWHEF__ligand27669-0
636,TAWHEF__ligand116-0
637,TAWHEF__ligand5708-0
638,TAWHEF__ligand13477-0
639,TAWHEF__ligand14167-0
640,TAWHEF__ligand7316-0
641,TAWHEF__ligand5180-0
642,TAWHEF__ligand23445-0
643,TAWHEF__ligand24953-0
644,TAWHEF__ligand618-0
645,TAWHEF__ligand43-0
646,TAWHEF__ligand20432-0
647,TAWHEF__ligand27122-0
648,TAWHEF__ligand16133-0
649,TAWHEF__ligand13755-0
650,TAWHEF__ligand2027-0
651,TAWHEF__ligand1015-0
652,TAWHEF__ligand1050-0
653,TAWHEF__ligand25048-0
654,TAWHEF__ligand391-0
655,TAWHEF__ligand21940-0
656,TAWHEF__ligand1028-0
657,TAWHEF__ligand813-0
658,TAWHEF__ligand20557-0
659,TAWHEF__ligand314-0
660,TAWHEF__ligand780-0
661,TAWHEF__ligand30004-0
662,TAWHEF__ligand4262-0
663,TAWHEF__ligand2692-0
664,TAWHEF__ligand1618-0
665,TAWHEF__ligand4596-0
666,TAWHEF__ligand1498-0
667,TAWHEF__ligand24624-0
668,TAWHEF__ligand20844-0
669,TAWHEF__ligand18413-0
670,TAWHEF__ligand314-1
671,TAWHEF__ligand1154-0
672,TAWHEF__ligand9615-0
673,TAWHEF__ligand24560-0
674,TAWHEF__ligand18757-0
675,TAWHEF__ligand67-0
676,TAWHEF__ligand8529-0
677,TAWHEF__ligand1169-0
678,TAWHEF__ligand21752-0
679,TAWHEF__ligand13691-0
680,TAWHEF__ligand30788-0
681,TAWHEF__ligand465-0
682,TAWHEF__ligand14339-0
683,TAWHEF__ligand686-0
684,TAWHEF__ligand8593-0
685,TAWHEF__ligand9944-0
686,TAWHEF__ligand16956-0
687,TAWHEF__ligand21339-0
688,TAWHEF__ligand14226-0
689,TAWHEF__ligand20942-1
690,TAWHEF__ligand18158-0
691,TAWHEF__ligand2001-0
692,TAWHEF__ligand27771-0
693,TAWHEF__ligand422-0
694,TAWHEF__ligand29565-0
695,TAWHEF__ligand7566-0
696,TAWHEF__ligand23682-0
697,TAWHEF__ligand18019-1
698,TAWHEF__ligand14007-0
699,TAWHEF__ligand5201-0
700,TAWHEF__ligand196-0
701,TAWHEF__ligand1113-0
702,TAWHEF__ligand8553-0
703,TAWHEF__ligand27550-0
704,TAWHEF__ligand11544-0
705,TAWHEF__ligand11501-0
706,TAWHEF__ligand353-0
707,TAWHEF__ligand29214-0
708,TAWHEF__ligand3471-0
709,TAWHEF__ligand4161-0
710,TAWHEF__ligand4124-0
711,TAWHEF__ligand11758-0
712,TAWHEF__ligand22357-0
713,TAWHEF__ligand5415-0
714,TAWHEF__ligand21448-0
715,TAWHEF__ligand4340-0
716,TAWHEF__ligand2281-0
717,TAWHEF__ligand2650-0
718,TAWHEF__ligand11798-0
719,TAWHEF__ligand29334-0
720,TAWHEF__ligand3180-0
721,TAWHEF__ligand12413-0
722,TAWHEF__ligand20731-0
723,TAWHEF__ligand393-0
724,TAWHEF__ligand6995-0
725,TAWHEF__ligand17445-0
726,TAWHEF__ligand17069-0
727,TAWHEF__ligand14477-0
728,TAWHEF__ligand2823-0
729,TAWHEF__ligand5085-0
730,TAWHEF__ligand3144-0
731,TAWHEF__ligand78-0
732,TAWHEF__ligand22353-0
733,TAWHEF__ligand5755-0
734,TAWHEF__ligand4710-0
735,TAWHEF__ligand7213-0
736,TAWHEF__ligand1397-0
737,TAWHEF__ligand1828-0
738,TAWHEF__ligand487-0
739,TAWHEF__ligand6112-0
740,TAWHEF__ligand19668-0
741,TAWHEF__ligand19906-0
742,TAWHEF__ligand8042-0
743,TAWHEF__ligand447-0
744,TAWHEF__ligand1786-0
745,TAWHEF__ligand746-0
746,TAWHEF__ligand10151-0
747,TAWHEF__ligand5630-0
748,TAWHEF__ligand45-0
749,TAWHEF__ligand176-0
750,TAWHEF__ligand1908-0
751,TAWHEF__ligand4795-0
752,TAWHEF__ligand3285-0
753,TAWHEF__ligand1831-0
754,TAWHEF__ligand5280-0
755,TAWHEF__ligand5614-0
756,TAWHEF__ligand15387-0
757,TAWHEF__ligand20121-0
758,TAWHEF__ligand6663-0
759,TAWHEF__ligand5515-0
760,TAWHEF__ligand20220-0
761,TAWHEF__ligand16952-0
762,TAWHEF__ligand29813-0
763,TAWHEF__ligand152-0
764,TAWHEF__ligand24-0
765,TAWHEF__ligand10853-0
766,TAWHEF__ligand29441-0
767,TAWHEF__ligand1152-0
768,TAWHEF__ligand3261-0
769,TAWHEF__ligand19-0
770,TAWHEF__ligand5019-0
771,TAWHEF__ligand1216-0
772,TAWHEF__ligand11479-0
773,TAWHEF__ligand10479-0
774,TAWHEF__ligand27610-0
775,TAWHEF__ligand506-0
776,TAWHEF__ligand11698-0
777,TAWHEF__ligand20530-0
778,TAWHEF__ligand14302-0
779,TAWHEF__ligand14347-0
780,TAWHEF__ligand13657-0
781,TAWHEF__ligand24851-0
782,TAWHEF__ligand1849-0
783,TAWHEF__ligand1539-0
784,TAWHEF__ligand16603-0
785,TAWHEF__ligand1150-0
786,TAWHEF__ligand11814-0
787,TAWHEF__ligand3453-0
788,TAWHEF__ligand3416-0
789,TAWHEF__ligand11622-0
790,TAWHEF__ligand833-0
791,TAWHEF__ligand4207-0
792,TAWHEF__ligand16870-0
793,TAWHEF__ligand3042-0
794,TAWHEF__ligand15455-0
795,TAWHEF__ligand11177-0
796,TAWHEF__ligand4063-0
797,TAWHEF__ligand25658-0
798,TAWHEF__ligand17686-0
799,TAWHEF__ligand8200-0
800,TAWHEF__ligand7438-0
801,TAWHEF__ligand115-0
802,TAWHEF__ligand31205-0
803,TAWHEF__ligand6993-0
804,TAWHEF__ligand1817-0
805,TAWHEF__ligand13260-0
806,TAWHEF__ligand10582-0
807,TAWHEF__ligand395-0
808,TAWHEF__ligand1779-0
809,TAWHEF__ligand11252-0
810,TAWHEF__ligand368-0
811,TAWHEF__ligand9750-0
812,TAWHEF__ligand18067-0
813,TAWHEF__ligand19824-0
814,TAWHEF__ligand7075-0
815,TAWHEF__ligand1149-0
816,TAWHEF__ligand3980-0
817,TAWHEF__ligand3557-0
818,TAWHEF__ligand1288-0
819,TAWHEF__ligand20821-0
820,TAWHEF__ligand26673-0
821,TAWHEF__ligand9491-0
822,TAWHEF__ligand31000-0
823,TAWHEF__ligand784-0
824,TAWHEF__ligand4266-0
825,TAWHEF__ligand1400-0
826,TAWHEF__ligand4167-0
827,TAWHEF__ligand11606-0
