,TMC
0,JOSVAQ__ligand2863-0
1,JOSVAQ__ligand6502-0
2,JOSVAQ__ligand2098-0
3,JOSVAQ__ligand422-0
4,JOSVAQ__ligand17-0
5,JOSVAQ__ligand6332-0
6,JOSVAQ__ligand3-0
7,JOSVAQ__ligand3178-0
8,JOSVAQ__ligand113-0
9,JOSVAQ__ligand3145-0
10,JOSVAQ__ligand92-0
11,JOSVAQ__ligand196-0
12,JOSVAQ__ligand502-0
13,JOSVAQ__ligand6686-0
14,JOSVAQ__ligand1747-0
15,JOSVAQ__ligand5548-0
16,JOSVAQ__ligand7915-0
17,JOSVAQ__ligand2751-0
18,JOSVAQ__ligand353-0
19,JOSVAQ__ligand3041-0
20,JOSVAQ__ligand2634-0
21,JOSVAQ__ligand1542-0
22,JOSVAQ__ligand236-0
23,JOSVAQ__ligand391-0
24,JOSVAQ__ligand9244-0
25,JOSVAQ__ligand1228-0
26,JOSVAQ__ligand170-0
27,JOSVAQ__ligand89-0
28,JOSVAQ__ligand1538-0
29,JOSVAQ__ligand1114-0
30,JOSVAQ__ligand49-0
31,JOSVAQ__ligand314-0
32,JOSVAQ__ligand481-0
33,JOSVAQ__ligand3246-0
34,JOSVAQ__ligand1479-0
35,JOSVAQ__ligand1-0
36,JOSVAQ__ligand1148-0
37,JOSVAQ__ligand210-0
38,JOSVAQ__ligand291-0
39,JOSVAQ__ligand1171-0
40,JOSVAQ__ligand11-0
41,JOSVAQ__ligand5801-0
42,JOSVAQ__ligand115-0
43,JOSVAQ__ligand1438-0
44,JOSVAQ__ligand3063-0
45,JOSVAQ__ligand1544-0
46,JOSVAQ__ligand1459-0
47,JOSVAQ__ligand485-0
48,JOSVAQ__ligand3757-0
49,JOSVAQ__ligand784-0
50,JOSVAQ__ligand355-0
51,JOSVAQ__ligand1048-0
52,JOSVAQ__ligand2087-0
53,JOSVAQ__ligand1685-0
54,JOSVAQ__ligand6277-0
55,JOSVAQ__ligand487-0
56,JOSVAQ__ligand666-0
57,JOSVAQ__ligand1687-0
58,JOSVAQ__ligand522-0
59,JOSVAQ__ligand1951-0
60,JOSVAQ__ligand2688-0
61,JOSVAQ__ligand2259-0
62,JOSVAQ__ligand133-0
63,JOSVAQ__ligand2768-0
64,JOSVAQ__ligand1376-0
65,JOSVAQ__ligand447-0
66,JOSVAQ__ligand11730-0
67,JOSVAQ__ligand682-0
68,JOSVAQ__ligand3734-0
69,JOSVAQ__ligand1706-0
70,JOSVAQ__ligand4381-0
71,JOSVAQ__ligand2629-0
72,JOSVAQ__ligand109-0
73,JOSVAQ__ligand525-0
74,JOSVAQ__ligand48-0
75,JOSVAQ__ligand560-0
76,JOSVAQ__ligand235-0
77,JOSVAQ__ligand134-0
78,JOSVAQ__ligand932-0
79,JOSVAQ__ligand3637-0
80,JOSVAQ__ligand390-0
81,JOSVAQ__ligand8774-0
82,JOSVAQ__ligand4303-0
83,JOSVAQ__ligand1248-0
84,JOSVAQ__ligand916-0
85,JOSVAQ__ligand584-0
86,JOSVAQ__ligand51-0
87,JOSVAQ__ligand1598-0
88,JOSVAQ__ligand421-0
89,JOSVAQ__ligand798-0
90,JOSVAQ__ligand1054-0
91,JOSVAQ__ligand6294-0
92,JOSVAQ__ligand331-0
93,JOSVAQ__ligand993-0
94,JOSVAQ__ligand29-0
95,JOSVAQ__ligand7464-0
96,JOSVAQ__ligand294-0
97,JOSVAQ__ligand91-0
98,JOSVAQ__ligand1703-0
99,JOSVAQ__ligand2430-0
100,JOSVAQ__ligand2907-0
101,JOSVAQ__ligand296-0
102,JOSVAQ__ligand197-0
103,JOSVAQ__ligand2510-0
104,JOSVAQ__ligand112-0
105,JOSVAQ__ligand8921-0
106,JOSVAQ__ligand2285-0
107,JOSVAQ__ligand1567-0
108,JOSVAQ__ligand2862-0
109,JOSVAQ__ligand2320-0
110,JOSVAQ__ligand1056-0
111,JOSVAQ__ligand136-0
112,JOSVAQ__ligand32-0
113,JOSVAQ__ligand1607-0
114,JOSVAQ__ligand442-0
115,JOSVAQ__ligand868-0
116,JOSVAQ__ligand1727-0
117,JOSVAQ__ligand783-0
118,JOSVAQ__ligand352-0
119,JOSVAQ__ligand1152-0
120,JOSVAQ__ligand4983-0
121,JOSVAQ__ligand2345-0
122,JOSVAQ__ligand2794-0
123,JOSVAQ__ligand1835-0
124,JOSVAQ__ligand73-0
125,JOSVAQ__ligand1502-0
126,JOSVAQ__ligand177-0
127,JOSVAQ__ligand934-0
128,JOSVAQ__ligand6396-0
129,JOSVAQ__ligand909-0
130,JOSVAQ__ligand1113-0
131,JOSVAQ__ligand2265-0
132,JOSVAQ__ligand851-0
133,JOSVAQ__ligand9027-0
134,JOSVAQ__ligand193-0
135,JOSVAQ__ligand1273-0
136,JOSVAQ__ligand830-0
137,JOSVAQ__ligand1052-0
138,JOSVAQ__ligand955-0
139,JOSVAQ__ligand252-0
140,JOSVAQ__ligand57-0
141,JOSVAQ__ligand6-0
142,JOSVAQ__ligand2864-0
143,JOSVAQ__ligand460-0
144,JOSVAQ__ligand55-0
145,JOSVAQ__ligand4-0
146,JOSVAQ__ligand250-0
147,JOSVAQ__ligand95-0
148,JOSVAQ__ligand2142-0
149,JOSVAQ__ligand370-0
150,JOSVAQ__ligand6538-0
151,JOSVAQ__ligand6151-0
152,JOSVAQ__ligand2772-0
153,JOSVAQ__ligand9495-0
154,JOSVAQ__ligand2838-0
155,JOSVAQ__ligand1799-0
156,JOSVAQ__ligand3838-0
157,JOSVAQ__ligand311-0
158,JOSVAQ__ligand5941-0
159,JOSVAQ__ligand2880-0
160,JOSVAQ__ligand369-0
161,JOSVAQ__ligand444-0
162,JOSVAQ__ligand1169-0
163,JOSVAQ__ligand5022-0
164,JOSVAQ__ligand188-0
165,JOSVAQ__ligand34-0
166,JOSVAQ__ligand365-0
167,JOSVAQ__ligand1379-0
168,JOSVAQ__ligand1221-0
169,JOSVAQ__ligand1264-0
170,JOSVAQ__ligand1299-0
171,JOSVAQ__ligand38-0
172,JOSVAQ__ligand278-0
173,JOSVAQ__ligand6430-0
174,JOSVAQ__ligand40-0
175,JOSVAQ__ligand669-0
176,JOSVAQ__ligand2929-0
177,JOSVAQ__ligand430-0
178,JOSVAQ__ligand10910-0
179,JOSVAQ__ligand358-0
180,JOSVAQ__ligand2376-0
181,JOSVAQ__ligand509-0
182,JOSVAQ__ligand21-0
183,JOSVAQ__ligand6571-0
184,JOSVAQ__ligand1325-0
185,JOSVAQ__ligand2482-0
186,JOSVAQ__ligand1019-0
187,JOSVAQ__ligand2442-0
188,JOSVAQ__ligand7414-0
189,JOSVAQ__ligand5762-0
190,JOSVAQ__ligand1104-0
191,JOSVAQ__ligand8-0
192,JOSVAQ__ligand571-0
193,JOSVAQ__ligand118-0
194,JOSVAQ__ligand14530-0
195,JOSVAQ__ligand670-0
196,JOSVAQ__ligand1858-0
197,JOSVAQ__ligand8032-0
198,JOSVAQ__ligand10479-0
199,JOSVAQ__ligand66-0
200,JOSVAQ__ligand226-0
201,JOSVAQ__ligand5334-0
202,JOSVAQ__ligand162-0
203,JOSVAQ__ligand383-0
204,JOSVAQ__ligand1898-0
205,JOSVAQ__ligand4504-0
206,JOSVAQ__ligand3051-0
207,JOSVAQ__ligand2480-0
208,JOSVAQ__ligand2315-0
209,JOSVAQ__ligand1919-0
210,JOSVAQ__ligand10114-0
211,JOSVAQ__ligand2389-0
212,JOSVAQ__ligand1712-0
213,JOSVAQ__ligand3579-0
214,JOSVAQ__ligand2916-0
215,JOSVAQ__ligand2110-0
216,JOSVAQ__ligand1307-0
217,JOSVAQ__ligand436-0
218,JOSVAQ__ligand206-0
219,JOSVAQ__ligand142-0
220,JOSVAQ__ligand86-0
221,JOSVAQ__ligand283-0
222,JOSVAQ__ligand553-0
223,JOSVAQ__ligand326-0
224,JOSVAQ__ligand821-0
225,JOSVAQ__ligand532-0
226,JOSVAQ__ligand633-0
227,JOSVAQ__ligand918-0
228,JOSVAQ__ligand1246-0
229,JOSVAQ__ligand6166-0
230,JOSVAQ__ligand497-0
231,JOSVAQ__ligand3853-0
232,JOSVAQ__ligand838-0
233,JOSVAQ__ligand2853-0
234,JOSVAQ__ligand166-0
235,JOSVAQ__ligand5089-0
236,JOSVAQ__ligand2599-0
237,JOSVAQ__ligand62-0
238,JOSVAQ__ligand1321-0
239,JOSVAQ__ligand1178-0
240,JOSVAQ__ligand3566-0
241,JOSVAQ__ligand199-0
242,JOSVAQ__ligand927-0
243,JOSVAQ__ligand575-0
244,JOSVAQ__ligand18-0
245,JOSVAQ__ligand1788-0
246,JOSVAQ__ligand9620-0
247,JOSVAQ__ligand1260-0
248,JOSVAQ__ligand4894-0
249,JOSVAQ__ligand409-0
250,JOSVAQ__ligand324-0
251,JOSVAQ__ligand361-0
252,JOSVAQ__ligand3337-0
253,JOSVAQ__ligand7514-0
254,JOSVAQ__ligand140-0
255,JOSVAQ__ligand105-0
256,JOSVAQ__ligand4811-0
257,JOSVAQ__ligand1449-1
258,JOSVAQ__ligand67-0
259,JOSVAQ__ligand4370-0
260,JOSVAQ__ligand126-0
261,JOSVAQ__ligand3618-0
262,JOSVAQ__ligand2618-0
263,JOSVAQ__ligand1436-0
264,JOSVAQ__ligand2255-0
265,JOSVAQ__ligand187-0
266,JOSVAQ__ligand612-0
267,JOSVAQ__ligand861-0
268,JOSVAQ__ligand366-0
269,JOSVAQ__ligand4175-0
270,JOSVAQ__ligand596-0
271,JOSVAQ__ligand1918-0
272,JOSVAQ__ligand4012-0
273,JOSVAQ__ligand3196-0
274,JOSVAQ__ligand201-0
275,JOSVAQ__ligand244-0
276,JOSVAQ__ligand100-0
277,JOSVAQ__ligand178-0
278,JOSVAQ__ligand2915-0
279,JOSVAQ__ligand279-0
280,JOSVAQ__ligand321-0
281,JOSVAQ__ligand15630-0
282,JOSVAQ__ligand119-0
283,JOSVAQ__ligand1690-0
284,JOSVAQ__ligand10357-0
285,JOSVAQ__ligand2707-0
286,JOSVAQ__ligand124-0
287,JOSVAQ__ligand1551-0
288,JOSVAQ__ligand2526-0
289,JOSVAQ__ligand3890-0
290,JOSVAQ__ligand4423-0
291,JOSVAQ__ligand1907-0
292,JOSVAQ__ligand1285-0
293,JOSVAQ__ligand120-0
294,JOSVAQ__ligand1555-0
295,JOSVAQ__ligand7630-0
296,JOSVAQ__ligand384-0
297,JOSVAQ__ligand141-0
298,JOSVAQ__ligand45-0
299,JOSVAQ__ligand240-0
300,JOSVAQ__ligand7550-0
301,JOSVAQ__ligand2762-0
302,JOSVAQ__ligand1038-0
303,JOSVAQ__ligand78-0
304,JOSVAQ__ligand2253-0
305,JOSVAQ__ligand1160-0
306,JOSVAQ__ligand85-0
307,JOSVAQ__ligand2954-0
308,JOSVAQ__ligand5093-0
309,JOSVAQ__ligand4619-0
310,JOSVAQ__ligand5235-0
311,JOSVAQ__ligand6143-0
312,JOSVAQ__ligand3251-0
313,JOSVAQ__ligand9176-0
314,JOSVAQ__ligand3070-0
315,JOSVAQ__ligand3035-0
316,JOSVAQ__ligand2718-0
317,JOSVAQ__ligand1493-0
318,JOSVAQ__ligand5758-0
319,JOSVAQ__ligand3478-0
320,JOSVAQ__ligand757-0
321,JOSVAQ__ligand3852-0
322,JOSVAQ__ligand1818-0
323,JOSVAQ__ligand797-0
324,JOSVAQ__ligand7456-0
