,TMC
0,KAHZOJ__ligand2864-0
1,KAHZOJ__ligand757-0
2,KAHZOJ__ligand6538-0
3,KAHZOJ__ligand797-0
4,KAHZOJ__ligand9495-0
5,KAHZOJ__ligand2772-0
6,KAHZOJ__ligand6151-0
7,KAHZOJ__ligand2142-0
8,KAHZOJ__ligand1799-0
9,KAHZOJ__ligand3838-0
10,KAHZOJ__ligand2838-0
11,KAHZOJ__ligand11-0
12,KAHZOJ__ligand5941-0
13,KAHZOJ__ligand2880-0
14,KAHZOJ__ligand5022-0
15,KAHZOJ__ligand1169-0
16,KAHZOJ__ligand240-0
17,KAHZOJ__ligand1502-0
18,KAHZOJ__ligand141-0
19,KAHZOJ__ligand4983-0
20,KAHZOJ__ligand1835-0
21,KAHZOJ__ligand2345-0
22,KAHZOJ__ligand2794-0
23,KAHZOJ__ligand9027-0
24,KAHZOJ__ligand6396-0
25,KAHZOJ__ligand2265-0
26,KAHZOJ__ligand1113-0
27,KAHZOJ__ligand15630-0
28,KAHZOJ__ligand10357-0
29,KAHZOJ__ligand1273-0
30,KAHZOJ__ligand120-0
31,KAHZOJ__ligand1052-0
32,KAHZOJ__ligand384-0
33,KAHZOJ__ligand119-0
34,KAHZOJ__ligand2907-0
35,KAHZOJ__ligand2430-0
36,KAHZOJ__ligand1703-0
37,KAHZOJ__ligand2862-0
38,KAHZOJ__ligand1056-0
39,KAHZOJ__ligand2320-0
40,KAHZOJ__ligand2510-0
41,KAHZOJ__ligand1567-0
42,KAHZOJ__ligand2285-0
43,KAHZOJ__ligand124-0
44,KAHZOJ__ligand8921-0
45,KAHZOJ__ligand92-0
46,KAHZOJ__ligand100-0
47,KAHZOJ__ligand1607-0
48,KAHZOJ__ligand244-0
49,KAHZOJ__ligand201-0
50,KAHZOJ__ligand1152-0
51,KAHZOJ__ligand279-0
52,KAHZOJ__ligand6-0
53,KAHZOJ__ligand178-0
54,KAHZOJ__ligand17-0
55,KAHZOJ__ligand321-0
56,KAHZOJ__ligand1727-0
57,KAHZOJ__ligand4-0
58,KAHZOJ__ligand612-0
59,KAHZOJ__ligand187-0
60,KAHZOJ__ligand366-0
61,KAHZOJ__ligand861-0
62,KAHZOJ__ligand8774-0
63,KAHZOJ__ligand3637-0
64,KAHZOJ__ligand596-0
65,KAHZOJ__ligand1054-0
66,KAHZOJ__ligand6294-0
67,KAHZOJ__ligand49-0
68,KAHZOJ__ligand1248-0
69,KAHZOJ__ligand4303-0
70,KAHZOJ__ligand126-0
71,KAHZOJ__ligand1598-0
72,KAHZOJ__ligand7464-0
73,KAHZOJ__ligand89-0
74,KAHZOJ__ligand1687-0
75,KAHZOJ__ligand3-0
76,KAHZOJ__ligand1951-0
77,KAHZOJ__ligand409-0
78,KAHZOJ__ligand361-0
79,KAHZOJ__ligand324-0
80,KAHZOJ__ligand6277-0
81,KAHZOJ__ligand57-0
82,KAHZOJ__ligand1376-0
83,KAHZOJ__ligand2768-0
84,KAHZOJ__ligand10910-0
85,KAHZOJ__ligand2688-0
86,KAHZOJ__ligand2259-0
87,KAHZOJ__ligand105-0
88,KAHZOJ__ligand140-0
89,KAHZOJ__ligand927-0
90,KAHZOJ__ligand199-0
91,KAHZOJ__ligand575-0
92,KAHZOJ__ligand4381-0
93,KAHZOJ__ligand14530-0
94,KAHZOJ__ligand2629-0
95,KAHZOJ__ligand3734-0
96,KAHZOJ__ligand73-0
97,KAHZOJ__ligand1706-0
98,KAHZOJ__ligand633-0
99,KAHZOJ__ligand10479-0
100,KAHZOJ__ligand918-0
101,KAHZOJ__ligand532-0
102,KAHZOJ__ligand1171-0
103,KAHZOJ__ligand34-0
104,KAHZOJ__ligand497-0
105,KAHZOJ__ligand3063-0
106,KAHZOJ__ligand838-0
107,KAHZOJ__ligand1438-0
108,KAHZOJ__ligand5801-0
109,KAHZOJ__ligand166-0
110,KAHZOJ__ligand10114-0
111,KAHZOJ__ligand95-0
112,KAHZOJ__ligand436-0
113,KAHZOJ__ligand1459-0
114,KAHZOJ__ligand1544-0
115,KAHZOJ__ligand142-0
116,KAHZOJ__ligand206-0
117,KAHZOJ__ligand553-0
118,KAHZOJ__ligand1-0
119,KAHZOJ__ligand283-0
120,KAHZOJ__ligand1685-0
121,KAHZOJ__ligand821-0
122,KAHZOJ__ligand3757-0
123,KAHZOJ__ligand55-0
124,KAHZOJ__ligand326-0
125,KAHZOJ__ligand2087-0
126,KAHZOJ__ligand1048-0
127,KAHZOJ__ligand9244-0
128,KAHZOJ__ligand1228-0
129,KAHZOJ__ligand29-0
130,KAHZOJ__ligand91-0
131,KAHZOJ__ligand51-0
132,KAHZOJ__ligand1538-0
133,KAHZOJ__ligand1114-0
134,KAHZOJ__ligand3246-0
135,KAHZOJ__ligand162-0
136,KAHZOJ__ligand1148-0
137,KAHZOJ__ligand226-0
138,KAHZOJ__ligand383-0
139,KAHZOJ__ligand48-0
140,KAHZOJ__ligand1479-0
141,KAHZOJ__ligand6332-0
142,KAHZOJ__ligand509-0
143,KAHZOJ__ligand3178-0
144,KAHZOJ__ligand2863-0
145,KAHZOJ__ligand2098-0
146,KAHZOJ__ligand6502-0
147,KAHZOJ__ligand6686-0
148,KAHZOJ__ligand1747-0
149,KAHZOJ__ligand7915-0
150,KAHZOJ__ligand5548-0
151,KAHZOJ__ligand32-0
152,KAHZOJ__ligand118-0
153,KAHZOJ__ligand670-0
154,KAHZOJ__ligand3145-0
155,KAHZOJ__ligand571-0
156,KAHZOJ__ligand2751-0
157,KAHZOJ__ligand365-0
158,KAHZOJ__ligand278-0
159,KAHZOJ__ligand669-0
160,KAHZOJ__ligand1542-0
161,KAHZOJ__ligand2634-0
162,KAHZOJ__ligand430-0
163,KAHZOJ__ligand358-0
164,KAHZOJ__ligand3041-0
165,KAHZOJ__ligand3251-0
166,KAHZOJ__ligand311-0
167,KAHZOJ__ligand4619-0
168,KAHZOJ__ligand6143-0
169,KAHZOJ__ligand5235-0
170,KAHZOJ__ligand62-0
171,KAHZOJ__ligand2718-0
172,KAHZOJ__ligand3070-0
173,KAHZOJ__ligand3035-0
174,KAHZOJ__ligand369-0
175,KAHZOJ__ligand444-0
176,KAHZOJ__ligand1493-0
177,KAHZOJ__ligand188-0
178,KAHZOJ__ligand9176-0
179,KAHZOJ__ligand460-0
180,KAHZOJ__ligand3478-0
181,KAHZOJ__ligand86-0
182,KAHZOJ__ligand3852-0
183,KAHZOJ__ligand5758-0
184,KAHZOJ__ligand250-0
185,KAHZOJ__ligand7456-0
186,KAHZOJ__ligand1818-0
187,KAHZOJ__ligand370-0
188,KAHZOJ__ligand4423-0
189,KAHZOJ__ligand1907-0
190,KAHZOJ__ligand193-0
191,KAHZOJ__ligand3890-0
192,KAHZOJ__ligand830-0
193,KAHZOJ__ligand7630-0
194,KAHZOJ__ligand252-0
195,KAHZOJ__ligand1285-0
196,KAHZOJ__ligand955-0
197,KAHZOJ__ligand1555-0
198,KAHZOJ__ligand7550-0
199,KAHZOJ__ligand18-0
200,KAHZOJ__ligand934-0
201,KAHZOJ__ligand177-0
202,KAHZOJ__ligand1160-0
203,KAHZOJ__ligand2253-0
204,KAHZOJ__ligand2954-0
205,KAHZOJ__ligand5093-0
206,KAHZOJ__ligand909-0
207,KAHZOJ__ligand2762-0
208,KAHZOJ__ligand851-0
209,KAHZOJ__ligand1038-0
210,KAHZOJ__ligand4012-0
211,KAHZOJ__ligand3196-0
212,KAHZOJ__ligand136-0
213,KAHZOJ__ligand868-0
214,KAHZOJ__ligand442-0
215,KAHZOJ__ligand352-0
216,KAHZOJ__ligand783-0
217,KAHZOJ__ligand21-0
218,KAHZOJ__ligand2915-0
219,KAHZOJ__ligand2707-0
220,KAHZOJ__ligand40-0
221,KAHZOJ__ligand197-0
222,KAHZOJ__ligand1690-0
223,KAHZOJ__ligand296-0
224,KAHZOJ__ligand112-0
225,KAHZOJ__ligand1551-0
226,KAHZOJ__ligand2526-0
227,KAHZOJ__ligand38-0
228,KAHZOJ__ligand584-0
229,KAHZOJ__ligand916-0
230,KAHZOJ__ligand4370-0
231,KAHZOJ__ligand421-0
232,KAHZOJ__ligand798-0
233,KAHZOJ__ligand331-0
234,KAHZOJ__ligand1436-0
235,KAHZOJ__ligand294-0
236,KAHZOJ__ligand2618-0
237,KAHZOJ__ligand3618-0
238,KAHZOJ__ligand993-0
239,KAHZOJ__ligand66-0
240,KAHZOJ__ligand4175-0
241,KAHZOJ__ligand560-0
242,KAHZOJ__ligand2255-0
243,KAHZOJ__ligand525-0
244,KAHZOJ__ligand109-0
245,KAHZOJ__ligand932-0
246,KAHZOJ__ligand134-0
247,KAHZOJ__ligand235-0
248,KAHZOJ__ligand1918-0
249,KAHZOJ__ligand390-0
250,KAHZOJ__ligand682-0
251,KAHZOJ__ligand3566-0
252,KAHZOJ__ligand1178-0
253,KAHZOJ__ligand78-0
254,KAHZOJ__ligand1321-0
255,KAHZOJ__ligand85-0
256,KAHZOJ__ligand45-0
257,KAHZOJ__ligand1788-0
258,KAHZOJ__ligand487-0
259,KAHZOJ__ligand522-0
260,KAHZOJ__ligand1260-0
261,KAHZOJ__ligand4894-0
262,KAHZOJ__ligand666-0
263,KAHZOJ__ligand9620-0
264,KAHZOJ__ligand8-0
265,KAHZOJ__ligand133-0
266,KAHZOJ__ligand4811-0
267,KAHZOJ__ligand1449-1
268,KAHZOJ__ligand447-0
269,KAHZOJ__ligand7514-0
270,KAHZOJ__ligand3337-0
271,KAHZOJ__ligand1307-0
272,KAHZOJ__ligand355-0
273,KAHZOJ__ligand784-0
274,KAHZOJ__ligand485-0
275,KAHZOJ__ligand6166-0
276,KAHZOJ__ligand1246-0
277,KAHZOJ__ligand291-0
278,KAHZOJ__ligand5089-0
279,KAHZOJ__ligand2599-0
280,KAHZOJ__ligand115-0
281,KAHZOJ__ligand2853-0
282,KAHZOJ__ligand3853-0
283,KAHZOJ__ligand1858-0
284,KAHZOJ__ligand8032-0
285,KAHZOJ__ligand2480-0
286,KAHZOJ__ligand4504-0
287,KAHZOJ__ligand3051-0
288,KAHZOJ__ligand1898-0
289,KAHZOJ__ligand2315-0
290,KAHZOJ__ligand210-0
291,KAHZOJ__ligand5334-0
292,KAHZOJ__ligand2389-0
293,KAHZOJ__ligand391-0
294,KAHZOJ__ligand170-0
295,KAHZOJ__ligand1919-0
296,KAHZOJ__ligand3579-0
297,KAHZOJ__ligand2916-0
298,KAHZOJ__ligand2110-0
299,KAHZOJ__ligand481-0
300,KAHZOJ__ligand67-0
301,KAHZOJ__ligand1712-0
302,KAHZOJ__ligand314-0
303,KAHZOJ__ligand1221-0
304,KAHZOJ__ligand1264-0
305,KAHZOJ__ligand6430-0
306,KAHZOJ__ligand1299-0
307,KAHZOJ__ligand353-0
308,KAHZOJ__ligand1379-0
309,KAHZOJ__ligand2376-0
310,KAHZOJ__ligand236-0
311,KAHZOJ__ligand2929-0
312,KAHZOJ__ligand422-0
313,KAHZOJ__ligand6571-0
314,KAHZOJ__ligand2482-0
315,KAHZOJ__ligand1325-0
316,KAHZOJ__ligand113-0
317,KAHZOJ__ligand11730-0
318,KAHZOJ__ligand1104-0
319,KAHZOJ__ligand7414-0
320,KAHZOJ__ligand502-0
321,KAHZOJ__ligand5762-0
322,KAHZOJ__ligand196-0
323,KAHZOJ__ligand2442-0
324,KAHZOJ__ligand1019-0
