,TMC
0,ARAZUO__ligand5089-0
1,ARAZUO__ligand2599-0
2,ARAZUO__ligand49-0
3,ARAZUO__ligand2853-0
4,ARAZUO__ligand112-0
5,ARAZUO__ligand3853-0
6,ARAZUO__ligand197-0
7,ARAZUO__ligand89-0
8,ARAZUO__ligand296-0
9,ARAZUO__ligand6166-0
10,ARAZUO__ligand1246-0
11,ARAZUO__ligand352-0
12,ARAZUO__ligand783-0
13,ARAZUO__ligand868-0
14,ARAZUO__ligand442-0
15,ARAZUO__ligand136-0
16,ARAZUO__ligand1307-0
17,ARAZUO__ligand1449-1
18,ARAZUO__ligand4811-0
19,ARAZUO__ligand390-0
20,ARAZUO__ligand134-0
21,ARAZUO__ligand932-0
22,ARAZUO__ligand7514-0
23,ARAZUO__ligand92-0
24,ARAZUO__ligand235-0
25,ARAZUO__ligand3337-0
26,ARAZUO__ligand525-0
27,ARAZUO__ligand560-0
28,ARAZUO__ligand17-0
29,ARAZUO__ligand109-0
30,ARAZUO__ligand9620-0
31,ARAZUO__ligand4894-0
32,ARAZUO__ligand1260-0
33,ARAZUO__ligand1788-0
34,ARAZUO__ligand294-0
35,ARAZUO__ligand993-0
36,ARAZUO__ligand331-0
37,ARAZUO__ligand798-0
38,ARAZUO__ligand1178-0
39,ARAZUO__ligand421-0
40,ARAZUO__ligand3566-0
41,ARAZUO__ligand1321-0
42,ARAZUO__ligand584-0
43,ARAZUO__ligand916-0
44,ARAZUO__ligand370-0
45,ARAZUO__ligand1104-0
46,ARAZUO__ligand7414-0
47,ARAZUO__ligand5762-0
48,ARAZUO__ligand1019-0
49,ARAZUO__ligand2442-0
50,ARAZUO__ligand2482-0
51,ARAZUO__ligand1325-0
52,ARAZUO__ligand250-0
53,ARAZUO__ligand6571-0
54,ARAZUO__ligand460-0
55,ARAZUO__ligand188-0
56,ARAZUO__ligand2376-0
57,ARAZUO__ligand3-0
58,ARAZUO__ligand2929-0
59,ARAZUO__ligand444-0
60,ARAZUO__ligand369-0
61,ARAZUO__ligand1299-0
62,ARAZUO__ligand6430-0
63,ARAZUO__ligand311-0
64,ARAZUO__ligand1264-0
65,ARAZUO__ligand1221-0
66,ARAZUO__ligand1379-0
67,ARAZUO__ligand851-0
68,ARAZUO__ligand2110-0
69,ARAZUO__ligand2916-0
70,ARAZUO__ligand3579-0
71,ARAZUO__ligand1712-0
72,ARAZUO__ligand909-0
73,ARAZUO__ligand11-0
74,ARAZUO__ligand934-0
75,ARAZUO__ligand177-0
76,ARAZUO__ligand2389-0
77,ARAZUO__ligand1-0
78,ARAZUO__ligand1919-0
79,ARAZUO__ligand2315-0
80,ARAZUO__ligand252-0
81,ARAZUO__ligand1898-0
82,ARAZUO__ligand2480-0
83,ARAZUO__ligand955-0
84,ARAZUO__ligand3051-0
85,ARAZUO__ligand4504-0
86,ARAZUO__ligand5334-0
87,ARAZUO__ligand830-0
88,ARAZUO__ligand8032-0
89,ARAZUO__ligand193-0
90,ARAZUO__ligand1858-0
91,ARAZUO__ligand481-0
92,ARAZUO__ligand5093-0
93,ARAZUO__ligand2954-0
94,ARAZUO__ligand314-0
95,ARAZUO__ligand1160-0
96,ARAZUO__ligand2253-0
97,ARAZUO__ligand1038-0
98,ARAZUO__ligand2762-0
99,ARAZUO__ligand170-0
100,ARAZUO__ligand6-0
101,ARAZUO__ligand7550-0
102,ARAZUO__ligand391-0
103,ARAZUO__ligand210-0
104,ARAZUO__ligand7630-0
105,ARAZUO__ligand1555-0
106,ARAZUO__ligand11730-0
107,ARAZUO__ligand1285-0
108,ARAZUO__ligand1907-0
109,ARAZUO__ligand4423-0
110,ARAZUO__ligand32-0
111,ARAZUO__ligand3890-0
112,ARAZUO__ligand7456-0
113,ARAZUO__ligand196-0
114,ARAZUO__ligand502-0
115,ARAZUO__ligand1818-0
116,ARAZUO__ligand48-0
117,ARAZUO__ligand3852-0
118,ARAZUO__ligand113-0
119,ARAZUO__ligand3478-0
120,ARAZUO__ligand422-0
121,ARAZUO__ligand5758-0
122,ARAZUO__ligand91-0
123,ARAZUO__ligand4-0
124,ARAZUO__ligand1493-0
125,ARAZUO__ligand236-0
126,ARAZUO__ligand3035-0
127,ARAZUO__ligand3070-0
128,ARAZUO__ligand29-0
129,ARAZUO__ligand2718-0
130,ARAZUO__ligand9176-0
131,ARAZUO__ligand3251-0
132,ARAZUO__ligand353-0
133,ARAZUO__ligand6143-0
134,ARAZUO__ligand5235-0
135,ARAZUO__ligand51-0
136,ARAZUO__ligand4619-0
137,ARAZUO__ligand1918-0
138,ARAZUO__ligand447-0
139,ARAZUO__ligand133-0
140,ARAZUO__ligand95-0
141,ARAZUO__ligand4175-0
142,ARAZUO__ligand522-0
143,ARAZUO__ligand666-0
144,ARAZUO__ligand55-0
145,ARAZUO__ligand487-0
146,ARAZUO__ligand2255-0
147,ARAZUO__ligand1436-0
148,ARAZUO__ligand34-0
149,ARAZUO__ligand2618-0
150,ARAZUO__ligand3618-0
151,ARAZUO__ligand4370-0
152,ARAZUO__ligand682-0
153,ARAZUO__ligand2526-0
154,ARAZUO__ligand1551-0
155,ARAZUO__ligand115-0
156,ARAZUO__ligand291-0
157,ARAZUO__ligand2707-0
158,ARAZUO__ligand73-0
159,ARAZUO__ligand1690-0
160,ARAZUO__ligand57-0
161,ARAZUO__ligand355-0
162,ARAZUO__ligand784-0
163,ARAZUO__ligand485-0
164,ARAZUO__ligand2915-0
165,ARAZUO__ligand3196-0
166,ARAZUO__ligand4012-0
167,ARAZUO__ligand1685-0
168,ARAZUO__ligand321-0
169,ARAZUO__ligand1048-0
170,ARAZUO__ligand279-0
171,ARAZUO__ligand2087-0
172,ARAZUO__ligand178-0
173,ARAZUO__ligand66-0
174,ARAZUO__ligand3757-0
175,ARAZUO__ligand100-0
176,ARAZUO__ligand1459-0
177,ARAZUO__ligand201-0
178,ARAZUO__ligand244-0
179,ARAZUO__ligand1544-0
180,ARAZUO__ligand1438-0
181,ARAZUO__ligand3063-0
182,ARAZUO__ligand124-0
183,ARAZUO__ligand5801-0
184,ARAZUO__ligand1171-0
185,ARAZUO__ligand119-0
186,ARAZUO__ligand2629-0
187,ARAZUO__ligand4381-0
188,ARAZUO__ligand1706-0
189,ARAZUO__ligand40-0
190,ARAZUO__ligand3734-0
191,ARAZUO__ligand126-0
192,ARAZUO__ligand38-0
193,ARAZUO__ligand2768-0
194,ARAZUO__ligand596-0
195,ARAZUO__ligand1376-0
196,ARAZUO__ligand2259-0
197,ARAZUO__ligand2688-0
198,ARAZUO__ligand366-0
199,ARAZUO__ligand1951-0
200,ARAZUO__ligand1687-0
201,ARAZUO__ligand861-0
202,ARAZUO__ligand21-0
203,ARAZUO__ligand612-0
204,ARAZUO__ligand6277-0
205,ARAZUO__ligand187-0
206,ARAZUO__ligand1542-0
207,ARAZUO__ligand2634-0
208,ARAZUO__ligand18-0
209,ARAZUO__ligand3041-0
210,ARAZUO__ligand8-0
211,ARAZUO__ligand2751-0
212,ARAZUO__ligand5548-0
213,ARAZUO__ligand7915-0
214,ARAZUO__ligand1747-0
215,ARAZUO__ligand6686-0
216,ARAZUO__ligand797-0
217,ARAZUO__ligand15630-0
218,ARAZUO__ligand10357-0
219,ARAZUO__ligand3145-0
220,ARAZUO__ligand3178-0
221,ARAZUO__ligand757-0
222,ARAZUO__ligand6332-0
223,ARAZUO__ligand6502-0
224,ARAZUO__ligand2098-0
225,ARAZUO__ligand2863-0
226,ARAZUO__ligand1148-0
227,ARAZUO__ligand384-0
228,ARAZUO__ligand1479-0
229,ARAZUO__ligand120-0
230,ARAZUO__ligand86-0
231,ARAZUO__ligand3246-0
232,ARAZUO__ligand62-0
233,ARAZUO__ligand1114-0
234,ARAZUO__ligand1538-0
235,ARAZUO__ligand1228-0
236,ARAZUO__ligand9244-0
237,ARAZUO__ligand240-0
238,ARAZUO__ligand141-0
239,ARAZUO__ligand383-0
240,ARAZUO__ligand162-0
241,ARAZUO__ligand1052-0
242,ARAZUO__ligand226-0
243,ARAZUO__ligand1273-0
244,ARAZUO__ligand9027-0
245,ARAZUO__ligand2265-0
246,ARAZUO__ligand1113-0
247,ARAZUO__ligand6396-0
248,ARAZUO__ligand1502-0
249,ARAZUO__ligand1835-0
250,ARAZUO__ligand2794-0
251,ARAZUO__ligand2345-0
252,ARAZUO__ligand4983-0
253,ARAZUO__ligand358-0
254,ARAZUO__ligand1169-0
255,ARAZUO__ligand430-0
256,ARAZUO__ligand5022-0
257,ARAZUO__ligand669-0
258,ARAZUO__ligand278-0
259,ARAZUO__ligand2880-0
260,ARAZUO__ligand5941-0
261,ARAZUO__ligand3838-0
262,ARAZUO__ligand1799-0
263,ARAZUO__ligand2838-0
264,ARAZUO__ligand67-0
265,ARAZUO__ligand365-0
266,ARAZUO__ligand2772-0
267,ARAZUO__ligand6151-0
268,ARAZUO__ligand670-0
269,ARAZUO__ligand118-0
270,ARAZUO__ligand9495-0
271,ARAZUO__ligand571-0
272,ARAZUO__ligand6538-0
273,ARAZUO__ligand2142-0
274,ARAZUO__ligand509-0
275,ARAZUO__ligand2864-0
276,ARAZUO__ligand10479-0
277,ARAZUO__ligand7464-0
278,ARAZUO__ligand575-0
279,ARAZUO__ligand6294-0
280,ARAZUO__ligand927-0
281,ARAZUO__ligand199-0
282,ARAZUO__ligand1054-0
283,ARAZUO__ligand1598-0
284,ARAZUO__ligand4303-0
285,ARAZUO__ligand1248-0
286,ARAZUO__ligand10114-0
287,ARAZUO__ligand140-0
288,ARAZUO__ligand105-0
289,ARAZUO__ligand8774-0
290,ARAZUO__ligand3637-0
291,ARAZUO__ligand324-0
292,ARAZUO__ligand361-0
293,ARAZUO__ligand409-0
294,ARAZUO__ligand821-0
295,ARAZUO__ligand326-0
296,ARAZUO__ligand1152-0
297,ARAZUO__ligand553-0
298,ARAZUO__ligand1727-0
299,ARAZUO__ligand283-0
300,ARAZUO__ligand142-0
301,ARAZUO__ligand10910-0
302,ARAZUO__ligand206-0
303,ARAZUO__ligand1607-0
304,ARAZUO__ligand436-0
305,ARAZUO__ligand1056-0
306,ARAZUO__ligand85-0
307,ARAZUO__ligand2320-0
308,ARAZUO__ligand166-0
309,ARAZUO__ligand2862-0
310,ARAZUO__ligand78-0
311,ARAZUO__ligand8921-0
312,ARAZUO__ligand838-0
313,ARAZUO__ligand1567-0
314,ARAZUO__ligand2285-0
315,ARAZUO__ligand2510-0
316,ARAZUO__ligand14530-0
317,ARAZUO__ligand2907-0
318,ARAZUO__ligand497-0
319,ARAZUO__ligand918-0
320,ARAZUO__ligand45-0
321,ARAZUO__ligand633-0
322,ARAZUO__ligand2430-0
323,ARAZUO__ligand1703-0
324,ARAZUO__ligand532-0
