,TMC
0,XUCXIC__ligand30988-0
1,XUCXIC__ligand27175-0
2,XUCXIC__ligand18832-0
3,XUCXIC__ligand3234-0
4,XUCXIC__ligand1142-0
5,XUCXIC__ligand23713-0
6,XUCXIC__ligand696-0
7,XUCXIC__ligand20578-0
8,XUCXIC__ligand12934-0
9,XUCXIC__ligand15422-0
10,XUCXIC__ligand19641-0
11,XUCXIC__ligand14723-0
12,XUCXIC__ligand8835-0
13,XUCXIC__ligand2028-0
14,XUCXIC__ligand7126-0
15,XUCXIC__ligand27893-0
16,XUCXIC__ligand31783-0
17,XUCXIC__ligand656-0
18,XUCXIC__ligand4641-0
19,XUCXIC__ligand32-0
20,XUCXIC__ligand17631-0
21,XUCXIC__ligand13012-0
22,XUCXIC__ligand26665-0
23,XUCXIC__ligand14603-0
24,XUCXIC__ligand14297-0
25,XUCXIC__ligand17258-0
26,XUCXIC__ligand12606-0
27,XUCXIC__ligand16-0
28,XUCXIC__ligand4620-0
29,XUCXIC__ligand30333-0
30,XUCXIC__ligand6067-0
31,XUCXIC__ligand26540-0
32,XUCXIC__ligand1577-0
33,XUCXIC__ligand2295-0
34,XUCXIC__ligand12337-0
35,XUCXIC__ligand29410-0
36,XUCXIC__ligand30296-0
37,XUCXIC__ligand17281-0
38,XUCXIC__ligand416-0
39,XUCXIC__ligand16628-0
40,XUCXIC__ligand383-0
41,XUCXIC__ligand12427-0
42,XUCXIC__ligand7819-0
43,XUCXIC__ligand20740-0
44,XUCXIC__ligand28468-0
45,XUCXIC__ligand2917-0
46,XUCXIC__ligand27460-0
47,XUCXIC__ligand6102-0
48,XUCXIC__ligand6596-0
49,XUCXIC__ligand6904-0
50,XUCXIC__ligand3721-0
51,XUCXIC__ligand162-0
52,XUCXIC__ligand3465-0
53,XUCXIC__ligand226-0
54,XUCXIC__ligand2915-0
55,XUCXIC__ligand3156-0
56,XUCXIC__ligand13425-0
57,XUCXIC__ligand29302-0
58,XUCXIC__ligand18814-0
59,XUCXIC__ligand19057-0
60,XUCXIC__ligand28676-0
61,XUCXIC__ligand10262-0
62,XUCXIC__ligand27763-0
63,XUCXIC__ligand6244-0
64,XUCXIC__ligand1378-0
65,XUCXIC__ligand91-0
66,XUCXIC__ligand10958-0
67,XUCXIC__ligand670-0
68,XUCXIC__ligand2332-0
69,XUCXIC__ligand12641-0
70,XUCXIC__ligand51-0
71,XUCXIC__ligand9441-0
72,XUCXIC__ligand571-0
73,XUCXIC__ligand534-0
74,XUCXIC__ligand1631-0
75,XUCXIC__ligand9933-0
76,XUCXIC__ligand1575-0
77,XUCXIC__ligand1530-0
78,XUCXIC__ligand14108-0
79,XUCXIC__ligand17805-0
80,XUCXIC__ligand1823-0
81,XUCXIC__ligand5643-0
82,XUCXIC__ligand17302-0
83,XUCXIC__ligand8721-0
84,XUCXIC__ligand1324-0
85,XUCXIC__ligand25178-0
86,XUCXIC__ligand9111-0
87,XUCXIC__ligand9952-0
88,XUCXIC__ligand1615-0
89,XUCXIC__ligand24185-0
90,XUCXIC__ligand5036-0
91,XUCXIC__ligand2526-0
92,XUCXIC__ligand23769-0
93,XUCXIC__ligand430-0
94,XUCXIC__ligand8992-0
95,XUCXIC__ligand10476-0
96,XUCXIC__ligand358-0
97,XUCXIC__ligand13068-0
98,XUCXIC__ligand19830-0
99,XUCXIC__ligand9601-0
100,XUCXIC__ligand12401-0
101,XUCXIC__ligand15585-0
102,XUCXIC__ligand488-0
103,XUCXIC__ligand24145-0
104,XUCXIC__ligand7967-0
105,XUCXIC__ligand6124-0
106,XUCXIC__ligand3707-0
107,XUCXIC__ligand12231-0
108,XUCXIC__ligand18292-0
109,XUCXIC__ligand48-0
110,XUCXIC__ligand12289-0
111,XUCXIC__ligand26702-0
112,XUCXIC__ligand13658-0
113,XUCXIC__ligand4116-0
114,XUCXIC__ligand694-0
115,XUCXIC__ligand1018-0
116,XUCXIC__ligand12130-0
117,XUCXIC__ligand17387-0
118,XUCXIC__ligand1285-0
119,XUCXIC__ligand409-0
120,XUCXIC__ligand324-0
121,XUCXIC__ligand361-0
122,XUCXIC__ligand1982-0
123,XUCXIC__ligand3-0
124,XUCXIC__ligand7000-0
125,XUCXIC__ligand8115-0
126,XUCXIC__ligand6768-0
127,XUCXIC__ligand13208-0
128,XUCXIC__ligand4546-0
129,XUCXIC__ligand4503-0
130,XUCXIC__ligand34-0
131,XUCXIC__ligand26810-0
132,XUCXIC__ligand27482-0
133,XUCXIC__ligand20682-0
134,XUCXIC__ligand4157-0
135,XUCXIC__ligand5256-0
136,XUCXIC__ligand9833-0
137,XUCXIC__ligand7648-0
138,XUCXIC__ligand8876-0
139,XUCXIC__ligand2828-0
140,XUCXIC__ligand9291-0
141,XUCXIC__ligand2176-0
142,XUCXIC__ligand13390-0
143,XUCXIC__ligand2232-0
144,XUCXIC__ligand7629-0
145,XUCXIC__ligand4272-0
146,XUCXIC__ligand1451-0
147,XUCXIC__ligand9784-0
148,XUCXIC__ligand68-0
149,XUCXIC__ligand25411-0
150,XUCXIC__ligand199-0
151,XUCXIC__ligand8699-0
152,XUCXIC__ligand1160-0
153,XUCXIC__ligand9520-0
154,XUCXIC__ligand11456-0
155,XUCXIC__ligand3954-0
156,XUCXIC__ligand4093-0
157,XUCXIC__ligand4442-0
158,XUCXIC__ligand14174-0
159,XUCXIC__ligand10712-0
160,XUCXIC__ligand28884-0
161,XUCXIC__ligand13331-0
162,XUCXIC__ligand6709-0
163,XUCXIC__ligand1219-0
164,XUCXIC__ligand7867-0
165,XUCXIC__ligand12030-0
166,XUCXIC__ligand300-0
167,XUCXIC__ligand14248-0
168,XUCXIC__ligand4016-0
169,XUCXIC__ligand29879-0
170,XUCXIC__ligand31832-0
171,XUCXIC__ligand55-0
172,XUCXIC__ligand7238-0
173,XUCXIC__ligand13294-0
174,XUCXIC__ligand1304-0
175,XUCXIC__ligand1790-0
176,XUCXIC__ligand588-0
177,XUCXIC__ligand7280-0
178,XUCXIC__ligand3504-0
179,XUCXIC__ligand1959-0
180,XUCXIC__ligand1573-0
181,XUCXIC__ligand1536-0
182,XUCXIC__ligand20011-0
183,XUCXIC__ligand17278-0
184,XUCXIC__ligand17982-0
185,XUCXIC__ligand29414-0
186,XUCXIC__ligand9935-0
187,XUCXIC__ligand497-0
188,XUCXIC__ligand20598-0
189,XUCXIC__ligand3718-0
190,XUCXIC__ligand633-0
191,XUCXIC__ligand11675-0
192,XUCXIC__ligand6616-0
193,XUCXIC__ligand24047-0
194,XUCXIC__ligand3035-0
195,XUCXIC__ligand1343-0
196,XUCXIC__ligand3876-0
197,XUCXIC__ligand22557-0
198,XUCXIC__ligand10589-0
199,XUCXIC__ligand57-0
200,XUCXIC__ligand4661-0
201,XUCXIC__ligand1844-0
202,XUCXIC__ligand17398-0
203,XUCXIC__ligand7242-0
204,XUCXIC__ligand7106-0
205,XUCXIC__ligand14703-0
206,XUCXIC__ligand16475-0
207,XUCXIC__ligand20251-1
208,XUCXIC__ligand9908-0
209,XUCXIC__ligand1263-0
210,XUCXIC__ligand5211-0
211,XUCXIC__ligand21581-0
212,XUCXIC__ligand31097-0
213,XUCXIC__ligand692-0
214,XUCXIC__ligand20539-0
215,XUCXIC__ligand30702-0
216,XUCXIC__ligand20214-0
217,XUCXIC__ligand20251-0
218,XUCXIC__ligand4155-0
219,XUCXIC__ligand3094-0
220,XUCXIC__ligand4720-0
221,XUCXIC__ligand436-0
222,XUCXIC__ligand8969-0
223,XUCXIC__ligand3131-0
224,XUCXIC__ligand3937-0
225,XUCXIC__ligand1202-0
226,XUCXIC__ligand3174-0
227,XUCXIC__ligand14117-0
228,XUCXIC__ligand6839-0
229,XUCXIC__ligand17261-0
230,XUCXIC__ligand1-0
231,XUCXIC__ligand1512-0
232,XUCXIC__ligand28789-0
233,XUCXIC__ligand5331-0
234,XUCXIC__ligand20419-0
235,XUCXIC__ligand326-0
236,XUCXIC__ligand21371-0
237,XUCXIC__ligand3565-0
238,XUCXIC__ligand17118-0
239,XUCXIC__ligand14889-0
240,XUCXIC__ligand30851-0
241,XUCXIC__ligand29568-0
242,XUCXIC__ligand3852-0
243,XUCXIC__ligand2485-0
244,XUCXIC__ligand6919-0
245,XUCXIC__ligand4850-0
246,XUCXIC__ligand5056-0
247,XUCXIC__ligand18703-0
248,XUCXIC__ligand29087-0
249,XUCXIC__ligand1688-0
250,XUCXIC__ligand3647-0
251,XUCXIC__ligand5357-0
252,XUCXIC__ligand3871-0
253,XUCXIC__ligand1469-0
254,XUCXIC__ligand15438-0
255,XUCXIC__ligand28924-0
256,XUCXIC__ligand1768-0
257,XUCXIC__ligand5935-0
258,XUCXIC__ligand1379-0
259,XUCXIC__ligand2722-0
260,XUCXIC__ligand24750-0
261,XUCXIC__ligand3157-0
262,XUCXIC__ligand31578-0
263,XUCXIC__ligand17207-0
264,XUCXIC__ligand18013-0
265,XUCXIC__ligand25224-0
266,XUCXIC__ligand338-0
267,XUCXIC__ligand1165-0
268,XUCXIC__ligand9525-0
269,XUCXIC__ligand17945-0
270,XUCXIC__ligand3392-0
271,XUCXIC__ligand49-0
272,XUCXIC__ligand1771-0
273,XUCXIC__ligand4911-0
274,XUCXIC__ligand201-0
275,XUCXIC__ligand11432-0
276,XUCXIC__ligand31618-0
277,XUCXIC__ligand10432-0
278,XUCXIC__ligand5849-0
279,XUCXIC__ligand22755-0
280,XUCXIC__ligand29898-0
281,XUCXIC__ligand26277-0
282,XUCXIC__ligand15168-0
283,XUCXIC__ligand2527-0
284,XUCXIC__ligand321-0
285,XUCXIC__ligand8464-0
286,XUCXIC__ligand23589-0
287,XUCXIC__ligand1709-0
288,XUCXIC__ligand185-0
289,XUCXIC__ligand279-0
290,XUCXIC__ligand8349-0
291,XUCXIC__ligand178-0
292,XUCXIC__ligand24064-0
293,XUCXIC__ligand89-0
294,XUCXIC__ligand2208-0
295,XUCXIC__ligand366-0
296,XUCXIC__ligand3208-0
297,XUCXIC__ligand19725-0
298,XUCXIC__ligand4-0
299,XUCXIC__ligand24613-0
300,XUCXIC__ligand9809-0
301,XUCXIC__ligand6672-0
302,XUCXIC__ligand1327-0
303,XUCXIC__ligand8722-0
304,XUCXIC__ligand657-0
305,XUCXIC__ligand31483-0
306,XUCXIC__ligand3350-0
307,XUCXIC__ligand7573-0
308,XUCXIC__ligand2781-0
309,XUCXIC__ligand10555-0
310,XUCXIC__ligand187-0
311,XUCXIC__ligand2328-0
312,XUCXIC__ligand20579-0
313,XUCXIC__ligand17710-0
314,XUCXIC__ligand1773-0
315,XUCXIC__ligand11568-0
316,XUCXIC__ligand4581-0
317,XUCXIC__ligand941-0
318,XUCXIC__ligand3029-0
319,XUCXIC__ligand596-0
320,XUCXIC__ligand7162-0
321,XUCXIC__ligand777-0
322,XUCXIC__ligand14586-0
323,XUCXIC__ligand11774-0
324,XUCXIC__ligand21421-0
325,XUCXIC__ligand1900-0
326,XUCXIC__ligand9197-0
327,XUCXIC__ligand126-0
328,XUCXIC__ligand163-0
329,XUCXIC__ligand18699-0
330,XUCXIC__ligand12682-0
331,XUCXIC__ligand4131-0
332,XUCXIC__ligand1712-0
333,XUCXIC__ligand17590-0
334,XUCXIC__ligand17240-0
335,XUCXIC__ligand5094-0
336,XUCXIC__ligand5892-0
337,XUCXIC__ligand1533-0
338,XUCXIC__ligand12336-0
339,XUCXIC__ligand845-0
340,XUCXIC__ligand13072-0
341,XUCXIC__ligand17-0
342,XUCXIC__ligand1496-0
343,XUCXIC__ligand7557-0
344,XUCXIC__ligand757-0
345,XUCXIC__ligand12467-0
346,XUCXIC__ligand10084-0
347,XUCXIC__ligand25267-0
348,XUCXIC__ligand3215-0
349,XUCXIC__ligand23904-0
350,XUCXIC__ligand7107-0
351,XUCXIC__ligand21936-0
352,XUCXIC__ligand122-0
353,XUCXIC__ligand13257-0
354,XUCXIC__ligand20599-0
355,XUCXIC__ligand6283-0
356,XUCXIC__ligand22981-0
357,XUCXIC__ligand25805-0
358,XUCXIC__ligand27074-0
359,XUCXIC__ligand4813-0
360,XUCXIC__ligand5813-0
361,XUCXIC__ligand18391-0
362,XUCXIC__ligand27169-0
363,XUCXIC__ligand4738-0
364,XUCXIC__ligand14523-0
365,XUCXIC__ligand6062-0
366,XUCXIC__ligand28668-0
367,XUCXIC__ligand7532-0
368,XUCXIC__ligand4194-0
369,XUCXIC__ligand16791-0
370,XUCXIC__ligand2599-0
371,XUCXIC__ligand18799-0
372,XUCXIC__ligand4330-0
373,XUCXIC__ligand18465-0
374,XUCXIC__ligand18074-0
375,XUCXIC__ligand13869-0
376,XUCXIC__ligand1147-0
377,XUCXIC__ligand29863-0
378,XUCXIC__ligand3973-0
379,XUCXIC__ligand11140-0
380,XUCXIC__ligand2068-0
381,XUCXIC__ligand7925-0
382,XUCXIC__ligand29610-0
383,XUCXIC__ligand693-0
384,XUCXIC__ligand3934-0
385,XUCXIC__ligand6882-0
386,XUCXIC__ligand6455-0
387,XUCXIC__ligand2403-0
388,XUCXIC__ligand23124-0
389,XUCXIC__ligand11206-0
390,XUCXIC__ligand240-0
391,XUCXIC__ligand25735-0
392,XUCXIC__ligand12519-0
393,XUCXIC__ligand141-0
394,XUCXIC__ligand1449-0
395,XUCXIC__ligand3012-0
396,XUCXIC__ligand19257-0
397,XUCXIC__ligand13209-0
398,XUCXIC__ligand12660-0
399,XUCXIC__ligand1065-0
400,XUCXIC__ligand7530-0
401,XUCXIC__ligand9681-0
402,XUCXIC__ligand4332-0
403,XUCXIC__ligand25650-0
404,XUCXIC__ligand31248-0
405,XUCXIC__ligand27835-0
406,XUCXIC__ligand5627-0
407,XUCXIC__ligand11-0
408,XUCXIC__ligand12295-0
409,XUCXIC__ligand1729-0
410,XUCXIC__ligand2830-0
411,XUCXIC__ligand768-0
412,XUCXIC__ligand5316-0
413,XUCXIC__ligand25689-0
414,XUCXIC__ligand21787-0
415,XUCXIC__ligand5483-0
416,XUCXIC__ligand25575-0
417,XUCXIC__ligand9148-0
418,XUCXIC__ligand384-0
419,XUCXIC__ligand30539-0
420,XUCXIC__ligand11166-0
421,XUCXIC__ligand21132-0
422,XUCXIC__ligand6946-0
423,XUCXIC__ligand1415-0
424,XUCXIC__ligand7529-0
425,XUCXIC__ligand69-0
426,XUCXIC__ligand23906-0
427,XUCXIC__ligand4063-0
428,XUCXIC__ligand7438-0
429,XUCXIC__ligand8200-0
430,XUCXIC__ligand314-1
431,XUCXIC__ligand3042-0
432,XUCXIC__ligand30004-0
433,XUCXIC__ligand20557-0
434,XUCXIC__ligand3453-0
435,XUCXIC__ligand3416-0
436,XUCXIC__ligand21940-0
437,XUCXIC__ligand4207-0
438,XUCXIC__ligand25048-0
439,XUCXIC__ligand1539-0
440,XUCXIC__ligand24953-0
441,XUCXIC__ligand23445-0
442,XUCXIC__ligand13755-0
443,XUCXIC__ligand16133-0
444,XUCXIC__ligand465-0
445,XUCXIC__ligand1150-0
446,XUCXIC__ligand20432-0
447,XUCXIC__ligand27122-0
448,XUCXIC__ligand30788-0
449,XUCXIC__ligand9491-0
450,XUCXIC__ligand13691-0
451,XUCXIC__ligand1400-0
452,XUCXIC__ligand4266-0
453,XUCXIC__ligand618-0
454,XUCXIC__ligand4167-0
455,XUCXIC__ligand14339-0
456,XUCXIC__ligand1288-0
457,XUCXIC__ligand21752-0
458,XUCXIC__ligand391-0
459,XUCXIC__ligand813-0
460,XUCXIC__ligand7075-0
461,XUCXIC__ligand18413-0
462,XUCXIC__ligand20844-0
463,XUCXIC__ligand24624-0
464,XUCXIC__ligand314-0
465,XUCXIC__ligand780-0
466,XUCXIC__ligand1149-0
467,XUCXIC__ligand18757-0
468,XUCXIC__ligand3980-0
469,XUCXIC__ligand3557-0
470,XUCXIC__ligand24560-0
471,XUCXIC__ligand6993-0
472,XUCXIC__ligand1817-0
473,XUCXIC__ligand1779-0
474,XUCXIC__ligand9750-0
475,XUCXIC__ligand353-0
476,XUCXIC__ligand1908-0
477,XUCXIC__ligand27550-0
478,XUCXIC__ligand4795-0
479,XUCXIC__ligand3285-0
480,XUCXIC__ligand14007-0
481,XUCXIC__ligand18019-1
482,XUCXIC__ligand1786-0
483,XUCXIC__ligand43-0
484,XUCXIC__ligand5630-0
485,XUCXIC__ligand1397-0
486,XUCXIC__ligand7213-0
487,XUCXIC__ligand27771-0
488,XUCXIC__ligand18158-0
489,XUCXIC__ligand1828-0
490,XUCXIC__ligand23682-0
491,XUCXIC__ligand6112-0
492,XUCXIC__ligand8042-0
493,XUCXIC__ligand29565-0
494,XUCXIC__ligand393-0
495,XUCXIC__ligand3144-0
496,XUCXIC__ligand5085-0
497,XUCXIC__ligand20942-1
498,XUCXIC__ligand21339-0
499,XUCXIC__ligand14226-0
500,XUCXIC__ligand16956-0
501,XUCXIC__ligand4710-0
502,XUCXIC__ligand5755-0
503,XUCXIC__ligand17445-0
504,XUCXIC__ligand686-0
505,XUCXIC__ligand14477-0
506,XUCXIC__ligand1849-0
507,XUCXIC__ligand17069-0
508,XUCXIC__ligand1152-0
509,XUCXIC__ligand3261-0
510,XUCXIC__ligand11798-0
511,XUCXIC__ligand5019-0
512,XUCXIC__ligand422-0
513,XUCXIC__ligand1216-0
514,XUCXIC__ligand20731-0
515,XUCXIC__ligand12413-0
516,XUCXIC__ligand29334-0
517,XUCXIC__ligand22357-0
518,XUCXIC__ligand11758-0
519,XUCXIC__ligand21448-0
520,XUCXIC__ligand5280-0
521,XUCXIC__ligand5614-0
522,XUCXIC__ligand1831-0
523,XUCXIC__ligand196-0
524,XUCXIC__ligand11501-0
525,XUCXIC__ligand11544-0
526,XUCXIC__ligand67-0
527,XUCXIC__ligand5515-0
528,XUCXIC__ligand6663-0
529,XUCXIC__ligand29214-0
530,XUCXIC__ligand1113-0
531,XUCXIC__ligand8553-0
532,XUCXIC__ligand10151-0
533,XUCXIC__ligand152-0
534,XUCXIC__ligand5201-0
535,XUCXIC__ligand2001-0
536,XUCXIC__ligand7566-0
537,XUCXIC__ligand19906-0
538,XUCXIC__ligand19668-0
539,XUCXIC__ligand506-0
540,XUCXIC__ligand9944-0
541,XUCXIC__ligand8593-0
542,XUCXIC__ligand22353-0
543,XUCXIC__ligand14347-0
544,XUCXIC__ligand13657-0
545,XUCXIC__ligand14302-0
546,XUCXIC__ligand20530-0
547,XUCXIC__ligand11698-0
548,XUCXIC__ligand6995-0
549,XUCXIC__ligand2823-0
550,XUCXIC__ligand24851-0
551,XUCXIC__ligand2650-0
552,XUCXIC__ligand2281-0
553,XUCXIC__ligand4340-0
554,XUCXIC__ligand487-0
555,XUCXIC__ligand29441-0
556,XUCXIC__ligand10853-0
557,XUCXIC__ligand27610-0
558,XUCXIC__ligand10479-0
559,XUCXIC__ligand11479-0
560,XUCXIC__ligand3180-0
561,XUCXIC__ligand29813-0
562,XUCXIC__ligand447-0
563,XUCXIC__ligand16952-0
564,XUCXIC__ligand8-0
565,XUCXIC__ligand746-0
566,XUCXIC__ligand5415-0
567,XUCXIC__ligand20121-0
568,XUCXIC__ligand15387-0
569,XUCXIC__ligand176-0
570,XUCXIC__ligand3471-0
571,XUCXIC__ligand4161-0
572,XUCXIC__ligand4124-0
573,XUCXIC__ligand20220-0
574,XUCXIC__ligand31205-0
575,XUCXIC__ligand17686-0
576,XUCXIC__ligand25658-0
577,XUCXIC__ligand395-0
578,XUCXIC__ligand368-0
579,XUCXIC__ligand2692-0
580,XUCXIC__ligand1618-0
581,XUCXIC__ligand15455-0
582,XUCXIC__ligand1028-0
583,XUCXIC__ligand78-0
584,XUCXIC__ligand11177-0
585,XUCXIC__ligand4262-0
586,XUCXIC__ligand2027-0
587,XUCXIC__ligand11622-0
588,XUCXIC__ligand1015-0
589,XUCXIC__ligand1050-0
590,XUCXIC__ligand16870-0
591,XUCXIC__ligand45-0
592,XUCXIC__ligand784-0
593,XUCXIC__ligand16603-0
594,XUCXIC__ligand11814-0
595,XUCXIC__ligand24-0
596,XUCXIC__ligand31000-0
597,XUCXIC__ligand11606-0
598,XUCXIC__ligand20821-0
599,XUCXIC__ligand833-0
600,XUCXIC__ligand8529-0
601,XUCXIC__ligand26673-0
602,XUCXIC__ligand1169-0
603,XUCXIC__ligand1154-0
604,XUCXIC__ligand19824-0
605,XUCXIC__ligand18067-0
606,XUCXIC__ligand9615-0
607,XUCXIC__ligand10582-0
608,XUCXIC__ligand13260-0
609,XUCXIC__ligand115-0
610,XUCXIC__ligand4596-0
611,XUCXIC__ligand19-0
612,XUCXIC__ligand1498-0
613,XUCXIC__ligand11252-0
614,XUCXIC__ligand26529-0
615,XUCXIC__ligand868-0
616,XUCXIC__ligand2906-0
617,XUCXIC__ligand3244-0
618,XUCXIC__ligand4711-0
619,XUCXIC__ligand5649-0
620,XUCXIC__ligand2788-0
621,XUCXIC__ligand8793-0
622,XUCXIC__ligand4649-0
623,XUCXIC__ligand11618-0
624,XUCXIC__ligand14043-0
625,XUCXIC__ligand9753-0
626,XUCXIC__ligand5530-0
627,XUCXIC__ligand28559-0
628,XUCXIC__ligand1787-0
629,XUCXIC__ligand1356-0
630,XUCXIC__ligand26324-0
631,XUCXIC__ligand5159-0
632,XUCXIC__ligand42-0
633,XUCXIC__ligand7196-0
634,XUCXIC__ligand19927-0
635,XUCXIC__ligand4807-0
636,XUCXIC__ligand783-0
637,XUCXIC__ligand352-0
638,XUCXIC__ligand21729-0
639,XUCXIC__ligand3178-0
640,XUCXIC__ligand27239-0
641,XUCXIC__ligand197-0
642,XUCXIC__ligand66-0
643,XUCXIC__ligand5180-0
644,XUCXIC__ligand29215-0
645,XUCXIC__ligand21399-0
646,XUCXIC__ligand10872-0
647,XUCXIC__ligand6017-0
648,XUCXIC__ligand5708-0
649,XUCXIC__ligand12003-0
650,XUCXIC__ligand7316-0
651,XUCXIC__ligand16148-0
652,XUCXIC__ligand26631-0
653,XUCXIC__ligand1116-0
654,XUCXIC__ligand1153-0
655,XUCXIC__ligand3225-0
656,XUCXIC__ligand2260-0
657,XUCXIC__ligand7092-0
658,XUCXIC__ligand2124-0
659,XUCXIC__ligand22403-0
660,XUCXIC__ligand8612-0
661,XUCXIC__ligand28540-0
662,XUCXIC__ligand11111-0
663,XUCXIC__ligand16369-0
664,XUCXIC__ligand7172-0
665,XUCXIC__ligand9323-0
666,XUCXIC__ligand20695-0
667,XUCXIC__ligand27754-0
668,XUCXIC__ligand7273-0
669,XUCXIC__ligand9284-0
670,XUCXIC__ligand6391-0
671,XUCXIC__ligand24111-0
672,XUCXIC__ligand3126-0
673,XUCXIC__ligand22444-0
674,XUCXIC__ligand13385-0
675,XUCXIC__ligand421-0
676,XUCXIC__ligand1114-0
677,XUCXIC__ligand14569-0
678,XUCXIC__ligand23175-0
679,XUCXIC__ligand15788-0
680,XUCXIC__ligand2417-0
681,XUCXIC__ligand17396-0
682,XUCXIC__ligand685-0
683,XUCXIC__ligand13220-0
684,XUCXIC__ligand11587-0
685,XUCXIC__ligand294-0
686,XUCXIC__ligand2043-0
687,XUCXIC__ligand24872-0
688,XUCXIC__ligand30728-0
689,XUCXIC__ligand8788-0
690,XUCXIC__ligand27840-0
691,XUCXIC__ligand1832-0
692,XUCXIC__ligand1604-0
693,XUCXIC__ligand12001-0
694,XUCXIC__ligand24644-0
695,XUCXIC__ligand1228-0
696,XUCXIC__ligand9943-0
697,XUCXIC__ligand10033-0
698,XUCXIC__ligand12138-0
699,XUCXIC__ligand24780-0
700,XUCXIC__ligand9450-0
701,XUCXIC__ligand560-0
702,XUCXIC__ligand22129-0
703,XUCXIC__ligand11949-0
704,XUCXIC__ligand2612-0
705,XUCXIC__ligand1599-0
706,XUCXIC__ligand25561-0
707,XUCXIC__ligand5387-0
708,XUCXIC__ligand2203-0
709,XUCXIC__ligand1289-0
710,XUCXIC__ligand29486-0
711,XUCXIC__ligand31694-0
712,XUCXIC__ligand17427-0
713,XUCXIC__ligand134-0
714,XUCXIC__ligand235-0
715,XUCXIC__ligand38-0
716,XUCXIC__ligand785-0
717,XUCXIC__ligand311-0
718,XUCXIC__ligand13862-0
719,XUCXIC__ligand11357-0
720,XUCXIC__ligand28743-0
721,XUCXIC__ligand15531-0
722,XUCXIC__ligand2985-0
723,XUCXIC__ligand479-0
724,XUCXIC__ligand4007-0
725,XUCXIC__ligand12365-0
726,XUCXIC__ligand10056-0
727,XUCXIC__ligand9299-0
728,XUCXIC__ligand7291-0
729,XUCXIC__ligand370-1
730,XUCXIC__ligand620-0
731,XUCXIC__ligand21919-0
732,XUCXIC__ligand22294-0
733,XUCXIC__ligand3677-1
734,XUCXIC__ligand9883-0
735,XUCXIC__ligand564-0
736,XUCXIC__ligand22168-0
737,XUCXIC__ligand28930-0
738,XUCXIC__ligand15883-0
739,XUCXIC__ligand9344-0
740,XUCXIC__ligand188-0
741,XUCXIC__ligand8000-0
742,XUCXIC__ligand11970-0
743,XUCXIC__ligand3736-0
744,XUCXIC__ligand19792-0
745,XUCXIC__ligand3945-0
746,XUCXIC__ligand10828-0
747,XUCXIC__ligand15926-0
748,XUCXIC__ligand24230-0
749,XUCXIC__ligand2693-0
750,XUCXIC__ligand5383-0
751,XUCXIC__ligand28810-0
752,XUCXIC__ligand11096-0
753,XUCXIC__ligand11447-0
754,XUCXIC__ligand3712-0
755,XUCXIC__ligand1464-0
756,XUCXIC__ligand2881-0
757,XUCXIC__ligand18-0
758,XUCXIC__ligand30711-0
759,XUCXIC__ligand20207-0
760,XUCXIC__ligand11682-0
761,XUCXIC__ligand1499-0
762,XUCXIC__ligand250-0
763,XUCXIC__ligand6892-0
764,XUCXIC__ligand1211-0
765,XUCXIC__ligand16988-0
766,XUCXIC__ligand25913-0
767,XUCXIC__ligand3677-0
768,XUCXIC__ligand3632-0
769,XUCXIC__ligand14614-0
770,XUCXIC__ligand1294-0
771,XUCXIC__ligand370-0
772,XUCXIC__ligand1168-0
773,XUCXIC__ligand16663-0
774,XUCXIC__ligand11994-0
775,XUCXIC__ligand6699-0
776,XUCXIC__ligand31044-0
777,XUCXIC__ligand31842-0
778,XUCXIC__ligand24035-0
779,XUCXIC__ligand372-0
780,XUCXIC__ligand2259-0
781,XUCXIC__ligand10371-0
782,XUCXIC__ligand1296-0
783,XUCXIC__ligand830-0
784,XUCXIC__ligand8592-0
785,XUCXIC__ligand5099-0
786,XUCXIC__ligand1197-0
787,XUCXIC__ligand5510-0
788,XUCXIC__ligand1376-0
789,XUCXIC__ligand9773-0
790,XUCXIC__ligand18568-0
791,XUCXIC__ligand28685-0
792,XUCXIC__ligand193-0
793,XUCXIC__ligand13672-0
794,XUCXIC__ligand252-0
795,XUCXIC__ligand4101-0
796,XUCXIC__ligand5595-0
797,XUCXIC__ligand116-0
798,XUCXIC__ligand19184-0
799,XUCXIC__ligand3926-0
800,XUCXIC__ligand3120-0
801,XUCXIC__ligand28459-0
802,XUCXIC__ligand12453-0
803,XUCXIC__ligand18448-0
804,XUCXIC__ligand4358-0
805,XUCXIC__ligand2221-0
806,XUCXIC__ligand6117-0
807,XUCXIC__ligand1407-0
808,XUCXIC__ligand8002-0
809,XUCXIC__ligand5509-0
810,XUCXIC__ligand177-0
811,XUCXIC__ligand27669-0
812,XUCXIC__ligand30142-0
813,XUCXIC__ligand13477-0
814,XUCXIC__ligand14167-0
815,XUCXIC__ligand5080-0
816,XUCXIC__ligand7762-0
817,XUCXIC__ligand5304-0
818,XUCXIC__ligand9167-0
819,XUCXIC__ligand27285-0
820,XUCXIC__ligand29029-0
821,XUCXIC__ligand2238-0
822,XUCXIC__ligand7293-0
823,XUCXIC__ligand2822-0
824,XUCXIC__ligand3867-0
825,XUCXIC__ligand909-0
826,XUCXIC__ligand23197-0
827,XUCXIC__ligand1317-0
