,TMC
0,CAKRAH__ligand24185-0
1,CAKRAH__ligand1285-0
2,CAKRAH__ligand23769-0
3,CAKRAH__ligand694-0
4,CAKRAH__ligand6768-0
5,CAKRAH__ligand8115-0
6,CAKRAH__ligand25178-0
7,CAKRAH__ligand7000-0
8,CAKRAH__ligand1982-0
9,CAKRAH__ligand17302-0
10,CAKRAH__ligand4546-0
11,CAKRAH__ligand4503-0
12,CAKRAH__ligand358-0
13,CAKRAH__ligand430-0
14,CAKRAH__ligand17805-0
15,CAKRAH__ligand488-0
16,CAKRAH__ligand18292-0
17,CAKRAH__ligand12289-0
18,CAKRAH__ligand26702-0
19,CAKRAH__ligand13658-0
20,CAKRAH__ligand4157-0
21,CAKRAH__ligand12130-0
22,CAKRAH__ligand17387-0
23,CAKRAH__ligand7648-0
24,CAKRAH__ligand2828-0
25,CAKRAH__ligand8876-0
26,CAKRAH__ligand9833-0
27,CAKRAH__ligand5256-0
28,CAKRAH__ligand12231-0
29,CAKRAH__ligand12401-0
30,CAKRAH__ligand15585-0
31,CAKRAH__ligand2176-0
32,CAKRAH__ligand24145-0
33,CAKRAH__ligand9291-0
34,CAKRAH__ligand10476-0
35,CAKRAH__ligand2232-0
36,CAKRAH__ligand13068-0
37,CAKRAH__ligand19830-0
38,CAKRAH__ligand4272-0
39,CAKRAH__ligand1451-0
40,CAKRAH__ligand7629-0
41,CAKRAH__ligand28676-0
42,CAKRAH__ligand10262-0
43,CAKRAH__ligand27763-0
44,CAKRAH__ligand9784-0
45,CAKRAH__ligand18814-0
46,CAKRAH__ligand9520-0
47,CAKRAH__ligand670-0
48,CAKRAH__ligand19057-0
49,CAKRAH__ligand1160-0
50,CAKRAH__ligand8699-0
51,CAKRAH__ligand534-0
52,CAKRAH__ligand571-0
53,CAKRAH__ligand13425-0
54,CAKRAH__ligand3954-0
55,CAKRAH__ligand29302-0
56,CAKRAH__ligand4442-0
57,CAKRAH__ligand4093-0
58,CAKRAH__ligand7867-0
59,CAKRAH__ligand1219-0
60,CAKRAH__ligand6709-0
61,CAKRAH__ligand14108-0
62,CAKRAH__ligand4016-0
63,CAKRAH__ligand7238-0
64,CAKRAH__ligand12641-0
65,CAKRAH__ligand10958-0
66,CAKRAH__ligand7280-0
67,CAKRAH__ligand1304-0
68,CAKRAH__ligand1790-0
69,CAKRAH__ligand1959-0
70,CAKRAH__ligand67-0
71,CAKRAH__ligand162-0
72,CAKRAH__ligand30296-0
73,CAKRAH__ligand17281-0
74,CAKRAH__ligand3504-0
75,CAKRAH__ligand226-0
76,CAKRAH__ligand26540-0
77,CAKRAH__ligand9935-0
78,CAKRAH__ligand12337-0
79,CAKRAH__ligand1573-0
80,CAKRAH__ligand29410-0
81,CAKRAH__ligand1536-0
82,CAKRAH__ligand6616-0
83,CAKRAH__ligand1343-0
84,CAKRAH__ligand3876-0
85,CAKRAH__ligand3035-0
86,CAKRAH__ligand3718-0
87,CAKRAH__ligand416-0
88,CAKRAH__ligand30333-0
89,CAKRAH__ligand12606-0
90,CAKRAH__ligand1844-0
91,CAKRAH__ligand4661-0
92,CAKRAH__ligand383-0
93,CAKRAH__ligand7242-0
94,CAKRAH__ligand27460-0
95,CAKRAH__ligand7106-0
96,CAKRAH__ligand1263-0
97,CAKRAH__ligand9908-0
98,CAKRAH__ligand12427-0
99,CAKRAH__ligand20740-0
100,CAKRAH__ligand28468-0
101,CAKRAH__ligand16628-0
102,CAKRAH__ligand14723-0
103,CAKRAH__ligand5211-0
104,CAKRAH__ligand27893-0
105,CAKRAH__ligand3094-0
106,CAKRAH__ligand4155-0
107,CAKRAH__ligand12934-0
108,CAKRAH__ligand20578-0
109,CAKRAH__ligand15422-0
110,CAKRAH__ligand19641-0
111,CAKRAH__ligand27175-0
112,CAKRAH__ligand18832-0
113,CAKRAH__ligand23713-0
114,CAKRAH__ligand656-0
115,CAKRAH__ligand4720-0
116,CAKRAH__ligand6839-0
117,CAKRAH__ligand3131-0
118,CAKRAH__ligand3174-0
119,CAKRAH__ligand3937-0
120,CAKRAH__ligand1202-0
121,CAKRAH__ligand30988-0
122,CAKRAH__ligand8969-0
123,CAKRAH__ligand5331-0
124,CAKRAH__ligand14603-0
125,CAKRAH__ligand1512-0
126,CAKRAH__ligand14297-0
127,CAKRAH__ligand696-0
128,CAKRAH__ligand17258-0
129,CAKRAH__ligand17631-0
130,CAKRAH__ligand13012-0
131,CAKRAH__ligand3565-0
132,CAKRAH__ligand26665-0
133,CAKRAH__ligand43-0
134,CAKRAH__ligand6919-0
135,CAKRAH__ligand31783-0
136,CAKRAH__ligand2485-0
137,CAKRAH__ligand3852-0
138,CAKRAH__ligand14117-0
139,CAKRAH__ligand17261-0
140,CAKRAH__ligand1142-0
141,CAKRAH__ligand3234-0
142,CAKRAH__ligand20539-0
143,CAKRAH__ligand20214-0
144,CAKRAH__ligand30702-0
145,CAKRAH__ligand20251-0
146,CAKRAH__ligand7126-0
147,CAKRAH__ligand2028-0
148,CAKRAH__ligand8835-0
149,CAKRAH__ligand326-0
150,CAKRAH__ligand31097-0
151,CAKRAH__ligand21581-0
152,CAKRAH__ligand29568-0
153,CAKRAH__ligand436-0
154,CAKRAH__ligand14889-0
155,CAKRAH__ligand30851-0
156,CAKRAH__ligand4641-0
157,CAKRAH__ligand20419-0
158,CAKRAH__ligand21371-0
159,CAKRAH__ligand17118-0
160,CAKRAH__ligand692-0
161,CAKRAH__ligand28789-0
162,CAKRAH__ligand4620-0
163,CAKRAH__ligand17398-0
164,CAKRAH__ligand20598-0
165,CAKRAH__ligand11675-0
166,CAKRAH__ligand24047-0
167,CAKRAH__ligand22557-0
168,CAKRAH__ligand10589-0
169,CAKRAH__ligand17278-0
170,CAKRAH__ligand20011-0
171,CAKRAH__ligand2295-0
172,CAKRAH__ligand17982-0
173,CAKRAH__ligand1577-0
174,CAKRAH__ligand6067-0
175,CAKRAH__ligand29414-0
176,CAKRAH__ligand633-0
177,CAKRAH__ligand20251-1
178,CAKRAH__ligand2917-0
179,CAKRAH__ligand7819-0
180,CAKRAH__ligand6102-0
181,CAKRAH__ligand16475-0
182,CAKRAH__ligand3721-0
183,CAKRAH__ligand6904-0
184,CAKRAH__ligand14703-0
185,CAKRAH__ligand6596-0
186,CAKRAH__ligand497-0
187,CAKRAH__ligand3465-0
188,CAKRAH__ligand3156-0
189,CAKRAH__ligand14174-0
190,CAKRAH__ligand2915-0
191,CAKRAH__ligand10712-0
192,CAKRAH__ligand19-0
193,CAKRAH__ligand11456-0
194,CAKRAH__ligand588-0
195,CAKRAH__ligand6244-0
196,CAKRAH__ligand25411-0
197,CAKRAH__ligand1378-0
198,CAKRAH__ligand300-0
199,CAKRAH__ligand9441-0
200,CAKRAH__ligand31832-0
201,CAKRAH__ligand2332-0
202,CAKRAH__ligand13294-0
203,CAKRAH__ligand12030-0
204,CAKRAH__ligand1631-0
205,CAKRAH__ligand14248-0
206,CAKRAH__ligand29879-0
207,CAKRAH__ligand24-0
208,CAKRAH__ligand28884-0
209,CAKRAH__ligand1575-0
210,CAKRAH__ligand199-0
211,CAKRAH__ligand13331-0
212,CAKRAH__ligand1530-0
213,CAKRAH__ligand9933-0
214,CAKRAH__ligand5643-0
215,CAKRAH__ligand1823-0
216,CAKRAH__ligand26810-0
217,CAKRAH__ligand27482-0
218,CAKRAH__ligand1324-0
219,CAKRAH__ligand13208-0
220,CAKRAH__ligand8-0
221,CAKRAH__ligand8721-0
222,CAKRAH__ligand9952-0
223,CAKRAH__ligand9111-0
224,CAKRAH__ligand45-0
225,CAKRAH__ligand2526-0
226,CAKRAH__ligand5036-0
227,CAKRAH__ligand1615-0
228,CAKRAH__ligand13390-0
229,CAKRAH__ligand78-0
230,CAKRAH__ligand8992-0
231,CAKRAH__ligand9601-0
232,CAKRAH__ligand361-0
233,CAKRAH__ligand324-0
234,CAKRAH__ligand6124-0
235,CAKRAH__ligand409-0
236,CAKRAH__ligand3707-0
237,CAKRAH__ligand7967-0
238,CAKRAH__ligand20682-0
239,CAKRAH__ligand1018-0
240,CAKRAH__ligand4116-0
241,CAKRAH__ligand17240-0
242,CAKRAH__ligand3215-0
243,CAKRAH__ligand17590-0
244,CAKRAH__ligand845-0
245,CAKRAH__ligand18699-0
246,CAKRAH__ligand12682-0
247,CAKRAH__ligand7107-0
248,CAKRAH__ligand6283-0
249,CAKRAH__ligand4738-0
250,CAKRAH__ligand163-0
251,CAKRAH__ligand66-0
252,CAKRAH__ligand126-0
253,CAKRAH__ligand5813-0
254,CAKRAH__ligand13072-0
255,CAKRAH__ligand4813-0
256,CAKRAH__ligand12336-0
257,CAKRAH__ligand6062-0
258,CAKRAH__ligand31483-0
259,CAKRAH__ligand777-0
260,CAKRAH__ligand10555-0
261,CAKRAH__ligand7532-0
262,CAKRAH__ligand4194-0
263,CAKRAH__ligand4330-0
264,CAKRAH__ligand24613-0
265,CAKRAH__ligand2599-0
266,CAKRAH__ligand596-0
267,CAKRAH__ligand42-0
268,CAKRAH__ligand941-0
269,CAKRAH__ligand19725-0
270,CAKRAH__ligand21421-0
271,CAKRAH__ligand657-0
272,CAKRAH__ligand1147-0
273,CAKRAH__ligand187-0
274,CAKRAH__ligand14586-0
275,CAKRAH__ligand3973-0
276,CAKRAH__ligand11774-0
277,CAKRAH__ligand7925-0
278,CAKRAH__ligand2068-0
279,CAKRAH__ligand366-0
280,CAKRAH__ligand17710-0
281,CAKRAH__ligand20579-0
282,CAKRAH__ligand11568-0
283,CAKRAH__ligand3934-0
284,CAKRAH__ligand279-0
285,CAKRAH__ligand29898-0
286,CAKRAH__ligand185-0
287,CAKRAH__ligand26277-0
288,CAKRAH__ligand6882-0
289,CAKRAH__ligand11432-0
290,CAKRAH__ligand178-0
291,CAKRAH__ligand38-0
292,CAKRAH__ligand6455-0
293,CAKRAH__ligand31618-0
294,CAKRAH__ligand10432-0
295,CAKRAH__ligand22755-0
296,CAKRAH__ligand2403-0
297,CAKRAH__ligand321-0
298,CAKRAH__ligand3012-0
299,CAKRAH__ligand24064-0
300,CAKRAH__ligand1449-0
301,CAKRAH__ligand7530-0
302,CAKRAH__ligand23589-0
303,CAKRAH__ligand1065-0
304,CAKRAH__ligand9681-0
305,CAKRAH__ligand201-0
306,CAKRAH__ligand15168-0
307,CAKRAH__ligand4332-0
308,CAKRAH__ligand1729-0
309,CAKRAH__ligand15438-0
310,CAKRAH__ligand5627-0
311,CAKRAH__ligand28924-0
312,CAKRAH__ligand2830-0
313,CAKRAH__ligand338-0
314,CAKRAH__ligand5316-0
315,CAKRAH__ligand29087-0
316,CAKRAH__ligand5483-0
317,CAKRAH__ligand18703-0
318,CAKRAH__ligand18013-0
319,CAKRAH__ligand25224-0
320,CAKRAH__ligand17945-0
321,CAKRAH__ligand31578-0
322,CAKRAH__ligand9148-0
323,CAKRAH__ligand17207-0
324,CAKRAH__ligand6946-0
325,CAKRAH__ligand1415-0
326,CAKRAH__ligand24750-0
327,CAKRAH__ligand7529-0
328,CAKRAH__ligand5056-0
329,CAKRAH__ligand25689-0
330,CAKRAH__ligand4850-0
331,CAKRAH__ligand21787-0
332,CAKRAH__ligand25575-0
333,CAKRAH__ligand5357-0
334,CAKRAH__ligand3647-0
335,CAKRAH__ligand1688-0
336,CAKRAH__ligand1469-0
337,CAKRAH__ligand3871-0
338,CAKRAH__ligand384-0
339,CAKRAH__ligand1768-0
340,CAKRAH__ligand27835-0
341,CAKRAH__ligand12295-0
342,CAKRAH__ligand768-0
343,CAKRAH__ligand5935-0
344,CAKRAH__ligand23906-0
345,CAKRAH__ligand11166-0
346,CAKRAH__ligand2722-0
347,CAKRAH__ligand1379-0
348,CAKRAH__ligand21132-0
349,CAKRAH__ligand3157-0
350,CAKRAH__ligand30539-0
351,CAKRAH__ligand9525-0
352,CAKRAH__ligand18-0
353,CAKRAH__ligand1165-0
354,CAKRAH__ligand25735-0
355,CAKRAH__ligand12519-0
356,CAKRAH__ligand3392-0
357,CAKRAH__ligand23124-0
358,CAKRAH__ligand1771-0
359,CAKRAH__ligand4911-0
360,CAKRAH__ligand11206-0
361,CAKRAH__ligand5849-0
362,CAKRAH__ligand240-0
363,CAKRAH__ligand25650-0
364,CAKRAH__ligand31248-0
365,CAKRAH__ligand141-0
366,CAKRAH__ligand2527-0
367,CAKRAH__ligand8349-0
368,CAKRAH__ligand12660-0
369,CAKRAH__ligand1709-0
370,CAKRAH__ligand8464-0
371,CAKRAH__ligand19257-0
372,CAKRAH__ligand13209-0
373,CAKRAH__ligand3208-0
374,CAKRAH__ligand2208-0
375,CAKRAH__ligand18799-0
376,CAKRAH__ligand693-0
377,CAKRAH__ligand18465-0
378,CAKRAH__ligand8722-0
379,CAKRAH__ligand6672-0
380,CAKRAH__ligand9809-0
381,CAKRAH__ligand16791-0
382,CAKRAH__ligand1327-0
383,CAKRAH__ligand28668-0
384,CAKRAH__ligand7573-0
385,CAKRAH__ligand2781-0
386,CAKRAH__ligand3350-0
387,CAKRAH__ligand29610-0
388,CAKRAH__ligand1773-0
389,CAKRAH__ligand4581-0
390,CAKRAH__ligand2328-0
391,CAKRAH__ligand11140-0
392,CAKRAH__ligand7162-0
393,CAKRAH__ligand3029-0
394,CAKRAH__ligand18074-0
395,CAKRAH__ligand13869-0
396,CAKRAH__ligand9197-0
397,CAKRAH__ligand29863-0
398,CAKRAH__ligand1900-0
399,CAKRAH__ligand21936-0
400,CAKRAH__ligand13257-0
401,CAKRAH__ligand23904-0
402,CAKRAH__ligand4131-0
403,CAKRAH__ligand1712-0
404,CAKRAH__ligand10084-0
405,CAKRAH__ligand25267-0
406,CAKRAH__ligand5094-0
407,CAKRAH__ligand12467-0
408,CAKRAH__ligand5892-0
409,CAKRAH__ligand1533-0
410,CAKRAH__ligand122-0
411,CAKRAH__ligand18391-0
412,CAKRAH__ligand27169-0
413,CAKRAH__ligand14523-0
414,CAKRAH__ligand7557-0
415,CAKRAH__ligand1496-0
416,CAKRAH__ligand757-0
417,CAKRAH__ligand27074-0
418,CAKRAH__ligand20599-0
419,CAKRAH__ligand22981-0
420,CAKRAH__ligand25805-0
421,CAKRAH__ligand196-0
422,CAKRAH__ligand20731-0
423,CAKRAH__ligand12413-0
424,CAKRAH__ligand29334-0
425,CAKRAH__ligand11798-0
426,CAKRAH__ligand8553-0
427,CAKRAH__ligand1113-0
428,CAKRAH__ligand14477-0
429,CAKRAH__ligand17069-0
430,CAKRAH__ligand17445-0
431,CAKRAH__ligand5201-0
432,CAKRAH__ligand422-0
433,CAKRAH__ligand29214-0
434,CAKRAH__ligand2001-0
435,CAKRAH__ligand11501-0
436,CAKRAH__ligand11544-0
437,CAKRAH__ligand7566-0
438,CAKRAH__ligand21448-0
439,CAKRAH__ligand16-0
440,CAKRAH__ligand22357-0
441,CAKRAH__ligand8593-0
442,CAKRAH__ligand9944-0
443,CAKRAH__ligand686-0
444,CAKRAH__ligand11758-0
445,CAKRAH__ligand6995-0
446,CAKRAH__ligand393-0
447,CAKRAH__ligand14007-0
448,CAKRAH__ligand2823-0
449,CAKRAH__ligand18019-1
450,CAKRAH__ligand27550-0
451,CAKRAH__ligand4340-0
452,CAKRAH__ligand2281-0
453,CAKRAH__ligand2650-0
454,CAKRAH__ligand32-0
455,CAKRAH__ligand3180-0
456,CAKRAH__ligand20942-1
457,CAKRAH__ligand14226-0
458,CAKRAH__ligand21339-0
459,CAKRAH__ligand16956-0
460,CAKRAH__ligand5415-0
461,CAKRAH__ligand353-0
462,CAKRAH__ligand23682-0
463,CAKRAH__ligand29565-0
464,CAKRAH__ligand27771-0
465,CAKRAH__ligand18158-0
466,CAKRAH__ligand4161-0
467,CAKRAH__ligand3471-0
468,CAKRAH__ligand4124-0
469,CAKRAH__ligand21752-0
470,CAKRAH__ligand1618-0
471,CAKRAH__ligand2692-0
472,CAKRAH__ligand48-0
473,CAKRAH__ligand14339-0
474,CAKRAH__ligand813-0
475,CAKRAH__ligand1028-0
476,CAKRAH__ligand30788-0
477,CAKRAH__ligand4262-0
478,CAKRAH__ligand13691-0
479,CAKRAH__ligand780-0
480,CAKRAH__ligand314-0
481,CAKRAH__ligand2027-0
482,CAKRAH__ligand391-0
483,CAKRAH__ligand1015-0
484,CAKRAH__ligand1050-0
485,CAKRAH__ligand618-0
486,CAKRAH__ligand18757-0
487,CAKRAH__ligand24560-0
488,CAKRAH__ligand18413-0
489,CAKRAH__ligand20844-0
490,CAKRAH__ligand24624-0
491,CAKRAH__ligand30004-0
492,CAKRAH__ligand20557-0
493,CAKRAH__ligand465-0
494,CAKRAH__ligand51-0
495,CAKRAH__ligand1169-0
496,CAKRAH__ligand8529-0
497,CAKRAH__ligand1154-0
498,CAKRAH__ligand314-1
499,CAKRAH__ligand13755-0
500,CAKRAH__ligand16133-0
501,CAKRAH__ligand27122-0
502,CAKRAH__ligand20432-0
503,CAKRAH__ligand9615-0
504,CAKRAH__ligand91-0
505,CAKRAH__ligand24953-0
506,CAKRAH__ligand23445-0
507,CAKRAH__ligand21940-0
508,CAKRAH__ligand25048-0
509,CAKRAH__ligand1498-0
510,CAKRAH__ligand4596-0
511,CAKRAH__ligand8200-0
512,CAKRAH__ligand7438-0
513,CAKRAH__ligand26673-0
514,CAKRAH__ligand115-0
515,CAKRAH__ligand55-0
516,CAKRAH__ligand4063-0
517,CAKRAH__ligand20821-0
518,CAKRAH__ligand11606-0
519,CAKRAH__ligand3042-0
520,CAKRAH__ligand31000-0
521,CAKRAH__ligand833-0
522,CAKRAH__ligand3453-0
523,CAKRAH__ligand11252-0
524,CAKRAH__ligand3416-0
525,CAKRAH__ligand10582-0
526,CAKRAH__ligand13260-0
527,CAKRAH__ligand4207-0
528,CAKRAH__ligand1539-0
529,CAKRAH__ligand1150-0
530,CAKRAH__ligand68-0
531,CAKRAH__ligand19824-0
532,CAKRAH__ligand18067-0
533,CAKRAH__ligand1-0
534,CAKRAH__ligand4266-0
535,CAKRAH__ligand1400-0
536,CAKRAH__ligand11177-0
537,CAKRAH__ligand784-0
538,CAKRAH__ligand9491-0
539,CAKRAH__ligand15455-0
540,CAKRAH__ligand4167-0
541,CAKRAH__ligand1288-0
542,CAKRAH__ligand31205-0
543,CAKRAH__ligand17686-0
544,CAKRAH__ligand25658-0
545,CAKRAH__ligand11814-0
546,CAKRAH__ligand7075-0
547,CAKRAH__ligand3980-0
548,CAKRAH__ligand16603-0
549,CAKRAH__ligand3557-0
550,CAKRAH__ligand1149-0
551,CAKRAH__ligand34-0
552,CAKRAH__ligand1779-0
553,CAKRAH__ligand395-0
554,CAKRAH__ligand6993-0
555,CAKRAH__ligand16870-0
556,CAKRAH__ligand1817-0
557,CAKRAH__ligand9750-0
558,CAKRAH__ligand11622-0
559,CAKRAH__ligand368-0
560,CAKRAH__ligand10479-0
561,CAKRAH__ligand27610-0
562,CAKRAH__ligand1908-0
563,CAKRAH__ligand11479-0
564,CAKRAH__ligand176-0
565,CAKRAH__ligand3285-0
566,CAKRAH__ligand29441-0
567,CAKRAH__ligand4795-0
568,CAKRAH__ligand10853-0
569,CAKRAH__ligand1786-0
570,CAKRAH__ligand447-0
571,CAKRAH__ligand24851-0
572,CAKRAH__ligand13657-0
573,CAKRAH__ligand14347-0
574,CAKRAH__ligand14302-0
575,CAKRAH__ligand5630-0
576,CAKRAH__ligand20530-0
577,CAKRAH__ligand746-0
578,CAKRAH__ligand11698-0
579,CAKRAH__ligand487-0
580,CAKRAH__ligand1828-0
581,CAKRAH__ligand20220-0
582,CAKRAH__ligand7213-0
583,CAKRAH__ligand1397-0
584,CAKRAH__ligand20121-0
585,CAKRAH__ligand8042-0
586,CAKRAH__ligand15387-0
587,CAKRAH__ligand3-0
588,CAKRAH__ligand6112-0
589,CAKRAH__ligand5085-0
590,CAKRAH__ligand3144-0
591,CAKRAH__ligand5755-0
592,CAKRAH__ligand4710-0
593,CAKRAH__ligand29813-0
594,CAKRAH__ligand16952-0
595,CAKRAH__ligand10151-0
596,CAKRAH__ligand1849-0
597,CAKRAH__ligand5019-0
598,CAKRAH__ligand1152-0
599,CAKRAH__ligand3261-0
600,CAKRAH__ligand506-0
601,CAKRAH__ligand1216-0
602,CAKRAH__ligand22353-0
603,CAKRAH__ligand57-0
604,CAKRAH__ligand152-0
605,CAKRAH__ligand19906-0
606,CAKRAH__ligand19668-0
607,CAKRAH__ligand1831-0
608,CAKRAH__ligand5280-0
609,CAKRAH__ligand5614-0
610,CAKRAH__ligand6663-0
611,CAKRAH__ligand5515-0
612,CAKRAH__ligand4007-0
613,CAKRAH__ligand2985-0
614,CAKRAH__ligand25561-0
615,CAKRAH__ligand134-0
616,CAKRAH__ligand89-0
617,CAKRAH__ligand9299-0
618,CAKRAH__ligand235-0
619,CAKRAH__ligand11949-0
620,CAKRAH__ligand7291-0
621,CAKRAH__ligand12138-0
622,CAKRAH__ligand9883-0
623,CAKRAH__ligand3677-1
624,CAKRAH__ligand24780-0
625,CAKRAH__ligand22129-0
626,CAKRAH__ligand9344-0
627,CAKRAH__ligand4-0
628,CAKRAH__ligand17427-0
629,CAKRAH__ligand3736-0
630,CAKRAH__ligand8000-0
631,CAKRAH__ligand560-0
632,CAKRAH__ligand31694-0
633,CAKRAH__ligand3945-0
634,CAKRAH__ligand5383-0
635,CAKRAH__ligand2693-0
636,CAKRAH__ligand49-0
637,CAKRAH__ligand29486-0
638,CAKRAH__ligand1464-0
639,CAKRAH__ligand13220-0
640,CAKRAH__ligand3712-0
641,CAKRAH__ligand11587-0
642,CAKRAH__ligand23175-0
643,CAKRAH__ligand1499-0
644,CAKRAH__ligand15788-0
645,CAKRAH__ligand2881-0
646,CAKRAH__ligand17396-0
647,CAKRAH__ligand6892-0
648,CAKRAH__ligand13385-0
649,CAKRAH__ligand294-0
650,CAKRAH__ligand14569-0
651,CAKRAH__ligand1211-0
652,CAKRAH__ligand24111-0
653,CAKRAH__ligand22444-0
654,CAKRAH__ligand24644-0
655,CAKRAH__ligand685-0
656,CAKRAH__ligand3677-0
657,CAKRAH__ligand3632-0
658,CAKRAH__ligand10033-0
659,CAKRAH__ligand1168-0
660,CAKRAH__ligand1294-0
661,CAKRAH__ligand12001-0
662,CAKRAH__ligand30728-0
663,CAKRAH__ligand27840-0
664,CAKRAH__ligand6699-0
665,CAKRAH__ligand421-0
666,CAKRAH__ligand24872-0
667,CAKRAH__ligand1296-0
668,CAKRAH__ligand12003-0
669,CAKRAH__ligand2259-0
670,CAKRAH__ligand26631-0
671,CAKRAH__ligand16148-0
672,CAKRAH__ligand17-0
673,CAKRAH__ligand21399-0
674,CAKRAH__ligand1197-0
675,CAKRAH__ligand10872-0
676,CAKRAH__ligand8592-0
677,CAKRAH__ligand5099-0
678,CAKRAH__ligand9773-0
679,CAKRAH__ligand1376-0
680,CAKRAH__ligand29215-0
681,CAKRAH__ligand5510-0
682,CAKRAH__ligand5595-0
683,CAKRAH__ligand4101-0
684,CAKRAH__ligand20695-0
685,CAKRAH__ligand27754-0
686,CAKRAH__ligand28540-0
687,CAKRAH__ligand11111-0
688,CAKRAH__ligand16369-0
689,CAKRAH__ligand197-0
690,CAKRAH__ligand4358-0
691,CAKRAH__ligand22403-0
692,CAKRAH__ligand3926-0
693,CAKRAH__ligand3120-0
694,CAKRAH__ligand2221-0
695,CAKRAH__ligand11618-0
696,CAKRAH__ligand352-0
697,CAKRAH__ligand783-0
698,CAKRAH__ligand8002-0
699,CAKRAH__ligand5509-0
700,CAKRAH__ligand1407-0
701,CAKRAH__ligand6117-0
702,CAKRAH__ligand5080-0
703,CAKRAH__ligand7762-0
704,CAKRAH__ligand26529-0
705,CAKRAH__ligand9167-0
706,CAKRAH__ligand21729-0
707,CAKRAH__ligand27239-0
708,CAKRAH__ligand5304-0
709,CAKRAH__ligand2238-0
710,CAKRAH__ligand868-0
711,CAKRAH__ligand19927-0
712,CAKRAH__ligand3867-0
713,CAKRAH__ligand14043-0
714,CAKRAH__ligand1317-0
715,CAKRAH__ligand7293-0
716,CAKRAH__ligand2822-0
717,CAKRAH__ligand28559-0
718,CAKRAH__ligand26324-0
719,CAKRAH__ligand2906-0
720,CAKRAH__ligand14167-0
721,CAKRAH__ligand13477-0
722,CAKRAH__ligand27669-0
723,CAKRAH__ligand3244-0
724,CAKRAH__ligand909-0
725,CAKRAH__ligand4711-0
726,CAKRAH__ligand30142-0
727,CAKRAH__ligand4649-0
728,CAKRAH__ligand2788-0
729,CAKRAH__ligand5649-0
730,CAKRAH__ligand8793-0
731,CAKRAH__ligand1356-0
732,CAKRAH__ligand1787-0
733,CAKRAH__ligand5530-0
734,CAKRAH__ligand9753-0
735,CAKRAH__ligand23197-0
736,CAKRAH__ligand7196-0
737,CAKRAH__ligand5159-0
738,CAKRAH__ligand27285-0
739,CAKRAH__ligand29029-0
740,CAKRAH__ligand177-0
741,CAKRAH__ligand4807-0
742,CAKRAH__ligand3178-0
743,CAKRAH__ligand13672-0
744,CAKRAH__ligand18568-0
745,CAKRAH__ligand5180-0
746,CAKRAH__ligand28685-0
747,CAKRAH__ligand6017-0
748,CAKRAH__ligand252-0
749,CAKRAH__ligand7316-0
750,CAKRAH__ligand10371-0
751,CAKRAH__ligand5708-0
752,CAKRAH__ligand116-0
753,CAKRAH__ligand2260-0
754,CAKRAH__ligand7092-0
755,CAKRAH__ligand1116-0
756,CAKRAH__ligand3225-0
757,CAKRAH__ligand1153-0
758,CAKRAH__ligand193-0
759,CAKRAH__ligand28459-0
760,CAKRAH__ligand8612-0
761,CAKRAH__ligand12453-0
762,CAKRAH__ligand18448-0
763,CAKRAH__ligand2124-0
764,CAKRAH__ligand7172-0
765,CAKRAH__ligand372-0
766,CAKRAH__ligand19184-0
767,CAKRAH__ligand7273-0
768,CAKRAH__ligand9323-0
769,CAKRAH__ligand830-0
770,CAKRAH__ligand3126-0
771,CAKRAH__ligand6391-0
772,CAKRAH__ligand9284-0
773,CAKRAH__ligand16988-0
774,CAKRAH__ligand25913-0
775,CAKRAH__ligand69-0
776,CAKRAH__ligand1114-0
777,CAKRAH__ligand20207-0
778,CAKRAH__ligand30711-0
779,CAKRAH__ligand2417-0
780,CAKRAH__ligand11682-0
781,CAKRAH__ligand370-0
782,CAKRAH__ligand2043-0
783,CAKRAH__ligand24035-0
784,CAKRAH__ligand1832-0
785,CAKRAH__ligand11994-0
786,CAKRAH__ligand8788-0
787,CAKRAH__ligand31044-0
788,CAKRAH__ligand31842-0
789,CAKRAH__ligand11-0
790,CAKRAH__ligand1604-0
791,CAKRAH__ligand16663-0
792,CAKRAH__ligand250-0
793,CAKRAH__ligand9943-0
794,CAKRAH__ligand1228-0
795,CAKRAH__ligand14614-0
796,CAKRAH__ligand22294-0
797,CAKRAH__ligand9450-0
798,CAKRAH__ligand22168-0
799,CAKRAH__ligand28930-0
800,CAKRAH__ligand21919-0
801,CAKRAH__ligand188-0
802,CAKRAH__ligand12365-0
803,CAKRAH__ligand2612-0
804,CAKRAH__ligand10056-0
805,CAKRAH__ligand13862-0
806,CAKRAH__ligand11357-0
807,CAKRAH__ligand28743-0
808,CAKRAH__ligand15531-0
809,CAKRAH__ligand1599-0
810,CAKRAH__ligand1289-0
811,CAKRAH__ligand24230-0
812,CAKRAH__ligand620-0
813,CAKRAH__ligand5387-0
814,CAKRAH__ligand28810-0
815,CAKRAH__ligand2203-0
816,CAKRAH__ligand11096-0
817,CAKRAH__ligand370-1
818,CAKRAH__ligand11447-0
819,CAKRAH__ligand564-0
820,CAKRAH__ligand19792-0
821,CAKRAH__ligand10828-0
822,CAKRAH__ligand15926-0
823,CAKRAH__ligand479-0
824,CAKRAH__ligand11970-0
825,CAKRAH__ligand311-0
826,CAKRAH__ligand785-0
827,CAKRAH__ligand15883-0
