,TMC
0,COSXIR__ligand5022-0
1,COSXIR__ligand105-0
2,COSXIR__ligand140-0
3,COSXIR__ligand1169-0
4,COSXIR__ligand409-0
5,COSXIR__ligand3838-0
6,COSXIR__ligand1799-0
7,COSXIR__ligand11-0
8,COSXIR__ligand361-0
9,COSXIR__ligand2838-0
10,COSXIR__ligand324-0
11,COSXIR__ligand5941-0
12,COSXIR__ligand2880-0
13,COSXIR__ligand2142-0
14,COSXIR__ligand575-0
15,COSXIR__ligand6538-0
16,COSXIR__ligand9495-0
17,COSXIR__ligand2772-0
18,COSXIR__ligand6151-0
19,COSXIR__ligand2864-0
20,COSXIR__ligand927-0
21,COSXIR__ligand199-0
22,COSXIR__ligand1052-0
23,COSXIR__ligand838-0
24,COSXIR__ligand166-0
25,COSXIR__ligand633-0
26,COSXIR__ligand918-0
27,COSXIR__ligand532-0
28,COSXIR__ligand1273-0
29,COSXIR__ligand497-0
30,COSXIR__ligand6396-0
31,COSXIR__ligand553-0
32,COSXIR__ligand2265-0
33,COSXIR__ligand1113-0
34,COSXIR__ligand283-0
35,COSXIR__ligand821-0
36,COSXIR__ligand10357-0
37,COSXIR__ligand9027-0
38,COSXIR__ligand326-0
39,COSXIR__ligand15630-0
40,COSXIR__ligand4983-0
41,COSXIR__ligand436-0
42,COSXIR__ligand1835-0
43,COSXIR__ligand2345-0
44,COSXIR__ligand2794-0
45,COSXIR__ligand142-0
46,COSXIR__ligand206-0
47,COSXIR__ligand1502-0
48,COSXIR__ligand17-0
49,COSXIR__ligand1727-0
50,COSXIR__ligand1152-0
51,COSXIR__ligand1607-0
52,COSXIR__ligand92-0
53,COSXIR__ligand2510-0
54,COSXIR__ligand162-0
55,COSXIR__ligand1567-0
56,COSXIR__ligand2285-0
57,COSXIR__ligand226-0
58,COSXIR__ligand8921-0
59,COSXIR__ligand2862-0
60,COSXIR__ligand383-0
61,COSXIR__ligand4-0
62,COSXIR__ligand1056-0
63,COSXIR__ligand2320-0
64,COSXIR__ligand2430-0
65,COSXIR__ligand1703-0
66,COSXIR__ligand2907-0
67,COSXIR__ligand89-0
68,COSXIR__ligand118-0
69,COSXIR__ligand7464-0
70,COSXIR__ligand670-0
71,COSXIR__ligand571-0
72,COSXIR__ligand1248-0
73,COSXIR__ligand4303-0
74,COSXIR__ligand509-0
75,COSXIR__ligand1598-0
76,COSXIR__ligand1054-0
77,COSXIR__ligand6-0
78,COSXIR__ligand6294-0
79,COSXIR__ligand49-0
80,COSXIR__ligand669-0
81,COSXIR__ligand3637-0
82,COSXIR__ligand430-0
83,COSXIR__ligand8774-0
84,COSXIR__ligand358-0
85,COSXIR__ligand365-0
86,COSXIR__ligand278-0
87,COSXIR__ligand3734-0
88,COSXIR__ligand73-0
89,COSXIR__ligand797-0
90,COSXIR__ligand1706-0
91,COSXIR__ligand4381-0
92,COSXIR__ligand2629-0
93,COSXIR__ligand10910-0
94,COSXIR__ligand757-0
95,COSXIR__ligand1-0
96,COSXIR__ligand2688-0
97,COSXIR__ligand2259-0
98,COSXIR__ligand1376-0
99,COSXIR__ligand2768-0
100,COSXIR__ligand14530-0
101,COSXIR__ligand6277-0
102,COSXIR__ligand57-0
103,COSXIR__ligand1687-0
104,COSXIR__ligand1951-0
105,COSXIR__ligand3757-0
106,COSXIR__ligand55-0
107,COSXIR__ligand2087-0
108,COSXIR__ligand1048-0
109,COSXIR__ligand10479-0
110,COSXIR__ligand1685-0
111,COSXIR__ligand1544-0
112,COSXIR__ligand240-0
113,COSXIR__ligand141-0
114,COSXIR__ligand95-0
115,COSXIR__ligand1459-0
116,COSXIR__ligand120-0
117,COSXIR__ligand5801-0
118,COSXIR__ligand10114-0
119,COSXIR__ligand3063-0
120,COSXIR__ligand1438-0
121,COSXIR__ligand384-0
122,COSXIR__ligand3-0
123,COSXIR__ligand34-0
124,COSXIR__ligand1171-0
125,COSXIR__ligand48-0
126,COSXIR__ligand1479-0
127,COSXIR__ligand124-0
128,COSXIR__ligand1148-0
129,COSXIR__ligand119-0
130,COSXIR__ligand3246-0
131,COSXIR__ligand1538-0
132,COSXIR__ligand279-0
133,COSXIR__ligand178-0
134,COSXIR__ligand1114-0
135,COSXIR__ligand51-0
136,COSXIR__ligand321-0
137,COSXIR__ligand29-0
138,COSXIR__ligand91-0
139,COSXIR__ligand100-0
140,COSXIR__ligand9244-0
141,COSXIR__ligand244-0
142,COSXIR__ligand201-0
143,COSXIR__ligand1228-0
144,COSXIR__ligand3041-0
145,COSXIR__ligand1542-0
146,COSXIR__ligand2634-0
147,COSXIR__ligand596-0
148,COSXIR__ligand612-0
149,COSXIR__ligand187-0
150,COSXIR__ligand366-0
151,COSXIR__ligand2751-0
152,COSXIR__ligand861-0
153,COSXIR__ligand3145-0
154,COSXIR__ligand6686-0
155,COSXIR__ligand1747-0
156,COSXIR__ligand7915-0
157,COSXIR__ligand32-0
158,COSXIR__ligand5548-0
159,COSXIR__ligand2863-0
160,COSXIR__ligand2098-0
161,COSXIR__ligand6502-0
162,COSXIR__ligand6332-0
163,COSXIR__ligand126-0
164,COSXIR__ligand3178-0
165,COSXIR__ligand1818-0
166,COSXIR__ligand7456-0
167,COSXIR__ligand682-0
168,COSXIR__ligand5758-0
169,COSXIR__ligand86-0
170,COSXIR__ligand3478-0
171,COSXIR__ligand3852-0
172,COSXIR__ligand133-0
173,COSXIR__ligand9176-0
174,COSXIR__ligand447-0
175,COSXIR__ligand2718-0
176,COSXIR__ligand3035-0
177,COSXIR__ligand3070-0
178,COSXIR__ligand1493-0
179,COSXIR__ligand487-0
180,COSXIR__ligand4619-0
181,COSXIR__ligand6143-0
182,COSXIR__ligand5235-0
183,COSXIR__ligand62-0
184,COSXIR__ligand522-0
185,COSXIR__ligand666-0
186,COSXIR__ligand3251-0
187,COSXIR__ligand355-0
188,COSXIR__ligand784-0
189,COSXIR__ligand2762-0
190,COSXIR__ligand485-0
191,COSXIR__ligand1038-0
192,COSXIR__ligand1160-0
193,COSXIR__ligand2253-0
194,COSXIR__ligand5093-0
195,COSXIR__ligand2954-0
196,COSXIR__ligand7550-0
197,COSXIR__ligand18-0
198,COSXIR__ligand1285-0
199,COSXIR__ligand115-0
200,COSXIR__ligand1555-0
201,COSXIR__ligand7630-0
202,COSXIR__ligand3890-0
203,COSXIR__ligand4423-0
204,COSXIR__ligand291-0
205,COSXIR__ligand1907-0
206,COSXIR__ligand38-0
207,COSXIR__ligand1551-0
208,COSXIR__ligand210-0
209,COSXIR__ligand2526-0
210,COSXIR__ligand1690-0
211,COSXIR__ligand2707-0
212,COSXIR__ligand40-0
213,COSXIR__ligand2915-0
214,COSXIR__ligand481-0
215,COSXIR__ligand314-0
216,COSXIR__ligand21-0
217,COSXIR__ligand391-0
218,COSXIR__ligand170-0
219,COSXIR__ligand3196-0
220,COSXIR__ligand4012-0
221,COSXIR__ligand236-0
222,COSXIR__ligand1918-0
223,COSXIR__ligand2255-0
224,COSXIR__ligand353-0
225,COSXIR__ligand66-0
226,COSXIR__ligand4175-0
227,COSXIR__ligand2618-0
228,COSXIR__ligand502-0
229,COSXIR__ligand196-0
230,COSXIR__ligand3618-0
231,COSXIR__ligand1436-0
232,COSXIR__ligand422-0
233,COSXIR__ligand113-0
234,COSXIR__ligand4370-0
235,COSXIR__ligand7514-0
236,COSXIR__ligand3337-0
237,COSXIR__ligand369-0
238,COSXIR__ligand444-0
239,COSXIR__ligand188-0
240,COSXIR__ligand1449-1
241,COSXIR__ligand4811-0
242,COSXIR__ligand1260-0
243,COSXIR__ligand4894-0
244,COSXIR__ligand9620-0
245,COSXIR__ligand311-0
246,COSXIR__ligand370-0
247,COSXIR__ligand1788-0
248,COSXIR__ligand45-0
249,COSXIR__ligand460-0
250,COSXIR__ligand1321-0
251,COSXIR__ligand78-0
252,COSXIR__ligand85-0
253,COSXIR__ligand3566-0
254,COSXIR__ligand1178-0
255,COSXIR__ligand250-0
256,COSXIR__ligand2853-0
257,COSXIR__ligand3853-0
258,COSXIR__ligand252-0
259,COSXIR__ligand5089-0
260,COSXIR__ligand2599-0
261,COSXIR__ligand955-0
262,COSXIR__ligand1246-0
263,COSXIR__ligand193-0
264,COSXIR__ligand6166-0
265,COSXIR__ligand830-0
266,COSXIR__ligand8-0
267,COSXIR__ligand909-0
268,COSXIR__ligand851-0
269,COSXIR__ligand1307-0
270,COSXIR__ligand177-0
271,COSXIR__ligand934-0
272,COSXIR__ligand352-0
273,COSXIR__ligand783-0
274,COSXIR__ligand67-0
275,COSXIR__ligand1712-0
276,COSXIR__ligand3579-0
277,COSXIR__ligand2110-0
278,COSXIR__ligand2916-0
279,COSXIR__ligand1919-0
280,COSXIR__ligand136-0
281,COSXIR__ligand868-0
282,COSXIR__ligand442-0
283,COSXIR__ligand2389-0
284,COSXIR__ligand112-0
285,COSXIR__ligand5334-0
286,COSXIR__ligand2480-0
287,COSXIR__ligand3051-0
288,COSXIR__ligand4504-0
289,COSXIR__ligand1898-0
290,COSXIR__ligand2315-0
291,COSXIR__ligand1858-0
292,COSXIR__ligand8032-0
293,COSXIR__ligand197-0
294,COSXIR__ligand296-0
295,COSXIR__ligand331-0
296,COSXIR__ligand2442-0
297,COSXIR__ligand1019-0
298,COSXIR__ligand294-0
299,COSXIR__ligand1104-0
300,COSXIR__ligand7414-0
301,COSXIR__ligand5762-0
302,COSXIR__ligand993-0
303,COSXIR__ligand584-0
304,COSXIR__ligand916-0
305,COSXIR__ligand6571-0
306,COSXIR__ligand421-0
307,COSXIR__ligand798-0
308,COSXIR__ligand2482-0
309,COSXIR__ligand1325-0
310,COSXIR__ligand932-0
311,COSXIR__ligand134-0
312,COSXIR__ligand2929-0
313,COSXIR__ligand235-0
314,COSXIR__ligand11730-0
315,COSXIR__ligand2376-0
316,COSXIR__ligand390-0
317,COSXIR__ligand1379-0
318,COSXIR__ligand1264-0
319,COSXIR__ligand1221-0
320,COSXIR__ligand560-0
321,COSXIR__ligand525-0
322,COSXIR__ligand6430-0
323,COSXIR__ligand109-0
324,COSXIR__ligand1299-0
