,TMC
0,ZIRTOJ__ligand3871-0
1,ZIRTOJ__ligand1469-0
2,ZIRTOJ__ligand15168-0
3,ZIRTOJ__ligand1768-0
4,ZIRTOJ__ligand152-0
5,ZIRTOJ__ligand5056-0
6,ZIRTOJ__ligand4850-0
7,ZIRTOJ__ligand24064-0
8,ZIRTOJ__ligand23589-0
9,ZIRTOJ__ligand1688-0
10,ZIRTOJ__ligand5357-0
11,ZIRTOJ__ligand3647-0
12,ZIRTOJ__ligand3157-0
13,ZIRTOJ__ligand1165-0
14,ZIRTOJ__ligand9525-0
15,ZIRTOJ__ligand29898-0
16,ZIRTOJ__ligand26277-0
17,ZIRTOJ__ligand5935-0
18,ZIRTOJ__ligand10432-0
19,ZIRTOJ__ligand506-0
20,ZIRTOJ__ligand11432-0
21,ZIRTOJ__ligand1379-0
22,ZIRTOJ__ligand31618-0
23,ZIRTOJ__ligand2722-0
24,ZIRTOJ__ligand22755-0
25,ZIRTOJ__ligand5849-0
26,ZIRTOJ__ligand487-0
27,ZIRTOJ__ligand24750-0
28,ZIRTOJ__ligand3392-0
29,ZIRTOJ__ligand18013-0
30,ZIRTOJ__ligand25224-0
31,ZIRTOJ__ligand17945-0
32,ZIRTOJ__ligand1771-0
33,ZIRTOJ__ligand4911-0
34,ZIRTOJ__ligand17207-0
35,ZIRTOJ__ligand31578-0
36,ZIRTOJ__ligand29087-0
37,ZIRTOJ__ligand1709-0
38,ZIRTOJ__ligand176-0
39,ZIRTOJ__ligand8464-0
40,ZIRTOJ__ligand8349-0
41,ZIRTOJ__ligand18703-0
42,ZIRTOJ__ligand15438-0
43,ZIRTOJ__ligand447-0
44,ZIRTOJ__ligand28924-0
45,ZIRTOJ__ligand2527-0
46,ZIRTOJ__ligand746-0
47,ZIRTOJ__ligand9809-0
48,ZIRTOJ__ligand6672-0
49,ZIRTOJ__ligand1327-0
50,ZIRTOJ__ligand13072-0
51,ZIRTOJ__ligand8722-0
52,ZIRTOJ__ligand7573-0
53,ZIRTOJ__ligand2781-0
54,ZIRTOJ__ligand3350-0
55,ZIRTOJ__ligand12336-0
56,ZIRTOJ__ligand3208-0
57,ZIRTOJ__ligand2208-0
58,ZIRTOJ__ligand395-0
59,ZIRTOJ__ligand368-0
60,ZIRTOJ__ligand19-0
61,ZIRTOJ__ligand24-0
62,ZIRTOJ__ligand784-0
63,ZIRTOJ__ligand1900-0
64,ZIRTOJ__ligand18699-0
65,ZIRTOJ__ligand12682-0
66,ZIRTOJ__ligand9197-0
67,ZIRTOJ__ligand2328-0
68,ZIRTOJ__ligand17240-0
69,ZIRTOJ__ligand1773-0
70,ZIRTOJ__ligand4581-0
71,ZIRTOJ__ligand17590-0
72,ZIRTOJ__ligand3029-0
73,ZIRTOJ__ligand7162-0
74,ZIRTOJ__ligand833-0
75,ZIRTOJ__ligand20579-0
76,ZIRTOJ__ligand17710-0
77,ZIRTOJ__ligand45-0
78,ZIRTOJ__ligand11568-0
79,ZIRTOJ__ligand5094-0
80,ZIRTOJ__ligand5892-0
81,ZIRTOJ__ligand21421-0
82,ZIRTOJ__ligand4131-0
83,ZIRTOJ__ligand1712-0
84,ZIRTOJ__ligand14586-0
85,ZIRTOJ__ligand11774-0
86,ZIRTOJ__ligand115-0
87,ZIRTOJ__ligand7557-0
88,ZIRTOJ__ligand1496-0
89,ZIRTOJ__ligand24613-0
90,ZIRTOJ__ligand19725-0
91,ZIRTOJ__ligand78-0
92,ZIRTOJ__ligand31483-0
93,ZIRTOJ__ligand1533-0
94,ZIRTOJ__ligand10555-0
95,ZIRTOJ__ligand314-1
96,ZIRTOJ__ligand13869-0
97,ZIRTOJ__ligand18074-0
98,ZIRTOJ__ligand7107-0
99,ZIRTOJ__ligand29863-0
100,ZIRTOJ__ligand29610-0
101,ZIRTOJ__ligand11140-0
102,ZIRTOJ__ligand3215-0
103,ZIRTOJ__ligand5813-0
104,ZIRTOJ__ligand4813-0
105,ZIRTOJ__ligand4738-0
106,ZIRTOJ__ligand16791-0
107,ZIRTOJ__ligand28668-0
108,ZIRTOJ__ligand6062-0
109,ZIRTOJ__ligand465-0
110,ZIRTOJ__ligand6283-0
111,ZIRTOJ__ligand18799-0
112,ZIRTOJ__ligand18465-0
113,ZIRTOJ__ligand2599-0
114,ZIRTOJ__ligand27074-0
115,ZIRTOJ__ligand4330-0
116,ZIRTOJ__ligand20599-0
117,ZIRTOJ__ligand391-0
118,ZIRTOJ__ligand22981-0
119,ZIRTOJ__ligand25805-0
120,ZIRTOJ__ligand618-0
121,ZIRTOJ__ligand7532-0
122,ZIRTOJ__ligand18391-0
123,ZIRTOJ__ligand4194-0
124,ZIRTOJ__ligand14523-0
125,ZIRTOJ__ligand27169-0
126,ZIRTOJ__ligand2068-0
127,ZIRTOJ__ligand10084-0
128,ZIRTOJ__ligand7925-0
129,ZIRTOJ__ligand25267-0
130,ZIRTOJ__ligand12467-0
131,ZIRTOJ__ligand21936-0
132,ZIRTOJ__ligand1147-0
133,ZIRTOJ__ligand813-0
134,ZIRTOJ__ligand13257-0
135,ZIRTOJ__ligand23904-0
136,ZIRTOJ__ligand3973-0
137,ZIRTOJ__ligand4-0
138,ZIRTOJ__ligand314-0
139,ZIRTOJ__ligand780-0
140,ZIRTOJ__ligand2403-0
141,ZIRTOJ__ligand30539-0
142,ZIRTOJ__ligand67-0
143,ZIRTOJ__ligand353-0
144,ZIRTOJ__ligand3934-0
145,ZIRTOJ__ligand23906-0
146,ZIRTOJ__ligand11166-0
147,ZIRTOJ__ligand6882-0
148,ZIRTOJ__ligand6455-0
149,ZIRTOJ__ligand21132-0
150,ZIRTOJ__ligand9681-0
151,ZIRTOJ__ligand393-0
152,ZIRTOJ__ligand27835-0
153,ZIRTOJ__ligand4332-0
154,ZIRTOJ__ligand12295-0
155,ZIRTOJ__ligand1449-0
156,ZIRTOJ__ligand25689-0
157,ZIRTOJ__ligand25575-0
158,ZIRTOJ__ligand3012-0
159,ZIRTOJ__ligand21787-0
160,ZIRTOJ__ligand7530-0
161,ZIRTOJ__ligand1065-0
162,ZIRTOJ__ligand422-0
163,ZIRTOJ__ligand12660-0
164,ZIRTOJ__ligand5316-0
165,ZIRTOJ__ligand5483-0
166,ZIRTOJ__ligand19257-0
167,ZIRTOJ__ligand13209-0
168,ZIRTOJ__ligand25650-0
169,ZIRTOJ__ligand5627-0
170,ZIRTOJ__ligand31248-0
171,ZIRTOJ__ligand1729-0
172,ZIRTOJ__ligand2830-0
173,ZIRTOJ__ligand686-0
174,ZIRTOJ__ligand196-0
175,ZIRTOJ__ligand1415-0
176,ZIRTOJ__ligand6946-0
177,ZIRTOJ__ligand7529-0
178,ZIRTOJ__ligand25735-0
179,ZIRTOJ__ligand12519-0
180,ZIRTOJ__ligand23124-0
181,ZIRTOJ__ligand9148-0
182,ZIRTOJ__ligand43-0
183,ZIRTOJ__ligand11206-0
184,ZIRTOJ__ligand620-0
185,ZIRTOJ__ligand12427-0
186,ZIRTOJ__ligand20740-0
187,ZIRTOJ__ligand370-1
188,ZIRTOJ__ligand28468-0
189,ZIRTOJ__ligand8835-0
190,ZIRTOJ__ligand2028-0
191,ZIRTOJ__ligand564-0
192,ZIRTOJ__ligand16628-0
193,ZIRTOJ__ligand7126-0
194,ZIRTOJ__ligand479-0
195,ZIRTOJ__ligand785-0
196,ZIRTOJ__ligand311-0
197,ZIRTOJ__ligand1-0
198,ZIRTOJ__ligand1142-0
199,ZIRTOJ__ligand3234-0
200,ZIRTOJ__ligand27460-0
201,ZIRTOJ__ligand30333-0
202,ZIRTOJ__ligand12606-0
203,ZIRTOJ__ligand18-0
204,ZIRTOJ__ligand30296-0
205,ZIRTOJ__ligand188-0
206,ZIRTOJ__ligand17281-0
207,ZIRTOJ__ligand4641-0
208,ZIRTOJ__ligand26540-0
209,ZIRTOJ__ligand29410-0
210,ZIRTOJ__ligand12337-0
211,ZIRTOJ__ligand2295-0
212,ZIRTOJ__ligand1577-0
213,ZIRTOJ__ligand6067-0
214,ZIRTOJ__ligand31783-0
215,ZIRTOJ__ligand14603-0
216,ZIRTOJ__ligand14297-0
217,ZIRTOJ__ligand17258-0
218,ZIRTOJ__ligand4620-0
219,ZIRTOJ__ligand13012-0
220,ZIRTOJ__ligand17631-0
221,ZIRTOJ__ligand250-0
222,ZIRTOJ__ligand26665-0
223,ZIRTOJ__ligand23713-0
224,ZIRTOJ__ligand6102-0
225,ZIRTOJ__ligand6596-0
226,ZIRTOJ__ligand3721-0
227,ZIRTOJ__ligand6904-0
228,ZIRTOJ__ligand27175-0
229,ZIRTOJ__ligand18832-0
230,ZIRTOJ__ligand3465-0
231,ZIRTOJ__ligand30988-0
232,ZIRTOJ__ligand14723-0
233,ZIRTOJ__ligand27893-0
234,ZIRTOJ__ligand12934-0
235,ZIRTOJ__ligand20578-0
236,ZIRTOJ__ligand370-0
237,ZIRTOJ__ligand15422-0
238,ZIRTOJ__ligand7819-0
239,ZIRTOJ__ligand19641-0
240,ZIRTOJ__ligand2917-0
241,ZIRTOJ__ligand12401-0
242,ZIRTOJ__ligand15585-0
243,ZIRTOJ__ligand6244-0
244,ZIRTOJ__ligand24145-0
245,ZIRTOJ__ligand10476-0
246,ZIRTOJ__ligand193-0
247,ZIRTOJ__ligand1378-0
248,ZIRTOJ__ligand13068-0
249,ZIRTOJ__ligand19830-0
250,ZIRTOJ__ligand26702-0
251,ZIRTOJ__ligand13658-0
252,ZIRTOJ__ligand3156-0
253,ZIRTOJ__ligand18292-0
254,ZIRTOJ__ligand12289-0
255,ZIRTOJ__ligand2915-0
256,ZIRTOJ__ligand372-0
257,ZIRTOJ__ligand12130-0
258,ZIRTOJ__ligand17387-0
259,ZIRTOJ__ligand830-0
260,ZIRTOJ__ligand12231-0
261,ZIRTOJ__ligand17302-0
262,ZIRTOJ__ligand1631-0
263,ZIRTOJ__ligand9933-0
264,ZIRTOJ__ligand17805-0
265,ZIRTOJ__ligand1575-0
266,ZIRTOJ__ligand1530-0
267,ZIRTOJ__ligand24185-0
268,ZIRTOJ__ligand23769-0
269,ZIRTOJ__ligand252-0
270,ZIRTOJ__ligand2332-0
271,ZIRTOJ__ligand9441-0
272,ZIRTOJ__ligand116-0
273,ZIRTOJ__ligand25178-0
274,ZIRTOJ__ligand9952-0
275,ZIRTOJ__ligand9111-0
276,ZIRTOJ__ligand12641-0
277,ZIRTOJ__ligand2526-0
278,ZIRTOJ__ligand5036-0
279,ZIRTOJ__ligand10958-0
280,ZIRTOJ__ligand1615-0
281,ZIRTOJ__ligand177-0
282,ZIRTOJ__ligand5643-0
283,ZIRTOJ__ligand1823-0
284,ZIRTOJ__ligand14108-0
285,ZIRTOJ__ligand8721-0
286,ZIRTOJ__ligand1324-0
287,ZIRTOJ__ligand6124-0
288,ZIRTOJ__ligand3707-0
289,ZIRTOJ__ligand19057-0
290,ZIRTOJ__ligand7967-0
291,ZIRTOJ__ligand18814-0
292,ZIRTOJ__ligand4116-0
293,ZIRTOJ__ligand909-0
294,ZIRTOJ__ligand13425-0
295,ZIRTOJ__ligand29302-0
296,ZIRTOJ__ligand1018-0
297,ZIRTOJ__ligand8992-0
298,ZIRTOJ__ligand28676-0
299,ZIRTOJ__ligand10262-0
300,ZIRTOJ__ligand3-0
301,ZIRTOJ__ligand9601-0
302,ZIRTOJ__ligand27763-0
303,ZIRTOJ__ligand12030-0
304,ZIRTOJ__ligand14248-0
305,ZIRTOJ__ligand4546-0
306,ZIRTOJ__ligand29879-0
307,ZIRTOJ__ligand4503-0
308,ZIRTOJ__ligand13331-0
309,ZIRTOJ__ligand28884-0
310,ZIRTOJ__ligand868-0
311,ZIRTOJ__ligand1285-0
312,ZIRTOJ__ligand7000-0
313,ZIRTOJ__ligand1982-0
314,ZIRTOJ__ligand31832-0
315,ZIRTOJ__ligand13294-0
316,ZIRTOJ__ligand6768-0
317,ZIRTOJ__ligand8115-0
318,ZIRTOJ__ligand783-0
319,ZIRTOJ__ligand352-0
320,ZIRTOJ__ligand66-0
321,ZIRTOJ__ligand9291-0
322,ZIRTOJ__ligand2176-0
323,ZIRTOJ__ligand25411-0
324,ZIRTOJ__ligand2232-0
325,ZIRTOJ__ligand4157-0
326,ZIRTOJ__ligand10712-0
327,ZIRTOJ__ligand14174-0
328,ZIRTOJ__ligand5256-0
329,ZIRTOJ__ligand7648-0
330,ZIRTOJ__ligand8876-0
331,ZIRTOJ__ligand2828-0
332,ZIRTOJ__ligand11456-0
333,ZIRTOJ__ligand9833-0
334,ZIRTOJ__ligand1160-0
335,ZIRTOJ__ligand8699-0
336,ZIRTOJ__ligand9520-0
337,ZIRTOJ__ligand3954-0
338,ZIRTOJ__ligand4093-0
339,ZIRTOJ__ligand4442-0
340,ZIRTOJ__ligand20682-0
341,ZIRTOJ__ligand42-0
342,ZIRTOJ__ligand197-0
343,ZIRTOJ__ligand7629-0
344,ZIRTOJ__ligand13390-0
345,ZIRTOJ__ligand4272-0
346,ZIRTOJ__ligand1451-0
347,ZIRTOJ__ligand9784-0
348,ZIRTOJ__ligand7238-0
349,ZIRTOJ__ligand7280-0
350,ZIRTOJ__ligand1304-0
351,ZIRTOJ__ligand1790-0
352,ZIRTOJ__ligand1219-0
353,ZIRTOJ__ligand6709-0
354,ZIRTOJ__ligand27482-0
355,ZIRTOJ__ligand7867-0
356,ZIRTOJ__ligand26810-0
357,ZIRTOJ__ligand4016-0
358,ZIRTOJ__ligand13208-0
359,ZIRTOJ__ligand3718-0
360,ZIRTOJ__ligand20419-0
361,ZIRTOJ__ligand685-0
362,ZIRTOJ__ligand17118-0
363,ZIRTOJ__ligand21371-0
364,ZIRTOJ__ligand6616-0
365,ZIRTOJ__ligand3876-0
366,ZIRTOJ__ligand1343-0
367,ZIRTOJ__ligand3035-0
368,ZIRTOJ__ligand28789-0
369,ZIRTOJ__ligand1844-0
370,ZIRTOJ__ligand4661-0
371,ZIRTOJ__ligand3504-0
372,ZIRTOJ__ligand29568-0
373,ZIRTOJ__ligand1959-0
374,ZIRTOJ__ligand38-0
375,ZIRTOJ__ligand30851-0
376,ZIRTOJ__ligand1573-0
377,ZIRTOJ__ligand14889-0
378,ZIRTOJ__ligand1536-0
379,ZIRTOJ__ligand9935-0
380,ZIRTOJ__ligand421-0
381,ZIRTOJ__ligand20539-0
382,ZIRTOJ__ligand9908-0
383,ZIRTOJ__ligand1263-0
384,ZIRTOJ__ligand30702-0
385,ZIRTOJ__ligand20214-0
386,ZIRTOJ__ligand20251-0
387,ZIRTOJ__ligand21581-0
388,ZIRTOJ__ligand31097-0
389,ZIRTOJ__ligand7242-0
390,ZIRTOJ__ligand17261-0
391,ZIRTOJ__ligand294-0
392,ZIRTOJ__ligand14117-0
393,ZIRTOJ__ligand7106-0
394,ZIRTOJ__ligand4720-0
395,ZIRTOJ__ligand16475-0
396,ZIRTOJ__ligand14703-0
397,ZIRTOJ__ligand3131-0
398,ZIRTOJ__ligand3174-0
399,ZIRTOJ__ligand1202-0
400,ZIRTOJ__ligand3937-0
401,ZIRTOJ__ligand8969-0
402,ZIRTOJ__ligand6839-0
403,ZIRTOJ__ligand560-0
404,ZIRTOJ__ligand5211-0
405,ZIRTOJ__ligand20251-1
406,ZIRTOJ__ligand4155-0
407,ZIRTOJ__ligand3094-0
408,ZIRTOJ__ligand20011-0
409,ZIRTOJ__ligand17278-0
410,ZIRTOJ__ligand29414-0
411,ZIRTOJ__ligand134-0
412,ZIRTOJ__ligand17982-0
413,ZIRTOJ__ligand2485-0
414,ZIRTOJ__ligand3852-0
415,ZIRTOJ__ligand6919-0
416,ZIRTOJ__ligand235-0
417,ZIRTOJ__ligand5331-0
418,ZIRTOJ__ligand17398-0
419,ZIRTOJ__ligand1512-0
420,ZIRTOJ__ligand11675-0
421,ZIRTOJ__ligand20598-0
422,ZIRTOJ__ligand22557-0
423,ZIRTOJ__ligand10589-0
424,ZIRTOJ__ligand24047-0
425,ZIRTOJ__ligand3565-0
426,ZIRTOJ__ligand22403-0
427,ZIRTOJ__ligand4649-0
428,ZIRTOJ__ligand5649-0
429,ZIRTOJ__ligand2788-0
430,ZIRTOJ__ligand8793-0
431,ZIRTOJ__ligand324-0
432,ZIRTOJ__ligand55-0
433,ZIRTOJ__ligand361-0
434,ZIRTOJ__ligand2906-0
435,ZIRTOJ__ligand20695-0
436,ZIRTOJ__ligand27754-0
437,ZIRTOJ__ligand409-0
438,ZIRTOJ__ligand11111-0
439,ZIRTOJ__ligand28540-0
440,ZIRTOJ__ligand3244-0
441,ZIRTOJ__ligand4711-0
442,ZIRTOJ__ligand16369-0
443,ZIRTOJ__ligand4807-0
444,ZIRTOJ__ligand29215-0
445,ZIRTOJ__ligand68-0
446,ZIRTOJ__ligand3178-0
447,ZIRTOJ__ligand12003-0
448,ZIRTOJ__ligand9753-0
449,ZIRTOJ__ligand26631-0
450,ZIRTOJ__ligand1787-0
451,ZIRTOJ__ligand16148-0
452,ZIRTOJ__ligand1356-0
453,ZIRTOJ__ligand5530-0
454,ZIRTOJ__ligand5159-0
455,ZIRTOJ__ligand10872-0
456,ZIRTOJ__ligand21399-0
457,ZIRTOJ__ligand7196-0
458,ZIRTOJ__ligand6017-0
459,ZIRTOJ__ligand19927-0
460,ZIRTOJ__ligand5708-0
461,ZIRTOJ__ligand14043-0
462,ZIRTOJ__ligand26324-0
463,ZIRTOJ__ligand28559-0
464,ZIRTOJ__ligand7316-0
465,ZIRTOJ__ligand27239-0
466,ZIRTOJ__ligand21729-0
467,ZIRTOJ__ligand5180-0
468,ZIRTOJ__ligand199-0
469,ZIRTOJ__ligand7172-0
470,ZIRTOJ__ligand9323-0
471,ZIRTOJ__ligand26529-0
472,ZIRTOJ__ligand7273-0
473,ZIRTOJ__ligand588-0
474,ZIRTOJ__ligand2260-0
475,ZIRTOJ__ligand7092-0
476,ZIRTOJ__ligand1116-0
477,ZIRTOJ__ligand11618-0
478,ZIRTOJ__ligand3225-0
479,ZIRTOJ__ligand1153-0
480,ZIRTOJ__ligand2124-0
481,ZIRTOJ__ligand34-0
482,ZIRTOJ__ligand300-0
483,ZIRTOJ__ligand8612-0
484,ZIRTOJ__ligand2417-0
485,ZIRTOJ__ligand31694-0
486,ZIRTOJ__ligand633-0
487,ZIRTOJ__ligand29486-0
488,ZIRTOJ__ligand9284-0
489,ZIRTOJ__ligand6391-0
490,ZIRTOJ__ligand3126-0
491,ZIRTOJ__ligand497-0
492,ZIRTOJ__ligand17427-0
493,ZIRTOJ__ligand1114-0
494,ZIRTOJ__ligand1604-0
495,ZIRTOJ__ligand11949-0
496,ZIRTOJ__ligand24780-0
497,ZIRTOJ__ligand12138-0
498,ZIRTOJ__ligand22129-0
499,ZIRTOJ__ligand1228-0
500,ZIRTOJ__ligand9943-0
501,ZIRTOJ__ligand25561-0
502,ZIRTOJ__ligand2043-0
503,ZIRTOJ__ligand1832-0
504,ZIRTOJ__ligand8788-0
505,ZIRTOJ__ligand30728-0
506,ZIRTOJ__ligand436-0
507,ZIRTOJ__ligand2612-0
508,ZIRTOJ__ligand27840-0
509,ZIRTOJ__ligand1599-0
510,ZIRTOJ__ligand24872-0
511,ZIRTOJ__ligand24644-0
512,ZIRTOJ__ligand10033-0
513,ZIRTOJ__ligand9450-0
514,ZIRTOJ__ligand692-0
515,ZIRTOJ__ligand12001-0
516,ZIRTOJ__ligand13385-0
517,ZIRTOJ__ligand14569-0
518,ZIRTOJ__ligand22444-0
519,ZIRTOJ__ligand24111-0
520,ZIRTOJ__ligand5387-0
521,ZIRTOJ__ligand2203-0
522,ZIRTOJ__ligand1289-0
523,ZIRTOJ__ligand13220-0
524,ZIRTOJ__ligand11587-0
525,ZIRTOJ__ligand15788-0
526,ZIRTOJ__ligand23175-0
527,ZIRTOJ__ligand326-0
528,ZIRTOJ__ligand17396-0
529,ZIRTOJ__ligand57-0
530,ZIRTOJ__ligand7291-0
531,ZIRTOJ__ligand696-0
532,ZIRTOJ__ligand16663-0
533,ZIRTOJ__ligand3677-1
534,ZIRTOJ__ligand9883-0
535,ZIRTOJ__ligand14614-0
536,ZIRTOJ__ligand24035-0
537,ZIRTOJ__ligand4007-0
538,ZIRTOJ__ligand2985-0
539,ZIRTOJ__ligand11994-0
540,ZIRTOJ__ligand31044-0
541,ZIRTOJ__ligand31842-0
542,ZIRTOJ__ligand9299-0
543,ZIRTOJ__ligand30711-0
544,ZIRTOJ__ligand20207-0
545,ZIRTOJ__ligand3945-0
546,ZIRTOJ__ligand11682-0
547,ZIRTOJ__ligand16-0
548,ZIRTOJ__ligand5383-0
549,ZIRTOJ__ligand2693-0
550,ZIRTOJ__ligand9344-0
551,ZIRTOJ__ligand656-0
552,ZIRTOJ__ligand25913-0
553,ZIRTOJ__ligand16988-0
554,ZIRTOJ__ligand8000-0
555,ZIRTOJ__ligand3736-0
556,ZIRTOJ__ligand11970-0
557,ZIRTOJ__ligand6892-0
558,ZIRTOJ__ligand32-0
559,ZIRTOJ__ligand15883-0
560,ZIRTOJ__ligand1211-0
561,ZIRTOJ__ligand1464-0
562,ZIRTOJ__ligand3712-0
563,ZIRTOJ__ligand24230-0
564,ZIRTOJ__ligand11096-0
565,ZIRTOJ__ligand11447-0
566,ZIRTOJ__ligand28810-0
567,ZIRTOJ__ligand2881-0
568,ZIRTOJ__ligand10828-0
569,ZIRTOJ__ligand19792-0
570,ZIRTOJ__ligand1499-0
571,ZIRTOJ__ligand15926-0
572,ZIRTOJ__ligand162-0
573,ZIRTOJ__ligand12365-0
574,ZIRTOJ__ligand10056-0
575,ZIRTOJ__ligand6699-0
576,ZIRTOJ__ligand28743-0
577,ZIRTOJ__ligand15531-0
578,ZIRTOJ__ligand226-0
579,ZIRTOJ__ligand13862-0
580,ZIRTOJ__ligand11357-0
581,ZIRTOJ__ligand3677-0
582,ZIRTOJ__ligand3632-0
583,ZIRTOJ__ligand22294-0
584,ZIRTOJ__ligand22168-0
585,ZIRTOJ__ligand416-0
586,ZIRTOJ__ligand28930-0
587,ZIRTOJ__ligand1294-0
588,ZIRTOJ__ligand383-0
589,ZIRTOJ__ligand1168-0
590,ZIRTOJ__ligand21919-0
591,ZIRTOJ__ligand29029-0
592,ZIRTOJ__ligand1376-0
593,ZIRTOJ__ligand5510-0
594,ZIRTOJ__ligand27285-0
595,ZIRTOJ__ligand9773-0
596,ZIRTOJ__ligand2259-0
597,ZIRTOJ__ligand23197-0
598,ZIRTOJ__ligand1296-0
599,ZIRTOJ__ligand8592-0
600,ZIRTOJ__ligand5099-0
601,ZIRTOJ__ligand1197-0
602,ZIRTOJ__ligand48-0
603,ZIRTOJ__ligand3926-0
604,ZIRTOJ__ligand3120-0
605,ZIRTOJ__ligand4358-0
606,ZIRTOJ__ligand2221-0
607,ZIRTOJ__ligand14167-0
608,ZIRTOJ__ligand13477-0
609,ZIRTOJ__ligand670-0
610,ZIRTOJ__ligand5595-0
611,ZIRTOJ__ligand4101-0
612,ZIRTOJ__ligand27669-0
613,ZIRTOJ__ligand571-0
614,ZIRTOJ__ligand534-0
615,ZIRTOJ__ligand30142-0
616,ZIRTOJ__ligand19184-0
617,ZIRTOJ__ligand51-0
618,ZIRTOJ__ligand5080-0
619,ZIRTOJ__ligand7762-0
620,ZIRTOJ__ligand1407-0
621,ZIRTOJ__ligand6117-0
622,ZIRTOJ__ligand8002-0
623,ZIRTOJ__ligand5509-0
624,ZIRTOJ__ligand28459-0
625,ZIRTOJ__ligand12453-0
626,ZIRTOJ__ligand18448-0
627,ZIRTOJ__ligand694-0
628,ZIRTOJ__ligand10371-0
629,ZIRTOJ__ligand3867-0
630,ZIRTOJ__ligand1317-0
631,ZIRTOJ__ligand7293-0
632,ZIRTOJ__ligand2822-0
633,ZIRTOJ__ligand358-0
634,ZIRTOJ__ligand5304-0
635,ZIRTOJ__ligand430-0
636,ZIRTOJ__ligand9167-0
637,ZIRTOJ__ligand13672-0
638,ZIRTOJ__ligand488-0
639,ZIRTOJ__ligand18568-0
640,ZIRTOJ__ligand2238-0
641,ZIRTOJ__ligand28685-0
642,ZIRTOJ__ligand91-0
643,ZIRTOJ__ligand3042-0
644,ZIRTOJ__ligand24560-0
645,ZIRTOJ__ligand18757-0
646,ZIRTOJ__ligand122-0
647,ZIRTOJ__ligand24624-0
648,ZIRTOJ__ligand18413-0
649,ZIRTOJ__ligand20844-0
650,ZIRTOJ__ligand4063-0
651,ZIRTOJ__ligand757-0
652,ZIRTOJ__ligand7438-0
653,ZIRTOJ__ligand8200-0
654,ZIRTOJ__ligand1539-0
655,ZIRTOJ__ligand14339-0
656,ZIRTOJ__ligand13691-0
657,ZIRTOJ__ligand30788-0
658,ZIRTOJ__ligand1150-0
659,ZIRTOJ__ligand3453-0
660,ZIRTOJ__ligand21752-0
661,ZIRTOJ__ligand3416-0
662,ZIRTOJ__ligand4207-0
663,ZIRTOJ__ligand21940-0
664,ZIRTOJ__ligand1288-0
665,ZIRTOJ__ligand25048-0
666,ZIRTOJ__ligand9491-0
667,ZIRTOJ__ligand16133-0
668,ZIRTOJ__ligand13755-0
669,ZIRTOJ__ligand27122-0
670,ZIRTOJ__ligand20432-0
671,ZIRTOJ__ligand1400-0
672,ZIRTOJ__ligand4266-0
673,ZIRTOJ__ligand4167-0
674,ZIRTOJ__ligand24953-0
675,ZIRTOJ__ligand23445-0
676,ZIRTOJ__ligand6993-0
677,ZIRTOJ__ligand1817-0
678,ZIRTOJ__ligand1779-0
679,ZIRTOJ__ligand693-0
680,ZIRTOJ__ligand9750-0
681,ZIRTOJ__ligand7075-0
682,ZIRTOJ__ligand30004-0
683,ZIRTOJ__ligand20557-0
684,ZIRTOJ__ligand1149-0
685,ZIRTOJ__ligand3980-0
686,ZIRTOJ__ligand3557-0
687,ZIRTOJ__ligand240-0
688,ZIRTOJ__ligand21448-0
689,ZIRTOJ__ligand1786-0
690,ZIRTOJ__ligand141-0
691,ZIRTOJ__ligand11758-0
692,ZIRTOJ__ligand22357-0
693,ZIRTOJ__ligand5630-0
694,ZIRTOJ__ligand29214-0
695,ZIRTOJ__ligand1908-0
696,ZIRTOJ__ligand3285-0
697,ZIRTOJ__ligand4795-0
698,ZIRTOJ__ligand8-0
699,ZIRTOJ__ligand69-0
700,ZIRTOJ__ligand11501-0
701,ZIRTOJ__ligand11544-0
702,ZIRTOJ__ligand14477-0
703,ZIRTOJ__ligand11-0
704,ZIRTOJ__ligand17069-0
705,ZIRTOJ__ligand5085-0
706,ZIRTOJ__ligand3144-0
707,ZIRTOJ__ligand17445-0
708,ZIRTOJ__ligand5755-0
709,ZIRTOJ__ligand4710-0
710,ZIRTOJ__ligand7213-0
711,ZIRTOJ__ligand20731-0
712,ZIRTOJ__ligand1397-0
713,ZIRTOJ__ligand29334-0
714,ZIRTOJ__ligand1828-0
715,ZIRTOJ__ligand12413-0
716,ZIRTOJ__ligand6112-0
717,ZIRTOJ__ligand11798-0
718,ZIRTOJ__ligand8042-0
719,ZIRTOJ__ligand768-0
720,ZIRTOJ__ligand23682-0
721,ZIRTOJ__ligand1152-0
722,ZIRTOJ__ligand3261-0
723,ZIRTOJ__ligand29565-0
724,ZIRTOJ__ligand5019-0
725,ZIRTOJ__ligand27771-0
726,ZIRTOJ__ligand1216-0
727,ZIRTOJ__ligand18158-0
728,ZIRTOJ__ligand14226-0
729,ZIRTOJ__ligand21339-0
730,ZIRTOJ__ligand16956-0
731,ZIRTOJ__ligand20942-1
732,ZIRTOJ__ligand1849-0
733,ZIRTOJ__ligand1831-0
734,ZIRTOJ__ligand27550-0
735,ZIRTOJ__ligand5280-0
736,ZIRTOJ__ligand5614-0
737,ZIRTOJ__ligand6663-0
738,ZIRTOJ__ligand5515-0
739,ZIRTOJ__ligand384-0
740,ZIRTOJ__ligand14007-0
741,ZIRTOJ__ligand18019-1
742,ZIRTOJ__ligand29813-0
743,ZIRTOJ__ligand16952-0
744,ZIRTOJ__ligand5201-0
745,ZIRTOJ__ligand20220-0
746,ZIRTOJ__ligand20121-0
747,ZIRTOJ__ligand89-0
748,ZIRTOJ__ligand1113-0
749,ZIRTOJ__ligand15387-0
750,ZIRTOJ__ligand8553-0
751,ZIRTOJ__ligand24851-0
752,ZIRTOJ__ligand8593-0
753,ZIRTOJ__ligand9944-0
754,ZIRTOJ__ligand13657-0
755,ZIRTOJ__ligand14347-0
756,ZIRTOJ__ligand14302-0
757,ZIRTOJ__ligand11698-0
758,ZIRTOJ__ligand338-0
759,ZIRTOJ__ligand20530-0
760,ZIRTOJ__ligand49-0
761,ZIRTOJ__ligand11479-0
762,ZIRTOJ__ligand2001-0
763,ZIRTOJ__ligand27610-0
764,ZIRTOJ__ligand10479-0
765,ZIRTOJ__ligand7566-0
766,ZIRTOJ__ligand10853-0
767,ZIRTOJ__ligand29441-0
768,ZIRTOJ__ligand19906-0
769,ZIRTOJ__ligand4340-0
770,ZIRTOJ__ligand2650-0
771,ZIRTOJ__ligand2281-0
772,ZIRTOJ__ligand19668-0
773,ZIRTOJ__ligand3180-0
774,ZIRTOJ__ligand6995-0
775,ZIRTOJ__ligand22353-0
776,ZIRTOJ__ligand201-0
777,ZIRTOJ__ligand2823-0
778,ZIRTOJ__ligand279-0
779,ZIRTOJ__ligand185-0
780,ZIRTOJ__ligand178-0
781,ZIRTOJ__ligand4161-0
782,ZIRTOJ__ligand3471-0
783,ZIRTOJ__ligand4124-0
784,ZIRTOJ__ligand10151-0
785,ZIRTOJ__ligand321-0
786,ZIRTOJ__ligand5415-0
787,ZIRTOJ__ligand1028-0
788,ZIRTOJ__ligand657-0
789,ZIRTOJ__ligand187-0
790,ZIRTOJ__ligand18067-0
791,ZIRTOJ__ligand4262-0
792,ZIRTOJ__ligand19824-0
793,ZIRTOJ__ligand11252-0
794,ZIRTOJ__ligand366-0
795,ZIRTOJ__ligand17-0
796,ZIRTOJ__ligand2692-0
797,ZIRTOJ__ligand13260-0
798,ZIRTOJ__ligand1618-0
799,ZIRTOJ__ligand10582-0
800,ZIRTOJ__ligand777-0
801,ZIRTOJ__ligand11606-0
802,ZIRTOJ__ligand31000-0
803,ZIRTOJ__ligand26673-0
804,ZIRTOJ__ligand2027-0
805,ZIRTOJ__ligand1015-0
806,ZIRTOJ__ligand1050-0
807,ZIRTOJ__ligand20821-0
808,ZIRTOJ__ligand941-0
809,ZIRTOJ__ligand596-0
810,ZIRTOJ__ligand16870-0
811,ZIRTOJ__ligand8529-0
812,ZIRTOJ__ligand11622-0
813,ZIRTOJ__ligand1169-0
814,ZIRTOJ__ligand126-0
815,ZIRTOJ__ligand163-0
816,ZIRTOJ__ligand11814-0
817,ZIRTOJ__ligand16603-0
818,ZIRTOJ__ligand4596-0
819,ZIRTOJ__ligand31205-0
820,ZIRTOJ__ligand1498-0
821,ZIRTOJ__ligand17686-0
822,ZIRTOJ__ligand25658-0
823,ZIRTOJ__ligand11177-0
824,ZIRTOJ__ligand845-0
825,ZIRTOJ__ligand1154-0
826,ZIRTOJ__ligand9615-0
827,ZIRTOJ__ligand15455-0
