,TMC
0,BISHOD__ligand9441-0
1,BISHOD__ligand2332-0
2,BISHOD__ligand497-0
3,BISHOD__ligand633-0
4,BISHOD__ligand1530-0
5,BISHOD__ligand1575-0
6,BISHOD__ligand9933-0
7,BISHOD__ligand24560-0
8,BISHOD__ligand18757-0
9,BISHOD__ligand1631-0
10,BISHOD__ligand19-0
11,BISHOD__ligand24624-0
12,BISHOD__ligand18413-0
13,BISHOD__ligand20844-0
14,BISHOD__ligand21752-0
15,BISHOD__ligand24-0
16,BISHOD__ligand3156-0
17,BISHOD__ligand2915-0
18,BISHOD__ligand14339-0
19,BISHOD__ligand1378-0
20,BISHOD__ligand13691-0
21,BISHOD__ligand6244-0
22,BISHOD__ligand30788-0
23,BISHOD__ligand16133-0
24,BISHOD__ligand13755-0
25,BISHOD__ligand27122-0
26,BISHOD__ligand20432-0
27,BISHOD__ligand9601-0
28,BISHOD__ligand692-0
29,BISHOD__ligand8992-0
30,BISHOD__ligand24953-0
31,BISHOD__ligand23445-0
32,BISHOD__ligand45-0
33,BISHOD__ligand21940-0
34,BISHOD__ligand1018-0
35,BISHOD__ligand4116-0
36,BISHOD__ligand25048-0
37,BISHOD__ligand436-0
38,BISHOD__ligand3707-0
39,BISHOD__ligand6124-0
40,BISHOD__ligand7967-0
41,BISHOD__ligand1324-0
42,BISHOD__ligand30004-0
43,BISHOD__ligand8721-0
44,BISHOD__ligand20557-0
45,BISHOD__ligand326-0
46,BISHOD__ligand5643-0
47,BISHOD__ligand1823-0
48,BISHOD__ligand2526-0
49,BISHOD__ligand5036-0
50,BISHOD__ligand1615-0
51,BISHOD__ligand78-0
52,BISHOD__ligand9952-0
53,BISHOD__ligand9111-0
54,BISHOD__ligand409-0
55,BISHOD__ligand361-0
56,BISHOD__ligand324-0
57,BISHOD__ligand29214-0
58,BISHOD__ligand4641-0
59,BISHOD__ligand11501-0
60,BISHOD__ligand11544-0
61,BISHOD__ligand21448-0
62,BISHOD__ligand11758-0
63,BISHOD__ligand22357-0
64,BISHOD__ligand20731-0
65,BISHOD__ligand29334-0
66,BISHOD__ligand1142-0
67,BISHOD__ligand3234-0
68,BISHOD__ligand12413-0
69,BISHOD__ligand11798-0
70,BISHOD__ligand14477-0
71,BISHOD__ligand7126-0
72,BISHOD__ligand17069-0
73,BISHOD__ligand8835-0
74,BISHOD__ligand2028-0
75,BISHOD__ligand17445-0
76,BISHOD__ligand14226-0
77,BISHOD__ligand21339-0
78,BISHOD__ligand16956-0
79,BISHOD__ligand20942-1
80,BISHOD__ligand2917-0
81,BISHOD__ligand7819-0
82,BISHOD__ligand199-0
83,BISHOD__ligand23682-0
84,BISHOD__ligand29565-0
85,BISHOD__ligand3465-0
86,BISHOD__ligand27771-0
87,BISHOD__ligand6596-0
88,BISHOD__ligand3721-0
89,BISHOD__ligand6904-0
90,BISHOD__ligand6102-0
91,BISHOD__ligand18158-0
92,BISHOD__ligand300-0
93,BISHOD__ligand4620-0
94,BISHOD__ligand14007-0
95,BISHOD__ligand18019-1
96,BISHOD__ligand27550-0
97,BISHOD__ligand588-0
98,BISHOD__ligand2295-0
99,BISHOD__ligand1577-0
100,BISHOD__ligand6067-0
101,BISHOD__ligand20220-0
102,BISHOD__ligand7106-0
103,BISHOD__ligand20121-0
104,BISHOD__ligand15387-0
105,BISHOD__ligand7242-0
106,BISHOD__ligand67-0
107,BISHOD__ligand16952-0
108,BISHOD__ligand9908-0
109,BISHOD__ligand29813-0
110,BISHOD__ligand1263-0
111,BISHOD__ligand9935-0
112,BISHOD__ligand11479-0
113,BISHOD__ligand10479-0
114,BISHOD__ligand27610-0
115,BISHOD__ligand670-0
116,BISHOD__ligand1536-0
117,BISHOD__ligand1573-0
118,BISHOD__ligand1959-0
119,BISHOD__ligand534-0
120,BISHOD__ligand10853-0
121,BISHOD__ligand571-0
122,BISHOD__ligand3504-0
123,BISHOD__ligand29441-0
124,BISHOD__ligand1844-0
125,BISHOD__ligand4661-0
126,BISHOD__ligand24851-0
127,BISHOD__ligand13657-0
128,BISHOD__ligand14347-0
129,BISHOD__ligand3876-0
130,BISHOD__ligand1343-0
131,BISHOD__ligand3035-0
132,BISHOD__ligand14302-0
133,BISHOD__ligand6616-0
134,BISHOD__ligand11698-0
135,BISHOD__ligand3718-0
136,BISHOD__ligand20530-0
137,BISHOD__ligand3565-0
138,BISHOD__ligand22353-0
139,BISHOD__ligand5331-0
140,BISHOD__ligand1512-0
141,BISHOD__ligand19906-0
142,BISHOD__ligand6919-0
143,BISHOD__ligand2485-0
144,BISHOD__ligand3852-0
145,BISHOD__ligand19668-0
146,BISHOD__ligand4155-0
147,BISHOD__ligand3094-0
148,BISHOD__ligand430-0
149,BISHOD__ligand10151-0
150,BISHOD__ligand358-0
151,BISHOD__ligand5211-0
152,BISHOD__ligand488-0
153,BISHOD__ligand6839-0
154,BISHOD__ligand3174-0
155,BISHOD__ligand1202-0
156,BISHOD__ligand3937-0
157,BISHOD__ligand3131-0
158,BISHOD__ligand8969-0
159,BISHOD__ligand43-0
160,BISHOD__ligand4720-0
161,BISHOD__ligand694-0
162,BISHOD__ligand8876-0
163,BISHOD__ligand2828-0
164,BISHOD__ligand7648-0
165,BISHOD__ligand9833-0
166,BISHOD__ligand11252-0
167,BISHOD__ligand5256-0
168,BISHOD__ligand13260-0
169,BISHOD__ligand4157-0
170,BISHOD__ligand10582-0
171,BISHOD__ligand2232-0
172,BISHOD__ligand696-0
173,BISHOD__ligand2176-0
174,BISHOD__ligand18067-0
175,BISHOD__ligand9291-0
176,BISHOD__ligand19824-0
177,BISHOD__ligand6768-0
178,BISHOD__ligand26673-0
179,BISHOD__ligand8115-0
180,BISHOD__ligand7000-0
181,BISHOD__ligand656-0
182,BISHOD__ligand1982-0
183,BISHOD__ligand20821-0
184,BISHOD__ligand1285-0
185,BISHOD__ligand11606-0
186,BISHOD__ligand4503-0
187,BISHOD__ligand4546-0
188,BISHOD__ligand31000-0
189,BISHOD__ligand11814-0
190,BISHOD__ligand4016-0
191,BISHOD__ligand7867-0
192,BISHOD__ligand16603-0
193,BISHOD__ligand1219-0
194,BISHOD__ligand6709-0
195,BISHOD__ligand7280-0
196,BISHOD__ligand16870-0
197,BISHOD__ligand1790-0
198,BISHOD__ligand1304-0
199,BISHOD__ligand7238-0
200,BISHOD__ligand11622-0
201,BISHOD__ligand11177-0
202,BISHOD__ligand416-0
203,BISHOD__ligand9784-0
204,BISHOD__ligand1451-0
205,BISHOD__ligand4272-0
206,BISHOD__ligand383-0
207,BISHOD__ligand15455-0
208,BISHOD__ligand7629-0
209,BISHOD__ligand4093-0
210,BISHOD__ligand4442-0
211,BISHOD__ligand3954-0
212,BISHOD__ligand162-0
213,BISHOD__ligand31205-0
214,BISHOD__ligand9520-0
215,BISHOD__ligand1160-0
216,BISHOD__ligand226-0
217,BISHOD__ligand25658-0
218,BISHOD__ligand17686-0
219,BISHOD__ligand8699-0
220,BISHOD__ligand7162-0
221,BISHOD__ligand27754-0
222,BISHOD__ligand20695-0
223,BISHOD__ligand3029-0
224,BISHOD__ligand4581-0
225,BISHOD__ligand1773-0
226,BISHOD__ligand11111-0
227,BISHOD__ligand28540-0
228,BISHOD__ligand2328-0
229,BISHOD__ligand16369-0
230,BISHOD__ligand22403-0
231,BISHOD__ligand9197-0
232,BISHOD__ligand1900-0
233,BISHOD__ligand240-0
234,BISHOD__ligand141-0
235,BISHOD__ligand12003-0
236,BISHOD__ligand26631-0
237,BISHOD__ligand16148-0
238,BISHOD__ligand10872-0
239,BISHOD__ligand21399-0
240,BISHOD__ligand3208-0
241,BISHOD__ligand2208-0
242,BISHOD__ligand2781-0
243,BISHOD__ligand7573-0
244,BISHOD__ligand3350-0
245,BISHOD__ligand29215-0
246,BISHOD__ligand8722-0
247,BISHOD__ligand1327-0
248,BISHOD__ligand9809-0
249,BISHOD__ligand6672-0
250,BISHOD__ligand27239-0
251,BISHOD__ligand21729-0
252,BISHOD__ligand1533-0
253,BISHOD__ligand8-0
254,BISHOD__ligand19927-0
255,BISHOD__ligand768-0
256,BISHOD__ligand7557-0
257,BISHOD__ligand14043-0
258,BISHOD__ligand1496-0
259,BISHOD__ligand26324-0
260,BISHOD__ligand28559-0
261,BISHOD__ligand11618-0
262,BISHOD__ligand1712-0
263,BISHOD__ligand4131-0
264,BISHOD__ligand384-0
265,BISHOD__ligand5892-0
266,BISHOD__ligand5094-0
267,BISHOD__ligand26529-0
268,BISHOD__ligand2722-0
269,BISHOD__ligand757-0
270,BISHOD__ligand1379-0
271,BISHOD__ligand5935-0
272,BISHOD__ligand17427-0
273,BISHOD__ligand9525-0
274,BISHOD__ligand31694-0
275,BISHOD__ligand1165-0
276,BISHOD__ligand29486-0
277,BISHOD__ligand3157-0
278,BISHOD__ligand122-0
279,BISHOD__ligand5357-0
280,BISHOD__ligand3647-0
281,BISHOD__ligand1688-0
282,BISHOD__ligand25561-0
283,BISHOD__ligand5056-0
284,BISHOD__ligand18-0
285,BISHOD__ligand4850-0
286,BISHOD__ligand11949-0
287,BISHOD__ligand1768-0
288,BISHOD__ligand1469-0
289,BISHOD__ligand24780-0
290,BISHOD__ligand12138-0
291,BISHOD__ligand22129-0
292,BISHOD__ligand3871-0
293,BISHOD__ligand24644-0
294,BISHOD__ligand10033-0
295,BISHOD__ligand2527-0
296,BISHOD__ligand12001-0
297,BISHOD__ligand30728-0
298,BISHOD__ligand27840-0
299,BISHOD__ligand8349-0
300,BISHOD__ligand24872-0
301,BISHOD__ligand1709-0
302,BISHOD__ligand8464-0
303,BISHOD__ligand4911-0
304,BISHOD__ligand11587-0
305,BISHOD__ligand13220-0
306,BISHOD__ligand1771-0
307,BISHOD__ligand15788-0
308,BISHOD__ligand23175-0
309,BISHOD__ligand3392-0
310,BISHOD__ligand17396-0
311,BISHOD__ligand13385-0
312,BISHOD__ligand14569-0
313,BISHOD__ligand693-0
314,BISHOD__ligand22444-0
315,BISHOD__ligand5849-0
316,BISHOD__ligand24111-0
317,BISHOD__ligand7530-0
318,BISHOD__ligand366-0
319,BISHOD__ligand1065-0
320,BISHOD__ligand24035-0
321,BISHOD__ligand3012-0
322,BISHOD__ligand11994-0
323,BISHOD__ligand1449-0
324,BISHOD__ligand31044-0
325,BISHOD__ligand31842-0
326,BISHOD__ligand657-0
327,BISHOD__ligand4332-0
328,BISHOD__ligand16663-0
329,BISHOD__ligand9681-0
330,BISHOD__ligand187-0
331,BISHOD__ligand38-0
332,BISHOD__ligand14614-0
333,BISHOD__ligand6455-0
334,BISHOD__ligand6882-0
335,BISHOD__ligand25913-0
336,BISHOD__ligand16988-0
337,BISHOD__ligand3934-0
338,BISHOD__ligand596-0
339,BISHOD__ligand941-0
340,BISHOD__ligand20207-0
341,BISHOD__ligand30711-0
342,BISHOD__ligand11682-0
343,BISHOD__ligand777-0
344,BISHOD__ligand2403-0
345,BISHOD__ligand24230-0
346,BISHOD__ligand9148-0
347,BISHOD__ligand11447-0
348,BISHOD__ligand11096-0
349,BISHOD__ligand28810-0
350,BISHOD__ligand163-0
351,BISHOD__ligand126-0
352,BISHOD__ligand10828-0
353,BISHOD__ligand19792-0
354,BISHOD__ligand15926-0
355,BISHOD__ligand11970-0
356,BISHOD__ligand7529-0
357,BISHOD__ligand1415-0
358,BISHOD__ligand6946-0
359,BISHOD__ligand15883-0
360,BISHOD__ligand22294-0
361,BISHOD__ligand2830-0
362,BISHOD__ligand22168-0
363,BISHOD__ligand845-0
364,BISHOD__ligand28930-0
365,BISHOD__ligand1729-0
366,BISHOD__ligand5627-0
367,BISHOD__ligand21919-0
368,BISHOD__ligand12365-0
369,BISHOD__ligand10056-0
370,BISHOD__ligand5483-0
371,BISHOD__ligand28743-0
372,BISHOD__ligand5316-0
373,BISHOD__ligand15531-0
374,BISHOD__ligand13862-0
375,BISHOD__ligand11357-0
376,BISHOD__ligand23197-0
377,BISHOD__ligand6283-0
378,BISHOD__ligand29029-0
379,BISHOD__ligand27285-0
380,BISHOD__ligand6062-0
381,BISHOD__ligand4738-0
382,BISHOD__ligand5813-0
383,BISHOD__ligand4813-0
384,BISHOD__ligand3215-0
385,BISHOD__ligand14167-0
386,BISHOD__ligand13477-0
387,BISHOD__ligand66-0
388,BISHOD__ligand27669-0
389,BISHOD__ligand30142-0
390,BISHOD__ligand7107-0
391,BISHOD__ligand338-0
392,BISHOD__ligand3973-0
393,BISHOD__ligand28459-0
394,BISHOD__ligand42-0
395,BISHOD__ligand1147-0
396,BISHOD__ligand12453-0
397,BISHOD__ligand201-0
398,BISHOD__ligand18448-0
399,BISHOD__ligand19184-0
400,BISHOD__ligand7925-0
401,BISHOD__ligand2068-0
402,BISHOD__ligand4194-0
403,BISHOD__ligand13672-0
404,BISHOD__ligand321-0
405,BISHOD__ligand18568-0
406,BISHOD__ligand7532-0
407,BISHOD__ligand28685-0
408,BISHOD__ligand185-0
409,BISHOD__ligand279-0
410,BISHOD__ligand10371-0
411,BISHOD__ligand4330-0
412,BISHOD__ligand2599-0
413,BISHOD__ligand178-0
414,BISHOD__ligand8042-0
415,BISHOD__ligand395-0
416,BISHOD__ligand6112-0
417,BISHOD__ligand1828-0
418,BISHOD__ligand368-0
419,BISHOD__ligand27460-0
420,BISHOD__ligand7213-0
421,BISHOD__ligand1397-0
422,BISHOD__ligand12427-0
423,BISHOD__ligand5755-0
424,BISHOD__ligand4710-0
425,BISHOD__ligand28468-0
426,BISHOD__ligand20740-0
427,BISHOD__ligand5085-0
428,BISHOD__ligand3144-0
429,BISHOD__ligand16628-0
430,BISHOD__ligand30296-0
431,BISHOD__ligand3285-0
432,BISHOD__ligand4795-0
433,BISHOD__ligand17281-0
434,BISHOD__ligand26540-0
435,BISHOD__ligand1908-0
436,BISHOD__ligand29410-0
437,BISHOD__ligand12337-0
438,BISHOD__ligand784-0
439,BISHOD__ligand5630-0
440,BISHOD__ligand30333-0
441,BISHOD__ligand1786-0
442,BISHOD__ligand12606-0
443,BISHOD__ligand14603-0
444,BISHOD__ligand14297-0
445,BISHOD__ligand17258-0
446,BISHOD__ligand13012-0
447,BISHOD__ligand17631-0
448,BISHOD__ligand26665-0
449,BISHOD__ligand6663-0
450,BISHOD__ligand5515-0
451,BISHOD__ligand833-0
452,BISHOD__ligand31783-0
453,BISHOD__ligand1831-0
454,BISHOD__ligand5614-0
455,BISHOD__ligand5280-0
456,BISHOD__ligand14723-0
457,BISHOD__ligand1849-0
458,BISHOD__ligand27893-0
459,BISHOD__ligand12934-0
460,BISHOD__ligand20578-0
461,BISHOD__ligand15422-0
462,BISHOD__ligand19641-0
463,BISHOD__ligand23713-0
464,BISHOD__ligand27175-0
465,BISHOD__ligand18832-0
466,BISHOD__ligand115-0
467,BISHOD__ligand1216-0
468,BISHOD__ligand57-0
469,BISHOD__ligand5019-0
470,BISHOD__ligand30988-0
471,BISHOD__ligand3261-0
472,BISHOD__ligand1152-0
473,BISHOD__ligand26702-0
474,BISHOD__ligand13658-0
475,BISHOD__ligand18292-0
476,BISHOD__ligand12289-0
477,BISHOD__ligand17387-0
478,BISHOD__ligand12130-0
479,BISHOD__ligand4207-0
480,BISHOD__ligand12231-0
481,BISHOD__ligand3416-0
482,BISHOD__ligand3453-0
483,BISHOD__ligand12401-0
484,BISHOD__ligand15585-0
485,BISHOD__ligand1150-0
486,BISHOD__ligand24145-0
487,BISHOD__ligand55-0
488,BISHOD__ligand10476-0
489,BISHOD__ligand152-0
490,BISHOD__ligand13068-0
491,BISHOD__ligand19830-0
492,BISHOD__ligand1539-0
493,BISHOD__ligand24185-0
494,BISHOD__ligand23769-0
495,BISHOD__ligand7438-0
496,BISHOD__ligand8200-0
497,BISHOD__ligand4063-0
498,BISHOD__ligand68-0
499,BISHOD__ligand25178-0
500,BISHOD__ligand506-0
501,BISHOD__ligand17302-0
502,BISHOD__ligand3042-0
503,BISHOD__ligand17805-0
504,BISHOD__ligand3557-0
505,BISHOD__ligand3980-0
506,BISHOD__ligand1149-0
507,BISHOD__ligand14108-0
508,BISHOD__ligand7075-0
509,BISHOD__ligand9750-0
510,BISHOD__ligand487-0
511,BISHOD__ligand12641-0
512,BISHOD__ligand10958-0
513,BISHOD__ligand1779-0
514,BISHOD__ligand1817-0
515,BISHOD__ligand6993-0
516,BISHOD__ligand447-0
517,BISHOD__ligand4167-0
518,BISHOD__ligand28676-0
519,BISHOD__ligand746-0
520,BISHOD__ligand10262-0
521,BISHOD__ligand1400-0
522,BISHOD__ligand4266-0
523,BISHOD__ligand9491-0
524,BISHOD__ligand27763-0
525,BISHOD__ligand19057-0
526,BISHOD__ligand18814-0
527,BISHOD__ligand176-0
528,BISHOD__ligand1288-0
529,BISHOD__ligand34-0
530,BISHOD__ligand29302-0
531,BISHOD__ligand13425-0
532,BISHOD__ligand1050-0
533,BISHOD__ligand1015-0
534,BISHOD__ligand353-0
535,BISHOD__ligand31832-0
536,BISHOD__ligand13294-0
537,BISHOD__ligand2027-0
538,BISHOD__ligand12030-0
539,BISHOD__ligand14248-0
540,BISHOD__ligand29879-0
541,BISHOD__ligand48-0
542,BISHOD__ligand13331-0
543,BISHOD__ligand28884-0
544,BISHOD__ligand1618-0
545,BISHOD__ligand2692-0
546,BISHOD__ligand10712-0
547,BISHOD__ligand14174-0
548,BISHOD__ligand11456-0
549,BISHOD__ligand393-0
550,BISHOD__ligand4262-0
551,BISHOD__ligand25411-0
552,BISHOD__ligand1028-0
553,BISHOD__ligand13390-0
554,BISHOD__ligand9615-0
555,BISHOD__ligand686-0
556,BISHOD__ligand1154-0
557,BISHOD__ligand51-0
558,BISHOD__ligand1498-0
559,BISHOD__ligand422-0
560,BISHOD__ligand4596-0
561,BISHOD__ligand20682-0
562,BISHOD__ligand27482-0
563,BISHOD__ligand26810-0
564,BISHOD__ligand13208-0
565,BISHOD__ligand1169-0
566,BISHOD__ligand8529-0
567,BISHOD__ligand196-0
568,BISHOD__ligand91-0
569,BISHOD__ligand29568-0
570,BISHOD__ligand7566-0
571,BISHOD__ligand30851-0
572,BISHOD__ligand14889-0
573,BISHOD__ligand2001-0
574,BISHOD__ligand20419-0
575,BISHOD__ligand17118-0
576,BISHOD__ligand8593-0
577,BISHOD__ligand314-1
578,BISHOD__ligand21371-0
579,BISHOD__ligand9944-0
580,BISHOD__ligand28789-0
581,BISHOD__ligand16-0
582,BISHOD__ligand8553-0
583,BISHOD__ligand17261-0
584,BISHOD__ligand1113-0
585,BISHOD__ligand14117-0
586,BISHOD__ligand5201-0
587,BISHOD__ligand20539-0
588,BISHOD__ligand20214-0
589,BISHOD__ligand30702-0
590,BISHOD__ligand4-0
591,BISHOD__ligand20251-0
592,BISHOD__ligand465-0
593,BISHOD__ligand31097-0
594,BISHOD__ligand21581-0
595,BISHOD__ligand5415-0
596,BISHOD__ligand618-0
597,BISHOD__ligand20251-1
598,BISHOD__ligand32-0
599,BISHOD__ligand4124-0
600,BISHOD__ligand4161-0
601,BISHOD__ligand3471-0
602,BISHOD__ligand16475-0
603,BISHOD__ligand14703-0
604,BISHOD__ligand391-0
605,BISHOD__ligand813-0
606,BISHOD__ligand2823-0
607,BISHOD__ligand17398-0
608,BISHOD__ligand6995-0
609,BISHOD__ligand11675-0
610,BISHOD__ligand20598-0
611,BISHOD__ligand780-0
612,BISHOD__ligand314-0
613,BISHOD__ligand10589-0
614,BISHOD__ligand22557-0
615,BISHOD__ligand24047-0
616,BISHOD__ligand17278-0
617,BISHOD__ligand20011-0
618,BISHOD__ligand29414-0
619,BISHOD__ligand3180-0
620,BISHOD__ligand17982-0
621,BISHOD__ligand4340-0
622,BISHOD__ligand2650-0
623,BISHOD__ligand2281-0
624,BISHOD__ligand1832-0
625,BISHOD__ligand372-0
626,BISHOD__ligand8788-0
627,BISHOD__ligand24064-0
628,BISHOD__ligand23589-0
629,BISHOD__ligand2043-0
630,BISHOD__ligand830-0
631,BISHOD__ligand1228-0
632,BISHOD__ligand9943-0
633,BISHOD__ligand15168-0
634,BISHOD__ligand69-0
635,BISHOD__ligand1604-0
636,BISHOD__ligand193-0
637,BISHOD__ligand252-0
638,BISHOD__ligand1114-0
639,BISHOD__ligand29898-0
640,BISHOD__ligand26277-0
641,BISHOD__ligand11-0
642,BISHOD__ligand10432-0
643,BISHOD__ligand116-0
644,BISHOD__ligand6391-0
645,BISHOD__ligand11432-0
646,BISHOD__ligand3126-0
647,BISHOD__ligand31618-0
648,BISHOD__ligand9284-0
649,BISHOD__ligand22755-0
650,BISHOD__ligand3-0
651,BISHOD__ligand2417-0
652,BISHOD__ligand25224-0
653,BISHOD__ligand18013-0
654,BISHOD__ligand177-0
655,BISHOD__ligand17945-0
656,BISHOD__ligand1289-0
657,BISHOD__ligand17207-0
658,BISHOD__ligand2203-0
659,BISHOD__ligand5387-0
660,BISHOD__ligand31578-0
661,BISHOD__ligand24750-0
662,BISHOD__ligand15438-0
663,BISHOD__ligand28924-0
664,BISHOD__ligand9450-0
665,BISHOD__ligand29087-0
666,BISHOD__ligand1599-0
667,BISHOD__ligand2612-0
668,BISHOD__ligand909-0
669,BISHOD__ligand18703-0
670,BISHOD__ligand311-0
671,BISHOD__ligand7196-0
672,BISHOD__ligand785-0
673,BISHOD__ligand479-0
674,BISHOD__ligand5159-0
675,BISHOD__ligand1787-0
676,BISHOD__ligand1356-0
677,BISHOD__ligand5530-0
678,BISHOD__ligand9753-0
679,BISHOD__ligand370-1
680,BISHOD__ligand3178-0
681,BISHOD__ligand13072-0
682,BISHOD__ligand620-0
683,BISHOD__ligand4807-0
684,BISHOD__ligand564-0
685,BISHOD__ligand12336-0
686,BISHOD__ligand17240-0
687,BISHOD__ligand4711-0
688,BISHOD__ligand3244-0
689,BISHOD__ligand188-0
690,BISHOD__ligand2906-0
691,BISHOD__ligand17590-0
692,BISHOD__ligand4649-0
693,BISHOD__ligand8793-0
694,BISHOD__ligand5649-0
695,BISHOD__ligand2788-0
696,BISHOD__ligand18699-0
697,BISHOD__ligand12682-0
698,BISHOD__ligand21421-0
699,BISHOD__ligand8612-0
700,BISHOD__ligand2124-0
701,BISHOD__ligand7092-0
702,BISHOD__ligand250-0
703,BISHOD__ligand2260-0
704,BISHOD__ligand3225-0
705,BISHOD__ligand1153-0
706,BISHOD__ligand14586-0
707,BISHOD__ligand1116-0
708,BISHOD__ligand11774-0
709,BISHOD__ligand7273-0
710,BISHOD__ligand9323-0
711,BISHOD__ligand7172-0
712,BISHOD__ligand17710-0
713,BISHOD__ligand20579-0
714,BISHOD__ligand11568-0
715,BISHOD__ligand1-0
716,BISHOD__ligand31483-0
717,BISHOD__ligand5180-0
718,BISHOD__ligand10555-0
719,BISHOD__ligand370-0
720,BISHOD__ligand7316-0
721,BISHOD__ligand5708-0
722,BISHOD__ligand24613-0
723,BISHOD__ligand6017-0
724,BISHOD__ligand19725-0
725,BISHOD__ligand29610-0
726,BISHOD__ligand5595-0
727,BISHOD__ligand421-0
728,BISHOD__ligand11140-0
729,BISHOD__ligand4101-0
730,BISHOD__ligand17-0
731,BISHOD__ligand685-0
732,BISHOD__ligand2221-0
733,BISHOD__ligand4358-0
734,BISHOD__ligand13869-0
735,BISHOD__ligand18074-0
736,BISHOD__ligand3120-0
737,BISHOD__ligand29863-0
738,BISHOD__ligand3926-0
739,BISHOD__ligand1197-0
740,BISHOD__ligand294-0
741,BISHOD__ligand5099-0
742,BISHOD__ligand8592-0
743,BISHOD__ligand1296-0
744,BISHOD__ligand18799-0
745,BISHOD__ligand18465-0
746,BISHOD__ligand2259-0
747,BISHOD__ligand16791-0
748,BISHOD__ligand28668-0
749,BISHOD__ligand9773-0
750,BISHOD__ligand1376-0
751,BISHOD__ligand5510-0
752,BISHOD__ligand2238-0
753,BISHOD__ligand560-0
754,BISHOD__ligand18391-0
755,BISHOD__ligand9167-0
756,BISHOD__ligand14523-0
757,BISHOD__ligand5304-0
758,BISHOD__ligand27169-0
759,BISHOD__ligand1317-0
760,BISHOD__ligand3867-0
761,BISHOD__ligand2822-0
762,BISHOD__ligand7293-0
763,BISHOD__ligand27074-0
764,BISHOD__ligand20599-0
765,BISHOD__ligand22981-0
766,BISHOD__ligand25805-0
767,BISHOD__ligand21936-0
768,BISHOD__ligand13257-0
769,BISHOD__ligand23904-0
770,BISHOD__ligand5509-0
771,BISHOD__ligand8002-0
772,BISHOD__ligand1407-0
773,BISHOD__ligand6117-0
774,BISHOD__ligand7762-0
775,BISHOD__ligand10084-0
776,BISHOD__ligand134-0
777,BISHOD__ligand5080-0
778,BISHOD__ligand25267-0
779,BISHOD__ligand12467-0
780,BISHOD__ligand235-0
781,BISHOD__ligand3736-0
782,BISHOD__ligand23906-0
783,BISHOD__ligand868-0
784,BISHOD__ligand8000-0
785,BISHOD__ligand11166-0
786,BISHOD__ligand9344-0
787,BISHOD__ligand21132-0
788,BISHOD__ligand5383-0
789,BISHOD__ligand2693-0
790,BISHOD__ligand30539-0
791,BISHOD__ligand3945-0
792,BISHOD__ligand89-0
793,BISHOD__ligand9299-0
794,BISHOD__ligand25689-0
795,BISHOD__ligand25575-0
796,BISHOD__ligand21787-0
797,BISHOD__ligand4007-0
798,BISHOD__ligand49-0
799,BISHOD__ligand2985-0
800,BISHOD__ligand3677-1
801,BISHOD__ligand9883-0
802,BISHOD__ligand352-0
803,BISHOD__ligand783-0
804,BISHOD__ligand27835-0
805,BISHOD__ligand12295-0
806,BISHOD__ligand7291-0
807,BISHOD__ligand25650-0
808,BISHOD__ligand1168-0
809,BISHOD__ligand31248-0
810,BISHOD__ligand1294-0
811,BISHOD__ligand197-0
812,BISHOD__ligand3632-0
813,BISHOD__ligand3677-0
814,BISHOD__ligand12660-0
815,BISHOD__ligand6699-0
816,BISHOD__ligand13209-0
817,BISHOD__ligand19257-0
818,BISHOD__ligand1499-0
819,BISHOD__ligand25735-0
820,BISHOD__ligand12519-0
821,BISHOD__ligand2881-0
822,BISHOD__ligand23124-0
823,BISHOD__ligand11206-0
824,BISHOD__ligand1464-0
825,BISHOD__ligand3712-0
826,BISHOD__ligand1211-0
827,BISHOD__ligand6892-0
