,TMC
0,WIWGEO__ligand670-0
1,WIWGEO__ligand5180-0
2,WIWGEO__ligand26529-0
3,WIWGEO__ligand571-0
4,WIWGEO__ligand534-0
5,WIWGEO__ligand7316-0
6,WIWGEO__ligand5708-0
7,WIWGEO__ligand6017-0
8,WIWGEO__ligand11618-0
9,WIWGEO__ligand57-0
10,WIWGEO__ligand28559-0
11,WIWGEO__ligand8612-0
12,WIWGEO__ligand26324-0
13,WIWGEO__ligand14043-0
14,WIWGEO__ligand2124-0
15,WIWGEO__ligand19927-0
16,WIWGEO__ligand1116-0
17,WIWGEO__ligand3225-0
18,WIWGEO__ligand1153-0
19,WIWGEO__ligand2260-0
20,WIWGEO__ligand7092-0
21,WIWGEO__ligand7273-0
22,WIWGEO__ligand9323-0
23,WIWGEO__ligand21729-0
24,WIWGEO__ligand27239-0
25,WIWGEO__ligand7172-0
26,WIWGEO__ligand3244-0
27,WIWGEO__ligand4711-0
28,WIWGEO__ligand430-0
29,WIWGEO__ligand358-0
30,WIWGEO__ligand29215-0
31,WIWGEO__ligand2906-0
32,WIWGEO__ligand488-0
33,WIWGEO__ligand21399-0
34,WIWGEO__ligand10872-0
35,WIWGEO__ligand2788-0
36,WIWGEO__ligand5649-0
37,WIWGEO__ligand8793-0
38,WIWGEO__ligand4649-0
39,WIWGEO__ligand16148-0
40,WIWGEO__ligand26631-0
41,WIWGEO__ligand694-0
42,WIWGEO__ligand12003-0
43,WIWGEO__ligand7196-0
44,WIWGEO__ligand5159-0
45,WIWGEO__ligand5530-0
46,WIWGEO__ligand1356-0
47,WIWGEO__ligand1787-0
48,WIWGEO__ligand9753-0
49,WIWGEO__ligand22403-0
50,WIWGEO__ligand16369-0
51,WIWGEO__ligand3178-0
52,WIWGEO__ligand28540-0
53,WIWGEO__ligand11111-0
54,WIWGEO__ligand27754-0
55,WIWGEO__ligand20695-0
56,WIWGEO__ligand4807-0
57,WIWGEO__ligand24111-0
58,WIWGEO__ligand22444-0
59,WIWGEO__ligand656-0
60,WIWGEO__ligand14569-0
61,WIWGEO__ligand9450-0
62,WIWGEO__ligand13385-0
63,WIWGEO__ligand17396-0
64,WIWGEO__ligand23175-0
65,WIWGEO__ligand1599-0
66,WIWGEO__ligand15788-0
67,WIWGEO__ligand2612-0
68,WIWGEO__ligand11587-0
69,WIWGEO__ligand13220-0
70,WIWGEO__ligand34-0
71,WIWGEO__ligand24872-0
72,WIWGEO__ligand27840-0
73,WIWGEO__ligand1289-0
74,WIWGEO__ligand5387-0
75,WIWGEO__ligand2203-0
76,WIWGEO__ligand30728-0
77,WIWGEO__ligand696-0
78,WIWGEO__ligand12001-0
79,WIWGEO__ligand10033-0
80,WIWGEO__ligand24644-0
81,WIWGEO__ligand1114-0
82,WIWGEO__ligand416-0
83,WIWGEO__ligand22129-0
84,WIWGEO__ligand12138-0
85,WIWGEO__ligand24780-0
86,WIWGEO__ligand3126-0
87,WIWGEO__ligand6391-0
88,WIWGEO__ligand383-0
89,WIWGEO__ligand55-0
90,WIWGEO__ligand9284-0
91,WIWGEO__ligand11949-0
92,WIWGEO__ligand162-0
93,WIWGEO__ligand25561-0
94,WIWGEO__ligand2417-0
95,WIWGEO__ligand226-0
96,WIWGEO__ligand8788-0
97,WIWGEO__ligand1832-0
98,WIWGEO__ligand29486-0
99,WIWGEO__ligand2043-0
100,WIWGEO__ligand31694-0
101,WIWGEO__ligand9943-0
102,WIWGEO__ligand1228-0
103,WIWGEO__ligand17427-0
104,WIWGEO__ligand68-0
105,WIWGEO__ligand1604-0
106,WIWGEO__ligand1499-0
107,WIWGEO__ligand11357-0
108,WIWGEO__ligand13862-0
109,WIWGEO__ligand2881-0
110,WIWGEO__ligand15531-0
111,WIWGEO__ligand28743-0
112,WIWGEO__ligand1464-0
113,WIWGEO__ligand3712-0
114,WIWGEO__ligand10056-0
115,WIWGEO__ligand12365-0
116,WIWGEO__ligand1211-0
117,WIWGEO__ligand21919-0
118,WIWGEO__ligand51-0
119,WIWGEO__ligand6892-0
120,WIWGEO__ligand28930-0
121,WIWGEO__ligand22168-0
122,WIWGEO__ligand22294-0
123,WIWGEO__ligand1168-0
124,WIWGEO__ligand91-0
125,WIWGEO__ligand4-0
126,WIWGEO__ligand15883-0
127,WIWGEO__ligand1294-0
128,WIWGEO__ligand497-0
129,WIWGEO__ligand3677-0
130,WIWGEO__ligand11970-0
131,WIWGEO__ligand3632-0
132,WIWGEO__ligand15926-0
133,WIWGEO__ligand633-0
134,WIWGEO__ligand19792-0
135,WIWGEO__ligand10828-0
136,WIWGEO__ligand28810-0
137,WIWGEO__ligand11447-0
138,WIWGEO__ligand11096-0
139,WIWGEO__ligand24230-0
140,WIWGEO__ligand6699-0
141,WIWGEO__ligand48-0
142,WIWGEO__ligand9299-0
143,WIWGEO__ligand326-0
144,WIWGEO__ligand2985-0
145,WIWGEO__ligand4007-0
146,WIWGEO__ligand11682-0
147,WIWGEO__ligand30711-0
148,WIWGEO__ligand20207-0
149,WIWGEO__ligand9883-0
150,WIWGEO__ligand3677-1
151,WIWGEO__ligand16988-0
152,WIWGEO__ligand25913-0
153,WIWGEO__ligand7291-0
154,WIWGEO__ligand3736-0
155,WIWGEO__ligand14614-0
156,WIWGEO__ligand8000-0
157,WIWGEO__ligand16663-0
158,WIWGEO__ligand692-0
159,WIWGEO__ligand9344-0
160,WIWGEO__ligand31842-0
161,WIWGEO__ligand31044-0
162,WIWGEO__ligand11994-0
163,WIWGEO__ligand436-0
164,WIWGEO__ligand5383-0
165,WIWGEO__ligand2693-0
166,WIWGEO__ligand24035-0
167,WIWGEO__ligand3945-0
168,WIWGEO__ligand10371-0
169,WIWGEO__ligand8002-0
170,WIWGEO__ligand5509-0
171,WIWGEO__ligand1407-0
172,WIWGEO__ligand6117-0
173,WIWGEO__ligand28685-0
174,WIWGEO__ligand5080-0
175,WIWGEO__ligand18568-0
176,WIWGEO__ligand7762-0
177,WIWGEO__ligand32-0
178,WIWGEO__ligand13672-0
179,WIWGEO__ligand2238-0
180,WIWGEO__ligand409-0
181,WIWGEO__ligand324-0
182,WIWGEO__ligand361-0
183,WIWGEO__ligand9167-0
184,WIWGEO__ligand19184-0
185,WIWGEO__ligand5304-0
186,WIWGEO__ligand7293-0
187,WIWGEO__ligand18448-0
188,WIWGEO__ligand12453-0
189,WIWGEO__ligand2822-0
190,WIWGEO__ligand3867-0
191,WIWGEO__ligand1317-0
192,WIWGEO__ligand28459-0
193,WIWGEO__ligand1197-0
194,WIWGEO__ligand8592-0
195,WIWGEO__ligand5099-0
196,WIWGEO__ligand300-0
197,WIWGEO__ligand1296-0
198,WIWGEO__ligand2259-0
199,WIWGEO__ligand30142-0
200,WIWGEO__ligand27669-0
201,WIWGEO__ligand9773-0
202,WIWGEO__ligand588-0
203,WIWGEO__ligand5510-0
204,WIWGEO__ligand1376-0
205,WIWGEO__ligand13477-0
206,WIWGEO__ligand14167-0
207,WIWGEO__ligand4101-0
208,WIWGEO__ligand5595-0
209,WIWGEO__ligand27285-0
210,WIWGEO__ligand199-0
211,WIWGEO__ligand29029-0
212,WIWGEO__ligand2221-0
213,WIWGEO__ligand16-0
214,WIWGEO__ligand23197-0
215,WIWGEO__ligand4358-0
216,WIWGEO__ligand3926-0
217,WIWGEO__ligand3120-0
218,WIWGEO__ligand4167-0
219,WIWGEO__ligand4266-0
220,WIWGEO__ligand1400-0
221,WIWGEO__ligand941-0
222,WIWGEO__ligand596-0
223,WIWGEO__ligand9491-0
224,WIWGEO__ligand777-0
225,WIWGEO__ligand20557-0
226,WIWGEO__ligand30004-0
227,WIWGEO__ligand1288-0
228,WIWGEO__ligand366-0
229,WIWGEO__ligand3980-0
230,WIWGEO__ligand3557-0
231,WIWGEO__ligand1149-0
232,WIWGEO__ligand25048-0
233,WIWGEO__ligand7075-0
234,WIWGEO__ligand21940-0
235,WIWGEO__ligand23445-0
236,WIWGEO__ligand9750-0
237,WIWGEO__ligand24953-0
238,WIWGEO__ligand657-0
239,WIWGEO__ligand1779-0
240,WIWGEO__ligand20432-0
241,WIWGEO__ligand27122-0
242,WIWGEO__ligand187-0
243,WIWGEO__ligand16133-0
244,WIWGEO__ligand13755-0
245,WIWGEO__ligand6993-0
246,WIWGEO__ligand1817-0
247,WIWGEO__ligand845-0
248,WIWGEO__ligand69-0
249,WIWGEO__ligand30788-0
250,WIWGEO__ligand13691-0
251,WIWGEO__ligand14339-0
252,WIWGEO__ligand8200-0
253,WIWGEO__ligand7438-0
254,WIWGEO__ligand1-0
255,WIWGEO__ligand4063-0
256,WIWGEO__ligand3042-0
257,WIWGEO__ligand21752-0
258,WIWGEO__ligand20844-0
259,WIWGEO__ligand18413-0
260,WIWGEO__ligand24624-0
261,WIWGEO__ligand4207-0
262,WIWGEO__ligand126-0
263,WIWGEO__ligand163-0
264,WIWGEO__ligand18757-0
265,WIWGEO__ligand24560-0
266,WIWGEO__ligand3453-0
267,WIWGEO__ligand3416-0
268,WIWGEO__ligand1150-0
269,WIWGEO__ligand11-0
270,WIWGEO__ligand1539-0
271,WIWGEO__ligand1849-0
272,WIWGEO__ligand27550-0
273,WIWGEO__ligand18019-1
274,WIWGEO__ligand14007-0
275,WIWGEO__ligand1216-0
276,WIWGEO__ligand338-0
277,WIWGEO__ligand5019-0
278,WIWGEO__ligand1152-0
279,WIWGEO__ligand3261-0
280,WIWGEO__ligand18158-0
281,WIWGEO__ligand27771-0
282,WIWGEO__ligand3-0
283,WIWGEO__ligand29565-0
284,WIWGEO__ligand23682-0
285,WIWGEO__ligand5515-0
286,WIWGEO__ligand6663-0
287,WIWGEO__ligand5280-0
288,WIWGEO__ligand5614-0
289,WIWGEO__ligand20942-1
290,WIWGEO__ligand16956-0
291,WIWGEO__ligand21339-0
292,WIWGEO__ligand14226-0
293,WIWGEO__ligand1831-0
294,WIWGEO__ligand17445-0
295,WIWGEO__ligand3285-0
296,WIWGEO__ligand4795-0
297,WIWGEO__ligand1908-0
298,WIWGEO__ligand17069-0
299,WIWGEO__ligand321-0
300,WIWGEO__ligand14477-0
301,WIWGEO__ligand185-0
302,WIWGEO__ligand5630-0
303,WIWGEO__ligand11798-0
304,WIWGEO__ligand279-0
305,WIWGEO__ligand12413-0
306,WIWGEO__ligand29334-0
307,WIWGEO__ligand1786-0
308,WIWGEO__ligand20731-0
309,WIWGEO__ligand178-0
310,WIWGEO__ligand8042-0
311,WIWGEO__ligand22357-0
312,WIWGEO__ligand11758-0
313,WIWGEO__ligand6112-0
314,WIWGEO__ligand1828-0
315,WIWGEO__ligand21448-0
316,WIWGEO__ligand1397-0
317,WIWGEO__ligand7213-0
318,WIWGEO__ligand201-0
319,WIWGEO__ligand11544-0
320,WIWGEO__ligand4710-0
321,WIWGEO__ligand11501-0
322,WIWGEO__ligand5755-0
323,WIWGEO__ligand29214-0
324,WIWGEO__ligand3144-0
325,WIWGEO__ligand5085-0
326,WIWGEO__ligand2823-0
327,WIWGEO__ligand6995-0
328,WIWGEO__ligand3180-0
329,WIWGEO__ligand10151-0
330,WIWGEO__ligand2281-0
331,WIWGEO__ligand2650-0
332,WIWGEO__ligand4340-0
333,WIWGEO__ligand5415-0
334,WIWGEO__ligand19668-0
335,WIWGEO__ligand19906-0
336,WIWGEO__ligand4161-0
337,WIWGEO__ligand3471-0
338,WIWGEO__ligand4124-0
339,WIWGEO__ligand240-0
340,WIWGEO__ligand22353-0
341,WIWGEO__ligand141-0
342,WIWGEO__ligand20530-0
343,WIWGEO__ligand8553-0
344,WIWGEO__ligand11698-0
345,WIWGEO__ligand14302-0
346,WIWGEO__ligand14347-0
347,WIWGEO__ligand13657-0
348,WIWGEO__ligand1113-0
349,WIWGEO__ligand17-0
350,WIWGEO__ligand24851-0
351,WIWGEO__ligand384-0
352,WIWGEO__ligand29441-0
353,WIWGEO__ligand10853-0
354,WIWGEO__ligand5201-0
355,WIWGEO__ligand27610-0
356,WIWGEO__ligand10479-0
357,WIWGEO__ligand11479-0
358,WIWGEO__ligand7566-0
359,WIWGEO__ligand16952-0
360,WIWGEO__ligand29813-0
361,WIWGEO__ligand2001-0
362,WIWGEO__ligand15387-0
363,WIWGEO__ligand9944-0
364,WIWGEO__ligand8593-0
365,WIWGEO__ligand20121-0
366,WIWGEO__ligand768-0
367,WIWGEO__ligand20220-0
368,WIWGEO__ligand25658-0
369,WIWGEO__ligand17686-0
370,WIWGEO__ligand31205-0
371,WIWGEO__ligand1169-0
372,WIWGEO__ligand8529-0
373,WIWGEO__ligand15455-0
374,WIWGEO__ligand11177-0
375,WIWGEO__ligand11622-0
376,WIWGEO__ligand757-0
377,WIWGEO__ligand9615-0
378,WIWGEO__ligand1154-0
379,WIWGEO__ligand16870-0
380,WIWGEO__ligand1498-0
381,WIWGEO__ligand16603-0
382,WIWGEO__ligand4596-0
383,WIWGEO__ligand11814-0
384,WIWGEO__ligand122-0
385,WIWGEO__ligand1618-0
386,WIWGEO__ligand31000-0
387,WIWGEO__ligand2692-0
388,WIWGEO__ligand89-0
389,WIWGEO__ligand11606-0
390,WIWGEO__ligand4262-0
391,WIWGEO__ligand20821-0
392,WIWGEO__ligand693-0
393,WIWGEO__ligand1028-0
394,WIWGEO__ligand26673-0
395,WIWGEO__ligand19824-0
396,WIWGEO__ligand18067-0
397,WIWGEO__ligand1015-0
398,WIWGEO__ligand1050-0
399,WIWGEO__ligand2027-0
400,WIWGEO__ligand10582-0
401,WIWGEO__ligand49-0
402,WIWGEO__ligand13260-0
403,WIWGEO__ligand11252-0
404,WIWGEO__ligand18703-0
405,WIWGEO__ligand1771-0
406,WIWGEO__ligand4911-0
407,WIWGEO__ligand3392-0
408,WIWGEO__ligand29087-0
409,WIWGEO__ligand393-0
410,WIWGEO__ligand45-0
411,WIWGEO__ligand28924-0
412,WIWGEO__ligand15438-0
413,WIWGEO__ligand5849-0
414,WIWGEO__ligand2527-0
415,WIWGEO__ligand353-0
416,WIWGEO__ligand24750-0
417,WIWGEO__ligand78-0
418,WIWGEO__ligand31578-0
419,WIWGEO__ligand17207-0
420,WIWGEO__ligand8349-0
421,WIWGEO__ligand17945-0
422,WIWGEO__ligand25224-0
423,WIWGEO__ligand18013-0
424,WIWGEO__ligand8464-0
425,WIWGEO__ligand1709-0
426,WIWGEO__ligand3647-0
427,WIWGEO__ligand5357-0
428,WIWGEO__ligand19-0
429,WIWGEO__ligand1688-0
430,WIWGEO__ligand4850-0
431,WIWGEO__ligand5056-0
432,WIWGEO__ligand22755-0
433,WIWGEO__ligand1768-0
434,WIWGEO__ligand31618-0
435,WIWGEO__ligand11432-0
436,WIWGEO__ligand196-0
437,WIWGEO__ligand10432-0
438,WIWGEO__ligand26277-0
439,WIWGEO__ligand29898-0
440,WIWGEO__ligand1469-0
441,WIWGEO__ligand3871-0
442,WIWGEO__ligand2722-0
443,WIWGEO__ligand1379-0
444,WIWGEO__ligand15168-0
445,WIWGEO__ligand686-0
446,WIWGEO__ligand5935-0
447,WIWGEO__ligand9525-0
448,WIWGEO__ligand422-0
449,WIWGEO__ligand23589-0
450,WIWGEO__ligand1165-0
451,WIWGEO__ligand24064-0
452,WIWGEO__ligand24-0
453,WIWGEO__ligand3157-0
454,WIWGEO__ligand19725-0
455,WIWGEO__ligand4131-0
456,WIWGEO__ligand1712-0
457,WIWGEO__ligand24613-0
458,WIWGEO__ligand5094-0
459,WIWGEO__ligand5892-0
460,WIWGEO__ligand465-0
461,WIWGEO__ligand10555-0
462,WIWGEO__ligand31483-0
463,WIWGEO__ligand11568-0
464,WIWGEO__ligand20579-0
465,WIWGEO__ligand17710-0
466,WIWGEO__ligand1533-0
467,WIWGEO__ligand11774-0
468,WIWGEO__ligand14586-0
469,WIWGEO__ligand314-1
470,WIWGEO__ligand1496-0
471,WIWGEO__ligand7557-0
472,WIWGEO__ligand21421-0
473,WIWGEO__ligand12682-0
474,WIWGEO__ligand18699-0
475,WIWGEO__ligand813-0
476,WIWGEO__ligand314-0
477,WIWGEO__ligand780-0
478,WIWGEO__ligand2208-0
479,WIWGEO__ligand3208-0
480,WIWGEO__ligand3350-0
481,WIWGEO__ligand17590-0
482,WIWGEO__ligand7573-0
483,WIWGEO__ligand2781-0
484,WIWGEO__ligand8722-0
485,WIWGEO__ligand6672-0
486,WIWGEO__ligand9809-0
487,WIWGEO__ligand1327-0
488,WIWGEO__ligand17240-0
489,WIWGEO__ligand12336-0
490,WIWGEO__ligand7162-0
491,WIWGEO__ligand3029-0
492,WIWGEO__ligand618-0
493,WIWGEO__ligand1773-0
494,WIWGEO__ligand13072-0
495,WIWGEO__ligand4581-0
496,WIWGEO__ligand2328-0
497,WIWGEO__ligand9197-0
498,WIWGEO__ligand1900-0
499,WIWGEO__ligand391-0
500,WIWGEO__ligand4194-0
501,WIWGEO__ligand12467-0
502,WIWGEO__ligand25267-0
503,WIWGEO__ligand10084-0
504,WIWGEO__ligand7532-0
505,WIWGEO__ligand784-0
506,WIWGEO__ligand23904-0
507,WIWGEO__ligand13257-0
508,WIWGEO__ligand4330-0
509,WIWGEO__ligand2599-0
510,WIWGEO__ligand21936-0
511,WIWGEO__ligand25805-0
512,WIWGEO__ligand22981-0
513,WIWGEO__ligand43-0
514,WIWGEO__ligand20599-0
515,WIWGEO__ligand395-0
516,WIWGEO__ligand3973-0
517,WIWGEO__ligand368-0
518,WIWGEO__ligand27074-0
519,WIWGEO__ligand1147-0
520,WIWGEO__ligand27169-0
521,WIWGEO__ligand14523-0
522,WIWGEO__ligand18391-0
523,WIWGEO__ligand7925-0
524,WIWGEO__ligand2068-0
525,WIWGEO__ligand3215-0
526,WIWGEO__ligand28668-0
527,WIWGEO__ligand16791-0
528,WIWGEO__ligand67-0
529,WIWGEO__ligand18465-0
530,WIWGEO__ligand18799-0
531,WIWGEO__ligand115-0
532,WIWGEO__ligand7107-0
533,WIWGEO__ligand29863-0
534,WIWGEO__ligand18074-0
535,WIWGEO__ligand13869-0
536,WIWGEO__ligand6283-0
537,WIWGEO__ligand6062-0
538,WIWGEO__ligand11140-0
539,WIWGEO__ligand833-0
540,WIWGEO__ligand4738-0
541,WIWGEO__ligand4813-0
542,WIWGEO__ligand29610-0
543,WIWGEO__ligand5813-0
544,WIWGEO__ligand2830-0
545,WIWGEO__ligand1729-0
546,WIWGEO__ligand5627-0
547,WIWGEO__ligand506-0
548,WIWGEO__ligand11206-0
549,WIWGEO__ligand5483-0
550,WIWGEO__ligand23124-0
551,WIWGEO__ligand5316-0
552,WIWGEO__ligand12519-0
553,WIWGEO__ligand25735-0
554,WIWGEO__ligand13209-0
555,WIWGEO__ligand19257-0
556,WIWGEO__ligand9148-0
557,WIWGEO__ligand12660-0
558,WIWGEO__ligand7529-0
559,WIWGEO__ligand152-0
560,WIWGEO__ligand6946-0
561,WIWGEO__ligand1415-0
562,WIWGEO__ligand31248-0
563,WIWGEO__ligand25650-0
564,WIWGEO__ligand12295-0
565,WIWGEO__ligand447-0
566,WIWGEO__ligand6882-0
567,WIWGEO__ligand6455-0
568,WIWGEO__ligand27835-0
569,WIWGEO__ligand746-0
570,WIWGEO__ligand3934-0
571,WIWGEO__ligand176-0
572,WIWGEO__ligand21787-0
573,WIWGEO__ligand25575-0
574,WIWGEO__ligand2403-0
575,WIWGEO__ligand25689-0
576,WIWGEO__ligand1065-0
577,WIWGEO__ligand7530-0
578,WIWGEO__ligand3012-0
579,WIWGEO__ligand30539-0
580,WIWGEO__ligand1449-0
581,WIWGEO__ligand21132-0
582,WIWGEO__ligand4332-0
583,WIWGEO__ligand11166-0
584,WIWGEO__ligand487-0
585,WIWGEO__ligand9681-0
586,WIWGEO__ligand23906-0
587,WIWGEO__ligand294-0
588,WIWGEO__ligand30988-0
589,WIWGEO__ligand4620-0
590,WIWGEO__ligand18832-0
591,WIWGEO__ligand27175-0
592,WIWGEO__ligand23713-0
593,WIWGEO__ligand19641-0
594,WIWGEO__ligand15422-0
595,WIWGEO__ligand20578-0
596,WIWGEO__ligand12934-0
597,WIWGEO__ligand27893-0
598,WIWGEO__ligand1577-0
599,WIWGEO__ligand6067-0
600,WIWGEO__ligand14723-0
601,WIWGEO__ligand2295-0
602,WIWGEO__ligand2917-0
603,WIWGEO__ligand31783-0
604,WIWGEO__ligand7819-0
605,WIWGEO__ligand421-0
606,WIWGEO__ligand26665-0
607,WIWGEO__ligand17631-0
608,WIWGEO__ligand685-0
609,WIWGEO__ligand3465-0
610,WIWGEO__ligand13012-0
611,WIWGEO__ligand17258-0
612,WIWGEO__ligand14297-0
613,WIWGEO__ligand6102-0
614,WIWGEO__ligand3721-0
615,WIWGEO__ligand6904-0
616,WIWGEO__ligand6596-0
617,WIWGEO__ligand14603-0
618,WIWGEO__ligand12606-0
619,WIWGEO__ligand1142-0
620,WIWGEO__ligand3234-0
621,WIWGEO__ligand30333-0
622,WIWGEO__ligand134-0
623,WIWGEO__ligand7126-0
624,WIWGEO__ligand12337-0
625,WIWGEO__ligand29410-0
626,WIWGEO__ligand26540-0
627,WIWGEO__ligand2028-0
628,WIWGEO__ligand8835-0
629,WIWGEO__ligand235-0
630,WIWGEO__ligand17281-0
631,WIWGEO__ligand30296-0
632,WIWGEO__ligand16628-0
633,WIWGEO__ligand4641-0
634,WIWGEO__ligand560-0
635,WIWGEO__ligand28468-0
636,WIWGEO__ligand20740-0
637,WIWGEO__ligand12427-0
638,WIWGEO__ligand27460-0
639,WIWGEO__ligand1324-0
640,WIWGEO__ligand29302-0
641,WIWGEO__ligand13425-0
642,WIWGEO__ligand8721-0
643,WIWGEO__ligand1823-0
644,WIWGEO__ligand5643-0
645,WIWGEO__ligand18814-0
646,WIWGEO__ligand19057-0
647,WIWGEO__ligand27763-0
648,WIWGEO__ligand1615-0
649,WIWGEO__ligand2526-0
650,WIWGEO__ligand783-0
651,WIWGEO__ligand5036-0
652,WIWGEO__ligand352-0
653,WIWGEO__ligand10262-0
654,WIWGEO__ligand28676-0
655,WIWGEO__ligand9952-0
656,WIWGEO__ligand9111-0
657,WIWGEO__ligand9601-0
658,WIWGEO__ligand10958-0
659,WIWGEO__ligand868-0
660,WIWGEO__ligand12641-0
661,WIWGEO__ligand8992-0
662,WIWGEO__ligand1018-0
663,WIWGEO__ligand4116-0
664,WIWGEO__ligand14108-0
665,WIWGEO__ligand7967-0
666,WIWGEO__ligand6124-0
667,WIWGEO__ligand3707-0
668,WIWGEO__ligand17805-0
669,WIWGEO__ligand8-0
670,WIWGEO__ligand17302-0
671,WIWGEO__ligand2915-0
672,WIWGEO__ligand3156-0
673,WIWGEO__ligand25178-0
674,WIWGEO__ligand1378-0
675,WIWGEO__ligand23769-0
676,WIWGEO__ligand6244-0
677,WIWGEO__ligand24185-0
678,WIWGEO__ligand19830-0
679,WIWGEO__ligand9441-0
680,WIWGEO__ligand13068-0
681,WIWGEO__ligand2332-0
682,WIWGEO__ligand197-0
683,WIWGEO__ligand10476-0
684,WIWGEO__ligand24145-0
685,WIWGEO__ligand15585-0
686,WIWGEO__ligand12401-0
687,WIWGEO__ligand1575-0
688,WIWGEO__ligand1530-0
689,WIWGEO__ligand12231-0
690,WIWGEO__ligand18-0
691,WIWGEO__ligand9933-0
692,WIWGEO__ligand1631-0
693,WIWGEO__ligand17387-0
694,WIWGEO__ligand12130-0
695,WIWGEO__ligand12289-0
696,WIWGEO__ligand18292-0
697,WIWGEO__ligand13658-0
698,WIWGEO__ligand26702-0
699,WIWGEO__ligand252-0
700,WIWGEO__ligand9784-0
701,WIWGEO__ligand116-0
702,WIWGEO__ligand4272-0
703,WIWGEO__ligand1451-0
704,WIWGEO__ligand7629-0
705,WIWGEO__ligand13208-0
706,WIWGEO__ligand3954-0
707,WIWGEO__ligand4442-0
708,WIWGEO__ligand4093-0
709,WIWGEO__ligand9520-0
710,WIWGEO__ligand26810-0
711,WIWGEO__ligand27482-0
712,WIWGEO__ligand8699-0
713,WIWGEO__ligand1160-0
714,WIWGEO__ligand4016-0
715,WIWGEO__ligand372-0
716,WIWGEO__ligand20682-0
717,WIWGEO__ligand830-0
718,WIWGEO__ligand7867-0
719,WIWGEO__ligand1219-0
720,WIWGEO__ligand6709-0
721,WIWGEO__ligand1304-0
722,WIWGEO__ligand1790-0
723,WIWGEO__ligand7280-0
724,WIWGEO__ligand7238-0
725,WIWGEO__ligand13390-0
726,WIWGEO__ligand193-0
727,WIWGEO__ligand8115-0
728,WIWGEO__ligand6768-0
729,WIWGEO__ligand1982-0
730,WIWGEO__ligand38-0
731,WIWGEO__ligand7000-0
732,WIWGEO__ligand25411-0
733,WIWGEO__ligand1285-0
734,WIWGEO__ligand11456-0
735,WIWGEO__ligand4546-0
736,WIWGEO__ligand14174-0
737,WIWGEO__ligand4503-0
738,WIWGEO__ligand10712-0
739,WIWGEO__ligand909-0
740,WIWGEO__ligand9833-0
741,WIWGEO__ligand7648-0
742,WIWGEO__ligand2828-0
743,WIWGEO__ligand8876-0
744,WIWGEO__ligand5256-0
745,WIWGEO__ligand177-0
746,WIWGEO__ligand28884-0
747,WIWGEO__ligand13331-0
748,WIWGEO__ligand29879-0
749,WIWGEO__ligand14248-0
750,WIWGEO__ligand12030-0
751,WIWGEO__ligand4157-0
752,WIWGEO__ligand2232-0
753,WIWGEO__ligand13294-0
754,WIWGEO__ligand31832-0
755,WIWGEO__ligand2176-0
756,WIWGEO__ligand9291-0
757,WIWGEO__ligand3094-0
758,WIWGEO__ligand4155-0
759,WIWGEO__ligand188-0
760,WIWGEO__ligand17982-0
761,WIWGEO__ligand5211-0
762,WIWGEO__ligand29414-0
763,WIWGEO__ligand20011-0
764,WIWGEO__ligand17278-0
765,WIWGEO__ligand24047-0
766,WIWGEO__ligand6839-0
767,WIWGEO__ligand42-0
768,WIWGEO__ligand10589-0
769,WIWGEO__ligand22557-0
770,WIWGEO__ligand8969-0
771,WIWGEO__ligand20598-0
772,WIWGEO__ligand3131-0
773,WIWGEO__ligand11675-0
774,WIWGEO__ligand3174-0
775,WIWGEO__ligand3937-0
776,WIWGEO__ligand1202-0
777,WIWGEO__ligand17398-0
778,WIWGEO__ligand4720-0
779,WIWGEO__ligand3565-0
780,WIWGEO__ligand785-0
781,WIWGEO__ligand311-0
782,WIWGEO__ligand479-0
783,WIWGEO__ligand14703-0
784,WIWGEO__ligand16475-0
785,WIWGEO__ligand1512-0
786,WIWGEO__ligand5331-0
787,WIWGEO__ligand370-1
788,WIWGEO__ligand6919-0
789,WIWGEO__ligand3852-0
790,WIWGEO__ligand2485-0
791,WIWGEO__ligand620-0
792,WIWGEO__ligand20251-1
793,WIWGEO__ligand564-0
794,WIWGEO__ligand21581-0
795,WIWGEO__ligand31097-0
796,WIWGEO__ligand9935-0
797,WIWGEO__ligand1573-0
798,WIWGEO__ligand1536-0
799,WIWGEO__ligand20251-0
800,WIWGEO__ligand30702-0
801,WIWGEO__ligand20214-0
802,WIWGEO__ligand1959-0
803,WIWGEO__ligand3504-0
804,WIWGEO__ligand370-0
805,WIWGEO__ligand20539-0
806,WIWGEO__ligand1844-0
807,WIWGEO__ligand4661-0
808,WIWGEO__ligand6616-0
809,WIWGEO__ligand1343-0
810,WIWGEO__ligand3876-0
811,WIWGEO__ligand3035-0
812,WIWGEO__ligand14117-0
813,WIWGEO__ligand17261-0
814,WIWGEO__ligand3718-0
815,WIWGEO__ligand28789-0
816,WIWGEO__ligand7106-0
817,WIWGEO__ligand21371-0
818,WIWGEO__ligand17118-0
819,WIWGEO__ligand7242-0
820,WIWGEO__ligand250-0
821,WIWGEO__ligand20419-0
822,WIWGEO__ligand14889-0
823,WIWGEO__ligand30851-0
824,WIWGEO__ligand1263-0
825,WIWGEO__ligand9908-0
826,WIWGEO__ligand29568-0
827,WIWGEO__ligand66-0
