,TMC
0,CAMJIL__ligand430-0
1,CAMJIL__ligand2259-0
2,CAMJIL__ligand2688-0
3,CAMJIL__ligand358-0
4,CAMJIL__ligand669-0
5,CAMJIL__ligand2768-0
6,CAMJIL__ligand1376-0
7,CAMJIL__ligand6277-0
8,CAMJIL__ligand21-0
9,CAMJIL__ligand278-0
10,CAMJIL__ligand1951-0
11,CAMJIL__ligand365-0
12,CAMJIL__ligand1687-0
13,CAMJIL__ligand1706-0
14,CAMJIL__ligand40-0
15,CAMJIL__ligand571-0
16,CAMJIL__ligand118-0
17,CAMJIL__ligand3734-0
18,CAMJIL__ligand670-0
19,CAMJIL__ligand2629-0
20,CAMJIL__ligand4381-0
21,CAMJIL__ligand38-0
22,CAMJIL__ligand509-0
23,CAMJIL__ligand383-0
24,CAMJIL__ligand5801-0
25,CAMJIL__ligand226-0
26,CAMJIL__ligand1438-0
27,CAMJIL__ligand162-0
28,CAMJIL__ligand3063-0
29,CAMJIL__ligand1171-0
30,CAMJIL__ligand1048-0
31,CAMJIL__ligand66-0
32,CAMJIL__ligand2087-0
33,CAMJIL__ligand3757-0
34,CAMJIL__ligand1685-0
35,CAMJIL__ligand1544-0
36,CAMJIL__ligand1459-0
37,CAMJIL__ligand1114-0
38,CAMJIL__ligand326-0
39,CAMJIL__ligand821-0
40,CAMJIL__ligand1538-0
41,CAMJIL__ligand283-0
42,CAMJIL__ligand62-0
43,CAMJIL__ligand553-0
44,CAMJIL__ligand206-0
45,CAMJIL__ligand142-0
46,CAMJIL__ligand1228-0
47,CAMJIL__ligand9244-0
48,CAMJIL__ligand436-0
49,CAMJIL__ligand1479-0
50,CAMJIL__ligand166-0
51,CAMJIL__ligand86-0
52,CAMJIL__ligand6-0
53,CAMJIL__ligand1148-0
54,CAMJIL__ligand838-0
55,CAMJIL__ligand497-0
56,CAMJIL__ligand3246-0
57,CAMJIL__ligand532-0
58,CAMJIL__ligand633-0
59,CAMJIL__ligand918-0
60,CAMJIL__ligand3145-0
61,CAMJIL__ligand5548-0
62,CAMJIL__ligand7915-0
63,CAMJIL__ligand1747-0
64,CAMJIL__ligand6686-0
65,CAMJIL__ligand575-0
66,CAMJIL__ligand4-0
67,CAMJIL__ligand6502-0
68,CAMJIL__ligand199-0
69,CAMJIL__ligand2098-0
70,CAMJIL__ligand927-0
71,CAMJIL__ligand2863-0
72,CAMJIL__ligand3178-0
73,CAMJIL__ligand6332-0
74,CAMJIL__ligand105-0
75,CAMJIL__ligand140-0
76,CAMJIL__ligand3041-0
77,CAMJIL__ligand18-0
78,CAMJIL__ligand2634-0
79,CAMJIL__ligand1542-0
80,CAMJIL__ligand409-0
81,CAMJIL__ligand361-0
82,CAMJIL__ligand324-0
83,CAMJIL__ligand2751-0
84,CAMJIL__ligand2142-0
85,CAMJIL__ligand6151-0
86,CAMJIL__ligand2772-0
87,CAMJIL__ligand9495-0
88,CAMJIL__ligand6538-0
89,CAMJIL__ligand3-0
90,CAMJIL__ligand2864-0
91,CAMJIL__ligand126-0
92,CAMJIL__ligand596-0
93,CAMJIL__ligand1169-0
94,CAMJIL__ligand5022-0
95,CAMJIL__ligand861-0
96,CAMJIL__ligand366-0
97,CAMJIL__ligand67-0
98,CAMJIL__ligand187-0
99,CAMJIL__ligand2880-0
100,CAMJIL__ligand5941-0
101,CAMJIL__ligand2838-0
102,CAMJIL__ligand3838-0
103,CAMJIL__ligand1799-0
104,CAMJIL__ligand612-0
105,CAMJIL__ligand1113-0
106,CAMJIL__ligand2265-0
107,CAMJIL__ligand321-0
108,CAMJIL__ligand6396-0
109,CAMJIL__ligand178-0
110,CAMJIL__ligand9027-0
111,CAMJIL__ligand279-0
112,CAMJIL__ligand244-0
113,CAMJIL__ligand2794-0
114,CAMJIL__ligand2345-0
115,CAMJIL__ligand201-0
116,CAMJIL__ligand1835-0
117,CAMJIL__ligand100-0
118,CAMJIL__ligand4983-0
119,CAMJIL__ligand1502-0
120,CAMJIL__ligand11730-0
121,CAMJIL__ligand124-0
122,CAMJIL__ligand1-0
123,CAMJIL__ligand1052-0
124,CAMJIL__ligand1273-0
125,CAMJIL__ligand119-0
126,CAMJIL__ligand8921-0
127,CAMJIL__ligand2285-0
128,CAMJIL__ligand384-0
129,CAMJIL__ligand1567-0
130,CAMJIL__ligand2510-0
131,CAMJIL__ligand2320-0
132,CAMJIL__ligand1056-0
133,CAMJIL__ligand78-0
134,CAMJIL__ligand2862-0
135,CAMJIL__ligand120-0
136,CAMJIL__ligand85-0
137,CAMJIL__ligand1703-0
138,CAMJIL__ligand45-0
139,CAMJIL__ligand2430-0
140,CAMJIL__ligand2907-0
141,CAMJIL__ligand1727-0
142,CAMJIL__ligand1152-0
143,CAMJIL__ligand1607-0
144,CAMJIL__ligand141-0
145,CAMJIL__ligand240-0
146,CAMJIL__ligand3637-0
147,CAMJIL__ligand8774-0
148,CAMJIL__ligand797-0
149,CAMJIL__ligand7464-0
150,CAMJIL__ligand1598-0
151,CAMJIL__ligand757-0
152,CAMJIL__ligand4303-0
153,CAMJIL__ligand1248-0
154,CAMJIL__ligand6294-0
155,CAMJIL__ligand1054-0
156,CAMJIL__ligand1788-0
157,CAMJIL__ligand502-0
158,CAMJIL__ligand196-0
159,CAMJIL__ligand1321-0
160,CAMJIL__ligand113-0
161,CAMJIL__ligand1178-0
162,CAMJIL__ligand3566-0
163,CAMJIL__ligand422-0
164,CAMJIL__ligand92-0
165,CAMJIL__ligand3337-0
166,CAMJIL__ligand236-0
167,CAMJIL__ligand7514-0
168,CAMJIL__ligand1449-1
169,CAMJIL__ligand4811-0
170,CAMJIL__ligand9620-0
171,CAMJIL__ligand4894-0
172,CAMJIL__ligand1260-0
173,CAMJIL__ligand353-0
174,CAMJIL__ligand17-0
175,CAMJIL__ligand314-0
176,CAMJIL__ligand481-0
177,CAMJIL__ligand1307-0
178,CAMJIL__ligand170-0
179,CAMJIL__ligand391-0
180,CAMJIL__ligand3853-0
181,CAMJIL__ligand2853-0
182,CAMJIL__ligand49-0
183,CAMJIL__ligand210-0
184,CAMJIL__ligand5089-0
185,CAMJIL__ligand2599-0
186,CAMJIL__ligand1246-0
187,CAMJIL__ligand6166-0
188,CAMJIL__ligand89-0
189,CAMJIL__ligand5334-0
190,CAMJIL__ligand2315-0
191,CAMJIL__ligand1898-0
192,CAMJIL__ligand3051-0
193,CAMJIL__ligand4504-0
194,CAMJIL__ligand115-0
195,CAMJIL__ligand2480-0
196,CAMJIL__ligand291-0
197,CAMJIL__ligand8032-0
198,CAMJIL__ligand1858-0
199,CAMJIL__ligand1712-0
200,CAMJIL__ligand11-0
201,CAMJIL__ligand2110-0
202,CAMJIL__ligand485-0
203,CAMJIL__ligand2916-0
204,CAMJIL__ligand784-0
205,CAMJIL__ligand355-0
206,CAMJIL__ligand3579-0
207,CAMJIL__ligand1919-0
208,CAMJIL__ligand2389-0
209,CAMJIL__ligand2929-0
210,CAMJIL__ligand447-0
211,CAMJIL__ligand2376-0
212,CAMJIL__ligand133-0
213,CAMJIL__ligand666-0
214,CAMJIL__ligand1379-0
215,CAMJIL__ligand522-0
216,CAMJIL__ligand1299-0
217,CAMJIL__ligand10357-0
218,CAMJIL__ligand6430-0
219,CAMJIL__ligand15630-0
220,CAMJIL__ligand487-0
221,CAMJIL__ligand1264-0
222,CAMJIL__ligand1221-0
223,CAMJIL__ligand1019-0
224,CAMJIL__ligand2442-0
225,CAMJIL__ligand7414-0
226,CAMJIL__ligand5762-0
227,CAMJIL__ligand1104-0
228,CAMJIL__ligand1325-0
229,CAMJIL__ligand2482-0
230,CAMJIL__ligand6571-0
231,CAMJIL__ligand682-0
232,CAMJIL__ligand9176-0
233,CAMJIL__ligand390-0
234,CAMJIL__ligand1493-0
235,CAMJIL__ligand235-0
236,CAMJIL__ligand29-0
237,CAMJIL__ligand3035-0
238,CAMJIL__ligand3070-0
239,CAMJIL__ligand91-0
240,CAMJIL__ligand932-0
241,CAMJIL__ligand134-0
242,CAMJIL__ligand2718-0
243,CAMJIL__ligand109-0
244,CAMJIL__ligand5235-0
245,CAMJIL__ligand6143-0
246,CAMJIL__ligand4619-0
247,CAMJIL__ligand560-0
248,CAMJIL__ligand525-0
249,CAMJIL__ligand51-0
250,CAMJIL__ligand3251-0
251,CAMJIL__ligand993-0
252,CAMJIL__ligand1818-0
253,CAMJIL__ligand8-0
254,CAMJIL__ligand294-0
255,CAMJIL__ligand331-0
256,CAMJIL__ligand7456-0
257,CAMJIL__ligand421-0
258,CAMJIL__ligand798-0
259,CAMJIL__ligand5758-0
260,CAMJIL__ligand3852-0
261,CAMJIL__ligand916-0
262,CAMJIL__ligand584-0
263,CAMJIL__ligand48-0
264,CAMJIL__ligand3478-0
265,CAMJIL__ligand1555-0
266,CAMJIL__ligand1285-0
267,CAMJIL__ligand7630-0
268,CAMJIL__ligand112-0
269,CAMJIL__ligand296-0
270,CAMJIL__ligand197-0
271,CAMJIL__ligand32-0
272,CAMJIL__ligand3890-0
273,CAMJIL__ligand1907-0
274,CAMJIL__ligand4423-0
275,CAMJIL__ligand1038-0
276,CAMJIL__ligand2762-0
277,CAMJIL__ligand5093-0
278,CAMJIL__ligand2954-0
279,CAMJIL__ligand2253-0
280,CAMJIL__ligand783-0
281,CAMJIL__ligand352-0
282,CAMJIL__ligand1160-0
283,CAMJIL__ligand442-0
284,CAMJIL__ligand868-0
285,CAMJIL__ligand136-0
286,CAMJIL__ligand7550-0
287,CAMJIL__ligand14530-0
288,CAMJIL__ligand2915-0
289,CAMJIL__ligand851-0
290,CAMJIL__ligand909-0
291,CAMJIL__ligand57-0
292,CAMJIL__ligand934-0
293,CAMJIL__ligand177-0
294,CAMJIL__ligand3196-0
295,CAMJIL__ligand4012-0
296,CAMJIL__ligand955-0
297,CAMJIL__ligand10910-0
298,CAMJIL__ligand252-0
299,CAMJIL__ligand2526-0
300,CAMJIL__ligand1551-0
301,CAMJIL__ligand830-0
302,CAMJIL__ligand1690-0
303,CAMJIL__ligand193-0
304,CAMJIL__ligand73-0
305,CAMJIL__ligand2707-0
306,CAMJIL__ligand370-0
307,CAMJIL__ligand3618-0
308,CAMJIL__ligand2618-0
309,CAMJIL__ligand1436-0
310,CAMJIL__ligand34-0
311,CAMJIL__ligand250-0
312,CAMJIL__ligand10114-0
313,CAMJIL__ligand4370-0
314,CAMJIL__ligand460-0
315,CAMJIL__ligand95-0
316,CAMJIL__ligand188-0
317,CAMJIL__ligand369-0
318,CAMJIL__ligand1918-0
319,CAMJIL__ligand444-0
320,CAMJIL__ligand311-0
321,CAMJIL__ligand2255-0
322,CAMJIL__ligand10479-0
323,CAMJIL__ligand4175-0
324,CAMJIL__ligand55-0
