,TMC
0,SITZIH__ligand9244-0
1,SITZIH__ligand112-0
2,SITZIH__ligand1228-0
3,SITZIH__ligand197-0
4,SITZIH__ligand1538-0
5,SITZIH__ligand1114-0
6,SITZIH__ligand296-0
7,SITZIH__ligand86-0
8,SITZIH__ligand3246-0
9,SITZIH__ligand783-0
10,SITZIH__ligand352-0
11,SITZIH__ligand868-0
12,SITZIH__ligand1479-0
13,SITZIH__ligand442-0
14,SITZIH__ligand62-0
15,SITZIH__ligand1148-0
16,SITZIH__ligand136-0
17,SITZIH__ligand2863-0
18,SITZIH__ligand6502-0
19,SITZIH__ligand390-0
20,SITZIH__ligand2098-0
21,SITZIH__ligand932-0
22,SITZIH__ligand134-0
23,SITZIH__ligand6332-0
24,SITZIH__ligand3178-0
25,SITZIH__ligand235-0
26,SITZIH__ligand3145-0
27,SITZIH__ligand560-0
28,SITZIH__ligand525-0
29,SITZIH__ligand109-0
30,SITZIH__ligand1747-0
31,SITZIH__ligand6686-0
32,SITZIH__ligand18-0
33,SITZIH__ligand5548-0
34,SITZIH__ligand7915-0
35,SITZIH__ligand294-0
36,SITZIH__ligand993-0
37,SITZIH__ligand2751-0
38,SITZIH__ligand331-0
39,SITZIH__ligand421-0
40,SITZIH__ligand798-0
41,SITZIH__ligand3041-0
42,SITZIH__ligand2634-0
43,SITZIH__ligand1542-0
44,SITZIH__ligand916-0
45,SITZIH__ligand584-0
46,SITZIH__ligand6277-0
47,SITZIH__ligand38-0
48,SITZIH__ligand370-0
49,SITZIH__ligand1687-0
50,SITZIH__ligand1951-0
51,SITZIH__ligand2259-0
52,SITZIH__ligand2688-0
53,SITZIH__ligand250-0
54,SITZIH__ligand460-0
55,SITZIH__ligand2768-0
56,SITZIH__ligand40-0
57,SITZIH__ligand1376-0
58,SITZIH__ligand188-0
59,SITZIH__ligand21-0
60,SITZIH__ligand369-0
61,SITZIH__ligand444-0
62,SITZIH__ligand311-0
63,SITZIH__ligand1-0
64,SITZIH__ligand3734-0
65,SITZIH__ligand1706-0
66,SITZIH__ligand4381-0
67,SITZIH__ligand2629-0
68,SITZIH__ligand851-0
69,SITZIH__ligand3-0
70,SITZIH__ligand1171-0
71,SITZIH__ligand909-0
72,SITZIH__ligand5801-0
73,SITZIH__ligand934-0
74,SITZIH__ligand177-0
75,SITZIH__ligand1438-0
76,SITZIH__ligand66-0
77,SITZIH__ligand3063-0
78,SITZIH__ligand252-0
79,SITZIH__ligand1544-0
80,SITZIH__ligand955-0
81,SITZIH__ligand1459-0
82,SITZIH__ligand3757-0
83,SITZIH__ligand830-0
84,SITZIH__ligand1048-0
85,SITZIH__ligand2087-0
86,SITZIH__ligand1685-0
87,SITZIH__ligand193-0
88,SITZIH__ligand481-0
89,SITZIH__ligand1703-0
90,SITZIH__ligand2430-0
91,SITZIH__ligand4-0
92,SITZIH__ligand314-0
93,SITZIH__ligand2907-0
94,SITZIH__ligand170-0
95,SITZIH__ligand2510-0
96,SITZIH__ligand8921-0
97,SITZIH__ligand2285-0
98,SITZIH__ligand1567-0
99,SITZIH__ligand2862-0
100,SITZIH__ligand2320-0
101,SITZIH__ligand1056-0
102,SITZIH__ligand391-0
103,SITZIH__ligand210-0
104,SITZIH__ligand1607-0
105,SITZIH__ligand45-0
106,SITZIH__ligand78-0
107,SITZIH__ligand1727-0
108,SITZIH__ligand85-0
109,SITZIH__ligand1152-0
110,SITZIH__ligand502-0
111,SITZIH__ligand196-0
112,SITZIH__ligand113-0
113,SITZIH__ligand3637-0
114,SITZIH__ligand422-0
115,SITZIH__ligand8774-0
116,SITZIH__ligand4303-0
117,SITZIH__ligand236-0
118,SITZIH__ligand1248-0
119,SITZIH__ligand1598-0
120,SITZIH__ligand1054-0
121,SITZIH__ligand6294-0
122,SITZIH__ligand6-0
123,SITZIH__ligand353-0
124,SITZIH__ligand7464-0
125,SITZIH__ligand447-0
126,SITZIH__ligand67-0
127,SITZIH__ligand2864-0
128,SITZIH__ligand133-0
129,SITZIH__ligand522-0
130,SITZIH__ligand2142-0
131,SITZIH__ligand666-0
132,SITZIH__ligand487-0
133,SITZIH__ligand6538-0
134,SITZIH__ligand6151-0
135,SITZIH__ligand2772-0
136,SITZIH__ligand9495-0
137,SITZIH__ligand2838-0
138,SITZIH__ligand1799-0
139,SITZIH__ligand3838-0
140,SITZIH__ligand2880-0
141,SITZIH__ligand5941-0
142,SITZIH__ligand682-0
143,SITZIH__ligand1169-0
144,SITZIH__ligand5022-0
145,SITZIH__ligand4983-0
146,SITZIH__ligand2794-0
147,SITZIH__ligand2345-0
148,SITZIH__ligand1835-0
149,SITZIH__ligand115-0
150,SITZIH__ligand1502-0
151,SITZIH__ligand6396-0
152,SITZIH__ligand291-0
153,SITZIH__ligand1113-0
154,SITZIH__ligand2265-0
155,SITZIH__ligand9027-0
156,SITZIH__ligand1273-0
157,SITZIH__ligand784-0
158,SITZIH__ligand355-0
159,SITZIH__ligand485-0
160,SITZIH__ligand1052-0
161,SITZIH__ligand11730-0
162,SITZIH__ligand1858-0
163,SITZIH__ligand321-0
164,SITZIH__ligand8032-0
165,SITZIH__ligand279-0
166,SITZIH__ligand178-0
167,SITZIH__ligand100-0
168,SITZIH__ligand5334-0
169,SITZIH__ligand244-0
170,SITZIH__ligand201-0
171,SITZIH__ligand1898-0
172,SITZIH__ligand4504-0
173,SITZIH__ligand3051-0
174,SITZIH__ligand11-0
175,SITZIH__ligand2480-0
176,SITZIH__ligand2315-0
177,SITZIH__ligand1919-0
178,SITZIH__ligand124-0
179,SITZIH__ligand2389-0
180,SITZIH__ligand1712-0
181,SITZIH__ligand119-0
182,SITZIH__ligand3579-0
183,SITZIH__ligand2916-0
184,SITZIH__ligand2110-0
185,SITZIH__ligand1379-0
186,SITZIH__ligand1221-0
187,SITZIH__ligand1264-0
188,SITZIH__ligand1299-0
189,SITZIH__ligand6430-0
190,SITZIH__ligand126-0
191,SITZIH__ligand2929-0
192,SITZIH__ligand2376-0
193,SITZIH__ligand596-0
194,SITZIH__ligand6571-0
195,SITZIH__ligand1325-0
196,SITZIH__ligand2482-0
197,SITZIH__ligand15630-0
198,SITZIH__ligand366-0
199,SITZIH__ligand861-0
200,SITZIH__ligand10357-0
201,SITZIH__ligand1019-0
202,SITZIH__ligand2442-0
203,SITZIH__ligand5762-0
204,SITZIH__ligand7414-0
205,SITZIH__ligand1104-0
206,SITZIH__ligand612-0
207,SITZIH__ligand187-0
208,SITZIH__ligand1321-0
209,SITZIH__ligand17-0
210,SITZIH__ligand1178-0
211,SITZIH__ligand3566-0
212,SITZIH__ligand92-0
213,SITZIH__ligand1788-0
214,SITZIH__ligand9620-0
215,SITZIH__ligand4894-0
216,SITZIH__ligand1260-0
217,SITZIH__ligand797-0
218,SITZIH__ligand757-0
219,SITZIH__ligand3337-0
220,SITZIH__ligand7514-0
221,SITZIH__ligand4811-0
222,SITZIH__ligand1449-1
223,SITZIH__ligand1307-0
224,SITZIH__ligand89-0
225,SITZIH__ligand384-0
226,SITZIH__ligand120-0
227,SITZIH__ligand49-0
228,SITZIH__ligand1246-0
229,SITZIH__ligand6166-0
230,SITZIH__ligand8-0
231,SITZIH__ligand3853-0
232,SITZIH__ligand2853-0
233,SITZIH__ligand2599-0
234,SITZIH__ligand5089-0
235,SITZIH__ligand240-0
236,SITZIH__ligand141-0
237,SITZIH__ligand73-0
238,SITZIH__ligand383-0
239,SITZIH__ligand4012-0
240,SITZIH__ligand3196-0
241,SITZIH__ligand162-0
242,SITZIH__ligand10910-0
243,SITZIH__ligand226-0
244,SITZIH__ligand2915-0
245,SITZIH__ligand1690-0
246,SITZIH__ligand2707-0
247,SITZIH__ligand14530-0
248,SITZIH__ligand57-0
249,SITZIH__ligand1551-0
250,SITZIH__ligand2526-0
251,SITZIH__ligand430-0
252,SITZIH__ligand358-0
253,SITZIH__ligand55-0
254,SITZIH__ligand669-0
255,SITZIH__ligand4370-0
256,SITZIH__ligand3618-0
257,SITZIH__ligand2618-0
258,SITZIH__ligand278-0
259,SITZIH__ligand95-0
260,SITZIH__ligand10479-0
261,SITZIH__ligand1436-0
262,SITZIH__ligand365-0
263,SITZIH__ligand2255-0
264,SITZIH__ligand118-0
265,SITZIH__ligand670-0
266,SITZIH__ligand571-0
267,SITZIH__ligand4175-0
268,SITZIH__ligand34-0
269,SITZIH__ligand10114-0
270,SITZIH__ligand509-0
271,SITZIH__ligand1918-0
272,SITZIH__ligand4619-0
273,SITZIH__ligand48-0
274,SITZIH__ligand5235-0
275,SITZIH__ligand6143-0
276,SITZIH__ligand575-0
277,SITZIH__ligand3251-0
278,SITZIH__ligand927-0
279,SITZIH__ligand9176-0
280,SITZIH__ligand199-0
281,SITZIH__ligand3070-0
282,SITZIH__ligand3035-0
283,SITZIH__ligand2718-0
284,SITZIH__ligand1493-0
285,SITZIH__ligand5758-0
286,SITZIH__ligand105-0
287,SITZIH__ligand140-0
288,SITZIH__ligand3478-0
289,SITZIH__ligand3852-0
290,SITZIH__ligand51-0
291,SITZIH__ligand409-0
292,SITZIH__ligand361-0
293,SITZIH__ligand324-0
294,SITZIH__ligand29-0
295,SITZIH__ligand91-0
296,SITZIH__ligand1818-0
297,SITZIH__ligand7456-0
298,SITZIH__ligand821-0
299,SITZIH__ligand3890-0
300,SITZIH__ligand326-0
301,SITZIH__ligand4423-0
302,SITZIH__ligand553-0
303,SITZIH__ligand1907-0
304,SITZIH__ligand283-0
305,SITZIH__ligand142-0
306,SITZIH__ligand1285-0
307,SITZIH__ligand206-0
308,SITZIH__ligand1555-0
309,SITZIH__ligand7630-0
310,SITZIH__ligand436-0
311,SITZIH__ligand166-0
312,SITZIH__ligand838-0
313,SITZIH__ligand7550-0
314,SITZIH__ligand32-0
315,SITZIH__ligand2762-0
316,SITZIH__ligand497-0
317,SITZIH__ligand1038-0
318,SITZIH__ligand633-0
319,SITZIH__ligand2253-0
320,SITZIH__ligand1160-0
321,SITZIH__ligand918-0
322,SITZIH__ligand532-0
323,SITZIH__ligand2954-0
324,SITZIH__ligand5093-0
