,TMC
0,COQHEW__ligand206-0
1,COQHEW__ligand3757-0
2,COQHEW__ligand142-0
3,COQHEW__ligand1048-0
4,COQHEW__ligand2087-0
5,COQHEW__ligand1685-0
6,COQHEW__ligand436-0
7,COQHEW__ligand326-0
8,COQHEW__ligand1544-0
9,COQHEW__ligand821-0
10,COQHEW__ligand283-0
11,COQHEW__ligand1459-0
12,COQHEW__ligand553-0
13,COQHEW__ligand5801-0
14,COQHEW__ligand497-0
15,COQHEW__ligand32-0
16,COQHEW__ligand1438-0
17,COQHEW__ligand532-0
18,COQHEW__ligand3063-0
19,COQHEW__ligand633-0
20,COQHEW__ligand918-0
21,COQHEW__ligand166-0
22,COQHEW__ligand1171-0
23,COQHEW__ligand838-0
24,COQHEW__ligand3734-0
25,COQHEW__ligand199-0
26,COQHEW__ligand927-0
27,COQHEW__ligand1706-0
28,COQHEW__ligand4381-0
29,COQHEW__ligand48-0
30,COQHEW__ligand2629-0
31,COQHEW__ligand575-0
32,COQHEW__ligand2688-0
33,COQHEW__ligand2259-0
34,COQHEW__ligand409-0
35,COQHEW__ligand361-0
36,COQHEW__ligand51-0
37,COQHEW__ligand324-0
38,COQHEW__ligand2768-0
39,COQHEW__ligand1376-0
40,COQHEW__ligand6277-0
41,COQHEW__ligand105-0
42,COQHEW__ligand140-0
43,COQHEW__ligand1687-0
44,COQHEW__ligand29-0
45,COQHEW__ligand91-0
46,COQHEW__ligand1951-0
47,COQHEW__ligand278-0
48,COQHEW__ligand3041-0
49,COQHEW__ligand2634-0
50,COQHEW__ligand1542-0
51,COQHEW__ligand365-0
52,COQHEW__ligand55-0
53,COQHEW__ligand95-0
54,COQHEW__ligand430-0
55,COQHEW__ligand358-0
56,COQHEW__ligand2751-0
57,COQHEW__ligand669-0
58,COQHEW__ligand10910-0
59,COQHEW__ligand3145-0
60,COQHEW__ligand6686-0
61,COQHEW__ligand1747-0
62,COQHEW__ligand5548-0
63,COQHEW__ligand509-0
64,COQHEW__ligand7915-0
65,COQHEW__ligand2863-0
66,COQHEW__ligand571-0
67,COQHEW__ligand118-0
68,COQHEW__ligand6502-0
69,COQHEW__ligand670-0
70,COQHEW__ligand2098-0
71,COQHEW__ligand6332-0
72,COQHEW__ligand3178-0
73,COQHEW__ligand34-0
74,COQHEW__ligand14530-0
75,COQHEW__ligand1479-0
76,COQHEW__ligand10479-0
77,COQHEW__ligand73-0
78,COQHEW__ligand1148-0
79,COQHEW__ligand383-0
80,COQHEW__ligand3246-0
81,COQHEW__ligand226-0
82,COQHEW__ligand162-0
83,COQHEW__ligand1538-0
84,COQHEW__ligand1114-0
85,COQHEW__ligand10114-0
86,COQHEW__ligand9244-0
87,COQHEW__ligand1228-0
88,COQHEW__ligand57-0
89,COQHEW__ligand1052-0
90,COQHEW__ligand89-0
91,COQHEW__ligand384-0
92,COQHEW__ligand1273-0
93,COQHEW__ligand49-0
94,COQHEW__ligand120-0
95,COQHEW__ligand6396-0
96,COQHEW__ligand1113-0
97,COQHEW__ligand2265-0
98,COQHEW__ligand141-0
99,COQHEW__ligand240-0
100,COQHEW__ligand9027-0
101,COQHEW__ligand4983-0
102,COQHEW__ligand2345-0
103,COQHEW__ligand2794-0
104,COQHEW__ligand1835-0
105,COQHEW__ligand1502-0
106,COQHEW__ligand17-0
107,COQHEW__ligand1169-0
108,COQHEW__ligand5022-0
109,COQHEW__ligand92-0
110,COQHEW__ligand2838-0
111,COQHEW__ligand3838-0
112,COQHEW__ligand1799-0
113,COQHEW__ligand5941-0
114,COQHEW__ligand2880-0
115,COQHEW__ligand2142-0
116,COQHEW__ligand757-0
117,COQHEW__ligand6538-0
118,COQHEW__ligand6151-0
119,COQHEW__ligand2772-0
120,COQHEW__ligand9495-0
121,COQHEW__ligand2864-0
122,COQHEW__ligand797-0
123,COQHEW__ligand126-0
124,COQHEW__ligand7464-0
125,COQHEW__ligand4303-0
126,COQHEW__ligand1248-0
127,COQHEW__ligand1598-0
128,COQHEW__ligand1054-0
129,COQHEW__ligand6294-0
130,COQHEW__ligand861-0
131,COQHEW__ligand366-0
132,COQHEW__ligand3637-0
133,COQHEW__ligand187-0
134,COQHEW__ligand8774-0
135,COQHEW__ligand612-0
136,COQHEW__ligand596-0
137,COQHEW__ligand244-0
138,COQHEW__ligand201-0
139,COQHEW__ligand1727-0
140,COQHEW__ligand100-0
141,COQHEW__ligand1152-0
142,COQHEW__ligand321-0
143,COQHEW__ligand11-0
144,COQHEW__ligand1607-0
145,COQHEW__ligand178-0
146,COQHEW__ligand279-0
147,COQHEW__ligand15630-0
148,COQHEW__ligand2510-0
149,COQHEW__ligand10357-0
150,COQHEW__ligand8921-0
151,COQHEW__ligand2285-0
152,COQHEW__ligand1567-0
153,COQHEW__ligand2862-0
154,COQHEW__ligand8-0
155,COQHEW__ligand2320-0
156,COQHEW__ligand119-0
157,COQHEW__ligand1056-0
158,COQHEW__ligand124-0
159,COQHEW__ligand1703-0
160,COQHEW__ligand2430-0
161,COQHEW__ligand2907-0
162,COQHEW__ligand291-0
163,COQHEW__ligand3853-0
164,COQHEW__ligand2853-0
165,COQHEW__ligand2599-0
166,COQHEW__ligand5089-0
167,COQHEW__ligand1246-0
168,COQHEW__ligand6166-0
169,COQHEW__ligand4-0
170,COQHEW__ligand115-0
171,COQHEW__ligand1307-0
172,COQHEW__ligand485-0
173,COQHEW__ligand784-0
174,COQHEW__ligand355-0
175,COQHEW__ligand666-0
176,COQHEW__ligand3337-0
177,COQHEW__ligand7514-0
178,COQHEW__ligand522-0
179,COQHEW__ligand67-0
180,COQHEW__ligand1449-1
181,COQHEW__ligand4811-0
182,COQHEW__ligand487-0
183,COQHEW__ligand9620-0
184,COQHEW__ligand447-0
185,COQHEW__ligand1260-0
186,COQHEW__ligand4894-0
187,COQHEW__ligand133-0
188,COQHEW__ligand11730-0
189,COQHEW__ligand1788-0
190,COQHEW__ligand682-0
191,COQHEW__ligand6-0
192,COQHEW__ligand1321-0
193,COQHEW__ligand1178-0
194,COQHEW__ligand3566-0
195,COQHEW__ligand1019-0
196,COQHEW__ligand113-0
197,COQHEW__ligand2442-0
198,COQHEW__ligand5762-0
199,COQHEW__ligand7414-0
200,COQHEW__ligand1104-0
201,COQHEW__ligand422-0
202,COQHEW__ligand6571-0
203,COQHEW__ligand1325-0
204,COQHEW__ligand2482-0
205,COQHEW__ligand502-0
206,COQHEW__ligand196-0
207,COQHEW__ligand2929-0
208,COQHEW__ligand353-0
209,COQHEW__ligand2376-0
210,COQHEW__ligand1379-0
211,COQHEW__ligand236-0
212,COQHEW__ligand1264-0
213,COQHEW__ligand1221-0
214,COQHEW__ligand1299-0
215,COQHEW__ligand6430-0
216,COQHEW__ligand170-0
217,COQHEW__ligand1712-0
218,COQHEW__ligand3579-0
219,COQHEW__ligand391-0
220,COQHEW__ligand2110-0
221,COQHEW__ligand2916-0
222,COQHEW__ligand314-0
223,COQHEW__ligand481-0
224,COQHEW__ligand1919-0
225,COQHEW__ligand2389-0
226,COQHEW__ligand5334-0
227,COQHEW__ligand45-0
228,COQHEW__ligand1898-0
229,COQHEW__ligand3051-0
230,COQHEW__ligand4504-0
231,COQHEW__ligand2480-0
232,COQHEW__ligand2315-0
233,COQHEW__ligand1858-0
234,COQHEW__ligand210-0
235,COQHEW__ligand8032-0
236,COQHEW__ligand78-0
237,COQHEW__ligand85-0
238,COQHEW__ligand2762-0
239,COQHEW__ligand1038-0
240,COQHEW__ligand934-0
241,COQHEW__ligand177-0
242,COQHEW__ligand2253-0
243,COQHEW__ligand1160-0
244,COQHEW__ligand5093-0
245,COQHEW__ligand2954-0
246,COQHEW__ligand66-0
247,COQHEW__ligand851-0
248,COQHEW__ligand7550-0
249,COQHEW__ligand909-0
250,COQHEW__ligand830-0
251,COQHEW__ligand1285-0
252,COQHEW__ligand1555-0
253,COQHEW__ligand7630-0
254,COQHEW__ligand193-0
255,COQHEW__ligand955-0
256,COQHEW__ligand3890-0
257,COQHEW__ligand252-0
258,COQHEW__ligand4423-0
259,COQHEW__ligand1907-0
260,COQHEW__ligand250-0
261,COQHEW__ligand1818-0
262,COQHEW__ligand7456-0
263,COQHEW__ligand460-0
264,COQHEW__ligand38-0
265,COQHEW__ligand40-0
266,COQHEW__ligand370-0
267,COQHEW__ligand5758-0
268,COQHEW__ligand3478-0
269,COQHEW__ligand3852-0
270,COQHEW__ligand311-0
271,COQHEW__ligand21-0
272,COQHEW__ligand9176-0
273,COQHEW__ligand3035-0
274,COQHEW__ligand3070-0
275,COQHEW__ligand2718-0
276,COQHEW__ligand1493-0
277,COQHEW__ligand4619-0
278,COQHEW__ligand5235-0
279,COQHEW__ligand188-0
280,COQHEW__ligand6143-0
281,COQHEW__ligand369-0
282,COQHEW__ligand444-0
283,COQHEW__ligand3251-0
284,COQHEW__ligand109-0
285,COQHEW__ligand560-0
286,COQHEW__ligand525-0
287,COQHEW__ligand1918-0
288,COQHEW__ligand2255-0
289,COQHEW__ligand390-0
290,COQHEW__ligand18-0
291,COQHEW__ligand235-0
292,COQHEW__ligand932-0
293,COQHEW__ligand134-0
294,COQHEW__ligand4175-0
295,COQHEW__ligand3618-0
296,COQHEW__ligand2618-0
297,COQHEW__ligand421-0
298,COQHEW__ligand798-0
299,COQHEW__ligand916-0
300,COQHEW__ligand584-0
301,COQHEW__ligand1-0
302,COQHEW__ligand1436-0
303,COQHEW__ligand993-0
304,COQHEW__ligand294-0
305,COQHEW__ligand4370-0
306,COQHEW__ligand331-0
307,COQHEW__ligand296-0
308,COQHEW__ligand197-0
309,COQHEW__ligand1551-0
310,COQHEW__ligand2526-0
311,COQHEW__ligand86-0
312,COQHEW__ligand1690-0
313,COQHEW__ligand2707-0
314,COQHEW__ligand3-0
315,COQHEW__ligand112-0
316,COQHEW__ligand442-0
317,COQHEW__ligand2915-0
318,COQHEW__ligand868-0
319,COQHEW__ligand136-0
320,COQHEW__ligand3196-0
321,COQHEW__ligand4012-0
322,COQHEW__ligand62-0
323,COQHEW__ligand783-0
324,COQHEW__ligand352-0
