,TMC
0,EBOLOX__ligand17240-0
1,EBOLOX__ligand391-0
2,EBOLOX__ligand17590-0
3,EBOLOX__ligand4131-0
4,EBOLOX__ligand1712-0
5,EBOLOX__ligand618-0
6,EBOLOX__ligand5094-0
7,EBOLOX__ligand12682-0
8,EBOLOX__ligand18699-0
9,EBOLOX__ligand5892-0
10,EBOLOX__ligand1533-0
11,EBOLOX__ligand1496-0
12,EBOLOX__ligand13072-0
13,EBOLOX__ligand7557-0
14,EBOLOX__ligand780-0
15,EBOLOX__ligand314-0
16,EBOLOX__ligand12336-0
17,EBOLOX__ligand813-0
18,EBOLOX__ligand2208-0
19,EBOLOX__ligand3208-0
20,EBOLOX__ligand31483-0
21,EBOLOX__ligand10555-0
22,EBOLOX__ligand3-0
23,EBOLOX__ligand314-1
24,EBOLOX__ligand6672-0
25,EBOLOX__ligand9809-0
26,EBOLOX__ligand1327-0
27,EBOLOX__ligand8722-0
28,EBOLOX__ligand24613-0
29,EBOLOX__ligand3350-0
30,EBOLOX__ligand7573-0
31,EBOLOX__ligand2781-0
32,EBOLOX__ligand19725-0
33,EBOLOX__ligand21421-0
34,EBOLOX__ligand2328-0
35,EBOLOX__ligand465-0
36,EBOLOX__ligand1773-0
37,EBOLOX__ligand4581-0
38,EBOLOX__ligand3029-0
39,EBOLOX__ligand7162-0
40,EBOLOX__ligand17-0
41,EBOLOX__ligand11774-0
42,EBOLOX__ligand14586-0
43,EBOLOX__ligand17710-0
44,EBOLOX__ligand20579-0
45,EBOLOX__ligand1900-0
46,EBOLOX__ligand9197-0
47,EBOLOX__ligand11568-0
48,EBOLOX__ligand3392-0
49,EBOLOX__ligand26277-0
50,EBOLOX__ligand29898-0
51,EBOLOX__ligand422-0
52,EBOLOX__ligand10432-0
53,EBOLOX__ligand31618-0
54,EBOLOX__ligand1771-0
55,EBOLOX__ligand11432-0
56,EBOLOX__ligand4911-0
57,EBOLOX__ligand22755-0
58,EBOLOX__ligand5849-0
59,EBOLOX__ligand686-0
60,EBOLOX__ligand24064-0
61,EBOLOX__ligand23589-0
62,EBOLOX__ligand196-0
63,EBOLOX__ligand2527-0
64,EBOLOX__ligand1-0
65,EBOLOX__ligand8464-0
66,EBOLOX__ligand1709-0
67,EBOLOX__ligand8349-0
68,EBOLOX__ligand15168-0
69,EBOLOX__ligand15438-0
70,EBOLOX__ligand4850-0
71,EBOLOX__ligand5056-0
72,EBOLOX__ligand28924-0
73,EBOLOX__ligand1688-0
74,EBOLOX__ligand3647-0
75,EBOLOX__ligand5357-0
76,EBOLOX__ligand3871-0
77,EBOLOX__ligand29087-0
78,EBOLOX__ligand49-0
79,EBOLOX__ligand1469-0
80,EBOLOX__ligand353-0
81,EBOLOX__ligand18703-0
82,EBOLOX__ligand1768-0
83,EBOLOX__ligand89-0
84,EBOLOX__ligand25224-0
85,EBOLOX__ligand18013-0
86,EBOLOX__ligand5935-0
87,EBOLOX__ligand17945-0
88,EBOLOX__ligand1379-0
89,EBOLOX__ligand2722-0
90,EBOLOX__ligand393-0
91,EBOLOX__ligand17207-0
92,EBOLOX__ligand31578-0
93,EBOLOX__ligand3157-0
94,EBOLOX__ligand24750-0
95,EBOLOX__ligand1165-0
96,EBOLOX__ligand9525-0
97,EBOLOX__ligand25689-0
98,EBOLOX__ligand5627-0
99,EBOLOX__ligand25575-0
100,EBOLOX__ligand21787-0
101,EBOLOX__ligand1729-0
102,EBOLOX__ligand487-0
103,EBOLOX__ligand2830-0
104,EBOLOX__ligand5316-0
105,EBOLOX__ligand27835-0
106,EBOLOX__ligand12295-0
107,EBOLOX__ligand5483-0
108,EBOLOX__ligand23906-0
109,EBOLOX__ligand176-0
110,EBOLOX__ligand9148-0
111,EBOLOX__ligand11166-0
112,EBOLOX__ligand21132-0
113,EBOLOX__ligand746-0
114,EBOLOX__ligand30539-0
115,EBOLOX__ligand1415-0
116,EBOLOX__ligand6946-0
117,EBOLOX__ligand7529-0
118,EBOLOX__ligand447-0
119,EBOLOX__ligand12519-0
120,EBOLOX__ligand25735-0
121,EBOLOX__ligand152-0
122,EBOLOX__ligand3934-0
123,EBOLOX__ligand23124-0
124,EBOLOX__ligand6882-0
125,EBOLOX__ligand11206-0
126,EBOLOX__ligand6455-0
127,EBOLOX__ligand2403-0
128,EBOLOX__ligand11-0
129,EBOLOX__ligand25650-0
130,EBOLOX__ligand69-0
131,EBOLOX__ligand1449-0
132,EBOLOX__ligand3012-0
133,EBOLOX__ligand31248-0
134,EBOLOX__ligand1065-0
135,EBOLOX__ligand7530-0
136,EBOLOX__ligand506-0
137,EBOLOX__ligand12660-0
138,EBOLOX__ligand9681-0
139,EBOLOX__ligand4332-0
140,EBOLOX__ligand13209-0
141,EBOLOX__ligand19257-0
142,EBOLOX__ligand7532-0
143,EBOLOX__ligand4194-0
144,EBOLOX__ligand18799-0
145,EBOLOX__ligand833-0
146,EBOLOX__ligand18465-0
147,EBOLOX__ligand2599-0
148,EBOLOX__ligand4330-0
149,EBOLOX__ligand16791-0
150,EBOLOX__ligand28668-0
151,EBOLOX__ligand1147-0
152,EBOLOX__ligand29610-0
153,EBOLOX__ligand115-0
154,EBOLOX__ligand3973-0
155,EBOLOX__ligand11140-0
156,EBOLOX__ligand2068-0
157,EBOLOX__ligand7925-0
158,EBOLOX__ligand13869-0
159,EBOLOX__ligand18074-0
160,EBOLOX__ligand29863-0
161,EBOLOX__ligand21936-0
162,EBOLOX__ligand13257-0
163,EBOLOX__ligand23904-0
164,EBOLOX__ligand3215-0
165,EBOLOX__ligand10084-0
166,EBOLOX__ligand368-0
167,EBOLOX__ligand25267-0
168,EBOLOX__ligand395-0
169,EBOLOX__ligand12467-0
170,EBOLOX__ligand7107-0
171,EBOLOX__ligand6283-0
172,EBOLOX__ligand18391-0
173,EBOLOX__ligand14523-0
174,EBOLOX__ligand784-0
175,EBOLOX__ligand27169-0
176,EBOLOX__ligand4813-0
177,EBOLOX__ligand5813-0
178,EBOLOX__ligand27074-0
179,EBOLOX__ligand4738-0
180,EBOLOX__ligand6062-0
181,EBOLOX__ligand20599-0
182,EBOLOX__ligand25805-0
183,EBOLOX__ligand22981-0
184,EBOLOX__ligand24185-0
185,EBOLOX__ligand91-0
186,EBOLOX__ligand23769-0
187,EBOLOX__ligand1823-0
188,EBOLOX__ligand5643-0
189,EBOLOX__ligand8721-0
190,EBOLOX__ligand1324-0
191,EBOLOX__ligand25178-0
192,EBOLOX__ligand17302-0
193,EBOLOX__ligand9111-0
194,EBOLOX__ligand9952-0
195,EBOLOX__ligand1615-0
196,EBOLOX__ligand5036-0
197,EBOLOX__ligand2526-0
198,EBOLOX__ligand197-0
199,EBOLOX__ligand17805-0
200,EBOLOX__ligand13658-0
201,EBOLOX__ligand26702-0
202,EBOLOX__ligand12289-0
203,EBOLOX__ligand8992-0
204,EBOLOX__ligand18292-0
205,EBOLOX__ligand17387-0
206,EBOLOX__ligand12130-0
207,EBOLOX__ligand9601-0
208,EBOLOX__ligand12231-0
209,EBOLOX__ligand7967-0
210,EBOLOX__ligand15585-0
211,EBOLOX__ligand12401-0
212,EBOLOX__ligand51-0
213,EBOLOX__ligand6124-0
214,EBOLOX__ligand3707-0
215,EBOLOX__ligand24145-0
216,EBOLOX__ligand10476-0
217,EBOLOX__ligand4116-0
218,EBOLOX__ligand19830-0
219,EBOLOX__ligand1018-0
220,EBOLOX__ligand13068-0
221,EBOLOX__ligand2915-0
222,EBOLOX__ligand3156-0
223,EBOLOX__ligand10262-0
224,EBOLOX__ligand28676-0
225,EBOLOX__ligand27763-0
226,EBOLOX__ligand19057-0
227,EBOLOX__ligand18814-0
228,EBOLOX__ligand6244-0
229,EBOLOX__ligand1378-0
230,EBOLOX__ligand868-0
231,EBOLOX__ligand29302-0
232,EBOLOX__ligand13425-0
233,EBOLOX__ligand14108-0
234,EBOLOX__ligand48-0
235,EBOLOX__ligand783-0
236,EBOLOX__ligand2332-0
237,EBOLOX__ligand352-0
238,EBOLOX__ligand9441-0
239,EBOLOX__ligand1631-0
240,EBOLOX__ligand12641-0
241,EBOLOX__ligand10958-0
242,EBOLOX__ligand9933-0
243,EBOLOX__ligand1575-0
244,EBOLOX__ligand1530-0
245,EBOLOX__ligand30296-0
246,EBOLOX__ligand4620-0
247,EBOLOX__ligand17281-0
248,EBOLOX__ligand26540-0
249,EBOLOX__ligand29410-0
250,EBOLOX__ligand12337-0
251,EBOLOX__ligand6067-0
252,EBOLOX__ligand1577-0
253,EBOLOX__ligand2295-0
254,EBOLOX__ligand30333-0
255,EBOLOX__ligand12606-0
256,EBOLOX__ligand560-0
257,EBOLOX__ligand235-0
258,EBOLOX__ligand27460-0
259,EBOLOX__ligand7819-0
260,EBOLOX__ligand134-0
261,EBOLOX__ligand2917-0
262,EBOLOX__ligand12427-0
263,EBOLOX__ligand6102-0
264,EBOLOX__ligand6904-0
265,EBOLOX__ligand32-0
266,EBOLOX__ligand3721-0
267,EBOLOX__ligand6596-0
268,EBOLOX__ligand28468-0
269,EBOLOX__ligand20740-0
270,EBOLOX__ligand3465-0
271,EBOLOX__ligand16628-0
272,EBOLOX__ligand14723-0
273,EBOLOX__ligand27893-0
274,EBOLOX__ligand685-0
275,EBOLOX__ligand15422-0
276,EBOLOX__ligand12934-0
277,EBOLOX__ligand20578-0
278,EBOLOX__ligand3234-0
279,EBOLOX__ligand1142-0
280,EBOLOX__ligand19641-0
281,EBOLOX__ligand23713-0
282,EBOLOX__ligand18832-0
283,EBOLOX__ligand27175-0
284,EBOLOX__ligand421-0
285,EBOLOX__ligand2028-0
286,EBOLOX__ligand8835-0
287,EBOLOX__ligand7126-0
288,EBOLOX__ligand30988-0
289,EBOLOX__ligand16-0
290,EBOLOX__ligand14297-0
291,EBOLOX__ligand14603-0
292,EBOLOX__ligand17258-0
293,EBOLOX__ligand4641-0
294,EBOLOX__ligand13012-0
295,EBOLOX__ligand17631-0
296,EBOLOX__ligand26665-0
297,EBOLOX__ligand31783-0
298,EBOLOX__ligand294-0
299,EBOLOX__ligand17261-0
300,EBOLOX__ligand5211-0
301,EBOLOX__ligand57-0
302,EBOLOX__ligand14117-0
303,EBOLOX__ligand3094-0
304,EBOLOX__ligand4155-0
305,EBOLOX__ligand250-0
306,EBOLOX__ligand20539-0
307,EBOLOX__ligand4720-0
308,EBOLOX__ligand20251-0
309,EBOLOX__ligand20214-0
310,EBOLOX__ligand30702-0
311,EBOLOX__ligand8969-0
312,EBOLOX__ligand3131-0
313,EBOLOX__ligand1202-0
314,EBOLOX__ligand3937-0
315,EBOLOX__ligand3174-0
316,EBOLOX__ligand31097-0
317,EBOLOX__ligand21581-0
318,EBOLOX__ligand6839-0
319,EBOLOX__ligand29568-0
320,EBOLOX__ligand1512-0
321,EBOLOX__ligand5331-0
322,EBOLOX__ligand30851-0
323,EBOLOX__ligand14889-0
324,EBOLOX__ligand3565-0
325,EBOLOX__ligand370-0
326,EBOLOX__ligand20419-0
327,EBOLOX__ligand17118-0
328,EBOLOX__ligand21371-0
329,EBOLOX__ligand3852-0
330,EBOLOX__ligand2485-0
331,EBOLOX__ligand28789-0
332,EBOLOX__ligand6919-0
333,EBOLOX__ligand3504-0
334,EBOLOX__ligand564-0
335,EBOLOX__ligand17398-0
336,EBOLOX__ligand1959-0
337,EBOLOX__ligand1573-0
338,EBOLOX__ligand11675-0
339,EBOLOX__ligand1536-0
340,EBOLOX__ligand620-0
341,EBOLOX__ligand20598-0
342,EBOLOX__ligand10589-0
343,EBOLOX__ligand370-1
344,EBOLOX__ligand22557-0
345,EBOLOX__ligand24047-0
346,EBOLOX__ligand9935-0
347,EBOLOX__ligand17278-0
348,EBOLOX__ligand20011-0
349,EBOLOX__ligand3718-0
350,EBOLOX__ligand6616-0
351,EBOLOX__ligand3035-0
352,EBOLOX__ligand29414-0
353,EBOLOX__ligand3876-0
354,EBOLOX__ligand1343-0
355,EBOLOX__ligand17982-0
356,EBOLOX__ligand479-0
357,EBOLOX__ligand4661-0
358,EBOLOX__ligand1844-0
359,EBOLOX__ligand311-0
360,EBOLOX__ligand785-0
361,EBOLOX__ligand7242-0
362,EBOLOX__ligand20251-1
363,EBOLOX__ligand7106-0
364,EBOLOX__ligand1263-0
365,EBOLOX__ligand9908-0
366,EBOLOX__ligand16475-0
367,EBOLOX__ligand14703-0
368,EBOLOX__ligand188-0
369,EBOLOX__ligand7629-0
370,EBOLOX__ligand10712-0
371,EBOLOX__ligand4272-0
372,EBOLOX__ligand14174-0
373,EBOLOX__ligand1451-0
374,EBOLOX__ligand34-0
375,EBOLOX__ligand9784-0
376,EBOLOX__ligand11456-0
377,EBOLOX__ligand8699-0
378,EBOLOX__ligand1160-0
379,EBOLOX__ligand9520-0
380,EBOLOX__ligand25411-0
381,EBOLOX__ligand177-0
382,EBOLOX__ligand3954-0
383,EBOLOX__ligand4442-0
384,EBOLOX__ligand4093-0
385,EBOLOX__ligand909-0
386,EBOLOX__ligand6709-0
387,EBOLOX__ligand1219-0
388,EBOLOX__ligand7867-0
389,EBOLOX__ligand31832-0
390,EBOLOX__ligand4016-0
391,EBOLOX__ligand13294-0
392,EBOLOX__ligand12030-0
393,EBOLOX__ligand7238-0
394,EBOLOX__ligand29879-0
395,EBOLOX__ligand14248-0
396,EBOLOX__ligand1304-0
397,EBOLOX__ligand1790-0
398,EBOLOX__ligand13331-0
399,EBOLOX__ligand28884-0
400,EBOLOX__ligand7280-0
401,EBOLOX__ligand1285-0
402,EBOLOX__ligand193-0
403,EBOLOX__ligand4-0
404,EBOLOX__ligand27482-0
405,EBOLOX__ligand26810-0
406,EBOLOX__ligand1982-0
407,EBOLOX__ligand7000-0
408,EBOLOX__ligand8115-0
409,EBOLOX__ligand13208-0
410,EBOLOX__ligand6768-0
411,EBOLOX__ligand68-0
412,EBOLOX__ligand4546-0
413,EBOLOX__ligand4503-0
414,EBOLOX__ligand830-0
415,EBOLOX__ligand372-0
416,EBOLOX__ligand13390-0
417,EBOLOX__ligand4157-0
418,EBOLOX__ligand5256-0
419,EBOLOX__ligand55-0
420,EBOLOX__ligand9833-0
421,EBOLOX__ligand7648-0
422,EBOLOX__ligand2828-0
423,EBOLOX__ligand8876-0
424,EBOLOX__ligand9291-0
425,EBOLOX__ligand116-0
426,EBOLOX__ligand2176-0
427,EBOLOX__ligand20682-0
428,EBOLOX__ligand2232-0
429,EBOLOX__ligand252-0
430,EBOLOX__ligand9450-0
431,EBOLOX__ligand25561-0
432,EBOLOX__ligand11949-0
433,EBOLOX__ligand2612-0
434,EBOLOX__ligand24780-0
435,EBOLOX__ligand1599-0
436,EBOLOX__ligand12138-0
437,EBOLOX__ligand22129-0
438,EBOLOX__ligand226-0
439,EBOLOX__ligand5387-0
440,EBOLOX__ligand2203-0
441,EBOLOX__ligand8-0
442,EBOLOX__ligand1289-0
443,EBOLOX__ligand17427-0
444,EBOLOX__ligand162-0
445,EBOLOX__ligand31694-0
446,EBOLOX__ligand383-0
447,EBOLOX__ligand29486-0
448,EBOLOX__ligand416-0
449,EBOLOX__ligand9284-0
450,EBOLOX__ligand3126-0
451,EBOLOX__ligand11587-0
452,EBOLOX__ligand6391-0
453,EBOLOX__ligand13220-0
454,EBOLOX__ligand15788-0
455,EBOLOX__ligand23175-0
456,EBOLOX__ligand1114-0
457,EBOLOX__ligand696-0
458,EBOLOX__ligand17396-0
459,EBOLOX__ligand13385-0
460,EBOLOX__ligand2417-0
461,EBOLOX__ligand14569-0
462,EBOLOX__ligand22444-0
463,EBOLOX__ligand24111-0
464,EBOLOX__ligand24644-0
465,EBOLOX__ligand38-0
466,EBOLOX__ligand10033-0
467,EBOLOX__ligand2043-0
468,EBOLOX__ligand8788-0
469,EBOLOX__ligand12001-0
470,EBOLOX__ligand1832-0
471,EBOLOX__ligand30728-0
472,EBOLOX__ligand1604-0
473,EBOLOX__ligand27840-0
474,EBOLOX__ligand656-0
475,EBOLOX__ligand9943-0
476,EBOLOX__ligand24872-0
477,EBOLOX__ligand1228-0
478,EBOLOX__ligand12003-0
479,EBOLOX__ligand26631-0
480,EBOLOX__ligand16148-0
481,EBOLOX__ligand10872-0
482,EBOLOX__ligand5180-0
483,EBOLOX__ligand21399-0
484,EBOLOX__ligand6017-0
485,EBOLOX__ligand29215-0
486,EBOLOX__ligand5708-0
487,EBOLOX__ligand7316-0
488,EBOLOX__ligand1116-0
489,EBOLOX__ligand1153-0
490,EBOLOX__ligand3225-0
491,EBOLOX__ligand2260-0
492,EBOLOX__ligand694-0
493,EBOLOX__ligand7092-0
494,EBOLOX__ligand27754-0
495,EBOLOX__ligand20695-0
496,EBOLOX__ligand11111-0
497,EBOLOX__ligand28540-0
498,EBOLOX__ligand2124-0
499,EBOLOX__ligand8612-0
500,EBOLOX__ligand16369-0
501,EBOLOX__ligand22403-0
502,EBOLOX__ligand488-0
503,EBOLOX__ligand42-0
504,EBOLOX__ligand7172-0
505,EBOLOX__ligand358-0
506,EBOLOX__ligand9323-0
507,EBOLOX__ligand7273-0
508,EBOLOX__ligand430-0
509,EBOLOX__ligand11618-0
510,EBOLOX__ligand2906-0
511,EBOLOX__ligand3244-0
512,EBOLOX__ligand4711-0
513,EBOLOX__ligand2788-0
514,EBOLOX__ligand5649-0
515,EBOLOX__ligand8793-0
516,EBOLOX__ligand4649-0
517,EBOLOX__ligand26529-0
518,EBOLOX__ligand66-0
519,EBOLOX__ligand9753-0
520,EBOLOX__ligand27239-0
521,EBOLOX__ligand5530-0
522,EBOLOX__ligand1356-0
523,EBOLOX__ligand21729-0
524,EBOLOX__ligand1787-0
525,EBOLOX__ligand5159-0
526,EBOLOX__ligand7196-0
527,EBOLOX__ligand534-0
528,EBOLOX__ligand571-0
529,EBOLOX__ligand4807-0
530,EBOLOX__ligand19927-0
531,EBOLOX__ligand670-0
532,EBOLOX__ligand14043-0
533,EBOLOX__ligand26324-0
534,EBOLOX__ligand3178-0
535,EBOLOX__ligand28559-0
536,EBOLOX__ligand6117-0
537,EBOLOX__ligand1407-0
538,EBOLOX__ligand14167-0
539,EBOLOX__ligand13477-0
540,EBOLOX__ligand8002-0
541,EBOLOX__ligand5509-0
542,EBOLOX__ligand27669-0
543,EBOLOX__ligand30142-0
544,EBOLOX__ligand199-0
545,EBOLOX__ligand5080-0
546,EBOLOX__ligand7762-0
547,EBOLOX__ligand5304-0
548,EBOLOX__ligand9167-0
549,EBOLOX__ligand23197-0
550,EBOLOX__ligand588-0
551,EBOLOX__ligand2238-0
552,EBOLOX__ligand29029-0
553,EBOLOX__ligand27285-0
554,EBOLOX__ligand300-0
555,EBOLOX__ligand7293-0
556,EBOLOX__ligand2822-0
557,EBOLOX__ligand3867-0
558,EBOLOX__ligand1317-0
559,EBOLOX__ligand2259-0
560,EBOLOX__ligand13672-0
561,EBOLOX__ligand1296-0
562,EBOLOX__ligand8592-0
563,EBOLOX__ligand5099-0
564,EBOLOX__ligand28685-0
565,EBOLOX__ligand18568-0
566,EBOLOX__ligand1197-0
567,EBOLOX__ligand5510-0
568,EBOLOX__ligand1376-0
569,EBOLOX__ligand9773-0
570,EBOLOX__ligand10371-0
571,EBOLOX__ligand361-0
572,EBOLOX__ligand324-0
573,EBOLOX__ligand409-0
574,EBOLOX__ligand4101-0
575,EBOLOX__ligand5595-0
576,EBOLOX__ligand28459-0
577,EBOLOX__ligand18448-0
578,EBOLOX__ligand12453-0
579,EBOLOX__ligand3926-0
580,EBOLOX__ligand3120-0
581,EBOLOX__ligand19184-0
582,EBOLOX__ligand4358-0
583,EBOLOX__ligand2221-0
584,EBOLOX__ligand3712-0
585,EBOLOX__ligand1464-0
586,EBOLOX__ligand25913-0
587,EBOLOX__ligand16988-0
588,EBOLOX__ligand2881-0
589,EBOLOX__ligand436-0
590,EBOLOX__ligand1499-0
591,EBOLOX__ligand20207-0
592,EBOLOX__ligand30711-0
593,EBOLOX__ligand6892-0
594,EBOLOX__ligand11682-0
595,EBOLOX__ligand692-0
596,EBOLOX__ligand1211-0
597,EBOLOX__ligand3677-0
598,EBOLOX__ligand3632-0
599,EBOLOX__ligand24035-0
600,EBOLOX__ligand11994-0
601,EBOLOX__ligand1294-0
602,EBOLOX__ligand1168-0
603,EBOLOX__ligand31842-0
604,EBOLOX__ligand31044-0
605,EBOLOX__ligand6699-0
606,EBOLOX__ligand326-0
607,EBOLOX__ligand16663-0
608,EBOLOX__ligand14614-0
609,EBOLOX__ligand22294-0
610,EBOLOX__ligand28930-0
611,EBOLOX__ligand2985-0
612,EBOLOX__ligand22168-0
613,EBOLOX__ligand4007-0
614,EBOLOX__ligand633-0
615,EBOLOX__ligand21919-0
616,EBOLOX__ligand9299-0
617,EBOLOX__ligand7291-0
618,EBOLOX__ligand10056-0
619,EBOLOX__ligand497-0
620,EBOLOX__ligand12365-0
621,EBOLOX__ligand18-0
622,EBOLOX__ligand15531-0
623,EBOLOX__ligand28743-0
624,EBOLOX__ligand11357-0
625,EBOLOX__ligand13862-0
626,EBOLOX__ligand9883-0
627,EBOLOX__ligand3677-1
628,EBOLOX__ligand24230-0
629,EBOLOX__ligand9344-0
630,EBOLOX__ligand11447-0
631,EBOLOX__ligand11096-0
632,EBOLOX__ligand28810-0
633,EBOLOX__ligand8000-0
634,EBOLOX__ligand10828-0
635,EBOLOX__ligand19792-0
636,EBOLOX__ligand3736-0
637,EBOLOX__ligand15926-0
638,EBOLOX__ligand11970-0
639,EBOLOX__ligand3945-0
640,EBOLOX__ligand2693-0
641,EBOLOX__ligand5383-0
642,EBOLOX__ligand15883-0
643,EBOLOX__ligand20731-0
644,EBOLOX__ligand43-0
645,EBOLOX__ligand29334-0
646,EBOLOX__ligand12413-0
647,EBOLOX__ligand11798-0
648,EBOLOX__ligand1849-0
649,EBOLOX__ligand1152-0
650,EBOLOX__ligand14477-0
651,EBOLOX__ligand3261-0
652,EBOLOX__ligand201-0
653,EBOLOX__ligand17069-0
654,EBOLOX__ligand5019-0
655,EBOLOX__ligand1216-0
656,EBOLOX__ligand17445-0
657,EBOLOX__ligand178-0
658,EBOLOX__ligand29214-0
659,EBOLOX__ligand279-0
660,EBOLOX__ligand185-0
661,EBOLOX__ligand11544-0
662,EBOLOX__ligand11501-0
663,EBOLOX__ligand321-0
664,EBOLOX__ligand5280-0
665,EBOLOX__ligand5614-0
666,EBOLOX__ligand21448-0
667,EBOLOX__ligand1831-0
668,EBOLOX__ligand5515-0
669,EBOLOX__ligand6663-0
670,EBOLOX__ligand11758-0
671,EBOLOX__ligand22357-0
672,EBOLOX__ligand1908-0
673,EBOLOX__ligand14007-0
674,EBOLOX__ligand4795-0
675,EBOLOX__ligand3285-0
676,EBOLOX__ligand18019-1
677,EBOLOX__ligand27550-0
678,EBOLOX__ligand1786-0
679,EBOLOX__ligand5630-0
680,EBOLOX__ligand16956-0
681,EBOLOX__ligand14226-0
682,EBOLOX__ligand1397-0
683,EBOLOX__ligand21339-0
684,EBOLOX__ligand7213-0
685,EBOLOX__ligand20942-1
686,EBOLOX__ligand338-0
687,EBOLOX__ligand1828-0
688,EBOLOX__ligand6112-0
689,EBOLOX__ligand67-0
690,EBOLOX__ligand8042-0
691,EBOLOX__ligand23682-0
692,EBOLOX__ligand3144-0
693,EBOLOX__ligand29565-0
694,EBOLOX__ligand5085-0
695,EBOLOX__ligand27771-0
696,EBOLOX__ligand4710-0
697,EBOLOX__ligand18158-0
698,EBOLOX__ligand5755-0
699,EBOLOX__ligand9491-0
700,EBOLOX__ligand21752-0
701,EBOLOX__ligand1400-0
702,EBOLOX__ligand4266-0
703,EBOLOX__ligand4167-0
704,EBOLOX__ligand1288-0
705,EBOLOX__ligand14339-0
706,EBOLOX__ligand13691-0
707,EBOLOX__ligand163-0
708,EBOLOX__ligand126-0
709,EBOLOX__ligand30788-0
710,EBOLOX__ligand7075-0
711,EBOLOX__ligand1149-0
712,EBOLOX__ligand3980-0
713,EBOLOX__ligand3557-0
714,EBOLOX__ligand6993-0
715,EBOLOX__ligand1817-0
716,EBOLOX__ligand1779-0
717,EBOLOX__ligand24560-0
718,EBOLOX__ligand18757-0
719,EBOLOX__ligand845-0
720,EBOLOX__ligand9750-0
721,EBOLOX__ligand24624-0
722,EBOLOX__ligand20844-0
723,EBOLOX__ligand18413-0
724,EBOLOX__ligand187-0
725,EBOLOX__ligand4063-0
726,EBOLOX__ligand20557-0
727,EBOLOX__ligand8200-0
728,EBOLOX__ligand7438-0
729,EBOLOX__ligand30004-0
730,EBOLOX__ligand657-0
731,EBOLOX__ligand3042-0
732,EBOLOX__ligand366-0
733,EBOLOX__ligand16133-0
734,EBOLOX__ligand13755-0
735,EBOLOX__ligand3453-0
736,EBOLOX__ligand3416-0
737,EBOLOX__ligand27122-0
738,EBOLOX__ligand20432-0
739,EBOLOX__ligand4207-0
740,EBOLOX__ligand777-0
741,EBOLOX__ligand23445-0
742,EBOLOX__ligand24953-0
743,EBOLOX__ligand1539-0
744,EBOLOX__ligand21940-0
745,EBOLOX__ligand25048-0
746,EBOLOX__ligand596-0
747,EBOLOX__ligand941-0
748,EBOLOX__ligand1150-0
749,EBOLOX__ligand26673-0
750,EBOLOX__ligand78-0
751,EBOLOX__ligand20821-0
752,EBOLOX__ligand11606-0
753,EBOLOX__ligand8529-0
754,EBOLOX__ligand1169-0
755,EBOLOX__ligand31000-0
756,EBOLOX__ligand11252-0
757,EBOLOX__ligand1154-0
758,EBOLOX__ligand693-0
759,EBOLOX__ligand9615-0
760,EBOLOX__ligand13260-0
761,EBOLOX__ligand10582-0
762,EBOLOX__ligand45-0
763,EBOLOX__ligand4596-0
764,EBOLOX__ligand18067-0
765,EBOLOX__ligand19824-0
766,EBOLOX__ligand1498-0
767,EBOLOX__ligand11177-0
768,EBOLOX__ligand122-0
769,EBOLOX__ligand15455-0
770,EBOLOX__ligand2692-0
771,EBOLOX__ligand1618-0
772,EBOLOX__ligand1028-0
773,EBOLOX__ligand31205-0
774,EBOLOX__ligand4262-0
775,EBOLOX__ligand24-0
776,EBOLOX__ligand25658-0
777,EBOLOX__ligand757-0
778,EBOLOX__ligand17686-0
779,EBOLOX__ligand2027-0
780,EBOLOX__ligand11814-0
781,EBOLOX__ligand19-0
782,EBOLOX__ligand16603-0
783,EBOLOX__ligand1015-0
784,EBOLOX__ligand1050-0
785,EBOLOX__ligand16870-0
786,EBOLOX__ligand11622-0
787,EBOLOX__ligand11479-0
788,EBOLOX__ligand10479-0
789,EBOLOX__ligand27610-0
790,EBOLOX__ligand6995-0
791,EBOLOX__ligand768-0
792,EBOLOX__ligand10853-0
793,EBOLOX__ligand2823-0
794,EBOLOX__ligand29441-0
795,EBOLOX__ligand2281-0
796,EBOLOX__ligand2650-0
797,EBOLOX__ligand4340-0
798,EBOLOX__ligand24851-0
799,EBOLOX__ligand14302-0
800,EBOLOX__ligand3180-0
801,EBOLOX__ligand13657-0
802,EBOLOX__ligand14347-0
803,EBOLOX__ligand11698-0
804,EBOLOX__ligand20530-0
805,EBOLOX__ligand20220-0
806,EBOLOX__ligand20121-0
807,EBOLOX__ligand5415-0
808,EBOLOX__ligand15387-0
809,EBOLOX__ligand384-0
810,EBOLOX__ligand16952-0
811,EBOLOX__ligand3471-0
812,EBOLOX__ligand29813-0
813,EBOLOX__ligand4161-0
814,EBOLOX__ligand4124-0
815,EBOLOX__ligand141-0
816,EBOLOX__ligand10151-0
817,EBOLOX__ligand1113-0
818,EBOLOX__ligand240-0
819,EBOLOX__ligand8553-0
820,EBOLOX__ligand5201-0
821,EBOLOX__ligand2001-0
822,EBOLOX__ligand22353-0
823,EBOLOX__ligand7566-0
824,EBOLOX__ligand19906-0
825,EBOLOX__ligand19668-0
826,EBOLOX__ligand9944-0
827,EBOLOX__ligand8593-0
