,TMC
0,EJIFUA__ligand669-0
1,EJIFUA__ligand430-0
2,EJIFUA__ligand358-0
3,EJIFUA__ligand1052-0
4,EJIFUA__ligand365-0
5,EJIFUA__ligand57-0
6,EJIFUA__ligand1273-0
7,EJIFUA__ligand278-0
8,EJIFUA__ligand9027-0
9,EJIFUA__ligand2265-0
10,EJIFUA__ligand1113-0
11,EJIFUA__ligand571-0
12,EJIFUA__ligand6396-0
13,EJIFUA__ligand118-0
14,EJIFUA__ligand670-0
15,EJIFUA__ligand73-0
16,EJIFUA__ligand1502-0
17,EJIFUA__ligand509-0
18,EJIFUA__ligand1835-0
19,EJIFUA__ligand2345-0
20,EJIFUA__ligand2794-0
21,EJIFUA__ligand11730-0
22,EJIFUA__ligand4983-0
23,EJIFUA__ligand5022-0
24,EJIFUA__ligand226-0
25,EJIFUA__ligand1169-0
26,EJIFUA__ligand162-0
27,EJIFUA__ligand383-0
28,EJIFUA__ligand5941-0
29,EJIFUA__ligand2880-0
30,EJIFUA__ligand1799-0
31,EJIFUA__ligand3838-0
32,EJIFUA__ligand2838-0
33,EJIFUA__ligand34-0
34,EJIFUA__ligand9495-0
35,EJIFUA__ligand2772-0
36,EJIFUA__ligand6151-0
37,EJIFUA__ligand6538-0
38,EJIFUA__ligand2142-0
39,EJIFUA__ligand55-0
40,EJIFUA__ligand95-0
41,EJIFUA__ligand2864-0
42,EJIFUA__ligand283-0
43,EJIFUA__ligand51-0
44,EJIFUA__ligand7464-0
45,EJIFUA__ligand553-0
46,EJIFUA__ligand326-0
47,EJIFUA__ligand821-0
48,EJIFUA__ligand6294-0
49,EJIFUA__ligand1054-0
50,EJIFUA__ligand436-0
51,EJIFUA__ligand91-0
52,EJIFUA__ligand206-0
53,EJIFUA__ligand1598-0
54,EJIFUA__ligand1248-0
55,EJIFUA__ligand142-0
56,EJIFUA__ligand4303-0
57,EJIFUA__ligand29-0
58,EJIFUA__ligand8774-0
59,EJIFUA__ligand838-0
60,EJIFUA__ligand3637-0
61,EJIFUA__ligand48-0
62,EJIFUA__ligand166-0
63,EJIFUA__ligand532-0
64,EJIFUA__ligand633-0
65,EJIFUA__ligand918-0
66,EJIFUA__ligand497-0
67,EJIFUA__ligand32-0
68,EJIFUA__ligand1152-0
69,EJIFUA__ligand575-0
70,EJIFUA__ligand1727-0
71,EJIFUA__ligand199-0
72,EJIFUA__ligand1607-0
73,EJIFUA__ligand927-0
74,EJIFUA__ligand1056-0
75,EJIFUA__ligand2320-0
76,EJIFUA__ligand2862-0
77,EJIFUA__ligand1567-0
78,EJIFUA__ligand2285-0
79,EJIFUA__ligand8921-0
80,EJIFUA__ligand105-0
81,EJIFUA__ligand140-0
82,EJIFUA__ligand2510-0
83,EJIFUA__ligand2907-0
84,EJIFUA__ligand2430-0
85,EJIFUA__ligand1703-0
86,EJIFUA__ligand409-0
87,EJIFUA__ligand361-0
88,EJIFUA__ligand324-0
89,EJIFUA__ligand1685-0
90,EJIFUA__ligand2087-0
91,EJIFUA__ligand1048-0
92,EJIFUA__ligand3757-0
93,EJIFUA__ligand1459-0
94,EJIFUA__ligand1544-0
95,EJIFUA__ligand126-0
96,EJIFUA__ligand3063-0
97,EJIFUA__ligand1438-0
98,EJIFUA__ligand596-0
99,EJIFUA__ligand5801-0
100,EJIFUA__ligand1171-0
101,EJIFUA__ligand187-0
102,EJIFUA__ligand612-0
103,EJIFUA__ligand11-0
104,EJIFUA__ligand861-0
105,EJIFUA__ligand366-0
106,EJIFUA__ligand2629-0
107,EJIFUA__ligand178-0
108,EJIFUA__ligand4381-0
109,EJIFUA__ligand279-0
110,EJIFUA__ligand1706-0
111,EJIFUA__ligand321-0
112,EJIFUA__ligand3734-0
113,EJIFUA__ligand244-0
114,EJIFUA__ligand201-0
115,EJIFUA__ligand100-0
116,EJIFUA__ligand1376-0
117,EJIFUA__ligand2768-0
118,EJIFUA__ligand124-0
119,EJIFUA__ligand2688-0
120,EJIFUA__ligand2259-0
121,EJIFUA__ligand1951-0
122,EJIFUA__ligand119-0
123,EJIFUA__ligand1687-0
124,EJIFUA__ligand6277-0
125,EJIFUA__ligand120-0
126,EJIFUA__ligand1542-0
127,EJIFUA__ligand2634-0
128,EJIFUA__ligand3041-0
129,EJIFUA__ligand384-0
130,EJIFUA__ligand2751-0
131,EJIFUA__ligand7915-0
132,EJIFUA__ligand5548-0
133,EJIFUA__ligand6686-0
134,EJIFUA__ligand1747-0
135,EJIFUA__ligand17-0
136,EJIFUA__ligand3145-0
137,EJIFUA__ligand141-0
138,EJIFUA__ligand3178-0
139,EJIFUA__ligand6332-0
140,EJIFUA__ligand92-0
141,EJIFUA__ligand240-0
142,EJIFUA__ligand2098-0
143,EJIFUA__ligand6502-0
144,EJIFUA__ligand8-0
145,EJIFUA__ligand2863-0
146,EJIFUA__ligand1148-0
147,EJIFUA__ligand1479-0
148,EJIFUA__ligand3246-0
149,EJIFUA__ligand797-0
150,EJIFUA__ligand89-0
151,EJIFUA__ligand1114-0
152,EJIFUA__ligand1538-0
153,EJIFUA__ligand49-0
154,EJIFUA__ligand1228-0
155,EJIFUA__ligand9244-0
156,EJIFUA__ligand757-0
157,EJIFUA__ligand2954-0
158,EJIFUA__ligand5093-0
159,EJIFUA__ligand45-0
160,EJIFUA__ligand1160-0
161,EJIFUA__ligand2253-0
162,EJIFUA__ligand502-0
163,EJIFUA__ligand196-0
164,EJIFUA__ligand1038-0
165,EJIFUA__ligand2762-0
166,EJIFUA__ligand7550-0
167,EJIFUA__ligand422-0
168,EJIFUA__ligand85-0
169,EJIFUA__ligand113-0
170,EJIFUA__ligand78-0
171,EJIFUA__ligand7630-0
172,EJIFUA__ligand1555-0
173,EJIFUA__ligand1285-0
174,EJIFUA__ligand236-0
175,EJIFUA__ligand1907-0
176,EJIFUA__ligand4423-0
177,EJIFUA__ligand6-0
178,EJIFUA__ligand3890-0
179,EJIFUA__ligand353-0
180,EJIFUA__ligand7456-0
181,EJIFUA__ligand1818-0
182,EJIFUA__ligand314-0
183,EJIFUA__ligand481-0
184,EJIFUA__ligand4-0
185,EJIFUA__ligand3852-0
186,EJIFUA__ligand391-0
187,EJIFUA__ligand3478-0
188,EJIFUA__ligand5758-0
189,EJIFUA__ligand170-0
190,EJIFUA__ligand1493-0
191,EJIFUA__ligand2718-0
192,EJIFUA__ligand3070-0
193,EJIFUA__ligand3035-0
194,EJIFUA__ligand9176-0
195,EJIFUA__ligand210-0
196,EJIFUA__ligand3251-0
197,EJIFUA__ligand6143-0
198,EJIFUA__ligand5235-0
199,EJIFUA__ligand4619-0
200,EJIFUA__ligand1918-0
201,EJIFUA__ligand115-0
202,EJIFUA__ligand4175-0
203,EJIFUA__ligand10479-0
204,EJIFUA__ligand291-0
205,EJIFUA__ligand2255-0
206,EJIFUA__ligand485-0
207,EJIFUA__ligand1436-0
208,EJIFUA__ligand355-0
209,EJIFUA__ligand784-0
210,EJIFUA__ligand67-0
211,EJIFUA__ligand2618-0
212,EJIFUA__ligand3618-0
213,EJIFUA__ligand4370-0
214,EJIFUA__ligand10114-0
215,EJIFUA__ligand2526-0
216,EJIFUA__ligand10910-0
217,EJIFUA__ligand1551-0
218,EJIFUA__ligand133-0
219,EJIFUA__ligand447-0
220,EJIFUA__ligand2707-0
221,EJIFUA__ligand487-0
222,EJIFUA__ligand666-0
223,EJIFUA__ligand1690-0
224,EJIFUA__ligand522-0
225,EJIFUA__ligand14530-0
226,EJIFUA__ligand2915-0
227,EJIFUA__ligand682-0
228,EJIFUA__ligand4012-0
229,EJIFUA__ligand3196-0
230,EJIFUA__ligand235-0
231,EJIFUA__ligand932-0
232,EJIFUA__ligand134-0
233,EJIFUA__ligand5089-0
234,EJIFUA__ligand2599-0
235,EJIFUA__ligand2853-0
236,EJIFUA__ligand3853-0
237,EJIFUA__ligand390-0
238,EJIFUA__ligand6166-0
239,EJIFUA__ligand109-0
240,EJIFUA__ligand1246-0
241,EJIFUA__ligand62-0
242,EJIFUA__ligand560-0
243,EJIFUA__ligand525-0
244,EJIFUA__ligand331-0
245,EJIFUA__ligand993-0
246,EJIFUA__ligand294-0
247,EJIFUA__ligand584-0
248,EJIFUA__ligand916-0
249,EJIFUA__ligand86-0
250,EJIFUA__ligand421-0
251,EJIFUA__ligand798-0
252,EJIFUA__ligand1307-0
253,EJIFUA__ligand4811-0
254,EJIFUA__ligand1449-1
255,EJIFUA__ligand112-0
256,EJIFUA__ligand7514-0
257,EJIFUA__ligand3337-0
258,EJIFUA__ligand1260-0
259,EJIFUA__ligand4894-0
260,EJIFUA__ligand296-0
261,EJIFUA__ligand9620-0
262,EJIFUA__ligand197-0
263,EJIFUA__ligand1788-0
264,EJIFUA__ligand352-0
265,EJIFUA__ligand783-0
266,EJIFUA__ligand18-0
267,EJIFUA__ligand136-0
268,EJIFUA__ligand3566-0
269,EJIFUA__ligand1178-0
270,EJIFUA__ligand442-0
271,EJIFUA__ligand1321-0
272,EJIFUA__ligand868-0
273,EJIFUA__ligand21-0
274,EJIFUA__ligand909-0
275,EJIFUA__ligand1104-0
276,EJIFUA__ligand7414-0
277,EJIFUA__ligand5762-0
278,EJIFUA__ligand2442-0
279,EJIFUA__ligand1019-0
280,EJIFUA__ligand3-0
281,EJIFUA__ligand851-0
282,EJIFUA__ligand2482-0
283,EJIFUA__ligand1325-0
284,EJIFUA__ligand6571-0
285,EJIFUA__ligand177-0
286,EJIFUA__ligand934-0
287,EJIFUA__ligand2376-0
288,EJIFUA__ligand955-0
289,EJIFUA__ligand2929-0
290,EJIFUA__ligand38-0
291,EJIFUA__ligand252-0
292,EJIFUA__ligand6430-0
293,EJIFUA__ligand1299-0
294,EJIFUA__ligand193-0
295,EJIFUA__ligand1221-0
296,EJIFUA__ligand1264-0
297,EJIFUA__ligand40-0
298,EJIFUA__ligand10357-0
299,EJIFUA__ligand830-0
300,EJIFUA__ligand1379-0
301,EJIFUA__ligand15630-0
302,EJIFUA__ligand2916-0
303,EJIFUA__ligand2110-0
304,EJIFUA__ligand3579-0
305,EJIFUA__ligand1712-0
306,EJIFUA__ligand370-0
307,EJIFUA__ligand2389-0
308,EJIFUA__ligand460-0
309,EJIFUA__ligand250-0
310,EJIFUA__ligand1919-0
311,EJIFUA__ligand2315-0
312,EJIFUA__ligand369-0
313,EJIFUA__ligand444-0
314,EJIFUA__ligand2480-0
315,EJIFUA__ligand4504-0
316,EJIFUA__ligand3051-0
317,EJIFUA__ligand1898-0
318,EJIFUA__ligand5334-0
319,EJIFUA__ligand188-0
320,EJIFUA__ligand66-0
321,EJIFUA__ligand8032-0
322,EJIFUA__ligand1-0
323,EJIFUA__ligand1858-0
324,EJIFUA__ligand311-0
