,TMC
0,WOQLAP__ligand10371-0
1,WOQLAP__ligand51-0
2,WOQLAP__ligand7075-0
3,WOQLAP__ligand1149-0
4,WOQLAP__ligand618-0
5,WOQLAP__ligand3557-0
6,WOQLAP__ligand3980-0
7,WOQLAP__ligand391-0
8,WOQLAP__ligand1817-0
9,WOQLAP__ligand6993-0
10,WOQLAP__ligand1779-0
11,WOQLAP__ligand18568-0
12,WOQLAP__ligand28685-0
13,WOQLAP__ligand9750-0
14,WOQLAP__ligand13672-0
15,WOQLAP__ligand9491-0
16,WOQLAP__ligand780-0
17,WOQLAP__ligand314-0
18,WOQLAP__ligand4266-0
19,WOQLAP__ligand1400-0
20,WOQLAP__ligand813-0
21,WOQLAP__ligand19184-0
22,WOQLAP__ligand4167-0
23,WOQLAP__ligand28459-0
24,WOQLAP__ligand12453-0
25,WOQLAP__ligand91-0
26,WOQLAP__ligand18448-0
27,WOQLAP__ligand1288-0
28,WOQLAP__ligand3416-0
29,WOQLAP__ligand3453-0
30,WOQLAP__ligand4207-0
31,WOQLAP__ligand27669-0
32,WOQLAP__ligand1539-0
33,WOQLAP__ligand48-0
34,WOQLAP__ligand30142-0
35,WOQLAP__ligand14167-0
36,WOQLAP__ligand13477-0
37,WOQLAP__ligand314-1
38,WOQLAP__ligand1150-0
39,WOQLAP__ligand4063-0
40,WOQLAP__ligand8200-0
41,WOQLAP__ligand7438-0
42,WOQLAP__ligand27285-0
43,WOQLAP__ligand29029-0
44,WOQLAP__ligand465-0
45,WOQLAP__ligand3042-0
46,WOQLAP__ligand23197-0
47,WOQLAP__ligand11357-0
48,WOQLAP__ligand13862-0
49,WOQLAP__ligand32-0
50,WOQLAP__ligand28743-0
51,WOQLAP__ligand15531-0
52,WOQLAP__ligand686-0
53,WOQLAP__ligand12365-0
54,WOQLAP__ligand10056-0
55,WOQLAP__ligand5614-0
56,WOQLAP__ligand5280-0
57,WOQLAP__ligand1831-0
58,WOQLAP__ligand21919-0
59,WOQLAP__ligand5515-0
60,WOQLAP__ligand22294-0
61,WOQLAP__ligand6663-0
62,WOQLAP__ligand422-0
63,WOQLAP__ligand22168-0
64,WOQLAP__ligand28930-0
65,WOQLAP__ligand15883-0
66,WOQLAP__ligand1849-0
67,WOQLAP__ligand11970-0
68,WOQLAP__ligand19792-0
69,WOQLAP__ligand4-0
70,WOQLAP__ligand3261-0
71,WOQLAP__ligand1152-0
72,WOQLAP__ligand10828-0
73,WOQLAP__ligand5019-0
74,WOQLAP__ligand15926-0
75,WOQLAP__ligand1216-0
76,WOQLAP__ligand24230-0
77,WOQLAP__ligand196-0
78,WOQLAP__ligand28810-0
79,WOQLAP__ligand11096-0
80,WOQLAP__ligand11447-0
81,WOQLAP__ligand1397-0
82,WOQLAP__ligand7213-0
83,WOQLAP__ligand1828-0
84,WOQLAP__ligand353-0
85,WOQLAP__ligand6112-0
86,WOQLAP__ligand30711-0
87,WOQLAP__ligand20207-0
88,WOQLAP__ligand8042-0
89,WOQLAP__ligand11682-0
90,WOQLAP__ligand3144-0
91,WOQLAP__ligand5085-0
92,WOQLAP__ligand16988-0
93,WOQLAP__ligand4710-0
94,WOQLAP__ligand5755-0
95,WOQLAP__ligand25913-0
96,WOQLAP__ligand1908-0
97,WOQLAP__ligand14614-0
98,WOQLAP__ligand3285-0
99,WOQLAP__ligand4795-0
100,WOQLAP__ligand16663-0
101,WOQLAP__ligand16-0
102,WOQLAP__ligand11994-0
103,WOQLAP__ligand31044-0
104,WOQLAP__ligand1786-0
105,WOQLAP__ligand31842-0
106,WOQLAP__ligand5630-0
107,WOQLAP__ligand393-0
108,WOQLAP__ligand24035-0
109,WOQLAP__ligand24111-0
110,WOQLAP__ligand22444-0
111,WOQLAP__ligand13385-0
112,WOQLAP__ligand14569-0
113,WOQLAP__ligand5415-0
114,WOQLAP__ligand23175-0
115,WOQLAP__ligand15788-0
116,WOQLAP__ligand17396-0
117,WOQLAP__ligand487-0
118,WOQLAP__ligand4124-0
119,WOQLAP__ligand4161-0
120,WOQLAP__ligand3471-0
121,WOQLAP__ligand13220-0
122,WOQLAP__ligand11587-0
123,WOQLAP__ligand746-0
124,WOQLAP__ligand24872-0
125,WOQLAP__ligand6995-0
126,WOQLAP__ligand30728-0
127,WOQLAP__ligand2823-0
128,WOQLAP__ligand27840-0
129,WOQLAP__ligand447-0
130,WOQLAP__ligand2281-0
131,WOQLAP__ligand2650-0
132,WOQLAP__ligand4340-0
133,WOQLAP__ligand57-0
134,WOQLAP__ligand12001-0
135,WOQLAP__ligand3180-0
136,WOQLAP__ligand24644-0
137,WOQLAP__ligand176-0
138,WOQLAP__ligand10033-0
139,WOQLAP__ligand2001-0
140,WOQLAP__ligand12138-0
141,WOQLAP__ligand24780-0
142,WOQLAP__ligand22129-0
143,WOQLAP__ligand7566-0
144,WOQLAP__ligand11949-0
145,WOQLAP__ligand152-0
146,WOQLAP__ligand9944-0
147,WOQLAP__ligand8593-0
148,WOQLAP__ligand25561-0
149,WOQLAP__ligand506-0
150,WOQLAP__ligand29486-0
151,WOQLAP__ligand1113-0
152,WOQLAP__ligand31694-0
153,WOQLAP__ligand8553-0
154,WOQLAP__ligand17427-0
155,WOQLAP__ligand5201-0
156,WOQLAP__ligand26529-0
157,WOQLAP__ligand1154-0
158,WOQLAP__ligand9615-0
159,WOQLAP__ligand11618-0
160,WOQLAP__ligand833-0
161,WOQLAP__ligand4596-0
162,WOQLAP__ligand1498-0
163,WOQLAP__ligand14043-0
164,WOQLAP__ligand28559-0
165,WOQLAP__ligand26324-0
166,WOQLAP__ligand19927-0
167,WOQLAP__ligand34-0
168,WOQLAP__ligand8529-0
169,WOQLAP__ligand115-0
170,WOQLAP__ligand1169-0
171,WOQLAP__ligand21729-0
172,WOQLAP__ligand27239-0
173,WOQLAP__ligand2027-0
174,WOQLAP__ligand368-0
175,WOQLAP__ligand395-0
176,WOQLAP__ligand1050-0
177,WOQLAP__ligand1015-0
178,WOQLAP__ligand29215-0
179,WOQLAP__ligand21399-0
180,WOQLAP__ligand10872-0
181,WOQLAP__ligand55-0
182,WOQLAP__ligand12003-0
183,WOQLAP__ligand26631-0
184,WOQLAP__ligand16148-0
185,WOQLAP__ligand68-0
186,WOQLAP__ligand2692-0
187,WOQLAP__ligand22403-0
188,WOQLAP__ligand1618-0
189,WOQLAP__ligand28540-0
190,WOQLAP__ligand1028-0
191,WOQLAP__ligand11111-0
192,WOQLAP__ligand16369-0
193,WOQLAP__ligand784-0
194,WOQLAP__ligand4262-0
195,WOQLAP__ligand20695-0
196,WOQLAP__ligand27754-0
197,WOQLAP__ligand3225-0
198,WOQLAP__ligand1153-0
199,WOQLAP__ligand31205-0
200,WOQLAP__ligand1116-0
201,WOQLAP__ligand7092-0
202,WOQLAP__ligand2260-0
203,WOQLAP__ligand17686-0
204,WOQLAP__ligand25658-0
205,WOQLAP__ligand197-0
206,WOQLAP__ligand2124-0
207,WOQLAP__ligand8612-0
208,WOQLAP__ligand15455-0
209,WOQLAP__ligand7172-0
210,WOQLAP__ligand11177-0
211,WOQLAP__ligand9323-0
212,WOQLAP__ligand7273-0
213,WOQLAP__ligand11622-0
214,WOQLAP__ligand5180-0
215,WOQLAP__ligand16870-0
216,WOQLAP__ligand16603-0
217,WOQLAP__ligand6017-0
218,WOQLAP__ligand11814-0
219,WOQLAP__ligand5708-0
220,WOQLAP__ligand7316-0
221,WOQLAP__ligand9753-0
222,WOQLAP__ligand5530-0
223,WOQLAP__ligand31000-0
224,WOQLAP__ligand1356-0
225,WOQLAP__ligand1787-0
226,WOQLAP__ligand11606-0
227,WOQLAP__ligand868-0
228,WOQLAP__ligand5159-0
229,WOQLAP__ligand7196-0
230,WOQLAP__ligand20821-0
231,WOQLAP__ligand4807-0
232,WOQLAP__ligand26673-0
233,WOQLAP__ligand3178-0
234,WOQLAP__ligand17-0
235,WOQLAP__ligand19824-0
236,WOQLAP__ligand18067-0
237,WOQLAP__ligand2906-0
238,WOQLAP__ligand4711-0
239,WOQLAP__ligand3244-0
240,WOQLAP__ligand8793-0
241,WOQLAP__ligand10582-0
242,WOQLAP__ligand2788-0
243,WOQLAP__ligand5649-0
244,WOQLAP__ligand13260-0
245,WOQLAP__ligand4649-0
246,WOQLAP__ligand352-0
247,WOQLAP__ligand783-0
248,WOQLAP__ligand11252-0
249,WOQLAP__ligand2203-0
250,WOQLAP__ligand5387-0
251,WOQLAP__ligand1289-0
252,WOQLAP__ligand560-0
253,WOQLAP__ligand10151-0
254,WOQLAP__ligand9450-0
255,WOQLAP__ligand19906-0
256,WOQLAP__ligand19668-0
257,WOQLAP__ligand2612-0
258,WOQLAP__ligand235-0
259,WOQLAP__ligand1599-0
260,WOQLAP__ligand22353-0
261,WOQLAP__ligand134-0
262,WOQLAP__ligand13657-0
263,WOQLAP__ligand14347-0
264,WOQLAP__ligand14302-0
265,WOQLAP__ligand20530-0
266,WOQLAP__ligand2043-0
267,WOQLAP__ligand421-0
268,WOQLAP__ligand11698-0
269,WOQLAP__ligand8788-0
270,WOQLAP__ligand24851-0
271,WOQLAP__ligand1832-0
272,WOQLAP__ligand89-0
273,WOQLAP__ligand1604-0
274,WOQLAP__ligand29441-0
275,WOQLAP__ligand10853-0
276,WOQLAP__ligand27610-0
277,WOQLAP__ligand10479-0
278,WOQLAP__ligand685-0
279,WOQLAP__ligand11479-0
280,WOQLAP__ligand9943-0
281,WOQLAP__ligand1228-0
282,WOQLAP__ligand29813-0
283,WOQLAP__ligand16952-0
284,WOQLAP__ligand9284-0
285,WOQLAP__ligand3126-0
286,WOQLAP__ligand6391-0
287,WOQLAP__ligand49-0
288,WOQLAP__ligand294-0
289,WOQLAP__ligand1114-0
290,WOQLAP__ligand20121-0
291,WOQLAP__ligand2417-0
292,WOQLAP__ligand15387-0
293,WOQLAP__ligand20220-0
294,WOQLAP__ligand3632-0
295,WOQLAP__ligand250-0
296,WOQLAP__ligand3677-0
297,WOQLAP__ligand27550-0
298,WOQLAP__ligand1294-0
299,WOQLAP__ligand1168-0
300,WOQLAP__ligand6699-0
301,WOQLAP__ligand14007-0
302,WOQLAP__ligand18019-1
303,WOQLAP__ligand1464-0
304,WOQLAP__ligand3712-0
305,WOQLAP__ligand370-0
306,WOQLAP__ligand27771-0
307,WOQLAP__ligand18158-0
308,WOQLAP__ligand23682-0
309,WOQLAP__ligand2881-0
310,WOQLAP__ligand1499-0
311,WOQLAP__ligand29565-0
312,WOQLAP__ligand6892-0
313,WOQLAP__ligand3-0
314,WOQLAP__ligand20942-1
315,WOQLAP__ligand14226-0
316,WOQLAP__ligand21339-0
317,WOQLAP__ligand16956-0
318,WOQLAP__ligand1211-0
319,WOQLAP__ligand17445-0
320,WOQLAP__ligand9344-0
321,WOQLAP__ligand8000-0
322,WOQLAP__ligand14477-0
323,WOQLAP__ligand479-0
324,WOQLAP__ligand311-0
325,WOQLAP__ligand3736-0
326,WOQLAP__ligand785-0
327,WOQLAP__ligand17069-0
328,WOQLAP__ligand3945-0
329,WOQLAP__ligand564-0
330,WOQLAP__ligand11798-0
331,WOQLAP__ligand69-0
332,WOQLAP__ligand620-0
333,WOQLAP__ligand20731-0
334,WOQLAP__ligand5383-0
335,WOQLAP__ligand2693-0
336,WOQLAP__ligand12413-0
337,WOQLAP__ligand29334-0
338,WOQLAP__ligand370-1
339,WOQLAP__ligand2985-0
340,WOQLAP__ligand22357-0
341,WOQLAP__ligand4007-0
342,WOQLAP__ligand11758-0
343,WOQLAP__ligand188-0
344,WOQLAP__ligand21448-0
345,WOQLAP__ligand11-0
346,WOQLAP__ligand9299-0
347,WOQLAP__ligand7291-0
348,WOQLAP__ligand11501-0
349,WOQLAP__ligand11544-0
350,WOQLAP__ligand9883-0
351,WOQLAP__ligand29214-0
352,WOQLAP__ligand3677-1
353,WOQLAP__ligand5304-0
354,WOQLAP__ligand9167-0
355,WOQLAP__ligand177-0
356,WOQLAP__ligand2238-0
357,WOQLAP__ligand30004-0
358,WOQLAP__ligand2822-0
359,WOQLAP__ligand7293-0
360,WOQLAP__ligand20557-0
361,WOQLAP__ligand1317-0
362,WOQLAP__ligand3867-0
363,WOQLAP__ligand1407-0
364,WOQLAP__ligand6117-0
365,WOQLAP__ligand5509-0
366,WOQLAP__ligand8002-0
367,WOQLAP__ligand21940-0
368,WOQLAP__ligand25048-0
369,WOQLAP__ligand909-0
370,WOQLAP__ligand24953-0
371,WOQLAP__ligand23445-0
372,WOQLAP__ligand13755-0
373,WOQLAP__ligand16133-0
374,WOQLAP__ligand7762-0
375,WOQLAP__ligand5080-0
376,WOQLAP__ligand27122-0
377,WOQLAP__ligand20432-0
378,WOQLAP__ligand30788-0
379,WOQLAP__ligand13691-0
380,WOQLAP__ligand4101-0
381,WOQLAP__ligand830-0
382,WOQLAP__ligand5595-0
383,WOQLAP__ligand14339-0
384,WOQLAP__ligand372-0
385,WOQLAP__ligand3120-0
386,WOQLAP__ligand193-0
387,WOQLAP__ligand3926-0
388,WOQLAP__ligand4358-0
389,WOQLAP__ligand21752-0
390,WOQLAP__ligand1-0
391,WOQLAP__ligand2221-0
392,WOQLAP__ligand2259-0
393,WOQLAP__ligand18413-0
394,WOQLAP__ligand20844-0
395,WOQLAP__ligand1296-0
396,WOQLAP__ligand24624-0
397,WOQLAP__ligand116-0
398,WOQLAP__ligand5099-0
399,WOQLAP__ligand8592-0
400,WOQLAP__ligand18757-0
401,WOQLAP__ligand252-0
402,WOQLAP__ligand1197-0
403,WOQLAP__ligand24560-0
404,WOQLAP__ligand5510-0
405,WOQLAP__ligand1376-0
406,WOQLAP__ligand9773-0
407,WOQLAP__ligand7819-0
408,WOQLAP__ligand2917-0
409,WOQLAP__ligand3721-0
410,WOQLAP__ligand23124-0
411,WOQLAP__ligand6904-0
412,WOQLAP__ligand6596-0
413,WOQLAP__ligand6102-0
414,WOQLAP__ligand11206-0
415,WOQLAP__ligand25735-0
416,WOQLAP__ligand12519-0
417,WOQLAP__ligand3465-0
418,WOQLAP__ligand383-0
419,WOQLAP__ligand4620-0
420,WOQLAP__ligand19257-0
421,WOQLAP__ligand13209-0
422,WOQLAP__ligand12660-0
423,WOQLAP__ligand416-0
424,WOQLAP__ligand226-0
425,WOQLAP__ligand1577-0
426,WOQLAP__ligand6067-0
427,WOQLAP__ligand2295-0
428,WOQLAP__ligand43-0
429,WOQLAP__ligand162-0
430,WOQLAP__ligand25650-0
431,WOQLAP__ligand31248-0
432,WOQLAP__ligand27835-0
433,WOQLAP__ligand12295-0
434,WOQLAP__ligand4641-0
435,WOQLAP__ligand67-0
436,WOQLAP__ligand25689-0
437,WOQLAP__ligand696-0
438,WOQLAP__ligand21787-0
439,WOQLAP__ligand25575-0
440,WOQLAP__ligand1142-0
441,WOQLAP__ligand656-0
442,WOQLAP__ligand3234-0
443,WOQLAP__ligand30539-0
444,WOQLAP__ligand11166-0
445,WOQLAP__ligand21132-0
446,WOQLAP__ligand2028-0
447,WOQLAP__ligand8835-0
448,WOQLAP__ligand7126-0
449,WOQLAP__ligand23906-0
450,WOQLAP__ligand12467-0
451,WOQLAP__ligand8992-0
452,WOQLAP__ligand9601-0
453,WOQLAP__ligand10084-0
454,WOQLAP__ligand25267-0
455,WOQLAP__ligand7967-0
456,WOQLAP__ligand3707-0
457,WOQLAP__ligand23904-0
458,WOQLAP__ligand6124-0
459,WOQLAP__ligand4116-0
460,WOQLAP__ligand21936-0
461,WOQLAP__ligand1018-0
462,WOQLAP__ligand13257-0
463,WOQLAP__ligand20599-0
464,WOQLAP__ligand488-0
465,WOQLAP__ligand1823-0
466,WOQLAP__ligand22981-0
467,WOQLAP__ligand5643-0
468,WOQLAP__ligand25805-0
469,WOQLAP__ligand8721-0
470,WOQLAP__ligand358-0
471,WOQLAP__ligand1324-0
472,WOQLAP__ligand430-0
473,WOQLAP__ligand27074-0
474,WOQLAP__ligand694-0
475,WOQLAP__ligand18391-0
476,WOQLAP__ligand27169-0
477,WOQLAP__ligand9952-0
478,WOQLAP__ligand9111-0
479,WOQLAP__ligand14523-0
480,WOQLAP__ligand1615-0
481,WOQLAP__ligand2526-0
482,WOQLAP__ligand5036-0
483,WOQLAP__ligand28668-0
484,WOQLAP__ligand2332-0
485,WOQLAP__ligand16791-0
486,WOQLAP__ligand9441-0
487,WOQLAP__ligand18799-0
488,WOQLAP__ligand1631-0
489,WOQLAP__ligand18465-0
490,WOQLAP__ligand9933-0
491,WOQLAP__ligand1530-0
492,WOQLAP__ligand1575-0
493,WOQLAP__ligand18074-0
494,WOQLAP__ligand2915-0
495,WOQLAP__ligand534-0
496,WOQLAP__ligand3156-0
497,WOQLAP__ligand13869-0
498,WOQLAP__ligand571-0
499,WOQLAP__ligand29863-0
500,WOQLAP__ligand670-0
501,WOQLAP__ligand11140-0
502,WOQLAP__ligand6244-0
503,WOQLAP__ligand29610-0
504,WOQLAP__ligand1378-0
505,WOQLAP__ligand45-0
506,WOQLAP__ligand199-0
507,WOQLAP__ligand1219-0
508,WOQLAP__ligand6709-0
509,WOQLAP__ligand19725-0
510,WOQLAP__ligand7867-0
511,WOQLAP__ligand24613-0
512,WOQLAP__ligand4016-0
513,WOQLAP__ligand7238-0
514,WOQLAP__ligand31483-0
515,WOQLAP__ligand1790-0
516,WOQLAP__ligand1304-0
517,WOQLAP__ligand7280-0
518,WOQLAP__ligand10555-0
519,WOQLAP__ligand7629-0
520,WOQLAP__ligand20579-0
521,WOQLAP__ligand17710-0
522,WOQLAP__ligand1451-0
523,WOQLAP__ligand300-0
524,WOQLAP__ligand11568-0
525,WOQLAP__ligand4272-0
526,WOQLAP__ligand9784-0
527,WOQLAP__ligand8699-0
528,WOQLAP__ligand1160-0
529,WOQLAP__ligand588-0
530,WOQLAP__ligand14586-0
531,WOQLAP__ligand11774-0
532,WOQLAP__ligand9520-0
533,WOQLAP__ligand78-0
534,WOQLAP__ligand21421-0
535,WOQLAP__ligand4442-0
536,WOQLAP__ligand4093-0
537,WOQLAP__ligand3954-0
538,WOQLAP__ligand4157-0
539,WOQLAP__ligand18699-0
540,WOQLAP__ligand12682-0
541,WOQLAP__ligand5256-0
542,WOQLAP__ligand361-0
543,WOQLAP__ligand324-0
544,WOQLAP__ligand409-0
545,WOQLAP__ligand9833-0
546,WOQLAP__ligand2828-0
547,WOQLAP__ligand8876-0
548,WOQLAP__ligand7648-0
549,WOQLAP__ligand9291-0
550,WOQLAP__ligand17590-0
551,WOQLAP__ligand2176-0
552,WOQLAP__ligand19-0
553,WOQLAP__ligand17240-0
554,WOQLAP__ligand2232-0
555,WOQLAP__ligand1285-0
556,WOQLAP__ligand12336-0
557,WOQLAP__ligand1982-0
558,WOQLAP__ligand7000-0
559,WOQLAP__ligand24-0
560,WOQLAP__ligand8115-0
561,WOQLAP__ligand6768-0
562,WOQLAP__ligand13072-0
563,WOQLAP__ligand4503-0
564,WOQLAP__ligand4546-0
565,WOQLAP__ligand1512-0
566,WOQLAP__ligand692-0
567,WOQLAP__ligand18703-0
568,WOQLAP__ligand5331-0
569,WOQLAP__ligand29087-0
570,WOQLAP__ligand3565-0
571,WOQLAP__ligand3852-0
572,WOQLAP__ligand436-0
573,WOQLAP__ligand2485-0
574,WOQLAP__ligand15438-0
575,WOQLAP__ligand28924-0
576,WOQLAP__ligand6919-0
577,WOQLAP__ligand5211-0
578,WOQLAP__ligand326-0
579,WOQLAP__ligand3094-0
580,WOQLAP__ligand4155-0
581,WOQLAP__ligand24750-0
582,WOQLAP__ligand4720-0
583,WOQLAP__ligand31578-0
584,WOQLAP__ligand17207-0
585,WOQLAP__ligand8969-0
586,WOQLAP__ligand18013-0
587,WOQLAP__ligand25224-0
588,WOQLAP__ligand3174-0
589,WOQLAP__ligand3937-0
590,WOQLAP__ligand1202-0
591,WOQLAP__ligand3131-0
592,WOQLAP__ligand6839-0
593,WOQLAP__ligand17945-0
594,WOQLAP__ligand7242-0
595,WOQLAP__ligand497-0
596,WOQLAP__ligand7106-0
597,WOQLAP__ligand11432-0
598,WOQLAP__ligand31618-0
599,WOQLAP__ligand10432-0
600,WOQLAP__ligand22755-0
601,WOQLAP__ligand1263-0
602,WOQLAP__ligand9908-0
603,WOQLAP__ligand29898-0
604,WOQLAP__ligand633-0
605,WOQLAP__ligand26277-0
606,WOQLAP__ligand3504-0
607,WOQLAP__ligand15168-0
608,WOQLAP__ligand1959-0
609,WOQLAP__ligand1536-0
610,WOQLAP__ligand1573-0
611,WOQLAP__ligand9935-0
612,WOQLAP__ligand23589-0
613,WOQLAP__ligand3718-0
614,WOQLAP__ligand1343-0
615,WOQLAP__ligand3876-0
616,WOQLAP__ligand3035-0
617,WOQLAP__ligand6616-0
618,WOQLAP__ligand24064-0
619,WOQLAP__ligand1844-0
620,WOQLAP__ligand4661-0
621,WOQLAP__ligand201-0
622,WOQLAP__ligand2527-0
623,WOQLAP__ligand20011-0
624,WOQLAP__ligand17278-0
625,WOQLAP__ligand17982-0
626,WOQLAP__ligand29414-0
627,WOQLAP__ligand20598-0
628,WOQLAP__ligand8464-0
629,WOQLAP__ligand11675-0
630,WOQLAP__ligand1709-0
631,WOQLAP__ligand24047-0
632,WOQLAP__ligand22557-0
633,WOQLAP__ligand10589-0
634,WOQLAP__ligand8349-0
635,WOQLAP__ligand17398-0
636,WOQLAP__ligand321-0
637,WOQLAP__ligand3392-0
638,WOQLAP__ligand4911-0
639,WOQLAP__ligand1771-0
640,WOQLAP__ligand16475-0
641,WOQLAP__ligand14703-0
642,WOQLAP__ligand178-0
643,WOQLAP__ligand20251-1
644,WOQLAP__ligand5849-0
645,WOQLAP__ligand279-0
646,WOQLAP__ligand185-0
647,WOQLAP__ligand5935-0
648,WOQLAP__ligand21581-0
649,WOQLAP__ligand31097-0
650,WOQLAP__ligand1379-0
651,WOQLAP__ligand20539-0
652,WOQLAP__ligand30702-0
653,WOQLAP__ligand20214-0
654,WOQLAP__ligand2722-0
655,WOQLAP__ligand20251-0
656,WOQLAP__ligand38-0
657,WOQLAP__ligand3157-0
658,WOQLAP__ligand1165-0
659,WOQLAP__ligand14117-0
660,WOQLAP__ligand9525-0
661,WOQLAP__ligand17261-0
662,WOQLAP__ligand4850-0
663,WOQLAP__ligand28789-0
664,WOQLAP__ligand5056-0
665,WOQLAP__ligand20419-0
666,WOQLAP__ligand1688-0
667,WOQLAP__ligand21371-0
668,WOQLAP__ligand3647-0
669,WOQLAP__ligand17118-0
670,WOQLAP__ligand5357-0
671,WOQLAP__ligand14889-0
672,WOQLAP__ligand3871-0
673,WOQLAP__ligand30851-0
674,WOQLAP__ligand1469-0
675,WOQLAP__ligand338-0
676,WOQLAP__ligand29568-0
677,WOQLAP__ligand1768-0
678,WOQLAP__ligand1533-0
679,WOQLAP__ligand42-0
680,WOQLAP__ligand163-0
681,WOQLAP__ligand126-0
682,WOQLAP__ligand13208-0
683,WOQLAP__ligand1496-0
684,WOQLAP__ligand7557-0
685,WOQLAP__ligand26810-0
686,WOQLAP__ligand27482-0
687,WOQLAP__ligand20682-0
688,WOQLAP__ligand1712-0
689,WOQLAP__ligand845-0
690,WOQLAP__ligand4131-0
691,WOQLAP__ligand13390-0
692,WOQLAP__ligand5892-0
693,WOQLAP__ligand5094-0
694,WOQLAP__ligand2328-0
695,WOQLAP__ligand4581-0
696,WOQLAP__ligand1773-0
697,WOQLAP__ligand3029-0
698,WOQLAP__ligand7162-0
699,WOQLAP__ligand25411-0
700,WOQLAP__ligand366-0
701,WOQLAP__ligand187-0
702,WOQLAP__ligand11456-0
703,WOQLAP__ligand1900-0
704,WOQLAP__ligand657-0
705,WOQLAP__ligand9197-0
706,WOQLAP__ligand14174-0
707,WOQLAP__ligand10712-0
708,WOQLAP__ligand28884-0
709,WOQLAP__ligand2208-0
710,WOQLAP__ligand13331-0
711,WOQLAP__ligand3208-0
712,WOQLAP__ligand596-0
713,WOQLAP__ligand941-0
714,WOQLAP__ligand12030-0
715,WOQLAP__ligand66-0
716,WOQLAP__ligand14248-0
717,WOQLAP__ligand29879-0
718,WOQLAP__ligand1327-0
719,WOQLAP__ligand6672-0
720,WOQLAP__ligand31832-0
721,WOQLAP__ligand9809-0
722,WOQLAP__ligand8722-0
723,WOQLAP__ligand13294-0
724,WOQLAP__ligand3350-0
725,WOQLAP__ligand777-0
726,WOQLAP__ligand2781-0
727,WOQLAP__ligand7573-0
728,WOQLAP__ligand1147-0
729,WOQLAP__ligand13425-0
730,WOQLAP__ligand29302-0
731,WOQLAP__ligand18814-0
732,WOQLAP__ligand3973-0
733,WOQLAP__ligand19057-0
734,WOQLAP__ligand28676-0
735,WOQLAP__ligand10262-0
736,WOQLAP__ligand2068-0
737,WOQLAP__ligand7925-0
738,WOQLAP__ligand27763-0
739,WOQLAP__ligand7532-0
740,WOQLAP__ligand10958-0
741,WOQLAP__ligand4194-0
742,WOQLAP__ligand12641-0
743,WOQLAP__ligand2599-0
744,WOQLAP__ligand4330-0
745,WOQLAP__ligand693-0
746,WOQLAP__ligand14108-0
747,WOQLAP__ligand17805-0
748,WOQLAP__ligand6283-0
749,WOQLAP__ligand17302-0
750,WOQLAP__ligand757-0
751,WOQLAP__ligand4813-0
752,WOQLAP__ligand122-0
753,WOQLAP__ligand5813-0
754,WOQLAP__ligand25178-0
755,WOQLAP__ligand8-0
756,WOQLAP__ligand4738-0
757,WOQLAP__ligand6062-0
758,WOQLAP__ligand24185-0
759,WOQLAP__ligand23769-0
760,WOQLAP__ligand10476-0
761,WOQLAP__ligand13068-0
762,WOQLAP__ligand19830-0
763,WOQLAP__ligand12401-0
764,WOQLAP__ligand15585-0
765,WOQLAP__ligand3215-0
766,WOQLAP__ligand24145-0
767,WOQLAP__ligand12231-0
768,WOQLAP__ligand18292-0
769,WOQLAP__ligand7107-0
770,WOQLAP__ligand12289-0
771,WOQLAP__ligand26702-0
772,WOQLAP__ligand13658-0
773,WOQLAP__ligand12130-0
774,WOQLAP__ligand17387-0
775,WOQLAP__ligand30988-0
776,WOQLAP__ligand27175-0
777,WOQLAP__ligand18832-0
778,WOQLAP__ligand23713-0
779,WOQLAP__ligand9148-0
780,WOQLAP__ligand12934-0
781,WOQLAP__ligand20578-0
782,WOQLAP__ligand15422-0
783,WOQLAP__ligand6946-0
784,WOQLAP__ligand1415-0
785,WOQLAP__ligand19641-0
786,WOQLAP__ligand768-0
787,WOQLAP__ligand14723-0
788,WOQLAP__ligand7529-0
789,WOQLAP__ligand27893-0
790,WOQLAP__ligand384-0
791,WOQLAP__ligand31783-0
792,WOQLAP__ligand5627-0
793,WOQLAP__ligand1729-0
794,WOQLAP__ligand2830-0
795,WOQLAP__ligand17631-0
796,WOQLAP__ligand13012-0
797,WOQLAP__ligand26665-0
798,WOQLAP__ligand5316-0
799,WOQLAP__ligand14603-0
800,WOQLAP__ligand14297-0
801,WOQLAP__ligand17258-0
802,WOQLAP__ligand5483-0
803,WOQLAP__ligand12606-0
804,WOQLAP__ligand1449-0
805,WOQLAP__ligand3012-0
806,WOQLAP__ligand1065-0
807,WOQLAP__ligand30333-0
808,WOQLAP__ligand7530-0
809,WOQLAP__ligand26540-0
810,WOQLAP__ligand141-0
811,WOQLAP__ligand12337-0
812,WOQLAP__ligand29410-0
813,WOQLAP__ligand9681-0
814,WOQLAP__ligand240-0
815,WOQLAP__ligand4332-0
816,WOQLAP__ligand30296-0
817,WOQLAP__ligand17281-0
818,WOQLAP__ligand18-0
819,WOQLAP__ligand16628-0
820,WOQLAP__ligand3934-0
821,WOQLAP__ligand12427-0
822,WOQLAP__ligand20740-0
823,WOQLAP__ligand28468-0
824,WOQLAP__ligand6455-0
825,WOQLAP__ligand6882-0
826,WOQLAP__ligand2403-0
827,WOQLAP__ligand27460-0
