,TMC
0,KARQOJ__ligand1703-0
1,KARQOJ__ligand2430-0
2,KARQOJ__ligand2907-0
3,KARQOJ__ligand2510-0
4,KARQOJ__ligand8921-0
5,KARQOJ__ligand2285-0
6,KARQOJ__ligand1567-0
7,KARQOJ__ligand6-0
8,KARQOJ__ligand2862-0
9,KARQOJ__ligand2320-0
10,KARQOJ__ligand126-0
11,KARQOJ__ligand1056-0
12,KARQOJ__ligand66-0
13,KARQOJ__ligand1607-0
14,KARQOJ__ligand596-0
15,KARQOJ__ligand187-0
16,KARQOJ__ligand1727-0
17,KARQOJ__ligand612-0
18,KARQOJ__ligand1152-0
19,KARQOJ__ligand861-0
20,KARQOJ__ligand366-0
21,KARQOJ__ligand178-0
22,KARQOJ__ligand279-0
23,KARQOJ__ligand321-0
24,KARQOJ__ligand21-0
25,KARQOJ__ligand3637-0
26,KARQOJ__ligand244-0
27,KARQOJ__ligand201-0
28,KARQOJ__ligand8774-0
29,KARQOJ__ligand100-0
30,KARQOJ__ligand4303-0
31,KARQOJ__ligand1248-0
32,KARQOJ__ligand40-0
33,KARQOJ__ligand1598-0
34,KARQOJ__ligand11730-0
35,KARQOJ__ligand124-0
36,KARQOJ__ligand1054-0
37,KARQOJ__ligand4-0
38,KARQOJ__ligand6294-0
39,KARQOJ__ligand119-0
40,KARQOJ__ligand38-0
41,KARQOJ__ligand7464-0
42,KARQOJ__ligand2864-0
43,KARQOJ__ligand120-0
44,KARQOJ__ligand384-0
45,KARQOJ__ligand2142-0
46,KARQOJ__ligand6538-0
47,KARQOJ__ligand6151-0
48,KARQOJ__ligand2772-0
49,KARQOJ__ligand9495-0
50,KARQOJ__ligand18-0
51,KARQOJ__ligand2838-0
52,KARQOJ__ligand1799-0
53,KARQOJ__ligand3838-0
54,KARQOJ__ligand2880-0
55,KARQOJ__ligand5941-0
56,KARQOJ__ligand141-0
57,KARQOJ__ligand240-0
58,KARQOJ__ligand1169-0
59,KARQOJ__ligand5022-0
60,KARQOJ__ligand4983-0
61,KARQOJ__ligand2794-0
62,KARQOJ__ligand2345-0
63,KARQOJ__ligand1835-0
64,KARQOJ__ligand62-0
65,KARQOJ__ligand1502-0
66,KARQOJ__ligand6396-0
67,KARQOJ__ligand1113-0
68,KARQOJ__ligand2265-0
69,KARQOJ__ligand9027-0
70,KARQOJ__ligand1273-0
71,KARQOJ__ligand86-0
72,KARQOJ__ligand797-0
73,KARQOJ__ligand1052-0
74,KARQOJ__ligand757-0
75,KARQOJ__ligand669-0
76,KARQOJ__ligand9244-0
77,KARQOJ__ligand1228-0
78,KARQOJ__ligand358-0
79,KARQOJ__ligand430-0
80,KARQOJ__ligand365-0
81,KARQOJ__ligand1538-0
82,KARQOJ__ligand1114-0
83,KARQOJ__ligand278-0
84,KARQOJ__ligand3246-0
85,KARQOJ__ligand571-0
86,KARQOJ__ligand670-0
87,KARQOJ__ligand118-0
88,KARQOJ__ligand1479-0
89,KARQOJ__ligand509-0
90,KARQOJ__ligand1148-0
91,KARQOJ__ligand2863-0
92,KARQOJ__ligand226-0
93,KARQOJ__ligand162-0
94,KARQOJ__ligand6502-0
95,KARQOJ__ligand2098-0
96,KARQOJ__ligand383-0
97,KARQOJ__ligand6332-0
98,KARQOJ__ligand3178-0
99,KARQOJ__ligand3145-0
100,KARQOJ__ligand1747-0
101,KARQOJ__ligand6686-0
102,KARQOJ__ligand5548-0
103,KARQOJ__ligand7915-0
104,KARQOJ__ligand2751-0
105,KARQOJ__ligand3041-0
106,KARQOJ__ligand2634-0
107,KARQOJ__ligand1542-0
108,KARQOJ__ligand67-0
109,KARQOJ__ligand6277-0
110,KARQOJ__ligand283-0
111,KARQOJ__ligand553-0
112,KARQOJ__ligand1687-0
113,KARQOJ__ligand326-0
114,KARQOJ__ligand1951-0
115,KARQOJ__ligand821-0
116,KARQOJ__ligand2259-0
117,KARQOJ__ligand2688-0
118,KARQOJ__ligand436-0
119,KARQOJ__ligand2768-0
120,KARQOJ__ligand206-0
121,KARQOJ__ligand1376-0
122,KARQOJ__ligand142-0
123,KARQOJ__ligand838-0
124,KARQOJ__ligand166-0
125,KARQOJ__ligand3-0
126,KARQOJ__ligand3734-0
127,KARQOJ__ligand532-0
128,KARQOJ__ligand918-0
129,KARQOJ__ligand1706-0
130,KARQOJ__ligand633-0
131,KARQOJ__ligand4381-0
132,KARQOJ__ligand497-0
133,KARQOJ__ligand2629-0
134,KARQOJ__ligand575-0
135,KARQOJ__ligand85-0
136,KARQOJ__ligand78-0
137,KARQOJ__ligand1171-0
138,KARQOJ__ligand45-0
139,KARQOJ__ligand5801-0
140,KARQOJ__ligand1438-0
141,KARQOJ__ligand199-0
142,KARQOJ__ligand1-0
143,KARQOJ__ligand3063-0
144,KARQOJ__ligand927-0
145,KARQOJ__ligand1544-0
146,KARQOJ__ligand105-0
147,KARQOJ__ligand140-0
148,KARQOJ__ligand1459-0
149,KARQOJ__ligand3757-0
150,KARQOJ__ligand1048-0
151,KARQOJ__ligand2087-0
152,KARQOJ__ligand1685-0
153,KARQOJ__ligand361-0
154,KARQOJ__ligand324-0
155,KARQOJ__ligand409-0
156,KARQOJ__ligand235-0
157,KARQOJ__ligand932-0
158,KARQOJ__ligand134-0
159,KARQOJ__ligand4012-0
160,KARQOJ__ligand3196-0
161,KARQOJ__ligand390-0
162,KARQOJ__ligand2915-0
163,KARQOJ__ligand109-0
164,KARQOJ__ligand560-0
165,KARQOJ__ligand525-0
166,KARQOJ__ligand49-0
167,KARQOJ__ligand331-0
168,KARQOJ__ligand1690-0
169,KARQOJ__ligand2707-0
170,KARQOJ__ligand993-0
171,KARQOJ__ligand294-0
172,KARQOJ__ligand584-0
173,KARQOJ__ligand916-0
174,KARQOJ__ligand89-0
175,KARQOJ__ligand798-0
176,KARQOJ__ligand1551-0
177,KARQOJ__ligand421-0
178,KARQOJ__ligand2526-0
179,KARQOJ__ligand112-0
180,KARQOJ__ligand4370-0
181,KARQOJ__ligand3618-0
182,KARQOJ__ligand2618-0
183,KARQOJ__ligand296-0
184,KARQOJ__ligand197-0
185,KARQOJ__ligand1436-0
186,KARQOJ__ligand2255-0
187,KARQOJ__ligand352-0
188,KARQOJ__ligand783-0
189,KARQOJ__ligand92-0
190,KARQOJ__ligand4175-0
191,KARQOJ__ligand136-0
192,KARQOJ__ligand442-0
193,KARQOJ__ligand868-0
194,KARQOJ__ligand1918-0
195,KARQOJ__ligand17-0
196,KARQOJ__ligand4619-0
197,KARQOJ__ligand909-0
198,KARQOJ__ligand5235-0
199,KARQOJ__ligand6143-0
200,KARQOJ__ligand851-0
201,KARQOJ__ligand3251-0
202,KARQOJ__ligand10910-0
203,KARQOJ__ligand9176-0
204,KARQOJ__ligand3070-0
205,KARQOJ__ligand3035-0
206,KARQOJ__ligand2718-0
207,KARQOJ__ligand1493-0
208,KARQOJ__ligand934-0
209,KARQOJ__ligand177-0
210,KARQOJ__ligand5758-0
211,KARQOJ__ligand3478-0
212,KARQOJ__ligand955-0
213,KARQOJ__ligand3852-0
214,KARQOJ__ligand252-0
215,KARQOJ__ligand14530-0
216,KARQOJ__ligand193-0
217,KARQOJ__ligand1818-0
218,KARQOJ__ligand7456-0
219,KARQOJ__ligand830-0
220,KARQOJ__ligand3890-0
221,KARQOJ__ligand10479-0
222,KARQOJ__ligand370-0
223,KARQOJ__ligand4423-0
224,KARQOJ__ligand1907-0
225,KARQOJ__ligand1285-0
226,KARQOJ__ligand1555-0
227,KARQOJ__ligand460-0
228,KARQOJ__ligand250-0
229,KARQOJ__ligand7630-0
230,KARQOJ__ligand444-0
231,KARQOJ__ligand369-0
232,KARQOJ__ligand10114-0
233,KARQOJ__ligand11-0
234,KARQOJ__ligand7550-0
235,KARQOJ__ligand188-0
236,KARQOJ__ligand2762-0
237,KARQOJ__ligand1038-0
238,KARQOJ__ligand2253-0
239,KARQOJ__ligand1160-0
240,KARQOJ__ligand2954-0
241,KARQOJ__ligand311-0
242,KARQOJ__ligand5093-0
243,KARQOJ__ligand1858-0
244,KARQOJ__ligand502-0
245,KARQOJ__ligand196-0
246,KARQOJ__ligand8032-0
247,KARQOJ__ligand32-0
248,KARQOJ__ligand5334-0
249,KARQOJ__ligand422-0
250,KARQOJ__ligand1898-0
251,KARQOJ__ligand4504-0
252,KARQOJ__ligand3051-0
253,KARQOJ__ligand2480-0
254,KARQOJ__ligand113-0
255,KARQOJ__ligand2315-0
256,KARQOJ__ligand1919-0
257,KARQOJ__ligand236-0
258,KARQOJ__ligand2389-0
259,KARQOJ__ligand1712-0
260,KARQOJ__ligand3579-0
261,KARQOJ__ligand353-0
262,KARQOJ__ligand2916-0
263,KARQOJ__ligand2110-0
264,KARQOJ__ligand1379-0
265,KARQOJ__ligand91-0
266,KARQOJ__ligand314-0
267,KARQOJ__ligand1221-0
268,KARQOJ__ligand1264-0
269,KARQOJ__ligand1299-0
270,KARQOJ__ligand29-0
271,KARQOJ__ligand481-0
272,KARQOJ__ligand6430-0
273,KARQOJ__ligand391-0
274,KARQOJ__ligand51-0
275,KARQOJ__ligand2929-0
276,KARQOJ__ligand2376-0
277,KARQOJ__ligand170-0
278,KARQOJ__ligand6571-0
279,KARQOJ__ligand1325-0
280,KARQOJ__ligand210-0
281,KARQOJ__ligand2482-0
282,KARQOJ__ligand1019-0
283,KARQOJ__ligand2442-0
284,KARQOJ__ligand5762-0
285,KARQOJ__ligand7414-0
286,KARQOJ__ligand1104-0
287,KARQOJ__ligand48-0
288,KARQOJ__ligand1321-0
289,KARQOJ__ligand115-0
290,KARQOJ__ligand1178-0
291,KARQOJ__ligand3566-0
292,KARQOJ__ligand34-0
293,KARQOJ__ligand291-0
294,KARQOJ__ligand1788-0
295,KARQOJ__ligand8-0
296,KARQOJ__ligand485-0
297,KARQOJ__ligand9620-0
298,KARQOJ__ligand355-0
299,KARQOJ__ligand784-0
300,KARQOJ__ligand95-0
301,KARQOJ__ligand4894-0
302,KARQOJ__ligand1260-0
303,KARQOJ__ligand3337-0
304,KARQOJ__ligand7514-0
305,KARQOJ__ligand4811-0
306,KARQOJ__ligand1449-1
307,KARQOJ__ligand55-0
308,KARQOJ__ligand1307-0
309,KARQOJ__ligand133-0
310,KARQOJ__ligand57-0
311,KARQOJ__ligand447-0
312,KARQOJ__ligand487-0
313,KARQOJ__ligand666-0
314,KARQOJ__ligand522-0
315,KARQOJ__ligand1246-0
316,KARQOJ__ligand6166-0
317,KARQOJ__ligand10357-0
318,KARQOJ__ligand15630-0
319,KARQOJ__ligand3853-0
320,KARQOJ__ligand2853-0
321,KARQOJ__ligand682-0
322,KARQOJ__ligand2599-0
323,KARQOJ__ligand5089-0
324,KARQOJ__ligand73-0
