,TMC
0,LAWYIR__ligand366-0
1,LAWYIR__ligand14569-0
2,LAWYIR__ligand13385-0
3,LAWYIR__ligand22444-0
4,LAWYIR__ligand24111-0
5,LAWYIR__ligand11587-0
6,LAWYIR__ligand13220-0
7,LAWYIR__ligand657-0
8,LAWYIR__ligand2203-0
9,LAWYIR__ligand5387-0
10,LAWYIR__ligand17396-0
11,LAWYIR__ligand15788-0
12,LAWYIR__ligand1289-0
13,LAWYIR__ligand187-0
14,LAWYIR__ligand23175-0
15,LAWYIR__ligand27840-0
16,LAWYIR__ligand1599-0
17,LAWYIR__ligand30728-0
18,LAWYIR__ligand4-0
19,LAWYIR__ligand24872-0
20,LAWYIR__ligand941-0
21,LAWYIR__ligand596-0
22,LAWYIR__ligand2612-0
23,LAWYIR__ligand10033-0
24,LAWYIR__ligand24644-0
25,LAWYIR__ligand777-0
26,LAWYIR__ligand12001-0
27,LAWYIR__ligand9450-0
28,LAWYIR__ligand11949-0
29,LAWYIR__ligand126-0
30,LAWYIR__ligand163-0
31,LAWYIR__ligand9943-0
32,LAWYIR__ligand1228-0
33,LAWYIR__ligand22129-0
34,LAWYIR__ligand1604-0
35,LAWYIR__ligand24780-0
36,LAWYIR__ligand12138-0
37,LAWYIR__ligand25561-0
38,LAWYIR__ligand1832-0
39,LAWYIR__ligand8788-0
40,LAWYIR__ligand2043-0
41,LAWYIR__ligand31694-0
42,LAWYIR__ligand845-0
43,LAWYIR__ligand29486-0
44,LAWYIR__ligand2417-0
45,LAWYIR__ligand1114-0
46,LAWYIR__ligand9284-0
47,LAWYIR__ligand3126-0
48,LAWYIR__ligand6391-0
49,LAWYIR__ligand17427-0
50,LAWYIR__ligand9323-0
51,LAWYIR__ligand7273-0
52,LAWYIR__ligand26529-0
53,LAWYIR__ligand7172-0
54,LAWYIR__ligand2124-0
55,LAWYIR__ligand11618-0
56,LAWYIR__ligand8612-0
57,LAWYIR__ligand7092-0
58,LAWYIR__ligand2260-0
59,LAWYIR__ligand1153-0
60,LAWYIR__ligand3225-0
61,LAWYIR__ligand1116-0
62,LAWYIR__ligand19927-0
63,LAWYIR__ligand5708-0
64,LAWYIR__ligand7316-0
65,LAWYIR__ligand26324-0
66,LAWYIR__ligand28559-0
67,LAWYIR__ligand6017-0
68,LAWYIR__ligand14043-0
69,LAWYIR__ligand27239-0
70,LAWYIR__ligand5180-0
71,LAWYIR__ligand21729-0
72,LAWYIR__ligand43-0
73,LAWYIR__ligand338-0
74,LAWYIR__ligand29215-0
75,LAWYIR__ligand3178-0
76,LAWYIR__ligand4807-0
77,LAWYIR__ligand201-0
78,LAWYIR__ligand26631-0
79,LAWYIR__ligand16148-0
80,LAWYIR__ligand5159-0
81,LAWYIR__ligand67-0
82,LAWYIR__ligand12003-0
83,LAWYIR__ligand7196-0
84,LAWYIR__ligand9753-0
85,LAWYIR__ligand10872-0
86,LAWYIR__ligand1356-0
87,LAWYIR__ligand1787-0
88,LAWYIR__ligand21399-0
89,LAWYIR__ligand5530-0
90,LAWYIR__ligand22403-0
91,LAWYIR__ligand4649-0
92,LAWYIR__ligand8793-0
93,LAWYIR__ligand2788-0
94,LAWYIR__ligand321-0
95,LAWYIR__ligand5649-0
96,LAWYIR__ligand27754-0
97,LAWYIR__ligand20695-0
98,LAWYIR__ligand185-0
99,LAWYIR__ligand279-0
100,LAWYIR__ligand4711-0
101,LAWYIR__ligand3244-0
102,LAWYIR__ligand16369-0
103,LAWYIR__ligand178-0
104,LAWYIR__ligand11111-0
105,LAWYIR__ligand2906-0
106,LAWYIR__ligand28540-0
107,LAWYIR__ligand1317-0
108,LAWYIR__ligand3867-0
109,LAWYIR__ligand2822-0
110,LAWYIR__ligand7293-0
111,LAWYIR__ligand10371-0
112,LAWYIR__ligand13672-0
113,LAWYIR__ligand240-0
114,LAWYIR__ligand2238-0
115,LAWYIR__ligand18568-0
116,LAWYIR__ligand28685-0
117,LAWYIR__ligand5304-0
118,LAWYIR__ligand141-0
119,LAWYIR__ligand9167-0
120,LAWYIR__ligand19184-0
121,LAWYIR__ligand7762-0
122,LAWYIR__ligand5080-0
123,LAWYIR__ligand6117-0
124,LAWYIR__ligand12453-0
125,LAWYIR__ligand1407-0
126,LAWYIR__ligand18448-0
127,LAWYIR__ligand28459-0
128,LAWYIR__ligand5509-0
129,LAWYIR__ligand8002-0
130,LAWYIR__ligand2221-0
131,LAWYIR__ligand3120-0
132,LAWYIR__ligand3926-0
133,LAWYIR__ligand4358-0
134,LAWYIR__ligand14167-0
135,LAWYIR__ligand13477-0
136,LAWYIR__ligand768-0
137,LAWYIR__ligand30142-0
138,LAWYIR__ligand5595-0
139,LAWYIR__ligand27669-0
140,LAWYIR__ligand4101-0
141,LAWYIR__ligand29029-0
142,LAWYIR__ligand27285-0
143,LAWYIR__ligand1376-0
144,LAWYIR__ligand5510-0
145,LAWYIR__ligand384-0
146,LAWYIR__ligand9773-0
147,LAWYIR__ligand5099-0
148,LAWYIR__ligand8592-0
149,LAWYIR__ligand23197-0
150,LAWYIR__ligand1197-0
151,LAWYIR__ligand2259-0
152,LAWYIR__ligand1296-0
153,LAWYIR__ligand757-0
154,LAWYIR__ligand12365-0
155,LAWYIR__ligand10056-0
156,LAWYIR__ligand6699-0
157,LAWYIR__ligand28743-0
158,LAWYIR__ligand45-0
159,LAWYIR__ligand15531-0
160,LAWYIR__ligand11357-0
161,LAWYIR__ligand13862-0
162,LAWYIR__ligand1294-0
163,LAWYIR__ligand22168-0
164,LAWYIR__ligand28930-0
165,LAWYIR__ligand1168-0
166,LAWYIR__ligand22294-0
167,LAWYIR__ligand3632-0
168,LAWYIR__ligand3677-0
169,LAWYIR__ligand21919-0
170,LAWYIR__ligand122-0
171,LAWYIR__ligand11970-0
172,LAWYIR__ligand1211-0
173,LAWYIR__ligand15883-0
174,LAWYIR__ligand6892-0
175,LAWYIR__ligand11447-0
176,LAWYIR__ligand11096-0
177,LAWYIR__ligand2881-0
178,LAWYIR__ligand28810-0
179,LAWYIR__ligand78-0
180,LAWYIR__ligand1499-0
181,LAWYIR__ligand24230-0
182,LAWYIR__ligand15926-0
183,LAWYIR__ligand3712-0
184,LAWYIR__ligand1464-0
185,LAWYIR__ligand10828-0
186,LAWYIR__ligand19792-0
187,LAWYIR__ligand11682-0
188,LAWYIR__ligand2693-0
189,LAWYIR__ligand5383-0
190,LAWYIR__ligand30711-0
191,LAWYIR__ligand20207-0
192,LAWYIR__ligand3945-0
193,LAWYIR__ligand25913-0
194,LAWYIR__ligand8000-0
195,LAWYIR__ligand16988-0
196,LAWYIR__ligand3736-0
197,LAWYIR__ligand9344-0
198,LAWYIR__ligand19-0
199,LAWYIR__ligand24-0
200,LAWYIR__ligand16663-0
201,LAWYIR__ligand9883-0
202,LAWYIR__ligand3677-1
203,LAWYIR__ligand7291-0
204,LAWYIR__ligand14614-0
205,LAWYIR__ligand24035-0
206,LAWYIR__ligand9299-0
207,LAWYIR__ligand31044-0
208,LAWYIR__ligand31842-0
209,LAWYIR__ligand693-0
210,LAWYIR__ligand4007-0
211,LAWYIR__ligand2985-0
212,LAWYIR__ligand11994-0
213,LAWYIR__ligand6663-0
214,LAWYIR__ligand5515-0
215,LAWYIR__ligand27550-0
216,LAWYIR__ligand42-0
217,LAWYIR__ligand1831-0
218,LAWYIR__ligand5614-0
219,LAWYIR__ligand5280-0
220,LAWYIR__ligand18019-1
221,LAWYIR__ligand14007-0
222,LAWYIR__ligand29565-0
223,LAWYIR__ligand1216-0
224,LAWYIR__ligand670-0
225,LAWYIR__ligand23682-0
226,LAWYIR__ligand3261-0
227,LAWYIR__ligand18158-0
228,LAWYIR__ligand1152-0
229,LAWYIR__ligand27771-0
230,LAWYIR__ligand571-0
231,LAWYIR__ligand5019-0
232,LAWYIR__ligand534-0
233,LAWYIR__ligand1849-0
234,LAWYIR__ligand14226-0
235,LAWYIR__ligand21339-0
236,LAWYIR__ligand16956-0
237,LAWYIR__ligand20942-1
238,LAWYIR__ligand17069-0
239,LAWYIR__ligand14477-0
240,LAWYIR__ligand5755-0
241,LAWYIR__ligand4710-0
242,LAWYIR__ligand5085-0
243,LAWYIR__ligand3144-0
244,LAWYIR__ligand17445-0
245,LAWYIR__ligand29334-0
246,LAWYIR__ligand12413-0
247,LAWYIR__ligand6112-0
248,LAWYIR__ligand20731-0
249,LAWYIR__ligand8042-0
250,LAWYIR__ligand7213-0
251,LAWYIR__ligand1397-0
252,LAWYIR__ligand1828-0
253,LAWYIR__ligand11798-0
254,LAWYIR__ligand430-0
255,LAWYIR__ligand66-0
256,LAWYIR__ligand5630-0
257,LAWYIR__ligand358-0
258,LAWYIR__ligand21448-0
259,LAWYIR__ligand11758-0
260,LAWYIR__ligand22357-0
261,LAWYIR__ligand1786-0
262,LAWYIR__ligand488-0
263,LAWYIR__ligand4795-0
264,LAWYIR__ligand3285-0
265,LAWYIR__ligand29214-0
266,LAWYIR__ligand11501-0
267,LAWYIR__ligand11544-0
268,LAWYIR__ligand694-0
269,LAWYIR__ligand1908-0
270,LAWYIR__ligand9750-0
271,LAWYIR__ligand1817-0
272,LAWYIR__ligand6993-0
273,LAWYIR__ligand1779-0
274,LAWYIR__ligand696-0
275,LAWYIR__ligand30004-0
276,LAWYIR__ligand1149-0
277,LAWYIR__ligand20557-0
278,LAWYIR__ligand3557-0
279,LAWYIR__ligand3980-0
280,LAWYIR__ligand7075-0
281,LAWYIR__ligand25048-0
282,LAWYIR__ligand21940-0
283,LAWYIR__ligand656-0
284,LAWYIR__ligand1288-0
285,LAWYIR__ligand27122-0
286,LAWYIR__ligand20432-0
287,LAWYIR__ligand16133-0
288,LAWYIR__ligand13755-0
289,LAWYIR__ligand4167-0
290,LAWYIR__ligand9491-0
291,LAWYIR__ligand24953-0
292,LAWYIR__ligand23445-0
293,LAWYIR__ligand4266-0
294,LAWYIR__ligand1400-0
295,LAWYIR__ligand14339-0
296,LAWYIR__ligand1150-0
297,LAWYIR__ligand1539-0
298,LAWYIR__ligand13691-0
299,LAWYIR__ligand30788-0
300,LAWYIR__ligand4207-0
301,LAWYIR__ligand21752-0
302,LAWYIR__ligand3416-0
303,LAWYIR__ligand3453-0
304,LAWYIR__ligand38-0
305,LAWYIR__ligand416-0
306,LAWYIR__ligand24560-0
307,LAWYIR__ligand18757-0
308,LAWYIR__ligand24624-0
309,LAWYIR__ligand383-0
310,LAWYIR__ligand18413-0
311,LAWYIR__ligand20844-0
312,LAWYIR__ligand3042-0
313,LAWYIR__ligand162-0
314,LAWYIR__ligand4063-0
315,LAWYIR__ligand226-0
316,LAWYIR__ligand8200-0
317,LAWYIR__ligand7438-0
318,LAWYIR__ligand4596-0
319,LAWYIR__ligand1498-0
320,LAWYIR__ligand25658-0
321,LAWYIR__ligand17686-0
322,LAWYIR__ligand31205-0
323,LAWYIR__ligand497-0
324,LAWYIR__ligand9615-0
325,LAWYIR__ligand633-0
326,LAWYIR__ligand11177-0
327,LAWYIR__ligand15455-0
328,LAWYIR__ligand1154-0
329,LAWYIR__ligand16870-0
330,LAWYIR__ligand8529-0
331,LAWYIR__ligand1169-0
332,LAWYIR__ligand11622-0
333,LAWYIR__ligand11814-0
334,LAWYIR__ligand16603-0
335,LAWYIR__ligand11606-0
336,LAWYIR__ligand31000-0
337,LAWYIR__ligand692-0
338,LAWYIR__ligand1-0
339,LAWYIR__ligand1050-0
340,LAWYIR__ligand1015-0
341,LAWYIR__ligand436-0
342,LAWYIR__ligand26673-0
343,LAWYIR__ligand2027-0
344,LAWYIR__ligand20821-0
345,LAWYIR__ligand4262-0
346,LAWYIR__ligand1028-0
347,LAWYIR__ligand18-0
348,LAWYIR__ligand18067-0
349,LAWYIR__ligand326-0
350,LAWYIR__ligand19824-0
351,LAWYIR__ligand2692-0
352,LAWYIR__ligand11252-0
353,LAWYIR__ligand1618-0
354,LAWYIR__ligand13260-0
355,LAWYIR__ligand10582-0
356,LAWYIR__ligand409-0
357,LAWYIR__ligand4124-0
358,LAWYIR__ligand3471-0
359,LAWYIR__ligand4161-0
360,LAWYIR__ligand324-0
361,LAWYIR__ligand361-0
362,LAWYIR__ligand5415-0
363,LAWYIR__ligand10151-0
364,LAWYIR__ligand3180-0
365,LAWYIR__ligand3-0
366,LAWYIR__ligand19668-0
367,LAWYIR__ligand19906-0
368,LAWYIR__ligand4340-0
369,LAWYIR__ligand2281-0
370,LAWYIR__ligand2650-0
371,LAWYIR__ligand22353-0
372,LAWYIR__ligand2823-0
373,LAWYIR__ligand6995-0
374,LAWYIR__ligand8593-0
375,LAWYIR__ligand24851-0
376,LAWYIR__ligand9944-0
377,LAWYIR__ligand11698-0
378,LAWYIR__ligand20530-0
379,LAWYIR__ligand13657-0
380,LAWYIR__ligand14347-0
381,LAWYIR__ligand14302-0
382,LAWYIR__ligand199-0
383,LAWYIR__ligand7566-0
384,LAWYIR__ligand11479-0
385,LAWYIR__ligand27610-0
386,LAWYIR__ligand10479-0
387,LAWYIR__ligand10853-0
388,LAWYIR__ligand2001-0
389,LAWYIR__ligand29441-0
390,LAWYIR__ligand5201-0
391,LAWYIR__ligand300-0
392,LAWYIR__ligand16952-0
393,LAWYIR__ligand29813-0
394,LAWYIR__ligand1113-0
395,LAWYIR__ligand20220-0
396,LAWYIR__ligand8553-0
397,LAWYIR__ligand588-0
398,LAWYIR__ligand15387-0
399,LAWYIR__ligand20121-0
400,LAWYIR__ligand24613-0
401,LAWYIR__ligand19725-0
402,LAWYIR__ligand421-0
403,LAWYIR__ligand7557-0
404,LAWYIR__ligand32-0
405,LAWYIR__ligand1496-0
406,LAWYIR__ligand10555-0
407,LAWYIR__ligand31483-0
408,LAWYIR__ligand685-0
409,LAWYIR__ligand1533-0
410,LAWYIR__ligand294-0
411,LAWYIR__ligand5892-0
412,LAWYIR__ligand5094-0
413,LAWYIR__ligand11568-0
414,LAWYIR__ligand20579-0
415,LAWYIR__ligand17710-0
416,LAWYIR__ligand1712-0
417,LAWYIR__ligand4131-0
418,LAWYIR__ligand21421-0
419,LAWYIR__ligand14586-0
420,LAWYIR__ligand11774-0
421,LAWYIR__ligand1900-0
422,LAWYIR__ligand560-0
423,LAWYIR__ligand9197-0
424,LAWYIR__ligand18699-0
425,LAWYIR__ligand12682-0
426,LAWYIR__ligand3029-0
427,LAWYIR__ligand17240-0
428,LAWYIR__ligand7162-0
429,LAWYIR__ligand2328-0
430,LAWYIR__ligand4581-0
431,LAWYIR__ligand17590-0
432,LAWYIR__ligand1773-0
433,LAWYIR__ligand13072-0
434,LAWYIR__ligand2781-0
435,LAWYIR__ligand7573-0
436,LAWYIR__ligand16-0
437,LAWYIR__ligand3350-0
438,LAWYIR__ligand1327-0
439,LAWYIR__ligand12336-0
440,LAWYIR__ligand6672-0
441,LAWYIR__ligand9809-0
442,LAWYIR__ligand8722-0
443,LAWYIR__ligand134-0
444,LAWYIR__ligand3208-0
445,LAWYIR__ligand235-0
446,LAWYIR__ligand2208-0
447,LAWYIR__ligand868-0
448,LAWYIR__ligand29087-0
449,LAWYIR__ligand1709-0
450,LAWYIR__ligand18703-0
451,LAWYIR__ligand8464-0
452,LAWYIR__ligand8349-0
453,LAWYIR__ligand51-0
454,LAWYIR__ligand2527-0
455,LAWYIR__ligand28924-0
456,LAWYIR__ligand15438-0
457,LAWYIR__ligand24750-0
458,LAWYIR__ligand5849-0
459,LAWYIR__ligand4911-0
460,LAWYIR__ligand17945-0
461,LAWYIR__ligand1771-0
462,LAWYIR__ligand352-0
463,LAWYIR__ligand783-0
464,LAWYIR__ligand25224-0
465,LAWYIR__ligand18013-0
466,LAWYIR__ligand17207-0
467,LAWYIR__ligand3392-0
468,LAWYIR__ligand91-0
469,LAWYIR__ligand31578-0
470,LAWYIR__ligand1165-0
471,LAWYIR__ligand197-0
472,LAWYIR__ligand9525-0
473,LAWYIR__ligand3157-0
474,LAWYIR__ligand29898-0
475,LAWYIR__ligand26277-0
476,LAWYIR__ligand1379-0
477,LAWYIR__ligand2722-0
478,LAWYIR__ligand22755-0
479,LAWYIR__ligand48-0
480,LAWYIR__ligand10432-0
481,LAWYIR__ligand11432-0
482,LAWYIR__ligand5935-0
483,LAWYIR__ligand31618-0
484,LAWYIR__ligand1768-0
485,LAWYIR__ligand3871-0
486,LAWYIR__ligand1469-0
487,LAWYIR__ligand15168-0
488,LAWYIR__ligand1688-0
489,LAWYIR__ligand24064-0
490,LAWYIR__ligand5357-0
491,LAWYIR__ligand3647-0
492,LAWYIR__ligand23589-0
493,LAWYIR__ligand5056-0
494,LAWYIR__ligand4850-0
495,LAWYIR__ligand372-0
496,LAWYIR__ligand7529-0
497,LAWYIR__ligand830-0
498,LAWYIR__ligand6946-0
499,LAWYIR__ligand1415-0
500,LAWYIR__ligand9148-0
501,LAWYIR__ligand25735-0
502,LAWYIR__ligand12519-0
503,LAWYIR__ligand11206-0
504,LAWYIR__ligand23124-0
505,LAWYIR__ligand193-0
506,LAWYIR__ligand252-0
507,LAWYIR__ligand5483-0
508,LAWYIR__ligand12660-0
509,LAWYIR__ligand116-0
510,LAWYIR__ligand13209-0
511,LAWYIR__ligand19257-0
512,LAWYIR__ligand5316-0
513,LAWYIR__ligand2830-0
514,LAWYIR__ligand31248-0
515,LAWYIR__ligand25650-0
516,LAWYIR__ligand5627-0
517,LAWYIR__ligand34-0
518,LAWYIR__ligand1729-0
519,LAWYIR__ligand4332-0
520,LAWYIR__ligand177-0
521,LAWYIR__ligand12295-0
522,LAWYIR__ligand27835-0
523,LAWYIR__ligand9681-0
524,LAWYIR__ligand25575-0
525,LAWYIR__ligand21787-0
526,LAWYIR__ligand7530-0
527,LAWYIR__ligand25689-0
528,LAWYIR__ligand55-0
529,LAWYIR__ligand1065-0
530,LAWYIR__ligand1449-0
531,LAWYIR__ligand3012-0
532,LAWYIR__ligand30539-0
533,LAWYIR__ligand2403-0
534,LAWYIR__ligand68-0
535,LAWYIR__ligand23906-0
536,LAWYIR__ligand6455-0
537,LAWYIR__ligand6882-0
538,LAWYIR__ligand21132-0
539,LAWYIR__ligand3934-0
540,LAWYIR__ligand909-0
541,LAWYIR__ligand11166-0
542,LAWYIR__ligand785-0
543,LAWYIR__ligand311-0
544,LAWYIR__ligand25267-0
545,LAWYIR__ligand10084-0
546,LAWYIR__ligand479-0
547,LAWYIR__ligand2068-0
548,LAWYIR__ligand12467-0
549,LAWYIR__ligand7925-0
550,LAWYIR__ligand3973-0
551,LAWYIR__ligand370-1
552,LAWYIR__ligand13257-0
553,LAWYIR__ligand21936-0
554,LAWYIR__ligand620-0
555,LAWYIR__ligand1147-0
556,LAWYIR__ligand564-0
557,LAWYIR__ligand23904-0
558,LAWYIR__ligand27074-0
559,LAWYIR__ligand188-0
560,LAWYIR__ligand22981-0
561,LAWYIR__ligand25805-0
562,LAWYIR__ligand2599-0
563,LAWYIR__ligand4330-0
564,LAWYIR__ligand20599-0
565,LAWYIR__ligand4194-0
566,LAWYIR__ligand7532-0
567,LAWYIR__ligand14523-0
568,LAWYIR__ligand27169-0
569,LAWYIR__ligand57-0
570,LAWYIR__ligand18391-0
571,LAWYIR__ligand16791-0
572,LAWYIR__ligand6062-0
573,LAWYIR__ligand5813-0
574,LAWYIR__ligand4813-0
575,LAWYIR__ligand28668-0
576,LAWYIR__ligand4738-0
577,LAWYIR__ligand250-0
578,LAWYIR__ligand18465-0
579,LAWYIR__ligand18799-0
580,LAWYIR__ligand6283-0
581,LAWYIR__ligand7107-0
582,LAWYIR__ligand29863-0
583,LAWYIR__ligand370-0
584,LAWYIR__ligand13869-0
585,LAWYIR__ligand18074-0
586,LAWYIR__ligand3215-0
587,LAWYIR__ligand29610-0
588,LAWYIR__ligand11140-0
589,LAWYIR__ligand4116-0
590,LAWYIR__ligand19057-0
591,LAWYIR__ligand353-0
592,LAWYIR__ligand1018-0
593,LAWYIR__ligand18814-0
594,LAWYIR__ligand3707-0
595,LAWYIR__ligand6124-0
596,LAWYIR__ligand29302-0
597,LAWYIR__ligand13425-0
598,LAWYIR__ligand7967-0
599,LAWYIR__ligand9601-0
600,LAWYIR__ligand8992-0
601,LAWYIR__ligand27763-0
602,LAWYIR__ligand28676-0
603,LAWYIR__ligand10262-0
604,LAWYIR__ligand5036-0
605,LAWYIR__ligand2526-0
606,LAWYIR__ligand12641-0
607,LAWYIR__ligand1615-0
608,LAWYIR__ligand9111-0
609,LAWYIR__ligand9952-0
610,LAWYIR__ligand10958-0
611,LAWYIR__ligand8721-0
612,LAWYIR__ligand393-0
613,LAWYIR__ligand14108-0
614,LAWYIR__ligand1324-0
615,LAWYIR__ligand5643-0
616,LAWYIR__ligand1823-0
617,LAWYIR__ligand9933-0
618,LAWYIR__ligand17302-0
619,LAWYIR__ligand1530-0
620,LAWYIR__ligand1575-0
621,LAWYIR__ligand686-0
622,LAWYIR__ligand1631-0
623,LAWYIR__ligand17805-0
624,LAWYIR__ligand2332-0
625,LAWYIR__ligand23769-0
626,LAWYIR__ligand9441-0
627,LAWYIR__ligand422-0
628,LAWYIR__ligand24185-0
629,LAWYIR__ligand25178-0
630,LAWYIR__ligand89-0
631,LAWYIR__ligand24145-0
632,LAWYIR__ligand1378-0
633,LAWYIR__ligand12401-0
634,LAWYIR__ligand15585-0
635,LAWYIR__ligand13068-0
636,LAWYIR__ligand19830-0
637,LAWYIR__ligand49-0
638,LAWYIR__ligand10476-0
639,LAWYIR__ligand6244-0
640,LAWYIR__ligand17387-0
641,LAWYIR__ligand12130-0
642,LAWYIR__ligand26702-0
643,LAWYIR__ligand196-0
644,LAWYIR__ligand13658-0
645,LAWYIR__ligand18292-0
646,LAWYIR__ligand12289-0
647,LAWYIR__ligand3156-0
648,LAWYIR__ligand12231-0
649,LAWYIR__ligand2915-0
650,LAWYIR__ligand3465-0
651,LAWYIR__ligand23713-0
652,LAWYIR__ligand27175-0
653,LAWYIR__ligand18832-0
654,LAWYIR__ligand6904-0
655,LAWYIR__ligand3721-0
656,LAWYIR__ligand6596-0
657,LAWYIR__ligand30988-0
658,LAWYIR__ligand6102-0
659,LAWYIR__ligand7819-0
660,LAWYIR__ligand27893-0
661,LAWYIR__ligand2917-0
662,LAWYIR__ligand314-1
663,LAWYIR__ligand14723-0
664,LAWYIR__ligand19641-0
665,LAWYIR__ligand12934-0
666,LAWYIR__ligand20578-0
667,LAWYIR__ligand15422-0
668,LAWYIR__ligand2295-0
669,LAWYIR__ligand6067-0
670,LAWYIR__ligand1577-0
671,LAWYIR__ligand31783-0
672,LAWYIR__ligand17258-0
673,LAWYIR__ligand14603-0
674,LAWYIR__ligand14297-0
675,LAWYIR__ligand26665-0
676,LAWYIR__ligand465-0
677,LAWYIR__ligand13012-0
678,LAWYIR__ligand4620-0
679,LAWYIR__ligand17631-0
680,LAWYIR__ligand30333-0
681,LAWYIR__ligand618-0
682,LAWYIR__ligand12606-0
683,LAWYIR__ligand17281-0
684,LAWYIR__ligand17-0
685,LAWYIR__ligand4641-0
686,LAWYIR__ligand30296-0
687,LAWYIR__ligand29410-0
688,LAWYIR__ligand12337-0
689,LAWYIR__ligand26540-0
690,LAWYIR__ligand391-0
691,LAWYIR__ligand2028-0
692,LAWYIR__ligand8835-0
693,LAWYIR__ligand813-0
694,LAWYIR__ligand28468-0
695,LAWYIR__ligand20740-0
696,LAWYIR__ligand12427-0
697,LAWYIR__ligand7126-0
698,LAWYIR__ligand314-0
699,LAWYIR__ligand16628-0
700,LAWYIR__ligand780-0
701,LAWYIR__ligand3234-0
702,LAWYIR__ligand1142-0
703,LAWYIR__ligand27460-0
704,LAWYIR__ligand29414-0
705,LAWYIR__ligand2485-0
706,LAWYIR__ligand3852-0
707,LAWYIR__ligand17982-0
708,LAWYIR__ligand6919-0
709,LAWYIR__ligand20011-0
710,LAWYIR__ligand17278-0
711,LAWYIR__ligand395-0
712,LAWYIR__ligand368-0
713,LAWYIR__ligand17398-0
714,LAWYIR__ligand3565-0
715,LAWYIR__ligand10589-0
716,LAWYIR__ligand22557-0
717,LAWYIR__ligand24047-0
718,LAWYIR__ligand11675-0
719,LAWYIR__ligand5331-0
720,LAWYIR__ligand1512-0
721,LAWYIR__ligand20598-0
722,LAWYIR__ligand3937-0
723,LAWYIR__ligand1202-0
724,LAWYIR__ligand3174-0
725,LAWYIR__ligand3131-0
726,LAWYIR__ligand8969-0
727,LAWYIR__ligand16475-0
728,LAWYIR__ligand14703-0
729,LAWYIR__ligand6839-0
730,LAWYIR__ligand4720-0
731,LAWYIR__ligand784-0
732,LAWYIR__ligand3094-0
733,LAWYIR__ligand4155-0
734,LAWYIR__ligand20251-1
735,LAWYIR__ligand5211-0
736,LAWYIR__ligand30702-0
737,LAWYIR__ligand20214-0
738,LAWYIR__ligand20251-0
739,LAWYIR__ligand20539-0
740,LAWYIR__ligand21581-0
741,LAWYIR__ligand31097-0
742,LAWYIR__ligand1263-0
743,LAWYIR__ligand9908-0
744,LAWYIR__ligand17261-0
745,LAWYIR__ligand14117-0
746,LAWYIR__ligand7106-0
747,LAWYIR__ligand833-0
748,LAWYIR__ligand7242-0
749,LAWYIR__ligand17118-0
750,LAWYIR__ligand21371-0
751,LAWYIR__ligand20419-0
752,LAWYIR__ligand4661-0
753,LAWYIR__ligand1844-0
754,LAWYIR__ligand28789-0
755,LAWYIR__ligand3718-0
756,LAWYIR__ligand3035-0
757,LAWYIR__ligand1343-0
758,LAWYIR__ligand3876-0
759,LAWYIR__ligand6616-0
760,LAWYIR__ligand1536-0
761,LAWYIR__ligand1573-0
762,LAWYIR__ligand9935-0
763,LAWYIR__ligand29568-0
764,LAWYIR__ligand115-0
765,LAWYIR__ligand3504-0
766,LAWYIR__ligand30851-0
767,LAWYIR__ligand1959-0
768,LAWYIR__ligand14889-0
769,LAWYIR__ligand7280-0
770,LAWYIR__ligand1790-0
771,LAWYIR__ligand1304-0
772,LAWYIR__ligand7238-0
773,LAWYIR__ligand27482-0
774,LAWYIR__ligand26810-0
775,LAWYIR__ligand4016-0
776,LAWYIR__ligand6709-0
777,LAWYIR__ligand1219-0
778,LAWYIR__ligand13208-0
779,LAWYIR__ligand152-0
780,LAWYIR__ligand7867-0
781,LAWYIR__ligand4442-0
782,LAWYIR__ligand4093-0
783,LAWYIR__ligand3954-0
784,LAWYIR__ligand1160-0
785,LAWYIR__ligand8699-0
786,LAWYIR__ligand506-0
787,LAWYIR__ligand9520-0
788,LAWYIR__ligand20682-0
789,LAWYIR__ligand9784-0
790,LAWYIR__ligand13390-0
791,LAWYIR__ligand7629-0
792,LAWYIR__ligand1451-0
793,LAWYIR__ligand4272-0
794,LAWYIR__ligand8-0
795,LAWYIR__ligand25411-0
796,LAWYIR__ligand2232-0
797,LAWYIR__ligand9291-0
798,LAWYIR__ligand2176-0
799,LAWYIR__ligand10712-0
800,LAWYIR__ligand5256-0
801,LAWYIR__ligand14174-0
802,LAWYIR__ligand2828-0
803,LAWYIR__ligand8876-0
804,LAWYIR__ligand7648-0
805,LAWYIR__ligand487-0
806,LAWYIR__ligand9833-0
807,LAWYIR__ligand4157-0
808,LAWYIR__ligand11456-0
809,LAWYIR__ligand69-0
810,LAWYIR__ligand14248-0
811,LAWYIR__ligand447-0
812,LAWYIR__ligand29879-0
813,LAWYIR__ligand12030-0
814,LAWYIR__ligand11-0
815,LAWYIR__ligand746-0
816,LAWYIR__ligand13331-0
817,LAWYIR__ligand28884-0
818,LAWYIR__ligand4503-0
819,LAWYIR__ligand4546-0
820,LAWYIR__ligand7000-0
821,LAWYIR__ligand1982-0
822,LAWYIR__ligand6768-0
823,LAWYIR__ligand176-0
824,LAWYIR__ligand8115-0
825,LAWYIR__ligand13294-0
826,LAWYIR__ligand1285-0
827,LAWYIR__ligand31832-0
