,TMC
0,PUHGUU__ligand28468-0
1,PUHGUU__ligand20740-0
2,PUHGUU__ligand5180-0
3,PUHGUU__ligand12427-0
4,PUHGUU__ligand16628-0
5,PUHGUU__ligand7316-0
6,PUHGUU__ligand5708-0
7,PUHGUU__ligand6017-0
8,PUHGUU__ligand27460-0
9,PUHGUU__ligand8612-0
10,PUHGUU__ligand30333-0
11,PUHGUU__ligand2124-0
12,PUHGUU__ligand12606-0
13,PUHGUU__ligand3225-0
14,PUHGUU__ligand1153-0
15,PUHGUU__ligand1116-0
16,PUHGUU__ligand7092-0
17,PUHGUU__ligand2260-0
18,PUHGUU__ligand17281-0
19,PUHGUU__ligand7273-0
20,PUHGUU__ligand9323-0
21,PUHGUU__ligand30296-0
22,PUHGUU__ligand12337-0
23,PUHGUU__ligand29410-0
24,PUHGUU__ligand7172-0
25,PUHGUU__ligand26540-0
26,PUHGUU__ligand197-0
27,PUHGUU__ligand4711-0
28,PUHGUU__ligand3244-0
29,PUHGUU__ligand2906-0
30,PUHGUU__ligand31783-0
31,PUHGUU__ligand352-0
32,PUHGUU__ligand783-0
33,PUHGUU__ligand17258-0
34,PUHGUU__ligand14297-0
35,PUHGUU__ligand1-0
36,PUHGUU__ligand14603-0
37,PUHGUU__ligand8793-0
38,PUHGUU__ligand2788-0
39,PUHGUU__ligand26665-0
40,PUHGUU__ligand5649-0
41,PUHGUU__ligand4649-0
42,PUHGUU__ligand17631-0
43,PUHGUU__ligand13012-0
44,PUHGUU__ligand7196-0
45,PUHGUU__ligand18832-0
46,PUHGUU__ligand27175-0
47,PUHGUU__ligand23713-0
48,PUHGUU__ligand5159-0
49,PUHGUU__ligand5530-0
50,PUHGUU__ligand1356-0
51,PUHGUU__ligand30988-0
52,PUHGUU__ligand1787-0
53,PUHGUU__ligand9753-0
54,PUHGUU__ligand3178-0
55,PUHGUU__ligand27893-0
56,PUHGUU__ligand14723-0
57,PUHGUU__ligand19641-0
58,PUHGUU__ligand868-0
59,PUHGUU__ligand15422-0
60,PUHGUU__ligand12934-0
61,PUHGUU__ligand4807-0
62,PUHGUU__ligand20578-0
63,PUHGUU__ligand235-0
64,PUHGUU__ligand24145-0
65,PUHGUU__ligand15585-0
66,PUHGUU__ligand12401-0
67,PUHGUU__ligand134-0
68,PUHGUU__ligand9450-0
69,PUHGUU__ligand19830-0
70,PUHGUU__ligand13068-0
71,PUHGUU__ligand43-0
72,PUHGUU__ligand10476-0
73,PUHGUU__ligand17387-0
74,PUHGUU__ligand12130-0
75,PUHGUU__ligand12289-0
76,PUHGUU__ligand18292-0
77,PUHGUU__ligand1599-0
78,PUHGUU__ligand13658-0
79,PUHGUU__ligand26702-0
80,PUHGUU__ligand2612-0
81,PUHGUU__ligand12231-0
82,PUHGUU__ligand17302-0
83,PUHGUU__ligand1289-0
84,PUHGUU__ligand17805-0
85,PUHGUU__ligand2203-0
86,PUHGUU__ligand5387-0
87,PUHGUU__ligand23769-0
88,PUHGUU__ligand24185-0
89,PUHGUU__ligand25178-0
90,PUHGUU__ligand3-0
91,PUHGUU__ligand560-0
92,PUHGUU__ligand12641-0
93,PUHGUU__ligand1114-0
94,PUHGUU__ligand3126-0
95,PUHGUU__ligand6391-0
96,PUHGUU__ligand10958-0
97,PUHGUU__ligand9284-0
98,PUHGUU__ligand14108-0
99,PUHGUU__ligand294-0
100,PUHGUU__ligand2417-0
101,PUHGUU__ligand67-0
102,PUHGUU__ligand8788-0
103,PUHGUU__ligand1832-0
104,PUHGUU__ligand18814-0
105,PUHGUU__ligand19057-0
106,PUHGUU__ligand2043-0
107,PUHGUU__ligand29302-0
108,PUHGUU__ligand13425-0
109,PUHGUU__ligand685-0
110,PUHGUU__ligand9943-0
111,PUHGUU__ligand1228-0
112,PUHGUU__ligand421-0
113,PUHGUU__ligand27763-0
114,PUHGUU__ligand10262-0
115,PUHGUU__ligand28676-0
116,PUHGUU__ligand1604-0
117,PUHGUU__ligand29879-0
118,PUHGUU__ligand14248-0
119,PUHGUU__ligand1499-0
120,PUHGUU__ligand12030-0
121,PUHGUU__ligand2881-0
122,PUHGUU__ligand1464-0
123,PUHGUU__ligand28884-0
124,PUHGUU__ligand3712-0
125,PUHGUU__ligand13331-0
126,PUHGUU__ligand1211-0
127,PUHGUU__ligand370-0
128,PUHGUU__ligand6892-0
129,PUHGUU__ligand13294-0
130,PUHGUU__ligand31832-0
131,PUHGUU__ligand25411-0
132,PUHGUU__ligand1168-0
133,PUHGUU__ligand1294-0
134,PUHGUU__ligand3632-0
135,PUHGUU__ligand3677-0
136,PUHGUU__ligand14174-0
137,PUHGUU__ligand10712-0
138,PUHGUU__ligand250-0
139,PUHGUU__ligand11456-0
140,PUHGUU__ligand6699-0
141,PUHGUU__ligand9299-0
142,PUHGUU__ligand2985-0
143,PUHGUU__ligand4007-0
144,PUHGUU__ligand20682-0
145,PUHGUU__ligand9883-0
146,PUHGUU__ligand3677-1
147,PUHGUU__ligand13390-0
148,PUHGUU__ligand7291-0
149,PUHGUU__ligand188-0
150,PUHGUU__ligand3736-0
151,PUHGUU__ligand8000-0
152,PUHGUU__ligand564-0
153,PUHGUU__ligand370-1
154,PUHGUU__ligand9344-0
155,PUHGUU__ligand620-0
156,PUHGUU__ligand26810-0
157,PUHGUU__ligand27482-0
158,PUHGUU__ligand5383-0
159,PUHGUU__ligand2693-0
160,PUHGUU__ligand13208-0
161,PUHGUU__ligand785-0
162,PUHGUU__ligand311-0
163,PUHGUU__ligand3945-0
164,PUHGUU__ligand479-0
165,PUHGUU__ligand78-0
166,PUHGUU__ligand21371-0
167,PUHGUU__ligand17118-0
168,PUHGUU__ligand909-0
169,PUHGUU__ligand20419-0
170,PUHGUU__ligand5509-0
171,PUHGUU__ligand8002-0
172,PUHGUU__ligand28789-0
173,PUHGUU__ligand1407-0
174,PUHGUU__ligand6117-0
175,PUHGUU__ligand7762-0
176,PUHGUU__ligand5080-0
177,PUHGUU__ligand29568-0
178,PUHGUU__ligand14889-0
179,PUHGUU__ligand30851-0
180,PUHGUU__ligand20251-0
181,PUHGUU__ligand20214-0
182,PUHGUU__ligand30702-0
183,PUHGUU__ligand2238-0
184,PUHGUU__ligand20539-0
185,PUHGUU__ligand9167-0
186,PUHGUU__ligand31097-0
187,PUHGUU__ligand21581-0
188,PUHGUU__ligand5304-0
189,PUHGUU__ligand2822-0
190,PUHGUU__ligand7293-0
191,PUHGUU__ligand14117-0
192,PUHGUU__ligand1317-0
193,PUHGUU__ligand17261-0
194,PUHGUU__ligand3867-0
195,PUHGUU__ligand45-0
196,PUHGUU__ligand177-0
197,PUHGUU__ligand16475-0
198,PUHGUU__ligand14703-0
199,PUHGUU__ligand1197-0
200,PUHGUU__ligand5099-0
201,PUHGUU__ligand8592-0
202,PUHGUU__ligand1296-0
203,PUHGUU__ligand2259-0
204,PUHGUU__ligand116-0
205,PUHGUU__ligand24-0
206,PUHGUU__ligand9773-0
207,PUHGUU__ligand252-0
208,PUHGUU__ligand5510-0
209,PUHGUU__ligand20251-1
210,PUHGUU__ligand1376-0
211,PUHGUU__ligand17982-0
212,PUHGUU__ligand29414-0
213,PUHGUU__ligand17278-0
214,PUHGUU__ligand20011-0
215,PUHGUU__ligand193-0
216,PUHGUU__ligand4101-0
217,PUHGUU__ligand5595-0
218,PUHGUU__ligand19-0
219,PUHGUU__ligand830-0
220,PUHGUU__ligand17398-0
221,PUHGUU__ligand2221-0
222,PUHGUU__ligand24047-0
223,PUHGUU__ligand372-0
224,PUHGUU__ligand4358-0
225,PUHGUU__ligand10589-0
226,PUHGUU__ligand22557-0
227,PUHGUU__ligand3120-0
228,PUHGUU__ligand3926-0
229,PUHGUU__ligand20598-0
230,PUHGUU__ligand11675-0
231,PUHGUU__ligand4167-0
232,PUHGUU__ligand1400-0
233,PUHGUU__ligand4266-0
234,PUHGUU__ligand15168-0
235,PUHGUU__ligand9491-0
236,PUHGUU__ligand24064-0
237,PUHGUU__ligand314-0
238,PUHGUU__ligand780-0
239,PUHGUU__ligand1288-0
240,PUHGUU__ligand813-0
241,PUHGUU__ligand23589-0
242,PUHGUU__ligand3557-0
243,PUHGUU__ligand3980-0
244,PUHGUU__ligand1149-0
245,PUHGUU__ligand391-0
246,PUHGUU__ligand7075-0
247,PUHGUU__ligand9750-0
248,PUHGUU__ligand26277-0
249,PUHGUU__ligand29898-0
250,PUHGUU__ligand1779-0
251,PUHGUU__ligand22755-0
252,PUHGUU__ligand31618-0
253,PUHGUU__ligand11432-0
254,PUHGUU__ligand42-0
255,PUHGUU__ligand618-0
256,PUHGUU__ligand1817-0
257,PUHGUU__ligand6993-0
258,PUHGUU__ligand10432-0
259,PUHGUU__ligand465-0
260,PUHGUU__ligand24750-0
261,PUHGUU__ligand8200-0
262,PUHGUU__ligand7438-0
263,PUHGUU__ligand4063-0
264,PUHGUU__ligand66-0
265,PUHGUU__ligand17945-0
266,PUHGUU__ligand25224-0
267,PUHGUU__ligand18013-0
268,PUHGUU__ligand31578-0
269,PUHGUU__ligand3042-0
270,PUHGUU__ligand17207-0
271,PUHGUU__ligand4207-0
272,PUHGUU__ligand29087-0
273,PUHGUU__ligand18703-0
274,PUHGUU__ligand314-1
275,PUHGUU__ligand3416-0
276,PUHGUU__ligand3453-0
277,PUHGUU__ligand28924-0
278,PUHGUU__ligand1150-0
279,PUHGUU__ligand15438-0
280,PUHGUU__ligand1539-0
281,PUHGUU__ligand13072-0
282,PUHGUU__ligand1849-0
283,PUHGUU__ligand12336-0
284,PUHGUU__ligand196-0
285,PUHGUU__ligand1216-0
286,PUHGUU__ligand5019-0
287,PUHGUU__ligand3261-0
288,PUHGUU__ligand1152-0
289,PUHGUU__ligand12682-0
290,PUHGUU__ligand18699-0
291,PUHGUU__ligand422-0
292,PUHGUU__ligand686-0
293,PUHGUU__ligand5515-0
294,PUHGUU__ligand17240-0
295,PUHGUU__ligand6663-0
296,PUHGUU__ligand5614-0
297,PUHGUU__ligand5280-0
298,PUHGUU__ligand17590-0
299,PUHGUU__ligand1831-0
300,PUHGUU__ligand3285-0
301,PUHGUU__ligand4795-0
302,PUHGUU__ligand1908-0
303,PUHGUU__ligand393-0
304,PUHGUU__ligand11568-0
305,PUHGUU__ligand17710-0
306,PUHGUU__ligand20579-0
307,PUHGUU__ligand5630-0
308,PUHGUU__ligand21421-0
309,PUHGUU__ligand11774-0
310,PUHGUU__ligand14586-0
311,PUHGUU__ligand1786-0
312,PUHGUU__ligand24613-0
313,PUHGUU__ligand8042-0
314,PUHGUU__ligand6112-0
315,PUHGUU__ligand19725-0
316,PUHGUU__ligand38-0
317,PUHGUU__ligand1828-0
318,PUHGUU__ligand1397-0
319,PUHGUU__ligand7213-0
320,PUHGUU__ligand10555-0
321,PUHGUU__ligand4710-0
322,PUHGUU__ligand5755-0
323,PUHGUU__ligand31483-0
324,PUHGUU__ligand3144-0
325,PUHGUU__ligand5085-0
326,PUHGUU__ligand353-0
327,PUHGUU__ligand2823-0
328,PUHGUU__ligand29863-0
329,PUHGUU__ligand6995-0
330,PUHGUU__ligand176-0
331,PUHGUU__ligand18074-0
332,PUHGUU__ligand13869-0
333,PUHGUU__ligand746-0
334,PUHGUU__ligand29610-0
335,PUHGUU__ligand3180-0
336,PUHGUU__ligand447-0
337,PUHGUU__ligand2281-0
338,PUHGUU__ligand2650-0
339,PUHGUU__ligand11140-0
340,PUHGUU__ligand4340-0
341,PUHGUU__ligand16791-0
342,PUHGUU__ligand5415-0
343,PUHGUU__ligand487-0
344,PUHGUU__ligand28668-0
345,PUHGUU__ligand4124-0
346,PUHGUU__ligand4161-0
347,PUHGUU__ligand3471-0
348,PUHGUU__ligand18465-0
349,PUHGUU__ligand18799-0
350,PUHGUU__ligand4-0
351,PUHGUU__ligand8553-0
352,PUHGUU__ligand27074-0
353,PUHGUU__ligand1113-0
354,PUHGUU__ligand25805-0
355,PUHGUU__ligand22981-0
356,PUHGUU__ligand20599-0
357,PUHGUU__ligand5201-0
358,PUHGUU__ligand506-0
359,PUHGUU__ligand27169-0
360,PUHGUU__ligand14523-0
361,PUHGUU__ligand18-0
362,PUHGUU__ligand18391-0
363,PUHGUU__ligand152-0
364,PUHGUU__ligand25267-0
365,PUHGUU__ligand7566-0
366,PUHGUU__ligand10084-0
367,PUHGUU__ligand2001-0
368,PUHGUU__ligand12467-0
369,PUHGUU__ligand13257-0
370,PUHGUU__ligand9944-0
371,PUHGUU__ligand8593-0
372,PUHGUU__ligand21936-0
373,PUHGUU__ligand23904-0
374,PUHGUU__ligand30539-0
375,PUHGUU__ligand115-0
376,PUHGUU__ligand1169-0
377,PUHGUU__ligand23906-0
378,PUHGUU__ligand8529-0
379,PUHGUU__ligand21132-0
380,PUHGUU__ligand11166-0
381,PUHGUU__ligand9615-0
382,PUHGUU__ligand12295-0
383,PUHGUU__ligand1154-0
384,PUHGUU__ligand27835-0
385,PUHGUU__ligand833-0
386,PUHGUU__ligand21787-0
387,PUHGUU__ligand25575-0
388,PUHGUU__ligand1498-0
389,PUHGUU__ligand25689-0
390,PUHGUU__ligand4596-0
391,PUHGUU__ligand1618-0
392,PUHGUU__ligand12660-0
393,PUHGUU__ligand2692-0
394,PUHGUU__ligand13209-0
395,PUHGUU__ligand19257-0
396,PUHGUU__ligand784-0
397,PUHGUU__ligand4262-0
398,PUHGUU__ligand31248-0
399,PUHGUU__ligand25650-0
400,PUHGUU__ligand1028-0
401,PUHGUU__ligand1050-0
402,PUHGUU__ligand1015-0
403,PUHGUU__ligand2027-0
404,PUHGUU__ligand368-0
405,PUHGUU__ligand12519-0
406,PUHGUU__ligand25735-0
407,PUHGUU__ligand11206-0
408,PUHGUU__ligand395-0
409,PUHGUU__ligand23124-0
410,PUHGUU__ligand18757-0
411,PUHGUU__ligand24560-0
412,PUHGUU__ligand178-0
413,PUHGUU__ligand4911-0
414,PUHGUU__ligand1771-0
415,PUHGUU__ligand20844-0
416,PUHGUU__ligand18413-0
417,PUHGUU__ligand185-0
418,PUHGUU__ligand24624-0
419,PUHGUU__ligand279-0
420,PUHGUU__ligand3392-0
421,PUHGUU__ligand321-0
422,PUHGUU__ligand5849-0
423,PUHGUU__ligand14339-0
424,PUHGUU__ligand2527-0
425,PUHGUU__ligand30788-0
426,PUHGUU__ligand13691-0
427,PUHGUU__ligand21752-0
428,PUHGUU__ligand201-0
429,PUHGUU__ligand32-0
430,PUHGUU__ligand8349-0
431,PUHGUU__ligand8464-0
432,PUHGUU__ligand1709-0
433,PUHGUU__ligand25048-0
434,PUHGUU__ligand338-0
435,PUHGUU__ligand3647-0
436,PUHGUU__ligand5357-0
437,PUHGUU__ligand21940-0
438,PUHGUU__ligand1688-0
439,PUHGUU__ligand4850-0
440,PUHGUU__ligand5056-0
441,PUHGUU__ligand27122-0
442,PUHGUU__ligand1768-0
443,PUHGUU__ligand20432-0
444,PUHGUU__ligand16133-0
445,PUHGUU__ligand13755-0
446,PUHGUU__ligand16-0
447,PUHGUU__ligand23445-0
448,PUHGUU__ligand24953-0
449,PUHGUU__ligand1469-0
450,PUHGUU__ligand3871-0
451,PUHGUU__ligand2722-0
452,PUHGUU__ligand1379-0
453,PUHGUU__ligand5935-0
454,PUHGUU__ligand20557-0
455,PUHGUU__ligand9525-0
456,PUHGUU__ligand30004-0
457,PUHGUU__ligand1165-0
458,PUHGUU__ligand3157-0
459,PUHGUU__ligand21448-0
460,PUHGUU__ligand1712-0
461,PUHGUU__ligand4131-0
462,PUHGUU__ligand22357-0
463,PUHGUU__ligand11758-0
464,PUHGUU__ligand91-0
465,PUHGUU__ligand29214-0
466,PUHGUU__ligand5892-0
467,PUHGUU__ligand5094-0
468,PUHGUU__ligand11544-0
469,PUHGUU__ligand11501-0
470,PUHGUU__ligand845-0
471,PUHGUU__ligand17069-0
472,PUHGUU__ligand14477-0
473,PUHGUU__ligand17445-0
474,PUHGUU__ligand1533-0
475,PUHGUU__ligand12413-0
476,PUHGUU__ligand29334-0
477,PUHGUU__ligand20731-0
478,PUHGUU__ligand1496-0
479,PUHGUU__ligand51-0
480,PUHGUU__ligand7557-0
481,PUHGUU__ligand11798-0
482,PUHGUU__ligand126-0
483,PUHGUU__ligand163-0
484,PUHGUU__ligand29565-0
485,PUHGUU__ligand23682-0
486,PUHGUU__ligand18158-0
487,PUHGUU__ligand2208-0
488,PUHGUU__ligand27771-0
489,PUHGUU__ligand777-0
490,PUHGUU__ligand3208-0
491,PUHGUU__ligand941-0
492,PUHGUU__ligand596-0
493,PUHGUU__ligand3350-0
494,PUHGUU__ligand20942-1
495,PUHGUU__ligand16956-0
496,PUHGUU__ligand2781-0
497,PUHGUU__ligand14226-0
498,PUHGUU__ligand7573-0
499,PUHGUU__ligand21339-0
500,PUHGUU__ligand8-0
501,PUHGUU__ligand8722-0
502,PUHGUU__ligand1327-0
503,PUHGUU__ligand6672-0
504,PUHGUU__ligand9809-0
505,PUHGUU__ligand7162-0
506,PUHGUU__ligand3029-0
507,PUHGUU__ligand27550-0
508,PUHGUU__ligand187-0
509,PUHGUU__ligand4581-0
510,PUHGUU__ligand1773-0
511,PUHGUU__ligand657-0
512,PUHGUU__ligand2328-0
513,PUHGUU__ligand48-0
514,PUHGUU__ligand9197-0
515,PUHGUU__ligand1900-0
516,PUHGUU__ligand366-0
517,PUHGUU__ligand18019-1
518,PUHGUU__ligand14007-0
519,PUHGUU__ligand693-0
520,PUHGUU__ligand4194-0
521,PUHGUU__ligand16952-0
522,PUHGUU__ligand7532-0
523,PUHGUU__ligand29813-0
524,PUHGUU__ligand34-0
525,PUHGUU__ligand20220-0
526,PUHGUU__ligand4330-0
527,PUHGUU__ligand15387-0
528,PUHGUU__ligand2599-0
529,PUHGUU__ligand20121-0
530,PUHGUU__ligand24851-0
531,PUHGUU__ligand3973-0
532,PUHGUU__ligand20530-0
533,PUHGUU__ligand11698-0
534,PUHGUU__ligand14302-0
535,PUHGUU__ligand13657-0
536,PUHGUU__ligand14347-0
537,PUHGUU__ligand1147-0
538,PUHGUU__ligand10479-0
539,PUHGUU__ligand27610-0
540,PUHGUU__ligand11479-0
541,PUHGUU__ligand29441-0
542,PUHGUU__ligand7925-0
543,PUHGUU__ligand10853-0
544,PUHGUU__ligand2068-0
545,PUHGUU__ligand19668-0
546,PUHGUU__ligand3215-0
547,PUHGUU__ligand19906-0
548,PUHGUU__ligand22353-0
549,PUHGUU__ligand7107-0
550,PUHGUU__ligand68-0
551,PUHGUU__ligand55-0
552,PUHGUU__ligand122-0
553,PUHGUU__ligand6283-0
554,PUHGUU__ligand6062-0
555,PUHGUU__ligand10151-0
556,PUHGUU__ligand757-0
557,PUHGUU__ligand4738-0
558,PUHGUU__ligand4813-0
559,PUHGUU__ligand5813-0
560,PUHGUU__ligand2830-0
561,PUHGUU__ligand19824-0
562,PUHGUU__ligand18067-0
563,PUHGUU__ligand1729-0
564,PUHGUU__ligand57-0
565,PUHGUU__ligand5627-0
566,PUHGUU__ligand11252-0
567,PUHGUU__ligand5483-0
568,PUHGUU__ligand384-0
569,PUHGUU__ligand10582-0
570,PUHGUU__ligand5316-0
571,PUHGUU__ligand13260-0
572,PUHGUU__ligand11606-0
573,PUHGUU__ligand9148-0
574,PUHGUU__ligand31000-0
575,PUHGUU__ligand768-0
576,PUHGUU__ligand7529-0
577,PUHGUU__ligand26673-0
578,PUHGUU__ligand1415-0
579,PUHGUU__ligand6946-0
580,PUHGUU__ligand20821-0
581,PUHGUU__ligand16870-0
582,PUHGUU__ligand6455-0
583,PUHGUU__ligand6882-0
584,PUHGUU__ligand11622-0
585,PUHGUU__ligand3934-0
586,PUHGUU__ligand11814-0
587,PUHGUU__ligand16603-0
588,PUHGUU__ligand2403-0
589,PUHGUU__ligand1065-0
590,PUHGUU__ligand7530-0
591,PUHGUU__ligand141-0
592,PUHGUU__ligand25658-0
593,PUHGUU__ligand3012-0
594,PUHGUU__ligand17686-0
595,PUHGUU__ligand31205-0
596,PUHGUU__ligand1449-0
597,PUHGUU__ligand240-0
598,PUHGUU__ligand4332-0
599,PUHGUU__ligand11177-0
600,PUHGUU__ligand9681-0
601,PUHGUU__ligand15455-0
602,PUHGUU__ligand22403-0
603,PUHGUU__ligand226-0
604,PUHGUU__ligand4620-0
605,PUHGUU__ligand162-0
606,PUHGUU__ligand383-0
607,PUHGUU__ligand27754-0
608,PUHGUU__ligand20695-0
609,PUHGUU__ligand16369-0
610,PUHGUU__ligand416-0
611,PUHGUU__ligand28540-0
612,PUHGUU__ligand1577-0
613,PUHGUU__ligand6067-0
614,PUHGUU__ligand2295-0
615,PUHGUU__ligand11111-0
616,PUHGUU__ligand2917-0
617,PUHGUU__ligand29215-0
618,PUHGUU__ligand7819-0
619,PUHGUU__ligand26631-0
620,PUHGUU__ligand16148-0
621,PUHGUU__ligand12003-0
622,PUHGUU__ligand3465-0
623,PUHGUU__ligand21399-0
624,PUHGUU__ligand3721-0
625,PUHGUU__ligand6904-0
626,PUHGUU__ligand6596-0
627,PUHGUU__ligand6102-0
628,PUHGUU__ligand10872-0
629,PUHGUU__ligand19927-0
630,PUHGUU__ligand1142-0
631,PUHGUU__ligand3234-0
632,PUHGUU__ligand28559-0
633,PUHGUU__ligand26324-0
634,PUHGUU__ligand14043-0
635,PUHGUU__ligand21729-0
636,PUHGUU__ligand7126-0
637,PUHGUU__ligand27239-0
638,PUHGUU__ligand2028-0
639,PUHGUU__ligand8835-0
640,PUHGUU__ligand656-0
641,PUHGUU__ligand49-0
642,PUHGUU__ligand4641-0
643,PUHGUU__ligand89-0
644,PUHGUU__ligand696-0
645,PUHGUU__ligand26529-0
646,PUHGUU__ligand11618-0
647,PUHGUU__ligand1324-0
648,PUHGUU__ligand31694-0
649,PUHGUU__ligand8721-0
650,PUHGUU__ligand694-0
651,PUHGUU__ligand1823-0
652,PUHGUU__ligand29486-0
653,PUHGUU__ligand5643-0
654,PUHGUU__ligand488-0
655,PUHGUU__ligand1615-0
656,PUHGUU__ligand2526-0
657,PUHGUU__ligand5036-0
658,PUHGUU__ligand430-0
659,PUHGUU__ligand9952-0
660,PUHGUU__ligand9111-0
661,PUHGUU__ligand17427-0
662,PUHGUU__ligand358-0
663,PUHGUU__ligand9601-0
664,PUHGUU__ligand11949-0
665,PUHGUU__ligand22129-0
666,PUHGUU__ligand12138-0
667,PUHGUU__ligand24780-0
668,PUHGUU__ligand8992-0
669,PUHGUU__ligand1018-0
670,PUHGUU__ligand25561-0
671,PUHGUU__ligand4116-0
672,PUHGUU__ligand7967-0
673,PUHGUU__ligand3707-0
674,PUHGUU__ligand6124-0
675,PUHGUU__ligand27840-0
676,PUHGUU__ligand30728-0
677,PUHGUU__ligand24872-0
678,PUHGUU__ligand2915-0
679,PUHGUU__ligand3156-0
680,PUHGUU__ligand10033-0
681,PUHGUU__ligand571-0
682,PUHGUU__ligand534-0
683,PUHGUU__ligand1378-0
684,PUHGUU__ligand24644-0
685,PUHGUU__ligand6244-0
686,PUHGUU__ligand12001-0
687,PUHGUU__ligand670-0
688,PUHGUU__ligand14569-0
689,PUHGUU__ligand9441-0
690,PUHGUU__ligand2332-0
691,PUHGUU__ligand17-0
692,PUHGUU__ligand13385-0
693,PUHGUU__ligand24111-0
694,PUHGUU__ligand22444-0
695,PUHGUU__ligand1530-0
696,PUHGUU__ligand1575-0
697,PUHGUU__ligand11587-0
698,PUHGUU__ligand13220-0
699,PUHGUU__ligand9933-0
700,PUHGUU__ligand1631-0
701,PUHGUU__ligand17396-0
702,PUHGUU__ligand23175-0
703,PUHGUU__ligand15788-0
704,PUHGUU__ligand16663-0
705,PUHGUU__ligand588-0
706,PUHGUU__ligand9784-0
707,PUHGUU__ligand14614-0
708,PUHGUU__ligand1451-0
709,PUHGUU__ligand4272-0
710,PUHGUU__ligand7629-0
711,PUHGUU__ligand300-0
712,PUHGUU__ligand24035-0
713,PUHGUU__ligand4442-0
714,PUHGUU__ligand4093-0
715,PUHGUU__ligand3954-0
716,PUHGUU__ligand9520-0
717,PUHGUU__ligand31842-0
718,PUHGUU__ligand31044-0
719,PUHGUU__ligand11994-0
720,PUHGUU__ligand8699-0
721,PUHGUU__ligand1160-0
722,PUHGUU__ligand4016-0
723,PUHGUU__ligand11682-0
724,PUHGUU__ligand20207-0
725,PUHGUU__ligand30711-0
726,PUHGUU__ligand7867-0
727,PUHGUU__ligand1219-0
728,PUHGUU__ligand6709-0
729,PUHGUU__ligand16988-0
730,PUHGUU__ligand25913-0
731,PUHGUU__ligand1790-0
732,PUHGUU__ligand1304-0
733,PUHGUU__ligand199-0
734,PUHGUU__ligand7280-0
735,PUHGUU__ligand7238-0
736,PUHGUU__ligand8115-0
737,PUHGUU__ligand6768-0
738,PUHGUU__ligand1982-0
739,PUHGUU__ligand7000-0
740,PUHGUU__ligand11970-0
741,PUHGUU__ligand1285-0
742,PUHGUU__ligand15883-0
743,PUHGUU__ligand28810-0
744,PUHGUU__ligand11447-0
745,PUHGUU__ligand11096-0
746,PUHGUU__ligand24230-0
747,PUHGUU__ligand4503-0
748,PUHGUU__ligand4546-0
749,PUHGUU__ligand15926-0
750,PUHGUU__ligand19792-0
751,PUHGUU__ligand10828-0
752,PUHGUU__ligand9833-0
753,PUHGUU__ligand2828-0
754,PUHGUU__ligand8876-0
755,PUHGUU__ligand7648-0
756,PUHGUU__ligand5256-0
757,PUHGUU__ligand10056-0
758,PUHGUU__ligand12365-0
759,PUHGUU__ligand11357-0
760,PUHGUU__ligand13862-0
761,PUHGUU__ligand15531-0
762,PUHGUU__ligand28743-0
763,PUHGUU__ligand4157-0
764,PUHGUU__ligand2232-0
765,PUHGUU__ligand28930-0
766,PUHGUU__ligand22168-0
767,PUHGUU__ligand22294-0
768,PUHGUU__ligand2176-0
769,PUHGUU__ligand21919-0
770,PUHGUU__ligand409-0
771,PUHGUU__ligand324-0
772,PUHGUU__ligand9291-0
773,PUHGUU__ligand361-0
774,PUHGUU__ligand3094-0
775,PUHGUU__ligand4155-0
776,PUHGUU__ligand27285-0
777,PUHGUU__ligand29029-0
778,PUHGUU__ligand5211-0
779,PUHGUU__ligand326-0
780,PUHGUU__ligand6839-0
781,PUHGUU__ligand23197-0
782,PUHGUU__ligand8969-0
783,PUHGUU__ligand3174-0
784,PUHGUU__ligand1202-0
785,PUHGUU__ligand3937-0
786,PUHGUU__ligand3131-0
787,PUHGUU__ligand4720-0
788,PUHGUU__ligand3565-0
789,PUHGUU__ligand1512-0
790,PUHGUU__ligand5331-0
791,PUHGUU__ligand436-0
792,PUHGUU__ligand692-0
793,PUHGUU__ligand6919-0
794,PUHGUU__ligand3852-0
795,PUHGUU__ligand2485-0
796,PUHGUU__ligand14167-0
797,PUHGUU__ligand13477-0
798,PUHGUU__ligand30142-0
799,PUHGUU__ligand27669-0
800,PUHGUU__ligand19184-0
801,PUHGUU__ligand9935-0
802,PUHGUU__ligand1536-0
803,PUHGUU__ligand1573-0
804,PUHGUU__ligand1959-0
805,PUHGUU__ligand3504-0
806,PUHGUU__ligand1844-0
807,PUHGUU__ligand4661-0
808,PUHGUU__ligand11-0
809,PUHGUU__ligand3876-0
810,PUHGUU__ligand1343-0
811,PUHGUU__ligand3035-0
812,PUHGUU__ligand18448-0
813,PUHGUU__ligand12453-0
814,PUHGUU__ligand6616-0
815,PUHGUU__ligand28459-0
816,PUHGUU__ligand3718-0
817,PUHGUU__ligand7106-0
818,PUHGUU__ligand633-0
819,PUHGUU__ligand69-0
820,PUHGUU__ligand7242-0
821,PUHGUU__ligand10371-0
822,PUHGUU__ligand13672-0
823,PUHGUU__ligand497-0
824,PUHGUU__ligand28685-0
825,PUHGUU__ligand1263-0
826,PUHGUU__ligand18568-0
827,PUHGUU__ligand9908-0
