,TMC
0,DIYZUI__ligand1154-0
1,DIYZUI__ligand9615-0
2,DIYZUI__ligand11618-0
3,DIYZUI__ligand868-0
4,DIYZUI__ligand26529-0
5,DIYZUI__ligand1498-0
6,DIYZUI__ligand4596-0
7,DIYZUI__ligand783-0
8,DIYZUI__ligand352-0
9,DIYZUI__ligand27239-0
10,DIYZUI__ligand21729-0
11,DIYZUI__ligand26324-0
12,DIYZUI__ligand28559-0
13,DIYZUI__ligand14043-0
14,DIYZUI__ligand19927-0
15,DIYZUI__ligand1169-0
16,DIYZUI__ligand8529-0
17,DIYZUI__ligand10872-0
18,DIYZUI__ligand2027-0
19,DIYZUI__ligand21399-0
20,DIYZUI__ligand16148-0
21,DIYZUI__ligand26631-0
22,DIYZUI__ligand12003-0
23,DIYZUI__ligand1015-0
24,DIYZUI__ligand1050-0
25,DIYZUI__ligand197-0
26,DIYZUI__ligand29215-0
27,DIYZUI__ligand16369-0
28,DIYZUI__ligand11111-0
29,DIYZUI__ligand28540-0
30,DIYZUI__ligand27754-0
31,DIYZUI__ligand20695-0
32,DIYZUI__ligand1618-0
33,DIYZUI__ligand2692-0
34,DIYZUI__ligand1028-0
35,DIYZUI__ligand4262-0
36,DIYZUI__ligand22403-0
37,DIYZUI__ligand685-0
38,DIYZUI__ligand17396-0
39,DIYZUI__ligand15788-0
40,DIYZUI__ligand23175-0
41,DIYZUI__ligand11587-0
42,DIYZUI__ligand13220-0
43,DIYZUI__ligand5415-0
44,DIYZUI__ligand22444-0
45,DIYZUI__ligand24111-0
46,DIYZUI__ligand67-0
47,DIYZUI__ligand14569-0
48,DIYZUI__ligand4161-0
49,DIYZUI__ligand3471-0
50,DIYZUI__ligand4124-0
51,DIYZUI__ligand13385-0
52,DIYZUI__ligand421-0
53,DIYZUI__ligand12001-0
54,DIYZUI__ligand6995-0
55,DIYZUI__ligand2823-0
56,DIYZUI__ligand10033-0
57,DIYZUI__ligand24644-0
58,DIYZUI__ligand24872-0
59,DIYZUI__ligand294-0
60,DIYZUI__ligand2650-0
61,DIYZUI__ligand2281-0
62,DIYZUI__ligand4340-0
63,DIYZUI__ligand27840-0
64,DIYZUI__ligand30728-0
65,DIYZUI__ligand3180-0
66,DIYZUI__ligand2001-0
67,DIYZUI__ligand25561-0
68,DIYZUI__ligand7566-0
69,DIYZUI__ligand560-0
70,DIYZUI__ligand22129-0
71,DIYZUI__ligand24780-0
72,DIYZUI__ligand12138-0
73,DIYZUI__ligand9944-0
74,DIYZUI__ligand11949-0
75,DIYZUI__ligand8593-0
76,DIYZUI__ligand17427-0
77,DIYZUI__ligand134-0
78,DIYZUI__ligand8553-0
79,DIYZUI__ligand1113-0
80,DIYZUI__ligand235-0
81,DIYZUI__ligand29486-0
82,DIYZUI__ligand5201-0
83,DIYZUI__ligand43-0
84,DIYZUI__ligand31694-0
85,DIYZUI__ligand620-0
86,DIYZUI__ligand21919-0
87,DIYZUI__ligand370-1
88,DIYZUI__ligand28930-0
89,DIYZUI__ligand564-0
90,DIYZUI__ligand22168-0
91,DIYZUI__ligand22294-0
92,DIYZUI__ligand479-0
93,DIYZUI__ligand5280-0
94,DIYZUI__ligand311-0
95,DIYZUI__ligand15531-0
96,DIYZUI__ligand785-0
97,DIYZUI__ligand28743-0
98,DIYZUI__ligand5614-0
99,DIYZUI__ligand13862-0
100,DIYZUI__ligand11357-0
101,DIYZUI__ligand1831-0
102,DIYZUI__ligand10056-0
103,DIYZUI__ligand5515-0
104,DIYZUI__ligand12365-0
105,DIYZUI__ligand6663-0
106,DIYZUI__ligand15926-0
107,DIYZUI__ligand10828-0
108,DIYZUI__ligand19792-0
109,DIYZUI__ligand11447-0
110,DIYZUI__ligand11096-0
111,DIYZUI__ligand28810-0
112,DIYZUI__ligand24230-0
113,DIYZUI__ligand1849-0
114,DIYZUI__ligand5019-0
115,DIYZUI__ligand188-0
116,DIYZUI__ligand1152-0
117,DIYZUI__ligand3261-0
118,DIYZUI__ligand15883-0
119,DIYZUI__ligand11970-0
120,DIYZUI__ligand1216-0
121,DIYZUI__ligand1828-0
122,DIYZUI__ligand1397-0
123,DIYZUI__ligand7213-0
124,DIYZUI__ligand8042-0
125,DIYZUI__ligand25913-0
126,DIYZUI__ligand16988-0
127,DIYZUI__ligand6112-0
128,DIYZUI__ligand3144-0
129,DIYZUI__ligand5085-0
130,DIYZUI__ligand4710-0
131,DIYZUI__ligand11682-0
132,DIYZUI__ligand250-0
133,DIYZUI__ligand5755-0
134,DIYZUI__ligand20207-0
135,DIYZUI__ligand30711-0
136,DIYZUI__ligand31842-0
137,DIYZUI__ligand31044-0
138,DIYZUI__ligand1908-0
139,DIYZUI__ligand11994-0
140,DIYZUI__ligand24035-0
141,DIYZUI__ligand3285-0
142,DIYZUI__ligand4795-0
143,DIYZUI__ligand14614-0
144,DIYZUI__ligand1786-0
145,DIYZUI__ligand370-0
146,DIYZUI__ligand5630-0
147,DIYZUI__ligand16663-0
148,DIYZUI__ligand7075-0
149,DIYZUI__ligand28685-0
150,DIYZUI__ligand18568-0
151,DIYZUI__ligand193-0
152,DIYZUI__ligand13672-0
153,DIYZUI__ligand3980-0
154,DIYZUI__ligand3557-0
155,DIYZUI__ligand1149-0
156,DIYZUI__ligand1779-0
157,DIYZUI__ligand10371-0
158,DIYZUI__ligand372-0
159,DIYZUI__ligand6993-0
160,DIYZUI__ligand1817-0
161,DIYZUI__ligand9750-0
162,DIYZUI__ligand19-0
163,DIYZUI__ligand830-0
164,DIYZUI__ligand4266-0
165,DIYZUI__ligand1400-0
166,DIYZUI__ligand24-0
167,DIYZUI__ligand18448-0
168,DIYZUI__ligand12453-0
169,DIYZUI__ligand28459-0
170,DIYZUI__ligand9491-0
171,DIYZUI__ligand4167-0
172,DIYZUI__ligand1288-0
173,DIYZUI__ligand252-0
174,DIYZUI__ligand19184-0
175,DIYZUI__ligand116-0
176,DIYZUI__ligand30142-0
177,DIYZUI__ligand8-0
178,DIYZUI__ligand3453-0
179,DIYZUI__ligand3416-0
180,DIYZUI__ligand27669-0
181,DIYZUI__ligand13477-0
182,DIYZUI__ligand4207-0
183,DIYZUI__ligand14167-0
184,DIYZUI__ligand45-0
185,DIYZUI__ligand177-0
186,DIYZUI__ligand1539-0
187,DIYZUI__ligand1150-0
188,DIYZUI__ligand7438-0
189,DIYZUI__ligand8200-0
190,DIYZUI__ligand4063-0
191,DIYZUI__ligand23197-0
192,DIYZUI__ligand909-0
193,DIYZUI__ligand3042-0
194,DIYZUI__ligand78-0
195,DIYZUI__ligand29029-0
196,DIYZUI__ligand27285-0
197,DIYZUI__ligand9167-0
198,DIYZUI__ligand314-1
199,DIYZUI__ligand5304-0
200,DIYZUI__ligand2238-0
201,DIYZUI__ligand20557-0
202,DIYZUI__ligand30004-0
203,DIYZUI__ligand7293-0
204,DIYZUI__ligand2822-0
205,DIYZUI__ligand3867-0
206,DIYZUI__ligand1317-0
207,DIYZUI__ligand8002-0
208,DIYZUI__ligand5509-0
209,DIYZUI__ligand23445-0
210,DIYZUI__ligand24953-0
211,DIYZUI__ligand1407-0
212,DIYZUI__ligand6117-0
213,DIYZUI__ligand66-0
214,DIYZUI__ligand20432-0
215,DIYZUI__ligand27122-0
216,DIYZUI__ligand13755-0
217,DIYZUI__ligand16133-0
218,DIYZUI__ligand465-0
219,DIYZUI__ligand25048-0
220,DIYZUI__ligand5080-0
221,DIYZUI__ligand7762-0
222,DIYZUI__ligand21940-0
223,DIYZUI__ligand4101-0
224,DIYZUI__ligand5595-0
225,DIYZUI__ligand42-0
226,DIYZUI__ligand391-0
227,DIYZUI__ligand21752-0
228,DIYZUI__ligand618-0
229,DIYZUI__ligand4358-0
230,DIYZUI__ligand3926-0
231,DIYZUI__ligand13691-0
232,DIYZUI__ligand3120-0
233,DIYZUI__ligand30788-0
234,DIYZUI__ligand14339-0
235,DIYZUI__ligand2221-0
236,DIYZUI__ligand1296-0
237,DIYZUI__ligand2259-0
238,DIYZUI__ligand1197-0
239,DIYZUI__ligand8592-0
240,DIYZUI__ligand5099-0
241,DIYZUI__ligand24624-0
242,DIYZUI__ligand9773-0
243,DIYZUI__ligand20844-0
244,DIYZUI__ligand18413-0
245,DIYZUI__ligand813-0
246,DIYZUI__ligand5510-0
247,DIYZUI__ligand1376-0
248,DIYZUI__ligand24560-0
249,DIYZUI__ligand18757-0
250,DIYZUI__ligand780-0
251,DIYZUI__ligand314-0
252,DIYZUI__ligand18019-1
253,DIYZUI__ligand3677-0
254,DIYZUI__ligand14007-0
255,DIYZUI__ligand3632-0
256,DIYZUI__ligand1168-0
257,DIYZUI__ligand1294-0
258,DIYZUI__ligand353-0
259,DIYZUI__ligand6699-0
260,DIYZUI__ligand38-0
261,DIYZUI__ligand27550-0
262,DIYZUI__ligand1464-0
263,DIYZUI__ligand3712-0
264,DIYZUI__ligand393-0
265,DIYZUI__ligand1499-0
266,DIYZUI__ligand16956-0
267,DIYZUI__ligand21339-0
268,DIYZUI__ligand14226-0
269,DIYZUI__ligand2881-0
270,DIYZUI__ligand20942-1
271,DIYZUI__ligand6892-0
272,DIYZUI__ligand18158-0
273,DIYZUI__ligand27771-0
274,DIYZUI__ligand1211-0
275,DIYZUI__ligand29565-0
276,DIYZUI__ligand23682-0
277,DIYZUI__ligand422-0
278,DIYZUI__ligand11798-0
279,DIYZUI__ligand9344-0
280,DIYZUI__ligand3736-0
281,DIYZUI__ligand29334-0
282,DIYZUI__ligand12413-0
283,DIYZUI__ligand8000-0
284,DIYZUI__ligand20731-0
285,DIYZUI__ligand3945-0
286,DIYZUI__ligand17445-0
287,DIYZUI__ligand17069-0
288,DIYZUI__ligand14477-0
289,DIYZUI__ligand5383-0
290,DIYZUI__ligand2693-0
291,DIYZUI__ligand686-0
292,DIYZUI__ligand196-0
293,DIYZUI__ligand2985-0
294,DIYZUI__ligand11544-0
295,DIYZUI__ligand11501-0
296,DIYZUI__ligand4007-0
297,DIYZUI__ligand29214-0
298,DIYZUI__ligand9299-0
299,DIYZUI__ligand11758-0
300,DIYZUI__ligand22357-0
301,DIYZUI__ligand7291-0
302,DIYZUI__ligand3677-1
303,DIYZUI__ligand9883-0
304,DIYZUI__ligand21448-0
305,DIYZUI__ligand1289-0
306,DIYZUI__ligand5387-0
307,DIYZUI__ligand2203-0
308,DIYZUI__ligand10151-0
309,DIYZUI__ligand152-0
310,DIYZUI__ligand9450-0
311,DIYZUI__ligand22353-0
312,DIYZUI__ligand18-0
313,DIYZUI__ligand2612-0
314,DIYZUI__ligand506-0
315,DIYZUI__ligand19668-0
316,DIYZUI__ligand1599-0
317,DIYZUI__ligand19906-0
318,DIYZUI__ligand10853-0
319,DIYZUI__ligand487-0
320,DIYZUI__ligand2043-0
321,DIYZUI__ligand29441-0
322,DIYZUI__ligand8788-0
323,DIYZUI__ligand1832-0
324,DIYZUI__ligand11479-0
325,DIYZUI__ligand10479-0
326,DIYZUI__ligand27610-0
327,DIYZUI__ligand11698-0
328,DIYZUI__ligand20530-0
329,DIYZUI__ligand14302-0
330,DIYZUI__ligand1604-0
331,DIYZUI__ligand14347-0
332,DIYZUI__ligand13657-0
333,DIYZUI__ligand24851-0
334,DIYZUI__ligand1228-0
335,DIYZUI__ligand9943-0
336,DIYZUI__ligand6391-0
337,DIYZUI__ligand3126-0
338,DIYZUI__ligand176-0
339,DIYZUI__ligand15387-0
340,DIYZUI__ligand20121-0
341,DIYZUI__ligand9284-0
342,DIYZUI__ligand1114-0
343,DIYZUI__ligand20220-0
344,DIYZUI__ligand16952-0
345,DIYZUI__ligand29813-0
346,DIYZUI__ligand2417-0
347,DIYZUI__ligand447-0
348,DIYZUI__ligand746-0
349,DIYZUI__ligand1116-0
350,DIYZUI__ligand3225-0
351,DIYZUI__ligand1153-0
352,DIYZUI__ligand2260-0
353,DIYZUI__ligand7092-0
354,DIYZUI__ligand15455-0
355,DIYZUI__ligand8612-0
356,DIYZUI__ligand11177-0
357,DIYZUI__ligand2124-0
358,DIYZUI__ligand7172-0
359,DIYZUI__ligand395-0
360,DIYZUI__ligand25658-0
361,DIYZUI__ligand17686-0
362,DIYZUI__ligand31205-0
363,DIYZUI__ligand7273-0
364,DIYZUI__ligand368-0
365,DIYZUI__ligand9323-0
366,DIYZUI__ligand784-0
367,DIYZUI__ligand16603-0
368,DIYZUI__ligand5180-0
369,DIYZUI__ligand11814-0
370,DIYZUI__ligand6017-0
371,DIYZUI__ligand11622-0
372,DIYZUI__ligand7316-0
373,DIYZUI__ligand16870-0
374,DIYZUI__ligand5708-0
375,DIYZUI__ligand5530-0
376,DIYZUI__ligand833-0
377,DIYZUI__ligand1787-0
378,DIYZUI__ligand1356-0
379,DIYZUI__ligand9753-0
380,DIYZUI__ligand20821-0
381,DIYZUI__ligand7196-0
382,DIYZUI__ligand26673-0
383,DIYZUI__ligand5159-0
384,DIYZUI__ligand31000-0
385,DIYZUI__ligand4807-0
386,DIYZUI__ligand3178-0
387,DIYZUI__ligand11606-0
388,DIYZUI__ligand13260-0
389,DIYZUI__ligand2906-0
390,DIYZUI__ligand115-0
391,DIYZUI__ligand10582-0
392,DIYZUI__ligand3244-0
393,DIYZUI__ligand11252-0
394,DIYZUI__ligand4711-0
395,DIYZUI__ligand5649-0
396,DIYZUI__ligand18067-0
397,DIYZUI__ligand2788-0
398,DIYZUI__ligand8793-0
399,DIYZUI__ligand19824-0
400,DIYZUI__ligand4649-0
401,DIYZUI__ligand1512-0
402,DIYZUI__ligand5331-0
403,DIYZUI__ligand3565-0
404,DIYZUI__ligand28924-0
405,DIYZUI__ligand15438-0
406,DIYZUI__ligand18703-0
407,DIYZUI__ligand6919-0
408,DIYZUI__ligand3852-0
409,DIYZUI__ligand29087-0
410,DIYZUI__ligand2485-0
411,DIYZUI__ligand16-0
412,DIYZUI__ligand17207-0
413,DIYZUI__ligand5211-0
414,DIYZUI__ligand31578-0
415,DIYZUI__ligand17945-0
416,DIYZUI__ligand4155-0
417,DIYZUI__ligand3094-0
418,DIYZUI__ligand25224-0
419,DIYZUI__ligand18013-0
420,DIYZUI__ligand338-0
421,DIYZUI__ligand4720-0
422,DIYZUI__ligand24750-0
423,DIYZUI__ligand6839-0
424,DIYZUI__ligand8969-0
425,DIYZUI__ligand3131-0
426,DIYZUI__ligand3174-0
427,DIYZUI__ligand1202-0
428,DIYZUI__ligand3937-0
429,DIYZUI__ligand22755-0
430,DIYZUI__ligand10432-0
431,DIYZUI__ligand7242-0
432,DIYZUI__ligand31618-0
433,DIYZUI__ligand11432-0
434,DIYZUI__ligand26277-0
435,DIYZUI__ligand29898-0
436,DIYZUI__ligand7106-0
437,DIYZUI__ligand32-0
438,DIYZUI__ligand9908-0
439,DIYZUI__ligand1263-0
440,DIYZUI__ligand201-0
441,DIYZUI__ligand279-0
442,DIYZUI__ligand1959-0
443,DIYZUI__ligand3504-0
444,DIYZUI__ligand23589-0
445,DIYZUI__ligand185-0
446,DIYZUI__ligand178-0
447,DIYZUI__ligand24064-0
448,DIYZUI__ligand9935-0
449,DIYZUI__ligand1573-0
450,DIYZUI__ligand1536-0
451,DIYZUI__ligand6616-0
452,DIYZUI__ligand3876-0
453,DIYZUI__ligand1343-0
454,DIYZUI__ligand3035-0
455,DIYZUI__ligand15168-0
456,DIYZUI__ligand3718-0
457,DIYZUI__ligand1844-0
458,DIYZUI__ligand4661-0
459,DIYZUI__ligand321-0
460,DIYZUI__ligand657-0
461,DIYZUI__ligand7867-0
462,DIYZUI__ligand1219-0
463,DIYZUI__ligand6709-0
464,DIYZUI__ligand4016-0
465,DIYZUI__ligand187-0
466,DIYZUI__ligand10555-0
467,DIYZUI__ligand31483-0
468,DIYZUI__ligand7238-0
469,DIYZUI__ligand19725-0
470,DIYZUI__ligand366-0
471,DIYZUI__ligand48-0
472,DIYZUI__ligand24613-0
473,DIYZUI__ligand1304-0
474,DIYZUI__ligand1790-0
475,DIYZUI__ligand7280-0
476,DIYZUI__ligand777-0
477,DIYZUI__ligand4272-0
478,DIYZUI__ligand11774-0
479,DIYZUI__ligand14586-0
480,DIYZUI__ligand1451-0
481,DIYZUI__ligand7629-0
482,DIYZUI__ligand9784-0
483,DIYZUI__ligand21421-0
484,DIYZUI__ligand9520-0
485,DIYZUI__ligand11568-0
486,DIYZUI__ligand8699-0
487,DIYZUI__ligand17710-0
488,DIYZUI__ligand20579-0
489,DIYZUI__ligand1160-0
490,DIYZUI__ligand596-0
491,DIYZUI__ligand941-0
492,DIYZUI__ligand3954-0
493,DIYZUI__ligand4093-0
494,DIYZUI__ligand4442-0
495,DIYZUI__ligand17590-0
496,DIYZUI__ligand4157-0
497,DIYZUI__ligand9833-0
498,DIYZUI__ligand7648-0
499,DIYZUI__ligand8876-0
500,DIYZUI__ligand2828-0
501,DIYZUI__ligand17240-0
502,DIYZUI__ligand5256-0
503,DIYZUI__ligand51-0
504,DIYZUI__ligand163-0
505,DIYZUI__ligand12682-0
506,DIYZUI__ligand2176-0
507,DIYZUI__ligand126-0
508,DIYZUI__ligand18699-0
509,DIYZUI__ligand9291-0
510,DIYZUI__ligand2232-0
511,DIYZUI__ligand1285-0
512,DIYZUI__ligand8115-0
513,DIYZUI__ligand6768-0
514,DIYZUI__ligand1982-0
515,DIYZUI__ligand7000-0
516,DIYZUI__ligand4546-0
517,DIYZUI__ligand4503-0
518,DIYZUI__ligand845-0
519,DIYZUI__ligand12336-0
520,DIYZUI__ligand13072-0
521,DIYZUI__ligand91-0
522,DIYZUI__ligand23904-0
523,DIYZUI__ligand8992-0
524,DIYZUI__ligand122-0
525,DIYZUI__ligand13257-0
526,DIYZUI__ligand9601-0
527,DIYZUI__ligand21936-0
528,DIYZUI__ligand7967-0
529,DIYZUI__ligand12467-0
530,DIYZUI__ligand757-0
531,DIYZUI__ligand55-0
532,DIYZUI__ligand6124-0
533,DIYZUI__ligand3707-0
534,DIYZUI__ligand1018-0
535,DIYZUI__ligand25267-0
536,DIYZUI__ligand10084-0
537,DIYZUI__ligand4116-0
538,DIYZUI__ligand14523-0
539,DIYZUI__ligand1823-0
540,DIYZUI__ligand5643-0
541,DIYZUI__ligand27169-0
542,DIYZUI__ligand18391-0
543,DIYZUI__ligand1324-0
544,DIYZUI__ligand68-0
545,DIYZUI__ligand8721-0
546,DIYZUI__ligand25805-0
547,DIYZUI__ligand22981-0
548,DIYZUI__ligand9952-0
549,DIYZUI__ligand9111-0
550,DIYZUI__ligand20599-0
551,DIYZUI__ligand27074-0
552,DIYZUI__ligand1615-0
553,DIYZUI__ligand2526-0
554,DIYZUI__ligand5036-0
555,DIYZUI__ligand18465-0
556,DIYZUI__ligand18799-0
557,DIYZUI__ligand9441-0
558,DIYZUI__ligand1-0
559,DIYZUI__ligand2332-0
560,DIYZUI__ligand1631-0
561,DIYZUI__ligand28668-0
562,DIYZUI__ligand1575-0
563,DIYZUI__ligand16791-0
564,DIYZUI__ligand1530-0
565,DIYZUI__ligand9933-0
566,DIYZUI__ligand2915-0
567,DIYZUI__ligand3156-0
568,DIYZUI__ligand11140-0
569,DIYZUI__ligand693-0
570,DIYZUI__ligand29610-0
571,DIYZUI__ligand29863-0
572,DIYZUI__ligand6244-0
573,DIYZUI__ligand13869-0
574,DIYZUI__ligand18074-0
575,DIYZUI__ligand34-0
576,DIYZUI__ligand1378-0
577,DIYZUI__ligand240-0
578,DIYZUI__ligand11206-0
579,DIYZUI__ligand23124-0
580,DIYZUI__ligand141-0
581,DIYZUI__ligand2917-0
582,DIYZUI__ligand12519-0
583,DIYZUI__ligand25735-0
584,DIYZUI__ligand7819-0
585,DIYZUI__ligand6102-0
586,DIYZUI__ligand6596-0
587,DIYZUI__ligand3721-0
588,DIYZUI__ligand6904-0
589,DIYZUI__ligand3465-0
590,DIYZUI__ligand4620-0
591,DIYZUI__ligand3-0
592,DIYZUI__ligand31248-0
593,DIYZUI__ligand25650-0
594,DIYZUI__ligand13209-0
595,DIYZUI__ligand19257-0
596,DIYZUI__ligand1577-0
597,DIYZUI__ligand6067-0
598,DIYZUI__ligand2295-0
599,DIYZUI__ligand12660-0
600,DIYZUI__ligand768-0
601,DIYZUI__ligand25575-0
602,DIYZUI__ligand21787-0
603,DIYZUI__ligand4641-0
604,DIYZUI__ligand25689-0
605,DIYZUI__ligand12295-0
606,DIYZUI__ligand27835-0
607,DIYZUI__ligand21132-0
608,DIYZUI__ligand11166-0
609,DIYZUI__ligand23906-0
610,DIYZUI__ligand1142-0
611,DIYZUI__ligand3234-0
612,DIYZUI__ligand30539-0
613,DIYZUI__ligand7126-0
614,DIYZUI__ligand57-0
615,DIYZUI__ligand384-0
616,DIYZUI__ligand8835-0
617,DIYZUI__ligand2028-0
618,DIYZUI__ligand19641-0
619,DIYZUI__ligand15422-0
620,DIYZUI__ligand696-0
621,DIYZUI__ligand20578-0
622,DIYZUI__ligand12934-0
623,DIYZUI__ligand27893-0
624,DIYZUI__ligand14723-0
625,DIYZUI__ligand9148-0
626,DIYZUI__ligand30988-0
627,DIYZUI__ligand1415-0
628,DIYZUI__ligand6946-0
629,DIYZUI__ligand23713-0
630,DIYZUI__ligand7529-0
631,DIYZUI__ligand18832-0
632,DIYZUI__ligand27175-0
633,DIYZUI__ligand89-0
634,DIYZUI__ligand1729-0
635,DIYZUI__ligand26665-0
636,DIYZUI__ligand13012-0
637,DIYZUI__ligand4-0
638,DIYZUI__ligand5627-0
639,DIYZUI__ligand17631-0
640,DIYZUI__ligand17258-0
641,DIYZUI__ligand49-0
642,DIYZUI__ligand14297-0
643,DIYZUI__ligand14603-0
644,DIYZUI__ligand2830-0
645,DIYZUI__ligand656-0
646,DIYZUI__ligand5316-0
647,DIYZUI__ligand31783-0
648,DIYZUI__ligand5483-0
649,DIYZUI__ligand3012-0
650,DIYZUI__ligand29410-0
651,DIYZUI__ligand12337-0
652,DIYZUI__ligand26540-0
653,DIYZUI__ligand1449-0
654,DIYZUI__ligand1065-0
655,DIYZUI__ligand17281-0
656,DIYZUI__ligand7530-0
657,DIYZUI__ligand30296-0
658,DIYZUI__ligand9681-0
659,DIYZUI__ligand12606-0
660,DIYZUI__ligand30333-0
661,DIYZUI__ligand4332-0
662,DIYZUI__ligand162-0
663,DIYZUI__ligand3934-0
664,DIYZUI__ligand27460-0
665,DIYZUI__ligand226-0
666,DIYZUI__ligand6882-0
667,DIYZUI__ligand6455-0
668,DIYZUI__ligand16628-0
669,DIYZUI__ligand2403-0
670,DIYZUI__ligand416-0
671,DIYZUI__ligand28468-0
672,DIYZUI__ligand20740-0
673,DIYZUI__ligand383-0
674,DIYZUI__ligand12427-0
675,DIYZUI__ligand27763-0
676,DIYZUI__ligand10262-0
677,DIYZUI__ligand28676-0
678,DIYZUI__ligand1147-0
679,DIYZUI__ligand3973-0
680,DIYZUI__ligand7925-0
681,DIYZUI__ligand17-0
682,DIYZUI__ligand29302-0
683,DIYZUI__ligand13425-0
684,DIYZUI__ligand2068-0
685,DIYZUI__ligand19057-0
686,DIYZUI__ligand18814-0
687,DIYZUI__ligand7532-0
688,DIYZUI__ligand14108-0
689,DIYZUI__ligand4194-0
690,DIYZUI__ligand4330-0
691,DIYZUI__ligand670-0
692,DIYZUI__ligand10958-0
693,DIYZUI__ligand2599-0
694,DIYZUI__ligand534-0
695,DIYZUI__ligand571-0
696,DIYZUI__ligand12641-0
697,DIYZUI__ligand6283-0
698,DIYZUI__ligand25178-0
699,DIYZUI__ligand23769-0
700,DIYZUI__ligand24185-0
701,DIYZUI__ligand4738-0
702,DIYZUI__ligand4813-0
703,DIYZUI__ligand17805-0
704,DIYZUI__ligand5813-0
705,DIYZUI__ligand6062-0
706,DIYZUI__ligand17302-0
707,DIYZUI__ligand12231-0
708,DIYZUI__ligand17387-0
709,DIYZUI__ligand12130-0
710,DIYZUI__ligand694-0
711,DIYZUI__ligand3215-0
712,DIYZUI__ligand13658-0
713,DIYZUI__ligand26702-0
714,DIYZUI__ligand12289-0
715,DIYZUI__ligand18292-0
716,DIYZUI__ligand19830-0
717,DIYZUI__ligand13068-0
718,DIYZUI__ligand358-0
719,DIYZUI__ligand430-0
720,DIYZUI__ligand10476-0
721,DIYZUI__ligand24145-0
722,DIYZUI__ligand488-0
723,DIYZUI__ligand15585-0
724,DIYZUI__ligand12401-0
725,DIYZUI__ligand7107-0
726,DIYZUI__ligand13208-0
727,DIYZUI__ligand1533-0
728,DIYZUI__ligand27482-0
729,DIYZUI__ligand26810-0
730,DIYZUI__ligand1496-0
731,DIYZUI__ligand7557-0
732,DIYZUI__ligand361-0
733,DIYZUI__ligand324-0
734,DIYZUI__ligand409-0
735,DIYZUI__ligand4131-0
736,DIYZUI__ligand13390-0
737,DIYZUI__ligand1712-0
738,DIYZUI__ligand20682-0
739,DIYZUI__ligand5094-0
740,DIYZUI__ligand5892-0
741,DIYZUI__ligand1773-0
742,DIYZUI__ligand11456-0
743,DIYZUI__ligand4581-0
744,DIYZUI__ligand2328-0
745,DIYZUI__ligand10712-0
746,DIYZUI__ligand7162-0
747,DIYZUI__ligand14174-0
748,DIYZUI__ligand3029-0
749,DIYZUI__ligand9197-0
750,DIYZUI__ligand25411-0
751,DIYZUI__ligand199-0
752,DIYZUI__ligand1900-0
753,DIYZUI__ligand13294-0
754,DIYZUI__ligand2208-0
755,DIYZUI__ligand31832-0
756,DIYZUI__ligand3208-0
757,DIYZUI__ligand588-0
758,DIYZUI__ligand8722-0
759,DIYZUI__ligand9809-0
760,DIYZUI__ligand6672-0
761,DIYZUI__ligand13331-0
762,DIYZUI__ligand1327-0
763,DIYZUI__ligand28884-0
764,DIYZUI__ligand29879-0
765,DIYZUI__ligand14248-0
766,DIYZUI__ligand3350-0
767,DIYZUI__ligand7573-0
768,DIYZUI__ligand2781-0
769,DIYZUI__ligand12030-0
770,DIYZUI__ligand300-0
771,DIYZUI__ligand10589-0
772,DIYZUI__ligand22557-0
773,DIYZUI__ligand24047-0
774,DIYZUI__ligand11675-0
775,DIYZUI__ligand633-0
776,DIYZUI__ligand20598-0
777,DIYZUI__ligand17398-0
778,DIYZUI__ligand2527-0
779,DIYZUI__ligand8349-0
780,DIYZUI__ligand8464-0
781,DIYZUI__ligand1709-0
782,DIYZUI__ligand29414-0
783,DIYZUI__ligand17982-0
784,DIYZUI__ligand497-0
785,DIYZUI__ligand17278-0
786,DIYZUI__ligand20011-0
787,DIYZUI__ligand69-0
788,DIYZUI__ligand20251-1
789,DIYZUI__ligand11-0
790,DIYZUI__ligand3392-0
791,DIYZUI__ligand1771-0
792,DIYZUI__ligand4911-0
793,DIYZUI__ligand5849-0
794,DIYZUI__ligand14703-0
795,DIYZUI__ligand16475-0
796,DIYZUI__ligand436-0
797,DIYZUI__ligand5935-0
798,DIYZUI__ligand2722-0
799,DIYZUI__ligand17261-0
800,DIYZUI__ligand14117-0
801,DIYZUI__ligand1379-0
802,DIYZUI__ligand31097-0
803,DIYZUI__ligand21581-0
804,DIYZUI__ligand3157-0
805,DIYZUI__ligand9525-0
806,DIYZUI__ligand20251-0
807,DIYZUI__ligand20214-0
808,DIYZUI__ligand30702-0
809,DIYZUI__ligand20539-0
810,DIYZUI__ligand692-0
811,DIYZUI__ligand1165-0
812,DIYZUI__ligand4850-0
813,DIYZUI__ligand5056-0
814,DIYZUI__ligand30851-0
815,DIYZUI__ligand14889-0
816,DIYZUI__ligand3647-0
817,DIYZUI__ligand5357-0
818,DIYZUI__ligand1688-0
819,DIYZUI__ligand29568-0
820,DIYZUI__ligand28789-0
821,DIYZUI__ligand1469-0
822,DIYZUI__ligand3871-0
823,DIYZUI__ligand17118-0
824,DIYZUI__ligand1768-0
825,DIYZUI__ligand21371-0
826,DIYZUI__ligand20419-0
827,DIYZUI__ligand326-0
