,TMC
0,MUVNOI__ligand115-0
1,MUVNOI__ligand17207-0
2,MUVNOI__ligand6283-0
3,MUVNOI__ligand31578-0
4,MUVNOI__ligand25224-0
5,MUVNOI__ligand18013-0
6,MUVNOI__ligand17945-0
7,MUVNOI__ligand5813-0
8,MUVNOI__ligand4813-0
9,MUVNOI__ligand4738-0
10,MUVNOI__ligand3-0
11,MUVNOI__ligand6062-0
12,MUVNOI__ligand24750-0
13,MUVNOI__ligand833-0
14,MUVNOI__ligand15438-0
15,MUVNOI__ligand3215-0
16,MUVNOI__ligand28924-0
17,MUVNOI__ligand18703-0
18,MUVNOI__ligand29087-0
19,MUVNOI__ligand7107-0
20,MUVNOI__ligand1147-0
21,MUVNOI__ligand23589-0
22,MUVNOI__ligand784-0
23,MUVNOI__ligand3973-0
24,MUVNOI__ligand24064-0
25,MUVNOI__ligand15168-0
26,MUVNOI__ligand2068-0
27,MUVNOI__ligand7925-0
28,MUVNOI__ligand7532-0
29,MUVNOI__ligand57-0
30,MUVNOI__ligand10432-0
31,MUVNOI__ligand31618-0
32,MUVNOI__ligand11432-0
33,MUVNOI__ligand22755-0
34,MUVNOI__ligand4194-0
35,MUVNOI__ligand26277-0
36,MUVNOI__ligand29898-0
37,MUVNOI__ligand2599-0
38,MUVNOI__ligand395-0
39,MUVNOI__ligand4330-0
40,MUVNOI__ligand368-0
41,MUVNOI__ligand1449-0
42,MUVNOI__ligand176-0
43,MUVNOI__ligand11774-0
44,MUVNOI__ligand3012-0
45,MUVNOI__ligand14586-0
46,MUVNOI__ligand21421-0
47,MUVNOI__ligand7530-0
48,MUVNOI__ligand55-0
49,MUVNOI__ligand1065-0
50,MUVNOI__ligand20579-0
51,MUVNOI__ligand17710-0
52,MUVNOI__ligand11568-0
53,MUVNOI__ligand9681-0
54,MUVNOI__ligand447-0
55,MUVNOI__ligand4332-0
56,MUVNOI__ligand746-0
57,MUVNOI__ligand487-0
58,MUVNOI__ligand3934-0
59,MUVNOI__ligand31483-0
60,MUVNOI__ligand6455-0
61,MUVNOI__ligand6882-0
62,MUVNOI__ligand10555-0
63,MUVNOI__ligand2403-0
64,MUVNOI__ligand68-0
65,MUVNOI__ligand19725-0
66,MUVNOI__ligand24613-0
67,MUVNOI__ligand9148-0
68,MUVNOI__ligand1415-0
69,MUVNOI__ligand6946-0
70,MUVNOI__ligand12336-0
71,MUVNOI__ligand506-0
72,MUVNOI__ligand7529-0
73,MUVNOI__ligand13072-0
74,MUVNOI__ligand17590-0
75,MUVNOI__ligand34-0
76,MUVNOI__ligand5627-0
77,MUVNOI__ligand1729-0
78,MUVNOI__ligand17240-0
79,MUVNOI__ligand2830-0
80,MUVNOI__ligand152-0
81,MUVNOI__ligand12682-0
82,MUVNOI__ligand5316-0
83,MUVNOI__ligand18699-0
84,MUVNOI__ligand1-0
85,MUVNOI__ligand5483-0
86,MUVNOI__ligand48-0
87,MUVNOI__ligand196-0
88,MUVNOI__ligand18391-0
89,MUVNOI__ligand14523-0
90,MUVNOI__ligand5935-0
91,MUVNOI__ligand27169-0
92,MUVNOI__ligand1379-0
93,MUVNOI__ligand2722-0
94,MUVNOI__ligand3157-0
95,MUVNOI__ligand20599-0
96,MUVNOI__ligand25805-0
97,MUVNOI__ligand22981-0
98,MUVNOI__ligand1165-0
99,MUVNOI__ligand27074-0
100,MUVNOI__ligand9525-0
101,MUVNOI__ligand23904-0
102,MUVNOI__ligand422-0
103,MUVNOI__ligand5056-0
104,MUVNOI__ligand4850-0
105,MUVNOI__ligand21936-0
106,MUVNOI__ligand1688-0
107,MUVNOI__ligand5357-0
108,MUVNOI__ligand13257-0
109,MUVNOI__ligand3647-0
110,MUVNOI__ligand12467-0
111,MUVNOI__ligand3871-0
112,MUVNOI__ligand1469-0
113,MUVNOI__ligand10084-0
114,MUVNOI__ligand1768-0
115,MUVNOI__ligand686-0
116,MUVNOI__ligand25267-0
117,MUVNOI__ligand11140-0
118,MUVNOI__ligand393-0
119,MUVNOI__ligand2527-0
120,MUVNOI__ligand29610-0
121,MUVNOI__ligand1709-0
122,MUVNOI__ligand13869-0
123,MUVNOI__ligand8464-0
124,MUVNOI__ligand18074-0
125,MUVNOI__ligand8349-0
126,MUVNOI__ligand51-0
127,MUVNOI__ligand29863-0
128,MUVNOI__ligand3392-0
129,MUVNOI__ligand18799-0
130,MUVNOI__ligand91-0
131,MUVNOI__ligand18465-0
132,MUVNOI__ligand4911-0
133,MUVNOI__ligand1771-0
134,MUVNOI__ligand353-0
135,MUVNOI__ligand5849-0
136,MUVNOI__ligand28668-0
137,MUVNOI__ligand16791-0
138,MUVNOI__ligand2328-0
139,MUVNOI__ligand4581-0
140,MUVNOI__ligand1773-0
141,MUVNOI__ligand25650-0
142,MUVNOI__ligand3029-0
143,MUVNOI__ligand31248-0
144,MUVNOI__ligand7162-0
145,MUVNOI__ligand813-0
146,MUVNOI__ligand13209-0
147,MUVNOI__ligand19257-0
148,MUVNOI__ligand1900-0
149,MUVNOI__ligand12660-0
150,MUVNOI__ligand314-0
151,MUVNOI__ligand780-0
152,MUVNOI__ligand9197-0
153,MUVNOI__ligand3208-0
154,MUVNOI__ligand23124-0
155,MUVNOI__ligand2208-0
156,MUVNOI__ligand11206-0
157,MUVNOI__ligand12519-0
158,MUVNOI__ligand391-0
159,MUVNOI__ligand25735-0
160,MUVNOI__ligand618-0
161,MUVNOI__ligand1327-0
162,MUVNOI__ligand6672-0
163,MUVNOI__ligand9809-0
164,MUVNOI__ligand8722-0
165,MUVNOI__ligand2781-0
166,MUVNOI__ligand16-0
167,MUVNOI__ligand7573-0
168,MUVNOI__ligand3350-0
169,MUVNOI__ligand1533-0
170,MUVNOI__ligand11166-0
171,MUVNOI__ligand21132-0
172,MUVNOI__ligand23906-0
173,MUVNOI__ligand465-0
174,MUVNOI__ligand32-0
175,MUVNOI__ligand7557-0
176,MUVNOI__ligand1496-0
177,MUVNOI__ligand30539-0
178,MUVNOI__ligand314-1
179,MUVNOI__ligand1712-0
180,MUVNOI__ligand4131-0
181,MUVNOI__ligand25689-0
182,MUVNOI__ligand25575-0
183,MUVNOI__ligand21787-0
184,MUVNOI__ligand27835-0
185,MUVNOI__ligand12295-0
186,MUVNOI__ligand5892-0
187,MUVNOI__ligand5094-0
188,MUVNOI__ligand13012-0
189,MUVNOI__ligand4157-0
190,MUVNOI__ligand17631-0
191,MUVNOI__ligand69-0
192,MUVNOI__ligand26665-0
193,MUVNOI__ligand14297-0
194,MUVNOI__ligand14603-0
195,MUVNOI__ligand909-0
196,MUVNOI__ligand5256-0
197,MUVNOI__ligand2828-0
198,MUVNOI__ligand8876-0
199,MUVNOI__ligand17258-0
200,MUVNOI__ligand7648-0
201,MUVNOI__ligand9833-0
202,MUVNOI__ligand31783-0
203,MUVNOI__ligand9291-0
204,MUVNOI__ligand2176-0
205,MUVNOI__ligand2232-0
206,MUVNOI__ligand15422-0
207,MUVNOI__ligand12934-0
208,MUVNOI__ligand20578-0
209,MUVNOI__ligand1285-0
210,MUVNOI__ligand19641-0
211,MUVNOI__ligand7000-0
212,MUVNOI__ligand1982-0
213,MUVNOI__ligand14723-0
214,MUVNOI__ligand6768-0
215,MUVNOI__ligand27893-0
216,MUVNOI__ligand8115-0
217,MUVNOI__ligand177-0
218,MUVNOI__ligand30988-0
219,MUVNOI__ligand4503-0
220,MUVNOI__ligand4546-0
221,MUVNOI__ligand23713-0
222,MUVNOI__ligand18832-0
223,MUVNOI__ligand27175-0
224,MUVNOI__ligand11-0
225,MUVNOI__ligand1219-0
226,MUVNOI__ligand6709-0
227,MUVNOI__ligand27460-0
228,MUVNOI__ligand7867-0
229,MUVNOI__ligand4016-0
230,MUVNOI__ligand16628-0
231,MUVNOI__ligand7238-0
232,MUVNOI__ligand252-0
233,MUVNOI__ligand7280-0
234,MUVNOI__ligand12427-0
235,MUVNOI__ligand1790-0
236,MUVNOI__ligand1304-0
237,MUVNOI__ligand116-0
238,MUVNOI__ligand28468-0
239,MUVNOI__ligand20740-0
240,MUVNOI__ligand7629-0
241,MUVNOI__ligand26540-0
242,MUVNOI__ligand1451-0
243,MUVNOI__ligand29410-0
244,MUVNOI__ligand4272-0
245,MUVNOI__ligand12337-0
246,MUVNOI__ligand193-0
247,MUVNOI__ligand30296-0
248,MUVNOI__ligand9784-0
249,MUVNOI__ligand17281-0
250,MUVNOI__ligand1160-0
251,MUVNOI__ligand12606-0
252,MUVNOI__ligand8699-0
253,MUVNOI__ligand372-0
254,MUVNOI__ligand9520-0
255,MUVNOI__ligand4442-0
256,MUVNOI__ligand4093-0
257,MUVNOI__ligand3954-0
258,MUVNOI__ligand830-0
259,MUVNOI__ligand30333-0
260,MUVNOI__ligand7242-0
261,MUVNOI__ligand7106-0
262,MUVNOI__ligand14108-0
263,MUVNOI__ligand10958-0
264,MUVNOI__ligand1263-0
265,MUVNOI__ligand9908-0
266,MUVNOI__ligand370-0
267,MUVNOI__ligand12641-0
268,MUVNOI__ligand10262-0
269,MUVNOI__ligand28676-0
270,MUVNOI__ligand3504-0
271,MUVNOI__ligand1959-0
272,MUVNOI__ligand27763-0
273,MUVNOI__ligand1536-0
274,MUVNOI__ligand1573-0
275,MUVNOI__ligand9935-0
276,MUVNOI__ligand3718-0
277,MUVNOI__ligand3876-0
278,MUVNOI__ligand1343-0
279,MUVNOI__ligand3035-0
280,MUVNOI__ligand6616-0
281,MUVNOI__ligand29302-0
282,MUVNOI__ligand13425-0
283,MUVNOI__ligand19057-0
284,MUVNOI__ligand18814-0
285,MUVNOI__ligand250-0
286,MUVNOI__ligand1844-0
287,MUVNOI__ligand4661-0
288,MUVNOI__ligand12231-0
289,MUVNOI__ligand5331-0
290,MUVNOI__ligand1512-0
291,MUVNOI__ligand13658-0
292,MUVNOI__ligand26702-0
293,MUVNOI__ligand12289-0
294,MUVNOI__ligand18292-0
295,MUVNOI__ligand17387-0
296,MUVNOI__ligand12130-0
297,MUVNOI__ligand3565-0
298,MUVNOI__ligand188-0
299,MUVNOI__ligand10476-0
300,MUVNOI__ligand19830-0
301,MUVNOI__ligand13068-0
302,MUVNOI__ligand15585-0
303,MUVNOI__ligand12401-0
304,MUVNOI__ligand2485-0
305,MUVNOI__ligand3852-0
306,MUVNOI__ligand24145-0
307,MUVNOI__ligand6919-0
308,MUVNOI__ligand620-0
309,MUVNOI__ligand370-1
310,MUVNOI__ligand5211-0
311,MUVNOI__ligand25178-0
312,MUVNOI__ligand564-0
313,MUVNOI__ligand24185-0
314,MUVNOI__ligand3094-0
315,MUVNOI__ligand23769-0
316,MUVNOI__ligand4155-0
317,MUVNOI__ligand4720-0
318,MUVNOI__ligand17805-0
319,MUVNOI__ligand479-0
320,MUVNOI__ligand785-0
321,MUVNOI__ligand311-0
322,MUVNOI__ligand3174-0
323,MUVNOI__ligand1202-0
324,MUVNOI__ligand3937-0
325,MUVNOI__ligand3131-0
326,MUVNOI__ligand8969-0
327,MUVNOI__ligand17302-0
328,MUVNOI__ligand6839-0
329,MUVNOI__ligand134-0
330,MUVNOI__ligand17-0
331,MUVNOI__ligand13390-0
332,MUVNOI__ligand4641-0
333,MUVNOI__ligand235-0
334,MUVNOI__ligand20682-0
335,MUVNOI__ligand13208-0
336,MUVNOI__ligand1142-0
337,MUVNOI__ligand3234-0
338,MUVNOI__ligand27482-0
339,MUVNOI__ligand26810-0
340,MUVNOI__ligand560-0
341,MUVNOI__ligand2028-0
342,MUVNOI__ligand8835-0
343,MUVNOI__ligand7126-0
344,MUVNOI__ligand31832-0
345,MUVNOI__ligand13294-0
346,MUVNOI__ligand7819-0
347,MUVNOI__ligand2917-0
348,MUVNOI__ligand3721-0
349,MUVNOI__ligand6904-0
350,MUVNOI__ligand6596-0
351,MUVNOI__ligand6102-0
352,MUVNOI__ligand13331-0
353,MUVNOI__ligand28884-0
354,MUVNOI__ligand294-0
355,MUVNOI__ligand3465-0
356,MUVNOI__ligand12030-0
357,MUVNOI__ligand29879-0
358,MUVNOI__ligand14248-0
359,MUVNOI__ligand685-0
360,MUVNOI__ligand4620-0
361,MUVNOI__ligand11456-0
362,MUVNOI__ligand10712-0
363,MUVNOI__ligand14174-0
364,MUVNOI__ligand2295-0
365,MUVNOI__ligand1577-0
366,MUVNOI__ligand6067-0
367,MUVNOI__ligand25411-0
368,MUVNOI__ligand421-0
369,MUVNOI__ligand20251-1
370,MUVNOI__ligand89-0
371,MUVNOI__ligand2332-0
372,MUVNOI__ligand9441-0
373,MUVNOI__ligand4-0
374,MUVNOI__ligand1631-0
375,MUVNOI__ligand9933-0
376,MUVNOI__ligand1530-0
377,MUVNOI__ligand16475-0
378,MUVNOI__ligand14703-0
379,MUVNOI__ligand1575-0
380,MUVNOI__ligand3156-0
381,MUVNOI__ligand11675-0
382,MUVNOI__ligand2915-0
383,MUVNOI__ligand20598-0
384,MUVNOI__ligand10589-0
385,MUVNOI__ligand22557-0
386,MUVNOI__ligand24047-0
387,MUVNOI__ligand17398-0
388,MUVNOI__ligand49-0
389,MUVNOI__ligand197-0
390,MUVNOI__ligand6244-0
391,MUVNOI__ligand20011-0
392,MUVNOI__ligand17278-0
393,MUVNOI__ligand1378-0
394,MUVNOI__ligand29414-0
395,MUVNOI__ligand17982-0
396,MUVNOI__ligand352-0
397,MUVNOI__ligand783-0
398,MUVNOI__ligand30851-0
399,MUVNOI__ligand8992-0
400,MUVNOI__ligand14889-0
401,MUVNOI__ligand29568-0
402,MUVNOI__ligand9601-0
403,MUVNOI__ligand3707-0
404,MUVNOI__ligand6124-0
405,MUVNOI__ligand7967-0
406,MUVNOI__ligand28789-0
407,MUVNOI__ligand4116-0
408,MUVNOI__ligand20419-0
409,MUVNOI__ligand17118-0
410,MUVNOI__ligand1018-0
411,MUVNOI__ligand21371-0
412,MUVNOI__ligand5643-0
413,MUVNOI__ligand1823-0
414,MUVNOI__ligand8721-0
415,MUVNOI__ligand17261-0
416,MUVNOI__ligand1324-0
417,MUVNOI__ligand14117-0
418,MUVNOI__ligand868-0
419,MUVNOI__ligand21581-0
420,MUVNOI__ligand31097-0
421,MUVNOI__ligand9952-0
422,MUVNOI__ligand9111-0
423,MUVNOI__ligand20539-0
424,MUVNOI__ligand2526-0
425,MUVNOI__ligand5036-0
426,MUVNOI__ligand1615-0
427,MUVNOI__ligand20251-0
428,MUVNOI__ligand30702-0
429,MUVNOI__ligand20214-0
430,MUVNOI__ligand9344-0
431,MUVNOI__ligand19-0
432,MUVNOI__ligand8000-0
433,MUVNOI__ligand27239-0
434,MUVNOI__ligand21729-0
435,MUVNOI__ligand3736-0
436,MUVNOI__ligand3945-0
437,MUVNOI__ligand14043-0
438,MUVNOI__ligand26324-0
439,MUVNOI__ligand28559-0
440,MUVNOI__ligand5383-0
441,MUVNOI__ligand2693-0
442,MUVNOI__ligand19927-0
443,MUVNOI__ligand326-0
444,MUVNOI__ligand436-0
445,MUVNOI__ligand4007-0
446,MUVNOI__ligand2985-0
447,MUVNOI__ligand11618-0
448,MUVNOI__ligand9299-0
449,MUVNOI__ligand26529-0
450,MUVNOI__ligand7291-0
451,MUVNOI__ligand24-0
452,MUVNOI__ligand692-0
453,MUVNOI__ligand9883-0
454,MUVNOI__ligand3677-1
455,MUVNOI__ligand3632-0
456,MUVNOI__ligand11111-0
457,MUVNOI__ligand3677-0
458,MUVNOI__ligand28540-0
459,MUVNOI__ligand16369-0
460,MUVNOI__ligand1294-0
461,MUVNOI__ligand27754-0
462,MUVNOI__ligand20695-0
463,MUVNOI__ligand1168-0
464,MUVNOI__ligand6699-0
465,MUVNOI__ligand45-0
466,MUVNOI__ligand22403-0
467,MUVNOI__ligand10872-0
468,MUVNOI__ligand1464-0
469,MUVNOI__ligand3712-0
470,MUVNOI__ligand21399-0
471,MUVNOI__ligand633-0
472,MUVNOI__ligand12003-0
473,MUVNOI__ligand2881-0
474,MUVNOI__ligand1499-0
475,MUVNOI__ligand26631-0
476,MUVNOI__ligand16148-0
477,MUVNOI__ligand78-0
478,MUVNOI__ligand8-0
479,MUVNOI__ligand6892-0
480,MUVNOI__ligand497-0
481,MUVNOI__ligand1211-0
482,MUVNOI__ligand29215-0
483,MUVNOI__ligand5595-0
484,MUVNOI__ligand12001-0
485,MUVNOI__ligand4101-0
486,MUVNOI__ligand24644-0
487,MUVNOI__ligand10033-0
488,MUVNOI__ligand588-0
489,MUVNOI__ligand3120-0
490,MUVNOI__ligand3926-0
491,MUVNOI__ligand4358-0
492,MUVNOI__ligand24872-0
493,MUVNOI__ligand2221-0
494,MUVNOI__ligand30728-0
495,MUVNOI__ligand300-0
496,MUVNOI__ligand27840-0
497,MUVNOI__ligand2259-0
498,MUVNOI__ligand15788-0
499,MUVNOI__ligand23175-0
500,MUVNOI__ligand1296-0
501,MUVNOI__ligand17396-0
502,MUVNOI__ligand5099-0
503,MUVNOI__ligand8592-0
504,MUVNOI__ligand1197-0
505,MUVNOI__ligand11587-0
506,MUVNOI__ligand13220-0
507,MUVNOI__ligand1376-0
508,MUVNOI__ligand5510-0
509,MUVNOI__ligand22444-0
510,MUVNOI__ligand9773-0
511,MUVNOI__ligand24111-0
512,MUVNOI__ligand13385-0
513,MUVNOI__ligand199-0
514,MUVNOI__ligand14569-0
515,MUVNOI__ligand17427-0
516,MUVNOI__ligand5304-0
517,MUVNOI__ligand9167-0
518,MUVNOI__ligand2238-0
519,MUVNOI__ligand29486-0
520,MUVNOI__ligand31694-0
521,MUVNOI__ligand1317-0
522,MUVNOI__ligand3867-0
523,MUVNOI__ligand2822-0
524,MUVNOI__ligand7293-0
525,MUVNOI__ligand1407-0
526,MUVNOI__ligand6117-0
527,MUVNOI__ligand5509-0
528,MUVNOI__ligand8002-0
529,MUVNOI__ligand25561-0
530,MUVNOI__ligand24780-0
531,MUVNOI__ligand324-0
532,MUVNOI__ligand12138-0
533,MUVNOI__ligand361-0
534,MUVNOI__ligand22129-0
535,MUVNOI__ligand409-0
536,MUVNOI__ligand11949-0
537,MUVNOI__ligand7762-0
538,MUVNOI__ligand5080-0
539,MUVNOI__ligand10828-0
540,MUVNOI__ligand9753-0
541,MUVNOI__ligand19792-0
542,MUVNOI__ligand1356-0
543,MUVNOI__ligand1787-0
544,MUVNOI__ligand15926-0
545,MUVNOI__ligand5530-0
546,MUVNOI__ligand694-0
547,MUVNOI__ligand5159-0
548,MUVNOI__ligand24230-0
549,MUVNOI__ligand11447-0
550,MUVNOI__ligand11096-0
551,MUVNOI__ligand28810-0
552,MUVNOI__ligand7196-0
553,MUVNOI__ligand67-0
554,MUVNOI__ligand4807-0
555,MUVNOI__ligand358-0
556,MUVNOI__ligand15883-0
557,MUVNOI__ligand430-0
558,MUVNOI__ligand11970-0
559,MUVNOI__ligand488-0
560,MUVNOI__ligand3178-0
561,MUVNOI__ligand2906-0
562,MUVNOI__ligand21919-0
563,MUVNOI__ligand22294-0
564,MUVNOI__ligand28930-0
565,MUVNOI__ligand22168-0
566,MUVNOI__ligand4711-0
567,MUVNOI__ligand3244-0
568,MUVNOI__ligand15531-0
569,MUVNOI__ligand28743-0
570,MUVNOI__ligand11357-0
571,MUVNOI__ligand13862-0
572,MUVNOI__ligand4649-0
573,MUVNOI__ligand8793-0
574,MUVNOI__ligand2788-0
575,MUVNOI__ligand5649-0
576,MUVNOI__ligand10056-0
577,MUVNOI__ligand12365-0
578,MUVNOI__ligand7092-0
579,MUVNOI__ligand2260-0
580,MUVNOI__ligand3225-0
581,MUVNOI__ligand11994-0
582,MUVNOI__ligand1153-0
583,MUVNOI__ligand1116-0
584,MUVNOI__ligand31842-0
585,MUVNOI__ligand31044-0
586,MUVNOI__ligand2124-0
587,MUVNOI__ligand24035-0
588,MUVNOI__ligand8612-0
589,MUVNOI__ligand670-0
590,MUVNOI__ligand7172-0
591,MUVNOI__ligand14614-0
592,MUVNOI__ligand9323-0
593,MUVNOI__ligand571-0
594,MUVNOI__ligand534-0
595,MUVNOI__ligand7273-0
596,MUVNOI__ligand16663-0
597,MUVNOI__ligand43-0
598,MUVNOI__ligand5180-0
599,MUVNOI__ligand25913-0
600,MUVNOI__ligand16988-0
601,MUVNOI__ligand6017-0
602,MUVNOI__ligand30711-0
603,MUVNOI__ligand20207-0
604,MUVNOI__ligand5708-0
605,MUVNOI__ligand11682-0
606,MUVNOI__ligand7316-0
607,MUVNOI__ligand28459-0
608,MUVNOI__ligand162-0
609,MUVNOI__ligand2043-0
610,MUVNOI__ligand18448-0
611,MUVNOI__ligand12453-0
612,MUVNOI__ligand226-0
613,MUVNOI__ligand1832-0
614,MUVNOI__ligand8788-0
615,MUVNOI__ligand1604-0
616,MUVNOI__ligand416-0
617,MUVNOI__ligand383-0
618,MUVNOI__ligand19184-0
619,MUVNOI__ligand9943-0
620,MUVNOI__ligand1228-0
621,MUVNOI__ligand9284-0
622,MUVNOI__ligand28685-0
623,MUVNOI__ligand18568-0
624,MUVNOI__ligand3126-0
625,MUVNOI__ligand6391-0
626,MUVNOI__ligand13672-0
627,MUVNOI__ligand1114-0
628,MUVNOI__ligand10371-0
629,MUVNOI__ligand2417-0
630,MUVNOI__ligand2203-0
631,MUVNOI__ligand5387-0
632,MUVNOI__ligand1289-0
633,MUVNOI__ligand23197-0
634,MUVNOI__ligand656-0
635,MUVNOI__ligand29029-0
636,MUVNOI__ligand27285-0
637,MUVNOI__ligand27669-0
638,MUVNOI__ligand30142-0
639,MUVNOI__ligand696-0
640,MUVNOI__ligand9450-0
641,MUVNOI__ligand14167-0
642,MUVNOI__ligand13477-0
643,MUVNOI__ligand2612-0
644,MUVNOI__ligand1599-0
645,MUVNOI__ligand2001-0
646,MUVNOI__ligand23445-0
647,MUVNOI__ligand24953-0
648,MUVNOI__ligand16133-0
649,MUVNOI__ligand13755-0
650,MUVNOI__ligand7566-0
651,MUVNOI__ligand27122-0
652,MUVNOI__ligand20432-0
653,MUVNOI__ligand8593-0
654,MUVNOI__ligand384-0
655,MUVNOI__ligand9944-0
656,MUVNOI__ligand21940-0
657,MUVNOI__ligand25048-0
658,MUVNOI__ligand768-0
659,MUVNOI__ligand1113-0
660,MUVNOI__ligand20557-0
661,MUVNOI__ligand8553-0
662,MUVNOI__ligand30004-0
663,MUVNOI__ligand5201-0
664,MUVNOI__ligand5415-0
665,MUVNOI__ligand24624-0
666,MUVNOI__ligand20844-0
667,MUVNOI__ligand18413-0
668,MUVNOI__ligand4124-0
669,MUVNOI__ligand4161-0
670,MUVNOI__ligand3471-0
671,MUVNOI__ligand24560-0
672,MUVNOI__ligand18757-0
673,MUVNOI__ligand240-0
674,MUVNOI__ligand6995-0
675,MUVNOI__ligand141-0
676,MUVNOI__ligand21752-0
677,MUVNOI__ligand2823-0
678,MUVNOI__ligand4340-0
679,MUVNOI__ligand13691-0
680,MUVNOI__ligand2281-0
681,MUVNOI__ligand2650-0
682,MUVNOI__ligand30788-0
683,MUVNOI__ligand3180-0
684,MUVNOI__ligand14339-0
685,MUVNOI__ligand2027-0
686,MUVNOI__ligand16956-0
687,MUVNOI__ligand1050-0
688,MUVNOI__ligand14226-0
689,MUVNOI__ligand21339-0
690,MUVNOI__ligand1015-0
691,MUVNOI__ligand20942-1
692,MUVNOI__ligand693-0
693,MUVNOI__ligand27771-0
694,MUVNOI__ligand18158-0
695,MUVNOI__ligand23682-0
696,MUVNOI__ligand29565-0
697,MUVNOI__ligand14007-0
698,MUVNOI__ligand18019-1
699,MUVNOI__ligand2692-0
700,MUVNOI__ligand1618-0
701,MUVNOI__ligand1028-0
702,MUVNOI__ligand18-0
703,MUVNOI__ligand27550-0
704,MUVNOI__ligand4262-0
705,MUVNOI__ligand11544-0
706,MUVNOI__ligand11501-0
707,MUVNOI__ligand1154-0
708,MUVNOI__ligand9615-0
709,MUVNOI__ligand29214-0
710,MUVNOI__ligand11758-0
711,MUVNOI__ligand22357-0
712,MUVNOI__ligand21448-0
713,MUVNOI__ligand4596-0
714,MUVNOI__ligand1498-0
715,MUVNOI__ligand11798-0
716,MUVNOI__ligand122-0
717,MUVNOI__ligand20731-0
718,MUVNOI__ligand29334-0
719,MUVNOI__ligand12413-0
720,MUVNOI__ligand17445-0
721,MUVNOI__ligand757-0
722,MUVNOI__ligand14477-0
723,MUVNOI__ligand8529-0
724,MUVNOI__ligand17069-0
725,MUVNOI__ligand1169-0
726,MUVNOI__ligand3416-0
727,MUVNOI__ligand3453-0
728,MUVNOI__ligand38-0
729,MUVNOI__ligand4207-0
730,MUVNOI__ligand22353-0
731,MUVNOI__ligand1539-0
732,MUVNOI__ligand845-0
733,MUVNOI__ligand19906-0
734,MUVNOI__ligand19668-0
735,MUVNOI__ligand1150-0
736,MUVNOI__ligand4063-0
737,MUVNOI__ligand8200-0
738,MUVNOI__ligand7438-0
739,MUVNOI__ligand10151-0
740,MUVNOI__ligand126-0
741,MUVNOI__ligand163-0
742,MUVNOI__ligand3042-0
743,MUVNOI__ligand777-0
744,MUVNOI__ligand20121-0
745,MUVNOI__ligand15387-0
746,MUVNOI__ligand7075-0
747,MUVNOI__ligand20220-0
748,MUVNOI__ligand1149-0
749,MUVNOI__ligand3557-0
750,MUVNOI__ligand3980-0
751,MUVNOI__ligand16952-0
752,MUVNOI__ligand1817-0
753,MUVNOI__ligand29813-0
754,MUVNOI__ligand6993-0
755,MUVNOI__ligand1779-0
756,MUVNOI__ligand941-0
757,MUVNOI__ligand596-0
758,MUVNOI__ligand9750-0
759,MUVNOI__ligand9491-0
760,MUVNOI__ligand657-0
761,MUVNOI__ligand10853-0
762,MUVNOI__ligand29441-0
763,MUVNOI__ligand4266-0
764,MUVNOI__ligand1400-0
765,MUVNOI__ligand11479-0
766,MUVNOI__ligand27610-0
767,MUVNOI__ligand10479-0
768,MUVNOI__ligand187-0
769,MUVNOI__ligand4167-0
770,MUVNOI__ligand14302-0
771,MUVNOI__ligand13657-0
772,MUVNOI__ligand14347-0
773,MUVNOI__ligand1288-0
774,MUVNOI__ligand11698-0
775,MUVNOI__ligand366-0
776,MUVNOI__ligand20530-0
777,MUVNOI__ligand24851-0
778,MUVNOI__ligand279-0
779,MUVNOI__ligand7213-0
780,MUVNOI__ligand16603-0
781,MUVNOI__ligand1397-0
782,MUVNOI__ligand1828-0
783,MUVNOI__ligand185-0
784,MUVNOI__ligand178-0
785,MUVNOI__ligand6112-0
786,MUVNOI__ligand11814-0
787,MUVNOI__ligand8042-0
788,MUVNOI__ligand5085-0
789,MUVNOI__ligand3144-0
790,MUVNOI__ligand11622-0
791,MUVNOI__ligand321-0
792,MUVNOI__ligand5755-0
793,MUVNOI__ligand16870-0
794,MUVNOI__ligand4710-0
795,MUVNOI__ligand15455-0
796,MUVNOI__ligand1908-0
797,MUVNOI__ligand3285-0
798,MUVNOI__ligand4795-0
799,MUVNOI__ligand11177-0
800,MUVNOI__ligand31205-0
801,MUVNOI__ligand1786-0
802,MUVNOI__ligand25658-0
803,MUVNOI__ligand17686-0
804,MUVNOI__ligand201-0
805,MUVNOI__ligand5630-0
806,MUVNOI__ligand66-0
807,MUVNOI__ligand13260-0
808,MUVNOI__ligand10582-0
809,MUVNOI__ligand11252-0
810,MUVNOI__ligand338-0
811,MUVNOI__ligand1831-0
812,MUVNOI__ligand5614-0
813,MUVNOI__ligand42-0
814,MUVNOI__ligand5280-0
815,MUVNOI__ligand18067-0
816,MUVNOI__ligand19824-0
817,MUVNOI__ligand6663-0
818,MUVNOI__ligand5515-0
819,MUVNOI__ligand20821-0
820,MUVNOI__ligand1849-0
821,MUVNOI__ligand26673-0
822,MUVNOI__ligand3261-0
823,MUVNOI__ligand1152-0
824,MUVNOI__ligand31000-0
825,MUVNOI__ligand5019-0
826,MUVNOI__ligand1216-0
827,MUVNOI__ligand11606-0
