,TMC
0,TIPYEW__ligand11177-0
1,TIPYEW__ligand1768-0
2,TIPYEW__ligand3871-0
3,TIPYEW__ligand15455-0
4,TIPYEW__ligand1469-0
5,TIPYEW__ligand1688-0
6,TIPYEW__ligand3647-0
7,TIPYEW__ligand5357-0
8,TIPYEW__ligand868-0
9,TIPYEW__ligand31205-0
10,TIPYEW__ligand4850-0
11,TIPYEW__ligand25658-0
12,TIPYEW__ligand17686-0
13,TIPYEW__ligand5056-0
14,TIPYEW__ligand1165-0
15,TIPYEW__ligand11814-0
16,TIPYEW__ligand9525-0
17,TIPYEW__ligand352-0
18,TIPYEW__ligand783-0
19,TIPYEW__ligand16603-0
20,TIPYEW__ligand3157-0
21,TIPYEW__ligand1379-0
22,TIPYEW__ligand2722-0
23,TIPYEW__ligand16870-0
24,TIPYEW__ligand5935-0
25,TIPYEW__ligand11622-0
26,TIPYEW__ligand26673-0
27,TIPYEW__ligand20821-0
28,TIPYEW__ligand5849-0
29,TIPYEW__ligand4911-0
30,TIPYEW__ligand11606-0
31,TIPYEW__ligand1771-0
32,TIPYEW__ligand197-0
33,TIPYEW__ligand3392-0
34,TIPYEW__ligand31000-0
35,TIPYEW__ligand11252-0
36,TIPYEW__ligand8464-0
37,TIPYEW__ligand1709-0
38,TIPYEW__ligand13260-0
39,TIPYEW__ligand8349-0
40,TIPYEW__ligand10582-0
41,TIPYEW__ligand2527-0
42,TIPYEW__ligand18067-0
43,TIPYEW__ligand19824-0
44,TIPYEW__ligand3350-0
45,TIPYEW__ligand2781-0
46,TIPYEW__ligand10151-0
47,TIPYEW__ligand43-0
48,TIPYEW__ligand7573-0
49,TIPYEW__ligand1327-0
50,TIPYEW__ligand9809-0
51,TIPYEW__ligand6672-0
52,TIPYEW__ligand685-0
53,TIPYEW__ligand8722-0
54,TIPYEW__ligand421-0
55,TIPYEW__ligand2208-0
56,TIPYEW__ligand3208-0
57,TIPYEW__ligand1900-0
58,TIPYEW__ligand9197-0
59,TIPYEW__ligand22353-0
60,TIPYEW__ligand3029-0
61,TIPYEW__ligand19906-0
62,TIPYEW__ligand7162-0
63,TIPYEW__ligand19668-0
64,TIPYEW__ligand2328-0
65,TIPYEW__ligand294-0
66,TIPYEW__ligand4581-0
67,TIPYEW__ligand1773-0
68,TIPYEW__ligand11479-0
69,TIPYEW__ligand10479-0
70,TIPYEW__ligand27610-0
71,TIPYEW__ligand5892-0
72,TIPYEW__ligand5094-0
73,TIPYEW__ligand10853-0
74,TIPYEW__ligand29441-0
75,TIPYEW__ligand1712-0
76,TIPYEW__ligand4131-0
77,TIPYEW__ligand24851-0
78,TIPYEW__ligand560-0
79,TIPYEW__ligand13657-0
80,TIPYEW__ligand14347-0
81,TIPYEW__ligand14302-0
82,TIPYEW__ligand11698-0
83,TIPYEW__ligand20530-0
84,TIPYEW__ligand20220-0
85,TIPYEW__ligand235-0
86,TIPYEW__ligand20121-0
87,TIPYEW__ligand1496-0
88,TIPYEW__ligand15387-0
89,TIPYEW__ligand134-0
90,TIPYEW__ligand67-0
91,TIPYEW__ligand7557-0
92,TIPYEW__ligand16952-0
93,TIPYEW__ligand1533-0
94,TIPYEW__ligand29813-0
95,TIPYEW__ligand7107-0
96,TIPYEW__ligand564-0
97,TIPYEW__ligand620-0
98,TIPYEW__ligand14007-0
99,TIPYEW__ligand370-1
100,TIPYEW__ligand18019-1
101,TIPYEW__ligand27550-0
102,TIPYEW__ligand3215-0
103,TIPYEW__ligand479-0
104,TIPYEW__ligand785-0
105,TIPYEW__ligand311-0
106,TIPYEW__ligand14226-0
107,TIPYEW__ligand21339-0
108,TIPYEW__ligand6062-0
109,TIPYEW__ligand16956-0
110,TIPYEW__ligand20942-1
111,TIPYEW__ligand4813-0
112,TIPYEW__ligand5813-0
113,TIPYEW__ligand4738-0
114,TIPYEW__ligand23682-0
115,TIPYEW__ligand29565-0
116,TIPYEW__ligand188-0
117,TIPYEW__ligand27771-0
118,TIPYEW__ligand6283-0
119,TIPYEW__ligand18158-0
120,TIPYEW__ligand20731-0
121,TIPYEW__ligand29334-0
122,TIPYEW__ligand12413-0
123,TIPYEW__ligand2599-0
124,TIPYEW__ligand11798-0
125,TIPYEW__ligand4330-0
126,TIPYEW__ligand14477-0
127,TIPYEW__ligand4194-0
128,TIPYEW__ligand250-0
129,TIPYEW__ligand17069-0
130,TIPYEW__ligand7532-0
131,TIPYEW__ligand17445-0
132,TIPYEW__ligand29214-0
133,TIPYEW__ligand2068-0
134,TIPYEW__ligand7925-0
135,TIPYEW__ligand11501-0
136,TIPYEW__ligand11544-0
137,TIPYEW__ligand370-0
138,TIPYEW__ligand3973-0
139,TIPYEW__ligand21448-0
140,TIPYEW__ligand1147-0
141,TIPYEW__ligand11758-0
142,TIPYEW__ligand22357-0
143,TIPYEW__ligand193-0
144,TIPYEW__ligand30004-0
145,TIPYEW__ligand20557-0
146,TIPYEW__ligand2403-0
147,TIPYEW__ligand78-0
148,TIPYEW__ligand830-0
149,TIPYEW__ligand6455-0
150,TIPYEW__ligand6882-0
151,TIPYEW__ligand372-0
152,TIPYEW__ligand3934-0
153,TIPYEW__ligand4332-0
154,TIPYEW__ligand16133-0
155,TIPYEW__ligand13755-0
156,TIPYEW__ligand27122-0
157,TIPYEW__ligand20432-0
158,TIPYEW__ligand24953-0
159,TIPYEW__ligand23445-0
160,TIPYEW__ligand9681-0
161,TIPYEW__ligand21940-0
162,TIPYEW__ligand1065-0
163,TIPYEW__ligand116-0
164,TIPYEW__ligand7530-0
165,TIPYEW__ligand25048-0
166,TIPYEW__ligand45-0
167,TIPYEW__ligand1449-0
168,TIPYEW__ligand3012-0
169,TIPYEW__ligand252-0
170,TIPYEW__ligand21752-0
171,TIPYEW__ligand5483-0
172,TIPYEW__ligand5316-0
173,TIPYEW__ligand2830-0
174,TIPYEW__ligand14339-0
175,TIPYEW__ligand13691-0
176,TIPYEW__ligand24-0
177,TIPYEW__ligand30788-0
178,TIPYEW__ligand177-0
179,TIPYEW__ligand5627-0
180,TIPYEW__ligand1729-0
181,TIPYEW__ligand909-0
182,TIPYEW__ligand7529-0
183,TIPYEW__ligand19-0
184,TIPYEW__ligand6946-0
185,TIPYEW__ligand1415-0
186,TIPYEW__ligand9148-0
187,TIPYEW__ligand24560-0
188,TIPYEW__ligand18757-0
189,TIPYEW__ligand24624-0
190,TIPYEW__ligand18413-0
191,TIPYEW__ligand20844-0
192,TIPYEW__ligand8835-0
193,TIPYEW__ligand2028-0
194,TIPYEW__ligand7126-0
195,TIPYEW__ligand13672-0
196,TIPYEW__ligand314-1
197,TIPYEW__ligand18568-0
198,TIPYEW__ligand28685-0
199,TIPYEW__ligand3234-0
200,TIPYEW__ligand1142-0
201,TIPYEW__ligand10371-0
202,TIPYEW__ligand465-0
203,TIPYEW__ligand28459-0
204,TIPYEW__ligand12453-0
205,TIPYEW__ligand18448-0
206,TIPYEW__ligand4641-0
207,TIPYEW__ligand42-0
208,TIPYEW__ligand19184-0
209,TIPYEW__ligand14167-0
210,TIPYEW__ligand13477-0
211,TIPYEW__ligand391-0
212,TIPYEW__ligand6067-0
213,TIPYEW__ligand1577-0
214,TIPYEW__ligand2295-0
215,TIPYEW__ligand27669-0
216,TIPYEW__ligand30142-0
217,TIPYEW__ligand618-0
218,TIPYEW__ligand4620-0
219,TIPYEW__ligand66-0
220,TIPYEW__ligand3465-0
221,TIPYEW__ligand23197-0
222,TIPYEW__ligand6596-0
223,TIPYEW__ligand6904-0
224,TIPYEW__ligand3721-0
225,TIPYEW__ligand6102-0
226,TIPYEW__ligand29029-0
227,TIPYEW__ligand7819-0
228,TIPYEW__ligand27285-0
229,TIPYEW__ligand2917-0
230,TIPYEW__ligand314-0
231,TIPYEW__ligand780-0
232,TIPYEW__ligand813-0
233,TIPYEW__ligand1378-0
234,TIPYEW__ligand22294-0
235,TIPYEW__ligand22168-0
236,TIPYEW__ligand28930-0
237,TIPYEW__ligand6244-0
238,TIPYEW__ligand21919-0
239,TIPYEW__ligand12365-0
240,TIPYEW__ligand10056-0
241,TIPYEW__ligand28743-0
242,TIPYEW__ligand2915-0
243,TIPYEW__ligand353-0
244,TIPYEW__ligand15531-0
245,TIPYEW__ligand3156-0
246,TIPYEW__ligand11357-0
247,TIPYEW__ligand13862-0
248,TIPYEW__ligand9933-0
249,TIPYEW__ligand24230-0
250,TIPYEW__ligand1530-0
251,TIPYEW__ligand11447-0
252,TIPYEW__ligand11096-0
253,TIPYEW__ligand1575-0
254,TIPYEW__ligand28810-0
255,TIPYEW__ligand10828-0
256,TIPYEW__ligand19792-0
257,TIPYEW__ligand1631-0
258,TIPYEW__ligand15926-0
259,TIPYEW__ligand393-0
260,TIPYEW__ligand11970-0
261,TIPYEW__ligand2332-0
262,TIPYEW__ligand9441-0
263,TIPYEW__ligand15883-0
264,TIPYEW__ligand1615-0
265,TIPYEW__ligand5036-0
266,TIPYEW__ligand2526-0
267,TIPYEW__ligand25913-0
268,TIPYEW__ligand16988-0
269,TIPYEW__ligand422-0
270,TIPYEW__ligand9111-0
271,TIPYEW__ligand9952-0
272,TIPYEW__ligand8721-0
273,TIPYEW__ligand20207-0
274,TIPYEW__ligand30711-0
275,TIPYEW__ligand11682-0
276,TIPYEW__ligand1324-0
277,TIPYEW__ligand686-0
278,TIPYEW__ligand1823-0
279,TIPYEW__ligand5643-0
280,TIPYEW__ligand4116-0
281,TIPYEW__ligand24035-0
282,TIPYEW__ligand1018-0
283,TIPYEW__ligand38-0
284,TIPYEW__ligand196-0
285,TIPYEW__ligand7967-0
286,TIPYEW__ligand3707-0
287,TIPYEW__ligand11994-0
288,TIPYEW__ligand6124-0
289,TIPYEW__ligand31044-0
290,TIPYEW__ligand31842-0
291,TIPYEW__ligand9601-0
292,TIPYEW__ligand16663-0
293,TIPYEW__ligand8992-0
294,TIPYEW__ligand14614-0
295,TIPYEW__ligand11587-0
296,TIPYEW__ligand13220-0
297,TIPYEW__ligand152-0
298,TIPYEW__ligand15788-0
299,TIPYEW__ligand23175-0
300,TIPYEW__ligand4503-0
301,TIPYEW__ligand4546-0
302,TIPYEW__ligand17396-0
303,TIPYEW__ligand1982-0
304,TIPYEW__ligand13385-0
305,TIPYEW__ligand7000-0
306,TIPYEW__ligand8115-0
307,TIPYEW__ligand6768-0
308,TIPYEW__ligand14569-0
309,TIPYEW__ligand1285-0
310,TIPYEW__ligand22444-0
311,TIPYEW__ligand24111-0
312,TIPYEW__ligand24644-0
313,TIPYEW__ligand10033-0
314,TIPYEW__ligand2232-0
315,TIPYEW__ligand9291-0
316,TIPYEW__ligand2176-0
317,TIPYEW__ligand12001-0
318,TIPYEW__ligand30728-0
319,TIPYEW__ligand5256-0
320,TIPYEW__ligand506-0
321,TIPYEW__ligand9833-0
322,TIPYEW__ligand8876-0
323,TIPYEW__ligand2828-0
324,TIPYEW__ligand27840-0
325,TIPYEW__ligand7648-0
326,TIPYEW__ligand4157-0
327,TIPYEW__ligand24872-0
328,TIPYEW__ligand4093-0
329,TIPYEW__ligand4442-0
330,TIPYEW__ligand3954-0
331,TIPYEW__ligand8-0
332,TIPYEW__ligand25561-0
333,TIPYEW__ligand487-0
334,TIPYEW__ligand8699-0
335,TIPYEW__ligand1160-0
336,TIPYEW__ligand9520-0
337,TIPYEW__ligand11949-0
338,TIPYEW__ligand9784-0
339,TIPYEW__ligand18-0
340,TIPYEW__ligand24780-0
341,TIPYEW__ligand7629-0
342,TIPYEW__ligand12138-0
343,TIPYEW__ligand22129-0
344,TIPYEW__ligand1451-0
345,TIPYEW__ligand4272-0
346,TIPYEW__ligand1790-0
347,TIPYEW__ligand1304-0
348,TIPYEW__ligand7280-0
349,TIPYEW__ligand176-0
350,TIPYEW__ligand17427-0
351,TIPYEW__ligand7238-0
352,TIPYEW__ligand31694-0
353,TIPYEW__ligand4016-0
354,TIPYEW__ligand746-0
355,TIPYEW__ligand6709-0
356,TIPYEW__ligand1219-0
357,TIPYEW__ligand29486-0
358,TIPYEW__ligand7867-0
359,TIPYEW__ligand447-0
360,TIPYEW__ligand11618-0
361,TIPYEW__ligand4661-0
362,TIPYEW__ligand1844-0
363,TIPYEW__ligand3718-0
364,TIPYEW__ligand3035-0
365,TIPYEW__ligand1343-0
366,TIPYEW__ligand3876-0
367,TIPYEW__ligand6616-0
368,TIPYEW__ligand1536-0
369,TIPYEW__ligand1573-0
370,TIPYEW__ligand368-0
371,TIPYEW__ligand9935-0
372,TIPYEW__ligand3504-0
373,TIPYEW__ligand26529-0
374,TIPYEW__ligand395-0
375,TIPYEW__ligand1959-0
376,TIPYEW__ligand27239-0
377,TIPYEW__ligand21729-0
378,TIPYEW__ligand784-0
379,TIPYEW__ligand9908-0
380,TIPYEW__ligand1263-0
381,TIPYEW__ligand7106-0
382,TIPYEW__ligand19927-0
383,TIPYEW__ligand7242-0
384,TIPYEW__ligand14043-0
385,TIPYEW__ligand26324-0
386,TIPYEW__ligand28559-0
387,TIPYEW__ligand8969-0
388,TIPYEW__ligand12003-0
389,TIPYEW__ligand3937-0
390,TIPYEW__ligand1202-0
391,TIPYEW__ligand3174-0
392,TIPYEW__ligand3131-0
393,TIPYEW__ligand6839-0
394,TIPYEW__ligand26631-0
395,TIPYEW__ligand16148-0
396,TIPYEW__ligand10872-0
397,TIPYEW__ligand833-0
398,TIPYEW__ligand21399-0
399,TIPYEW__ligand4720-0
400,TIPYEW__ligand29215-0
401,TIPYEW__ligand4155-0
402,TIPYEW__ligand3094-0
403,TIPYEW__ligand5211-0
404,TIPYEW__ligand3852-0
405,TIPYEW__ligand2485-0
406,TIPYEW__ligand27754-0
407,TIPYEW__ligand20695-0
408,TIPYEW__ligand6919-0
409,TIPYEW__ligand11111-0
410,TIPYEW__ligand28540-0
411,TIPYEW__ligand115-0
412,TIPYEW__ligand16369-0
413,TIPYEW__ligand22403-0
414,TIPYEW__ligand3565-0
415,TIPYEW__ligand1512-0
416,TIPYEW__ligand5331-0
417,TIPYEW__ligand17398-0
418,TIPYEW__ligand11675-0
419,TIPYEW__ligand20598-0
420,TIPYEW__ligand8793-0
421,TIPYEW__ligand10589-0
422,TIPYEW__ligand22557-0
423,TIPYEW__ligand5649-0
424,TIPYEW__ligand2788-0
425,TIPYEW__ligand24047-0
426,TIPYEW__ligand4649-0
427,TIPYEW__ligand17278-0
428,TIPYEW__ligand20011-0
429,TIPYEW__ligand29414-0
430,TIPYEW__ligand4711-0
431,TIPYEW__ligand3244-0
432,TIPYEW__ligand17982-0
433,TIPYEW__ligand2906-0
434,TIPYEW__ligand3178-0
435,TIPYEW__ligand338-0
436,TIPYEW__ligand20251-1
437,TIPYEW__ligand4807-0
438,TIPYEW__ligand5159-0
439,TIPYEW__ligand32-0
440,TIPYEW__ligand7196-0
441,TIPYEW__ligand16475-0
442,TIPYEW__ligand14703-0
443,TIPYEW__ligand9753-0
444,TIPYEW__ligand5530-0
445,TIPYEW__ligand1787-0
446,TIPYEW__ligand1356-0
447,TIPYEW__ligand5708-0
448,TIPYEW__ligand17261-0
449,TIPYEW__ligand7316-0
450,TIPYEW__ligand14117-0
451,TIPYEW__ligand6017-0
452,TIPYEW__ligand201-0
453,TIPYEW__ligand5180-0
454,TIPYEW__ligand20539-0
455,TIPYEW__ligand20214-0
456,TIPYEW__ligand30702-0
457,TIPYEW__ligand20251-0
458,TIPYEW__ligand16-0
459,TIPYEW__ligand31097-0
460,TIPYEW__ligand21581-0
461,TIPYEW__ligand178-0
462,TIPYEW__ligand9323-0
463,TIPYEW__ligand29568-0
464,TIPYEW__ligand7273-0
465,TIPYEW__ligand30851-0
466,TIPYEW__ligand279-0
467,TIPYEW__ligand14889-0
468,TIPYEW__ligand7172-0
469,TIPYEW__ligand185-0
470,TIPYEW__ligand2124-0
471,TIPYEW__ligand20419-0
472,TIPYEW__ligand321-0
473,TIPYEW__ligand17118-0
474,TIPYEW__ligand8612-0
475,TIPYEW__ligand21371-0
476,TIPYEW__ligand1153-0
477,TIPYEW__ligand3225-0
478,TIPYEW__ligand1116-0
479,TIPYEW__ligand7092-0
480,TIPYEW__ligand2260-0
481,TIPYEW__ligand28789-0
482,TIPYEW__ligand91-0
483,TIPYEW__ligand187-0
484,TIPYEW__ligand27482-0
485,TIPYEW__ligand26810-0
486,TIPYEW__ligand657-0
487,TIPYEW__ligand2417-0
488,TIPYEW__ligand13208-0
489,TIPYEW__ligand1114-0
490,TIPYEW__ligand9284-0
491,TIPYEW__ligand6391-0
492,TIPYEW__ligand3126-0
493,TIPYEW__ligand366-0
494,TIPYEW__ligand4-0
495,TIPYEW__ligand13390-0
496,TIPYEW__ligand1228-0
497,TIPYEW__ligand9943-0
498,TIPYEW__ligand777-0
499,TIPYEW__ligand1604-0
500,TIPYEW__ligand941-0
501,TIPYEW__ligand596-0
502,TIPYEW__ligand51-0
503,TIPYEW__ligand8788-0
504,TIPYEW__ligand1832-0
505,TIPYEW__ligand20682-0
506,TIPYEW__ligand2043-0
507,TIPYEW__ligand1599-0
508,TIPYEW__ligand10712-0
509,TIPYEW__ligand14174-0
510,TIPYEW__ligand2612-0
511,TIPYEW__ligand11456-0
512,TIPYEW__ligand25411-0
513,TIPYEW__ligand126-0
514,TIPYEW__ligand163-0
515,TIPYEW__ligand9450-0
516,TIPYEW__ligand48-0
517,TIPYEW__ligand31832-0
518,TIPYEW__ligand13294-0
519,TIPYEW__ligand12030-0
520,TIPYEW__ligand14248-0
521,TIPYEW__ligand29879-0
522,TIPYEW__ligand13331-0
523,TIPYEW__ligand28884-0
524,TIPYEW__ligand2203-0
525,TIPYEW__ligand5387-0
526,TIPYEW__ligand845-0
527,TIPYEW__ligand1289-0
528,TIPYEW__ligand34-0
529,TIPYEW__ligand122-0
530,TIPYEW__ligand3677-1
531,TIPYEW__ligand9883-0
532,TIPYEW__ligand28676-0
533,TIPYEW__ligand10262-0
534,TIPYEW__ligand7291-0
535,TIPYEW__ligand27763-0
536,TIPYEW__ligand19057-0
537,TIPYEW__ligand18814-0
538,TIPYEW__ligand9299-0
539,TIPYEW__ligand2985-0
540,TIPYEW__ligand757-0
541,TIPYEW__ligand4007-0
542,TIPYEW__ligand29302-0
543,TIPYEW__ligand13425-0
544,TIPYEW__ligand2693-0
545,TIPYEW__ligand5383-0
546,TIPYEW__ligand14108-0
547,TIPYEW__ligand3945-0
548,TIPYEW__ligand8000-0
549,TIPYEW__ligand3736-0
550,TIPYEW__ligand12641-0
551,TIPYEW__ligand10958-0
552,TIPYEW__ligand9344-0
553,TIPYEW__ligand24185-0
554,TIPYEW__ligand23769-0
555,TIPYEW__ligand1211-0
556,TIPYEW__ligand6892-0
557,TIPYEW__ligand25178-0
558,TIPYEW__ligand17302-0
559,TIPYEW__ligand2881-0
560,TIPYEW__ligand68-0
561,TIPYEW__ligand1499-0
562,TIPYEW__ligand3712-0
563,TIPYEW__ligand1464-0
564,TIPYEW__ligand17805-0
565,TIPYEW__ligand26702-0
566,TIPYEW__ligand13658-0
567,TIPYEW__ligand18292-0
568,TIPYEW__ligand12289-0
569,TIPYEW__ligand17387-0
570,TIPYEW__ligand693-0
571,TIPYEW__ligand12130-0
572,TIPYEW__ligand6699-0
573,TIPYEW__ligand12231-0
574,TIPYEW__ligand55-0
575,TIPYEW__ligand12401-0
576,TIPYEW__ligand15585-0
577,TIPYEW__ligand1294-0
578,TIPYEW__ligand24145-0
579,TIPYEW__ligand1168-0
580,TIPYEW__ligand10476-0
581,TIPYEW__ligand3632-0
582,TIPYEW__ligand3677-0
583,TIPYEW__ligand13068-0
584,TIPYEW__ligand19830-0
585,TIPYEW__ligand57-0
586,TIPYEW__ligand141-0
587,TIPYEW__ligand14723-0
588,TIPYEW__ligand27893-0
589,TIPYEW__ligand12934-0
590,TIPYEW__ligand20578-0
591,TIPYEW__ligand5510-0
592,TIPYEW__ligand240-0
593,TIPYEW__ligand15422-0
594,TIPYEW__ligand1376-0
595,TIPYEW__ligand19641-0
596,TIPYEW__ligand9773-0
597,TIPYEW__ligand23713-0
598,TIPYEW__ligand27175-0
599,TIPYEW__ligand5099-0
600,TIPYEW__ligand18832-0
601,TIPYEW__ligand8592-0
602,TIPYEW__ligand1197-0
603,TIPYEW__ligand2259-0
604,TIPYEW__ligand30988-0
605,TIPYEW__ligand1296-0
606,TIPYEW__ligand14603-0
607,TIPYEW__ligand14297-0
608,TIPYEW__ligand2221-0
609,TIPYEW__ligand17258-0
610,TIPYEW__ligand13012-0
611,TIPYEW__ligand3120-0
612,TIPYEW__ligand3926-0
613,TIPYEW__ligand17631-0
614,TIPYEW__ligand4358-0
615,TIPYEW__ligand26665-0
616,TIPYEW__ligand31783-0
617,TIPYEW__ligand4101-0
618,TIPYEW__ligand5595-0
619,TIPYEW__ligand30296-0
620,TIPYEW__ligand7762-0
621,TIPYEW__ligand17281-0
622,TIPYEW__ligand5080-0
623,TIPYEW__ligand768-0
624,TIPYEW__ligand26540-0
625,TIPYEW__ligand29410-0
626,TIPYEW__ligand12337-0
627,TIPYEW__ligand30333-0
628,TIPYEW__ligand6117-0
629,TIPYEW__ligand1407-0
630,TIPYEW__ligand12606-0
631,TIPYEW__ligand5509-0
632,TIPYEW__ligand8002-0
633,TIPYEW__ligand2822-0
634,TIPYEW__ligand7293-0
635,TIPYEW__ligand1317-0
636,TIPYEW__ligand3867-0
637,TIPYEW__ligand27460-0
638,TIPYEW__ligand12427-0
639,TIPYEW__ligand384-0
640,TIPYEW__ligand28468-0
641,TIPYEW__ligand20740-0
642,TIPYEW__ligand2238-0
643,TIPYEW__ligand5304-0
644,TIPYEW__ligand16628-0
645,TIPYEW__ligand9167-0
646,TIPYEW__ligand25735-0
647,TIPYEW__ligand12519-0
648,TIPYEW__ligand23124-0
649,TIPYEW__ligand696-0
650,TIPYEW__ligand11206-0
651,TIPYEW__ligand3042-0
652,TIPYEW__ligand4063-0
653,TIPYEW__ligand7438-0
654,TIPYEW__ligand8200-0
655,TIPYEW__ligand25650-0
656,TIPYEW__ligand31248-0
657,TIPYEW__ligand1150-0
658,TIPYEW__ligand1539-0
659,TIPYEW__ligand4207-0
660,TIPYEW__ligand12660-0
661,TIPYEW__ligand3416-0
662,TIPYEW__ligand3453-0
663,TIPYEW__ligand656-0
664,TIPYEW__ligand13209-0
665,TIPYEW__ligand19257-0
666,TIPYEW__ligand25689-0
667,TIPYEW__ligand25575-0
668,TIPYEW__ligand21787-0
669,TIPYEW__ligand1288-0
670,TIPYEW__ligand49-0
671,TIPYEW__ligand4167-0
672,TIPYEW__ligand27835-0
673,TIPYEW__ligand9491-0
674,TIPYEW__ligand4266-0
675,TIPYEW__ligand1400-0
676,TIPYEW__ligand12295-0
677,TIPYEW__ligand226-0
678,TIPYEW__ligand9750-0
679,TIPYEW__ligand23906-0
680,TIPYEW__ligand89-0
681,TIPYEW__ligand162-0
682,TIPYEW__ligand1817-0
683,TIPYEW__ligand11166-0
684,TIPYEW__ligand6993-0
685,TIPYEW__ligand21132-0
686,TIPYEW__ligand1779-0
687,TIPYEW__ligand1149-0
688,TIPYEW__ligand383-0
689,TIPYEW__ligand30539-0
690,TIPYEW__ligand3557-0
691,TIPYEW__ligand3980-0
692,TIPYEW__ligand416-0
693,TIPYEW__ligand7075-0
694,TIPYEW__ligand21936-0
695,TIPYEW__ligand5630-0
696,TIPYEW__ligand13257-0
697,TIPYEW__ligand23904-0
698,TIPYEW__ligand1786-0
699,TIPYEW__ligand10084-0
700,TIPYEW__ligand4795-0
701,TIPYEW__ligand3285-0
702,TIPYEW__ligand25267-0
703,TIPYEW__ligand12467-0
704,TIPYEW__ligand1908-0
705,TIPYEW__ligand4710-0
706,TIPYEW__ligand5755-0
707,TIPYEW__ligand18391-0
708,TIPYEW__ligand3144-0
709,TIPYEW__ligand14523-0
710,TIPYEW__ligand27169-0
711,TIPYEW__ligand5085-0
712,TIPYEW__ligand6112-0
713,TIPYEW__ligand571-0
714,TIPYEW__ligand534-0
715,TIPYEW__ligand27074-0
716,TIPYEW__ligand8042-0
717,TIPYEW__ligand1397-0
718,TIPYEW__ligand670-0
719,TIPYEW__ligand7213-0
720,TIPYEW__ligand20599-0
721,TIPYEW__ligand22981-0
722,TIPYEW__ligand25805-0
723,TIPYEW__ligand1828-0
724,TIPYEW__ligand1216-0
725,TIPYEW__ligand3261-0
726,TIPYEW__ligand1152-0
727,TIPYEW__ligand18799-0
728,TIPYEW__ligand18465-0
729,TIPYEW__ligand5019-0
730,TIPYEW__ligand1849-0
731,TIPYEW__ligand16791-0
732,TIPYEW__ligand28668-0
733,TIPYEW__ligand5515-0
734,TIPYEW__ligand694-0
735,TIPYEW__ligand6663-0
736,TIPYEW__ligand29610-0
737,TIPYEW__ligand5614-0
738,TIPYEW__ligand17-0
739,TIPYEW__ligand5280-0
740,TIPYEW__ligand1831-0
741,TIPYEW__ligand11140-0
742,TIPYEW__ligand488-0
743,TIPYEW__ligand13869-0
744,TIPYEW__ligand358-0
745,TIPYEW__ligand18074-0
746,TIPYEW__ligand430-0
747,TIPYEW__ligand29863-0
748,TIPYEW__ligand31483-0
749,TIPYEW__ligand5201-0
750,TIPYEW__ligand10555-0
751,TIPYEW__ligand1113-0
752,TIPYEW__ligand8553-0
753,TIPYEW__ligand24613-0
754,TIPYEW__ligand324-0
755,TIPYEW__ligand361-0
756,TIPYEW__ligand409-0
757,TIPYEW__ligand19725-0
758,TIPYEW__ligand21421-0
759,TIPYEW__ligand9944-0
760,TIPYEW__ligand8593-0
761,TIPYEW__ligand3-0
762,TIPYEW__ligand14586-0
763,TIPYEW__ligand11774-0
764,TIPYEW__ligand7566-0
765,TIPYEW__ligand2001-0
766,TIPYEW__ligand17710-0
767,TIPYEW__ligand20579-0
768,TIPYEW__ligand11568-0
769,TIPYEW__ligand17240-0
770,TIPYEW__ligand3180-0
771,TIPYEW__ligand2650-0
772,TIPYEW__ligand2281-0
773,TIPYEW__ligand17590-0
774,TIPYEW__ligand4340-0
775,TIPYEW__ligand199-0
776,TIPYEW__ligand2823-0
777,TIPYEW__ligand18699-0
778,TIPYEW__ligand12682-0
779,TIPYEW__ligand6995-0
780,TIPYEW__ligand4124-0
781,TIPYEW__ligand3471-0
782,TIPYEW__ligand4161-0
783,TIPYEW__ligand588-0
784,TIPYEW__ligand13072-0
785,TIPYEW__ligand300-0
786,TIPYEW__ligand5415-0
787,TIPYEW__ligand12336-0
788,TIPYEW__ligand15438-0
789,TIPYEW__ligand4262-0
790,TIPYEW__ligand28924-0
791,TIPYEW__ligand1028-0
792,TIPYEW__ligand633-0
793,TIPYEW__ligand29087-0
794,TIPYEW__ligand2692-0
795,TIPYEW__ligand497-0
796,TIPYEW__ligand1618-0
797,TIPYEW__ligand18703-0
798,TIPYEW__ligand25224-0
799,TIPYEW__ligand18013-0
800,TIPYEW__ligand17945-0
801,TIPYEW__ligand17207-0
802,TIPYEW__ligand31578-0
803,TIPYEW__ligand1050-0
804,TIPYEW__ligand1015-0
805,TIPYEW__ligand24750-0
806,TIPYEW__ligand2027-0
807,TIPYEW__ligand8529-0
808,TIPYEW__ligand29898-0
809,TIPYEW__ligand1169-0
810,TIPYEW__ligand26277-0
811,TIPYEW__ligand436-0
812,TIPYEW__ligand10432-0
813,TIPYEW__ligand11432-0
814,TIPYEW__ligand31618-0
815,TIPYEW__ligand1-0
816,TIPYEW__ligand22755-0
817,TIPYEW__ligand692-0
818,TIPYEW__ligand11-0
819,TIPYEW__ligand4596-0
820,TIPYEW__ligand69-0
821,TIPYEW__ligand1498-0
822,TIPYEW__ligand24064-0
823,TIPYEW__ligand23589-0
824,TIPYEW__ligand9615-0
825,TIPYEW__ligand326-0
826,TIPYEW__ligand15168-0
827,TIPYEW__ligand1154-0
