,TMC
0,JUCLEA__ligand5334-0
1,JUCLEA__ligand830-0
2,JUCLEA__ligand193-0
3,JUCLEA__ligand2315-0
4,JUCLEA__ligand1898-0
5,JUCLEA__ligand2480-0
6,JUCLEA__ligand3051-0
7,JUCLEA__ligand4504-0
8,JUCLEA__ligand8032-0
9,JUCLEA__ligand955-0
10,JUCLEA__ligand252-0
11,JUCLEA__ligand1858-0
12,JUCLEA__ligand10357-0
13,JUCLEA__ligand1712-0
14,JUCLEA__ligand15630-0
15,JUCLEA__ligand177-0
16,JUCLEA__ligand934-0
17,JUCLEA__ligand11-0
18,JUCLEA__ligand2110-0
19,JUCLEA__ligand2916-0
20,JUCLEA__ligand3579-0
21,JUCLEA__ligand1919-0
22,JUCLEA__ligand851-0
23,JUCLEA__ligand909-0
24,JUCLEA__ligand2389-0
25,JUCLEA__ligand2929-0
26,JUCLEA__ligand311-0
27,JUCLEA__ligand2376-0
28,JUCLEA__ligand1379-0
29,JUCLEA__ligand188-0
30,JUCLEA__ligand444-0
31,JUCLEA__ligand1299-0
32,JUCLEA__ligand6430-0
33,JUCLEA__ligand369-0
34,JUCLEA__ligand1264-0
35,JUCLEA__ligand1221-0
36,JUCLEA__ligand1019-0
37,JUCLEA__ligand250-0
38,JUCLEA__ligand2442-0
39,JUCLEA__ligand1104-0
40,JUCLEA__ligand5762-0
41,JUCLEA__ligand7414-0
42,JUCLEA__ligand460-0
43,JUCLEA__ligand370-0
44,JUCLEA__ligand2482-0
45,JUCLEA__ligand1325-0
46,JUCLEA__ligand6571-0
47,JUCLEA__ligand798-0
48,JUCLEA__ligand421-0
49,JUCLEA__ligand1788-0
50,JUCLEA__ligand916-0
51,JUCLEA__ligand584-0
52,JUCLEA__ligand993-0
53,JUCLEA__ligand1321-0
54,JUCLEA__ligand294-0
55,JUCLEA__ligand331-0
56,JUCLEA__ligand1178-0
57,JUCLEA__ligand3566-0
58,JUCLEA__ligand109-0
59,JUCLEA__ligand525-0
60,JUCLEA__ligand560-0
61,JUCLEA__ligand7514-0
62,JUCLEA__ligand3337-0
63,JUCLEA__ligand92-0
64,JUCLEA__ligand1449-1
65,JUCLEA__ligand4811-0
66,JUCLEA__ligand9620-0
67,JUCLEA__ligand390-0
68,JUCLEA__ligand4894-0
69,JUCLEA__ligand1260-0
70,JUCLEA__ligand235-0
71,JUCLEA__ligand17-0
72,JUCLEA__ligand134-0
73,JUCLEA__ligand932-0
74,JUCLEA__ligand442-0
75,JUCLEA__ligand868-0
76,JUCLEA__ligand136-0
77,JUCLEA__ligand1307-0
78,JUCLEA__ligand783-0
79,JUCLEA__ligand352-0
80,JUCLEA__ligand49-0
81,JUCLEA__ligand296-0
82,JUCLEA__ligand2853-0
83,JUCLEA__ligand3853-0
84,JUCLEA__ligand197-0
85,JUCLEA__ligand2599-0
86,JUCLEA__ligand5089-0
87,JUCLEA__ligand1246-0
88,JUCLEA__ligand89-0
89,JUCLEA__ligand6166-0
90,JUCLEA__ligand112-0
91,JUCLEA__ligand2915-0
92,JUCLEA__ligand57-0
93,JUCLEA__ligand10479-0
94,JUCLEA__ligand485-0
95,JUCLEA__ligand3196-0
96,JUCLEA__ligand4012-0
97,JUCLEA__ligand784-0
98,JUCLEA__ligand355-0
99,JUCLEA__ligand291-0
100,JUCLEA__ligand2526-0
101,JUCLEA__ligand10114-0
102,JUCLEA__ligand1551-0
103,JUCLEA__ligand1690-0
104,JUCLEA__ligand115-0
105,JUCLEA__ligand73-0
106,JUCLEA__ligand2707-0
107,JUCLEA__ligand2618-0
108,JUCLEA__ligand3618-0
109,JUCLEA__ligand34-0
110,JUCLEA__ligand1436-0
111,JUCLEA__ligand682-0
112,JUCLEA__ligand4370-0
113,JUCLEA__ligand10910-0
114,JUCLEA__ligand666-0
115,JUCLEA__ligand95-0
116,JUCLEA__ligand522-0
117,JUCLEA__ligand1918-0
118,JUCLEA__ligand487-0
119,JUCLEA__ligand2255-0
120,JUCLEA__ligand447-0
121,JUCLEA__ligand14530-0
122,JUCLEA__ligand4175-0
123,JUCLEA__ligand133-0
124,JUCLEA__ligand55-0
125,JUCLEA__ligand9176-0
126,JUCLEA__ligand353-0
127,JUCLEA__ligand91-0
128,JUCLEA__ligand1493-0
129,JUCLEA__ligand3035-0
130,JUCLEA__ligand3070-0
131,JUCLEA__ligand29-0
132,JUCLEA__ligand2718-0
133,JUCLEA__ligand51-0
134,JUCLEA__ligand6143-0
135,JUCLEA__ligand5235-0
136,JUCLEA__ligand236-0
137,JUCLEA__ligand4619-0
138,JUCLEA__ligand3251-0
139,JUCLEA__ligand1818-0
140,JUCLEA__ligand113-0
141,JUCLEA__ligand422-0
142,JUCLEA__ligand7456-0
143,JUCLEA__ligand5758-0
144,JUCLEA__ligand48-0
145,JUCLEA__ligand3852-0
146,JUCLEA__ligand196-0
147,JUCLEA__ligand3478-0
148,JUCLEA__ligand502-0
149,JUCLEA__ligand1555-0
150,JUCLEA__ligand1285-0
151,JUCLEA__ligand7630-0
152,JUCLEA__ligand32-0
153,JUCLEA__ligand210-0
154,JUCLEA__ligand3890-0
155,JUCLEA__ligand1907-0
156,JUCLEA__ligand4423-0
157,JUCLEA__ligand8-0
158,JUCLEA__ligand1038-0
159,JUCLEA__ligand2762-0
160,JUCLEA__ligand170-0
161,JUCLEA__ligand391-0
162,JUCLEA__ligand5093-0
163,JUCLEA__ligand2954-0
164,JUCLEA__ligand1160-0
165,JUCLEA__ligand2253-0
166,JUCLEA__ligand314-0
167,JUCLEA__ligand481-0
168,JUCLEA__ligand7550-0
169,JUCLEA__ligand1114-0
170,JUCLEA__ligand1538-0
171,JUCLEA__ligand141-0
172,JUCLEA__ligand62-0
173,JUCLEA__ligand240-0
174,JUCLEA__ligand4-0
175,JUCLEA__ligand1228-0
176,JUCLEA__ligand9244-0
177,JUCLEA__ligand1479-0
178,JUCLEA__ligand86-0
179,JUCLEA__ligand1148-0
180,JUCLEA__ligand384-0
181,JUCLEA__ligand3246-0
182,JUCLEA__ligand120-0
183,JUCLEA__ligand3145-0
184,JUCLEA__ligand757-0
185,JUCLEA__ligand5548-0
186,JUCLEA__ligand7915-0
187,JUCLEA__ligand1747-0
188,JUCLEA__ligand6686-0
189,JUCLEA__ligand6502-0
190,JUCLEA__ligand2098-0
191,JUCLEA__ligand2863-0
192,JUCLEA__ligand3178-0
193,JUCLEA__ligand797-0
194,JUCLEA__ligand6332-0
195,JUCLEA__ligand18-0
196,JUCLEA__ligand3041-0
197,JUCLEA__ligand6-0
198,JUCLEA__ligand1542-0
199,JUCLEA__ligand2634-0
200,JUCLEA__ligand2751-0
201,JUCLEA__ligand861-0
202,JUCLEA__ligand2259-0
203,JUCLEA__ligand2688-0
204,JUCLEA__ligand366-0
205,JUCLEA__ligand187-0
206,JUCLEA__ligand2768-0
207,JUCLEA__ligand612-0
208,JUCLEA__ligand1376-0
209,JUCLEA__ligand21-0
210,JUCLEA__ligand596-0
211,JUCLEA__ligand6277-0
212,JUCLEA__ligand1951-0
213,JUCLEA__ligand1687-0
214,JUCLEA__ligand1706-0
215,JUCLEA__ligand126-0
216,JUCLEA__ligand3734-0
217,JUCLEA__ligand40-0
218,JUCLEA__ligand2629-0
219,JUCLEA__ligand4381-0
220,JUCLEA__ligand38-0
221,JUCLEA__ligand5801-0
222,JUCLEA__ligand1438-0
223,JUCLEA__ligand3063-0
224,JUCLEA__ligand119-0
225,JUCLEA__ligand124-0
226,JUCLEA__ligand1171-0
227,JUCLEA__ligand1048-0
228,JUCLEA__ligand201-0
229,JUCLEA__ligand244-0
230,JUCLEA__ligand2087-0
231,JUCLEA__ligand100-0
232,JUCLEA__ligand3757-0
233,JUCLEA__ligand66-0
234,JUCLEA__ligand1685-0
235,JUCLEA__ligand321-0
236,JUCLEA__ligand1544-0
237,JUCLEA__ligand178-0
238,JUCLEA__ligand1459-0
239,JUCLEA__ligand279-0
240,JUCLEA__ligand8921-0
241,JUCLEA__ligand497-0
242,JUCLEA__ligand1567-0
243,JUCLEA__ligand2285-0
244,JUCLEA__ligand2510-0
245,JUCLEA__ligand1056-0
246,JUCLEA__ligand85-0
247,JUCLEA__ligand2320-0
248,JUCLEA__ligand532-0
249,JUCLEA__ligand918-0
250,JUCLEA__ligand2862-0
251,JUCLEA__ligand633-0
252,JUCLEA__ligand78-0
253,JUCLEA__ligand166-0
254,JUCLEA__ligand45-0
255,JUCLEA__ligand2430-0
256,JUCLEA__ligand1703-0
257,JUCLEA__ligand2907-0
258,JUCLEA__ligand838-0
259,JUCLEA__ligand1727-0
260,JUCLEA__ligand206-0
261,JUCLEA__ligand142-0
262,JUCLEA__ligand436-0
263,JUCLEA__ligand1152-0
264,JUCLEA__ligand1607-0
265,JUCLEA__ligand326-0
266,JUCLEA__ligand821-0
267,JUCLEA__ligand283-0
268,JUCLEA__ligand553-0
269,JUCLEA__ligand3637-0
270,JUCLEA__ligand324-0
271,JUCLEA__ligand361-0
272,JUCLEA__ligand409-0
273,JUCLEA__ligand8774-0
274,JUCLEA__ligand140-0
275,JUCLEA__ligand105-0
276,JUCLEA__ligand199-0
277,JUCLEA__ligand927-0
278,JUCLEA__ligand7464-0
279,JUCLEA__ligand1598-0
280,JUCLEA__ligand4303-0
281,JUCLEA__ligand1248-0
282,JUCLEA__ligand6294-0
283,JUCLEA__ligand575-0
284,JUCLEA__ligand1054-0
285,JUCLEA__ligand2142-0
286,JUCLEA__ligand2772-0
287,JUCLEA__ligand6151-0
288,JUCLEA__ligand9495-0
289,JUCLEA__ligand509-0
290,JUCLEA__ligand6538-0
291,JUCLEA__ligand571-0
292,JUCLEA__ligand670-0
293,JUCLEA__ligand118-0
294,JUCLEA__ligand2864-0
295,JUCLEA__ligand11730-0
296,JUCLEA__ligand278-0
297,JUCLEA__ligand1-0
298,JUCLEA__ligand1169-0
299,JUCLEA__ligand365-0
300,JUCLEA__ligand5022-0
301,JUCLEA__ligand358-0
302,JUCLEA__ligand430-0
303,JUCLEA__ligand2880-0
304,JUCLEA__ligand5941-0
305,JUCLEA__ligand3838-0
306,JUCLEA__ligand1799-0
307,JUCLEA__ligand2838-0
308,JUCLEA__ligand67-0
309,JUCLEA__ligand669-0
310,JUCLEA__ligand2265-0
311,JUCLEA__ligand1113-0
312,JUCLEA__ligand6396-0
313,JUCLEA__ligand9027-0
314,JUCLEA__ligand1835-0
315,JUCLEA__ligand2794-0
316,JUCLEA__ligand3-0
317,JUCLEA__ligand2345-0
318,JUCLEA__ligand4983-0
319,JUCLEA__ligand1502-0
320,JUCLEA__ligand1052-0
321,JUCLEA__ligand1273-0
322,JUCLEA__ligand383-0
323,JUCLEA__ligand226-0
324,JUCLEA__ligand162-0
