,TMC
0,BEXHAP__ligand2142-0
1,BEXHAP__ligand497-0
2,BEXHAP__ligand6538-0
3,BEXHAP__ligand633-0
4,BEXHAP__ligand918-0
5,BEXHAP__ligand9495-0
6,BEXHAP__ligand532-0
7,BEXHAP__ligand2772-0
8,BEXHAP__ligand45-0
9,BEXHAP__ligand6151-0
10,BEXHAP__ligand2864-0
11,BEXHAP__ligand78-0
12,BEXHAP__ligand85-0
13,BEXHAP__ligand166-0
14,BEXHAP__ligand838-0
15,BEXHAP__ligand142-0
16,BEXHAP__ligand206-0
17,BEXHAP__ligand1-0
18,BEXHAP__ligand436-0
19,BEXHAP__ligand5022-0
20,BEXHAP__ligand1169-0
21,BEXHAP__ligand821-0
22,BEXHAP__ligand326-0
23,BEXHAP__ligand1799-0
24,BEXHAP__ligand3838-0
25,BEXHAP__ligand2838-0
26,BEXHAP__ligand553-0
27,BEXHAP__ligand5941-0
28,BEXHAP__ligand2880-0
29,BEXHAP__ligand283-0
30,BEXHAP__ligand409-0
31,BEXHAP__ligand6396-0
32,BEXHAP__ligand361-0
33,BEXHAP__ligand324-0
34,BEXHAP__ligand2265-0
35,BEXHAP__ligand1113-0
36,BEXHAP__ligand11730-0
37,BEXHAP__ligand9027-0
38,BEXHAP__ligand4983-0
39,BEXHAP__ligand1835-0
40,BEXHAP__ligand2345-0
41,BEXHAP__ligand2794-0
42,BEXHAP__ligand105-0
43,BEXHAP__ligand140-0
44,BEXHAP__ligand1502-0
45,BEXHAP__ligand3-0
46,BEXHAP__ligand927-0
47,BEXHAP__ligand1052-0
48,BEXHAP__ligand199-0
49,BEXHAP__ligand1273-0
50,BEXHAP__ligand575-0
51,BEXHAP__ligand2510-0
52,BEXHAP__ligand1567-0
53,BEXHAP__ligand2285-0
54,BEXHAP__ligand8921-0
55,BEXHAP__ligand509-0
56,BEXHAP__ligand2862-0
57,BEXHAP__ligand1056-0
58,BEXHAP__ligand2320-0
59,BEXHAP__ligand2430-0
60,BEXHAP__ligand118-0
61,BEXHAP__ligand1703-0
62,BEXHAP__ligand670-0
63,BEXHAP__ligand571-0
64,BEXHAP__ligand2907-0
65,BEXHAP__ligand278-0
66,BEXHAP__ligand67-0
67,BEXHAP__ligand1727-0
68,BEXHAP__ligand1152-0
69,BEXHAP__ligand365-0
70,BEXHAP__ligand430-0
71,BEXHAP__ligand358-0
72,BEXHAP__ligand1607-0
73,BEXHAP__ligand669-0
74,BEXHAP__ligand3637-0
75,BEXHAP__ligand8774-0
76,BEXHAP__ligand7464-0
77,BEXHAP__ligand1248-0
78,BEXHAP__ligand4303-0
79,BEXHAP__ligand383-0
80,BEXHAP__ligand1598-0
81,BEXHAP__ligand1054-0
82,BEXHAP__ligand162-0
83,BEXHAP__ligand6294-0
84,BEXHAP__ligand226-0
85,BEXHAP__ligand2688-0
86,BEXHAP__ligand2259-0
87,BEXHAP__ligand1376-0
88,BEXHAP__ligand2768-0
89,BEXHAP__ligand240-0
90,BEXHAP__ligand141-0
91,BEXHAP__ligand6277-0
92,BEXHAP__ligand62-0
93,BEXHAP__ligand1687-0
94,BEXHAP__ligand1951-0
95,BEXHAP__ligand3734-0
96,BEXHAP__ligand1706-0
97,BEXHAP__ligand4381-0
98,BEXHAP__ligand2629-0
99,BEXHAP__ligand384-0
100,BEXHAP__ligand120-0
101,BEXHAP__ligand86-0
102,BEXHAP__ligand757-0
103,BEXHAP__ligand5801-0
104,BEXHAP__ligand3063-0
105,BEXHAP__ligand1438-0
106,BEXHAP__ligand797-0
107,BEXHAP__ligand1171-0
108,BEXHAP__ligand3757-0
109,BEXHAP__ligand2087-0
110,BEXHAP__ligand1048-0
111,BEXHAP__ligand1685-0
112,BEXHAP__ligand1544-0
113,BEXHAP__ligand18-0
114,BEXHAP__ligand1459-0
115,BEXHAP__ligand1538-0
116,BEXHAP__ligand366-0
117,BEXHAP__ligand861-0
118,BEXHAP__ligand1114-0
119,BEXHAP__ligand612-0
120,BEXHAP__ligand21-0
121,BEXHAP__ligand187-0
122,BEXHAP__ligand596-0
123,BEXHAP__ligand9244-0
124,BEXHAP__ligand4-0
125,BEXHAP__ligand1228-0
126,BEXHAP__ligand126-0
127,BEXHAP__ligand38-0
128,BEXHAP__ligand1479-0
129,BEXHAP__ligand1148-0
130,BEXHAP__ligand3246-0
131,BEXHAP__ligand40-0
132,BEXHAP__ligand3145-0
133,BEXHAP__ligand119-0
134,BEXHAP__ligand6686-0
135,BEXHAP__ligand1747-0
136,BEXHAP__ligand7915-0
137,BEXHAP__ligand5548-0
138,BEXHAP__ligand2863-0
139,BEXHAP__ligand2098-0
140,BEXHAP__ligand124-0
141,BEXHAP__ligand6502-0
142,BEXHAP__ligand6332-0
143,BEXHAP__ligand3178-0
144,BEXHAP__ligand100-0
145,BEXHAP__ligand3041-0
146,BEXHAP__ligand244-0
147,BEXHAP__ligand201-0
148,BEXHAP__ligand1542-0
149,BEXHAP__ligand6-0
150,BEXHAP__ligand2634-0
151,BEXHAP__ligand321-0
152,BEXHAP__ligand66-0
153,BEXHAP__ligand279-0
154,BEXHAP__ligand2751-0
155,BEXHAP__ligand178-0
156,BEXHAP__ligand9176-0
157,BEXHAP__ligand2718-0
158,BEXHAP__ligand3070-0
159,BEXHAP__ligand3035-0
160,BEXHAP__ligand1493-0
161,BEXHAP__ligand4619-0
162,BEXHAP__ligand6143-0
163,BEXHAP__ligand57-0
164,BEXHAP__ligand5235-0
165,BEXHAP__ligand784-0
166,BEXHAP__ligand355-0
167,BEXHAP__ligand485-0
168,BEXHAP__ligand3251-0
169,BEXHAP__ligand73-0
170,BEXHAP__ligand291-0
171,BEXHAP__ligand1818-0
172,BEXHAP__ligand7456-0
173,BEXHAP__ligand5758-0
174,BEXHAP__ligand3478-0
175,BEXHAP__ligand115-0
176,BEXHAP__ligand3852-0
177,BEXHAP__ligand1285-0
178,BEXHAP__ligand1555-0
179,BEXHAP__ligand682-0
180,BEXHAP__ligand7630-0
181,BEXHAP__ligand3890-0
182,BEXHAP__ligand34-0
183,BEXHAP__ligand4423-0
184,BEXHAP__ligand1907-0
185,BEXHAP__ligand522-0
186,BEXHAP__ligand2762-0
187,BEXHAP__ligand55-0
188,BEXHAP__ligand666-0
189,BEXHAP__ligand1038-0
190,BEXHAP__ligand1160-0
191,BEXHAP__ligand2253-0
192,BEXHAP__ligand487-0
193,BEXHAP__ligand2954-0
194,BEXHAP__ligand5093-0
195,BEXHAP__ligand8-0
196,BEXHAP__ligand447-0
197,BEXHAP__ligand95-0
198,BEXHAP__ligand7550-0
199,BEXHAP__ligand133-0
200,BEXHAP__ligand2915-0
201,BEXHAP__ligand353-0
202,BEXHAP__ligand51-0
203,BEXHAP__ligand236-0
204,BEXHAP__ligand29-0
205,BEXHAP__ligand91-0
206,BEXHAP__ligand14530-0
207,BEXHAP__ligand4012-0
208,BEXHAP__ligand3196-0
209,BEXHAP__ligand113-0
210,BEXHAP__ligand48-0
211,BEXHAP__ligand1551-0
212,BEXHAP__ligand422-0
213,BEXHAP__ligand2526-0
214,BEXHAP__ligand10910-0
215,BEXHAP__ligand1690-0
216,BEXHAP__ligand2707-0
217,BEXHAP__ligand502-0
218,BEXHAP__ligand196-0
219,BEXHAP__ligand10114-0
220,BEXHAP__ligand2618-0
221,BEXHAP__ligand3618-0
222,BEXHAP__ligand1436-0
223,BEXHAP__ligand32-0
224,BEXHAP__ligand210-0
225,BEXHAP__ligand4370-0
226,BEXHAP__ligand170-0
227,BEXHAP__ligand10479-0
228,BEXHAP__ligand1918-0
229,BEXHAP__ligand391-0
230,BEXHAP__ligand481-0
231,BEXHAP__ligand2255-0
232,BEXHAP__ligand314-0
233,BEXHAP__ligand4175-0
234,BEXHAP__ligand830-0
235,BEXHAP__ligand193-0
236,BEXHAP__ligand1788-0
237,BEXHAP__ligand252-0
238,BEXHAP__ligand1321-0
239,BEXHAP__ligand955-0
240,BEXHAP__ligand3566-0
241,BEXHAP__ligand1178-0
242,BEXHAP__ligand7514-0
243,BEXHAP__ligand3337-0
244,BEXHAP__ligand934-0
245,BEXHAP__ligand177-0
246,BEXHAP__ligand4811-0
247,BEXHAP__ligand1449-1
248,BEXHAP__ligand851-0
249,BEXHAP__ligand1260-0
250,BEXHAP__ligand4894-0
251,BEXHAP__ligand9620-0
252,BEXHAP__ligand11-0
253,BEXHAP__ligand909-0
254,BEXHAP__ligand311-0
255,BEXHAP__ligand188-0
256,BEXHAP__ligand1307-0
257,BEXHAP__ligand369-0
258,BEXHAP__ligand444-0
259,BEXHAP__ligand2853-0
260,BEXHAP__ligand3853-0
261,BEXHAP__ligand250-0
262,BEXHAP__ligand2599-0
263,BEXHAP__ligand460-0
264,BEXHAP__ligand5089-0
265,BEXHAP__ligand1246-0
266,BEXHAP__ligand370-0
267,BEXHAP__ligand6166-0
268,BEXHAP__ligand421-0
269,BEXHAP__ligand798-0
270,BEXHAP__ligand5334-0
271,BEXHAP__ligand2480-0
272,BEXHAP__ligand4504-0
273,BEXHAP__ligand3051-0
274,BEXHAP__ligand1898-0
275,BEXHAP__ligand2315-0
276,BEXHAP__ligand916-0
277,BEXHAP__ligand584-0
278,BEXHAP__ligand294-0
279,BEXHAP__ligand1858-0
280,BEXHAP__ligand8032-0
281,BEXHAP__ligand993-0
282,BEXHAP__ligand331-0
283,BEXHAP__ligand17-0
284,BEXHAP__ligand560-0
285,BEXHAP__ligand525-0
286,BEXHAP__ligand1712-0
287,BEXHAP__ligand109-0
288,BEXHAP__ligand3579-0
289,BEXHAP__ligand2916-0
290,BEXHAP__ligand2110-0
291,BEXHAP__ligand1919-0
292,BEXHAP__ligand390-0
293,BEXHAP__ligand932-0
294,BEXHAP__ligand134-0
295,BEXHAP__ligand92-0
296,BEXHAP__ligand2389-0
297,BEXHAP__ligand235-0
298,BEXHAP__ligand868-0
299,BEXHAP__ligand2929-0
300,BEXHAP__ligand442-0
301,BEXHAP__ligand15630-0
302,BEXHAP__ligand2376-0
303,BEXHAP__ligand10357-0
304,BEXHAP__ligand136-0
305,BEXHAP__ligand1379-0
306,BEXHAP__ligand1221-0
307,BEXHAP__ligand1264-0
308,BEXHAP__ligand783-0
309,BEXHAP__ligand352-0
310,BEXHAP__ligand6430-0
311,BEXHAP__ligand1299-0
312,BEXHAP__ligand197-0
313,BEXHAP__ligand2442-0
314,BEXHAP__ligand296-0
315,BEXHAP__ligand89-0
316,BEXHAP__ligand1019-0
317,BEXHAP__ligand1104-0
318,BEXHAP__ligand5762-0
319,BEXHAP__ligand7414-0
320,BEXHAP__ligand112-0
321,BEXHAP__ligand6571-0
322,BEXHAP__ligand49-0
323,BEXHAP__ligand2482-0
324,BEXHAP__ligand1325-0
