,TMC
0,SINVAO__ligand366-0
1,SINVAO__ligand1479-0
2,SINVAO__ligand861-0
3,SINVAO__ligand612-0
4,SINVAO__ligand1148-0
5,SINVAO__ligand187-0
6,SINVAO__ligand3246-0
7,SINVAO__ligand596-0
8,SINVAO__ligand1538-0
9,SINVAO__ligand126-0
10,SINVAO__ligand1114-0
11,SINVAO__ligand18-0
12,SINVAO__ligand9244-0
13,SINVAO__ligand1228-0
14,SINVAO__ligand3041-0
15,SINVAO__ligand2634-0
16,SINVAO__ligand1542-0
17,SINVAO__ligand119-0
18,SINVAO__ligand124-0
19,SINVAO__ligand2751-0
20,SINVAO__ligand62-0
21,SINVAO__ligand3145-0
22,SINVAO__ligand100-0
23,SINVAO__ligand201-0
24,SINVAO__ligand244-0
25,SINVAO__ligand1747-0
26,SINVAO__ligand6686-0
27,SINVAO__ligand5548-0
28,SINVAO__ligand7915-0
29,SINVAO__ligand2863-0
30,SINVAO__ligand86-0
31,SINVAO__ligand6502-0
32,SINVAO__ligand321-0
33,SINVAO__ligand2098-0
34,SINVAO__ligand279-0
35,SINVAO__ligand10357-0
36,SINVAO__ligand6332-0
37,SINVAO__ligand3178-0
38,SINVAO__ligand15630-0
39,SINVAO__ligand178-0
40,SINVAO__ligand3734-0
41,SINVAO__ligand1706-0
42,SINVAO__ligand4381-0
43,SINVAO__ligand240-0
44,SINVAO__ligand2629-0
45,SINVAO__ligand141-0
46,SINVAO__ligand2259-0
47,SINVAO__ligand2688-0
48,SINVAO__ligand2768-0
49,SINVAO__ligand1376-0
50,SINVAO__ligand6277-0
51,SINVAO__ligand66-0
52,SINVAO__ligand384-0
53,SINVAO__ligand120-0
54,SINVAO__ligand1687-0
55,SINVAO__ligand1951-0
56,SINVAO__ligand757-0
57,SINVAO__ligand3757-0
58,SINVAO__ligand1048-0
59,SINVAO__ligand2087-0
60,SINVAO__ligand21-0
61,SINVAO__ligand1685-0
62,SINVAO__ligand1544-0
63,SINVAO__ligand797-0
64,SINVAO__ligand1459-0
65,SINVAO__ligand5801-0
66,SINVAO__ligand1438-0
67,SINVAO__ligand3063-0
68,SINVAO__ligand38-0
69,SINVAO__ligand40-0
70,SINVAO__ligand1171-0
71,SINVAO__ligand10910-0
72,SINVAO__ligand1727-0
73,SINVAO__ligand509-0
74,SINVAO__ligand1152-0
75,SINVAO__ligand118-0
76,SINVAO__ligand670-0
77,SINVAO__ligand1607-0
78,SINVAO__ligand571-0
79,SINVAO__ligand14530-0
80,SINVAO__ligand2510-0
81,SINVAO__ligand278-0
82,SINVAO__ligand8-0
83,SINVAO__ligand8921-0
84,SINVAO__ligand2285-0
85,SINVAO__ligand1567-0
86,SINVAO__ligand2862-0
87,SINVAO__ligand2320-0
88,SINVAO__ligand1056-0
89,SINVAO__ligand365-0
90,SINVAO__ligand430-0
91,SINVAO__ligand358-0
92,SINVAO__ligand1703-0
93,SINVAO__ligand2430-0
94,SINVAO__ligand669-0
95,SINVAO__ligand2907-0
96,SINVAO__ligand45-0
97,SINVAO__ligand7464-0
98,SINVAO__ligand4303-0
99,SINVAO__ligand1248-0
100,SINVAO__ligand1598-0
101,SINVAO__ligand10479-0
102,SINVAO__ligand78-0
103,SINVAO__ligand1054-0
104,SINVAO__ligand85-0
105,SINVAO__ligand6294-0
106,SINVAO__ligand3637-0
107,SINVAO__ligand8774-0
108,SINVAO__ligand383-0
109,SINVAO__ligand10114-0
110,SINVAO__ligand162-0
111,SINVAO__ligand226-0
112,SINVAO__ligand497-0
113,SINVAO__ligand633-0
114,SINVAO__ligand918-0
115,SINVAO__ligand1169-0
116,SINVAO__ligand532-0
117,SINVAO__ligand5022-0
118,SINVAO__ligand166-0
119,SINVAO__ligand2838-0
120,SINVAO__ligand3838-0
121,SINVAO__ligand1799-0
122,SINVAO__ligand838-0
123,SINVAO__ligand2880-0
124,SINVAO__ligand5941-0
125,SINVAO__ligand142-0
126,SINVAO__ligand2142-0
127,SINVAO__ligand206-0
128,SINVAO__ligand436-0
129,SINVAO__ligand6538-0
130,SINVAO__ligand6151-0
131,SINVAO__ligand2772-0
132,SINVAO__ligand9495-0
133,SINVAO__ligand821-0
134,SINVAO__ligand2864-0
135,SINVAO__ligand326-0
136,SINVAO__ligand553-0
137,SINVAO__ligand283-0
138,SINVAO__ligand1052-0
139,SINVAO__ligand409-0
140,SINVAO__ligand324-0
141,SINVAO__ligand361-0
142,SINVAO__ligand1273-0
143,SINVAO__ligand140-0
144,SINVAO__ligand105-0
145,SINVAO__ligand927-0
146,SINVAO__ligand6396-0
147,SINVAO__ligand1113-0
148,SINVAO__ligand199-0
149,SINVAO__ligand2265-0
150,SINVAO__ligand67-0
151,SINVAO__ligand9027-0
152,SINVAO__ligand4983-0
153,SINVAO__ligand2794-0
154,SINVAO__ligand2345-0
155,SINVAO__ligand1835-0
156,SINVAO__ligand575-0
157,SINVAO__ligand1502-0
158,SINVAO__ligand421-0
159,SINVAO__ligand1712-0
160,SINVAO__ligand798-0
161,SINVAO__ligand3579-0
162,SINVAO__ligand2110-0
163,SINVAO__ligand2916-0
164,SINVAO__ligand584-0
165,SINVAO__ligand916-0
166,SINVAO__ligand294-0
167,SINVAO__ligand993-0
168,SINVAO__ligand1919-0
169,SINVAO__ligand331-0
170,SINVAO__ligand2389-0
171,SINVAO__ligand525-0
172,SINVAO__ligand560-0
173,SINVAO__ligand109-0
174,SINVAO__ligand5334-0
175,SINVAO__ligand1898-0
176,SINVAO__ligand3051-0
177,SINVAO__ligand4504-0
178,SINVAO__ligand2480-0
179,SINVAO__ligand2315-0
180,SINVAO__ligand1858-0
181,SINVAO__ligand390-0
182,SINVAO__ligand8032-0
183,SINVAO__ligand134-0
184,SINVAO__ligand932-0
185,SINVAO__ligand235-0
186,SINVAO__ligand868-0
187,SINVAO__ligand442-0
188,SINVAO__ligand1019-0
189,SINVAO__ligand2442-0
190,SINVAO__ligand7414-0
191,SINVAO__ligand5762-0
192,SINVAO__ligand1104-0
193,SINVAO__ligand136-0
194,SINVAO__ligand6571-0
195,SINVAO__ligand352-0
196,SINVAO__ligand783-0
197,SINVAO__ligand1325-0
198,SINVAO__ligand2482-0
199,SINVAO__ligand197-0
200,SINVAO__ligand2929-0
201,SINVAO__ligand296-0
202,SINVAO__ligand2376-0
203,SINVAO__ligand11-0
204,SINVAO__ligand1379-0
205,SINVAO__ligand112-0
206,SINVAO__ligand1264-0
207,SINVAO__ligand1221-0
208,SINVAO__ligand1299-0
209,SINVAO__ligand6430-0
210,SINVAO__ligand3337-0
211,SINVAO__ligand7514-0
212,SINVAO__ligand830-0
213,SINVAO__ligand1449-1
214,SINVAO__ligand4811-0
215,SINVAO__ligand193-0
216,SINVAO__ligand252-0
217,SINVAO__ligand955-0
218,SINVAO__ligand9620-0
219,SINVAO__ligand4894-0
220,SINVAO__ligand1260-0
221,SINVAO__ligand6-0
222,SINVAO__ligand177-0
223,SINVAO__ligand934-0
224,SINVAO__ligand1788-0
225,SINVAO__ligand89-0
226,SINVAO__ligand1321-0
227,SINVAO__ligand851-0
228,SINVAO__ligand49-0
229,SINVAO__ligand1178-0
230,SINVAO__ligand3566-0
231,SINVAO__ligand909-0
232,SINVAO__ligand311-0
233,SINVAO__ligand3853-0
234,SINVAO__ligand2853-0
235,SINVAO__ligand5089-0
236,SINVAO__ligand2599-0
237,SINVAO__ligand188-0
238,SINVAO__ligand4-0
239,SINVAO__ligand1246-0
240,SINVAO__ligand6166-0
241,SINVAO__ligand369-0
242,SINVAO__ligand444-0
243,SINVAO__ligand250-0
244,SINVAO__ligand460-0
245,SINVAO__ligand17-0
246,SINVAO__ligand1307-0
247,SINVAO__ligand92-0
248,SINVAO__ligand370-0
249,SINVAO__ligand353-0
250,SINVAO__ligand1551-0
251,SINVAO__ligand2526-0
252,SINVAO__ligand236-0
253,SINVAO__ligand3-0
254,SINVAO__ligand1690-0
255,SINVAO__ligand2707-0
256,SINVAO__ligand34-0
257,SINVAO__ligand113-0
258,SINVAO__ligand2915-0
259,SINVAO__ligand55-0
260,SINVAO__ligand422-0
261,SINVAO__ligand95-0
262,SINVAO__ligand3196-0
263,SINVAO__ligand4012-0
264,SINVAO__ligand196-0
265,SINVAO__ligand502-0
266,SINVAO__ligand1918-0
267,SINVAO__ligand2255-0
268,SINVAO__ligand210-0
269,SINVAO__ligand57-0
270,SINVAO__ligand4175-0
271,SINVAO__ligand3618-0
272,SINVAO__ligand170-0
273,SINVAO__ligand2618-0
274,SINVAO__ligand1-0
275,SINVAO__ligand73-0
276,SINVAO__ligand1436-0
277,SINVAO__ligand391-0
278,SINVAO__ligand481-0
279,SINVAO__ligand314-0
280,SINVAO__ligand4370-0
281,SINVAO__ligand32-0
282,SINVAO__ligand1818-0
283,SINVAO__ligand7456-0
284,SINVAO__ligand5758-0
285,SINVAO__ligand3478-0
286,SINVAO__ligand355-0
287,SINVAO__ligand784-0
288,SINVAO__ligand485-0
289,SINVAO__ligand3852-0
290,SINVAO__ligand291-0
291,SINVAO__ligand9176-0
292,SINVAO__ligand3035-0
293,SINVAO__ligand3070-0
294,SINVAO__ligand2718-0
295,SINVAO__ligand1493-0
296,SINVAO__ligand4619-0
297,SINVAO__ligand5235-0
298,SINVAO__ligand6143-0
299,SINVAO__ligand115-0
300,SINVAO__ligand3251-0
301,SINVAO__ligand2762-0
302,SINVAO__ligand51-0
303,SINVAO__ligand1038-0
304,SINVAO__ligand682-0
305,SINVAO__ligand2253-0
306,SINVAO__ligand1160-0
307,SINVAO__ligand5093-0
308,SINVAO__ligand2954-0
309,SINVAO__ligand29-0
310,SINVAO__ligand7550-0
311,SINVAO__ligand91-0
312,SINVAO__ligand522-0
313,SINVAO__ligand1285-0
314,SINVAO__ligand666-0
315,SINVAO__ligand1555-0
316,SINVAO__ligand7630-0
317,SINVAO__ligand487-0
318,SINVAO__ligand48-0
319,SINVAO__ligand447-0
320,SINVAO__ligand3890-0
321,SINVAO__ligand11730-0
322,SINVAO__ligand4423-0
323,SINVAO__ligand133-0
324,SINVAO__ligand1907-0
