,TMC
0,CUFQID__ligand2087-0
1,CUFQID__ligand1048-0
2,CUFQID__ligand3757-0
3,CUFQID__ligand1685-0
4,CUFQID__ligand45-0
5,CUFQID__ligand78-0
6,CUFQID__ligand1544-0
7,CUFQID__ligand85-0
8,CUFQID__ligand1459-0
9,CUFQID__ligand126-0
10,CUFQID__ligand5801-0
11,CUFQID__ligand596-0
12,CUFQID__ligand3063-0
13,CUFQID__ligand1438-0
14,CUFQID__ligand187-0
15,CUFQID__ligand612-0
16,CUFQID__ligand1171-0
17,CUFQID__ligand861-0
18,CUFQID__ligand366-0
19,CUFQID__ligand178-0
20,CUFQID__ligand1706-0
21,CUFQID__ligand279-0
22,CUFQID__ligand3734-0
23,CUFQID__ligand2629-0
24,CUFQID__ligand321-0
25,CUFQID__ligand4381-0
26,CUFQID__ligand201-0
27,CUFQID__ligand244-0
28,CUFQID__ligand100-0
29,CUFQID__ligand2259-0
30,CUFQID__ligand2688-0
31,CUFQID__ligand124-0
32,CUFQID__ligand1376-0
33,CUFQID__ligand2768-0
34,CUFQID__ligand6277-0
35,CUFQID__ligand119-0
36,CUFQID__ligand1951-0
37,CUFQID__ligand1687-0
38,CUFQID__ligand3041-0
39,CUFQID__ligand120-0
40,CUFQID__ligand384-0
41,CUFQID__ligand2634-0
42,CUFQID__ligand1542-0
43,CUFQID__ligand2751-0
44,CUFQID__ligand67-0
45,CUFQID__ligand3145-0
46,CUFQID__ligand7915-0
47,CUFQID__ligand5548-0
48,CUFQID__ligand1747-0
49,CUFQID__ligand6686-0
50,CUFQID__ligand141-0
51,CUFQID__ligand2098-0
52,CUFQID__ligand6502-0
53,CUFQID__ligand240-0
54,CUFQID__ligand2863-0
55,CUFQID__ligand3178-0
56,CUFQID__ligand6332-0
57,CUFQID__ligand1479-0
58,CUFQID__ligand1148-0
59,CUFQID__ligand3246-0
60,CUFQID__ligand1114-0
61,CUFQID__ligand797-0
62,CUFQID__ligand1538-0
63,CUFQID__ligand11730-0
64,CUFQID__ligand1228-0
65,CUFQID__ligand757-0
66,CUFQID__ligand9244-0
67,CUFQID__ligand1052-0
68,CUFQID__ligand669-0
69,CUFQID__ligand358-0
70,CUFQID__ligand430-0
71,CUFQID__ligand365-0
72,CUFQID__ligand1273-0
73,CUFQID__ligand62-0
74,CUFQID__ligand278-0
75,CUFQID__ligand1113-0
76,CUFQID__ligand2265-0
77,CUFQID__ligand6396-0
78,CUFQID__ligand571-0
79,CUFQID__ligand9027-0
80,CUFQID__ligand670-0
81,CUFQID__ligand118-0
82,CUFQID__ligand2794-0
83,CUFQID__ligand2345-0
84,CUFQID__ligand1835-0
85,CUFQID__ligand509-0
86,CUFQID__ligand4983-0
87,CUFQID__ligand86-0
88,CUFQID__ligand1502-0
89,CUFQID__ligand226-0
90,CUFQID__ligand162-0
91,CUFQID__ligand5022-0
92,CUFQID__ligand383-0
93,CUFQID__ligand1169-0
94,CUFQID__ligand2880-0
95,CUFQID__ligand5941-0
96,CUFQID__ligand2838-0
97,CUFQID__ligand1799-0
98,CUFQID__ligand3838-0
99,CUFQID__ligand2142-0
100,CUFQID__ligand9495-0
101,CUFQID__ligand6151-0
102,CUFQID__ligand2772-0
103,CUFQID__ligand6538-0
104,CUFQID__ligand2864-0
105,CUFQID__ligand18-0
106,CUFQID__ligand283-0
107,CUFQID__ligand553-0
108,CUFQID__ligand326-0
109,CUFQID__ligand7464-0
110,CUFQID__ligand21-0
111,CUFQID__ligand821-0
112,CUFQID__ligand1598-0
113,CUFQID__ligand8-0
114,CUFQID__ligand436-0
115,CUFQID__ligand1248-0
116,CUFQID__ligand4303-0
117,CUFQID__ligand6294-0
118,CUFQID__ligand206-0
119,CUFQID__ligand1054-0
120,CUFQID__ligand142-0
121,CUFQID__ligand3637-0
122,CUFQID__ligand38-0
123,CUFQID__ligand838-0
124,CUFQID__ligand166-0
125,CUFQID__ligand8774-0
126,CUFQID__ligand532-0
127,CUFQID__ligand918-0
128,CUFQID__ligand633-0
129,CUFQID__ligand40-0
130,CUFQID__ligand497-0
131,CUFQID__ligand1727-0
132,CUFQID__ligand575-0
133,CUFQID__ligand1152-0
134,CUFQID__ligand1607-0
135,CUFQID__ligand199-0
136,CUFQID__ligand927-0
137,CUFQID__ligand2285-0
138,CUFQID__ligand1567-0
139,CUFQID__ligand8921-0
140,CUFQID__ligand2510-0
141,CUFQID__ligand140-0
142,CUFQID__ligand105-0
143,CUFQID__ligand2320-0
144,CUFQID__ligand1056-0
145,CUFQID__ligand2862-0
146,CUFQID__ligand1703-0
147,CUFQID__ligand2430-0
148,CUFQID__ligand66-0
149,CUFQID__ligand324-0
150,CUFQID__ligand361-0
151,CUFQID__ligand409-0
152,CUFQID__ligand2907-0
153,CUFQID__ligand3853-0
154,CUFQID__ligand2853-0
155,CUFQID__ligand10910-0
156,CUFQID__ligand235-0
157,CUFQID__ligand134-0
158,CUFQID__ligand932-0
159,CUFQID__ligand390-0
160,CUFQID__ligand5089-0
161,CUFQID__ligand2599-0
162,CUFQID__ligand1246-0
163,CUFQID__ligand6-0
164,CUFQID__ligand57-0
165,CUFQID__ligand109-0
166,CUFQID__ligand525-0
167,CUFQID__ligand560-0
168,CUFQID__ligand6166-0
169,CUFQID__ligand14530-0
170,CUFQID__ligand73-0
171,CUFQID__ligand331-0
172,CUFQID__ligand993-0
173,CUFQID__ligand294-0
174,CUFQID__ligand916-0
175,CUFQID__ligand584-0
176,CUFQID__ligand1307-0
177,CUFQID__ligand798-0
178,CUFQID__ligand421-0
179,CUFQID__ligand3337-0
180,CUFQID__ligand7514-0
181,CUFQID__ligand112-0
182,CUFQID__ligand4811-0
183,CUFQID__ligand1449-1
184,CUFQID__ligand4894-0
185,CUFQID__ligand1260-0
186,CUFQID__ligand9620-0
187,CUFQID__ligand10479-0
188,CUFQID__ligand34-0
189,CUFQID__ligand296-0
190,CUFQID__ligand197-0
191,CUFQID__ligand4-0
192,CUFQID__ligand55-0
193,CUFQID__ligand783-0
194,CUFQID__ligand352-0
195,CUFQID__ligand1788-0
196,CUFQID__ligand136-0
197,CUFQID__ligand10114-0
198,CUFQID__ligand1321-0
199,CUFQID__ligand95-0
200,CUFQID__ligand442-0
201,CUFQID__ligand3566-0
202,CUFQID__ligand868-0
203,CUFQID__ligand1178-0
204,CUFQID__ligand2442-0
205,CUFQID__ligand909-0
206,CUFQID__ligand1019-0
207,CUFQID__ligand851-0
208,CUFQID__ligand51-0
209,CUFQID__ligand7414-0
210,CUFQID__ligand5762-0
211,CUFQID__ligand1104-0
212,CUFQID__ligand29-0
213,CUFQID__ligand91-0
214,CUFQID__ligand1325-0
215,CUFQID__ligand2482-0
216,CUFQID__ligand934-0
217,CUFQID__ligand177-0
218,CUFQID__ligand6571-0
219,CUFQID__ligand2929-0
220,CUFQID__ligand48-0
221,CUFQID__ligand2376-0
222,CUFQID__ligand955-0
223,CUFQID__ligand252-0
224,CUFQID__ligand1379-0
225,CUFQID__ligand193-0
226,CUFQID__ligand6430-0
227,CUFQID__ligand1299-0
228,CUFQID__ligand830-0
229,CUFQID__ligand1221-0
230,CUFQID__ligand1264-0
231,CUFQID__ligand1712-0
232,CUFQID__ligand370-0
233,CUFQID__ligand2916-0
234,CUFQID__ligand2110-0
235,CUFQID__ligand3579-0
236,CUFQID__ligand32-0
237,CUFQID__ligand1919-0
238,CUFQID__ligand460-0
239,CUFQID__ligand2389-0
240,CUFQID__ligand250-0
241,CUFQID__ligand444-0
242,CUFQID__ligand369-0
243,CUFQID__ligand5334-0
244,CUFQID__ligand2315-0
245,CUFQID__ligand188-0
246,CUFQID__ligand4504-0
247,CUFQID__ligand3051-0
248,CUFQID__ligand2480-0
249,CUFQID__ligand1898-0
250,CUFQID__ligand8032-0
251,CUFQID__ligand1858-0
252,CUFQID__ligand311-0
253,CUFQID__ligand1038-0
254,CUFQID__ligand196-0
255,CUFQID__ligand502-0
256,CUFQID__ligand2762-0
257,CUFQID__ligand2954-0
258,CUFQID__ligand5093-0
259,CUFQID__ligand2253-0
260,CUFQID__ligand1160-0
261,CUFQID__ligand422-0
262,CUFQID__ligand7550-0
263,CUFQID__ligand113-0
264,CUFQID__ligand1555-0
265,CUFQID__ligand1285-0
266,CUFQID__ligand236-0
267,CUFQID__ligand7630-0
268,CUFQID__ligand3890-0
269,CUFQID__ligand11-0
270,CUFQID__ligand1907-0
271,CUFQID__ligand353-0
272,CUFQID__ligand4423-0
273,CUFQID__ligand1818-0
274,CUFQID__ligand314-0
275,CUFQID__ligand7456-0
276,CUFQID__ligand481-0
277,CUFQID__ligand5758-0
278,CUFQID__ligand391-0
279,CUFQID__ligand3852-0
280,CUFQID__ligand170-0
281,CUFQID__ligand3478-0
282,CUFQID__ligand9176-0
283,CUFQID__ligand1493-0
284,CUFQID__ligand2718-0
285,CUFQID__ligand210-0
286,CUFQID__ligand3070-0
287,CUFQID__ligand3035-0
288,CUFQID__ligand5235-0
289,CUFQID__ligand6143-0
290,CUFQID__ligand4619-0
291,CUFQID__ligand10357-0
292,CUFQID__ligand3251-0
293,CUFQID__ligand15630-0
294,CUFQID__ligand115-0
295,CUFQID__ligand1918-0
296,CUFQID__ligand2255-0
297,CUFQID__ligand4175-0
298,CUFQID__ligand291-0
299,CUFQID__ligand485-0
300,CUFQID__ligand3-0
301,CUFQID__ligand17-0
302,CUFQID__ligand3618-0
303,CUFQID__ligand784-0
304,CUFQID__ligand355-0
305,CUFQID__ligand2618-0
306,CUFQID__ligand1436-0
307,CUFQID__ligand92-0
308,CUFQID__ligand4370-0
309,CUFQID__ligand133-0
310,CUFQID__ligand2526-0
311,CUFQID__ligand1551-0
312,CUFQID__ligand447-0
313,CUFQID__ligand1690-0
314,CUFQID__ligand487-0
315,CUFQID__ligand1-0
316,CUFQID__ligand666-0
317,CUFQID__ligand2707-0
318,CUFQID__ligand522-0
319,CUFQID__ligand89-0
320,CUFQID__ligand2915-0
321,CUFQID__ligand682-0
322,CUFQID__ligand4012-0
323,CUFQID__ligand3196-0
324,CUFQID__ligand49-0
