,TMC
0,CICMIK__ligand7172-0
1,CICMIK__ligand38-0
2,CICMIK__ligand395-0
3,CICMIK__ligand24064-0
4,CICMIK__ligand7273-0
5,CICMIK__ligand23589-0
6,CICMIK__ligand368-0
7,CICMIK__ligand9323-0
8,CICMIK__ligand1116-0
9,CICMIK__ligand3225-0
10,CICMIK__ligand1153-0
11,CICMIK__ligand2260-0
12,CICMIK__ligand7092-0
13,CICMIK__ligand8612-0
14,CICMIK__ligand15168-0
15,CICMIK__ligand2124-0
16,CICMIK__ligand6017-0
17,CICMIK__ligand29898-0
18,CICMIK__ligand26277-0
19,CICMIK__ligand11432-0
20,CICMIK__ligand7316-0
21,CICMIK__ligand31618-0
22,CICMIK__ligand10432-0
23,CICMIK__ligand22755-0
24,CICMIK__ligand5708-0
25,CICMIK__ligand784-0
26,CICMIK__ligand5180-0
27,CICMIK__ligand25224-0
28,CICMIK__ligand18013-0
29,CICMIK__ligand4807-0
30,CICMIK__ligand17945-0
31,CICMIK__ligand3178-0
32,CICMIK__ligand31578-0
33,CICMIK__ligand17207-0
34,CICMIK__ligand5530-0
35,CICMIK__ligand833-0
36,CICMIK__ligand1787-0
37,CICMIK__ligand1356-0
38,CICMIK__ligand9753-0
39,CICMIK__ligand24750-0
40,CICMIK__ligand7196-0
41,CICMIK__ligand5159-0
42,CICMIK__ligand5649-0
43,CICMIK__ligand2788-0
44,CICMIK__ligand8793-0
45,CICMIK__ligand4649-0
46,CICMIK__ligand15438-0
47,CICMIK__ligand28924-0
48,CICMIK__ligand2906-0
49,CICMIK__ligand29087-0
50,CICMIK__ligand115-0
51,CICMIK__ligand3244-0
52,CICMIK__ligand4711-0
53,CICMIK__ligand18703-0
54,CICMIK__ligand1289-0
55,CICMIK__ligand5387-0
56,CICMIK__ligand13072-0
57,CICMIK__ligand2203-0
58,CICMIK__ligand12336-0
59,CICMIK__ligand152-0
60,CICMIK__ligand2612-0
61,CICMIK__ligand17240-0
62,CICMIK__ligand506-0
63,CICMIK__ligand17590-0
64,CICMIK__ligand1599-0
65,CICMIK__ligand9450-0
66,CICMIK__ligand66-0
67,CICMIK__ligand18699-0
68,CICMIK__ligand12682-0
69,CICMIK__ligand21421-0
70,CICMIK__ligand1604-0
71,CICMIK__ligand1228-0
72,CICMIK__ligand9943-0
73,CICMIK__ligand14586-0
74,CICMIK__ligand11774-0
75,CICMIK__ligand2043-0
76,CICMIK__ligand487-0
77,CICMIK__ligand42-0
78,CICMIK__ligand8788-0
79,CICMIK__ligand1832-0
80,CICMIK__ligand17710-0
81,CICMIK__ligand20579-0
82,CICMIK__ligand11568-0
83,CICMIK__ligand31483-0
84,CICMIK__ligand10555-0
85,CICMIK__ligand2417-0
86,CICMIK__ligand447-0
87,CICMIK__ligand746-0
88,CICMIK__ligand6391-0
89,CICMIK__ligand3126-0
90,CICMIK__ligand176-0
91,CICMIK__ligand24613-0
92,CICMIK__ligand9284-0
93,CICMIK__ligand1114-0
94,CICMIK__ligand19725-0
95,CICMIK__ligand29610-0
96,CICMIK__ligand353-0
97,CICMIK__ligand6699-0
98,CICMIK__ligand11140-0
99,CICMIK__ligand3677-0
100,CICMIK__ligand3632-0
101,CICMIK__ligand18074-0
102,CICMIK__ligand1168-0
103,CICMIK__ligand13869-0
104,CICMIK__ligand29863-0
105,CICMIK__ligand1294-0
106,CICMIK__ligand4-0
107,CICMIK__ligand6892-0
108,CICMIK__ligand1211-0
109,CICMIK__ligand18799-0
110,CICMIK__ligand18465-0
111,CICMIK__ligand1464-0
112,CICMIK__ligand3712-0
113,CICMIK__ligand16791-0
114,CICMIK__ligand393-0
115,CICMIK__ligand28668-0
116,CICMIK__ligand1499-0
117,CICMIK__ligand2881-0
118,CICMIK__ligand3945-0
119,CICMIK__ligand18391-0
120,CICMIK__ligand27169-0
121,CICMIK__ligand5383-0
122,CICMIK__ligand686-0
123,CICMIK__ligand2693-0
124,CICMIK__ligand14523-0
125,CICMIK__ligand422-0
126,CICMIK__ligand27074-0
127,CICMIK__ligand9344-0
128,CICMIK__ligand3736-0
129,CICMIK__ligand20599-0
130,CICMIK__ligand8000-0
131,CICMIK__ligand22981-0
132,CICMIK__ligand25805-0
133,CICMIK__ligand21936-0
134,CICMIK__ligand7291-0
135,CICMIK__ligand13257-0
136,CICMIK__ligand3677-1
137,CICMIK__ligand9883-0
138,CICMIK__ligand23904-0
139,CICMIK__ligand196-0
140,CICMIK__ligand2985-0
141,CICMIK__ligand4007-0
142,CICMIK__ligand10084-0
143,CICMIK__ligand25267-0
144,CICMIK__ligand12467-0
145,CICMIK__ligand9299-0
146,CICMIK__ligand23906-0
147,CICMIK__ligand11166-0
148,CICMIK__ligand7293-0
149,CICMIK__ligand2822-0
150,CICMIK__ligand3867-0
151,CICMIK__ligand1317-0
152,CICMIK__ligand21132-0
153,CICMIK__ligand9167-0
154,CICMIK__ligand314-1
155,CICMIK__ligand5304-0
156,CICMIK__ligand30539-0
157,CICMIK__ligand2238-0
158,CICMIK__ligand25689-0
159,CICMIK__ligand21787-0
160,CICMIK__ligand25575-0
161,CICMIK__ligand5080-0
162,CICMIK__ligand7762-0
163,CICMIK__ligand8002-0
164,CICMIK__ligand5509-0
165,CICMIK__ligand1407-0
166,CICMIK__ligand6117-0
167,CICMIK__ligand18-0
168,CICMIK__ligand27835-0
169,CICMIK__ligand12295-0
170,CICMIK__ligand465-0
171,CICMIK__ligand618-0
172,CICMIK__ligand25650-0
173,CICMIK__ligand4358-0
174,CICMIK__ligand3926-0
175,CICMIK__ligand3120-0
176,CICMIK__ligand31248-0
177,CICMIK__ligand2221-0
178,CICMIK__ligand4101-0
179,CICMIK__ligand12660-0
180,CICMIK__ligand5595-0
181,CICMIK__ligand391-0
182,CICMIK__ligand13209-0
183,CICMIK__ligand19257-0
184,CICMIK__ligand25735-0
185,CICMIK__ligand9773-0
186,CICMIK__ligand12519-0
187,CICMIK__ligand5510-0
188,CICMIK__ligand813-0
189,CICMIK__ligand1376-0
190,CICMIK__ligand23124-0
191,CICMIK__ligand314-0
192,CICMIK__ligand11206-0
193,CICMIK__ligand780-0
194,CICMIK__ligand1296-0
195,CICMIK__ligand2259-0
196,CICMIK__ligand1197-0
197,CICMIK__ligand8592-0
198,CICMIK__ligand5099-0
199,CICMIK__ligand1779-0
200,CICMIK__ligand372-0
201,CICMIK__ligand6993-0
202,CICMIK__ligand1817-0
203,CICMIK__ligand9750-0
204,CICMIK__ligand27460-0
205,CICMIK__ligand67-0
206,CICMIK__ligand830-0
207,CICMIK__ligand7075-0
208,CICMIK__ligand12427-0
209,CICMIK__ligand28468-0
210,CICMIK__ligand20740-0
211,CICMIK__ligand193-0
212,CICMIK__ligand3980-0
213,CICMIK__ligand3557-0
214,CICMIK__ligand1149-0
215,CICMIK__ligand16628-0
216,CICMIK__ligand30296-0
217,CICMIK__ligand1288-0
218,CICMIK__ligand17281-0
219,CICMIK__ligand252-0
220,CICMIK__ligand26540-0
221,CICMIK__ligand12337-0
222,CICMIK__ligand29410-0
223,CICMIK__ligand116-0
224,CICMIK__ligand4266-0
225,CICMIK__ligand1400-0
226,CICMIK__ligand9491-0
227,CICMIK__ligand30333-0
228,CICMIK__ligand4167-0
229,CICMIK__ligand12606-0
230,CICMIK__ligand14603-0
231,CICMIK__ligand177-0
232,CICMIK__ligand14297-0
233,CICMIK__ligand1539-0
234,CICMIK__ligand17258-0
235,CICMIK__ligand1150-0
236,CICMIK__ligand1-0
237,CICMIK__ligand17631-0
238,CICMIK__ligand13012-0
239,CICMIK__ligand26665-0
240,CICMIK__ligand3453-0
241,CICMIK__ligand3416-0
242,CICMIK__ligand31783-0
243,CICMIK__ligand4207-0
244,CICMIK__ligand14723-0
245,CICMIK__ligand3042-0
246,CICMIK__ligand27893-0
247,CICMIK__ligand43-0
248,CICMIK__ligand12934-0
249,CICMIK__ligand20578-0
250,CICMIK__ligand15422-0
251,CICMIK__ligand19641-0
252,CICMIK__ligand27175-0
253,CICMIK__ligand18832-0
254,CICMIK__ligand7438-0
255,CICMIK__ligand23713-0
256,CICMIK__ligand8200-0
257,CICMIK__ligand4063-0
258,CICMIK__ligand909-0
259,CICMIK__ligand30988-0
260,CICMIK__ligand18292-0
261,CICMIK__ligand12289-0
262,CICMIK__ligand26702-0
263,CICMIK__ligand479-0
264,CICMIK__ligand13658-0
265,CICMIK__ligand5280-0
266,CICMIK__ligand785-0
267,CICMIK__ligand311-0
268,CICMIK__ligand5614-0
269,CICMIK__ligand17387-0
270,CICMIK__ligand1831-0
271,CICMIK__ligand12130-0
272,CICMIK__ligand5515-0
273,CICMIK__ligand12231-0
274,CICMIK__ligand6663-0
275,CICMIK__ligand620-0
276,CICMIK__ligand12401-0
277,CICMIK__ligand15585-0
278,CICMIK__ligand370-1
279,CICMIK__ligand24145-0
280,CICMIK__ligand564-0
281,CICMIK__ligand10476-0
282,CICMIK__ligand13068-0
283,CICMIK__ligand19830-0
284,CICMIK__ligand188-0
285,CICMIK__ligand5019-0
286,CICMIK__ligand24185-0
287,CICMIK__ligand1152-0
288,CICMIK__ligand3261-0
289,CICMIK__ligand3-0
290,CICMIK__ligand23769-0
291,CICMIK__ligand25178-0
292,CICMIK__ligand1216-0
293,CICMIK__ligand17302-0
294,CICMIK__ligand17805-0
295,CICMIK__ligand1849-0
296,CICMIK__ligand3144-0
297,CICMIK__ligand5085-0
298,CICMIK__ligand14108-0
299,CICMIK__ligand4710-0
300,CICMIK__ligand5755-0
301,CICMIK__ligand250-0
302,CICMIK__ligand1828-0
303,CICMIK__ligand12641-0
304,CICMIK__ligand1397-0
305,CICMIK__ligand7213-0
306,CICMIK__ligand8042-0
307,CICMIK__ligand10958-0
308,CICMIK__ligand6112-0
309,CICMIK__ligand1786-0
310,CICMIK__ligand370-0
311,CICMIK__ligand5630-0
312,CICMIK__ligand28676-0
313,CICMIK__ligand10262-0
314,CICMIK__ligand27763-0
315,CICMIK__ligand1908-0
316,CICMIK__ligand18814-0
317,CICMIK__ligand19057-0
318,CICMIK__ligand29302-0
319,CICMIK__ligand13425-0
320,CICMIK__ligand3285-0
321,CICMIK__ligand4795-0
322,CICMIK__ligand19-0
323,CICMIK__ligand31832-0
324,CICMIK__ligand4161-0
325,CICMIK__ligand3471-0
326,CICMIK__ligand4124-0
327,CICMIK__ligand13294-0
328,CICMIK__ligand421-0
329,CICMIK__ligand12030-0
330,CICMIK__ligand685-0
331,CICMIK__ligand14248-0
332,CICMIK__ligand29879-0
333,CICMIK__ligand28884-0
334,CICMIK__ligand5415-0
335,CICMIK__ligand13331-0
336,CICMIK__ligand2650-0
337,CICMIK__ligand2281-0
338,CICMIK__ligand14174-0
339,CICMIK__ligand294-0
340,CICMIK__ligand10712-0
341,CICMIK__ligand4340-0
342,CICMIK__ligand11456-0
343,CICMIK__ligand3180-0
344,CICMIK__ligand6995-0
345,CICMIK__ligand25411-0
346,CICMIK__ligand2823-0
347,CICMIK__ligand24-0
348,CICMIK__ligand13390-0
349,CICMIK__ligand560-0
350,CICMIK__ligand9944-0
351,CICMIK__ligand8593-0
352,CICMIK__ligand45-0
353,CICMIK__ligand2001-0
354,CICMIK__ligand20682-0
355,CICMIK__ligand7566-0
356,CICMIK__ligand26810-0
357,CICMIK__ligand27482-0
358,CICMIK__ligand78-0
359,CICMIK__ligand5201-0
360,CICMIK__ligand13208-0
361,CICMIK__ligand134-0
362,CICMIK__ligand8553-0
363,CICMIK__ligand1113-0
364,CICMIK__ligand235-0
365,CICMIK__ligand868-0
366,CICMIK__ligand29568-0
367,CICMIK__ligand14889-0
368,CICMIK__ligand1498-0
369,CICMIK__ligand30851-0
370,CICMIK__ligand4596-0
371,CICMIK__ligand1154-0
372,CICMIK__ligand20419-0
373,CICMIK__ligand21371-0
374,CICMIK__ligand17118-0
375,CICMIK__ligand9615-0
376,CICMIK__ligand28789-0
377,CICMIK__ligand14117-0
378,CICMIK__ligand17261-0
379,CICMIK__ligand1169-0
380,CICMIK__ligand8529-0
381,CICMIK__ligand783-0
382,CICMIK__ligand352-0
383,CICMIK__ligand20539-0
384,CICMIK__ligand20214-0
385,CICMIK__ligand30702-0
386,CICMIK__ligand20251-0
387,CICMIK__ligand31097-0
388,CICMIK__ligand21581-0
389,CICMIK__ligand197-0
390,CICMIK__ligand20251-1
391,CICMIK__ligand2027-0
392,CICMIK__ligand16475-0
393,CICMIK__ligand14703-0
394,CICMIK__ligand1015-0
395,CICMIK__ligand1050-0
396,CICMIK__ligand17398-0
397,CICMIK__ligand1028-0
398,CICMIK__ligand20598-0
399,CICMIK__ligand4262-0
400,CICMIK__ligand11675-0
401,CICMIK__ligand24047-0
402,CICMIK__ligand10589-0
403,CICMIK__ligand22557-0
404,CICMIK__ligand17278-0
405,CICMIK__ligand20011-0
406,CICMIK__ligand17982-0
407,CICMIK__ligand29414-0
408,CICMIK__ligand1618-0
409,CICMIK__ligand2692-0
410,CICMIK__ligand8349-0
411,CICMIK__ligand8464-0
412,CICMIK__ligand27754-0
413,CICMIK__ligand1709-0
414,CICMIK__ligand20695-0
415,CICMIK__ligand28540-0
416,CICMIK__ligand11111-0
417,CICMIK__ligand497-0
418,CICMIK__ligand16369-0
419,CICMIK__ligand17-0
420,CICMIK__ligand22403-0
421,CICMIK__ligand633-0
422,CICMIK__ligand2527-0
423,CICMIK__ligand12003-0
424,CICMIK__ligand5849-0
425,CICMIK__ligand26631-0
426,CICMIK__ligand16148-0
427,CICMIK__ligand21399-0
428,CICMIK__ligand10872-0
429,CICMIK__ligand29215-0
430,CICMIK__ligand3392-0
431,CICMIK__ligand1771-0
432,CICMIK__ligand4911-0
433,CICMIK__ligand21729-0
434,CICMIK__ligand3157-0
435,CICMIK__ligand27239-0
436,CICMIK__ligand9525-0
437,CICMIK__ligand692-0
438,CICMIK__ligand1165-0
439,CICMIK__ligand436-0
440,CICMIK__ligand5935-0
441,CICMIK__ligand19927-0
442,CICMIK__ligand2722-0
443,CICMIK__ligand14043-0
444,CICMIK__ligand28559-0
445,CICMIK__ligand1379-0
446,CICMIK__ligand26324-0
447,CICMIK__ligand11618-0
448,CICMIK__ligand1469-0
449,CICMIK__ligand3871-0
450,CICMIK__ligand1768-0
451,CICMIK__ligand326-0
452,CICMIK__ligand4850-0
453,CICMIK__ligand5056-0
454,CICMIK__ligand3647-0
455,CICMIK__ligand5357-0
456,CICMIK__ligand26529-0
457,CICMIK__ligand1688-0
458,CICMIK__ligand1496-0
459,CICMIK__ligand324-0
460,CICMIK__ligand7557-0
461,CICMIK__ligand89-0
462,CICMIK__ligand361-0
463,CICMIK__ligand409-0
464,CICMIK__ligand17427-0
465,CICMIK__ligand31694-0
466,CICMIK__ligand1533-0
467,CICMIK__ligand29486-0
468,CICMIK__ligand25561-0
469,CICMIK__ligand5094-0
470,CICMIK__ligand5892-0
471,CICMIK__ligand11949-0
472,CICMIK__ligand49-0
473,CICMIK__ligand12138-0
474,CICMIK__ligand24780-0
475,CICMIK__ligand4131-0
476,CICMIK__ligand1712-0
477,CICMIK__ligand22129-0
478,CICMIK__ligand24644-0
479,CICMIK__ligand10033-0
480,CICMIK__ligand9197-0
481,CICMIK__ligand199-0
482,CICMIK__ligand1900-0
483,CICMIK__ligand12001-0
484,CICMIK__ligand1773-0
485,CICMIK__ligand30728-0
486,CICMIK__ligand4581-0
487,CICMIK__ligand27840-0
488,CICMIK__ligand2328-0
489,CICMIK__ligand7162-0
490,CICMIK__ligand3029-0
491,CICMIK__ligand24872-0
492,CICMIK__ligand8722-0
493,CICMIK__ligand9809-0
494,CICMIK__ligand6672-0
495,CICMIK__ligand1327-0
496,CICMIK__ligand11587-0
497,CICMIK__ligand13220-0
498,CICMIK__ligand23175-0
499,CICMIK__ligand15788-0
500,CICMIK__ligand17396-0
501,CICMIK__ligand3350-0
502,CICMIK__ligand300-0
503,CICMIK__ligand7573-0
504,CICMIK__ligand2781-0
505,CICMIK__ligand13385-0
506,CICMIK__ligand2208-0
507,CICMIK__ligand14569-0
508,CICMIK__ligand3208-0
509,CICMIK__ligand588-0
510,CICMIK__ligand24111-0
511,CICMIK__ligand22444-0
512,CICMIK__ligand7925-0
513,CICMIK__ligand69-0
514,CICMIK__ligand24035-0
515,CICMIK__ligand2068-0
516,CICMIK__ligand11994-0
517,CICMIK__ligand31044-0
518,CICMIK__ligand31842-0
519,CICMIK__ligand16663-0
520,CICMIK__ligand1147-0
521,CICMIK__ligand14614-0
522,CICMIK__ligand3973-0
523,CICMIK__ligand4330-0
524,CICMIK__ligand670-0
525,CICMIK__ligand2599-0
526,CICMIK__ligand16988-0
527,CICMIK__ligand25913-0
528,CICMIK__ligand571-0
529,CICMIK__ligand534-0
530,CICMIK__ligand20207-0
531,CICMIK__ligand30711-0
532,CICMIK__ligand11682-0
533,CICMIK__ligand7532-0
534,CICMIK__ligand11-0
535,CICMIK__ligand4194-0
536,CICMIK__ligand24230-0
537,CICMIK__ligand4738-0
538,CICMIK__ligand28810-0
539,CICMIK__ligand4813-0
540,CICMIK__ligand5813-0
541,CICMIK__ligand11447-0
542,CICMIK__ligand11096-0
543,CICMIK__ligand19792-0
544,CICMIK__ligand10828-0
545,CICMIK__ligand15926-0
546,CICMIK__ligand6062-0
547,CICMIK__ligand6283-0
548,CICMIK__ligand11970-0
549,CICMIK__ligand15883-0
550,CICMIK__ligand22294-0
551,CICMIK__ligand358-0
552,CICMIK__ligand430-0
553,CICMIK__ligand22168-0
554,CICMIK__ligand28930-0
555,CICMIK__ligand488-0
556,CICMIK__ligand7107-0
557,CICMIK__ligand21919-0
558,CICMIK__ligand12365-0
559,CICMIK__ligand10056-0
560,CICMIK__ligand694-0
561,CICMIK__ligand13862-0
562,CICMIK__ligand11357-0
563,CICMIK__ligand28743-0
564,CICMIK__ligand3215-0
565,CICMIK__ligand15531-0
566,CICMIK__ligand6946-0
567,CICMIK__ligand1415-0
568,CICMIK__ligand23197-0
569,CICMIK__ligand7529-0
570,CICMIK__ligand27285-0
571,CICMIK__ligand29029-0
572,CICMIK__ligand696-0
573,CICMIK__ligand9148-0
574,CICMIK__ligand656-0
575,CICMIK__ligand14167-0
576,CICMIK__ligand13477-0
577,CICMIK__ligand5316-0
578,CICMIK__ligand27669-0
579,CICMIK__ligand5483-0
580,CICMIK__ligand30142-0
581,CICMIK__ligand1729-0
582,CICMIK__ligand5627-0
583,CICMIK__ligand2830-0
584,CICMIK__ligand9681-0
585,CICMIK__ligand28459-0
586,CICMIK__ligand12453-0
587,CICMIK__ligand18448-0
588,CICMIK__ligand4332-0
589,CICMIK__ligand3012-0
590,CICMIK__ligand19184-0
591,CICMIK__ligand1449-0
592,CICMIK__ligand1065-0
593,CICMIK__ligand7530-0
594,CICMIK__ligand2403-0
595,CICMIK__ligand416-0
596,CICMIK__ligand13672-0
597,CICMIK__ligand383-0
598,CICMIK__ligand18568-0
599,CICMIK__ligand28685-0
600,CICMIK__ligand162-0
601,CICMIK__ligand3934-0
602,CICMIK__ligand226-0
603,CICMIK__ligand6882-0
604,CICMIK__ligand6455-0
605,CICMIK__ligand10371-0
606,CICMIK__ligand48-0
607,CICMIK__ligand6102-0
608,CICMIK__ligand6596-0
609,CICMIK__ligand3721-0
610,CICMIK__ligand6904-0
611,CICMIK__ligand3465-0
612,CICMIK__ligand240-0
613,CICMIK__ligand18757-0
614,CICMIK__ligand24560-0
615,CICMIK__ligand141-0
616,CICMIK__ligand2917-0
617,CICMIK__ligand18413-0
618,CICMIK__ligand20844-0
619,CICMIK__ligand24624-0
620,CICMIK__ligand7819-0
621,CICMIK__ligand21752-0
622,CICMIK__ligand1577-0
623,CICMIK__ligand6067-0
624,CICMIK__ligand2295-0
625,CICMIK__ligand4620-0
626,CICMIK__ligand14339-0
627,CICMIK__ligand30788-0
628,CICMIK__ligand13691-0
629,CICMIK__ligand13755-0
630,CICMIK__ligand16133-0
631,CICMIK__ligand27122-0
632,CICMIK__ligand20432-0
633,CICMIK__ligand24953-0
634,CICMIK__ligand23445-0
635,CICMIK__ligand21940-0
636,CICMIK__ligand768-0
637,CICMIK__ligand51-0
638,CICMIK__ligand25048-0
639,CICMIK__ligand4641-0
640,CICMIK__ligand30004-0
641,CICMIK__ligand20557-0
642,CICMIK__ligand91-0
643,CICMIK__ligand7126-0
644,CICMIK__ligand384-0
645,CICMIK__ligand8835-0
646,CICMIK__ligand2028-0
647,CICMIK__ligand1142-0
648,CICMIK__ligand3234-0
649,CICMIK__ligand757-0
650,CICMIK__ligand7967-0
651,CICMIK__ligand29214-0
652,CICMIK__ligand6124-0
653,CICMIK__ligand3707-0
654,CICMIK__ligand1018-0
655,CICMIK__ligand11501-0
656,CICMIK__ligand11544-0
657,CICMIK__ligand4116-0
658,CICMIK__ligand21448-0
659,CICMIK__ligand8992-0
660,CICMIK__ligand122-0
661,CICMIK__ligand9601-0
662,CICMIK__ligand22357-0
663,CICMIK__ligand11758-0
664,CICMIK__ligand9952-0
665,CICMIK__ligand9111-0
666,CICMIK__ligand20731-0
667,CICMIK__ligand12413-0
668,CICMIK__ligand29334-0
669,CICMIK__ligand11798-0
670,CICMIK__ligand1615-0
671,CICMIK__ligand2526-0
672,CICMIK__ligand5036-0
673,CICMIK__ligand1823-0
674,CICMIK__ligand14477-0
675,CICMIK__ligand5643-0
676,CICMIK__ligand17069-0
677,CICMIK__ligand1324-0
678,CICMIK__ligand17445-0
679,CICMIK__ligand16-0
680,CICMIK__ligand8721-0
681,CICMIK__ligand20942-1
682,CICMIK__ligand1631-0
683,CICMIK__ligand14226-0
684,CICMIK__ligand21339-0
685,CICMIK__ligand16956-0
686,CICMIK__ligand8-0
687,CICMIK__ligand1575-0
688,CICMIK__ligand1530-0
689,CICMIK__ligand9933-0
690,CICMIK__ligand23682-0
691,CICMIK__ligand32-0
692,CICMIK__ligand29565-0
693,CICMIK__ligand9441-0
694,CICMIK__ligand27771-0
695,CICMIK__ligand18158-0
696,CICMIK__ligand2332-0
697,CICMIK__ligand6244-0
698,CICMIK__ligand14007-0
699,CICMIK__ligand1378-0
700,CICMIK__ligand18019-1
701,CICMIK__ligand27550-0
702,CICMIK__ligand2915-0
703,CICMIK__ligand3156-0
704,CICMIK__ligand693-0
705,CICMIK__ligand7238-0
706,CICMIK__ligand20220-0
707,CICMIK__ligand366-0
708,CICMIK__ligand20121-0
709,CICMIK__ligand15387-0
710,CICMIK__ligand1304-0
711,CICMIK__ligand1790-0
712,CICMIK__ligand7280-0
713,CICMIK__ligand7867-0
714,CICMIK__ligand657-0
715,CICMIK__ligand1219-0
716,CICMIK__ligand6709-0
717,CICMIK__ligand4016-0
718,CICMIK__ligand16952-0
719,CICMIK__ligand187-0
720,CICMIK__ligand29813-0
721,CICMIK__ligand9520-0
722,CICMIK__ligand10479-0
723,CICMIK__ligand27610-0
724,CICMIK__ligand11479-0
725,CICMIK__ligand8699-0
726,CICMIK__ligand1160-0
727,CICMIK__ligand941-0
728,CICMIK__ligand29441-0
729,CICMIK__ligand596-0
730,CICMIK__ligand3954-0
731,CICMIK__ligand4093-0
732,CICMIK__ligand10853-0
733,CICMIK__ligand4442-0
734,CICMIK__ligand777-0
735,CICMIK__ligand4272-0
736,CICMIK__ligand1451-0
737,CICMIK__ligand24851-0
738,CICMIK__ligand7629-0
739,CICMIK__ligand13657-0
740,CICMIK__ligand14347-0
741,CICMIK__ligand14302-0
742,CICMIK__ligand20530-0
743,CICMIK__ligand9784-0
744,CICMIK__ligand11698-0
745,CICMIK__ligand126-0
746,CICMIK__ligand2176-0
747,CICMIK__ligand163-0
748,CICMIK__ligand9291-0
749,CICMIK__ligand22353-0
750,CICMIK__ligand2232-0
751,CICMIK__ligand19906-0
752,CICMIK__ligand19668-0
753,CICMIK__ligand4157-0
754,CICMIK__ligand9833-0
755,CICMIK__ligand7648-0
756,CICMIK__ligand8876-0
757,CICMIK__ligand2828-0
758,CICMIK__ligand5256-0
759,CICMIK__ligand4546-0
760,CICMIK__ligand10151-0
761,CICMIK__ligand4503-0
762,CICMIK__ligand845-0
763,CICMIK__ligand57-0
764,CICMIK__ligand1285-0
765,CICMIK__ligand8115-0
766,CICMIK__ligand6768-0
767,CICMIK__ligand1982-0
768,CICMIK__ligand7000-0
769,CICMIK__ligand11252-0
770,CICMIK__ligand55-0
771,CICMIK__ligand6919-0
772,CICMIK__ligand3852-0
773,CICMIK__ligand10582-0
774,CICMIK__ligand13260-0
775,CICMIK__ligand2485-0
776,CICMIK__ligand1512-0
777,CICMIK__ligand5331-0
778,CICMIK__ligand3565-0
779,CICMIK__ligand19824-0
780,CICMIK__ligand18067-0
781,CICMIK__ligand26673-0
782,CICMIK__ligand4720-0
783,CICMIK__ligand20821-0
784,CICMIK__ligand6839-0
785,CICMIK__ligand8969-0
786,CICMIK__ligand3131-0
787,CICMIK__ligand3174-0
788,CICMIK__ligand3937-0
789,CICMIK__ligand1202-0
790,CICMIK__ligand68-0
791,CICMIK__ligand11606-0
792,CICMIK__ligand5211-0
793,CICMIK__ligand4155-0
794,CICMIK__ligand3094-0
795,CICMIK__ligand338-0
796,CICMIK__ligand31000-0
797,CICMIK__ligand11814-0
798,CICMIK__ligand9908-0
799,CICMIK__ligand1263-0
800,CICMIK__ligand201-0
801,CICMIK__ligand16603-0
802,CICMIK__ligand16870-0
803,CICMIK__ligand7242-0
804,CICMIK__ligand7106-0
805,CICMIK__ligand11622-0
806,CICMIK__ligand6616-0
807,CICMIK__ligand1343-0
808,CICMIK__ligand3876-0
809,CICMIK__ligand3035-0
810,CICMIK__ligand11177-0
811,CICMIK__ligand34-0
812,CICMIK__ligand3718-0
813,CICMIK__ligand1844-0
814,CICMIK__ligand4661-0
815,CICMIK__ligand15455-0
816,CICMIK__ligand321-0
817,CICMIK__ligand279-0
818,CICMIK__ligand1959-0
819,CICMIK__ligand3504-0
820,CICMIK__ligand185-0
821,CICMIK__ligand178-0
822,CICMIK__ligand31205-0
823,CICMIK__ligand9935-0
824,CICMIK__ligand25658-0
825,CICMIK__ligand1573-0
826,CICMIK__ligand17686-0
827,CICMIK__ligand1536-0
