,TMC
0,NONPAI__ligand553-0
1,NONPAI__ligand283-0
2,NONPAI__ligand821-0
3,NONPAI__ligand1307-0
4,NONPAI__ligand326-0
5,NONPAI__ligand436-0
6,NONPAI__ligand57-0
7,NONPAI__ligand142-0
8,NONPAI__ligand206-0
9,NONPAI__ligand73-0
10,NONPAI__ligand838-0
11,NONPAI__ligand6166-0
12,NONPAI__ligand1246-0
13,NONPAI__ligand166-0
14,NONPAI__ligand5089-0
15,NONPAI__ligand2599-0
16,NONPAI__ligand633-0
17,NONPAI__ligand918-0
18,NONPAI__ligand532-0
19,NONPAI__ligand3853-0
20,NONPAI__ligand2853-0
21,NONPAI__ligand497-0
22,NONPAI__ligand3566-0
23,NONPAI__ligand575-0
24,NONPAI__ligand1178-0
25,NONPAI__ligand1321-0
26,NONPAI__ligand1788-0
27,NONPAI__ligand34-0
28,NONPAI__ligand927-0
29,NONPAI__ligand199-0
30,NONPAI__ligand55-0
31,NONPAI__ligand4894-0
32,NONPAI__ligand1260-0
33,NONPAI__ligand9620-0
34,NONPAI__ligand140-0
35,NONPAI__ligand105-0
36,NONPAI__ligand4811-0
37,NONPAI__ligand1449-1
38,NONPAI__ligand3337-0
39,NONPAI__ligand7514-0
40,NONPAI__ligand409-0
41,NONPAI__ligand95-0
42,NONPAI__ligand324-0
43,NONPAI__ligand361-0
44,NONPAI__ligand669-0
45,NONPAI__ligand1221-0
46,NONPAI__ligand1264-0
47,NONPAI__ligand6430-0
48,NONPAI__ligand1299-0
49,NONPAI__ligand430-0
50,NONPAI__ligand358-0
51,NONPAI__ligand1379-0
52,NONPAI__ligand51-0
53,NONPAI__ligand29-0
54,NONPAI__ligand2376-0
55,NONPAI__ligand91-0
56,NONPAI__ligand365-0
57,NONPAI__ligand278-0
58,NONPAI__ligand2929-0
59,NONPAI__ligand6571-0
60,NONPAI__ligand6-0
61,NONPAI__ligand1325-0
62,NONPAI__ligand48-0
63,NONPAI__ligand2482-0
64,NONPAI__ligand118-0
65,NONPAI__ligand670-0
66,NONPAI__ligand571-0
67,NONPAI__ligand509-0
68,NONPAI__ligand7414-0
69,NONPAI__ligand5762-0
70,NONPAI__ligand1104-0
71,NONPAI__ligand2442-0
72,NONPAI__ligand1019-0
73,NONPAI__ligand162-0
74,NONPAI__ligand226-0
75,NONPAI__ligand1858-0
76,NONPAI__ligand8032-0
77,NONPAI__ligand383-0
78,NONPAI__ligand32-0
79,NONPAI__ligand4504-0
80,NONPAI__ligand4-0
81,NONPAI__ligand3051-0
82,NONPAI__ligand2480-0
83,NONPAI__ligand1898-0
84,NONPAI__ligand2315-0
85,NONPAI__ligand5334-0
86,NONPAI__ligand2389-0
87,NONPAI__ligand1919-0
88,NONPAI__ligand3579-0
89,NONPAI__ligand2916-0
90,NONPAI__ligand2110-0
91,NONPAI__ligand1712-0
92,NONPAI__ligand120-0
93,NONPAI__ligand4423-0
94,NONPAI__ligand1907-0
95,NONPAI__ligand3890-0
96,NONPAI__ligand384-0
97,NONPAI__ligand3-0
98,NONPAI__ligand7630-0
99,NONPAI__ligand1285-0
100,NONPAI__ligand1555-0
101,NONPAI__ligand7550-0
102,NONPAI__ligand2253-0
103,NONPAI__ligand1160-0
104,NONPAI__ligand240-0
105,NONPAI__ligand2954-0
106,NONPAI__ligand5093-0
107,NONPAI__ligand141-0
108,NONPAI__ligand11-0
109,NONPAI__ligand2762-0
110,NONPAI__ligand1038-0
111,NONPAI__ligand3251-0
112,NONPAI__ligand4619-0
113,NONPAI__ligand5235-0
114,NONPAI__ligand6143-0
115,NONPAI__ligand2718-0
116,NONPAI__ligand3070-0
117,NONPAI__ligand3035-0
118,NONPAI__ligand1493-0
119,NONPAI__ligand9176-0
120,NONPAI__ligand797-0
121,NONPAI__ligand3478-0
122,NONPAI__ligand1-0
123,NONPAI__ligand3852-0
124,NONPAI__ligand5758-0
125,NONPAI__ligand7456-0
126,NONPAI__ligand757-0
127,NONPAI__ligand1818-0
128,NONPAI__ligand4370-0
129,NONPAI__ligand1436-0
130,NONPAI__ligand3618-0
131,NONPAI__ligand126-0
132,NONPAI__ligand2618-0
133,NONPAI__ligand17-0
134,NONPAI__ligand4175-0
135,NONPAI__ligand2255-0
136,NONPAI__ligand596-0
137,NONPAI__ligand612-0
138,NONPAI__ligand187-0
139,NONPAI__ligand1918-0
140,NONPAI__ligand366-0
141,NONPAI__ligand92-0
142,NONPAI__ligand861-0
143,NONPAI__ligand4012-0
144,NONPAI__ligand3196-0
145,NONPAI__ligand279-0
146,NONPAI__ligand178-0
147,NONPAI__ligand321-0
148,NONPAI__ligand2915-0
149,NONPAI__ligand100-0
150,NONPAI__ligand201-0
151,NONPAI__ligand244-0
152,NONPAI__ligand2707-0
153,NONPAI__ligand89-0
154,NONPAI__ligand11730-0
155,NONPAI__ligand124-0
156,NONPAI__ligand1690-0
157,NONPAI__ligand1551-0
158,NONPAI__ligand119-0
159,NONPAI__ligand2526-0
160,NONPAI__ligand49-0
161,NONPAI__ligand115-0
162,NONPAI__ligand1171-0
163,NONPAI__ligand45-0
164,NONPAI__ligand78-0
165,NONPAI__ligand3063-0
166,NONPAI__ligand1438-0
167,NONPAI__ligand85-0
168,NONPAI__ligand5801-0
169,NONPAI__ligand291-0
170,NONPAI__ligand355-0
171,NONPAI__ligand784-0
172,NONPAI__ligand1459-0
173,NONPAI__ligand485-0
174,NONPAI__ligand1544-0
175,NONPAI__ligand1685-0
176,NONPAI__ligand3757-0
177,NONPAI__ligand2087-0
178,NONPAI__ligand1048-0
179,NONPAI__ligand1687-0
180,NONPAI__ligand133-0
181,NONPAI__ligand1951-0
182,NONPAI__ligand447-0
183,NONPAI__ligand6277-0
184,NONPAI__ligand1376-0
185,NONPAI__ligand2768-0
186,NONPAI__ligand487-0
187,NONPAI__ligand2259-0
188,NONPAI__ligand522-0
189,NONPAI__ligand2688-0
190,NONPAI__ligand666-0
191,NONPAI__ligand15630-0
192,NONPAI__ligand10357-0
193,NONPAI__ligand682-0
194,NONPAI__ligand4381-0
195,NONPAI__ligand2629-0
196,NONPAI__ligand3734-0
197,NONPAI__ligand1706-0
198,NONPAI__ligand6332-0
199,NONPAI__ligand196-0
200,NONPAI__ligand502-0
201,NONPAI__ligand3178-0
202,NONPAI__ligand2863-0
203,NONPAI__ligand2098-0
204,NONPAI__ligand6502-0
205,NONPAI__ligand1747-0
206,NONPAI__ligand6686-0
207,NONPAI__ligand422-0
208,NONPAI__ligand7915-0
209,NONPAI__ligand5548-0
210,NONPAI__ligand113-0
211,NONPAI__ligand3145-0
212,NONPAI__ligand67-0
213,NONPAI__ligand2751-0
214,NONPAI__ligand236-0
215,NONPAI__ligand2634-0
216,NONPAI__ligand1542-0
217,NONPAI__ligand353-0
218,NONPAI__ligand3041-0
219,NONPAI__ligand9244-0
220,NONPAI__ligand1228-0
221,NONPAI__ligand481-0
222,NONPAI__ligand314-0
223,NONPAI__ligand391-0
224,NONPAI__ligand170-0
225,NONPAI__ligand1538-0
226,NONPAI__ligand1114-0
227,NONPAI__ligand3246-0
228,NONPAI__ligand210-0
229,NONPAI__ligand1148-0
230,NONPAI__ligand1479-0
231,NONPAI__ligand909-0
232,NONPAI__ligand1502-0
233,NONPAI__ligand4983-0
234,NONPAI__ligand851-0
235,NONPAI__ligand2794-0
236,NONPAI__ligand2345-0
237,NONPAI__ligand1835-0
238,NONPAI__ligand62-0
239,NONPAI__ligand9027-0
240,NONPAI__ligand6396-0
241,NONPAI__ligand177-0
242,NONPAI__ligand934-0
243,NONPAI__ligand1113-0
244,NONPAI__ligand2265-0
245,NONPAI__ligand10910-0
246,NONPAI__ligand8-0
247,NONPAI__ligand252-0
248,NONPAI__ligand955-0
249,NONPAI__ligand1273-0
250,NONPAI__ligand193-0
251,NONPAI__ligand86-0
252,NONPAI__ligand1052-0
253,NONPAI__ligand14530-0
254,NONPAI__ligand830-0
255,NONPAI__ligand10479-0
256,NONPAI__ligand2864-0
257,NONPAI__ligand370-0
258,NONPAI__ligand460-0
259,NONPAI__ligand6538-0
260,NONPAI__ligand9495-0
261,NONPAI__ligand6151-0
262,NONPAI__ligand2772-0
263,NONPAI__ligand2142-0
264,NONPAI__ligand250-0
265,NONPAI__ligand2838-0
266,NONPAI__ligand1799-0
267,NONPAI__ligand3838-0
268,NONPAI__ligand2880-0
269,NONPAI__ligand369-0
270,NONPAI__ligand5941-0
271,NONPAI__ligand444-0
272,NONPAI__ligand10114-0
273,NONPAI__ligand188-0
274,NONPAI__ligand5022-0
275,NONPAI__ligand1169-0
276,NONPAI__ligand311-0
277,NONPAI__ligand18-0
278,NONPAI__ligand134-0
279,NONPAI__ligand932-0
280,NONPAI__ligand235-0
281,NONPAI__ligand390-0
282,NONPAI__ligand21-0
283,NONPAI__ligand8774-0
284,NONPAI__ligand525-0
285,NONPAI__ligand560-0
286,NONPAI__ligand109-0
287,NONPAI__ligand3637-0
288,NONPAI__ligand1054-0
289,NONPAI__ligand331-0
290,NONPAI__ligand38-0
291,NONPAI__ligand6294-0
292,NONPAI__ligand1248-0
293,NONPAI__ligand294-0
294,NONPAI__ligand4303-0
295,NONPAI__ligand1598-0
296,NONPAI__ligand993-0
297,NONPAI__ligand7464-0
298,NONPAI__ligand584-0
299,NONPAI__ligand916-0
300,NONPAI__ligand40-0
301,NONPAI__ligand421-0
302,NONPAI__ligand798-0
303,NONPAI__ligand112-0
304,NONPAI__ligand2907-0
305,NONPAI__ligand1703-0
306,NONPAI__ligand2430-0
307,NONPAI__ligand2862-0
308,NONPAI__ligand2320-0
309,NONPAI__ligand1056-0
310,NONPAI__ligand2510-0
311,NONPAI__ligand197-0
312,NONPAI__ligand2285-0
313,NONPAI__ligand1567-0
314,NONPAI__ligand296-0
315,NONPAI__ligand8921-0
316,NONPAI__ligand352-0
317,NONPAI__ligand783-0
318,NONPAI__ligand1607-0
319,NONPAI__ligand1152-0
320,NONPAI__ligand136-0
321,NONPAI__ligand66-0
322,NONPAI__ligand868-0
323,NONPAI__ligand442-0
324,NONPAI__ligand1727-0
