,TMC
0,EBOLIR__ligand23197-0
1,EBOLIR__ligand152-0
2,EBOLIR__ligand1169-0
3,EBOLIR__ligand8529-0
4,EBOLIR__ligand27285-0
5,EBOLIR__ligand29029-0
6,EBOLIR__ligand30142-0
7,EBOLIR__ligand9615-0
8,EBOLIR__ligand27669-0
9,EBOLIR__ligand1154-0
10,EBOLIR__ligand13477-0
11,EBOLIR__ligand14167-0
12,EBOLIR__ligand1498-0
13,EBOLIR__ligand4596-0
14,EBOLIR__ligand506-0
15,EBOLIR__ligand48-0
16,EBOLIR__ligand18448-0
17,EBOLIR__ligand1618-0
18,EBOLIR__ligand12453-0
19,EBOLIR__ligand487-0
20,EBOLIR__ligand2692-0
21,EBOLIR__ligand28459-0
22,EBOLIR__ligand4262-0
23,EBOLIR__ligand19184-0
24,EBOLIR__ligand91-0
25,EBOLIR__ligand1028-0
26,EBOLIR__ligand28685-0
27,EBOLIR__ligand18568-0
28,EBOLIR__ligand1015-0
29,EBOLIR__ligand1050-0
30,EBOLIR__ligand176-0
31,EBOLIR__ligand13672-0
32,EBOLIR__ligand51-0
33,EBOLIR__ligand2027-0
34,EBOLIR__ligand447-0
35,EBOLIR__ligand10371-0
36,EBOLIR__ligand746-0
37,EBOLIR__ligand31842-0
38,EBOLIR__ligand2823-0
39,EBOLIR__ligand31044-0
40,EBOLIR__ligand11994-0
41,EBOLIR__ligand16-0
42,EBOLIR__ligand6995-0
43,EBOLIR__ligand24035-0
44,EBOLIR__ligand14614-0
45,EBOLIR__ligand3180-0
46,EBOLIR__ligand395-0
47,EBOLIR__ligand16663-0
48,EBOLIR__ligand368-0
49,EBOLIR__ligand4340-0
50,EBOLIR__ligand2281-0
51,EBOLIR__ligand2650-0
52,EBOLIR__ligand784-0
53,EBOLIR__ligand5415-0
54,EBOLIR__ligand16988-0
55,EBOLIR__ligand25913-0
56,EBOLIR__ligand3471-0
57,EBOLIR__ligand4161-0
58,EBOLIR__ligand4124-0
59,EBOLIR__ligand11682-0
60,EBOLIR__ligand30711-0
61,EBOLIR__ligand20207-0
62,EBOLIR__ligand15926-0
63,EBOLIR__ligand8553-0
64,EBOLIR__ligand833-0
65,EBOLIR__ligand19792-0
66,EBOLIR__ligand10828-0
67,EBOLIR__ligand1113-0
68,EBOLIR__ligand28810-0
69,EBOLIR__ligand11096-0
70,EBOLIR__ligand11447-0
71,EBOLIR__ligand24230-0
72,EBOLIR__ligand5201-0
73,EBOLIR__ligand15883-0
74,EBOLIR__ligand11970-0
75,EBOLIR__ligand21919-0
76,EBOLIR__ligand115-0
77,EBOLIR__ligand7566-0
78,EBOLIR__ligand28930-0
79,EBOLIR__ligand22168-0
80,EBOLIR__ligand32-0
81,EBOLIR__ligand22294-0
82,EBOLIR__ligand2001-0
83,EBOLIR__ligand13862-0
84,EBOLIR__ligand11357-0
85,EBOLIR__ligand8593-0
86,EBOLIR__ligand15531-0
87,EBOLIR__ligand9944-0
88,EBOLIR__ligand28743-0
89,EBOLIR__ligand10056-0
90,EBOLIR__ligand12365-0
91,EBOLIR__ligand17427-0
92,EBOLIR__ligand1849-0
93,EBOLIR__ligand314-1
94,EBOLIR__ligand29486-0
95,EBOLIR__ligand1216-0
96,EBOLIR__ligand5019-0
97,EBOLIR__ligand31694-0
98,EBOLIR__ligand1152-0
99,EBOLIR__ligand3261-0
100,EBOLIR__ligand25561-0
101,EBOLIR__ligand465-0
102,EBOLIR__ligand22129-0
103,EBOLIR__ligand12138-0
104,EBOLIR__ligand6663-0
105,EBOLIR__ligand24780-0
106,EBOLIR__ligand5515-0
107,EBOLIR__ligand1831-0
108,EBOLIR__ligand5280-0
109,EBOLIR__ligand5614-0
110,EBOLIR__ligand11949-0
111,EBOLIR__ligand12001-0
112,EBOLIR__ligand4795-0
113,EBOLIR__ligand3285-0
114,EBOLIR__ligand1908-0
115,EBOLIR__ligand10033-0
116,EBOLIR__ligand391-0
117,EBOLIR__ligand24644-0
118,EBOLIR__ligand5630-0
119,EBOLIR__ligand24872-0
120,EBOLIR__ligand618-0
121,EBOLIR__ligand27840-0
122,EBOLIR__ligand1786-0
123,EBOLIR__ligand3-0
124,EBOLIR__ligand57-0
125,EBOLIR__ligand30728-0
126,EBOLIR__ligand17396-0
127,EBOLIR__ligand8042-0
128,EBOLIR__ligand23175-0
129,EBOLIR__ligand6112-0
130,EBOLIR__ligand15788-0
131,EBOLIR__ligand1828-0
132,EBOLIR__ligand13220-0
133,EBOLIR__ligand11587-0
134,EBOLIR__ligand7213-0
135,EBOLIR__ligand1397-0
136,EBOLIR__ligand24111-0
137,EBOLIR__ligand813-0
138,EBOLIR__ligand5755-0
139,EBOLIR__ligand4710-0
140,EBOLIR__ligand22444-0
141,EBOLIR__ligand14569-0
142,EBOLIR__ligand780-0
143,EBOLIR__ligand314-0
144,EBOLIR__ligand5085-0
145,EBOLIR__ligand3144-0
146,EBOLIR__ligand13385-0
147,EBOLIR__ligand16369-0
148,EBOLIR__ligand4167-0
149,EBOLIR__ligand28540-0
150,EBOLIR__ligand11111-0
151,EBOLIR__ligand4266-0
152,EBOLIR__ligand1400-0
153,EBOLIR__ligand20695-0
154,EBOLIR__ligand68-0
155,EBOLIR__ligand27754-0
156,EBOLIR__ligand9491-0
157,EBOLIR__ligand353-0
158,EBOLIR__ligand1288-0
159,EBOLIR__ligand22403-0
160,EBOLIR__ligand3980-0
161,EBOLIR__ligand3557-0
162,EBOLIR__ligand393-0
163,EBOLIR__ligand21399-0
164,EBOLIR__ligand1149-0
165,EBOLIR__ligand10872-0
166,EBOLIR__ligand7075-0
167,EBOLIR__ligand16148-0
168,EBOLIR__ligand26631-0
169,EBOLIR__ligand12003-0
170,EBOLIR__ligand9750-0
171,EBOLIR__ligand55-0
172,EBOLIR__ligand1-0
173,EBOLIR__ligand29215-0
174,EBOLIR__ligand1779-0
175,EBOLIR__ligand6993-0
176,EBOLIR__ligand1817-0
177,EBOLIR__ligand422-0
178,EBOLIR__ligand8200-0
179,EBOLIR__ligand21729-0
180,EBOLIR__ligand7438-0
181,EBOLIR__ligand27239-0
182,EBOLIR__ligand4063-0
183,EBOLIR__ligand28559-0
184,EBOLIR__ligand26324-0
185,EBOLIR__ligand14043-0
186,EBOLIR__ligand3042-0
187,EBOLIR__ligand19927-0
188,EBOLIR__ligand686-0
189,EBOLIR__ligand34-0
190,EBOLIR__ligand196-0
191,EBOLIR__ligand4207-0
192,EBOLIR__ligand11618-0
193,EBOLIR__ligand3453-0
194,EBOLIR__ligand3416-0
195,EBOLIR__ligand1150-0
196,EBOLIR__ligand26529-0
197,EBOLIR__ligand1539-0
198,EBOLIR__ligand10582-0
199,EBOLIR__ligand13260-0
200,EBOLIR__ligand370-1
201,EBOLIR__ligand620-0
202,EBOLIR__ligand8002-0
203,EBOLIR__ligand11252-0
204,EBOLIR__ligand5509-0
205,EBOLIR__ligand564-0
206,EBOLIR__ligand6117-0
207,EBOLIR__ligand1407-0
208,EBOLIR__ligand311-0
209,EBOLIR__ligand5080-0
210,EBOLIR__ligand19824-0
211,EBOLIR__ligand7762-0
212,EBOLIR__ligand785-0
213,EBOLIR__ligand18067-0
214,EBOLIR__ligand479-0
215,EBOLIR__ligand2238-0
216,EBOLIR__ligand20821-0
217,EBOLIR__ligand9167-0
218,EBOLIR__ligand26673-0
219,EBOLIR__ligand5304-0
220,EBOLIR__ligand3867-0
221,EBOLIR__ligand1317-0
222,EBOLIR__ligand7293-0
223,EBOLIR__ligand31000-0
224,EBOLIR__ligand2822-0
225,EBOLIR__ligand188-0
226,EBOLIR__ligand17-0
227,EBOLIR__ligand11606-0
228,EBOLIR__ligand1197-0
229,EBOLIR__ligand8592-0
230,EBOLIR__ligand16603-0
231,EBOLIR__ligand5099-0
232,EBOLIR__ligand1296-0
233,EBOLIR__ligand11814-0
234,EBOLIR__ligand2259-0
235,EBOLIR__ligand11622-0
236,EBOLIR__ligand16870-0
237,EBOLIR__ligand9773-0
238,EBOLIR__ligand1376-0
239,EBOLIR__ligand250-0
240,EBOLIR__ligand5510-0
241,EBOLIR__ligand15455-0
242,EBOLIR__ligand5595-0
243,EBOLIR__ligand4101-0
244,EBOLIR__ligand11177-0
245,EBOLIR__ligand17686-0
246,EBOLIR__ligand25658-0
247,EBOLIR__ligand31205-0
248,EBOLIR__ligand2221-0
249,EBOLIR__ligand4358-0
250,EBOLIR__ligand370-0
251,EBOLIR__ligand3926-0
252,EBOLIR__ligand3120-0
253,EBOLIR__ligand15387-0
254,EBOLIR__ligand1499-0
255,EBOLIR__ligand2881-0
256,EBOLIR__ligand20121-0
257,EBOLIR__ligand193-0
258,EBOLIR__ligand49-0
259,EBOLIR__ligand3712-0
260,EBOLIR__ligand1464-0
261,EBOLIR__ligand20220-0
262,EBOLIR__ligand372-0
263,EBOLIR__ligand1211-0
264,EBOLIR__ligand29813-0
265,EBOLIR__ligand16952-0
266,EBOLIR__ligand830-0
267,EBOLIR__ligand6892-0
268,EBOLIR__ligand29441-0
269,EBOLIR__ligand1168-0
270,EBOLIR__ligand10853-0
271,EBOLIR__ligand1294-0
272,EBOLIR__ligand3677-0
273,EBOLIR__ligand27610-0
274,EBOLIR__ligand10479-0
275,EBOLIR__ligand3632-0
276,EBOLIR__ligand11479-0
277,EBOLIR__ligand20530-0
278,EBOLIR__ligand252-0
279,EBOLIR__ligand11698-0
280,EBOLIR__ligand14302-0
281,EBOLIR__ligand14347-0
282,EBOLIR__ligand13657-0
283,EBOLIR__ligand89-0
284,EBOLIR__ligand24851-0
285,EBOLIR__ligand116-0
286,EBOLIR__ligand6699-0
287,EBOLIR__ligand9299-0
288,EBOLIR__ligand22353-0
289,EBOLIR__ligand4007-0
290,EBOLIR__ligand2985-0
291,EBOLIR__ligand9883-0
292,EBOLIR__ligand3677-1
293,EBOLIR__ligand177-0
294,EBOLIR__ligand19668-0
295,EBOLIR__ligand7291-0
296,EBOLIR__ligand4-0
297,EBOLIR__ligand19906-0
298,EBOLIR__ligand3736-0
299,EBOLIR__ligand8000-0
300,EBOLIR__ligand10151-0
301,EBOLIR__ligand9344-0
302,EBOLIR__ligand909-0
303,EBOLIR__ligand2693-0
304,EBOLIR__ligand5383-0
305,EBOLIR__ligand3945-0
306,EBOLIR__ligand11544-0
307,EBOLIR__ligand11501-0
308,EBOLIR__ligand11-0
309,EBOLIR__ligand29214-0
310,EBOLIR__ligand9450-0
311,EBOLIR__ligand22357-0
312,EBOLIR__ligand11758-0
313,EBOLIR__ligand868-0
314,EBOLIR__ligand1599-0
315,EBOLIR__ligand2612-0
316,EBOLIR__ligand21448-0
317,EBOLIR__ligand11798-0
318,EBOLIR__ligand352-0
319,EBOLIR__ligand783-0
320,EBOLIR__ligand1289-0
321,EBOLIR__ligand12413-0
322,EBOLIR__ligand29334-0
323,EBOLIR__ligand5387-0
324,EBOLIR__ligand2203-0
325,EBOLIR__ligand20731-0
326,EBOLIR__ligand17445-0
327,EBOLIR__ligand69-0
328,EBOLIR__ligand17069-0
329,EBOLIR__ligand14477-0
330,EBOLIR__ligand1114-0
331,EBOLIR__ligand3126-0
332,EBOLIR__ligand6391-0
333,EBOLIR__ligand9284-0
334,EBOLIR__ligand20942-1
335,EBOLIR__ligand16956-0
336,EBOLIR__ligand21339-0
337,EBOLIR__ligand14226-0
338,EBOLIR__ligand18158-0
339,EBOLIR__ligand197-0
340,EBOLIR__ligand27771-0
341,EBOLIR__ligand29565-0
342,EBOLIR__ligand2417-0
343,EBOLIR__ligand23682-0
344,EBOLIR__ligand18019-1
345,EBOLIR__ligand1832-0
346,EBOLIR__ligand8788-0
347,EBOLIR__ligand14007-0
348,EBOLIR__ligand2043-0
349,EBOLIR__ligand9943-0
350,EBOLIR__ligand1228-0
351,EBOLIR__ligand1604-0
352,EBOLIR__ligand27550-0
353,EBOLIR__ligand685-0
354,EBOLIR__ligand5180-0
355,EBOLIR__ligand20844-0
356,EBOLIR__ligand18413-0
357,EBOLIR__ligand7316-0
358,EBOLIR__ligand24624-0
359,EBOLIR__ligand5708-0
360,EBOLIR__ligand6017-0
361,EBOLIR__ligand18757-0
362,EBOLIR__ligand421-0
363,EBOLIR__ligand24560-0
364,EBOLIR__ligand8612-0
365,EBOLIR__ligand2124-0
366,EBOLIR__ligand2260-0
367,EBOLIR__ligand7092-0
368,EBOLIR__ligand21752-0
369,EBOLIR__ligand1116-0
370,EBOLIR__ligand1153-0
371,EBOLIR__ligand3225-0
372,EBOLIR__ligand294-0
373,EBOLIR__ligand7273-0
374,EBOLIR__ligand9323-0
375,EBOLIR__ligand30788-0
376,EBOLIR__ligand13691-0
377,EBOLIR__ligand7172-0
378,EBOLIR__ligand14339-0
379,EBOLIR__ligand23445-0
380,EBOLIR__ligand24953-0
381,EBOLIR__ligand3244-0
382,EBOLIR__ligand4711-0
383,EBOLIR__ligand2906-0
384,EBOLIR__ligand20432-0
385,EBOLIR__ligand27122-0
386,EBOLIR__ligand16133-0
387,EBOLIR__ligand13755-0
388,EBOLIR__ligand560-0
389,EBOLIR__ligand4649-0
390,EBOLIR__ligand25048-0
391,EBOLIR__ligand2788-0
392,EBOLIR__ligand5649-0
393,EBOLIR__ligand8793-0
394,EBOLIR__ligand21940-0
395,EBOLIR__ligand7196-0
396,EBOLIR__ligand134-0
397,EBOLIR__ligand5159-0
398,EBOLIR__ligand1356-0
399,EBOLIR__ligand1787-0
400,EBOLIR__ligand20557-0
401,EBOLIR__ligand30004-0
402,EBOLIR__ligand5530-0
403,EBOLIR__ligand235-0
404,EBOLIR__ligand9753-0
405,EBOLIR__ligand3178-0
406,EBOLIR__ligand4807-0
407,EBOLIR__ligand3094-0
408,EBOLIR__ligand4155-0
409,EBOLIR__ligand21132-0
410,EBOLIR__ligand11166-0
411,EBOLIR__ligand23906-0
412,EBOLIR__ligand5211-0
413,EBOLIR__ligand409-0
414,EBOLIR__ligand6839-0
415,EBOLIR__ligand3131-0
416,EBOLIR__ligand1202-0
417,EBOLIR__ligand3937-0
418,EBOLIR__ligand3174-0
419,EBOLIR__ligand361-0
420,EBOLIR__ligand8969-0
421,EBOLIR__ligand324-0
422,EBOLIR__ligand30539-0
423,EBOLIR__ligand4720-0
424,EBOLIR__ligand3565-0
425,EBOLIR__ligand5331-0
426,EBOLIR__ligand21787-0
427,EBOLIR__ligand1512-0
428,EBOLIR__ligand25575-0
429,EBOLIR__ligand25689-0
430,EBOLIR__ligand67-0
431,EBOLIR__ligand12295-0
432,EBOLIR__ligand6919-0
433,EBOLIR__ligand2485-0
434,EBOLIR__ligand3852-0
435,EBOLIR__ligand27835-0
436,EBOLIR__ligand9935-0
437,EBOLIR__ligand1573-0
438,EBOLIR__ligand1536-0
439,EBOLIR__ligand1959-0
440,EBOLIR__ligand31248-0
441,EBOLIR__ligand3504-0
442,EBOLIR__ligand25650-0
443,EBOLIR__ligand19257-0
444,EBOLIR__ligand13209-0
445,EBOLIR__ligand4661-0
446,EBOLIR__ligand1844-0
447,EBOLIR__ligand6616-0
448,EBOLIR__ligand3035-0
449,EBOLIR__ligand3876-0
450,EBOLIR__ligand1343-0
451,EBOLIR__ligand12660-0
452,EBOLIR__ligand43-0
453,EBOLIR__ligand3718-0
454,EBOLIR__ligand199-0
455,EBOLIR__ligand11206-0
456,EBOLIR__ligand7106-0
457,EBOLIR__ligand23124-0
458,EBOLIR__ligand588-0
459,EBOLIR__ligand12519-0
460,EBOLIR__ligand25735-0
461,EBOLIR__ligand7242-0
462,EBOLIR__ligand1263-0
463,EBOLIR__ligand9908-0
464,EBOLIR__ligand300-0
465,EBOLIR__ligand633-0
466,EBOLIR__ligand11140-0
467,EBOLIR__ligand9784-0
468,EBOLIR__ligand4272-0
469,EBOLIR__ligand1451-0
470,EBOLIR__ligand29610-0
471,EBOLIR__ligand7629-0
472,EBOLIR__ligand29863-0
473,EBOLIR__ligand3954-0
474,EBOLIR__ligand4442-0
475,EBOLIR__ligand18074-0
476,EBOLIR__ligand4093-0
477,EBOLIR__ligand13869-0
478,EBOLIR__ligand9520-0
479,EBOLIR__ligand1160-0
480,EBOLIR__ligand497-0
481,EBOLIR__ligand8699-0
482,EBOLIR__ligand4016-0
483,EBOLIR__ligand18465-0
484,EBOLIR__ligand18799-0
485,EBOLIR__ligand7867-0
486,EBOLIR__ligand6709-0
487,EBOLIR__ligand1219-0
488,EBOLIR__ligand7280-0
489,EBOLIR__ligand1304-0
490,EBOLIR__ligand28668-0
491,EBOLIR__ligand1790-0
492,EBOLIR__ligand16791-0
493,EBOLIR__ligand7238-0
494,EBOLIR__ligand27169-0
495,EBOLIR__ligand6768-0
496,EBOLIR__ligand8115-0
497,EBOLIR__ligand14523-0
498,EBOLIR__ligand436-0
499,EBOLIR__ligand7000-0
500,EBOLIR__ligand18391-0
501,EBOLIR__ligand1982-0
502,EBOLIR__ligand1285-0
503,EBOLIR__ligand25805-0
504,EBOLIR__ligand22981-0
505,EBOLIR__ligand20599-0
506,EBOLIR__ligand692-0
507,EBOLIR__ligand4546-0
508,EBOLIR__ligand4503-0
509,EBOLIR__ligand27074-0
510,EBOLIR__ligand7648-0
511,EBOLIR__ligand2828-0
512,EBOLIR__ligand8876-0
513,EBOLIR__ligand9833-0
514,EBOLIR__ligand23904-0
515,EBOLIR__ligand5256-0
516,EBOLIR__ligand13257-0
517,EBOLIR__ligand4157-0
518,EBOLIR__ligand21936-0
519,EBOLIR__ligand2232-0
520,EBOLIR__ligand12467-0
521,EBOLIR__ligand25267-0
522,EBOLIR__ligand326-0
523,EBOLIR__ligand2176-0
524,EBOLIR__ligand10084-0
525,EBOLIR__ligand9291-0
526,EBOLIR__ligand696-0
527,EBOLIR__ligand1324-0
528,EBOLIR__ligand24-0
529,EBOLIR__ligand8721-0
530,EBOLIR__ligand5643-0
531,EBOLIR__ligand1823-0
532,EBOLIR__ligand12336-0
533,EBOLIR__ligand5036-0
534,EBOLIR__ligand2526-0
535,EBOLIR__ligand1615-0
536,EBOLIR__ligand9111-0
537,EBOLIR__ligand9952-0
538,EBOLIR__ligand13072-0
539,EBOLIR__ligand9601-0
540,EBOLIR__ligand17590-0
541,EBOLIR__ligand8992-0
542,EBOLIR__ligand17240-0
543,EBOLIR__ligand12682-0
544,EBOLIR__ligand1018-0
545,EBOLIR__ligand18699-0
546,EBOLIR__ligand4116-0
547,EBOLIR__ligand656-0
548,EBOLIR__ligand8-0
549,EBOLIR__ligand6124-0
550,EBOLIR__ligand19-0
551,EBOLIR__ligand3707-0
552,EBOLIR__ligand7967-0
553,EBOLIR__ligand11774-0
554,EBOLIR__ligand14586-0
555,EBOLIR__ligand3156-0
556,EBOLIR__ligand21421-0
557,EBOLIR__ligand2915-0
558,EBOLIR__ligand78-0
559,EBOLIR__ligand11568-0
560,EBOLIR__ligand20579-0
561,EBOLIR__ligand17710-0
562,EBOLIR__ligand1378-0
563,EBOLIR__ligand6244-0
564,EBOLIR__ligand9441-0
565,EBOLIR__ligand2332-0
566,EBOLIR__ligand162-0
567,EBOLIR__ligand45-0
568,EBOLIR__ligand10555-0
569,EBOLIR__ligand226-0
570,EBOLIR__ligand31483-0
571,EBOLIR__ligand19725-0
572,EBOLIR__ligand416-0
573,EBOLIR__ligand1575-0
574,EBOLIR__ligand1530-0
575,EBOLIR__ligand9933-0
576,EBOLIR__ligand383-0
577,EBOLIR__ligand24613-0
578,EBOLIR__ligand1631-0
579,EBOLIR__ligand23589-0
580,EBOLIR__ligand24064-0
581,EBOLIR__ligand4620-0
582,EBOLIR__ligand15168-0
583,EBOLIR__ligand2295-0
584,EBOLIR__ligand6067-0
585,EBOLIR__ligand1577-0
586,EBOLIR__ligand22755-0
587,EBOLIR__ligand2917-0
588,EBOLIR__ligand31618-0
589,EBOLIR__ligand7819-0
590,EBOLIR__ligand11432-0
591,EBOLIR__ligand10432-0
592,EBOLIR__ligand26277-0
593,EBOLIR__ligand29898-0
594,EBOLIR__ligand3465-0
595,EBOLIR__ligand670-0
596,EBOLIR__ligand6102-0
597,EBOLIR__ligand6904-0
598,EBOLIR__ligand3721-0
599,EBOLIR__ligand6596-0
600,EBOLIR__ligand534-0
601,EBOLIR__ligand571-0
602,EBOLIR__ligand31578-0
603,EBOLIR__ligand17207-0
604,EBOLIR__ligand3234-0
605,EBOLIR__ligand1142-0
606,EBOLIR__ligand17945-0
607,EBOLIR__ligand18013-0
608,EBOLIR__ligand25224-0
609,EBOLIR__ligand7126-0
610,EBOLIR__ligand2028-0
611,EBOLIR__ligand8835-0
612,EBOLIR__ligand24750-0
613,EBOLIR__ligand4641-0
614,EBOLIR__ligand28924-0
615,EBOLIR__ligand694-0
616,EBOLIR__ligand15438-0
617,EBOLIR__ligand430-0
618,EBOLIR__ligand18703-0
619,EBOLIR__ligand358-0
620,EBOLIR__ligand29087-0
621,EBOLIR__ligand488-0
622,EBOLIR__ligand14889-0
623,EBOLIR__ligand2830-0
624,EBOLIR__ligand30851-0
625,EBOLIR__ligand1729-0
626,EBOLIR__ligand5627-0
627,EBOLIR__ligand29568-0
628,EBOLIR__ligand122-0
629,EBOLIR__ligand5483-0
630,EBOLIR__ligand757-0
631,EBOLIR__ligand28789-0
632,EBOLIR__ligand21371-0
633,EBOLIR__ligand5316-0
634,EBOLIR__ligand17118-0
635,EBOLIR__ligand20419-0
636,EBOLIR__ligand9148-0
637,EBOLIR__ligand14117-0
638,EBOLIR__ligand17261-0
639,EBOLIR__ligand21581-0
640,EBOLIR__ligand31097-0
641,EBOLIR__ligand7529-0
642,EBOLIR__ligand20251-0
643,EBOLIR__ligand38-0
644,EBOLIR__ligand1415-0
645,EBOLIR__ligand6946-0
646,EBOLIR__ligand30702-0
647,EBOLIR__ligand20214-0
648,EBOLIR__ligand20539-0
649,EBOLIR__ligand6882-0
650,EBOLIR__ligand6455-0
651,EBOLIR__ligand20251-1
652,EBOLIR__ligand3934-0
653,EBOLIR__ligand14703-0
654,EBOLIR__ligand16475-0
655,EBOLIR__ligand2403-0
656,EBOLIR__ligand7530-0
657,EBOLIR__ligand24047-0
658,EBOLIR__ligand1065-0
659,EBOLIR__ligand22557-0
660,EBOLIR__ligand10589-0
661,EBOLIR__ligand20598-0
662,EBOLIR__ligand11675-0
663,EBOLIR__ligand693-0
664,EBOLIR__ligand3012-0
665,EBOLIR__ligand17398-0
666,EBOLIR__ligand1449-0
667,EBOLIR__ligand4332-0
668,EBOLIR__ligand17982-0
669,EBOLIR__ligand9681-0
670,EBOLIR__ligand29414-0
671,EBOLIR__ligand20011-0
672,EBOLIR__ligand17278-0
673,EBOLIR__ligand66-0
674,EBOLIR__ligand13294-0
675,EBOLIR__ligand31832-0
676,EBOLIR__ligand240-0
677,EBOLIR__ligand4194-0
678,EBOLIR__ligand141-0
679,EBOLIR__ligand7532-0
680,EBOLIR__ligand28884-0
681,EBOLIR__ligand13331-0
682,EBOLIR__ligand29879-0
683,EBOLIR__ligand14248-0
684,EBOLIR__ligand4330-0
685,EBOLIR__ligand12030-0
686,EBOLIR__ligand2599-0
687,EBOLIR__ligand11456-0
688,EBOLIR__ligand3973-0
689,EBOLIR__ligand14174-0
690,EBOLIR__ligand10712-0
691,EBOLIR__ligand1147-0
692,EBOLIR__ligand25411-0
693,EBOLIR__ligand7925-0
694,EBOLIR__ligand2068-0
695,EBOLIR__ligand3215-0
696,EBOLIR__ligand768-0
697,EBOLIR__ligand13390-0
698,EBOLIR__ligand20682-0
699,EBOLIR__ligand7107-0
700,EBOLIR__ligand13208-0
701,EBOLIR__ligand26810-0
702,EBOLIR__ligand27482-0
703,EBOLIR__ligand6283-0
704,EBOLIR__ligand42-0
705,EBOLIR__ligand6062-0
706,EBOLIR__ligand4738-0
707,EBOLIR__ligand5813-0
708,EBOLIR__ligand384-0
709,EBOLIR__ligand4813-0
710,EBOLIR__ligand12231-0
711,EBOLIR__ligand4131-0
712,EBOLIR__ligand1712-0
713,EBOLIR__ligand12130-0
714,EBOLIR__ligand17387-0
715,EBOLIR__ligand12289-0
716,EBOLIR__ligand18292-0
717,EBOLIR__ligand13658-0
718,EBOLIR__ligand26702-0
719,EBOLIR__ligand5094-0
720,EBOLIR__ligand19830-0
721,EBOLIR__ligand13068-0
722,EBOLIR__ligand5892-0
723,EBOLIR__ligand10476-0
724,EBOLIR__ligand24145-0
725,EBOLIR__ligand15585-0
726,EBOLIR__ligand12401-0
727,EBOLIR__ligand25178-0
728,EBOLIR__ligand23769-0
729,EBOLIR__ligand338-0
730,EBOLIR__ligand24185-0
731,EBOLIR__ligand1533-0
732,EBOLIR__ligand17805-0
733,EBOLIR__ligand7557-0
734,EBOLIR__ligand1496-0
735,EBOLIR__ligand17302-0
736,EBOLIR__ligand14108-0
737,EBOLIR__ligand3208-0
738,EBOLIR__ligand2208-0
739,EBOLIR__ligand7573-0
740,EBOLIR__ligand2781-0
741,EBOLIR__ligand10958-0
742,EBOLIR__ligand3350-0
743,EBOLIR__ligand12641-0
744,EBOLIR__ligand8722-0
745,EBOLIR__ligand201-0
746,EBOLIR__ligand6672-0
747,EBOLIR__ligand9809-0
748,EBOLIR__ligand1327-0
749,EBOLIR__ligand27763-0
750,EBOLIR__ligand7162-0
751,EBOLIR__ligand185-0
752,EBOLIR__ligand279-0
753,EBOLIR__ligand10262-0
754,EBOLIR__ligand3029-0
755,EBOLIR__ligand28676-0
756,EBOLIR__ligand1773-0
757,EBOLIR__ligand4581-0
758,EBOLIR__ligand178-0
759,EBOLIR__ligand2328-0
760,EBOLIR__ligand13425-0
761,EBOLIR__ligand29302-0
762,EBOLIR__ligand9197-0
763,EBOLIR__ligand1900-0
764,EBOLIR__ligand18814-0
765,EBOLIR__ligand321-0
766,EBOLIR__ligand19057-0
767,EBOLIR__ligand27460-0
768,EBOLIR__ligand1771-0
769,EBOLIR__ligand4911-0
770,EBOLIR__ligand657-0
771,EBOLIR__ligand18-0
772,EBOLIR__ligand3392-0
773,EBOLIR__ligand187-0
774,EBOLIR__ligand16628-0
775,EBOLIR__ligand366-0
776,EBOLIR__ligand20740-0
777,EBOLIR__ligand28468-0
778,EBOLIR__ligand5849-0
779,EBOLIR__ligand12427-0
780,EBOLIR__ligand12337-0
781,EBOLIR__ligand29410-0
782,EBOLIR__ligand2527-0
783,EBOLIR__ligand777-0
784,EBOLIR__ligand26540-0
785,EBOLIR__ligand17281-0
786,EBOLIR__ligand30296-0
787,EBOLIR__ligand12606-0
788,EBOLIR__ligand596-0
789,EBOLIR__ligand8349-0
790,EBOLIR__ligand941-0
791,EBOLIR__ligand30333-0
792,EBOLIR__ligand1709-0
793,EBOLIR__ligand8464-0
794,EBOLIR__ligand5357-0
795,EBOLIR__ligand26665-0
796,EBOLIR__ligand3647-0
797,EBOLIR__ligand17631-0
798,EBOLIR__ligand1688-0
799,EBOLIR__ligand13012-0
800,EBOLIR__ligand5056-0
801,EBOLIR__ligand17258-0
802,EBOLIR__ligand4850-0
803,EBOLIR__ligand14297-0
804,EBOLIR__ligand14603-0
805,EBOLIR__ligand1768-0
806,EBOLIR__ligand31783-0
807,EBOLIR__ligand163-0
808,EBOLIR__ligand126-0
809,EBOLIR__ligand1469-0
810,EBOLIR__ligand3871-0
811,EBOLIR__ligand2722-0
812,EBOLIR__ligand19641-0
813,EBOLIR__ligand15422-0
814,EBOLIR__ligand20578-0
815,EBOLIR__ligand12934-0
816,EBOLIR__ligand1379-0
817,EBOLIR__ligand27893-0
818,EBOLIR__ligand5935-0
819,EBOLIR__ligand14723-0
820,EBOLIR__ligand30988-0
821,EBOLIR__ligand9525-0
822,EBOLIR__ligand1165-0
823,EBOLIR__ligand845-0
824,EBOLIR__ligand3157-0
825,EBOLIR__ligand18832-0
826,EBOLIR__ligand27175-0
827,EBOLIR__ligand23713-0
