,TMC
0,KECBAV__ligand1149-0
1,KECBAV__ligand3980-0
2,KECBAV__ligand3557-0
3,KECBAV__ligand29813-0
4,KECBAV__ligand16952-0
5,KECBAV__ligand7075-0
6,KECBAV__ligand20220-0
7,KECBAV__ligand9750-0
8,KECBAV__ligand197-0
9,KECBAV__ligand20121-0
10,KECBAV__ligand6993-0
11,KECBAV__ligand1817-0
12,KECBAV__ligand11-0
13,KECBAV__ligand1779-0
14,KECBAV__ligand15387-0
15,KECBAV__ligand4167-0
16,KECBAV__ligand69-0
17,KECBAV__ligand24851-0
18,KECBAV__ligand14347-0
19,KECBAV__ligand9491-0
20,KECBAV__ligand13657-0
21,KECBAV__ligand14302-0
22,KECBAV__ligand1400-0
23,KECBAV__ligand4266-0
24,KECBAV__ligand11698-0
25,KECBAV__ligand20530-0
26,KECBAV__ligand11479-0
27,KECBAV__ligand27610-0
28,KECBAV__ligand10479-0
29,KECBAV__ligand10853-0
30,KECBAV__ligand29441-0
31,KECBAV__ligand1288-0
32,KECBAV__ligand19906-0
33,KECBAV__ligand4207-0
34,KECBAV__ligand19668-0
35,KECBAV__ligand3453-0
36,KECBAV__ligand3416-0
37,KECBAV__ligand1150-0
38,KECBAV__ligand868-0
39,KECBAV__ligand22353-0
40,KECBAV__ligand1539-0
41,KECBAV__ligand783-0
42,KECBAV__ligand352-0
43,KECBAV__ligand4063-0
44,KECBAV__ligand8200-0
45,KECBAV__ligand7438-0
46,KECBAV__ligand10151-0
47,KECBAV__ligand3042-0
48,KECBAV__ligand18067-0
49,KECBAV__ligand19824-0
50,KECBAV__ligand5515-0
51,KECBAV__ligand6663-0
52,KECBAV__ligand560-0
53,KECBAV__ligand11252-0
54,KECBAV__ligand5280-0
55,KECBAV__ligand5614-0
56,KECBAV__ligand1831-0
57,KECBAV__ligand13260-0
58,KECBAV__ligand10582-0
59,KECBAV__ligand134-0
60,KECBAV__ligand11606-0
61,KECBAV__ligand1849-0
62,KECBAV__ligand235-0
63,KECBAV__ligand31000-0
64,KECBAV__ligand26673-0
65,KECBAV__ligand1216-0
66,KECBAV__ligand1152-0
67,KECBAV__ligand3261-0
68,KECBAV__ligand20821-0
69,KECBAV__ligand5019-0
70,KECBAV__ligand6112-0
71,KECBAV__ligand8042-0
72,KECBAV__ligand16870-0
73,KECBAV__ligand685-0
74,KECBAV__ligand1397-0
75,KECBAV__ligand7213-0
76,KECBAV__ligand1828-0
77,KECBAV__ligand11622-0
78,KECBAV__ligand11814-0
79,KECBAV__ligand4710-0
80,KECBAV__ligand5755-0
81,KECBAV__ligand421-0
82,KECBAV__ligand16603-0
83,KECBAV__ligand3144-0
84,KECBAV__ligand5085-0
85,KECBAV__ligand3285-0
86,KECBAV__ligand4795-0
87,KECBAV__ligand31205-0
88,KECBAV__ligand1908-0
89,KECBAV__ligand17686-0
90,KECBAV__ligand25658-0
91,KECBAV__ligand11177-0
92,KECBAV__ligand294-0
93,KECBAV__ligand5630-0
94,KECBAV__ligand15455-0
95,KECBAV__ligand1786-0
96,KECBAV__ligand24560-0
97,KECBAV__ligand5415-0
98,KECBAV__ligand18757-0
99,KECBAV__ligand24624-0
100,KECBAV__ligand18413-0
101,KECBAV__ligand20844-0
102,KECBAV__ligand4161-0
103,KECBAV__ligand3471-0
104,KECBAV__ligand4124-0
105,KECBAV__ligand250-0
106,KECBAV__ligand2823-0
107,KECBAV__ligand14339-0
108,KECBAV__ligand17-0
109,KECBAV__ligand13691-0
110,KECBAV__ligand30788-0
111,KECBAV__ligand6995-0
112,KECBAV__ligand21752-0
113,KECBAV__ligand3180-0
114,KECBAV__ligand2281-0
115,KECBAV__ligand2650-0
116,KECBAV__ligand4340-0
117,KECBAV__ligand370-0
118,KECBAV__ligand7566-0
119,KECBAV__ligand370-1
120,KECBAV__ligand21940-0
121,KECBAV__ligand620-0
122,KECBAV__ligand25048-0
123,KECBAV__ligand2001-0
124,KECBAV__ligand564-0
125,KECBAV__ligand9944-0
126,KECBAV__ligand785-0
127,KECBAV__ligand16133-0
128,KECBAV__ligand13755-0
129,KECBAV__ligand311-0
130,KECBAV__ligand8593-0
131,KECBAV__ligand3-0
132,KECBAV__ligand20432-0
133,KECBAV__ligand27122-0
134,KECBAV__ligand479-0
135,KECBAV__ligand24953-0
136,KECBAV__ligand23445-0
137,KECBAV__ligand1113-0
138,KECBAV__ligand8553-0
139,KECBAV__ligand188-0
140,KECBAV__ligand30004-0
141,KECBAV__ligand20557-0
142,KECBAV__ligand5201-0
143,KECBAV__ligand9615-0
144,KECBAV__ligand21448-0
145,KECBAV__ligand1154-0
146,KECBAV__ligand11758-0
147,KECBAV__ligand22357-0
148,KECBAV__ligand4596-0
149,KECBAV__ligand49-0
150,KECBAV__ligand1498-0
151,KECBAV__ligand177-0
152,KECBAV__ligand29214-0
153,KECBAV__ligand11501-0
154,KECBAV__ligand11544-0
155,KECBAV__ligand14477-0
156,KECBAV__ligand17069-0
157,KECBAV__ligand89-0
158,KECBAV__ligand17445-0
159,KECBAV__ligand909-0
160,KECBAV__ligand20731-0
161,KECBAV__ligand8529-0
162,KECBAV__ligand29334-0
163,KECBAV__ligand1169-0
164,KECBAV__ligand12413-0
165,KECBAV__ligand11798-0
166,KECBAV__ligand1-0
167,KECBAV__ligand23682-0
168,KECBAV__ligand1015-0
169,KECBAV__ligand1050-0
170,KECBAV__ligand29565-0
171,KECBAV__ligand2027-0
172,KECBAV__ligand27771-0
173,KECBAV__ligand193-0
174,KECBAV__ligand18158-0
175,KECBAV__ligand372-0
176,KECBAV__ligand21339-0
177,KECBAV__ligand14226-0
178,KECBAV__ligand16956-0
179,KECBAV__ligand20942-1
180,KECBAV__ligand830-0
181,KECBAV__ligand27550-0
182,KECBAV__ligand2692-0
183,KECBAV__ligand1618-0
184,KECBAV__ligand252-0
185,KECBAV__ligand4262-0
186,KECBAV__ligand116-0
187,KECBAV__ligand1028-0
188,KECBAV__ligand14007-0
189,KECBAV__ligand18019-1
190,KECBAV__ligand2124-0
191,KECBAV__ligand8612-0
192,KECBAV__ligand16663-0
193,KECBAV__ligand1116-0
194,KECBAV__ligand3225-0
195,KECBAV__ligand1153-0
196,KECBAV__ligand2260-0
197,KECBAV__ligand7092-0
198,KECBAV__ligand14614-0
199,KECBAV__ligand391-0
200,KECBAV__ligand9323-0
201,KECBAV__ligand24035-0
202,KECBAV__ligand618-0
203,KECBAV__ligand7273-0
204,KECBAV__ligand11994-0
205,KECBAV__ligand31044-0
206,KECBAV__ligand31842-0
207,KECBAV__ligand7172-0
208,KECBAV__ligand5180-0
209,KECBAV__ligand30711-0
210,KECBAV__ligand20207-0
211,KECBAV__ligand11682-0
212,KECBAV__ligand813-0
213,KECBAV__ligand5708-0
214,KECBAV__ligand7316-0
215,KECBAV__ligand25913-0
216,KECBAV__ligand16988-0
217,KECBAV__ligand314-0
218,KECBAV__ligand780-0
219,KECBAV__ligand6017-0
220,KECBAV__ligand57-0
221,KECBAV__ligand11970-0
222,KECBAV__ligand5159-0
223,KECBAV__ligand7196-0
224,KECBAV__ligand314-1
225,KECBAV__ligand9753-0
226,KECBAV__ligand15883-0
227,KECBAV__ligand5530-0
228,KECBAV__ligand1356-0
229,KECBAV__ligand1787-0
230,KECBAV__ligand24230-0
231,KECBAV__ligand11096-0
232,KECBAV__ligand11447-0
233,KECBAV__ligand3178-0
234,KECBAV__ligand28810-0
235,KECBAV__ligand10828-0
236,KECBAV__ligand19792-0
237,KECBAV__ligand4807-0
238,KECBAV__ligand15926-0
239,KECBAV__ligand12365-0
240,KECBAV__ligand10056-0
241,KECBAV__ligand3244-0
242,KECBAV__ligand4711-0
243,KECBAV__ligand28743-0
244,KECBAV__ligand15531-0
245,KECBAV__ligand465-0
246,KECBAV__ligand13862-0
247,KECBAV__ligand11357-0
248,KECBAV__ligand2906-0
249,KECBAV__ligand22294-0
250,KECBAV__ligand22168-0
251,KECBAV__ligand28930-0
252,KECBAV__ligand2788-0
253,KECBAV__ligand5649-0
254,KECBAV__ligand8793-0
255,KECBAV__ligand4649-0
256,KECBAV__ligand21919-0
257,KECBAV__ligand29029-0
258,KECBAV__ligand27285-0
259,KECBAV__ligand422-0
260,KECBAV__ligand5387-0
261,KECBAV__ligand2203-0
262,KECBAV__ligand1289-0
263,KECBAV__ligand23197-0
264,KECBAV__ligand68-0
265,KECBAV__ligand686-0
266,KECBAV__ligand196-0
267,KECBAV__ligand55-0
268,KECBAV__ligand9450-0
269,KECBAV__ligand13477-0
270,KECBAV__ligand14167-0
271,KECBAV__ligand1599-0
272,KECBAV__ligand27669-0
273,KECBAV__ligand2612-0
274,KECBAV__ligand30142-0
275,KECBAV__ligand34-0
276,KECBAV__ligand8788-0
277,KECBAV__ligand1832-0
278,KECBAV__ligand19184-0
279,KECBAV__ligand2043-0
280,KECBAV__ligand9943-0
281,KECBAV__ligand353-0
282,KECBAV__ligand1228-0
283,KECBAV__ligand4-0
284,KECBAV__ligand28459-0
285,KECBAV__ligand1604-0
286,KECBAV__ligand12453-0
287,KECBAV__ligand18448-0
288,KECBAV__ligand393-0
289,KECBAV__ligand1114-0
290,KECBAV__ligand10371-0
291,KECBAV__ligand9284-0
292,KECBAV__ligand3126-0
293,KECBAV__ligand6391-0
294,KECBAV__ligand13672-0
295,KECBAV__ligand2417-0
296,KECBAV__ligand18568-0
297,KECBAV__ligand28685-0
298,KECBAV__ligand22403-0
299,KECBAV__ligand1294-0
300,KECBAV__ligand1168-0
301,KECBAV__ligand487-0
302,KECBAV__ligand3677-0
303,KECBAV__ligand3632-0
304,KECBAV__ligand20695-0
305,KECBAV__ligand27754-0
306,KECBAV__ligand11111-0
307,KECBAV__ligand6699-0
308,KECBAV__ligand28540-0
309,KECBAV__ligand16369-0
310,KECBAV__ligand48-0
311,KECBAV__ligand2881-0
312,KECBAV__ligand176-0
313,KECBAV__ligand29215-0
314,KECBAV__ligand1499-0
315,KECBAV__ligand1464-0
316,KECBAV__ligand3712-0
317,KECBAV__ligand12003-0
318,KECBAV__ligand447-0
319,KECBAV__ligand1211-0
320,KECBAV__ligand16148-0
321,KECBAV__ligand26631-0
322,KECBAV__ligand10872-0
323,KECBAV__ligand21399-0
324,KECBAV__ligand746-0
325,KECBAV__ligand6892-0
326,KECBAV__ligand8000-0
327,KECBAV__ligand91-0
328,KECBAV__ligand3736-0
329,KECBAV__ligand19927-0
330,KECBAV__ligand152-0
331,KECBAV__ligand14043-0
332,KECBAV__ligand9344-0
333,KECBAV__ligand26324-0
334,KECBAV__ligand28559-0
335,KECBAV__ligand5383-0
336,KECBAV__ligand2693-0
337,KECBAV__ligand27239-0
338,KECBAV__ligand21729-0
339,KECBAV__ligand3945-0
340,KECBAV__ligand9299-0
341,KECBAV__ligand26529-0
342,KECBAV__ligand2985-0
343,KECBAV__ligand4007-0
344,KECBAV__ligand11618-0
345,KECBAV__ligand51-0
346,KECBAV__ligand9883-0
347,KECBAV__ligand3677-1
348,KECBAV__ligand7291-0
349,KECBAV__ligand506-0
350,KECBAV__ligand31694-0
351,KECBAV__ligand833-0
352,KECBAV__ligand2238-0
353,KECBAV__ligand5304-0
354,KECBAV__ligand9167-0
355,KECBAV__ligand29486-0
356,KECBAV__ligand7293-0
357,KECBAV__ligand2822-0
358,KECBAV__ligand3867-0
359,KECBAV__ligand1317-0
360,KECBAV__ligand16-0
361,KECBAV__ligand17427-0
362,KECBAV__ligand11949-0
363,KECBAV__ligand115-0
364,KECBAV__ligand1407-0
365,KECBAV__ligand6117-0
366,KECBAV__ligand24780-0
367,KECBAV__ligand12138-0
368,KECBAV__ligand8002-0
369,KECBAV__ligand5509-0
370,KECBAV__ligand22129-0
371,KECBAV__ligand5080-0
372,KECBAV__ligand25561-0
373,KECBAV__ligand7762-0
374,KECBAV__ligand30728-0
375,KECBAV__ligand27840-0
376,KECBAV__ligand24872-0
377,KECBAV__ligand4101-0
378,KECBAV__ligand5595-0
379,KECBAV__ligand24644-0
380,KECBAV__ligand2221-0
381,KECBAV__ligand10033-0
382,KECBAV__ligand395-0
383,KECBAV__ligand368-0
384,KECBAV__ligand3926-0
385,KECBAV__ligand3120-0
386,KECBAV__ligand12001-0
387,KECBAV__ligand4358-0
388,KECBAV__ligand13385-0
389,KECBAV__ligand784-0
390,KECBAV__ligand8592-0
391,KECBAV__ligand5099-0
392,KECBAV__ligand14569-0
393,KECBAV__ligand1197-0
394,KECBAV__ligand2259-0
395,KECBAV__ligand22444-0
396,KECBAV__ligand1296-0
397,KECBAV__ligand24111-0
398,KECBAV__ligand13220-0
399,KECBAV__ligand11587-0
400,KECBAV__ligand32-0
401,KECBAV__ligand15788-0
402,KECBAV__ligand5510-0
403,KECBAV__ligand1376-0
404,KECBAV__ligand23175-0
405,KECBAV__ligand9773-0
406,KECBAV__ligand17396-0
407,KECBAV__ligand12030-0
408,KECBAV__ligand7819-0
409,KECBAV__ligand2917-0
410,KECBAV__ligand14248-0
411,KECBAV__ligand29879-0
412,KECBAV__ligand13331-0
413,KECBAV__ligand28884-0
414,KECBAV__ligand3465-0
415,KECBAV__ligand6102-0
416,KECBAV__ligand3721-0
417,KECBAV__ligand31832-0
418,KECBAV__ligand6904-0
419,KECBAV__ligand6596-0
420,KECBAV__ligand13294-0
421,KECBAV__ligand201-0
422,KECBAV__ligand185-0
423,KECBAV__ligand279-0
424,KECBAV__ligand25411-0
425,KECBAV__ligand178-0
426,KECBAV__ligand4620-0
427,KECBAV__ligand10712-0
428,KECBAV__ligand14174-0
429,KECBAV__ligand1577-0
430,KECBAV__ligand6067-0
431,KECBAV__ligand2295-0
432,KECBAV__ligand11456-0
433,KECBAV__ligand321-0
434,KECBAV__ligand4641-0
435,KECBAV__ligand20682-0
436,KECBAV__ligand13390-0
437,KECBAV__ligand1142-0
438,KECBAV__ligand3234-0
439,KECBAV__ligand338-0
440,KECBAV__ligand2028-0
441,KECBAV__ligand8835-0
442,KECBAV__ligand7126-0
443,KECBAV__ligand27482-0
444,KECBAV__ligand26810-0
445,KECBAV__ligand13208-0
446,KECBAV__ligand9601-0
447,KECBAV__ligand20419-0
448,KECBAV__ligand17118-0
449,KECBAV__ligand21371-0
450,KECBAV__ligand8992-0
451,KECBAV__ligand28789-0
452,KECBAV__ligand29568-0
453,KECBAV__ligand4116-0
454,KECBAV__ligand18-0
455,KECBAV__ligand126-0
456,KECBAV__ligand163-0
457,KECBAV__ligand1018-0
458,KECBAV__ligand30851-0
459,KECBAV__ligand7967-0
460,KECBAV__ligand6124-0
461,KECBAV__ligand14889-0
462,KECBAV__ligand3707-0
463,KECBAV__ligand20539-0
464,KECBAV__ligand8721-0
465,KECBAV__ligand1324-0
466,KECBAV__ligand30702-0
467,KECBAV__ligand20214-0
468,KECBAV__ligand20251-0
469,KECBAV__ligand21581-0
470,KECBAV__ligand31097-0
471,KECBAV__ligand1823-0
472,KECBAV__ligand5643-0
473,KECBAV__ligand1615-0
474,KECBAV__ligand2526-0
475,KECBAV__ligand5036-0
476,KECBAV__ligand17261-0
477,KECBAV__ligand14117-0
478,KECBAV__ligand845-0
479,KECBAV__ligand9952-0
480,KECBAV__ligand9111-0
481,KECBAV__ligand2332-0
482,KECBAV__ligand9441-0
483,KECBAV__ligand14703-0
484,KECBAV__ligand657-0
485,KECBAV__ligand16475-0
486,KECBAV__ligand187-0
487,KECBAV__ligand366-0
488,KECBAV__ligand9933-0
489,KECBAV__ligand1575-0
490,KECBAV__ligand1530-0
491,KECBAV__ligand20251-1
492,KECBAV__ligand1631-0
493,KECBAV__ligand20011-0
494,KECBAV__ligand17278-0
495,KECBAV__ligand777-0
496,KECBAV__ligand29414-0
497,KECBAV__ligand17982-0
498,KECBAV__ligand2915-0
499,KECBAV__ligand3156-0
500,KECBAV__ligand1378-0
501,KECBAV__ligand17398-0
502,KECBAV__ligand941-0
503,KECBAV__ligand11675-0
504,KECBAV__ligand596-0
505,KECBAV__ligand20598-0
506,KECBAV__ligand22557-0
507,KECBAV__ligand10589-0
508,KECBAV__ligand24047-0
509,KECBAV__ligand6244-0
510,KECBAV__ligand12427-0
511,KECBAV__ligand4016-0
512,KECBAV__ligand20740-0
513,KECBAV__ligand28468-0
514,KECBAV__ligand1219-0
515,KECBAV__ligand6709-0
516,KECBAV__ligand16628-0
517,KECBAV__ligand7867-0
518,KECBAV__ligand1304-0
519,KECBAV__ligand1790-0
520,KECBAV__ligand7280-0
521,KECBAV__ligand27460-0
522,KECBAV__ligand7238-0
523,KECBAV__ligand9784-0
524,KECBAV__ligand30333-0
525,KECBAV__ligand38-0
526,KECBAV__ligand693-0
527,KECBAV__ligand7629-0
528,KECBAV__ligand12606-0
529,KECBAV__ligand4272-0
530,KECBAV__ligand1451-0
531,KECBAV__ligand30296-0
532,KECBAV__ligand8-0
533,KECBAV__ligand3954-0
534,KECBAV__ligand4442-0
535,KECBAV__ligand4093-0
536,KECBAV__ligand17281-0
537,KECBAV__ligand8699-0
538,KECBAV__ligand1160-0
539,KECBAV__ligand26540-0
540,KECBAV__ligand29410-0
541,KECBAV__ligand9520-0
542,KECBAV__ligand12337-0
543,KECBAV__ligand5256-0
544,KECBAV__ligand9833-0
545,KECBAV__ligand7648-0
546,KECBAV__ligand2828-0
547,KECBAV__ligand8876-0
548,KECBAV__ligand4157-0
549,KECBAV__ligand31783-0
550,KECBAV__ligand122-0
551,KECBAV__ligand757-0
552,KECBAV__ligand14603-0
553,KECBAV__ligand14297-0
554,KECBAV__ligand2232-0
555,KECBAV__ligand17258-0
556,KECBAV__ligand13012-0
557,KECBAV__ligand9291-0
558,KECBAV__ligand17631-0
559,KECBAV__ligand2176-0
560,KECBAV__ligand26665-0
561,KECBAV__ligand23713-0
562,KECBAV__ligand1982-0
563,KECBAV__ligand27175-0
564,KECBAV__ligand18832-0
565,KECBAV__ligand7000-0
566,KECBAV__ligand8115-0
567,KECBAV__ligand6768-0
568,KECBAV__ligand1285-0
569,KECBAV__ligand30988-0
570,KECBAV__ligand14723-0
571,KECBAV__ligand27893-0
572,KECBAV__ligand20578-0
573,KECBAV__ligand12934-0
574,KECBAV__ligand15422-0
575,KECBAV__ligand4546-0
576,KECBAV__ligand19641-0
577,KECBAV__ligand4503-0
578,KECBAV__ligand12401-0
579,KECBAV__ligand15585-0
580,KECBAV__ligand3565-0
581,KECBAV__ligand768-0
582,KECBAV__ligand24145-0
583,KECBAV__ligand10476-0
584,KECBAV__ligand13068-0
585,KECBAV__ligand1512-0
586,KECBAV__ligand19830-0
587,KECBAV__ligand5331-0
588,KECBAV__ligand26702-0
589,KECBAV__ligand3852-0
590,KECBAV__ligand13658-0
591,KECBAV__ligand2485-0
592,KECBAV__ligand18292-0
593,KECBAV__ligand12289-0
594,KECBAV__ligand12130-0
595,KECBAV__ligand17387-0
596,KECBAV__ligand6919-0
597,KECBAV__ligand12231-0
598,KECBAV__ligand66-0
599,KECBAV__ligand17302-0
600,KECBAV__ligand3094-0
601,KECBAV__ligand4155-0
602,KECBAV__ligand17805-0
603,KECBAV__ligand5211-0
604,KECBAV__ligand8969-0
605,KECBAV__ligand3131-0
606,KECBAV__ligand3174-0
607,KECBAV__ligand1202-0
608,KECBAV__ligand3937-0
609,KECBAV__ligand24185-0
610,KECBAV__ligand23769-0
611,KECBAV__ligand6839-0
612,KECBAV__ligand4720-0
613,KECBAV__ligand384-0
614,KECBAV__ligand25178-0
615,KECBAV__ligand7106-0
616,KECBAV__ligand240-0
617,KECBAV__ligand12641-0
618,KECBAV__ligand10958-0
619,KECBAV__ligand7242-0
620,KECBAV__ligand141-0
621,KECBAV__ligand14108-0
622,KECBAV__ligand1263-0
623,KECBAV__ligand9908-0
624,KECBAV__ligand1573-0
625,KECBAV__ligand1536-0
626,KECBAV__ligand19057-0
627,KECBAV__ligand18814-0
628,KECBAV__ligand9935-0
629,KECBAV__ligand3504-0
630,KECBAV__ligand1959-0
631,KECBAV__ligand13425-0
632,KECBAV__ligand29302-0
633,KECBAV__ligand42-0
634,KECBAV__ligand1844-0
635,KECBAV__ligand4661-0
636,KECBAV__ligand28676-0
637,KECBAV__ligand10262-0
638,KECBAV__ligand3718-0
639,KECBAV__ligand6616-0
640,KECBAV__ligand3876-0
641,KECBAV__ligand1343-0
642,KECBAV__ligand3035-0
643,KECBAV__ligand27763-0
644,KECBAV__ligand2527-0
645,KECBAV__ligand13869-0
646,KECBAV__ligand18074-0
647,KECBAV__ligand29863-0
648,KECBAV__ligand29610-0
649,KECBAV__ligand8464-0
650,KECBAV__ligand1709-0
651,KECBAV__ligand11140-0
652,KECBAV__ligand24-0
653,KECBAV__ligand8349-0
654,KECBAV__ligand19-0
655,KECBAV__ligand1771-0
656,KECBAV__ligand4911-0
657,KECBAV__ligand162-0
658,KECBAV__ligand16791-0
659,KECBAV__ligand28668-0
660,KECBAV__ligand3392-0
661,KECBAV__ligand226-0
662,KECBAV__ligand416-0
663,KECBAV__ligand383-0
664,KECBAV__ligand5849-0
665,KECBAV__ligand18799-0
666,KECBAV__ligand18465-0
667,KECBAV__ligand696-0
668,KECBAV__ligand1379-0
669,KECBAV__ligand2722-0
670,KECBAV__ligand27074-0
671,KECBAV__ligand20599-0
672,KECBAV__ligand22981-0
673,KECBAV__ligand5935-0
674,KECBAV__ligand25805-0
675,KECBAV__ligand78-0
676,KECBAV__ligand1165-0
677,KECBAV__ligand9525-0
678,KECBAV__ligand18391-0
679,KECBAV__ligand3157-0
680,KECBAV__ligand14523-0
681,KECBAV__ligand27169-0
682,KECBAV__ligand10084-0
683,KECBAV__ligand1688-0
684,KECBAV__ligand3647-0
685,KECBAV__ligand5357-0
686,KECBAV__ligand25267-0
687,KECBAV__ligand12467-0
688,KECBAV__ligand4850-0
689,KECBAV__ligand5056-0
690,KECBAV__ligand21936-0
691,KECBAV__ligand656-0
692,KECBAV__ligand45-0
693,KECBAV__ligand1768-0
694,KECBAV__ligand13257-0
695,KECBAV__ligand3871-0
696,KECBAV__ligand23904-0
697,KECBAV__ligand1469-0
698,KECBAV__ligand30539-0
699,KECBAV__ligand1533-0
700,KECBAV__ligand23906-0
701,KECBAV__ligand11166-0
702,KECBAV__ligand1496-0
703,KECBAV__ligand21132-0
704,KECBAV__ligand7557-0
705,KECBAV__ligand4131-0
706,KECBAV__ligand1712-0
707,KECBAV__ligand27835-0
708,KECBAV__ligand694-0
709,KECBAV__ligand12295-0
710,KECBAV__ligand430-0
711,KECBAV__ligand25689-0
712,KECBAV__ligand5094-0
713,KECBAV__ligand25575-0
714,KECBAV__ligand5892-0
715,KECBAV__ligand358-0
716,KECBAV__ligand21787-0
717,KECBAV__ligand488-0
718,KECBAV__ligand3029-0
719,KECBAV__ligand12660-0
720,KECBAV__ligand7162-0
721,KECBAV__ligand2328-0
722,KECBAV__ligand1773-0
723,KECBAV__ligand4581-0
724,KECBAV__ligand19257-0
725,KECBAV__ligand13209-0
726,KECBAV__ligand25650-0
727,KECBAV__ligand1900-0
728,KECBAV__ligand9197-0
729,KECBAV__ligand31248-0
730,KECBAV__ligand2208-0
731,KECBAV__ligand3208-0
732,KECBAV__ligand3350-0
733,KECBAV__ligand25735-0
734,KECBAV__ligand7573-0
735,KECBAV__ligand12519-0
736,KECBAV__ligand2781-0
737,KECBAV__ligand670-0
738,KECBAV__ligand23124-0
739,KECBAV__ligand6672-0
740,KECBAV__ligand9809-0
741,KECBAV__ligand1327-0
742,KECBAV__ligand8722-0
743,KECBAV__ligand571-0
744,KECBAV__ligand11206-0
745,KECBAV__ligand534-0
746,KECBAV__ligand3973-0
747,KECBAV__ligand15168-0
748,KECBAV__ligand1147-0
749,KECBAV__ligand24064-0
750,KECBAV__ligand23589-0
751,KECBAV__ligand2068-0
752,KECBAV__ligand7925-0
753,KECBAV__ligand199-0
754,KECBAV__ligand4194-0
755,KECBAV__ligand588-0
756,KECBAV__ligand7532-0
757,KECBAV__ligand67-0
758,KECBAV__ligand29898-0
759,KECBAV__ligand26277-0
760,KECBAV__ligand10432-0
761,KECBAV__ligand2599-0
762,KECBAV__ligand11432-0
763,KECBAV__ligand300-0
764,KECBAV__ligand31618-0
765,KECBAV__ligand4330-0
766,KECBAV__ligand22755-0
767,KECBAV__ligand43-0
768,KECBAV__ligand24750-0
769,KECBAV__ligand6283-0
770,KECBAV__ligand6062-0
771,KECBAV__ligand409-0
772,KECBAV__ligand18013-0
773,KECBAV__ligand25224-0
774,KECBAV__ligand17945-0
775,KECBAV__ligand324-0
776,KECBAV__ligand361-0
777,KECBAV__ligand4813-0
778,KECBAV__ligand5813-0
779,KECBAV__ligand17207-0
780,KECBAV__ligand31578-0
781,KECBAV__ligand4738-0
782,KECBAV__ligand29087-0
783,KECBAV__ligand3215-0
784,KECBAV__ligand18703-0
785,KECBAV__ligand7107-0
786,KECBAV__ligand15438-0
787,KECBAV__ligand28924-0
788,KECBAV__ligand9148-0
789,KECBAV__ligand436-0
790,KECBAV__ligand13072-0
791,KECBAV__ligand12336-0
792,KECBAV__ligand7529-0
793,KECBAV__ligand692-0
794,KECBAV__ligand1415-0
795,KECBAV__ligand6946-0
796,KECBAV__ligand2830-0
797,KECBAV__ligand5627-0
798,KECBAV__ligand18699-0
799,KECBAV__ligand12682-0
800,KECBAV__ligand1729-0
801,KECBAV__ligand17240-0
802,KECBAV__ligand5483-0
803,KECBAV__ligand17590-0
804,KECBAV__ligand326-0
805,KECBAV__ligand5316-0
806,KECBAV__ligand633-0
807,KECBAV__ligand1065-0
808,KECBAV__ligand7530-0
809,KECBAV__ligand20579-0
810,KECBAV__ligand17710-0
811,KECBAV__ligand1449-0
812,KECBAV__ligand3012-0
813,KECBAV__ligand11568-0
814,KECBAV__ligand21421-0
815,KECBAV__ligand4332-0
816,KECBAV__ligand9681-0
817,KECBAV__ligand14586-0
818,KECBAV__ligand11774-0
819,KECBAV__ligand497-0
820,KECBAV__ligand6882-0
821,KECBAV__ligand6455-0
822,KECBAV__ligand24613-0
823,KECBAV__ligand3934-0
824,KECBAV__ligand19725-0
825,KECBAV__ligand31483-0
826,KECBAV__ligand10555-0
827,KECBAV__ligand2403-0
