,TMC
0,LUJRIR__ligand240-0
1,LUJRIR__ligand1703-0
2,LUJRIR__ligand2430-0
3,LUJRIR__ligand141-0
4,LUJRIR__ligand2907-0
5,LUJRIR__ligand2510-0
6,LUJRIR__ligand2285-0
7,LUJRIR__ligand1567-0
8,LUJRIR__ligand8921-0
9,LUJRIR__ligand2862-0
10,LUJRIR__ligand2320-0
11,LUJRIR__ligand1056-0
12,LUJRIR__ligand1607-0
13,LUJRIR__ligand120-0
14,LUJRIR__ligand1727-0
15,LUJRIR__ligand1152-0
16,LUJRIR__ligand384-0
17,LUJRIR__ligand757-0
18,LUJRIR__ligand797-0
19,LUJRIR__ligand3637-0
20,LUJRIR__ligand8774-0
21,LUJRIR__ligand1248-0
22,LUJRIR__ligand4303-0
23,LUJRIR__ligand1598-0
24,LUJRIR__ligand1054-0
25,LUJRIR__ligand6294-0
26,LUJRIR__ligand67-0
27,LUJRIR__ligand7464-0
28,LUJRIR__ligand2864-0
29,LUJRIR__ligand612-0
30,LUJRIR__ligand187-0
31,LUJRIR__ligand366-0
32,LUJRIR__ligand861-0
33,LUJRIR__ligand2142-0
34,LUJRIR__ligand6538-0
35,LUJRIR__ligand9495-0
36,LUJRIR__ligand596-0
37,LUJRIR__ligand6151-0
38,LUJRIR__ligand2772-0
39,LUJRIR__ligand126-0
40,LUJRIR__ligand2838-0
41,LUJRIR__ligand3838-0
42,LUJRIR__ligand1799-0
43,LUJRIR__ligand5941-0
44,LUJRIR__ligand2880-0
45,LUJRIR__ligand1-0
46,LUJRIR__ligand5022-0
47,LUJRIR__ligand1169-0
48,LUJRIR__ligand85-0
49,LUJRIR__ligand4983-0
50,LUJRIR__ligand119-0
51,LUJRIR__ligand2345-0
52,LUJRIR__ligand2794-0
53,LUJRIR__ligand1835-0
54,LUJRIR__ligand3-0
55,LUJRIR__ligand78-0
56,LUJRIR__ligand1502-0
57,LUJRIR__ligand6396-0
58,LUJRIR__ligand1113-0
59,LUJRIR__ligand2265-0
60,LUJRIR__ligand45-0
61,LUJRIR__ligand9027-0
62,LUJRIR__ligand124-0
63,LUJRIR__ligand1273-0
64,LUJRIR__ligand100-0
65,LUJRIR__ligand244-0
66,LUJRIR__ligand201-0
67,LUJRIR__ligand279-0
68,LUJRIR__ligand1052-0
69,LUJRIR__ligand178-0
70,LUJRIR__ligand321-0
71,LUJRIR__ligand918-0
72,LUJRIR__ligand633-0
73,LUJRIR__ligand4-0
74,LUJRIR__ligand532-0
75,LUJRIR__ligand9244-0
76,LUJRIR__ligand497-0
77,LUJRIR__ligand1228-0
78,LUJRIR__ligand1538-0
79,LUJRIR__ligand838-0
80,LUJRIR__ligand1114-0
81,LUJRIR__ligand166-0
82,LUJRIR__ligand436-0
83,LUJRIR__ligand3246-0
84,LUJRIR__ligand142-0
85,LUJRIR__ligand206-0
86,LUJRIR__ligand66-0
87,LUJRIR__ligand553-0
88,LUJRIR__ligand283-0
89,LUJRIR__ligand1479-0
90,LUJRIR__ligand821-0
91,LUJRIR__ligand1148-0
92,LUJRIR__ligand326-0
93,LUJRIR__ligand2863-0
94,LUJRIR__ligand2098-0
95,LUJRIR__ligand6502-0
96,LUJRIR__ligand361-0
97,LUJRIR__ligand324-0
98,LUJRIR__ligand6332-0
99,LUJRIR__ligand409-0
100,LUJRIR__ligand3178-0
101,LUJRIR__ligand3145-0
102,LUJRIR__ligand6686-0
103,LUJRIR__ligand1747-0
104,LUJRIR__ligand21-0
105,LUJRIR__ligand105-0
106,LUJRIR__ligand140-0
107,LUJRIR__ligand7915-0
108,LUJRIR__ligand5548-0
109,LUJRIR__ligand927-0
110,LUJRIR__ligand2751-0
111,LUJRIR__ligand199-0
112,LUJRIR__ligand40-0
113,LUJRIR__ligand575-0
114,LUJRIR__ligand6-0
115,LUJRIR__ligand38-0
116,LUJRIR__ligand3041-0
117,LUJRIR__ligand2634-0
118,LUJRIR__ligand1542-0
119,LUJRIR__ligand509-0
120,LUJRIR__ligand6277-0
121,LUJRIR__ligand1687-0
122,LUJRIR__ligand11730-0
123,LUJRIR__ligand1951-0
124,LUJRIR__ligand2688-0
125,LUJRIR__ligand2259-0
126,LUJRIR__ligand1376-0
127,LUJRIR__ligand670-0
128,LUJRIR__ligand118-0
129,LUJRIR__ligand2768-0
130,LUJRIR__ligand571-0
131,LUJRIR__ligand365-0
132,LUJRIR__ligand278-0
133,LUJRIR__ligand18-0
134,LUJRIR__ligand3734-0
135,LUJRIR__ligand669-0
136,LUJRIR__ligand1706-0
137,LUJRIR__ligand358-0
138,LUJRIR__ligand4381-0
139,LUJRIR__ligand430-0
140,LUJRIR__ligand2629-0
141,LUJRIR__ligand62-0
142,LUJRIR__ligand1171-0
143,LUJRIR__ligand5801-0
144,LUJRIR__ligand3063-0
145,LUJRIR__ligand1438-0
146,LUJRIR__ligand1544-0
147,LUJRIR__ligand1459-0
148,LUJRIR__ligand86-0
149,LUJRIR__ligand3757-0
150,LUJRIR__ligand162-0
151,LUJRIR__ligand226-0
152,LUJRIR__ligand2087-0
153,LUJRIR__ligand1048-0
154,LUJRIR__ligand383-0
155,LUJRIR__ligand1685-0
156,LUJRIR__ligand193-0
157,LUJRIR__ligand10357-0
158,LUJRIR__ligand3196-0
159,LUJRIR__ligand4012-0
160,LUJRIR__ligand15630-0
161,LUJRIR__ligand830-0
162,LUJRIR__ligand2915-0
163,LUJRIR__ligand32-0
164,LUJRIR__ligand252-0
165,LUJRIR__ligand955-0
166,LUJRIR__ligand1690-0
167,LUJRIR__ligand2707-0
168,LUJRIR__ligand934-0
169,LUJRIR__ligand177-0
170,LUJRIR__ligand909-0
171,LUJRIR__ligand851-0
172,LUJRIR__ligand1551-0
173,LUJRIR__ligand2526-0
174,LUJRIR__ligand91-0
175,LUJRIR__ligand29-0
176,LUJRIR__ligand311-0
177,LUJRIR__ligand4370-0
178,LUJRIR__ligand3618-0
179,LUJRIR__ligand2618-0
180,LUJRIR__ligand444-0
181,LUJRIR__ligand369-0
182,LUJRIR__ligand188-0
183,LUJRIR__ligand51-0
184,LUJRIR__ligand1436-0
185,LUJRIR__ligand2255-0
186,LUJRIR__ligand460-0
187,LUJRIR__ligand250-0
188,LUJRIR__ligand4175-0
189,LUJRIR__ligand48-0
190,LUJRIR__ligand370-0
191,LUJRIR__ligand1918-0
192,LUJRIR__ligand34-0
193,LUJRIR__ligand4619-0
194,LUJRIR__ligand5235-0
195,LUJRIR__ligand584-0
196,LUJRIR__ligand6143-0
197,LUJRIR__ligand916-0
198,LUJRIR__ligand798-0
199,LUJRIR__ligand421-0
200,LUJRIR__ligand3251-0
201,LUJRIR__ligand331-0
202,LUJRIR__ligand9176-0
203,LUJRIR__ligand2718-0
204,LUJRIR__ligand3035-0
205,LUJRIR__ligand294-0
206,LUJRIR__ligand3070-0
207,LUJRIR__ligand1493-0
208,LUJRIR__ligand993-0
209,LUJRIR__ligand5758-0
210,LUJRIR__ligand560-0
211,LUJRIR__ligand525-0
212,LUJRIR__ligand3478-0
213,LUJRIR__ligand3852-0
214,LUJRIR__ligand95-0
215,LUJRIR__ligand109-0
216,LUJRIR__ligand932-0
217,LUJRIR__ligand134-0
218,LUJRIR__ligand1818-0
219,LUJRIR__ligand55-0
220,LUJRIR__ligand235-0
221,LUJRIR__ligand7456-0
222,LUJRIR__ligand390-0
223,LUJRIR__ligand57-0
224,LUJRIR__ligand3890-0
225,LUJRIR__ligand136-0
226,LUJRIR__ligand868-0
227,LUJRIR__ligand4423-0
228,LUJRIR__ligand442-0
229,LUJRIR__ligand1907-0
230,LUJRIR__ligand1285-0
231,LUJRIR__ligand352-0
232,LUJRIR__ligand783-0
233,LUJRIR__ligand1555-0
234,LUJRIR__ligand7630-0
235,LUJRIR__ligand197-0
236,LUJRIR__ligand7550-0
237,LUJRIR__ligand296-0
238,LUJRIR__ligand2762-0
239,LUJRIR__ligand112-0
240,LUJRIR__ligand1038-0
241,LUJRIR__ligand73-0
242,LUJRIR__ligand8-0
243,LUJRIR__ligand2253-0
244,LUJRIR__ligand1160-0
245,LUJRIR__ligand5093-0
246,LUJRIR__ligand2954-0
247,LUJRIR__ligand1858-0
248,LUJRIR__ligand10114-0
249,LUJRIR__ligand8032-0
250,LUJRIR__ligand355-0
251,LUJRIR__ligand784-0
252,LUJRIR__ligand485-0
253,LUJRIR__ligand5334-0
254,LUJRIR__ligand3051-0
255,LUJRIR__ligand4504-0
256,LUJRIR__ligand2480-0
257,LUJRIR__ligand1898-0
258,LUJRIR__ligand2315-0
259,LUJRIR__ligand10479-0
260,LUJRIR__ligand1919-0
261,LUJRIR__ligand49-0
262,LUJRIR__ligand2389-0
263,LUJRIR__ligand291-0
264,LUJRIR__ligand115-0
265,LUJRIR__ligand89-0
266,LUJRIR__ligand1712-0
267,LUJRIR__ligand3579-0
268,LUJRIR__ligand2110-0
269,LUJRIR__ligand2916-0
270,LUJRIR__ligand682-0
271,LUJRIR__ligand1379-0
272,LUJRIR__ligand1264-0
273,LUJRIR__ligand1221-0
274,LUJRIR__ligand6430-0
275,LUJRIR__ligand1299-0
276,LUJRIR__ligand14530-0
277,LUJRIR__ligand2929-0
278,LUJRIR__ligand2376-0
279,LUJRIR__ligand487-0
280,LUJRIR__ligand522-0
281,LUJRIR__ligand6571-0
282,LUJRIR__ligand1325-0
283,LUJRIR__ligand666-0
284,LUJRIR__ligand2482-0
285,LUJRIR__ligand92-0
286,LUJRIR__ligand133-0
287,LUJRIR__ligand10910-0
288,LUJRIR__ligand2442-0
289,LUJRIR__ligand17-0
290,LUJRIR__ligand1019-0
291,LUJRIR__ligand5762-0
292,LUJRIR__ligand7414-0
293,LUJRIR__ligand447-0
294,LUJRIR__ligand1104-0
295,LUJRIR__ligand1321-0
296,LUJRIR__ligand353-0
297,LUJRIR__ligand3566-0
298,LUJRIR__ligand1178-0
299,LUJRIR__ligand236-0
300,LUJRIR__ligand1788-0
301,LUJRIR__ligand422-0
302,LUJRIR__ligand1260-0
303,LUJRIR__ligand4894-0
304,LUJRIR__ligand9620-0
305,LUJRIR__ligand113-0
306,LUJRIR__ligand502-0
307,LUJRIR__ligand3337-0
308,LUJRIR__ligand196-0
309,LUJRIR__ligand7514-0
310,LUJRIR__ligand1449-1
311,LUJRIR__ligand4811-0
312,LUJRIR__ligand1307-0
313,LUJRIR__ligand210-0
314,LUJRIR__ligand1246-0
315,LUJRIR__ligand391-0
316,LUJRIR__ligand6166-0
317,LUJRIR__ligand170-0
318,LUJRIR__ligand11-0
319,LUJRIR__ligand3853-0
320,LUJRIR__ligand2853-0
321,LUJRIR__ligand2599-0
322,LUJRIR__ligand5089-0
323,LUJRIR__ligand481-0
324,LUJRIR__ligand314-0
