,TMC
0,NOVPOD__ligand2781-0
1,NOVPOD__ligand7573-0
2,NOVPOD__ligand3350-0
3,NOVPOD__ligand18019-1
4,NOVPOD__ligand1327-0
5,NOVPOD__ligand6672-0
6,NOVPOD__ligand9809-0
7,NOVPOD__ligand14007-0
8,NOVPOD__ligand8722-0
9,NOVPOD__ligand27550-0
10,NOVPOD__ligand3208-0
11,NOVPOD__ligand2208-0
12,NOVPOD__ligand1900-0
13,NOVPOD__ligand20942-1
14,NOVPOD__ligand16956-0
15,NOVPOD__ligand240-0
16,NOVPOD__ligand21339-0
17,NOVPOD__ligand14226-0
18,NOVPOD__ligand9197-0
19,NOVPOD__ligand141-0
20,NOVPOD__ligand3029-0
21,NOVPOD__ligand29565-0
22,NOVPOD__ligand23682-0
23,NOVPOD__ligand7162-0
24,NOVPOD__ligand18158-0
25,NOVPOD__ligand2328-0
26,NOVPOD__ligand4581-0
27,NOVPOD__ligand1773-0
28,NOVPOD__ligand27771-0
29,NOVPOD__ligand12413-0
30,NOVPOD__ligand29334-0
31,NOVPOD__ligand5892-0
32,NOVPOD__ligand20731-0
33,NOVPOD__ligand5094-0
34,NOVPOD__ligand11798-0
35,NOVPOD__ligand1712-0
36,NOVPOD__ligand4131-0
37,NOVPOD__ligand17069-0
38,NOVPOD__ligand14477-0
39,NOVPOD__ligand17445-0
40,NOVPOD__ligand384-0
41,NOVPOD__ligand29214-0
42,NOVPOD__ligand768-0
43,NOVPOD__ligand11544-0
44,NOVPOD__ligand11501-0
45,NOVPOD__ligand7557-0
46,NOVPOD__ligand17-0
47,NOVPOD__ligand1496-0
48,NOVPOD__ligand21448-0
49,NOVPOD__ligand22357-0
50,NOVPOD__ligand11758-0
51,NOVPOD__ligand1533-0
52,NOVPOD__ligand20557-0
53,NOVPOD__ligand30004-0
54,NOVPOD__ligand1768-0
55,NOVPOD__ligand3871-0
56,NOVPOD__ligand1469-0
57,NOVPOD__ligand1688-0
58,NOVPOD__ligand5357-0
59,NOVPOD__ligand3647-0
60,NOVPOD__ligand5056-0
61,NOVPOD__ligand4850-0
62,NOVPOD__ligand1165-0
63,NOVPOD__ligand20432-0
64,NOVPOD__ligand27122-0
65,NOVPOD__ligand16133-0
66,NOVPOD__ligand13755-0
67,NOVPOD__ligand9525-0
68,NOVPOD__ligand23445-0
69,NOVPOD__ligand24953-0
70,NOVPOD__ligand3157-0
71,NOVPOD__ligand122-0
72,NOVPOD__ligand25048-0
73,NOVPOD__ligand1379-0
74,NOVPOD__ligand757-0
75,NOVPOD__ligand21940-0
76,NOVPOD__ligand2722-0
77,NOVPOD__ligand5935-0
78,NOVPOD__ligand21752-0
79,NOVPOD__ligand5849-0
80,NOVPOD__ligand693-0
81,NOVPOD__ligand4911-0
82,NOVPOD__ligand14339-0
83,NOVPOD__ligand1771-0
84,NOVPOD__ligand49-0
85,NOVPOD__ligand3392-0
86,NOVPOD__ligand30788-0
87,NOVPOD__ligand13691-0
88,NOVPOD__ligand89-0
89,NOVPOD__ligand1709-0
90,NOVPOD__ligand8464-0
91,NOVPOD__ligand8349-0
92,NOVPOD__ligand2527-0
93,NOVPOD__ligand18757-0
94,NOVPOD__ligand24560-0
95,NOVPOD__ligand20844-0
96,NOVPOD__ligand18413-0
97,NOVPOD__ligand24624-0
98,NOVPOD__ligand11177-0
99,NOVPOD__ligand777-0
100,NOVPOD__ligand2403-0
101,NOVPOD__ligand15455-0
102,NOVPOD__ligand6455-0
103,NOVPOD__ligand6882-0
104,NOVPOD__ligand25658-0
105,NOVPOD__ligand17686-0
106,NOVPOD__ligand941-0
107,NOVPOD__ligand596-0
108,NOVPOD__ligand31205-0
109,NOVPOD__ligand3934-0
110,NOVPOD__ligand4332-0
111,NOVPOD__ligand657-0
112,NOVPOD__ligand11814-0
113,NOVPOD__ligand16603-0
114,NOVPOD__ligand9681-0
115,NOVPOD__ligand187-0
116,NOVPOD__ligand366-0
117,NOVPOD__ligand16870-0
118,NOVPOD__ligand7530-0
119,NOVPOD__ligand1065-0
120,NOVPOD__ligand1449-0
121,NOVPOD__ligand11622-0
122,NOVPOD__ligand3012-0
123,NOVPOD__ligand5483-0
124,NOVPOD__ligand26673-0
125,NOVPOD__ligand5316-0
126,NOVPOD__ligand20821-0
127,NOVPOD__ligand2830-0
128,NOVPOD__ligand845-0
129,NOVPOD__ligand11606-0
130,NOVPOD__ligand5627-0
131,NOVPOD__ligand11-0
132,NOVPOD__ligand31000-0
133,NOVPOD__ligand1729-0
134,NOVPOD__ligand7529-0
135,NOVPOD__ligand11252-0
136,NOVPOD__ligand69-0
137,NOVPOD__ligand10582-0
138,NOVPOD__ligand13260-0
139,NOVPOD__ligand6946-0
140,NOVPOD__ligand1415-0
141,NOVPOD__ligand9148-0
142,NOVPOD__ligand3-0
143,NOVPOD__ligand126-0
144,NOVPOD__ligand163-0
145,NOVPOD__ligand19824-0
146,NOVPOD__ligand18067-0
147,NOVPOD__ligand7107-0
148,NOVPOD__ligand10151-0
149,NOVPOD__ligand338-0
150,NOVPOD__ligand3215-0
151,NOVPOD__ligand1-0
152,NOVPOD__ligand22353-0
153,NOVPOD__ligand6062-0
154,NOVPOD__ligand5813-0
155,NOVPOD__ligand4813-0
156,NOVPOD__ligand4738-0
157,NOVPOD__ligand19668-0
158,NOVPOD__ligand19906-0
159,NOVPOD__ligand6283-0
160,NOVPOD__ligand185-0
161,NOVPOD__ligand27610-0
162,NOVPOD__ligand10479-0
163,NOVPOD__ligand11479-0
164,NOVPOD__ligand279-0
165,NOVPOD__ligand29441-0
166,NOVPOD__ligand10853-0
167,NOVPOD__ligand2599-0
168,NOVPOD__ligand178-0
169,NOVPOD__ligand4330-0
170,NOVPOD__ligand24851-0
171,NOVPOD__ligand4194-0
172,NOVPOD__ligand7532-0
173,NOVPOD__ligand20530-0
174,NOVPOD__ligand11698-0
175,NOVPOD__ligand14302-0
176,NOVPOD__ligand14347-0
177,NOVPOD__ligand321-0
178,NOVPOD__ligand13657-0
179,NOVPOD__ligand20220-0
180,NOVPOD__ligand2068-0
181,NOVPOD__ligand15387-0
182,NOVPOD__ligand7925-0
183,NOVPOD__ligand20121-0
184,NOVPOD__ligand3973-0
185,NOVPOD__ligand1147-0
186,NOVPOD__ligand201-0
187,NOVPOD__ligand16952-0
188,NOVPOD__ligand29813-0
189,NOVPOD__ligand11587-0
190,NOVPOD__ligand13220-0
191,NOVPOD__ligand1378-0
192,NOVPOD__ligand91-0
193,NOVPOD__ligand17396-0
194,NOVPOD__ligand23175-0
195,NOVPOD__ligand6244-0
196,NOVPOD__ligand15788-0
197,NOVPOD__ligand14569-0
198,NOVPOD__ligand13385-0
199,NOVPOD__ligand24111-0
200,NOVPOD__ligand3156-0
201,NOVPOD__ligand2915-0
202,NOVPOD__ligand22444-0
203,NOVPOD__ligand9933-0
204,NOVPOD__ligand633-0
205,NOVPOD__ligand10033-0
206,NOVPOD__ligand1530-0
207,NOVPOD__ligand1575-0
208,NOVPOD__ligand24644-0
209,NOVPOD__ligand12001-0
210,NOVPOD__ligand1631-0
211,NOVPOD__ligand2332-0
212,NOVPOD__ligand27840-0
213,NOVPOD__ligand51-0
214,NOVPOD__ligand9441-0
215,NOVPOD__ligand30728-0
216,NOVPOD__ligand24872-0
217,NOVPOD__ligand497-0
218,NOVPOD__ligand2526-0
219,NOVPOD__ligand25561-0
220,NOVPOD__ligand5036-0
221,NOVPOD__ligand1615-0
222,NOVPOD__ligand9952-0
223,NOVPOD__ligand9111-0
224,NOVPOD__ligand8721-0
225,NOVPOD__ligand1324-0
226,NOVPOD__ligand11949-0
227,NOVPOD__ligand326-0
228,NOVPOD__ligand22129-0
229,NOVPOD__ligand12138-0
230,NOVPOD__ligand5643-0
231,NOVPOD__ligand24780-0
232,NOVPOD__ligand1823-0
233,NOVPOD__ligand4116-0
234,NOVPOD__ligand1018-0
235,NOVPOD__ligand436-0
236,NOVPOD__ligand48-0
237,NOVPOD__ligand3707-0
238,NOVPOD__ligand6124-0
239,NOVPOD__ligand7967-0
240,NOVPOD__ligand17427-0
241,NOVPOD__ligand9601-0
242,NOVPOD__ligand31694-0
243,NOVPOD__ligand8992-0
244,NOVPOD__ligand692-0
245,NOVPOD__ligand29486-0
246,NOVPOD__ligand2028-0
247,NOVPOD__ligand8835-0
248,NOVPOD__ligand11618-0
249,NOVPOD__ligand7126-0
250,NOVPOD__ligand1142-0
251,NOVPOD__ligand3234-0
252,NOVPOD__ligand26529-0
253,NOVPOD__ligand21729-0
254,NOVPOD__ligand27239-0
255,NOVPOD__ligand19927-0
256,NOVPOD__ligand32-0
257,NOVPOD__ligand409-0
258,NOVPOD__ligand4641-0
259,NOVPOD__ligand324-0
260,NOVPOD__ligand361-0
261,NOVPOD__ligand28559-0
262,NOVPOD__ligand26324-0
263,NOVPOD__ligand14043-0
264,NOVPOD__ligand16148-0
265,NOVPOD__ligand26631-0
266,NOVPOD__ligand12003-0
267,NOVPOD__ligand2295-0
268,NOVPOD__ligand1577-0
269,NOVPOD__ligand6067-0
270,NOVPOD__ligand588-0
271,NOVPOD__ligand21399-0
272,NOVPOD__ligand10872-0
273,NOVPOD__ligand29215-0
274,NOVPOD__ligand300-0
275,NOVPOD__ligand4620-0
276,NOVPOD__ligand16-0
277,NOVPOD__ligand3465-0
278,NOVPOD__ligand27754-0
279,NOVPOD__ligand20695-0
280,NOVPOD__ligand16369-0
281,NOVPOD__ligand3721-0
282,NOVPOD__ligand6904-0
283,NOVPOD__ligand6596-0
284,NOVPOD__ligand6102-0
285,NOVPOD__ligand28540-0
286,NOVPOD__ligand11111-0
287,NOVPOD__ligand7819-0
288,NOVPOD__ligand4-0
289,NOVPOD__ligand22403-0
290,NOVPOD__ligand2917-0
291,NOVPOD__ligand199-0
292,NOVPOD__ligand13672-0
293,NOVPOD__ligand57-0
294,NOVPOD__ligand1844-0
295,NOVPOD__ligand4661-0
296,NOVPOD__ligand3718-0
297,NOVPOD__ligand28685-0
298,NOVPOD__ligand18568-0
299,NOVPOD__ligand1343-0
300,NOVPOD__ligand3876-0
301,NOVPOD__ligand3035-0
302,NOVPOD__ligand6616-0
303,NOVPOD__ligand1536-0
304,NOVPOD__ligand1573-0
305,NOVPOD__ligand9935-0
306,NOVPOD__ligand670-0
307,NOVPOD__ligand3504-0
308,NOVPOD__ligand571-0
309,NOVPOD__ligand1959-0
310,NOVPOD__ligand534-0
311,NOVPOD__ligand10371-0
312,NOVPOD__ligand18448-0
313,NOVPOD__ligand12453-0
314,NOVPOD__ligand1263-0
315,NOVPOD__ligand9908-0
316,NOVPOD__ligand28459-0
317,NOVPOD__ligand19184-0
318,NOVPOD__ligand7106-0
319,NOVPOD__ligand7242-0
320,NOVPOD__ligand3174-0
321,NOVPOD__ligand3937-0
322,NOVPOD__ligand1202-0
323,NOVPOD__ligand3131-0
324,NOVPOD__ligand8969-0
325,NOVPOD__ligand6839-0
326,NOVPOD__ligand13477-0
327,NOVPOD__ligand14167-0
328,NOVPOD__ligand4720-0
329,NOVPOD__ligand30142-0
330,NOVPOD__ligand27669-0
331,NOVPOD__ligand694-0
332,NOVPOD__ligand430-0
333,NOVPOD__ligand358-0
334,NOVPOD__ligand3094-0
335,NOVPOD__ligand4155-0
336,NOVPOD__ligand488-0
337,NOVPOD__ligand5211-0
338,NOVPOD__ligand2485-0
339,NOVPOD__ligand3852-0
340,NOVPOD__ligand23197-0
341,NOVPOD__ligand6919-0
342,NOVPOD__ligand27285-0
343,NOVPOD__ligand3565-0
344,NOVPOD__ligand29029-0
345,NOVPOD__ligand5331-0
346,NOVPOD__ligand1512-0
347,NOVPOD__ligand28930-0
348,NOVPOD__ligand22168-0
349,NOVPOD__ligand22294-0
350,NOVPOD__ligand34-0
351,NOVPOD__ligand21919-0
352,NOVPOD__ligand4503-0
353,NOVPOD__ligand4546-0
354,NOVPOD__ligand7000-0
355,NOVPOD__ligand1982-0
356,NOVPOD__ligand6768-0
357,NOVPOD__ligand656-0
358,NOVPOD__ligand10056-0
359,NOVPOD__ligand12365-0
360,NOVPOD__ligand8115-0
361,NOVPOD__ligand1285-0
362,NOVPOD__ligand11357-0
363,NOVPOD__ligand13862-0
364,NOVPOD__ligand15531-0
365,NOVPOD__ligand28743-0
366,NOVPOD__ligand28810-0
367,NOVPOD__ligand11447-0
368,NOVPOD__ligand696-0
369,NOVPOD__ligand11096-0
370,NOVPOD__ligand24230-0
371,NOVPOD__ligand2232-0
372,NOVPOD__ligand15926-0
373,NOVPOD__ligand9291-0
374,NOVPOD__ligand19792-0
375,NOVPOD__ligand2176-0
376,NOVPOD__ligand10828-0
377,NOVPOD__ligand5256-0
378,NOVPOD__ligand2828-0
379,NOVPOD__ligand8876-0
380,NOVPOD__ligand7648-0
381,NOVPOD__ligand11970-0
382,NOVPOD__ligand9833-0
383,NOVPOD__ligand4157-0
384,NOVPOD__ligand15883-0
385,NOVPOD__ligand4442-0
386,NOVPOD__ligand16988-0
387,NOVPOD__ligand4093-0
388,NOVPOD__ligand3954-0
389,NOVPOD__ligand25913-0
390,NOVPOD__ligand162-0
391,NOVPOD__ligand1160-0
392,NOVPOD__ligand8699-0
393,NOVPOD__ligand226-0
394,NOVPOD__ligand9520-0
395,NOVPOD__ligand416-0
396,NOVPOD__ligand9784-0
397,NOVPOD__ligand11682-0
398,NOVPOD__ligand68-0
399,NOVPOD__ligand30711-0
400,NOVPOD__ligand20207-0
401,NOVPOD__ligand7629-0
402,NOVPOD__ligand383-0
403,NOVPOD__ligand1451-0
404,NOVPOD__ligand4272-0
405,NOVPOD__ligand7280-0
406,NOVPOD__ligand1790-0
407,NOVPOD__ligand1304-0
408,NOVPOD__ligand24035-0
409,NOVPOD__ligand55-0
410,NOVPOD__ligand31842-0
411,NOVPOD__ligand31044-0
412,NOVPOD__ligand11994-0
413,NOVPOD__ligand7238-0
414,NOVPOD__ligand16663-0
415,NOVPOD__ligand4016-0
416,NOVPOD__ligand14614-0
417,NOVPOD__ligand1219-0
418,NOVPOD__ligand6709-0
419,NOVPOD__ligand7867-0
420,NOVPOD__ligand27763-0
421,NOVPOD__ligand2417-0
422,NOVPOD__ligand10262-0
423,NOVPOD__ligand28676-0
424,NOVPOD__ligand252-0
425,NOVPOD__ligand18814-0
426,NOVPOD__ligand19057-0
427,NOVPOD__ligand1114-0
428,NOVPOD__ligand116-0
429,NOVPOD__ligand29302-0
430,NOVPOD__ligand9284-0
431,NOVPOD__ligand13425-0
432,NOVPOD__ligand3126-0
433,NOVPOD__ligand6391-0
434,NOVPOD__ligand14108-0
435,NOVPOD__ligand9943-0
436,NOVPOD__ligand1228-0
437,NOVPOD__ligand1604-0
438,NOVPOD__ligand193-0
439,NOVPOD__ligand12641-0
440,NOVPOD__ligand372-0
441,NOVPOD__ligand1832-0
442,NOVPOD__ligand8788-0
443,NOVPOD__ligand830-0
444,NOVPOD__ligand10958-0
445,NOVPOD__ligand2043-0
446,NOVPOD__ligand23769-0
447,NOVPOD__ligand1599-0
448,NOVPOD__ligand24185-0
449,NOVPOD__ligand25178-0
450,NOVPOD__ligand909-0
451,NOVPOD__ligand2612-0
452,NOVPOD__ligand17302-0
453,NOVPOD__ligand17805-0
454,NOVPOD__ligand9450-0
455,NOVPOD__ligand38-0
456,NOVPOD__ligand17387-0
457,NOVPOD__ligand12130-0
458,NOVPOD__ligand12289-0
459,NOVPOD__ligand18292-0
460,NOVPOD__ligand13658-0
461,NOVPOD__ligand26702-0
462,NOVPOD__ligand12231-0
463,NOVPOD__ligand24145-0
464,NOVPOD__ligand177-0
465,NOVPOD__ligand15585-0
466,NOVPOD__ligand12401-0
467,NOVPOD__ligand2203-0
468,NOVPOD__ligand5387-0
469,NOVPOD__ligand19830-0
470,NOVPOD__ligand13068-0
471,NOVPOD__ligand1289-0
472,NOVPOD__ligand10476-0
473,NOVPOD__ligand27893-0
474,NOVPOD__ligand14723-0
475,NOVPOD__ligand19641-0
476,NOVPOD__ligand4649-0
477,NOVPOD__ligand8793-0
478,NOVPOD__ligand15422-0
479,NOVPOD__ligand2788-0
480,NOVPOD__ligand20578-0
481,NOVPOD__ligand5649-0
482,NOVPOD__ligand12934-0
483,NOVPOD__ligand18832-0
484,NOVPOD__ligand27175-0
485,NOVPOD__ligand188-0
486,NOVPOD__ligand4711-0
487,NOVPOD__ligand3244-0
488,NOVPOD__ligand23713-0
489,NOVPOD__ligand30988-0
490,NOVPOD__ligand2906-0
491,NOVPOD__ligand370-1
492,NOVPOD__ligand17258-0
493,NOVPOD__ligand14297-0
494,NOVPOD__ligand620-0
495,NOVPOD__ligand3178-0
496,NOVPOD__ligand14603-0
497,NOVPOD__ligand26665-0
498,NOVPOD__ligand4807-0
499,NOVPOD__ligand17631-0
500,NOVPOD__ligand564-0
501,NOVPOD__ligand13012-0
502,NOVPOD__ligand5159-0
503,NOVPOD__ligand785-0
504,NOVPOD__ligand311-0
505,NOVPOD__ligand42-0
506,NOVPOD__ligand479-0
507,NOVPOD__ligand7196-0
508,NOVPOD__ligand9753-0
509,NOVPOD__ligand31783-0
510,NOVPOD__ligand1356-0
511,NOVPOD__ligand1787-0
512,NOVPOD__ligand5530-0
513,NOVPOD__ligand17281-0
514,NOVPOD__ligand5708-0
515,NOVPOD__ligand7316-0
516,NOVPOD__ligand30296-0
517,NOVPOD__ligand12337-0
518,NOVPOD__ligand29410-0
519,NOVPOD__ligand6017-0
520,NOVPOD__ligand26540-0
521,NOVPOD__ligand5180-0
522,NOVPOD__ligand30333-0
523,NOVPOD__ligand66-0
524,NOVPOD__ligand12606-0
525,NOVPOD__ligand370-0
526,NOVPOD__ligand9323-0
527,NOVPOD__ligand7273-0
528,NOVPOD__ligand27460-0
529,NOVPOD__ligand7172-0
530,NOVPOD__ligand2124-0
531,NOVPOD__ligand28468-0
532,NOVPOD__ligand20740-0
533,NOVPOD__ligand8612-0
534,NOVPOD__ligand12427-0
535,NOVPOD__ligand7092-0
536,NOVPOD__ligand2260-0
537,NOVPOD__ligand3225-0
538,NOVPOD__ligand1153-0
539,NOVPOD__ligand16628-0
540,NOVPOD__ligand1116-0
541,NOVPOD__ligand250-0
542,NOVPOD__ligand17398-0
543,NOVPOD__ligand24047-0
544,NOVPOD__ligand1376-0
545,NOVPOD__ligand10589-0
546,NOVPOD__ligand22557-0
547,NOVPOD__ligand5510-0
548,NOVPOD__ligand20598-0
549,NOVPOD__ligand9773-0
550,NOVPOD__ligand11675-0
551,NOVPOD__ligand17982-0
552,NOVPOD__ligand5099-0
553,NOVPOD__ligand8592-0
554,NOVPOD__ligand294-0
555,NOVPOD__ligand29414-0
556,NOVPOD__ligand1197-0
557,NOVPOD__ligand20011-0
558,NOVPOD__ligand17278-0
559,NOVPOD__ligand8-0
560,NOVPOD__ligand2259-0
561,NOVPOD__ligand1296-0
562,NOVPOD__ligand2221-0
563,NOVPOD__ligand685-0
564,NOVPOD__ligand3120-0
565,NOVPOD__ligand3926-0
566,NOVPOD__ligand4358-0
567,NOVPOD__ligand20251-1
568,NOVPOD__ligand14703-0
569,NOVPOD__ligand16475-0
570,NOVPOD__ligand421-0
571,NOVPOD__ligand5595-0
572,NOVPOD__ligand4101-0
573,NOVPOD__ligand134-0
574,NOVPOD__ligand14117-0
575,NOVPOD__ligand17261-0
576,NOVPOD__ligand7762-0
577,NOVPOD__ligand5080-0
578,NOVPOD__ligand235-0
579,NOVPOD__ligand20251-0
580,NOVPOD__ligand30702-0
581,NOVPOD__ligand20214-0
582,NOVPOD__ligand20539-0
583,NOVPOD__ligand1407-0
584,NOVPOD__ligand6117-0
585,NOVPOD__ligand21581-0
586,NOVPOD__ligand31097-0
587,NOVPOD__ligand5509-0
588,NOVPOD__ligand8002-0
589,NOVPOD__ligand1317-0
590,NOVPOD__ligand29568-0
591,NOVPOD__ligand3867-0
592,NOVPOD__ligand2822-0
593,NOVPOD__ligand7293-0
594,NOVPOD__ligand14889-0
595,NOVPOD__ligand30851-0
596,NOVPOD__ligand21371-0
597,NOVPOD__ligand17118-0
598,NOVPOD__ligand20419-0
599,NOVPOD__ligand2238-0
600,NOVPOD__ligand560-0
601,NOVPOD__ligand5304-0
602,NOVPOD__ligand28789-0
603,NOVPOD__ligand9167-0
604,NOVPOD__ligand26810-0
605,NOVPOD__ligand27482-0
606,NOVPOD__ligand352-0
607,NOVPOD__ligand783-0
608,NOVPOD__ligand9883-0
609,NOVPOD__ligand3677-1
610,NOVPOD__ligand13208-0
611,NOVPOD__ligand7291-0
612,NOVPOD__ligand9299-0
613,NOVPOD__ligand4007-0
614,NOVPOD__ligand2985-0
615,NOVPOD__ligand5383-0
616,NOVPOD__ligand2693-0
617,NOVPOD__ligand13390-0
618,NOVPOD__ligand3945-0
619,NOVPOD__ligand8000-0
620,NOVPOD__ligand868-0
621,NOVPOD__ligand3736-0
622,NOVPOD__ligand9344-0
623,NOVPOD__ligand20682-0
624,NOVPOD__ligand14174-0
625,NOVPOD__ligand10712-0
626,NOVPOD__ligand1211-0
627,NOVPOD__ligand11456-0
628,NOVPOD__ligand6892-0
629,NOVPOD__ligand25411-0
630,NOVPOD__ligand2881-0
631,NOVPOD__ligand1499-0
632,NOVPOD__ligand18-0
633,NOVPOD__ligand1464-0
634,NOVPOD__ligand3712-0
635,NOVPOD__ligand6699-0
636,NOVPOD__ligand13294-0
637,NOVPOD__ligand31832-0
638,NOVPOD__ligand29879-0
639,NOVPOD__ligand1294-0
640,NOVPOD__ligand14248-0
641,NOVPOD__ligand12030-0
642,NOVPOD__ligand1168-0
643,NOVPOD__ligand197-0
644,NOVPOD__ligand3632-0
645,NOVPOD__ligand3677-0
646,NOVPOD__ligand28884-0
647,NOVPOD__ligand13331-0
648,NOVPOD__ligand10555-0
649,NOVPOD__ligand784-0
650,NOVPOD__ligand43-0
651,NOVPOD__ligand31483-0
652,NOVPOD__ligand5630-0
653,NOVPOD__ligand1786-0
654,NOVPOD__ligand24613-0
655,NOVPOD__ligand3285-0
656,NOVPOD__ligand4795-0
657,NOVPOD__ligand19725-0
658,NOVPOD__ligand1908-0
659,NOVPOD__ligand5755-0
660,NOVPOD__ligand4710-0
661,NOVPOD__ligand21421-0
662,NOVPOD__ligand11774-0
663,NOVPOD__ligand14586-0
664,NOVPOD__ligand5085-0
665,NOVPOD__ligand3144-0
666,NOVPOD__ligand6112-0
667,NOVPOD__ligand395-0
668,NOVPOD__ligand8042-0
669,NOVPOD__ligand7213-0
670,NOVPOD__ligand1397-0
671,NOVPOD__ligand11568-0
672,NOVPOD__ligand368-0
673,NOVPOD__ligand1828-0
674,NOVPOD__ligand20579-0
675,NOVPOD__ligand17710-0
676,NOVPOD__ligand1216-0
677,NOVPOD__ligand115-0
678,NOVPOD__ligand17240-0
679,NOVPOD__ligand3261-0
680,NOVPOD__ligand1152-0
681,NOVPOD__ligand17590-0
682,NOVPOD__ligand5019-0
683,NOVPOD__ligand1849-0
684,NOVPOD__ligand12682-0
685,NOVPOD__ligand18699-0
686,NOVPOD__ligand6663-0
687,NOVPOD__ligand5515-0
688,NOVPOD__ligand833-0
689,NOVPOD__ligand67-0
690,NOVPOD__ligand1831-0
691,NOVPOD__ligand5614-0
692,NOVPOD__ligand5280-0
693,NOVPOD__ligand13072-0
694,NOVPOD__ligand12336-0
695,NOVPOD__ligand28924-0
696,NOVPOD__ligand15438-0
697,NOVPOD__ligand3042-0
698,NOVPOD__ligand29087-0
699,NOVPOD__ligand4063-0
700,NOVPOD__ligand18703-0
701,NOVPOD__ligand8200-0
702,NOVPOD__ligand7438-0
703,NOVPOD__ligand506-0
704,NOVPOD__ligand17945-0
705,NOVPOD__ligand25224-0
706,NOVPOD__ligand18013-0
707,NOVPOD__ligand1150-0
708,NOVPOD__ligand152-0
709,NOVPOD__ligand31578-0
710,NOVPOD__ligand1539-0
711,NOVPOD__ligand17207-0
712,NOVPOD__ligand24750-0
713,NOVPOD__ligand4207-0
714,NOVPOD__ligand3416-0
715,NOVPOD__ligand3453-0
716,NOVPOD__ligand26277-0
717,NOVPOD__ligand29898-0
718,NOVPOD__ligand176-0
719,NOVPOD__ligand22755-0
720,NOVPOD__ligand31618-0
721,NOVPOD__ligand1288-0
722,NOVPOD__ligand11432-0
723,NOVPOD__ligand10432-0
724,NOVPOD__ligand447-0
725,NOVPOD__ligand4167-0
726,NOVPOD__ligand746-0
727,NOVPOD__ligand9491-0
728,NOVPOD__ligand4266-0
729,NOVPOD__ligand1400-0
730,NOVPOD__ligand24064-0
731,NOVPOD__ligand487-0
732,NOVPOD__ligand9750-0
733,NOVPOD__ligand1817-0
734,NOVPOD__ligand6993-0
735,NOVPOD__ligand1779-0
736,NOVPOD__ligand23589-0
737,NOVPOD__ligand1149-0
738,NOVPOD__ligand3557-0
739,NOVPOD__ligand3980-0
740,NOVPOD__ligand15168-0
741,NOVPOD__ligand7075-0
742,NOVPOD__ligand393-0
743,NOVPOD__ligand12519-0
744,NOVPOD__ligand25735-0
745,NOVPOD__ligand4262-0
746,NOVPOD__ligand11206-0
747,NOVPOD__ligand1028-0
748,NOVPOD__ligand78-0
749,NOVPOD__ligand23124-0
750,NOVPOD__ligand2692-0
751,NOVPOD__ligand1618-0
752,NOVPOD__ligand31248-0
753,NOVPOD__ligand25650-0
754,NOVPOD__ligand45-0
755,NOVPOD__ligand1050-0
756,NOVPOD__ligand1015-0
757,NOVPOD__ligand12660-0
758,NOVPOD__ligand353-0
759,NOVPOD__ligand13209-0
760,NOVPOD__ligand19257-0
761,NOVPOD__ligand2027-0
762,NOVPOD__ligand21787-0
763,NOVPOD__ligand8529-0
764,NOVPOD__ligand25575-0
765,NOVPOD__ligand25689-0
766,NOVPOD__ligand1169-0
767,NOVPOD__ligand196-0
768,NOVPOD__ligand12295-0
769,NOVPOD__ligand24-0
770,NOVPOD__ligand27835-0
771,NOVPOD__ligand23906-0
772,NOVPOD__ligand4596-0
773,NOVPOD__ligand422-0
774,NOVPOD__ligand19-0
775,NOVPOD__ligand1498-0
776,NOVPOD__ligand21132-0
777,NOVPOD__ligand11166-0
778,NOVPOD__ligand9615-0
779,NOVPOD__ligand30539-0
780,NOVPOD__ligand686-0
781,NOVPOD__ligand1154-0
782,NOVPOD__ligand13257-0
783,NOVPOD__ligand5201-0
784,NOVPOD__ligand21936-0
785,NOVPOD__ligand465-0
786,NOVPOD__ligand23904-0
787,NOVPOD__ligand25267-0
788,NOVPOD__ligand1113-0
789,NOVPOD__ligand10084-0
790,NOVPOD__ligand8553-0
791,NOVPOD__ligand12467-0
792,NOVPOD__ligand8593-0
793,NOVPOD__ligand9944-0
794,NOVPOD__ligand314-1
795,NOVPOD__ligand27169-0
796,NOVPOD__ligand14523-0
797,NOVPOD__ligand18391-0
798,NOVPOD__ligand7566-0
799,NOVPOD__ligand27074-0
800,NOVPOD__ligand25805-0
801,NOVPOD__ligand2001-0
802,NOVPOD__ligand22981-0
803,NOVPOD__ligand20599-0
804,NOVPOD__ligand3180-0
805,NOVPOD__ligand4340-0
806,NOVPOD__ligand2281-0
807,NOVPOD__ligand2650-0
808,NOVPOD__ligand18465-0
809,NOVPOD__ligand18799-0
810,NOVPOD__ligand16791-0
811,NOVPOD__ligand813-0
812,NOVPOD__ligand2823-0
813,NOVPOD__ligand314-0
814,NOVPOD__ligand780-0
815,NOVPOD__ligand6995-0
816,NOVPOD__ligand28668-0
817,NOVPOD__ligand4124-0
818,NOVPOD__ligand4161-0
819,NOVPOD__ligand3471-0
820,NOVPOD__ligand29610-0
821,NOVPOD__ligand391-0
822,NOVPOD__ligand11140-0
823,NOVPOD__ligand5415-0
824,NOVPOD__ligand618-0
825,NOVPOD__ligand29863-0
826,NOVPOD__ligand18074-0
827,NOVPOD__ligand13869-0
