,TMC
0,LAMXUS__ligand830-0
1,LAMXUS__ligand11252-0
2,LAMXUS__ligand4-0
3,LAMXUS__ligand4007-0
4,LAMXUS__ligand2985-0
5,LAMXUS__ligand372-0
6,LAMXUS__ligand13260-0
7,LAMXUS__ligand9299-0
8,LAMXUS__ligand10582-0
9,LAMXUS__ligand7291-0
10,LAMXUS__ligand193-0
11,LAMXUS__ligand32-0
12,LAMXUS__ligand18067-0
13,LAMXUS__ligand3677-1
14,LAMXUS__ligand19824-0
15,LAMXUS__ligand9883-0
16,LAMXUS__ligand9344-0
17,LAMXUS__ligand116-0
18,LAMXUS__ligand26673-0
19,LAMXUS__ligand252-0
20,LAMXUS__ligand8000-0
21,LAMXUS__ligand20821-0
22,LAMXUS__ligand3736-0
23,LAMXUS__ligand11606-0
24,LAMXUS__ligand3945-0
25,LAMXUS__ligand2693-0
26,LAMXUS__ligand5383-0
27,LAMXUS__ligand31000-0
28,LAMXUS__ligand3712-0
29,LAMXUS__ligand1464-0
30,LAMXUS__ligand11814-0
31,LAMXUS__ligand2881-0
32,LAMXUS__ligand16603-0
33,LAMXUS__ligand177-0
34,LAMXUS__ligand1499-0
35,LAMXUS__ligand6892-0
36,LAMXUS__ligand16870-0
37,LAMXUS__ligand1211-0
38,LAMXUS__ligand11622-0
39,LAMXUS__ligand11177-0
40,LAMXUS__ligand3677-0
41,LAMXUS__ligand3632-0
42,LAMXUS__ligand1294-0
43,LAMXUS__ligand15455-0
44,LAMXUS__ligand1168-0
45,LAMXUS__ligand6699-0
46,LAMXUS__ligand909-0
47,LAMXUS__ligand31205-0
48,LAMXUS__ligand16-0
49,LAMXUS__ligand25658-0
50,LAMXUS__ligand17686-0
51,LAMXUS__ligand2259-0
52,LAMXUS__ligand20220-0
53,LAMXUS__ligand1296-0
54,LAMXUS__ligand8592-0
55,LAMXUS__ligand5099-0
56,LAMXUS__ligand20121-0
57,LAMXUS__ligand311-0
58,LAMXUS__ligand785-0
59,LAMXUS__ligand479-0
60,LAMXUS__ligand1197-0
61,LAMXUS__ligand15387-0
62,LAMXUS__ligand1376-0
63,LAMXUS__ligand5510-0
64,LAMXUS__ligand564-0
65,LAMXUS__ligand9773-0
66,LAMXUS__ligand51-0
67,LAMXUS__ligand16952-0
68,LAMXUS__ligand29813-0
69,LAMXUS__ligand370-1
70,LAMXUS__ligand620-0
71,LAMXUS__ligand11479-0
72,LAMXUS__ligand91-0
73,LAMXUS__ligand27610-0
74,LAMXUS__ligand10479-0
75,LAMXUS__ligand5595-0
76,LAMXUS__ligand4101-0
77,LAMXUS__ligand10853-0
78,LAMXUS__ligand29441-0
79,LAMXUS__ligand188-0
80,LAMXUS__ligand3926-0
81,LAMXUS__ligand3120-0
82,LAMXUS__ligand24851-0
83,LAMXUS__ligand4358-0
84,LAMXUS__ligand2221-0
85,LAMXUS__ligand14302-0
86,LAMXUS__ligand13657-0
87,LAMXUS__ligand14347-0
88,LAMXUS__ligand11698-0
89,LAMXUS__ligand20530-0
90,LAMXUS__ligand48-0
91,LAMXUS__ligand6117-0
92,LAMXUS__ligand1407-0
93,LAMXUS__ligand250-0
94,LAMXUS__ligand8002-0
95,LAMXUS__ligand22353-0
96,LAMXUS__ligand5509-0
97,LAMXUS__ligand19906-0
98,LAMXUS__ligand19668-0
99,LAMXUS__ligand5080-0
100,LAMXUS__ligand7762-0
101,LAMXUS__ligand10151-0
102,LAMXUS__ligand5304-0
103,LAMXUS__ligand9167-0
104,LAMXUS__ligand370-0
105,LAMXUS__ligand2238-0
106,LAMXUS__ligand3867-0
107,LAMXUS__ligand1317-0
108,LAMXUS__ligand7293-0
109,LAMXUS__ligand2822-0
110,LAMXUS__ligand421-0
111,LAMXUS__ligand2906-0
112,LAMXUS__ligand29214-0
113,LAMXUS__ligand11544-0
114,LAMXUS__ligand3244-0
115,LAMXUS__ligand4711-0
116,LAMXUS__ligand11501-0
117,LAMXUS__ligand21448-0
118,LAMXUS__ligand4649-0
119,LAMXUS__ligand5649-0
120,LAMXUS__ligand2788-0
121,LAMXUS__ligand8793-0
122,LAMXUS__ligand11758-0
123,LAMXUS__ligand685-0
124,LAMXUS__ligand22357-0
125,LAMXUS__ligand20731-0
126,LAMXUS__ligand34-0
127,LAMXUS__ligand9753-0
128,LAMXUS__ligand1787-0
129,LAMXUS__ligand1356-0
130,LAMXUS__ligand29334-0
131,LAMXUS__ligand5530-0
132,LAMXUS__ligand12413-0
133,LAMXUS__ligand5159-0
134,LAMXUS__ligand294-0
135,LAMXUS__ligand11798-0
136,LAMXUS__ligand7196-0
137,LAMXUS__ligand4807-0
138,LAMXUS__ligand14477-0
139,LAMXUS__ligand17069-0
140,LAMXUS__ligand17445-0
141,LAMXUS__ligand3178-0
142,LAMXUS__ligand16956-0
143,LAMXUS__ligand14226-0
144,LAMXUS__ligand21339-0
145,LAMXUS__ligand20942-1
146,LAMXUS__ligand5180-0
147,LAMXUS__ligand560-0
148,LAMXUS__ligand55-0
149,LAMXUS__ligand23682-0
150,LAMXUS__ligand6017-0
151,LAMXUS__ligand29565-0
152,LAMXUS__ligand27771-0
153,LAMXUS__ligand5708-0
154,LAMXUS__ligand18158-0
155,LAMXUS__ligand7316-0
156,LAMXUS__ligand2260-0
157,LAMXUS__ligand7092-0
158,LAMXUS__ligand1116-0
159,LAMXUS__ligand1153-0
160,LAMXUS__ligand3225-0
161,LAMXUS__ligand2124-0
162,LAMXUS__ligand14007-0
163,LAMXUS__ligand18019-1
164,LAMXUS__ligand8612-0
165,LAMXUS__ligand235-0
166,LAMXUS__ligand27550-0
167,LAMXUS__ligand7172-0
168,LAMXUS__ligand68-0
169,LAMXUS__ligand9323-0
170,LAMXUS__ligand134-0
171,LAMXUS__ligand7273-0
172,LAMXUS__ligand9284-0
173,LAMXUS__ligand6391-0
174,LAMXUS__ligand3126-0
175,LAMXUS__ligand1114-0
176,LAMXUS__ligand868-0
177,LAMXUS__ligand2417-0
178,LAMXUS__ligand24560-0
179,LAMXUS__ligand18757-0
180,LAMXUS__ligand24624-0
181,LAMXUS__ligand20844-0
182,LAMXUS__ligand18413-0
183,LAMXUS__ligand21752-0
184,LAMXUS__ligand57-0
185,LAMXUS__ligand2043-0
186,LAMXUS__ligand1832-0
187,LAMXUS__ligand8788-0
188,LAMXUS__ligand1604-0
189,LAMXUS__ligand14339-0
190,LAMXUS__ligand13691-0
191,LAMXUS__ligand30788-0
192,LAMXUS__ligand1228-0
193,LAMXUS__ligand352-0
194,LAMXUS__ligand9943-0
195,LAMXUS__ligand783-0
196,LAMXUS__ligand13755-0
197,LAMXUS__ligand16133-0
198,LAMXUS__ligand27122-0
199,LAMXUS__ligand20432-0
200,LAMXUS__ligand9450-0
201,LAMXUS__ligand23445-0
202,LAMXUS__ligand197-0
203,LAMXUS__ligand24953-0
204,LAMXUS__ligand21940-0
205,LAMXUS__ligand25048-0
206,LAMXUS__ligand2612-0
207,LAMXUS__ligand1599-0
208,LAMXUS__ligand5387-0
209,LAMXUS__ligand2203-0
210,LAMXUS__ligand1289-0
211,LAMXUS__ligand20557-0
212,LAMXUS__ligand30004-0
213,LAMXUS__ligand368-0
214,LAMXUS__ligand23197-0
215,LAMXUS__ligand1113-0
216,LAMXUS__ligand395-0
217,LAMXUS__ligand8553-0
218,LAMXUS__ligand29029-0
219,LAMXUS__ligand27285-0
220,LAMXUS__ligand5201-0
221,LAMXUS__ligand14167-0
222,LAMXUS__ligand13477-0
223,LAMXUS__ligand2001-0
224,LAMXUS__ligand27669-0
225,LAMXUS__ligand7566-0
226,LAMXUS__ligand30142-0
227,LAMXUS__ligand8593-0
228,LAMXUS__ligand784-0
229,LAMXUS__ligand9944-0
230,LAMXUS__ligand6995-0
231,LAMXUS__ligand89-0
232,LAMXUS__ligand28459-0
233,LAMXUS__ligand2823-0
234,LAMXUS__ligand18448-0
235,LAMXUS__ligand12453-0
236,LAMXUS__ligand4340-0
237,LAMXUS__ligand2650-0
238,LAMXUS__ligand2281-0
239,LAMXUS__ligand19184-0
240,LAMXUS__ligand3180-0
241,LAMXUS__ligand833-0
242,LAMXUS__ligand13672-0
243,LAMXUS__ligand28685-0
244,LAMXUS__ligand5415-0
245,LAMXUS__ligand18568-0
246,LAMXUS__ligand49-0
247,LAMXUS__ligand10371-0
248,LAMXUS__ligand3471-0
249,LAMXUS__ligand4161-0
250,LAMXUS__ligand4124-0
251,LAMXUS__ligand115-0
252,LAMXUS__ligand24035-0
253,LAMXUS__ligand2692-0
254,LAMXUS__ligand11994-0
255,LAMXUS__ligand31842-0
256,LAMXUS__ligand1618-0
257,LAMXUS__ligand31044-0
258,LAMXUS__ligand152-0
259,LAMXUS__ligand1028-0
260,LAMXUS__ligand16663-0
261,LAMXUS__ligand4262-0
262,LAMXUS__ligand14614-0
263,LAMXUS__ligand2027-0
264,LAMXUS__ligand25913-0
265,LAMXUS__ligand506-0
266,LAMXUS__ligand16988-0
267,LAMXUS__ligand1015-0
268,LAMXUS__ligand1050-0
269,LAMXUS__ligand30711-0
270,LAMXUS__ligand20207-0
271,LAMXUS__ligand11682-0
272,LAMXUS__ligand24230-0
273,LAMXUS__ligand11447-0
274,LAMXUS__ligand11096-0
275,LAMXUS__ligand28810-0
276,LAMXUS__ligand10828-0
277,LAMXUS__ligand19792-0
278,LAMXUS__ligand17-0
279,LAMXUS__ligand15926-0
280,LAMXUS__ligand11970-0
281,LAMXUS__ligand15883-0
282,LAMXUS__ligand8529-0
283,LAMXUS__ligand487-0
284,LAMXUS__ligand1169-0
285,LAMXUS__ligand746-0
286,LAMXUS__ligand22294-0
287,LAMXUS__ligand28930-0
288,LAMXUS__ligand22168-0
289,LAMXUS__ligand1154-0
290,LAMXUS__ligand447-0
291,LAMXUS__ligand9615-0
292,LAMXUS__ligand21919-0
293,LAMXUS__ligand10056-0
294,LAMXUS__ligand12365-0
295,LAMXUS__ligand15531-0
296,LAMXUS__ligand28743-0
297,LAMXUS__ligand13862-0
298,LAMXUS__ligand11357-0
299,LAMXUS__ligand4596-0
300,LAMXUS__ligand1498-0
301,LAMXUS__ligand176-0
302,LAMXUS__ligand4063-0
303,LAMXUS__ligand7438-0
304,LAMXUS__ligand8200-0
305,LAMXUS__ligand17427-0
306,LAMXUS__ligand353-0
307,LAMXUS__ligand31694-0
308,LAMXUS__ligand3042-0
309,LAMXUS__ligand29486-0
310,LAMXUS__ligand3453-0
311,LAMXUS__ligand3416-0
312,LAMXUS__ligand25561-0
313,LAMXUS__ligand4207-0
314,LAMXUS__ligand1539-0
315,LAMXUS__ligand11949-0
316,LAMXUS__ligand393-0
317,LAMXUS__ligand24780-0
318,LAMXUS__ligand12138-0
319,LAMXUS__ligand22129-0
320,LAMXUS__ligand1150-0
321,LAMXUS__ligand9491-0
322,LAMXUS__ligand24644-0
323,LAMXUS__ligand686-0
324,LAMXUS__ligand10033-0
325,LAMXUS__ligand4266-0
326,LAMXUS__ligand1400-0
327,LAMXUS__ligand12001-0
328,LAMXUS__ligand4167-0
329,LAMXUS__ligand30728-0
330,LAMXUS__ligand1288-0
331,LAMXUS__ligand27840-0
332,LAMXUS__ligand422-0
333,LAMXUS__ligand24872-0
334,LAMXUS__ligand11587-0
335,LAMXUS__ligand13220-0
336,LAMXUS__ligand7075-0
337,LAMXUS__ligand15788-0
338,LAMXUS__ligand23175-0
339,LAMXUS__ligand1149-0
340,LAMXUS__ligand3980-0
341,LAMXUS__ligand3557-0
342,LAMXUS__ligand1-0
343,LAMXUS__ligand17396-0
344,LAMXUS__ligand6993-0
345,LAMXUS__ligand1817-0
346,LAMXUS__ligand13385-0
347,LAMXUS__ligand1779-0
348,LAMXUS__ligand14569-0
349,LAMXUS__ligand22444-0
350,LAMXUS__ligand24111-0
351,LAMXUS__ligand9750-0
352,LAMXUS__ligand196-0
353,LAMXUS__ligand3-0
354,LAMXUS__ligand27754-0
355,LAMXUS__ligand20695-0
356,LAMXUS__ligand1908-0
357,LAMXUS__ligand11111-0
358,LAMXUS__ligand4795-0
359,LAMXUS__ligand3285-0
360,LAMXUS__ligand28540-0
361,LAMXUS__ligand16369-0
362,LAMXUS__ligand22403-0
363,LAMXUS__ligand1786-0
364,LAMXUS__ligand314-1
365,LAMXUS__ligand5630-0
366,LAMXUS__ligand7213-0
367,LAMXUS__ligand12003-0
368,LAMXUS__ligand1397-0
369,LAMXUS__ligand1828-0
370,LAMXUS__ligand26631-0
371,LAMXUS__ligand16148-0
372,LAMXUS__ligand10872-0
373,LAMXUS__ligand6112-0
374,LAMXUS__ligand21399-0
375,LAMXUS__ligand8042-0
376,LAMXUS__ligand465-0
377,LAMXUS__ligand5085-0
378,LAMXUS__ligand29215-0
379,LAMXUS__ligand3144-0
380,LAMXUS__ligand5755-0
381,LAMXUS__ligand4710-0
382,LAMXUS__ligand27239-0
383,LAMXUS__ligand21729-0
384,LAMXUS__ligand69-0
385,LAMXUS__ligand1849-0
386,LAMXUS__ligand618-0
387,LAMXUS__ligand1152-0
388,LAMXUS__ligand3261-0
389,LAMXUS__ligand19927-0
390,LAMXUS__ligand391-0
391,LAMXUS__ligand5019-0
392,LAMXUS__ligand14043-0
393,LAMXUS__ligand1216-0
394,LAMXUS__ligand26324-0
395,LAMXUS__ligand28559-0
396,LAMXUS__ligand780-0
397,LAMXUS__ligand11618-0
398,LAMXUS__ligand314-0
399,LAMXUS__ligand813-0
400,LAMXUS__ligand1831-0
401,LAMXUS__ligand5280-0
402,LAMXUS__ligand5614-0
403,LAMXUS__ligand26529-0
404,LAMXUS__ligand6663-0
405,LAMXUS__ligand5515-0
406,LAMXUS__ligand11-0
407,LAMXUS__ligand29568-0
408,LAMXUS__ligand30851-0
409,LAMXUS__ligand14889-0
410,LAMXUS__ligand3215-0
411,LAMXUS__ligand20419-0
412,LAMXUS__ligand17118-0
413,LAMXUS__ligand141-0
414,LAMXUS__ligand21371-0
415,LAMXUS__ligand7107-0
416,LAMXUS__ligand28789-0
417,LAMXUS__ligand240-0
418,LAMXUS__ligand17261-0
419,LAMXUS__ligand6283-0
420,LAMXUS__ligand14117-0
421,LAMXUS__ligand5813-0
422,LAMXUS__ligand20539-0
423,LAMXUS__ligand4813-0
424,LAMXUS__ligand4738-0
425,LAMXUS__ligand20251-0
426,LAMXUS__ligand30702-0
427,LAMXUS__ligand20214-0
428,LAMXUS__ligand6062-0
429,LAMXUS__ligand21581-0
430,LAMXUS__ligand31097-0
431,LAMXUS__ligand7532-0
432,LAMXUS__ligand20251-1
433,LAMXUS__ligand4194-0
434,LAMXUS__ligand2599-0
435,LAMXUS__ligand16475-0
436,LAMXUS__ligand14703-0
437,LAMXUS__ligand4330-0
438,LAMXUS__ligand768-0
439,LAMXUS__ligand1147-0
440,LAMXUS__ligand17398-0
441,LAMXUS__ligand384-0
442,LAMXUS__ligand11675-0
443,LAMXUS__ligand3973-0
444,LAMXUS__ligand20598-0
445,LAMXUS__ligand10589-0
446,LAMXUS__ligand22557-0
447,LAMXUS__ligand24047-0
448,LAMXUS__ligand2068-0
449,LAMXUS__ligand20011-0
450,LAMXUS__ligand17278-0
451,LAMXUS__ligand29414-0
452,LAMXUS__ligand7925-0
453,LAMXUS__ligand17982-0
454,LAMXUS__ligand3934-0
455,LAMXUS__ligand31832-0
456,LAMXUS__ligand757-0
457,LAMXUS__ligand6882-0
458,LAMXUS__ligand6455-0
459,LAMXUS__ligand13294-0
460,LAMXUS__ligand2403-0
461,LAMXUS__ligand12030-0
462,LAMXUS__ligand29879-0
463,LAMXUS__ligand122-0
464,LAMXUS__ligand14248-0
465,LAMXUS__ligand13331-0
466,LAMXUS__ligand28884-0
467,LAMXUS__ligand1449-0
468,LAMXUS__ligand43-0
469,LAMXUS__ligand10712-0
470,LAMXUS__ligand3012-0
471,LAMXUS__ligand14174-0
472,LAMXUS__ligand7530-0
473,LAMXUS__ligand1065-0
474,LAMXUS__ligand11456-0
475,LAMXUS__ligand9681-0
476,LAMXUS__ligand25411-0
477,LAMXUS__ligand4332-0
478,LAMXUS__ligand5627-0
479,LAMXUS__ligand13390-0
480,LAMXUS__ligand1729-0
481,LAMXUS__ligand2830-0
482,LAMXUS__ligand67-0
483,LAMXUS__ligand5316-0
484,LAMXUS__ligand20682-0
485,LAMXUS__ligand5483-0
486,LAMXUS__ligand27482-0
487,LAMXUS__ligand26810-0
488,LAMXUS__ligand9148-0
489,LAMXUS__ligand13208-0
490,LAMXUS__ligand693-0
491,LAMXUS__ligand1415-0
492,LAMXUS__ligand6946-0
493,LAMXUS__ligand7529-0
494,LAMXUS__ligand13658-0
495,LAMXUS__ligand26702-0
496,LAMXUS__ligand12289-0
497,LAMXUS__ligand18292-0
498,LAMXUS__ligand17387-0
499,LAMXUS__ligand12130-0
500,LAMXUS__ligand5056-0
501,LAMXUS__ligand4850-0
502,LAMXUS__ligand1688-0
503,LAMXUS__ligand366-0
504,LAMXUS__ligand5357-0
505,LAMXUS__ligand12231-0
506,LAMXUS__ligand3647-0
507,LAMXUS__ligand15585-0
508,LAMXUS__ligand12401-0
509,LAMXUS__ligand3871-0
510,LAMXUS__ligand24145-0
511,LAMXUS__ligand187-0
512,LAMXUS__ligand1469-0
513,LAMXUS__ligand10476-0
514,LAMXUS__ligand19830-0
515,LAMXUS__ligand657-0
516,LAMXUS__ligand1768-0
517,LAMXUS__ligand13068-0
518,LAMXUS__ligand24185-0
519,LAMXUS__ligand596-0
520,LAMXUS__ligand941-0
521,LAMXUS__ligand23769-0
522,LAMXUS__ligand5935-0
523,LAMXUS__ligand1379-0
524,LAMXUS__ligand2722-0
525,LAMXUS__ligand25178-0
526,LAMXUS__ligand3157-0
527,LAMXUS__ligand17302-0
528,LAMXUS__ligand1165-0
529,LAMXUS__ligand17805-0
530,LAMXUS__ligand9525-0
531,LAMXUS__ligand777-0
532,LAMXUS__ligand3392-0
533,LAMXUS__ligand14108-0
534,LAMXUS__ligand1771-0
535,LAMXUS__ligand4911-0
536,LAMXUS__ligand163-0
537,LAMXUS__ligand126-0
538,LAMXUS__ligand5849-0
539,LAMXUS__ligand12641-0
540,LAMXUS__ligand10958-0
541,LAMXUS__ligand10262-0
542,LAMXUS__ligand28676-0
543,LAMXUS__ligand2527-0
544,LAMXUS__ligand845-0
545,LAMXUS__ligand27763-0
546,LAMXUS__ligand19057-0
547,LAMXUS__ligand1709-0
548,LAMXUS__ligand18814-0
549,LAMXUS__ligand8464-0
550,LAMXUS__ligand8349-0
551,LAMXUS__ligand29302-0
552,LAMXUS__ligand13425-0
553,LAMXUS__ligand3208-0
554,LAMXUS__ligand2208-0
555,LAMXUS__ligand27460-0
556,LAMXUS__ligand12427-0
557,LAMXUS__ligand9809-0
558,LAMXUS__ligand6672-0
559,LAMXUS__ligand1327-0
560,LAMXUS__ligand45-0
561,LAMXUS__ligand8722-0
562,LAMXUS__ligand28468-0
563,LAMXUS__ligand20740-0
564,LAMXUS__ligand7573-0
565,LAMXUS__ligand2781-0
566,LAMXUS__ligand3350-0
567,LAMXUS__ligand16628-0
568,LAMXUS__ligand2328-0
569,LAMXUS__ligand30296-0
570,LAMXUS__ligand1773-0
571,LAMXUS__ligand4581-0
572,LAMXUS__ligand17281-0
573,LAMXUS__ligand3029-0
574,LAMXUS__ligand26540-0
575,LAMXUS__ligand78-0
576,LAMXUS__ligand29410-0
577,LAMXUS__ligand7162-0
578,LAMXUS__ligand12337-0
579,LAMXUS__ligand338-0
580,LAMXUS__ligand30333-0
581,LAMXUS__ligand1900-0
582,LAMXUS__ligand12606-0
583,LAMXUS__ligand9197-0
584,LAMXUS__ligand14297-0
585,LAMXUS__ligand19-0
586,LAMXUS__ligand14603-0
587,LAMXUS__ligand17258-0
588,LAMXUS__ligand201-0
589,LAMXUS__ligand4131-0
590,LAMXUS__ligand1712-0
591,LAMXUS__ligand13012-0
592,LAMXUS__ligand17631-0
593,LAMXUS__ligand26665-0
594,LAMXUS__ligand31783-0
595,LAMXUS__ligand5094-0
596,LAMXUS__ligand5892-0
597,LAMXUS__ligand1533-0
598,LAMXUS__ligand14723-0
599,LAMXUS__ligand321-0
600,LAMXUS__ligand27893-0
601,LAMXUS__ligand15422-0
602,LAMXUS__ligand12934-0
603,LAMXUS__ligand20578-0
604,LAMXUS__ligand19641-0
605,LAMXUS__ligand23713-0
606,LAMXUS__ligand18832-0
607,LAMXUS__ligand27175-0
608,LAMXUS__ligand7557-0
609,LAMXUS__ligand1496-0
610,LAMXUS__ligand178-0
611,LAMXUS__ligand24-0
612,LAMXUS__ligand185-0
613,LAMXUS__ligand30988-0
614,LAMXUS__ligand279-0
615,LAMXUS__ligand1285-0
616,LAMXUS__ligand497-0
617,LAMXUS__ligand23906-0
618,LAMXUS__ligand7000-0
619,LAMXUS__ligand1982-0
620,LAMXUS__ligand11166-0
621,LAMXUS__ligand21132-0
622,LAMXUS__ligand6768-0
623,LAMXUS__ligand8115-0
624,LAMXUS__ligand42-0
625,LAMXUS__ligand30539-0
626,LAMXUS__ligand4546-0
627,LAMXUS__ligand4503-0
628,LAMXUS__ligand633-0
629,LAMXUS__ligand4157-0
630,LAMXUS__ligand25689-0
631,LAMXUS__ligand25575-0
632,LAMXUS__ligand21787-0
633,LAMXUS__ligand5256-0
634,LAMXUS__ligand7648-0
635,LAMXUS__ligand8876-0
636,LAMXUS__ligand2828-0
637,LAMXUS__ligand9833-0
638,LAMXUS__ligand9291-0
639,LAMXUS__ligand2176-0
640,LAMXUS__ligand27835-0
641,LAMXUS__ligand12295-0
642,LAMXUS__ligand2232-0
643,LAMXUS__ligand25650-0
644,LAMXUS__ligand7629-0
645,LAMXUS__ligand692-0
646,LAMXUS__ligand4272-0
647,LAMXUS__ligand1451-0
648,LAMXUS__ligand31248-0
649,LAMXUS__ligand9784-0
650,LAMXUS__ligand1160-0
651,LAMXUS__ligand8699-0
652,LAMXUS__ligand12660-0
653,LAMXUS__ligand9520-0
654,LAMXUS__ligand3954-0
655,LAMXUS__ligand4093-0
656,LAMXUS__ligand4442-0
657,LAMXUS__ligand13209-0
658,LAMXUS__ligand19257-0
659,LAMXUS__ligand436-0
660,LAMXUS__ligand6709-0
661,LAMXUS__ligand1219-0
662,LAMXUS__ligand326-0
663,LAMXUS__ligand12519-0
664,LAMXUS__ligand25735-0
665,LAMXUS__ligand7867-0
666,LAMXUS__ligand23124-0
667,LAMXUS__ligand4016-0
668,LAMXUS__ligand11206-0
669,LAMXUS__ligand7238-0
670,LAMXUS__ligand7280-0
671,LAMXUS__ligand1304-0
672,LAMXUS__ligand1790-0
673,LAMXUS__ligand66-0
674,LAMXUS__ligand3504-0
675,LAMXUS__ligand29610-0
676,LAMXUS__ligand1959-0
677,LAMXUS__ligand1573-0
678,LAMXUS__ligand409-0
679,LAMXUS__ligand11140-0
680,LAMXUS__ligand1536-0
681,LAMXUS__ligand361-0
682,LAMXUS__ligand324-0
683,LAMXUS__ligand9935-0
684,LAMXUS__ligand3718-0
685,LAMXUS__ligand6616-0
686,LAMXUS__ligand3035-0
687,LAMXUS__ligand3876-0
688,LAMXUS__ligand1343-0
689,LAMXUS__ligand13869-0
690,LAMXUS__ligand18074-0
691,LAMXUS__ligand4661-0
692,LAMXUS__ligand1844-0
693,LAMXUS__ligand29863-0
694,LAMXUS__ligand7242-0
695,LAMXUS__ligand18799-0
696,LAMXUS__ligand7106-0
697,LAMXUS__ligand18465-0
698,LAMXUS__ligand9908-0
699,LAMXUS__ligand1263-0
700,LAMXUS__ligand16791-0
701,LAMXUS__ligand28668-0
702,LAMXUS__ligand199-0
703,LAMXUS__ligand38-0
704,LAMXUS__ligand5211-0
705,LAMXUS__ligand18391-0
706,LAMXUS__ligand14523-0
707,LAMXUS__ligand4155-0
708,LAMXUS__ligand3094-0
709,LAMXUS__ligand27169-0
710,LAMXUS__ligand4720-0
711,LAMXUS__ligand27074-0
712,LAMXUS__ligand3131-0
713,LAMXUS__ligand1202-0
714,LAMXUS__ligand3937-0
715,LAMXUS__ligand3174-0
716,LAMXUS__ligand20599-0
717,LAMXUS__ligand8969-0
718,LAMXUS__ligand25805-0
719,LAMXUS__ligand22981-0
720,LAMXUS__ligand6839-0
721,LAMXUS__ligand21936-0
722,LAMXUS__ligand300-0
723,LAMXUS__ligand5331-0
724,LAMXUS__ligand13257-0
725,LAMXUS__ligand1512-0
726,LAMXUS__ligand23904-0
727,LAMXUS__ligand3565-0
728,LAMXUS__ligand10084-0
729,LAMXUS__ligand588-0
730,LAMXUS__ligand25267-0
731,LAMXUS__ligand2485-0
732,LAMXUS__ligand12467-0
733,LAMXUS__ligand3852-0
734,LAMXUS__ligand6919-0
735,LAMXUS__ligand3234-0
736,LAMXUS__ligand1142-0
737,LAMXUS__ligand13072-0
738,LAMXUS__ligand8835-0
739,LAMXUS__ligand2028-0
740,LAMXUS__ligand12336-0
741,LAMXUS__ligand7126-0
742,LAMXUS__ligand17240-0
743,LAMXUS__ligand534-0
744,LAMXUS__ligand571-0
745,LAMXUS__ligand17590-0
746,LAMXUS__ligand4641-0
747,LAMXUS__ligand670-0
748,LAMXUS__ligand12682-0
749,LAMXUS__ligand18699-0
750,LAMXUS__ligand21421-0
751,LAMXUS__ligand4620-0
752,LAMXUS__ligand11774-0
753,LAMXUS__ligand14586-0
754,LAMXUS__ligand2295-0
755,LAMXUS__ligand6067-0
756,LAMXUS__ligand1577-0
757,LAMXUS__ligand20579-0
758,LAMXUS__ligand17710-0
759,LAMXUS__ligand11568-0
760,LAMXUS__ligand31483-0
761,LAMXUS__ligand488-0
762,LAMXUS__ligand10555-0
763,LAMXUS__ligand7819-0
764,LAMXUS__ligand430-0
765,LAMXUS__ligand358-0
766,LAMXUS__ligand2917-0
767,LAMXUS__ligand18-0
768,LAMXUS__ligand6102-0
769,LAMXUS__ligand6596-0
770,LAMXUS__ligand6904-0
771,LAMXUS__ligand3721-0
772,LAMXUS__ligand24613-0
773,LAMXUS__ligand694-0
774,LAMXUS__ligand3465-0
775,LAMXUS__ligand19725-0
776,LAMXUS__ligand3156-0
777,LAMXUS__ligand2915-0
778,LAMXUS__ligand24064-0
779,LAMXUS__ligand23589-0
780,LAMXUS__ligand6244-0
781,LAMXUS__ligand15168-0
782,LAMXUS__ligand1378-0
783,LAMXUS__ligand696-0
784,LAMXUS__ligand26277-0
785,LAMXUS__ligand29898-0
786,LAMXUS__ligand2332-0
787,LAMXUS__ligand10432-0
788,LAMXUS__ligand31618-0
789,LAMXUS__ligand11432-0
790,LAMXUS__ligand9441-0
791,LAMXUS__ligand656-0
792,LAMXUS__ligand22755-0
793,LAMXUS__ligand1631-0
794,LAMXUS__ligand9933-0
795,LAMXUS__ligand1575-0
796,LAMXUS__ligand1530-0
797,LAMXUS__ligand25224-0
798,LAMXUS__ligand18013-0
799,LAMXUS__ligand5643-0
800,LAMXUS__ligand17945-0
801,LAMXUS__ligand1823-0
802,LAMXUS__ligand8721-0
803,LAMXUS__ligand17207-0
804,LAMXUS__ligand1324-0
805,LAMXUS__ligand31578-0
806,LAMXUS__ligand24750-0
807,LAMXUS__ligand9111-0
808,LAMXUS__ligand9952-0
809,LAMXUS__ligand5036-0
810,LAMXUS__ligand2526-0
811,LAMXUS__ligand1615-0
812,LAMXUS__ligand8992-0
813,LAMXUS__ligand15438-0
814,LAMXUS__ligand383-0
815,LAMXUS__ligand8-0
816,LAMXUS__ligand28924-0
817,LAMXUS__ligand9601-0
818,LAMXUS__ligand416-0
819,LAMXUS__ligand6124-0
820,LAMXUS__ligand29087-0
821,LAMXUS__ligand3707-0
822,LAMXUS__ligand7967-0
823,LAMXUS__ligand226-0
824,LAMXUS__ligand4116-0
825,LAMXUS__ligand18703-0
826,LAMXUS__ligand1018-0
827,LAMXUS__ligand162-0
