,TMC
0,QOPWOH__ligand2142-0
1,QOPWOH__ligand244-0
2,QOPWOH__ligand201-0
3,QOPWOH__ligand9495-0
4,QOPWOH__ligand6151-0
5,QOPWOH__ligand2772-0
6,QOPWOH__ligand100-0
7,QOPWOH__ligand6538-0
8,QOPWOH__ligand178-0
9,QOPWOH__ligand2864-0
10,QOPWOH__ligand279-0
11,QOPWOH__ligand8-0
12,QOPWOH__ligand321-0
13,QOPWOH__ligand11730-0
14,QOPWOH__ligand119-0
15,QOPWOH__ligand5022-0
16,QOPWOH__ligand1169-0
17,QOPWOH__ligand5941-0
18,QOPWOH__ligand2880-0
19,QOPWOH__ligand124-0
20,QOPWOH__ligand2838-0
21,QOPWOH__ligand3838-0
22,QOPWOH__ligand1799-0
23,QOPWOH__ligand1113-0
24,QOPWOH__ligand2265-0
25,QOPWOH__ligand6396-0
26,QOPWOH__ligand9027-0
27,QOPWOH__ligand126-0
28,QOPWOH__ligand2345-0
29,QOPWOH__ligand2794-0
30,QOPWOH__ligand1835-0
31,QOPWOH__ligand4983-0
32,QOPWOH__ligand1502-0
33,QOPWOH__ligand187-0
34,QOPWOH__ligand612-0
35,QOPWOH__ligand45-0
36,QOPWOH__ligand1052-0
37,QOPWOH__ligand861-0
38,QOPWOH__ligand366-0
39,QOPWOH__ligand1273-0
40,QOPWOH__ligand596-0
41,QOPWOH__ligand78-0
42,QOPWOH__ligand85-0
43,QOPWOH__ligand2285-0
44,QOPWOH__ligand1567-0
45,QOPWOH__ligand8921-0
46,QOPWOH__ligand2510-0
47,QOPWOH__ligand2320-0
48,QOPWOH__ligand1056-0
49,QOPWOH__ligand2862-0
50,QOPWOH__ligand1703-0
51,QOPWOH__ligand2430-0
52,QOPWOH__ligand2907-0
53,QOPWOH__ligand1727-0
54,QOPWOH__ligand1152-0
55,QOPWOH__ligand757-0
56,QOPWOH__ligand1607-0
57,QOPWOH__ligand797-0
58,QOPWOH__ligand3637-0
59,QOPWOH__ligand67-0
60,QOPWOH__ligand8774-0
61,QOPWOH__ligand120-0
62,QOPWOH__ligand384-0
63,QOPWOH__ligand141-0
64,QOPWOH__ligand240-0
65,QOPWOH__ligand7464-0
66,QOPWOH__ligand1598-0
67,QOPWOH__ligand1248-0
68,QOPWOH__ligand4303-0
69,QOPWOH__ligand6294-0
70,QOPWOH__ligand1054-0
71,QOPWOH__ligand2688-0
72,QOPWOH__ligand2259-0
73,QOPWOH__ligand1376-0
74,QOPWOH__ligand2768-0
75,QOPWOH__ligand226-0
76,QOPWOH__ligand18-0
77,QOPWOH__ligand162-0
78,QOPWOH__ligand6277-0
79,QOPWOH__ligand1951-0
80,QOPWOH__ligand383-0
81,QOPWOH__ligand1687-0
82,QOPWOH__ligand1706-0
83,QOPWOH__ligand3734-0
84,QOPWOH__ligand2629-0
85,QOPWOH__ligand4381-0
86,QOPWOH__ligand365-0
87,QOPWOH__ligand5801-0
88,QOPWOH__ligand278-0
89,QOPWOH__ligand3063-0
90,QOPWOH__ligand1438-0
91,QOPWOH__ligand86-0
92,QOPWOH__ligand669-0
93,QOPWOH__ligand1171-0
94,QOPWOH__ligand358-0
95,QOPWOH__ligand430-0
96,QOPWOH__ligand2087-0
97,QOPWOH__ligand1048-0
98,QOPWOH__ligand3757-0
99,QOPWOH__ligand509-0
100,QOPWOH__ligand1685-0
101,QOPWOH__ligand1544-0
102,QOPWOH__ligand1459-0
103,QOPWOH__ligand571-0
104,QOPWOH__ligand670-0
105,QOPWOH__ligand118-0
106,QOPWOH__ligand62-0
107,QOPWOH__ligand1114-0
108,QOPWOH__ligand1538-0
109,QOPWOH__ligand199-0
110,QOPWOH__ligand927-0
111,QOPWOH__ligand66-0
112,QOPWOH__ligand575-0
113,QOPWOH__ligand1228-0
114,QOPWOH__ligand9244-0
115,QOPWOH__ligand1479-0
116,QOPWOH__ligand1148-0
117,QOPWOH__ligand361-0
118,QOPWOH__ligand324-0
119,QOPWOH__ligand409-0
120,QOPWOH__ligand3246-0
121,QOPWOH__ligand105-0
122,QOPWOH__ligand140-0
123,QOPWOH__ligand436-0
124,QOPWOH__ligand3145-0
125,QOPWOH__ligand7915-0
126,QOPWOH__ligand206-0
127,QOPWOH__ligand5548-0
128,QOPWOH__ligand6686-0
129,QOPWOH__ligand1747-0
130,QOPWOH__ligand38-0
131,QOPWOH__ligand142-0
132,QOPWOH__ligand283-0
133,QOPWOH__ligand2098-0
134,QOPWOH__ligand40-0
135,QOPWOH__ligand6502-0
136,QOPWOH__ligand553-0
137,QOPWOH__ligand2863-0
138,QOPWOH__ligand3178-0
139,QOPWOH__ligand326-0
140,QOPWOH__ligand6332-0
141,QOPWOH__ligand821-0
142,QOPWOH__ligand3041-0
143,QOPWOH__ligand532-0
144,QOPWOH__ligand918-0
145,QOPWOH__ligand21-0
146,QOPWOH__ligand633-0
147,QOPWOH__ligand497-0
148,QOPWOH__ligand2634-0
149,QOPWOH__ligand1542-0
150,QOPWOH__ligand838-0
151,QOPWOH__ligand166-0
152,QOPWOH__ligand2751-0
153,QOPWOH__ligand9176-0
154,QOPWOH__ligand296-0
155,QOPWOH__ligand1493-0
156,QOPWOH__ligand55-0
157,QOPWOH__ligand197-0
158,QOPWOH__ligand2718-0
159,QOPWOH__ligand3035-0
160,QOPWOH__ligand3070-0
161,QOPWOH__ligand95-0
162,QOPWOH__ligand5235-0
163,QOPWOH__ligand6143-0
164,QOPWOH__ligand4619-0
165,QOPWOH__ligand112-0
166,QOPWOH__ligand3251-0
167,QOPWOH__ligand1818-0
168,QOPWOH__ligand136-0
169,QOPWOH__ligand3-0
170,QOPWOH__ligand442-0
171,QOPWOH__ligand868-0
172,QOPWOH__ligand7456-0
173,QOPWOH__ligand5758-0
174,QOPWOH__ligand352-0
175,QOPWOH__ligand783-0
176,QOPWOH__ligand3852-0
177,QOPWOH__ligand34-0
178,QOPWOH__ligand3478-0
179,QOPWOH__ligand1555-0
180,QOPWOH__ligand1285-0
181,QOPWOH__ligand109-0
182,QOPWOH__ligand73-0
183,QOPWOH__ligand560-0
184,QOPWOH__ligand525-0
185,QOPWOH__ligand7630-0
186,QOPWOH__ligand1-0
187,QOPWOH__ligand235-0
188,QOPWOH__ligand3890-0
189,QOPWOH__ligand932-0
190,QOPWOH__ligand134-0
191,QOPWOH__ligand390-0
192,QOPWOH__ligand1907-0
193,QOPWOH__ligand4423-0
194,QOPWOH__ligand1038-0
195,QOPWOH__ligand584-0
196,QOPWOH__ligand916-0
197,QOPWOH__ligand2762-0
198,QOPWOH__ligand5093-0
199,QOPWOH__ligand798-0
200,QOPWOH__ligand2954-0
201,QOPWOH__ligand421-0
202,QOPWOH__ligand2253-0
203,QOPWOH__ligand1160-0
204,QOPWOH__ligand331-0
205,QOPWOH__ligand993-0
206,QOPWOH__ligand7550-0
207,QOPWOH__ligand57-0
208,QOPWOH__ligand294-0
209,QOPWOH__ligand2915-0
210,QOPWOH__ligand460-0
211,QOPWOH__ligand250-0
212,QOPWOH__ligand10114-0
213,QOPWOH__ligand370-0
214,QOPWOH__ligand3196-0
215,QOPWOH__ligand4012-0
216,QOPWOH__ligand32-0
217,QOPWOH__ligand2526-0
218,QOPWOH__ligand1551-0
219,QOPWOH__ligand311-0
220,QOPWOH__ligand10479-0
221,QOPWOH__ligand444-0
222,QOPWOH__ligand369-0
223,QOPWOH__ligand1690-0
224,QOPWOH__ligand2707-0
225,QOPWOH__ligand188-0
226,QOPWOH__ligand14530-0
227,QOPWOH__ligand3618-0
228,QOPWOH__ligand2618-0
229,QOPWOH__ligand1436-0
230,QOPWOH__ligand934-0
231,QOPWOH__ligand177-0
232,QOPWOH__ligand48-0
233,QOPWOH__ligand909-0
234,QOPWOH__ligand4370-0
235,QOPWOH__ligand851-0
236,QOPWOH__ligand193-0
237,QOPWOH__ligand10910-0
238,QOPWOH__ligand51-0
239,QOPWOH__ligand830-0
240,QOPWOH__ligand1918-0
241,QOPWOH__ligand2255-0
242,QOPWOH__ligand4175-0
243,QOPWOH__ligand29-0
244,QOPWOH__ligand955-0
245,QOPWOH__ligand91-0
246,QOPWOH__ligand252-0
247,QOPWOH__ligand391-0
248,QOPWOH__ligand1788-0
249,QOPWOH__ligand170-0
250,QOPWOH__ligand1321-0
251,QOPWOH__ligand314-0
252,QOPWOH__ligand3566-0
253,QOPWOH__ligand481-0
254,QOPWOH__ligand1178-0
255,QOPWOH__ligand3337-0
256,QOPWOH__ligand7514-0
257,QOPWOH__ligand1449-1
258,QOPWOH__ligand4811-0
259,QOPWOH__ligand1260-0
260,QOPWOH__ligand4894-0
261,QOPWOH__ligand9620-0
262,QOPWOH__ligand210-0
263,QOPWOH__ligand422-0
264,QOPWOH__ligand113-0
265,QOPWOH__ligand11-0
266,QOPWOH__ligand502-0
267,QOPWOH__ligand196-0
268,QOPWOH__ligand1307-0
269,QOPWOH__ligand3853-0
270,QOPWOH__ligand2853-0
271,QOPWOH__ligand353-0
272,QOPWOH__ligand5089-0
273,QOPWOH__ligand2599-0
274,QOPWOH__ligand1246-0
275,QOPWOH__ligand236-0
276,QOPWOH__ligand6166-0
277,QOPWOH__ligand5334-0
278,QOPWOH__ligand487-0
279,QOPWOH__ligand2315-0
280,QOPWOH__ligand666-0
281,QOPWOH__ligand3051-0
282,QOPWOH__ligand4504-0
283,QOPWOH__ligand2480-0
284,QOPWOH__ligand522-0
285,QOPWOH__ligand89-0
286,QOPWOH__ligand1898-0
287,QOPWOH__ligand8032-0
288,QOPWOH__ligand6-0
289,QOPWOH__ligand1858-0
290,QOPWOH__ligand49-0
291,QOPWOH__ligand133-0
292,QOPWOH__ligand15630-0
293,QOPWOH__ligand10357-0
294,QOPWOH__ligand447-0
295,QOPWOH__ligand1712-0
296,QOPWOH__ligand682-0
297,QOPWOH__ligand2110-0
298,QOPWOH__ligand2916-0
299,QOPWOH__ligand3579-0
300,QOPWOH__ligand1919-0
301,QOPWOH__ligand2389-0
302,QOPWOH__ligand2929-0
303,QOPWOH__ligand2376-0
304,QOPWOH__ligand17-0
305,QOPWOH__ligand291-0
306,QOPWOH__ligand1379-0
307,QOPWOH__ligand92-0
308,QOPWOH__ligand115-0
309,QOPWOH__ligand6430-0
310,QOPWOH__ligand1299-0
311,QOPWOH__ligand1264-0
312,QOPWOH__ligand1221-0
313,QOPWOH__ligand2442-0
314,QOPWOH__ligand1019-0
315,QOPWOH__ligand4-0
316,QOPWOH__ligand7414-0
317,QOPWOH__ligand5762-0
318,QOPWOH__ligand1104-0
319,QOPWOH__ligand485-0
320,QOPWOH__ligand355-0
321,QOPWOH__ligand784-0
322,QOPWOH__ligand1325-0
323,QOPWOH__ligand2482-0
324,QOPWOH__ligand6571-0
