,TMC
0,UGEZEM__ligand122-0
1,UGEZEM__ligand14339-0
2,UGEZEM__ligand51-0
3,UGEZEM__ligand30788-0
4,UGEZEM__ligand13691-0
5,UGEZEM__ligand4620-0
6,UGEZEM__ligand21752-0
7,UGEZEM__ligand2295-0
8,UGEZEM__ligand6067-0
9,UGEZEM__ligand1577-0
10,UGEZEM__ligand757-0
11,UGEZEM__ligand18757-0
12,UGEZEM__ligand7819-0
13,UGEZEM__ligand24560-0
14,UGEZEM__ligand2917-0
15,UGEZEM__ligand18413-0
16,UGEZEM__ligand20844-0
17,UGEZEM__ligand24624-0
18,UGEZEM__ligand3465-0
19,UGEZEM__ligand6102-0
20,UGEZEM__ligand6904-0
21,UGEZEM__ligand3721-0
22,UGEZEM__ligand6596-0
23,UGEZEM__ligand91-0
24,UGEZEM__ligand3234-0
25,UGEZEM__ligand1142-0
26,UGEZEM__ligand2028-0
27,UGEZEM__ligand8835-0
28,UGEZEM__ligand30004-0
29,UGEZEM__ligand20557-0
30,UGEZEM__ligand7126-0
31,UGEZEM__ligand48-0
32,UGEZEM__ligand25048-0
33,UGEZEM__ligand4641-0
34,UGEZEM__ligand21940-0
35,UGEZEM__ligand693-0
36,UGEZEM__ligand27122-0
37,UGEZEM__ligand20432-0
38,UGEZEM__ligand13755-0
39,UGEZEM__ligand16133-0
40,UGEZEM__ligand24953-0
41,UGEZEM__ligand23445-0
42,UGEZEM__ligand141-0
43,UGEZEM__ligand17069-0
44,UGEZEM__ligand8721-0
45,UGEZEM__ligand1324-0
46,UGEZEM__ligand14477-0
47,UGEZEM__ligand32-0
48,UGEZEM__ligand240-0
49,UGEZEM__ligand5643-0
50,UGEZEM__ligand17445-0
51,UGEZEM__ligand1823-0
52,UGEZEM__ligand5036-0
53,UGEZEM__ligand2526-0
54,UGEZEM__ligand12413-0
55,UGEZEM__ligand29334-0
56,UGEZEM__ligand1615-0
57,UGEZEM__ligand20731-0
58,UGEZEM__ligand9111-0
59,UGEZEM__ligand9952-0
60,UGEZEM__ligand11798-0
61,UGEZEM__ligand9601-0
62,UGEZEM__ligand21448-0
63,UGEZEM__ligand8992-0
64,UGEZEM__ligand22357-0
65,UGEZEM__ligand11758-0
66,UGEZEM__ligand29214-0
67,UGEZEM__ligand4116-0
68,UGEZEM__ligand1018-0
69,UGEZEM__ligand6124-0
70,UGEZEM__ligand11501-0
71,UGEZEM__ligand3707-0
72,UGEZEM__ligand11544-0
73,UGEZEM__ligand7967-0
74,UGEZEM__ligand27550-0
75,UGEZEM__ligand3156-0
76,UGEZEM__ligand768-0
77,UGEZEM__ligand2915-0
78,UGEZEM__ligand1378-0
79,UGEZEM__ligand18019-1
80,UGEZEM__ligand4-0
81,UGEZEM__ligand14007-0
82,UGEZEM__ligand6244-0
83,UGEZEM__ligand2332-0
84,UGEZEM__ligand29565-0
85,UGEZEM__ligand23682-0
86,UGEZEM__ligand16-0
87,UGEZEM__ligand9441-0
88,UGEZEM__ligand18158-0
89,UGEZEM__ligand27771-0
90,UGEZEM__ligand384-0
91,UGEZEM__ligand9933-0
92,UGEZEM__ligand20942-1
93,UGEZEM__ligand1575-0
94,UGEZEM__ligand14226-0
95,UGEZEM__ligand21339-0
96,UGEZEM__ligand1530-0
97,UGEZEM__ligand16956-0
98,UGEZEM__ligand1631-0
99,UGEZEM__ligand9784-0
100,UGEZEM__ligand24851-0
101,UGEZEM__ligand20530-0
102,UGEZEM__ligand7629-0
103,UGEZEM__ligand11698-0
104,UGEZEM__ligand4272-0
105,UGEZEM__ligand13657-0
106,UGEZEM__ligand14347-0
107,UGEZEM__ligand1451-0
108,UGEZEM__ligand14302-0
109,UGEZEM__ligand3954-0
110,UGEZEM__ligand4442-0
111,UGEZEM__ligand4093-0
112,UGEZEM__ligand27610-0
113,UGEZEM__ligand10479-0
114,UGEZEM__ligand11479-0
115,UGEZEM__ligand1160-0
116,UGEZEM__ligand29441-0
117,UGEZEM__ligand8699-0
118,UGEZEM__ligand10853-0
119,UGEZEM__ligand9520-0
120,UGEZEM__ligand338-0
121,UGEZEM__ligand4016-0
122,UGEZEM__ligand6709-0
123,UGEZEM__ligand1219-0
124,UGEZEM__ligand7867-0
125,UGEZEM__ligand29813-0
126,UGEZEM__ligand16952-0
127,UGEZEM__ligand7280-0
128,UGEZEM__ligand1304-0
129,UGEZEM__ligand1790-0
130,UGEZEM__ligand20220-0
131,UGEZEM__ligand15387-0
132,UGEZEM__ligand57-0
133,UGEZEM__ligand20121-0
134,UGEZEM__ligand7238-0
135,UGEZEM__ligand7000-0
136,UGEZEM__ligand1982-0
137,UGEZEM__ligand6768-0
138,UGEZEM__ligand8115-0
139,UGEZEM__ligand1285-0
140,UGEZEM__ligand201-0
141,UGEZEM__ligand10151-0
142,UGEZEM__ligand4546-0
143,UGEZEM__ligand4503-0
144,UGEZEM__ligand178-0
145,UGEZEM__ligand19668-0
146,UGEZEM__ligand5256-0
147,UGEZEM__ligand7648-0
148,UGEZEM__ligand2828-0
149,UGEZEM__ligand8876-0
150,UGEZEM__ligand9833-0
151,UGEZEM__ligand19906-0
152,UGEZEM__ligand279-0
153,UGEZEM__ligand4157-0
154,UGEZEM__ligand185-0
155,UGEZEM__ligand22353-0
156,UGEZEM__ligand321-0
157,UGEZEM__ligand2232-0
158,UGEZEM__ligand9291-0
159,UGEZEM__ligand2176-0
160,UGEZEM__ligand187-0
161,UGEZEM__ligand11606-0
162,UGEZEM__ligand3094-0
163,UGEZEM__ligand4155-0
164,UGEZEM__ligand31000-0
165,UGEZEM__ligand657-0
166,UGEZEM__ligand5211-0
167,UGEZEM__ligand3131-0
168,UGEZEM__ligand3937-0
169,UGEZEM__ligand1202-0
170,UGEZEM__ligand3174-0
171,UGEZEM__ligand8969-0
172,UGEZEM__ligand26673-0
173,UGEZEM__ligand6839-0
174,UGEZEM__ligand4720-0
175,UGEZEM__ligand20821-0
176,UGEZEM__ligand366-0
177,UGEZEM__ligand3565-0
178,UGEZEM__ligand777-0
179,UGEZEM__ligand19824-0
180,UGEZEM__ligand18067-0
181,UGEZEM__ligand5331-0
182,UGEZEM__ligand1512-0
183,UGEZEM__ligand2485-0
184,UGEZEM__ligand3852-0
185,UGEZEM__ligand11252-0
186,UGEZEM__ligand941-0
187,UGEZEM__ligand6919-0
188,UGEZEM__ligand596-0
189,UGEZEM__ligand10582-0
190,UGEZEM__ligand13260-0
191,UGEZEM__ligand34-0
192,UGEZEM__ligand1573-0
193,UGEZEM__ligand1536-0
194,UGEZEM__ligand9935-0
195,UGEZEM__ligand17686-0
196,UGEZEM__ligand25658-0
197,UGEZEM__ligand3504-0
198,UGEZEM__ligand1959-0
199,UGEZEM__ligand31205-0
200,UGEZEM__ligand55-0
201,UGEZEM__ligand4661-0
202,UGEZEM__ligand1844-0
203,UGEZEM__ligand11177-0
204,UGEZEM__ligand126-0
205,UGEZEM__ligand3718-0
206,UGEZEM__ligand163-0
207,UGEZEM__ligand15455-0
208,UGEZEM__ligand6616-0
209,UGEZEM__ligand3035-0
210,UGEZEM__ligand1343-0
211,UGEZEM__ligand3876-0
212,UGEZEM__ligand16870-0
213,UGEZEM__ligand7106-0
214,UGEZEM__ligand11622-0
215,UGEZEM__ligand68-0
216,UGEZEM__ligand7242-0
217,UGEZEM__ligand11814-0
218,UGEZEM__ligand845-0
219,UGEZEM__ligand1263-0
220,UGEZEM__ligand9908-0
221,UGEZEM__ligand16603-0
222,UGEZEM__ligand1771-0
223,UGEZEM__ligand29215-0
224,UGEZEM__ligand4911-0
225,UGEZEM__ligand3392-0
226,UGEZEM__ligand26631-0
227,UGEZEM__ligand16148-0
228,UGEZEM__ligand12003-0
229,UGEZEM__ligand5849-0
230,UGEZEM__ligand324-0
231,UGEZEM__ligand361-0
232,UGEZEM__ligand21399-0
233,UGEZEM__ligand409-0
234,UGEZEM__ligand10872-0
235,UGEZEM__ligand2527-0
236,UGEZEM__ligand22403-0
237,UGEZEM__ligand20695-0
238,UGEZEM__ligand27754-0
239,UGEZEM__ligand1709-0
240,UGEZEM__ligand16369-0
241,UGEZEM__ligand8464-0
242,UGEZEM__ligand8349-0
243,UGEZEM__ligand28540-0
244,UGEZEM__ligand11111-0
245,UGEZEM__ligand1688-0
246,UGEZEM__ligand5357-0
247,UGEZEM__ligand3647-0
248,UGEZEM__ligand5056-0
249,UGEZEM__ligand26529-0
250,UGEZEM__ligand4850-0
251,UGEZEM__ligand199-0
252,UGEZEM__ligand11618-0
253,UGEZEM__ligand1768-0
254,UGEZEM__ligand17-0
255,UGEZEM__ligand3871-0
256,UGEZEM__ligand1469-0
257,UGEZEM__ligand19927-0
258,UGEZEM__ligand1379-0
259,UGEZEM__ligand588-0
260,UGEZEM__ligand2722-0
261,UGEZEM__ligand28559-0
262,UGEZEM__ligand26324-0
263,UGEZEM__ligand14043-0
264,UGEZEM__ligand5935-0
265,UGEZEM__ligand21729-0
266,UGEZEM__ligand1165-0
267,UGEZEM__ligand27239-0
268,UGEZEM__ligand300-0
269,UGEZEM__ligand9525-0
270,UGEZEM__ligand3157-0
271,UGEZEM__ligand4131-0
272,UGEZEM__ligand1712-0
273,UGEZEM__ligand11949-0
274,UGEZEM__ligand22129-0
275,UGEZEM__ligand12138-0
276,UGEZEM__ligand633-0
277,UGEZEM__ligand24780-0
278,UGEZEM__ligand25561-0
279,UGEZEM__ligand497-0
280,UGEZEM__ligand5094-0
281,UGEZEM__ligand5892-0
282,UGEZEM__ligand31694-0
283,UGEZEM__ligand1533-0
284,UGEZEM__ligand29486-0
285,UGEZEM__ligand7557-0
286,UGEZEM__ligand17427-0
287,UGEZEM__ligand1496-0
288,UGEZEM__ligand14569-0
289,UGEZEM__ligand13385-0
290,UGEZEM__ligand3208-0
291,UGEZEM__ligand436-0
292,UGEZEM__ligand24111-0
293,UGEZEM__ligand22444-0
294,UGEZEM__ligand2208-0
295,UGEZEM__ligand7573-0
296,UGEZEM__ligand2781-0
297,UGEZEM__ligand13220-0
298,UGEZEM__ligand11587-0
299,UGEZEM__ligand3350-0
300,UGEZEM__ligand692-0
301,UGEZEM__ligand17396-0
302,UGEZEM__ligand6672-0
303,UGEZEM__ligand9809-0
304,UGEZEM__ligand89-0
305,UGEZEM__ligand1327-0
306,UGEZEM__ligand23175-0
307,UGEZEM__ligand15788-0
308,UGEZEM__ligand8722-0
309,UGEZEM__ligand27840-0
310,UGEZEM__ligand3029-0
311,UGEZEM__ligand30728-0
312,UGEZEM__ligand7162-0
313,UGEZEM__ligand2328-0
314,UGEZEM__ligand24872-0
315,UGEZEM__ligand1773-0
316,UGEZEM__ligand4581-0
317,UGEZEM__ligand49-0
318,UGEZEM__ligand1900-0
319,UGEZEM__ligand10033-0
320,UGEZEM__ligand9197-0
321,UGEZEM__ligand24644-0
322,UGEZEM__ligand326-0
323,UGEZEM__ligand12001-0
324,UGEZEM__ligand11682-0
325,UGEZEM__ligand4194-0
326,UGEZEM__ligand30711-0
327,UGEZEM__ligand20207-0
328,UGEZEM__ligand7532-0
329,UGEZEM__ligand696-0
330,UGEZEM__ligand16988-0
331,UGEZEM__ligand25913-0
332,UGEZEM__ligand2599-0
333,UGEZEM__ligand4330-0
334,UGEZEM__ligand3973-0
335,UGEZEM__ligand16663-0
336,UGEZEM__ligand14614-0
337,UGEZEM__ligand1147-0
338,UGEZEM__ligand24035-0
339,UGEZEM__ligand2068-0
340,UGEZEM__ligand656-0
341,UGEZEM__ligand31044-0
342,UGEZEM__ligand31842-0
343,UGEZEM__ligand11994-0
344,UGEZEM__ligand7925-0
345,UGEZEM__ligand3215-0
346,UGEZEM__ligand12365-0
347,UGEZEM__ligand10056-0
348,UGEZEM__ligand11357-0
349,UGEZEM__ligand13862-0
350,UGEZEM__ligand28743-0
351,UGEZEM__ligand15531-0
352,UGEZEM__ligand22168-0
353,UGEZEM__ligand7107-0
354,UGEZEM__ligand28930-0
355,UGEZEM__ligand22294-0
356,UGEZEM__ligand69-0
357,UGEZEM__ligand21919-0
358,UGEZEM__ligand3-0
359,UGEZEM__ligand11-0
360,UGEZEM__ligand226-0
361,UGEZEM__ligand11970-0
362,UGEZEM__ligand162-0
363,UGEZEM__ligand15883-0
364,UGEZEM__ligand6283-0
365,UGEZEM__ligand28810-0
366,UGEZEM__ligand11096-0
367,UGEZEM__ligand6062-0
368,UGEZEM__ligand11447-0
369,UGEZEM__ligand24230-0
370,UGEZEM__ligand383-0
371,UGEZEM__ligand5813-0
372,UGEZEM__ligand15926-0
373,UGEZEM__ligand4813-0
374,UGEZEM__ligand4738-0
375,UGEZEM__ligand416-0
376,UGEZEM__ligand19792-0
377,UGEZEM__ligand10828-0
378,UGEZEM__ligand2830-0
379,UGEZEM__ligand5627-0
380,UGEZEM__ligand1729-0
381,UGEZEM__ligand5483-0
382,UGEZEM__ligand14167-0
383,UGEZEM__ligand13477-0
384,UGEZEM__ligand30142-0
385,UGEZEM__ligand27669-0
386,UGEZEM__ligand5316-0
387,UGEZEM__ligand9148-0
388,UGEZEM__ligand27285-0
389,UGEZEM__ligand29029-0
390,UGEZEM__ligand7529-0
391,UGEZEM__ligand571-0
392,UGEZEM__ligand23197-0
393,UGEZEM__ligand534-0
394,UGEZEM__ligand1-0
395,UGEZEM__ligand670-0
396,UGEZEM__ligand6946-0
397,UGEZEM__ligand1415-0
398,UGEZEM__ligand6882-0
399,UGEZEM__ligand6455-0
400,UGEZEM__ligand3934-0
401,UGEZEM__ligand10371-0
402,UGEZEM__ligand13672-0
403,UGEZEM__ligand18568-0
404,UGEZEM__ligand2403-0
405,UGEZEM__ligand28685-0
406,UGEZEM__ligand694-0
407,UGEZEM__ligand19184-0
408,UGEZEM__ligand7530-0
409,UGEZEM__ligand1065-0
410,UGEZEM__ligand1449-0
411,UGEZEM__ligand3012-0
412,UGEZEM__ligand488-0
413,UGEZEM__ligand4332-0
414,UGEZEM__ligand12453-0
415,UGEZEM__ligand18448-0
416,UGEZEM__ligand358-0
417,UGEZEM__ligand9681-0
418,UGEZEM__ligand430-0
419,UGEZEM__ligand28459-0
420,UGEZEM__ligand564-0
421,UGEZEM__ligand30333-0
422,UGEZEM__ligand4167-0
423,UGEZEM__ligand620-0
424,UGEZEM__ligand9491-0
425,UGEZEM__ligand12606-0
426,UGEZEM__ligand4266-0
427,UGEZEM__ligand1400-0
428,UGEZEM__ligand370-1
429,UGEZEM__ligand17281-0
430,UGEZEM__ligand30296-0
431,UGEZEM__ligand12337-0
432,UGEZEM__ligand29410-0
433,UGEZEM__ligand479-0
434,UGEZEM__ligand785-0
435,UGEZEM__ligand26540-0
436,UGEZEM__ligand1288-0
437,UGEZEM__ligand311-0
438,UGEZEM__ligand20740-0
439,UGEZEM__ligand28468-0
440,UGEZEM__ligand1149-0
441,UGEZEM__ligand3980-0
442,UGEZEM__ligand3557-0
443,UGEZEM__ligand12427-0
444,UGEZEM__ligand16628-0
445,UGEZEM__ligand7075-0
446,UGEZEM__ligand9750-0
447,UGEZEM__ligand6993-0
448,UGEZEM__ligand188-0
449,UGEZEM__ligand1817-0
450,UGEZEM__ligand27460-0
451,UGEZEM__ligand1779-0
452,UGEZEM__ligand43-0
453,UGEZEM__ligand27175-0
454,UGEZEM__ligand18832-0
455,UGEZEM__ligand23713-0
456,UGEZEM__ligand4063-0
457,UGEZEM__ligand30988-0
458,UGEZEM__ligand8200-0
459,UGEZEM__ligand7438-0
460,UGEZEM__ligand27893-0
461,UGEZEM__ligand250-0
462,UGEZEM__ligand67-0
463,UGEZEM__ligand14723-0
464,UGEZEM__ligand19641-0
465,UGEZEM__ligand3042-0
466,UGEZEM__ligand12934-0
467,UGEZEM__ligand20578-0
468,UGEZEM__ligand15422-0
469,UGEZEM__ligand4207-0
470,UGEZEM__ligand3453-0
471,UGEZEM__ligand3416-0
472,UGEZEM__ligand31783-0
473,UGEZEM__ligand370-0
474,UGEZEM__ligand17258-0
475,UGEZEM__ligand14603-0
476,UGEZEM__ligand1150-0
477,UGEZEM__ligand14297-0
478,UGEZEM__ligand26665-0
479,UGEZEM__ligand1539-0
480,UGEZEM__ligand17631-0
481,UGEZEM__ligand13012-0
482,UGEZEM__ligand1849-0
483,UGEZEM__ligand193-0
484,UGEZEM__ligand17302-0
485,UGEZEM__ligand17805-0
486,UGEZEM__ligand23769-0
487,UGEZEM__ligand1216-0
488,UGEZEM__ligand830-0
489,UGEZEM__ligand24185-0
490,UGEZEM__ligand25178-0
491,UGEZEM__ligand1152-0
492,UGEZEM__ligand3261-0
493,UGEZEM__ligand372-0
494,UGEZEM__ligand5019-0
495,UGEZEM__ligand24145-0
496,UGEZEM__ligand12401-0
497,UGEZEM__ligand15585-0
498,UGEZEM__ligand13068-0
499,UGEZEM__ligand19830-0
500,UGEZEM__ligand10476-0
501,UGEZEM__ligand6663-0
502,UGEZEM__ligand12130-0
503,UGEZEM__ligand17387-0
504,UGEZEM__ligand5515-0
505,UGEZEM__ligand18292-0
506,UGEZEM__ligand12289-0
507,UGEZEM__ligand116-0
508,UGEZEM__ligand26702-0
509,UGEZEM__ligand13658-0
510,UGEZEM__ligand1831-0
511,UGEZEM__ligand5280-0
512,UGEZEM__ligand5614-0
513,UGEZEM__ligand12231-0
514,UGEZEM__ligand252-0
515,UGEZEM__ligand4795-0
516,UGEZEM__ligand3285-0
517,UGEZEM__ligand18814-0
518,UGEZEM__ligand19057-0
519,UGEZEM__ligand13425-0
520,UGEZEM__ligand29302-0
521,UGEZEM__ligand1908-0
522,UGEZEM__ligand5630-0
523,UGEZEM__ligand27763-0
524,UGEZEM__ligand177-0
525,UGEZEM__ligand1786-0
526,UGEZEM__ligand28676-0
527,UGEZEM__ligand10262-0
528,UGEZEM__ligand12641-0
529,UGEZEM__ligand6112-0
530,UGEZEM__ligand909-0
531,UGEZEM__ligand8042-0
532,UGEZEM__ligand7213-0
533,UGEZEM__ligand1397-0
534,UGEZEM__ligand1828-0
535,UGEZEM__ligand10958-0
536,UGEZEM__ligand14108-0
537,UGEZEM__ligand5755-0
538,UGEZEM__ligand4710-0
539,UGEZEM__ligand5085-0
540,UGEZEM__ligand3144-0
541,UGEZEM__ligand25411-0
542,UGEZEM__ligand2823-0
543,UGEZEM__ligand45-0
544,UGEZEM__ligand6995-0
545,UGEZEM__ligand3180-0
546,UGEZEM__ligand14174-0
547,UGEZEM__ligand10712-0
548,UGEZEM__ligand11456-0
549,UGEZEM__ligand868-0
550,UGEZEM__ligand4340-0
551,UGEZEM__ligand2281-0
552,UGEZEM__ligand2650-0
553,UGEZEM__ligand14248-0
554,UGEZEM__ligand29879-0
555,UGEZEM__ligand12030-0
556,UGEZEM__ligand5415-0
557,UGEZEM__ligand783-0
558,UGEZEM__ligand352-0
559,UGEZEM__ligand28884-0
560,UGEZEM__ligand13331-0
561,UGEZEM__ligand78-0
562,UGEZEM__ligand3471-0
563,UGEZEM__ligand4161-0
564,UGEZEM__ligand4124-0
565,UGEZEM__ligand13294-0
566,UGEZEM__ligand31832-0
567,UGEZEM__ligand1113-0
568,UGEZEM__ligand8553-0
569,UGEZEM__ligand26810-0
570,UGEZEM__ligand27482-0
571,UGEZEM__ligand5201-0
572,UGEZEM__ligand13208-0
573,UGEZEM__ligand197-0
574,UGEZEM__ligand19-0
575,UGEZEM__ligand7566-0
576,UGEZEM__ligand24-0
577,UGEZEM__ligand2001-0
578,UGEZEM__ligand20682-0
579,UGEZEM__ligand8593-0
580,UGEZEM__ligand9944-0
581,UGEZEM__ligand13390-0
582,UGEZEM__ligand30702-0
583,UGEZEM__ligand20214-0
584,UGEZEM__ligand20251-0
585,UGEZEM__ligand20539-0
586,UGEZEM__ligand685-0
587,UGEZEM__ligand21581-0
588,UGEZEM__ligand31097-0
589,UGEZEM__ligand14117-0
590,UGEZEM__ligand17261-0
591,UGEZEM__ligand8529-0
592,UGEZEM__ligand1169-0
593,UGEZEM__ligand421-0
594,UGEZEM__ligand21371-0
595,UGEZEM__ligand9615-0
596,UGEZEM__ligand17118-0
597,UGEZEM__ligand20419-0
598,UGEZEM__ligand28789-0
599,UGEZEM__ligand1154-0
600,UGEZEM__ligand4596-0
601,UGEZEM__ligand1498-0
602,UGEZEM__ligand29568-0
603,UGEZEM__ligand14889-0
604,UGEZEM__ligand294-0
605,UGEZEM__ligand30851-0
606,UGEZEM__ligand17982-0
607,UGEZEM__ligand2692-0
608,UGEZEM__ligand29414-0
609,UGEZEM__ligand1618-0
610,UGEZEM__ligand20011-0
611,UGEZEM__ligand17278-0
612,UGEZEM__ligand17398-0
613,UGEZEM__ligand4262-0
614,UGEZEM__ligand24047-0
615,UGEZEM__ligand1028-0
616,UGEZEM__ligand560-0
617,UGEZEM__ligand22557-0
618,UGEZEM__ligand10589-0
619,UGEZEM__ligand20598-0
620,UGEZEM__ligand11675-0
621,UGEZEM__ligand1015-0
622,UGEZEM__ligand16475-0
623,UGEZEM__ligand14703-0
624,UGEZEM__ligand1050-0
625,UGEZEM__ligand235-0
626,UGEZEM__ligand2027-0
627,UGEZEM__ligand134-0
628,UGEZEM__ligand20251-1
629,UGEZEM__ligand5180-0
630,UGEZEM__ligand152-0
631,UGEZEM__ligand5708-0
632,UGEZEM__ligand29898-0
633,UGEZEM__ligand26277-0
634,UGEZEM__ligand7316-0
635,UGEZEM__ligand22755-0
636,UGEZEM__ligand6017-0
637,UGEZEM__ligand11432-0
638,UGEZEM__ligand31618-0
639,UGEZEM__ligand10432-0
640,UGEZEM__ligand2124-0
641,UGEZEM__ligand8612-0
642,UGEZEM__ligand2260-0
643,UGEZEM__ligand7092-0
644,UGEZEM__ligand1116-0
645,UGEZEM__ligand1153-0
646,UGEZEM__ligand3225-0
647,UGEZEM__ligand15168-0
648,UGEZEM__ligand9323-0
649,UGEZEM__ligand24064-0
650,UGEZEM__ligand506-0
651,UGEZEM__ligand7273-0
652,UGEZEM__ligand7172-0
653,UGEZEM__ligand23589-0
654,UGEZEM__ligand29087-0
655,UGEZEM__ligand3244-0
656,UGEZEM__ligand4711-0
657,UGEZEM__ligand487-0
658,UGEZEM__ligand18703-0
659,UGEZEM__ligand2906-0
660,UGEZEM__ligand28924-0
661,UGEZEM__ligand15438-0
662,UGEZEM__ligand38-0
663,UGEZEM__ligand4649-0
664,UGEZEM__ligand2788-0
665,UGEZEM__ligand5649-0
666,UGEZEM__ligand8793-0
667,UGEZEM__ligand5159-0
668,UGEZEM__ligand24750-0
669,UGEZEM__ligand7196-0
670,UGEZEM__ligand176-0
671,UGEZEM__ligand9753-0
672,UGEZEM__ligand1356-0
673,UGEZEM__ligand1787-0
674,UGEZEM__ligand5530-0
675,UGEZEM__ligand17945-0
676,UGEZEM__ligand18013-0
677,UGEZEM__ligand25224-0
678,UGEZEM__ligand746-0
679,UGEZEM__ligand3178-0
680,UGEZEM__ligand31578-0
681,UGEZEM__ligand4807-0
682,UGEZEM__ligand17207-0
683,UGEZEM__ligand447-0
684,UGEZEM__ligand18699-0
685,UGEZEM__ligand12682-0
686,UGEZEM__ligand42-0
687,UGEZEM__ligand9450-0
688,UGEZEM__ligand1599-0
689,UGEZEM__ligand368-0
690,UGEZEM__ligand17240-0
691,UGEZEM__ligand395-0
692,UGEZEM__ligand17590-0
693,UGEZEM__ligand2612-0
694,UGEZEM__ligand13072-0
695,UGEZEM__ligand5387-0
696,UGEZEM__ligand2203-0
697,UGEZEM__ligand12336-0
698,UGEZEM__ligand1289-0
699,UGEZEM__ligand784-0
700,UGEZEM__ligand24613-0
701,UGEZEM__ligand1114-0
702,UGEZEM__ligand9284-0
703,UGEZEM__ligand833-0
704,UGEZEM__ligand19725-0
705,UGEZEM__ligand3126-0
706,UGEZEM__ligand6391-0
707,UGEZEM__ligand10555-0
708,UGEZEM__ligand31483-0
709,UGEZEM__ligand2417-0
710,UGEZEM__ligand66-0
711,UGEZEM__ligand1832-0
712,UGEZEM__ligand8788-0
713,UGEZEM__ligand11568-0
714,UGEZEM__ligand115-0
715,UGEZEM__ligand20579-0
716,UGEZEM__ligand17710-0
717,UGEZEM__ligand2043-0
718,UGEZEM__ligand21421-0
719,UGEZEM__ligand9943-0
720,UGEZEM__ligand1228-0
721,UGEZEM__ligand1604-0
722,UGEZEM__ligand14586-0
723,UGEZEM__ligand11774-0
724,UGEZEM__ligand2881-0
725,UGEZEM__ligand16791-0
726,UGEZEM__ligand1499-0
727,UGEZEM__ligand314-1
728,UGEZEM__ligand3712-0
729,UGEZEM__ligand1464-0
730,UGEZEM__ligand28668-0
731,UGEZEM__ligand1211-0
732,UGEZEM__ligand18465-0
733,UGEZEM__ligand18799-0
734,UGEZEM__ligand6892-0
735,UGEZEM__ligand1294-0
736,UGEZEM__ligand1168-0
737,UGEZEM__ligand465-0
738,UGEZEM__ligand3677-0
739,UGEZEM__ligand29863-0
740,UGEZEM__ligand3632-0
741,UGEZEM__ligand18074-0
742,UGEZEM__ligand13869-0
743,UGEZEM__ligand29610-0
744,UGEZEM__ligand8-0
745,UGEZEM__ligand6699-0
746,UGEZEM__ligand11140-0
747,UGEZEM__ligand25267-0
748,UGEZEM__ligand391-0
749,UGEZEM__ligand9299-0
750,UGEZEM__ligand10084-0
751,UGEZEM__ligand4007-0
752,UGEZEM__ligand12467-0
753,UGEZEM__ligand2985-0
754,UGEZEM__ligand13257-0
755,UGEZEM__ligand9883-0
756,UGEZEM__ligand21936-0
757,UGEZEM__ligand3677-1
758,UGEZEM__ligand618-0
759,UGEZEM__ligand7291-0
760,UGEZEM__ligand23904-0
761,UGEZEM__ligand27074-0
762,UGEZEM__ligand8000-0
763,UGEZEM__ligand3736-0
764,UGEZEM__ligand9344-0
765,UGEZEM__ligand22981-0
766,UGEZEM__ligand25805-0
767,UGEZEM__ligand20599-0
768,UGEZEM__ligand2693-0
769,UGEZEM__ligand5383-0
770,UGEZEM__ligand314-0
771,UGEZEM__ligand780-0
772,UGEZEM__ligand27169-0
773,UGEZEM__ligand3945-0
774,UGEZEM__ligand14523-0
775,UGEZEM__ligand813-0
776,UGEZEM__ligand18391-0
777,UGEZEM__ligand12295-0
778,UGEZEM__ligand6117-0
779,UGEZEM__ligand1407-0
780,UGEZEM__ligand8002-0
781,UGEZEM__ligand27835-0
782,UGEZEM__ligand5509-0
783,UGEZEM__ligand21787-0
784,UGEZEM__ligand25575-0
785,UGEZEM__ligand5080-0
786,UGEZEM__ligand7762-0
787,UGEZEM__ligand25689-0
788,UGEZEM__ligand353-0
789,UGEZEM__ligand30539-0
790,UGEZEM__ligand2238-0
791,UGEZEM__ligand5304-0
792,UGEZEM__ligand9167-0
793,UGEZEM__ligand393-0
794,UGEZEM__ligand23906-0
795,UGEZEM__ligand3867-0
796,UGEZEM__ligand1317-0
797,UGEZEM__ligand7293-0
798,UGEZEM__ligand2822-0
799,UGEZEM__ligand21132-0
800,UGEZEM__ligand11166-0
801,UGEZEM__ligand8592-0
802,UGEZEM__ligand5099-0
803,UGEZEM__ligand1197-0
804,UGEZEM__ligand2259-0
805,UGEZEM__ligand422-0
806,UGEZEM__ligand1296-0
807,UGEZEM__ligand25735-0
808,UGEZEM__ligand12519-0
809,UGEZEM__ligand686-0
810,UGEZEM__ligand1376-0
811,UGEZEM__ligand11206-0
812,UGEZEM__ligand5510-0
813,UGEZEM__ligand23124-0
814,UGEZEM__ligand9773-0
815,UGEZEM__ligand12660-0
816,UGEZEM__ligand196-0
817,UGEZEM__ligand19257-0
818,UGEZEM__ligand13209-0
819,UGEZEM__ligand5595-0
820,UGEZEM__ligand18-0
821,UGEZEM__ligand4101-0
822,UGEZEM__ligand2221-0
823,UGEZEM__ligand31248-0
824,UGEZEM__ligand25650-0
825,UGEZEM__ligand3926-0
826,UGEZEM__ligand3120-0
827,UGEZEM__ligand4358-0
