,TMC
0,OBOKOF__ligand240-0
1,OBOKOF__ligand141-0
2,OBOKOF__ligand1307-0
3,OBOKOF__ligand120-0
4,OBOKOF__ligand5089-0
5,OBOKOF__ligand2599-0
6,OBOKOF__ligand3853-0
7,OBOKOF__ligand2853-0
8,OBOKOF__ligand384-0
9,OBOKOF__ligand6166-0
10,OBOKOF__ligand67-0
11,OBOKOF__ligand1246-0
12,OBOKOF__ligand797-0
13,OBOKOF__ligand1788-0
14,OBOKOF__ligand1178-0
15,OBOKOF__ligand3566-0
16,OBOKOF__ligand757-0
17,OBOKOF__ligand1321-0
18,OBOKOF__ligand1449-1
19,OBOKOF__ligand4811-0
20,OBOKOF__ligand3337-0
21,OBOKOF__ligand7514-0
22,OBOKOF__ligand9620-0
23,OBOKOF__ligand4894-0
24,OBOKOF__ligand1260-0
25,OBOKOF__ligand2376-0
26,OBOKOF__ligand78-0
27,OBOKOF__ligand2929-0
28,OBOKOF__ligand85-0
29,OBOKOF__ligand596-0
30,OBOKOF__ligand3-0
31,OBOKOF__ligand612-0
32,OBOKOF__ligand1299-0
33,OBOKOF__ligand6430-0
34,OBOKOF__ligand187-0
35,OBOKOF__ligand45-0
36,OBOKOF__ligand1264-0
37,OBOKOF__ligand1221-0
38,OBOKOF__ligand1379-0
39,OBOKOF__ligand366-0
40,OBOKOF__ligand15630-0
41,OBOKOF__ligand861-0
42,OBOKOF__ligand10357-0
43,OBOKOF__ligand7414-0
44,OBOKOF__ligand5762-0
45,OBOKOF__ligand1104-0
46,OBOKOF__ligand1019-0
47,OBOKOF__ligand2442-0
48,OBOKOF__ligand1325-0
49,OBOKOF__ligand2482-0
50,OBOKOF__ligand6571-0
51,OBOKOF__ligand126-0
52,OBOKOF__ligand2315-0
53,OBOKOF__ligand1898-0
54,OBOKOF__ligand3051-0
55,OBOKOF__ligand4504-0
56,OBOKOF__ligand2480-0
57,OBOKOF__ligand5334-0
58,OBOKOF__ligand124-0
59,OBOKOF__ligand119-0
60,OBOKOF__ligand8032-0
61,OBOKOF__ligand1858-0
62,OBOKOF__ligand2110-0
63,OBOKOF__ligand2916-0
64,OBOKOF__ligand279-0
65,OBOKOF__ligand178-0
66,OBOKOF__ligand1-0
67,OBOKOF__ligand3579-0
68,OBOKOF__ligand1712-0
69,OBOKOF__ligand321-0
70,OBOKOF__ligand2389-0
71,OBOKOF__ligand100-0
72,OBOKOF__ligand1919-0
73,OBOKOF__ligand201-0
74,OBOKOF__ligand244-0
75,OBOKOF__ligand838-0
76,OBOKOF__ligand7630-0
77,OBOKOF__ligand1555-0
78,OBOKOF__ligand166-0
79,OBOKOF__ligand1285-0
80,OBOKOF__ligand1907-0
81,OBOKOF__ligand918-0
82,OBOKOF__ligand633-0
83,OBOKOF__ligand21-0
84,OBOKOF__ligand4423-0
85,OBOKOF__ligand532-0
86,OBOKOF__ligand497-0
87,OBOKOF__ligand3890-0
88,OBOKOF__ligand553-0
89,OBOKOF__ligand5093-0
90,OBOKOF__ligand40-0
91,OBOKOF__ligand2954-0
92,OBOKOF__ligand283-0
93,OBOKOF__ligand6-0
94,OBOKOF__ligand2253-0
95,OBOKOF__ligand1160-0
96,OBOKOF__ligand1038-0
97,OBOKOF__ligand821-0
98,OBOKOF__ligand2762-0
99,OBOKOF__ligand326-0
100,OBOKOF__ligand436-0
101,OBOKOF__ligand7550-0
102,OBOKOF__ligand142-0
103,OBOKOF__ligand38-0
104,OBOKOF__ligand206-0
105,OBOKOF__ligand1493-0
106,OBOKOF__ligand3035-0
107,OBOKOF__ligand3070-0
108,OBOKOF__ligand2718-0
109,OBOKOF__ligand9176-0
110,OBOKOF__ligand140-0
111,OBOKOF__ligand105-0
112,OBOKOF__ligand3251-0
113,OBOKOF__ligand4-0
114,OBOKOF__ligand324-0
115,OBOKOF__ligand361-0
116,OBOKOF__ligand5235-0
117,OBOKOF__ligand6143-0
118,OBOKOF__ligand409-0
119,OBOKOF__ligand4619-0
120,OBOKOF__ligand575-0
121,OBOKOF__ligand66-0
122,OBOKOF__ligand7456-0
123,OBOKOF__ligand1818-0
124,OBOKOF__ligand3852-0
125,OBOKOF__ligand3478-0
126,OBOKOF__ligand5758-0
127,OBOKOF__ligand927-0
128,OBOKOF__ligand199-0
129,OBOKOF__ligand1436-0
130,OBOKOF__ligand670-0
131,OBOKOF__ligand118-0
132,OBOKOF__ligand3618-0
133,OBOKOF__ligand571-0
134,OBOKOF__ligand2618-0
135,OBOKOF__ligand62-0
136,OBOKOF__ligand509-0
137,OBOKOF__ligand4370-0
138,OBOKOF__ligand10114-0
139,OBOKOF__ligand1918-0
140,OBOKOF__ligand669-0
141,OBOKOF__ligand86-0
142,OBOKOF__ligand358-0
143,OBOKOF__ligand430-0
144,OBOKOF__ligand10479-0
145,OBOKOF__ligand4175-0
146,OBOKOF__ligand365-0
147,OBOKOF__ligand278-0
148,OBOKOF__ligand2255-0
149,OBOKOF__ligand14530-0
150,OBOKOF__ligand2915-0
151,OBOKOF__ligand3196-0
152,OBOKOF__ligand4012-0
153,OBOKOF__ligand162-0
154,OBOKOF__ligand2526-0
155,OBOKOF__ligand18-0
156,OBOKOF__ligand10910-0
157,OBOKOF__ligand226-0
158,OBOKOF__ligand1551-0
159,OBOKOF__ligand383-0
160,OBOKOF__ligand2707-0
161,OBOKOF__ligand1690-0
162,OBOKOF__ligand1438-0
163,OBOKOF__ligand3063-0
164,OBOKOF__ligand252-0
165,OBOKOF__ligand29-0
166,OBOKOF__ligand5801-0
167,OBOKOF__ligand91-0
168,OBOKOF__ligand955-0
169,OBOKOF__ligand1171-0
170,OBOKOF__ligand193-0
171,OBOKOF__ligand51-0
172,OBOKOF__ligand830-0
173,OBOKOF__ligand1685-0
174,OBOKOF__ligand909-0
175,OBOKOF__ligand1048-0
176,OBOKOF__ligand851-0
177,OBOKOF__ligand2087-0
178,OBOKOF__ligand3757-0
179,OBOKOF__ligand1459-0
180,OBOKOF__ligand934-0
181,OBOKOF__ligand177-0
182,OBOKOF__ligand48-0
183,OBOKOF__ligand1544-0
184,OBOKOF__ligand444-0
185,OBOKOF__ligand2768-0
186,OBOKOF__ligand369-0
187,OBOKOF__ligand1376-0
188,OBOKOF__ligand188-0
189,OBOKOF__ligand2259-0
190,OBOKOF__ligand2688-0
191,OBOKOF__ligand1951-0
192,OBOKOF__ligand1687-0
193,OBOKOF__ligand32-0
194,OBOKOF__ligand311-0
195,OBOKOF__ligand6277-0
196,OBOKOF__ligand2629-0
197,OBOKOF__ligand4381-0
198,OBOKOF__ligand1706-0
199,OBOKOF__ligand370-0
200,OBOKOF__ligand3734-0
201,OBOKOF__ligand460-0
202,OBOKOF__ligand250-0
203,OBOKOF__ligand5548-0
204,OBOKOF__ligand331-0
205,OBOKOF__ligand7915-0
206,OBOKOF__ligand1747-0
207,OBOKOF__ligand6686-0
208,OBOKOF__ligand294-0
209,OBOKOF__ligand3145-0
210,OBOKOF__ligand57-0
211,OBOKOF__ligand993-0
212,OBOKOF__ligand3178-0
213,OBOKOF__ligand916-0
214,OBOKOF__ligand584-0
215,OBOKOF__ligand6332-0
216,OBOKOF__ligand6502-0
217,OBOKOF__ligand2098-0
218,OBOKOF__ligand2863-0
219,OBOKOF__ligand798-0
220,OBOKOF__ligand421-0
221,OBOKOF__ligand8-0
222,OBOKOF__ligand134-0
223,OBOKOF__ligand932-0
224,OBOKOF__ligand2634-0
225,OBOKOF__ligand1542-0
226,OBOKOF__ligand235-0
227,OBOKOF__ligand3041-0
228,OBOKOF__ligand390-0
229,OBOKOF__ligand2751-0
230,OBOKOF__ligand525-0
231,OBOKOF__ligand560-0
232,OBOKOF__ligand73-0
233,OBOKOF__ligand109-0
234,OBOKOF__ligand783-0
235,OBOKOF__ligand352-0
236,OBOKOF__ligand1114-0
237,OBOKOF__ligand34-0
238,OBOKOF__ligand1538-0
239,OBOKOF__ligand1228-0
240,OBOKOF__ligand136-0
241,OBOKOF__ligand9244-0
242,OBOKOF__ligand868-0
243,OBOKOF__ligand442-0
244,OBOKOF__ligand95-0
245,OBOKOF__ligand112-0
246,OBOKOF__ligand1148-0
247,OBOKOF__ligand1479-0
248,OBOKOF__ligand197-0
249,OBOKOF__ligand55-0
250,OBOKOF__ligand296-0
251,OBOKOF__ligand3246-0
252,OBOKOF__ligand9027-0
253,OBOKOF__ligand784-0
254,OBOKOF__ligand355-0
255,OBOKOF__ligand485-0
256,OBOKOF__ligand1113-0
257,OBOKOF__ligand2265-0
258,OBOKOF__ligand6396-0
259,OBOKOF__ligand1502-0
260,OBOKOF__ligand2794-0
261,OBOKOF__ligand2345-0
262,OBOKOF__ligand1835-0
263,OBOKOF__ligand11730-0
264,OBOKOF__ligand4983-0
265,OBOKOF__ligand115-0
266,OBOKOF__ligand92-0
267,OBOKOF__ligand1052-0
268,OBOKOF__ligand1273-0
269,OBOKOF__ligand17-0
270,OBOKOF__ligand291-0
271,OBOKOF__ligand6151-0
272,OBOKOF__ligand2772-0
273,OBOKOF__ligand9495-0
274,OBOKOF__ligand6538-0
275,OBOKOF__ligand2142-0
276,OBOKOF__ligand682-0
277,OBOKOF__ligand2864-0
278,OBOKOF__ligand1169-0
279,OBOKOF__ligand133-0
280,OBOKOF__ligand5022-0
281,OBOKOF__ligand49-0
282,OBOKOF__ligand447-0
283,OBOKOF__ligand487-0
284,OBOKOF__ligand2880-0
285,OBOKOF__ligand5941-0
286,OBOKOF__ligand2838-0
287,OBOKOF__ligand3838-0
288,OBOKOF__ligand1799-0
289,OBOKOF__ligand522-0
290,OBOKOF__ligand89-0
291,OBOKOF__ligand666-0
292,OBOKOF__ligand8774-0
293,OBOKOF__ligand236-0
294,OBOKOF__ligand3637-0
295,OBOKOF__ligand353-0
296,OBOKOF__ligand196-0
297,OBOKOF__ligand502-0
298,OBOKOF__ligand11-0
299,OBOKOF__ligand7464-0
300,OBOKOF__ligand422-0
301,OBOKOF__ligand6294-0
302,OBOKOF__ligand1054-0
303,OBOKOF__ligand1598-0
304,OBOKOF__ligand113-0
305,OBOKOF__ligand4303-0
306,OBOKOF__ligand1248-0
307,OBOKOF__ligand2320-0
308,OBOKOF__ligand1056-0
309,OBOKOF__ligand2862-0
310,OBOKOF__ligand210-0
311,OBOKOF__ligand8921-0
312,OBOKOF__ligand2285-0
313,OBOKOF__ligand1567-0
314,OBOKOF__ligand2510-0
315,OBOKOF__ligand2907-0
316,OBOKOF__ligand1703-0
317,OBOKOF__ligand2430-0
318,OBOKOF__ligand1152-0
319,OBOKOF__ligand1727-0
320,OBOKOF__ligand481-0
321,OBOKOF__ligand314-0
322,OBOKOF__ligand391-0
323,OBOKOF__ligand1607-0
324,OBOKOF__ligand170-0
