,TMC
0,CABLIC__ligand5334-0
1,CABLIC__ligand3051-0
2,CABLIC__ligand4504-0
3,CABLIC__ligand2480-0
4,CABLIC__ligand575-0
5,CABLIC__ligand1898-0
6,CABLIC__ligand2315-0
7,CABLIC__ligand927-0
8,CABLIC__ligand1858-0
9,CABLIC__ligand8032-0
10,CABLIC__ligand199-0
11,CABLIC__ligand4-0
12,CABLIC__ligand1712-0
13,CABLIC__ligand140-0
14,CABLIC__ligand105-0
15,CABLIC__ligand3579-0
16,CABLIC__ligand2110-0
17,CABLIC__ligand2916-0
18,CABLIC__ligand409-0
19,CABLIC__ligand324-0
20,CABLIC__ligand361-0
21,CABLIC__ligand1919-0
22,CABLIC__ligand2389-0
23,CABLIC__ligand821-0
24,CABLIC__ligand2929-0
25,CABLIC__ligand326-0
26,CABLIC__ligand11-0
27,CABLIC__ligand553-0
28,CABLIC__ligand2376-0
29,CABLIC__ligand283-0
30,CABLIC__ligand142-0
31,CABLIC__ligand1379-0
32,CABLIC__ligand206-0
33,CABLIC__ligand6-0
34,CABLIC__ligand1264-0
35,CABLIC__ligand1221-0
36,CABLIC__ligand436-0
37,CABLIC__ligand6430-0
38,CABLIC__ligand1299-0
39,CABLIC__ligand2442-0
40,CABLIC__ligand166-0
41,CABLIC__ligand1019-0
42,CABLIC__ligand5762-0
43,CABLIC__ligand7414-0
44,CABLIC__ligand838-0
45,CABLIC__ligand1104-0
46,CABLIC__ligand497-0
47,CABLIC__ligand633-0
48,CABLIC__ligand6571-0
49,CABLIC__ligand918-0
50,CABLIC__ligand532-0
51,CABLIC__ligand1325-0
52,CABLIC__ligand2482-0
53,CABLIC__ligand49-0
54,CABLIC__ligand383-0
55,CABLIC__ligand162-0
56,CABLIC__ligand1788-0
57,CABLIC__ligand226-0
58,CABLIC__ligand1321-0
59,CABLIC__ligand3566-0
60,CABLIC__ligand89-0
61,CABLIC__ligand1178-0
62,CABLIC__ligand10479-0
63,CABLIC__ligand3337-0
64,CABLIC__ligand7514-0
65,CABLIC__ligand1449-1
66,CABLIC__ligand4811-0
67,CABLIC__ligand4894-0
68,CABLIC__ligand1260-0
69,CABLIC__ligand9620-0
70,CABLIC__ligand10114-0
71,CABLIC__ligand430-0
72,CABLIC__ligand358-0
73,CABLIC__ligand92-0
74,CABLIC__ligand669-0
75,CABLIC__ligand10910-0
76,CABLIC__ligand1307-0
77,CABLIC__ligand278-0
78,CABLIC__ligand17-0
79,CABLIC__ligand365-0
80,CABLIC__ligand118-0
81,CABLIC__ligand670-0
82,CABLIC__ligand3853-0
83,CABLIC__ligand2853-0
84,CABLIC__ligand571-0
85,CABLIC__ligand2599-0
86,CABLIC__ligand14530-0
87,CABLIC__ligand5089-0
88,CABLIC__ligand1246-0
89,CABLIC__ligand509-0
90,CABLIC__ligand6166-0
91,CABLIC__ligand2915-0
92,CABLIC__ligand95-0
93,CABLIC__ligand3196-0
94,CABLIC__ligand4012-0
95,CABLIC__ligand55-0
96,CABLIC__ligand34-0
97,CABLIC__ligand1551-0
98,CABLIC__ligand797-0
99,CABLIC__ligand2526-0
100,CABLIC__ligand757-0
101,CABLIC__ligand1690-0
102,CABLIC__ligand2707-0
103,CABLIC__ligand3618-0
104,CABLIC__ligand2618-0
105,CABLIC__ligand384-0
106,CABLIC__ligand120-0
107,CABLIC__ligand1436-0
108,CABLIC__ligand4370-0
109,CABLIC__ligand73-0
110,CABLIC__ligand57-0
111,CABLIC__ligand1918-0
112,CABLIC__ligand2255-0
113,CABLIC__ligand240-0
114,CABLIC__ligand4175-0
115,CABLIC__ligand141-0
116,CABLIC__ligand9176-0
117,CABLIC__ligand321-0
118,CABLIC__ligand2718-0
119,CABLIC__ligand3035-0
120,CABLIC__ligand279-0
121,CABLIC__ligand3070-0
122,CABLIC__ligand178-0
123,CABLIC__ligand1493-0
124,CABLIC__ligand100-0
125,CABLIC__ligand4619-0
126,CABLIC__ligand5235-0
127,CABLIC__ligand1-0
128,CABLIC__ligand6143-0
129,CABLIC__ligand201-0
130,CABLIC__ligand244-0
131,CABLIC__ligand3251-0
132,CABLIC__ligand124-0
133,CABLIC__ligand1818-0
134,CABLIC__ligand7456-0
135,CABLIC__ligand10357-0
136,CABLIC__ligand32-0
137,CABLIC__ligand5758-0
138,CABLIC__ligand15630-0
139,CABLIC__ligand119-0
140,CABLIC__ligand3478-0
141,CABLIC__ligand3852-0
142,CABLIC__ligand1285-0
143,CABLIC__ligand1555-0
144,CABLIC__ligand7630-0
145,CABLIC__ligand3890-0
146,CABLIC__ligand126-0
147,CABLIC__ligand48-0
148,CABLIC__ligand4423-0
149,CABLIC__ligand1907-0
150,CABLIC__ligand2762-0
151,CABLIC__ligand3-0
152,CABLIC__ligand1038-0
153,CABLIC__ligand596-0
154,CABLIC__ligand2253-0
155,CABLIC__ligand1160-0
156,CABLIC__ligand91-0
157,CABLIC__ligand5093-0
158,CABLIC__ligand2954-0
159,CABLIC__ligand29-0
160,CABLIC__ligand366-0
161,CABLIC__ligand51-0
162,CABLIC__ligand861-0
163,CABLIC__ligand7550-0
164,CABLIC__ligand612-0
165,CABLIC__ligand187-0
166,CABLIC__ligand18-0
167,CABLIC__ligand1538-0
168,CABLIC__ligand447-0
169,CABLIC__ligand1114-0
170,CABLIC__ligand133-0
171,CABLIC__ligand522-0
172,CABLIC__ligand666-0
173,CABLIC__ligand9244-0
174,CABLIC__ligand487-0
175,CABLIC__ligand1228-0
176,CABLIC__ligand1479-0
177,CABLIC__ligand1148-0
178,CABLIC__ligand3246-0
179,CABLIC__ligand11730-0
180,CABLIC__ligand682-0
181,CABLIC__ligand3145-0
182,CABLIC__ligand86-0
183,CABLIC__ligand1747-0
184,CABLIC__ligand6686-0
185,CABLIC__ligand115-0
186,CABLIC__ligand7915-0
187,CABLIC__ligand5548-0
188,CABLIC__ligand2863-0
189,CABLIC__ligand291-0
190,CABLIC__ligand2098-0
191,CABLIC__ligand6502-0
192,CABLIC__ligand6332-0
193,CABLIC__ligand3178-0
194,CABLIC__ligand3041-0
195,CABLIC__ligand355-0
196,CABLIC__ligand784-0
197,CABLIC__ligand2634-0
198,CABLIC__ligand1542-0
199,CABLIC__ligand62-0
200,CABLIC__ligand485-0
201,CABLIC__ligand2751-0
202,CABLIC__ligand481-0
203,CABLIC__ligand2259-0
204,CABLIC__ligand2688-0
205,CABLIC__ligand314-0
206,CABLIC__ligand66-0
207,CABLIC__ligand1376-0
208,CABLIC__ligand2768-0
209,CABLIC__ligand170-0
210,CABLIC__ligand6277-0
211,CABLIC__ligand1687-0
212,CABLIC__ligand1951-0
213,CABLIC__ligand391-0
214,CABLIC__ligand3734-0
215,CABLIC__ligand210-0
216,CABLIC__ligand1706-0
217,CABLIC__ligand4381-0
218,CABLIC__ligand2629-0
219,CABLIC__ligand5801-0
220,CABLIC__ligand40-0
221,CABLIC__ligand3063-0
222,CABLIC__ligand196-0
223,CABLIC__ligand1438-0
224,CABLIC__ligand502-0
225,CABLIC__ligand113-0
226,CABLIC__ligand38-0
227,CABLIC__ligand422-0
228,CABLIC__ligand1171-0
229,CABLIC__ligand3757-0
230,CABLIC__ligand236-0
231,CABLIC__ligand2087-0
232,CABLIC__ligand1048-0
233,CABLIC__ligand1685-0
234,CABLIC__ligand1544-0
235,CABLIC__ligand21-0
236,CABLIC__ligand353-0
237,CABLIC__ligand1459-0
238,CABLIC__ligand2510-0
239,CABLIC__ligand2285-0
240,CABLIC__ligand1567-0
241,CABLIC__ligand370-0
242,CABLIC__ligand8921-0
243,CABLIC__ligand2862-0
244,CABLIC__ligand2320-0
245,CABLIC__ligand1056-0
246,CABLIC__ligand1703-0
247,CABLIC__ligand2430-0
248,CABLIC__ligand250-0
249,CABLIC__ligand460-0
250,CABLIC__ligand2907-0
251,CABLIC__ligand188-0
252,CABLIC__ligand1727-0
253,CABLIC__ligand1152-0
254,CABLIC__ligand369-0
255,CABLIC__ligand444-0
256,CABLIC__ligand311-0
257,CABLIC__ligand1607-0
258,CABLIC__ligand851-0
259,CABLIC__ligand3637-0
260,CABLIC__ligand8774-0
261,CABLIC__ligand909-0
262,CABLIC__ligand934-0
263,CABLIC__ligand177-0
264,CABLIC__ligand252-0
265,CABLIC__ligand955-0
266,CABLIC__ligand85-0
267,CABLIC__ligand7464-0
268,CABLIC__ligand78-0
269,CABLIC__ligand1248-0
270,CABLIC__ligand45-0
271,CABLIC__ligand4303-0
272,CABLIC__ligand1598-0
273,CABLIC__ligand830-0
274,CABLIC__ligand1054-0
275,CABLIC__ligand6294-0
276,CABLIC__ligand193-0
277,CABLIC__ligand2142-0
278,CABLIC__ligand6538-0
279,CABLIC__ligand112-0
280,CABLIC__ligand9495-0
281,CABLIC__ligand6151-0
282,CABLIC__ligand2772-0
283,CABLIC__ligand2864-0
284,CABLIC__ligand197-0
285,CABLIC__ligand296-0
286,CABLIC__ligand352-0
287,CABLIC__ligand783-0
288,CABLIC__ligand5022-0
289,CABLIC__ligand1169-0
290,CABLIC__ligand868-0
291,CABLIC__ligand442-0
292,CABLIC__ligand2838-0
293,CABLIC__ligand3838-0
294,CABLIC__ligand1799-0
295,CABLIC__ligand2880-0
296,CABLIC__ligand5941-0
297,CABLIC__ligand136-0
298,CABLIC__ligand6396-0
299,CABLIC__ligand1113-0
300,CABLIC__ligand2265-0
301,CABLIC__ligand390-0
302,CABLIC__ligand134-0
303,CABLIC__ligand932-0
304,CABLIC__ligand235-0
305,CABLIC__ligand9027-0
306,CABLIC__ligand4983-0
307,CABLIC__ligand525-0
308,CABLIC__ligand560-0
309,CABLIC__ligand8-0
310,CABLIC__ligand2794-0
311,CABLIC__ligand2345-0
312,CABLIC__ligand1835-0
313,CABLIC__ligand109-0
314,CABLIC__ligand1502-0
315,CABLIC__ligand67-0
316,CABLIC__ligand294-0
317,CABLIC__ligand1052-0
318,CABLIC__ligand993-0
319,CABLIC__ligand331-0
320,CABLIC__ligand421-0
321,CABLIC__ligand798-0
322,CABLIC__ligand1273-0
323,CABLIC__ligand584-0
324,CABLIC__ligand916-0
