,TMC
0,NAYSIR__ligand14523-0
1,NAYSIR__ligand27169-0
2,NAYSIR__ligand465-0
3,NAYSIR__ligand18391-0
4,NAYSIR__ligand1786-0
5,NAYSIR__ligand5630-0
6,NAYSIR__ligand22981-0
7,NAYSIR__ligand25805-0
8,NAYSIR__ligand1908-0
9,NAYSIR__ligand20599-0
10,NAYSIR__ligand27074-0
11,NAYSIR__ligand4795-0
12,NAYSIR__ligand3285-0
13,NAYSIR__ligand23904-0
14,NAYSIR__ligand3144-0
15,NAYSIR__ligand5085-0
16,NAYSIR__ligand13257-0
17,NAYSIR__ligand4710-0
18,NAYSIR__ligand21936-0
19,NAYSIR__ligand314-1
20,NAYSIR__ligand5755-0
21,NAYSIR__ligand1397-0
22,NAYSIR__ligand7213-0
23,NAYSIR__ligand12467-0
24,NAYSIR__ligand1828-0
25,NAYSIR__ligand6112-0
26,NAYSIR__ligand25267-0
27,NAYSIR__ligand8042-0
28,NAYSIR__ligand10084-0
29,NAYSIR__ligand1152-0
30,NAYSIR__ligand3261-0
31,NAYSIR__ligand5019-0
32,NAYSIR__ligand11140-0
33,NAYSIR__ligand1216-0
34,NAYSIR__ligand29610-0
35,NAYSIR__ligand780-0
36,NAYSIR__ligand314-0
37,NAYSIR__ligand29863-0
38,NAYSIR__ligand13869-0
39,NAYSIR__ligand18074-0
40,NAYSIR__ligand813-0
41,NAYSIR__ligand1849-0
42,NAYSIR__ligand5280-0
43,NAYSIR__ligand18465-0
44,NAYSIR__ligand5614-0
45,NAYSIR__ligand1831-0
46,NAYSIR__ligand391-0
47,NAYSIR__ligand18799-0
48,NAYSIR__ligand5515-0
49,NAYSIR__ligand6663-0
50,NAYSIR__ligand28668-0
51,NAYSIR__ligand16791-0
52,NAYSIR__ligand618-0
53,NAYSIR__ligand3042-0
54,NAYSIR__ligand31248-0
55,NAYSIR__ligand393-0
56,NAYSIR__ligand25650-0
57,NAYSIR__ligand19257-0
58,NAYSIR__ligand4063-0
59,NAYSIR__ligand13209-0
60,NAYSIR__ligand8-0
61,NAYSIR__ligand8200-0
62,NAYSIR__ligand7438-0
63,NAYSIR__ligand12660-0
64,NAYSIR__ligand1539-0
65,NAYSIR__ligand11206-0
66,NAYSIR__ligand23124-0
67,NAYSIR__ligand43-0
68,NAYSIR__ligand1150-0
69,NAYSIR__ligand25735-0
70,NAYSIR__ligand12519-0
71,NAYSIR__ligand3453-0
72,NAYSIR__ligand3416-0
73,NAYSIR__ligand4207-0
74,NAYSIR__ligand353-0
75,NAYSIR__ligand21132-0
76,NAYSIR__ligand67-0
77,NAYSIR__ligand11166-0
78,NAYSIR__ligand1288-0
79,NAYSIR__ligand23906-0
80,NAYSIR__ligand196-0
81,NAYSIR__ligand9491-0
82,NAYSIR__ligand4266-0
83,NAYSIR__ligand1400-0
84,NAYSIR__ligand30539-0
85,NAYSIR__ligand4167-0
86,NAYSIR__ligand6993-0
87,NAYSIR__ligand1817-0
88,NAYSIR__ligand1779-0
89,NAYSIR__ligand25575-0
90,NAYSIR__ligand21787-0
91,NAYSIR__ligand9750-0
92,NAYSIR__ligand422-0
93,NAYSIR__ligand25689-0
94,NAYSIR__ligand686-0
95,NAYSIR__ligand12295-0
96,NAYSIR__ligand27835-0
97,NAYSIR__ligand7075-0
98,NAYSIR__ligand1149-0
99,NAYSIR__ligand3980-0
100,NAYSIR__ligand3557-0
101,NAYSIR__ligand17207-0
102,NAYSIR__ligand31578-0
103,NAYSIR__ligand1028-0
104,NAYSIR__ligand17945-0
105,NAYSIR__ligand4262-0
106,NAYSIR__ligand18013-0
107,NAYSIR__ligand25224-0
108,NAYSIR__ligand506-0
109,NAYSIR__ligand24750-0
110,NAYSIR__ligand2692-0
111,NAYSIR__ligand1618-0
112,NAYSIR__ligand152-0
113,NAYSIR__ligand28924-0
114,NAYSIR__ligand15438-0
115,NAYSIR__ligand18703-0
116,NAYSIR__ligand2027-0
117,NAYSIR__ligand1015-0
118,NAYSIR__ligand1050-0
119,NAYSIR__ligand29087-0
120,NAYSIR__ligand23589-0
121,NAYSIR__ligand8529-0
122,NAYSIR__ligand24064-0
123,NAYSIR__ligand1169-0
124,NAYSIR__ligand176-0
125,NAYSIR__ligand746-0
126,NAYSIR__ligand15168-0
127,NAYSIR__ligand447-0
128,NAYSIR__ligand22755-0
129,NAYSIR__ligand10432-0
130,NAYSIR__ligand11432-0
131,NAYSIR__ligand31618-0
132,NAYSIR__ligand4596-0
133,NAYSIR__ligand29898-0
134,NAYSIR__ligand26277-0
135,NAYSIR__ligand487-0
136,NAYSIR__ligand1498-0
137,NAYSIR__ligand1154-0
138,NAYSIR__ligand9615-0
139,NAYSIR__ligand14586-0
140,NAYSIR__ligand11774-0
141,NAYSIR__ligand784-0
142,NAYSIR__ligand21421-0
143,NAYSIR__ligand5201-0
144,NAYSIR__ligand11568-0
145,NAYSIR__ligand20579-0
146,NAYSIR__ligand17710-0
147,NAYSIR__ligand1113-0
148,NAYSIR__ligand8553-0
149,NAYSIR__ligand45-0
150,NAYSIR__ligand78-0
151,NAYSIR__ligand9944-0
152,NAYSIR__ligand10555-0
153,NAYSIR__ligand8593-0
154,NAYSIR__ligand31483-0
155,NAYSIR__ligand368-0
156,NAYSIR__ligand2001-0
157,NAYSIR__ligand19725-0
158,NAYSIR__ligand7566-0
159,NAYSIR__ligand24613-0
160,NAYSIR__ligand395-0
161,NAYSIR__ligand2281-0
162,NAYSIR__ligand2650-0
163,NAYSIR__ligand4340-0
164,NAYSIR__ligand19-0
165,NAYSIR__ligand3180-0
166,NAYSIR__ligand115-0
167,NAYSIR__ligand12336-0
168,NAYSIR__ligand6995-0
169,NAYSIR__ligand13072-0
170,NAYSIR__ligand2823-0
171,NAYSIR__ligand17590-0
172,NAYSIR__ligand3471-0
173,NAYSIR__ligand4161-0
174,NAYSIR__ligand4124-0
175,NAYSIR__ligand833-0
176,NAYSIR__ligand17240-0
177,NAYSIR__ligand18699-0
178,NAYSIR__ligand12682-0
179,NAYSIR__ligand24-0
180,NAYSIR__ligand5415-0
181,NAYSIR__ligand2417-0
182,NAYSIR__ligand783-0
183,NAYSIR__ligand352-0
184,NAYSIR__ligand13390-0
185,NAYSIR__ligand9284-0
186,NAYSIR__ligand3126-0
187,NAYSIR__ligand6391-0
188,NAYSIR__ligand20682-0
189,NAYSIR__ligand42-0
190,NAYSIR__ligand1114-0
191,NAYSIR__ligand13208-0
192,NAYSIR__ligand1604-0
193,NAYSIR__ligand27482-0
194,NAYSIR__ligand26810-0
195,NAYSIR__ligand9943-0
196,NAYSIR__ligand1228-0
197,NAYSIR__ligand2043-0
198,NAYSIR__ligand8788-0
199,NAYSIR__ligand868-0
200,NAYSIR__ligand1832-0
201,NAYSIR__ligand13294-0
202,NAYSIR__ligand2612-0
203,NAYSIR__ligand31832-0
204,NAYSIR__ligand1599-0
205,NAYSIR__ligand13331-0
206,NAYSIR__ligand9450-0
207,NAYSIR__ligand28884-0
208,NAYSIR__ligand14248-0
209,NAYSIR__ligand29879-0
210,NAYSIR__ligand12030-0
211,NAYSIR__ligand11456-0
212,NAYSIR__ligand10712-0
213,NAYSIR__ligand14174-0
214,NAYSIR__ligand5387-0
215,NAYSIR__ligand2203-0
216,NAYSIR__ligand1289-0
217,NAYSIR__ligand66-0
218,NAYSIR__ligand25411-0
219,NAYSIR__ligand197-0
220,NAYSIR__ligand2788-0
221,NAYSIR__ligand5649-0
222,NAYSIR__ligand20251-1
223,NAYSIR__ligand8793-0
224,NAYSIR__ligand4649-0
225,NAYSIR__ligand2906-0
226,NAYSIR__ligand294-0
227,NAYSIR__ligand14703-0
228,NAYSIR__ligand16475-0
229,NAYSIR__ligand3244-0
230,NAYSIR__ligand4711-0
231,NAYSIR__ligand22557-0
232,NAYSIR__ligand10589-0
233,NAYSIR__ligand24047-0
234,NAYSIR__ligand4807-0
235,NAYSIR__ligand11675-0
236,NAYSIR__ligand20598-0
237,NAYSIR__ligand17398-0
238,NAYSIR__ligand3178-0
239,NAYSIR__ligand685-0
240,NAYSIR__ligand9753-0
241,NAYSIR__ligand421-0
242,NAYSIR__ligand5530-0
243,NAYSIR__ligand1356-0
244,NAYSIR__ligand1787-0
245,NAYSIR__ligand29414-0
246,NAYSIR__ligand5159-0
247,NAYSIR__ligand17982-0
248,NAYSIR__ligand7196-0
249,NAYSIR__ligand20011-0
250,NAYSIR__ligand17278-0
251,NAYSIR__ligand235-0
252,NAYSIR__ligand30851-0
253,NAYSIR__ligand6017-0
254,NAYSIR__ligand14889-0
255,NAYSIR__ligand5708-0
256,NAYSIR__ligand134-0
257,NAYSIR__ligand7316-0
258,NAYSIR__ligand29568-0
259,NAYSIR__ligand38-0
260,NAYSIR__ligand28789-0
261,NAYSIR__ligand17118-0
262,NAYSIR__ligand5180-0
263,NAYSIR__ligand21371-0
264,NAYSIR__ligand20419-0
265,NAYSIR__ligand7172-0
266,NAYSIR__ligand17261-0
267,NAYSIR__ligand14117-0
268,NAYSIR__ligand9323-0
269,NAYSIR__ligand7273-0
270,NAYSIR__ligand1116-0
271,NAYSIR__ligand21581-0
272,NAYSIR__ligand31097-0
273,NAYSIR__ligand1153-0
274,NAYSIR__ligand3225-0
275,NAYSIR__ligand2260-0
276,NAYSIR__ligand7092-0
277,NAYSIR__ligand30702-0
278,NAYSIR__ligand20214-0
279,NAYSIR__ligand2124-0
280,NAYSIR__ligand20251-0
281,NAYSIR__ligand560-0
282,NAYSIR__ligand20539-0
283,NAYSIR__ligand8612-0
284,NAYSIR__ligand5510-0
285,NAYSIR__ligand26665-0
286,NAYSIR__ligand1376-0
287,NAYSIR__ligand13012-0
288,NAYSIR__ligand9773-0
289,NAYSIR__ligand17631-0
290,NAYSIR__ligand17258-0
291,NAYSIR__ligand14603-0
292,NAYSIR__ligand14297-0
293,NAYSIR__ligand2259-0
294,NAYSIR__ligand1296-0
295,NAYSIR__ligand31783-0
296,NAYSIR__ligand8592-0
297,NAYSIR__ligand5099-0
298,NAYSIR__ligand188-0
299,NAYSIR__ligand1197-0
300,NAYSIR__ligand3926-0
301,NAYSIR__ligand19641-0
302,NAYSIR__ligand3120-0
303,NAYSIR__ligand20578-0
304,NAYSIR__ligand12934-0
305,NAYSIR__ligand564-0
306,NAYSIR__ligand15422-0
307,NAYSIR__ligand4358-0
308,NAYSIR__ligand27893-0
309,NAYSIR__ligand2221-0
310,NAYSIR__ligand370-1
311,NAYSIR__ligand620-0
312,NAYSIR__ligand14723-0
313,NAYSIR__ligand30988-0
314,NAYSIR__ligand4101-0
315,NAYSIR__ligand5595-0
316,NAYSIR__ligand311-0
317,NAYSIR__ligand785-0
318,NAYSIR__ligand23713-0
319,NAYSIR__ligand479-0
320,NAYSIR__ligand27175-0
321,NAYSIR__ligand18832-0
322,NAYSIR__ligand27460-0
323,NAYSIR__ligand5080-0
324,NAYSIR__ligand7762-0
325,NAYSIR__ligand16628-0
326,NAYSIR__ligand6117-0
327,NAYSIR__ligand1407-0
328,NAYSIR__ligand8002-0
329,NAYSIR__ligand5509-0
330,NAYSIR__ligand370-0
331,NAYSIR__ligand20740-0
332,NAYSIR__ligand28468-0
333,NAYSIR__ligand12427-0
334,NAYSIR__ligand29410-0
335,NAYSIR__ligand12337-0
336,NAYSIR__ligand26540-0
337,NAYSIR__ligand17281-0
338,NAYSIR__ligand30296-0
339,NAYSIR__ligand7293-0
340,NAYSIR__ligand2822-0
341,NAYSIR__ligand3867-0
342,NAYSIR__ligand1317-0
343,NAYSIR__ligand5304-0
344,NAYSIR__ligand9167-0
345,NAYSIR__ligand250-0
346,NAYSIR__ligand12606-0
347,NAYSIR__ligand30333-0
348,NAYSIR__ligand18-0
349,NAYSIR__ligand2238-0
350,NAYSIR__ligand7291-0
351,NAYSIR__ligand14108-0
352,NAYSIR__ligand9883-0
353,NAYSIR__ligand3677-1
354,NAYSIR__ligand116-0
355,NAYSIR__ligand10958-0
356,NAYSIR__ligand2985-0
357,NAYSIR__ligand4007-0
358,NAYSIR__ligand12641-0
359,NAYSIR__ligand252-0
360,NAYSIR__ligand9299-0
361,NAYSIR__ligand3945-0
362,NAYSIR__ligand27763-0
363,NAYSIR__ligand193-0
364,NAYSIR__ligand28676-0
365,NAYSIR__ligand10262-0
366,NAYSIR__ligand2693-0
367,NAYSIR__ligand5383-0
368,NAYSIR__ligand830-0
369,NAYSIR__ligand13425-0
370,NAYSIR__ligand29302-0
371,NAYSIR__ligand9344-0
372,NAYSIR__ligand8000-0
373,NAYSIR__ligand372-0
374,NAYSIR__ligand3736-0
375,NAYSIR__ligand19057-0
376,NAYSIR__ligand18814-0
377,NAYSIR__ligand12231-0
378,NAYSIR__ligand6892-0
379,NAYSIR__ligand909-0
380,NAYSIR__ligand12130-0
381,NAYSIR__ligand17387-0
382,NAYSIR__ligand1211-0
383,NAYSIR__ligand26702-0
384,NAYSIR__ligand13658-0
385,NAYSIR__ligand18292-0
386,NAYSIR__ligand12289-0
387,NAYSIR__ligand3712-0
388,NAYSIR__ligand13068-0
389,NAYSIR__ligand1464-0
390,NAYSIR__ligand19830-0
391,NAYSIR__ligand10476-0
392,NAYSIR__ligand24145-0
393,NAYSIR__ligand2881-0
394,NAYSIR__ligand12401-0
395,NAYSIR__ligand15585-0
396,NAYSIR__ligand1499-0
397,NAYSIR__ligand6699-0
398,NAYSIR__ligand25178-0
399,NAYSIR__ligand23769-0
400,NAYSIR__ligand24185-0
401,NAYSIR__ligand3677-0
402,NAYSIR__ligand3632-0
403,NAYSIR__ligand17805-0
404,NAYSIR__ligand1294-0
405,NAYSIR__ligand1168-0
406,NAYSIR__ligand177-0
407,NAYSIR__ligand17302-0
408,NAYSIR__ligand15926-0
409,NAYSIR__ligand10828-0
410,NAYSIR__ligand19792-0
411,NAYSIR__ligand6244-0
412,NAYSIR__ligand1378-0
413,NAYSIR__ligand11096-0
414,NAYSIR__ligand11447-0
415,NAYSIR__ligand28810-0
416,NAYSIR__ligand24230-0
417,NAYSIR__ligand2915-0
418,NAYSIR__ligand3156-0
419,NAYSIR__ligand15883-0
420,NAYSIR__ligand1-0
421,NAYSIR__ligand32-0
422,NAYSIR__ligand11970-0
423,NAYSIR__ligand656-0
424,NAYSIR__ligand21919-0
425,NAYSIR__ligand1631-0
426,NAYSIR__ligand22168-0
427,NAYSIR__ligand696-0
428,NAYSIR__ligand28930-0
429,NAYSIR__ligand9933-0
430,NAYSIR__ligand1575-0
431,NAYSIR__ligand1530-0
432,NAYSIR__ligand22294-0
433,NAYSIR__ligand28743-0
434,NAYSIR__ligand15531-0
435,NAYSIR__ligand11357-0
436,NAYSIR__ligand13862-0
437,NAYSIR__ligand2332-0
438,NAYSIR__ligand12365-0
439,NAYSIR__ligand10056-0
440,NAYSIR__ligand9441-0
441,NAYSIR__ligand31044-0
442,NAYSIR__ligand31842-0
443,NAYSIR__ligand226-0
444,NAYSIR__ligand9111-0
445,NAYSIR__ligand9952-0
446,NAYSIR__ligand11994-0
447,NAYSIR__ligand24035-0
448,NAYSIR__ligand1615-0
449,NAYSIR__ligand5036-0
450,NAYSIR__ligand2526-0
451,NAYSIR__ligand162-0
452,NAYSIR__ligand383-0
453,NAYSIR__ligand14614-0
454,NAYSIR__ligand1823-0
455,NAYSIR__ligand5643-0
456,NAYSIR__ligand8721-0
457,NAYSIR__ligand416-0
458,NAYSIR__ligand16663-0
459,NAYSIR__ligand1324-0
460,NAYSIR__ligand7967-0
461,NAYSIR__ligand6124-0
462,NAYSIR__ligand3707-0
463,NAYSIR__ligand25913-0
464,NAYSIR__ligand16988-0
465,NAYSIR__ligand4116-0
466,NAYSIR__ligand1018-0
467,NAYSIR__ligand16-0
468,NAYSIR__ligand8992-0
469,NAYSIR__ligand11682-0
470,NAYSIR__ligand9601-0
471,NAYSIR__ligand30711-0
472,NAYSIR__ligand20207-0
473,NAYSIR__ligand12453-0
474,NAYSIR__ligand18448-0
475,NAYSIR__ligand28459-0
476,NAYSIR__ligand2028-0
477,NAYSIR__ligand8835-0
478,NAYSIR__ligand7126-0
479,NAYSIR__ligand534-0
480,NAYSIR__ligand571-0
481,NAYSIR__ligand3234-0
482,NAYSIR__ligand1142-0
483,NAYSIR__ligand19184-0
484,NAYSIR__ligand51-0
485,NAYSIR__ligand670-0
486,NAYSIR__ligand18568-0
487,NAYSIR__ligand28685-0
488,NAYSIR__ligand91-0
489,NAYSIR__ligand13672-0
490,NAYSIR__ligand10371-0
491,NAYSIR__ligand4641-0
492,NAYSIR__ligand6067-0
493,NAYSIR__ligand1577-0
494,NAYSIR__ligand2295-0
495,NAYSIR__ligand694-0
496,NAYSIR__ligand23197-0
497,NAYSIR__ligand48-0
498,NAYSIR__ligand4620-0
499,NAYSIR__ligand488-0
500,NAYSIR__ligand430-0
501,NAYSIR__ligand29029-0
502,NAYSIR__ligand358-0
503,NAYSIR__ligand27285-0
504,NAYSIR__ligand30142-0
505,NAYSIR__ligand6102-0
506,NAYSIR__ligand6904-0
507,NAYSIR__ligand3721-0
508,NAYSIR__ligand6596-0
509,NAYSIR__ligand27669-0
510,NAYSIR__ligand3465-0
511,NAYSIR__ligand13477-0
512,NAYSIR__ligand14167-0
513,NAYSIR__ligand3-0
514,NAYSIR__ligand7819-0
515,NAYSIR__ligand2917-0
516,NAYSIR__ligand3718-0
517,NAYSIR__ligand6616-0
518,NAYSIR__ligand3035-0
519,NAYSIR__ligand1343-0
520,NAYSIR__ligand3876-0
521,NAYSIR__ligand27239-0
522,NAYSIR__ligand21729-0
523,NAYSIR__ligand4661-0
524,NAYSIR__ligand1844-0
525,NAYSIR__ligand3504-0
526,NAYSIR__ligand26324-0
527,NAYSIR__ligand28559-0
528,NAYSIR__ligand1959-0
529,NAYSIR__ligand14043-0
530,NAYSIR__ligand1573-0
531,NAYSIR__ligand1536-0
532,NAYSIR__ligand19927-0
533,NAYSIR__ligand9935-0
534,NAYSIR__ligand1263-0
535,NAYSIR__ligand9908-0
536,NAYSIR__ligand34-0
537,NAYSIR__ligand11618-0
538,NAYSIR__ligand7242-0
539,NAYSIR__ligand26529-0
540,NAYSIR__ligand409-0
541,NAYSIR__ligand7106-0
542,NAYSIR__ligand361-0
543,NAYSIR__ligand324-0
544,NAYSIR__ligand588-0
545,NAYSIR__ligand4720-0
546,NAYSIR__ligand16369-0
547,NAYSIR__ligand55-0
548,NAYSIR__ligand11111-0
549,NAYSIR__ligand28540-0
550,NAYSIR__ligand20695-0
551,NAYSIR__ligand27754-0
552,NAYSIR__ligand8969-0
553,NAYSIR__ligand3131-0
554,NAYSIR__ligand3937-0
555,NAYSIR__ligand1202-0
556,NAYSIR__ligand3174-0
557,NAYSIR__ligand6839-0
558,NAYSIR__ligand300-0
559,NAYSIR__ligand5211-0
560,NAYSIR__ligand22403-0
561,NAYSIR__ligand3094-0
562,NAYSIR__ligand4155-0
563,NAYSIR__ligand10872-0
564,NAYSIR__ligand21399-0
565,NAYSIR__ligand16148-0
566,NAYSIR__ligand26631-0
567,NAYSIR__ligand3852-0
568,NAYSIR__ligand2485-0
569,NAYSIR__ligand12003-0
570,NAYSIR__ligand6919-0
571,NAYSIR__ligand1512-0
572,NAYSIR__ligand199-0
573,NAYSIR__ligand5331-0
574,NAYSIR__ligand29215-0
575,NAYSIR__ligand3565-0
576,NAYSIR__ligand68-0
577,NAYSIR__ligand12001-0
578,NAYSIR__ligand4546-0
579,NAYSIR__ligand4503-0
580,NAYSIR__ligand10033-0
581,NAYSIR__ligand24644-0
582,NAYSIR__ligand1285-0
583,NAYSIR__ligand24872-0
584,NAYSIR__ligand1982-0
585,NAYSIR__ligand27840-0
586,NAYSIR__ligand7000-0
587,NAYSIR__ligand30728-0
588,NAYSIR__ligand8115-0
589,NAYSIR__ligand6768-0
590,NAYSIR__ligand9291-0
591,NAYSIR__ligand17396-0
592,NAYSIR__ligand15788-0
593,NAYSIR__ligand2176-0
594,NAYSIR__ligand23175-0
595,NAYSIR__ligand57-0
596,NAYSIR__ligand13220-0
597,NAYSIR__ligand11587-0
598,NAYSIR__ligand633-0
599,NAYSIR__ligand2232-0
600,NAYSIR__ligand22444-0
601,NAYSIR__ligand4157-0
602,NAYSIR__ligand24111-0
603,NAYSIR__ligand497-0
604,NAYSIR__ligand5256-0
605,NAYSIR__ligand14569-0
606,NAYSIR__ligand9833-0
607,NAYSIR__ligand13385-0
608,NAYSIR__ligand7648-0
609,NAYSIR__ligand2828-0
610,NAYSIR__ligand8876-0
611,NAYSIR__ligand8699-0
612,NAYSIR__ligand1160-0
613,NAYSIR__ligand9520-0
614,NAYSIR__ligand17427-0
615,NAYSIR__ligand3954-0
616,NAYSIR__ligand4442-0
617,NAYSIR__ligand4093-0
618,NAYSIR__ligand29486-0
619,NAYSIR__ligand7629-0
620,NAYSIR__ligand326-0
621,NAYSIR__ligand4272-0
622,NAYSIR__ligand1451-0
623,NAYSIR__ligand9784-0
624,NAYSIR__ligand31694-0
625,NAYSIR__ligand7238-0
626,NAYSIR__ligand1304-0
627,NAYSIR__ligand1790-0
628,NAYSIR__ligand25561-0
629,NAYSIR__ligand7280-0
630,NAYSIR__ligand436-0
631,NAYSIR__ligand22129-0
632,NAYSIR__ligand692-0
633,NAYSIR__ligand6709-0
634,NAYSIR__ligand1219-0
635,NAYSIR__ligand24780-0
636,NAYSIR__ligand12138-0
637,NAYSIR__ligand7867-0
638,NAYSIR__ligand4016-0
639,NAYSIR__ligand11949-0
640,NAYSIR__ligand6672-0
641,NAYSIR__ligand9809-0
642,NAYSIR__ligand1327-0
643,NAYSIR__ligand338-0
644,NAYSIR__ligand8722-0
645,NAYSIR__ligand3350-0
646,NAYSIR__ligand7573-0
647,NAYSIR__ligand22353-0
648,NAYSIR__ligand2781-0
649,NAYSIR__ligand2208-0
650,NAYSIR__ligand3208-0
651,NAYSIR__ligand19668-0
652,NAYSIR__ligand19906-0
653,NAYSIR__ligand1900-0
654,NAYSIR__ligand9197-0
655,NAYSIR__ligand10151-0
656,NAYSIR__ligand2328-0
657,NAYSIR__ligand1773-0
658,NAYSIR__ligand4581-0
659,NAYSIR__ligand3029-0
660,NAYSIR__ligand7162-0
661,NAYSIR__ligand15387-0
662,NAYSIR__ligand20121-0
663,NAYSIR__ligand178-0
664,NAYSIR__ligand185-0
665,NAYSIR__ligand5094-0
666,NAYSIR__ligand20220-0
667,NAYSIR__ligand279-0
668,NAYSIR__ligand5892-0
669,NAYSIR__ligand89-0
670,NAYSIR__ligand29813-0
671,NAYSIR__ligand16952-0
672,NAYSIR__ligand321-0
673,NAYSIR__ligand4131-0
674,NAYSIR__ligand1712-0
675,NAYSIR__ligand10853-0
676,NAYSIR__ligand29441-0
677,NAYSIR__ligand1496-0
678,NAYSIR__ligand7557-0
679,NAYSIR__ligand11479-0
680,NAYSIR__ligand27610-0
681,NAYSIR__ligand10479-0
682,NAYSIR__ligand1533-0
683,NAYSIR__ligand11698-0
684,NAYSIR__ligand20530-0
685,NAYSIR__ligand201-0
686,NAYSIR__ligand14347-0
687,NAYSIR__ligand13657-0
688,NAYSIR__ligand14302-0
689,NAYSIR__ligand49-0
690,NAYSIR__ligand24851-0
691,NAYSIR__ligand3871-0
692,NAYSIR__ligand1469-0
693,NAYSIR__ligand16603-0
694,NAYSIR__ligand777-0
695,NAYSIR__ligand11814-0
696,NAYSIR__ligand1768-0
697,NAYSIR__ligand596-0
698,NAYSIR__ligand941-0
699,NAYSIR__ligand11622-0
700,NAYSIR__ligand4850-0
701,NAYSIR__ligand5056-0
702,NAYSIR__ligand1688-0
703,NAYSIR__ligand16870-0
704,NAYSIR__ligand3647-0
705,NAYSIR__ligand5357-0
706,NAYSIR__ligand3157-0
707,NAYSIR__ligand187-0
708,NAYSIR__ligand15455-0
709,NAYSIR__ligand1165-0
710,NAYSIR__ligand11177-0
711,NAYSIR__ligand9525-0
712,NAYSIR__ligand657-0
713,NAYSIR__ligand17686-0
714,NAYSIR__ligand25658-0
715,NAYSIR__ligand5935-0
716,NAYSIR__ligand31205-0
717,NAYSIR__ligand1379-0
718,NAYSIR__ligand366-0
719,NAYSIR__ligand2722-0
720,NAYSIR__ligand13260-0
721,NAYSIR__ligand17-0
722,NAYSIR__ligand5849-0
723,NAYSIR__ligand10582-0
724,NAYSIR__ligand11252-0
725,NAYSIR__ligand18067-0
726,NAYSIR__ligand3392-0
727,NAYSIR__ligand19824-0
728,NAYSIR__ligand1771-0
729,NAYSIR__ligand4911-0
730,NAYSIR__ligand845-0
731,NAYSIR__ligand8464-0
732,NAYSIR__ligand1709-0
733,NAYSIR__ligand20821-0
734,NAYSIR__ligand8349-0
735,NAYSIR__ligand26673-0
736,NAYSIR__ligand31000-0
737,NAYSIR__ligand2527-0
738,NAYSIR__ligand163-0
739,NAYSIR__ligand126-0
740,NAYSIR__ligand11606-0
741,NAYSIR__ligand2403-0
742,NAYSIR__ligand24953-0
743,NAYSIR__ligand23445-0
744,NAYSIR__ligand20432-0
745,NAYSIR__ligand27122-0
746,NAYSIR__ligand13755-0
747,NAYSIR__ligand16133-0
748,NAYSIR__ligand3934-0
749,NAYSIR__ligand25048-0
750,NAYSIR__ligand6882-0
751,NAYSIR__ligand21940-0
752,NAYSIR__ligand6455-0
753,NAYSIR__ligand122-0
754,NAYSIR__ligand9681-0
755,NAYSIR__ligand4332-0
756,NAYSIR__ligand30004-0
757,NAYSIR__ligand20557-0
758,NAYSIR__ligand1449-0
759,NAYSIR__ligand3012-0
760,NAYSIR__ligand757-0
761,NAYSIR__ligand1065-0
762,NAYSIR__ligand7530-0
763,NAYSIR__ligand693-0
764,NAYSIR__ligand5316-0
765,NAYSIR__ligand5483-0
766,NAYSIR__ligand24624-0
767,NAYSIR__ligand5627-0
768,NAYSIR__ligand18413-0
769,NAYSIR__ligand20844-0
770,NAYSIR__ligand1729-0
771,NAYSIR__ligand24560-0
772,NAYSIR__ligand18757-0
773,NAYSIR__ligand2830-0
774,NAYSIR__ligand6946-0
775,NAYSIR__ligand1415-0
776,NAYSIR__ligand7529-0
777,NAYSIR__ligand21752-0
778,NAYSIR__ligand4-0
779,NAYSIR__ligand13691-0
780,NAYSIR__ligand30788-0
781,NAYSIR__ligand14339-0
782,NAYSIR__ligand9148-0
783,NAYSIR__ligand7107-0
784,NAYSIR__ligand21339-0
785,NAYSIR__ligand14226-0
786,NAYSIR__ligand16956-0
787,NAYSIR__ligand20942-1
788,NAYSIR__ligand18158-0
789,NAYSIR__ligand27771-0
790,NAYSIR__ligand29565-0
791,NAYSIR__ligand23682-0
792,NAYSIR__ligand3215-0
793,NAYSIR__ligand4813-0
794,NAYSIR__ligand5813-0
795,NAYSIR__ligand18019-1
796,NAYSIR__ligand141-0
797,NAYSIR__ligand4738-0
798,NAYSIR__ligand14007-0
799,NAYSIR__ligand6062-0
800,NAYSIR__ligand240-0
801,NAYSIR__ligand6283-0
802,NAYSIR__ligand27550-0
803,NAYSIR__ligand2599-0
804,NAYSIR__ligand11501-0
805,NAYSIR__ligand11544-0
806,NAYSIR__ligand4330-0
807,NAYSIR__ligand29214-0
808,NAYSIR__ligand69-0
809,NAYSIR__ligand11758-0
810,NAYSIR__ligand7532-0
811,NAYSIR__ligand22357-0
812,NAYSIR__ligand384-0
813,NAYSIR__ligand4194-0
814,NAYSIR__ligand21448-0
815,NAYSIR__ligand2068-0
816,NAYSIR__ligand7925-0
817,NAYSIR__ligand11798-0
818,NAYSIR__ligand29334-0
819,NAYSIR__ligand12413-0
820,NAYSIR__ligand768-0
821,NAYSIR__ligand20731-0
822,NAYSIR__ligand1147-0
823,NAYSIR__ligand11-0
824,NAYSIR__ligand17445-0
825,NAYSIR__ligand17069-0
826,NAYSIR__ligand3973-0
827,NAYSIR__ligand14477-0
