,TMC
0,HECQOV__ligand1849-0
1,HECQOV__ligand68-0
2,HECQOV__ligand14703-0
3,HECQOV__ligand16475-0
4,HECQOV__ligand1216-0
5,HECQOV__ligand20251-1
6,HECQOV__ligand240-0
7,HECQOV__ligand3261-0
8,HECQOV__ligand1152-0
9,HECQOV__ligand5019-0
10,HECQOV__ligand141-0
11,HECQOV__ligand29414-0
12,HECQOV__ligand17982-0
13,HECQOV__ligand17278-0
14,HECQOV__ligand20011-0
15,HECQOV__ligand10589-0
16,HECQOV__ligand22557-0
17,HECQOV__ligand5515-0
18,HECQOV__ligand6663-0
19,HECQOV__ligand24047-0
20,HECQOV__ligand11675-0
21,HECQOV__ligand20598-0
22,HECQOV__ligand5614-0
23,HECQOV__ligand17398-0
24,HECQOV__ligand5280-0
25,HECQOV__ligand1831-0
26,HECQOV__ligand55-0
27,HECQOV__ligand28789-0
28,HECQOV__ligand4795-0
29,HECQOV__ligand3285-0
30,HECQOV__ligand17118-0
31,HECQOV__ligand21371-0
32,HECQOV__ligand1908-0
33,HECQOV__ligand20419-0
34,HECQOV__ligand34-0
35,HECQOV__ligand5630-0
36,HECQOV__ligand30851-0
37,HECQOV__ligand14889-0
38,HECQOV__ligand768-0
39,HECQOV__ligand1786-0
40,HECQOV__ligand29568-0
41,HECQOV__ligand6112-0
42,HECQOV__ligand31097-0
43,HECQOV__ligand21581-0
44,HECQOV__ligand8042-0
45,HECQOV__ligand1397-0
46,HECQOV__ligand20214-0
47,HECQOV__ligand30702-0
48,HECQOV__ligand7213-0
49,HECQOV__ligand20251-0
50,HECQOV__ligand20539-0
51,HECQOV__ligand1828-0
52,HECQOV__ligand384-0
53,HECQOV__ligand4710-0
54,HECQOV__ligand5755-0
55,HECQOV__ligand17261-0
56,HECQOV__ligand14117-0
57,HECQOV__ligand3144-0
58,HECQOV__ligand5085-0
59,HECQOV__ligand757-0
60,HECQOV__ligand4167-0
61,HECQOV__ligand20682-0
62,HECQOV__ligand9491-0
63,HECQOV__ligand1400-0
64,HECQOV__ligand4266-0
65,HECQOV__ligand1288-0
66,HECQOV__ligand122-0
67,HECQOV__ligand13390-0
68,HECQOV__ligand1149-0
69,HECQOV__ligand3557-0
70,HECQOV__ligand3980-0
71,HECQOV__ligand7075-0
72,HECQOV__ligand13208-0
73,HECQOV__ligand9750-0
74,HECQOV__ligand27482-0
75,HECQOV__ligand1817-0
76,HECQOV__ligand6993-0
77,HECQOV__ligand26810-0
78,HECQOV__ligand1779-0
79,HECQOV__ligand13331-0
80,HECQOV__ligand28884-0
81,HECQOV__ligand4063-0
82,HECQOV__ligand14248-0
83,HECQOV__ligand29879-0
84,HECQOV__ligand12030-0
85,HECQOV__ligand8200-0
86,HECQOV__ligand7438-0
87,HECQOV__ligand13294-0
88,HECQOV__ligand57-0
89,HECQOV__ligand31832-0
90,HECQOV__ligand3042-0
91,HECQOV__ligand4207-0
92,HECQOV__ligand3416-0
93,HECQOV__ligand3453-0
94,HECQOV__ligand25411-0
95,HECQOV__ligand11456-0
96,HECQOV__ligand1150-0
97,HECQOV__ligand10712-0
98,HECQOV__ligand693-0
99,HECQOV__ligand14174-0
100,HECQOV__ligand1539-0
101,HECQOV__ligand366-0
102,HECQOV__ligand10958-0
103,HECQOV__ligand16-0
104,HECQOV__ligand12641-0
105,HECQOV__ligand8529-0
106,HECQOV__ligand1169-0
107,HECQOV__ligand657-0
108,HECQOV__ligand14108-0
109,HECQOV__ligand187-0
110,HECQOV__ligand29302-0
111,HECQOV__ligand13425-0
112,HECQOV__ligand9615-0
113,HECQOV__ligand596-0
114,HECQOV__ligand941-0
115,HECQOV__ligand19057-0
116,HECQOV__ligand1154-0
117,HECQOV__ligand18814-0
118,HECQOV__ligand4596-0
119,HECQOV__ligand27763-0
120,HECQOV__ligand28676-0
121,HECQOV__ligand10262-0
122,HECQOV__ligand777-0
123,HECQOV__ligand1498-0
124,HECQOV__ligand13068-0
125,HECQOV__ligand19830-0
126,HECQOV__ligand2692-0
127,HECQOV__ligand10476-0
128,HECQOV__ligand163-0
129,HECQOV__ligand126-0
130,HECQOV__ligand1618-0
131,HECQOV__ligand24145-0
132,HECQOV__ligand12401-0
133,HECQOV__ligand15585-0
134,HECQOV__ligand8-0
135,HECQOV__ligand12231-0
136,HECQOV__ligand4262-0
137,HECQOV__ligand17387-0
138,HECQOV__ligand12130-0
139,HECQOV__ligand1028-0
140,HECQOV__ligand26702-0
141,HECQOV__ligand13658-0
142,HECQOV__ligand18292-0
143,HECQOV__ligand12289-0
144,HECQOV__ligand1050-0
145,HECQOV__ligand1015-0
146,HECQOV__ligand845-0
147,HECQOV__ligand32-0
148,HECQOV__ligand17805-0
149,HECQOV__ligand2027-0
150,HECQOV__ligand17302-0
151,HECQOV__ligand25178-0
152,HECQOV__ligand23769-0
153,HECQOV__ligand24185-0
154,HECQOV__ligand2823-0
155,HECQOV__ligand31783-0
156,HECQOV__ligand6995-0
157,HECQOV__ligand3180-0
158,HECQOV__ligand26665-0
159,HECQOV__ligand13012-0
160,HECQOV__ligand17631-0
161,HECQOV__ligand2281-0
162,HECQOV__ligand2650-0
163,HECQOV__ligand17258-0
164,HECQOV__ligand4340-0
165,HECQOV__ligand14603-0
166,HECQOV__ligand14297-0
167,HECQOV__ligand30988-0
168,HECQOV__ligand5415-0
169,HECQOV__ligand23713-0
170,HECQOV__ligand27175-0
171,HECQOV__ligand18832-0
172,HECQOV__ligand19641-0
173,HECQOV__ligand48-0
174,HECQOV__ligand4124-0
175,HECQOV__ligand3471-0
176,HECQOV__ligand4161-0
177,HECQOV__ligand20578-0
178,HECQOV__ligand12934-0
179,HECQOV__ligand15422-0
180,HECQOV__ligand338-0
181,HECQOV__ligand27893-0
182,HECQOV__ligand14723-0
183,HECQOV__ligand16628-0
184,HECQOV__ligand1113-0
185,HECQOV__ligand8553-0
186,HECQOV__ligand28468-0
187,HECQOV__ligand20740-0
188,HECQOV__ligand12427-0
189,HECQOV__ligand201-0
190,HECQOV__ligand91-0
191,HECQOV__ligand5201-0
192,HECQOV__ligand27460-0
193,HECQOV__ligand7566-0
194,HECQOV__ligand51-0
195,HECQOV__ligand12606-0
196,HECQOV__ligand30333-0
197,HECQOV__ligand2001-0
198,HECQOV__ligand321-0
199,HECQOV__ligand185-0
200,HECQOV__ligand29410-0
201,HECQOV__ligand9944-0
202,HECQOV__ligand12337-0
203,HECQOV__ligand8593-0
204,HECQOV__ligand26540-0
205,HECQOV__ligand279-0
206,HECQOV__ligand17281-0
207,HECQOV__ligand30296-0
208,HECQOV__ligand178-0
209,HECQOV__ligand13209-0
210,HECQOV__ligand19257-0
211,HECQOV__ligand9450-0
212,HECQOV__ligand497-0
213,HECQOV__ligand12660-0
214,HECQOV__ligand633-0
215,HECQOV__ligand1599-0
216,HECQOV__ligand31248-0
217,HECQOV__ligand2612-0
218,HECQOV__ligand25650-0
219,HECQOV__ligand2203-0
220,HECQOV__ligand5387-0
221,HECQOV__ligand1289-0
222,HECQOV__ligand11206-0
223,HECQOV__ligand23124-0
224,HECQOV__ligand25735-0
225,HECQOV__ligand12519-0
226,HECQOV__ligand1114-0
227,HECQOV__ligand30539-0
228,HECQOV__ligand692-0
229,HECQOV__ligand9284-0
230,HECQOV__ligand3126-0
231,HECQOV__ligand6391-0
232,HECQOV__ligand21132-0
233,HECQOV__ligand11166-0
234,HECQOV__ligand436-0
235,HECQOV__ligand23906-0
236,HECQOV__ligand2417-0
237,HECQOV__ligand12295-0
238,HECQOV__ligand27835-0
239,HECQOV__ligand8788-0
240,HECQOV__ligand1832-0
241,HECQOV__ligand326-0
242,HECQOV__ligand2043-0
243,HECQOV__ligand9943-0
244,HECQOV__ligand1228-0
245,HECQOV__ligand25575-0
246,HECQOV__ligand21787-0
247,HECQOV__ligand1604-0
248,HECQOV__ligand25689-0
249,HECQOV__ligand22981-0
250,HECQOV__ligand5180-0
251,HECQOV__ligand25805-0
252,HECQOV__ligand409-0
253,HECQOV__ligand361-0
254,HECQOV__ligand324-0
255,HECQOV__ligand20599-0
256,HECQOV__ligand27074-0
257,HECQOV__ligand11-0
258,HECQOV__ligand14523-0
259,HECQOV__ligand27169-0
260,HECQOV__ligand5708-0
261,HECQOV__ligand18391-0
262,HECQOV__ligand7316-0
263,HECQOV__ligand6017-0
264,HECQOV__ligand2124-0
265,HECQOV__ligand12467-0
266,HECQOV__ligand8612-0
267,HECQOV__ligand1153-0
268,HECQOV__ligand3225-0
269,HECQOV__ligand1116-0
270,HECQOV__ligand25267-0
271,HECQOV__ligand7092-0
272,HECQOV__ligand2260-0
273,HECQOV__ligand10084-0
274,HECQOV__ligand9323-0
275,HECQOV__ligand23904-0
276,HECQOV__ligand69-0
277,HECQOV__ligand7273-0
278,HECQOV__ligand13257-0
279,HECQOV__ligand21936-0
280,HECQOV__ligand7172-0
281,HECQOV__ligand29863-0
282,HECQOV__ligand13869-0
283,HECQOV__ligand4711-0
284,HECQOV__ligand3244-0
285,HECQOV__ligand18074-0
286,HECQOV__ligand199-0
287,HECQOV__ligand2906-0
288,HECQOV__ligand11140-0
289,HECQOV__ligand8793-0
290,HECQOV__ligand2788-0
291,HECQOV__ligand5649-0
292,HECQOV__ligand29610-0
293,HECQOV__ligand4649-0
294,HECQOV__ligand5159-0
295,HECQOV__ligand28668-0
296,HECQOV__ligand7196-0
297,HECQOV__ligand16791-0
298,HECQOV__ligand9753-0
299,HECQOV__ligand300-0
300,HECQOV__ligand5530-0
301,HECQOV__ligand1356-0
302,HECQOV__ligand1787-0
303,HECQOV__ligand18465-0
304,HECQOV__ligand3178-0
305,HECQOV__ligand18799-0
306,HECQOV__ligand588-0
307,HECQOV__ligand4807-0
308,HECQOV__ligand11568-0
309,HECQOV__ligand49-0
310,HECQOV__ligand17710-0
311,HECQOV__ligand20579-0
312,HECQOV__ligand6117-0
313,HECQOV__ligand1407-0
314,HECQOV__ligand5509-0
315,HECQOV__ligand8002-0
316,HECQOV__ligand14586-0
317,HECQOV__ligand11774-0
318,HECQOV__ligand7762-0
319,HECQOV__ligand5080-0
320,HECQOV__ligand21421-0
321,HECQOV__ligand19725-0
322,HECQOV__ligand670-0
323,HECQOV__ligand2238-0
324,HECQOV__ligand5304-0
325,HECQOV__ligand24613-0
326,HECQOV__ligand534-0
327,HECQOV__ligand9167-0
328,HECQOV__ligand571-0
329,HECQOV__ligand2822-0
330,HECQOV__ligand7293-0
331,HECQOV__ligand1317-0
332,HECQOV__ligand3867-0
333,HECQOV__ligand89-0
334,HECQOV__ligand10555-0
335,HECQOV__ligand31483-0
336,HECQOV__ligand5099-0
337,HECQOV__ligand8592-0
338,HECQOV__ligand12336-0
339,HECQOV__ligand1197-0
340,HECQOV__ligand13072-0
341,HECQOV__ligand2259-0
342,HECQOV__ligand1296-0
343,HECQOV__ligand5510-0
344,HECQOV__ligand1376-0
345,HECQOV__ligand9773-0
346,HECQOV__ligand18699-0
347,HECQOV__ligand12682-0
348,HECQOV__ligand430-0
349,HECQOV__ligand358-0
350,HECQOV__ligand488-0
351,HECQOV__ligand4101-0
352,HECQOV__ligand5595-0
353,HECQOV__ligand2221-0
354,HECQOV__ligand17590-0
355,HECQOV__ligand3120-0
356,HECQOV__ligand3926-0
357,HECQOV__ligand17240-0
358,HECQOV__ligand4358-0
359,HECQOV__ligand694-0
360,HECQOV__ligand2881-0
361,HECQOV__ligand1499-0
362,HECQOV__ligand3712-0
363,HECQOV__ligand24750-0
364,HECQOV__ligand1464-0
365,HECQOV__ligand17207-0
366,HECQOV__ligand31578-0
367,HECQOV__ligand696-0
368,HECQOV__ligand1211-0
369,HECQOV__ligand17945-0
370,HECQOV__ligand6892-0
371,HECQOV__ligand25224-0
372,HECQOV__ligand18013-0
373,HECQOV__ligand18703-0
374,HECQOV__ligand1294-0
375,HECQOV__ligand656-0
376,HECQOV__ligand1168-0
377,HECQOV__ligand3632-0
378,HECQOV__ligand3677-0
379,HECQOV__ligand29087-0
380,HECQOV__ligand6699-0
381,HECQOV__ligand17-0
382,HECQOV__ligand28924-0
383,HECQOV__ligand15438-0
384,HECQOV__ligand15168-0
385,HECQOV__ligand9299-0
386,HECQOV__ligand2985-0
387,HECQOV__ligand4007-0
388,HECQOV__ligand23589-0
389,HECQOV__ligand9883-0
390,HECQOV__ligand3677-1
391,HECQOV__ligand7291-0
392,HECQOV__ligand24064-0
393,HECQOV__ligand8000-0
394,HECQOV__ligand416-0
395,HECQOV__ligand3736-0
396,HECQOV__ligand383-0
397,HECQOV__ligand9344-0
398,HECQOV__ligand22755-0
399,HECQOV__ligand2693-0
400,HECQOV__ligand5383-0
401,HECQOV__ligand10432-0
402,HECQOV__ligand11432-0
403,HECQOV__ligand162-0
404,HECQOV__ligand31618-0
405,HECQOV__ligand3945-0
406,HECQOV__ligand29898-0
407,HECQOV__ligand26277-0
408,HECQOV__ligand226-0
409,HECQOV__ligand8721-0
410,HECQOV__ligand11622-0
411,HECQOV__ligand372-0
412,HECQOV__ligand1324-0
413,HECQOV__ligand16870-0
414,HECQOV__ligand830-0
415,HECQOV__ligand1823-0
416,HECQOV__ligand5643-0
417,HECQOV__ligand1615-0
418,HECQOV__ligand5036-0
419,HECQOV__ligand2526-0
420,HECQOV__ligand16603-0
421,HECQOV__ligand193-0
422,HECQOV__ligand11814-0
423,HECQOV__ligand9111-0
424,HECQOV__ligand9952-0
425,HECQOV__ligand252-0
426,HECQOV__ligand9601-0
427,HECQOV__ligand25658-0
428,HECQOV__ligand17686-0
429,HECQOV__ligand31205-0
430,HECQOV__ligand116-0
431,HECQOV__ligand8992-0
432,HECQOV__ligand4116-0
433,HECQOV__ligand1018-0
434,HECQOV__ligand15455-0
435,HECQOV__ligand7967-0
436,HECQOV__ligand3707-0
437,HECQOV__ligand6124-0
438,HECQOV__ligand11177-0
439,HECQOV__ligand18067-0
440,HECQOV__ligand19824-0
441,HECQOV__ligand177-0
442,HECQOV__ligand2915-0
443,HECQOV__ligand3156-0
444,HECQOV__ligand13260-0
445,HECQOV__ligand1378-0
446,HECQOV__ligand10582-0
447,HECQOV__ligand11252-0
448,HECQOV__ligand6244-0
449,HECQOV__ligand31000-0
450,HECQOV__ligand2332-0
451,HECQOV__ligand9441-0
452,HECQOV__ligand11606-0
453,HECQOV__ligand9933-0
454,HECQOV__ligand1530-0
455,HECQOV__ligand1575-0
456,HECQOV__ligand20821-0
457,HECQOV__ligand1631-0
458,HECQOV__ligand26673-0
459,HECQOV__ligand909-0
460,HECQOV__ligand311-0
461,HECQOV__ligand785-0
462,HECQOV__ligand479-0
463,HECQOV__ligand24-0
464,HECQOV__ligand19668-0
465,HECQOV__ligand19906-0
466,HECQOV__ligand4620-0
467,HECQOV__ligand370-1
468,HECQOV__ligand620-0
469,HECQOV__ligand6067-0
470,HECQOV__ligand1577-0
471,HECQOV__ligand2295-0
472,HECQOV__ligand22353-0
473,HECQOV__ligand564-0
474,HECQOV__ligand7819-0
475,HECQOV__ligand2917-0
476,HECQOV__ligand188-0
477,HECQOV__ligand3465-0
478,HECQOV__ligand19-0
479,HECQOV__ligand6904-0
480,HECQOV__ligand3721-0
481,HECQOV__ligand6596-0
482,HECQOV__ligand6102-0
483,HECQOV__ligand10151-0
484,HECQOV__ligand3234-0
485,HECQOV__ligand1142-0
486,HECQOV__ligand16952-0
487,HECQOV__ligand29813-0
488,HECQOV__ligand250-0
489,HECQOV__ligand15387-0
490,HECQOV__ligand2028-0
491,HECQOV__ligand8835-0
492,HECQOV__ligand20121-0
493,HECQOV__ligand7126-0
494,HECQOV__ligand20220-0
495,HECQOV__ligand78-0
496,HECQOV__ligand11698-0
497,HECQOV__ligand4641-0
498,HECQOV__ligand20530-0
499,HECQOV__ligand14347-0
500,HECQOV__ligand13657-0
501,HECQOV__ligand14302-0
502,HECQOV__ligand45-0
503,HECQOV__ligand24851-0
504,HECQOV__ligand370-0
505,HECQOV__ligand10853-0
506,HECQOV__ligand29441-0
507,HECQOV__ligand11479-0
508,HECQOV__ligand10479-0
509,HECQOV__ligand27610-0
510,HECQOV__ligand18158-0
511,HECQOV__ligand27771-0
512,HECQOV__ligand3094-0
513,HECQOV__ligand4155-0
514,HECQOV__ligand29565-0
515,HECQOV__ligand421-0
516,HECQOV__ligand5211-0
517,HECQOV__ligand23682-0
518,HECQOV__ligand8969-0
519,HECQOV__ligand1202-0
520,HECQOV__ligand3937-0
521,HECQOV__ligand3174-0
522,HECQOV__ligand3131-0
523,HECQOV__ligand685-0
524,HECQOV__ligand6839-0
525,HECQOV__ligand4720-0
526,HECQOV__ligand21339-0
527,HECQOV__ligand14226-0
528,HECQOV__ligand16956-0
529,HECQOV__ligand20942-1
530,HECQOV__ligand294-0
531,HECQOV__ligand3565-0
532,HECQOV__ligand1512-0
533,HECQOV__ligand3-0
534,HECQOV__ligand27550-0
535,HECQOV__ligand5331-0
536,HECQOV__ligand3852-0
537,HECQOV__ligand2485-0
538,HECQOV__ligand18019-1
539,HECQOV__ligand6919-0
540,HECQOV__ligand14007-0
541,HECQOV__ligand1536-0
542,HECQOV__ligand11758-0
543,HECQOV__ligand1573-0
544,HECQOV__ligand22357-0
545,HECQOV__ligand9935-0
546,HECQOV__ligand560-0
547,HECQOV__ligand3504-0
548,HECQOV__ligand1959-0
549,HECQOV__ligand21448-0
550,HECQOV__ligand11501-0
551,HECQOV__ligand11544-0
552,HECQOV__ligand4661-0
553,HECQOV__ligand1844-0
554,HECQOV__ligand29214-0
555,HECQOV__ligand3718-0
556,HECQOV__ligand3035-0
557,HECQOV__ligand3876-0
558,HECQOV__ligand1343-0
559,HECQOV__ligand6616-0
560,HECQOV__ligand7106-0
561,HECQOV__ligand17445-0
562,HECQOV__ligand17069-0
563,HECQOV__ligand7242-0
564,HECQOV__ligand14477-0
565,HECQOV__ligand134-0
566,HECQOV__ligand11798-0
567,HECQOV__ligand29334-0
568,HECQOV__ligand235-0
569,HECQOV__ligand12413-0
570,HECQOV__ligand20731-0
571,HECQOV__ligand1263-0
572,HECQOV__ligand9908-0
573,HECQOV__ligand9784-0
574,HECQOV__ligand868-0
575,HECQOV__ligand7629-0
576,HECQOV__ligand25048-0
577,HECQOV__ligand1451-0
578,HECQOV__ligand21940-0
579,HECQOV__ligand4272-0
580,HECQOV__ligand24953-0
581,HECQOV__ligand4442-0
582,HECQOV__ligand4093-0
583,HECQOV__ligand23445-0
584,HECQOV__ligand3954-0
585,HECQOV__ligand20432-0
586,HECQOV__ligand27122-0
587,HECQOV__ligand8699-0
588,HECQOV__ligand1160-0
589,HECQOV__ligand16133-0
590,HECQOV__ligand13755-0
591,HECQOV__ligand9520-0
592,HECQOV__ligand4016-0
593,HECQOV__ligand6709-0
594,HECQOV__ligand1219-0
595,HECQOV__ligand7867-0
596,HECQOV__ligand1790-0
597,HECQOV__ligand1304-0
598,HECQOV__ligand7280-0
599,HECQOV__ligand783-0
600,HECQOV__ligand352-0
601,HECQOV__ligand30004-0
602,HECQOV__ligand20557-0
603,HECQOV__ligand7238-0
604,HECQOV__ligand67-0
605,HECQOV__ligand24624-0
606,HECQOV__ligand1982-0
607,HECQOV__ligand1-0
608,HECQOV__ligand18413-0
609,HECQOV__ligand7000-0
610,HECQOV__ligand20844-0
611,HECQOV__ligand8115-0
612,HECQOV__ligand197-0
613,HECQOV__ligand6768-0
614,HECQOV__ligand1285-0
615,HECQOV__ligand24560-0
616,HECQOV__ligand18757-0
617,HECQOV__ligand43-0
618,HECQOV__ligand4503-0
619,HECQOV__ligand4546-0
620,HECQOV__ligand5256-0
621,HECQOV__ligand13691-0
622,HECQOV__ligand9833-0
623,HECQOV__ligand2828-0
624,HECQOV__ligand30788-0
625,HECQOV__ligand8876-0
626,HECQOV__ligand7648-0
627,HECQOV__ligand14339-0
628,HECQOV__ligand4157-0
629,HECQOV__ligand2232-0
630,HECQOV__ligand9291-0
631,HECQOV__ligand2176-0
632,HECQOV__ligand21752-0
633,HECQOV__ligand1712-0
634,HECQOV__ligand18-0
635,HECQOV__ligand4131-0
636,HECQOV__ligand395-0
637,HECQOV__ligand368-0
638,HECQOV__ligand19184-0
639,HECQOV__ligand12453-0
640,HECQOV__ligand18448-0
641,HECQOV__ligand5892-0
642,HECQOV__ligand5094-0
643,HECQOV__ligand28459-0
644,HECQOV__ligand10371-0
645,HECQOV__ligand1533-0
646,HECQOV__ligand18568-0
647,HECQOV__ligand28685-0
648,HECQOV__ligand784-0
649,HECQOV__ligand13672-0
650,HECQOV__ligand1496-0
651,HECQOV__ligand7557-0
652,HECQOV__ligand2208-0
653,HECQOV__ligand3208-0
654,HECQOV__ligand29029-0
655,HECQOV__ligand27285-0
656,HECQOV__ligand3350-0
657,HECQOV__ligand2781-0
658,HECQOV__ligand7573-0
659,HECQOV__ligand833-0
660,HECQOV__ligand1327-0
661,HECQOV__ligand6672-0
662,HECQOV__ligand9809-0
663,HECQOV__ligand23197-0
664,HECQOV__ligand8722-0
665,HECQOV__ligand3029-0
666,HECQOV__ligand7162-0
667,HECQOV__ligand2328-0
668,HECQOV__ligand4581-0
669,HECQOV__ligand1773-0
670,HECQOV__ligand30142-0
671,HECQOV__ligand1900-0
672,HECQOV__ligand115-0
673,HECQOV__ligand9197-0
674,HECQOV__ligand27669-0
675,HECQOV__ligand13477-0
676,HECQOV__ligand14167-0
677,HECQOV__ligand4911-0
678,HECQOV__ligand1771-0
679,HECQOV__ligand15883-0
680,HECQOV__ligand3392-0
681,HECQOV__ligand11970-0
682,HECQOV__ligand15926-0
683,HECQOV__ligand10828-0
684,HECQOV__ligand19792-0
685,HECQOV__ligand11447-0
686,HECQOV__ligand152-0
687,HECQOV__ligand11096-0
688,HECQOV__ligand28810-0
689,HECQOV__ligand5849-0
690,HECQOV__ligand24230-0
691,HECQOV__ligand2527-0
692,HECQOV__ligand28743-0
693,HECQOV__ligand15531-0
694,HECQOV__ligand11357-0
695,HECQOV__ligand13862-0
696,HECQOV__ligand4-0
697,HECQOV__ligand12365-0
698,HECQOV__ligand10056-0
699,HECQOV__ligand506-0
700,HECQOV__ligand21919-0
701,HECQOV__ligand8464-0
702,HECQOV__ligand22168-0
703,HECQOV__ligand28930-0
704,HECQOV__ligand1709-0
705,HECQOV__ligand22294-0
706,HECQOV__ligand8349-0
707,HECQOV__ligand1688-0
708,HECQOV__ligand14614-0
709,HECQOV__ligand3647-0
710,HECQOV__ligand5357-0
711,HECQOV__ligand16663-0
712,HECQOV__ligand4850-0
713,HECQOV__ligand5056-0
714,HECQOV__ligand31044-0
715,HECQOV__ligand31842-0
716,HECQOV__ligand1768-0
717,HECQOV__ligand487-0
718,HECQOV__ligand11994-0
719,HECQOV__ligand24035-0
720,HECQOV__ligand3871-0
721,HECQOV__ligand1469-0
722,HECQOV__ligand447-0
723,HECQOV__ligand1379-0
724,HECQOV__ligand2722-0
725,HECQOV__ligand746-0
726,HECQOV__ligand11682-0
727,HECQOV__ligand5935-0
728,HECQOV__ligand20207-0
729,HECQOV__ligand30711-0
730,HECQOV__ligand1165-0
731,HECQOV__ligand9525-0
732,HECQOV__ligand176-0
733,HECQOV__ligand25913-0
734,HECQOV__ligand3157-0
735,HECQOV__ligand16988-0
736,HECQOV__ligand24872-0
737,HECQOV__ligand2830-0
738,HECQOV__ligand353-0
739,HECQOV__ligand27840-0
740,HECQOV__ligand5627-0
741,HECQOV__ligand30728-0
742,HECQOV__ligand66-0
743,HECQOV__ligand1729-0
744,HECQOV__ligand12001-0
745,HECQOV__ligand5483-0
746,HECQOV__ligand10033-0
747,HECQOV__ligand24644-0
748,HECQOV__ligand5316-0
749,HECQOV__ligand22444-0
750,HECQOV__ligand9148-0
751,HECQOV__ligand24111-0
752,HECQOV__ligand14569-0
753,HECQOV__ligand13385-0
754,HECQOV__ligand393-0
755,HECQOV__ligand17396-0
756,HECQOV__ligand7529-0
757,HECQOV__ligand15788-0
758,HECQOV__ligand23175-0
759,HECQOV__ligand11587-0
760,HECQOV__ligand13220-0
761,HECQOV__ligand1415-0
762,HECQOV__ligand6946-0
763,HECQOV__ligand29486-0
764,HECQOV__ligand6455-0
765,HECQOV__ligand6882-0
766,HECQOV__ligand686-0
767,HECQOV__ligand3934-0
768,HECQOV__ligand31694-0
769,HECQOV__ligand422-0
770,HECQOV__ligand17427-0
771,HECQOV__ligand2403-0
772,HECQOV__ligand22129-0
773,HECQOV__ligand42-0
774,HECQOV__ligand24780-0
775,HECQOV__ligand1065-0
776,HECQOV__ligand7530-0
777,HECQOV__ligand12138-0
778,HECQOV__ligand1449-0
779,HECQOV__ligand11949-0
780,HECQOV__ligand3012-0
781,HECQOV__ligand4332-0
782,HECQOV__ligand196-0
783,HECQOV__ligand25561-0
784,HECQOV__ligand9681-0
785,HECQOV__ligand4194-0
786,HECQOV__ligand26324-0
787,HECQOV__ligand28559-0
788,HECQOV__ligand14043-0
789,HECQOV__ligand19927-0
790,HECQOV__ligand7532-0
791,HECQOV__ligand314-1
792,HECQOV__ligand2599-0
793,HECQOV__ligand27239-0
794,HECQOV__ligand21729-0
795,HECQOV__ligand4330-0
796,HECQOV__ligand3973-0
797,HECQOV__ligand26529-0
798,HECQOV__ligand1147-0
799,HECQOV__ligand38-0
800,HECQOV__ligand465-0
801,HECQOV__ligand2068-0
802,HECQOV__ligand7925-0
803,HECQOV__ligand11618-0
804,HECQOV__ligand3215-0
805,HECQOV__ligand618-0
806,HECQOV__ligand22403-0
807,HECQOV__ligand7107-0
808,HECQOV__ligand16369-0
809,HECQOV__ligand11111-0
810,HECQOV__ligand28540-0
811,HECQOV__ligand27754-0
812,HECQOV__ligand20695-0
813,HECQOV__ligand391-0
814,HECQOV__ligand813-0
815,HECQOV__ligand780-0
816,HECQOV__ligand29215-0
817,HECQOV__ligand314-0
818,HECQOV__ligand6283-0
819,HECQOV__ligand6062-0
820,HECQOV__ligand10872-0
821,HECQOV__ligand21399-0
822,HECQOV__ligand16148-0
823,HECQOV__ligand26631-0
824,HECQOV__ligand4813-0
825,HECQOV__ligand5813-0
826,HECQOV__ligand12003-0
827,HECQOV__ligand4738-0
