,TMC
0,KAKBON__ligand1982-0
1,KAKBON__ligand7000-0
2,KAKBON__ligand11456-0
3,KAKBON__ligand8115-0
4,KAKBON__ligand6768-0
5,KAKBON__ligand10712-0
6,KAKBON__ligand1285-0
7,KAKBON__ligand14174-0
8,KAKBON__ligand353-0
9,KAKBON__ligand25411-0
10,KAKBON__ligand4503-0
11,KAKBON__ligand4546-0
12,KAKBON__ligand13294-0
13,KAKBON__ligand5256-0
14,KAKBON__ligand9833-0
15,KAKBON__ligand8876-0
16,KAKBON__ligand2828-0
17,KAKBON__ligand7648-0
18,KAKBON__ligand31832-0
19,KAKBON__ligand393-0
20,KAKBON__ligand4157-0
21,KAKBON__ligand13331-0
22,KAKBON__ligand2232-0
23,KAKBON__ligand28884-0
24,KAKBON__ligand9291-0
25,KAKBON__ligand14248-0
26,KAKBON__ligand29879-0
27,KAKBON__ligand2176-0
28,KAKBON__ligand12030-0
29,KAKBON__ligand9784-0
30,KAKBON__ligand13208-0
31,KAKBON__ligand422-0
32,KAKBON__ligand27482-0
33,KAKBON__ligand7629-0
34,KAKBON__ligand26810-0
35,KAKBON__ligand1451-0
36,KAKBON__ligand4272-0
37,KAKBON__ligand4093-0
38,KAKBON__ligand4442-0
39,KAKBON__ligand3954-0
40,KAKBON__ligand8699-0
41,KAKBON__ligand1160-0
42,KAKBON__ligand9520-0
43,KAKBON__ligand686-0
44,KAKBON__ligand8-0
45,KAKBON__ligand196-0
46,KAKBON__ligand4016-0
47,KAKBON__ligand1219-0
48,KAKBON__ligand6709-0
49,KAKBON__ligand7867-0
50,KAKBON__ligand13390-0
51,KAKBON__ligand1790-0
52,KAKBON__ligand1304-0
53,KAKBON__ligand7280-0
54,KAKBON__ligand20682-0
55,KAKBON__ligand7238-0
56,KAKBON__ligand1536-0
57,KAKBON__ligand1573-0
58,KAKBON__ligand314-1
59,KAKBON__ligand9935-0
60,KAKBON__ligand17261-0
61,KAKBON__ligand3504-0
62,KAKBON__ligand14117-0
63,KAKBON__ligand1959-0
64,KAKBON__ligand31097-0
65,KAKBON__ligand21581-0
66,KAKBON__ligand1844-0
67,KAKBON__ligand4661-0
68,KAKBON__ligand20214-0
69,KAKBON__ligand30702-0
70,KAKBON__ligand20251-0
71,KAKBON__ligand3718-0
72,KAKBON__ligand3876-0
73,KAKBON__ligand1343-0
74,KAKBON__ligand3035-0
75,KAKBON__ligand20539-0
76,KAKBON__ligand6616-0
77,KAKBON__ligand45-0
78,KAKBON__ligand7106-0
79,KAKBON__ligand30851-0
80,KAKBON__ligand14889-0
81,KAKBON__ligand78-0
82,KAKBON__ligand7242-0
83,KAKBON__ligand29568-0
84,KAKBON__ligand465-0
85,KAKBON__ligand28789-0
86,KAKBON__ligand17118-0
87,KAKBON__ligand21371-0
88,KAKBON__ligand20419-0
89,KAKBON__ligand9908-0
90,KAKBON__ligand1263-0
91,KAKBON__ligand10589-0
92,KAKBON__ligand22557-0
93,KAKBON__ligand24047-0
94,KAKBON__ligand11675-0
95,KAKBON__ligand20598-0
96,KAKBON__ligand4155-0
97,KAKBON__ligand3094-0
98,KAKBON__ligand17398-0
99,KAKBON__ligand19-0
100,KAKBON__ligand391-0
101,KAKBON__ligand5211-0
102,KAKBON__ligand618-0
103,KAKBON__ligand8969-0
104,KAKBON__ligand3174-0
105,KAKBON__ligand1202-0
106,KAKBON__ligand3937-0
107,KAKBON__ligand3131-0
108,KAKBON__ligand6839-0
109,KAKBON__ligand29414-0
110,KAKBON__ligand4720-0
111,KAKBON__ligand17982-0
112,KAKBON__ligand17278-0
113,KAKBON__ligand20011-0
114,KAKBON__ligand3565-0
115,KAKBON__ligand20251-1
116,KAKBON__ligand1512-0
117,KAKBON__ligand5331-0
118,KAKBON__ligand3852-0
119,KAKBON__ligand2485-0
120,KAKBON__ligand24-0
121,KAKBON__ligand813-0
122,KAKBON__ligand6919-0
123,KAKBON__ligand14703-0
124,KAKBON__ligand16475-0
125,KAKBON__ligand314-0
126,KAKBON__ligand780-0
127,KAKBON__ligand29410-0
128,KAKBON__ligand12337-0
129,KAKBON__ligand1142-0
130,KAKBON__ligand3234-0
131,KAKBON__ligand26540-0
132,KAKBON__ligand17281-0
133,KAKBON__ligand30296-0
134,KAKBON__ligand8835-0
135,KAKBON__ligand2028-0
136,KAKBON__ligand395-0
137,KAKBON__ligand7126-0
138,KAKBON__ligand12606-0
139,KAKBON__ligand30333-0
140,KAKBON__ligand368-0
141,KAKBON__ligand4641-0
142,KAKBON__ligand784-0
143,KAKBON__ligand27460-0
144,KAKBON__ligand16628-0
145,KAKBON__ligand28468-0
146,KAKBON__ligand20740-0
147,KAKBON__ligand12427-0
148,KAKBON__ligand19641-0
149,KAKBON__ligand833-0
150,KAKBON__ligand20578-0
151,KAKBON__ligand12934-0
152,KAKBON__ligand15422-0
153,KAKBON__ligand27893-0
154,KAKBON__ligand4620-0
155,KAKBON__ligand14723-0
156,KAKBON__ligand30988-0
157,KAKBON__ligand1577-0
158,KAKBON__ligand6067-0
159,KAKBON__ligand2295-0
160,KAKBON__ligand23713-0
161,KAKBON__ligand27175-0
162,KAKBON__ligand18832-0
163,KAKBON__ligand26665-0
164,KAKBON__ligand7819-0
165,KAKBON__ligand115-0
166,KAKBON__ligand13012-0
167,KAKBON__ligand2917-0
168,KAKBON__ligand17631-0
169,KAKBON__ligand17258-0
170,KAKBON__ligand14603-0
171,KAKBON__ligand14297-0
172,KAKBON__ligand3465-0
173,KAKBON__ligand31783-0
174,KAKBON__ligand6596-0
175,KAKBON__ligand3721-0
176,KAKBON__ligand6904-0
177,KAKBON__ligand6102-0
178,KAKBON__ligand25178-0
179,KAKBON__ligand23769-0
180,KAKBON__ligand2915-0
181,KAKBON__ligand3156-0
182,KAKBON__ligand152-0
183,KAKBON__ligand24185-0
184,KAKBON__ligand1378-0
185,KAKBON__ligand17805-0
186,KAKBON__ligand17302-0
187,KAKBON__ligand6244-0
188,KAKBON__ligand12231-0
189,KAKBON__ligand2332-0
190,KAKBON__ligand9441-0
191,KAKBON__ligand17387-0
192,KAKBON__ligand12130-0
193,KAKBON__ligand43-0
194,KAKBON__ligand26702-0
195,KAKBON__ligand13658-0
196,KAKBON__ligand18292-0
197,KAKBON__ligand12289-0
198,KAKBON__ligand13068-0
199,KAKBON__ligand19830-0
200,KAKBON__ligand9933-0
201,KAKBON__ligand1530-0
202,KAKBON__ligand10476-0
203,KAKBON__ligand1575-0
204,KAKBON__ligand24145-0
205,KAKBON__ligand506-0
206,KAKBON__ligand12401-0
207,KAKBON__ligand1631-0
208,KAKBON__ligand15585-0
209,KAKBON__ligand8721-0
210,KAKBON__ligand487-0
211,KAKBON__ligand27763-0
212,KAKBON__ligand28676-0
213,KAKBON__ligand1324-0
214,KAKBON__ligand10262-0
215,KAKBON__ligand67-0
216,KAKBON__ligand1823-0
217,KAKBON__ligand5643-0
218,KAKBON__ligand1615-0
219,KAKBON__ligand29302-0
220,KAKBON__ligand13425-0
221,KAKBON__ligand2526-0
222,KAKBON__ligand5036-0
223,KAKBON__ligand19057-0
224,KAKBON__ligand9952-0
225,KAKBON__ligand9111-0
226,KAKBON__ligand18814-0
227,KAKBON__ligand9601-0
228,KAKBON__ligand176-0
229,KAKBON__ligand8992-0
230,KAKBON__ligand14108-0
231,KAKBON__ligand4116-0
232,KAKBON__ligand1018-0
233,KAKBON__ligand10958-0
234,KAKBON__ligand447-0
235,KAKBON__ligand7967-0
236,KAKBON__ligand3707-0
237,KAKBON__ligand12641-0
238,KAKBON__ligand6124-0
239,KAKBON__ligand746-0
240,KAKBON__ligand18465-0
241,KAKBON__ligand685-0
242,KAKBON__ligand3215-0
243,KAKBON__ligand18799-0
244,KAKBON__ligand7107-0
245,KAKBON__ligand28668-0
246,KAKBON__ligand16791-0
247,KAKBON__ligand421-0
248,KAKBON__ligand11140-0
249,KAKBON__ligand6283-0
250,KAKBON__ligand29610-0
251,KAKBON__ligand6062-0
252,KAKBON__ligand29863-0
253,KAKBON__ligand13869-0
254,KAKBON__ligand294-0
255,KAKBON__ligand18074-0
256,KAKBON__ligand4813-0
257,KAKBON__ligand5813-0
258,KAKBON__ligand4738-0
259,KAKBON__ligand4194-0
260,KAKBON__ligand23904-0
261,KAKBON__ligand7532-0
262,KAKBON__ligand13257-0
263,KAKBON__ligand21936-0
264,KAKBON__ligand560-0
265,KAKBON__ligand12467-0
266,KAKBON__ligand2599-0
267,KAKBON__ligand25267-0
268,KAKBON__ligand4330-0
269,KAKBON__ligand10084-0
270,KAKBON__ligand14523-0
271,KAKBON__ligand3973-0
272,KAKBON__ligand27169-0
273,KAKBON__ligand18391-0
274,KAKBON__ligand134-0
275,KAKBON__ligand1147-0
276,KAKBON__ligand235-0
277,KAKBON__ligand22981-0
278,KAKBON__ligand25805-0
279,KAKBON__ligand20599-0
280,KAKBON__ligand27074-0
281,KAKBON__ligand18-0
282,KAKBON__ligand2068-0
283,KAKBON__ligand7925-0
284,KAKBON__ligand6455-0
285,KAKBON__ligand6882-0
286,KAKBON__ligand25575-0
287,KAKBON__ligand21787-0
288,KAKBON__ligand25689-0
289,KAKBON__ligand3934-0
290,KAKBON__ligand868-0
291,KAKBON__ligand12295-0
292,KAKBON__ligand27835-0
293,KAKBON__ligand2403-0
294,KAKBON__ligand783-0
295,KAKBON__ligand352-0
296,KAKBON__ligand21132-0
297,KAKBON__ligand1065-0
298,KAKBON__ligand7530-0
299,KAKBON__ligand11166-0
300,KAKBON__ligand23906-0
301,KAKBON__ligand1449-0
302,KAKBON__ligand3012-0
303,KAKBON__ligand4332-0
304,KAKBON__ligand30539-0
305,KAKBON__ligand9681-0
306,KAKBON__ligand2830-0
307,KAKBON__ligand11206-0
308,KAKBON__ligand23124-0
309,KAKBON__ligand5627-0
310,KAKBON__ligand25735-0
311,KAKBON__ligand1729-0
312,KAKBON__ligand12519-0
313,KAKBON__ligand197-0
314,KAKBON__ligand5483-0
315,KAKBON__ligand5316-0
316,KAKBON__ligand9148-0
317,KAKBON__ligand31248-0
318,KAKBON__ligand25650-0
319,KAKBON__ligand7529-0
320,KAKBON__ligand13209-0
321,KAKBON__ligand19257-0
322,KAKBON__ligand1415-0
323,KAKBON__ligand6946-0
324,KAKBON__ligand12660-0
325,KAKBON__ligand22755-0
326,KAKBON__ligand1688-0
327,KAKBON__ligand10432-0
328,KAKBON__ligand3647-0
329,KAKBON__ligand11432-0
330,KAKBON__ligand5357-0
331,KAKBON__ligand31618-0
332,KAKBON__ligand29898-0
333,KAKBON__ligand193-0
334,KAKBON__ligand26277-0
335,KAKBON__ligand4850-0
336,KAKBON__ligand5056-0
337,KAKBON__ligand372-0
338,KAKBON__ligand1768-0
339,KAKBON__ligand3871-0
340,KAKBON__ligand42-0
341,KAKBON__ligand830-0
342,KAKBON__ligand1469-0
343,KAKBON__ligand1379-0
344,KAKBON__ligand23589-0
345,KAKBON__ligand2722-0
346,KAKBON__ligand24064-0
347,KAKBON__ligand5935-0
348,KAKBON__ligand1165-0
349,KAKBON__ligand9525-0
350,KAKBON__ligand15168-0
351,KAKBON__ligand252-0
352,KAKBON__ligand3157-0
353,KAKBON__ligand116-0
354,KAKBON__ligand4911-0
355,KAKBON__ligand1771-0
356,KAKBON__ligand3392-0
357,KAKBON__ligand28924-0
358,KAKBON__ligand15438-0
359,KAKBON__ligand18703-0
360,KAKBON__ligand177-0
361,KAKBON__ligand5849-0
362,KAKBON__ligand29087-0
363,KAKBON__ligand17207-0
364,KAKBON__ligand31578-0
365,KAKBON__ligand2527-0
366,KAKBON__ligand17945-0
367,KAKBON__ligand909-0
368,KAKBON__ligand25224-0
369,KAKBON__ligand18013-0
370,KAKBON__ligand66-0
371,KAKBON__ligand8464-0
372,KAKBON__ligand24750-0
373,KAKBON__ligand1709-0
374,KAKBON__ligand8349-0
375,KAKBON__ligand620-0
376,KAKBON__ligand17590-0
377,KAKBON__ligand370-1
378,KAKBON__ligand2208-0
379,KAKBON__ligand564-0
380,KAKBON__ligand3208-0
381,KAKBON__ligand17240-0
382,KAKBON__ligand3350-0
383,KAKBON__ligand18699-0
384,KAKBON__ligand12682-0
385,KAKBON__ligand2781-0
386,KAKBON__ligand479-0
387,KAKBON__ligand7573-0
388,KAKBON__ligand785-0
389,KAKBON__ligand311-0
390,KAKBON__ligand1327-0
391,KAKBON__ligand9809-0
392,KAKBON__ligand6672-0
393,KAKBON__ligand8722-0
394,KAKBON__ligand3029-0
395,KAKBON__ligand7162-0
396,KAKBON__ligand2328-0
397,KAKBON__ligand4581-0
398,KAKBON__ligand1773-0
399,KAKBON__ligand188-0
400,KAKBON__ligand1900-0
401,KAKBON__ligand12336-0
402,KAKBON__ligand9197-0
403,KAKBON__ligand13072-0
404,KAKBON__ligand1712-0
405,KAKBON__ligand4131-0
406,KAKBON__ligand10555-0
407,KAKBON__ligand31483-0
408,KAKBON__ligand38-0
409,KAKBON__ligand19725-0
410,KAKBON__ligand5892-0
411,KAKBON__ligand5094-0
412,KAKBON__ligand24613-0
413,KAKBON__ligand250-0
414,KAKBON__ligand14586-0
415,KAKBON__ligand11774-0
416,KAKBON__ligand1533-0
417,KAKBON__ligand21421-0
418,KAKBON__ligand11568-0
419,KAKBON__ligand17710-0
420,KAKBON__ligand20579-0
421,KAKBON__ligand370-0
422,KAKBON__ligand1496-0
423,KAKBON__ligand7557-0
424,KAKBON__ligand1113-0
425,KAKBON__ligand10853-0
426,KAKBON__ligand29441-0
427,KAKBON__ligand8553-0
428,KAKBON__ligand11479-0
429,KAKBON__ligand10479-0
430,KAKBON__ligand27610-0
431,KAKBON__ligand11698-0
432,KAKBON__ligand20530-0
433,KAKBON__ligand14347-0
434,KAKBON__ligand13657-0
435,KAKBON__ligand5201-0
436,KAKBON__ligand14302-0
437,KAKBON__ligand24851-0
438,KAKBON__ligand7566-0
439,KAKBON__ligand15387-0
440,KAKBON__ligand20121-0
441,KAKBON__ligand2001-0
442,KAKBON__ligand34-0
443,KAKBON__ligand20220-0
444,KAKBON__ligand9944-0
445,KAKBON__ligand670-0
446,KAKBON__ligand8593-0
447,KAKBON__ligand16952-0
448,KAKBON__ligand29813-0
449,KAKBON__ligand571-0
450,KAKBON__ligand534-0
451,KAKBON__ligand3-0
452,KAKBON__ligand55-0
453,KAKBON__ligand2823-0
454,KAKBON__ligand10151-0
455,KAKBON__ligand6995-0
456,KAKBON__ligand3180-0
457,KAKBON__ligand2650-0
458,KAKBON__ligand2281-0
459,KAKBON__ligand4340-0
460,KAKBON__ligand5415-0
461,KAKBON__ligand694-0
462,KAKBON__ligand22353-0
463,KAKBON__ligand4124-0
464,KAKBON__ligand4161-0
465,KAKBON__ligand3471-0
466,KAKBON__ligand358-0
467,KAKBON__ligand430-0
468,KAKBON__ligand488-0
469,KAKBON__ligand19668-0
470,KAKBON__ligand19906-0
471,KAKBON__ligand68-0
472,KAKBON__ligand2692-0
473,KAKBON__ligand696-0
474,KAKBON__ligand20821-0
475,KAKBON__ligand1618-0
476,KAKBON__ligand26673-0
477,KAKBON__ligand31000-0
478,KAKBON__ligand4262-0
479,KAKBON__ligand1028-0
480,KAKBON__ligand11606-0
481,KAKBON__ligand13260-0
482,KAKBON__ligand1050-0
483,KAKBON__ligand1015-0
484,KAKBON__ligand10582-0
485,KAKBON__ligand2027-0
486,KAKBON__ligand57-0
487,KAKBON__ligand11252-0
488,KAKBON__ligand18067-0
489,KAKBON__ligand656-0
490,KAKBON__ligand19824-0
491,KAKBON__ligand15455-0
492,KAKBON__ligand11177-0
493,KAKBON__ligand8529-0
494,KAKBON__ligand1-0
495,KAKBON__ligand25658-0
496,KAKBON__ligand17686-0
497,KAKBON__ligand1169-0
498,KAKBON__ligand31205-0
499,KAKBON__ligand162-0
500,KAKBON__ligand9615-0
501,KAKBON__ligand16603-0
502,KAKBON__ligand226-0
503,KAKBON__ligand1154-0
504,KAKBON__ligand11814-0
505,KAKBON__ligand4596-0
506,KAKBON__ligand11622-0
507,KAKBON__ligand416-0
508,KAKBON__ligand1498-0
509,KAKBON__ligand16870-0
510,KAKBON__ligand383-0
511,KAKBON__ligand633-0
512,KAKBON__ligand4063-0
513,KAKBON__ligand21752-0
514,KAKBON__ligand7438-0
515,KAKBON__ligand8200-0
516,KAKBON__ligand13691-0
517,KAKBON__ligand30788-0
518,KAKBON__ligand14339-0
519,KAKBON__ligand497-0
520,KAKBON__ligand32-0
521,KAKBON__ligand3042-0
522,KAKBON__ligand4207-0
523,KAKBON__ligand3416-0
524,KAKBON__ligand3453-0
525,KAKBON__ligand24624-0
526,KAKBON__ligand18413-0
527,KAKBON__ligand20844-0
528,KAKBON__ligand1150-0
529,KAKBON__ligand24560-0
530,KAKBON__ligand1539-0
531,KAKBON__ligand18757-0
532,KAKBON__ligand436-0
533,KAKBON__ligand4167-0
534,KAKBON__ligand30004-0
535,KAKBON__ligand20557-0
536,KAKBON__ligand9491-0
537,KAKBON__ligand4266-0
538,KAKBON__ligand1400-0
539,KAKBON__ligand692-0
540,KAKBON__ligand1288-0
541,KAKBON__ligand1149-0
542,KAKBON__ligand24953-0
543,KAKBON__ligand23445-0
544,KAKBON__ligand3557-0
545,KAKBON__ligand3980-0
546,KAKBON__ligand20432-0
547,KAKBON__ligand27122-0
548,KAKBON__ligand13755-0
549,KAKBON__ligand16133-0
550,KAKBON__ligand7075-0
551,KAKBON__ligand16-0
552,KAKBON__ligand9750-0
553,KAKBON__ligand1817-0
554,KAKBON__ligand25048-0
555,KAKBON__ligand6993-0
556,KAKBON__ligand1779-0
557,KAKBON__ligand21940-0
558,KAKBON__ligand326-0
559,KAKBON__ligand3285-0
560,KAKBON__ligand4795-0
561,KAKBON__ligand11798-0
562,KAKBON__ligand29334-0
563,KAKBON__ligand12413-0
564,KAKBON__ligand1908-0
565,KAKBON__ligand20731-0
566,KAKBON__ligand324-0
567,KAKBON__ligand361-0
568,KAKBON__ligand5630-0
569,KAKBON__ligand409-0
570,KAKBON__ligand17445-0
571,KAKBON__ligand17069-0
572,KAKBON__ligand14477-0
573,KAKBON__ligand51-0
574,KAKBON__ligand1786-0
575,KAKBON__ligand6112-0
576,KAKBON__ligand11501-0
577,KAKBON__ligand11544-0
578,KAKBON__ligand8042-0
579,KAKBON__ligand1397-0
580,KAKBON__ligand91-0
581,KAKBON__ligand29214-0
582,KAKBON__ligand7213-0
583,KAKBON__ligand1828-0
584,KAKBON__ligand11758-0
585,KAKBON__ligand22357-0
586,KAKBON__ligand4710-0
587,KAKBON__ligand5755-0
588,KAKBON__ligand3144-0
589,KAKBON__ligand5085-0
590,KAKBON__ligand21448-0
591,KAKBON__ligand1849-0
592,KAKBON__ligand18019-1
593,KAKBON__ligand14007-0
594,KAKBON__ligand48-0
595,KAKBON__ligand1216-0
596,KAKBON__ligand3261-0
597,KAKBON__ligand1152-0
598,KAKBON__ligand199-0
599,KAKBON__ligand5019-0
600,KAKBON__ligand27550-0
601,KAKBON__ligand21339-0
602,KAKBON__ligand14226-0
603,KAKBON__ligand588-0
604,KAKBON__ligand16956-0
605,KAKBON__ligand20942-1
606,KAKBON__ligand5515-0
607,KAKBON__ligand6663-0
608,KAKBON__ligand18158-0
609,KAKBON__ligand27771-0
610,KAKBON__ligand29565-0
611,KAKBON__ligand5614-0
612,KAKBON__ligand5280-0
613,KAKBON__ligand1831-0
614,KAKBON__ligand300-0
615,KAKBON__ligand23682-0
616,KAKBON__ligand657-0
617,KAKBON__ligand9299-0
618,KAKBON__ligand25913-0
619,KAKBON__ligand187-0
620,KAKBON__ligand16988-0
621,KAKBON__ligand2985-0
622,KAKBON__ligand4007-0
623,KAKBON__ligand3677-1
624,KAKBON__ligand9883-0
625,KAKBON__ligand366-0
626,KAKBON__ligand11682-0
627,KAKBON__ligand7291-0
628,KAKBON__ligand20207-0
629,KAKBON__ligand30711-0
630,KAKBON__ligand777-0
631,KAKBON__ligand31044-0
632,KAKBON__ligand8000-0
633,KAKBON__ligand31842-0
634,KAKBON__ligand3736-0
635,KAKBON__ligand11994-0
636,KAKBON__ligand24035-0
637,KAKBON__ligand9344-0
638,KAKBON__ligand5383-0
639,KAKBON__ligand2693-0
640,KAKBON__ligand14614-0
641,KAKBON__ligand3945-0
642,KAKBON__ligand16663-0
643,KAKBON__ligand941-0
644,KAKBON__ligand596-0
645,KAKBON__ligand2881-0
646,KAKBON__ligand21919-0
647,KAKBON__ligand1499-0
648,KAKBON__ligand22168-0
649,KAKBON__ligand28930-0
650,KAKBON__ligand1464-0
651,KAKBON__ligand3712-0
652,KAKBON__ligand22294-0
653,KAKBON__ligand126-0
654,KAKBON__ligand163-0
655,KAKBON__ligand28743-0
656,KAKBON__ligand1211-0
657,KAKBON__ligand15531-0
658,KAKBON__ligand13862-0
659,KAKBON__ligand11357-0
660,KAKBON__ligand12365-0
661,KAKBON__ligand10056-0
662,KAKBON__ligand6892-0
663,KAKBON__ligand15926-0
664,KAKBON__ligand1294-0
665,KAKBON__ligand10828-0
666,KAKBON__ligand1168-0
667,KAKBON__ligand19792-0
668,KAKBON__ligand11447-0
669,KAKBON__ligand11096-0
670,KAKBON__ligand28810-0
671,KAKBON__ligand3632-0
672,KAKBON__ligand3677-0
673,KAKBON__ligand24230-0
674,KAKBON__ligand845-0
675,KAKBON__ligand15883-0
676,KAKBON__ligand6699-0
677,KAKBON__ligand11970-0
678,KAKBON__ligand30142-0
679,KAKBON__ligand5099-0
680,KAKBON__ligand8592-0
681,KAKBON__ligand1197-0
682,KAKBON__ligand27669-0
683,KAKBON__ligand2259-0
684,KAKBON__ligand13477-0
685,KAKBON__ligand14167-0
686,KAKBON__ligand1296-0
687,KAKBON__ligand5510-0
688,KAKBON__ligand1376-0
689,KAKBON__ligand9773-0
690,KAKBON__ligand23197-0
691,KAKBON__ligand4101-0
692,KAKBON__ligand338-0
693,KAKBON__ligand5595-0
694,KAKBON__ligand2221-0
695,KAKBON__ligand3120-0
696,KAKBON__ligand3926-0
697,KAKBON__ligand29029-0
698,KAKBON__ligand4358-0
699,KAKBON__ligand27285-0
700,KAKBON__ligand18568-0
701,KAKBON__ligand28685-0
702,KAKBON__ligand1407-0
703,KAKBON__ligand6117-0
704,KAKBON__ligand13672-0
705,KAKBON__ligand69-0
706,KAKBON__ligand5509-0
707,KAKBON__ligand8002-0
708,KAKBON__ligand10371-0
709,KAKBON__ligand7762-0
710,KAKBON__ligand5080-0
711,KAKBON__ligand201-0
712,KAKBON__ligand279-0
713,KAKBON__ligand12453-0
714,KAKBON__ligand18448-0
715,KAKBON__ligand28459-0
716,KAKBON__ligand185-0
717,KAKBON__ligand2238-0
718,KAKBON__ligand5304-0
719,KAKBON__ligand178-0
720,KAKBON__ligand9167-0
721,KAKBON__ligand2822-0
722,KAKBON__ligand11-0
723,KAKBON__ligand7293-0
724,KAKBON__ligand1317-0
725,KAKBON__ligand3867-0
726,KAKBON__ligand19184-0
727,KAKBON__ligand321-0
728,KAKBON__ligand240-0
729,KAKBON__ligand10872-0
730,KAKBON__ligand4711-0
731,KAKBON__ligand3244-0
732,KAKBON__ligand21399-0
733,KAKBON__ligand16148-0
734,KAKBON__ligand26631-0
735,KAKBON__ligand141-0
736,KAKBON__ligand12003-0
737,KAKBON__ligand2906-0
738,KAKBON__ligand29215-0
739,KAKBON__ligand8793-0
740,KAKBON__ligand5649-0
741,KAKBON__ligand2788-0
742,KAKBON__ligand4649-0
743,KAKBON__ligand16369-0
744,KAKBON__ligand5159-0
745,KAKBON__ligand7196-0
746,KAKBON__ligand11111-0
747,KAKBON__ligand28540-0
748,KAKBON__ligand27754-0
749,KAKBON__ligand9753-0
750,KAKBON__ligand20695-0
751,KAKBON__ligand5530-0
752,KAKBON__ligand1787-0
753,KAKBON__ligand1356-0
754,KAKBON__ligand3178-0
755,KAKBON__ligand4807-0
756,KAKBON__ligand22403-0
757,KAKBON__ligand5180-0
758,KAKBON__ligand768-0
759,KAKBON__ligand89-0
760,KAKBON__ligand11618-0
761,KAKBON__ligand5708-0
762,KAKBON__ligand7316-0
763,KAKBON__ligand26529-0
764,KAKBON__ligand6017-0
765,KAKBON__ligand2124-0
766,KAKBON__ligand8612-0
767,KAKBON__ligand3225-0
768,KAKBON__ligand1153-0
769,KAKBON__ligand27239-0
770,KAKBON__ligand1116-0
771,KAKBON__ligand7092-0
772,KAKBON__ligand2260-0
773,KAKBON__ligand21729-0
774,KAKBON__ligand26324-0
775,KAKBON__ligand28559-0
776,KAKBON__ligand9323-0
777,KAKBON__ligand7273-0
778,KAKBON__ligand14043-0
779,KAKBON__ligand49-0
780,KAKBON__ligand384-0
781,KAKBON__ligand19927-0
782,KAKBON__ligand7172-0
783,KAKBON__ligand1114-0
784,KAKBON__ligand122-0
785,KAKBON__ligand25561-0
786,KAKBON__ligand9284-0
787,KAKBON__ligand6391-0
788,KAKBON__ligand3126-0
789,KAKBON__ligand22129-0
790,KAKBON__ligand757-0
791,KAKBON__ligand24780-0
792,KAKBON__ligand12138-0
793,KAKBON__ligand2417-0
794,KAKBON__ligand11949-0
795,KAKBON__ligand8788-0
796,KAKBON__ligand17427-0
797,KAKBON__ligand1832-0
798,KAKBON__ligand2043-0
799,KAKBON__ligand29486-0
800,KAKBON__ligand1228-0
801,KAKBON__ligand9943-0
802,KAKBON__ligand4-0
803,KAKBON__ligand1604-0
804,KAKBON__ligand31694-0
805,KAKBON__ligand17-0
806,KAKBON__ligand17396-0
807,KAKBON__ligand15788-0
808,KAKBON__ligand23175-0
809,KAKBON__ligand11587-0
810,KAKBON__ligand13220-0
811,KAKBON__ligand9450-0
812,KAKBON__ligand22444-0
813,KAKBON__ligand1599-0
814,KAKBON__ligand24111-0
815,KAKBON__ligand14569-0
816,KAKBON__ligand2612-0
817,KAKBON__ligand13385-0
818,KAKBON__ligand12001-0
819,KAKBON__ligand10033-0
820,KAKBON__ligand2203-0
821,KAKBON__ligand5387-0
822,KAKBON__ligand24644-0
823,KAKBON__ligand693-0
824,KAKBON__ligand1289-0
825,KAKBON__ligand24872-0
826,KAKBON__ligand27840-0
827,KAKBON__ligand30728-0
