,TMC
0,YIXHIX__ligand3557-0
1,YIXHIX__ligand3980-0
2,YIXHIX__ligand11970-0
3,YIXHIX__ligand1149-0
4,YIXHIX__ligand7075-0
5,YIXHIX__ligand193-0
6,YIXHIX__ligand15883-0
7,YIXHIX__ligand11096-0
8,YIXHIX__ligand11447-0
9,YIXHIX__ligand28810-0
10,YIXHIX__ligand9750-0
11,YIXHIX__ligand372-0
12,YIXHIX__ligand24230-0
13,YIXHIX__ligand15926-0
14,YIXHIX__ligand1779-0
15,YIXHIX__ligand830-0
16,YIXHIX__ligand10828-0
17,YIXHIX__ligand1817-0
18,YIXHIX__ligand6993-0
19,YIXHIX__ligand91-0
20,YIXHIX__ligand19792-0
21,YIXHIX__ligand4167-0
22,YIXHIX__ligand12365-0
23,YIXHIX__ligand10056-0
24,YIXHIX__ligand51-0
25,YIXHIX__ligand4266-0
26,YIXHIX__ligand1400-0
27,YIXHIX__ligand28743-0
28,YIXHIX__ligand15531-0
29,YIXHIX__ligand9491-0
30,YIXHIX__ligand11357-0
31,YIXHIX__ligand13862-0
32,YIXHIX__ligand22168-0
33,YIXHIX__ligand252-0
34,YIXHIX__ligand28930-0
35,YIXHIX__ligand22294-0
36,YIXHIX__ligand1288-0
37,YIXHIX__ligand116-0
38,YIXHIX__ligand21919-0
39,YIXHIX__ligand16663-0
40,YIXHIX__ligand4207-0
41,YIXHIX__ligand14614-0
42,YIXHIX__ligand3416-0
43,YIXHIX__ligand3453-0
44,YIXHIX__ligand24035-0
45,YIXHIX__ligand1150-0
46,YIXHIX__ligand177-0
47,YIXHIX__ligand31044-0
48,YIXHIX__ligand31842-0
49,YIXHIX__ligand1539-0
50,YIXHIX__ligand11994-0
51,YIXHIX__ligand11682-0
52,YIXHIX__ligand30711-0
53,YIXHIX__ligand20207-0
54,YIXHIX__ligand8200-0
55,YIXHIX__ligand7438-0
56,YIXHIX__ligand4063-0
57,YIXHIX__ligand909-0
58,YIXHIX__ligand25913-0
59,YIXHIX__ligand16988-0
60,YIXHIX__ligand3042-0
61,YIXHIX__ligand48-0
62,YIXHIX__ligand370-1
63,YIXHIX__ligand19184-0
64,YIXHIX__ligand620-0
65,YIXHIX__ligand564-0
66,YIXHIX__ligand311-0
67,YIXHIX__ligand785-0
68,YIXHIX__ligand6663-0
69,YIXHIX__ligand479-0
70,YIXHIX__ligand5515-0
71,YIXHIX__ligand12453-0
72,YIXHIX__ligand18448-0
73,YIXHIX__ligand1831-0
74,YIXHIX__ligand28459-0
75,YIXHIX__ligand5614-0
76,YIXHIX__ligand5280-0
77,YIXHIX__ligand1849-0
78,YIXHIX__ligand32-0
79,YIXHIX__ligand10371-0
80,YIXHIX__ligand13672-0
81,YIXHIX__ligand1216-0
82,YIXHIX__ligand188-0
83,YIXHIX__ligand18568-0
84,YIXHIX__ligand28685-0
85,YIXHIX__ligand5019-0
86,YIXHIX__ligand3261-0
87,YIXHIX__ligand1152-0
88,YIXHIX__ligand8042-0
89,YIXHIX__ligand29029-0
90,YIXHIX__ligand16-0
91,YIXHIX__ligand27285-0
92,YIXHIX__ligand6112-0
93,YIXHIX__ligand1828-0
94,YIXHIX__ligand7213-0
95,YIXHIX__ligand1397-0
96,YIXHIX__ligand5755-0
97,YIXHIX__ligand8-0
98,YIXHIX__ligand23197-0
99,YIXHIX__ligand4710-0
100,YIXHIX__ligand5085-0
101,YIXHIX__ligand3144-0
102,YIXHIX__ligand250-0
103,YIXHIX__ligand4795-0
104,YIXHIX__ligand3285-0
105,YIXHIX__ligand1908-0
106,YIXHIX__ligand5630-0
107,YIXHIX__ligand14167-0
108,YIXHIX__ligand13477-0
109,YIXHIX__ligand1786-0
110,YIXHIX__ligand30142-0
111,YIXHIX__ligand27669-0
112,YIXHIX__ligand370-0
113,YIXHIX__ligand19927-0
114,YIXHIX__ligand5415-0
115,YIXHIX__ligand685-0
116,YIXHIX__ligand26324-0
117,YIXHIX__ligand28559-0
118,YIXHIX__ligand14043-0
119,YIXHIX__ligand27239-0
120,YIXHIX__ligand21729-0
121,YIXHIX__ligand4124-0
122,YIXHIX__ligand3471-0
123,YIXHIX__ligand4161-0
124,YIXHIX__ligand421-0
125,YIXHIX__ligand57-0
126,YIXHIX__ligand2823-0
127,YIXHIX__ligand6995-0
128,YIXHIX__ligand26529-0
129,YIXHIX__ligand294-0
130,YIXHIX__ligand3180-0
131,YIXHIX__ligand11618-0
132,YIXHIX__ligand4340-0
133,YIXHIX__ligand2281-0
134,YIXHIX__ligand2650-0
135,YIXHIX__ligand22403-0
136,YIXHIX__ligand7566-0
137,YIXHIX__ligand2001-0
138,YIXHIX__ligand20695-0
139,YIXHIX__ligand27754-0
140,YIXHIX__ligand8593-0
141,YIXHIX__ligand560-0
142,YIXHIX__ligand9944-0
143,YIXHIX__ligand16369-0
144,YIXHIX__ligand11111-0
145,YIXHIX__ligand28540-0
146,YIXHIX__ligand134-0
147,YIXHIX__ligand8553-0
148,YIXHIX__ligand29215-0
149,YIXHIX__ligand1113-0
150,YIXHIX__ligand235-0
151,YIXHIX__ligand26631-0
152,YIXHIX__ligand16148-0
153,YIXHIX__ligand5201-0
154,YIXHIX__ligand12003-0
155,YIXHIX__ligand10872-0
156,YIXHIX__ligand21399-0
157,YIXHIX__ligand27840-0
158,YIXHIX__ligand30728-0
159,YIXHIX__ligand9615-0
160,YIXHIX__ligand24872-0
161,YIXHIX__ligand1154-0
162,YIXHIX__ligand10033-0
163,YIXHIX__ligand1498-0
164,YIXHIX__ligand24644-0
165,YIXHIX__ligand4596-0
166,YIXHIX__ligand868-0
167,YIXHIX__ligand12001-0
168,YIXHIX__ligand34-0
169,YIXHIX__ligand14569-0
170,YIXHIX__ligand13385-0
171,YIXHIX__ligand352-0
172,YIXHIX__ligand783-0
173,YIXHIX__ligand22444-0
174,YIXHIX__ligand24111-0
175,YIXHIX__ligand13220-0
176,YIXHIX__ligand11587-0
177,YIXHIX__ligand1169-0
178,YIXHIX__ligand8529-0
179,YIXHIX__ligand17396-0
180,YIXHIX__ligand15788-0
181,YIXHIX__ligand23175-0
182,YIXHIX__ligand1050-0
183,YIXHIX__ligand1015-0
184,YIXHIX__ligand31694-0
185,YIXHIX__ligand29486-0
186,YIXHIX__ligand68-0
187,YIXHIX__ligand2027-0
188,YIXHIX__ligand197-0
189,YIXHIX__ligand17427-0
190,YIXHIX__ligand1618-0
191,YIXHIX__ligand11949-0
192,YIXHIX__ligand2692-0
193,YIXHIX__ligand22129-0
194,YIXHIX__ligand24780-0
195,YIXHIX__ligand12138-0
196,YIXHIX__ligand55-0
197,YIXHIX__ligand25561-0
198,YIXHIX__ligand4262-0
199,YIXHIX__ligand1028-0
200,YIXHIX__ligand8612-0
201,YIXHIX__ligand19668-0
202,YIXHIX__ligand2124-0
203,YIXHIX__ligand19906-0
204,YIXHIX__ligand7092-0
205,YIXHIX__ligand2260-0
206,YIXHIX__ligand1153-0
207,YIXHIX__ligand3225-0
208,YIXHIX__ligand1116-0
209,YIXHIX__ligand7273-0
210,YIXHIX__ligand22353-0
211,YIXHIX__ligand395-0
212,YIXHIX__ligand9323-0
213,YIXHIX__ligand7172-0
214,YIXHIX__ligand368-0
215,YIXHIX__ligand784-0
216,YIXHIX__ligand5180-0
217,YIXHIX__ligand7316-0
218,YIXHIX__ligand5708-0
219,YIXHIX__ligand10151-0
220,YIXHIX__ligand6017-0
221,YIXHIX__ligand7196-0
222,YIXHIX__ligand5159-0
223,YIXHIX__ligand833-0
224,YIXHIX__ligand1356-0
225,YIXHIX__ligand1787-0
226,YIXHIX__ligand5530-0
227,YIXHIX__ligand29813-0
228,YIXHIX__ligand16952-0
229,YIXHIX__ligand9753-0
230,YIXHIX__ligand3178-0
231,YIXHIX__ligand20220-0
232,YIXHIX__ligand15387-0
233,YIXHIX__ligand20121-0
234,YIXHIX__ligand4807-0
235,YIXHIX__ligand24851-0
236,YIXHIX__ligand4711-0
237,YIXHIX__ligand3244-0
238,YIXHIX__ligand115-0
239,YIXHIX__ligand11698-0
240,YIXHIX__ligand2906-0
241,YIXHIX__ligand20530-0
242,YIXHIX__ligand13657-0
243,YIXHIX__ligand14347-0
244,YIXHIX__ligand14302-0
245,YIXHIX__ligand17-0
246,YIXHIX__ligand11479-0
247,YIXHIX__ligand27610-0
248,YIXHIX__ligand10479-0
249,YIXHIX__ligand4649-0
250,YIXHIX__ligand10853-0
251,YIXHIX__ligand8793-0
252,YIXHIX__ligand2788-0
253,YIXHIX__ligand5649-0
254,YIXHIX__ligand29441-0
255,YIXHIX__ligand16870-0
256,YIXHIX__ligand1289-0
257,YIXHIX__ligand152-0
258,YIXHIX__ligand11622-0
259,YIXHIX__ligand2203-0
260,YIXHIX__ligand5387-0
261,YIXHIX__ligand11814-0
262,YIXHIX__ligand16603-0
263,YIXHIX__ligand17686-0
264,YIXHIX__ligand9450-0
265,YIXHIX__ligand25658-0
266,YIXHIX__ligand31205-0
267,YIXHIX__ligand11177-0
268,YIXHIX__ligand1599-0
269,YIXHIX__ligand2612-0
270,YIXHIX__ligand15455-0
271,YIXHIX__ligand506-0
272,YIXHIX__ligand1832-0
273,YIXHIX__ligand8788-0
274,YIXHIX__ligand487-0
275,YIXHIX__ligand18067-0
276,YIXHIX__ligand2043-0
277,YIXHIX__ligand19824-0
278,YIXHIX__ligand49-0
279,YIXHIX__ligand11252-0
280,YIXHIX__ligand9943-0
281,YIXHIX__ligand1228-0
282,YIXHIX__ligand13260-0
283,YIXHIX__ligand10582-0
284,YIXHIX__ligand1604-0
285,YIXHIX__ligand1114-0
286,YIXHIX__ligand176-0
287,YIXHIX__ligand11606-0
288,YIXHIX__ligand31000-0
289,YIXHIX__ligand3126-0
290,YIXHIX__ligand6391-0
291,YIXHIX__ligand9284-0
292,YIXHIX__ligand447-0
293,YIXHIX__ligand26673-0
294,YIXHIX__ligand746-0
295,YIXHIX__ligand89-0
296,YIXHIX__ligand2417-0
297,YIXHIX__ligand20821-0
298,YIXHIX__ligand1168-0
299,YIXHIX__ligand25048-0
300,YIXHIX__ligand1294-0
301,YIXHIX__ligand21940-0
302,YIXHIX__ligand3632-0
303,YIXHIX__ligand3677-0
304,YIXHIX__ligand27122-0
305,YIXHIX__ligand20432-0
306,YIXHIX__ligand16133-0
307,YIXHIX__ligand13755-0
308,YIXHIX__ligand353-0
309,YIXHIX__ligand24953-0
310,YIXHIX__ligand23445-0
311,YIXHIX__ligand6699-0
312,YIXHIX__ligand393-0
313,YIXHIX__ligand1499-0
314,YIXHIX__ligand2881-0
315,YIXHIX__ligand3712-0
316,YIXHIX__ligand1464-0
317,YIXHIX__ligand30004-0
318,YIXHIX__ligand1211-0
319,YIXHIX__ligand20557-0
320,YIXHIX__ligand6892-0
321,YIXHIX__ligand11-0
322,YIXHIX__ligand24560-0
323,YIXHIX__ligand3736-0
324,YIXHIX__ligand18757-0
325,YIXHIX__ligand422-0
326,YIXHIX__ligand8000-0
327,YIXHIX__ligand24624-0
328,YIXHIX__ligand18413-0
329,YIXHIX__ligand20844-0
330,YIXHIX__ligand9344-0
331,YIXHIX__ligand2693-0
332,YIXHIX__ligand5383-0
333,YIXHIX__ligand686-0
334,YIXHIX__ligand3945-0
335,YIXHIX__ligand9299-0
336,YIXHIX__ligand14339-0
337,YIXHIX__ligand196-0
338,YIXHIX__ligand4007-0
339,YIXHIX__ligand2985-0
340,YIXHIX__ligand13691-0
341,YIXHIX__ligand30788-0
342,YIXHIX__ligand9883-0
343,YIXHIX__ligand3677-1
344,YIXHIX__ligand21752-0
345,YIXHIX__ligand69-0
346,YIXHIX__ligand7291-0
347,YIXHIX__ligand29565-0
348,YIXHIX__ligand2238-0
349,YIXHIX__ligand314-1
350,YIXHIX__ligand23682-0
351,YIXHIX__ligand9167-0
352,YIXHIX__ligand18158-0
353,YIXHIX__ligand27771-0
354,YIXHIX__ligand5304-0
355,YIXHIX__ligand1317-0
356,YIXHIX__ligand3867-0
357,YIXHIX__ligand2822-0
358,YIXHIX__ligand7293-0
359,YIXHIX__ligand14226-0
360,YIXHIX__ligand21339-0
361,YIXHIX__ligand16956-0
362,YIXHIX__ligand20942-1
363,YIXHIX__ligand27550-0
364,YIXHIX__ligand465-0
365,YIXHIX__ligand5509-0
366,YIXHIX__ligand8002-0
367,YIXHIX__ligand6117-0
368,YIXHIX__ligand1407-0
369,YIXHIX__ligand7762-0
370,YIXHIX__ligand5080-0
371,YIXHIX__ligand18019-1
372,YIXHIX__ligand14007-0
373,YIXHIX__ligand21448-0
374,YIXHIX__ligand5595-0
375,YIXHIX__ligand11758-0
376,YIXHIX__ligand22357-0
377,YIXHIX__ligand4101-0
378,YIXHIX__ligand391-0
379,YIXHIX__ligand29214-0
380,YIXHIX__ligand2221-0
381,YIXHIX__ligand618-0
382,YIXHIX__ligand4358-0
383,YIXHIX__ligand11501-0
384,YIXHIX__ligand11544-0
385,YIXHIX__ligand3120-0
386,YIXHIX__ligand3926-0
387,YIXHIX__ligand17069-0
388,YIXHIX__ligand1197-0
389,YIXHIX__ligand14477-0
390,YIXHIX__ligand5099-0
391,YIXHIX__ligand8592-0
392,YIXHIX__ligand1296-0
393,YIXHIX__ligand2259-0
394,YIXHIX__ligand17445-0
395,YIXHIX__ligand29334-0
396,YIXHIX__ligand12413-0
397,YIXHIX__ligand813-0
398,YIXHIX__ligand20731-0
399,YIXHIX__ligand9773-0
400,YIXHIX__ligand780-0
401,YIXHIX__ligand314-0
402,YIXHIX__ligand1376-0
403,YIXHIX__ligand5510-0
404,YIXHIX__ligand11798-0
405,YIXHIX__ligand27074-0
406,YIXHIX__ligand2917-0
407,YIXHIX__ligand7819-0
408,YIXHIX__ligand240-0
409,YIXHIX__ligand22981-0
410,YIXHIX__ligand25805-0
411,YIXHIX__ligand141-0
412,YIXHIX__ligand20599-0
413,YIXHIX__ligand3465-0
414,YIXHIX__ligand14523-0
415,YIXHIX__ligand27169-0
416,YIXHIX__ligand6904-0
417,YIXHIX__ligand3721-0
418,YIXHIX__ligand6596-0
419,YIXHIX__ligand18391-0
420,YIXHIX__ligand6102-0
421,YIXHIX__ligand43-0
422,YIXHIX__ligand25267-0
423,YIXHIX__ligand10084-0
424,YIXHIX__ligand4620-0
425,YIXHIX__ligand12467-0
426,YIXHIX__ligand13257-0
427,YIXHIX__ligand21936-0
428,YIXHIX__ligand2295-0
429,YIXHIX__ligand23904-0
430,YIXHIX__ligand6067-0
431,YIXHIX__ligand1577-0
432,YIXHIX__ligand768-0
433,YIXHIX__ligand4641-0
434,YIXHIX__ligand29863-0
435,YIXHIX__ligand13869-0
436,YIXHIX__ligand18074-0
437,YIXHIX__ligand29610-0
438,YIXHIX__ligand11140-0
439,YIXHIX__ligand1-0
440,YIXHIX__ligand16791-0
441,YIXHIX__ligand3234-0
442,YIXHIX__ligand1142-0
443,YIXHIX__ligand28668-0
444,YIXHIX__ligand67-0
445,YIXHIX__ligand7126-0
446,YIXHIX__ligand2028-0
447,YIXHIX__ligand8835-0
448,YIXHIX__ligand18465-0
449,YIXHIX__ligand384-0
450,YIXHIX__ligand18799-0
451,YIXHIX__ligand12660-0
452,YIXHIX__ligand9601-0
453,YIXHIX__ligand19257-0
454,YIXHIX__ligand13209-0
455,YIXHIX__ligand8992-0
456,YIXHIX__ligand122-0
457,YIXHIX__ligand31248-0
458,YIXHIX__ligand1018-0
459,YIXHIX__ligand757-0
460,YIXHIX__ligand25650-0
461,YIXHIX__ligand4116-0
462,YIXHIX__ligand3707-0
463,YIXHIX__ligand6124-0
464,YIXHIX__ligand7967-0
465,YIXHIX__ligand1324-0
466,YIXHIX__ligand8721-0
467,YIXHIX__ligand5643-0
468,YIXHIX__ligand1823-0
469,YIXHIX__ligand3-0
470,YIXHIX__ligand5036-0
471,YIXHIX__ligand2526-0
472,YIXHIX__ligand25735-0
473,YIXHIX__ligand1615-0
474,YIXHIX__ligand12519-0
475,YIXHIX__ligand9111-0
476,YIXHIX__ligand9952-0
477,YIXHIX__ligand11206-0
478,YIXHIX__ligand23124-0
479,YIXHIX__ligand30539-0
480,YIXHIX__ligand9441-0
481,YIXHIX__ligand2332-0
482,YIXHIX__ligand23906-0
483,YIXHIX__ligand1530-0
484,YIXHIX__ligand1575-0
485,YIXHIX__ligand9933-0
486,YIXHIX__ligand21132-0
487,YIXHIX__ligand1631-0
488,YIXHIX__ligand11166-0
489,YIXHIX__ligand693-0
490,YIXHIX__ligand12295-0
491,YIXHIX__ligand3156-0
492,YIXHIX__ligand27835-0
493,YIXHIX__ligand2915-0
494,YIXHIX__ligand25575-0
495,YIXHIX__ligand21787-0
496,YIXHIX__ligand1378-0
497,YIXHIX__ligand25689-0
498,YIXHIX__ligand6244-0
499,YIXHIX__ligand24750-0
500,YIXHIX__ligand4016-0
501,YIXHIX__ligand657-0
502,YIXHIX__ligand7867-0
503,YIXHIX__ligand187-0
504,YIXHIX__ligand6709-0
505,YIXHIX__ligand1219-0
506,YIXHIX__ligand17945-0
507,YIXHIX__ligand366-0
508,YIXHIX__ligand78-0
509,YIXHIX__ligand7280-0
510,YIXHIX__ligand1790-0
511,YIXHIX__ligand18013-0
512,YIXHIX__ligand1304-0
513,YIXHIX__ligand25224-0
514,YIXHIX__ligand17207-0
515,YIXHIX__ligand31578-0
516,YIXHIX__ligand7238-0
517,YIXHIX__ligand29087-0
518,YIXHIX__ligand9784-0
519,YIXHIX__ligand777-0
520,YIXHIX__ligand1451-0
521,YIXHIX__ligand4272-0
522,YIXHIX__ligand18703-0
523,YIXHIX__ligand45-0
524,YIXHIX__ligand7629-0
525,YIXHIX__ligand28924-0
526,YIXHIX__ligand4442-0
527,YIXHIX__ligand4093-0
528,YIXHIX__ligand3954-0
529,YIXHIX__ligand15438-0
530,YIXHIX__ligand596-0
531,YIXHIX__ligand9520-0
532,YIXHIX__ligand941-0
533,YIXHIX__ligand1160-0
534,YIXHIX__ligand8699-0
535,YIXHIX__ligand2828-0
536,YIXHIX__ligand8876-0
537,YIXHIX__ligand7648-0
538,YIXHIX__ligand9833-0
539,YIXHIX__ligand5256-0
540,YIXHIX__ligand24-0
541,YIXHIX__ligand15168-0
542,YIXHIX__ligand4157-0
543,YIXHIX__ligand2232-0
544,YIXHIX__ligand24064-0
545,YIXHIX__ligand163-0
546,YIXHIX__ligand126-0
547,YIXHIX__ligand2176-0
548,YIXHIX__ligand23589-0
549,YIXHIX__ligand9291-0
550,YIXHIX__ligand6768-0
551,YIXHIX__ligand8115-0
552,YIXHIX__ligand7000-0
553,YIXHIX__ligand1982-0
554,YIXHIX__ligand1285-0
555,YIXHIX__ligand29898-0
556,YIXHIX__ligand26277-0
557,YIXHIX__ligand845-0
558,YIXHIX__ligand4503-0
559,YIXHIX__ligand22755-0
560,YIXHIX__ligand4546-0
561,YIXHIX__ligand10432-0
562,YIXHIX__ligand19-0
563,YIXHIX__ligand11432-0
564,YIXHIX__ligand31618-0
565,YIXHIX__ligand3565-0
566,YIXHIX__ligand11568-0
567,YIXHIX__ligand5331-0
568,YIXHIX__ligand1512-0
569,YIXHIX__ligand20579-0
570,YIXHIX__ligand17710-0
571,YIXHIX__ligand6919-0
572,YIXHIX__ligand21421-0
573,YIXHIX__ligand2485-0
574,YIXHIX__ligand3852-0
575,YIXHIX__ligand14586-0
576,YIXHIX__ligand11774-0
577,YIXHIX__ligand3094-0
578,YIXHIX__ligand4155-0
579,YIXHIX__ligand24613-0
580,YIXHIX__ligand338-0
581,YIXHIX__ligand5211-0
582,YIXHIX__ligand19725-0
583,YIXHIX__ligand10555-0
584,YIXHIX__ligand6839-0
585,YIXHIX__ligand1202-0
586,YIXHIX__ligand3937-0
587,YIXHIX__ligand3174-0
588,YIXHIX__ligand3131-0
589,YIXHIX__ligand8969-0
590,YIXHIX__ligand31483-0
591,YIXHIX__ligand4720-0
592,YIXHIX__ligand13072-0
593,YIXHIX__ligand7106-0
594,YIXHIX__ligand12336-0
595,YIXHIX__ligand7242-0
596,YIXHIX__ligand1263-0
597,YIXHIX__ligand9908-0
598,YIXHIX__ligand201-0
599,YIXHIX__ligand9935-0
600,YIXHIX__ligand185-0
601,YIXHIX__ligand1536-0
602,YIXHIX__ligand1573-0
603,YIXHIX__ligand279-0
604,YIXHIX__ligand18699-0
605,YIXHIX__ligand12682-0
606,YIXHIX__ligand1959-0
607,YIXHIX__ligand178-0
608,YIXHIX__ligand3504-0
609,YIXHIX__ligand4661-0
610,YIXHIX__ligand1844-0
611,YIXHIX__ligand17240-0
612,YIXHIX__ligand3035-0
613,YIXHIX__ligand3876-0
614,YIXHIX__ligand1343-0
615,YIXHIX__ligand6616-0
616,YIXHIX__ligand321-0
617,YIXHIX__ligand3718-0
618,YIXHIX__ligand17590-0
619,YIXHIX__ligand633-0
620,YIXHIX__ligand2527-0
621,YIXHIX__ligand20682-0
622,YIXHIX__ligand13390-0
623,YIXHIX__ligand8349-0
624,YIXHIX__ligand497-0
625,YIXHIX__ligand1709-0
626,YIXHIX__ligand8464-0
627,YIXHIX__ligand4911-0
628,YIXHIX__ligand1771-0
629,YIXHIX__ligand3392-0
630,YIXHIX__ligand27482-0
631,YIXHIX__ligand26810-0
632,YIXHIX__ligand13208-0
633,YIXHIX__ligand5849-0
634,YIXHIX__ligand14248-0
635,YIXHIX__ligand2722-0
636,YIXHIX__ligand29879-0
637,YIXHIX__ligand12030-0
638,YIXHIX__ligand1379-0
639,YIXHIX__ligand436-0
640,YIXHIX__ligand5935-0
641,YIXHIX__ligand13331-0
642,YIXHIX__ligand28884-0
643,YIXHIX__ligand9525-0
644,YIXHIX__ligand1165-0
645,YIXHIX__ligand13294-0
646,YIXHIX__ligand692-0
647,YIXHIX__ligand3157-0
648,YIXHIX__ligand31832-0
649,YIXHIX__ligand5357-0
650,YIXHIX__ligand3647-0
651,YIXHIX__ligand25411-0
652,YIXHIX__ligand1688-0
653,YIXHIX__ligand5056-0
654,YIXHIX__ligand4850-0
655,YIXHIX__ligand1768-0
656,YIXHIX__ligand10712-0
657,YIXHIX__ligand14174-0
658,YIXHIX__ligand1469-0
659,YIXHIX__ligand326-0
660,YIXHIX__ligand11456-0
661,YIXHIX__ligand38-0
662,YIXHIX__ligand3871-0
663,YIXHIX__ligand16475-0
664,YIXHIX__ligand14703-0
665,YIXHIX__ligand1533-0
666,YIXHIX__ligand409-0
667,YIXHIX__ligand361-0
668,YIXHIX__ligand324-0
669,YIXHIX__ligand7557-0
670,YIXHIX__ligand1496-0
671,YIXHIX__ligand20251-1
672,YIXHIX__ligand29414-0
673,YIXHIX__ligand17982-0
674,YIXHIX__ligand1712-0
675,YIXHIX__ligand20011-0
676,YIXHIX__ligand17278-0
677,YIXHIX__ligand4131-0
678,YIXHIX__ligand42-0
679,YIXHIX__ligand17398-0
680,YIXHIX__ligand5892-0
681,YIXHIX__ligand5094-0
682,YIXHIX__ligand22557-0
683,YIXHIX__ligand10589-0
684,YIXHIX__ligand24047-0
685,YIXHIX__ligand11675-0
686,YIXHIX__ligand20598-0
687,YIXHIX__ligand17118-0
688,YIXHIX__ligand21371-0
689,YIXHIX__ligand7162-0
690,YIXHIX__ligand66-0
691,YIXHIX__ligand20419-0
692,YIXHIX__ligand3029-0
693,YIXHIX__ligand4581-0
694,YIXHIX__ligand28789-0
695,YIXHIX__ligand1773-0
696,YIXHIX__ligand2328-0
697,YIXHIX__ligand9197-0
698,YIXHIX__ligand1900-0
699,YIXHIX__ligand29568-0
700,YIXHIX__ligand199-0
701,YIXHIX__ligand30851-0
702,YIXHIX__ligand14889-0
703,YIXHIX__ligand30702-0
704,YIXHIX__ligand20214-0
705,YIXHIX__ligand20251-0
706,YIXHIX__ligand20539-0
707,YIXHIX__ligand21581-0
708,YIXHIX__ligand31097-0
709,YIXHIX__ligand588-0
710,YIXHIX__ligand3208-0
711,YIXHIX__ligand2208-0
712,YIXHIX__ligand17261-0
713,YIXHIX__ligand14117-0
714,YIXHIX__ligand2781-0
715,YIXHIX__ligand7573-0
716,YIXHIX__ligand3350-0
717,YIXHIX__ligand300-0
718,YIXHIX__ligand8722-0
719,YIXHIX__ligand1327-0
720,YIXHIX__ligand6672-0
721,YIXHIX__ligand9809-0
722,YIXHIX__ligand3973-0
723,YIXHIX__ligand1147-0
724,YIXHIX__ligand31783-0
725,YIXHIX__ligand17258-0
726,YIXHIX__ligand14603-0
727,YIXHIX__ligand14297-0
728,YIXHIX__ligand26665-0
729,YIXHIX__ligand7925-0
730,YIXHIX__ligand13012-0
731,YIXHIX__ligand2068-0
732,YIXHIX__ligand17631-0
733,YIXHIX__ligand23713-0
734,YIXHIX__ligand27175-0
735,YIXHIX__ligand4194-0
736,YIXHIX__ligand18832-0
737,YIXHIX__ligand30988-0
738,YIXHIX__ligand7532-0
739,YIXHIX__ligand27893-0
740,YIXHIX__ligand670-0
741,YIXHIX__ligand4-0
742,YIXHIX__ligand14723-0
743,YIXHIX__ligand19641-0
744,YIXHIX__ligand4330-0
745,YIXHIX__ligand12934-0
746,YIXHIX__ligand534-0
747,YIXHIX__ligand20578-0
748,YIXHIX__ligand15422-0
749,YIXHIX__ligand571-0
750,YIXHIX__ligand2599-0
751,YIXHIX__ligand20740-0
752,YIXHIX__ligand28468-0
753,YIXHIX__ligand12427-0
754,YIXHIX__ligand16628-0
755,YIXHIX__ligand6283-0
756,YIXHIX__ligand6062-0
757,YIXHIX__ligand4738-0
758,YIXHIX__ligand5813-0
759,YIXHIX__ligand27460-0
760,YIXHIX__ligand4813-0
761,YIXHIX__ligand30333-0
762,YIXHIX__ligand3215-0
763,YIXHIX__ligand12606-0
764,YIXHIX__ligand694-0
765,YIXHIX__ligand17281-0
766,YIXHIX__ligand430-0
767,YIXHIX__ligand30296-0
768,YIXHIX__ligand358-0
769,YIXHIX__ligand7107-0
770,YIXHIX__ligand29410-0
771,YIXHIX__ligand12337-0
772,YIXHIX__ligand488-0
773,YIXHIX__ligand26540-0
774,YIXHIX__ligand12641-0
775,YIXHIX__ligand696-0
776,YIXHIX__ligand9148-0
777,YIXHIX__ligand10958-0
778,YIXHIX__ligand14108-0
779,YIXHIX__ligand7529-0
780,YIXHIX__ligand1415-0
781,YIXHIX__ligand6946-0
782,YIXHIX__ligand2830-0
783,YIXHIX__ligand19057-0
784,YIXHIX__ligand18814-0
785,YIXHIX__ligand1729-0
786,YIXHIX__ligand13425-0
787,YIXHIX__ligand29302-0
788,YIXHIX__ligand5627-0
789,YIXHIX__ligand5483-0
790,YIXHIX__ligand656-0
791,YIXHIX__ligand5316-0
792,YIXHIX__ligand27763-0
793,YIXHIX__ligand28676-0
794,YIXHIX__ligand10262-0
795,YIXHIX__ligand7530-0
796,YIXHIX__ligand24145-0
797,YIXHIX__ligand1065-0
798,YIXHIX__ligand12401-0
799,YIXHIX__ligand15585-0
800,YIXHIX__ligand13068-0
801,YIXHIX__ligand19830-0
802,YIXHIX__ligand3012-0
803,YIXHIX__ligand10476-0
804,YIXHIX__ligand1449-0
805,YIXHIX__ligand18-0
806,YIXHIX__ligand12130-0
807,YIXHIX__ligand17387-0
808,YIXHIX__ligand26702-0
809,YIXHIX__ligand13658-0
810,YIXHIX__ligand4332-0
811,YIXHIX__ligand18292-0
812,YIXHIX__ligand12289-0
813,YIXHIX__ligand9681-0
814,YIXHIX__ligand12231-0
815,YIXHIX__ligand6455-0
816,YIXHIX__ligand6882-0
817,YIXHIX__ligand17302-0
818,YIXHIX__ligand162-0
819,YIXHIX__ligand3934-0
820,YIXHIX__ligand226-0
821,YIXHIX__ligand17805-0
822,YIXHIX__ligand23769-0
823,YIXHIX__ligand416-0
824,YIXHIX__ligand24185-0
825,YIXHIX__ligand383-0
826,YIXHIX__ligand25178-0
827,YIXHIX__ligand2403-0
