,TMC
0,WABPIA__ligand383-0
1,WABPIA__ligand3246-0
2,WABPIA__ligand226-0
3,WABPIA__ligand162-0
4,WABPIA__ligand1479-0
5,WABPIA__ligand1148-0
6,WABPIA__ligand9244-0
7,WABPIA__ligand1228-0
8,WABPIA__ligand66-0
9,WABPIA__ligand1538-0
10,WABPIA__ligand1114-0
11,WABPIA__ligand430-0
12,WABPIA__ligand358-0
13,WABPIA__ligand2751-0
14,WABPIA__ligand669-0
15,WABPIA__ligand278-0
16,WABPIA__ligand3041-0
17,WABPIA__ligand2634-0
18,WABPIA__ligand1542-0
19,WABPIA__ligand365-0
20,WABPIA__ligand21-0
21,WABPIA__ligand2863-0
22,WABPIA__ligand571-0
23,WABPIA__ligand118-0
24,WABPIA__ligand6502-0
25,WABPIA__ligand2098-0
26,WABPIA__ligand670-0
27,WABPIA__ligand6332-0
28,WABPIA__ligand3178-0
29,WABPIA__ligand40-0
30,WABPIA__ligand3145-0
31,WABPIA__ligand38-0
32,WABPIA__ligand1747-0
33,WABPIA__ligand6686-0
34,WABPIA__ligand5548-0
35,WABPIA__ligand7915-0
36,WABPIA__ligand509-0
37,WABPIA__ligand575-0
38,WABPIA__ligand3734-0
39,WABPIA__ligand199-0
40,WABPIA__ligand927-0
41,WABPIA__ligand1706-0
42,WABPIA__ligand4381-0
43,WABPIA__ligand2629-0
44,WABPIA__ligand6277-0
45,WABPIA__ligand105-0
46,WABPIA__ligand140-0
47,WABPIA__ligand1687-0
48,WABPIA__ligand18-0
49,WABPIA__ligand1951-0
50,WABPIA__ligand2259-0
51,WABPIA__ligand2688-0
52,WABPIA__ligand409-0
53,WABPIA__ligand361-0
54,WABPIA__ligand324-0
55,WABPIA__ligand2768-0
56,WABPIA__ligand1376-0
57,WABPIA__ligand62-0
58,WABPIA__ligand326-0
59,WABPIA__ligand1544-0
60,WABPIA__ligand821-0
61,WABPIA__ligand283-0
62,WABPIA__ligand1459-0
63,WABPIA__ligand553-0
64,WABPIA__ligand206-0
65,WABPIA__ligand3757-0
66,WABPIA__ligand142-0
67,WABPIA__ligand1048-0
68,WABPIA__ligand2087-0
69,WABPIA__ligand1685-0
70,WABPIA__ligand436-0
71,WABPIA__ligand166-0
72,WABPIA__ligand86-0
73,WABPIA__ligand1171-0
74,WABPIA__ligand838-0
75,WABPIA__ligand5801-0
76,WABPIA__ligand497-0
77,WABPIA__ligand1438-0
78,WABPIA__ligand532-0
79,WABPIA__ligand3063-0
80,WABPIA__ligand633-0
81,WABPIA__ligand918-0
82,WABPIA__ligand321-0
83,WABPIA__ligand1607-0
84,WABPIA__ligand178-0
85,WABPIA__ligand279-0
86,WABPIA__ligand244-0
87,WABPIA__ligand201-0
88,WABPIA__ligand1727-0
89,WABPIA__ligand100-0
90,WABPIA__ligand1152-0
91,WABPIA__ligand124-0
92,WABPIA__ligand1703-0
93,WABPIA__ligand2430-0
94,WABPIA__ligand2907-0
95,WABPIA__ligand2510-0
96,WABPIA__ligand11730-0
97,WABPIA__ligand8921-0
98,WABPIA__ligand2285-0
99,WABPIA__ligand1567-0
100,WABPIA__ligand2862-0
101,WABPIA__ligand119-0
102,WABPIA__ligand2320-0
103,WABPIA__ligand1056-0
104,WABPIA__ligand4303-0
105,WABPIA__ligand1248-0
106,WABPIA__ligand1598-0
107,WABPIA__ligand1054-0
108,WABPIA__ligand6294-0
109,WABPIA__ligand126-0
110,WABPIA__ligand7464-0
111,WABPIA__ligand596-0
112,WABPIA__ligand861-0
113,WABPIA__ligand67-0
114,WABPIA__ligand366-0
115,WABPIA__ligand3637-0
116,WABPIA__ligand8774-0
117,WABPIA__ligand187-0
118,WABPIA__ligand612-0
119,WABPIA__ligand2838-0
120,WABPIA__ligand1799-0
121,WABPIA__ligand3838-0
122,WABPIA__ligand2880-0
123,WABPIA__ligand5941-0
124,WABPIA__ligand1169-0
125,WABPIA__ligand5022-0
126,WABPIA__ligand2864-0
127,WABPIA__ligand8-0
128,WABPIA__ligand797-0
129,WABPIA__ligand2142-0
130,WABPIA__ligand757-0
131,WABPIA__ligand6538-0
132,WABPIA__ligand6151-0
133,WABPIA__ligand2772-0
134,WABPIA__ligand9495-0
135,WABPIA__ligand384-0
136,WABPIA__ligand85-0
137,WABPIA__ligand1273-0
138,WABPIA__ligand78-0
139,WABPIA__ligand120-0
140,WABPIA__ligand1052-0
141,WABPIA__ligand45-0
142,WABPIA__ligand4983-0
143,WABPIA__ligand2794-0
144,WABPIA__ligand2345-0
145,WABPIA__ligand1835-0
146,WABPIA__ligand1502-0
147,WABPIA__ligand6396-0
148,WABPIA__ligand1113-0
149,WABPIA__ligand2265-0
150,WABPIA__ligand141-0
151,WABPIA__ligand240-0
152,WABPIA__ligand9027-0
153,WABPIA__ligand314-0
154,WABPIA__ligand481-0
155,WABPIA__ligand1919-0
156,WABPIA__ligand2389-0
157,WABPIA__ligand170-0
158,WABPIA__ligand1712-0
159,WABPIA__ligand3579-0
160,WABPIA__ligand391-0
161,WABPIA__ligand2916-0
162,WABPIA__ligand2110-0
163,WABPIA__ligand1858-0
164,WABPIA__ligand210-0
165,WABPIA__ligand8032-0
166,WABPIA__ligand6-0
167,WABPIA__ligand49-0
168,WABPIA__ligand89-0
169,WABPIA__ligand5334-0
170,WABPIA__ligand1898-0
171,WABPIA__ligand4504-0
172,WABPIA__ligand3051-0
173,WABPIA__ligand2480-0
174,WABPIA__ligand2315-0
175,WABPIA__ligand6571-0
176,WABPIA__ligand1325-0
177,WABPIA__ligand2482-0
178,WABPIA__ligand502-0
179,WABPIA__ligand196-0
180,WABPIA__ligand1019-0
181,WABPIA__ligand113-0
182,WABPIA__ligand2442-0
183,WABPIA__ligand5762-0
184,WABPIA__ligand7414-0
185,WABPIA__ligand1104-0
186,WABPIA__ligand4-0
187,WABPIA__ligand422-0
188,WABPIA__ligand1379-0
189,WABPIA__ligand236-0
190,WABPIA__ligand1221-0
191,WABPIA__ligand1264-0
192,WABPIA__ligand1299-0
193,WABPIA__ligand92-0
194,WABPIA__ligand6430-0
195,WABPIA__ligand353-0
196,WABPIA__ligand17-0
197,WABPIA__ligand2929-0
198,WABPIA__ligand2376-0
199,WABPIA__ligand9620-0
200,WABPIA__ligand447-0
201,WABPIA__ligand4894-0
202,WABPIA__ligand1260-0
203,WABPIA__ligand133-0
204,WABPIA__ligand666-0
205,WABPIA__ligand3337-0
206,WABPIA__ligand7514-0
207,WABPIA__ligand522-0
208,WABPIA__ligand4811-0
209,WABPIA__ligand1449-1
210,WABPIA__ligand487-0
211,WABPIA__ligand1321-0
212,WABPIA__ligand1178-0
213,WABPIA__ligand3566-0
214,WABPIA__ligand15630-0
215,WABPIA__ligand10357-0
216,WABPIA__ligand1788-0
217,WABPIA__ligand682-0
218,WABPIA__ligand1246-0
219,WABPIA__ligand6166-0
220,WABPIA__ligand115-0
221,WABPIA__ligand291-0
222,WABPIA__ligand3853-0
223,WABPIA__ligand2853-0
224,WABPIA__ligand2599-0
225,WABPIA__ligand5089-0
226,WABPIA__ligand1307-0
227,WABPIA__ligand485-0
228,WABPIA__ligand355-0
229,WABPIA__ligand784-0
230,WABPIA__ligand11-0
231,WABPIA__ligand1690-0
232,WABPIA__ligand2707-0
233,WABPIA__ligand112-0
234,WABPIA__ligand296-0
235,WABPIA__ligand197-0
236,WABPIA__ligand32-0
237,WABPIA__ligand1551-0
238,WABPIA__ligand2526-0
239,WABPIA__ligand4012-0
240,WABPIA__ligand3196-0
241,WABPIA__ligand352-0
242,WABPIA__ligand783-0
243,WABPIA__ligand442-0
244,WABPIA__ligand2915-0
245,WABPIA__ligand868-0
246,WABPIA__ligand136-0
247,WABPIA__ligand2255-0
248,WABPIA__ligand91-0
249,WABPIA__ligand390-0
250,WABPIA__ligand29-0
251,WABPIA__ligand235-0
252,WABPIA__ligand932-0
253,WABPIA__ligand134-0
254,WABPIA__ligand4175-0
255,WABPIA__ligand109-0
256,WABPIA__ligand560-0
257,WABPIA__ligand525-0
258,WABPIA__ligand51-0
259,WABPIA__ligand1918-0
260,WABPIA__ligand993-0
261,WABPIA__ligand294-0
262,WABPIA__ligand4370-0
263,WABPIA__ligand331-0
264,WABPIA__ligand3618-0
265,WABPIA__ligand421-0
266,WABPIA__ligand2618-0
267,WABPIA__ligand798-0
268,WABPIA__ligand48-0
269,WABPIA__ligand584-0
270,WABPIA__ligand916-0
271,WABPIA__ligand1436-0
272,WABPIA__ligand34-0
273,WABPIA__ligand370-0
274,WABPIA__ligand5758-0
275,WABPIA__ligand3478-0
276,WABPIA__ligand3852-0
277,WABPIA__ligand250-0
278,WABPIA__ligand1818-0
279,WABPIA__ligand7456-0
280,WABPIA__ligand10479-0
281,WABPIA__ligand3-0
282,WABPIA__ligand460-0
283,WABPIA__ligand4619-0
284,WABPIA__ligand188-0
285,WABPIA__ligand5235-0
286,WABPIA__ligand6143-0
287,WABPIA__ligand369-0
288,WABPIA__ligand444-0
289,WABPIA__ligand3251-0
290,WABPIA__ligand95-0
291,WABPIA__ligand311-0
292,WABPIA__ligand55-0
293,WABPIA__ligand9176-0
294,WABPIA__ligand3070-0
295,WABPIA__ligand3035-0
296,WABPIA__ligand2718-0
297,WABPIA__ligand10114-0
298,WABPIA__ligand1493-0
299,WABPIA__ligand57-0
300,WABPIA__ligand851-0
301,WABPIA__ligand909-0
302,WABPIA__ligand7550-0
303,WABPIA__ligand10910-0
304,WABPIA__ligand2762-0
305,WABPIA__ligand1038-0
306,WABPIA__ligand177-0
307,WABPIA__ligand934-0
308,WABPIA__ligand2253-0
309,WABPIA__ligand1160-0
310,WABPIA__ligand2954-0
311,WABPIA__ligand5093-0
312,WABPIA__ligand955-0
313,WABPIA__ligand3890-0
314,WABPIA__ligand252-0
315,WABPIA__ligand4423-0
316,WABPIA__ligand1-0
317,WABPIA__ligand1907-0
318,WABPIA__ligand14530-0
319,WABPIA__ligand830-0
320,WABPIA__ligand1285-0
321,WABPIA__ligand73-0
322,WABPIA__ligand1555-0
323,WABPIA__ligand7630-0
324,WABPIA__ligand193-0
