,TMC
0,LEVYOD__ligand9681-0
1,LEVYOD__ligand16603-0
2,LEVYOD__ligand4332-0
3,LEVYOD__ligand370-0
4,LEVYOD__ligand11814-0
5,LEVYOD__ligand11622-0
6,LEVYOD__ligand1449-0
7,LEVYOD__ligand3012-0
8,LEVYOD__ligand16870-0
9,LEVYOD__ligand1065-0
10,LEVYOD__ligand7530-0
11,LEVYOD__ligand2403-0
12,LEVYOD__ligand15455-0
13,LEVYOD__ligand11177-0
14,LEVYOD__ligand250-0
15,LEVYOD__ligand17686-0
16,LEVYOD__ligand25658-0
17,LEVYOD__ligand3934-0
18,LEVYOD__ligand31205-0
19,LEVYOD__ligand6882-0
20,LEVYOD__ligand6455-0
21,LEVYOD__ligand13260-0
22,LEVYOD__ligand10582-0
23,LEVYOD__ligand188-0
24,LEVYOD__ligand6946-0
25,LEVYOD__ligand1415-0
26,LEVYOD__ligand11252-0
27,LEVYOD__ligand7529-0
28,LEVYOD__ligand18067-0
29,LEVYOD__ligand19824-0
30,LEVYOD__ligand89-0
31,LEVYOD__ligand9148-0
32,LEVYOD__ligand311-0
33,LEVYOD__ligand785-0
34,LEVYOD__ligand49-0
35,LEVYOD__ligand479-0
36,LEVYOD__ligand20821-0
37,LEVYOD__ligand5316-0
38,LEVYOD__ligand26673-0
39,LEVYOD__ligand5483-0
40,LEVYOD__ligand31000-0
41,LEVYOD__ligand5627-0
42,LEVYOD__ligand370-1
43,LEVYOD__ligand620-0
44,LEVYOD__ligand1729-0
45,LEVYOD__ligand2830-0
46,LEVYOD__ligand564-0
47,LEVYOD__ligand11606-0
48,LEVYOD__ligand4813-0
49,LEVYOD__ligand5813-0
50,LEVYOD__ligand4738-0
51,LEVYOD__ligand6062-0
52,LEVYOD__ligand22353-0
53,LEVYOD__ligand6283-0
54,LEVYOD__ligand19668-0
55,LEVYOD__ligand19906-0
56,LEVYOD__ligand909-0
57,LEVYOD__ligand177-0
58,LEVYOD__ligand7107-0
59,LEVYOD__ligand10151-0
60,LEVYOD__ligand3215-0
61,LEVYOD__ligand15387-0
62,LEVYOD__ligand2068-0
63,LEVYOD__ligand252-0
64,LEVYOD__ligand7925-0
65,LEVYOD__ligand20121-0
66,LEVYOD__ligand116-0
67,LEVYOD__ligand20220-0
68,LEVYOD__ligand1147-0
69,LEVYOD__ligand29813-0
70,LEVYOD__ligand16952-0
71,LEVYOD__ligand3973-0
72,LEVYOD__ligand17-0
73,LEVYOD__ligand2599-0
74,LEVYOD__ligand372-0
75,LEVYOD__ligand10853-0
76,LEVYOD__ligand29441-0
77,LEVYOD__ligand4330-0
78,LEVYOD__ligand830-0
79,LEVYOD__ligand11479-0
80,LEVYOD__ligand27610-0
81,LEVYOD__ligand10479-0
82,LEVYOD__ligand11698-0
83,LEVYOD__ligand20530-0
84,LEVYOD__ligand7532-0
85,LEVYOD__ligand14347-0
86,LEVYOD__ligand13657-0
87,LEVYOD__ligand14302-0
88,LEVYOD__ligand4194-0
89,LEVYOD__ligand24851-0
90,LEVYOD__ligand193-0
91,LEVYOD__ligand1900-0
92,LEVYOD__ligand21339-0
93,LEVYOD__ligand14226-0
94,LEVYOD__ligand9197-0
95,LEVYOD__ligand16956-0
96,LEVYOD__ligand20942-1
97,LEVYOD__ligand2328-0
98,LEVYOD__ligand18158-0
99,LEVYOD__ligand27771-0
100,LEVYOD__ligand1773-0
101,LEVYOD__ligand4581-0
102,LEVYOD__ligand29565-0
103,LEVYOD__ligand3029-0
104,LEVYOD__ligand7162-0
105,LEVYOD__ligand23682-0
106,LEVYOD__ligand9809-0
107,LEVYOD__ligand6672-0
108,LEVYOD__ligand1327-0
109,LEVYOD__ligand18019-1
110,LEVYOD__ligand8722-0
111,LEVYOD__ligand197-0
112,LEVYOD__ligand14007-0
113,LEVYOD__ligand3350-0
114,LEVYOD__ligand7573-0
115,LEVYOD__ligand2781-0
116,LEVYOD__ligand2208-0
117,LEVYOD__ligand3208-0
118,LEVYOD__ligand27550-0
119,LEVYOD__ligand11501-0
120,LEVYOD__ligand11544-0
121,LEVYOD__ligand1496-0
122,LEVYOD__ligand7557-0
123,LEVYOD__ligand29214-0
124,LEVYOD__ligand1533-0
125,LEVYOD__ligand11758-0
126,LEVYOD__ligand22357-0
127,LEVYOD__ligand783-0
128,LEVYOD__ligand352-0
129,LEVYOD__ligand21448-0
130,LEVYOD__ligand868-0
131,LEVYOD__ligand11798-0
132,LEVYOD__ligand29334-0
133,LEVYOD__ligand12413-0
134,LEVYOD__ligand5094-0
135,LEVYOD__ligand20731-0
136,LEVYOD__ligand5892-0
137,LEVYOD__ligand17445-0
138,LEVYOD__ligand17069-0
139,LEVYOD__ligand4131-0
140,LEVYOD__ligand1712-0
141,LEVYOD__ligand14477-0
142,LEVYOD__ligand3-0
143,LEVYOD__ligand24953-0
144,LEVYOD__ligand3157-0
145,LEVYOD__ligand23445-0
146,LEVYOD__ligand20432-0
147,LEVYOD__ligand27122-0
148,LEVYOD__ligand1165-0
149,LEVYOD__ligand9525-0
150,LEVYOD__ligand16133-0
151,LEVYOD__ligand13755-0
152,LEVYOD__ligand1-0
153,LEVYOD__ligand134-0
154,LEVYOD__ligand5935-0
155,LEVYOD__ligand1379-0
156,LEVYOD__ligand235-0
157,LEVYOD__ligand25048-0
158,LEVYOD__ligand2722-0
159,LEVYOD__ligand21940-0
160,LEVYOD__ligand3871-0
161,LEVYOD__ligand560-0
162,LEVYOD__ligand1469-0
163,LEVYOD__ligand30004-0
164,LEVYOD__ligand20557-0
165,LEVYOD__ligand1768-0
166,LEVYOD__ligand4850-0
167,LEVYOD__ligand5056-0
168,LEVYOD__ligand1688-0
169,LEVYOD__ligand3647-0
170,LEVYOD__ligand5357-0
171,LEVYOD__ligand294-0
172,LEVYOD__ligand8464-0
173,LEVYOD__ligand1709-0
174,LEVYOD__ligand8349-0
175,LEVYOD__ligand24624-0
176,LEVYOD__ligand18413-0
177,LEVYOD__ligand20844-0
178,LEVYOD__ligand69-0
179,LEVYOD__ligand24560-0
180,LEVYOD__ligand18757-0
181,LEVYOD__ligand2527-0
182,LEVYOD__ligand5849-0
183,LEVYOD__ligand421-0
184,LEVYOD__ligand21752-0
185,LEVYOD__ligand11-0
186,LEVYOD__ligand3392-0
187,LEVYOD__ligand13691-0
188,LEVYOD__ligand685-0
189,LEVYOD__ligand30788-0
190,LEVYOD__ligand1771-0
191,LEVYOD__ligand14339-0
192,LEVYOD__ligand4911-0
193,LEVYOD__ligand447-0
194,LEVYOD__ligand12453-0
195,LEVYOD__ligand18448-0
196,LEVYOD__ligand28459-0
197,LEVYOD__ligand9908-0
198,LEVYOD__ligand32-0
199,LEVYOD__ligand1263-0
200,LEVYOD__ligand746-0
201,LEVYOD__ligand7242-0
202,LEVYOD__ligand176-0
203,LEVYOD__ligand7106-0
204,LEVYOD__ligand19184-0
205,LEVYOD__ligand18568-0
206,LEVYOD__ligand28685-0
207,LEVYOD__ligand3718-0
208,LEVYOD__ligand6616-0
209,LEVYOD__ligand1343-0
210,LEVYOD__ligand3876-0
211,LEVYOD__ligand3035-0
212,LEVYOD__ligand13672-0
213,LEVYOD__ligand1844-0
214,LEVYOD__ligand4661-0
215,LEVYOD__ligand3504-0
216,LEVYOD__ligand487-0
217,LEVYOD__ligand10371-0
218,LEVYOD__ligand1959-0
219,LEVYOD__ligand1573-0
220,LEVYOD__ligand1536-0
221,LEVYOD__ligand9935-0
222,LEVYOD__ligand23197-0
223,LEVYOD__ligand3852-0
224,LEVYOD__ligand2485-0
225,LEVYOD__ligand506-0
226,LEVYOD__ligand6919-0
227,LEVYOD__ligand1512-0
228,LEVYOD__ligand5331-0
229,LEVYOD__ligand29029-0
230,LEVYOD__ligand3565-0
231,LEVYOD__ligand27285-0
232,LEVYOD__ligand30142-0
233,LEVYOD__ligand4720-0
234,LEVYOD__ligand27669-0
235,LEVYOD__ligand8969-0
236,LEVYOD__ligand3131-0
237,LEVYOD__ligand16-0
238,LEVYOD__ligand3174-0
239,LEVYOD__ligand3937-0
240,LEVYOD__ligand1202-0
241,LEVYOD__ligand13477-0
242,LEVYOD__ligand14167-0
243,LEVYOD__ligand6839-0
244,LEVYOD__ligand5211-0
245,LEVYOD__ligand152-0
246,LEVYOD__ligand4155-0
247,LEVYOD__ligand3094-0
248,LEVYOD__ligand9291-0
249,LEVYOD__ligand15926-0
250,LEVYOD__ligand10828-0
251,LEVYOD__ligand2176-0
252,LEVYOD__ligand19792-0
253,LEVYOD__ligand51-0
254,LEVYOD__ligand11096-0
255,LEVYOD__ligand11447-0
256,LEVYOD__ligand28810-0
257,LEVYOD__ligand2232-0
258,LEVYOD__ligand24230-0
259,LEVYOD__ligand4157-0
260,LEVYOD__ligand115-0
261,LEVYOD__ligand15883-0
262,LEVYOD__ligand5256-0
263,LEVYOD__ligand9833-0
264,LEVYOD__ligand11970-0
265,LEVYOD__ligand7648-0
266,LEVYOD__ligand8876-0
267,LEVYOD__ligand2828-0
268,LEVYOD__ligand21919-0
269,LEVYOD__ligand4546-0
270,LEVYOD__ligand4503-0
271,LEVYOD__ligand22168-0
272,LEVYOD__ligand28930-0
273,LEVYOD__ligand22294-0
274,LEVYOD__ligand1285-0
275,LEVYOD__ligand91-0
276,LEVYOD__ligand833-0
277,LEVYOD__ligand28743-0
278,LEVYOD__ligand15531-0
279,LEVYOD__ligand11357-0
280,LEVYOD__ligand13862-0
281,LEVYOD__ligand1982-0
282,LEVYOD__ligand7000-0
283,LEVYOD__ligand8115-0
284,LEVYOD__ligand12365-0
285,LEVYOD__ligand10056-0
286,LEVYOD__ligand6768-0
287,LEVYOD__ligand31044-0
288,LEVYOD__ligand31842-0
289,LEVYOD__ligand7238-0
290,LEVYOD__ligand11994-0
291,LEVYOD__ligand1304-0
292,LEVYOD__ligand24035-0
293,LEVYOD__ligand1790-0
294,LEVYOD__ligand7280-0
295,LEVYOD__ligand784-0
296,LEVYOD__ligand48-0
297,LEVYOD__ligand1219-0
298,LEVYOD__ligand6709-0
299,LEVYOD__ligand14614-0
300,LEVYOD__ligand7867-0
301,LEVYOD__ligand16663-0
302,LEVYOD__ligand4016-0
303,LEVYOD__ligand8699-0
304,LEVYOD__ligand1160-0
305,LEVYOD__ligand9520-0
306,LEVYOD__ligand395-0
307,LEVYOD__ligand25913-0
308,LEVYOD__ligand368-0
309,LEVYOD__ligand3954-0
310,LEVYOD__ligand4093-0
311,LEVYOD__ligand16988-0
312,LEVYOD__ligand4442-0
313,LEVYOD__ligand7629-0
314,LEVYOD__ligand4272-0
315,LEVYOD__ligand1451-0
316,LEVYOD__ligand11682-0
317,LEVYOD__ligand9784-0
318,LEVYOD__ligand4-0
319,LEVYOD__ligand30711-0
320,LEVYOD__ligand20207-0
321,LEVYOD__ligand813-0
322,LEVYOD__ligand12001-0
323,LEVYOD__ligand1631-0
324,LEVYOD__ligand780-0
325,LEVYOD__ligand10033-0
326,LEVYOD__ligand314-0
327,LEVYOD__ligand9933-0
328,LEVYOD__ligand1575-0
329,LEVYOD__ligand24644-0
330,LEVYOD__ligand1530-0
331,LEVYOD__ligand24872-0
332,LEVYOD__ligand27840-0
333,LEVYOD__ligand2332-0
334,LEVYOD__ligand30728-0
335,LEVYOD__ligand9441-0
336,LEVYOD__ligand17396-0
337,LEVYOD__ligand15788-0
338,LEVYOD__ligand618-0
339,LEVYOD__ligand23175-0
340,LEVYOD__ligand6244-0
341,LEVYOD__ligand13220-0
342,LEVYOD__ligand1378-0
343,LEVYOD__ligand11587-0
344,LEVYOD__ligand22444-0
345,LEVYOD__ligand2915-0
346,LEVYOD__ligand34-0
347,LEVYOD__ligand3156-0
348,LEVYOD__ligand24111-0
349,LEVYOD__ligand14569-0
350,LEVYOD__ligand13385-0
351,LEVYOD__ligand391-0
352,LEVYOD__ligand7967-0
353,LEVYOD__ligand6124-0
354,LEVYOD__ligand3707-0
355,LEVYOD__ligand17427-0
356,LEVYOD__ligand4116-0
357,LEVYOD__ligand1018-0
358,LEVYOD__ligand29486-0
359,LEVYOD__ligand8992-0
360,LEVYOD__ligand9601-0
361,LEVYOD__ligand465-0
362,LEVYOD__ligand31694-0
363,LEVYOD__ligand55-0
364,LEVYOD__ligand68-0
365,LEVYOD__ligand9952-0
366,LEVYOD__ligand9111-0
367,LEVYOD__ligand1615-0
368,LEVYOD__ligand25561-0
369,LEVYOD__ligand2526-0
370,LEVYOD__ligand5036-0
371,LEVYOD__ligand22129-0
372,LEVYOD__ligand1823-0
373,LEVYOD__ligand24780-0
374,LEVYOD__ligand5643-0
375,LEVYOD__ligand314-1
376,LEVYOD__ligand12138-0
377,LEVYOD__ligand8721-0
378,LEVYOD__ligand1324-0
379,LEVYOD__ligand11949-0
380,LEVYOD__ligand27239-0
381,LEVYOD__ligand21729-0
382,LEVYOD__ligand26324-0
383,LEVYOD__ligand28559-0
384,LEVYOD__ligand196-0
385,LEVYOD__ligand14043-0
386,LEVYOD__ligand4641-0
387,LEVYOD__ligand19927-0
388,LEVYOD__ligand8835-0
389,LEVYOD__ligand2028-0
390,LEVYOD__ligand686-0
391,LEVYOD__ligand7126-0
392,LEVYOD__ligand11618-0
393,LEVYOD__ligand57-0
394,LEVYOD__ligand26529-0
395,LEVYOD__ligand422-0
396,LEVYOD__ligand1142-0
397,LEVYOD__ligand3234-0
398,LEVYOD__ligand6102-0
399,LEVYOD__ligand6596-0
400,LEVYOD__ligand16369-0
401,LEVYOD__ligand3721-0
402,LEVYOD__ligand6904-0
403,LEVYOD__ligand11111-0
404,LEVYOD__ligand28540-0
405,LEVYOD__ligand20695-0
406,LEVYOD__ligand27754-0
407,LEVYOD__ligand3465-0
408,LEVYOD__ligand393-0
409,LEVYOD__ligand7819-0
410,LEVYOD__ligand2917-0
411,LEVYOD__ligand22403-0
412,LEVYOD__ligand1577-0
413,LEVYOD__ligand6067-0
414,LEVYOD__ligand2295-0
415,LEVYOD__ligand10872-0
416,LEVYOD__ligand353-0
417,LEVYOD__ligand21399-0
418,LEVYOD__ligand16148-0
419,LEVYOD__ligand26631-0
420,LEVYOD__ligand12003-0
421,LEVYOD__ligand4620-0
422,LEVYOD__ligand29215-0
423,LEVYOD__ligand42-0
424,LEVYOD__ligand3926-0
425,LEVYOD__ligand3120-0
426,LEVYOD__ligand20251-1
427,LEVYOD__ligand4358-0
428,LEVYOD__ligand2221-0
429,LEVYOD__ligand4101-0
430,LEVYOD__ligand5595-0
431,LEVYOD__ligand693-0
432,LEVYOD__ligand14703-0
433,LEVYOD__ligand16475-0
434,LEVYOD__ligand22557-0
435,LEVYOD__ligand5510-0
436,LEVYOD__ligand10589-0
437,LEVYOD__ligand24047-0
438,LEVYOD__ligand1376-0
439,LEVYOD__ligand11675-0
440,LEVYOD__ligand9773-0
441,LEVYOD__ligand20598-0
442,LEVYOD__ligand17398-0
443,LEVYOD__ligand2259-0
444,LEVYOD__ligand1296-0
445,LEVYOD__ligand29414-0
446,LEVYOD__ligand8592-0
447,LEVYOD__ligand17982-0
448,LEVYOD__ligand5099-0
449,LEVYOD__ligand20011-0
450,LEVYOD__ligand17278-0
451,LEVYOD__ligand1197-0
452,LEVYOD__ligand30851-0
453,LEVYOD__ligand14889-0
454,LEVYOD__ligand7293-0
455,LEVYOD__ligand2822-0
456,LEVYOD__ligand3867-0
457,LEVYOD__ligand29568-0
458,LEVYOD__ligand1317-0
459,LEVYOD__ligand28789-0
460,LEVYOD__ligand5304-0
461,LEVYOD__ligand9167-0
462,LEVYOD__ligand17118-0
463,LEVYOD__ligand21371-0
464,LEVYOD__ligand2238-0
465,LEVYOD__ligand20419-0
466,LEVYOD__ligand757-0
467,LEVYOD__ligand17261-0
468,LEVYOD__ligand14117-0
469,LEVYOD__ligand66-0
470,LEVYOD__ligand5080-0
471,LEVYOD__ligand7762-0
472,LEVYOD__ligand21581-0
473,LEVYOD__ligand31097-0
474,LEVYOD__ligand1407-0
475,LEVYOD__ligand6117-0
476,LEVYOD__ligand8002-0
477,LEVYOD__ligand5509-0
478,LEVYOD__ligand30702-0
479,LEVYOD__ligand20214-0
480,LEVYOD__ligand20251-0
481,LEVYOD__ligand20539-0
482,LEVYOD__ligand122-0
483,LEVYOD__ligand3945-0
484,LEVYOD__ligand5383-0
485,LEVYOD__ligand2693-0
486,LEVYOD__ligand384-0
487,LEVYOD__ligand13390-0
488,LEVYOD__ligand9344-0
489,LEVYOD__ligand20682-0
490,LEVYOD__ligand8000-0
491,LEVYOD__ligand3736-0
492,LEVYOD__ligand7291-0
493,LEVYOD__ligand13208-0
494,LEVYOD__ligand27482-0
495,LEVYOD__ligand26810-0
496,LEVYOD__ligand3677-1
497,LEVYOD__ligand9883-0
498,LEVYOD__ligand768-0
499,LEVYOD__ligand2985-0
500,LEVYOD__ligand4007-0
501,LEVYOD__ligand9299-0
502,LEVYOD__ligand13294-0
503,LEVYOD__ligand6699-0
504,LEVYOD__ligand31832-0
505,LEVYOD__ligand3677-0
506,LEVYOD__ligand3632-0
507,LEVYOD__ligand13331-0
508,LEVYOD__ligand38-0
509,LEVYOD__ligand28884-0
510,LEVYOD__ligand14248-0
511,LEVYOD__ligand29879-0
512,LEVYOD__ligand1294-0
513,LEVYOD__ligand1168-0
514,LEVYOD__ligand12030-0
515,LEVYOD__ligand11456-0
516,LEVYOD__ligand6892-0
517,LEVYOD__ligand10712-0
518,LEVYOD__ligand14174-0
519,LEVYOD__ligand1211-0
520,LEVYOD__ligand1464-0
521,LEVYOD__ligand3712-0
522,LEVYOD__ligand240-0
523,LEVYOD__ligand2881-0
524,LEVYOD__ligand25411-0
525,LEVYOD__ligand141-0
526,LEVYOD__ligand1499-0
527,LEVYOD__ligand1604-0
528,LEVYOD__ligand14108-0
529,LEVYOD__ligand1228-0
530,LEVYOD__ligand9943-0
531,LEVYOD__ligand321-0
532,LEVYOD__ligand185-0
533,LEVYOD__ligand2043-0
534,LEVYOD__ligand10958-0
535,LEVYOD__ligand279-0
536,LEVYOD__ligand12641-0
537,LEVYOD__ligand8788-0
538,LEVYOD__ligand178-0
539,LEVYOD__ligand8-0
540,LEVYOD__ligand1832-0
541,LEVYOD__ligand2417-0
542,LEVYOD__ligand27763-0
543,LEVYOD__ligand28676-0
544,LEVYOD__ligand10262-0
545,LEVYOD__ligand201-0
546,LEVYOD__ligand9284-0
547,LEVYOD__ligand13425-0
548,LEVYOD__ligand29302-0
549,LEVYOD__ligand6391-0
550,LEVYOD__ligand3126-0
551,LEVYOD__ligand1114-0
552,LEVYOD__ligand19057-0
553,LEVYOD__ligand18814-0
554,LEVYOD__ligand12231-0
555,LEVYOD__ligand12130-0
556,LEVYOD__ligand17387-0
557,LEVYOD__ligand26702-0
558,LEVYOD__ligand13658-0
559,LEVYOD__ligand18292-0
560,LEVYOD__ligand12289-0
561,LEVYOD__ligand13068-0
562,LEVYOD__ligand19830-0
563,LEVYOD__ligand5387-0
564,LEVYOD__ligand2203-0
565,LEVYOD__ligand10476-0
566,LEVYOD__ligand1289-0
567,LEVYOD__ligand24145-0
568,LEVYOD__ligand338-0
569,LEVYOD__ligand12401-0
570,LEVYOD__ligand15585-0
571,LEVYOD__ligand18-0
572,LEVYOD__ligand25178-0
573,LEVYOD__ligand2612-0
574,LEVYOD__ligand1599-0
575,LEVYOD__ligand23769-0
576,LEVYOD__ligand24185-0
577,LEVYOD__ligand9450-0
578,LEVYOD__ligand17805-0
579,LEVYOD__ligand17302-0
580,LEVYOD__ligand26665-0
581,LEVYOD__ligand4807-0
582,LEVYOD__ligand13012-0
583,LEVYOD__ligand845-0
584,LEVYOD__ligand17631-0
585,LEVYOD__ligand17258-0
586,LEVYOD__ligand14603-0
587,LEVYOD__ligand3178-0
588,LEVYOD__ligand14297-0
589,LEVYOD__ligand9753-0
590,LEVYOD__ligand5530-0
591,LEVYOD__ligand1787-0
592,LEVYOD__ligand1356-0
593,LEVYOD__ligand31783-0
594,LEVYOD__ligand5159-0
595,LEVYOD__ligand7196-0
596,LEVYOD__ligand19641-0
597,LEVYOD__ligand20578-0
598,LEVYOD__ligand163-0
599,LEVYOD__ligand12934-0
600,LEVYOD__ligand5649-0
601,LEVYOD__ligand2788-0
602,LEVYOD__ligand126-0
603,LEVYOD__ligand8793-0
604,LEVYOD__ligand15422-0
605,LEVYOD__ligand4649-0
606,LEVYOD__ligand27893-0
607,LEVYOD__ligand14723-0
608,LEVYOD__ligand30988-0
609,LEVYOD__ligand2906-0
610,LEVYOD__ligand3244-0
611,LEVYOD__ligand23713-0
612,LEVYOD__ligand4711-0
613,LEVYOD__ligand27175-0
614,LEVYOD__ligand18832-0
615,LEVYOD__ligand7172-0
616,LEVYOD__ligand27460-0
617,LEVYOD__ligand596-0
618,LEVYOD__ligand941-0
619,LEVYOD__ligand9323-0
620,LEVYOD__ligand7273-0
621,LEVYOD__ligand16628-0
622,LEVYOD__ligand1116-0
623,LEVYOD__ligand3225-0
624,LEVYOD__ligand1153-0
625,LEVYOD__ligand2260-0
626,LEVYOD__ligand7092-0
627,LEVYOD__ligand777-0
628,LEVYOD__ligand20740-0
629,LEVYOD__ligand28468-0
630,LEVYOD__ligand2124-0
631,LEVYOD__ligand12427-0
632,LEVYOD__ligand8612-0
633,LEVYOD__ligand29410-0
634,LEVYOD__ligand12337-0
635,LEVYOD__ligand366-0
636,LEVYOD__ligand6017-0
637,LEVYOD__ligand26540-0
638,LEVYOD__ligand5708-0
639,LEVYOD__ligand17281-0
640,LEVYOD__ligand30296-0
641,LEVYOD__ligand7316-0
642,LEVYOD__ligand657-0
643,LEVYOD__ligand12606-0
644,LEVYOD__ligand30333-0
645,LEVYOD__ligand5180-0
646,LEVYOD__ligand187-0
647,LEVYOD__ligand31248-0
648,LEVYOD__ligand300-0
649,LEVYOD__ligand25650-0
650,LEVYOD__ligand2027-0
651,LEVYOD__ligand19257-0
652,LEVYOD__ligand13209-0
653,LEVYOD__ligand588-0
654,LEVYOD__ligand1015-0
655,LEVYOD__ligand1050-0
656,LEVYOD__ligand12660-0
657,LEVYOD__ligand1028-0
658,LEVYOD__ligand11206-0
659,LEVYOD__ligand23124-0
660,LEVYOD__ligand4262-0
661,LEVYOD__ligand25735-0
662,LEVYOD__ligand199-0
663,LEVYOD__ligand12519-0
664,LEVYOD__ligand2692-0
665,LEVYOD__ligand1618-0
666,LEVYOD__ligand21132-0
667,LEVYOD__ligand11166-0
668,LEVYOD__ligand4596-0
669,LEVYOD__ligand23906-0
670,LEVYOD__ligand1498-0
671,LEVYOD__ligand1154-0
672,LEVYOD__ligand30539-0
673,LEVYOD__ligand9615-0
674,LEVYOD__ligand409-0
675,LEVYOD__ligand361-0
676,LEVYOD__ligand324-0
677,LEVYOD__ligand25575-0
678,LEVYOD__ligand8529-0
679,LEVYOD__ligand21787-0
680,LEVYOD__ligand1169-0
681,LEVYOD__ligand25689-0
682,LEVYOD__ligand12295-0
683,LEVYOD__ligand27835-0
684,LEVYOD__ligand14523-0
685,LEVYOD__ligand27169-0
686,LEVYOD__ligand18391-0
687,LEVYOD__ligand9944-0
688,LEVYOD__ligand8593-0
689,LEVYOD__ligand326-0
690,LEVYOD__ligand22981-0
691,LEVYOD__ligand25805-0
692,LEVYOD__ligand2001-0
693,LEVYOD__ligand20599-0
694,LEVYOD__ligand27074-0
695,LEVYOD__ligand7566-0
696,LEVYOD__ligand23904-0
697,LEVYOD__ligand692-0
698,LEVYOD__ligand13257-0
699,LEVYOD__ligand21936-0
700,LEVYOD__ligand5201-0
701,LEVYOD__ligand43-0
702,LEVYOD__ligand12467-0
703,LEVYOD__ligand436-0
704,LEVYOD__ligand1113-0
705,LEVYOD__ligand25267-0
706,LEVYOD__ligand8553-0
707,LEVYOD__ligand10084-0
708,LEVYOD__ligand11140-0
709,LEVYOD__ligand4161-0
710,LEVYOD__ligand3471-0
711,LEVYOD__ligand4124-0
712,LEVYOD__ligand29610-0
713,LEVYOD__ligand29863-0
714,LEVYOD__ligand13869-0
715,LEVYOD__ligand18074-0
716,LEVYOD__ligand67-0
717,LEVYOD__ligand5415-0
718,LEVYOD__ligand18465-0
719,LEVYOD__ligand2650-0
720,LEVYOD__ligand2281-0
721,LEVYOD__ligand4340-0
722,LEVYOD__ligand18799-0
723,LEVYOD__ligand3180-0
724,LEVYOD__ligand497-0
725,LEVYOD__ligand633-0
726,LEVYOD__ligand28668-0
727,LEVYOD__ligand6995-0
728,LEVYOD__ligand16791-0
729,LEVYOD__ligand2823-0
730,LEVYOD__ligand416-0
731,LEVYOD__ligand14586-0
732,LEVYOD__ligand11774-0
733,LEVYOD__ligand3144-0
734,LEVYOD__ligand5085-0
735,LEVYOD__ligand383-0
736,LEVYOD__ligand4710-0
737,LEVYOD__ligand21421-0
738,LEVYOD__ligand5755-0
739,LEVYOD__ligand11568-0
740,LEVYOD__ligand1397-0
741,LEVYOD__ligand7213-0
742,LEVYOD__ligand20579-0
743,LEVYOD__ligand17710-0
744,LEVYOD__ligand162-0
745,LEVYOD__ligand1828-0
746,LEVYOD__ligand6112-0
747,LEVYOD__ligand8042-0
748,LEVYOD__ligand226-0
749,LEVYOD__ligand1786-0
750,LEVYOD__ligand10555-0
751,LEVYOD__ligand5630-0
752,LEVYOD__ligand31483-0
753,LEVYOD__ligand19725-0
754,LEVYOD__ligand1908-0
755,LEVYOD__ligand3285-0
756,LEVYOD__ligand4795-0
757,LEVYOD__ligand24613-0
758,LEVYOD__ligand5280-0
759,LEVYOD__ligand5614-0
760,LEVYOD__ligand1831-0
761,LEVYOD__ligand656-0
762,LEVYOD__ligand5515-0
763,LEVYOD__ligand6663-0
764,LEVYOD__ligand12336-0
765,LEVYOD__ligand13072-0
766,LEVYOD__ligand1152-0
767,LEVYOD__ligand3261-0
768,LEVYOD__ligand5019-0
769,LEVYOD__ligand17590-0
770,LEVYOD__ligand1216-0
771,LEVYOD__ligand17240-0
772,LEVYOD__ligand18699-0
773,LEVYOD__ligand696-0
774,LEVYOD__ligand12682-0
775,LEVYOD__ligand1849-0
776,LEVYOD__ligand17207-0
777,LEVYOD__ligand430-0
778,LEVYOD__ligand31578-0
779,LEVYOD__ligand1539-0
780,LEVYOD__ligand45-0
781,LEVYOD__ligand358-0
782,LEVYOD__ligand17945-0
783,LEVYOD__ligand1150-0
784,LEVYOD__ligand488-0
785,LEVYOD__ligand18013-0
786,LEVYOD__ligand25224-0
787,LEVYOD__ligand3453-0
788,LEVYOD__ligand3416-0
789,LEVYOD__ligand24750-0
790,LEVYOD__ligand4207-0
791,LEVYOD__ligand694-0
792,LEVYOD__ligand3042-0
793,LEVYOD__ligand28924-0
794,LEVYOD__ligand15438-0
795,LEVYOD__ligand18703-0
796,LEVYOD__ligand4063-0
797,LEVYOD__ligand7438-0
798,LEVYOD__ligand8200-0
799,LEVYOD__ligand78-0
800,LEVYOD__ligand29087-0
801,LEVYOD__ligand6993-0
802,LEVYOD__ligand1817-0
803,LEVYOD__ligand23589-0
804,LEVYOD__ligand1779-0
805,LEVYOD__ligand670-0
806,LEVYOD__ligand24064-0
807,LEVYOD__ligand9750-0
808,LEVYOD__ligand534-0
809,LEVYOD__ligand571-0
810,LEVYOD__ligand19-0
811,LEVYOD__ligand7075-0
812,LEVYOD__ligand15168-0
813,LEVYOD__ligand1149-0
814,LEVYOD__ligand3980-0
815,LEVYOD__ligand3557-0
816,LEVYOD__ligand22755-0
817,LEVYOD__ligand10432-0
818,LEVYOD__ligand11432-0
819,LEVYOD__ligand1288-0
820,LEVYOD__ligand31618-0
821,LEVYOD__ligand29898-0
822,LEVYOD__ligand24-0
823,LEVYOD__ligand26277-0
824,LEVYOD__ligand9491-0
825,LEVYOD__ligand4266-0
826,LEVYOD__ligand1400-0
827,LEVYOD__ligand4167-0
