,TMC
0,RARFAR__ligand28789-0
1,RARFAR__ligand20419-0
2,RARFAR__ligand8464-0
3,RARFAR__ligand1709-0
4,RARFAR__ligand21371-0
5,RARFAR__ligand8349-0
6,RARFAR__ligand17118-0
7,RARFAR__ligand14889-0
8,RARFAR__ligand2527-0
9,RARFAR__ligand30851-0
10,RARFAR__ligand29568-0
11,RARFAR__ligand694-0
12,RARFAR__ligand31097-0
13,RARFAR__ligand21581-0
14,RARFAR__ligand5849-0
15,RARFAR__ligand20539-0
16,RARFAR__ligand20251-0
17,RARFAR__ligand20214-0
18,RARFAR__ligand30702-0
19,RARFAR__ligand488-0
20,RARFAR__ligand1771-0
21,RARFAR__ligand4911-0
22,RARFAR__ligand48-0
23,RARFAR__ligand358-0
24,RARFAR__ligand3392-0
25,RARFAR__ligand14117-0
26,RARFAR__ligand430-0
27,RARFAR__ligand17261-0
28,RARFAR__ligand1165-0
29,RARFAR__ligand9525-0
30,RARFAR__ligand3157-0
31,RARFAR__ligand16475-0
32,RARFAR__ligand14703-0
33,RARFAR__ligand1379-0
34,RARFAR__ligand20251-1
35,RARFAR__ligand2722-0
36,RARFAR__ligand91-0
37,RARFAR__ligand5935-0
38,RARFAR__ligand51-0
39,RARFAR__ligand1768-0
40,RARFAR__ligand3871-0
41,RARFAR__ligand17278-0
42,RARFAR__ligand20011-0
43,RARFAR__ligand17982-0
44,RARFAR__ligand1469-0
45,RARFAR__ligand29414-0
46,RARFAR__ligand534-0
47,RARFAR__ligand20598-0
48,RARFAR__ligand571-0
49,RARFAR__ligand11675-0
50,RARFAR__ligand1688-0
51,RARFAR__ligand3647-0
52,RARFAR__ligand24047-0
53,RARFAR__ligand5357-0
54,RARFAR__ligand22557-0
55,RARFAR__ligand10589-0
56,RARFAR__ligand670-0
57,RARFAR__ligand4850-0
58,RARFAR__ligand5056-0
59,RARFAR__ligand17398-0
60,RARFAR__ligand28884-0
61,RARFAR__ligand13331-0
62,RARFAR__ligand12030-0
63,RARFAR__ligand29879-0
64,RARFAR__ligand16-0
65,RARFAR__ligand1496-0
66,RARFAR__ligand14248-0
67,RARFAR__ligand7557-0
68,RARFAR__ligand31832-0
69,RARFAR__ligand13294-0
70,RARFAR__ligand1533-0
71,RARFAR__ligand226-0
72,RARFAR__ligand5094-0
73,RARFAR__ligand5892-0
74,RARFAR__ligand162-0
75,RARFAR__ligand25411-0
76,RARFAR__ligand4131-0
77,RARFAR__ligand1712-0
78,RARFAR__ligand11456-0
79,RARFAR__ligand383-0
80,RARFAR__ligand14174-0
81,RARFAR__ligand10712-0
82,RARFAR__ligand416-0
83,RARFAR__ligand20682-0
84,RARFAR__ligand1900-0
85,RARFAR__ligand9197-0
86,RARFAR__ligand696-0
87,RARFAR__ligand3029-0
88,RARFAR__ligand7162-0
89,RARFAR__ligand13390-0
90,RARFAR__ligand2328-0
91,RARFAR__ligand1773-0
92,RARFAR__ligand4581-0
93,RARFAR__ligand32-0
94,RARFAR__ligand3350-0
95,RARFAR__ligand7573-0
96,RARFAR__ligand2781-0
97,RARFAR__ligand9809-0
98,RARFAR__ligand6672-0
99,RARFAR__ligand1327-0
100,RARFAR__ligand8722-0
101,RARFAR__ligand13208-0
102,RARFAR__ligand2208-0
103,RARFAR__ligand656-0
104,RARFAR__ligand3208-0
105,RARFAR__ligand26810-0
106,RARFAR__ligand27482-0
107,RARFAR__ligand10476-0
108,RARFAR__ligand19830-0
109,RARFAR__ligand13068-0
110,RARFAR__ligand15585-0
111,RARFAR__ligand2068-0
112,RARFAR__ligand436-0
113,RARFAR__ligand12401-0
114,RARFAR__ligand7925-0
115,RARFAR__ligand24145-0
116,RARFAR__ligand3973-0
117,RARFAR__ligand12231-0
118,RARFAR__ligand692-0
119,RARFAR__ligand12289-0
120,RARFAR__ligand18292-0
121,RARFAR__ligand13658-0
122,RARFAR__ligand26702-0
123,RARFAR__ligand1147-0
124,RARFAR__ligand12130-0
125,RARFAR__ligand17387-0
126,RARFAR__ligand17805-0
127,RARFAR__ligand2599-0
128,RARFAR__ligand17302-0
129,RARFAR__ligand4330-0
130,RARFAR__ligand4194-0
131,RARFAR__ligand326-0
132,RARFAR__ligand25178-0
133,RARFAR__ligand24185-0
134,RARFAR__ligand7532-0
135,RARFAR__ligand23769-0
136,RARFAR__ligand6062-0
137,RARFAR__ligand10958-0
138,RARFAR__ligand4813-0
139,RARFAR__ligand5813-0
140,RARFAR__ligand633-0
141,RARFAR__ligand12641-0
142,RARFAR__ligand4738-0
143,RARFAR__ligand1-0
144,RARFAR__ligand497-0
145,RARFAR__ligand57-0
146,RARFAR__ligand6283-0
147,RARFAR__ligand14108-0
148,RARFAR__ligand7107-0
149,RARFAR__ligand13425-0
150,RARFAR__ligand29302-0
151,RARFAR__ligand18814-0
152,RARFAR__ligand19057-0
153,RARFAR__ligand10262-0
154,RARFAR__ligand28676-0
155,RARFAR__ligand27763-0
156,RARFAR__ligand3215-0
157,RARFAR__ligand68-0
158,RARFAR__ligand7529-0
159,RARFAR__ligand16628-0
160,RARFAR__ligand12427-0
161,RARFAR__ligand20740-0
162,RARFAR__ligand28468-0
163,RARFAR__ligand1415-0
164,RARFAR__ligand6946-0
165,RARFAR__ligand27460-0
166,RARFAR__ligand199-0
167,RARFAR__ligand9148-0
168,RARFAR__ligand12606-0
169,RARFAR__ligand3-0
170,RARFAR__ligand5483-0
171,RARFAR__ligand588-0
172,RARFAR__ligand30333-0
173,RARFAR__ligand5316-0
174,RARFAR__ligand26540-0
175,RARFAR__ligand2830-0
176,RARFAR__ligand300-0
177,RARFAR__ligand12337-0
178,RARFAR__ligand29410-0
179,RARFAR__ligand55-0
180,RARFAR__ligand5627-0
181,RARFAR__ligand30296-0
182,RARFAR__ligand17281-0
183,RARFAR__ligand1729-0
184,RARFAR__ligand31783-0
185,RARFAR__ligand4332-0
186,RARFAR__ligand9681-0
187,RARFAR__ligand17631-0
188,RARFAR__ligand13012-0
189,RARFAR__ligand1065-0
190,RARFAR__ligand34-0
191,RARFAR__ligand26665-0
192,RARFAR__ligand7530-0
193,RARFAR__ligand361-0
194,RARFAR__ligand324-0
195,RARFAR__ligand14297-0
196,RARFAR__ligand14603-0
197,RARFAR__ligand1449-0
198,RARFAR__ligand3012-0
199,RARFAR__ligand17258-0
200,RARFAR__ligand409-0
201,RARFAR__ligand30988-0
202,RARFAR__ligand18832-0
203,RARFAR__ligand2403-0
204,RARFAR__ligand27175-0
205,RARFAR__ligand23713-0
206,RARFAR__ligand15422-0
207,RARFAR__ligand12934-0
208,RARFAR__ligand20578-0
209,RARFAR__ligand6882-0
210,RARFAR__ligand6455-0
211,RARFAR__ligand19641-0
212,RARFAR__ligand14723-0
213,RARFAR__ligand27893-0
214,RARFAR__ligand3934-0
215,RARFAR__ligand3465-0
216,RARFAR__ligand6102-0
217,RARFAR__ligand6596-0
218,RARFAR__ligand3721-0
219,RARFAR__ligand6904-0
220,RARFAR__ligand30539-0
221,RARFAR__ligand11166-0
222,RARFAR__ligand7819-0
223,RARFAR__ligand2917-0
224,RARFAR__ligand21132-0
225,RARFAR__ligand163-0
226,RARFAR__ligand126-0
227,RARFAR__ligand23906-0
228,RARFAR__ligand27835-0
229,RARFAR__ligand12295-0
230,RARFAR__ligand4-0
231,RARFAR__ligand1577-0
232,RARFAR__ligand6067-0
233,RARFAR__ligand2295-0
234,RARFAR__ligand845-0
235,RARFAR__ligand25689-0
236,RARFAR__ligand21787-0
237,RARFAR__ligand4620-0
238,RARFAR__ligand17-0
239,RARFAR__ligand25575-0
240,RARFAR__ligand187-0
241,RARFAR__ligand19257-0
242,RARFAR__ligand13209-0
243,RARFAR__ligand12660-0
244,RARFAR__ligand657-0
245,RARFAR__ligand4641-0
246,RARFAR__ligand25650-0
247,RARFAR__ligand366-0
248,RARFAR__ligand31248-0
249,RARFAR__ligand8835-0
250,RARFAR__ligand2028-0
251,RARFAR__ligand7126-0
252,RARFAR__ligand777-0
253,RARFAR__ligand1142-0
254,RARFAR__ligand3234-0
255,RARFAR__ligand23124-0
256,RARFAR__ligand11206-0
257,RARFAR__ligand596-0
258,RARFAR__ligand941-0
259,RARFAR__ligand12519-0
260,RARFAR__ligand25735-0
261,RARFAR__ligand18074-0
262,RARFAR__ligand4116-0
263,RARFAR__ligand13869-0
264,RARFAR__ligand29863-0
265,RARFAR__ligand49-0
266,RARFAR__ligand1018-0
267,RARFAR__ligand7967-0
268,RARFAR__ligand6124-0
269,RARFAR__ligand3707-0
270,RARFAR__ligand9601-0
271,RARFAR__ligand11140-0
272,RARFAR__ligand201-0
273,RARFAR__ligand29610-0
274,RARFAR__ligand8992-0
275,RARFAR__ligand1615-0
276,RARFAR__ligand2526-0
277,RARFAR__ligand5036-0
278,RARFAR__ligand28668-0
279,RARFAR__ligand178-0
280,RARFAR__ligand279-0
281,RARFAR__ligand185-0
282,RARFAR__ligand9952-0
283,RARFAR__ligand9111-0
284,RARFAR__ligand16791-0
285,RARFAR__ligand321-0
286,RARFAR__ligand18799-0
287,RARFAR__ligand8721-0
288,RARFAR__ligand89-0
289,RARFAR__ligand1324-0
290,RARFAR__ligand18465-0
291,RARFAR__ligand1823-0
292,RARFAR__ligand5643-0
293,RARFAR__ligand20599-0
294,RARFAR__ligand9933-0
295,RARFAR__ligand1575-0
296,RARFAR__ligand1530-0
297,RARFAR__ligand25805-0
298,RARFAR__ligand22981-0
299,RARFAR__ligand1631-0
300,RARFAR__ligand27074-0
301,RARFAR__ligand18391-0
302,RARFAR__ligand2332-0
303,RARFAR__ligand27169-0
304,RARFAR__ligand9441-0
305,RARFAR__ligand14523-0
306,RARFAR__ligand1378-0
307,RARFAR__ligand12467-0
308,RARFAR__ligand338-0
309,RARFAR__ligand10084-0
310,RARFAR__ligand25267-0
311,RARFAR__ligand6244-0
312,RARFAR__ligand23904-0
313,RARFAR__ligand2915-0
314,RARFAR__ligand3156-0
315,RARFAR__ligand21936-0
316,RARFAR__ligand13257-0
317,RARFAR__ligand1304-0
318,RARFAR__ligand1790-0
319,RARFAR__ligand7280-0
320,RARFAR__ligand12336-0
321,RARFAR__ligand11-0
322,RARFAR__ligand768-0
323,RARFAR__ligand7238-0
324,RARFAR__ligand13072-0
325,RARFAR__ligand4016-0
326,RARFAR__ligand1219-0
327,RARFAR__ligand6709-0
328,RARFAR__ligand7867-0
329,RARFAR__ligand3954-0
330,RARFAR__ligand4093-0
331,RARFAR__ligand4442-0
332,RARFAR__ligand12682-0
333,RARFAR__ligand18699-0
334,RARFAR__ligand8699-0
335,RARFAR__ligand1160-0
336,RARFAR__ligand9520-0
337,RARFAR__ligand9784-0
338,RARFAR__ligand69-0
339,RARFAR__ligand17590-0
340,RARFAR__ligand384-0
341,RARFAR__ligand17240-0
342,RARFAR__ligand7629-0
343,RARFAR__ligand4272-0
344,RARFAR__ligand1451-0
345,RARFAR__ligand17710-0
346,RARFAR__ligand20579-0
347,RARFAR__ligand141-0
348,RARFAR__ligand2232-0
349,RARFAR__ligand11568-0
350,RARFAR__ligand9291-0
351,RARFAR__ligand240-0
352,RARFAR__ligand2176-0
353,RARFAR__ligand5256-0
354,RARFAR__ligand11774-0
355,RARFAR__ligand9833-0
356,RARFAR__ligand14586-0
357,RARFAR__ligand7648-0
358,RARFAR__ligand8876-0
359,RARFAR__ligand2828-0
360,RARFAR__ligand4157-0
361,RARFAR__ligand21421-0
362,RARFAR__ligand19725-0
363,RARFAR__ligand4546-0
364,RARFAR__ligand24613-0
365,RARFAR__ligand4503-0
366,RARFAR__ligand1982-0
367,RARFAR__ligand7000-0
368,RARFAR__ligand8115-0
369,RARFAR__ligand6768-0
370,RARFAR__ligand1285-0
371,RARFAR__ligand31483-0
372,RARFAR__ligand10555-0
373,RARFAR__ligand3852-0
374,RARFAR__ligand15168-0
375,RARFAR__ligand2485-0
376,RARFAR__ligand6919-0
377,RARFAR__ligand23589-0
378,RARFAR__ligand3565-0
379,RARFAR__ligand24064-0
380,RARFAR__ligand1512-0
381,RARFAR__ligand5331-0
382,RARFAR__ligand8969-0
383,RARFAR__ligand3131-0
384,RARFAR__ligand3174-0
385,RARFAR__ligand1202-0
386,RARFAR__ligand3937-0
387,RARFAR__ligand6839-0
388,RARFAR__ligand693-0
389,RARFAR__ligand4720-0
390,RARFAR__ligand31618-0
391,RARFAR__ligand11432-0
392,RARFAR__ligand10432-0
393,RARFAR__ligand22755-0
394,RARFAR__ligand4155-0
395,RARFAR__ligand3094-0
396,RARFAR__ligand5211-0
397,RARFAR__ligand26277-0
398,RARFAR__ligand29898-0
399,RARFAR__ligand122-0
400,RARFAR__ligand9908-0
401,RARFAR__ligand24750-0
402,RARFAR__ligand1263-0
403,RARFAR__ligand7106-0
404,RARFAR__ligand31578-0
405,RARFAR__ligand17207-0
406,RARFAR__ligand18013-0
407,RARFAR__ligand25224-0
408,RARFAR__ligand7242-0
409,RARFAR__ligand17945-0
410,RARFAR__ligand757-0
411,RARFAR__ligand1844-0
412,RARFAR__ligand4661-0
413,RARFAR__ligand18703-0
414,RARFAR__ligand3718-0
415,RARFAR__ligand29087-0
416,RARFAR__ligand6616-0
417,RARFAR__ligand3876-0
418,RARFAR__ligand1343-0
419,RARFAR__ligand3035-0
420,RARFAR__ligand1573-0
421,RARFAR__ligand1536-0
422,RARFAR__ligand9935-0
423,RARFAR__ligand3504-0
424,RARFAR__ligand15438-0
425,RARFAR__ligand28924-0
426,RARFAR__ligand1959-0
427,RARFAR__ligand9323-0
428,RARFAR__ligand19824-0
429,RARFAR__ligand18067-0
430,RARFAR__ligand7273-0
431,RARFAR__ligand422-0
432,RARFAR__ligand7172-0
433,RARFAR__ligand2124-0
434,RARFAR__ligand10582-0
435,RARFAR__ligand8612-0
436,RARFAR__ligand686-0
437,RARFAR__ligand13260-0
438,RARFAR__ligand1116-0
439,RARFAR__ligand3225-0
440,RARFAR__ligand1153-0
441,RARFAR__ligand2260-0
442,RARFAR__ligand7092-0
443,RARFAR__ligand11252-0
444,RARFAR__ligand5708-0
445,RARFAR__ligand7316-0
446,RARFAR__ligand31000-0
447,RARFAR__ligand11606-0
448,RARFAR__ligand196-0
449,RARFAR__ligand6017-0
450,RARFAR__ligand20821-0
451,RARFAR__ligand5180-0
452,RARFAR__ligand26673-0
453,RARFAR__ligand67-0
454,RARFAR__ligand3178-0
455,RARFAR__ligand11622-0
456,RARFAR__ligand4807-0
457,RARFAR__ligand16870-0
458,RARFAR__ligand16603-0
459,RARFAR__ligand5159-0
460,RARFAR__ligand7196-0
461,RARFAR__ligand43-0
462,RARFAR__ligand11814-0
463,RARFAR__ligand9753-0
464,RARFAR__ligand353-0
465,RARFAR__ligand5530-0
466,RARFAR__ligand1787-0
467,RARFAR__ligand1356-0
468,RARFAR__ligand31205-0
469,RARFAR__ligand17686-0
470,RARFAR__ligand25658-0
471,RARFAR__ligand393-0
472,RARFAR__ligand5649-0
473,RARFAR__ligand2788-0
474,RARFAR__ligand8793-0
475,RARFAR__ligand4649-0
476,RARFAR__ligand15455-0
477,RARFAR__ligand3244-0
478,RARFAR__ligand4711-0
479,RARFAR__ligand11177-0
480,RARFAR__ligand2906-0
481,RARFAR__ligand391-0
482,RARFAR__ligand29813-0
483,RARFAR__ligand16952-0
484,RARFAR__ligand20121-0
485,RARFAR__ligand15387-0
486,RARFAR__ligand5387-0
487,RARFAR__ligand618-0
488,RARFAR__ligand2203-0
489,RARFAR__ligand20220-0
490,RARFAR__ligand1289-0
491,RARFAR__ligand1599-0
492,RARFAR__ligand14302-0
493,RARFAR__ligand13657-0
494,RARFAR__ligand14347-0
495,RARFAR__ligand20530-0
496,RARFAR__ligand11698-0
497,RARFAR__ligand2612-0
498,RARFAR__ligand24851-0
499,RARFAR__ligand29441-0
500,RARFAR__ligand780-0
501,RARFAR__ligand10853-0
502,RARFAR__ligand314-0
503,RARFAR__ligand10479-0
504,RARFAR__ligand27610-0
505,RARFAR__ligand11479-0
506,RARFAR__ligand9450-0
507,RARFAR__ligand813-0
508,RARFAR__ligand1228-0
509,RARFAR__ligand9943-0
510,RARFAR__ligand314-1
511,RARFAR__ligand1604-0
512,RARFAR__ligand19906-0
513,RARFAR__ligand19668-0
514,RARFAR__ligand8788-0
515,RARFAR__ligand1832-0
516,RARFAR__ligand22353-0
517,RARFAR__ligand2043-0
518,RARFAR__ligand465-0
519,RARFAR__ligand2417-0
520,RARFAR__ligand1114-0
521,RARFAR__ligand10151-0
522,RARFAR__ligand9284-0
523,RARFAR__ligand6391-0
524,RARFAR__ligand3126-0
525,RARFAR__ligand22357-0
526,RARFAR__ligand11758-0
527,RARFAR__ligand21448-0
528,RARFAR__ligand6699-0
529,RARFAR__ligand833-0
530,RARFAR__ligand24-0
531,RARFAR__ligand1294-0
532,RARFAR__ligand1168-0
533,RARFAR__ligand11544-0
534,RARFAR__ligand11501-0
535,RARFAR__ligand3677-0
536,RARFAR__ligand3632-0
537,RARFAR__ligand29214-0
538,RARFAR__ligand17445-0
539,RARFAR__ligand1211-0
540,RARFAR__ligand115-0
541,RARFAR__ligand14477-0
542,RARFAR__ligand6892-0
543,RARFAR__ligand17069-0
544,RARFAR__ligand11798-0
545,RARFAR__ligand2881-0
546,RARFAR__ligand1499-0
547,RARFAR__ligand19-0
548,RARFAR__ligand1464-0
549,RARFAR__ligand3712-0
550,RARFAR__ligand20731-0
551,RARFAR__ligand12413-0
552,RARFAR__ligand29334-0
553,RARFAR__ligand5383-0
554,RARFAR__ligand2693-0
555,RARFAR__ligand27771-0
556,RARFAR__ligand18158-0
557,RARFAR__ligand23682-0
558,RARFAR__ligand3945-0
559,RARFAR__ligand29565-0
560,RARFAR__ligand8000-0
561,RARFAR__ligand3736-0
562,RARFAR__ligand368-0
563,RARFAR__ligand395-0
564,RARFAR__ligand20942-1
565,RARFAR__ligand78-0
566,RARFAR__ligand16956-0
567,RARFAR__ligand9344-0
568,RARFAR__ligand14226-0
569,RARFAR__ligand21339-0
570,RARFAR__ligand45-0
571,RARFAR__ligand3677-1
572,RARFAR__ligand9883-0
573,RARFAR__ligand7291-0
574,RARFAR__ligand27550-0
575,RARFAR__ligand784-0
576,RARFAR__ligand14007-0
577,RARFAR__ligand18019-1
578,RARFAR__ligand9299-0
579,RARFAR__ligand2985-0
580,RARFAR__ligand4007-0
581,RARFAR__ligand20844-0
582,RARFAR__ligand7293-0
583,RARFAR__ligand2822-0
584,RARFAR__ligand18413-0
585,RARFAR__ligand3867-0
586,RARFAR__ligand24624-0
587,RARFAR__ligand1317-0
588,RARFAR__ligand487-0
589,RARFAR__ligand18757-0
590,RARFAR__ligand24560-0
591,RARFAR__ligand2238-0
592,RARFAR__ligand5304-0
593,RARFAR__ligand9167-0
594,RARFAR__ligand30788-0
595,RARFAR__ligand13691-0
596,RARFAR__ligand5080-0
597,RARFAR__ligand7762-0
598,RARFAR__ligand176-0
599,RARFAR__ligand14339-0
600,RARFAR__ligand746-0
601,RARFAR__ligand21752-0
602,RARFAR__ligand1407-0
603,RARFAR__ligand6117-0
604,RARFAR__ligand447-0
605,RARFAR__ligand8002-0
606,RARFAR__ligand5509-0
607,RARFAR__ligand8-0
608,RARFAR__ligand2221-0
609,RARFAR__ligand152-0
610,RARFAR__ligand3926-0
611,RARFAR__ligand21940-0
612,RARFAR__ligand3120-0
613,RARFAR__ligand25048-0
614,RARFAR__ligand4358-0
615,RARFAR__ligand23445-0
616,RARFAR__ligand24953-0
617,RARFAR__ligand16133-0
618,RARFAR__ligand13755-0
619,RARFAR__ligand4101-0
620,RARFAR__ligand27122-0
621,RARFAR__ligand20432-0
622,RARFAR__ligand5595-0
623,RARFAR__ligand5510-0
624,RARFAR__ligand1376-0
625,RARFAR__ligand9773-0
626,RARFAR__ligand506-0
627,RARFAR__ligand8592-0
628,RARFAR__ligand5099-0
629,RARFAR__ligand1197-0
630,RARFAR__ligand2259-0
631,RARFAR__ligand20557-0
632,RARFAR__ligand30004-0
633,RARFAR__ligand1296-0
634,RARFAR__ligand9750-0
635,RARFAR__ligand27285-0
636,RARFAR__ligand6993-0
637,RARFAR__ligand1817-0
638,RARFAR__ligand29029-0
639,RARFAR__ligand1779-0
640,RARFAR__ligand1149-0
641,RARFAR__ligand3980-0
642,RARFAR__ligand3557-0
643,RARFAR__ligand560-0
644,RARFAR__ligand7075-0
645,RARFAR__ligand23197-0
646,RARFAR__ligand235-0
647,RARFAR__ligand134-0
648,RARFAR__ligand1288-0
649,RARFAR__ligand27669-0
650,RARFAR__ligand38-0
651,RARFAR__ligand4167-0
652,RARFAR__ligand30142-0
653,RARFAR__ligand9491-0
654,RARFAR__ligand14167-0
655,RARFAR__ligand13477-0
656,RARFAR__ligand1400-0
657,RARFAR__ligand4266-0
658,RARFAR__ligand1150-0
659,RARFAR__ligand685-0
660,RARFAR__ligand1539-0
661,RARFAR__ligand19184-0
662,RARFAR__ligand4207-0
663,RARFAR__ligand28459-0
664,RARFAR__ligand18448-0
665,RARFAR__ligand421-0
666,RARFAR__ligand12453-0
667,RARFAR__ligand3453-0
668,RARFAR__ligand3416-0
669,RARFAR__ligand10371-0
670,RARFAR__ligand3042-0
671,RARFAR__ligand28685-0
672,RARFAR__ligand18568-0
673,RARFAR__ligand4063-0
674,RARFAR__ligand13672-0
675,RARFAR__ligand294-0
676,RARFAR__ligand7438-0
677,RARFAR__ligand8200-0
678,RARFAR__ligand5515-0
679,RARFAR__ligand6663-0
680,RARFAR__ligand14614-0
681,RARFAR__ligand5280-0
682,RARFAR__ligand5614-0
683,RARFAR__ligand66-0
684,RARFAR__ligand1831-0
685,RARFAR__ligand16663-0
686,RARFAR__ligand11994-0
687,RARFAR__ligand31842-0
688,RARFAR__ligand31044-0
689,RARFAR__ligand197-0
690,RARFAR__ligand24035-0
691,RARFAR__ligand1216-0
692,RARFAR__ligand1152-0
693,RARFAR__ligand3261-0
694,RARFAR__ligand20207-0
695,RARFAR__ligand30711-0
696,RARFAR__ligand5019-0
697,RARFAR__ligand11682-0
698,RARFAR__ligand1849-0
699,RARFAR__ligand16988-0
700,RARFAR__ligand25913-0
701,RARFAR__ligand15883-0
702,RARFAR__ligand4710-0
703,RARFAR__ligand5755-0
704,RARFAR__ligand11970-0
705,RARFAR__ligand3144-0
706,RARFAR__ligand5085-0
707,RARFAR__ligand6112-0
708,RARFAR__ligand19792-0
709,RARFAR__ligand10828-0
710,RARFAR__ligand8042-0
711,RARFAR__ligand15926-0
712,RARFAR__ligand24230-0
713,RARFAR__ligand1397-0
714,RARFAR__ligand7213-0
715,RARFAR__ligand868-0
716,RARFAR__ligand28810-0
717,RARFAR__ligand11096-0
718,RARFAR__ligand11447-0
719,RARFAR__ligand1828-0
720,RARFAR__ligand11357-0
721,RARFAR__ligand13862-0
722,RARFAR__ligand15531-0
723,RARFAR__ligand28743-0
724,RARFAR__ligand5630-0
725,RARFAR__ligand42-0
726,RARFAR__ligand10056-0
727,RARFAR__ligand352-0
728,RARFAR__ligand12365-0
729,RARFAR__ligand783-0
730,RARFAR__ligand1786-0
731,RARFAR__ligand3285-0
732,RARFAR__ligand4795-0
733,RARFAR__ligand21919-0
734,RARFAR__ligand22294-0
735,RARFAR__ligand1908-0
736,RARFAR__ligand28930-0
737,RARFAR__ligand22168-0
738,RARFAR__ligand4161-0
739,RARFAR__ligand3471-0
740,RARFAR__ligand4124-0
741,RARFAR__ligand29486-0
742,RARFAR__ligand31694-0
743,RARFAR__ligand17427-0
744,RARFAR__ligand5415-0
745,RARFAR__ligand177-0
746,RARFAR__ligand12138-0
747,RARFAR__ligand909-0
748,RARFAR__ligand24780-0
749,RARFAR__ligand3180-0
750,RARFAR__ligand22129-0
751,RARFAR__ligand2650-0
752,RARFAR__ligand2281-0
753,RARFAR__ligand4340-0
754,RARFAR__ligand11949-0
755,RARFAR__ligand2823-0
756,RARFAR__ligand25561-0
757,RARFAR__ligand6995-0
758,RARFAR__ligand9944-0
759,RARFAR__ligand193-0
760,RARFAR__ligand8593-0
761,RARFAR__ligand24872-0
762,RARFAR__ligand30728-0
763,RARFAR__ligand27840-0
764,RARFAR__ligand7566-0
765,RARFAR__ligand12001-0
766,RARFAR__ligand830-0
767,RARFAR__ligand2001-0
768,RARFAR__ligand24644-0
769,RARFAR__ligand372-0
770,RARFAR__ligand10033-0
771,RARFAR__ligand24111-0
772,RARFAR__ligand22444-0
773,RARFAR__ligand5201-0
774,RARFAR__ligand13385-0
775,RARFAR__ligand14569-0
776,RARFAR__ligand23175-0
777,RARFAR__ligand1113-0
778,RARFAR__ligand15788-0
779,RARFAR__ligand116-0
780,RARFAR__ligand8553-0
781,RARFAR__ligand17396-0
782,RARFAR__ligand252-0
783,RARFAR__ligand13220-0
784,RARFAR__ligand11587-0
785,RARFAR__ligand4596-0
786,RARFAR__ligand18-0
787,RARFAR__ligand1498-0
788,RARFAR__ligand22403-0
789,RARFAR__ligand28540-0
790,RARFAR__ligand250-0
791,RARFAR__ligand11111-0
792,RARFAR__ligand9615-0
793,RARFAR__ligand16369-0
794,RARFAR__ligand1154-0
795,RARFAR__ligand20695-0
796,RARFAR__ligand27754-0
797,RARFAR__ligand8529-0
798,RARFAR__ligand1169-0
799,RARFAR__ligand29215-0
800,RARFAR__ligand21399-0
801,RARFAR__ligand370-0
802,RARFAR__ligand10872-0
803,RARFAR__ligand12003-0
804,RARFAR__ligand26631-0
805,RARFAR__ligand16148-0
806,RARFAR__ligand14043-0
807,RARFAR__ligand564-0
808,RARFAR__ligand28559-0
809,RARFAR__ligand26324-0
810,RARFAR__ligand620-0
811,RARFAR__ligand370-1
812,RARFAR__ligand19927-0
813,RARFAR__ligand1015-0
814,RARFAR__ligand1050-0
815,RARFAR__ligand479-0
816,RARFAR__ligand2027-0
817,RARFAR__ligand21729-0
818,RARFAR__ligand311-0
819,RARFAR__ligand27239-0
820,RARFAR__ligand785-0
821,RARFAR__ligand26529-0
822,RARFAR__ligand4262-0
823,RARFAR__ligand1028-0
824,RARFAR__ligand2692-0
825,RARFAR__ligand1618-0
826,RARFAR__ligand11618-0
827,RARFAR__ligand188-0
