,TMC
0,XUQLOK__ligand113-0
1,XUQLOK__ligand422-0
2,XUQLOK__ligand8032-0
3,XUQLOK__ligand1858-0
4,XUQLOK__ligand2315-0
5,XUQLOK__ligand3051-0
6,XUQLOK__ligand4504-0
7,XUQLOK__ligand2480-0
8,XUQLOK__ligand1898-0
9,XUQLOK__ligand196-0
10,XUQLOK__ligand502-0
11,XUQLOK__ligand5334-0
12,XUQLOK__ligand353-0
13,XUQLOK__ligand2389-0
14,XUQLOK__ligand1919-0
15,XUQLOK__ligand92-0
16,XUQLOK__ligand236-0
17,XUQLOK__ligand2110-0
18,XUQLOK__ligand2916-0
19,XUQLOK__ligand3579-0
20,XUQLOK__ligand17-0
21,XUQLOK__ligand1712-0
22,XUQLOK__ligand15630-0
23,XUQLOK__ligand10357-0
24,XUQLOK__ligand6430-0
25,XUQLOK__ligand1299-0
26,XUQLOK__ligand170-0
27,XUQLOK__ligand1264-0
28,XUQLOK__ligand1221-0
29,XUQLOK__ligand1379-0
30,XUQLOK__ligand391-0
31,XUQLOK__ligand2376-0
32,XUQLOK__ligand481-0
33,XUQLOK__ligand314-0
34,XUQLOK__ligand2929-0
35,XUQLOK__ligand8-0
36,XUQLOK__ligand1325-0
37,XUQLOK__ligand2482-0
38,XUQLOK__ligand6571-0
39,XUQLOK__ligand49-0
40,XUQLOK__ligand89-0
41,XUQLOK__ligand210-0
42,XUQLOK__ligand7414-0
43,XUQLOK__ligand5762-0
44,XUQLOK__ligand1104-0
45,XUQLOK__ligand2442-0
46,XUQLOK__ligand1019-0
47,XUQLOK__ligand3566-0
48,XUQLOK__ligand291-0
49,XUQLOK__ligand1178-0
50,XUQLOK__ligand1321-0
51,XUQLOK__ligand1788-0
52,XUQLOK__ligand115-0
53,XUQLOK__ligand1260-0
54,XUQLOK__ligand4894-0
55,XUQLOK__ligand9620-0
56,XUQLOK__ligand11-0
57,XUQLOK__ligand1449-1
58,XUQLOK__ligand4811-0
59,XUQLOK__ligand784-0
60,XUQLOK__ligand355-0
61,XUQLOK__ligand3337-0
62,XUQLOK__ligand7514-0
63,XUQLOK__ligand485-0
64,XUQLOK__ligand522-0
65,XUQLOK__ligand666-0
66,XUQLOK__ligand487-0
67,XUQLOK__ligand1307-0
68,XUQLOK__ligand447-0
69,XUQLOK__ligand133-0
70,XUQLOK__ligand6166-0
71,XUQLOK__ligand1246-0
72,XUQLOK__ligand682-0
73,XUQLOK__ligand5089-0
74,XUQLOK__ligand2599-0
75,XUQLOK__ligand3853-0
76,XUQLOK__ligand2853-0
77,XUQLOK__ligand525-0
78,XUQLOK__ligand560-0
79,XUQLOK__ligand91-0
80,XUQLOK__ligand29-0
81,XUQLOK__ligand3196-0
82,XUQLOK__ligand4012-0
83,XUQLOK__ligand109-0
84,XUQLOK__ligand10479-0
85,XUQLOK__ligand390-0
86,XUQLOK__ligand51-0
87,XUQLOK__ligand134-0
88,XUQLOK__ligand932-0
89,XUQLOK__ligand2915-0
90,XUQLOK__ligand235-0
91,XUQLOK__ligand2707-0
92,XUQLOK__ligand798-0
93,XUQLOK__ligand421-0
94,XUQLOK__ligand1690-0
95,XUQLOK__ligand916-0
96,XUQLOK__ligand584-0
97,XUQLOK__ligand10114-0
98,XUQLOK__ligand2526-0
99,XUQLOK__ligand48-0
100,XUQLOK__ligand294-0
101,XUQLOK__ligand1551-0
102,XUQLOK__ligand993-0
103,XUQLOK__ligand331-0
104,XUQLOK__ligand197-0
105,XUQLOK__ligand4370-0
106,XUQLOK__ligand296-0
107,XUQLOK__ligand10910-0
108,XUQLOK__ligand1436-0
109,XUQLOK__ligand32-0
110,XUQLOK__ligand112-0
111,XUQLOK__ligand3618-0
112,XUQLOK__ligand2618-0
113,XUQLOK__ligand868-0
114,XUQLOK__ligand4175-0
115,XUQLOK__ligand14530-0
116,XUQLOK__ligand442-0
117,XUQLOK__ligand136-0
118,XUQLOK__ligand2255-0
119,XUQLOK__ligand1918-0
120,XUQLOK__ligand783-0
121,XUQLOK__ligand352-0
122,XUQLOK__ligand934-0
123,XUQLOK__ligand177-0
124,XUQLOK__ligand57-0
125,XUQLOK__ligand3251-0
126,XUQLOK__ligand5235-0
127,XUQLOK__ligand6143-0
128,XUQLOK__ligand4619-0
129,XUQLOK__ligand851-0
130,XUQLOK__ligand1493-0
131,XUQLOK__ligand2718-0
132,XUQLOK__ligand3035-0
133,XUQLOK__ligand3070-0
134,XUQLOK__ligand9176-0
135,XUQLOK__ligand909-0
136,XUQLOK__ligand3852-0
137,XUQLOK__ligand830-0
138,XUQLOK__ligand3478-0
139,XUQLOK__ligand5758-0
140,XUQLOK__ligand193-0
141,XUQLOK__ligand252-0
142,XUQLOK__ligand73-0
143,XUQLOK__ligand7456-0
144,XUQLOK__ligand955-0
145,XUQLOK__ligand1818-0
146,XUQLOK__ligand34-0
147,XUQLOK__ligand1907-0
148,XUQLOK__ligand250-0
149,XUQLOK__ligand4423-0
150,XUQLOK__ligand460-0
151,XUQLOK__ligand3890-0
152,XUQLOK__ligand370-0
153,XUQLOK__ligand7630-0
154,XUQLOK__ligand1555-0
155,XUQLOK__ligand1285-0
156,XUQLOK__ligand311-0
157,XUQLOK__ligand7550-0
158,XUQLOK__ligand95-0
159,XUQLOK__ligand5093-0
160,XUQLOK__ligand188-0
161,XUQLOK__ligand2954-0
162,XUQLOK__ligand55-0
163,XUQLOK__ligand2253-0
164,XUQLOK__ligand1160-0
165,XUQLOK__ligand1038-0
166,XUQLOK__ligand444-0
167,XUQLOK__ligand369-0
168,XUQLOK__ligand2762-0
169,XUQLOK__ligand278-0
170,XUQLOK__ligand1228-0
171,XUQLOK__ligand9244-0
172,XUQLOK__ligand365-0
173,XUQLOK__ligand358-0
174,XUQLOK__ligand430-0
175,XUQLOK__ligand1114-0
176,XUQLOK__ligand21-0
177,XUQLOK__ligand669-0
178,XUQLOK__ligand1-0
179,XUQLOK__ligand1538-0
180,XUQLOK__ligand509-0
181,XUQLOK__ligand3246-0
182,XUQLOK__ligand40-0
183,XUQLOK__ligand1148-0
184,XUQLOK__ligand670-0
185,XUQLOK__ligand38-0
186,XUQLOK__ligand118-0
187,XUQLOK__ligand571-0
188,XUQLOK__ligand1479-0
189,XUQLOK__ligand3178-0
190,XUQLOK__ligand6332-0
191,XUQLOK__ligand2098-0
192,XUQLOK__ligand6502-0
193,XUQLOK__ligand2863-0
194,XUQLOK__ligand7915-0
195,XUQLOK__ligand5548-0
196,XUQLOK__ligand6686-0
197,XUQLOK__ligand1747-0
198,XUQLOK__ligand383-0
199,XUQLOK__ligand162-0
200,XUQLOK__ligand226-0
201,XUQLOK__ligand3145-0
202,XUQLOK__ligand2751-0
203,XUQLOK__ligand3-0
204,XUQLOK__ligand66-0
205,XUQLOK__ligand2634-0
206,XUQLOK__ligand1542-0
207,XUQLOK__ligand3041-0
208,XUQLOK__ligand1951-0
209,XUQLOK__ligand62-0
210,XUQLOK__ligand142-0
211,XUQLOK__ligand1687-0
212,XUQLOK__ligand206-0
213,XUQLOK__ligand436-0
214,XUQLOK__ligand6277-0
215,XUQLOK__ligand821-0
216,XUQLOK__ligand1376-0
217,XUQLOK__ligand326-0
218,XUQLOK__ligand2768-0
219,XUQLOK__ligand553-0
220,XUQLOK__ligand2688-0
221,XUQLOK__ligand283-0
222,XUQLOK__ligand2259-0
223,XUQLOK__ligand497-0
224,XUQLOK__ligand918-0
225,XUQLOK__ligand633-0
226,XUQLOK__ligand86-0
227,XUQLOK__ligand532-0
228,XUQLOK__ligand2629-0
229,XUQLOK__ligand166-0
230,XUQLOK__ligand4381-0
231,XUQLOK__ligand1706-0
232,XUQLOK__ligand838-0
233,XUQLOK__ligand3734-0
234,XUQLOK__ligand1171-0
235,XUQLOK__ligand927-0
236,XUQLOK__ligand199-0
237,XUQLOK__ligand3063-0
238,XUQLOK__ligand1438-0
239,XUQLOK__ligand575-0
240,XUQLOK__ligand5801-0
241,XUQLOK__ligand1459-0
242,XUQLOK__ligand324-0
243,XUQLOK__ligand361-0
244,XUQLOK__ligand409-0
245,XUQLOK__ligand18-0
246,XUQLOK__ligand1544-0
247,XUQLOK__ligand1685-0
248,XUQLOK__ligand140-0
249,XUQLOK__ligand105-0
250,XUQLOK__ligand2087-0
251,XUQLOK__ligand1048-0
252,XUQLOK__ligand3757-0
253,XUQLOK__ligand126-0
254,XUQLOK__ligand2907-0
255,XUQLOK__ligand1703-0
256,XUQLOK__ligand2430-0
257,XUQLOK__ligand2320-0
258,XUQLOK__ligand1056-0
259,XUQLOK__ligand2862-0
260,XUQLOK__ligand2285-0
261,XUQLOK__ligand1567-0
262,XUQLOK__ligand8921-0
263,XUQLOK__ligand2510-0
264,XUQLOK__ligand366-0
265,XUQLOK__ligand861-0
266,XUQLOK__ligand612-0
267,XUQLOK__ligand1607-0
268,XUQLOK__ligand187-0
269,XUQLOK__ligand1152-0
270,XUQLOK__ligand67-0
271,XUQLOK__ligand596-0
272,XUQLOK__ligand1727-0
273,XUQLOK__ligand100-0
274,XUQLOK__ligand201-0
275,XUQLOK__ligand244-0
276,XUQLOK__ligand8774-0
277,XUQLOK__ligand321-0
278,XUQLOK__ligand279-0
279,XUQLOK__ligand3637-0
280,XUQLOK__ligand178-0
281,XUQLOK__ligand6294-0
282,XUQLOK__ligand1054-0
283,XUQLOK__ligand1598-0
284,XUQLOK__ligand119-0
285,XUQLOK__ligand1248-0
286,XUQLOK__ligand4303-0
287,XUQLOK__ligand7464-0
288,XUQLOK__ligand124-0
289,XUQLOK__ligand85-0
290,XUQLOK__ligand78-0
291,XUQLOK__ligand2864-0
292,XUQLOK__ligand9495-0
293,XUQLOK__ligand6151-0
294,XUQLOK__ligand2772-0
295,XUQLOK__ligand384-0
296,XUQLOK__ligand6538-0
297,XUQLOK__ligand45-0
298,XUQLOK__ligand120-0
299,XUQLOK__ligand2142-0
300,XUQLOK__ligand5941-0
301,XUQLOK__ligand2880-0
302,XUQLOK__ligand2838-0
303,XUQLOK__ligand3838-0
304,XUQLOK__ligand1799-0
305,XUQLOK__ligand240-0
306,XUQLOK__ligand4-0
307,XUQLOK__ligand141-0
308,XUQLOK__ligand5022-0
309,XUQLOK__ligand1169-0
310,XUQLOK__ligand11730-0
311,XUQLOK__ligand1502-0
312,XUQLOK__ligand2345-0
313,XUQLOK__ligand2794-0
314,XUQLOK__ligand1835-0
315,XUQLOK__ligand4983-0
316,XUQLOK__ligand9027-0
317,XUQLOK__ligand1113-0
318,XUQLOK__ligand2265-0
319,XUQLOK__ligand6396-0
320,XUQLOK__ligand6-0
321,XUQLOK__ligand757-0
322,XUQLOK__ligand1273-0
323,XUQLOK__ligand797-0
324,XUQLOK__ligand1052-0
