,TMC
0,LAZGUP__ligand3174-0
1,LAZGUP__ligand1202-0
2,LAZGUP__ligand3937-0
3,LAZGUP__ligand3131-0
4,LAZGUP__ligand8969-0
5,LAZGUP__ligand20731-0
6,LAZGUP__ligand12413-0
7,LAZGUP__ligand6839-0
8,LAZGUP__ligand29334-0
9,LAZGUP__ligand4720-0
10,LAZGUP__ligand11798-0
11,LAZGUP__ligand14477-0
12,LAZGUP__ligand4155-0
13,LAZGUP__ligand3094-0
14,LAZGUP__ligand17069-0
15,LAZGUP__ligand17445-0
16,LAZGUP__ligand5211-0
17,LAZGUP__ligand845-0
18,LAZGUP__ligand2485-0
19,LAZGUP__ligand3852-0
20,LAZGUP__ligand6919-0
21,LAZGUP__ligand29214-0
22,LAZGUP__ligand11501-0
23,LAZGUP__ligand11544-0
24,LAZGUP__ligand21448-0
25,LAZGUP__ligand3565-0
26,LAZGUP__ligand163-0
27,LAZGUP__ligand5331-0
28,LAZGUP__ligand22357-0
29,LAZGUP__ligand126-0
30,LAZGUP__ligand1512-0
31,LAZGUP__ligand11758-0
32,LAZGUP__ligand1844-0
33,LAZGUP__ligand4661-0
34,LAZGUP__ligand14007-0
35,LAZGUP__ligand3718-0
36,LAZGUP__ligand18019-1
37,LAZGUP__ligand777-0
38,LAZGUP__ligand3876-0
39,LAZGUP__ligand1343-0
40,LAZGUP__ligand3035-0
41,LAZGUP__ligand6616-0
42,LAZGUP__ligand596-0
43,LAZGUP__ligand27550-0
44,LAZGUP__ligand941-0
45,LAZGUP__ligand1536-0
46,LAZGUP__ligand1573-0
47,LAZGUP__ligand9935-0
48,LAZGUP__ligand3504-0
49,LAZGUP__ligand1959-0
50,LAZGUP__ligand20942-1
51,LAZGUP__ligand21339-0
52,LAZGUP__ligand14226-0
53,LAZGUP__ligand16956-0
54,LAZGUP__ligand187-0
55,LAZGUP__ligand9908-0
56,LAZGUP__ligand1263-0
57,LAZGUP__ligand657-0
58,LAZGUP__ligand23682-0
59,LAZGUP__ligand7106-0
60,LAZGUP__ligand29565-0
61,LAZGUP__ligand7242-0
62,LAZGUP__ligand366-0
63,LAZGUP__ligand27771-0
64,LAZGUP__ligand18158-0
65,LAZGUP__ligand4093-0
66,LAZGUP__ligand4442-0
67,LAZGUP__ligand21752-0
68,LAZGUP__ligand3954-0
69,LAZGUP__ligand178-0
70,LAZGUP__ligand1160-0
71,LAZGUP__ligand185-0
72,LAZGUP__ligand8699-0
73,LAZGUP__ligand279-0
74,LAZGUP__ligand9520-0
75,LAZGUP__ligand9784-0
76,LAZGUP__ligand14339-0
77,LAZGUP__ligand321-0
78,LAZGUP__ligand30788-0
79,LAZGUP__ligand7629-0
80,LAZGUP__ligand13691-0
81,LAZGUP__ligand1451-0
82,LAZGUP__ligand4272-0
83,LAZGUP__ligand43-0
84,LAZGUP__ligand7280-0
85,LAZGUP__ligand1790-0
86,LAZGUP__ligand1304-0
87,LAZGUP__ligand7238-0
88,LAZGUP__ligand201-0
89,LAZGUP__ligand18757-0
90,LAZGUP__ligand4016-0
91,LAZGUP__ligand24560-0
92,LAZGUP__ligand1219-0
93,LAZGUP__ligand6709-0
94,LAZGUP__ligand7867-0
95,LAZGUP__ligand18413-0
96,LAZGUP__ligand20844-0
97,LAZGUP__ligand24624-0
98,LAZGUP__ligand338-0
99,LAZGUP__ligand30004-0
100,LAZGUP__ligand20557-0
101,LAZGUP__ligand4503-0
102,LAZGUP__ligand4546-0
103,LAZGUP__ligand7000-0
104,LAZGUP__ligand1982-0
105,LAZGUP__ligand6768-0
106,LAZGUP__ligand8115-0
107,LAZGUP__ligand1285-0
108,LAZGUP__ligand13755-0
109,LAZGUP__ligand16133-0
110,LAZGUP__ligand20432-0
111,LAZGUP__ligand2232-0
112,LAZGUP__ligand27122-0
113,LAZGUP__ligand9291-0
114,LAZGUP__ligand24953-0
115,LAZGUP__ligand23445-0
116,LAZGUP__ligand2176-0
117,LAZGUP__ligand21940-0
118,LAZGUP__ligand67-0
119,LAZGUP__ligand5256-0
120,LAZGUP__ligand8876-0
121,LAZGUP__ligand2828-0
122,LAZGUP__ligand7648-0
123,LAZGUP__ligand25048-0
124,LAZGUP__ligand9833-0
125,LAZGUP__ligand4157-0
126,LAZGUP__ligand2526-0
127,LAZGUP__ligand5036-0
128,LAZGUP__ligand26673-0
129,LAZGUP__ligand1615-0
130,LAZGUP__ligand20821-0
131,LAZGUP__ligand9952-0
132,LAZGUP__ligand9111-0
133,LAZGUP__ligand11606-0
134,LAZGUP__ligand8721-0
135,LAZGUP__ligand384-0
136,LAZGUP__ligand1324-0
137,LAZGUP__ligand5643-0
138,LAZGUP__ligand1823-0
139,LAZGUP__ligand31000-0
140,LAZGUP__ligand4116-0
141,LAZGUP__ligand1018-0
142,LAZGUP__ligand11252-0
143,LAZGUP__ligand3707-0
144,LAZGUP__ligand6124-0
145,LAZGUP__ligand7967-0
146,LAZGUP__ligand768-0
147,LAZGUP__ligand10582-0
148,LAZGUP__ligand13260-0
149,LAZGUP__ligand9601-0
150,LAZGUP__ligand8992-0
151,LAZGUP__ligand19824-0
152,LAZGUP__ligand18067-0
153,LAZGUP__ligand11177-0
154,LAZGUP__ligand1378-0
155,LAZGUP__ligand15455-0
156,LAZGUP__ligand6244-0
157,LAZGUP__ligand3156-0
158,LAZGUP__ligand31205-0
159,LAZGUP__ligand2915-0
160,LAZGUP__ligand17686-0
161,LAZGUP__ligand25658-0
162,LAZGUP__ligand11814-0
163,LAZGUP__ligand9933-0
164,LAZGUP__ligand141-0
165,LAZGUP__ligand1530-0
166,LAZGUP__ligand1575-0
167,LAZGUP__ligand16603-0
168,LAZGUP__ligand240-0
169,LAZGUP__ligand1631-0
170,LAZGUP__ligand2332-0
171,LAZGUP__ligand16870-0
172,LAZGUP__ligand9441-0
173,LAZGUP__ligand11622-0
174,LAZGUP__ligand693-0
175,LAZGUP__ligand27610-0
176,LAZGUP__ligand10479-0
177,LAZGUP__ligand11479-0
178,LAZGUP__ligand2295-0
179,LAZGUP__ligand1577-0
180,LAZGUP__ligand6067-0
181,LAZGUP__ligand29441-0
182,LAZGUP__ligand10853-0
183,LAZGUP__ligand78-0
184,LAZGUP__ligand24851-0
185,LAZGUP__ligand14347-0
186,LAZGUP__ligand13657-0
187,LAZGUP__ligand14302-0
188,LAZGUP__ligand20530-0
189,LAZGUP__ligand4620-0
190,LAZGUP__ligand11698-0
191,LAZGUP__ligand3465-0
192,LAZGUP__ligand20220-0
193,LAZGUP__ligand6596-0
194,LAZGUP__ligand3721-0
195,LAZGUP__ligand6904-0
196,LAZGUP__ligand6102-0
197,LAZGUP__ligand20121-0
198,LAZGUP__ligand45-0
199,LAZGUP__ligand15387-0
200,LAZGUP__ligand7819-0
201,LAZGUP__ligand2917-0
202,LAZGUP__ligand29813-0
203,LAZGUP__ligand16952-0
204,LAZGUP__ligand8835-0
205,LAZGUP__ligand10151-0
206,LAZGUP__ligand2028-0
207,LAZGUP__ligand7126-0
208,LAZGUP__ligand24-0
209,LAZGUP__ligand1142-0
210,LAZGUP__ligand3234-0
211,LAZGUP__ligand22353-0
212,LAZGUP__ligand122-0
213,LAZGUP__ligand19906-0
214,LAZGUP__ligand4641-0
215,LAZGUP__ligand19668-0
216,LAZGUP__ligand757-0
217,LAZGUP__ligand19-0
218,LAZGUP__ligand25561-0
219,LAZGUP__ligand5483-0
220,LAZGUP__ligand694-0
221,LAZGUP__ligand5316-0
222,LAZGUP__ligand2830-0
223,LAZGUP__ligand11949-0
224,LAZGUP__ligand488-0
225,LAZGUP__ligand430-0
226,LAZGUP__ligand5627-0
227,LAZGUP__ligand12138-0
228,LAZGUP__ligand24780-0
229,LAZGUP__ligand1729-0
230,LAZGUP__ligand22129-0
231,LAZGUP__ligand358-0
232,LAZGUP__ligand7529-0
233,LAZGUP__ligand17427-0
234,LAZGUP__ligand1415-0
235,LAZGUP__ligand6946-0
236,LAZGUP__ligand42-0
237,LAZGUP__ligand9148-0
238,LAZGUP__ligand31694-0
239,LAZGUP__ligand29486-0
240,LAZGUP__ligand66-0
241,LAZGUP__ligand13220-0
242,LAZGUP__ligand11587-0
243,LAZGUP__ligand23175-0
244,LAZGUP__ligand15788-0
245,LAZGUP__ligand2403-0
246,LAZGUP__ligand17396-0
247,LAZGUP__ligand13385-0
248,LAZGUP__ligand6455-0
249,LAZGUP__ligand14569-0
250,LAZGUP__ligand6882-0
251,LAZGUP__ligand534-0
252,LAZGUP__ligand571-0
253,LAZGUP__ligand24111-0
254,LAZGUP__ligand3934-0
255,LAZGUP__ligand22444-0
256,LAZGUP__ligand670-0
257,LAZGUP__ligand4332-0
258,LAZGUP__ligand24644-0
259,LAZGUP__ligand10033-0
260,LAZGUP__ligand9681-0
261,LAZGUP__ligand12001-0
262,LAZGUP__ligand30728-0
263,LAZGUP__ligand7530-0
264,LAZGUP__ligand27840-0
265,LAZGUP__ligand1065-0
266,LAZGUP__ligand1449-0
267,LAZGUP__ligand24872-0
268,LAZGUP__ligand3012-0
269,LAZGUP__ligand12003-0
270,LAZGUP__ligand226-0
271,LAZGUP__ligand16148-0
272,LAZGUP__ligand26631-0
273,LAZGUP__ligand21399-0
274,LAZGUP__ligand2599-0
275,LAZGUP__ligand10872-0
276,LAZGUP__ligand162-0
277,LAZGUP__ligand4330-0
278,LAZGUP__ligand383-0
279,LAZGUP__ligand4194-0
280,LAZGUP__ligand29215-0
281,LAZGUP__ligand7532-0
282,LAZGUP__ligand416-0
283,LAZGUP__ligand20695-0
284,LAZGUP__ligand27754-0
285,LAZGUP__ligand28540-0
286,LAZGUP__ligand2068-0
287,LAZGUP__ligand11111-0
288,LAZGUP__ligand16369-0
289,LAZGUP__ligand7925-0
290,LAZGUP__ligand3973-0
291,LAZGUP__ligand22403-0
292,LAZGUP__ligand1147-0
293,LAZGUP__ligand11618-0
294,LAZGUP__ligand7107-0
295,LAZGUP__ligand8-0
296,LAZGUP__ligand3215-0
297,LAZGUP__ligand26529-0
298,LAZGUP__ligand656-0
299,LAZGUP__ligand6062-0
300,LAZGUP__ligand21729-0
301,LAZGUP__ligand27239-0
302,LAZGUP__ligand696-0
303,LAZGUP__ligand5813-0
304,LAZGUP__ligand4813-0
305,LAZGUP__ligand4738-0
306,LAZGUP__ligand19927-0
307,LAZGUP__ligand14043-0
308,LAZGUP__ligand38-0
309,LAZGUP__ligand28559-0
310,LAZGUP__ligand6283-0
311,LAZGUP__ligand26324-0
312,LAZGUP__ligand13477-0
313,LAZGUP__ligand14167-0
314,LAZGUP__ligand5892-0
315,LAZGUP__ligand5094-0
316,LAZGUP__ligand27669-0
317,LAZGUP__ligand30142-0
318,LAZGUP__ligand1712-0
319,LAZGUP__ligand4131-0
320,LAZGUP__ligand326-0
321,LAZGUP__ligand23197-0
322,LAZGUP__ligand436-0
323,LAZGUP__ligand7557-0
324,LAZGUP__ligand1496-0
325,LAZGUP__ligand27285-0
326,LAZGUP__ligand692-0
327,LAZGUP__ligand29029-0
328,LAZGUP__ligand1533-0
329,LAZGUP__ligand2781-0
330,LAZGUP__ligand7573-0
331,LAZGUP__ligand3350-0
332,LAZGUP__ligand13672-0
333,LAZGUP__ligand1327-0
334,LAZGUP__ligand9809-0
335,LAZGUP__ligand6672-0
336,LAZGUP__ligand18568-0
337,LAZGUP__ligand8722-0
338,LAZGUP__ligand18-0
339,LAZGUP__ligand28685-0
340,LAZGUP__ligand3208-0
341,LAZGUP__ligand10371-0
342,LAZGUP__ligand2208-0
343,LAZGUP__ligand1900-0
344,LAZGUP__ligand9197-0
345,LAZGUP__ligand633-0
346,LAZGUP__ligand28459-0
347,LAZGUP__ligand12453-0
348,LAZGUP__ligand18448-0
349,LAZGUP__ligand3029-0
350,LAZGUP__ligand19184-0
351,LAZGUP__ligand497-0
352,LAZGUP__ligand7162-0
353,LAZGUP__ligand2328-0
354,LAZGUP__ligand4581-0
355,LAZGUP__ligand1773-0
356,LAZGUP__ligand588-0
357,LAZGUP__ligand16988-0
358,LAZGUP__ligand25913-0
359,LAZGUP__ligand5849-0
360,LAZGUP__ligand4911-0
361,LAZGUP__ligand1771-0
362,LAZGUP__ligand300-0
363,LAZGUP__ligand30711-0
364,LAZGUP__ligand20207-0
365,LAZGUP__ligand11682-0
366,LAZGUP__ligand3392-0
367,LAZGUP__ligand24035-0
368,LAZGUP__ligand11994-0
369,LAZGUP__ligand1709-0
370,LAZGUP__ligand8464-0
371,LAZGUP__ligand8349-0
372,LAZGUP__ligand31044-0
373,LAZGUP__ligand31842-0
374,LAZGUP__ligand2527-0
375,LAZGUP__ligand16663-0
376,LAZGUP__ligand199-0
377,LAZGUP__ligand14614-0
378,LAZGUP__ligand22294-0
379,LAZGUP__ligand1768-0
380,LAZGUP__ligand22168-0
381,LAZGUP__ligand28930-0
382,LAZGUP__ligand3871-0
383,LAZGUP__ligand1469-0
384,LAZGUP__ligand21919-0
385,LAZGUP__ligand1688-0
386,LAZGUP__ligand12365-0
387,LAZGUP__ligand10056-0
388,LAZGUP__ligand5357-0
389,LAZGUP__ligand3647-0
390,LAZGUP__ligand13862-0
391,LAZGUP__ligand11357-0
392,LAZGUP__ligand28743-0
393,LAZGUP__ligand15531-0
394,LAZGUP__ligand5056-0
395,LAZGUP__ligand4850-0
396,LAZGUP__ligand1165-0
397,LAZGUP__ligand24230-0
398,LAZGUP__ligand28810-0
399,LAZGUP__ligand9525-0
400,LAZGUP__ligand11096-0
401,LAZGUP__ligand11447-0
402,LAZGUP__ligand19792-0
403,LAZGUP__ligand3157-0
404,LAZGUP__ligand10828-0
405,LAZGUP__ligand15926-0
406,LAZGUP__ligand1379-0
407,LAZGUP__ligand11970-0
408,LAZGUP__ligand2722-0
409,LAZGUP__ligand409-0
410,LAZGUP__ligand15883-0
411,LAZGUP__ligand361-0
412,LAZGUP__ligand5935-0
413,LAZGUP__ligand324-0
414,LAZGUP__ligand24185-0
415,LAZGUP__ligand8529-0
416,LAZGUP__ligand235-0
417,LAZGUP__ligand23769-0
418,LAZGUP__ligand1169-0
419,LAZGUP__ligand134-0
420,LAZGUP__ligand25178-0
421,LAZGUP__ligand17302-0
422,LAZGUP__ligand17805-0
423,LAZGUP__ligand18292-0
424,LAZGUP__ligand12289-0
425,LAZGUP__ligand26702-0
426,LAZGUP__ligand13658-0
427,LAZGUP__ligand4596-0
428,LAZGUP__ligand1498-0
429,LAZGUP__ligand12130-0
430,LAZGUP__ligand17387-0
431,LAZGUP__ligand32-0
432,LAZGUP__ligand12231-0
433,LAZGUP__ligand9615-0
434,LAZGUP__ligand12401-0
435,LAZGUP__ligand15585-0
436,LAZGUP__ligand24145-0
437,LAZGUP__ligand10476-0
438,LAZGUP__ligand560-0
439,LAZGUP__ligand13068-0
440,LAZGUP__ligand1154-0
441,LAZGUP__ligand19830-0
442,LAZGUP__ligand16-0
443,LAZGUP__ligand4262-0
444,LAZGUP__ligand1028-0
445,LAZGUP__ligand28676-0
446,LAZGUP__ligand10262-0
447,LAZGUP__ligand27763-0
448,LAZGUP__ligand2692-0
449,LAZGUP__ligand18814-0
450,LAZGUP__ligand19057-0
451,LAZGUP__ligand1618-0
452,LAZGUP__ligand294-0
453,LAZGUP__ligand13425-0
454,LAZGUP__ligand29302-0
455,LAZGUP__ligand14108-0
456,LAZGUP__ligand685-0
457,LAZGUP__ligand1050-0
458,LAZGUP__ligand1015-0
459,LAZGUP__ligand421-0
460,LAZGUP__ligand12641-0
461,LAZGUP__ligand2027-0
462,LAZGUP__ligand10958-0
463,LAZGUP__ligand3180-0
464,LAZGUP__ligand30296-0
465,LAZGUP__ligand17281-0
466,LAZGUP__ligand4340-0
467,LAZGUP__ligand26540-0
468,LAZGUP__ligand2650-0
469,LAZGUP__ligand2281-0
470,LAZGUP__ligand12337-0
471,LAZGUP__ligand29410-0
472,LAZGUP__ligand30333-0
473,LAZGUP__ligand2823-0
474,LAZGUP__ligand12606-0
475,LAZGUP__ligand6995-0
476,LAZGUP__ligand91-0
477,LAZGUP__ligand4124-0
478,LAZGUP__ligand4161-0
479,LAZGUP__ligand3471-0
480,LAZGUP__ligand51-0
481,LAZGUP__ligand27460-0
482,LAZGUP__ligand12427-0
483,LAZGUP__ligand20740-0
484,LAZGUP__ligand28468-0
485,LAZGUP__ligand5415-0
486,LAZGUP__ligand197-0
487,LAZGUP__ligand16628-0
488,LAZGUP__ligand14723-0
489,LAZGUP__ligand5201-0
490,LAZGUP__ligand27893-0
491,LAZGUP__ligand20578-0
492,LAZGUP__ligand12934-0
493,LAZGUP__ligand15422-0
494,LAZGUP__ligand352-0
495,LAZGUP__ligand783-0
496,LAZGUP__ligand19641-0
497,LAZGUP__ligand27175-0
498,LAZGUP__ligand18832-0
499,LAZGUP__ligand1113-0
500,LAZGUP__ligand23713-0
501,LAZGUP__ligand8553-0
502,LAZGUP__ligand30988-0
503,LAZGUP__ligand8593-0
504,LAZGUP__ligand14603-0
505,LAZGUP__ligand9944-0
506,LAZGUP__ligand14297-0
507,LAZGUP__ligand17258-0
508,LAZGUP__ligand17631-0
509,LAZGUP__ligand13012-0
510,LAZGUP__ligand26665-0
511,LAZGUP__ligand7566-0
512,LAZGUP__ligand31783-0
513,LAZGUP__ligand2001-0
514,LAZGUP__ligand48-0
515,LAZGUP__ligand868-0
516,LAZGUP__ligand1216-0
517,LAZGUP__ligand14117-0
518,LAZGUP__ligand17261-0
519,LAZGUP__ligand909-0
520,LAZGUP__ligand3261-0
521,LAZGUP__ligand1152-0
522,LAZGUP__ligand5019-0
523,LAZGUP__ligand1849-0
524,LAZGUP__ligand20539-0
525,LAZGUP__ligand30702-0
526,LAZGUP__ligand20214-0
527,LAZGUP__ligand20251-0
528,LAZGUP__ligand34-0
529,LAZGUP__ligand21581-0
530,LAZGUP__ligand31097-0
531,LAZGUP__ligand6663-0
532,LAZGUP__ligand29568-0
533,LAZGUP__ligand5515-0
534,LAZGUP__ligand1831-0
535,LAZGUP__ligand4-0
536,LAZGUP__ligand14889-0
537,LAZGUP__ligand30851-0
538,LAZGUP__ligand5614-0
539,LAZGUP__ligand5280-0
540,LAZGUP__ligand20419-0
541,LAZGUP__ligand21371-0
542,LAZGUP__ligand17118-0
543,LAZGUP__ligand28789-0
544,LAZGUP__ligand177-0
545,LAZGUP__ligand17398-0
546,LAZGUP__ligand5630-0
547,LAZGUP__ligand20598-0
548,LAZGUP__ligand68-0
549,LAZGUP__ligand11675-0
550,LAZGUP__ligand1786-0
551,LAZGUP__ligand24047-0
552,LAZGUP__ligand22557-0
553,LAZGUP__ligand10589-0
554,LAZGUP__ligand3285-0
555,LAZGUP__ligand4795-0
556,LAZGUP__ligand20011-0
557,LAZGUP__ligand17278-0
558,LAZGUP__ligand116-0
559,LAZGUP__ligand17982-0
560,LAZGUP__ligand29414-0
561,LAZGUP__ligand252-0
562,LAZGUP__ligand1908-0
563,LAZGUP__ligand5755-0
564,LAZGUP__ligand193-0
565,LAZGUP__ligand4710-0
566,LAZGUP__ligand20251-1
567,LAZGUP__ligand5085-0
568,LAZGUP__ligand3144-0
569,LAZGUP__ligand55-0
570,LAZGUP__ligand830-0
571,LAZGUP__ligand6112-0
572,LAZGUP__ligand14703-0
573,LAZGUP__ligand16475-0
574,LAZGUP__ligand8042-0
575,LAZGUP__ligand372-0
576,LAZGUP__ligand7213-0
577,LAZGUP__ligand1397-0
578,LAZGUP__ligand1828-0
579,LAZGUP__ligand14174-0
580,LAZGUP__ligand10712-0
581,LAZGUP__ligand1288-0
582,LAZGUP__ligand11456-0
583,LAZGUP__ligand370-0
584,LAZGUP__ligand25411-0
585,LAZGUP__ligand4167-0
586,LAZGUP__ligand9491-0
587,LAZGUP__ligand57-0
588,LAZGUP__ligand4266-0
589,LAZGUP__ligand1400-0
590,LAZGUP__ligand9750-0
591,LAZGUP__ligand1817-0
592,LAZGUP__ligand31832-0
593,LAZGUP__ligand6993-0
594,LAZGUP__ligand13294-0
595,LAZGUP__ligand1779-0
596,LAZGUP__ligand12030-0
597,LAZGUP__ligand1149-0
598,LAZGUP__ligand14248-0
599,LAZGUP__ligand3557-0
600,LAZGUP__ligand3980-0
601,LAZGUP__ligand29879-0
602,LAZGUP__ligand250-0
603,LAZGUP__ligand28884-0
604,LAZGUP__ligand13331-0
605,LAZGUP__ligand7075-0
606,LAZGUP__ligand26810-0
607,LAZGUP__ligand27482-0
608,LAZGUP__ligand13208-0
609,LAZGUP__ligand3042-0
610,LAZGUP__ligand4063-0
611,LAZGUP__ligand7438-0
612,LAZGUP__ligand188-0
613,LAZGUP__ligand8200-0
614,LAZGUP__ligand13390-0
615,LAZGUP__ligand564-0
616,LAZGUP__ligand1150-0
617,LAZGUP__ligand1539-0
618,LAZGUP__ligand370-1
619,LAZGUP__ligand620-0
620,LAZGUP__ligand4207-0
621,LAZGUP__ligand311-0
622,LAZGUP__ligand20682-0
623,LAZGUP__ligand785-0
624,LAZGUP__ligand3416-0
625,LAZGUP__ligand3453-0
626,LAZGUP__ligand479-0
627,LAZGUP__ligand17240-0
628,LAZGUP__ligand7762-0
629,LAZGUP__ligand5080-0
630,LAZGUP__ligand17590-0
631,LAZGUP__ligand196-0
632,LAZGUP__ligand1407-0
633,LAZGUP__ligand6117-0
634,LAZGUP__ligand5509-0
635,LAZGUP__ligand18699-0
636,LAZGUP__ligand12682-0
637,LAZGUP__ligand8002-0
638,LAZGUP__ligand1317-0
639,LAZGUP__ligand3867-0
640,LAZGUP__ligand2822-0
641,LAZGUP__ligand7293-0
642,LAZGUP__ligand422-0
643,LAZGUP__ligand686-0
644,LAZGUP__ligand2238-0
645,LAZGUP__ligand13072-0
646,LAZGUP__ligand5304-0
647,LAZGUP__ligand12336-0
648,LAZGUP__ligand9167-0
649,LAZGUP__ligand31483-0
650,LAZGUP__ligand1-0
651,LAZGUP__ligand10555-0
652,LAZGUP__ligand1376-0
653,LAZGUP__ligand393-0
654,LAZGUP__ligand5510-0
655,LAZGUP__ligand49-0
656,LAZGUP__ligand9773-0
657,LAZGUP__ligand5099-0
658,LAZGUP__ligand8592-0
659,LAZGUP__ligand1197-0
660,LAZGUP__ligand24613-0
661,LAZGUP__ligand2259-0
662,LAZGUP__ligand1296-0
663,LAZGUP__ligand19725-0
664,LAZGUP__ligand2221-0
665,LAZGUP__ligand21421-0
666,LAZGUP__ligand3120-0
667,LAZGUP__ligand3926-0
668,LAZGUP__ligand4358-0
669,LAZGUP__ligand14586-0
670,LAZGUP__ligand11774-0
671,LAZGUP__ligand89-0
672,LAZGUP__ligand20579-0
673,LAZGUP__ligand17710-0
674,LAZGUP__ligand353-0
675,LAZGUP__ligand5595-0
676,LAZGUP__ligand11568-0
677,LAZGUP__ligand4101-0
678,LAZGUP__ligand29898-0
679,LAZGUP__ligand1211-0
680,LAZGUP__ligand26277-0
681,LAZGUP__ligand11432-0
682,LAZGUP__ligand31618-0
683,LAZGUP__ligand10432-0
684,LAZGUP__ligand22755-0
685,LAZGUP__ligand6892-0
686,LAZGUP__ligand780-0
687,LAZGUP__ligand2881-0
688,LAZGUP__ligand314-0
689,LAZGUP__ligand1499-0
690,LAZGUP__ligand813-0
691,LAZGUP__ligand1464-0
692,LAZGUP__ligand3712-0
693,LAZGUP__ligand24064-0
694,LAZGUP__ligand391-0
695,LAZGUP__ligand23589-0
696,LAZGUP__ligand6699-0
697,LAZGUP__ligand3-0
698,LAZGUP__ligand1294-0
699,LAZGUP__ligand1168-0
700,LAZGUP__ligand3632-0
701,LAZGUP__ligand3677-0
702,LAZGUP__ligand15168-0
703,LAZGUP__ligand618-0
704,LAZGUP__ligand465-0
705,LAZGUP__ligand15438-0
706,LAZGUP__ligand28924-0
707,LAZGUP__ligand3677-1
708,LAZGUP__ligand9883-0
709,LAZGUP__ligand7291-0
710,LAZGUP__ligand29087-0
711,LAZGUP__ligand9299-0
712,LAZGUP__ligand4007-0
713,LAZGUP__ligand2985-0
714,LAZGUP__ligand18703-0
715,LAZGUP__ligand5383-0
716,LAZGUP__ligand2693-0
717,LAZGUP__ligand18013-0
718,LAZGUP__ligand25224-0
719,LAZGUP__ligand17945-0
720,LAZGUP__ligand3945-0
721,LAZGUP__ligand31578-0
722,LAZGUP__ligand17207-0
723,LAZGUP__ligand314-1
724,LAZGUP__ligand8000-0
725,LAZGUP__ligand17-0
726,LAZGUP__ligand24750-0
727,LAZGUP__ligand3736-0
728,LAZGUP__ligand9344-0
729,LAZGUP__ligand25689-0
730,LAZGUP__ligand1599-0
731,LAZGUP__ligand21787-0
732,LAZGUP__ligand25575-0
733,LAZGUP__ligand2612-0
734,LAZGUP__ligand115-0
735,LAZGUP__ligand27835-0
736,LAZGUP__ligand12295-0
737,LAZGUP__ligand9450-0
738,LAZGUP__ligand23906-0
739,LAZGUP__ligand11166-0
740,LAZGUP__ligand833-0
741,LAZGUP__ligand21132-0
742,LAZGUP__ligand30539-0
743,LAZGUP__ligand2203-0
744,LAZGUP__ligand5387-0
745,LAZGUP__ligand1289-0
746,LAZGUP__ligand25735-0
747,LAZGUP__ligand12519-0
748,LAZGUP__ligand784-0
749,LAZGUP__ligand2417-0
750,LAZGUP__ligand23124-0
751,LAZGUP__ligand11206-0
752,LAZGUP__ligand1114-0
753,LAZGUP__ligand9284-0
754,LAZGUP__ligand6391-0
755,LAZGUP__ligand3126-0
756,LAZGUP__ligand25650-0
757,LAZGUP__ligand31248-0
758,LAZGUP__ligand1228-0
759,LAZGUP__ligand9943-0
760,LAZGUP__ligand1604-0
761,LAZGUP__ligand12660-0
762,LAZGUP__ligand368-0
763,LAZGUP__ligand1832-0
764,LAZGUP__ligand8788-0
765,LAZGUP__ligand19257-0
766,LAZGUP__ligand13209-0
767,LAZGUP__ligand2043-0
768,LAZGUP__ligand395-0
769,LAZGUP__ligand5708-0
770,LAZGUP__ligand7316-0
771,LAZGUP__ligand18799-0
772,LAZGUP__ligand6017-0
773,LAZGUP__ligand18465-0
774,LAZGUP__ligand176-0
775,LAZGUP__ligand746-0
776,LAZGUP__ligand5180-0
777,LAZGUP__ligand16791-0
778,LAZGUP__ligand447-0
779,LAZGUP__ligand28668-0
780,LAZGUP__ligand29610-0
781,LAZGUP__ligand9323-0
782,LAZGUP__ligand7273-0
783,LAZGUP__ligand11140-0
784,LAZGUP__ligand487-0
785,LAZGUP__ligand7172-0
786,LAZGUP__ligand2124-0
787,LAZGUP__ligand8612-0
788,LAZGUP__ligand7092-0
789,LAZGUP__ligand18074-0
790,LAZGUP__ligand2260-0
791,LAZGUP__ligand13869-0
792,LAZGUP__ligand3225-0
793,LAZGUP__ligand1153-0
794,LAZGUP__ligand1116-0
795,LAZGUP__ligand29863-0
796,LAZGUP__ligand11-0
797,LAZGUP__ligand21936-0
798,LAZGUP__ligand13257-0
799,LAZGUP__ligand23904-0
800,LAZGUP__ligand4649-0
801,LAZGUP__ligand8793-0
802,LAZGUP__ligand5649-0
803,LAZGUP__ligand2788-0
804,LAZGUP__ligand10084-0
805,LAZGUP__ligand506-0
806,LAZGUP__ligand25267-0
807,LAZGUP__ligand4711-0
808,LAZGUP__ligand3244-0
809,LAZGUP__ligand12467-0
810,LAZGUP__ligand2906-0
811,LAZGUP__ligand152-0
812,LAZGUP__ligand3178-0
813,LAZGUP__ligand4807-0
814,LAZGUP__ligand18391-0
815,LAZGUP__ligand27169-0
816,LAZGUP__ligand14523-0
817,LAZGUP__ligand5159-0
818,LAZGUP__ligand27074-0
819,LAZGUP__ligand7196-0
820,LAZGUP__ligand69-0
821,LAZGUP__ligand20599-0
822,LAZGUP__ligand9753-0
823,LAZGUP__ligand1787-0
824,LAZGUP__ligand1356-0
825,LAZGUP__ligand22981-0
826,LAZGUP__ligand25805-0
827,LAZGUP__ligand5530-0
