,TMC
0,IWEJIF__ligand3852-0
1,IWEJIF__ligand15455-0
2,IWEJIF__ligand2485-0
3,IWEJIF__ligand152-0
4,IWEJIF__ligand6919-0
5,IWEJIF__ligand11177-0
6,IWEJIF__ligand31205-0
7,IWEJIF__ligand3565-0
8,IWEJIF__ligand17686-0
9,IWEJIF__ligand25658-0
10,IWEJIF__ligand1512-0
11,IWEJIF__ligand5331-0
12,IWEJIF__ligand8969-0
13,IWEJIF__ligand3174-0
14,IWEJIF__ligand3937-0
15,IWEJIF__ligand1202-0
16,IWEJIF__ligand3131-0
17,IWEJIF__ligand16603-0
18,IWEJIF__ligand6839-0
19,IWEJIF__ligand11814-0
20,IWEJIF__ligand4720-0
21,IWEJIF__ligand17-0
22,IWEJIF__ligand506-0
23,IWEJIF__ligand11622-0
24,IWEJIF__ligand3094-0
25,IWEJIF__ligand4155-0
26,IWEJIF__ligand5211-0
27,IWEJIF__ligand16870-0
28,IWEJIF__ligand20821-0
29,IWEJIF__ligand26673-0
30,IWEJIF__ligand487-0
31,IWEJIF__ligand1263-0
32,IWEJIF__ligand9908-0
33,IWEJIF__ligand7106-0
34,IWEJIF__ligand31000-0
35,IWEJIF__ligand7242-0
36,IWEJIF__ligand11606-0
37,IWEJIF__ligand13260-0
38,IWEJIF__ligand1844-0
39,IWEJIF__ligand4661-0
40,IWEJIF__ligand10582-0
41,IWEJIF__ligand176-0
42,IWEJIF__ligand3718-0
43,IWEJIF__ligand1343-0
44,IWEJIF__ligand3876-0
45,IWEJIF__ligand3035-0
46,IWEJIF__ligand6616-0
47,IWEJIF__ligand11252-0
48,IWEJIF__ligand1536-0
49,IWEJIF__ligand1573-0
50,IWEJIF__ligand18067-0
51,IWEJIF__ligand9935-0
52,IWEJIF__ligand746-0
53,IWEJIF__ligand19824-0
54,IWEJIF__ligand3504-0
55,IWEJIF__ligand1959-0
56,IWEJIF__ligand447-0
57,IWEJIF__ligand1790-0
58,IWEJIF__ligand1304-0
59,IWEJIF__ligand7280-0
60,IWEJIF__ligand10151-0
61,IWEJIF__ligand7238-0
62,IWEJIF__ligand368-0
63,IWEJIF__ligand49-0
64,IWEJIF__ligand4016-0
65,IWEJIF__ligand1219-0
66,IWEJIF__ligand6709-0
67,IWEJIF__ligand395-0
68,IWEJIF__ligand7867-0
69,IWEJIF__ligand4442-0
70,IWEJIF__ligand89-0
71,IWEJIF__ligand4093-0
72,IWEJIF__ligand3954-0
73,IWEJIF__ligand8699-0
74,IWEJIF__ligand1160-0
75,IWEJIF__ligand784-0
76,IWEJIF__ligand9520-0
77,IWEJIF__ligand22353-0
78,IWEJIF__ligand9784-0
79,IWEJIF__ligand19906-0
80,IWEJIF__ligand7629-0
81,IWEJIF__ligand1451-0
82,IWEJIF__ligand19668-0
83,IWEJIF__ligand4272-0
84,IWEJIF__ligand2232-0
85,IWEJIF__ligand10853-0
86,IWEJIF__ligand29441-0
87,IWEJIF__ligand9291-0
88,IWEJIF__ligand833-0
89,IWEJIF__ligand11479-0
90,IWEJIF__ligand10479-0
91,IWEJIF__ligand27610-0
92,IWEJIF__ligand2176-0
93,IWEJIF__ligand5256-0
94,IWEJIF__ligand14347-0
95,IWEJIF__ligand13657-0
96,IWEJIF__ligand14302-0
97,IWEJIF__ligand11698-0
98,IWEJIF__ligand9833-0
99,IWEJIF__ligand2828-0
100,IWEJIF__ligand8876-0
101,IWEJIF__ligand20530-0
102,IWEJIF__ligand7648-0
103,IWEJIF__ligand4157-0
104,IWEJIF__ligand24851-0
105,IWEJIF__ligand20121-0
106,IWEJIF__ligand15387-0
107,IWEJIF__ligand20220-0
108,IWEJIF__ligand115-0
109,IWEJIF__ligand4503-0
110,IWEJIF__ligand4546-0
111,IWEJIF__ligand1982-0
112,IWEJIF__ligand29813-0
113,IWEJIF__ligand16952-0
114,IWEJIF__ligand7000-0
115,IWEJIF__ligand8115-0
116,IWEJIF__ligand6768-0
117,IWEJIF__ligand1285-0
118,IWEJIF__ligand4116-0
119,IWEJIF__ligand14007-0
120,IWEJIF__ligand1018-0
121,IWEJIF__ligand18019-1
122,IWEJIF__ligand7967-0
123,IWEJIF__ligand3707-0
124,IWEJIF__ligand314-1
125,IWEJIF__ligand6124-0
126,IWEJIF__ligand9601-0
127,IWEJIF__ligand11-0
128,IWEJIF__ligand27550-0
129,IWEJIF__ligand8992-0
130,IWEJIF__ligand69-0
131,IWEJIF__ligand1615-0
132,IWEJIF__ligand2526-0
133,IWEJIF__ligand5036-0
134,IWEJIF__ligand465-0
135,IWEJIF__ligand21339-0
136,IWEJIF__ligand14226-0
137,IWEJIF__ligand16956-0
138,IWEJIF__ligand20942-1
139,IWEJIF__ligand9952-0
140,IWEJIF__ligand9111-0
141,IWEJIF__ligand8721-0
142,IWEJIF__ligand27771-0
143,IWEJIF__ligand1324-0
144,IWEJIF__ligand18158-0
145,IWEJIF__ligand23682-0
146,IWEJIF__ligand29565-0
147,IWEJIF__ligand1823-0
148,IWEJIF__ligand5643-0
149,IWEJIF__ligand9933-0
150,IWEJIF__ligand11798-0
151,IWEJIF__ligand391-0
152,IWEJIF__ligand1530-0
153,IWEJIF__ligand1575-0
154,IWEJIF__ligand20731-0
155,IWEJIF__ligand29334-0
156,IWEJIF__ligand1631-0
157,IWEJIF__ligand12413-0
158,IWEJIF__ligand2332-0
159,IWEJIF__ligand17445-0
160,IWEJIF__ligand9441-0
161,IWEJIF__ligand618-0
162,IWEJIF__ligand14477-0
163,IWEJIF__ligand17069-0
164,IWEJIF__ligand1378-0
165,IWEJIF__ligand11501-0
166,IWEJIF__ligand11544-0
167,IWEJIF__ligand6244-0
168,IWEJIF__ligand29214-0
169,IWEJIF__ligand314-0
170,IWEJIF__ligand780-0
171,IWEJIF__ligand11758-0
172,IWEJIF__ligand22357-0
173,IWEJIF__ligand2915-0
174,IWEJIF__ligand3156-0
175,IWEJIF__ligand21448-0
176,IWEJIF__ligand813-0
177,IWEJIF__ligand3465-0
178,IWEJIF__ligand3721-0
179,IWEJIF__ligand6904-0
180,IWEJIF__ligand6596-0
181,IWEJIF__ligand6102-0
182,IWEJIF__ligand30004-0
183,IWEJIF__ligand20557-0
184,IWEJIF__ligand7819-0
185,IWEJIF__ligand2917-0
186,IWEJIF__ligand353-0
187,IWEJIF__ligand24953-0
188,IWEJIF__ligand23445-0
189,IWEJIF__ligand1577-0
190,IWEJIF__ligand6067-0
191,IWEJIF__ligand16133-0
192,IWEJIF__ligand13755-0
193,IWEJIF__ligand2295-0
194,IWEJIF__ligand20432-0
195,IWEJIF__ligand27122-0
196,IWEJIF__ligand393-0
197,IWEJIF__ligand21940-0
198,IWEJIF__ligand4620-0
199,IWEJIF__ligand25048-0
200,IWEJIF__ligand422-0
201,IWEJIF__ligand21752-0
202,IWEJIF__ligand13691-0
203,IWEJIF__ligand4641-0
204,IWEJIF__ligand30788-0
205,IWEJIF__ligand4-0
206,IWEJIF__ligand686-0
207,IWEJIF__ligand14339-0
208,IWEJIF__ligand2028-0
209,IWEJIF__ligand8835-0
210,IWEJIF__ligand7126-0
211,IWEJIF__ligand196-0
212,IWEJIF__ligand1142-0
213,IWEJIF__ligand3234-0
214,IWEJIF__ligand24624-0
215,IWEJIF__ligand18413-0
216,IWEJIF__ligand20844-0
217,IWEJIF__ligand24560-0
218,IWEJIF__ligand18757-0
219,IWEJIF__ligand564-0
220,IWEJIF__ligand7529-0
221,IWEJIF__ligand18568-0
222,IWEJIF__ligand28685-0
223,IWEJIF__ligand620-0
224,IWEJIF__ligand6946-0
225,IWEJIF__ligand1415-0
226,IWEJIF__ligand370-1
227,IWEJIF__ligand13672-0
228,IWEJIF__ligand10371-0
229,IWEJIF__ligand9148-0
230,IWEJIF__ligand479-0
231,IWEJIF__ligand785-0
232,IWEJIF__ligand311-0
233,IWEJIF__ligand28459-0
234,IWEJIF__ligand48-0
235,IWEJIF__ligand12453-0
236,IWEJIF__ligand18448-0
237,IWEJIF__ligand5483-0
238,IWEJIF__ligand5316-0
239,IWEJIF__ligand2830-0
240,IWEJIF__ligand188-0
241,IWEJIF__ligand5627-0
242,IWEJIF__ligand1729-0
243,IWEJIF__ligand19184-0
244,IWEJIF__ligand4332-0
245,IWEJIF__ligand27669-0
246,IWEJIF__ligand30142-0
247,IWEJIF__ligand91-0
248,IWEJIF__ligand13477-0
249,IWEJIF__ligand14167-0
250,IWEJIF__ligand9681-0
251,IWEJIF__ligand3-0
252,IWEJIF__ligand250-0
253,IWEJIF__ligand1065-0
254,IWEJIF__ligand7530-0
255,IWEJIF__ligand1449-0
256,IWEJIF__ligand3012-0
257,IWEJIF__ligand2403-0
258,IWEJIF__ligand23197-0
259,IWEJIF__ligand51-0
260,IWEJIF__ligand370-0
261,IWEJIF__ligand6455-0
262,IWEJIF__ligand6882-0
263,IWEJIF__ligand29029-0
264,IWEJIF__ligand27285-0
265,IWEJIF__ligand3934-0
266,IWEJIF__ligand193-0
267,IWEJIF__ligand21919-0
268,IWEJIF__ligand22294-0
269,IWEJIF__ligand2068-0
270,IWEJIF__ligand22168-0
271,IWEJIF__ligand28930-0
272,IWEJIF__ligand7925-0
273,IWEJIF__ligand28743-0
274,IWEJIF__ligand15531-0
275,IWEJIF__ligand3973-0
276,IWEJIF__ligand13862-0
277,IWEJIF__ligand11357-0
278,IWEJIF__ligand830-0
279,IWEJIF__ligand12365-0
280,IWEJIF__ligand10056-0
281,IWEJIF__ligand1147-0
282,IWEJIF__ligand372-0
283,IWEJIF__ligand16-0
284,IWEJIF__ligand10828-0
285,IWEJIF__ligand19792-0
286,IWEJIF__ligand15926-0
287,IWEJIF__ligand2599-0
288,IWEJIF__ligand24230-0
289,IWEJIF__ligand4330-0
290,IWEJIF__ligand11096-0
291,IWEJIF__ligand11447-0
292,IWEJIF__ligand28810-0
293,IWEJIF__ligand4194-0
294,IWEJIF__ligand15883-0
295,IWEJIF__ligand116-0
296,IWEJIF__ligand11970-0
297,IWEJIF__ligand7532-0
298,IWEJIF__ligand1-0
299,IWEJIF__ligand252-0
300,IWEJIF__ligand6062-0
301,IWEJIF__ligand4813-0
302,IWEJIF__ligand5813-0
303,IWEJIF__ligand25913-0
304,IWEJIF__ligand16988-0
305,IWEJIF__ligand4738-0
306,IWEJIF__ligand20207-0
307,IWEJIF__ligand30711-0
308,IWEJIF__ligand177-0
309,IWEJIF__ligand11682-0
310,IWEJIF__ligand6283-0
311,IWEJIF__ligand7107-0
312,IWEJIF__ligand909-0
313,IWEJIF__ligand11994-0
314,IWEJIF__ligand31044-0
315,IWEJIF__ligand31842-0
316,IWEJIF__ligand24035-0
317,IWEJIF__ligand32-0
318,IWEJIF__ligand3215-0
319,IWEJIF__ligand14614-0
320,IWEJIF__ligand16663-0
321,IWEJIF__ligand15788-0
322,IWEJIF__ligand23175-0
323,IWEJIF__ligand17396-0
324,IWEJIF__ligand13220-0
325,IWEJIF__ligand11587-0
326,IWEJIF__ligand1496-0
327,IWEJIF__ligand7557-0
328,IWEJIF__ligand22444-0
329,IWEJIF__ligand24111-0
330,IWEJIF__ligand13385-0
331,IWEJIF__ligand868-0
332,IWEJIF__ligand1533-0
333,IWEJIF__ligand14569-0
334,IWEJIF__ligand5892-0
335,IWEJIF__ligand12001-0
336,IWEJIF__ligand5094-0
337,IWEJIF__ligand783-0
338,IWEJIF__ligand352-0
339,IWEJIF__ligand24644-0
340,IWEJIF__ligand10033-0
341,IWEJIF__ligand1712-0
342,IWEJIF__ligand4131-0
343,IWEJIF__ligand24872-0
344,IWEJIF__ligand30728-0
345,IWEJIF__ligand27840-0
346,IWEJIF__ligand1900-0
347,IWEJIF__ligand57-0
348,IWEJIF__ligand9197-0
349,IWEJIF__ligand25561-0
350,IWEJIF__ligand3029-0
351,IWEJIF__ligand24780-0
352,IWEJIF__ligand12138-0
353,IWEJIF__ligand22129-0
354,IWEJIF__ligand7162-0
355,IWEJIF__ligand11949-0
356,IWEJIF__ligand197-0
357,IWEJIF__ligand2328-0
358,IWEJIF__ligand4581-0
359,IWEJIF__ligand1773-0
360,IWEJIF__ligand3350-0
361,IWEJIF__ligand2781-0
362,IWEJIF__ligand7573-0
363,IWEJIF__ligand17427-0
364,IWEJIF__ligand1327-0
365,IWEJIF__ligand6672-0
366,IWEJIF__ligand9809-0
367,IWEJIF__ligand8722-0
368,IWEJIF__ligand29486-0
369,IWEJIF__ligand2208-0
370,IWEJIF__ligand31694-0
371,IWEJIF__ligand3208-0
372,IWEJIF__ligand8464-0
373,IWEJIF__ligand11618-0
374,IWEJIF__ligand1709-0
375,IWEJIF__ligand685-0
376,IWEJIF__ligand8349-0
377,IWEJIF__ligand26529-0
378,IWEJIF__ligand68-0
379,IWEJIF__ligand2527-0
380,IWEJIF__ligand421-0
381,IWEJIF__ligand55-0
382,IWEJIF__ligand5849-0
383,IWEJIF__ligand27239-0
384,IWEJIF__ligand21729-0
385,IWEJIF__ligand4911-0
386,IWEJIF__ligand14043-0
387,IWEJIF__ligand1771-0
388,IWEJIF__ligand26324-0
389,IWEJIF__ligand28559-0
390,IWEJIF__ligand3392-0
391,IWEJIF__ligand19927-0
392,IWEJIF__ligand294-0
393,IWEJIF__ligand10872-0
394,IWEJIF__ligand21399-0
395,IWEJIF__ligand1165-0
396,IWEJIF__ligand9525-0
397,IWEJIF__ligand34-0
398,IWEJIF__ligand12003-0
399,IWEJIF__ligand3157-0
400,IWEJIF__ligand16148-0
401,IWEJIF__ligand26631-0
402,IWEJIF__ligand1379-0
403,IWEJIF__ligand2722-0
404,IWEJIF__ligand560-0
405,IWEJIF__ligand5935-0
406,IWEJIF__ligand29215-0
407,IWEJIF__ligand11111-0
408,IWEJIF__ligand28540-0
409,IWEJIF__ligand1768-0
410,IWEJIF__ligand235-0
411,IWEJIF__ligand16369-0
412,IWEJIF__ligand3871-0
413,IWEJIF__ligand20695-0
414,IWEJIF__ligand27754-0
415,IWEJIF__ligand134-0
416,IWEJIF__ligand1469-0
417,IWEJIF__ligand1688-0
418,IWEJIF__ligand3647-0
419,IWEJIF__ligand5357-0
420,IWEJIF__ligand22403-0
421,IWEJIF__ligand4850-0
422,IWEJIF__ligand5056-0
423,IWEJIF__ligand11675-0
424,IWEJIF__ligand4596-0
425,IWEJIF__ligand20598-0
426,IWEJIF__ligand22557-0
427,IWEJIF__ligand10589-0
428,IWEJIF__ligand24047-0
429,IWEJIF__ligand1498-0
430,IWEJIF__ligand17398-0
431,IWEJIF__ligand9615-0
432,IWEJIF__ligand17278-0
433,IWEJIF__ligand20011-0
434,IWEJIF__ligand324-0
435,IWEJIF__ligand361-0
436,IWEJIF__ligand29414-0
437,IWEJIF__ligand409-0
438,IWEJIF__ligand1154-0
439,IWEJIF__ligand17982-0
440,IWEJIF__ligand8529-0
441,IWEJIF__ligand20251-1
442,IWEJIF__ligand38-0
443,IWEJIF__ligand1169-0
444,IWEJIF__ligand14703-0
445,IWEJIF__ligand16475-0
446,IWEJIF__ligand17261-0
447,IWEJIF__ligand14117-0
448,IWEJIF__ligand1050-0
449,IWEJIF__ligand199-0
450,IWEJIF__ligand1015-0
451,IWEJIF__ligand31097-0
452,IWEJIF__ligand21581-0
453,IWEJIF__ligand2027-0
454,IWEJIF__ligand20539-0
455,IWEJIF__ligand20214-0
456,IWEJIF__ligand30702-0
457,IWEJIF__ligand20251-0
458,IWEJIF__ligand30851-0
459,IWEJIF__ligand14889-0
460,IWEJIF__ligand588-0
461,IWEJIF__ligand4262-0
462,IWEJIF__ligand1028-0
463,IWEJIF__ligand29568-0
464,IWEJIF__ligand2692-0
465,IWEJIF__ligand28789-0
466,IWEJIF__ligand300-0
467,IWEJIF__ligand1618-0
468,IWEJIF__ligand20419-0
469,IWEJIF__ligand17118-0
470,IWEJIF__ligand21371-0
471,IWEJIF__ligand4124-0
472,IWEJIF__ligand4161-0
473,IWEJIF__ligand3471-0
474,IWEJIF__ligand13208-0
475,IWEJIF__ligand27482-0
476,IWEJIF__ligand26810-0
477,IWEJIF__ligand633-0
478,IWEJIF__ligand497-0
479,IWEJIF__ligand5415-0
480,IWEJIF__ligand66-0
481,IWEJIF__ligand3180-0
482,IWEJIF__ligand2281-0
483,IWEJIF__ligand2650-0
484,IWEJIF__ligand4340-0
485,IWEJIF__ligand13390-0
486,IWEJIF__ligand20682-0
487,IWEJIF__ligand2823-0
488,IWEJIF__ligand6995-0
489,IWEJIF__ligand9944-0
490,IWEJIF__ligand8593-0
491,IWEJIF__ligand11456-0
492,IWEJIF__ligand436-0
493,IWEJIF__ligand10712-0
494,IWEJIF__ligand14174-0
495,IWEJIF__ligand7566-0
496,IWEJIF__ligand692-0
497,IWEJIF__ligand2001-0
498,IWEJIF__ligand25411-0
499,IWEJIF__ligand31832-0
500,IWEJIF__ligand13294-0
501,IWEJIF__ligand5201-0
502,IWEJIF__ligand13331-0
503,IWEJIF__ligand1113-0
504,IWEJIF__ligand28884-0
505,IWEJIF__ligand8553-0
506,IWEJIF__ligand326-0
507,IWEJIF__ligand42-0
508,IWEJIF__ligand12030-0
509,IWEJIF__ligand14248-0
510,IWEJIF__ligand29879-0
511,IWEJIF__ligand5515-0
512,IWEJIF__ligand28676-0
513,IWEJIF__ligand10262-0
514,IWEJIF__ligand6663-0
515,IWEJIF__ligand27763-0
516,IWEJIF__ligand5614-0
517,IWEJIF__ligand5280-0
518,IWEJIF__ligand1831-0
519,IWEJIF__ligand696-0
520,IWEJIF__ligand13425-0
521,IWEJIF__ligand29302-0
522,IWEJIF__ligand19057-0
523,IWEJIF__ligand18814-0
524,IWEJIF__ligand1216-0
525,IWEJIF__ligand3261-0
526,IWEJIF__ligand1152-0
527,IWEJIF__ligand5019-0
528,IWEJIF__ligand14108-0
529,IWEJIF__ligand10958-0
530,IWEJIF__ligand1849-0
531,IWEJIF__ligand656-0
532,IWEJIF__ligand12641-0
533,IWEJIF__ligand4710-0
534,IWEJIF__ligand5755-0
535,IWEJIF__ligand25178-0
536,IWEJIF__ligand24185-0
537,IWEJIF__ligand3144-0
538,IWEJIF__ligand23769-0
539,IWEJIF__ligand5085-0
540,IWEJIF__ligand6112-0
541,IWEJIF__ligand17805-0
542,IWEJIF__ligand8042-0
543,IWEJIF__ligand1397-0
544,IWEJIF__ligand17302-0
545,IWEJIF__ligand7213-0
546,IWEJIF__ligand1828-0
547,IWEJIF__ligand226-0
548,IWEJIF__ligand5630-0
549,IWEJIF__ligand12231-0
550,IWEJIF__ligand162-0
551,IWEJIF__ligand26702-0
552,IWEJIF__ligand13658-0
553,IWEJIF__ligand18292-0
554,IWEJIF__ligand12289-0
555,IWEJIF__ligand12130-0
556,IWEJIF__ligand17387-0
557,IWEJIF__ligand1786-0
558,IWEJIF__ligand10476-0
559,IWEJIF__ligand3285-0
560,IWEJIF__ligand4795-0
561,IWEJIF__ligand13068-0
562,IWEJIF__ligand383-0
563,IWEJIF__ligand19830-0
564,IWEJIF__ligand12401-0
565,IWEJIF__ligand15585-0
566,IWEJIF__ligand1908-0
567,IWEJIF__ligand416-0
568,IWEJIF__ligand24145-0
569,IWEJIF__ligand20578-0
570,IWEJIF__ligand12934-0
571,IWEJIF__ligand15422-0
572,IWEJIF__ligand19641-0
573,IWEJIF__ligand9750-0
574,IWEJIF__ligand1817-0
575,IWEJIF__ligand14723-0
576,IWEJIF__ligand6993-0
577,IWEJIF__ligand1779-0
578,IWEJIF__ligand27893-0
579,IWEJIF__ligand1149-0
580,IWEJIF__ligand30988-0
581,IWEJIF__ligand3557-0
582,IWEJIF__ligand3980-0
583,IWEJIF__ligand18-0
584,IWEJIF__ligand23713-0
585,IWEJIF__ligand27175-0
586,IWEJIF__ligand18832-0
587,IWEJIF__ligand7075-0
588,IWEJIF__ligand13012-0
589,IWEJIF__ligand17631-0
590,IWEJIF__ligand26665-0
591,IWEJIF__ligand14603-0
592,IWEJIF__ligand14297-0
593,IWEJIF__ligand17258-0
594,IWEJIF__ligand1288-0
595,IWEJIF__ligand571-0
596,IWEJIF__ligand31783-0
597,IWEJIF__ligand534-0
598,IWEJIF__ligand4167-0
599,IWEJIF__ligand670-0
600,IWEJIF__ligand9491-0
601,IWEJIF__ligand4266-0
602,IWEJIF__ligand1400-0
603,IWEJIF__ligand26540-0
604,IWEJIF__ligand29410-0
605,IWEJIF__ligand1150-0
606,IWEJIF__ligand12337-0
607,IWEJIF__ligand30296-0
608,IWEJIF__ligand1539-0
609,IWEJIF__ligand17281-0
610,IWEJIF__ligand4207-0
611,IWEJIF__ligand12606-0
612,IWEJIF__ligand3416-0
613,IWEJIF__ligand3453-0
614,IWEJIF__ligand30333-0
615,IWEJIF__ligand694-0
616,IWEJIF__ligand27460-0
617,IWEJIF__ligand3042-0
618,IWEJIF__ligand488-0
619,IWEJIF__ligand16628-0
620,IWEJIF__ligand12427-0
621,IWEJIF__ligand358-0
622,IWEJIF__ligand4063-0
623,IWEJIF__ligand430-0
624,IWEJIF__ligand20740-0
625,IWEJIF__ligand28468-0
626,IWEJIF__ligand8200-0
627,IWEJIF__ligand7438-0
628,IWEJIF__ligand23124-0
629,IWEJIF__ligand122-0
630,IWEJIF__ligand2822-0
631,IWEJIF__ligand7293-0
632,IWEJIF__ligand1317-0
633,IWEJIF__ligand3867-0
634,IWEJIF__ligand11206-0
635,IWEJIF__ligand25735-0
636,IWEJIF__ligand12519-0
637,IWEJIF__ligand2238-0
638,IWEJIF__ligand5304-0
639,IWEJIF__ligand757-0
640,IWEJIF__ligand9167-0
641,IWEJIF__ligand7762-0
642,IWEJIF__ligand5080-0
643,IWEJIF__ligand25650-0
644,IWEJIF__ligand67-0
645,IWEJIF__ligand31248-0
646,IWEJIF__ligand8-0
647,IWEJIF__ligand19257-0
648,IWEJIF__ligand13209-0
649,IWEJIF__ligand1407-0
650,IWEJIF__ligand6117-0
651,IWEJIF__ligand12660-0
652,IWEJIF__ligand5509-0
653,IWEJIF__ligand8002-0
654,IWEJIF__ligand2221-0
655,IWEJIF__ligand43-0
656,IWEJIF__ligand3120-0
657,IWEJIF__ligand3926-0
658,IWEJIF__ligand25689-0
659,IWEJIF__ligand25575-0
660,IWEJIF__ligand4358-0
661,IWEJIF__ligand21787-0
662,IWEJIF__ligand27835-0
663,IWEJIF__ligand12295-0
664,IWEJIF__ligand4101-0
665,IWEJIF__ligand5595-0
666,IWEJIF__ligand11166-0
667,IWEJIF__ligand693-0
668,IWEJIF__ligand21132-0
669,IWEJIF__ligand5510-0
670,IWEJIF__ligand1376-0
671,IWEJIF__ligand9773-0
672,IWEJIF__ligand23906-0
673,IWEJIF__ligand5099-0
674,IWEJIF__ligand8592-0
675,IWEJIF__ligand1197-0
676,IWEJIF__ligand2259-0
677,IWEJIF__ligand30539-0
678,IWEJIF__ligand1296-0
679,IWEJIF__ligand141-0
680,IWEJIF__ligand23904-0
681,IWEJIF__ligand6699-0
682,IWEJIF__ligand21936-0
683,IWEJIF__ligand240-0
684,IWEJIF__ligand13257-0
685,IWEJIF__ligand12467-0
686,IWEJIF__ligand1294-0
687,IWEJIF__ligand1168-0
688,IWEJIF__ligand10084-0
689,IWEJIF__ligand3632-0
690,IWEJIF__ligand3677-0
691,IWEJIF__ligand25267-0
692,IWEJIF__ligand18391-0
693,IWEJIF__ligand1211-0
694,IWEJIF__ligand14523-0
695,IWEJIF__ligand27169-0
696,IWEJIF__ligand6892-0
697,IWEJIF__ligand20599-0
698,IWEJIF__ligand2881-0
699,IWEJIF__ligand22981-0
700,IWEJIF__ligand25805-0
701,IWEJIF__ligand1499-0
702,IWEJIF__ligand1464-0
703,IWEJIF__ligand3712-0
704,IWEJIF__ligand27074-0
705,IWEJIF__ligand18799-0
706,IWEJIF__ligand5383-0
707,IWEJIF__ligand2693-0
708,IWEJIF__ligand18465-0
709,IWEJIF__ligand3945-0
710,IWEJIF__ligand768-0
711,IWEJIF__ligand28668-0
712,IWEJIF__ligand8000-0
713,IWEJIF__ligand3736-0
714,IWEJIF__ligand9344-0
715,IWEJIF__ligand16791-0
716,IWEJIF__ligand11140-0
717,IWEJIF__ligand9883-0
718,IWEJIF__ligand3677-1
719,IWEJIF__ligand7291-0
720,IWEJIF__ligand29610-0
721,IWEJIF__ligand13869-0
722,IWEJIF__ligand384-0
723,IWEJIF__ligand18074-0
724,IWEJIF__ligand9299-0
725,IWEJIF__ligand29863-0
726,IWEJIF__ligand2985-0
727,IWEJIF__ligand4007-0
728,IWEJIF__ligand31483-0
729,IWEJIF__ligand10555-0
730,IWEJIF__ligand19725-0
731,IWEJIF__ligand2203-0
732,IWEJIF__ligand5387-0
733,IWEJIF__ligand24-0
734,IWEJIF__ligand1289-0
735,IWEJIF__ligand24613-0
736,IWEJIF__ligand1599-0
737,IWEJIF__ligand338-0
738,IWEJIF__ligand19-0
739,IWEJIF__ligand14586-0
740,IWEJIF__ligand11774-0
741,IWEJIF__ligand21421-0
742,IWEJIF__ligand2612-0
743,IWEJIF__ligand17710-0
744,IWEJIF__ligand20579-0
745,IWEJIF__ligand11568-0
746,IWEJIF__ligand9450-0
747,IWEJIF__ligand17590-0
748,IWEJIF__ligand9943-0
749,IWEJIF__ligand1228-0
750,IWEJIF__ligand17240-0
751,IWEJIF__ligand1604-0
752,IWEJIF__ligand78-0
753,IWEJIF__ligand201-0
754,IWEJIF__ligand18699-0
755,IWEJIF__ligand8788-0
756,IWEJIF__ligand12682-0
757,IWEJIF__ligand1832-0
758,IWEJIF__ligand2043-0
759,IWEJIF__ligand178-0
760,IWEJIF__ligand279-0
761,IWEJIF__ligand2417-0
762,IWEJIF__ligand185-0
763,IWEJIF__ligand45-0
764,IWEJIF__ligand321-0
765,IWEJIF__ligand1114-0
766,IWEJIF__ligand12336-0
767,IWEJIF__ligand9284-0
768,IWEJIF__ligand3126-0
769,IWEJIF__ligand6391-0
770,IWEJIF__ligand13072-0
771,IWEJIF__ligand187-0
772,IWEJIF__ligand9323-0
773,IWEJIF__ligand7273-0
774,IWEJIF__ligand15438-0
775,IWEJIF__ligand657-0
776,IWEJIF__ligand28924-0
777,IWEJIF__ligand7172-0
778,IWEJIF__ligand2124-0
779,IWEJIF__ligand8612-0
780,IWEJIF__ligand18703-0
781,IWEJIF__ligand29087-0
782,IWEJIF__ligand3225-0
783,IWEJIF__ligand1153-0
784,IWEJIF__ligand1116-0
785,IWEJIF__ligand7092-0
786,IWEJIF__ligand2260-0
787,IWEJIF__ligand366-0
788,IWEJIF__ligand5708-0
789,IWEJIF__ligand17207-0
790,IWEJIF__ligand7316-0
791,IWEJIF__ligand31578-0
792,IWEJIF__ligand777-0
793,IWEJIF__ligand18013-0
794,IWEJIF__ligand25224-0
795,IWEJIF__ligand17945-0
796,IWEJIF__ligand6017-0
797,IWEJIF__ligand5180-0
798,IWEJIF__ligand941-0
799,IWEJIF__ligand596-0
800,IWEJIF__ligand24750-0
801,IWEJIF__ligand10432-0
802,IWEJIF__ligand11432-0
803,IWEJIF__ligand31618-0
804,IWEJIF__ligand3178-0
805,IWEJIF__ligand22755-0
806,IWEJIF__ligand4807-0
807,IWEJIF__ligand29898-0
808,IWEJIF__ligand26277-0
809,IWEJIF__ligand5159-0
810,IWEJIF__ligand7196-0
811,IWEJIF__ligand9753-0
812,IWEJIF__ligand126-0
813,IWEJIF__ligand163-0
814,IWEJIF__ligand5530-0
815,IWEJIF__ligand1356-0
816,IWEJIF__ligand1787-0
817,IWEJIF__ligand23589-0
818,IWEJIF__ligand8793-0
819,IWEJIF__ligand2788-0
820,IWEJIF__ligand5649-0
821,IWEJIF__ligand4649-0
822,IWEJIF__ligand24064-0
823,IWEJIF__ligand15168-0
824,IWEJIF__ligand4711-0
825,IWEJIF__ligand3244-0
826,IWEJIF__ligand845-0
827,IWEJIF__ligand2906-0
