,TMC
0,SIPDAX__ligand12001-0
1,SIPDAX__ligand4620-0
2,SIPDAX__ligand24644-0
3,SIPDAX__ligand10033-0
4,SIPDAX__ligand24872-0
5,SIPDAX__ligand30728-0
6,SIPDAX__ligand1577-0
7,SIPDAX__ligand6067-0
8,SIPDAX__ligand27840-0
9,SIPDAX__ligand2295-0
10,SIPDAX__ligand487-0
11,SIPDAX__ligand23175-0
12,SIPDAX__ligand2917-0
13,SIPDAX__ligand746-0
14,SIPDAX__ligand15788-0
15,SIPDAX__ligand17396-0
16,SIPDAX__ligand7819-0
17,SIPDAX__ligand447-0
18,SIPDAX__ligand13220-0
19,SIPDAX__ligand11587-0
20,SIPDAX__ligand24111-0
21,SIPDAX__ligand22444-0
22,SIPDAX__ligand3465-0
23,SIPDAX__ligand13385-0
24,SIPDAX__ligand176-0
25,SIPDAX__ligand14569-0
26,SIPDAX__ligand6102-0
27,SIPDAX__ligand3721-0
28,SIPDAX__ligand6904-0
29,SIPDAX__ligand6596-0
30,SIPDAX__ligand17427-0
31,SIPDAX__ligand1142-0
32,SIPDAX__ligand3234-0
33,SIPDAX__ligand7126-0
34,SIPDAX__ligand152-0
35,SIPDAX__ligand2028-0
36,SIPDAX__ligand8835-0
37,SIPDAX__ligand29486-0
38,SIPDAX__ligand31694-0
39,SIPDAX__ligand4641-0
40,SIPDAX__ligand506-0
41,SIPDAX__ligand25561-0
42,SIPDAX__ligand12138-0
43,SIPDAX__ligand24780-0
44,SIPDAX__ligand22129-0
45,SIPDAX__ligand11949-0
46,SIPDAX__ligand1324-0
47,SIPDAX__ligand8721-0
48,SIPDAX__ligand1823-0
49,SIPDAX__ligand5643-0
50,SIPDAX__ligand21729-0
51,SIPDAX__ligand27239-0
52,SIPDAX__ligand14043-0
53,SIPDAX__ligand11-0
54,SIPDAX__ligand28559-0
55,SIPDAX__ligand1615-0
56,SIPDAX__ligand2526-0
57,SIPDAX__ligand5036-0
58,SIPDAX__ligand26324-0
59,SIPDAX__ligand9952-0
60,SIPDAX__ligand9111-0
61,SIPDAX__ligand19927-0
62,SIPDAX__ligand833-0
63,SIPDAX__ligand9601-0
64,SIPDAX__ligand11618-0
65,SIPDAX__ligand69-0
66,SIPDAX__ligand8992-0
67,SIPDAX__ligand1018-0
68,SIPDAX__ligand26529-0
69,SIPDAX__ligand4116-0
70,SIPDAX__ligand7967-0
71,SIPDAX__ligand115-0
72,SIPDAX__ligand6124-0
73,SIPDAX__ligand3707-0
74,SIPDAX__ligand28540-0
75,SIPDAX__ligand368-0
76,SIPDAX__ligand11111-0
77,SIPDAX__ligand16369-0
78,SIPDAX__ligand395-0
79,SIPDAX__ligand2915-0
80,SIPDAX__ligand20695-0
81,SIPDAX__ligand27754-0
82,SIPDAX__ligand3156-0
83,SIPDAX__ligand1378-0
84,SIPDAX__ligand22403-0
85,SIPDAX__ligand6244-0
86,SIPDAX__ligand21399-0
87,SIPDAX__ligand9441-0
88,SIPDAX__ligand10872-0
89,SIPDAX__ligand2332-0
90,SIPDAX__ligand12003-0
91,SIPDAX__ligand16148-0
92,SIPDAX__ligand26631-0
93,SIPDAX__ligand1575-0
94,SIPDAX__ligand1530-0
95,SIPDAX__ligand9933-0
96,SIPDAX__ligand1631-0
97,SIPDAX__ligand784-0
98,SIPDAX__ligand29215-0
99,SIPDAX__ligand28459-0
100,SIPDAX__ligand9784-0
101,SIPDAX__ligand12453-0
102,SIPDAX__ligand18448-0
103,SIPDAX__ligand4272-0
104,SIPDAX__ligand1451-0
105,SIPDAX__ligand618-0
106,SIPDAX__ligand7629-0
107,SIPDAX__ligand391-0
108,SIPDAX__ligand3954-0
109,SIPDAX__ligand4442-0
110,SIPDAX__ligand4093-0
111,SIPDAX__ligand9520-0
112,SIPDAX__ligand8699-0
113,SIPDAX__ligand19184-0
114,SIPDAX__ligand1160-0
115,SIPDAX__ligand49-0
116,SIPDAX__ligand4016-0
117,SIPDAX__ligand314-0
118,SIPDAX__ligand780-0
119,SIPDAX__ligand18568-0
120,SIPDAX__ligand28685-0
121,SIPDAX__ligand89-0
122,SIPDAX__ligand7867-0
123,SIPDAX__ligand813-0
124,SIPDAX__ligand13672-0
125,SIPDAX__ligand1219-0
126,SIPDAX__ligand6709-0
127,SIPDAX__ligand10371-0
128,SIPDAX__ligand1304-0
129,SIPDAX__ligand1790-0
130,SIPDAX__ligand7280-0
131,SIPDAX__ligand7238-0
132,SIPDAX__ligand8115-0
133,SIPDAX__ligand6768-0
134,SIPDAX__ligand1982-0
135,SIPDAX__ligand7000-0
136,SIPDAX__ligand1285-0
137,SIPDAX__ligand23197-0
138,SIPDAX__ligand4546-0
139,SIPDAX__ligand4503-0
140,SIPDAX__ligand27285-0
141,SIPDAX__ligand29029-0
142,SIPDAX__ligand314-1
143,SIPDAX__ligand27669-0
144,SIPDAX__ligand9833-0
145,SIPDAX__ligand7648-0
146,SIPDAX__ligand2828-0
147,SIPDAX__ligand8876-0
148,SIPDAX__ligand5256-0
149,SIPDAX__ligand30142-0
150,SIPDAX__ligand13477-0
151,SIPDAX__ligand14167-0
152,SIPDAX__ligand4157-0
153,SIPDAX__ligand2232-0
154,SIPDAX__ligand465-0
155,SIPDAX__ligand2176-0
156,SIPDAX__ligand9291-0
157,SIPDAX__ligand19792-0
158,SIPDAX__ligand686-0
159,SIPDAX__ligand10828-0
160,SIPDAX__ligand3094-0
161,SIPDAX__ligand4155-0
162,SIPDAX__ligand15926-0
163,SIPDAX__ligand24230-0
164,SIPDAX__ligand5211-0
165,SIPDAX__ligand28810-0
166,SIPDAX__ligand11096-0
167,SIPDAX__ligand11447-0
168,SIPDAX__ligand15883-0
169,SIPDAX__ligand6839-0
170,SIPDAX__ligand8969-0
171,SIPDAX__ligand3131-0
172,SIPDAX__ligand3174-0
173,SIPDAX__ligand1202-0
174,SIPDAX__ligand3937-0
175,SIPDAX__ligand11970-0
176,SIPDAX__ligand422-0
177,SIPDAX__ligand4720-0
178,SIPDAX__ligand3565-0
179,SIPDAX__ligand21919-0
180,SIPDAX__ligand17-0
181,SIPDAX__ligand22294-0
182,SIPDAX__ligand1512-0
183,SIPDAX__ligand5331-0
184,SIPDAX__ligand22168-0
185,SIPDAX__ligand28930-0
186,SIPDAX__ligand11357-0
187,SIPDAX__ligand13862-0
188,SIPDAX__ligand6919-0
189,SIPDAX__ligand28743-0
190,SIPDAX__ligand15531-0
191,SIPDAX__ligand3852-0
192,SIPDAX__ligand2485-0
193,SIPDAX__ligand12365-0
194,SIPDAX__ligand10056-0
195,SIPDAX__ligand196-0
196,SIPDAX__ligand11994-0
197,SIPDAX__ligand9935-0
198,SIPDAX__ligand1573-0
199,SIPDAX__ligand1536-0
200,SIPDAX__ligand31044-0
201,SIPDAX__ligand31842-0
202,SIPDAX__ligand1959-0
203,SIPDAX__ligand3504-0
204,SIPDAX__ligand24035-0
205,SIPDAX__ligand353-0
206,SIPDAX__ligand1844-0
207,SIPDAX__ligand4661-0
208,SIPDAX__ligand14614-0
209,SIPDAX__ligand6616-0
210,SIPDAX__ligand3876-0
211,SIPDAX__ligand1343-0
212,SIPDAX__ligand3035-0
213,SIPDAX__ligand16663-0
214,SIPDAX__ligand3718-0
215,SIPDAX__ligand7106-0
216,SIPDAX__ligand16988-0
217,SIPDAX__ligand7242-0
218,SIPDAX__ligand25913-0
219,SIPDAX__ligand393-0
220,SIPDAX__ligand1263-0
221,SIPDAX__ligand9908-0
222,SIPDAX__ligand30711-0
223,SIPDAX__ligand20207-0
224,SIPDAX__ligand11682-0
225,SIPDAX__ligand250-0
226,SIPDAX__ligand1771-0
227,SIPDAX__ligand4911-0
228,SIPDAX__ligand20942-1
229,SIPDAX__ligand21339-0
230,SIPDAX__ligand14226-0
231,SIPDAX__ligand16956-0
232,SIPDAX__ligand3392-0
233,SIPDAX__ligand27771-0
234,SIPDAX__ligand18158-0
235,SIPDAX__ligand23682-0
236,SIPDAX__ligand68-0
237,SIPDAX__ligand5849-0
238,SIPDAX__ligand29565-0
239,SIPDAX__ligand14007-0
240,SIPDAX__ligand55-0
241,SIPDAX__ligand18019-1
242,SIPDAX__ligand370-0
243,SIPDAX__ligand2527-0
244,SIPDAX__ligand27550-0
245,SIPDAX__ligand8349-0
246,SIPDAX__ligand8464-0
247,SIPDAX__ligand1709-0
248,SIPDAX__ligand3647-0
249,SIPDAX__ligand5357-0
250,SIPDAX__ligand11501-0
251,SIPDAX__ligand11544-0
252,SIPDAX__ligand1688-0
253,SIPDAX__ligand4850-0
254,SIPDAX__ligand5056-0
255,SIPDAX__ligand785-0
256,SIPDAX__ligand311-0
257,SIPDAX__ligand479-0
258,SIPDAX__ligand29214-0
259,SIPDAX__ligand34-0
260,SIPDAX__ligand1768-0
261,SIPDAX__ligand22357-0
262,SIPDAX__ligand564-0
263,SIPDAX__ligand11758-0
264,SIPDAX__ligand370-1
265,SIPDAX__ligand21448-0
266,SIPDAX__ligand1469-0
267,SIPDAX__ligand3871-0
268,SIPDAX__ligand620-0
269,SIPDAX__ligand2722-0
270,SIPDAX__ligand11798-0
271,SIPDAX__ligand1379-0
272,SIPDAX__ligand5935-0
273,SIPDAX__ligand20731-0
274,SIPDAX__ligand12413-0
275,SIPDAX__ligand188-0
276,SIPDAX__ligand29334-0
277,SIPDAX__ligand9525-0
278,SIPDAX__ligand17445-0
279,SIPDAX__ligand1165-0
280,SIPDAX__ligand14477-0
281,SIPDAX__ligand3157-0
282,SIPDAX__ligand17069-0
283,SIPDAX__ligand24953-0
284,SIPDAX__ligand23445-0
285,SIPDAX__ligand4131-0
286,SIPDAX__ligand1712-0
287,SIPDAX__ligand13755-0
288,SIPDAX__ligand16133-0
289,SIPDAX__ligand177-0
290,SIPDAX__ligand20432-0
291,SIPDAX__ligand27122-0
292,SIPDAX__ligand5094-0
293,SIPDAX__ligand5892-0
294,SIPDAX__ligand21940-0
295,SIPDAX__ligand25048-0
296,SIPDAX__ligand1533-0
297,SIPDAX__ligand30004-0
298,SIPDAX__ligand20557-0
299,SIPDAX__ligand909-0
300,SIPDAX__ligand1496-0
301,SIPDAX__ligand7557-0
302,SIPDAX__ligand830-0
303,SIPDAX__ligand372-0
304,SIPDAX__ligand2208-0
305,SIPDAX__ligand3208-0
306,SIPDAX__ligand57-0
307,SIPDAX__ligand8-0
308,SIPDAX__ligand18413-0
309,SIPDAX__ligand20844-0
310,SIPDAX__ligand3350-0
311,SIPDAX__ligand7573-0
312,SIPDAX__ligand24624-0
313,SIPDAX__ligand2781-0
314,SIPDAX__ligand193-0
315,SIPDAX__ligand8722-0
316,SIPDAX__ligand6672-0
317,SIPDAX__ligand9809-0
318,SIPDAX__ligand1327-0
319,SIPDAX__ligand18757-0
320,SIPDAX__ligand24560-0
321,SIPDAX__ligand116-0
322,SIPDAX__ligand7162-0
323,SIPDAX__ligand3029-0
324,SIPDAX__ligand21752-0
325,SIPDAX__ligand252-0
326,SIPDAX__ligand1773-0
327,SIPDAX__ligand4581-0
328,SIPDAX__ligand2328-0
329,SIPDAX__ligand30788-0
330,SIPDAX__ligand9197-0
331,SIPDAX__ligand13691-0
332,SIPDAX__ligand1900-0
333,SIPDAX__ligand14339-0
334,SIPDAX__ligand16603-0
335,SIPDAX__ligand4194-0
336,SIPDAX__ligand11814-0
337,SIPDAX__ligand7532-0
338,SIPDAX__ligand197-0
339,SIPDAX__ligand11622-0
340,SIPDAX__ligand16-0
341,SIPDAX__ligand4330-0
342,SIPDAX__ligand16870-0
343,SIPDAX__ligand2599-0
344,SIPDAX__ligand15455-0
345,SIPDAX__ligand3973-0
346,SIPDAX__ligand11177-0
347,SIPDAX__ligand1147-0
348,SIPDAX__ligand31205-0
349,SIPDAX__ligand17686-0
350,SIPDAX__ligand25658-0
351,SIPDAX__ligand7925-0
352,SIPDAX__ligand2068-0
353,SIPDAX__ligand3215-0
354,SIPDAX__ligand10582-0
355,SIPDAX__ligand13260-0
356,SIPDAX__ligand868-0
357,SIPDAX__ligand11252-0
358,SIPDAX__ligand7107-0
359,SIPDAX__ligand19824-0
360,SIPDAX__ligand18067-0
361,SIPDAX__ligand20821-0
362,SIPDAX__ligand6283-0
363,SIPDAX__ligand26673-0
364,SIPDAX__ligand6062-0
365,SIPDAX__ligand31000-0
366,SIPDAX__ligand11606-0
367,SIPDAX__ligand4738-0
368,SIPDAX__ligand32-0
369,SIPDAX__ligand4813-0
370,SIPDAX__ligand352-0
371,SIPDAX__ligand5813-0
372,SIPDAX__ligand783-0
373,SIPDAX__ligand2830-0
374,SIPDAX__ligand1729-0
375,SIPDAX__ligand22353-0
376,SIPDAX__ligand5627-0
377,SIPDAX__ligand560-0
378,SIPDAX__ligand5483-0
379,SIPDAX__ligand19906-0
380,SIPDAX__ligand5316-0
381,SIPDAX__ligand19668-0
382,SIPDAX__ligand9148-0
383,SIPDAX__ligand10151-0
384,SIPDAX__ligand48-0
385,SIPDAX__ligand235-0
386,SIPDAX__ligand7529-0
387,SIPDAX__ligand134-0
388,SIPDAX__ligand1415-0
389,SIPDAX__ligand6946-0
390,SIPDAX__ligand421-0
391,SIPDAX__ligand6882-0
392,SIPDAX__ligand20121-0
393,SIPDAX__ligand6455-0
394,SIPDAX__ligand15387-0
395,SIPDAX__ligand3934-0
396,SIPDAX__ligand20220-0
397,SIPDAX__ligand91-0
398,SIPDAX__ligand29813-0
399,SIPDAX__ligand16952-0
400,SIPDAX__ligand2403-0
401,SIPDAX__ligand685-0
402,SIPDAX__ligand1065-0
403,SIPDAX__ligand7530-0
404,SIPDAX__ligand29441-0
405,SIPDAX__ligand10853-0
406,SIPDAX__ligand3012-0
407,SIPDAX__ligand27610-0
408,SIPDAX__ligand10479-0
409,SIPDAX__ligand294-0
410,SIPDAX__ligand11479-0
411,SIPDAX__ligand1449-0
412,SIPDAX__ligand14347-0
413,SIPDAX__ligand13657-0
414,SIPDAX__ligand14302-0
415,SIPDAX__ligand20530-0
416,SIPDAX__ligand4332-0
417,SIPDAX__ligand11698-0
418,SIPDAX__ligand9681-0
419,SIPDAX__ligand51-0
420,SIPDAX__ligand24851-0
421,SIPDAX__ligand4167-0
422,SIPDAX__ligand14586-0
423,SIPDAX__ligand199-0
424,SIPDAX__ligand11774-0
425,SIPDAX__ligand1400-0
426,SIPDAX__ligand4266-0
427,SIPDAX__ligand21421-0
428,SIPDAX__ligand9491-0
429,SIPDAX__ligand20579-0
430,SIPDAX__ligand17710-0
431,SIPDAX__ligand11568-0
432,SIPDAX__ligand1288-0
433,SIPDAX__ligand18-0
434,SIPDAX__ligand300-0
435,SIPDAX__ligand3980-0
436,SIPDAX__ligand3557-0
437,SIPDAX__ligand1149-0
438,SIPDAX__ligand7075-0
439,SIPDAX__ligand31483-0
440,SIPDAX__ligand10555-0
441,SIPDAX__ligand9750-0
442,SIPDAX__ligand588-0
443,SIPDAX__ligand19725-0
444,SIPDAX__ligand1779-0
445,SIPDAX__ligand24613-0
446,SIPDAX__ligand6993-0
447,SIPDAX__ligand1817-0
448,SIPDAX__ligand8200-0
449,SIPDAX__ligand7438-0
450,SIPDAX__ligand409-0
451,SIPDAX__ligand324-0
452,SIPDAX__ligand361-0
453,SIPDAX__ligand4063-0
454,SIPDAX__ligand12336-0
455,SIPDAX__ligand3042-0
456,SIPDAX__ligand13072-0
457,SIPDAX__ligand17590-0
458,SIPDAX__ligand4207-0
459,SIPDAX__ligand17240-0
460,SIPDAX__ligand3453-0
461,SIPDAX__ligand3416-0
462,SIPDAX__ligand1150-0
463,SIPDAX__ligand18699-0
464,SIPDAX__ligand12682-0
465,SIPDAX__ligand1539-0
466,SIPDAX__ligand692-0
467,SIPDAX__ligand31578-0
468,SIPDAX__ligand17207-0
469,SIPDAX__ligand1849-0
470,SIPDAX__ligand18013-0
471,SIPDAX__ligand25224-0
472,SIPDAX__ligand17945-0
473,SIPDAX__ligand1216-0
474,SIPDAX__ligand5019-0
475,SIPDAX__ligand1152-0
476,SIPDAX__ligand3261-0
477,SIPDAX__ligand436-0
478,SIPDAX__ligand24750-0
479,SIPDAX__ligand326-0
480,SIPDAX__ligand15438-0
481,SIPDAX__ligand28924-0
482,SIPDAX__ligand5515-0
483,SIPDAX__ligand18703-0
484,SIPDAX__ligand6663-0
485,SIPDAX__ligand29087-0
486,SIPDAX__ligand5280-0
487,SIPDAX__ligand5614-0
488,SIPDAX__ligand1831-0
489,SIPDAX__ligand23589-0
490,SIPDAX__ligand497-0
491,SIPDAX__ligand3285-0
492,SIPDAX__ligand4795-0
493,SIPDAX__ligand1908-0
494,SIPDAX__ligand24064-0
495,SIPDAX__ligand5630-0
496,SIPDAX__ligand15168-0
497,SIPDAX__ligand633-0
498,SIPDAX__ligand1786-0
499,SIPDAX__ligand11432-0
500,SIPDAX__ligand8042-0
501,SIPDAX__ligand31618-0
502,SIPDAX__ligand10432-0
503,SIPDAX__ligand6112-0
504,SIPDAX__ligand22755-0
505,SIPDAX__ligand1828-0
506,SIPDAX__ligand1397-0
507,SIPDAX__ligand7213-0
508,SIPDAX__ligand29898-0
509,SIPDAX__ligand26277-0
510,SIPDAX__ligand4710-0
511,SIPDAX__ligand5755-0
512,SIPDAX__ligand3144-0
513,SIPDAX__ligand5085-0
514,SIPDAX__ligand2823-0
515,SIPDAX__ligand6995-0
516,SIPDAX__ligand25650-0
517,SIPDAX__ligand31248-0
518,SIPDAX__ligand66-0
519,SIPDAX__ligand19257-0
520,SIPDAX__ligand13209-0
521,SIPDAX__ligand3180-0
522,SIPDAX__ligand12660-0
523,SIPDAX__ligand2281-0
524,SIPDAX__ligand2650-0
525,SIPDAX__ligand4340-0
526,SIPDAX__ligand23124-0
527,SIPDAX__ligand5415-0
528,SIPDAX__ligand383-0
529,SIPDAX__ligand11206-0
530,SIPDAX__ligand25735-0
531,SIPDAX__ligand12519-0
532,SIPDAX__ligand416-0
533,SIPDAX__ligand4161-0
534,SIPDAX__ligand3471-0
535,SIPDAX__ligand4124-0
536,SIPDAX__ligand4-0
537,SIPDAX__ligand226-0
538,SIPDAX__ligand162-0
539,SIPDAX__ligand11166-0
540,SIPDAX__ligand8553-0
541,SIPDAX__ligand1113-0
542,SIPDAX__ligand21132-0
543,SIPDAX__ligand23906-0
544,SIPDAX__ligand5201-0
545,SIPDAX__ligand696-0
546,SIPDAX__ligand30539-0
547,SIPDAX__ligand7566-0
548,SIPDAX__ligand25689-0
549,SIPDAX__ligand656-0
550,SIPDAX__ligand2001-0
551,SIPDAX__ligand21787-0
552,SIPDAX__ligand25575-0
553,SIPDAX__ligand27835-0
554,SIPDAX__ligand9944-0
555,SIPDAX__ligand12295-0
556,SIPDAX__ligand8593-0
557,SIPDAX__ligand42-0
558,SIPDAX__ligand18391-0
559,SIPDAX__ligand27169-0
560,SIPDAX__ligand14523-0
561,SIPDAX__ligand20599-0
562,SIPDAX__ligand1169-0
563,SIPDAX__ligand8529-0
564,SIPDAX__ligand22981-0
565,SIPDAX__ligand25805-0
566,SIPDAX__ligand27074-0
567,SIPDAX__ligand23904-0
568,SIPDAX__ligand488-0
569,SIPDAX__ligand9615-0
570,SIPDAX__ligand1154-0
571,SIPDAX__ligand38-0
572,SIPDAX__ligand430-0
573,SIPDAX__ligand21936-0
574,SIPDAX__ligand358-0
575,SIPDAX__ligand13257-0
576,SIPDAX__ligand12467-0
577,SIPDAX__ligand1498-0
578,SIPDAX__ligand4596-0
579,SIPDAX__ligand694-0
580,SIPDAX__ligand10084-0
581,SIPDAX__ligand25267-0
582,SIPDAX__ligand11140-0
583,SIPDAX__ligand1618-0
584,SIPDAX__ligand2692-0
585,SIPDAX__ligand29610-0
586,SIPDAX__ligand18074-0
587,SIPDAX__ligand4262-0
588,SIPDAX__ligand13869-0
589,SIPDAX__ligand29863-0
590,SIPDAX__ligand1028-0
591,SIPDAX__ligand18799-0
592,SIPDAX__ligand571-0
593,SIPDAX__ligand534-0
594,SIPDAX__ligand1015-0
595,SIPDAX__ligand18465-0
596,SIPDAX__ligand1050-0
597,SIPDAX__ligand670-0
598,SIPDAX__ligand2027-0
599,SIPDAX__ligand28668-0
600,SIPDAX__ligand16791-0
601,SIPDAX__ligand5180-0
602,SIPDAX__ligand14108-0
603,SIPDAX__ligand7316-0
604,SIPDAX__ligand10958-0
605,SIPDAX__ligand5708-0
606,SIPDAX__ligand6017-0
607,SIPDAX__ligand12641-0
608,SIPDAX__ligand8612-0
609,SIPDAX__ligand28676-0
610,SIPDAX__ligand10262-0
611,SIPDAX__ligand27763-0
612,SIPDAX__ligand2124-0
613,SIPDAX__ligand1116-0
614,SIPDAX__ligand3225-0
615,SIPDAX__ligand1153-0
616,SIPDAX__ligand2260-0
617,SIPDAX__ligand7092-0
618,SIPDAX__ligand7273-0
619,SIPDAX__ligand693-0
620,SIPDAX__ligand13425-0
621,SIPDAX__ligand29302-0
622,SIPDAX__ligand9323-0
623,SIPDAX__ligand18814-0
624,SIPDAX__ligand7172-0
625,SIPDAX__ligand19057-0
626,SIPDAX__ligand3244-0
627,SIPDAX__ligand4711-0
628,SIPDAX__ligand12231-0
629,SIPDAX__ligand18292-0
630,SIPDAX__ligand12289-0
631,SIPDAX__ligand26702-0
632,SIPDAX__ligand757-0
633,SIPDAX__ligand2906-0
634,SIPDAX__ligand13658-0
635,SIPDAX__ligand12130-0
636,SIPDAX__ligand17387-0
637,SIPDAX__ligand10476-0
638,SIPDAX__ligand13068-0
639,SIPDAX__ligand122-0
640,SIPDAX__ligand19830-0
641,SIPDAX__ligand2788-0
642,SIPDAX__ligand5649-0
643,SIPDAX__ligand8793-0
644,SIPDAX__ligand4649-0
645,SIPDAX__ligand12401-0
646,SIPDAX__ligand15585-0
647,SIPDAX__ligand1-0
648,SIPDAX__ligand24145-0
649,SIPDAX__ligand7196-0
650,SIPDAX__ligand25178-0
651,SIPDAX__ligand5159-0
652,SIPDAX__ligand5530-0
653,SIPDAX__ligand24185-0
654,SIPDAX__ligand1356-0
655,SIPDAX__ligand1787-0
656,SIPDAX__ligand9753-0
657,SIPDAX__ligand23769-0
658,SIPDAX__ligand17805-0
659,SIPDAX__ligand3178-0
660,SIPDAX__ligand17302-0
661,SIPDAX__ligand4807-0
662,SIPDAX__ligand17631-0
663,SIPDAX__ligand13012-0
664,SIPDAX__ligand26665-0
665,SIPDAX__ligand9450-0
666,SIPDAX__ligand14603-0
667,SIPDAX__ligand14297-0
668,SIPDAX__ligand17258-0
669,SIPDAX__ligand31783-0
670,SIPDAX__ligand24-0
671,SIPDAX__ligand1599-0
672,SIPDAX__ligand2612-0
673,SIPDAX__ligand768-0
674,SIPDAX__ligand20578-0
675,SIPDAX__ligand12934-0
676,SIPDAX__ligand15422-0
677,SIPDAX__ligand384-0
678,SIPDAX__ligand19641-0
679,SIPDAX__ligand14723-0
680,SIPDAX__ligand1289-0
681,SIPDAX__ligand27893-0
682,SIPDAX__ligand19-0
683,SIPDAX__ligand5387-0
684,SIPDAX__ligand2203-0
685,SIPDAX__ligand3-0
686,SIPDAX__ligand30988-0
687,SIPDAX__ligand27175-0
688,SIPDAX__ligand18832-0
689,SIPDAX__ligand23713-0
690,SIPDAX__ligand78-0
691,SIPDAX__ligand1114-0
692,SIPDAX__ligand27460-0
693,SIPDAX__ligand3126-0
694,SIPDAX__ligand6391-0
695,SIPDAX__ligand9284-0
696,SIPDAX__ligand16628-0
697,SIPDAX__ligand141-0
698,SIPDAX__ligand12427-0
699,SIPDAX__ligand20740-0
700,SIPDAX__ligand28468-0
701,SIPDAX__ligand2417-0
702,SIPDAX__ligand240-0
703,SIPDAX__ligand8788-0
704,SIPDAX__ligand26540-0
705,SIPDAX__ligand1832-0
706,SIPDAX__ligand12337-0
707,SIPDAX__ligand29410-0
708,SIPDAX__ligand2043-0
709,SIPDAX__ligand30296-0
710,SIPDAX__ligand17281-0
711,SIPDAX__ligand12606-0
712,SIPDAX__ligand9943-0
713,SIPDAX__ligand1228-0
714,SIPDAX__ligand45-0
715,SIPDAX__ligand30333-0
716,SIPDAX__ligand1604-0
717,SIPDAX__ligand20251-1
718,SIPDAX__ligand1499-0
719,SIPDAX__ligand201-0
720,SIPDAX__ligand2881-0
721,SIPDAX__ligand1464-0
722,SIPDAX__ligand3712-0
723,SIPDAX__ligand1211-0
724,SIPDAX__ligand6892-0
725,SIPDAX__ligand14703-0
726,SIPDAX__ligand16475-0
727,SIPDAX__ligand1168-0
728,SIPDAX__ligand20598-0
729,SIPDAX__ligand11675-0
730,SIPDAX__ligand24047-0
731,SIPDAX__ligand321-0
732,SIPDAX__ligand22557-0
733,SIPDAX__ligand10589-0
734,SIPDAX__ligand1294-0
735,SIPDAX__ligand17398-0
736,SIPDAX__ligand3677-0
737,SIPDAX__ligand3632-0
738,SIPDAX__ligand178-0
739,SIPDAX__ligand185-0
740,SIPDAX__ligand20011-0
741,SIPDAX__ligand17278-0
742,SIPDAX__ligand17982-0
743,SIPDAX__ligand6699-0
744,SIPDAX__ligand279-0
745,SIPDAX__ligand29414-0
746,SIPDAX__ligand14889-0
747,SIPDAX__ligand30851-0
748,SIPDAX__ligand9299-0
749,SIPDAX__ligand29568-0
750,SIPDAX__ligand2985-0
751,SIPDAX__ligand4007-0
752,SIPDAX__ligand9883-0
753,SIPDAX__ligand3677-1
754,SIPDAX__ligand28789-0
755,SIPDAX__ligand20419-0
756,SIPDAX__ligand7291-0
757,SIPDAX__ligand21371-0
758,SIPDAX__ligand17118-0
759,SIPDAX__ligand3736-0
760,SIPDAX__ligand8000-0
761,SIPDAX__ligand14117-0
762,SIPDAX__ligand17261-0
763,SIPDAX__ligand9344-0
764,SIPDAX__ligand338-0
765,SIPDAX__ligand5383-0
766,SIPDAX__ligand2693-0
767,SIPDAX__ligand21581-0
768,SIPDAX__ligand31097-0
769,SIPDAX__ligand20539-0
770,SIPDAX__ligand30702-0
771,SIPDAX__ligand20214-0
772,SIPDAX__ligand3945-0
773,SIPDAX__ligand20251-0
774,SIPDAX__ligand8002-0
775,SIPDAX__ligand5509-0
776,SIPDAX__ligand13390-0
777,SIPDAX__ligand1407-0
778,SIPDAX__ligand6117-0
779,SIPDAX__ligand126-0
780,SIPDAX__ligand163-0
781,SIPDAX__ligand20682-0
782,SIPDAX__ligand5080-0
783,SIPDAX__ligand7762-0
784,SIPDAX__ligand67-0
785,SIPDAX__ligand2238-0
786,SIPDAX__ligand13208-0
787,SIPDAX__ligand9167-0
788,SIPDAX__ligand26810-0
789,SIPDAX__ligand845-0
790,SIPDAX__ligand5304-0
791,SIPDAX__ligand27482-0
792,SIPDAX__ligand7293-0
793,SIPDAX__ligand2822-0
794,SIPDAX__ligand3867-0
795,SIPDAX__ligand1317-0
796,SIPDAX__ligand31832-0
797,SIPDAX__ligand1197-0
798,SIPDAX__ligand13294-0
799,SIPDAX__ligand8592-0
800,SIPDAX__ligand5099-0
801,SIPDAX__ligand366-0
802,SIPDAX__ligand1296-0
803,SIPDAX__ligand43-0
804,SIPDAX__ligand2259-0
805,SIPDAX__ligand28884-0
806,SIPDAX__ligand13331-0
807,SIPDAX__ligand187-0
808,SIPDAX__ligand12030-0
809,SIPDAX__ligand9773-0
810,SIPDAX__ligand14248-0
811,SIPDAX__ligand5510-0
812,SIPDAX__ligand29879-0
813,SIPDAX__ligand657-0
814,SIPDAX__ligand1376-0
815,SIPDAX__ligand941-0
816,SIPDAX__ligand596-0
817,SIPDAX__ligand11456-0
818,SIPDAX__ligand4101-0
819,SIPDAX__ligand5595-0
820,SIPDAX__ligand14174-0
821,SIPDAX__ligand10712-0
822,SIPDAX__ligand2221-0
823,SIPDAX__ligand4358-0
824,SIPDAX__ligand3926-0
825,SIPDAX__ligand3120-0
826,SIPDAX__ligand25411-0
827,SIPDAX__ligand777-0
