,TMC
0,JOLGAS__ligand13657-0
1,JOLGAS__ligand14347-0
2,JOLGAS__ligand14302-0
3,JOLGAS__ligand11698-0
4,JOLGAS__ligand3945-0
5,JOLGAS__ligand20530-0
6,JOLGAS__ligand24851-0
7,JOLGAS__ligand5383-0
8,JOLGAS__ligand2693-0
9,JOLGAS__ligand10853-0
10,JOLGAS__ligand9344-0
11,JOLGAS__ligand29441-0
12,JOLGAS__ligand3736-0
13,JOLGAS__ligand11479-0
14,JOLGAS__ligand10479-0
15,JOLGAS__ligand27610-0
16,JOLGAS__ligand8000-0
17,JOLGAS__ligand16952-0
18,JOLGAS__ligand29813-0
19,JOLGAS__ligand358-0
20,JOLGAS__ligand430-0
21,JOLGAS__ligand7291-0
22,JOLGAS__ligand9883-0
23,JOLGAS__ligand3677-1
24,JOLGAS__ligand488-0
25,JOLGAS__ligand20121-0
26,JOLGAS__ligand2985-0
27,JOLGAS__ligand4007-0
28,JOLGAS__ligand15387-0
29,JOLGAS__ligand694-0
30,JOLGAS__ligand20220-0
31,JOLGAS__ligand9299-0
32,JOLGAS__ligand6699-0
33,JOLGAS__ligand17-0
34,JOLGAS__ligand3632-0
35,JOLGAS__ligand3677-0
36,JOLGAS__ligand1168-0
37,JOLGAS__ligand10151-0
38,JOLGAS__ligand1294-0
39,JOLGAS__ligand6892-0
40,JOLGAS__ligand670-0
41,JOLGAS__ligand19906-0
42,JOLGAS__ligand1211-0
43,JOLGAS__ligand571-0
44,JOLGAS__ligand534-0
45,JOLGAS__ligand19668-0
46,JOLGAS__ligand1464-0
47,JOLGAS__ligand3712-0
48,JOLGAS__ligand1499-0
49,JOLGAS__ligand22353-0
50,JOLGAS__ligand2881-0
51,JOLGAS__ligand4358-0
52,JOLGAS__ligand3120-0
53,JOLGAS__ligand31000-0
54,JOLGAS__ligand3926-0
55,JOLGAS__ligand11606-0
56,JOLGAS__ligand2221-0
57,JOLGAS__ligand4101-0
58,JOLGAS__ligand5595-0
59,JOLGAS__ligand20821-0
60,JOLGAS__ligand26673-0
61,JOLGAS__ligand9773-0
62,JOLGAS__ligand416-0
63,JOLGAS__ligand5510-0
64,JOLGAS__ligand18067-0
65,JOLGAS__ligand19824-0
66,JOLGAS__ligand1376-0
67,JOLGAS__ligand383-0
68,JOLGAS__ligand162-0
69,JOLGAS__ligand1296-0
70,JOLGAS__ligand13260-0
71,JOLGAS__ligand2259-0
72,JOLGAS__ligand10582-0
73,JOLGAS__ligand226-0
74,JOLGAS__ligand1197-0
75,JOLGAS__ligand11252-0
76,JOLGAS__ligand5099-0
77,JOLGAS__ligand8592-0
78,JOLGAS__ligand31205-0
79,JOLGAS__ligand25658-0
80,JOLGAS__ligand17686-0
81,JOLGAS__ligand2822-0
82,JOLGAS__ligand7293-0
83,JOLGAS__ligand1317-0
84,JOLGAS__ligand3867-0
85,JOLGAS__ligand9167-0
86,JOLGAS__ligand15455-0
87,JOLGAS__ligand696-0
88,JOLGAS__ligand5304-0
89,JOLGAS__ligand11177-0
90,JOLGAS__ligand2238-0
91,JOLGAS__ligand89-0
92,JOLGAS__ligand656-0
93,JOLGAS__ligand11622-0
94,JOLGAS__ligand49-0
95,JOLGAS__ligand7762-0
96,JOLGAS__ligand5080-0
97,JOLGAS__ligand16870-0
98,JOLGAS__ligand5509-0
99,JOLGAS__ligand8002-0
100,JOLGAS__ligand16603-0
101,JOLGAS__ligand1407-0
102,JOLGAS__ligand6117-0
103,JOLGAS__ligand11814-0
104,JOLGAS__ligand13691-0
105,JOLGAS__ligand30788-0
106,JOLGAS__ligand4807-0
107,JOLGAS__ligand3178-0
108,JOLGAS__ligand692-0
109,JOLGAS__ligand14339-0
110,JOLGAS__ligand436-0
111,JOLGAS__ligand5530-0
112,JOLGAS__ligand1356-0
113,JOLGAS__ligand1787-0
114,JOLGAS__ligand9753-0
115,JOLGAS__ligand7196-0
116,JOLGAS__ligand21752-0
117,JOLGAS__ligand5159-0
118,JOLGAS__ligand8793-0
119,JOLGAS__ligand2788-0
120,JOLGAS__ligand5649-0
121,JOLGAS__ligand4649-0
122,JOLGAS__ligand24624-0
123,JOLGAS__ligand18413-0
124,JOLGAS__ligand20844-0
125,JOLGAS__ligand24560-0
126,JOLGAS__ligand326-0
127,JOLGAS__ligand18757-0
128,JOLGAS__ligand2906-0
129,JOLGAS__ligand4711-0
130,JOLGAS__ligand3244-0
131,JOLGAS__ligand3-0
132,JOLGAS__ligand7172-0
133,JOLGAS__ligand7273-0
134,JOLGAS__ligand497-0
135,JOLGAS__ligand9323-0
136,JOLGAS__ligand3225-0
137,JOLGAS__ligand1153-0
138,JOLGAS__ligand1116-0
139,JOLGAS__ligand7092-0
140,JOLGAS__ligand2260-0
141,JOLGAS__ligand633-0
142,JOLGAS__ligand8612-0
143,JOLGAS__ligand30004-0
144,JOLGAS__ligand69-0
145,JOLGAS__ligand2124-0
146,JOLGAS__ligand20557-0
147,JOLGAS__ligand6017-0
148,JOLGAS__ligand11-0
149,JOLGAS__ligand7316-0
150,JOLGAS__ligand21940-0
151,JOLGAS__ligand25048-0
152,JOLGAS__ligand5708-0
153,JOLGAS__ligand24953-0
154,JOLGAS__ligand23445-0
155,JOLGAS__ligand13755-0
156,JOLGAS__ligand16133-0
157,JOLGAS__ligand5180-0
158,JOLGAS__ligand27122-0
159,JOLGAS__ligand20432-0
160,JOLGAS__ligand17445-0
161,JOLGAS__ligand1604-0
162,JOLGAS__ligand14477-0
163,JOLGAS__ligand9943-0
164,JOLGAS__ligand1228-0
165,JOLGAS__ligand199-0
166,JOLGAS__ligand17069-0
167,JOLGAS__ligand2043-0
168,JOLGAS__ligand11798-0
169,JOLGAS__ligand8788-0
170,JOLGAS__ligand20731-0
171,JOLGAS__ligand1832-0
172,JOLGAS__ligand29334-0
173,JOLGAS__ligand12413-0
174,JOLGAS__ligand11758-0
175,JOLGAS__ligand2417-0
176,JOLGAS__ligand22357-0
177,JOLGAS__ligand21448-0
178,JOLGAS__ligand300-0
179,JOLGAS__ligand1-0
180,JOLGAS__ligand3126-0
181,JOLGAS__ligand6391-0
182,JOLGAS__ligand11501-0
183,JOLGAS__ligand11544-0
184,JOLGAS__ligand9284-0
185,JOLGAS__ligand1114-0
186,JOLGAS__ligand588-0
187,JOLGAS__ligand29214-0
188,JOLGAS__ligand324-0
189,JOLGAS__ligand361-0
190,JOLGAS__ligand409-0
191,JOLGAS__ligand27550-0
192,JOLGAS__ligand1289-0
193,JOLGAS__ligand14007-0
194,JOLGAS__ligand2203-0
195,JOLGAS__ligand5387-0
196,JOLGAS__ligand18019-1
197,JOLGAS__ligand2612-0
198,JOLGAS__ligand27771-0
199,JOLGAS__ligand18158-0
200,JOLGAS__ligand23682-0
201,JOLGAS__ligand29565-0
202,JOLGAS__ligand1599-0
203,JOLGAS__ligand9450-0
204,JOLGAS__ligand14226-0
205,JOLGAS__ligand21339-0
206,JOLGAS__ligand16956-0
207,JOLGAS__ligand20942-1
208,JOLGAS__ligand126-0
209,JOLGAS__ligand163-0
210,JOLGAS__ligand20207-0
211,JOLGAS__ligand30711-0
212,JOLGAS__ligand11682-0
213,JOLGAS__ligand9944-0
214,JOLGAS__ligand8593-0
215,JOLGAS__ligand51-0
216,JOLGAS__ligand2001-0
217,JOLGAS__ligand7566-0
218,JOLGAS__ligand25913-0
219,JOLGAS__ligand16988-0
220,JOLGAS__ligand845-0
221,JOLGAS__ligand14614-0
222,JOLGAS__ligand5201-0
223,JOLGAS__ligand16663-0
224,JOLGAS__ligand11994-0
225,JOLGAS__ligand31044-0
226,JOLGAS__ligand31842-0
227,JOLGAS__ligand91-0
228,JOLGAS__ligand8553-0
229,JOLGAS__ligand24035-0
230,JOLGAS__ligand1113-0
231,JOLGAS__ligand28743-0
232,JOLGAS__ligand15531-0
233,JOLGAS__ligand13862-0
234,JOLGAS__ligand11357-0
235,JOLGAS__ligand366-0
236,JOLGAS__ligand12365-0
237,JOLGAS__ligand10056-0
238,JOLGAS__ligand4124-0
239,JOLGAS__ligand4161-0
240,JOLGAS__ligand3471-0
241,JOLGAS__ligand657-0
242,JOLGAS__ligand21919-0
243,JOLGAS__ligand187-0
244,JOLGAS__ligand48-0
245,JOLGAS__ligand22294-0
246,JOLGAS__ligand5415-0
247,JOLGAS__ligand22168-0
248,JOLGAS__ligand28930-0
249,JOLGAS__ligand15883-0
250,JOLGAS__ligand2281-0
251,JOLGAS__ligand2650-0
252,JOLGAS__ligand4340-0
253,JOLGAS__ligand11970-0
254,JOLGAS__ligand941-0
255,JOLGAS__ligand596-0
256,JOLGAS__ligand3180-0
257,JOLGAS__ligand777-0
258,JOLGAS__ligand10828-0
259,JOLGAS__ligand19792-0
260,JOLGAS__ligand6995-0
261,JOLGAS__ligand15926-0
262,JOLGAS__ligand2823-0
263,JOLGAS__ligand24230-0
264,JOLGAS__ligand11447-0
265,JOLGAS__ligand11096-0
266,JOLGAS__ligand28810-0
267,JOLGAS__ligand201-0
268,JOLGAS__ligand32-0
269,JOLGAS__ligand27669-0
270,JOLGAS__ligand2027-0
271,JOLGAS__ligand30142-0
272,JOLGAS__ligand14167-0
273,JOLGAS__ligand13477-0
274,JOLGAS__ligand1050-0
275,JOLGAS__ligand1015-0
276,JOLGAS__ligand1028-0
277,JOLGAS__ligand29029-0
278,JOLGAS__ligand4262-0
279,JOLGAS__ligand321-0
280,JOLGAS__ligand27285-0
281,JOLGAS__ligand279-0
282,JOLGAS__ligand185-0
283,JOLGAS__ligand178-0
284,JOLGAS__ligand1618-0
285,JOLGAS__ligand23197-0
286,JOLGAS__ligand2692-0
287,JOLGAS__ligand10371-0
288,JOLGAS__ligand4-0
289,JOLGAS__ligand1498-0
290,JOLGAS__ligand4596-0
291,JOLGAS__ligand1154-0
292,JOLGAS__ligand18568-0
293,JOLGAS__ligand28685-0
294,JOLGAS__ligand9615-0
295,JOLGAS__ligand13672-0
296,JOLGAS__ligand16-0
297,JOLGAS__ligand1169-0
298,JOLGAS__ligand8529-0
299,JOLGAS__ligand19184-0
300,JOLGAS__ligand28459-0
301,JOLGAS__ligand12453-0
302,JOLGAS__ligand18448-0
303,JOLGAS__ligand338-0
304,JOLGAS__ligand1539-0
305,JOLGAS__ligand1150-0
306,JOLGAS__ligand29215-0
307,JOLGAS__ligand10872-0
308,JOLGAS__ligand768-0
309,JOLGAS__ligand21399-0
310,JOLGAS__ligand3416-0
311,JOLGAS__ligand3453-0
312,JOLGAS__ligand12003-0
313,JOLGAS__ligand4207-0
314,JOLGAS__ligand26631-0
315,JOLGAS__ligand16148-0
316,JOLGAS__ligand3042-0
317,JOLGAS__ligand384-0
318,JOLGAS__ligand22403-0
319,JOLGAS__ligand11111-0
320,JOLGAS__ligand8200-0
321,JOLGAS__ligand7438-0
322,JOLGAS__ligand28540-0
323,JOLGAS__ligand4063-0
324,JOLGAS__ligand16369-0
325,JOLGAS__ligand57-0
326,JOLGAS__ligand27754-0
327,JOLGAS__ligand20695-0
328,JOLGAS__ligand1779-0
329,JOLGAS__ligand26529-0
330,JOLGAS__ligand1817-0
331,JOLGAS__ligand6993-0
332,JOLGAS__ligand9750-0
333,JOLGAS__ligand240-0
334,JOLGAS__ligand7075-0
335,JOLGAS__ligand141-0
336,JOLGAS__ligand11618-0
337,JOLGAS__ligand3557-0
338,JOLGAS__ligand3980-0
339,JOLGAS__ligand1149-0
340,JOLGAS__ligand1288-0
341,JOLGAS__ligand14043-0
342,JOLGAS__ligand26324-0
343,JOLGAS__ligand28559-0
344,JOLGAS__ligand19927-0
345,JOLGAS__ligand1400-0
346,JOLGAS__ligand4266-0
347,JOLGAS__ligand9491-0
348,JOLGAS__ligand4167-0
349,JOLGAS__ligand27239-0
350,JOLGAS__ligand21729-0
351,JOLGAS__ligand3144-0
352,JOLGAS__ligand24780-0
353,JOLGAS__ligand5085-0
354,JOLGAS__ligand12138-0
355,JOLGAS__ligand22129-0
356,JOLGAS__ligand11949-0
357,JOLGAS__ligand4710-0
358,JOLGAS__ligand5755-0
359,JOLGAS__ligand1828-0
360,JOLGAS__ligand1397-0
361,JOLGAS__ligand7213-0
362,JOLGAS__ligand8042-0
363,JOLGAS__ligand6112-0
364,JOLGAS__ligand25561-0
365,JOLGAS__ligand1786-0
366,JOLGAS__ligand29486-0
367,JOLGAS__ligand5630-0
368,JOLGAS__ligand31694-0
369,JOLGAS__ligand1908-0
370,JOLGAS__ligand17427-0
371,JOLGAS__ligand34-0
372,JOLGAS__ligand693-0
373,JOLGAS__ligand3285-0
374,JOLGAS__ligand4795-0
375,JOLGAS__ligand5614-0
376,JOLGAS__ligand757-0
377,JOLGAS__ligand22444-0
378,JOLGAS__ligand5280-0
379,JOLGAS__ligand1831-0
380,JOLGAS__ligand24111-0
381,JOLGAS__ligand13385-0
382,JOLGAS__ligand5515-0
383,JOLGAS__ligand6663-0
384,JOLGAS__ligand14569-0
385,JOLGAS__ligand15788-0
386,JOLGAS__ligand23175-0
387,JOLGAS__ligand55-0
388,JOLGAS__ligand17396-0
389,JOLGAS__ligand122-0
390,JOLGAS__ligand11587-0
391,JOLGAS__ligand13220-0
392,JOLGAS__ligand5019-0
393,JOLGAS__ligand24872-0
394,JOLGAS__ligand3261-0
395,JOLGAS__ligand1152-0
396,JOLGAS__ligand30728-0
397,JOLGAS__ligand1216-0
398,JOLGAS__ligand27840-0
399,JOLGAS__ligand68-0
400,JOLGAS__ligand12001-0
401,JOLGAS__ligand24644-0
402,JOLGAS__ligand10033-0
403,JOLGAS__ligand1849-0
404,JOLGAS__ligand4738-0
405,JOLGAS__ligand4813-0
406,JOLGAS__ligand5813-0
407,JOLGAS__ligand6062-0
408,JOLGAS__ligand686-0
409,JOLGAS__ligand25411-0
410,JOLGAS__ligand6283-0
411,JOLGAS__ligand422-0
412,JOLGAS__ligand11456-0
413,JOLGAS__ligand10712-0
414,JOLGAS__ligand14174-0
415,JOLGAS__ligand13331-0
416,JOLGAS__ligand28884-0
417,JOLGAS__ligand12030-0
418,JOLGAS__ligand7107-0
419,JOLGAS__ligand14248-0
420,JOLGAS__ligand29879-0
421,JOLGAS__ligand196-0
422,JOLGAS__ligand31832-0
423,JOLGAS__ligand13294-0
424,JOLGAS__ligand3215-0
425,JOLGAS__ligand353-0
426,JOLGAS__ligand7925-0
427,JOLGAS__ligand2068-0
428,JOLGAS__ligand13208-0
429,JOLGAS__ligand1147-0
430,JOLGAS__ligand38-0
431,JOLGAS__ligand27482-0
432,JOLGAS__ligand3973-0
433,JOLGAS__ligand26810-0
434,JOLGAS__ligand4330-0
435,JOLGAS__ligand20682-0
436,JOLGAS__ligand2599-0
437,JOLGAS__ligand7532-0
438,JOLGAS__ligand393-0
439,JOLGAS__ligand13390-0
440,JOLGAS__ligand4194-0
441,JOLGAS__ligand618-0
442,JOLGAS__ligand9681-0
443,JOLGAS__ligand31097-0
444,JOLGAS__ligand21581-0
445,JOLGAS__ligand42-0
446,JOLGAS__ligand20539-0
447,JOLGAS__ligand4332-0
448,JOLGAS__ligand20214-0
449,JOLGAS__ligand30702-0
450,JOLGAS__ligand20251-0
451,JOLGAS__ligand3012-0
452,JOLGAS__ligand1449-0
453,JOLGAS__ligand1065-0
454,JOLGAS__ligand7530-0
455,JOLGAS__ligand391-0
456,JOLGAS__ligand17261-0
457,JOLGAS__ligand14117-0
458,JOLGAS__ligand28789-0
459,JOLGAS__ligand2403-0
460,JOLGAS__ligand813-0
461,JOLGAS__ligand20419-0
462,JOLGAS__ligand17118-0
463,JOLGAS__ligand314-0
464,JOLGAS__ligand780-0
465,JOLGAS__ligand21371-0
466,JOLGAS__ligand30851-0
467,JOLGAS__ligand14889-0
468,JOLGAS__ligand3934-0
469,JOLGAS__ligand6455-0
470,JOLGAS__ligand6882-0
471,JOLGAS__ligand29568-0
472,JOLGAS__ligand1415-0
473,JOLGAS__ligand6946-0
474,JOLGAS__ligand17278-0
475,JOLGAS__ligand20011-0
476,JOLGAS__ligand29414-0
477,JOLGAS__ligand7529-0
478,JOLGAS__ligand17982-0
479,JOLGAS__ligand11675-0
480,JOLGAS__ligand314-1
481,JOLGAS__ligand20598-0
482,JOLGAS__ligand10589-0
483,JOLGAS__ligand22557-0
484,JOLGAS__ligand24047-0
485,JOLGAS__ligand17398-0
486,JOLGAS__ligand9148-0
487,JOLGAS__ligand5316-0
488,JOLGAS__ligand66-0
489,JOLGAS__ligand5483-0
490,JOLGAS__ligand16475-0
491,JOLGAS__ligand14703-0
492,JOLGAS__ligand20251-1
493,JOLGAS__ligand1729-0
494,JOLGAS__ligand5627-0
495,JOLGAS__ligand2830-0
496,JOLGAS__ligand465-0
497,JOLGAS__ligand12606-0
498,JOLGAS__ligand3157-0
499,JOLGAS__ligand9525-0
500,JOLGAS__ligand30333-0
501,JOLGAS__ligand1165-0
502,JOLGAS__ligand5935-0
503,JOLGAS__ligand833-0
504,JOLGAS__ligand26540-0
505,JOLGAS__ligand29410-0
506,JOLGAS__ligand12337-0
507,JOLGAS__ligand30296-0
508,JOLGAS__ligand2722-0
509,JOLGAS__ligand1379-0
510,JOLGAS__ligand17281-0
511,JOLGAS__ligand8-0
512,JOLGAS__ligand1469-0
513,JOLGAS__ligand16628-0
514,JOLGAS__ligand3871-0
515,JOLGAS__ligand12427-0
516,JOLGAS__ligand1768-0
517,JOLGAS__ligand28468-0
518,JOLGAS__ligand20740-0
519,JOLGAS__ligand4850-0
520,JOLGAS__ligand5056-0
521,JOLGAS__ligand115-0
522,JOLGAS__ligand27460-0
523,JOLGAS__ligand3647-0
524,JOLGAS__ligand5357-0
525,JOLGAS__ligand1688-0
526,JOLGAS__ligand395-0
527,JOLGAS__ligand8349-0
528,JOLGAS__ligand8464-0
529,JOLGAS__ligand30988-0
530,JOLGAS__ligand1709-0
531,JOLGAS__ligand23713-0
532,JOLGAS__ligand27175-0
533,JOLGAS__ligand18832-0
534,JOLGAS__ligand368-0
535,JOLGAS__ligand12934-0
536,JOLGAS__ligand20578-0
537,JOLGAS__ligand15422-0
538,JOLGAS__ligand19641-0
539,JOLGAS__ligand14723-0
540,JOLGAS__ligand27893-0
541,JOLGAS__ligand2527-0
542,JOLGAS__ligand31783-0
543,JOLGAS__ligand5849-0
544,JOLGAS__ligand13012-0
545,JOLGAS__ligand17631-0
546,JOLGAS__ligand784-0
547,JOLGAS__ligand3392-0
548,JOLGAS__ligand26665-0
549,JOLGAS__ligand14603-0
550,JOLGAS__ligand14297-0
551,JOLGAS__ligand17258-0
552,JOLGAS__ligand4911-0
553,JOLGAS__ligand1771-0
554,JOLGAS__ligand17805-0
555,JOLGAS__ligand9197-0
556,JOLGAS__ligand17302-0
557,JOLGAS__ligand1900-0
558,JOLGAS__ligand487-0
559,JOLGAS__ligand4581-0
560,JOLGAS__ligand1773-0
561,JOLGAS__ligand25178-0
562,JOLGAS__ligand2328-0
563,JOLGAS__ligand7162-0
564,JOLGAS__ligand24185-0
565,JOLGAS__ligand23769-0
566,JOLGAS__ligand3029-0
567,JOLGAS__ligand10476-0
568,JOLGAS__ligand8722-0
569,JOLGAS__ligand1327-0
570,JOLGAS__ligand13068-0
571,JOLGAS__ligand19830-0
572,JOLGAS__ligand6672-0
573,JOLGAS__ligand9809-0
574,JOLGAS__ligand447-0
575,JOLGAS__ligand12401-0
576,JOLGAS__ligand15585-0
577,JOLGAS__ligand3350-0
578,JOLGAS__ligand24145-0
579,JOLGAS__ligand2781-0
580,JOLGAS__ligand746-0
581,JOLGAS__ligand7573-0
582,JOLGAS__ligand176-0
583,JOLGAS__ligand12231-0
584,JOLGAS__ligand2208-0
585,JOLGAS__ligand3208-0
586,JOLGAS__ligand26702-0
587,JOLGAS__ligand13658-0
588,JOLGAS__ligand18292-0
589,JOLGAS__ligand12289-0
590,JOLGAS__ligand17387-0
591,JOLGAS__ligand12130-0
592,JOLGAS__ligand1496-0
593,JOLGAS__ligand7557-0
594,JOLGAS__ligand29302-0
595,JOLGAS__ligand13425-0
596,JOLGAS__ligand19057-0
597,JOLGAS__ligand18814-0
598,JOLGAS__ligand28676-0
599,JOLGAS__ligand10262-0
600,JOLGAS__ligand1533-0
601,JOLGAS__ligand27763-0
602,JOLGAS__ligand152-0
603,JOLGAS__ligand10958-0
604,JOLGAS__ligand5892-0
605,JOLGAS__ligand5094-0
606,JOLGAS__ligand506-0
607,JOLGAS__ligand18-0
608,JOLGAS__ligand12641-0
609,JOLGAS__ligand1712-0
610,JOLGAS__ligand14108-0
611,JOLGAS__ligand4131-0
612,JOLGAS__ligand28668-0
613,JOLGAS__ligand2176-0
614,JOLGAS__ligand560-0
615,JOLGAS__ligand9291-0
616,JOLGAS__ligand2232-0
617,JOLGAS__ligand16791-0
618,JOLGAS__ligand18799-0
619,JOLGAS__ligand18465-0
620,JOLGAS__ligand4157-0
621,JOLGAS__ligand9833-0
622,JOLGAS__ligand2828-0
623,JOLGAS__ligand8876-0
624,JOLGAS__ligand7648-0
625,JOLGAS__ligand5256-0
626,JOLGAS__ligand4503-0
627,JOLGAS__ligand13869-0
628,JOLGAS__ligand4546-0
629,JOLGAS__ligand18074-0
630,JOLGAS__ligand29863-0
631,JOLGAS__ligand11140-0
632,JOLGAS__ligand1285-0
633,JOLGAS__ligand134-0
634,JOLGAS__ligand43-0
635,JOLGAS__ligand8115-0
636,JOLGAS__ligand6768-0
637,JOLGAS__ligand29610-0
638,JOLGAS__ligand1982-0
639,JOLGAS__ligand235-0
640,JOLGAS__ligand7000-0
641,JOLGAS__ligand12467-0
642,JOLGAS__ligand7238-0
643,JOLGAS__ligand10084-0
644,JOLGAS__ligand1790-0
645,JOLGAS__ligand1304-0
646,JOLGAS__ligand7280-0
647,JOLGAS__ligand25267-0
648,JOLGAS__ligand421-0
649,JOLGAS__ligand23904-0
650,JOLGAS__ligand7867-0
651,JOLGAS__ligand685-0
652,JOLGAS__ligand67-0
653,JOLGAS__ligand1219-0
654,JOLGAS__ligand6709-0
655,JOLGAS__ligand21936-0
656,JOLGAS__ligand4016-0
657,JOLGAS__ligand13257-0
658,JOLGAS__ligand9520-0
659,JOLGAS__ligand20599-0
660,JOLGAS__ligand22981-0
661,JOLGAS__ligand8699-0
662,JOLGAS__ligand294-0
663,JOLGAS__ligand25805-0
664,JOLGAS__ligand1160-0
665,JOLGAS__ligand27074-0
666,JOLGAS__ligand4442-0
667,JOLGAS__ligand4093-0
668,JOLGAS__ligand3954-0
669,JOLGAS__ligand18391-0
670,JOLGAS__ligand1451-0
671,JOLGAS__ligand4272-0
672,JOLGAS__ligand14523-0
673,JOLGAS__ligand7629-0
674,JOLGAS__ligand27169-0
675,JOLGAS__ligand9784-0
676,JOLGAS__ligand27835-0
677,JOLGAS__ligand197-0
678,JOLGAS__ligand1263-0
679,JOLGAS__ligand9908-0
680,JOLGAS__ligand12295-0
681,JOLGAS__ligand7242-0
682,JOLGAS__ligand25689-0
683,JOLGAS__ligand25575-0
684,JOLGAS__ligand7106-0
685,JOLGAS__ligand21787-0
686,JOLGAS__ligand3876-0
687,JOLGAS__ligand1343-0
688,JOLGAS__ligand3035-0
689,JOLGAS__ligand6616-0
690,JOLGAS__ligand3718-0
691,JOLGAS__ligand1844-0
692,JOLGAS__ligand4661-0
693,JOLGAS__ligand30539-0
694,JOLGAS__ligand11166-0
695,JOLGAS__ligand1959-0
696,JOLGAS__ligand21132-0
697,JOLGAS__ligand3504-0
698,JOLGAS__ligand9935-0
699,JOLGAS__ligand1536-0
700,JOLGAS__ligand1573-0
701,JOLGAS__ligand23906-0
702,JOLGAS__ligand868-0
703,JOLGAS__ligand6919-0
704,JOLGAS__ligand3852-0
705,JOLGAS__ligand2485-0
706,JOLGAS__ligand1512-0
707,JOLGAS__ligand23124-0
708,JOLGAS__ligand5331-0
709,JOLGAS__ligand11206-0
710,JOLGAS__ligand3565-0
711,JOLGAS__ligand25735-0
712,JOLGAS__ligand12519-0
713,JOLGAS__ligand13209-0
714,JOLGAS__ligand19257-0
715,JOLGAS__ligand4720-0
716,JOLGAS__ligand6839-0
717,JOLGAS__ligand12660-0
718,JOLGAS__ligand8969-0
719,JOLGAS__ligand3174-0
720,JOLGAS__ligand1202-0
721,JOLGAS__ligand3937-0
722,JOLGAS__ligand3131-0
723,JOLGAS__ligand783-0
724,JOLGAS__ligand352-0
725,JOLGAS__ligand5211-0
726,JOLGAS__ligand25650-0
727,JOLGAS__ligand3094-0
728,JOLGAS__ligand4155-0
729,JOLGAS__ligand31248-0
730,JOLGAS__ligand177-0
731,JOLGAS__ligand45-0
732,JOLGAS__ligand10432-0
733,JOLGAS__ligand11432-0
734,JOLGAS__ligand31618-0
735,JOLGAS__ligand22755-0
736,JOLGAS__ligand29898-0
737,JOLGAS__ligand26277-0
738,JOLGAS__ligand4641-0
739,JOLGAS__ligand15168-0
740,JOLGAS__ligand7126-0
741,JOLGAS__ligand2028-0
742,JOLGAS__ligand8835-0
743,JOLGAS__ligand23589-0
744,JOLGAS__ligand78-0
745,JOLGAS__ligand909-0
746,JOLGAS__ligand24064-0
747,JOLGAS__ligand1142-0
748,JOLGAS__ligand3234-0
749,JOLGAS__ligand372-0
750,JOLGAS__ligand18703-0
751,JOLGAS__ligand3721-0
752,JOLGAS__ligand6904-0
753,JOLGAS__ligand6596-0
754,JOLGAS__ligand6102-0
755,JOLGAS__ligand29087-0
756,JOLGAS__ligand830-0
757,JOLGAS__ligand3465-0
758,JOLGAS__ligand19-0
759,JOLGAS__ligand2917-0
760,JOLGAS__ligand193-0
761,JOLGAS__ligand15438-0
762,JOLGAS__ligand7819-0
763,JOLGAS__ligand28924-0
764,JOLGAS__ligand24-0
765,JOLGAS__ligand1577-0
766,JOLGAS__ligand6067-0
767,JOLGAS__ligand2295-0
768,JOLGAS__ligand252-0
769,JOLGAS__ligand24750-0
770,JOLGAS__ligand116-0
771,JOLGAS__ligand4620-0
772,JOLGAS__ligand17207-0
773,JOLGAS__ligand31578-0
774,JOLGAS__ligand25224-0
775,JOLGAS__ligand18013-0
776,JOLGAS__ligand17945-0
777,JOLGAS__ligand1631-0
778,JOLGAS__ligand18699-0
779,JOLGAS__ligand12682-0
780,JOLGAS__ligand1530-0
781,JOLGAS__ligand1575-0
782,JOLGAS__ligand250-0
783,JOLGAS__ligand9933-0
784,JOLGAS__ligand17590-0
785,JOLGAS__ligand17240-0
786,JOLGAS__ligand9441-0
787,JOLGAS__ligand2332-0
788,JOLGAS__ligand6244-0
789,JOLGAS__ligand12336-0
790,JOLGAS__ligand370-0
791,JOLGAS__ligand13072-0
792,JOLGAS__ligand1378-0
793,JOLGAS__ligand2915-0
794,JOLGAS__ligand3156-0
795,JOLGAS__ligand479-0
796,JOLGAS__ligand785-0
797,JOLGAS__ligand7967-0
798,JOLGAS__ligand311-0
799,JOLGAS__ligand3707-0
800,JOLGAS__ligand6124-0
801,JOLGAS__ligand19725-0
802,JOLGAS__ligand1018-0
803,JOLGAS__ligand4116-0
804,JOLGAS__ligand24613-0
805,JOLGAS__ligand620-0
806,JOLGAS__ligand370-1
807,JOLGAS__ligand8992-0
808,JOLGAS__ligand564-0
809,JOLGAS__ligand31483-0
810,JOLGAS__ligand9601-0
811,JOLGAS__ligand10555-0
812,JOLGAS__ligand188-0
813,JOLGAS__ligand17710-0
814,JOLGAS__ligand20579-0
815,JOLGAS__ligand9952-0
816,JOLGAS__ligand9111-0
817,JOLGAS__ligand11568-0
818,JOLGAS__ligand1615-0
819,JOLGAS__ligand2526-0
820,JOLGAS__ligand5036-0
821,JOLGAS__ligand1823-0
822,JOLGAS__ligand5643-0
823,JOLGAS__ligand14586-0
824,JOLGAS__ligand11774-0
825,JOLGAS__ligand21421-0
826,JOLGAS__ligand1324-0
827,JOLGAS__ligand8721-0
