,TMC
0,HADPAD__ligand372-0
1,HADPAD__ligand20557-0
2,HADPAD__ligand30004-0
3,HADPAD__ligand830-0
4,HADPAD__ligand18-0
5,HADPAD__ligand2027-0
6,HADPAD__ligand1015-0
7,HADPAD__ligand1050-0
8,HADPAD__ligand193-0
9,HADPAD__ligand1028-0
10,HADPAD__ligand20432-0
11,HADPAD__ligand27122-0
12,HADPAD__ligand252-0
13,HADPAD__ligand16133-0
14,HADPAD__ligand13755-0
15,HADPAD__ligand23445-0
16,HADPAD__ligand24953-0
17,HADPAD__ligand116-0
18,HADPAD__ligand4262-0
19,HADPAD__ligand25048-0
20,HADPAD__ligand21940-0
21,HADPAD__ligand2692-0
22,HADPAD__ligand1618-0
23,HADPAD__ligand21752-0
24,HADPAD__ligand177-0
25,HADPAD__ligand4596-0
26,HADPAD__ligand1498-0
27,HADPAD__ligand14339-0
28,HADPAD__ligand1154-0
29,HADPAD__ligand9615-0
30,HADPAD__ligand30788-0
31,HADPAD__ligand13691-0
32,HADPAD__ligand8529-0
33,HADPAD__ligand1169-0
34,HADPAD__ligand18757-0
35,HADPAD__ligand24560-0
36,HADPAD__ligand20844-0
37,HADPAD__ligand18413-0
38,HADPAD__ligand24624-0
39,HADPAD__ligand909-0
40,HADPAD__ligand785-0
41,HADPAD__ligand311-0
42,HADPAD__ligand479-0
43,HADPAD__ligand18019-1
44,HADPAD__ligand8593-0
45,HADPAD__ligand9944-0
46,HADPAD__ligand14007-0
47,HADPAD__ligand370-1
48,HADPAD__ligand2001-0
49,HADPAD__ligand620-0
50,HADPAD__ligand27550-0
51,HADPAD__ligand7566-0
52,HADPAD__ligand564-0
53,HADPAD__ligand188-0
54,HADPAD__ligand20942-1
55,HADPAD__ligand16956-0
56,HADPAD__ligand21339-0
57,HADPAD__ligand14226-0
58,HADPAD__ligand5201-0
59,HADPAD__ligand29565-0
60,HADPAD__ligand23682-0
61,HADPAD__ligand18158-0
62,HADPAD__ligand1113-0
63,HADPAD__ligand27771-0
64,HADPAD__ligand8553-0
65,HADPAD__ligand12413-0
66,HADPAD__ligand29334-0
67,HADPAD__ligand20731-0
68,HADPAD__ligand3471-0
69,HADPAD__ligand4161-0
70,HADPAD__ligand4124-0
71,HADPAD__ligand11798-0
72,HADPAD__ligand250-0
73,HADPAD__ligand17069-0
74,HADPAD__ligand14477-0
75,HADPAD__ligand17445-0
76,HADPAD__ligand5415-0
77,HADPAD__ligand29214-0
78,HADPAD__ligand4340-0
79,HADPAD__ligand2281-0
80,HADPAD__ligand2650-0
81,HADPAD__ligand11544-0
82,HADPAD__ligand11501-0
83,HADPAD__ligand3180-0
84,HADPAD__ligand370-0
85,HADPAD__ligand6995-0
86,HADPAD__ligand21448-0
87,HADPAD__ligand22357-0
88,HADPAD__ligand11758-0
89,HADPAD__ligand2823-0
90,HADPAD__ligand66-0
91,HADPAD__ligand10151-0
92,HADPAD__ligand5085-0
93,HADPAD__ligand3144-0
94,HADPAD__ligand421-0
95,HADPAD__ligand5755-0
96,HADPAD__ligand4710-0
97,HADPAD__ligand7213-0
98,HADPAD__ligand1397-0
99,HADPAD__ligand1828-0
100,HADPAD__ligand685-0
101,HADPAD__ligand6112-0
102,HADPAD__ligand8042-0
103,HADPAD__ligand22353-0
104,HADPAD__ligand294-0
105,HADPAD__ligand1786-0
106,HADPAD__ligand5630-0
107,HADPAD__ligand19668-0
108,HADPAD__ligand19906-0
109,HADPAD__ligand1908-0
110,HADPAD__ligand4795-0
111,HADPAD__ligand3285-0
112,HADPAD__ligand1831-0
113,HADPAD__ligand5280-0
114,HADPAD__ligand5614-0
115,HADPAD__ligand10479-0
116,HADPAD__ligand27610-0
117,HADPAD__ligand560-0
118,HADPAD__ligand11479-0
119,HADPAD__ligand29441-0
120,HADPAD__ligand6663-0
121,HADPAD__ligand10853-0
122,HADPAD__ligand5515-0
123,HADPAD__ligand24851-0
124,HADPAD__ligand20530-0
125,HADPAD__ligand11698-0
126,HADPAD__ligand14302-0
127,HADPAD__ligand14347-0
128,HADPAD__ligand13657-0
129,HADPAD__ligand1152-0
130,HADPAD__ligand3261-0
131,HADPAD__ligand20220-0
132,HADPAD__ligand5019-0
133,HADPAD__ligand15387-0
134,HADPAD__ligand1216-0
135,HADPAD__ligand20121-0
136,HADPAD__ligand42-0
137,HADPAD__ligand134-0
138,HADPAD__ligand1849-0
139,HADPAD__ligand235-0
140,HADPAD__ligand16952-0
141,HADPAD__ligand29813-0
142,HADPAD__ligand1539-0
143,HADPAD__ligand868-0
144,HADPAD__ligand11177-0
145,HADPAD__ligand15455-0
146,HADPAD__ligand1150-0
147,HADPAD__ligand3453-0
148,HADPAD__ligand3416-0
149,HADPAD__ligand25658-0
150,HADPAD__ligand17686-0
151,HADPAD__ligand4207-0
152,HADPAD__ligand31205-0
153,HADPAD__ligand3042-0
154,HADPAD__ligand8-0
155,HADPAD__ligand11814-0
156,HADPAD__ligand16603-0
157,HADPAD__ligand16870-0
158,HADPAD__ligand4063-0
159,HADPAD__ligand8200-0
160,HADPAD__ligand352-0
161,HADPAD__ligand783-0
162,HADPAD__ligand7438-0
163,HADPAD__ligand11622-0
164,HADPAD__ligand38-0
165,HADPAD__ligand6993-0
166,HADPAD__ligand1817-0
167,HADPAD__ligand197-0
168,HADPAD__ligand1779-0
169,HADPAD__ligand26673-0
170,HADPAD__ligand20821-0
171,HADPAD__ligand9750-0
172,HADPAD__ligand11606-0
173,HADPAD__ligand7075-0
174,HADPAD__ligand1149-0
175,HADPAD__ligand31000-0
176,HADPAD__ligand3980-0
177,HADPAD__ligand3557-0
178,HADPAD__ligand11252-0
179,HADPAD__ligand1288-0
180,HADPAD__ligand10582-0
181,HADPAD__ligand13260-0
182,HADPAD__ligand9491-0
183,HADPAD__ligand4266-0
184,HADPAD__ligand1400-0
185,HADPAD__ligand19824-0
186,HADPAD__ligand18067-0
187,HADPAD__ligand4167-0
188,HADPAD__ligand3926-0
189,HADPAD__ligand3120-0
190,HADPAD__ligand11618-0
191,HADPAD__ligand4358-0
192,HADPAD__ligand395-0
193,HADPAD__ligand368-0
194,HADPAD__ligand2221-0
195,HADPAD__ligand5595-0
196,HADPAD__ligand4101-0
197,HADPAD__ligand26529-0
198,HADPAD__ligand1376-0
199,HADPAD__ligand21729-0
200,HADPAD__ligand27239-0
201,HADPAD__ligand5510-0
202,HADPAD__ligand9773-0
203,HADPAD__ligand2259-0
204,HADPAD__ligand784-0
205,HADPAD__ligand19927-0
206,HADPAD__ligand1296-0
207,HADPAD__ligand8592-0
208,HADPAD__ligand28559-0
209,HADPAD__ligand5099-0
210,HADPAD__ligand26324-0
211,HADPAD__ligand14043-0
212,HADPAD__ligand1197-0
213,HADPAD__ligand16148-0
214,HADPAD__ligand26631-0
215,HADPAD__ligand12003-0
216,HADPAD__ligand3867-0
217,HADPAD__ligand1317-0
218,HADPAD__ligand21399-0
219,HADPAD__ligand7293-0
220,HADPAD__ligand10872-0
221,HADPAD__ligand2822-0
222,HADPAD__ligand29215-0
223,HADPAD__ligand5304-0
224,HADPAD__ligand833-0
225,HADPAD__ligand9167-0
226,HADPAD__ligand2238-0
227,HADPAD__ligand27754-0
228,HADPAD__ligand20695-0
229,HADPAD__ligand16369-0
230,HADPAD__ligand5080-0
231,HADPAD__ligand28540-0
232,HADPAD__ligand7762-0
233,HADPAD__ligand11111-0
234,HADPAD__ligand6117-0
235,HADPAD__ligand1407-0
236,HADPAD__ligand8002-0
237,HADPAD__ligand22403-0
238,HADPAD__ligand5509-0
239,HADPAD__ligand115-0
240,HADPAD__ligand11587-0
241,HADPAD__ligand3945-0
242,HADPAD__ligand13220-0
243,HADPAD__ligand24-0
244,HADPAD__ligand2693-0
245,HADPAD__ligand5383-0
246,HADPAD__ligand17396-0
247,HADPAD__ligand23175-0
248,HADPAD__ligand15788-0
249,HADPAD__ligand14569-0
250,HADPAD__ligand9344-0
251,HADPAD__ligand13385-0
252,HADPAD__ligand24111-0
253,HADPAD__ligand152-0
254,HADPAD__ligand8000-0
255,HADPAD__ligand22444-0
256,HADPAD__ligand3736-0
257,HADPAD__ligand7291-0
258,HADPAD__ligand10033-0
259,HADPAD__ligand24644-0
260,HADPAD__ligand12001-0
261,HADPAD__ligand506-0
262,HADPAD__ligand9883-0
263,HADPAD__ligand3677-1
264,HADPAD__ligand27840-0
265,HADPAD__ligand4007-0
266,HADPAD__ligand30728-0
267,HADPAD__ligand2985-0
268,HADPAD__ligand24872-0
269,HADPAD__ligand9299-0
270,HADPAD__ligand19-0
271,HADPAD__ligand25561-0
272,HADPAD__ligand6699-0
273,HADPAD__ligand3677-0
274,HADPAD__ligand3632-0
275,HADPAD__ligand78-0
276,HADPAD__ligand487-0
277,HADPAD__ligand11949-0
278,HADPAD__ligand1294-0
279,HADPAD__ligand22129-0
280,HADPAD__ligand12138-0
281,HADPAD__ligand24780-0
282,HADPAD__ligand1168-0
283,HADPAD__ligand447-0
284,HADPAD__ligand6892-0
285,HADPAD__ligand45-0
286,HADPAD__ligand746-0
287,HADPAD__ligand17427-0
288,HADPAD__ligand1211-0
289,HADPAD__ligand3712-0
290,HADPAD__ligand1464-0
291,HADPAD__ligand31694-0
292,HADPAD__ligand176-0
293,HADPAD__ligand2881-0
294,HADPAD__ligand29486-0
295,HADPAD__ligand1499-0
296,HADPAD__ligand1604-0
297,HADPAD__ligand28930-0
298,HADPAD__ligand22168-0
299,HADPAD__ligand22294-0
300,HADPAD__ligand353-0
301,HADPAD__ligand21919-0
302,HADPAD__ligand9943-0
303,HADPAD__ligand1228-0
304,HADPAD__ligand10056-0
305,HADPAD__ligand12365-0
306,HADPAD__ligand2043-0
307,HADPAD__ligand11357-0
308,HADPAD__ligand13862-0
309,HADPAD__ligand1832-0
310,HADPAD__ligand8788-0
311,HADPAD__ligand15531-0
312,HADPAD__ligand28743-0
313,HADPAD__ligand2417-0
314,HADPAD__ligand28810-0
315,HADPAD__ligand11447-0
316,HADPAD__ligand11096-0
317,HADPAD__ligand24230-0
318,HADPAD__ligand15926-0
319,HADPAD__ligand19792-0
320,HADPAD__ligand10828-0
321,HADPAD__ligand9284-0
322,HADPAD__ligand393-0
323,HADPAD__ligand11970-0
324,HADPAD__ligand3126-0
325,HADPAD__ligand6391-0
326,HADPAD__ligand15883-0
327,HADPAD__ligand1114-0
328,HADPAD__ligand16988-0
329,HADPAD__ligand25913-0
330,HADPAD__ligand686-0
331,HADPAD__ligand5387-0
332,HADPAD__ligand2203-0
333,HADPAD__ligand11682-0
334,HADPAD__ligand1289-0
335,HADPAD__ligand20207-0
336,HADPAD__ligand30711-0
337,HADPAD__ligand422-0
338,HADPAD__ligand24035-0
339,HADPAD__ligand2612-0
340,HADPAD__ligand1599-0
341,HADPAD__ligand31842-0
342,HADPAD__ligand31044-0
343,HADPAD__ligand11994-0
344,HADPAD__ligand16663-0
345,HADPAD__ligand196-0
346,HADPAD__ligand9450-0
347,HADPAD__ligand14614-0
348,HADPAD__ligand13672-0
349,HADPAD__ligand4807-0
350,HADPAD__ligand28685-0
351,HADPAD__ligand18568-0
352,HADPAD__ligand3178-0
353,HADPAD__ligand9753-0
354,HADPAD__ligand1356-0
355,HADPAD__ligand1787-0
356,HADPAD__ligand5530-0
357,HADPAD__ligand314-1
358,HADPAD__ligand5159-0
359,HADPAD__ligand10371-0
360,HADPAD__ligand7196-0
361,HADPAD__ligand4649-0
362,HADPAD__ligand2788-0
363,HADPAD__ligand5649-0
364,HADPAD__ligand8793-0
365,HADPAD__ligand18448-0
366,HADPAD__ligand12453-0
367,HADPAD__ligand28459-0
368,HADPAD__ligand19184-0
369,HADPAD__ligand67-0
370,HADPAD__ligand2906-0
371,HADPAD__ligand465-0
372,HADPAD__ligand3244-0
373,HADPAD__ligand4711-0
374,HADPAD__ligand618-0
375,HADPAD__ligand7172-0
376,HADPAD__ligand13477-0
377,HADPAD__ligand14167-0
378,HADPAD__ligand9323-0
379,HADPAD__ligand30142-0
380,HADPAD__ligand7273-0
381,HADPAD__ligand27669-0
382,HADPAD__ligand2260-0
383,HADPAD__ligand7092-0
384,HADPAD__ligand1116-0
385,HADPAD__ligand1153-0
386,HADPAD__ligand3225-0
387,HADPAD__ligand2124-0
388,HADPAD__ligand43-0
389,HADPAD__ligand391-0
390,HADPAD__ligand8612-0
391,HADPAD__ligand813-0
392,HADPAD__ligand23197-0
393,HADPAD__ligand6017-0
394,HADPAD__ligand314-0
395,HADPAD__ligand5708-0
396,HADPAD__ligand780-0
397,HADPAD__ligand7316-0
398,HADPAD__ligand27285-0
399,HADPAD__ligand29029-0
400,HADPAD__ligand5180-0
401,HADPAD__ligand27893-0
402,HADPAD__ligand1263-0
403,HADPAD__ligand14723-0
404,HADPAD__ligand9908-0
405,HADPAD__ligand19641-0
406,HADPAD__ligand15422-0
407,HADPAD__ligand20578-0
408,HADPAD__ligand12934-0
409,HADPAD__ligand7242-0
410,HADPAD__ligand18832-0
411,HADPAD__ligand240-0
412,HADPAD__ligand27175-0
413,HADPAD__ligand23713-0
414,HADPAD__ligand7106-0
415,HADPAD__ligand30988-0
416,HADPAD__ligand141-0
417,HADPAD__ligand3718-0
418,HADPAD__ligand17258-0
419,HADPAD__ligand6616-0
420,HADPAD__ligand14297-0
421,HADPAD__ligand3035-0
422,HADPAD__ligand3876-0
423,HADPAD__ligand1343-0
424,HADPAD__ligand14603-0
425,HADPAD__ligand26665-0
426,HADPAD__ligand17631-0
427,HADPAD__ligand4661-0
428,HADPAD__ligand1844-0
429,HADPAD__ligand13012-0
430,HADPAD__ligand3504-0
431,HADPAD__ligand1959-0
432,HADPAD__ligand1573-0
433,HADPAD__ligand1536-0
434,HADPAD__ligand31783-0
435,HADPAD__ligand9935-0
436,HADPAD__ligand17281-0
437,HADPAD__ligand30296-0
438,HADPAD__ligand2485-0
439,HADPAD__ligand12337-0
440,HADPAD__ligand3852-0
441,HADPAD__ligand29410-0
442,HADPAD__ligand6919-0
443,HADPAD__ligand26540-0
444,HADPAD__ligand30333-0
445,HADPAD__ligand5331-0
446,HADPAD__ligand768-0
447,HADPAD__ligand1512-0
448,HADPAD__ligand12606-0
449,HADPAD__ligand3565-0
450,HADPAD__ligand4720-0
451,HADPAD__ligand3131-0
452,HADPAD__ligand1202-0
453,HADPAD__ligand3937-0
454,HADPAD__ligand3174-0
455,HADPAD__ligand8969-0
456,HADPAD__ligand384-0
457,HADPAD__ligand27460-0
458,HADPAD__ligand6839-0
459,HADPAD__ligand28468-0
460,HADPAD__ligand20740-0
461,HADPAD__ligand12427-0
462,HADPAD__ligand5211-0
463,HADPAD__ligand16628-0
464,HADPAD__ligand3094-0
465,HADPAD__ligand4155-0
466,HADPAD__ligand11-0
467,HADPAD__ligand757-0
468,HADPAD__ligand9291-0
469,HADPAD__ligand2176-0
470,HADPAD__ligand27763-0
471,HADPAD__ligand2232-0
472,HADPAD__ligand10262-0
473,HADPAD__ligand28676-0
474,HADPAD__ligand4157-0
475,HADPAD__ligand18814-0
476,HADPAD__ligand19057-0
477,HADPAD__ligand29302-0
478,HADPAD__ligand13425-0
479,HADPAD__ligand5256-0
480,HADPAD__ligand7648-0
481,HADPAD__ligand122-0
482,HADPAD__ligand2828-0
483,HADPAD__ligand8876-0
484,HADPAD__ligand9833-0
485,HADPAD__ligand14108-0
486,HADPAD__ligand4546-0
487,HADPAD__ligand4503-0
488,HADPAD__ligand12641-0
489,HADPAD__ligand1285-0
490,HADPAD__ligand69-0
491,HADPAD__ligand7000-0
492,HADPAD__ligand1982-0
493,HADPAD__ligand6768-0
494,HADPAD__ligand10958-0
495,HADPAD__ligand8115-0
496,HADPAD__ligand23769-0
497,HADPAD__ligand24185-0
498,HADPAD__ligand7238-0
499,HADPAD__ligand25178-0
500,HADPAD__ligand7280-0
501,HADPAD__ligand1304-0
502,HADPAD__ligand1790-0
503,HADPAD__ligand6709-0
504,HADPAD__ligand1219-0
505,HADPAD__ligand17302-0
506,HADPAD__ligand7867-0
507,HADPAD__ligand17805-0
508,HADPAD__ligand4016-0
509,HADPAD__ligand1160-0
510,HADPAD__ligand8699-0
511,HADPAD__ligand17387-0
512,HADPAD__ligand12130-0
513,HADPAD__ligand12289-0
514,HADPAD__ligand18292-0
515,HADPAD__ligand13658-0
516,HADPAD__ligand9520-0
517,HADPAD__ligand26702-0
518,HADPAD__ligand3954-0
519,HADPAD__ligand4442-0
520,HADPAD__ligand4093-0
521,HADPAD__ligand12231-0
522,HADPAD__ligand7629-0
523,HADPAD__ligand24145-0
524,HADPAD__ligand4272-0
525,HADPAD__ligand1451-0
526,HADPAD__ligand15585-0
527,HADPAD__ligand12401-0
528,HADPAD__ligand693-0
529,HADPAD__ligand9784-0
530,HADPAD__ligand19830-0
531,HADPAD__ligand13068-0
532,HADPAD__ligand10476-0
533,HADPAD__ligand26810-0
534,HADPAD__ligand366-0
535,HADPAD__ligand27482-0
536,HADPAD__ligand1631-0
537,HADPAD__ligand13208-0
538,HADPAD__ligand9933-0
539,HADPAD__ligand49-0
540,HADPAD__ligand1575-0
541,HADPAD__ligand1530-0
542,HADPAD__ligand657-0
543,HADPAD__ligand2332-0
544,HADPAD__ligand9441-0
545,HADPAD__ligand187-0
546,HADPAD__ligand13390-0
547,HADPAD__ligand6244-0
548,HADPAD__ligand941-0
549,HADPAD__ligand596-0
550,HADPAD__ligand1378-0
551,HADPAD__ligand1-0
552,HADPAD__ligand3156-0
553,HADPAD__ligand2915-0
554,HADPAD__ligand777-0
555,HADPAD__ligand89-0
556,HADPAD__ligand20682-0
557,HADPAD__ligand6124-0
558,HADPAD__ligand14174-0
559,HADPAD__ligand3707-0
560,HADPAD__ligand10712-0
561,HADPAD__ligand7967-0
562,HADPAD__ligand126-0
563,HADPAD__ligand163-0
564,HADPAD__ligand11456-0
565,HADPAD__ligand4116-0
566,HADPAD__ligand1018-0
567,HADPAD__ligand25411-0
568,HADPAD__ligand8992-0
569,HADPAD__ligand9601-0
570,HADPAD__ligand9111-0
571,HADPAD__ligand9952-0
572,HADPAD__ligand845-0
573,HADPAD__ligand5036-0
574,HADPAD__ligand2526-0
575,HADPAD__ligand13294-0
576,HADPAD__ligand1615-0
577,HADPAD__ligand31832-0
578,HADPAD__ligand29879-0
579,HADPAD__ligand14248-0
580,HADPAD__ligand5643-0
581,HADPAD__ligand12030-0
582,HADPAD__ligand1823-0
583,HADPAD__ligand8721-0
584,HADPAD__ligand28884-0
585,HADPAD__ligand1324-0
586,HADPAD__ligand13331-0
587,HADPAD__ligand17398-0
588,HADPAD__ligand24047-0
589,HADPAD__ligand10589-0
590,HADPAD__ligand22557-0
591,HADPAD__ligand20598-0
592,HADPAD__ligand11675-0
593,HADPAD__ligand17982-0
594,HADPAD__ligand29414-0
595,HADPAD__ligand17278-0
596,HADPAD__ligand20011-0
597,HADPAD__ligand4641-0
598,HADPAD__ligand2028-0
599,HADPAD__ligand8835-0
600,HADPAD__ligand7126-0
601,HADPAD__ligand20251-1
602,HADPAD__ligand14703-0
603,HADPAD__ligand16475-0
604,HADPAD__ligand17-0
605,HADPAD__ligand3234-0
606,HADPAD__ligand1142-0
607,HADPAD__ligand338-0
608,HADPAD__ligand6102-0
609,HADPAD__ligand6904-0
610,HADPAD__ligand3721-0
611,HADPAD__ligand6596-0
612,HADPAD__ligand14117-0
613,HADPAD__ligand17261-0
614,HADPAD__ligand3-0
615,HADPAD__ligand3465-0
616,HADPAD__ligand201-0
617,HADPAD__ligand20251-0
618,HADPAD__ligand20214-0
619,HADPAD__ligand30702-0
620,HADPAD__ligand20539-0
621,HADPAD__ligand7819-0
622,HADPAD__ligand31097-0
623,HADPAD__ligand21581-0
624,HADPAD__ligand2917-0
625,HADPAD__ligand2295-0
626,HADPAD__ligand6067-0
627,HADPAD__ligand1577-0
628,HADPAD__ligand29568-0
629,HADPAD__ligand14889-0
630,HADPAD__ligand30851-0
631,HADPAD__ligand321-0
632,HADPAD__ligand21371-0
633,HADPAD__ligand17118-0
634,HADPAD__ligand185-0
635,HADPAD__ligand279-0
636,HADPAD__ligand20419-0
637,HADPAD__ligand4620-0
638,HADPAD__ligand28789-0
639,HADPAD__ligand178-0
640,HADPAD__ligand28924-0
641,HADPAD__ligand9681-0
642,HADPAD__ligand15438-0
643,HADPAD__ligand68-0
644,HADPAD__ligand4332-0
645,HADPAD__ligand497-0
646,HADPAD__ligand1449-0
647,HADPAD__ligand633-0
648,HADPAD__ligand3012-0
649,HADPAD__ligand29087-0
650,HADPAD__ligand18703-0
651,HADPAD__ligand7530-0
652,HADPAD__ligand1065-0
653,HADPAD__ligand2403-0
654,HADPAD__ligand17945-0
655,HADPAD__ligand25224-0
656,HADPAD__ligand18013-0
657,HADPAD__ligand31578-0
658,HADPAD__ligand17207-0
659,HADPAD__ligand55-0
660,HADPAD__ligand24750-0
661,HADPAD__ligand3934-0
662,HADPAD__ligand6882-0
663,HADPAD__ligand6455-0
664,HADPAD__ligand26277-0
665,HADPAD__ligand4-0
666,HADPAD__ligand29898-0
667,HADPAD__ligand1415-0
668,HADPAD__ligand6946-0
669,HADPAD__ligand692-0
670,HADPAD__ligand7529-0
671,HADPAD__ligand22755-0
672,HADPAD__ligand31618-0
673,HADPAD__ligand11432-0
674,HADPAD__ligand10432-0
675,HADPAD__ligand436-0
676,HADPAD__ligand9148-0
677,HADPAD__ligand34-0
678,HADPAD__ligand24064-0
679,HADPAD__ligand5316-0
680,HADPAD__ligand326-0
681,HADPAD__ligand5483-0
682,HADPAD__ligand23589-0
683,HADPAD__ligand5627-0
684,HADPAD__ligand1729-0
685,HADPAD__ligand2830-0
686,HADPAD__ligand15168-0
687,HADPAD__ligand5813-0
688,HADPAD__ligand409-0
689,HADPAD__ligand10555-0
690,HADPAD__ligand4813-0
691,HADPAD__ligand4738-0
692,HADPAD__ligand31483-0
693,HADPAD__ligand324-0
694,HADPAD__ligand361-0
695,HADPAD__ligand6062-0
696,HADPAD__ligand24613-0
697,HADPAD__ligand6283-0
698,HADPAD__ligand19725-0
699,HADPAD__ligand21421-0
700,HADPAD__ligand11774-0
701,HADPAD__ligand14586-0
702,HADPAD__ligand7107-0
703,HADPAD__ligand11568-0
704,HADPAD__ligand3215-0
705,HADPAD__ligand17710-0
706,HADPAD__ligand20579-0
707,HADPAD__ligand2068-0
708,HADPAD__ligand17240-0
709,HADPAD__ligand7925-0
710,HADPAD__ligand17590-0
711,HADPAD__ligand199-0
712,HADPAD__ligand1147-0
713,HADPAD__ligand3973-0
714,HADPAD__ligand12682-0
715,HADPAD__ligand18699-0
716,HADPAD__ligand57-0
717,HADPAD__ligand2599-0
718,HADPAD__ligand4330-0
719,HADPAD__ligand300-0
720,HADPAD__ligand7532-0
721,HADPAD__ligand13072-0
722,HADPAD__ligand12336-0
723,HADPAD__ligand588-0
724,HADPAD__ligand4194-0
725,HADPAD__ligand13257-0
726,HADPAD__ligand16-0
727,HADPAD__ligand21936-0
728,HADPAD__ligand1900-0
729,HADPAD__ligand9197-0
730,HADPAD__ligand23904-0
731,HADPAD__ligand25267-0
732,HADPAD__ligand2328-0
733,HADPAD__ligand1773-0
734,HADPAD__ligand4581-0
735,HADPAD__ligand10084-0
736,HADPAD__ligand3029-0
737,HADPAD__ligand7162-0
738,HADPAD__ligand12467-0
739,HADPAD__ligand6672-0
740,HADPAD__ligand9809-0
741,HADPAD__ligand1327-0
742,HADPAD__ligand8722-0
743,HADPAD__ligand670-0
744,HADPAD__ligand7573-0
745,HADPAD__ligand2781-0
746,HADPAD__ligand27169-0
747,HADPAD__ligand14523-0
748,HADPAD__ligand3350-0
749,HADPAD__ligand571-0
750,HADPAD__ligand534-0
751,HADPAD__ligand18391-0
752,HADPAD__ligand3208-0
753,HADPAD__ligand2208-0
754,HADPAD__ligand27074-0
755,HADPAD__ligand25805-0
756,HADPAD__ligand22981-0
757,HADPAD__ligand20599-0
758,HADPAD__ligand7557-0
759,HADPAD__ligand1496-0
760,HADPAD__ligand18465-0
761,HADPAD__ligand18799-0
762,HADPAD__ligand1533-0
763,HADPAD__ligand16791-0
764,HADPAD__ligand28668-0
765,HADPAD__ligand430-0
766,HADPAD__ligand29610-0
767,HADPAD__ligand358-0
768,HADPAD__ligand32-0
769,HADPAD__ligand11140-0
770,HADPAD__ligand5094-0
771,HADPAD__ligand488-0
772,HADPAD__ligand5892-0
773,HADPAD__ligand4131-0
774,HADPAD__ligand29863-0
775,HADPAD__ligand1712-0
776,HADPAD__ligand694-0
777,HADPAD__ligand18074-0
778,HADPAD__ligand13869-0
779,HADPAD__ligand3157-0
780,HADPAD__ligand12519-0
781,HADPAD__ligand25735-0
782,HADPAD__ligand11206-0
783,HADPAD__ligand1165-0
784,HADPAD__ligand23124-0
785,HADPAD__ligand9525-0
786,HADPAD__ligand696-0
787,HADPAD__ligand5935-0
788,HADPAD__ligand1379-0
789,HADPAD__ligand2722-0
790,HADPAD__ligand3871-0
791,HADPAD__ligand31248-0
792,HADPAD__ligand1469-0
793,HADPAD__ligand656-0
794,HADPAD__ligand25650-0
795,HADPAD__ligand1768-0
796,HADPAD__ligand5056-0
797,HADPAD__ligand12660-0
798,HADPAD__ligand4850-0
799,HADPAD__ligand13209-0
800,HADPAD__ligand1688-0
801,HADPAD__ligand19257-0
802,HADPAD__ligand5357-0
803,HADPAD__ligand48-0
804,HADPAD__ligand3647-0
805,HADPAD__ligand21787-0
806,HADPAD__ligand1709-0
807,HADPAD__ligand25575-0
808,HADPAD__ligand8464-0
809,HADPAD__ligand25689-0
810,HADPAD__ligand8349-0
811,HADPAD__ligand12295-0
812,HADPAD__ligand2527-0
813,HADPAD__ligand91-0
814,HADPAD__ligand27835-0
815,HADPAD__ligand416-0
816,HADPAD__ligand5849-0
817,HADPAD__ligand23906-0
818,HADPAD__ligand51-0
819,HADPAD__ligand383-0
820,HADPAD__ligand21132-0
821,HADPAD__ligand11166-0
822,HADPAD__ligand3392-0
823,HADPAD__ligand30539-0
824,HADPAD__ligand162-0
825,HADPAD__ligand1771-0
826,HADPAD__ligand4911-0
827,HADPAD__ligand226-0
