,TMC
0,ERAFOS__ligand1065-0
1,ERAFOS__ligand7530-0
2,ERAFOS__ligand1449-0
3,ERAFOS__ligand22403-0
4,ERAFOS__ligand3012-0
5,ERAFOS__ligand28540-0
6,ERAFOS__ligand4332-0
7,ERAFOS__ligand11111-0
8,ERAFOS__ligand16369-0
9,ERAFOS__ligand20695-0
10,ERAFOS__ligand9681-0
11,ERAFOS__ligand27754-0
12,ERAFOS__ligand6882-0
13,ERAFOS__ligand6455-0
14,ERAFOS__ligand29215-0
15,ERAFOS__ligand3934-0
16,ERAFOS__ligand21399-0
17,ERAFOS__ligand10872-0
18,ERAFOS__ligand670-0
19,ERAFOS__ligand2403-0
20,ERAFOS__ligand12003-0
21,ERAFOS__ligand26631-0
22,ERAFOS__ligand534-0
23,ERAFOS__ligand16148-0
24,ERAFOS__ligand571-0
25,ERAFOS__ligand14043-0
26,ERAFOS__ligand9148-0
27,ERAFOS__ligand28559-0
28,ERAFOS__ligand26324-0
29,ERAFOS__ligand11-0
30,ERAFOS__ligand19927-0
31,ERAFOS__ligand7529-0
32,ERAFOS__ligand21729-0
33,ERAFOS__ligand1415-0
34,ERAFOS__ligand6946-0
35,ERAFOS__ligand27239-0
36,ERAFOS__ligand26529-0
37,ERAFOS__ligand2830-0
38,ERAFOS__ligand5627-0
39,ERAFOS__ligand694-0
40,ERAFOS__ligand1729-0
41,ERAFOS__ligand430-0
42,ERAFOS__ligand69-0
43,ERAFOS__ligand5483-0
44,ERAFOS__ligand358-0
45,ERAFOS__ligand11618-0
46,ERAFOS__ligand5316-0
47,ERAFOS__ligand488-0
48,ERAFOS__ligand696-0
49,ERAFOS__ligand29486-0
50,ERAFOS__ligand31694-0
51,ERAFOS__ligand6283-0
52,ERAFOS__ligand6062-0
53,ERAFOS__ligand17427-0
54,ERAFOS__ligand4813-0
55,ERAFOS__ligand5813-0
56,ERAFOS__ligand4738-0
57,ERAFOS__ligand12138-0
58,ERAFOS__ligand24780-0
59,ERAFOS__ligand22129-0
60,ERAFOS__ligand3215-0
61,ERAFOS__ligand11949-0
62,ERAFOS__ligand7107-0
63,ERAFOS__ligand656-0
64,ERAFOS__ligand25561-0
65,ERAFOS__ligand3973-0
66,ERAFOS__ligand24872-0
67,ERAFOS__ligand30728-0
68,ERAFOS__ligand1147-0
69,ERAFOS__ligand27840-0
70,ERAFOS__ligand12001-0
71,ERAFOS__ligand24644-0
72,ERAFOS__ligand2068-0
73,ERAFOS__ligand7925-0
74,ERAFOS__ligand10033-0
75,ERAFOS__ligand4194-0
76,ERAFOS__ligand162-0
77,ERAFOS__ligand24111-0
78,ERAFOS__ligand22444-0
79,ERAFOS__ligand13385-0
80,ERAFOS__ligand7532-0
81,ERAFOS__ligand226-0
82,ERAFOS__ligand14569-0
83,ERAFOS__ligand416-0
84,ERAFOS__ligand23175-0
85,ERAFOS__ligand15788-0
86,ERAFOS__ligand17396-0
87,ERAFOS__ligand383-0
88,ERAFOS__ligand2599-0
89,ERAFOS__ligand4330-0
90,ERAFOS__ligand13220-0
91,ERAFOS__ligand11587-0
92,ERAFOS__ligand3029-0
93,ERAFOS__ligand633-0
94,ERAFOS__ligand7162-0
95,ERAFOS__ligand14614-0
96,ERAFOS__ligand2328-0
97,ERAFOS__ligand16663-0
98,ERAFOS__ligand1773-0
99,ERAFOS__ligand4581-0
100,ERAFOS__ligand11994-0
101,ERAFOS__ligand1900-0
102,ERAFOS__ligand9197-0
103,ERAFOS__ligand31044-0
104,ERAFOS__ligand31842-0
105,ERAFOS__ligand497-0
106,ERAFOS__ligand24035-0
107,ERAFOS__ligand2208-0
108,ERAFOS__ligand3208-0
109,ERAFOS__ligand20207-0
110,ERAFOS__ligand30711-0
111,ERAFOS__ligand11682-0
112,ERAFOS__ligand3350-0
113,ERAFOS__ligand7573-0
114,ERAFOS__ligand2781-0
115,ERAFOS__ligand9809-0
116,ERAFOS__ligand6672-0
117,ERAFOS__ligand1327-0
118,ERAFOS__ligand8722-0
119,ERAFOS__ligand16988-0
120,ERAFOS__ligand25913-0
121,ERAFOS__ligand15883-0
122,ERAFOS__ligand436-0
123,ERAFOS__ligand1533-0
124,ERAFOS__ligand11970-0
125,ERAFOS__ligand19792-0
126,ERAFOS__ligand10828-0
127,ERAFOS__ligand15926-0
128,ERAFOS__ligand24230-0
129,ERAFOS__ligand692-0
130,ERAFOS__ligand1496-0
131,ERAFOS__ligand28810-0
132,ERAFOS__ligand7557-0
133,ERAFOS__ligand11096-0
134,ERAFOS__ligand11447-0
135,ERAFOS__ligand11357-0
136,ERAFOS__ligand13862-0
137,ERAFOS__ligand4131-0
138,ERAFOS__ligand28743-0
139,ERAFOS__ligand1712-0
140,ERAFOS__ligand15531-0
141,ERAFOS__ligand3-0
142,ERAFOS__ligand12365-0
143,ERAFOS__ligand10056-0
144,ERAFOS__ligand5094-0
145,ERAFOS__ligand21919-0
146,ERAFOS__ligand5892-0
147,ERAFOS__ligand22294-0
148,ERAFOS__ligand326-0
149,ERAFOS__ligand17-0
150,ERAFOS__ligand22168-0
151,ERAFOS__ligand28930-0
152,ERAFOS__ligand1379-0
153,ERAFOS__ligand2722-0
154,ERAFOS__ligand27285-0
155,ERAFOS__ligand29029-0
156,ERAFOS__ligand5935-0
157,ERAFOS__ligand1-0
158,ERAFOS__ligand409-0
159,ERAFOS__ligand1165-0
160,ERAFOS__ligand9525-0
161,ERAFOS__ligand361-0
162,ERAFOS__ligand324-0
163,ERAFOS__ligand3157-0
164,ERAFOS__ligand23197-0
165,ERAFOS__ligand1688-0
166,ERAFOS__ligand3647-0
167,ERAFOS__ligand5357-0
168,ERAFOS__ligand4850-0
169,ERAFOS__ligand5056-0
170,ERAFOS__ligand27669-0
171,ERAFOS__ligand30142-0
172,ERAFOS__ligand1768-0
173,ERAFOS__ligand3871-0
174,ERAFOS__ligand14167-0
175,ERAFOS__ligand13477-0
176,ERAFOS__ligand1469-0
177,ERAFOS__ligand2527-0
178,ERAFOS__ligand49-0
179,ERAFOS__ligand19184-0
180,ERAFOS__ligand28459-0
181,ERAFOS__ligand12453-0
182,ERAFOS__ligand18448-0
183,ERAFOS__ligand8464-0
184,ERAFOS__ligand1709-0
185,ERAFOS__ligand8349-0
186,ERAFOS__ligand199-0
187,ERAFOS__ligand1771-0
188,ERAFOS__ligand10371-0
189,ERAFOS__ligand4911-0
190,ERAFOS__ligand588-0
191,ERAFOS__ligand3392-0
192,ERAFOS__ligand89-0
193,ERAFOS__ligand18568-0
194,ERAFOS__ligand28685-0
195,ERAFOS__ligand5849-0
196,ERAFOS__ligand300-0
197,ERAFOS__ligand13672-0
198,ERAFOS__ligand7106-0
199,ERAFOS__ligand18413-0
200,ERAFOS__ligand20844-0
201,ERAFOS__ligand24624-0
202,ERAFOS__ligand657-0
203,ERAFOS__ligand7242-0
204,ERAFOS__ligand18757-0
205,ERAFOS__ligand187-0
206,ERAFOS__ligand24560-0
207,ERAFOS__ligand366-0
208,ERAFOS__ligand57-0
209,ERAFOS__ligand9908-0
210,ERAFOS__ligand1263-0
211,ERAFOS__ligand30788-0
212,ERAFOS__ligand1573-0
213,ERAFOS__ligand1536-0
214,ERAFOS__ligand13691-0
215,ERAFOS__ligand777-0
216,ERAFOS__ligand9935-0
217,ERAFOS__ligand3504-0
218,ERAFOS__ligand14339-0
219,ERAFOS__ligand1959-0
220,ERAFOS__ligand4661-0
221,ERAFOS__ligand1844-0
222,ERAFOS__ligand596-0
223,ERAFOS__ligand21752-0
224,ERAFOS__ligand941-0
225,ERAFOS__ligand3718-0
226,ERAFOS__ligand6616-0
227,ERAFOS__ligand3035-0
228,ERAFOS__ligand3876-0
229,ERAFOS__ligand1343-0
230,ERAFOS__ligand3565-0
231,ERAFOS__ligand21940-0
232,ERAFOS__ligand25048-0
233,ERAFOS__ligand1512-0
234,ERAFOS__ligand5331-0
235,ERAFOS__ligand3852-0
236,ERAFOS__ligand2485-0
237,ERAFOS__ligand163-0
238,ERAFOS__ligand24953-0
239,ERAFOS__ligand126-0
240,ERAFOS__ligand23445-0
241,ERAFOS__ligand6919-0
242,ERAFOS__ligand13755-0
243,ERAFOS__ligand16133-0
244,ERAFOS__ligand27122-0
245,ERAFOS__ligand20432-0
246,ERAFOS__ligand4155-0
247,ERAFOS__ligand3094-0
248,ERAFOS__ligand5211-0
249,ERAFOS__ligand8969-0
250,ERAFOS__ligand3131-0
251,ERAFOS__ligand1202-0
252,ERAFOS__ligand3937-0
253,ERAFOS__ligand3174-0
254,ERAFOS__ligand6839-0
255,ERAFOS__ligand845-0
256,ERAFOS__ligand4720-0
257,ERAFOS__ligand30004-0
258,ERAFOS__ligand20557-0
259,ERAFOS__ligand5256-0
260,ERAFOS__ligand9833-0
261,ERAFOS__ligand22357-0
262,ERAFOS__ligand7648-0
263,ERAFOS__ligand8876-0
264,ERAFOS__ligand11758-0
265,ERAFOS__ligand2828-0
266,ERAFOS__ligand21448-0
267,ERAFOS__ligand4157-0
268,ERAFOS__ligand34-0
269,ERAFOS__ligand2232-0
270,ERAFOS__ligand11501-0
271,ERAFOS__ligand11544-0
272,ERAFOS__ligand9291-0
273,ERAFOS__ligand2176-0
274,ERAFOS__ligand29214-0
275,ERAFOS__ligand1982-0
276,ERAFOS__ligand17445-0
277,ERAFOS__ligand7000-0
278,ERAFOS__ligand8115-0
279,ERAFOS__ligand6768-0
280,ERAFOS__ligand1285-0
281,ERAFOS__ligand14477-0
282,ERAFOS__ligand338-0
283,ERAFOS__ligand17069-0
284,ERAFOS__ligand11798-0
285,ERAFOS__ligand20731-0
286,ERAFOS__ligand12413-0
287,ERAFOS__ligand4546-0
288,ERAFOS__ligand4503-0
289,ERAFOS__ligand29334-0
290,ERAFOS__ligand68-0
291,ERAFOS__ligand27771-0
292,ERAFOS__ligand4016-0
293,ERAFOS__ligand18158-0
294,ERAFOS__ligand23682-0
295,ERAFOS__ligand6709-0
296,ERAFOS__ligand1219-0
297,ERAFOS__ligand29565-0
298,ERAFOS__ligand7867-0
299,ERAFOS__ligand1304-0
300,ERAFOS__ligand1790-0
301,ERAFOS__ligand7280-0
302,ERAFOS__ligand20942-1
303,ERAFOS__ligand14226-0
304,ERAFOS__ligand21339-0
305,ERAFOS__ligand16956-0
306,ERAFOS__ligand7238-0
307,ERAFOS__ligand201-0
308,ERAFOS__ligand9784-0
309,ERAFOS__ligand185-0
310,ERAFOS__ligand279-0
311,ERAFOS__ligand4-0
312,ERAFOS__ligand27550-0
313,ERAFOS__ligand7629-0
314,ERAFOS__ligand178-0
315,ERAFOS__ligand4272-0
316,ERAFOS__ligand1451-0
317,ERAFOS__ligand14007-0
318,ERAFOS__ligand3954-0
319,ERAFOS__ligand4093-0
320,ERAFOS__ligand4442-0
321,ERAFOS__ligand18019-1
322,ERAFOS__ligand8699-0
323,ERAFOS__ligand55-0
324,ERAFOS__ligand1160-0
325,ERAFOS__ligand9520-0
326,ERAFOS__ligand321-0
327,ERAFOS__ligand29813-0
328,ERAFOS__ligand16952-0
329,ERAFOS__ligand2332-0
330,ERAFOS__ligand240-0
331,ERAFOS__ligand9441-0
332,ERAFOS__ligand141-0
333,ERAFOS__ligand20121-0
334,ERAFOS__ligand9933-0
335,ERAFOS__ligand15387-0
336,ERAFOS__ligand1575-0
337,ERAFOS__ligand1530-0
338,ERAFOS__ligand91-0
339,ERAFOS__ligand20220-0
340,ERAFOS__ligand1631-0
341,ERAFOS__ligand13657-0
342,ERAFOS__ligand14347-0
343,ERAFOS__ligand51-0
344,ERAFOS__ligand14302-0
345,ERAFOS__ligand20530-0
346,ERAFOS__ligand11698-0
347,ERAFOS__ligand2915-0
348,ERAFOS__ligand3156-0
349,ERAFOS__ligand24851-0
350,ERAFOS__ligand1378-0
351,ERAFOS__ligand29441-0
352,ERAFOS__ligand10853-0
353,ERAFOS__ligand10479-0
354,ERAFOS__ligand27610-0
355,ERAFOS__ligand11479-0
356,ERAFOS__ligand6244-0
357,ERAFOS__ligand9601-0
358,ERAFOS__ligand768-0
359,ERAFOS__ligand8992-0
360,ERAFOS__ligand19906-0
361,ERAFOS__ligand19668-0
362,ERAFOS__ligand4116-0
363,ERAFOS__ligand1018-0
364,ERAFOS__ligand7967-0
365,ERAFOS__ligand6124-0
366,ERAFOS__ligand3707-0
367,ERAFOS__ligand22353-0
368,ERAFOS__ligand8721-0
369,ERAFOS__ligand1324-0
370,ERAFOS__ligand1823-0
371,ERAFOS__ligand5643-0
372,ERAFOS__ligand1615-0
373,ERAFOS__ligand5036-0
374,ERAFOS__ligand2526-0
375,ERAFOS__ligand48-0
376,ERAFOS__ligand10151-0
377,ERAFOS__ligand384-0
378,ERAFOS__ligand9111-0
379,ERAFOS__ligand9952-0
380,ERAFOS__ligand4641-0
381,ERAFOS__ligand19824-0
382,ERAFOS__ligand18067-0
383,ERAFOS__ligand122-0
384,ERAFOS__ligand757-0
385,ERAFOS__ligand10582-0
386,ERAFOS__ligand13260-0
387,ERAFOS__ligand11252-0
388,ERAFOS__ligand32-0
389,ERAFOS__ligand3234-0
390,ERAFOS__ligand1142-0
391,ERAFOS__ligand31000-0
392,ERAFOS__ligand11606-0
393,ERAFOS__ligand20821-0
394,ERAFOS__ligand8835-0
395,ERAFOS__ligand2028-0
396,ERAFOS__ligand7126-0
397,ERAFOS__ligand26673-0
398,ERAFOS__ligand7819-0
399,ERAFOS__ligand11622-0
400,ERAFOS__ligand2917-0
401,ERAFOS__ligand16-0
402,ERAFOS__ligand16870-0
403,ERAFOS__ligand16603-0
404,ERAFOS__ligand3465-0
405,ERAFOS__ligand11814-0
406,ERAFOS__ligand6102-0
407,ERAFOS__ligand6596-0
408,ERAFOS__ligand6904-0
409,ERAFOS__ligand3721-0
410,ERAFOS__ligand31205-0
411,ERAFOS__ligand17686-0
412,ERAFOS__ligand25658-0
413,ERAFOS__ligand693-0
414,ERAFOS__ligand4620-0
415,ERAFOS__ligand15455-0
416,ERAFOS__ligand6067-0
417,ERAFOS__ligand1577-0
418,ERAFOS__ligand11177-0
419,ERAFOS__ligand2295-0
420,ERAFOS__ligand15168-0
421,ERAFOS__ligand4101-0
422,ERAFOS__ligand5595-0
423,ERAFOS__ligand23589-0
424,ERAFOS__ligand2221-0
425,ERAFOS__ligand353-0
426,ERAFOS__ligand3926-0
427,ERAFOS__ligand3120-0
428,ERAFOS__ligand24064-0
429,ERAFOS__ligand4358-0
430,ERAFOS__ligand393-0
431,ERAFOS__ligand8592-0
432,ERAFOS__ligand5099-0
433,ERAFOS__ligand1197-0
434,ERAFOS__ligand2259-0
435,ERAFOS__ligand1296-0
436,ERAFOS__ligand11432-0
437,ERAFOS__ligand31618-0
438,ERAFOS__ligand10432-0
439,ERAFOS__ligand22755-0
440,ERAFOS__ligand5510-0
441,ERAFOS__ligand1376-0
442,ERAFOS__ligand9773-0
443,ERAFOS__ligand29898-0
444,ERAFOS__ligand26277-0
445,ERAFOS__ligand2238-0
446,ERAFOS__ligand422-0
447,ERAFOS__ligand5304-0
448,ERAFOS__ligand9167-0
449,ERAFOS__ligand24750-0
450,ERAFOS__ligand31578-0
451,ERAFOS__ligand7293-0
452,ERAFOS__ligand2822-0
453,ERAFOS__ligand3867-0
454,ERAFOS__ligand17207-0
455,ERAFOS__ligand1317-0
456,ERAFOS__ligand18013-0
457,ERAFOS__ligand25224-0
458,ERAFOS__ligand686-0
459,ERAFOS__ligand17945-0
460,ERAFOS__ligand196-0
461,ERAFOS__ligand18703-0
462,ERAFOS__ligand6117-0
463,ERAFOS__ligand1407-0
464,ERAFOS__ligand29087-0
465,ERAFOS__ligand8002-0
466,ERAFOS__ligand5509-0
467,ERAFOS__ligand5080-0
468,ERAFOS__ligand7762-0
469,ERAFOS__ligand15438-0
470,ERAFOS__ligand28924-0
471,ERAFOS__ligand8000-0
472,ERAFOS__ligand3736-0
473,ERAFOS__ligand12336-0
474,ERAFOS__ligand314-1
475,ERAFOS__ligand9344-0
476,ERAFOS__ligand13072-0
477,ERAFOS__ligand2693-0
478,ERAFOS__ligand5383-0
479,ERAFOS__ligand3945-0
480,ERAFOS__ligand18699-0
481,ERAFOS__ligand12682-0
482,ERAFOS__ligand9299-0
483,ERAFOS__ligand465-0
484,ERAFOS__ligand2985-0
485,ERAFOS__ligand4007-0
486,ERAFOS__ligand17590-0
487,ERAFOS__ligand3677-1
488,ERAFOS__ligand9883-0
489,ERAFOS__ligand7291-0
490,ERAFOS__ligand17240-0
491,ERAFOS__ligand17710-0
492,ERAFOS__ligand20579-0
493,ERAFOS__ligand1294-0
494,ERAFOS__ligand1168-0
495,ERAFOS__ligand18-0
496,ERAFOS__ligand11568-0
497,ERAFOS__ligand3677-0
498,ERAFOS__ligand3632-0
499,ERAFOS__ligand391-0
500,ERAFOS__ligand14586-0
501,ERAFOS__ligand11774-0
502,ERAFOS__ligand618-0
503,ERAFOS__ligand6699-0
504,ERAFOS__ligand21421-0
505,ERAFOS__ligand2881-0
506,ERAFOS__ligand19725-0
507,ERAFOS__ligand1499-0
508,ERAFOS__ligand3712-0
509,ERAFOS__ligand1464-0
510,ERAFOS__ligand24613-0
511,ERAFOS__ligand813-0
512,ERAFOS__ligand1211-0
513,ERAFOS__ligand31483-0
514,ERAFOS__ligand780-0
515,ERAFOS__ligand314-0
516,ERAFOS__ligand10555-0
517,ERAFOS__ligand6892-0
518,ERAFOS__ligand18074-0
519,ERAFOS__ligand8-0
520,ERAFOS__ligand13869-0
521,ERAFOS__ligand8788-0
522,ERAFOS__ligand29863-0
523,ERAFOS__ligand1832-0
524,ERAFOS__ligand2043-0
525,ERAFOS__ligand11140-0
526,ERAFOS__ligand1228-0
527,ERAFOS__ligand9943-0
528,ERAFOS__ligand395-0
529,ERAFOS__ligand29610-0
530,ERAFOS__ligand368-0
531,ERAFOS__ligand1604-0
532,ERAFOS__ligand784-0
533,ERAFOS__ligand28668-0
534,ERAFOS__ligand1114-0
535,ERAFOS__ligand9284-0
536,ERAFOS__ligand6391-0
537,ERAFOS__ligand3126-0
538,ERAFOS__ligand16791-0
539,ERAFOS__ligand18799-0
540,ERAFOS__ligand18465-0
541,ERAFOS__ligand2417-0
542,ERAFOS__ligand20599-0
543,ERAFOS__ligand833-0
544,ERAFOS__ligand22981-0
545,ERAFOS__ligand25805-0
546,ERAFOS__ligand5387-0
547,ERAFOS__ligand2203-0
548,ERAFOS__ligand1289-0
549,ERAFOS__ligand27074-0
550,ERAFOS__ligand18391-0
551,ERAFOS__ligand27169-0
552,ERAFOS__ligand14523-0
553,ERAFOS__ligand12467-0
554,ERAFOS__ligand115-0
555,ERAFOS__ligand10084-0
556,ERAFOS__ligand25267-0
557,ERAFOS__ligand9450-0
558,ERAFOS__ligand1599-0
559,ERAFOS__ligand38-0
560,ERAFOS__ligand23904-0
561,ERAFOS__ligand21936-0
562,ERAFOS__ligand2612-0
563,ERAFOS__ligand13257-0
564,ERAFOS__ligand5159-0
565,ERAFOS__ligand7196-0
566,ERAFOS__ligand9753-0
567,ERAFOS__ligand152-0
568,ERAFOS__ligand5530-0
569,ERAFOS__ligand1787-0
570,ERAFOS__ligand1356-0
571,ERAFOS__ligand30539-0
572,ERAFOS__ligand11166-0
573,ERAFOS__ligand3178-0
574,ERAFOS__ligand21132-0
575,ERAFOS__ligand4807-0
576,ERAFOS__ligand23906-0
577,ERAFOS__ligand27835-0
578,ERAFOS__ligand3244-0
579,ERAFOS__ligand4711-0
580,ERAFOS__ligand12295-0
581,ERAFOS__ligand42-0
582,ERAFOS__ligand2906-0
583,ERAFOS__ligand25689-0
584,ERAFOS__ligand5649-0
585,ERAFOS__ligand506-0
586,ERAFOS__ligand2788-0
587,ERAFOS__ligand8793-0
588,ERAFOS__ligand21787-0
589,ERAFOS__ligand4649-0
590,ERAFOS__ligand25575-0
591,ERAFOS__ligand2124-0
592,ERAFOS__ligand487-0
593,ERAFOS__ligand19257-0
594,ERAFOS__ligand8612-0
595,ERAFOS__ligand13209-0
596,ERAFOS__ligand1116-0
597,ERAFOS__ligand1153-0
598,ERAFOS__ligand3225-0
599,ERAFOS__ligand12660-0
600,ERAFOS__ligand66-0
601,ERAFOS__ligand2260-0
602,ERAFOS__ligand7092-0
603,ERAFOS__ligand9323-0
604,ERAFOS__ligand7273-0
605,ERAFOS__ligand25650-0
606,ERAFOS__ligand7172-0
607,ERAFOS__ligand31248-0
608,ERAFOS__ligand5180-0
609,ERAFOS__ligand176-0
610,ERAFOS__ligand447-0
611,ERAFOS__ligand5708-0
612,ERAFOS__ligand23124-0
613,ERAFOS__ligand7316-0
614,ERAFOS__ligand11206-0
615,ERAFOS__ligand25735-0
616,ERAFOS__ligand12519-0
617,ERAFOS__ligand746-0
618,ERAFOS__ligand6017-0
619,ERAFOS__ligand1015-0
620,ERAFOS__ligand1050-0
621,ERAFOS__ligand16628-0
622,ERAFOS__ligand685-0
623,ERAFOS__ligand2027-0
624,ERAFOS__ligand12427-0
625,ERAFOS__ligand20740-0
626,ERAFOS__ligand28468-0
627,ERAFOS__ligand27460-0
628,ERAFOS__ligand421-0
629,ERAFOS__ligand78-0
630,ERAFOS__ligand12606-0
631,ERAFOS__ligand45-0
632,ERAFOS__ligand2692-0
633,ERAFOS__ligand1618-0
634,ERAFOS__ligand30333-0
635,ERAFOS__ligand294-0
636,ERAFOS__ligand26540-0
637,ERAFOS__ligand4262-0
638,ERAFOS__ligand12337-0
639,ERAFOS__ligand29410-0
640,ERAFOS__ligand30296-0
641,ERAFOS__ligand1028-0
642,ERAFOS__ligand17281-0
643,ERAFOS__ligand31783-0
644,ERAFOS__ligand9615-0
645,ERAFOS__ligand1154-0
646,ERAFOS__ligand24-0
647,ERAFOS__ligand4596-0
648,ERAFOS__ligand17631-0
649,ERAFOS__ligand13012-0
650,ERAFOS__ligand560-0
651,ERAFOS__ligand26665-0
652,ERAFOS__ligand1498-0
653,ERAFOS__ligand14603-0
654,ERAFOS__ligand14297-0
655,ERAFOS__ligand17258-0
656,ERAFOS__ligand134-0
657,ERAFOS__ligand30988-0
658,ERAFOS__ligand27175-0
659,ERAFOS__ligand18832-0
660,ERAFOS__ligand23713-0
661,ERAFOS__ligand235-0
662,ERAFOS__ligand8529-0
663,ERAFOS__ligand12934-0
664,ERAFOS__ligand20578-0
665,ERAFOS__ligand15422-0
666,ERAFOS__ligand1169-0
667,ERAFOS__ligand19641-0
668,ERAFOS__ligand19-0
669,ERAFOS__ligand14723-0
670,ERAFOS__ligand27893-0
671,ERAFOS__ligand7566-0
672,ERAFOS__ligand10476-0
673,ERAFOS__ligand13068-0
674,ERAFOS__ligand19830-0
675,ERAFOS__ligand2001-0
676,ERAFOS__ligand12401-0
677,ERAFOS__ligand15585-0
678,ERAFOS__ligand24145-0
679,ERAFOS__ligand9944-0
680,ERAFOS__ligand8593-0
681,ERAFOS__ligand868-0
682,ERAFOS__ligand12231-0
683,ERAFOS__ligand18292-0
684,ERAFOS__ligand12289-0
685,ERAFOS__ligand26702-0
686,ERAFOS__ligand13658-0
687,ERAFOS__ligand12130-0
688,ERAFOS__ligand17387-0
689,ERAFOS__ligand17805-0
690,ERAFOS__ligand1113-0
691,ERAFOS__ligand352-0
692,ERAFOS__ligand8553-0
693,ERAFOS__ligand783-0
694,ERAFOS__ligand17302-0
695,ERAFOS__ligand25178-0
696,ERAFOS__ligand5201-0
697,ERAFOS__ligand24185-0
698,ERAFOS__ligand23769-0
699,ERAFOS__ligand10958-0
700,ERAFOS__ligand5415-0
701,ERAFOS__ligand12641-0
702,ERAFOS__ligand3471-0
703,ERAFOS__ligand4161-0
704,ERAFOS__ligand4124-0
705,ERAFOS__ligand197-0
706,ERAFOS__ligand14108-0
707,ERAFOS__ligand13425-0
708,ERAFOS__ligand2823-0
709,ERAFOS__ligand29302-0
710,ERAFOS__ligand18814-0
711,ERAFOS__ligand19057-0
712,ERAFOS__ligand6995-0
713,ERAFOS__ligand28676-0
714,ERAFOS__ligand10262-0
715,ERAFOS__ligand3180-0
716,ERAFOS__ligand27763-0
717,ERAFOS__ligand2650-0
718,ERAFOS__ligand2281-0
719,ERAFOS__ligand4340-0
720,ERAFOS__ligand28884-0
721,ERAFOS__ligand6112-0
722,ERAFOS__ligand13331-0
723,ERAFOS__ligand8042-0
724,ERAFOS__ligand12030-0
725,ERAFOS__ligand1397-0
726,ERAFOS__ligand7213-0
727,ERAFOS__ligand14248-0
728,ERAFOS__ligand193-0
729,ERAFOS__ligand29879-0
730,ERAFOS__ligand1828-0
731,ERAFOS__ligand372-0
732,ERAFOS__ligand31832-0
733,ERAFOS__ligand4710-0
734,ERAFOS__ligand13294-0
735,ERAFOS__ligand43-0
736,ERAFOS__ligand5755-0
737,ERAFOS__ligand830-0
738,ERAFOS__ligand3144-0
739,ERAFOS__ligand5085-0
740,ERAFOS__ligand4795-0
741,ERAFOS__ligand3285-0
742,ERAFOS__ligand1908-0
743,ERAFOS__ligand25411-0
744,ERAFOS__ligand252-0
745,ERAFOS__ligand11456-0
746,ERAFOS__ligand5630-0
747,ERAFOS__ligand116-0
748,ERAFOS__ligand14174-0
749,ERAFOS__ligand1786-0
750,ERAFOS__ligand10712-0
751,ERAFOS__ligand20682-0
752,ERAFOS__ligand5515-0
753,ERAFOS__ligand6663-0
754,ERAFOS__ligand177-0
755,ERAFOS__ligand5280-0
756,ERAFOS__ligand13390-0
757,ERAFOS__ligand5614-0
758,ERAFOS__ligand1831-0
759,ERAFOS__ligand1849-0
760,ERAFOS__ligand909-0
761,ERAFOS__ligand1216-0
762,ERAFOS__ligand13208-0
763,ERAFOS__ligand1152-0
764,ERAFOS__ligand3261-0
765,ERAFOS__ligand67-0
766,ERAFOS__ligand26810-0
767,ERAFOS__ligand5019-0
768,ERAFOS__ligand27482-0
769,ERAFOS__ligand4207-0
770,ERAFOS__ligand370-1
771,ERAFOS__ligand620-0
772,ERAFOS__ligand28789-0
773,ERAFOS__ligand3453-0
774,ERAFOS__ligand20419-0
775,ERAFOS__ligand3416-0
776,ERAFOS__ligand21371-0
777,ERAFOS__ligand564-0
778,ERAFOS__ligand17118-0
779,ERAFOS__ligand311-0
780,ERAFOS__ligand14889-0
781,ERAFOS__ligand785-0
782,ERAFOS__ligand30851-0
783,ERAFOS__ligand1150-0
784,ERAFOS__ligand479-0
785,ERAFOS__ligand29568-0
786,ERAFOS__ligand1539-0
787,ERAFOS__ligand31097-0
788,ERAFOS__ligand21581-0
789,ERAFOS__ligand4063-0
790,ERAFOS__ligand20539-0
791,ERAFOS__ligand20214-0
792,ERAFOS__ligand30702-0
793,ERAFOS__ligand20251-0
794,ERAFOS__ligand7438-0
795,ERAFOS__ligand8200-0
796,ERAFOS__ligand188-0
797,ERAFOS__ligand14117-0
798,ERAFOS__ligand3042-0
799,ERAFOS__ligand17261-0
800,ERAFOS__ligand1149-0
801,ERAFOS__ligand3980-0
802,ERAFOS__ligand3557-0
803,ERAFOS__ligand7075-0
804,ERAFOS__ligand16475-0
805,ERAFOS__ligand14703-0
806,ERAFOS__ligand20251-1
807,ERAFOS__ligand9750-0
808,ERAFOS__ligand6993-0
809,ERAFOS__ligand1817-0
810,ERAFOS__ligand1779-0
811,ERAFOS__ligand250-0
812,ERAFOS__ligand4167-0
813,ERAFOS__ligand9491-0
814,ERAFOS__ligand17278-0
815,ERAFOS__ligand20011-0
816,ERAFOS__ligand1400-0
817,ERAFOS__ligand4266-0
818,ERAFOS__ligand17982-0
819,ERAFOS__ligand29414-0
820,ERAFOS__ligand20598-0
821,ERAFOS__ligand11675-0
822,ERAFOS__ligand24047-0
823,ERAFOS__ligand22557-0
824,ERAFOS__ligand10589-0
825,ERAFOS__ligand370-0
826,ERAFOS__ligand17398-0
827,ERAFOS__ligand1288-0
