,TMC
0,SOYZAH__ligand5334-0
1,SOYZAH__ligand236-0
2,SOYZAH__ligand2315-0
3,SOYZAH__ligand1898-0
4,SOYZAH__ligand3051-0
5,SOYZAH__ligand4504-0
6,SOYZAH__ligand2480-0
7,SOYZAH__ligand8032-0
8,SOYZAH__ligand1858-0
9,SOYZAH__ligand32-0
10,SOYZAH__ligand353-0
11,SOYZAH__ligand196-0
12,SOYZAH__ligand502-0
13,SOYZAH__ligand1712-0
14,SOYZAH__ligand2110-0
15,SOYZAH__ligand2916-0
16,SOYZAH__ligand3579-0
17,SOYZAH__ligand422-0
18,SOYZAH__ligand1919-0
19,SOYZAH__ligand2389-0
20,SOYZAH__ligand113-0
21,SOYZAH__ligand2929-0
22,SOYZAH__ligand210-0
23,SOYZAH__ligand29-0
24,SOYZAH__ligand2376-0
25,SOYZAH__ligand91-0
26,SOYZAH__ligand1379-0
27,SOYZAH__ligand51-0
28,SOYZAH__ligand1299-0
29,SOYZAH__ligand6430-0
30,SOYZAH__ligand1264-0
31,SOYZAH__ligand1221-0
32,SOYZAH__ligand1019-0
33,SOYZAH__ligand2442-0
34,SOYZAH__ligand481-0
35,SOYZAH__ligand7414-0
36,SOYZAH__ligand5762-0
37,SOYZAH__ligand1104-0
38,SOYZAH__ligand314-0
39,SOYZAH__ligand391-0
40,SOYZAH__ligand1325-0
41,SOYZAH__ligand2482-0
42,SOYZAH__ligand170-0
43,SOYZAH__ligand6571-0
44,SOYZAH__ligand48-0
45,SOYZAH__ligand355-0
46,SOYZAH__ligand784-0
47,SOYZAH__ligand485-0
48,SOYZAH__ligand1788-0
49,SOYZAH__ligand34-0
50,SOYZAH__ligand1321-0
51,SOYZAH__ligand10910-0
52,SOYZAH__ligand1178-0
53,SOYZAH__ligand3566-0
54,SOYZAH__ligand115-0
55,SOYZAH__ligand95-0
56,SOYZAH__ligand3337-0
57,SOYZAH__ligand7514-0
58,SOYZAH__ligand1449-1
59,SOYZAH__ligand4811-0
60,SOYZAH__ligand8-0
61,SOYZAH__ligand9620-0
62,SOYZAH__ligand4894-0
63,SOYZAH__ligand1260-0
64,SOYZAH__ligand14530-0
65,SOYZAH__ligand55-0
66,SOYZAH__ligand291-0
67,SOYZAH__ligand10479-0
68,SOYZAH__ligand57-0
69,SOYZAH__ligand682-0
70,SOYZAH__ligand1307-0
71,SOYZAH__ligand133-0
72,SOYZAH__ligand3853-0
73,SOYZAH__ligand10114-0
74,SOYZAH__ligand2853-0
75,SOYZAH__ligand447-0
76,SOYZAH__ligand5089-0
77,SOYZAH__ligand2599-0
78,SOYZAH__ligand487-0
79,SOYZAH__ligand1246-0
80,SOYZAH__ligand73-0
81,SOYZAH__ligand522-0
82,SOYZAH__ligand6166-0
83,SOYZAH__ligand666-0
84,SOYZAH__ligand331-0
85,SOYZAH__ligand2915-0
86,SOYZAH__ligand294-0
87,SOYZAH__ligand993-0
88,SOYZAH__ligand584-0
89,SOYZAH__ligand916-0
90,SOYZAH__ligand3196-0
91,SOYZAH__ligand4012-0
92,SOYZAH__ligand798-0
93,SOYZAH__ligand421-0
94,SOYZAH__ligand134-0
95,SOYZAH__ligand932-0
96,SOYZAH__ligand49-0
97,SOYZAH__ligand235-0
98,SOYZAH__ligand2526-0
99,SOYZAH__ligand390-0
100,SOYZAH__ligand1551-0
101,SOYZAH__ligand1690-0
102,SOYZAH__ligand525-0
103,SOYZAH__ligand560-0
104,SOYZAH__ligand2707-0
105,SOYZAH__ligand109-0
106,SOYZAH__ligand89-0
107,SOYZAH__ligand352-0
108,SOYZAH__ligand783-0
109,SOYZAH__ligand3618-0
110,SOYZAH__ligand2618-0
111,SOYZAH__ligand1436-0
112,SOYZAH__ligand136-0
113,SOYZAH__ligand4370-0
114,SOYZAH__ligand868-0
115,SOYZAH__ligand442-0
116,SOYZAH__ligand112-0
117,SOYZAH__ligand92-0
118,SOYZAH__ligand1918-0
119,SOYZAH__ligand2255-0
120,SOYZAH__ligand17-0
121,SOYZAH__ligand197-0
122,SOYZAH__ligand4175-0
123,SOYZAH__ligand296-0
124,SOYZAH__ligand9176-0
125,SOYZAH__ligand1493-0
126,SOYZAH__ligand252-0
127,SOYZAH__ligand3035-0
128,SOYZAH__ligand3070-0
129,SOYZAH__ligand955-0
130,SOYZAH__ligand2718-0
131,SOYZAH__ligand5235-0
132,SOYZAH__ligand6143-0
133,SOYZAH__ligand4619-0
134,SOYZAH__ligand193-0
135,SOYZAH__ligand3251-0
136,SOYZAH__ligand830-0
137,SOYZAH__ligand1818-0
138,SOYZAH__ligand909-0
139,SOYZAH__ligand851-0
140,SOYZAH__ligand7456-0
141,SOYZAH__ligand5758-0
142,SOYZAH__ligand177-0
143,SOYZAH__ligand934-0
144,SOYZAH__ligand3852-0
145,SOYZAH__ligand3478-0
146,SOYZAH__ligand1555-0
147,SOYZAH__ligand444-0
148,SOYZAH__ligand1285-0
149,SOYZAH__ligand369-0
150,SOYZAH__ligand188-0
151,SOYZAH__ligand7630-0
152,SOYZAH__ligand3890-0
153,SOYZAH__ligand1907-0
154,SOYZAH__ligand311-0
155,SOYZAH__ligand4423-0
156,SOYZAH__ligand1038-0
157,SOYZAH__ligand11-0
158,SOYZAH__ligand2762-0
159,SOYZAH__ligand5093-0
160,SOYZAH__ligand2954-0
161,SOYZAH__ligand15630-0
162,SOYZAH__ligand370-0
163,SOYZAH__ligand2253-0
164,SOYZAH__ligand10357-0
165,SOYZAH__ligand1160-0
166,SOYZAH__ligand460-0
167,SOYZAH__ligand250-0
168,SOYZAH__ligand7550-0
169,SOYZAH__ligand1114-0
170,SOYZAH__ligand1538-0
171,SOYZAH__ligand670-0
172,SOYZAH__ligand118-0
173,SOYZAH__ligand571-0
174,SOYZAH__ligand509-0
175,SOYZAH__ligand1228-0
176,SOYZAH__ligand9244-0
177,SOYZAH__ligand1479-0
178,SOYZAH__ligand669-0
179,SOYZAH__ligand358-0
180,SOYZAH__ligand1148-0
181,SOYZAH__ligand430-0
182,SOYZAH__ligand365-0
183,SOYZAH__ligand3246-0
184,SOYZAH__ligand278-0
185,SOYZAH__ligand3145-0
186,SOYZAH__ligand5548-0
187,SOYZAH__ligand7915-0
188,SOYZAH__ligand1747-0
189,SOYZAH__ligand6686-0
190,SOYZAH__ligand6502-0
191,SOYZAH__ligand2098-0
192,SOYZAH__ligand2863-0
193,SOYZAH__ligand3178-0
194,SOYZAH__ligand6332-0
195,SOYZAH__ligand162-0
196,SOYZAH__ligand3041-0
197,SOYZAH__ligand226-0
198,SOYZAH__ligand2634-0
199,SOYZAH__ligand1542-0
200,SOYZAH__ligand11730-0
201,SOYZAH__ligand383-0
202,SOYZAH__ligand67-0
203,SOYZAH__ligand2751-0
204,SOYZAH__ligand838-0
205,SOYZAH__ligand2259-0
206,SOYZAH__ligand2688-0
207,SOYZAH__ligand166-0
208,SOYZAH__ligand2768-0
209,SOYZAH__ligand1376-0
210,SOYZAH__ligand918-0
211,SOYZAH__ligand633-0
212,SOYZAH__ligand6277-0
213,SOYZAH__ligand532-0
214,SOYZAH__ligand1951-0
215,SOYZAH__ligand497-0
216,SOYZAH__ligand3-0
217,SOYZAH__ligand1687-0
218,SOYZAH__ligand553-0
219,SOYZAH__ligand1706-0
220,SOYZAH__ligand283-0
221,SOYZAH__ligand3734-0
222,SOYZAH__ligand2629-0
223,SOYZAH__ligand821-0
224,SOYZAH__ligand4381-0
225,SOYZAH__ligand326-0
226,SOYZAH__ligand436-0
227,SOYZAH__ligand142-0
228,SOYZAH__ligand206-0
229,SOYZAH__ligand5801-0
230,SOYZAH__ligand78-0
231,SOYZAH__ligand85-0
232,SOYZAH__ligand1438-0
233,SOYZAH__ligand140-0
234,SOYZAH__ligand105-0
235,SOYZAH__ligand3063-0
236,SOYZAH__ligand45-0
237,SOYZAH__ligand324-0
238,SOYZAH__ligand361-0
239,SOYZAH__ligand1171-0
240,SOYZAH__ligand409-0
241,SOYZAH__ligand575-0
242,SOYZAH__ligand1048-0
243,SOYZAH__ligand2087-0
244,SOYZAH__ligand3757-0
245,SOYZAH__ligand1685-0
246,SOYZAH__ligand1-0
247,SOYZAH__ligand1544-0
248,SOYZAH__ligand1459-0
249,SOYZAH__ligand927-0
250,SOYZAH__ligand199-0
251,SOYZAH__ligand8921-0
252,SOYZAH__ligand2285-0
253,SOYZAH__ligand1567-0
254,SOYZAH__ligand2510-0
255,SOYZAH__ligand2320-0
256,SOYZAH__ligand1056-0
257,SOYZAH__ligand2862-0
258,SOYZAH__ligand596-0
259,SOYZAH__ligand612-0
260,SOYZAH__ligand187-0
261,SOYZAH__ligand1703-0
262,SOYZAH__ligand2430-0
263,SOYZAH__ligand366-0
264,SOYZAH__ligand2907-0
265,SOYZAH__ligand861-0
266,SOYZAH__ligand1727-0
267,SOYZAH__ligand66-0
268,SOYZAH__ligand6-0
269,SOYZAH__ligand1152-0
270,SOYZAH__ligand1607-0
271,SOYZAH__ligand126-0
272,SOYZAH__ligand3637-0
273,SOYZAH__ligand124-0
274,SOYZAH__ligand8774-0
275,SOYZAH__ligand119-0
276,SOYZAH__ligand21-0
277,SOYZAH__ligand4-0
278,SOYZAH__ligand279-0
279,SOYZAH__ligand40-0
280,SOYZAH__ligand178-0
281,SOYZAH__ligand321-0
282,SOYZAH__ligand7464-0
283,SOYZAH__ligand1598-0
284,SOYZAH__ligand4303-0
285,SOYZAH__ligand1248-0
286,SOYZAH__ligand100-0
287,SOYZAH__ligand6294-0
288,SOYZAH__ligand201-0
289,SOYZAH__ligand244-0
290,SOYZAH__ligand1054-0
291,SOYZAH__ligand38-0
292,SOYZAH__ligand2142-0
293,SOYZAH__ligand6151-0
294,SOYZAH__ligand2772-0
295,SOYZAH__ligand9495-0
296,SOYZAH__ligand6538-0
297,SOYZAH__ligand240-0
298,SOYZAH__ligand141-0
299,SOYZAH__ligand2864-0
300,SOYZAH__ligand120-0
301,SOYZAH__ligand18-0
302,SOYZAH__ligand1169-0
303,SOYZAH__ligand5022-0
304,SOYZAH__ligand384-0
305,SOYZAH__ligand2880-0
306,SOYZAH__ligand5941-0
307,SOYZAH__ligand2838-0
308,SOYZAH__ligand3838-0
309,SOYZAH__ligand1799-0
310,SOYZAH__ligand797-0
311,SOYZAH__ligand1113-0
312,SOYZAH__ligand2265-0
313,SOYZAH__ligand6396-0
314,SOYZAH__ligand9027-0
315,SOYZAH__ligand62-0
316,SOYZAH__ligand2794-0
317,SOYZAH__ligand2345-0
318,SOYZAH__ligand1835-0
319,SOYZAH__ligand4983-0
320,SOYZAH__ligand1502-0
321,SOYZAH__ligand757-0
322,SOYZAH__ligand86-0
323,SOYZAH__ligand1052-0
324,SOYZAH__ligand1273-0
