,TMC
0,PIGWOT__ligand525-0
1,PIGWOT__ligand560-0
2,PIGWOT__ligand109-0
3,PIGWOT__ligand7550-0
4,PIGWOT__ligand2762-0
5,PIGWOT__ligand390-0
6,PIGWOT__ligand1038-0
7,PIGWOT__ligand2253-0
8,PIGWOT__ligand1160-0
9,PIGWOT__ligand134-0
10,PIGWOT__ligand932-0
11,PIGWOT__ligand2954-0
12,PIGWOT__ligand5093-0
13,PIGWOT__ligand235-0
14,PIGWOT__ligand3890-0
15,PIGWOT__ligand798-0
16,PIGWOT__ligand421-0
17,PIGWOT__ligand4423-0
18,PIGWOT__ligand916-0
19,PIGWOT__ligand584-0
20,PIGWOT__ligand1907-0
21,PIGWOT__ligand1285-0
22,PIGWOT__ligand294-0
23,PIGWOT__ligand1555-0
24,PIGWOT__ligand993-0
25,PIGWOT__ligand331-0
26,PIGWOT__ligand7630-0
27,PIGWOT__ligand197-0
28,PIGWOT__ligand5758-0
29,PIGWOT__ligand296-0
30,PIGWOT__ligand3478-0
31,PIGWOT__ligand3852-0
32,PIGWOT__ligand1818-0
33,PIGWOT__ligand7456-0
34,PIGWOT__ligand112-0
35,PIGWOT__ligand67-0
36,PIGWOT__ligand868-0
37,PIGWOT__ligand4619-0
38,PIGWOT__ligand5235-0
39,PIGWOT__ligand6143-0
40,PIGWOT__ligand442-0
41,PIGWOT__ligand136-0
42,PIGWOT__ligand3251-0
43,PIGWOT__ligand9176-0
44,PIGWOT__ligand2718-0
45,PIGWOT__ligand783-0
46,PIGWOT__ligand352-0
47,PIGWOT__ligand3070-0
48,PIGWOT__ligand3035-0
49,PIGWOT__ligand1493-0
50,PIGWOT__ligand177-0
51,PIGWOT__ligand934-0
52,PIGWOT__ligand2255-0
53,PIGWOT__ligand4175-0
54,PIGWOT__ligand851-0
55,PIGWOT__ligand909-0
56,PIGWOT__ligand1918-0
57,PIGWOT__ligand830-0
58,PIGWOT__ligand193-0
59,PIGWOT__ligand4370-0
60,PIGWOT__ligand3618-0
61,PIGWOT__ligand252-0
62,PIGWOT__ligand2618-0
63,PIGWOT__ligand955-0
64,PIGWOT__ligand1436-0
65,PIGWOT__ligand250-0
66,PIGWOT__ligand1690-0
67,PIGWOT__ligand2707-0
68,PIGWOT__ligand460-0
69,PIGWOT__ligand15630-0
70,PIGWOT__ligand370-0
71,PIGWOT__ligand10357-0
72,PIGWOT__ligand1551-0
73,PIGWOT__ligand2526-0
74,PIGWOT__ligand311-0
75,PIGWOT__ligand85-0
76,PIGWOT__ligand4012-0
77,PIGWOT__ligand3196-0
78,PIGWOT__ligand78-0
79,PIGWOT__ligand2915-0
80,PIGWOT__ligand188-0
81,PIGWOT__ligand45-0
82,PIGWOT__ligand444-0
83,PIGWOT__ligand369-0
84,PIGWOT__ligand113-0
85,PIGWOT__ligand1246-0
86,PIGWOT__ligand66-0
87,PIGWOT__ligand422-0
88,PIGWOT__ligand6166-0
89,PIGWOT__ligand3853-0
90,PIGWOT__ligand2853-0
91,PIGWOT__ligand5089-0
92,PIGWOT__ligand2599-0
93,PIGWOT__ligand196-0
94,PIGWOT__ligand502-0
95,PIGWOT__ligand353-0
96,PIGWOT__ligand1307-0
97,PIGWOT__ligand236-0
98,PIGWOT__ligand170-0
99,PIGWOT__ligand1260-0
100,PIGWOT__ligand40-0
101,PIGWOT__ligand4894-0
102,PIGWOT__ligand9620-0
103,PIGWOT__ligand391-0
104,PIGWOT__ligand3337-0
105,PIGWOT__ligand7514-0
106,PIGWOT__ligand481-0
107,PIGWOT__ligand314-0
108,PIGWOT__ligand38-0
109,PIGWOT__ligand4811-0
110,PIGWOT__ligand1449-1
111,PIGWOT__ligand1321-0
112,PIGWOT__ligand3566-0
113,PIGWOT__ligand1178-0
114,PIGWOT__ligand210-0
115,PIGWOT__ligand21-0
116,PIGWOT__ligand1788-0
117,PIGWOT__ligand18-0
118,PIGWOT__ligand291-0
119,PIGWOT__ligand6571-0
120,PIGWOT__ligand1325-0
121,PIGWOT__ligand2482-0
122,PIGWOT__ligand14530-0
123,PIGWOT__ligand2442-0
124,PIGWOT__ligand1019-0
125,PIGWOT__ligand115-0
126,PIGWOT__ligand7414-0
127,PIGWOT__ligand5762-0
128,PIGWOT__ligand1104-0
129,PIGWOT__ligand1379-0
130,PIGWOT__ligand1221-0
131,PIGWOT__ligand1264-0
132,PIGWOT__ligand6430-0
133,PIGWOT__ligand10910-0
134,PIGWOT__ligand1299-0
135,PIGWOT__ligand2929-0
136,PIGWOT__ligand784-0
137,PIGWOT__ligand355-0
138,PIGWOT__ligand2376-0
139,PIGWOT__ligand485-0
140,PIGWOT__ligand522-0
141,PIGWOT__ligand86-0
142,PIGWOT__ligand666-0
143,PIGWOT__ligand1919-0
144,PIGWOT__ligand487-0
145,PIGWOT__ligand2389-0
146,PIGWOT__ligand447-0
147,PIGWOT__ligand1712-0
148,PIGWOT__ligand3579-0
149,PIGWOT__ligand133-0
150,PIGWOT__ligand10114-0
151,PIGWOT__ligand2916-0
152,PIGWOT__ligand2110-0
153,PIGWOT__ligand1858-0
154,PIGWOT__ligand8032-0
155,PIGWOT__ligand62-0
156,PIGWOT__ligand682-0
157,PIGWOT__ligand8-0
158,PIGWOT__ligand5334-0
159,PIGWOT__ligand4504-0
160,PIGWOT__ligand3051-0
161,PIGWOT__ligand2480-0
162,PIGWOT__ligand1898-0
163,PIGWOT__ligand10479-0
164,PIGWOT__ligand2315-0
165,PIGWOT__ligand126-0
166,PIGWOT__ligand1273-0
167,PIGWOT__ligand4-0
168,PIGWOT__ligand1052-0
169,PIGWOT__ligand4983-0
170,PIGWOT__ligand366-0
171,PIGWOT__ligand2345-0
172,PIGWOT__ligand2794-0
173,PIGWOT__ligand1835-0
174,PIGWOT__ligand861-0
175,PIGWOT__ligand612-0
176,PIGWOT__ligand187-0
177,PIGWOT__ligand1502-0
178,PIGWOT__ligand6396-0
179,PIGWOT__ligand32-0
180,PIGWOT__ligand1113-0
181,PIGWOT__ligand2265-0
182,PIGWOT__ligand596-0
183,PIGWOT__ligand9027-0
184,PIGWOT__ligand100-0
185,PIGWOT__ligand201-0
186,PIGWOT__ligand244-0
187,PIGWOT__ligand2838-0
188,PIGWOT__ligand1799-0
189,PIGWOT__ligand3838-0
190,PIGWOT__ligand5941-0
191,PIGWOT__ligand2880-0
192,PIGWOT__ligand321-0
193,PIGWOT__ligand279-0
194,PIGWOT__ligand48-0
195,PIGWOT__ligand5022-0
196,PIGWOT__ligand178-0
197,PIGWOT__ligand1169-0
198,PIGWOT__ligand2864-0
199,PIGWOT__ligand91-0
200,PIGWOT__ligand119-0
201,PIGWOT__ligand29-0
202,PIGWOT__ligand51-0
203,PIGWOT__ligand6-0
204,PIGWOT__ligand2142-0
205,PIGWOT__ligand124-0
206,PIGWOT__ligand6538-0
207,PIGWOT__ligand9495-0
208,PIGWOT__ligand6151-0
209,PIGWOT__ligand2772-0
210,PIGWOT__ligand1248-0
211,PIGWOT__ligand4303-0
212,PIGWOT__ligand1598-0
213,PIGWOT__ligand95-0
214,PIGWOT__ligand1054-0
215,PIGWOT__ligand6294-0
216,PIGWOT__ligand384-0
217,PIGWOT__ligand7464-0
218,PIGWOT__ligand120-0
219,PIGWOT__ligand55-0
220,PIGWOT__ligand240-0
221,PIGWOT__ligand34-0
222,PIGWOT__ligand141-0
223,PIGWOT__ligand3637-0
224,PIGWOT__ligand8774-0
225,PIGWOT__ligand1607-0
226,PIGWOT__ligand1727-0
227,PIGWOT__ligand1152-0
228,PIGWOT__ligand73-0
229,PIGWOT__ligand1703-0
230,PIGWOT__ligand2430-0
231,PIGWOT__ligand757-0
232,PIGWOT__ligand57-0
233,PIGWOT__ligand2907-0
234,PIGWOT__ligand2510-0
235,PIGWOT__ligand2285-0
236,PIGWOT__ligand1567-0
237,PIGWOT__ligand8921-0
238,PIGWOT__ligand797-0
239,PIGWOT__ligand2862-0
240,PIGWOT__ligand2320-0
241,PIGWOT__ligand1056-0
242,PIGWOT__ligand1544-0
243,PIGWOT__ligand278-0
244,PIGWOT__ligand49-0
245,PIGWOT__ligand365-0
246,PIGWOT__ligand1459-0
247,PIGWOT__ligand358-0
248,PIGWOT__ligand3757-0
249,PIGWOT__ligand430-0
250,PIGWOT__ligand2087-0
251,PIGWOT__ligand1048-0
252,PIGWOT__ligand89-0
253,PIGWOT__ligand669-0
254,PIGWOT__ligand1685-0
255,PIGWOT__ligand509-0
256,PIGWOT__ligand1171-0
257,PIGWOT__ligand670-0
258,PIGWOT__ligand5801-0
259,PIGWOT__ligand118-0
260,PIGWOT__ligand571-0
261,PIGWOT__ligand3063-0
262,PIGWOT__ligand1438-0
263,PIGWOT__ligand92-0
264,PIGWOT__ligand3734-0
265,PIGWOT__ligand1706-0
266,PIGWOT__ligand11730-0
267,PIGWOT__ligand383-0
268,PIGWOT__ligand162-0
269,PIGWOT__ligand4381-0
270,PIGWOT__ligand2629-0
271,PIGWOT__ligand226-0
272,PIGWOT__ligand17-0
273,PIGWOT__ligand6277-0
274,PIGWOT__ligand1687-0
275,PIGWOT__ligand1951-0
276,PIGWOT__ligand2688-0
277,PIGWOT__ligand2259-0
278,PIGWOT__ligand1376-0
279,PIGWOT__ligand2768-0
280,PIGWOT__ligand142-0
281,PIGWOT__ligand206-0
282,PIGWOT__ligand436-0
283,PIGWOT__ligand2751-0
284,PIGWOT__ligand821-0
285,PIGWOT__ligand3041-0
286,PIGWOT__ligand326-0
287,PIGWOT__ligand553-0
288,PIGWOT__ligand2634-0
289,PIGWOT__ligand1542-0
290,PIGWOT__ligand283-0
291,PIGWOT__ligand2863-0
292,PIGWOT__ligand497-0
293,PIGWOT__ligand2098-0
294,PIGWOT__ligand6502-0
295,PIGWOT__ligand6332-0
296,PIGWOT__ligand918-0
297,PIGWOT__ligand633-0
298,PIGWOT__ligand3178-0
299,PIGWOT__ligand532-0
300,PIGWOT__ligand3145-0
301,PIGWOT__ligand1-0
302,PIGWOT__ligand166-0
303,PIGWOT__ligand6686-0
304,PIGWOT__ligand838-0
305,PIGWOT__ligand1747-0
306,PIGWOT__ligand7915-0
307,PIGWOT__ligand5548-0
308,PIGWOT__ligand3246-0
309,PIGWOT__ligand927-0
310,PIGWOT__ligand11-0
311,PIGWOT__ligand199-0
312,PIGWOT__ligand3-0
313,PIGWOT__ligand1479-0
314,PIGWOT__ligand575-0
315,PIGWOT__ligand1148-0
316,PIGWOT__ligand324-0
317,PIGWOT__ligand361-0
318,PIGWOT__ligand409-0
319,PIGWOT__ligand9244-0
320,PIGWOT__ligand1228-0
321,PIGWOT__ligand1538-0
322,PIGWOT__ligand140-0
323,PIGWOT__ligand105-0
324,PIGWOT__ligand1114-0
