,TMC
0,CIJBOM__ligand188-0
1,CIJBOM__ligand2482-0
2,CIJBOM__ligand1325-0
3,CIJBOM__ligand369-0
4,CIJBOM__ligand6571-0
5,CIJBOM__ligand444-0
6,CIJBOM__ligand311-0
7,CIJBOM__ligand2442-0
8,CIJBOM__ligand1019-0
9,CIJBOM__ligand32-0
10,CIJBOM__ligand1104-0
11,CIJBOM__ligand7414-0
12,CIJBOM__ligand5762-0
13,CIJBOM__ligand1379-0
14,CIJBOM__ligand370-0
15,CIJBOM__ligand6430-0
16,CIJBOM__ligand1299-0
17,CIJBOM__ligand1264-0
18,CIJBOM__ligand1221-0
19,CIJBOM__ligand2929-0
20,CIJBOM__ligand250-0
21,CIJBOM__ligand2376-0
22,CIJBOM__ligand460-0
23,CIJBOM__ligand252-0
24,CIJBOM__ligand1919-0
25,CIJBOM__ligand955-0
26,CIJBOM__ligand29-0
27,CIJBOM__ligand2389-0
28,CIJBOM__ligand91-0
29,CIJBOM__ligand1712-0
30,CIJBOM__ligand51-0
31,CIJBOM__ligand830-0
32,CIJBOM__ligand2110-0
33,CIJBOM__ligand2916-0
34,CIJBOM__ligand3579-0
35,CIJBOM__ligand193-0
36,CIJBOM__ligand8032-0
37,CIJBOM__ligand851-0
38,CIJBOM__ligand1858-0
39,CIJBOM__ligand909-0
40,CIJBOM__ligand5334-0
41,CIJBOM__ligand177-0
42,CIJBOM__ligand934-0
43,CIJBOM__ligand2315-0
44,CIJBOM__ligand2480-0
45,CIJBOM__ligand3051-0
46,CIJBOM__ligand4504-0
47,CIJBOM__ligand48-0
48,CIJBOM__ligand1898-0
49,CIJBOM__ligand1246-0
50,CIJBOM__ligand10910-0
51,CIJBOM__ligand783-0
52,CIJBOM__ligand352-0
53,CIJBOM__ligand6166-0
54,CIJBOM__ligand34-0
55,CIJBOM__ligand2853-0
56,CIJBOM__ligand3853-0
57,CIJBOM__ligand868-0
58,CIJBOM__ligand442-0
59,CIJBOM__ligand5089-0
60,CIJBOM__ligand2599-0
61,CIJBOM__ligand136-0
62,CIJBOM__ligand14530-0
63,CIJBOM__ligand95-0
64,CIJBOM__ligand1307-0
65,CIJBOM__ligand112-0
66,CIJBOM__ligand197-0
67,CIJBOM__ligand296-0
68,CIJBOM__ligand55-0
69,CIJBOM__ligand1260-0
70,CIJBOM__ligand4894-0
71,CIJBOM__ligand294-0
72,CIJBOM__ligand9620-0
73,CIJBOM__ligand993-0
74,CIJBOM__ligand331-0
75,CIJBOM__ligand57-0
76,CIJBOM__ligand7514-0
77,CIJBOM__ligand10479-0
78,CIJBOM__ligand421-0
79,CIJBOM__ligand3337-0
80,CIJBOM__ligand798-0
81,CIJBOM__ligand1449-1
82,CIJBOM__ligand4811-0
83,CIJBOM__ligand916-0
84,CIJBOM__ligand584-0
85,CIJBOM__ligand1321-0
86,CIJBOM__ligand390-0
87,CIJBOM__ligand932-0
88,CIJBOM__ligand134-0
89,CIJBOM__ligand3566-0
90,CIJBOM__ligand235-0
91,CIJBOM__ligand1178-0
92,CIJBOM__ligand560-0
93,CIJBOM__ligand525-0
94,CIJBOM__ligand10114-0
95,CIJBOM__ligand109-0
96,CIJBOM__ligand73-0
97,CIJBOM__ligand1788-0
98,CIJBOM__ligand2255-0
99,CIJBOM__ligand4175-0
100,CIJBOM__ligand682-0
101,CIJBOM__ligand1918-0
102,CIJBOM__ligand447-0
103,CIJBOM__ligand49-0
104,CIJBOM__ligand4370-0
105,CIJBOM__ligand133-0
106,CIJBOM__ligand522-0
107,CIJBOM__ligand666-0
108,CIJBOM__ligand2618-0
109,CIJBOM__ligand3618-0
110,CIJBOM__ligand487-0
111,CIJBOM__ligand1436-0
112,CIJBOM__ligand89-0
113,CIJBOM__ligand1690-0
114,CIJBOM__ligand784-0
115,CIJBOM__ligand355-0
116,CIJBOM__ligand485-0
117,CIJBOM__ligand2707-0
118,CIJBOM__ligand2526-0
119,CIJBOM__ligand1551-0
120,CIJBOM__ligand92-0
121,CIJBOM__ligand115-0
122,CIJBOM__ligand3196-0
123,CIJBOM__ligand4012-0
124,CIJBOM__ligand291-0
125,CIJBOM__ligand2915-0
126,CIJBOM__ligand17-0
127,CIJBOM__ligand210-0
128,CIJBOM__ligand7550-0
129,CIJBOM__ligand1038-0
130,CIJBOM__ligand2762-0
131,CIJBOM__ligand5093-0
132,CIJBOM__ligand2954-0
133,CIJBOM__ligand1160-0
134,CIJBOM__ligand2253-0
135,CIJBOM__ligand481-0
136,CIJBOM__ligand3890-0
137,CIJBOM__ligand314-0
138,CIJBOM__ligand1907-0
139,CIJBOM__ligand4423-0
140,CIJBOM__ligand1555-0
141,CIJBOM__ligand170-0
142,CIJBOM__ligand1285-0
143,CIJBOM__ligand7630-0
144,CIJBOM__ligand391-0
145,CIJBOM__ligand5758-0
146,CIJBOM__ligand236-0
147,CIJBOM__ligand8-0
148,CIJBOM__ligand3852-0
149,CIJBOM__ligand3478-0
150,CIJBOM__ligand1818-0
151,CIJBOM__ligand353-0
152,CIJBOM__ligand7456-0
153,CIJBOM__ligand6143-0
154,CIJBOM__ligand11-0
155,CIJBOM__ligand5235-0
156,CIJBOM__ligand4619-0
157,CIJBOM__ligand3251-0
158,CIJBOM__ligand502-0
159,CIJBOM__ligand196-0
160,CIJBOM__ligand113-0
161,CIJBOM__ligand9176-0
162,CIJBOM__ligand10357-0
163,CIJBOM__ligand1493-0
164,CIJBOM__ligand422-0
165,CIJBOM__ligand15630-0
166,CIJBOM__ligand2718-0
167,CIJBOM__ligand3035-0
168,CIJBOM__ligand3070-0
169,CIJBOM__ligand797-0
170,CIJBOM__ligand2751-0
171,CIJBOM__ligand3041-0
172,CIJBOM__ligand757-0
173,CIJBOM__ligand1542-0
174,CIJBOM__ligand2634-0
175,CIJBOM__ligand2098-0
176,CIJBOM__ligand6502-0
177,CIJBOM__ligand2863-0
178,CIJBOM__ligand3178-0
179,CIJBOM__ligand6332-0
180,CIJBOM__ligand4-0
181,CIJBOM__ligand3145-0
182,CIJBOM__ligand7915-0
183,CIJBOM__ligand5548-0
184,CIJBOM__ligand6686-0
185,CIJBOM__ligand1747-0
186,CIJBOM__ligand6-0
187,CIJBOM__ligand3246-0
188,CIJBOM__ligand1479-0
189,CIJBOM__ligand1148-0
190,CIJBOM__ligand240-0
191,CIJBOM__ligand141-0
192,CIJBOM__ligand384-0
193,CIJBOM__ligand120-0
194,CIJBOM__ligand1228-0
195,CIJBOM__ligand9244-0
196,CIJBOM__ligand1114-0
197,CIJBOM__ligand1538-0
198,CIJBOM__ligand67-0
199,CIJBOM__ligand11730-0
200,CIJBOM__ligand1544-0
201,CIJBOM__ligand124-0
202,CIJBOM__ligand1459-0
203,CIJBOM__ligand2087-0
204,CIJBOM__ligand1048-0
205,CIJBOM__ligand3757-0
206,CIJBOM__ligand119-0
207,CIJBOM__ligand1685-0
208,CIJBOM__ligand321-0
209,CIJBOM__ligand1171-0
210,CIJBOM__ligand279-0
211,CIJBOM__ligand178-0
212,CIJBOM__ligand100-0
213,CIJBOM__ligand244-0
214,CIJBOM__ligand201-0
215,CIJBOM__ligand5801-0
216,CIJBOM__ligand3063-0
217,CIJBOM__ligand1438-0
218,CIJBOM__ligand596-0
219,CIJBOM__ligand78-0
220,CIJBOM__ligand85-0
221,CIJBOM__ligand1706-0
222,CIJBOM__ligand366-0
223,CIJBOM__ligand861-0
224,CIJBOM__ligand45-0
225,CIJBOM__ligand3734-0
226,CIJBOM__ligand2629-0
227,CIJBOM__ligand612-0
228,CIJBOM__ligand187-0
229,CIJBOM__ligand4381-0
230,CIJBOM__ligand6277-0
231,CIJBOM__ligand1951-0
232,CIJBOM__ligand1687-0
233,CIJBOM__ligand126-0
234,CIJBOM__ligand2688-0
235,CIJBOM__ligand2259-0
236,CIJBOM__ligand1376-0
237,CIJBOM__ligand2768-0
238,CIJBOM__ligand1598-0
239,CIJBOM__ligand1248-0
240,CIJBOM__ligand105-0
241,CIJBOM__ligand4303-0
242,CIJBOM__ligand140-0
243,CIJBOM__ligand6294-0
244,CIJBOM__ligand1054-0
245,CIJBOM__ligand409-0
246,CIJBOM__ligand361-0
247,CIJBOM__ligand324-0
248,CIJBOM__ligand7464-0
249,CIJBOM__ligand66-0
250,CIJBOM__ligand575-0
251,CIJBOM__ligand927-0
252,CIJBOM__ligand3637-0
253,CIJBOM__ligand199-0
254,CIJBOM__ligand8774-0
255,CIJBOM__ligand1607-0
256,CIJBOM__ligand166-0
257,CIJBOM__ligand838-0
258,CIJBOM__ligand1727-0
259,CIJBOM__ligand21-0
260,CIJBOM__ligand497-0
261,CIJBOM__ligand633-0
262,CIJBOM__ligand918-0
263,CIJBOM__ligand532-0
264,CIJBOM__ligand1152-0
265,CIJBOM__ligand821-0
266,CIJBOM__ligand40-0
267,CIJBOM__ligand2430-0
268,CIJBOM__ligand1703-0
269,CIJBOM__ligand326-0
270,CIJBOM__ligand553-0
271,CIJBOM__ligand2907-0
272,CIJBOM__ligand283-0
273,CIJBOM__ligand1567-0
274,CIJBOM__ligand142-0
275,CIJBOM__ligand2285-0
276,CIJBOM__ligand8921-0
277,CIJBOM__ligand206-0
278,CIJBOM__ligand2510-0
279,CIJBOM__ligand1056-0
280,CIJBOM__ligand436-0
281,CIJBOM__ligand2320-0
282,CIJBOM__ligand38-0
283,CIJBOM__ligand2862-0
284,CIJBOM__ligand1-0
285,CIJBOM__ligand1273-0
286,CIJBOM__ligand1052-0
287,CIJBOM__ligand1835-0
288,CIJBOM__ligand2345-0
289,CIJBOM__ligand2794-0
290,CIJBOM__ligand383-0
291,CIJBOM__ligand4983-0
292,CIJBOM__ligand18-0
293,CIJBOM__ligand1502-0
294,CIJBOM__ligand162-0
295,CIJBOM__ligand226-0
296,CIJBOM__ligand2265-0
297,CIJBOM__ligand1113-0
298,CIJBOM__ligand6396-0
299,CIJBOM__ligand9027-0
300,CIJBOM__ligand118-0
301,CIJBOM__ligand670-0
302,CIJBOM__ligand571-0
303,CIJBOM__ligand5941-0
304,CIJBOM__ligand2880-0
305,CIJBOM__ligand62-0
306,CIJBOM__ligand3838-0
307,CIJBOM__ligand1799-0
308,CIJBOM__ligand2838-0
309,CIJBOM__ligand5022-0
310,CIJBOM__ligand1169-0
311,CIJBOM__ligand509-0
312,CIJBOM__ligand430-0
313,CIJBOM__ligand86-0
314,CIJBOM__ligand358-0
315,CIJBOM__ligand2864-0
316,CIJBOM__ligand669-0
317,CIJBOM__ligand278-0
318,CIJBOM__ligand2142-0
319,CIJBOM__ligand3-0
320,CIJBOM__ligand9495-0
321,CIJBOM__ligand2772-0
322,CIJBOM__ligand6151-0
323,CIJBOM__ligand6538-0
324,CIJBOM__ligand365-0
