,TMC
0,VOLYIG__ligand2001-0
1,VOLYIG__ligand395-0
2,VOLYIG__ligand368-0
3,VOLYIG__ligand20682-0
4,VOLYIG__ligand7566-0
5,VOLYIG__ligand13390-0
6,VOLYIG__ligand9944-0
7,VOLYIG__ligand8593-0
8,VOLYIG__ligand8553-0
9,VOLYIG__ligand1113-0
10,VOLYIG__ligand784-0
11,VOLYIG__ligand27482-0
12,VOLYIG__ligand26810-0
13,VOLYIG__ligand5201-0
14,VOLYIG__ligand13208-0
15,VOLYIG__ligand12030-0
16,VOLYIG__ligand14248-0
17,VOLYIG__ligand29879-0
18,VOLYIG__ligand13331-0
19,VOLYIG__ligand28884-0
20,VOLYIG__ligand5415-0
21,VOLYIG__ligand833-0
22,VOLYIG__ligand31832-0
23,VOLYIG__ligand13294-0
24,VOLYIG__ligand4124-0
25,VOLYIG__ligand4161-0
26,VOLYIG__ligand3471-0
27,VOLYIG__ligand6995-0
28,VOLYIG__ligand25411-0
29,VOLYIG__ligand2823-0
30,VOLYIG__ligand2281-0
31,VOLYIG__ligand2650-0
32,VOLYIG__ligand10712-0
33,VOLYIG__ligand115-0
34,VOLYIG__ligand4340-0
35,VOLYIG__ligand14174-0
36,VOLYIG__ligand3180-0
37,VOLYIG__ligand11456-0
38,VOLYIG__ligand2027-0
39,VOLYIG__ligand14703-0
40,VOLYIG__ligand16475-0
41,VOLYIG__ligand1050-0
42,VOLYIG__ligand1015-0
43,VOLYIG__ligand152-0
44,VOLYIG__ligand20251-1
45,VOLYIG__ligand20011-0
46,VOLYIG__ligand17278-0
47,VOLYIG__ligand29414-0
48,VOLYIG__ligand17982-0
49,VOLYIG__ligand1618-0
50,VOLYIG__ligand2692-0
51,VOLYIG__ligand506-0
52,VOLYIG__ligand17398-0
53,VOLYIG__ligand1028-0
54,VOLYIG__ligand11675-0
55,VOLYIG__ligand4262-0
56,VOLYIG__ligand20598-0
57,VOLYIG__ligand22557-0
58,VOLYIG__ligand10589-0
59,VOLYIG__ligand24047-0
60,VOLYIG__ligand1154-0
61,VOLYIG__ligand20419-0
62,VOLYIG__ligand17118-0
63,VOLYIG__ligand21371-0
64,VOLYIG__ligand28789-0
65,VOLYIG__ligand9615-0
66,VOLYIG__ligand11-0
67,VOLYIG__ligand29568-0
68,VOLYIG__ligand487-0
69,VOLYIG__ligand30851-0
70,VOLYIG__ligand14889-0
71,VOLYIG__ligand1498-0
72,VOLYIG__ligand4596-0
73,VOLYIG__ligand20539-0
74,VOLYIG__ligand447-0
75,VOLYIG__ligand30702-0
76,VOLYIG__ligand20214-0
77,VOLYIG__ligand20251-0
78,VOLYIG__ligand746-0
79,VOLYIG__ligand69-0
80,VOLYIG__ligand21581-0
81,VOLYIG__ligand31097-0
82,VOLYIG__ligand176-0
83,VOLYIG__ligand17261-0
84,VOLYIG__ligand14117-0
85,VOLYIG__ligand1169-0
86,VOLYIG__ligand8529-0
87,VOLYIG__ligand3416-0
88,VOLYIG__ligand3453-0
89,VOLYIG__ligand353-0
90,VOLYIG__ligand31783-0
91,VOLYIG__ligand4207-0
92,VOLYIG__ligand14603-0
93,VOLYIG__ligand14297-0
94,VOLYIG__ligand17258-0
95,VOLYIG__ligand1539-0
96,VOLYIG__ligand13012-0
97,VOLYIG__ligand1150-0
98,VOLYIG__ligand17631-0
99,VOLYIG__ligand26665-0
100,VOLYIG__ligand23713-0
101,VOLYIG__ligand27175-0
102,VOLYIG__ligand8200-0
103,VOLYIG__ligand18832-0
104,VOLYIG__ligand7438-0
105,VOLYIG__ligand4063-0
106,VOLYIG__ligand30988-0
107,VOLYIG__ligand393-0
108,VOLYIG__ligand14723-0
109,VOLYIG__ligand3042-0
110,VOLYIG__ligand27893-0
111,VOLYIG__ligand20578-0
112,VOLYIG__ligand12934-0
113,VOLYIG__ligand15422-0
114,VOLYIG__ligand19641-0
115,VOLYIG__ligand12427-0
116,VOLYIG__ligand7075-0
117,VOLYIG__ligand20740-0
118,VOLYIG__ligand28468-0
119,VOLYIG__ligand686-0
120,VOLYIG__ligand3557-0
121,VOLYIG__ligand3980-0
122,VOLYIG__ligand16628-0
123,VOLYIG__ligand1149-0
124,VOLYIG__ligand1779-0
125,VOLYIG__ligand422-0
126,VOLYIG__ligand1817-0
127,VOLYIG__ligand6993-0
128,VOLYIG__ligand9750-0
129,VOLYIG__ligand27460-0
130,VOLYIG__ligand49-0
131,VOLYIG__ligand4266-0
132,VOLYIG__ligand1400-0
133,VOLYIG__ligand30333-0
134,VOLYIG__ligand9491-0
135,VOLYIG__ligand89-0
136,VOLYIG__ligand4167-0
137,VOLYIG__ligand12606-0
138,VOLYIG__ligand30296-0
139,VOLYIG__ligand1288-0
140,VOLYIG__ligand17281-0
141,VOLYIG__ligand196-0
142,VOLYIG__ligand26540-0
143,VOLYIG__ligand29410-0
144,VOLYIG__ligand12337-0
145,VOLYIG__ligand1828-0
146,VOLYIG__ligand1397-0
147,VOLYIG__ligand12641-0
148,VOLYIG__ligand7213-0
149,VOLYIG__ligand10958-0
150,VOLYIG__ligand8042-0
151,VOLYIG__ligand6112-0
152,VOLYIG__ligand3144-0
153,VOLYIG__ligand5085-0
154,VOLYIG__ligand314-1
155,VOLYIG__ligand14108-0
156,VOLYIG__ligand4710-0
157,VOLYIG__ligand5755-0
158,VOLYIG__ligand1908-0
159,VOLYIG__ligand19057-0
160,VOLYIG__ligand18814-0
161,VOLYIG__ligand13425-0
162,VOLYIG__ligand29302-0
163,VOLYIG__ligand3285-0
164,VOLYIG__ligand4795-0
165,VOLYIG__ligand1786-0
166,VOLYIG__ligand5630-0
167,VOLYIG__ligand28676-0
168,VOLYIG__ligand465-0
169,VOLYIG__ligand10262-0
170,VOLYIG__ligand27763-0
171,VOLYIG__ligand12401-0
172,VOLYIG__ligand15585-0
173,VOLYIG__ligand24145-0
174,VOLYIG__ligand618-0
175,VOLYIG__ligand10476-0
176,VOLYIG__ligand13068-0
177,VOLYIG__ligand19830-0
178,VOLYIG__ligand26702-0
179,VOLYIG__ligand13658-0
180,VOLYIG__ligand18292-0
181,VOLYIG__ligand12289-0
182,VOLYIG__ligand5614-0
183,VOLYIG__ligand12130-0
184,VOLYIG__ligand5280-0
185,VOLYIG__ligand17387-0
186,VOLYIG__ligand1831-0
187,VOLYIG__ligand5515-0
188,VOLYIG__ligand391-0
189,VOLYIG__ligand12231-0
190,VOLYIG__ligand6663-0
191,VOLYIG__ligand17302-0
192,VOLYIG__ligand813-0
193,VOLYIG__ligand17-0
194,VOLYIG__ligand314-0
195,VOLYIG__ligand17805-0
196,VOLYIG__ligand780-0
197,VOLYIG__ligand1849-0
198,VOLYIG__ligand5019-0
199,VOLYIG__ligand24185-0
200,VOLYIG__ligand23769-0
201,VOLYIG__ligand3261-0
202,VOLYIG__ligand1152-0
203,VOLYIG__ligand1216-0
204,VOLYIG__ligand25178-0
205,VOLYIG__ligand372-0
206,VOLYIG__ligand27074-0
207,VOLYIG__ligand9344-0
208,VOLYIG__ligand3736-0
209,VOLYIG__ligand830-0
210,VOLYIG__ligand20599-0
211,VOLYIG__ligand22981-0
212,VOLYIG__ligand25805-0
213,VOLYIG__ligand8000-0
214,VOLYIG__ligand34-0
215,VOLYIG__ligand3945-0
216,VOLYIG__ligand18391-0
217,VOLYIG__ligand14523-0
218,VOLYIG__ligand27169-0
219,VOLYIG__ligand193-0
220,VOLYIG__ligand5383-0
221,VOLYIG__ligand2693-0
222,VOLYIG__ligand2985-0
223,VOLYIG__ligand252-0
224,VOLYIG__ligand10084-0
225,VOLYIG__ligand4007-0
226,VOLYIG__ligand25267-0
227,VOLYIG__ligand12467-0
228,VOLYIG__ligand116-0
229,VOLYIG__ligand9299-0
230,VOLYIG__ligand21936-0
231,VOLYIG__ligand7291-0
232,VOLYIG__ligand13257-0
233,VOLYIG__ligand23904-0
234,VOLYIG__ligand9883-0
235,VOLYIG__ligand3677-1
236,VOLYIG__ligand177-0
237,VOLYIG__ligand3632-0
238,VOLYIG__ligand3677-0
239,VOLYIG__ligand13869-0
240,VOLYIG__ligand1168-0
241,VOLYIG__ligand18074-0
242,VOLYIG__ligand1294-0
243,VOLYIG__ligand29863-0
244,VOLYIG__ligand29610-0
245,VOLYIG__ligand6699-0
246,VOLYIG__ligand11140-0
247,VOLYIG__ligand68-0
248,VOLYIG__ligand55-0
249,VOLYIG__ligand16791-0
250,VOLYIG__ligand1464-0
251,VOLYIG__ligand3712-0
252,VOLYIG__ligand28668-0
253,VOLYIG__ligand1499-0
254,VOLYIG__ligand2881-0
255,VOLYIG__ligand6892-0
256,VOLYIG__ligand1211-0
257,VOLYIG__ligand18799-0
258,VOLYIG__ligand909-0
259,VOLYIG__ligand18465-0
260,VOLYIG__ligand4101-0
261,VOLYIG__ligand5595-0
262,VOLYIG__ligand785-0
263,VOLYIG__ligand12660-0
264,VOLYIG__ligand311-0
265,VOLYIG__ligand479-0
266,VOLYIG__ligand57-0
267,VOLYIG__ligand19257-0
268,VOLYIG__ligand13209-0
269,VOLYIG__ligand25650-0
270,VOLYIG__ligand370-1
271,VOLYIG__ligand4358-0
272,VOLYIG__ligand3120-0
273,VOLYIG__ligand31248-0
274,VOLYIG__ligand3926-0
275,VOLYIG__ligand620-0
276,VOLYIG__ligand2221-0
277,VOLYIG__ligand564-0
278,VOLYIG__ligand1296-0
279,VOLYIG__ligand188-0
280,VOLYIG__ligand2259-0
281,VOLYIG__ligand1197-0
282,VOLYIG__ligand5099-0
283,VOLYIG__ligand8592-0
284,VOLYIG__ligand9773-0
285,VOLYIG__ligand25735-0
286,VOLYIG__ligand12519-0
287,VOLYIG__ligand5510-0
288,VOLYIG__ligand1376-0
289,VOLYIG__ligand23124-0
290,VOLYIG__ligand11206-0
291,VOLYIG__ligand9167-0
292,VOLYIG__ligand5304-0
293,VOLYIG__ligand30539-0
294,VOLYIG__ligand2238-0
295,VOLYIG__ligand250-0
296,VOLYIG__ligand23906-0
297,VOLYIG__ligand2822-0
298,VOLYIG__ligand7293-0
299,VOLYIG__ligand1317-0
300,VOLYIG__ligand11166-0
301,VOLYIG__ligand3867-0
302,VOLYIG__ligand21132-0
303,VOLYIG__ligand5509-0
304,VOLYIG__ligand8002-0
305,VOLYIG__ligand1407-0
306,VOLYIG__ligand6117-0
307,VOLYIG__ligand27835-0
308,VOLYIG__ligand370-0
309,VOLYIG__ligand12295-0
310,VOLYIG__ligand25689-0
311,VOLYIG__ligand25575-0
312,VOLYIG__ligand21787-0
313,VOLYIG__ligand8-0
314,VOLYIG__ligand7762-0
315,VOLYIG__ligand5080-0
316,VOLYIG__ligand5530-0
317,VOLYIG__ligand1356-0
318,VOLYIG__ligand1787-0
319,VOLYIG__ligand9753-0
320,VOLYIG__ligand24750-0
321,VOLYIG__ligand421-0
322,VOLYIG__ligand7196-0
323,VOLYIG__ligand5159-0
324,VOLYIG__ligand18013-0
325,VOLYIG__ligand25224-0
326,VOLYIG__ligand17945-0
327,VOLYIG__ligand685-0
328,VOLYIG__ligand4807-0
329,VOLYIG__ligand3178-0
330,VOLYIG__ligand17207-0
331,VOLYIG__ligand31578-0
332,VOLYIG__ligand29087-0
333,VOLYIG__ligand294-0
334,VOLYIG__ligand2906-0
335,VOLYIG__ligand4711-0
336,VOLYIG__ligand3244-0
337,VOLYIG__ligand18703-0
338,VOLYIG__ligand8793-0
339,VOLYIG__ligand2788-0
340,VOLYIG__ligand5649-0
341,VOLYIG__ligand15438-0
342,VOLYIG__ligand4649-0
343,VOLYIG__ligand28924-0
344,VOLYIG__ligand32-0
345,VOLYIG__ligand3225-0
346,VOLYIG__ligand1153-0
347,VOLYIG__ligand1116-0
348,VOLYIG__ligand7092-0
349,VOLYIG__ligand2260-0
350,VOLYIG__ligand560-0
351,VOLYIG__ligand8612-0
352,VOLYIG__ligand15168-0
353,VOLYIG__ligand2124-0
354,VOLYIG__ligand7172-0
355,VOLYIG__ligand16-0
356,VOLYIG__ligand24064-0
357,VOLYIG__ligand23589-0
358,VOLYIG__ligand7273-0
359,VOLYIG__ligand9323-0
360,VOLYIG__ligand5180-0
361,VOLYIG__ligand134-0
362,VOLYIG__ligand6017-0
363,VOLYIG__ligand29898-0
364,VOLYIG__ligand26277-0
365,VOLYIG__ligand235-0
366,VOLYIG__ligand10432-0
367,VOLYIG__ligand7316-0
368,VOLYIG__ligand11432-0
369,VOLYIG__ligand31618-0
370,VOLYIG__ligand22755-0
371,VOLYIG__ligand5708-0
372,VOLYIG__ligand2043-0
373,VOLYIG__ligand868-0
374,VOLYIG__ligand8788-0
375,VOLYIG__ligand20579-0
376,VOLYIG__ligand17710-0
377,VOLYIG__ligand1832-0
378,VOLYIG__ligand91-0
379,VOLYIG__ligand11568-0
380,VOLYIG__ligand21421-0
381,VOLYIG__ligand1604-0
382,VOLYIG__ligand9943-0
383,VOLYIG__ligand1228-0
384,VOLYIG__ligand14586-0
385,VOLYIG__ligand11774-0
386,VOLYIG__ligand3126-0
387,VOLYIG__ligand6391-0
388,VOLYIG__ligand9284-0
389,VOLYIG__ligand24613-0
390,VOLYIG__ligand1114-0
391,VOLYIG__ligand19725-0
392,VOLYIG__ligand31483-0
393,VOLYIG__ligand10555-0
394,VOLYIG__ligand352-0
395,VOLYIG__ligand783-0
396,VOLYIG__ligand2417-0
397,VOLYIG__ligand51-0
398,VOLYIG__ligand1289-0
399,VOLYIG__ligand13072-0
400,VOLYIG__ligand2203-0
401,VOLYIG__ligand197-0
402,VOLYIG__ligand5387-0
403,VOLYIG__ligand12336-0
404,VOLYIG__ligand9450-0
405,VOLYIG__ligand18699-0
406,VOLYIG__ligand12682-0
407,VOLYIG__ligand48-0
408,VOLYIG__ligand2612-0
409,VOLYIG__ligand17240-0
410,VOLYIG__ligand17590-0
411,VOLYIG__ligand1599-0
412,VOLYIG__ligand19906-0
413,VOLYIG__ligand19668-0
414,VOLYIG__ligand4157-0
415,VOLYIG__ligand9833-0
416,VOLYIG__ligand2828-0
417,VOLYIG__ligand8876-0
418,VOLYIG__ligand7648-0
419,VOLYIG__ligand497-0
420,VOLYIG__ligand5256-0
421,VOLYIG__ligand2176-0
422,VOLYIG__ligand633-0
423,VOLYIG__ligand9291-0
424,VOLYIG__ligand22353-0
425,VOLYIG__ligand2232-0
426,VOLYIG__ligand1285-0
427,VOLYIG__ligand8115-0
428,VOLYIG__ligand6768-0
429,VOLYIG__ligand1982-0
430,VOLYIG__ligand7000-0
431,VOLYIG__ligand4503-0
432,VOLYIG__ligand4546-0
433,VOLYIG__ligand10151-0
434,VOLYIG__ligand7867-0
435,VOLYIG__ligand1219-0
436,VOLYIG__ligand6709-0
437,VOLYIG__ligand29813-0
438,VOLYIG__ligand16952-0
439,VOLYIG__ligand4016-0
440,VOLYIG__ligand692-0
441,VOLYIG__ligand20220-0
442,VOLYIG__ligand7238-0
443,VOLYIG__ligand436-0
444,VOLYIG__ligand20121-0
445,VOLYIG__ligand1790-0
446,VOLYIG__ligand1304-0
447,VOLYIG__ligand18-0
448,VOLYIG__ligand7280-0
449,VOLYIG__ligand15387-0
450,VOLYIG__ligand1451-0
451,VOLYIG__ligand4272-0
452,VOLYIG__ligand24851-0
453,VOLYIG__ligand7629-0
454,VOLYIG__ligand326-0
455,VOLYIG__ligand14347-0
456,VOLYIG__ligand13657-0
457,VOLYIG__ligand14302-0
458,VOLYIG__ligand11698-0
459,VOLYIG__ligand9784-0
460,VOLYIG__ligand20530-0
461,VOLYIG__ligand11479-0
462,VOLYIG__ligand9520-0
463,VOLYIG__ligand27610-0
464,VOLYIG__ligand10479-0
465,VOLYIG__ligand8699-0
466,VOLYIG__ligand1160-0
467,VOLYIG__ligand10853-0
468,VOLYIG__ligand4442-0
469,VOLYIG__ligand4093-0
470,VOLYIG__ligand3954-0
471,VOLYIG__ligand29441-0
472,VOLYIG__ligand409-0
473,VOLYIG__ligand324-0
474,VOLYIG__ligand7242-0
475,VOLYIG__ligand361-0
476,VOLYIG__ligand16870-0
477,VOLYIG__ligand7106-0
478,VOLYIG__ligand11622-0
479,VOLYIG__ligand11814-0
480,VOLYIG__ligand1263-0
481,VOLYIG__ligand9908-0
482,VOLYIG__ligand16603-0
483,VOLYIG__ligand1959-0
484,VOLYIG__ligand3504-0
485,VOLYIG__ligand9935-0
486,VOLYIG__ligand31205-0
487,VOLYIG__ligand1536-0
488,VOLYIG__ligand1573-0
489,VOLYIG__ligand17686-0
490,VOLYIG__ligand25658-0
491,VOLYIG__ligand1343-0
492,VOLYIG__ligand3876-0
493,VOLYIG__ligand3035-0
494,VOLYIG__ligand11177-0
495,VOLYIG__ligand6616-0
496,VOLYIG__ligand3718-0
497,VOLYIG__ligand1844-0
498,VOLYIG__ligand4661-0
499,VOLYIG__ligand15455-0
500,VOLYIG__ligand1512-0
501,VOLYIG__ligand5331-0
502,VOLYIG__ligand3565-0
503,VOLYIG__ligand199-0
504,VOLYIG__ligand18067-0
505,VOLYIG__ligand19824-0
506,VOLYIG__ligand11252-0
507,VOLYIG__ligand6919-0
508,VOLYIG__ligand3852-0
509,VOLYIG__ligand13260-0
510,VOLYIG__ligand2485-0
511,VOLYIG__ligand10582-0
512,VOLYIG__ligand5211-0
513,VOLYIG__ligand11606-0
514,VOLYIG__ligand300-0
515,VOLYIG__ligand3094-0
516,VOLYIG__ligand4155-0
517,VOLYIG__ligand31000-0
518,VOLYIG__ligand26673-0
519,VOLYIG__ligand4720-0
520,VOLYIG__ligand6839-0
521,VOLYIG__ligand20821-0
522,VOLYIG__ligand588-0
523,VOLYIG__ligand8969-0
524,VOLYIG__ligand3174-0
525,VOLYIG__ligand3937-0
526,VOLYIG__ligand1202-0
527,VOLYIG__ligand3131-0
528,VOLYIG__ligand21940-0
529,VOLYIG__ligand25048-0
530,VOLYIG__ligand4641-0
531,VOLYIG__ligand16133-0
532,VOLYIG__ligand13755-0
533,VOLYIG__ligand20432-0
534,VOLYIG__ligand27122-0
535,VOLYIG__ligand4-0
536,VOLYIG__ligand24953-0
537,VOLYIG__ligand23445-0
538,VOLYIG__ligand670-0
539,VOLYIG__ligand571-0
540,VOLYIG__ligand534-0
541,VOLYIG__ligand1142-0
542,VOLYIG__ligand3234-0
543,VOLYIG__ligand30004-0
544,VOLYIG__ligand20557-0
545,VOLYIG__ligand7126-0
546,VOLYIG__ligand42-0
547,VOLYIG__ligand2028-0
548,VOLYIG__ligand8835-0
549,VOLYIG__ligand24560-0
550,VOLYIG__ligand18757-0
551,VOLYIG__ligand2917-0
552,VOLYIG__ligand24624-0
553,VOLYIG__ligand7819-0
554,VOLYIG__ligand18413-0
555,VOLYIG__ligand20844-0
556,VOLYIG__ligand66-0
557,VOLYIG__ligand3721-0
558,VOLYIG__ligand6904-0
559,VOLYIG__ligand6596-0
560,VOLYIG__ligand6102-0
561,VOLYIG__ligand3465-0
562,VOLYIG__ligand4620-0
563,VOLYIG__ligand430-0
564,VOLYIG__ligand358-0
565,VOLYIG__ligand14339-0
566,VOLYIG__ligand13691-0
567,VOLYIG__ligand30788-0
568,VOLYIG__ligand488-0
569,VOLYIG__ligand21752-0
570,VOLYIG__ligand1577-0
571,VOLYIG__ligand6067-0
572,VOLYIG__ligand2295-0
573,VOLYIG__ligand694-0
574,VOLYIG__ligand23682-0
575,VOLYIG__ligand29565-0
576,VOLYIG__ligand27771-0
577,VOLYIG__ligand9441-0
578,VOLYIG__ligand2332-0
579,VOLYIG__ligand18158-0
580,VOLYIG__ligand21339-0
581,VOLYIG__ligand14226-0
582,VOLYIG__ligand1631-0
583,VOLYIG__ligand16956-0
584,VOLYIG__ligand696-0
585,VOLYIG__ligand20942-1
586,VOLYIG__ligand1530-0
587,VOLYIG__ligand1575-0
588,VOLYIG__ligand9933-0
589,VOLYIG__ligand27550-0
590,VOLYIG__ligand2915-0
591,VOLYIG__ligand656-0
592,VOLYIG__ligand3156-0
593,VOLYIG__ligand6244-0
594,VOLYIG__ligand14007-0
595,VOLYIG__ligand1378-0
596,VOLYIG__ligand18019-1
597,VOLYIG__ligand21448-0
598,VOLYIG__ligand8992-0
599,VOLYIG__ligand9601-0
600,VOLYIG__ligand11758-0
601,VOLYIG__ligand22357-0
602,VOLYIG__ligand7967-0
603,VOLYIG__ligand3707-0
604,VOLYIG__ligand6124-0
605,VOLYIG__ligand29214-0
606,VOLYIG__ligand1018-0
607,VOLYIG__ligand4116-0
608,VOLYIG__ligand11501-0
609,VOLYIG__ligand11544-0
610,VOLYIG__ligand1823-0
611,VOLYIG__ligand14477-0
612,VOLYIG__ligand416-0
613,VOLYIG__ligand5643-0
614,VOLYIG__ligand17069-0
615,VOLYIG__ligand38-0
616,VOLYIG__ligand1324-0
617,VOLYIG__ligand383-0
618,VOLYIG__ligand17445-0
619,VOLYIG__ligand8721-0
620,VOLYIG__ligand20731-0
621,VOLYIG__ligand9952-0
622,VOLYIG__ligand9111-0
623,VOLYIG__ligand29334-0
624,VOLYIG__ligand162-0
625,VOLYIG__ligand12413-0
626,VOLYIG__ligand11798-0
627,VOLYIG__ligand1615-0
628,VOLYIG__ligand2526-0
629,VOLYIG__ligand226-0
630,VOLYIG__ligand5036-0
631,VOLYIG__ligand11970-0
632,VOLYIG__ligand6283-0
633,VOLYIG__ligand15883-0
634,VOLYIG__ligand4738-0
635,VOLYIG__ligand24230-0
636,VOLYIG__ligand11096-0
637,VOLYIG__ligand11447-0
638,VOLYIG__ligand4813-0
639,VOLYIG__ligand28810-0
640,VOLYIG__ligand240-0
641,VOLYIG__ligand5813-0
642,VOLYIG__ligand10828-0
643,VOLYIG__ligand19792-0
644,VOLYIG__ligand6062-0
645,VOLYIG__ligand15926-0
646,VOLYIG__ligand141-0
647,VOLYIG__ligand12365-0
648,VOLYIG__ligand10056-0
649,VOLYIG__ligand28743-0
650,VOLYIG__ligand15531-0
651,VOLYIG__ligand3215-0
652,VOLYIG__ligand13862-0
653,VOLYIG__ligand11357-0
654,VOLYIG__ligand22294-0
655,VOLYIG__ligand22168-0
656,VOLYIG__ligand28930-0
657,VOLYIG__ligand7107-0
658,VOLYIG__ligand21919-0
659,VOLYIG__ligand1147-0
660,VOLYIG__ligand16663-0
661,VOLYIG__ligand3973-0
662,VOLYIG__ligand14614-0
663,VOLYIG__ligand7925-0
664,VOLYIG__ligand24035-0
665,VOLYIG__ligand768-0
666,VOLYIG__ligand2068-0
667,VOLYIG__ligand11994-0
668,VOLYIG__ligand31044-0
669,VOLYIG__ligand31842-0
670,VOLYIG__ligand30711-0
671,VOLYIG__ligand20207-0
672,VOLYIG__ligand11682-0
673,VOLYIG__ligand7532-0
674,VOLYIG__ligand4194-0
675,VOLYIG__ligand384-0
676,VOLYIG__ligand4330-0
677,VOLYIG__ligand25913-0
678,VOLYIG__ligand2599-0
679,VOLYIG__ligand16988-0
680,VOLYIG__ligand1-0
681,VOLYIG__ligand3012-0
682,VOLYIG__ligand78-0
683,VOLYIG__ligand757-0
684,VOLYIG__ligand1449-0
685,VOLYIG__ligand19184-0
686,VOLYIG__ligand1065-0
687,VOLYIG__ligand7530-0
688,VOLYIG__ligand9681-0
689,VOLYIG__ligand28459-0
690,VOLYIG__ligand3-0
691,VOLYIG__ligand4332-0
692,VOLYIG__ligand12453-0
693,VOLYIG__ligand122-0
694,VOLYIG__ligand18448-0
695,VOLYIG__ligand3934-0
696,VOLYIG__ligand10371-0
697,VOLYIG__ligand6455-0
698,VOLYIG__ligand6882-0
699,VOLYIG__ligand2403-0
700,VOLYIG__ligand13672-0
701,VOLYIG__ligand45-0
702,VOLYIG__ligand18568-0
703,VOLYIG__ligand28685-0
704,VOLYIG__ligand29029-0
705,VOLYIG__ligand27285-0
706,VOLYIG__ligand9148-0
707,VOLYIG__ligand6946-0
708,VOLYIG__ligand1415-0
709,VOLYIG__ligand23197-0
710,VOLYIG__ligand24-0
711,VOLYIG__ligand7529-0
712,VOLYIG__ligand1729-0
713,VOLYIG__ligand5627-0
714,VOLYIG__ligand19-0
715,VOLYIG__ligand2830-0
716,VOLYIG__ligand13477-0
717,VOLYIG__ligand14167-0
718,VOLYIG__ligand5316-0
719,VOLYIG__ligand27669-0
720,VOLYIG__ligand693-0
721,VOLYIG__ligand5483-0
722,VOLYIG__ligand30142-0
723,VOLYIG__ligand5935-0
724,VOLYIG__ligand366-0
725,VOLYIG__ligand19927-0
726,VOLYIG__ligand2722-0
727,VOLYIG__ligand14043-0
728,VOLYIG__ligand1379-0
729,VOLYIG__ligand26324-0
730,VOLYIG__ligand28559-0
731,VOLYIG__ligand657-0
732,VOLYIG__ligand27239-0
733,VOLYIG__ligand3157-0
734,VOLYIG__ligand21729-0
735,VOLYIG__ligand9525-0
736,VOLYIG__ligand187-0
737,VOLYIG__ligand1165-0
738,VOLYIG__ligand4850-0
739,VOLYIG__ligand5056-0
740,VOLYIG__ligand3647-0
741,VOLYIG__ligand26529-0
742,VOLYIG__ligand941-0
743,VOLYIG__ligand596-0
744,VOLYIG__ligand5357-0
745,VOLYIG__ligand1688-0
746,VOLYIG__ligand11618-0
747,VOLYIG__ligand1469-0
748,VOLYIG__ligand3871-0
749,VOLYIG__ligand777-0
750,VOLYIG__ligand1768-0
751,VOLYIG__ligand22403-0
752,VOLYIG__ligand126-0
753,VOLYIG__ligand163-0
754,VOLYIG__ligand2527-0
755,VOLYIG__ligand8349-0
756,VOLYIG__ligand20695-0
757,VOLYIG__ligand8464-0
758,VOLYIG__ligand27754-0
759,VOLYIG__ligand1709-0
760,VOLYIG__ligand11111-0
761,VOLYIG__ligand28540-0
762,VOLYIG__ligand16369-0
763,VOLYIG__ligand845-0
764,VOLYIG__ligand3392-0
765,VOLYIG__ligand29215-0
766,VOLYIG__ligand4911-0
767,VOLYIG__ligand1771-0
768,VOLYIG__ligand12003-0
769,VOLYIG__ligand16148-0
770,VOLYIG__ligand26631-0
771,VOLYIG__ligand5849-0
772,VOLYIG__ligand10872-0
773,VOLYIG__ligand21399-0
774,VOLYIG__ligand30728-0
775,VOLYIG__ligand4581-0
776,VOLYIG__ligand1773-0
777,VOLYIG__ligand2328-0
778,VOLYIG__ligand27840-0
779,VOLYIG__ligand7162-0
780,VOLYIG__ligand24872-0
781,VOLYIG__ligand43-0
782,VOLYIG__ligand3029-0
783,VOLYIG__ligand24644-0
784,VOLYIG__ligand10033-0
785,VOLYIG__ligand9197-0
786,VOLYIG__ligand12001-0
787,VOLYIG__ligand1900-0
788,VOLYIG__ligand13385-0
789,VOLYIG__ligand2208-0
790,VOLYIG__ligand14569-0
791,VOLYIG__ligand3208-0
792,VOLYIG__ligand22444-0
793,VOLYIG__ligand24111-0
794,VOLYIG__ligand8722-0
795,VOLYIG__ligand13220-0
796,VOLYIG__ligand1327-0
797,VOLYIG__ligand11587-0
798,VOLYIG__ligand6672-0
799,VOLYIG__ligand9809-0
800,VOLYIG__ligand15788-0
801,VOLYIG__ligand338-0
802,VOLYIG__ligand23175-0
803,VOLYIG__ligand3350-0
804,VOLYIG__ligand2781-0
805,VOLYIG__ligand17396-0
806,VOLYIG__ligand7573-0
807,VOLYIG__ligand31694-0
808,VOLYIG__ligand1533-0
809,VOLYIG__ligand29486-0
810,VOLYIG__ligand201-0
811,VOLYIG__ligand1496-0
812,VOLYIG__ligand7557-0
813,VOLYIG__ligand17427-0
814,VOLYIG__ligand67-0
815,VOLYIG__ligand11949-0
816,VOLYIG__ligand24780-0
817,VOLYIG__ligand12138-0
818,VOLYIG__ligand321-0
819,VOLYIG__ligand22129-0
820,VOLYIG__ligand1712-0
821,VOLYIG__ligand4131-0
822,VOLYIG__ligand185-0
823,VOLYIG__ligand25561-0
824,VOLYIG__ligand279-0
825,VOLYIG__ligand5892-0
826,VOLYIG__ligand5094-0
827,VOLYIG__ligand178-0
