,TMC
0,PUPXAZ__ligand19057-0
1,PUPXAZ__ligand18814-0
2,PUPXAZ__ligand2043-0
3,PUPXAZ__ligand693-0
4,PUPXAZ__ligand8788-0
5,PUPXAZ__ligand29302-0
6,PUPXAZ__ligand1832-0
7,PUPXAZ__ligand13425-0
8,PUPXAZ__ligand1604-0
9,PUPXAZ__ligand10262-0
10,PUPXAZ__ligand28676-0
11,PUPXAZ__ligand9943-0
12,PUPXAZ__ligand1228-0
13,PUPXAZ__ligand27763-0
14,PUPXAZ__ligand9284-0
15,PUPXAZ__ligand3126-0
16,PUPXAZ__ligand6391-0
17,PUPXAZ__ligand12641-0
18,PUPXAZ__ligand10958-0
19,PUPXAZ__ligand1114-0
20,PUPXAZ__ligand2417-0
21,PUPXAZ__ligand14108-0
22,PUPXAZ__ligand2203-0
23,PUPXAZ__ligand17302-0
24,PUPXAZ__ligand5387-0
25,PUPXAZ__ligand1289-0
26,PUPXAZ__ligand17805-0
27,PUPXAZ__ligand24185-0
28,PUPXAZ__ligand23769-0
29,PUPXAZ__ligand25178-0
30,PUPXAZ__ligand122-0
31,PUPXAZ__ligand15585-0
32,PUPXAZ__ligand12401-0
33,PUPXAZ__ligand24145-0
34,PUPXAZ__ligand9450-0
35,PUPXAZ__ligand10476-0
36,PUPXAZ__ligand19830-0
37,PUPXAZ__ligand13068-0
38,PUPXAZ__ligand13658-0
39,PUPXAZ__ligand26702-0
40,PUPXAZ__ligand12289-0
41,PUPXAZ__ligand3-0
42,PUPXAZ__ligand18292-0
43,PUPXAZ__ligand17387-0
44,PUPXAZ__ligand2612-0
45,PUPXAZ__ligand12130-0
46,PUPXAZ__ligand1599-0
47,PUPXAZ__ligand757-0
48,PUPXAZ__ligand12231-0
49,PUPXAZ__ligand9753-0
50,PUPXAZ__ligand23713-0
51,PUPXAZ__ligand18832-0
52,PUPXAZ__ligand27175-0
53,PUPXAZ__ligand5530-0
54,PUPXAZ__ligand1356-0
55,PUPXAZ__ligand1787-0
56,PUPXAZ__ligand5159-0
57,PUPXAZ__ligand30988-0
58,PUPXAZ__ligand7196-0
59,PUPXAZ__ligand384-0
60,PUPXAZ__ligand14723-0
61,PUPXAZ__ligand4807-0
62,PUPXAZ__ligand27893-0
63,PUPXAZ__ligand15422-0
64,PUPXAZ__ligand12934-0
65,PUPXAZ__ligand20578-0
66,PUPXAZ__ligand3178-0
67,PUPXAZ__ligand19641-0
68,PUPXAZ__ligand1-0
69,PUPXAZ__ligand2906-0
70,PUPXAZ__ligand768-0
71,PUPXAZ__ligand31783-0
72,PUPXAZ__ligand4711-0
73,PUPXAZ__ligand3244-0
74,PUPXAZ__ligand14297-0
75,PUPXAZ__ligand14603-0
76,PUPXAZ__ligand8793-0
77,PUPXAZ__ligand17258-0
78,PUPXAZ__ligand2788-0
79,PUPXAZ__ligand5649-0
80,PUPXAZ__ligand4649-0
81,PUPXAZ__ligand13012-0
82,PUPXAZ__ligand17631-0
83,PUPXAZ__ligand26665-0
84,PUPXAZ__ligand1153-0
85,PUPXAZ__ligand3225-0
86,PUPXAZ__ligand1116-0
87,PUPXAZ__ligand7092-0
88,PUPXAZ__ligand2260-0
89,PUPXAZ__ligand69-0
90,PUPXAZ__ligand30333-0
91,PUPXAZ__ligand12606-0
92,PUPXAZ__ligand2124-0
93,PUPXAZ__ligand8612-0
94,PUPXAZ__ligand30296-0
95,PUPXAZ__ligand17281-0
96,PUPXAZ__ligand7172-0
97,PUPXAZ__ligand26540-0
98,PUPXAZ__ligand9323-0
99,PUPXAZ__ligand29410-0
100,PUPXAZ__ligand12337-0
101,PUPXAZ__ligand7273-0
102,PUPXAZ__ligand141-0
103,PUPXAZ__ligand12427-0
104,PUPXAZ__ligand28468-0
105,PUPXAZ__ligand20740-0
106,PUPXAZ__ligand5180-0
107,PUPXAZ__ligand240-0
108,PUPXAZ__ligand16628-0
109,PUPXAZ__ligand6017-0
110,PUPXAZ__ligand27460-0
111,PUPXAZ__ligand11-0
112,PUPXAZ__ligand5708-0
113,PUPXAZ__ligand7316-0
114,PUPXAZ__ligand178-0
115,PUPXAZ__ligand17278-0
116,PUPXAZ__ligand20011-0
117,PUPXAZ__ligand29414-0
118,PUPXAZ__ligand4101-0
119,PUPXAZ__ligand17982-0
120,PUPXAZ__ligand5595-0
121,PUPXAZ__ligand279-0
122,PUPXAZ__ligand185-0
123,PUPXAZ__ligand3120-0
124,PUPXAZ__ligand3926-0
125,PUPXAZ__ligand321-0
126,PUPXAZ__ligand17398-0
127,PUPXAZ__ligand4358-0
128,PUPXAZ__ligand11675-0
129,PUPXAZ__ligand2221-0
130,PUPXAZ__ligand20598-0
131,PUPXAZ__ligand10589-0
132,PUPXAZ__ligand22557-0
133,PUPXAZ__ligand24047-0
134,PUPXAZ__ligand2259-0
135,PUPXAZ__ligand1296-0
136,PUPXAZ__ligand16475-0
137,PUPXAZ__ligand14703-0
138,PUPXAZ__ligand5099-0
139,PUPXAZ__ligand8592-0
140,PUPXAZ__ligand1197-0
141,PUPXAZ__ligand201-0
142,PUPXAZ__ligand5510-0
143,PUPXAZ__ligand1376-0
144,PUPXAZ__ligand9773-0
145,PUPXAZ__ligand20251-1
146,PUPXAZ__ligand5304-0
147,PUPXAZ__ligand20539-0
148,PUPXAZ__ligand89-0
149,PUPXAZ__ligand9167-0
150,PUPXAZ__ligand338-0
151,PUPXAZ__ligand20251-0
152,PUPXAZ__ligand20214-0
153,PUPXAZ__ligand30702-0
154,PUPXAZ__ligand31097-0
155,PUPXAZ__ligand21581-0
156,PUPXAZ__ligand2238-0
157,PUPXAZ__ligand17261-0
158,PUPXAZ__ligand14117-0
159,PUPXAZ__ligand2822-0
160,PUPXAZ__ligand7293-0
161,PUPXAZ__ligand1317-0
162,PUPXAZ__ligand3867-0
163,PUPXAZ__ligand6117-0
164,PUPXAZ__ligand1407-0
165,PUPXAZ__ligand20419-0
166,PUPXAZ__ligand5509-0
167,PUPXAZ__ligand17118-0
168,PUPXAZ__ligand8002-0
169,PUPXAZ__ligand21371-0
170,PUPXAZ__ligand28789-0
171,PUPXAZ__ligand29568-0
172,PUPXAZ__ligand49-0
173,PUPXAZ__ligand30851-0
174,PUPXAZ__ligand14889-0
175,PUPXAZ__ligand7762-0
176,PUPXAZ__ligand5080-0
177,PUPXAZ__ligand9344-0
178,PUPXAZ__ligand8000-0
179,PUPXAZ__ligand3736-0
180,PUPXAZ__ligand3945-0
181,PUPXAZ__ligand27482-0
182,PUPXAZ__ligand26810-0
183,PUPXAZ__ligand845-0
184,PUPXAZ__ligand2693-0
185,PUPXAZ__ligand5383-0
186,PUPXAZ__ligand13208-0
187,PUPXAZ__ligand2985-0
188,PUPXAZ__ligand4007-0
189,PUPXAZ__ligand20682-0
190,PUPXAZ__ligand9299-0
191,PUPXAZ__ligand7291-0
192,PUPXAZ__ligand13390-0
193,PUPXAZ__ligand126-0
194,PUPXAZ__ligand163-0
195,PUPXAZ__ligand9883-0
196,PUPXAZ__ligand3677-1
197,PUPXAZ__ligand3632-0
198,PUPXAZ__ligand3677-0
199,PUPXAZ__ligand25411-0
200,PUPXAZ__ligand777-0
201,PUPXAZ__ligand1294-0
202,PUPXAZ__ligand1168-0
203,PUPXAZ__ligand17-0
204,PUPXAZ__ligand6699-0
205,PUPXAZ__ligand10712-0
206,PUPXAZ__ligand941-0
207,PUPXAZ__ligand596-0
208,PUPXAZ__ligand14174-0
209,PUPXAZ__ligand11456-0
210,PUPXAZ__ligand3712-0
211,PUPXAZ__ligand1464-0
212,PUPXAZ__ligand187-0
213,PUPXAZ__ligand12030-0
214,PUPXAZ__ligand29879-0
215,PUPXAZ__ligand14248-0
216,PUPXAZ__ligand13331-0
217,PUPXAZ__ligand28884-0
218,PUPXAZ__ligand657-0
219,PUPXAZ__ligand2881-0
220,PUPXAZ__ligand1499-0
221,PUPXAZ__ligand6892-0
222,PUPXAZ__ligand31832-0
223,PUPXAZ__ligand1211-0
224,PUPXAZ__ligand13294-0
225,PUPXAZ__ligand366-0
226,PUPXAZ__ligand1397-0
227,PUPXAZ__ligand7213-0
228,PUPXAZ__ligand588-0
229,PUPXAZ__ligand24613-0
230,PUPXAZ__ligand1828-0
231,PUPXAZ__ligand6112-0
232,PUPXAZ__ligand8042-0
233,PUPXAZ__ligand19725-0
234,PUPXAZ__ligand31483-0
235,PUPXAZ__ligand3144-0
236,PUPXAZ__ligand5085-0
237,PUPXAZ__ligand300-0
238,PUPXAZ__ligand10555-0
239,PUPXAZ__ligand4710-0
240,PUPXAZ__ligand5755-0
241,PUPXAZ__ligand1908-0
242,PUPXAZ__ligand34-0
243,PUPXAZ__ligand17710-0
244,PUPXAZ__ligand20579-0
245,PUPXAZ__ligand4795-0
246,PUPXAZ__ligand3285-0
247,PUPXAZ__ligand11568-0
248,PUPXAZ__ligand21421-0
249,PUPXAZ__ligand199-0
250,PUPXAZ__ligand1786-0
251,PUPXAZ__ligand5630-0
252,PUPXAZ__ligand11774-0
253,PUPXAZ__ligand14586-0
254,PUPXAZ__ligand55-0
255,PUPXAZ__ligand12682-0
256,PUPXAZ__ligand18699-0
257,PUPXAZ__ligand5614-0
258,PUPXAZ__ligand17240-0
259,PUPXAZ__ligand5280-0
260,PUPXAZ__ligand1831-0
261,PUPXAZ__ligand17590-0
262,PUPXAZ__ligand5515-0
263,PUPXAZ__ligand6663-0
264,PUPXAZ__ligand13072-0
265,PUPXAZ__ligand1849-0
266,PUPXAZ__ligand12336-0
267,PUPXAZ__ligand3261-0
268,PUPXAZ__ligand1152-0
269,PUPXAZ__ligand68-0
270,PUPXAZ__ligand5019-0
271,PUPXAZ__ligand1216-0
272,PUPXAZ__ligand324-0
273,PUPXAZ__ligand361-0
274,PUPXAZ__ligand409-0
275,PUPXAZ__ligand3416-0
276,PUPXAZ__ligand29087-0
277,PUPXAZ__ligand3453-0
278,PUPXAZ__ligand4207-0
279,PUPXAZ__ligand18703-0
280,PUPXAZ__ligand15438-0
281,PUPXAZ__ligand1539-0
282,PUPXAZ__ligand28924-0
283,PUPXAZ__ligand326-0
284,PUPXAZ__ligand1150-0
285,PUPXAZ__ligand4063-0
286,PUPXAZ__ligand24750-0
287,PUPXAZ__ligand8200-0
288,PUPXAZ__ligand57-0
289,PUPXAZ__ligand7438-0
290,PUPXAZ__ligand436-0
291,PUPXAZ__ligand25224-0
292,PUPXAZ__ligand18013-0
293,PUPXAZ__ligand692-0
294,PUPXAZ__ligand17945-0
295,PUPXAZ__ligand3042-0
296,PUPXAZ__ligand17207-0
297,PUPXAZ__ligand31578-0
298,PUPXAZ__ligand7075-0
299,PUPXAZ__ligand1149-0
300,PUPXAZ__ligand3557-0
301,PUPXAZ__ligand3980-0
302,PUPXAZ__ligand1817-0
303,PUPXAZ__ligand6993-0
304,PUPXAZ__ligand26277-0
305,PUPXAZ__ligand1779-0
306,PUPXAZ__ligand29898-0
307,PUPXAZ__ligand10432-0
308,PUPXAZ__ligand31618-0
309,PUPXAZ__ligand11432-0
310,PUPXAZ__ligand9750-0
311,PUPXAZ__ligand22755-0
312,PUPXAZ__ligand9491-0
313,PUPXAZ__ligand1400-0
314,PUPXAZ__ligand4266-0
315,PUPXAZ__ligand15168-0
316,PUPXAZ__ligand4167-0
317,PUPXAZ__ligand633-0
318,PUPXAZ__ligand497-0
319,PUPXAZ__ligand24064-0
320,PUPXAZ__ligand1288-0
321,PUPXAZ__ligand23589-0
322,PUPXAZ__ligand2027-0
323,PUPXAZ__ligand226-0
324,PUPXAZ__ligand162-0
325,PUPXAZ__ligand1050-0
326,PUPXAZ__ligand1015-0
327,PUPXAZ__ligand32-0
328,PUPXAZ__ligand12519-0
329,PUPXAZ__ligand25735-0
330,PUPXAZ__ligand383-0
331,PUPXAZ__ligand23124-0
332,PUPXAZ__ligand416-0
333,PUPXAZ__ligand11206-0
334,PUPXAZ__ligand12660-0
335,PUPXAZ__ligand2692-0
336,PUPXAZ__ligand13209-0
337,PUPXAZ__ligand19257-0
338,PUPXAZ__ligand1618-0
339,PUPXAZ__ligand25650-0
340,PUPXAZ__ligand1028-0
341,PUPXAZ__ligand31248-0
342,PUPXAZ__ligand4262-0
343,PUPXAZ__ligand1154-0
344,PUPXAZ__ligand27835-0
345,PUPXAZ__ligand9615-0
346,PUPXAZ__ligand12295-0
347,PUPXAZ__ligand25689-0
348,PUPXAZ__ligand25575-0
349,PUPXAZ__ligand21787-0
350,PUPXAZ__ligand4596-0
351,PUPXAZ__ligand656-0
352,PUPXAZ__ligand1498-0
353,PUPXAZ__ligand30539-0
354,PUPXAZ__ligand696-0
355,PUPXAZ__ligand23906-0
356,PUPXAZ__ligand8529-0
357,PUPXAZ__ligand11166-0
358,PUPXAZ__ligand1169-0
359,PUPXAZ__ligand21132-0
360,PUPXAZ__ligand16-0
361,PUPXAZ__ligand10084-0
362,PUPXAZ__ligand694-0
363,PUPXAZ__ligand2001-0
364,PUPXAZ__ligand25267-0
365,PUPXAZ__ligand7566-0
366,PUPXAZ__ligand12467-0
367,PUPXAZ__ligand21936-0
368,PUPXAZ__ligand488-0
369,PUPXAZ__ligand51-0
370,PUPXAZ__ligand13257-0
371,PUPXAZ__ligand23904-0
372,PUPXAZ__ligand9944-0
373,PUPXAZ__ligand358-0
374,PUPXAZ__ligand8593-0
375,PUPXAZ__ligand430-0
376,PUPXAZ__ligand27074-0
377,PUPXAZ__ligand91-0
378,PUPXAZ__ligand1113-0
379,PUPXAZ__ligand20599-0
380,PUPXAZ__ligand8553-0
381,PUPXAZ__ligand25805-0
382,PUPXAZ__ligand22981-0
383,PUPXAZ__ligand18391-0
384,PUPXAZ__ligand14523-0
385,PUPXAZ__ligand5201-0
386,PUPXAZ__ligand27169-0
387,PUPXAZ__ligand16791-0
388,PUPXAZ__ligand48-0
389,PUPXAZ__ligand28668-0
390,PUPXAZ__ligand5415-0
391,PUPXAZ__ligand571-0
392,PUPXAZ__ligand534-0
393,PUPXAZ__ligand4124-0
394,PUPXAZ__ligand3471-0
395,PUPXAZ__ligand4161-0
396,PUPXAZ__ligand670-0
397,PUPXAZ__ligand18799-0
398,PUPXAZ__ligand18465-0
399,PUPXAZ__ligand6995-0
400,PUPXAZ__ligand13869-0
401,PUPXAZ__ligand18074-0
402,PUPXAZ__ligand2823-0
403,PUPXAZ__ligand29863-0
404,PUPXAZ__ligand2281-0
405,PUPXAZ__ligand2650-0
406,PUPXAZ__ligand4340-0
407,PUPXAZ__ligand29610-0
408,PUPXAZ__ligand4-0
409,PUPXAZ__ligand3180-0
410,PUPXAZ__ligand11140-0
411,PUPXAZ__ligand2328-0
412,PUPXAZ__ligand27550-0
413,PUPXAZ__ligand4581-0
414,PUPXAZ__ligand1773-0
415,PUPXAZ__ligand3029-0
416,PUPXAZ__ligand7162-0
417,PUPXAZ__ligand370-0
418,PUPXAZ__ligand8-0
419,PUPXAZ__ligand14007-0
420,PUPXAZ__ligand1900-0
421,PUPXAZ__ligand9197-0
422,PUPXAZ__ligand18019-1
423,PUPXAZ__ligand2208-0
424,PUPXAZ__ligand3208-0
425,PUPXAZ__ligand23682-0
426,PUPXAZ__ligand29565-0
427,PUPXAZ__ligand27771-0
428,PUPXAZ__ligand18158-0
429,PUPXAZ__ligand1327-0
430,PUPXAZ__ligand16956-0
431,PUPXAZ__ligand14226-0
432,PUPXAZ__ligand6672-0
433,PUPXAZ__ligand21339-0
434,PUPXAZ__ligand9809-0
435,PUPXAZ__ligand20942-1
436,PUPXAZ__ligand250-0
437,PUPXAZ__ligand8722-0
438,PUPXAZ__ligand3350-0
439,PUPXAZ__ligand2781-0
440,PUPXAZ__ligand7573-0
441,PUPXAZ__ligand14477-0
442,PUPXAZ__ligand1533-0
443,PUPXAZ__ligand17069-0
444,PUPXAZ__ligand17445-0
445,PUPXAZ__ligand20731-0
446,PUPXAZ__ligand1496-0
447,PUPXAZ__ligand29334-0
448,PUPXAZ__ligand12413-0
449,PUPXAZ__ligand7557-0
450,PUPXAZ__ligand188-0
451,PUPXAZ__ligand11798-0
452,PUPXAZ__ligand564-0
453,PUPXAZ__ligand21448-0
454,PUPXAZ__ligand620-0
455,PUPXAZ__ligand1712-0
456,PUPXAZ__ligand4131-0
457,PUPXAZ__ligand11758-0
458,PUPXAZ__ligand370-1
459,PUPXAZ__ligand22357-0
460,PUPXAZ__ligand18-0
461,PUPXAZ__ligand29214-0
462,PUPXAZ__ligand479-0
463,PUPXAZ__ligand5892-0
464,PUPXAZ__ligand785-0
465,PUPXAZ__ligand5094-0
466,PUPXAZ__ligand311-0
467,PUPXAZ__ligand11544-0
468,PUPXAZ__ligand11501-0
469,PUPXAZ__ligand909-0
470,PUPXAZ__ligand5935-0
471,PUPXAZ__ligand1379-0
472,PUPXAZ__ligand2722-0
473,PUPXAZ__ligand3157-0
474,PUPXAZ__ligand20557-0
475,PUPXAZ__ligand30004-0
476,PUPXAZ__ligand1165-0
477,PUPXAZ__ligand9525-0
478,PUPXAZ__ligand21940-0
479,PUPXAZ__ligand4850-0
480,PUPXAZ__ligand25048-0
481,PUPXAZ__ligand5056-0
482,PUPXAZ__ligand1688-0
483,PUPXAZ__ligand3647-0
484,PUPXAZ__ligand5357-0
485,PUPXAZ__ligand13755-0
486,PUPXAZ__ligand16133-0
487,PUPXAZ__ligand3871-0
488,PUPXAZ__ligand27122-0
489,PUPXAZ__ligand20432-0
490,PUPXAZ__ligand1469-0
491,PUPXAZ__ligand177-0
492,PUPXAZ__ligand23445-0
493,PUPXAZ__ligand1768-0
494,PUPXAZ__ligand24953-0
495,PUPXAZ__ligand14339-0
496,PUPXAZ__ligand13691-0
497,PUPXAZ__ligand2527-0
498,PUPXAZ__ligand30788-0
499,PUPXAZ__ligand8464-0
500,PUPXAZ__ligand21752-0
501,PUPXAZ__ligand1709-0
502,PUPXAZ__ligand116-0
503,PUPXAZ__ligand8349-0
504,PUPXAZ__ligand252-0
505,PUPXAZ__ligand193-0
506,PUPXAZ__ligand3392-0
507,PUPXAZ__ligand24560-0
508,PUPXAZ__ligand18757-0
509,PUPXAZ__ligand4911-0
510,PUPXAZ__ligand1771-0
511,PUPXAZ__ligand24624-0
512,PUPXAZ__ligand20844-0
513,PUPXAZ__ligand18413-0
514,PUPXAZ__ligand5849-0
515,PUPXAZ__ligand830-0
516,PUPXAZ__ligand372-0
517,PUPXAZ__ligand1449-0
518,PUPXAZ__ligand3012-0
519,PUPXAZ__ligand31205-0
520,PUPXAZ__ligand1065-0
521,PUPXAZ__ligand7530-0
522,PUPXAZ__ligand25658-0
523,PUPXAZ__ligand17686-0
524,PUPXAZ__ligand11177-0
525,PUPXAZ__ligand42-0
526,PUPXAZ__ligand9681-0
527,PUPXAZ__ligand4332-0
528,PUPXAZ__ligand15455-0
529,PUPXAZ__ligand3934-0
530,PUPXAZ__ligand16870-0
531,PUPXAZ__ligand6455-0
532,PUPXAZ__ligand6882-0
533,PUPXAZ__ligand11622-0
534,PUPXAZ__ligand2403-0
535,PUPXAZ__ligand11814-0
536,PUPXAZ__ligand197-0
537,PUPXAZ__ligand16603-0
538,PUPXAZ__ligand11606-0
539,PUPXAZ__ligand783-0
540,PUPXAZ__ligand352-0
541,PUPXAZ__ligand9148-0
542,PUPXAZ__ligand31000-0
543,PUPXAZ__ligand26673-0
544,PUPXAZ__ligand1415-0
545,PUPXAZ__ligand6946-0
546,PUPXAZ__ligand20821-0
547,PUPXAZ__ligand7529-0
548,PUPXAZ__ligand5627-0
549,PUPXAZ__ligand1729-0
550,PUPXAZ__ligand2830-0
551,PUPXAZ__ligand18067-0
552,PUPXAZ__ligand19824-0
553,PUPXAZ__ligand11252-0
554,PUPXAZ__ligand5316-0
555,PUPXAZ__ligand66-0
556,PUPXAZ__ligand868-0
557,PUPXAZ__ligand13260-0
558,PUPXAZ__ligand10582-0
559,PUPXAZ__ligand5483-0
560,PUPXAZ__ligand6283-0
561,PUPXAZ__ligand235-0
562,PUPXAZ__ligand134-0
563,PUPXAZ__ligand4813-0
564,PUPXAZ__ligand10151-0
565,PUPXAZ__ligand5813-0
566,PUPXAZ__ligand4738-0
567,PUPXAZ__ligand6062-0
568,PUPXAZ__ligand19906-0
569,PUPXAZ__ligand19668-0
570,PUPXAZ__ligand3215-0
571,PUPXAZ__ligand22353-0
572,PUPXAZ__ligand7107-0
573,PUPXAZ__ligand560-0
574,PUPXAZ__ligand38-0
575,PUPXAZ__ligand1147-0
576,PUPXAZ__ligand24851-0
577,PUPXAZ__ligand3973-0
578,PUPXAZ__ligand14302-0
579,PUPXAZ__ligand13657-0
580,PUPXAZ__ligand14347-0
581,PUPXAZ__ligand11698-0
582,PUPXAZ__ligand20530-0
583,PUPXAZ__ligand11479-0
584,PUPXAZ__ligand10479-0
585,PUPXAZ__ligand27610-0
586,PUPXAZ__ligand2068-0
587,PUPXAZ__ligand7925-0
588,PUPXAZ__ligand10853-0
589,PUPXAZ__ligand294-0
590,PUPXAZ__ligand29441-0
591,PUPXAZ__ligand7532-0
592,PUPXAZ__ligand16952-0
593,PUPXAZ__ligand4194-0
594,PUPXAZ__ligand29813-0
595,PUPXAZ__ligand685-0
596,PUPXAZ__ligand2599-0
597,PUPXAZ__ligand20220-0
598,PUPXAZ__ligand4330-0
599,PUPXAZ__ligand421-0
600,PUPXAZ__ligand20121-0
601,PUPXAZ__ligand15387-0
602,PUPXAZ__ligand13385-0
603,PUPXAZ__ligand14569-0
604,PUPXAZ__ligand2332-0
605,PUPXAZ__ligand176-0
606,PUPXAZ__ligand22444-0
607,PUPXAZ__ligand24111-0
608,PUPXAZ__ligand9441-0
609,PUPXAZ__ligand1631-0
610,PUPXAZ__ligand11587-0
611,PUPXAZ__ligand13220-0
612,PUPXAZ__ligand746-0
613,PUPXAZ__ligand15788-0
614,PUPXAZ__ligand9933-0
615,PUPXAZ__ligand23175-0
616,PUPXAZ__ligand1530-0
617,PUPXAZ__ligand1575-0
618,PUPXAZ__ligand17396-0
619,PUPXAZ__ligand447-0
620,PUPXAZ__ligand2915-0
621,PUPXAZ__ligand30728-0
622,PUPXAZ__ligand3156-0
623,PUPXAZ__ligand27840-0
624,PUPXAZ__ligand487-0
625,PUPXAZ__ligand24872-0
626,PUPXAZ__ligand24644-0
627,PUPXAZ__ligand10033-0
628,PUPXAZ__ligand6244-0
629,PUPXAZ__ligand1378-0
630,PUPXAZ__ligand12001-0
631,PUPXAZ__ligand11949-0
632,PUPXAZ__ligand8992-0
633,PUPXAZ__ligand24780-0
634,PUPXAZ__ligand9601-0
635,PUPXAZ__ligand12138-0
636,PUPXAZ__ligand22129-0
637,PUPXAZ__ligand7967-0
638,PUPXAZ__ligand506-0
639,PUPXAZ__ligand3707-0
640,PUPXAZ__ligand6124-0
641,PUPXAZ__ligand25561-0
642,PUPXAZ__ligand4116-0
643,PUPXAZ__ligand1018-0
644,PUPXAZ__ligand31694-0
645,PUPXAZ__ligand1823-0
646,PUPXAZ__ligand152-0
647,PUPXAZ__ligand5643-0
648,PUPXAZ__ligand8721-0
649,PUPXAZ__ligand29486-0
650,PUPXAZ__ligand1324-0
651,PUPXAZ__ligand9111-0
652,PUPXAZ__ligand9952-0
653,PUPXAZ__ligand1615-0
654,PUPXAZ__ligand17427-0
655,PUPXAZ__ligand5036-0
656,PUPXAZ__ligand2526-0
657,PUPXAZ__ligand26529-0
658,PUPXAZ__ligand4641-0
659,PUPXAZ__ligand115-0
660,PUPXAZ__ligand45-0
661,PUPXAZ__ligand11618-0
662,PUPXAZ__ligand19927-0
663,PUPXAZ__ligand78-0
664,PUPXAZ__ligand833-0
665,PUPXAZ__ligand14043-0
666,PUPXAZ__ligand3234-0
667,PUPXAZ__ligand1142-0
668,PUPXAZ__ligand26324-0
669,PUPXAZ__ligand28559-0
670,PUPXAZ__ligand27239-0
671,PUPXAZ__ligand21729-0
672,PUPXAZ__ligand2028-0
673,PUPXAZ__ligand8835-0
674,PUPXAZ__ligand7126-0
675,PUPXAZ__ligand19-0
676,PUPXAZ__ligand29215-0
677,PUPXAZ__ligand7819-0
678,PUPXAZ__ligand2917-0
679,PUPXAZ__ligand784-0
680,PUPXAZ__ligand12003-0
681,PUPXAZ__ligand6904-0
682,PUPXAZ__ligand3721-0
683,PUPXAZ__ligand6596-0
684,PUPXAZ__ligand6102-0
685,PUPXAZ__ligand26631-0
686,PUPXAZ__ligand16148-0
687,PUPXAZ__ligand10872-0
688,PUPXAZ__ligand21399-0
689,PUPXAZ__ligand3465-0
690,PUPXAZ__ligand22403-0
691,PUPXAZ__ligand4620-0
692,PUPXAZ__ligand6067-0
693,PUPXAZ__ligand1577-0
694,PUPXAZ__ligand2295-0
695,PUPXAZ__ligand368-0
696,PUPXAZ__ligand27754-0
697,PUPXAZ__ligand20695-0
698,PUPXAZ__ligand11111-0
699,PUPXAZ__ligand28540-0
700,PUPXAZ__ligand395-0
701,PUPXAZ__ligand24-0
702,PUPXAZ__ligand16369-0
703,PUPXAZ__ligand7242-0
704,PUPXAZ__ligand10371-0
705,PUPXAZ__ligand7106-0
706,PUPXAZ__ligand314-0
707,PUPXAZ__ligand780-0
708,PUPXAZ__ligand13672-0
709,PUPXAZ__ligand1263-0
710,PUPXAZ__ligand9908-0
711,PUPXAZ__ligand28685-0
712,PUPXAZ__ligand813-0
713,PUPXAZ__ligand18568-0
714,PUPXAZ__ligand3504-0
715,PUPXAZ__ligand391-0
716,PUPXAZ__ligand19184-0
717,PUPXAZ__ligand1959-0
718,PUPXAZ__ligand1536-0
719,PUPXAZ__ligand1573-0
720,PUPXAZ__ligand9935-0
721,PUPXAZ__ligand3718-0
722,PUPXAZ__ligand3035-0
723,PUPXAZ__ligand3876-0
724,PUPXAZ__ligand1343-0
725,PUPXAZ__ligand6616-0
726,PUPXAZ__ligand28459-0
727,PUPXAZ__ligand618-0
728,PUPXAZ__ligand4661-0
729,PUPXAZ__ligand1844-0
730,PUPXAZ__ligand18448-0
731,PUPXAZ__ligand12453-0
732,PUPXAZ__ligand1512-0
733,PUPXAZ__ligand465-0
734,PUPXAZ__ligand5331-0
735,PUPXAZ__ligand3565-0
736,PUPXAZ__ligand14167-0
737,PUPXAZ__ligand13477-0
738,PUPXAZ__ligand3852-0
739,PUPXAZ__ligand2485-0
740,PUPXAZ__ligand27669-0
741,PUPXAZ__ligand30142-0
742,PUPXAZ__ligand6919-0
743,PUPXAZ__ligand29029-0
744,PUPXAZ__ligand27285-0
745,PUPXAZ__ligand5211-0
746,PUPXAZ__ligand314-1
747,PUPXAZ__ligand3094-0
748,PUPXAZ__ligand4155-0
749,PUPXAZ__ligand4720-0
750,PUPXAZ__ligand23197-0
751,PUPXAZ__ligand8969-0
752,PUPXAZ__ligand1202-0
753,PUPXAZ__ligand3937-0
754,PUPXAZ__ligand3174-0
755,PUPXAZ__ligand3131-0
756,PUPXAZ__ligand6839-0
757,PUPXAZ__ligand10056-0
758,PUPXAZ__ligand12365-0
759,PUPXAZ__ligand4157-0
760,PUPXAZ__ligand196-0
761,PUPXAZ__ligand15531-0
762,PUPXAZ__ligand28743-0
763,PUPXAZ__ligand5256-0
764,PUPXAZ__ligand13862-0
765,PUPXAZ__ligand11357-0
766,PUPXAZ__ligand9833-0
767,PUPXAZ__ligand2828-0
768,PUPXAZ__ligand8876-0
769,PUPXAZ__ligand7648-0
770,PUPXAZ__ligand9291-0
771,PUPXAZ__ligand22294-0
772,PUPXAZ__ligand28930-0
773,PUPXAZ__ligand2176-0
774,PUPXAZ__ligand22168-0
775,PUPXAZ__ligand2232-0
776,PUPXAZ__ligand21919-0
777,PUPXAZ__ligand11970-0
778,PUPXAZ__ligand1285-0
779,PUPXAZ__ligand43-0
780,PUPXAZ__ligand1982-0
781,PUPXAZ__ligand422-0
782,PUPXAZ__ligand7000-0
783,PUPXAZ__ligand15883-0
784,PUPXAZ__ligand8115-0
785,PUPXAZ__ligand6768-0
786,PUPXAZ__ligand24230-0
787,PUPXAZ__ligand4503-0
788,PUPXAZ__ligand11447-0
789,PUPXAZ__ligand11096-0
790,PUPXAZ__ligand4546-0
791,PUPXAZ__ligand686-0
792,PUPXAZ__ligand28810-0
793,PUPXAZ__ligand10828-0
794,PUPXAZ__ligand19792-0
795,PUPXAZ__ligand15926-0
796,PUPXAZ__ligand20207-0
797,PUPXAZ__ligand30711-0
798,PUPXAZ__ligand6709-0
799,PUPXAZ__ligand1219-0
800,PUPXAZ__ligand11682-0
801,PUPXAZ__ligand7867-0
802,PUPXAZ__ligand67-0
803,PUPXAZ__ligand4016-0
804,PUPXAZ__ligand393-0
805,PUPXAZ__ligand7238-0
806,PUPXAZ__ligand25913-0
807,PUPXAZ__ligand16988-0
808,PUPXAZ__ligand1790-0
809,PUPXAZ__ligand1304-0
810,PUPXAZ__ligand7280-0
811,PUPXAZ__ligand7629-0
812,PUPXAZ__ligand1451-0
813,PUPXAZ__ligand16663-0
814,PUPXAZ__ligand4272-0
815,PUPXAZ__ligand9784-0
816,PUPXAZ__ligand14614-0
817,PUPXAZ__ligand8699-0
818,PUPXAZ__ligand1160-0
819,PUPXAZ__ligand24035-0
820,PUPXAZ__ligand9520-0
821,PUPXAZ__ligand353-0
822,PUPXAZ__ligand4442-0
823,PUPXAZ__ligand11994-0
824,PUPXAZ__ligand4093-0
825,PUPXAZ__ligand3954-0
826,PUPXAZ__ligand31842-0
827,PUPXAZ__ligand31044-0
