,TMC
0,SOHTOA__ligand314-0
1,SOHTOA__ligand1479-0
2,SOHTOA__ligand481-0
3,SOHTOA__ligand1148-0
4,SOHTOA__ligand3246-0
5,SOHTOA__ligand170-0
6,SOHTOA__ligand391-0
7,SOHTOA__ligand62-0
8,SOHTOA__ligand3-0
9,SOHTOA__ligand1538-0
10,SOHTOA__ligand210-0
11,SOHTOA__ligand1114-0
12,SOHTOA__ligand86-0
13,SOHTOA__ligand9244-0
14,SOHTOA__ligand1228-0
15,SOHTOA__ligand3041-0
16,SOHTOA__ligand2634-0
17,SOHTOA__ligand1542-0
18,SOHTOA__ligand196-0
19,SOHTOA__ligand502-0
20,SOHTOA__ligand113-0
21,SOHTOA__ligand2751-0
22,SOHTOA__ligand422-0
23,SOHTOA__ligand3145-0
24,SOHTOA__ligand236-0
25,SOHTOA__ligand1747-0
26,SOHTOA__ligand6686-0
27,SOHTOA__ligand1-0
28,SOHTOA__ligand7915-0
29,SOHTOA__ligand5548-0
30,SOHTOA__ligand18-0
31,SOHTOA__ligand2863-0
32,SOHTOA__ligand353-0
33,SOHTOA__ligand2098-0
34,SOHTOA__ligand6502-0
35,SOHTOA__ligand6332-0
36,SOHTOA__ligand3178-0
37,SOHTOA__ligand11730-0
38,SOHTOA__ligand21-0
39,SOHTOA__ligand3734-0
40,SOHTOA__ligand1706-0
41,SOHTOA__ligand447-0
42,SOHTOA__ligand4381-0
43,SOHTOA__ligand2629-0
44,SOHTOA__ligand133-0
45,SOHTOA__ligand666-0
46,SOHTOA__ligand522-0
47,SOHTOA__ligand487-0
48,SOHTOA__ligand2259-0
49,SOHTOA__ligand2688-0
50,SOHTOA__ligand1376-0
51,SOHTOA__ligand38-0
52,SOHTOA__ligand2768-0
53,SOHTOA__ligand6277-0
54,SOHTOA__ligand40-0
55,SOHTOA__ligand1687-0
56,SOHTOA__ligand1951-0
57,SOHTOA__ligand682-0
58,SOHTOA__ligand3757-0
59,SOHTOA__ligand2087-0
60,SOHTOA__ligand1048-0
61,SOHTOA__ligand115-0
62,SOHTOA__ligand1685-0
63,SOHTOA__ligand1544-0
64,SOHTOA__ligand291-0
65,SOHTOA__ligand1459-0
66,SOHTOA__ligand5801-0
67,SOHTOA__ligand3063-0
68,SOHTOA__ligand1438-0
69,SOHTOA__ligand485-0
70,SOHTOA__ligand355-0
71,SOHTOA__ligand784-0
72,SOHTOA__ligand66-0
73,SOHTOA__ligand1171-0
74,SOHTOA__ligand45-0
75,SOHTOA__ligand1727-0
76,SOHTOA__ligand1152-0
77,SOHTOA__ligand112-0
78,SOHTOA__ligand296-0
79,SOHTOA__ligand197-0
80,SOHTOA__ligand1607-0
81,SOHTOA__ligand85-0
82,SOHTOA__ligand78-0
83,SOHTOA__ligand2510-0
84,SOHTOA__ligand2285-0
85,SOHTOA__ligand1567-0
86,SOHTOA__ligand8921-0
87,SOHTOA__ligand2862-0
88,SOHTOA__ligand352-0
89,SOHTOA__ligand783-0
90,SOHTOA__ligand2320-0
91,SOHTOA__ligand1056-0
92,SOHTOA__ligand1703-0
93,SOHTOA__ligand2430-0
94,SOHTOA__ligand442-0
95,SOHTOA__ligand868-0
96,SOHTOA__ligand136-0
97,SOHTOA__ligand2907-0
98,SOHTOA__ligand390-0
99,SOHTOA__ligand7464-0
100,SOHTOA__ligand235-0
101,SOHTOA__ligand134-0
102,SOHTOA__ligand932-0
103,SOHTOA__ligand1248-0
104,SOHTOA__ligand109-0
105,SOHTOA__ligand4303-0
106,SOHTOA__ligand1598-0
107,SOHTOA__ligand525-0
108,SOHTOA__ligand560-0
109,SOHTOA__ligand1054-0
110,SOHTOA__ligand6294-0
111,SOHTOA__ligand993-0
112,SOHTOA__ligand3637-0
113,SOHTOA__ligand294-0
114,SOHTOA__ligand8774-0
115,SOHTOA__ligand331-0
116,SOHTOA__ligand798-0
117,SOHTOA__ligand421-0
118,SOHTOA__ligand584-0
119,SOHTOA__ligand916-0
120,SOHTOA__ligand370-0
121,SOHTOA__ligand5022-0
122,SOHTOA__ligand1169-0
123,SOHTOA__ligand250-0
124,SOHTOA__ligand2838-0
125,SOHTOA__ligand3838-0
126,SOHTOA__ligand1799-0
127,SOHTOA__ligand2880-0
128,SOHTOA__ligand5941-0
129,SOHTOA__ligand460-0
130,SOHTOA__ligand2142-0
131,SOHTOA__ligand188-0
132,SOHTOA__ligand444-0
133,SOHTOA__ligand6538-0
134,SOHTOA__ligand369-0
135,SOHTOA__ligand9495-0
136,SOHTOA__ligand67-0
137,SOHTOA__ligand6151-0
138,SOHTOA__ligand2772-0
139,SOHTOA__ligand6-0
140,SOHTOA__ligand2864-0
141,SOHTOA__ligand311-0
142,SOHTOA__ligand1052-0
143,SOHTOA__ligand851-0
144,SOHTOA__ligand909-0
145,SOHTOA__ligand177-0
146,SOHTOA__ligand934-0
147,SOHTOA__ligand1273-0
148,SOHTOA__ligand4-0
149,SOHTOA__ligand6396-0
150,SOHTOA__ligand955-0
151,SOHTOA__ligand1113-0
152,SOHTOA__ligand2265-0
153,SOHTOA__ligand252-0
154,SOHTOA__ligand9027-0
155,SOHTOA__ligand4983-0
156,SOHTOA__ligand830-0
157,SOHTOA__ligand2794-0
158,SOHTOA__ligand2345-0
159,SOHTOA__ligand1835-0
160,SOHTOA__ligand193-0
161,SOHTOA__ligand1502-0
162,SOHTOA__ligand383-0
163,SOHTOA__ligand1712-0
164,SOHTOA__ligand3579-0
165,SOHTOA__ligand226-0
166,SOHTOA__ligand162-0
167,SOHTOA__ligand2110-0
168,SOHTOA__ligand2916-0
169,SOHTOA__ligand1919-0
170,SOHTOA__ligand2389-0
171,SOHTOA__ligand5334-0
172,SOHTOA__ligand3051-0
173,SOHTOA__ligand4504-0
174,SOHTOA__ligand2480-0
175,SOHTOA__ligand8-0
176,SOHTOA__ligand1898-0
177,SOHTOA__ligand2315-0
178,SOHTOA__ligand1858-0
179,SOHTOA__ligand8032-0
180,SOHTOA__ligand11-0
181,SOHTOA__ligand2442-0
182,SOHTOA__ligand358-0
183,SOHTOA__ligand430-0
184,SOHTOA__ligand1019-0
185,SOHTOA__ligand7414-0
186,SOHTOA__ligand5762-0
187,SOHTOA__ligand1104-0
188,SOHTOA__ligand669-0
189,SOHTOA__ligand278-0
190,SOHTOA__ligand365-0
191,SOHTOA__ligand6571-0
192,SOHTOA__ligand1325-0
193,SOHTOA__ligand2482-0
194,SOHTOA__ligand571-0
195,SOHTOA__ligand2929-0
196,SOHTOA__ligand670-0
197,SOHTOA__ligand118-0
198,SOHTOA__ligand2376-0
199,SOHTOA__ligand1379-0
200,SOHTOA__ligand1264-0
201,SOHTOA__ligand1221-0
202,SOHTOA__ligand509-0
203,SOHTOA__ligand6430-0
204,SOHTOA__ligand1299-0
205,SOHTOA__ligand3337-0
206,SOHTOA__ligand7514-0
207,SOHTOA__ligand10910-0
208,SOHTOA__ligand575-0
209,SOHTOA__ligand1449-1
210,SOHTOA__ligand4811-0
211,SOHTOA__ligand199-0
212,SOHTOA__ligand4894-0
213,SOHTOA__ligand1260-0
214,SOHTOA__ligand927-0
215,SOHTOA__ligand9620-0
216,SOHTOA__ligand140-0
217,SOHTOA__ligand105-0
218,SOHTOA__ligand14530-0
219,SOHTOA__ligand17-0
220,SOHTOA__ligand1788-0
221,SOHTOA__ligand1321-0
222,SOHTOA__ligand324-0
223,SOHTOA__ligand361-0
224,SOHTOA__ligand92-0
225,SOHTOA__ligand409-0
226,SOHTOA__ligand3566-0
227,SOHTOA__ligand1178-0
228,SOHTOA__ligand326-0
229,SOHTOA__ligand3853-0
230,SOHTOA__ligand2853-0
231,SOHTOA__ligand821-0
232,SOHTOA__ligand5089-0
233,SOHTOA__ligand2599-0
234,SOHTOA__ligand283-0
235,SOHTOA__ligand553-0
236,SOHTOA__ligand10479-0
237,SOHTOA__ligand206-0
238,SOHTOA__ligand1246-0
239,SOHTOA__ligand142-0
240,SOHTOA__ligand6166-0
241,SOHTOA__ligand436-0
242,SOHTOA__ligand166-0
243,SOHTOA__ligand89-0
244,SOHTOA__ligand838-0
245,SOHTOA__ligand49-0
246,SOHTOA__ligand497-0
247,SOHTOA__ligand10114-0
248,SOHTOA__ligand1307-0
249,SOHTOA__ligand532-0
250,SOHTOA__ligand918-0
251,SOHTOA__ligand633-0
252,SOHTOA__ligand321-0
253,SOHTOA__ligand178-0
254,SOHTOA__ligand1551-0
255,SOHTOA__ligand279-0
256,SOHTOA__ligand2526-0
257,SOHTOA__ligand201-0
258,SOHTOA__ligand244-0
259,SOHTOA__ligand100-0
260,SOHTOA__ligand1690-0
261,SOHTOA__ligand2707-0
262,SOHTOA__ligand57-0
263,SOHTOA__ligand2915-0
264,SOHTOA__ligand124-0
265,SOHTOA__ligand73-0
266,SOHTOA__ligand3196-0
267,SOHTOA__ligand4012-0
268,SOHTOA__ligand119-0
269,SOHTOA__ligand1918-0
270,SOHTOA__ligand2255-0
271,SOHTOA__ligand126-0
272,SOHTOA__ligand34-0
273,SOHTOA__ligand4175-0
274,SOHTOA__ligand3618-0
275,SOHTOA__ligand596-0
276,SOHTOA__ligand2618-0
277,SOHTOA__ligand55-0
278,SOHTOA__ligand1436-0
279,SOHTOA__ligand861-0
280,SOHTOA__ligand95-0
281,SOHTOA__ligand366-0
282,SOHTOA__ligand187-0
283,SOHTOA__ligand612-0
284,SOHTOA__ligand4370-0
285,SOHTOA__ligand51-0
286,SOHTOA__ligand1818-0
287,SOHTOA__ligand7456-0
288,SOHTOA__ligand5758-0
289,SOHTOA__ligand91-0
290,SOHTOA__ligand3478-0
291,SOHTOA__ligand3852-0
292,SOHTOA__ligand29-0
293,SOHTOA__ligand9176-0
294,SOHTOA__ligand2718-0
295,SOHTOA__ligand48-0
296,SOHTOA__ligand3035-0
297,SOHTOA__ligand3070-0
298,SOHTOA__ligand797-0
299,SOHTOA__ligand1493-0
300,SOHTOA__ligand4619-0
301,SOHTOA__ligand5235-0
302,SOHTOA__ligand6143-0
303,SOHTOA__ligand757-0
304,SOHTOA__ligand3251-0
305,SOHTOA__ligand384-0
306,SOHTOA__ligand2762-0
307,SOHTOA__ligand32-0
308,SOHTOA__ligand1038-0
309,SOHTOA__ligand2253-0
310,SOHTOA__ligand1160-0
311,SOHTOA__ligand5093-0
312,SOHTOA__ligand2954-0
313,SOHTOA__ligand120-0
314,SOHTOA__ligand7550-0
315,SOHTOA__ligand1285-0
316,SOHTOA__ligand1555-0
317,SOHTOA__ligand7630-0
318,SOHTOA__ligand3890-0
319,SOHTOA__ligand15630-0
320,SOHTOA__ligand141-0
321,SOHTOA__ligand4423-0
322,SOHTOA__ligand10357-0
323,SOHTOA__ligand240-0
324,SOHTOA__ligand1907-0
