,TMC
0,CABMAV__ligand1273-0
1,CABMAV__ligand126-0
2,CABMAV__ligand1052-0
3,CABMAV__ligand187-0
4,CABMAV__ligand1502-0
5,CABMAV__ligand612-0
6,CABMAV__ligand2794-0
7,CABMAV__ligand2345-0
8,CABMAV__ligand861-0
9,CABMAV__ligand1835-0
10,CABMAV__ligand4983-0
11,CABMAV__ligand366-0
12,CABMAV__ligand9027-0
13,CABMAV__ligand596-0
14,CABMAV__ligand1113-0
15,CABMAV__ligand2265-0
16,CABMAV__ligand6396-0
17,CABMAV__ligand2880-0
18,CABMAV__ligand5941-0
19,CABMAV__ligand2838-0
20,CABMAV__ligand1799-0
21,CABMAV__ligand3838-0
22,CABMAV__ligand244-0
23,CABMAV__ligand201-0
24,CABMAV__ligand100-0
25,CABMAV__ligand5022-0
26,CABMAV__ligand1169-0
27,CABMAV__ligand178-0
28,CABMAV__ligand279-0
29,CABMAV__ligand321-0
30,CABMAV__ligand119-0
31,CABMAV__ligand2864-0
32,CABMAV__ligand9495-0
33,CABMAV__ligand6151-0
34,CABMAV__ligand2772-0
35,CABMAV__ligand6538-0
36,CABMAV__ligand124-0
37,CABMAV__ligand67-0
38,CABMAV__ligand2142-0
39,CABMAV__ligand6294-0
40,CABMAV__ligand1054-0
41,CABMAV__ligand1598-0
42,CABMAV__ligand1248-0
43,CABMAV__ligand4303-0
44,CABMAV__ligand120-0
45,CABMAV__ligand7464-0
46,CABMAV__ligand384-0
47,CABMAV__ligand141-0
48,CABMAV__ligand240-0
49,CABMAV__ligand8774-0
50,CABMAV__ligand3637-0
51,CABMAV__ligand78-0
52,CABMAV__ligand1607-0
53,CABMAV__ligand85-0
54,CABMAV__ligand1152-0
55,CABMAV__ligand45-0
56,CABMAV__ligand1727-0
57,CABMAV__ligand2907-0
58,CABMAV__ligand1703-0
59,CABMAV__ligand757-0
60,CABMAV__ligand2430-0
61,CABMAV__ligand2320-0
62,CABMAV__ligand1056-0
63,CABMAV__ligand2862-0
64,CABMAV__ligand797-0
65,CABMAV__ligand2285-0
66,CABMAV__ligand1567-0
67,CABMAV__ligand8921-0
68,CABMAV__ligand2510-0
69,CABMAV__ligand1459-0
70,CABMAV__ligand365-0
71,CABMAV__ligand1544-0
72,CABMAV__ligand278-0
73,CABMAV__ligand1685-0
74,CABMAV__ligand669-0
75,CABMAV__ligand2087-0
76,CABMAV__ligand1048-0
77,CABMAV__ligand3757-0
78,CABMAV__ligand430-0
79,CABMAV__ligand358-0
80,CABMAV__ligand1171-0
81,CABMAV__ligand66-0
82,CABMAV__ligand509-0
83,CABMAV__ligand3063-0
84,CABMAV__ligand1438-0
85,CABMAV__ligand571-0
86,CABMAV__ligand118-0
87,CABMAV__ligand5801-0
88,CABMAV__ligand670-0
89,CABMAV__ligand2629-0
90,CABMAV__ligand11730-0
91,CABMAV__ligand226-0
92,CABMAV__ligand8-0
93,CABMAV__ligand21-0
94,CABMAV__ligand4381-0
95,CABMAV__ligand162-0
96,CABMAV__ligand383-0
97,CABMAV__ligand1706-0
98,CABMAV__ligand3734-0
99,CABMAV__ligand1951-0
100,CABMAV__ligand40-0
101,CABMAV__ligand1687-0
102,CABMAV__ligand6277-0
103,CABMAV__ligand1376-0
104,CABMAV__ligand2768-0
105,CABMAV__ligand2259-0
106,CABMAV__ligand2688-0
107,CABMAV__ligand38-0
108,CABMAV__ligand436-0
109,CABMAV__ligand2751-0
110,CABMAV__ligand206-0
111,CABMAV__ligand142-0
112,CABMAV__ligand283-0
113,CABMAV__ligand2634-0
114,CABMAV__ligand1542-0
115,CABMAV__ligand553-0
116,CABMAV__ligand326-0
117,CABMAV__ligand3041-0
118,CABMAV__ligand821-0
119,CABMAV__ligand532-0
120,CABMAV__ligand3178-0
121,CABMAV__ligand18-0
122,CABMAV__ligand633-0
123,CABMAV__ligand6332-0
124,CABMAV__ligand918-0
125,CABMAV__ligand2098-0
126,CABMAV__ligand497-0
127,CABMAV__ligand6502-0
128,CABMAV__ligand2863-0
129,CABMAV__ligand7915-0
130,CABMAV__ligand5548-0
131,CABMAV__ligand1747-0
132,CABMAV__ligand6686-0
133,CABMAV__ligand838-0
134,CABMAV__ligand166-0
135,CABMAV__ligand3145-0
136,CABMAV__ligand199-0
137,CABMAV__ligand3246-0
138,CABMAV__ligand927-0
139,CABMAV__ligand62-0
140,CABMAV__ligand1148-0
141,CABMAV__ligand575-0
142,CABMAV__ligand1479-0
143,CABMAV__ligand1228-0
144,CABMAV__ligand86-0
145,CABMAV__ligand9244-0
146,CABMAV__ligand409-0
147,CABMAV__ligand361-0
148,CABMAV__ligand324-0
149,CABMAV__ligand1114-0
150,CABMAV__ligand105-0
151,CABMAV__ligand140-0
152,CABMAV__ligand1538-0
153,CABMAV__ligand7550-0
154,CABMAV__ligand109-0
155,CABMAV__ligand560-0
156,CABMAV__ligand525-0
157,CABMAV__ligand2954-0
158,CABMAV__ligand5093-0
159,CABMAV__ligand235-0
160,CABMAV__ligand2253-0
161,CABMAV__ligand1160-0
162,CABMAV__ligand932-0
163,CABMAV__ligand134-0
164,CABMAV__ligand32-0
165,CABMAV__ligand1038-0
166,CABMAV__ligand390-0
167,CABMAV__ligand2762-0
168,CABMAV__ligand1907-0
169,CABMAV__ligand916-0
170,CABMAV__ligand584-0
171,CABMAV__ligand4423-0
172,CABMAV__ligand421-0
173,CABMAV__ligand798-0
174,CABMAV__ligand3890-0
175,CABMAV__ligand331-0
176,CABMAV__ligand7630-0
177,CABMAV__ligand1555-0
178,CABMAV__ligand993-0
179,CABMAV__ligand294-0
180,CABMAV__ligand1285-0
181,CABMAV__ligand3852-0
182,CABMAV__ligand3478-0
183,CABMAV__ligand5758-0
184,CABMAV__ligand296-0
185,CABMAV__ligand29-0
186,CABMAV__ligand91-0
187,CABMAV__ligand197-0
188,CABMAV__ligand7456-0
189,CABMAV__ligand112-0
190,CABMAV__ligand51-0
191,CABMAV__ligand1818-0
192,CABMAV__ligand3251-0
193,CABMAV__ligand136-0
194,CABMAV__ligand5235-0
195,CABMAV__ligand6143-0
196,CABMAV__ligand442-0
197,CABMAV__ligand4619-0
198,CABMAV__ligand868-0
199,CABMAV__ligand1493-0
200,CABMAV__ligand2718-0
201,CABMAV__ligand3070-0
202,CABMAV__ligand783-0
203,CABMAV__ligand352-0
204,CABMAV__ligand3035-0
205,CABMAV__ligand9176-0
206,CABMAV__ligand48-0
207,CABMAV__ligand4175-0
208,CABMAV__ligand34-0
209,CABMAV__ligand2255-0
210,CABMAV__ligand177-0
211,CABMAV__ligand934-0
212,CABMAV__ligand909-0
213,CABMAV__ligand1918-0
214,CABMAV__ligand851-0
215,CABMAV__ligand95-0
216,CABMAV__ligand4-0
217,CABMAV__ligand193-0
218,CABMAV__ligand4370-0
219,CABMAV__ligand830-0
220,CABMAV__ligand1436-0
221,CABMAV__ligand955-0
222,CABMAV__ligand55-0
223,CABMAV__ligand252-0
224,CABMAV__ligand3618-0
225,CABMAV__ligand2618-0
226,CABMAV__ligand2707-0
227,CABMAV__ligand460-0
228,CABMAV__ligand1690-0
229,CABMAV__ligand250-0
230,CABMAV__ligand57-0
231,CABMAV__ligand2526-0
232,CABMAV__ligand10357-0
233,CABMAV__ligand1551-0
234,CABMAV__ligand15630-0
235,CABMAV__ligand6-0
236,CABMAV__ligand370-0
237,CABMAV__ligand4012-0
238,CABMAV__ligand3196-0
239,CABMAV__ligand311-0
240,CABMAV__ligand369-0
241,CABMAV__ligand444-0
242,CABMAV__ligand73-0
243,CABMAV__ligand2915-0
244,CABMAV__ligand188-0
245,CABMAV__ligand6166-0
246,CABMAV__ligand422-0
247,CABMAV__ligand1246-0
248,CABMAV__ligand113-0
249,CABMAV__ligand2599-0
250,CABMAV__ligand5089-0
251,CABMAV__ligand1-0
252,CABMAV__ligand502-0
253,CABMAV__ligand196-0
254,CABMAV__ligand3853-0
255,CABMAV__ligand2853-0
256,CABMAV__ligand49-0
257,CABMAV__ligand353-0
258,CABMAV__ligand1307-0
259,CABMAV__ligand89-0
260,CABMAV__ligand236-0
261,CABMAV__ligand391-0
262,CABMAV__ligand4894-0
263,CABMAV__ligand1260-0
264,CABMAV__ligand9620-0
265,CABMAV__ligand170-0
266,CABMAV__ligand4811-0
267,CABMAV__ligand1449-1
268,CABMAV__ligand314-0
269,CABMAV__ligand3337-0
270,CABMAV__ligand481-0
271,CABMAV__ligand7514-0
272,CABMAV__ligand92-0
273,CABMAV__ligand3-0
274,CABMAV__ligand3566-0
275,CABMAV__ligand1178-0
276,CABMAV__ligand1321-0
277,CABMAV__ligand1788-0
278,CABMAV__ligand17-0
279,CABMAV__ligand210-0
280,CABMAV__ligand1325-0
281,CABMAV__ligand2482-0
282,CABMAV__ligand6571-0
283,CABMAV__ligand291-0
284,CABMAV__ligand14530-0
285,CABMAV__ligand5762-0
286,CABMAV__ligand7414-0
287,CABMAV__ligand1104-0
288,CABMAV__ligand115-0
289,CABMAV__ligand2442-0
290,CABMAV__ligand1019-0
291,CABMAV__ligand6430-0
292,CABMAV__ligand1299-0
293,CABMAV__ligand1221-0
294,CABMAV__ligand1264-0
295,CABMAV__ligand1379-0
296,CABMAV__ligand10910-0
297,CABMAV__ligand485-0
298,CABMAV__ligand2376-0
299,CABMAV__ligand784-0
300,CABMAV__ligand355-0
301,CABMAV__ligand2929-0
302,CABMAV__ligand2389-0
303,CABMAV__ligand487-0
304,CABMAV__ligand666-0
305,CABMAV__ligand1919-0
306,CABMAV__ligand522-0
307,CABMAV__ligand2916-0
308,CABMAV__ligand2110-0
309,CABMAV__ligand3579-0
310,CABMAV__ligand133-0
311,CABMAV__ligand1712-0
312,CABMAV__ligand447-0
313,CABMAV__ligand10114-0
314,CABMAV__ligand11-0
315,CABMAV__ligand682-0
316,CABMAV__ligand8032-0
317,CABMAV__ligand1858-0
318,CABMAV__ligand2315-0
319,CABMAV__ligand4504-0
320,CABMAV__ligand3051-0
321,CABMAV__ligand2480-0
322,CABMAV__ligand1898-0
323,CABMAV__ligand5334-0
324,CABMAV__ligand10479-0
