,TMC
0,XUKBIO__ligand17445-0
1,XUKBIO__ligand14477-0
2,XUKBIO__ligand9441-0
3,XUKBIO__ligand42-0
4,XUKBIO__ligand17069-0
5,XUKBIO__ligand152-0
6,XUKBIO__ligand2332-0
7,XUKBIO__ligand1631-0
8,XUKBIO__ligand11798-0
9,XUKBIO__ligand1575-0
10,XUKBIO__ligand20731-0
11,XUKBIO__ligand1530-0
12,XUKBIO__ligand29334-0
13,XUKBIO__ligand12413-0
14,XUKBIO__ligand9933-0
15,XUKBIO__ligand2915-0
16,XUKBIO__ligand11758-0
17,XUKBIO__ligand22357-0
18,XUKBIO__ligand3156-0
19,XUKBIO__ligand21448-0
20,XUKBIO__ligand6244-0
21,XUKBIO__ligand11501-0
22,XUKBIO__ligand11544-0
23,XUKBIO__ligand506-0
24,XUKBIO__ligand1378-0
25,XUKBIO__ligand29214-0
26,XUKBIO__ligand487-0
27,XUKBIO__ligand8992-0
28,XUKBIO__ligand27550-0
29,XUKBIO__ligand9601-0
30,XUKBIO__ligand14007-0
31,XUKBIO__ligand7967-0
32,XUKBIO__ligand6124-0
33,XUKBIO__ligand18019-1
34,XUKBIO__ligand3707-0
35,XUKBIO__ligand1018-0
36,XUKBIO__ligand4116-0
37,XUKBIO__ligand1823-0
38,XUKBIO__ligand176-0
39,XUKBIO__ligand27771-0
40,XUKBIO__ligand5643-0
41,XUKBIO__ligand66-0
42,XUKBIO__ligand18158-0
43,XUKBIO__ligand1324-0
44,XUKBIO__ligand23682-0
45,XUKBIO__ligand29565-0
46,XUKBIO__ligand8721-0
47,XUKBIO__ligand9952-0
48,XUKBIO__ligand9111-0
49,XUKBIO__ligand447-0
50,XUKBIO__ligand14226-0
51,XUKBIO__ligand21339-0
52,XUKBIO__ligand16956-0
53,XUKBIO__ligand20942-1
54,XUKBIO__ligand746-0
55,XUKBIO__ligand1615-0
56,XUKBIO__ligand2526-0
57,XUKBIO__ligand5036-0
58,XUKBIO__ligand13691-0
59,XUKBIO__ligand30788-0
60,XUKBIO__ligand4641-0
61,XUKBIO__ligand14339-0
62,XUKBIO__ligand395-0
63,XUKBIO__ligand21752-0
64,XUKBIO__ligand368-0
65,XUKBIO__ligand24624-0
66,XUKBIO__ligand18413-0
67,XUKBIO__ligand784-0
68,XUKBIO__ligand20844-0
69,XUKBIO__ligand24560-0
70,XUKBIO__ligand1142-0
71,XUKBIO__ligand3234-0
72,XUKBIO__ligand18757-0
73,XUKBIO__ligand7126-0
74,XUKBIO__ligand8835-0
75,XUKBIO__ligand2028-0
76,XUKBIO__ligand833-0
77,XUKBIO__ligand2917-0
78,XUKBIO__ligand7819-0
79,XUKBIO__ligand6102-0
80,XUKBIO__ligand6596-0
81,XUKBIO__ligand3721-0
82,XUKBIO__ligand6904-0
83,XUKBIO__ligand3465-0
84,XUKBIO__ligand30004-0
85,XUKBIO__ligand20557-0
86,XUKBIO__ligand38-0
87,XUKBIO__ligand115-0
88,XUKBIO__ligand4620-0
89,XUKBIO__ligand21940-0
90,XUKBIO__ligand25048-0
91,XUKBIO__ligand1577-0
92,XUKBIO__ligand6067-0
93,XUKBIO__ligand24953-0
94,XUKBIO__ligand2295-0
95,XUKBIO__ligand23445-0
96,XUKBIO__ligand16133-0
97,XUKBIO__ligand13755-0
98,XUKBIO__ligand27122-0
99,XUKBIO__ligand20432-0
100,XUKBIO__ligand314-1
101,XUKBIO__ligand31000-0
102,XUKBIO__ligand7242-0
103,XUKBIO__ligand11606-0
104,XUKBIO__ligand7106-0
105,XUKBIO__ligand20821-0
106,XUKBIO__ligand9908-0
107,XUKBIO__ligand1263-0
108,XUKBIO__ligand26673-0
109,XUKBIO__ligand1959-0
110,XUKBIO__ligand3504-0
111,XUKBIO__ligand18067-0
112,XUKBIO__ligand19824-0
113,XUKBIO__ligand9935-0
114,XUKBIO__ligand465-0
115,XUKBIO__ligand1573-0
116,XUKBIO__ligand1536-0
117,XUKBIO__ligand6616-0
118,XUKBIO__ligand1343-0
119,XUKBIO__ligand3876-0
120,XUKBIO__ligand3035-0
121,XUKBIO__ligand13260-0
122,XUKBIO__ligand3718-0
123,XUKBIO__ligand10582-0
124,XUKBIO__ligand1844-0
125,XUKBIO__ligand4661-0
126,XUKBIO__ligand11252-0
127,XUKBIO__ligand1512-0
128,XUKBIO__ligand5331-0
129,XUKBIO__ligand31205-0
130,XUKBIO__ligand17686-0
131,XUKBIO__ligand25658-0
132,XUKBIO__ligand391-0
133,XUKBIO__ligand3565-0
134,XUKBIO__ligand15455-0
135,XUKBIO__ligand618-0
136,XUKBIO__ligand11177-0
137,XUKBIO__ligand6919-0
138,XUKBIO__ligand3852-0
139,XUKBIO__ligand2485-0
140,XUKBIO__ligand5211-0
141,XUKBIO__ligand11622-0
142,XUKBIO__ligand4155-0
143,XUKBIO__ligand3094-0
144,XUKBIO__ligand18-0
145,XUKBIO__ligand16870-0
146,XUKBIO__ligand16603-0
147,XUKBIO__ligand4720-0
148,XUKBIO__ligand813-0
149,XUKBIO__ligand6839-0
150,XUKBIO__ligand11814-0
151,XUKBIO__ligand8969-0
152,XUKBIO__ligand3131-0
153,XUKBIO__ligand780-0
154,XUKBIO__ligand314-0
155,XUKBIO__ligand3174-0
156,XUKBIO__ligand3937-0
157,XUKBIO__ligand1202-0
158,XUKBIO__ligand13657-0
159,XUKBIO__ligand14347-0
160,XUKBIO__ligand14302-0
161,XUKBIO__ligand11698-0
162,XUKBIO__ligand4157-0
163,XUKBIO__ligand20530-0
164,XUKBIO__ligand9833-0
165,XUKBIO__ligand7648-0
166,XUKBIO__ligand8876-0
167,XUKBIO__ligand2828-0
168,XUKBIO__ligand5256-0
169,XUKBIO__ligand24851-0
170,XUKBIO__ligand2176-0
171,XUKBIO__ligand353-0
172,XUKBIO__ligand9291-0
173,XUKBIO__ligand10853-0
174,XUKBIO__ligand29441-0
175,XUKBIO__ligand2232-0
176,XUKBIO__ligand11479-0
177,XUKBIO__ligand10479-0
178,XUKBIO__ligand27610-0
179,XUKBIO__ligand29813-0
180,XUKBIO__ligand16952-0
181,XUKBIO__ligand393-0
182,XUKBIO__ligand1285-0
183,XUKBIO__ligand8115-0
184,XUKBIO__ligand6768-0
185,XUKBIO__ligand1982-0
186,XUKBIO__ligand7000-0
187,XUKBIO__ligand20121-0
188,XUKBIO__ligand4546-0
189,XUKBIO__ligand4503-0
190,XUKBIO__ligand15387-0
191,XUKBIO__ligand20220-0
192,XUKBIO__ligand422-0
193,XUKBIO__ligand7867-0
194,XUKBIO__ligand1219-0
195,XUKBIO__ligand6709-0
196,XUKBIO__ligand4016-0
197,XUKBIO__ligand7238-0
198,XUKBIO__ligand10151-0
199,XUKBIO__ligand1304-0
200,XUKBIO__ligand1790-0
201,XUKBIO__ligand686-0
202,XUKBIO__ligand7280-0
203,XUKBIO__ligand4272-0
204,XUKBIO__ligand1451-0
205,XUKBIO__ligand196-0
206,XUKBIO__ligand7629-0
207,XUKBIO__ligand19906-0
208,XUKBIO__ligand9784-0
209,XUKBIO__ligand19668-0
210,XUKBIO__ligand9520-0
211,XUKBIO__ligand8699-0
212,XUKBIO__ligand1160-0
213,XUKBIO__ligand3954-0
214,XUKBIO__ligand22353-0
215,XUKBIO__ligand4093-0
216,XUKBIO__ligand4442-0
217,XUKBIO__ligand24780-0
218,XUKBIO__ligand1773-0
219,XUKBIO__ligand620-0
220,XUKBIO__ligand4581-0
221,XUKBIO__ligand12138-0
222,XUKBIO__ligand22129-0
223,XUKBIO__ligand370-1
224,XUKBIO__ligand2328-0
225,XUKBIO__ligand7162-0
226,XUKBIO__ligand11949-0
227,XUKBIO__ligand564-0
228,XUKBIO__ligand3029-0
229,XUKBIO__ligand479-0
230,XUKBIO__ligand311-0
231,XUKBIO__ligand785-0
232,XUKBIO__ligand9197-0
233,XUKBIO__ligand25561-0
234,XUKBIO__ligand1900-0
235,XUKBIO__ligand2208-0
236,XUKBIO__ligand29486-0
237,XUKBIO__ligand3208-0
238,XUKBIO__ligand31694-0
239,XUKBIO__ligand8722-0
240,XUKBIO__ligand188-0
241,XUKBIO__ligand17427-0
242,XUKBIO__ligand9809-0
243,XUKBIO__ligand6672-0
244,XUKBIO__ligand1327-0
245,XUKBIO__ligand3350-0
246,XUKBIO__ligand7573-0
247,XUKBIO__ligand2781-0
248,XUKBIO__ligand22444-0
249,XUKBIO__ligand1533-0
250,XUKBIO__ligand24111-0
251,XUKBIO__ligand13385-0
252,XUKBIO__ligand14569-0
253,XUKBIO__ligand15788-0
254,XUKBIO__ligand1496-0
255,XUKBIO__ligand7557-0
256,XUKBIO__ligand23175-0
257,XUKBIO__ligand17396-0
258,XUKBIO__ligand250-0
259,XUKBIO__ligand13220-0
260,XUKBIO__ligand11587-0
261,XUKBIO__ligand24872-0
262,XUKBIO__ligand8-0
263,XUKBIO__ligand30728-0
264,XUKBIO__ligand4131-0
265,XUKBIO__ligand1712-0
266,XUKBIO__ligand27840-0
267,XUKBIO__ligand12001-0
268,XUKBIO__ligand24644-0
269,XUKBIO__ligand5094-0
270,XUKBIO__ligand5892-0
271,XUKBIO__ligand370-0
272,XUKBIO__ligand10033-0
273,XUKBIO__ligand5935-0
274,XUKBIO__ligand2722-0
275,XUKBIO__ligand193-0
276,XUKBIO__ligand1379-0
277,XUKBIO__ligand29215-0
278,XUKBIO__ligand10872-0
279,XUKBIO__ligand21399-0
280,XUKBIO__ligand3157-0
281,XUKBIO__ligand372-0
282,XUKBIO__ligand9525-0
283,XUKBIO__ligand12003-0
284,XUKBIO__ligand26631-0
285,XUKBIO__ligand16148-0
286,XUKBIO__ligand1165-0
287,XUKBIO__ligand830-0
288,XUKBIO__ligand4850-0
289,XUKBIO__ligand5056-0
290,XUKBIO__ligand3647-0
291,XUKBIO__ligand22403-0
292,XUKBIO__ligand5357-0
293,XUKBIO__ligand1688-0
294,XUKBIO__ligand11111-0
295,XUKBIO__ligand28540-0
296,XUKBIO__ligand1469-0
297,XUKBIO__ligand252-0
298,XUKBIO__ligand3871-0
299,XUKBIO__ligand16369-0
300,XUKBIO__ligand43-0
301,XUKBIO__ligand1768-0
302,XUKBIO__ligand20695-0
303,XUKBIO__ligand27754-0
304,XUKBIO__ligand116-0
305,XUKBIO__ligand26529-0
306,XUKBIO__ligand2527-0
307,XUKBIO__ligand177-0
308,XUKBIO__ligand8349-0
309,XUKBIO__ligand8464-0
310,XUKBIO__ligand67-0
311,XUKBIO__ligand1709-0
312,XUKBIO__ligand11618-0
313,XUKBIO__ligand14043-0
314,XUKBIO__ligand26324-0
315,XUKBIO__ligand28559-0
316,XUKBIO__ligand3392-0
317,XUKBIO__ligand909-0
318,XUKBIO__ligand19927-0
319,XUKBIO__ligand1771-0
320,XUKBIO__ligand4911-0
321,XUKBIO__ligand5849-0
322,XUKBIO__ligand27239-0
323,XUKBIO__ligand21729-0
324,XUKBIO__ligand3012-0
325,XUKBIO__ligand1449-0
326,XUKBIO__ligand1065-0
327,XUKBIO__ligand7530-0
328,XUKBIO__ligand27669-0
329,XUKBIO__ligand9681-0
330,XUKBIO__ligand868-0
331,XUKBIO__ligand30142-0
332,XUKBIO__ligand14167-0
333,XUKBIO__ligand13477-0
334,XUKBIO__ligand4332-0
335,XUKBIO__ligand3934-0
336,XUKBIO__ligand352-0
337,XUKBIO__ligand783-0
338,XUKBIO__ligand29029-0
339,XUKBIO__ligand6882-0
340,XUKBIO__ligand6455-0
341,XUKBIO__ligand27285-0
342,XUKBIO__ligand2403-0
343,XUKBIO__ligand23197-0
344,XUKBIO__ligand10371-0
345,XUKBIO__ligand9148-0
346,XUKBIO__ligand197-0
347,XUKBIO__ligand6946-0
348,XUKBIO__ligand1415-0
349,XUKBIO__ligand18568-0
350,XUKBIO__ligand28685-0
351,XUKBIO__ligand7529-0
352,XUKBIO__ligand13672-0
353,XUKBIO__ligand1729-0
354,XUKBIO__ligand5627-0
355,XUKBIO__ligand2830-0
356,XUKBIO__ligand19184-0
357,XUKBIO__ligand28459-0
358,XUKBIO__ligand5316-0
359,XUKBIO__ligand12453-0
360,XUKBIO__ligand18448-0
361,XUKBIO__ligand5483-0
362,XUKBIO__ligand6283-0
363,XUKBIO__ligand685-0
364,XUKBIO__ligand20207-0
365,XUKBIO__ligand30711-0
366,XUKBIO__ligand11682-0
367,XUKBIO__ligand45-0
368,XUKBIO__ligand4738-0
369,XUKBIO__ligand4813-0
370,XUKBIO__ligand5813-0
371,XUKBIO__ligand421-0
372,XUKBIO__ligand25913-0
373,XUKBIO__ligand6062-0
374,XUKBIO__ligand16988-0
375,XUKBIO__ligand14614-0
376,XUKBIO__ligand3215-0
377,XUKBIO__ligand16663-0
378,XUKBIO__ligand11994-0
379,XUKBIO__ligand31044-0
380,XUKBIO__ligand31842-0
381,XUKBIO__ligand294-0
382,XUKBIO__ligand78-0
383,XUKBIO__ligand24035-0
384,XUKBIO__ligand7107-0
385,XUKBIO__ligand28743-0
386,XUKBIO__ligand15531-0
387,XUKBIO__ligand11357-0
388,XUKBIO__ligand13862-0
389,XUKBIO__ligand1147-0
390,XUKBIO__ligand12365-0
391,XUKBIO__ligand10056-0
392,XUKBIO__ligand3973-0
393,XUKBIO__ligand7925-0
394,XUKBIO__ligand560-0
395,XUKBIO__ligand2068-0
396,XUKBIO__ligand21919-0
397,XUKBIO__ligand19-0
398,XUKBIO__ligand22294-0
399,XUKBIO__ligand22168-0
400,XUKBIO__ligand28930-0
401,XUKBIO__ligand15883-0
402,XUKBIO__ligand24-0
403,XUKBIO__ligand134-0
404,XUKBIO__ligand7532-0
405,XUKBIO__ligand11970-0
406,XUKBIO__ligand235-0
407,XUKBIO__ligand4194-0
408,XUKBIO__ligand10828-0
409,XUKBIO__ligand4330-0
410,XUKBIO__ligand19792-0
411,XUKBIO__ligand2599-0
412,XUKBIO__ligand15926-0
413,XUKBIO__ligand24230-0
414,XUKBIO__ligand11096-0
415,XUKBIO__ligand11447-0
416,XUKBIO__ligand28810-0
417,XUKBIO__ligand1828-0
418,XUKBIO__ligand17805-0
419,XUKBIO__ligand1397-0
420,XUKBIO__ligand7213-0
421,XUKBIO__ligand8042-0
422,XUKBIO__ligand17302-0
423,XUKBIO__ligand6112-0
424,XUKBIO__ligand361-0
425,XUKBIO__ligand324-0
426,XUKBIO__ligand3144-0
427,XUKBIO__ligand5085-0
428,XUKBIO__ligand409-0
429,XUKBIO__ligand25178-0
430,XUKBIO__ligand4710-0
431,XUKBIO__ligand5755-0
432,XUKBIO__ligand24185-0
433,XUKBIO__ligand23769-0
434,XUKBIO__ligand10476-0
435,XUKBIO__ligand1908-0
436,XUKBIO__ligand13068-0
437,XUKBIO__ligand19830-0
438,XUKBIO__ligand12401-0
439,XUKBIO__ligand15585-0
440,XUKBIO__ligand24145-0
441,XUKBIO__ligand3285-0
442,XUKBIO__ligand4795-0
443,XUKBIO__ligand1786-0
444,XUKBIO__ligand12231-0
445,XUKBIO__ligand26702-0
446,XUKBIO__ligand13658-0
447,XUKBIO__ligand5630-0
448,XUKBIO__ligand18292-0
449,XUKBIO__ligand12289-0
450,XUKBIO__ligand12130-0
451,XUKBIO__ligand17387-0
452,XUKBIO__ligand13425-0
453,XUKBIO__ligand29302-0
454,XUKBIO__ligand19057-0
455,XUKBIO__ligand18814-0
456,XUKBIO__ligand28676-0
457,XUKBIO__ligand10262-0
458,XUKBIO__ligand5280-0
459,XUKBIO__ligand5614-0
460,XUKBIO__ligand1831-0
461,XUKBIO__ligand27763-0
462,XUKBIO__ligand199-0
463,XUKBIO__ligand5515-0
464,XUKBIO__ligand89-0
465,XUKBIO__ligand6663-0
466,XUKBIO__ligand10958-0
467,XUKBIO__ligand49-0
468,XUKBIO__ligand12641-0
469,XUKBIO__ligand588-0
470,XUKBIO__ligand1849-0
471,XUKBIO__ligand5019-0
472,XUKBIO__ligand1152-0
473,XUKBIO__ligand3261-0
474,XUKBIO__ligand300-0
475,XUKBIO__ligand1216-0
476,XUKBIO__ligand14108-0
477,XUKBIO__ligand12606-0
478,XUKBIO__ligand3453-0
479,XUKBIO__ligand633-0
480,XUKBIO__ligand3416-0
481,XUKBIO__ligand30333-0
482,XUKBIO__ligand4207-0
483,XUKBIO__ligand26540-0
484,XUKBIO__ligand29410-0
485,XUKBIO__ligand1539-0
486,XUKBIO__ligand12337-0
487,XUKBIO__ligand497-0
488,XUKBIO__ligand1150-0
489,XUKBIO__ligand30296-0
490,XUKBIO__ligand17281-0
491,XUKBIO__ligand7438-0
492,XUKBIO__ligand8200-0
493,XUKBIO__ligand16628-0
494,XUKBIO__ligand4063-0
495,XUKBIO__ligand12427-0
496,XUKBIO__ligand20740-0
497,XUKBIO__ligand28468-0
498,XUKBIO__ligand3042-0
499,XUKBIO__ligand27460-0
500,XUKBIO__ligand7075-0
501,XUKBIO__ligand436-0
502,XUKBIO__ligand30988-0
503,XUKBIO__ligand23713-0
504,XUKBIO__ligand3980-0
505,XUKBIO__ligand27175-0
506,XUKBIO__ligand3557-0
507,XUKBIO__ligand18832-0
508,XUKBIO__ligand1149-0
509,XUKBIO__ligand12934-0
510,XUKBIO__ligand17-0
511,XUKBIO__ligand20578-0
512,XUKBIO__ligand1779-0
513,XUKBIO__ligand15422-0
514,XUKBIO__ligand19641-0
515,XUKBIO__ligand6993-0
516,XUKBIO__ligand1817-0
517,XUKBIO__ligand9750-0
518,XUKBIO__ligand14723-0
519,XUKBIO__ligand27893-0
520,XUKBIO__ligand692-0
521,XUKBIO__ligand1400-0
522,XUKBIO__ligand4266-0
523,XUKBIO__ligand31783-0
524,XUKBIO__ligand9491-0
525,XUKBIO__ligand4167-0
526,XUKBIO__ligand13012-0
527,XUKBIO__ligand17631-0
528,XUKBIO__ligand1288-0
529,XUKBIO__ligand26665-0
530,XUKBIO__ligand14603-0
531,XUKBIO__ligand14297-0
532,XUKBIO__ligand326-0
533,XUKBIO__ligand17258-0
534,XUKBIO__ligand2027-0
535,XUKBIO__ligand31097-0
536,XUKBIO__ligand21581-0
537,XUKBIO__ligand696-0
538,XUKBIO__ligand20539-0
539,XUKBIO__ligand1015-0
540,XUKBIO__ligand20214-0
541,XUKBIO__ligand30702-0
542,XUKBIO__ligand1050-0
543,XUKBIO__ligand20251-0
544,XUKBIO__ligand17261-0
545,XUKBIO__ligand14117-0
546,XUKBIO__ligand28789-0
547,XUKBIO__ligand20419-0
548,XUKBIO__ligand1618-0
549,XUKBIO__ligand17118-0
550,XUKBIO__ligand21371-0
551,XUKBIO__ligand2692-0
552,XUKBIO__ligand30851-0
553,XUKBIO__ligand656-0
554,XUKBIO__ligand14889-0
555,XUKBIO__ligand1028-0
556,XUKBIO__ligand4262-0
557,XUKBIO__ligand29568-0
558,XUKBIO__ligand1154-0
559,XUKBIO__ligand17278-0
560,XUKBIO__ligand20011-0
561,XUKBIO__ligand29414-0
562,XUKBIO__ligand9615-0
563,XUKBIO__ligand17982-0
564,XUKBIO__ligand11675-0
565,XUKBIO__ligand20598-0
566,XUKBIO__ligand22557-0
567,XUKBIO__ligand10589-0
568,XUKBIO__ligand24047-0
569,XUKBIO__ligand1498-0
570,XUKBIO__ligand17398-0
571,XUKBIO__ligand4596-0
572,XUKBIO__ligand162-0
573,XUKBIO__ligand226-0
574,XUKBIO__ligand16475-0
575,XUKBIO__ligand14703-0
576,XUKBIO__ligand20251-1
577,XUKBIO__ligand416-0
578,XUKBIO__ligand1169-0
579,XUKBIO__ligand8529-0
580,XUKBIO__ligand383-0
581,XUKBIO__ligand4-0
582,XUKBIO__ligand2001-0
583,XUKBIO__ligand7566-0
584,XUKBIO__ligand25411-0
585,XUKBIO__ligand11456-0
586,XUKBIO__ligand9944-0
587,XUKBIO__ligand10712-0
588,XUKBIO__ligand14174-0
589,XUKBIO__ligand8593-0
590,XUKBIO__ligand13331-0
591,XUKBIO__ligand28884-0
592,XUKBIO__ligand8553-0
593,XUKBIO__ligand12030-0
594,XUKBIO__ligand1113-0
595,XUKBIO__ligand14248-0
596,XUKBIO__ligand29879-0
597,XUKBIO__ligand670-0
598,XUKBIO__ligand31832-0
599,XUKBIO__ligand13294-0
600,XUKBIO__ligand534-0
601,XUKBIO__ligand571-0
602,XUKBIO__ligand5201-0
603,XUKBIO__ligand5415-0
604,XUKBIO__ligand13208-0
605,XUKBIO__ligand4161-0
606,XUKBIO__ligand3471-0
607,XUKBIO__ligand69-0
608,XUKBIO__ligand27482-0
609,XUKBIO__ligand4124-0
610,XUKBIO__ligand26810-0
611,XUKBIO__ligand6995-0
612,XUKBIO__ligand20682-0
613,XUKBIO__ligand11-0
614,XUKBIO__ligand2823-0
615,XUKBIO__ligand694-0
616,XUKBIO__ligand358-0
617,XUKBIO__ligand2650-0
618,XUKBIO__ligand2281-0
619,XUKBIO__ligand430-0
620,XUKBIO__ligand4340-0
621,XUKBIO__ligand488-0
622,XUKBIO__ligand13390-0
623,XUKBIO__ligand3180-0
624,XUKBIO__ligand2043-0
625,XUKBIO__ligand18699-0
626,XUKBIO__ligand12682-0
627,XUKBIO__ligand3-0
628,XUKBIO__ligand8788-0
629,XUKBIO__ligand1832-0
630,XUKBIO__ligand122-0
631,XUKBIO__ligand32-0
632,XUKBIO__ligand17590-0
633,XUKBIO__ligand1604-0
634,XUKBIO__ligand757-0
635,XUKBIO__ligand1228-0
636,XUKBIO__ligand17240-0
637,XUKBIO__ligand9943-0
638,XUKBIO__ligand6391-0
639,XUKBIO__ligand3126-0
640,XUKBIO__ligand9284-0
641,XUKBIO__ligand12336-0
642,XUKBIO__ligand1114-0
643,XUKBIO__ligand13072-0
644,XUKBIO__ligand2417-0
645,XUKBIO__ligand1289-0
646,XUKBIO__ligand5387-0
647,XUKBIO__ligand2203-0
648,XUKBIO__ligand19725-0
649,XUKBIO__ligand24613-0
650,XUKBIO__ligand31483-0
651,XUKBIO__ligand10555-0
652,XUKBIO__ligand17710-0
653,XUKBIO__ligand20579-0
654,XUKBIO__ligand9450-0
655,XUKBIO__ligand16-0
656,XUKBIO__ligand11568-0
657,XUKBIO__ligand693-0
658,XUKBIO__ligand2612-0
659,XUKBIO__ligand14586-0
660,XUKBIO__ligand11774-0
661,XUKBIO__ligand21421-0
662,XUKBIO__ligand1599-0
663,XUKBIO__ligand5530-0
664,XUKBIO__ligand1787-0
665,XUKBIO__ligand240-0
666,XUKBIO__ligand1356-0
667,XUKBIO__ligand9753-0
668,XUKBIO__ligand7196-0
669,XUKBIO__ligand141-0
670,XUKBIO__ligand51-0
671,XUKBIO__ligand5159-0
672,XUKBIO__ligand10432-0
673,XUKBIO__ligand11432-0
674,XUKBIO__ligand31618-0
675,XUKBIO__ligand4807-0
676,XUKBIO__ligand22755-0
677,XUKBIO__ligand3178-0
678,XUKBIO__ligand29898-0
679,XUKBIO__ligand26277-0
680,XUKBIO__ligand15168-0
681,XUKBIO__ligand2906-0
682,XUKBIO__ligand3244-0
683,XUKBIO__ligand4711-0
684,XUKBIO__ligand5649-0
685,XUKBIO__ligand23589-0
686,XUKBIO__ligand2788-0
687,XUKBIO__ligand8793-0
688,XUKBIO__ligand4649-0
689,XUKBIO__ligand91-0
690,XUKBIO__ligand24064-0
691,XUKBIO__ligand768-0
692,XUKBIO__ligand1116-0
693,XUKBIO__ligand3225-0
694,XUKBIO__ligand18703-0
695,XUKBIO__ligand1153-0
696,XUKBIO__ligand2260-0
697,XUKBIO__ligand7092-0
698,XUKBIO__ligand29087-0
699,XUKBIO__ligand8612-0
700,XUKBIO__ligand2124-0
701,XUKBIO__ligand7172-0
702,XUKBIO__ligand48-0
703,XUKBIO__ligand15438-0
704,XUKBIO__ligand7273-0
705,XUKBIO__ligand9323-0
706,XUKBIO__ligand28924-0
707,XUKBIO__ligand1-0
708,XUKBIO__ligand5180-0
709,XUKBIO__ligand24750-0
710,XUKBIO__ligand6017-0
711,XUKBIO__ligand17207-0
712,XUKBIO__ligand31578-0
713,XUKBIO__ligand7316-0
714,XUKBIO__ligand18013-0
715,XUKBIO__ligand384-0
716,XUKBIO__ligand25224-0
717,XUKBIO__ligand17945-0
718,XUKBIO__ligand5708-0
719,XUKBIO__ligand4101-0
720,XUKBIO__ligand27835-0
721,XUKBIO__ligand5595-0
722,XUKBIO__ligand12295-0
723,XUKBIO__ligand4358-0
724,XUKBIO__ligand3926-0
725,XUKBIO__ligand3120-0
726,XUKBIO__ligand25689-0
727,XUKBIO__ligand25575-0
728,XUKBIO__ligand2221-0
729,XUKBIO__ligand21787-0
730,XUKBIO__ligand1296-0
731,XUKBIO__ligand2259-0
732,XUKBIO__ligand1197-0
733,XUKBIO__ligand338-0
734,XUKBIO__ligand30539-0
735,XUKBIO__ligand8592-0
736,XUKBIO__ligand5099-0
737,XUKBIO__ligand9773-0
738,XUKBIO__ligand11166-0
739,XUKBIO__ligand5510-0
740,XUKBIO__ligand21132-0
741,XUKBIO__ligand1376-0
742,XUKBIO__ligand34-0
743,XUKBIO__ligand23906-0
744,XUKBIO__ligand9167-0
745,XUKBIO__ligand5304-0
746,XUKBIO__ligand2238-0
747,XUKBIO__ligand23124-0
748,XUKBIO__ligand55-0
749,XUKBIO__ligand11206-0
750,XUKBIO__ligand7293-0
751,XUKBIO__ligand2822-0
752,XUKBIO__ligand25735-0
753,XUKBIO__ligand3867-0
754,XUKBIO__ligand201-0
755,XUKBIO__ligand12519-0
756,XUKBIO__ligand1317-0
757,XUKBIO__ligand8002-0
758,XUKBIO__ligand5509-0
759,XUKBIO__ligand279-0
760,XUKBIO__ligand185-0
761,XUKBIO__ligand1407-0
762,XUKBIO__ligand6117-0
763,XUKBIO__ligand19257-0
764,XUKBIO__ligand13209-0
765,XUKBIO__ligand178-0
766,XUKBIO__ligand12660-0
767,XUKBIO__ligand68-0
768,XUKBIO__ligand25650-0
769,XUKBIO__ligand321-0
770,XUKBIO__ligand5080-0
771,XUKBIO__ligand7762-0
772,XUKBIO__ligand31248-0
773,XUKBIO__ligand28668-0
774,XUKBIO__ligand657-0
775,XUKBIO__ligand9344-0
776,XUKBIO__ligand187-0
777,XUKBIO__ligand3736-0
778,XUKBIO__ligand8000-0
779,XUKBIO__ligand16791-0
780,XUKBIO__ligand18799-0
781,XUKBIO__ligand18465-0
782,XUKBIO__ligand366-0
783,XUKBIO__ligand3945-0
784,XUKBIO__ligand5383-0
785,XUKBIO__ligand2693-0
786,XUKBIO__ligand13869-0
787,XUKBIO__ligand2985-0
788,XUKBIO__ligand18074-0
789,XUKBIO__ligand4007-0
790,XUKBIO__ligand777-0
791,XUKBIO__ligand29863-0
792,XUKBIO__ligand9299-0
793,XUKBIO__ligand11140-0
794,XUKBIO__ligand7291-0
795,XUKBIO__ligand3677-1
796,XUKBIO__ligand57-0
797,XUKBIO__ligand9883-0
798,XUKBIO__ligand29610-0
799,XUKBIO__ligand596-0
800,XUKBIO__ligand941-0
801,XUKBIO__ligand12467-0
802,XUKBIO__ligand3677-0
803,XUKBIO__ligand3632-0
804,XUKBIO__ligand1168-0
805,XUKBIO__ligand10084-0
806,XUKBIO__ligand25267-0
807,XUKBIO__ligand1294-0
808,XUKBIO__ligand23904-0
809,XUKBIO__ligand163-0
810,XUKBIO__ligand126-0
811,XUKBIO__ligand6699-0
812,XUKBIO__ligand21936-0
813,XUKBIO__ligand13257-0
814,XUKBIO__ligand20599-0
815,XUKBIO__ligand1464-0
816,XUKBIO__ligand3712-0
817,XUKBIO__ligand22981-0
818,XUKBIO__ligand25805-0
819,XUKBIO__ligand1499-0
820,XUKBIO__ligand27074-0
821,XUKBIO__ligand2881-0
822,XUKBIO__ligand18391-0
823,XUKBIO__ligand6892-0
824,XUKBIO__ligand845-0
825,XUKBIO__ligand14523-0
826,XUKBIO__ligand27169-0
827,XUKBIO__ligand1211-0
