,TMC
0,PEMROO__ligand534-0
1,PEMROO__ligand3157-0
2,PEMROO__ligand571-0
3,PEMROO__ligand9525-0
4,PEMROO__ligand14523-0
5,PEMROO__ligand27169-0
6,PEMROO__ligand18391-0
7,PEMROO__ligand1165-0
8,PEMROO__ligand670-0
9,PEMROO__ligand27074-0
10,PEMROO__ligand5935-0
11,PEMROO__ligand2722-0
12,PEMROO__ligand22981-0
13,PEMROO__ligand25805-0
14,PEMROO__ligand1379-0
15,PEMROO__ligand20599-0
16,PEMROO__ligand13257-0
17,PEMROO__ligand1469-0
18,PEMROO__ligand21936-0
19,PEMROO__ligand3871-0
20,PEMROO__ligand1768-0
21,PEMROO__ligand23904-0
22,PEMROO__ligand4850-0
23,PEMROO__ligand25267-0
24,PEMROO__ligand5056-0
25,PEMROO__ligand10084-0
26,PEMROO__ligand3647-0
27,PEMROO__ligand5357-0
28,PEMROO__ligand32-0
29,PEMROO__ligand12467-0
30,PEMROO__ligand1688-0
31,PEMROO__ligand8349-0
32,PEMROO__ligand8464-0
33,PEMROO__ligand29610-0
34,PEMROO__ligand1709-0
35,PEMROO__ligand488-0
36,PEMROO__ligand430-0
37,PEMROO__ligand11140-0
38,PEMROO__ligand358-0
39,PEMROO__ligand694-0
40,PEMROO__ligand16-0
41,PEMROO__ligand29863-0
42,PEMROO__ligand13869-0
43,PEMROO__ligand18074-0
44,PEMROO__ligand1-0
45,PEMROO__ligand2527-0
46,PEMROO__ligand5849-0
47,PEMROO__ligand18465-0
48,PEMROO__ligand18799-0
49,PEMROO__ligand16791-0
50,PEMROO__ligand3392-0
51,PEMROO__ligand28668-0
52,PEMROO__ligand1771-0
53,PEMROO__ligand4911-0
54,PEMROO__ligand31248-0
55,PEMROO__ligand25650-0
56,PEMROO__ligand9197-0
57,PEMROO__ligand91-0
58,PEMROO__ligand1900-0
59,PEMROO__ligand656-0
60,PEMROO__ligand1773-0
61,PEMROO__ligand4581-0
62,PEMROO__ligand2328-0
63,PEMROO__ligand12660-0
64,PEMROO__ligand7162-0
65,PEMROO__ligand19257-0
66,PEMROO__ligand13209-0
67,PEMROO__ligand3029-0
68,PEMROO__ligand8722-0
69,PEMROO__ligand9809-0
70,PEMROO__ligand6672-0
71,PEMROO__ligand1327-0
72,PEMROO__ligand25735-0
73,PEMROO__ligand12519-0
74,PEMROO__ligand11206-0
75,PEMROO__ligand23124-0
76,PEMROO__ligand3350-0
77,PEMROO__ligand7573-0
78,PEMROO__ligand2781-0
79,PEMROO__ligand3-0
80,PEMROO__ligand2208-0
81,PEMROO__ligand3208-0
82,PEMROO__ligand696-0
83,PEMROO__ligand51-0
84,PEMROO__ligand383-0
85,PEMROO__ligand1496-0
86,PEMROO__ligand23906-0
87,PEMROO__ligand7557-0
88,PEMROO__ligand416-0
89,PEMROO__ligand21132-0
90,PEMROO__ligand11166-0
91,PEMROO__ligand30539-0
92,PEMROO__ligand226-0
93,PEMROO__ligand1533-0
94,PEMROO__ligand162-0
95,PEMROO__ligand25575-0
96,PEMROO__ligand21787-0
97,PEMROO__ligand25689-0
98,PEMROO__ligand5094-0
99,PEMROO__ligand5892-0
100,PEMROO__ligand48-0
101,PEMROO__ligand12295-0
102,PEMROO__ligand27835-0
103,PEMROO__ligand4131-0
104,PEMROO__ligand1712-0
105,PEMROO__ligand17945-0
106,PEMROO__ligand4738-0
107,PEMROO__ligand4813-0
108,PEMROO__ligand5813-0
109,PEMROO__ligand18013-0
110,PEMROO__ligand25224-0
111,PEMROO__ligand17207-0
112,PEMROO__ligand31578-0
113,PEMROO__ligand6062-0
114,PEMROO__ligand34-0
115,PEMROO__ligand6283-0
116,PEMROO__ligand24750-0
117,PEMROO__ligand28924-0
118,PEMROO__ligand15438-0
119,PEMROO__ligand497-0
120,PEMROO__ligand7107-0
121,PEMROO__ligand29087-0
122,PEMROO__ligand18703-0
123,PEMROO__ligand633-0
124,PEMROO__ligand3215-0
125,PEMROO__ligand7925-0
126,PEMROO__ligand326-0
127,PEMROO__ligand24064-0
128,PEMROO__ligand2068-0
129,PEMROO__ligand23589-0
130,PEMROO__ligand1147-0
131,PEMROO__ligand68-0
132,PEMROO__ligand15168-0
133,PEMROO__ligand3973-0
134,PEMROO__ligand29898-0
135,PEMROO__ligand692-0
136,PEMROO__ligand26277-0
137,PEMROO__ligand4330-0
138,PEMROO__ligand55-0
139,PEMROO__ligand2599-0
140,PEMROO__ligand22755-0
141,PEMROO__ligand10432-0
142,PEMROO__ligand11432-0
143,PEMROO__ligand31618-0
144,PEMROO__ligand7532-0
145,PEMROO__ligand4194-0
146,PEMROO__ligand436-0
147,PEMROO__ligand9681-0
148,PEMROO__ligand21421-0
149,PEMROO__ligand14586-0
150,PEMROO__ligand11774-0
151,PEMROO__ligand4332-0
152,PEMROO__ligand57-0
153,PEMROO__ligand3012-0
154,PEMROO__ligand1449-0
155,PEMROO__ligand1065-0
156,PEMROO__ligand11568-0
157,PEMROO__ligand7530-0
158,PEMROO__ligand20579-0
159,PEMROO__ligand17710-0
160,PEMROO__ligand10555-0
161,PEMROO__ligand2403-0
162,PEMROO__ligand31483-0
163,PEMROO__ligand409-0
164,PEMROO__ligand361-0
165,PEMROO__ligand324-0
166,PEMROO__ligand3934-0
167,PEMROO__ligand24613-0
168,PEMROO__ligand6882-0
169,PEMROO__ligand6455-0
170,PEMROO__ligand19725-0
171,PEMROO__ligand300-0
172,PEMROO__ligand1415-0
173,PEMROO__ligand6946-0
174,PEMROO__ligand7529-0
175,PEMROO__ligand588-0
176,PEMROO__ligand13072-0
177,PEMROO__ligand12336-0
178,PEMROO__ligand9148-0
179,PEMROO__ligand5316-0
180,PEMROO__ligand17240-0
181,PEMROO__ligand199-0
182,PEMROO__ligand5483-0
183,PEMROO__ligand17590-0
184,PEMROO__ligand1729-0
185,PEMROO__ligand5627-0
186,PEMROO__ligand18699-0
187,PEMROO__ligand12682-0
188,PEMROO__ligand2830-0
189,PEMROO__ligand596-0
190,PEMROO__ligand941-0
191,PEMROO__ligand13390-0
192,PEMROO__ligand4641-0
193,PEMROO__ligand777-0
194,PEMROO__ligand20682-0
195,PEMROO__ligand27482-0
196,PEMROO__ligand26810-0
197,PEMROO__ligand7126-0
198,PEMROO__ligand13208-0
199,PEMROO__ligand366-0
200,PEMROO__ligand8835-0
201,PEMROO__ligand2028-0
202,PEMROO__ligand187-0
203,PEMROO__ligand1142-0
204,PEMROO__ligand3234-0
205,PEMROO__ligand657-0
206,PEMROO__ligand6102-0
207,PEMROO__ligand6596-0
208,PEMROO__ligand3721-0
209,PEMROO__ligand6904-0
210,PEMROO__ligand13294-0
211,PEMROO__ligand3465-0
212,PEMROO__ligand845-0
213,PEMROO__ligand31832-0
214,PEMROO__ligand14248-0
215,PEMROO__ligand29879-0
216,PEMROO__ligand12030-0
217,PEMROO__ligand2917-0
218,PEMROO__ligand13331-0
219,PEMROO__ligand28884-0
220,PEMROO__ligand49-0
221,PEMROO__ligand7819-0
222,PEMROO__ligand10712-0
223,PEMROO__ligand14174-0
224,PEMROO__ligand1577-0
225,PEMROO__ligand6067-0
226,PEMROO__ligand2295-0
227,PEMROO__ligand89-0
228,PEMROO__ligand11456-0
229,PEMROO__ligand163-0
230,PEMROO__ligand126-0
231,PEMROO__ligand4620-0
232,PEMROO__ligand25411-0
233,PEMROO__ligand1631-0
234,PEMROO__ligand1575-0
235,PEMROO__ligand1530-0
236,PEMROO__ligand20251-1
237,PEMROO__ligand9933-0
238,PEMROO__ligand16475-0
239,PEMROO__ligand14703-0
240,PEMROO__ligand338-0
241,PEMROO__ligand9441-0
242,PEMROO__ligand2332-0
243,PEMROO__ligand17398-0
244,PEMROO__ligand6244-0
245,PEMROO__ligand22557-0
246,PEMROO__ligand10589-0
247,PEMROO__ligand24047-0
248,PEMROO__ligand1378-0
249,PEMROO__ligand11675-0
250,PEMROO__ligand20598-0
251,PEMROO__ligand29414-0
252,PEMROO__ligand17982-0
253,PEMROO__ligand20011-0
254,PEMROO__ligand17278-0
255,PEMROO__ligand2915-0
256,PEMROO__ligand3156-0
257,PEMROO__ligand7967-0
258,PEMROO__ligand321-0
259,PEMROO__ligand6124-0
260,PEMROO__ligand29568-0
261,PEMROO__ligand3707-0
262,PEMROO__ligand1018-0
263,PEMROO__ligand30851-0
264,PEMROO__ligand14889-0
265,PEMROO__ligand4116-0
266,PEMROO__ligand17118-0
267,PEMROO__ligand21371-0
268,PEMROO__ligand178-0
269,PEMROO__ligand20419-0
270,PEMROO__ligand8992-0
271,PEMROO__ligand28789-0
272,PEMROO__ligand185-0
273,PEMROO__ligand9601-0
274,PEMROO__ligand279-0
275,PEMROO__ligand17261-0
276,PEMROO__ligand14117-0
277,PEMROO__ligand9952-0
278,PEMROO__ligand9111-0
279,PEMROO__ligand201-0
280,PEMROO__ligand17-0
281,PEMROO__ligand1615-0
282,PEMROO__ligand2526-0
283,PEMROO__ligand5036-0
284,PEMROO__ligand1823-0
285,PEMROO__ligand30702-0
286,PEMROO__ligand20214-0
287,PEMROO__ligand5643-0
288,PEMROO__ligand20251-0
289,PEMROO__ligand20539-0
290,PEMROO__ligand1324-0
291,PEMROO__ligand21581-0
292,PEMROO__ligand31097-0
293,PEMROO__ligand8721-0
294,PEMROO__ligand2176-0
295,PEMROO__ligand17258-0
296,PEMROO__ligand14603-0
297,PEMROO__ligand9291-0
298,PEMROO__ligand14297-0
299,PEMROO__ligand2232-0
300,PEMROO__ligand26665-0
301,PEMROO__ligand13012-0
302,PEMROO__ligand17631-0
303,PEMROO__ligand4157-0
304,PEMROO__ligand9833-0
305,PEMROO__ligand7648-0
306,PEMROO__ligand8876-0
307,PEMROO__ligand2828-0
308,PEMROO__ligand5256-0
309,PEMROO__ligand31783-0
310,PEMROO__ligand4546-0
311,PEMROO__ligand4503-0
312,PEMROO__ligand27893-0
313,PEMROO__ligand14723-0
314,PEMROO__ligand19641-0
315,PEMROO__ligand12934-0
316,PEMROO__ligand20578-0
317,PEMROO__ligand15422-0
318,PEMROO__ligand23713-0
319,PEMROO__ligand1285-0
320,PEMROO__ligand141-0
321,PEMROO__ligand27175-0
322,PEMROO__ligand4-0
323,PEMROO__ligand18832-0
324,PEMROO__ligand30988-0
325,PEMROO__ligand8115-0
326,PEMROO__ligand6768-0
327,PEMROO__ligand240-0
328,PEMROO__ligand1982-0
329,PEMROO__ligand7000-0
330,PEMROO__ligand7238-0
331,PEMROO__ligand384-0
332,PEMROO__ligand1304-0
333,PEMROO__ligand1790-0
334,PEMROO__ligand27460-0
335,PEMROO__ligand7280-0
336,PEMROO__ligand20740-0
337,PEMROO__ligand28468-0
338,PEMROO__ligand7867-0
339,PEMROO__ligand12427-0
340,PEMROO__ligand1219-0
341,PEMROO__ligand6709-0
342,PEMROO__ligand16628-0
343,PEMROO__ligand4016-0
344,PEMROO__ligand9520-0
345,PEMROO__ligand17281-0
346,PEMROO__ligand30296-0
347,PEMROO__ligand8699-0
348,PEMROO__ligand1160-0
349,PEMROO__ligand29410-0
350,PEMROO__ligand12337-0
351,PEMROO__ligand26540-0
352,PEMROO__ligand3954-0
353,PEMROO__ligand4093-0
354,PEMROO__ligand4442-0
355,PEMROO__ligand30333-0
356,PEMROO__ligand4272-0
357,PEMROO__ligand1451-0
358,PEMROO__ligand7629-0
359,PEMROO__ligand768-0
360,PEMROO__ligand9784-0
361,PEMROO__ligand12606-0
362,PEMROO__ligand9908-0
363,PEMROO__ligand1263-0
364,PEMROO__ligand14108-0
365,PEMROO__ligand12641-0
366,PEMROO__ligand7242-0
367,PEMROO__ligand7106-0
368,PEMROO__ligand10958-0
369,PEMROO__ligand6616-0
370,PEMROO__ligand3876-0
371,PEMROO__ligand1343-0
372,PEMROO__ligand3035-0
373,PEMROO__ligand3718-0
374,PEMROO__ligand1844-0
375,PEMROO__ligand4661-0
376,PEMROO__ligand757-0
377,PEMROO__ligand27763-0
378,PEMROO__ligand28676-0
379,PEMROO__ligand10262-0
380,PEMROO__ligand1959-0
381,PEMROO__ligand3504-0
382,PEMROO__ligand19057-0
383,PEMROO__ligand122-0
384,PEMROO__ligand18814-0
385,PEMROO__ligand13425-0
386,PEMROO__ligand29302-0
387,PEMROO__ligand9935-0
388,PEMROO__ligand1573-0
389,PEMROO__ligand1536-0
390,PEMROO__ligand12130-0
391,PEMROO__ligand17387-0
392,PEMROO__ligand26702-0
393,PEMROO__ligand13658-0
394,PEMROO__ligand18292-0
395,PEMROO__ligand12289-0
396,PEMROO__ligand12231-0
397,PEMROO__ligand6919-0
398,PEMROO__ligand3852-0
399,PEMROO__ligand2485-0
400,PEMROO__ligand693-0
401,PEMROO__ligand1512-0
402,PEMROO__ligand24145-0
403,PEMROO__ligand5331-0
404,PEMROO__ligand11-0
405,PEMROO__ligand12401-0
406,PEMROO__ligand15585-0
407,PEMROO__ligand13068-0
408,PEMROO__ligand3565-0
409,PEMROO__ligand19830-0
410,PEMROO__ligand10476-0
411,PEMROO__ligand23769-0
412,PEMROO__ligand4720-0
413,PEMROO__ligand24185-0
414,PEMROO__ligand6839-0
415,PEMROO__ligand25178-0
416,PEMROO__ligand69-0
417,PEMROO__ligand8969-0
418,PEMROO__ligand3131-0
419,PEMROO__ligand3174-0
420,PEMROO__ligand1202-0
421,PEMROO__ligand3937-0
422,PEMROO__ligand5211-0
423,PEMROO__ligand17302-0
424,PEMROO__ligand4155-0
425,PEMROO__ligand3094-0
426,PEMROO__ligand17805-0
427,PEMROO__ligand11096-0
428,PEMROO__ligand11447-0
429,PEMROO__ligand28810-0
430,PEMROO__ligand4807-0
431,PEMROO__ligand24230-0
432,PEMROO__ligand3178-0
433,PEMROO__ligand15926-0
434,PEMROO__ligand10828-0
435,PEMROO__ligand19792-0
436,PEMROO__ligand5530-0
437,PEMROO__ligand1787-0
438,PEMROO__ligand1356-0
439,PEMROO__ligand11970-0
440,PEMROO__ligand9753-0
441,PEMROO__ligand7196-0
442,PEMROO__ligand393-0
443,PEMROO__ligand5159-0
444,PEMROO__ligand15883-0
445,PEMROO__ligand22168-0
446,PEMROO__ligand5649-0
447,PEMROO__ligand2788-0
448,PEMROO__ligand8793-0
449,PEMROO__ligand28930-0
450,PEMROO__ligand4649-0
451,PEMROO__ligand22294-0
452,PEMROO__ligand21919-0
453,PEMROO__ligand353-0
454,PEMROO__ligand2906-0
455,PEMROO__ligand12365-0
456,PEMROO__ligand10056-0
457,PEMROO__ligand3244-0
458,PEMROO__ligand4711-0
459,PEMROO__ligand28743-0
460,PEMROO__ligand15531-0
461,PEMROO__ligand13862-0
462,PEMROO__ligand11357-0
463,PEMROO__ligand24035-0
464,PEMROO__ligand7172-0
465,PEMROO__ligand31044-0
466,PEMROO__ligand31842-0
467,PEMROO__ligand7273-0
468,PEMROO__ligand9323-0
469,PEMROO__ligand11994-0
470,PEMROO__ligand16663-0
471,PEMROO__ligand1116-0
472,PEMROO__ligand3225-0
473,PEMROO__ligand1153-0
474,PEMROO__ligand2260-0
475,PEMROO__ligand7092-0
476,PEMROO__ligand8612-0
477,PEMROO__ligand14614-0
478,PEMROO__ligand196-0
479,PEMROO__ligand2124-0
480,PEMROO__ligand25913-0
481,PEMROO__ligand6017-0
482,PEMROO__ligand16988-0
483,PEMROO__ligand686-0
484,PEMROO__ligand7316-0
485,PEMROO__ligand5708-0
486,PEMROO__ligand11682-0
487,PEMROO__ligand30711-0
488,PEMROO__ligand20207-0
489,PEMROO__ligand5180-0
490,PEMROO__ligand422-0
491,PEMROO__ligand1604-0
492,PEMROO__ligand1228-0
493,PEMROO__ligand9943-0
494,PEMROO__ligand12453-0
495,PEMROO__ligand18448-0
496,PEMROO__ligand28459-0
497,PEMROO__ligand43-0
498,PEMROO__ligand2043-0
499,PEMROO__ligand465-0
500,PEMROO__ligand19184-0
501,PEMROO__ligand8788-0
502,PEMROO__ligand1832-0
503,PEMROO__ligand13672-0
504,PEMROO__ligand2417-0
505,PEMROO__ligand18568-0
506,PEMROO__ligand28685-0
507,PEMROO__ligand6391-0
508,PEMROO__ligand3126-0
509,PEMROO__ligand9284-0
510,PEMROO__ligand1114-0
511,PEMROO__ligand10371-0
512,PEMROO__ligand314-1
513,PEMROO__ligand780-0
514,PEMROO__ligand314-0
515,PEMROO__ligand23197-0
516,PEMROO__ligand813-0
517,PEMROO__ligand8-0
518,PEMROO__ligand1289-0
519,PEMROO__ligand29029-0
520,PEMROO__ligand5387-0
521,PEMROO__ligand27285-0
522,PEMROO__ligand2203-0
523,PEMROO__ligand2612-0
524,PEMROO__ligand67-0
525,PEMROO__ligand14167-0
526,PEMROO__ligand13477-0
527,PEMROO__ligand30142-0
528,PEMROO__ligand1599-0
529,PEMROO__ligand618-0
530,PEMROO__ligand27669-0
531,PEMROO__ligand9450-0
532,PEMROO__ligand391-0
533,PEMROO__ligand27239-0
534,PEMROO__ligand21729-0
535,PEMROO__ligand3945-0
536,PEMROO__ligand5383-0
537,PEMROO__ligand2693-0
538,PEMROO__ligand19927-0
539,PEMROO__ligand9344-0
540,PEMROO__ligand784-0
541,PEMROO__ligand3736-0
542,PEMROO__ligand26324-0
543,PEMROO__ligand28559-0
544,PEMROO__ligand8000-0
545,PEMROO__ligand14043-0
546,PEMROO__ligand368-0
547,PEMROO__ligand7291-0
548,PEMROO__ligand11618-0
549,PEMROO__ligand3677-1
550,PEMROO__ligand9883-0
551,PEMROO__ligand395-0
552,PEMROO__ligand2985-0
553,PEMROO__ligand4007-0
554,PEMROO__ligand9299-0
555,PEMROO__ligand26529-0
556,PEMROO__ligand20695-0
557,PEMROO__ligand27754-0
558,PEMROO__ligand6699-0
559,PEMROO__ligand16369-0
560,PEMROO__ligand11111-0
561,PEMROO__ligand28540-0
562,PEMROO__ligand22403-0
563,PEMROO__ligand3677-0
564,PEMROO__ligand3632-0
565,PEMROO__ligand1168-0
566,PEMROO__ligand115-0
567,PEMROO__ligand1294-0
568,PEMROO__ligand26631-0
569,PEMROO__ligand16148-0
570,PEMROO__ligand6892-0
571,PEMROO__ligand12003-0
572,PEMROO__ligand1211-0
573,PEMROO__ligand10872-0
574,PEMROO__ligand21399-0
575,PEMROO__ligand29215-0
576,PEMROO__ligand1464-0
577,PEMROO__ligand3712-0
578,PEMROO__ligand1499-0
579,PEMROO__ligand833-0
580,PEMROO__ligand2881-0
581,PEMROO__ligand78-0
582,PEMROO__ligand10033-0
583,PEMROO__ligand4358-0
584,PEMROO__ligand506-0
585,PEMROO__ligand3926-0
586,PEMROO__ligand24644-0
587,PEMROO__ligand3120-0
588,PEMROO__ligand12001-0
589,PEMROO__ligand2221-0
590,PEMROO__ligand4101-0
591,PEMROO__ligand5595-0
592,PEMROO__ligand27840-0
593,PEMROO__ligand30728-0
594,PEMROO__ligand24872-0
595,PEMROO__ligand13220-0
596,PEMROO__ligand11587-0
597,PEMROO__ligand9773-0
598,PEMROO__ligand5510-0
599,PEMROO__ligand1376-0
600,PEMROO__ligand17396-0
601,PEMROO__ligand15788-0
602,PEMROO__ligand23175-0
603,PEMROO__ligand14569-0
604,PEMROO__ligand152-0
605,PEMROO__ligand1296-0
606,PEMROO__ligand13385-0
607,PEMROO__ligand2259-0
608,PEMROO__ligand22444-0
609,PEMROO__ligand45-0
610,PEMROO__ligand1197-0
611,PEMROO__ligand24111-0
612,PEMROO__ligand8592-0
613,PEMROO__ligand5099-0
614,PEMROO__ligand746-0
615,PEMROO__ligand7293-0
616,PEMROO__ligand2822-0
617,PEMROO__ligand447-0
618,PEMROO__ligand3867-0
619,PEMROO__ligand1317-0
620,PEMROO__ligand17427-0
621,PEMROO__ligand9167-0
622,PEMROO__ligand24-0
623,PEMROO__ligand5304-0
624,PEMROO__ligand31694-0
625,PEMROO__ligand29486-0
626,PEMROO__ligand2238-0
627,PEMROO__ligand176-0
628,PEMROO__ligand25561-0
629,PEMROO__ligand5080-0
630,PEMROO__ligand7762-0
631,PEMROO__ligand19-0
632,PEMROO__ligand8002-0
633,PEMROO__ligand5509-0
634,PEMROO__ligand11949-0
635,PEMROO__ligand1407-0
636,PEMROO__ligand6117-0
637,PEMROO__ligand22129-0
638,PEMROO__ligand487-0
639,PEMROO__ligand24780-0
640,PEMROO__ligand12138-0
641,PEMROO__ligand22353-0
642,PEMROO__ligand1539-0
643,PEMROO__ligand1150-0
644,PEMROO__ligand294-0
645,PEMROO__ligand19668-0
646,PEMROO__ligand3453-0
647,PEMROO__ligand19906-0
648,PEMROO__ligand3416-0
649,PEMROO__ligand4207-0
650,PEMROO__ligand421-0
651,PEMROO__ligand3042-0
652,PEMROO__ligand10151-0
653,PEMROO__ligand7438-0
654,PEMROO__ligand8200-0
655,PEMROO__ligand4063-0
656,PEMROO__ligand42-0
657,PEMROO__ligand685-0
658,PEMROO__ligand1779-0
659,PEMROO__ligand20220-0
660,PEMROO__ligand6993-0
661,PEMROO__ligand1817-0
662,PEMROO__ligand9750-0
663,PEMROO__ligand15387-0
664,PEMROO__ligand20121-0
665,PEMROO__ligand7075-0
666,PEMROO__ligand66-0
667,PEMROO__ligand235-0
668,PEMROO__ligand3980-0
669,PEMROO__ligand3557-0
670,PEMROO__ligand134-0
671,PEMROO__ligand29813-0
672,PEMROO__ligand16952-0
673,PEMROO__ligand1149-0
674,PEMROO__ligand1288-0
675,PEMROO__ligand11479-0
676,PEMROO__ligand27610-0
677,PEMROO__ligand10479-0
678,PEMROO__ligand10853-0
679,PEMROO__ligand29441-0
680,PEMROO__ligand560-0
681,PEMROO__ligand4266-0
682,PEMROO__ligand1400-0
683,PEMROO__ligand24851-0
684,PEMROO__ligand9491-0
685,PEMROO__ligand4167-0
686,PEMROO__ligand11698-0
687,PEMROO__ligand20530-0
688,PEMROO__ligand13657-0
689,PEMROO__ligand14347-0
690,PEMROO__ligand14302-0
691,PEMROO__ligand3144-0
692,PEMROO__ligand5085-0
693,PEMROO__ligand11814-0
694,PEMROO__ligand4710-0
695,PEMROO__ligand5755-0
696,PEMROO__ligand16603-0
697,PEMROO__ligand1828-0
698,PEMROO__ligand16870-0
699,PEMROO__ligand1397-0
700,PEMROO__ligand7213-0
701,PEMROO__ligand8042-0
702,PEMROO__ligand11622-0
703,PEMROO__ligand6112-0
704,PEMROO__ligand352-0
705,PEMROO__ligand783-0
706,PEMROO__ligand1786-0
707,PEMROO__ligand11177-0
708,PEMROO__ligand5630-0
709,PEMROO__ligand868-0
710,PEMROO__ligand15455-0
711,PEMROO__ligand1908-0
712,PEMROO__ligand17686-0
713,PEMROO__ligand25658-0
714,PEMROO__ligand3285-0
715,PEMROO__ligand4795-0
716,PEMROO__ligand31205-0
717,PEMROO__ligand11252-0
718,PEMROO__ligand5280-0
719,PEMROO__ligand5614-0
720,PEMROO__ligand1831-0
721,PEMROO__ligand13260-0
722,PEMROO__ligand10582-0
723,PEMROO__ligand5515-0
724,PEMROO__ligand6663-0
725,PEMROO__ligand18067-0
726,PEMROO__ligand19824-0
727,PEMROO__ligand5019-0
728,PEMROO__ligand1152-0
729,PEMROO__ligand26673-0
730,PEMROO__ligand3261-0
731,PEMROO__ligand38-0
732,PEMROO__ligand197-0
733,PEMROO__ligand1216-0
734,PEMROO__ligand20821-0
735,PEMROO__ligand11606-0
736,PEMROO__ligand31000-0
737,PEMROO__ligand1849-0
738,PEMROO__ligand27122-0
739,PEMROO__ligand20432-0
740,PEMROO__ligand116-0
741,PEMROO__ligand16133-0
742,PEMROO__ligand13755-0
743,PEMROO__ligand252-0
744,PEMROO__ligand24953-0
745,PEMROO__ligand23445-0
746,PEMROO__ligand9944-0
747,PEMROO__ligand8593-0
748,PEMROO__ligand25048-0
749,PEMROO__ligand2001-0
750,PEMROO__ligand21940-0
751,PEMROO__ligand7566-0
752,PEMROO__ligand830-0
753,PEMROO__ligand30004-0
754,PEMROO__ligand20557-0
755,PEMROO__ligand372-0
756,PEMROO__ligand5201-0
757,PEMROO__ligand193-0
758,PEMROO__ligand8553-0
759,PEMROO__ligand1113-0
760,PEMROO__ligand4161-0
761,PEMROO__ligand3471-0
762,PEMROO__ligand4124-0
763,PEMROO__ligand24560-0
764,PEMROO__ligand18757-0
765,PEMROO__ligand909-0
766,PEMROO__ligand24624-0
767,PEMROO__ligand5415-0
768,PEMROO__ligand18413-0
769,PEMROO__ligand20844-0
770,PEMROO__ligand18-0
771,PEMROO__ligand2650-0
772,PEMROO__ligand2281-0
773,PEMROO__ligand21752-0
774,PEMROO__ligand4340-0
775,PEMROO__ligand177-0
776,PEMROO__ligand3180-0
777,PEMROO__ligand14339-0
778,PEMROO__ligand6995-0
779,PEMROO__ligand2823-0
780,PEMROO__ligand13691-0
781,PEMROO__ligand30788-0
782,PEMROO__ligand14226-0
783,PEMROO__ligand21339-0
784,PEMROO__ligand16956-0
785,PEMROO__ligand20942-1
786,PEMROO__ligand188-0
787,PEMROO__ligand29565-0
788,PEMROO__ligand2027-0
789,PEMROO__ligand23682-0
790,PEMROO__ligand18158-0
791,PEMROO__ligand27771-0
792,PEMROO__ligand1015-0
793,PEMROO__ligand1050-0
794,PEMROO__ligand1028-0
795,PEMROO__ligand311-0
796,PEMROO__ligand4262-0
797,PEMROO__ligand785-0
798,PEMROO__ligand18019-1
799,PEMROO__ligand479-0
800,PEMROO__ligand14007-0
801,PEMROO__ligand564-0
802,PEMROO__ligand27550-0
803,PEMROO__ligand1618-0
804,PEMROO__ligand370-1
805,PEMROO__ligand620-0
806,PEMROO__ligand2692-0
807,PEMROO__ligand29214-0
808,PEMROO__ligand370-0
809,PEMROO__ligand1498-0
810,PEMROO__ligand11501-0
811,PEMROO__ligand11544-0
812,PEMROO__ligand4596-0
813,PEMROO__ligand1154-0
814,PEMROO__ligand21448-0
815,PEMROO__ligand11758-0
816,PEMROO__ligand22357-0
817,PEMROO__ligand9615-0
818,PEMROO__ligand29334-0
819,PEMROO__ligand12413-0
820,PEMROO__ligand20731-0
821,PEMROO__ligand250-0
822,PEMROO__ligand1169-0
823,PEMROO__ligand8529-0
824,PEMROO__ligand11798-0
825,PEMROO__ligand17069-0
826,PEMROO__ligand14477-0
827,PEMROO__ligand17445-0
