,TMC
0,KIGTEZ__ligand23175-0
1,KIGTEZ__ligand15788-0
2,KIGTEZ__ligand17396-0
3,KIGTEZ__ligand1464-0
4,KIGTEZ__ligand3712-0
5,KIGTEZ__ligand1499-0
6,KIGTEZ__ligand2881-0
7,KIGTEZ__ligand11587-0
8,KIGTEZ__ligand13220-0
9,KIGTEZ__ligand409-0
10,KIGTEZ__ligand6892-0
11,KIGTEZ__ligand24111-0
12,KIGTEZ__ligand361-0
13,KIGTEZ__ligand324-0
14,KIGTEZ__ligand22444-0
15,KIGTEZ__ligand1211-0
16,KIGTEZ__ligand13385-0
17,KIGTEZ__ligand14569-0
18,KIGTEZ__ligand3632-0
19,KIGTEZ__ligand12001-0
20,KIGTEZ__ligand3677-0
21,KIGTEZ__ligand1168-0
22,KIGTEZ__ligand24644-0
23,KIGTEZ__ligand1294-0
24,KIGTEZ__ligand10033-0
25,KIGTEZ__ligand6699-0
26,KIGTEZ__ligand24872-0
27,KIGTEZ__ligand30728-0
28,KIGTEZ__ligand27840-0
29,KIGTEZ__ligand2985-0
30,KIGTEZ__ligand4007-0
31,KIGTEZ__ligand9299-0
32,KIGTEZ__ligand25561-0
33,KIGTEZ__ligand12138-0
34,KIGTEZ__ligand24780-0
35,KIGTEZ__ligand7291-0
36,KIGTEZ__ligand22129-0
37,KIGTEZ__ligand3677-1
38,KIGTEZ__ligand9883-0
39,KIGTEZ__ligand11949-0
40,KIGTEZ__ligand199-0
41,KIGTEZ__ligand17427-0
42,KIGTEZ__ligand9344-0
43,KIGTEZ__ligand588-0
44,KIGTEZ__ligand3736-0
45,KIGTEZ__ligand8000-0
46,KIGTEZ__ligand3945-0
47,KIGTEZ__ligand29486-0
48,KIGTEZ__ligand31694-0
49,KIGTEZ__ligand300-0
50,KIGTEZ__ligand5383-0
51,KIGTEZ__ligand2693-0
52,KIGTEZ__ligand5509-0
53,KIGTEZ__ligand8002-0
54,KIGTEZ__ligand633-0
55,KIGTEZ__ligand1407-0
56,KIGTEZ__ligand6117-0
57,KIGTEZ__ligand11618-0
58,KIGTEZ__ligand26529-0
59,KIGTEZ__ligand7762-0
60,KIGTEZ__ligand5080-0
61,KIGTEZ__ligand497-0
62,KIGTEZ__ligand9167-0
63,KIGTEZ__ligand5304-0
64,KIGTEZ__ligand2238-0
65,KIGTEZ__ligand21729-0
66,KIGTEZ__ligand27239-0
67,KIGTEZ__ligand14043-0
68,KIGTEZ__ligand28559-0
69,KIGTEZ__ligand26324-0
70,KIGTEZ__ligand18-0
71,KIGTEZ__ligand2822-0
72,KIGTEZ__ligand7293-0
73,KIGTEZ__ligand1317-0
74,KIGTEZ__ligand3867-0
75,KIGTEZ__ligand19927-0
76,KIGTEZ__ligand21399-0
77,KIGTEZ__ligand1296-0
78,KIGTEZ__ligand10872-0
79,KIGTEZ__ligand436-0
80,KIGTEZ__ligand2259-0
81,KIGTEZ__ligand1197-0
82,KIGTEZ__ligand12003-0
83,KIGTEZ__ligand5099-0
84,KIGTEZ__ligand26631-0
85,KIGTEZ__ligand16148-0
86,KIGTEZ__ligand8592-0
87,KIGTEZ__ligand9773-0
88,KIGTEZ__ligand5510-0
89,KIGTEZ__ligand1376-0
90,KIGTEZ__ligand692-0
91,KIGTEZ__ligand29215-0
92,KIGTEZ__ligand28540-0
93,KIGTEZ__ligand4101-0
94,KIGTEZ__ligand5595-0
95,KIGTEZ__ligand11111-0
96,KIGTEZ__ligand16369-0
97,KIGTEZ__ligand27754-0
98,KIGTEZ__ligand20695-0
99,KIGTEZ__ligand4358-0
100,KIGTEZ__ligand3120-0
101,KIGTEZ__ligand3926-0
102,KIGTEZ__ligand22403-0
103,KIGTEZ__ligand326-0
104,KIGTEZ__ligand2221-0
105,KIGTEZ__ligand696-0
106,KIGTEZ__ligand28685-0
107,KIGTEZ__ligand18568-0
108,KIGTEZ__ligand38-0
109,KIGTEZ__ligand13672-0
110,KIGTEZ__ligand5180-0
111,KIGTEZ__ligand10371-0
112,KIGTEZ__ligand6017-0
113,KIGTEZ__ligand7316-0
114,KIGTEZ__ligand5708-0
115,KIGTEZ__ligand28459-0
116,KIGTEZ__ligand3225-0
117,KIGTEZ__ligand1153-0
118,KIGTEZ__ligand18448-0
119,KIGTEZ__ligand1116-0
120,KIGTEZ__ligand12453-0
121,KIGTEZ__ligand7092-0
122,KIGTEZ__ligand2260-0
123,KIGTEZ__ligand8612-0
124,KIGTEZ__ligand8-0
125,KIGTEZ__ligand2124-0
126,KIGTEZ__ligand7172-0
127,KIGTEZ__ligand656-0
128,KIGTEZ__ligand7273-0
129,KIGTEZ__ligand19184-0
130,KIGTEZ__ligand9323-0
131,KIGTEZ__ligand27669-0
132,KIGTEZ__ligand2906-0
133,KIGTEZ__ligand30142-0
134,KIGTEZ__ligand4711-0
135,KIGTEZ__ligand3244-0
136,KIGTEZ__ligand14167-0
137,KIGTEZ__ligand13477-0
138,KIGTEZ__ligand8793-0
139,KIGTEZ__ligand5649-0
140,KIGTEZ__ligand2788-0
141,KIGTEZ__ligand4649-0
142,KIGTEZ__ligand5530-0
143,KIGTEZ__ligand1787-0
144,KIGTEZ__ligand1356-0
145,KIGTEZ__ligand9753-0
146,KIGTEZ__ligand162-0
147,KIGTEZ__ligand7196-0
148,KIGTEZ__ligand226-0
149,KIGTEZ__ligand23197-0
150,KIGTEZ__ligand5159-0
151,KIGTEZ__ligand416-0
152,KIGTEZ__ligand4807-0
153,KIGTEZ__ligand3178-0
154,KIGTEZ__ligand383-0
155,KIGTEZ__ligand27285-0
156,KIGTEZ__ligand29029-0
157,KIGTEZ__ligand9450-0
158,KIGTEZ__ligand21919-0
159,KIGTEZ__ligand22294-0
160,KIGTEZ__ligand28930-0
161,KIGTEZ__ligand22168-0
162,KIGTEZ__ligand11357-0
163,KIGTEZ__ligand2612-0
164,KIGTEZ__ligand13862-0
165,KIGTEZ__ligand15531-0
166,KIGTEZ__ligand28743-0
167,KIGTEZ__ligand10056-0
168,KIGTEZ__ligand12365-0
169,KIGTEZ__ligand1599-0
170,KIGTEZ__ligand19792-0
171,KIGTEZ__ligand1289-0
172,KIGTEZ__ligand10828-0
173,KIGTEZ__ligand15926-0
174,KIGTEZ__ligand2203-0
175,KIGTEZ__ligand5387-0
176,KIGTEZ__ligand24230-0
177,KIGTEZ__ligand28810-0
178,KIGTEZ__ligand11447-0
179,KIGTEZ__ligand11096-0
180,KIGTEZ__ligand15883-0
181,KIGTEZ__ligand66-0
182,KIGTEZ__ligand670-0
183,KIGTEZ__ligand11970-0
184,KIGTEZ__ligand534-0
185,KIGTEZ__ligand571-0
186,KIGTEZ__ligand6391-0
187,KIGTEZ__ligand3126-0
188,KIGTEZ__ligand9284-0
189,KIGTEZ__ligand1114-0
190,KIGTEZ__ligand16988-0
191,KIGTEZ__ligand25913-0
192,KIGTEZ__ligand2417-0
193,KIGTEZ__ligand42-0
194,KIGTEZ__ligand20207-0
195,KIGTEZ__ligand30711-0
196,KIGTEZ__ligand11682-0
197,KIGTEZ__ligand2043-0
198,KIGTEZ__ligand11994-0
199,KIGTEZ__ligand31842-0
200,KIGTEZ__ligand31044-0
201,KIGTEZ__ligand8788-0
202,KIGTEZ__ligand1832-0
203,KIGTEZ__ligand694-0
204,KIGTEZ__ligand24035-0
205,KIGTEZ__ligand430-0
206,KIGTEZ__ligand14614-0
207,KIGTEZ__ligand1604-0
208,KIGTEZ__ligand358-0
209,KIGTEZ__ligand1228-0
210,KIGTEZ__ligand9943-0
211,KIGTEZ__ligand16663-0
212,KIGTEZ__ligand488-0
213,KIGTEZ__ligand14007-0
214,KIGTEZ__ligand6995-0
215,KIGTEZ__ligand18019-1
216,KIGTEZ__ligand2823-0
217,KIGTEZ__ligand19-0
218,KIGTEZ__ligand122-0
219,KIGTEZ__ligand757-0
220,KIGTEZ__ligand2650-0
221,KIGTEZ__ligand2281-0
222,KIGTEZ__ligand4340-0
223,KIGTEZ__ligand27550-0
224,KIGTEZ__ligand3180-0
225,KIGTEZ__ligand20942-1
226,KIGTEZ__ligand16956-0
227,KIGTEZ__ligand14226-0
228,KIGTEZ__ligand5415-0
229,KIGTEZ__ligand21339-0
230,KIGTEZ__ligand24-0
231,KIGTEZ__ligand27771-0
232,KIGTEZ__ligand18158-0
233,KIGTEZ__ligand23682-0
234,KIGTEZ__ligand4124-0
235,KIGTEZ__ligand4161-0
236,KIGTEZ__ligand3471-0
237,KIGTEZ__ligand29565-0
238,KIGTEZ__ligand11798-0
239,KIGTEZ__ligand8553-0
240,KIGTEZ__ligand20731-0
241,KIGTEZ__ligand1113-0
242,KIGTEZ__ligand12413-0
243,KIGTEZ__ligand29334-0
244,KIGTEZ__ligand17445-0
245,KIGTEZ__ligand5201-0
246,KIGTEZ__ligand14477-0
247,KIGTEZ__ligand45-0
248,KIGTEZ__ligand17069-0
249,KIGTEZ__ligand78-0
250,KIGTEZ__ligand2001-0
251,KIGTEZ__ligand11544-0
252,KIGTEZ__ligand11501-0
253,KIGTEZ__ligand693-0
254,KIGTEZ__ligand29214-0
255,KIGTEZ__ligand7566-0
256,KIGTEZ__ligand22357-0
257,KIGTEZ__ligand11758-0
258,KIGTEZ__ligand21448-0
259,KIGTEZ__ligand9944-0
260,KIGTEZ__ligand8593-0
261,KIGTEZ__ligand240-0
262,KIGTEZ__ligand20557-0
263,KIGTEZ__ligand141-0
264,KIGTEZ__ligand30004-0
265,KIGTEZ__ligand1169-0
266,KIGTEZ__ligand8529-0
267,KIGTEZ__ligand1154-0
268,KIGTEZ__ligand23445-0
269,KIGTEZ__ligand24953-0
270,KIGTEZ__ligand13755-0
271,KIGTEZ__ligand16133-0
272,KIGTEZ__ligand27122-0
273,KIGTEZ__ligand20432-0
274,KIGTEZ__ligand9615-0
275,KIGTEZ__ligand21940-0
276,KIGTEZ__ligand1498-0
277,KIGTEZ__ligand25048-0
278,KIGTEZ__ligand4596-0
279,KIGTEZ__ligand768-0
280,KIGTEZ__ligand21752-0
281,KIGTEZ__ligand1618-0
282,KIGTEZ__ligand2692-0
283,KIGTEZ__ligand30788-0
284,KIGTEZ__ligand13691-0
285,KIGTEZ__ligand1028-0
286,KIGTEZ__ligand4262-0
287,KIGTEZ__ligand14339-0
288,KIGTEZ__ligand2027-0
289,KIGTEZ__ligand1050-0
290,KIGTEZ__ligand1015-0
291,KIGTEZ__ligand20844-0
292,KIGTEZ__ligand18413-0
293,KIGTEZ__ligand24624-0
294,KIGTEZ__ligand18757-0
295,KIGTEZ__ligand384-0
296,KIGTEZ__ligand24560-0
297,KIGTEZ__ligand15455-0
298,KIGTEZ__ligand4266-0
299,KIGTEZ__ligand1400-0
300,KIGTEZ__ligand67-0
301,KIGTEZ__ligand9491-0
302,KIGTEZ__ligand4167-0
303,KIGTEZ__ligand11177-0
304,KIGTEZ__ligand31205-0
305,KIGTEZ__ligand1288-0
306,KIGTEZ__ligand25658-0
307,KIGTEZ__ligand17686-0
308,KIGTEZ__ligand16603-0
309,KIGTEZ__ligand7075-0
310,KIGTEZ__ligand11814-0
311,KIGTEZ__ligand3557-0
312,KIGTEZ__ligand3980-0
313,KIGTEZ__ligand338-0
314,KIGTEZ__ligand1149-0
315,KIGTEZ__ligand1779-0
316,KIGTEZ__ligand11622-0
317,KIGTEZ__ligand1817-0
318,KIGTEZ__ligand6993-0
319,KIGTEZ__ligand9750-0
320,KIGTEZ__ligand16870-0
321,KIGTEZ__ligand20821-0
322,KIGTEZ__ligand7438-0
323,KIGTEZ__ligand8200-0
324,KIGTEZ__ligand4063-0
325,KIGTEZ__ligand26673-0
326,KIGTEZ__ligand3042-0
327,KIGTEZ__ligand31000-0
328,KIGTEZ__ligand11606-0
329,KIGTEZ__ligand201-0
330,KIGTEZ__ligand185-0
331,KIGTEZ__ligand3416-0
332,KIGTEZ__ligand10582-0
333,KIGTEZ__ligand3453-0
334,KIGTEZ__ligand279-0
335,KIGTEZ__ligand13260-0
336,KIGTEZ__ligand43-0
337,KIGTEZ__ligand4207-0
338,KIGTEZ__ligand178-0
339,KIGTEZ__ligand11252-0
340,KIGTEZ__ligand19824-0
341,KIGTEZ__ligand18067-0
342,KIGTEZ__ligand1539-0
343,KIGTEZ__ligand1150-0
344,KIGTEZ__ligand321-0
345,KIGTEZ__ligand657-0
346,KIGTEZ__ligand10151-0
347,KIGTEZ__ligand1849-0
348,KIGTEZ__ligand187-0
349,KIGTEZ__ligand5019-0
350,KIGTEZ__ligand366-0
351,KIGTEZ__ligand3261-0
352,KIGTEZ__ligand1152-0
353,KIGTEZ__ligand1216-0
354,KIGTEZ__ligand777-0
355,KIGTEZ__ligand22353-0
356,KIGTEZ__ligand5614-0
357,KIGTEZ__ligand5280-0
358,KIGTEZ__ligand1831-0
359,KIGTEZ__ligand596-0
360,KIGTEZ__ligand941-0
361,KIGTEZ__ligand19906-0
362,KIGTEZ__ligand5515-0
363,KIGTEZ__ligand19668-0
364,KIGTEZ__ligand6663-0
365,KIGTEZ__ligand1908-0
366,KIGTEZ__ligand29441-0
367,KIGTEZ__ligand10853-0
368,KIGTEZ__ligand10479-0
369,KIGTEZ__ligand27610-0
370,KIGTEZ__ligand11479-0
371,KIGTEZ__ligand3285-0
372,KIGTEZ__ligand4795-0
373,KIGTEZ__ligand14302-0
374,KIGTEZ__ligand13657-0
375,KIGTEZ__ligand14347-0
376,KIGTEZ__ligand1786-0
377,KIGTEZ__ligand163-0
378,KIGTEZ__ligand20530-0
379,KIGTEZ__ligand126-0
380,KIGTEZ__ligand11698-0
381,KIGTEZ__ligand5630-0
382,KIGTEZ__ligand24851-0
383,KIGTEZ__ligand20121-0
384,KIGTEZ__ligand1828-0
385,KIGTEZ__ligand1397-0
386,KIGTEZ__ligand15387-0
387,KIGTEZ__ligand7213-0
388,KIGTEZ__ligand8042-0
389,KIGTEZ__ligand20220-0
390,KIGTEZ__ligand6112-0
391,KIGTEZ__ligand3144-0
392,KIGTEZ__ligand16952-0
393,KIGTEZ__ligand5085-0
394,KIGTEZ__ligand29813-0
395,KIGTEZ__ligand845-0
396,KIGTEZ__ligand4710-0
397,KIGTEZ__ligand5755-0
398,KIGTEZ__ligand7532-0
399,KIGTEZ__ligand31483-0
400,KIGTEZ__ligand152-0
401,KIGTEZ__ligand4194-0
402,KIGTEZ__ligand10555-0
403,KIGTEZ__ligand69-0
404,KIGTEZ__ligand4330-0
405,KIGTEZ__ligand2599-0
406,KIGTEZ__ligand19725-0
407,KIGTEZ__ligand24613-0
408,KIGTEZ__ligand11774-0
409,KIGTEZ__ligand14586-0
410,KIGTEZ__ligand1147-0
411,KIGTEZ__ligand21421-0
412,KIGTEZ__ligand3973-0
413,KIGTEZ__ligand7925-0
414,KIGTEZ__ligand17710-0
415,KIGTEZ__ligand20579-0
416,KIGTEZ__ligand11568-0
417,KIGTEZ__ligand11-0
418,KIGTEZ__ligand2068-0
419,KIGTEZ__ligand506-0
420,KIGTEZ__ligand17590-0
421,KIGTEZ__ligand487-0
422,KIGTEZ__ligand3215-0
423,KIGTEZ__ligand17240-0
424,KIGTEZ__ligand12682-0
425,KIGTEZ__ligand18699-0
426,KIGTEZ__ligand7107-0
427,KIGTEZ__ligand6283-0
428,KIGTEZ__ligand176-0
429,KIGTEZ__ligand447-0
430,KIGTEZ__ligand4738-0
431,KIGTEZ__ligand12336-0
432,KIGTEZ__ligand4813-0
433,KIGTEZ__ligand5813-0
434,KIGTEZ__ligand746-0
435,KIGTEZ__ligand6062-0
436,KIGTEZ__ligand13072-0
437,KIGTEZ__ligand1729-0
438,KIGTEZ__ligand5627-0
439,KIGTEZ__ligand15438-0
440,KIGTEZ__ligand28924-0
441,KIGTEZ__ligand2830-0
442,KIGTEZ__ligand5316-0
443,KIGTEZ__ligand395-0
444,KIGTEZ__ligand18703-0
445,KIGTEZ__ligand368-0
446,KIGTEZ__ligand5483-0
447,KIGTEZ__ligand29087-0
448,KIGTEZ__ligand784-0
449,KIGTEZ__ligand31578-0
450,KIGTEZ__ligand17207-0
451,KIGTEZ__ligand25224-0
452,KIGTEZ__ligand18013-0
453,KIGTEZ__ligand9148-0
454,KIGTEZ__ligand17945-0
455,KIGTEZ__ligand6946-0
456,KIGTEZ__ligand1415-0
457,KIGTEZ__ligand24750-0
458,KIGTEZ__ligand7529-0
459,KIGTEZ__ligand31618-0
460,KIGTEZ__ligand11432-0
461,KIGTEZ__ligand3934-0
462,KIGTEZ__ligand10432-0
463,KIGTEZ__ligand833-0
464,KIGTEZ__ligand22755-0
465,KIGTEZ__ligand6455-0
466,KIGTEZ__ligand6882-0
467,KIGTEZ__ligand26277-0
468,KIGTEZ__ligand29898-0
469,KIGTEZ__ligand2403-0
470,KIGTEZ__ligand3012-0
471,KIGTEZ__ligand23589-0
472,KIGTEZ__ligand1449-0
473,KIGTEZ__ligand115-0
474,KIGTEZ__ligand1065-0
475,KIGTEZ__ligand7530-0
476,KIGTEZ__ligand24064-0
477,KIGTEZ__ligand15168-0
478,KIGTEZ__ligand9681-0
479,KIGTEZ__ligand4332-0
480,KIGTEZ__ligand17-0
481,KIGTEZ__ligand23124-0
482,KIGTEZ__ligand11206-0
483,KIGTEZ__ligand3392-0
484,KIGTEZ__ligand314-1
485,KIGTEZ__ligand12519-0
486,KIGTEZ__ligand25735-0
487,KIGTEZ__ligand4911-0
488,KIGTEZ__ligand1771-0
489,KIGTEZ__ligand5849-0
490,KIGTEZ__ligand465-0
491,KIGTEZ__ligand25650-0
492,KIGTEZ__ligand2527-0
493,KIGTEZ__ligand31248-0
494,KIGTEZ__ligand8349-0
495,KIGTEZ__ligand13209-0
496,KIGTEZ__ligand19257-0
497,KIGTEZ__ligand8464-0
498,KIGTEZ__ligand1709-0
499,KIGTEZ__ligand12660-0
500,KIGTEZ__ligand4850-0
501,KIGTEZ__ligand5056-0
502,KIGTEZ__ligand25689-0
503,KIGTEZ__ligand3647-0
504,KIGTEZ__ligand5357-0
505,KIGTEZ__ligand21787-0
506,KIGTEZ__ligand391-0
507,KIGTEZ__ligand25575-0
508,KIGTEZ__ligand3-0
509,KIGTEZ__ligand1688-0
510,KIGTEZ__ligand1469-0
511,KIGTEZ__ligand27835-0
512,KIGTEZ__ligand12295-0
513,KIGTEZ__ligand618-0
514,KIGTEZ__ligand3871-0
515,KIGTEZ__ligand1768-0
516,KIGTEZ__ligand5935-0
517,KIGTEZ__ligand11166-0
518,KIGTEZ__ligand21132-0
519,KIGTEZ__ligand2722-0
520,KIGTEZ__ligand1379-0
521,KIGTEZ__ligand23906-0
522,KIGTEZ__ligand813-0
523,KIGTEZ__ligand3157-0
524,KIGTEZ__ligand9525-0
525,KIGTEZ__ligand780-0
526,KIGTEZ__ligand314-0
527,KIGTEZ__ligand30539-0
528,KIGTEZ__ligand1165-0
529,KIGTEZ__ligand23904-0
530,KIGTEZ__ligand21936-0
531,KIGTEZ__ligand13257-0
532,KIGTEZ__ligand89-0
533,KIGTEZ__ligand1712-0
534,KIGTEZ__ligand4131-0
535,KIGTEZ__ligand12467-0
536,KIGTEZ__ligand353-0
537,KIGTEZ__ligand5892-0
538,KIGTEZ__ligand5094-0
539,KIGTEZ__ligand10084-0
540,KIGTEZ__ligand25267-0
541,KIGTEZ__ligand393-0
542,KIGTEZ__ligand18391-0
543,KIGTEZ__ligand1-0
544,KIGTEZ__ligand27169-0
545,KIGTEZ__ligand1533-0
546,KIGTEZ__ligand14523-0
547,KIGTEZ__ligand20599-0
548,KIGTEZ__ligand1496-0
549,KIGTEZ__ligand7557-0
550,KIGTEZ__ligand25805-0
551,KIGTEZ__ligand22981-0
552,KIGTEZ__ligand49-0
553,KIGTEZ__ligand27074-0
554,KIGTEZ__ligand18799-0
555,KIGTEZ__ligand2208-0
556,KIGTEZ__ligand18465-0
557,KIGTEZ__ligand422-0
558,KIGTEZ__ligand3208-0
559,KIGTEZ__ligand8722-0
560,KIGTEZ__ligand28668-0
561,KIGTEZ__ligand1327-0
562,KIGTEZ__ligand9809-0
563,KIGTEZ__ligand6672-0
564,KIGTEZ__ligand686-0
565,KIGTEZ__ligand3350-0
566,KIGTEZ__ligand2781-0
567,KIGTEZ__ligand16791-0
568,KIGTEZ__ligand7573-0
569,KIGTEZ__ligand11140-0
570,KIGTEZ__ligand4581-0
571,KIGTEZ__ligand1773-0
572,KIGTEZ__ligand196-0
573,KIGTEZ__ligand2328-0
574,KIGTEZ__ligand7162-0
575,KIGTEZ__ligand29610-0
576,KIGTEZ__ligand3029-0
577,KIGTEZ__ligand18074-0
578,KIGTEZ__ligand13869-0
579,KIGTEZ__ligand29863-0
580,KIGTEZ__ligand9197-0
581,KIGTEZ__ligand1900-0
582,KIGTEZ__ligand10262-0
583,KIGTEZ__ligand1451-0
584,KIGTEZ__ligand28676-0
585,KIGTEZ__ligand4272-0
586,KIGTEZ__ligand370-1
587,KIGTEZ__ligand27763-0
588,KIGTEZ__ligand620-0
589,KIGTEZ__ligand7629-0
590,KIGTEZ__ligand564-0
591,KIGTEZ__ligand9784-0
592,KIGTEZ__ligand311-0
593,KIGTEZ__ligand9520-0
594,KIGTEZ__ligand785-0
595,KIGTEZ__ligand29302-0
596,KIGTEZ__ligand8699-0
597,KIGTEZ__ligand13425-0
598,KIGTEZ__ligand479-0
599,KIGTEZ__ligand1160-0
600,KIGTEZ__ligand18814-0
601,KIGTEZ__ligand19057-0
602,KIGTEZ__ligand4093-0
603,KIGTEZ__ligand4442-0
604,KIGTEZ__ligand3954-0
605,KIGTEZ__ligand7867-0
606,KIGTEZ__ligand1219-0
607,KIGTEZ__ligand6709-0
608,KIGTEZ__ligand4016-0
609,KIGTEZ__ligand14108-0
610,KIGTEZ__ligand7238-0
611,KIGTEZ__ligand10958-0
612,KIGTEZ__ligand188-0
613,KIGTEZ__ligand1790-0
614,KIGTEZ__ligand12641-0
615,KIGTEZ__ligand1304-0
616,KIGTEZ__ligand7280-0
617,KIGTEZ__ligand25178-0
618,KIGTEZ__ligand1285-0
619,KIGTEZ__ligand24185-0
620,KIGTEZ__ligand8115-0
621,KIGTEZ__ligand6768-0
622,KIGTEZ__ligand1982-0
623,KIGTEZ__ligand7000-0
624,KIGTEZ__ligand23769-0
625,KIGTEZ__ligand4503-0
626,KIGTEZ__ligand17805-0
627,KIGTEZ__ligand4546-0
628,KIGTEZ__ligand17302-0
629,KIGTEZ__ligand250-0
630,KIGTEZ__ligand12231-0
631,KIGTEZ__ligand4157-0
632,KIGTEZ__ligand12289-0
633,KIGTEZ__ligand18292-0
634,KIGTEZ__ligand9833-0
635,KIGTEZ__ligand8876-0
636,KIGTEZ__ligand2828-0
637,KIGTEZ__ligand13658-0
638,KIGTEZ__ligand7648-0
639,KIGTEZ__ligand26702-0
640,KIGTEZ__ligand57-0
641,KIGTEZ__ligand5256-0
642,KIGTEZ__ligand17387-0
643,KIGTEZ__ligand12130-0
644,KIGTEZ__ligand2176-0
645,KIGTEZ__ligand10476-0
646,KIGTEZ__ligand9291-0
647,KIGTEZ__ligand19830-0
648,KIGTEZ__ligand13068-0
649,KIGTEZ__ligand2232-0
650,KIGTEZ__ligand15585-0
651,KIGTEZ__ligand12401-0
652,KIGTEZ__ligand370-0
653,KIGTEZ__ligand24145-0
654,KIGTEZ__ligand5211-0
655,KIGTEZ__ligand15422-0
656,KIGTEZ__ligand12934-0
657,KIGTEZ__ligand20578-0
658,KIGTEZ__ligand19641-0
659,KIGTEZ__ligand55-0
660,KIGTEZ__ligand14723-0
661,KIGTEZ__ligand4155-0
662,KIGTEZ__ligand3094-0
663,KIGTEZ__ligand193-0
664,KIGTEZ__ligand27893-0
665,KIGTEZ__ligand372-0
666,KIGTEZ__ligand4720-0
667,KIGTEZ__ligand30988-0
668,KIGTEZ__ligand6839-0
669,KIGTEZ__ligand18832-0
670,KIGTEZ__ligand27175-0
671,KIGTEZ__ligand830-0
672,KIGTEZ__ligand23713-0
673,KIGTEZ__ligand8969-0
674,KIGTEZ__ligand3174-0
675,KIGTEZ__ligand3937-0
676,KIGTEZ__ligand1202-0
677,KIGTEZ__ligand3131-0
678,KIGTEZ__ligand1512-0
679,KIGTEZ__ligand17631-0
680,KIGTEZ__ligand13012-0
681,KIGTEZ__ligand5331-0
682,KIGTEZ__ligand26665-0
683,KIGTEZ__ligand3565-0
684,KIGTEZ__ligand14297-0
685,KIGTEZ__ligand14603-0
686,KIGTEZ__ligand17258-0
687,KIGTEZ__ligand31783-0
688,KIGTEZ__ligand252-0
689,KIGTEZ__ligand6919-0
690,KIGTEZ__ligand116-0
691,KIGTEZ__ligand3852-0
692,KIGTEZ__ligand68-0
693,KIGTEZ__ligand2485-0
694,KIGTEZ__ligand26540-0
695,KIGTEZ__ligand1959-0
696,KIGTEZ__ligand3504-0
697,KIGTEZ__ligand12337-0
698,KIGTEZ__ligand29410-0
699,KIGTEZ__ligand4-0
700,KIGTEZ__ligand9935-0
701,KIGTEZ__ligand30296-0
702,KIGTEZ__ligand1536-0
703,KIGTEZ__ligand17281-0
704,KIGTEZ__ligand1573-0
705,KIGTEZ__ligand1343-0
706,KIGTEZ__ligand12606-0
707,KIGTEZ__ligand3876-0
708,KIGTEZ__ligand3035-0
709,KIGTEZ__ligand6616-0
710,KIGTEZ__ligand177-0
711,KIGTEZ__ligand3718-0
712,KIGTEZ__ligand1844-0
713,KIGTEZ__ligand4661-0
714,KIGTEZ__ligand30333-0
715,KIGTEZ__ligand27460-0
716,KIGTEZ__ligand7242-0
717,KIGTEZ__ligand34-0
718,KIGTEZ__ligand7106-0
719,KIGTEZ__ligand909-0
720,KIGTEZ__ligand9908-0
721,KIGTEZ__ligand1263-0
722,KIGTEZ__ligand16628-0
723,KIGTEZ__ligand12427-0
724,KIGTEZ__ligand28468-0
725,KIGTEZ__ligand20740-0
726,KIGTEZ__ligand4620-0
727,KIGTEZ__ligand20598-0
728,KIGTEZ__ligand11675-0
729,KIGTEZ__ligand24047-0
730,KIGTEZ__ligand10589-0
731,KIGTEZ__ligand22557-0
732,KIGTEZ__ligand48-0
733,KIGTEZ__ligand17398-0
734,KIGTEZ__ligand868-0
735,KIGTEZ__ligand1577-0
736,KIGTEZ__ligand6067-0
737,KIGTEZ__ligand2295-0
738,KIGTEZ__ligand17278-0
739,KIGTEZ__ligand20011-0
740,KIGTEZ__ligand17982-0
741,KIGTEZ__ligand29414-0
742,KIGTEZ__ligand20251-1
743,KIGTEZ__ligand352-0
744,KIGTEZ__ligand783-0
745,KIGTEZ__ligand2917-0
746,KIGTEZ__ligand7819-0
747,KIGTEZ__ligand6596-0
748,KIGTEZ__ligand3721-0
749,KIGTEZ__ligand6904-0
750,KIGTEZ__ligand6102-0
751,KIGTEZ__ligand16475-0
752,KIGTEZ__ligand14703-0
753,KIGTEZ__ligand3465-0
754,KIGTEZ__ligand14117-0
755,KIGTEZ__ligand1142-0
756,KIGTEZ__ligand17261-0
757,KIGTEZ__ligand3234-0
758,KIGTEZ__ligand197-0
759,KIGTEZ__ligand31097-0
760,KIGTEZ__ligand21581-0
761,KIGTEZ__ligand7126-0
762,KIGTEZ__ligand20539-0
763,KIGTEZ__ligand20251-0
764,KIGTEZ__ligand20214-0
765,KIGTEZ__ligand30702-0
766,KIGTEZ__ligand8835-0
767,KIGTEZ__ligand2028-0
768,KIGTEZ__ligand51-0
769,KIGTEZ__ligand14889-0
770,KIGTEZ__ligand30851-0
771,KIGTEZ__ligand29568-0
772,KIGTEZ__ligand91-0
773,KIGTEZ__ligand4641-0
774,KIGTEZ__ligand28789-0
775,KIGTEZ__ligand20419-0
776,KIGTEZ__ligand21371-0
777,KIGTEZ__ligand17118-0
778,KIGTEZ__ligand1823-0
779,KIGTEZ__ligand5643-0
780,KIGTEZ__ligand13208-0
781,KIGTEZ__ligand685-0
782,KIGTEZ__ligand1324-0
783,KIGTEZ__ligand8721-0
784,KIGTEZ__ligand26810-0
785,KIGTEZ__ligand27482-0
786,KIGTEZ__ligand9952-0
787,KIGTEZ__ligand9111-0
788,KIGTEZ__ligand421-0
789,KIGTEZ__ligand1615-0
790,KIGTEZ__ligand2526-0
791,KIGTEZ__ligand5036-0
792,KIGTEZ__ligand8992-0
793,KIGTEZ__ligand13390-0
794,KIGTEZ__ligand9601-0
795,KIGTEZ__ligand294-0
796,KIGTEZ__ligand20682-0
797,KIGTEZ__ligand16-0
798,KIGTEZ__ligand7967-0
799,KIGTEZ__ligand3707-0
800,KIGTEZ__ligand6124-0
801,KIGTEZ__ligand1018-0
802,KIGTEZ__ligand4116-0
803,KIGTEZ__ligand2915-0
804,KIGTEZ__ligand11456-0
805,KIGTEZ__ligand3156-0
806,KIGTEZ__ligand14174-0
807,KIGTEZ__ligand10712-0
808,KIGTEZ__ligand6244-0
809,KIGTEZ__ligand560-0
810,KIGTEZ__ligand25411-0
811,KIGTEZ__ligand1378-0
812,KIGTEZ__ligand32-0
813,KIGTEZ__ligand31832-0
814,KIGTEZ__ligand134-0
815,KIGTEZ__ligand13294-0
816,KIGTEZ__ligand9441-0
817,KIGTEZ__ligand235-0
818,KIGTEZ__ligand2332-0
819,KIGTEZ__ligand1631-0
820,KIGTEZ__ligand28884-0
821,KIGTEZ__ligand13331-0
822,KIGTEZ__ligand1530-0
823,KIGTEZ__ligand12030-0
824,KIGTEZ__ligand1575-0
825,KIGTEZ__ligand29879-0
826,KIGTEZ__ligand14248-0
827,KIGTEZ__ligand9933-0
