,TMC
0,TUZYAO__ligand916-0
1,TUZYAO__ligand584-0
2,TUZYAO__ligand798-0
3,TUZYAO__ligand8032-0
4,TUZYAO__ligand421-0
5,TUZYAO__ligand1858-0
6,TUZYAO__ligand2315-0
7,TUZYAO__ligand1898-0
8,TUZYAO__ligand331-0
9,TUZYAO__ligand2480-0
10,TUZYAO__ligand3051-0
11,TUZYAO__ligand4504-0
12,TUZYAO__ligand5334-0
13,TUZYAO__ligand993-0
14,TUZYAO__ligand294-0
15,TUZYAO__ligand2389-0
16,TUZYAO__ligand1919-0
17,TUZYAO__ligand109-0
18,TUZYAO__ligand525-0
19,TUZYAO__ligand560-0
20,TUZYAO__ligand2110-0
21,TUZYAO__ligand2916-0
22,TUZYAO__ligand235-0
23,TUZYAO__ligand134-0
24,TUZYAO__ligand932-0
25,TUZYAO__ligand3579-0
26,TUZYAO__ligand390-0
27,TUZYAO__ligand1712-0
28,TUZYAO__ligand136-0
29,TUZYAO__ligand1299-0
30,TUZYAO__ligand6430-0
31,TUZYAO__ligand1264-0
32,TUZYAO__ligand1221-0
33,TUZYAO__ligand442-0
34,TUZYAO__ligand1379-0
35,TUZYAO__ligand868-0
36,TUZYAO__ligand2376-0
37,TUZYAO__ligand783-0
38,TUZYAO__ligand352-0
39,TUZYAO__ligand67-0
40,TUZYAO__ligand2929-0
41,TUZYAO__ligand2482-0
42,TUZYAO__ligand1325-0
43,TUZYAO__ligand6571-0
44,TUZYAO__ligand296-0
45,TUZYAO__ligand197-0
46,TUZYAO__ligand1104-0
47,TUZYAO__ligand7414-0
48,TUZYAO__ligand5762-0
49,TUZYAO__ligand112-0
50,TUZYAO__ligand1019-0
51,TUZYAO__ligand2442-0
52,TUZYAO__ligand193-0
53,TUZYAO__ligand1178-0
54,TUZYAO__ligand3566-0
55,TUZYAO__ligand830-0
56,TUZYAO__ligand1321-0
57,TUZYAO__ligand1788-0
58,TUZYAO__ligand10114-0
59,TUZYAO__ligand955-0
60,TUZYAO__ligand252-0
61,TUZYAO__ligand9620-0
62,TUZYAO__ligand4894-0
63,TUZYAO__ligand1260-0
64,TUZYAO__ligand934-0
65,TUZYAO__ligand177-0
66,TUZYAO__ligand909-0
67,TUZYAO__ligand1449-1
68,TUZYAO__ligand4811-0
69,TUZYAO__ligand10479-0
70,TUZYAO__ligand1-0
71,TUZYAO__ligand851-0
72,TUZYAO__ligand7514-0
73,TUZYAO__ligand3337-0
74,TUZYAO__ligand14530-0
75,TUZYAO__ligand3-0
76,TUZYAO__ligand1307-0
77,TUZYAO__ligand311-0
78,TUZYAO__ligand444-0
79,TUZYAO__ligand369-0
80,TUZYAO__ligand188-0
81,TUZYAO__ligand85-0
82,TUZYAO__ligand10910-0
83,TUZYAO__ligand6166-0
84,TUZYAO__ligand460-0
85,TUZYAO__ligand78-0
86,TUZYAO__ligand250-0
87,TUZYAO__ligand1246-0
88,TUZYAO__ligand5089-0
89,TUZYAO__ligand2599-0
90,TUZYAO__ligand370-0
91,TUZYAO__ligand45-0
92,TUZYAO__ligand2853-0
93,TUZYAO__ligand3853-0
94,TUZYAO__ligand3196-0
95,TUZYAO__ligand4012-0
96,TUZYAO__ligand353-0
97,TUZYAO__ligand4-0
98,TUZYAO__ligand66-0
99,TUZYAO__ligand236-0
100,TUZYAO__ligand2915-0
101,TUZYAO__ligand422-0
102,TUZYAO__ligand2707-0
103,TUZYAO__ligand1690-0
104,TUZYAO__ligand113-0
105,TUZYAO__ligand2526-0
106,TUZYAO__ligand196-0
107,TUZYAO__ligand502-0
108,TUZYAO__ligand1551-0
109,TUZYAO__ligand4370-0
110,TUZYAO__ligand40-0
111,TUZYAO__ligand1436-0
112,TUZYAO__ligand38-0
113,TUZYAO__ligand2618-0
114,TUZYAO__ligand210-0
115,TUZYAO__ligand3618-0
116,TUZYAO__ligand391-0
117,TUZYAO__ligand4175-0
118,TUZYAO__ligand2255-0
119,TUZYAO__ligand170-0
120,TUZYAO__ligand1918-0
121,TUZYAO__ligand21-0
122,TUZYAO__ligand6-0
123,TUZYAO__ligand314-0
124,TUZYAO__ligand481-0
125,TUZYAO__ligand3251-0
126,TUZYAO__ligand18-0
127,TUZYAO__ligand6143-0
128,TUZYAO__ligand5235-0
129,TUZYAO__ligand4619-0
130,TUZYAO__ligand1493-0
131,TUZYAO__ligand485-0
132,TUZYAO__ligand3035-0
133,TUZYAO__ligand3070-0
134,TUZYAO__ligand784-0
135,TUZYAO__ligand355-0
136,TUZYAO__ligand2718-0
137,TUZYAO__ligand9176-0
138,TUZYAO__ligand15630-0
139,TUZYAO__ligand10357-0
140,TUZYAO__ligand3852-0
141,TUZYAO__ligand3478-0
142,TUZYAO__ligand291-0
143,TUZYAO__ligand5758-0
144,TUZYAO__ligand115-0
145,TUZYAO__ligand7456-0
146,TUZYAO__ligand1818-0
147,TUZYAO__ligand1907-0
148,TUZYAO__ligand4423-0
149,TUZYAO__ligand682-0
150,TUZYAO__ligand3890-0
151,TUZYAO__ligand86-0
152,TUZYAO__ligand7630-0
153,TUZYAO__ligand1555-0
154,TUZYAO__ligand1285-0
155,TUZYAO__ligand62-0
156,TUZYAO__ligand487-0
157,TUZYAO__ligand7550-0
158,TUZYAO__ligand666-0
159,TUZYAO__ligand522-0
160,TUZYAO__ligand5093-0
161,TUZYAO__ligand2954-0
162,TUZYAO__ligand133-0
163,TUZYAO__ligand1160-0
164,TUZYAO__ligand2253-0
165,TUZYAO__ligand1038-0
166,TUZYAO__ligand2762-0
167,TUZYAO__ligand447-0
168,TUZYAO__ligand187-0
169,TUZYAO__ligand1228-0
170,TUZYAO__ligand612-0
171,TUZYAO__ligand9244-0
172,TUZYAO__ligand861-0
173,TUZYAO__ligand366-0
174,TUZYAO__ligand1114-0
175,TUZYAO__ligand596-0
176,TUZYAO__ligand11730-0
177,TUZYAO__ligand1538-0
178,TUZYAO__ligand126-0
179,TUZYAO__ligand3246-0
180,TUZYAO__ligand1148-0
181,TUZYAO__ligand1479-0
182,TUZYAO__ligand32-0
183,TUZYAO__ligand3178-0
184,TUZYAO__ligand6332-0
185,TUZYAO__ligand119-0
186,TUZYAO__ligand6502-0
187,TUZYAO__ligand2098-0
188,TUZYAO__ligand2863-0
189,TUZYAO__ligand48-0
190,TUZYAO__ligand5548-0
191,TUZYAO__ligand7915-0
192,TUZYAO__ligand1747-0
193,TUZYAO__ligand6686-0
194,TUZYAO__ligand124-0
195,TUZYAO__ligand3145-0
196,TUZYAO__ligand91-0
197,TUZYAO__ligand2751-0
198,TUZYAO__ligand29-0
199,TUZYAO__ligand201-0
200,TUZYAO__ligand244-0
201,TUZYAO__ligand100-0
202,TUZYAO__ligand178-0
203,TUZYAO__ligand1542-0
204,TUZYAO__ligand2634-0
205,TUZYAO__ligand279-0
206,TUZYAO__ligand321-0
207,TUZYAO__ligand3041-0
208,TUZYAO__ligand51-0
209,TUZYAO__ligand141-0
210,TUZYAO__ligand1951-0
211,TUZYAO__ligand240-0
212,TUZYAO__ligand1687-0
213,TUZYAO__ligand95-0
214,TUZYAO__ligand6277-0
215,TUZYAO__ligand2768-0
216,TUZYAO__ligand1376-0
217,TUZYAO__ligand55-0
218,TUZYAO__ligand2259-0
219,TUZYAO__ligand2688-0
220,TUZYAO__ligand34-0
221,TUZYAO__ligand2629-0
222,TUZYAO__ligand4381-0
223,TUZYAO__ligand120-0
224,TUZYAO__ligand384-0
225,TUZYAO__ligand1706-0
226,TUZYAO__ligand3734-0
227,TUZYAO__ligand1171-0
228,TUZYAO__ligand757-0
229,TUZYAO__ligand797-0
230,TUZYAO__ligand1438-0
231,TUZYAO__ligand3063-0
232,TUZYAO__ligand73-0
233,TUZYAO__ligand5801-0
234,TUZYAO__ligand57-0
235,TUZYAO__ligand1459-0
236,TUZYAO__ligand1544-0
237,TUZYAO__ligand1685-0
238,TUZYAO__ligand1048-0
239,TUZYAO__ligand2087-0
240,TUZYAO__ligand8-0
241,TUZYAO__ligand3757-0
242,TUZYAO__ligand2907-0
243,TUZYAO__ligand509-0
244,TUZYAO__ligand49-0
245,TUZYAO__ligand2430-0
246,TUZYAO__ligand1703-0
247,TUZYAO__ligand1056-0
248,TUZYAO__ligand2320-0
249,TUZYAO__ligand89-0
250,TUZYAO__ligand2862-0
251,TUZYAO__ligand8921-0
252,TUZYAO__ligand571-0
253,TUZYAO__ligand1567-0
254,TUZYAO__ligand2285-0
255,TUZYAO__ligand670-0
256,TUZYAO__ligand118-0
257,TUZYAO__ligand2510-0
258,TUZYAO__ligand365-0
259,TUZYAO__ligand1607-0
260,TUZYAO__ligand278-0
261,TUZYAO__ligand669-0
262,TUZYAO__ligand1152-0
263,TUZYAO__ligand1727-0
264,TUZYAO__ligand358-0
265,TUZYAO__ligand430-0
266,TUZYAO__ligand92-0
267,TUZYAO__ligand17-0
268,TUZYAO__ligand8774-0
269,TUZYAO__ligand3637-0
270,TUZYAO__ligand6294-0
271,TUZYAO__ligand1054-0
272,TUZYAO__ligand1598-0
273,TUZYAO__ligand4303-0
274,TUZYAO__ligand1248-0
275,TUZYAO__ligand226-0
276,TUZYAO__ligand162-0
277,TUZYAO__ligand7464-0
278,TUZYAO__ligand383-0
279,TUZYAO__ligand532-0
280,TUZYAO__ligand918-0
281,TUZYAO__ligand633-0
282,TUZYAO__ligand497-0
283,TUZYAO__ligand2864-0
284,TUZYAO__ligand2772-0
285,TUZYAO__ligand6151-0
286,TUZYAO__ligand9495-0
287,TUZYAO__ligand838-0
288,TUZYAO__ligand6538-0
289,TUZYAO__ligand166-0
290,TUZYAO__ligand2142-0
291,TUZYAO__ligand2880-0
292,TUZYAO__ligand5941-0
293,TUZYAO__ligand3838-0
294,TUZYAO__ligand1799-0
295,TUZYAO__ligand2838-0
296,TUZYAO__ligand436-0
297,TUZYAO__ligand206-0
298,TUZYAO__ligand142-0
299,TUZYAO__ligand283-0
300,TUZYAO__ligand1169-0
301,TUZYAO__ligand5022-0
302,TUZYAO__ligand553-0
303,TUZYAO__ligand326-0
304,TUZYAO__ligand821-0
305,TUZYAO__ligand1502-0
306,TUZYAO__ligand1835-0
307,TUZYAO__ligand2794-0
308,TUZYAO__ligand2345-0
309,TUZYAO__ligand324-0
310,TUZYAO__ligand361-0
311,TUZYAO__ligand4983-0
312,TUZYAO__ligand11-0
313,TUZYAO__ligand409-0
314,TUZYAO__ligand9027-0
315,TUZYAO__ligand140-0
316,TUZYAO__ligand105-0
317,TUZYAO__ligand2265-0
318,TUZYAO__ligand1113-0
319,TUZYAO__ligand6396-0
320,TUZYAO__ligand199-0
321,TUZYAO__ligand1273-0
322,TUZYAO__ligand927-0
323,TUZYAO__ligand575-0
324,TUZYAO__ligand1052-0
