,TMC
0,WANYUF__ligand5762-0
1,WANYUF__ligand7414-0
2,WANYUF__ligand1104-0
3,WANYUF__ligand2442-0
4,WANYUF__ligand34-0
5,WANYUF__ligand1019-0
6,WANYUF__ligand6571-0
7,WANYUF__ligand120-0
8,WANYUF__ligand1325-0
9,WANYUF__ligand2482-0
10,WANYUF__ligand384-0
11,WANYUF__ligand95-0
12,WANYUF__ligand141-0
13,WANYUF__ligand2376-0
14,WANYUF__ligand240-0
15,WANYUF__ligand11730-0
16,WANYUF__ligand2929-0
17,WANYUF__ligand1264-0
18,WANYUF__ligand1221-0
19,WANYUF__ligand6430-0
20,WANYUF__ligand1299-0
21,WANYUF__ligand55-0
22,WANYUF__ligand1379-0
23,WANYUF__ligand3579-0
24,WANYUF__ligand2110-0
25,WANYUF__ligand2916-0
26,WANYUF__ligand1712-0
27,WANYUF__ligand57-0
28,WANYUF__ligand2389-0
29,WANYUF__ligand1919-0
30,WANYUF__ligand3051-0
31,WANYUF__ligand4504-0
32,WANYUF__ligand2480-0
33,WANYUF__ligand1898-0
34,WANYUF__ligand2315-0
35,WANYUF__ligand757-0
36,WANYUF__ligand5334-0
37,WANYUF__ligand797-0
38,WANYUF__ligand1858-0
39,WANYUF__ligand73-0
40,WANYUF__ligand8032-0
41,WANYUF__ligand2599-0
42,WANYUF__ligand5089-0
43,WANYUF__ligand3853-0
44,WANYUF__ligand2853-0
45,WANYUF__ligand126-0
46,WANYUF__ligand6166-0
47,WANYUF__ligand32-0
48,WANYUF__ligand1246-0
49,WANYUF__ligand187-0
50,WANYUF__ligand612-0
51,WANYUF__ligand861-0
52,WANYUF__ligand366-0
53,WANYUF__ligand596-0
54,WANYUF__ligand1307-0
55,WANYUF__ligand1449-1
56,WANYUF__ligand4811-0
57,WANYUF__ligand3337-0
58,WANYUF__ligand7514-0
59,WANYUF__ligand201-0
60,WANYUF__ligand244-0
61,WANYUF__ligand29-0
62,WANYUF__ligand91-0
63,WANYUF__ligand100-0
64,WANYUF__ligand178-0
65,WANYUF__ligand279-0
66,WANYUF__ligand51-0
67,WANYUF__ligand321-0
68,WANYUF__ligand1260-0
69,WANYUF__ligand4894-0
70,WANYUF__ligand9620-0
71,WANYUF__ligand119-0
72,WANYUF__ligand1788-0
73,WANYUF__ligand3566-0
74,WANYUF__ligand1178-0
75,WANYUF__ligand124-0
76,WANYUF__ligand1321-0
77,WANYUF__ligand48-0
78,WANYUF__ligand436-0
79,WANYUF__ligand1918-0
80,WANYUF__ligand206-0
81,WANYUF__ligand142-0
82,WANYUF__ligand283-0
83,WANYUF__ligand4175-0
84,WANYUF__ligand553-0
85,WANYUF__ligand326-0
86,WANYUF__ligand2255-0
87,WANYUF__ligand821-0
88,WANYUF__ligand532-0
89,WANYUF__ligand633-0
90,WANYUF__ligand918-0
91,WANYUF__ligand1436-0
92,WANYUF__ligand3618-0
93,WANYUF__ligand2618-0
94,WANYUF__ligand497-0
95,WANYUF__ligand4370-0
96,WANYUF__ligand838-0
97,WANYUF__ligand166-0
98,WANYUF__ligand1551-0
99,WANYUF__ligand2526-0
100,WANYUF__ligand199-0
101,WANYUF__ligand927-0
102,WANYUF__ligand2707-0
103,WANYUF__ligand575-0
104,WANYUF__ligand1690-0
105,WANYUF__ligand8-0
106,WANYUF__ligand11-0
107,WANYUF__ligand2915-0
108,WANYUF__ligand409-0
109,WANYUF__ligand324-0
110,WANYUF__ligand361-0
111,WANYUF__ligand3196-0
112,WANYUF__ligand4012-0
113,WANYUF__ligand140-0
114,WANYUF__ligand105-0
115,WANYUF__ligand2253-0
116,WANYUF__ligand1160-0
117,WANYUF__ligand365-0
118,WANYUF__ligand5093-0
119,WANYUF__ligand2954-0
120,WANYUF__ligand2762-0
121,WANYUF__ligand1038-0
122,WANYUF__ligand278-0
123,WANYUF__ligand7550-0
124,WANYUF__ligand669-0
125,WANYUF__ligand430-0
126,WANYUF__ligand358-0
127,WANYUF__ligand7630-0
128,WANYUF__ligand49-0
129,WANYUF__ligand509-0
130,WANYUF__ligand1285-0
131,WANYUF__ligand1555-0
132,WANYUF__ligand4423-0
133,WANYUF__ligand1907-0
134,WANYUF__ligand3890-0
135,WANYUF__ligand571-0
136,WANYUF__ligand118-0
137,WANYUF__ligand89-0
138,WANYUF__ligand670-0
139,WANYUF__ligand7456-0
140,WANYUF__ligand1818-0
141,WANYUF__ligand226-0
142,WANYUF__ligand3478-0
143,WANYUF__ligand3852-0
144,WANYUF__ligand162-0
145,WANYUF__ligand383-0
146,WANYUF__ligand5758-0
147,WANYUF__ligand2718-0
148,WANYUF__ligand3035-0
149,WANYUF__ligand3070-0
150,WANYUF__ligand92-0
151,WANYUF__ligand1493-0
152,WANYUF__ligand9176-0
153,WANYUF__ligand3251-0
154,WANYUF__ligand17-0
155,WANYUF__ligand4619-0
156,WANYUF__ligand5235-0
157,WANYUF__ligand6143-0
158,WANYUF__ligand2634-0
159,WANYUF__ligand1542-0
160,WANYUF__ligand3041-0
161,WANYUF__ligand934-0
162,WANYUF__ligand177-0
163,WANYUF__ligand2751-0
164,WANYUF__ligand909-0
165,WANYUF__ligand851-0
166,WANYUF__ligand6686-0
167,WANYUF__ligand1747-0
168,WANYUF__ligand193-0
169,WANYUF__ligand7915-0
170,WANYUF__ligand5548-0
171,WANYUF__ligand830-0
172,WANYUF__ligand3145-0
173,WANYUF__ligand6332-0
174,WANYUF__ligand3178-0
175,WANYUF__ligand955-0
176,WANYUF__ligand2863-0
177,WANYUF__ligand2098-0
178,WANYUF__ligand252-0
179,WANYUF__ligand6502-0
180,WANYUF__ligand1148-0
181,WANYUF__ligand460-0
182,WANYUF__ligand78-0
183,WANYUF__ligand250-0
184,WANYUF__ligand85-0
185,WANYUF__ligand1479-0
186,WANYUF__ligand45-0
187,WANYUF__ligand3246-0
188,WANYUF__ligand370-0
189,WANYUF__ligand1538-0
190,WANYUF__ligand311-0
191,WANYUF__ligand1114-0
192,WANYUF__ligand369-0
193,WANYUF__ligand9244-0
194,WANYUF__ligand444-0
195,WANYUF__ligand1228-0
196,WANYUF__ligand188-0
197,WANYUF__ligand1685-0
198,WANYUF__ligand10479-0
199,WANYUF__ligand3757-0
200,WANYUF__ligand109-0
201,WANYUF__ligand2087-0
202,WANYUF__ligand525-0
203,WANYUF__ligand560-0
204,WANYUF__ligand1048-0
205,WANYUF__ligand235-0
206,WANYUF__ligand4-0
207,WANYUF__ligand1459-0
208,WANYUF__ligand134-0
209,WANYUF__ligand932-0
210,WANYUF__ligand1544-0
211,WANYUF__ligand390-0
212,WANYUF__ligand3063-0
213,WANYUF__ligand1438-0
214,WANYUF__ligand916-0
215,WANYUF__ligand584-0
216,WANYUF__ligand10114-0
217,WANYUF__ligand421-0
218,WANYUF__ligand5801-0
219,WANYUF__ligand798-0
220,WANYUF__ligand1171-0
221,WANYUF__ligand331-0
222,WANYUF__ligand993-0
223,WANYUF__ligand294-0
224,WANYUF__ligand4381-0
225,WANYUF__ligand2629-0
226,WANYUF__ligand3734-0
227,WANYUF__ligand296-0
228,WANYUF__ligand1706-0
229,WANYUF__ligand197-0
230,WANYUF__ligand10910-0
231,WANYUF__ligand112-0
232,WANYUF__ligand1376-0
233,WANYUF__ligand136-0
234,WANYUF__ligand2768-0
235,WANYUF__ligand6-0
236,WANYUF__ligand2688-0
237,WANYUF__ligand2259-0
238,WANYUF__ligand442-0
239,WANYUF__ligand868-0
240,WANYUF__ligand1687-0
241,WANYUF__ligand14530-0
242,WANYUF__ligand1951-0
243,WANYUF__ligand783-0
244,WANYUF__ligand352-0
245,WANYUF__ligand67-0
246,WANYUF__ligand6277-0
247,WANYUF__ligand7464-0
248,WANYUF__ligand291-0
249,WANYUF__ligand1054-0
250,WANYUF__ligand6294-0
251,WANYUF__ligand115-0
252,WANYUF__ligand1248-0
253,WANYUF__ligand4303-0
254,WANYUF__ligand1598-0
255,WANYUF__ligand8774-0
256,WANYUF__ligand18-0
257,WANYUF__ligand1-0
258,WANYUF__ligand3637-0
259,WANYUF__ligand485-0
260,WANYUF__ligand784-0
261,WANYUF__ligand355-0
262,WANYUF__ligand1152-0
263,WANYUF__ligand487-0
264,WANYUF__ligand666-0
265,WANYUF__ligand522-0
266,WANYUF__ligand62-0
267,WANYUF__ligand1727-0
268,WANYUF__ligand3-0
269,WANYUF__ligand133-0
270,WANYUF__ligand447-0
271,WANYUF__ligand1607-0
272,WANYUF__ligand2862-0
273,WANYUF__ligand86-0
274,WANYUF__ligand682-0
275,WANYUF__ligand2320-0
276,WANYUF__ligand1056-0
277,WANYUF__ligand2510-0
278,WANYUF__ligand2285-0
279,WANYUF__ligand1567-0
280,WANYUF__ligand8921-0
281,WANYUF__ligand2907-0
282,WANYUF__ligand1703-0
283,WANYUF__ligand2430-0
284,WANYUF__ligand422-0
285,WANYUF__ligand1052-0
286,WANYUF__ligand113-0
287,WANYUF__ligand196-0
288,WANYUF__ligand502-0
289,WANYUF__ligand1273-0
290,WANYUF__ligand66-0
291,WANYUF__ligand9027-0
292,WANYUF__ligand6396-0
293,WANYUF__ligand10357-0
294,WANYUF__ligand1113-0
295,WANYUF__ligand2265-0
296,WANYUF__ligand353-0
297,WANYUF__ligand15630-0
298,WANYUF__ligand1502-0
299,WANYUF__ligand4983-0
300,WANYUF__ligand2345-0
301,WANYUF__ligand2794-0
302,WANYUF__ligand1835-0
303,WANYUF__ligand236-0
304,WANYUF__ligand391-0
305,WANYUF__ligand5022-0
306,WANYUF__ligand1169-0
307,WANYUF__ligand170-0
308,WANYUF__ligand2838-0
309,WANYUF__ligand3838-0
310,WANYUF__ligand1799-0
311,WANYUF__ligand21-0
312,WANYUF__ligand5941-0
313,WANYUF__ligand2880-0
314,WANYUF__ligand314-0
315,WANYUF__ligand481-0
316,WANYUF__ligand6538-0
317,WANYUF__ligand40-0
318,WANYUF__ligand9495-0
319,WANYUF__ligand6151-0
320,WANYUF__ligand2772-0
321,WANYUF__ligand2142-0
322,WANYUF__ligand2864-0
323,WANYUF__ligand38-0
324,WANYUF__ligand210-0
