,TMC
0,XOYBOC__ligand23904-0
1,XOYBOC__ligand163-0
2,XOYBOC__ligand126-0
3,XOYBOC__ligand7762-0
4,XOYBOC__ligand5080-0
5,XOYBOC__ligand21936-0
6,XOYBOC__ligand13257-0
7,XOYBOC__ligand5509-0
8,XOYBOC__ligand8002-0
9,XOYBOC__ligand12467-0
10,XOYBOC__ligand6117-0
11,XOYBOC__ligand1407-0
12,XOYBOC__ligand10084-0
13,XOYBOC__ligand25267-0
14,XOYBOC__ligand18391-0
15,XOYBOC__ligand27169-0
16,XOYBOC__ligand845-0
17,XOYBOC__ligand14523-0
18,XOYBOC__ligand1317-0
19,XOYBOC__ligand3867-0
20,XOYBOC__ligand2822-0
21,XOYBOC__ligand7293-0
22,XOYBOC__ligand20599-0
23,XOYBOC__ligand9167-0
24,XOYBOC__ligand25805-0
25,XOYBOC__ligand5304-0
26,XOYBOC__ligand22981-0
27,XOYBOC__ligand2238-0
28,XOYBOC__ligand27074-0
29,XOYBOC__ligand18799-0
30,XOYBOC__ligand9773-0
31,XOYBOC__ligand366-0
32,XOYBOC__ligand1376-0
33,XOYBOC__ligand5510-0
34,XOYBOC__ligand18465-0
35,XOYBOC__ligand38-0
36,XOYBOC__ligand1296-0
37,XOYBOC__ligand28668-0
38,XOYBOC__ligand2259-0
39,XOYBOC__ligand657-0
40,XOYBOC__ligand1197-0
41,XOYBOC__ligand5099-0
42,XOYBOC__ligand8592-0
43,XOYBOC__ligand187-0
44,XOYBOC__ligand16791-0
45,XOYBOC__ligand4358-0
46,XOYBOC__ligand11140-0
47,XOYBOC__ligand3120-0
48,XOYBOC__ligand3926-0
49,XOYBOC__ligand596-0
50,XOYBOC__ligand29610-0
51,XOYBOC__ligand941-0
52,XOYBOC__ligand2221-0
53,XOYBOC__ligand5595-0
54,XOYBOC__ligand18074-0
55,XOYBOC__ligand13869-0
56,XOYBOC__ligand4101-0
57,XOYBOC__ligand29863-0
58,XOYBOC__ligand777-0
59,XOYBOC__ligand23124-0
60,XOYBOC__ligand6892-0
61,XOYBOC__ligand11206-0
62,XOYBOC__ligand12519-0
63,XOYBOC__ligand25735-0
64,XOYBOC__ligand1211-0
65,XOYBOC__ligand201-0
66,XOYBOC__ligand3712-0
67,XOYBOC__ligand1464-0
68,XOYBOC__ligand42-0
69,XOYBOC__ligand1499-0
70,XOYBOC__ligand2881-0
71,XOYBOC__ligand6699-0
72,XOYBOC__ligand25650-0
73,XOYBOC__ligand321-0
74,XOYBOC__ligand31248-0
75,XOYBOC__ligand185-0
76,XOYBOC__ligand19257-0
77,XOYBOC__ligand13209-0
78,XOYBOC__ligand3632-0
79,XOYBOC__ligand279-0
80,XOYBOC__ligand3677-0
81,XOYBOC__ligand12660-0
82,XOYBOC__ligand1168-0
83,XOYBOC__ligand1294-0
84,XOYBOC__ligand178-0
85,XOYBOC__ligand7291-0
86,XOYBOC__ligand25689-0
87,XOYBOC__ligand3677-1
88,XOYBOC__ligand9883-0
89,XOYBOC__ligand21787-0
90,XOYBOC__ligand25575-0
91,XOYBOC__ligand4007-0
92,XOYBOC__ligand2985-0
93,XOYBOC__ligand27835-0
94,XOYBOC__ligand12295-0
95,XOYBOC__ligand9299-0
96,XOYBOC__ligand11166-0
97,XOYBOC__ligand21132-0
98,XOYBOC__ligand3945-0
99,XOYBOC__ligand2693-0
100,XOYBOC__ligand5383-0
101,XOYBOC__ligand23906-0
102,XOYBOC__ligand66-0
103,XOYBOC__ligand9344-0
104,XOYBOC__ligand338-0
105,XOYBOC__ligand3736-0
106,XOYBOC__ligand30539-0
107,XOYBOC__ligand8000-0
108,XOYBOC__ligand2612-0
109,XOYBOC__ligand15438-0
110,XOYBOC__ligand28924-0
111,XOYBOC__ligand1599-0
112,XOYBOC__ligand9450-0
113,XOYBOC__ligand768-0
114,XOYBOC__ligand18703-0
115,XOYBOC__ligand29087-0
116,XOYBOC__ligand3-0
117,XOYBOC__ligand31578-0
118,XOYBOC__ligand17207-0
119,XOYBOC__ligand18013-0
120,XOYBOC__ligand25224-0
121,XOYBOC__ligand384-0
122,XOYBOC__ligand17945-0
123,XOYBOC__ligand1289-0
124,XOYBOC__ligand2203-0
125,XOYBOC__ligand5387-0
126,XOYBOC__ligand24750-0
127,XOYBOC__ligand31618-0
128,XOYBOC__ligand11432-0
129,XOYBOC__ligand10432-0
130,XOYBOC__ligand22755-0
131,XOYBOC__ligand2417-0
132,XOYBOC__ligand26277-0
133,XOYBOC__ligand29898-0
134,XOYBOC__ligand6391-0
135,XOYBOC__ligand3126-0
136,XOYBOC__ligand240-0
137,XOYBOC__ligand9284-0
138,XOYBOC__ligand1114-0
139,XOYBOC__ligand141-0
140,XOYBOC__ligand23589-0
141,XOYBOC__ligand1604-0
142,XOYBOC__ligand1228-0
143,XOYBOC__ligand9943-0
144,XOYBOC__ligand24064-0
145,XOYBOC__ligand15168-0
146,XOYBOC__ligand2043-0
147,XOYBOC__ligand1832-0
148,XOYBOC__ligand8788-0
149,XOYBOC__ligand6017-0
150,XOYBOC__ligand31483-0
151,XOYBOC__ligand7316-0
152,XOYBOC__ligand5708-0
153,XOYBOC__ligand10555-0
154,XOYBOC__ligand19725-0
155,XOYBOC__ligand24613-0
156,XOYBOC__ligand5180-0
157,XOYBOC__ligand7172-0
158,XOYBOC__ligand11774-0
159,XOYBOC__ligand14586-0
160,XOYBOC__ligand7273-0
161,XOYBOC__ligand21421-0
162,XOYBOC__ligand9323-0
163,XOYBOC__ligand17710-0
164,XOYBOC__ligand20579-0
165,XOYBOC__ligand7092-0
166,XOYBOC__ligand2260-0
167,XOYBOC__ligand1153-0
168,XOYBOC__ligand11568-0
169,XOYBOC__ligand3225-0
170,XOYBOC__ligand1116-0
171,XOYBOC__ligand693-0
172,XOYBOC__ligand8612-0
173,XOYBOC__ligand2124-0
174,XOYBOC__ligand757-0
175,XOYBOC__ligand4649-0
176,XOYBOC__ligand8793-0
177,XOYBOC__ligand17590-0
178,XOYBOC__ligand5649-0
179,XOYBOC__ligand2788-0
180,XOYBOC__ligand1-0
181,XOYBOC__ligand17240-0
182,XOYBOC__ligand2906-0
183,XOYBOC__ligand12682-0
184,XOYBOC__ligand18699-0
185,XOYBOC__ligand4711-0
186,XOYBOC__ligand3244-0
187,XOYBOC__ligand122-0
188,XOYBOC__ligand4807-0
189,XOYBOC__ligand3178-0
190,XOYBOC__ligand1787-0
191,XOYBOC__ligand1356-0
192,XOYBOC__ligand5530-0
193,XOYBOC__ligand12336-0
194,XOYBOC__ligand9753-0
195,XOYBOC__ligand18-0
196,XOYBOC__ligand7196-0
197,XOYBOC__ligand5159-0
198,XOYBOC__ligand13072-0
199,XOYBOC__ligand13208-0
200,XOYBOC__ligand1169-0
201,XOYBOC__ligand26810-0
202,XOYBOC__ligand8529-0
203,XOYBOC__ligand27482-0
204,XOYBOC__ligand430-0
205,XOYBOC__ligand358-0
206,XOYBOC__ligand13390-0
207,XOYBOC__ligand1498-0
208,XOYBOC__ligand43-0
209,XOYBOC__ligand488-0
210,XOYBOC__ligand4596-0
211,XOYBOC__ligand20682-0
212,XOYBOC__ligand1154-0
213,XOYBOC__ligand694-0
214,XOYBOC__ligand9615-0
215,XOYBOC__ligand1028-0
216,XOYBOC__ligand67-0
217,XOYBOC__ligand11456-0
218,XOYBOC__ligand4262-0
219,XOYBOC__ligand14174-0
220,XOYBOC__ligand10712-0
221,XOYBOC__ligand1618-0
222,XOYBOC__ligand2692-0
223,XOYBOC__ligand25411-0
224,XOYBOC__ligand31832-0
225,XOYBOC__ligand670-0
226,XOYBOC__ligand13294-0
227,XOYBOC__ligand534-0
228,XOYBOC__ligand571-0
229,XOYBOC__ligand28884-0
230,XOYBOC__ligand13331-0
231,XOYBOC__ligand2027-0
232,XOYBOC__ligand12030-0
233,XOYBOC__ligand1050-0
234,XOYBOC__ligand29879-0
235,XOYBOC__ligand14248-0
236,XOYBOC__ligand1015-0
237,XOYBOC__ligand20598-0
238,XOYBOC__ligand11675-0
239,XOYBOC__ligand4340-0
240,XOYBOC__ligand24047-0
241,XOYBOC__ligand2650-0
242,XOYBOC__ligand2281-0
243,XOYBOC__ligand22557-0
244,XOYBOC__ligand10589-0
245,XOYBOC__ligand3180-0
246,XOYBOC__ligand17398-0
247,XOYBOC__ligand6995-0
248,XOYBOC__ligand17278-0
249,XOYBOC__ligand20011-0
250,XOYBOC__ligand2823-0
251,XOYBOC__ligand17982-0
252,XOYBOC__ligand29414-0
253,XOYBOC__ligand416-0
254,XOYBOC__ligand4-0
255,XOYBOC__ligand20251-1
256,XOYBOC__ligand383-0
257,XOYBOC__ligand4124-0
258,XOYBOC__ligand3471-0
259,XOYBOC__ligand4161-0
260,XOYBOC__ligand162-0
261,XOYBOC__ligand5415-0
262,XOYBOC__ligand14703-0
263,XOYBOC__ligand16475-0
264,XOYBOC__ligand226-0
265,XOYBOC__ligand5201-0
266,XOYBOC__ligand14117-0
267,XOYBOC__ligand17261-0
268,XOYBOC__ligand696-0
269,XOYBOC__ligand31097-0
270,XOYBOC__ligand21581-0
271,XOYBOC__ligand20539-0
272,XOYBOC__ligand8553-0
273,XOYBOC__ligand20251-0
274,XOYBOC__ligand20214-0
275,XOYBOC__ligand30702-0
276,XOYBOC__ligand1113-0
277,XOYBOC__ligand14889-0
278,XOYBOC__ligand30851-0
279,XOYBOC__ligand656-0
280,XOYBOC__ligand29568-0
281,XOYBOC__ligand8593-0
282,XOYBOC__ligand9944-0
283,XOYBOC__ligand2001-0
284,XOYBOC__ligand28789-0
285,XOYBOC__ligand20419-0
286,XOYBOC__ligand21371-0
287,XOYBOC__ligand7566-0
288,XOYBOC__ligand17118-0
289,XOYBOC__ligand15422-0
290,XOYBOC__ligand5019-0
291,XOYBOC__ligand20578-0
292,XOYBOC__ligand12934-0
293,XOYBOC__ligand3261-0
294,XOYBOC__ligand1152-0
295,XOYBOC__ligand19641-0
296,XOYBOC__ligand14723-0
297,XOYBOC__ligand692-0
298,XOYBOC__ligand27893-0
299,XOYBOC__ligand1216-0
300,XOYBOC__ligand436-0
301,XOYBOC__ligand30988-0
302,XOYBOC__ligand18832-0
303,XOYBOC__ligand27175-0
304,XOYBOC__ligand23713-0
305,XOYBOC__ligand1849-0
306,XOYBOC__ligand45-0
307,XOYBOC__ligand17631-0
308,XOYBOC__ligand13012-0
309,XOYBOC__ligand1831-0
310,XOYBOC__ligand78-0
311,XOYBOC__ligand26665-0
312,XOYBOC__ligand5614-0
313,XOYBOC__ligand5280-0
314,XOYBOC__ligand14297-0
315,XOYBOC__ligand14603-0
316,XOYBOC__ligand326-0
317,XOYBOC__ligand6663-0
318,XOYBOC__ligand17258-0
319,XOYBOC__ligand5515-0
320,XOYBOC__ligand31783-0
321,XOYBOC__ligand1786-0
322,XOYBOC__ligand26540-0
323,XOYBOC__ligand12337-0
324,XOYBOC__ligand29410-0
325,XOYBOC__ligand19-0
326,XOYBOC__ligand5630-0
327,XOYBOC__ligand30296-0
328,XOYBOC__ligand17281-0
329,XOYBOC__ligand497-0
330,XOYBOC__ligand12606-0
331,XOYBOC__ligand633-0
332,XOYBOC__ligand1908-0
333,XOYBOC__ligand4795-0
334,XOYBOC__ligand3285-0
335,XOYBOC__ligand30333-0
336,XOYBOC__ligand27460-0
337,XOYBOC__ligand5085-0
338,XOYBOC__ligand3144-0
339,XOYBOC__ligand5755-0
340,XOYBOC__ligand4710-0
341,XOYBOC__ligand24-0
342,XOYBOC__ligand1828-0
343,XOYBOC__ligand7213-0
344,XOYBOC__ligand1397-0
345,XOYBOC__ligand16628-0
346,XOYBOC__ligand8042-0
347,XOYBOC__ligand12427-0
348,XOYBOC__ligand20740-0
349,XOYBOC__ligand28468-0
350,XOYBOC__ligand6112-0
351,XOYBOC__ligand1288-0
352,XOYBOC__ligand10262-0
353,XOYBOC__ligand28676-0
354,XOYBOC__ligand27763-0
355,XOYBOC__ligand199-0
356,XOYBOC__ligand4266-0
357,XOYBOC__ligand1400-0
358,XOYBOC__ligand9491-0
359,XOYBOC__ligand13425-0
360,XOYBOC__ligand29302-0
361,XOYBOC__ligand18814-0
362,XOYBOC__ligand19057-0
363,XOYBOC__ligand4167-0
364,XOYBOC__ligand1779-0
365,XOYBOC__ligand1817-0
366,XOYBOC__ligand6993-0
367,XOYBOC__ligand9750-0
368,XOYBOC__ligand300-0
369,XOYBOC__ligand14108-0
370,XOYBOC__ligand10958-0
371,XOYBOC__ligand7075-0
372,XOYBOC__ligand588-0
373,XOYBOC__ligand3557-0
374,XOYBOC__ligand3980-0
375,XOYBOC__ligand12641-0
376,XOYBOC__ligand1149-0
377,XOYBOC__ligand409-0
378,XOYBOC__ligand3042-0
379,XOYBOC__ligand25178-0
380,XOYBOC__ligand361-0
381,XOYBOC__ligand324-0
382,XOYBOC__ligand24185-0
383,XOYBOC__ligand23769-0
384,XOYBOC__ligand17805-0
385,XOYBOC__ligand7438-0
386,XOYBOC__ligand8200-0
387,XOYBOC__ligand4063-0
388,XOYBOC__ligand17302-0
389,XOYBOC__ligand1539-0
390,XOYBOC__ligand12231-0
391,XOYBOC__ligand12289-0
392,XOYBOC__ligand18292-0
393,XOYBOC__ligand13658-0
394,XOYBOC__ligand26702-0
395,XOYBOC__ligand1150-0
396,XOYBOC__ligand12130-0
397,XOYBOC__ligand17387-0
398,XOYBOC__ligand10476-0
399,XOYBOC__ligand3416-0
400,XOYBOC__ligand19830-0
401,XOYBOC__ligand13068-0
402,XOYBOC__ligand3453-0
403,XOYBOC__ligand15585-0
404,XOYBOC__ligand12401-0
405,XOYBOC__ligand4207-0
406,XOYBOC__ligand24145-0
407,XOYBOC__ligand5316-0
408,XOYBOC__ligand21919-0
409,XOYBOC__ligand560-0
410,XOYBOC__ligand22294-0
411,XOYBOC__ligand5483-0
412,XOYBOC__ligand28930-0
413,XOYBOC__ligand22168-0
414,XOYBOC__ligand13862-0
415,XOYBOC__ligand11357-0
416,XOYBOC__ligand1729-0
417,XOYBOC__ligand15531-0
418,XOYBOC__ligand28743-0
419,XOYBOC__ligand5627-0
420,XOYBOC__ligand10056-0
421,XOYBOC__ligand12365-0
422,XOYBOC__ligand2830-0
423,XOYBOC__ligand1415-0
424,XOYBOC__ligand6946-0
425,XOYBOC__ligand19792-0
426,XOYBOC__ligand10828-0
427,XOYBOC__ligand15926-0
428,XOYBOC__ligand24230-0
429,XOYBOC__ligand7529-0
430,XOYBOC__ligand28810-0
431,XOYBOC__ligand11096-0
432,XOYBOC__ligand11447-0
433,XOYBOC__ligand15883-0
434,XOYBOC__ligand134-0
435,XOYBOC__ligand11970-0
436,XOYBOC__ligand235-0
437,XOYBOC__ligand9148-0
438,XOYBOC__ligand17-0
439,XOYBOC__ligand2403-0
440,XOYBOC__ligand421-0
441,XOYBOC__ligand16988-0
442,XOYBOC__ligand25913-0
443,XOYBOC__ligand3934-0
444,XOYBOC__ligand685-0
445,XOYBOC__ligand6455-0
446,XOYBOC__ligand6882-0
447,XOYBOC__ligand20207-0
448,XOYBOC__ligand30711-0
449,XOYBOC__ligand11682-0
450,XOYBOC__ligand11994-0
451,XOYBOC__ligand294-0
452,XOYBOC__ligand9681-0
453,XOYBOC__ligand31842-0
454,XOYBOC__ligand31044-0
455,XOYBOC__ligand4332-0
456,XOYBOC__ligand24035-0
457,XOYBOC__ligand3012-0
458,XOYBOC__ligand14614-0
459,XOYBOC__ligand1449-0
460,XOYBOC__ligand7530-0
461,XOYBOC__ligand1065-0
462,XOYBOC__ligand16663-0
463,XOYBOC__ligand4330-0
464,XOYBOC__ligand197-0
465,XOYBOC__ligand2599-0
466,XOYBOC__ligand28685-0
467,XOYBOC__ligand18568-0
468,XOYBOC__ligand13672-0
469,XOYBOC__ligand10371-0
470,XOYBOC__ligand7532-0
471,XOYBOC__ligand4194-0
472,XOYBOC__ligand28459-0
473,XOYBOC__ligand7925-0
474,XOYBOC__ligand18448-0
475,XOYBOC__ligand2068-0
476,XOYBOC__ligand12453-0
477,XOYBOC__ligand1147-0
478,XOYBOC__ligand3973-0
479,XOYBOC__ligand19184-0
480,XOYBOC__ligand27669-0
481,XOYBOC__ligand868-0
482,XOYBOC__ligand30142-0
483,XOYBOC__ligand13477-0
484,XOYBOC__ligand14167-0
485,XOYBOC__ligand89-0
486,XOYBOC__ligand7107-0
487,XOYBOC__ligand3215-0
488,XOYBOC__ligand4738-0
489,XOYBOC__ligand5813-0
490,XOYBOC__ligand4813-0
491,XOYBOC__ligand23197-0
492,XOYBOC__ligand6062-0
493,XOYBOC__ligand6283-0
494,XOYBOC__ligand783-0
495,XOYBOC__ligand352-0
496,XOYBOC__ligand27285-0
497,XOYBOC__ligand29029-0
498,XOYBOC__ligand49-0
499,XOYBOC__ligand177-0
500,XOYBOC__ligand11618-0
501,XOYBOC__ligand5892-0
502,XOYBOC__ligand5094-0
503,XOYBOC__ligand26529-0
504,XOYBOC__ligand1712-0
505,XOYBOC__ligand4131-0
506,XOYBOC__ligand7557-0
507,XOYBOC__ligand1496-0
508,XOYBOC__ligand21729-0
509,XOYBOC__ligand27239-0
510,XOYBOC__ligand14043-0
511,XOYBOC__ligand28559-0
512,XOYBOC__ligand26324-0
513,XOYBOC__ligand1533-0
514,XOYBOC__ligand19927-0
515,XOYBOC__ligand909-0
516,XOYBOC__ligand21399-0
517,XOYBOC__ligand372-0
518,XOYBOC__ligand8722-0
519,XOYBOC__ligand10872-0
520,XOYBOC__ligand1327-0
521,XOYBOC__ligand9809-0
522,XOYBOC__ligand8-0
523,XOYBOC__ligand6672-0
524,XOYBOC__ligand830-0
525,XOYBOC__ligand12003-0
526,XOYBOC__ligand2781-0
527,XOYBOC__ligand7573-0
528,XOYBOC__ligand3350-0
529,XOYBOC__ligand16148-0
530,XOYBOC__ligand26631-0
531,XOYBOC__ligand69-0
532,XOYBOC__ligand3208-0
533,XOYBOC__ligand2208-0
534,XOYBOC__ligand193-0
535,XOYBOC__ligand29215-0
536,XOYBOC__ligand28540-0
537,XOYBOC__ligand11111-0
538,XOYBOC__ligand252-0
539,XOYBOC__ligand16369-0
540,XOYBOC__ligand116-0
541,XOYBOC__ligand9197-0
542,XOYBOC__ligand1900-0
543,XOYBOC__ligand20695-0
544,XOYBOC__ligand27754-0
545,XOYBOC__ligand4581-0
546,XOYBOC__ligand1773-0
547,XOYBOC__ligand2328-0
548,XOYBOC__ligand11-0
549,XOYBOC__ligand22403-0
550,XOYBOC__ligand7162-0
551,XOYBOC__ligand3029-0
552,XOYBOC__ligand23175-0
553,XOYBOC__ligand15788-0
554,XOYBOC__ligand5849-0
555,XOYBOC__ligand17396-0
556,XOYBOC__ligand250-0
557,XOYBOC__ligand13220-0
558,XOYBOC__ligand11587-0
559,XOYBOC__ligand3392-0
560,XOYBOC__ligand24111-0
561,XOYBOC__ligand22444-0
562,XOYBOC__ligand13385-0
563,XOYBOC__ligand14569-0
564,XOYBOC__ligand4911-0
565,XOYBOC__ligand1771-0
566,XOYBOC__ligand8349-0
567,XOYBOC__ligand1709-0
568,XOYBOC__ligand12001-0
569,XOYBOC__ligand8464-0
570,XOYBOC__ligand24644-0
571,XOYBOC__ligand370-0
572,XOYBOC__ligand10033-0
573,XOYBOC__ligand24872-0
574,XOYBOC__ligand30728-0
575,XOYBOC__ligand2527-0
576,XOYBOC__ligand27840-0
577,XOYBOC__ligand1469-0
578,XOYBOC__ligand311-0
579,XOYBOC__ligand785-0
580,XOYBOC__ligand479-0
581,XOYBOC__ligand3871-0
582,XOYBOC__ligand1768-0
583,XOYBOC__ligand25561-0
584,XOYBOC__ligand12138-0
585,XOYBOC__ligand5056-0
586,XOYBOC__ligand4850-0
587,XOYBOC__ligand24780-0
588,XOYBOC__ligand370-1
589,XOYBOC__ligand620-0
590,XOYBOC__ligand22129-0
591,XOYBOC__ligand5357-0
592,XOYBOC__ligand11949-0
593,XOYBOC__ligand3647-0
594,XOYBOC__ligand564-0
595,XOYBOC__ligand1688-0
596,XOYBOC__ligand17427-0
597,XOYBOC__ligand188-0
598,XOYBOC__ligand3157-0
599,XOYBOC__ligand9525-0
600,XOYBOC__ligand1165-0
601,XOYBOC__ligand5935-0
602,XOYBOC__ligand29486-0
603,XOYBOC__ligand31694-0
604,XOYBOC__ligand2722-0
605,XOYBOC__ligand1379-0
606,XOYBOC__ligand4720-0
607,XOYBOC__ligand10151-0
608,XOYBOC__ligand6839-0
609,XOYBOC__ligand686-0
610,XOYBOC__ligand1202-0
611,XOYBOC__ligand3937-0
612,XOYBOC__ligand3174-0
613,XOYBOC__ligand3131-0
614,XOYBOC__ligand8969-0
615,XOYBOC__ligand5211-0
616,XOYBOC__ligand422-0
617,XOYBOC__ligand4155-0
618,XOYBOC__ligand3094-0
619,XOYBOC__ligand51-0
620,XOYBOC__ligand91-0
621,XOYBOC__ligand6919-0
622,XOYBOC__ligand22353-0
623,XOYBOC__ligand2485-0
624,XOYBOC__ligand3852-0
625,XOYBOC__ligand5331-0
626,XOYBOC__ligand1512-0
627,XOYBOC__ligand196-0
628,XOYBOC__ligand3565-0
629,XOYBOC__ligand19906-0
630,XOYBOC__ligand19668-0
631,XOYBOC__ligand3035-0
632,XOYBOC__ligand3876-0
633,XOYBOC__ligand1343-0
634,XOYBOC__ligand6616-0
635,XOYBOC__ligand353-0
636,XOYBOC__ligand29441-0
637,XOYBOC__ligand3718-0
638,XOYBOC__ligand10853-0
639,XOYBOC__ligand10479-0
640,XOYBOC__ligand27610-0
641,XOYBOC__ligand11479-0
642,XOYBOC__ligand48-0
643,XOYBOC__ligand4661-0
644,XOYBOC__ligand1844-0
645,XOYBOC__ligand14302-0
646,XOYBOC__ligand14347-0
647,XOYBOC__ligand13657-0
648,XOYBOC__ligand1959-0
649,XOYBOC__ligand20530-0
650,XOYBOC__ligand3504-0
651,XOYBOC__ligand11698-0
652,XOYBOC__ligand9935-0
653,XOYBOC__ligand1536-0
654,XOYBOC__ligand24851-0
655,XOYBOC__ligand1573-0
656,XOYBOC__ligand9908-0
657,XOYBOC__ligand1263-0
658,XOYBOC__ligand20121-0
659,XOYBOC__ligand15387-0
660,XOYBOC__ligand20220-0
661,XOYBOC__ligand29813-0
662,XOYBOC__ligand393-0
663,XOYBOC__ligand16952-0
664,XOYBOC__ligand7242-0
665,XOYBOC__ligand7106-0
666,XOYBOC__ligand15455-0
667,XOYBOC__ligand9520-0
668,XOYBOC__ligand1160-0
669,XOYBOC__ligand618-0
670,XOYBOC__ligand8699-0
671,XOYBOC__ligand11177-0
672,XOYBOC__ligand4093-0
673,XOYBOC__ligand4442-0
674,XOYBOC__ligand3954-0
675,XOYBOC__ligand1451-0
676,XOYBOC__ligand31205-0
677,XOYBOC__ligand4272-0
678,XOYBOC__ligand7629-0
679,XOYBOC__ligand17686-0
680,XOYBOC__ligand25658-0
681,XOYBOC__ligand32-0
682,XOYBOC__ligand391-0
683,XOYBOC__ligand9784-0
684,XOYBOC__ligand813-0
685,XOYBOC__ligand16603-0
686,XOYBOC__ligand7238-0
687,XOYBOC__ligand780-0
688,XOYBOC__ligand11814-0
689,XOYBOC__ligand314-0
690,XOYBOC__ligand7280-0
691,XOYBOC__ligand1790-0
692,XOYBOC__ligand1304-0
693,XOYBOC__ligand7867-0
694,XOYBOC__ligand6709-0
695,XOYBOC__ligand11622-0
696,XOYBOC__ligand1219-0
697,XOYBOC__ligand4016-0
698,XOYBOC__ligand16870-0
699,XOYBOC__ligand20821-0
700,XOYBOC__ligand4503-0
701,XOYBOC__ligand4546-0
702,XOYBOC__ligand26673-0
703,XOYBOC__ligand314-1
704,XOYBOC__ligand31000-0
705,XOYBOC__ligand1285-0
706,XOYBOC__ligand6768-0
707,XOYBOC__ligand11606-0
708,XOYBOC__ligand8115-0
709,XOYBOC__ligand7000-0
710,XOYBOC__ligand1982-0
711,XOYBOC__ligand2176-0
712,XOYBOC__ligand10582-0
713,XOYBOC__ligand9291-0
714,XOYBOC__ligand13260-0
715,XOYBOC__ligand2232-0
716,XOYBOC__ligand11252-0
717,XOYBOC__ligand16-0
718,XOYBOC__ligand19824-0
719,XOYBOC__ligand4157-0
720,XOYBOC__ligand18067-0
721,XOYBOC__ligand8876-0
722,XOYBOC__ligand2828-0
723,XOYBOC__ligand7648-0
724,XOYBOC__ligand465-0
725,XOYBOC__ligand9833-0
726,XOYBOC__ligand5256-0
727,XOYBOC__ligand9111-0
728,XOYBOC__ligand9952-0
729,XOYBOC__ligand20557-0
730,XOYBOC__ligand5036-0
731,XOYBOC__ligand30004-0
732,XOYBOC__ligand2526-0
733,XOYBOC__ligand1615-0
734,XOYBOC__ligand5643-0
735,XOYBOC__ligand1823-0
736,XOYBOC__ligand833-0
737,XOYBOC__ligand1324-0
738,XOYBOC__ligand8721-0
739,XOYBOC__ligand23445-0
740,XOYBOC__ligand3707-0
741,XOYBOC__ligand24953-0
742,XOYBOC__ligand6124-0
743,XOYBOC__ligand7967-0
744,XOYBOC__ligand16133-0
745,XOYBOC__ligand13755-0
746,XOYBOC__ligand1018-0
747,XOYBOC__ligand57-0
748,XOYBOC__ligand4116-0
749,XOYBOC__ligand20432-0
750,XOYBOC__ligand27122-0
751,XOYBOC__ligand8992-0
752,XOYBOC__ligand115-0
753,XOYBOC__ligand21940-0
754,XOYBOC__ligand25048-0
755,XOYBOC__ligand9601-0
756,XOYBOC__ligand6244-0
757,XOYBOC__ligand395-0
758,XOYBOC__ligand368-0
759,XOYBOC__ligand21752-0
760,XOYBOC__ligand1378-0
761,XOYBOC__ligand30788-0
762,XOYBOC__ligand13691-0
763,XOYBOC__ligand3156-0
764,XOYBOC__ligand2915-0
765,XOYBOC__ligand14339-0
766,XOYBOC__ligand1631-0
767,XOYBOC__ligand1530-0
768,XOYBOC__ligand1575-0
769,XOYBOC__ligand9933-0
770,XOYBOC__ligand784-0
771,XOYBOC__ligand20844-0
772,XOYBOC__ligand18413-0
773,XOYBOC__ligand24624-0
774,XOYBOC__ligand9441-0
775,XOYBOC__ligand18757-0
776,XOYBOC__ligand2332-0
777,XOYBOC__ligand24560-0
778,XOYBOC__ligand14007-0
779,XOYBOC__ligand18019-1
780,XOYBOC__ligand2295-0
781,XOYBOC__ligand6067-0
782,XOYBOC__ligand1577-0
783,XOYBOC__ligand4620-0
784,XOYBOC__ligand487-0
785,XOYBOC__ligand27550-0
786,XOYBOC__ligand447-0
787,XOYBOC__ligand6596-0
788,XOYBOC__ligand6904-0
789,XOYBOC__ligand3721-0
790,XOYBOC__ligand6102-0
791,XOYBOC__ligand20942-1
792,XOYBOC__ligand746-0
793,XOYBOC__ligand34-0
794,XOYBOC__ligand16956-0
795,XOYBOC__ligand21339-0
796,XOYBOC__ligand14226-0
797,XOYBOC__ligand3465-0
798,XOYBOC__ligand27771-0
799,XOYBOC__ligand18158-0
800,XOYBOC__ligand176-0
801,XOYBOC__ligand23682-0
802,XOYBOC__ligand2917-0
803,XOYBOC__ligand7819-0
804,XOYBOC__ligand29565-0
805,XOYBOC__ligand11798-0
806,XOYBOC__ligand55-0
807,XOYBOC__ligand20731-0
808,XOYBOC__ligand7126-0
809,XOYBOC__ligand8835-0
810,XOYBOC__ligand12413-0
811,XOYBOC__ligand2028-0
812,XOYBOC__ligand29334-0
813,XOYBOC__ligand17445-0
814,XOYBOC__ligand152-0
815,XOYBOC__ligand14477-0
816,XOYBOC__ligand3234-0
817,XOYBOC__ligand1142-0
818,XOYBOC__ligand17069-0
819,XOYBOC__ligand11544-0
820,XOYBOC__ligand11501-0
821,XOYBOC__ligand506-0
822,XOYBOC__ligand29214-0
823,XOYBOC__ligand22357-0
824,XOYBOC__ligand11758-0
825,XOYBOC__ligand21448-0
826,XOYBOC__ligand68-0
827,XOYBOC__ligand4641-0
