,TMC
0,LAWWEL__ligand1712-0
1,LAWWEL__ligand421-0
2,LAWWEL__ligand92-0
3,LAWWEL__ligand798-0
4,LAWWEL__ligand2916-0
5,LAWWEL__ligand2110-0
6,LAWWEL__ligand3579-0
7,LAWWEL__ligand584-0
8,LAWWEL__ligand916-0
9,LAWWEL__ligand294-0
10,LAWWEL__ligand1919-0
11,LAWWEL__ligand993-0
12,LAWWEL__ligand2389-0
13,LAWWEL__ligand331-0
14,LAWWEL__ligand17-0
15,LAWWEL__ligand560-0
16,LAWWEL__ligand5334-0
17,LAWWEL__ligand525-0
18,LAWWEL__ligand109-0
19,LAWWEL__ligand2315-0
20,LAWWEL__ligand2480-0
21,LAWWEL__ligand4504-0
22,LAWWEL__ligand3051-0
23,LAWWEL__ligand1898-0
24,LAWWEL__ligand8032-0
25,LAWWEL__ligand1858-0
26,LAWWEL__ligand390-0
27,LAWWEL__ligand932-0
28,LAWWEL__ligand134-0
29,LAWWEL__ligand235-0
30,LAWWEL__ligand2442-0
31,LAWWEL__ligand49-0
32,LAWWEL__ligand868-0
33,LAWWEL__ligand1019-0
34,LAWWEL__ligand442-0
35,LAWWEL__ligand1104-0
36,LAWWEL__ligand7414-0
37,LAWWEL__ligand5762-0
38,LAWWEL__ligand136-0
39,LAWWEL__ligand89-0
40,LAWWEL__ligand352-0
41,LAWWEL__ligand783-0
42,LAWWEL__ligand2482-0
43,LAWWEL__ligand1325-0
44,LAWWEL__ligand6571-0
45,LAWWEL__ligand2929-0
46,LAWWEL__ligand197-0
47,LAWWEL__ligand296-0
48,LAWWEL__ligand2376-0
49,LAWWEL__ligand1379-0
50,LAWWEL__ligand6430-0
51,LAWWEL__ligand112-0
52,LAWWEL__ligand1299-0
53,LAWWEL__ligand1221-0
54,LAWWEL__ligand1264-0
55,LAWWEL__ligand11-0
56,LAWWEL__ligand7514-0
57,LAWWEL__ligand830-0
58,LAWWEL__ligand3337-0
59,LAWWEL__ligand4811-0
60,LAWWEL__ligand1449-1
61,LAWWEL__ligand193-0
62,LAWWEL__ligand4894-0
63,LAWWEL__ligand1260-0
64,LAWWEL__ligand252-0
65,LAWWEL__ligand9620-0
66,LAWWEL__ligand955-0
67,LAWWEL__ligand934-0
68,LAWWEL__ligand177-0
69,LAWWEL__ligand3-0
70,LAWWEL__ligand1788-0
71,LAWWEL__ligand851-0
72,LAWWEL__ligand1321-0
73,LAWWEL__ligand3566-0
74,LAWWEL__ligand1178-0
75,LAWWEL__ligand909-0
76,LAWWEL__ligand311-0
77,LAWWEL__ligand2853-0
78,LAWWEL__ligand3853-0
79,LAWWEL__ligand5089-0
80,LAWWEL__ligand2599-0
81,LAWWEL__ligand1246-0
82,LAWWEL__ligand188-0
83,LAWWEL__ligand369-0
84,LAWWEL__ligand1-0
85,LAWWEL__ligand6166-0
86,LAWWEL__ligand444-0
87,LAWWEL__ligand250-0
88,LAWWEL__ligand460-0
89,LAWWEL__ligand370-0
90,LAWWEL__ligand1307-0
91,LAWWEL__ligand353-0
92,LAWWEL__ligand2526-0
93,LAWWEL__ligand1551-0
94,LAWWEL__ligand1690-0
95,LAWWEL__ligand236-0
96,LAWWEL__ligand48-0
97,LAWWEL__ligand2707-0
98,LAWWEL__ligand6-0
99,LAWWEL__ligand113-0
100,LAWWEL__ligand2915-0
101,LAWWEL__ligand91-0
102,LAWWEL__ligand422-0
103,LAWWEL__ligand29-0
104,LAWWEL__ligand51-0
105,LAWWEL__ligand502-0
106,LAWWEL__ligand196-0
107,LAWWEL__ligand11730-0
108,LAWWEL__ligand4012-0
109,LAWWEL__ligand3196-0
110,LAWWEL__ligand1918-0
111,LAWWEL__ligand210-0
112,LAWWEL__ligand2255-0
113,LAWWEL__ligand4175-0
114,LAWWEL__ligand170-0
115,LAWWEL__ligand2618-0
116,LAWWEL__ligand3618-0
117,LAWWEL__ligand4-0
118,LAWWEL__ligand1436-0
119,LAWWEL__ligand391-0
120,LAWWEL__ligand481-0
121,LAWWEL__ligand32-0
122,LAWWEL__ligand314-0
123,LAWWEL__ligand4370-0
124,LAWWEL__ligand1818-0
125,LAWWEL__ligand7456-0
126,LAWWEL__ligand5758-0
127,LAWWEL__ligand355-0
128,LAWWEL__ligand784-0
129,LAWWEL__ligand3852-0
130,LAWWEL__ligand485-0
131,LAWWEL__ligand73-0
132,LAWWEL__ligand3478-0
133,LAWWEL__ligand9176-0
134,LAWWEL__ligand291-0
135,LAWWEL__ligand57-0
136,LAWWEL__ligand1493-0
137,LAWWEL__ligand2718-0
138,LAWWEL__ligand3070-0
139,LAWWEL__ligand3035-0
140,LAWWEL__ligand6143-0
141,LAWWEL__ligand5235-0
142,LAWWEL__ligand4619-0
143,LAWWEL__ligand3251-0
144,LAWWEL__ligand115-0
145,LAWWEL__ligand1038-0
146,LAWWEL__ligand2762-0
147,LAWWEL__ligand95-0
148,LAWWEL__ligand2954-0
149,LAWWEL__ligand682-0
150,LAWWEL__ligand5093-0
151,LAWWEL__ligand1160-0
152,LAWWEL__ligand2253-0
153,LAWWEL__ligand55-0
154,LAWWEL__ligand7550-0
155,LAWWEL__ligand522-0
156,LAWWEL__ligand1555-0
157,LAWWEL__ligand666-0
158,LAWWEL__ligand1285-0
159,LAWWEL__ligand487-0
160,LAWWEL__ligand34-0
161,LAWWEL__ligand7630-0
162,LAWWEL__ligand447-0
163,LAWWEL__ligand3890-0
164,LAWWEL__ligand1907-0
165,LAWWEL__ligand133-0
166,LAWWEL__ligand4423-0
167,LAWWEL__ligand366-0
168,LAWWEL__ligand1479-0
169,LAWWEL__ligand861-0
170,LAWWEL__ligand40-0
171,LAWWEL__ligand1148-0
172,LAWWEL__ligand612-0
173,LAWWEL__ligand187-0
174,LAWWEL__ligand596-0
175,LAWWEL__ligand3246-0
176,LAWWEL__ligand38-0
177,LAWWEL__ligand126-0
178,LAWWEL__ligand1114-0
179,LAWWEL__ligand1538-0
180,LAWWEL__ligand21-0
181,LAWWEL__ligand1228-0
182,LAWWEL__ligand9244-0
183,LAWWEL__ligand3041-0
184,LAWWEL__ligand66-0
185,LAWWEL__ligand119-0
186,LAWWEL__ligand1542-0
187,LAWWEL__ligand2634-0
188,LAWWEL__ligand124-0
189,LAWWEL__ligand2751-0
190,LAWWEL__ligand100-0
191,LAWWEL__ligand244-0
192,LAWWEL__ligand201-0
193,LAWWEL__ligand3145-0
194,LAWWEL__ligand7915-0
195,LAWWEL__ligand5548-0
196,LAWWEL__ligand1747-0
197,LAWWEL__ligand6686-0
198,LAWWEL__ligand2098-0
199,LAWWEL__ligand6502-0
200,LAWWEL__ligand2863-0
201,LAWWEL__ligand321-0
202,LAWWEL__ligand279-0
203,LAWWEL__ligand3178-0
204,LAWWEL__ligand6332-0
205,LAWWEL__ligand178-0
206,LAWWEL__ligand1706-0
207,LAWWEL__ligand86-0
208,LAWWEL__ligand3734-0
209,LAWWEL__ligand2629-0
210,LAWWEL__ligand240-0
211,LAWWEL__ligand141-0
212,LAWWEL__ligand4381-0
213,LAWWEL__ligand8-0
214,LAWWEL__ligand2259-0
215,LAWWEL__ligand2688-0
216,LAWWEL__ligand62-0
217,LAWWEL__ligand1376-0
218,LAWWEL__ligand2768-0
219,LAWWEL__ligand384-0
220,LAWWEL__ligand6277-0
221,LAWWEL__ligand120-0
222,LAWWEL__ligand1951-0
223,LAWWEL__ligand15630-0
224,LAWWEL__ligand1687-0
225,LAWWEL__ligand10357-0
226,LAWWEL__ligand2087-0
227,LAWWEL__ligand757-0
228,LAWWEL__ligand1048-0
229,LAWWEL__ligand18-0
230,LAWWEL__ligand3757-0
231,LAWWEL__ligand1685-0
232,LAWWEL__ligand1544-0
233,LAWWEL__ligand1459-0
234,LAWWEL__ligand797-0
235,LAWWEL__ligand5801-0
236,LAWWEL__ligand3063-0
237,LAWWEL__ligand1438-0
238,LAWWEL__ligand1171-0
239,LAWWEL__ligand1727-0
240,LAWWEL__ligand509-0
241,LAWWEL__ligand1152-0
242,LAWWEL__ligand118-0
243,LAWWEL__ligand1607-0
244,LAWWEL__ligand670-0
245,LAWWEL__ligand571-0
246,LAWWEL__ligand67-0
247,LAWWEL__ligand1567-0
248,LAWWEL__ligand2285-0
249,LAWWEL__ligand278-0
250,LAWWEL__ligand8921-0
251,LAWWEL__ligand2510-0
252,LAWWEL__ligand1056-0
253,LAWWEL__ligand2320-0
254,LAWWEL__ligand365-0
255,LAWWEL__ligand2862-0
256,LAWWEL__ligand430-0
257,LAWWEL__ligand358-0
258,LAWWEL__ligand2430-0
259,LAWWEL__ligand1703-0
260,LAWWEL__ligand669-0
261,LAWWEL__ligand2907-0
262,LAWWEL__ligand7464-0
263,LAWWEL__ligand1598-0
264,LAWWEL__ligand1248-0
265,LAWWEL__ligand4303-0
266,LAWWEL__ligand6294-0
267,LAWWEL__ligand1054-0
268,LAWWEL__ligand3637-0
269,LAWWEL__ligand8774-0
270,LAWWEL__ligand383-0
271,LAWWEL__ligand162-0
272,LAWWEL__ligand226-0
273,LAWWEL__ligand497-0
274,LAWWEL__ligand633-0
275,LAWWEL__ligand5022-0
276,LAWWEL__ligand918-0
277,LAWWEL__ligand1169-0
278,LAWWEL__ligand532-0
279,LAWWEL__ligand10479-0
280,LAWWEL__ligand166-0
281,LAWWEL__ligand2880-0
282,LAWWEL__ligand5941-0
283,LAWWEL__ligand838-0
284,LAWWEL__ligand1799-0
285,LAWWEL__ligand3838-0
286,LAWWEL__ligand2838-0
287,LAWWEL__ligand142-0
288,LAWWEL__ligand206-0
289,LAWWEL__ligand2142-0
290,LAWWEL__ligand9495-0
291,LAWWEL__ligand2772-0
292,LAWWEL__ligand85-0
293,LAWWEL__ligand436-0
294,LAWWEL__ligand6151-0
295,LAWWEL__ligand6538-0
296,LAWWEL__ligand78-0
297,LAWWEL__ligand821-0
298,LAWWEL__ligand45-0
299,LAWWEL__ligand10114-0
300,LAWWEL__ligand2864-0
301,LAWWEL__ligand326-0
302,LAWWEL__ligand553-0
303,LAWWEL__ligand283-0
304,LAWWEL__ligand409-0
305,LAWWEL__ligand361-0
306,LAWWEL__ligand324-0
307,LAWWEL__ligand10910-0
308,LAWWEL__ligand1052-0
309,LAWWEL__ligand1273-0
310,LAWWEL__ligand105-0
311,LAWWEL__ligand140-0
312,LAWWEL__ligand927-0
313,LAWWEL__ligand2265-0
314,LAWWEL__ligand1113-0
315,LAWWEL__ligand6396-0
316,LAWWEL__ligand14530-0
317,LAWWEL__ligand199-0
318,LAWWEL__ligand9027-0
319,LAWWEL__ligand1835-0
320,LAWWEL__ligand2794-0
321,LAWWEL__ligand2345-0
322,LAWWEL__ligand4983-0
323,LAWWEL__ligand1502-0
324,LAWWEL__ligand575-0
