,TMC
0,PIBHUD__ligand485-0
1,PIBHUD__ligand1171-0
2,PIBHUD__ligand784-0
3,PIBHUD__ligand355-0
4,PIBHUD__ligand5801-0
5,PIBHUD__ligand1438-0
6,PIBHUD__ligand10479-0
7,PIBHUD__ligand3063-0
8,PIBHUD__ligand1544-0
9,PIBHUD__ligand1459-0
10,PIBHUD__ligand115-0
11,PIBHUD__ligand1048-0
12,PIBHUD__ligand291-0
13,PIBHUD__ligand2087-0
14,PIBHUD__ligand3757-0
15,PIBHUD__ligand1685-0
16,PIBHUD__ligand11-0
17,PIBHUD__ligand10114-0
18,PIBHUD__ligand6277-0
19,PIBHUD__ligand10910-0
20,PIBHUD__ligand1951-0
21,PIBHUD__ligand1687-0
22,PIBHUD__ligand2688-0
23,PIBHUD__ligand2259-0
24,PIBHUD__ligand2768-0
25,PIBHUD__ligand682-0
26,PIBHUD__ligand1376-0
27,PIBHUD__ligand447-0
28,PIBHUD__ligand14530-0
29,PIBHUD__ligand133-0
30,PIBHUD__ligand666-0
31,PIBHUD__ligand1706-0
32,PIBHUD__ligand3734-0
33,PIBHUD__ligand522-0
34,PIBHUD__ligand2629-0
35,PIBHUD__ligand4381-0
36,PIBHUD__ligand487-0
37,PIBHUD__ligand6502-0
38,PIBHUD__ligand2098-0
39,PIBHUD__ligand2863-0
40,PIBHUD__ligand236-0
41,PIBHUD__ligand3178-0
42,PIBHUD__ligand6332-0
43,PIBHUD__ligand6-0
44,PIBHUD__ligand3145-0
45,PIBHUD__ligand353-0
46,PIBHUD__ligand5548-0
47,PIBHUD__ligand7915-0
48,PIBHUD__ligand6686-0
49,PIBHUD__ligand1747-0
50,PIBHUD__ligand17-0
51,PIBHUD__ligand196-0
52,PIBHUD__ligand502-0
53,PIBHUD__ligand2751-0
54,PIBHUD__ligand3041-0
55,PIBHUD__ligand113-0
56,PIBHUD__ligand2634-0
57,PIBHUD__ligand422-0
58,PIBHUD__ligand1542-0
59,PIBHUD__ligand92-0
60,PIBHUD__ligand210-0
61,PIBHUD__ligand1228-0
62,PIBHUD__ligand9244-0
63,PIBHUD__ligand1114-0
64,PIBHUD__ligand1538-0
65,PIBHUD__ligand314-0
66,PIBHUD__ligand89-0
67,PIBHUD__ligand3246-0
68,PIBHUD__ligand4-0
69,PIBHUD__ligand481-0
70,PIBHUD__ligand1479-0
71,PIBHUD__ligand170-0
72,PIBHUD__ligand49-0
73,PIBHUD__ligand391-0
74,PIBHUD__ligand1148-0
75,PIBHUD__ligand2345-0
76,PIBHUD__ligand2794-0
77,PIBHUD__ligand955-0
78,PIBHUD__ligand1835-0
79,PIBHUD__ligand252-0
80,PIBHUD__ligand4983-0
81,PIBHUD__ligand1502-0
82,PIBHUD__ligand57-0
83,PIBHUD__ligand830-0
84,PIBHUD__ligand1113-0
85,PIBHUD__ligand2265-0
86,PIBHUD__ligand6396-0
87,PIBHUD__ligand193-0
88,PIBHUD__ligand9027-0
89,PIBHUD__ligand1273-0
90,PIBHUD__ligand851-0
91,PIBHUD__ligand3-0
92,PIBHUD__ligand73-0
93,PIBHUD__ligand909-0
94,PIBHUD__ligand10357-0
95,PIBHUD__ligand934-0
96,PIBHUD__ligand177-0
97,PIBHUD__ligand1052-0
98,PIBHUD__ligand15630-0
99,PIBHUD__ligand188-0
100,PIBHUD__ligand2864-0
101,PIBHUD__ligand444-0
102,PIBHUD__ligand369-0
103,PIBHUD__ligand34-0
104,PIBHUD__ligand1-0
105,PIBHUD__ligand311-0
106,PIBHUD__ligand2142-0
107,PIBHUD__ligand6151-0
108,PIBHUD__ligand2772-0
109,PIBHUD__ligand9495-0
110,PIBHUD__ligand6538-0
111,PIBHUD__ligand370-0
112,PIBHUD__ligand55-0
113,PIBHUD__ligand5941-0
114,PIBHUD__ligand2880-0
115,PIBHUD__ligand2838-0
116,PIBHUD__ligand1799-0
117,PIBHUD__ligand3838-0
118,PIBHUD__ligand250-0
119,PIBHUD__ligand1169-0
120,PIBHUD__ligand5022-0
121,PIBHUD__ligand95-0
122,PIBHUD__ligand460-0
123,PIBHUD__ligand993-0
124,PIBHUD__ligand294-0
125,PIBHUD__ligand51-0
126,PIBHUD__ligand331-0
127,PIBHUD__ligand798-0
128,PIBHUD__ligand91-0
129,PIBHUD__ligand3637-0
130,PIBHUD__ligand421-0
131,PIBHUD__ligand29-0
132,PIBHUD__ligand916-0
133,PIBHUD__ligand584-0
134,PIBHUD__ligand8774-0
135,PIBHUD__ligand48-0
136,PIBHUD__ligand390-0
137,PIBHUD__ligand1598-0
138,PIBHUD__ligand4303-0
139,PIBHUD__ligand1248-0
140,PIBHUD__ligand235-0
141,PIBHUD__ligand6294-0
142,PIBHUD__ligand134-0
143,PIBHUD__ligand932-0
144,PIBHUD__ligand1054-0
145,PIBHUD__ligand109-0
146,PIBHUD__ligand525-0
147,PIBHUD__ligand560-0
148,PIBHUD__ligand7464-0
149,PIBHUD__ligand1703-0
150,PIBHUD__ligand2430-0
151,PIBHUD__ligand32-0
152,PIBHUD__ligand783-0
153,PIBHUD__ligand352-0
154,PIBHUD__ligand2907-0
155,PIBHUD__ligand8921-0
156,PIBHUD__ligand2285-0
157,PIBHUD__ligand1567-0
158,PIBHUD__ligand442-0
159,PIBHUD__ligand868-0
160,PIBHUD__ligand2510-0
161,PIBHUD__ligand2320-0
162,PIBHUD__ligand136-0
163,PIBHUD__ligand1056-0
164,PIBHUD__ligand2862-0
165,PIBHUD__ligand1607-0
166,PIBHUD__ligand112-0
167,PIBHUD__ligand1727-0
168,PIBHUD__ligand296-0
169,PIBHUD__ligand197-0
170,PIBHUD__ligand1152-0
171,PIBHUD__ligand166-0
172,PIBHUD__ligand1307-0
173,PIBHUD__ligand838-0
174,PIBHUD__ligand497-0
175,PIBHUD__ligand62-0
176,PIBHUD__ligand532-0
177,PIBHUD__ligand918-0
178,PIBHUD__ligand633-0
179,PIBHUD__ligand326-0
180,PIBHUD__ligand1246-0
181,PIBHUD__ligand821-0
182,PIBHUD__ligand283-0
183,PIBHUD__ligand6166-0
184,PIBHUD__ligand553-0
185,PIBHUD__ligand3853-0
186,PIBHUD__ligand206-0
187,PIBHUD__ligand2853-0
188,PIBHUD__ligand142-0
189,PIBHUD__ligand436-0
190,PIBHUD__ligand86-0
191,PIBHUD__ligand5089-0
192,PIBHUD__ligand2599-0
193,PIBHUD__ligand140-0
194,PIBHUD__ligand105-0
195,PIBHUD__ligand1321-0
196,PIBHUD__ligand1178-0
197,PIBHUD__ligand3566-0
198,PIBHUD__ligand324-0
199,PIBHUD__ligand361-0
200,PIBHUD__ligand409-0
201,PIBHUD__ligand1788-0
202,PIBHUD__ligand9620-0
203,PIBHUD__ligand1260-0
204,PIBHUD__ligand4894-0
205,PIBHUD__ligand575-0
206,PIBHUD__ligand199-0
207,PIBHUD__ligand927-0
208,PIBHUD__ligand3337-0
209,PIBHUD__ligand7514-0
210,PIBHUD__ligand4811-0
211,PIBHUD__ligand1449-1
212,PIBHUD__ligand18-0
213,PIBHUD__ligand571-0
214,PIBHUD__ligand1379-0
215,PIBHUD__ligand670-0
216,PIBHUD__ligand118-0
217,PIBHUD__ligand1299-0
218,PIBHUD__ligand21-0
219,PIBHUD__ligand6430-0
220,PIBHUD__ligand1221-0
221,PIBHUD__ligand1264-0
222,PIBHUD__ligand2929-0
223,PIBHUD__ligand2376-0
224,PIBHUD__ligand509-0
225,PIBHUD__ligand38-0
226,PIBHUD__ligand358-0
227,PIBHUD__ligand430-0
228,PIBHUD__ligand1325-0
229,PIBHUD__ligand2482-0
230,PIBHUD__ligand6571-0
231,PIBHUD__ligand669-0
232,PIBHUD__ligand1019-0
233,PIBHUD__ligand11730-0
234,PIBHUD__ligand2442-0
235,PIBHUD__ligand278-0
236,PIBHUD__ligand365-0
237,PIBHUD__ligand7414-0
238,PIBHUD__ligand5762-0
239,PIBHUD__ligand1104-0
240,PIBHUD__ligand40-0
241,PIBHUD__ligand8032-0
242,PIBHUD__ligand1858-0
243,PIBHUD__ligand5334-0
244,PIBHUD__ligand2315-0
245,PIBHUD__ligand1898-0
246,PIBHUD__ligand4504-0
247,PIBHUD__ligand3051-0
248,PIBHUD__ligand2480-0
249,PIBHUD__ligand1919-0
250,PIBHUD__ligand383-0
251,PIBHUD__ligand226-0
252,PIBHUD__ligand2389-0
253,PIBHUD__ligand162-0
254,PIBHUD__ligand1712-0
255,PIBHUD__ligand2916-0
256,PIBHUD__ligand2110-0
257,PIBHUD__ligand3579-0
258,PIBHUD__ligand66-0
259,PIBHUD__ligand3890-0
260,PIBHUD__ligand1907-0
261,PIBHUD__ligand45-0
262,PIBHUD__ligand4423-0
263,PIBHUD__ligand85-0
264,PIBHUD__ligand1555-0
265,PIBHUD__ligand8-0
266,PIBHUD__ligand1285-0
267,PIBHUD__ligand78-0
268,PIBHUD__ligand141-0
269,PIBHUD__ligand240-0
270,PIBHUD__ligand7630-0
271,PIBHUD__ligand384-0
272,PIBHUD__ligand120-0
273,PIBHUD__ligand7550-0
274,PIBHUD__ligand1038-0
275,PIBHUD__ligand2762-0
276,PIBHUD__ligand2954-0
277,PIBHUD__ligand5093-0
278,PIBHUD__ligand2253-0
279,PIBHUD__ligand1160-0
280,PIBHUD__ligand5235-0
281,PIBHUD__ligand6143-0
282,PIBHUD__ligand4619-0
283,PIBHUD__ligand3251-0
284,PIBHUD__ligand797-0
285,PIBHUD__ligand9176-0
286,PIBHUD__ligand757-0
287,PIBHUD__ligand1493-0
288,PIBHUD__ligand3070-0
289,PIBHUD__ligand3035-0
290,PIBHUD__ligand2718-0
291,PIBHUD__ligand5758-0
292,PIBHUD__ligand3852-0
293,PIBHUD__ligand3478-0
294,PIBHUD__ligand1818-0
295,PIBHUD__ligand7456-0
296,PIBHUD__ligand596-0
297,PIBHUD__ligand4370-0
298,PIBHUD__ligand861-0
299,PIBHUD__ligand3618-0
300,PIBHUD__ligand2618-0
301,PIBHUD__ligand366-0
302,PIBHUD__ligand1436-0
303,PIBHUD__ligand187-0
304,PIBHUD__ligand612-0
305,PIBHUD__ligand2255-0
306,PIBHUD__ligand67-0
307,PIBHUD__ligand4175-0
308,PIBHUD__ligand126-0
309,PIBHUD__ligand1918-0
310,PIBHUD__ligand124-0
311,PIBHUD__ligand4012-0
312,PIBHUD__ligand3196-0
313,PIBHUD__ligand2915-0
314,PIBHUD__ligand119-0
315,PIBHUD__ligand1690-0
316,PIBHUD__ligand321-0
317,PIBHUD__ligand178-0
318,PIBHUD__ligand279-0
319,PIBHUD__ligand2707-0
320,PIBHUD__ligand201-0
321,PIBHUD__ligand244-0
322,PIBHUD__ligand100-0
323,PIBHUD__ligand2526-0
324,PIBHUD__ligand1551-0
