,TMC
0,QAHCOR__ligand21940-0
1,QAHCOR__ligand2028-0
2,QAHCOR__ligand8835-0
3,QAHCOR__ligand25048-0
4,QAHCOR__ligand7126-0
5,QAHCOR__ligand1-0
6,QAHCOR__ligand656-0
7,QAHCOR__ligand13755-0
8,QAHCOR__ligand16133-0
9,QAHCOR__ligand3234-0
10,QAHCOR__ligand1142-0
11,QAHCOR__ligand27122-0
12,QAHCOR__ligand20432-0
13,QAHCOR__ligand23445-0
14,QAHCOR__ligand24953-0
15,QAHCOR__ligand43-0
16,QAHCOR__ligand4641-0
17,QAHCOR__ligand20557-0
18,QAHCOR__ligand30004-0
19,QAHCOR__ligand696-0
20,QAHCOR__ligand383-0
21,QAHCOR__ligand18757-0
22,QAHCOR__ligand24560-0
23,QAHCOR__ligand67-0
24,QAHCOR__ligand6067-0
25,QAHCOR__ligand1577-0
26,QAHCOR__ligand2295-0
27,QAHCOR__ligand416-0
28,QAHCOR__ligand20844-0
29,QAHCOR__ligand18413-0
30,QAHCOR__ligand24624-0
31,QAHCOR__ligand226-0
32,QAHCOR__ligand4620-0
33,QAHCOR__ligand162-0
34,QAHCOR__ligand3465-0
35,QAHCOR__ligand14339-0
36,QAHCOR__ligand30788-0
37,QAHCOR__ligand6904-0
38,QAHCOR__ligand3721-0
39,QAHCOR__ligand6596-0
40,QAHCOR__ligand6102-0
41,QAHCOR__ligand13691-0
42,QAHCOR__ligand21752-0
43,QAHCOR__ligand7819-0
44,QAHCOR__ligand2917-0
45,QAHCOR__ligand23682-0
46,QAHCOR__ligand1378-0
47,QAHCOR__ligand534-0
48,QAHCOR__ligand571-0
49,QAHCOR__ligand29565-0
50,QAHCOR__ligand27771-0
51,QAHCOR__ligand18158-0
52,QAHCOR__ligand670-0
53,QAHCOR__ligand6244-0
54,QAHCOR__ligand20942-1
55,QAHCOR__ligand16956-0
56,QAHCOR__ligand14226-0
57,QAHCOR__ligand21339-0
58,QAHCOR__ligand2915-0
59,QAHCOR__ligand3156-0
60,QAHCOR__ligand27550-0
61,QAHCOR__ligand9933-0
62,QAHCOR__ligand1530-0
63,QAHCOR__ligand1575-0
64,QAHCOR__ligand1631-0
65,QAHCOR__ligand2332-0
66,QAHCOR__ligand9441-0
67,QAHCOR__ligand14007-0
68,QAHCOR__ligand18019-1
69,QAHCOR__ligand21448-0
70,QAHCOR__ligand1615-0
71,QAHCOR__ligand5036-0
72,QAHCOR__ligand2526-0
73,QAHCOR__ligand488-0
74,QAHCOR__ligand430-0
75,QAHCOR__ligand22357-0
76,QAHCOR__ligand358-0
77,QAHCOR__ligand11758-0
78,QAHCOR__ligand9111-0
79,QAHCOR__ligand9952-0
80,QAHCOR__ligand8721-0
81,QAHCOR__ligand29214-0
82,QAHCOR__ligand1324-0
83,QAHCOR__ligand694-0
84,QAHCOR__ligand11544-0
85,QAHCOR__ligand1823-0
86,QAHCOR__ligand11501-0
87,QAHCOR__ligand5643-0
88,QAHCOR__ligand4116-0
89,QAHCOR__ligand14477-0
90,QAHCOR__ligand1018-0
91,QAHCOR__ligand3-0
92,QAHCOR__ligand17069-0
93,QAHCOR__ligand17445-0
94,QAHCOR__ligand7967-0
95,QAHCOR__ligand3707-0
96,QAHCOR__ligand6124-0
97,QAHCOR__ligand9601-0
98,QAHCOR__ligand20731-0
99,QAHCOR__ligand12413-0
100,QAHCOR__ligand29334-0
101,QAHCOR__ligand11798-0
102,QAHCOR__ligand8992-0
103,QAHCOR__ligand19906-0
104,QAHCOR__ligand19668-0
105,QAHCOR__ligand4503-0
106,QAHCOR__ligand4546-0
107,QAHCOR__ligand1982-0
108,QAHCOR__ligand7000-0
109,QAHCOR__ligand22353-0
110,QAHCOR__ligand8115-0
111,QAHCOR__ligand6768-0
112,QAHCOR__ligand1285-0
113,QAHCOR__ligand45-0
114,QAHCOR__ligand2232-0
115,QAHCOR__ligand78-0
116,QAHCOR__ligand9291-0
117,QAHCOR__ligand409-0
118,QAHCOR__ligand2176-0
119,QAHCOR__ligand361-0
120,QAHCOR__ligand324-0
121,QAHCOR__ligand10151-0
122,QAHCOR__ligand5256-0
123,QAHCOR__ligand9833-0
124,QAHCOR__ligand2828-0
125,QAHCOR__ligand8876-0
126,QAHCOR__ligand7648-0
127,QAHCOR__ligand4157-0
128,QAHCOR__ligand300-0
129,QAHCOR__ligand4442-0
130,QAHCOR__ligand4093-0
131,QAHCOR__ligand3954-0
132,QAHCOR__ligand8699-0
133,QAHCOR__ligand16952-0
134,QAHCOR__ligand19-0
135,QAHCOR__ligand29813-0
136,QAHCOR__ligand1160-0
137,QAHCOR__ligand9520-0
138,QAHCOR__ligand9784-0
139,QAHCOR__ligand588-0
140,QAHCOR__ligand20220-0
141,QAHCOR__ligand7629-0
142,QAHCOR__ligand20121-0
143,QAHCOR__ligand15387-0
144,QAHCOR__ligand1451-0
145,QAHCOR__ligand4272-0
146,QAHCOR__ligand1790-0
147,QAHCOR__ligand1304-0
148,QAHCOR__ligand7280-0
149,QAHCOR__ligand199-0
150,QAHCOR__ligand24851-0
151,QAHCOR__ligand14302-0
152,QAHCOR__ligand13657-0
153,QAHCOR__ligand14347-0
154,QAHCOR__ligand7238-0
155,QAHCOR__ligand20530-0
156,QAHCOR__ligand11698-0
157,QAHCOR__ligand10479-0
158,QAHCOR__ligand27610-0
159,QAHCOR__ligand11479-0
160,QAHCOR__ligand24-0
161,QAHCOR__ligand4016-0
162,QAHCOR__ligand6709-0
163,QAHCOR__ligand1219-0
164,QAHCOR__ligand29441-0
165,QAHCOR__ligand10853-0
166,QAHCOR__ligand7867-0
167,QAHCOR__ligand16870-0
168,QAHCOR__ligand4661-0
169,QAHCOR__ligand1844-0
170,QAHCOR__ligand3718-0
171,QAHCOR__ligand3035-0
172,QAHCOR__ligand3876-0
173,QAHCOR__ligand1343-0
174,QAHCOR__ligand6616-0
175,QAHCOR__ligand11622-0
176,QAHCOR__ligand1536-0
177,QAHCOR__ligand1573-0
178,QAHCOR__ligand11814-0
179,QAHCOR__ligand9935-0
180,QAHCOR__ligand16603-0
181,QAHCOR__ligand3504-0
182,QAHCOR__ligand1959-0
183,QAHCOR__ligand497-0
184,QAHCOR__ligand31205-0
185,QAHCOR__ligand25658-0
186,QAHCOR__ligand17686-0
187,QAHCOR__ligand1263-0
188,QAHCOR__ligand9908-0
189,QAHCOR__ligand7106-0
190,QAHCOR__ligand11177-0
191,QAHCOR__ligand7242-0
192,QAHCOR__ligand633-0
193,QAHCOR__ligand15455-0
194,QAHCOR__ligand8969-0
195,QAHCOR__ligand326-0
196,QAHCOR__ligand1202-0
197,QAHCOR__ligand3937-0
198,QAHCOR__ligand3174-0
199,QAHCOR__ligand3131-0
200,QAHCOR__ligand6839-0
201,QAHCOR__ligand4720-0
202,QAHCOR__ligand19824-0
203,QAHCOR__ligand18067-0
204,QAHCOR__ligand11252-0
205,QAHCOR__ligand3094-0
206,QAHCOR__ligand4155-0
207,QAHCOR__ligand5211-0
208,QAHCOR__ligand10582-0
209,QAHCOR__ligand13260-0
210,QAHCOR__ligand3852-0
211,QAHCOR__ligand11606-0
212,QAHCOR__ligand2485-0
213,QAHCOR__ligand692-0
214,QAHCOR__ligand6919-0
215,QAHCOR__ligand31000-0
216,QAHCOR__ligand26673-0
217,QAHCOR__ligand3565-0
218,QAHCOR__ligand20821-0
219,QAHCOR__ligand1512-0
220,QAHCOR__ligand436-0
221,QAHCOR__ligand5331-0
222,QAHCOR__ligand19927-0
223,QAHCOR__ligand1768-0
224,QAHCOR__ligand14043-0
225,QAHCOR__ligand3871-0
226,QAHCOR__ligand28559-0
227,QAHCOR__ligand26324-0
228,QAHCOR__ligand1469-0
229,QAHCOR__ligand338-0
230,QAHCOR__ligand1688-0
231,QAHCOR__ligand21729-0
232,QAHCOR__ligand3647-0
233,QAHCOR__ligand27239-0
234,QAHCOR__ligand5357-0
235,QAHCOR__ligand4850-0
236,QAHCOR__ligand5056-0
237,QAHCOR__ligand1165-0
238,QAHCOR__ligand9525-0
239,QAHCOR__ligand26529-0
240,QAHCOR__ligand3157-0
241,QAHCOR__ligand1379-0
242,QAHCOR__ligand11618-0
243,QAHCOR__ligand2722-0
244,QAHCOR__ligand5935-0
245,QAHCOR__ligand22403-0
246,QAHCOR__ligand321-0
247,QAHCOR__ligand5849-0
248,QAHCOR__ligand38-0
249,QAHCOR__ligand4911-0
250,QAHCOR__ligand1771-0
251,QAHCOR__ligand27754-0
252,QAHCOR__ligand178-0
253,QAHCOR__ligand20695-0
254,QAHCOR__ligand185-0
255,QAHCOR__ligand28540-0
256,QAHCOR__ligand11111-0
257,QAHCOR__ligand3392-0
258,QAHCOR__ligand16369-0
259,QAHCOR__ligand279-0
260,QAHCOR__ligand29215-0
261,QAHCOR__ligand201-0
262,QAHCOR__ligand8464-0
263,QAHCOR__ligand1709-0
264,QAHCOR__ligand8349-0
265,QAHCOR__ligand2527-0
266,QAHCOR__ligand12003-0
267,QAHCOR__ligand26631-0
268,QAHCOR__ligand16148-0
269,QAHCOR__ligand21399-0
270,QAHCOR__ligand10872-0
271,QAHCOR__ligand3350-0
272,QAHCOR__ligand596-0
273,QAHCOR__ligand2781-0
274,QAHCOR__ligand7573-0
275,QAHCOR__ligand941-0
276,QAHCOR__ligand30728-0
277,QAHCOR__ligand27840-0
278,QAHCOR__ligand1327-0
279,QAHCOR__ligand6672-0
280,QAHCOR__ligand9809-0
281,QAHCOR__ligand8722-0
282,QAHCOR__ligand24872-0
283,QAHCOR__ligand24644-0
284,QAHCOR__ligand10033-0
285,QAHCOR__ligand2208-0
286,QAHCOR__ligand3208-0
287,QAHCOR__ligand42-0
288,QAHCOR__ligand12001-0
289,QAHCOR__ligand777-0
290,QAHCOR__ligand1900-0
291,QAHCOR__ligand13385-0
292,QAHCOR__ligand14569-0
293,QAHCOR__ligand9197-0
294,QAHCOR__ligand366-0
295,QAHCOR__ligand24111-0
296,QAHCOR__ligand22444-0
297,QAHCOR__ligand3029-0
298,QAHCOR__ligand187-0
299,QAHCOR__ligand7162-0
300,QAHCOR__ligand11587-0
301,QAHCOR__ligand13220-0
302,QAHCOR__ligand23175-0
303,QAHCOR__ligand2328-0
304,QAHCOR__ligand15788-0
305,QAHCOR__ligand657-0
306,QAHCOR__ligand17396-0
307,QAHCOR__ligand4581-0
308,QAHCOR__ligand1773-0
309,QAHCOR__ligand31694-0
310,QAHCOR__ligand5892-0
311,QAHCOR__ligand5094-0
312,QAHCOR__ligand845-0
313,QAHCOR__ligand29486-0
314,QAHCOR__ligand1712-0
315,QAHCOR__ligand4131-0
316,QAHCOR__ligand17427-0
317,QAHCOR__ligand11949-0
318,QAHCOR__ligand12138-0
319,QAHCOR__ligand24780-0
320,QAHCOR__ligand1496-0
321,QAHCOR__ligand163-0
322,QAHCOR__ligand22129-0
323,QAHCOR__ligand126-0
324,QAHCOR__ligand7557-0
325,QAHCOR__ligand25561-0
326,QAHCOR__ligand66-0
327,QAHCOR__ligand1533-0
328,QAHCOR__ligand7107-0
329,QAHCOR__ligand11970-0
330,QAHCOR__ligand15883-0
331,QAHCOR__ligand24230-0
332,QAHCOR__ligand28810-0
333,QAHCOR__ligand11447-0
334,QAHCOR__ligand11096-0
335,QAHCOR__ligand3215-0
336,QAHCOR__ligand19792-0
337,QAHCOR__ligand10828-0
338,QAHCOR__ligand15926-0
339,QAHCOR__ligand6062-0
340,QAHCOR__ligand10056-0
341,QAHCOR__ligand12365-0
342,QAHCOR__ligand13862-0
343,QAHCOR__ligand11357-0
344,QAHCOR__ligand4813-0
345,QAHCOR__ligand15531-0
346,QAHCOR__ligand5813-0
347,QAHCOR__ligand757-0
348,QAHCOR__ligand28743-0
349,QAHCOR__ligand4738-0
350,QAHCOR__ligand22294-0
351,QAHCOR__ligand28930-0
352,QAHCOR__ligand122-0
353,QAHCOR__ligand22168-0
354,QAHCOR__ligand21919-0
355,QAHCOR__ligand6283-0
356,QAHCOR__ligand16663-0
357,QAHCOR__ligand2599-0
358,QAHCOR__ligand4330-0
359,QAHCOR__ligand14614-0
360,QAHCOR__ligand4194-0
361,QAHCOR__ligand693-0
362,QAHCOR__ligand24035-0
363,QAHCOR__ligand11994-0
364,QAHCOR__ligand7532-0
365,QAHCOR__ligand31842-0
366,QAHCOR__ligand31044-0
367,QAHCOR__ligand20207-0
368,QAHCOR__ligand30711-0
369,QAHCOR__ligand4-0
370,QAHCOR__ligand11682-0
371,QAHCOR__ligand2068-0
372,QAHCOR__ligand7925-0
373,QAHCOR__ligand3973-0
374,QAHCOR__ligand16988-0
375,QAHCOR__ligand25913-0
376,QAHCOR__ligand1147-0
377,QAHCOR__ligand19184-0
378,QAHCOR__ligand2403-0
379,QAHCOR__ligand6455-0
380,QAHCOR__ligand6882-0
381,QAHCOR__ligand28459-0
382,QAHCOR__ligand18448-0
383,QAHCOR__ligand12453-0
384,QAHCOR__ligand3934-0
385,QAHCOR__ligand4332-0
386,QAHCOR__ligand10371-0
387,QAHCOR__ligand9681-0
388,QAHCOR__ligand13672-0
389,QAHCOR__ligand1065-0
390,QAHCOR__ligand141-0
391,QAHCOR__ligand7530-0
392,QAHCOR__ligand1449-0
393,QAHCOR__ligand3012-0
394,QAHCOR__ligand28685-0
395,QAHCOR__ligand240-0
396,QAHCOR__ligand18568-0
397,QAHCOR__ligand27285-0
398,QAHCOR__ligand29029-0
399,QAHCOR__ligand5483-0
400,QAHCOR__ligand384-0
401,QAHCOR__ligand5316-0
402,QAHCOR__ligand2830-0
403,QAHCOR__ligand23197-0
404,QAHCOR__ligand5627-0
405,QAHCOR__ligand1729-0
406,QAHCOR__ligand7529-0
407,QAHCOR__ligand1415-0
408,QAHCOR__ligand6946-0
409,QAHCOR__ligand9148-0
410,QAHCOR__ligand14167-0
411,QAHCOR__ligand13477-0
412,QAHCOR__ligand27669-0
413,QAHCOR__ligand18-0
414,QAHCOR__ligand30142-0
415,QAHCOR__ligand768-0
416,QAHCOR__ligand31783-0
417,QAHCOR__ligand3042-0
418,QAHCOR__ligand465-0
419,QAHCOR__ligand14297-0
420,QAHCOR__ligand14603-0
421,QAHCOR__ligand17258-0
422,QAHCOR__ligand17631-0
423,QAHCOR__ligand4063-0
424,QAHCOR__ligand13012-0
425,QAHCOR__ligand51-0
426,QAHCOR__ligand26665-0
427,QAHCOR__ligand8200-0
428,QAHCOR__ligand7438-0
429,QAHCOR__ligand18832-0
430,QAHCOR__ligand27175-0
431,QAHCOR__ligand23713-0
432,QAHCOR__ligand1150-0
433,QAHCOR__ligand91-0
434,QAHCOR__ligand1539-0
435,QAHCOR__ligand30988-0
436,QAHCOR__ligand4207-0
437,QAHCOR__ligand14723-0
438,QAHCOR__ligand27893-0
439,QAHCOR__ligand3416-0
440,QAHCOR__ligand3453-0
441,QAHCOR__ligand15422-0
442,QAHCOR__ligand12934-0
443,QAHCOR__ligand20578-0
444,QAHCOR__ligand314-1
445,QAHCOR__ligand19641-0
446,QAHCOR__ligand780-0
447,QAHCOR__ligand12427-0
448,QAHCOR__ligand314-0
449,QAHCOR__ligand28468-0
450,QAHCOR__ligand20740-0
451,QAHCOR__ligand48-0
452,QAHCOR__ligand813-0
453,QAHCOR__ligand1288-0
454,QAHCOR__ligand16628-0
455,QAHCOR__ligand4167-0
456,QAHCOR__ligand27460-0
457,QAHCOR__ligand9491-0
458,QAHCOR__ligand1400-0
459,QAHCOR__ligand4266-0
460,QAHCOR__ligand9750-0
461,QAHCOR__ligand30333-0
462,QAHCOR__ligand12606-0
463,QAHCOR__ligand1817-0
464,QAHCOR__ligand6993-0
465,QAHCOR__ligand1779-0
466,QAHCOR__ligand618-0
467,QAHCOR__ligand1149-0
468,QAHCOR__ligand30296-0
469,QAHCOR__ligand391-0
470,QAHCOR__ligand17281-0
471,QAHCOR__ligand3557-0
472,QAHCOR__ligand3980-0
473,QAHCOR__ligand26540-0
474,QAHCOR__ligand12337-0
475,QAHCOR__ligand7075-0
476,QAHCOR__ligand29410-0
477,QAHCOR__ligand5630-0
478,QAHCOR__ligand8-0
479,QAHCOR__ligand12641-0
480,QAHCOR__ligand10958-0
481,QAHCOR__ligand1786-0
482,QAHCOR__ligand4795-0
483,QAHCOR__ligand3285-0
484,QAHCOR__ligand14108-0
485,QAHCOR__ligand393-0
486,QAHCOR__ligand1908-0
487,QAHCOR__ligand32-0
488,QAHCOR__ligand18814-0
489,QAHCOR__ligand19057-0
490,QAHCOR__ligand4710-0
491,QAHCOR__ligand5755-0
492,QAHCOR__ligand3144-0
493,QAHCOR__ligand29302-0
494,QAHCOR__ligand13425-0
495,QAHCOR__ligand5085-0
496,QAHCOR__ligand353-0
497,QAHCOR__ligand6112-0
498,QAHCOR__ligand8042-0
499,QAHCOR__ligand1397-0
500,QAHCOR__ligand10262-0
501,QAHCOR__ligand7213-0
502,QAHCOR__ligand28676-0
503,QAHCOR__ligand27763-0
504,QAHCOR__ligand1828-0
505,QAHCOR__ligand1216-0
506,QAHCOR__ligand15585-0
507,QAHCOR__ligand12401-0
508,QAHCOR__ligand24145-0
509,QAHCOR__ligand3261-0
510,QAHCOR__ligand1152-0
511,QAHCOR__ligand10476-0
512,QAHCOR__ligand5019-0
513,QAHCOR__ligand19830-0
514,QAHCOR__ligand13068-0
515,QAHCOR__ligand12289-0
516,QAHCOR__ligand18292-0
517,QAHCOR__ligand1849-0
518,QAHCOR__ligand13658-0
519,QAHCOR__ligand26702-0
520,QAHCOR__ligand17387-0
521,QAHCOR__ligand12130-0
522,QAHCOR__ligand12231-0
523,QAHCOR__ligand196-0
524,QAHCOR__ligand5515-0
525,QAHCOR__ligand17302-0
526,QAHCOR__ligand686-0
527,QAHCOR__ligand6663-0
528,QAHCOR__ligand5614-0
529,QAHCOR__ligand17805-0
530,QAHCOR__ligand5280-0
531,QAHCOR__ligand1831-0
532,QAHCOR__ligand24185-0
533,QAHCOR__ligand16-0
534,QAHCOR__ligand23769-0
535,QAHCOR__ligand25178-0
536,QAHCOR__ligand422-0
537,QAHCOR__ligand5201-0
538,QAHCOR__ligand506-0
539,QAHCOR__ligand20682-0
540,QAHCOR__ligand13390-0
541,QAHCOR__ligand1113-0
542,QAHCOR__ligand8553-0
543,QAHCOR__ligand9944-0
544,QAHCOR__ligand8593-0
545,QAHCOR__ligand57-0
546,QAHCOR__ligand7566-0
547,QAHCOR__ligand152-0
548,QAHCOR__ligand26810-0
549,QAHCOR__ligand27482-0
550,QAHCOR__ligand2001-0
551,QAHCOR__ligand13208-0
552,QAHCOR__ligand746-0
553,QAHCOR__ligand12030-0
554,QAHCOR__ligand3180-0
555,QAHCOR__ligand29879-0
556,QAHCOR__ligand14248-0
557,QAHCOR__ligand2281-0
558,QAHCOR__ligand2650-0
559,QAHCOR__ligand447-0
560,QAHCOR__ligand28884-0
561,QAHCOR__ligand4340-0
562,QAHCOR__ligand13331-0
563,QAHCOR__ligand2823-0
564,QAHCOR__ligand31832-0
565,QAHCOR__ligand176-0
566,QAHCOR__ligand6995-0
567,QAHCOR__ligand13294-0
568,QAHCOR__ligand4124-0
569,QAHCOR__ligand3471-0
570,QAHCOR__ligand4161-0
571,QAHCOR__ligand25411-0
572,QAHCOR__ligand14174-0
573,QAHCOR__ligand10712-0
574,QAHCOR__ligand5415-0
575,QAHCOR__ligand11456-0
576,QAHCOR__ligand487-0
577,QAHCOR__ligand16475-0
578,QAHCOR__ligand14703-0
579,QAHCOR__ligand4262-0
580,QAHCOR__ligand1028-0
581,QAHCOR__ligand2692-0
582,QAHCOR__ligand1618-0
583,QAHCOR__ligand784-0
584,QAHCOR__ligand20251-1
585,QAHCOR__ligand17278-0
586,QAHCOR__ligand20011-0
587,QAHCOR__ligand368-0
588,QAHCOR__ligand17982-0
589,QAHCOR__ligand29414-0
590,QAHCOR__ligand34-0
591,QAHCOR__ligand395-0
592,QAHCOR__ligand1050-0
593,QAHCOR__ligand1015-0
594,QAHCOR__ligand17398-0
595,QAHCOR__ligand2027-0
596,QAHCOR__ligand20598-0
597,QAHCOR__ligand11675-0
598,QAHCOR__ligand24047-0
599,QAHCOR__ligand10589-0
600,QAHCOR__ligand22557-0
601,QAHCOR__ligand8529-0
602,QAHCOR__ligand20419-0
603,QAHCOR__ligand1169-0
604,QAHCOR__ligand55-0
605,QAHCOR__ligand21371-0
606,QAHCOR__ligand17118-0
607,QAHCOR__ligand28789-0
608,QAHCOR__ligand29568-0
609,QAHCOR__ligand14889-0
610,QAHCOR__ligand30851-0
611,QAHCOR__ligand115-0
612,QAHCOR__ligand4596-0
613,QAHCOR__ligand20539-0
614,QAHCOR__ligand20251-0
615,QAHCOR__ligand20214-0
616,QAHCOR__ligand30702-0
617,QAHCOR__ligand1498-0
618,QAHCOR__ligand31097-0
619,QAHCOR__ligand21581-0
620,QAHCOR__ligand9615-0
621,QAHCOR__ligand14117-0
622,QAHCOR__ligand17261-0
623,QAHCOR__ligand68-0
624,QAHCOR__ligand1154-0
625,QAHCOR__ligand833-0
626,QAHCOR__ligand24750-0
627,QAHCOR__ligand8793-0
628,QAHCOR__ligand2788-0
629,QAHCOR__ligand5649-0
630,QAHCOR__ligand4649-0
631,QAHCOR__ligand25224-0
632,QAHCOR__ligand18013-0
633,QAHCOR__ligand4711-0
634,QAHCOR__ligand3244-0
635,QAHCOR__ligand17945-0
636,QAHCOR__ligand31578-0
637,QAHCOR__ligand783-0
638,QAHCOR__ligand17207-0
639,QAHCOR__ligand352-0
640,QAHCOR__ligand2906-0
641,QAHCOR__ligand29087-0
642,QAHCOR__ligand3178-0
643,QAHCOR__ligand4807-0
644,QAHCOR__ligand18703-0
645,QAHCOR__ligand868-0
646,QAHCOR__ligand15438-0
647,QAHCOR__ligand5159-0
648,QAHCOR__ligand28924-0
649,QAHCOR__ligand7196-0
650,QAHCOR__ligand9753-0
651,QAHCOR__ligand5530-0
652,QAHCOR__ligand1356-0
653,QAHCOR__ligand1787-0
654,QAHCOR__ligand17-0
655,QAHCOR__ligand5708-0
656,QAHCOR__ligand7316-0
657,QAHCOR__ligand15168-0
658,QAHCOR__ligand6017-0
659,QAHCOR__ligand5180-0
660,QAHCOR__ligand24064-0
661,QAHCOR__ligand23589-0
662,QAHCOR__ligand9323-0
663,QAHCOR__ligand7273-0
664,QAHCOR__ligand197-0
665,QAHCOR__ligand7172-0
666,QAHCOR__ligand2124-0
667,QAHCOR__ligand8612-0
668,QAHCOR__ligand26277-0
669,QAHCOR__ligand29898-0
670,QAHCOR__ligand31618-0
671,QAHCOR__ligand1153-0
672,QAHCOR__ligand3225-0
673,QAHCOR__ligand11432-0
674,QAHCOR__ligand1116-0
675,QAHCOR__ligand7092-0
676,QAHCOR__ligand2260-0
677,QAHCOR__ligand10432-0
678,QAHCOR__ligand22755-0
679,QAHCOR__ligand17710-0
680,QAHCOR__ligand20579-0
681,QAHCOR__ligand294-0
682,QAHCOR__ligand2417-0
683,QAHCOR__ligand11568-0
684,QAHCOR__ligand21421-0
685,QAHCOR__ligand1114-0
686,QAHCOR__ligand9284-0
687,QAHCOR__ligand3126-0
688,QAHCOR__ligand11774-0
689,QAHCOR__ligand6391-0
690,QAHCOR__ligand14586-0
691,QAHCOR__ligand421-0
692,QAHCOR__ligand9943-0
693,QAHCOR__ligand24613-0
694,QAHCOR__ligand1228-0
695,QAHCOR__ligand1604-0
696,QAHCOR__ligand19725-0
697,QAHCOR__ligand31483-0
698,QAHCOR__ligand8788-0
699,QAHCOR__ligand10555-0
700,QAHCOR__ligand1832-0
701,QAHCOR__ligand685-0
702,QAHCOR__ligand2043-0
703,QAHCOR__ligand1599-0
704,QAHCOR__ligand13072-0
705,QAHCOR__ligand12336-0
706,QAHCOR__ligand2612-0
707,QAHCOR__ligand89-0
708,QAHCOR__ligand235-0
709,QAHCOR__ligand134-0
710,QAHCOR__ligand9450-0
711,QAHCOR__ligand560-0
712,QAHCOR__ligand12682-0
713,QAHCOR__ligand18699-0
714,QAHCOR__ligand17240-0
715,QAHCOR__ligand49-0
716,QAHCOR__ligand2203-0
717,QAHCOR__ligand17590-0
718,QAHCOR__ligand5387-0
719,QAHCOR__ligand1289-0
720,QAHCOR__ligand9883-0
721,QAHCOR__ligand3677-1
722,QAHCOR__ligand27074-0
723,QAHCOR__ligand20599-0
724,QAHCOR__ligand7291-0
725,QAHCOR__ligand25805-0
726,QAHCOR__ligand22981-0
727,QAHCOR__ligand188-0
728,QAHCOR__ligand9299-0
729,QAHCOR__ligand18391-0
730,QAHCOR__ligand2985-0
731,QAHCOR__ligand27169-0
732,QAHCOR__ligand14523-0
733,QAHCOR__ligand4007-0
734,QAHCOR__ligand10084-0
735,QAHCOR__ligand2693-0
736,QAHCOR__ligand5383-0
737,QAHCOR__ligand25267-0
738,QAHCOR__ligand3945-0
739,QAHCOR__ligand311-0
740,QAHCOR__ligand12467-0
741,QAHCOR__ligand785-0
742,QAHCOR__ligand479-0
743,QAHCOR__ligand8000-0
744,QAHCOR__ligand21936-0
745,QAHCOR__ligand13257-0
746,QAHCOR__ligand3736-0
747,QAHCOR__ligand564-0
748,QAHCOR__ligand370-1
749,QAHCOR__ligand23904-0
750,QAHCOR__ligand9344-0
751,QAHCOR__ligand620-0
752,QAHCOR__ligand1211-0
753,QAHCOR__ligand370-0
754,QAHCOR__ligand18074-0
755,QAHCOR__ligand13869-0
756,QAHCOR__ligand69-0
757,QAHCOR__ligand29863-0
758,QAHCOR__ligand6892-0
759,QAHCOR__ligand29610-0
760,QAHCOR__ligand2881-0
761,QAHCOR__ligand1499-0
762,QAHCOR__ligand3712-0
763,QAHCOR__ligand1464-0
764,QAHCOR__ligand11140-0
765,QAHCOR__ligand250-0
766,QAHCOR__ligand16791-0
767,QAHCOR__ligand6699-0
768,QAHCOR__ligand28668-0
769,QAHCOR__ligand1294-0
770,QAHCOR__ligand11-0
771,QAHCOR__ligand1168-0
772,QAHCOR__ligand18799-0
773,QAHCOR__ligand3632-0
774,QAHCOR__ligand3677-0
775,QAHCOR__ligand18465-0
776,QAHCOR__ligand12660-0
777,QAHCOR__ligand116-0
778,QAHCOR__ligand252-0
779,QAHCOR__ligand5510-0
780,QAHCOR__ligand1376-0
781,QAHCOR__ligand13209-0
782,QAHCOR__ligand9773-0
783,QAHCOR__ligand19257-0
784,QAHCOR__ligand5099-0
785,QAHCOR__ligand8592-0
786,QAHCOR__ligand25650-0
787,QAHCOR__ligand1197-0
788,QAHCOR__ligand31248-0
789,QAHCOR__ligand2259-0
790,QAHCOR__ligand1296-0
791,QAHCOR__ligand2221-0
792,QAHCOR__ligand830-0
793,QAHCOR__ligand3120-0
794,QAHCOR__ligand3926-0
795,QAHCOR__ligand372-0
796,QAHCOR__ligand4358-0
797,QAHCOR__ligand12519-0
798,QAHCOR__ligand25735-0
799,QAHCOR__ligand193-0
800,QAHCOR__ligand23124-0
801,QAHCOR__ligand11206-0
802,QAHCOR__ligand4101-0
803,QAHCOR__ligand5595-0
804,QAHCOR__ligand30539-0
805,QAHCOR__ligand7762-0
806,QAHCOR__ligand5080-0
807,QAHCOR__ligand909-0
808,QAHCOR__ligand23906-0
809,QAHCOR__ligand6117-0
810,QAHCOR__ligand1407-0
811,QAHCOR__ligand11166-0
812,QAHCOR__ligand5509-0
813,QAHCOR__ligand8002-0
814,QAHCOR__ligand21132-0
815,QAHCOR__ligand2822-0
816,QAHCOR__ligand7293-0
817,QAHCOR__ligand1317-0
818,QAHCOR__ligand3867-0
819,QAHCOR__ligand27835-0
820,QAHCOR__ligand177-0
821,QAHCOR__ligand12295-0
822,QAHCOR__ligand25689-0
823,QAHCOR__ligand21787-0
824,QAHCOR__ligand25575-0
825,QAHCOR__ligand2238-0
826,QAHCOR__ligand5304-0
827,QAHCOR__ligand9167-0
