,TMC
0,VUNVEF__ligand833-0
1,VUNVEF__ligand10262-0
2,VUNVEF__ligand28676-0
3,VUNVEF__ligand27763-0
4,VUNVEF__ligand2295-0
5,VUNVEF__ligand6067-0
6,VUNVEF__ligand1577-0
7,VUNVEF__ligand18814-0
8,VUNVEF__ligand19057-0
9,VUNVEF__ligand4620-0
10,VUNVEF__ligand13425-0
11,VUNVEF__ligand29302-0
12,VUNVEF__ligand3465-0
13,VUNVEF__ligand14108-0
14,VUNVEF__ligand115-0
15,VUNVEF__ligand6102-0
16,VUNVEF__ligand6904-0
17,VUNVEF__ligand3721-0
18,VUNVEF__ligand6596-0
19,VUNVEF__ligand2917-0
20,VUNVEF__ligand7819-0
21,VUNVEF__ligand12641-0
22,VUNVEF__ligand10958-0
23,VUNVEF__ligand24185-0
24,VUNVEF__ligand7126-0
25,VUNVEF__ligand2028-0
26,VUNVEF__ligand8835-0
27,VUNVEF__ligand23769-0
28,VUNVEF__ligand25178-0
29,VUNVEF__ligand17302-0
30,VUNVEF__ligand3234-0
31,VUNVEF__ligand1142-0
32,VUNVEF__ligand395-0
33,VUNVEF__ligand368-0
34,VUNVEF__ligand17805-0
35,VUNVEF__ligand12289-0
36,VUNVEF__ligand784-0
37,VUNVEF__ligand18292-0
38,VUNVEF__ligand13658-0
39,VUNVEF__ligand26702-0
40,VUNVEF__ligand18-0
41,VUNVEF__ligand12130-0
42,VUNVEF__ligand17387-0
43,VUNVEF__ligand12231-0
44,VUNVEF__ligand15585-0
45,VUNVEF__ligand12401-0
46,VUNVEF__ligand24145-0
47,VUNVEF__ligand4641-0
48,VUNVEF__ligand10476-0
49,VUNVEF__ligand19830-0
50,VUNVEF__ligand13068-0
51,VUNVEF__ligand14723-0
52,VUNVEF__ligand5036-0
53,VUNVEF__ligand2526-0
54,VUNVEF__ligand487-0
55,VUNVEF__ligand27893-0
56,VUNVEF__ligand1615-0
57,VUNVEF__ligand9111-0
58,VUNVEF__ligand9952-0
59,VUNVEF__ligand15422-0
60,VUNVEF__ligand12934-0
61,VUNVEF__ligand20578-0
62,VUNVEF__ligand19641-0
63,VUNVEF__ligand18832-0
64,VUNVEF__ligand27175-0
65,VUNVEF__ligand1324-0
66,VUNVEF__ligand23713-0
67,VUNVEF__ligand8721-0
68,VUNVEF__ligand5643-0
69,VUNVEF__ligand1823-0
70,VUNVEF__ligand30988-0
71,VUNVEF__ligand14297-0
72,VUNVEF__ligand14603-0
73,VUNVEF__ligand1018-0
74,VUNVEF__ligand4116-0
75,VUNVEF__ligand176-0
76,VUNVEF__ligand17258-0
77,VUNVEF__ligand17631-0
78,VUNVEF__ligand13012-0
79,VUNVEF__ligand6124-0
80,VUNVEF__ligand26665-0
81,VUNVEF__ligand3707-0
82,VUNVEF__ligand7967-0
83,VUNVEF__ligand447-0
84,VUNVEF__ligand9601-0
85,VUNVEF__ligand31783-0
86,VUNVEF__ligand746-0
87,VUNVEF__ligand8992-0
88,VUNVEF__ligand30296-0
89,VUNVEF__ligand17281-0
90,VUNVEF__ligand1378-0
91,VUNVEF__ligand6244-0
92,VUNVEF__ligand26540-0
93,VUNVEF__ligand152-0
94,VUNVEF__ligand12337-0
95,VUNVEF__ligand29410-0
96,VUNVEF__ligand30333-0
97,VUNVEF__ligand12606-0
98,VUNVEF__ligand3156-0
99,VUNVEF__ligand2915-0
100,VUNVEF__ligand1575-0
101,VUNVEF__ligand1530-0
102,VUNVEF__ligand9933-0
103,VUNVEF__ligand27460-0
104,VUNVEF__ligand1631-0
105,VUNVEF__ligand9441-0
106,VUNVEF__ligand12427-0
107,VUNVEF__ligand20740-0
108,VUNVEF__ligand2332-0
109,VUNVEF__ligand28468-0
110,VUNVEF__ligand506-0
111,VUNVEF__ligand16628-0
112,VUNVEF__ligand3954-0
113,VUNVEF__ligand4442-0
114,VUNVEF__ligand42-0
115,VUNVEF__ligand4093-0
116,VUNVEF__ligand422-0
117,VUNVEF__ligand17398-0
118,VUNVEF__ligand20598-0
119,VUNVEF__ligand11675-0
120,VUNVEF__ligand9520-0
121,VUNVEF__ligand1160-0
122,VUNVEF__ligand24047-0
123,VUNVEF__ligand8699-0
124,VUNVEF__ligand22557-0
125,VUNVEF__ligand10589-0
126,VUNVEF__ligand17278-0
127,VUNVEF__ligand20011-0
128,VUNVEF__ligand17982-0
129,VUNVEF__ligand9784-0
130,VUNVEF__ligand29414-0
131,VUNVEF__ligand4272-0
132,VUNVEF__ligand1451-0
133,VUNVEF__ligand686-0
134,VUNVEF__ligand7629-0
135,VUNVEF__ligand196-0
136,VUNVEF__ligand7280-0
137,VUNVEF__ligand1304-0
138,VUNVEF__ligand1790-0
139,VUNVEF__ligand20251-1
140,VUNVEF__ligand7238-0
141,VUNVEF__ligand4016-0
142,VUNVEF__ligand16475-0
143,VUNVEF__ligand14703-0
144,VUNVEF__ligand7867-0
145,VUNVEF__ligand6709-0
146,VUNVEF__ligand1219-0
147,VUNVEF__ligand1-0
148,VUNVEF__ligand14117-0
149,VUNVEF__ligand17261-0
150,VUNVEF__ligand4546-0
151,VUNVEF__ligand4503-0
152,VUNVEF__ligand6768-0
153,VUNVEF__ligand20539-0
154,VUNVEF__ligand8115-0
155,VUNVEF__ligand20251-0
156,VUNVEF__ligand7000-0
157,VUNVEF__ligand353-0
158,VUNVEF__ligand20214-0
159,VUNVEF__ligand30702-0
160,VUNVEF__ligand1982-0
161,VUNVEF__ligand1285-0
162,VUNVEF__ligand31097-0
163,VUNVEF__ligand21581-0
164,VUNVEF__ligand29568-0
165,VUNVEF__ligand2232-0
166,VUNVEF__ligand393-0
167,VUNVEF__ligand66-0
168,VUNVEF__ligand14889-0
169,VUNVEF__ligand2176-0
170,VUNVEF__ligand30851-0
171,VUNVEF__ligand9291-0
172,VUNVEF__ligand7648-0
173,VUNVEF__ligand20419-0
174,VUNVEF__ligand2828-0
175,VUNVEF__ligand8876-0
176,VUNVEF__ligand9833-0
177,VUNVEF__ligand21371-0
178,VUNVEF__ligand5256-0
179,VUNVEF__ligand17118-0
180,VUNVEF__ligand4157-0
181,VUNVEF__ligand28789-0
182,VUNVEF__ligand6839-0
183,VUNVEF__ligand26810-0
184,VUNVEF__ligand3131-0
185,VUNVEF__ligand3937-0
186,VUNVEF__ligand1202-0
187,VUNVEF__ligand3174-0
188,VUNVEF__ligand27482-0
189,VUNVEF__ligand8969-0
190,VUNVEF__ligand4720-0
191,VUNVEF__ligand13208-0
192,VUNVEF__ligand391-0
193,VUNVEF__ligand3094-0
194,VUNVEF__ligand4155-0
195,VUNVEF__ligand618-0
196,VUNVEF__ligand5211-0
197,VUNVEF__ligand13390-0
198,VUNVEF__ligand6919-0
199,VUNVEF__ligand2485-0
200,VUNVEF__ligand3852-0
201,VUNVEF__ligand3-0
202,VUNVEF__ligand813-0
203,VUNVEF__ligand3565-0
204,VUNVEF__ligand20682-0
205,VUNVEF__ligand5331-0
206,VUNVEF__ligand314-0
207,VUNVEF__ligand780-0
208,VUNVEF__ligand1512-0
209,VUNVEF__ligand4661-0
210,VUNVEF__ligand1844-0
211,VUNVEF__ligand14174-0
212,VUNVEF__ligand314-1
213,VUNVEF__ligand10712-0
214,VUNVEF__ligand6616-0
215,VUNVEF__ligand3035-0
216,VUNVEF__ligand1343-0
217,VUNVEF__ligand3876-0
218,VUNVEF__ligand3718-0
219,VUNVEF__ligand11456-0
220,VUNVEF__ligand9935-0
221,VUNVEF__ligand38-0
222,VUNVEF__ligand25411-0
223,VUNVEF__ligand1573-0
224,VUNVEF__ligand1536-0
225,VUNVEF__ligand1959-0
226,VUNVEF__ligand3504-0
227,VUNVEF__ligand1263-0
228,VUNVEF__ligand31832-0
229,VUNVEF__ligand9908-0
230,VUNVEF__ligand465-0
231,VUNVEF__ligand13294-0
232,VUNVEF__ligand12030-0
233,VUNVEF__ligand29879-0
234,VUNVEF__ligand14248-0
235,VUNVEF__ligand7106-0
236,VUNVEF__ligand28884-0
237,VUNVEF__ligand13331-0
238,VUNVEF__ligand7242-0
239,VUNVEF__ligand31483-0
240,VUNVEF__ligand10555-0
241,VUNVEF__ligand5849-0
242,VUNVEF__ligand1771-0
243,VUNVEF__ligand24613-0
244,VUNVEF__ligand4911-0
245,VUNVEF__ligand177-0
246,VUNVEF__ligand19725-0
247,VUNVEF__ligand3392-0
248,VUNVEF__ligand21421-0
249,VUNVEF__ligand8349-0
250,VUNVEF__ligand11774-0
251,VUNVEF__ligand1709-0
252,VUNVEF__ligand4-0
253,VUNVEF__ligand14586-0
254,VUNVEF__ligand909-0
255,VUNVEF__ligand8464-0
256,VUNVEF__ligand2527-0
257,VUNVEF__ligand17710-0
258,VUNVEF__ligand20579-0
259,VUNVEF__ligand11568-0
260,VUNVEF__ligand1768-0
261,VUNVEF__ligand17240-0
262,VUNVEF__ligand1469-0
263,VUNVEF__ligand17590-0
264,VUNVEF__ligand193-0
265,VUNVEF__ligand3871-0
266,VUNVEF__ligand372-0
267,VUNVEF__ligand5357-0
268,VUNVEF__ligand3647-0
269,VUNVEF__ligand1688-0
270,VUNVEF__ligand830-0
271,VUNVEF__ligand5056-0
272,VUNVEF__ligand4850-0
273,VUNVEF__ligand12682-0
274,VUNVEF__ligand18699-0
275,VUNVEF__ligand9525-0
276,VUNVEF__ligand1165-0
277,VUNVEF__ligand3157-0
278,VUNVEF__ligand2722-0
279,VUNVEF__ligand252-0
280,VUNVEF__ligand13072-0
281,VUNVEF__ligand1379-0
282,VUNVEF__ligand116-0
283,VUNVEF__ligand5935-0
284,VUNVEF__ligand12336-0
285,VUNVEF__ligand45-0
286,VUNVEF__ligand5094-0
287,VUNVEF__ligand15438-0
288,VUNVEF__ligand5892-0
289,VUNVEF__ligand28924-0
290,VUNVEF__ligand29087-0
291,VUNVEF__ligand4131-0
292,VUNVEF__ligand1712-0
293,VUNVEF__ligand18703-0
294,VUNVEF__ligand250-0
295,VUNVEF__ligand18013-0
296,VUNVEF__ligand25224-0
297,VUNVEF__ligand17945-0
298,VUNVEF__ligand7557-0
299,VUNVEF__ligand1496-0
300,VUNVEF__ligand31578-0
301,VUNVEF__ligand17207-0
302,VUNVEF__ligand24750-0
303,VUNVEF__ligand78-0
304,VUNVEF__ligand370-0
305,VUNVEF__ligand1533-0
306,VUNVEF__ligand370-1
307,VUNVEF__ligand7573-0
308,VUNVEF__ligand620-0
309,VUNVEF__ligand2781-0
310,VUNVEF__ligand26277-0
311,VUNVEF__ligand29898-0
312,VUNVEF__ligand3350-0
313,VUNVEF__ligand31618-0
314,VUNVEF__ligand11432-0
315,VUNVEF__ligand8722-0
316,VUNVEF__ligand10432-0
317,VUNVEF__ligand564-0
318,VUNVEF__ligand22755-0
319,VUNVEF__ligand6672-0
320,VUNVEF__ligand9809-0
321,VUNVEF__ligand1327-0
322,VUNVEF__ligand785-0
323,VUNVEF__ligand311-0
324,VUNVEF__ligand19-0
325,VUNVEF__ligand479-0
326,VUNVEF__ligand3208-0
327,VUNVEF__ligand2208-0
328,VUNVEF__ligand9197-0
329,VUNVEF__ligand24064-0
330,VUNVEF__ligand1900-0
331,VUNVEF__ligand23589-0
332,VUNVEF__ligand24-0
333,VUNVEF__ligand7162-0
334,VUNVEF__ligand188-0
335,VUNVEF__ligand3029-0
336,VUNVEF__ligand1773-0
337,VUNVEF__ligand4581-0
338,VUNVEF__ligand15168-0
339,VUNVEF__ligand2328-0
340,VUNVEF__ligand12519-0
341,VUNVEF__ligand25735-0
342,VUNVEF__ligand4330-0
343,VUNVEF__ligand23124-0
344,VUNVEF__ligand11206-0
345,VUNVEF__ligand2599-0
346,VUNVEF__ligand560-0
347,VUNVEF__ligand4194-0
348,VUNVEF__ligand7532-0
349,VUNVEF__ligand134-0
350,VUNVEF__ligand25650-0
351,VUNVEF__ligand31248-0
352,VUNVEF__ligand235-0
353,VUNVEF__ligand7925-0
354,VUNVEF__ligand2068-0
355,VUNVEF__ligand12660-0
356,VUNVEF__ligand3973-0
357,VUNVEF__ligand19257-0
358,VUNVEF__ligand13209-0
359,VUNVEF__ligand1147-0
360,VUNVEF__ligand25689-0
361,VUNVEF__ligand21787-0
362,VUNVEF__ligand685-0
363,VUNVEF__ligand7107-0
364,VUNVEF__ligand25575-0
365,VUNVEF__ligand3215-0
366,VUNVEF__ligand421-0
367,VUNVEF__ligand27835-0
368,VUNVEF__ligand12295-0
369,VUNVEF__ligand23906-0
370,VUNVEF__ligand6062-0
371,VUNVEF__ligand4738-0
372,VUNVEF__ligand11166-0
373,VUNVEF__ligand5813-0
374,VUNVEF__ligand4813-0
375,VUNVEF__ligand21132-0
376,VUNVEF__ligand294-0
377,VUNVEF__ligand30539-0
378,VUNVEF__ligand6283-0
379,VUNVEF__ligand5483-0
380,VUNVEF__ligand21936-0
381,VUNVEF__ligand13257-0
382,VUNVEF__ligand5316-0
383,VUNVEF__ligand23904-0
384,VUNVEF__ligand10084-0
385,VUNVEF__ligand197-0
386,VUNVEF__ligand2830-0
387,VUNVEF__ligand25267-0
388,VUNVEF__ligand1729-0
389,VUNVEF__ligand12467-0
390,VUNVEF__ligand5627-0
391,VUNVEF__ligand7529-0
392,VUNVEF__ligand6946-0
393,VUNVEF__ligand1415-0
394,VUNVEF__ligand18391-0
395,VUNVEF__ligand27169-0
396,VUNVEF__ligand14523-0
397,VUNVEF__ligand43-0
398,VUNVEF__ligand9148-0
399,VUNVEF__ligand27074-0
400,VUNVEF__ligand20599-0
401,VUNVEF__ligand25805-0
402,VUNVEF__ligand22981-0
403,VUNVEF__ligand18799-0
404,VUNVEF__ligand2403-0
405,VUNVEF__ligand18465-0
406,VUNVEF__ligand6882-0
407,VUNVEF__ligand6455-0
408,VUNVEF__ligand868-0
409,VUNVEF__ligand16791-0
410,VUNVEF__ligand3934-0
411,VUNVEF__ligand67-0
412,VUNVEF__ligand28668-0
413,VUNVEF__ligand29610-0
414,VUNVEF__ligand783-0
415,VUNVEF__ligand352-0
416,VUNVEF__ligand4332-0
417,VUNVEF__ligand9681-0
418,VUNVEF__ligand11140-0
419,VUNVEF__ligand7530-0
420,VUNVEF__ligand1065-0
421,VUNVEF__ligand18074-0
422,VUNVEF__ligand3012-0
423,VUNVEF__ligand13869-0
424,VUNVEF__ligand29863-0
425,VUNVEF__ligand1449-0
426,VUNVEF__ligand436-0
427,VUNVEF__ligand14007-0
428,VUNVEF__ligand1288-0
429,VUNVEF__ligand18019-1
430,VUNVEF__ligand27550-0
431,VUNVEF__ligand4167-0
432,VUNVEF__ligand692-0
433,VUNVEF__ligand1400-0
434,VUNVEF__ligand4266-0
435,VUNVEF__ligand9491-0
436,VUNVEF__ligand20942-1
437,VUNVEF__ligand9750-0
438,VUNVEF__ligand16956-0
439,VUNVEF__ligand14226-0
440,VUNVEF__ligand21339-0
441,VUNVEF__ligand1779-0
442,VUNVEF__ligand6993-0
443,VUNVEF__ligand1817-0
444,VUNVEF__ligand3980-0
445,VUNVEF__ligand23682-0
446,VUNVEF__ligand3557-0
447,VUNVEF__ligand1149-0
448,VUNVEF__ligand29565-0
449,VUNVEF__ligand7075-0
450,VUNVEF__ligand27771-0
451,VUNVEF__ligand326-0
452,VUNVEF__ligand18158-0
453,VUNVEF__ligand20731-0
454,VUNVEF__ligand633-0
455,VUNVEF__ligand12413-0
456,VUNVEF__ligand29334-0
457,VUNVEF__ligand3042-0
458,VUNVEF__ligand11798-0
459,VUNVEF__ligand14477-0
460,VUNVEF__ligand17069-0
461,VUNVEF__ligand8200-0
462,VUNVEF__ligand17445-0
463,VUNVEF__ligand7438-0
464,VUNVEF__ligand4063-0
465,VUNVEF__ligand497-0
466,VUNVEF__ligand1150-0
467,VUNVEF__ligand29214-0
468,VUNVEF__ligand1539-0
469,VUNVEF__ligand11544-0
470,VUNVEF__ligand11501-0
471,VUNVEF__ligand21448-0
472,VUNVEF__ligand4207-0
473,VUNVEF__ligand22357-0
474,VUNVEF__ligand11758-0
475,VUNVEF__ligand3453-0
476,VUNVEF__ligand3416-0
477,VUNVEF__ligand20557-0
478,VUNVEF__ligand30004-0
479,VUNVEF__ligand1216-0
480,VUNVEF__ligand5019-0
481,VUNVEF__ligand1152-0
482,VUNVEF__ligand3261-0
483,VUNVEF__ligand1849-0
484,VUNVEF__ligand199-0
485,VUNVEF__ligand16133-0
486,VUNVEF__ligand13755-0
487,VUNVEF__ligand6663-0
488,VUNVEF__ligand27122-0
489,VUNVEF__ligand20432-0
490,VUNVEF__ligand5515-0
491,VUNVEF__ligand588-0
492,VUNVEF__ligand23445-0
493,VUNVEF__ligand1831-0
494,VUNVEF__ligand24953-0
495,VUNVEF__ligand5280-0
496,VUNVEF__ligand5614-0
497,VUNVEF__ligand21940-0
498,VUNVEF__ligand25048-0
499,VUNVEF__ligand300-0
500,VUNVEF__ligand21752-0
501,VUNVEF__ligand5630-0
502,VUNVEF__ligand1786-0
503,VUNVEF__ligand409-0
504,VUNVEF__ligand69-0
505,VUNVEF__ligand14339-0
506,VUNVEF__ligand4795-0
507,VUNVEF__ligand3285-0
508,VUNVEF__ligand324-0
509,VUNVEF__ligand361-0
510,VUNVEF__ligand30788-0
511,VUNVEF__ligand1908-0
512,VUNVEF__ligand13691-0
513,VUNVEF__ligand5755-0
514,VUNVEF__ligand4710-0
515,VUNVEF__ligand5085-0
516,VUNVEF__ligand11-0
517,VUNVEF__ligand3144-0
518,VUNVEF__ligand8042-0
519,VUNVEF__ligand18757-0
520,VUNVEF__ligand24560-0
521,VUNVEF__ligand6112-0
522,VUNVEF__ligand1828-0
523,VUNVEF__ligand20844-0
524,VUNVEF__ligand7213-0
525,VUNVEF__ligand18413-0
526,VUNVEF__ligand1397-0
527,VUNVEF__ligand24624-0
528,VUNVEF__ligand11177-0
529,VUNVEF__ligand3180-0
530,VUNVEF__ligand15455-0
531,VUNVEF__ligand4340-0
532,VUNVEF__ligand2281-0
533,VUNVEF__ligand2650-0
534,VUNVEF__ligand2823-0
535,VUNVEF__ligand6995-0
536,VUNVEF__ligand31205-0
537,VUNVEF__ligand17686-0
538,VUNVEF__ligand25658-0
539,VUNVEF__ligand11814-0
540,VUNVEF__ligand3471-0
541,VUNVEF__ligand4161-0
542,VUNVEF__ligand4124-0
543,VUNVEF__ligand16603-0
544,VUNVEF__ligand694-0
545,VUNVEF__ligand5415-0
546,VUNVEF__ligand430-0
547,VUNVEF__ligand16870-0
548,VUNVEF__ligand358-0
549,VUNVEF__ligand11622-0
550,VUNVEF__ligand488-0
551,VUNVEF__ligand5201-0
552,VUNVEF__ligand26673-0
553,VUNVEF__ligand20821-0
554,VUNVEF__ligand89-0
555,VUNVEF__ligand11606-0
556,VUNVEF__ligand8553-0
557,VUNVEF__ligand1113-0
558,VUNVEF__ligand31000-0
559,VUNVEF__ligand8593-0
560,VUNVEF__ligand9944-0
561,VUNVEF__ligand49-0
562,VUNVEF__ligand11252-0
563,VUNVEF__ligand10582-0
564,VUNVEF__ligand13260-0
565,VUNVEF__ligand670-0
566,VUNVEF__ligand7566-0
567,VUNVEF__ligand19824-0
568,VUNVEF__ligand18067-0
569,VUNVEF__ligand571-0
570,VUNVEF__ligand2001-0
571,VUNVEF__ligand534-0
572,VUNVEF__ligand10151-0
573,VUNVEF__ligand1169-0
574,VUNVEF__ligand8529-0
575,VUNVEF__ligand1498-0
576,VUNVEF__ligand22353-0
577,VUNVEF__ligand162-0
578,VUNVEF__ligand4596-0
579,VUNVEF__ligand226-0
580,VUNVEF__ligand416-0
581,VUNVEF__ligand19906-0
582,VUNVEF__ligand19668-0
583,VUNVEF__ligand9615-0
584,VUNVEF__ligand383-0
585,VUNVEF__ligand1154-0
586,VUNVEF__ligand696-0
587,VUNVEF__ligand10479-0
588,VUNVEF__ligand27610-0
589,VUNVEF__ligand4262-0
590,VUNVEF__ligand11479-0
591,VUNVEF__ligand8-0
592,VUNVEF__ligand29441-0
593,VUNVEF__ligand1028-0
594,VUNVEF__ligand10853-0
595,VUNVEF__ligand1618-0
596,VUNVEF__ligand2692-0
597,VUNVEF__ligand24851-0
598,VUNVEF__ligand14302-0
599,VUNVEF__ligand13657-0
600,VUNVEF__ligand14347-0
601,VUNVEF__ligand20530-0
602,VUNVEF__ligand17-0
603,VUNVEF__ligand11698-0
604,VUNVEF__ligand20220-0
605,VUNVEF__ligand20121-0
606,VUNVEF__ligand15387-0
607,VUNVEF__ligand1015-0
608,VUNVEF__ligand1050-0
609,VUNVEF__ligand656-0
610,VUNVEF__ligand29813-0
611,VUNVEF__ligand16952-0
612,VUNVEF__ligand2027-0
613,VUNVEF__ligand7316-0
614,VUNVEF__ligand5708-0
615,VUNVEF__ligand768-0
616,VUNVEF__ligand13220-0
617,VUNVEF__ligand11587-0
618,VUNVEF__ligand6017-0
619,VUNVEF__ligand23175-0
620,VUNVEF__ligand15788-0
621,VUNVEF__ligand17396-0
622,VUNVEF__ligand13385-0
623,VUNVEF__ligand14569-0
624,VUNVEF__ligand5180-0
625,VUNVEF__ligand24111-0
626,VUNVEF__ligand22444-0
627,VUNVEF__ligand7273-0
628,VUNVEF__ligand24644-0
629,VUNVEF__ligand9323-0
630,VUNVEF__ligand10033-0
631,VUNVEF__ligand7172-0
632,VUNVEF__ligand12001-0
633,VUNVEF__ligand30728-0
634,VUNVEF__ligand8612-0
635,VUNVEF__ligand27840-0
636,VUNVEF__ligand2124-0
637,VUNVEF__ligand34-0
638,VUNVEF__ligand2260-0
639,VUNVEF__ligand384-0
640,VUNVEF__ligand7092-0
641,VUNVEF__ligand1116-0
642,VUNVEF__ligand1153-0
643,VUNVEF__ligand3225-0
644,VUNVEF__ligand24872-0
645,VUNVEF__ligand240-0
646,VUNVEF__ligand25561-0
647,VUNVEF__ligand4649-0
648,VUNVEF__ligand2788-0
649,VUNVEF__ligand5649-0
650,VUNVEF__ligand8793-0
651,VUNVEF__ligand141-0
652,VUNVEF__ligand3244-0
653,VUNVEF__ligand4711-0
654,VUNVEF__ligand11949-0
655,VUNVEF__ligand12138-0
656,VUNVEF__ligand2906-0
657,VUNVEF__ligand24780-0
658,VUNVEF__ligand55-0
659,VUNVEF__ligand22129-0
660,VUNVEF__ligand68-0
661,VUNVEF__ligand3178-0
662,VUNVEF__ligand17427-0
663,VUNVEF__ligand4807-0
664,VUNVEF__ligand31694-0
665,VUNVEF__ligand7196-0
666,VUNVEF__ligand5159-0
667,VUNVEF__ligand1356-0
668,VUNVEF__ligand1787-0
669,VUNVEF__ligand5530-0
670,VUNVEF__ligand9753-0
671,VUNVEF__ligand29486-0
672,VUNVEF__ligand11618-0
673,VUNVEF__ligand1599-0
674,VUNVEF__ligand2612-0
675,VUNVEF__ligand26529-0
676,VUNVEF__ligand9450-0
677,VUNVEF__ligand21729-0
678,VUNVEF__ligand27239-0
679,VUNVEF__ligand693-0
680,VUNVEF__ligand19927-0
681,VUNVEF__ligand57-0
682,VUNVEF__ligand14043-0
683,VUNVEF__ligand1289-0
684,VUNVEF__ligand5387-0
685,VUNVEF__ligand2203-0
686,VUNVEF__ligand28559-0
687,VUNVEF__ligand26324-0
688,VUNVEF__ligand12003-0
689,VUNVEF__ligand26631-0
690,VUNVEF__ligand16148-0
691,VUNVEF__ligand21399-0
692,VUNVEF__ligand10872-0
693,VUNVEF__ligand122-0
694,VUNVEF__ligand2417-0
695,VUNVEF__ligand757-0
696,VUNVEF__ligand1114-0
697,VUNVEF__ligand29215-0
698,VUNVEF__ligand3126-0
699,VUNVEF__ligand6391-0
700,VUNVEF__ligand9284-0
701,VUNVEF__ligand9943-0
702,VUNVEF__ligand1228-0
703,VUNVEF__ligand20695-0
704,VUNVEF__ligand27754-0
705,VUNVEF__ligand28540-0
706,VUNVEF__ligand11111-0
707,VUNVEF__ligand16369-0
708,VUNVEF__ligand1604-0
709,VUNVEF__ligand1832-0
710,VUNVEF__ligand22403-0
711,VUNVEF__ligand8788-0
712,VUNVEF__ligand2043-0
713,VUNVEF__ligand1211-0
714,VUNVEF__ligand32-0
715,VUNVEF__ligand13672-0
716,VUNVEF__ligand6892-0
717,VUNVEF__ligand28685-0
718,VUNVEF__ligand18568-0
719,VUNVEF__ligand1499-0
720,VUNVEF__ligand126-0
721,VUNVEF__ligand2881-0
722,VUNVEF__ligand163-0
723,VUNVEF__ligand10371-0
724,VUNVEF__ligand3712-0
725,VUNVEF__ligand1464-0
726,VUNVEF__ligand28459-0
727,VUNVEF__ligand18448-0
728,VUNVEF__ligand12453-0
729,VUNVEF__ligand6699-0
730,VUNVEF__ligand1168-0
731,VUNVEF__ligand19184-0
732,VUNVEF__ligand1294-0
733,VUNVEF__ligand845-0
734,VUNVEF__ligand3677-0
735,VUNVEF__ligand3632-0
736,VUNVEF__ligand9883-0
737,VUNVEF__ligand3677-1
738,VUNVEF__ligand14167-0
739,VUNVEF__ligand13477-0
740,VUNVEF__ligand657-0
741,VUNVEF__ligand27669-0
742,VUNVEF__ligand7291-0
743,VUNVEF__ligand30142-0
744,VUNVEF__ligand187-0
745,VUNVEF__ligand9299-0
746,VUNVEF__ligand366-0
747,VUNVEF__ligand4007-0
748,VUNVEF__ligand2985-0
749,VUNVEF__ligand777-0
750,VUNVEF__ligand2693-0
751,VUNVEF__ligand5383-0
752,VUNVEF__ligand23197-0
753,VUNVEF__ligand3945-0
754,VUNVEF__ligand16-0
755,VUNVEF__ligand27285-0
756,VUNVEF__ligand3736-0
757,VUNVEF__ligand29029-0
758,VUNVEF__ligand8000-0
759,VUNVEF__ligand941-0
760,VUNVEF__ligand596-0
761,VUNVEF__ligand9344-0
762,VUNVEF__ligand5080-0
763,VUNVEF__ligand22294-0
764,VUNVEF__ligand7762-0
765,VUNVEF__ligand51-0
766,VUNVEF__ligand28930-0
767,VUNVEF__ligand22168-0
768,VUNVEF__ligand21919-0
769,VUNVEF__ligand10056-0
770,VUNVEF__ligand12365-0
771,VUNVEF__ligand13862-0
772,VUNVEF__ligand11357-0
773,VUNVEF__ligand15531-0
774,VUNVEF__ligand8002-0
775,VUNVEF__ligand5509-0
776,VUNVEF__ligand28743-0
777,VUNVEF__ligand201-0
778,VUNVEF__ligand6117-0
779,VUNVEF__ligand1407-0
780,VUNVEF__ligand24230-0
781,VUNVEF__ligand3867-0
782,VUNVEF__ligand1317-0
783,VUNVEF__ligand7293-0
784,VUNVEF__ligand185-0
785,VUNVEF__ligand2822-0
786,VUNVEF__ligand279-0
787,VUNVEF__ligand28810-0
788,VUNVEF__ligand11096-0
789,VUNVEF__ligand11447-0
790,VUNVEF__ligand19792-0
791,VUNVEF__ligand10828-0
792,VUNVEF__ligand178-0
793,VUNVEF__ligand15926-0
794,VUNVEF__ligand2238-0
795,VUNVEF__ligand11970-0
796,VUNVEF__ligand91-0
797,VUNVEF__ligand15883-0
798,VUNVEF__ligand9167-0
799,VUNVEF__ligand321-0
800,VUNVEF__ligand5304-0
801,VUNVEF__ligand16988-0
802,VUNVEF__ligand25913-0
803,VUNVEF__ligand9773-0
804,VUNVEF__ligand1376-0
805,VUNVEF__ligand5510-0
806,VUNVEF__ligand1197-0
807,VUNVEF__ligand20207-0
808,VUNVEF__ligand30711-0
809,VUNVEF__ligand8592-0
810,VUNVEF__ligand5099-0
811,VUNVEF__ligand48-0
812,VUNVEF__ligand11682-0
813,VUNVEF__ligand1296-0
814,VUNVEF__ligand2259-0
815,VUNVEF__ligand2221-0
816,VUNVEF__ligand24035-0
817,VUNVEF__ligand11994-0
818,VUNVEF__ligand4358-0
819,VUNVEF__ligand338-0
820,VUNVEF__ligand31842-0
821,VUNVEF__ligand3926-0
822,VUNVEF__ligand3120-0
823,VUNVEF__ligand31044-0
824,VUNVEF__ligand16663-0
825,VUNVEF__ligand5595-0
826,VUNVEF__ligand4101-0
827,VUNVEF__ligand14614-0
