,TMC
0,JIJVEG__ligand236-0
1,JIJVEG__ligand1919-0
2,JIJVEG__ligand2389-0
3,JIJVEG__ligand353-0
4,JIJVEG__ligand1712-0
5,JIJVEG__ligand2110-0
6,JIJVEG__ligand2916-0
7,JIJVEG__ligand3579-0
8,JIJVEG__ligand8032-0
9,JIJVEG__ligand66-0
10,JIJVEG__ligand1858-0
11,JIJVEG__ligand502-0
12,JIJVEG__ligand196-0
13,JIJVEG__ligand5334-0
14,JIJVEG__ligand113-0
15,JIJVEG__ligand2315-0
16,JIJVEG__ligand422-0
17,JIJVEG__ligand2480-0
18,JIJVEG__ligand3051-0
19,JIJVEG__ligand4504-0
20,JIJVEG__ligand1898-0
21,JIJVEG__ligand210-0
22,JIJVEG__ligand2482-0
23,JIJVEG__ligand1325-0
24,JIJVEG__ligand6571-0
25,JIJVEG__ligand2442-0
26,JIJVEG__ligand1019-0
27,JIJVEG__ligand21-0
28,JIJVEG__ligand1104-0
29,JIJVEG__ligand7414-0
30,JIJVEG__ligand5762-0
31,JIJVEG__ligand1379-0
32,JIJVEG__ligand40-0
33,JIJVEG__ligand481-0
34,JIJVEG__ligand314-0
35,JIJVEG__ligand6430-0
36,JIJVEG__ligand1299-0
37,JIJVEG__ligand1264-0
38,JIJVEG__ligand1221-0
39,JIJVEG__ligand2929-0
40,JIJVEG__ligand170-0
41,JIJVEG__ligand2376-0
42,JIJVEG__ligand391-0
43,JIJVEG__ligand38-0
44,JIJVEG__ligand4894-0
45,JIJVEG__ligand1260-0
46,JIJVEG__ligand1-0
47,JIJVEG__ligand9620-0
48,JIJVEG__ligand10479-0
49,JIJVEG__ligand355-0
50,JIJVEG__ligand784-0
51,JIJVEG__ligand485-0
52,JIJVEG__ligand7514-0
53,JIJVEG__ligand3337-0
54,JIJVEG__ligand1449-1
55,JIJVEG__ligand4811-0
56,JIJVEG__ligand10114-0
57,JIJVEG__ligand18-0
58,JIJVEG__ligand1321-0
59,JIJVEG__ligand115-0
60,JIJVEG__ligand3566-0
61,JIJVEG__ligand1178-0
62,JIJVEG__ligand291-0
63,JIJVEG__ligand1788-0
64,JIJVEG__ligand1246-0
65,JIJVEG__ligand62-0
66,JIJVEG__ligand6166-0
67,JIJVEG__ligand2853-0
68,JIJVEG__ligand3853-0
69,JIJVEG__ligand10910-0
70,JIJVEG__ligand682-0
71,JIJVEG__ligand5089-0
72,JIJVEG__ligand2599-0
73,JIJVEG__ligand86-0
74,JIJVEG__ligand447-0
75,JIJVEG__ligand1307-0
76,JIJVEG__ligand133-0
77,JIJVEG__ligand522-0
78,JIJVEG__ligand3-0
79,JIJVEG__ligand666-0
80,JIJVEG__ligand14530-0
81,JIJVEG__ligand487-0
82,JIJVEG__ligand294-0
83,JIJVEG__ligand1690-0
84,JIJVEG__ligand993-0
85,JIJVEG__ligand331-0
86,JIJVEG__ligand2707-0
87,JIJVEG__ligand798-0
88,JIJVEG__ligand421-0
89,JIJVEG__ligand2526-0
90,JIJVEG__ligand584-0
91,JIJVEG__ligand916-0
92,JIJVEG__ligand1551-0
93,JIJVEG__ligand390-0
94,JIJVEG__ligand932-0
95,JIJVEG__ligand134-0
96,JIJVEG__ligand3196-0
97,JIJVEG__ligand4012-0
98,JIJVEG__ligand235-0
99,JIJVEG__ligand560-0
100,JIJVEG__ligand525-0
101,JIJVEG__ligand4-0
102,JIJVEG__ligand2915-0
103,JIJVEG__ligand109-0
104,JIJVEG__ligand6-0
105,JIJVEG__ligand2255-0
106,JIJVEG__ligand352-0
107,JIJVEG__ligand4175-0
108,JIJVEG__ligand783-0
109,JIJVEG__ligand868-0
110,JIJVEG__ligand442-0
111,JIJVEG__ligand1918-0
112,JIJVEG__ligand136-0
113,JIJVEG__ligand4370-0
114,JIJVEG__ligand112-0
115,JIJVEG__ligand197-0
116,JIJVEG__ligand296-0
117,JIJVEG__ligand2618-0
118,JIJVEG__ligand3618-0
119,JIJVEG__ligand67-0
120,JIJVEG__ligand1436-0
121,JIJVEG__ligand5758-0
122,JIJVEG__ligand252-0
123,JIJVEG__ligand955-0
124,JIJVEG__ligand3852-0
125,JIJVEG__ligand3478-0
126,JIJVEG__ligand1818-0
127,JIJVEG__ligand830-0
128,JIJVEG__ligand193-0
129,JIJVEG__ligand7456-0
130,JIJVEG__ligand851-0
131,JIJVEG__ligand6143-0
132,JIJVEG__ligand5235-0
133,JIJVEG__ligand4619-0
134,JIJVEG__ligand3251-0
135,JIJVEG__ligand15630-0
136,JIJVEG__ligand909-0
137,JIJVEG__ligand10357-0
138,JIJVEG__ligand177-0
139,JIJVEG__ligand934-0
140,JIJVEG__ligand9176-0
141,JIJVEG__ligand1493-0
142,JIJVEG__ligand2718-0
143,JIJVEG__ligand3035-0
144,JIJVEG__ligand3070-0
145,JIJVEG__ligand188-0
146,JIJVEG__ligand78-0
147,JIJVEG__ligand7550-0
148,JIJVEG__ligand444-0
149,JIJVEG__ligand369-0
150,JIJVEG__ligand85-0
151,JIJVEG__ligand1038-0
152,JIJVEG__ligand311-0
153,JIJVEG__ligand45-0
154,JIJVEG__ligand2762-0
155,JIJVEG__ligand5093-0
156,JIJVEG__ligand2954-0
157,JIJVEG__ligand1160-0
158,JIJVEG__ligand2253-0
159,JIJVEG__ligand3890-0
160,JIJVEG__ligand370-0
161,JIJVEG__ligand1907-0
162,JIJVEG__ligand4423-0
163,JIJVEG__ligand1555-0
164,JIJVEG__ligand250-0
165,JIJVEG__ligand1285-0
166,JIJVEG__ligand460-0
167,JIJVEG__ligand7630-0
168,JIJVEG__ligand670-0
169,JIJVEG__ligand118-0
170,JIJVEG__ligand3246-0
171,JIJVEG__ligand571-0
172,JIJVEG__ligand1479-0
173,JIJVEG__ligand509-0
174,JIJVEG__ligand1148-0
175,JIJVEG__ligand358-0
176,JIJVEG__ligand430-0
177,JIJVEG__ligand49-0
178,JIJVEG__ligand669-0
179,JIJVEG__ligand1228-0
180,JIJVEG__ligand11730-0
181,JIJVEG__ligand9244-0
182,JIJVEG__ligand278-0
183,JIJVEG__ligand1114-0
184,JIJVEG__ligand1538-0
185,JIJVEG__ligand365-0
186,JIJVEG__ligand89-0
187,JIJVEG__ligand2751-0
188,JIJVEG__ligand3041-0
189,JIJVEG__ligand1542-0
190,JIJVEG__ligand2634-0
191,JIJVEG__ligand2098-0
192,JIJVEG__ligand92-0
193,JIJVEG__ligand6502-0
194,JIJVEG__ligand383-0
195,JIJVEG__ligand2863-0
196,JIJVEG__ligand162-0
197,JIJVEG__ligand3178-0
198,JIJVEG__ligand226-0
199,JIJVEG__ligand6332-0
200,JIJVEG__ligand3145-0
201,JIJVEG__ligand7915-0
202,JIJVEG__ligand17-0
203,JIJVEG__ligand5548-0
204,JIJVEG__ligand1747-0
205,JIJVEG__ligand6686-0
206,JIJVEG__ligand166-0
207,JIJVEG__ligand838-0
208,JIJVEG__ligand1706-0
209,JIJVEG__ligand497-0
210,JIJVEG__ligand3734-0
211,JIJVEG__ligand918-0
212,JIJVEG__ligand2629-0
213,JIJVEG__ligand633-0
214,JIJVEG__ligand532-0
215,JIJVEG__ligand4381-0
216,JIJVEG__ligand821-0
217,JIJVEG__ligand6277-0
218,JIJVEG__ligand326-0
219,JIJVEG__ligand1951-0
220,JIJVEG__ligand553-0
221,JIJVEG__ligand1687-0
222,JIJVEG__ligand283-0
223,JIJVEG__ligand142-0
224,JIJVEG__ligand2259-0
225,JIJVEG__ligand2688-0
226,JIJVEG__ligand206-0
227,JIJVEG__ligand436-0
228,JIJVEG__ligand1376-0
229,JIJVEG__ligand2768-0
230,JIJVEG__ligand105-0
231,JIJVEG__ligand1544-0
232,JIJVEG__ligand140-0
233,JIJVEG__ligand8-0
234,JIJVEG__ligand1459-0
235,JIJVEG__ligand2087-0
236,JIJVEG__ligand361-0
237,JIJVEG__ligand324-0
238,JIJVEG__ligand1048-0
239,JIJVEG__ligand409-0
240,JIJVEG__ligand3757-0
241,JIJVEG__ligand1685-0
242,JIJVEG__ligand11-0
243,JIJVEG__ligand1171-0
244,JIJVEG__ligand575-0
245,JIJVEG__ligand927-0
246,JIJVEG__ligand199-0
247,JIJVEG__ligand5801-0
248,JIJVEG__ligand3063-0
249,JIJVEG__ligand1438-0
250,JIJVEG__ligand1607-0
251,JIJVEG__ligand596-0
252,JIJVEG__ligand366-0
253,JIJVEG__ligand1727-0
254,JIJVEG__ligand32-0
255,JIJVEG__ligand861-0
256,JIJVEG__ligand612-0
257,JIJVEG__ligand187-0
258,JIJVEG__ligand1152-0
259,JIJVEG__ligand2430-0
260,JIJVEG__ligand1703-0
261,JIJVEG__ligand2907-0
262,JIJVEG__ligand126-0
263,JIJVEG__ligand1567-0
264,JIJVEG__ligand2285-0
265,JIJVEG__ligand8921-0
266,JIJVEG__ligand2510-0
267,JIJVEG__ligand1056-0
268,JIJVEG__ligand2320-0
269,JIJVEG__ligand2862-0
270,JIJVEG__ligand1598-0
271,JIJVEG__ligand1248-0
272,JIJVEG__ligand4303-0
273,JIJVEG__ligand124-0
274,JIJVEG__ligand6294-0
275,JIJVEG__ligand29-0
276,JIJVEG__ligand1054-0
277,JIJVEG__ligand91-0
278,JIJVEG__ligand51-0
279,JIJVEG__ligand119-0
280,JIJVEG__ligand7464-0
281,JIJVEG__ligand321-0
282,JIJVEG__ligand279-0
283,JIJVEG__ligand178-0
284,JIJVEG__ligand100-0
285,JIJVEG__ligand3637-0
286,JIJVEG__ligand244-0
287,JIJVEG__ligand201-0
288,JIJVEG__ligand8774-0
289,JIJVEG__ligand48-0
290,JIJVEG__ligand2880-0
291,JIJVEG__ligand5941-0
292,JIJVEG__ligand3838-0
293,JIJVEG__ligand34-0
294,JIJVEG__ligand1799-0
295,JIJVEG__ligand2838-0
296,JIJVEG__ligand240-0
297,JIJVEG__ligand5022-0
298,JIJVEG__ligand1169-0
299,JIJVEG__ligand141-0
300,JIJVEG__ligand95-0
301,JIJVEG__ligand384-0
302,JIJVEG__ligand2864-0
303,JIJVEG__ligand120-0
304,JIJVEG__ligand2142-0
305,JIJVEG__ligand9495-0
306,JIJVEG__ligand55-0
307,JIJVEG__ligand2772-0
308,JIJVEG__ligand6151-0
309,JIJVEG__ligand6538-0
310,JIJVEG__ligand1273-0
311,JIJVEG__ligand797-0
312,JIJVEG__ligand57-0
313,JIJVEG__ligand757-0
314,JIJVEG__ligand1052-0
315,JIJVEG__ligand1835-0
316,JIJVEG__ligand2794-0
317,JIJVEG__ligand2345-0
318,JIJVEG__ligand4983-0
319,JIJVEG__ligand1502-0
320,JIJVEG__ligand2265-0
321,JIJVEG__ligand1113-0
322,JIJVEG__ligand6396-0
323,JIJVEG__ligand9027-0
324,JIJVEG__ligand73-0
