,TMC
0,WIDTUZ__ligand4811-0
1,WIDTUZ__ligand178-0
2,WIDTUZ__ligand1449-1
3,WIDTUZ__ligand279-0
4,WIDTUZ__ligand321-0
5,WIDTUZ__ligand3337-0
6,WIDTUZ__ligand7514-0
7,WIDTUZ__ligand10910-0
8,WIDTUZ__ligand244-0
9,WIDTUZ__ligand201-0
10,WIDTUZ__ligand9620-0
11,WIDTUZ__ligand1260-0
12,WIDTUZ__ligand4894-0
13,WIDTUZ__ligand100-0
14,WIDTUZ__ligand1788-0
15,WIDTUZ__ligand124-0
16,WIDTUZ__ligand1178-0
17,WIDTUZ__ligand119-0
18,WIDTUZ__ligand3566-0
19,WIDTUZ__ligand14530-0
20,WIDTUZ__ligand1321-0
21,WIDTUZ__ligand10479-0
22,WIDTUZ__ligand5089-0
23,WIDTUZ__ligand2599-0
24,WIDTUZ__ligand3853-0
25,WIDTUZ__ligand2853-0
26,WIDTUZ__ligand11-0
27,WIDTUZ__ligand6166-0
28,WIDTUZ__ligand1246-0
29,WIDTUZ__ligand126-0
30,WIDTUZ__ligand10114-0
31,WIDTUZ__ligand596-0
32,WIDTUZ__ligand187-0
33,WIDTUZ__ligand612-0
34,WIDTUZ__ligand861-0
35,WIDTUZ__ligand1307-0
36,WIDTUZ__ligand366-0
37,WIDTUZ__ligand2916-0
38,WIDTUZ__ligand2110-0
39,WIDTUZ__ligand3579-0
40,WIDTUZ__ligand1712-0
41,WIDTUZ__ligand89-0
42,WIDTUZ__ligand2389-0
43,WIDTUZ__ligand49-0
44,WIDTUZ__ligand1919-0
45,WIDTUZ__ligand2315-0
46,WIDTUZ__ligand1898-0
47,WIDTUZ__ligand797-0
48,WIDTUZ__ligand4504-0
49,WIDTUZ__ligand3051-0
50,WIDTUZ__ligand2480-0
51,WIDTUZ__ligand5334-0
52,WIDTUZ__ligand6-0
53,WIDTUZ__ligand8032-0
54,WIDTUZ__ligand1858-0
55,WIDTUZ__ligand757-0
56,WIDTUZ__ligand7414-0
57,WIDTUZ__ligand5762-0
58,WIDTUZ__ligand4-0
59,WIDTUZ__ligand1104-0
60,WIDTUZ__ligand120-0
61,WIDTUZ__ligand1019-0
62,WIDTUZ__ligand384-0
63,WIDTUZ__ligand2442-0
64,WIDTUZ__ligand17-0
65,WIDTUZ__ligand92-0
66,WIDTUZ__ligand1325-0
67,WIDTUZ__ligand2482-0
68,WIDTUZ__ligand6571-0
69,WIDTUZ__ligand2376-0
70,WIDTUZ__ligand2929-0
71,WIDTUZ__ligand1299-0
72,WIDTUZ__ligand141-0
73,WIDTUZ__ligand6430-0
74,WIDTUZ__ligand240-0
75,WIDTUZ__ligand1221-0
76,WIDTUZ__ligand1264-0
77,WIDTUZ__ligand1379-0
78,WIDTUZ__ligand226-0
79,WIDTUZ__ligand162-0
80,WIDTUZ__ligand7456-0
81,WIDTUZ__ligand3-0
82,WIDTUZ__ligand55-0
83,WIDTUZ__ligand1818-0
84,WIDTUZ__ligand383-0
85,WIDTUZ__ligand95-0
86,WIDTUZ__ligand3852-0
87,WIDTUZ__ligand3478-0
88,WIDTUZ__ligand5758-0
89,WIDTUZ__ligand1493-0
90,WIDTUZ__ligand3070-0
91,WIDTUZ__ligand3035-0
92,WIDTUZ__ligand2718-0
93,WIDTUZ__ligand9176-0
94,WIDTUZ__ligand3251-0
95,WIDTUZ__ligand5235-0
96,WIDTUZ__ligand6143-0
97,WIDTUZ__ligand4619-0
98,WIDTUZ__ligand34-0
99,WIDTUZ__ligand2954-0
100,WIDTUZ__ligand5093-0
101,WIDTUZ__ligand2253-0
102,WIDTUZ__ligand669-0
103,WIDTUZ__ligand1160-0
104,WIDTUZ__ligand73-0
105,WIDTUZ__ligand1038-0
106,WIDTUZ__ligand2762-0
107,WIDTUZ__ligand358-0
108,WIDTUZ__ligand430-0
109,WIDTUZ__ligand365-0
110,WIDTUZ__ligand7550-0
111,WIDTUZ__ligand278-0
112,WIDTUZ__ligand7630-0
113,WIDTUZ__ligand571-0
114,WIDTUZ__ligand1555-0
115,WIDTUZ__ligand15630-0
116,WIDTUZ__ligand670-0
117,WIDTUZ__ligand1285-0
118,WIDTUZ__ligand10357-0
119,WIDTUZ__ligand118-0
120,WIDTUZ__ligand1-0
121,WIDTUZ__ligand1907-0
122,WIDTUZ__ligand4423-0
123,WIDTUZ__ligand509-0
124,WIDTUZ__ligand57-0
125,WIDTUZ__ligand3890-0
126,WIDTUZ__ligand2526-0
127,WIDTUZ__ligand575-0
128,WIDTUZ__ligand1551-0
129,WIDTUZ__ligand2707-0
130,WIDTUZ__ligand199-0
131,WIDTUZ__ligand1690-0
132,WIDTUZ__ligand927-0
133,WIDTUZ__ligand32-0
134,WIDTUZ__ligand105-0
135,WIDTUZ__ligand140-0
136,WIDTUZ__ligand2915-0
137,WIDTUZ__ligand4012-0
138,WIDTUZ__ligand3196-0
139,WIDTUZ__ligand361-0
140,WIDTUZ__ligand324-0
141,WIDTUZ__ligand409-0
142,WIDTUZ__ligand283-0
143,WIDTUZ__ligand1918-0
144,WIDTUZ__ligand553-0
145,WIDTUZ__ligand326-0
146,WIDTUZ__ligand821-0
147,WIDTUZ__ligand48-0
148,WIDTUZ__ligand4175-0
149,WIDTUZ__ligand436-0
150,WIDTUZ__ligand206-0
151,WIDTUZ__ligand2255-0
152,WIDTUZ__ligand142-0
153,WIDTUZ__ligand1436-0
154,WIDTUZ__ligand51-0
155,WIDTUZ__ligand838-0
156,WIDTUZ__ligand166-0
157,WIDTUZ__ligand3618-0
158,WIDTUZ__ligand2618-0
159,WIDTUZ__ligand4370-0
160,WIDTUZ__ligand532-0
161,WIDTUZ__ligand918-0
162,WIDTUZ__ligand633-0
163,WIDTUZ__ligand497-0
164,WIDTUZ__ligand29-0
165,WIDTUZ__ligand91-0
166,WIDTUZ__ligand2629-0
167,WIDTUZ__ligand4381-0
168,WIDTUZ__ligand112-0
169,WIDTUZ__ligand1706-0
170,WIDTUZ__ligand3734-0
171,WIDTUZ__ligand18-0
172,WIDTUZ__ligand296-0
173,WIDTUZ__ligand197-0
174,WIDTUZ__ligand352-0
175,WIDTUZ__ligand783-0
176,WIDTUZ__ligand2768-0
177,WIDTUZ__ligand1376-0
178,WIDTUZ__ligand2688-0
179,WIDTUZ__ligand2259-0
180,WIDTUZ__ligand136-0
181,WIDTUZ__ligand1951-0
182,WIDTUZ__ligand1687-0
183,WIDTUZ__ligand442-0
184,WIDTUZ__ligand6277-0
185,WIDTUZ__ligand868-0
186,WIDTUZ__ligand1685-0
187,WIDTUZ__ligand235-0
188,WIDTUZ__ligand932-0
189,WIDTUZ__ligand134-0
190,WIDTUZ__ligand390-0
191,WIDTUZ__ligand1048-0
192,WIDTUZ__ligand2087-0
193,WIDTUZ__ligand3757-0
194,WIDTUZ__ligand86-0
195,WIDTUZ__ligand1459-0
196,WIDTUZ__ligand109-0
197,WIDTUZ__ligand560-0
198,WIDTUZ__ligand525-0
199,WIDTUZ__ligand1544-0
200,WIDTUZ__ligand331-0
201,WIDTUZ__ligand1438-0
202,WIDTUZ__ligand3063-0
203,WIDTUZ__ligand993-0
204,WIDTUZ__ligand5801-0
205,WIDTUZ__ligand294-0
206,WIDTUZ__ligand584-0
207,WIDTUZ__ligand916-0
208,WIDTUZ__ligand1171-0
209,WIDTUZ__ligand798-0
210,WIDTUZ__ligand421-0
211,WIDTUZ__ligand62-0
212,WIDTUZ__ligand1148-0
213,WIDTUZ__ligand370-0
214,WIDTUZ__ligand1479-0
215,WIDTUZ__ligand66-0
216,WIDTUZ__ligand460-0
217,WIDTUZ__ligand250-0
218,WIDTUZ__ligand3246-0
219,WIDTUZ__ligand444-0
220,WIDTUZ__ligand369-0
221,WIDTUZ__ligand1114-0
222,WIDTUZ__ligand188-0
223,WIDTUZ__ligand1538-0
224,WIDTUZ__ligand1228-0
225,WIDTUZ__ligand9244-0
226,WIDTUZ__ligand311-0
227,WIDTUZ__ligand909-0
228,WIDTUZ__ligand2634-0
229,WIDTUZ__ligand1542-0
230,WIDTUZ__ligand3041-0
231,WIDTUZ__ligand851-0
232,WIDTUZ__ligand38-0
233,WIDTUZ__ligand40-0
234,WIDTUZ__ligand2751-0
235,WIDTUZ__ligand934-0
236,WIDTUZ__ligand177-0
237,WIDTUZ__ligand5548-0
238,WIDTUZ__ligand7915-0
239,WIDTUZ__ligand6686-0
240,WIDTUZ__ligand21-0
241,WIDTUZ__ligand1747-0
242,WIDTUZ__ligand955-0
243,WIDTUZ__ligand3145-0
244,WIDTUZ__ligand11730-0
245,WIDTUZ__ligand252-0
246,WIDTUZ__ligand193-0
247,WIDTUZ__ligand3178-0
248,WIDTUZ__ligand6332-0
249,WIDTUZ__ligand6502-0
250,WIDTUZ__ligand830-0
251,WIDTUZ__ligand2098-0
252,WIDTUZ__ligand2863-0
253,WIDTUZ__ligand1169-0
254,WIDTUZ__ligand5022-0
255,WIDTUZ__ligand314-0
256,WIDTUZ__ligand481-0
257,WIDTUZ__ligand391-0
258,WIDTUZ__ligand5941-0
259,WIDTUZ__ligand2880-0
260,WIDTUZ__ligand2838-0
261,WIDTUZ__ligand1799-0
262,WIDTUZ__ligand3838-0
263,WIDTUZ__ligand170-0
264,WIDTUZ__ligand6151-0
265,WIDTUZ__ligand2772-0
266,WIDTUZ__ligand9495-0
267,WIDTUZ__ligand6538-0
268,WIDTUZ__ligand210-0
269,WIDTUZ__ligand2142-0
270,WIDTUZ__ligand8-0
271,WIDTUZ__ligand2864-0
272,WIDTUZ__ligand502-0
273,WIDTUZ__ligand196-0
274,WIDTUZ__ligand1052-0
275,WIDTUZ__ligand422-0
276,WIDTUZ__ligand1273-0
277,WIDTUZ__ligand113-0
278,WIDTUZ__ligand9027-0
279,WIDTUZ__ligand45-0
280,WIDTUZ__ligand1113-0
281,WIDTUZ__ligand2265-0
282,WIDTUZ__ligand236-0
283,WIDTUZ__ligand6396-0
284,WIDTUZ__ligand1502-0
285,WIDTUZ__ligand78-0
286,WIDTUZ__ligand2345-0
287,WIDTUZ__ligand2794-0
288,WIDTUZ__ligand1835-0
289,WIDTUZ__ligand353-0
290,WIDTUZ__ligand85-0
291,WIDTUZ__ligand4983-0
292,WIDTUZ__ligand133-0
293,WIDTUZ__ligand1152-0
294,WIDTUZ__ligand1727-0
295,WIDTUZ__ligand447-0
296,WIDTUZ__ligand487-0
297,WIDTUZ__ligand1607-0
298,WIDTUZ__ligand666-0
299,WIDTUZ__ligand522-0
300,WIDTUZ__ligand2320-0
301,WIDTUZ__ligand1056-0
302,WIDTUZ__ligand2862-0
303,WIDTUZ__ligand8921-0
304,WIDTUZ__ligand2285-0
305,WIDTUZ__ligand1567-0
306,WIDTUZ__ligand2510-0
307,WIDTUZ__ligand2907-0
308,WIDTUZ__ligand682-0
309,WIDTUZ__ligand1703-0
310,WIDTUZ__ligand2430-0
311,WIDTUZ__ligand115-0
312,WIDTUZ__ligand7464-0
313,WIDTUZ__ligand67-0
314,WIDTUZ__ligand6294-0
315,WIDTUZ__ligand1054-0
316,WIDTUZ__ligand291-0
317,WIDTUZ__ligand1598-0
318,WIDTUZ__ligand4303-0
319,WIDTUZ__ligand1248-0
320,WIDTUZ__ligand485-0
321,WIDTUZ__ligand355-0
322,WIDTUZ__ligand784-0
323,WIDTUZ__ligand8774-0
324,WIDTUZ__ligand3637-0
