,TMC
0,SEWPIU__ligand3392-0
1,SEWPIU__ligand20682-0
2,SEWPIU__ligand4911-0
3,SEWPIU__ligand1771-0
4,SEWPIU__ligand13390-0
5,SEWPIU__ligand5849-0
6,SEWPIU__ligand16-0
7,SEWPIU__ligand2527-0
8,SEWPIU__ligand361-0
9,SEWPIU__ligand1709-0
10,SEWPIU__ligand324-0
11,SEWPIU__ligand8464-0
12,SEWPIU__ligand26810-0
13,SEWPIU__ligand8349-0
14,SEWPIU__ligand27482-0
15,SEWPIU__ligand409-0
16,SEWPIU__ligand13208-0
17,SEWPIU__ligand12030-0
18,SEWPIU__ligand29879-0
19,SEWPIU__ligand5056-0
20,SEWPIU__ligand14248-0
21,SEWPIU__ligand4850-0
22,SEWPIU__ligand1688-0
23,SEWPIU__ligand28884-0
24,SEWPIU__ligand32-0
25,SEWPIU__ligand13331-0
26,SEWPIU__ligand5357-0
27,SEWPIU__ligand588-0
28,SEWPIU__ligand3647-0
29,SEWPIU__ligand3871-0
30,SEWPIU__ligand1469-0
31,SEWPIU__ligand31832-0
32,SEWPIU__ligand1768-0
33,SEWPIU__ligand300-0
34,SEWPIU__ligand13294-0
35,SEWPIU__ligand25411-0
36,SEWPIU__ligand5935-0
37,SEWPIU__ligand1379-0
38,SEWPIU__ligand2722-0
39,SEWPIU__ligand3157-0
40,SEWPIU__ligand14174-0
41,SEWPIU__ligand10712-0
42,SEWPIU__ligand199-0
43,SEWPIU__ligand1165-0
44,SEWPIU__ligand11456-0
45,SEWPIU__ligand9525-0
46,SEWPIU__ligand16475-0
47,SEWPIU__ligand14703-0
48,SEWPIU__ligand1712-0
49,SEWPIU__ligand4131-0
50,SEWPIU__ligand20251-1
51,SEWPIU__ligand48-0
52,SEWPIU__ligand5892-0
53,SEWPIU__ligand5094-0
54,SEWPIU__ligand17278-0
55,SEWPIU__ligand20011-0
56,SEWPIU__ligand1533-0
57,SEWPIU__ligand17982-0
58,SEWPIU__ligand633-0
59,SEWPIU__ligand29414-0
60,SEWPIU__ligand7557-0
61,SEWPIU__ligand17398-0
62,SEWPIU__ligand1496-0
63,SEWPIU__ligand497-0
64,SEWPIU__ligand20598-0
65,SEWPIU__ligand11675-0
66,SEWPIU__ligand24047-0
67,SEWPIU__ligand22557-0
68,SEWPIU__ligand10589-0
69,SEWPIU__ligand20419-0
70,SEWPIU__ligand3208-0
71,SEWPIU__ligand2208-0
72,SEWPIU__ligand21371-0
73,SEWPIU__ligand17118-0
74,SEWPIU__ligand51-0
75,SEWPIU__ligand28789-0
76,SEWPIU__ligand29568-0
77,SEWPIU__ligand1327-0
78,SEWPIU__ligand6672-0
79,SEWPIU__ligand9809-0
80,SEWPIU__ligand8722-0
81,SEWPIU__ligand2781-0
82,SEWPIU__ligand7573-0
83,SEWPIU__ligand14889-0
84,SEWPIU__ligand3350-0
85,SEWPIU__ligand30851-0
86,SEWPIU__ligand326-0
87,SEWPIU__ligand2328-0
88,SEWPIU__ligand20539-0
89,SEWPIU__ligand436-0
90,SEWPIU__ligand4581-0
91,SEWPIU__ligand20251-0
92,SEWPIU__ligand20214-0
93,SEWPIU__ligand30702-0
94,SEWPIU__ligand1773-0
95,SEWPIU__ligand3029-0
96,SEWPIU__ligand31097-0
97,SEWPIU__ligand21581-0
98,SEWPIU__ligand7162-0
99,SEWPIU__ligand14117-0
100,SEWPIU__ligand17261-0
101,SEWPIU__ligand1900-0
102,SEWPIU__ligand91-0
103,SEWPIU__ligand9197-0
104,SEWPIU__ligand692-0
105,SEWPIU__ligand7532-0
106,SEWPIU__ligand31783-0
107,SEWPIU__ligand4194-0
108,SEWPIU__ligand55-0
109,SEWPIU__ligand656-0
110,SEWPIU__ligand14297-0
111,SEWPIU__ligand2599-0
112,SEWPIU__ligand14603-0
113,SEWPIU__ligand17258-0
114,SEWPIU__ligand4330-0
115,SEWPIU__ligand17631-0
116,SEWPIU__ligand13012-0
117,SEWPIU__ligand26665-0
118,SEWPIU__ligand18832-0
119,SEWPIU__ligand3-0
120,SEWPIU__ligand1147-0
121,SEWPIU__ligand27175-0
122,SEWPIU__ligand23713-0
123,SEWPIU__ligand696-0
124,SEWPIU__ligand3973-0
125,SEWPIU__ligand68-0
126,SEWPIU__ligand30988-0
127,SEWPIU__ligand14723-0
128,SEWPIU__ligand2068-0
129,SEWPIU__ligand27893-0
130,SEWPIU__ligand7925-0
131,SEWPIU__ligand15422-0
132,SEWPIU__ligand12934-0
133,SEWPIU__ligand20578-0
134,SEWPIU__ligand19641-0
135,SEWPIU__ligand12427-0
136,SEWPIU__ligand162-0
137,SEWPIU__ligand20740-0
138,SEWPIU__ligand28468-0
139,SEWPIU__ligand226-0
140,SEWPIU__ligand3215-0
141,SEWPIU__ligand16628-0
142,SEWPIU__ligand416-0
143,SEWPIU__ligand27460-0
144,SEWPIU__ligand7107-0
145,SEWPIU__ligand383-0
146,SEWPIU__ligand30333-0
147,SEWPIU__ligand6283-0
148,SEWPIU__ligand12606-0
149,SEWPIU__ligand5813-0
150,SEWPIU__ligand30296-0
151,SEWPIU__ligand4813-0
152,SEWPIU__ligand4738-0
153,SEWPIU__ligand17281-0
154,SEWPIU__ligand26540-0
155,SEWPIU__ligand6062-0
156,SEWPIU__ligand34-0
157,SEWPIU__ligand12337-0
158,SEWPIU__ligand29410-0
159,SEWPIU__ligand5627-0
160,SEWPIU__ligand1729-0
161,SEWPIU__ligand12641-0
162,SEWPIU__ligand2830-0
163,SEWPIU__ligand10958-0
164,SEWPIU__ligand670-0
165,SEWPIU__ligand14108-0
166,SEWPIU__ligand5316-0
167,SEWPIU__ligand534-0
168,SEWPIU__ligand571-0
169,SEWPIU__ligand5483-0
170,SEWPIU__ligand18814-0
171,SEWPIU__ligand19057-0
172,SEWPIU__ligand9148-0
173,SEWPIU__ligand13425-0
174,SEWPIU__ligand29302-0
175,SEWPIU__ligand6946-0
176,SEWPIU__ligand1415-0
177,SEWPIU__ligand7529-0
178,SEWPIU__ligand10262-0
179,SEWPIU__ligand28676-0
180,SEWPIU__ligand27763-0
181,SEWPIU__ligand15585-0
182,SEWPIU__ligand12401-0
183,SEWPIU__ligand3934-0
184,SEWPIU__ligand24145-0
185,SEWPIU__ligand10476-0
186,SEWPIU__ligand694-0
187,SEWPIU__ligand1-0
188,SEWPIU__ligand6455-0
189,SEWPIU__ligand6882-0
190,SEWPIU__ligand19830-0
191,SEWPIU__ligand13068-0
192,SEWPIU__ligand12289-0
193,SEWPIU__ligand358-0
194,SEWPIU__ligand18292-0
195,SEWPIU__ligand13658-0
196,SEWPIU__ligand2403-0
197,SEWPIU__ligand26702-0
198,SEWPIU__ligand12130-0
199,SEWPIU__ligand17387-0
200,SEWPIU__ligand430-0
201,SEWPIU__ligand488-0
202,SEWPIU__ligand12231-0
203,SEWPIU__ligand1449-0
204,SEWPIU__ligand17302-0
205,SEWPIU__ligand3012-0
206,SEWPIU__ligand17805-0
207,SEWPIU__ligand7530-0
208,SEWPIU__ligand1065-0
209,SEWPIU__ligand24185-0
210,SEWPIU__ligand9681-0
211,SEWPIU__ligand23769-0
212,SEWPIU__ligand4332-0
213,SEWPIU__ligand57-0
214,SEWPIU__ligand25178-0
215,SEWPIU__ligand4620-0
216,SEWPIU__ligand27074-0
217,SEWPIU__ligand20599-0
218,SEWPIU__ligand25805-0
219,SEWPIU__ligand22981-0
220,SEWPIU__ligand2295-0
221,SEWPIU__ligand1577-0
222,SEWPIU__ligand6067-0
223,SEWPIU__ligand89-0
224,SEWPIU__ligand18391-0
225,SEWPIU__ligand27169-0
226,SEWPIU__ligand14523-0
227,SEWPIU__ligand10084-0
228,SEWPIU__ligand25267-0
229,SEWPIU__ligand7819-0
230,SEWPIU__ligand122-0
231,SEWPIU__ligand12467-0
232,SEWPIU__ligand49-0
233,SEWPIU__ligand2917-0
234,SEWPIU__ligand3721-0
235,SEWPIU__ligand6904-0
236,SEWPIU__ligand6596-0
237,SEWPIU__ligand6102-0
238,SEWPIU__ligand21936-0
239,SEWPIU__ligand13257-0
240,SEWPIU__ligand757-0
241,SEWPIU__ligand3465-0
242,SEWPIU__ligand23904-0
243,SEWPIU__ligand18074-0
244,SEWPIU__ligand1142-0
245,SEWPIU__ligand3234-0
246,SEWPIU__ligand13869-0
247,SEWPIU__ligand29863-0
248,SEWPIU__ligand693-0
249,SEWPIU__ligand29610-0
250,SEWPIU__ligand2028-0
251,SEWPIU__ligand11140-0
252,SEWPIU__ligand8835-0
253,SEWPIU__ligand7126-0
254,SEWPIU__ligand16791-0
255,SEWPIU__ligand28668-0
256,SEWPIU__ligand4641-0
257,SEWPIU__ligand18799-0
258,SEWPIU__ligand18465-0
259,SEWPIU__ligand12660-0
260,SEWPIU__ligand5643-0
261,SEWPIU__ligand1823-0
262,SEWPIU__ligand8721-0
263,SEWPIU__ligand19257-0
264,SEWPIU__ligand13209-0
265,SEWPIU__ligand1324-0
266,SEWPIU__ligand25650-0
267,SEWPIU__ligand17-0
268,SEWPIU__ligand9952-0
269,SEWPIU__ligand9111-0
270,SEWPIU__ligand31248-0
271,SEWPIU__ligand2526-0
272,SEWPIU__ligand5036-0
273,SEWPIU__ligand1615-0
274,SEWPIU__ligand8992-0
275,SEWPIU__ligand240-0
276,SEWPIU__ligand4-0
277,SEWPIU__ligand141-0
278,SEWPIU__ligand9601-0
279,SEWPIU__ligand3707-0
280,SEWPIU__ligand12519-0
281,SEWPIU__ligand6124-0
282,SEWPIU__ligand25735-0
283,SEWPIU__ligand7967-0
284,SEWPIU__ligand4116-0
285,SEWPIU__ligand23124-0
286,SEWPIU__ligand11206-0
287,SEWPIU__ligand1018-0
288,SEWPIU__ligand3156-0
289,SEWPIU__ligand2915-0
290,SEWPIU__ligand30539-0
291,SEWPIU__ligand6244-0
292,SEWPIU__ligand23906-0
293,SEWPIU__ligand11166-0
294,SEWPIU__ligand384-0
295,SEWPIU__ligand1378-0
296,SEWPIU__ligand21132-0
297,SEWPIU__ligand768-0
298,SEWPIU__ligand2332-0
299,SEWPIU__ligand27835-0
300,SEWPIU__ligand12295-0
301,SEWPIU__ligand9441-0
302,SEWPIU__ligand25689-0
303,SEWPIU__ligand21787-0
304,SEWPIU__ligand1631-0
305,SEWPIU__ligand25575-0
306,SEWPIU__ligand9933-0
307,SEWPIU__ligand1530-0
308,SEWPIU__ligand1575-0
309,SEWPIU__ligand7629-0
310,SEWPIU__ligand1451-0
311,SEWPIU__ligand4272-0
312,SEWPIU__ligand24750-0
313,SEWPIU__ligand9784-0
314,SEWPIU__ligand338-0
315,SEWPIU__ligand18013-0
316,SEWPIU__ligand25224-0
317,SEWPIU__ligand1160-0
318,SEWPIU__ligand8699-0
319,SEWPIU__ligand17945-0
320,SEWPIU__ligand9520-0
321,SEWPIU__ligand4442-0
322,SEWPIU__ligand4093-0
323,SEWPIU__ligand3954-0
324,SEWPIU__ligand31578-0
325,SEWPIU__ligand17207-0
326,SEWPIU__ligand1219-0
327,SEWPIU__ligand6709-0
328,SEWPIU__ligand29087-0
329,SEWPIU__ligand7867-0
330,SEWPIU__ligand18703-0
331,SEWPIU__ligand4016-0
332,SEWPIU__ligand15438-0
333,SEWPIU__ligand28924-0
334,SEWPIU__ligand7238-0
335,SEWPIU__ligand7280-0
336,SEWPIU__ligand1790-0
337,SEWPIU__ligand1304-0
338,SEWPIU__ligand1285-0
339,SEWPIU__ligand279-0
340,SEWPIU__ligand185-0
341,SEWPIU__ligand7000-0
342,SEWPIU__ligand15168-0
343,SEWPIU__ligand1982-0
344,SEWPIU__ligand178-0
345,SEWPIU__ligand6768-0
346,SEWPIU__ligand8115-0
347,SEWPIU__ligand24064-0
348,SEWPIU__ligand4503-0
349,SEWPIU__ligand4546-0
350,SEWPIU__ligand321-0
351,SEWPIU__ligand23589-0
352,SEWPIU__ligand4157-0
353,SEWPIU__ligand5256-0
354,SEWPIU__ligand2828-0
355,SEWPIU__ligand8876-0
356,SEWPIU__ligand7648-0
357,SEWPIU__ligand9833-0
358,SEWPIU__ligand9291-0
359,SEWPIU__ligand26277-0
360,SEWPIU__ligand2176-0
361,SEWPIU__ligand29898-0
362,SEWPIU__ligand31618-0
363,SEWPIU__ligand11432-0
364,SEWPIU__ligand10432-0
365,SEWPIU__ligand201-0
366,SEWPIU__ligand22755-0
367,SEWPIU__ligand2232-0
368,SEWPIU__ligand777-0
369,SEWPIU__ligand5211-0
370,SEWPIU__ligand17710-0
371,SEWPIU__ligand20579-0
372,SEWPIU__ligand3094-0
373,SEWPIU__ligand4155-0
374,SEWPIU__ligand11568-0
375,SEWPIU__ligand4720-0
376,SEWPIU__ligand21421-0
377,SEWPIU__ligand3174-0
378,SEWPIU__ligand69-0
379,SEWPIU__ligand3937-0
380,SEWPIU__ligand1202-0
381,SEWPIU__ligand3131-0
382,SEWPIU__ligand8969-0
383,SEWPIU__ligand11774-0
384,SEWPIU__ligand14586-0
385,SEWPIU__ligand596-0
386,SEWPIU__ligand6839-0
387,SEWPIU__ligand941-0
388,SEWPIU__ligand11-0
389,SEWPIU__ligand657-0
390,SEWPIU__ligand24613-0
391,SEWPIU__ligand5331-0
392,SEWPIU__ligand1512-0
393,SEWPIU__ligand187-0
394,SEWPIU__ligand19725-0
395,SEWPIU__ligand3565-0
396,SEWPIU__ligand31483-0
397,SEWPIU__ligand10555-0
398,SEWPIU__ligand366-0
399,SEWPIU__ligand2485-0
400,SEWPIU__ligand3852-0
401,SEWPIU__ligand6919-0
402,SEWPIU__ligand3504-0
403,SEWPIU__ligand1959-0
404,SEWPIU__ligand13072-0
405,SEWPIU__ligand1536-0
406,SEWPIU__ligand1573-0
407,SEWPIU__ligand9935-0
408,SEWPIU__ligand12336-0
409,SEWPIU__ligand845-0
410,SEWPIU__ligand3718-0
411,SEWPIU__ligand1343-0
412,SEWPIU__ligand3876-0
413,SEWPIU__ligand3035-0
414,SEWPIU__ligand6616-0
415,SEWPIU__ligand1844-0
416,SEWPIU__ligand4661-0
417,SEWPIU__ligand7242-0
418,SEWPIU__ligand7106-0
419,SEWPIU__ligand12682-0
420,SEWPIU__ligand18699-0
421,SEWPIU__ligand163-0
422,SEWPIU__ligand17240-0
423,SEWPIU__ligand126-0
424,SEWPIU__ligand1263-0
425,SEWPIU__ligand9908-0
426,SEWPIU__ligand17590-0
427,SEWPIU__ligand19906-0
428,SEWPIU__ligand19668-0
429,SEWPIU__ligand5180-0
430,SEWPIU__ligand22353-0
431,SEWPIU__ligand6017-0
432,SEWPIU__ligand5708-0
433,SEWPIU__ligand506-0
434,SEWPIU__ligand7316-0
435,SEWPIU__ligand7092-0
436,SEWPIU__ligand2260-0
437,SEWPIU__ligand3225-0
438,SEWPIU__ligand1153-0
439,SEWPIU__ligand1116-0
440,SEWPIU__ligand2124-0
441,SEWPIU__ligand152-0
442,SEWPIU__ligand8612-0
443,SEWPIU__ligand10151-0
444,SEWPIU__ligand7172-0
445,SEWPIU__ligand9323-0
446,SEWPIU__ligand7273-0
447,SEWPIU__ligand176-0
448,SEWPIU__ligand2906-0
449,SEWPIU__ligand29813-0
450,SEWPIU__ligand16952-0
451,SEWPIU__ligand4711-0
452,SEWPIU__ligand3244-0
453,SEWPIU__ligand20220-0
454,SEWPIU__ligand447-0
455,SEWPIU__ligand4649-0
456,SEWPIU__ligand8793-0
457,SEWPIU__ligand2788-0
458,SEWPIU__ligand5649-0
459,SEWPIU__ligand20121-0
460,SEWPIU__ligand746-0
461,SEWPIU__ligand15387-0
462,SEWPIU__ligand9753-0
463,SEWPIU__ligand487-0
464,SEWPIU__ligand1356-0
465,SEWPIU__ligand1787-0
466,SEWPIU__ligand24851-0
467,SEWPIU__ligand5530-0
468,SEWPIU__ligand14302-0
469,SEWPIU__ligand5159-0
470,SEWPIU__ligand13657-0
471,SEWPIU__ligand14347-0
472,SEWPIU__ligand20530-0
473,SEWPIU__ligand11698-0
474,SEWPIU__ligand7196-0
475,SEWPIU__ligand10479-0
476,SEWPIU__ligand27610-0
477,SEWPIU__ligand4807-0
478,SEWPIU__ligand11479-0
479,SEWPIU__ligand29441-0
480,SEWPIU__ligand3178-0
481,SEWPIU__ligand10853-0
482,SEWPIU__ligand16870-0
483,SEWPIU__ligand784-0
484,SEWPIU__ligand9450-0
485,SEWPIU__ligand11622-0
486,SEWPIU__ligand11814-0
487,SEWPIU__ligand67-0
488,SEWPIU__ligand2612-0
489,SEWPIU__ligand16603-0
490,SEWPIU__ligand1599-0
491,SEWPIU__ligand2203-0
492,SEWPIU__ligand5387-0
493,SEWPIU__ligand1289-0
494,SEWPIU__ligand31205-0
495,SEWPIU__ligand17686-0
496,SEWPIU__ligand25658-0
497,SEWPIU__ligand395-0
498,SEWPIU__ligand11177-0
499,SEWPIU__ligand15455-0
500,SEWPIU__ligand368-0
501,SEWPIU__ligand115-0
502,SEWPIU__ligand9284-0
503,SEWPIU__ligand3126-0
504,SEWPIU__ligand6391-0
505,SEWPIU__ligand19824-0
506,SEWPIU__ligand18067-0
507,SEWPIU__ligand1114-0
508,SEWPIU__ligand2417-0
509,SEWPIU__ligand11252-0
510,SEWPIU__ligand10582-0
511,SEWPIU__ligand13260-0
512,SEWPIU__ligand11606-0
513,SEWPIU__ligand833-0
514,SEWPIU__ligand2043-0
515,SEWPIU__ligand1832-0
516,SEWPIU__ligand8788-0
517,SEWPIU__ligand31000-0
518,SEWPIU__ligand1604-0
519,SEWPIU__ligand26673-0
520,SEWPIU__ligand20821-0
521,SEWPIU__ligand9943-0
522,SEWPIU__ligand1228-0
523,SEWPIU__ligand43-0
524,SEWPIU__ligand21940-0
525,SEWPIU__ligand1464-0
526,SEWPIU__ligand3712-0
527,SEWPIU__ligand25048-0
528,SEWPIU__ligand2881-0
529,SEWPIU__ligand465-0
530,SEWPIU__ligand1499-0
531,SEWPIU__ligand16133-0
532,SEWPIU__ligand13755-0
533,SEWPIU__ligand27122-0
534,SEWPIU__ligand20432-0
535,SEWPIU__ligand6892-0
536,SEWPIU__ligand23445-0
537,SEWPIU__ligand24953-0
538,SEWPIU__ligand1211-0
539,SEWPIU__ligand3632-0
540,SEWPIU__ligand3677-0
541,SEWPIU__ligand314-1
542,SEWPIU__ligand1294-0
543,SEWPIU__ligand1168-0
544,SEWPIU__ligand6699-0
545,SEWPIU__ligand20557-0
546,SEWPIU__ligand30004-0
547,SEWPIU__ligand8-0
548,SEWPIU__ligand18757-0
549,SEWPIU__ligand4007-0
550,SEWPIU__ligand24560-0
551,SEWPIU__ligand2985-0
552,SEWPIU__ligand20844-0
553,SEWPIU__ligand9299-0
554,SEWPIU__ligand18413-0
555,SEWPIU__ligand24624-0
556,SEWPIU__ligand7291-0
557,SEWPIU__ligand813-0
558,SEWPIU__ligand780-0
559,SEWPIU__ligand314-0
560,SEWPIU__ligand9883-0
561,SEWPIU__ligand3677-1
562,SEWPIU__ligand9344-0
563,SEWPIU__ligand14339-0
564,SEWPIU__ligand391-0
565,SEWPIU__ligand30788-0
566,SEWPIU__ligand8000-0
567,SEWPIU__ligand13691-0
568,SEWPIU__ligand3736-0
569,SEWPIU__ligand21752-0
570,SEWPIU__ligand3945-0
571,SEWPIU__ligand618-0
572,SEWPIU__ligand5383-0
573,SEWPIU__ligand2693-0
574,SEWPIU__ligand23682-0
575,SEWPIU__ligand1407-0
576,SEWPIU__ligand6117-0
577,SEWPIU__ligand393-0
578,SEWPIU__ligand5509-0
579,SEWPIU__ligand8002-0
580,SEWPIU__ligand29565-0
581,SEWPIU__ligand27771-0
582,SEWPIU__ligand18158-0
583,SEWPIU__ligand20942-1
584,SEWPIU__ligand16956-0
585,SEWPIU__ligand14226-0
586,SEWPIU__ligand21339-0
587,SEWPIU__ligand7762-0
588,SEWPIU__ligand5080-0
589,SEWPIU__ligand19-0
590,SEWPIU__ligand27550-0
591,SEWPIU__ligand5304-0
592,SEWPIU__ligand9167-0
593,SEWPIU__ligand24-0
594,SEWPIU__ligand2238-0
595,SEWPIU__ligand353-0
596,SEWPIU__ligand14007-0
597,SEWPIU__ligand1317-0
598,SEWPIU__ligand18019-1
599,SEWPIU__ligand3867-0
600,SEWPIU__ligand2822-0
601,SEWPIU__ligand7293-0
602,SEWPIU__ligand21448-0
603,SEWPIU__ligand2259-0
604,SEWPIU__ligand196-0
605,SEWPIU__ligand1296-0
606,SEWPIU__ligand5099-0
607,SEWPIU__ligand8592-0
608,SEWPIU__ligand45-0
609,SEWPIU__ligand22357-0
610,SEWPIU__ligand1197-0
611,SEWPIU__ligand11758-0
612,SEWPIU__ligand1376-0
613,SEWPIU__ligand5510-0
614,SEWPIU__ligand29214-0
615,SEWPIU__ligand9773-0
616,SEWPIU__ligand11544-0
617,SEWPIU__ligand11501-0
618,SEWPIU__ligand422-0
619,SEWPIU__ligand14477-0
620,SEWPIU__ligand5595-0
621,SEWPIU__ligand4101-0
622,SEWPIU__ligand17069-0
623,SEWPIU__ligand17445-0
624,SEWPIU__ligand20731-0
625,SEWPIU__ligand3120-0
626,SEWPIU__ligand3926-0
627,SEWPIU__ligand78-0
628,SEWPIU__ligand4358-0
629,SEWPIU__ligand12413-0
630,SEWPIU__ligand29334-0
631,SEWPIU__ligand2221-0
632,SEWPIU__ligand11798-0
633,SEWPIU__ligand686-0
634,SEWPIU__ligand9491-0
635,SEWPIU__ligand11970-0
636,SEWPIU__ligand1400-0
637,SEWPIU__ligand4266-0
638,SEWPIU__ligand15883-0
639,SEWPIU__ligand4167-0
640,SEWPIU__ligand24230-0
641,SEWPIU__ligand188-0
642,SEWPIU__ligand1288-0
643,SEWPIU__ligand28810-0
644,SEWPIU__ligand11096-0
645,SEWPIU__ligand11447-0
646,SEWPIU__ligand19792-0
647,SEWPIU__ligand10828-0
648,SEWPIU__ligand15926-0
649,SEWPIU__ligand10056-0
650,SEWPIU__ligand66-0
651,SEWPIU__ligand12365-0
652,SEWPIU__ligand620-0
653,SEWPIU__ligand370-1
654,SEWPIU__ligand7075-0
655,SEWPIU__ligand11357-0
656,SEWPIU__ligand13862-0
657,SEWPIU__ligand15531-0
658,SEWPIU__ligand564-0
659,SEWPIU__ligand1149-0
660,SEWPIU__ligand28743-0
661,SEWPIU__ligand3557-0
662,SEWPIU__ligand3980-0
663,SEWPIU__ligand22294-0
664,SEWPIU__ligand479-0
665,SEWPIU__ligand1817-0
666,SEWPIU__ligand6993-0
667,SEWPIU__ligand311-0
668,SEWPIU__ligand28930-0
669,SEWPIU__ligand22168-0
670,SEWPIU__ligand1779-0
671,SEWPIU__ligand785-0
672,SEWPIU__ligand21919-0
673,SEWPIU__ligand9750-0
674,SEWPIU__ligand4063-0
675,SEWPIU__ligand16663-0
676,SEWPIU__ligand8200-0
677,SEWPIU__ligand7438-0
678,SEWPIU__ligand14614-0
679,SEWPIU__ligand42-0
680,SEWPIU__ligand3042-0
681,SEWPIU__ligand24035-0
682,SEWPIU__ligand11994-0
683,SEWPIU__ligand370-0
684,SEWPIU__ligand31842-0
685,SEWPIU__ligand31044-0
686,SEWPIU__ligand20207-0
687,SEWPIU__ligand30711-0
688,SEWPIU__ligand3416-0
689,SEWPIU__ligand3453-0
690,SEWPIU__ligand11682-0
691,SEWPIU__ligand4207-0
692,SEWPIU__ligand1539-0
693,SEWPIU__ligand16988-0
694,SEWPIU__ligand25913-0
695,SEWPIU__ligand250-0
696,SEWPIU__ligand1150-0
697,SEWPIU__ligand19184-0
698,SEWPIU__ligand1849-0
699,SEWPIU__ligand3261-0
700,SEWPIU__ligand1152-0
701,SEWPIU__ligand252-0
702,SEWPIU__ligand5019-0
703,SEWPIU__ligand1216-0
704,SEWPIU__ligand28459-0
705,SEWPIU__ligand38-0
706,SEWPIU__ligand18448-0
707,SEWPIU__ligand116-0
708,SEWPIU__ligand12453-0
709,SEWPIU__ligand10371-0
710,SEWPIU__ligand193-0
711,SEWPIU__ligand1831-0
712,SEWPIU__ligand5614-0
713,SEWPIU__ligand5280-0
714,SEWPIU__ligand13672-0
715,SEWPIU__ligand372-0
716,SEWPIU__ligand6663-0
717,SEWPIU__ligand5515-0
718,SEWPIU__ligand28685-0
719,SEWPIU__ligand18568-0
720,SEWPIU__ligand830-0
721,SEWPIU__ligand27285-0
722,SEWPIU__ligand29029-0
723,SEWPIU__ligand1908-0
724,SEWPIU__ligand3285-0
725,SEWPIU__ligand4795-0
726,SEWPIU__ligand909-0
727,SEWPIU__ligand1786-0
728,SEWPIU__ligand23197-0
729,SEWPIU__ligand5630-0
730,SEWPIU__ligand7213-0
731,SEWPIU__ligand1397-0
732,SEWPIU__ligand1828-0
733,SEWPIU__ligand6112-0
734,SEWPIU__ligand8042-0
735,SEWPIU__ligand177-0
736,SEWPIU__ligand14167-0
737,SEWPIU__ligand13477-0
738,SEWPIU__ligand5085-0
739,SEWPIU__ligand3144-0
740,SEWPIU__ligand27669-0
741,SEWPIU__ligand5755-0
742,SEWPIU__ligand30142-0
743,SEWPIU__ligand4710-0
744,SEWPIU__ligand352-0
745,SEWPIU__ligand783-0
746,SEWPIU__ligand6995-0
747,SEWPIU__ligand19927-0
748,SEWPIU__ligand14043-0
749,SEWPIU__ligand28559-0
750,SEWPIU__ligand26324-0
751,SEWPIU__ligand2823-0
752,SEWPIU__ligand4340-0
753,SEWPIU__ligand2281-0
754,SEWPIU__ligand2650-0
755,SEWPIU__ligand21729-0
756,SEWPIU__ligand27239-0
757,SEWPIU__ligand3180-0
758,SEWPIU__ligand26529-0
759,SEWPIU__ligand5415-0
760,SEWPIU__ligand18-0
761,SEWPIU__ligand11618-0
762,SEWPIU__ligand868-0
763,SEWPIU__ligand4124-0
764,SEWPIU__ligand4161-0
765,SEWPIU__ligand3471-0
766,SEWPIU__ligand22403-0
767,SEWPIU__ligand1113-0
768,SEWPIU__ligand8553-0
769,SEWPIU__ligand20695-0
770,SEWPIU__ligand27754-0
771,SEWPIU__ligand28540-0
772,SEWPIU__ligand11111-0
773,SEWPIU__ligand16369-0
774,SEWPIU__ligand5201-0
775,SEWPIU__ligand2001-0
776,SEWPIU__ligand29215-0
777,SEWPIU__ligand7566-0
778,SEWPIU__ligand12003-0
779,SEWPIU__ligand197-0
780,SEWPIU__ligand26631-0
781,SEWPIU__ligand16148-0
782,SEWPIU__ligand8593-0
783,SEWPIU__ligand21399-0
784,SEWPIU__ligand9944-0
785,SEWPIU__ligand10872-0
786,SEWPIU__ligand30728-0
787,SEWPIU__ligand27840-0
788,SEWPIU__ligand24872-0
789,SEWPIU__ligand24644-0
790,SEWPIU__ligand294-0
791,SEWPIU__ligand10033-0
792,SEWPIU__ligand8529-0
793,SEWPIU__ligand1169-0
794,SEWPIU__ligand12001-0
795,SEWPIU__ligand685-0
796,SEWPIU__ligand13385-0
797,SEWPIU__ligand14569-0
798,SEWPIU__ligand1154-0
799,SEWPIU__ligand9615-0
800,SEWPIU__ligand24111-0
801,SEWPIU__ligand22444-0
802,SEWPIU__ligand13220-0
803,SEWPIU__ligand11587-0
804,SEWPIU__ligand23175-0
805,SEWPIU__ligand15788-0
806,SEWPIU__ligand4596-0
807,SEWPIU__ligand421-0
808,SEWPIU__ligand1498-0
809,SEWPIU__ligand17396-0
810,SEWPIU__ligand31694-0
811,SEWPIU__ligand134-0
812,SEWPIU__ligand2692-0
813,SEWPIU__ligand1618-0
814,SEWPIU__ligand235-0
815,SEWPIU__ligand29486-0
816,SEWPIU__ligand1028-0
817,SEWPIU__ligand17427-0
818,SEWPIU__ligand4262-0
819,SEWPIU__ligand2027-0
820,SEWPIU__ligand11949-0
821,SEWPIU__ligand12138-0
822,SEWPIU__ligand1050-0
823,SEWPIU__ligand1015-0
824,SEWPIU__ligand24780-0
825,SEWPIU__ligand22129-0
826,SEWPIU__ligand560-0
827,SEWPIU__ligand25561-0
