,TMC
0,JOCHEP__ligand17590-0
1,JOCHEP__ligand1900-0
2,JOCHEP__ligand17240-0
3,JOCHEP__ligand9197-0
4,JOCHEP__ligand2328-0
5,JOCHEP__ligand4581-0
6,JOCHEP__ligand1773-0
7,JOCHEP__ligand12682-0
8,JOCHEP__ligand18699-0
9,JOCHEP__ligand3029-0
10,JOCHEP__ligand7162-0
11,JOCHEP__ligand338-0
12,JOCHEP__ligand1327-0
13,JOCHEP__ligand9809-0
14,JOCHEP__ligand6672-0
15,JOCHEP__ligand8722-0
16,JOCHEP__ligand2781-0
17,JOCHEP__ligand7573-0
18,JOCHEP__ligand3350-0
19,JOCHEP__ligand3208-0
20,JOCHEP__ligand2208-0
21,JOCHEP__ligand12336-0
22,JOCHEP__ligand43-0
23,JOCHEP__ligand13072-0
24,JOCHEP__ligand7557-0
25,JOCHEP__ligand1496-0
26,JOCHEP__ligand31483-0
27,JOCHEP__ligand10555-0
28,JOCHEP__ligand1533-0
29,JOCHEP__ligand19725-0
30,JOCHEP__ligand201-0
31,JOCHEP__ligand67-0
32,JOCHEP__ligand24613-0
33,JOCHEP__ligand11774-0
34,JOCHEP__ligand14586-0
35,JOCHEP__ligand178-0
36,JOCHEP__ligand185-0
37,JOCHEP__ligand21421-0
38,JOCHEP__ligand279-0
39,JOCHEP__ligand5892-0
40,JOCHEP__ligand5094-0
41,JOCHEP__ligand17710-0
42,JOCHEP__ligand20579-0
43,JOCHEP__ligand321-0
44,JOCHEP__ligand11568-0
45,JOCHEP__ligand1712-0
46,JOCHEP__ligand4131-0
47,JOCHEP__ligand31618-0
48,JOCHEP__ligand11432-0
49,JOCHEP__ligand3157-0
50,JOCHEP__ligand10432-0
51,JOCHEP__ligand22755-0
52,JOCHEP__ligand187-0
53,JOCHEP__ligand1165-0
54,JOCHEP__ligand657-0
55,JOCHEP__ligand9525-0
56,JOCHEP__ligand26277-0
57,JOCHEP__ligand29898-0
58,JOCHEP__ligand5935-0
59,JOCHEP__ligand366-0
60,JOCHEP__ligand1379-0
61,JOCHEP__ligand2722-0
62,JOCHEP__ligand23589-0
63,JOCHEP__ligand3871-0
64,JOCHEP__ligand1469-0
65,JOCHEP__ligand24064-0
66,JOCHEP__ligand1768-0
67,JOCHEP__ligand777-0
68,JOCHEP__ligand941-0
69,JOCHEP__ligand15168-0
70,JOCHEP__ligand596-0
71,JOCHEP__ligand5056-0
72,JOCHEP__ligand4850-0
73,JOCHEP__ligand1688-0
74,JOCHEP__ligand5357-0
75,JOCHEP__ligand3647-0
76,JOCHEP__ligand1709-0
77,JOCHEP__ligand8464-0
78,JOCHEP__ligand8349-0
79,JOCHEP__ligand15438-0
80,JOCHEP__ligand28924-0
81,JOCHEP__ligand18703-0
82,JOCHEP__ligand2527-0
83,JOCHEP__ligand29087-0
84,JOCHEP__ligand126-0
85,JOCHEP__ligand163-0
86,JOCHEP__ligand5849-0
87,JOCHEP__ligand31578-0
88,JOCHEP__ligand17207-0
89,JOCHEP__ligand25224-0
90,JOCHEP__ligand18013-0
91,JOCHEP__ligand17945-0
92,JOCHEP__ligand3392-0
93,JOCHEP__ligand4911-0
94,JOCHEP__ligand1771-0
95,JOCHEP__ligand845-0
96,JOCHEP__ligand24750-0
97,JOCHEP__ligand45-0
98,JOCHEP__ligand9681-0
99,JOCHEP__ligand122-0
100,JOCHEP__ligand25689-0
101,JOCHEP__ligand4332-0
102,JOCHEP__ligand21787-0
103,JOCHEP__ligand25575-0
104,JOCHEP__ligand1449-0
105,JOCHEP__ligand27835-0
106,JOCHEP__ligand12295-0
107,JOCHEP__ligand3012-0
108,JOCHEP__ligand757-0
109,JOCHEP__ligand7530-0
110,JOCHEP__ligand1065-0
111,JOCHEP__ligand11166-0
112,JOCHEP__ligand2403-0
113,JOCHEP__ligand21132-0
114,JOCHEP__ligand23906-0
115,JOCHEP__ligand3934-0
116,JOCHEP__ligand78-0
117,JOCHEP__ligand6455-0
118,JOCHEP__ligand6882-0
119,JOCHEP__ligand30539-0
120,JOCHEP__ligand23124-0
121,JOCHEP__ligand11206-0
122,JOCHEP__ligand1415-0
123,JOCHEP__ligand6946-0
124,JOCHEP__ligand12519-0
125,JOCHEP__ligand7529-0
126,JOCHEP__ligand25735-0
127,JOCHEP__ligand19-0
128,JOCHEP__ligand9148-0
129,JOCHEP__ligand693-0
130,JOCHEP__ligand5316-0
131,JOCHEP__ligand25650-0
132,JOCHEP__ligand5483-0
133,JOCHEP__ligand24-0
134,JOCHEP__ligand31248-0
135,JOCHEP__ligand5627-0
136,JOCHEP__ligand13209-0
137,JOCHEP__ligand19257-0
138,JOCHEP__ligand1729-0
139,JOCHEP__ligand2830-0
140,JOCHEP__ligand4-0
141,JOCHEP__ligand12660-0
142,JOCHEP__ligand18799-0
143,JOCHEP__ligand5813-0
144,JOCHEP__ligand4813-0
145,JOCHEP__ligand4738-0
146,JOCHEP__ligand141-0
147,JOCHEP__ligand18465-0
148,JOCHEP__ligand6062-0
149,JOCHEP__ligand240-0
150,JOCHEP__ligand28668-0
151,JOCHEP__ligand6283-0
152,JOCHEP__ligand16791-0
153,JOCHEP__ligand11140-0
154,JOCHEP__ligand29610-0
155,JOCHEP__ligand7107-0
156,JOCHEP__ligand18074-0
157,JOCHEP__ligand13869-0
158,JOCHEP__ligand29863-0
159,JOCHEP__ligand3215-0
160,JOCHEP__ligand2068-0
161,JOCHEP__ligand23904-0
162,JOCHEP__ligand7925-0
163,JOCHEP__ligand21936-0
164,JOCHEP__ligand13257-0
165,JOCHEP__ligand768-0
166,JOCHEP__ligand1147-0
167,JOCHEP__ligand12467-0
168,JOCHEP__ligand3973-0
169,JOCHEP__ligand10084-0
170,JOCHEP__ligand25267-0
171,JOCHEP__ligand2599-0
172,JOCHEP__ligand18391-0
173,JOCHEP__ligand27169-0
174,JOCHEP__ligand14523-0
175,JOCHEP__ligand4330-0
176,JOCHEP__ligand20599-0
177,JOCHEP__ligand7532-0
178,JOCHEP__ligand25805-0
179,JOCHEP__ligand384-0
180,JOCHEP__ligand22981-0
181,JOCHEP__ligand4194-0
182,JOCHEP__ligand27074-0
183,JOCHEP__ligand25178-0
184,JOCHEP__ligand1631-0
185,JOCHEP__ligand24185-0
186,JOCHEP__ligand9933-0
187,JOCHEP__ligand696-0
188,JOCHEP__ligand1530-0
189,JOCHEP__ligand23769-0
190,JOCHEP__ligand1575-0
191,JOCHEP__ligand17805-0
192,JOCHEP__ligand1-0
193,JOCHEP__ligand2332-0
194,JOCHEP__ligand17302-0
195,JOCHEP__ligand9441-0
196,JOCHEP__ligand6244-0
197,JOCHEP__ligand12231-0
198,JOCHEP__ligand12289-0
199,JOCHEP__ligand18292-0
200,JOCHEP__ligand13658-0
201,JOCHEP__ligand1378-0
202,JOCHEP__ligand26702-0
203,JOCHEP__ligand17387-0
204,JOCHEP__ligand12130-0
205,JOCHEP__ligand3156-0
206,JOCHEP__ligand2915-0
207,JOCHEP__ligand10476-0
208,JOCHEP__ligand19830-0
209,JOCHEP__ligand13068-0
210,JOCHEP__ligand15585-0
211,JOCHEP__ligand12401-0
212,JOCHEP__ligand656-0
213,JOCHEP__ligand24145-0
214,JOCHEP__ligand3707-0
215,JOCHEP__ligand6124-0
216,JOCHEP__ligand10262-0
217,JOCHEP__ligand7967-0
218,JOCHEP__ligand28676-0
219,JOCHEP__ligand27763-0
220,JOCHEP__ligand4116-0
221,JOCHEP__ligand1018-0
222,JOCHEP__ligand8992-0
223,JOCHEP__ligand38-0
224,JOCHEP__ligand29302-0
225,JOCHEP__ligand13425-0
226,JOCHEP__ligand18814-0
227,JOCHEP__ligand19057-0
228,JOCHEP__ligand9601-0
229,JOCHEP__ligand9952-0
230,JOCHEP__ligand9111-0
231,JOCHEP__ligand226-0
232,JOCHEP__ligand2526-0
233,JOCHEP__ligand5036-0
234,JOCHEP__ligand1615-0
235,JOCHEP__ligand14108-0
236,JOCHEP__ligand162-0
237,JOCHEP__ligand10958-0
238,JOCHEP__ligand383-0
239,JOCHEP__ligand5643-0
240,JOCHEP__ligand1823-0
241,JOCHEP__ligand8721-0
242,JOCHEP__ligand416-0
243,JOCHEP__ligand12641-0
244,JOCHEP__ligand1324-0
245,JOCHEP__ligand26540-0
246,JOCHEP__ligand12337-0
247,JOCHEP__ligand42-0
248,JOCHEP__ligand29410-0
249,JOCHEP__ligand30296-0
250,JOCHEP__ligand17281-0
251,JOCHEP__ligand12606-0
252,JOCHEP__ligand4641-0
253,JOCHEP__ligand30333-0
254,JOCHEP__ligand27460-0
255,JOCHEP__ligand8835-0
256,JOCHEP__ligand2028-0
257,JOCHEP__ligand7126-0
258,JOCHEP__ligand571-0
259,JOCHEP__ligand534-0
260,JOCHEP__ligand16628-0
261,JOCHEP__ligand1142-0
262,JOCHEP__ligand3234-0
263,JOCHEP__ligand12427-0
264,JOCHEP__ligand670-0
265,JOCHEP__ligand28468-0
266,JOCHEP__ligand20740-0
267,JOCHEP__ligand6596-0
268,JOCHEP__ligand3721-0
269,JOCHEP__ligand6904-0
270,JOCHEP__ligand6102-0
271,JOCHEP__ligand15422-0
272,JOCHEP__ligand20578-0
273,JOCHEP__ligand12934-0
274,JOCHEP__ligand19641-0
275,JOCHEP__ligand14723-0
276,JOCHEP__ligand3465-0
277,JOCHEP__ligand27893-0
278,JOCHEP__ligand30988-0
279,JOCHEP__ligand18832-0
280,JOCHEP__ligand7819-0
281,JOCHEP__ligand27175-0
282,JOCHEP__ligand23713-0
283,JOCHEP__ligand2917-0
284,JOCHEP__ligand2295-0
285,JOCHEP__ligand17631-0
286,JOCHEP__ligand13012-0
287,JOCHEP__ligand1577-0
288,JOCHEP__ligand6067-0
289,JOCHEP__ligand26665-0
290,JOCHEP__ligand694-0
291,JOCHEP__ligand14297-0
292,JOCHEP__ligand66-0
293,JOCHEP__ligand14603-0
294,JOCHEP__ligand17258-0
295,JOCHEP__ligand31783-0
296,JOCHEP__ligand488-0
297,JOCHEP__ligand4620-0
298,JOCHEP__ligand430-0
299,JOCHEP__ligand358-0
300,JOCHEP__ligand3-0
301,JOCHEP__ligand9908-0
302,JOCHEP__ligand1263-0
303,JOCHEP__ligand14117-0
304,JOCHEP__ligand17261-0
305,JOCHEP__ligand7242-0
306,JOCHEP__ligand31097-0
307,JOCHEP__ligand21581-0
308,JOCHEP__ligand20539-0
309,JOCHEP__ligand7106-0
310,JOCHEP__ligand409-0
311,JOCHEP__ligand20251-0
312,JOCHEP__ligand324-0
313,JOCHEP__ligand20214-0
314,JOCHEP__ligand30702-0
315,JOCHEP__ligand361-0
316,JOCHEP__ligand14889-0
317,JOCHEP__ligand3718-0
318,JOCHEP__ligand30851-0
319,JOCHEP__ligand3876-0
320,JOCHEP__ligand1343-0
321,JOCHEP__ligand3035-0
322,JOCHEP__ligand6616-0
323,JOCHEP__ligand29568-0
324,JOCHEP__ligand1844-0
325,JOCHEP__ligand4661-0
326,JOCHEP__ligand3504-0
327,JOCHEP__ligand1959-0
328,JOCHEP__ligand28789-0
329,JOCHEP__ligand20419-0
330,JOCHEP__ligand1536-0
331,JOCHEP__ligand1573-0
332,JOCHEP__ligand9935-0
333,JOCHEP__ligand21371-0
334,JOCHEP__ligand17118-0
335,JOCHEP__ligand20598-0
336,JOCHEP__ligand11675-0
337,JOCHEP__ligand24047-0
338,JOCHEP__ligand10589-0
339,JOCHEP__ligand22557-0
340,JOCHEP__ligand2485-0
341,JOCHEP__ligand3852-0
342,JOCHEP__ligand6919-0
343,JOCHEP__ligand17398-0
344,JOCHEP__ligand5331-0
345,JOCHEP__ligand199-0
346,JOCHEP__ligand1512-0
347,JOCHEP__ligand17278-0
348,JOCHEP__ligand20011-0
349,JOCHEP__ligand17982-0
350,JOCHEP__ligand3565-0
351,JOCHEP__ligand29414-0
352,JOCHEP__ligand4720-0
353,JOCHEP__ligand20251-1
354,JOCHEP__ligand588-0
355,JOCHEP__ligand3174-0
356,JOCHEP__ligand1202-0
357,JOCHEP__ligand3937-0
358,JOCHEP__ligand3131-0
359,JOCHEP__ligand8969-0
360,JOCHEP__ligand6839-0
361,JOCHEP__ligand300-0
362,JOCHEP__ligand5211-0
363,JOCHEP__ligand14703-0
364,JOCHEP__ligand16475-0
365,JOCHEP__ligand4155-0
366,JOCHEP__ligand3094-0
367,JOCHEP__ligand9291-0
368,JOCHEP__ligand11456-0
369,JOCHEP__ligand2176-0
370,JOCHEP__ligand633-0
371,JOCHEP__ligand14174-0
372,JOCHEP__ligand10712-0
373,JOCHEP__ligand2232-0
374,JOCHEP__ligand4157-0
375,JOCHEP__ligand497-0
376,JOCHEP__ligand5256-0
377,JOCHEP__ligand25411-0
378,JOCHEP__ligand8876-0
379,JOCHEP__ligand2828-0
380,JOCHEP__ligand7648-0
381,JOCHEP__ligand9833-0
382,JOCHEP__ligand31832-0
383,JOCHEP__ligand4503-0
384,JOCHEP__ligand13294-0
385,JOCHEP__ligand4546-0
386,JOCHEP__ligand28884-0
387,JOCHEP__ligand1285-0
388,JOCHEP__ligand13331-0
389,JOCHEP__ligand7000-0
390,JOCHEP__ligand12030-0
391,JOCHEP__ligand1982-0
392,JOCHEP__ligand29879-0
393,JOCHEP__ligand6768-0
394,JOCHEP__ligand14248-0
395,JOCHEP__ligand8115-0
396,JOCHEP__ligand13208-0
397,JOCHEP__ligand7238-0
398,JOCHEP__ligand7280-0
399,JOCHEP__ligand1790-0
400,JOCHEP__ligand1304-0
401,JOCHEP__ligand26810-0
402,JOCHEP__ligand436-0
403,JOCHEP__ligand27482-0
404,JOCHEP__ligand1219-0
405,JOCHEP__ligand6709-0
406,JOCHEP__ligand692-0
407,JOCHEP__ligand7867-0
408,JOCHEP__ligand4016-0
409,JOCHEP__ligand1160-0
410,JOCHEP__ligand8699-0
411,JOCHEP__ligand18-0
412,JOCHEP__ligand9520-0
413,JOCHEP__ligand4093-0
414,JOCHEP__ligand4442-0
415,JOCHEP__ligand13390-0
416,JOCHEP__ligand3954-0
417,JOCHEP__ligand7629-0
418,JOCHEP__ligand20682-0
419,JOCHEP__ligand326-0
420,JOCHEP__ligand1451-0
421,JOCHEP__ligand4272-0
422,JOCHEP__ligand9784-0
423,JOCHEP__ligand1604-0
424,JOCHEP__ligand51-0
425,JOCHEP__ligand25561-0
426,JOCHEP__ligand1228-0
427,JOCHEP__ligand9943-0
428,JOCHEP__ligand12138-0
429,JOCHEP__ligand24780-0
430,JOCHEP__ligand2043-0
431,JOCHEP__ligand22129-0
432,JOCHEP__ligand11949-0
433,JOCHEP__ligand1832-0
434,JOCHEP__ligand868-0
435,JOCHEP__ligand8788-0
436,JOCHEP__ligand17427-0
437,JOCHEP__ligand2417-0
438,JOCHEP__ligand783-0
439,JOCHEP__ligand352-0
440,JOCHEP__ligand9284-0
441,JOCHEP__ligand6391-0
442,JOCHEP__ligand3126-0
443,JOCHEP__ligand29486-0
444,JOCHEP__ligand91-0
445,JOCHEP__ligand31694-0
446,JOCHEP__ligand1114-0
447,JOCHEP__ligand23175-0
448,JOCHEP__ligand15788-0
449,JOCHEP__ligand17396-0
450,JOCHEP__ligand11587-0
451,JOCHEP__ligand13220-0
452,JOCHEP__ligand2203-0
453,JOCHEP__ligand5387-0
454,JOCHEP__ligand24111-0
455,JOCHEP__ligand48-0
456,JOCHEP__ligand1289-0
457,JOCHEP__ligand22444-0
458,JOCHEP__ligand13385-0
459,JOCHEP__ligand14569-0
460,JOCHEP__ligand197-0
461,JOCHEP__ligand2612-0
462,JOCHEP__ligand12001-0
463,JOCHEP__ligand1599-0
464,JOCHEP__ligand24644-0
465,JOCHEP__ligand10033-0
466,JOCHEP__ligand9450-0
467,JOCHEP__ligand24872-0
468,JOCHEP__ligand30728-0
469,JOCHEP__ligand27840-0
470,JOCHEP__ligand32-0
471,JOCHEP__ligand21399-0
472,JOCHEP__ligand4807-0
473,JOCHEP__ligand10872-0
474,JOCHEP__ligand12003-0
475,JOCHEP__ligand685-0
476,JOCHEP__ligand3178-0
477,JOCHEP__ligand16148-0
478,JOCHEP__ligand26631-0
479,JOCHEP__ligand421-0
480,JOCHEP__ligand9753-0
481,JOCHEP__ligand1787-0
482,JOCHEP__ligand1356-0
483,JOCHEP__ligand5530-0
484,JOCHEP__ligand5159-0
485,JOCHEP__ligand29215-0
486,JOCHEP__ligand7196-0
487,JOCHEP__ligand28540-0
488,JOCHEP__ligand11111-0
489,JOCHEP__ligand16369-0
490,JOCHEP__ligand4649-0
491,JOCHEP__ligand8793-0
492,JOCHEP__ligand5649-0
493,JOCHEP__ligand2788-0
494,JOCHEP__ligand27754-0
495,JOCHEP__ligand20695-0
496,JOCHEP__ligand2906-0
497,JOCHEP__ligand22403-0
498,JOCHEP__ligand294-0
499,JOCHEP__ligand4711-0
500,JOCHEP__ligand3244-0
501,JOCHEP__ligand7172-0
502,JOCHEP__ligand9323-0
503,JOCHEP__ligand11618-0
504,JOCHEP__ligand7273-0
505,JOCHEP__ligand7092-0
506,JOCHEP__ligand2260-0
507,JOCHEP__ligand3225-0
508,JOCHEP__ligand1153-0
509,JOCHEP__ligand26529-0
510,JOCHEP__ligand1116-0
511,JOCHEP__ligand2124-0
512,JOCHEP__ligand8612-0
513,JOCHEP__ligand560-0
514,JOCHEP__ligand235-0
515,JOCHEP__ligand6017-0
516,JOCHEP__ligand134-0
517,JOCHEP__ligand5708-0
518,JOCHEP__ligand21729-0
519,JOCHEP__ligand16-0
520,JOCHEP__ligand27239-0
521,JOCHEP__ligand7316-0
522,JOCHEP__ligand14043-0
523,JOCHEP__ligand28559-0
524,JOCHEP__ligand26324-0
525,JOCHEP__ligand5180-0
526,JOCHEP__ligand19927-0
527,JOCHEP__ligand27669-0
528,JOCHEP__ligand3120-0
529,JOCHEP__ligand3926-0
530,JOCHEP__ligand4358-0
531,JOCHEP__ligand30142-0
532,JOCHEP__ligand564-0
533,JOCHEP__ligand370-1
534,JOCHEP__ligand2221-0
535,JOCHEP__ligand13477-0
536,JOCHEP__ligand14167-0
537,JOCHEP__ligand620-0
538,JOCHEP__ligand5595-0
539,JOCHEP__ligand4101-0
540,JOCHEP__ligand785-0
541,JOCHEP__ligand311-0
542,JOCHEP__ligand479-0
543,JOCHEP__ligand1376-0
544,JOCHEP__ligand5510-0
545,JOCHEP__ligand9773-0
546,JOCHEP__ligand23197-0
547,JOCHEP__ligand2259-0
548,JOCHEP__ligand1296-0
549,JOCHEP__ligand57-0
550,JOCHEP__ligand5099-0
551,JOCHEP__ligand27285-0
552,JOCHEP__ligand8592-0
553,JOCHEP__ligand29029-0
554,JOCHEP__ligand1197-0
555,JOCHEP__ligand188-0
556,JOCHEP__ligand28685-0
557,JOCHEP__ligand18568-0
558,JOCHEP__ligand13672-0
559,JOCHEP__ligand1317-0
560,JOCHEP__ligand3867-0
561,JOCHEP__ligand2822-0
562,JOCHEP__ligand7293-0
563,JOCHEP__ligand5304-0
564,JOCHEP__ligand10371-0
565,JOCHEP__ligand250-0
566,JOCHEP__ligand9167-0
567,JOCHEP__ligand2238-0
568,JOCHEP__ligand28459-0
569,JOCHEP__ligand18448-0
570,JOCHEP__ligand12453-0
571,JOCHEP__ligand7762-0
572,JOCHEP__ligand5080-0
573,JOCHEP__ligand1407-0
574,JOCHEP__ligand6117-0
575,JOCHEP__ligand5509-0
576,JOCHEP__ligand370-0
577,JOCHEP__ligand8002-0
578,JOCHEP__ligand19184-0
579,JOCHEP__ligand3945-0
580,JOCHEP__ligand193-0
581,JOCHEP__ligand5383-0
582,JOCHEP__ligand2693-0
583,JOCHEP__ligand16988-0
584,JOCHEP__ligand25913-0
585,JOCHEP__ligand9344-0
586,JOCHEP__ligand830-0
587,JOCHEP__ligand20207-0
588,JOCHEP__ligand30711-0
589,JOCHEP__ligand372-0
590,JOCHEP__ligand8000-0
591,JOCHEP__ligand11682-0
592,JOCHEP__ligand3736-0
593,JOCHEP__ligand11994-0
594,JOCHEP__ligand7291-0
595,JOCHEP__ligand31842-0
596,JOCHEP__ligand31044-0
597,JOCHEP__ligand24035-0
598,JOCHEP__ligand3677-1
599,JOCHEP__ligand9883-0
600,JOCHEP__ligand116-0
601,JOCHEP__ligand4007-0
602,JOCHEP__ligand14614-0
603,JOCHEP__ligand34-0
604,JOCHEP__ligand2985-0
605,JOCHEP__ligand252-0
606,JOCHEP__ligand16663-0
607,JOCHEP__ligand9299-0
608,JOCHEP__ligand6699-0
609,JOCHEP__ligand21919-0
610,JOCHEP__ligand22294-0
611,JOCHEP__ligand28930-0
612,JOCHEP__ligand22168-0
613,JOCHEP__ligand11357-0
614,JOCHEP__ligand13862-0
615,JOCHEP__ligand3632-0
616,JOCHEP__ligand3677-0
617,JOCHEP__ligand15531-0
618,JOCHEP__ligand28743-0
619,JOCHEP__ligand1294-0
620,JOCHEP__ligand55-0
621,JOCHEP__ligand10056-0
622,JOCHEP__ligand12365-0
623,JOCHEP__ligand177-0
624,JOCHEP__ligand1168-0
625,JOCHEP__ligand68-0
626,JOCHEP__ligand19792-0
627,JOCHEP__ligand10828-0
628,JOCHEP__ligand909-0
629,JOCHEP__ligand15926-0
630,JOCHEP__ligand6892-0
631,JOCHEP__ligand24230-0
632,JOCHEP__ligand28810-0
633,JOCHEP__ligand11447-0
634,JOCHEP__ligand11096-0
635,JOCHEP__ligand1211-0
636,JOCHEP__ligand15883-0
637,JOCHEP__ligand1464-0
638,JOCHEP__ligand3712-0
639,JOCHEP__ligand2881-0
640,JOCHEP__ligand11970-0
641,JOCHEP__ligand1499-0
642,JOCHEP__ligand11798-0
643,JOCHEP__ligand5085-0
644,JOCHEP__ligand3144-0
645,JOCHEP__ligand20731-0
646,JOCHEP__ligand314-1
647,JOCHEP__ligand5755-0
648,JOCHEP__ligand12413-0
649,JOCHEP__ligand29334-0
650,JOCHEP__ligand4710-0
651,JOCHEP__ligand17445-0
652,JOCHEP__ligand7213-0
653,JOCHEP__ligand1397-0
654,JOCHEP__ligand1828-0
655,JOCHEP__ligand14477-0
656,JOCHEP__ligand6112-0
657,JOCHEP__ligand8042-0
658,JOCHEP__ligand17069-0
659,JOCHEP__ligand465-0
660,JOCHEP__ligand11544-0
661,JOCHEP__ligand1786-0
662,JOCHEP__ligand11501-0
663,JOCHEP__ligand29214-0
664,JOCHEP__ligand5630-0
665,JOCHEP__ligand22357-0
666,JOCHEP__ligand11758-0
667,JOCHEP__ligand1908-0
668,JOCHEP__ligand3285-0
669,JOCHEP__ligand4795-0
670,JOCHEP__ligand21448-0
671,JOCHEP__ligand1831-0
672,JOCHEP__ligand14007-0
673,JOCHEP__ligand5614-0
674,JOCHEP__ligand5280-0
675,JOCHEP__ligand18019-1
676,JOCHEP__ligand391-0
677,JOCHEP__ligand6663-0
678,JOCHEP__ligand5515-0
679,JOCHEP__ligand27550-0
680,JOCHEP__ligand17-0
681,JOCHEP__ligand618-0
682,JOCHEP__ligand3261-0
683,JOCHEP__ligand1152-0
684,JOCHEP__ligand5019-0
685,JOCHEP__ligand20942-1
686,JOCHEP__ligand16956-0
687,JOCHEP__ligand1216-0
688,JOCHEP__ligand21339-0
689,JOCHEP__ligand14226-0
690,JOCHEP__ligand27771-0
691,JOCHEP__ligand314-0
692,JOCHEP__ligand780-0
693,JOCHEP__ligand18158-0
694,JOCHEP__ligand1849-0
695,JOCHEP__ligand23682-0
696,JOCHEP__ligand813-0
697,JOCHEP__ligand29565-0
698,JOCHEP__ligand1539-0
699,JOCHEP__ligand21752-0
700,JOCHEP__ligand1150-0
701,JOCHEP__ligand30788-0
702,JOCHEP__ligand3416-0
703,JOCHEP__ligand13691-0
704,JOCHEP__ligand3453-0
705,JOCHEP__ligand4207-0
706,JOCHEP__ligand14339-0
707,JOCHEP__ligand8-0
708,JOCHEP__ligand353-0
709,JOCHEP__ligand3042-0
710,JOCHEP__ligand393-0
711,JOCHEP__ligand4063-0
712,JOCHEP__ligand20844-0
713,JOCHEP__ligand18413-0
714,JOCHEP__ligand7438-0
715,JOCHEP__ligand8200-0
716,JOCHEP__ligand24624-0
717,JOCHEP__ligand18757-0
718,JOCHEP__ligand24560-0
719,JOCHEP__ligand1817-0
720,JOCHEP__ligand6993-0
721,JOCHEP__ligand1779-0
722,JOCHEP__ligand20557-0
723,JOCHEP__ligand422-0
724,JOCHEP__ligand30004-0
725,JOCHEP__ligand9750-0
726,JOCHEP__ligand686-0
727,JOCHEP__ligand89-0
728,JOCHEP__ligand7075-0
729,JOCHEP__ligand1149-0
730,JOCHEP__ligand3557-0
731,JOCHEP__ligand3980-0
732,JOCHEP__ligand23445-0
733,JOCHEP__ligand1288-0
734,JOCHEP__ligand24953-0
735,JOCHEP__ligand49-0
736,JOCHEP__ligand16133-0
737,JOCHEP__ligand13755-0
738,JOCHEP__ligand20432-0
739,JOCHEP__ligand196-0
740,JOCHEP__ligand27122-0
741,JOCHEP__ligand9491-0
742,JOCHEP__ligand4266-0
743,JOCHEP__ligand1400-0
744,JOCHEP__ligand21940-0
745,JOCHEP__ligand25048-0
746,JOCHEP__ligand4167-0
747,JOCHEP__ligand152-0
748,JOCHEP__ligand20821-0
749,JOCHEP__ligand26673-0
750,JOCHEP__ligand2027-0
751,JOCHEP__ligand31000-0
752,JOCHEP__ligand1050-0
753,JOCHEP__ligand1015-0
754,JOCHEP__ligand11606-0
755,JOCHEP__ligand1028-0
756,JOCHEP__ligand10582-0
757,JOCHEP__ligand13260-0
758,JOCHEP__ligand11252-0
759,JOCHEP__ligand4262-0
760,JOCHEP__ligand19824-0
761,JOCHEP__ligand18067-0
762,JOCHEP__ligand506-0
763,JOCHEP__ligand2692-0
764,JOCHEP__ligand1618-0
765,JOCHEP__ligand15455-0
766,JOCHEP__ligand11177-0
767,JOCHEP__ligand4596-0
768,JOCHEP__ligand1498-0
769,JOCHEP__ligand487-0
770,JOCHEP__ligand31205-0
771,JOCHEP__ligand69-0
772,JOCHEP__ligand25658-0
773,JOCHEP__ligand17686-0
774,JOCHEP__ligand1154-0
775,JOCHEP__ligand9615-0
776,JOCHEP__ligand16603-0
777,JOCHEP__ligand11814-0
778,JOCHEP__ligand11-0
779,JOCHEP__ligand8529-0
780,JOCHEP__ligand176-0
781,JOCHEP__ligand1169-0
782,JOCHEP__ligand746-0
783,JOCHEP__ligand11622-0
784,JOCHEP__ligand447-0
785,JOCHEP__ligand16870-0
786,JOCHEP__ligand29441-0
787,JOCHEP__ligand10853-0
788,JOCHEP__ligand10479-0
789,JOCHEP__ligand27610-0
790,JOCHEP__ligand8593-0
791,JOCHEP__ligand11479-0
792,JOCHEP__ligand9944-0
793,JOCHEP__ligand14302-0
794,JOCHEP__ligand14347-0
795,JOCHEP__ligand13657-0
796,JOCHEP__ligand368-0
797,JOCHEP__ligand2001-0
798,JOCHEP__ligand20530-0
799,JOCHEP__ligand11698-0
800,JOCHEP__ligand7566-0
801,JOCHEP__ligand395-0
802,JOCHEP__ligand24851-0
803,JOCHEP__ligand20121-0
804,JOCHEP__ligand15387-0
805,JOCHEP__ligand784-0
806,JOCHEP__ligand20220-0
807,JOCHEP__ligand5201-0
808,JOCHEP__ligand16952-0
809,JOCHEP__ligand29813-0
810,JOCHEP__ligand1113-0
811,JOCHEP__ligand8553-0
812,JOCHEP__ligand10151-0
813,JOCHEP__ligand4124-0
814,JOCHEP__ligand4161-0
815,JOCHEP__ligand3471-0
816,JOCHEP__ligand833-0
817,JOCHEP__ligand5415-0
818,JOCHEP__ligand4340-0
819,JOCHEP__ligand2650-0
820,JOCHEP__ligand2281-0
821,JOCHEP__ligand3180-0
822,JOCHEP__ligand22353-0
823,JOCHEP__ligand115-0
824,JOCHEP__ligand6995-0
825,JOCHEP__ligand19906-0
826,JOCHEP__ligand19668-0
827,JOCHEP__ligand2823-0
