,TMC
0,IWUFIR__ligand9027-0
1,IWUFIR__ligand1113-0
2,IWUFIR__ligand2265-0
3,IWUFIR__ligand100-0
4,IWUFIR__ligand89-0
5,IWUFIR__ligand6396-0
6,IWUFIR__ligand201-0
7,IWUFIR__ligand244-0
8,IWUFIR__ligand49-0
9,IWUFIR__ligand279-0
10,IWUFIR__ligand1502-0
11,IWUFIR__ligand178-0
12,IWUFIR__ligand2794-0
13,IWUFIR__ligand2345-0
14,IWUFIR__ligand1835-0
15,IWUFIR__ligand4983-0
16,IWUFIR__ligand321-0
17,IWUFIR__ligand119-0
18,IWUFIR__ligand1052-0
19,IWUFIR__ligand1273-0
20,IWUFIR__ligand124-0
21,IWUFIR__ligand9495-0
22,IWUFIR__ligand6151-0
23,IWUFIR__ligand2772-0
24,IWUFIR__ligand6538-0
25,IWUFIR__ligand126-0
26,IWUFIR__ligand17-0
27,IWUFIR__ligand2142-0
28,IWUFIR__ligand15630-0
29,IWUFIR__ligand10357-0
30,IWUFIR__ligand92-0
31,IWUFIR__ligand2864-0
32,IWUFIR__ligand5022-0
33,IWUFIR__ligand1169-0
34,IWUFIR__ligand612-0
35,IWUFIR__ligand187-0
36,IWUFIR__ligand366-0
37,IWUFIR__ligand861-0
38,IWUFIR__ligand2880-0
39,IWUFIR__ligand5941-0
40,IWUFIR__ligand2838-0
41,IWUFIR__ligand3838-0
42,IWUFIR__ligand1799-0
43,IWUFIR__ligand596-0
44,IWUFIR__ligand8774-0
45,IWUFIR__ligand3637-0
46,IWUFIR__ligand7464-0
47,IWUFIR__ligand757-0
48,IWUFIR__ligand6294-0
49,IWUFIR__ligand797-0
50,IWUFIR__ligand1054-0
51,IWUFIR__ligand1598-0
52,IWUFIR__ligand1248-0
53,IWUFIR__ligand4303-0
54,IWUFIR__ligand2320-0
55,IWUFIR__ligand1056-0
56,IWUFIR__ligand2862-0
57,IWUFIR__ligand2285-0
58,IWUFIR__ligand1567-0
59,IWUFIR__ligand8921-0
60,IWUFIR__ligand2510-0
61,IWUFIR__ligand120-0
62,IWUFIR__ligand11-0
63,IWUFIR__ligand2907-0
64,IWUFIR__ligand1703-0
65,IWUFIR__ligand2430-0
66,IWUFIR__ligand384-0
67,IWUFIR__ligand240-0
68,IWUFIR__ligand1152-0
69,IWUFIR__ligand141-0
70,IWUFIR__ligand1727-0
71,IWUFIR__ligand1607-0
72,IWUFIR__ligand3063-0
73,IWUFIR__ligand1438-0
74,IWUFIR__ligand14530-0
75,IWUFIR__ligand5801-0
76,IWUFIR__ligand1171-0
77,IWUFIR__ligand162-0
78,IWUFIR__ligand226-0
79,IWUFIR__ligand383-0
80,IWUFIR__ligand1685-0
81,IWUFIR__ligand32-0
82,IWUFIR__ligand2087-0
83,IWUFIR__ligand1048-0
84,IWUFIR__ligand3757-0
85,IWUFIR__ligand10910-0
86,IWUFIR__ligand1459-0
87,IWUFIR__ligand1544-0
88,IWUFIR__ligand1376-0
89,IWUFIR__ligand365-0
90,IWUFIR__ligand2768-0
91,IWUFIR__ligand48-0
92,IWUFIR__ligand278-0
93,IWUFIR__ligand2259-0
94,IWUFIR__ligand2688-0
95,IWUFIR__ligand1951-0
96,IWUFIR__ligand669-0
97,IWUFIR__ligand1687-0
98,IWUFIR__ligand430-0
99,IWUFIR__ligand10114-0
100,IWUFIR__ligand358-0
101,IWUFIR__ligand6277-0
102,IWUFIR__ligand2629-0
103,IWUFIR__ligand51-0
104,IWUFIR__ligand509-0
105,IWUFIR__ligand4381-0
106,IWUFIR__ligand1706-0
107,IWUFIR__ligand3734-0
108,IWUFIR__ligand118-0
109,IWUFIR__ligand10479-0
110,IWUFIR__ligand91-0
111,IWUFIR__ligand670-0
112,IWUFIR__ligand29-0
113,IWUFIR__ligand571-0
114,IWUFIR__ligand8-0
115,IWUFIR__ligand7915-0
116,IWUFIR__ligand5548-0
117,IWUFIR__ligand1747-0
118,IWUFIR__ligand6686-0
119,IWUFIR__ligand927-0
120,IWUFIR__ligand55-0
121,IWUFIR__ligand3145-0
122,IWUFIR__ligand199-0
123,IWUFIR__ligand3178-0
124,IWUFIR__ligand575-0
125,IWUFIR__ligand6332-0
126,IWUFIR__ligand95-0
127,IWUFIR__ligand2098-0
128,IWUFIR__ligand6502-0
129,IWUFIR__ligand2863-0
130,IWUFIR__ligand2634-0
131,IWUFIR__ligand1542-0
132,IWUFIR__ligand409-0
133,IWUFIR__ligand3041-0
134,IWUFIR__ligand324-0
135,IWUFIR__ligand361-0
136,IWUFIR__ligand2751-0
137,IWUFIR__ligand34-0
138,IWUFIR__ligand140-0
139,IWUFIR__ligand105-0
140,IWUFIR__ligand436-0
141,IWUFIR__ligand142-0
142,IWUFIR__ligand1114-0
143,IWUFIR__ligand206-0
144,IWUFIR__ligand1538-0
145,IWUFIR__ligand73-0
146,IWUFIR__ligand1228-0
147,IWUFIR__ligand553-0
148,IWUFIR__ligand9244-0
149,IWUFIR__ligand283-0
150,IWUFIR__ligand821-0
151,IWUFIR__ligand326-0
152,IWUFIR__ligand1148-0
153,IWUFIR__ligand633-0
154,IWUFIR__ligand918-0
155,IWUFIR__ligand532-0
156,IWUFIR__ligand1479-0
157,IWUFIR__ligand497-0
158,IWUFIR__ligand838-0
159,IWUFIR__ligand57-0
160,IWUFIR__ligand3246-0
161,IWUFIR__ligand166-0
162,IWUFIR__ligand6-0
163,IWUFIR__ligand7630-0
164,IWUFIR__ligand1555-0
165,IWUFIR__ligand197-0
166,IWUFIR__ligand1285-0
167,IWUFIR__ligand296-0
168,IWUFIR__ligand112-0
169,IWUFIR__ligand1907-0
170,IWUFIR__ligand66-0
171,IWUFIR__ligand4423-0
172,IWUFIR__ligand3890-0
173,IWUFIR__ligand5093-0
174,IWUFIR__ligand2954-0
175,IWUFIR__ligand2253-0
176,IWUFIR__ligand1160-0
177,IWUFIR__ligand136-0
178,IWUFIR__ligand1038-0
179,IWUFIR__ligand868-0
180,IWUFIR__ligand442-0
181,IWUFIR__ligand2762-0
182,IWUFIR__ligand352-0
183,IWUFIR__ligand783-0
184,IWUFIR__ligand7550-0
185,IWUFIR__ligand1493-0
186,IWUFIR__ligand2718-0
187,IWUFIR__ligand3035-0
188,IWUFIR__ligand3070-0
189,IWUFIR__ligand525-0
190,IWUFIR__ligand560-0
191,IWUFIR__ligand38-0
192,IWUFIR__ligand9176-0
193,IWUFIR__ligand109-0
194,IWUFIR__ligand134-0
195,IWUFIR__ligand932-0
196,IWUFIR__ligand3251-0
197,IWUFIR__ligand235-0
198,IWUFIR__ligand40-0
199,IWUFIR__ligand5235-0
200,IWUFIR__ligand6143-0
201,IWUFIR__ligand4619-0
202,IWUFIR__ligand390-0
203,IWUFIR__ligand21-0
204,IWUFIR__ligand7456-0
205,IWUFIR__ligand584-0
206,IWUFIR__ligand916-0
207,IWUFIR__ligand1818-0
208,IWUFIR__ligand421-0
209,IWUFIR__ligand798-0
210,IWUFIR__ligand3852-0
211,IWUFIR__ligand331-0
212,IWUFIR__ligand4-0
213,IWUFIR__ligand3478-0
214,IWUFIR__ligand294-0
215,IWUFIR__ligand5758-0
216,IWUFIR__ligand993-0
217,IWUFIR__ligand460-0
218,IWUFIR__ligand1436-0
219,IWUFIR__ligand3618-0
220,IWUFIR__ligand2618-0
221,IWUFIR__ligand250-0
222,IWUFIR__ligand18-0
223,IWUFIR__ligand4370-0
224,IWUFIR__ligand370-0
225,IWUFIR__ligand1918-0
226,IWUFIR__ligand311-0
227,IWUFIR__ligand4175-0
228,IWUFIR__ligand369-0
229,IWUFIR__ligand444-0
230,IWUFIR__ligand188-0
231,IWUFIR__ligand2255-0
232,IWUFIR__ligand177-0
233,IWUFIR__ligand934-0
234,IWUFIR__ligand2915-0
235,IWUFIR__ligand86-0
236,IWUFIR__ligand3196-0
237,IWUFIR__ligand4012-0
238,IWUFIR__ligand909-0
239,IWUFIR__ligand851-0
240,IWUFIR__ligand2526-0
241,IWUFIR__ligand1551-0
242,IWUFIR__ligand193-0
243,IWUFIR__ligand830-0
244,IWUFIR__ligand2707-0
245,IWUFIR__ligand252-0
246,IWUFIR__ligand62-0
247,IWUFIR__ligand1690-0
248,IWUFIR__ligand955-0
249,IWUFIR__ligand391-0
250,IWUFIR__ligand170-0
251,IWUFIR__ligand481-0
252,IWUFIR__ligand314-0
253,IWUFIR__ligand1307-0
254,IWUFIR__ligand5089-0
255,IWUFIR__ligand2599-0
256,IWUFIR__ligand3853-0
257,IWUFIR__ligand2853-0
258,IWUFIR__ligand6166-0
259,IWUFIR__ligand1246-0
260,IWUFIR__ligand210-0
261,IWUFIR__ligand1788-0
262,IWUFIR__ligand422-0
263,IWUFIR__ligand113-0
264,IWUFIR__ligand67-0
265,IWUFIR__ligand196-0
266,IWUFIR__ligand502-0
267,IWUFIR__ligand3566-0
268,IWUFIR__ligand1178-0
269,IWUFIR__ligand1321-0
270,IWUFIR__ligand1449-1
271,IWUFIR__ligand4811-0
272,IWUFIR__ligand353-0
273,IWUFIR__ligand3337-0
274,IWUFIR__ligand7514-0
275,IWUFIR__ligand4894-0
276,IWUFIR__ligand1260-0
277,IWUFIR__ligand9620-0
278,IWUFIR__ligand236-0
279,IWUFIR__ligand2376-0
280,IWUFIR__ligand487-0
281,IWUFIR__ligand2929-0
282,IWUFIR__ligand522-0
283,IWUFIR__ligand666-0
284,IWUFIR__ligand6430-0
285,IWUFIR__ligand1299-0
286,IWUFIR__ligand133-0
287,IWUFIR__ligand1264-0
288,IWUFIR__ligand1221-0
289,IWUFIR__ligand1379-0
290,IWUFIR__ligand447-0
291,IWUFIR__ligand682-0
292,IWUFIR__ligand7414-0
293,IWUFIR__ligand5762-0
294,IWUFIR__ligand1104-0
295,IWUFIR__ligand2442-0
296,IWUFIR__ligand1019-0
297,IWUFIR__ligand3-0
298,IWUFIR__ligand1325-0
299,IWUFIR__ligand2482-0
300,IWUFIR__ligand6571-0
301,IWUFIR__ligand2315-0
302,IWUFIR__ligand3051-0
303,IWUFIR__ligand4504-0
304,IWUFIR__ligand2480-0
305,IWUFIR__ligand1-0
306,IWUFIR__ligand1898-0
307,IWUFIR__ligand5334-0
308,IWUFIR__ligand291-0
309,IWUFIR__ligand115-0
310,IWUFIR__ligand11730-0
311,IWUFIR__ligand8032-0
312,IWUFIR__ligand1858-0
313,IWUFIR__ligand2110-0
314,IWUFIR__ligand2916-0
315,IWUFIR__ligand45-0
316,IWUFIR__ligand3579-0
317,IWUFIR__ligand1712-0
318,IWUFIR__ligand355-0
319,IWUFIR__ligand2389-0
320,IWUFIR__ligand784-0
321,IWUFIR__ligand485-0
322,IWUFIR__ligand85-0
323,IWUFIR__ligand1919-0
324,IWUFIR__ligand78-0
