,TMC
0,MEDGOS__ligand430-0
1,MEDGOS__ligand1771-0
2,MEDGOS__ligand4911-0
3,MEDGOS__ligand358-0
4,MEDGOS__ligand3392-0
5,MEDGOS__ligand488-0
6,MEDGOS__ligand20557-0
7,MEDGOS__ligand30004-0
8,MEDGOS__ligand5849-0
9,MEDGOS__ligand694-0
10,MEDGOS__ligand43-0
11,MEDGOS__ligand21940-0
12,MEDGOS__ligand25048-0
13,MEDGOS__ligand2527-0
14,MEDGOS__ligand13755-0
15,MEDGOS__ligand16133-0
16,MEDGOS__ligand20432-0
17,MEDGOS__ligand27122-0
18,MEDGOS__ligand8349-0
19,MEDGOS__ligand23445-0
20,MEDGOS__ligand1709-0
21,MEDGOS__ligand24953-0
22,MEDGOS__ligand8464-0
23,MEDGOS__ligand5357-0
24,MEDGOS__ligand3647-0
25,MEDGOS__ligand1688-0
26,MEDGOS__ligand14339-0
27,MEDGOS__ligand670-0
28,MEDGOS__ligand5056-0
29,MEDGOS__ligand30788-0
30,MEDGOS__ligand4850-0
31,MEDGOS__ligand13691-0
32,MEDGOS__ligand534-0
33,MEDGOS__ligand571-0
34,MEDGOS__ligand21752-0
35,MEDGOS__ligand1768-0
36,MEDGOS__ligand1469-0
37,MEDGOS__ligand3871-0
38,MEDGOS__ligand2722-0
39,MEDGOS__ligand18757-0
40,MEDGOS__ligand24560-0
41,MEDGOS__ligand1379-0
42,MEDGOS__ligand5935-0
43,MEDGOS__ligand20844-0
44,MEDGOS__ligand18413-0
45,MEDGOS__ligand24624-0
46,MEDGOS__ligand67-0
47,MEDGOS__ligand9525-0
48,MEDGOS__ligand1165-0
49,MEDGOS__ligand3157-0
50,MEDGOS__ligand27550-0
51,MEDGOS__ligand416-0
52,MEDGOS__ligand4131-0
53,MEDGOS__ligand1712-0
54,MEDGOS__ligand383-0
55,MEDGOS__ligand5094-0
56,MEDGOS__ligand5892-0
57,MEDGOS__ligand162-0
58,MEDGOS__ligand14007-0
59,MEDGOS__ligand18019-1
60,MEDGOS__ligand226-0
61,MEDGOS__ligand23682-0
62,MEDGOS__ligand29565-0
63,MEDGOS__ligand27771-0
64,MEDGOS__ligand18158-0
65,MEDGOS__ligand1533-0
66,MEDGOS__ligand20942-1
67,MEDGOS__ligand16956-0
68,MEDGOS__ligand21339-0
69,MEDGOS__ligand14226-0
70,MEDGOS__ligand7557-0
71,MEDGOS__ligand1496-0
72,MEDGOS__ligand14477-0
73,MEDGOS__ligand656-0
74,MEDGOS__ligand17069-0
75,MEDGOS__ligand17445-0
76,MEDGOS__ligand3208-0
77,MEDGOS__ligand2208-0
78,MEDGOS__ligand20731-0
79,MEDGOS__ligand7573-0
80,MEDGOS__ligand2781-0
81,MEDGOS__ligand12413-0
82,MEDGOS__ligand3350-0
83,MEDGOS__ligand29334-0
84,MEDGOS__ligand11798-0
85,MEDGOS__ligand8722-0
86,MEDGOS__ligand9809-0
87,MEDGOS__ligand6672-0
88,MEDGOS__ligand1327-0
89,MEDGOS__ligand21448-0
90,MEDGOS__ligand7162-0
91,MEDGOS__ligand3029-0
92,MEDGOS__ligand1773-0
93,MEDGOS__ligand4581-0
94,MEDGOS__ligand22357-0
95,MEDGOS__ligand2328-0
96,MEDGOS__ligand11758-0
97,MEDGOS__ligand696-0
98,MEDGOS__ligand9197-0
99,MEDGOS__ligand29214-0
100,MEDGOS__ligand1900-0
101,MEDGOS__ligand11544-0
102,MEDGOS__ligand11501-0
103,MEDGOS__ligand4194-0
104,MEDGOS__ligand326-0
105,MEDGOS__ligand7532-0
106,MEDGOS__ligand10151-0
107,MEDGOS__ligand78-0
108,MEDGOS__ligand4330-0
109,MEDGOS__ligand2599-0
110,MEDGOS__ligand19906-0
111,MEDGOS__ligand19668-0
112,MEDGOS__ligand3973-0
113,MEDGOS__ligand692-0
114,MEDGOS__ligand45-0
115,MEDGOS__ligand1147-0
116,MEDGOS__ligand22353-0
117,MEDGOS__ligand436-0
118,MEDGOS__ligand7925-0
119,MEDGOS__ligand2068-0
120,MEDGOS__ligand3215-0
121,MEDGOS__ligand24851-0
122,MEDGOS__ligand24-0
123,MEDGOS__ligand14302-0
124,MEDGOS__ligand14347-0
125,MEDGOS__ligand13657-0
126,MEDGOS__ligand20530-0
127,MEDGOS__ligand11698-0
128,MEDGOS__ligand27610-0
129,MEDGOS__ligand10479-0
130,MEDGOS__ligand11479-0
131,MEDGOS__ligand7107-0
132,MEDGOS__ligand29441-0
133,MEDGOS__ligand10853-0
134,MEDGOS__ligand3-0
135,MEDGOS__ligand29813-0
136,MEDGOS__ligand6283-0
137,MEDGOS__ligand16952-0
138,MEDGOS__ligand497-0
139,MEDGOS__ligand633-0
140,MEDGOS__ligand20220-0
141,MEDGOS__ligand6062-0
142,MEDGOS__ligand4738-0
143,MEDGOS__ligand20121-0
144,MEDGOS__ligand5813-0
145,MEDGOS__ligand15387-0
146,MEDGOS__ligand4813-0
147,MEDGOS__ligand19-0
148,MEDGOS__ligand2830-0
149,MEDGOS__ligand31205-0
150,MEDGOS__ligand1729-0
151,MEDGOS__ligand1-0
152,MEDGOS__ligand300-0
153,MEDGOS__ligand5627-0
154,MEDGOS__ligand17686-0
155,MEDGOS__ligand25658-0
156,MEDGOS__ligand5483-0
157,MEDGOS__ligand11177-0
158,MEDGOS__ligand588-0
159,MEDGOS__ligand5316-0
160,MEDGOS__ligand15455-0
161,MEDGOS__ligand9148-0
162,MEDGOS__ligand16870-0
163,MEDGOS__ligand11622-0
164,MEDGOS__ligand199-0
165,MEDGOS__ligand11814-0
166,MEDGOS__ligand7529-0
167,MEDGOS__ligand16603-0
168,MEDGOS__ligand6946-0
169,MEDGOS__ligand1415-0
170,MEDGOS__ligand6882-0
171,MEDGOS__ligand6455-0
172,MEDGOS__ligand11606-0
173,MEDGOS__ligand3934-0
174,MEDGOS__ligand31000-0
175,MEDGOS__ligand26673-0
176,MEDGOS__ligand20821-0
177,MEDGOS__ligand2403-0
178,MEDGOS__ligand409-0
179,MEDGOS__ligand7530-0
180,MEDGOS__ligand1065-0
181,MEDGOS__ligand361-0
182,MEDGOS__ligand324-0
183,MEDGOS__ligand3012-0
184,MEDGOS__ligand19824-0
185,MEDGOS__ligand1449-0
186,MEDGOS__ligand18067-0
187,MEDGOS__ligand11252-0
188,MEDGOS__ligand4332-0
189,MEDGOS__ligand9681-0
190,MEDGOS__ligand10582-0
191,MEDGOS__ligand13260-0
192,MEDGOS__ligand845-0
193,MEDGOS__ligand26529-0
194,MEDGOS__ligand4620-0
195,MEDGOS__ligand11618-0
196,MEDGOS__ligand2295-0
197,MEDGOS__ligand6067-0
198,MEDGOS__ligand1577-0
199,MEDGOS__ligand2917-0
200,MEDGOS__ligand163-0
201,MEDGOS__ligand126-0
202,MEDGOS__ligand7819-0
203,MEDGOS__ligand19927-0
204,MEDGOS__ligand14043-0
205,MEDGOS__ligand28559-0
206,MEDGOS__ligand26324-0
207,MEDGOS__ligand3465-0
208,MEDGOS__ligand21729-0
209,MEDGOS__ligand27239-0
210,MEDGOS__ligand6102-0
211,MEDGOS__ligand6596-0
212,MEDGOS__ligand6904-0
213,MEDGOS__ligand3721-0
214,MEDGOS__ligand3234-0
215,MEDGOS__ligand1142-0
216,MEDGOS__ligand29215-0
217,MEDGOS__ligand596-0
218,MEDGOS__ligand941-0
219,MEDGOS__ligand12003-0
220,MEDGOS__ligand7126-0
221,MEDGOS__ligand8835-0
222,MEDGOS__ligand2028-0
223,MEDGOS__ligand777-0
224,MEDGOS__ligand16148-0
225,MEDGOS__ligand26631-0
226,MEDGOS__ligand21399-0
227,MEDGOS__ligand10872-0
228,MEDGOS__ligand22403-0
229,MEDGOS__ligand366-0
230,MEDGOS__ligand4641-0
231,MEDGOS__ligand657-0
232,MEDGOS__ligand20695-0
233,MEDGOS__ligand27754-0
234,MEDGOS__ligand28540-0
235,MEDGOS__ligand11111-0
236,MEDGOS__ligand38-0
237,MEDGOS__ligand16369-0
238,MEDGOS__ligand187-0
239,MEDGOS__ligand1324-0
240,MEDGOS__ligand13385-0
241,MEDGOS__ligand14569-0
242,MEDGOS__ligand8721-0
243,MEDGOS__ligand5643-0
244,MEDGOS__ligand1823-0
245,MEDGOS__ligand24111-0
246,MEDGOS__ligand321-0
247,MEDGOS__ligand22444-0
248,MEDGOS__ligand185-0
249,MEDGOS__ligand5036-0
250,MEDGOS__ligand2526-0
251,MEDGOS__ligand279-0
252,MEDGOS__ligand1615-0
253,MEDGOS__ligand13220-0
254,MEDGOS__ligand11587-0
255,MEDGOS__ligand23175-0
256,MEDGOS__ligand9111-0
257,MEDGOS__ligand9952-0
258,MEDGOS__ligand15788-0
259,MEDGOS__ligand178-0
260,MEDGOS__ligand17396-0
261,MEDGOS__ligand30728-0
262,MEDGOS__ligand27840-0
263,MEDGOS__ligand9601-0
264,MEDGOS__ligand8992-0
265,MEDGOS__ligand201-0
266,MEDGOS__ligand24872-0
267,MEDGOS__ligand42-0
268,MEDGOS__ligand24644-0
269,MEDGOS__ligand1018-0
270,MEDGOS__ligand4116-0
271,MEDGOS__ligand10033-0
272,MEDGOS__ligand6124-0
273,MEDGOS__ligand3707-0
274,MEDGOS__ligand7967-0
275,MEDGOS__ligand12001-0
276,MEDGOS__ligand66-0
277,MEDGOS__ligand11949-0
278,MEDGOS__ligand12138-0
279,MEDGOS__ligand24780-0
280,MEDGOS__ligand3156-0
281,MEDGOS__ligand22129-0
282,MEDGOS__ligand2915-0
283,MEDGOS__ligand25561-0
284,MEDGOS__ligand1378-0
285,MEDGOS__ligand6244-0
286,MEDGOS__ligand338-0
287,MEDGOS__ligand9441-0
288,MEDGOS__ligand4-0
289,MEDGOS__ligand31694-0
290,MEDGOS__ligand2332-0
291,MEDGOS__ligand29486-0
292,MEDGOS__ligand1575-0
293,MEDGOS__ligand1530-0
294,MEDGOS__ligand9933-0
295,MEDGOS__ligand17427-0
296,MEDGOS__ligand1631-0
297,MEDGOS__ligand10056-0
298,MEDGOS__ligand12365-0
299,MEDGOS__ligand9784-0
300,MEDGOS__ligand4272-0
301,MEDGOS__ligand13862-0
302,MEDGOS__ligand11357-0
303,MEDGOS__ligand1451-0
304,MEDGOS__ligand15531-0
305,MEDGOS__ligand28743-0
306,MEDGOS__ligand384-0
307,MEDGOS__ligand7629-0
308,MEDGOS__ligand22294-0
309,MEDGOS__ligand3954-0
310,MEDGOS__ligand4093-0
311,MEDGOS__ligand4442-0
312,MEDGOS__ligand28930-0
313,MEDGOS__ligand22168-0
314,MEDGOS__ligand9520-0
315,MEDGOS__ligand21919-0
316,MEDGOS__ligand1160-0
317,MEDGOS__ligand8699-0
318,MEDGOS__ligand4016-0
319,MEDGOS__ligand11970-0
320,MEDGOS__ligand7867-0
321,MEDGOS__ligand15883-0
322,MEDGOS__ligand6709-0
323,MEDGOS__ligand1219-0
324,MEDGOS__ligand24230-0
325,MEDGOS__ligand768-0
326,MEDGOS__ligand28810-0
327,MEDGOS__ligand7280-0
328,MEDGOS__ligand11096-0
329,MEDGOS__ligand11447-0
330,MEDGOS__ligand1304-0
331,MEDGOS__ligand1790-0
332,MEDGOS__ligand19792-0
333,MEDGOS__ligand10828-0
334,MEDGOS__ligand7238-0
335,MEDGOS__ligand15926-0
336,MEDGOS__ligand6768-0
337,MEDGOS__ligand8115-0
338,MEDGOS__ligand30711-0
339,MEDGOS__ligand20207-0
340,MEDGOS__ligand7000-0
341,MEDGOS__ligand11682-0
342,MEDGOS__ligand1982-0
343,MEDGOS__ligand1285-0
344,MEDGOS__ligand16988-0
345,MEDGOS__ligand25913-0
346,MEDGOS__ligand4546-0
347,MEDGOS__ligand4503-0
348,MEDGOS__ligand7648-0
349,MEDGOS__ligand8876-0
350,MEDGOS__ligand2828-0
351,MEDGOS__ligand9833-0
352,MEDGOS__ligand16663-0
353,MEDGOS__ligand5256-0
354,MEDGOS__ligand14614-0
355,MEDGOS__ligand4157-0
356,MEDGOS__ligand2232-0
357,MEDGOS__ligand240-0
358,MEDGOS__ligand24035-0
359,MEDGOS__ligand11994-0
360,MEDGOS__ligand2176-0
361,MEDGOS__ligand141-0
362,MEDGOS__ligand31842-0
363,MEDGOS__ligand9291-0
364,MEDGOS__ligand31044-0
365,MEDGOS__ligand4155-0
366,MEDGOS__ligand3094-0
367,MEDGOS__ligand10371-0
368,MEDGOS__ligand5211-0
369,MEDGOS__ligand6839-0
370,MEDGOS__ligand13672-0
371,MEDGOS__ligand3131-0
372,MEDGOS__ligand3937-0
373,MEDGOS__ligand1202-0
374,MEDGOS__ligand3174-0
375,MEDGOS__ligand8969-0
376,MEDGOS__ligand693-0
377,MEDGOS__ligand4720-0
378,MEDGOS__ligand28685-0
379,MEDGOS__ligand18568-0
380,MEDGOS__ligand3565-0
381,MEDGOS__ligand19184-0
382,MEDGOS__ligand5331-0
383,MEDGOS__ligand1512-0
384,MEDGOS__ligand6919-0
385,MEDGOS__ligand2485-0
386,MEDGOS__ligand3852-0
387,MEDGOS__ligand28459-0
388,MEDGOS__ligand18448-0
389,MEDGOS__ligand12453-0
390,MEDGOS__ligand9935-0
391,MEDGOS__ligand1573-0
392,MEDGOS__ligand1536-0
393,MEDGOS__ligand1959-0
394,MEDGOS__ligand3504-0
395,MEDGOS__ligand18-0
396,MEDGOS__ligand4661-0
397,MEDGOS__ligand1844-0
398,MEDGOS__ligand13477-0
399,MEDGOS__ligand14167-0
400,MEDGOS__ligand27669-0
401,MEDGOS__ligand6616-0
402,MEDGOS__ligand3035-0
403,MEDGOS__ligand1343-0
404,MEDGOS__ligand3876-0
405,MEDGOS__ligand3718-0
406,MEDGOS__ligand30142-0
407,MEDGOS__ligand27285-0
408,MEDGOS__ligand757-0
409,MEDGOS__ligand29029-0
410,MEDGOS__ligand7106-0
411,MEDGOS__ligand7242-0
412,MEDGOS__ligand23197-0
413,MEDGOS__ligand9908-0
414,MEDGOS__ligand1263-0
415,MEDGOS__ligand122-0
416,MEDGOS__ligand18832-0
417,MEDGOS__ligand27175-0
418,MEDGOS__ligand23713-0
419,MEDGOS__ligand5180-0
420,MEDGOS__ligand30988-0
421,MEDGOS__ligand14723-0
422,MEDGOS__ligand7316-0
423,MEDGOS__ligand5708-0
424,MEDGOS__ligand196-0
425,MEDGOS__ligand27893-0
426,MEDGOS__ligand6017-0
427,MEDGOS__ligand15422-0
428,MEDGOS__ligand20578-0
429,MEDGOS__ligand12934-0
430,MEDGOS__ligand91-0
431,MEDGOS__ligand19641-0
432,MEDGOS__ligand8612-0
433,MEDGOS__ligand2124-0
434,MEDGOS__ligand31783-0
435,MEDGOS__ligand51-0
436,MEDGOS__ligand686-0
437,MEDGOS__ligand2260-0
438,MEDGOS__ligand7092-0
439,MEDGOS__ligand1116-0
440,MEDGOS__ligand1153-0
441,MEDGOS__ligand3225-0
442,MEDGOS__ligand7273-0
443,MEDGOS__ligand14297-0
444,MEDGOS__ligand14603-0
445,MEDGOS__ligand9323-0
446,MEDGOS__ligand17258-0
447,MEDGOS__ligand422-0
448,MEDGOS__ligand7172-0
449,MEDGOS__ligand17631-0
450,MEDGOS__ligand13012-0
451,MEDGOS__ligand26665-0
452,MEDGOS__ligand3244-0
453,MEDGOS__ligand4711-0
454,MEDGOS__ligand30333-0
455,MEDGOS__ligand12606-0
456,MEDGOS__ligand2906-0
457,MEDGOS__ligand393-0
458,MEDGOS__ligand30296-0
459,MEDGOS__ligand17281-0
460,MEDGOS__ligand4649-0
461,MEDGOS__ligand26540-0
462,MEDGOS__ligand5649-0
463,MEDGOS__ligand2788-0
464,MEDGOS__ligand8793-0
465,MEDGOS__ligand12337-0
466,MEDGOS__ligand29410-0
467,MEDGOS__ligand7196-0
468,MEDGOS__ligand12427-0
469,MEDGOS__ligand5159-0
470,MEDGOS__ligand353-0
471,MEDGOS__ligand20740-0
472,MEDGOS__ligand28468-0
473,MEDGOS__ligand1787-0
474,MEDGOS__ligand1356-0
475,MEDGOS__ligand5530-0
476,MEDGOS__ligand16628-0
477,MEDGOS__ligand9753-0
478,MEDGOS__ligand3178-0
479,MEDGOS__ligand27460-0
480,MEDGOS__ligand4807-0
481,MEDGOS__ligand48-0
482,MEDGOS__ligand813-0
483,MEDGOS__ligand18814-0
484,MEDGOS__ligand19057-0
485,MEDGOS__ligand780-0
486,MEDGOS__ligand314-0
487,MEDGOS__ligand9450-0
488,MEDGOS__ligand13425-0
489,MEDGOS__ligand29302-0
490,MEDGOS__ligand1599-0
491,MEDGOS__ligand10262-0
492,MEDGOS__ligand2612-0
493,MEDGOS__ligand28676-0
494,MEDGOS__ligand27763-0
495,MEDGOS__ligand12641-0
496,MEDGOS__ligand618-0
497,MEDGOS__ligand1289-0
498,MEDGOS__ligand32-0
499,MEDGOS__ligand10958-0
500,MEDGOS__ligand5387-0
501,MEDGOS__ligand2203-0
502,MEDGOS__ligand14108-0
503,MEDGOS__ligand391-0
504,MEDGOS__ligand17302-0
505,MEDGOS__ligand1114-0
506,MEDGOS__ligand16-0
507,MEDGOS__ligand17805-0
508,MEDGOS__ligand6391-0
509,MEDGOS__ligand3126-0
510,MEDGOS__ligand9284-0
511,MEDGOS__ligand24185-0
512,MEDGOS__ligand23769-0
513,MEDGOS__ligand465-0
514,MEDGOS__ligand2417-0
515,MEDGOS__ligand25178-0
516,MEDGOS__ligand1832-0
517,MEDGOS__ligand15585-0
518,MEDGOS__ligand8788-0
519,MEDGOS__ligand12401-0
520,MEDGOS__ligand24145-0
521,MEDGOS__ligand2043-0
522,MEDGOS__ligand10476-0
523,MEDGOS__ligand19830-0
524,MEDGOS__ligand13068-0
525,MEDGOS__ligand12289-0
526,MEDGOS__ligand18292-0
527,MEDGOS__ligand13658-0
528,MEDGOS__ligand1228-0
529,MEDGOS__ligand26702-0
530,MEDGOS__ligand9943-0
531,MEDGOS__ligand12130-0
532,MEDGOS__ligand17387-0
533,MEDGOS__ligand314-1
534,MEDGOS__ligand1604-0
535,MEDGOS__ligand12231-0
536,MEDGOS__ligand1499-0
537,MEDGOS__ligand2881-0
538,MEDGOS__ligand8-0
539,MEDGOS__ligand3712-0
540,MEDGOS__ligand1464-0
541,MEDGOS__ligand1211-0
542,MEDGOS__ligand26810-0
543,MEDGOS__ligand115-0
544,MEDGOS__ligand27482-0
545,MEDGOS__ligand6892-0
546,MEDGOS__ligand57-0
547,MEDGOS__ligand13208-0
548,MEDGOS__ligand1168-0
549,MEDGOS__ligand1294-0
550,MEDGOS__ligand20682-0
551,MEDGOS__ligand3677-0
552,MEDGOS__ligand3632-0
553,MEDGOS__ligand13390-0
554,MEDGOS__ligand833-0
555,MEDGOS__ligand6699-0
556,MEDGOS__ligand9299-0
557,MEDGOS__ligand25411-0
558,MEDGOS__ligand4007-0
559,MEDGOS__ligand2985-0
560,MEDGOS__ligand784-0
561,MEDGOS__ligand3677-1
562,MEDGOS__ligand9883-0
563,MEDGOS__ligand14174-0
564,MEDGOS__ligand10712-0
565,MEDGOS__ligand11456-0
566,MEDGOS__ligand7291-0
567,MEDGOS__ligand12030-0
568,MEDGOS__ligand3736-0
569,MEDGOS__ligand29879-0
570,MEDGOS__ligand14248-0
571,MEDGOS__ligand8000-0
572,MEDGOS__ligand395-0
573,MEDGOS__ligand368-0
574,MEDGOS__ligand28884-0
575,MEDGOS__ligand13331-0
576,MEDGOS__ligand9344-0
577,MEDGOS__ligand2693-0
578,MEDGOS__ligand5383-0
579,MEDGOS__ligand31832-0
580,MEDGOS__ligand13294-0
581,MEDGOS__ligand3945-0
582,MEDGOS__ligand20011-0
583,MEDGOS__ligand17278-0
584,MEDGOS__ligand447-0
585,MEDGOS__ligand17982-0
586,MEDGOS__ligand29414-0
587,MEDGOS__ligand8002-0
588,MEDGOS__ligand746-0
589,MEDGOS__ligand5509-0
590,MEDGOS__ligand6117-0
591,MEDGOS__ligand1407-0
592,MEDGOS__ligand5080-0
593,MEDGOS__ligand7762-0
594,MEDGOS__ligand17398-0
595,MEDGOS__ligand176-0
596,MEDGOS__ligand20598-0
597,MEDGOS__ligand11675-0
598,MEDGOS__ligand24047-0
599,MEDGOS__ligand34-0
600,MEDGOS__ligand22557-0
601,MEDGOS__ligand10589-0
602,MEDGOS__ligand2238-0
603,MEDGOS__ligand14703-0
604,MEDGOS__ligand16475-0
605,MEDGOS__ligand9167-0
606,MEDGOS__ligand5304-0
607,MEDGOS__ligand3867-0
608,MEDGOS__ligand1317-0
609,MEDGOS__ligand7293-0
610,MEDGOS__ligand2822-0
611,MEDGOS__ligand487-0
612,MEDGOS__ligand20251-1
613,MEDGOS__ligand1197-0
614,MEDGOS__ligand20539-0
615,MEDGOS__ligand8592-0
616,MEDGOS__ligand20251-0
617,MEDGOS__ligand5099-0
618,MEDGOS__ligand30702-0
619,MEDGOS__ligand20214-0
620,MEDGOS__ligand68-0
621,MEDGOS__ligand1296-0
622,MEDGOS__ligand506-0
623,MEDGOS__ligand2259-0
624,MEDGOS__ligand21581-0
625,MEDGOS__ligand31097-0
626,MEDGOS__ligand14117-0
627,MEDGOS__ligand17261-0
628,MEDGOS__ligand9773-0
629,MEDGOS__ligand1376-0
630,MEDGOS__ligand5510-0
631,MEDGOS__ligand20419-0
632,MEDGOS__ligand21371-0
633,MEDGOS__ligand17118-0
634,MEDGOS__ligand5595-0
635,MEDGOS__ligand4101-0
636,MEDGOS__ligand28789-0
637,MEDGOS__ligand29568-0
638,MEDGOS__ligand55-0
639,MEDGOS__ligand2221-0
640,MEDGOS__ligand4358-0
641,MEDGOS__ligand14889-0
642,MEDGOS__ligand152-0
643,MEDGOS__ligand30851-0
644,MEDGOS__ligand3926-0
645,MEDGOS__ligand3120-0
646,MEDGOS__ligand4167-0
647,MEDGOS__ligand29087-0
648,MEDGOS__ligand1400-0
649,MEDGOS__ligand4266-0
650,MEDGOS__ligand9491-0
651,MEDGOS__ligand18703-0
652,MEDGOS__ligand15438-0
653,MEDGOS__ligand134-0
654,MEDGOS__ligand28924-0
655,MEDGOS__ligand1288-0
656,MEDGOS__ligand235-0
657,MEDGOS__ligand3980-0
658,MEDGOS__ligand3557-0
659,MEDGOS__ligand560-0
660,MEDGOS__ligand24750-0
661,MEDGOS__ligand1149-0
662,MEDGOS__ligand7075-0
663,MEDGOS__ligand18013-0
664,MEDGOS__ligand25224-0
665,MEDGOS__ligand9750-0
666,MEDGOS__ligand17945-0
667,MEDGOS__ligand1779-0
668,MEDGOS__ligand6993-0
669,MEDGOS__ligand31578-0
670,MEDGOS__ligand1817-0
671,MEDGOS__ligand17207-0
672,MEDGOS__ligand294-0
673,MEDGOS__ligand7438-0
674,MEDGOS__ligand8200-0
675,MEDGOS__ligand4063-0
676,MEDGOS__ligand26277-0
677,MEDGOS__ligand29898-0
678,MEDGOS__ligand3042-0
679,MEDGOS__ligand31618-0
680,MEDGOS__ligand11432-0
681,MEDGOS__ligand10432-0
682,MEDGOS__ligand22755-0
683,MEDGOS__ligand4207-0
684,MEDGOS__ligand15168-0
685,MEDGOS__ligand421-0
686,MEDGOS__ligand3453-0
687,MEDGOS__ligand3416-0
688,MEDGOS__ligand1150-0
689,MEDGOS__ligand17-0
690,MEDGOS__ligand24064-0
691,MEDGOS__ligand685-0
692,MEDGOS__ligand23589-0
693,MEDGOS__ligand1539-0
694,MEDGOS__ligand24613-0
695,MEDGOS__ligand1849-0
696,MEDGOS__ligand19725-0
697,MEDGOS__ligand31483-0
698,MEDGOS__ligand10555-0
699,MEDGOS__ligand1216-0
700,MEDGOS__ligand5019-0
701,MEDGOS__ligand1152-0
702,MEDGOS__ligand3261-0
703,MEDGOS__ligand197-0
704,MEDGOS__ligand20579-0
705,MEDGOS__ligand17710-0
706,MEDGOS__ligand11568-0
707,MEDGOS__ligand21421-0
708,MEDGOS__ligand6663-0
709,MEDGOS__ligand5515-0
710,MEDGOS__ligand11774-0
711,MEDGOS__ligand1831-0
712,MEDGOS__ligand14586-0
713,MEDGOS__ligand5280-0
714,MEDGOS__ligand5614-0
715,MEDGOS__ligand4795-0
716,MEDGOS__ligand3285-0
717,MEDGOS__ligand1908-0
718,MEDGOS__ligand49-0
719,MEDGOS__ligand12682-0
720,MEDGOS__ligand18699-0
721,MEDGOS__ligand17240-0
722,MEDGOS__ligand5630-0
723,MEDGOS__ligand783-0
724,MEDGOS__ligand352-0
725,MEDGOS__ligand1786-0
726,MEDGOS__ligand17590-0
727,MEDGOS__ligand8042-0
728,MEDGOS__ligand868-0
729,MEDGOS__ligand6112-0
730,MEDGOS__ligand13072-0
731,MEDGOS__ligand1828-0
732,MEDGOS__ligand7213-0
733,MEDGOS__ligand12336-0
734,MEDGOS__ligand1397-0
735,MEDGOS__ligand5755-0
736,MEDGOS__ligand4710-0
737,MEDGOS__ligand5085-0
738,MEDGOS__ligand89-0
739,MEDGOS__ligand3144-0
740,MEDGOS__ligand2823-0
741,MEDGOS__ligand10084-0
742,MEDGOS__ligand25267-0
743,MEDGOS__ligand6995-0
744,MEDGOS__ligand12467-0
745,MEDGOS__ligand21936-0
746,MEDGOS__ligand13257-0
747,MEDGOS__ligand3180-0
748,MEDGOS__ligand23904-0
749,MEDGOS__ligand4340-0
750,MEDGOS__ligand2650-0
751,MEDGOS__ligand909-0
752,MEDGOS__ligand2281-0
753,MEDGOS__ligand5415-0
754,MEDGOS__ligand177-0
755,MEDGOS__ligand27074-0
756,MEDGOS__ligand20599-0
757,MEDGOS__ligand25805-0
758,MEDGOS__ligand22981-0
759,MEDGOS__ligand3471-0
760,MEDGOS__ligand4161-0
761,MEDGOS__ligand4124-0
762,MEDGOS__ligand18391-0
763,MEDGOS__ligand27169-0
764,MEDGOS__ligand14523-0
765,MEDGOS__ligand11-0
766,MEDGOS__ligand252-0
767,MEDGOS__ligand8553-0
768,MEDGOS__ligand1113-0
769,MEDGOS__ligand16791-0
770,MEDGOS__ligand28668-0
771,MEDGOS__ligand116-0
772,MEDGOS__ligand5201-0
773,MEDGOS__ligand18799-0
774,MEDGOS__ligand18465-0
775,MEDGOS__ligand372-0
776,MEDGOS__ligand7566-0
777,MEDGOS__ligand18074-0
778,MEDGOS__ligand830-0
779,MEDGOS__ligand13869-0
780,MEDGOS__ligand29863-0
781,MEDGOS__ligand2001-0
782,MEDGOS__ligand29610-0
783,MEDGOS__ligand8593-0
784,MEDGOS__ligand9944-0
785,MEDGOS__ligand69-0
786,MEDGOS__ligand11140-0
787,MEDGOS__ligand193-0
788,MEDGOS__ligand370-0
789,MEDGOS__ligand12519-0
790,MEDGOS__ligand25735-0
791,MEDGOS__ligand1169-0
792,MEDGOS__ligand8529-0
793,MEDGOS__ligand23124-0
794,MEDGOS__ligand11206-0
795,MEDGOS__ligand12660-0
796,MEDGOS__ligand9615-0
797,MEDGOS__ligand1154-0
798,MEDGOS__ligand19257-0
799,MEDGOS__ligand13209-0
800,MEDGOS__ligand250-0
801,MEDGOS__ligand1498-0
802,MEDGOS__ligand25650-0
803,MEDGOS__ligand4596-0
804,MEDGOS__ligand31248-0
805,MEDGOS__ligand1618-0
806,MEDGOS__ligand2692-0
807,MEDGOS__ligand188-0
808,MEDGOS__ligand27835-0
809,MEDGOS__ligand12295-0
810,MEDGOS__ligand25689-0
811,MEDGOS__ligand4262-0
812,MEDGOS__ligand21787-0
813,MEDGOS__ligand25575-0
814,MEDGOS__ligand1028-0
815,MEDGOS__ligand311-0
816,MEDGOS__ligand785-0
817,MEDGOS__ligand1015-0
818,MEDGOS__ligand1050-0
819,MEDGOS__ligand479-0
820,MEDGOS__ligand30539-0
821,MEDGOS__ligand2027-0
822,MEDGOS__ligand370-1
823,MEDGOS__ligand620-0
824,MEDGOS__ligand23906-0
825,MEDGOS__ligand11166-0
826,MEDGOS__ligand564-0
827,MEDGOS__ligand21132-0
