,TMC
0,AHACES__ligand1104-0
1,AHACES__ligand7414-0
2,AHACES__ligand5762-0
3,AHACES__ligand909-0
4,AHACES__ligand55-0
5,AHACES__ligand851-0
6,AHACES__ligand2442-0
7,AHACES__ligand1019-0
8,AHACES__ligand6571-0
9,AHACES__ligand2482-0
10,AHACES__ligand1325-0
11,AHACES__ligand177-0
12,AHACES__ligand934-0
13,AHACES__ligand95-0
14,AHACES__ligand2376-0
15,AHACES__ligand252-0
16,AHACES__ligand955-0
17,AHACES__ligand2929-0
18,AHACES__ligand1264-0
19,AHACES__ligand1221-0
20,AHACES__ligand34-0
21,AHACES__ligand6430-0
22,AHACES__ligand1299-0
23,AHACES__ligand193-0
24,AHACES__ligand830-0
25,AHACES__ligand1379-0
26,AHACES__ligand3579-0
27,AHACES__ligand8-0
28,AHACES__ligand73-0
29,AHACES__ligand2110-0
30,AHACES__ligand2916-0
31,AHACES__ligand1712-0
32,AHACES__ligand370-0
33,AHACES__ligand460-0
34,AHACES__ligand2389-0
35,AHACES__ligand250-0
36,AHACES__ligand1919-0
37,AHACES__ligand2480-0
38,AHACES__ligand3051-0
39,AHACES__ligand4504-0
40,AHACES__ligand1898-0
41,AHACES__ligand2315-0
42,AHACES__ligand369-0
43,AHACES__ligand444-0
44,AHACES__ligand188-0
45,AHACES__ligand5334-0
46,AHACES__ligand57-0
47,AHACES__ligand1858-0
48,AHACES__ligand311-0
49,AHACES__ligand8032-0
50,AHACES__ligand134-0
51,AHACES__ligand932-0
52,AHACES__ligand5089-0
53,AHACES__ligand2599-0
54,AHACES__ligand235-0
55,AHACES__ligand2853-0
56,AHACES__ligand3853-0
57,AHACES__ligand390-0
58,AHACES__ligand6166-0
59,AHACES__ligand525-0
60,AHACES__ligand560-0
61,AHACES__ligand1246-0
62,AHACES__ligand109-0
63,AHACES__ligand331-0
64,AHACES__ligand294-0
65,AHACES__ligand32-0
66,AHACES__ligand993-0
67,AHACES__ligand584-0
68,AHACES__ligand916-0
69,AHACES__ligand1307-0
70,AHACES__ligand421-0
71,AHACES__ligand798-0
72,AHACES__ligand112-0
73,AHACES__ligand48-0
74,AHACES__ligand1449-1
75,AHACES__ligand4811-0
76,AHACES__ligand7514-0
77,AHACES__ligand3337-0
78,AHACES__ligand197-0
79,AHACES__ligand1260-0
80,AHACES__ligand4894-0
81,AHACES__ligand9620-0
82,AHACES__ligand296-0
83,AHACES__ligand352-0
84,AHACES__ligand783-0
85,AHACES__ligand1788-0
86,AHACES__ligand51-0
87,AHACES__ligand91-0
88,AHACES__ligand3566-0
89,AHACES__ligand1178-0
90,AHACES__ligand136-0
91,AHACES__ligand29-0
92,AHACES__ligand11730-0
93,AHACES__ligand1321-0
94,AHACES__ligand868-0
95,AHACES__ligand442-0
96,AHACES__ligand115-0
97,AHACES__ligand1918-0
98,AHACES__ligand4175-0
99,AHACES__ligand2255-0
100,AHACES__ligand291-0
101,AHACES__ligand355-0
102,AHACES__ligand784-0
103,AHACES__ligand485-0
104,AHACES__ligand1436-0
105,AHACES__ligand2618-0
106,AHACES__ligand3618-0
107,AHACES__ligand4370-0
108,AHACES__ligand1551-0
109,AHACES__ligand133-0
110,AHACES__ligand2526-0
111,AHACES__ligand447-0
112,AHACES__ligand2707-0
113,AHACES__ligand487-0
114,AHACES__ligand522-0
115,AHACES__ligand666-0
116,AHACES__ligand1690-0
117,AHACES__ligand11-0
118,AHACES__ligand2915-0
119,AHACES__ligand682-0
120,AHACES__ligand3196-0
121,AHACES__ligand4012-0
122,AHACES__ligand1160-0
123,AHACES__ligand2253-0
124,AHACES__ligand89-0
125,AHACES__ligand196-0
126,AHACES__ligand502-0
127,AHACES__ligand5093-0
128,AHACES__ligand2954-0
129,AHACES__ligand2762-0
130,AHACES__ligand1038-0
131,AHACES__ligand7550-0
132,AHACES__ligand422-0
133,AHACES__ligand113-0
134,AHACES__ligand49-0
135,AHACES__ligand7630-0
136,AHACES__ligand1285-0
137,AHACES__ligand236-0
138,AHACES__ligand1555-0
139,AHACES__ligand4423-0
140,AHACES__ligand1907-0
141,AHACES__ligand3890-0
142,AHACES__ligand353-0
143,AHACES__ligand7456-0
144,AHACES__ligand17-0
145,AHACES__ligand481-0
146,AHACES__ligand314-0
147,AHACES__ligand1818-0
148,AHACES__ligand3478-0
149,AHACES__ligand3852-0
150,AHACES__ligand391-0
151,AHACES__ligand170-0
152,AHACES__ligand5758-0
153,AHACES__ligand92-0
154,AHACES__ligand2718-0
155,AHACES__ligand3035-0
156,AHACES__ligand3070-0
157,AHACES__ligand1493-0
158,AHACES__ligand210-0
159,AHACES__ligand9176-0
160,AHACES__ligand3251-0
161,AHACES__ligand4619-0
162,AHACES__ligand6143-0
163,AHACES__ligand5235-0
164,AHACES__ligand120-0
165,AHACES__ligand1542-0
166,AHACES__ligand2634-0
167,AHACES__ligand1-0
168,AHACES__ligand3041-0
169,AHACES__ligand384-0
170,AHACES__ligand10910-0
171,AHACES__ligand2751-0
172,AHACES__ligand6686-0
173,AHACES__ligand1747-0
174,AHACES__ligand7915-0
175,AHACES__ligand5548-0
176,AHACES__ligand3145-0
177,AHACES__ligand14530-0
178,AHACES__ligand6332-0
179,AHACES__ligand240-0
180,AHACES__ligand3178-0
181,AHACES__ligand141-0
182,AHACES__ligand2863-0
183,AHACES__ligand2098-0
184,AHACES__ligand6502-0
185,AHACES__ligand1148-0
186,AHACES__ligand1479-0
187,AHACES__ligand10479-0
188,AHACES__ligand3246-0
189,AHACES__ligand797-0
190,AHACES__ligand1538-0
191,AHACES__ligand45-0
192,AHACES__ligand1114-0
193,AHACES__ligand85-0
194,AHACES__ligand3-0
195,AHACES__ligand9244-0
196,AHACES__ligand78-0
197,AHACES__ligand1228-0
198,AHACES__ligand10114-0
199,AHACES__ligand757-0
200,AHACES__ligand1685-0
201,AHACES__ligand3757-0
202,AHACES__ligand2087-0
203,AHACES__ligand1048-0
204,AHACES__ligand1459-0
205,AHACES__ligand1544-0
206,AHACES__ligand126-0
207,AHACES__ligand3063-0
208,AHACES__ligand1438-0
209,AHACES__ligand5801-0
210,AHACES__ligand596-0
211,AHACES__ligand612-0
212,AHACES__ligand1171-0
213,AHACES__ligand187-0
214,AHACES__ligand366-0
215,AHACES__ligand861-0
216,AHACES__ligand279-0
217,AHACES__ligand4381-0
218,AHACES__ligand2629-0
219,AHACES__ligand67-0
220,AHACES__ligand178-0
221,AHACES__ligand3734-0
222,AHACES__ligand1706-0
223,AHACES__ligand321-0
224,AHACES__ligand100-0
225,AHACES__ligand201-0
226,AHACES__ligand244-0
227,AHACES__ligand1376-0
228,AHACES__ligand2768-0
229,AHACES__ligand2688-0
230,AHACES__ligand2259-0
231,AHACES__ligand124-0
232,AHACES__ligand1687-0
233,AHACES__ligand119-0
234,AHACES__ligand1951-0
235,AHACES__ligand6277-0
236,AHACES__ligand7464-0
237,AHACES__ligand553-0
238,AHACES__ligand283-0
239,AHACES__ligand821-0
240,AHACES__ligand326-0
241,AHACES__ligand1054-0
242,AHACES__ligand436-0
243,AHACES__ligand6294-0
244,AHACES__ligand18-0
245,AHACES__ligand1248-0
246,AHACES__ligand142-0
247,AHACES__ligand4303-0
248,AHACES__ligand1598-0
249,AHACES__ligand206-0
250,AHACES__ligand8774-0
251,AHACES__ligand838-0
252,AHACES__ligand3637-0
253,AHACES__ligand166-0
254,AHACES__ligand633-0
255,AHACES__ligand918-0
256,AHACES__ligand532-0
257,AHACES__ligand497-0
258,AHACES__ligand1152-0
259,AHACES__ligand575-0
260,AHACES__ligand1727-0
261,AHACES__ligand927-0
262,AHACES__ligand1607-0
263,AHACES__ligand199-0
264,AHACES__ligand86-0
265,AHACES__ligand2862-0
266,AHACES__ligand1056-0
267,AHACES__ligand2320-0
268,AHACES__ligand2510-0
269,AHACES__ligand1567-0
270,AHACES__ligand2285-0
271,AHACES__ligand8921-0
272,AHACES__ligand140-0
273,AHACES__ligand105-0
274,AHACES__ligand15630-0
275,AHACES__ligand2907-0
276,AHACES__ligand62-0
277,AHACES__ligand10357-0
278,AHACES__ligand2430-0
279,AHACES__ligand1703-0
280,AHACES__ligand409-0
281,AHACES__ligand324-0
282,AHACES__ligand361-0
283,AHACES__ligand669-0
284,AHACES__ligand430-0
285,AHACES__ligand358-0
286,AHACES__ligand1052-0
287,AHACES__ligand365-0
288,AHACES__ligand278-0
289,AHACES__ligand66-0
290,AHACES__ligand1273-0
291,AHACES__ligand9027-0
292,AHACES__ligand118-0
293,AHACES__ligand6396-0
294,AHACES__ligand670-0
295,AHACES__ligand2265-0
296,AHACES__ligand1113-0
297,AHACES__ligand571-0
298,AHACES__ligand4-0
299,AHACES__ligand509-0
300,AHACES__ligand1502-0
301,AHACES__ligand4983-0
302,AHACES__ligand1835-0
303,AHACES__ligand2345-0
304,AHACES__ligand2794-0
305,AHACES__ligand38-0
306,AHACES__ligand162-0
307,AHACES__ligand5022-0
308,AHACES__ligand6-0
309,AHACES__ligand1169-0
310,AHACES__ligand226-0
311,AHACES__ligand383-0
312,AHACES__ligand3838-0
313,AHACES__ligand1799-0
314,AHACES__ligand2838-0
315,AHACES__ligand5941-0
316,AHACES__ligand2880-0
317,AHACES__ligand40-0
318,AHACES__ligand6538-0
319,AHACES__ligand9495-0
320,AHACES__ligand2772-0
321,AHACES__ligand6151-0
322,AHACES__ligand21-0
323,AHACES__ligand2142-0
324,AHACES__ligand2864-0
