,TMC
0,SIHTOT__ligand2526-0
1,SIHTOT__ligand5036-0
2,SIHTOT__ligand1615-0
3,SIHTOT__ligand22353-0
4,SIHTOT__ligand9952-0
5,SIHTOT__ligand9111-0
6,SIHTOT__ligand8721-0
7,SIHTOT__ligand1324-0
8,SIHTOT__ligand19668-0
9,SIHTOT__ligand5643-0
10,SIHTOT__ligand19906-0
11,SIHTOT__ligand1823-0
12,SIHTOT__ligand4116-0
13,SIHTOT__ligand1018-0
14,SIHTOT__ligand6124-0
15,SIHTOT__ligand3707-0
16,SIHTOT__ligand42-0
17,SIHTOT__ligand7967-0
18,SIHTOT__ligand10151-0
19,SIHTOT__ligand497-0
20,SIHTOT__ligand9601-0
21,SIHTOT__ligand633-0
22,SIHTOT__ligand8992-0
23,SIHTOT__ligand15387-0
24,SIHTOT__ligand1378-0
25,SIHTOT__ligand66-0
26,SIHTOT__ligand20121-0
27,SIHTOT__ligand326-0
28,SIHTOT__ligand6244-0
29,SIHTOT__ligand20220-0
30,SIHTOT__ligand16952-0
31,SIHTOT__ligand29813-0
32,SIHTOT__ligand3156-0
33,SIHTOT__ligand2915-0
34,SIHTOT__ligand29441-0
35,SIHTOT__ligand9933-0
36,SIHTOT__ligand10853-0
37,SIHTOT__ligand1575-0
38,SIHTOT__ligand1530-0
39,SIHTOT__ligand692-0
40,SIHTOT__ligand27610-0
41,SIHTOT__ligand10479-0
42,SIHTOT__ligand11479-0
43,SIHTOT__ligand1631-0
44,SIHTOT__ligand20530-0
45,SIHTOT__ligand2332-0
46,SIHTOT__ligand11698-0
47,SIHTOT__ligand14302-0
48,SIHTOT__ligand9441-0
49,SIHTOT__ligand13657-0
50,SIHTOT__ligand14347-0
51,SIHTOT__ligand436-0
52,SIHTOT__ligand24851-0
53,SIHTOT__ligand16603-0
54,SIHTOT__ligand2295-0
55,SIHTOT__ligand1577-0
56,SIHTOT__ligand6067-0
57,SIHTOT__ligand11814-0
58,SIHTOT__ligand11622-0
59,SIHTOT__ligand16870-0
60,SIHTOT__ligand4620-0
61,SIHTOT__ligand409-0
62,SIHTOT__ligand3465-0
63,SIHTOT__ligand15455-0
64,SIHTOT__ligand361-0
65,SIHTOT__ligand324-0
66,SIHTOT__ligand6102-0
67,SIHTOT__ligand3721-0
68,SIHTOT__ligand6904-0
69,SIHTOT__ligand6596-0
70,SIHTOT__ligand11177-0
71,SIHTOT__ligand25658-0
72,SIHTOT__ligand7819-0
73,SIHTOT__ligand17686-0
74,SIHTOT__ligand31205-0
75,SIHTOT__ligand2917-0
76,SIHTOT__ligand2028-0
77,SIHTOT__ligand10582-0
78,SIHTOT__ligand8835-0
79,SIHTOT__ligand13260-0
80,SIHTOT__ligand7126-0
81,SIHTOT__ligand11252-0
82,SIHTOT__ligand300-0
83,SIHTOT__ligand19824-0
84,SIHTOT__ligand1142-0
85,SIHTOT__ligand3234-0
86,SIHTOT__ligand18067-0
87,SIHTOT__ligand588-0
88,SIHTOT__ligand20821-0
89,SIHTOT__ligand199-0
90,SIHTOT__ligand26673-0
91,SIHTOT__ligand4641-0
92,SIHTOT__ligand31000-0
93,SIHTOT__ligand11606-0
94,SIHTOT__ligand38-0
95,SIHTOT__ligand3131-0
96,SIHTOT__ligand23445-0
97,SIHTOT__ligand3174-0
98,SIHTOT__ligand3937-0
99,SIHTOT__ligand1202-0
100,SIHTOT__ligand24953-0
101,SIHTOT__ligand8969-0
102,SIHTOT__ligand670-0
103,SIHTOT__ligand6839-0
104,SIHTOT__ligand4720-0
105,SIHTOT__ligand27122-0
106,SIHTOT__ligand20432-0
107,SIHTOT__ligand13755-0
108,SIHTOT__ligand16133-0
109,SIHTOT__ligand534-0
110,SIHTOT__ligand571-0
111,SIHTOT__ligand3094-0
112,SIHTOT__ligand4155-0
113,SIHTOT__ligand25048-0
114,SIHTOT__ligand21940-0
115,SIHTOT__ligand5211-0
116,SIHTOT__ligand2485-0
117,SIHTOT__ligand3852-0
118,SIHTOT__ligand6919-0
119,SIHTOT__ligand20557-0
120,SIHTOT__ligand30004-0
121,SIHTOT__ligand3565-0
122,SIHTOT__ligand5331-0
123,SIHTOT__ligand1512-0
124,SIHTOT__ligand430-0
125,SIHTOT__ligand1844-0
126,SIHTOT__ligand4661-0
127,SIHTOT__ligand358-0
128,SIHTOT__ligand3718-0
129,SIHTOT__ligand18-0
130,SIHTOT__ligand6616-0
131,SIHTOT__ligand1343-0
132,SIHTOT__ligand3876-0
133,SIHTOT__ligand488-0
134,SIHTOT__ligand3035-0
135,SIHTOT__ligand20844-0
136,SIHTOT__ligand18413-0
137,SIHTOT__ligand1573-0
138,SIHTOT__ligand1536-0
139,SIHTOT__ligand24624-0
140,SIHTOT__ligand9935-0
141,SIHTOT__ligand18757-0
142,SIHTOT__ligand24560-0
143,SIHTOT__ligand3504-0
144,SIHTOT__ligand1959-0
145,SIHTOT__ligand694-0
146,SIHTOT__ligand1263-0
147,SIHTOT__ligand9908-0
148,SIHTOT__ligand21752-0
149,SIHTOT__ligand7106-0
150,SIHTOT__ligand30788-0
151,SIHTOT__ligand13691-0
152,SIHTOT__ligand14339-0
153,SIHTOT__ligand7242-0
154,SIHTOT__ligand3954-0
155,SIHTOT__ligand4442-0
156,SIHTOT__ligand4093-0
157,SIHTOT__ligand656-0
158,SIHTOT__ligand1160-0
159,SIHTOT__ligand8699-0
160,SIHTOT__ligand20942-1
161,SIHTOT__ligand16956-0
162,SIHTOT__ligand9520-0
163,SIHTOT__ligand14226-0
164,SIHTOT__ligand21339-0
165,SIHTOT__ligand18158-0
166,SIHTOT__ligand9784-0
167,SIHTOT__ligand27771-0
168,SIHTOT__ligand7629-0
169,SIHTOT__ligand29565-0
170,SIHTOT__ligand4272-0
171,SIHTOT__ligand1451-0
172,SIHTOT__ligand23682-0
173,SIHTOT__ligand18019-1
174,SIHTOT__ligand7280-0
175,SIHTOT__ligand1304-0
176,SIHTOT__ligand1790-0
177,SIHTOT__ligand14007-0
178,SIHTOT__ligand8-0
179,SIHTOT__ligand7238-0
180,SIHTOT__ligand696-0
181,SIHTOT__ligand4016-0
182,SIHTOT__ligand1219-0
183,SIHTOT__ligand6709-0
184,SIHTOT__ligand27550-0
185,SIHTOT__ligand7867-0
186,SIHTOT__ligand11544-0
187,SIHTOT__ligand11501-0
188,SIHTOT__ligand416-0
189,SIHTOT__ligand29214-0
190,SIHTOT__ligand383-0
191,SIHTOT__ligand4546-0
192,SIHTOT__ligand4503-0
193,SIHTOT__ligand22357-0
194,SIHTOT__ligand7000-0
195,SIHTOT__ligand11758-0
196,SIHTOT__ligand1982-0
197,SIHTOT__ligand162-0
198,SIHTOT__ligand6768-0
199,SIHTOT__ligand8115-0
200,SIHTOT__ligand1285-0
201,SIHTOT__ligand21448-0
202,SIHTOT__ligand226-0
203,SIHTOT__ligand11798-0
204,SIHTOT__ligand2232-0
205,SIHTOT__ligand12413-0
206,SIHTOT__ligand29334-0
207,SIHTOT__ligand9291-0
208,SIHTOT__ligand20731-0
209,SIHTOT__ligand2176-0
210,SIHTOT__ligand5256-0
211,SIHTOT__ligand7648-0
212,SIHTOT__ligand17445-0
213,SIHTOT__ligand2828-0
214,SIHTOT__ligand8876-0
215,SIHTOT__ligand9833-0
216,SIHTOT__ligand4157-0
217,SIHTOT__ligand17069-0
218,SIHTOT__ligand14477-0
219,SIHTOT__ligand15926-0
220,SIHTOT__ligand19792-0
221,SIHTOT__ligand5094-0
222,SIHTOT__ligand5892-0
223,SIHTOT__ligand10828-0
224,SIHTOT__ligand28810-0
225,SIHTOT__ligand11447-0
226,SIHTOT__ligand11096-0
227,SIHTOT__ligand24230-0
228,SIHTOT__ligand4131-0
229,SIHTOT__ligand1712-0
230,SIHTOT__ligand15883-0
231,SIHTOT__ligand11970-0
232,SIHTOT__ligand21919-0
233,SIHTOT__ligand28930-0
234,SIHTOT__ligand22168-0
235,SIHTOT__ligand7557-0
236,SIHTOT__ligand22294-0
237,SIHTOT__ligand1496-0
238,SIHTOT__ligand13862-0
239,SIHTOT__ligand11357-0
240,SIHTOT__ligand240-0
241,SIHTOT__ligand15531-0
242,SIHTOT__ligand28743-0
243,SIHTOT__ligand1533-0
244,SIHTOT__ligand141-0
245,SIHTOT__ligand10056-0
246,SIHTOT__ligand12365-0
247,SIHTOT__ligand7573-0
248,SIHTOT__ligand2781-0
249,SIHTOT__ligand31842-0
250,SIHTOT__ligand3350-0
251,SIHTOT__ligand31044-0
252,SIHTOT__ligand11994-0
253,SIHTOT__ligand6672-0
254,SIHTOT__ligand9809-0
255,SIHTOT__ligand24035-0
256,SIHTOT__ligand1327-0
257,SIHTOT__ligand384-0
258,SIHTOT__ligand8722-0
259,SIHTOT__ligand14614-0
260,SIHTOT__ligand3208-0
261,SIHTOT__ligand16663-0
262,SIHTOT__ligand2208-0
263,SIHTOT__ligand1900-0
264,SIHTOT__ligand9197-0
265,SIHTOT__ligand16988-0
266,SIHTOT__ligand25913-0
267,SIHTOT__ligand3029-0
268,SIHTOT__ligand768-0
269,SIHTOT__ligand7162-0
270,SIHTOT__ligand2328-0
271,SIHTOT__ligand11682-0
272,SIHTOT__ligand1773-0
273,SIHTOT__ligand4581-0
274,SIHTOT__ligand30711-0
275,SIHTOT__ligand20207-0
276,SIHTOT__ligand18448-0
277,SIHTOT__ligand12453-0
278,SIHTOT__ligand28459-0
279,SIHTOT__ligand5849-0
280,SIHTOT__ligand1771-0
281,SIHTOT__ligand4911-0
282,SIHTOT__ligand19184-0
283,SIHTOT__ligand3392-0
284,SIHTOT__ligand43-0
285,SIHTOT__ligand757-0
286,SIHTOT__ligand28685-0
287,SIHTOT__ligand18568-0
288,SIHTOT__ligand1709-0
289,SIHTOT__ligand13672-0
290,SIHTOT__ligand8464-0
291,SIHTOT__ligand8349-0
292,SIHTOT__ligand2527-0
293,SIHTOT__ligand10371-0
294,SIHTOT__ligand122-0
295,SIHTOT__ligand1768-0
296,SIHTOT__ligand3871-0
297,SIHTOT__ligand23197-0
298,SIHTOT__ligand1469-0
299,SIHTOT__ligand1688-0
300,SIHTOT__ligand5357-0
301,SIHTOT__ligand3647-0
302,SIHTOT__ligand693-0
303,SIHTOT__ligand5056-0
304,SIHTOT__ligand27285-0
305,SIHTOT__ligand29029-0
306,SIHTOT__ligand4850-0
307,SIHTOT__ligand1165-0
308,SIHTOT__ligand30142-0
309,SIHTOT__ligand27669-0
310,SIHTOT__ligand9525-0
311,SIHTOT__ligand3157-0
312,SIHTOT__ligand14167-0
313,SIHTOT__ligand13477-0
314,SIHTOT__ligand1379-0
315,SIHTOT__ligand2722-0
316,SIHTOT__ligand67-0
317,SIHTOT__ligand5935-0
318,SIHTOT__ligand5483-0
319,SIHTOT__ligand596-0
320,SIHTOT__ligand21729-0
321,SIHTOT__ligand941-0
322,SIHTOT__ligand27239-0
323,SIHTOT__ligand5316-0
324,SIHTOT__ligand28559-0
325,SIHTOT__ligand2830-0
326,SIHTOT__ligand26324-0
327,SIHTOT__ligand14043-0
328,SIHTOT__ligand777-0
329,SIHTOT__ligand5627-0
330,SIHTOT__ligand19927-0
331,SIHTOT__ligand1729-0
332,SIHTOT__ligand7529-0
333,SIHTOT__ligand366-0
334,SIHTOT__ligand11618-0
335,SIHTOT__ligand6946-0
336,SIHTOT__ligand1415-0
337,SIHTOT__ligand9148-0
338,SIHTOT__ligand657-0
339,SIHTOT__ligand26529-0
340,SIHTOT__ligand187-0
341,SIHTOT__ligand16369-0
342,SIHTOT__ligand28540-0
343,SIHTOT__ligand845-0
344,SIHTOT__ligand11111-0
345,SIHTOT__ligand2403-0
346,SIHTOT__ligand27754-0
347,SIHTOT__ligand20695-0
348,SIHTOT__ligand6882-0
349,SIHTOT__ligand6455-0
350,SIHTOT__ligand3934-0
351,SIHTOT__ligand22403-0
352,SIHTOT__ligand4332-0
353,SIHTOT__ligand163-0
354,SIHTOT__ligand21399-0
355,SIHTOT__ligand126-0
356,SIHTOT__ligand10872-0
357,SIHTOT__ligand26631-0
358,SIHTOT__ligand16148-0
359,SIHTOT__ligand9681-0
360,SIHTOT__ligand12003-0
361,SIHTOT__ligand7530-0
362,SIHTOT__ligand1065-0
363,SIHTOT__ligand29215-0
364,SIHTOT__ligand1449-0
365,SIHTOT__ligand3012-0
366,SIHTOT__ligand12001-0
367,SIHTOT__ligand10033-0
368,SIHTOT__ligand2599-0
369,SIHTOT__ligand24644-0
370,SIHTOT__ligand4330-0
371,SIHTOT__ligand24872-0
372,SIHTOT__ligand4194-0
373,SIHTOT__ligand78-0
374,SIHTOT__ligand27840-0
375,SIHTOT__ligand7532-0
376,SIHTOT__ligand338-0
377,SIHTOT__ligand30728-0
378,SIHTOT__ligand17396-0
379,SIHTOT__ligand23175-0
380,SIHTOT__ligand15788-0
381,SIHTOT__ligand2068-0
382,SIHTOT__ligand11587-0
383,SIHTOT__ligand13220-0
384,SIHTOT__ligand7925-0
385,SIHTOT__ligand45-0
386,SIHTOT__ligand24111-0
387,SIHTOT__ligand3973-0
388,SIHTOT__ligand22444-0
389,SIHTOT__ligand14569-0
390,SIHTOT__ligand1147-0
391,SIHTOT__ligand13385-0
392,SIHTOT__ligand24-0
393,SIHTOT__ligand7107-0
394,SIHTOT__ligand17427-0
395,SIHTOT__ligand321-0
396,SIHTOT__ligand185-0
397,SIHTOT__ligand29486-0
398,SIHTOT__ligand279-0
399,SIHTOT__ligand3215-0
400,SIHTOT__ligand31694-0
401,SIHTOT__ligand178-0
402,SIHTOT__ligand6062-0
403,SIHTOT__ligand5813-0
404,SIHTOT__ligand25561-0
405,SIHTOT__ligand4813-0
406,SIHTOT__ligand4738-0
407,SIHTOT__ligand201-0
408,SIHTOT__ligand22129-0
409,SIHTOT__ligand12138-0
410,SIHTOT__ligand24780-0
411,SIHTOT__ligand19-0
412,SIHTOT__ligand6283-0
413,SIHTOT__ligand11949-0
414,SIHTOT__ligand1216-0
415,SIHTOT__ligand1152-0
416,SIHTOT__ligand3261-0
417,SIHTOT__ligand13390-0
418,SIHTOT__ligand5019-0
419,SIHTOT__ligand784-0
420,SIHTOT__ligand1849-0
421,SIHTOT__ligand20682-0
422,SIHTOT__ligand13208-0
423,SIHTOT__ligand6663-0
424,SIHTOT__ligand5515-0
425,SIHTOT__ligand395-0
426,SIHTOT__ligand26810-0
427,SIHTOT__ligand368-0
428,SIHTOT__ligand1831-0
429,SIHTOT__ligand27482-0
430,SIHTOT__ligand5280-0
431,SIHTOT__ligand5614-0
432,SIHTOT__ligand13294-0
433,SIHTOT__ligand31832-0
434,SIHTOT__ligand5630-0
435,SIHTOT__ligand49-0
436,SIHTOT__ligand1786-0
437,SIHTOT__ligand3285-0
438,SIHTOT__ligand4795-0
439,SIHTOT__ligand28884-0
440,SIHTOT__ligand115-0
441,SIHTOT__ligand13331-0
442,SIHTOT__ligand29879-0
443,SIHTOT__ligand14248-0
444,SIHTOT__ligand12030-0
445,SIHTOT__ligand1908-0
446,SIHTOT__ligand11456-0
447,SIHTOT__ligand5755-0
448,SIHTOT__ligand4710-0
449,SIHTOT__ligand14174-0
450,SIHTOT__ligand10712-0
451,SIHTOT__ligand5085-0
452,SIHTOT__ligand3144-0
453,SIHTOT__ligand6112-0
454,SIHTOT__ligand833-0
455,SIHTOT__ligand8042-0
456,SIHTOT__ligand7213-0
457,SIHTOT__ligand25411-0
458,SIHTOT__ligand1397-0
459,SIHTOT__ligand1828-0
460,SIHTOT__ligand89-0
461,SIHTOT__ligand20251-1
462,SIHTOT__ligand506-0
463,SIHTOT__ligand1288-0
464,SIHTOT__ligand4167-0
465,SIHTOT__ligand16475-0
466,SIHTOT__ligand14703-0
467,SIHTOT__ligand9491-0
468,SIHTOT__ligand1400-0
469,SIHTOT__ligand4266-0
470,SIHTOT__ligand24047-0
471,SIHTOT__ligand10589-0
472,SIHTOT__ligand22557-0
473,SIHTOT__ligand20598-0
474,SIHTOT__ligand9750-0
475,SIHTOT__ligand11675-0
476,SIHTOT__ligand6993-0
477,SIHTOT__ligand1817-0
478,SIHTOT__ligand17398-0
479,SIHTOT__ligand1779-0
480,SIHTOT__ligand1149-0
481,SIHTOT__ligand3980-0
482,SIHTOT__ligand3557-0
483,SIHTOT__ligand17982-0
484,SIHTOT__ligand152-0
485,SIHTOT__ligand29414-0
486,SIHTOT__ligand7075-0
487,SIHTOT__ligand20011-0
488,SIHTOT__ligand17278-0
489,SIHTOT__ligand447-0
490,SIHTOT__ligand14889-0
491,SIHTOT__ligand30851-0
492,SIHTOT__ligand746-0
493,SIHTOT__ligand3042-0
494,SIHTOT__ligand29568-0
495,SIHTOT__ligand28789-0
496,SIHTOT__ligand176-0
497,SIHTOT__ligand21371-0
498,SIHTOT__ligand4063-0
499,SIHTOT__ligand17118-0
500,SIHTOT__ligand8200-0
501,SIHTOT__ligand7438-0
502,SIHTOT__ligand20419-0
503,SIHTOT__ligand1150-0
504,SIHTOT__ligand1539-0
505,SIHTOT__ligand14117-0
506,SIHTOT__ligand17261-0
507,SIHTOT__ligand17-0
508,SIHTOT__ligand21581-0
509,SIHTOT__ligand31097-0
510,SIHTOT__ligand4207-0
511,SIHTOT__ligand487-0
512,SIHTOT__ligand20251-0
513,SIHTOT__ligand30702-0
514,SIHTOT__ligand20214-0
515,SIHTOT__ligand3453-0
516,SIHTOT__ligand3416-0
517,SIHTOT__ligand20539-0
518,SIHTOT__ligand26665-0
519,SIHTOT__ligand8529-0
520,SIHTOT__ligand17631-0
521,SIHTOT__ligand13012-0
522,SIHTOT__ligand1169-0
523,SIHTOT__ligand17258-0
524,SIHTOT__ligand14297-0
525,SIHTOT__ligand14603-0
526,SIHTOT__ligand393-0
527,SIHTOT__ligand31783-0
528,SIHTOT__ligand4596-0
529,SIHTOT__ligand19641-0
530,SIHTOT__ligand1-0
531,SIHTOT__ligand353-0
532,SIHTOT__ligand1498-0
533,SIHTOT__ligand15422-0
534,SIHTOT__ligand12934-0
535,SIHTOT__ligand20578-0
536,SIHTOT__ligand27893-0
537,SIHTOT__ligand14723-0
538,SIHTOT__ligand9615-0
539,SIHTOT__ligand30988-0
540,SIHTOT__ligand18832-0
541,SIHTOT__ligand27175-0
542,SIHTOT__ligand1154-0
543,SIHTOT__ligand23713-0
544,SIHTOT__ligand27460-0
545,SIHTOT__ligand4262-0
546,SIHTOT__ligand1028-0
547,SIHTOT__ligand2692-0
548,SIHTOT__ligand16628-0
549,SIHTOT__ligand1618-0
550,SIHTOT__ligand196-0
551,SIHTOT__ligand28468-0
552,SIHTOT__ligand20740-0
553,SIHTOT__ligand12427-0
554,SIHTOT__ligand12337-0
555,SIHTOT__ligand29410-0
556,SIHTOT__ligand26540-0
557,SIHTOT__ligand17281-0
558,SIHTOT__ligand686-0
559,SIHTOT__ligand30296-0
560,SIHTOT__ligand1015-0
561,SIHTOT__ligand1050-0
562,SIHTOT__ligand12606-0
563,SIHTOT__ligand422-0
564,SIHTOT__ligand30333-0
565,SIHTOT__ligand2027-0
566,SIHTOT__ligand3180-0
567,SIHTOT__ligand14108-0
568,SIHTOT__ligand4340-0
569,SIHTOT__ligand2281-0
570,SIHTOT__ligand2650-0
571,SIHTOT__ligand2823-0
572,SIHTOT__ligand10958-0
573,SIHTOT__ligand12641-0
574,SIHTOT__ligand465-0
575,SIHTOT__ligand6995-0
576,SIHTOT__ligand27763-0
577,SIHTOT__ligand4161-0
578,SIHTOT__ligand3471-0
579,SIHTOT__ligand4124-0
580,SIHTOT__ligand10262-0
581,SIHTOT__ligand28676-0
582,SIHTOT__ligand29302-0
583,SIHTOT__ligand13425-0
584,SIHTOT__ligand5415-0
585,SIHTOT__ligand314-1
586,SIHTOT__ligand18814-0
587,SIHTOT__ligand19057-0
588,SIHTOT__ligand813-0
589,SIHTOT__ligand12231-0
590,SIHTOT__ligand11-0
591,SIHTOT__ligand5201-0
592,SIHTOT__ligand780-0
593,SIHTOT__ligand3-0
594,SIHTOT__ligand314-0
595,SIHTOT__ligand17387-0
596,SIHTOT__ligand12130-0
597,SIHTOT__ligand12289-0
598,SIHTOT__ligand18292-0
599,SIHTOT__ligand13658-0
600,SIHTOT__ligand26702-0
601,SIHTOT__ligand19830-0
602,SIHTOT__ligand1113-0
603,SIHTOT__ligand13068-0
604,SIHTOT__ligand8553-0
605,SIHTOT__ligand10476-0
606,SIHTOT__ligand24145-0
607,SIHTOT__ligand15585-0
608,SIHTOT__ligand12401-0
609,SIHTOT__ligand8593-0
610,SIHTOT__ligand25178-0
611,SIHTOT__ligand9944-0
612,SIHTOT__ligand618-0
613,SIHTOT__ligand23769-0
614,SIHTOT__ligand24185-0
615,SIHTOT__ligand7566-0
616,SIHTOT__ligand17805-0
617,SIHTOT__ligand2001-0
618,SIHTOT__ligand17302-0
619,SIHTOT__ligand69-0
620,SIHTOT__ligand391-0
621,SIHTOT__ligand27169-0
622,SIHTOT__ligand14523-0
623,SIHTOT__ligand252-0
624,SIHTOT__ligand1599-0
625,SIHTOT__ligand18391-0
626,SIHTOT__ligand116-0
627,SIHTOT__ligand2612-0
628,SIHTOT__ligand25805-0
629,SIHTOT__ligand22981-0
630,SIHTOT__ligand20599-0
631,SIHTOT__ligand27074-0
632,SIHTOT__ligand9450-0
633,SIHTOT__ligand372-0
634,SIHTOT__ligand23904-0
635,SIHTOT__ligand13257-0
636,SIHTOT__ligand830-0
637,SIHTOT__ligand32-0
638,SIHTOT__ligand21936-0
639,SIHTOT__ligand12467-0
640,SIHTOT__ligand5387-0
641,SIHTOT__ligand2203-0
642,SIHTOT__ligand25267-0
643,SIHTOT__ligand193-0
644,SIHTOT__ligand1289-0
645,SIHTOT__ligand10084-0
646,SIHTOT__ligand16-0
647,SIHTOT__ligand11140-0
648,SIHTOT__ligand2417-0
649,SIHTOT__ligand4-0
650,SIHTOT__ligand29610-0
651,SIHTOT__ligand29863-0
652,SIHTOT__ligand18074-0
653,SIHTOT__ligand1114-0
654,SIHTOT__ligand13869-0
655,SIHTOT__ligand9284-0
656,SIHTOT__ligand3126-0
657,SIHTOT__ligand6391-0
658,SIHTOT__ligand909-0
659,SIHTOT__ligand18465-0
660,SIHTOT__ligand18799-0
661,SIHTOT__ligand177-0
662,SIHTOT__ligand9943-0
663,SIHTOT__ligand1228-0
664,SIHTOT__ligand1604-0
665,SIHTOT__ligand1832-0
666,SIHTOT__ligand8788-0
667,SIHTOT__ligand28668-0
668,SIHTOT__ligand16791-0
669,SIHTOT__ligand2043-0
670,SIHTOT__ligand5708-0
671,SIHTOT__ligand188-0
672,SIHTOT__ligand7316-0
673,SIHTOT__ligand31248-0
674,SIHTOT__ligand6017-0
675,SIHTOT__ligand25650-0
676,SIHTOT__ligand13209-0
677,SIHTOT__ligand19257-0
678,SIHTOT__ligand5180-0
679,SIHTOT__ligand91-0
680,SIHTOT__ligand12660-0
681,SIHTOT__ligand11206-0
682,SIHTOT__ligand9323-0
683,SIHTOT__ligand311-0
684,SIHTOT__ligand785-0
685,SIHTOT__ligand7273-0
686,SIHTOT__ligand479-0
687,SIHTOT__ligand23124-0
688,SIHTOT__ligand12519-0
689,SIHTOT__ligand7172-0
690,SIHTOT__ligand51-0
691,SIHTOT__ligand25735-0
692,SIHTOT__ligand2124-0
693,SIHTOT__ligand370-1
694,SIHTOT__ligand620-0
695,SIHTOT__ligand8612-0
696,SIHTOT__ligand2260-0
697,SIHTOT__ligand7092-0
698,SIHTOT__ligand1116-0
699,SIHTOT__ligand3225-0
700,SIHTOT__ligand1153-0
701,SIHTOT__ligand564-0
702,SIHTOT__ligand21132-0
703,SIHTOT__ligand11166-0
704,SIHTOT__ligand23906-0
705,SIHTOT__ligand4649-0
706,SIHTOT__ligand370-0
707,SIHTOT__ligand2788-0
708,SIHTOT__ligand5649-0
709,SIHTOT__ligand8793-0
710,SIHTOT__ligand3244-0
711,SIHTOT__ligand4711-0
712,SIHTOT__ligand30539-0
713,SIHTOT__ligand2906-0
714,SIHTOT__ligand3178-0
715,SIHTOT__ligand21787-0
716,SIHTOT__ligand4807-0
717,SIHTOT__ligand25575-0
718,SIHTOT__ligand25689-0
719,SIHTOT__ligand250-0
720,SIHTOT__ligand12295-0
721,SIHTOT__ligand5159-0
722,SIHTOT__ligand7196-0
723,SIHTOT__ligand27835-0
724,SIHTOT__ligand48-0
725,SIHTOT__ligand9753-0
726,SIHTOT__ligand1356-0
727,SIHTOT__ligand1787-0
728,SIHTOT__ligand5530-0
729,SIHTOT__ligand294-0
730,SIHTOT__ligand31578-0
731,SIHTOT__ligand17207-0
732,SIHTOT__ligand5080-0
733,SIHTOT__ligand7762-0
734,SIHTOT__ligand17945-0
735,SIHTOT__ligand25224-0
736,SIHTOT__ligand18013-0
737,SIHTOT__ligand34-0
738,SIHTOT__ligand24750-0
739,SIHTOT__ligand1407-0
740,SIHTOT__ligand6117-0
741,SIHTOT__ligand8002-0
742,SIHTOT__ligand5509-0
743,SIHTOT__ligand3867-0
744,SIHTOT__ligand1317-0
745,SIHTOT__ligand7293-0
746,SIHTOT__ligand2822-0
747,SIHTOT__ligand28924-0
748,SIHTOT__ligand421-0
749,SIHTOT__ligand15438-0
750,SIHTOT__ligand18703-0
751,SIHTOT__ligand2238-0
752,SIHTOT__ligand685-0
753,SIHTOT__ligand5304-0
754,SIHTOT__ligand9167-0
755,SIHTOT__ligand29087-0
756,SIHTOT__ligand23589-0
757,SIHTOT__ligand24064-0
758,SIHTOT__ligand1376-0
759,SIHTOT__ligand5510-0
760,SIHTOT__ligand68-0
761,SIHTOT__ligand9773-0
762,SIHTOT__ligand8592-0
763,SIHTOT__ligand5099-0
764,SIHTOT__ligand134-0
765,SIHTOT__ligand1197-0
766,SIHTOT__ligand15168-0
767,SIHTOT__ligand2259-0
768,SIHTOT__ligand235-0
769,SIHTOT__ligand1296-0
770,SIHTOT__ligand2221-0
771,SIHTOT__ligand22755-0
772,SIHTOT__ligand31618-0
773,SIHTOT__ligand560-0
774,SIHTOT__ligand11432-0
775,SIHTOT__ligand10432-0
776,SIHTOT__ligand26277-0
777,SIHTOT__ligand3926-0
778,SIHTOT__ligand29898-0
779,SIHTOT__ligand3120-0
780,SIHTOT__ligand4358-0
781,SIHTOT__ligand55-0
782,SIHTOT__ligand5595-0
783,SIHTOT__ligand4101-0
784,SIHTOT__ligand11774-0
785,SIHTOT__ligand14586-0
786,SIHTOT__ligand1211-0
787,SIHTOT__ligand6892-0
788,SIHTOT__ligand21421-0
789,SIHTOT__ligand2881-0
790,SIHTOT__ligand11568-0
791,SIHTOT__ligand783-0
792,SIHTOT__ligand1499-0
793,SIHTOT__ligand352-0
794,SIHTOT__ligand20579-0
795,SIHTOT__ligand17710-0
796,SIHTOT__ligand57-0
797,SIHTOT__ligand1464-0
798,SIHTOT__ligand3712-0
799,SIHTOT__ligand868-0
800,SIHTOT__ligand10555-0
801,SIHTOT__ligand6699-0
802,SIHTOT__ligand31483-0
803,SIHTOT__ligand19725-0
804,SIHTOT__ligand1294-0
805,SIHTOT__ligand1168-0
806,SIHTOT__ligand3677-0
807,SIHTOT__ligand24613-0
808,SIHTOT__ligand3632-0
809,SIHTOT__ligand9883-0
810,SIHTOT__ligand3677-1
811,SIHTOT__ligand7291-0
812,SIHTOT__ligand12336-0
813,SIHTOT__ligand9299-0
814,SIHTOT__ligand13072-0
815,SIHTOT__ligand4007-0
816,SIHTOT__ligand2985-0
817,SIHTOT__ligand5383-0
818,SIHTOT__ligand2693-0
819,SIHTOT__ligand197-0
820,SIHTOT__ligand17590-0
821,SIHTOT__ligand3945-0
822,SIHTOT__ligand17240-0
823,SIHTOT__ligand12682-0
824,SIHTOT__ligand8000-0
825,SIHTOT__ligand18699-0
826,SIHTOT__ligand3736-0
827,SIHTOT__ligand9344-0
