,TMC
0,ILAWAV__ligand6017-0
1,ILAWAV__ligand18832-0
2,ILAWAV__ligand27175-0
3,ILAWAV__ligand23713-0
4,ILAWAV__ligand7316-0
5,ILAWAV__ligand30988-0
6,ILAWAV__ligand5708-0
7,ILAWAV__ligand27893-0
8,ILAWAV__ligand14723-0
9,ILAWAV__ligand19641-0
10,ILAWAV__ligand15422-0
11,ILAWAV__ligand5180-0
12,ILAWAV__ligand20578-0
13,ILAWAV__ligand12934-0
14,ILAWAV__ligand7172-0
15,ILAWAV__ligand7273-0
16,ILAWAV__ligand9323-0
17,ILAWAV__ligand31783-0
18,ILAWAV__ligand17258-0
19,ILAWAV__ligand2260-0
20,ILAWAV__ligand7092-0
21,ILAWAV__ligand14297-0
22,ILAWAV__ligand18-0
23,ILAWAV__ligand1116-0
24,ILAWAV__ligand3225-0
25,ILAWAV__ligand1153-0
26,ILAWAV__ligand14603-0
27,ILAWAV__ligand26665-0
28,ILAWAV__ligand8612-0
29,ILAWAV__ligand17631-0
30,ILAWAV__ligand2124-0
31,ILAWAV__ligand197-0
32,ILAWAV__ligand13012-0
33,ILAWAV__ligand4649-0
34,ILAWAV__ligand5649-0
35,ILAWAV__ligand2788-0
36,ILAWAV__ligand8793-0
37,ILAWAV__ligand30333-0
38,ILAWAV__ligand12606-0
39,ILAWAV__ligand783-0
40,ILAWAV__ligand352-0
41,ILAWAV__ligand2906-0
42,ILAWAV__ligand17281-0
43,ILAWAV__ligand30296-0
44,ILAWAV__ligand12337-0
45,ILAWAV__ligand3244-0
46,ILAWAV__ligand29410-0
47,ILAWAV__ligand4711-0
48,ILAWAV__ligand26540-0
49,ILAWAV__ligand28468-0
50,ILAWAV__ligand20740-0
51,ILAWAV__ligand4807-0
52,ILAWAV__ligand12427-0
53,ILAWAV__ligand3178-0
54,ILAWAV__ligand16628-0
55,ILAWAV__ligand1787-0
56,ILAWAV__ligand1356-0
57,ILAWAV__ligand5530-0
58,ILAWAV__ligand9753-0
59,ILAWAV__ligand7196-0
60,ILAWAV__ligand5159-0
61,ILAWAV__ligand27460-0
62,ILAWAV__ligand868-0
63,ILAWAV__ligand235-0
64,ILAWAV__ligand2612-0
65,ILAWAV__ligand18814-0
66,ILAWAV__ligand19057-0
67,ILAWAV__ligand29302-0
68,ILAWAV__ligand134-0
69,ILAWAV__ligand13425-0
70,ILAWAV__ligand1599-0
71,ILAWAV__ligand9450-0
72,ILAWAV__ligand27763-0
73,ILAWAV__ligand10262-0
74,ILAWAV__ligand28676-0
75,ILAWAV__ligand12641-0
76,ILAWAV__ligand10958-0
77,ILAWAV__ligand1289-0
78,ILAWAV__ligand14108-0
79,ILAWAV__ligand5387-0
80,ILAWAV__ligand2203-0
81,ILAWAV__ligand560-0
82,ILAWAV__ligand2417-0
83,ILAWAV__ligand17302-0
84,ILAWAV__ligand17805-0
85,ILAWAV__ligand6391-0
86,ILAWAV__ligand23769-0
87,ILAWAV__ligand3126-0
88,ILAWAV__ligand9284-0
89,ILAWAV__ligand24185-0
90,ILAWAV__ligand25178-0
91,ILAWAV__ligand1114-0
92,ILAWAV__ligand294-0
93,ILAWAV__ligand24145-0
94,ILAWAV__ligand1604-0
95,ILAWAV__ligand15585-0
96,ILAWAV__ligand12401-0
97,ILAWAV__ligand19830-0
98,ILAWAV__ligand1228-0
99,ILAWAV__ligand13068-0
100,ILAWAV__ligand9943-0
101,ILAWAV__ligand685-0
102,ILAWAV__ligand10476-0
103,ILAWAV__ligand421-0
104,ILAWAV__ligand17387-0
105,ILAWAV__ligand12130-0
106,ILAWAV__ligand2043-0
107,ILAWAV__ligand8-0
108,ILAWAV__ligand12289-0
109,ILAWAV__ligand18292-0
110,ILAWAV__ligand13658-0
111,ILAWAV__ligand26702-0
112,ILAWAV__ligand1832-0
113,ILAWAV__ligand12231-0
114,ILAWAV__ligand8788-0
115,ILAWAV__ligand6892-0
116,ILAWAV__ligand1211-0
117,ILAWAV__ligand26810-0
118,ILAWAV__ligand27482-0
119,ILAWAV__ligand1464-0
120,ILAWAV__ligand3712-0
121,ILAWAV__ligand370-0
122,ILAWAV__ligand1499-0
123,ILAWAV__ligand13208-0
124,ILAWAV__ligand2881-0
125,ILAWAV__ligand6699-0
126,ILAWAV__ligand20682-0
127,ILAWAV__ligand250-0
128,ILAWAV__ligand3677-0
129,ILAWAV__ligand13390-0
130,ILAWAV__ligand3632-0
131,ILAWAV__ligand1168-0
132,ILAWAV__ligand66-0
133,ILAWAV__ligand1294-0
134,ILAWAV__ligand25411-0
135,ILAWAV__ligand7291-0
136,ILAWAV__ligand3677-1
137,ILAWAV__ligand9883-0
138,ILAWAV__ligand14174-0
139,ILAWAV__ligand4007-0
140,ILAWAV__ligand10712-0
141,ILAWAV__ligand2985-0
142,ILAWAV__ligand42-0
143,ILAWAV__ligand11456-0
144,ILAWAV__ligand9299-0
145,ILAWAV__ligand188-0
146,ILAWAV__ligand29879-0
147,ILAWAV__ligand14248-0
148,ILAWAV__ligand12030-0
149,ILAWAV__ligand564-0
150,ILAWAV__ligand3945-0
151,ILAWAV__ligand370-1
152,ILAWAV__ligand5383-0
153,ILAWAV__ligand2693-0
154,ILAWAV__ligand28884-0
155,ILAWAV__ligand620-0
156,ILAWAV__ligand13331-0
157,ILAWAV__ligand9344-0
158,ILAWAV__ligand3736-0
159,ILAWAV__ligand311-0
160,ILAWAV__ligand785-0
161,ILAWAV__ligand13294-0
162,ILAWAV__ligand479-0
163,ILAWAV__ligand31832-0
164,ILAWAV__ligand8000-0
165,ILAWAV__ligand17982-0
166,ILAWAV__ligand38-0
167,ILAWAV__ligand29414-0
168,ILAWAV__ligand909-0
169,ILAWAV__ligand20011-0
170,ILAWAV__ligand17278-0
171,ILAWAV__ligand5080-0
172,ILAWAV__ligand7762-0
173,ILAWAV__ligand8002-0
174,ILAWAV__ligand17398-0
175,ILAWAV__ligand5509-0
176,ILAWAV__ligand1407-0
177,ILAWAV__ligand6117-0
178,ILAWAV__ligand24047-0
179,ILAWAV__ligand10589-0
180,ILAWAV__ligand22557-0
181,ILAWAV__ligand20598-0
182,ILAWAV__ligand11675-0
183,ILAWAV__ligand14703-0
184,ILAWAV__ligand16475-0
185,ILAWAV__ligand3867-0
186,ILAWAV__ligand1317-0
187,ILAWAV__ligand7293-0
188,ILAWAV__ligand2822-0
189,ILAWAV__ligand9167-0
190,ILAWAV__ligand5304-0
191,ILAWAV__ligand2238-0
192,ILAWAV__ligand177-0
193,ILAWAV__ligand20251-1
194,ILAWAV__ligand20251-0
195,ILAWAV__ligand30702-0
196,ILAWAV__ligand20214-0
197,ILAWAV__ligand9773-0
198,ILAWAV__ligand1376-0
199,ILAWAV__ligand5510-0
200,ILAWAV__ligand20539-0
201,ILAWAV__ligand21581-0
202,ILAWAV__ligand31097-0
203,ILAWAV__ligand116-0
204,ILAWAV__ligand14117-0
205,ILAWAV__ligand1296-0
206,ILAWAV__ligand17261-0
207,ILAWAV__ligand2259-0
208,ILAWAV__ligand252-0
209,ILAWAV__ligand1197-0
210,ILAWAV__ligand8592-0
211,ILAWAV__ligand5099-0
212,ILAWAV__ligand4358-0
213,ILAWAV__ligand21371-0
214,ILAWAV__ligand17118-0
215,ILAWAV__ligand20419-0
216,ILAWAV__ligand193-0
217,ILAWAV__ligand3926-0
218,ILAWAV__ligand3120-0
219,ILAWAV__ligand28789-0
220,ILAWAV__ligand2221-0
221,ILAWAV__ligand5595-0
222,ILAWAV__ligand4101-0
223,ILAWAV__ligand830-0
224,ILAWAV__ligand29568-0
225,ILAWAV__ligand372-0
226,ILAWAV__ligand14889-0
227,ILAWAV__ligand30851-0
228,ILAWAV__ligand1288-0
229,ILAWAV__ligand29087-0
230,ILAWAV__ligand18703-0
231,ILAWAV__ligand28924-0
232,ILAWAV__ligand780-0
233,ILAWAV__ligand4266-0
234,ILAWAV__ligand1400-0
235,ILAWAV__ligand314-0
236,ILAWAV__ligand9491-0
237,ILAWAV__ligand15438-0
238,ILAWAV__ligand4167-0
239,ILAWAV__ligand813-0
240,ILAWAV__ligand24750-0
241,ILAWAV__ligand1779-0
242,ILAWAV__ligand6993-0
243,ILAWAV__ligand391-0
244,ILAWAV__ligand1817-0
245,ILAWAV__ligand9750-0
246,ILAWAV__ligand7075-0
247,ILAWAV__ligand17945-0
248,ILAWAV__ligand25224-0
249,ILAWAV__ligand18013-0
250,ILAWAV__ligand3980-0
251,ILAWAV__ligand3557-0
252,ILAWAV__ligand31578-0
253,ILAWAV__ligand17207-0
254,ILAWAV__ligand618-0
255,ILAWAV__ligand1149-0
256,ILAWAV__ligand3042-0
257,ILAWAV__ligand465-0
258,ILAWAV__ligand7438-0
259,ILAWAV__ligand8200-0
260,ILAWAV__ligand26277-0
261,ILAWAV__ligand29898-0
262,ILAWAV__ligand4063-0
263,ILAWAV__ligand22755-0
264,ILAWAV__ligand31618-0
265,ILAWAV__ligand11432-0
266,ILAWAV__ligand10432-0
267,ILAWAV__ligand1539-0
268,ILAWAV__ligand1150-0
269,ILAWAV__ligand314-1
270,ILAWAV__ligand15168-0
271,ILAWAV__ligand24064-0
272,ILAWAV__ligand3453-0
273,ILAWAV__ligand3416-0
274,ILAWAV__ligand23589-0
275,ILAWAV__ligand4207-0
276,ILAWAV__ligand24613-0
277,ILAWAV__ligand5019-0
278,ILAWAV__ligand1152-0
279,ILAWAV__ligand19-0
280,ILAWAV__ligand3261-0
281,ILAWAV__ligand19725-0
282,ILAWAV__ligand196-0
283,ILAWAV__ligand1216-0
284,ILAWAV__ligand10555-0
285,ILAWAV__ligand31483-0
286,ILAWAV__ligand1849-0
287,ILAWAV__ligand1831-0
288,ILAWAV__ligand5280-0
289,ILAWAV__ligand5614-0
290,ILAWAV__ligand11568-0
291,ILAWAV__ligand422-0
292,ILAWAV__ligand6663-0
293,ILAWAV__ligand20579-0
294,ILAWAV__ligand17710-0
295,ILAWAV__ligand5515-0
296,ILAWAV__ligand686-0
297,ILAWAV__ligand21421-0
298,ILAWAV__ligand11774-0
299,ILAWAV__ligand14586-0
300,ILAWAV__ligand24-0
301,ILAWAV__ligand1786-0
302,ILAWAV__ligand393-0
303,ILAWAV__ligand12682-0
304,ILAWAV__ligand18699-0
305,ILAWAV__ligand5630-0
306,ILAWAV__ligand1908-0
307,ILAWAV__ligand45-0
308,ILAWAV__ligand17240-0
309,ILAWAV__ligand3285-0
310,ILAWAV__ligand4795-0
311,ILAWAV__ligand17590-0
312,ILAWAV__ligand5085-0
313,ILAWAV__ligand13072-0
314,ILAWAV__ligand3144-0
315,ILAWAV__ligand12336-0
316,ILAWAV__ligand5755-0
317,ILAWAV__ligand78-0
318,ILAWAV__ligand4710-0
319,ILAWAV__ligand1828-0
320,ILAWAV__ligand7213-0
321,ILAWAV__ligand1397-0
322,ILAWAV__ligand8042-0
323,ILAWAV__ligand353-0
324,ILAWAV__ligand6112-0
325,ILAWAV__ligand25267-0
326,ILAWAV__ligand4340-0
327,ILAWAV__ligand10084-0
328,ILAWAV__ligand2650-0
329,ILAWAV__ligand2281-0
330,ILAWAV__ligand176-0
331,ILAWAV__ligand3180-0
332,ILAWAV__ligand12467-0
333,ILAWAV__ligand746-0
334,ILAWAV__ligand13257-0
335,ILAWAV__ligand6995-0
336,ILAWAV__ligand21936-0
337,ILAWAV__ligand447-0
338,ILAWAV__ligand2823-0
339,ILAWAV__ligand23904-0
340,ILAWAV__ligand27074-0
341,ILAWAV__ligand25805-0
342,ILAWAV__ligand22981-0
343,ILAWAV__ligand20599-0
344,ILAWAV__ligand4161-0
345,ILAWAV__ligand3471-0
346,ILAWAV__ligand487-0
347,ILAWAV__ligand4124-0
348,ILAWAV__ligand5415-0
349,ILAWAV__ligand27169-0
350,ILAWAV__ligand14523-0
351,ILAWAV__ligand18391-0
352,ILAWAV__ligand16791-0
353,ILAWAV__ligand5201-0
354,ILAWAV__ligand28668-0
355,ILAWAV__ligand506-0
356,ILAWAV__ligand18465-0
357,ILAWAV__ligand8553-0
358,ILAWAV__ligand18799-0
359,ILAWAV__ligand1113-0
360,ILAWAV__ligand152-0
361,ILAWAV__ligand29863-0
362,ILAWAV__ligand8593-0
363,ILAWAV__ligand18074-0
364,ILAWAV__ligand9944-0
365,ILAWAV__ligand13869-0
366,ILAWAV__ligand29610-0
367,ILAWAV__ligand2001-0
368,ILAWAV__ligand11140-0
369,ILAWAV__ligand7566-0
370,ILAWAV__ligand1169-0
371,ILAWAV__ligand67-0
372,ILAWAV__ligand115-0
373,ILAWAV__ligand8529-0
374,ILAWAV__ligand12519-0
375,ILAWAV__ligand25735-0
376,ILAWAV__ligand11206-0
377,ILAWAV__ligand23124-0
378,ILAWAV__ligand12660-0
379,ILAWAV__ligand1498-0
380,ILAWAV__ligand13209-0
381,ILAWAV__ligand19257-0
382,ILAWAV__ligand833-0
383,ILAWAV__ligand4596-0
384,ILAWAV__ligand1154-0
385,ILAWAV__ligand31248-0
386,ILAWAV__ligand25650-0
387,ILAWAV__ligand9615-0
388,ILAWAV__ligand1028-0
389,ILAWAV__ligand12295-0
390,ILAWAV__ligand784-0
391,ILAWAV__ligand4262-0
392,ILAWAV__ligand27835-0
393,ILAWAV__ligand21787-0
394,ILAWAV__ligand25575-0
395,ILAWAV__ligand25689-0
396,ILAWAV__ligand1618-0
397,ILAWAV__ligand2692-0
398,ILAWAV__ligand30539-0
399,ILAWAV__ligand43-0
400,ILAWAV__ligand23906-0
401,ILAWAV__ligand368-0
402,ILAWAV__ligand2027-0
403,ILAWAV__ligand21132-0
404,ILAWAV__ligand1015-0
405,ILAWAV__ligand395-0
406,ILAWAV__ligand1050-0
407,ILAWAV__ligand11166-0
408,ILAWAV__ligand5849-0
409,ILAWAV__ligand178-0
410,ILAWAV__ligand185-0
411,ILAWAV__ligand279-0
412,ILAWAV__ligand20557-0
413,ILAWAV__ligand30004-0
414,ILAWAV__ligand321-0
415,ILAWAV__ligand3392-0
416,ILAWAV__ligand1771-0
417,ILAWAV__ligand4911-0
418,ILAWAV__ligand8349-0
419,ILAWAV__ligand25048-0
420,ILAWAV__ligand1709-0
421,ILAWAV__ligand21940-0
422,ILAWAV__ligand8464-0
423,ILAWAV__ligand20432-0
424,ILAWAV__ligand27122-0
425,ILAWAV__ligand13755-0
426,ILAWAV__ligand16133-0
427,ILAWAV__ligand201-0
428,ILAWAV__ligand23445-0
429,ILAWAV__ligand24953-0
430,ILAWAV__ligand2527-0
431,ILAWAV__ligand338-0
432,ILAWAV__ligand1469-0
433,ILAWAV__ligand14339-0
434,ILAWAV__ligand3871-0
435,ILAWAV__ligand1768-0
436,ILAWAV__ligand30788-0
437,ILAWAV__ligand13691-0
438,ILAWAV__ligand5056-0
439,ILAWAV__ligand4850-0
440,ILAWAV__ligand21752-0
441,ILAWAV__ligand5357-0
442,ILAWAV__ligand3647-0
443,ILAWAV__ligand1688-0
444,ILAWAV__ligand18757-0
445,ILAWAV__ligand24560-0
446,ILAWAV__ligand3157-0
447,ILAWAV__ligand20844-0
448,ILAWAV__ligand18413-0
449,ILAWAV__ligand9525-0
450,ILAWAV__ligand24624-0
451,ILAWAV__ligand1165-0
452,ILAWAV__ligand5935-0
453,ILAWAV__ligand2722-0
454,ILAWAV__ligand1-0
455,ILAWAV__ligand1379-0
456,ILAWAV__ligand69-0
457,ILAWAV__ligand27550-0
458,ILAWAV__ligand5094-0
459,ILAWAV__ligand5892-0
460,ILAWAV__ligand3-0
461,ILAWAV__ligand18019-1
462,ILAWAV__ligand4131-0
463,ILAWAV__ligand845-0
464,ILAWAV__ligand14007-0
465,ILAWAV__ligand1712-0
466,ILAWAV__ligand7557-0
467,ILAWAV__ligand1496-0
468,ILAWAV__ligand29565-0
469,ILAWAV__ligand23682-0
470,ILAWAV__ligand18158-0
471,ILAWAV__ligand27771-0
472,ILAWAV__ligand20942-1
473,ILAWAV__ligand16956-0
474,ILAWAV__ligand1533-0
475,ILAWAV__ligand21339-0
476,ILAWAV__ligand14226-0
477,ILAWAV__ligand11-0
478,ILAWAV__ligand163-0
479,ILAWAV__ligand126-0
480,ILAWAV__ligand8722-0
481,ILAWAV__ligand17069-0
482,ILAWAV__ligand9809-0
483,ILAWAV__ligand6672-0
484,ILAWAV__ligand14477-0
485,ILAWAV__ligand1327-0
486,ILAWAV__ligand17445-0
487,ILAWAV__ligand7573-0
488,ILAWAV__ligand2781-0
489,ILAWAV__ligand777-0
490,ILAWAV__ligand3350-0
491,ILAWAV__ligand12413-0
492,ILAWAV__ligand596-0
493,ILAWAV__ligand941-0
494,ILAWAV__ligand29334-0
495,ILAWAV__ligand3208-0
496,ILAWAV__ligand2208-0
497,ILAWAV__ligand20731-0
498,ILAWAV__ligand11798-0
499,ILAWAV__ligand187-0
500,ILAWAV__ligand21448-0
501,ILAWAV__ligand22357-0
502,ILAWAV__ligand11758-0
503,ILAWAV__ligand9197-0
504,ILAWAV__ligand657-0
505,ILAWAV__ligand1900-0
506,ILAWAV__ligand29214-0
507,ILAWAV__ligand1773-0
508,ILAWAV__ligand4581-0
509,ILAWAV__ligand2328-0
510,ILAWAV__ligand11544-0
511,ILAWAV__ligand11501-0
512,ILAWAV__ligand366-0
513,ILAWAV__ligand7162-0
514,ILAWAV__ligand3029-0
515,ILAWAV__ligand693-0
516,ILAWAV__ligand89-0
517,ILAWAV__ligand4330-0
518,ILAWAV__ligand2599-0
519,ILAWAV__ligand10151-0
520,ILAWAV__ligand7532-0
521,ILAWAV__ligand4194-0
522,ILAWAV__ligand19668-0
523,ILAWAV__ligand7925-0
524,ILAWAV__ligand2068-0
525,ILAWAV__ligand19906-0
526,ILAWAV__ligand22353-0
527,ILAWAV__ligand1147-0
528,ILAWAV__ligand49-0
529,ILAWAV__ligand3973-0
530,ILAWAV__ligand24851-0
531,ILAWAV__ligand20530-0
532,ILAWAV__ligand11698-0
533,ILAWAV__ligand14302-0
534,ILAWAV__ligand14347-0
535,ILAWAV__ligand13657-0
536,ILAWAV__ligand7107-0
537,ILAWAV__ligand27610-0
538,ILAWAV__ligand10479-0
539,ILAWAV__ligand11479-0
540,ILAWAV__ligand29441-0
541,ILAWAV__ligand3215-0
542,ILAWAV__ligand10853-0
543,ILAWAV__ligand4738-0
544,ILAWAV__ligand5813-0
545,ILAWAV__ligand4813-0
546,ILAWAV__ligand122-0
547,ILAWAV__ligand16952-0
548,ILAWAV__ligand29813-0
549,ILAWAV__ligand6062-0
550,ILAWAV__ligand6283-0
551,ILAWAV__ligand20220-0
552,ILAWAV__ligand15387-0
553,ILAWAV__ligand757-0
554,ILAWAV__ligand20121-0
555,ILAWAV__ligand5316-0
556,ILAWAV__ligand5483-0
557,ILAWAV__ligand25658-0
558,ILAWAV__ligand17686-0
559,ILAWAV__ligand31205-0
560,ILAWAV__ligand17-0
561,ILAWAV__ligand1729-0
562,ILAWAV__ligand5627-0
563,ILAWAV__ligand11177-0
564,ILAWAV__ligand384-0
565,ILAWAV__ligand2830-0
566,ILAWAV__ligand15455-0
567,ILAWAV__ligand16870-0
568,ILAWAV__ligand1415-0
569,ILAWAV__ligand6946-0
570,ILAWAV__ligand11622-0
571,ILAWAV__ligand7529-0
572,ILAWAV__ligand768-0
573,ILAWAV__ligand11814-0
574,ILAWAV__ligand16603-0
575,ILAWAV__ligand9148-0
576,ILAWAV__ligand11606-0
577,ILAWAV__ligand2403-0
578,ILAWAV__ligand31000-0
579,ILAWAV__ligand3934-0
580,ILAWAV__ligand26673-0
581,ILAWAV__ligand6882-0
582,ILAWAV__ligand6455-0
583,ILAWAV__ligand20821-0
584,ILAWAV__ligand9681-0
585,ILAWAV__ligand141-0
586,ILAWAV__ligand19824-0
587,ILAWAV__ligand18067-0
588,ILAWAV__ligand240-0
589,ILAWAV__ligand4332-0
590,ILAWAV__ligand11252-0
591,ILAWAV__ligand3012-0
592,ILAWAV__ligand1449-0
593,ILAWAV__ligand10582-0
594,ILAWAV__ligand7530-0
595,ILAWAV__ligand1065-0
596,ILAWAV__ligand13260-0
597,ILAWAV__ligand2295-0
598,ILAWAV__ligand1577-0
599,ILAWAV__ligand6067-0
600,ILAWAV__ligand226-0
601,ILAWAV__ligand55-0
602,ILAWAV__ligand26529-0
603,ILAWAV__ligand162-0
604,ILAWAV__ligand383-0
605,ILAWAV__ligand4620-0
606,ILAWAV__ligand11618-0
607,ILAWAV__ligand416-0
608,ILAWAV__ligand19927-0
609,ILAWAV__ligand6102-0
610,ILAWAV__ligand6596-0
611,ILAWAV__ligand3721-0
612,ILAWAV__ligand6904-0
613,ILAWAV__ligand28559-0
614,ILAWAV__ligand26324-0
615,ILAWAV__ligand3465-0
616,ILAWAV__ligand14043-0
617,ILAWAV__ligand68-0
618,ILAWAV__ligand21729-0
619,ILAWAV__ligand27239-0
620,ILAWAV__ligand2917-0
621,ILAWAV__ligand7819-0
622,ILAWAV__ligand29215-0
623,ILAWAV__ligand7126-0
624,ILAWAV__ligand8835-0
625,ILAWAV__ligand2028-0
626,ILAWAV__ligand16148-0
627,ILAWAV__ligand26631-0
628,ILAWAV__ligand12003-0
629,ILAWAV__ligand1142-0
630,ILAWAV__ligand3234-0
631,ILAWAV__ligand21399-0
632,ILAWAV__ligand656-0
633,ILAWAV__ligand10872-0
634,ILAWAV__ligand34-0
635,ILAWAV__ligand22403-0
636,ILAWAV__ligand696-0
637,ILAWAV__ligand27754-0
638,ILAWAV__ligand20695-0
639,ILAWAV__ligand16369-0
640,ILAWAV__ligand28540-0
641,ILAWAV__ligand4641-0
642,ILAWAV__ligand11111-0
643,ILAWAV__ligand9952-0
644,ILAWAV__ligand14569-0
645,ILAWAV__ligand9111-0
646,ILAWAV__ligand694-0
647,ILAWAV__ligand13385-0
648,ILAWAV__ligand24111-0
649,ILAWAV__ligand22444-0
650,ILAWAV__ligand2526-0
651,ILAWAV__ligand5036-0
652,ILAWAV__ligand1615-0
653,ILAWAV__ligand5643-0
654,ILAWAV__ligand1823-0
655,ILAWAV__ligand11587-0
656,ILAWAV__ligand13220-0
657,ILAWAV__ligand488-0
658,ILAWAV__ligand17396-0
659,ILAWAV__ligand1324-0
660,ILAWAV__ligand430-0
661,ILAWAV__ligand23175-0
662,ILAWAV__ligand358-0
663,ILAWAV__ligand8721-0
664,ILAWAV__ligand15788-0
665,ILAWAV__ligand27840-0
666,ILAWAV__ligand6124-0
667,ILAWAV__ligand3707-0
668,ILAWAV__ligand7967-0
669,ILAWAV__ligand30728-0
670,ILAWAV__ligand24872-0
671,ILAWAV__ligand1018-0
672,ILAWAV__ligand4116-0
673,ILAWAV__ligand10033-0
674,ILAWAV__ligand8992-0
675,ILAWAV__ligand24644-0
676,ILAWAV__ligand12001-0
677,ILAWAV__ligand9601-0
678,ILAWAV__ligand6244-0
679,ILAWAV__ligand11949-0
680,ILAWAV__ligand22129-0
681,ILAWAV__ligand12138-0
682,ILAWAV__ligand1378-0
683,ILAWAV__ligand24780-0
684,ILAWAV__ligand25561-0
685,ILAWAV__ligand534-0
686,ILAWAV__ligand3156-0
687,ILAWAV__ligand571-0
688,ILAWAV__ligand2915-0
689,ILAWAV__ligand670-0
690,ILAWAV__ligand1631-0
691,ILAWAV__ligand31694-0
692,ILAWAV__ligand57-0
693,ILAWAV__ligand1575-0
694,ILAWAV__ligand29486-0
695,ILAWAV__ligand1530-0
696,ILAWAV__ligand9933-0
697,ILAWAV__ligand9441-0
698,ILAWAV__ligand17427-0
699,ILAWAV__ligand2332-0
700,ILAWAV__ligand588-0
701,ILAWAV__ligand9520-0
702,ILAWAV__ligand1160-0
703,ILAWAV__ligand10056-0
704,ILAWAV__ligand8699-0
705,ILAWAV__ligand12365-0
706,ILAWAV__ligand11357-0
707,ILAWAV__ligand13862-0
708,ILAWAV__ligand3954-0
709,ILAWAV__ligand4093-0
710,ILAWAV__ligand4442-0
711,ILAWAV__ligand15531-0
712,ILAWAV__ligand28743-0
713,ILAWAV__ligand4272-0
714,ILAWAV__ligand300-0
715,ILAWAV__ligand1451-0
716,ILAWAV__ligand28930-0
717,ILAWAV__ligand22168-0
718,ILAWAV__ligand22294-0
719,ILAWAV__ligand4-0
720,ILAWAV__ligand7629-0
721,ILAWAV__ligand21919-0
722,ILAWAV__ligand9784-0
723,ILAWAV__ligand7238-0
724,ILAWAV__ligand11970-0
725,ILAWAV__ligand15883-0
726,ILAWAV__ligand7280-0
727,ILAWAV__ligand1304-0
728,ILAWAV__ligand1790-0
729,ILAWAV__ligand7867-0
730,ILAWAV__ligand28810-0
731,ILAWAV__ligand11447-0
732,ILAWAV__ligand11096-0
733,ILAWAV__ligand1219-0
734,ILAWAV__ligand6709-0
735,ILAWAV__ligand199-0
736,ILAWAV__ligand24230-0
737,ILAWAV__ligand15926-0
738,ILAWAV__ligand4016-0
739,ILAWAV__ligand16-0
740,ILAWAV__ligand19792-0
741,ILAWAV__ligand10828-0
742,ILAWAV__ligand4546-0
743,ILAWAV__ligand4503-0
744,ILAWAV__ligand11682-0
745,ILAWAV__ligand30711-0
746,ILAWAV__ligand20207-0
747,ILAWAV__ligand16988-0
748,ILAWAV__ligand32-0
749,ILAWAV__ligand25913-0
750,ILAWAV__ligand1285-0
751,ILAWAV__ligand6768-0
752,ILAWAV__ligand8115-0
753,ILAWAV__ligand7000-0
754,ILAWAV__ligand1982-0
755,ILAWAV__ligand16663-0
756,ILAWAV__ligand2176-0
757,ILAWAV__ligand9291-0
758,ILAWAV__ligand14614-0
759,ILAWAV__ligand2232-0
760,ILAWAV__ligand24035-0
761,ILAWAV__ligand4157-0
762,ILAWAV__ligand7648-0
763,ILAWAV__ligand8876-0
764,ILAWAV__ligand2828-0
765,ILAWAV__ligand409-0
766,ILAWAV__ligand9833-0
767,ILAWAV__ligand31842-0
768,ILAWAV__ligand31044-0
769,ILAWAV__ligand361-0
770,ILAWAV__ligand11994-0
771,ILAWAV__ligand324-0
772,ILAWAV__ligand5256-0
773,ILAWAV__ligand4720-0
774,ILAWAV__ligand48-0
775,ILAWAV__ligand6839-0
776,ILAWAV__ligand3131-0
777,ILAWAV__ligand3174-0
778,ILAWAV__ligand1202-0
779,ILAWAV__ligand3937-0
780,ILAWAV__ligand10371-0
781,ILAWAV__ligand8969-0
782,ILAWAV__ligand13672-0
783,ILAWAV__ligand326-0
784,ILAWAV__ligand5211-0
785,ILAWAV__ligand4155-0
786,ILAWAV__ligand3094-0
787,ILAWAV__ligand28685-0
788,ILAWAV__ligand18568-0
789,ILAWAV__ligand19184-0
790,ILAWAV__ligand6919-0
791,ILAWAV__ligand2485-0
792,ILAWAV__ligand3852-0
793,ILAWAV__ligand436-0
794,ILAWAV__ligand5331-0
795,ILAWAV__ligand692-0
796,ILAWAV__ligand1512-0
797,ILAWAV__ligand18448-0
798,ILAWAV__ligand12453-0
799,ILAWAV__ligand3565-0
800,ILAWAV__ligand28459-0
801,ILAWAV__ligand6616-0
802,ILAWAV__ligand3876-0
803,ILAWAV__ligand1343-0
804,ILAWAV__ligand3035-0
805,ILAWAV__ligand3718-0
806,ILAWAV__ligand1844-0
807,ILAWAV__ligand4661-0
808,ILAWAV__ligand1959-0
809,ILAWAV__ligand51-0
810,ILAWAV__ligand3504-0
811,ILAWAV__ligand13477-0
812,ILAWAV__ligand14167-0
813,ILAWAV__ligand9935-0
814,ILAWAV__ligand30142-0
815,ILAWAV__ligand27669-0
816,ILAWAV__ligand1573-0
817,ILAWAV__ligand1536-0
818,ILAWAV__ligand9908-0
819,ILAWAV__ligand1263-0
820,ILAWAV__ligand27285-0
821,ILAWAV__ligand29029-0
822,ILAWAV__ligand91-0
823,ILAWAV__ligand633-0
824,ILAWAV__ligand23197-0
825,ILAWAV__ligand497-0
826,ILAWAV__ligand7242-0
827,ILAWAV__ligand7106-0
