,TMC
0,XODZAS__ligand10476-0
1,XODZAS__ligand13068-0
2,XODZAS__ligand5595-0
3,XODZAS__ligand19830-0
4,XODZAS__ligand4101-0
5,XODZAS__ligand12401-0
6,XODZAS__ligand15585-0
7,XODZAS__ligand24145-0
8,XODZAS__ligand3120-0
9,XODZAS__ligand3926-0
10,XODZAS__ligand4358-0
11,XODZAS__ligand12231-0
12,XODZAS__ligand693-0
13,XODZAS__ligand26702-0
14,XODZAS__ligand2221-0
15,XODZAS__ligand13658-0
16,XODZAS__ligand18292-0
17,XODZAS__ligand12289-0
18,XODZAS__ligand12130-0
19,XODZAS__ligand17387-0
20,XODZAS__ligand2259-0
21,XODZAS__ligand17805-0
22,XODZAS__ligand1296-0
23,XODZAS__ligand5099-0
24,XODZAS__ligand8592-0
25,XODZAS__ligand17302-0
26,XODZAS__ligand1197-0
27,XODZAS__ligand1376-0
28,XODZAS__ligand5510-0
29,XODZAS__ligand9773-0
30,XODZAS__ligand25178-0
31,XODZAS__ligand24185-0
32,XODZAS__ligand23769-0
33,XODZAS__ligand10958-0
34,XODZAS__ligand5304-0
35,XODZAS__ligand9167-0
36,XODZAS__ligand2238-0
37,XODZAS__ligand12641-0
38,XODZAS__ligand1317-0
39,XODZAS__ligand3867-0
40,XODZAS__ligand2822-0
41,XODZAS__ligand7293-0
42,XODZAS__ligand14108-0
43,XODZAS__ligand757-0
44,XODZAS__ligand6117-0
45,XODZAS__ligand1407-0
46,XODZAS__ligand13425-0
47,XODZAS__ligand5509-0
48,XODZAS__ligand29302-0
49,XODZAS__ligand8002-0
50,XODZAS__ligand19057-0
51,XODZAS__ligand18814-0
52,XODZAS__ligand28676-0
53,XODZAS__ligand10262-0
54,XODZAS__ligand27763-0
55,XODZAS__ligand7762-0
56,XODZAS__ligand5080-0
57,XODZAS__ligand122-0
58,XODZAS__ligand9344-0
59,XODZAS__ligand24-0
60,XODZAS__ligand4-0
61,XODZAS__ligand16628-0
62,XODZAS__ligand12427-0
63,XODZAS__ligand8000-0
64,XODZAS__ligand384-0
65,XODZAS__ligand20740-0
66,XODZAS__ligand28468-0
67,XODZAS__ligand3736-0
68,XODZAS__ligand3945-0
69,XODZAS__ligand27460-0
70,XODZAS__ligand2693-0
71,XODZAS__ligand5383-0
72,XODZAS__ligand12606-0
73,XODZAS__ligand4007-0
74,XODZAS__ligand2985-0
75,XODZAS__ligand9299-0
76,XODZAS__ligand30333-0
77,XODZAS__ligand26540-0
78,XODZAS__ligand7291-0
79,XODZAS__ligand29410-0
80,XODZAS__ligand768-0
81,XODZAS__ligand12337-0
82,XODZAS__ligand30296-0
83,XODZAS__ligand19-0
84,XODZAS__ligand17281-0
85,XODZAS__ligand9883-0
86,XODZAS__ligand3677-1
87,XODZAS__ligand3632-0
88,XODZAS__ligand3677-0
89,XODZAS__ligand31783-0
90,XODZAS__ligand1294-0
91,XODZAS__ligand1168-0
92,XODZAS__ligand13012-0
93,XODZAS__ligand6699-0
94,XODZAS__ligand17631-0
95,XODZAS__ligand78-0
96,XODZAS__ligand26665-0
97,XODZAS__ligand14603-0
98,XODZAS__ligand14297-0
99,XODZAS__ligand17258-0
100,XODZAS__ligand3712-0
101,XODZAS__ligand1464-0
102,XODZAS__ligand30988-0
103,XODZAS__ligand23713-0
104,XODZAS__ligand2881-0
105,XODZAS__ligand27175-0
106,XODZAS__ligand18832-0
107,XODZAS__ligand45-0
108,XODZAS__ligand1499-0
109,XODZAS__ligand12934-0
110,XODZAS__ligand20578-0
111,XODZAS__ligand15422-0
112,XODZAS__ligand240-0
113,XODZAS__ligand19641-0
114,XODZAS__ligand6892-0
115,XODZAS__ligand14723-0
116,XODZAS__ligand141-0
117,XODZAS__ligand27893-0
118,XODZAS__ligand1211-0
119,XODZAS__ligand28789-0
120,XODZAS__ligand2043-0
121,XODZAS__ligand20419-0
122,XODZAS__ligand17118-0
123,XODZAS__ligand1832-0
124,XODZAS__ligand21371-0
125,XODZAS__ligand321-0
126,XODZAS__ligand8788-0
127,XODZAS__ligand30851-0
128,XODZAS__ligand1604-0
129,XODZAS__ligand185-0
130,XODZAS__ligand14889-0
131,XODZAS__ligand279-0
132,XODZAS__ligand29568-0
133,XODZAS__ligand178-0
134,XODZAS__ligand9943-0
135,XODZAS__ligand1228-0
136,XODZAS__ligand9284-0
137,XODZAS__ligand31097-0
138,XODZAS__ligand21581-0
139,XODZAS__ligand3126-0
140,XODZAS__ligand6391-0
141,XODZAS__ligand20539-0
142,XODZAS__ligand201-0
143,XODZAS__ligand20214-0
144,XODZAS__ligand30702-0
145,XODZAS__ligand1114-0
146,XODZAS__ligand20251-0
147,XODZAS__ligand2417-0
148,XODZAS__ligand17261-0
149,XODZAS__ligand14117-0
150,XODZAS__ligand2203-0
151,XODZAS__ligand5387-0
152,XODZAS__ligand1289-0
153,XODZAS__ligand16475-0
154,XODZAS__ligand14703-0
155,XODZAS__ligand20251-1
156,XODZAS__ligand338-0
157,XODZAS__ligand9450-0
158,XODZAS__ligand17278-0
159,XODZAS__ligand20011-0
160,XODZAS__ligand29414-0
161,XODZAS__ligand17982-0
162,XODZAS__ligand11675-0
163,XODZAS__ligand20598-0
164,XODZAS__ligand22557-0
165,XODZAS__ligand10589-0
166,XODZAS__ligand24047-0
167,XODZAS__ligand2612-0
168,XODZAS__ligand1599-0
169,XODZAS__ligand17398-0
170,XODZAS__ligand13331-0
171,XODZAS__ligand9753-0
172,XODZAS__ligand28884-0
173,XODZAS__ligand1356-0
174,XODZAS__ligand1787-0
175,XODZAS__ligand845-0
176,XODZAS__ligand5530-0
177,XODZAS__ligand5159-0
178,XODZAS__ligand12030-0
179,XODZAS__ligand14248-0
180,XODZAS__ligand29879-0
181,XODZAS__ligand7196-0
182,XODZAS__ligand4807-0
183,XODZAS__ligand31832-0
184,XODZAS__ligand13294-0
185,XODZAS__ligand3178-0
186,XODZAS__ligand163-0
187,XODZAS__ligand126-0
188,XODZAS__ligand2906-0
189,XODZAS__ligand4711-0
190,XODZAS__ligand3244-0
191,XODZAS__ligand25411-0
192,XODZAS__ligand67-0
193,XODZAS__ligand4649-0
194,XODZAS__ligand8793-0
195,XODZAS__ligand11456-0
196,XODZAS__ligand2788-0
197,XODZAS__ligand5649-0
198,XODZAS__ligand10712-0
199,XODZAS__ligand14174-0
200,XODZAS__ligand7092-0
201,XODZAS__ligand2260-0
202,XODZAS__ligand1153-0
203,XODZAS__ligand3225-0
204,XODZAS__ligand20682-0
205,XODZAS__ligand1116-0
206,XODZAS__ligand2124-0
207,XODZAS__ligand596-0
208,XODZAS__ligand941-0
209,XODZAS__ligand8612-0
210,XODZAS__ligand777-0
211,XODZAS__ligand7172-0
212,XODZAS__ligand43-0
213,XODZAS__ligand9323-0
214,XODZAS__ligand13390-0
215,XODZAS__ligand7273-0
216,XODZAS__ligand366-0
217,XODZAS__ligand5180-0
218,XODZAS__ligand6017-0
219,XODZAS__ligand657-0
220,XODZAS__ligand13208-0
221,XODZAS__ligand5708-0
222,XODZAS__ligand27482-0
223,XODZAS__ligand187-0
224,XODZAS__ligand26810-0
225,XODZAS__ligand7316-0
226,XODZAS__ligand2027-0
227,XODZAS__ligand12336-0
228,XODZAS__ligand1050-0
229,XODZAS__ligand18-0
230,XODZAS__ligand1015-0
231,XODZAS__ligand300-0
232,XODZAS__ligand13072-0
233,XODZAS__ligand588-0
234,XODZAS__ligand18699-0
235,XODZAS__ligand12682-0
236,XODZAS__ligand2692-0
237,XODZAS__ligand1618-0
238,XODZAS__ligand199-0
239,XODZAS__ligand1028-0
240,XODZAS__ligand17590-0
241,XODZAS__ligand17240-0
242,XODZAS__ligand4262-0
243,XODZAS__ligand17710-0
244,XODZAS__ligand20579-0
245,XODZAS__ligand11568-0
246,XODZAS__ligand1154-0
247,XODZAS__ligand9615-0
248,XODZAS__ligand14586-0
249,XODZAS__ligand11774-0
250,XODZAS__ligand21421-0
251,XODZAS__ligand4596-0
252,XODZAS__ligand1498-0
253,XODZAS__ligand409-0
254,XODZAS__ligand361-0
255,XODZAS__ligand324-0
256,XODZAS__ligand19725-0
257,XODZAS__ligand24613-0
258,XODZAS__ligand31483-0
259,XODZAS__ligand8529-0
260,XODZAS__ligand10555-0
261,XODZAS__ligand1169-0
262,XODZAS__ligand15168-0
263,XODZAS__ligand2001-0
264,XODZAS__ligand7566-0
265,XODZAS__ligand326-0
266,XODZAS__ligand23589-0
267,XODZAS__ligand8593-0
268,XODZAS__ligand9944-0
269,XODZAS__ligand24064-0
270,XODZAS__ligand692-0
271,XODZAS__ligand1113-0
272,XODZAS__ligand8553-0
273,XODZAS__ligand10432-0
274,XODZAS__ligand11432-0
275,XODZAS__ligand31618-0
276,XODZAS__ligand436-0
277,XODZAS__ligand22755-0
278,XODZAS__ligand5201-0
279,XODZAS__ligand29898-0
280,XODZAS__ligand26277-0
281,XODZAS__ligand5415-0
282,XODZAS__ligand24750-0
283,XODZAS__ligand17207-0
284,XODZAS__ligand31578-0
285,XODZAS__ligand4124-0
286,XODZAS__ligand18013-0
287,XODZAS__ligand3471-0
288,XODZAS__ligand25224-0
289,XODZAS__ligand4161-0
290,XODZAS__ligand17945-0
291,XODZAS__ligand18703-0
292,XODZAS__ligand6995-0
293,XODZAS__ligand29087-0
294,XODZAS__ligand497-0
295,XODZAS__ligand2823-0
296,XODZAS__ligand4340-0
297,XODZAS__ligand633-0
298,XODZAS__ligand2281-0
299,XODZAS__ligand2650-0
300,XODZAS__ligand3180-0
301,XODZAS__ligand15438-0
302,XODZAS__ligand28924-0
303,XODZAS__ligand7213-0
304,XODZAS__ligand416-0
305,XODZAS__ligand1397-0
306,XODZAS__ligand1828-0
307,XODZAS__ligand66-0
308,XODZAS__ligand3-0
309,XODZAS__ligand383-0
310,XODZAS__ligand6112-0
311,XODZAS__ligand30539-0
312,XODZAS__ligand8042-0
313,XODZAS__ligand11166-0
314,XODZAS__ligand5085-0
315,XODZAS__ligand162-0
316,XODZAS__ligand21132-0
317,XODZAS__ligand3144-0
318,XODZAS__ligand5755-0
319,XODZAS__ligand226-0
320,XODZAS__ligand23906-0
321,XODZAS__ligand4710-0
322,XODZAS__ligand27835-0
323,XODZAS__ligand1908-0
324,XODZAS__ligand12295-0
325,XODZAS__ligand4795-0
326,XODZAS__ligand3285-0
327,XODZAS__ligand1786-0
328,XODZAS__ligand25689-0
329,XODZAS__ligand25575-0
330,XODZAS__ligand5630-0
331,XODZAS__ligand21787-0
332,XODZAS__ligand19257-0
333,XODZAS__ligand656-0
334,XODZAS__ligand13209-0
335,XODZAS__ligand12660-0
336,XODZAS__ligand1831-0
337,XODZAS__ligand5614-0
338,XODZAS__ligand5280-0
339,XODZAS__ligand25650-0
340,XODZAS__ligand6663-0
341,XODZAS__ligand5515-0
342,XODZAS__ligand31248-0
343,XODZAS__ligand1849-0
344,XODZAS__ligand42-0
345,XODZAS__ligand23124-0
346,XODZAS__ligand696-0
347,XODZAS__ligand3261-0
348,XODZAS__ligand1152-0
349,XODZAS__ligand5019-0
350,XODZAS__ligand11206-0
351,XODZAS__ligand1216-0
352,XODZAS__ligand25735-0
353,XODZAS__ligand12519-0
354,XODZAS__ligand13869-0
355,XODZAS__ligand430-0
356,XODZAS__ligand18074-0
357,XODZAS__ligand3416-0
358,XODZAS__ligand3453-0
359,XODZAS__ligand29863-0
360,XODZAS__ligand358-0
361,XODZAS__ligand4207-0
362,XODZAS__ligand488-0
363,XODZAS__ligand1539-0
364,XODZAS__ligand11140-0
365,XODZAS__ligand29610-0
366,XODZAS__ligand694-0
367,XODZAS__ligand1150-0
368,XODZAS__ligand28668-0
369,XODZAS__ligand4063-0
370,XODZAS__ligand8200-0
371,XODZAS__ligand7438-0
372,XODZAS__ligand16791-0
373,XODZAS__ligand18799-0
374,XODZAS__ligand18465-0
375,XODZAS__ligand3042-0
376,XODZAS__ligand38-0
377,XODZAS__ligand20599-0
378,XODZAS__ligand22981-0
379,XODZAS__ligand25805-0
380,XODZAS__ligand670-0
381,XODZAS__ligand7075-0
382,XODZAS__ligand1149-0
383,XODZAS__ligand27074-0
384,XODZAS__ligand3557-0
385,XODZAS__ligand3980-0
386,XODZAS__ligand534-0
387,XODZAS__ligand571-0
388,XODZAS__ligand18391-0
389,XODZAS__ligand1817-0
390,XODZAS__ligand6993-0
391,XODZAS__ligand14523-0
392,XODZAS__ligand27169-0
393,XODZAS__ligand1779-0
394,XODZAS__ligand9750-0
395,XODZAS__ligand12467-0
396,XODZAS__ligand9491-0
397,XODZAS__ligand4266-0
398,XODZAS__ligand1400-0
399,XODZAS__ligand10084-0
400,XODZAS__ligand1-0
401,XODZAS__ligand25267-0
402,XODZAS__ligand4167-0
403,XODZAS__ligand23904-0
404,XODZAS__ligand1288-0
405,XODZAS__ligand21936-0
406,XODZAS__ligand13257-0
407,XODZAS__ligand1449-0
408,XODZAS__ligand11758-0
409,XODZAS__ligand22357-0
410,XODZAS__ligand3012-0
411,XODZAS__ligand21448-0
412,XODZAS__ligand7530-0
413,XODZAS__ligand370-0
414,XODZAS__ligand68-0
415,XODZAS__ligand1065-0
416,XODZAS__ligand9681-0
417,XODZAS__ligand11501-0
418,XODZAS__ligand11544-0
419,XODZAS__ligand4332-0
420,XODZAS__ligand29214-0
421,XODZAS__ligand17445-0
422,XODZAS__ligand3934-0
423,XODZAS__ligand14477-0
424,XODZAS__ligand6455-0
425,XODZAS__ligand17069-0
426,XODZAS__ligand6882-0
427,XODZAS__ligand250-0
428,XODZAS__ligand2403-0
429,XODZAS__ligand11798-0
430,XODZAS__ligand55-0
431,XODZAS__ligand20731-0
432,XODZAS__ligand29334-0
433,XODZAS__ligand12413-0
434,XODZAS__ligand27771-0
435,XODZAS__ligand188-0
436,XODZAS__ligand18158-0
437,XODZAS__ligand9148-0
438,XODZAS__ligand23682-0
439,XODZAS__ligand29565-0
440,XODZAS__ligand1415-0
441,XODZAS__ligand6946-0
442,XODZAS__ligand14226-0
443,XODZAS__ligand21339-0
444,XODZAS__ligand16956-0
445,XODZAS__ligand7529-0
446,XODZAS__ligand20942-1
447,XODZAS__ligand34-0
448,XODZAS__ligand311-0
449,XODZAS__ligand5627-0
450,XODZAS__ligand785-0
451,XODZAS__ligand1729-0
452,XODZAS__ligand479-0
453,XODZAS__ligand2830-0
454,XODZAS__ligand27550-0
455,XODZAS__ligand14007-0
456,XODZAS__ligand370-1
457,XODZAS__ligand5316-0
458,XODZAS__ligand620-0
459,XODZAS__ligand18019-1
460,XODZAS__ligand564-0
461,XODZAS__ligand5483-0
462,XODZAS__ligand24624-0
463,XODZAS__ligand18413-0
464,XODZAS__ligand20844-0
465,XODZAS__ligand6283-0
466,XODZAS__ligand24560-0
467,XODZAS__ligand18757-0
468,XODZAS__ligand5813-0
469,XODZAS__ligand4813-0
470,XODZAS__ligand4738-0
471,XODZAS__ligand6062-0
472,XODZAS__ligand909-0
473,XODZAS__ligand13691-0
474,XODZAS__ligand30788-0
475,XODZAS__ligand177-0
476,XODZAS__ligand3215-0
477,XODZAS__ligand14339-0
478,XODZAS__ligand21752-0
479,XODZAS__ligand7107-0
480,XODZAS__ligand1147-0
481,XODZAS__ligand252-0
482,XODZAS__ligand3973-0
483,XODZAS__ligand21940-0
484,XODZAS__ligand116-0
485,XODZAS__ligand25048-0
486,XODZAS__ligand2068-0
487,XODZAS__ligand24953-0
488,XODZAS__ligand23445-0
489,XODZAS__ligand7925-0
490,XODZAS__ligand13755-0
491,XODZAS__ligand16133-0
492,XODZAS__ligand57-0
493,XODZAS__ligand27122-0
494,XODZAS__ligand20432-0
495,XODZAS__ligand7532-0
496,XODZAS__ligand372-0
497,XODZAS__ligand830-0
498,XODZAS__ligand4194-0
499,XODZAS__ligand2599-0
500,XODZAS__ligand4330-0
501,XODZAS__ligand193-0
502,XODZAS__ligand30004-0
503,XODZAS__ligand20557-0
504,XODZAS__ligand2328-0
505,XODZAS__ligand16-0
506,XODZAS__ligand4581-0
507,XODZAS__ligand18067-0
508,XODZAS__ligand1773-0
509,XODZAS__ligand19824-0
510,XODZAS__ligand3029-0
511,XODZAS__ligand7162-0
512,XODZAS__ligand13260-0
513,XODZAS__ligand10582-0
514,XODZAS__ligand1900-0
515,XODZAS__ligand11252-0
516,XODZAS__ligand9197-0
517,XODZAS__ligand3208-0
518,XODZAS__ligand2208-0
519,XODZAS__ligand31000-0
520,XODZAS__ligand197-0
521,XODZAS__ligand11606-0
522,XODZAS__ligand1327-0
523,XODZAS__ligand20821-0
524,XODZAS__ligand6672-0
525,XODZAS__ligand9809-0
526,XODZAS__ligand8722-0
527,XODZAS__ligand26673-0
528,XODZAS__ligand2781-0
529,XODZAS__ligand7573-0
530,XODZAS__ligand3350-0
531,XODZAS__ligand1533-0
532,XODZAS__ligand11622-0
533,XODZAS__ligand16870-0
534,XODZAS__ligand16603-0
535,XODZAS__ligand7557-0
536,XODZAS__ligand783-0
537,XODZAS__ligand352-0
538,XODZAS__ligand1496-0
539,XODZAS__ligand11814-0
540,XODZAS__ligand31205-0
541,XODZAS__ligand868-0
542,XODZAS__ligand17686-0
543,XODZAS__ligand25658-0
544,XODZAS__ligand1712-0
545,XODZAS__ligand4131-0
546,XODZAS__ligand32-0
547,XODZAS__ligand15455-0
548,XODZAS__ligand11177-0
549,XODZAS__ligand5892-0
550,XODZAS__ligand5094-0
551,XODZAS__ligand29813-0
552,XODZAS__ligand16952-0
553,XODZAS__ligand5935-0
554,XODZAS__ligand1379-0
555,XODZAS__ligand2722-0
556,XODZAS__ligand20121-0
557,XODZAS__ligand3157-0
558,XODZAS__ligand134-0
559,XODZAS__ligand15387-0
560,XODZAS__ligand1165-0
561,XODZAS__ligand20220-0
562,XODZAS__ligand235-0
563,XODZAS__ligand9525-0
564,XODZAS__ligand13657-0
565,XODZAS__ligand14347-0
566,XODZAS__ligand14302-0
567,XODZAS__ligand11698-0
568,XODZAS__ligand560-0
569,XODZAS__ligand5056-0
570,XODZAS__ligand20530-0
571,XODZAS__ligand4850-0
572,XODZAS__ligand1688-0
573,XODZAS__ligand24851-0
574,XODZAS__ligand5357-0
575,XODZAS__ligand3647-0
576,XODZAS__ligand3871-0
577,XODZAS__ligand1469-0
578,XODZAS__ligand10853-0
579,XODZAS__ligand29441-0
580,XODZAS__ligand11479-0
581,XODZAS__ligand10479-0
582,XODZAS__ligand27610-0
583,XODZAS__ligand48-0
584,XODZAS__ligand1768-0
585,XODZAS__ligand294-0
586,XODZAS__ligand2527-0
587,XODZAS__ligand19906-0
588,XODZAS__ligand19668-0
589,XODZAS__ligand1709-0
590,XODZAS__ligand8464-0
591,XODZAS__ligand8349-0
592,XODZAS__ligand91-0
593,XODZAS__ligand22353-0
594,XODZAS__ligand3392-0
595,XODZAS__ligand4911-0
596,XODZAS__ligand1771-0
597,XODZAS__ligand421-0
598,XODZAS__ligand51-0
599,XODZAS__ligand5849-0
600,XODZAS__ligand685-0
601,XODZAS__ligand10151-0
602,XODZAS__ligand7242-0
603,XODZAS__ligand447-0
604,XODZAS__ligand29486-0
605,XODZAS__ligand746-0
606,XODZAS__ligand31694-0
607,XODZAS__ligand7106-0
608,XODZAS__ligand17427-0
609,XODZAS__ligand1263-0
610,XODZAS__ligand9908-0
611,XODZAS__ligand176-0
612,XODZAS__ligand24780-0
613,XODZAS__ligand12138-0
614,XODZAS__ligand3504-0
615,XODZAS__ligand22129-0
616,XODZAS__ligand1959-0
617,XODZAS__ligand11949-0
618,XODZAS__ligand1536-0
619,XODZAS__ligand1573-0
620,XODZAS__ligand9935-0
621,XODZAS__ligand3718-0
622,XODZAS__ligand487-0
623,XODZAS__ligand3035-0
624,XODZAS__ligand3876-0
625,XODZAS__ligand1343-0
626,XODZAS__ligand6616-0
627,XODZAS__ligand25561-0
628,XODZAS__ligand4661-0
629,XODZAS__ligand1844-0
630,XODZAS__ligand24872-0
631,XODZAS__ligand5331-0
632,XODZAS__ligand1512-0
633,XODZAS__ligand30728-0
634,XODZAS__ligand506-0
635,XODZAS__ligand3565-0
636,XODZAS__ligand27840-0
637,XODZAS__ligand12001-0
638,XODZAS__ligand24644-0
639,XODZAS__ligand2485-0
640,XODZAS__ligand3852-0
641,XODZAS__ligand10033-0
642,XODZAS__ligand6919-0
643,XODZAS__ligand22444-0
644,XODZAS__ligand5211-0
645,XODZAS__ligand24111-0
646,XODZAS__ligand13385-0
647,XODZAS__ligand3094-0
648,XODZAS__ligand4155-0
649,XODZAS__ligand14569-0
650,XODZAS__ligand15788-0
651,XODZAS__ligand4720-0
652,XODZAS__ligand23175-0
653,XODZAS__ligand17396-0
654,XODZAS__ligand1202-0
655,XODZAS__ligand3937-0
656,XODZAS__ligand3174-0
657,XODZAS__ligand3131-0
658,XODZAS__ligand8969-0
659,XODZAS__ligand152-0
660,XODZAS__ligand13220-0
661,XODZAS__ligand11587-0
662,XODZAS__ligand6839-0
663,XODZAS__ligand4157-0
664,XODZAS__ligand11-0
665,XODZAS__ligand22403-0
666,XODZAS__ligand5256-0
667,XODZAS__ligand2828-0
668,XODZAS__ligand8876-0
669,XODZAS__ligand7648-0
670,XODZAS__ligand9833-0
671,XODZAS__ligand11111-0
672,XODZAS__ligand9291-0
673,XODZAS__ligand28540-0
674,XODZAS__ligand115-0
675,XODZAS__ligand2176-0
676,XODZAS__ligand16369-0
677,XODZAS__ligand20695-0
678,XODZAS__ligand27754-0
679,XODZAS__ligand2232-0
680,XODZAS__ligand1285-0
681,XODZAS__ligand7000-0
682,XODZAS__ligand1982-0
683,XODZAS__ligand6768-0
684,XODZAS__ligand29215-0
685,XODZAS__ligand8115-0
686,XODZAS__ligand10872-0
687,XODZAS__ligand21399-0
688,XODZAS__ligand833-0
689,XODZAS__ligand4503-0
690,XODZAS__ligand4546-0
691,XODZAS__ligand12003-0
692,XODZAS__ligand26631-0
693,XODZAS__ligand16148-0
694,XODZAS__ligand69-0
695,XODZAS__ligand6709-0
696,XODZAS__ligand1219-0
697,XODZAS__ligand14043-0
698,XODZAS__ligand7867-0
699,XODZAS__ligand26324-0
700,XODZAS__ligand28559-0
701,XODZAS__ligand19927-0
702,XODZAS__ligand4016-0
703,XODZAS__ligand784-0
704,XODZAS__ligand7238-0
705,XODZAS__ligand7280-0
706,XODZAS__ligand1790-0
707,XODZAS__ligand1304-0
708,XODZAS__ligand27239-0
709,XODZAS__ligand21729-0
710,XODZAS__ligand7629-0
711,XODZAS__ligand26529-0
712,XODZAS__ligand1451-0
713,XODZAS__ligand4272-0
714,XODZAS__ligand395-0
715,XODZAS__ligand368-0
716,XODZAS__ligand9784-0
717,XODZAS__ligand1160-0
718,XODZAS__ligand8699-0
719,XODZAS__ligand9520-0
720,XODZAS__ligand4442-0
721,XODZAS__ligand4093-0
722,XODZAS__ligand3954-0
723,XODZAS__ligand11618-0
724,XODZAS__ligand813-0
725,XODZAS__ligand780-0
726,XODZAS__ligand2332-0
727,XODZAS__ligand29029-0
728,XODZAS__ligand314-0
729,XODZAS__ligand49-0
730,XODZAS__ligand27285-0
731,XODZAS__ligand9441-0
732,XODZAS__ligand1631-0
733,XODZAS__ligand9933-0
734,XODZAS__ligand23197-0
735,XODZAS__ligand1530-0
736,XODZAS__ligand1575-0
737,XODZAS__ligand3156-0
738,XODZAS__ligand2915-0
739,XODZAS__ligand618-0
740,XODZAS__ligand27669-0
741,XODZAS__ligand6244-0
742,XODZAS__ligand30142-0
743,XODZAS__ligand14167-0
744,XODZAS__ligand13477-0
745,XODZAS__ligand1378-0
746,XODZAS__ligand89-0
747,XODZAS__ligand391-0
748,XODZAS__ligand8992-0
749,XODZAS__ligand9601-0
750,XODZAS__ligand19184-0
751,XODZAS__ligand3707-0
752,XODZAS__ligand6124-0
753,XODZAS__ligand28459-0
754,XODZAS__ligand7967-0
755,XODZAS__ligand12453-0
756,XODZAS__ligand18448-0
757,XODZAS__ligand4116-0
758,XODZAS__ligand465-0
759,XODZAS__ligand1018-0
760,XODZAS__ligand10371-0
761,XODZAS__ligand5643-0
762,XODZAS__ligand8-0
763,XODZAS__ligand1823-0
764,XODZAS__ligand8721-0
765,XODZAS__ligand1324-0
766,XODZAS__ligand18568-0
767,XODZAS__ligand9111-0
768,XODZAS__ligand9952-0
769,XODZAS__ligand28685-0
770,XODZAS__ligand314-1
771,XODZAS__ligand5036-0
772,XODZAS__ligand2526-0
773,XODZAS__ligand1615-0
774,XODZAS__ligand13672-0
775,XODZAS__ligand14614-0
776,XODZAS__ligand4641-0
777,XODZAS__ligand16663-0
778,XODZAS__ligand11994-0
779,XODZAS__ligand31044-0
780,XODZAS__ligand196-0
781,XODZAS__ligand31842-0
782,XODZAS__ligand24035-0
783,XODZAS__ligand3234-0
784,XODZAS__ligand20207-0
785,XODZAS__ligand30711-0
786,XODZAS__ligand1142-0
787,XODZAS__ligand686-0
788,XODZAS__ligand11682-0
789,XODZAS__ligand17-0
790,XODZAS__ligand422-0
791,XODZAS__ligand2028-0
792,XODZAS__ligand8835-0
793,XODZAS__ligand25913-0
794,XODZAS__ligand16988-0
795,XODZAS__ligand7126-0
796,XODZAS__ligand15883-0
797,XODZAS__ligand7819-0
798,XODZAS__ligand11970-0
799,XODZAS__ligand2917-0
800,XODZAS__ligand6904-0
801,XODZAS__ligand10828-0
802,XODZAS__ligand3721-0
803,XODZAS__ligand6596-0
804,XODZAS__ligand6102-0
805,XODZAS__ligand393-0
806,XODZAS__ligand19792-0
807,XODZAS__ligand15926-0
808,XODZAS__ligand3465-0
809,XODZAS__ligand24230-0
810,XODZAS__ligand11096-0
811,XODZAS__ligand11447-0
812,XODZAS__ligand28810-0
813,XODZAS__ligand28743-0
814,XODZAS__ligand15531-0
815,XODZAS__ligand11357-0
816,XODZAS__ligand13862-0
817,XODZAS__ligand353-0
818,XODZAS__ligand4620-0
819,XODZAS__ligand12365-0
820,XODZAS__ligand10056-0
821,XODZAS__ligand2295-0
822,XODZAS__ligand6067-0
823,XODZAS__ligand1577-0
824,XODZAS__ligand21919-0
825,XODZAS__ligand22294-0
826,XODZAS__ligand22168-0
827,XODZAS__ligand28930-0
