,TMC
0,XERVAS__ligand3565-0
1,XERVAS__ligand447-0
2,XERVAS__ligand25178-0
3,XERVAS__ligand24185-0
4,XERVAS__ligand5331-0
5,XERVAS__ligand23769-0
6,XERVAS__ligand1512-0
7,XERVAS__ligand746-0
8,XERVAS__ligand2485-0
9,XERVAS__ligand17805-0
10,XERVAS__ligand3852-0
11,XERVAS__ligand176-0
12,XERVAS__ligand6919-0
13,XERVAS__ligand17302-0
14,XERVAS__ligand12231-0
15,XERVAS__ligand4155-0
16,XERVAS__ligand3094-0
17,XERVAS__ligand13658-0
18,XERVAS__ligand18-0
19,XERVAS__ligand26702-0
20,XERVAS__ligand12289-0
21,XERVAS__ligand18292-0
22,XERVAS__ligand12130-0
23,XERVAS__ligand17387-0
24,XERVAS__ligand5211-0
25,XERVAS__ligand3174-0
26,XERVAS__ligand3937-0
27,XERVAS__ligand1202-0
28,XERVAS__ligand487-0
29,XERVAS__ligand10476-0
30,XERVAS__ligand3131-0
31,XERVAS__ligand8969-0
32,XERVAS__ligand19830-0
33,XERVAS__ligand13068-0
34,XERVAS__ligand6839-0
35,XERVAS__ligand15585-0
36,XERVAS__ligand4720-0
37,XERVAS__ligand12401-0
38,XERVAS__ligand24145-0
39,XERVAS__ligand10262-0
40,XERVAS__ligand28676-0
41,XERVAS__ligand7106-0
42,XERVAS__ligand27763-0
43,XERVAS__ligand506-0
44,XERVAS__ligand7242-0
45,XERVAS__ligand13425-0
46,XERVAS__ligand29302-0
47,XERVAS__ligand19057-0
48,XERVAS__ligand18814-0
49,XERVAS__ligand9908-0
50,XERVAS__ligand1263-0
51,XERVAS__ligand1536-0
52,XERVAS__ligand1573-0
53,XERVAS__ligand9935-0
54,XERVAS__ligand3504-0
55,XERVAS__ligand1959-0
56,XERVAS__ligand14108-0
57,XERVAS__ligand10958-0
58,XERVAS__ligand1844-0
59,XERVAS__ligand4661-0
60,XERVAS__ligand3718-0
61,XERVAS__ligand1343-0
62,XERVAS__ligand3876-0
63,XERVAS__ligand152-0
64,XERVAS__ligand3035-0
65,XERVAS__ligand12641-0
66,XERVAS__ligand6616-0
67,XERVAS__ligand26540-0
68,XERVAS__ligand29410-0
69,XERVAS__ligand4016-0
70,XERVAS__ligand12337-0
71,XERVAS__ligand30296-0
72,XERVAS__ligand1219-0
73,XERVAS__ligand6709-0
74,XERVAS__ligand7867-0
75,XERVAS__ligand17281-0
76,XERVAS__ligand7280-0
77,XERVAS__ligand12606-0
78,XERVAS__ligand1790-0
79,XERVAS__ligand1304-0
80,XERVAS__ligand115-0
81,XERVAS__ligand30333-0
82,XERVAS__ligand7238-0
83,XERVAS__ligand27460-0
84,XERVAS__ligand9784-0
85,XERVAS__ligand7629-0
86,XERVAS__ligand1451-0
87,XERVAS__ligand4272-0
88,XERVAS__ligand4093-0
89,XERVAS__ligand4442-0
90,XERVAS__ligand833-0
91,XERVAS__ligand3954-0
92,XERVAS__ligand16628-0
93,XERVAS__ligand1160-0
94,XERVAS__ligand12427-0
95,XERVAS__ligand8699-0
96,XERVAS__ligand9520-0
97,XERVAS__ligand20740-0
98,XERVAS__ligand28468-0
99,XERVAS__ligand15422-0
100,XERVAS__ligand20578-0
101,XERVAS__ligand12934-0
102,XERVAS__ligand5256-0
103,XERVAS__ligand8876-0
104,XERVAS__ligand2828-0
105,XERVAS__ligand7648-0
106,XERVAS__ligand19641-0
107,XERVAS__ligand9833-0
108,XERVAS__ligand4157-0
109,XERVAS__ligand14723-0
110,XERVAS__ligand27893-0
111,XERVAS__ligand30988-0
112,XERVAS__ligand784-0
113,XERVAS__ligand2232-0
114,XERVAS__ligand23713-0
115,XERVAS__ligand9291-0
116,XERVAS__ligand18832-0
117,XERVAS__ligand27175-0
118,XERVAS__ligand2176-0
119,XERVAS__ligand7000-0
120,XERVAS__ligand13012-0
121,XERVAS__ligand1982-0
122,XERVAS__ligand17631-0
123,XERVAS__ligand395-0
124,XERVAS__ligand6768-0
125,XERVAS__ligand26665-0
126,XERVAS__ligand8115-0
127,XERVAS__ligand14297-0
128,XERVAS__ligand14603-0
129,XERVAS__ligand1285-0
130,XERVAS__ligand17258-0
131,XERVAS__ligand368-0
132,XERVAS__ligand31783-0
133,XERVAS__ligand4503-0
134,XERVAS__ligand4546-0
135,XERVAS__ligand9601-0
136,XERVAS__ligand813-0
137,XERVAS__ligand8992-0
138,XERVAS__ligand314-0
139,XERVAS__ligand780-0
140,XERVAS__ligand17261-0
141,XERVAS__ligand14117-0
142,XERVAS__ligand4116-0
143,XERVAS__ligand21581-0
144,XERVAS__ligand31097-0
145,XERVAS__ligand1018-0
146,XERVAS__ligand20539-0
147,XERVAS__ligand3707-0
148,XERVAS__ligand6124-0
149,XERVAS__ligand7967-0
150,XERVAS__ligand20251-0
151,XERVAS__ligand30702-0
152,XERVAS__ligand20214-0
153,XERVAS__ligand618-0
154,XERVAS__ligand30851-0
155,XERVAS__ligand8721-0
156,XERVAS__ligand14889-0
157,XERVAS__ligand66-0
158,XERVAS__ligand1324-0
159,XERVAS__ligand29568-0
160,XERVAS__ligand5643-0
161,XERVAS__ligand1823-0
162,XERVAS__ligand2526-0
163,XERVAS__ligand5036-0
164,XERVAS__ligand1615-0
165,XERVAS__ligand28789-0
166,XERVAS__ligand391-0
167,XERVAS__ligand20419-0
168,XERVAS__ligand9952-0
169,XERVAS__ligand9111-0
170,XERVAS__ligand17118-0
171,XERVAS__ligand21371-0
172,XERVAS__ligand11675-0
173,XERVAS__ligand2332-0
174,XERVAS__ligand20598-0
175,XERVAS__ligand9441-0
176,XERVAS__ligand22557-0
177,XERVAS__ligand10589-0
178,XERVAS__ligand24047-0
179,XERVAS__ligand42-0
180,XERVAS__ligand17398-0
181,XERVAS__ligand9933-0
182,XERVAS__ligand1530-0
183,XERVAS__ligand1575-0
184,XERVAS__ligand20011-0
185,XERVAS__ligand17278-0
186,XERVAS__ligand29414-0
187,XERVAS__ligand17982-0
188,XERVAS__ligand1631-0
189,XERVAS__ligand465-0
190,XERVAS__ligand20251-1
191,XERVAS__ligand3156-0
192,XERVAS__ligand2915-0
193,XERVAS__ligand314-1
194,XERVAS__ligand1378-0
195,XERVAS__ligand6244-0
196,XERVAS__ligand14703-0
197,XERVAS__ligand16475-0
198,XERVAS__ligand7819-0
199,XERVAS__ligand2917-0
200,XERVAS__ligand11456-0
201,XERVAS__ligand10712-0
202,XERVAS__ligand14174-0
203,XERVAS__ligand196-0
204,XERVAS__ligand3465-0
205,XERVAS__ligand6596-0
206,XERVAS__ligand3721-0
207,XERVAS__ligand6904-0
208,XERVAS__ligand6102-0
209,XERVAS__ligand38-0
210,XERVAS__ligand25411-0
211,XERVAS__ligand31832-0
212,XERVAS__ligand13294-0
213,XERVAS__ligand4620-0
214,XERVAS__ligand686-0
215,XERVAS__ligand13331-0
216,XERVAS__ligand422-0
217,XERVAS__ligand28884-0
218,XERVAS__ligand2295-0
219,XERVAS__ligand12030-0
220,XERVAS__ligand1577-0
221,XERVAS__ligand6067-0
222,XERVAS__ligand29879-0
223,XERVAS__ligand14248-0
224,XERVAS__ligand4641-0
225,XERVAS__ligand13208-0
226,XERVAS__ligand27482-0
227,XERVAS__ligand26810-0
228,XERVAS__ligand393-0
229,XERVAS__ligand1142-0
230,XERVAS__ligand353-0
231,XERVAS__ligand3234-0
232,XERVAS__ligand13390-0
233,XERVAS__ligand8835-0
234,XERVAS__ligand2028-0
235,XERVAS__ligand20682-0
236,XERVAS__ligand7126-0
237,XERVAS__ligand9148-0
238,XERVAS__ligand17590-0
239,XERVAS__ligand370-0
240,XERVAS__ligand17240-0
241,XERVAS__ligand7529-0
242,XERVAS__ligand12682-0
243,XERVAS__ligand18699-0
244,XERVAS__ligand6946-0
245,XERVAS__ligand1415-0
246,XERVAS__ligand2830-0
247,XERVAS__ligand5627-0
248,XERVAS__ligand250-0
249,XERVAS__ligand1729-0
250,XERVAS__ligand5483-0
251,XERVAS__ligand12336-0
252,XERVAS__ligand5316-0
253,XERVAS__ligand13072-0
254,XERVAS__ligand188-0
255,XERVAS__ligand7530-0
256,XERVAS__ligand1065-0
257,XERVAS__ligand1449-0
258,XERVAS__ligand31483-0
259,XERVAS__ligand10555-0
260,XERVAS__ligand3012-0
261,XERVAS__ligand4332-0
262,XERVAS__ligand19725-0
263,XERVAS__ligand9681-0
264,XERVAS__ligand24613-0
265,XERVAS__ligand479-0
266,XERVAS__ligand6455-0
267,XERVAS__ligand785-0
268,XERVAS__ligand311-0
269,XERVAS__ligand6882-0
270,XERVAS__ligand11774-0
271,XERVAS__ligand14586-0
272,XERVAS__ligand21421-0
273,XERVAS__ligand3934-0
274,XERVAS__ligand20579-0
275,XERVAS__ligand17710-0
276,XERVAS__ligand620-0
277,XERVAS__ligand11568-0
278,XERVAS__ligand370-1
279,XERVAS__ligand564-0
280,XERVAS__ligand2403-0
281,XERVAS__ligand3973-0
282,XERVAS__ligand10432-0
283,XERVAS__ligand31618-0
284,XERVAS__ligand11432-0
285,XERVAS__ligand22755-0
286,XERVAS__ligand1147-0
287,XERVAS__ligand26277-0
288,XERVAS__ligand29898-0
289,XERVAS__ligand19-0
290,XERVAS__ligand2068-0
291,XERVAS__ligand909-0
292,XERVAS__ligand7925-0
293,XERVAS__ligand24-0
294,XERVAS__ligand23589-0
295,XERVAS__ligand4194-0
296,XERVAS__ligand177-0
297,XERVAS__ligand7532-0
298,XERVAS__ligand24064-0
299,XERVAS__ligand15168-0
300,XERVAS__ligand8-0
301,XERVAS__ligand2599-0
302,XERVAS__ligand4330-0
303,XERVAS__ligand252-0
304,XERVAS__ligand15438-0
305,XERVAS__ligand45-0
306,XERVAS__ligand116-0
307,XERVAS__ligand28924-0
308,XERVAS__ligand6283-0
309,XERVAS__ligand6062-0
310,XERVAS__ligand18703-0
311,XERVAS__ligand29087-0
312,XERVAS__ligand5813-0
313,XERVAS__ligand4813-0
314,XERVAS__ligand4738-0
315,XERVAS__ligand3215-0
316,XERVAS__ligand372-0
317,XERVAS__ligand17207-0
318,XERVAS__ligand31578-0
319,XERVAS__ligand18013-0
320,XERVAS__ligand25224-0
321,XERVAS__ligand830-0
322,XERVAS__ligand17945-0
323,XERVAS__ligand7107-0
324,XERVAS__ligand78-0
325,XERVAS__ligand193-0
326,XERVAS__ligand24750-0
327,XERVAS__ligand25689-0
328,XERVAS__ligand1533-0
329,XERVAS__ligand25575-0
330,XERVAS__ligand21787-0
331,XERVAS__ligand27835-0
332,XERVAS__ligand12295-0
333,XERVAS__ligand7557-0
334,XERVAS__ligand1496-0
335,XERVAS__ligand1712-0
336,XERVAS__ligand4131-0
337,XERVAS__ligand197-0
338,XERVAS__ligand11166-0
339,XERVAS__ligand21132-0
340,XERVAS__ligand23906-0
341,XERVAS__ligand5892-0
342,XERVAS__ligand5094-0
343,XERVAS__ligand30539-0
344,XERVAS__ligand23124-0
345,XERVAS__ligand3029-0
346,XERVAS__ligand11206-0
347,XERVAS__ligand7162-0
348,XERVAS__ligand2328-0
349,XERVAS__ligand12519-0
350,XERVAS__ligand25735-0
351,XERVAS__ligand4581-0
352,XERVAS__ligand1773-0
353,XERVAS__ligand352-0
354,XERVAS__ligand1900-0
355,XERVAS__ligand783-0
356,XERVAS__ligand9197-0
357,XERVAS__ligand868-0
358,XERVAS__ligand25650-0
359,XERVAS__ligand3208-0
360,XERVAS__ligand2208-0
361,XERVAS__ligand31248-0
362,XERVAS__ligand2781-0
363,XERVAS__ligand7573-0
364,XERVAS__ligand3350-0
365,XERVAS__ligand19257-0
366,XERVAS__ligand13209-0
367,XERVAS__ligand12660-0
368,XERVAS__ligand1327-0
369,XERVAS__ligand9809-0
370,XERVAS__ligand6672-0
371,XERVAS__ligand8722-0
372,XERVAS__ligand2527-0
373,XERVAS__ligand18799-0
374,XERVAS__ligand18465-0
375,XERVAS__ligand28668-0
376,XERVAS__ligand67-0
377,XERVAS__ligand134-0
378,XERVAS__ligand1709-0
379,XERVAS__ligand8464-0
380,XERVAS__ligand8349-0
381,XERVAS__ligand16791-0
382,XERVAS__ligand235-0
383,XERVAS__ligand4911-0
384,XERVAS__ligand560-0
385,XERVAS__ligand1771-0
386,XERVAS__ligand11140-0
387,XERVAS__ligand3392-0
388,XERVAS__ligand29610-0
389,XERVAS__ligand13869-0
390,XERVAS__ligand18074-0
391,XERVAS__ligand29863-0
392,XERVAS__ligand5849-0
393,XERVAS__ligand23904-0
394,XERVAS__ligand1379-0
395,XERVAS__ligand294-0
396,XERVAS__ligand2722-0
397,XERVAS__ligand21936-0
398,XERVAS__ligand13257-0
399,XERVAS__ligand5935-0
400,XERVAS__ligand1165-0
401,XERVAS__ligand12467-0
402,XERVAS__ligand9525-0
403,XERVAS__ligand10084-0
404,XERVAS__ligand3157-0
405,XERVAS__ligand25267-0
406,XERVAS__ligand1688-0
407,XERVAS__ligand18391-0
408,XERVAS__ligand14523-0
409,XERVAS__ligand5357-0
410,XERVAS__ligand27169-0
411,XERVAS__ligand3647-0
412,XERVAS__ligand5056-0
413,XERVAS__ligand4850-0
414,XERVAS__ligand421-0
415,XERVAS__ligand20599-0
416,XERVAS__ligand685-0
417,XERVAS__ligand25805-0
418,XERVAS__ligand1768-0
419,XERVAS__ligand22981-0
420,XERVAS__ligand43-0
421,XERVAS__ligand3871-0
422,XERVAS__ligand1469-0
423,XERVAS__ligand27074-0
424,XERVAS__ligand9615-0
425,XERVAS__ligand11798-0
426,XERVAS__ligand20731-0
427,XERVAS__ligand29334-0
428,XERVAS__ligand300-0
429,XERVAS__ligand1154-0
430,XERVAS__ligand12413-0
431,XERVAS__ligand17445-0
432,XERVAS__ligand4596-0
433,XERVAS__ligand1498-0
434,XERVAS__ligand14477-0
435,XERVAS__ligand17069-0
436,XERVAS__ligand588-0
437,XERVAS__ligand11544-0
438,XERVAS__ligand11501-0
439,XERVAS__ligand199-0
440,XERVAS__ligand29214-0
441,XERVAS__ligand8529-0
442,XERVAS__ligand11758-0
443,XERVAS__ligand22357-0
444,XERVAS__ligand1169-0
445,XERVAS__ligand21448-0
446,XERVAS__ligand1050-0
447,XERVAS__ligand1015-0
448,XERVAS__ligand14007-0
449,XERVAS__ligand18019-1
450,XERVAS__ligand2027-0
451,XERVAS__ligand27550-0
452,XERVAS__ligand2692-0
453,XERVAS__ligand324-0
454,XERVAS__ligand361-0
455,XERVAS__ligand1618-0
456,XERVAS__ligand409-0
457,XERVAS__ligand16956-0
458,XERVAS__ligand21339-0
459,XERVAS__ligand14226-0
460,XERVAS__ligand20942-1
461,XERVAS__ligand27771-0
462,XERVAS__ligand18158-0
463,XERVAS__ligand4262-0
464,XERVAS__ligand1028-0
465,XERVAS__ligand23682-0
466,XERVAS__ligand29565-0
467,XERVAS__ligand5415-0
468,XERVAS__ligand21752-0
469,XERVAS__ligand326-0
470,XERVAS__ligand13691-0
471,XERVAS__ligand4124-0
472,XERVAS__ligand30788-0
473,XERVAS__ligand4161-0
474,XERVAS__ligand3471-0
475,XERVAS__ligand14339-0
476,XERVAS__ligand69-0
477,XERVAS__ligand11-0
478,XERVAS__ligand2823-0
479,XERVAS__ligand692-0
480,XERVAS__ligand6995-0
481,XERVAS__ligand436-0
482,XERVAS__ligand3180-0
483,XERVAS__ligand24624-0
484,XERVAS__ligand20844-0
485,XERVAS__ligand18413-0
486,XERVAS__ligand4340-0
487,XERVAS__ligand2650-0
488,XERVAS__ligand2281-0
489,XERVAS__ligand24560-0
490,XERVAS__ligand18757-0
491,XERVAS__ligand7566-0
492,XERVAS__ligand2001-0
493,XERVAS__ligand20557-0
494,XERVAS__ligand30004-0
495,XERVAS__ligand8593-0
496,XERVAS__ligand9944-0
497,XERVAS__ligand1113-0
498,XERVAS__ligand23445-0
499,XERVAS__ligand8553-0
500,XERVAS__ligand24953-0
501,XERVAS__ligand16133-0
502,XERVAS__ligand13755-0
503,XERVAS__ligand497-0
504,XERVAS__ligand20432-0
505,XERVAS__ligand27122-0
506,XERVAS__ligand5201-0
507,XERVAS__ligand633-0
508,XERVAS__ligand21940-0
509,XERVAS__ligand25048-0
510,XERVAS__ligand20821-0
511,XERVAS__ligand416-0
512,XERVAS__ligand26673-0
513,XERVAS__ligand383-0
514,XERVAS__ligand162-0
515,XERVAS__ligand6663-0
516,XERVAS__ligand5515-0
517,XERVAS__ligand31000-0
518,XERVAS__ligand1831-0
519,XERVAS__ligand226-0
520,XERVAS__ligand5614-0
521,XERVAS__ligand5280-0
522,XERVAS__ligand11606-0
523,XERVAS__ligand89-0
524,XERVAS__ligand1849-0
525,XERVAS__ligand13260-0
526,XERVAS__ligand10582-0
527,XERVAS__ligand49-0
528,XERVAS__ligand11252-0
529,XERVAS__ligand1216-0
530,XERVAS__ligand18067-0
531,XERVAS__ligand19824-0
532,XERVAS__ligand3261-0
533,XERVAS__ligand1152-0
534,XERVAS__ligand5019-0
535,XERVAS__ligand656-0
536,XERVAS__ligand15455-0
537,XERVAS__ligand6112-0
538,XERVAS__ligand8042-0
539,XERVAS__ligand11177-0
540,XERVAS__ligand7213-0
541,XERVAS__ligand1397-0
542,XERVAS__ligand1828-0
543,XERVAS__ligand31205-0
544,XERVAS__ligand5755-0
545,XERVAS__ligand17686-0
546,XERVAS__ligand4710-0
547,XERVAS__ligand4-0
548,XERVAS__ligand25658-0
549,XERVAS__ligand5085-0
550,XERVAS__ligand3144-0
551,XERVAS__ligand3285-0
552,XERVAS__ligand4795-0
553,XERVAS__ligand16603-0
554,XERVAS__ligand11814-0
555,XERVAS__ligand1908-0
556,XERVAS__ligand696-0
557,XERVAS__ligand5630-0
558,XERVAS__ligand11622-0
559,XERVAS__ligand1786-0
560,XERVAS__ligand16870-0
561,XERVAS__ligand358-0
562,XERVAS__ligand1149-0
563,XERVAS__ligand430-0
564,XERVAS__ligand3557-0
565,XERVAS__ligand10853-0
566,XERVAS__ligand3980-0
567,XERVAS__ligand29441-0
568,XERVAS__ligand11479-0
569,XERVAS__ligand488-0
570,XERVAS__ligand27610-0
571,XERVAS__ligand10479-0
572,XERVAS__ligand7075-0
573,XERVAS__ligand14302-0
574,XERVAS__ligand17-0
575,XERVAS__ligand14347-0
576,XERVAS__ligand13657-0
577,XERVAS__ligand11698-0
578,XERVAS__ligand20530-0
579,XERVAS__ligand9750-0
580,XERVAS__ligand1817-0
581,XERVAS__ligand694-0
582,XERVAS__ligand6993-0
583,XERVAS__ligand24851-0
584,XERVAS__ligand1779-0
585,XERVAS__ligand20121-0
586,XERVAS__ligand4167-0
587,XERVAS__ligand15387-0
588,XERVAS__ligand9491-0
589,XERVAS__ligand20220-0
590,XERVAS__ligand1400-0
591,XERVAS__ligand4266-0
592,XERVAS__ligand29813-0
593,XERVAS__ligand16952-0
594,XERVAS__ligand1288-0
595,XERVAS__ligand670-0
596,XERVAS__ligand4207-0
597,XERVAS__ligand3416-0
598,XERVAS__ligand571-0
599,XERVAS__ligand10151-0
600,XERVAS__ligand3453-0
601,XERVAS__ligand534-0
602,XERVAS__ligand1150-0
603,XERVAS__ligand1539-0
604,XERVAS__ligand4063-0
605,XERVAS__ligand7438-0
606,XERVAS__ligand8200-0
607,XERVAS__ligand22353-0
608,XERVAS__ligand19906-0
609,XERVAS__ligand3042-0
610,XERVAS__ligand19668-0
611,XERVAS__ligand2238-0
612,XERVAS__ligand5304-0
613,XERVAS__ligand25561-0
614,XERVAS__ligand9167-0
615,XERVAS__ligand24780-0
616,XERVAS__ligand12138-0
617,XERVAS__ligand22129-0
618,XERVAS__ligand1317-0
619,XERVAS__ligand3867-0
620,XERVAS__ligand2822-0
621,XERVAS__ligand55-0
622,XERVAS__ligand7293-0
623,XERVAS__ligand11949-0
624,XERVAS__ligand693-0
625,XERVAS__ligand17427-0
626,XERVAS__ligand1407-0
627,XERVAS__ligand6117-0
628,XERVAS__ligand5509-0
629,XERVAS__ligand68-0
630,XERVAS__ligand8002-0
631,XERVAS__ligand7762-0
632,XERVAS__ligand5080-0
633,XERVAS__ligand29486-0
634,XERVAS__ligand31694-0
635,XERVAS__ligand1-0
636,XERVAS__ligand15788-0
637,XERVAS__ligand23175-0
638,XERVAS__ligand17396-0
639,XERVAS__ligand5595-0
640,XERVAS__ligand13220-0
641,XERVAS__ligand11587-0
642,XERVAS__ligand4101-0
643,XERVAS__ligand2221-0
644,XERVAS__ligand22444-0
645,XERVAS__ligand24111-0
646,XERVAS__ligand13385-0
647,XERVAS__ligand3120-0
648,XERVAS__ligand3926-0
649,XERVAS__ligand4358-0
650,XERVAS__ligand14569-0
651,XERVAS__ligand5099-0
652,XERVAS__ligand8592-0
653,XERVAS__ligand1197-0
654,XERVAS__ligand12001-0
655,XERVAS__ligand757-0
656,XERVAS__ligand2259-0
657,XERVAS__ligand24644-0
658,XERVAS__ligand1296-0
659,XERVAS__ligand10033-0
660,XERVAS__ligand24872-0
661,XERVAS__ligand122-0
662,XERVAS__ligand30728-0
663,XERVAS__ligand1376-0
664,XERVAS__ligand34-0
665,XERVAS__ligand5510-0
666,XERVAS__ligand27840-0
667,XERVAS__ligand9773-0
668,XERVAS__ligand1294-0
669,XERVAS__ligand10872-0
670,XERVAS__ligand21399-0
671,XERVAS__ligand1168-0
672,XERVAS__ligand12003-0
673,XERVAS__ligand384-0
674,XERVAS__ligand3632-0
675,XERVAS__ligand3677-0
676,XERVAS__ligand16148-0
677,XERVAS__ligand26631-0
678,XERVAS__ligand6699-0
679,XERVAS__ligand29215-0
680,XERVAS__ligand11111-0
681,XERVAS__ligand2881-0
682,XERVAS__ligand28540-0
683,XERVAS__ligand1499-0
684,XERVAS__ligand16369-0
685,XERVAS__ligand1464-0
686,XERVAS__ligand3712-0
687,XERVAS__ligand20695-0
688,XERVAS__ligand27754-0
689,XERVAS__ligand768-0
690,XERVAS__ligand1211-0
691,XERVAS__ligand22403-0
692,XERVAS__ligand6892-0
693,XERVAS__ligand8000-0
694,XERVAS__ligand3736-0
695,XERVAS__ligand9344-0
696,XERVAS__ligand11618-0
697,XERVAS__ligand26529-0
698,XERVAS__ligand5383-0
699,XERVAS__ligand2693-0
700,XERVAS__ligand3-0
701,XERVAS__ligand3945-0
702,XERVAS__ligand9299-0
703,XERVAS__ligand4007-0
704,XERVAS__ligand27239-0
705,XERVAS__ligand2985-0
706,XERVAS__ligand21729-0
707,XERVAS__ligand240-0
708,XERVAS__ligand14043-0
709,XERVAS__ligand26324-0
710,XERVAS__ligand3677-1
711,XERVAS__ligand28559-0
712,XERVAS__ligand9883-0
713,XERVAS__ligand141-0
714,XERVAS__ligand57-0
715,XERVAS__ligand7291-0
716,XERVAS__ligand19927-0
717,XERVAS__ligand27669-0
718,XERVAS__ligand30142-0
719,XERVAS__ligand2203-0
720,XERVAS__ligand5387-0
721,XERVAS__ligand13477-0
722,XERVAS__ligand14167-0
723,XERVAS__ligand321-0
724,XERVAS__ligand1289-0
725,XERVAS__ligand279-0
726,XERVAS__ligand185-0
727,XERVAS__ligand178-0
728,XERVAS__ligand16-0
729,XERVAS__ligand201-0
730,XERVAS__ligand23197-0
731,XERVAS__ligand9450-0
732,XERVAS__ligand1599-0
733,XERVAS__ligand29029-0
734,XERVAS__ligand27285-0
735,XERVAS__ligand2612-0
736,XERVAS__ligand28685-0
737,XERVAS__ligand18568-0
738,XERVAS__ligand1832-0
739,XERVAS__ligand8788-0
740,XERVAS__ligand2043-0
741,XERVAS__ligand32-0
742,XERVAS__ligand13672-0
743,XERVAS__ligand10371-0
744,XERVAS__ligand1228-0
745,XERVAS__ligand9943-0
746,XERVAS__ligand1604-0
747,XERVAS__ligand338-0
748,XERVAS__ligand28459-0
749,XERVAS__ligand18448-0
750,XERVAS__ligand1114-0
751,XERVAS__ligand12453-0
752,XERVAS__ligand9284-0
753,XERVAS__ligand6391-0
754,XERVAS__ligand3126-0
755,XERVAS__ligand2417-0
756,XERVAS__ligand19184-0
757,XERVAS__ligand2124-0
758,XERVAS__ligand845-0
759,XERVAS__ligand8612-0
760,XERVAS__ligand7092-0
761,XERVAS__ligand2260-0
762,XERVAS__ligand3225-0
763,XERVAS__ligand1153-0
764,XERVAS__ligand1116-0
765,XERVAS__ligand25913-0
766,XERVAS__ligand16988-0
767,XERVAS__ligand9323-0
768,XERVAS__ligand7273-0
769,XERVAS__ligand30711-0
770,XERVAS__ligand20207-0
771,XERVAS__ligand48-0
772,XERVAS__ligand11682-0
773,XERVAS__ligand7172-0
774,XERVAS__ligand126-0
775,XERVAS__ligand163-0
776,XERVAS__ligand11994-0
777,XERVAS__ligand5180-0
778,XERVAS__ligand31842-0
779,XERVAS__ligand31044-0
780,XERVAS__ligand24035-0
781,XERVAS__ligand5708-0
782,XERVAS__ligand14614-0
783,XERVAS__ligand7316-0
784,XERVAS__ligand6017-0
785,XERVAS__ligand16663-0
786,XERVAS__ligand5159-0
787,XERVAS__ligand21919-0
788,XERVAS__ligand7196-0
789,XERVAS__ligand22294-0
790,XERVAS__ligand9753-0
791,XERVAS__ligand28930-0
792,XERVAS__ligand941-0
793,XERVAS__ligand1787-0
794,XERVAS__ligand596-0
795,XERVAS__ligand22168-0
796,XERVAS__ligand1356-0
797,XERVAS__ligand51-0
798,XERVAS__ligand5530-0
799,XERVAS__ligand15531-0
800,XERVAS__ligand777-0
801,XERVAS__ligand28743-0
802,XERVAS__ligand13862-0
803,XERVAS__ligand11357-0
804,XERVAS__ligand3178-0
805,XERVAS__ligand10056-0
806,XERVAS__ligand4807-0
807,XERVAS__ligand12365-0
808,XERVAS__ligand10828-0
809,XERVAS__ligand19792-0
810,XERVAS__ligand366-0
811,XERVAS__ligand4711-0
812,XERVAS__ligand3244-0
813,XERVAS__ligand15926-0
814,XERVAS__ligand24230-0
815,XERVAS__ligand11096-0
816,XERVAS__ligand11447-0
817,XERVAS__ligand2906-0
818,XERVAS__ligand28810-0
819,XERVAS__ligand15883-0
820,XERVAS__ligand657-0
821,XERVAS__ligand11970-0
822,XERVAS__ligand91-0
823,XERVAS__ligand187-0
824,XERVAS__ligand4649-0
825,XERVAS__ligand8793-0
826,XERVAS__ligand5649-0
827,XERVAS__ligand2788-0
