,TMC
0,IJOQON__ligand34-0
1,IJOQON__ligand141-0
2,IJOQON__ligand8774-0
3,IJOQON__ligand240-0
4,IJOQON__ligand3637-0
5,IJOQON__ligand1054-0
6,IJOQON__ligand120-0
7,IJOQON__ligand6294-0
8,IJOQON__ligand4303-0
9,IJOQON__ligand95-0
10,IJOQON__ligand1248-0
11,IJOQON__ligand384-0
12,IJOQON__ligand1598-0
13,IJOQON__ligand55-0
14,IJOQON__ligand7464-0
15,IJOQON__ligand2907-0
16,IJOQON__ligand57-0
17,IJOQON__ligand797-0
18,IJOQON__ligand1703-0
19,IJOQON__ligand2430-0
20,IJOQON__ligand2862-0
21,IJOQON__ligand2320-0
22,IJOQON__ligand1056-0
23,IJOQON__ligand2510-0
24,IJOQON__ligand8921-0
25,IJOQON__ligand757-0
26,IJOQON__ligand2285-0
27,IJOQON__ligand1567-0
28,IJOQON__ligand1607-0
29,IJOQON__ligand73-0
30,IJOQON__ligand1152-0
31,IJOQON__ligand1727-0
32,IJOQON__ligand1502-0
33,IJOQON__ligand596-0
34,IJOQON__ligand4983-0
35,IJOQON__ligand2345-0
36,IJOQON__ligand2794-0
37,IJOQON__ligand1835-0
38,IJOQON__ligand1-0
39,IJOQON__ligand187-0
40,IJOQON__ligand612-0
41,IJOQON__ligand9027-0
42,IJOQON__ligand861-0
43,IJOQON__ligand6396-0
44,IJOQON__ligand366-0
45,IJOQON__ligand32-0
46,IJOQON__ligand1113-0
47,IJOQON__ligand2265-0
48,IJOQON__ligand1273-0
49,IJOQON__ligand1052-0
50,IJOQON__ligand126-0
51,IJOQON__ligand29-0
52,IJOQON__ligand91-0
53,IJOQON__ligand124-0
54,IJOQON__ligand2864-0
55,IJOQON__ligand6538-0
56,IJOQON__ligand6151-0
57,IJOQON__ligand119-0
58,IJOQON__ligand2772-0
59,IJOQON__ligand9495-0
60,IJOQON__ligand2142-0
61,IJOQON__ligand51-0
62,IJOQON__ligand2838-0
63,IJOQON__ligand3838-0
64,IJOQON__ligand1799-0
65,IJOQON__ligand178-0
66,IJOQON__ligand5941-0
67,IJOQON__ligand2880-0
68,IJOQON__ligand3-0
69,IJOQON__ligand279-0
70,IJOQON__ligand321-0
71,IJOQON__ligand1169-0
72,IJOQON__ligand48-0
73,IJOQON__ligand5022-0
74,IJOQON__ligand244-0
75,IJOQON__ligand201-0
76,IJOQON__ligand100-0
77,IJOQON__ligand6332-0
78,IJOQON__ligand3178-0
79,IJOQON__ligand838-0
80,IJOQON__ligand2863-0
81,IJOQON__ligand166-0
82,IJOQON__ligand6502-0
83,IJOQON__ligand2098-0
84,IJOQON__ligand532-0
85,IJOQON__ligand6686-0
86,IJOQON__ligand1747-0
87,IJOQON__ligand633-0
88,IJOQON__ligand5548-0
89,IJOQON__ligand11730-0
90,IJOQON__ligand918-0
91,IJOQON__ligand7915-0
92,IJOQON__ligand3145-0
93,IJOQON__ligand497-0
94,IJOQON__ligand2751-0
95,IJOQON__ligand283-0
96,IJOQON__ligand4-0
97,IJOQON__ligand553-0
98,IJOQON__ligand326-0
99,IJOQON__ligand821-0
100,IJOQON__ligand2634-0
101,IJOQON__ligand1542-0
102,IJOQON__ligand436-0
103,IJOQON__ligand206-0
104,IJOQON__ligand142-0
105,IJOQON__ligand3041-0
106,IJOQON__ligand9244-0
107,IJOQON__ligand1228-0
108,IJOQON__ligand105-0
109,IJOQON__ligand140-0
110,IJOQON__ligand6-0
111,IJOQON__ligand1538-0
112,IJOQON__ligand1114-0
113,IJOQON__ligand409-0
114,IJOQON__ligand361-0
115,IJOQON__ligand324-0
116,IJOQON__ligand575-0
117,IJOQON__ligand11-0
118,IJOQON__ligand3246-0
119,IJOQON__ligand1148-0
120,IJOQON__ligand199-0
121,IJOQON__ligand1479-0
122,IJOQON__ligand927-0
123,IJOQON__ligand1171-0
124,IJOQON__ligand571-0
125,IJOQON__ligand118-0
126,IJOQON__ligand670-0
127,IJOQON__ligand1438-0
128,IJOQON__ligand3063-0
129,IJOQON__ligand509-0
130,IJOQON__ligand5801-0
131,IJOQON__ligand669-0
132,IJOQON__ligand1459-0
133,IJOQON__ligand1544-0
134,IJOQON__ligand49-0
135,IJOQON__ligand430-0
136,IJOQON__ligand358-0
137,IJOQON__ligand365-0
138,IJOQON__ligand1685-0
139,IJOQON__ligand89-0
140,IJOQON__ligand3757-0
141,IJOQON__ligand1048-0
142,IJOQON__ligand278-0
143,IJOQON__ligand2087-0
144,IJOQON__ligand1687-0
145,IJOQON__ligand1951-0
146,IJOQON__ligand6277-0
147,IJOQON__ligand2768-0
148,IJOQON__ligand1376-0
149,IJOQON__ligand2688-0
150,IJOQON__ligand2259-0
151,IJOQON__ligand226-0
152,IJOQON__ligand162-0
153,IJOQON__ligand383-0
154,IJOQON__ligand92-0
155,IJOQON__ligand4381-0
156,IJOQON__ligand17-0
157,IJOQON__ligand2629-0
158,IJOQON__ligand3734-0
159,IJOQON__ligand1706-0
160,IJOQON__ligand4370-0
161,IJOQON__ligand955-0
162,IJOQON__ligand252-0
163,IJOQON__ligand193-0
164,IJOQON__ligand1436-0
165,IJOQON__ligand3618-0
166,IJOQON__ligand2618-0
167,IJOQON__ligand830-0
168,IJOQON__ligand909-0
169,IJOQON__ligand4175-0
170,IJOQON__ligand2255-0
171,IJOQON__ligand851-0
172,IJOQON__ligand1918-0
173,IJOQON__ligand934-0
174,IJOQON__ligand177-0
175,IJOQON__ligand3196-0
176,IJOQON__ligand4012-0
177,IJOQON__ligand369-0
178,IJOQON__ligand444-0
179,IJOQON__ligand78-0
180,IJOQON__ligand85-0
181,IJOQON__ligand188-0
182,IJOQON__ligand2915-0
183,IJOQON__ligand311-0
184,IJOQON__ligand45-0
185,IJOQON__ligand2707-0
186,IJOQON__ligand370-0
187,IJOQON__ligand1690-0
188,IJOQON__ligand1551-0
189,IJOQON__ligand460-0
190,IJOQON__ligand2526-0
191,IJOQON__ligand250-0
192,IJOQON__ligand4423-0
193,IJOQON__ligand1907-0
194,IJOQON__ligand331-0
195,IJOQON__ligand993-0
196,IJOQON__ligand3890-0
197,IJOQON__ligand294-0
198,IJOQON__ligand7630-0
199,IJOQON__ligand15630-0
200,IJOQON__ligand584-0
201,IJOQON__ligand916-0
202,IJOQON__ligand10357-0
203,IJOQON__ligand421-0
204,IJOQON__ligand1285-0
205,IJOQON__ligand798-0
206,IJOQON__ligand1555-0
207,IJOQON__ligand235-0
208,IJOQON__ligand7550-0
209,IJOQON__ligand932-0
210,IJOQON__ligand134-0
211,IJOQON__ligand390-0
212,IJOQON__ligand2253-0
213,IJOQON__ligand1160-0
214,IJOQON__ligand5093-0
215,IJOQON__ligand2954-0
216,IJOQON__ligand109-0
217,IJOQON__ligand2762-0
218,IJOQON__ligand1038-0
219,IJOQON__ligand560-0
220,IJOQON__ligand525-0
221,IJOQON__ligand3251-0
222,IJOQON__ligand352-0
223,IJOQON__ligand783-0
224,IJOQON__ligand4619-0
225,IJOQON__ligand5235-0
226,IJOQON__ligand6143-0
227,IJOQON__ligand3035-0
228,IJOQON__ligand3070-0
229,IJOQON__ligand2718-0
230,IJOQON__ligand136-0
231,IJOQON__ligand1493-0
232,IJOQON__ligand8-0
233,IJOQON__ligand442-0
234,IJOQON__ligand9176-0
235,IJOQON__ligand868-0
236,IJOQON__ligand3478-0
237,IJOQON__ligand112-0
238,IJOQON__ligand3852-0
239,IJOQON__ligand5758-0
240,IJOQON__ligand7456-0
241,IJOQON__ligand67-0
242,IJOQON__ligand296-0
243,IJOQON__ligand1818-0
244,IJOQON__ligand197-0
245,IJOQON__ligand485-0
246,IJOQON__ligand1264-0
247,IJOQON__ligand1221-0
248,IJOQON__ligand1299-0
249,IJOQON__ligand355-0
250,IJOQON__ligand784-0
251,IJOQON__ligand6430-0
252,IJOQON__ligand1379-0
253,IJOQON__ligand2376-0
254,IJOQON__ligand2929-0
255,IJOQON__ligand6571-0
256,IJOQON__ligand1325-0
257,IJOQON__ligand2482-0
258,IJOQON__ligand115-0
259,IJOQON__ligand18-0
260,IJOQON__ligand7414-0
261,IJOQON__ligand5762-0
262,IJOQON__ligand1104-0
263,IJOQON__ligand291-0
264,IJOQON__ligand1019-0
265,IJOQON__ligand2442-0
266,IJOQON__ligand62-0
267,IJOQON__ligand1858-0
268,IJOQON__ligand8032-0
269,IJOQON__ligand1898-0
270,IJOQON__ligand3051-0
271,IJOQON__ligand4504-0
272,IJOQON__ligand2480-0
273,IJOQON__ligand682-0
274,IJOQON__ligand2315-0
275,IJOQON__ligand5334-0
276,IJOQON__ligand133-0
277,IJOQON__ligand2389-0
278,IJOQON__ligand86-0
279,IJOQON__ligand447-0
280,IJOQON__ligand1919-0
281,IJOQON__ligand3579-0
282,IJOQON__ligand2110-0
283,IJOQON__ligand2916-0
284,IJOQON__ligand487-0
285,IJOQON__ligand666-0
286,IJOQON__ligand522-0
287,IJOQON__ligand1712-0
288,IJOQON__ligand1307-0
289,IJOQON__ligand236-0
290,IJOQON__ligand10114-0
291,IJOQON__ligand353-0
292,IJOQON__ligand6166-0
293,IJOQON__ligand502-0
294,IJOQON__ligand196-0
295,IJOQON__ligand66-0
296,IJOQON__ligand1246-0
297,IJOQON__ligand5089-0
298,IJOQON__ligand2599-0
299,IJOQON__ligand422-0
300,IJOQON__ligand10479-0
301,IJOQON__ligand113-0
302,IJOQON__ligand3853-0
303,IJOQON__ligand2853-0
304,IJOQON__ligand1178-0
305,IJOQON__ligand3566-0
306,IJOQON__ligand1321-0
307,IJOQON__ligand210-0
308,IJOQON__ligand14530-0
309,IJOQON__ligand1788-0
310,IJOQON__ligand21-0
311,IJOQON__ligand314-0
312,IJOQON__ligand40-0
313,IJOQON__ligand9620-0
314,IJOQON__ligand481-0
315,IJOQON__ligand10910-0
316,IJOQON__ligand1260-0
317,IJOQON__ligand4894-0
318,IJOQON__ligand391-0
319,IJOQON__ligand1449-1
320,IJOQON__ligand4811-0
321,IJOQON__ligand38-0
322,IJOQON__ligand3337-0
323,IJOQON__ligand7514-0
324,IJOQON__ligand170-0
