,TMC
0,UZACUV__ligand3041-0
1,UZACUV__ligand497-0
2,UZACUV__ligand40-0
3,UZACUV__ligand532-0
4,UZACUV__ligand633-0
5,UZACUV__ligand918-0
6,UZACUV__ligand2634-0
7,UZACUV__ligand1542-0
8,UZACUV__ligand166-0
9,UZACUV__ligand38-0
10,UZACUV__ligand2751-0
11,UZACUV__ligand838-0
12,UZACUV__ligand206-0
13,UZACUV__ligand142-0
14,UZACUV__ligand3145-0
15,UZACUV__ligand7915-0
16,UZACUV__ligand5548-0
17,UZACUV__ligand1747-0
18,UZACUV__ligand6686-0
19,UZACUV__ligand436-0
20,UZACUV__ligand326-0
21,UZACUV__ligand2098-0
22,UZACUV__ligand6502-0
23,UZACUV__ligand21-0
24,UZACUV__ligand821-0
25,UZACUV__ligand2863-0
26,UZACUV__ligand3178-0
27,UZACUV__ligand283-0
28,UZACUV__ligand6332-0
29,UZACUV__ligand6-0
30,UZACUV__ligand553-0
31,UZACUV__ligand1479-0
32,UZACUV__ligand409-0
33,UZACUV__ligand66-0
34,UZACUV__ligand361-0
35,UZACUV__ligand324-0
36,UZACUV__ligand1148-0
37,UZACUV__ligand4-0
38,UZACUV__ligand105-0
39,UZACUV__ligand140-0
40,UZACUV__ligand3246-0
41,UZACUV__ligand1114-0
42,UZACUV__ligand199-0
43,UZACUV__ligand927-0
44,UZACUV__ligand1538-0
45,UZACUV__ligand1228-0
46,UZACUV__ligand9244-0
47,UZACUV__ligand575-0
48,UZACUV__ligand11730-0
49,UZACUV__ligand2087-0
50,UZACUV__ligand1048-0
51,UZACUV__ligand3757-0
52,UZACUV__ligand86-0
53,UZACUV__ligand1685-0
54,UZACUV__ligand509-0
55,UZACUV__ligand571-0
56,UZACUV__ligand118-0
57,UZACUV__ligand1544-0
58,UZACUV__ligand670-0
59,UZACUV__ligand1459-0
60,UZACUV__ligand278-0
61,UZACUV__ligand5801-0
62,UZACUV__ligand62-0
63,UZACUV__ligand365-0
64,UZACUV__ligand3063-0
65,UZACUV__ligand1438-0
66,UZACUV__ligand430-0
67,UZACUV__ligand358-0
68,UZACUV__ligand1171-0
69,UZACUV__ligand669-0
70,UZACUV__ligand1706-0
71,UZACUV__ligand18-0
72,UZACUV__ligand3734-0
73,UZACUV__ligand2629-0
74,UZACUV__ligand4381-0
75,UZACUV__ligand2259-0
76,UZACUV__ligand2688-0
77,UZACUV__ligand1376-0
78,UZACUV__ligand2768-0
79,UZACUV__ligand383-0
80,UZACUV__ligand6277-0
81,UZACUV__ligand1951-0
82,UZACUV__ligand226-0
83,UZACUV__ligand1687-0
84,UZACUV__ligand162-0
85,UZACUV__ligand141-0
86,UZACUV__ligand7464-0
87,UZACUV__ligand240-0
88,UZACUV__ligand1598-0
89,UZACUV__ligand1248-0
90,UZACUV__ligand4303-0
91,UZACUV__ligand6294-0
92,UZACUV__ligand1054-0
93,UZACUV__ligand67-0
94,UZACUV__ligand3637-0
95,UZACUV__ligand8774-0
96,UZACUV__ligand384-0
97,UZACUV__ligand120-0
98,UZACUV__ligand1727-0
99,UZACUV__ligand757-0
100,UZACUV__ligand1152-0
101,UZACUV__ligand1607-0
102,UZACUV__ligand797-0
103,UZACUV__ligand2285-0
104,UZACUV__ligand1567-0
105,UZACUV__ligand8921-0
106,UZACUV__ligand2510-0
107,UZACUV__ligand2320-0
108,UZACUV__ligand1056-0
109,UZACUV__ligand2862-0
110,UZACUV__ligand1703-0
111,UZACUV__ligand2430-0
112,UZACUV__ligand2907-0
113,UZACUV__ligand861-0
114,UZACUV__ligand366-0
115,UZACUV__ligand1052-0
116,UZACUV__ligand187-0
117,UZACUV__ligand3-0
118,UZACUV__ligand612-0
119,UZACUV__ligand596-0
120,UZACUV__ligand1273-0
121,UZACUV__ligand1113-0
122,UZACUV__ligand2265-0
123,UZACUV__ligand6396-0
124,UZACUV__ligand126-0
125,UZACUV__ligand9027-0
126,UZACUV__ligand85-0
127,UZACUV__ligand78-0
128,UZACUV__ligand2794-0
129,UZACUV__ligand2345-0
130,UZACUV__ligand1835-0
131,UZACUV__ligand45-0
132,UZACUV__ligand4983-0
133,UZACUV__ligand1502-0
134,UZACUV__ligand5022-0
135,UZACUV__ligand1169-0
136,UZACUV__ligand119-0
137,UZACUV__ligand124-0
138,UZACUV__ligand2880-0
139,UZACUV__ligand5941-0
140,UZACUV__ligand2838-0
141,UZACUV__ligand3838-0
142,UZACUV__ligand1799-0
143,UZACUV__ligand244-0
144,UZACUV__ligand201-0
145,UZACUV__ligand2142-0
146,UZACUV__ligand100-0
147,UZACUV__ligand9495-0
148,UZACUV__ligand6151-0
149,UZACUV__ligand2772-0
150,UZACUV__ligand6538-0
151,UZACUV__ligand321-0
152,UZACUV__ligand2864-0
153,UZACUV__ligand178-0
154,UZACUV__ligand1-0
155,UZACUV__ligand279-0
156,UZACUV__ligand2442-0
157,UZACUV__ligand1019-0
158,UZACUV__ligand92-0
159,UZACUV__ligand10114-0
160,UZACUV__ligand5762-0
161,UZACUV__ligand7414-0
162,UZACUV__ligand1104-0
163,UZACUV__ligand485-0
164,UZACUV__ligand1325-0
165,UZACUV__ligand2482-0
166,UZACUV__ligand355-0
167,UZACUV__ligand784-0
168,UZACUV__ligand6571-0
169,UZACUV__ligand17-0
170,UZACUV__ligand2929-0
171,UZACUV__ligand291-0
172,UZACUV__ligand2376-0
173,UZACUV__ligand10479-0
174,UZACUV__ligand1379-0
175,UZACUV__ligand6430-0
176,UZACUV__ligand1299-0
177,UZACUV__ligand1264-0
178,UZACUV__ligand1221-0
179,UZACUV__ligand115-0
180,UZACUV__ligand1712-0
181,UZACUV__ligand49-0
182,UZACUV__ligand2110-0
183,UZACUV__ligand2916-0
184,UZACUV__ligand3579-0
185,UZACUV__ligand682-0
186,UZACUV__ligand1919-0
187,UZACUV__ligand2389-0
188,UZACUV__ligand89-0
189,UZACUV__ligand14530-0
190,UZACUV__ligand666-0
191,UZACUV__ligand5334-0
192,UZACUV__ligand522-0
193,UZACUV__ligand2315-0
194,UZACUV__ligand3051-0
195,UZACUV__ligand4504-0
196,UZACUV__ligand2480-0
197,UZACUV__ligand487-0
198,UZACUV__ligand1898-0
199,UZACUV__ligand8032-0
200,UZACUV__ligand1858-0
201,UZACUV__ligand447-0
202,UZACUV__ligand10910-0
203,UZACUV__ligand133-0
204,UZACUV__ligand3853-0
205,UZACUV__ligand2853-0
206,UZACUV__ligand11-0
207,UZACUV__ligand353-0
208,UZACUV__ligand2599-0
209,UZACUV__ligand5089-0
210,UZACUV__ligand1246-0
211,UZACUV__ligand236-0
212,UZACUV__ligand6166-0
213,UZACUV__ligand113-0
214,UZACUV__ligand422-0
215,UZACUV__ligand1307-0
216,UZACUV__ligand502-0
217,UZACUV__ligand196-0
218,UZACUV__ligand3337-0
219,UZACUV__ligand7514-0
220,UZACUV__ligand1449-1
221,UZACUV__ligand4811-0
222,UZACUV__ligand4894-0
223,UZACUV__ligand1260-0
224,UZACUV__ligand9620-0
225,UZACUV__ligand210-0
226,UZACUV__ligand170-0
227,UZACUV__ligand1788-0
228,UZACUV__ligand391-0
229,UZACUV__ligand314-0
230,UZACUV__ligand481-0
231,UZACUV__ligand1321-0
232,UZACUV__ligand3566-0
233,UZACUV__ligand1178-0
234,UZACUV__ligand830-0
235,UZACUV__ligand10357-0
236,UZACUV__ligand15630-0
237,UZACUV__ligand193-0
238,UZACUV__ligand1918-0
239,UZACUV__ligand955-0
240,UZACUV__ligand252-0
241,UZACUV__ligand2255-0
242,UZACUV__ligand4175-0
243,UZACUV__ligand48-0
244,UZACUV__ligand3618-0
245,UZACUV__ligand177-0
246,UZACUV__ligand934-0
247,UZACUV__ligand2618-0
248,UZACUV__ligand1436-0
249,UZACUV__ligand91-0
250,UZACUV__ligand29-0
251,UZACUV__ligand51-0
252,UZACUV__ligand851-0
253,UZACUV__ligand4370-0
254,UZACUV__ligand909-0
255,UZACUV__ligand311-0
256,UZACUV__ligand2526-0
257,UZACUV__ligand1551-0
258,UZACUV__ligand1690-0
259,UZACUV__ligand188-0
260,UZACUV__ligand369-0
261,UZACUV__ligand444-0
262,UZACUV__ligand2707-0
263,UZACUV__ligand250-0
264,UZACUV__ligand2915-0
265,UZACUV__ligand460-0
266,UZACUV__ligand32-0
267,UZACUV__ligand370-0
268,UZACUV__ligand3196-0
269,UZACUV__ligand4012-0
270,UZACUV__ligand1038-0
271,UZACUV__ligand421-0
272,UZACUV__ligand798-0
273,UZACUV__ligand2762-0
274,UZACUV__ligand5093-0
275,UZACUV__ligand2954-0
276,UZACUV__ligand584-0
277,UZACUV__ligand916-0
278,UZACUV__ligand2253-0
279,UZACUV__ligand1160-0
280,UZACUV__ligand993-0
281,UZACUV__ligand294-0
282,UZACUV__ligand73-0
283,UZACUV__ligand7550-0
284,UZACUV__ligand331-0
285,UZACUV__ligand1555-0
286,UZACUV__ligand109-0
287,UZACUV__ligand1285-0
288,UZACUV__ligand560-0
289,UZACUV__ligand525-0
290,UZACUV__ligand57-0
291,UZACUV__ligand7630-0
292,UZACUV__ligand390-0
293,UZACUV__ligand3890-0
294,UZACUV__ligand235-0
295,UZACUV__ligand8-0
296,UZACUV__ligand1907-0
297,UZACUV__ligand932-0
298,UZACUV__ligand134-0
299,UZACUV__ligand4423-0
300,UZACUV__ligand1818-0
301,UZACUV__ligand442-0
302,UZACUV__ligand868-0
303,UZACUV__ligand95-0
304,UZACUV__ligand136-0
305,UZACUV__ligand7456-0
306,UZACUV__ligand5758-0
307,UZACUV__ligand3852-0
308,UZACUV__ligand55-0
309,UZACUV__ligand352-0
310,UZACUV__ligand783-0
311,UZACUV__ligand3478-0
312,UZACUV__ligand296-0
313,UZACUV__ligand9176-0
314,UZACUV__ligand197-0
315,UZACUV__ligand34-0
316,UZACUV__ligand1493-0
317,UZACUV__ligand2718-0
318,UZACUV__ligand3035-0
319,UZACUV__ligand3070-0
320,UZACUV__ligand5235-0
321,UZACUV__ligand6143-0
322,UZACUV__ligand4619-0
323,UZACUV__ligand3251-0
324,UZACUV__ligand112-0
