,TMC
0,LOFCIV__ligand199-0
1,LOFCIV__ligand927-0
2,LOFCIV__ligand1459-0
3,LOFCIV__ligand1544-0
4,LOFCIV__ligand1685-0
5,LOFCIV__ligand73-0
6,LOFCIV__ligand3757-0
7,LOFCIV__ligand1048-0
8,LOFCIV__ligand575-0
9,LOFCIV__ligand2087-0
10,LOFCIV__ligand57-0
11,LOFCIV__ligand409-0
12,LOFCIV__ligand324-0
13,LOFCIV__ligand1171-0
14,LOFCIV__ligand361-0
15,LOFCIV__ligand1438-0
16,LOFCIV__ligand140-0
17,LOFCIV__ligand105-0
18,LOFCIV__ligand3063-0
19,LOFCIV__ligand5801-0
20,LOFCIV__ligand206-0
21,LOFCIV__ligand142-0
22,LOFCIV__ligand95-0
23,LOFCIV__ligand436-0
24,LOFCIV__ligand326-0
25,LOFCIV__ligand4381-0
26,LOFCIV__ligand821-0
27,LOFCIV__ligand2629-0
28,LOFCIV__ligand55-0
29,LOFCIV__ligand283-0
30,LOFCIV__ligand3734-0
31,LOFCIV__ligand553-0
32,LOFCIV__ligand1706-0
33,LOFCIV__ligand34-0
34,LOFCIV__ligand1687-0
35,LOFCIV__ligand497-0
36,LOFCIV__ligand1951-0
37,LOFCIV__ligand6277-0
38,LOFCIV__ligand532-0
39,LOFCIV__ligand633-0
40,LOFCIV__ligand918-0
41,LOFCIV__ligand2768-0
42,LOFCIV__ligand1376-0
43,LOFCIV__ligand166-0
44,LOFCIV__ligand2259-0
45,LOFCIV__ligand2688-0
46,LOFCIV__ligand838-0
47,LOFCIV__ligand2751-0
48,LOFCIV__ligand48-0
49,LOFCIV__ligand2634-0
50,LOFCIV__ligand383-0
51,LOFCIV__ligand1542-0
52,LOFCIV__ligand226-0
53,LOFCIV__ligand162-0
54,LOFCIV__ligand3041-0
55,LOFCIV__ligand91-0
56,LOFCIV__ligand6332-0
57,LOFCIV__ligand3178-0
58,LOFCIV__ligand29-0
59,LOFCIV__ligand2863-0
60,LOFCIV__ligand6502-0
61,LOFCIV__ligand2098-0
62,LOFCIV__ligand1747-0
63,LOFCIV__ligand6686-0
64,LOFCIV__ligand5548-0
65,LOFCIV__ligand7915-0
66,LOFCIV__ligand3145-0
67,LOFCIV__ligand51-0
68,LOFCIV__ligand278-0
69,LOFCIV__ligand3246-0
70,LOFCIV__ligand365-0
71,LOFCIV__ligand430-0
72,LOFCIV__ligand358-0
73,LOFCIV__ligand1148-0
74,LOFCIV__ligand1479-0
75,LOFCIV__ligand669-0
76,LOFCIV__ligand9244-0
77,LOFCIV__ligand11730-0
78,LOFCIV__ligand1228-0
79,LOFCIV__ligand509-0
80,LOFCIV__ligand571-0
81,LOFCIV__ligand118-0
82,LOFCIV__ligand670-0
83,LOFCIV__ligand32-0
84,LOFCIV__ligand1538-0
85,LOFCIV__ligand1114-0
86,LOFCIV__ligand1273-0
87,LOFCIV__ligand11-0
88,LOFCIV__ligand1052-0
89,LOFCIV__ligand757-0
90,LOFCIV__ligand1502-0
91,LOFCIV__ligand4983-0
92,LOFCIV__ligand2794-0
93,LOFCIV__ligand2345-0
94,LOFCIV__ligand1835-0
95,LOFCIV__ligand9027-0
96,LOFCIV__ligand6396-0
97,LOFCIV__ligand797-0
98,LOFCIV__ligand1113-0
99,LOFCIV__ligand2265-0
100,LOFCIV__ligand2838-0
101,LOFCIV__ligand1799-0
102,LOFCIV__ligand3838-0
103,LOFCIV__ligand2880-0
104,LOFCIV__ligand5941-0
105,LOFCIV__ligand384-0
106,LOFCIV__ligand1169-0
107,LOFCIV__ligand5022-0
108,LOFCIV__ligand120-0
109,LOFCIV__ligand2864-0
110,LOFCIV__ligand141-0
111,LOFCIV__ligand240-0
112,LOFCIV__ligand6538-0
113,LOFCIV__ligand6151-0
114,LOFCIV__ligand2772-0
115,LOFCIV__ligand9495-0
116,LOFCIV__ligand2142-0
117,LOFCIV__ligand201-0
118,LOFCIV__ligand1054-0
119,LOFCIV__ligand244-0
120,LOFCIV__ligand100-0
121,LOFCIV__ligand6294-0
122,LOFCIV__ligand4303-0
123,LOFCIV__ligand1248-0
124,LOFCIV__ligand1598-0
125,LOFCIV__ligand92-0
126,LOFCIV__ligand321-0
127,LOFCIV__ligand7464-0
128,LOFCIV__ligand17-0
129,LOFCIV__ligand178-0
130,LOFCIV__ligand279-0
131,LOFCIV__ligand119-0
132,LOFCIV__ligand124-0
133,LOFCIV__ligand8774-0
134,LOFCIV__ligand3637-0
135,LOFCIV__ligand8-0
136,LOFCIV__ligand126-0
137,LOFCIV__ligand49-0
138,LOFCIV__ligand1607-0
139,LOFCIV__ligand1152-0
140,LOFCIV__ligand89-0
141,LOFCIV__ligand1727-0
142,LOFCIV__ligand861-0
143,LOFCIV__ligand2907-0
144,LOFCIV__ligand366-0
145,LOFCIV__ligand1703-0
146,LOFCIV__ligand187-0
147,LOFCIV__ligand2430-0
148,LOFCIV__ligand612-0
149,LOFCIV__ligand2862-0
150,LOFCIV__ligand596-0
151,LOFCIV__ligand2320-0
152,LOFCIV__ligand1056-0
153,LOFCIV__ligand2510-0
154,LOFCIV__ligand8921-0
155,LOFCIV__ligand2285-0
156,LOFCIV__ligand1567-0
157,LOFCIV__ligand666-0
158,LOFCIV__ligand6166-0
159,LOFCIV__ligand522-0
160,LOFCIV__ligand487-0
161,LOFCIV__ligand1246-0
162,LOFCIV__ligand2599-0
163,LOFCIV__ligand5089-0
164,LOFCIV__ligand447-0
165,LOFCIV__ligand10910-0
166,LOFCIV__ligand3853-0
167,LOFCIV__ligand133-0
168,LOFCIV__ligand2853-0
169,LOFCIV__ligand85-0
170,LOFCIV__ligand78-0
171,LOFCIV__ligand1307-0
172,LOFCIV__ligand682-0
173,LOFCIV__ligand4-0
174,LOFCIV__ligand14530-0
175,LOFCIV__ligand45-0
176,LOFCIV__ligand291-0
177,LOFCIV__ligand6-0
178,LOFCIV__ligand9620-0
179,LOFCIV__ligand10479-0
180,LOFCIV__ligand4894-0
181,LOFCIV__ligand1260-0
182,LOFCIV__ligand4811-0
183,LOFCIV__ligand1449-1
184,LOFCIV__ligand3337-0
185,LOFCIV__ligand7514-0
186,LOFCIV__ligand115-0
187,LOFCIV__ligand1178-0
188,LOFCIV__ligand3566-0
189,LOFCIV__ligand1321-0
190,LOFCIV__ligand10114-0
191,LOFCIV__ligand1788-0
192,LOFCIV__ligand485-0
193,LOFCIV__ligand355-0
194,LOFCIV__ligand784-0
195,LOFCIV__ligand6571-0
196,LOFCIV__ligand170-0
197,LOFCIV__ligand1325-0
198,LOFCIV__ligand2482-0
199,LOFCIV__ligand391-0
200,LOFCIV__ligand5762-0
201,LOFCIV__ligand7414-0
202,LOFCIV__ligand1104-0
203,LOFCIV__ligand314-0
204,LOFCIV__ligand481-0
205,LOFCIV__ligand67-0
206,LOFCIV__ligand1019-0
207,LOFCIV__ligand2442-0
208,LOFCIV__ligand1221-0
209,LOFCIV__ligand1264-0
210,LOFCIV__ligand1299-0
211,LOFCIV__ligand6430-0
212,LOFCIV__ligand1379-0
213,LOFCIV__ligand210-0
214,LOFCIV__ligand2376-0
215,LOFCIV__ligand2929-0
216,LOFCIV__ligand113-0
217,LOFCIV__ligand2389-0
218,LOFCIV__ligand1919-0
219,LOFCIV__ligand422-0
220,LOFCIV__ligand3579-0
221,LOFCIV__ligand2916-0
222,LOFCIV__ligand2110-0
223,LOFCIV__ligand196-0
224,LOFCIV__ligand1712-0
225,LOFCIV__ligand502-0
226,LOFCIV__ligand353-0
227,LOFCIV__ligand1858-0
228,LOFCIV__ligand8032-0
229,LOFCIV__ligand1898-0
230,LOFCIV__ligand4504-0
231,LOFCIV__ligand3051-0
232,LOFCIV__ligand2480-0
233,LOFCIV__ligand236-0
234,LOFCIV__ligand2315-0
235,LOFCIV__ligand5334-0
236,LOFCIV__ligand250-0
237,LOFCIV__ligand7550-0
238,LOFCIV__ligand460-0
239,LOFCIV__ligand86-0
240,LOFCIV__ligand2253-0
241,LOFCIV__ligand370-0
242,LOFCIV__ligand1160-0
243,LOFCIV__ligand2954-0
244,LOFCIV__ligand5093-0
245,LOFCIV__ligand2762-0
246,LOFCIV__ligand1038-0
247,LOFCIV__ligand4423-0
248,LOFCIV__ligand62-0
249,LOFCIV__ligand1907-0
250,LOFCIV__ligand311-0
251,LOFCIV__ligand3890-0
252,LOFCIV__ligand7630-0
253,LOFCIV__ligand188-0
254,LOFCIV__ligand369-0
255,LOFCIV__ligand444-0
256,LOFCIV__ligand1285-0
257,LOFCIV__ligand1555-0
258,LOFCIV__ligand3478-0
259,LOFCIV__ligand177-0
260,LOFCIV__ligand934-0
261,LOFCIV__ligand3852-0
262,LOFCIV__ligand18-0
263,LOFCIV__ligand5758-0
264,LOFCIV__ligand7456-0
265,LOFCIV__ligand851-0
266,LOFCIV__ligand909-0
267,LOFCIV__ligand1818-0
268,LOFCIV__ligand830-0
269,LOFCIV__ligand10357-0
270,LOFCIV__ligand3251-0
271,LOFCIV__ligand15630-0
272,LOFCIV__ligand4619-0
273,LOFCIV__ligand193-0
274,LOFCIV__ligand5235-0
275,LOFCIV__ligand6143-0
276,LOFCIV__ligand3070-0
277,LOFCIV__ligand955-0
278,LOFCIV__ligand3035-0
279,LOFCIV__ligand2718-0
280,LOFCIV__ligand252-0
281,LOFCIV__ligand1493-0
282,LOFCIV__ligand9176-0
283,LOFCIV__ligand296-0
284,LOFCIV__ligand4175-0
285,LOFCIV__ligand1-0
286,LOFCIV__ligand197-0
287,LOFCIV__ligand2255-0
288,LOFCIV__ligand40-0
289,LOFCIV__ligand38-0
290,LOFCIV__ligand1918-0
291,LOFCIV__ligand112-0
292,LOFCIV__ligand442-0
293,LOFCIV__ligand4370-0
294,LOFCIV__ligand868-0
295,LOFCIV__ligand136-0
296,LOFCIV__ligand1436-0
297,LOFCIV__ligand3618-0
298,LOFCIV__ligand21-0
299,LOFCIV__ligand2618-0
300,LOFCIV__ligand352-0
301,LOFCIV__ligand783-0
302,LOFCIV__ligand109-0
303,LOFCIV__ligand2707-0
304,LOFCIV__ligand525-0
305,LOFCIV__ligand560-0
306,LOFCIV__ligand1690-0
307,LOFCIV__ligand66-0
308,LOFCIV__ligand390-0
309,LOFCIV__ligand1551-0
310,LOFCIV__ligand2526-0
311,LOFCIV__ligand235-0
312,LOFCIV__ligand134-0
313,LOFCIV__ligand932-0
314,LOFCIV__ligand4012-0
315,LOFCIV__ligand421-0
316,LOFCIV__ligand3196-0
317,LOFCIV__ligand798-0
318,LOFCIV__ligand584-0
319,LOFCIV__ligand916-0
320,LOFCIV__ligand3-0
321,LOFCIV__ligand993-0
322,LOFCIV__ligand294-0
323,LOFCIV__ligand2915-0
324,LOFCIV__ligand331-0
