,TMC
0,HOBWIF__ligand2332-0
1,HOBWIF__ligand9441-0
2,HOBWIF__ligand596-0
3,HOBWIF__ligand941-0
4,HOBWIF__ligand19184-0
5,HOBWIF__ligand9933-0
6,HOBWIF__ligand12453-0
7,HOBWIF__ligand18448-0
8,HOBWIF__ligand777-0
9,HOBWIF__ligand28459-0
10,HOBWIF__ligand1575-0
11,HOBWIF__ligand1530-0
12,HOBWIF__ligand1631-0
13,HOBWIF__ligand366-0
14,HOBWIF__ligand10371-0
15,HOBWIF__ligand3156-0
16,HOBWIF__ligand2915-0
17,HOBWIF__ligand18568-0
18,HOBWIF__ligand28685-0
19,HOBWIF__ligand1378-0
20,HOBWIF__ligand657-0
21,HOBWIF__ligand13672-0
22,HOBWIF__ligand6244-0
23,HOBWIF__ligand187-0
24,HOBWIF__ligand9601-0
25,HOBWIF__ligand845-0
26,HOBWIF__ligand8992-0
27,HOBWIF__ligand29029-0
28,HOBWIF__ligand27285-0
29,HOBWIF__ligand4116-0
30,HOBWIF__ligand1018-0
31,HOBWIF__ligand6124-0
32,HOBWIF__ligand23197-0
33,HOBWIF__ligand3707-0
34,HOBWIF__ligand7967-0
35,HOBWIF__ligand8721-0
36,HOBWIF__ligand163-0
37,HOBWIF__ligand126-0
38,HOBWIF__ligand1324-0
39,HOBWIF__ligand5643-0
40,HOBWIF__ligand1823-0
41,HOBWIF__ligand5036-0
42,HOBWIF__ligand2526-0
43,HOBWIF__ligand30142-0
44,HOBWIF__ligand1615-0
45,HOBWIF__ligand27669-0
46,HOBWIF__ligand14167-0
47,HOBWIF__ligand13477-0
48,HOBWIF__ligand9111-0
49,HOBWIF__ligand9952-0
50,HOBWIF__ligand4641-0
51,HOBWIF__ligand15883-0
52,HOBWIF__ligand11970-0
53,HOBWIF__ligand78-0
54,HOBWIF__ligand15926-0
55,HOBWIF__ligand10828-0
56,HOBWIF__ligand19792-0
57,HOBWIF__ligand11096-0
58,HOBWIF__ligand11447-0
59,HOBWIF__ligand28810-0
60,HOBWIF__ligand338-0
61,HOBWIF__ligand24230-0
62,HOBWIF__ligand3234-0
63,HOBWIF__ligand1142-0
64,HOBWIF__ligand28743-0
65,HOBWIF__ligand15531-0
66,HOBWIF__ligand13862-0
67,HOBWIF__ligand11357-0
68,HOBWIF__ligand45-0
69,HOBWIF__ligand12365-0
70,HOBWIF__ligand10056-0
71,HOBWIF__ligand8835-0
72,HOBWIF__ligand2028-0
73,HOBWIF__ligand21919-0
74,HOBWIF__ligand7126-0
75,HOBWIF__ligand22168-0
76,HOBWIF__ligand28930-0
77,HOBWIF__ligand22294-0
78,HOBWIF__ligand7819-0
79,HOBWIF__ligand14614-0
80,HOBWIF__ligand24-0
81,HOBWIF__ligand2917-0
82,HOBWIF__ligand16663-0
83,HOBWIF__ligand321-0
84,HOBWIF__ligand3465-0
85,HOBWIF__ligand31044-0
86,HOBWIF__ligand31842-0
87,HOBWIF__ligand185-0
88,HOBWIF__ligand279-0
89,HOBWIF__ligand11994-0
90,HOBWIF__ligand24035-0
91,HOBWIF__ligand6102-0
92,HOBWIF__ligand6596-0
93,HOBWIF__ligand6904-0
94,HOBWIF__ligand3721-0
95,HOBWIF__ligand178-0
96,HOBWIF__ligand11682-0
97,HOBWIF__ligand20207-0
98,HOBWIF__ligand30711-0
99,HOBWIF__ligand201-0
100,HOBWIF__ligand4620-0
101,HOBWIF__ligand25913-0
102,HOBWIF__ligand2295-0
103,HOBWIF__ligand6067-0
104,HOBWIF__ligand1577-0
105,HOBWIF__ligand16988-0
106,HOBWIF__ligand19-0
107,HOBWIF__ligand24872-0
108,HOBWIF__ligand7106-0
109,HOBWIF__ligand7242-0
110,HOBWIF__ligand27840-0
111,HOBWIF__ligand30728-0
112,HOBWIF__ligand12001-0
113,HOBWIF__ligand10033-0
114,HOBWIF__ligand9908-0
115,HOBWIF__ligand1263-0
116,HOBWIF__ligand24644-0
117,HOBWIF__ligand22444-0
118,HOBWIF__ligand1573-0
119,HOBWIF__ligand24111-0
120,HOBWIF__ligand1536-0
121,HOBWIF__ligand9935-0
122,HOBWIF__ligand3504-0
123,HOBWIF__ligand14569-0
124,HOBWIF__ligand13385-0
125,HOBWIF__ligand1959-0
126,HOBWIF__ligand17396-0
127,HOBWIF__ligand15788-0
128,HOBWIF__ligand240-0
129,HOBWIF__ligand4661-0
130,HOBWIF__ligand1844-0
131,HOBWIF__ligand23175-0
132,HOBWIF__ligand3718-0
133,HOBWIF__ligand13220-0
134,HOBWIF__ligand11587-0
135,HOBWIF__ligand141-0
136,HOBWIF__ligand6616-0
137,HOBWIF__ligand3035-0
138,HOBWIF__ligand1343-0
139,HOBWIF__ligand3876-0
140,HOBWIF__ligand29486-0
141,HOBWIF__ligand3565-0
142,HOBWIF__ligand5331-0
143,HOBWIF__ligand384-0
144,HOBWIF__ligand31694-0
145,HOBWIF__ligand1512-0
146,HOBWIF__ligand2485-0
147,HOBWIF__ligand3852-0
148,HOBWIF__ligand6919-0
149,HOBWIF__ligand17427-0
150,HOBWIF__ligand22129-0
151,HOBWIF__ligand4155-0
152,HOBWIF__ligand3094-0
153,HOBWIF__ligand24780-0
154,HOBWIF__ligand12138-0
155,HOBWIF__ligand11949-0
156,HOBWIF__ligand5211-0
157,HOBWIF__ligand3131-0
158,HOBWIF__ligand3937-0
159,HOBWIF__ligand1202-0
160,HOBWIF__ligand3174-0
161,HOBWIF__ligand8969-0
162,HOBWIF__ligand768-0
163,HOBWIF__ligand6839-0
164,HOBWIF__ligand4720-0
165,HOBWIF__ligand25561-0
166,HOBWIF__ligand26324-0
167,HOBWIF__ligand5256-0
168,HOBWIF__ligand28559-0
169,HOBWIF__ligand7648-0
170,HOBWIF__ligand8876-0
171,HOBWIF__ligand2828-0
172,HOBWIF__ligand9833-0
173,HOBWIF__ligand14043-0
174,HOBWIF__ligand4157-0
175,HOBWIF__ligand19927-0
176,HOBWIF__ligand2232-0
177,HOBWIF__ligand27239-0
178,HOBWIF__ligand9291-0
179,HOBWIF__ligand21729-0
180,HOBWIF__ligand2176-0
181,HOBWIF__ligand43-0
182,HOBWIF__ligand7000-0
183,HOBWIF__ligand757-0
184,HOBWIF__ligand1982-0
185,HOBWIF__ligand26529-0
186,HOBWIF__ligand6768-0
187,HOBWIF__ligand8115-0
188,HOBWIF__ligand1285-0
189,HOBWIF__ligand122-0
190,HOBWIF__ligand11618-0
191,HOBWIF__ligand4546-0
192,HOBWIF__ligand4503-0
193,HOBWIF__ligand4-0
194,HOBWIF__ligand4016-0
195,HOBWIF__ligand6709-0
196,HOBWIF__ligand1219-0
197,HOBWIF__ligand22403-0
198,HOBWIF__ligand7867-0
199,HOBWIF__ligand7280-0
200,HOBWIF__ligand1304-0
201,HOBWIF__ligand1790-0
202,HOBWIF__ligand16369-0
203,HOBWIF__ligand11111-0
204,HOBWIF__ligand28540-0
205,HOBWIF__ligand20695-0
206,HOBWIF__ligand693-0
207,HOBWIF__ligand27754-0
208,HOBWIF__ligand7238-0
209,HOBWIF__ligand9784-0
210,HOBWIF__ligand7629-0
211,HOBWIF__ligand29215-0
212,HOBWIF__ligand4272-0
213,HOBWIF__ligand1451-0
214,HOBWIF__ligand3954-0
215,HOBWIF__ligand4093-0
216,HOBWIF__ligand4442-0
217,HOBWIF__ligand67-0
218,HOBWIF__ligand10872-0
219,HOBWIF__ligand21399-0
220,HOBWIF__ligand26631-0
221,HOBWIF__ligand16148-0
222,HOBWIF__ligand1160-0
223,HOBWIF__ligand8699-0
224,HOBWIF__ligand12003-0
225,HOBWIF__ligand9520-0
226,HOBWIF__ligand11622-0
227,HOBWIF__ligand3029-0
228,HOBWIF__ligand7162-0
229,HOBWIF__ligand670-0
230,HOBWIF__ligand2328-0
231,HOBWIF__ligand16870-0
232,HOBWIF__ligand1773-0
233,HOBWIF__ligand4581-0
234,HOBWIF__ligand534-0
235,HOBWIF__ligand571-0
236,HOBWIF__ligand1900-0
237,HOBWIF__ligand9197-0
238,HOBWIF__ligand16603-0
239,HOBWIF__ligand11814-0
240,HOBWIF__ligand17686-0
241,HOBWIF__ligand25658-0
242,HOBWIF__ligand31205-0
243,HOBWIF__ligand3208-0
244,HOBWIF__ligand2208-0
245,HOBWIF__ligand7573-0
246,HOBWIF__ligand2781-0
247,HOBWIF__ligand3350-0
248,HOBWIF__ligand15455-0
249,HOBWIF__ligand9809-0
250,HOBWIF__ligand6672-0
251,HOBWIF__ligand1327-0
252,HOBWIF__ligand11177-0
253,HOBWIF__ligand8722-0
254,HOBWIF__ligand18067-0
255,HOBWIF__ligand430-0
256,HOBWIF__ligand19824-0
257,HOBWIF__ligand358-0
258,HOBWIF__ligand3-0
259,HOBWIF__ligand1533-0
260,HOBWIF__ligand18-0
261,HOBWIF__ligand488-0
262,HOBWIF__ligand13260-0
263,HOBWIF__ligand10582-0
264,HOBWIF__ligand11252-0
265,HOBWIF__ligand7557-0
266,HOBWIF__ligand694-0
267,HOBWIF__ligand1496-0
268,HOBWIF__ligand4131-0
269,HOBWIF__ligand31000-0
270,HOBWIF__ligand1712-0
271,HOBWIF__ligand11606-0
272,HOBWIF__ligand20821-0
273,HOBWIF__ligand5094-0
274,HOBWIF__ligand5892-0
275,HOBWIF__ligand26673-0
276,HOBWIF__ligand1379-0
277,HOBWIF__ligand2722-0
278,HOBWIF__ligand656-0
279,HOBWIF__ligand19668-0
280,HOBWIF__ligand19906-0
281,HOBWIF__ligand5935-0
282,HOBWIF__ligand1165-0
283,HOBWIF__ligand9525-0
284,HOBWIF__ligand3157-0
285,HOBWIF__ligand22353-0
286,HOBWIF__ligand1688-0
287,HOBWIF__ligand5357-0
288,HOBWIF__ligand3647-0
289,HOBWIF__ligand1-0
290,HOBWIF__ligand5056-0
291,HOBWIF__ligand4850-0
292,HOBWIF__ligand696-0
293,HOBWIF__ligand1768-0
294,HOBWIF__ligand3871-0
295,HOBWIF__ligand1469-0
296,HOBWIF__ligand10151-0
297,HOBWIF__ligand2527-0
298,HOBWIF__ligand416-0
299,HOBWIF__ligand29813-0
300,HOBWIF__ligand16952-0
301,HOBWIF__ligand383-0
302,HOBWIF__ligand15387-0
303,HOBWIF__ligand20121-0
304,HOBWIF__ligand162-0
305,HOBWIF__ligand1709-0
306,HOBWIF__ligand8464-0
307,HOBWIF__ligand8349-0
308,HOBWIF__ligand226-0
309,HOBWIF__ligand20220-0
310,HOBWIF__ligand1771-0
311,HOBWIF__ligand11698-0
312,HOBWIF__ligand4911-0
313,HOBWIF__ligand20530-0
314,HOBWIF__ligand13657-0
315,HOBWIF__ligand14347-0
316,HOBWIF__ligand14302-0
317,HOBWIF__ligand3392-0
318,HOBWIF__ligand24851-0
319,HOBWIF__ligand10853-0
320,HOBWIF__ligand29441-0
321,HOBWIF__ligand5849-0
322,HOBWIF__ligand11479-0
323,HOBWIF__ligand10479-0
324,HOBWIF__ligand27610-0
325,HOBWIF__ligand18158-0
326,HOBWIF__ligand27771-0
327,HOBWIF__ligand7530-0
328,HOBWIF__ligand1065-0
329,HOBWIF__ligand29565-0
330,HOBWIF__ligand1449-0
331,HOBWIF__ligand23682-0
332,HOBWIF__ligand3012-0
333,HOBWIF__ligand4332-0
334,HOBWIF__ligand14226-0
335,HOBWIF__ligand9681-0
336,HOBWIF__ligand21339-0
337,HOBWIF__ligand16956-0
338,HOBWIF__ligand20942-1
339,HOBWIF__ligand6882-0
340,HOBWIF__ligand6455-0
341,HOBWIF__ligand3934-0
342,HOBWIF__ligand27550-0
343,HOBWIF__ligand42-0
344,HOBWIF__ligand497-0
345,HOBWIF__ligand633-0
346,HOBWIF__ligand18019-1
347,HOBWIF__ligand14007-0
348,HOBWIF__ligand2403-0
349,HOBWIF__ligand9148-0
350,HOBWIF__ligand11758-0
351,HOBWIF__ligand66-0
352,HOBWIF__ligand22357-0
353,HOBWIF__ligand326-0
354,HOBWIF__ligand21448-0
355,HOBWIF__ligand7529-0
356,HOBWIF__ligand11501-0
357,HOBWIF__ligand11544-0
358,HOBWIF__ligand29214-0
359,HOBWIF__ligand6946-0
360,HOBWIF__ligand1415-0
361,HOBWIF__ligand2830-0
362,HOBWIF__ligand17445-0
363,HOBWIF__ligand17069-0
364,HOBWIF__ligand5627-0
365,HOBWIF__ligand692-0
366,HOBWIF__ligand14477-0
367,HOBWIF__ligand1729-0
368,HOBWIF__ligand5483-0
369,HOBWIF__ligand436-0
370,HOBWIF__ligand11798-0
371,HOBWIF__ligand29334-0
372,HOBWIF__ligand12413-0
373,HOBWIF__ligand20731-0
374,HOBWIF__ligand5316-0
375,HOBWIF__ligand25048-0
376,HOBWIF__ligand6283-0
377,HOBWIF__ligand21940-0
378,HOBWIF__ligand24953-0
379,HOBWIF__ligand23445-0
380,HOBWIF__ligand6062-0
381,HOBWIF__ligand5813-0
382,HOBWIF__ligand27122-0
383,HOBWIF__ligand20432-0
384,HOBWIF__ligand4813-0
385,HOBWIF__ligand4738-0
386,HOBWIF__ligand13755-0
387,HOBWIF__ligand16133-0
388,HOBWIF__ligand409-0
389,HOBWIF__ligand3215-0
390,HOBWIF__ligand361-0
391,HOBWIF__ligand324-0
392,HOBWIF__ligand7107-0
393,HOBWIF__ligand30004-0
394,HOBWIF__ligand20557-0
395,HOBWIF__ligand24624-0
396,HOBWIF__ligand3973-0
397,HOBWIF__ligand18413-0
398,HOBWIF__ligand20844-0
399,HOBWIF__ligand24560-0
400,HOBWIF__ligand1147-0
401,HOBWIF__ligand18757-0
402,HOBWIF__ligand300-0
403,HOBWIF__ligand588-0
404,HOBWIF__ligand2068-0
405,HOBWIF__ligand7925-0
406,HOBWIF__ligand4194-0
407,HOBWIF__ligand13691-0
408,HOBWIF__ligand30788-0
409,HOBWIF__ligand7532-0
410,HOBWIF__ligand14339-0
411,HOBWIF__ligand199-0
412,HOBWIF__ligand38-0
413,HOBWIF__ligand2599-0
414,HOBWIF__ligand21752-0
415,HOBWIF__ligand4330-0
416,HOBWIF__ligand294-0
417,HOBWIF__ligand6112-0
418,HOBWIF__ligand19257-0
419,HOBWIF__ligand13209-0
420,HOBWIF__ligand8042-0
421,HOBWIF__ligand7213-0
422,HOBWIF__ligand1397-0
423,HOBWIF__ligand1828-0
424,HOBWIF__ligand12660-0
425,HOBWIF__ligand5755-0
426,HOBWIF__ligand4710-0
427,HOBWIF__ligand31248-0
428,HOBWIF__ligand25650-0
429,HOBWIF__ligand34-0
430,HOBWIF__ligand5085-0
431,HOBWIF__ligand3144-0
432,HOBWIF__ligand4795-0
433,HOBWIF__ligand3285-0
434,HOBWIF__ligand421-0
435,HOBWIF__ligand1908-0
436,HOBWIF__ligand11206-0
437,HOBWIF__ligand23124-0
438,HOBWIF__ligand685-0
439,HOBWIF__ligand5630-0
440,HOBWIF__ligand1786-0
441,HOBWIF__ligand25735-0
442,HOBWIF__ligand12519-0
443,HOBWIF__ligand68-0
444,HOBWIF__ligand30539-0
445,HOBWIF__ligand6663-0
446,HOBWIF__ligand21132-0
447,HOBWIF__ligand134-0
448,HOBWIF__ligand5515-0
449,HOBWIF__ligand11166-0
450,HOBWIF__ligand23906-0
451,HOBWIF__ligand1831-0
452,HOBWIF__ligand5280-0
453,HOBWIF__ligand5614-0
454,HOBWIF__ligand235-0
455,HOBWIF__ligand1849-0
456,HOBWIF__ligand12295-0
457,HOBWIF__ligand560-0
458,HOBWIF__ligand27835-0
459,HOBWIF__ligand55-0
460,HOBWIF__ligand1216-0
461,HOBWIF__ligand25575-0
462,HOBWIF__ligand1152-0
463,HOBWIF__ligand3261-0
464,HOBWIF__ligand21787-0
465,HOBWIF__ligand5019-0
466,HOBWIF__ligand25689-0
467,HOBWIF__ligand22981-0
468,HOBWIF__ligand25805-0
469,HOBWIF__ligand4207-0
470,HOBWIF__ligand20599-0
471,HOBWIF__ligand27074-0
472,HOBWIF__ligand3453-0
473,HOBWIF__ligand3416-0
474,HOBWIF__ligand14523-0
475,HOBWIF__ligand27169-0
476,HOBWIF__ligand18391-0
477,HOBWIF__ligand783-0
478,HOBWIF__ligand352-0
479,HOBWIF__ligand1150-0
480,HOBWIF__ligand1539-0
481,HOBWIF__ligand57-0
482,HOBWIF__ligand12467-0
483,HOBWIF__ligand868-0
484,HOBWIF__ligand4063-0
485,HOBWIF__ligand25267-0
486,HOBWIF__ligand7438-0
487,HOBWIF__ligand8200-0
488,HOBWIF__ligand10084-0
489,HOBWIF__ligand23904-0
490,HOBWIF__ligand13257-0
491,HOBWIF__ligand21936-0
492,HOBWIF__ligand3042-0
493,HOBWIF__ligand29863-0
494,HOBWIF__ligand1149-0
495,HOBWIF__ligand13869-0
496,HOBWIF__ligand3980-0
497,HOBWIF__ligand3557-0
498,HOBWIF__ligand18074-0
499,HOBWIF__ligand7075-0
500,HOBWIF__ligand11140-0
501,HOBWIF__ligand9750-0
502,HOBWIF__ligand6993-0
503,HOBWIF__ligand1817-0
504,HOBWIF__ligand29610-0
505,HOBWIF__ligand1779-0
506,HOBWIF__ligand197-0
507,HOBWIF__ligand28668-0
508,HOBWIF__ligand4167-0
509,HOBWIF__ligand9491-0
510,HOBWIF__ligand16791-0
511,HOBWIF__ligand1400-0
512,HOBWIF__ligand4266-0
513,HOBWIF__ligand18465-0
514,HOBWIF__ligand18799-0
515,HOBWIF__ligand1288-0
516,HOBWIF__ligand1015-0
517,HOBWIF__ligand1050-0
518,HOBWIF__ligand11568-0
519,HOBWIF__ligand252-0
520,HOBWIF__ligand17710-0
521,HOBWIF__ligand20579-0
522,HOBWIF__ligand2027-0
523,HOBWIF__ligand116-0
524,HOBWIF__ligand14586-0
525,HOBWIF__ligand11774-0
526,HOBWIF__ligand21421-0
527,HOBWIF__ligand2692-0
528,HOBWIF__ligand372-0
529,HOBWIF__ligand19725-0
530,HOBWIF__ligand1618-0
531,HOBWIF__ligand32-0
532,HOBWIF__ligand830-0
533,HOBWIF__ligand24613-0
534,HOBWIF__ligand4262-0
535,HOBWIF__ligand1028-0
536,HOBWIF__ligand10555-0
537,HOBWIF__ligand193-0
538,HOBWIF__ligand31483-0
539,HOBWIF__ligand9615-0
540,HOBWIF__ligand12336-0
541,HOBWIF__ligand16-0
542,HOBWIF__ligand13072-0
543,HOBWIF__ligand1154-0
544,HOBWIF__ligand4596-0
545,HOBWIF__ligand1498-0
546,HOBWIF__ligand909-0
547,HOBWIF__ligand18699-0
548,HOBWIF__ligand12682-0
549,HOBWIF__ligand177-0
550,HOBWIF__ligand8529-0
551,HOBWIF__ligand17590-0
552,HOBWIF__ligand1169-0
553,HOBWIF__ligand17240-0
554,HOBWIF__ligand7566-0
555,HOBWIF__ligand188-0
556,HOBWIF__ligand24750-0
557,HOBWIF__ligand2001-0
558,HOBWIF__ligand17207-0
559,HOBWIF__ligand8593-0
560,HOBWIF__ligand31578-0
561,HOBWIF__ligand9944-0
562,HOBWIF__ligand17945-0
563,HOBWIF__ligand91-0
564,HOBWIF__ligand18013-0
565,HOBWIF__ligand25224-0
566,HOBWIF__ligand311-0
567,HOBWIF__ligand785-0
568,HOBWIF__ligand18703-0
569,HOBWIF__ligand1113-0
570,HOBWIF__ligand479-0
571,HOBWIF__ligand8553-0
572,HOBWIF__ligand51-0
573,HOBWIF__ligand29087-0
574,HOBWIF__ligand370-1
575,HOBWIF__ligand5201-0
576,HOBWIF__ligand620-0
577,HOBWIF__ligand28924-0
578,HOBWIF__ligand564-0
579,HOBWIF__ligand15438-0
580,HOBWIF__ligand5415-0
581,HOBWIF__ligand15168-0
582,HOBWIF__ligand370-0
583,HOBWIF__ligand3471-0
584,HOBWIF__ligand4161-0
585,HOBWIF__ligand4124-0
586,HOBWIF__ligand23589-0
587,HOBWIF__ligand24064-0
588,HOBWIF__ligand2823-0
589,HOBWIF__ligand6995-0
590,HOBWIF__ligand250-0
591,HOBWIF__ligand3180-0
592,HOBWIF__ligand22755-0
593,HOBWIF__ligand10432-0
594,HOBWIF__ligand11432-0
595,HOBWIF__ligand31618-0
596,HOBWIF__ligand29898-0
597,HOBWIF__ligand26277-0
598,HOBWIF__ligand4340-0
599,HOBWIF__ligand2650-0
600,HOBWIF__ligand2281-0
601,HOBWIF__ligand48-0
602,HOBWIF__ligand1832-0
603,HOBWIF__ligand8788-0
604,HOBWIF__ligand16475-0
605,HOBWIF__ligand14703-0
606,HOBWIF__ligand2043-0
607,HOBWIF__ligand393-0
608,HOBWIF__ligand20251-1
609,HOBWIF__ligand1228-0
610,HOBWIF__ligand9943-0
611,HOBWIF__ligand1604-0
612,HOBWIF__ligand8-0
613,HOBWIF__ligand353-0
614,HOBWIF__ligand1114-0
615,HOBWIF__ligand9284-0
616,HOBWIF__ligand29414-0
617,HOBWIF__ligand17982-0
618,HOBWIF__ligand17278-0
619,HOBWIF__ligand20011-0
620,HOBWIF__ligand6391-0
621,HOBWIF__ligand3126-0
622,HOBWIF__ligand22557-0
623,HOBWIF__ligand10589-0
624,HOBWIF__ligand24047-0
625,HOBWIF__ligand11675-0
626,HOBWIF__ligand20598-0
627,HOBWIF__ligand17398-0
628,HOBWIF__ligand2417-0
629,HOBWIF__ligand28789-0
630,HOBWIF__ligand5387-0
631,HOBWIF__ligand17118-0
632,HOBWIF__ligand2203-0
633,HOBWIF__ligand21371-0
634,HOBWIF__ligand1289-0
635,HOBWIF__ligand20419-0
636,HOBWIF__ligand30851-0
637,HOBWIF__ligand196-0
638,HOBWIF__ligand14889-0
639,HOBWIF__ligand29568-0
640,HOBWIF__ligand31097-0
641,HOBWIF__ligand21581-0
642,HOBWIF__ligand20214-0
643,HOBWIF__ligand30702-0
644,HOBWIF__ligand686-0
645,HOBWIF__ligand20251-0
646,HOBWIF__ligand20539-0
647,HOBWIF__ligand9450-0
648,HOBWIF__ligand1599-0
649,HOBWIF__ligand422-0
650,HOBWIF__ligand17261-0
651,HOBWIF__ligand14117-0
652,HOBWIF__ligand2612-0
653,HOBWIF__ligand5159-0
654,HOBWIF__ligand7196-0
655,HOBWIF__ligand20682-0
656,HOBWIF__ligand9753-0
657,HOBWIF__ligand1787-0
658,HOBWIF__ligand1356-0
659,HOBWIF__ligand5530-0
660,HOBWIF__ligand3178-0
661,HOBWIF__ligand4807-0
662,HOBWIF__ligand465-0
663,HOBWIF__ligand13390-0
664,HOBWIF__ligand3244-0
665,HOBWIF__ligand4711-0
666,HOBWIF__ligand2906-0
667,HOBWIF__ligand13208-0
668,HOBWIF__ligand314-1
669,HOBWIF__ligand27482-0
670,HOBWIF__ligand26810-0
671,HOBWIF__ligand4649-0
672,HOBWIF__ligand5649-0
673,HOBWIF__ligand2788-0
674,HOBWIF__ligand8793-0
675,HOBWIF__ligand813-0
676,HOBWIF__ligand2124-0
677,HOBWIF__ligand11-0
678,HOBWIF__ligand13331-0
679,HOBWIF__ligand28884-0
680,HOBWIF__ligand8612-0
681,HOBWIF__ligand780-0
682,HOBWIF__ligand2260-0
683,HOBWIF__ligand7092-0
684,HOBWIF__ligand314-0
685,HOBWIF__ligand1116-0
686,HOBWIF__ligand14248-0
687,HOBWIF__ligand1153-0
688,HOBWIF__ligand3225-0
689,HOBWIF__ligand29879-0
690,HOBWIF__ligand12030-0
691,HOBWIF__ligand13294-0
692,HOBWIF__ligand9323-0
693,HOBWIF__ligand7273-0
694,HOBWIF__ligand31832-0
695,HOBWIF__ligand7172-0
696,HOBWIF__ligand5180-0
697,HOBWIF__ligand618-0
698,HOBWIF__ligand25411-0
699,HOBWIF__ligand5708-0
700,HOBWIF__ligand11456-0
701,HOBWIF__ligand7316-0
702,HOBWIF__ligand69-0
703,HOBWIF__ligand10712-0
704,HOBWIF__ligand14174-0
705,HOBWIF__ligand6017-0
706,HOBWIF__ligand391-0
707,HOBWIF__ligand10958-0
708,HOBWIF__ligand12641-0
709,HOBWIF__ligand5595-0
710,HOBWIF__ligand4101-0
711,HOBWIF__ligand784-0
712,HOBWIF__ligand2221-0
713,HOBWIF__ligand3926-0
714,HOBWIF__ligand14108-0
715,HOBWIF__ligand3120-0
716,HOBWIF__ligand4358-0
717,HOBWIF__ligand8592-0
718,HOBWIF__ligand5099-0
719,HOBWIF__ligand13425-0
720,HOBWIF__ligand29302-0
721,HOBWIF__ligand1197-0
722,HOBWIF__ligand395-0
723,HOBWIF__ligand2259-0
724,HOBWIF__ligand368-0
725,HOBWIF__ligand1296-0
726,HOBWIF__ligand19057-0
727,HOBWIF__ligand18814-0
728,HOBWIF__ligand27763-0
729,HOBWIF__ligand28676-0
730,HOBWIF__ligand10262-0
731,HOBWIF__ligand1376-0
732,HOBWIF__ligand5510-0
733,HOBWIF__ligand9773-0
734,HOBWIF__ligand13068-0
735,HOBWIF__ligand19830-0
736,HOBWIF__ligand10476-0
737,HOBWIF__ligand2238-0
738,HOBWIF__ligand24145-0
739,HOBWIF__ligand5304-0
740,HOBWIF__ligand12401-0
741,HOBWIF__ligand15585-0
742,HOBWIF__ligand49-0
743,HOBWIF__ligand9167-0
744,HOBWIF__ligand12231-0
745,HOBWIF__ligand3867-0
746,HOBWIF__ligand1317-0
747,HOBWIF__ligand115-0
748,HOBWIF__ligand7293-0
749,HOBWIF__ligand2822-0
750,HOBWIF__ligand12130-0
751,HOBWIF__ligand17387-0
752,HOBWIF__ligand26702-0
753,HOBWIF__ligand13658-0
754,HOBWIF__ligand18292-0
755,HOBWIF__ligand12289-0
756,HOBWIF__ligand17805-0
757,HOBWIF__ligand6117-0
758,HOBWIF__ligand1407-0
759,HOBWIF__ligand8002-0
760,HOBWIF__ligand17302-0
761,HOBWIF__ligand5509-0
762,HOBWIF__ligand25178-0
763,HOBWIF__ligand833-0
764,HOBWIF__ligand5080-0
765,HOBWIF__ligand7762-0
766,HOBWIF__ligand23769-0
767,HOBWIF__ligand89-0
768,HOBWIF__ligand24185-0
769,HOBWIF__ligand8000-0
770,HOBWIF__ligand3736-0
771,HOBWIF__ligand31783-0
772,HOBWIF__ligand9344-0
773,HOBWIF__ligand506-0
774,HOBWIF__ligand2693-0
775,HOBWIF__ligand5383-0
776,HOBWIF__ligand26665-0
777,HOBWIF__ligand13012-0
778,HOBWIF__ligand17631-0
779,HOBWIF__ligand17258-0
780,HOBWIF__ligand3945-0
781,HOBWIF__ligand14603-0
782,HOBWIF__ligand14297-0
783,HOBWIF__ligand30988-0
784,HOBWIF__ligand9299-0
785,HOBWIF__ligand23713-0
786,HOBWIF__ligand4007-0
787,HOBWIF__ligand27175-0
788,HOBWIF__ligand18832-0
789,HOBWIF__ligand2985-0
790,HOBWIF__ligand19641-0
791,HOBWIF__ligand12934-0
792,HOBWIF__ligand20578-0
793,HOBWIF__ligand15422-0
794,HOBWIF__ligand3677-1
795,HOBWIF__ligand9883-0
796,HOBWIF__ligand7291-0
797,HOBWIF__ligand27893-0
798,HOBWIF__ligand152-0
799,HOBWIF__ligand14723-0
800,HOBWIF__ligand16628-0
801,HOBWIF__ligand1294-0
802,HOBWIF__ligand447-0
803,HOBWIF__ligand1168-0
804,HOBWIF__ligand3677-0
805,HOBWIF__ligand3632-0
806,HOBWIF__ligand20740-0
807,HOBWIF__ligand746-0
808,HOBWIF__ligand28468-0
809,HOBWIF__ligand12427-0
810,HOBWIF__ligand176-0
811,HOBWIF__ligand27460-0
812,HOBWIF__ligand6699-0
813,HOBWIF__ligand2881-0
814,HOBWIF__ligand1499-0
815,HOBWIF__ligand12606-0
816,HOBWIF__ligand30333-0
817,HOBWIF__ligand3712-0
818,HOBWIF__ligand1464-0
819,HOBWIF__ligand29410-0
820,HOBWIF__ligand12337-0
821,HOBWIF__ligand487-0
822,HOBWIF__ligand17-0
823,HOBWIF__ligand26540-0
824,HOBWIF__ligand1211-0
825,HOBWIF__ligand17281-0
826,HOBWIF__ligand30296-0
827,HOBWIF__ligand6892-0
