,TMC
0,RALMIB__ligand1228-0
1,RALMIB__ligand311-0
2,RALMIB__ligand9244-0
3,RALMIB__ligand57-0
4,RALMIB__ligand188-0
5,RALMIB__ligand1114-0
6,RALMIB__ligand444-0
7,RALMIB__ligand1538-0
8,RALMIB__ligand369-0
9,RALMIB__ligand250-0
10,RALMIB__ligand460-0
11,RALMIB__ligand3246-0
12,RALMIB__ligand1148-0
13,RALMIB__ligand370-0
14,RALMIB__ligand1479-0
15,RALMIB__ligand73-0
16,RALMIB__ligand3178-0
17,RALMIB__ligand830-0
18,RALMIB__ligand6332-0
19,RALMIB__ligand6502-0
20,RALMIB__ligand34-0
21,RALMIB__ligand2098-0
22,RALMIB__ligand2863-0
23,RALMIB__ligand193-0
24,RALMIB__ligand5548-0
25,RALMIB__ligand252-0
26,RALMIB__ligand7915-0
27,RALMIB__ligand6686-0
28,RALMIB__ligand955-0
29,RALMIB__ligand1747-0
30,RALMIB__ligand3145-0
31,RALMIB__ligand177-0
32,RALMIB__ligand934-0
33,RALMIB__ligand2751-0
34,RALMIB__ligand95-0
35,RALMIB__ligand851-0
36,RALMIB__ligand2634-0
37,RALMIB__ligand1542-0
38,RALMIB__ligand3041-0
39,RALMIB__ligand909-0
40,RALMIB__ligand55-0
41,RALMIB__ligand868-0
42,RALMIB__ligand1951-0
43,RALMIB__ligand1687-0
44,RALMIB__ligand442-0
45,RALMIB__ligand91-0
46,RALMIB__ligand29-0
47,RALMIB__ligand136-0
48,RALMIB__ligand6277-0
49,RALMIB__ligand51-0
50,RALMIB__ligand2768-0
51,RALMIB__ligand1376-0
52,RALMIB__ligand352-0
53,RALMIB__ligand783-0
54,RALMIB__ligand2688-0
55,RALMIB__ligand2259-0
56,RALMIB__ligand197-0
57,RALMIB__ligand296-0
58,RALMIB__ligand8-0
59,RALMIB__ligand2629-0
60,RALMIB__ligand4381-0
61,RALMIB__ligand48-0
62,RALMIB__ligand1706-0
63,RALMIB__ligand112-0
64,RALMIB__ligand3734-0
65,RALMIB__ligand1171-0
66,RALMIB__ligand798-0
67,RALMIB__ligand421-0
68,RALMIB__ligand584-0
69,RALMIB__ligand916-0
70,RALMIB__ligand32-0
71,RALMIB__ligand294-0
72,RALMIB__ligand1438-0
73,RALMIB__ligand3063-0
74,RALMIB__ligand993-0
75,RALMIB__ligand331-0
76,RALMIB__ligand5801-0
77,RALMIB__ligand560-0
78,RALMIB__ligand525-0
79,RALMIB__ligand1459-0
80,RALMIB__ligand109-0
81,RALMIB__ligand1544-0
82,RALMIB__ligand1685-0
83,RALMIB__ligand390-0
84,RALMIB__ligand1048-0
85,RALMIB__ligand932-0
86,RALMIB__ligand134-0
87,RALMIB__ligand2087-0
88,RALMIB__ligand3757-0
89,RALMIB__ligand235-0
90,RALMIB__ligand2907-0
91,RALMIB__ligand682-0
92,RALMIB__ligand1703-0
93,RALMIB__ligand2430-0
94,RALMIB__ligand2320-0
95,RALMIB__ligand1056-0
96,RALMIB__ligand2862-0
97,RALMIB__ligand8921-0
98,RALMIB__ligand2285-0
99,RALMIB__ligand1567-0
100,RALMIB__ligand2510-0
101,RALMIB__ligand522-0
102,RALMIB__ligand11-0
103,RALMIB__ligand666-0
104,RALMIB__ligand487-0
105,RALMIB__ligand1607-0
106,RALMIB__ligand447-0
107,RALMIB__ligand1152-0
108,RALMIB__ligand133-0
109,RALMIB__ligand1727-0
110,RALMIB__ligand11730-0
111,RALMIB__ligand8774-0
112,RALMIB__ligand355-0
113,RALMIB__ligand784-0
114,RALMIB__ligand3637-0
115,RALMIB__ligand485-0
116,RALMIB__ligand6294-0
117,RALMIB__ligand1054-0
118,RALMIB__ligand291-0
119,RALMIB__ligand1598-0
120,RALMIB__ligand4303-0
121,RALMIB__ligand1248-0
122,RALMIB__ligand7464-0
123,RALMIB__ligand115-0
124,RALMIB__ligand2864-0
125,RALMIB__ligand6151-0
126,RALMIB__ligand210-0
127,RALMIB__ligand2772-0
128,RALMIB__ligand9495-0
129,RALMIB__ligand6538-0
130,RALMIB__ligand2142-0
131,RALMIB__ligand170-0
132,RALMIB__ligand5941-0
133,RALMIB__ligand2880-0
134,RALMIB__ligand2838-0
135,RALMIB__ligand92-0
136,RALMIB__ligand3838-0
137,RALMIB__ligand1799-0
138,RALMIB__ligand391-0
139,RALMIB__ligand1169-0
140,RALMIB__ligand5022-0
141,RALMIB__ligand481-0
142,RALMIB__ligand314-0
143,RALMIB__ligand17-0
144,RALMIB__ligand1502-0
145,RALMIB__ligand353-0
146,RALMIB__ligand2345-0
147,RALMIB__ligand2794-0
148,RALMIB__ligand1835-0
149,RALMIB__ligand4983-0
150,RALMIB__ligand236-0
151,RALMIB__ligand9027-0
152,RALMIB__ligand1113-0
153,RALMIB__ligand2265-0
154,RALMIB__ligand6396-0
155,RALMIB__ligand113-0
156,RALMIB__ligand49-0
157,RALMIB__ligand422-0
158,RALMIB__ligand1273-0
159,RALMIB__ligand502-0
160,RALMIB__ligand89-0
161,RALMIB__ligand196-0
162,RALMIB__ligand1052-0
163,RALMIB__ligand757-0
164,RALMIB__ligand85-0
165,RALMIB__ligand8032-0
166,RALMIB__ligand78-0
167,RALMIB__ligand1858-0
168,RALMIB__ligand45-0
169,RALMIB__ligand2315-0
170,RALMIB__ligand1898-0
171,RALMIB__ligand3051-0
172,RALMIB__ligand4504-0
173,RALMIB__ligand2480-0
174,RALMIB__ligand797-0
175,RALMIB__ligand5334-0
176,RALMIB__ligand2389-0
177,RALMIB__ligand1919-0
178,RALMIB__ligand2110-0
179,RALMIB__ligand2916-0
180,RALMIB__ligand3579-0
181,RALMIB__ligand1712-0
182,RALMIB__ligand1299-0
183,RALMIB__ligand6430-0
184,RALMIB__ligand1264-0
185,RALMIB__ligand1221-0
186,RALMIB__ligand240-0
187,RALMIB__ligand1379-0
188,RALMIB__ligand141-0
189,RALMIB__ligand2376-0
190,RALMIB__ligand2929-0
191,RALMIB__ligand1325-0
192,RALMIB__ligand2482-0
193,RALMIB__ligand6571-0
194,RALMIB__ligand7414-0
195,RALMIB__ligand5762-0
196,RALMIB__ligand384-0
197,RALMIB__ligand1104-0
198,RALMIB__ligand1019-0
199,RALMIB__ligand2442-0
200,RALMIB__ligand120-0
201,RALMIB__ligand1178-0
202,RALMIB__ligand3566-0
203,RALMIB__ligand119-0
204,RALMIB__ligand1321-0
205,RALMIB__ligand1788-0
206,RALMIB__ligand124-0
207,RALMIB__ligand3-0
208,RALMIB__ligand100-0
209,RALMIB__ligand244-0
210,RALMIB__ligand201-0
211,RALMIB__ligand9620-0
212,RALMIB__ligand1260-0
213,RALMIB__ligand4894-0
214,RALMIB__ligand1449-1
215,RALMIB__ligand4811-0
216,RALMIB__ligand321-0
217,RALMIB__ligand279-0
218,RALMIB__ligand10357-0
219,RALMIB__ligand178-0
220,RALMIB__ligand67-0
221,RALMIB__ligand3337-0
222,RALMIB__ligand7514-0
223,RALMIB__ligand15630-0
224,RALMIB__ligand366-0
225,RALMIB__ligand861-0
226,RALMIB__ligand612-0
227,RALMIB__ligand1307-0
228,RALMIB__ligand187-0
229,RALMIB__ligand596-0
230,RALMIB__ligand126-0
231,RALMIB__ligand6166-0
232,RALMIB__ligand1-0
233,RALMIB__ligand1246-0
234,RALMIB__ligand5089-0
235,RALMIB__ligand2599-0
236,RALMIB__ligand3853-0
237,RALMIB__ligand2853-0
238,RALMIB__ligand361-0
239,RALMIB__ligand324-0
240,RALMIB__ligand409-0
241,RALMIB__ligand3196-0
242,RALMIB__ligand4012-0
243,RALMIB__ligand62-0
244,RALMIB__ligand105-0
245,RALMIB__ligand140-0
246,RALMIB__ligand2915-0
247,RALMIB__ligand927-0
248,RALMIB__ligand199-0
249,RALMIB__ligand86-0
250,RALMIB__ligand2707-0
251,RALMIB__ligand1690-0
252,RALMIB__ligand6-0
253,RALMIB__ligand2526-0
254,RALMIB__ligand1551-0
255,RALMIB__ligand575-0
256,RALMIB__ligand4370-0
257,RALMIB__ligand497-0
258,RALMIB__ligand918-0
259,RALMIB__ligand633-0
260,RALMIB__ligand532-0
261,RALMIB__ligand1436-0
262,RALMIB__ligand166-0
263,RALMIB__ligand838-0
264,RALMIB__ligand3618-0
265,RALMIB__ligand2618-0
266,RALMIB__ligand4-0
267,RALMIB__ligand18-0
268,RALMIB__ligand4175-0
269,RALMIB__ligand142-0
270,RALMIB__ligand206-0
271,RALMIB__ligand436-0
272,RALMIB__ligand2255-0
273,RALMIB__ligand1918-0
274,RALMIB__ligand821-0
275,RALMIB__ligand326-0
276,RALMIB__ligand553-0
277,RALMIB__ligand283-0
278,RALMIB__ligand3251-0
279,RALMIB__ligand5235-0
280,RALMIB__ligand6143-0
281,RALMIB__ligand4619-0
282,RALMIB__ligand1493-0
283,RALMIB__ligand21-0
284,RALMIB__ligand3035-0
285,RALMIB__ligand3070-0
286,RALMIB__ligand10479-0
287,RALMIB__ligand2718-0
288,RALMIB__ligand9176-0
289,RALMIB__ligand3852-0
290,RALMIB__ligand3478-0
291,RALMIB__ligand40-0
292,RALMIB__ligand5758-0
293,RALMIB__ligand10114-0
294,RALMIB__ligand7456-0
295,RALMIB__ligand383-0
296,RALMIB__ligand38-0
297,RALMIB__ligand162-0
298,RALMIB__ligand1818-0
299,RALMIB__ligand226-0
300,RALMIB__ligand10910-0
301,RALMIB__ligand1907-0
302,RALMIB__ligand4423-0
303,RALMIB__ligand509-0
304,RALMIB__ligand3890-0
305,RALMIB__ligand670-0
306,RALMIB__ligand118-0
307,RALMIB__ligand571-0
308,RALMIB__ligand7630-0
309,RALMIB__ligand1555-0
310,RALMIB__ligand1285-0
311,RALMIB__ligand278-0
312,RALMIB__ligand14530-0
313,RALMIB__ligand66-0
314,RALMIB__ligand7550-0
315,RALMIB__ligand365-0
316,RALMIB__ligand358-0
317,RALMIB__ligand5093-0
318,RALMIB__ligand2954-0
319,RALMIB__ligand430-0
320,RALMIB__ligand2253-0
321,RALMIB__ligand1160-0
322,RALMIB__ligand1038-0
323,RALMIB__ligand669-0
324,RALMIB__ligand2762-0
