,TMC
0,QASKEB__ligand2389-0
1,QASKEB__ligand682-0
2,QASKEB__ligand1919-0
3,QASKEB__ligand3579-0
4,QASKEB__ligand2916-0
5,QASKEB__ligand2110-0
6,QASKEB__ligand1712-0
7,QASKEB__ligand32-0
8,QASKEB__ligand487-0
9,QASKEB__ligand1858-0
10,QASKEB__ligand666-0
11,QASKEB__ligand8-0
12,QASKEB__ligand522-0
13,QASKEB__ligand8032-0
14,QASKEB__ligand1898-0
15,QASKEB__ligand4504-0
16,QASKEB__ligand3051-0
17,QASKEB__ligand2480-0
18,QASKEB__ligand133-0
19,QASKEB__ligand2315-0
20,QASKEB__ligand5334-0
21,QASKEB__ligand447-0
22,QASKEB__ligand6571-0
23,QASKEB__ligand1325-0
24,QASKEB__ligand2482-0
25,QASKEB__ligand48-0
26,QASKEB__ligand5762-0
27,QASKEB__ligand7414-0
28,QASKEB__ligand1104-0
29,QASKEB__ligand485-0
30,QASKEB__ligand355-0
31,QASKEB__ligand784-0
32,QASKEB__ligand1019-0
33,QASKEB__ligand2442-0
34,QASKEB__ligand51-0
35,QASKEB__ligand1221-0
36,QASKEB__ligand1264-0
37,QASKEB__ligand1299-0
38,QASKEB__ligand6430-0
39,QASKEB__ligand291-0
40,QASKEB__ligand1379-0
41,QASKEB__ligand115-0
42,QASKEB__ligand2376-0
43,QASKEB__ligand91-0
44,QASKEB__ligand29-0
45,QASKEB__ligand2929-0
46,QASKEB__ligand9620-0
47,QASKEB__ligand55-0
48,QASKEB__ligand1260-0
49,QASKEB__ligand4894-0
50,QASKEB__ligand4811-0
51,QASKEB__ligand1449-1
52,QASKEB__ligand95-0
53,QASKEB__ligand3337-0
54,QASKEB__ligand7514-0
55,QASKEB__ligand210-0
56,QASKEB__ligand1178-0
57,QASKEB__ligand391-0
58,QASKEB__ligand3566-0
59,QASKEB__ligand1321-0
60,QASKEB__ligand170-0
61,QASKEB__ligand1788-0
62,QASKEB__ligand314-0
63,QASKEB__ligand34-0
64,QASKEB__ligand481-0
65,QASKEB__ligand6166-0
66,QASKEB__ligand353-0
67,QASKEB__ligand73-0
68,QASKEB__ligand1246-0
69,QASKEB__ligand2599-0
70,QASKEB__ligand5089-0
71,QASKEB__ligand236-0
72,QASKEB__ligand3853-0
73,QASKEB__ligand2853-0
74,QASKEB__ligand422-0
75,QASKEB__ligand1307-0
76,QASKEB__ligand113-0
77,QASKEB__ligand196-0
78,QASKEB__ligand502-0
79,QASKEB__ligand57-0
80,QASKEB__ligand15630-0
81,QASKEB__ligand10357-0
82,QASKEB__ligand2707-0
83,QASKEB__ligand89-0
84,QASKEB__ligand1690-0
85,QASKEB__ligand311-0
86,QASKEB__ligand444-0
87,QASKEB__ligand1551-0
88,QASKEB__ligand369-0
89,QASKEB__ligand49-0
90,QASKEB__ligand2526-0
91,QASKEB__ligand188-0
92,QASKEB__ligand4012-0
93,QASKEB__ligand3196-0
94,QASKEB__ligand460-0
95,QASKEB__ligand250-0
96,QASKEB__ligand370-0
97,QASKEB__ligand2915-0
98,QASKEB__ligand193-0
99,QASKEB__ligand4175-0
100,QASKEB__ligand2255-0
101,QASKEB__ligand830-0
102,QASKEB__ligand17-0
103,QASKEB__ligand92-0
104,QASKEB__ligand1918-0
105,QASKEB__ligand955-0
106,QASKEB__ligand252-0
107,QASKEB__ligand4370-0
108,QASKEB__ligand177-0
109,QASKEB__ligand934-0
110,QASKEB__ligand909-0
111,QASKEB__ligand1436-0
112,QASKEB__ligand3618-0
113,QASKEB__ligand2618-0
114,QASKEB__ligand851-0
115,QASKEB__ligand136-0
116,QASKEB__ligand3478-0
117,QASKEB__ligand10910-0
118,QASKEB__ligand3852-0
119,QASKEB__ligand442-0
120,QASKEB__ligand868-0
121,QASKEB__ligand5758-0
122,QASKEB__ligand7456-0
123,QASKEB__ligand352-0
124,QASKEB__ligand783-0
125,QASKEB__ligand1818-0
126,QASKEB__ligand3251-0
127,QASKEB__ligand14530-0
128,QASKEB__ligand4619-0
129,QASKEB__ligand296-0
130,QASKEB__ligand197-0
131,QASKEB__ligand5235-0
132,QASKEB__ligand6143-0
133,QASKEB__ligand3070-0
134,QASKEB__ligand3035-0
135,QASKEB__ligand2718-0
136,QASKEB__ligand1493-0
137,QASKEB__ligand112-0
138,QASKEB__ligand9176-0
139,QASKEB__ligand584-0
140,QASKEB__ligand916-0
141,QASKEB__ligand7550-0
142,QASKEB__ligand798-0
143,QASKEB__ligand421-0
144,QASKEB__ligand2253-0
145,QASKEB__ligand10479-0
146,QASKEB__ligand1160-0
147,QASKEB__ligand331-0
148,QASKEB__ligand11-0
149,QASKEB__ligand2954-0
150,QASKEB__ligand5093-0
151,QASKEB__ligand2762-0
152,QASKEB__ligand993-0
153,QASKEB__ligand294-0
154,QASKEB__ligand1038-0
155,QASKEB__ligand4423-0
156,QASKEB__ligand1907-0
157,QASKEB__ligand3890-0
158,QASKEB__ligand109-0
159,QASKEB__ligand525-0
160,QASKEB__ligand560-0
161,QASKEB__ligand7630-0
162,QASKEB__ligand10114-0
163,QASKEB__ligand235-0
164,QASKEB__ligand134-0
165,QASKEB__ligand932-0
166,QASKEB__ligand390-0
167,QASKEB__ligand1285-0
168,QASKEB__ligand1555-0
169,QASKEB__ligand3246-0
170,QASKEB__ligand324-0
171,QASKEB__ligand361-0
172,QASKEB__ligand409-0
173,QASKEB__ligand1148-0
174,QASKEB__ligand140-0
175,QASKEB__ligand105-0
176,QASKEB__ligand1479-0
177,QASKEB__ligand3-0
178,QASKEB__ligand9244-0
179,QASKEB__ligand1228-0
180,QASKEB__ligand199-0
181,QASKEB__ligand927-0
182,QASKEB__ligand575-0
183,QASKEB__ligand1538-0
184,QASKEB__ligand1114-0
185,QASKEB__ligand2751-0
186,QASKEB__ligand532-0
187,QASKEB__ligand918-0
188,QASKEB__ligand633-0
189,QASKEB__ligand497-0
190,QASKEB__ligand67-0
191,QASKEB__ligand2634-0
192,QASKEB__ligand1542-0
193,QASKEB__ligand838-0
194,QASKEB__ligand166-0
195,QASKEB__ligand3041-0
196,QASKEB__ligand6332-0
197,QASKEB__ligand436-0
198,QASKEB__ligand3178-0
199,QASKEB__ligand2863-0
200,QASKEB__ligand1-0
201,QASKEB__ligand206-0
202,QASKEB__ligand6502-0
203,QASKEB__ligand142-0
204,QASKEB__ligand2098-0
205,QASKEB__ligand283-0
206,QASKEB__ligand6686-0
207,QASKEB__ligand1747-0
208,QASKEB__ligand5548-0
209,QASKEB__ligand553-0
210,QASKEB__ligand7915-0
211,QASKEB__ligand3145-0
212,QASKEB__ligand326-0
213,QASKEB__ligand821-0
214,QASKEB__ligand4381-0
215,QASKEB__ligand2629-0
216,QASKEB__ligand3734-0
217,QASKEB__ligand1706-0
218,QASKEB__ligand1687-0
219,QASKEB__ligand1951-0
220,QASKEB__ligand6277-0
221,QASKEB__ligand226-0
222,QASKEB__ligand2768-0
223,QASKEB__ligand1376-0
224,QASKEB__ligand162-0
225,QASKEB__ligand383-0
226,QASKEB__ligand2688-0
227,QASKEB__ligand2259-0
228,QASKEB__ligand509-0
229,QASKEB__ligand1459-0
230,QASKEB__ligand1544-0
231,QASKEB__ligand1685-0
232,QASKEB__ligand571-0
233,QASKEB__ligand3757-0
234,QASKEB__ligand670-0
235,QASKEB__ligand1048-0
236,QASKEB__ligand118-0
237,QASKEB__ligand2087-0
238,QASKEB__ligand45-0
239,QASKEB__ligand365-0
240,QASKEB__ligand1171-0
241,QASKEB__ligand278-0
242,QASKEB__ligand1438-0
243,QASKEB__ligand3063-0
244,QASKEB__ligand669-0
245,QASKEB__ligand5801-0
246,QASKEB__ligand85-0
247,QASKEB__ligand78-0
248,QASKEB__ligand358-0
249,QASKEB__ligand430-0
250,QASKEB__ligand1607-0
251,QASKEB__ligand757-0
252,QASKEB__ligand1152-0
253,QASKEB__ligand66-0
254,QASKEB__ligand797-0
255,QASKEB__ligand1727-0
256,QASKEB__ligand2907-0
257,QASKEB__ligand1703-0
258,QASKEB__ligand2430-0
259,QASKEB__ligand2862-0
260,QASKEB__ligand2320-0
261,QASKEB__ligand1056-0
262,QASKEB__ligand2510-0
263,QASKEB__ligand8921-0
264,QASKEB__ligand2285-0
265,QASKEB__ligand1567-0
266,QASKEB__ligand141-0
267,QASKEB__ligand1054-0
268,QASKEB__ligand240-0
269,QASKEB__ligand6294-0
270,QASKEB__ligand38-0
271,QASKEB__ligand4303-0
272,QASKEB__ligand1248-0
273,QASKEB__ligand1598-0
274,QASKEB__ligand7464-0
275,QASKEB__ligand40-0
276,QASKEB__ligand21-0
277,QASKEB__ligand8774-0
278,QASKEB__ligand120-0
279,QASKEB__ligand384-0
280,QASKEB__ligand11730-0
281,QASKEB__ligand3637-0
282,QASKEB__ligand2838-0
283,QASKEB__ligand1799-0
284,QASKEB__ligand3838-0
285,QASKEB__ligand119-0
286,QASKEB__ligand5941-0
287,QASKEB__ligand2880-0
288,QASKEB__ligand18-0
289,QASKEB__ligand1169-0
290,QASKEB__ligand5022-0
291,QASKEB__ligand124-0
292,QASKEB__ligand201-0
293,QASKEB__ligand244-0
294,QASKEB__ligand2864-0
295,QASKEB__ligand6-0
296,QASKEB__ligand100-0
297,QASKEB__ligand178-0
298,QASKEB__ligand6538-0
299,QASKEB__ligand279-0
300,QASKEB__ligand6151-0
301,QASKEB__ligand2772-0
302,QASKEB__ligand9495-0
303,QASKEB__ligand321-0
304,QASKEB__ligand2142-0
305,QASKEB__ligand187-0
306,QASKEB__ligand612-0
307,QASKEB__ligand861-0
308,QASKEB__ligand1273-0
309,QASKEB__ligand366-0
310,QASKEB__ligand86-0
311,QASKEB__ligand1052-0
312,QASKEB__ligand596-0
313,QASKEB__ligand4-0
314,QASKEB__ligand1502-0
315,QASKEB__ligand4983-0
316,QASKEB__ligand126-0
317,QASKEB__ligand2345-0
318,QASKEB__ligand2794-0
319,QASKEB__ligand1835-0
320,QASKEB__ligand9027-0
321,QASKEB__ligand62-0
322,QASKEB__ligand6396-0
323,QASKEB__ligand1113-0
324,QASKEB__ligand2265-0
