,TMC
0,QUCLOR__ligand9344-0
1,QUCLOR__ligand3736-0
2,QUCLOR__ligand8000-0
3,QUCLOR__ligand18757-0
4,QUCLOR__ligand24560-0
5,QUCLOR__ligand89-0
6,QUCLOR__ligand3945-0
7,QUCLOR__ligand18413-0
8,QUCLOR__ligand20844-0
9,QUCLOR__ligand24624-0
10,QUCLOR__ligand2693-0
11,QUCLOR__ligand5383-0
12,QUCLOR__ligand115-0
13,QUCLOR__ligand4007-0
14,QUCLOR__ligand49-0
15,QUCLOR__ligand2985-0
16,QUCLOR__ligand21752-0
17,QUCLOR__ligand9299-0
18,QUCLOR__ligand14339-0
19,QUCLOR__ligand7291-0
20,QUCLOR__ligand9883-0
21,QUCLOR__ligand3677-1
22,QUCLOR__ligand30788-0
23,QUCLOR__ligand833-0
24,QUCLOR__ligand13691-0
25,QUCLOR__ligand27122-0
26,QUCLOR__ligand20432-0
27,QUCLOR__ligand3677-0
28,QUCLOR__ligand3632-0
29,QUCLOR__ligand16133-0
30,QUCLOR__ligand13755-0
31,QUCLOR__ligand24953-0
32,QUCLOR__ligand23445-0
33,QUCLOR__ligand1168-0
34,QUCLOR__ligand1294-0
35,QUCLOR__ligand25048-0
36,QUCLOR__ligand21940-0
37,QUCLOR__ligand6699-0
38,QUCLOR__ligand784-0
39,QUCLOR__ligand30004-0
40,QUCLOR__ligand368-0
41,QUCLOR__ligand20557-0
42,QUCLOR__ligand3712-0
43,QUCLOR__ligand1464-0
44,QUCLOR__ligand1499-0
45,QUCLOR__ligand2881-0
46,QUCLOR__ligand395-0
47,QUCLOR__ligand6892-0
48,QUCLOR__ligand1211-0
49,QUCLOR__ligand29214-0
50,QUCLOR__ligand5595-0
51,QUCLOR__ligand4101-0
52,QUCLOR__ligand746-0
53,QUCLOR__ligand11501-0
54,QUCLOR__ligand11544-0
55,QUCLOR__ligand447-0
56,QUCLOR__ligand4358-0
57,QUCLOR__ligand21448-0
58,QUCLOR__ligand3926-0
59,QUCLOR__ligand3120-0
60,QUCLOR__ligand22357-0
61,QUCLOR__ligand11758-0
62,QUCLOR__ligand17-0
63,QUCLOR__ligand2221-0
64,QUCLOR__ligand176-0
65,QUCLOR__ligand12413-0
66,QUCLOR__ligand1296-0
67,QUCLOR__ligand29334-0
68,QUCLOR__ligand2259-0
69,QUCLOR__ligand20731-0
70,QUCLOR__ligand1197-0
71,QUCLOR__ligand8592-0
72,QUCLOR__ligand5099-0
73,QUCLOR__ligand11798-0
74,QUCLOR__ligand17069-0
75,QUCLOR__ligand9773-0
76,QUCLOR__ligand1376-0
77,QUCLOR__ligand5510-0
78,QUCLOR__ligand14477-0
79,QUCLOR__ligand487-0
80,QUCLOR__ligand17445-0
81,QUCLOR__ligand9167-0
82,QUCLOR__ligand20942-1
83,QUCLOR__ligand506-0
84,QUCLOR__ligand14226-0
85,QUCLOR__ligand21339-0
86,QUCLOR__ligand5304-0
87,QUCLOR__ligand16956-0
88,QUCLOR__ligand2238-0
89,QUCLOR__ligand29565-0
90,QUCLOR__ligand23682-0
91,QUCLOR__ligand3867-0
92,QUCLOR__ligand1317-0
93,QUCLOR__ligand18158-0
94,QUCLOR__ligand7293-0
95,QUCLOR__ligand2822-0
96,QUCLOR__ligand27771-0
97,QUCLOR__ligand8002-0
98,QUCLOR__ligand5509-0
99,QUCLOR__ligand6117-0
100,QUCLOR__ligand1407-0
101,QUCLOR__ligand18019-1
102,QUCLOR__ligand14007-0
103,QUCLOR__ligand152-0
104,QUCLOR__ligand27550-0
105,QUCLOR__ligand5080-0
106,QUCLOR__ligand7762-0
107,QUCLOR__ligand1356-0
108,QUCLOR__ligand1787-0
109,QUCLOR__ligand5530-0
110,QUCLOR__ligand20220-0
111,QUCLOR__ligand9753-0
112,QUCLOR__ligand15387-0
113,QUCLOR__ligand7196-0
114,QUCLOR__ligand5159-0
115,QUCLOR__ligand20121-0
116,QUCLOR__ligand4807-0
117,QUCLOR__ligand3178-0
118,QUCLOR__ligand196-0
119,QUCLOR__ligand29813-0
120,QUCLOR__ligand16952-0
121,QUCLOR__ligand2906-0
122,QUCLOR__ligand686-0
123,QUCLOR__ligand10479-0
124,QUCLOR__ligand27610-0
125,QUCLOR__ligand11479-0
126,QUCLOR__ligand29441-0
127,QUCLOR__ligand3244-0
128,QUCLOR__ligand4711-0
129,QUCLOR__ligand10853-0
130,QUCLOR__ligand4649-0
131,QUCLOR__ligand2788-0
132,QUCLOR__ligand5649-0
133,QUCLOR__ligand24851-0
134,QUCLOR__ligand8793-0
135,QUCLOR__ligand20530-0
136,QUCLOR__ligand11698-0
137,QUCLOR__ligand13657-0
138,QUCLOR__ligand14347-0
139,QUCLOR__ligand14302-0
140,QUCLOR__ligand422-0
141,QUCLOR__ligand22353-0
142,QUCLOR__ligand2260-0
143,QUCLOR__ligand7092-0
144,QUCLOR__ligand1116-0
145,QUCLOR__ligand1153-0
146,QUCLOR__ligand3225-0
147,QUCLOR__ligand8612-0
148,QUCLOR__ligand2124-0
149,QUCLOR__ligand7172-0
150,QUCLOR__ligand19668-0
151,QUCLOR__ligand19906-0
152,QUCLOR__ligand7273-0
153,QUCLOR__ligand393-0
154,QUCLOR__ligand9323-0
155,QUCLOR__ligand10151-0
156,QUCLOR__ligand353-0
157,QUCLOR__ligand5180-0
158,QUCLOR__ligand6017-0
159,QUCLOR__ligand7316-0
160,QUCLOR__ligand5708-0
161,QUCLOR__ligand314-0
162,QUCLOR__ligand780-0
163,QUCLOR__ligand11252-0
164,QUCLOR__ligand2043-0
165,QUCLOR__ligand1832-0
166,QUCLOR__ligand10582-0
167,QUCLOR__ligand813-0
168,QUCLOR__ligand13260-0
169,QUCLOR__ligand8788-0
170,QUCLOR__ligand1604-0
171,QUCLOR__ligand69-0
172,QUCLOR__ligand19824-0
173,QUCLOR__ligand9943-0
174,QUCLOR__ligand18067-0
175,QUCLOR__ligand1228-0
176,QUCLOR__ligand3126-0
177,QUCLOR__ligand6391-0
178,QUCLOR__ligand9284-0
179,QUCLOR__ligand26673-0
180,QUCLOR__ligand1114-0
181,QUCLOR__ligand618-0
182,QUCLOR__ligand20821-0
183,QUCLOR__ligand11-0
184,QUCLOR__ligand11606-0
185,QUCLOR__ligand2417-0
186,QUCLOR__ligand8-0
187,QUCLOR__ligand391-0
188,QUCLOR__ligand31000-0
189,QUCLOR__ligand1289-0
190,QUCLOR__ligand11814-0
191,QUCLOR__ligand5387-0
192,QUCLOR__ligand2203-0
193,QUCLOR__ligand16603-0
194,QUCLOR__ligand16870-0
195,QUCLOR__ligand465-0
196,QUCLOR__ligand11622-0
197,QUCLOR__ligand9450-0
198,QUCLOR__ligand11177-0
199,QUCLOR__ligand15455-0
200,QUCLOR__ligand2612-0
201,QUCLOR__ligand17686-0
202,QUCLOR__ligand25658-0
203,QUCLOR__ligand31205-0
204,QUCLOR__ligand1599-0
205,QUCLOR__ligand314-1
206,QUCLOR__ligand20695-0
207,QUCLOR__ligand27754-0
208,QUCLOR__ligand2001-0
209,QUCLOR__ligand16369-0
210,QUCLOR__ligand28540-0
211,QUCLOR__ligand11111-0
212,QUCLOR__ligand7566-0
213,QUCLOR__ligand909-0
214,QUCLOR__ligand22403-0
215,QUCLOR__ligand8593-0
216,QUCLOR__ligand9944-0
217,QUCLOR__ligand26631-0
218,QUCLOR__ligand16148-0
219,QUCLOR__ligand12003-0
220,QUCLOR__ligand16-0
221,QUCLOR__ligand8553-0
222,QUCLOR__ligand21399-0
223,QUCLOR__ligand10872-0
224,QUCLOR__ligand1113-0
225,QUCLOR__ligand177-0
226,QUCLOR__ligand29215-0
227,QUCLOR__ligand5201-0
228,QUCLOR__ligand21729-0
229,QUCLOR__ligand116-0
230,QUCLOR__ligand27239-0
231,QUCLOR__ligand32-0
232,QUCLOR__ligand5415-0
233,QUCLOR__ligand252-0
234,QUCLOR__ligand19927-0
235,QUCLOR__ligand28559-0
236,QUCLOR__ligand26324-0
237,QUCLOR__ligand14043-0
238,QUCLOR__ligand3471-0
239,QUCLOR__ligand4161-0
240,QUCLOR__ligand4124-0
241,QUCLOR__ligand6995-0
242,QUCLOR__ligand830-0
243,QUCLOR__ligand11618-0
244,QUCLOR__ligand372-0
245,QUCLOR__ligand2823-0
246,QUCLOR__ligand4340-0
247,QUCLOR__ligand193-0
248,QUCLOR__ligand2281-0
249,QUCLOR__ligand2650-0
250,QUCLOR__ligand3180-0
251,QUCLOR__ligand26529-0
252,QUCLOR__ligand370-0
253,QUCLOR__ligand2027-0
254,QUCLOR__ligand1015-0
255,QUCLOR__ligand1050-0
256,QUCLOR__ligand17427-0
257,QUCLOR__ligand48-0
258,QUCLOR__ligand31694-0
259,QUCLOR__ligand29486-0
260,QUCLOR__ligand25561-0
261,QUCLOR__ligand250-0
262,QUCLOR__ligand1618-0
263,QUCLOR__ligand2692-0
264,QUCLOR__ligand1028-0
265,QUCLOR__ligand11949-0
266,QUCLOR__ligand4262-0
267,QUCLOR__ligand22129-0
268,QUCLOR__ligand12138-0
269,QUCLOR__ligand24780-0
270,QUCLOR__ligand10033-0
271,QUCLOR__ligand1154-0
272,QUCLOR__ligand24644-0
273,QUCLOR__ligand51-0
274,QUCLOR__ligand12001-0
275,QUCLOR__ligand9615-0
276,QUCLOR__ligand188-0
277,QUCLOR__ligand27840-0
278,QUCLOR__ligand30728-0
279,QUCLOR__ligand1498-0
280,QUCLOR__ligand24872-0
281,QUCLOR__ligand4596-0
282,QUCLOR__ligand13220-0
283,QUCLOR__ligand11587-0
284,QUCLOR__ligand785-0
285,QUCLOR__ligand17396-0
286,QUCLOR__ligand311-0
287,QUCLOR__ligand23175-0
288,QUCLOR__ligand15788-0
289,QUCLOR__ligand479-0
290,QUCLOR__ligand14569-0
291,QUCLOR__ligand91-0
292,QUCLOR__ligand564-0
293,QUCLOR__ligand13385-0
294,QUCLOR__ligand24111-0
295,QUCLOR__ligand22444-0
296,QUCLOR__ligand370-1
297,QUCLOR__ligand1169-0
298,QUCLOR__ligand620-0
299,QUCLOR__ligand8529-0
300,QUCLOR__ligand24035-0
301,QUCLOR__ligand3453-0
302,QUCLOR__ligand3416-0
303,QUCLOR__ligand31044-0
304,QUCLOR__ligand31842-0
305,QUCLOR__ligand11994-0
306,QUCLOR__ligand4207-0
307,QUCLOR__ligand16663-0
308,QUCLOR__ligand235-0
309,QUCLOR__ligand1539-0
310,QUCLOR__ligand14614-0
311,QUCLOR__ligand1150-0
312,QUCLOR__ligand134-0
313,QUCLOR__ligand55-0
314,QUCLOR__ligand8200-0
315,QUCLOR__ligand7438-0
316,QUCLOR__ligand16988-0
317,QUCLOR__ligand25913-0
318,QUCLOR__ligand4063-0
319,QUCLOR__ligand68-0
320,QUCLOR__ligand560-0
321,QUCLOR__ligand3042-0
322,QUCLOR__ligand11682-0
323,QUCLOR__ligand20207-0
324,QUCLOR__ligand30711-0
325,QUCLOR__ligand28810-0
326,QUCLOR__ligand7075-0
327,QUCLOR__ligand11096-0
328,QUCLOR__ligand11447-0
329,QUCLOR__ligand24230-0
330,QUCLOR__ligand3980-0
331,QUCLOR__ligand15926-0
332,QUCLOR__ligand294-0
333,QUCLOR__ligand3557-0
334,QUCLOR__ligand19792-0
335,QUCLOR__ligand10828-0
336,QUCLOR__ligand1149-0
337,QUCLOR__ligand1779-0
338,QUCLOR__ligand6993-0
339,QUCLOR__ligand1817-0
340,QUCLOR__ligand11970-0
341,QUCLOR__ligand9750-0
342,QUCLOR__ligand15883-0
343,QUCLOR__ligand1400-0
344,QUCLOR__ligand4266-0
345,QUCLOR__ligand22168-0
346,QUCLOR__ligand421-0
347,QUCLOR__ligand28930-0
348,QUCLOR__ligand9491-0
349,QUCLOR__ligand22294-0
350,QUCLOR__ligand21919-0
351,QUCLOR__ligand4167-0
352,QUCLOR__ligand1288-0
353,QUCLOR__ligand34-0
354,QUCLOR__ligand12365-0
355,QUCLOR__ligand10056-0
356,QUCLOR__ligand13862-0
357,QUCLOR__ligand11357-0
358,QUCLOR__ligand28743-0
359,QUCLOR__ligand15531-0
360,QUCLOR__ligand685-0
361,QUCLOR__ligand1828-0
362,QUCLOR__ligand23197-0
363,QUCLOR__ligand7213-0
364,QUCLOR__ligand1397-0
365,QUCLOR__ligand8042-0
366,QUCLOR__ligand6112-0
367,QUCLOR__ligand5085-0
368,QUCLOR__ligand3144-0
369,QUCLOR__ligand27285-0
370,QUCLOR__ligand29029-0
371,QUCLOR__ligand5755-0
372,QUCLOR__ligand4710-0
373,QUCLOR__ligand1908-0
374,QUCLOR__ligand14167-0
375,QUCLOR__ligand13477-0
376,QUCLOR__ligand30142-0
377,QUCLOR__ligand27669-0
378,QUCLOR__ligand4795-0
379,QUCLOR__ligand197-0
380,QUCLOR__ligand3285-0
381,QUCLOR__ligand1786-0
382,QUCLOR__ligand5630-0
383,QUCLOR__ligand12453-0
384,QUCLOR__ligand18448-0
385,QUCLOR__ligand28459-0
386,QUCLOR__ligand19184-0
387,QUCLOR__ligand1831-0
388,QUCLOR__ligand5280-0
389,QUCLOR__ligand5614-0
390,QUCLOR__ligand352-0
391,QUCLOR__ligand783-0
392,QUCLOR__ligand6663-0
393,QUCLOR__ligand5515-0
394,QUCLOR__ligand13672-0
395,QUCLOR__ligand18568-0
396,QUCLOR__ligand28685-0
397,QUCLOR__ligand868-0
398,QUCLOR__ligand1849-0
399,QUCLOR__ligand5019-0
400,QUCLOR__ligand57-0
401,QUCLOR__ligand1152-0
402,QUCLOR__ligand3261-0
403,QUCLOR__ligand1216-0
404,QUCLOR__ligand10371-0
405,QUCLOR__ligand326-0
406,QUCLOR__ligand6283-0
407,QUCLOR__ligand27460-0
408,QUCLOR__ligand20740-0
409,QUCLOR__ligand4738-0
410,QUCLOR__ligand28468-0
411,QUCLOR__ligand5813-0
412,QUCLOR__ligand4813-0
413,QUCLOR__ligand12427-0
414,QUCLOR__ligand16628-0
415,QUCLOR__ligand6062-0
416,QUCLOR__ligand692-0
417,QUCLOR__ligand17281-0
418,QUCLOR__ligand30296-0
419,QUCLOR__ligand12337-0
420,QUCLOR__ligand3215-0
421,QUCLOR__ligand29410-0
422,QUCLOR__ligand26540-0
423,QUCLOR__ligand66-0
424,QUCLOR__ligand30333-0
425,QUCLOR__ligand436-0
426,QUCLOR__ligand12606-0
427,QUCLOR__ligand7107-0
428,QUCLOR__ligand42-0
429,QUCLOR__ligand17258-0
430,QUCLOR__ligand1147-0
431,QUCLOR__ligand14603-0
432,QUCLOR__ligand14297-0
433,QUCLOR__ligand26665-0
434,QUCLOR__ligand17631-0
435,QUCLOR__ligand3973-0
436,QUCLOR__ligand13012-0
437,QUCLOR__ligand7925-0
438,QUCLOR__ligand2068-0
439,QUCLOR__ligand31783-0
440,QUCLOR__ligand27893-0
441,QUCLOR__ligand7532-0
442,QUCLOR__ligand14723-0
443,QUCLOR__ligand497-0
444,QUCLOR__ligand19641-0
445,QUCLOR__ligand12934-0
446,QUCLOR__ligand20578-0
447,QUCLOR__ligand15422-0
448,QUCLOR__ligand4194-0
449,QUCLOR__ligand4330-0
450,QUCLOR__ligand27175-0
451,QUCLOR__ligand18832-0
452,QUCLOR__ligand23713-0
453,QUCLOR__ligand2599-0
454,QUCLOR__ligand30988-0
455,QUCLOR__ligand633-0
456,QUCLOR__ligand300-0
457,QUCLOR__ligand3012-0
458,QUCLOR__ligand12130-0
459,QUCLOR__ligand17387-0
460,QUCLOR__ligand18292-0
461,QUCLOR__ligand12289-0
462,QUCLOR__ligand1449-0
463,QUCLOR__ligand26702-0
464,QUCLOR__ligand13658-0
465,QUCLOR__ligand7530-0
466,QUCLOR__ligand1065-0
467,QUCLOR__ligand12231-0
468,QUCLOR__ligand9681-0
469,QUCLOR__ligand588-0
470,QUCLOR__ligand24145-0
471,QUCLOR__ligand38-0
472,QUCLOR__ligand12401-0
473,QUCLOR__ligand15585-0
474,QUCLOR__ligand13068-0
475,QUCLOR__ligand19830-0
476,QUCLOR__ligand10476-0
477,QUCLOR__ligand4332-0
478,QUCLOR__ligand3934-0
479,QUCLOR__ligand23769-0
480,QUCLOR__ligand24185-0
481,QUCLOR__ligand199-0
482,QUCLOR__ligand6882-0
483,QUCLOR__ligand25178-0
484,QUCLOR__ligand6455-0
485,QUCLOR__ligand17302-0
486,QUCLOR__ligand2403-0
487,QUCLOR__ligand17805-0
488,QUCLOR__ligand14108-0
489,QUCLOR__ligand9148-0
490,QUCLOR__ligand12641-0
491,QUCLOR__ligand6946-0
492,QUCLOR__ligand1415-0
493,QUCLOR__ligand7529-0
494,QUCLOR__ligand10958-0
495,QUCLOR__ligand1729-0
496,QUCLOR__ligand5627-0
497,QUCLOR__ligand27763-0
498,QUCLOR__ligand409-0
499,QUCLOR__ligand2830-0
500,QUCLOR__ligand324-0
501,QUCLOR__ligand28676-0
502,QUCLOR__ligand10262-0
503,QUCLOR__ligand361-0
504,QUCLOR__ligand5316-0
505,QUCLOR__ligand18814-0
506,QUCLOR__ligand19057-0
507,QUCLOR__ligand13425-0
508,QUCLOR__ligand5483-0
509,QUCLOR__ligand29302-0
510,QUCLOR__ligand5935-0
511,QUCLOR__ligand488-0
512,QUCLOR__ligand430-0
513,QUCLOR__ligand13294-0
514,QUCLOR__ligand2722-0
515,QUCLOR__ligand31832-0
516,QUCLOR__ligand358-0
517,QUCLOR__ligand1379-0
518,QUCLOR__ligand14248-0
519,QUCLOR__ligand29879-0
520,QUCLOR__ligand3157-0
521,QUCLOR__ligand12030-0
522,QUCLOR__ligand694-0
523,QUCLOR__ligand9525-0
524,QUCLOR__ligand28884-0
525,QUCLOR__ligand1165-0
526,QUCLOR__ligand13331-0
527,QUCLOR__ligand18-0
528,QUCLOR__ligand5056-0
529,QUCLOR__ligand14174-0
530,QUCLOR__ligand4850-0
531,QUCLOR__ligand10712-0
532,QUCLOR__ligand5357-0
533,QUCLOR__ligand11456-0
534,QUCLOR__ligand3647-0
535,QUCLOR__ligand1688-0
536,QUCLOR__ligand1469-0
537,QUCLOR__ligand25411-0
538,QUCLOR__ligand3871-0
539,QUCLOR__ligand1768-0
540,QUCLOR__ligand1-0
541,QUCLOR__ligand13390-0
542,QUCLOR__ligand571-0
543,QUCLOR__ligand534-0
544,QUCLOR__ligand2527-0
545,QUCLOR__ligand670-0
546,QUCLOR__ligand8349-0
547,QUCLOR__ligand1709-0
548,QUCLOR__ligand8464-0
549,QUCLOR__ligand20682-0
550,QUCLOR__ligand26810-0
551,QUCLOR__ligand27482-0
552,QUCLOR__ligand3392-0
553,QUCLOR__ligand13208-0
554,QUCLOR__ligand1771-0
555,QUCLOR__ligand4911-0
556,QUCLOR__ligand5849-0
557,QUCLOR__ligand1773-0
558,QUCLOR__ligand4581-0
559,QUCLOR__ligand383-0
560,QUCLOR__ligand29568-0
561,QUCLOR__ligand2328-0
562,QUCLOR__ligand416-0
563,QUCLOR__ligand7162-0
564,QUCLOR__ligand14889-0
565,QUCLOR__ligand30851-0
566,QUCLOR__ligand3029-0
567,QUCLOR__ligand21371-0
568,QUCLOR__ligand17118-0
569,QUCLOR__ligand20419-0
570,QUCLOR__ligand226-0
571,QUCLOR__ligand9197-0
572,QUCLOR__ligand28789-0
573,QUCLOR__ligand162-0
574,QUCLOR__ligand1900-0
575,QUCLOR__ligand14117-0
576,QUCLOR__ligand17261-0
577,QUCLOR__ligand3208-0
578,QUCLOR__ligand2208-0
579,QUCLOR__ligand20214-0
580,QUCLOR__ligand30702-0
581,QUCLOR__ligand20251-0
582,QUCLOR__ligand8722-0
583,QUCLOR__ligand6672-0
584,QUCLOR__ligand9809-0
585,QUCLOR__ligand1327-0
586,QUCLOR__ligand20539-0
587,QUCLOR__ligand31097-0
588,QUCLOR__ligand21581-0
589,QUCLOR__ligand7573-0
590,QUCLOR__ligand2781-0
591,QUCLOR__ligand3350-0
592,QUCLOR__ligand1533-0
593,QUCLOR__ligand656-0
594,QUCLOR__ligand20251-1
595,QUCLOR__ligand7557-0
596,QUCLOR__ligand16475-0
597,QUCLOR__ligand14703-0
598,QUCLOR__ligand1496-0
599,QUCLOR__ligand3-0
600,QUCLOR__ligand17398-0
601,QUCLOR__ligand24047-0
602,QUCLOR__ligand22557-0
603,QUCLOR__ligand10589-0
604,QUCLOR__ligand20598-0
605,QUCLOR__ligand4131-0
606,QUCLOR__ligand1712-0
607,QUCLOR__ligand11675-0
608,QUCLOR__ligand17982-0
609,QUCLOR__ligand29414-0
610,QUCLOR__ligand17278-0
611,QUCLOR__ligand20011-0
612,QUCLOR__ligand696-0
613,QUCLOR__ligand5094-0
614,QUCLOR__ligand5892-0
615,QUCLOR__ligand24064-0
616,QUCLOR__ligand384-0
617,QUCLOR__ligand4157-0
618,QUCLOR__ligand7648-0
619,QUCLOR__ligand2828-0
620,QUCLOR__ligand8876-0
621,QUCLOR__ligand9833-0
622,QUCLOR__ligand23589-0
623,QUCLOR__ligand5256-0
624,QUCLOR__ligand2176-0
625,QUCLOR__ligand9291-0
626,QUCLOR__ligand2232-0
627,QUCLOR__ligand15168-0
628,QUCLOR__ligand29898-0
629,QUCLOR__ligand26277-0
630,QUCLOR__ligand1285-0
631,QUCLOR__ligand22755-0
632,QUCLOR__ligand6768-0
633,QUCLOR__ligand8115-0
634,QUCLOR__ligand11432-0
635,QUCLOR__ligand31618-0
636,QUCLOR__ligand7000-0
637,QUCLOR__ligand10432-0
638,QUCLOR__ligand1982-0
639,QUCLOR__ligand4546-0
640,QUCLOR__ligand4503-0
641,QUCLOR__ligand768-0
642,QUCLOR__ligand7867-0
643,QUCLOR__ligand17945-0
644,QUCLOR__ligand6709-0
645,QUCLOR__ligand1219-0
646,QUCLOR__ligand18013-0
647,QUCLOR__ligand25224-0
648,QUCLOR__ligand31578-0
649,QUCLOR__ligand4016-0
650,QUCLOR__ligand17207-0
651,QUCLOR__ligand4-0
652,QUCLOR__ligand24750-0
653,QUCLOR__ligand7238-0
654,QUCLOR__ligand7280-0
655,QUCLOR__ligand1304-0
656,QUCLOR__ligand1790-0
657,QUCLOR__ligand4272-0
658,QUCLOR__ligand1451-0
659,QUCLOR__ligand28924-0
660,QUCLOR__ligand7629-0
661,QUCLOR__ligand15438-0
662,QUCLOR__ligand9784-0
663,QUCLOR__ligand9520-0
664,QUCLOR__ligand1160-0
665,QUCLOR__ligand141-0
666,QUCLOR__ligand29087-0
667,QUCLOR__ligand8699-0
668,QUCLOR__ligand18703-0
669,QUCLOR__ligand3954-0
670,QUCLOR__ligand240-0
671,QUCLOR__ligand4442-0
672,QUCLOR__ligand4093-0
673,QUCLOR__ligand7242-0
674,QUCLOR__ligand7106-0
675,QUCLOR__ligand1263-0
676,QUCLOR__ligand9908-0
677,QUCLOR__ligand693-0
678,QUCLOR__ligand13072-0
679,QUCLOR__ligand12336-0
680,QUCLOR__ligand67-0
681,QUCLOR__ligand1959-0
682,QUCLOR__ligand3504-0
683,QUCLOR__ligand17240-0
684,QUCLOR__ligand9935-0
685,QUCLOR__ligand1573-0
686,QUCLOR__ligand1536-0
687,QUCLOR__ligand17590-0
688,QUCLOR__ligand6616-0
689,QUCLOR__ligand3035-0
690,QUCLOR__ligand1343-0
691,QUCLOR__ligand3876-0
692,QUCLOR__ligand3718-0
693,QUCLOR__ligand4661-0
694,QUCLOR__ligand18699-0
695,QUCLOR__ligand1844-0
696,QUCLOR__ligand12682-0
697,QUCLOR__ligand5331-0
698,QUCLOR__ligand1512-0
699,QUCLOR__ligand21421-0
700,QUCLOR__ligand14586-0
701,QUCLOR__ligand11774-0
702,QUCLOR__ligand3565-0
703,QUCLOR__ligand6919-0
704,QUCLOR__ligand11568-0
705,QUCLOR__ligand2485-0
706,QUCLOR__ligand17710-0
707,QUCLOR__ligand20579-0
708,QUCLOR__ligand3852-0
709,QUCLOR__ligand10555-0
710,QUCLOR__ligand5211-0
711,QUCLOR__ligand31483-0
712,QUCLOR__ligand3094-0
713,QUCLOR__ligand4155-0
714,QUCLOR__ligand757-0
715,QUCLOR__ligand24613-0
716,QUCLOR__ligand43-0
717,QUCLOR__ligand122-0
718,QUCLOR__ligand4720-0
719,QUCLOR__ligand19725-0
720,QUCLOR__ligand6839-0
721,QUCLOR__ligand3131-0
722,QUCLOR__ligand3937-0
723,QUCLOR__ligand1202-0
724,QUCLOR__ligand3174-0
725,QUCLOR__ligand8969-0
726,QUCLOR__ligand29610-0
727,QUCLOR__ligand11140-0
728,QUCLOR__ligand4641-0
729,QUCLOR__ligand845-0
730,QUCLOR__ligand29863-0
731,QUCLOR__ligand18074-0
732,QUCLOR__ligand13869-0
733,QUCLOR__ligand18465-0
734,QUCLOR__ligand3234-0
735,QUCLOR__ligand1142-0
736,QUCLOR__ligand126-0
737,QUCLOR__ligand163-0
738,QUCLOR__ligand18799-0
739,QUCLOR__ligand16791-0
740,QUCLOR__ligand7126-0
741,QUCLOR__ligand2028-0
742,QUCLOR__ligand8835-0
743,QUCLOR__ligand28668-0
744,QUCLOR__ligand941-0
745,QUCLOR__ligand596-0
746,QUCLOR__ligand27169-0
747,QUCLOR__ligand14523-0
748,QUCLOR__ligand2917-0
749,QUCLOR__ligand7819-0
750,QUCLOR__ligand18391-0
751,QUCLOR__ligand27074-0
752,QUCLOR__ligand6102-0
753,QUCLOR__ligand6904-0
754,QUCLOR__ligand3721-0
755,QUCLOR__ligand6596-0
756,QUCLOR__ligand22981-0
757,QUCLOR__ligand25805-0
758,QUCLOR__ligand3465-0
759,QUCLOR__ligand777-0
760,QUCLOR__ligand20599-0
761,QUCLOR__ligand13257-0
762,QUCLOR__ligand4620-0
763,QUCLOR__ligand21936-0
764,QUCLOR__ligand366-0
765,QUCLOR__ligand23904-0
766,QUCLOR__ligand25267-0
767,QUCLOR__ligand2295-0
768,QUCLOR__ligand6067-0
769,QUCLOR__ligand1577-0
770,QUCLOR__ligand187-0
771,QUCLOR__ligand10084-0
772,QUCLOR__ligand12467-0
773,QUCLOR__ligand657-0
774,QUCLOR__ligand23906-0
775,QUCLOR__ligand321-0
776,QUCLOR__ligand9441-0
777,QUCLOR__ligand21132-0
778,QUCLOR__ligand11166-0
779,QUCLOR__ligand2332-0
780,QUCLOR__ligand19-0
781,QUCLOR__ligand1631-0
782,QUCLOR__ligand30539-0
783,QUCLOR__ligand178-0
784,QUCLOR__ligand1575-0
785,QUCLOR__ligand1530-0
786,QUCLOR__ligand185-0
787,QUCLOR__ligand279-0
788,QUCLOR__ligand9933-0
789,QUCLOR__ligand21787-0
790,QUCLOR__ligand25575-0
791,QUCLOR__ligand201-0
792,QUCLOR__ligand3156-0
793,QUCLOR__ligand25689-0
794,QUCLOR__ligand2915-0
795,QUCLOR__ligand24-0
796,QUCLOR__ligand6244-0
797,QUCLOR__ligand12295-0
798,QUCLOR__ligand1378-0
799,QUCLOR__ligand27835-0
800,QUCLOR__ligand31248-0
801,QUCLOR__ligand8992-0
802,QUCLOR__ligand45-0
803,QUCLOR__ligand25650-0
804,QUCLOR__ligand9601-0
805,QUCLOR__ligand338-0
806,QUCLOR__ligand6124-0
807,QUCLOR__ligand3707-0
808,QUCLOR__ligand12660-0
809,QUCLOR__ligand7967-0
810,QUCLOR__ligand19257-0
811,QUCLOR__ligand13209-0
812,QUCLOR__ligand1018-0
813,QUCLOR__ligand4116-0
814,QUCLOR__ligand5643-0
815,QUCLOR__ligand1823-0
816,QUCLOR__ligand25735-0
817,QUCLOR__ligand12519-0
818,QUCLOR__ligand11206-0
819,QUCLOR__ligand1324-0
820,QUCLOR__ligand23124-0
821,QUCLOR__ligand8721-0
822,QUCLOR__ligand9111-0
823,QUCLOR__ligand9952-0
824,QUCLOR__ligand78-0
825,QUCLOR__ligand5036-0
826,QUCLOR__ligand2526-0
827,QUCLOR__ligand1615-0
