,TMC
0,ILUYOD__ligand560-0
1,ILUYOD__ligand525-0
2,ILUYOD__ligand109-0
3,ILUYOD__ligand8032-0
4,ILUYOD__ligand1858-0
5,ILUYOD__ligand2315-0
6,ILUYOD__ligand2480-0
7,ILUYOD__ligand10479-0
8,ILUYOD__ligand390-0
9,ILUYOD__ligand3051-0
10,ILUYOD__ligand4504-0
11,ILUYOD__ligand1898-0
12,ILUYOD__ligand5334-0
13,ILUYOD__ligand932-0
14,ILUYOD__ligand134-0
15,ILUYOD__ligand34-0
16,ILUYOD__ligand235-0
17,ILUYOD__ligand2389-0
18,ILUYOD__ligand798-0
19,ILUYOD__ligand421-0
20,ILUYOD__ligand1919-0
21,ILUYOD__ligand55-0
22,ILUYOD__ligand584-0
23,ILUYOD__ligand916-0
24,ILUYOD__ligand95-0
25,ILUYOD__ligand2110-0
26,ILUYOD__ligand294-0
27,ILUYOD__ligand2916-0
28,ILUYOD__ligand10114-0
29,ILUYOD__ligand3579-0
30,ILUYOD__ligand993-0
31,ILUYOD__ligand1712-0
32,ILUYOD__ligand331-0
33,ILUYOD__ligand6430-0
34,ILUYOD__ligand197-0
35,ILUYOD__ligand10910-0
36,ILUYOD__ligand1299-0
37,ILUYOD__ligand1264-0
38,ILUYOD__ligand1221-0
39,ILUYOD__ligand296-0
40,ILUYOD__ligand1379-0
41,ILUYOD__ligand2376-0
42,ILUYOD__ligand2929-0
43,ILUYOD__ligand112-0
44,ILUYOD__ligand57-0
45,ILUYOD__ligand14530-0
46,ILUYOD__ligand868-0
47,ILUYOD__ligand2482-0
48,ILUYOD__ligand1325-0
49,ILUYOD__ligand442-0
50,ILUYOD__ligand6571-0
51,ILUYOD__ligand73-0
52,ILUYOD__ligand136-0
53,ILUYOD__ligand1104-0
54,ILUYOD__ligand5762-0
55,ILUYOD__ligand7414-0
56,ILUYOD__ligand2442-0
57,ILUYOD__ligand352-0
58,ILUYOD__ligand783-0
59,ILUYOD__ligand1019-0
60,ILUYOD__ligand934-0
61,ILUYOD__ligand177-0
62,ILUYOD__ligand3566-0
63,ILUYOD__ligand1178-0
64,ILUYOD__ligand32-0
65,ILUYOD__ligand1321-0
66,ILUYOD__ligand851-0
67,ILUYOD__ligand1788-0
68,ILUYOD__ligand909-0
69,ILUYOD__ligand830-0
70,ILUYOD__ligand4894-0
71,ILUYOD__ligand1260-0
72,ILUYOD__ligand9620-0
73,ILUYOD__ligand193-0
74,ILUYOD__ligand252-0
75,ILUYOD__ligand1449-1
76,ILUYOD__ligand4811-0
77,ILUYOD__ligand955-0
78,ILUYOD__ligand7514-0
79,ILUYOD__ligand3337-0
80,ILUYOD__ligand250-0
81,ILUYOD__ligand51-0
82,ILUYOD__ligand460-0
83,ILUYOD__ligand1307-0
84,ILUYOD__ligand370-0
85,ILUYOD__ligand29-0
86,ILUYOD__ligand91-0
87,ILUYOD__ligand311-0
88,ILUYOD__ligand6166-0
89,ILUYOD__ligand1246-0
90,ILUYOD__ligand48-0
91,ILUYOD__ligand188-0
92,ILUYOD__ligand2599-0
93,ILUYOD__ligand5089-0
94,ILUYOD__ligand2853-0
95,ILUYOD__ligand3853-0
96,ILUYOD__ligand444-0
97,ILUYOD__ligand369-0
98,ILUYOD__ligand8-0
99,ILUYOD__ligand113-0
100,ILUYOD__ligand3196-0
101,ILUYOD__ligand4012-0
102,ILUYOD__ligand422-0
103,ILUYOD__ligand502-0
104,ILUYOD__ligand196-0
105,ILUYOD__ligand2915-0
106,ILUYOD__ligand353-0
107,ILUYOD__ligand2707-0
108,ILUYOD__ligand1690-0
109,ILUYOD__ligand236-0
110,ILUYOD__ligand2526-0
111,ILUYOD__ligand1551-0
112,ILUYOD__ligand10357-0
113,ILUYOD__ligand15630-0
114,ILUYOD__ligand170-0
115,ILUYOD__ligand4370-0
116,ILUYOD__ligand391-0
117,ILUYOD__ligand1436-0
118,ILUYOD__ligand481-0
119,ILUYOD__ligand314-0
120,ILUYOD__ligand2618-0
121,ILUYOD__ligand3618-0
122,ILUYOD__ligand4175-0
123,ILUYOD__ligand2255-0
124,ILUYOD__ligand210-0
125,ILUYOD__ligand1918-0
126,ILUYOD__ligand11-0
127,ILUYOD__ligand3251-0
128,ILUYOD__ligand291-0
129,ILUYOD__ligand6143-0
130,ILUYOD__ligand5235-0
131,ILUYOD__ligand4619-0
132,ILUYOD__ligand1493-0
133,ILUYOD__ligand2718-0
134,ILUYOD__ligand3035-0
135,ILUYOD__ligand3070-0
136,ILUYOD__ligand115-0
137,ILUYOD__ligand9176-0
138,ILUYOD__ligand3852-0
139,ILUYOD__ligand3478-0
140,ILUYOD__ligand5758-0
141,ILUYOD__ligand89-0
142,ILUYOD__ligand49-0
143,ILUYOD__ligand7456-0
144,ILUYOD__ligand1818-0
145,ILUYOD__ligand355-0
146,ILUYOD__ligand784-0
147,ILUYOD__ligand485-0
148,ILUYOD__ligand1907-0
149,ILUYOD__ligand522-0
150,ILUYOD__ligand4423-0
151,ILUYOD__ligand666-0
152,ILUYOD__ligand487-0
153,ILUYOD__ligand3890-0
154,ILUYOD__ligand447-0
155,ILUYOD__ligand7630-0
156,ILUYOD__ligand133-0
157,ILUYOD__ligand1555-0
158,ILUYOD__ligand1285-0
159,ILUYOD__ligand7550-0
160,ILUYOD__ligand17-0
161,ILUYOD__ligand682-0
162,ILUYOD__ligand5093-0
163,ILUYOD__ligand2954-0
164,ILUYOD__ligand92-0
165,ILUYOD__ligand1160-0
166,ILUYOD__ligand2253-0
167,ILUYOD__ligand1038-0
168,ILUYOD__ligand2762-0
169,ILUYOD__ligand126-0
170,ILUYOD__ligand1228-0
171,ILUYOD__ligand9244-0
172,ILUYOD__ligand1114-0
173,ILUYOD__ligand1538-0
174,ILUYOD__ligand366-0
175,ILUYOD__ligand861-0
176,ILUYOD__ligand612-0
177,ILUYOD__ligand187-0
178,ILUYOD__ligand3246-0
179,ILUYOD__ligand1148-0
180,ILUYOD__ligand596-0
181,ILUYOD__ligand1479-0
182,ILUYOD__ligand100-0
183,ILUYOD__ligand3178-0
184,ILUYOD__ligand6332-0
185,ILUYOD__ligand244-0
186,ILUYOD__ligand201-0
187,ILUYOD__ligand45-0
188,ILUYOD__ligand2098-0
189,ILUYOD__ligand6502-0
190,ILUYOD__ligand2863-0
191,ILUYOD__ligand7915-0
192,ILUYOD__ligand5548-0
193,ILUYOD__ligand321-0
194,ILUYOD__ligand1747-0
195,ILUYOD__ligand6686-0
196,ILUYOD__ligand279-0
197,ILUYOD__ligand78-0
198,ILUYOD__ligand85-0
199,ILUYOD__ligand178-0
200,ILUYOD__ligand3145-0
201,ILUYOD__ligand2751-0
202,ILUYOD__ligand119-0
203,ILUYOD__ligand1542-0
204,ILUYOD__ligand2634-0
205,ILUYOD__ligand124-0
206,ILUYOD__ligand3041-0
207,ILUYOD__ligand1951-0
208,ILUYOD__ligand6-0
209,ILUYOD__ligand1687-0
210,ILUYOD__ligand6277-0
211,ILUYOD__ligand1376-0
212,ILUYOD__ligand384-0
213,ILUYOD__ligand2768-0
214,ILUYOD__ligand120-0
215,ILUYOD__ligand2259-0
216,ILUYOD__ligand2688-0
217,ILUYOD__ligand240-0
218,ILUYOD__ligand141-0
219,ILUYOD__ligand2629-0
220,ILUYOD__ligand4381-0
221,ILUYOD__ligand1706-0
222,ILUYOD__ligand11730-0
223,ILUYOD__ligand3734-0
224,ILUYOD__ligand1171-0
225,ILUYOD__ligand3063-0
226,ILUYOD__ligand1438-0
227,ILUYOD__ligand5801-0
228,ILUYOD__ligand1459-0
229,ILUYOD__ligand757-0
230,ILUYOD__ligand67-0
231,ILUYOD__ligand1544-0
232,ILUYOD__ligand4-0
233,ILUYOD__ligand1685-0
234,ILUYOD__ligand2087-0
235,ILUYOD__ligand797-0
236,ILUYOD__ligand1048-0
237,ILUYOD__ligand3757-0
238,ILUYOD__ligand278-0
239,ILUYOD__ligand2907-0
240,ILUYOD__ligand365-0
241,ILUYOD__ligand2430-0
242,ILUYOD__ligand1703-0
243,ILUYOD__ligand358-0
244,ILUYOD__ligand1056-0
245,ILUYOD__ligand2320-0
246,ILUYOD__ligand430-0
247,ILUYOD__ligand2862-0
248,ILUYOD__ligand1567-0
249,ILUYOD__ligand2285-0
250,ILUYOD__ligand669-0
251,ILUYOD__ligand8921-0
252,ILUYOD__ligand2510-0
253,ILUYOD__ligand509-0
254,ILUYOD__ligand1607-0
255,ILUYOD__ligand3-0
256,ILUYOD__ligand670-0
257,ILUYOD__ligand118-0
258,ILUYOD__ligand571-0
259,ILUYOD__ligand18-0
260,ILUYOD__ligand1152-0
261,ILUYOD__ligand1727-0
262,ILUYOD__ligand1-0
263,ILUYOD__ligand8774-0
264,ILUYOD__ligand383-0
265,ILUYOD__ligand3637-0
266,ILUYOD__ligand162-0
267,ILUYOD__ligand226-0
268,ILUYOD__ligand62-0
269,ILUYOD__ligand6294-0
270,ILUYOD__ligand1054-0
271,ILUYOD__ligand1598-0
272,ILUYOD__ligand1248-0
273,ILUYOD__ligand4303-0
274,ILUYOD__ligand86-0
275,ILUYOD__ligand7464-0
276,ILUYOD__ligand142-0
277,ILUYOD__ligand206-0
278,ILUYOD__ligand436-0
279,ILUYOD__ligand2864-0
280,ILUYOD__ligand9495-0
281,ILUYOD__ligand821-0
282,ILUYOD__ligand2772-0
283,ILUYOD__ligand6151-0
284,ILUYOD__ligand6538-0
285,ILUYOD__ligand326-0
286,ILUYOD__ligand553-0
287,ILUYOD__ligand2142-0
288,ILUYOD__ligand283-0
289,ILUYOD__ligand2880-0
290,ILUYOD__ligand5941-0
291,ILUYOD__ligand497-0
292,ILUYOD__ligand3838-0
293,ILUYOD__ligand1799-0
294,ILUYOD__ligand2838-0
295,ILUYOD__ligand918-0
296,ILUYOD__ligand633-0
297,ILUYOD__ligand532-0
298,ILUYOD__ligand5022-0
299,ILUYOD__ligand66-0
300,ILUYOD__ligand1169-0
301,ILUYOD__ligand166-0
302,ILUYOD__ligand838-0
303,ILUYOD__ligand1502-0
304,ILUYOD__ligand927-0
305,ILUYOD__ligand199-0
306,ILUYOD__ligand21-0
307,ILUYOD__ligand1835-0
308,ILUYOD__ligand2794-0
309,ILUYOD__ligand2345-0
310,ILUYOD__ligand4983-0
311,ILUYOD__ligand9027-0
312,ILUYOD__ligand2265-0
313,ILUYOD__ligand575-0
314,ILUYOD__ligand1113-0
315,ILUYOD__ligand6396-0
316,ILUYOD__ligand361-0
317,ILUYOD__ligand324-0
318,ILUYOD__ligand409-0
319,ILUYOD__ligand1273-0
320,ILUYOD__ligand38-0
321,ILUYOD__ligand40-0
322,ILUYOD__ligand105-0
323,ILUYOD__ligand140-0
324,ILUYOD__ligand1052-0
