,TMC
0,WIXMAR__ligand8722-0
1,WIXMAR__ligand1327-0
2,WIXMAR__ligand6672-0
3,WIXMAR__ligand9809-0
4,WIXMAR__ligand11798-0
5,WIXMAR__ligand29334-0
6,WIXMAR__ligand12413-0
7,WIXMAR__ligand20731-0
8,WIXMAR__ligand3350-0
9,WIXMAR__ligand2781-0
10,WIXMAR__ligand7573-0
11,WIXMAR__ligand2208-0
12,WIXMAR__ligand17445-0
13,WIXMAR__ligand3208-0
14,WIXMAR__ligand17069-0
15,WIXMAR__ligand14477-0
16,WIXMAR__ligand845-0
17,WIXMAR__ligand11544-0
18,WIXMAR__ligand11501-0
19,WIXMAR__ligand9197-0
20,WIXMAR__ligand29214-0
21,WIXMAR__ligand1900-0
22,WIXMAR__ligand11758-0
23,WIXMAR__ligand4581-0
24,WIXMAR__ligand22357-0
25,WIXMAR__ligand1773-0
26,WIXMAR__ligand2328-0
27,WIXMAR__ligand7162-0
28,WIXMAR__ligand163-0
29,WIXMAR__ligand3029-0
30,WIXMAR__ligand126-0
31,WIXMAR__ligand21448-0
32,WIXMAR__ligand18019-1
33,WIXMAR__ligand14007-0
34,WIXMAR__ligand5892-0
35,WIXMAR__ligand5094-0
36,WIXMAR__ligand777-0
37,WIXMAR__ligand596-0
38,WIXMAR__ligand941-0
39,WIXMAR__ligand1712-0
40,WIXMAR__ligand4131-0
41,WIXMAR__ligand27550-0
42,WIXMAR__ligand1496-0
43,WIXMAR__ligand7557-0
44,WIXMAR__ligand187-0
45,WIXMAR__ligand16956-0
46,WIXMAR__ligand14226-0
47,WIXMAR__ligand21339-0
48,WIXMAR__ligand657-0
49,WIXMAR__ligand20942-1
50,WIXMAR__ligand18158-0
51,WIXMAR__ligand27771-0
52,WIXMAR__ligand1533-0
53,WIXMAR__ligand29565-0
54,WIXMAR__ligand366-0
55,WIXMAR__ligand23682-0
56,WIXMAR__ligand1469-0
57,WIXMAR__ligand3871-0
58,WIXMAR__ligand178-0
59,WIXMAR__ligand185-0
60,WIXMAR__ligand1768-0
61,WIXMAR__ligand279-0
62,WIXMAR__ligand21752-0
63,WIXMAR__ligand4850-0
64,WIXMAR__ligand5056-0
65,WIXMAR__ligand13691-0
66,WIXMAR__ligand321-0
67,WIXMAR__ligand30788-0
68,WIXMAR__ligand3647-0
69,WIXMAR__ligand14339-0
70,WIXMAR__ligand5357-0
71,WIXMAR__ligand1688-0
72,WIXMAR__ligand3157-0
73,WIXMAR__ligand9525-0
74,WIXMAR__ligand1165-0
75,WIXMAR__ligand5935-0
76,WIXMAR__ligand24624-0
77,WIXMAR__ligand20844-0
78,WIXMAR__ligand18413-0
79,WIXMAR__ligand201-0
80,WIXMAR__ligand24560-0
81,WIXMAR__ligand2722-0
82,WIXMAR__ligand18757-0
83,WIXMAR__ligand1379-0
84,WIXMAR__ligand338-0
85,WIXMAR__ligand5849-0
86,WIXMAR__ligand20557-0
87,WIXMAR__ligand30004-0
88,WIXMAR__ligand3392-0
89,WIXMAR__ligand11-0
90,WIXMAR__ligand4911-0
91,WIXMAR__ligand1771-0
92,WIXMAR__ligand23445-0
93,WIXMAR__ligand24953-0
94,WIXMAR__ligand8349-0
95,WIXMAR__ligand8464-0
96,WIXMAR__ligand69-0
97,WIXMAR__ligand1709-0
98,WIXMAR__ligand27122-0
99,WIXMAR__ligand20432-0
100,WIXMAR__ligand13755-0
101,WIXMAR__ligand16133-0
102,WIXMAR__ligand25048-0
103,WIXMAR__ligand2527-0
104,WIXMAR__ligand21940-0
105,WIXMAR__ligand2403-0
106,WIXMAR__ligand20821-0
107,WIXMAR__ligand26673-0
108,WIXMAR__ligand31000-0
109,WIXMAR__ligand3934-0
110,WIXMAR__ligand384-0
111,WIXMAR__ligand6455-0
112,WIXMAR__ligand6882-0
113,WIXMAR__ligand11606-0
114,WIXMAR__ligand13260-0
115,WIXMAR__ligand10582-0
116,WIXMAR__ligand9681-0
117,WIXMAR__ligand11252-0
118,WIXMAR__ligand4332-0
119,WIXMAR__ligand768-0
120,WIXMAR__ligand18067-0
121,WIXMAR__ligand3012-0
122,WIXMAR__ligand19824-0
123,WIXMAR__ligand1449-0
124,WIXMAR__ligand1065-0
125,WIXMAR__ligand7530-0
126,WIXMAR__ligand5316-0
127,WIXMAR__ligand15455-0
128,WIXMAR__ligand5483-0
129,WIXMAR__ligand11177-0
130,WIXMAR__ligand49-0
131,WIXMAR__ligand25658-0
132,WIXMAR__ligand1729-0
133,WIXMAR__ligand17686-0
134,WIXMAR__ligand31205-0
135,WIXMAR__ligand5627-0
136,WIXMAR__ligand2830-0
137,WIXMAR__ligand6946-0
138,WIXMAR__ligand1415-0
139,WIXMAR__ligand141-0
140,WIXMAR__ligand16603-0
141,WIXMAR__ligand89-0
142,WIXMAR__ligand240-0
143,WIXMAR__ligand7529-0
144,WIXMAR__ligand11814-0
145,WIXMAR__ligand11622-0
146,WIXMAR__ligand16870-0
147,WIXMAR__ligand9148-0
148,WIXMAR__ligand693-0
149,WIXMAR__ligand10853-0
150,WIXMAR__ligand29441-0
151,WIXMAR__ligand7107-0
152,WIXMAR__ligand11479-0
153,WIXMAR__ligand10479-0
154,WIXMAR__ligand27610-0
155,WIXMAR__ligand11698-0
156,WIXMAR__ligand20530-0
157,WIXMAR__ligand14302-0
158,WIXMAR__ligand13657-0
159,WIXMAR__ligand14347-0
160,WIXMAR__ligand24851-0
161,WIXMAR__ligand3215-0
162,WIXMAR__ligand4738-0
163,WIXMAR__ligand15387-0
164,WIXMAR__ligand4813-0
165,WIXMAR__ligand20121-0
166,WIXMAR__ligand5813-0
167,WIXMAR__ligand6062-0
168,WIXMAR__ligand20220-0
169,WIXMAR__ligand6283-0
170,WIXMAR__ligand16952-0
171,WIXMAR__ligand29813-0
172,WIXMAR__ligand4330-0
173,WIXMAR__ligand2599-0
174,WIXMAR__ligand10151-0
175,WIXMAR__ligand7532-0
176,WIXMAR__ligand4194-0
177,WIXMAR__ligand7925-0
178,WIXMAR__ligand122-0
179,WIXMAR__ligand2068-0
180,WIXMAR__ligand17-0
181,WIXMAR__ligand22353-0
182,WIXMAR__ligand1147-0
183,WIXMAR__ligand757-0
184,WIXMAR__ligand19668-0
185,WIXMAR__ligand19906-0
186,WIXMAR__ligand3973-0
187,WIXMAR__ligand34-0
188,WIXMAR__ligand6244-0
189,WIXMAR__ligand694-0
190,WIXMAR__ligand25561-0
191,WIXMAR__ligand1378-0
192,WIXMAR__ligand22129-0
193,WIXMAR__ligand24780-0
194,WIXMAR__ligand2915-0
195,WIXMAR__ligand3156-0
196,WIXMAR__ligand12138-0
197,WIXMAR__ligand488-0
198,WIXMAR__ligand430-0
199,WIXMAR__ligand11949-0
200,WIXMAR__ligand358-0
201,WIXMAR__ligand1631-0
202,WIXMAR__ligand17427-0
203,WIXMAR__ligand1530-0
204,WIXMAR__ligand1575-0
205,WIXMAR__ligand9933-0
206,WIXMAR__ligand29486-0
207,WIXMAR__ligand9441-0
208,WIXMAR__ligand2332-0
209,WIXMAR__ligand31694-0
210,WIXMAR__ligand9111-0
211,WIXMAR__ligand17396-0
212,WIXMAR__ligand9952-0
213,WIXMAR__ligand15788-0
214,WIXMAR__ligand23175-0
215,WIXMAR__ligand11587-0
216,WIXMAR__ligand13220-0
217,WIXMAR__ligand1615-0
218,WIXMAR__ligand5036-0
219,WIXMAR__ligand2526-0
220,WIXMAR__ligand1823-0
221,WIXMAR__ligand22444-0
222,WIXMAR__ligand24111-0
223,WIXMAR__ligand5643-0
224,WIXMAR__ligand68-0
225,WIXMAR__ligand534-0
226,WIXMAR__ligand571-0
227,WIXMAR__ligand1324-0
228,WIXMAR__ligand14569-0
229,WIXMAR__ligand8721-0
230,WIXMAR__ligand13385-0
231,WIXMAR__ligand670-0
232,WIXMAR__ligand12001-0
233,WIXMAR__ligand7967-0
234,WIXMAR__ligand3707-0
235,WIXMAR__ligand6124-0
236,WIXMAR__ligand1018-0
237,WIXMAR__ligand10033-0
238,WIXMAR__ligand24644-0
239,WIXMAR__ligand55-0
240,WIXMAR__ligand4116-0
241,WIXMAR__ligand24872-0
242,WIXMAR__ligand8992-0
243,WIXMAR__ligand27840-0
244,WIXMAR__ligand9601-0
245,WIXMAR__ligand30728-0
246,WIXMAR__ligand57-0
247,WIXMAR__ligand226-0
248,WIXMAR__ligand10872-0
249,WIXMAR__ligand21399-0
250,WIXMAR__ligand26631-0
251,WIXMAR__ligand16148-0
252,WIXMAR__ligand7126-0
253,WIXMAR__ligand12003-0
254,WIXMAR__ligand162-0
255,WIXMAR__ligand2028-0
256,WIXMAR__ligand8835-0
257,WIXMAR__ligand383-0
258,WIXMAR__ligand416-0
259,WIXMAR__ligand29215-0
260,WIXMAR__ligand8-0
261,WIXMAR__ligand3234-0
262,WIXMAR__ligand1142-0
263,WIXMAR__ligand16369-0
264,WIXMAR__ligand11111-0
265,WIXMAR__ligand28540-0
266,WIXMAR__ligand27754-0
267,WIXMAR__ligand20695-0
268,WIXMAR__ligand22403-0
269,WIXMAR__ligand4641-0
270,WIXMAR__ligand6067-0
271,WIXMAR__ligand1577-0
272,WIXMAR__ligand2295-0
273,WIXMAR__ligand11618-0
274,WIXMAR__ligand4620-0
275,WIXMAR__ligand26529-0
276,WIXMAR__ligand656-0
277,WIXMAR__ligand6904-0
278,WIXMAR__ligand3721-0
279,WIXMAR__ligand6596-0
280,WIXMAR__ligand6102-0
281,WIXMAR__ligand27239-0
282,WIXMAR__ligand696-0
283,WIXMAR__ligand21729-0
284,WIXMAR__ligand3465-0
285,WIXMAR__ligand26324-0
286,WIXMAR__ligand28559-0
287,WIXMAR__ligand14043-0
288,WIXMAR__ligand19927-0
289,WIXMAR__ligand2917-0
290,WIXMAR__ligand7819-0
291,WIXMAR__ligand3035-0
292,WIXMAR__ligand30142-0
293,WIXMAR__ligand1343-0
294,WIXMAR__ligand3876-0
295,WIXMAR__ligand6616-0
296,WIXMAR__ligand3718-0
297,WIXMAR__ligand27669-0
298,WIXMAR__ligand4661-0
299,WIXMAR__ligand1844-0
300,WIXMAR__ligand14167-0
301,WIXMAR__ligand13477-0
302,WIXMAR__ligand1959-0
303,WIXMAR__ligand326-0
304,WIXMAR__ligand3504-0
305,WIXMAR__ligand9935-0
306,WIXMAR__ligand1536-0
307,WIXMAR__ligand1573-0
308,WIXMAR__ligand1263-0
309,WIXMAR__ligand9908-0
310,WIXMAR__ligand23197-0
311,WIXMAR__ligand436-0
312,WIXMAR__ligand692-0
313,WIXMAR__ligand7242-0
314,WIXMAR__ligand32-0
315,WIXMAR__ligand29029-0
316,WIXMAR__ligand7106-0
317,WIXMAR__ligand27285-0
318,WIXMAR__ligand28685-0
319,WIXMAR__ligand18568-0
320,WIXMAR__ligand4720-0
321,WIXMAR__ligand6839-0
322,WIXMAR__ligand13672-0
323,WIXMAR__ligand8969-0
324,WIXMAR__ligand3937-0
325,WIXMAR__ligand1202-0
326,WIXMAR__ligand3174-0
327,WIXMAR__ligand3131-0
328,WIXMAR__ligand5211-0
329,WIXMAR__ligand10371-0
330,WIXMAR__ligand16-0
331,WIXMAR__ligand3094-0
332,WIXMAR__ligand4155-0
333,WIXMAR__ligand18448-0
334,WIXMAR__ligand12453-0
335,WIXMAR__ligand28459-0
336,WIXMAR__ligand633-0
337,WIXMAR__ligand6919-0
338,WIXMAR__ligand3852-0
339,WIXMAR__ligand2485-0
340,WIXMAR__ligand1512-0
341,WIXMAR__ligand5331-0
342,WIXMAR__ligand497-0
343,WIXMAR__ligand3565-0
344,WIXMAR__ligand19184-0
345,WIXMAR__ligand588-0
346,WIXMAR__ligand4503-0
347,WIXMAR__ligand4546-0
348,WIXMAR__ligand91-0
349,WIXMAR__ligand25913-0
350,WIXMAR__ligand16988-0
351,WIXMAR__ligand300-0
352,WIXMAR__ligand1285-0
353,WIXMAR__ligand11682-0
354,WIXMAR__ligand8115-0
355,WIXMAR__ligand6768-0
356,WIXMAR__ligand20207-0
357,WIXMAR__ligand30711-0
358,WIXMAR__ligand1982-0
359,WIXMAR__ligand7000-0
360,WIXMAR__ligand31842-0
361,WIXMAR__ligand2176-0
362,WIXMAR__ligand31044-0
363,WIXMAR__ligand9291-0
364,WIXMAR__ligand11994-0
365,WIXMAR__ligand24035-0
366,WIXMAR__ligand2232-0
367,WIXMAR__ligand14614-0
368,WIXMAR__ligand51-0
369,WIXMAR__ligand199-0
370,WIXMAR__ligand4157-0
371,WIXMAR__ligand9833-0
372,WIXMAR__ligand2828-0
373,WIXMAR__ligand16663-0
374,WIXMAR__ligand8876-0
375,WIXMAR__ligand7648-0
376,WIXMAR__ligand5256-0
377,WIXMAR__ligand9520-0
378,WIXMAR__ligand21919-0
379,WIXMAR__ligand8699-0
380,WIXMAR__ligand1160-0
381,WIXMAR__ligand28930-0
382,WIXMAR__ligand22168-0
383,WIXMAR__ligand4442-0
384,WIXMAR__ligand4093-0
385,WIXMAR__ligand22294-0
386,WIXMAR__ligand3954-0
387,WIXMAR__ligand1451-0
388,WIXMAR__ligand4272-0
389,WIXMAR__ligand15531-0
390,WIXMAR__ligand28743-0
391,WIXMAR__ligand13862-0
392,WIXMAR__ligand11357-0
393,WIXMAR__ligand7629-0
394,WIXMAR__ligand10056-0
395,WIXMAR__ligand12365-0
396,WIXMAR__ligand9784-0
397,WIXMAR__ligand48-0
398,WIXMAR__ligand7238-0
399,WIXMAR__ligand15926-0
400,WIXMAR__ligand10828-0
401,WIXMAR__ligand19792-0
402,WIXMAR__ligand11447-0
403,WIXMAR__ligand11096-0
404,WIXMAR__ligand28810-0
405,WIXMAR__ligand1790-0
406,WIXMAR__ligand1304-0
407,WIXMAR__ligand7280-0
408,WIXMAR__ligand24230-0
409,WIXMAR__ligand7867-0
410,WIXMAR__ligand15883-0
411,WIXMAR__ligand6709-0
412,WIXMAR__ligand1219-0
413,WIXMAR__ligand409-0
414,WIXMAR__ligand4016-0
415,WIXMAR__ligand11970-0
416,WIXMAR__ligand361-0
417,WIXMAR__ligand324-0
418,WIXMAR__ligand25178-0
419,WIXMAR__ligand235-0
420,WIXMAR__ligand2417-0
421,WIXMAR__ligand23769-0
422,WIXMAR__ligand134-0
423,WIXMAR__ligand24185-0
424,WIXMAR__ligand3126-0
425,WIXMAR__ligand6391-0
426,WIXMAR__ligand17805-0
427,WIXMAR__ligand9284-0
428,WIXMAR__ligand1114-0
429,WIXMAR__ligand17302-0
430,WIXMAR__ligand12231-0
431,WIXMAR__ligand1604-0
432,WIXMAR__ligand9943-0
433,WIXMAR__ligand17387-0
434,WIXMAR__ligand1228-0
435,WIXMAR__ligand12130-0
436,WIXMAR__ligand13658-0
437,WIXMAR__ligand26702-0
438,WIXMAR__ligand12289-0
439,WIXMAR__ligand18292-0
440,WIXMAR__ligand19830-0
441,WIXMAR__ligand2043-0
442,WIXMAR__ligand13068-0
443,WIXMAR__ligand10476-0
444,WIXMAR__ligand24145-0
445,WIXMAR__ligand8788-0
446,WIXMAR__ligand1832-0
447,WIXMAR__ligand560-0
448,WIXMAR__ligand15585-0
449,WIXMAR__ligand12401-0
450,WIXMAR__ligand2612-0
451,WIXMAR__ligand27763-0
452,WIXMAR__ligand10262-0
453,WIXMAR__ligand28676-0
454,WIXMAR__ligand1599-0
455,WIXMAR__ligand9450-0
456,WIXMAR__ligand18-0
457,WIXMAR__ligand29302-0
458,WIXMAR__ligand13425-0
459,WIXMAR__ligand294-0
460,WIXMAR__ligand19057-0
461,WIXMAR__ligand18814-0
462,WIXMAR__ligand14108-0
463,WIXMAR__ligand685-0
464,WIXMAR__ligand421-0
465,WIXMAR__ligand1289-0
466,WIXMAR__ligand10958-0
467,WIXMAR__ligand2203-0
468,WIXMAR__ligand5387-0
469,WIXMAR__ligand12641-0
470,WIXMAR__ligand8793-0
471,WIXMAR__ligand29410-0
472,WIXMAR__ligand2788-0
473,WIXMAR__ligand5649-0
474,WIXMAR__ligand4649-0
475,WIXMAR__ligand12337-0
476,WIXMAR__ligand26540-0
477,WIXMAR__ligand17281-0
478,WIXMAR__ligand30296-0
479,WIXMAR__ligand2906-0
480,WIXMAR__ligand12606-0
481,WIXMAR__ligand4711-0
482,WIXMAR__ligand3244-0
483,WIXMAR__ligand30333-0
484,WIXMAR__ligand27460-0
485,WIXMAR__ligand4807-0
486,WIXMAR__ligand3178-0
487,WIXMAR__ligand5530-0
488,WIXMAR__ligand16628-0
489,WIXMAR__ligand1356-0
490,WIXMAR__ligand1787-0
491,WIXMAR__ligand9753-0
492,WIXMAR__ligand7196-0
493,WIXMAR__ligand28468-0
494,WIXMAR__ligand20740-0
495,WIXMAR__ligand197-0
496,WIXMAR__ligand12427-0
497,WIXMAR__ligand5159-0
498,WIXMAR__ligand19641-0
499,WIXMAR__ligand6017-0
500,WIXMAR__ligand15422-0
501,WIXMAR__ligand12934-0
502,WIXMAR__ligand20578-0
503,WIXMAR__ligand7316-0
504,WIXMAR__ligand27893-0
505,WIXMAR__ligand783-0
506,WIXMAR__ligand352-0
507,WIXMAR__ligand14723-0
508,WIXMAR__ligand5708-0
509,WIXMAR__ligand30988-0
510,WIXMAR__ligand5180-0
511,WIXMAR__ligand23713-0
512,WIXMAR__ligand18832-0
513,WIXMAR__ligand27175-0
514,WIXMAR__ligand7172-0
515,WIXMAR__ligand26665-0
516,WIXMAR__ligand13012-0
517,WIXMAR__ligand17631-0
518,WIXMAR__ligand17258-0
519,WIXMAR__ligand7273-0
520,WIXMAR__ligand14297-0
521,WIXMAR__ligand14603-0
522,WIXMAR__ligand9323-0
523,WIXMAR__ligand1153-0
524,WIXMAR__ligand3225-0
525,WIXMAR__ligand1116-0
526,WIXMAR__ligand7092-0
527,WIXMAR__ligand31783-0
528,WIXMAR__ligand2260-0
529,WIXMAR__ligand8612-0
530,WIXMAR__ligand868-0
531,WIXMAR__ligand2124-0
532,WIXMAR__ligand9773-0
533,WIXMAR__ligand5510-0
534,WIXMAR__ligand1376-0
535,WIXMAR__ligand909-0
536,WIXMAR__ligand17261-0
537,WIXMAR__ligand14117-0
538,WIXMAR__ligand31097-0
539,WIXMAR__ligand21581-0
540,WIXMAR__ligand1296-0
541,WIXMAR__ligand2259-0
542,WIXMAR__ligand20251-0
543,WIXMAR__ligand1197-0
544,WIXMAR__ligand20214-0
545,WIXMAR__ligand30702-0
546,WIXMAR__ligand20539-0
547,WIXMAR__ligand5099-0
548,WIXMAR__ligand8592-0
549,WIXMAR__ligand4358-0
550,WIXMAR__ligand3120-0
551,WIXMAR__ligand30851-0
552,WIXMAR__ligand3926-0
553,WIXMAR__ligand14889-0
554,WIXMAR__ligand2221-0
555,WIXMAR__ligand29568-0
556,WIXMAR__ligand4101-0
557,WIXMAR__ligand28789-0
558,WIXMAR__ligand42-0
559,WIXMAR__ligand5595-0
560,WIXMAR__ligand17118-0
561,WIXMAR__ligand21371-0
562,WIXMAR__ligand177-0
563,WIXMAR__ligand20419-0
564,WIXMAR__ligand10589-0
565,WIXMAR__ligand22557-0
566,WIXMAR__ligand24047-0
567,WIXMAR__ligand11675-0
568,WIXMAR__ligand20598-0
569,WIXMAR__ligand17398-0
570,WIXMAR__ligand7762-0
571,WIXMAR__ligand5080-0
572,WIXMAR__ligand5509-0
573,WIXMAR__ligand8002-0
574,WIXMAR__ligand116-0
575,WIXMAR__ligand6117-0
576,WIXMAR__ligand1407-0
577,WIXMAR__ligand29414-0
578,WIXMAR__ligand17982-0
579,WIXMAR__ligand252-0
580,WIXMAR__ligand17278-0
581,WIXMAR__ligand20011-0
582,WIXMAR__ligand66-0
583,WIXMAR__ligand193-0
584,WIXMAR__ligand20251-1
585,WIXMAR__ligand2822-0
586,WIXMAR__ligand7293-0
587,WIXMAR__ligand1317-0
588,WIXMAR__ligand3867-0
589,WIXMAR__ligand830-0
590,WIXMAR__ligand9167-0
591,WIXMAR__ligand5304-0
592,WIXMAR__ligand372-0
593,WIXMAR__ligand16475-0
594,WIXMAR__ligand14703-0
595,WIXMAR__ligand4-0
596,WIXMAR__ligand2238-0
597,WIXMAR__ligand11456-0
598,WIXMAR__ligand7291-0
599,WIXMAR__ligand10712-0
600,WIXMAR__ligand9883-0
601,WIXMAR__ligand3677-1
602,WIXMAR__ligand14174-0
603,WIXMAR__ligand2985-0
604,WIXMAR__ligand4007-0
605,WIXMAR__ligand370-0
606,WIXMAR__ligand9299-0
607,WIXMAR__ligand25411-0
608,WIXMAR__ligand13294-0
609,WIXMAR__ligand3945-0
610,WIXMAR__ligand31832-0
611,WIXMAR__ligand2693-0
612,WIXMAR__ligand5383-0
613,WIXMAR__ligand13331-0
614,WIXMAR__ligand9344-0
615,WIXMAR__ligand250-0
616,WIXMAR__ligand28884-0
617,WIXMAR__ligand3736-0
618,WIXMAR__ligand29879-0
619,WIXMAR__ligand14248-0
620,WIXMAR__ligand8000-0
621,WIXMAR__ligand12030-0
622,WIXMAR__ligand6892-0
623,WIXMAR__ligand13208-0
624,WIXMAR__ligand27482-0
625,WIXMAR__ligand1211-0
626,WIXMAR__ligand26810-0
627,WIXMAR__ligand3712-0
628,WIXMAR__ligand1464-0
629,WIXMAR__ligand1499-0
630,WIXMAR__ligand188-0
631,WIXMAR__ligand2881-0
632,WIXMAR__ligand564-0
633,WIXMAR__ligand6699-0
634,WIXMAR__ligand38-0
635,WIXMAR__ligand370-1
636,WIXMAR__ligand620-0
637,WIXMAR__ligand13390-0
638,WIXMAR__ligand3632-0
639,WIXMAR__ligand20682-0
640,WIXMAR__ligand3677-0
641,WIXMAR__ligand311-0
642,WIXMAR__ligand1168-0
643,WIXMAR__ligand785-0
644,WIXMAR__ligand479-0
645,WIXMAR__ligand1294-0
646,WIXMAR__ligand1786-0
647,WIXMAR__ligand17590-0
648,WIXMAR__ligand5630-0
649,WIXMAR__ligand17240-0
650,WIXMAR__ligand196-0
651,WIXMAR__ligand1908-0
652,WIXMAR__ligand12682-0
653,WIXMAR__ligand18699-0
654,WIXMAR__ligand1-0
655,WIXMAR__ligand4795-0
656,WIXMAR__ligand3285-0
657,WIXMAR__ligand3144-0
658,WIXMAR__ligand5085-0
659,WIXMAR__ligand4710-0
660,WIXMAR__ligand5755-0
661,WIXMAR__ligand422-0
662,WIXMAR__ligand12336-0
663,WIXMAR__ligand1828-0
664,WIXMAR__ligand686-0
665,WIXMAR__ligand1397-0
666,WIXMAR__ligand7213-0
667,WIXMAR__ligand13072-0
668,WIXMAR__ligand8042-0
669,WIXMAR__ligand6112-0
670,WIXMAR__ligand5019-0
671,WIXMAR__ligand3261-0
672,WIXMAR__ligand1152-0
673,WIXMAR__ligand393-0
674,WIXMAR__ligand10555-0
675,WIXMAR__ligand1216-0
676,WIXMAR__ligand31483-0
677,WIXMAR__ligand19725-0
678,WIXMAR__ligand24613-0
679,WIXMAR__ligand1849-0
680,WIXMAR__ligand11774-0
681,WIXMAR__ligand14586-0
682,WIXMAR__ligand5614-0
683,WIXMAR__ligand5280-0
684,WIXMAR__ligand1831-0
685,WIXMAR__ligand5515-0
686,WIXMAR__ligand21421-0
687,WIXMAR__ligand6663-0
688,WIXMAR__ligand11568-0
689,WIXMAR__ligand17710-0
690,WIXMAR__ligand20579-0
691,WIXMAR__ligand353-0
692,WIXMAR__ligand3042-0
693,WIXMAR__ligand22755-0
694,WIXMAR__ligand10432-0
695,WIXMAR__ligand31618-0
696,WIXMAR__ligand11432-0
697,WIXMAR__ligand26277-0
698,WIXMAR__ligand29898-0
699,WIXMAR__ligand78-0
700,WIXMAR__ligand780-0
701,WIXMAR__ligand314-0
702,WIXMAR__ligand8200-0
703,WIXMAR__ligand7438-0
704,WIXMAR__ligand4063-0
705,WIXMAR__ligand813-0
706,WIXMAR__ligand23589-0
707,WIXMAR__ligand391-0
708,WIXMAR__ligand1539-0
709,WIXMAR__ligand1150-0
710,WIXMAR__ligand24064-0
711,WIXMAR__ligand3416-0
712,WIXMAR__ligand15168-0
713,WIXMAR__ligand3453-0
714,WIXMAR__ligand45-0
715,WIXMAR__ligand4207-0
716,WIXMAR__ligand618-0
717,WIXMAR__ligand1288-0
718,WIXMAR__ligand465-0
719,WIXMAR__ligand28924-0
720,WIXMAR__ligand15438-0
721,WIXMAR__ligand18703-0
722,WIXMAR__ligand4266-0
723,WIXMAR__ligand1400-0
724,WIXMAR__ligand9491-0
725,WIXMAR__ligand4167-0
726,WIXMAR__ligand24-0
727,WIXMAR__ligand29087-0
728,WIXMAR__ligand1779-0
729,WIXMAR__ligand17207-0
730,WIXMAR__ligand19-0
731,WIXMAR__ligand31578-0
732,WIXMAR__ligand1817-0
733,WIXMAR__ligand6993-0
734,WIXMAR__ligand9750-0
735,WIXMAR__ligand17945-0
736,WIXMAR__ligand25224-0
737,WIXMAR__ligand18013-0
738,WIXMAR__ligand314-1
739,WIXMAR__ligand7075-0
740,WIXMAR__ligand24750-0
741,WIXMAR__ligand3557-0
742,WIXMAR__ligand3980-0
743,WIXMAR__ligand1149-0
744,WIXMAR__ligand3-0
745,WIXMAR__ligand1028-0
746,WIXMAR__ligand4262-0
747,WIXMAR__ligand25575-0
748,WIXMAR__ligand21787-0
749,WIXMAR__ligand25689-0
750,WIXMAR__ligand115-0
751,WIXMAR__ligand12295-0
752,WIXMAR__ligand27835-0
753,WIXMAR__ligand1618-0
754,WIXMAR__ligand2692-0
755,WIXMAR__ligand21132-0
756,WIXMAR__ligand11166-0
757,WIXMAR__ligand23906-0
758,WIXMAR__ligand833-0
759,WIXMAR__ligand2027-0
760,WIXMAR__ligand30539-0
761,WIXMAR__ligand1050-0
762,WIXMAR__ligand1015-0
763,WIXMAR__ligand11206-0
764,WIXMAR__ligand23124-0
765,WIXMAR__ligand784-0
766,WIXMAR__ligand1169-0
767,WIXMAR__ligand8529-0
768,WIXMAR__ligand12519-0
769,WIXMAR__ligand25735-0
770,WIXMAR__ligand31248-0
771,WIXMAR__ligand1498-0
772,WIXMAR__ligand4596-0
773,WIXMAR__ligand25650-0
774,WIXMAR__ligand368-0
775,WIXMAR__ligand1154-0
776,WIXMAR__ligand13209-0
777,WIXMAR__ligand19257-0
778,WIXMAR__ligand395-0
779,WIXMAR__ligand12660-0
780,WIXMAR__ligand9615-0
781,WIXMAR__ligand18465-0
782,WIXMAR__ligand43-0
783,WIXMAR__ligand18799-0
784,WIXMAR__ligand5201-0
785,WIXMAR__ligand176-0
786,WIXMAR__ligand746-0
787,WIXMAR__ligand28668-0
788,WIXMAR__ligand8553-0
789,WIXMAR__ligand16791-0
790,WIXMAR__ligand447-0
791,WIXMAR__ligand1113-0
792,WIXMAR__ligand11140-0
793,WIXMAR__ligand487-0
794,WIXMAR__ligand9944-0
795,WIXMAR__ligand8593-0
796,WIXMAR__ligand29610-0
797,WIXMAR__ligand29863-0
798,WIXMAR__ligand2001-0
799,WIXMAR__ligand13869-0
800,WIXMAR__ligand18074-0
801,WIXMAR__ligand7566-0
802,WIXMAR__ligand2281-0
803,WIXMAR__ligand2650-0
804,WIXMAR__ligand23904-0
805,WIXMAR__ligand4340-0
806,WIXMAR__ligand13257-0
807,WIXMAR__ligand21936-0
808,WIXMAR__ligand3180-0
809,WIXMAR__ligand6995-0
810,WIXMAR__ligand506-0
811,WIXMAR__ligand12467-0
812,WIXMAR__ligand2823-0
813,WIXMAR__ligand25267-0
814,WIXMAR__ligand10084-0
815,WIXMAR__ligand14523-0
816,WIXMAR__ligand152-0
817,WIXMAR__ligand27169-0
818,WIXMAR__ligand18391-0
819,WIXMAR__ligand4124-0
820,WIXMAR__ligand3471-0
821,WIXMAR__ligand4161-0
822,WIXMAR__ligand67-0
823,WIXMAR__ligand25805-0
824,WIXMAR__ligand22981-0
825,WIXMAR__ligand20599-0
826,WIXMAR__ligand27074-0
827,WIXMAR__ligand5415-0
