,TMC
0,ADIPOV__ligand1555-0
1,ADIPOV__ligand1285-0
2,ADIPOV__ligand7630-0
3,ADIPOV__ligand3890-0
4,ADIPOV__ligand1907-0
5,ADIPOV__ligand4423-0
6,ADIPOV__ligand1038-0
7,ADIPOV__ligand2762-0
8,ADIPOV__ligand5093-0
9,ADIPOV__ligand2954-0
10,ADIPOV__ligand11-0
11,ADIPOV__ligand2253-0
12,ADIPOV__ligand1160-0
13,ADIPOV__ligand383-0
14,ADIPOV__ligand162-0
15,ADIPOV__ligand7550-0
16,ADIPOV__ligand226-0
17,ADIPOV__ligand9176-0
18,ADIPOV__ligand509-0
19,ADIPOV__ligand1493-0
20,ADIPOV__ligand2718-0
21,ADIPOV__ligand3035-0
22,ADIPOV__ligand3070-0
23,ADIPOV__ligand5235-0
24,ADIPOV__ligand670-0
25,ADIPOV__ligand6143-0
26,ADIPOV__ligand118-0
27,ADIPOV__ligand571-0
28,ADIPOV__ligand4619-0
29,ADIPOV__ligand3251-0
30,ADIPOV__ligand1818-0
31,ADIPOV__ligand278-0
32,ADIPOV__ligand365-0
33,ADIPOV__ligand7456-0
34,ADIPOV__ligand5758-0
35,ADIPOV__ligand358-0
36,ADIPOV__ligand430-0
37,ADIPOV__ligand3852-0
38,ADIPOV__ligand669-0
39,ADIPOV__ligand3478-0
40,ADIPOV__ligand361-0
41,ADIPOV__ligand324-0
42,ADIPOV__ligand409-0
43,ADIPOV__ligand3618-0
44,ADIPOV__ligand2618-0
45,ADIPOV__ligand1436-0
46,ADIPOV__ligand105-0
47,ADIPOV__ligand140-0
48,ADIPOV__ligand4370-0
49,ADIPOV__ligand15630-0
50,ADIPOV__ligand927-0
51,ADIPOV__ligand199-0
52,ADIPOV__ligand10357-0
53,ADIPOV__ligand92-0
54,ADIPOV__ligand1918-0
55,ADIPOV__ligand17-0
56,ADIPOV__ligand2255-0
57,ADIPOV__ligand575-0
58,ADIPOV__ligand4175-0
59,ADIPOV__ligand497-0
60,ADIPOV__ligand2915-0
61,ADIPOV__ligand918-0
62,ADIPOV__ligand633-0
63,ADIPOV__ligand532-0
64,ADIPOV__ligand166-0
65,ADIPOV__ligand838-0
66,ADIPOV__ligand3196-0
67,ADIPOV__ligand4012-0
68,ADIPOV__ligand142-0
69,ADIPOV__ligand206-0
70,ADIPOV__ligand2526-0
71,ADIPOV__ligand436-0
72,ADIPOV__ligand1551-0
73,ADIPOV__ligand49-0
74,ADIPOV__ligand821-0
75,ADIPOV__ligand1690-0
76,ADIPOV__ligand89-0
77,ADIPOV__ligand326-0
78,ADIPOV__ligand553-0
79,ADIPOV__ligand2707-0
80,ADIPOV__ligand283-0
81,ADIPOV__ligand57-0
82,ADIPOV__ligand119-0
83,ADIPOV__ligand1307-0
84,ADIPOV__ligand124-0
85,ADIPOV__ligand3853-0
86,ADIPOV__ligand2853-0
87,ADIPOV__ligand100-0
88,ADIPOV__ligand244-0
89,ADIPOV__ligand201-0
90,ADIPOV__ligand8-0
91,ADIPOV__ligand5089-0
92,ADIPOV__ligand2599-0
93,ADIPOV__ligand1246-0
94,ADIPOV__ligand73-0
95,ADIPOV__ligand321-0
96,ADIPOV__ligand279-0
97,ADIPOV__ligand178-0
98,ADIPOV__ligand6166-0
99,ADIPOV__ligand366-0
100,ADIPOV__ligand861-0
101,ADIPOV__ligand34-0
102,ADIPOV__ligand612-0
103,ADIPOV__ligand1788-0
104,ADIPOV__ligand187-0
105,ADIPOV__ligand1321-0
106,ADIPOV__ligand596-0
107,ADIPOV__ligand3566-0
108,ADIPOV__ligand1178-0
109,ADIPOV__ligand126-0
110,ADIPOV__ligand3337-0
111,ADIPOV__ligand7514-0
112,ADIPOV__ligand1449-1
113,ADIPOV__ligand95-0
114,ADIPOV__ligand4811-0
115,ADIPOV__ligand1260-0
116,ADIPOV__ligand4894-0
117,ADIPOV__ligand55-0
118,ADIPOV__ligand9620-0
119,ADIPOV__ligand2929-0
120,ADIPOV__ligand29-0
121,ADIPOV__ligand757-0
122,ADIPOV__ligand91-0
123,ADIPOV__ligand2376-0
124,ADIPOV__ligand10479-0
125,ADIPOV__ligand1379-0
126,ADIPOV__ligand797-0
127,ADIPOV__ligand6430-0
128,ADIPOV__ligand1299-0
129,ADIPOV__ligand1264-0
130,ADIPOV__ligand51-0
131,ADIPOV__ligand1221-0
132,ADIPOV__ligand2442-0
133,ADIPOV__ligand1019-0
134,ADIPOV__ligand10114-0
135,ADIPOV__ligand7414-0
136,ADIPOV__ligand5762-0
137,ADIPOV__ligand1104-0
138,ADIPOV__ligand48-0
139,ADIPOV__ligand1325-0
140,ADIPOV__ligand2482-0
141,ADIPOV__ligand6571-0
142,ADIPOV__ligand5334-0
143,ADIPOV__ligand240-0
144,ADIPOV__ligand2315-0
145,ADIPOV__ligand3051-0
146,ADIPOV__ligand4504-0
147,ADIPOV__ligand2480-0
148,ADIPOV__ligand141-0
149,ADIPOV__ligand1898-0
150,ADIPOV__ligand8032-0
151,ADIPOV__ligand1858-0
152,ADIPOV__ligand10910-0
153,ADIPOV__ligand32-0
154,ADIPOV__ligand1712-0
155,ADIPOV__ligand2110-0
156,ADIPOV__ligand2916-0
157,ADIPOV__ligand3579-0
158,ADIPOV__ligand1919-0
159,ADIPOV__ligand384-0
160,ADIPOV__ligand2389-0
161,ADIPOV__ligand120-0
162,ADIPOV__ligand14530-0
163,ADIPOV__ligand1113-0
164,ADIPOV__ligand2265-0
165,ADIPOV__ligand62-0
166,ADIPOV__ligand6396-0
167,ADIPOV__ligand9027-0
168,ADIPOV__ligand210-0
169,ADIPOV__ligand2345-0
170,ADIPOV__ligand2794-0
171,ADIPOV__ligand1835-0
172,ADIPOV__ligand4983-0
173,ADIPOV__ligand1502-0
174,ADIPOV__ligand170-0
175,ADIPOV__ligand1052-0
176,ADIPOV__ligand86-0
177,ADIPOV__ligand391-0
178,ADIPOV__ligand1273-0
179,ADIPOV__ligand481-0
180,ADIPOV__ligand314-0
181,ADIPOV__ligand353-0
182,ADIPOV__ligand2142-0
183,ADIPOV__ligand9495-0
184,ADIPOV__ligand6151-0
185,ADIPOV__ligand2772-0
186,ADIPOV__ligand6538-0
187,ADIPOV__ligand236-0
188,ADIPOV__ligand2864-0
189,ADIPOV__ligand113-0
190,ADIPOV__ligand5022-0
191,ADIPOV__ligand422-0
192,ADIPOV__ligand1169-0
193,ADIPOV__ligand18-0
194,ADIPOV__ligand502-0
195,ADIPOV__ligand5941-0
196,ADIPOV__ligand2880-0
197,ADIPOV__ligand196-0
198,ADIPOV__ligand2838-0
199,ADIPOV__ligand3838-0
200,ADIPOV__ligand1799-0
201,ADIPOV__ligand3637-0
202,ADIPOV__ligand682-0
203,ADIPOV__ligand8774-0
204,ADIPOV__ligand21-0
205,ADIPOV__ligand522-0
206,ADIPOV__ligand666-0
207,ADIPOV__ligand40-0
208,ADIPOV__ligand487-0
209,ADIPOV__ligand7464-0
210,ADIPOV__ligand6-0
211,ADIPOV__ligand1598-0
212,ADIPOV__ligand447-0
213,ADIPOV__ligand1248-0
214,ADIPOV__ligand38-0
215,ADIPOV__ligand4303-0
216,ADIPOV__ligand133-0
217,ADIPOV__ligand6294-0
218,ADIPOV__ligand1054-0
219,ADIPOV__ligand2285-0
220,ADIPOV__ligand1567-0
221,ADIPOV__ligand8921-0
222,ADIPOV__ligand2510-0
223,ADIPOV__ligand2320-0
224,ADIPOV__ligand1056-0
225,ADIPOV__ligand2862-0
226,ADIPOV__ligand1703-0
227,ADIPOV__ligand2430-0
228,ADIPOV__ligand4-0
229,ADIPOV__ligand355-0
230,ADIPOV__ligand784-0
231,ADIPOV__ligand485-0
232,ADIPOV__ligand2907-0
233,ADIPOV__ligand1727-0
234,ADIPOV__ligand291-0
235,ADIPOV__ligand66-0
236,ADIPOV__ligand1152-0
237,ADIPOV__ligand1607-0
238,ADIPOV__ligand115-0
239,ADIPOV__ligand78-0
240,ADIPOV__ligand868-0
241,ADIPOV__ligand442-0
242,ADIPOV__ligand5801-0
243,ADIPOV__ligand85-0
244,ADIPOV__ligand136-0
245,ADIPOV__ligand3063-0
246,ADIPOV__ligand1438-0
247,ADIPOV__ligand1171-0
248,ADIPOV__ligand352-0
249,ADIPOV__ligand783-0
250,ADIPOV__ligand3-0
251,ADIPOV__ligand45-0
252,ADIPOV__ligand197-0
253,ADIPOV__ligand2087-0
254,ADIPOV__ligand1048-0
255,ADIPOV__ligand3757-0
256,ADIPOV__ligand11730-0
257,ADIPOV__ligand296-0
258,ADIPOV__ligand1685-0
259,ADIPOV__ligand1544-0
260,ADIPOV__ligand1459-0
261,ADIPOV__ligand112-0
262,ADIPOV__ligand2688-0
263,ADIPOV__ligand798-0
264,ADIPOV__ligand2259-0
265,ADIPOV__ligand421-0
266,ADIPOV__ligand584-0
267,ADIPOV__ligand916-0
268,ADIPOV__ligand1376-0
269,ADIPOV__ligand2768-0
270,ADIPOV__ligand294-0
271,ADIPOV__ligand6277-0
272,ADIPOV__ligand993-0
273,ADIPOV__ligand1951-0
274,ADIPOV__ligand331-0
275,ADIPOV__ligand1687-0
276,ADIPOV__ligand1706-0
277,ADIPOV__ligand560-0
278,ADIPOV__ligand525-0
279,ADIPOV__ligand3734-0
280,ADIPOV__ligand109-0
281,ADIPOV__ligand2629-0
282,ADIPOV__ligand1-0
283,ADIPOV__ligand4381-0
284,ADIPOV__ligand390-0
285,ADIPOV__ligand932-0
286,ADIPOV__ligand134-0
287,ADIPOV__ligand235-0
288,ADIPOV__ligand311-0
289,ADIPOV__ligand3145-0
290,ADIPOV__ligand7915-0
291,ADIPOV__ligand5548-0
292,ADIPOV__ligand6686-0
293,ADIPOV__ligand1747-0
294,ADIPOV__ligand2098-0
295,ADIPOV__ligand188-0
296,ADIPOV__ligand6502-0
297,ADIPOV__ligand2863-0
298,ADIPOV__ligand3178-0
299,ADIPOV__ligand444-0
300,ADIPOV__ligand6332-0
301,ADIPOV__ligand369-0
302,ADIPOV__ligand3041-0
303,ADIPOV__ligand250-0
304,ADIPOV__ligand460-0
305,ADIPOV__ligand2634-0
306,ADIPOV__ligand1542-0
307,ADIPOV__ligand67-0
308,ADIPOV__ligand370-0
309,ADIPOV__ligand2751-0
310,ADIPOV__ligand1114-0
311,ADIPOV__ligand1538-0
312,ADIPOV__ligand830-0
313,ADIPOV__ligand193-0
314,ADIPOV__ligand252-0
315,ADIPOV__ligand955-0
316,ADIPOV__ligand1228-0
317,ADIPOV__ligand9244-0
318,ADIPOV__ligand934-0
319,ADIPOV__ligand177-0
320,ADIPOV__ligand1479-0
321,ADIPOV__ligand1148-0
322,ADIPOV__ligand851-0
323,ADIPOV__ligand3246-0
324,ADIPOV__ligand909-0
