,TMC
0,RABXAU__ligand596-0
1,RABXAU__ligand78-0
2,RABXAU__ligand1918-0
3,RABXAU__ligand85-0
4,RABXAU__ligand2255-0
5,RABXAU__ligand187-0
6,RABXAU__ligand45-0
7,RABXAU__ligand612-0
8,RABXAU__ligand861-0
9,RABXAU__ligand11730-0
10,RABXAU__ligand366-0
11,RABXAU__ligand4175-0
12,RABXAU__ligand2618-0
13,RABXAU__ligand3618-0
14,RABXAU__ligand1436-0
15,RABXAU__ligand4370-0
16,RABXAU__ligand126-0
17,RABXAU__ligand124-0
18,RABXAU__ligand1551-0
19,RABXAU__ligand2526-0
20,RABXAU__ligand119-0
21,RABXAU__ligand1690-0
22,RABXAU__ligand2707-0
23,RABXAU__ligand178-0
24,RABXAU__ligand2915-0
25,RABXAU__ligand279-0
26,RABXAU__ligand321-0
27,RABXAU__ligand4012-0
28,RABXAU__ligand3196-0
29,RABXAU__ligand244-0
30,RABXAU__ligand201-0
31,RABXAU__ligand100-0
32,RABXAU__ligand2762-0
33,RABXAU__ligand1038-0
34,RABXAU__ligand1160-0
35,RABXAU__ligand2253-0
36,RABXAU__ligand2954-0
37,RABXAU__ligand5093-0
38,RABXAU__ligand141-0
39,RABXAU__ligand240-0
40,RABXAU__ligand7550-0
41,RABXAU__ligand1285-0
42,RABXAU__ligand120-0
43,RABXAU__ligand1555-0
44,RABXAU__ligand7630-0
45,RABXAU__ligand384-0
46,RABXAU__ligand3890-0
47,RABXAU__ligand4423-0
48,RABXAU__ligand67-0
49,RABXAU__ligand1907-0
50,RABXAU__ligand1818-0
51,RABXAU__ligand797-0
52,RABXAU__ligand7456-0
53,RABXAU__ligand5758-0
54,RABXAU__ligand3478-0
55,RABXAU__ligand757-0
56,RABXAU__ligand3852-0
57,RABXAU__ligand9176-0
58,RABXAU__ligand3070-0
59,RABXAU__ligand3035-0
60,RABXAU__ligand2718-0
61,RABXAU__ligand1493-0
62,RABXAU__ligand4619-0
63,RABXAU__ligand6143-0
64,RABXAU__ligand5235-0
65,RABXAU__ligand3251-0
66,RABXAU__ligand1019-0
67,RABXAU__ligand2442-0
68,RABXAU__ligand1104-0
69,RABXAU__ligand7414-0
70,RABXAU__ligand5762-0
71,RABXAU__ligand571-0
72,RABXAU__ligand62-0
73,RABXAU__ligand118-0
74,RABXAU__ligand670-0
75,RABXAU__ligand509-0
76,RABXAU__ligand6571-0
77,RABXAU__ligand2482-0
78,RABXAU__ligand1325-0
79,RABXAU__ligand86-0
80,RABXAU__ligand669-0
81,RABXAU__ligand2929-0
82,RABXAU__ligand430-0
83,RABXAU__ligand2376-0
84,RABXAU__ligand358-0
85,RABXAU__ligand365-0
86,RABXAU__ligand1379-0
87,RABXAU__ligand1221-0
88,RABXAU__ligand1264-0
89,RABXAU__ligand1299-0
90,RABXAU__ligand6430-0
91,RABXAU__ligand278-0
92,RABXAU__ligand1712-0
93,RABXAU__ligand3579-0
94,RABXAU__ligand2916-0
95,RABXAU__ligand2110-0
96,RABXAU__ligand1919-0
97,RABXAU__ligand2389-0
98,RABXAU__ligand226-0
99,RABXAU__ligand5334-0
100,RABXAU__ligand18-0
101,RABXAU__ligand162-0
102,RABXAU__ligand383-0
103,RABXAU__ligand1898-0
104,RABXAU__ligand2480-0
105,RABXAU__ligand4504-0
106,RABXAU__ligand3051-0
107,RABXAU__ligand2315-0
108,RABXAU__ligand1858-0
109,RABXAU__ligand8032-0
110,RABXAU__ligand8-0
111,RABXAU__ligand2853-0
112,RABXAU__ligand3853-0
113,RABXAU__ligand838-0
114,RABXAU__ligand166-0
115,RABXAU__ligand5089-0
116,RABXAU__ligand2599-0
117,RABXAU__ligand532-0
118,RABXAU__ligand633-0
119,RABXAU__ligand21-0
120,RABXAU__ligand918-0
121,RABXAU__ligand1246-0
122,RABXAU__ligand6166-0
123,RABXAU__ligand497-0
124,RABXAU__ligand40-0
125,RABXAU__ligand283-0
126,RABXAU__ligand553-0
127,RABXAU__ligand326-0
128,RABXAU__ligand821-0
129,RABXAU__ligand1307-0
130,RABXAU__ligand436-0
131,RABXAU__ligand206-0
132,RABXAU__ligand142-0
133,RABXAU__ligand38-0
134,RABXAU__ligand7514-0
135,RABXAU__ligand3337-0
136,RABXAU__ligand105-0
137,RABXAU__ligand140-0
138,RABXAU__ligand4811-0
139,RABXAU__ligand1449-1
140,RABXAU__ligand9620-0
141,RABXAU__ligand1260-0
142,RABXAU__ligand4894-0
143,RABXAU__ligand409-0
144,RABXAU__ligand361-0
145,RABXAU__ligand324-0
146,RABXAU__ligand66-0
147,RABXAU__ligand575-0
148,RABXAU__ligand1788-0
149,RABXAU__ligand1321-0
150,RABXAU__ligand1178-0
151,RABXAU__ligand199-0
152,RABXAU__ligand3566-0
153,RABXAU__ligand927-0
154,RABXAU__ligand331-0
155,RABXAU__ligand993-0
156,RABXAU__ligand7464-0
157,RABXAU__ligand294-0
158,RABXAU__ligand57-0
159,RABXAU__ligand4303-0
160,RABXAU__ligand584-0
161,RABXAU__ligand916-0
162,RABXAU__ligand1248-0
163,RABXAU__ligand1598-0
164,RABXAU__ligand421-0
165,RABXAU__ligand798-0
166,RABXAU__ligand1054-0
167,RABXAU__ligand6294-0
168,RABXAU__ligand235-0
169,RABXAU__ligand932-0
170,RABXAU__ligand134-0
171,RABXAU__ligand3637-0
172,RABXAU__ligand8774-0
173,RABXAU__ligand390-0
174,RABXAU__ligand109-0
175,RABXAU__ligand73-0
176,RABXAU__ligand560-0
177,RABXAU__ligand525-0
178,RABXAU__ligand1727-0
179,RABXAU__ligand352-0
180,RABXAU__ligand783-0
181,RABXAU__ligand1152-0
182,RABXAU__ligand34-0
183,RABXAU__ligand136-0
184,RABXAU__ligand1607-0
185,RABXAU__ligand442-0
186,RABXAU__ligand868-0
187,RABXAU__ligand95-0
188,RABXAU__ligand2510-0
189,RABXAU__ligand8921-0
190,RABXAU__ligand112-0
191,RABXAU__ligand1567-0
192,RABXAU__ligand2285-0
193,RABXAU__ligand2862-0
194,RABXAU__ligand1056-0
195,RABXAU__ligand2320-0
196,RABXAU__ligand2430-0
197,RABXAU__ligand1703-0
198,RABXAU__ligand2907-0
199,RABXAU__ligand55-0
200,RABXAU__ligand296-0
201,RABXAU__ligand197-0
202,RABXAU__ligand1052-0
203,RABXAU__ligand29-0
204,RABXAU__ligand955-0
205,RABXAU__ligand252-0
206,RABXAU__ligand91-0
207,RABXAU__ligand4-0
208,RABXAU__ligand193-0
209,RABXAU__ligand10114-0
210,RABXAU__ligand51-0
211,RABXAU__ligand1273-0
212,RABXAU__ligand830-0
213,RABXAU__ligand6396-0
214,RABXAU__ligand909-0
215,RABXAU__ligand2265-0
216,RABXAU__ligand1113-0
217,RABXAU__ligand851-0
218,RABXAU__ligand9027-0
219,RABXAU__ligand10479-0
220,RABXAU__ligand4983-0
221,RABXAU__ligand1835-0
222,RABXAU__ligand2345-0
223,RABXAU__ligand2794-0
224,RABXAU__ligand1502-0
225,RABXAU__ligand177-0
226,RABXAU__ligand934-0
227,RABXAU__ligand48-0
228,RABXAU__ligand369-0
229,RABXAU__ligand444-0
230,RABXAU__ligand14530-0
231,RABXAU__ligand1169-0
232,RABXAU__ligand188-0
233,RABXAU__ligand5022-0
234,RABXAU__ligand32-0
235,RABXAU__ligand1799-0
236,RABXAU__ligand3838-0
237,RABXAU__ligand2838-0
238,RABXAU__ligand311-0
239,RABXAU__ligand5941-0
240,RABXAU__ligand2880-0
241,RABXAU__ligand2142-0
242,RABXAU__ligand10910-0
243,RABXAU__ligand370-0
244,RABXAU__ligand6538-0
245,RABXAU__ligand2772-0
246,RABXAU__ligand6151-0
247,RABXAU__ligand9495-0
248,RABXAU__ligand2864-0
249,RABXAU__ligand460-0
250,RABXAU__ligand6-0
251,RABXAU__ligand250-0
252,RABXAU__ligand3041-0
253,RABXAU__ligand1542-0
254,RABXAU__ligand2634-0
255,RABXAU__ligand236-0
256,RABXAU__ligand2751-0
257,RABXAU__ligand353-0
258,RABXAU__ligand11-0
259,RABXAU__ligand3145-0
260,RABXAU__ligand502-0
261,RABXAU__ligand196-0
262,RABXAU__ligand6686-0
263,RABXAU__ligand1747-0
264,RABXAU__ligand5548-0
265,RABXAU__ligand7915-0
266,RABXAU__ligand2863-0
267,RABXAU__ligand6502-0
268,RABXAU__ligand2098-0
269,RABXAU__ligand422-0
270,RABXAU__ligand6332-0
271,RABXAU__ligand1-0
272,RABXAU__ligand113-0
273,RABXAU__ligand3178-0
274,RABXAU__ligand1479-0
275,RABXAU__ligand3-0
276,RABXAU__ligand1148-0
277,RABXAU__ligand210-0
278,RABXAU__ligand3246-0
279,RABXAU__ligand1538-0
280,RABXAU__ligand1114-0
281,RABXAU__ligand314-0
282,RABXAU__ligand481-0
283,RABXAU__ligand391-0
284,RABXAU__ligand9244-0
285,RABXAU__ligand1228-0
286,RABXAU__ligand170-0
287,RABXAU__ligand485-0
288,RABXAU__ligand3757-0
289,RABXAU__ligand355-0
290,RABXAU__ligand784-0
291,RABXAU__ligand1048-0
292,RABXAU__ligand2087-0
293,RABXAU__ligand1685-0
294,RABXAU__ligand1544-0
295,RABXAU__ligand15630-0
296,RABXAU__ligand10357-0
297,RABXAU__ligand1459-0
298,RABXAU__ligand92-0
299,RABXAU__ligand5801-0
300,RABXAU__ligand115-0
301,RABXAU__ligand1438-0
302,RABXAU__ligand3063-0
303,RABXAU__ligand291-0
304,RABXAU__ligand17-0
305,RABXAU__ligand1171-0
306,RABXAU__ligand3734-0
307,RABXAU__ligand1706-0
308,RABXAU__ligand4381-0
309,RABXAU__ligand2629-0
310,RABXAU__ligand682-0
311,RABXAU__ligand2688-0
312,RABXAU__ligand2259-0
313,RABXAU__ligand133-0
314,RABXAU__ligand49-0
315,RABXAU__ligand2768-0
316,RABXAU__ligand1376-0
317,RABXAU__ligand447-0
318,RABXAU__ligand6277-0
319,RABXAU__ligand487-0
320,RABXAU__ligand666-0
321,RABXAU__ligand1687-0
322,RABXAU__ligand522-0
323,RABXAU__ligand89-0
324,RABXAU__ligand1951-0
