,TMC
0,XADQOJ__ligand5022-0
1,XADQOJ__ligand1169-0
2,XADQOJ__ligand119-0
3,XADQOJ__ligand124-0
4,XADQOJ__ligand5941-0
5,XADQOJ__ligand2880-0
6,XADQOJ__ligand3838-0
7,XADQOJ__ligand1799-0
8,XADQOJ__ligand2838-0
9,XADQOJ__ligand201-0
10,XADQOJ__ligand244-0
11,XADQOJ__ligand100-0
12,XADQOJ__ligand2142-0
13,XADQOJ__ligand9495-0
14,XADQOJ__ligand2772-0
15,XADQOJ__ligand6151-0
16,XADQOJ__ligand6538-0
17,XADQOJ__ligand321-0
18,XADQOJ__ligand2864-0
19,XADQOJ__ligand178-0
20,XADQOJ__ligand279-0
21,XADQOJ__ligand861-0
22,XADQOJ__ligand45-0
23,XADQOJ__ligand1052-0
24,XADQOJ__ligand366-0
25,XADQOJ__ligand187-0
26,XADQOJ__ligand612-0
27,XADQOJ__ligand596-0
28,XADQOJ__ligand1273-0
29,XADQOJ__ligand85-0
30,XADQOJ__ligand78-0
31,XADQOJ__ligand2265-0
32,XADQOJ__ligand1113-0
33,XADQOJ__ligand126-0
34,XADQOJ__ligand6396-0
35,XADQOJ__ligand9027-0
36,XADQOJ__ligand1835-0
37,XADQOJ__ligand2345-0
38,XADQOJ__ligand2794-0
39,XADQOJ__ligand4983-0
40,XADQOJ__ligand1502-0
41,XADQOJ__ligand1727-0
42,XADQOJ__ligand757-0
43,XADQOJ__ligand1152-0
44,XADQOJ__ligand11730-0
45,XADQOJ__ligand1607-0
46,XADQOJ__ligand8-0
47,XADQOJ__ligand797-0
48,XADQOJ__ligand1567-0
49,XADQOJ__ligand2285-0
50,XADQOJ__ligand8921-0
51,XADQOJ__ligand2510-0
52,XADQOJ__ligand1056-0
53,XADQOJ__ligand2320-0
54,XADQOJ__ligand2862-0
55,XADQOJ__ligand2430-0
56,XADQOJ__ligand1703-0
57,XADQOJ__ligand2907-0
58,XADQOJ__ligand141-0
59,XADQOJ__ligand7464-0
60,XADQOJ__ligand240-0
61,XADQOJ__ligand1598-0
62,XADQOJ__ligand1248-0
63,XADQOJ__ligand4303-0
64,XADQOJ__ligand6294-0
65,XADQOJ__ligand1054-0
66,XADQOJ__ligand3637-0
67,XADQOJ__ligand8774-0
68,XADQOJ__ligand67-0
69,XADQOJ__ligand384-0
70,XADQOJ__ligand120-0
71,XADQOJ__ligand1706-0
72,XADQOJ__ligand3734-0
73,XADQOJ__ligand2629-0
74,XADQOJ__ligand4381-0
75,XADQOJ__ligand2688-0
76,XADQOJ__ligand2259-0
77,XADQOJ__ligand1376-0
78,XADQOJ__ligand2768-0
79,XADQOJ__ligand18-0
80,XADQOJ__ligand383-0
81,XADQOJ__ligand6277-0
82,XADQOJ__ligand226-0
83,XADQOJ__ligand1951-0
84,XADQOJ__ligand162-0
85,XADQOJ__ligand1687-0
86,XADQOJ__ligand2087-0
87,XADQOJ__ligand1048-0
88,XADQOJ__ligand3757-0
89,XADQOJ__ligand1685-0
90,XADQOJ__ligand509-0
91,XADQOJ__ligand571-0
92,XADQOJ__ligand1544-0
93,XADQOJ__ligand670-0
94,XADQOJ__ligand118-0
95,XADQOJ__ligand1459-0
96,XADQOJ__ligand62-0
97,XADQOJ__ligand278-0
98,XADQOJ__ligand5801-0
99,XADQOJ__ligand365-0
100,XADQOJ__ligand3063-0
101,XADQOJ__ligand1438-0
102,XADQOJ__ligand358-0
103,XADQOJ__ligand86-0
104,XADQOJ__ligand430-0
105,XADQOJ__ligand1171-0
106,XADQOJ__ligand669-0
107,XADQOJ__ligand1479-0
108,XADQOJ__ligand324-0
109,XADQOJ__ligand361-0
110,XADQOJ__ligand409-0
111,XADQOJ__ligand1148-0
112,XADQOJ__ligand140-0
113,XADQOJ__ligand105-0
114,XADQOJ__ligand3246-0
115,XADQOJ__ligand199-0
116,XADQOJ__ligand1114-0
117,XADQOJ__ligand1538-0
118,XADQOJ__ligand927-0
119,XADQOJ__ligand66-0
120,XADQOJ__ligand1228-0
121,XADQOJ__ligand575-0
122,XADQOJ__ligand9244-0
123,XADQOJ__ligand3041-0
124,XADQOJ__ligand21-0
125,XADQOJ__ligand497-0
126,XADQOJ__ligand532-0
127,XADQOJ__ligand918-0
128,XADQOJ__ligand1542-0
129,XADQOJ__ligand2634-0
130,XADQOJ__ligand633-0
131,XADQOJ__ligand166-0
132,XADQOJ__ligand838-0
133,XADQOJ__ligand2751-0
134,XADQOJ__ligand206-0
135,XADQOJ__ligand142-0
136,XADQOJ__ligand3145-0
137,XADQOJ__ligand7915-0
138,XADQOJ__ligand38-0
139,XADQOJ__ligand5548-0
140,XADQOJ__ligand436-0
141,XADQOJ__ligand6686-0
142,XADQOJ__ligand1747-0
143,XADQOJ__ligand2098-0
144,XADQOJ__ligand6502-0
145,XADQOJ__ligand326-0
146,XADQOJ__ligand40-0
147,XADQOJ__ligand821-0
148,XADQOJ__ligand2863-0
149,XADQOJ__ligand283-0
150,XADQOJ__ligand3178-0
151,XADQOJ__ligand6332-0
152,XADQOJ__ligand553-0
153,XADQOJ__ligand10114-0
154,XADQOJ__ligand1818-0
155,XADQOJ__ligand442-0
156,XADQOJ__ligand868-0
157,XADQOJ__ligand136-0
158,XADQOJ__ligand7456-0
159,XADQOJ__ligand5758-0
160,XADQOJ__ligand34-0
161,XADQOJ__ligand3852-0
162,XADQOJ__ligand783-0
163,XADQOJ__ligand352-0
164,XADQOJ__ligand3478-0
165,XADQOJ__ligand10479-0
166,XADQOJ__ligand296-0
167,XADQOJ__ligand9176-0
168,XADQOJ__ligand197-0
169,XADQOJ__ligand1493-0
170,XADQOJ__ligand2718-0
171,XADQOJ__ligand55-0
172,XADQOJ__ligand3035-0
173,XADQOJ__ligand3070-0
174,XADQOJ__ligand6143-0
175,XADQOJ__ligand5235-0
176,XADQOJ__ligand95-0
177,XADQOJ__ligand4619-0
178,XADQOJ__ligand3251-0
179,XADQOJ__ligand112-0
180,XADQOJ__ligand798-0
181,XADQOJ__ligand1038-0
182,XADQOJ__ligand421-0
183,XADQOJ__ligand2762-0
184,XADQOJ__ligand5093-0
185,XADQOJ__ligand916-0
186,XADQOJ__ligand2954-0
187,XADQOJ__ligand584-0
188,XADQOJ__ligand1160-0
189,XADQOJ__ligand2253-0
190,XADQOJ__ligand993-0
191,XADQOJ__ligand14530-0
192,XADQOJ__ligand294-0
193,XADQOJ__ligand57-0
194,XADQOJ__ligand7550-0
195,XADQOJ__ligand331-0
196,XADQOJ__ligand1555-0
197,XADQOJ__ligand109-0
198,XADQOJ__ligand525-0
199,XADQOJ__ligand560-0
200,XADQOJ__ligand1285-0
201,XADQOJ__ligand73-0
202,XADQOJ__ligand7630-0
203,XADQOJ__ligand390-0
204,XADQOJ__ligand3890-0
205,XADQOJ__ligand10910-0
206,XADQOJ__ligand1907-0
207,XADQOJ__ligand235-0
208,XADQOJ__ligand4423-0
209,XADQOJ__ligand134-0
210,XADQOJ__ligand932-0
211,XADQOJ__ligand32-0
212,XADQOJ__ligand311-0
213,XADQOJ__ligand2526-0
214,XADQOJ__ligand1551-0
215,XADQOJ__ligand1690-0
216,XADQOJ__ligand188-0
217,XADQOJ__ligand444-0
218,XADQOJ__ligand369-0
219,XADQOJ__ligand2707-0
220,XADQOJ__ligand250-0
221,XADQOJ__ligand3-0
222,XADQOJ__ligand2915-0
223,XADQOJ__ligand460-0
224,XADQOJ__ligand370-0
225,XADQOJ__ligand3196-0
226,XADQOJ__ligand4012-0
227,XADQOJ__ligand830-0
228,XADQOJ__ligand51-0
229,XADQOJ__ligand193-0
230,XADQOJ__ligand1918-0
231,XADQOJ__ligand955-0
232,XADQOJ__ligand1-0
233,XADQOJ__ligand2255-0
234,XADQOJ__ligand252-0
235,XADQOJ__ligand4175-0
236,XADQOJ__ligand91-0
237,XADQOJ__ligand29-0
238,XADQOJ__ligand177-0
239,XADQOJ__ligand934-0
240,XADQOJ__ligand2618-0
241,XADQOJ__ligand3618-0
242,XADQOJ__ligand48-0
243,XADQOJ__ligand1436-0
244,XADQOJ__ligand851-0
245,XADQOJ__ligand909-0
246,XADQOJ__ligand4370-0
247,XADQOJ__ligand7514-0
248,XADQOJ__ligand3337-0
249,XADQOJ__ligand15630-0
250,XADQOJ__ligand1449-1
251,XADQOJ__ligand4811-0
252,XADQOJ__ligand10357-0
253,XADQOJ__ligand1260-0
254,XADQOJ__ligand4894-0
255,XADQOJ__ligand6-0
256,XADQOJ__ligand9620-0
257,XADQOJ__ligand210-0
258,XADQOJ__ligand170-0
259,XADQOJ__ligand391-0
260,XADQOJ__ligand1788-0
261,XADQOJ__ligand314-0
262,XADQOJ__ligand481-0
263,XADQOJ__ligand1321-0
264,XADQOJ__ligand3566-0
265,XADQOJ__ligand1178-0
266,XADQOJ__ligand2853-0
267,XADQOJ__ligand3853-0
268,XADQOJ__ligand353-0
269,XADQOJ__ligand2599-0
270,XADQOJ__ligand5089-0
271,XADQOJ__ligand1246-0
272,XADQOJ__ligand236-0
273,XADQOJ__ligand6166-0
274,XADQOJ__ligand4-0
275,XADQOJ__ligand113-0
276,XADQOJ__ligand422-0
277,XADQOJ__ligand11-0
278,XADQOJ__ligand1307-0
279,XADQOJ__ligand196-0
280,XADQOJ__ligand502-0
281,XADQOJ__ligand1712-0
282,XADQOJ__ligand2110-0
283,XADQOJ__ligand2916-0
284,XADQOJ__ligand3579-0
285,XADQOJ__ligand682-0
286,XADQOJ__ligand1919-0
287,XADQOJ__ligand2389-0
288,XADQOJ__ligand666-0
289,XADQOJ__ligand5334-0
290,XADQOJ__ligand522-0
291,XADQOJ__ligand2315-0
292,XADQOJ__ligand89-0
293,XADQOJ__ligand2480-0
294,XADQOJ__ligand487-0
295,XADQOJ__ligand3051-0
296,XADQOJ__ligand4504-0
297,XADQOJ__ligand1898-0
298,XADQOJ__ligand8032-0
299,XADQOJ__ligand49-0
300,XADQOJ__ligand1858-0
301,XADQOJ__ligand447-0
302,XADQOJ__ligand133-0
303,XADQOJ__ligand2442-0
304,XADQOJ__ligand1019-0
305,XADQOJ__ligand1104-0
306,XADQOJ__ligand5762-0
307,XADQOJ__ligand7414-0
308,XADQOJ__ligand2482-0
309,XADQOJ__ligand485-0
310,XADQOJ__ligand1325-0
311,XADQOJ__ligand784-0
312,XADQOJ__ligand355-0
313,XADQOJ__ligand6571-0
314,XADQOJ__ligand2929-0
315,XADQOJ__ligand291-0
316,XADQOJ__ligand2376-0
317,XADQOJ__ligand17-0
318,XADQOJ__ligand1379-0
319,XADQOJ__ligand92-0
320,XADQOJ__ligand6430-0
321,XADQOJ__ligand1299-0
322,XADQOJ__ligand1264-0
323,XADQOJ__ligand1221-0
324,XADQOJ__ligand115-0
