,TMC
0,SUHYAV__ligand2863-0
1,SUHYAV__ligand38-0
2,SUHYAV__ligand422-0
3,SUHYAV__ligand2098-0
4,SUHYAV__ligand6502-0
5,SUHYAV__ligand6332-0
6,SUHYAV__ligand113-0
7,SUHYAV__ligand3178-0
8,SUHYAV__ligand4-0
9,SUHYAV__ligand3145-0
10,SUHYAV__ligand502-0
11,SUHYAV__ligand196-0
12,SUHYAV__ligand1747-0
13,SUHYAV__ligand40-0
14,SUHYAV__ligand6686-0
15,SUHYAV__ligand7915-0
16,SUHYAV__ligand5548-0
17,SUHYAV__ligand2751-0
18,SUHYAV__ligand353-0
19,SUHYAV__ligand21-0
20,SUHYAV__ligand3041-0
21,SUHYAV__ligand2634-0
22,SUHYAV__ligand1542-0
23,SUHYAV__ligand236-0
24,SUHYAV__ligand391-0
25,SUHYAV__ligand9244-0
26,SUHYAV__ligand170-0
27,SUHYAV__ligand1228-0
28,SUHYAV__ligand1538-0
29,SUHYAV__ligand1114-0
30,SUHYAV__ligand66-0
31,SUHYAV__ligand314-0
32,SUHYAV__ligand481-0
33,SUHYAV__ligand3246-0
34,SUHYAV__ligand1479-0
35,SUHYAV__ligand6-0
36,SUHYAV__ligand1148-0
37,SUHYAV__ligand210-0
38,SUHYAV__ligand291-0
39,SUHYAV__ligand1171-0
40,SUHYAV__ligand5801-0
41,SUHYAV__ligand115-0
42,SUHYAV__ligand86-0
43,SUHYAV__ligand3063-0
44,SUHYAV__ligand1438-0
45,SUHYAV__ligand1544-0
46,SUHYAV__ligand1459-0
47,SUHYAV__ligand3757-0
48,SUHYAV__ligand485-0
49,SUHYAV__ligand62-0
50,SUHYAV__ligand2087-0
51,SUHYAV__ligand784-0
52,SUHYAV__ligand355-0
53,SUHYAV__ligand1048-0
54,SUHYAV__ligand1685-0
55,SUHYAV__ligand6277-0
56,SUHYAV__ligand487-0
57,SUHYAV__ligand1687-0
58,SUHYAV__ligand666-0
59,SUHYAV__ligand1951-0
60,SUHYAV__ligand522-0
61,SUHYAV__ligand2259-0
62,SUHYAV__ligand2688-0
63,SUHYAV__ligand133-0
64,SUHYAV__ligand1376-0
65,SUHYAV__ligand2768-0
66,SUHYAV__ligand18-0
67,SUHYAV__ligand447-0
68,SUHYAV__ligand682-0
69,SUHYAV__ligand3734-0
70,SUHYAV__ligand1706-0
71,SUHYAV__ligand4381-0
72,SUHYAV__ligand2629-0
73,SUHYAV__ligand67-0
74,SUHYAV__ligand109-0
75,SUHYAV__ligand560-0
76,SUHYAV__ligand525-0
77,SUHYAV__ligand235-0
78,SUHYAV__ligand3637-0
79,SUHYAV__ligand932-0
80,SUHYAV__ligand134-0
81,SUHYAV__ligand390-0
82,SUHYAV__ligand8774-0
83,SUHYAV__ligand916-0
84,SUHYAV__ligand584-0
85,SUHYAV__ligand1248-0
86,SUHYAV__ligand4303-0
87,SUHYAV__ligand1598-0
88,SUHYAV__ligand798-0
89,SUHYAV__ligand1054-0
90,SUHYAV__ligand421-0
91,SUHYAV__ligand6294-0
92,SUHYAV__ligand331-0
93,SUHYAV__ligand7464-0
94,SUHYAV__ligand993-0
95,SUHYAV__ligand294-0
96,SUHYAV__ligand1703-0
97,SUHYAV__ligand2430-0
98,SUHYAV__ligand296-0
99,SUHYAV__ligand2907-0
100,SUHYAV__ligand197-0
101,SUHYAV__ligand2510-0
102,SUHYAV__ligand2285-0
103,SUHYAV__ligand1567-0
104,SUHYAV__ligand112-0
105,SUHYAV__ligand8921-0
106,SUHYAV__ligand11730-0
107,SUHYAV__ligand2862-0
108,SUHYAV__ligand2320-0
109,SUHYAV__ligand1056-0
110,SUHYAV__ligand136-0
111,SUHYAV__ligand1607-0
112,SUHYAV__ligand442-0
113,SUHYAV__ligand868-0
114,SUHYAV__ligand783-0
115,SUHYAV__ligand352-0
116,SUHYAV__ligand1727-0
117,SUHYAV__ligand1152-0
118,SUHYAV__ligand4983-0
119,SUHYAV__ligand2794-0
120,SUHYAV__ligand2345-0
121,SUHYAV__ligand1835-0
122,SUHYAV__ligand934-0
123,SUHYAV__ligand177-0
124,SUHYAV__ligand1502-0
125,SUHYAV__ligand6396-0
126,SUHYAV__ligand909-0
127,SUHYAV__ligand1113-0
128,SUHYAV__ligand2265-0
129,SUHYAV__ligand851-0
130,SUHYAV__ligand9027-0
131,SUHYAV__ligand193-0
132,SUHYAV__ligand1273-0
133,SUHYAV__ligand830-0
134,SUHYAV__ligand45-0
135,SUHYAV__ligand78-0
136,SUHYAV__ligand1052-0
137,SUHYAV__ligand85-0
138,SUHYAV__ligand955-0
139,SUHYAV__ligand1-0
140,SUHYAV__ligand252-0
141,SUHYAV__ligand2864-0
142,SUHYAV__ligand460-0
143,SUHYAV__ligand250-0
144,SUHYAV__ligand3-0
145,SUHYAV__ligand2142-0
146,SUHYAV__ligand6538-0
147,SUHYAV__ligand370-0
148,SUHYAV__ligand9495-0
149,SUHYAV__ligand6151-0
150,SUHYAV__ligand2772-0
151,SUHYAV__ligand2838-0
152,SUHYAV__ligand1799-0
153,SUHYAV__ligand3838-0
154,SUHYAV__ligand2880-0
155,SUHYAV__ligand5941-0
156,SUHYAV__ligand311-0
157,SUHYAV__ligand444-0
158,SUHYAV__ligand369-0
159,SUHYAV__ligand5022-0
160,SUHYAV__ligand188-0
161,SUHYAV__ligand1169-0
162,SUHYAV__ligand365-0
163,SUHYAV__ligand17-0
164,SUHYAV__ligand1379-0
165,SUHYAV__ligand1221-0
166,SUHYAV__ligand1264-0
167,SUHYAV__ligand278-0
168,SUHYAV__ligand6430-0
169,SUHYAV__ligand1299-0
170,SUHYAV__ligand2929-0
171,SUHYAV__ligand669-0
172,SUHYAV__ligand92-0
173,SUHYAV__ligand358-0
174,SUHYAV__ligand2376-0
175,SUHYAV__ligand430-0
176,SUHYAV__ligand509-0
177,SUHYAV__ligand6571-0
178,SUHYAV__ligand1325-0
179,SUHYAV__ligand2482-0
180,SUHYAV__ligand2442-0
181,SUHYAV__ligand1019-0
182,SUHYAV__ligand571-0
183,SUHYAV__ligand7414-0
184,SUHYAV__ligand5762-0
185,SUHYAV__ligand1104-0
186,SUHYAV__ligand670-0
187,SUHYAV__ligand118-0
188,SUHYAV__ligand1858-0
189,SUHYAV__ligand89-0
190,SUHYAV__ligand8032-0
191,SUHYAV__ligand226-0
192,SUHYAV__ligand162-0
193,SUHYAV__ligand5334-0
194,SUHYAV__ligand4504-0
195,SUHYAV__ligand3051-0
196,SUHYAV__ligand2480-0
197,SUHYAV__ligand383-0
198,SUHYAV__ligand1898-0
199,SUHYAV__ligand2315-0
200,SUHYAV__ligand49-0
201,SUHYAV__ligand1919-0
202,SUHYAV__ligand2389-0
203,SUHYAV__ligand1712-0
204,SUHYAV__ligand3579-0
205,SUHYAV__ligand2916-0
206,SUHYAV__ligand2110-0
207,SUHYAV__ligand1307-0
208,SUHYAV__ligand436-0
209,SUHYAV__ligand206-0
210,SUHYAV__ligand142-0
211,SUHYAV__ligand283-0
212,SUHYAV__ligand553-0
213,SUHYAV__ligand11-0
214,SUHYAV__ligand326-0
215,SUHYAV__ligand821-0
216,SUHYAV__ligand532-0
217,SUHYAV__ligand918-0
218,SUHYAV__ligand1246-0
219,SUHYAV__ligand633-0
220,SUHYAV__ligand497-0
221,SUHYAV__ligand6166-0
222,SUHYAV__ligand3853-0
223,SUHYAV__ligand838-0
224,SUHYAV__ligand2853-0
225,SUHYAV__ligand5089-0
226,SUHYAV__ligand2599-0
227,SUHYAV__ligand166-0
228,SUHYAV__ligand1321-0
229,SUHYAV__ligand3566-0
230,SUHYAV__ligand199-0
231,SUHYAV__ligand1178-0
232,SUHYAV__ligand927-0
233,SUHYAV__ligand575-0
234,SUHYAV__ligand10357-0
235,SUHYAV__ligand15630-0
236,SUHYAV__ligand1788-0
237,SUHYAV__ligand4894-0
238,SUHYAV__ligand1260-0
239,SUHYAV__ligand9620-0
240,SUHYAV__ligand361-0
241,SUHYAV__ligand324-0
242,SUHYAV__ligand409-0
243,SUHYAV__ligand3337-0
244,SUHYAV__ligand7514-0
245,SUHYAV__ligand105-0
246,SUHYAV__ligand140-0
247,SUHYAV__ligand4811-0
248,SUHYAV__ligand1449-1
249,SUHYAV__ligand48-0
250,SUHYAV__ligand126-0
251,SUHYAV__ligand4370-0
252,SUHYAV__ligand3618-0
253,SUHYAV__ligand2618-0
254,SUHYAV__ligand1436-0
255,SUHYAV__ligand187-0
256,SUHYAV__ligand2255-0
257,SUHYAV__ligand612-0
258,SUHYAV__ligand861-0
259,SUHYAV__ligand4175-0
260,SUHYAV__ligand51-0
261,SUHYAV__ligand366-0
262,SUHYAV__ligand29-0
263,SUHYAV__ligand91-0
264,SUHYAV__ligand596-0
265,SUHYAV__ligand1918-0
266,SUHYAV__ligand244-0
267,SUHYAV__ligand201-0
268,SUHYAV__ligand4012-0
269,SUHYAV__ligand3196-0
270,SUHYAV__ligand100-0
271,SUHYAV__ligand2915-0
272,SUHYAV__ligand178-0
273,SUHYAV__ligand279-0
274,SUHYAV__ligand321-0
275,SUHYAV__ligand1690-0
276,SUHYAV__ligand119-0
277,SUHYAV__ligand2707-0
278,SUHYAV__ligand32-0
279,SUHYAV__ligand1551-0
280,SUHYAV__ligand124-0
281,SUHYAV__ligand2526-0
282,SUHYAV__ligand14530-0
283,SUHYAV__ligand73-0
284,SUHYAV__ligand3890-0
285,SUHYAV__ligand4423-0
286,SUHYAV__ligand1907-0
287,SUHYAV__ligand1285-0
288,SUHYAV__ligand1555-0
289,SUHYAV__ligand120-0
290,SUHYAV__ligand384-0
291,SUHYAV__ligand7630-0
292,SUHYAV__ligand141-0
293,SUHYAV__ligand10910-0
294,SUHYAV__ligand240-0
295,SUHYAV__ligand7550-0
296,SUHYAV__ligand2762-0
297,SUHYAV__ligand1038-0
298,SUHYAV__ligand57-0
299,SUHYAV__ligand2253-0
300,SUHYAV__ligand1160-0
301,SUHYAV__ligand2954-0
302,SUHYAV__ligand5093-0
303,SUHYAV__ligand55-0
304,SUHYAV__ligand4619-0
305,SUHYAV__ligand5235-0
306,SUHYAV__ligand6143-0
307,SUHYAV__ligand3251-0
308,SUHYAV__ligand10114-0
309,SUHYAV__ligand9176-0
310,SUHYAV__ligand2718-0
311,SUHYAV__ligand3070-0
312,SUHYAV__ligand95-0
313,SUHYAV__ligand3035-0
314,SUHYAV__ligand1493-0
315,SUHYAV__ligand5758-0
316,SUHYAV__ligand3478-0
317,SUHYAV__ligand3852-0
318,SUHYAV__ligand757-0
319,SUHYAV__ligand10479-0
320,SUHYAV__ligand1818-0
321,SUHYAV__ligand797-0
322,SUHYAV__ligand34-0
323,SUHYAV__ligand7456-0
324,SUHYAV__ligand8-0
