,TMC
0,DOBGUW__ligand3042-0
1,DOBGUW__ligand784-0
2,DOBGUW__ligand78-0
3,DOBGUW__ligand30142-0
4,DOBGUW__ligand7438-0
5,DOBGUW__ligand8200-0
6,DOBGUW__ligand4063-0
7,DOBGUW__ligand27669-0
8,DOBGUW__ligand13477-0
9,DOBGUW__ligand14167-0
10,DOBGUW__ligand1539-0
11,DOBGUW__ligand1150-0
12,DOBGUW__ligand45-0
13,DOBGUW__ligand29029-0
14,DOBGUW__ligand27285-0
15,DOBGUW__ligand368-0
16,DOBGUW__ligand3453-0
17,DOBGUW__ligand3416-0
18,DOBGUW__ligand23197-0
19,DOBGUW__ligand4207-0
20,DOBGUW__ligand395-0
21,DOBGUW__ligand1288-0
22,DOBGUW__ligand10371-0
23,DOBGUW__ligand24-0
24,DOBGUW__ligand115-0
25,DOBGUW__ligand4266-0
26,DOBGUW__ligand1400-0
27,DOBGUW__ligand28685-0
28,DOBGUW__ligand18568-0
29,DOBGUW__ligand9491-0
30,DOBGUW__ligand4167-0
31,DOBGUW__ligand13672-0
32,DOBGUW__ligand1779-0
33,DOBGUW__ligand6993-0
34,DOBGUW__ligand1817-0
35,DOBGUW__ligand9750-0
36,DOBGUW__ligand19184-0
37,DOBGUW__ligand833-0
38,DOBGUW__ligand7075-0
39,DOBGUW__ligand18448-0
40,DOBGUW__ligand12453-0
41,DOBGUW__ligand28459-0
42,DOBGUW__ligand3980-0
43,DOBGUW__ligand3557-0
44,DOBGUW__ligand19-0
45,DOBGUW__ligand1149-0
46,DOBGUW__ligand1786-0
47,DOBGUW__ligand11682-0
48,DOBGUW__ligand5630-0
49,DOBGUW__ligand20207-0
50,DOBGUW__ligand30711-0
51,DOBGUW__ligand1908-0
52,DOBGUW__ligand506-0
53,DOBGUW__ligand25913-0
54,DOBGUW__ligand16988-0
55,DOBGUW__ligand4795-0
56,DOBGUW__ligand3285-0
57,DOBGUW__ligand152-0
58,DOBGUW__ligand3144-0
59,DOBGUW__ligand14614-0
60,DOBGUW__ligand5085-0
61,DOBGUW__ligand4710-0
62,DOBGUW__ligand16663-0
63,DOBGUW__ligand5755-0
64,DOBGUW__ligand31842-0
65,DOBGUW__ligand31044-0
66,DOBGUW__ligand1828-0
67,DOBGUW__ligand1397-0
68,DOBGUW__ligand11994-0
69,DOBGUW__ligand7213-0
70,DOBGUW__ligand8042-0
71,DOBGUW__ligand24035-0
72,DOBGUW__ligand6112-0
73,DOBGUW__ligand5019-0
74,DOBGUW__ligand15531-0
75,DOBGUW__ligand1152-0
76,DOBGUW__ligand3261-0
77,DOBGUW__ligand28743-0
78,DOBGUW__ligand11357-0
79,DOBGUW__ligand13862-0
80,DOBGUW__ligand176-0
81,DOBGUW__ligand10056-0
82,DOBGUW__ligand1216-0
83,DOBGUW__ligand12365-0
84,DOBGUW__ligand746-0
85,DOBGUW__ligand21919-0
86,DOBGUW__ligand28930-0
87,DOBGUW__ligand22168-0
88,DOBGUW__ligand447-0
89,DOBGUW__ligand22294-0
90,DOBGUW__ligand1849-0
91,DOBGUW__ligand5280-0
92,DOBGUW__ligand5614-0
93,DOBGUW__ligand1831-0
94,DOBGUW__ligand15883-0
95,DOBGUW__ligand11970-0
96,DOBGUW__ligand5515-0
97,DOBGUW__ligand6663-0
98,DOBGUW__ligand487-0
99,DOBGUW__ligand15926-0
100,DOBGUW__ligand10828-0
101,DOBGUW__ligand19792-0
102,DOBGUW__ligand11096-0
103,DOBGUW__ligand11447-0
104,DOBGUW__ligand28810-0
105,DOBGUW__ligand24230-0
106,DOBGUW__ligand22129-0
107,DOBGUW__ligand24780-0
108,DOBGUW__ligand12138-0
109,DOBGUW__ligand393-0
110,DOBGUW__ligand5201-0
111,DOBGUW__ligand11949-0
112,DOBGUW__ligand8553-0
113,DOBGUW__ligand25561-0
114,DOBGUW__ligand1113-0
115,DOBGUW__ligand43-0
116,DOBGUW__ligand29486-0
117,DOBGUW__ligand9944-0
118,DOBGUW__ligand31694-0
119,DOBGUW__ligand8593-0
120,DOBGUW__ligand2001-0
121,DOBGUW__ligand17427-0
122,DOBGUW__ligand7566-0
123,DOBGUW__ligand353-0
124,DOBGUW__ligand22444-0
125,DOBGUW__ligand24111-0
126,DOBGUW__ligand2650-0
127,DOBGUW__ligand2281-0
128,DOBGUW__ligand4340-0
129,DOBGUW__ligand14569-0
130,DOBGUW__ligand13385-0
131,DOBGUW__ligand196-0
132,DOBGUW__ligand3180-0
133,DOBGUW__ligand6995-0
134,DOBGUW__ligand17396-0
135,DOBGUW__ligand15788-0
136,DOBGUW__ligand23175-0
137,DOBGUW__ligand2823-0
138,DOBGUW__ligand13220-0
139,DOBGUW__ligand11587-0
140,DOBGUW__ligand24872-0
141,DOBGUW__ligand27840-0
142,DOBGUW__ligand3471-0
143,DOBGUW__ligand4161-0
144,DOBGUW__ligand422-0
145,DOBGUW__ligand30728-0
146,DOBGUW__ligand4124-0
147,DOBGUW__ligand12001-0
148,DOBGUW__ligand686-0
149,DOBGUW__ligand67-0
150,DOBGUW__ligand10033-0
151,DOBGUW__ligand5415-0
152,DOBGUW__ligand24644-0
153,DOBGUW__ligand465-0
154,DOBGUW__ligand1028-0
155,DOBGUW__ligand4262-0
156,DOBGUW__ligand29215-0
157,DOBGUW__ligand10872-0
158,DOBGUW__ligand21399-0
159,DOBGUW__ligand16148-0
160,DOBGUW__ligand26631-0
161,DOBGUW__ligand1618-0
162,DOBGUW__ligand12003-0
163,DOBGUW__ligand2692-0
164,DOBGUW__ligand314-1
165,DOBGUW__ligand22403-0
166,DOBGUW__ligand16369-0
167,DOBGUW__ligand11111-0
168,DOBGUW__ligand2027-0
169,DOBGUW__ligand28540-0
170,DOBGUW__ligand20695-0
171,DOBGUW__ligand27754-0
172,DOBGUW__ligand1015-0
173,DOBGUW__ligand1050-0
174,DOBGUW__ligand26529-0
175,DOBGUW__ligand1169-0
176,DOBGUW__ligand8529-0
177,DOBGUW__ligand314-0
178,DOBGUW__ligand780-0
179,DOBGUW__ligand813-0
180,DOBGUW__ligand11618-0
181,DOBGUW__ligand26324-0
182,DOBGUW__ligand28559-0
183,DOBGUW__ligand391-0
184,DOBGUW__ligand14043-0
185,DOBGUW__ligand19927-0
186,DOBGUW__ligand1498-0
187,DOBGUW__ligand4596-0
188,DOBGUW__ligand1154-0
189,DOBGUW__ligand27239-0
190,DOBGUW__ligand21729-0
191,DOBGUW__ligand9615-0
192,DOBGUW__ligand618-0
193,DOBGUW__ligand5649-0
194,DOBGUW__ligand2788-0
195,DOBGUW__ligand8793-0
196,DOBGUW__ligand31000-0
197,DOBGUW__ligand4649-0
198,DOBGUW__ligand11606-0
199,DOBGUW__ligand116-0
200,DOBGUW__ligand2906-0
201,DOBGUW__ligand20821-0
202,DOBGUW__ligand3244-0
203,DOBGUW__ligand4711-0
204,DOBGUW__ligand252-0
205,DOBGUW__ligand26673-0
206,DOBGUW__ligand18067-0
207,DOBGUW__ligand19824-0
208,DOBGUW__ligand4807-0
209,DOBGUW__ligand193-0
210,DOBGUW__ligand3178-0
211,DOBGUW__ligand5530-0
212,DOBGUW__ligand13260-0
213,DOBGUW__ligand830-0
214,DOBGUW__ligand1787-0
215,DOBGUW__ligand10582-0
216,DOBGUW__ligand1356-0
217,DOBGUW__ligand9753-0
218,DOBGUW__ligand7196-0
219,DOBGUW__ligand11252-0
220,DOBGUW__ligand372-0
221,DOBGUW__ligand5159-0
222,DOBGUW__ligand6017-0
223,DOBGUW__ligand17686-0
224,DOBGUW__ligand25658-0
225,DOBGUW__ligand909-0
226,DOBGUW__ligand31205-0
227,DOBGUW__ligand7316-0
228,DOBGUW__ligand5708-0
229,DOBGUW__ligand15455-0
230,DOBGUW__ligand11177-0
231,DOBGUW__ligand5180-0
232,DOBGUW__ligand7172-0
233,DOBGUW__ligand11622-0
234,DOBGUW__ligand7273-0
235,DOBGUW__ligand16870-0
236,DOBGUW__ligand9323-0
237,DOBGUW__ligand1116-0
238,DOBGUW__ligand1153-0
239,DOBGUW__ligand3225-0
240,DOBGUW__ligand16603-0
241,DOBGUW__ligand2260-0
242,DOBGUW__ligand7092-0
243,DOBGUW__ligand8612-0
244,DOBGUW__ligand177-0
245,DOBGUW__ligand2124-0
246,DOBGUW__ligand11814-0
247,DOBGUW__ligand11698-0
248,DOBGUW__ligand20530-0
249,DOBGUW__ligand14302-0
250,DOBGUW__ligand2417-0
251,DOBGUW__ligand14347-0
252,DOBGUW__ligand13657-0
253,DOBGUW__ligand24851-0
254,DOBGUW__ligand10853-0
255,DOBGUW__ligand6391-0
256,DOBGUW__ligand3126-0
257,DOBGUW__ligand29441-0
258,DOBGUW__ligand9284-0
259,DOBGUW__ligand1114-0
260,DOBGUW__ligand11479-0
261,DOBGUW__ligand10479-0
262,DOBGUW__ligand27610-0
263,DOBGUW__ligand188-0
264,DOBGUW__ligand29813-0
265,DOBGUW__ligand16952-0
266,DOBGUW__ligand1604-0
267,DOBGUW__ligand564-0
268,DOBGUW__ligand370-1
269,DOBGUW__ligand1228-0
270,DOBGUW__ligand9943-0
271,DOBGUW__ligand620-0
272,DOBGUW__ligand2043-0
273,DOBGUW__ligand15387-0
274,DOBGUW__ligand20121-0
275,DOBGUW__ligand8788-0
276,DOBGUW__ligand1832-0
277,DOBGUW__ligand785-0
278,DOBGUW__ligand311-0
279,DOBGUW__ligand479-0
280,DOBGUW__ligand20220-0
281,DOBGUW__ligand8-0
282,DOBGUW__ligand2612-0
283,DOBGUW__ligand1599-0
284,DOBGUW__ligand18-0
285,DOBGUW__ligand9450-0
286,DOBGUW__ligand370-0
287,DOBGUW__ligand10151-0
288,DOBGUW__ligand19668-0
289,DOBGUW__ligand19906-0
290,DOBGUW__ligand1289-0
291,DOBGUW__ligand250-0
292,DOBGUW__ligand5387-0
293,DOBGUW__ligand2203-0
294,DOBGUW__ligand22353-0
295,DOBGUW__ligand7291-0
296,DOBGUW__ligand17445-0
297,DOBGUW__ligand3677-1
298,DOBGUW__ligand9883-0
299,DOBGUW__ligand17069-0
300,DOBGUW__ligand14477-0
301,DOBGUW__ligand2985-0
302,DOBGUW__ligand4007-0
303,DOBGUW__ligand11798-0
304,DOBGUW__ligand29334-0
305,DOBGUW__ligand294-0
306,DOBGUW__ligand9299-0
307,DOBGUW__ligand12413-0
308,DOBGUW__ligand20731-0
309,DOBGUW__ligand11758-0
310,DOBGUW__ligand22357-0
311,DOBGUW__ligand3945-0
312,DOBGUW__ligand685-0
313,DOBGUW__ligand2693-0
314,DOBGUW__ligand5383-0
315,DOBGUW__ligand21448-0
316,DOBGUW__ligand421-0
317,DOBGUW__ligand11544-0
318,DOBGUW__ligand11501-0
319,DOBGUW__ligand9344-0
320,DOBGUW__ligand3736-0
321,DOBGUW__ligand29214-0
322,DOBGUW__ligand8000-0
323,DOBGUW__ligand235-0
324,DOBGUW__ligand6892-0
325,DOBGUW__ligand134-0
326,DOBGUW__ligand1211-0
327,DOBGUW__ligand27550-0
328,DOBGUW__ligand18019-1
329,DOBGUW__ligand3712-0
330,DOBGUW__ligand1464-0
331,DOBGUW__ligand14007-0
332,DOBGUW__ligand1499-0
333,DOBGUW__ligand2881-0
334,DOBGUW__ligand18158-0
335,DOBGUW__ligand27771-0
336,DOBGUW__ligand6699-0
337,DOBGUW__ligand29565-0
338,DOBGUW__ligand23682-0
339,DOBGUW__ligand3677-0
340,DOBGUW__ligand3632-0
341,DOBGUW__ligand38-0
342,DOBGUW__ligand1168-0
343,DOBGUW__ligand16956-0
344,DOBGUW__ligand21339-0
345,DOBGUW__ligand14226-0
346,DOBGUW__ligand1294-0
347,DOBGUW__ligand560-0
348,DOBGUW__ligand20942-1
349,DOBGUW__ligand9773-0
350,DOBGUW__ligand5510-0
351,DOBGUW__ligand13691-0
352,DOBGUW__ligand1376-0
353,DOBGUW__ligand30788-0
354,DOBGUW__ligand14339-0
355,DOBGUW__ligand783-0
356,DOBGUW__ligand352-0
357,DOBGUW__ligand1296-0
358,DOBGUW__ligand2259-0
359,DOBGUW__ligand1197-0
360,DOBGUW__ligand8592-0
361,DOBGUW__ligand5099-0
362,DOBGUW__ligand21752-0
363,DOBGUW__ligand24624-0
364,DOBGUW__ligand20844-0
365,DOBGUW__ligand4358-0
366,DOBGUW__ligand18413-0
367,DOBGUW__ligand3926-0
368,DOBGUW__ligand3120-0
369,DOBGUW__ligand24560-0
370,DOBGUW__ligand18757-0
371,DOBGUW__ligand42-0
372,DOBGUW__ligand2221-0
373,DOBGUW__ligand4101-0
374,DOBGUW__ligand5595-0
375,DOBGUW__ligand868-0
376,DOBGUW__ligand66-0
377,DOBGUW__ligand5080-0
378,DOBGUW__ligand7762-0
379,DOBGUW__ligand8002-0
380,DOBGUW__ligand5509-0
381,DOBGUW__ligand6117-0
382,DOBGUW__ligand1407-0
383,DOBGUW__ligand20557-0
384,DOBGUW__ligand30004-0
385,DOBGUW__ligand7293-0
386,DOBGUW__ligand2822-0
387,DOBGUW__ligand3867-0
388,DOBGUW__ligand25048-0
389,DOBGUW__ligand1317-0
390,DOBGUW__ligand21940-0
391,DOBGUW__ligand9167-0
392,DOBGUW__ligand23445-0
393,DOBGUW__ligand24953-0
394,DOBGUW__ligand5304-0
395,DOBGUW__ligand20432-0
396,DOBGUW__ligand27122-0
397,DOBGUW__ligand2238-0
398,DOBGUW__ligand13755-0
399,DOBGUW__ligand16133-0
400,DOBGUW__ligand197-0
401,DOBGUW__ligand12295-0
402,DOBGUW__ligand27835-0
403,DOBGUW__ligand7126-0
404,DOBGUW__ligand8835-0
405,DOBGUW__ligand2028-0
406,DOBGUW__ligand25575-0
407,DOBGUW__ligand21787-0
408,DOBGUW__ligand3234-0
409,DOBGUW__ligand1142-0
410,DOBGUW__ligand25689-0
411,DOBGUW__ligand57-0
412,DOBGUW__ligand30539-0
413,DOBGUW__ligand633-0
414,DOBGUW__ligand21132-0
415,DOBGUW__ligand497-0
416,DOBGUW__ligand11166-0
417,DOBGUW__ligand23906-0
418,DOBGUW__ligand4641-0
419,DOBGUW__ligand6067-0
420,DOBGUW__ligand1577-0
421,DOBGUW__ligand2295-0
422,DOBGUW__ligand326-0
423,DOBGUW__ligand4620-0
424,DOBGUW__ligand11206-0
425,DOBGUW__ligand23124-0
426,DOBGUW__ligand12519-0
427,DOBGUW__ligand25735-0
428,DOBGUW__ligand19257-0
429,DOBGUW__ligand13209-0
430,DOBGUW__ligand6102-0
431,DOBGUW__ligand6596-0
432,DOBGUW__ligand6904-0
433,DOBGUW__ligand3721-0
434,DOBGUW__ligand12660-0
435,DOBGUW__ligand3465-0
436,DOBGUW__ligand436-0
437,DOBGUW__ligand692-0
438,DOBGUW__ligand2917-0
439,DOBGUW__ligand31248-0
440,DOBGUW__ligand25650-0
441,DOBGUW__ligand7819-0
442,DOBGUW__ligand6244-0
443,DOBGUW__ligand28668-0
444,DOBGUW__ligand16791-0
445,DOBGUW__ligand1378-0
446,DOBGUW__ligand18465-0
447,DOBGUW__ligand2915-0
448,DOBGUW__ligand18799-0
449,DOBGUW__ligand3156-0
450,DOBGUW__ligand34-0
451,DOBGUW__ligand1631-0
452,DOBGUW__ligand29863-0
453,DOBGUW__ligand13869-0
454,DOBGUW__ligand18074-0
455,DOBGUW__ligand1575-0
456,DOBGUW__ligand1530-0
457,DOBGUW__ligand9933-0
458,DOBGUW__ligand11140-0
459,DOBGUW__ligand9441-0
460,DOBGUW__ligand409-0
461,DOBGUW__ligand324-0
462,DOBGUW__ligand361-0
463,DOBGUW__ligand29610-0
464,DOBGUW__ligand2332-0
465,DOBGUW__ligand9111-0
466,DOBGUW__ligand9952-0
467,DOBGUW__ligand588-0
468,DOBGUW__ligand12467-0
469,DOBGUW__ligand68-0
470,DOBGUW__ligand25267-0
471,DOBGUW__ligand10084-0
472,DOBGUW__ligand1615-0
473,DOBGUW__ligand5036-0
474,DOBGUW__ligand2526-0
475,DOBGUW__ligand300-0
476,DOBGUW__ligand1823-0
477,DOBGUW__ligand5643-0
478,DOBGUW__ligand23904-0
479,DOBGUW__ligand1324-0
480,DOBGUW__ligand13257-0
481,DOBGUW__ligand8721-0
482,DOBGUW__ligand21936-0
483,DOBGUW__ligand25805-0
484,DOBGUW__ligand22981-0
485,DOBGUW__ligand7967-0
486,DOBGUW__ligand20599-0
487,DOBGUW__ligand6124-0
488,DOBGUW__ligand3707-0
489,DOBGUW__ligand27074-0
490,DOBGUW__ligand1018-0
491,DOBGUW__ligand4116-0
492,DOBGUW__ligand14523-0
493,DOBGUW__ligand27169-0
494,DOBGUW__ligand55-0
495,DOBGUW__ligand199-0
496,DOBGUW__ligand18391-0
497,DOBGUW__ligand8992-0
498,DOBGUW__ligand9601-0
499,DOBGUW__ligand12682-0
500,DOBGUW__ligand4546-0
501,DOBGUW__ligand18699-0
502,DOBGUW__ligand4503-0
503,DOBGUW__ligand17590-0
504,DOBGUW__ligand571-0
505,DOBGUW__ligand1285-0
506,DOBGUW__ligand534-0
507,DOBGUW__ligand8115-0
508,DOBGUW__ligand6768-0
509,DOBGUW__ligand670-0
510,DOBGUW__ligand17240-0
511,DOBGUW__ligand1982-0
512,DOBGUW__ligand91-0
513,DOBGUW__ligand7000-0
514,DOBGUW__ligand2176-0
515,DOBGUW__ligand12336-0
516,DOBGUW__ligand9291-0
517,DOBGUW__ligand2232-0
518,DOBGUW__ligand13072-0
519,DOBGUW__ligand51-0
520,DOBGUW__ligand4157-0
521,DOBGUW__ligand9833-0
522,DOBGUW__ligand7648-0
523,DOBGUW__ligand8876-0
524,DOBGUW__ligand2828-0
525,DOBGUW__ligand5256-0
526,DOBGUW__ligand9520-0
527,DOBGUW__ligand19725-0
528,DOBGUW__ligand8699-0
529,DOBGUW__ligand1160-0
530,DOBGUW__ligand694-0
531,DOBGUW__ligand24613-0
532,DOBGUW__ligand3954-0
533,DOBGUW__ligand4093-0
534,DOBGUW__ligand4442-0
535,DOBGUW__ligand4272-0
536,DOBGUW__ligand1451-0
537,DOBGUW__ligand488-0
538,DOBGUW__ligand7629-0
539,DOBGUW__ligand4-0
540,DOBGUW__ligand430-0
541,DOBGUW__ligand10555-0
542,DOBGUW__ligand358-0
543,DOBGUW__ligand9784-0
544,DOBGUW__ligand31483-0
545,DOBGUW__ligand11568-0
546,DOBGUW__ligand7238-0
547,DOBGUW__ligand17710-0
548,DOBGUW__ligand20579-0
549,DOBGUW__ligand1304-0
550,DOBGUW__ligand1790-0
551,DOBGUW__ligand7280-0
552,DOBGUW__ligand11774-0
553,DOBGUW__ligand7867-0
554,DOBGUW__ligand14586-0
555,DOBGUW__ligand6709-0
556,DOBGUW__ligand1219-0
557,DOBGUW__ligand4016-0
558,DOBGUW__ligand21421-0
559,DOBGUW__ligand48-0
560,DOBGUW__ligand6616-0
561,DOBGUW__ligand3035-0
562,DOBGUW__ligand1343-0
563,DOBGUW__ligand3876-0
564,DOBGUW__ligand3718-0
565,DOBGUW__ligand4661-0
566,DOBGUW__ligand1844-0
567,DOBGUW__ligand1959-0
568,DOBGUW__ligand22755-0
569,DOBGUW__ligand3504-0
570,DOBGUW__ligand10432-0
571,DOBGUW__ligand31618-0
572,DOBGUW__ligand11432-0
573,DOBGUW__ligand26277-0
574,DOBGUW__ligand29898-0
575,DOBGUW__ligand9935-0
576,DOBGUW__ligand656-0
577,DOBGUW__ligand1573-0
578,DOBGUW__ligand1536-0
579,DOBGUW__ligand9908-0
580,DOBGUW__ligand1263-0
581,DOBGUW__ligand15168-0
582,DOBGUW__ligand696-0
583,DOBGUW__ligand32-0
584,DOBGUW__ligand23589-0
585,DOBGUW__ligand7242-0
586,DOBGUW__ligand24064-0
587,DOBGUW__ligand7106-0
588,DOBGUW__ligand18703-0
589,DOBGUW__ligand4720-0
590,DOBGUW__ligand16-0
591,DOBGUW__ligand226-0
592,DOBGUW__ligand6839-0
593,DOBGUW__ligand29087-0
594,DOBGUW__ligand8969-0
595,DOBGUW__ligand162-0
596,DOBGUW__ligand3131-0
597,DOBGUW__ligand3937-0
598,DOBGUW__ligand1202-0
599,DOBGUW__ligand3174-0
600,DOBGUW__ligand5211-0
601,DOBGUW__ligand383-0
602,DOBGUW__ligand4155-0
603,DOBGUW__ligand28924-0
604,DOBGUW__ligand416-0
605,DOBGUW__ligand3094-0
606,DOBGUW__ligand15438-0
607,DOBGUW__ligand24750-0
608,DOBGUW__ligand6919-0
609,DOBGUW__ligand3852-0
610,DOBGUW__ligand2485-0
611,DOBGUW__ligand17207-0
612,DOBGUW__ligand1512-0
613,DOBGUW__ligand5331-0
614,DOBGUW__ligand31578-0
615,DOBGUW__ligand17945-0
616,DOBGUW__ligand3565-0
617,DOBGUW__ligand18013-0
618,DOBGUW__ligand25224-0
619,DOBGUW__ligand31097-0
620,DOBGUW__ligand21581-0
621,DOBGUW__ligand1469-0
622,DOBGUW__ligand3871-0
623,DOBGUW__ligand20251-0
624,DOBGUW__ligand20214-0
625,DOBGUW__ligand30702-0
626,DOBGUW__ligand1768-0
627,DOBGUW__ligand20539-0
628,DOBGUW__ligand4850-0
629,DOBGUW__ligand5056-0
630,DOBGUW__ligand3647-0
631,DOBGUW__ligand17261-0
632,DOBGUW__ligand5357-0
633,DOBGUW__ligand14117-0
634,DOBGUW__ligand1688-0
635,DOBGUW__ligand28789-0
636,DOBGUW__ligand3157-0
637,DOBGUW__ligand141-0
638,DOBGUW__ligand9525-0
639,DOBGUW__ligand17118-0
640,DOBGUW__ligand21371-0
641,DOBGUW__ligand1165-0
642,DOBGUW__ligand20419-0
643,DOBGUW__ligand240-0
644,DOBGUW__ligand1-0
645,DOBGUW__ligand5935-0
646,DOBGUW__ligand30851-0
647,DOBGUW__ligand14889-0
648,DOBGUW__ligand2722-0
649,DOBGUW__ligand1379-0
650,DOBGUW__ligand29568-0
651,DOBGUW__ligand11-0
652,DOBGUW__ligand5849-0
653,DOBGUW__ligand29414-0
654,DOBGUW__ligand17982-0
655,DOBGUW__ligand17278-0
656,DOBGUW__ligand20011-0
657,DOBGUW__ligand22557-0
658,DOBGUW__ligand10589-0
659,DOBGUW__ligand24047-0
660,DOBGUW__ligand11675-0
661,DOBGUW__ligand384-0
662,DOBGUW__ligand3392-0
663,DOBGUW__ligand20598-0
664,DOBGUW__ligand17398-0
665,DOBGUW__ligand1771-0
666,DOBGUW__ligand4911-0
667,DOBGUW__ligand8349-0
668,DOBGUW__ligand8464-0
669,DOBGUW__ligand1709-0
670,DOBGUW__ligand14703-0
671,DOBGUW__ligand16475-0
672,DOBGUW__ligand768-0
673,DOBGUW__ligand20251-1
674,DOBGUW__ligand69-0
675,DOBGUW__ligand2527-0
676,DOBGUW__ligand8722-0
677,DOBGUW__ligand9809-0
678,DOBGUW__ligand6672-0
679,DOBGUW__ligand1327-0
680,DOBGUW__ligand25411-0
681,DOBGUW__ligand3350-0
682,DOBGUW__ligand7573-0
683,DOBGUW__ligand2781-0
684,DOBGUW__ligand11456-0
685,DOBGUW__ligand2208-0
686,DOBGUW__ligand3208-0
687,DOBGUW__ligand10712-0
688,DOBGUW__ligand14174-0
689,DOBGUW__ligand13331-0
690,DOBGUW__ligand122-0
691,DOBGUW__ligand28884-0
692,DOBGUW__ligand9197-0
693,DOBGUW__ligand29879-0
694,DOBGUW__ligand14248-0
695,DOBGUW__ligand1900-0
696,DOBGUW__ligand12030-0
697,DOBGUW__ligand13294-0
698,DOBGUW__ligand1773-0
699,DOBGUW__ligand4581-0
700,DOBGUW__ligand31832-0
701,DOBGUW__ligand2328-0
702,DOBGUW__ligand7162-0
703,DOBGUW__ligand757-0
704,DOBGUW__ligand3029-0
705,DOBGUW__ligand693-0
706,DOBGUW__ligand5094-0
707,DOBGUW__ligand5892-0
708,DOBGUW__ligand13208-0
709,DOBGUW__ligand27482-0
710,DOBGUW__ligand26810-0
711,DOBGUW__ligand3-0
712,DOBGUW__ligand4131-0
713,DOBGUW__ligand1712-0
714,DOBGUW__ligand1496-0
715,DOBGUW__ligand7557-0
716,DOBGUW__ligand20682-0
717,DOBGUW__ligand1533-0
718,DOBGUW__ligand13390-0
719,DOBGUW__ligand17805-0
720,DOBGUW__ligand7107-0
721,DOBGUW__ligand777-0
722,DOBGUW__ligand17302-0
723,DOBGUW__ligand941-0
724,DOBGUW__ligand25178-0
725,DOBGUW__ligand596-0
726,DOBGUW__ligand23769-0
727,DOBGUW__ligand3215-0
728,DOBGUW__ligand24185-0
729,DOBGUW__ligand19830-0
730,DOBGUW__ligand13068-0
731,DOBGUW__ligand4738-0
732,DOBGUW__ligand4813-0
733,DOBGUW__ligand10476-0
734,DOBGUW__ligand187-0
735,DOBGUW__ligand5813-0
736,DOBGUW__ligand24145-0
737,DOBGUW__ligand15585-0
738,DOBGUW__ligand657-0
739,DOBGUW__ligand6062-0
740,DOBGUW__ligand12401-0
741,DOBGUW__ligand6283-0
742,DOBGUW__ligand12231-0
743,DOBGUW__ligand12130-0
744,DOBGUW__ligand366-0
745,DOBGUW__ligand17387-0
746,DOBGUW__ligand13658-0
747,DOBGUW__ligand26702-0
748,DOBGUW__ligand12289-0
749,DOBGUW__ligand18292-0
750,DOBGUW__ligand4330-0
751,DOBGUW__ligand13425-0
752,DOBGUW__ligand29302-0
753,DOBGUW__ligand2599-0
754,DOBGUW__ligand19057-0
755,DOBGUW__ligand18814-0
756,DOBGUW__ligand27763-0
757,DOBGUW__ligand10262-0
758,DOBGUW__ligand28676-0
759,DOBGUW__ligand7532-0
760,DOBGUW__ligand845-0
761,DOBGUW__ligand4194-0
762,DOBGUW__ligand7925-0
763,DOBGUW__ligand10958-0
764,DOBGUW__ligand2068-0
765,DOBGUW__ligand12641-0
766,DOBGUW__ligand1147-0
767,DOBGUW__ligand17-0
768,DOBGUW__ligand14108-0
769,DOBGUW__ligand126-0
770,DOBGUW__ligand163-0
771,DOBGUW__ligand3973-0
772,DOBGUW__ligand338-0
773,DOBGUW__ligand2403-0
774,DOBGUW__ligand12606-0
775,DOBGUW__ligand30333-0
776,DOBGUW__ligand29410-0
777,DOBGUW__ligand3934-0
778,DOBGUW__ligand12337-0
779,DOBGUW__ligand26540-0
780,DOBGUW__ligand6882-0
781,DOBGUW__ligand6455-0
782,DOBGUW__ligand17281-0
783,DOBGUW__ligand30296-0
784,DOBGUW__ligand16628-0
785,DOBGUW__ligand9681-0
786,DOBGUW__ligand20740-0
787,DOBGUW__ligand28468-0
788,DOBGUW__ligand4332-0
789,DOBGUW__ligand12427-0
790,DOBGUW__ligand3012-0
791,DOBGUW__ligand27460-0
792,DOBGUW__ligand1449-0
793,DOBGUW__ligand1065-0
794,DOBGUW__ligand7530-0
795,DOBGUW__ligand30988-0
796,DOBGUW__ligand5316-0
797,DOBGUW__ligand178-0
798,DOBGUW__ligand185-0
799,DOBGUW__ligand5483-0
800,DOBGUW__ligand23713-0
801,DOBGUW__ligand279-0
802,DOBGUW__ligand18832-0
803,DOBGUW__ligand49-0
804,DOBGUW__ligand27175-0
805,DOBGUW__ligand19641-0
806,DOBGUW__ligand1729-0
807,DOBGUW__ligand15422-0
808,DOBGUW__ligand20578-0
809,DOBGUW__ligand12934-0
810,DOBGUW__ligand321-0
811,DOBGUW__ligand5627-0
812,DOBGUW__ligand27893-0
813,DOBGUW__ligand14723-0
814,DOBGUW__ligand2830-0
815,DOBGUW__ligand6946-0
816,DOBGUW__ligand1415-0
817,DOBGUW__ligand31783-0
818,DOBGUW__ligand7529-0
819,DOBGUW__ligand26665-0
820,DOBGUW__ligand13012-0
821,DOBGUW__ligand17631-0
822,DOBGUW__ligand201-0
823,DOBGUW__ligand17258-0
824,DOBGUW__ligand89-0
825,DOBGUW__ligand14297-0
826,DOBGUW__ligand14603-0
827,DOBGUW__ligand9148-0
