,TMC
0,XUQKIE__ligand2864-0
1,XUQKIE__ligand40-0
2,XUQKIE__ligand118-0
3,XUQKIE__ligand670-0
4,XUQKIE__ligand571-0
5,XUQKIE__ligand509-0
6,XUQKIE__ligand2142-0
7,XUQKIE__ligand38-0
8,XUQKIE__ligand6538-0
9,XUQKIE__ligand2772-0
10,XUQKIE__ligand6151-0
11,XUQKIE__ligand9495-0
12,XUQKIE__ligand669-0
13,XUQKIE__ligand1799-0
14,XUQKIE__ligand3838-0
15,XUQKIE__ligand430-0
16,XUQKIE__ligand2838-0
17,XUQKIE__ligand358-0
18,XUQKIE__ligand5941-0
19,XUQKIE__ligand2880-0
20,XUQKIE__ligand21-0
21,XUQKIE__ligand365-0
22,XUQKIE__ligand3-0
23,XUQKIE__ligand278-0
24,XUQKIE__ligand1169-0
25,XUQKIE__ligand5022-0
26,XUQKIE__ligand4983-0
27,XUQKIE__ligand66-0
28,XUQKIE__ligand1835-0
29,XUQKIE__ligand2345-0
30,XUQKIE__ligand2794-0
31,XUQKIE__ligand1502-0
32,XUQKIE__ligand1-0
33,XUQKIE__ligand6396-0
34,XUQKIE__ligand2265-0
35,XUQKIE__ligand1113-0
36,XUQKIE__ligand9027-0
37,XUQKIE__ligand162-0
38,XUQKIE__ligand1273-0
39,XUQKIE__ligand226-0
40,XUQKIE__ligand383-0
41,XUQKIE__ligand1052-0
42,XUQKIE__ligand838-0
43,XUQKIE__ligand2430-0
44,XUQKIE__ligand1703-0
45,XUQKIE__ligand86-0
46,XUQKIE__ligand2907-0
47,XUQKIE__ligand166-0
48,XUQKIE__ligand633-0
49,XUQKIE__ligand2510-0
50,XUQKIE__ligand918-0
51,XUQKIE__ligand532-0
52,XUQKIE__ligand8921-0
53,XUQKIE__ligand1567-0
54,XUQKIE__ligand2285-0
55,XUQKIE__ligand2862-0
56,XUQKIE__ligand1056-0
57,XUQKIE__ligand2320-0
58,XUQKIE__ligand497-0
59,XUQKIE__ligand553-0
60,XUQKIE__ligand1607-0
61,XUQKIE__ligand283-0
62,XUQKIE__ligand62-0
63,XUQKIE__ligand821-0
64,XUQKIE__ligand326-0
65,XUQKIE__ligand436-0
66,XUQKIE__ligand1727-0
67,XUQKIE__ligand142-0
68,XUQKIE__ligand1152-0
69,XUQKIE__ligand206-0
70,XUQKIE__ligand18-0
71,XUQKIE__ligand140-0
72,XUQKIE__ligand105-0
73,XUQKIE__ligand3637-0
74,XUQKIE__ligand409-0
75,XUQKIE__ligand324-0
76,XUQKIE__ligand8774-0
77,XUQKIE__ligand361-0
78,XUQKIE__ligand4303-0
79,XUQKIE__ligand575-0
80,XUQKIE__ligand1248-0
81,XUQKIE__ligand1598-0
82,XUQKIE__ligand1054-0
83,XUQKIE__ligand6294-0
84,XUQKIE__ligand927-0
85,XUQKIE__ligand7464-0
86,XUQKIE__ligand199-0
87,XUQKIE__ligand6277-0
88,XUQKIE__ligand1687-0
89,XUQKIE__ligand596-0
90,XUQKIE__ligand1951-0
91,XUQKIE__ligand612-0
92,XUQKIE__ligand2688-0
93,XUQKIE__ligand2259-0
94,XUQKIE__ligand187-0
95,XUQKIE__ligand2768-0
96,XUQKIE__ligand366-0
97,XUQKIE__ligand1376-0
98,XUQKIE__ligand67-0
99,XUQKIE__ligand861-0
100,XUQKIE__ligand11730-0
101,XUQKIE__ligand3734-0
102,XUQKIE__ligand1706-0
103,XUQKIE__ligand4381-0
104,XUQKIE__ligand126-0
105,XUQKIE__ligand2629-0
106,XUQKIE__ligand124-0
107,XUQKIE__ligand1171-0
108,XUQKIE__ligand5801-0
109,XUQKIE__ligand119-0
110,XUQKIE__ligand1438-0
111,XUQKIE__ligand3063-0
112,XUQKIE__ligand1544-0
113,XUQKIE__ligand279-0
114,XUQKIE__ligand178-0
115,XUQKIE__ligand321-0
116,XUQKIE__ligand1459-0
117,XUQKIE__ligand3757-0
118,XUQKIE__ligand1048-0
119,XUQKIE__ligand2087-0
120,XUQKIE__ligand100-0
121,XUQKIE__ligand1685-0
122,XUQKIE__ligand201-0
123,XUQKIE__ligand244-0
124,XUQKIE__ligand9244-0
125,XUQKIE__ligand6-0
126,XUQKIE__ligand1228-0
127,XUQKIE__ligand1538-0
128,XUQKIE__ligand240-0
129,XUQKIE__ligand1114-0
130,XUQKIE__ligand141-0
131,XUQKIE__ligand120-0
132,XUQKIE__ligand3246-0
133,XUQKIE__ligand85-0
134,XUQKIE__ligand78-0
135,XUQKIE__ligand384-0
136,XUQKIE__ligand45-0
137,XUQKIE__ligand1479-0
138,XUQKIE__ligand1148-0
139,XUQKIE__ligand2863-0
140,XUQKIE__ligand797-0
141,XUQKIE__ligand6502-0
142,XUQKIE__ligand2098-0
143,XUQKIE__ligand6332-0
144,XUQKIE__ligand3178-0
145,XUQKIE__ligand3145-0
146,XUQKIE__ligand757-0
147,XUQKIE__ligand6686-0
148,XUQKIE__ligand1747-0
149,XUQKIE__ligand5548-0
150,XUQKIE__ligand7915-0
151,XUQKIE__ligand2751-0
152,XUQKIE__ligand3041-0
153,XUQKIE__ligand1542-0
154,XUQKIE__ligand2634-0
155,XUQKIE__ligand4-0
156,XUQKIE__ligand4619-0
157,XUQKIE__ligand92-0
158,XUQKIE__ligand6143-0
159,XUQKIE__ligand5235-0
160,XUQKIE__ligand8-0
161,XUQKIE__ligand236-0
162,XUQKIE__ligand3251-0
163,XUQKIE__ligand9176-0
164,XUQKIE__ligand3070-0
165,XUQKIE__ligand3035-0
166,XUQKIE__ligand2718-0
167,XUQKIE__ligand353-0
168,XUQKIE__ligand1493-0
169,XUQKIE__ligand17-0
170,XUQKIE__ligand196-0
171,XUQKIE__ligand502-0
172,XUQKIE__ligand5758-0
173,XUQKIE__ligand3478-0
174,XUQKIE__ligand3852-0
175,XUQKIE__ligand422-0
176,XUQKIE__ligand1818-0
177,XUQKIE__ligand113-0
178,XUQKIE__ligand7456-0
179,XUQKIE__ligand3890-0
180,XUQKIE__ligand49-0
181,XUQKIE__ligand4423-0
182,XUQKIE__ligand210-0
183,XUQKIE__ligand1907-0
184,XUQKIE__ligand1285-0
185,XUQKIE__ligand1555-0
186,XUQKIE__ligand7630-0
187,XUQKIE__ligand89-0
188,XUQKIE__ligand481-0
189,XUQKIE__ligand7550-0
190,XUQKIE__ligand314-0
191,XUQKIE__ligand2762-0
192,XUQKIE__ligand391-0
193,XUQKIE__ligand1038-0
194,XUQKIE__ligand170-0
195,XUQKIE__ligand1160-0
196,XUQKIE__ligand2253-0
197,XUQKIE__ligand2954-0
198,XUQKIE__ligand5093-0
199,XUQKIE__ligand355-0
200,XUQKIE__ligand784-0
201,XUQKIE__ligand11-0
202,XUQKIE__ligand485-0
203,XUQKIE__ligand4012-0
204,XUQKIE__ligand3196-0
205,XUQKIE__ligand2915-0
206,XUQKIE__ligand115-0
207,XUQKIE__ligand15630-0
208,XUQKIE__ligand1690-0
209,XUQKIE__ligand10357-0
210,XUQKIE__ligand2707-0
211,XUQKIE__ligand1551-0
212,XUQKIE__ligand291-0
213,XUQKIE__ligand2526-0
214,XUQKIE__ligand4370-0
215,XUQKIE__ligand682-0
216,XUQKIE__ligand2618-0
217,XUQKIE__ligand3618-0
218,XUQKIE__ligand1436-0
219,XUQKIE__ligand2255-0
220,XUQKIE__ligand133-0
221,XUQKIE__ligand447-0
222,XUQKIE__ligand4175-0
223,XUQKIE__ligand487-0
224,XUQKIE__ligand522-0
225,XUQKIE__ligand1918-0
226,XUQKIE__ligand666-0
227,XUQKIE__ligand1321-0
228,XUQKIE__ligand331-0
229,XUQKIE__ligand1178-0
230,XUQKIE__ligand294-0
231,XUQKIE__ligand3566-0
232,XUQKIE__ligand993-0
233,XUQKIE__ligand584-0
234,XUQKIE__ligand916-0
235,XUQKIE__ligand48-0
236,XUQKIE__ligand421-0
237,XUQKIE__ligand1788-0
238,XUQKIE__ligand798-0
239,XUQKIE__ligand134-0
240,XUQKIE__ligand932-0
241,XUQKIE__ligand235-0
242,XUQKIE__ligand9620-0
243,XUQKIE__ligand1260-0
244,XUQKIE__ligand4894-0
245,XUQKIE__ligand91-0
246,XUQKIE__ligand29-0
247,XUQKIE__ligand390-0
248,XUQKIE__ligand51-0
249,XUQKIE__ligand7514-0
250,XUQKIE__ligand3337-0
251,XUQKIE__ligand525-0
252,XUQKIE__ligand560-0
253,XUQKIE__ligand109-0
254,XUQKIE__ligand4811-0
255,XUQKIE__ligand1449-1
256,XUQKIE__ligand1307-0
257,XUQKIE__ligand352-0
258,XUQKIE__ligand783-0
259,XUQKIE__ligand136-0
260,XUQKIE__ligand868-0
261,XUQKIE__ligand442-0
262,XUQKIE__ligand112-0
263,XUQKIE__ligand1246-0
264,XUQKIE__ligand6166-0
265,XUQKIE__ligand32-0
266,XUQKIE__ligand2853-0
267,XUQKIE__ligand3853-0
268,XUQKIE__ligand5089-0
269,XUQKIE__ligand2599-0
270,XUQKIE__ligand197-0
271,XUQKIE__ligand296-0
272,XUQKIE__ligand1858-0
273,XUQKIE__ligand8032-0
274,XUQKIE__ligand252-0
275,XUQKIE__ligand10479-0
276,XUQKIE__ligand955-0
277,XUQKIE__ligand5334-0
278,XUQKIE__ligand193-0
279,XUQKIE__ligand1898-0
280,XUQKIE__ligand2480-0
281,XUQKIE__ligand4504-0
282,XUQKIE__ligand3051-0
283,XUQKIE__ligand830-0
284,XUQKIE__ligand73-0
285,XUQKIE__ligand2315-0
286,XUQKIE__ligand1919-0
287,XUQKIE__ligand909-0
288,XUQKIE__ligand10114-0
289,XUQKIE__ligand57-0
290,XUQKIE__ligand851-0
291,XUQKIE__ligand2389-0
292,XUQKIE__ligand1712-0
293,XUQKIE__ligand177-0
294,XUQKIE__ligand934-0
295,XUQKIE__ligand3579-0
296,XUQKIE__ligand2916-0
297,XUQKIE__ligand2110-0
298,XUQKIE__ligand369-0
299,XUQKIE__ligand444-0
300,XUQKIE__ligand95-0
301,XUQKIE__ligand1379-0
302,XUQKIE__ligand1221-0
303,XUQKIE__ligand1264-0
304,XUQKIE__ligand188-0
305,XUQKIE__ligand1299-0
306,XUQKIE__ligand6430-0
307,XUQKIE__ligand2929-0
308,XUQKIE__ligand311-0
309,XUQKIE__ligand10910-0
310,XUQKIE__ligand55-0
311,XUQKIE__ligand2376-0
312,XUQKIE__ligand6571-0
313,XUQKIE__ligand34-0
314,XUQKIE__ligand2482-0
315,XUQKIE__ligand1325-0
316,XUQKIE__ligand370-0
317,XUQKIE__ligand460-0
318,XUQKIE__ligand1019-0
319,XUQKIE__ligand2442-0
320,XUQKIE__ligand1104-0
321,XUQKIE__ligand7414-0
322,XUQKIE__ligand5762-0
323,XUQKIE__ligand14530-0
324,XUQKIE__ligand250-0
