,TMC
0,BITZIP__ligand2527-0
1,BITZIP__ligand20821-0
2,BITZIP__ligand26673-0
3,BITZIP__ligand31000-0
4,BITZIP__ligand8464-0
5,BITZIP__ligand32-0
6,BITZIP__ligand1709-0
7,BITZIP__ligand11606-0
8,BITZIP__ligand326-0
9,BITZIP__ligand8349-0
10,BITZIP__ligand10582-0
11,BITZIP__ligand436-0
12,BITZIP__ligand4911-0
13,BITZIP__ligand13260-0
14,BITZIP__ligand1771-0
15,BITZIP__ligand3392-0
16,BITZIP__ligand11252-0
17,BITZIP__ligand19824-0
18,BITZIP__ligand18067-0
19,BITZIP__ligand5849-0
20,BITZIP__ligand692-0
21,BITZIP__ligand1379-0
22,BITZIP__ligand15455-0
23,BITZIP__ligand2722-0
24,BITZIP__ligand5935-0
25,BITZIP__ligand11177-0
26,BITZIP__ligand17686-0
27,BITZIP__ligand25658-0
28,BITZIP__ligand1165-0
29,BITZIP__ligand9525-0
30,BITZIP__ligand31205-0
31,BITZIP__ligand3157-0
32,BITZIP__ligand1688-0
33,BITZIP__ligand16603-0
34,BITZIP__ligand3647-0
35,BITZIP__ligand633-0
36,BITZIP__ligand5357-0
37,BITZIP__ligand4850-0
38,BITZIP__ligand11814-0
39,BITZIP__ligand5056-0
40,BITZIP__ligand11622-0
41,BITZIP__ligand16-0
42,BITZIP__ligand1768-0
43,BITZIP__ligand3871-0
44,BITZIP__ligand16870-0
45,BITZIP__ligand497-0
46,BITZIP__ligand1469-0
47,BITZIP__ligand29441-0
48,BITZIP__ligand10853-0
49,BITZIP__ligand8-0
50,BITZIP__ligand1533-0
51,BITZIP__ligand27610-0
52,BITZIP__ligand10479-0
53,BITZIP__ligand588-0
54,BITZIP__ligand11479-0
55,BITZIP__ligand20530-0
56,BITZIP__ligand11698-0
57,BITZIP__ligand14302-0
58,BITZIP__ligand13657-0
59,BITZIP__ligand14347-0
60,BITZIP__ligand51-0
61,BITZIP__ligand24851-0
62,BITZIP__ligand1496-0
63,BITZIP__ligand300-0
64,BITZIP__ligand7557-0
65,BITZIP__ligand15387-0
66,BITZIP__ligand1712-0
67,BITZIP__ligand4131-0
68,BITZIP__ligand20121-0
69,BITZIP__ligand91-0
70,BITZIP__ligand20220-0
71,BITZIP__ligand5892-0
72,BITZIP__ligand5094-0
73,BITZIP__ligand29813-0
74,BITZIP__ligand16952-0
75,BITZIP__ligand199-0
76,BITZIP__ligand3029-0
77,BITZIP__ligand7162-0
78,BITZIP__ligand2328-0
79,BITZIP__ligand10151-0
80,BITZIP__ligand48-0
81,BITZIP__ligand4581-0
82,BITZIP__ligand1773-0
83,BITZIP__ligand1900-0
84,BITZIP__ligand9197-0
85,BITZIP__ligand22353-0
86,BITZIP__ligand2208-0
87,BITZIP__ligand3208-0
88,BITZIP__ligand3350-0
89,BITZIP__ligand2781-0
90,BITZIP__ligand324-0
91,BITZIP__ligand361-0
92,BITZIP__ligand7573-0
93,BITZIP__ligand409-0
94,BITZIP__ligand19668-0
95,BITZIP__ligand1327-0
96,BITZIP__ligand9809-0
97,BITZIP__ligand6672-0
98,BITZIP__ligand8722-0
99,BITZIP__ligand19906-0
100,BITZIP__ligand3973-0
101,BITZIP__ligand11798-0
102,BITZIP__ligand694-0
103,BITZIP__ligand12413-0
104,BITZIP__ligand1147-0
105,BITZIP__ligand29334-0
106,BITZIP__ligand20731-0
107,BITZIP__ligand358-0
108,BITZIP__ligand17445-0
109,BITZIP__ligand430-0
110,BITZIP__ligand488-0
111,BITZIP__ligand2068-0
112,BITZIP__ligand17069-0
113,BITZIP__ligand7925-0
114,BITZIP__ligand14477-0
115,BITZIP__ligand4194-0
116,BITZIP__ligand11544-0
117,BITZIP__ligand11501-0
118,BITZIP__ligand29214-0
119,BITZIP__ligand7532-0
120,BITZIP__ligand34-0
121,BITZIP__ligand22357-0
122,BITZIP__ligand11758-0
123,BITZIP__ligand2599-0
124,BITZIP__ligand21448-0
125,BITZIP__ligand4330-0
126,BITZIP__ligand18019-1
127,BITZIP__ligand55-0
128,BITZIP__ligand14007-0
129,BITZIP__ligand6283-0
130,BITZIP__ligand6062-0
131,BITZIP__ligand670-0
132,BITZIP__ligand4813-0
133,BITZIP__ligand571-0
134,BITZIP__ligand534-0
135,BITZIP__ligand5813-0
136,BITZIP__ligand27550-0
137,BITZIP__ligand4738-0
138,BITZIP__ligand3215-0
139,BITZIP__ligand20942-1
140,BITZIP__ligand16956-0
141,BITZIP__ligand14226-0
142,BITZIP__ligand21339-0
143,BITZIP__ligand7107-0
144,BITZIP__ligand18158-0
145,BITZIP__ligand27771-0
146,BITZIP__ligand68-0
147,BITZIP__ligand29565-0
148,BITZIP__ligand23682-0
149,BITZIP__ligand162-0
150,BITZIP__ligand9148-0
151,BITZIP__ligand226-0
152,BITZIP__ligand21752-0
153,BITZIP__ligand7529-0
154,BITZIP__ligand416-0
155,BITZIP__ligand30788-0
156,BITZIP__ligand13691-0
157,BITZIP__ligand14339-0
158,BITZIP__ligand383-0
159,BITZIP__ligand6946-0
160,BITZIP__ligand1415-0
161,BITZIP__ligand2830-0
162,BITZIP__ligand5627-0
163,BITZIP__ligand57-0
164,BITZIP__ligand1729-0
165,BITZIP__ligand20844-0
166,BITZIP__ligand18413-0
167,BITZIP__ligand24624-0
168,BITZIP__ligand5483-0
169,BITZIP__ligand18757-0
170,BITZIP__ligand24560-0
171,BITZIP__ligand5316-0
172,BITZIP__ligand1065-0
173,BITZIP__ligand7530-0
174,BITZIP__ligand20557-0
175,BITZIP__ligand30004-0
176,BITZIP__ligand1449-0
177,BITZIP__ligand3012-0
178,BITZIP__ligand4332-0
179,BITZIP__ligand656-0
180,BITZIP__ligand9681-0
181,BITZIP__ligand23445-0
182,BITZIP__ligand24953-0
183,BITZIP__ligand696-0
184,BITZIP__ligand6455-0
185,BITZIP__ligand6882-0
186,BITZIP__ligand27122-0
187,BITZIP__ligand20432-0
188,BITZIP__ligand13755-0
189,BITZIP__ligand16133-0
190,BITZIP__ligand3934-0
191,BITZIP__ligand25048-0
192,BITZIP__ligand2403-0
193,BITZIP__ligand21940-0
194,BITZIP__ligand30142-0
195,BITZIP__ligand7819-0
196,BITZIP__ligand2917-0
197,BITZIP__ligand27669-0
198,BITZIP__ligand14167-0
199,BITZIP__ligand13477-0
200,BITZIP__ligand3465-0
201,BITZIP__ligand384-0
202,BITZIP__ligand6596-0
203,BITZIP__ligand3721-0
204,BITZIP__ligand6904-0
205,BITZIP__ligand6102-0
206,BITZIP__ligand768-0
207,BITZIP__ligand23197-0
208,BITZIP__ligand4620-0
209,BITZIP__ligand1577-0
210,BITZIP__ligand6067-0
211,BITZIP__ligand2295-0
212,BITZIP__ligand27285-0
213,BITZIP__ligand29029-0
214,BITZIP__ligand4641-0
215,BITZIP__ligand28685-0
216,BITZIP__ligand18568-0
217,BITZIP__ligand13672-0
218,BITZIP__ligand89-0
219,BITZIP__ligand10371-0
220,BITZIP__ligand18448-0
221,BITZIP__ligand240-0
222,BITZIP__ligand12453-0
223,BITZIP__ligand1142-0
224,BITZIP__ligand3234-0
225,BITZIP__ligand28459-0
226,BITZIP__ligand141-0
227,BITZIP__ligand8835-0
228,BITZIP__ligand2028-0
229,BITZIP__ligand7126-0
230,BITZIP__ligand19184-0
231,BITZIP__ligand49-0
232,BITZIP__ligand9601-0
233,BITZIP__ligand16988-0
234,BITZIP__ligand25913-0
235,BITZIP__ligand8992-0
236,BITZIP__ligand693-0
237,BITZIP__ligand4116-0
238,BITZIP__ligand1018-0
239,BITZIP__ligand7967-0
240,BITZIP__ligand3707-0
241,BITZIP__ligand11682-0
242,BITZIP__ligand6124-0
243,BITZIP__ligand30711-0
244,BITZIP__ligand20207-0
245,BITZIP__ligand8721-0
246,BITZIP__ligand31842-0
247,BITZIP__ligand31044-0
248,BITZIP__ligand11994-0
249,BITZIP__ligand1324-0
250,BITZIP__ligand24035-0
251,BITZIP__ligand1823-0
252,BITZIP__ligand5643-0
253,BITZIP__ligand14614-0
254,BITZIP__ligand1615-0
255,BITZIP__ligand2526-0
256,BITZIP__ligand5036-0
257,BITZIP__ligand16663-0
258,BITZIP__ligand9952-0
259,BITZIP__ligand9111-0
260,BITZIP__ligand21919-0
261,BITZIP__ligand2332-0
262,BITZIP__ligand17-0
263,BITZIP__ligand9441-0
264,BITZIP__ligand28930-0
265,BITZIP__ligand22168-0
266,BITZIP__ligand22294-0
267,BITZIP__ligand9933-0
268,BITZIP__ligand1530-0
269,BITZIP__ligand11357-0
270,BITZIP__ligand13862-0
271,BITZIP__ligand1575-0
272,BITZIP__ligand15531-0
273,BITZIP__ligand28743-0
274,BITZIP__ligand1631-0
275,BITZIP__ligand10056-0
276,BITZIP__ligand12365-0
277,BITZIP__ligand15926-0
278,BITZIP__ligand19792-0
279,BITZIP__ligand10828-0
280,BITZIP__ligand2915-0
281,BITZIP__ligand122-0
282,BITZIP__ligand28810-0
283,BITZIP__ligand11096-0
284,BITZIP__ligand3156-0
285,BITZIP__ligand11447-0
286,BITZIP__ligand24230-0
287,BITZIP__ligand1378-0
288,BITZIP__ligand757-0
289,BITZIP__ligand15883-0
290,BITZIP__ligand6244-0
291,BITZIP__ligand11970-0
292,BITZIP__ligand4016-0
293,BITZIP__ligand25561-0
294,BITZIP__ligand1219-0
295,BITZIP__ligand6709-0
296,BITZIP__ligand7867-0
297,BITZIP__ligand1790-0
298,BITZIP__ligand1304-0
299,BITZIP__ligand22129-0
300,BITZIP__ligand7280-0
301,BITZIP__ligand845-0
302,BITZIP__ligand12138-0
303,BITZIP__ligand24780-0
304,BITZIP__ligand7238-0
305,BITZIP__ligand11949-0
306,BITZIP__ligand9784-0
307,BITZIP__ligand17427-0
308,BITZIP__ligand7629-0
309,BITZIP__ligand1451-0
310,BITZIP__ligand4272-0
311,BITZIP__ligand126-0
312,BITZIP__ligand163-0
313,BITZIP__ligand4093-0
314,BITZIP__ligand4442-0
315,BITZIP__ligand29486-0
316,BITZIP__ligand3954-0
317,BITZIP__ligand8699-0
318,BITZIP__ligand1160-0
319,BITZIP__ligand31694-0
320,BITZIP__ligand9520-0
321,BITZIP__ligand777-0
322,BITZIP__ligand5256-0
323,BITZIP__ligand17396-0
324,BITZIP__ligand23175-0
325,BITZIP__ligand9833-0
326,BITZIP__ligand8876-0
327,BITZIP__ligand2828-0
328,BITZIP__ligand15788-0
329,BITZIP__ligand7648-0
330,BITZIP__ligand4157-0
331,BITZIP__ligand13220-0
332,BITZIP__ligand11587-0
333,BITZIP__ligand24111-0
334,BITZIP__ligand22444-0
335,BITZIP__ligand2232-0
336,BITZIP__ligand9291-0
337,BITZIP__ligand14569-0
338,BITZIP__ligand2176-0
339,BITZIP__ligand941-0
340,BITZIP__ligand596-0
341,BITZIP__ligand13385-0
342,BITZIP__ligand1982-0
343,BITZIP__ligand7000-0
344,BITZIP__ligand12001-0
345,BITZIP__ligand657-0
346,BITZIP__ligand8115-0
347,BITZIP__ligand6768-0
348,BITZIP__ligand1285-0
349,BITZIP__ligand187-0
350,BITZIP__ligand10033-0
351,BITZIP__ligand24644-0
352,BITZIP__ligand24872-0
353,BITZIP__ligand366-0
354,BITZIP__ligand27840-0
355,BITZIP__ligand4503-0
356,BITZIP__ligand4546-0
357,BITZIP__ligand30728-0
358,BITZIP__ligand279-0
359,BITZIP__ligand3565-0
360,BITZIP__ligand21399-0
361,BITZIP__ligand185-0
362,BITZIP__ligand10872-0
363,BITZIP__ligand178-0
364,BITZIP__ligand26631-0
365,BITZIP__ligand16148-0
366,BITZIP__ligand1512-0
367,BITZIP__ligand12003-0
368,BITZIP__ligand5331-0
369,BITZIP__ligand3852-0
370,BITZIP__ligand2485-0
371,BITZIP__ligand6919-0
372,BITZIP__ligand29215-0
373,BITZIP__ligand321-0
374,BITZIP__ligand16369-0
375,BITZIP__ligand28540-0
376,BITZIP__ligand11111-0
377,BITZIP__ligand4155-0
378,BITZIP__ligand3094-0
379,BITZIP__ligand20695-0
380,BITZIP__ligand27754-0
381,BITZIP__ligand5211-0
382,BITZIP__ligand8969-0
383,BITZIP__ligand3174-0
384,BITZIP__ligand3937-0
385,BITZIP__ligand1202-0
386,BITZIP__ligand3131-0
387,BITZIP__ligand6839-0
388,BITZIP__ligand201-0
389,BITZIP__ligand4720-0
390,BITZIP__ligand22403-0
391,BITZIP__ligand7106-0
392,BITZIP__ligand69-0
393,BITZIP__ligand7242-0
394,BITZIP__ligand11618-0
395,BITZIP__ligand338-0
396,BITZIP__ligand26529-0
397,BITZIP__ligand9908-0
398,BITZIP__ligand1263-0
399,BITZIP__ligand1536-0
400,BITZIP__ligand1573-0
401,BITZIP__ligand9935-0
402,BITZIP__ligand21729-0
403,BITZIP__ligand3504-0
404,BITZIP__ligand27239-0
405,BITZIP__ligand1959-0
406,BITZIP__ligand11-0
407,BITZIP__ligand28559-0
408,BITZIP__ligand26324-0
409,BITZIP__ligand14043-0
410,BITZIP__ligand1844-0
411,BITZIP__ligand4661-0
412,BITZIP__ligand19927-0
413,BITZIP__ligand3718-0
414,BITZIP__ligand1343-0
415,BITZIP__ligand3876-0
416,BITZIP__ligand3035-0
417,BITZIP__ligand6616-0
418,BITZIP__ligand2124-0
419,BITZIP__ligand115-0
420,BITZIP__ligand8612-0
421,BITZIP__ligand3225-0
422,BITZIP__ligand1153-0
423,BITZIP__ligand1-0
424,BITZIP__ligand14117-0
425,BITZIP__ligand1116-0
426,BITZIP__ligand7092-0
427,BITZIP__ligand17261-0
428,BITZIP__ligand2260-0
429,BITZIP__ligand21581-0
430,BITZIP__ligand31097-0
431,BITZIP__ligand9323-0
432,BITZIP__ligand7273-0
433,BITZIP__ligand20251-0
434,BITZIP__ligand30702-0
435,BITZIP__ligand20214-0
436,BITZIP__ligand20539-0
437,BITZIP__ligand7172-0
438,BITZIP__ligand5180-0
439,BITZIP__ligand833-0
440,BITZIP__ligand14889-0
441,BITZIP__ligand30851-0
442,BITZIP__ligand29568-0
443,BITZIP__ligand5708-0
444,BITZIP__ligand28789-0
445,BITZIP__ligand7316-0
446,BITZIP__ligand21371-0
447,BITZIP__ligand17118-0
448,BITZIP__ligand20419-0
449,BITZIP__ligand6017-0
450,BITZIP__ligand24047-0
451,BITZIP__ligand22557-0
452,BITZIP__ligand5159-0
453,BITZIP__ligand10589-0
454,BITZIP__ligand20598-0
455,BITZIP__ligand7196-0
456,BITZIP__ligand784-0
457,BITZIP__ligand11675-0
458,BITZIP__ligand9753-0
459,BITZIP__ligand17398-0
460,BITZIP__ligand5530-0
461,BITZIP__ligand1787-0
462,BITZIP__ligand1356-0
463,BITZIP__ligand3178-0
464,BITZIP__ligand17982-0
465,BITZIP__ligand4807-0
466,BITZIP__ligand29414-0
467,BITZIP__ligand20011-0
468,BITZIP__ligand17278-0
469,BITZIP__ligand4711-0
470,BITZIP__ligand3244-0
471,BITZIP__ligand20251-1
472,BITZIP__ligand2906-0
473,BITZIP__ligand395-0
474,BITZIP__ligand16475-0
475,BITZIP__ligand14703-0
476,BITZIP__ligand8793-0
477,BITZIP__ligand368-0
478,BITZIP__ligand5649-0
479,BITZIP__ligand2788-0
480,BITZIP__ligand4649-0
481,BITZIP__ligand11456-0
482,BITZIP__ligand176-0
483,BITZIP__ligand14174-0
484,BITZIP__ligand2203-0
485,BITZIP__ligand10712-0
486,BITZIP__ligand5387-0
487,BITZIP__ligand1289-0
488,BITZIP__ligand447-0
489,BITZIP__ligand25411-0
490,BITZIP__ligand746-0
491,BITZIP__ligand487-0
492,BITZIP__ligand13294-0
493,BITZIP__ligand31832-0
494,BITZIP__ligand9450-0
495,BITZIP__ligand43-0
496,BITZIP__ligand1599-0
497,BITZIP__ligand28884-0
498,BITZIP__ligand13331-0
499,BITZIP__ligand29879-0
500,BITZIP__ligand14248-0
501,BITZIP__ligand2612-0
502,BITZIP__ligand12030-0
503,BITZIP__ligand13208-0
504,BITZIP__ligand67-0
505,BITZIP__ligand8788-0
506,BITZIP__ligand1832-0
507,BITZIP__ligand26810-0
508,BITZIP__ligand27482-0
509,BITZIP__ligand2043-0
510,BITZIP__ligand1228-0
511,BITZIP__ligand9943-0
512,BITZIP__ligand506-0
513,BITZIP__ligand1604-0
514,BITZIP__ligand3-0
515,BITZIP__ligand1114-0
516,BITZIP__ligand9284-0
517,BITZIP__ligand6391-0
518,BITZIP__ligand13390-0
519,BITZIP__ligand3126-0
520,BITZIP__ligand152-0
521,BITZIP__ligand20682-0
522,BITZIP__ligand2417-0
523,BITZIP__ligand196-0
524,BITZIP__ligand25178-0
525,BITZIP__ligand1294-0
526,BITZIP__ligand1168-0
527,BITZIP__ligand3632-0
528,BITZIP__ligand3677-0
529,BITZIP__ligand23769-0
530,BITZIP__ligand24185-0
531,BITZIP__ligand17805-0
532,BITZIP__ligand6699-0
533,BITZIP__ligand17302-0
534,BITZIP__ligand12231-0
535,BITZIP__ligand422-0
536,BITZIP__ligand2881-0
537,BITZIP__ligand1499-0
538,BITZIP__ligand1464-0
539,BITZIP__ligand3712-0
540,BITZIP__ligand12130-0
541,BITZIP__ligand17387-0
542,BITZIP__ligand12289-0
543,BITZIP__ligand18292-0
544,BITZIP__ligand13658-0
545,BITZIP__ligand26702-0
546,BITZIP__ligand19830-0
547,BITZIP__ligand13068-0
548,BITZIP__ligand1211-0
549,BITZIP__ligand10476-0
550,BITZIP__ligand24145-0
551,BITZIP__ligand6892-0
552,BITZIP__ligand15585-0
553,BITZIP__ligand686-0
554,BITZIP__ligand12401-0
555,BITZIP__ligand27763-0
556,BITZIP__ligand8000-0
557,BITZIP__ligand3736-0
558,BITZIP__ligand10262-0
559,BITZIP__ligand28676-0
560,BITZIP__ligand393-0
561,BITZIP__ligand9344-0
562,BITZIP__ligand13425-0
563,BITZIP__ligand29302-0
564,BITZIP__ligand5383-0
565,BITZIP__ligand2693-0
566,BITZIP__ligand3945-0
567,BITZIP__ligand18814-0
568,BITZIP__ligand19057-0
569,BITZIP__ligand9299-0
570,BITZIP__ligand14108-0
571,BITZIP__ligand2985-0
572,BITZIP__ligand4007-0
573,BITZIP__ligand353-0
574,BITZIP__ligand3677-1
575,BITZIP__ligand9883-0
576,BITZIP__ligand10958-0
577,BITZIP__ligand12641-0
578,BITZIP__ligand7291-0
579,BITZIP__ligand12337-0
580,BITZIP__ligand29410-0
581,BITZIP__ligand26540-0
582,BITZIP__ligand2238-0
583,BITZIP__ligand5304-0
584,BITZIP__ligand17281-0
585,BITZIP__ligand9167-0
586,BITZIP__ligand30296-0
587,BITZIP__ligand12606-0
588,BITZIP__ligand2822-0
589,BITZIP__ligand813-0
590,BITZIP__ligand7293-0
591,BITZIP__ligand1317-0
592,BITZIP__ligand3867-0
593,BITZIP__ligand45-0
594,BITZIP__ligand30333-0
595,BITZIP__ligand314-0
596,BITZIP__ligand780-0
597,BITZIP__ligand78-0
598,BITZIP__ligand27460-0
599,BITZIP__ligand1407-0
600,BITZIP__ligand6117-0
601,BITZIP__ligand391-0
602,BITZIP__ligand5509-0
603,BITZIP__ligand8002-0
604,BITZIP__ligand618-0
605,BITZIP__ligand16628-0
606,BITZIP__ligand7762-0
607,BITZIP__ligand5080-0
608,BITZIP__ligand20740-0
609,BITZIP__ligand28468-0
610,BITZIP__ligand12427-0
611,BITZIP__ligand19641-0
612,BITZIP__ligand15422-0
613,BITZIP__ligand12934-0
614,BITZIP__ligand20578-0
615,BITZIP__ligand27893-0
616,BITZIP__ligand14723-0
617,BITZIP__ligand4101-0
618,BITZIP__ligand19-0
619,BITZIP__ligand5595-0
620,BITZIP__ligand465-0
621,BITZIP__ligand2221-0
622,BITZIP__ligand30988-0
623,BITZIP__ligand3120-0
624,BITZIP__ligand3926-0
625,BITZIP__ligand18832-0
626,BITZIP__ligand27175-0
627,BITZIP__ligand4358-0
628,BITZIP__ligand23713-0
629,BITZIP__ligand26665-0
630,BITZIP__ligand5099-0
631,BITZIP__ligand314-1
632,BITZIP__ligand8592-0
633,BITZIP__ligand17631-0
634,BITZIP__ligand1197-0
635,BITZIP__ligand13012-0
636,BITZIP__ligand2259-0
637,BITZIP__ligand17258-0
638,BITZIP__ligand1296-0
639,BITZIP__ligand14297-0
640,BITZIP__ligand14603-0
641,BITZIP__ligand31783-0
642,BITZIP__ligand24-0
643,BITZIP__ligand5510-0
644,BITZIP__ligand1376-0
645,BITZIP__ligand9773-0
646,BITZIP__ligand1149-0
647,BITZIP__ligand3557-0
648,BITZIP__ligand3980-0
649,BITZIP__ligand21787-0
650,BITZIP__ligand909-0
651,BITZIP__ligand25575-0
652,BITZIP__ligand25689-0
653,BITZIP__ligand7075-0
654,BITZIP__ligand12295-0
655,BITZIP__ligand9750-0
656,BITZIP__ligand27835-0
657,BITZIP__ligand1817-0
658,BITZIP__ligand6993-0
659,BITZIP__ligand1779-0
660,BITZIP__ligand42-0
661,BITZIP__ligand21132-0
662,BITZIP__ligand11166-0
663,BITZIP__ligand4167-0
664,BITZIP__ligand23906-0
665,BITZIP__ligand9491-0
666,BITZIP__ligand1400-0
667,BITZIP__ligand4266-0
668,BITZIP__ligand177-0
669,BITZIP__ligand30539-0
670,BITZIP__ligand1288-0
671,BITZIP__ligand4207-0
672,BITZIP__ligand11206-0
673,BITZIP__ligand23124-0
674,BITZIP__ligand3416-0
675,BITZIP__ligand3453-0
676,BITZIP__ligand12519-0
677,BITZIP__ligand25735-0
678,BITZIP__ligand1150-0
679,BITZIP__ligand252-0
680,BITZIP__ligand1539-0
681,BITZIP__ligand116-0
682,BITZIP__ligand193-0
683,BITZIP__ligand4063-0
684,BITZIP__ligand31248-0
685,BITZIP__ligand25650-0
686,BITZIP__ligand7438-0
687,BITZIP__ligand8200-0
688,BITZIP__ligand19257-0
689,BITZIP__ligand13209-0
690,BITZIP__ligand66-0
691,BITZIP__ligand372-0
692,BITZIP__ligand12660-0
693,BITZIP__ligand830-0
694,BITZIP__ligand3042-0
695,BITZIP__ligand18465-0
696,BITZIP__ligand18799-0
697,BITZIP__ligand5515-0
698,BITZIP__ligand6663-0
699,BITZIP__ligand28668-0
700,BITZIP__ligand5614-0
701,BITZIP__ligand370-0
702,BITZIP__ligand5280-0
703,BITZIP__ligand1831-0
704,BITZIP__ligand16791-0
705,BITZIP__ligand1849-0
706,BITZIP__ligand11140-0
707,BITZIP__ligand29610-0
708,BITZIP__ligand29863-0
709,BITZIP__ligand1216-0
710,BITZIP__ligand18074-0
711,BITZIP__ligand13869-0
712,BITZIP__ligand3261-0
713,BITZIP__ligand1152-0
714,BITZIP__ligand250-0
715,BITZIP__ligand5019-0
716,BITZIP__ligand6112-0
717,BITZIP__ligand8042-0
718,BITZIP__ligand23904-0
719,BITZIP__ligand13257-0
720,BITZIP__ligand1397-0
721,BITZIP__ligand38-0
722,BITZIP__ligand7213-0
723,BITZIP__ligand21936-0
724,BITZIP__ligand1828-0
725,BITZIP__ligand188-0
726,BITZIP__ligand4710-0
727,BITZIP__ligand5755-0
728,BITZIP__ligand12467-0
729,BITZIP__ligand25267-0
730,BITZIP__ligand3144-0
731,BITZIP__ligand5085-0
732,BITZIP__ligand10084-0
733,BITZIP__ligand620-0
734,BITZIP__ligand27169-0
735,BITZIP__ligand3285-0
736,BITZIP__ligand4795-0
737,BITZIP__ligand14523-0
738,BITZIP__ligand370-1
739,BITZIP__ligand18391-0
740,BITZIP__ligand564-0
741,BITZIP__ligand1908-0
742,BITZIP__ligand25805-0
743,BITZIP__ligand479-0
744,BITZIP__ligand22981-0
745,BITZIP__ligand785-0
746,BITZIP__ligand20599-0
747,BITZIP__ligand5630-0
748,BITZIP__ligand311-0
749,BITZIP__ligand27074-0
750,BITZIP__ligand1786-0
751,BITZIP__ligand134-0
752,BITZIP__ligand17590-0
753,BITZIP__ligand5415-0
754,BITZIP__ligand235-0
755,BITZIP__ligand17240-0
756,BITZIP__ligand4124-0
757,BITZIP__ligand4161-0
758,BITZIP__ligand3471-0
759,BITZIP__ligand12682-0
760,BITZIP__ligand18699-0
761,BITZIP__ligand2823-0
762,BITZIP__ligand6995-0
763,BITZIP__ligand12336-0
764,BITZIP__ligand560-0
765,BITZIP__ligand3180-0
766,BITZIP__ligand2650-0
767,BITZIP__ligand2281-0
768,BITZIP__ligand4340-0
769,BITZIP__ligand13072-0
770,BITZIP__ligand7566-0
771,BITZIP__ligand2001-0
772,BITZIP__ligand10555-0
773,BITZIP__ligand31483-0
774,BITZIP__ligand19725-0
775,BITZIP__ligand9944-0
776,BITZIP__ligand8593-0
777,BITZIP__ligand294-0
778,BITZIP__ligand24613-0
779,BITZIP__ligand11774-0
780,BITZIP__ligand1113-0
781,BITZIP__ligand14586-0
782,BITZIP__ligand4-0
783,BITZIP__ligand685-0
784,BITZIP__ligand8553-0
785,BITZIP__ligand21421-0
786,BITZIP__ligand11568-0
787,BITZIP__ligand20579-0
788,BITZIP__ligand17710-0
789,BITZIP__ligand5201-0
790,BITZIP__ligand18-0
791,BITZIP__ligand421-0
792,BITZIP__ligand22755-0
793,BITZIP__ligand9615-0
794,BITZIP__ligand31618-0
795,BITZIP__ligand11432-0
796,BITZIP__ligand10432-0
797,BITZIP__ligand26277-0
798,BITZIP__ligand29898-0
799,BITZIP__ligand1154-0
800,BITZIP__ligand4596-0
801,BITZIP__ligand1498-0
802,BITZIP__ligand23589-0
803,BITZIP__ligand24064-0
804,BITZIP__ligand8529-0
805,BITZIP__ligand197-0
806,BITZIP__ligand1169-0
807,BITZIP__ligand15168-0
808,BITZIP__ligand783-0
809,BITZIP__ligand352-0
810,BITZIP__ligand1050-0
811,BITZIP__ligand1015-0
812,BITZIP__ligand2027-0
813,BITZIP__ligand28924-0
814,BITZIP__ligand15438-0
815,BITZIP__ligand18703-0
816,BITZIP__ligand29087-0
817,BITZIP__ligand31578-0
818,BITZIP__ligand2692-0
819,BITZIP__ligand17207-0
820,BITZIP__ligand1618-0
821,BITZIP__ligand17945-0
822,BITZIP__ligand18013-0
823,BITZIP__ligand25224-0
824,BITZIP__ligand868-0
825,BITZIP__ligand4262-0
826,BITZIP__ligand1028-0
827,BITZIP__ligand24750-0
