,TMC
0,OBORUS__ligand9491-0
1,OBORUS__ligand28559-0
2,OBORUS__ligand326-0
3,OBORUS__ligand26324-0
4,OBORUS__ligand14043-0
5,OBORUS__ligand1400-0
6,OBORUS__ligand4266-0
7,OBORUS__ligand19927-0
8,OBORUS__ligand4167-0
9,OBORUS__ligand1288-0
10,OBORUS__ligand21729-0
11,OBORUS__ligand27239-0
12,OBORUS__ligand692-0
13,OBORUS__ligand7075-0
14,OBORUS__ligand26529-0
15,OBORUS__ligand1149-0
16,OBORUS__ligand3980-0
17,OBORUS__ligand3557-0
18,OBORUS__ligand6993-0
19,OBORUS__ligand1817-0
20,OBORUS__ligand1779-0
21,OBORUS__ligand11618-0
22,OBORUS__ligand436-0
23,OBORUS__ligand9750-0
24,OBORUS__ligand4063-0
25,OBORUS__ligand7438-0
26,OBORUS__ligand8200-0
27,OBORUS__ligand22403-0
28,OBORUS__ligand16369-0
29,OBORUS__ligand3042-0
30,OBORUS__ligand28540-0
31,OBORUS__ligand11111-0
32,OBORUS__ligand20695-0
33,OBORUS__ligand27754-0
34,OBORUS__ligand3453-0
35,OBORUS__ligand3416-0
36,OBORUS__ligand497-0
37,OBORUS__ligand29215-0
38,OBORUS__ligand4207-0
39,OBORUS__ligand1539-0
40,OBORUS__ligand21399-0
41,OBORUS__ligand10872-0
42,OBORUS__ligand26631-0
43,OBORUS__ligand16148-0
44,OBORUS__ligand633-0
45,OBORUS__ligand1150-0
46,OBORUS__ligand12003-0
47,OBORUS__ligand24872-0
48,OBORUS__ligand300-0
49,OBORUS__ligand1849-0
50,OBORUS__ligand27840-0
51,OBORUS__ligand45-0
52,OBORUS__ligand30728-0
53,OBORUS__ligand588-0
54,OBORUS__ligand1152-0
55,OBORUS__ligand3261-0
56,OBORUS__ligand12001-0
57,OBORUS__ligand5019-0
58,OBORUS__ligand10033-0
59,OBORUS__ligand1216-0
60,OBORUS__ligand24644-0
61,OBORUS__ligand24111-0
62,OBORUS__ligand22444-0
63,OBORUS__ligand199-0
64,OBORUS__ligand14569-0
65,OBORUS__ligand13385-0
66,OBORUS__ligand17396-0
67,OBORUS__ligand1831-0
68,OBORUS__ligand5280-0
69,OBORUS__ligand78-0
70,OBORUS__ligand5614-0
71,OBORUS__ligand23175-0
72,OBORUS__ligand15788-0
73,OBORUS__ligand6663-0
74,OBORUS__ligand13220-0
75,OBORUS__ligand11587-0
76,OBORUS__ligand5515-0
77,OBORUS__ligand29486-0
78,OBORUS__ligand1908-0
79,OBORUS__ligand4795-0
80,OBORUS__ligand3285-0
81,OBORUS__ligand31694-0
82,OBORUS__ligand1786-0
83,OBORUS__ligand17427-0
84,OBORUS__ligand5630-0
85,OBORUS__ligand19-0
86,OBORUS__ligand7213-0
87,OBORUS__ligand22129-0
88,OBORUS__ligand1397-0
89,OBORUS__ligand1828-0
90,OBORUS__ligand12138-0
91,OBORUS__ligand24-0
92,OBORUS__ligand24780-0
93,OBORUS__ligand409-0
94,OBORUS__ligand6112-0
95,OBORUS__ligand8042-0
96,OBORUS__ligand361-0
97,OBORUS__ligand11949-0
98,OBORUS__ligand324-0
99,OBORUS__ligand5085-0
100,OBORUS__ligand3144-0
101,OBORUS__ligand25561-0
102,OBORUS__ligand5755-0
103,OBORUS__ligand4710-0
104,OBORUS__ligand15883-0
105,OBORUS__ligand6995-0
106,OBORUS__ligand488-0
107,OBORUS__ligand430-0
108,OBORUS__ligand2823-0
109,OBORUS__ligand11970-0
110,OBORUS__ligand358-0
111,OBORUS__ligand15926-0
112,OBORUS__ligand4340-0
113,OBORUS__ligand2650-0
114,OBORUS__ligand2281-0
115,OBORUS__ligand19792-0
116,OBORUS__ligand694-0
117,OBORUS__ligand10828-0
118,OBORUS__ligand28810-0
119,OBORUS__ligand3180-0
120,OBORUS__ligand11096-0
121,OBORUS__ligand11447-0
122,OBORUS__ligand24230-0
123,OBORUS__ligand13862-0
124,OBORUS__ligand11357-0
125,OBORUS__ligand28743-0
126,OBORUS__ligand15531-0
127,OBORUS__ligand5415-0
128,OBORUS__ligand12365-0
129,OBORUS__ligand10056-0
130,OBORUS__ligand21919-0
131,OBORUS__ligand3471-0
132,OBORUS__ligand22168-0
133,OBORUS__ligand4161-0
134,OBORUS__ligand4124-0
135,OBORUS__ligand28930-0
136,OBORUS__ligand22294-0
137,OBORUS__ligand14614-0
138,OBORUS__ligand534-0
139,OBORUS__ligand571-0
140,OBORUS__ligand16663-0
141,OBORUS__ligand1113-0
142,OBORUS__ligand8553-0
143,OBORUS__ligand670-0
144,OBORUS__ligand31044-0
145,OBORUS__ligand31842-0
146,OBORUS__ligand11994-0
147,OBORUS__ligand24035-0
148,OBORUS__ligand5201-0
149,OBORUS__ligand2001-0
150,OBORUS__ligand11682-0
151,OBORUS__ligand7566-0
152,OBORUS__ligand20207-0
153,OBORUS__ligand30711-0
154,OBORUS__ligand16988-0
155,OBORUS__ligand8593-0
156,OBORUS__ligand25913-0
157,OBORUS__ligand9944-0
158,OBORUS__ligand383-0
159,OBORUS__ligand416-0
160,OBORUS__ligand19184-0
161,OBORUS__ligand12453-0
162,OBORUS__ligand18448-0
163,OBORUS__ligand226-0
164,OBORUS__ligand28459-0
165,OBORUS__ligand8529-0
166,OBORUS__ligand162-0
167,OBORUS__ligand1169-0
168,OBORUS__ligand1154-0
169,OBORUS__ligand10371-0
170,OBORUS__ligand9615-0
171,OBORUS__ligand18568-0
172,OBORUS__ligand28685-0
173,OBORUS__ligand13672-0
174,OBORUS__ligand4596-0
175,OBORUS__ligand1498-0
176,OBORUS__ligand43-0
177,OBORUS__ligand2692-0
178,OBORUS__ligand1618-0
179,OBORUS__ligand27285-0
180,OBORUS__ligand29029-0
181,OBORUS__ligand656-0
182,OBORUS__ligand1028-0
183,OBORUS__ligand67-0
184,OBORUS__ligand23197-0
185,OBORUS__ligand4262-0
186,OBORUS__ligand4-0
187,OBORUS__ligand2027-0
188,OBORUS__ligand1015-0
189,OBORUS__ligand1050-0
190,OBORUS__ligand30142-0
191,OBORUS__ligand27669-0
192,OBORUS__ligand696-0
193,OBORUS__ligand14167-0
194,OBORUS__ligand13477-0
195,OBORUS__ligand384-0
196,OBORUS__ligand25048-0
197,OBORUS__ligand5180-0
198,OBORUS__ligand21940-0
199,OBORUS__ligand24953-0
200,OBORUS__ligand23445-0
201,OBORUS__ligand6017-0
202,OBORUS__ligand5708-0
203,OBORUS__ligand27122-0
204,OBORUS__ligand20432-0
205,OBORUS__ligand7316-0
206,OBORUS__ligand13755-0
207,OBORUS__ligand16133-0
208,OBORUS__ligand2260-0
209,OBORUS__ligand7092-0
210,OBORUS__ligand1116-0
211,OBORUS__ligand1153-0
212,OBORUS__ligand3225-0
213,OBORUS__ligand2124-0
214,OBORUS__ligand8612-0
215,OBORUS__ligand7172-0
216,OBORUS__ligand9323-0
217,OBORUS__ligand30004-0
218,OBORUS__ligand20557-0
219,OBORUS__ligand768-0
220,OBORUS__ligand7273-0
221,OBORUS__ligand18413-0
222,OBORUS__ligand20844-0
223,OBORUS__ligand24624-0
224,OBORUS__ligand2906-0
225,OBORUS__ligand18757-0
226,OBORUS__ligand24560-0
227,OBORUS__ligand3244-0
228,OBORUS__ligand4711-0
229,OBORUS__ligand4649-0
230,OBORUS__ligand5649-0
231,OBORUS__ligand2788-0
232,OBORUS__ligand8793-0
233,OBORUS__ligand9753-0
234,OBORUS__ligand1787-0
235,OBORUS__ligand30788-0
236,OBORUS__ligand1356-0
237,OBORUS__ligand3-0
238,OBORUS__ligand5530-0
239,OBORUS__ligand13691-0
240,OBORUS__ligand14339-0
241,OBORUS__ligand5159-0
242,OBORUS__ligand7196-0
243,OBORUS__ligand18-0
244,OBORUS__ligand4807-0
245,OBORUS__ligand141-0
246,OBORUS__ligand240-0
247,OBORUS__ligand21752-0
248,OBORUS__ligand3178-0
249,OBORUS__ligand18158-0
250,OBORUS__ligand9450-0
251,OBORUS__ligand27771-0
252,OBORUS__ligand1-0
253,OBORUS__ligand29565-0
254,OBORUS__ligand23682-0
255,OBORUS__ligand693-0
256,OBORUS__ligand2612-0
257,OBORUS__ligand1599-0
258,OBORUS__ligand20942-1
259,OBORUS__ligand14226-0
260,OBORUS__ligand21339-0
261,OBORUS__ligand16956-0
262,OBORUS__ligand5387-0
263,OBORUS__ligand2203-0
264,OBORUS__ligand1289-0
265,OBORUS__ligand27550-0
266,OBORUS__ligand18019-1
267,OBORUS__ligand14007-0
268,OBORUS__ligand9284-0
269,OBORUS__ligand22357-0
270,OBORUS__ligand11758-0
271,OBORUS__ligand6391-0
272,OBORUS__ligand3126-0
273,OBORUS__ligand21448-0
274,OBORUS__ligand1114-0
275,OBORUS__ligand2417-0
276,OBORUS__ligand11501-0
277,OBORUS__ligand11544-0
278,OBORUS__ligand29214-0
279,OBORUS__ligand17445-0
280,OBORUS__ligand2043-0
281,OBORUS__ligand757-0
282,OBORUS__ligand17069-0
283,OBORUS__ligand1832-0
284,OBORUS__ligand14477-0
285,OBORUS__ligand8788-0
286,OBORUS__ligand1604-0
287,OBORUS__ligand122-0
288,OBORUS__ligand11798-0
289,OBORUS__ligand12413-0
290,OBORUS__ligand29334-0
291,OBORUS__ligand20731-0
292,OBORUS__ligand1228-0
293,OBORUS__ligand9943-0
294,OBORUS__ligand3712-0
295,OBORUS__ligand1464-0
296,OBORUS__ligand2881-0
297,OBORUS__ligand19668-0
298,OBORUS__ligand1499-0
299,OBORUS__ligand42-0
300,OBORUS__ligand845-0
301,OBORUS__ligand19906-0
302,OBORUS__ligand6892-0
303,OBORUS__ligand22353-0
304,OBORUS__ligand1211-0
305,OBORUS__ligand3677-0
306,OBORUS__ligand3632-0
307,OBORUS__ligand1294-0
308,OBORUS__ligand163-0
309,OBORUS__ligand126-0
310,OBORUS__ligand1168-0
311,OBORUS__ligand6699-0
312,OBORUS__ligand10151-0
313,OBORUS__ligand596-0
314,OBORUS__ligand941-0
315,OBORUS__ligand4007-0
316,OBORUS__ligand2985-0
317,OBORUS__ligand29813-0
318,OBORUS__ligand16952-0
319,OBORUS__ligand9299-0
320,OBORUS__ligand15387-0
321,OBORUS__ligand7291-0
322,OBORUS__ligand20121-0
323,OBORUS__ligand777-0
324,OBORUS__ligand3677-1
325,OBORUS__ligand9883-0
326,OBORUS__ligand20220-0
327,OBORUS__ligand20530-0
328,OBORUS__ligand9344-0
329,OBORUS__ligand66-0
330,OBORUS__ligand11698-0
331,OBORUS__ligand13657-0
332,OBORUS__ligand14347-0
333,OBORUS__ligand14302-0
334,OBORUS__ligand8000-0
335,OBORUS__ligand366-0
336,OBORUS__ligand24851-0
337,OBORUS__ligand3736-0
338,OBORUS__ligand29441-0
339,OBORUS__ligand3945-0
340,OBORUS__ligand10853-0
341,OBORUS__ligand187-0
342,OBORUS__ligand2693-0
343,OBORUS__ligand5383-0
344,OBORUS__ligand10479-0
345,OBORUS__ligand27610-0
346,OBORUS__ligand657-0
347,OBORUS__ligand11479-0
348,OBORUS__ligand11622-0
349,OBORUS__ligand6117-0
350,OBORUS__ligand1407-0
351,OBORUS__ligand321-0
352,OBORUS__ligand8002-0
353,OBORUS__ligand5509-0
354,OBORUS__ligand16870-0
355,OBORUS__ligand178-0
356,OBORUS__ligand16603-0
357,OBORUS__ligand185-0
358,OBORUS__ligand11814-0
359,OBORUS__ligand5080-0
360,OBORUS__ligand7762-0
361,OBORUS__ligand279-0
362,OBORUS__ligand17686-0
363,OBORUS__ligand25658-0
364,OBORUS__ligand5304-0
365,OBORUS__ligand201-0
366,OBORUS__ligand31205-0
367,OBORUS__ligand9167-0
368,OBORUS__ligand2238-0
369,OBORUS__ligand15455-0
370,OBORUS__ligand3867-0
371,OBORUS__ligand1317-0
372,OBORUS__ligand7293-0
373,OBORUS__ligand2822-0
374,OBORUS__ligand11177-0
375,OBORUS__ligand2259-0
376,OBORUS__ligand19824-0
377,OBORUS__ligand18067-0
378,OBORUS__ligand1296-0
379,OBORUS__ligand8592-0
380,OBORUS__ligand5099-0
381,OBORUS__ligand1197-0
382,OBORUS__ligand1376-0
383,OBORUS__ligand10582-0
384,OBORUS__ligand5510-0
385,OBORUS__ligand13260-0
386,OBORUS__ligand338-0
387,OBORUS__ligand9773-0
388,OBORUS__ligand38-0
389,OBORUS__ligand11252-0
390,OBORUS__ligand31000-0
391,OBORUS__ligand5595-0
392,OBORUS__ligand4101-0
393,OBORUS__ligand11606-0
394,OBORUS__ligand3926-0
395,OBORUS__ligand3120-0
396,OBORUS__ligand20821-0
397,OBORUS__ligand4358-0
398,OBORUS__ligand2221-0
399,OBORUS__ligand26673-0
400,OBORUS__ligand4620-0
401,OBORUS__ligand24750-0
402,OBORUS__ligand31578-0
403,OBORUS__ligand2295-0
404,OBORUS__ligand6067-0
405,OBORUS__ligand1577-0
406,OBORUS__ligand17207-0
407,OBORUS__ligand17945-0
408,OBORUS__ligand18013-0
409,OBORUS__ligand25224-0
410,OBORUS__ligand115-0
411,OBORUS__ligand18703-0
412,OBORUS__ligand7819-0
413,OBORUS__ligand29087-0
414,OBORUS__ligand2917-0
415,OBORUS__ligand6102-0
416,OBORUS__ligand6596-0
417,OBORUS__ligand6904-0
418,OBORUS__ligand3721-0
419,OBORUS__ligand3465-0
420,OBORUS__ligand28924-0
421,OBORUS__ligand34-0
422,OBORUS__ligand833-0
423,OBORUS__ligand15438-0
424,OBORUS__ligand15168-0
425,OBORUS__ligand3234-0
426,OBORUS__ligand1142-0
427,OBORUS__ligand55-0
428,OBORUS__ligand23589-0
429,OBORUS__ligand8835-0
430,OBORUS__ligand784-0
431,OBORUS__ligand2028-0
432,OBORUS__ligand24064-0
433,OBORUS__ligand7126-0
434,OBORUS__ligand368-0
435,OBORUS__ligand68-0
436,OBORUS__ligand4641-0
437,OBORUS__ligand395-0
438,OBORUS__ligand22755-0
439,OBORUS__ligand11432-0
440,OBORUS__ligand31618-0
441,OBORUS__ligand10432-0
442,OBORUS__ligand29898-0
443,OBORUS__ligand26277-0
444,OBORUS__ligand746-0
445,OBORUS__ligand11568-0
446,OBORUS__ligand5643-0
447,OBORUS__ligand17710-0
448,OBORUS__ligand20579-0
449,OBORUS__ligand1823-0
450,OBORUS__ligand447-0
451,OBORUS__ligand8721-0
452,OBORUS__ligand1324-0
453,OBORUS__ligand14586-0
454,OBORUS__ligand11774-0
455,OBORUS__ligand9111-0
456,OBORUS__ligand9952-0
457,OBORUS__ligand5036-0
458,OBORUS__ligand2526-0
459,OBORUS__ligand1615-0
460,OBORUS__ligand21421-0
461,OBORUS__ligand176-0
462,OBORUS__ligand8992-0
463,OBORUS__ligand19725-0
464,OBORUS__ligand24613-0
465,OBORUS__ligand9601-0
466,OBORUS__ligand6124-0
467,OBORUS__ligand3707-0
468,OBORUS__ligand7967-0
469,OBORUS__ligand10555-0
470,OBORUS__ligand4116-0
471,OBORUS__ligand487-0
472,OBORUS__ligand31483-0
473,OBORUS__ligand57-0
474,OBORUS__ligand1018-0
475,OBORUS__ligand12336-0
476,OBORUS__ligand3156-0
477,OBORUS__ligand2915-0
478,OBORUS__ligand506-0
479,OBORUS__ligand13072-0
480,OBORUS__ligand6244-0
481,OBORUS__ligand1378-0
482,OBORUS__ligand18699-0
483,OBORUS__ligand12682-0
484,OBORUS__ligand2332-0
485,OBORUS__ligand9441-0
486,OBORUS__ligand152-0
487,OBORUS__ligand1631-0
488,OBORUS__ligand17590-0
489,OBORUS__ligand9933-0
490,OBORUS__ligand1575-0
491,OBORUS__ligand1530-0
492,OBORUS__ligand17240-0
493,OBORUS__ligand7629-0
494,OBORUS__ligand22981-0
495,OBORUS__ligand25805-0
496,OBORUS__ligand4272-0
497,OBORUS__ligand20599-0
498,OBORUS__ligand1451-0
499,OBORUS__ligand32-0
500,OBORUS__ligand27074-0
501,OBORUS__ligand9784-0
502,OBORUS__ligand27169-0
503,OBORUS__ligand1160-0
504,OBORUS__ligand8699-0
505,OBORUS__ligand14523-0
506,OBORUS__ligand9520-0
507,OBORUS__ligand18391-0
508,OBORUS__ligand3954-0
509,OBORUS__ligand4093-0
510,OBORUS__ligand4442-0
511,OBORUS__ligand196-0
512,OBORUS__ligand6709-0
513,OBORUS__ligand1219-0
514,OBORUS__ligand686-0
515,OBORUS__ligand7867-0
516,OBORUS__ligand12467-0
517,OBORUS__ligand25267-0
518,OBORUS__ligand4016-0
519,OBORUS__ligand10084-0
520,OBORUS__ligand23904-0
521,OBORUS__ligand7238-0
522,OBORUS__ligand13257-0
523,OBORUS__ligand7280-0
524,OBORUS__ligand1304-0
525,OBORUS__ligand1790-0
526,OBORUS__ligand21936-0
527,OBORUS__ligand422-0
528,OBORUS__ligand29863-0
529,OBORUS__ligand1285-0
530,OBORUS__ligand18074-0
531,OBORUS__ligand13869-0
532,OBORUS__ligand7000-0
533,OBORUS__ligand1982-0
534,OBORUS__ligand6768-0
535,OBORUS__ligand8115-0
536,OBORUS__ligand11140-0
537,OBORUS__ligand4546-0
538,OBORUS__ligand4503-0
539,OBORUS__ligand393-0
540,OBORUS__ligand29610-0
541,OBORUS__ligand4157-0
542,OBORUS__ligand16-0
543,OBORUS__ligand28668-0
544,OBORUS__ligand5256-0
545,OBORUS__ligand16791-0
546,OBORUS__ligand353-0
547,OBORUS__ligand7648-0
548,OBORUS__ligand8876-0
549,OBORUS__ligand2828-0
550,OBORUS__ligand9833-0
551,OBORUS__ligand18465-0
552,OBORUS__ligand9291-0
553,OBORUS__ligand18799-0
554,OBORUS__ligand2176-0
555,OBORUS__ligand2232-0
556,OBORUS__ligand780-0
557,OBORUS__ligand19257-0
558,OBORUS__ligand314-0
559,OBORUS__ligand13209-0
560,OBORUS__ligand5211-0
561,OBORUS__ligand813-0
562,OBORUS__ligand51-0
563,OBORUS__ligand4155-0
564,OBORUS__ligand3094-0
565,OBORUS__ligand12660-0
566,OBORUS__ligand4720-0
567,OBORUS__ligand3131-0
568,OBORUS__ligand1202-0
569,OBORUS__ligand3937-0
570,OBORUS__ligand3174-0
571,OBORUS__ligand31248-0
572,OBORUS__ligand8969-0
573,OBORUS__ligand25650-0
574,OBORUS__ligand6839-0
575,OBORUS__ligand5331-0
576,OBORUS__ligand1512-0
577,OBORUS__ligand618-0
578,OBORUS__ligand3565-0
579,OBORUS__ligand11206-0
580,OBORUS__ligand391-0
581,OBORUS__ligand23124-0
582,OBORUS__ligand2485-0
583,OBORUS__ligand3852-0
584,OBORUS__ligand25735-0
585,OBORUS__ligand6919-0
586,OBORUS__ligand12519-0
587,OBORUS__ligand91-0
588,OBORUS__ligand3504-0
589,OBORUS__ligand1959-0
590,OBORUS__ligand1573-0
591,OBORUS__ligand1536-0
592,OBORUS__ligand30539-0
593,OBORUS__ligand9935-0
594,OBORUS__ligand3718-0
595,OBORUS__ligand465-0
596,OBORUS__ligand21132-0
597,OBORUS__ligand11166-0
598,OBORUS__ligand6616-0
599,OBORUS__ligand3035-0
600,OBORUS__ligand3876-0
601,OBORUS__ligand1343-0
602,OBORUS__ligand23906-0
603,OBORUS__ligand48-0
604,OBORUS__ligand4661-0
605,OBORUS__ligand1844-0
606,OBORUS__ligand12295-0
607,OBORUS__ligand7242-0
608,OBORUS__ligand27835-0
609,OBORUS__ligand7106-0
610,OBORUS__ligand9908-0
611,OBORUS__ligand1263-0
612,OBORUS__ligand21787-0
613,OBORUS__ligand25575-0
614,OBORUS__ligand25689-0
615,OBORUS__ligand314-1
616,OBORUS__ligand3392-0
617,OBORUS__ligand31783-0
618,OBORUS__ligand8-0
619,OBORUS__ligand1771-0
620,OBORUS__ligand4911-0
621,OBORUS__ligand5849-0
622,OBORUS__ligand26665-0
623,OBORUS__ligand17631-0
624,OBORUS__ligand13012-0
625,OBORUS__ligand909-0
626,OBORUS__ligand17258-0
627,OBORUS__ligand14603-0
628,OBORUS__ligand14297-0
629,OBORUS__ligand30988-0
630,OBORUS__ligand2527-0
631,OBORUS__ligand27175-0
632,OBORUS__ligand18832-0
633,OBORUS__ligand23713-0
634,OBORUS__ligand177-0
635,OBORUS__ligand1709-0
636,OBORUS__ligand19641-0
637,OBORUS__ligand8464-0
638,OBORUS__ligand8349-0
639,OBORUS__ligand12934-0
640,OBORUS__ligand20578-0
641,OBORUS__ligand15422-0
642,OBORUS__ligand27893-0
643,OBORUS__ligand14723-0
644,OBORUS__ligand16628-0
645,OBORUS__ligand116-0
646,OBORUS__ligand5056-0
647,OBORUS__ligand4850-0
648,OBORUS__ligand20740-0
649,OBORUS__ligand1688-0
650,OBORUS__ligand28468-0
651,OBORUS__ligand252-0
652,OBORUS__ligand5357-0
653,OBORUS__ligand12427-0
654,OBORUS__ligand3647-0
655,OBORUS__ligand3871-0
656,OBORUS__ligand1469-0
657,OBORUS__ligand27460-0
658,OBORUS__ligand1768-0
659,OBORUS__ligand830-0
660,OBORUS__ligand12606-0
661,OBORUS__ligand5935-0
662,OBORUS__ligand372-0
663,OBORUS__ligand30333-0
664,OBORUS__ligand1379-0
665,OBORUS__ligand2722-0
666,OBORUS__ligand3157-0
667,OBORUS__ligand12337-0
668,OBORUS__ligand29410-0
669,OBORUS__ligand26540-0
670,OBORUS__ligand193-0
671,OBORUS__ligand17281-0
672,OBORUS__ligand1165-0
673,OBORUS__ligand30296-0
674,OBORUS__ligand9525-0
675,OBORUS__ligand370-0
676,OBORUS__ligand10958-0
677,OBORUS__ligand12641-0
678,OBORUS__ligand4131-0
679,OBORUS__ligand1712-0
680,OBORUS__ligand14108-0
681,OBORUS__ligand5094-0
682,OBORUS__ligand5892-0
683,OBORUS__ligand13425-0
684,OBORUS__ligand29302-0
685,OBORUS__ligand1533-0
686,OBORUS__ligand250-0
687,OBORUS__ligand18814-0
688,OBORUS__ligand19057-0
689,OBORUS__ligand27763-0
690,OBORUS__ligand7557-0
691,OBORUS__ligand1496-0
692,OBORUS__ligand28676-0
693,OBORUS__ligand10262-0
694,OBORUS__ligand3208-0
695,OBORUS__ligand2208-0
696,OBORUS__ligand13068-0
697,OBORUS__ligand19830-0
698,OBORUS__ligand10476-0
699,OBORUS__ligand24145-0
700,OBORUS__ligand188-0
701,OBORUS__ligand12401-0
702,OBORUS__ligand15585-0
703,OBORUS__ligand9809-0
704,OBORUS__ligand6672-0
705,OBORUS__ligand12231-0
706,OBORUS__ligand1327-0
707,OBORUS__ligand8722-0
708,OBORUS__ligand7573-0
709,OBORUS__ligand2781-0
710,OBORUS__ligand69-0
711,OBORUS__ligand3350-0
712,OBORUS__ligand12130-0
713,OBORUS__ligand17387-0
714,OBORUS__ligand18292-0
715,OBORUS__ligand12289-0
716,OBORUS__ligand26702-0
717,OBORUS__ligand13658-0
718,OBORUS__ligand11-0
719,OBORUS__ligand2328-0
720,OBORUS__ligand1773-0
721,OBORUS__ligand17805-0
722,OBORUS__ligand4581-0
723,OBORUS__ligand311-0
724,OBORUS__ligand785-0
725,OBORUS__ligand3029-0
726,OBORUS__ligand17302-0
727,OBORUS__ligand7162-0
728,OBORUS__ligand479-0
729,OBORUS__ligand25178-0
730,OBORUS__ligand564-0
731,OBORUS__ligand1900-0
732,OBORUS__ligand23769-0
733,OBORUS__ligand370-1
734,OBORUS__ligand620-0
735,OBORUS__ligand24185-0
736,OBORUS__ligand9197-0
737,OBORUS__ligand7532-0
738,OBORUS__ligand20682-0
739,OBORUS__ligand4194-0
740,OBORUS__ligand2599-0
741,OBORUS__ligand235-0
742,OBORUS__ligand4330-0
743,OBORUS__ligand134-0
744,OBORUS__ligand13390-0
745,OBORUS__ligand1147-0
746,OBORUS__ligand3973-0
747,OBORUS__ligand560-0
748,OBORUS__ligand2068-0
749,OBORUS__ligand13208-0
750,OBORUS__ligand7925-0
751,OBORUS__ligand26810-0
752,OBORUS__ligand27482-0
753,OBORUS__ligand28884-0
754,OBORUS__ligand13331-0
755,OBORUS__ligand294-0
756,OBORUS__ligand14248-0
757,OBORUS__ligand29879-0
758,OBORUS__ligand12030-0
759,OBORUS__ligand3215-0
760,OBORUS__ligand13294-0
761,OBORUS__ligand31832-0
762,OBORUS__ligand7107-0
763,OBORUS__ligand89-0
764,OBORUS__ligand421-0
765,OBORUS__ligand6283-0
766,OBORUS__ligand25411-0
767,OBORUS__ligand49-0
768,OBORUS__ligand11456-0
769,OBORUS__ligand5813-0
770,OBORUS__ligand4813-0
771,OBORUS__ligand4738-0
772,OBORUS__ligand14174-0
773,OBORUS__ligand6062-0
774,OBORUS__ligand10712-0
775,OBORUS__ligand685-0
776,OBORUS__ligand5627-0
777,OBORUS__ligand1729-0
778,OBORUS__ligand16475-0
779,OBORUS__ligand2830-0
780,OBORUS__ligand14703-0
781,OBORUS__ligand5316-0
782,OBORUS__ligand20251-1
783,OBORUS__ligand5483-0
784,OBORUS__ligand9148-0
785,OBORUS__ligand17982-0
786,OBORUS__ligand29414-0
787,OBORUS__ligand197-0
788,OBORUS__ligand17278-0
789,OBORUS__ligand20011-0
790,OBORUS__ligand24047-0
791,OBORUS__ligand22557-0
792,OBORUS__ligand10589-0
793,OBORUS__ligand20598-0
794,OBORUS__ligand1415-0
795,OBORUS__ligand6946-0
796,OBORUS__ligand11675-0
797,OBORUS__ligand7529-0
798,OBORUS__ligand17398-0
799,OBORUS__ligand28789-0
800,OBORUS__ligand3934-0
801,OBORUS__ligand21371-0
802,OBORUS__ligand17118-0
803,OBORUS__ligand20419-0
804,OBORUS__ligand6882-0
805,OBORUS__ligand6455-0
806,OBORUS__ligand2403-0
807,OBORUS__ligand14889-0
808,OBORUS__ligand17-0
809,OBORUS__ligand30851-0
810,OBORUS__ligand29568-0
811,OBORUS__ligand352-0
812,OBORUS__ligand783-0
813,OBORUS__ligand1449-0
814,OBORUS__ligand31097-0
815,OBORUS__ligand21581-0
816,OBORUS__ligand3012-0
817,OBORUS__ligand20214-0
818,OBORUS__ligand30702-0
819,OBORUS__ligand20251-0
820,OBORUS__ligand868-0
821,OBORUS__ligand7530-0
822,OBORUS__ligand1065-0
823,OBORUS__ligand20539-0
824,OBORUS__ligand9681-0
825,OBORUS__ligand14117-0
826,OBORUS__ligand17261-0
827,OBORUS__ligand4332-0
