,TMC
0,ADUGOY__ligand126-0
1,ADUGOY__ligand4370-0
2,ADUGOY__ligand1436-0
3,ADUGOY__ligand2618-0
4,ADUGOY__ligand3618-0
5,ADUGOY__ligand18-0
6,ADUGOY__ligand861-0
7,ADUGOY__ligand4175-0
8,ADUGOY__ligand366-0
9,ADUGOY__ligand187-0
10,ADUGOY__ligand2255-0
11,ADUGOY__ligand612-0
12,ADUGOY__ligand596-0
13,ADUGOY__ligand1918-0
14,ADUGOY__ligand244-0
15,ADUGOY__ligand201-0
16,ADUGOY__ligand4012-0
17,ADUGOY__ligand3196-0
18,ADUGOY__ligand100-0
19,ADUGOY__ligand62-0
20,ADUGOY__ligand321-0
21,ADUGOY__ligand11730-0
22,ADUGOY__ligand2915-0
23,ADUGOY__ligand178-0
24,ADUGOY__ligand279-0
25,ADUGOY__ligand2707-0
26,ADUGOY__ligand86-0
27,ADUGOY__ligand119-0
28,ADUGOY__ligand1690-0
29,ADUGOY__ligand124-0
30,ADUGOY__ligand1551-0
31,ADUGOY__ligand2526-0
32,ADUGOY__ligand4423-0
33,ADUGOY__ligand1907-0
34,ADUGOY__ligand3890-0
35,ADUGOY__ligand7630-0
36,ADUGOY__ligand384-0
37,ADUGOY__ligand1285-0
38,ADUGOY__ligand120-0
39,ADUGOY__ligand1555-0
40,ADUGOY__ligand7550-0
41,ADUGOY__ligand66-0
42,ADUGOY__ligand141-0
43,ADUGOY__ligand240-0
44,ADUGOY__ligand1160-0
45,ADUGOY__ligand2253-0
46,ADUGOY__ligand2954-0
47,ADUGOY__ligand5093-0
48,ADUGOY__ligand6-0
49,ADUGOY__ligand2762-0
50,ADUGOY__ligand1038-0
51,ADUGOY__ligand4-0
52,ADUGOY__ligand3251-0
53,ADUGOY__ligand4619-0
54,ADUGOY__ligand6143-0
55,ADUGOY__ligand5235-0
56,ADUGOY__ligand21-0
57,ADUGOY__ligand2718-0
58,ADUGOY__ligand3070-0
59,ADUGOY__ligand3035-0
60,ADUGOY__ligand1493-0
61,ADUGOY__ligand9176-0
62,ADUGOY__ligand3478-0
63,ADUGOY__ligand757-0
64,ADUGOY__ligand3852-0
65,ADUGOY__ligand40-0
66,ADUGOY__ligand5758-0
67,ADUGOY__ligand7456-0
68,ADUGOY__ligand38-0
69,ADUGOY__ligand1818-0
70,ADUGOY__ligand797-0
71,ADUGOY__ligand1221-0
72,ADUGOY__ligand1264-0
73,ADUGOY__ligand3-0
74,ADUGOY__ligand6430-0
75,ADUGOY__ligand278-0
76,ADUGOY__ligand1299-0
77,ADUGOY__ligand365-0
78,ADUGOY__ligand1379-0
79,ADUGOY__ligand430-0
80,ADUGOY__ligand2376-0
81,ADUGOY__ligand358-0
82,ADUGOY__ligand669-0
83,ADUGOY__ligand2929-0
84,ADUGOY__ligand6571-0
85,ADUGOY__ligand2482-0
86,ADUGOY__ligand1325-0
87,ADUGOY__ligand509-0
88,ADUGOY__ligand1104-0
89,ADUGOY__ligand7414-0
90,ADUGOY__ligand5762-0
91,ADUGOY__ligand571-0
92,ADUGOY__ligand118-0
93,ADUGOY__ligand670-0
94,ADUGOY__ligand2442-0
95,ADUGOY__ligand1019-0
96,ADUGOY__ligand1858-0
97,ADUGOY__ligand85-0
98,ADUGOY__ligand8032-0
99,ADUGOY__ligand78-0
100,ADUGOY__ligand383-0
101,ADUGOY__ligand2480-0
102,ADUGOY__ligand4504-0
103,ADUGOY__ligand3051-0
104,ADUGOY__ligand1898-0
105,ADUGOY__ligand45-0
106,ADUGOY__ligand2315-0
107,ADUGOY__ligand226-0
108,ADUGOY__ligand5334-0
109,ADUGOY__ligand162-0
110,ADUGOY__ligand2389-0
111,ADUGOY__ligand1919-0
112,ADUGOY__ligand3579-0
113,ADUGOY__ligand1-0
114,ADUGOY__ligand2916-0
115,ADUGOY__ligand2110-0
116,ADUGOY__ligand1712-0
117,ADUGOY__ligand206-0
118,ADUGOY__ligand142-0
119,ADUGOY__ligand1307-0
120,ADUGOY__ligand436-0
121,ADUGOY__ligand326-0
122,ADUGOY__ligand821-0
123,ADUGOY__ligand283-0
124,ADUGOY__ligand553-0
125,ADUGOY__ligand6166-0
126,ADUGOY__ligand497-0
127,ADUGOY__ligand532-0
128,ADUGOY__ligand1246-0
129,ADUGOY__ligand633-0
130,ADUGOY__ligand918-0
131,ADUGOY__ligand5089-0
132,ADUGOY__ligand2599-0
133,ADUGOY__ligand166-0
134,ADUGOY__ligand2853-0
135,ADUGOY__ligand3853-0
136,ADUGOY__ligand838-0
137,ADUGOY__ligand3566-0
138,ADUGOY__ligand1178-0
139,ADUGOY__ligand199-0
140,ADUGOY__ligand927-0
141,ADUGOY__ligand1321-0
142,ADUGOY__ligand1788-0
143,ADUGOY__ligand575-0
144,ADUGOY__ligand409-0
145,ADUGOY__ligand361-0
146,ADUGOY__ligand324-0
147,ADUGOY__ligand4894-0
148,ADUGOY__ligand1260-0
149,ADUGOY__ligand9620-0
150,ADUGOY__ligand105-0
151,ADUGOY__ligand140-0
152,ADUGOY__ligand4811-0
153,ADUGOY__ligand1449-1
154,ADUGOY__ligand7514-0
155,ADUGOY__ligand3337-0
156,ADUGOY__ligand67-0
157,ADUGOY__ligand109-0
158,ADUGOY__ligand560-0
159,ADUGOY__ligand525-0
160,ADUGOY__ligand8774-0
161,ADUGOY__ligand390-0
162,ADUGOY__ligand235-0
163,ADUGOY__ligand3637-0
164,ADUGOY__ligand932-0
165,ADUGOY__ligand134-0
166,ADUGOY__ligand1054-0
167,ADUGOY__ligand421-0
168,ADUGOY__ligand798-0
169,ADUGOY__ligand6294-0
170,ADUGOY__ligand1248-0
171,ADUGOY__ligand4303-0
172,ADUGOY__ligand584-0
173,ADUGOY__ligand916-0
174,ADUGOY__ligand1598-0
175,ADUGOY__ligand7464-0
176,ADUGOY__ligand993-0
177,ADUGOY__ligand294-0
178,ADUGOY__ligand331-0
179,ADUGOY__ligand296-0
180,ADUGOY__ligand2907-0
181,ADUGOY__ligand197-0
182,ADUGOY__ligand2430-0
183,ADUGOY__ligand1703-0
184,ADUGOY__ligand2862-0
185,ADUGOY__ligand1056-0
186,ADUGOY__ligand2320-0
187,ADUGOY__ligand2510-0
188,ADUGOY__ligand1567-0
189,ADUGOY__ligand2285-0
190,ADUGOY__ligand112-0
191,ADUGOY__ligand8921-0
192,ADUGOY__ligand442-0
193,ADUGOY__ligand868-0
194,ADUGOY__ligand11-0
195,ADUGOY__ligand136-0
196,ADUGOY__ligand1607-0
197,ADUGOY__ligand1152-0
198,ADUGOY__ligand352-0
199,ADUGOY__ligand783-0
200,ADUGOY__ligand1727-0
201,ADUGOY__ligand1502-0
202,ADUGOY__ligand934-0
203,ADUGOY__ligand177-0
204,ADUGOY__ligand4983-0
205,ADUGOY__ligand14530-0
206,ADUGOY__ligand1835-0
207,ADUGOY__ligand2794-0
208,ADUGOY__ligand2345-0
209,ADUGOY__ligand9027-0
210,ADUGOY__ligand851-0
211,ADUGOY__ligand6396-0
212,ADUGOY__ligand909-0
213,ADUGOY__ligand2265-0
214,ADUGOY__ligand1113-0
215,ADUGOY__ligand830-0
216,ADUGOY__ligand49-0
217,ADUGOY__ligand193-0
218,ADUGOY__ligand10910-0
219,ADUGOY__ligand1273-0
220,ADUGOY__ligand955-0
221,ADUGOY__ligand252-0
222,ADUGOY__ligand89-0
223,ADUGOY__ligand1052-0
224,ADUGOY__ligand250-0
225,ADUGOY__ligand2864-0
226,ADUGOY__ligand460-0
227,ADUGOY__ligand6538-0
228,ADUGOY__ligand370-0
229,ADUGOY__ligand9495-0
230,ADUGOY__ligand2772-0
231,ADUGOY__ligand6151-0
232,ADUGOY__ligand10114-0
233,ADUGOY__ligand2142-0
234,ADUGOY__ligand1799-0
235,ADUGOY__ligand3838-0
236,ADUGOY__ligand2838-0
237,ADUGOY__ligand311-0
238,ADUGOY__ligand2880-0
239,ADUGOY__ligand5941-0
240,ADUGOY__ligand92-0
241,ADUGOY__ligand5022-0
242,ADUGOY__ligand188-0
243,ADUGOY__ligand1169-0
244,ADUGOY__ligand369-0
245,ADUGOY__ligand10479-0
246,ADUGOY__ligand444-0
247,ADUGOY__ligand17-0
248,ADUGOY__ligand6332-0
249,ADUGOY__ligand113-0
250,ADUGOY__ligand3178-0
251,ADUGOY__ligand34-0
252,ADUGOY__ligand2863-0
253,ADUGOY__ligand2098-0
254,ADUGOY__ligand6502-0
255,ADUGOY__ligand422-0
256,ADUGOY__ligand1747-0
257,ADUGOY__ligand6686-0
258,ADUGOY__ligand7915-0
259,ADUGOY__ligand5548-0
260,ADUGOY__ligand3145-0
261,ADUGOY__ligand502-0
262,ADUGOY__ligand196-0
263,ADUGOY__ligand2751-0
264,ADUGOY__ligand95-0
265,ADUGOY__ligand353-0
266,ADUGOY__ligand1542-0
267,ADUGOY__ligand8-0
268,ADUGOY__ligand2634-0
269,ADUGOY__ligand236-0
270,ADUGOY__ligand3041-0
271,ADUGOY__ligand55-0
272,ADUGOY__ligand9244-0
273,ADUGOY__ligand170-0
274,ADUGOY__ligand1228-0
275,ADUGOY__ligand57-0
276,ADUGOY__ligand391-0
277,ADUGOY__ligand314-0
278,ADUGOY__ligand481-0
279,ADUGOY__ligand1538-0
280,ADUGOY__ligand1114-0
281,ADUGOY__ligand3246-0
282,ADUGOY__ligand1148-0
283,ADUGOY__ligand210-0
284,ADUGOY__ligand1479-0
285,ADUGOY__ligand73-0
286,ADUGOY__ligand291-0
287,ADUGOY__ligand1171-0
288,ADUGOY__ligand3063-0
289,ADUGOY__ligand1438-0
290,ADUGOY__ligand32-0
291,ADUGOY__ligand5801-0
292,ADUGOY__ligand115-0
293,ADUGOY__ligand1459-0
294,ADUGOY__ligand1544-0
295,ADUGOY__ligand1685-0
296,ADUGOY__ligand485-0
297,ADUGOY__ligand3757-0
298,ADUGOY__ligand355-0
299,ADUGOY__ligand784-0
300,ADUGOY__ligand2087-0
301,ADUGOY__ligand1048-0
302,ADUGOY__ligand666-0
303,ADUGOY__ligand1687-0
304,ADUGOY__ligand522-0
305,ADUGOY__ligand1951-0
306,ADUGOY__ligand91-0
307,ADUGOY__ligand6277-0
308,ADUGOY__ligand487-0
309,ADUGOY__ligand29-0
310,ADUGOY__ligand1376-0
311,ADUGOY__ligand15630-0
312,ADUGOY__ligand2768-0
313,ADUGOY__ligand51-0
314,ADUGOY__ligand447-0
315,ADUGOY__ligand10357-0
316,ADUGOY__ligand2259-0
317,ADUGOY__ligand2688-0
318,ADUGOY__ligand133-0
319,ADUGOY__ligand682-0
320,ADUGOY__ligand4381-0
321,ADUGOY__ligand2629-0
322,ADUGOY__ligand48-0
323,ADUGOY__ligand3734-0
324,ADUGOY__ligand1706-0
