,TMC
0,CECZIT__ligand31000-0
1,CECZIT__ligand78-0
2,CECZIT__ligand1908-0
3,CECZIT__ligand4795-0
4,CECZIT__ligand3285-0
5,CECZIT__ligand11606-0
6,CECZIT__ligand20821-0
7,CECZIT__ligand1786-0
8,CECZIT__ligand26673-0
9,CECZIT__ligand5630-0
10,CECZIT__ligand18067-0
11,CECZIT__ligand1397-0
12,CECZIT__ligand338-0
13,CECZIT__ligand7213-0
14,CECZIT__ligand19824-0
15,CECZIT__ligand1828-0
16,CECZIT__ligand6112-0
17,CECZIT__ligand8042-0
18,CECZIT__ligand13260-0
19,CECZIT__ligand10582-0
20,CECZIT__ligand3144-0
21,CECZIT__ligand5085-0
22,CECZIT__ligand11252-0
23,CECZIT__ligand45-0
24,CECZIT__ligand4710-0
25,CECZIT__ligand5755-0
26,CECZIT__ligand17686-0
27,CECZIT__ligand25658-0
28,CECZIT__ligand31205-0
29,CECZIT__ligand1849-0
30,CECZIT__ligand1152-0
31,CECZIT__ligand3261-0
32,CECZIT__ligand201-0
33,CECZIT__ligand5019-0
34,CECZIT__ligand15455-0
35,CECZIT__ligand24-0
36,CECZIT__ligand1216-0
37,CECZIT__ligand11177-0
38,CECZIT__ligand11622-0
39,CECZIT__ligand178-0
40,CECZIT__ligand16870-0
41,CECZIT__ligand185-0
42,CECZIT__ligand279-0
43,CECZIT__ligand19-0
44,CECZIT__ligand5280-0
45,CECZIT__ligand5614-0
46,CECZIT__ligand1831-0
47,CECZIT__ligand16603-0
48,CECZIT__ligand321-0
49,CECZIT__ligand5515-0
50,CECZIT__ligand6663-0
51,CECZIT__ligand11814-0
52,CECZIT__ligand11698-0
53,CECZIT__ligand20530-0
54,CECZIT__ligand4063-0
55,CECZIT__ligand7438-0
56,CECZIT__ligand13657-0
57,CECZIT__ligand14347-0
58,CECZIT__ligand8200-0
59,CECZIT__ligand187-0
60,CECZIT__ligand14302-0
61,CECZIT__ligand24851-0
62,CECZIT__ligand657-0
63,CECZIT__ligand10853-0
64,CECZIT__ligand29441-0
65,CECZIT__ligand3042-0
66,CECZIT__ligand366-0
67,CECZIT__ligand11479-0
68,CECZIT__ligand27610-0
69,CECZIT__ligand10479-0
70,CECZIT__ligand3453-0
71,CECZIT__ligand3416-0
72,CECZIT__ligand29813-0
73,CECZIT__ligand16952-0
74,CECZIT__ligand4207-0
75,CECZIT__ligand777-0
76,CECZIT__ligand941-0
77,CECZIT__ligand596-0
78,CECZIT__ligand15387-0
79,CECZIT__ligand1539-0
80,CECZIT__ligand20121-0
81,CECZIT__ligand1150-0
82,CECZIT__ligand20220-0
83,CECZIT__ligand9491-0
84,CECZIT__ligand1400-0
85,CECZIT__ligand4266-0
86,CECZIT__ligand4167-0
87,CECZIT__ligand1288-0
88,CECZIT__ligand126-0
89,CECZIT__ligand163-0
90,CECZIT__ligand10151-0
91,CECZIT__ligand7075-0
92,CECZIT__ligand1149-0
93,CECZIT__ligand19668-0
94,CECZIT__ligand19906-0
95,CECZIT__ligand3980-0
96,CECZIT__ligand3557-0
97,CECZIT__ligand6993-0
98,CECZIT__ligand1817-0
99,CECZIT__ligand1779-0
100,CECZIT__ligand22353-0
101,CECZIT__ligand9750-0
102,CECZIT__ligand845-0
103,CECZIT__ligand122-0
104,CECZIT__ligand17445-0
105,CECZIT__ligand17069-0
106,CECZIT__ligand2692-0
107,CECZIT__ligand14477-0
108,CECZIT__ligand43-0
109,CECZIT__ligand1618-0
110,CECZIT__ligand1028-0
111,CECZIT__ligand11798-0
112,CECZIT__ligand757-0
113,CECZIT__ligand29334-0
114,CECZIT__ligand12413-0
115,CECZIT__ligand4262-0
116,CECZIT__ligand20731-0
117,CECZIT__ligand2027-0
118,CECZIT__ligand11758-0
119,CECZIT__ligand22357-0
120,CECZIT__ligand1015-0
121,CECZIT__ligand1050-0
122,CECZIT__ligand21448-0
123,CECZIT__ligand11501-0
124,CECZIT__ligand11544-0
125,CECZIT__ligand29214-0
126,CECZIT__ligand27550-0
127,CECZIT__ligand18019-1
128,CECZIT__ligand14007-0
129,CECZIT__ligand8529-0
130,CECZIT__ligand1169-0
131,CECZIT__ligand693-0
132,CECZIT__ligand67-0
133,CECZIT__ligand18158-0
134,CECZIT__ligand1154-0
135,CECZIT__ligand27771-0
136,CECZIT__ligand29565-0
137,CECZIT__ligand9615-0
138,CECZIT__ligand23682-0
139,CECZIT__ligand4596-0
140,CECZIT__ligand14226-0
141,CECZIT__ligand21339-0
142,CECZIT__ligand16956-0
143,CECZIT__ligand1498-0
144,CECZIT__ligand20942-1
145,CECZIT__ligand13691-0
146,CECZIT__ligand141-0
147,CECZIT__ligand30788-0
148,CECZIT__ligand1113-0
149,CECZIT__ligand14339-0
150,CECZIT__ligand8553-0
151,CECZIT__ligand240-0
152,CECZIT__ligand21752-0
153,CECZIT__ligand5201-0
154,CECZIT__ligand24624-0
155,CECZIT__ligand2001-0
156,CECZIT__ligand18413-0
157,CECZIT__ligand20844-0
158,CECZIT__ligand24560-0
159,CECZIT__ligand7566-0
160,CECZIT__ligand18757-0
161,CECZIT__ligand9944-0
162,CECZIT__ligand8593-0
163,CECZIT__ligand6995-0
164,CECZIT__ligand2823-0
165,CECZIT__ligand768-0
166,CECZIT__ligand2650-0
167,CECZIT__ligand2281-0
168,CECZIT__ligand4340-0
169,CECZIT__ligand30004-0
170,CECZIT__ligand20557-0
171,CECZIT__ligand3180-0
172,CECZIT__ligand25048-0
173,CECZIT__ligand5415-0
174,CECZIT__ligand21940-0
175,CECZIT__ligand24953-0
176,CECZIT__ligand23445-0
177,CECZIT__ligand384-0
178,CECZIT__ligand3471-0
179,CECZIT__ligand4161-0
180,CECZIT__ligand4124-0
181,CECZIT__ligand27122-0
182,CECZIT__ligand20432-0
183,CECZIT__ligand16133-0
184,CECZIT__ligand13755-0
185,CECZIT__ligand9284-0
186,CECZIT__ligand6391-0
187,CECZIT__ligand3126-0
188,CECZIT__ligand696-0
189,CECZIT__ligand1114-0
190,CECZIT__ligand30142-0
191,CECZIT__ligand2417-0
192,CECZIT__ligand27669-0
193,CECZIT__ligand14167-0
194,CECZIT__ligand13477-0
195,CECZIT__ligand2043-0
196,CECZIT__ligand29029-0
197,CECZIT__ligand8788-0
198,CECZIT__ligand1832-0
199,CECZIT__ligand27285-0
200,CECZIT__ligand1604-0
201,CECZIT__ligand23197-0
202,CECZIT__ligand1228-0
203,CECZIT__ligand9943-0
204,CECZIT__ligand656-0
205,CECZIT__ligand9450-0
206,CECZIT__ligand10371-0
207,CECZIT__ligand18568-0
208,CECZIT__ligand28685-0
209,CECZIT__ligand2612-0
210,CECZIT__ligand1599-0
211,CECZIT__ligand13672-0
212,CECZIT__ligand5387-0
213,CECZIT__ligand2203-0
214,CECZIT__ligand226-0
215,CECZIT__ligand1289-0
216,CECZIT__ligand19184-0
217,CECZIT__ligand162-0
218,CECZIT__ligand383-0
219,CECZIT__ligand12453-0
220,CECZIT__ligand18448-0
221,CECZIT__ligand28459-0
222,CECZIT__ligand416-0
223,CECZIT__ligand2906-0
224,CECZIT__ligand11682-0
225,CECZIT__ligand3244-0
226,CECZIT__ligand4711-0
227,CECZIT__ligand30711-0
228,CECZIT__ligand20207-0
229,CECZIT__ligand5649-0
230,CECZIT__ligand2788-0
231,CECZIT__ligand8793-0
232,CECZIT__ligand4649-0
233,CECZIT__ligand25913-0
234,CECZIT__ligand16988-0
235,CECZIT__ligand9753-0
236,CECZIT__ligand14614-0
237,CECZIT__ligand5530-0
238,CECZIT__ligand1787-0
239,CECZIT__ligand1356-0
240,CECZIT__ligand5159-0
241,CECZIT__ligand16663-0
242,CECZIT__ligand7196-0
243,CECZIT__ligand31044-0
244,CECZIT__ligand31842-0
245,CECZIT__ligand4807-0
246,CECZIT__ligand571-0
247,CECZIT__ligand11994-0
248,CECZIT__ligand534-0
249,CECZIT__ligand24035-0
250,CECZIT__ligand3178-0
251,CECZIT__ligand670-0
252,CECZIT__ligand8-0
253,CECZIT__ligand28743-0
254,CECZIT__ligand15531-0
255,CECZIT__ligand11357-0
256,CECZIT__ligand13862-0
257,CECZIT__ligand5180-0
258,CECZIT__ligand12365-0
259,CECZIT__ligand10056-0
260,CECZIT__ligand21919-0
261,CECZIT__ligand6017-0
262,CECZIT__ligand22168-0
263,CECZIT__ligand28930-0
264,CECZIT__ligand5708-0
265,CECZIT__ligand7316-0
266,CECZIT__ligand18-0
267,CECZIT__ligand22294-0
268,CECZIT__ligand1116-0
269,CECZIT__ligand1153-0
270,CECZIT__ligand3225-0
271,CECZIT__ligand2260-0
272,CECZIT__ligand7092-0
273,CECZIT__ligand694-0
274,CECZIT__ligand15883-0
275,CECZIT__ligand2124-0
276,CECZIT__ligand8612-0
277,CECZIT__ligand11970-0
278,CECZIT__ligand15926-0
279,CECZIT__ligand10828-0
280,CECZIT__ligand7172-0
281,CECZIT__ligand488-0
282,CECZIT__ligand19792-0
283,CECZIT__ligand430-0
284,CECZIT__ligand11096-0
285,CECZIT__ligand11447-0
286,CECZIT__ligand9323-0
287,CECZIT__ligand28810-0
288,CECZIT__ligand358-0
289,CECZIT__ligand7273-0
290,CECZIT__ligand24230-0
291,CECZIT__ligand22129-0
292,CECZIT__ligand2259-0
293,CECZIT__ligand24780-0
294,CECZIT__ligand1296-0
295,CECZIT__ligand12138-0
296,CECZIT__ligand8592-0
297,CECZIT__ligand5099-0
298,CECZIT__ligand11949-0
299,CECZIT__ligand1197-0
300,CECZIT__ligand5510-0
301,CECZIT__ligand1376-0
302,CECZIT__ligand9773-0
303,CECZIT__ligand409-0
304,CECZIT__ligand25561-0
305,CECZIT__ligand324-0
306,CECZIT__ligand361-0
307,CECZIT__ligand29486-0
308,CECZIT__ligand4101-0
309,CECZIT__ligand5595-0
310,CECZIT__ligand31694-0
311,CECZIT__ligand3926-0
312,CECZIT__ligand3120-0
313,CECZIT__ligand4358-0
314,CECZIT__ligand17427-0
315,CECZIT__ligand2221-0
316,CECZIT__ligand22444-0
317,CECZIT__ligand6117-0
318,CECZIT__ligand1407-0
319,CECZIT__ligand24111-0
320,CECZIT__ligand8002-0
321,CECZIT__ligand5509-0
322,CECZIT__ligand14569-0
323,CECZIT__ligand13385-0
324,CECZIT__ligand17396-0
325,CECZIT__ligand15788-0
326,CECZIT__ligand23175-0
327,CECZIT__ligand199-0
328,CECZIT__ligand13220-0
329,CECZIT__ligand11587-0
330,CECZIT__ligand5080-0
331,CECZIT__ligand7762-0
332,CECZIT__ligand24872-0
333,CECZIT__ligand588-0
334,CECZIT__ligand5304-0
335,CECZIT__ligand9167-0
336,CECZIT__ligand38-0
337,CECZIT__ligand27840-0
338,CECZIT__ligand30728-0
339,CECZIT__ligand2238-0
340,CECZIT__ligand12001-0
341,CECZIT__ligand300-0
342,CECZIT__ligand10033-0
343,CECZIT__ligand24644-0
344,CECZIT__ligand7293-0
345,CECZIT__ligand2822-0
346,CECZIT__ligand3867-0
347,CECZIT__ligand1317-0
348,CECZIT__ligand2985-0
349,CECZIT__ligand4007-0
350,CECZIT__ligand29215-0
351,CECZIT__ligand633-0
352,CECZIT__ligand9299-0
353,CECZIT__ligand7291-0
354,CECZIT__ligand10872-0
355,CECZIT__ligand21399-0
356,CECZIT__ligand497-0
357,CECZIT__ligand26631-0
358,CECZIT__ligand16148-0
359,CECZIT__ligand3677-1
360,CECZIT__ligand9883-0
361,CECZIT__ligand12003-0
362,CECZIT__ligand9344-0
363,CECZIT__ligand8000-0
364,CECZIT__ligand3736-0
365,CECZIT__ligand22403-0
366,CECZIT__ligand3945-0
367,CECZIT__ligand16369-0
368,CECZIT__ligand11111-0
369,CECZIT__ligand28540-0
370,CECZIT__ligand20695-0
371,CECZIT__ligand27754-0
372,CECZIT__ligand2693-0
373,CECZIT__ligand5383-0
374,CECZIT__ligand42-0
375,CECZIT__ligand3712-0
376,CECZIT__ligand1464-0
377,CECZIT__ligand26529-0
378,CECZIT__ligand2881-0
379,CECZIT__ligand436-0
380,CECZIT__ligand1499-0
381,CECZIT__ligand692-0
382,CECZIT__ligand66-0
383,CECZIT__ligand6892-0
384,CECZIT__ligand1211-0
385,CECZIT__ligand11618-0
386,CECZIT__ligand26324-0
387,CECZIT__ligand28559-0
388,CECZIT__ligand3677-0
389,CECZIT__ligand3632-0
390,CECZIT__ligand14043-0
391,CECZIT__ligand19927-0
392,CECZIT__ligand1294-0
393,CECZIT__ligand1168-0
394,CECZIT__ligand6699-0
395,CECZIT__ligand326-0
396,CECZIT__ligand27239-0
397,CECZIT__ligand21729-0
398,CECZIT__ligand2915-0
399,CECZIT__ligand21581-0
400,CECZIT__ligand31097-0
401,CECZIT__ligand3156-0
402,CECZIT__ligand30702-0
403,CECZIT__ligand20214-0
404,CECZIT__ligand20251-0
405,CECZIT__ligand57-0
406,CECZIT__ligand20539-0
407,CECZIT__ligand6244-0
408,CECZIT__ligand1378-0
409,CECZIT__ligand17261-0
410,CECZIT__ligand14117-0
411,CECZIT__ligand868-0
412,CECZIT__ligand28789-0
413,CECZIT__ligand17118-0
414,CECZIT__ligand21371-0
415,CECZIT__ligand2332-0
416,CECZIT__ligand783-0
417,CECZIT__ligand352-0
418,CECZIT__ligand20419-0
419,CECZIT__ligand9441-0
420,CECZIT__ligand30851-0
421,CECZIT__ligand1631-0
422,CECZIT__ligand14889-0
423,CECZIT__ligand9933-0
424,CECZIT__ligand1575-0
425,CECZIT__ligand1530-0
426,CECZIT__ligand29568-0
427,CECZIT__ligand1823-0
428,CECZIT__ligand5643-0
429,CECZIT__ligand29414-0
430,CECZIT__ligand8721-0
431,CECZIT__ligand17982-0
432,CECZIT__ligand1324-0
433,CECZIT__ligand20011-0
434,CECZIT__ligand17278-0
435,CECZIT__ligand22557-0
436,CECZIT__ligand10589-0
437,CECZIT__ligand24047-0
438,CECZIT__ligand11675-0
439,CECZIT__ligand20598-0
440,CECZIT__ligand9111-0
441,CECZIT__ligand9952-0
442,CECZIT__ligand17398-0
443,CECZIT__ligand1615-0
444,CECZIT__ligand5036-0
445,CECZIT__ligand2526-0
446,CECZIT__ligand197-0
447,CECZIT__ligand8992-0
448,CECZIT__ligand9601-0
449,CECZIT__ligand16475-0
450,CECZIT__ligand14703-0
451,CECZIT__ligand7967-0
452,CECZIT__ligand6124-0
453,CECZIT__ligand3707-0
454,CECZIT__ligand20251-1
455,CECZIT__ligand4116-0
456,CECZIT__ligand1018-0
457,CECZIT__ligand3234-0
458,CECZIT__ligand1142-0
459,CECZIT__ligand25411-0
460,CECZIT__ligand34-0
461,CECZIT__ligand685-0
462,CECZIT__ligand11456-0
463,CECZIT__ligand421-0
464,CECZIT__ligand10712-0
465,CECZIT__ligand8835-0
466,CECZIT__ligand2028-0
467,CECZIT__ligand14174-0
468,CECZIT__ligand7126-0
469,CECZIT__ligand13331-0
470,CECZIT__ligand28884-0
471,CECZIT__ligand4641-0
472,CECZIT__ligand14248-0
473,CECZIT__ligand29879-0
474,CECZIT__ligand12030-0
475,CECZIT__ligand13294-0
476,CECZIT__ligand31832-0
477,CECZIT__ligand294-0
478,CECZIT__ligand4620-0
479,CECZIT__ligand6067-0
480,CECZIT__ligand1577-0
481,CECZIT__ligand13208-0
482,CECZIT__ligand2295-0
483,CECZIT__ligand27482-0
484,CECZIT__ligand68-0
485,CECZIT__ligand26810-0
486,CECZIT__ligand560-0
487,CECZIT__ligand55-0
488,CECZIT__ligand235-0
489,CECZIT__ligand20682-0
490,CECZIT__ligand134-0
491,CECZIT__ligand7819-0
492,CECZIT__ligand2917-0
493,CECZIT__ligand6102-0
494,CECZIT__ligand6596-0
495,CECZIT__ligand6904-0
496,CECZIT__ligand3721-0
497,CECZIT__ligand3465-0
498,CECZIT__ligand13390-0
499,CECZIT__ligand3504-0
500,CECZIT__ligand564-0
501,CECZIT__ligand1959-0
502,CECZIT__ligand17805-0
503,CECZIT__ligand1573-0
504,CECZIT__ligand1536-0
505,CECZIT__ligand370-1
506,CECZIT__ligand620-0
507,CECZIT__ligand17302-0
508,CECZIT__ligand91-0
509,CECZIT__ligand9935-0
510,CECZIT__ligand3718-0
511,CECZIT__ligand25178-0
512,CECZIT__ligand6616-0
513,CECZIT__ligand3035-0
514,CECZIT__ligand3876-0
515,CECZIT__ligand1343-0
516,CECZIT__ligand785-0
517,CECZIT__ligand23769-0
518,CECZIT__ligand311-0
519,CECZIT__ligand4661-0
520,CECZIT__ligand1844-0
521,CECZIT__ligand479-0
522,CECZIT__ligand24185-0
523,CECZIT__ligand13068-0
524,CECZIT__ligand19830-0
525,CECZIT__ligand7242-0
526,CECZIT__ligand10476-0
527,CECZIT__ligand7106-0
528,CECZIT__ligand24145-0
529,CECZIT__ligand12401-0
530,CECZIT__ligand15585-0
531,CECZIT__ligand12231-0
532,CECZIT__ligand9908-0
533,CECZIT__ligand1263-0
534,CECZIT__ligand51-0
535,CECZIT__ligand12130-0
536,CECZIT__ligand17387-0
537,CECZIT__ligand26702-0
538,CECZIT__ligand188-0
539,CECZIT__ligand13658-0
540,CECZIT__ligand18292-0
541,CECZIT__ligand12289-0
542,CECZIT__ligand13425-0
543,CECZIT__ligand29302-0
544,CECZIT__ligand5211-0
545,CECZIT__ligand19057-0
546,CECZIT__ligand4155-0
547,CECZIT__ligand3094-0
548,CECZIT__ligand18814-0
549,CECZIT__ligand4720-0
550,CECZIT__ligand27763-0
551,CECZIT__ligand28676-0
552,CECZIT__ligand10262-0
553,CECZIT__ligand250-0
554,CECZIT__ligand4-0
555,CECZIT__ligand8969-0
556,CECZIT__ligand3131-0
557,CECZIT__ligand1202-0
558,CECZIT__ligand3937-0
559,CECZIT__ligand3174-0
560,CECZIT__ligand6839-0
561,CECZIT__ligand10958-0
562,CECZIT__ligand1512-0
563,CECZIT__ligand5331-0
564,CECZIT__ligand12641-0
565,CECZIT__ligand48-0
566,CECZIT__ligand3565-0
567,CECZIT__ligand370-0
568,CECZIT__ligand3852-0
569,CECZIT__ligand2485-0
570,CECZIT__ligand14108-0
571,CECZIT__ligand6919-0
572,CECZIT__ligand1285-0
573,CECZIT__ligand193-0
574,CECZIT__ligand12606-0
575,CECZIT__ligand30333-0
576,CECZIT__ligand1982-0
577,CECZIT__ligand7000-0
578,CECZIT__ligand8115-0
579,CECZIT__ligand6768-0
580,CECZIT__ligand830-0
581,CECZIT__ligand29410-0
582,CECZIT__ligand12337-0
583,CECZIT__ligand4546-0
584,CECZIT__ligand4503-0
585,CECZIT__ligand26540-0
586,CECZIT__ligand372-0
587,CECZIT__ligand17281-0
588,CECZIT__ligand30296-0
589,CECZIT__ligand16628-0
590,CECZIT__ligand4157-0
591,CECZIT__ligand5256-0
592,CECZIT__ligand20740-0
593,CECZIT__ligand28468-0
594,CECZIT__ligand9833-0
595,CECZIT__ligand12427-0
596,CECZIT__ligand7648-0
597,CECZIT__ligand8876-0
598,CECZIT__ligand2828-0
599,CECZIT__ligand9291-0
600,CECZIT__ligand116-0
601,CECZIT__ligand2176-0
602,CECZIT__ligand27460-0
603,CECZIT__ligand32-0
604,CECZIT__ligand252-0
605,CECZIT__ligand2232-0
606,CECZIT__ligand30988-0
607,CECZIT__ligand7629-0
608,CECZIT__ligand4272-0
609,CECZIT__ligand1451-0
610,CECZIT__ligand9784-0
611,CECZIT__ligand23713-0
612,CECZIT__ligand27175-0
613,CECZIT__ligand18832-0
614,CECZIT__ligand8699-0
615,CECZIT__ligand19641-0
616,CECZIT__ligand1160-0
617,CECZIT__ligand12934-0
618,CECZIT__ligand9520-0
619,CECZIT__ligand20578-0
620,CECZIT__ligand15422-0
621,CECZIT__ligand16-0
622,CECZIT__ligand3954-0
623,CECZIT__ligand27893-0
624,CECZIT__ligand4093-0
625,CECZIT__ligand4442-0
626,CECZIT__ligand177-0
627,CECZIT__ligand14723-0
628,CECZIT__ligand6709-0
629,CECZIT__ligand1219-0
630,CECZIT__ligand909-0
631,CECZIT__ligand31783-0
632,CECZIT__ligand7867-0
633,CECZIT__ligand4016-0
634,CECZIT__ligand26665-0
635,CECZIT__ligand13012-0
636,CECZIT__ligand7238-0
637,CECZIT__ligand17631-0
638,CECZIT__ligand1304-0
639,CECZIT__ligand1790-0
640,CECZIT__ligand17258-0
641,CECZIT__ligand7280-0
642,CECZIT__ligand14603-0
643,CECZIT__ligand14297-0
644,CECZIT__ligand2208-0
645,CECZIT__ligand3208-0
646,CECZIT__ligand12295-0
647,CECZIT__ligand27835-0
648,CECZIT__ligand314-1
649,CECZIT__ligand9809-0
650,CECZIT__ligand6672-0
651,CECZIT__ligand1327-0
652,CECZIT__ligand8722-0
653,CECZIT__ligand25575-0
654,CECZIT__ligand3350-0
655,CECZIT__ligand7573-0
656,CECZIT__ligand2781-0
657,CECZIT__ligand21787-0
658,CECZIT__ligand25689-0
659,CECZIT__ligand2328-0
660,CECZIT__ligand465-0
661,CECZIT__ligand1773-0
662,CECZIT__ligand4581-0
663,CECZIT__ligand3029-0
664,CECZIT__ligand30539-0
665,CECZIT__ligand7162-0
666,CECZIT__ligand1-0
667,CECZIT__ligand21132-0
668,CECZIT__ligand11166-0
669,CECZIT__ligand23906-0
670,CECZIT__ligand1900-0
671,CECZIT__ligand9197-0
672,CECZIT__ligand391-0
673,CECZIT__ligand4131-0
674,CECZIT__ligand1712-0
675,CECZIT__ligand11-0
676,CECZIT__ligand11206-0
677,CECZIT__ligand23124-0
678,CECZIT__ligand5094-0
679,CECZIT__ligand618-0
680,CECZIT__ligand5892-0
681,CECZIT__ligand25735-0
682,CECZIT__ligand12519-0
683,CECZIT__ligand1533-0
684,CECZIT__ligand19257-0
685,CECZIT__ligand13209-0
686,CECZIT__ligand69-0
687,CECZIT__ligand12660-0
688,CECZIT__ligand314-0
689,CECZIT__ligand780-0
690,CECZIT__ligand1496-0
691,CECZIT__ligand7557-0
692,CECZIT__ligand31248-0
693,CECZIT__ligand813-0
694,CECZIT__ligand25650-0
695,CECZIT__ligand28668-0
696,CECZIT__ligand4850-0
697,CECZIT__ligand5056-0
698,CECZIT__ligand16791-0
699,CECZIT__ligand1688-0
700,CECZIT__ligand3647-0
701,CECZIT__ligand5357-0
702,CECZIT__ligand3871-0
703,CECZIT__ligand18465-0
704,CECZIT__ligand1469-0
705,CECZIT__ligand18799-0
706,CECZIT__ligand353-0
707,CECZIT__ligand1768-0
708,CECZIT__ligand29863-0
709,CECZIT__ligand13869-0
710,CECZIT__ligand5935-0
711,CECZIT__ligand18074-0
712,CECZIT__ligand1379-0
713,CECZIT__ligand393-0
714,CECZIT__ligand2722-0
715,CECZIT__ligand3157-0
716,CECZIT__ligand11140-0
717,CECZIT__ligand1165-0
718,CECZIT__ligand9525-0
719,CECZIT__ligand29610-0
720,CECZIT__ligand3392-0
721,CECZIT__ligand12467-0
722,CECZIT__ligand1771-0
723,CECZIT__ligand25267-0
724,CECZIT__ligand4911-0
725,CECZIT__ligand10084-0
726,CECZIT__ligand422-0
727,CECZIT__ligand686-0
728,CECZIT__ligand5849-0
729,CECZIT__ligand23904-0
730,CECZIT__ligand13257-0
731,CECZIT__ligand3-0
732,CECZIT__ligand21936-0
733,CECZIT__ligand22981-0
734,CECZIT__ligand25805-0
735,CECZIT__ligand20599-0
736,CECZIT__ligand27074-0
737,CECZIT__ligand2527-0
738,CECZIT__ligand196-0
739,CECZIT__ligand14523-0
740,CECZIT__ligand8464-0
741,CECZIT__ligand27169-0
742,CECZIT__ligand1709-0
743,CECZIT__ligand18391-0
744,CECZIT__ligand8349-0
745,CECZIT__ligand18699-0
746,CECZIT__ligand12682-0
747,CECZIT__ligand152-0
748,CECZIT__ligand3934-0
749,CECZIT__ligand6882-0
750,CECZIT__ligand6455-0
751,CECZIT__ligand2403-0
752,CECZIT__ligand17590-0
753,CECZIT__ligand17240-0
754,CECZIT__ligand1449-0
755,CECZIT__ligand12336-0
756,CECZIT__ligand3012-0
757,CECZIT__ligand13072-0
758,CECZIT__ligand1065-0
759,CECZIT__ligand7530-0
760,CECZIT__ligand506-0
761,CECZIT__ligand9681-0
762,CECZIT__ligand4332-0
763,CECZIT__ligand5627-0
764,CECZIT__ligand19725-0
765,CECZIT__ligand1729-0
766,CECZIT__ligand2830-0
767,CECZIT__ligand24613-0
768,CECZIT__ligand487-0
769,CECZIT__ligand5316-0
770,CECZIT__ligand10555-0
771,CECZIT__ligand5483-0
772,CECZIT__ligand31483-0
773,CECZIT__ligand11568-0
774,CECZIT__ligand17-0
775,CECZIT__ligand20579-0
776,CECZIT__ligand17710-0
777,CECZIT__ligand9148-0
778,CECZIT__ligand176-0
779,CECZIT__ligand14586-0
780,CECZIT__ligand11774-0
781,CECZIT__ligand746-0
782,CECZIT__ligand1415-0
783,CECZIT__ligand6946-0
784,CECZIT__ligand7529-0
785,CECZIT__ligand447-0
786,CECZIT__ligand21421-0
787,CECZIT__ligand3215-0
788,CECZIT__ligand368-0
789,CECZIT__ligand22755-0
790,CECZIT__ligand10432-0
791,CECZIT__ligand11432-0
792,CECZIT__ligand31618-0
793,CECZIT__ligand29898-0
794,CECZIT__ligand7107-0
795,CECZIT__ligand26277-0
796,CECZIT__ligand395-0
797,CECZIT__ligand6283-0
798,CECZIT__ligand15168-0
799,CECZIT__ligand784-0
800,CECZIT__ligand4813-0
801,CECZIT__ligand5813-0
802,CECZIT__ligand23589-0
803,CECZIT__ligand4738-0
804,CECZIT__ligand6062-0
805,CECZIT__ligand24064-0
806,CECZIT__ligand18703-0
807,CECZIT__ligand7532-0
808,CECZIT__ligand4194-0
809,CECZIT__ligand29087-0
810,CECZIT__ligand833-0
811,CECZIT__ligand2599-0
812,CECZIT__ligand4330-0
813,CECZIT__ligand28924-0
814,CECZIT__ligand49-0
815,CECZIT__ligand15438-0
816,CECZIT__ligand1147-0
817,CECZIT__ligand24750-0
818,CECZIT__ligand89-0
819,CECZIT__ligand3973-0
820,CECZIT__ligand115-0
821,CECZIT__ligand17207-0
822,CECZIT__ligand31578-0
823,CECZIT__ligand2068-0
824,CECZIT__ligand7925-0
825,CECZIT__ligand17945-0
826,CECZIT__ligand18013-0
827,CECZIT__ligand25224-0
