,TMC
0,UCOBAQ__ligand2629-0
1,UCOBAQ__ligand4381-0
2,UCOBAQ__ligand596-0
3,UCOBAQ__ligand1706-0
4,UCOBAQ__ligand3734-0
5,UCOBAQ__ligand366-0
6,UCOBAQ__ligand861-0
7,UCOBAQ__ligand612-0
8,UCOBAQ__ligand11730-0
9,UCOBAQ__ligand187-0
10,UCOBAQ__ligand2768-0
11,UCOBAQ__ligand1376-0
12,UCOBAQ__ligand2259-0
13,UCOBAQ__ligand2688-0
14,UCOBAQ__ligand126-0
15,UCOBAQ__ligand1951-0
16,UCOBAQ__ligand1687-0
17,UCOBAQ__ligand6277-0
18,UCOBAQ__ligand1685-0
19,UCOBAQ__ligand124-0
20,UCOBAQ__ligand1048-0
21,UCOBAQ__ligand2087-0
22,UCOBAQ__ligand3757-0
23,UCOBAQ__ligand1459-0
24,UCOBAQ__ligand119-0
25,UCOBAQ__ligand1544-0
26,UCOBAQ__ligand1438-0
27,UCOBAQ__ligand321-0
28,UCOBAQ__ligand45-0
29,UCOBAQ__ligand3063-0
30,UCOBAQ__ligand279-0
31,UCOBAQ__ligand5801-0
32,UCOBAQ__ligand178-0
33,UCOBAQ__ligand100-0
34,UCOBAQ__ligand1171-0
35,UCOBAQ__ligand201-0
36,UCOBAQ__ligand244-0
37,UCOBAQ__ligand78-0
38,UCOBAQ__ligand85-0
39,UCOBAQ__ligand1148-0
40,UCOBAQ__ligand1479-0
41,UCOBAQ__ligand240-0
42,UCOBAQ__ligand141-0
43,UCOBAQ__ligand3246-0
44,UCOBAQ__ligand384-0
45,UCOBAQ__ligand1114-0
46,UCOBAQ__ligand120-0
47,UCOBAQ__ligand1538-0
48,UCOBAQ__ligand1228-0
49,UCOBAQ__ligand9244-0
50,UCOBAQ__ligand2634-0
51,UCOBAQ__ligand1542-0
52,UCOBAQ__ligand797-0
53,UCOBAQ__ligand67-0
54,UCOBAQ__ligand3041-0
55,UCOBAQ__ligand757-0
56,UCOBAQ__ligand2751-0
57,UCOBAQ__ligand5548-0
58,UCOBAQ__ligand7915-0
59,UCOBAQ__ligand1747-0
60,UCOBAQ__ligand6686-0
61,UCOBAQ__ligand3145-0
62,UCOBAQ__ligand3178-0
63,UCOBAQ__ligand6332-0
64,UCOBAQ__ligand6502-0
65,UCOBAQ__ligand2098-0
66,UCOBAQ__ligand2863-0
67,UCOBAQ__ligand670-0
68,UCOBAQ__ligand1169-0
69,UCOBAQ__ligand5022-0
70,UCOBAQ__ligand8-0
71,UCOBAQ__ligand118-0
72,UCOBAQ__ligand571-0
73,UCOBAQ__ligand2880-0
74,UCOBAQ__ligand5941-0
75,UCOBAQ__ligand18-0
76,UCOBAQ__ligand2838-0
77,UCOBAQ__ligand1799-0
78,UCOBAQ__ligand3838-0
79,UCOBAQ__ligand509-0
80,UCOBAQ__ligand358-0
81,UCOBAQ__ligand6151-0
82,UCOBAQ__ligand2772-0
83,UCOBAQ__ligand9495-0
84,UCOBAQ__ligand430-0
85,UCOBAQ__ligand6538-0
86,UCOBAQ__ligand669-0
87,UCOBAQ__ligand2142-0
88,UCOBAQ__ligand278-0
89,UCOBAQ__ligand365-0
90,UCOBAQ__ligand2864-0
91,UCOBAQ__ligand1052-0
92,UCOBAQ__ligand86-0
93,UCOBAQ__ligand1273-0
94,UCOBAQ__ligand9027-0
95,UCOBAQ__ligand383-0
96,UCOBAQ__ligand162-0
97,UCOBAQ__ligand1113-0
98,UCOBAQ__ligand2265-0
99,UCOBAQ__ligand226-0
100,UCOBAQ__ligand6396-0
101,UCOBAQ__ligand1502-0
102,UCOBAQ__ligand2794-0
103,UCOBAQ__ligand2345-0
104,UCOBAQ__ligand1835-0
105,UCOBAQ__ligand62-0
106,UCOBAQ__ligand4983-0
107,UCOBAQ__ligand166-0
108,UCOBAQ__ligand1152-0
109,UCOBAQ__ligand1727-0
110,UCOBAQ__ligand838-0
111,UCOBAQ__ligand66-0
112,UCOBAQ__ligand497-0
113,UCOBAQ__ligand1607-0
114,UCOBAQ__ligand918-0
115,UCOBAQ__ligand633-0
116,UCOBAQ__ligand532-0
117,UCOBAQ__ligand2320-0
118,UCOBAQ__ligand1056-0
119,UCOBAQ__ligand821-0
120,UCOBAQ__ligand2862-0
121,UCOBAQ__ligand326-0
122,UCOBAQ__ligand553-0
123,UCOBAQ__ligand8921-0
124,UCOBAQ__ligand2285-0
125,UCOBAQ__ligand1567-0
126,UCOBAQ__ligand283-0
127,UCOBAQ__ligand2510-0
128,UCOBAQ__ligand142-0
129,UCOBAQ__ligand2907-0
130,UCOBAQ__ligand206-0
131,UCOBAQ__ligand436-0
132,UCOBAQ__ligand1703-0
133,UCOBAQ__ligand2430-0
134,UCOBAQ__ligand140-0
135,UCOBAQ__ligand105-0
136,UCOBAQ__ligand7464-0
137,UCOBAQ__ligand38-0
138,UCOBAQ__ligand324-0
139,UCOBAQ__ligand361-0
140,UCOBAQ__ligand40-0
141,UCOBAQ__ligand409-0
142,UCOBAQ__ligand6294-0
143,UCOBAQ__ligand1054-0
144,UCOBAQ__ligand1598-0
145,UCOBAQ__ligand4303-0
146,UCOBAQ__ligand1248-0
147,UCOBAQ__ligand21-0
148,UCOBAQ__ligand8774-0
149,UCOBAQ__ligand575-0
150,UCOBAQ__ligand3637-0
151,UCOBAQ__ligand927-0
152,UCOBAQ__ligand199-0
153,UCOBAQ__ligand4811-0
154,UCOBAQ__ligand1449-1
155,UCOBAQ__ligand294-0
156,UCOBAQ__ligand993-0
157,UCOBAQ__ligand331-0
158,UCOBAQ__ligand55-0
159,UCOBAQ__ligand3337-0
160,UCOBAQ__ligand7514-0
161,UCOBAQ__ligand95-0
162,UCOBAQ__ligand798-0
163,UCOBAQ__ligand421-0
164,UCOBAQ__ligand9620-0
165,UCOBAQ__ligand4894-0
166,UCOBAQ__ligand1260-0
167,UCOBAQ__ligand916-0
168,UCOBAQ__ligand584-0
169,UCOBAQ__ligand1788-0
170,UCOBAQ__ligand390-0
171,UCOBAQ__ligand134-0
172,UCOBAQ__ligand932-0
173,UCOBAQ__ligand235-0
174,UCOBAQ__ligand525-0
175,UCOBAQ__ligand560-0
176,UCOBAQ__ligand1178-0
177,UCOBAQ__ligand3566-0
178,UCOBAQ__ligand109-0
179,UCOBAQ__ligand1321-0
180,UCOBAQ__ligand34-0
181,UCOBAQ__ligand2599-0
182,UCOBAQ__ligand5089-0
183,UCOBAQ__ligand783-0
184,UCOBAQ__ligand352-0
185,UCOBAQ__ligand3853-0
186,UCOBAQ__ligand2853-0
187,UCOBAQ__ligand73-0
188,UCOBAQ__ligand868-0
189,UCOBAQ__ligand6166-0
190,UCOBAQ__ligand442-0
191,UCOBAQ__ligand1246-0
192,UCOBAQ__ligand136-0
193,UCOBAQ__ligand112-0
194,UCOBAQ__ligand197-0
195,UCOBAQ__ligand296-0
196,UCOBAQ__ligand1307-0
197,UCOBAQ__ligand57-0
198,UCOBAQ__ligand2916-0
199,UCOBAQ__ligand2110-0
200,UCOBAQ__ligand252-0
201,UCOBAQ__ligand955-0
202,UCOBAQ__ligand3579-0
203,UCOBAQ__ligand6-0
204,UCOBAQ__ligand1712-0
205,UCOBAQ__ligand2389-0
206,UCOBAQ__ligand10114-0
207,UCOBAQ__ligand830-0
208,UCOBAQ__ligand1919-0
209,UCOBAQ__ligand193-0
210,UCOBAQ__ligand851-0
211,UCOBAQ__ligand2315-0
212,UCOBAQ__ligand1898-0
213,UCOBAQ__ligand4504-0
214,UCOBAQ__ligand3051-0
215,UCOBAQ__ligand32-0
216,UCOBAQ__ligand2480-0
217,UCOBAQ__ligand5334-0
218,UCOBAQ__ligand909-0
219,UCOBAQ__ligand934-0
220,UCOBAQ__ligand177-0
221,UCOBAQ__ligand10479-0
222,UCOBAQ__ligand8032-0
223,UCOBAQ__ligand1858-0
224,UCOBAQ__ligand188-0
225,UCOBAQ__ligand14530-0
226,UCOBAQ__ligand5762-0
227,UCOBAQ__ligand7414-0
228,UCOBAQ__ligand1104-0
229,UCOBAQ__ligand1019-0
230,UCOBAQ__ligand2442-0
231,UCOBAQ__ligand444-0
232,UCOBAQ__ligand48-0
233,UCOBAQ__ligand369-0
234,UCOBAQ__ligand1325-0
235,UCOBAQ__ligand2482-0
236,UCOBAQ__ligand311-0
237,UCOBAQ__ligand6571-0
238,UCOBAQ__ligand10910-0
239,UCOBAQ__ligand2376-0
240,UCOBAQ__ligand370-0
241,UCOBAQ__ligand51-0
242,UCOBAQ__ligand2929-0
243,UCOBAQ__ligand1299-0
244,UCOBAQ__ligand4-0
245,UCOBAQ__ligand6430-0
246,UCOBAQ__ligand250-0
247,UCOBAQ__ligand1221-0
248,UCOBAQ__ligand1264-0
249,UCOBAQ__ligand460-0
250,UCOBAQ__ligand1379-0
251,UCOBAQ__ligand29-0
252,UCOBAQ__ligand91-0
253,UCOBAQ__ligand236-0
254,UCOBAQ__ligand7456-0
255,UCOBAQ__ligand1818-0
256,UCOBAQ__ligand353-0
257,UCOBAQ__ligand3852-0
258,UCOBAQ__ligand3478-0
259,UCOBAQ__ligand5758-0
260,UCOBAQ__ligand1493-0
261,UCOBAQ__ligand3070-0
262,UCOBAQ__ligand3035-0
263,UCOBAQ__ligand2718-0
264,UCOBAQ__ligand196-0
265,UCOBAQ__ligand9176-0
266,UCOBAQ__ligand502-0
267,UCOBAQ__ligand3251-0
268,UCOBAQ__ligand113-0
269,UCOBAQ__ligand3-0
270,UCOBAQ__ligand422-0
271,UCOBAQ__ligand5235-0
272,UCOBAQ__ligand6143-0
273,UCOBAQ__ligand4619-0
274,UCOBAQ__ligand210-0
275,UCOBAQ__ligand2954-0
276,UCOBAQ__ligand5093-0
277,UCOBAQ__ligand1-0
278,UCOBAQ__ligand2253-0
279,UCOBAQ__ligand1160-0
280,UCOBAQ__ligand1038-0
281,UCOBAQ__ligand2762-0
282,UCOBAQ__ligand11-0
283,UCOBAQ__ligand7550-0
284,UCOBAQ__ligand481-0
285,UCOBAQ__ligand7630-0
286,UCOBAQ__ligand314-0
287,UCOBAQ__ligand1555-0
288,UCOBAQ__ligand1285-0
289,UCOBAQ__ligand1907-0
290,UCOBAQ__ligand170-0
291,UCOBAQ__ligand4423-0
292,UCOBAQ__ligand391-0
293,UCOBAQ__ligand3890-0
294,UCOBAQ__ligand2526-0
295,UCOBAQ__ligand1551-0
296,UCOBAQ__ligand784-0
297,UCOBAQ__ligand355-0
298,UCOBAQ__ligand89-0
299,UCOBAQ__ligand485-0
300,UCOBAQ__ligand49-0
301,UCOBAQ__ligand2707-0
302,UCOBAQ__ligand1690-0
303,UCOBAQ__ligand10357-0
304,UCOBAQ__ligand15630-0
305,UCOBAQ__ligand115-0
306,UCOBAQ__ligand2915-0
307,UCOBAQ__ligand4012-0
308,UCOBAQ__ligand3196-0
309,UCOBAQ__ligand291-0
310,UCOBAQ__ligand1918-0
311,UCOBAQ__ligand17-0
312,UCOBAQ__ligand92-0
313,UCOBAQ__ligand4175-0
314,UCOBAQ__ligand682-0
315,UCOBAQ__ligand2255-0
316,UCOBAQ__ligand1436-0
317,UCOBAQ__ligand447-0
318,UCOBAQ__ligand133-0
319,UCOBAQ__ligand3618-0
320,UCOBAQ__ligand2618-0
321,UCOBAQ__ligand4370-0
322,UCOBAQ__ligand522-0
323,UCOBAQ__ligand666-0
324,UCOBAQ__ligand487-0
