,TMC
0,DAPRES__ligand666-0
1,DAPRES__ligand522-0
2,DAPRES__ligand1169-0
3,DAPRES__ligand14530-0
4,DAPRES__ligand5022-0
5,DAPRES__ligand487-0
6,DAPRES__ligand1799-0
7,DAPRES__ligand3838-0
8,DAPRES__ligand2838-0
9,DAPRES__ligand447-0
10,DAPRES__ligand5941-0
11,DAPRES__ligand2880-0
12,DAPRES__ligand133-0
13,DAPRES__ligand6538-0
14,DAPRES__ligand2772-0
15,DAPRES__ligand6151-0
16,DAPRES__ligand10910-0
17,DAPRES__ligand9495-0
18,DAPRES__ligand2142-0
19,DAPRES__ligand682-0
20,DAPRES__ligand2864-0
21,DAPRES__ligand291-0
22,DAPRES__ligand1052-0
23,DAPRES__ligand67-0
24,DAPRES__ligand10114-0
25,DAPRES__ligand1273-0
26,DAPRES__ligand115-0
27,DAPRES__ligand9027-0
28,DAPRES__ligand6396-0
29,DAPRES__ligand2265-0
30,DAPRES__ligand1113-0
31,DAPRES__ligand10479-0
32,DAPRES__ligand1502-0
33,DAPRES__ligand485-0
34,DAPRES__ligand4983-0
35,DAPRES__ligand355-0
36,DAPRES__ligand784-0
37,DAPRES__ligand1835-0
38,DAPRES__ligand2345-0
39,DAPRES__ligand2794-0
40,DAPRES__ligand1152-0
41,DAPRES__ligand170-0
42,DAPRES__ligand391-0
43,DAPRES__ligand1727-0
44,DAPRES__ligand314-0
45,DAPRES__ligand481-0
46,DAPRES__ligand1607-0
47,DAPRES__ligand2862-0
48,DAPRES__ligand1056-0
49,DAPRES__ligand2320-0
50,DAPRES__ligand2510-0
51,DAPRES__ligand8921-0
52,DAPRES__ligand1567-0
53,DAPRES__ligand2285-0
54,DAPRES__ligand2907-0
55,DAPRES__ligand210-0
56,DAPRES__ligand2430-0
57,DAPRES__ligand1703-0
58,DAPRES__ligand7464-0
59,DAPRES__ligand113-0
60,DAPRES__ligand422-0
61,DAPRES__ligand1054-0
62,DAPRES__ligand6294-0
63,DAPRES__ligand4303-0
64,DAPRES__ligand1248-0
65,DAPRES__ligand196-0
66,DAPRES__ligand502-0
67,DAPRES__ligand1598-0
68,DAPRES__ligand8774-0
69,DAPRES__ligand45-0
70,DAPRES__ligand353-0
71,DAPRES__ligand3637-0
72,DAPRES__ligand236-0
73,DAPRES__ligand85-0
74,DAPRES__ligand78-0
75,DAPRES__ligand4381-0
76,DAPRES__ligand250-0
77,DAPRES__ligand2629-0
78,DAPRES__ligand3734-0
79,DAPRES__ligand460-0
80,DAPRES__ligand1706-0
81,DAPRES__ligand370-0
82,DAPRES__ligand66-0
83,DAPRES__ligand2768-0
84,DAPRES__ligand1376-0
85,DAPRES__ligand311-0
86,DAPRES__ligand2688-0
87,DAPRES__ligand2259-0
88,DAPRES__ligand1687-0
89,DAPRES__ligand188-0
90,DAPRES__ligand1951-0
91,DAPRES__ligand369-0
92,DAPRES__ligand6277-0
93,DAPRES__ligand444-0
94,DAPRES__ligand1685-0
95,DAPRES__ligand177-0
96,DAPRES__ligand934-0
97,DAPRES__ligand3757-0
98,DAPRES__ligand38-0
99,DAPRES__ligand1048-0
100,DAPRES__ligand2087-0
101,DAPRES__ligand851-0
102,DAPRES__ligand1459-0
103,DAPRES__ligand40-0
104,DAPRES__ligand1544-0
105,DAPRES__ligand15630-0
106,DAPRES__ligand909-0
107,DAPRES__ligand10357-0
108,DAPRES__ligand830-0
109,DAPRES__ligand1438-0
110,DAPRES__ligand21-0
111,DAPRES__ligand3063-0
112,DAPRES__ligand5801-0
113,DAPRES__ligand193-0
114,DAPRES__ligand955-0
115,DAPRES__ligand252-0
116,DAPRES__ligand1171-0
117,DAPRES__ligand296-0
118,DAPRES__ligand197-0
119,DAPRES__ligand1148-0
120,DAPRES__ligand1479-0
121,DAPRES__ligand18-0
122,DAPRES__ligand3246-0
123,DAPRES__ligand112-0
124,DAPRES__ligand442-0
125,DAPRES__ligand868-0
126,DAPRES__ligand8-0
127,DAPRES__ligand1538-0
128,DAPRES__ligand136-0
129,DAPRES__ligand1114-0
130,DAPRES__ligand9244-0
131,DAPRES__ligand1228-0
132,DAPRES__ligand352-0
133,DAPRES__ligand783-0
134,DAPRES__ligand1542-0
135,DAPRES__ligand109-0
136,DAPRES__ligand2634-0
137,DAPRES__ligand525-0
138,DAPRES__ligand560-0
139,DAPRES__ligand3041-0
140,DAPRES__ligand2751-0
141,DAPRES__ligand390-0
142,DAPRES__ligand86-0
143,DAPRES__ligand235-0
144,DAPRES__ligand134-0
145,DAPRES__ligand932-0
146,DAPRES__ligand421-0
147,DAPRES__ligand798-0
148,DAPRES__ligand6686-0
149,DAPRES__ligand1747-0
150,DAPRES__ligand5548-0
151,DAPRES__ligand7915-0
152,DAPRES__ligand3145-0
153,DAPRES__ligand584-0
154,DAPRES__ligand916-0
155,DAPRES__ligand993-0
156,DAPRES__ligand6332-0
157,DAPRES__ligand294-0
158,DAPRES__ligand3178-0
159,DAPRES__ligand2863-0
160,DAPRES__ligand62-0
161,DAPRES__ligand6502-0
162,DAPRES__ligand2098-0
163,DAPRES__ligand331-0
164,DAPRES__ligand7456-0
165,DAPRES__ligand199-0
166,DAPRES__ligand927-0
167,DAPRES__ligand1818-0
168,DAPRES__ligand3478-0
169,DAPRES__ligand3852-0
170,DAPRES__ligand575-0
171,DAPRES__ligand5758-0
172,DAPRES__ligand3070-0
173,DAPRES__ligand3035-0
174,DAPRES__ligand6-0
175,DAPRES__ligand32-0
176,DAPRES__ligand2718-0
177,DAPRES__ligand409-0
178,DAPRES__ligand1493-0
179,DAPRES__ligand324-0
180,DAPRES__ligand361-0
181,DAPRES__ligand9176-0
182,DAPRES__ligand140-0
183,DAPRES__ligand105-0
184,DAPRES__ligand3251-0
185,DAPRES__ligand4619-0
186,DAPRES__ligand6143-0
187,DAPRES__ligand5235-0
188,DAPRES__ligand206-0
189,DAPRES__ligand1160-0
190,DAPRES__ligand2253-0
191,DAPRES__ligand142-0
192,DAPRES__ligand2954-0
193,DAPRES__ligand5093-0
194,DAPRES__ligand48-0
195,DAPRES__ligand2762-0
196,DAPRES__ligand436-0
197,DAPRES__ligand1038-0
198,DAPRES__ligand326-0
199,DAPRES__ligand7550-0
200,DAPRES__ligand4-0
201,DAPRES__ligand821-0
202,DAPRES__ligand283-0
203,DAPRES__ligand553-0
204,DAPRES__ligand7630-0
205,DAPRES__ligand51-0
206,DAPRES__ligand497-0
207,DAPRES__ligand532-0
208,DAPRES__ligand1285-0
209,DAPRES__ligand633-0
210,DAPRES__ligand918-0
211,DAPRES__ligand1555-0
212,DAPRES__ligand4423-0
213,DAPRES__ligand166-0
214,DAPRES__ligand1907-0
215,DAPRES__ligand91-0
216,DAPRES__ligand3890-0
217,DAPRES__ligand29-0
218,DAPRES__ligand838-0
219,DAPRES__ligand1551-0
220,DAPRES__ligand2526-0
221,DAPRES__ligand55-0
222,DAPRES__ligand383-0
223,DAPRES__ligand2707-0
224,DAPRES__ligand95-0
225,DAPRES__ligand226-0
226,DAPRES__ligand1690-0
227,DAPRES__ligand162-0
228,DAPRES__ligand2915-0
229,DAPRES__ligand4012-0
230,DAPRES__ligand3196-0
231,DAPRES__ligand34-0
232,DAPRES__ligand1918-0
233,DAPRES__ligand278-0
234,DAPRES__ligand365-0
235,DAPRES__ligand73-0
236,DAPRES__ligand430-0
237,DAPRES__ligand4175-0
238,DAPRES__ligand358-0
239,DAPRES__ligand2255-0
240,DAPRES__ligand669-0
241,DAPRES__ligand11730-0
242,DAPRES__ligand1436-0
243,DAPRES__ligand2618-0
244,DAPRES__ligand3618-0
245,DAPRES__ligand509-0
246,DAPRES__ligand571-0
247,DAPRES__ligand118-0
248,DAPRES__ligand4370-0
249,DAPRES__ligand670-0
250,DAPRES__ligand57-0
251,DAPRES__ligand4811-0
252,DAPRES__ligand1449-1
253,DAPRES__ligand7514-0
254,DAPRES__ligand89-0
255,DAPRES__ligand3337-0
256,DAPRES__ligand49-0
257,DAPRES__ligand9620-0
258,DAPRES__ligand1260-0
259,DAPRES__ligand4894-0
260,DAPRES__ligand757-0
261,DAPRES__ligand1788-0
262,DAPRES__ligand1178-0
263,DAPRES__ligand3566-0
264,DAPRES__ligand1321-0
265,DAPRES__ligand797-0
266,DAPRES__ligand2599-0
267,DAPRES__ligand5089-0
268,DAPRES__ligand17-0
269,DAPRES__ligand2853-0
270,DAPRES__ligand3853-0
271,DAPRES__ligand6166-0
272,DAPRES__ligand384-0
273,DAPRES__ligand92-0
274,DAPRES__ligand120-0
275,DAPRES__ligand1246-0
276,DAPRES__ligand141-0
277,DAPRES__ligand240-0
278,DAPRES__ligand1307-0
279,DAPRES__ligand201-0
280,DAPRES__ligand244-0
281,DAPRES__ligand3579-0
282,DAPRES__ligand2916-0
283,DAPRES__ligand2110-0
284,DAPRES__ligand100-0
285,DAPRES__ligand1712-0
286,DAPRES__ligand321-0
287,DAPRES__ligand3-0
288,DAPRES__ligand2389-0
289,DAPRES__ligand178-0
290,DAPRES__ligand1919-0
291,DAPRES__ligand279-0
292,DAPRES__ligand1898-0
293,DAPRES__ligand2480-0
294,DAPRES__ligand4504-0
295,DAPRES__ligand3051-0
296,DAPRES__ligand2315-0
297,DAPRES__ligand119-0
298,DAPRES__ligand5334-0
299,DAPRES__ligand124-0
300,DAPRES__ligand1858-0
301,DAPRES__ligand8032-0
302,DAPRES__ligand1104-0
303,DAPRES__ligand5762-0
304,DAPRES__ligand7414-0
305,DAPRES__ligand126-0
306,DAPRES__ligand1019-0
307,DAPRES__ligand2442-0
308,DAPRES__ligand6571-0
309,DAPRES__ligand2482-0
310,DAPRES__ligand1325-0
311,DAPRES__ligand11-0
312,DAPRES__ligand1-0
313,DAPRES__ligand861-0
314,DAPRES__ligand366-0
315,DAPRES__ligand2376-0
316,DAPRES__ligand187-0
317,DAPRES__ligand612-0
318,DAPRES__ligand2929-0
319,DAPRES__ligand596-0
320,DAPRES__ligand1221-0
321,DAPRES__ligand1264-0
322,DAPRES__ligand1299-0
323,DAPRES__ligand6430-0
324,DAPRES__ligand1379-0
