,TMC
0,QIDWUX__ligand1104-0
1,QIDWUX__ligand7414-0
2,QIDWUX__ligand5762-0
3,QIDWUX__ligand353-0
4,QIDWUX__ligand1019-0
5,QIDWUX__ligand2442-0
6,QIDWUX__ligand6571-0
7,QIDWUX__ligand2482-0
8,QIDWUX__ligand1325-0
9,QIDWUX__ligand57-0
10,QIDWUX__ligand236-0
11,QIDWUX__ligand422-0
12,QIDWUX__ligand73-0
13,QIDWUX__ligand2376-0
14,QIDWUX__ligand113-0
15,QIDWUX__ligand2929-0
16,QIDWUX__ligand196-0
17,QIDWUX__ligand1264-0
18,QIDWUX__ligand1221-0
19,QIDWUX__ligand502-0
20,QIDWUX__ligand1299-0
21,QIDWUX__ligand6430-0
22,QIDWUX__ligand1379-0
23,QIDWUX__ligand3579-0
24,QIDWUX__ligand2110-0
25,QIDWUX__ligand2916-0
26,QIDWUX__ligand1712-0
27,QIDWUX__ligand34-0
28,QIDWUX__ligand2389-0
29,QIDWUX__ligand210-0
30,QIDWUX__ligand1919-0
31,QIDWUX__ligand1898-0
32,QIDWUX__ligand2480-0
33,QIDWUX__ligand3051-0
34,QIDWUX__ligand4504-0
35,QIDWUX__ligand55-0
36,QIDWUX__ligand2315-0
37,QIDWUX__ligand391-0
38,QIDWUX__ligand170-0
39,QIDWUX__ligand5334-0
40,QIDWUX__ligand95-0
41,QIDWUX__ligand481-0
42,QIDWUX__ligand1858-0
43,QIDWUX__ligand314-0
44,QIDWUX__ligand8032-0
45,QIDWUX__ligand5089-0
46,QIDWUX__ligand2599-0
47,QIDWUX__ligand2853-0
48,QIDWUX__ligand51-0
49,QIDWUX__ligand3853-0
50,QIDWUX__ligand784-0
51,QIDWUX__ligand355-0
52,QIDWUX__ligand6166-0
53,QIDWUX__ligand29-0
54,QIDWUX__ligand91-0
55,QIDWUX__ligand485-0
56,QIDWUX__ligand1246-0
57,QIDWUX__ligand48-0
58,QIDWUX__ligand291-0
59,QIDWUX__ligand115-0
60,QIDWUX__ligand1307-0
61,QIDWUX__ligand682-0
62,QIDWUX__ligand1449-1
63,QIDWUX__ligand4811-0
64,QIDWUX__ligand7514-0
65,QIDWUX__ligand3337-0
66,QIDWUX__ligand32-0
67,QIDWUX__ligand9620-0
68,QIDWUX__ligand4894-0
69,QIDWUX__ligand1260-0
70,QIDWUX__ligand487-0
71,QIDWUX__ligand1788-0
72,QIDWUX__ligand522-0
73,QIDWUX__ligand666-0
74,QIDWUX__ligand1178-0
75,QIDWUX__ligand133-0
76,QIDWUX__ligand3566-0
77,QIDWUX__ligand1321-0
78,QIDWUX__ligand447-0
79,QIDWUX__ligand1918-0
80,QIDWUX__ligand916-0
81,QIDWUX__ligand584-0
82,QIDWUX__ligand421-0
83,QIDWUX__ligand798-0
84,QIDWUX__ligand331-0
85,QIDWUX__ligand4175-0
86,QIDWUX__ligand294-0
87,QIDWUX__ligand2255-0
88,QIDWUX__ligand993-0
89,QIDWUX__ligand1436-0
90,QIDWUX__ligand2618-0
91,QIDWUX__ligand3618-0
92,QIDWUX__ligand525-0
93,QIDWUX__ligand560-0
94,QIDWUX__ligand109-0
95,QIDWUX__ligand134-0
96,QIDWUX__ligand932-0
97,QIDWUX__ligand4370-0
98,QIDWUX__ligand235-0
99,QIDWUX__ligand11-0
100,QIDWUX__ligand390-0
101,QIDWUX__ligand1551-0
102,QIDWUX__ligand2526-0
103,QIDWUX__ligand136-0
104,QIDWUX__ligand868-0
105,QIDWUX__ligand8-0
106,QIDWUX__ligand442-0
107,QIDWUX__ligand783-0
108,QIDWUX__ligand352-0
109,QIDWUX__ligand2707-0
110,QIDWUX__ligand1690-0
111,QIDWUX__ligand197-0
112,QIDWUX__ligand2915-0
113,QIDWUX__ligand296-0
114,QIDWUX__ligand112-0
115,QIDWUX__ligand3196-0
116,QIDWUX__ligand4012-0
117,QIDWUX__ligand1160-0
118,QIDWUX__ligand2253-0
119,QIDWUX__ligand193-0
120,QIDWUX__ligand5093-0
121,QIDWUX__ligand2954-0
122,QIDWUX__ligand2762-0
123,QIDWUX__ligand830-0
124,QIDWUX__ligand1038-0
125,QIDWUX__ligand7550-0
126,QIDWUX__ligand252-0
127,QIDWUX__ligand955-0
128,QIDWUX__ligand7630-0
129,QIDWUX__ligand17-0
130,QIDWUX__ligand177-0
131,QIDWUX__ligand934-0
132,QIDWUX__ligand1285-0
133,QIDWUX__ligand1555-0
134,QIDWUX__ligand4423-0
135,QIDWUX__ligand1907-0
136,QIDWUX__ligand909-0
137,QIDWUX__ligand92-0
138,QIDWUX__ligand3890-0
139,QIDWUX__ligand851-0
140,QIDWUX__ligand7456-0
141,QIDWUX__ligand311-0
142,QIDWUX__ligand1818-0
143,QIDWUX__ligand3478-0
144,QIDWUX__ligand369-0
145,QIDWUX__ligand3852-0
146,QIDWUX__ligand444-0
147,QIDWUX__ligand188-0
148,QIDWUX__ligand11730-0
149,QIDWUX__ligand5758-0
150,QIDWUX__ligand460-0
151,QIDWUX__ligand3035-0
152,QIDWUX__ligand3070-0
153,QIDWUX__ligand2718-0
154,QIDWUX__ligand1493-0
155,QIDWUX__ligand89-0
156,QIDWUX__ligand9176-0
157,QIDWUX__ligand250-0
158,QIDWUX__ligand3251-0
159,QIDWUX__ligand4619-0
160,QIDWUX__ligand49-0
161,QIDWUX__ligand6143-0
162,QIDWUX__ligand370-0
163,QIDWUX__ligand5235-0
164,QIDWUX__ligand1542-0
165,QIDWUX__ligand2634-0
166,QIDWUX__ligand509-0
167,QIDWUX__ligand3041-0
168,QIDWUX__ligand45-0
169,QIDWUX__ligand2751-0
170,QIDWUX__ligand78-0
171,QIDWUX__ligand85-0
172,QIDWUX__ligand118-0
173,QIDWUX__ligand670-0
174,QIDWUX__ligand571-0
175,QIDWUX__ligand1747-0
176,QIDWUX__ligand6686-0
177,QIDWUX__ligand5548-0
178,QIDWUX__ligand7915-0
179,QIDWUX__ligand365-0
180,QIDWUX__ligand3145-0
181,QIDWUX__ligand278-0
182,QIDWUX__ligand669-0
183,QIDWUX__ligand6332-0
184,QIDWUX__ligand3178-0
185,QIDWUX__ligand430-0
186,QIDWUX__ligand2863-0
187,QIDWUX__ligand358-0
188,QIDWUX__ligand6502-0
189,QIDWUX__ligand2098-0
190,QIDWUX__ligand1148-0
191,QIDWUX__ligand1479-0
192,QIDWUX__ligand15630-0
193,QIDWUX__ligand3246-0
194,QIDWUX__ligand10357-0
195,QIDWUX__ligand1538-0
196,QIDWUX__ligand1114-0
197,QIDWUX__ligand9244-0
198,QIDWUX__ligand162-0
199,QIDWUX__ligand1228-0
200,QIDWUX__ligand226-0
201,QIDWUX__ligand383-0
202,QIDWUX__ligand633-0
203,QIDWUX__ligand918-0
204,QIDWUX__ligand1685-0
205,QIDWUX__ligand532-0
206,QIDWUX__ligand3757-0
207,QIDWUX__ligand1048-0
208,QIDWUX__ligand2087-0
209,QIDWUX__ligand497-0
210,QIDWUX__ligand838-0
211,QIDWUX__ligand1459-0
212,QIDWUX__ligand1544-0
213,QIDWUX__ligand166-0
214,QIDWUX__ligand1438-0
215,QIDWUX__ligand436-0
216,QIDWUX__ligand3063-0
217,QIDWUX__ligand67-0
218,QIDWUX__ligand142-0
219,QIDWUX__ligand5801-0
220,QIDWUX__ligand206-0
221,QIDWUX__ligand553-0
222,QIDWUX__ligand1171-0
223,QIDWUX__ligand283-0
224,QIDWUX__ligand821-0
225,QIDWUX__ligand4-0
226,QIDWUX__ligand326-0
227,QIDWUX__ligand4381-0
228,QIDWUX__ligand2629-0
229,QIDWUX__ligand409-0
230,QIDWUX__ligand324-0
231,QIDWUX__ligand361-0
232,QIDWUX__ligand3734-0
233,QIDWUX__ligand1706-0
234,QIDWUX__ligand6-0
235,QIDWUX__ligand140-0
236,QIDWUX__ligand105-0
237,QIDWUX__ligand2768-0
238,QIDWUX__ligand1376-0
239,QIDWUX__ligand927-0
240,QIDWUX__ligand2259-0
241,QIDWUX__ligand2688-0
242,QIDWUX__ligand199-0
243,QIDWUX__ligand1687-0
244,QIDWUX__ligand575-0
245,QIDWUX__ligand1951-0
246,QIDWUX__ligand6277-0
247,QIDWUX__ligand7464-0
248,QIDWUX__ligand612-0
249,QIDWUX__ligand14530-0
250,QIDWUX__ligand187-0
251,QIDWUX__ligand366-0
252,QIDWUX__ligand1-0
253,QIDWUX__ligand861-0
254,QIDWUX__ligand1054-0
255,QIDWUX__ligand6294-0
256,QIDWUX__ligand62-0
257,QIDWUX__ligand4303-0
258,QIDWUX__ligand1248-0
259,QIDWUX__ligand596-0
260,QIDWUX__ligand1598-0
261,QIDWUX__ligand8774-0
262,QIDWUX__ligand10910-0
263,QIDWUX__ligand126-0
264,QIDWUX__ligand3637-0
265,QIDWUX__ligand86-0
266,QIDWUX__ligand119-0
267,QIDWUX__ligand1152-0
268,QIDWUX__ligand1727-0
269,QIDWUX__ligand10114-0
270,QIDWUX__ligand124-0
271,QIDWUX__ligand1607-0
272,QIDWUX__ligand2862-0
273,QIDWUX__ligand1056-0
274,QIDWUX__ligand2320-0
275,QIDWUX__ligand100-0
276,QIDWUX__ligand2510-0
277,QIDWUX__ligand8921-0
278,QIDWUX__ligand201-0
279,QIDWUX__ligand1567-0
280,QIDWUX__ligand244-0
281,QIDWUX__ligand2285-0
282,QIDWUX__ligand2907-0
283,QIDWUX__ligand10479-0
284,QIDWUX__ligand279-0
285,QIDWUX__ligand178-0
286,QIDWUX__ligand2430-0
287,QIDWUX__ligand3-0
288,QIDWUX__ligand1703-0
289,QIDWUX__ligand18-0
290,QIDWUX__ligand321-0
291,QIDWUX__ligand240-0
292,QIDWUX__ligand141-0
293,QIDWUX__ligand1052-0
294,QIDWUX__ligand21-0
295,QIDWUX__ligand1273-0
296,QIDWUX__ligand38-0
297,QIDWUX__ligand9027-0
298,QIDWUX__ligand6396-0
299,QIDWUX__ligand2265-0
300,QIDWUX__ligand1113-0
301,QIDWUX__ligand120-0
302,QIDWUX__ligand1502-0
303,QIDWUX__ligand4983-0
304,QIDWUX__ligand40-0
305,QIDWUX__ligand1835-0
306,QIDWUX__ligand384-0
307,QIDWUX__ligand2794-0
308,QIDWUX__ligand2345-0
309,QIDWUX__ligand1169-0
310,QIDWUX__ligand5022-0
311,QIDWUX__ligand757-0
312,QIDWUX__ligand3838-0
313,QIDWUX__ligand1799-0
314,QIDWUX__ligand2838-0
315,QIDWUX__ligand797-0
316,QIDWUX__ligand2880-0
317,QIDWUX__ligand5941-0
318,QIDWUX__ligand6538-0
319,QIDWUX__ligand2772-0
320,QIDWUX__ligand6151-0
321,QIDWUX__ligand9495-0
322,QIDWUX__ligand2142-0
323,QIDWUX__ligand66-0
324,QIDWUX__ligand2864-0
