,TMC
0,QAHKUF__ligand9753-0
1,QAHKUF__ligand5530-0
2,QAHKUF__ligand26277-0
3,QAHKUF__ligand29898-0
4,QAHKUF__ligand1787-0
5,QAHKUF__ligand1356-0
6,QAHKUF__ligand240-0
7,QAHKUF__ligand10432-0
8,QAHKUF__ligand5159-0
9,QAHKUF__ligand31618-0
10,QAHKUF__ligand11432-0
11,QAHKUF__ligand7196-0
12,QAHKUF__ligand22755-0
13,QAHKUF__ligand141-0
14,QAHKUF__ligand89-0
15,QAHKUF__ligand4807-0
16,QAHKUF__ligand3178-0
17,QAHKUF__ligand2906-0
18,QAHKUF__ligand24064-0
19,QAHKUF__ligand49-0
20,QAHKUF__ligand23589-0
21,QAHKUF__ligand3244-0
22,QAHKUF__ligand4711-0
23,QAHKUF__ligand5649-0
24,QAHKUF__ligand2788-0
25,QAHKUF__ligand8793-0
26,QAHKUF__ligand4649-0
27,QAHKUF__ligand15168-0
28,QAHKUF__ligand1116-0
29,QAHKUF__ligand15438-0
30,QAHKUF__ligand1153-0
31,QAHKUF__ligand3225-0
32,QAHKUF__ligand2260-0
33,QAHKUF__ligand7092-0
34,QAHKUF__ligand28924-0
35,QAHKUF__ligand768-0
36,QAHKUF__ligand2124-0
37,QAHKUF__ligand8612-0
38,QAHKUF__ligand29087-0
39,QAHKUF__ligand7172-0
40,QAHKUF__ligand9323-0
41,QAHKUF__ligand18703-0
42,QAHKUF__ligand7273-0
43,QAHKUF__ligand25224-0
44,QAHKUF__ligand18013-0
45,QAHKUF__ligand17945-0
46,QAHKUF__ligand5180-0
47,QAHKUF__ligand17207-0
48,QAHKUF__ligand31578-0
49,QAHKUF__ligand24750-0
50,QAHKUF__ligand6017-0
51,QAHKUF__ligand5708-0
52,QAHKUF__ligand7316-0
53,QAHKUF__ligand384-0
54,QAHKUF__ligand17240-0
55,QAHKUF__ligand2043-0
56,QAHKUF__ligand17590-0
57,QAHKUF__ligand8788-0
58,QAHKUF__ligand1832-0
59,QAHKUF__ligand122-0
60,QAHKUF__ligand1604-0
61,QAHKUF__ligand757-0
62,QAHKUF__ligand12682-0
63,QAHKUF__ligand1228-0
64,QAHKUF__ligand18699-0
65,QAHKUF__ligand9943-0
66,QAHKUF__ligand17-0
67,QAHKUF__ligand9284-0
68,QAHKUF__ligand6391-0
69,QAHKUF__ligand3126-0
70,QAHKUF__ligand1114-0
71,QAHKUF__ligand2417-0
72,QAHKUF__ligand13072-0
73,QAHKUF__ligand12336-0
74,QAHKUF__ligand5387-0
75,QAHKUF__ligand31483-0
76,QAHKUF__ligand2203-0
77,QAHKUF__ligand1289-0
78,QAHKUF__ligand10555-0
79,QAHKUF__ligand24613-0
80,QAHKUF__ligand19725-0
81,QAHKUF__ligand21421-0
82,QAHKUF__ligand9450-0
83,QAHKUF__ligand693-0
84,QAHKUF__ligand11774-0
85,QAHKUF__ligand14586-0
86,QAHKUF__ligand2612-0
87,QAHKUF__ligand1599-0
88,QAHKUF__ligand20579-0
89,QAHKUF__ligand17710-0
90,QAHKUF__ligand11568-0
91,QAHKUF__ligand9344-0
92,QAHKUF__ligand657-0
93,QAHKUF__ligand8000-0
94,QAHKUF__ligand18799-0
95,QAHKUF__ligand3736-0
96,QAHKUF__ligand18465-0
97,QAHKUF__ligand187-0
98,QAHKUF__ligand366-0
99,QAHKUF__ligand3945-0
100,QAHKUF__ligand1-0
101,QAHKUF__ligand16791-0
102,QAHKUF__ligand28668-0
103,QAHKUF__ligand2693-0
104,QAHKUF__ligand5383-0
105,QAHKUF__ligand29610-0
106,QAHKUF__ligand2985-0
107,QAHKUF__ligand777-0
108,QAHKUF__ligand4007-0
109,QAHKUF__ligand11140-0
110,QAHKUF__ligand9299-0
111,QAHKUF__ligand7291-0
112,QAHKUF__ligand13869-0
113,QAHKUF__ligand941-0
114,QAHKUF__ligand596-0
115,QAHKUF__ligand18074-0
116,QAHKUF__ligand3677-1
117,QAHKUF__ligand9883-0
118,QAHKUF__ligand29863-0
119,QAHKUF__ligand21936-0
120,QAHKUF__ligand3677-0
121,QAHKUF__ligand3632-0
122,QAHKUF__ligand13257-0
123,QAHKUF__ligand23904-0
124,QAHKUF__ligand1294-0
125,QAHKUF__ligand1168-0
126,QAHKUF__ligand10084-0
127,QAHKUF__ligand6699-0
128,QAHKUF__ligand126-0
129,QAHKUF__ligand25267-0
130,QAHKUF__ligand163-0
131,QAHKUF__ligand12467-0
132,QAHKUF__ligand3712-0
133,QAHKUF__ligand1464-0
134,QAHKUF__ligand18391-0
135,QAHKUF__ligand2881-0
136,QAHKUF__ligand14523-0
137,QAHKUF__ligand1499-0
138,QAHKUF__ligand27169-0
139,QAHKUF__ligand6892-0
140,QAHKUF__ligand27074-0
141,QAHKUF__ligand845-0
142,QAHKUF__ligand20599-0
143,QAHKUF__ligand25805-0
144,QAHKUF__ligand1211-0
145,QAHKUF__ligand22981-0
146,QAHKUF__ligand25689-0
147,QAHKUF__ligand4101-0
148,QAHKUF__ligand25575-0
149,QAHKUF__ligand21787-0
150,QAHKUF__ligand5595-0
151,QAHKUF__ligand3926-0
152,QAHKUF__ligand3120-0
153,QAHKUF__ligand69-0
154,QAHKUF__ligand4358-0
155,QAHKUF__ligand27835-0
156,QAHKUF__ligand2221-0
157,QAHKUF__ligand12295-0
158,QAHKUF__ligand2259-0
159,QAHKUF__ligand23906-0
160,QAHKUF__ligand1296-0
161,QAHKUF__ligand338-0
162,QAHKUF__ligand8592-0
163,QAHKUF__ligand5099-0
164,QAHKUF__ligand11-0
165,QAHKUF__ligand11166-0
166,QAHKUF__ligand21132-0
167,QAHKUF__ligand1197-0
168,QAHKUF__ligand5510-0
169,QAHKUF__ligand1376-0
170,QAHKUF__ligand30539-0
171,QAHKUF__ligand9773-0
172,QAHKUF__ligand5304-0
173,QAHKUF__ligand12519-0
174,QAHKUF__ligand25735-0
175,QAHKUF__ligand9167-0
176,QAHKUF__ligand23124-0
177,QAHKUF__ligand11206-0
178,QAHKUF__ligand2238-0
179,QAHKUF__ligand7293-0
180,QAHKUF__ligand2822-0
181,QAHKUF__ligand201-0
182,QAHKUF__ligand3867-0
183,QAHKUF__ligand1317-0
184,QAHKUF__ligand6117-0
185,QAHKUF__ligand1407-0
186,QAHKUF__ligand185-0
187,QAHKUF__ligand25650-0
188,QAHKUF__ligand8002-0
189,QAHKUF__ligand31248-0
190,QAHKUF__ligand5509-0
191,QAHKUF__ligand279-0
192,QAHKUF__ligand178-0
193,QAHKUF__ligand12660-0
194,QAHKUF__ligand321-0
195,QAHKUF__ligand13209-0
196,QAHKUF__ligand5080-0
197,QAHKUF__ligand19257-0
198,QAHKUF__ligand7762-0
199,QAHKUF__ligand3-0
200,QAHKUF__ligand3453-0
201,QAHKUF__ligand3416-0
202,QAHKUF__ligand633-0
203,QAHKUF__ligand30296-0
204,QAHKUF__ligand17281-0
205,QAHKUF__ligand4207-0
206,QAHKUF__ligand26540-0
207,QAHKUF__ligand29410-0
208,QAHKUF__ligand12337-0
209,QAHKUF__ligand1539-0
210,QAHKUF__ligand30333-0
211,QAHKUF__ligand12606-0
212,QAHKUF__ligand1150-0
213,QAHKUF__ligand497-0
214,QAHKUF__ligand4063-0
215,QAHKUF__ligand7438-0
216,QAHKUF__ligand8200-0
217,QAHKUF__ligand27460-0
218,QAHKUF__ligand16-0
219,QAHKUF__ligand12427-0
220,QAHKUF__ligand3042-0
221,QAHKUF__ligand28468-0
222,QAHKUF__ligand20740-0
223,QAHKUF__ligand16628-0
224,QAHKUF__ligand32-0
225,QAHKUF__ligand14723-0
226,QAHKUF__ligand7075-0
227,QAHKUF__ligand436-0
228,QAHKUF__ligand27893-0
229,QAHKUF__ligand15422-0
230,QAHKUF__ligand20578-0
231,QAHKUF__ligand1149-0
232,QAHKUF__ligand12934-0
233,QAHKUF__ligand19641-0
234,QAHKUF__ligand3980-0
235,QAHKUF__ligand3557-0
236,QAHKUF__ligand23713-0
237,QAHKUF__ligand18832-0
238,QAHKUF__ligand6993-0
239,QAHKUF__ligand27175-0
240,QAHKUF__ligand1817-0
241,QAHKUF__ligand1779-0
242,QAHKUF__ligand692-0
243,QAHKUF__ligand9750-0
244,QAHKUF__ligand30988-0
245,QAHKUF__ligand14297-0
246,QAHKUF__ligand14603-0
247,QAHKUF__ligand9491-0
248,QAHKUF__ligand1400-0
249,QAHKUF__ligand4266-0
250,QAHKUF__ligand17258-0
251,QAHKUF__ligand13012-0
252,QAHKUF__ligand17631-0
253,QAHKUF__ligand4167-0
254,QAHKUF__ligand26665-0
255,QAHKUF__ligand1288-0
256,QAHKUF__ligand326-0
257,QAHKUF__ligand4-0
258,QAHKUF__ligand31783-0
259,QAHKUF__ligand1397-0
260,QAHKUF__ligand24185-0
261,QAHKUF__ligand7213-0
262,QAHKUF__ligand23769-0
263,QAHKUF__ligand1828-0
264,QAHKUF__ligand6112-0
265,QAHKUF__ligand8042-0
266,QAHKUF__ligand25178-0
267,QAHKUF__ligand17302-0
268,QAHKUF__ligand409-0
269,QAHKUF__ligand324-0
270,QAHKUF__ligand361-0
271,QAHKUF__ligand3144-0
272,QAHKUF__ligand48-0
273,QAHKUF__ligand5085-0
274,QAHKUF__ligand17805-0
275,QAHKUF__ligand4710-0
276,QAHKUF__ligand5755-0
277,QAHKUF__ligand13658-0
278,QAHKUF__ligand26702-0
279,QAHKUF__ligand12289-0
280,QAHKUF__ligand18292-0
281,QAHKUF__ligand17387-0
282,QAHKUF__ligand12130-0
283,QAHKUF__ligand1908-0
284,QAHKUF__ligand4795-0
285,QAHKUF__ligand3285-0
286,QAHKUF__ligand12231-0
287,QAHKUF__ligand15585-0
288,QAHKUF__ligand12401-0
289,QAHKUF__ligand24145-0
290,QAHKUF__ligand1786-0
291,QAHKUF__ligand10476-0
292,QAHKUF__ligand19830-0
293,QAHKUF__ligand13068-0
294,QAHKUF__ligand5630-0
295,QAHKUF__ligand51-0
296,QAHKUF__ligand10262-0
297,QAHKUF__ligand28676-0
298,QAHKUF__ligand27763-0
299,QAHKUF__ligand19057-0
300,QAHKUF__ligand5280-0
301,QAHKUF__ligand5614-0
302,QAHKUF__ligand18814-0
303,QAHKUF__ligand1831-0
304,QAHKUF__ligand5515-0
305,QAHKUF__ligand6663-0
306,QAHKUF__ligand199-0
307,QAHKUF__ligand29302-0
308,QAHKUF__ligand13425-0
309,QAHKUF__ligand14108-0
310,QAHKUF__ligand1849-0
311,QAHKUF__ligand588-0
312,QAHKUF__ligand1152-0
313,QAHKUF__ligand3261-0
314,QAHKUF__ligand5019-0
315,QAHKUF__ligand91-0
316,QAHKUF__ligand12641-0
317,QAHKUF__ligand300-0
318,QAHKUF__ligand10958-0
319,QAHKUF__ligand1216-0
320,QAHKUF__ligand2001-0
321,QAHKUF__ligand10712-0
322,QAHKUF__ligand14174-0
323,QAHKUF__ligand7566-0
324,QAHKUF__ligand11456-0
325,QAHKUF__ligand25411-0
326,QAHKUF__ligand9944-0
327,QAHKUF__ligand55-0
328,QAHKUF__ligand8593-0
329,QAHKUF__ligand68-0
330,QAHKUF__ligand1113-0
331,QAHKUF__ligand31832-0
332,QAHKUF__ligand13294-0
333,QAHKUF__ligand8553-0
334,QAHKUF__ligand12030-0
335,QAHKUF__ligand670-0
336,QAHKUF__ligand29879-0
337,QAHKUF__ligand14248-0
338,QAHKUF__ligand13331-0
339,QAHKUF__ligand28884-0
340,QAHKUF__ligand571-0
341,QAHKUF__ligand534-0
342,QAHKUF__ligand5201-0
343,QAHKUF__ligand27482-0
344,QAHKUF__ligand26810-0
345,QAHKUF__ligand5415-0
346,QAHKUF__ligand13208-0
347,QAHKUF__ligand3471-0
348,QAHKUF__ligand4161-0
349,QAHKUF__ligand4124-0
350,QAHKUF__ligand13390-0
351,QAHKUF__ligand6995-0
352,QAHKUF__ligand2823-0
353,QAHKUF__ligand694-0
354,QAHKUF__ligand2650-0
355,QAHKUF__ligand2281-0
356,QAHKUF__ligand430-0
357,QAHKUF__ligand4340-0
358,QAHKUF__ligand358-0
359,QAHKUF__ligand34-0
360,QAHKUF__ligand20682-0
361,QAHKUF__ligand3180-0
362,QAHKUF__ligand488-0
363,QAHKUF__ligand2027-0
364,QAHKUF__ligand696-0
365,QAHKUF__ligand17261-0
366,QAHKUF__ligand14117-0
367,QAHKUF__ligand1015-0
368,QAHKUF__ligand1050-0
369,QAHKUF__ligand20539-0
370,QAHKUF__ligand20251-0
371,QAHKUF__ligand30702-0
372,QAHKUF__ligand20214-0
373,QAHKUF__ligand21581-0
374,QAHKUF__ligand31097-0
375,QAHKUF__ligand29568-0
376,QAHKUF__ligand30851-0
377,QAHKUF__ligand14889-0
378,QAHKUF__ligand2692-0
379,QAHKUF__ligand1618-0
380,QAHKUF__ligand20419-0
381,QAHKUF__ligand1028-0
382,QAHKUF__ligand656-0
383,QAHKUF__ligand17118-0
384,QAHKUF__ligand21371-0
385,QAHKUF__ligand4262-0
386,QAHKUF__ligand28789-0
387,QAHKUF__ligand1154-0
388,QAHKUF__ligand17398-0
389,QAHKUF__ligand11675-0
390,QAHKUF__ligand9615-0
391,QAHKUF__ligand20598-0
392,QAHKUF__ligand10589-0
393,QAHKUF__ligand22557-0
394,QAHKUF__ligand24047-0
395,QAHKUF__ligand20011-0
396,QAHKUF__ligand17278-0
397,QAHKUF__ligand29414-0
398,QAHKUF__ligand17982-0
399,QAHKUF__ligand4596-0
400,QAHKUF__ligand1498-0
401,QAHKUF__ligand162-0
402,QAHKUF__ligand20251-1
403,QAHKUF__ligand226-0
404,QAHKUF__ligand416-0
405,QAHKUF__ligand14703-0
406,QAHKUF__ligand16475-0
407,QAHKUF__ligand57-0
408,QAHKUF__ligand8529-0
409,QAHKUF__ligand383-0
410,QAHKUF__ligand1169-0
411,QAHKUF__ligand12003-0
412,QAHKUF__ligand16148-0
413,QAHKUF__ligand5935-0
414,QAHKUF__ligand26631-0
415,QAHKUF__ligand10872-0
416,QAHKUF__ligand1379-0
417,QAHKUF__ligand21399-0
418,QAHKUF__ligand2722-0
419,QAHKUF__ligand193-0
420,QAHKUF__ligand372-0
421,QAHKUF__ligand3157-0
422,QAHKUF__ligand29215-0
423,QAHKUF__ligand830-0
424,QAHKUF__ligand1165-0
425,QAHKUF__ligand9525-0
426,QAHKUF__ligand4850-0
427,QAHKUF__ligand27754-0
428,QAHKUF__ligand20695-0
429,QAHKUF__ligand5056-0
430,QAHKUF__ligand11111-0
431,QAHKUF__ligand66-0
432,QAHKUF__ligand28540-0
433,QAHKUF__ligand1688-0
434,QAHKUF__ligand3647-0
435,QAHKUF__ligand5357-0
436,QAHKUF__ligand16369-0
437,QAHKUF__ligand3871-0
438,QAHKUF__ligand22403-0
439,QAHKUF__ligand252-0
440,QAHKUF__ligand1469-0
441,QAHKUF__ligand116-0
442,QAHKUF__ligand1768-0
443,QAHKUF__ligand11618-0
444,QAHKUF__ligand42-0
445,QAHKUF__ligand2527-0
446,QAHKUF__ligand8464-0
447,QAHKUF__ligand1709-0
448,QAHKUF__ligand177-0
449,QAHKUF__ligand8349-0
450,QAHKUF__ligand26529-0
451,QAHKUF__ligand3392-0
452,QAHKUF__ligand27239-0
453,QAHKUF__ligand21729-0
454,QAHKUF__ligand1771-0
455,QAHKUF__ligand4911-0
456,QAHKUF__ligand909-0
457,QAHKUF__ligand5849-0
458,QAHKUF__ligand19927-0
459,QAHKUF__ligand14043-0
460,QAHKUF__ligand26324-0
461,QAHKUF__ligand28559-0
462,QAHKUF__ligand370-1
463,QAHKUF__ligand2328-0
464,QAHKUF__ligand1773-0
465,QAHKUF__ligand620-0
466,QAHKUF__ligand25561-0
467,QAHKUF__ligand4581-0
468,QAHKUF__ligand3029-0
469,QAHKUF__ligand7162-0
470,QAHKUF__ligand564-0
471,QAHKUF__ligand38-0
472,QAHKUF__ligand11949-0
473,QAHKUF__ligand785-0
474,QAHKUF__ligand311-0
475,QAHKUF__ligand479-0
476,QAHKUF__ligand24780-0
477,QAHKUF__ligand12138-0
478,QAHKUF__ligand1900-0
479,QAHKUF__ligand9197-0
480,QAHKUF__ligand22129-0
481,QAHKUF__ligand2208-0
482,QAHKUF__ligand3208-0
483,QAHKUF__ligand17427-0
484,QAHKUF__ligand9809-0
485,QAHKUF__ligand6672-0
486,QAHKUF__ligand1327-0
487,QAHKUF__ligand31694-0
488,QAHKUF__ligand8722-0
489,QAHKUF__ligand188-0
490,QAHKUF__ligand3350-0
491,QAHKUF__ligand7573-0
492,QAHKUF__ligand2781-0
493,QAHKUF__ligand29486-0
494,QAHKUF__ligand1533-0
495,QAHKUF__ligand11587-0
496,QAHKUF__ligand13220-0
497,QAHKUF__ligand15788-0
498,QAHKUF__ligand23175-0
499,QAHKUF__ligand17396-0
500,QAHKUF__ligand13385-0
501,QAHKUF__ligand1496-0
502,QAHKUF__ligand14569-0
503,QAHKUF__ligand7557-0
504,QAHKUF__ligand250-0
505,QAHKUF__ligand22444-0
506,QAHKUF__ligand24111-0
507,QAHKUF__ligand24644-0
508,QAHKUF__ligand10033-0
509,QAHKUF__ligand4131-0
510,QAHKUF__ligand1712-0
511,QAHKUF__ligand12001-0
512,QAHKUF__ligand30728-0
513,QAHKUF__ligand27840-0
514,QAHKUF__ligand5094-0
515,QAHKUF__ligand24872-0
516,QAHKUF__ligand5892-0
517,QAHKUF__ligand370-0
518,QAHKUF__ligand6283-0
519,QAHKUF__ligand685-0
520,QAHKUF__ligand25913-0
521,QAHKUF__ligand16988-0
522,QAHKUF__ligand4813-0
523,QAHKUF__ligand30711-0
524,QAHKUF__ligand20207-0
525,QAHKUF__ligand5813-0
526,QAHKUF__ligand11682-0
527,QAHKUF__ligand4738-0
528,QAHKUF__ligand421-0
529,QAHKUF__ligand6062-0
530,QAHKUF__ligand18-0
531,QAHKUF__ligand24035-0
532,QAHKUF__ligand11994-0
533,QAHKUF__ligand31842-0
534,QAHKUF__ligand31044-0
535,QAHKUF__ligand3215-0
536,QAHKUF__ligand294-0
537,QAHKUF__ligand16663-0
538,QAHKUF__ligand7107-0
539,QAHKUF__ligand14614-0
540,QAHKUF__ligand22294-0
541,QAHKUF__ligand1147-0
542,QAHKUF__ligand28930-0
543,QAHKUF__ligand22168-0
544,QAHKUF__ligand3973-0
545,QAHKUF__ligand21919-0
546,QAHKUF__ligand10056-0
547,QAHKUF__ligand12365-0
548,QAHKUF__ligand2068-0
549,QAHKUF__ligand7925-0
550,QAHKUF__ligand560-0
551,QAHKUF__ligand15531-0
552,QAHKUF__ligand28743-0
553,QAHKUF__ligand11357-0
554,QAHKUF__ligand13862-0
555,QAHKUF__ligand134-0
556,QAHKUF__ligand24230-0
557,QAHKUF__ligand7532-0
558,QAHKUF__ligand11447-0
559,QAHKUF__ligand11096-0
560,QAHKUF__ligand28810-0
561,QAHKUF__ligand235-0
562,QAHKUF__ligand4194-0
563,QAHKUF__ligand10828-0
564,QAHKUF__ligand19792-0
565,QAHKUF__ligand15926-0
566,QAHKUF__ligand11970-0
567,QAHKUF__ligand2599-0
568,QAHKUF__ligand4330-0
569,QAHKUF__ligand15883-0
570,QAHKUF__ligand13477-0
571,QAHKUF__ligand14167-0
572,QAHKUF__ligand1449-0
573,QAHKUF__ligand3012-0
574,QAHKUF__ligand27669-0
575,QAHKUF__ligand1065-0
576,QAHKUF__ligand30142-0
577,QAHKUF__ligand7530-0
578,QAHKUF__ligand868-0
579,QAHKUF__ligand9681-0
580,QAHKUF__ligand4332-0
581,QAHKUF__ligand8-0
582,QAHKUF__ligand23197-0
583,QAHKUF__ligand352-0
584,QAHKUF__ligand3934-0
585,QAHKUF__ligand783-0
586,QAHKUF__ligand6882-0
587,QAHKUF__ligand6455-0
588,QAHKUF__ligand2403-0
589,QAHKUF__ligand29029-0
590,QAHKUF__ligand27285-0
591,QAHKUF__ligand13672-0
592,QAHKUF__ligand9148-0
593,QAHKUF__ligand28685-0
594,QAHKUF__ligand18568-0
595,QAHKUF__ligand197-0
596,QAHKUF__ligand1415-0
597,QAHKUF__ligand6946-0
598,QAHKUF__ligand10371-0
599,QAHKUF__ligand7529-0
600,QAHKUF__ligand5627-0
601,QAHKUF__ligand1729-0
602,QAHKUF__ligand28459-0
603,QAHKUF__ligand2830-0
604,QAHKUF__ligand18448-0
605,QAHKUF__ligand12453-0
606,QAHKUF__ligand19184-0
607,QAHKUF__ligand5316-0
608,QAHKUF__ligand5483-0
609,QAHKUF__ligand21752-0
610,QAHKUF__ligand4641-0
611,QAHKUF__ligand395-0
612,QAHKUF__ligand14339-0
613,QAHKUF__ligand13691-0
614,QAHKUF__ligand368-0
615,QAHKUF__ligand30788-0
616,QAHKUF__ligand784-0
617,QAHKUF__ligand3234-0
618,QAHKUF__ligand1142-0
619,QAHKUF__ligand24560-0
620,QAHKUF__ligand18757-0
621,QAHKUF__ligand8835-0
622,QAHKUF__ligand2028-0
623,QAHKUF__ligand7126-0
624,QAHKUF__ligand24624-0
625,QAHKUF__ligand20844-0
626,QAHKUF__ligand18413-0
627,QAHKUF__ligand20557-0
628,QAHKUF__ligand30004-0
629,QAHKUF__ligand833-0
630,QAHKUF__ligand7819-0
631,QAHKUF__ligand2917-0
632,QAHKUF__ligand6102-0
633,QAHKUF__ligand6596-0
634,QAHKUF__ligand6904-0
635,QAHKUF__ligand3721-0
636,QAHKUF__ligand3465-0
637,QAHKUF__ligand13755-0
638,QAHKUF__ligand16133-0
639,QAHKUF__ligand20432-0
640,QAHKUF__ligand27122-0
641,QAHKUF__ligand4620-0
642,QAHKUF__ligand115-0
643,QAHKUF__ligand23445-0
644,QAHKUF__ligand24953-0
645,QAHKUF__ligand6067-0
646,QAHKUF__ligand1577-0
647,QAHKUF__ligand21940-0
648,QAHKUF__ligand2295-0
649,QAHKUF__ligand25048-0
650,QAHKUF__ligand20731-0
651,QAHKUF__ligand29334-0
652,QAHKUF__ligand12413-0
653,QAHKUF__ligand152-0
654,QAHKUF__ligand11798-0
655,QAHKUF__ligand2332-0
656,QAHKUF__ligand9441-0
657,QAHKUF__ligand14477-0
658,QAHKUF__ligand17069-0
659,QAHKUF__ligand1631-0
660,QAHKUF__ligand67-0
661,QAHKUF__ligand17445-0
662,QAHKUF__ligand9933-0
663,QAHKUF__ligand1575-0
664,QAHKUF__ligand1530-0
665,QAHKUF__ligand2915-0
666,QAHKUF__ligand3156-0
667,QAHKUF__ligand29214-0
668,QAHKUF__ligand11544-0
669,QAHKUF__ligand11501-0
670,QAHKUF__ligand21448-0
671,QAHKUF__ligand6244-0
672,QAHKUF__ligand1378-0
673,QAHKUF__ligand11758-0
674,QAHKUF__ligand22357-0
675,QAHKUF__ligand506-0
676,QAHKUF__ligand8992-0
677,QAHKUF__ligand487-0
678,QAHKUF__ligand9601-0
679,QAHKUF__ligand14007-0
680,QAHKUF__ligand18019-1
681,QAHKUF__ligand7967-0
682,QAHKUF__ligand6124-0
683,QAHKUF__ligand3707-0
684,QAHKUF__ligand27550-0
685,QAHKUF__ligand4116-0
686,QAHKUF__ligand1018-0
687,QAHKUF__ligand16956-0
688,QAHKUF__ligand21339-0
689,QAHKUF__ligand14226-0
690,QAHKUF__ligand20942-1
691,QAHKUF__ligand176-0
692,QAHKUF__ligand1823-0
693,QAHKUF__ligand5643-0
694,QAHKUF__ligand8721-0
695,QAHKUF__ligand1324-0
696,QAHKUF__ligand447-0
697,QAHKUF__ligand23682-0
698,QAHKUF__ligand29565-0
699,QAHKUF__ligand43-0
700,QAHKUF__ligand9111-0
701,QAHKUF__ligand9952-0
702,QAHKUF__ligand27771-0
703,QAHKUF__ligand1615-0
704,QAHKUF__ligand746-0
705,QAHKUF__ligand5036-0
706,QAHKUF__ligand2526-0
707,QAHKUF__ligand18158-0
708,QAHKUF__ligand11479-0
709,QAHKUF__ligand27610-0
710,QAHKUF__ligand10479-0
711,QAHKUF__ligand4157-0
712,QAHKUF__ligand5256-0
713,QAHKUF__ligand10853-0
714,QAHKUF__ligand9833-0
715,QAHKUF__ligand29441-0
716,QAHKUF__ligand7648-0
717,QAHKUF__ligand8876-0
718,QAHKUF__ligand2828-0
719,QAHKUF__ligand9291-0
720,QAHKUF__ligand24851-0
721,QAHKUF__ligand2176-0
722,QAHKUF__ligand353-0
723,QAHKUF__ligand14302-0
724,QAHKUF__ligand14347-0
725,QAHKUF__ligand13657-0
726,QAHKUF__ligand2232-0
727,QAHKUF__ligand11698-0
728,QAHKUF__ligand20530-0
729,QAHKUF__ligand1285-0
730,QAHKUF__ligand393-0
731,QAHKUF__ligand20220-0
732,QAHKUF__ligand1982-0
733,QAHKUF__ligand20121-0
734,QAHKUF__ligand7000-0
735,QAHKUF__ligand8115-0
736,QAHKUF__ligand6768-0
737,QAHKUF__ligand15387-0
738,QAHKUF__ligand4546-0
739,QAHKUF__ligand4503-0
740,QAHKUF__ligand16952-0
741,QAHKUF__ligand29813-0
742,QAHKUF__ligand10151-0
743,QAHKUF__ligand6709-0
744,QAHKUF__ligand1219-0
745,QAHKUF__ligand422-0
746,QAHKUF__ligand7867-0
747,QAHKUF__ligand4016-0
748,QAHKUF__ligand7238-0
749,QAHKUF__ligand686-0
750,QAHKUF__ligand1304-0
751,QAHKUF__ligand1790-0
752,QAHKUF__ligand7280-0
753,QAHKUF__ligand7629-0
754,QAHKUF__ligand4272-0
755,QAHKUF__ligand196-0
756,QAHKUF__ligand22353-0
757,QAHKUF__ligand1451-0
758,QAHKUF__ligand9784-0
759,QAHKUF__ligand8699-0
760,QAHKUF__ligand19906-0
761,QAHKUF__ligand1160-0
762,QAHKUF__ligand9520-0
763,QAHKUF__ligand19668-0
764,QAHKUF__ligand3954-0
765,QAHKUF__ligand4093-0
766,QAHKUF__ligand4442-0
767,QAHKUF__ligand26673-0
768,QAHKUF__ligand7242-0
769,QAHKUF__ligand314-1
770,QAHKUF__ligand7106-0
771,QAHKUF__ligand20821-0
772,QAHKUF__ligand11606-0
773,QAHKUF__ligand19-0
774,QAHKUF__ligand9908-0
775,QAHKUF__ligand1263-0
776,QAHKUF__ligand31000-0
777,QAHKUF__ligand3504-0
778,QAHKUF__ligand11252-0
779,QAHKUF__ligand1959-0
780,QAHKUF__ligand1573-0
781,QAHKUF__ligand465-0
782,QAHKUF__ligand1536-0
783,QAHKUF__ligand24-0
784,QAHKUF__ligand13260-0
785,QAHKUF__ligand10582-0
786,QAHKUF__ligand9935-0
787,QAHKUF__ligand3718-0
788,QAHKUF__ligand6616-0
789,QAHKUF__ligand3035-0
790,QAHKUF__ligand3876-0
791,QAHKUF__ligand1343-0
792,QAHKUF__ligand4661-0
793,QAHKUF__ligand1844-0
794,QAHKUF__ligand18067-0
795,QAHKUF__ligand19824-0
796,QAHKUF__ligand11177-0
797,QAHKUF__ligand45-0
798,QAHKUF__ligand1512-0
799,QAHKUF__ligand5331-0
800,QAHKUF__ligand15455-0
801,QAHKUF__ligand391-0
802,QAHKUF__ligand3565-0
803,QAHKUF__ligand618-0
804,QAHKUF__ligand3852-0
805,QAHKUF__ligand31205-0
806,QAHKUF__ligand2485-0
807,QAHKUF__ligand6919-0
808,QAHKUF__ligand25658-0
809,QAHKUF__ligand17686-0
810,QAHKUF__ligand11814-0
811,QAHKUF__ligand5211-0
812,QAHKUF__ligand16603-0
813,QAHKUF__ligand4155-0
814,QAHKUF__ligand3094-0
815,QAHKUF__ligand4720-0
816,QAHKUF__ligand813-0
817,QAHKUF__ligand16870-0
818,QAHKUF__ligand78-0
819,QAHKUF__ligand8969-0
820,QAHKUF__ligand314-0
821,QAHKUF__ligand3131-0
822,QAHKUF__ligand1202-0
823,QAHKUF__ligand780-0
824,QAHKUF__ligand3937-0
825,QAHKUF__ligand3174-0
826,QAHKUF__ligand6839-0
827,QAHKUF__ligand11622-0
