,TMC
0,NIHREB__ligand1685-0
1,NIHREB__ligand3757-0
2,NIHREB__ligand1048-0
3,NIHREB__ligand2087-0
4,NIHREB__ligand1459-0
5,NIHREB__ligand1544-0
6,NIHREB__ligand1438-0
7,NIHREB__ligand3063-0
8,NIHREB__ligand5801-0
9,NIHREB__ligand162-0
10,NIHREB__ligand226-0
11,NIHREB__ligand1171-0
12,NIHREB__ligand3-0
13,NIHREB__ligand383-0
14,NIHREB__ligand4381-0
15,NIHREB__ligand509-0
16,NIHREB__ligand2629-0
17,NIHREB__ligand3734-0
18,NIHREB__ligand1706-0
19,NIHREB__ligand1-0
20,NIHREB__ligand67-0
21,NIHREB__ligand118-0
22,NIHREB__ligand670-0
23,NIHREB__ligand571-0
24,NIHREB__ligand2768-0
25,NIHREB__ligand1376-0
26,NIHREB__ligand365-0
27,NIHREB__ligand2259-0
28,NIHREB__ligand278-0
29,NIHREB__ligand2688-0
30,NIHREB__ligand669-0
31,NIHREB__ligand1687-0
32,NIHREB__ligand1951-0
33,NIHREB__ligand430-0
34,NIHREB__ligand6277-0
35,NIHREB__ligand358-0
36,NIHREB__ligand1542-0
37,NIHREB__ligand2634-0
38,NIHREB__ligand409-0
39,NIHREB__ligand361-0
40,NIHREB__ligand324-0
41,NIHREB__ligand3041-0
42,NIHREB__ligand2751-0
43,NIHREB__ligand10910-0
44,NIHREB__ligand105-0
45,NIHREB__ligand140-0
46,NIHREB__ligand1747-0
47,NIHREB__ligand6686-0
48,NIHREB__ligand5548-0
49,NIHREB__ligand7915-0
50,NIHREB__ligand927-0
51,NIHREB__ligand3145-0
52,NIHREB__ligand199-0
53,NIHREB__ligand14530-0
54,NIHREB__ligand6332-0
55,NIHREB__ligand575-0
56,NIHREB__ligand3178-0
57,NIHREB__ligand2863-0
58,NIHREB__ligand6502-0
59,NIHREB__ligand2098-0
60,NIHREB__ligand633-0
61,NIHREB__ligand918-0
62,NIHREB__ligand10479-0
63,NIHREB__ligand532-0
64,NIHREB__ligand1148-0
65,NIHREB__ligand1479-0
66,NIHREB__ligand497-0
67,NIHREB__ligand838-0
68,NIHREB__ligand3246-0
69,NIHREB__ligand166-0
70,NIHREB__ligand436-0
71,NIHREB__ligand85-0
72,NIHREB__ligand10114-0
73,NIHREB__ligand78-0
74,NIHREB__ligand142-0
75,NIHREB__ligand1538-0
76,NIHREB__ligand206-0
77,NIHREB__ligand1114-0
78,NIHREB__ligand9244-0
79,NIHREB__ligand553-0
80,NIHREB__ligand1228-0
81,NIHREB__ligand283-0
82,NIHREB__ligand45-0
83,NIHREB__ligand821-0
84,NIHREB__ligand326-0
85,NIHREB__ligand119-0
86,NIHREB__ligand1052-0
87,NIHREB__ligand66-0
88,NIHREB__ligand124-0
89,NIHREB__ligand1273-0
90,NIHREB__ligand9027-0
91,NIHREB__ligand100-0
92,NIHREB__ligand6396-0
93,NIHREB__ligand244-0
94,NIHREB__ligand2265-0
95,NIHREB__ligand201-0
96,NIHREB__ligand1113-0
97,NIHREB__ligand279-0
98,NIHREB__ligand1502-0
99,NIHREB__ligand178-0
100,NIHREB__ligand4983-0
101,NIHREB__ligand1835-0
102,NIHREB__ligand321-0
103,NIHREB__ligand2794-0
104,NIHREB__ligand2345-0
105,NIHREB__ligand612-0
106,NIHREB__ligand1169-0
107,NIHREB__ligand187-0
108,NIHREB__ligand5022-0
109,NIHREB__ligand366-0
110,NIHREB__ligand40-0
111,NIHREB__ligand861-0
112,NIHREB__ligand3838-0
113,NIHREB__ligand38-0
114,NIHREB__ligand1799-0
115,NIHREB__ligand2838-0
116,NIHREB__ligand2880-0
117,NIHREB__ligand5941-0
118,NIHREB__ligand596-0
119,NIHREB__ligand6538-0
120,NIHREB__ligand2772-0
121,NIHREB__ligand6151-0
122,NIHREB__ligand9495-0
123,NIHREB__ligand2142-0
124,NIHREB__ligand126-0
125,NIHREB__ligand21-0
126,NIHREB__ligand2864-0
127,NIHREB__ligand7464-0
128,NIHREB__ligand757-0
129,NIHREB__ligand18-0
130,NIHREB__ligand6-0
131,NIHREB__ligand1054-0
132,NIHREB__ligand797-0
133,NIHREB__ligand6294-0
134,NIHREB__ligand4303-0
135,NIHREB__ligand1248-0
136,NIHREB__ligand1598-0
137,NIHREB__ligand8774-0
138,NIHREB__ligand3637-0
139,NIHREB__ligand240-0
140,NIHREB__ligand1152-0
141,NIHREB__ligand141-0
142,NIHREB__ligand86-0
143,NIHREB__ligand1727-0
144,NIHREB__ligand1607-0
145,NIHREB__ligand62-0
146,NIHREB__ligand2862-0
147,NIHREB__ligand1056-0
148,NIHREB__ligand2320-0
149,NIHREB__ligand10357-0
150,NIHREB__ligand2510-0
151,NIHREB__ligand8921-0
152,NIHREB__ligand15630-0
153,NIHREB__ligand1567-0
154,NIHREB__ligand2285-0
155,NIHREB__ligand2907-0
156,NIHREB__ligand120-0
157,NIHREB__ligand2430-0
158,NIHREB__ligand4-0
159,NIHREB__ligand1703-0
160,NIHREB__ligand384-0
161,NIHREB__ligand2599-0
162,NIHREB__ligand5089-0
163,NIHREB__ligand8-0
164,NIHREB__ligand2853-0
165,NIHREB__ligand3853-0
166,NIHREB__ligand6166-0
167,NIHREB__ligand210-0
168,NIHREB__ligand1246-0
169,NIHREB__ligand391-0
170,NIHREB__ligand170-0
171,NIHREB__ligand481-0
172,NIHREB__ligand1307-0
173,NIHREB__ligand32-0
174,NIHREB__ligand314-0
175,NIHREB__ligand1449-1
176,NIHREB__ligand4811-0
177,NIHREB__ligand7514-0
178,NIHREB__ligand353-0
179,NIHREB__ligand3337-0
180,NIHREB__ligand48-0
181,NIHREB__ligand236-0
182,NIHREB__ligand9620-0
183,NIHREB__ligand4894-0
184,NIHREB__ligand1260-0
185,NIHREB__ligand91-0
186,NIHREB__ligand422-0
187,NIHREB__ligand1788-0
188,NIHREB__ligand29-0
189,NIHREB__ligand113-0
190,NIHREB__ligand11730-0
191,NIHREB__ligand1178-0
192,NIHREB__ligand502-0
193,NIHREB__ligand196-0
194,NIHREB__ligand3566-0
195,NIHREB__ligand51-0
196,NIHREB__ligand1321-0
197,NIHREB__ligand1104-0
198,NIHREB__ligand682-0
199,NIHREB__ligand5762-0
200,NIHREB__ligand7414-0
201,NIHREB__ligand1019-0
202,NIHREB__ligand95-0
203,NIHREB__ligand2442-0
204,NIHREB__ligand6571-0
205,NIHREB__ligand2482-0
206,NIHREB__ligand55-0
207,NIHREB__ligand1325-0
208,NIHREB__ligand487-0
209,NIHREB__ligand34-0
210,NIHREB__ligand2376-0
211,NIHREB__ligand522-0
212,NIHREB__ligand666-0
213,NIHREB__ligand2929-0
214,NIHREB__ligand1264-0
215,NIHREB__ligand1221-0
216,NIHREB__ligand133-0
217,NIHREB__ligand1299-0
218,NIHREB__ligand6430-0
219,NIHREB__ligand447-0
220,NIHREB__ligand1379-0
221,NIHREB__ligand3579-0
222,NIHREB__ligand2110-0
223,NIHREB__ligand2916-0
224,NIHREB__ligand1712-0
225,NIHREB__ligand784-0
226,NIHREB__ligand355-0
227,NIHREB__ligand485-0
228,NIHREB__ligand73-0
229,NIHREB__ligand2389-0
230,NIHREB__ligand1919-0
231,NIHREB__ligand1898-0
232,NIHREB__ligand2480-0
233,NIHREB__ligand57-0
234,NIHREB__ligand3051-0
235,NIHREB__ligand4504-0
236,NIHREB__ligand2315-0
237,NIHREB__ligand5334-0
238,NIHREB__ligand291-0
239,NIHREB__ligand115-0
240,NIHREB__ligand1858-0
241,NIHREB__ligand8032-0
242,NIHREB__ligand1160-0
243,NIHREB__ligand2253-0
244,NIHREB__ligand5093-0
245,NIHREB__ligand2954-0
246,NIHREB__ligand136-0
247,NIHREB__ligand2762-0
248,NIHREB__ligand868-0
249,NIHREB__ligand49-0
250,NIHREB__ligand442-0
251,NIHREB__ligand1038-0
252,NIHREB__ligand89-0
253,NIHREB__ligand7550-0
254,NIHREB__ligand783-0
255,NIHREB__ligand352-0
256,NIHREB__ligand7630-0
257,NIHREB__ligand197-0
258,NIHREB__ligand1285-0
259,NIHREB__ligand296-0
260,NIHREB__ligand1555-0
261,NIHREB__ligand4423-0
262,NIHREB__ligand112-0
263,NIHREB__ligand1907-0
264,NIHREB__ligand3890-0
265,NIHREB__ligand7456-0
266,NIHREB__ligand916-0
267,NIHREB__ligand584-0
268,NIHREB__ligand92-0
269,NIHREB__ligand421-0
270,NIHREB__ligand798-0
271,NIHREB__ligand1818-0
272,NIHREB__ligand3478-0
273,NIHREB__ligand331-0
274,NIHREB__ligand17-0
275,NIHREB__ligand3852-0
276,NIHREB__ligand294-0
277,NIHREB__ligand993-0
278,NIHREB__ligand5758-0
279,NIHREB__ligand3035-0
280,NIHREB__ligand3070-0
281,NIHREB__ligand2718-0
282,NIHREB__ligand1493-0
283,NIHREB__ligand560-0
284,NIHREB__ligand525-0
285,NIHREB__ligand9176-0
286,NIHREB__ligand109-0
287,NIHREB__ligand932-0
288,NIHREB__ligand134-0
289,NIHREB__ligand3251-0
290,NIHREB__ligand235-0
291,NIHREB__ligand4619-0
292,NIHREB__ligand6143-0
293,NIHREB__ligand5235-0
294,NIHREB__ligand390-0
295,NIHREB__ligand1918-0
296,NIHREB__ligand311-0
297,NIHREB__ligand369-0
298,NIHREB__ligand4175-0
299,NIHREB__ligand444-0
300,NIHREB__ligand2255-0
301,NIHREB__ligand188-0
302,NIHREB__ligand460-0
303,NIHREB__ligand1436-0
304,NIHREB__ligand2618-0
305,NIHREB__ligand3618-0
306,NIHREB__ligand250-0
307,NIHREB__ligand4370-0
308,NIHREB__ligand370-0
309,NIHREB__ligand1551-0
310,NIHREB__ligand193-0
311,NIHREB__ligand2526-0
312,NIHREB__ligand830-0
313,NIHREB__ligand11-0
314,NIHREB__ligand2707-0
315,NIHREB__ligand252-0
316,NIHREB__ligand1690-0
317,NIHREB__ligand955-0
318,NIHREB__ligand934-0
319,NIHREB__ligand2915-0
320,NIHREB__ligand177-0
321,NIHREB__ligand3196-0
322,NIHREB__ligand4012-0
323,NIHREB__ligand909-0
324,NIHREB__ligand851-0
