,TMC
0,ACUCIM__ligand1038-0
1,ACUCIM__ligand2762-0
2,ACUCIM__ligand55-0
3,ACUCIM__ligand5093-0
4,ACUCIM__ligand2954-0
5,ACUCIM__ligand575-0
6,ACUCIM__ligand2253-0
7,ACUCIM__ligand1160-0
8,ACUCIM__ligand927-0
9,ACUCIM__ligand199-0
10,ACUCIM__ligand95-0
11,ACUCIM__ligand7550-0
12,ACUCIM__ligand1555-0
13,ACUCIM__ligand1285-0
14,ACUCIM__ligand140-0
15,ACUCIM__ligand105-0
16,ACUCIM__ligand7630-0
17,ACUCIM__ligand34-0
18,ACUCIM__ligand409-0
19,ACUCIM__ligand324-0
20,ACUCIM__ligand361-0
21,ACUCIM__ligand3890-0
22,ACUCIM__ligand1907-0
23,ACUCIM__ligand4423-0
24,ACUCIM__ligand821-0
25,ACUCIM__ligand1818-0
26,ACUCIM__ligand326-0
27,ACUCIM__ligand73-0
28,ACUCIM__ligand553-0
29,ACUCIM__ligand7456-0
30,ACUCIM__ligand283-0
31,ACUCIM__ligand5758-0
32,ACUCIM__ligand142-0
33,ACUCIM__ligand206-0
34,ACUCIM__ligand3852-0
35,ACUCIM__ligand436-0
36,ACUCIM__ligand3478-0
37,ACUCIM__ligand9176-0
38,ACUCIM__ligand166-0
39,ACUCIM__ligand838-0
40,ACUCIM__ligand1493-0
41,ACUCIM__ligand2718-0
42,ACUCIM__ligand3035-0
43,ACUCIM__ligand3070-0
44,ACUCIM__ligand5235-0
45,ACUCIM__ligand6143-0
46,ACUCIM__ligand57-0
47,ACUCIM__ligand497-0
48,ACUCIM__ligand4619-0
49,ACUCIM__ligand633-0
50,ACUCIM__ligand3251-0
51,ACUCIM__ligand918-0
52,ACUCIM__ligand532-0
53,ACUCIM__ligand6-0
54,ACUCIM__ligand383-0
55,ACUCIM__ligand1918-0
56,ACUCIM__ligand162-0
57,ACUCIM__ligand226-0
58,ACUCIM__ligand2255-0
59,ACUCIM__ligand4175-0
60,ACUCIM__ligand3618-0
61,ACUCIM__ligand2618-0
62,ACUCIM__ligand32-0
63,ACUCIM__ligand1436-0
64,ACUCIM__ligand4370-0
65,ACUCIM__ligand430-0
66,ACUCIM__ligand48-0
67,ACUCIM__ligand358-0
68,ACUCIM__ligand669-0
69,ACUCIM__ligand2526-0
70,ACUCIM__ligand1551-0
71,ACUCIM__ligand1690-0
72,ACUCIM__ligand278-0
73,ACUCIM__ligand2707-0
74,ACUCIM__ligand365-0
75,ACUCIM__ligand118-0
76,ACUCIM__ligand670-0
77,ACUCIM__ligand2915-0
78,ACUCIM__ligand571-0
79,ACUCIM__ligand51-0
80,ACUCIM__ligand91-0
81,ACUCIM__ligand4-0
82,ACUCIM__ligand29-0
83,ACUCIM__ligand509-0
84,ACUCIM__ligand3196-0
85,ACUCIM__ligand4012-0
86,ACUCIM__ligand3853-0
87,ACUCIM__ligand2853-0
88,ACUCIM__ligand5089-0
89,ACUCIM__ligand2599-0
90,ACUCIM__ligand1246-0
91,ACUCIM__ligand6166-0
92,ACUCIM__ligand797-0
93,ACUCIM__ligand757-0
94,ACUCIM__ligand3-0
95,ACUCIM__ligand1307-0
96,ACUCIM__ligand1-0
97,ACUCIM__ligand3337-0
98,ACUCIM__ligand7514-0
99,ACUCIM__ligand384-0
100,ACUCIM__ligand120-0
101,ACUCIM__ligand1449-1
102,ACUCIM__ligand4811-0
103,ACUCIM__ligand4894-0
104,ACUCIM__ligand1260-0
105,ACUCIM__ligand9620-0
106,ACUCIM__ligand11-0
107,ACUCIM__ligand1788-0
108,ACUCIM__ligand1321-0
109,ACUCIM__ligand240-0
110,ACUCIM__ligand3566-0
111,ACUCIM__ligand11730-0
112,ACUCIM__ligand141-0
113,ACUCIM__ligand1178-0
114,ACUCIM__ligand2442-0
115,ACUCIM__ligand89-0
116,ACUCIM__ligand1019-0
117,ACUCIM__ligand321-0
118,ACUCIM__ligand279-0
119,ACUCIM__ligand7414-0
120,ACUCIM__ligand5762-0
121,ACUCIM__ligand178-0
122,ACUCIM__ligand1104-0
123,ACUCIM__ligand100-0
124,ACUCIM__ligand201-0
125,ACUCIM__ligand244-0
126,ACUCIM__ligand49-0
127,ACUCIM__ligand1325-0
128,ACUCIM__ligand2482-0
129,ACUCIM__ligand6571-0
130,ACUCIM__ligand2929-0
131,ACUCIM__ligand124-0
132,ACUCIM__ligand2376-0
133,ACUCIM__ligand1379-0
134,ACUCIM__ligand6430-0
135,ACUCIM__ligand119-0
136,ACUCIM__ligand1299-0
137,ACUCIM__ligand1264-0
138,ACUCIM__ligand1221-0
139,ACUCIM__ligand1712-0
140,ACUCIM__ligand17-0
141,ACUCIM__ligand2110-0
142,ACUCIM__ligand2916-0
143,ACUCIM__ligand3579-0
144,ACUCIM__ligand126-0
145,ACUCIM__ligand1919-0
146,ACUCIM__ligand2389-0
147,ACUCIM__ligand92-0
148,ACUCIM__ligand5334-0
149,ACUCIM__ligand596-0
150,ACUCIM__ligand2315-0
151,ACUCIM__ligand3051-0
152,ACUCIM__ligand4504-0
153,ACUCIM__ligand2480-0
154,ACUCIM__ligand1898-0
155,ACUCIM__ligand366-0
156,ACUCIM__ligand8032-0
157,ACUCIM__ligand1858-0
158,ACUCIM__ligand861-0
159,ACUCIM__ligand612-0
160,ACUCIM__ligand187-0
161,ACUCIM__ligand447-0
162,ACUCIM__ligand1052-0
163,ACUCIM__ligand133-0
164,ACUCIM__ligand522-0
165,ACUCIM__ligand1273-0
166,ACUCIM__ligand666-0
167,ACUCIM__ligand487-0
168,ACUCIM__ligand1113-0
169,ACUCIM__ligand2265-0
170,ACUCIM__ligand6396-0
171,ACUCIM__ligand9027-0
172,ACUCIM__ligand2794-0
173,ACUCIM__ligand2345-0
174,ACUCIM__ligand1835-0
175,ACUCIM__ligand4983-0
176,ACUCIM__ligand682-0
177,ACUCIM__ligand1502-0
178,ACUCIM__ligand5022-0
179,ACUCIM__ligand1169-0
180,ACUCIM__ligand115-0
181,ACUCIM__ligand291-0
182,ACUCIM__ligand2880-0
183,ACUCIM__ligand5941-0
184,ACUCIM__ligand2838-0
185,ACUCIM__ligand3838-0
186,ACUCIM__ligand1799-0
187,ACUCIM__ligand2142-0
188,ACUCIM__ligand9495-0
189,ACUCIM__ligand355-0
190,ACUCIM__ligand784-0
191,ACUCIM__ligand6151-0
192,ACUCIM__ligand45-0
193,ACUCIM__ligand2772-0
194,ACUCIM__ligand6538-0
195,ACUCIM__ligand485-0
196,ACUCIM__ligand85-0
197,ACUCIM__ligand2864-0
198,ACUCIM__ligand78-0
199,ACUCIM__ligand481-0
200,ACUCIM__ligand314-0
201,ACUCIM__ligand7464-0
202,ACUCIM__ligand1598-0
203,ACUCIM__ligand170-0
204,ACUCIM__ligand1248-0
205,ACUCIM__ligand4303-0
206,ACUCIM__ligand6294-0
207,ACUCIM__ligand1054-0
208,ACUCIM__ligand391-0
209,ACUCIM__ligand3637-0
210,ACUCIM__ligand210-0
211,ACUCIM__ligand8774-0
212,ACUCIM__ligand1727-0
213,ACUCIM__ligand67-0
214,ACUCIM__ligand196-0
215,ACUCIM__ligand502-0
216,ACUCIM__ligand1152-0
217,ACUCIM__ligand113-0
218,ACUCIM__ligand1607-0
219,ACUCIM__ligand422-0
220,ACUCIM__ligand2285-0
221,ACUCIM__ligand1567-0
222,ACUCIM__ligand236-0
223,ACUCIM__ligand8921-0
224,ACUCIM__ligand2510-0
225,ACUCIM__ligand2320-0
226,ACUCIM__ligand1056-0
227,ACUCIM__ligand2862-0
228,ACUCIM__ligand353-0
229,ACUCIM__ligand1703-0
230,ACUCIM__ligand2430-0
231,ACUCIM__ligand15630-0
232,ACUCIM__ligand10357-0
233,ACUCIM__ligand2907-0
234,ACUCIM__ligand2087-0
235,ACUCIM__ligand1048-0
236,ACUCIM__ligand3757-0
237,ACUCIM__ligand8-0
238,ACUCIM__ligand370-0
239,ACUCIM__ligand1685-0
240,ACUCIM__ligand1544-0
241,ACUCIM__ligand250-0
242,ACUCIM__ligand18-0
243,ACUCIM__ligand1459-0
244,ACUCIM__ligand460-0
245,ACUCIM__ligand188-0
246,ACUCIM__ligand5801-0
247,ACUCIM__ligand3063-0
248,ACUCIM__ligand369-0
249,ACUCIM__ligand444-0
250,ACUCIM__ligand1438-0
251,ACUCIM__ligand311-0
252,ACUCIM__ligand1171-0
253,ACUCIM__ligand1706-0
254,ACUCIM__ligand851-0
255,ACUCIM__ligand3734-0
256,ACUCIM__ligand2629-0
257,ACUCIM__ligand909-0
258,ACUCIM__ligand4381-0
259,ACUCIM__ligand177-0
260,ACUCIM__ligand934-0
261,ACUCIM__ligand86-0
262,ACUCIM__ligand252-0
263,ACUCIM__ligand955-0
264,ACUCIM__ligand2259-0
265,ACUCIM__ligand2688-0
266,ACUCIM__ligand1376-0
267,ACUCIM__ligand2768-0
268,ACUCIM__ligand62-0
269,ACUCIM__ligand830-0
270,ACUCIM__ligand6277-0
271,ACUCIM__ligand1951-0
272,ACUCIM__ligand1687-0
273,ACUCIM__ligand193-0
274,ACUCIM__ligand3041-0
275,ACUCIM__ligand10910-0
276,ACUCIM__ligand112-0
277,ACUCIM__ligand2634-0
278,ACUCIM__ligand1542-0
279,ACUCIM__ligand197-0
280,ACUCIM__ligand296-0
281,ACUCIM__ligand66-0
282,ACUCIM__ligand2751-0
283,ACUCIM__ligand3145-0
284,ACUCIM__ligand14530-0
285,ACUCIM__ligand7915-0
286,ACUCIM__ligand5548-0
287,ACUCIM__ligand352-0
288,ACUCIM__ligand783-0
289,ACUCIM__ligand1747-0
290,ACUCIM__ligand6686-0
291,ACUCIM__ligand2098-0
292,ACUCIM__ligand868-0
293,ACUCIM__ligand6502-0
294,ACUCIM__ligand442-0
295,ACUCIM__ligand2863-0
296,ACUCIM__ligand3178-0
297,ACUCIM__ligand6332-0
298,ACUCIM__ligand136-0
299,ACUCIM__ligand38-0
300,ACUCIM__ligand1479-0
301,ACUCIM__ligand390-0
302,ACUCIM__ligand134-0
303,ACUCIM__ligand1148-0
304,ACUCIM__ligand932-0
305,ACUCIM__ligand235-0
306,ACUCIM__ligand525-0
307,ACUCIM__ligand560-0
308,ACUCIM__ligand10479-0
309,ACUCIM__ligand3246-0
310,ACUCIM__ligand109-0
311,ACUCIM__ligand40-0
312,ACUCIM__ligand294-0
313,ACUCIM__ligand1114-0
314,ACUCIM__ligand1538-0
315,ACUCIM__ligand993-0
316,ACUCIM__ligand21-0
317,ACUCIM__ligand331-0
318,ACUCIM__ligand10114-0
319,ACUCIM__ligand421-0
320,ACUCIM__ligand798-0
321,ACUCIM__ligand1228-0
322,ACUCIM__ligand584-0
323,ACUCIM__ligand9244-0
324,ACUCIM__ligand916-0
