,TMC
0,YOBQOX__ligand1618-0
1,YOBQOX__ligand2692-0
2,YOBQOX__ligand4262-0
3,YOBQOX__ligand24560-0
4,YOBQOX__ligand18757-0
5,YOBQOX__ligand656-0
6,YOBQOX__ligand1028-0
7,YOBQOX__ligand24624-0
8,YOBQOX__ligand20844-0
9,YOBQOX__ligand18413-0
10,YOBQOX__ligand696-0
11,YOBQOX__ligand21752-0
12,YOBQOX__ligand1015-0
13,YOBQOX__ligand1050-0
14,YOBQOX__ligand2027-0
15,YOBQOX__ligand14339-0
16,YOBQOX__ligand13691-0
17,YOBQOX__ligand30788-0
18,YOBQOX__ligand16133-0
19,YOBQOX__ligand13755-0
20,YOBQOX__ligand20432-0
21,YOBQOX__ligand27122-0
22,YOBQOX__ligand162-0
23,YOBQOX__ligand226-0
24,YOBQOX__ligand38-0
25,YOBQOX__ligand23445-0
26,YOBQOX__ligand24953-0
27,YOBQOX__ligand416-0
28,YOBQOX__ligand21940-0
29,YOBQOX__ligand1169-0
30,YOBQOX__ligand25048-0
31,YOBQOX__ligand8529-0
32,YOBQOX__ligand383-0
33,YOBQOX__ligand9615-0
34,YOBQOX__ligand20557-0
35,YOBQOX__ligand30004-0
36,YOBQOX__ligand1154-0
37,YOBQOX__ligand1498-0
38,YOBQOX__ligand4596-0
39,YOBQOX__ligand8553-0
40,YOBQOX__ligand29214-0
41,YOBQOX__ligand1113-0
42,YOBQOX__ligand11544-0
43,YOBQOX__ligand11501-0
44,YOBQOX__ligand5201-0
45,YOBQOX__ligand21448-0
46,YOBQOX__ligand670-0
47,YOBQOX__ligand42-0
48,YOBQOX__ligand11758-0
49,YOBQOX__ligand22357-0
50,YOBQOX__ligand534-0
51,YOBQOX__ligand571-0
52,YOBQOX__ligand20731-0
53,YOBQOX__ligand29334-0
54,YOBQOX__ligand7566-0
55,YOBQOX__ligand12413-0
56,YOBQOX__ligand11798-0
57,YOBQOX__ligand2001-0
58,YOBQOX__ligand14477-0
59,YOBQOX__ligand17069-0
60,YOBQOX__ligand8593-0
61,YOBQOX__ligand9944-0
62,YOBQOX__ligand17445-0
63,YOBQOX__ligand16956-0
64,YOBQOX__ligand21339-0
65,YOBQOX__ligand14226-0
66,YOBQOX__ligand2823-0
67,YOBQOX__ligand20942-1
68,YOBQOX__ligand6995-0
69,YOBQOX__ligand694-0
70,YOBQOX__ligand430-0
71,YOBQOX__ligand23682-0
72,YOBQOX__ligand29565-0
73,YOBQOX__ligand3180-0
74,YOBQOX__ligand358-0
75,YOBQOX__ligand27771-0
76,YOBQOX__ligand4340-0
77,YOBQOX__ligand18158-0
78,YOBQOX__ligand488-0
79,YOBQOX__ligand2650-0
80,YOBQOX__ligand2281-0
81,YOBQOX__ligand5415-0
82,YOBQOX__ligand14007-0
83,YOBQOX__ligand18019-1
84,YOBQOX__ligand27550-0
85,YOBQOX__ligand66-0
86,YOBQOX__ligand4161-0
87,YOBQOX__ligand3471-0
88,YOBQOX__ligand4124-0
89,YOBQOX__ligand20220-0
90,YOBQOX__ligand3285-0
91,YOBQOX__ligand4795-0
92,YOBQOX__ligand20121-0
93,YOBQOX__ligand1908-0
94,YOBQOX__ligand15387-0
95,YOBQOX__ligand5630-0
96,YOBQOX__ligand29813-0
97,YOBQOX__ligand16952-0
98,YOBQOX__ligand1786-0
99,YOBQOX__ligand11479-0
100,YOBQOX__ligand8042-0
101,YOBQOX__ligand27610-0
102,YOBQOX__ligand10479-0
103,YOBQOX__ligand6112-0
104,YOBQOX__ligand1828-0
105,YOBQOX__ligand10853-0
106,YOBQOX__ligand7213-0
107,YOBQOX__ligand29441-0
108,YOBQOX__ligand1397-0
109,YOBQOX__ligand409-0
110,YOBQOX__ligand5755-0
111,YOBQOX__ligand4710-0
112,YOBQOX__ligand24851-0
113,YOBQOX__ligand361-0
114,YOBQOX__ligand324-0
115,YOBQOX__ligand5085-0
116,YOBQOX__ligand14302-0
117,YOBQOX__ligand3144-0
118,YOBQOX__ligand14347-0
119,YOBQOX__ligand13657-0
120,YOBQOX__ligand11698-0
121,YOBQOX__ligand20530-0
122,YOBQOX__ligand1849-0
123,YOBQOX__ligand22353-0
124,YOBQOX__ligand588-0
125,YOBQOX__ligand19906-0
126,YOBQOX__ligand19668-0
127,YOBQOX__ligand1216-0
128,YOBQOX__ligand5019-0
129,YOBQOX__ligand300-0
130,YOBQOX__ligand1152-0
131,YOBQOX__ligand3261-0
132,YOBQOX__ligand10151-0
133,YOBQOX__ligand1-0
134,YOBQOX__ligand6663-0
135,YOBQOX__ligand5515-0
136,YOBQOX__ligand1831-0
137,YOBQOX__ligand5280-0
138,YOBQOX__ligand199-0
139,YOBQOX__ligand5614-0
140,YOBQOX__ligand3-0
141,YOBQOX__ligand11252-0
142,YOBQOX__ligand7438-0
143,YOBQOX__ligand8200-0
144,YOBQOX__ligand13260-0
145,YOBQOX__ligand4063-0
146,YOBQOX__ligand10582-0
147,YOBQOX__ligand3042-0
148,YOBQOX__ligand18067-0
149,YOBQOX__ligand19824-0
150,YOBQOX__ligand26673-0
151,YOBQOX__ligand633-0
152,YOBQOX__ligand4207-0
153,YOBQOX__ligand20821-0
154,YOBQOX__ligand3453-0
155,YOBQOX__ligand3416-0
156,YOBQOX__ligand1150-0
157,YOBQOX__ligand11606-0
158,YOBQOX__ligand1539-0
159,YOBQOX__ligand31000-0
160,YOBQOX__ligand497-0
161,YOBQOX__ligand4167-0
162,YOBQOX__ligand11814-0
163,YOBQOX__ligand16603-0
164,YOBQOX__ligand4266-0
165,YOBQOX__ligand1400-0
166,YOBQOX__ligand9491-0
167,YOBQOX__ligand16870-0
168,YOBQOX__ligand1288-0
169,YOBQOX__ligand326-0
170,YOBQOX__ligand11622-0
171,YOBQOX__ligand11177-0
172,YOBQOX__ligand3980-0
173,YOBQOX__ligand3557-0
174,YOBQOX__ligand436-0
175,YOBQOX__ligand1149-0
176,YOBQOX__ligand7075-0
177,YOBQOX__ligand15455-0
178,YOBQOX__ligand9750-0
179,YOBQOX__ligand692-0
180,YOBQOX__ligand18-0
181,YOBQOX__ligand31205-0
182,YOBQOX__ligand1779-0
183,YOBQOX__ligand6993-0
184,YOBQOX__ligand1817-0
185,YOBQOX__ligand17686-0
186,YOBQOX__ligand25658-0
187,YOBQOX__ligand1197-0
188,YOBQOX__ligand8592-0
189,YOBQOX__ligand5099-0
190,YOBQOX__ligand20695-0
191,YOBQOX__ligand27754-0
192,YOBQOX__ligand4-0
193,YOBQOX__ligand11111-0
194,YOBQOX__ligand1296-0
195,YOBQOX__ligand28540-0
196,YOBQOX__ligand338-0
197,YOBQOX__ligand2259-0
198,YOBQOX__ligand16369-0
199,YOBQOX__ligand22403-0
200,YOBQOX__ligand9773-0
201,YOBQOX__ligand1376-0
202,YOBQOX__ligand5510-0
203,YOBQOX__ligand12003-0
204,YOBQOX__ligand16148-0
205,YOBQOX__ligand26631-0
206,YOBQOX__ligand43-0
207,YOBQOX__ligand5595-0
208,YOBQOX__ligand10872-0
209,YOBQOX__ligand4101-0
210,YOBQOX__ligand21399-0
211,YOBQOX__ligand2221-0
212,YOBQOX__ligand29215-0
213,YOBQOX__ligand4358-0
214,YOBQOX__ligand3926-0
215,YOBQOX__ligand3120-0
216,YOBQOX__ligand185-0
217,YOBQOX__ligand67-0
218,YOBQOX__ligand27239-0
219,YOBQOX__ligand279-0
220,YOBQOX__ligand21729-0
221,YOBQOX__ligand8002-0
222,YOBQOX__ligand5509-0
223,YOBQOX__ligand178-0
224,YOBQOX__ligand1407-0
225,YOBQOX__ligand6117-0
226,YOBQOX__ligand5080-0
227,YOBQOX__ligand7762-0
228,YOBQOX__ligand19927-0
229,YOBQOX__ligand14043-0
230,YOBQOX__ligand26324-0
231,YOBQOX__ligand321-0
232,YOBQOX__ligand28559-0
233,YOBQOX__ligand2238-0
234,YOBQOX__ligand11618-0
235,YOBQOX__ligand9167-0
236,YOBQOX__ligand5304-0
237,YOBQOX__ligand3867-0
238,YOBQOX__ligand1317-0
239,YOBQOX__ligand7293-0
240,YOBQOX__ligand2822-0
241,YOBQOX__ligand26529-0
242,YOBQOX__ligand201-0
243,YOBQOX__ligand9299-0
244,YOBQOX__ligand777-0
245,YOBQOX__ligand4007-0
246,YOBQOX__ligand17427-0
247,YOBQOX__ligand2985-0
248,YOBQOX__ligand3677-1
249,YOBQOX__ligand31694-0
250,YOBQOX__ligand9883-0
251,YOBQOX__ligand596-0
252,YOBQOX__ligand941-0
253,YOBQOX__ligand29486-0
254,YOBQOX__ligand7291-0
255,YOBQOX__ligand3736-0
256,YOBQOX__ligand8000-0
257,YOBQOX__ligand657-0
258,YOBQOX__ligand25561-0
259,YOBQOX__ligand9344-0
260,YOBQOX__ligand187-0
261,YOBQOX__ligand11949-0
262,YOBQOX__ligand366-0
263,YOBQOX__ligand5383-0
264,YOBQOX__ligand2693-0
265,YOBQOX__ligand24780-0
266,YOBQOX__ligand12138-0
267,YOBQOX__ligand22129-0
268,YOBQOX__ligand3945-0
269,YOBQOX__ligand1499-0
270,YOBQOX__ligand24644-0
271,YOBQOX__ligand2881-0
272,YOBQOX__ligand10033-0
273,YOBQOX__ligand12001-0
274,YOBQOX__ligand1464-0
275,YOBQOX__ligand3712-0
276,YOBQOX__ligand30728-0
277,YOBQOX__ligand1211-0
278,YOBQOX__ligand845-0
279,YOBQOX__ligand27840-0
280,YOBQOX__ligand6892-0
281,YOBQOX__ligand24872-0
282,YOBQOX__ligand1168-0
283,YOBQOX__ligand13220-0
284,YOBQOX__ligand11587-0
285,YOBQOX__ligand1294-0
286,YOBQOX__ligand15788-0
287,YOBQOX__ligand23175-0
288,YOBQOX__ligand3677-0
289,YOBQOX__ligand3632-0
290,YOBQOX__ligand17396-0
291,YOBQOX__ligand13385-0
292,YOBQOX__ligand163-0
293,YOBQOX__ligand126-0
294,YOBQOX__ligand14569-0
295,YOBQOX__ligand22444-0
296,YOBQOX__ligand24111-0
297,YOBQOX__ligand6699-0
298,YOBQOX__ligand1114-0
299,YOBQOX__ligand24035-0
300,YOBQOX__ligand11994-0
301,YOBQOX__ligand6391-0
302,YOBQOX__ligand3126-0
303,YOBQOX__ligand9284-0
304,YOBQOX__ligand31842-0
305,YOBQOX__ligand31044-0
306,YOBQOX__ligand16663-0
307,YOBQOX__ligand45-0
308,YOBQOX__ligand2417-0
309,YOBQOX__ligand14614-0
310,YOBQOX__ligand1832-0
311,YOBQOX__ligand8788-0
312,YOBQOX__ligand25913-0
313,YOBQOX__ligand78-0
314,YOBQOX__ligand16988-0
315,YOBQOX__ligand2043-0
316,YOBQOX__ligand122-0
317,YOBQOX__ligand30711-0
318,YOBQOX__ligand20207-0
319,YOBQOX__ligand757-0
320,YOBQOX__ligand1228-0
321,YOBQOX__ligand9943-0
322,YOBQOX__ligand11682-0
323,YOBQOX__ligand1604-0
324,YOBQOX__ligand24230-0
325,YOBQOX__ligand11096-0
326,YOBQOX__ligand11447-0
327,YOBQOX__ligand28810-0
328,YOBQOX__ligand693-0
329,YOBQOX__ligand19-0
330,YOBQOX__ligand10828-0
331,YOBQOX__ligand9450-0
332,YOBQOX__ligand19792-0
333,YOBQOX__ligand15926-0
334,YOBQOX__ligand11970-0
335,YOBQOX__ligand1599-0
336,YOBQOX__ligand2612-0
337,YOBQOX__ligand15883-0
338,YOBQOX__ligand22294-0
339,YOBQOX__ligand28930-0
340,YOBQOX__ligand22168-0
341,YOBQOX__ligand1289-0
342,YOBQOX__ligand5387-0
343,YOBQOX__ligand2203-0
344,YOBQOX__ligand21919-0
345,YOBQOX__ligand10056-0
346,YOBQOX__ligand24-0
347,YOBQOX__ligand12365-0
348,YOBQOX__ligand15531-0
349,YOBQOX__ligand28743-0
350,YOBQOX__ligand11357-0
351,YOBQOX__ligand13862-0
352,YOBQOX__ligand3244-0
353,YOBQOX__ligand4711-0
354,YOBQOX__ligand23197-0
355,YOBQOX__ligand2906-0
356,YOBQOX__ligand29029-0
357,YOBQOX__ligand27285-0
358,YOBQOX__ligand4649-0
359,YOBQOX__ligand5649-0
360,YOBQOX__ligand2788-0
361,YOBQOX__ligand8793-0
362,YOBQOX__ligand13477-0
363,YOBQOX__ligand14167-0
364,YOBQOX__ligand7196-0
365,YOBQOX__ligand5159-0
366,YOBQOX__ligand240-0
367,YOBQOX__ligand1787-0
368,YOBQOX__ligand1356-0
369,YOBQOX__ligand5530-0
370,YOBQOX__ligand27669-0
371,YOBQOX__ligand141-0
372,YOBQOX__ligand30142-0
373,YOBQOX__ligand9753-0
374,YOBQOX__ligand3178-0
375,YOBQOX__ligand4807-0
376,YOBQOX__ligand5180-0
377,YOBQOX__ligand28459-0
378,YOBQOX__ligand18448-0
379,YOBQOX__ligand12453-0
380,YOBQOX__ligand7316-0
381,YOBQOX__ligand5708-0
382,YOBQOX__ligand19184-0
383,YOBQOX__ligand6017-0
384,YOBQOX__ligand384-0
385,YOBQOX__ligand8612-0
386,YOBQOX__ligand768-0
387,YOBQOX__ligand2124-0
388,YOBQOX__ligand13672-0
389,YOBQOX__ligand2260-0
390,YOBQOX__ligand28685-0
391,YOBQOX__ligand18568-0
392,YOBQOX__ligand7092-0
393,YOBQOX__ligand1116-0
394,YOBQOX__ligand3225-0
395,YOBQOX__ligand1153-0
396,YOBQOX__ligand7273-0
397,YOBQOX__ligand9323-0
398,YOBQOX__ligand7172-0
399,YOBQOX__ligand10371-0
400,YOBQOX__ligand9935-0
401,YOBQOX__ligand1573-0
402,YOBQOX__ligand1536-0
403,YOBQOX__ligand1959-0
404,YOBQOX__ligand27460-0
405,YOBQOX__ligand465-0
406,YOBQOX__ligand3504-0
407,YOBQOX__ligand12427-0
408,YOBQOX__ligand1844-0
409,YOBQOX__ligand4661-0
410,YOBQOX__ligand20740-0
411,YOBQOX__ligand28468-0
412,YOBQOX__ligand6616-0
413,YOBQOX__ligand3876-0
414,YOBQOX__ligand1343-0
415,YOBQOX__ligand3035-0
416,YOBQOX__ligand3718-0
417,YOBQOX__ligand16628-0
418,YOBQOX__ligand30296-0
419,YOBQOX__ligand7106-0
420,YOBQOX__ligand314-1
421,YOBQOX__ligand17281-0
422,YOBQOX__ligand26540-0
423,YOBQOX__ligand29410-0
424,YOBQOX__ligand12337-0
425,YOBQOX__ligand7242-0
426,YOBQOX__ligand30333-0
427,YOBQOX__ligand9908-0
428,YOBQOX__ligand1263-0
429,YOBQOX__ligand12606-0
430,YOBQOX__ligand4155-0
431,YOBQOX__ligand14297-0
432,YOBQOX__ligand3094-0
433,YOBQOX__ligand14603-0
434,YOBQOX__ligand17-0
435,YOBQOX__ligand17258-0
436,YOBQOX__ligand13012-0
437,YOBQOX__ligand17631-0
438,YOBQOX__ligand5211-0
439,YOBQOX__ligand26665-0
440,YOBQOX__ligand813-0
441,YOBQOX__ligand6839-0
442,YOBQOX__ligand3131-0
443,YOBQOX__ligand3174-0
444,YOBQOX__ligand1202-0
445,YOBQOX__ligand3937-0
446,YOBQOX__ligand8969-0
447,YOBQOX__ligand780-0
448,YOBQOX__ligand314-0
449,YOBQOX__ligand31783-0
450,YOBQOX__ligand4720-0
451,YOBQOX__ligand14723-0
452,YOBQOX__ligand3565-0
453,YOBQOX__ligand27893-0
454,YOBQOX__ligand5331-0
455,YOBQOX__ligand15422-0
456,YOBQOX__ligand20578-0
457,YOBQOX__ligand12934-0
458,YOBQOX__ligand1512-0
459,YOBQOX__ligand19641-0
460,YOBQOX__ligand391-0
461,YOBQOX__ligand6919-0
462,YOBQOX__ligand23713-0
463,YOBQOX__ligand18832-0
464,YOBQOX__ligand27175-0
465,YOBQOX__ligand2485-0
466,YOBQOX__ligand618-0
467,YOBQOX__ligand3852-0
468,YOBQOX__ligand30988-0
469,YOBQOX__ligand13658-0
470,YOBQOX__ligand6768-0
471,YOBQOX__ligand26702-0
472,YOBQOX__ligand8115-0
473,YOBQOX__ligand12289-0
474,YOBQOX__ligand393-0
475,YOBQOX__ligand18292-0
476,YOBQOX__ligand12130-0
477,YOBQOX__ligand17387-0
478,YOBQOX__ligand7000-0
479,YOBQOX__ligand1982-0
480,YOBQOX__ligand12231-0
481,YOBQOX__ligand1285-0
482,YOBQOX__ligand15585-0
483,YOBQOX__ligand12401-0
484,YOBQOX__ligand24145-0
485,YOBQOX__ligand10476-0
486,YOBQOX__ligand4546-0
487,YOBQOX__ligand4503-0
488,YOBQOX__ligand19830-0
489,YOBQOX__ligand13068-0
490,YOBQOX__ligand7648-0
491,YOBQOX__ligand8876-0
492,YOBQOX__ligand2828-0
493,YOBQOX__ligand24185-0
494,YOBQOX__ligand9833-0
495,YOBQOX__ligand23769-0
496,YOBQOX__ligand5256-0
497,YOBQOX__ligand4157-0
498,YOBQOX__ligand25178-0
499,YOBQOX__ligand2232-0
500,YOBQOX__ligand17302-0
501,YOBQOX__ligand353-0
502,YOBQOX__ligand17805-0
503,YOBQOX__ligand2176-0
504,YOBQOX__ligand9291-0
505,YOBQOX__ligand196-0
506,YOBQOX__ligand9784-0
507,YOBQOX__ligand14108-0
508,YOBQOX__ligand4272-0
509,YOBQOX__ligand1451-0
510,YOBQOX__ligand89-0
511,YOBQOX__ligand7629-0
512,YOBQOX__ligand3954-0
513,YOBQOX__ligand4093-0
514,YOBQOX__ligand4442-0
515,YOBQOX__ligand12641-0
516,YOBQOX__ligand10958-0
517,YOBQOX__ligand9520-0
518,YOBQOX__ligand1160-0
519,YOBQOX__ligand8699-0
520,YOBQOX__ligand4016-0
521,YOBQOX__ligand422-0
522,YOBQOX__ligand10262-0
523,YOBQOX__ligand7867-0
524,YOBQOX__ligand28676-0
525,YOBQOX__ligand1219-0
526,YOBQOX__ligand6709-0
527,YOBQOX__ligand27763-0
528,YOBQOX__ligand19057-0
529,YOBQOX__ligand18814-0
530,YOBQOX__ligand7280-0
531,YOBQOX__ligand1304-0
532,YOBQOX__ligand1790-0
533,YOBQOX__ligand49-0
534,YOBQOX__ligand7238-0
535,YOBQOX__ligand686-0
536,YOBQOX__ligand13425-0
537,YOBQOX__ligand29302-0
538,YOBQOX__ligand31832-0
539,YOBQOX__ligand13294-0
540,YOBQOX__ligand3156-0
541,YOBQOX__ligand2915-0
542,YOBQOX__ligand12030-0
543,YOBQOX__ligand1378-0
544,YOBQOX__ligand29879-0
545,YOBQOX__ligand14248-0
546,YOBQOX__ligand13331-0
547,YOBQOX__ligand6244-0
548,YOBQOX__ligand28884-0
549,YOBQOX__ligand506-0
550,YOBQOX__ligand9441-0
551,YOBQOX__ligand10712-0
552,YOBQOX__ligand2332-0
553,YOBQOX__ligand14174-0
554,YOBQOX__ligand152-0
555,YOBQOX__ligand11456-0
556,YOBQOX__ligand1575-0
557,YOBQOX__ligand1530-0
558,YOBQOX__ligand9933-0
559,YOBQOX__ligand25411-0
560,YOBQOX__ligand1631-0
561,YOBQOX__ligand13390-0
562,YOBQOX__ligand1324-0
563,YOBQOX__ligand8721-0
564,YOBQOX__ligand176-0
565,YOBQOX__ligand5643-0
566,YOBQOX__ligand1823-0
567,YOBQOX__ligand69-0
568,YOBQOX__ligand447-0
569,YOBQOX__ligand2526-0
570,YOBQOX__ligand5036-0
571,YOBQOX__ligand1615-0
572,YOBQOX__ligand9952-0
573,YOBQOX__ligand9111-0
574,YOBQOX__ligand20682-0
575,YOBQOX__ligand746-0
576,YOBQOX__ligand27482-0
577,YOBQOX__ligand487-0
578,YOBQOX__ligand26810-0
579,YOBQOX__ligand9601-0
580,YOBQOX__ligand8992-0
581,YOBQOX__ligand13208-0
582,YOBQOX__ligand1018-0
583,YOBQOX__ligand4116-0
584,YOBQOX__ligand11-0
585,YOBQOX__ligand6124-0
586,YOBQOX__ligand3707-0
587,YOBQOX__ligand7967-0
588,YOBQOX__ligand784-0
589,YOBQOX__ligand29568-0
590,YOBQOX__ligand1142-0
591,YOBQOX__ligand3234-0
592,YOBQOX__ligand30851-0
593,YOBQOX__ligand14889-0
594,YOBQOX__ligand7126-0
595,YOBQOX__ligand20419-0
596,YOBQOX__ligand8835-0
597,YOBQOX__ligand2028-0
598,YOBQOX__ligand17118-0
599,YOBQOX__ligand21371-0
600,YOBQOX__ligand28789-0
601,YOBQOX__ligand17261-0
602,YOBQOX__ligand4641-0
603,YOBQOX__ligand14117-0
604,YOBQOX__ligand20539-0
605,YOBQOX__ligand20251-0
606,YOBQOX__ligand395-0
607,YOBQOX__ligand30702-0
608,YOBQOX__ligand20214-0
609,YOBQOX__ligand368-0
610,YOBQOX__ligand21581-0
611,YOBQOX__ligand31097-0
612,YOBQOX__ligand115-0
613,YOBQOX__ligand20251-1
614,YOBQOX__ligand4620-0
615,YOBQOX__ligand14703-0
616,YOBQOX__ligand16475-0
617,YOBQOX__ligand2295-0
618,YOBQOX__ligand1577-0
619,YOBQOX__ligand6067-0
620,YOBQOX__ligand2917-0
621,YOBQOX__ligand8-0
622,YOBQOX__ligand833-0
623,YOBQOX__ligand17398-0
624,YOBQOX__ligand7819-0
625,YOBQOX__ligand11675-0
626,YOBQOX__ligand20598-0
627,YOBQOX__ligand22557-0
628,YOBQOX__ligand10589-0
629,YOBQOX__ligand24047-0
630,YOBQOX__ligand20011-0
631,YOBQOX__ligand17278-0
632,YOBQOX__ligand3465-0
633,YOBQOX__ligand29414-0
634,YOBQOX__ligand17982-0
635,YOBQOX__ligand6102-0
636,YOBQOX__ligand6596-0
637,YOBQOX__ligand3721-0
638,YOBQOX__ligand6904-0
639,YOBQOX__ligand6882-0
640,YOBQOX__ligand6455-0
641,YOBQOX__ligand783-0
642,YOBQOX__ligand352-0
643,YOBQOX__ligand24064-0
644,YOBQOX__ligand3934-0
645,YOBQOX__ligand23589-0
646,YOBQOX__ligand15168-0
647,YOBQOX__ligand51-0
648,YOBQOX__ligand2403-0
649,YOBQOX__ligand7530-0
650,YOBQOX__ligand1065-0
651,YOBQOX__ligand26277-0
652,YOBQOX__ligand29898-0
653,YOBQOX__ligand91-0
654,YOBQOX__ligand10432-0
655,YOBQOX__ligand3012-0
656,YOBQOX__ligand31618-0
657,YOBQOX__ligand11432-0
658,YOBQOX__ligand1449-0
659,YOBQOX__ligand22755-0
660,YOBQOX__ligand868-0
661,YOBQOX__ligand4332-0
662,YOBQOX__ligand9681-0
663,YOBQOX__ligand18013-0
664,YOBQOX__ligand25224-0
665,YOBQOX__ligand17945-0
666,YOBQOX__ligand2830-0
667,YOBQOX__ligand1729-0
668,YOBQOX__ligand48-0
669,YOBQOX__ligand5627-0
670,YOBQOX__ligand17207-0
671,YOBQOX__ligand31578-0
672,YOBQOX__ligand5483-0
673,YOBQOX__ligand24750-0
674,YOBQOX__ligand5316-0
675,YOBQOX__ligand15438-0
676,YOBQOX__ligand9148-0
677,YOBQOX__ligand28924-0
678,YOBQOX__ligand29087-0
679,YOBQOX__ligand7529-0
680,YOBQOX__ligand197-0
681,YOBQOX__ligand1415-0
682,YOBQOX__ligand6946-0
683,YOBQOX__ligand18703-0
684,YOBQOX__ligand3215-0
685,YOBQOX__ligand294-0
686,YOBQOX__ligand13072-0
687,YOBQOX__ligand7107-0
688,YOBQOX__ligand12336-0
689,YOBQOX__ligand32-0
690,YOBQOX__ligand17240-0
691,YOBQOX__ligand685-0
692,YOBQOX__ligand17590-0
693,YOBQOX__ligand6283-0
694,YOBQOX__ligand6062-0
695,YOBQOX__ligand4738-0
696,YOBQOX__ligand421-0
697,YOBQOX__ligand12682-0
698,YOBQOX__ligand5813-0
699,YOBQOX__ligand18699-0
700,YOBQOX__ligand4813-0
701,YOBQOX__ligand21421-0
702,YOBQOX__ligand134-0
703,YOBQOX__ligand4194-0
704,YOBQOX__ligand235-0
705,YOBQOX__ligand7532-0
706,YOBQOX__ligand11774-0
707,YOBQOX__ligand14586-0
708,YOBQOX__ligand20579-0
709,YOBQOX__ligand17710-0
710,YOBQOX__ligand4330-0
711,YOBQOX__ligand11568-0
712,YOBQOX__ligand2599-0
713,YOBQOX__ligand31483-0
714,YOBQOX__ligand3973-0
715,YOBQOX__ligand10555-0
716,YOBQOX__ligand1147-0
717,YOBQOX__ligand16-0
718,YOBQOX__ligand560-0
719,YOBQOX__ligand24613-0
720,YOBQOX__ligand7925-0
721,YOBQOX__ligand2068-0
722,YOBQOX__ligand19725-0
723,YOBQOX__ligand29610-0
724,YOBQOX__ligand11140-0
725,YOBQOX__ligand3208-0
726,YOBQOX__ligand2208-0
727,YOBQOX__ligand7573-0
728,YOBQOX__ligand2781-0
729,YOBQOX__ligand188-0
730,YOBQOX__ligand3350-0
731,YOBQOX__ligand13869-0
732,YOBQOX__ligand8722-0
733,YOBQOX__ligand18074-0
734,YOBQOX__ligand29863-0
735,YOBQOX__ligand9809-0
736,YOBQOX__ligand6672-0
737,YOBQOX__ligand1327-0
738,YOBQOX__ligand7162-0
739,YOBQOX__ligand370-1
740,YOBQOX__ligand620-0
741,YOBQOX__ligand3029-0
742,YOBQOX__ligand1773-0
743,YOBQOX__ligand4581-0
744,YOBQOX__ligand57-0
745,YOBQOX__ligand18799-0
746,YOBQOX__ligand564-0
747,YOBQOX__ligand2328-0
748,YOBQOX__ligand18465-0
749,YOBQOX__ligand311-0
750,YOBQOX__ligand785-0
751,YOBQOX__ligand9197-0
752,YOBQOX__ligand1900-0
753,YOBQOX__ligand16791-0
754,YOBQOX__ligand479-0
755,YOBQOX__ligand28668-0
756,YOBQOX__ligand4131-0
757,YOBQOX__ligand1712-0
758,YOBQOX__ligand18391-0
759,YOBQOX__ligand14523-0
760,YOBQOX__ligand27169-0
761,YOBQOX__ligand5094-0
762,YOBQOX__ligand5892-0
763,YOBQOX__ligand27074-0
764,YOBQOX__ligand20599-0
765,YOBQOX__ligand25805-0
766,YOBQOX__ligand22981-0
767,YOBQOX__ligand370-0
768,YOBQOX__ligand21936-0
769,YOBQOX__ligand13257-0
770,YOBQOX__ligand23904-0
771,YOBQOX__ligand1533-0
772,YOBQOX__ligand10084-0
773,YOBQOX__ligand25267-0
774,YOBQOX__ligand7557-0
775,YOBQOX__ligand12467-0
776,YOBQOX__ligand1496-0
777,YOBQOX__ligand250-0
778,YOBQOX__ligand5357-0
779,YOBQOX__ligand3647-0
780,YOBQOX__ligand23906-0
781,YOBQOX__ligand1688-0
782,YOBQOX__ligand5056-0
783,YOBQOX__ligand4850-0
784,YOBQOX__ligand11166-0
785,YOBQOX__ligand21132-0
786,YOBQOX__ligand1768-0
787,YOBQOX__ligand252-0
788,YOBQOX__ligand30539-0
789,YOBQOX__ligand1469-0
790,YOBQOX__ligand116-0
791,YOBQOX__ligand3871-0
792,YOBQOX__ligand2722-0
793,YOBQOX__ligand25689-0
794,YOBQOX__ligand25575-0
795,YOBQOX__ligand21787-0
796,YOBQOX__ligand1379-0
797,YOBQOX__ligand34-0
798,YOBQOX__ligand5935-0
799,YOBQOX__ligand193-0
800,YOBQOX__ligand372-0
801,YOBQOX__ligand9525-0
802,YOBQOX__ligand1165-0
803,YOBQOX__ligand830-0
804,YOBQOX__ligand27835-0
805,YOBQOX__ligand3157-0
806,YOBQOX__ligand12295-0
807,YOBQOX__ligand25650-0
808,YOBQOX__ligand1771-0
809,YOBQOX__ligand4911-0
810,YOBQOX__ligand31248-0
811,YOBQOX__ligand55-0
812,YOBQOX__ligand3392-0
813,YOBQOX__ligand909-0
814,YOBQOX__ligand12660-0
815,YOBQOX__ligand5849-0
816,YOBQOX__ligand19257-0
817,YOBQOX__ligand13209-0
818,YOBQOX__ligand12519-0
819,YOBQOX__ligand25735-0
820,YOBQOX__ligand2527-0
821,YOBQOX__ligand23124-0
822,YOBQOX__ligand11206-0
823,YOBQOX__ligand177-0
824,YOBQOX__ligand8349-0
825,YOBQOX__ligand1709-0
826,YOBQOX__ligand68-0
827,YOBQOX__ligand8464-0
