,TMC
0,AMXPPD__ligand4423-0
1,AMXPPD__ligand1907-0
2,AMXPPD__ligand3890-0
3,AMXPPD__ligand7630-0
4,AMXPPD__ligand1285-0
5,AMXPPD__ligand1555-0
6,AMXPPD__ligand11-0
7,AMXPPD__ligand7550-0
8,AMXPPD__ligand797-0
9,AMXPPD__ligand1160-0
10,AMXPPD__ligand757-0
11,AMXPPD__ligand2253-0
12,AMXPPD__ligand5093-0
13,AMXPPD__ligand2954-0
14,AMXPPD__ligand2762-0
15,AMXPPD__ligand1038-0
16,AMXPPD__ligand3251-0
17,AMXPPD__ligand384-0
18,AMXPPD__ligand4619-0
19,AMXPPD__ligand120-0
20,AMXPPD__ligand6143-0
21,AMXPPD__ligand5235-0
22,AMXPPD__ligand3035-0
23,AMXPPD__ligand3070-0
24,AMXPPD__ligand2718-0
25,AMXPPD__ligand1493-0
26,AMXPPD__ligand9176-0
27,AMXPPD__ligand3478-0
28,AMXPPD__ligand3852-0
29,AMXPPD__ligand5758-0
30,AMXPPD__ligand7456-0
31,AMXPPD__ligand240-0
32,AMXPPD__ligand141-0
33,AMXPPD__ligand1818-0
34,AMXPPD__ligand321-0
35,AMXPPD__ligand4370-0
36,AMXPPD__ligand279-0
37,AMXPPD__ligand178-0
38,AMXPPD__ligand100-0
39,AMXPPD__ligand244-0
40,AMXPPD__ligand1436-0
41,AMXPPD__ligand201-0
42,AMXPPD__ligand2618-0
43,AMXPPD__ligand3618-0
44,AMXPPD__ligand92-0
45,AMXPPD__ligand4175-0
46,AMXPPD__ligand124-0
47,AMXPPD__ligand2255-0
48,AMXPPD__ligand1918-0
49,AMXPPD__ligand17-0
50,AMXPPD__ligand119-0
51,AMXPPD__ligand3196-0
52,AMXPPD__ligand4012-0
53,AMXPPD__ligand126-0
54,AMXPPD__ligand10357-0
55,AMXPPD__ligand2915-0
56,AMXPPD__ligand15630-0
57,AMXPPD__ligand2707-0
58,AMXPPD__ligand49-0
59,AMXPPD__ligand596-0
60,AMXPPD__ligand1690-0
61,AMXPPD__ligand1551-0
62,AMXPPD__ligand366-0
63,AMXPPD__ligand2526-0
64,AMXPPD__ligand861-0
65,AMXPPD__ligand612-0
66,AMXPPD__ligand187-0
67,AMXPPD__ligand89-0
68,AMXPPD__ligand1307-0
69,AMXPPD__ligand575-0
70,AMXPPD__ligand57-0
71,AMXPPD__ligand927-0
72,AMXPPD__ligand199-0
73,AMXPPD__ligand6166-0
74,AMXPPD__ligand105-0
75,AMXPPD__ligand140-0
76,AMXPPD__ligand1246-0
77,AMXPPD__ligand361-0
78,AMXPPD__ligand324-0
79,AMXPPD__ligand409-0
80,AMXPPD__ligand2599-0
81,AMXPPD__ligand5089-0
82,AMXPPD__ligand73-0
83,AMXPPD__ligand2853-0
84,AMXPPD__ligand3853-0
85,AMXPPD__ligand1178-0
86,AMXPPD__ligand821-0
87,AMXPPD__ligand3566-0
88,AMXPPD__ligand326-0
89,AMXPPD__ligand1321-0
90,AMXPPD__ligand553-0
91,AMXPPD__ligand34-0
92,AMXPPD__ligand283-0
93,AMXPPD__ligand142-0
94,AMXPPD__ligand1788-0
95,AMXPPD__ligand206-0
96,AMXPPD__ligand436-0
97,AMXPPD__ligand95-0
98,AMXPPD__ligand166-0
99,AMXPPD__ligand838-0
100,AMXPPD__ligand9620-0
101,AMXPPD__ligand1260-0
102,AMXPPD__ligand4894-0
103,AMXPPD__ligand497-0
104,AMXPPD__ligand1449-1
105,AMXPPD__ligand4811-0
106,AMXPPD__ligand918-0
107,AMXPPD__ligand55-0
108,AMXPPD__ligand7514-0
109,AMXPPD__ligand633-0
110,AMXPPD__ligand3337-0
111,AMXPPD__ligand8-0
112,AMXPPD__ligand532-0
113,AMXPPD__ligand1264-0
114,AMXPPD__ligand1221-0
115,AMXPPD__ligand14530-0
116,AMXPPD__ligand1299-0
117,AMXPPD__ligand383-0
118,AMXPPD__ligand6430-0
119,AMXPPD__ligand162-0
120,AMXPPD__ligand29-0
121,AMXPPD__ligand226-0
122,AMXPPD__ligand91-0
123,AMXPPD__ligand1379-0
124,AMXPPD__ligand2376-0
125,AMXPPD__ligand51-0
126,AMXPPD__ligand2929-0
127,AMXPPD__ligand10910-0
128,AMXPPD__ligand6571-0
129,AMXPPD__ligand2482-0
130,AMXPPD__ligand1325-0
131,AMXPPD__ligand1104-0
132,AMXPPD__ligand5762-0
133,AMXPPD__ligand7414-0
134,AMXPPD__ligand48-0
135,AMXPPD__ligand1019-0
136,AMXPPD__ligand2442-0
137,AMXPPD__ligand358-0
138,AMXPPD__ligand430-0
139,AMXPPD__ligand669-0
140,AMXPPD__ligand1858-0
141,AMXPPD__ligand8032-0
142,AMXPPD__ligand278-0
143,AMXPPD__ligand1898-0
144,AMXPPD__ligand2480-0
145,AMXPPD__ligand3051-0
146,AMXPPD__ligand4504-0
147,AMXPPD__ligand2315-0
148,AMXPPD__ligand32-0
149,AMXPPD__ligand10114-0
150,AMXPPD__ligand5334-0
151,AMXPPD__ligand365-0
152,AMXPPD__ligand670-0
153,AMXPPD__ligand118-0
154,AMXPPD__ligand571-0
155,AMXPPD__ligand2389-0
156,AMXPPD__ligand1919-0
157,AMXPPD__ligand3579-0
158,AMXPPD__ligand2110-0
159,AMXPPD__ligand2916-0
160,AMXPPD__ligand10479-0
161,AMXPPD__ligand509-0
162,AMXPPD__ligand1712-0
163,AMXPPD__ligand1502-0
164,AMXPPD__ligand370-0
165,AMXPPD__ligand4983-0
166,AMXPPD__ligand1835-0
167,AMXPPD__ligand62-0
168,AMXPPD__ligand2345-0
169,AMXPPD__ligand2794-0
170,AMXPPD__ligand250-0
171,AMXPPD__ligand9027-0
172,AMXPPD__ligand460-0
173,AMXPPD__ligand6396-0
174,AMXPPD__ligand2265-0
175,AMXPPD__ligand1113-0
176,AMXPPD__ligand188-0
177,AMXPPD__ligand86-0
178,AMXPPD__ligand444-0
179,AMXPPD__ligand1273-0
180,AMXPPD__ligand369-0
181,AMXPPD__ligand311-0
182,AMXPPD__ligand1052-0
183,AMXPPD__ligand851-0
184,AMXPPD__ligand2864-0
185,AMXPPD__ligand909-0
186,AMXPPD__ligand934-0
187,AMXPPD__ligand177-0
188,AMXPPD__ligand6538-0
189,AMXPPD__ligand2772-0
190,AMXPPD__ligand6151-0
191,AMXPPD__ligand9495-0
192,AMXPPD__ligand2142-0
193,AMXPPD__ligand3838-0
194,AMXPPD__ligand1799-0
195,AMXPPD__ligand2838-0
196,AMXPPD__ligand252-0
197,AMXPPD__ligand18-0
198,AMXPPD__ligand5941-0
199,AMXPPD__ligand2880-0
200,AMXPPD__ligand955-0
201,AMXPPD__ligand1169-0
202,AMXPPD__ligand830-0
203,AMXPPD__ligand5022-0
204,AMXPPD__ligand193-0
205,AMXPPD__ligand112-0
206,AMXPPD__ligand4-0
207,AMXPPD__ligand197-0
208,AMXPPD__ligand8774-0
209,AMXPPD__ligand296-0
210,AMXPPD__ligand21-0
211,AMXPPD__ligand3637-0
212,AMXPPD__ligand1054-0
213,AMXPPD__ligand40-0
214,AMXPPD__ligand6294-0
215,AMXPPD__ligand352-0
216,AMXPPD__ligand4303-0
217,AMXPPD__ligand783-0
218,AMXPPD__ligand1248-0
219,AMXPPD__ligand1598-0
220,AMXPPD__ligand868-0
221,AMXPPD__ligand7464-0
222,AMXPPD__ligand442-0
223,AMXPPD__ligand136-0
224,AMXPPD__ligand38-0
225,AMXPPD__ligand2907-0
226,AMXPPD__ligand390-0
227,AMXPPD__ligand2430-0
228,AMXPPD__ligand932-0
229,AMXPPD__ligand1703-0
230,AMXPPD__ligand134-0
231,AMXPPD__ligand235-0
232,AMXPPD__ligand560-0
233,AMXPPD__ligand525-0
234,AMXPPD__ligand2862-0
235,AMXPPD__ligand1056-0
236,AMXPPD__ligand2320-0
237,AMXPPD__ligand109-0
238,AMXPPD__ligand2510-0
239,AMXPPD__ligand8921-0
240,AMXPPD__ligand1567-0
241,AMXPPD__ligand2285-0
242,AMXPPD__ligand294-0
243,AMXPPD__ligand66-0
244,AMXPPD__ligand993-0
245,AMXPPD__ligand331-0
246,AMXPPD__ligand1607-0
247,AMXPPD__ligand1152-0
248,AMXPPD__ligand798-0
249,AMXPPD__ligand421-0
250,AMXPPD__ligand6-0
251,AMXPPD__ligand584-0
252,AMXPPD__ligand916-0
253,AMXPPD__ligand1727-0
254,AMXPPD__ligand447-0
255,AMXPPD__ligand1171-0
256,AMXPPD__ligand133-0
257,AMXPPD__ligand78-0
258,AMXPPD__ligand85-0
259,AMXPPD__ligand1438-0
260,AMXPPD__ligand522-0
261,AMXPPD__ligand3063-0
262,AMXPPD__ligand666-0
263,AMXPPD__ligand45-0
264,AMXPPD__ligand487-0
265,AMXPPD__ligand5801-0
266,AMXPPD__ligand1459-0
267,AMXPPD__ligand1544-0
268,AMXPPD__ligand1685-0
269,AMXPPD__ligand3757-0
270,AMXPPD__ligand1-0
271,AMXPPD__ligand682-0
272,AMXPPD__ligand1048-0
273,AMXPPD__ligand2087-0
274,AMXPPD__ligand1687-0
275,AMXPPD__ligand1951-0
276,AMXPPD__ligand115-0
277,AMXPPD__ligand6277-0
278,AMXPPD__ligand3-0
279,AMXPPD__ligand2768-0
280,AMXPPD__ligand1376-0
281,AMXPPD__ligand291-0
282,AMXPPD__ligand11730-0
283,AMXPPD__ligand2688-0
284,AMXPPD__ligand2259-0
285,AMXPPD__ligand355-0
286,AMXPPD__ligand784-0
287,AMXPPD__ligand485-0
288,AMXPPD__ligand4381-0
289,AMXPPD__ligand2629-0
290,AMXPPD__ligand3734-0
291,AMXPPD__ligand1706-0
292,AMXPPD__ligand481-0
293,AMXPPD__ligand6332-0
294,AMXPPD__ligand3178-0
295,AMXPPD__ligand314-0
296,AMXPPD__ligand2863-0
297,AMXPPD__ligand6502-0
298,AMXPPD__ligand2098-0
299,AMXPPD__ligand6686-0
300,AMXPPD__ligand1747-0
301,AMXPPD__ligand170-0
302,AMXPPD__ligand5548-0
303,AMXPPD__ligand7915-0
304,AMXPPD__ligand3145-0
305,AMXPPD__ligand391-0
306,AMXPPD__ligand2751-0
307,AMXPPD__ligand210-0
308,AMXPPD__ligand1542-0
309,AMXPPD__ligand2634-0
310,AMXPPD__ligand67-0
311,AMXPPD__ligand3041-0
312,AMXPPD__ligand9244-0
313,AMXPPD__ligand1228-0
314,AMXPPD__ligand502-0
315,AMXPPD__ligand196-0
316,AMXPPD__ligand113-0
317,AMXPPD__ligand422-0
318,AMXPPD__ligand1538-0
319,AMXPPD__ligand1114-0
320,AMXPPD__ligand236-0
321,AMXPPD__ligand3246-0
322,AMXPPD__ligand353-0
323,AMXPPD__ligand1148-0
324,AMXPPD__ligand1479-0
