,TMC
0,BEMNEO__ligand7514-0
1,BEMNEO__ligand3337-0
2,BEMNEO__ligand66-0
3,BEMNEO__ligand124-0
4,BEMNEO__ligand4811-0
5,BEMNEO__ligand1449-1
6,BEMNEO__ligand119-0
7,BEMNEO__ligand4894-0
8,BEMNEO__ligand1260-0
9,BEMNEO__ligand9620-0
10,BEMNEO__ligand178-0
11,BEMNEO__ligand279-0
12,BEMNEO__ligand321-0
13,BEMNEO__ligand1788-0
14,BEMNEO__ligand1321-0
15,BEMNEO__ligand3566-0
16,BEMNEO__ligand244-0
17,BEMNEO__ligand1178-0
18,BEMNEO__ligand201-0
19,BEMNEO__ligand100-0
20,BEMNEO__ligand2853-0
21,BEMNEO__ligand40-0
22,BEMNEO__ligand3853-0
23,BEMNEO__ligand596-0
24,BEMNEO__ligand5089-0
25,BEMNEO__ligand2599-0
26,BEMNEO__ligand187-0
27,BEMNEO__ligand1246-0
28,BEMNEO__ligand612-0
29,BEMNEO__ligand38-0
30,BEMNEO__ligand861-0
31,BEMNEO__ligand6166-0
32,BEMNEO__ligand366-0
33,BEMNEO__ligand21-0
34,BEMNEO__ligand1307-0
35,BEMNEO__ligand126-0
36,BEMNEO__ligand18-0
37,BEMNEO__ligand1712-0
38,BEMNEO__ligand797-0
39,BEMNEO__ligand3579-0
40,BEMNEO__ligand2916-0
41,BEMNEO__ligand2110-0
42,BEMNEO__ligand1919-0
43,BEMNEO__ligand757-0
44,BEMNEO__ligand2389-0
45,BEMNEO__ligand3-0
46,BEMNEO__ligand5334-0
47,BEMNEO__ligand2480-0
48,BEMNEO__ligand4504-0
49,BEMNEO__ligand3051-0
50,BEMNEO__ligand1898-0
51,BEMNEO__ligand2315-0
52,BEMNEO__ligand1858-0
53,BEMNEO__ligand8032-0
54,BEMNEO__ligand86-0
55,BEMNEO__ligand2442-0
56,BEMNEO__ligand1019-0
57,BEMNEO__ligand1104-0
58,BEMNEO__ligand7414-0
59,BEMNEO__ligand5762-0
60,BEMNEO__ligand141-0
61,BEMNEO__ligand240-0
62,BEMNEO__ligand1-0
63,BEMNEO__ligand6571-0
64,BEMNEO__ligand2482-0
65,BEMNEO__ligand1325-0
66,BEMNEO__ligand120-0
67,BEMNEO__ligand2929-0
68,BEMNEO__ligand62-0
69,BEMNEO__ligand384-0
70,BEMNEO__ligand2376-0
71,BEMNEO__ligand1379-0
72,BEMNEO__ligand1221-0
73,BEMNEO__ligand1264-0
74,BEMNEO__ligand10357-0
75,BEMNEO__ligand6430-0
76,BEMNEO__ligand15630-0
77,BEMNEO__ligand1299-0
78,BEMNEO__ligand1818-0
79,BEMNEO__ligand7456-0
80,BEMNEO__ligand6-0
81,BEMNEO__ligand5758-0
82,BEMNEO__ligand3478-0
83,BEMNEO__ligand3852-0
84,BEMNEO__ligand226-0
85,BEMNEO__ligand162-0
86,BEMNEO__ligand9176-0
87,BEMNEO__ligand383-0
88,BEMNEO__ligand2718-0
89,BEMNEO__ligand3070-0
90,BEMNEO__ligand3035-0
91,BEMNEO__ligand1493-0
92,BEMNEO__ligand4619-0
93,BEMNEO__ligand6143-0
94,BEMNEO__ligand5235-0
95,BEMNEO__ligand3251-0
96,BEMNEO__ligand2762-0
97,BEMNEO__ligand1038-0
98,BEMNEO__ligand1160-0
99,BEMNEO__ligand2253-0
100,BEMNEO__ligand571-0
101,BEMNEO__ligand118-0
102,BEMNEO__ligand2954-0
103,BEMNEO__ligand5093-0
104,BEMNEO__ligand670-0
105,BEMNEO__ligand509-0
106,BEMNEO__ligand7550-0
107,BEMNEO__ligand67-0
108,BEMNEO__ligand1285-0
109,BEMNEO__ligand4-0
110,BEMNEO__ligand669-0
111,BEMNEO__ligand1555-0
112,BEMNEO__ligand7630-0
113,BEMNEO__ligand430-0
114,BEMNEO__ligand358-0
115,BEMNEO__ligand3890-0
116,BEMNEO__ligand365-0
117,BEMNEO__ligand4423-0
118,BEMNEO__ligand1907-0
119,BEMNEO__ligand278-0
120,BEMNEO__ligand10910-0
121,BEMNEO__ligand1551-0
122,BEMNEO__ligand105-0
123,BEMNEO__ligand140-0
124,BEMNEO__ligand2526-0
125,BEMNEO__ligand1690-0
126,BEMNEO__ligand2707-0
127,BEMNEO__ligand409-0
128,BEMNEO__ligand361-0
129,BEMNEO__ligand324-0
130,BEMNEO__ligand14530-0
131,BEMNEO__ligand2915-0
132,BEMNEO__ligand575-0
133,BEMNEO__ligand199-0
134,BEMNEO__ligand4012-0
135,BEMNEO__ligand3196-0
136,BEMNEO__ligand927-0
137,BEMNEO__ligand838-0
138,BEMNEO__ligand166-0
139,BEMNEO__ligand1918-0
140,BEMNEO__ligand532-0
141,BEMNEO__ligand2255-0
142,BEMNEO__ligand10479-0
143,BEMNEO__ligand633-0
144,BEMNEO__ligand918-0
145,BEMNEO__ligand497-0
146,BEMNEO__ligand4175-0
147,BEMNEO__ligand2618-0
148,BEMNEO__ligand283-0
149,BEMNEO__ligand3618-0
150,BEMNEO__ligand553-0
151,BEMNEO__ligand326-0
152,BEMNEO__ligand85-0
153,BEMNEO__ligand78-0
154,BEMNEO__ligand821-0
155,BEMNEO__ligand1436-0
156,BEMNEO__ligand45-0
157,BEMNEO__ligand10114-0
158,BEMNEO__ligand436-0
159,BEMNEO__ligand206-0
160,BEMNEO__ligand142-0
161,BEMNEO__ligand4370-0
162,BEMNEO__ligand3734-0
163,BEMNEO__ligand49-0
164,BEMNEO__ligand1706-0
165,BEMNEO__ligand352-0
166,BEMNEO__ligand783-0
167,BEMNEO__ligand4381-0
168,BEMNEO__ligand2629-0
169,BEMNEO__ligand136-0
170,BEMNEO__ligand89-0
171,BEMNEO__ligand442-0
172,BEMNEO__ligand868-0
173,BEMNEO__ligand2259-0
174,BEMNEO__ligand2688-0
175,BEMNEO__ligand112-0
176,BEMNEO__ligand1376-0
177,BEMNEO__ligand2768-0
178,BEMNEO__ligand6277-0
179,BEMNEO__ligand1687-0
180,BEMNEO__ligand296-0
181,BEMNEO__ligand1951-0
182,BEMNEO__ligand197-0
183,BEMNEO__ligand3757-0
184,BEMNEO__ligand92-0
185,BEMNEO__ligand2087-0
186,BEMNEO__ligand331-0
187,BEMNEO__ligand1048-0
188,BEMNEO__ligand993-0
189,BEMNEO__ligand294-0
190,BEMNEO__ligand1685-0
191,BEMNEO__ligand1544-0
192,BEMNEO__ligand584-0
193,BEMNEO__ligand916-0
194,BEMNEO__ligand421-0
195,BEMNEO__ligand798-0
196,BEMNEO__ligand1459-0
197,BEMNEO__ligand17-0
198,BEMNEO__ligand235-0
199,BEMNEO__ligand5801-0
200,BEMNEO__ligand932-0
201,BEMNEO__ligand134-0
202,BEMNEO__ligand3063-0
203,BEMNEO__ligand1438-0
204,BEMNEO__ligand390-0
205,BEMNEO__ligand109-0
206,BEMNEO__ligand1171-0
207,BEMNEO__ligand560-0
208,BEMNEO__ligand525-0
209,BEMNEO__ligand369-0
210,BEMNEO__ligand444-0
211,BEMNEO__ligand1479-0
212,BEMNEO__ligand1148-0
213,BEMNEO__ligand188-0
214,BEMNEO__ligand3246-0
215,BEMNEO__ligand8-0
216,BEMNEO__ligand311-0
217,BEMNEO__ligand1538-0
218,BEMNEO__ligand1114-0
219,BEMNEO__ligand370-0
220,BEMNEO__ligand460-0
221,BEMNEO__ligand250-0
222,BEMNEO__ligand9244-0
223,BEMNEO__ligand1228-0
224,BEMNEO__ligand3041-0
225,BEMNEO__ligand11-0
226,BEMNEO__ligand955-0
227,BEMNEO__ligand1542-0
228,BEMNEO__ligand2634-0
229,BEMNEO__ligand252-0
230,BEMNEO__ligand193-0
231,BEMNEO__ligand830-0
232,BEMNEO__ligand2751-0
233,BEMNEO__ligand3145-0
234,BEMNEO__ligand909-0
235,BEMNEO__ligand1747-0
236,BEMNEO__ligand6686-0
237,BEMNEO__ligand7915-0
238,BEMNEO__ligand851-0
239,BEMNEO__ligand5548-0
240,BEMNEO__ligand2863-0
241,BEMNEO__ligand2098-0
242,BEMNEO__ligand6502-0
243,BEMNEO__ligand6332-0
244,BEMNEO__ligand934-0
245,BEMNEO__ligand177-0
246,BEMNEO__ligand3178-0
247,BEMNEO__ligand5022-0
248,BEMNEO__ligand210-0
249,BEMNEO__ligand1169-0
250,BEMNEO__ligand1799-0
251,BEMNEO__ligand3838-0
252,BEMNEO__ligand2838-0
253,BEMNEO__ligand2880-0
254,BEMNEO__ligand5941-0
255,BEMNEO__ligand2142-0
256,BEMNEO__ligand314-0
257,BEMNEO__ligand6538-0
258,BEMNEO__ligand481-0
259,BEMNEO__ligand9495-0
260,BEMNEO__ligand2772-0
261,BEMNEO__ligand6151-0
262,BEMNEO__ligand32-0
263,BEMNEO__ligand2864-0
264,BEMNEO__ligand391-0
265,BEMNEO__ligand170-0
266,BEMNEO__ligand1052-0
267,BEMNEO__ligand236-0
268,BEMNEO__ligand1273-0
269,BEMNEO__ligand48-0
270,BEMNEO__ligand353-0
271,BEMNEO__ligand6396-0
272,BEMNEO__ligand2265-0
273,BEMNEO__ligand1113-0
274,BEMNEO__ligand502-0
275,BEMNEO__ligand196-0
276,BEMNEO__ligand91-0
277,BEMNEO__ligand9027-0
278,BEMNEO__ligand29-0
279,BEMNEO__ligand4983-0
280,BEMNEO__ligand51-0
281,BEMNEO__ligand1835-0
282,BEMNEO__ligand2794-0
283,BEMNEO__ligand2345-0
284,BEMNEO__ligand422-0
285,BEMNEO__ligand11730-0
286,BEMNEO__ligand113-0
287,BEMNEO__ligand1502-0
288,BEMNEO__ligand95-0
289,BEMNEO__ligand1727-0
290,BEMNEO__ligand1152-0
291,BEMNEO__ligand682-0
292,BEMNEO__ligand1607-0
293,BEMNEO__ligand55-0
294,BEMNEO__ligand2510-0
295,BEMNEO__ligand1567-0
296,BEMNEO__ligand2285-0
297,BEMNEO__ligand8921-0
298,BEMNEO__ligand133-0
299,BEMNEO__ligand2862-0
300,BEMNEO__ligand34-0
301,BEMNEO__ligand447-0
302,BEMNEO__ligand1056-0
303,BEMNEO__ligand2320-0
304,BEMNEO__ligand2430-0
305,BEMNEO__ligand1703-0
306,BEMNEO__ligand487-0
307,BEMNEO__ligand666-0
308,BEMNEO__ligand2907-0
309,BEMNEO__ligand522-0
310,BEMNEO__ligand485-0
311,BEMNEO__ligand355-0
312,BEMNEO__ligand784-0
313,BEMNEO__ligand7464-0
314,BEMNEO__ligand1248-0
315,BEMNEO__ligand4303-0
316,BEMNEO__ligand1598-0
317,BEMNEO__ligand1054-0
318,BEMNEO__ligand6294-0
319,BEMNEO__ligand73-0
320,BEMNEO__ligand3637-0
321,BEMNEO__ligand115-0
322,BEMNEO__ligand8774-0
323,BEMNEO__ligand57-0
324,BEMNEO__ligand291-0
