,TMC
0,ZUQXOY__ligand3246-0
1,ZUQXOY__ligand575-0
2,ZUQXOY__ligand1479-0
3,ZUQXOY__ligand199-0
4,ZUQXOY__ligand927-0
5,ZUQXOY__ligand1148-0
6,ZUQXOY__ligand9244-0
7,ZUQXOY__ligand105-0
8,ZUQXOY__ligand140-0
9,ZUQXOY__ligand17-0
10,ZUQXOY__ligand1228-0
11,ZUQXOY__ligand1538-0
12,ZUQXOY__ligand1114-0
13,ZUQXOY__ligand92-0
14,ZUQXOY__ligand409-0
15,ZUQXOY__ligand361-0
16,ZUQXOY__ligand324-0
17,ZUQXOY__ligand283-0
18,ZUQXOY__ligand553-0
19,ZUQXOY__ligand2751-0
20,ZUQXOY__ligand326-0
21,ZUQXOY__ligand821-0
22,ZUQXOY__ligand3041-0
23,ZUQXOY__ligand436-0
24,ZUQXOY__ligand206-0
25,ZUQXOY__ligand1542-0
26,ZUQXOY__ligand2634-0
27,ZUQXOY__ligand142-0
28,ZUQXOY__ligand2863-0
29,ZUQXOY__ligand6502-0
30,ZUQXOY__ligand2098-0
31,ZUQXOY__ligand838-0
32,ZUQXOY__ligand6332-0
33,ZUQXOY__ligand166-0
34,ZUQXOY__ligand89-0
35,ZUQXOY__ligand3178-0
36,ZUQXOY__ligand3145-0
37,ZUQXOY__ligand532-0
38,ZUQXOY__ligand49-0
39,ZUQXOY__ligand633-0
40,ZUQXOY__ligand918-0
41,ZUQXOY__ligand6686-0
42,ZUQXOY__ligand1747-0
43,ZUQXOY__ligand497-0
44,ZUQXOY__ligand5548-0
45,ZUQXOY__ligand7915-0
46,ZUQXOY__ligand226-0
47,ZUQXOY__ligand4-0
48,ZUQXOY__ligand162-0
49,ZUQXOY__ligand383-0
50,ZUQXOY__ligand3734-0
51,ZUQXOY__ligand1706-0
52,ZUQXOY__ligand4381-0
53,ZUQXOY__ligand2629-0
54,ZUQXOY__ligand6277-0
55,ZUQXOY__ligand1687-0
56,ZUQXOY__ligand1951-0
57,ZUQXOY__ligand2688-0
58,ZUQXOY__ligand2259-0
59,ZUQXOY__ligand11-0
60,ZUQXOY__ligand2768-0
61,ZUQXOY__ligand1376-0
62,ZUQXOY__ligand1544-0
63,ZUQXOY__ligand669-0
64,ZUQXOY__ligand430-0
65,ZUQXOY__ligand358-0
66,ZUQXOY__ligand1459-0
67,ZUQXOY__ligand365-0
68,ZUQXOY__ligand3757-0
69,ZUQXOY__ligand1048-0
70,ZUQXOY__ligand2087-0
71,ZUQXOY__ligand1685-0
72,ZUQXOY__ligand278-0
73,ZUQXOY__ligand571-0
74,ZUQXOY__ligand118-0
75,ZUQXOY__ligand670-0
76,ZUQXOY__ligand1171-0
77,ZUQXOY__ligand5801-0
78,ZUQXOY__ligand6-0
79,ZUQXOY__ligand509-0
80,ZUQXOY__ligand1438-0
81,ZUQXOY__ligand3063-0
82,ZUQXOY__ligand51-0
83,ZUQXOY__ligand1607-0
84,ZUQXOY__ligand11730-0
85,ZUQXOY__ligand1727-0
86,ZUQXOY__ligand91-0
87,ZUQXOY__ligand1152-0
88,ZUQXOY__ligand29-0
89,ZUQXOY__ligand2430-0
90,ZUQXOY__ligand1703-0
91,ZUQXOY__ligand797-0
92,ZUQXOY__ligand2907-0
93,ZUQXOY__ligand48-0
94,ZUQXOY__ligand2510-0
95,ZUQXOY__ligand8921-0
96,ZUQXOY__ligand1567-0
97,ZUQXOY__ligand1-0
98,ZUQXOY__ligand2285-0
99,ZUQXOY__ligand2862-0
100,ZUQXOY__ligand757-0
101,ZUQXOY__ligand1056-0
102,ZUQXOY__ligand2320-0
103,ZUQXOY__ligand4303-0
104,ZUQXOY__ligand3-0
105,ZUQXOY__ligand32-0
106,ZUQXOY__ligand1248-0
107,ZUQXOY__ligand120-0
108,ZUQXOY__ligand1598-0
109,ZUQXOY__ligand1054-0
110,ZUQXOY__ligand384-0
111,ZUQXOY__ligand6294-0
112,ZUQXOY__ligand7464-0
113,ZUQXOY__ligand141-0
114,ZUQXOY__ligand3637-0
115,ZUQXOY__ligand240-0
116,ZUQXOY__ligand8774-0
117,ZUQXOY__ligand178-0
118,ZUQXOY__ligand279-0
119,ZUQXOY__ligand1799-0
120,ZUQXOY__ligand3838-0
121,ZUQXOY__ligand2838-0
122,ZUQXOY__ligand321-0
123,ZUQXOY__ligand5941-0
124,ZUQXOY__ligand2880-0
125,ZUQXOY__ligand57-0
126,ZUQXOY__ligand244-0
127,ZUQXOY__ligand201-0
128,ZUQXOY__ligand1169-0
129,ZUQXOY__ligand100-0
130,ZUQXOY__ligand5022-0
131,ZUQXOY__ligand2864-0
132,ZUQXOY__ligand124-0
133,ZUQXOY__ligand73-0
134,ZUQXOY__ligand2142-0
135,ZUQXOY__ligand119-0
136,ZUQXOY__ligand6538-0
137,ZUQXOY__ligand2772-0
138,ZUQXOY__ligand6151-0
139,ZUQXOY__ligand9495-0
140,ZUQXOY__ligand1273-0
141,ZUQXOY__ligand1052-0
142,ZUQXOY__ligand34-0
143,ZUQXOY__ligand126-0
144,ZUQXOY__ligand4983-0
145,ZUQXOY__ligand1835-0
146,ZUQXOY__ligand2345-0
147,ZUQXOY__ligand2794-0
148,ZUQXOY__ligand596-0
149,ZUQXOY__ligand1502-0
150,ZUQXOY__ligand55-0
151,ZUQXOY__ligand187-0
152,ZUQXOY__ligand6396-0
153,ZUQXOY__ligand95-0
154,ZUQXOY__ligand2265-0
155,ZUQXOY__ligand612-0
156,ZUQXOY__ligand1113-0
157,ZUQXOY__ligand861-0
158,ZUQXOY__ligand366-0
159,ZUQXOY__ligand9027-0
160,ZUQXOY__ligand21-0
161,ZUQXOY__ligand1919-0
162,ZUQXOY__ligand133-0
163,ZUQXOY__ligand447-0
164,ZUQXOY__ligand2389-0
165,ZUQXOY__ligand487-0
166,ZUQXOY__ligand1712-0
167,ZUQXOY__ligand666-0
168,ZUQXOY__ligand3579-0
169,ZUQXOY__ligand522-0
170,ZUQXOY__ligand2916-0
171,ZUQXOY__ligand2110-0
172,ZUQXOY__ligand1858-0
173,ZUQXOY__ligand8032-0
174,ZUQXOY__ligand38-0
175,ZUQXOY__ligand5334-0
176,ZUQXOY__ligand682-0
177,ZUQXOY__ligand40-0
178,ZUQXOY__ligand1898-0
179,ZUQXOY__ligand2480-0
180,ZUQXOY__ligand4504-0
181,ZUQXOY__ligand3051-0
182,ZUQXOY__ligand2315-0
183,ZUQXOY__ligand115-0
184,ZUQXOY__ligand6571-0
185,ZUQXOY__ligand2482-0
186,ZUQXOY__ligand1325-0
187,ZUQXOY__ligand1019-0
188,ZUQXOY__ligand2442-0
189,ZUQXOY__ligand1104-0
190,ZUQXOY__ligand291-0
191,ZUQXOY__ligand5762-0
192,ZUQXOY__ligand7414-0
193,ZUQXOY__ligand485-0
194,ZUQXOY__ligand784-0
195,ZUQXOY__ligand355-0
196,ZUQXOY__ligand1379-0
197,ZUQXOY__ligand1221-0
198,ZUQXOY__ligand1264-0
199,ZUQXOY__ligand1299-0
200,ZUQXOY__ligand6430-0
201,ZUQXOY__ligand66-0
202,ZUQXOY__ligand2929-0
203,ZUQXOY__ligand2376-0
204,ZUQXOY__ligand9620-0
205,ZUQXOY__ligand1260-0
206,ZUQXOY__ligand4894-0
207,ZUQXOY__ligand314-0
208,ZUQXOY__ligand481-0
209,ZUQXOY__ligand7514-0
210,ZUQXOY__ligand391-0
211,ZUQXOY__ligand15630-0
212,ZUQXOY__ligand3337-0
213,ZUQXOY__ligand10357-0
214,ZUQXOY__ligand62-0
215,ZUQXOY__ligand4811-0
216,ZUQXOY__ligand170-0
217,ZUQXOY__ligand1449-1
218,ZUQXOY__ligand1321-0
219,ZUQXOY__ligand1178-0
220,ZUQXOY__ligand3566-0
221,ZUQXOY__ligand210-0
222,ZUQXOY__ligand86-0
223,ZUQXOY__ligand1788-0
224,ZUQXOY__ligand502-0
225,ZUQXOY__ligand196-0
226,ZUQXOY__ligand1246-0
227,ZUQXOY__ligand6166-0
228,ZUQXOY__ligand2853-0
229,ZUQXOY__ligand3853-0
230,ZUQXOY__ligand422-0
231,ZUQXOY__ligand2599-0
232,ZUQXOY__ligand5089-0
233,ZUQXOY__ligand113-0
234,ZUQXOY__ligand1307-0
235,ZUQXOY__ligand236-0
236,ZUQXOY__ligand18-0
237,ZUQXOY__ligand353-0
238,ZUQXOY__ligand1690-0
239,ZUQXOY__ligand370-0
240,ZUQXOY__ligand2707-0
241,ZUQXOY__ligand460-0
242,ZUQXOY__ligand1551-0
243,ZUQXOY__ligand250-0
244,ZUQXOY__ligand2526-0
245,ZUQXOY__ligand369-0
246,ZUQXOY__ligand444-0
247,ZUQXOY__ligand4012-0
248,ZUQXOY__ligand3196-0
249,ZUQXOY__ligand67-0
250,ZUQXOY__ligand188-0
251,ZUQXOY__ligand2915-0
252,ZUQXOY__ligand311-0
253,ZUQXOY__ligand2255-0
254,ZUQXOY__ligand909-0
255,ZUQXOY__ligand851-0
256,ZUQXOY__ligand4175-0
257,ZUQXOY__ligand1918-0
258,ZUQXOY__ligand177-0
259,ZUQXOY__ligand934-0
260,ZUQXOY__ligand955-0
261,ZUQXOY__ligand252-0
262,ZUQXOY__ligand4370-0
263,ZUQXOY__ligand2618-0
264,ZUQXOY__ligand8-0
265,ZUQXOY__ligand3618-0
266,ZUQXOY__ligand193-0
267,ZUQXOY__ligand830-0
268,ZUQXOY__ligand1436-0
269,ZUQXOY__ligand45-0
270,ZUQXOY__ligand112-0
271,ZUQXOY__ligand5758-0
272,ZUQXOY__ligand3478-0
273,ZUQXOY__ligand3852-0
274,ZUQXOY__ligand1818-0
275,ZUQXOY__ligand85-0
276,ZUQXOY__ligand296-0
277,ZUQXOY__ligand10114-0
278,ZUQXOY__ligand7456-0
279,ZUQXOY__ligand197-0
280,ZUQXOY__ligand78-0
281,ZUQXOY__ligand4619-0
282,ZUQXOY__ligand783-0
283,ZUQXOY__ligand6143-0
284,ZUQXOY__ligand352-0
285,ZUQXOY__ligand5235-0
286,ZUQXOY__ligand3251-0
287,ZUQXOY__ligand136-0
288,ZUQXOY__ligand9176-0
289,ZUQXOY__ligand3070-0
290,ZUQXOY__ligand3035-0
291,ZUQXOY__ligand442-0
292,ZUQXOY__ligand10479-0
293,ZUQXOY__ligand2718-0
294,ZUQXOY__ligand1493-0
295,ZUQXOY__ligand868-0
296,ZUQXOY__ligand235-0
297,ZUQXOY__ligand932-0
298,ZUQXOY__ligand134-0
299,ZUQXOY__ligand7550-0
300,ZUQXOY__ligand390-0
301,ZUQXOY__ligand14530-0
302,ZUQXOY__ligand2762-0
303,ZUQXOY__ligand1038-0
304,ZUQXOY__ligand109-0
305,ZUQXOY__ligand1160-0
306,ZUQXOY__ligand2253-0
307,ZUQXOY__ligand560-0
308,ZUQXOY__ligand525-0
309,ZUQXOY__ligand2954-0
310,ZUQXOY__ligand5093-0
311,ZUQXOY__ligand3890-0
312,ZUQXOY__ligand331-0
313,ZUQXOY__ligand4423-0
314,ZUQXOY__ligand993-0
315,ZUQXOY__ligand1907-0
316,ZUQXOY__ligand294-0
317,ZUQXOY__ligand10910-0
318,ZUQXOY__ligand916-0
319,ZUQXOY__ligand1285-0
320,ZUQXOY__ligand584-0
321,ZUQXOY__ligand1555-0
322,ZUQXOY__ligand7630-0
323,ZUQXOY__ligand421-0
324,ZUQXOY__ligand798-0
