,TMC
0,VUPMEA__ligand1555-0
1,VUPMEA__ligand109-0
2,VUPMEA__ligand560-0
3,VUPMEA__ligand525-0
4,VUPMEA__ligand1285-0
5,VUPMEA__ligand3-0
6,VUPMEA__ligand7630-0
7,VUPMEA__ligand390-0
8,VUPMEA__ligand3890-0
9,VUPMEA__ligand1907-0
10,VUPMEA__ligand235-0
11,VUPMEA__ligand4423-0
12,VUPMEA__ligand932-0
13,VUPMEA__ligand134-0
14,VUPMEA__ligand798-0
15,VUPMEA__ligand1038-0
16,VUPMEA__ligand421-0
17,VUPMEA__ligand2762-0
18,VUPMEA__ligand916-0
19,VUPMEA__ligand584-0
20,VUPMEA__ligand2954-0
21,VUPMEA__ligand5093-0
22,VUPMEA__ligand2253-0
23,VUPMEA__ligand1160-0
24,VUPMEA__ligand993-0
25,VUPMEA__ligand294-0
26,VUPMEA__ligand331-0
27,VUPMEA__ligand7550-0
28,VUPMEA__ligand296-0
29,VUPMEA__ligand9176-0
30,VUPMEA__ligand197-0
31,VUPMEA__ligand1493-0
32,VUPMEA__ligand3070-0
33,VUPMEA__ligand3035-0
34,VUPMEA__ligand2718-0
35,VUPMEA__ligand5235-0
36,VUPMEA__ligand6143-0
37,VUPMEA__ligand4619-0
38,VUPMEA__ligand3251-0
39,VUPMEA__ligand112-0
40,VUPMEA__ligand1818-0
41,VUPMEA__ligand442-0
42,VUPMEA__ligand868-0
43,VUPMEA__ligand136-0
44,VUPMEA__ligand7456-0
45,VUPMEA__ligand1-0
46,VUPMEA__ligand5758-0
47,VUPMEA__ligand11-0
48,VUPMEA__ligand3852-0
49,VUPMEA__ligand783-0
50,VUPMEA__ligand352-0
51,VUPMEA__ligand3478-0
52,VUPMEA__ligand3618-0
53,VUPMEA__ligand934-0
54,VUPMEA__ligand177-0
55,VUPMEA__ligand2618-0
56,VUPMEA__ligand1436-0
57,VUPMEA__ligand851-0
58,VUPMEA__ligand4370-0
59,VUPMEA__ligand909-0
60,VUPMEA__ligand830-0
61,VUPMEA__ligand89-0
62,VUPMEA__ligand193-0
63,VUPMEA__ligand1918-0
64,VUPMEA__ligand955-0
65,VUPMEA__ligand2255-0
66,VUPMEA__ligand252-0
67,VUPMEA__ligand4175-0
68,VUPMEA__ligand49-0
69,VUPMEA__ligand250-0
70,VUPMEA__ligand2915-0
71,VUPMEA__ligand460-0
72,VUPMEA__ligand370-0
73,VUPMEA__ligand4012-0
74,VUPMEA__ligand3196-0
75,VUPMEA__ligand17-0
76,VUPMEA__ligand311-0
77,VUPMEA__ligand2526-0
78,VUPMEA__ligand1551-0
79,VUPMEA__ligand1690-0
80,VUPMEA__ligand188-0
81,VUPMEA__ligand444-0
82,VUPMEA__ligand369-0
83,VUPMEA__ligand92-0
84,VUPMEA__ligand2707-0
85,VUPMEA__ligand113-0
86,VUPMEA__ligand422-0
87,VUPMEA__ligand34-0
88,VUPMEA__ligand1307-0
89,VUPMEA__ligand502-0
90,VUPMEA__ligand196-0
91,VUPMEA__ligand3853-0
92,VUPMEA__ligand55-0
93,VUPMEA__ligand2853-0
94,VUPMEA__ligand353-0
95,VUPMEA__ligand2599-0
96,VUPMEA__ligand5089-0
97,VUPMEA__ligand1246-0
98,VUPMEA__ligand236-0
99,VUPMEA__ligand95-0
100,VUPMEA__ligand11730-0
101,VUPMEA__ligand6166-0
102,VUPMEA__ligand170-0
103,VUPMEA__ligand1788-0
104,VUPMEA__ligand391-0
105,VUPMEA__ligand314-0
106,VUPMEA__ligand57-0
107,VUPMEA__ligand1321-0
108,VUPMEA__ligand481-0
109,VUPMEA__ligand1178-0
110,VUPMEA__ligand3566-0
111,VUPMEA__ligand73-0
112,VUPMEA__ligand3337-0
113,VUPMEA__ligand7514-0
114,VUPMEA__ligand4811-0
115,VUPMEA__ligand1449-1
116,VUPMEA__ligand9620-0
117,VUPMEA__ligand1260-0
118,VUPMEA__ligand4894-0
119,VUPMEA__ligand210-0
120,VUPMEA__ligand2929-0
121,VUPMEA__ligand291-0
122,VUPMEA__ligand2376-0
123,VUPMEA__ligand32-0
124,VUPMEA__ligand1379-0
125,VUPMEA__ligand1299-0
126,VUPMEA__ligand6430-0
127,VUPMEA__ligand115-0
128,VUPMEA__ligand1221-0
129,VUPMEA__ligand1264-0
130,VUPMEA__ligand1019-0
131,VUPMEA__ligand2442-0
132,VUPMEA__ligand5762-0
133,VUPMEA__ligand7414-0
134,VUPMEA__ligand1104-0
135,VUPMEA__ligand6-0
136,VUPMEA__ligand1325-0
137,VUPMEA__ligand2482-0
138,VUPMEA__ligand485-0
139,VUPMEA__ligand6571-0
140,VUPMEA__ligand784-0
141,VUPMEA__ligand355-0
142,VUPMEA__ligand5334-0
143,VUPMEA__ligand666-0
144,VUPMEA__ligand4-0
145,VUPMEA__ligand522-0
146,VUPMEA__ligand2315-0
147,VUPMEA__ligand487-0
148,VUPMEA__ligand1898-0
149,VUPMEA__ligand4504-0
150,VUPMEA__ligand51-0
151,VUPMEA__ligand3051-0
152,VUPMEA__ligand2480-0
153,VUPMEA__ligand29-0
154,VUPMEA__ligand8032-0
155,VUPMEA__ligand91-0
156,VUPMEA__ligand1858-0
157,VUPMEA__ligand447-0
158,VUPMEA__ligand133-0
159,VUPMEA__ligand1712-0
160,VUPMEA__ligand48-0
161,VUPMEA__ligand2916-0
162,VUPMEA__ligand2110-0
163,VUPMEA__ligand3579-0
164,VUPMEA__ligand682-0
165,VUPMEA__ligand1919-0
166,VUPMEA__ligand2389-0
167,VUPMEA__ligand1113-0
168,VUPMEA__ligand2265-0
169,VUPMEA__ligand126-0
170,VUPMEA__ligand6396-0
171,VUPMEA__ligand9027-0
172,VUPMEA__ligand2345-0
173,VUPMEA__ligand2794-0
174,VUPMEA__ligand1835-0
175,VUPMEA__ligand4983-0
176,VUPMEA__ligand1502-0
177,VUPMEA__ligand861-0
178,VUPMEA__ligand1052-0
179,VUPMEA__ligand366-0
180,VUPMEA__ligand187-0
181,VUPMEA__ligand612-0
182,VUPMEA__ligand1273-0
183,VUPMEA__ligand596-0
184,VUPMEA__ligand8-0
185,VUPMEA__ligand18-0
186,VUPMEA__ligand244-0
187,VUPMEA__ligand201-0
188,VUPMEA__ligand100-0
189,VUPMEA__ligand2142-0
190,VUPMEA__ligand6151-0
191,VUPMEA__ligand2772-0
192,VUPMEA__ligand9495-0
193,VUPMEA__ligand6538-0
194,VUPMEA__ligand321-0
195,VUPMEA__ligand2864-0
196,VUPMEA__ligand62-0
197,VUPMEA__ligand178-0
198,VUPMEA__ligand279-0
199,VUPMEA__ligand1169-0
200,VUPMEA__ligand5022-0
201,VUPMEA__ligand119-0
202,VUPMEA__ligand124-0
203,VUPMEA__ligand86-0
204,VUPMEA__ligand5941-0
205,VUPMEA__ligand2880-0
206,VUPMEA__ligand2838-0
207,VUPMEA__ligand1799-0
208,VUPMEA__ligand3838-0
209,VUPMEA__ligand3637-0
210,VUPMEA__ligand8774-0
211,VUPMEA__ligand384-0
212,VUPMEA__ligand120-0
213,VUPMEA__ligand141-0
214,VUPMEA__ligand240-0
215,VUPMEA__ligand7464-0
216,VUPMEA__ligand1598-0
217,VUPMEA__ligand4303-0
218,VUPMEA__ligand1248-0
219,VUPMEA__ligand10357-0
220,VUPMEA__ligand66-0
221,VUPMEA__ligand6294-0
222,VUPMEA__ligand15630-0
223,VUPMEA__ligand1054-0
224,VUPMEA__ligand8921-0
225,VUPMEA__ligand2285-0
226,VUPMEA__ligand1567-0
227,VUPMEA__ligand2510-0
228,VUPMEA__ligand2320-0
229,VUPMEA__ligand1056-0
230,VUPMEA__ligand2862-0
231,VUPMEA__ligand21-0
232,VUPMEA__ligand1703-0
233,VUPMEA__ligand2430-0
234,VUPMEA__ligand2907-0
235,VUPMEA__ligand1727-0
236,VUPMEA__ligand757-0
237,VUPMEA__ligand38-0
238,VUPMEA__ligand1152-0
239,VUPMEA__ligand1607-0
240,VUPMEA__ligand40-0
241,VUPMEA__ligand797-0
242,VUPMEA__ligand5801-0
243,VUPMEA__ligand278-0
244,VUPMEA__ligand365-0
245,VUPMEA__ligand1438-0
246,VUPMEA__ligand3063-0
247,VUPMEA__ligand358-0
248,VUPMEA__ligand430-0
249,VUPMEA__ligand1171-0
250,VUPMEA__ligand669-0
251,VUPMEA__ligand1048-0
252,VUPMEA__ligand2087-0
253,VUPMEA__ligand3757-0
254,VUPMEA__ligand1685-0
255,VUPMEA__ligand509-0
256,VUPMEA__ligand571-0
257,VUPMEA__ligand670-0
258,VUPMEA__ligand118-0
259,VUPMEA__ligand1544-0
260,VUPMEA__ligand1459-0
261,VUPMEA__ligand2688-0
262,VUPMEA__ligand2259-0
263,VUPMEA__ligand2768-0
264,VUPMEA__ligand1376-0
265,VUPMEA__ligand45-0
266,VUPMEA__ligand383-0
267,VUPMEA__ligand78-0
268,VUPMEA__ligand6277-0
269,VUPMEA__ligand85-0
270,VUPMEA__ligand226-0
271,VUPMEA__ligand1951-0
272,VUPMEA__ligand162-0
273,VUPMEA__ligand1687-0
274,VUPMEA__ligand1706-0
275,VUPMEA__ligand3734-0
276,VUPMEA__ligand2629-0
277,VUPMEA__ligand4381-0
278,VUPMEA__ligand206-0
279,VUPMEA__ligand3145-0
280,VUPMEA__ligand142-0
281,VUPMEA__ligand5548-0
282,VUPMEA__ligand7915-0
283,VUPMEA__ligand436-0
284,VUPMEA__ligand6686-0
285,VUPMEA__ligand1747-0
286,VUPMEA__ligand6502-0
287,VUPMEA__ligand2098-0
288,VUPMEA__ligand326-0
289,VUPMEA__ligand2863-0
290,VUPMEA__ligand821-0
291,VUPMEA__ligand10479-0
292,VUPMEA__ligand3178-0
293,VUPMEA__ligand283-0
294,VUPMEA__ligand553-0
295,VUPMEA__ligand6332-0
296,VUPMEA__ligand497-0
297,VUPMEA__ligand3041-0
298,VUPMEA__ligand532-0
299,VUPMEA__ligand918-0
300,VUPMEA__ligand2634-0
301,VUPMEA__ligand1542-0
302,VUPMEA__ligand633-0
303,VUPMEA__ligand166-0
304,VUPMEA__ligand10114-0
305,VUPMEA__ligand2751-0
306,VUPMEA__ligand838-0
307,VUPMEA__ligand1114-0
308,VUPMEA__ligand199-0
309,VUPMEA__ligand10910-0
310,VUPMEA__ligand927-0
311,VUPMEA__ligand1538-0
312,VUPMEA__ligand1228-0
313,VUPMEA__ligand9244-0
314,VUPMEA__ligand575-0
315,VUPMEA__ligand1479-0
316,VUPMEA__ligand14530-0
317,VUPMEA__ligand67-0
318,VUPMEA__ligand361-0
319,VUPMEA__ligand324-0
320,VUPMEA__ligand409-0
321,VUPMEA__ligand1148-0
322,VUPMEA__ligand105-0
323,VUPMEA__ligand140-0
324,VUPMEA__ligand3246-0
