,TMC
0,NAMLIW__ligand5548-0
1,NAMLIW__ligand7915-0
2,NAMLIW__ligand6686-0
3,NAMLIW__ligand1747-0
4,NAMLIW__ligand4-0
5,NAMLIW__ligand353-0
6,NAMLIW__ligand3145-0
7,NAMLIW__ligand3178-0
8,NAMLIW__ligand6332-0
9,NAMLIW__ligand6502-0
10,NAMLIW__ligand236-0
11,NAMLIW__ligand2098-0
12,NAMLIW__ligand2863-0
13,NAMLIW__ligand422-0
14,NAMLIW__ligand2634-0
15,NAMLIW__ligand1542-0
16,NAMLIW__ligand113-0
17,NAMLIW__ligand3041-0
18,NAMLIW__ligand502-0
19,NAMLIW__ligand196-0
20,NAMLIW__ligand2751-0
21,NAMLIW__ligand1114-0
22,NAMLIW__ligand1538-0
23,NAMLIW__ligand1228-0
24,NAMLIW__ligand9244-0
25,NAMLIW__ligand210-0
26,NAMLIW__ligand1148-0
27,NAMLIW__ligand11-0
28,NAMLIW__ligand391-0
29,NAMLIW__ligand1479-0
30,NAMLIW__ligand170-0
31,NAMLIW__ligand481-0
32,NAMLIW__ligand6-0
33,NAMLIW__ligand314-0
34,NAMLIW__ligand3246-0
35,NAMLIW__ligand1438-0
36,NAMLIW__ligand10479-0
37,NAMLIW__ligand3063-0
38,NAMLIW__ligand5801-0
39,NAMLIW__ligand784-0
40,NAMLIW__ligand355-0
41,NAMLIW__ligand1171-0
42,NAMLIW__ligand485-0
43,NAMLIW__ligand1685-0
44,NAMLIW__ligand10114-0
45,NAMLIW__ligand49-0
46,NAMLIW__ligand1048-0
47,NAMLIW__ligand2087-0
48,NAMLIW__ligand291-0
49,NAMLIW__ligand3757-0
50,NAMLIW__ligand115-0
51,NAMLIW__ligand1459-0
52,NAMLIW__ligand89-0
53,NAMLIW__ligand1544-0
54,NAMLIW__ligand682-0
55,NAMLIW__ligand2768-0
56,NAMLIW__ligand1376-0
57,NAMLIW__ligand2688-0
58,NAMLIW__ligand2259-0
59,NAMLIW__ligand1951-0
60,NAMLIW__ligand10910-0
61,NAMLIW__ligand1687-0
62,NAMLIW__ligand6277-0
63,NAMLIW__ligand2629-0
64,NAMLIW__ligand92-0
65,NAMLIW__ligand487-0
66,NAMLIW__ligand4381-0
67,NAMLIW__ligand522-0
68,NAMLIW__ligand1706-0
69,NAMLIW__ligand666-0
70,NAMLIW__ligand3734-0
71,NAMLIW__ligand14530-0
72,NAMLIW__ligand133-0
73,NAMLIW__ligand447-0
74,NAMLIW__ligand17-0
75,NAMLIW__ligand916-0
76,NAMLIW__ligand584-0
77,NAMLIW__ligand8774-0
78,NAMLIW__ligand3637-0
79,NAMLIW__ligand421-0
80,NAMLIW__ligand34-0
81,NAMLIW__ligand798-0
82,NAMLIW__ligand331-0
83,NAMLIW__ligand294-0
84,NAMLIW__ligand993-0
85,NAMLIW__ligand95-0
86,NAMLIW__ligand7464-0
87,NAMLIW__ligand560-0
88,NAMLIW__ligand525-0
89,NAMLIW__ligand109-0
90,NAMLIW__ligand932-0
91,NAMLIW__ligand134-0
92,NAMLIW__ligand6294-0
93,NAMLIW__ligand235-0
94,NAMLIW__ligand1054-0
95,NAMLIW__ligand1598-0
96,NAMLIW__ligand55-0
97,NAMLIW__ligand4303-0
98,NAMLIW__ligand1248-0
99,NAMLIW__ligand390-0
100,NAMLIW__ligand2320-0
101,NAMLIW__ligand1056-0
102,NAMLIW__ligand2862-0
103,NAMLIW__ligand136-0
104,NAMLIW__ligand8921-0
105,NAMLIW__ligand2285-0
106,NAMLIW__ligand1567-0
107,NAMLIW__ligand868-0
108,NAMLIW__ligand442-0
109,NAMLIW__ligand57-0
110,NAMLIW__ligand2510-0
111,NAMLIW__ligand783-0
112,NAMLIW__ligand352-0
113,NAMLIW__ligand2907-0
114,NAMLIW__ligand1703-0
115,NAMLIW__ligand2430-0
116,NAMLIW__ligand1152-0
117,NAMLIW__ligand1727-0
118,NAMLIW__ligand197-0
119,NAMLIW__ligand296-0
120,NAMLIW__ligand112-0
121,NAMLIW__ligand1607-0
122,NAMLIW__ligand73-0
123,NAMLIW__ligand9027-0
124,NAMLIW__ligand193-0
125,NAMLIW__ligand1113-0
126,NAMLIW__ligand2265-0
127,NAMLIW__ligand830-0
128,NAMLIW__ligand6396-0
129,NAMLIW__ligand1502-0
130,NAMLIW__ligand32-0
131,NAMLIW__ligand252-0
132,NAMLIW__ligand2345-0
133,NAMLIW__ligand2794-0
134,NAMLIW__ligand1835-0
135,NAMLIW__ligand955-0
136,NAMLIW__ligand4983-0
137,NAMLIW__ligand10357-0
138,NAMLIW__ligand934-0
139,NAMLIW__ligand177-0
140,NAMLIW__ligand15630-0
141,NAMLIW__ligand1052-0
142,NAMLIW__ligand909-0
143,NAMLIW__ligand1273-0
144,NAMLIW__ligand851-0
145,NAMLIW__ligand1-0
146,NAMLIW__ligand6151-0
147,NAMLIW__ligand2772-0
148,NAMLIW__ligand9495-0
149,NAMLIW__ligand6538-0
150,NAMLIW__ligand3-0
151,NAMLIW__ligand311-0
152,NAMLIW__ligand29-0
153,NAMLIW__ligand91-0
154,NAMLIW__ligand2142-0
155,NAMLIW__ligand369-0
156,NAMLIW__ligand444-0
157,NAMLIW__ligand51-0
158,NAMLIW__ligand188-0
159,NAMLIW__ligand2864-0
160,NAMLIW__ligand1169-0
161,NAMLIW__ligand460-0
162,NAMLIW__ligand5022-0
163,NAMLIW__ligand250-0
164,NAMLIW__ligand5941-0
165,NAMLIW__ligand2880-0
166,NAMLIW__ligand2838-0
167,NAMLIW__ligand3838-0
168,NAMLIW__ligand1799-0
169,NAMLIW__ligand48-0
170,NAMLIW__ligand370-0
171,NAMLIW__ligand509-0
172,NAMLIW__ligand2376-0
173,NAMLIW__ligand2929-0
174,NAMLIW__ligand1299-0
175,NAMLIW__ligand6430-0
176,NAMLIW__ligand1264-0
177,NAMLIW__ligand1221-0
178,NAMLIW__ligand118-0
179,NAMLIW__ligand1379-0
180,NAMLIW__ligand670-0
181,NAMLIW__ligand571-0
182,NAMLIW__ligand7414-0
183,NAMLIW__ligand5762-0
184,NAMLIW__ligand18-0
185,NAMLIW__ligand1104-0
186,NAMLIW__ligand365-0
187,NAMLIW__ligand1019-0
188,NAMLIW__ligand2442-0
189,NAMLIW__ligand278-0
190,NAMLIW__ligand11730-0
191,NAMLIW__ligand1325-0
192,NAMLIW__ligand669-0
193,NAMLIW__ligand2482-0
194,NAMLIW__ligand6571-0
195,NAMLIW__ligand430-0
196,NAMLIW__ligand358-0
197,NAMLIW__ligand2315-0
198,NAMLIW__ligand1898-0
199,NAMLIW__ligand3051-0
200,NAMLIW__ligand4504-0
201,NAMLIW__ligand2480-0
202,NAMLIW__ligand5334-0
203,NAMLIW__ligand62-0
204,NAMLIW__ligand8032-0
205,NAMLIW__ligand1858-0
206,NAMLIW__ligand2110-0
207,NAMLIW__ligand2916-0
208,NAMLIW__ligand86-0
209,NAMLIW__ligand3579-0
210,NAMLIW__ligand1712-0
211,NAMLIW__ligand2389-0
212,NAMLIW__ligand162-0
213,NAMLIW__ligand226-0
214,NAMLIW__ligand1919-0
215,NAMLIW__ligand383-0
216,NAMLIW__ligand633-0
217,NAMLIW__ligand918-0
218,NAMLIW__ligand532-0
219,NAMLIW__ligand497-0
220,NAMLIW__ligand838-0
221,NAMLIW__ligand1307-0
222,NAMLIW__ligand166-0
223,NAMLIW__ligand66-0
224,NAMLIW__ligand436-0
225,NAMLIW__ligand5089-0
226,NAMLIW__ligand2599-0
227,NAMLIW__ligand142-0
228,NAMLIW__ligand3853-0
229,NAMLIW__ligand2853-0
230,NAMLIW__ligand206-0
231,NAMLIW__ligand553-0
232,NAMLIW__ligand6166-0
233,NAMLIW__ligand283-0
234,NAMLIW__ligand821-0
235,NAMLIW__ligand1246-0
236,NAMLIW__ligand326-0
237,NAMLIW__ligand1788-0
238,NAMLIW__ligand409-0
239,NAMLIW__ligand361-0
240,NAMLIW__ligand324-0
241,NAMLIW__ligand21-0
242,NAMLIW__ligand1178-0
243,NAMLIW__ligand3566-0
244,NAMLIW__ligand1321-0
245,NAMLIW__ligand105-0
246,NAMLIW__ligand140-0
247,NAMLIW__ligand1449-1
248,NAMLIW__ligand4811-0
249,NAMLIW__ligand40-0
250,NAMLIW__ligand927-0
251,NAMLIW__ligand199-0
252,NAMLIW__ligand3337-0
253,NAMLIW__ligand7514-0
254,NAMLIW__ligand575-0
255,NAMLIW__ligand9620-0
256,NAMLIW__ligand1260-0
257,NAMLIW__ligand4894-0
258,NAMLIW__ligand38-0
259,NAMLIW__ligand1436-0
260,NAMLIW__ligand612-0
261,NAMLIW__ligand187-0
262,NAMLIW__ligand366-0
263,NAMLIW__ligand861-0
264,NAMLIW__ligand3618-0
265,NAMLIW__ligand2618-0
266,NAMLIW__ligand4370-0
267,NAMLIW__ligand596-0
268,NAMLIW__ligand1918-0
269,NAMLIW__ligand126-0
270,NAMLIW__ligand4175-0
271,NAMLIW__ligand2255-0
272,NAMLIW__ligand119-0
273,NAMLIW__ligand78-0
274,NAMLIW__ligand85-0
275,NAMLIW__ligand2915-0
276,NAMLIW__ligand3196-0
277,NAMLIW__ligand4012-0
278,NAMLIW__ligand45-0
279,NAMLIW__ligand124-0
280,NAMLIW__ligand2526-0
281,NAMLIW__ligand1551-0
282,NAMLIW__ligand100-0
283,NAMLIW__ligand244-0
284,NAMLIW__ligand201-0
285,NAMLIW__ligand279-0
286,NAMLIW__ligand2707-0
287,NAMLIW__ligand178-0
288,NAMLIW__ligand1690-0
289,NAMLIW__ligand321-0
290,NAMLIW__ligand240-0
291,NAMLIW__ligand7630-0
292,NAMLIW__ligand141-0
293,NAMLIW__ligand1555-0
294,NAMLIW__ligand1285-0
295,NAMLIW__ligand1907-0
296,NAMLIW__ligand4423-0
297,NAMLIW__ligand3890-0
298,NAMLIW__ligand5093-0
299,NAMLIW__ligand2954-0
300,NAMLIW__ligand2253-0
301,NAMLIW__ligand1160-0
302,NAMLIW__ligand1038-0
303,NAMLIW__ligand2762-0
304,NAMLIW__ligand120-0
305,NAMLIW__ligand7550-0
306,NAMLIW__ligand384-0
307,NAMLIW__ligand1493-0
308,NAMLIW__ligand3035-0
309,NAMLIW__ligand3070-0
310,NAMLIW__ligand2718-0
311,NAMLIW__ligand9176-0
312,NAMLIW__ligand757-0
313,NAMLIW__ligand3251-0
314,NAMLIW__ligand797-0
315,NAMLIW__ligand5235-0
316,NAMLIW__ligand6143-0
317,NAMLIW__ligand4619-0
318,NAMLIW__ligand7456-0
319,NAMLIW__ligand1818-0
320,NAMLIW__ligand3852-0
321,NAMLIW__ligand3478-0
322,NAMLIW__ligand8-0
323,NAMLIW__ligand67-0
324,NAMLIW__ligand5758-0
