,TMC
0,PYRCTN__ligand2718-0
1,PYRCTN__ligand3035-0
2,PYRCTN__ligand3070-0
3,PYRCTN__ligand4-0
4,PYRCTN__ligand1493-0
5,PYRCTN__ligand112-0
6,PYRCTN__ligand9176-0
7,PYRCTN__ligand197-0
8,PYRCTN__ligand86-0
9,PYRCTN__ligand296-0
10,PYRCTN__ligand3251-0
11,PYRCTN__ligand4619-0
12,PYRCTN__ligand6143-0
13,PYRCTN__ligand5235-0
14,PYRCTN__ligand7456-0
15,PYRCTN__ligand783-0
16,PYRCTN__ligand352-0
17,PYRCTN__ligand1818-0
18,PYRCTN__ligand868-0
19,PYRCTN__ligand3478-0
20,PYRCTN__ligand3852-0
21,PYRCTN__ligand442-0
22,PYRCTN__ligand136-0
23,PYRCTN__ligand5758-0
24,PYRCTN__ligand62-0
25,PYRCTN__ligand7630-0
26,PYRCTN__ligand390-0
27,PYRCTN__ligand1285-0
28,PYRCTN__ligand932-0
29,PYRCTN__ligand134-0
30,PYRCTN__ligand1555-0
31,PYRCTN__ligand235-0
32,PYRCTN__ligand560-0
33,PYRCTN__ligand525-0
34,PYRCTN__ligand4423-0
35,PYRCTN__ligand18-0
36,PYRCTN__ligand1907-0
37,PYRCTN__ligand109-0
38,PYRCTN__ligand3890-0
39,PYRCTN__ligand1160-0
40,PYRCTN__ligand2253-0
41,PYRCTN__ligand294-0
42,PYRCTN__ligand5093-0
43,PYRCTN__ligand2954-0
44,PYRCTN__ligand993-0
45,PYRCTN__ligand331-0
46,PYRCTN__ligand2762-0
47,PYRCTN__ligand1038-0
48,PYRCTN__ligand7550-0
49,PYRCTN__ligand6-0
50,PYRCTN__ligand798-0
51,PYRCTN__ligand421-0
52,PYRCTN__ligand916-0
53,PYRCTN__ligand584-0
54,PYRCTN__ligand370-0
55,PYRCTN__ligand2915-0
56,PYRCTN__ligand38-0
57,PYRCTN__ligand40-0
58,PYRCTN__ligand3196-0
59,PYRCTN__ligand4012-0
60,PYRCTN__ligand250-0
61,PYRCTN__ligand460-0
62,PYRCTN__ligand188-0
63,PYRCTN__ligand1551-0
64,PYRCTN__ligand2526-0
65,PYRCTN__ligand21-0
66,PYRCTN__ligand444-0
67,PYRCTN__ligand369-0
68,PYRCTN__ligand2707-0
69,PYRCTN__ligand311-0
70,PYRCTN__ligand1690-0
71,PYRCTN__ligand851-0
72,PYRCTN__ligand1436-0
73,PYRCTN__ligand2618-0
74,PYRCTN__ligand3618-0
75,PYRCTN__ligand909-0
76,PYRCTN__ligand177-0
77,PYRCTN__ligand934-0
78,PYRCTN__ligand66-0
79,PYRCTN__ligand4370-0
80,PYRCTN__ligand252-0
81,PYRCTN__ligand1918-0
82,PYRCTN__ligand955-0
83,PYRCTN__ligand4175-0
84,PYRCTN__ligand830-0
85,PYRCTN__ligand2255-0
86,PYRCTN__ligand193-0
87,PYRCTN__ligand481-0
88,PYRCTN__ligand314-0
89,PYRCTN__ligand1788-0
90,PYRCTN__ligand3566-0
91,PYRCTN__ligand1178-0
92,PYRCTN__ligand170-0
93,PYRCTN__ligand1321-0
94,PYRCTN__ligand391-0
95,PYRCTN__ligand210-0
96,PYRCTN__ligand1449-1
97,PYRCTN__ligand4811-0
98,PYRCTN__ligand45-0
99,PYRCTN__ligand7514-0
100,PYRCTN__ligand3337-0
101,PYRCTN__ligand78-0
102,PYRCTN__ligand4894-0
103,PYRCTN__ligand1260-0
104,PYRCTN__ligand85-0
105,PYRCTN__ligand9620-0
106,PYRCTN__ligand502-0
107,PYRCTN__ligand196-0
108,PYRCTN__ligand113-0
109,PYRCTN__ligand422-0
110,PYRCTN__ligand1307-0
111,PYRCTN__ligand5089-0
112,PYRCTN__ligand2599-0
113,PYRCTN__ligand236-0
114,PYRCTN__ligand2853-0
115,PYRCTN__ligand3853-0
116,PYRCTN__ligand353-0
117,PYRCTN__ligand6166-0
118,PYRCTN__ligand1246-0
119,PYRCTN__ligand2480-0
120,PYRCTN__ligand3051-0
121,PYRCTN__ligand4504-0
122,PYRCTN__ligand1898-0
123,PYRCTN__ligand447-0
124,PYRCTN__ligand2315-0
125,PYRCTN__ligand133-0
126,PYRCTN__ligand67-0
127,PYRCTN__ligand5334-0
128,PYRCTN__ligand522-0
129,PYRCTN__ligand666-0
130,PYRCTN__ligand487-0
131,PYRCTN__ligand1858-0
132,PYRCTN__ligand8032-0
133,PYRCTN__ligand3579-0
134,PYRCTN__ligand2110-0
135,PYRCTN__ligand2916-0
136,PYRCTN__ligand1712-0
137,PYRCTN__ligand1-0
138,PYRCTN__ligand2389-0
139,PYRCTN__ligand682-0
140,PYRCTN__ligand1919-0
141,PYRCTN__ligand2376-0
142,PYRCTN__ligand3-0
143,PYRCTN__ligand115-0
144,PYRCTN__ligand2929-0
145,PYRCTN__ligand1264-0
146,PYRCTN__ligand1221-0
147,PYRCTN__ligand6430-0
148,PYRCTN__ligand291-0
149,PYRCTN__ligand1299-0
150,PYRCTN__ligand1379-0
151,PYRCTN__ligand1104-0
152,PYRCTN__ligand7414-0
153,PYRCTN__ligand5762-0
154,PYRCTN__ligand784-0
155,PYRCTN__ligand355-0
156,PYRCTN__ligand2442-0
157,PYRCTN__ligand485-0
158,PYRCTN__ligand1019-0
159,PYRCTN__ligand11730-0
160,PYRCTN__ligand6571-0
161,PYRCTN__ligand2482-0
162,PYRCTN__ligand1325-0
163,PYRCTN__ligand6538-0
164,PYRCTN__ligand9495-0
165,PYRCTN__ligand321-0
166,PYRCTN__ligand2772-0
167,PYRCTN__ligand6151-0
168,PYRCTN__ligand2142-0
169,PYRCTN__ligand279-0
170,PYRCTN__ligand178-0
171,PYRCTN__ligand100-0
172,PYRCTN__ligand11-0
173,PYRCTN__ligand244-0
174,PYRCTN__ligand201-0
175,PYRCTN__ligand2864-0
176,PYRCTN__ligand5022-0
177,PYRCTN__ligand124-0
178,PYRCTN__ligand1169-0
179,PYRCTN__ligand3838-0
180,PYRCTN__ligand1799-0
181,PYRCTN__ligand2838-0
182,PYRCTN__ligand2880-0
183,PYRCTN__ligand5941-0
184,PYRCTN__ligand119-0
185,PYRCTN__ligand9027-0
186,PYRCTN__ligand6396-0
187,PYRCTN__ligand2265-0
188,PYRCTN__ligand1113-0
189,PYRCTN__ligand126-0
190,PYRCTN__ligand1502-0
191,PYRCTN__ligand4983-0
192,PYRCTN__ligand1835-0
193,PYRCTN__ligand2794-0
194,PYRCTN__ligand2345-0
195,PYRCTN__ligand596-0
196,PYRCTN__ligand1052-0
197,PYRCTN__ligand10357-0
198,PYRCTN__ligand366-0
199,PYRCTN__ligand15630-0
200,PYRCTN__ligand861-0
201,PYRCTN__ligand612-0
202,PYRCTN__ligand187-0
203,PYRCTN__ligand1273-0
204,PYRCTN__ligand2862-0
205,PYRCTN__ligand1056-0
206,PYRCTN__ligand2320-0
207,PYRCTN__ligand17-0
208,PYRCTN__ligand2510-0
209,PYRCTN__ligand1567-0
210,PYRCTN__ligand2285-0
211,PYRCTN__ligand8921-0
212,PYRCTN__ligand2907-0
213,PYRCTN__ligand92-0
214,PYRCTN__ligand2430-0
215,PYRCTN__ligand1703-0
216,PYRCTN__ligand1152-0
217,PYRCTN__ligand797-0
218,PYRCTN__ligand1727-0
219,PYRCTN__ligand757-0
220,PYRCTN__ligand1607-0
221,PYRCTN__ligand8774-0
222,PYRCTN__ligand384-0
223,PYRCTN__ligand120-0
224,PYRCTN__ligand3637-0
225,PYRCTN__ligand89-0
226,PYRCTN__ligand49-0
227,PYRCTN__ligand7464-0
228,PYRCTN__ligand1054-0
229,PYRCTN__ligand6294-0
230,PYRCTN__ligand240-0
231,PYRCTN__ligand1248-0
232,PYRCTN__ligand4303-0
233,PYRCTN__ligand141-0
234,PYRCTN__ligand1598-0
235,PYRCTN__ligand1376-0
236,PYRCTN__ligand2768-0
237,PYRCTN__ligand383-0
238,PYRCTN__ligand2259-0
239,PYRCTN__ligand10910-0
240,PYRCTN__ligand2688-0
241,PYRCTN__ligand162-0
242,PYRCTN__ligand73-0
243,PYRCTN__ligand226-0
244,PYRCTN__ligand1687-0
245,PYRCTN__ligand1951-0
246,PYRCTN__ligand6277-0
247,PYRCTN__ligand4381-0
248,PYRCTN__ligand2629-0
249,PYRCTN__ligand3734-0
250,PYRCTN__ligand14530-0
251,PYRCTN__ligand1706-0
252,PYRCTN__ligand57-0
253,PYRCTN__ligand3063-0
254,PYRCTN__ligand358-0
255,PYRCTN__ligand430-0
256,PYRCTN__ligand1438-0
257,PYRCTN__ligand55-0
258,PYRCTN__ligand669-0
259,PYRCTN__ligand5801-0
260,PYRCTN__ligand278-0
261,PYRCTN__ligand95-0
262,PYRCTN__ligand1171-0
263,PYRCTN__ligand365-0
264,PYRCTN__ligand10479-0
265,PYRCTN__ligand670-0
266,PYRCTN__ligand118-0
267,PYRCTN__ligand571-0
268,PYRCTN__ligand1685-0
269,PYRCTN__ligand3757-0
270,PYRCTN__ligand2087-0
271,PYRCTN__ligand1048-0
272,PYRCTN__ligand1459-0
273,PYRCTN__ligand1544-0
274,PYRCTN__ligand509-0
275,PYRCTN__ligand34-0
276,PYRCTN__ligand10114-0
277,PYRCTN__ligand1538-0
278,PYRCTN__ligand575-0
279,PYRCTN__ligand48-0
280,PYRCTN__ligand1114-0
281,PYRCTN__ligand927-0
282,PYRCTN__ligand9244-0
283,PYRCTN__ligand199-0
284,PYRCTN__ligand1228-0
285,PYRCTN__ligand105-0
286,PYRCTN__ligand140-0
287,PYRCTN__ligand1148-0
288,PYRCTN__ligand51-0
289,PYRCTN__ligand1479-0
290,PYRCTN__ligand361-0
291,PYRCTN__ligand324-0
292,PYRCTN__ligand409-0
293,PYRCTN__ligand3246-0
294,PYRCTN__ligand29-0
295,PYRCTN__ligand91-0
296,PYRCTN__ligand1747-0
297,PYRCTN__ligand6686-0
298,PYRCTN__ligand821-0
299,PYRCTN__ligand7915-0
300,PYRCTN__ligand5548-0
301,PYRCTN__ligand326-0
302,PYRCTN__ligand553-0
303,PYRCTN__ligand3145-0
304,PYRCTN__ligand283-0
305,PYRCTN__ligand6332-0
306,PYRCTN__ligand142-0
307,PYRCTN__ligand206-0
308,PYRCTN__ligand3178-0
309,PYRCTN__ligand436-0
310,PYRCTN__ligand2863-0
311,PYRCTN__ligand2098-0
312,PYRCTN__ligand6502-0
313,PYRCTN__ligand1542-0
314,PYRCTN__ligand2634-0
315,PYRCTN__ligand166-0
316,PYRCTN__ligand32-0
317,PYRCTN__ligand838-0
318,PYRCTN__ligand3041-0
319,PYRCTN__ligand2751-0
320,PYRCTN__ligand8-0
321,PYRCTN__ligand497-0
322,PYRCTN__ligand918-0
323,PYRCTN__ligand633-0
324,PYRCTN__ligand532-0
