,TMC
0,WUGREX__ligand210-0
1,WUGREX__ligand1169-0
2,WUGREX__ligand5022-0
3,WUGREX__ligand2838-0
4,WUGREX__ligand1799-0
5,WUGREX__ligand3838-0
6,WUGREX__ligand2880-0
7,WUGREX__ligand5941-0
8,WUGREX__ligand2142-0
9,WUGREX__ligand4-0
10,WUGREX__ligand6538-0
11,WUGREX__ligand314-0
12,WUGREX__ligand6151-0
13,WUGREX__ligand2772-0
14,WUGREX__ligand9495-0
15,WUGREX__ligand481-0
16,WUGREX__ligand391-0
17,WUGREX__ligand2864-0
18,WUGREX__ligand170-0
19,WUGREX__ligand1052-0
20,WUGREX__ligand85-0
21,WUGREX__ligand78-0
22,WUGREX__ligand236-0
23,WUGREX__ligand6-0
24,WUGREX__ligand1273-0
25,WUGREX__ligand45-0
26,WUGREX__ligand353-0
27,WUGREX__ligand6396-0
28,WUGREX__ligand502-0
29,WUGREX__ligand196-0
30,WUGREX__ligand1113-0
31,WUGREX__ligand2265-0
32,WUGREX__ligand9027-0
33,WUGREX__ligand4983-0
34,WUGREX__ligand422-0
35,WUGREX__ligand2794-0
36,WUGREX__ligand2345-0
37,WUGREX__ligand1835-0
38,WUGREX__ligand1502-0
39,WUGREX__ligand113-0
40,WUGREX__ligand1727-0
41,WUGREX__ligand1152-0
42,WUGREX__ligand1607-0
43,WUGREX__ligand682-0
44,WUGREX__ligand2510-0
45,WUGREX__ligand133-0
46,WUGREX__ligand8921-0
47,WUGREX__ligand2285-0
48,WUGREX__ligand1567-0
49,WUGREX__ligand2862-0
50,WUGREX__ligand2320-0
51,WUGREX__ligand1056-0
52,WUGREX__ligand447-0
53,WUGREX__ligand1703-0
54,WUGREX__ligand2430-0
55,WUGREX__ligand487-0
56,WUGREX__ligand2907-0
57,WUGREX__ligand666-0
58,WUGREX__ligand522-0
59,WUGREX__ligand15630-0
60,WUGREX__ligand485-0
61,WUGREX__ligand10357-0
62,WUGREX__ligand784-0
63,WUGREX__ligand355-0
64,WUGREX__ligand7464-0
65,WUGREX__ligand4303-0
66,WUGREX__ligand1248-0
67,WUGREX__ligand1598-0
68,WUGREX__ligand1054-0
69,WUGREX__ligand6294-0
70,WUGREX__ligand115-0
71,WUGREX__ligand3637-0
72,WUGREX__ligand8774-0
73,WUGREX__ligand67-0
74,WUGREX__ligand291-0
75,WUGREX__ligand3734-0
76,WUGREX__ligand783-0
77,WUGREX__ligand352-0
78,WUGREX__ligand1706-0
79,WUGREX__ligand4381-0
80,WUGREX__ligand2629-0
81,WUGREX__ligand136-0
82,WUGREX__ligand442-0
83,WUGREX__ligand868-0
84,WUGREX__ligand2259-0
85,WUGREX__ligand2688-0
86,WUGREX__ligand112-0
87,WUGREX__ligand2768-0
88,WUGREX__ligand1376-0
89,WUGREX__ligand18-0
90,WUGREX__ligand6277-0
91,WUGREX__ligand296-0
92,WUGREX__ligand1687-0
93,WUGREX__ligand197-0
94,WUGREX__ligand1951-0
95,WUGREX__ligand62-0
96,WUGREX__ligand3757-0
97,WUGREX__ligand331-0
98,WUGREX__ligand1048-0
99,WUGREX__ligand2087-0
100,WUGREX__ligand993-0
101,WUGREX__ligand1685-0
102,WUGREX__ligand294-0
103,WUGREX__ligand916-0
104,WUGREX__ligand584-0
105,WUGREX__ligand1544-0
106,WUGREX__ligand798-0
107,WUGREX__ligand421-0
108,WUGREX__ligand1459-0
109,WUGREX__ligand5801-0
110,WUGREX__ligand235-0
111,WUGREX__ligand932-0
112,WUGREX__ligand134-0
113,WUGREX__ligand1438-0
114,WUGREX__ligand390-0
115,WUGREX__ligand3063-0
116,WUGREX__ligand86-0
117,WUGREX__ligand109-0
118,WUGREX__ligand560-0
119,WUGREX__ligand525-0
120,WUGREX__ligand1171-0
121,WUGREX__ligand444-0
122,WUGREX__ligand369-0
123,WUGREX__ligand1479-0
124,WUGREX__ligand188-0
125,WUGREX__ligand1148-0
126,WUGREX__ligand3246-0
127,WUGREX__ligand1-0
128,WUGREX__ligand14530-0
129,WUGREX__ligand311-0
130,WUGREX__ligand1538-0
131,WUGREX__ligand1114-0
132,WUGREX__ligand370-0
133,WUGREX__ligand66-0
134,WUGREX__ligand460-0
135,WUGREX__ligand9244-0
136,WUGREX__ligand250-0
137,WUGREX__ligand1228-0
138,WUGREX__ligand10910-0
139,WUGREX__ligand3041-0
140,WUGREX__ligand2634-0
141,WUGREX__ligand1542-0
142,WUGREX__ligand955-0
143,WUGREX__ligand10114-0
144,WUGREX__ligand252-0
145,WUGREX__ligand193-0
146,WUGREX__ligand2751-0
147,WUGREX__ligand21-0
148,WUGREX__ligand830-0
149,WUGREX__ligand3145-0
150,WUGREX__ligand909-0
151,WUGREX__ligand3-0
152,WUGREX__ligand1747-0
153,WUGREX__ligand6686-0
154,WUGREX__ligand10479-0
155,WUGREX__ligand5548-0
156,WUGREX__ligand851-0
157,WUGREX__ligand40-0
158,WUGREX__ligand7915-0
159,WUGREX__ligand2863-0
160,WUGREX__ligand38-0
161,WUGREX__ligand6502-0
162,WUGREX__ligand2098-0
163,WUGREX__ligand6332-0
164,WUGREX__ligand177-0
165,WUGREX__ligand934-0
166,WUGREX__ligand3178-0
167,WUGREX__ligand34-0
168,WUGREX__ligand1818-0
169,WUGREX__ligand7456-0
170,WUGREX__ligand5758-0
171,WUGREX__ligand3478-0
172,WUGREX__ligand3852-0
173,WUGREX__ligand226-0
174,WUGREX__ligand162-0
175,WUGREX__ligand9176-0
176,WUGREX__ligand3070-0
177,WUGREX__ligand3035-0
178,WUGREX__ligand2718-0
179,WUGREX__ligand383-0
180,WUGREX__ligand1493-0
181,WUGREX__ligand95-0
182,WUGREX__ligand4619-0
183,WUGREX__ligand55-0
184,WUGREX__ligand5235-0
185,WUGREX__ligand6143-0
186,WUGREX__ligand3251-0
187,WUGREX__ligand2762-0
188,WUGREX__ligand57-0
189,WUGREX__ligand1038-0
190,WUGREX__ligand571-0
191,WUGREX__ligand2253-0
192,WUGREX__ligand1160-0
193,WUGREX__ligand670-0
194,WUGREX__ligand2954-0
195,WUGREX__ligand5093-0
196,WUGREX__ligand118-0
197,WUGREX__ligand509-0
198,WUGREX__ligand7550-0
199,WUGREX__ligand1285-0
200,WUGREX__ligand1555-0
201,WUGREX__ligand669-0
202,WUGREX__ligand7630-0
203,WUGREX__ligand358-0
204,WUGREX__ligand430-0
205,WUGREX__ligand365-0
206,WUGREX__ligand3890-0
207,WUGREX__ligand73-0
208,WUGREX__ligand4423-0
209,WUGREX__ligand1907-0
210,WUGREX__ligand278-0
211,WUGREX__ligand105-0
212,WUGREX__ligand140-0
213,WUGREX__ligand1551-0
214,WUGREX__ligand2526-0
215,WUGREX__ligand1690-0
216,WUGREX__ligand32-0
217,WUGREX__ligand2707-0
218,WUGREX__ligand361-0
219,WUGREX__ligand324-0
220,WUGREX__ligand409-0
221,WUGREX__ligand2915-0
222,WUGREX__ligand575-0
223,WUGREX__ligand4012-0
224,WUGREX__ligand199-0
225,WUGREX__ligand3196-0
226,WUGREX__ligand927-0
227,WUGREX__ligand91-0
228,WUGREX__ligand29-0
229,WUGREX__ligand838-0
230,WUGREX__ligand166-0
231,WUGREX__ligand1918-0
232,WUGREX__ligand2255-0
233,WUGREX__ligand532-0
234,WUGREX__ligand918-0
235,WUGREX__ligand633-0
236,WUGREX__ligand51-0
237,WUGREX__ligand497-0
238,WUGREX__ligand4175-0
239,WUGREX__ligand3618-0
240,WUGREX__ligand283-0
241,WUGREX__ligand2618-0
242,WUGREX__ligand553-0
243,WUGREX__ligand326-0
244,WUGREX__ligand1436-0
245,WUGREX__ligand821-0
246,WUGREX__ligand48-0
247,WUGREX__ligand436-0
248,WUGREX__ligand206-0
249,WUGREX__ligand4370-0
250,WUGREX__ligand142-0
251,WUGREX__ligand3337-0
252,WUGREX__ligand7514-0
253,WUGREX__ligand124-0
254,WUGREX__ligand4811-0
255,WUGREX__ligand1449-1
256,WUGREX__ligand9620-0
257,WUGREX__ligand119-0
258,WUGREX__ligand4894-0
259,WUGREX__ligand1260-0
260,WUGREX__ligand178-0
261,WUGREX__ligand279-0
262,WUGREX__ligand321-0
263,WUGREX__ligand1788-0
264,WUGREX__ligand1321-0
265,WUGREX__ligand1178-0
266,WUGREX__ligand244-0
267,WUGREX__ligand201-0
268,WUGREX__ligand3566-0
269,WUGREX__ligand100-0
270,WUGREX__ligand11730-0
271,WUGREX__ligand3853-0
272,WUGREX__ligand2853-0
273,WUGREX__ligand5089-0
274,WUGREX__ligand2599-0
275,WUGREX__ligand596-0
276,WUGREX__ligand187-0
277,WUGREX__ligand612-0
278,WUGREX__ligand1246-0
279,WUGREX__ligand6166-0
280,WUGREX__ligand861-0
281,WUGREX__ligand366-0
282,WUGREX__ligand11-0
283,WUGREX__ligand1307-0
284,WUGREX__ligand126-0
285,WUGREX__ligand797-0
286,WUGREX__ligand1712-0
287,WUGREX__ligand3579-0
288,WUGREX__ligand2916-0
289,WUGREX__ligand2110-0
290,WUGREX__ligand1919-0
291,WUGREX__ligand2389-0
292,WUGREX__ligand757-0
293,WUGREX__ligand5334-0
294,WUGREX__ligand1898-0
295,WUGREX__ligand4504-0
296,WUGREX__ligand49-0
297,WUGREX__ligand3051-0
298,WUGREX__ligand2480-0
299,WUGREX__ligand2315-0
300,WUGREX__ligand89-0
301,WUGREX__ligand1858-0
302,WUGREX__ligand8032-0
303,WUGREX__ligand1019-0
304,WUGREX__ligand2442-0
305,WUGREX__ligand7414-0
306,WUGREX__ligand5762-0
307,WUGREX__ligand1104-0
308,WUGREX__ligand141-0
309,WUGREX__ligand240-0
310,WUGREX__ligand8-0
311,WUGREX__ligand6571-0
312,WUGREX__ligand1325-0
313,WUGREX__ligand2482-0
314,WUGREX__ligand2929-0
315,WUGREX__ligand120-0
316,WUGREX__ligand384-0
317,WUGREX__ligand92-0
318,WUGREX__ligand2376-0
319,WUGREX__ligand17-0
320,WUGREX__ligand1379-0
321,WUGREX__ligand1221-0
322,WUGREX__ligand1264-0
323,WUGREX__ligand1299-0
324,WUGREX__ligand6430-0
