,TMC
0,EBAMIE__ligand11618-0
1,EBAMIE__ligand3234-0
2,EBAMIE__ligand1142-0
3,EBAMIE__ligand7126-0
4,EBAMIE__ligand42-0
5,EBAMIE__ligand8835-0
6,EBAMIE__ligand909-0
7,EBAMIE__ligand2028-0
8,EBAMIE__ligand26529-0
9,EBAMIE__ligand21729-0
10,EBAMIE__ligand27239-0
11,EBAMIE__ligand4641-0
12,EBAMIE__ligand177-0
13,EBAMIE__ligand19927-0
14,EBAMIE__ligand28559-0
15,EBAMIE__ligand26324-0
16,EBAMIE__ligand14043-0
17,EBAMIE__ligand116-0
18,EBAMIE__ligand16148-0
19,EBAMIE__ligand26631-0
20,EBAMIE__ligand12003-0
21,EBAMIE__ligand4620-0
22,EBAMIE__ligand252-0
23,EBAMIE__ligand21399-0
24,EBAMIE__ligand10872-0
25,EBAMIE__ligand29215-0
26,EBAMIE__ligand6067-0
27,EBAMIE__ligand1577-0
28,EBAMIE__ligand2295-0
29,EBAMIE__ligand830-0
30,EBAMIE__ligand2917-0
31,EBAMIE__ligand27754-0
32,EBAMIE__ligand20695-0
33,EBAMIE__ligand7819-0
34,EBAMIE__ligand16369-0
35,EBAMIE__ligand372-0
36,EBAMIE__ligand28540-0
37,EBAMIE__ligand11111-0
38,EBAMIE__ligand4-0
39,EBAMIE__ligand193-0
40,EBAMIE__ligand3465-0
41,EBAMIE__ligand22403-0
42,EBAMIE__ligand66-0
43,EBAMIE__ligand6102-0
44,EBAMIE__ligand6596-0
45,EBAMIE__ligand6904-0
46,EBAMIE__ligand3721-0
47,EBAMIE__ligand11587-0
48,EBAMIE__ligand13220-0
49,EBAMIE__ligand370-0
50,EBAMIE__ligand17396-0
51,EBAMIE__ligand23175-0
52,EBAMIE__ligand2915-0
53,EBAMIE__ligand3156-0
54,EBAMIE__ligand15788-0
55,EBAMIE__ligand14569-0
56,EBAMIE__ligand1378-0
57,EBAMIE__ligand13385-0
58,EBAMIE__ligand24111-0
59,EBAMIE__ligand6244-0
60,EBAMIE__ligand22444-0
61,EBAMIE__ligand9441-0
62,EBAMIE__ligand10033-0
63,EBAMIE__ligand24644-0
64,EBAMIE__ligand250-0
65,EBAMIE__ligand2332-0
66,EBAMIE__ligand12001-0
67,EBAMIE__ligand27840-0
68,EBAMIE__ligand1575-0
69,EBAMIE__ligand1530-0
70,EBAMIE__ligand30728-0
71,EBAMIE__ligand9933-0
72,EBAMIE__ligand1631-0
73,EBAMIE__ligand24872-0
74,EBAMIE__ligand1324-0
75,EBAMIE__ligand25561-0
76,EBAMIE__ligand8721-0
77,EBAMIE__ligand38-0
78,EBAMIE__ligand1823-0
79,EBAMIE__ligand5643-0
80,EBAMIE__ligand188-0
81,EBAMIE__ligand1615-0
82,EBAMIE__ligand5036-0
83,EBAMIE__ligand2526-0
84,EBAMIE__ligand11949-0
85,EBAMIE__ligand9111-0
86,EBAMIE__ligand22129-0
87,EBAMIE__ligand9952-0
88,EBAMIE__ligand12138-0
89,EBAMIE__ligand24780-0
90,EBAMIE__ligand9601-0
91,EBAMIE__ligand785-0
92,EBAMIE__ligand311-0
93,EBAMIE__ligand17427-0
94,EBAMIE__ligand8992-0
95,EBAMIE__ligand479-0
96,EBAMIE__ligand1018-0
97,EBAMIE__ligand31694-0
98,EBAMIE__ligand564-0
99,EBAMIE__ligand4116-0
100,EBAMIE__ligand370-1
101,EBAMIE__ligand29486-0
102,EBAMIE__ligand7967-0
103,EBAMIE__ligand620-0
104,EBAMIE__ligand6124-0
105,EBAMIE__ligand3707-0
106,EBAMIE__ligand8115-0
107,EBAMIE__ligand28930-0
108,EBAMIE__ligand6768-0
109,EBAMIE__ligand22168-0
110,EBAMIE__ligand22294-0
111,EBAMIE__ligand1982-0
112,EBAMIE__ligand7000-0
113,EBAMIE__ligand21919-0
114,EBAMIE__ligand1285-0
115,EBAMIE__ligand235-0
116,EBAMIE__ligand10056-0
117,EBAMIE__ligand12365-0
118,EBAMIE__ligand4546-0
119,EBAMIE__ligand4503-0
120,EBAMIE__ligand134-0
121,EBAMIE__ligand13862-0
122,EBAMIE__ligand11357-0
123,EBAMIE__ligand15531-0
124,EBAMIE__ligand28743-0
125,EBAMIE__ligand9833-0
126,EBAMIE__ligand28810-0
127,EBAMIE__ligand11447-0
128,EBAMIE__ligand7648-0
129,EBAMIE__ligand11096-0
130,EBAMIE__ligand8876-0
131,EBAMIE__ligand2828-0
132,EBAMIE__ligand5256-0
133,EBAMIE__ligand24230-0
134,EBAMIE__ligand15926-0
135,EBAMIE__ligand19792-0
136,EBAMIE__ligand560-0
137,EBAMIE__ligand4157-0
138,EBAMIE__ligand10828-0
139,EBAMIE__ligand2232-0
140,EBAMIE__ligand11970-0
141,EBAMIE__ligand2176-0
142,EBAMIE__ligand9291-0
143,EBAMIE__ligand15883-0
144,EBAMIE__ligand16988-0
145,EBAMIE__ligand25913-0
146,EBAMIE__ligand9784-0
147,EBAMIE__ligand294-0
148,EBAMIE__ligand4272-0
149,EBAMIE__ligand1451-0
150,EBAMIE__ligand7629-0
151,EBAMIE__ligand11682-0
152,EBAMIE__ligand30711-0
153,EBAMIE__ligand20207-0
154,EBAMIE__ligand3954-0
155,EBAMIE__ligand4093-0
156,EBAMIE__ligand4442-0
157,EBAMIE__ligand9520-0
158,EBAMIE__ligand8699-0
159,EBAMIE__ligand1160-0
160,EBAMIE__ligand4016-0
161,EBAMIE__ligand24035-0
162,EBAMIE__ligand421-0
163,EBAMIE__ligand31842-0
164,EBAMIE__ligand7867-0
165,EBAMIE__ligand31044-0
166,EBAMIE__ligand11994-0
167,EBAMIE__ligand6709-0
168,EBAMIE__ligand1219-0
169,EBAMIE__ligand16663-0
170,EBAMIE__ligand18-0
171,EBAMIE__ligand1304-0
172,EBAMIE__ligand1790-0
173,EBAMIE__ligand7280-0
174,EBAMIE__ligand14614-0
175,EBAMIE__ligand7238-0
176,EBAMIE__ligand685-0
177,EBAMIE__ligand13672-0
178,EBAMIE__ligand9935-0
179,EBAMIE__ligand1573-0
180,EBAMIE__ligand1536-0
181,EBAMIE__ligand28685-0
182,EBAMIE__ligand1959-0
183,EBAMIE__ligand18568-0
184,EBAMIE__ligand3504-0
185,EBAMIE__ligand4661-0
186,EBAMIE__ligand1844-0
187,EBAMIE__ligand6616-0
188,EBAMIE__ligand3035-0
189,EBAMIE__ligand3876-0
190,EBAMIE__ligand1343-0
191,EBAMIE__ligand3718-0
192,EBAMIE__ligand10371-0
193,EBAMIE__ligand7106-0
194,EBAMIE__ligand18448-0
195,EBAMIE__ligand12453-0
196,EBAMIE__ligand197-0
197,EBAMIE__ligand7242-0
198,EBAMIE__ligand28459-0
199,EBAMIE__ligand19184-0
200,EBAMIE__ligand9908-0
201,EBAMIE__ligand1263-0
202,EBAMIE__ligand4155-0
203,EBAMIE__ligand3094-0
204,EBAMIE__ligand13477-0
205,EBAMIE__ligand14167-0
206,EBAMIE__ligand5211-0
207,EBAMIE__ligand30142-0
208,EBAMIE__ligand27669-0
209,EBAMIE__ligand6839-0
210,EBAMIE__ligand8969-0
211,EBAMIE__ligand3131-0
212,EBAMIE__ligand1202-0
213,EBAMIE__ligand3937-0
214,EBAMIE__ligand3174-0
215,EBAMIE__ligand783-0
216,EBAMIE__ligand352-0
217,EBAMIE__ligand4720-0
218,EBAMIE__ligand3565-0
219,EBAMIE__ligand23197-0
220,EBAMIE__ligand1512-0
221,EBAMIE__ligand5331-0
222,EBAMIE__ligand868-0
223,EBAMIE__ligand6919-0
224,EBAMIE__ligand27285-0
225,EBAMIE__ligand3852-0
226,EBAMIE__ligand2485-0
227,EBAMIE__ligand29029-0
228,EBAMIE__ligand20557-0
229,EBAMIE__ligand3647-0
230,EBAMIE__ligand30004-0
231,EBAMIE__ligand5357-0
232,EBAMIE__ligand1688-0
233,EBAMIE__ligand4850-0
234,EBAMIE__ligand5056-0
235,EBAMIE__ligand1768-0
236,EBAMIE__ligand1469-0
237,EBAMIE__ligand3871-0
238,EBAMIE__ligand115-0
239,EBAMIE__ligand2722-0
240,EBAMIE__ligand20432-0
241,EBAMIE__ligand27122-0
242,EBAMIE__ligand1379-0
243,EBAMIE__ligand13755-0
244,EBAMIE__ligand16133-0
245,EBAMIE__ligand23445-0
246,EBAMIE__ligand24953-0
247,EBAMIE__ligand5935-0
248,EBAMIE__ligand25048-0
249,EBAMIE__ligand9525-0
250,EBAMIE__ligand21940-0
251,EBAMIE__ligand1165-0
252,EBAMIE__ligand833-0
253,EBAMIE__ligand3157-0
254,EBAMIE__ligand21752-0
255,EBAMIE__ligand1771-0
256,EBAMIE__ligand4911-0
257,EBAMIE__ligand3392-0
258,EBAMIE__ligand14339-0
259,EBAMIE__ligand784-0
260,EBAMIE__ligand30788-0
261,EBAMIE__ligand5849-0
262,EBAMIE__ligand13691-0
263,EBAMIE__ligand368-0
264,EBAMIE__ligand2527-0
265,EBAMIE__ligand395-0
266,EBAMIE__ligand18757-0
267,EBAMIE__ligand24560-0
268,EBAMIE__ligand20844-0
269,EBAMIE__ligand18413-0
270,EBAMIE__ligand8349-0
271,EBAMIE__ligand24624-0
272,EBAMIE__ligand8464-0
273,EBAMIE__ligand1709-0
274,EBAMIE__ligand746-0
275,EBAMIE__ligand18019-1
276,EBAMIE__ligand447-0
277,EBAMIE__ligand2208-0
278,EBAMIE__ligand14007-0
279,EBAMIE__ligand3208-0
280,EBAMIE__ligand3350-0
281,EBAMIE__ligand27550-0
282,EBAMIE__ligand7573-0
283,EBAMIE__ligand2781-0
284,EBAMIE__ligand8722-0
285,EBAMIE__ligand9809-0
286,EBAMIE__ligand6672-0
287,EBAMIE__ligand1327-0
288,EBAMIE__ligand176-0
289,EBAMIE__ligand7162-0
290,EBAMIE__ligand43-0
291,EBAMIE__ligand3029-0
292,EBAMIE__ligand20942-1
293,EBAMIE__ligand16956-0
294,EBAMIE__ligand21339-0
295,EBAMIE__ligand14226-0
296,EBAMIE__ligand1773-0
297,EBAMIE__ligand4581-0
298,EBAMIE__ligand2328-0
299,EBAMIE__ligand9197-0
300,EBAMIE__ligand29565-0
301,EBAMIE__ligand23682-0
302,EBAMIE__ligand1900-0
303,EBAMIE__ligand18158-0
304,EBAMIE__ligand487-0
305,EBAMIE__ligand27771-0
306,EBAMIE__ligand12413-0
307,EBAMIE__ligand29334-0
308,EBAMIE__ligand506-0
309,EBAMIE__ligand4131-0
310,EBAMIE__ligand20731-0
311,EBAMIE__ligand1712-0
312,EBAMIE__ligand11798-0
313,EBAMIE__ligand67-0
314,EBAMIE__ligand5094-0
315,EBAMIE__ligand5892-0
316,EBAMIE__ligand17069-0
317,EBAMIE__ligand14477-0
318,EBAMIE__ligand17445-0
319,EBAMIE__ligand29214-0
320,EBAMIE__ligand11544-0
321,EBAMIE__ligand11501-0
322,EBAMIE__ligand1533-0
323,EBAMIE__ligand152-0
324,EBAMIE__ligand21448-0
325,EBAMIE__ligand1496-0
326,EBAMIE__ligand22357-0
327,EBAMIE__ligand11758-0
328,EBAMIE__ligand7557-0
329,EBAMIE__ligand3215-0
330,EBAMIE__ligand10151-0
331,EBAMIE__ligand7107-0
332,EBAMIE__ligand1-0
333,EBAMIE__ligand196-0
334,EBAMIE__ligand22353-0
335,EBAMIE__ligand686-0
336,EBAMIE__ligand6283-0
337,EBAMIE__ligand19668-0
338,EBAMIE__ligand6062-0
339,EBAMIE__ligand19906-0
340,EBAMIE__ligand4738-0
341,EBAMIE__ligand4813-0
342,EBAMIE__ligand5813-0
343,EBAMIE__ligand422-0
344,EBAMIE__ligand27610-0
345,EBAMIE__ligand10479-0
346,EBAMIE__ligand4194-0
347,EBAMIE__ligand11479-0
348,EBAMIE__ligand29441-0
349,EBAMIE__ligand10853-0
350,EBAMIE__ligand7532-0
351,EBAMIE__ligand24851-0
352,EBAMIE__ligand20530-0
353,EBAMIE__ligand4330-0
354,EBAMIE__ligand11698-0
355,EBAMIE__ligand393-0
356,EBAMIE__ligand14302-0
357,EBAMIE__ligand2599-0
358,EBAMIE__ligand14347-0
359,EBAMIE__ligand13657-0
360,EBAMIE__ligand20220-0
361,EBAMIE__ligand3973-0
362,EBAMIE__ligand15387-0
363,EBAMIE__ligand353-0
364,EBAMIE__ligand1147-0
365,EBAMIE__ligand20121-0
366,EBAMIE__ligand7925-0
367,EBAMIE__ligand16952-0
368,EBAMIE__ligand2068-0
369,EBAMIE__ligand29813-0
370,EBAMIE__ligand314-0
371,EBAMIE__ligand780-0
372,EBAMIE__ligand6882-0
373,EBAMIE__ligand6455-0
374,EBAMIE__ligand11177-0
375,EBAMIE__ligand813-0
376,EBAMIE__ligand3934-0
377,EBAMIE__ligand15455-0
378,EBAMIE__ligand45-0
379,EBAMIE__ligand25658-0
380,EBAMIE__ligand17686-0
381,EBAMIE__ligand31205-0
382,EBAMIE__ligand2403-0
383,EBAMIE__ligand1065-0
384,EBAMIE__ligand7530-0
385,EBAMIE__ligand11814-0
386,EBAMIE__ligand3012-0
387,EBAMIE__ligand16603-0
388,EBAMIE__ligand618-0
389,EBAMIE__ligand78-0
390,EBAMIE__ligand1449-0
391,EBAMIE__ligand16870-0
392,EBAMIE__ligand4332-0
393,EBAMIE__ligand391-0
394,EBAMIE__ligand11622-0
395,EBAMIE__ligand9681-0
396,EBAMIE__ligand19-0
397,EBAMIE__ligand2830-0
398,EBAMIE__ligand26673-0
399,EBAMIE__ligand1729-0
400,EBAMIE__ligand20821-0
401,EBAMIE__ligand5627-0
402,EBAMIE__ligand5483-0
403,EBAMIE__ligand465-0
404,EBAMIE__ligand11606-0
405,EBAMIE__ligand5316-0
406,EBAMIE__ligand31000-0
407,EBAMIE__ligand11252-0
408,EBAMIE__ligand9148-0
409,EBAMIE__ligand10582-0
410,EBAMIE__ligand13260-0
411,EBAMIE__ligand7529-0
412,EBAMIE__ligand3-0
413,EBAMIE__ligand19824-0
414,EBAMIE__ligand24-0
415,EBAMIE__ligand18067-0
416,EBAMIE__ligand1415-0
417,EBAMIE__ligand6946-0
418,EBAMIE__ligand314-1
419,EBAMIE__ligand28924-0
420,EBAMIE__ligand384-0
421,EBAMIE__ligand15438-0
422,EBAMIE__ligand7438-0
423,EBAMIE__ligand8200-0
424,EBAMIE__ligand4063-0
425,EBAMIE__ligand29087-0
426,EBAMIE__ligand3042-0
427,EBAMIE__ligand18703-0
428,EBAMIE__ligand17945-0
429,EBAMIE__ligand25224-0
430,EBAMIE__ligand18013-0
431,EBAMIE__ligand4207-0
432,EBAMIE__ligand31578-0
433,EBAMIE__ligand17207-0
434,EBAMIE__ligand3453-0
435,EBAMIE__ligand3416-0
436,EBAMIE__ligand1150-0
437,EBAMIE__ligand24750-0
438,EBAMIE__ligand768-0
439,EBAMIE__ligand1539-0
440,EBAMIE__ligand4167-0
441,EBAMIE__ligand26277-0
442,EBAMIE__ligand29898-0
443,EBAMIE__ligand89-0
444,EBAMIE__ligand1400-0
445,EBAMIE__ligand4266-0
446,EBAMIE__ligand22755-0
447,EBAMIE__ligand31618-0
448,EBAMIE__ligand11432-0
449,EBAMIE__ligand9491-0
450,EBAMIE__ligand10432-0
451,EBAMIE__ligand1288-0
452,EBAMIE__ligand24064-0
453,EBAMIE__ligand3980-0
454,EBAMIE__ligand3557-0
455,EBAMIE__ligand1149-0
456,EBAMIE__ligand7075-0
457,EBAMIE__ligand23589-0
458,EBAMIE__ligand9750-0
459,EBAMIE__ligand49-0
460,EBAMIE__ligand141-0
461,EBAMIE__ligand1779-0
462,EBAMIE__ligand240-0
463,EBAMIE__ligand15168-0
464,EBAMIE__ligand6993-0
465,EBAMIE__ligand1817-0
466,EBAMIE__ligand10555-0
467,EBAMIE__ligand31483-0
468,EBAMIE__ligand4795-0
469,EBAMIE__ligand3285-0
470,EBAMIE__ligand1908-0
471,EBAMIE__ligand24613-0
472,EBAMIE__ligand693-0
473,EBAMIE__ligand5630-0
474,EBAMIE__ligand19725-0
475,EBAMIE__ligand1786-0
476,EBAMIE__ligand8042-0
477,EBAMIE__ligand6112-0
478,EBAMIE__ligand21421-0
479,EBAMIE__ligand11774-0
480,EBAMIE__ligand14586-0
481,EBAMIE__ligand1828-0
482,EBAMIE__ligand1397-0
483,EBAMIE__ligand7213-0
484,EBAMIE__ligand4710-0
485,EBAMIE__ligand5755-0
486,EBAMIE__ligand3144-0
487,EBAMIE__ligand11568-0
488,EBAMIE__ligand5085-0
489,EBAMIE__ligand20579-0
490,EBAMIE__ligand17710-0
491,EBAMIE__ligand17240-0
492,EBAMIE__ligand1849-0
493,EBAMIE__ligand17-0
494,EBAMIE__ligand17590-0
495,EBAMIE__ligand1216-0
496,EBAMIE__ligand5019-0
497,EBAMIE__ligand12682-0
498,EBAMIE__ligand18699-0
499,EBAMIE__ligand1152-0
500,EBAMIE__ligand3261-0
501,EBAMIE__ligand757-0
502,EBAMIE__ligand13072-0
503,EBAMIE__ligand122-0
504,EBAMIE__ligand5515-0
505,EBAMIE__ligand6663-0
506,EBAMIE__ligand12336-0
507,EBAMIE__ligand5280-0
508,EBAMIE__ligand5614-0
509,EBAMIE__ligand1831-0
510,EBAMIE__ligand13257-0
511,EBAMIE__ligand8553-0
512,EBAMIE__ligand1113-0
513,EBAMIE__ligand21936-0
514,EBAMIE__ligand23904-0
515,EBAMIE__ligand845-0
516,EBAMIE__ligand25267-0
517,EBAMIE__ligand5201-0
518,EBAMIE__ligand10084-0
519,EBAMIE__ligand12467-0
520,EBAMIE__ligand7566-0
521,EBAMIE__ligand27169-0
522,EBAMIE__ligand14523-0
523,EBAMIE__ligand126-0
524,EBAMIE__ligand2001-0
525,EBAMIE__ligand163-0
526,EBAMIE__ligand18391-0
527,EBAMIE__ligand27074-0
528,EBAMIE__ligand9944-0
529,EBAMIE__ligand8593-0
530,EBAMIE__ligand25805-0
531,EBAMIE__ligand22981-0
532,EBAMIE__ligand20599-0
533,EBAMIE__ligand941-0
534,EBAMIE__ligand2823-0
535,EBAMIE__ligand596-0
536,EBAMIE__ligand6995-0
537,EBAMIE__ligand18465-0
538,EBAMIE__ligand18799-0
539,EBAMIE__ligand16791-0
540,EBAMIE__ligand3180-0
541,EBAMIE__ligand777-0
542,EBAMIE__ligand2650-0
543,EBAMIE__ligand2281-0
544,EBAMIE__ligand4340-0
545,EBAMIE__ligand28668-0
546,EBAMIE__ligand5415-0
547,EBAMIE__ligand29610-0
548,EBAMIE__ligand366-0
549,EBAMIE__ligand11140-0
550,EBAMIE__ligand3471-0
551,EBAMIE__ligand4161-0
552,EBAMIE__ligand4124-0
553,EBAMIE__ligand187-0
554,EBAMIE__ligand29863-0
555,EBAMIE__ligand18074-0
556,EBAMIE__ligand657-0
557,EBAMIE__ligand13869-0
558,EBAMIE__ligand1618-0
559,EBAMIE__ligand12519-0
560,EBAMIE__ligand25735-0
561,EBAMIE__ligand2692-0
562,EBAMIE__ligand321-0
563,EBAMIE__ligand11206-0
564,EBAMIE__ligand23124-0
565,EBAMIE__ligand4262-0
566,EBAMIE__ligand178-0
567,EBAMIE__ligand185-0
568,EBAMIE__ligand279-0
569,EBAMIE__ligand1028-0
570,EBAMIE__ligand31248-0
571,EBAMIE__ligand201-0
572,EBAMIE__ligand1015-0
573,EBAMIE__ligand1050-0
574,EBAMIE__ligand25650-0
575,EBAMIE__ligand2027-0
576,EBAMIE__ligand12660-0
577,EBAMIE__ligand13209-0
578,EBAMIE__ligand19257-0
579,EBAMIE__ligand21787-0
580,EBAMIE__ligand25575-0
581,EBAMIE__ligand25689-0
582,EBAMIE__ligand69-0
583,EBAMIE__ligand1169-0
584,EBAMIE__ligand338-0
585,EBAMIE__ligand8529-0
586,EBAMIE__ligand12295-0
587,EBAMIE__ligand27835-0
588,EBAMIE__ligand23906-0
589,EBAMIE__ligand9615-0
590,EBAMIE__ligand1154-0
591,EBAMIE__ligand21132-0
592,EBAMIE__ligand11166-0
593,EBAMIE__ligand30539-0
594,EBAMIE__ligand1498-0
595,EBAMIE__ligand4596-0
596,EBAMIE__ligand11-0
597,EBAMIE__ligand3244-0
598,EBAMIE__ligand4711-0
599,EBAMIE__ligand27893-0
600,EBAMIE__ligand326-0
601,EBAMIE__ligand14723-0
602,EBAMIE__ligand2906-0
603,EBAMIE__ligand19641-0
604,EBAMIE__ligand15422-0
605,EBAMIE__ligand20578-0
606,EBAMIE__ligand12934-0
607,EBAMIE__ligand18832-0
608,EBAMIE__ligand27175-0
609,EBAMIE__ligand32-0
610,EBAMIE__ligand23713-0
611,EBAMIE__ligand5649-0
612,EBAMIE__ligand2788-0
613,EBAMIE__ligand8793-0
614,EBAMIE__ligand4649-0
615,EBAMIE__ligand30988-0
616,EBAMIE__ligand692-0
617,EBAMIE__ligand7196-0
618,EBAMIE__ligand17258-0
619,EBAMIE__ligand14297-0
620,EBAMIE__ligand5159-0
621,EBAMIE__ligand14603-0
622,EBAMIE__ligand5530-0
623,EBAMIE__ligand26665-0
624,EBAMIE__ligand1787-0
625,EBAMIE__ligand1356-0
626,EBAMIE__ligand17631-0
627,EBAMIE__ligand9753-0
628,EBAMIE__ligand13012-0
629,EBAMIE__ligand3178-0
630,EBAMIE__ligand31783-0
631,EBAMIE__ligand436-0
632,EBAMIE__ligand4807-0
633,EBAMIE__ligand17281-0
634,EBAMIE__ligand5180-0
635,EBAMIE__ligand30296-0
636,EBAMIE__ligand12337-0
637,EBAMIE__ligand29410-0
638,EBAMIE__ligand26540-0
639,EBAMIE__ligand7316-0
640,EBAMIE__ligand30333-0
641,EBAMIE__ligand5708-0
642,EBAMIE__ligand6017-0
643,EBAMIE__ligand12606-0
644,EBAMIE__ligand8612-0
645,EBAMIE__ligand2124-0
646,EBAMIE__ligand497-0
647,EBAMIE__ligand1116-0
648,EBAMIE__ligand27460-0
649,EBAMIE__ligand1153-0
650,EBAMIE__ligand3225-0
651,EBAMIE__ligand2260-0
652,EBAMIE__ligand7092-0
653,EBAMIE__ligand28468-0
654,EBAMIE__ligand20740-0
655,EBAMIE__ligand7273-0
656,EBAMIE__ligand9323-0
657,EBAMIE__ligand12427-0
658,EBAMIE__ligand7172-0
659,EBAMIE__ligand633-0
660,EBAMIE__ligand16-0
661,EBAMIE__ligand16628-0
662,EBAMIE__ligand1114-0
663,EBAMIE__ligand300-0
664,EBAMIE__ligand27763-0
665,EBAMIE__ligand6391-0
666,EBAMIE__ligand3126-0
667,EBAMIE__ligand9284-0
668,EBAMIE__ligand10262-0
669,EBAMIE__ligand28676-0
670,EBAMIE__ligand588-0
671,EBAMIE__ligand18814-0
672,EBAMIE__ligand19057-0
673,EBAMIE__ligand51-0
674,EBAMIE__ligand29302-0
675,EBAMIE__ligand13425-0
676,EBAMIE__ligand2417-0
677,EBAMIE__ligand91-0
678,EBAMIE__ligand14108-0
679,EBAMIE__ligand8788-0
680,EBAMIE__ligand1832-0
681,EBAMIE__ligand199-0
682,EBAMIE__ligand2043-0
683,EBAMIE__ligand1228-0
684,EBAMIE__ligand9943-0
685,EBAMIE__ligand12641-0
686,EBAMIE__ligand1604-0
687,EBAMIE__ligand10958-0
688,EBAMIE__ligand23769-0
689,EBAMIE__ligand48-0
690,EBAMIE__ligand24185-0
691,EBAMIE__ligand25178-0
692,EBAMIE__ligand9450-0
693,EBAMIE__ligand1599-0
694,EBAMIE__ligand17302-0
695,EBAMIE__ligand2612-0
696,EBAMIE__ligand17805-0
697,EBAMIE__ligand17387-0
698,EBAMIE__ligand12130-0
699,EBAMIE__ligand12289-0
700,EBAMIE__ligand18292-0
701,EBAMIE__ligand13658-0
702,EBAMIE__ligand26702-0
703,EBAMIE__ligand409-0
704,EBAMIE__ligand12231-0
705,EBAMIE__ligand1289-0
706,EBAMIE__ligand5387-0
707,EBAMIE__ligand324-0
708,EBAMIE__ligand361-0
709,EBAMIE__ligand2203-0
710,EBAMIE__ligand24145-0
711,EBAMIE__ligand15585-0
712,EBAMIE__ligand12401-0
713,EBAMIE__ligand19830-0
714,EBAMIE__ligand13068-0
715,EBAMIE__ligand10476-0
716,EBAMIE__ligand26810-0
717,EBAMIE__ligand27482-0
718,EBAMIE__ligand9299-0
719,EBAMIE__ligand488-0
720,EBAMIE__ligand430-0
721,EBAMIE__ligand2985-0
722,EBAMIE__ligand13208-0
723,EBAMIE__ligand4007-0
724,EBAMIE__ligand358-0
725,EBAMIE__ligand3677-1
726,EBAMIE__ligand9883-0
727,EBAMIE__ligand694-0
728,EBAMIE__ligand7291-0
729,EBAMIE__ligand3736-0
730,EBAMIE__ligand34-0
731,EBAMIE__ligand8000-0
732,EBAMIE__ligand13390-0
733,EBAMIE__ligand9344-0
734,EBAMIE__ligand2693-0
735,EBAMIE__ligand5383-0
736,EBAMIE__ligand20682-0
737,EBAMIE__ligand3945-0
738,EBAMIE__ligand14174-0
739,EBAMIE__ligand10712-0
740,EBAMIE__ligand1499-0
741,EBAMIE__ligand2881-0
742,EBAMIE__ligand571-0
743,EBAMIE__ligand534-0
744,EBAMIE__ligand11456-0
745,EBAMIE__ligand3712-0
746,EBAMIE__ligand1464-0
747,EBAMIE__ligand670-0
748,EBAMIE__ligand55-0
749,EBAMIE__ligand25411-0
750,EBAMIE__ligand1211-0
751,EBAMIE__ligand6892-0
752,EBAMIE__ligand1168-0
753,EBAMIE__ligand1294-0
754,EBAMIE__ligand13294-0
755,EBAMIE__ligand31832-0
756,EBAMIE__ligand3677-0
757,EBAMIE__ligand3632-0
758,EBAMIE__ligand29879-0
759,EBAMIE__ligand14248-0
760,EBAMIE__ligand12030-0
761,EBAMIE__ligand68-0
762,EBAMIE__ligand28884-0
763,EBAMIE__ligand6699-0
764,EBAMIE__ligand13331-0
765,EBAMIE__ligand383-0
766,EBAMIE__ligand1197-0
767,EBAMIE__ligand17398-0
768,EBAMIE__ligand8592-0
769,EBAMIE__ligand5099-0
770,EBAMIE__ligand416-0
771,EBAMIE__ligand24047-0
772,EBAMIE__ligand10589-0
773,EBAMIE__ligand1296-0
774,EBAMIE__ligand22557-0
775,EBAMIE__ligand20598-0
776,EBAMIE__ligand11675-0
777,EBAMIE__ligand2259-0
778,EBAMIE__ligand17982-0
779,EBAMIE__ligand29414-0
780,EBAMIE__ligand8-0
781,EBAMIE__ligand226-0
782,EBAMIE__ligand20011-0
783,EBAMIE__ligand17278-0
784,EBAMIE__ligand9773-0
785,EBAMIE__ligand162-0
786,EBAMIE__ligand5510-0
787,EBAMIE__ligand1376-0
788,EBAMIE__ligand57-0
789,EBAMIE__ligand4101-0
790,EBAMIE__ligand5595-0
791,EBAMIE__ligand20251-1
792,EBAMIE__ligand14703-0
793,EBAMIE__ligand16475-0
794,EBAMIE__ligand2221-0
795,EBAMIE__ligand4358-0
796,EBAMIE__ligand3926-0
797,EBAMIE__ligand3120-0
798,EBAMIE__ligand14117-0
799,EBAMIE__ligand17261-0
800,EBAMIE__ligand8002-0
801,EBAMIE__ligand5509-0
802,EBAMIE__ligand6117-0
803,EBAMIE__ligand1407-0
804,EBAMIE__ligand656-0
805,EBAMIE__ligand20251-0
806,EBAMIE__ligand30702-0
807,EBAMIE__ligand20214-0
808,EBAMIE__ligand5080-0
809,EBAMIE__ligand7762-0
810,EBAMIE__ligand20539-0
811,EBAMIE__ligand21581-0
812,EBAMIE__ligand31097-0
813,EBAMIE__ligand2238-0
814,EBAMIE__ligand29568-0
815,EBAMIE__ligand9167-0
816,EBAMIE__ligand14889-0
817,EBAMIE__ligand5304-0
818,EBAMIE__ligand30851-0
819,EBAMIE__ligand7293-0
820,EBAMIE__ligand2822-0
821,EBAMIE__ligand21371-0
822,EBAMIE__ligand3867-0
823,EBAMIE__ligand17118-0
824,EBAMIE__ligand1317-0
825,EBAMIE__ligand20419-0
826,EBAMIE__ligand696-0
827,EBAMIE__ligand28789-0
