,TMC
0,WOWHUN__ligand584-0
1,WOWHUN__ligand916-0
2,WOWHUN__ligand798-0
3,WOWHUN__ligand421-0
4,WOWHUN__ligand331-0
5,WOWHUN__ligand21-0
6,WOWHUN__ligand294-0
7,WOWHUN__ligand993-0
8,WOWHUN__ligand1307-0
9,WOWHUN__ligand40-0
10,WOWHUN__ligand5089-0
11,WOWHUN__ligand2599-0
12,WOWHUN__ligand560-0
13,WOWHUN__ligand525-0
14,WOWHUN__ligand2853-0
15,WOWHUN__ligand3853-0
16,WOWHUN__ligand109-0
17,WOWHUN__ligand932-0
18,WOWHUN__ligand134-0
19,WOWHUN__ligand6166-0
20,WOWHUN__ligand235-0
21,WOWHUN__ligand1246-0
22,WOWHUN__ligand38-0
23,WOWHUN__ligand390-0
24,WOWHUN__ligand1788-0
25,WOWHUN__ligand136-0
26,WOWHUN__ligand868-0
27,WOWHUN__ligand442-0
28,WOWHUN__ligand352-0
29,WOWHUN__ligand783-0
30,WOWHUN__ligand3566-0
31,WOWHUN__ligand1178-0
32,WOWHUN__ligand1321-0
33,WOWHUN__ligand66-0
34,WOWHUN__ligand1449-1
35,WOWHUN__ligand4811-0
36,WOWHUN__ligand197-0
37,WOWHUN__ligand296-0
38,WOWHUN__ligand7514-0
39,WOWHUN__ligand3337-0
40,WOWHUN__ligand112-0
41,WOWHUN__ligand4894-0
42,WOWHUN__ligand1260-0
43,WOWHUN__ligand9620-0
44,WOWHUN__ligand2376-0
45,WOWHUN__ligand193-0
46,WOWHUN__ligand2929-0
47,WOWHUN__ligand62-0
48,WOWHUN__ligand830-0
49,WOWHUN__ligand6430-0
50,WOWHUN__ligand1299-0
51,WOWHUN__ligand1264-0
52,WOWHUN__ligand1221-0
53,WOWHUN__ligand1379-0
54,WOWHUN__ligand252-0
55,WOWHUN__ligand955-0
56,WOWHUN__ligand86-0
57,WOWHUN__ligand1104-0
58,WOWHUN__ligand7414-0
59,WOWHUN__ligand5762-0
60,WOWHUN__ligand2442-0
61,WOWHUN__ligand177-0
62,WOWHUN__ligand934-0
63,WOWHUN__ligand1019-0
64,WOWHUN__ligand2482-0
65,WOWHUN__ligand1325-0
66,WOWHUN__ligand909-0
67,WOWHUN__ligand6571-0
68,WOWHUN__ligand851-0
69,WOWHUN__ligand2315-0
70,WOWHUN__ligand2480-0
71,WOWHUN__ligand3051-0
72,WOWHUN__ligand4504-0
73,WOWHUN__ligand1898-0
74,WOWHUN__ligand311-0
75,WOWHUN__ligand5334-0
76,WOWHUN__ligand444-0
77,WOWHUN__ligand369-0
78,WOWHUN__ligand188-0
79,WOWHUN__ligand8032-0
80,WOWHUN__ligand1858-0
81,WOWHUN__ligand2110-0
82,WOWHUN__ligand2916-0
83,WOWHUN__ligand460-0
84,WOWHUN__ligand3579-0
85,WOWHUN__ligand18-0
86,WOWHUN__ligand1712-0
87,WOWHUN__ligand250-0
88,WOWHUN__ligand2389-0
89,WOWHUN__ligand1919-0
90,WOWHUN__ligand370-0
91,WOWHUN__ligand7630-0
92,WOWHUN__ligand8-0
93,WOWHUN__ligand353-0
94,WOWHUN__ligand1555-0
95,WOWHUN__ligand1285-0
96,WOWHUN__ligand1907-0
97,WOWHUN__ligand4423-0
98,WOWHUN__ligand236-0
99,WOWHUN__ligand3890-0
100,WOWHUN__ligand5093-0
101,WOWHUN__ligand422-0
102,WOWHUN__ligand2954-0
103,WOWHUN__ligand1160-0
104,WOWHUN__ligand2253-0
105,WOWHUN__ligand1038-0
106,WOWHUN__ligand113-0
107,WOWHUN__ligand2762-0
108,WOWHUN__ligand502-0
109,WOWHUN__ligand196-0
110,WOWHUN__ligand7550-0
111,WOWHUN__ligand67-0
112,WOWHUN__ligand1493-0
113,WOWHUN__ligand2718-0
114,WOWHUN__ligand3035-0
115,WOWHUN__ligand3070-0
116,WOWHUN__ligand9176-0
117,WOWHUN__ligand3251-0
118,WOWHUN__ligand6143-0
119,WOWHUN__ligand210-0
120,WOWHUN__ligand5235-0
121,WOWHUN__ligand4619-0
122,WOWHUN__ligand391-0
123,WOWHUN__ligand7456-0
124,WOWHUN__ligand1818-0
125,WOWHUN__ligand170-0
126,WOWHUN__ligand3852-0
127,WOWHUN__ligand3478-0
128,WOWHUN__ligand5758-0
129,WOWHUN__ligand481-0
130,WOWHUN__ligand314-0
131,WOWHUN__ligand11730-0
132,WOWHUN__ligand1436-0
133,WOWHUN__ligand78-0
134,WOWHUN__ligand2618-0
135,WOWHUN__ligand85-0
136,WOWHUN__ligand3618-0
137,WOWHUN__ligand355-0
138,WOWHUN__ligand784-0
139,WOWHUN__ligand4370-0
140,WOWHUN__ligand45-0
141,WOWHUN__ligand485-0
142,WOWHUN__ligand1918-0
143,WOWHUN__ligand291-0
144,WOWHUN__ligand4175-0
145,WOWHUN__ligand115-0
146,WOWHUN__ligand2255-0
147,WOWHUN__ligand682-0
148,WOWHUN__ligand2915-0
149,WOWHUN__ligand3196-0
150,WOWHUN__ligand4012-0
151,WOWHUN__ligand487-0
152,WOWHUN__ligand2526-0
153,WOWHUN__ligand1551-0
154,WOWHUN__ligand522-0
155,WOWHUN__ligand666-0
156,WOWHUN__ligand133-0
157,WOWHUN__ligand2707-0
158,WOWHUN__ligand1690-0
159,WOWHUN__ligand447-0
160,WOWHUN__ligand612-0
161,WOWHUN__ligand3063-0
162,WOWHUN__ligand187-0
163,WOWHUN__ligand1438-0
164,WOWHUN__ligand366-0
165,WOWHUN__ligand861-0
166,WOWHUN__ligand5801-0
167,WOWHUN__ligand1171-0
168,WOWHUN__ligand596-0
169,WOWHUN__ligand92-0
170,WOWHUN__ligand1685-0
171,WOWHUN__ligand2087-0
172,WOWHUN__ligand126-0
173,WOWHUN__ligand1048-0
174,WOWHUN__ligand3757-0
175,WOWHUN__ligand1459-0
176,WOWHUN__ligand17-0
177,WOWHUN__ligand1544-0
178,WOWHUN__ligand119-0
179,WOWHUN__ligand1376-0
180,WOWHUN__ligand2768-0
181,WOWHUN__ligand2259-0
182,WOWHUN__ligand2688-0
183,WOWHUN__ligand1951-0
184,WOWHUN__ligand1687-0
185,WOWHUN__ligand124-0
186,WOWHUN__ligand6277-0
187,WOWHUN__ligand2629-0
188,WOWHUN__ligand49-0
189,WOWHUN__ligand4381-0
190,WOWHUN__ligand100-0
191,WOWHUN__ligand1706-0
192,WOWHUN__ligand244-0
193,WOWHUN__ligand201-0
194,WOWHUN__ligand3734-0
195,WOWHUN__ligand279-0
196,WOWHUN__ligand178-0
197,WOWHUN__ligand321-0
198,WOWHUN__ligand89-0
199,WOWHUN__ligand240-0
200,WOWHUN__ligand7915-0
201,WOWHUN__ligand5548-0
202,WOWHUN__ligand6-0
203,WOWHUN__ligand141-0
204,WOWHUN__ligand1747-0
205,WOWHUN__ligand6686-0
206,WOWHUN__ligand3145-0
207,WOWHUN__ligand3178-0
208,WOWHUN__ligand6332-0
209,WOWHUN__ligand2098-0
210,WOWHUN__ligand6502-0
211,WOWHUN__ligand2863-0
212,WOWHUN__ligand11-0
213,WOWHUN__ligand1542-0
214,WOWHUN__ligand2634-0
215,WOWHUN__ligand3041-0
216,WOWHUN__ligand120-0
217,WOWHUN__ligand2751-0
218,WOWHUN__ligand384-0
219,WOWHUN__ligand757-0
220,WOWHUN__ligand1114-0
221,WOWHUN__ligand1538-0
222,WOWHUN__ligand797-0
223,WOWHUN__ligand1228-0
224,WOWHUN__ligand9244-0
225,WOWHUN__ligand1148-0
226,WOWHUN__ligand1479-0
227,WOWHUN__ligand4-0
228,WOWHUN__ligand15630-0
229,WOWHUN__ligand3246-0
230,WOWHUN__ligand10357-0
231,WOWHUN__ligand9027-0
232,WOWHUN__ligand509-0
233,WOWHUN__ligand29-0
234,WOWHUN__ligand2265-0
235,WOWHUN__ligand1113-0
236,WOWHUN__ligand6396-0
237,WOWHUN__ligand91-0
238,WOWHUN__ligand1502-0
239,WOWHUN__ligand51-0
240,WOWHUN__ligand1835-0
241,WOWHUN__ligand2794-0
242,WOWHUN__ligand670-0
243,WOWHUN__ligand2345-0
244,WOWHUN__ligand118-0
245,WOWHUN__ligand4983-0
246,WOWHUN__ligand571-0
247,WOWHUN__ligand365-0
248,WOWHUN__ligand278-0
249,WOWHUN__ligand1052-0
250,WOWHUN__ligand669-0
251,WOWHUN__ligand3-0
252,WOWHUN__ligand358-0
253,WOWHUN__ligand430-0
254,WOWHUN__ligand1273-0
255,WOWHUN__ligand48-0
256,WOWHUN__ligand9495-0
257,WOWHUN__ligand1-0
258,WOWHUN__ligand2772-0
259,WOWHUN__ligand6151-0
260,WOWHUN__ligand6538-0
261,WOWHUN__ligand2142-0
262,WOWHUN__ligand32-0
263,WOWHUN__ligand2864-0
264,WOWHUN__ligand5022-0
265,WOWHUN__ligand1169-0
266,WOWHUN__ligand2880-0
267,WOWHUN__ligand5941-0
268,WOWHUN__ligand162-0
269,WOWHUN__ligand226-0
270,WOWHUN__ligand3838-0
271,WOWHUN__ligand1799-0
272,WOWHUN__ligand2838-0
273,WOWHUN__ligand383-0
274,WOWHUN__ligand918-0
275,WOWHUN__ligand633-0
276,WOWHUN__ligand8774-0
277,WOWHUN__ligand10910-0
278,WOWHUN__ligand532-0
279,WOWHUN__ligand3637-0
280,WOWHUN__ligand497-0
281,WOWHUN__ligand57-0
282,WOWHUN__ligand838-0
283,WOWHUN__ligand166-0
284,WOWHUN__ligand436-0
285,WOWHUN__ligand14530-0
286,WOWHUN__ligand7464-0
287,WOWHUN__ligand142-0
288,WOWHUN__ligand206-0
289,WOWHUN__ligand6294-0
290,WOWHUN__ligand553-0
291,WOWHUN__ligand1054-0
292,WOWHUN__ligand283-0
293,WOWHUN__ligand73-0
294,WOWHUN__ligand1598-0
295,WOWHUN__ligand821-0
296,WOWHUN__ligand1248-0
297,WOWHUN__ligand4303-0
298,WOWHUN__ligand326-0
299,WOWHUN__ligand1056-0
300,WOWHUN__ligand2320-0
301,WOWHUN__ligand2862-0
302,WOWHUN__ligand1567-0
303,WOWHUN__ligand361-0
304,WOWHUN__ligand2285-0
305,WOWHUN__ligand324-0
306,WOWHUN__ligand8921-0
307,WOWHUN__ligand409-0
308,WOWHUN__ligand2510-0
309,WOWHUN__ligand34-0
310,WOWHUN__ligand10479-0
311,WOWHUN__ligand2907-0
312,WOWHUN__ligand105-0
313,WOWHUN__ligand2430-0
314,WOWHUN__ligand140-0
315,WOWHUN__ligand1703-0
316,WOWHUN__ligand95-0
317,WOWHUN__ligand1152-0
318,WOWHUN__ligand927-0
319,WOWHUN__ligand1727-0
320,WOWHUN__ligand199-0
321,WOWHUN__ligand10114-0
322,WOWHUN__ligand575-0
323,WOWHUN__ligand55-0
324,WOWHUN__ligand1607-0
