,TMC
0,WIGFEX__ligand1771-0
1,WIGFEX__ligand4911-0
2,WIGFEX__ligand27460-0
3,WIGFEX__ligand300-0
4,WIGFEX__ligand3392-0
5,WIGFEX__ligand12427-0
6,WIGFEX__ligand49-0
7,WIGFEX__ligand20740-0
8,WIGFEX__ligand28468-0
9,WIGFEX__ligand588-0
10,WIGFEX__ligand5849-0
11,WIGFEX__ligand16628-0
12,WIGFEX__ligand30296-0
13,WIGFEX__ligand2527-0
14,WIGFEX__ligand89-0
15,WIGFEX__ligand17281-0
16,WIGFEX__ligand26540-0
17,WIGFEX__ligand29410-0
18,WIGFEX__ligand12337-0
19,WIGFEX__ligand199-0
20,WIGFEX__ligand30333-0
21,WIGFEX__ligand8464-0
22,WIGFEX__ligand12606-0
23,WIGFEX__ligand1709-0
24,WIGFEX__ligand8349-0
25,WIGFEX__ligand14297-0
26,WIGFEX__ligand14603-0
27,WIGFEX__ligand1688-0
28,WIGFEX__ligand17258-0
29,WIGFEX__ligand3647-0
30,WIGFEX__ligand5357-0
31,WIGFEX__ligand13012-0
32,WIGFEX__ligand17631-0
33,WIGFEX__ligand4850-0
34,WIGFEX__ligand5056-0
35,WIGFEX__ligand26665-0
36,WIGFEX__ligand1768-0
37,WIGFEX__ligand3871-0
38,WIGFEX__ligand31783-0
39,WIGFEX__ligand1469-0
40,WIGFEX__ligand409-0
41,WIGFEX__ligand1379-0
42,WIGFEX__ligand14723-0
43,WIGFEX__ligand3-0
44,WIGFEX__ligand2722-0
45,WIGFEX__ligand324-0
46,WIGFEX__ligand27893-0
47,WIGFEX__ligand361-0
48,WIGFEX__ligand15422-0
49,WIGFEX__ligand20578-0
50,WIGFEX__ligand12934-0
51,WIGFEX__ligand19641-0
52,WIGFEX__ligand5935-0
53,WIGFEX__ligand23713-0
54,WIGFEX__ligand18832-0
55,WIGFEX__ligand1165-0
56,WIGFEX__ligand27175-0
57,WIGFEX__ligand9525-0
58,WIGFEX__ligand3157-0
59,WIGFEX__ligand30988-0
60,WIGFEX__ligand13658-0
61,WIGFEX__ligand26702-0
62,WIGFEX__ligand4131-0
63,WIGFEX__ligand12289-0
64,WIGFEX__ligand1712-0
65,WIGFEX__ligand18292-0
66,WIGFEX__ligand12130-0
67,WIGFEX__ligand17387-0
68,WIGFEX__ligand326-0
69,WIGFEX__ligand12231-0
70,WIGFEX__ligand1-0
71,WIGFEX__ligand15585-0
72,WIGFEX__ligand12401-0
73,WIGFEX__ligand5094-0
74,WIGFEX__ligand24145-0
75,WIGFEX__ligand5892-0
76,WIGFEX__ligand10476-0
77,WIGFEX__ligand19830-0
78,WIGFEX__ligand13068-0
79,WIGFEX__ligand24185-0
80,WIGFEX__ligand23769-0
81,WIGFEX__ligand692-0
82,WIGFEX__ligand1533-0
83,WIGFEX__ligand17-0
84,WIGFEX__ligand25178-0
85,WIGFEX__ligand17302-0
86,WIGFEX__ligand436-0
87,WIGFEX__ligand17805-0
88,WIGFEX__ligand1496-0
89,WIGFEX__ligand7557-0
90,WIGFEX__ligand14108-0
91,WIGFEX__ligand2208-0
92,WIGFEX__ligand3208-0
93,WIGFEX__ligand3350-0
94,WIGFEX__ligand7573-0
95,WIGFEX__ligand2781-0
96,WIGFEX__ligand12641-0
97,WIGFEX__ligand10958-0
98,WIGFEX__ligand9809-0
99,WIGFEX__ligand6672-0
100,WIGFEX__ligand1327-0
101,WIGFEX__ligand8722-0
102,WIGFEX__ligand3029-0
103,WIGFEX__ligand7162-0
104,WIGFEX__ligand10262-0
105,WIGFEX__ligand28676-0
106,WIGFEX__ligand2328-0
107,WIGFEX__ligand1773-0
108,WIGFEX__ligand27763-0
109,WIGFEX__ligand497-0
110,WIGFEX__ligand4581-0
111,WIGFEX__ligand19057-0
112,WIGFEX__ligand18814-0
113,WIGFEX__ligand633-0
114,WIGFEX__ligand1900-0
115,WIGFEX__ligand9197-0
116,WIGFEX__ligand13425-0
117,WIGFEX__ligand29302-0
118,WIGFEX__ligand416-0
119,WIGFEX__ligand4194-0
120,WIGFEX__ligand383-0
121,WIGFEX__ligand31832-0
122,WIGFEX__ligand7532-0
123,WIGFEX__ligand13294-0
124,WIGFEX__ligand12030-0
125,WIGFEX__ligand162-0
126,WIGFEX__ligand29879-0
127,WIGFEX__ligand14248-0
128,WIGFEX__ligand2599-0
129,WIGFEX__ligand13331-0
130,WIGFEX__ligand28884-0
131,WIGFEX__ligand4330-0
132,WIGFEX__ligand226-0
133,WIGFEX__ligand3973-0
134,WIGFEX__ligand10712-0
135,WIGFEX__ligand14174-0
136,WIGFEX__ligand1147-0
137,WIGFEX__ligand11456-0
138,WIGFEX__ligand25411-0
139,WIGFEX__ligand2068-0
140,WIGFEX__ligand7925-0
141,WIGFEX__ligand13390-0
142,WIGFEX__ligand656-0
143,WIGFEX__ligand3215-0
144,WIGFEX__ligand7107-0
145,WIGFEX__ligand20682-0
146,WIGFEX__ligand27482-0
147,WIGFEX__ligand26810-0
148,WIGFEX__ligand6283-0
149,WIGFEX__ligand13208-0
150,WIGFEX__ligand696-0
151,WIGFEX__ligand6062-0
152,WIGFEX__ligand4813-0
153,WIGFEX__ligand5813-0
154,WIGFEX__ligand4738-0
155,WIGFEX__ligand430-0
156,WIGFEX__ligand29568-0
157,WIGFEX__ligand2830-0
158,WIGFEX__ligand358-0
159,WIGFEX__ligand30851-0
160,WIGFEX__ligand5627-0
161,WIGFEX__ligand14889-0
162,WIGFEX__ligand488-0
163,WIGFEX__ligand1729-0
164,WIGFEX__ligand20419-0
165,WIGFEX__ligand17118-0
166,WIGFEX__ligand5483-0
167,WIGFEX__ligand21371-0
168,WIGFEX__ligand694-0
169,WIGFEX__ligand28789-0
170,WIGFEX__ligand11-0
171,WIGFEX__ligand5316-0
172,WIGFEX__ligand9148-0
173,WIGFEX__ligand17261-0
174,WIGFEX__ligand69-0
175,WIGFEX__ligand14117-0
176,WIGFEX__ligand20539-0
177,WIGFEX__ligand7529-0
178,WIGFEX__ligand20251-0
179,WIGFEX__ligand30702-0
180,WIGFEX__ligand20214-0
181,WIGFEX__ligand21581-0
182,WIGFEX__ligand31097-0
183,WIGFEX__ligand6946-0
184,WIGFEX__ligand1415-0
185,WIGFEX__ligand670-0
186,WIGFEX__ligand6882-0
187,WIGFEX__ligand6455-0
188,WIGFEX__ligand20251-1
189,WIGFEX__ligand571-0
190,WIGFEX__ligand3934-0
191,WIGFEX__ligand534-0
192,WIGFEX__ligand14703-0
193,WIGFEX__ligand16475-0
194,WIGFEX__ligand2403-0
195,WIGFEX__ligand1065-0
196,WIGFEX__ligand17398-0
197,WIGFEX__ligand7530-0
198,WIGFEX__ligand11675-0
199,WIGFEX__ligand1449-0
200,WIGFEX__ligand20598-0
201,WIGFEX__ligand3012-0
202,WIGFEX__ligand22557-0
203,WIGFEX__ligand10589-0
204,WIGFEX__ligand24047-0
205,WIGFEX__ligand20011-0
206,WIGFEX__ligand17278-0
207,WIGFEX__ligand4332-0
208,WIGFEX__ligand29414-0
209,WIGFEX__ligand17982-0
210,WIGFEX__ligand9681-0
211,WIGFEX__ligand24064-0
212,WIGFEX__ligand23589-0
213,WIGFEX__ligand4620-0
214,WIGFEX__ligand15168-0
215,WIGFEX__ligand6067-0
216,WIGFEX__ligand1577-0
217,WIGFEX__ligand693-0
218,WIGFEX__ligand16-0
219,WIGFEX__ligand2295-0
220,WIGFEX__ligand7819-0
221,WIGFEX__ligand26277-0
222,WIGFEX__ligand2917-0
223,WIGFEX__ligand29898-0
224,WIGFEX__ligand10432-0
225,WIGFEX__ligand31618-0
226,WIGFEX__ligand11432-0
227,WIGFEX__ligand22755-0
228,WIGFEX__ligand3465-0
229,WIGFEX__ligand6102-0
230,WIGFEX__ligand6596-0
231,WIGFEX__ligand6904-0
232,WIGFEX__ligand3721-0
233,WIGFEX__ligand3234-0
234,WIGFEX__ligand1142-0
235,WIGFEX__ligand18013-0
236,WIGFEX__ligand25224-0
237,WIGFEX__ligand17945-0
238,WIGFEX__ligand17207-0
239,WIGFEX__ligand31578-0
240,WIGFEX__ligand8835-0
241,WIGFEX__ligand2028-0
242,WIGFEX__ligand7126-0
243,WIGFEX__ligand24750-0
244,WIGFEX__ligand4641-0
245,WIGFEX__ligand757-0
246,WIGFEX__ligand15438-0
247,WIGFEX__ligand28924-0
248,WIGFEX__ligand29087-0
249,WIGFEX__ligand32-0
250,WIGFEX__ligand18703-0
251,WIGFEX__ligand122-0
252,WIGFEX__ligand8721-0
253,WIGFEX__ligand1324-0
254,WIGFEX__ligand384-0
255,WIGFEX__ligand1823-0
256,WIGFEX__ligand5643-0
257,WIGFEX__ligand1615-0
258,WIGFEX__ligand5036-0
259,WIGFEX__ligand2526-0
260,WIGFEX__ligand13072-0
261,WIGFEX__ligand9111-0
262,WIGFEX__ligand12336-0
263,WIGFEX__ligand9952-0
264,WIGFEX__ligand17240-0
265,WIGFEX__ligand9601-0
266,WIGFEX__ligand48-0
267,WIGFEX__ligand17590-0
268,WIGFEX__ligand8992-0
269,WIGFEX__ligand4116-0
270,WIGFEX__ligand768-0
271,WIGFEX__ligand1018-0
272,WIGFEX__ligand7967-0
273,WIGFEX__ligand6124-0
274,WIGFEX__ligand3707-0
275,WIGFEX__ligand12682-0
276,WIGFEX__ligand18699-0
277,WIGFEX__ligand91-0
278,WIGFEX__ligand21421-0
279,WIGFEX__ligand2915-0
280,WIGFEX__ligand3156-0
281,WIGFEX__ligand11774-0
282,WIGFEX__ligand14586-0
283,WIGFEX__ligand1378-0
284,WIGFEX__ligand20579-0
285,WIGFEX__ligand17710-0
286,WIGFEX__ligand11568-0
287,WIGFEX__ligand6244-0
288,WIGFEX__ligand31483-0
289,WIGFEX__ligand2332-0
290,WIGFEX__ligand9441-0
291,WIGFEX__ligand10555-0
292,WIGFEX__ligand9933-0
293,WIGFEX__ligand1575-0
294,WIGFEX__ligand240-0
295,WIGFEX__ligand1530-0
296,WIGFEX__ligand51-0
297,WIGFEX__ligand24613-0
298,WIGFEX__ligand1631-0
299,WIGFEX__ligand141-0
300,WIGFEX__ligand19725-0
301,WIGFEX__ligand9784-0
302,WIGFEX__ligand29610-0
303,WIGFEX__ligand11140-0
304,WIGFEX__ligand7629-0
305,WIGFEX__ligand4272-0
306,WIGFEX__ligand1451-0
307,WIGFEX__ligand321-0
308,WIGFEX__ligand3954-0
309,WIGFEX__ligand185-0
310,WIGFEX__ligand4093-0
311,WIGFEX__ligand4442-0
312,WIGFEX__ligand279-0
313,WIGFEX__ligand68-0
314,WIGFEX__ligand8699-0
315,WIGFEX__ligand13869-0
316,WIGFEX__ligand1160-0
317,WIGFEX__ligand18074-0
318,WIGFEX__ligand9520-0
319,WIGFEX__ligand178-0
320,WIGFEX__ligand29863-0
321,WIGFEX__ligand4016-0
322,WIGFEX__ligand6709-0
323,WIGFEX__ligand1219-0
324,WIGFEX__ligand18799-0
325,WIGFEX__ligand201-0
326,WIGFEX__ligand18465-0
327,WIGFEX__ligand55-0
328,WIGFEX__ligand7867-0
329,WIGFEX__ligand1304-0
330,WIGFEX__ligand1790-0
331,WIGFEX__ligand7280-0
332,WIGFEX__ligand16791-0
333,WIGFEX__ligand28668-0
334,WIGFEX__ligand7238-0
335,WIGFEX__ligand1982-0
336,WIGFEX__ligand7000-0
337,WIGFEX__ligand34-0
338,WIGFEX__ligand8115-0
339,WIGFEX__ligand6768-0
340,WIGFEX__ligand1285-0
341,WIGFEX__ligand18391-0
342,WIGFEX__ligand14523-0
343,WIGFEX__ligand27169-0
344,WIGFEX__ligand27074-0
345,WIGFEX__ligand338-0
346,WIGFEX__ligand20599-0
347,WIGFEX__ligand25805-0
348,WIGFEX__ligand4546-0
349,WIGFEX__ligand22981-0
350,WIGFEX__ligand4503-0
351,WIGFEX__ligand5256-0
352,WIGFEX__ligand21936-0
353,WIGFEX__ligand9833-0
354,WIGFEX__ligand13257-0
355,WIGFEX__ligand7648-0
356,WIGFEX__ligand8876-0
357,WIGFEX__ligand2828-0
358,WIGFEX__ligand23904-0
359,WIGFEX__ligand4157-0
360,WIGFEX__ligand10084-0
361,WIGFEX__ligand2232-0
362,WIGFEX__ligand25267-0
363,WIGFEX__ligand9291-0
364,WIGFEX__ligand12467-0
365,WIGFEX__ligand2176-0
366,WIGFEX__ligand23906-0
367,WIGFEX__ligand4155-0
368,WIGFEX__ligand3094-0
369,WIGFEX__ligand845-0
370,WIGFEX__ligand11166-0
371,WIGFEX__ligand21132-0
372,WIGFEX__ligand5211-0
373,WIGFEX__ligand8969-0
374,WIGFEX__ligand3131-0
375,WIGFEX__ligand3937-0
376,WIGFEX__ligand1202-0
377,WIGFEX__ligand3174-0
378,WIGFEX__ligand30539-0
379,WIGFEX__ligand6839-0
380,WIGFEX__ligand4720-0
381,WIGFEX__ligand25689-0
382,WIGFEX__ligand126-0
383,WIGFEX__ligand3565-0
384,WIGFEX__ligand163-0
385,WIGFEX__ligand25575-0
386,WIGFEX__ligand21787-0
387,WIGFEX__ligand1512-0
388,WIGFEX__ligand5331-0
389,WIGFEX__ligand3852-0
390,WIGFEX__ligand2485-0
391,WIGFEX__ligand6919-0
392,WIGFEX__ligand27835-0
393,WIGFEX__ligand12295-0
394,WIGFEX__ligand1573-0
395,WIGFEX__ligand25650-0
396,WIGFEX__ligand1536-0
397,WIGFEX__ligand57-0
398,WIGFEX__ligand31248-0
399,WIGFEX__ligand9935-0
400,WIGFEX__ligand941-0
401,WIGFEX__ligand3504-0
402,WIGFEX__ligand596-0
403,WIGFEX__ligand1959-0
404,WIGFEX__ligand12660-0
405,WIGFEX__ligand4661-0
406,WIGFEX__ligand1844-0
407,WIGFEX__ligand777-0
408,WIGFEX__ligand3718-0
409,WIGFEX__ligand6616-0
410,WIGFEX__ligand3035-0
411,WIGFEX__ligand1343-0
412,WIGFEX__ligand3876-0
413,WIGFEX__ligand19257-0
414,WIGFEX__ligand13209-0
415,WIGFEX__ligand7106-0
416,WIGFEX__ligand12519-0
417,WIGFEX__ligand366-0
418,WIGFEX__ligand25735-0
419,WIGFEX__ligand4-0
420,WIGFEX__ligand23124-0
421,WIGFEX__ligand7242-0
422,WIGFEX__ligand11206-0
423,WIGFEX__ligand657-0
424,WIGFEX__ligand9908-0
425,WIGFEX__ligand1263-0
426,WIGFEX__ligand187-0
427,WIGFEX__ligand8-0
428,WIGFEX__ligand5180-0
429,WIGFEX__ligand447-0
430,WIGFEX__ligand746-0
431,WIGFEX__ligand5708-0
432,WIGFEX__ligand24560-0
433,WIGFEX__ligand7316-0
434,WIGFEX__ligand176-0
435,WIGFEX__ligand18757-0
436,WIGFEX__ligand66-0
437,WIGFEX__ligand24624-0
438,WIGFEX__ligand20844-0
439,WIGFEX__ligand6017-0
440,WIGFEX__ligand18413-0
441,WIGFEX__ligand2124-0
442,WIGFEX__ligand21752-0
443,WIGFEX__ligand8612-0
444,WIGFEX__ligand1116-0
445,WIGFEX__ligand1153-0
446,WIGFEX__ligand3225-0
447,WIGFEX__ligand2260-0
448,WIGFEX__ligand7092-0
449,WIGFEX__ligand9323-0
450,WIGFEX__ligand487-0
451,WIGFEX__ligand7273-0
452,WIGFEX__ligand14339-0
453,WIGFEX__ligand13691-0
454,WIGFEX__ligand30788-0
455,WIGFEX__ligand7172-0
456,WIGFEX__ligand16133-0
457,WIGFEX__ligand13755-0
458,WIGFEX__ligand3244-0
459,WIGFEX__ligand20432-0
460,WIGFEX__ligand27122-0
461,WIGFEX__ligand4711-0
462,WIGFEX__ligand506-0
463,WIGFEX__ligand2906-0
464,WIGFEX__ligand23445-0
465,WIGFEX__ligand24953-0
466,WIGFEX__ligand21940-0
467,WIGFEX__ligand25048-0
468,WIGFEX__ligand5649-0
469,WIGFEX__ligand2788-0
470,WIGFEX__ligand8793-0
471,WIGFEX__ligand4649-0
472,WIGFEX__ligand5159-0
473,WIGFEX__ligand7196-0
474,WIGFEX__ligand20557-0
475,WIGFEX__ligand30004-0
476,WIGFEX__ligand9753-0
477,WIGFEX__ligand5530-0
478,WIGFEX__ligand1787-0
479,WIGFEX__ligand1356-0
480,WIGFEX__ligand42-0
481,WIGFEX__ligand3178-0
482,WIGFEX__ligand4807-0
483,WIGFEX__ligand152-0
484,WIGFEX__ligand29214-0
485,WIGFEX__ligand9450-0
486,WIGFEX__ligand11544-0
487,WIGFEX__ligand11501-0
488,WIGFEX__ligand1599-0
489,WIGFEX__ligand21448-0
490,WIGFEX__ligand115-0
491,WIGFEX__ligand11758-0
492,WIGFEX__ligand2612-0
493,WIGFEX__ligand22357-0
494,WIGFEX__ligand20731-0
495,WIGFEX__ligand29334-0
496,WIGFEX__ligand38-0
497,WIGFEX__ligand12413-0
498,WIGFEX__ligand5387-0
499,WIGFEX__ligand11798-0
500,WIGFEX__ligand2203-0
501,WIGFEX__ligand1289-0
502,WIGFEX__ligand14477-0
503,WIGFEX__ligand833-0
504,WIGFEX__ligand17069-0
505,WIGFEX__ligand17445-0
506,WIGFEX__ligand16956-0
507,WIGFEX__ligand21339-0
508,WIGFEX__ligand14226-0
509,WIGFEX__ligand20942-1
510,WIGFEX__ligand1114-0
511,WIGFEX__ligand9284-0
512,WIGFEX__ligand6391-0
513,WIGFEX__ligand3126-0
514,WIGFEX__ligand784-0
515,WIGFEX__ligand23682-0
516,WIGFEX__ligand29565-0
517,WIGFEX__ligand27771-0
518,WIGFEX__ligand2417-0
519,WIGFEX__ligand18158-0
520,WIGFEX__ligand8788-0
521,WIGFEX__ligand1832-0
522,WIGFEX__ligand395-0
523,WIGFEX__ligand368-0
524,WIGFEX__ligand14007-0
525,WIGFEX__ligand2043-0
526,WIGFEX__ligand18019-1
527,WIGFEX__ligand27550-0
528,WIGFEX__ligand1228-0
529,WIGFEX__ligand9943-0
530,WIGFEX__ligand1604-0
531,WIGFEX__ligand813-0
532,WIGFEX__ligand20220-0
533,WIGFEX__ligand2881-0
534,WIGFEX__ligand1499-0
535,WIGFEX__ligand314-0
536,WIGFEX__ligand3712-0
537,WIGFEX__ligand1464-0
538,WIGFEX__ligand20121-0
539,WIGFEX__ligand780-0
540,WIGFEX__ligand15387-0
541,WIGFEX__ligand18-0
542,WIGFEX__ligand1211-0
543,WIGFEX__ligand29813-0
544,WIGFEX__ligand16952-0
545,WIGFEX__ligand6892-0
546,WIGFEX__ligand11479-0
547,WIGFEX__ligand27610-0
548,WIGFEX__ligand10479-0
549,WIGFEX__ligand1294-0
550,WIGFEX__ligand618-0
551,WIGFEX__ligand1168-0
552,WIGFEX__ligand3677-0
553,WIGFEX__ligand3632-0
554,WIGFEX__ligand10853-0
555,WIGFEX__ligand29441-0
556,WIGFEX__ligand24851-0
557,WIGFEX__ligand6699-0
558,WIGFEX__ligand14302-0
559,WIGFEX__ligand14347-0
560,WIGFEX__ligand13657-0
561,WIGFEX__ligand11698-0
562,WIGFEX__ligand20530-0
563,WIGFEX__ligand391-0
564,WIGFEX__ligand22353-0
565,WIGFEX__ligand9299-0
566,WIGFEX__ligand2985-0
567,WIGFEX__ligand4007-0
568,WIGFEX__ligand19906-0
569,WIGFEX__ligand3677-1
570,WIGFEX__ligand9883-0
571,WIGFEX__ligand19668-0
572,WIGFEX__ligand7291-0
573,WIGFEX__ligand465-0
574,WIGFEX__ligand8000-0
575,WIGFEX__ligand10151-0
576,WIGFEX__ligand3736-0
577,WIGFEX__ligand9344-0
578,WIGFEX__ligand2693-0
579,WIGFEX__ligand5383-0
580,WIGFEX__ligand314-1
581,WIGFEX__ligand3945-0
582,WIGFEX__ligand11252-0
583,WIGFEX__ligand6117-0
584,WIGFEX__ligand1407-0
585,WIGFEX__ligand8002-0
586,WIGFEX__ligand13260-0
587,WIGFEX__ligand5509-0
588,WIGFEX__ligand10582-0
589,WIGFEX__ligand196-0
590,WIGFEX__ligand5080-0
591,WIGFEX__ligand7762-0
592,WIGFEX__ligand18067-0
593,WIGFEX__ligand19824-0
594,WIGFEX__ligand26673-0
595,WIGFEX__ligand2238-0
596,WIGFEX__ligand5304-0
597,WIGFEX__ligand686-0
598,WIGFEX__ligand20821-0
599,WIGFEX__ligand9167-0
600,WIGFEX__ligand11606-0
601,WIGFEX__ligand7293-0
602,WIGFEX__ligand2822-0
603,WIGFEX__ligand3867-0
604,WIGFEX__ligand422-0
605,WIGFEX__ligand1317-0
606,WIGFEX__ligand31000-0
607,WIGFEX__ligand8592-0
608,WIGFEX__ligand11814-0
609,WIGFEX__ligand5099-0
610,WIGFEX__ligand1197-0
611,WIGFEX__ligand16603-0
612,WIGFEX__ligand2259-0
613,WIGFEX__ligand1296-0
614,WIGFEX__ligand393-0
615,WIGFEX__ligand16870-0
616,WIGFEX__ligand5510-0
617,WIGFEX__ligand1376-0
618,WIGFEX__ligand9773-0
619,WIGFEX__ligand11622-0
620,WIGFEX__ligand11177-0
621,WIGFEX__ligand353-0
622,WIGFEX__ligand15455-0
623,WIGFEX__ligand4101-0
624,WIGFEX__ligand5595-0
625,WIGFEX__ligand2221-0
626,WIGFEX__ligand3926-0
627,WIGFEX__ligand3120-0
628,WIGFEX__ligand31205-0
629,WIGFEX__ligand17686-0
630,WIGFEX__ligand4358-0
631,WIGFEX__ligand25658-0
632,WIGFEX__ligand4167-0
633,WIGFEX__ligand20695-0
634,WIGFEX__ligand27754-0
635,WIGFEX__ligand11111-0
636,WIGFEX__ligand9491-0
637,WIGFEX__ligand28540-0
638,WIGFEX__ligand1400-0
639,WIGFEX__ligand4266-0
640,WIGFEX__ligand370-0
641,WIGFEX__ligand16369-0
642,WIGFEX__ligand22403-0
643,WIGFEX__ligand1288-0
644,WIGFEX__ligand12003-0
645,WIGFEX__ligand1149-0
646,WIGFEX__ligand16148-0
647,WIGFEX__ligand26631-0
648,WIGFEX__ligand3980-0
649,WIGFEX__ligand3557-0
650,WIGFEX__ligand10872-0
651,WIGFEX__ligand21399-0
652,WIGFEX__ligand7075-0
653,WIGFEX__ligand250-0
654,WIGFEX__ligand9750-0
655,WIGFEX__ligand29215-0
656,WIGFEX__ligand6993-0
657,WIGFEX__ligand1817-0
658,WIGFEX__ligand1779-0
659,WIGFEX__ligand27239-0
660,WIGFEX__ligand188-0
661,WIGFEX__ligand21729-0
662,WIGFEX__ligand4063-0
663,WIGFEX__ligand7438-0
664,WIGFEX__ligand8200-0
665,WIGFEX__ligand19927-0
666,WIGFEX__ligand14043-0
667,WIGFEX__ligand26324-0
668,WIGFEX__ligand3042-0
669,WIGFEX__ligand28559-0
670,WIGFEX__ligand785-0
671,WIGFEX__ligand4207-0
672,WIGFEX__ligand311-0
673,WIGFEX__ligand11618-0
674,WIGFEX__ligand479-0
675,WIGFEX__ligand3453-0
676,WIGFEX__ligand3416-0
677,WIGFEX__ligand370-1
678,WIGFEX__ligand620-0
679,WIGFEX__ligand1150-0
680,WIGFEX__ligand26529-0
681,WIGFEX__ligand1539-0
682,WIGFEX__ligand564-0
683,WIGFEX__ligand1849-0
684,WIGFEX__ligand17427-0
685,WIGFEX__ligand1216-0
686,WIGFEX__ligand31694-0
687,WIGFEX__ligand1152-0
688,WIGFEX__ligand3261-0
689,WIGFEX__ligand5019-0
690,WIGFEX__ligand29486-0
691,WIGFEX__ligand909-0
692,WIGFEX__ligand177-0
693,WIGFEX__ligand25561-0
694,WIGFEX__ligand67-0
695,WIGFEX__ligand5515-0
696,WIGFEX__ligand11949-0
697,WIGFEX__ligand6663-0
698,WIGFEX__ligand5280-0
699,WIGFEX__ligand24780-0
700,WIGFEX__ligand5614-0
701,WIGFEX__ligand12138-0
702,WIGFEX__ligand1831-0
703,WIGFEX__ligand22129-0
704,WIGFEX__ligand43-0
705,WIGFEX__ligand24644-0
706,WIGFEX__ligand4795-0
707,WIGFEX__ligand3285-0
708,WIGFEX__ligand252-0
709,WIGFEX__ligand10033-0
710,WIGFEX__ligand116-0
711,WIGFEX__ligand12001-0
712,WIGFEX__ligand1908-0
713,WIGFEX__ligand30728-0
714,WIGFEX__ligand5630-0
715,WIGFEX__ligand27840-0
716,WIGFEX__ligand24872-0
717,WIGFEX__ligand1786-0
718,WIGFEX__ligand372-0
719,WIGFEX__ligand6112-0
720,WIGFEX__ligand8042-0
721,WIGFEX__ligand13220-0
722,WIGFEX__ligand11587-0
723,WIGFEX__ligand830-0
724,WIGFEX__ligand15788-0
725,WIGFEX__ligand1397-0
726,WIGFEX__ligand23175-0
727,WIGFEX__ligand7213-0
728,WIGFEX__ligand1828-0
729,WIGFEX__ligand17396-0
730,WIGFEX__ligand13385-0
731,WIGFEX__ligand4710-0
732,WIGFEX__ligand14569-0
733,WIGFEX__ligand5755-0
734,WIGFEX__ligand193-0
735,WIGFEX__ligand22444-0
736,WIGFEX__ligand3144-0
737,WIGFEX__ligand24111-0
738,WIGFEX__ligand5085-0
739,WIGFEX__ligand2823-0
740,WIGFEX__ligand24035-0
741,WIGFEX__ligand11994-0
742,WIGFEX__ligand31842-0
743,WIGFEX__ligand31044-0
744,WIGFEX__ligand6995-0
745,WIGFEX__ligand3180-0
746,WIGFEX__ligand16663-0
747,WIGFEX__ligand2650-0
748,WIGFEX__ligand2281-0
749,WIGFEX__ligand4340-0
750,WIGFEX__ligand14614-0
751,WIGFEX__ligand197-0
752,WIGFEX__ligand25913-0
753,WIGFEX__ligand16988-0
754,WIGFEX__ligand5415-0
755,WIGFEX__ligand3471-0
756,WIGFEX__ligand4161-0
757,WIGFEX__ligand30711-0
758,WIGFEX__ligand20207-0
759,WIGFEX__ligand4124-0
760,WIGFEX__ligand11682-0
761,WIGFEX__ligand1113-0
762,WIGFEX__ligand24230-0
763,WIGFEX__ligand11096-0
764,WIGFEX__ligand11447-0
765,WIGFEX__ligand8553-0
766,WIGFEX__ligand28810-0
767,WIGFEX__ligand10828-0
768,WIGFEX__ligand19792-0
769,WIGFEX__ligand15926-0
770,WIGFEX__ligand11970-0
771,WIGFEX__ligand783-0
772,WIGFEX__ligand352-0
773,WIGFEX__ligand5201-0
774,WIGFEX__ligand15883-0
775,WIGFEX__ligand7566-0
776,WIGFEX__ligand22294-0
777,WIGFEX__ligand868-0
778,WIGFEX__ligand28930-0
779,WIGFEX__ligand22168-0
780,WIGFEX__ligand2001-0
781,WIGFEX__ligand21919-0
782,WIGFEX__ligand10056-0
783,WIGFEX__ligand9944-0
784,WIGFEX__ligand12365-0
785,WIGFEX__ligand8593-0
786,WIGFEX__ligand15531-0
787,WIGFEX__ligand28743-0
788,WIGFEX__ligand13862-0
789,WIGFEX__ligand11357-0
790,WIGFEX__ligand23197-0
791,WIGFEX__ligand8529-0
792,WIGFEX__ligand29029-0
793,WIGFEX__ligand27285-0
794,WIGFEX__ligand134-0
795,WIGFEX__ligand1169-0
796,WIGFEX__ligand24-0
797,WIGFEX__ligand235-0
798,WIGFEX__ligand19-0
799,WIGFEX__ligand13477-0
800,WIGFEX__ligand14167-0
801,WIGFEX__ligand9615-0
802,WIGFEX__ligand560-0
803,WIGFEX__ligand27669-0
804,WIGFEX__ligand1154-0
805,WIGFEX__ligand30142-0
806,WIGFEX__ligand4596-0
807,WIGFEX__ligand1498-0
808,WIGFEX__ligand294-0
809,WIGFEX__ligand2692-0
810,WIGFEX__ligand1618-0
811,WIGFEX__ligand28459-0
812,WIGFEX__ligand78-0
813,WIGFEX__ligand18448-0
814,WIGFEX__ligand12453-0
815,WIGFEX__ligand4262-0
816,WIGFEX__ligand19184-0
817,WIGFEX__ligand1028-0
818,WIGFEX__ligand1015-0
819,WIGFEX__ligand1050-0
820,WIGFEX__ligand13672-0
821,WIGFEX__ligand2027-0
822,WIGFEX__ligand421-0
823,WIGFEX__ligand28685-0
824,WIGFEX__ligand18568-0
825,WIGFEX__ligand45-0
826,WIGFEX__ligand685-0
827,WIGFEX__ligand10371-0
