,TMC
0,QUBPUA__ligand18391-0
1,QUBPUA__ligand7819-0
2,QUBPUA__ligand670-0
3,QUBPUA__ligand2917-0
4,QUBPUA__ligand14523-0
5,QUBPUA__ligand27169-0
6,QUBPUA__ligand534-0
7,QUBPUA__ligand571-0
8,QUBPUA__ligand3465-0
9,QUBPUA__ligand20599-0
10,QUBPUA__ligand22981-0
11,QUBPUA__ligand25805-0
12,QUBPUA__ligand6102-0
13,QUBPUA__ligand6596-0
14,QUBPUA__ligand6904-0
15,QUBPUA__ligand3721-0
16,QUBPUA__ligand27074-0
17,QUBPUA__ligand23904-0
18,QUBPUA__ligand21936-0
19,QUBPUA__ligand4620-0
20,QUBPUA__ligand13257-0
21,QUBPUA__ligand12467-0
22,QUBPUA__ligand38-0
23,QUBPUA__ligand6067-0
24,QUBPUA__ligand1577-0
25,QUBPUA__ligand10084-0
26,QUBPUA__ligand2295-0
27,QUBPUA__ligand25267-0
28,QUBPUA__ligand4641-0
29,QUBPUA__ligand11140-0
30,QUBPUA__ligand430-0
31,QUBPUA__ligand358-0
32,QUBPUA__ligand29610-0
33,QUBPUA__ligand488-0
34,QUBPUA__ligand13869-0
35,QUBPUA__ligand18074-0
36,QUBPUA__ligand29863-0
37,QUBPUA__ligand694-0
38,QUBPUA__ligand3234-0
39,QUBPUA__ligand1142-0
40,QUBPUA__ligand18799-0
41,QUBPUA__ligand18465-0
42,QUBPUA__ligand28668-0
43,QUBPUA__ligand8835-0
44,QUBPUA__ligand2028-0
45,QUBPUA__ligand7126-0
46,QUBPUA__ligand16791-0
47,QUBPUA__ligand9601-0
48,QUBPUA__ligand656-0
49,QUBPUA__ligand25650-0
50,QUBPUA__ligand8992-0
51,QUBPUA__ligand66-0
52,QUBPUA__ligand31248-0
53,QUBPUA__ligand4116-0
54,QUBPUA__ligand1018-0
55,QUBPUA__ligand19257-0
56,QUBPUA__ligand13209-0
57,QUBPUA__ligand7967-0
58,QUBPUA__ligand6124-0
59,QUBPUA__ligand12660-0
60,QUBPUA__ligand3707-0
61,QUBPUA__ligand23124-0
62,QUBPUA__ligand8721-0
63,QUBPUA__ligand1324-0
64,QUBPUA__ligand11206-0
65,QUBPUA__ligand25735-0
66,QUBPUA__ligand12519-0
67,QUBPUA__ligand1823-0
68,QUBPUA__ligand5643-0
69,QUBPUA__ligand1615-0
70,QUBPUA__ligand5036-0
71,QUBPUA__ligand2526-0
72,QUBPUA__ligand696-0
73,QUBPUA__ligand9111-0
74,QUBPUA__ligand9952-0
75,QUBPUA__ligand11166-0
76,QUBPUA__ligand416-0
77,QUBPUA__ligand2332-0
78,QUBPUA__ligand21132-0
79,QUBPUA__ligand9441-0
80,QUBPUA__ligand383-0
81,QUBPUA__ligand23906-0
82,QUBPUA__ligand9933-0
83,QUBPUA__ligand1575-0
84,QUBPUA__ligand1530-0
85,QUBPUA__ligand162-0
86,QUBPUA__ligand1631-0
87,QUBPUA__ligand30539-0
88,QUBPUA__ligand226-0
89,QUBPUA__ligand42-0
90,QUBPUA__ligand2915-0
91,QUBPUA__ligand25689-0
92,QUBPUA__ligand3156-0
93,QUBPUA__ligand25575-0
94,QUBPUA__ligand21787-0
95,QUBPUA__ligand1378-0
96,QUBPUA__ligand27835-0
97,QUBPUA__ligand12295-0
98,QUBPUA__ligand6244-0
99,QUBPUA__ligand4016-0
100,QUBPUA__ligand17207-0
101,QUBPUA__ligand31578-0
102,QUBPUA__ligand6709-0
103,QUBPUA__ligand1219-0
104,QUBPUA__ligand18013-0
105,QUBPUA__ligand25224-0
106,QUBPUA__ligand17945-0
107,QUBPUA__ligand7867-0
108,QUBPUA__ligand1304-0
109,QUBPUA__ligand1790-0
110,QUBPUA__ligand7280-0
111,QUBPUA__ligand8-0
112,QUBPUA__ligand7238-0
113,QUBPUA__ligand24750-0
114,QUBPUA__ligand9784-0
115,QUBPUA__ligand15438-0
116,QUBPUA__ligand7629-0
117,QUBPUA__ligand497-0
118,QUBPUA__ligand4272-0
119,QUBPUA__ligand28924-0
120,QUBPUA__ligand1451-0
121,QUBPUA__ligand633-0
122,QUBPUA__ligand3954-0
123,QUBPUA__ligand4093-0
124,QUBPUA__ligand4442-0
125,QUBPUA__ligand18703-0
126,QUBPUA__ligand29087-0
127,QUBPUA__ligand8699-0
128,QUBPUA__ligand1160-0
129,QUBPUA__ligand9520-0
130,QUBPUA__ligand5256-0
131,QUBPUA__ligand23589-0
132,QUBPUA__ligand9833-0
133,QUBPUA__ligand7648-0
134,QUBPUA__ligand8876-0
135,QUBPUA__ligand2828-0
136,QUBPUA__ligand326-0
137,QUBPUA__ligand4157-0
138,QUBPUA__ligand24064-0
139,QUBPUA__ligand15168-0
140,QUBPUA__ligand2232-0
141,QUBPUA__ligand9291-0
142,QUBPUA__ligand2176-0
143,QUBPUA__ligand10432-0
144,QUBPUA__ligand1982-0
145,QUBPUA__ligand11432-0
146,QUBPUA__ligand7000-0
147,QUBPUA__ligand31618-0
148,QUBPUA__ligand8115-0
149,QUBPUA__ligand22755-0
150,QUBPUA__ligand6768-0
151,QUBPUA__ligand1285-0
152,QUBPUA__ligand692-0
153,QUBPUA__ligand29898-0
154,QUBPUA__ligand26277-0
155,QUBPUA__ligand436-0
156,QUBPUA__ligand4546-0
157,QUBPUA__ligand4503-0
158,QUBPUA__ligand3565-0
159,QUBPUA__ligand18-0
160,QUBPUA__ligand14586-0
161,QUBPUA__ligand11774-0
162,QUBPUA__ligand21421-0
163,QUBPUA__ligand1512-0
164,QUBPUA__ligand5331-0
165,QUBPUA__ligand17710-0
166,QUBPUA__ligand20579-0
167,QUBPUA__ligand3852-0
168,QUBPUA__ligand2485-0
169,QUBPUA__ligand11568-0
170,QUBPUA__ligand6919-0
171,QUBPUA__ligand409-0
172,QUBPUA__ligand361-0
173,QUBPUA__ligand324-0
174,QUBPUA__ligand4155-0
175,QUBPUA__ligand3094-0
176,QUBPUA__ligand31483-0
177,QUBPUA__ligand5211-0
178,QUBPUA__ligand10555-0
179,QUBPUA__ligand8969-0
180,QUBPUA__ligand3131-0
181,QUBPUA__ligand3937-0
182,QUBPUA__ligand1202-0
183,QUBPUA__ligand3174-0
184,QUBPUA__ligand6839-0
185,QUBPUA__ligand19725-0
186,QUBPUA__ligand4720-0
187,QUBPUA__ligand24613-0
188,QUBPUA__ligand7106-0
189,QUBPUA__ligand7242-0
190,QUBPUA__ligand300-0
191,QUBPUA__ligand12336-0
192,QUBPUA__ligand588-0
193,QUBPUA__ligand13072-0
194,QUBPUA__ligand9908-0
195,QUBPUA__ligand1263-0
196,QUBPUA__ligand1573-0
197,QUBPUA__ligand17590-0
198,QUBPUA__ligand1536-0
199,QUBPUA__ligand9935-0
200,QUBPUA__ligand3504-0
201,QUBPUA__ligand17240-0
202,QUBPUA__ligand199-0
203,QUBPUA__ligand1959-0
204,QUBPUA__ligand4661-0
205,QUBPUA__ligand1844-0
206,QUBPUA__ligand18699-0
207,QUBPUA__ligand12682-0
208,QUBPUA__ligand3718-0
209,QUBPUA__ligand6616-0
210,QUBPUA__ligand3035-0
211,QUBPUA__ligand1343-0
212,QUBPUA__ligand3876-0
213,QUBPUA__ligand2527-0
214,QUBPUA__ligand596-0
215,QUBPUA__ligand13390-0
216,QUBPUA__ligand941-0
217,QUBPUA__ligand20682-0
218,QUBPUA__ligand777-0
219,QUBPUA__ligand8464-0
220,QUBPUA__ligand1709-0
221,QUBPUA__ligand8349-0
222,QUBPUA__ligand366-0
223,QUBPUA__ligand1771-0
224,QUBPUA__ligand4911-0
225,QUBPUA__ligand13208-0
226,QUBPUA__ligand3392-0
227,QUBPUA__ligand27482-0
228,QUBPUA__ligand26810-0
229,QUBPUA__ligand657-0
230,QUBPUA__ligand5849-0
231,QUBPUA__ligand67-0
232,QUBPUA__ligand187-0
233,QUBPUA__ligand1379-0
234,QUBPUA__ligand31832-0
235,QUBPUA__ligand845-0
236,QUBPUA__ligand2722-0
237,QUBPUA__ligand13294-0
238,QUBPUA__ligand5935-0
239,QUBPUA__ligand13331-0
240,QUBPUA__ligand28884-0
241,QUBPUA__ligand1165-0
242,QUBPUA__ligand9525-0
243,QUBPUA__ligand43-0
244,QUBPUA__ligand12030-0
245,QUBPUA__ligand3157-0
246,QUBPUA__ligand14248-0
247,QUBPUA__ligand29879-0
248,QUBPUA__ligand1688-0
249,QUBPUA__ligand3647-0
250,QUBPUA__ligand5357-0
251,QUBPUA__ligand163-0
252,QUBPUA__ligand11456-0
253,QUBPUA__ligand126-0
254,QUBPUA__ligand4850-0
255,QUBPUA__ligand10712-0
256,QUBPUA__ligand5056-0
257,QUBPUA__ligand14174-0
258,QUBPUA__ligand1768-0
259,QUBPUA__ligand3871-0
260,QUBPUA__ligand1469-0
261,QUBPUA__ligand25411-0
262,QUBPUA__ligand20251-1
263,QUBPUA__ligand1533-0
264,QUBPUA__ligand338-0
265,QUBPUA__ligand1496-0
266,QUBPUA__ligand7557-0
267,QUBPUA__ligand14703-0
268,QUBPUA__ligand16475-0
269,QUBPUA__ligand11675-0
270,QUBPUA__ligand4131-0
271,QUBPUA__ligand20598-0
272,QUBPUA__ligand1712-0
273,QUBPUA__ligand22557-0
274,QUBPUA__ligand10589-0
275,QUBPUA__ligand24047-0
276,QUBPUA__ligand17398-0
277,QUBPUA__ligand5094-0
278,QUBPUA__ligand5892-0
279,QUBPUA__ligand17278-0
280,QUBPUA__ligand20011-0
281,QUBPUA__ligand29414-0
282,QUBPUA__ligand17982-0
283,QUBPUA__ligand30851-0
284,QUBPUA__ligand3029-0
285,QUBPUA__ligand14889-0
286,QUBPUA__ligand7162-0
287,QUBPUA__ligand29568-0
288,QUBPUA__ligand2328-0
289,QUBPUA__ligand321-0
290,QUBPUA__ligand1773-0
291,QUBPUA__ligand4581-0
292,QUBPUA__ligand185-0
293,QUBPUA__ligand1900-0
294,QUBPUA__ligand28789-0
295,QUBPUA__ligand9197-0
296,QUBPUA__ligand279-0
297,QUBPUA__ligand20419-0
298,QUBPUA__ligand17118-0
299,QUBPUA__ligand21371-0
300,QUBPUA__ligand178-0
301,QUBPUA__ligand2208-0
302,QUBPUA__ligand3208-0
303,QUBPUA__ligand17261-0
304,QUBPUA__ligand14117-0
305,QUBPUA__ligand201-0
306,QUBPUA__ligand3350-0
307,QUBPUA__ligand7573-0
308,QUBPUA__ligand2781-0
309,QUBPUA__ligand31097-0
310,QUBPUA__ligand21581-0
311,QUBPUA__ligand9809-0
312,QUBPUA__ligand6672-0
313,QUBPUA__ligand20539-0
314,QUBPUA__ligand1327-0
315,QUBPUA__ligand8722-0
316,QUBPUA__ligand20214-0
317,QUBPUA__ligand30702-0
318,QUBPUA__ligand20251-0
319,QUBPUA__ligand13012-0
320,QUBPUA__ligand17631-0
321,QUBPUA__ligand3973-0
322,QUBPUA__ligand26665-0
323,QUBPUA__ligand14603-0
324,QUBPUA__ligand14297-0
325,QUBPUA__ligand1147-0
326,QUBPUA__ligand17258-0
327,QUBPUA__ligand24-0
328,QUBPUA__ligand31783-0
329,QUBPUA__ligand2068-0
330,QUBPUA__ligand7925-0
331,QUBPUA__ligand20578-0
332,QUBPUA__ligand12934-0
333,QUBPUA__ligand15422-0
334,QUBPUA__ligand4194-0
335,QUBPUA__ligand19641-0
336,QUBPUA__ligand14723-0
337,QUBPUA__ligand7532-0
338,QUBPUA__ligand27893-0
339,QUBPUA__ligand30988-0
340,QUBPUA__ligand240-0
341,QUBPUA__ligand19-0
342,QUBPUA__ligand23713-0
343,QUBPUA__ligand2599-0
344,QUBPUA__ligand27175-0
345,QUBPUA__ligand18832-0
346,QUBPUA__ligand4330-0
347,QUBPUA__ligand141-0
348,QUBPUA__ligand27460-0
349,QUBPUA__ligand6283-0
350,QUBPUA__ligand384-0
351,QUBPUA__ligand6062-0
352,QUBPUA__ligand16628-0
353,QUBPUA__ligand4813-0
354,QUBPUA__ligand12427-0
355,QUBPUA__ligand78-0
356,QUBPUA__ligand5813-0
357,QUBPUA__ligand20740-0
358,QUBPUA__ligand28468-0
359,QUBPUA__ligand4738-0
360,QUBPUA__ligand26540-0
361,QUBPUA__ligand45-0
362,QUBPUA__ligand29410-0
363,QUBPUA__ligand12337-0
364,QUBPUA__ligand3215-0
365,QUBPUA__ligand30296-0
366,QUBPUA__ligand17281-0
367,QUBPUA__ligand7107-0
368,QUBPUA__ligand12606-0
369,QUBPUA__ligand768-0
370,QUBPUA__ligand30333-0
371,QUBPUA__ligand9148-0
372,QUBPUA__ligand14108-0
373,QUBPUA__ligand10958-0
374,QUBPUA__ligand7529-0
375,QUBPUA__ligand12641-0
376,QUBPUA__ligand6946-0
377,QUBPUA__ligand1415-0
378,QUBPUA__ligand28676-0
379,QUBPUA__ligand10262-0
380,QUBPUA__ligand2830-0
381,QUBPUA__ligand757-0
382,QUBPUA__ligand27763-0
383,QUBPUA__ligand5627-0
384,QUBPUA__ligand1729-0
385,QUBPUA__ligand5483-0
386,QUBPUA__ligand13425-0
387,QUBPUA__ligand29302-0
388,QUBPUA__ligand19057-0
389,QUBPUA__ligand18814-0
390,QUBPUA__ligand5316-0
391,QUBPUA__ligand122-0
392,QUBPUA__ligand1065-0
393,QUBPUA__ligand12231-0
394,QUBPUA__ligand7530-0
395,QUBPUA__ligand26702-0
396,QUBPUA__ligand13658-0
397,QUBPUA__ligand18292-0
398,QUBPUA__ligand1449-0
399,QUBPUA__ligand12289-0
400,QUBPUA__ligand3012-0
401,QUBPUA__ligand12130-0
402,QUBPUA__ligand17387-0
403,QUBPUA__ligand10476-0
404,QUBPUA__ligand4332-0
405,QUBPUA__ligand13068-0
406,QUBPUA__ligand19830-0
407,QUBPUA__ligand12401-0
408,QUBPUA__ligand15585-0
409,QUBPUA__ligand693-0
410,QUBPUA__ligand24145-0
411,QUBPUA__ligand9681-0
412,QUBPUA__ligand25178-0
413,QUBPUA__ligand6882-0
414,QUBPUA__ligand6455-0
415,QUBPUA__ligand24185-0
416,QUBPUA__ligand23769-0
417,QUBPUA__ligand3934-0
418,QUBPUA__ligand17805-0
419,QUBPUA__ligand2403-0
420,QUBPUA__ligand17302-0
421,QUBPUA__ligand10828-0
422,QUBPUA__ligand1149-0
423,QUBPUA__ligand19792-0
424,QUBPUA__ligand15926-0
425,QUBPUA__ligand3980-0
426,QUBPUA__ligand3557-0
427,QUBPUA__ligand24230-0
428,QUBPUA__ligand7075-0
429,QUBPUA__ligand11096-0
430,QUBPUA__ligand11447-0
431,QUBPUA__ligand28810-0
432,QUBPUA__ligand393-0
433,QUBPUA__ligand15883-0
434,QUBPUA__ligand9750-0
435,QUBPUA__ligand11970-0
436,QUBPUA__ligand6993-0
437,QUBPUA__ligand1817-0
438,QUBPUA__ligand1779-0
439,QUBPUA__ligand4167-0
440,QUBPUA__ligand353-0
441,QUBPUA__ligand21919-0
442,QUBPUA__ligand9491-0
443,QUBPUA__ligand22294-0
444,QUBPUA__ligand22168-0
445,QUBPUA__ligand1400-0
446,QUBPUA__ligand4266-0
447,QUBPUA__ligand28930-0
448,QUBPUA__ligand28743-0
449,QUBPUA__ligand15531-0
450,QUBPUA__ligand11357-0
451,QUBPUA__ligand13862-0
452,QUBPUA__ligand12365-0
453,QUBPUA__ligand10056-0
454,QUBPUA__ligand17-0
455,QUBPUA__ligand1288-0
456,QUBPUA__ligand4207-0
457,QUBPUA__ligand11994-0
458,QUBPUA__ligand31044-0
459,QUBPUA__ligand31842-0
460,QUBPUA__ligand3453-0
461,QUBPUA__ligand3416-0
462,QUBPUA__ligand24035-0
463,QUBPUA__ligand1150-0
464,QUBPUA__ligand196-0
465,QUBPUA__ligand14614-0
466,QUBPUA__ligand1539-0
467,QUBPUA__ligand16663-0
468,QUBPUA__ligand686-0
469,QUBPUA__ligand4063-0
470,QUBPUA__ligand25913-0
471,QUBPUA__ligand7438-0
472,QUBPUA__ligand8200-0
473,QUBPUA__ligand16988-0
474,QUBPUA__ligand422-0
475,QUBPUA__ligand20207-0
476,QUBPUA__ligand30711-0
477,QUBPUA__ligand11682-0
478,QUBPUA__ligand3042-0
479,QUBPUA__ligand28459-0
480,QUBPUA__ligand49-0
481,QUBPUA__ligand12453-0
482,QUBPUA__ligand18448-0
483,QUBPUA__ligand5515-0
484,QUBPUA__ligand6663-0
485,QUBPUA__ligand5280-0
486,QUBPUA__ligand465-0
487,QUBPUA__ligand5614-0
488,QUBPUA__ligand1831-0
489,QUBPUA__ligand19184-0
490,QUBPUA__ligand1849-0
491,QUBPUA__ligand18568-0
492,QUBPUA__ligand28685-0
493,QUBPUA__ligand13672-0
494,QUBPUA__ligand10371-0
495,QUBPUA__ligand1216-0
496,QUBPUA__ligand89-0
497,QUBPUA__ligand314-1
498,QUBPUA__ligand1152-0
499,QUBPUA__ligand3261-0
500,QUBPUA__ligand5019-0
501,QUBPUA__ligand6112-0
502,QUBPUA__ligand813-0
503,QUBPUA__ligand8042-0
504,QUBPUA__ligand1397-0
505,QUBPUA__ligand780-0
506,QUBPUA__ligand7213-0
507,QUBPUA__ligand314-0
508,QUBPUA__ligand23197-0
509,QUBPUA__ligand1828-0
510,QUBPUA__ligand4710-0
511,QUBPUA__ligand5755-0
512,QUBPUA__ligand29029-0
513,QUBPUA__ligand27285-0
514,QUBPUA__ligand3144-0
515,QUBPUA__ligand5085-0
516,QUBPUA__ligand27669-0
517,QUBPUA__ligand4795-0
518,QUBPUA__ligand3285-0
519,QUBPUA__ligand30142-0
520,QUBPUA__ligand618-0
521,QUBPUA__ligand13477-0
522,QUBPUA__ligand14167-0
523,QUBPUA__ligand1908-0
524,QUBPUA__ligand5630-0
525,QUBPUA__ligand391-0
526,QUBPUA__ligand1786-0
527,QUBPUA__ligand5415-0
528,QUBPUA__ligand11-0
529,QUBPUA__ligand27239-0
530,QUBPUA__ligand21729-0
531,QUBPUA__ligand3471-0
532,QUBPUA__ligand4161-0
533,QUBPUA__ligand4124-0
534,QUBPUA__ligand784-0
535,QUBPUA__ligand14043-0
536,QUBPUA__ligand26324-0
537,QUBPUA__ligand28559-0
538,QUBPUA__ligand19927-0
539,QUBPUA__ligand2823-0
540,QUBPUA__ligand395-0
541,QUBPUA__ligand11618-0
542,QUBPUA__ligand368-0
543,QUBPUA__ligand6995-0
544,QUBPUA__ligand69-0
545,QUBPUA__ligand26529-0
546,QUBPUA__ligand3180-0
547,QUBPUA__ligand2650-0
548,QUBPUA__ligand2281-0
549,QUBPUA__ligand4340-0
550,QUBPUA__ligand11111-0
551,QUBPUA__ligand7566-0
552,QUBPUA__ligand28540-0
553,QUBPUA__ligand16369-0
554,QUBPUA__ligand2001-0
555,QUBPUA__ligand20695-0
556,QUBPUA__ligand27754-0
557,QUBPUA__ligand9944-0
558,QUBPUA__ligand8593-0
559,QUBPUA__ligand115-0
560,QUBPUA__ligand22403-0
561,QUBPUA__ligand10872-0
562,QUBPUA__ligand1113-0
563,QUBPUA__ligand21399-0
564,QUBPUA__ligand8553-0
565,QUBPUA__ligand12003-0
566,QUBPUA__ligand16148-0
567,QUBPUA__ligand26631-0
568,QUBPUA__ligand833-0
569,QUBPUA__ligand5201-0
570,QUBPUA__ligand3-0
571,QUBPUA__ligand29215-0
572,QUBPUA__ligand9615-0
573,QUBPUA__ligand12001-0
574,QUBPUA__ligand24644-0
575,QUBPUA__ligand1154-0
576,QUBPUA__ligand10033-0
577,QUBPUA__ligand506-0
578,QUBPUA__ligand4596-0
579,QUBPUA__ligand1-0
580,QUBPUA__ligand24872-0
581,QUBPUA__ligand1498-0
582,QUBPUA__ligand30728-0
583,QUBPUA__ligand27840-0
584,QUBPUA__ligand15788-0
585,QUBPUA__ligand23175-0
586,QUBPUA__ligand17396-0
587,QUBPUA__ligand13220-0
588,QUBPUA__ligand11587-0
589,QUBPUA__ligand8529-0
590,QUBPUA__ligand22444-0
591,QUBPUA__ligand1169-0
592,QUBPUA__ligand24111-0
593,QUBPUA__ligand13385-0
594,QUBPUA__ligand152-0
595,QUBPUA__ligand14569-0
596,QUBPUA__ligand447-0
597,QUBPUA__ligand1015-0
598,QUBPUA__ligand1050-0
599,QUBPUA__ligand17427-0
600,QUBPUA__ligand746-0
601,QUBPUA__ligand2027-0
602,QUBPUA__ligand29486-0
603,QUBPUA__ligand176-0
604,QUBPUA__ligand31694-0
605,QUBPUA__ligand2692-0
606,QUBPUA__ligand1618-0
607,QUBPUA__ligand25561-0
608,QUBPUA__ligand24780-0
609,QUBPUA__ligand12138-0
610,QUBPUA__ligand4262-0
611,QUBPUA__ligand22129-0
612,QUBPUA__ligand487-0
613,QUBPUA__ligand11949-0
614,QUBPUA__ligand1028-0
615,QUBPUA__ligand294-0
616,QUBPUA__ligand2124-0
617,QUBPUA__ligand8612-0
618,QUBPUA__ligand1116-0
619,QUBPUA__ligand1153-0
620,QUBPUA__ligand3225-0
621,QUBPUA__ligand2260-0
622,QUBPUA__ligand7092-0
623,QUBPUA__ligand22353-0
624,QUBPUA__ligand9323-0
625,QUBPUA__ligand7273-0
626,QUBPUA__ligand19906-0
627,QUBPUA__ligand7172-0
628,QUBPUA__ligand19668-0
629,QUBPUA__ligand5180-0
630,QUBPUA__ligand421-0
631,QUBPUA__ligand10151-0
632,QUBPUA__ligand5708-0
633,QUBPUA__ligand685-0
634,QUBPUA__ligand48-0
635,QUBPUA__ligand7316-0
636,QUBPUA__ligand6017-0
637,QUBPUA__ligand20121-0
638,QUBPUA__ligand5159-0
639,QUBPUA__ligand7196-0
640,QUBPUA__ligand15387-0
641,QUBPUA__ligand20220-0
642,QUBPUA__ligand9753-0
643,QUBPUA__ligand5530-0
644,QUBPUA__ligand1787-0
645,QUBPUA__ligand1356-0
646,QUBPUA__ligand29813-0
647,QUBPUA__ligand134-0
648,QUBPUA__ligand16952-0
649,QUBPUA__ligand3178-0
650,QUBPUA__ligand91-0
651,QUBPUA__ligand235-0
652,QUBPUA__ligand4807-0
653,QUBPUA__ligand51-0
654,QUBPUA__ligand3244-0
655,QUBPUA__ligand4711-0
656,QUBPUA__ligand10853-0
657,QUBPUA__ligand560-0
658,QUBPUA__ligand29441-0
659,QUBPUA__ligand11479-0
660,QUBPUA__ligand10479-0
661,QUBPUA__ligand27610-0
662,QUBPUA__ligand2906-0
663,QUBPUA__ligand14347-0
664,QUBPUA__ligand13657-0
665,QUBPUA__ligand14302-0
666,QUBPUA__ligand11698-0
667,QUBPUA__ligand20530-0
668,QUBPUA__ligand5649-0
669,QUBPUA__ligand2788-0
670,QUBPUA__ligand8793-0
671,QUBPUA__ligand24851-0
672,QUBPUA__ligand4649-0
673,QUBPUA__ligand16603-0
674,QUBPUA__ligand11814-0
675,QUBPUA__ligand5387-0
676,QUBPUA__ligand2203-0
677,QUBPUA__ligand16-0
678,QUBPUA__ligand1289-0
679,QUBPUA__ligand11622-0
680,QUBPUA__ligand783-0
681,QUBPUA__ligand352-0
682,QUBPUA__ligand16870-0
683,QUBPUA__ligand15455-0
684,QUBPUA__ligand868-0
685,QUBPUA__ligand11177-0
686,QUBPUA__ligand9450-0
687,QUBPUA__ligand1599-0
688,QUBPUA__ligand31205-0
689,QUBPUA__ligand17686-0
690,QUBPUA__ligand25658-0
691,QUBPUA__ligand2612-0
692,QUBPUA__ligand13260-0
693,QUBPUA__ligand8788-0
694,QUBPUA__ligand1832-0
695,QUBPUA__ligand10582-0
696,QUBPUA__ligand2043-0
697,QUBPUA__ligand11252-0
698,QUBPUA__ligand18067-0
699,QUBPUA__ligand1228-0
700,QUBPUA__ligand9943-0
701,QUBPUA__ligand19824-0
702,QUBPUA__ligand1604-0
703,QUBPUA__ligand32-0
704,QUBPUA__ligand20821-0
705,QUBPUA__ligand1114-0
706,QUBPUA__ligand197-0
707,QUBPUA__ligand26673-0
708,QUBPUA__ligand9284-0
709,QUBPUA__ligand6391-0
710,QUBPUA__ligand3126-0
711,QUBPUA__ligand31000-0
712,QUBPUA__ligand11606-0
713,QUBPUA__ligand2417-0
714,QUBPUA__ligand4-0
715,QUBPUA__ligand252-0
716,QUBPUA__ligand1294-0
717,QUBPUA__ligand1168-0
718,QUBPUA__ligand24953-0
719,QUBPUA__ligand23445-0
720,QUBPUA__ligand116-0
721,QUBPUA__ligand16133-0
722,QUBPUA__ligand13755-0
723,QUBPUA__ligand3677-0
724,QUBPUA__ligand3632-0
725,QUBPUA__ligand20432-0
726,QUBPUA__ligand27122-0
727,QUBPUA__ligand6699-0
728,QUBPUA__ligand21940-0
729,QUBPUA__ligand25048-0
730,QUBPUA__ligand2881-0
731,QUBPUA__ligand372-0
732,QUBPUA__ligand1499-0
733,QUBPUA__ligand3712-0
734,QUBPUA__ligand1464-0
735,QUBPUA__ligand830-0
736,QUBPUA__ligand30004-0
737,QUBPUA__ligand20557-0
738,QUBPUA__ligand1211-0
739,QUBPUA__ligand6892-0
740,QUBPUA__ligand193-0
741,QUBPUA__ligand8000-0
742,QUBPUA__ligand3736-0
743,QUBPUA__ligand9344-0
744,QUBPUA__ligand2693-0
745,QUBPUA__ligand5383-0
746,QUBPUA__ligand24624-0
747,QUBPUA__ligand57-0
748,QUBPUA__ligand18413-0
749,QUBPUA__ligand20844-0
750,QUBPUA__ligand3945-0
751,QUBPUA__ligand24560-0
752,QUBPUA__ligand909-0
753,QUBPUA__ligand18757-0
754,QUBPUA__ligand177-0
755,QUBPUA__ligand9299-0
756,QUBPUA__ligand21752-0
757,QUBPUA__ligand2985-0
758,QUBPUA__ligand4007-0
759,QUBPUA__ligand13691-0
760,QUBPUA__ligand30788-0
761,QUBPUA__ligand3677-1
762,QUBPUA__ligand9883-0
763,QUBPUA__ligand7291-0
764,QUBPUA__ligand14339-0
765,QUBPUA__ligand68-0
766,QUBPUA__ligand2238-0
767,QUBPUA__ligand188-0
768,QUBPUA__ligand21339-0
769,QUBPUA__ligand14226-0
770,QUBPUA__ligand5304-0
771,QUBPUA__ligand16956-0
772,QUBPUA__ligand20942-1
773,QUBPUA__ligand9167-0
774,QUBPUA__ligand27771-0
775,QUBPUA__ligand7293-0
776,QUBPUA__ligand2822-0
777,QUBPUA__ligand3867-0
778,QUBPUA__ligand1317-0
779,QUBPUA__ligand18158-0
780,QUBPUA__ligand23682-0
781,QUBPUA__ligand29565-0
782,QUBPUA__ligand311-0
783,QUBPUA__ligand14007-0
784,QUBPUA__ligand785-0
785,QUBPUA__ligand479-0
786,QUBPUA__ligand18019-1
787,QUBPUA__ligand6117-0
788,QUBPUA__ligand1407-0
789,QUBPUA__ligand8002-0
790,QUBPUA__ligand5509-0
791,QUBPUA__ligand370-1
792,QUBPUA__ligand5080-0
793,QUBPUA__ligand7762-0
794,QUBPUA__ligand620-0
795,QUBPUA__ligand55-0
796,QUBPUA__ligand27550-0
797,QUBPUA__ligand564-0
798,QUBPUA__ligand11501-0
799,QUBPUA__ligand11544-0
800,QUBPUA__ligand4101-0
801,QUBPUA__ligand5595-0
802,QUBPUA__ligand370-0
803,QUBPUA__ligand29214-0
804,QUBPUA__ligand2221-0
805,QUBPUA__ligand34-0
806,QUBPUA__ligand11758-0
807,QUBPUA__ligand22357-0
808,QUBPUA__ligand3926-0
809,QUBPUA__ligand3120-0
810,QUBPUA__ligand21448-0
811,QUBPUA__ligand4358-0
812,QUBPUA__ligand8592-0
813,QUBPUA__ligand5099-0
814,QUBPUA__ligand11798-0
815,QUBPUA__ligand1197-0
816,QUBPUA__ligand20731-0
817,QUBPUA__ligand2259-0
818,QUBPUA__ligand29334-0
819,QUBPUA__ligand250-0
820,QUBPUA__ligand12413-0
821,QUBPUA__ligand1296-0
822,QUBPUA__ligand17445-0
823,QUBPUA__ligand5510-0
824,QUBPUA__ligand14477-0
825,QUBPUA__ligand1376-0
826,QUBPUA__ligand17069-0
827,QUBPUA__ligand9773-0
