,TMC
0,CONFER__ligand278-0
1,CONFER__ligand6277-0
2,CONFER__ligand1951-0
3,CONFER__ligand51-0
4,CONFER__ligand365-0
5,CONFER__ligand1687-0
6,CONFER__ligand29-0
7,CONFER__ligand358-0
8,CONFER__ligand430-0
9,CONFER__ligand2688-0
10,CONFER__ligand91-0
11,CONFER__ligand2259-0
12,CONFER__ligand669-0
13,CONFER__ligand2768-0
14,CONFER__ligand1376-0
15,CONFER__ligand48-0
16,CONFER__ligand509-0
17,CONFER__ligand670-0
18,CONFER__ligand118-0
19,CONFER__ligand1706-0
20,CONFER__ligand571-0
21,CONFER__ligand3734-0
22,CONFER__ligand2629-0
23,CONFER__ligand4381-0
24,CONFER__ligand1171-0
25,CONFER__ligand32-0
26,CONFER__ligand5801-0
27,CONFER__ligand383-0
28,CONFER__ligand162-0
29,CONFER__ligand226-0
30,CONFER__ligand1438-0
31,CONFER__ligand3063-0
32,CONFER__ligand1544-0
33,CONFER__ligand15630-0
34,CONFER__ligand1459-0
35,CONFER__ligand10357-0
36,CONFER__ligand1048-0
37,CONFER__ligand2087-0
38,CONFER__ligand3757-0
39,CONFER__ligand1685-0
40,CONFER__ligand142-0
41,CONFER__ligand206-0
42,CONFER__ligand436-0
43,CONFER__ligand1228-0
44,CONFER__ligand9244-0
45,CONFER__ligand1114-0
46,CONFER__ligand821-0
47,CONFER__ligand57-0
48,CONFER__ligand326-0
49,CONFER__ligand1538-0
50,CONFER__ligand553-0
51,CONFER__ligand283-0
52,CONFER__ligand73-0
53,CONFER__ligand497-0
54,CONFER__ligand3246-0
55,CONFER__ligand918-0
56,CONFER__ligand633-0
57,CONFER__ligand532-0
58,CONFER__ligand1479-0
59,CONFER__ligand166-0
60,CONFER__ligand838-0
61,CONFER__ligand1148-0
62,CONFER__ligand6502-0
63,CONFER__ligand927-0
64,CONFER__ligand2098-0
65,CONFER__ligand2863-0
66,CONFER__ligand199-0
67,CONFER__ligand3178-0
68,CONFER__ligand6332-0
69,CONFER__ligand3145-0
70,CONFER__ligand34-0
71,CONFER__ligand5548-0
72,CONFER__ligand575-0
73,CONFER__ligand7915-0
74,CONFER__ligand6686-0
75,CONFER__ligand1747-0
76,CONFER__ligand55-0
77,CONFER__ligand324-0
78,CONFER__ligand361-0
79,CONFER__ligand409-0
80,CONFER__ligand2751-0
81,CONFER__ligand3041-0
82,CONFER__ligand140-0
83,CONFER__ligand105-0
84,CONFER__ligand95-0
85,CONFER__ligand2634-0
86,CONFER__ligand1542-0
87,CONFER__ligand126-0
88,CONFER__ligand2864-0
89,CONFER__ligand2142-0
90,CONFER__ligand10910-0
91,CONFER__ligand6151-0
92,CONFER__ligand2772-0
93,CONFER__ligand9495-0
94,CONFER__ligand6538-0
95,CONFER__ligand17-0
96,CONFER__ligand366-0
97,CONFER__ligand861-0
98,CONFER__ligand612-0
99,CONFER__ligand5941-0
100,CONFER__ligand2880-0
101,CONFER__ligand2838-0
102,CONFER__ligand3838-0
103,CONFER__ligand1799-0
104,CONFER__ligand187-0
105,CONFER__ligand14530-0
106,CONFER__ligand596-0
107,CONFER__ligand1169-0
108,CONFER__ligand92-0
109,CONFER__ligand5022-0
110,CONFER__ligand100-0
111,CONFER__ligand10479-0
112,CONFER__ligand2345-0
113,CONFER__ligand2794-0
114,CONFER__ligand1835-0
115,CONFER__ligand201-0
116,CONFER__ligand244-0
117,CONFER__ligand4983-0
118,CONFER__ligand1502-0
119,CONFER__ligand8-0
120,CONFER__ligand1113-0
121,CONFER__ligand2265-0
122,CONFER__ligand321-0
123,CONFER__ligand6396-0
124,CONFER__ligand279-0
125,CONFER__ligand9027-0
126,CONFER__ligand178-0
127,CONFER__ligand1273-0
128,CONFER__ligand10114-0
129,CONFER__ligand89-0
130,CONFER__ligand119-0
131,CONFER__ligand1052-0
132,CONFER__ligand124-0
133,CONFER__ligand49-0
134,CONFER__ligand1703-0
135,CONFER__ligand2430-0
136,CONFER__ligand2907-0
137,CONFER__ligand8921-0
138,CONFER__ligand2285-0
139,CONFER__ligand1567-0
140,CONFER__ligand384-0
141,CONFER__ligand2510-0
142,CONFER__ligand2320-0
143,CONFER__ligand1056-0
144,CONFER__ligand120-0
145,CONFER__ligand2862-0
146,CONFER__ligand1607-0
147,CONFER__ligand240-0
148,CONFER__ligand141-0
149,CONFER__ligand1727-0
150,CONFER__ligand11-0
151,CONFER__ligand1152-0
152,CONFER__ligand3637-0
153,CONFER__ligand8774-0
154,CONFER__ligand1598-0
155,CONFER__ligand757-0
156,CONFER__ligand4303-0
157,CONFER__ligand1248-0
158,CONFER__ligand6294-0
159,CONFER__ligand1054-0
160,CONFER__ligand797-0
161,CONFER__ligand7464-0
162,CONFER__ligand113-0
163,CONFER__ligand1321-0
164,CONFER__ligand422-0
165,CONFER__ligand1178-0
166,CONFER__ligand3566-0
167,CONFER__ligand1788-0
168,CONFER__ligand196-0
169,CONFER__ligand502-0
170,CONFER__ligand9620-0
171,CONFER__ligand353-0
172,CONFER__ligand67-0
173,CONFER__ligand1260-0
174,CONFER__ligand4894-0
175,CONFER__ligand236-0
176,CONFER__ligand3337-0
177,CONFER__ligand7514-0
178,CONFER__ligand1449-1
179,CONFER__ligand4811-0
180,CONFER__ligand170-0
181,CONFER__ligand1307-0
182,CONFER__ligand391-0
183,CONFER__ligand481-0
184,CONFER__ligand314-0
185,CONFER__ligand1246-0
186,CONFER__ligand6166-0
187,CONFER__ligand210-0
188,CONFER__ligand3853-0
189,CONFER__ligand2853-0
190,CONFER__ligand5089-0
191,CONFER__ligand2599-0
192,CONFER__ligand8032-0
193,CONFER__ligand291-0
194,CONFER__ligand1858-0
195,CONFER__ligand45-0
196,CONFER__ligand5334-0
197,CONFER__ligand78-0
198,CONFER__ligand85-0
199,CONFER__ligand115-0
200,CONFER__ligand2315-0
201,CONFER__ligand1898-0
202,CONFER__ligand3051-0
203,CONFER__ligand4504-0
204,CONFER__ligand2480-0
205,CONFER__ligand1919-0
206,CONFER__ligand2389-0
207,CONFER__ligand1712-0
208,CONFER__ligand4-0
209,CONFER__ligand2110-0
210,CONFER__ligand2916-0
211,CONFER__ligand355-0
212,CONFER__ligand784-0
213,CONFER__ligand3579-0
214,CONFER__ligand485-0
215,CONFER__ligand1379-0
216,CONFER__ligand522-0
217,CONFER__ligand666-0
218,CONFER__ligand487-0
219,CONFER__ligand1299-0
220,CONFER__ligand6430-0
221,CONFER__ligand6-0
222,CONFER__ligand1264-0
223,CONFER__ligand1221-0
224,CONFER__ligand2929-0
225,CONFER__ligand447-0
226,CONFER__ligand133-0
227,CONFER__ligand2376-0
228,CONFER__ligand1325-0
229,CONFER__ligand2482-0
230,CONFER__ligand682-0
231,CONFER__ligand6571-0
232,CONFER__ligand1019-0
233,CONFER__ligand2442-0
234,CONFER__ligand7414-0
235,CONFER__ligand5762-0
236,CONFER__ligand1104-0
237,CONFER__ligand525-0
238,CONFER__ligand560-0
239,CONFER__ligand5235-0
240,CONFER__ligand6143-0
241,CONFER__ligand4619-0
242,CONFER__ligand109-0
243,CONFER__ligand3251-0
244,CONFER__ligand1-0
245,CONFER__ligand21-0
246,CONFER__ligand9176-0
247,CONFER__ligand390-0
248,CONFER__ligand1493-0
249,CONFER__ligand134-0
250,CONFER__ligand932-0
251,CONFER__ligand3035-0
252,CONFER__ligand3070-0
253,CONFER__ligand2718-0
254,CONFER__ligand235-0
255,CONFER__ligand5758-0
256,CONFER__ligand798-0
257,CONFER__ligand38-0
258,CONFER__ligand421-0
259,CONFER__ligand3852-0
260,CONFER__ligand3478-0
261,CONFER__ligand584-0
262,CONFER__ligand916-0
263,CONFER__ligand294-0
264,CONFER__ligand1818-0
265,CONFER__ligand993-0
266,CONFER__ligand331-0
267,CONFER__ligand40-0
268,CONFER__ligand7456-0
269,CONFER__ligand197-0
270,CONFER__ligand296-0
271,CONFER__ligand3890-0
272,CONFER__ligand1907-0
273,CONFER__ligand4423-0
274,CONFER__ligand1555-0
275,CONFER__ligand1285-0
276,CONFER__ligand112-0
277,CONFER__ligand7630-0
278,CONFER__ligand868-0
279,CONFER__ligand442-0
280,CONFER__ligand136-0
281,CONFER__ligand7550-0
282,CONFER__ligand1038-0
283,CONFER__ligand2762-0
284,CONFER__ligand352-0
285,CONFER__ligand783-0
286,CONFER__ligand66-0
287,CONFER__ligand5093-0
288,CONFER__ligand2954-0
289,CONFER__ligand3-0
290,CONFER__ligand2253-0
291,CONFER__ligand1160-0
292,CONFER__ligand177-0
293,CONFER__ligand934-0
294,CONFER__ligand3196-0
295,CONFER__ligand4012-0
296,CONFER__ligand851-0
297,CONFER__ligand62-0
298,CONFER__ligand2915-0
299,CONFER__ligand909-0
300,CONFER__ligand1690-0
301,CONFER__ligand830-0
302,CONFER__ligand193-0
303,CONFER__ligand2707-0
304,CONFER__ligand252-0
305,CONFER__ligand955-0
306,CONFER__ligand86-0
307,CONFER__ligand2526-0
308,CONFER__ligand1551-0
309,CONFER__ligand250-0
310,CONFER__ligand4370-0
311,CONFER__ligand460-0
312,CONFER__ligand370-0
313,CONFER__ligand3618-0
314,CONFER__ligand2618-0
315,CONFER__ligand1436-0
316,CONFER__ligand311-0
317,CONFER__ligand2255-0
318,CONFER__ligand4175-0
319,CONFER__ligand11730-0
320,CONFER__ligand188-0
321,CONFER__ligand1918-0
322,CONFER__ligand444-0
323,CONFER__ligand369-0
324,CONFER__ligand18-0
