,TMC
0,LESWEL__ligand9197-0
1,LESWEL__ligand1900-0
2,LESWEL__ligand17261-0
3,LESWEL__ligand14117-0
4,LESWEL__ligand4581-0
5,LESWEL__ligand1773-0
6,LESWEL__ligand152-0
7,LESWEL__ligand2328-0
8,LESWEL__ligand21581-0
9,LESWEL__ligand31097-0
10,LESWEL__ligand20539-0
11,LESWEL__ligand7162-0
12,LESWEL__ligand3029-0
13,LESWEL__ligand30702-0
14,LESWEL__ligand20214-0
15,LESWEL__ligand20251-0
16,LESWEL__ligand30851-0
17,LESWEL__ligand14889-0
18,LESWEL__ligand8722-0
19,LESWEL__ligand506-0
20,LESWEL__ligand1327-0
21,LESWEL__ligand9809-0
22,LESWEL__ligand6672-0
23,LESWEL__ligand29568-0
24,LESWEL__ligand2781-0
25,LESWEL__ligand7573-0
26,LESWEL__ligand3350-0
27,LESWEL__ligand28789-0
28,LESWEL__ligand3208-0
29,LESWEL__ligand2208-0
30,LESWEL__ligand20419-0
31,LESWEL__ligand17118-0
32,LESWEL__ligand21371-0
33,LESWEL__ligand11675-0
34,LESWEL__ligand7557-0
35,LESWEL__ligand20598-0
36,LESWEL__ligand1496-0
37,LESWEL__ligand22557-0
38,LESWEL__ligand10589-0
39,LESWEL__ligand24047-0
40,LESWEL__ligand17398-0
41,LESWEL__ligand1533-0
42,LESWEL__ligand20011-0
43,LESWEL__ligand17278-0
44,LESWEL__ligand29414-0
45,LESWEL__ligand487-0
46,LESWEL__ligand17982-0
47,LESWEL__ligand746-0
48,LESWEL__ligand20251-1
49,LESWEL__ligand447-0
50,LESWEL__ligand38-0
51,LESWEL__ligand5892-0
52,LESWEL__ligand5094-0
53,LESWEL__ligand1712-0
54,LESWEL__ligand4131-0
55,LESWEL__ligand176-0
56,LESWEL__ligand16475-0
57,LESWEL__ligand14703-0
58,LESWEL__ligand368-0
59,LESWEL__ligand3157-0
60,LESWEL__ligand11456-0
61,LESWEL__ligand9525-0
62,LESWEL__ligand1165-0
63,LESWEL__ligand395-0
64,LESWEL__ligand10712-0
65,LESWEL__ligand14174-0
66,LESWEL__ligand5935-0
67,LESWEL__ligand2722-0
68,LESWEL__ligand1379-0
69,LESWEL__ligand25411-0
70,LESWEL__ligand1469-0
71,LESWEL__ligand31832-0
72,LESWEL__ligand13294-0
73,LESWEL__ligand3871-0
74,LESWEL__ligand1768-0
75,LESWEL__ligand13331-0
76,LESWEL__ligand5056-0
77,LESWEL__ligand4850-0
78,LESWEL__ligand28884-0
79,LESWEL__ligand5357-0
80,LESWEL__ligand12030-0
81,LESWEL__ligand784-0
82,LESWEL__ligand3647-0
83,LESWEL__ligand1688-0
84,LESWEL__ligand42-0
85,LESWEL__ligand14248-0
86,LESWEL__ligand29879-0
87,LESWEL__ligand8349-0
88,LESWEL__ligand1709-0
89,LESWEL__ligand8464-0
90,LESWEL__ligand13208-0
91,LESWEL__ligand27482-0
92,LESWEL__ligand26810-0
93,LESWEL__ligand66-0
94,LESWEL__ligand2527-0
95,LESWEL__ligand833-0
96,LESWEL__ligand5849-0
97,LESWEL__ligand13390-0
98,LESWEL__ligand20682-0
99,LESWEL__ligand3392-0
100,LESWEL__ligand4911-0
101,LESWEL__ligand115-0
102,LESWEL__ligand1771-0
103,LESWEL__ligand9681-0
104,LESWEL__ligand25178-0
105,LESWEL__ligand24185-0
106,LESWEL__ligand23769-0
107,LESWEL__ligand4332-0
108,LESWEL__ligand17805-0
109,LESWEL__ligand3012-0
110,LESWEL__ligand1449-0
111,LESWEL__ligand7530-0
112,LESWEL__ligand17302-0
113,LESWEL__ligand1065-0
114,LESWEL__ligand314-1
115,LESWEL__ligand12231-0
116,LESWEL__ligand2403-0
117,LESWEL__ligand26702-0
118,LESWEL__ligand13658-0
119,LESWEL__ligand18292-0
120,LESWEL__ligand12289-0
121,LESWEL__ligand12130-0
122,LESWEL__ligand17387-0
123,LESWEL__ligand10476-0
124,LESWEL__ligand465-0
125,LESWEL__ligand3934-0
126,LESWEL__ligand13068-0
127,LESWEL__ligand19830-0
128,LESWEL__ligand6455-0
129,LESWEL__ligand12401-0
130,LESWEL__ligand15585-0
131,LESWEL__ligand6882-0
132,LESWEL__ligand24145-0
133,LESWEL__ligand28676-0
134,LESWEL__ligand1415-0
135,LESWEL__ligand6946-0
136,LESWEL__ligand10262-0
137,LESWEL__ligand27763-0
138,LESWEL__ligand7529-0
139,LESWEL__ligand618-0
140,LESWEL__ligand391-0
141,LESWEL__ligand13425-0
142,LESWEL__ligand29302-0
143,LESWEL__ligand19057-0
144,LESWEL__ligand18814-0
145,LESWEL__ligand9148-0
146,LESWEL__ligand5316-0
147,LESWEL__ligand780-0
148,LESWEL__ligand314-0
149,LESWEL__ligand5483-0
150,LESWEL__ligand813-0
151,LESWEL__ligand14108-0
152,LESWEL__ligand10958-0
153,LESWEL__ligand1729-0
154,LESWEL__ligand5627-0
155,LESWEL__ligand2830-0
156,LESWEL__ligand12641-0
157,LESWEL__ligand4738-0
158,LESWEL__ligand26540-0
159,LESWEL__ligand29410-0
160,LESWEL__ligand5813-0
161,LESWEL__ligand12337-0
162,LESWEL__ligand4813-0
163,LESWEL__ligand30296-0
164,LESWEL__ligand353-0
165,LESWEL__ligand6062-0
166,LESWEL__ligand17281-0
167,LESWEL__ligand8-0
168,LESWEL__ligand12606-0
169,LESWEL__ligand6283-0
170,LESWEL__ligand30333-0
171,LESWEL__ligand27460-0
172,LESWEL__ligand7107-0
173,LESWEL__ligand16628-0
174,LESWEL__ligand3215-0
175,LESWEL__ligand393-0
176,LESWEL__ligand12427-0
177,LESWEL__ligand20740-0
178,LESWEL__ligand28468-0
179,LESWEL__ligand12934-0
180,LESWEL__ligand20578-0
181,LESWEL__ligand15422-0
182,LESWEL__ligand686-0
183,LESWEL__ligand7925-0
184,LESWEL__ligand19641-0
185,LESWEL__ligand2068-0
186,LESWEL__ligand14723-0
187,LESWEL__ligand27893-0
188,LESWEL__ligand30988-0
189,LESWEL__ligand1147-0
190,LESWEL__ligand23713-0
191,LESWEL__ligand27175-0
192,LESWEL__ligand18832-0
193,LESWEL__ligand3973-0
194,LESWEL__ligand18-0
195,LESWEL__ligand422-0
196,LESWEL__ligand13012-0
197,LESWEL__ligand4330-0
198,LESWEL__ligand17631-0
199,LESWEL__ligand2599-0
200,LESWEL__ligand26665-0
201,LESWEL__ligand14603-0
202,LESWEL__ligand14297-0
203,LESWEL__ligand17258-0
204,LESWEL__ligand31783-0
205,LESWEL__ligand7532-0
206,LESWEL__ligand4194-0
207,LESWEL__ligand196-0
208,LESWEL__ligand1631-0
209,LESWEL__ligand311-0
210,LESWEL__ligand1530-0
211,LESWEL__ligand1575-0
212,LESWEL__ligand785-0
213,LESWEL__ligand25689-0
214,LESWEL__ligand9933-0
215,LESWEL__ligand43-0
216,LESWEL__ligand25575-0
217,LESWEL__ligand479-0
218,LESWEL__ligand21787-0
219,LESWEL__ligand27835-0
220,LESWEL__ligand564-0
221,LESWEL__ligand12295-0
222,LESWEL__ligand9441-0
223,LESWEL__ligand370-1
224,LESWEL__ligand2332-0
225,LESWEL__ligand620-0
226,LESWEL__ligand6244-0
227,LESWEL__ligand11166-0
228,LESWEL__ligand21132-0
229,LESWEL__ligand23906-0
230,LESWEL__ligand188-0
231,LESWEL__ligand1378-0
232,LESWEL__ligand3156-0
233,LESWEL__ligand2915-0
234,LESWEL__ligand30539-0
235,LESWEL__ligand23124-0
236,LESWEL__ligand250-0
237,LESWEL__ligand3707-0
238,LESWEL__ligand6124-0
239,LESWEL__ligand7967-0
240,LESWEL__ligand11206-0
241,LESWEL__ligand25735-0
242,LESWEL__ligand1018-0
243,LESWEL__ligand12519-0
244,LESWEL__ligand4116-0
245,LESWEL__ligand8992-0
246,LESWEL__ligand9601-0
247,LESWEL__ligand67-0
248,LESWEL__ligand9952-0
249,LESWEL__ligand9111-0
250,LESWEL__ligand370-0
251,LESWEL__ligand25650-0
252,LESWEL__ligand31248-0
253,LESWEL__ligand2526-0
254,LESWEL__ligand5036-0
255,LESWEL__ligand1615-0
256,LESWEL__ligand5643-0
257,LESWEL__ligand1823-0
258,LESWEL__ligand19257-0
259,LESWEL__ligand13209-0
260,LESWEL__ligand12660-0
261,LESWEL__ligand1324-0
262,LESWEL__ligand8721-0
263,LESWEL__ligand18799-0
264,LESWEL__ligand830-0
265,LESWEL__ligand18465-0
266,LESWEL__ligand372-0
267,LESWEL__ligand28668-0
268,LESWEL__ligand193-0
269,LESWEL__ligand16791-0
270,LESWEL__ligand4641-0
271,LESWEL__ligand116-0
272,LESWEL__ligand11140-0
273,LESWEL__ligand252-0
274,LESWEL__ligand29610-0
275,LESWEL__ligand7126-0
276,LESWEL__ligand8835-0
277,LESWEL__ligand2028-0
278,LESWEL__ligand13869-0
279,LESWEL__ligand18074-0
280,LESWEL__ligand29863-0
281,LESWEL__ligand1142-0
282,LESWEL__ligand3234-0
283,LESWEL__ligand23904-0
284,LESWEL__ligand6596-0
285,LESWEL__ligand3721-0
286,LESWEL__ligand6904-0
287,LESWEL__ligand6102-0
288,LESWEL__ligand21936-0
289,LESWEL__ligand177-0
290,LESWEL__ligand3465-0
291,LESWEL__ligand13257-0
292,LESWEL__ligand12467-0
293,LESWEL__ligand10084-0
294,LESWEL__ligand2917-0
295,LESWEL__ligand7819-0
296,LESWEL__ligand25267-0
297,LESWEL__ligand18391-0
298,LESWEL__ligand2295-0
299,LESWEL__ligand14523-0
300,LESWEL__ligand27169-0
301,LESWEL__ligand1577-0
302,LESWEL__ligand6067-0
303,LESWEL__ligand4620-0
304,LESWEL__ligand20599-0
305,LESWEL__ligand22981-0
306,LESWEL__ligand25805-0
307,LESWEL__ligand909-0
308,LESWEL__ligand27074-0
309,LESWEL__ligand9908-0
310,LESWEL__ligand78-0
311,LESWEL__ligand17590-0
312,LESWEL__ligand1263-0
313,LESWEL__ligand17240-0
314,LESWEL__ligand868-0
315,LESWEL__ligand18699-0
316,LESWEL__ligand12682-0
317,LESWEL__ligand7242-0
318,LESWEL__ligand7106-0
319,LESWEL__ligand3876-0
320,LESWEL__ligand1343-0
321,LESWEL__ligand3035-0
322,LESWEL__ligand6616-0
323,LESWEL__ligand3718-0
324,LESWEL__ligand1844-0
325,LESWEL__ligand4661-0
326,LESWEL__ligand1959-0
327,LESWEL__ligand3504-0
328,LESWEL__ligand12336-0
329,LESWEL__ligand45-0
330,LESWEL__ligand9935-0
331,LESWEL__ligand13072-0
332,LESWEL__ligand1536-0
333,LESWEL__ligand352-0
334,LESWEL__ligand783-0
335,LESWEL__ligand1573-0
336,LESWEL__ligand6919-0
337,LESWEL__ligand31483-0
338,LESWEL__ligand2485-0
339,LESWEL__ligand10555-0
340,LESWEL__ligand197-0
341,LESWEL__ligand3852-0
342,LESWEL__ligand5331-0
343,LESWEL__ligand1512-0
344,LESWEL__ligand24-0
345,LESWEL__ligand19725-0
346,LESWEL__ligand3565-0
347,LESWEL__ligand24613-0
348,LESWEL__ligand4720-0
349,LESWEL__ligand14586-0
350,LESWEL__ligand11774-0
351,LESWEL__ligand21421-0
352,LESWEL__ligand6839-0
353,LESWEL__ligand19-0
354,LESWEL__ligand3174-0
355,LESWEL__ligand1202-0
356,LESWEL__ligand3937-0
357,LESWEL__ligand3131-0
358,LESWEL__ligand8969-0
359,LESWEL__ligand20579-0
360,LESWEL__ligand17710-0
361,LESWEL__ligand5211-0
362,LESWEL__ligand11568-0
363,LESWEL__ligand4155-0
364,LESWEL__ligand3094-0
365,LESWEL__ligand421-0
366,LESWEL__ligand10432-0
367,LESWEL__ligand2176-0
368,LESWEL__ligand11432-0
369,LESWEL__ligand31618-0
370,LESWEL__ligand9291-0
371,LESWEL__ligand22755-0
372,LESWEL__ligand2232-0
373,LESWEL__ligand29898-0
374,LESWEL__ligand26277-0
375,LESWEL__ligand4157-0
376,LESWEL__ligand8876-0
377,LESWEL__ligand2828-0
378,LESWEL__ligand7648-0
379,LESWEL__ligand9833-0
380,LESWEL__ligand685-0
381,LESWEL__ligand5256-0
382,LESWEL__ligand23589-0
383,LESWEL__ligand4503-0
384,LESWEL__ligand4546-0
385,LESWEL__ligand294-0
386,LESWEL__ligand24064-0
387,LESWEL__ligand15168-0
388,LESWEL__ligand1285-0
389,LESWEL__ligand6768-0
390,LESWEL__ligand8115-0
391,LESWEL__ligand7000-0
392,LESWEL__ligand1982-0
393,LESWEL__ligand7238-0
394,LESWEL__ligand15438-0
395,LESWEL__ligand7280-0
396,LESWEL__ligand560-0
397,LESWEL__ligand1790-0
398,LESWEL__ligand1304-0
399,LESWEL__ligand28924-0
400,LESWEL__ligand7867-0
401,LESWEL__ligand1219-0
402,LESWEL__ligand6709-0
403,LESWEL__ligand18703-0
404,LESWEL__ligand29087-0
405,LESWEL__ligand4016-0
406,LESWEL__ligand9520-0
407,LESWEL__ligand17207-0
408,LESWEL__ligand1160-0
409,LESWEL__ligand31578-0
410,LESWEL__ligand8699-0
411,LESWEL__ligand18013-0
412,LESWEL__ligand25224-0
413,LESWEL__ligand4093-0
414,LESWEL__ligand17945-0
415,LESWEL__ligand4442-0
416,LESWEL__ligand3954-0
417,LESWEL__ligand1451-0
418,LESWEL__ligand235-0
419,LESWEL__ligand4272-0
420,LESWEL__ligand7629-0
421,LESWEL__ligand134-0
422,LESWEL__ligand24750-0
423,LESWEL__ligand9784-0
424,LESWEL__ligand20821-0
425,LESWEL__ligand1604-0
426,LESWEL__ligand26673-0
427,LESWEL__ligand1228-0
428,LESWEL__ligand409-0
429,LESWEL__ligand9943-0
430,LESWEL__ligand361-0
431,LESWEL__ligand324-0
432,LESWEL__ligand2043-0
433,LESWEL__ligand31000-0
434,LESWEL__ligand1832-0
435,LESWEL__ligand11606-0
436,LESWEL__ligand8788-0
437,LESWEL__ligand13260-0
438,LESWEL__ligand2417-0
439,LESWEL__ligand10582-0
440,LESWEL__ligand11252-0
441,LESWEL__ligand6391-0
442,LESWEL__ligand3126-0
443,LESWEL__ligand9284-0
444,LESWEL__ligand18067-0
445,LESWEL__ligand19824-0
446,LESWEL__ligand1114-0
447,LESWEL__ligand15455-0
448,LESWEL__ligand199-0
449,LESWEL__ligand11177-0
450,LESWEL__ligand1289-0
451,LESWEL__ligand31205-0
452,LESWEL__ligand2203-0
453,LESWEL__ligand5387-0
454,LESWEL__ligand17686-0
455,LESWEL__ligand25658-0
456,LESWEL__ligand300-0
457,LESWEL__ligand2612-0
458,LESWEL__ligand16603-0
459,LESWEL__ligand17-0
460,LESWEL__ligand11814-0
461,LESWEL__ligand1599-0
462,LESWEL__ligand9450-0
463,LESWEL__ligand588-0
464,LESWEL__ligand11622-0
465,LESWEL__ligand16870-0
466,LESWEL__ligand497-0
467,LESWEL__ligand4807-0
468,LESWEL__ligand10853-0
469,LESWEL__ligand29441-0
470,LESWEL__ligand11479-0
471,LESWEL__ligand3178-0
472,LESWEL__ligand27610-0
473,LESWEL__ligand10479-0
474,LESWEL__ligand1787-0
475,LESWEL__ligand1356-0
476,LESWEL__ligand13657-0
477,LESWEL__ligand14347-0
478,LESWEL__ligand5530-0
479,LESWEL__ligand14302-0
480,LESWEL__ligand11698-0
481,LESWEL__ligand9753-0
482,LESWEL__ligand20530-0
483,LESWEL__ligand633-0
484,LESWEL__ligand7196-0
485,LESWEL__ligand5159-0
486,LESWEL__ligand24851-0
487,LESWEL__ligand20121-0
488,LESWEL__ligand4649-0
489,LESWEL__ligand8793-0
490,LESWEL__ligand5649-0
491,LESWEL__ligand2788-0
492,LESWEL__ligand15387-0
493,LESWEL__ligand20220-0
494,LESWEL__ligand2906-0
495,LESWEL__ligand29813-0
496,LESWEL__ligand16952-0
497,LESWEL__ligand4711-0
498,LESWEL__ligand3244-0
499,LESWEL__ligand7172-0
500,LESWEL__ligand692-0
501,LESWEL__ligand7273-0
502,LESWEL__ligand10151-0
503,LESWEL__ligand9323-0
504,LESWEL__ligand7092-0
505,LESWEL__ligand2260-0
506,LESWEL__ligand3225-0
507,LESWEL__ligand1153-0
508,LESWEL__ligand1116-0
509,LESWEL__ligand8612-0
510,LESWEL__ligand2124-0
511,LESWEL__ligand49-0
512,LESWEL__ligand436-0
513,LESWEL__ligand326-0
514,LESWEL__ligand6017-0
515,LESWEL__ligand89-0
516,LESWEL__ligand7316-0
517,LESWEL__ligand5708-0
518,LESWEL__ligand22353-0
519,LESWEL__ligand19906-0
520,LESWEL__ligand5180-0
521,LESWEL__ligand19668-0
522,LESWEL__ligand4358-0
523,LESWEL__ligand11798-0
524,LESWEL__ligand3120-0
525,LESWEL__ligand3926-0
526,LESWEL__ligand20731-0
527,LESWEL__ligand2221-0
528,LESWEL__ligand29334-0
529,LESWEL__ligand12413-0
530,LESWEL__ligand5595-0
531,LESWEL__ligand4101-0
532,LESWEL__ligand17445-0
533,LESWEL__ligand14477-0
534,LESWEL__ligand696-0
535,LESWEL__ligand17069-0
536,LESWEL__ligand1-0
537,LESWEL__ligand9773-0
538,LESWEL__ligand1376-0
539,LESWEL__ligand11501-0
540,LESWEL__ligand5510-0
541,LESWEL__ligand11544-0
542,LESWEL__ligand656-0
543,LESWEL__ligand29214-0
544,LESWEL__ligand1296-0
545,LESWEL__ligand2259-0
546,LESWEL__ligand11758-0
547,LESWEL__ligand22357-0
548,LESWEL__ligand1197-0
549,LESWEL__ligand21448-0
550,LESWEL__ligand5099-0
551,LESWEL__ligand8592-0
552,LESWEL__ligand14007-0
553,LESWEL__ligand18019-1
554,LESWEL__ligand1317-0
555,LESWEL__ligand3867-0
556,LESWEL__ligand2822-0
557,LESWEL__ligand7293-0
558,LESWEL__ligand11-0
559,LESWEL__ligand9167-0
560,LESWEL__ligand5304-0
561,LESWEL__ligand2238-0
562,LESWEL__ligand27550-0
563,LESWEL__ligand383-0
564,LESWEL__ligand7762-0
565,LESWEL__ligand14226-0
566,LESWEL__ligand21339-0
567,LESWEL__ligand16956-0
568,LESWEL__ligand5080-0
569,LESWEL__ligand69-0
570,LESWEL__ligand20942-1
571,LESWEL__ligand416-0
572,LESWEL__ligand27771-0
573,LESWEL__ligand5509-0
574,LESWEL__ligand8002-0
575,LESWEL__ligand226-0
576,LESWEL__ligand1407-0
577,LESWEL__ligand6117-0
578,LESWEL__ligand18158-0
579,LESWEL__ligand23682-0
580,LESWEL__ligand29565-0
581,LESWEL__ligand162-0
582,LESWEL__ligand3945-0
583,LESWEL__ligand21752-0
584,LESWEL__ligand5383-0
585,LESWEL__ligand2693-0
586,LESWEL__ligand13691-0
587,LESWEL__ligand30788-0
588,LESWEL__ligand9344-0
589,LESWEL__ligand3736-0
590,LESWEL__ligand14339-0
591,LESWEL__ligand8000-0
592,LESWEL__ligand534-0
593,LESWEL__ligand571-0
594,LESWEL__ligand7291-0
595,LESWEL__ligand3677-1
596,LESWEL__ligand9883-0
597,LESWEL__ligand670-0
598,LESWEL__ligand4007-0
599,LESWEL__ligand2985-0
600,LESWEL__ligand24624-0
601,LESWEL__ligand18413-0
602,LESWEL__ligand20844-0
603,LESWEL__ligand9299-0
604,LESWEL__ligand24560-0
605,LESWEL__ligand18757-0
606,LESWEL__ligand6699-0
607,LESWEL__ligand30004-0
608,LESWEL__ligand20557-0
609,LESWEL__ligand3632-0
610,LESWEL__ligand3677-0
611,LESWEL__ligand1168-0
612,LESWEL__ligand1294-0
613,LESWEL__ligand6892-0
614,LESWEL__ligand488-0
615,LESWEL__ligand24953-0
616,LESWEL__ligand23445-0
617,LESWEL__ligand13755-0
618,LESWEL__ligand16133-0
619,LESWEL__ligand430-0
620,LESWEL__ligand1211-0
621,LESWEL__ligand27122-0
622,LESWEL__ligand358-0
623,LESWEL__ligand20432-0
624,LESWEL__ligand3-0
625,LESWEL__ligand1464-0
626,LESWEL__ligand694-0
627,LESWEL__ligand3712-0
628,LESWEL__ligand1499-0
629,LESWEL__ligand21940-0
630,LESWEL__ligand2881-0
631,LESWEL__ligand25048-0
632,LESWEL__ligand5085-0
633,LESWEL__ligand27669-0
634,LESWEL__ligand3144-0
635,LESWEL__ligand30142-0
636,LESWEL__ligand14167-0
637,LESWEL__ligand13477-0
638,LESWEL__ligand5755-0
639,LESWEL__ligand4710-0
640,LESWEL__ligand757-0
641,LESWEL__ligand91-0
642,LESWEL__ligand1828-0
643,LESWEL__ligand7213-0
644,LESWEL__ligand1397-0
645,LESWEL__ligand122-0
646,LESWEL__ligand8042-0
647,LESWEL__ligand6112-0
648,LESWEL__ligand1786-0
649,LESWEL__ligand5630-0
650,LESWEL__ligand23197-0
651,LESWEL__ligand1908-0
652,LESWEL__ligand29029-0
653,LESWEL__ligand51-0
654,LESWEL__ligand27285-0
655,LESWEL__ligand3285-0
656,LESWEL__ligand4795-0
657,LESWEL__ligand1831-0
658,LESWEL__ligand18568-0
659,LESWEL__ligand28685-0
660,LESWEL__ligand5614-0
661,LESWEL__ligand5280-0
662,LESWEL__ligand6663-0
663,LESWEL__ligand5515-0
664,LESWEL__ligand13672-0
665,LESWEL__ligand10371-0
666,LESWEL__ligand28459-0
667,LESWEL__ligand5019-0
668,LESWEL__ligand3261-0
669,LESWEL__ligand12453-0
670,LESWEL__ligand1152-0
671,LESWEL__ligand18448-0
672,LESWEL__ligand1216-0
673,LESWEL__ligand48-0
674,LESWEL__ligand693-0
675,LESWEL__ligand4-0
676,LESWEL__ligand1849-0
677,LESWEL__ligand19184-0
678,LESWEL__ligand1539-0
679,LESWEL__ligand1150-0
680,LESWEL__ligand25913-0
681,LESWEL__ligand16988-0
682,LESWEL__ligand3416-0
683,LESWEL__ligand141-0
684,LESWEL__ligand3453-0
685,LESWEL__ligand30711-0
686,LESWEL__ligand20207-0
687,LESWEL__ligand11682-0
688,LESWEL__ligand240-0
689,LESWEL__ligand4207-0
690,LESWEL__ligand3042-0
691,LESWEL__ligand11994-0
692,LESWEL__ligand31044-0
693,LESWEL__ligand31842-0
694,LESWEL__ligand24035-0
695,LESWEL__ligand7438-0
696,LESWEL__ligand8200-0
697,LESWEL__ligand4063-0
698,LESWEL__ligand14614-0
699,LESWEL__ligand32-0
700,LESWEL__ligand16663-0
701,LESWEL__ligand1779-0
702,LESWEL__ligand1817-0
703,LESWEL__ligand6993-0
704,LESWEL__ligand21919-0
705,LESWEL__ligand22294-0
706,LESWEL__ligand9750-0
707,LESWEL__ligand22168-0
708,LESWEL__ligand28930-0
709,LESWEL__ligand28743-0
710,LESWEL__ligand15531-0
711,LESWEL__ligand7075-0
712,LESWEL__ligand11357-0
713,LESWEL__ligand13862-0
714,LESWEL__ligand16-0
715,LESWEL__ligand3557-0
716,LESWEL__ligand12365-0
717,LESWEL__ligand3980-0
718,LESWEL__ligand10056-0
719,LESWEL__ligand768-0
720,LESWEL__ligand1149-0
721,LESWEL__ligand1288-0
722,LESWEL__ligand10828-0
723,LESWEL__ligand19792-0
724,LESWEL__ligand15926-0
725,LESWEL__ligand384-0
726,LESWEL__ligand24230-0
727,LESWEL__ligand11096-0
728,LESWEL__ligand11447-0
729,LESWEL__ligand28810-0
730,LESWEL__ligand15883-0
731,LESWEL__ligand4266-0
732,LESWEL__ligand1400-0
733,LESWEL__ligand9491-0
734,LESWEL__ligand11970-0
735,LESWEL__ligand4167-0
736,LESWEL__ligand57-0
737,LESWEL__ligand25561-0
738,LESWEL__ligand24780-0
739,LESWEL__ligand12138-0
740,LESWEL__ligand22129-0
741,LESWEL__ligand2027-0
742,LESWEL__ligand11949-0
743,LESWEL__ligand1050-0
744,LESWEL__ligand1015-0
745,LESWEL__ligand17427-0
746,LESWEL__ligand1028-0
747,LESWEL__ligand4262-0
748,LESWEL__ligand338-0
749,LESWEL__ligand29486-0
750,LESWEL__ligand1618-0
751,LESWEL__ligand31694-0
752,LESWEL__ligand2692-0
753,LESWEL__ligand15788-0
754,LESWEL__ligand23175-0
755,LESWEL__ligand17396-0
756,LESWEL__ligand201-0
757,LESWEL__ligand1498-0
758,LESWEL__ligand13220-0
759,LESWEL__ligand11587-0
760,LESWEL__ligand4596-0
761,LESWEL__ligand1154-0
762,LESWEL__ligand22444-0
763,LESWEL__ligand24111-0
764,LESWEL__ligand13385-0
765,LESWEL__ligand9615-0
766,LESWEL__ligand14569-0
767,LESWEL__ligand321-0
768,LESWEL__ligand12001-0
769,LESWEL__ligand24644-0
770,LESWEL__ligand1169-0
771,LESWEL__ligand10033-0
772,LESWEL__ligand8529-0
773,LESWEL__ligand24872-0
774,LESWEL__ligand178-0
775,LESWEL__ligand30728-0
776,LESWEL__ligand185-0
777,LESWEL__ligand279-0
778,LESWEL__ligand27840-0
779,LESWEL__ligand10872-0
780,LESWEL__ligand21399-0
781,LESWEL__ligand366-0
782,LESWEL__ligand12003-0
783,LESWEL__ligand26631-0
784,LESWEL__ligand16148-0
785,LESWEL__ligand8593-0
786,LESWEL__ligand34-0
787,LESWEL__ligand9944-0
788,LESWEL__ligand187-0
789,LESWEL__ligand2001-0
790,LESWEL__ligand657-0
791,LESWEL__ligand7566-0
792,LESWEL__ligand29215-0
793,LESWEL__ligand11111-0
794,LESWEL__ligand596-0
795,LESWEL__ligand28540-0
796,LESWEL__ligand941-0
797,LESWEL__ligand16369-0
798,LESWEL__ligand5201-0
799,LESWEL__ligand20695-0
800,LESWEL__ligand27754-0
801,LESWEL__ligand22403-0
802,LESWEL__ligand8553-0
803,LESWEL__ligand1113-0
804,LESWEL__ligand777-0
805,LESWEL__ligand11618-0
806,LESWEL__ligand4124-0
807,LESWEL__ligand163-0
808,LESWEL__ligand4161-0
809,LESWEL__ligand3471-0
810,LESWEL__ligand126-0
811,LESWEL__ligand26529-0
812,LESWEL__ligand5415-0
813,LESWEL__ligand68-0
814,LESWEL__ligand55-0
815,LESWEL__ligand4340-0
816,LESWEL__ligand2650-0
817,LESWEL__ligand2281-0
818,LESWEL__ligand3180-0
819,LESWEL__ligand845-0
820,LESWEL__ligand27239-0
821,LESWEL__ligand21729-0
822,LESWEL__ligand6995-0
823,LESWEL__ligand14043-0
824,LESWEL__ligand26324-0
825,LESWEL__ligand28559-0
826,LESWEL__ligand2823-0
827,LESWEL__ligand19927-0
