,TMC
0,GECSEM__ligand188-0
1,GECSEM__ligand3350-0
2,GECSEM__ligand7573-0
3,GECSEM__ligand2781-0
4,GECSEM__ligand8722-0
5,GECSEM__ligand17-0
6,GECSEM__ligand16475-0
7,GECSEM__ligand14703-0
8,GECSEM__ligand9809-0
9,GECSEM__ligand6672-0
10,GECSEM__ligand1327-0
11,GECSEM__ligand20251-1
12,GECSEM__ligand2208-0
13,GECSEM__ligand3208-0
14,GECSEM__ligand311-0
15,GECSEM__ligand9197-0
16,GECSEM__ligand785-0
17,GECSEM__ligand479-0
18,GECSEM__ligand1900-0
19,GECSEM__ligand29414-0
20,GECSEM__ligand17982-0
21,GECSEM__ligand17278-0
22,GECSEM__ligand20011-0
23,GECSEM__ligand7162-0
24,GECSEM__ligand10589-0
25,GECSEM__ligand22557-0
26,GECSEM__ligand24047-0
27,GECSEM__ligand370-1
28,GECSEM__ligand11675-0
29,GECSEM__ligand3029-0
30,GECSEM__ligand620-0
31,GECSEM__ligand20598-0
32,GECSEM__ligand17398-0
33,GECSEM__ligand1773-0
34,GECSEM__ligand4581-0
35,GECSEM__ligand564-0
36,GECSEM__ligand2328-0
37,GECSEM__ligand5094-0
38,GECSEM__ligand5892-0
39,GECSEM__ligand28789-0
40,GECSEM__ligand17118-0
41,GECSEM__ligand21371-0
42,GECSEM__ligand370-0
43,GECSEM__ligand20419-0
44,GECSEM__ligand30851-0
45,GECSEM__ligand4131-0
46,GECSEM__ligand14889-0
47,GECSEM__ligand1712-0
48,GECSEM__ligand29568-0
49,GECSEM__ligand31097-0
50,GECSEM__ligand21581-0
51,GECSEM__ligand1496-0
52,GECSEM__ligand20251-0
53,GECSEM__ligand7557-0
54,GECSEM__ligand20214-0
55,GECSEM__ligand30702-0
56,GECSEM__ligand20539-0
57,GECSEM__ligand250-0
58,GECSEM__ligand17261-0
59,GECSEM__ligand14117-0
60,GECSEM__ligand1533-0
61,GECSEM__ligand252-0
62,GECSEM__ligand1768-0
63,GECSEM__ligand89-0
64,GECSEM__ligand20682-0
65,GECSEM__ligand1469-0
66,GECSEM__ligand116-0
67,GECSEM__ligand3871-0
68,GECSEM__ligand3647-0
69,GECSEM__ligand5357-0
70,GECSEM__ligand1688-0
71,GECSEM__ligand4850-0
72,GECSEM__ligand5056-0
73,GECSEM__ligand13390-0
74,GECSEM__ligand9525-0
75,GECSEM__ligand372-0
76,GECSEM__ligand1165-0
77,GECSEM__ligand830-0
78,GECSEM__ligand3157-0
79,GECSEM__ligand2722-0
80,GECSEM__ligand49-0
81,GECSEM__ligand13208-0
82,GECSEM__ligand1379-0
83,GECSEM__ligand27482-0
84,GECSEM__ligand5935-0
85,GECSEM__ligand26810-0
86,GECSEM__ligand193-0
87,GECSEM__ligand13331-0
88,GECSEM__ligand28884-0
89,GECSEM__ligand29879-0
90,GECSEM__ligand14248-0
91,GECSEM__ligand5849-0
92,GECSEM__ligand12030-0
93,GECSEM__ligand13294-0
94,GECSEM__ligand1771-0
95,GECSEM__ligand31832-0
96,GECSEM__ligand4911-0
97,GECSEM__ligand909-0
98,GECSEM__ligand3392-0
99,GECSEM__ligand177-0
100,GECSEM__ligand25411-0
101,GECSEM__ligand8349-0
102,GECSEM__ligand8464-0
103,GECSEM__ligand1709-0
104,GECSEM__ligand11456-0
105,GECSEM__ligand2527-0
106,GECSEM__ligand10712-0
107,GECSEM__ligand14174-0
108,GECSEM__ligand10958-0
109,GECSEM__ligand69-0
110,GECSEM__ligand12641-0
111,GECSEM__ligand2403-0
112,GECSEM__ligand6882-0
113,GECSEM__ligand6455-0
114,GECSEM__ligand352-0
115,GECSEM__ligand783-0
116,GECSEM__ligand14108-0
117,GECSEM__ligand3934-0
118,GECSEM__ligand4-0
119,GECSEM__ligand29302-0
120,GECSEM__ligand13425-0
121,GECSEM__ligand868-0
122,GECSEM__ligand4332-0
123,GECSEM__ligand9681-0
124,GECSEM__ligand19057-0
125,GECSEM__ligand18814-0
126,GECSEM__ligand1065-0
127,GECSEM__ligand27763-0
128,GECSEM__ligand7530-0
129,GECSEM__ligand10262-0
130,GECSEM__ligand28676-0
131,GECSEM__ligand3012-0
132,GECSEM__ligand11-0
133,GECSEM__ligand1449-0
134,GECSEM__ligand19830-0
135,GECSEM__ligand13068-0
136,GECSEM__ligand5483-0
137,GECSEM__ligand10476-0
138,GECSEM__ligand24145-0
139,GECSEM__ligand5316-0
140,GECSEM__ligand15585-0
141,GECSEM__ligand12401-0
142,GECSEM__ligand12231-0
143,GECSEM__ligand2830-0
144,GECSEM__ligand17387-0
145,GECSEM__ligand12130-0
146,GECSEM__ligand1729-0
147,GECSEM__ligand13658-0
148,GECSEM__ligand26702-0
149,GECSEM__ligand5627-0
150,GECSEM__ligand12289-0
151,GECSEM__ligand18292-0
152,GECSEM__ligand197-0
153,GECSEM__ligand7529-0
154,GECSEM__ligand17805-0
155,GECSEM__ligand1415-0
156,GECSEM__ligand6946-0
157,GECSEM__ligand17302-0
158,GECSEM__ligand25178-0
159,GECSEM__ligand9148-0
160,GECSEM__ligand23769-0
161,GECSEM__ligand24185-0
162,GECSEM__ligand294-0
163,GECSEM__ligand7107-0
164,GECSEM__ligand31783-0
165,GECSEM__ligand3215-0
166,GECSEM__ligand26665-0
167,GECSEM__ligand13012-0
168,GECSEM__ligand17631-0
169,GECSEM__ligand17258-0
170,GECSEM__ligand14297-0
171,GECSEM__ligand14603-0
172,GECSEM__ligand30988-0
173,GECSEM__ligand6062-0
174,GECSEM__ligand421-0
175,GECSEM__ligand4738-0
176,GECSEM__ligand4813-0
177,GECSEM__ligand23713-0
178,GECSEM__ligand18832-0
179,GECSEM__ligand5813-0
180,GECSEM__ligand27175-0
181,GECSEM__ligand19641-0
182,GECSEM__ligand15422-0
183,GECSEM__ligand12934-0
184,GECSEM__ligand20578-0
185,GECSEM__ligand685-0
186,GECSEM__ligand6283-0
187,GECSEM__ligand27893-0
188,GECSEM__ligand14723-0
189,GECSEM__ligand16628-0
190,GECSEM__ligand4330-0
191,GECSEM__ligand28468-0
192,GECSEM__ligand20740-0
193,GECSEM__ligand12427-0
194,GECSEM__ligand2599-0
195,GECSEM__ligand134-0
196,GECSEM__ligand4194-0
197,GECSEM__ligand27460-0
198,GECSEM__ligand235-0
199,GECSEM__ligand7532-0
200,GECSEM__ligand560-0
201,GECSEM__ligand12606-0
202,GECSEM__ligand7925-0
203,GECSEM__ligand30333-0
204,GECSEM__ligand2068-0
205,GECSEM__ligand29410-0
206,GECSEM__ligand12337-0
207,GECSEM__ligand26540-0
208,GECSEM__ligand3973-0
209,GECSEM__ligand17281-0
210,GECSEM__ligand30296-0
211,GECSEM__ligand1147-0
212,GECSEM__ligand13209-0
213,GECSEM__ligand19257-0
214,GECSEM__ligand48-0
215,GECSEM__ligand1378-0
216,GECSEM__ligand6244-0
217,GECSEM__ligand506-0
218,GECSEM__ligand12660-0
219,GECSEM__ligand31248-0
220,GECSEM__ligand2915-0
221,GECSEM__ligand25650-0
222,GECSEM__ligand3156-0
223,GECSEM__ligand1575-0
224,GECSEM__ligand1530-0
225,GECSEM__ligand9933-0
226,GECSEM__ligand1631-0
227,GECSEM__ligand9441-0
228,GECSEM__ligand11206-0
229,GECSEM__ligand23124-0
230,GECSEM__ligand2332-0
231,GECSEM__ligand152-0
232,GECSEM__ligand12519-0
233,GECSEM__ligand25735-0
234,GECSEM__ligand447-0
235,GECSEM__ligand1615-0
236,GECSEM__ligand2526-0
237,GECSEM__ligand5036-0
238,GECSEM__ligand30539-0
239,GECSEM__ligand9952-0
240,GECSEM__ligand9111-0
241,GECSEM__ligand746-0
242,GECSEM__ligand21132-0
243,GECSEM__ligand1324-0
244,GECSEM__ligand8721-0
245,GECSEM__ligand51-0
246,GECSEM__ligand11166-0
247,GECSEM__ligand176-0
248,GECSEM__ligand23906-0
249,GECSEM__ligand1823-0
250,GECSEM__ligand5643-0
251,GECSEM__ligand91-0
252,GECSEM__ligand1018-0
253,GECSEM__ligand12295-0
254,GECSEM__ligand27835-0
255,GECSEM__ligand4116-0
256,GECSEM__ligand7967-0
257,GECSEM__ligand6124-0
258,GECSEM__ligand3707-0
259,GECSEM__ligand487-0
260,GECSEM__ligand9601-0
261,GECSEM__ligand1-0
262,GECSEM__ligand25575-0
263,GECSEM__ligand21787-0
264,GECSEM__ligand25689-0
265,GECSEM__ligand8992-0
266,GECSEM__ligand7126-0
267,GECSEM__ligand25805-0
268,GECSEM__ligand22981-0
269,GECSEM__ligand8835-0
270,GECSEM__ligand2028-0
271,GECSEM__ligand20599-0
272,GECSEM__ligand27074-0
273,GECSEM__ligand14523-0
274,GECSEM__ligand784-0
275,GECSEM__ligand27169-0
276,GECSEM__ligand18391-0
277,GECSEM__ligand1142-0
278,GECSEM__ligand3234-0
279,GECSEM__ligand3-0
280,GECSEM__ligand12467-0
281,GECSEM__ligand395-0
282,GECSEM__ligand368-0
283,GECSEM__ligand25267-0
284,GECSEM__ligand10084-0
285,GECSEM__ligand4641-0
286,GECSEM__ligand23904-0
287,GECSEM__ligand13257-0
288,GECSEM__ligand16-0
289,GECSEM__ligand21936-0
290,GECSEM__ligand29863-0
291,GECSEM__ligand13869-0
292,GECSEM__ligand18074-0
293,GECSEM__ligand1577-0
294,GECSEM__ligand6067-0
295,GECSEM__ligand2295-0
296,GECSEM__ligand115-0
297,GECSEM__ligand32-0
298,GECSEM__ligand11140-0
299,GECSEM__ligand4620-0
300,GECSEM__ligand29610-0
301,GECSEM__ligand28668-0
302,GECSEM__ligand3465-0
303,GECSEM__ligand16791-0
304,GECSEM__ligand6102-0
305,GECSEM__ligand6596-0
306,GECSEM__ligand3721-0
307,GECSEM__ligand6904-0
308,GECSEM__ligand18465-0
309,GECSEM__ligand2917-0
310,GECSEM__ligand833-0
311,GECSEM__ligand18799-0
312,GECSEM__ligand7819-0
313,GECSEM__ligand1844-0
314,GECSEM__ligand4661-0
315,GECSEM__ligand11568-0
316,GECSEM__ligand17710-0
317,GECSEM__ligand20579-0
318,GECSEM__ligand6616-0
319,GECSEM__ligand3876-0
320,GECSEM__ligand1343-0
321,GECSEM__ligand3035-0
322,GECSEM__ligand3718-0
323,GECSEM__ligand11774-0
324,GECSEM__ligand14586-0
325,GECSEM__ligand9935-0
326,GECSEM__ligand1573-0
327,GECSEM__ligand1536-0
328,GECSEM__ligand465-0
329,GECSEM__ligand1959-0
330,GECSEM__ligand3504-0
331,GECSEM__ligand21421-0
332,GECSEM__ligand19725-0
333,GECSEM__ligand24613-0
334,GECSEM__ligand9908-0
335,GECSEM__ligand1263-0
336,GECSEM__ligand7106-0
337,GECSEM__ligand314-1
338,GECSEM__ligand10555-0
339,GECSEM__ligand7242-0
340,GECSEM__ligand31483-0
341,GECSEM__ligand813-0
342,GECSEM__ligand6839-0
343,GECSEM__ligand12336-0
344,GECSEM__ligand8969-0
345,GECSEM__ligand3131-0
346,GECSEM__ligand3174-0
347,GECSEM__ligand1202-0
348,GECSEM__ligand3937-0
349,GECSEM__ligand780-0
350,GECSEM__ligand314-0
351,GECSEM__ligand13072-0
352,GECSEM__ligand4720-0
353,GECSEM__ligand4155-0
354,GECSEM__ligand3094-0
355,GECSEM__ligand5211-0
356,GECSEM__ligand12682-0
357,GECSEM__ligand18699-0
358,GECSEM__ligand6919-0
359,GECSEM__ligand57-0
360,GECSEM__ligand618-0
361,GECSEM__ligand3852-0
362,GECSEM__ligand2485-0
363,GECSEM__ligand3565-0
364,GECSEM__ligand17590-0
365,GECSEM__ligand1512-0
366,GECSEM__ligand5331-0
367,GECSEM__ligand17240-0
368,GECSEM__ligand391-0
369,GECSEM__ligand24750-0
370,GECSEM__ligand4546-0
371,GECSEM__ligand4503-0
372,GECSEM__ligand55-0
373,GECSEM__ligand8115-0
374,GECSEM__ligand17207-0
375,GECSEM__ligand393-0
376,GECSEM__ligand6768-0
377,GECSEM__ligand31578-0
378,GECSEM__ligand1982-0
379,GECSEM__ligand7000-0
380,GECSEM__ligand17945-0
381,GECSEM__ligand1285-0
382,GECSEM__ligand25224-0
383,GECSEM__ligand18013-0
384,GECSEM__ligand2232-0
385,GECSEM__ligand18703-0
386,GECSEM__ligand353-0
387,GECSEM__ligand2176-0
388,GECSEM__ligand9291-0
389,GECSEM__ligand29087-0
390,GECSEM__ligand9833-0
391,GECSEM__ligand7648-0
392,GECSEM__ligand8876-0
393,GECSEM__ligand2828-0
394,GECSEM__ligand5256-0
395,GECSEM__ligand68-0
396,GECSEM__ligand28924-0
397,GECSEM__ligand15438-0
398,GECSEM__ligand4157-0
399,GECSEM__ligand15168-0
400,GECSEM__ligand3954-0
401,GECSEM__ligand4093-0
402,GECSEM__ligand4442-0
403,GECSEM__ligand9520-0
404,GECSEM__ligand8699-0
405,GECSEM__ligand1160-0
406,GECSEM__ligand9784-0
407,GECSEM__ligand196-0
408,GECSEM__ligand23589-0
409,GECSEM__ligand24064-0
410,GECSEM__ligand4272-0
411,GECSEM__ligand1451-0
412,GECSEM__ligand7629-0
413,GECSEM__ligand34-0
414,GECSEM__ligand1304-0
415,GECSEM__ligand1790-0
416,GECSEM__ligand7280-0
417,GECSEM__ligand7238-0
418,GECSEM__ligand686-0
419,GECSEM__ligand4016-0
420,GECSEM__ligand22755-0
421,GECSEM__ligand10432-0
422,GECSEM__ligand31618-0
423,GECSEM__ligand422-0
424,GECSEM__ligand11432-0
425,GECSEM__ligand26277-0
426,GECSEM__ligand29898-0
427,GECSEM__ligand7867-0
428,GECSEM__ligand1219-0
429,GECSEM__ligand6709-0
430,GECSEM__ligand11622-0
431,GECSEM__ligand38-0
432,GECSEM__ligand16870-0
433,GECSEM__ligand2417-0
434,GECSEM__ligand1114-0
435,GECSEM__ligand16603-0
436,GECSEM__ligand6391-0
437,GECSEM__ligand3126-0
438,GECSEM__ligand9284-0
439,GECSEM__ligand11814-0
440,GECSEM__ligand1228-0
441,GECSEM__ligand757-0
442,GECSEM__ligand9943-0
443,GECSEM__ligand25658-0
444,GECSEM__ligand17686-0
445,GECSEM__ligand31205-0
446,GECSEM__ligand1604-0
447,GECSEM__ligand8788-0
448,GECSEM__ligand1832-0
449,GECSEM__ligand15455-0
450,GECSEM__ligand2043-0
451,GECSEM__ligand11177-0
452,GECSEM__ligand122-0
453,GECSEM__ligand18067-0
454,GECSEM__ligand19824-0
455,GECSEM__ligand1599-0
456,GECSEM__ligand2612-0
457,GECSEM__ligand13260-0
458,GECSEM__ligand10582-0
459,GECSEM__ligand11252-0
460,GECSEM__ligand693-0
461,GECSEM__ligand9450-0
462,GECSEM__ligand31000-0
463,GECSEM__ligand11606-0
464,GECSEM__ligand20821-0
465,GECSEM__ligand1289-0
466,GECSEM__ligand26673-0
467,GECSEM__ligand5387-0
468,GECSEM__ligand2203-0
469,GECSEM__ligand5649-0
470,GECSEM__ligand2788-0
471,GECSEM__ligand8793-0
472,GECSEM__ligand19668-0
473,GECSEM__ligand4649-0
474,GECSEM__ligand19906-0
475,GECSEM__ligand3244-0
476,GECSEM__ligand4711-0
477,GECSEM__ligand2906-0
478,GECSEM__ligand22353-0
479,GECSEM__ligand3178-0
480,GECSEM__ligand4807-0
481,GECSEM__ligand7196-0
482,GECSEM__ligand240-0
483,GECSEM__ligand5159-0
484,GECSEM__ligand5530-0
485,GECSEM__ligand1787-0
486,GECSEM__ligand1356-0
487,GECSEM__ligand141-0
488,GECSEM__ligand66-0
489,GECSEM__ligand9753-0
490,GECSEM__ligand10151-0
491,GECSEM__ligand7316-0
492,GECSEM__ligand16952-0
493,GECSEM__ligand29813-0
494,GECSEM__ligand5708-0
495,GECSEM__ligand6017-0
496,GECSEM__ligand384-0
497,GECSEM__ligand42-0
498,GECSEM__ligand15387-0
499,GECSEM__ligand20121-0
500,GECSEM__ligand5180-0
501,GECSEM__ligand20220-0
502,GECSEM__ligand11698-0
503,GECSEM__ligand7273-0
504,GECSEM__ligand20530-0
505,GECSEM__ligand9323-0
506,GECSEM__ligand14302-0
507,GECSEM__ligand13657-0
508,GECSEM__ligand14347-0
509,GECSEM__ligand24851-0
510,GECSEM__ligand7172-0
511,GECSEM__ligand10853-0
512,GECSEM__ligand8612-0
513,GECSEM__ligand29441-0
514,GECSEM__ligand768-0
515,GECSEM__ligand2124-0
516,GECSEM__ligand1116-0
517,GECSEM__ligand11479-0
518,GECSEM__ligand3225-0
519,GECSEM__ligand1153-0
520,GECSEM__ligand10479-0
521,GECSEM__ligand27610-0
522,GECSEM__ligand2260-0
523,GECSEM__ligand7092-0
524,GECSEM__ligand18158-0
525,GECSEM__ligand27771-0
526,GECSEM__ligand29565-0
527,GECSEM__ligand9773-0
528,GECSEM__ligand5510-0
529,GECSEM__ligand1376-0
530,GECSEM__ligand23682-0
531,GECSEM__ligand1197-0
532,GECSEM__ligand8592-0
533,GECSEM__ligand5099-0
534,GECSEM__ligand338-0
535,GECSEM__ligand1296-0
536,GECSEM__ligand16956-0
537,GECSEM__ligand14226-0
538,GECSEM__ligand21339-0
539,GECSEM__ligand20942-1
540,GECSEM__ligand2259-0
541,GECSEM__ligand2221-0
542,GECSEM__ligand4358-0
543,GECSEM__ligand3926-0
544,GECSEM__ligand3120-0
545,GECSEM__ligand27550-0
546,GECSEM__ligand18019-1
547,GECSEM__ligand14007-0
548,GECSEM__ligand4101-0
549,GECSEM__ligand5595-0
550,GECSEM__ligand11758-0
551,GECSEM__ligand22357-0
552,GECSEM__ligand5080-0
553,GECSEM__ligand7762-0
554,GECSEM__ligand321-0
555,GECSEM__ligand21448-0
556,GECSEM__ligand11544-0
557,GECSEM__ligand185-0
558,GECSEM__ligand11501-0
559,GECSEM__ligand279-0
560,GECSEM__ligand8002-0
561,GECSEM__ligand5509-0
562,GECSEM__ligand29214-0
563,GECSEM__ligand178-0
564,GECSEM__ligand1407-0
565,GECSEM__ligand6117-0
566,GECSEM__ligand7293-0
567,GECSEM__ligand2822-0
568,GECSEM__ligand3867-0
569,GECSEM__ligand1317-0
570,GECSEM__ligand17445-0
571,GECSEM__ligand17069-0
572,GECSEM__ligand14477-0
573,GECSEM__ligand201-0
574,GECSEM__ligand2238-0
575,GECSEM__ligand11798-0
576,GECSEM__ligand9167-0
577,GECSEM__ligand29334-0
578,GECSEM__ligand12413-0
579,GECSEM__ligand20731-0
580,GECSEM__ligand5304-0
581,GECSEM__ligand3677-1
582,GECSEM__ligand9883-0
583,GECSEM__ligand596-0
584,GECSEM__ligand941-0
585,GECSEM__ligand25048-0
586,GECSEM__ligand7291-0
587,GECSEM__ligand21940-0
588,GECSEM__ligand23445-0
589,GECSEM__ligand24953-0
590,GECSEM__ligand9299-0
591,GECSEM__ligand777-0
592,GECSEM__ligand27122-0
593,GECSEM__ligand20432-0
594,GECSEM__ligand2985-0
595,GECSEM__ligand4007-0
596,GECSEM__ligand16133-0
597,GECSEM__ligand13755-0
598,GECSEM__ligand366-0
599,GECSEM__ligand5383-0
600,GECSEM__ligand2693-0
601,GECSEM__ligand3945-0
602,GECSEM__ligand3736-0
603,GECSEM__ligand18-0
604,GECSEM__ligand8000-0
605,GECSEM__ligand657-0
606,GECSEM__ligand20557-0
607,GECSEM__ligand30004-0
608,GECSEM__ligand187-0
609,GECSEM__ligand9344-0
610,GECSEM__ligand1211-0
611,GECSEM__ligand24624-0
612,GECSEM__ligand20844-0
613,GECSEM__ligand18413-0
614,GECSEM__ligand845-0
615,GECSEM__ligand6892-0
616,GECSEM__ligand24560-0
617,GECSEM__ligand18757-0
618,GECSEM__ligand1499-0
619,GECSEM__ligand2881-0
620,GECSEM__ligand1464-0
621,GECSEM__ligand3712-0
622,GECSEM__ligand163-0
623,GECSEM__ligand13691-0
624,GECSEM__ligand126-0
625,GECSEM__ligand30788-0
626,GECSEM__ligand14339-0
627,GECSEM__ligand6699-0
628,GECSEM__ligand1168-0
629,GECSEM__ligand1294-0
630,GECSEM__ligand3677-0
631,GECSEM__ligand21752-0
632,GECSEM__ligand3632-0
633,GECSEM__ligand5630-0
634,GECSEM__ligand19184-0
635,GECSEM__ligand1786-0
636,GECSEM__ligand67-0
637,GECSEM__ligand18448-0
638,GECSEM__ligand12453-0
639,GECSEM__ligand28459-0
640,GECSEM__ligand3285-0
641,GECSEM__ligand4795-0
642,GECSEM__ligand1908-0
643,GECSEM__ligand4710-0
644,GECSEM__ligand409-0
645,GECSEM__ligand5755-0
646,GECSEM__ligand10371-0
647,GECSEM__ligand361-0
648,GECSEM__ligand324-0
649,GECSEM__ligand3144-0
650,GECSEM__ligand5085-0
651,GECSEM__ligand8042-0
652,GECSEM__ligand28685-0
653,GECSEM__ligand18568-0
654,GECSEM__ligand6112-0
655,GECSEM__ligand13672-0
656,GECSEM__ligand1828-0
657,GECSEM__ligand1397-0
658,GECSEM__ligand7213-0
659,GECSEM__ligand1216-0
660,GECSEM__ligand5019-0
661,GECSEM__ligand300-0
662,GECSEM__ligand1152-0
663,GECSEM__ligand29029-0
664,GECSEM__ligand3261-0
665,GECSEM__ligand27285-0
666,GECSEM__ligand1849-0
667,GECSEM__ligand23197-0
668,GECSEM__ligand588-0
669,GECSEM__ligand43-0
670,GECSEM__ligand5515-0
671,GECSEM__ligand6663-0
672,GECSEM__ligand5280-0
673,GECSEM__ligand5614-0
674,GECSEM__ligand199-0
675,GECSEM__ligand1831-0
676,GECSEM__ligand30142-0
677,GECSEM__ligand27669-0
678,GECSEM__ligand14167-0
679,GECSEM__ligand13477-0
680,GECSEM__ligand15883-0
681,GECSEM__ligand3042-0
682,GECSEM__ligand11970-0
683,GECSEM__ligand15926-0
684,GECSEM__ligand10828-0
685,GECSEM__ligand19792-0
686,GECSEM__ligand11447-0
687,GECSEM__ligand11096-0
688,GECSEM__ligand7438-0
689,GECSEM__ligand8200-0
690,GECSEM__ligand28810-0
691,GECSEM__ligand24230-0
692,GECSEM__ligand4063-0
693,GECSEM__ligand1150-0
694,GECSEM__ligand15531-0
695,GECSEM__ligand28743-0
696,GECSEM__ligand13862-0
697,GECSEM__ligand11357-0
698,GECSEM__ligand10056-0
699,GECSEM__ligand12365-0
700,GECSEM__ligand1539-0
701,GECSEM__ligand497-0
702,GECSEM__ligand633-0
703,GECSEM__ligand21919-0
704,GECSEM__ligand4207-0
705,GECSEM__ligand28930-0
706,GECSEM__ligand22168-0
707,GECSEM__ligand3453-0
708,GECSEM__ligand3416-0
709,GECSEM__ligand22294-0
710,GECSEM__ligand14614-0
711,GECSEM__ligand16663-0
712,GECSEM__ligand1288-0
713,GECSEM__ligand326-0
714,GECSEM__ligand4167-0
715,GECSEM__ligand31842-0
716,GECSEM__ligand31044-0
717,GECSEM__ligand11994-0
718,GECSEM__ligand4266-0
719,GECSEM__ligand1400-0
720,GECSEM__ligand24035-0
721,GECSEM__ligand9491-0
722,GECSEM__ligand9750-0
723,GECSEM__ligand1779-0
724,GECSEM__ligand11682-0
725,GECSEM__ligand692-0
726,GECSEM__ligand20207-0
727,GECSEM__ligand30711-0
728,GECSEM__ligand6993-0
729,GECSEM__ligand1817-0
730,GECSEM__ligand3980-0
731,GECSEM__ligand3557-0
732,GECSEM__ligand436-0
733,GECSEM__ligand1149-0
734,GECSEM__ligand7075-0
735,GECSEM__ligand8-0
736,GECSEM__ligand25913-0
737,GECSEM__ligand16988-0
738,GECSEM__ligand4262-0
739,GECSEM__ligand19-0
740,GECSEM__ligand24872-0
741,GECSEM__ligand656-0
742,GECSEM__ligand27840-0
743,GECSEM__ligand30728-0
744,GECSEM__ligand1028-0
745,GECSEM__ligand12001-0
746,GECSEM__ligand1618-0
747,GECSEM__ligand2692-0
748,GECSEM__ligand10033-0
749,GECSEM__ligand24644-0
750,GECSEM__ligand22444-0
751,GECSEM__ligand24111-0
752,GECSEM__ligand14569-0
753,GECSEM__ligand13385-0
754,GECSEM__ligand696-0
755,GECSEM__ligand17396-0
756,GECSEM__ligand15788-0
757,GECSEM__ligand1015-0
758,GECSEM__ligand23175-0
759,GECSEM__ligand1050-0
760,GECSEM__ligand24-0
761,GECSEM__ligand11587-0
762,GECSEM__ligand13220-0
763,GECSEM__ligand2027-0
764,GECSEM__ligand29486-0
765,GECSEM__ligand416-0
766,GECSEM__ligand1169-0
767,GECSEM__ligand8529-0
768,GECSEM__ligand383-0
769,GECSEM__ligand31694-0
770,GECSEM__ligand45-0
771,GECSEM__ligand162-0
772,GECSEM__ligand17427-0
773,GECSEM__ligand226-0
774,GECSEM__ligand22129-0
775,GECSEM__ligand1498-0
776,GECSEM__ligand24780-0
777,GECSEM__ligand4596-0
778,GECSEM__ligand12138-0
779,GECSEM__ligand11949-0
780,GECSEM__ligand78-0
781,GECSEM__ligand9615-0
782,GECSEM__ligand1154-0
783,GECSEM__ligand25561-0
784,GECSEM__ligand26324-0
785,GECSEM__ligand5201-0
786,GECSEM__ligand28559-0
787,GECSEM__ligand14043-0
788,GECSEM__ligand670-0
789,GECSEM__ligand19927-0
790,GECSEM__ligand534-0
791,GECSEM__ligand571-0
792,GECSEM__ligand8553-0
793,GECSEM__ligand1113-0
794,GECSEM__ligand27239-0
795,GECSEM__ligand21729-0
796,GECSEM__ligand9944-0
797,GECSEM__ligand26529-0
798,GECSEM__ligand8593-0
799,GECSEM__ligand7566-0
800,GECSEM__ligand2001-0
801,GECSEM__ligand11618-0
802,GECSEM__ligand430-0
803,GECSEM__ligand358-0
804,GECSEM__ligand3180-0
805,GECSEM__ligand22403-0
806,GECSEM__ligand2650-0
807,GECSEM__ligand2281-0
808,GECSEM__ligand4340-0
809,GECSEM__ligand488-0
810,GECSEM__ligand2823-0
811,GECSEM__ligand16369-0
812,GECSEM__ligand11111-0
813,GECSEM__ligand28540-0
814,GECSEM__ligand27754-0
815,GECSEM__ligand20695-0
816,GECSEM__ligand6995-0
817,GECSEM__ligand694-0
818,GECSEM__ligand4161-0
819,GECSEM__ligand3471-0
820,GECSEM__ligand4124-0
821,GECSEM__ligand29215-0
822,GECSEM__ligand5415-0
823,GECSEM__ligand10872-0
824,GECSEM__ligand21399-0
825,GECSEM__ligand26631-0
826,GECSEM__ligand16148-0
827,GECSEM__ligand12003-0
