,TMC
0,BUWFAA__ligand757-0
1,BUWFAA__ligand1479-0
2,BUWFAA__ligand92-0
3,BUWFAA__ligand1148-0
4,BUWFAA__ligand3246-0
5,BUWFAA__ligand17-0
6,BUWFAA__ligand797-0
7,BUWFAA__ligand1538-0
8,BUWFAA__ligand1114-0
9,BUWFAA__ligand9244-0
10,BUWFAA__ligand1228-0
11,BUWFAA__ligand3041-0
12,BUWFAA__ligand240-0
13,BUWFAA__ligand1542-0
14,BUWFAA__ligand2634-0
15,BUWFAA__ligand141-0
16,BUWFAA__ligand49-0
17,BUWFAA__ligand89-0
18,BUWFAA__ligand2751-0
19,BUWFAA__ligand3145-0
20,BUWFAA__ligand6686-0
21,BUWFAA__ligand1747-0
22,BUWFAA__ligand5548-0
23,BUWFAA__ligand7915-0
24,BUWFAA__ligand2863-0
25,BUWFAA__ligand6502-0
26,BUWFAA__ligand384-0
27,BUWFAA__ligand2098-0
28,BUWFAA__ligand6332-0
29,BUWFAA__ligand120-0
30,BUWFAA__ligand3178-0
31,BUWFAA__ligand3734-0
32,BUWFAA__ligand1706-0
33,BUWFAA__ligand4381-0
34,BUWFAA__ligand11-0
35,BUWFAA__ligand119-0
36,BUWFAA__ligand2629-0
37,BUWFAA__ligand124-0
38,BUWFAA__ligand100-0
39,BUWFAA__ligand2688-0
40,BUWFAA__ligand2259-0
41,BUWFAA__ligand244-0
42,BUWFAA__ligand201-0
43,BUWFAA__ligand2768-0
44,BUWFAA__ligand1376-0
45,BUWFAA__ligand6277-0
46,BUWFAA__ligand321-0
47,BUWFAA__ligand279-0
48,BUWFAA__ligand1687-0
49,BUWFAA__ligand178-0
50,BUWFAA__ligand1951-0
51,BUWFAA__ligand3757-0
52,BUWFAA__ligand366-0
53,BUWFAA__ligand1048-0
54,BUWFAA__ligand2087-0
55,BUWFAA__ligand861-0
56,BUWFAA__ligand612-0
57,BUWFAA__ligand187-0
58,BUWFAA__ligand1685-0
59,BUWFAA__ligand1544-0
60,BUWFAA__ligand596-0
61,BUWFAA__ligand1459-0
62,BUWFAA__ligand126-0
63,BUWFAA__ligand5801-0
64,BUWFAA__ligand1438-0
65,BUWFAA__ligand3063-0
66,BUWFAA__ligand1171-0
67,BUWFAA__ligand361-0
68,BUWFAA__ligand324-0
69,BUWFAA__ligand409-0
70,BUWFAA__ligand1727-0
71,BUWFAA__ligand1152-0
72,BUWFAA__ligand105-0
73,BUWFAA__ligand140-0
74,BUWFAA__ligand1607-0
75,BUWFAA__ligand48-0
76,BUWFAA__ligand29-0
77,BUWFAA__ligand927-0
78,BUWFAA__ligand2510-0
79,BUWFAA__ligand8921-0
80,BUWFAA__ligand11730-0
81,BUWFAA__ligand199-0
82,BUWFAA__ligand1567-0
83,BUWFAA__ligand91-0
84,BUWFAA__ligand2285-0
85,BUWFAA__ligand2862-0
86,BUWFAA__ligand1056-0
87,BUWFAA__ligand2320-0
88,BUWFAA__ligand2430-0
89,BUWFAA__ligand1703-0
90,BUWFAA__ligand2907-0
91,BUWFAA__ligand575-0
92,BUWFAA__ligand51-0
93,BUWFAA__ligand497-0
94,BUWFAA__ligand918-0
95,BUWFAA__ligand7464-0
96,BUWFAA__ligand633-0
97,BUWFAA__ligand532-0
98,BUWFAA__ligand4303-0
99,BUWFAA__ligand1248-0
100,BUWFAA__ligand166-0
101,BUWFAA__ligand1598-0
102,BUWFAA__ligand838-0
103,BUWFAA__ligand1054-0
104,BUWFAA__ligand6294-0
105,BUWFAA__ligand142-0
106,BUWFAA__ligand3637-0
107,BUWFAA__ligand206-0
108,BUWFAA__ligand436-0
109,BUWFAA__ligand8774-0
110,BUWFAA__ligand821-0
111,BUWFAA__ligand326-0
112,BUWFAA__ligand553-0
113,BUWFAA__ligand32-0
114,BUWFAA__ligand283-0
115,BUWFAA__ligand1169-0
116,BUWFAA__ligand5022-0
117,BUWFAA__ligand73-0
118,BUWFAA__ligand1799-0
119,BUWFAA__ligand3838-0
120,BUWFAA__ligand2838-0
121,BUWFAA__ligand5941-0
122,BUWFAA__ligand2880-0
123,BUWFAA__ligand2142-0
124,BUWFAA__ligand57-0
125,BUWFAA__ligand6538-0
126,BUWFAA__ligand2772-0
127,BUWFAA__ligand6151-0
128,BUWFAA__ligand9495-0
129,BUWFAA__ligand2864-0
130,BUWFAA__ligand383-0
131,BUWFAA__ligand162-0
132,BUWFAA__ligand226-0
133,BUWFAA__ligand1052-0
134,BUWFAA__ligand509-0
135,BUWFAA__ligand95-0
136,BUWFAA__ligand8-0
137,BUWFAA__ligand670-0
138,BUWFAA__ligand55-0
139,BUWFAA__ligand118-0
140,BUWFAA__ligand1273-0
141,BUWFAA__ligand571-0
142,BUWFAA__ligand278-0
143,BUWFAA__ligand6396-0
144,BUWFAA__ligand2265-0
145,BUWFAA__ligand34-0
146,BUWFAA__ligand1113-0
147,BUWFAA__ligand365-0
148,BUWFAA__ligand9027-0
149,BUWFAA__ligand358-0
150,BUWFAA__ligand430-0
151,BUWFAA__ligand4983-0
152,BUWFAA__ligand1835-0
153,BUWFAA__ligand2345-0
154,BUWFAA__ligand2794-0
155,BUWFAA__ligand669-0
156,BUWFAA__ligand1502-0
157,BUWFAA__ligand311-0
158,BUWFAA__ligand1712-0
159,BUWFAA__ligand40-0
160,BUWFAA__ligand3579-0
161,BUWFAA__ligand2916-0
162,BUWFAA__ligand2110-0
163,BUWFAA__ligand188-0
164,BUWFAA__ligand1919-0
165,BUWFAA__ligand38-0
166,BUWFAA__ligand444-0
167,BUWFAA__ligand369-0
168,BUWFAA__ligand2389-0
169,BUWFAA__ligand5334-0
170,BUWFAA__ligand250-0
171,BUWFAA__ligand1898-0
172,BUWFAA__ligand2480-0
173,BUWFAA__ligand4504-0
174,BUWFAA__ligand3051-0
175,BUWFAA__ligand460-0
176,BUWFAA__ligand2315-0
177,BUWFAA__ligand1858-0
178,BUWFAA__ligand370-0
179,BUWFAA__ligand8032-0
180,BUWFAA__ligand4-0
181,BUWFAA__ligand21-0
182,BUWFAA__ligand1019-0
183,BUWFAA__ligand830-0
184,BUWFAA__ligand2442-0
185,BUWFAA__ligand1104-0
186,BUWFAA__ligand66-0
187,BUWFAA__ligand5762-0
188,BUWFAA__ligand7414-0
189,BUWFAA__ligand193-0
190,BUWFAA__ligand6-0
191,BUWFAA__ligand252-0
192,BUWFAA__ligand955-0
193,BUWFAA__ligand6571-0
194,BUWFAA__ligand2482-0
195,BUWFAA__ligand1325-0
196,BUWFAA__ligand934-0
197,BUWFAA__ligand177-0
198,BUWFAA__ligand2929-0
199,BUWFAA__ligand2376-0
200,BUWFAA__ligand851-0
201,BUWFAA__ligand1379-0
202,BUWFAA__ligand1221-0
203,BUWFAA__ligand1264-0
204,BUWFAA__ligand1299-0
205,BUWFAA__ligand909-0
206,BUWFAA__ligand6430-0
207,BUWFAA__ligand868-0
208,BUWFAA__ligand7514-0
209,BUWFAA__ligand3337-0
210,BUWFAA__ligand442-0
211,BUWFAA__ligand86-0
212,BUWFAA__ligand4811-0
213,BUWFAA__ligand1449-1
214,BUWFAA__ligand136-0
215,BUWFAA__ligand9620-0
216,BUWFAA__ligand1260-0
217,BUWFAA__ligand4894-0
218,BUWFAA__ligand783-0
219,BUWFAA__ligand352-0
220,BUWFAA__ligand197-0
221,BUWFAA__ligand15630-0
222,BUWFAA__ligand62-0
223,BUWFAA__ligand296-0
224,BUWFAA__ligand10357-0
225,BUWFAA__ligand1788-0
226,BUWFAA__ligand1321-0
227,BUWFAA__ligand1178-0
228,BUWFAA__ligand3566-0
229,BUWFAA__ligand112-0
230,BUWFAA__ligand798-0
231,BUWFAA__ligand2853-0
232,BUWFAA__ligand3853-0
233,BUWFAA__ligand421-0
234,BUWFAA__ligand2599-0
235,BUWFAA__ligand5089-0
236,BUWFAA__ligand916-0
237,BUWFAA__ligand584-0
238,BUWFAA__ligand18-0
239,BUWFAA__ligand294-0
240,BUWFAA__ligand1246-0
241,BUWFAA__ligand993-0
242,BUWFAA__ligand6166-0
243,BUWFAA__ligand331-0
244,BUWFAA__ligand560-0
245,BUWFAA__ligand525-0
246,BUWFAA__ligand109-0
247,BUWFAA__ligand1307-0
248,BUWFAA__ligand390-0
249,BUWFAA__ligand932-0
250,BUWFAA__ligand134-0
251,BUWFAA__ligand235-0
252,BUWFAA__ligand1551-0
253,BUWFAA__ligand682-0
254,BUWFAA__ligand2526-0
255,BUWFAA__ligand67-0
256,BUWFAA__ligand1690-0
257,BUWFAA__ligand2707-0
258,BUWFAA__ligand522-0
259,BUWFAA__ligand2915-0
260,BUWFAA__ligand666-0
261,BUWFAA__ligand487-0
262,BUWFAA__ligand447-0
263,BUWFAA__ligand133-0
264,BUWFAA__ligand4012-0
265,BUWFAA__ligand3196-0
266,BUWFAA__ligand1918-0
267,BUWFAA__ligand2255-0
268,BUWFAA__ligand784-0
269,BUWFAA__ligand355-0
270,BUWFAA__ligand485-0
271,BUWFAA__ligand4175-0
272,BUWFAA__ligand2618-0
273,BUWFAA__ligand3618-0
274,BUWFAA__ligand291-0
275,BUWFAA__ligand1436-0
276,BUWFAA__ligand115-0
277,BUWFAA__ligand4370-0
278,BUWFAA__ligand1818-0
279,BUWFAA__ligand7456-0
280,BUWFAA__ligand10479-0
281,BUWFAA__ligand1-0
282,BUWFAA__ligand210-0
283,BUWFAA__ligand5758-0
284,BUWFAA__ligand3478-0
285,BUWFAA__ligand3852-0
286,BUWFAA__ligand78-0
287,BUWFAA__ligand170-0
288,BUWFAA__ligand9176-0
289,BUWFAA__ligand85-0
290,BUWFAA__ligand3070-0
291,BUWFAA__ligand3035-0
292,BUWFAA__ligand2718-0
293,BUWFAA__ligand10114-0
294,BUWFAA__ligand391-0
295,BUWFAA__ligand1493-0
296,BUWFAA__ligand4619-0
297,BUWFAA__ligand481-0
298,BUWFAA__ligand6143-0
299,BUWFAA__ligand314-0
300,BUWFAA__ligand5235-0
301,BUWFAA__ligand3251-0
302,BUWFAA__ligand45-0
303,BUWFAA__ligand353-0
304,BUWFAA__ligand2762-0
305,BUWFAA__ligand1038-0
306,BUWFAA__ligand1160-0
307,BUWFAA__ligand2253-0
308,BUWFAA__ligand2954-0
309,BUWFAA__ligand5093-0
310,BUWFAA__ligand236-0
311,BUWFAA__ligand7550-0
312,BUWFAA__ligand10910-0
313,BUWFAA__ligand113-0
314,BUWFAA__ligand1285-0
315,BUWFAA__ligand1555-0
316,BUWFAA__ligand7630-0
317,BUWFAA__ligand422-0
318,BUWFAA__ligand3890-0
319,BUWFAA__ligand4423-0
320,BUWFAA__ligand502-0
321,BUWFAA__ligand196-0
322,BUWFAA__ligand3-0
323,BUWFAA__ligand1907-0
324,BUWFAA__ligand14530-0
