,TMC
0,NUBQIM__ligand1858-0
1,NUBQIM__ligand199-0
2,NUBQIM__ligand8032-0
3,NUBQIM__ligand927-0
4,NUBQIM__ligand3051-0
5,NUBQIM__ligand4504-0
6,NUBQIM__ligand2480-0
7,NUBQIM__ligand1898-0
8,NUBQIM__ligand575-0
9,NUBQIM__ligand2315-0
10,NUBQIM__ligand5334-0
11,NUBQIM__ligand2389-0
12,NUBQIM__ligand361-0
13,NUBQIM__ligand18-0
14,NUBQIM__ligand324-0
15,NUBQIM__ligand409-0
16,NUBQIM__ligand11730-0
17,NUBQIM__ligand1919-0
18,NUBQIM__ligand3579-0
19,NUBQIM__ligand2110-0
20,NUBQIM__ligand2916-0
21,NUBQIM__ligand105-0
22,NUBQIM__ligand140-0
23,NUBQIM__ligand1712-0
24,NUBQIM__ligand1264-0
25,NUBQIM__ligand1221-0
26,NUBQIM__ligand436-0
27,NUBQIM__ligand6430-0
28,NUBQIM__ligand1299-0
29,NUBQIM__ligand62-0
30,NUBQIM__ligand206-0
31,NUBQIM__ligand1379-0
32,NUBQIM__ligand142-0
33,NUBQIM__ligand283-0
34,NUBQIM__ligand2376-0
35,NUBQIM__ligand553-0
36,NUBQIM__ligand326-0
37,NUBQIM__ligand2929-0
38,NUBQIM__ligand821-0
39,NUBQIM__ligand6571-0
40,NUBQIM__ligand532-0
41,NUBQIM__ligand918-0
42,NUBQIM__ligand1325-0
43,NUBQIM__ligand633-0
44,NUBQIM__ligand2482-0
45,NUBQIM__ligand497-0
46,NUBQIM__ligand86-0
47,NUBQIM__ligand7414-0
48,NUBQIM__ligand5762-0
49,NUBQIM__ligand1104-0
50,NUBQIM__ligand838-0
51,NUBQIM__ligand166-0
52,NUBQIM__ligand2442-0
53,NUBQIM__ligand8-0
54,NUBQIM__ligand1019-0
55,NUBQIM__ligand3566-0
56,NUBQIM__ligand1178-0
57,NUBQIM__ligand1321-0
58,NUBQIM__ligand226-0
59,NUBQIM__ligand162-0
60,NUBQIM__ligand1788-0
61,NUBQIM__ligand383-0
62,NUBQIM__ligand66-0
63,NUBQIM__ligand4894-0
64,NUBQIM__ligand1260-0
65,NUBQIM__ligand9620-0
66,NUBQIM__ligand1449-1
67,NUBQIM__ligand4811-0
68,NUBQIM__ligand3337-0
69,NUBQIM__ligand7514-0
70,NUBQIM__ligand365-0
71,NUBQIM__ligand1307-0
72,NUBQIM__ligand278-0
73,NUBQIM__ligand669-0
74,NUBQIM__ligand21-0
75,NUBQIM__ligand358-0
76,NUBQIM__ligand430-0
77,NUBQIM__ligand6166-0
78,NUBQIM__ligand509-0
79,NUBQIM__ligand40-0
80,NUBQIM__ligand1246-0
81,NUBQIM__ligand5089-0
82,NUBQIM__ligand2599-0
83,NUBQIM__ligand38-0
84,NUBQIM__ligand571-0
85,NUBQIM__ligand3853-0
86,NUBQIM__ligand2853-0
87,NUBQIM__ligand670-0
88,NUBQIM__ligand118-0
89,NUBQIM__ligand3196-0
90,NUBQIM__ligand4012-0
91,NUBQIM__ligand2915-0
92,NUBQIM__ligand2707-0
93,NUBQIM__ligand757-0
94,NUBQIM__ligand1690-0
95,NUBQIM__ligand1551-0
96,NUBQIM__ligand797-0
97,NUBQIM__ligand2526-0
98,NUBQIM__ligand78-0
99,NUBQIM__ligand85-0
100,NUBQIM__ligand4370-0
101,NUBQIM__ligand120-0
102,NUBQIM__ligand1436-0
103,NUBQIM__ligand384-0
104,NUBQIM__ligand3618-0
105,NUBQIM__ligand2618-0
106,NUBQIM__ligand45-0
107,NUBQIM__ligand141-0
108,NUBQIM__ligand240-0
109,NUBQIM__ligand4175-0
110,NUBQIM__ligand2255-0
111,NUBQIM__ligand1918-0
112,NUBQIM__ligand3251-0
113,NUBQIM__ligand244-0
114,NUBQIM__ligand201-0
115,NUBQIM__ligand4619-0
116,NUBQIM__ligand5235-0
117,NUBQIM__ligand100-0
118,NUBQIM__ligand6143-0
119,NUBQIM__ligand178-0
120,NUBQIM__ligand2718-0
121,NUBQIM__ligand3035-0
122,NUBQIM__ligand3070-0
123,NUBQIM__ligand279-0
124,NUBQIM__ligand1493-0
125,NUBQIM__ligand321-0
126,NUBQIM__ligand9176-0
127,NUBQIM__ligand3478-0
128,NUBQIM__ligand3852-0
129,NUBQIM__ligand119-0
130,NUBQIM__ligand5758-0
131,NUBQIM__ligand7456-0
132,NUBQIM__ligand124-0
133,NUBQIM__ligand1818-0
134,NUBQIM__ligand4423-0
135,NUBQIM__ligand1907-0
136,NUBQIM__ligand3890-0
137,NUBQIM__ligand126-0
138,NUBQIM__ligand7630-0
139,NUBQIM__ligand1285-0
140,NUBQIM__ligand1555-0
141,NUBQIM__ligand187-0
142,NUBQIM__ligand7550-0
143,NUBQIM__ligand612-0
144,NUBQIM__ligand861-0
145,NUBQIM__ligand366-0
146,NUBQIM__ligand2253-0
147,NUBQIM__ligand1160-0
148,NUBQIM__ligand67-0
149,NUBQIM__ligand5093-0
150,NUBQIM__ligand2954-0
151,NUBQIM__ligand596-0
152,NUBQIM__ligand2762-0
153,NUBQIM__ligand1038-0
154,NUBQIM__ligand9244-0
155,NUBQIM__ligand487-0
156,NUBQIM__ligand1228-0
157,NUBQIM__ligand666-0
158,NUBQIM__ligand522-0
159,NUBQIM__ligand133-0
160,NUBQIM__ligand1538-0
161,NUBQIM__ligand1114-0
162,NUBQIM__ligand447-0
163,NUBQIM__ligand682-0
164,NUBQIM__ligand3246-0
165,NUBQIM__ligand1148-0
166,NUBQIM__ligand1-0
167,NUBQIM__ligand1479-0
168,NUBQIM__ligand6332-0
169,NUBQIM__ligand3178-0
170,NUBQIM__ligand2863-0
171,NUBQIM__ligand291-0
172,NUBQIM__ligand3-0
173,NUBQIM__ligand2098-0
174,NUBQIM__ligand6502-0
175,NUBQIM__ligand1747-0
176,NUBQIM__ligand6686-0
177,NUBQIM__ligand115-0
178,NUBQIM__ligand7915-0
179,NUBQIM__ligand5548-0
180,NUBQIM__ligand3145-0
181,NUBQIM__ligand2751-0
182,NUBQIM__ligand11-0
183,NUBQIM__ligand2634-0
184,NUBQIM__ligand485-0
185,NUBQIM__ligand1542-0
186,NUBQIM__ligand784-0
187,NUBQIM__ligand355-0
188,NUBQIM__ligand3041-0
189,NUBQIM__ligand1687-0
190,NUBQIM__ligand391-0
191,NUBQIM__ligand10479-0
192,NUBQIM__ligand1951-0
193,NUBQIM__ligand6277-0
194,NUBQIM__ligand170-0
195,NUBQIM__ligand1376-0
196,NUBQIM__ligand2768-0
197,NUBQIM__ligand2259-0
198,NUBQIM__ligand2688-0
199,NUBQIM__ligand314-0
200,NUBQIM__ligand481-0
201,NUBQIM__ligand10114-0
202,NUBQIM__ligand49-0
203,NUBQIM__ligand4381-0
204,NUBQIM__ligand2629-0
205,NUBQIM__ligand89-0
206,NUBQIM__ligand3734-0
207,NUBQIM__ligand1706-0
208,NUBQIM__ligand210-0
209,NUBQIM__ligand1171-0
210,NUBQIM__ligand422-0
211,NUBQIM__ligand113-0
212,NUBQIM__ligand3063-0
213,NUBQIM__ligand1438-0
214,NUBQIM__ligand502-0
215,NUBQIM__ligand196-0
216,NUBQIM__ligand10910-0
217,NUBQIM__ligand5801-0
218,NUBQIM__ligand1459-0
219,NUBQIM__ligand1544-0
220,NUBQIM__ligand92-0
221,NUBQIM__ligand353-0
222,NUBQIM__ligand17-0
223,NUBQIM__ligand14530-0
224,NUBQIM__ligand1685-0
225,NUBQIM__ligand3757-0
226,NUBQIM__ligand2087-0
227,NUBQIM__ligand236-0
228,NUBQIM__ligand1048-0
229,NUBQIM__ligand2907-0
230,NUBQIM__ligand34-0
231,NUBQIM__ligand460-0
232,NUBQIM__ligand1703-0
233,NUBQIM__ligand250-0
234,NUBQIM__ligand2430-0
235,NUBQIM__ligand2862-0
236,NUBQIM__ligand2320-0
237,NUBQIM__ligand1056-0
238,NUBQIM__ligand2510-0
239,NUBQIM__ligand370-0
240,NUBQIM__ligand2285-0
241,NUBQIM__ligand1567-0
242,NUBQIM__ligand8921-0
243,NUBQIM__ligand95-0
244,NUBQIM__ligand311-0
245,NUBQIM__ligand1607-0
246,NUBQIM__ligand1152-0
247,NUBQIM__ligand444-0
248,NUBQIM__ligand369-0
249,NUBQIM__ligand55-0
250,NUBQIM__ligand188-0
251,NUBQIM__ligand1727-0
252,NUBQIM__ligand57-0
253,NUBQIM__ligand934-0
254,NUBQIM__ligand177-0
255,NUBQIM__ligand8774-0
256,NUBQIM__ligand909-0
257,NUBQIM__ligand851-0
258,NUBQIM__ligand3637-0
259,NUBQIM__ligand193-0
260,NUBQIM__ligand1054-0
261,NUBQIM__ligand6294-0
262,NUBQIM__ligand1248-0
263,NUBQIM__ligand830-0
264,NUBQIM__ligand4303-0
265,NUBQIM__ligand1598-0
266,NUBQIM__ligand7464-0
267,NUBQIM__ligand73-0
268,NUBQIM__ligand955-0
269,NUBQIM__ligand252-0
270,NUBQIM__ligand2864-0
271,NUBQIM__ligand296-0
272,NUBQIM__ligand197-0
273,NUBQIM__ligand4-0
274,NUBQIM__ligand6538-0
275,NUBQIM__ligand9495-0
276,NUBQIM__ligand6151-0
277,NUBQIM__ligand2772-0
278,NUBQIM__ligand112-0
279,NUBQIM__ligand2142-0
280,NUBQIM__ligand32-0
281,NUBQIM__ligand136-0
282,NUBQIM__ligand2838-0
283,NUBQIM__ligand3838-0
284,NUBQIM__ligand1799-0
285,NUBQIM__ligand2880-0
286,NUBQIM__ligand5941-0
287,NUBQIM__ligand15630-0
288,NUBQIM__ligand442-0
289,NUBQIM__ligand868-0
290,NUBQIM__ligand10357-0
291,NUBQIM__ligand783-0
292,NUBQIM__ligand5022-0
293,NUBQIM__ligand352-0
294,NUBQIM__ligand1169-0
295,NUBQIM__ligand29-0
296,NUBQIM__ligand91-0
297,NUBQIM__ligand1502-0
298,NUBQIM__ligand4983-0
299,NUBQIM__ligand109-0
300,NUBQIM__ligand560-0
301,NUBQIM__ligand2794-0
302,NUBQIM__ligand2345-0
303,NUBQIM__ligand525-0
304,NUBQIM__ligand1835-0
305,NUBQIM__ligand235-0
306,NUBQIM__ligand9027-0
307,NUBQIM__ligand932-0
308,NUBQIM__ligand134-0
309,NUBQIM__ligand6396-0
310,NUBQIM__ligand390-0
311,NUBQIM__ligand1113-0
312,NUBQIM__ligand2265-0
313,NUBQIM__ligand51-0
314,NUBQIM__ligand916-0
315,NUBQIM__ligand584-0
316,NUBQIM__ligand798-0
317,NUBQIM__ligand421-0
318,NUBQIM__ligand1273-0
319,NUBQIM__ligand331-0
320,NUBQIM__ligand48-0
321,NUBQIM__ligand6-0
322,NUBQIM__ligand993-0
323,NUBQIM__ligand1052-0
324,NUBQIM__ligand294-0
