,TMC
0,VOFNAI__ligand15387-0
1,VOFNAI__ligand279-0
2,VOFNAI__ligand185-0
3,VOFNAI__ligand20121-0
4,VOFNAI__ligand178-0
5,VOFNAI__ligand7925-0
6,VOFNAI__ligand2068-0
7,VOFNAI__ligand20220-0
8,VOFNAI__ligand3973-0
9,VOFNAI__ligand29813-0
10,VOFNAI__ligand16952-0
11,VOFNAI__ligand19-0
12,VOFNAI__ligand321-0
13,VOFNAI__ligand1147-0
14,VOFNAI__ligand24-0
15,VOFNAI__ligand29441-0
16,VOFNAI__ligand10853-0
17,VOFNAI__ligand4330-0
18,VOFNAI__ligand27610-0
19,VOFNAI__ligand10479-0
20,VOFNAI__ligand2599-0
21,VOFNAI__ligand11479-0
22,VOFNAI__ligand20530-0
23,VOFNAI__ligand11698-0
24,VOFNAI__ligand14347-0
25,VOFNAI__ligand13657-0
26,VOFNAI__ligand14302-0
27,VOFNAI__ligand4194-0
28,VOFNAI__ligand201-0
29,VOFNAI__ligand24851-0
30,VOFNAI__ligand7532-0
31,VOFNAI__ligand6062-0
32,VOFNAI__ligand22353-0
33,VOFNAI__ligand4738-0
34,VOFNAI__ligand338-0
35,VOFNAI__ligand45-0
36,VOFNAI__ligand5813-0
37,VOFNAI__ligand4813-0
38,VOFNAI__ligand19668-0
39,VOFNAI__ligand6283-0
40,VOFNAI__ligand19906-0
41,VOFNAI__ligand7107-0
42,VOFNAI__ligand10151-0
43,VOFNAI__ligand3215-0
44,VOFNAI__ligand78-0
45,VOFNAI__ligand10582-0
46,VOFNAI__ligand13260-0
47,VOFNAI__ligand7529-0
48,VOFNAI__ligand1415-0
49,VOFNAI__ligand6946-0
50,VOFNAI__ligand11252-0
51,VOFNAI__ligand845-0
52,VOFNAI__ligand19824-0
53,VOFNAI__ligand18067-0
54,VOFNAI__ligand9148-0
55,VOFNAI__ligand5483-0
56,VOFNAI__ligand20821-0
57,VOFNAI__ligand5316-0
58,VOFNAI__ligand26673-0
59,VOFNAI__ligand126-0
60,VOFNAI__ligand31000-0
61,VOFNAI__ligand163-0
62,VOFNAI__ligand2830-0
63,VOFNAI__ligand1729-0
64,VOFNAI__ligand11606-0
65,VOFNAI__ligand5627-0
66,VOFNAI__ligand777-0
67,VOFNAI__ligand16603-0
68,VOFNAI__ligand4332-0
69,VOFNAI__ligand9681-0
70,VOFNAI__ligand11814-0
71,VOFNAI__ligand11622-0
72,VOFNAI__ligand7530-0
73,VOFNAI__ligand1065-0
74,VOFNAI__ligand16870-0
75,VOFNAI__ligand3012-0
76,VOFNAI__ligand1449-0
77,VOFNAI__ligand941-0
78,VOFNAI__ligand596-0
79,VOFNAI__ligand657-0
80,VOFNAI__ligand15455-0
81,VOFNAI__ligand187-0
82,VOFNAI__ligand11177-0
83,VOFNAI__ligand2403-0
84,VOFNAI__ligand17686-0
85,VOFNAI__ligand6455-0
86,VOFNAI__ligand25658-0
87,VOFNAI__ligand6882-0
88,VOFNAI__ligand366-0
89,VOFNAI__ligand8-0
90,VOFNAI__ligand31205-0
91,VOFNAI__ligand3934-0
92,VOFNAI__ligand8349-0
93,VOFNAI__ligand1709-0
94,VOFNAI__ligand8464-0
95,VOFNAI__ligand693-0
96,VOFNAI__ligand18413-0
97,VOFNAI__ligand20844-0
98,VOFNAI__ligand24624-0
99,VOFNAI__ligand2527-0
100,VOFNAI__ligand67-0
101,VOFNAI__ligand18757-0
102,VOFNAI__ligand24560-0
103,VOFNAI__ligand21752-0
104,VOFNAI__ligand5849-0
105,VOFNAI__ligand30788-0
106,VOFNAI__ligand4911-0
107,VOFNAI__ligand1771-0
108,VOFNAI__ligand13691-0
109,VOFNAI__ligand14339-0
110,VOFNAI__ligand3392-0
111,VOFNAI__ligand24953-0
112,VOFNAI__ligand23445-0
113,VOFNAI__ligand9525-0
114,VOFNAI__ligand1165-0
115,VOFNAI__ligand20432-0
116,VOFNAI__ligand27122-0
117,VOFNAI__ligand3157-0
118,VOFNAI__ligand13755-0
119,VOFNAI__ligand16133-0
120,VOFNAI__ligand2722-0
121,VOFNAI__ligand1379-0
122,VOFNAI__ligand25048-0
123,VOFNAI__ligand5935-0
124,VOFNAI__ligand21940-0
125,VOFNAI__ligand1768-0
126,VOFNAI__ligand1469-0
127,VOFNAI__ligand30004-0
128,VOFNAI__ligand20557-0
129,VOFNAI__ligand122-0
130,VOFNAI__ligand3871-0
131,VOFNAI__ligand5357-0
132,VOFNAI__ligand3647-0
133,VOFNAI__ligand1688-0
134,VOFNAI__ligand757-0
135,VOFNAI__ligand43-0
136,VOFNAI__ligand5056-0
137,VOFNAI__ligand4850-0
138,VOFNAI__ligand11501-0
139,VOFNAI__ligand11544-0
140,VOFNAI__ligand29214-0
141,VOFNAI__ligand7557-0
142,VOFNAI__ligand1496-0
143,VOFNAI__ligand22357-0
144,VOFNAI__ligand11758-0
145,VOFNAI__ligand384-0
146,VOFNAI__ligand21448-0
147,VOFNAI__ligand1533-0
148,VOFNAI__ligand5892-0
149,VOFNAI__ligand5094-0
150,VOFNAI__ligand768-0
151,VOFNAI__ligand11798-0
152,VOFNAI__ligand12413-0
153,VOFNAI__ligand29334-0
154,VOFNAI__ligand20731-0
155,VOFNAI__ligand1712-0
156,VOFNAI__ligand4131-0
157,VOFNAI__ligand17445-0
158,VOFNAI__ligand17069-0
159,VOFNAI__ligand14477-0
160,VOFNAI__ligand9197-0
161,VOFNAI__ligand1900-0
162,VOFNAI__ligand20942-1
163,VOFNAI__ligand21339-0
164,VOFNAI__ligand14226-0
165,VOFNAI__ligand16956-0
166,VOFNAI__ligand18158-0
167,VOFNAI__ligand7162-0
168,VOFNAI__ligand3029-0
169,VOFNAI__ligand27771-0
170,VOFNAI__ligand4581-0
171,VOFNAI__ligand1773-0
172,VOFNAI__ligand29565-0
173,VOFNAI__ligand2328-0
174,VOFNAI__ligand23682-0
175,VOFNAI__ligand18019-1
176,VOFNAI__ligand240-0
177,VOFNAI__ligand2781-0
178,VOFNAI__ligand14007-0
179,VOFNAI__ligand7573-0
180,VOFNAI__ligand3350-0
181,VOFNAI__ligand141-0
182,VOFNAI__ligand8722-0
183,VOFNAI__ligand1327-0
184,VOFNAI__ligand9809-0
185,VOFNAI__ligand6672-0
186,VOFNAI__ligand27550-0
187,VOFNAI__ligand3208-0
188,VOFNAI__ligand2208-0
189,VOFNAI__ligand31044-0
190,VOFNAI__ligand162-0
191,VOFNAI__ligand31842-0
192,VOFNAI__ligand7280-0
193,VOFNAI__ligand11994-0
194,VOFNAI__ligand1790-0
195,VOFNAI__ligand1304-0
196,VOFNAI__ligand7238-0
197,VOFNAI__ligand24035-0
198,VOFNAI__ligand226-0
199,VOFNAI__ligand14614-0
200,VOFNAI__ligand4016-0
201,VOFNAI__ligand416-0
202,VOFNAI__ligand7867-0
203,VOFNAI__ligand16663-0
204,VOFNAI__ligand1219-0
205,VOFNAI__ligand6709-0
206,VOFNAI__ligand383-0
207,VOFNAI__ligand4093-0
208,VOFNAI__ligand4442-0
209,VOFNAI__ligand3954-0
210,VOFNAI__ligand16988-0
211,VOFNAI__ligand25913-0
212,VOFNAI__ligand9520-0
213,VOFNAI__ligand1160-0
214,VOFNAI__ligand8699-0
215,VOFNAI__ligand9784-0
216,VOFNAI__ligand1451-0
217,VOFNAI__ligand4272-0
218,VOFNAI__ligand11682-0
219,VOFNAI__ligand7629-0
220,VOFNAI__ligand30711-0
221,VOFNAI__ligand20207-0
222,VOFNAI__ligand15926-0
223,VOFNAI__ligand2232-0
224,VOFNAI__ligand19792-0
225,VOFNAI__ligand10828-0
226,VOFNAI__ligand28810-0
227,VOFNAI__ligand2176-0
228,VOFNAI__ligand11096-0
229,VOFNAI__ligand11447-0
230,VOFNAI__ligand24230-0
231,VOFNAI__ligand9291-0
232,VOFNAI__ligand656-0
233,VOFNAI__ligand8876-0
234,VOFNAI__ligand2828-0
235,VOFNAI__ligand7648-0
236,VOFNAI__ligand9833-0
237,VOFNAI__ligand15883-0
238,VOFNAI__ligand5256-0
239,VOFNAI__ligand4157-0
240,VOFNAI__ligand11970-0
241,VOFNAI__ligand21919-0
242,VOFNAI__ligand696-0
243,VOFNAI__ligand22168-0
244,VOFNAI__ligand4503-0
245,VOFNAI__ligand28930-0
246,VOFNAI__ligand4546-0
247,VOFNAI__ligand22294-0
248,VOFNAI__ligand6768-0
249,VOFNAI__ligand8115-0
250,VOFNAI__ligand7000-0
251,VOFNAI__ligand11357-0
252,VOFNAI__ligand13862-0
253,VOFNAI__ligand1982-0
254,VOFNAI__ligand28743-0
255,VOFNAI__ligand15531-0
256,VOFNAI__ligand12365-0
257,VOFNAI__ligand10056-0
258,VOFNAI__ligand1285-0
259,VOFNAI__ligand6919-0
260,VOFNAI__ligand2485-0
261,VOFNAI__ligand3852-0
262,VOFNAI__ligand694-0
263,VOFNAI__ligand23197-0
264,VOFNAI__ligand358-0
265,VOFNAI__ligand3565-0
266,VOFNAI__ligand430-0
267,VOFNAI__ligand488-0
268,VOFNAI__ligand5331-0
269,VOFNAI__ligand1512-0
270,VOFNAI__ligand27285-0
271,VOFNAI__ligand29029-0
272,VOFNAI__ligand6839-0
273,VOFNAI__ligand30142-0
274,VOFNAI__ligand27669-0
275,VOFNAI__ligand3174-0
276,VOFNAI__ligand1202-0
277,VOFNAI__ligand3937-0
278,VOFNAI__ligand3131-0
279,VOFNAI__ligand8969-0
280,VOFNAI__ligand18-0
281,VOFNAI__ligand4720-0
282,VOFNAI__ligand13477-0
283,VOFNAI__ligand14167-0
284,VOFNAI__ligand4155-0
285,VOFNAI__ligand3094-0
286,VOFNAI__ligand5211-0
287,VOFNAI__ligand12453-0
288,VOFNAI__ligand18448-0
289,VOFNAI__ligand28459-0
290,VOFNAI__ligand9908-0
291,VOFNAI__ligand1263-0
292,VOFNAI__ligand670-0
293,VOFNAI__ligand7106-0
294,VOFNAI__ligand571-0
295,VOFNAI__ligand534-0
296,VOFNAI__ligand19184-0
297,VOFNAI__ligand7242-0
298,VOFNAI__ligand18568-0
299,VOFNAI__ligand1844-0
300,VOFNAI__ligand4661-0
301,VOFNAI__ligand28685-0
302,VOFNAI__ligand13672-0
303,VOFNAI__ligand3876-0
304,VOFNAI__ligand1343-0
305,VOFNAI__ligand3035-0
306,VOFNAI__ligand6616-0
307,VOFNAI__ligand3718-0
308,VOFNAI__ligand9935-0
309,VOFNAI__ligand1536-0
310,VOFNAI__ligand10371-0
311,VOFNAI__ligand1573-0
312,VOFNAI__ligand1959-0
313,VOFNAI__ligand3504-0
314,VOFNAI__ligand16369-0
315,VOFNAI__ligand3465-0
316,VOFNAI__ligand28540-0
317,VOFNAI__ligand11111-0
318,VOFNAI__ligand20695-0
319,VOFNAI__ligand27754-0
320,VOFNAI__ligand6596-0
321,VOFNAI__ligand3721-0
322,VOFNAI__ligand6904-0
323,VOFNAI__ligand6102-0
324,VOFNAI__ligand588-0
325,VOFNAI__ligand2917-0
326,VOFNAI__ligand7819-0
327,VOFNAI__ligand38-0
328,VOFNAI__ligand300-0
329,VOFNAI__ligand22403-0
330,VOFNAI__ligand21399-0
331,VOFNAI__ligand10872-0
332,VOFNAI__ligand16148-0
333,VOFNAI__ligand26631-0
334,VOFNAI__ligand2295-0
335,VOFNAI__ligand12003-0
336,VOFNAI__ligand1577-0
337,VOFNAI__ligand6067-0
338,VOFNAI__ligand29215-0
339,VOFNAI__ligand199-0
340,VOFNAI__ligand4620-0
341,VOFNAI__ligand21729-0
342,VOFNAI__ligand27239-0
343,VOFNAI__ligand28559-0
344,VOFNAI__ligand26324-0
345,VOFNAI__ligand14043-0
346,VOFNAI__ligand4641-0
347,VOFNAI__ligand19927-0
348,VOFNAI__ligand7126-0
349,VOFNAI__ligand8835-0
350,VOFNAI__ligand2028-0
351,VOFNAI__ligand11618-0
352,VOFNAI__ligand324-0
353,VOFNAI__ligand361-0
354,VOFNAI__ligand1142-0
355,VOFNAI__ligand3234-0
356,VOFNAI__ligand409-0
357,VOFNAI__ligand26529-0
358,VOFNAI__ligand1018-0
359,VOFNAI__ligand4116-0
360,VOFNAI__ligand17427-0
361,VOFNAI__ligand3707-0
362,VOFNAI__ligand6124-0
363,VOFNAI__ligand7967-0
364,VOFNAI__ligand29486-0
365,VOFNAI__ligand9601-0
366,VOFNAI__ligand326-0
367,VOFNAI__ligand8992-0
368,VOFNAI__ligand31694-0
369,VOFNAI__ligand436-0
370,VOFNAI__ligand66-0
371,VOFNAI__ligand2526-0
372,VOFNAI__ligand5036-0
373,VOFNAI__ligand1615-0
374,VOFNAI__ligand25561-0
375,VOFNAI__ligand9952-0
376,VOFNAI__ligand9111-0
377,VOFNAI__ligand22129-0
378,VOFNAI__ligand1324-0
379,VOFNAI__ligand12138-0
380,VOFNAI__ligand8721-0
381,VOFNAI__ligand24780-0
382,VOFNAI__ligand5643-0
383,VOFNAI__ligand1823-0
384,VOFNAI__ligand692-0
385,VOFNAI__ligand11949-0
386,VOFNAI__ligand1530-0
387,VOFNAI__ligand12001-0
388,VOFNAI__ligand1575-0
389,VOFNAI__ligand9933-0
390,VOFNAI__ligand42-0
391,VOFNAI__ligand1631-0
392,VOFNAI__ligand10033-0
393,VOFNAI__ligand24644-0
394,VOFNAI__ligand9441-0
395,VOFNAI__ligand24872-0
396,VOFNAI__ligand2332-0
397,VOFNAI__ligand27840-0
398,VOFNAI__ligand30728-0
399,VOFNAI__ligand17396-0
400,VOFNAI__ligand633-0
401,VOFNAI__ligand23175-0
402,VOFNAI__ligand15788-0
403,VOFNAI__ligand1378-0
404,VOFNAI__ligand6244-0
405,VOFNAI__ligand13220-0
406,VOFNAI__ligand11587-0
407,VOFNAI__ligand24111-0
408,VOFNAI__ligand22444-0
409,VOFNAI__ligand14569-0
410,VOFNAI__ligand497-0
411,VOFNAI__ligand3156-0
412,VOFNAI__ligand13385-0
413,VOFNAI__ligand2915-0
414,VOFNAI__ligand13294-0
415,VOFNAI__ligand31832-0
416,VOFNAI__ligand6699-0
417,VOFNAI__ligand1168-0
418,VOFNAI__ligand1294-0
419,VOFNAI__ligand28884-0
420,VOFNAI__ligand13331-0
421,VOFNAI__ligand14248-0
422,VOFNAI__ligand29879-0
423,VOFNAI__ligand12030-0
424,VOFNAI__ligand3632-0
425,VOFNAI__ligand3677-0
426,VOFNAI__ligand11456-0
427,VOFNAI__ligand1211-0
428,VOFNAI__ligand14174-0
429,VOFNAI__ligand10712-0
430,VOFNAI__ligand6892-0
431,VOFNAI__ligand1499-0
432,VOFNAI__ligand197-0
433,VOFNAI__ligand2881-0
434,VOFNAI__ligand25411-0
435,VOFNAI__ligand1464-0
436,VOFNAI__ligand3712-0
437,VOFNAI__ligand783-0
438,VOFNAI__ligand352-0
439,VOFNAI__ligand5383-0
440,VOFNAI__ligand2693-0
441,VOFNAI__ligand13390-0
442,VOFNAI__ligand3945-0
443,VOFNAI__ligand3736-0
444,VOFNAI__ligand20682-0
445,VOFNAI__ligand8000-0
446,VOFNAI__ligand9344-0
447,VOFNAI__ligand13208-0
448,VOFNAI__ligand3677-1
449,VOFNAI__ligand9883-0
450,VOFNAI__ligand26810-0
451,VOFNAI__ligand27482-0
452,VOFNAI__ligand7291-0
453,VOFNAI__ligand9299-0
454,VOFNAI__ligand868-0
455,VOFNAI__ligand4007-0
456,VOFNAI__ligand2985-0
457,VOFNAI__ligand1-0
458,VOFNAI__ligand57-0
459,VOFNAI__ligand1317-0
460,VOFNAI__ligand3867-0
461,VOFNAI__ligand2822-0
462,VOFNAI__ligand7293-0
463,VOFNAI__ligand134-0
464,VOFNAI__ligand14889-0
465,VOFNAI__ligand30851-0
466,VOFNAI__ligand235-0
467,VOFNAI__ligand29568-0
468,VOFNAI__ligand2238-0
469,VOFNAI__ligand28789-0
470,VOFNAI__ligand3-0
471,VOFNAI__ligand55-0
472,VOFNAI__ligand21371-0
473,VOFNAI__ligand17118-0
474,VOFNAI__ligand9167-0
475,VOFNAI__ligand20419-0
476,VOFNAI__ligand5304-0
477,VOFNAI__ligand7762-0
478,VOFNAI__ligand5080-0
479,VOFNAI__ligand14117-0
480,VOFNAI__ligand17261-0
481,VOFNAI__ligand68-0
482,VOFNAI__ligand21581-0
483,VOFNAI__ligand31097-0
484,VOFNAI__ligand560-0
485,VOFNAI__ligand30702-0
486,VOFNAI__ligand20214-0
487,VOFNAI__ligand20251-0
488,VOFNAI__ligand5509-0
489,VOFNAI__ligand8002-0
490,VOFNAI__ligand1407-0
491,VOFNAI__ligand6117-0
492,VOFNAI__ligand20539-0
493,VOFNAI__ligand2221-0
494,VOFNAI__ligand20251-1
495,VOFNAI__ligand4358-0
496,VOFNAI__ligand3120-0
497,VOFNAI__ligand3926-0
498,VOFNAI__ligand294-0
499,VOFNAI__ligand5595-0
500,VOFNAI__ligand14703-0
501,VOFNAI__ligand16475-0
502,VOFNAI__ligand4101-0
503,VOFNAI__ligand24047-0
504,VOFNAI__ligand685-0
505,VOFNAI__ligand22557-0
506,VOFNAI__ligand10589-0
507,VOFNAI__ligand20598-0
508,VOFNAI__ligand11675-0
509,VOFNAI__ligand17398-0
510,VOFNAI__ligand9773-0
511,VOFNAI__ligand1376-0
512,VOFNAI__ligand5510-0
513,VOFNAI__ligand1197-0
514,VOFNAI__ligand5099-0
515,VOFNAI__ligand8592-0
516,VOFNAI__ligand1296-0
517,VOFNAI__ligand17982-0
518,VOFNAI__ligand34-0
519,VOFNAI__ligand29414-0
520,VOFNAI__ligand2259-0
521,VOFNAI__ligand421-0
522,VOFNAI__ligand20011-0
523,VOFNAI__ligand17278-0
524,VOFNAI__ligand7273-0
525,VOFNAI__ligand27460-0
526,VOFNAI__ligand9323-0
527,VOFNAI__ligand7172-0
528,VOFNAI__ligand16628-0
529,VOFNAI__ligand8612-0
530,VOFNAI__ligand2124-0
531,VOFNAI__ligand20740-0
532,VOFNAI__ligand28468-0
533,VOFNAI__ligand48-0
534,VOFNAI__ligand370-0
535,VOFNAI__ligand7092-0
536,VOFNAI__ligand2260-0
537,VOFNAI__ligand3225-0
538,VOFNAI__ligand1153-0
539,VOFNAI__ligand12427-0
540,VOFNAI__ligand1116-0
541,VOFNAI__ligand12337-0
542,VOFNAI__ligand29410-0
543,VOFNAI__ligand7316-0
544,VOFNAI__ligand26540-0
545,VOFNAI__ligand5708-0
546,VOFNAI__ligand17281-0
547,VOFNAI__ligand6017-0
548,VOFNAI__ligand30296-0
549,VOFNAI__ligand12606-0
550,VOFNAI__ligand5180-0
551,VOFNAI__ligand250-0
552,VOFNAI__ligand30333-0
553,VOFNAI__ligand26665-0
554,VOFNAI__ligand3178-0
555,VOFNAI__ligand17631-0
556,VOFNAI__ligand13012-0
557,VOFNAI__ligand17258-0
558,VOFNAI__ligand4807-0
559,VOFNAI__ligand14603-0
560,VOFNAI__ligand14297-0
561,VOFNAI__ligand51-0
562,VOFNAI__ligand188-0
563,VOFNAI__ligand7196-0
564,VOFNAI__ligand5159-0
565,VOFNAI__ligand31783-0
566,VOFNAI__ligand1787-0
567,VOFNAI__ligand1356-0
568,VOFNAI__ligand5530-0
569,VOFNAI__ligand9753-0
570,VOFNAI__ligand620-0
571,VOFNAI__ligand19641-0
572,VOFNAI__ligand370-1
573,VOFNAI__ligand20578-0
574,VOFNAI__ligand12934-0
575,VOFNAI__ligand15422-0
576,VOFNAI__ligand27893-0
577,VOFNAI__ligand4649-0
578,VOFNAI__ligand8793-0
579,VOFNAI__ligand5649-0
580,VOFNAI__ligand564-0
581,VOFNAI__ligand2788-0
582,VOFNAI__ligand14723-0
583,VOFNAI__ligand479-0
584,VOFNAI__ligand30988-0
585,VOFNAI__ligand4711-0
586,VOFNAI__ligand3244-0
587,VOFNAI__ligand785-0
588,VOFNAI__ligand311-0
589,VOFNAI__ligand2906-0
590,VOFNAI__ligand91-0
591,VOFNAI__ligand27175-0
592,VOFNAI__ligand18832-0
593,VOFNAI__ligand23713-0
594,VOFNAI__ligand12231-0
595,VOFNAI__ligand909-0
596,VOFNAI__ligand12130-0
597,VOFNAI__ligand17387-0
598,VOFNAI__ligand18292-0
599,VOFNAI__ligand12289-0
600,VOFNAI__ligand26702-0
601,VOFNAI__ligand13658-0
602,VOFNAI__ligand13068-0
603,VOFNAI__ligand19830-0
604,VOFNAI__ligand10476-0
605,VOFNAI__ligand1289-0
606,VOFNAI__ligand24145-0
607,VOFNAI__ligand2203-0
608,VOFNAI__ligand5387-0
609,VOFNAI__ligand12401-0
610,VOFNAI__ligand15585-0
611,VOFNAI__ligand25178-0
612,VOFNAI__ligand16-0
613,VOFNAI__ligand1599-0
614,VOFNAI__ligand2612-0
615,VOFNAI__ligand23769-0
616,VOFNAI__ligand24185-0
617,VOFNAI__ligand177-0
618,VOFNAI__ligand17805-0
619,VOFNAI__ligand9450-0
620,VOFNAI__ligand17302-0
621,VOFNAI__ligand1228-0
622,VOFNAI__ligand9943-0
623,VOFNAI__ligand14108-0
624,VOFNAI__ligand1604-0
625,VOFNAI__ligand32-0
626,VOFNAI__ligand1832-0
627,VOFNAI__ligand8788-0
628,VOFNAI__ligand252-0
629,VOFNAI__ligand10958-0
630,VOFNAI__ligand12641-0
631,VOFNAI__ligand2043-0
632,VOFNAI__ligand116-0
633,VOFNAI__ligand27763-0
634,VOFNAI__ligand28676-0
635,VOFNAI__ligand10262-0
636,VOFNAI__ligand193-0
637,VOFNAI__ligand2417-0
638,VOFNAI__ligand13425-0
639,VOFNAI__ligand29302-0
640,VOFNAI__ligand1114-0
641,VOFNAI__ligand372-0
642,VOFNAI__ligand6391-0
643,VOFNAI__ligand3126-0
644,VOFNAI__ligand9284-0
645,VOFNAI__ligand18814-0
646,VOFNAI__ligand830-0
647,VOFNAI__ligand19057-0
648,VOFNAI__ligand11140-0
649,VOFNAI__ligand4124-0
650,VOFNAI__ligand4161-0
651,VOFNAI__ligand3471-0
652,VOFNAI__ligand29610-0
653,VOFNAI__ligand29863-0
654,VOFNAI__ligand5415-0
655,VOFNAI__ligand18074-0
656,VOFNAI__ligand13869-0
657,VOFNAI__ligand813-0
658,VOFNAI__ligand314-0
659,VOFNAI__ligand69-0
660,VOFNAI__ligand780-0
661,VOFNAI__ligand18465-0
662,VOFNAI__ligand3180-0
663,VOFNAI__ligand18799-0
664,VOFNAI__ligand11-0
665,VOFNAI__ligand391-0
666,VOFNAI__ligand4340-0
667,VOFNAI__ligand2650-0
668,VOFNAI__ligand2281-0
669,VOFNAI__ligand618-0
670,VOFNAI__ligand2823-0
671,VOFNAI__ligand28668-0
672,VOFNAI__ligand6995-0
673,VOFNAI__ligand16791-0
674,VOFNAI__ligand27169-0
675,VOFNAI__ligand14523-0
676,VOFNAI__ligand8593-0
677,VOFNAI__ligand18391-0
678,VOFNAI__ligand9944-0
679,VOFNAI__ligand465-0
680,VOFNAI__ligand22981-0
681,VOFNAI__ligand25805-0
682,VOFNAI__ligand20599-0
683,VOFNAI__ligand7566-0
684,VOFNAI__ligand27074-0
685,VOFNAI__ligand2001-0
686,VOFNAI__ligand314-1
687,VOFNAI__ligand5201-0
688,VOFNAI__ligand23904-0
689,VOFNAI__ligand13257-0
690,VOFNAI__ligand21936-0
691,VOFNAI__ligand8553-0
692,VOFNAI__ligand1113-0
693,VOFNAI__ligand12467-0
694,VOFNAI__ligand25267-0
695,VOFNAI__ligand10084-0
696,VOFNAI__ligand1498-0
697,VOFNAI__ligand196-0
698,VOFNAI__ligand21132-0
699,VOFNAI__ligand11166-0
700,VOFNAI__ligand4596-0
701,VOFNAI__ligand23906-0
702,VOFNAI__ligand9615-0
703,VOFNAI__ligand1154-0
704,VOFNAI__ligand30539-0
705,VOFNAI__ligand422-0
706,VOFNAI__ligand1169-0
707,VOFNAI__ligand8529-0
708,VOFNAI__ligand21787-0
709,VOFNAI__ligand25575-0
710,VOFNAI__ligand25689-0
711,VOFNAI__ligand12295-0
712,VOFNAI__ligand27835-0
713,VOFNAI__ligand686-0
714,VOFNAI__ligand393-0
715,VOFNAI__ligand31248-0
716,VOFNAI__ligand25650-0
717,VOFNAI__ligand19257-0
718,VOFNAI__ligand13209-0
719,VOFNAI__ligand1050-0
720,VOFNAI__ligand1015-0
721,VOFNAI__ligand12660-0
722,VOFNAI__ligand2027-0
723,VOFNAI__ligand11206-0
724,VOFNAI__ligand4262-0
725,VOFNAI__ligand23124-0
726,VOFNAI__ligand25735-0
727,VOFNAI__ligand1028-0
728,VOFNAI__ligand12519-0
729,VOFNAI__ligand1618-0
730,VOFNAI__ligand353-0
731,VOFNAI__ligand2692-0
732,VOFNAI__ligand176-0
733,VOFNAI__ligand9750-0
734,VOFNAI__ligand23589-0
735,VOFNAI__ligand24064-0
736,VOFNAI__ligand1779-0
737,VOFNAI__ligand1817-0
738,VOFNAI__ligand6993-0
739,VOFNAI__ligand3557-0
740,VOFNAI__ligand3980-0
741,VOFNAI__ligand4-0
742,VOFNAI__ligand17-0
743,VOFNAI__ligand447-0
744,VOFNAI__ligand1149-0
745,VOFNAI__ligand15168-0
746,VOFNAI__ligand7075-0
747,VOFNAI__ligand746-0
748,VOFNAI__ligand22755-0
749,VOFNAI__ligand487-0
750,VOFNAI__ligand11432-0
751,VOFNAI__ligand31618-0
752,VOFNAI__ligand10432-0
753,VOFNAI__ligand1288-0
754,VOFNAI__ligand29898-0
755,VOFNAI__ligand26277-0
756,VOFNAI__ligand4167-0
757,VOFNAI__ligand4266-0
758,VOFNAI__ligand1400-0
759,VOFNAI__ligand9491-0
760,VOFNAI__ligand31578-0
761,VOFNAI__ligand17207-0
762,VOFNAI__ligand1150-0
763,VOFNAI__ligand17945-0
764,VOFNAI__ligand18013-0
765,VOFNAI__ligand1539-0
766,VOFNAI__ligand25224-0
767,VOFNAI__ligand4207-0
768,VOFNAI__ligand24750-0
769,VOFNAI__ligand506-0
770,VOFNAI__ligand3416-0
771,VOFNAI__ligand3453-0
772,VOFNAI__ligand28924-0
773,VOFNAI__ligand3042-0
774,VOFNAI__ligand152-0
775,VOFNAI__ligand15438-0
776,VOFNAI__ligand18703-0
777,VOFNAI__ligand7438-0
778,VOFNAI__ligand8200-0
779,VOFNAI__ligand4063-0
780,VOFNAI__ligand29087-0
781,VOFNAI__ligand115-0
782,VOFNAI__ligand6663-0
783,VOFNAI__ligand5515-0
784,VOFNAI__ligand1831-0
785,VOFNAI__ligand5614-0
786,VOFNAI__ligand5280-0
787,VOFNAI__ligand12336-0
788,VOFNAI__ligand13072-0
789,VOFNAI__ligand89-0
790,VOFNAI__ligand833-0
791,VOFNAI__ligand1216-0
792,VOFNAI__ligand17590-0
793,VOFNAI__ligand5019-0
794,VOFNAI__ligand49-0
795,VOFNAI__ligand3261-0
796,VOFNAI__ligand1152-0
797,VOFNAI__ligand17240-0
798,VOFNAI__ligand18699-0
799,VOFNAI__ligand12682-0
800,VOFNAI__ligand1849-0
801,VOFNAI__ligand5755-0
802,VOFNAI__ligand14586-0
803,VOFNAI__ligand11774-0
804,VOFNAI__ligand4710-0
805,VOFNAI__ligand784-0
806,VOFNAI__ligand5085-0
807,VOFNAI__ligand3144-0
808,VOFNAI__ligand21421-0
809,VOFNAI__ligand11568-0
810,VOFNAI__ligand8042-0
811,VOFNAI__ligand20579-0
812,VOFNAI__ligand17710-0
813,VOFNAI__ligand6112-0
814,VOFNAI__ligand1828-0
815,VOFNAI__ligand7213-0
816,VOFNAI__ligand1397-0
817,VOFNAI__ligand5630-0
818,VOFNAI__ligand10555-0
819,VOFNAI__ligand1786-0
820,VOFNAI__ligand31483-0
821,VOFNAI__ligand395-0
822,VOFNAI__ligand19725-0
823,VOFNAI__ligand3285-0
824,VOFNAI__ligand4795-0
825,VOFNAI__ligand24613-0
826,VOFNAI__ligand1908-0
827,VOFNAI__ligand368-0
