,TMC
0,HOCHIR__ligand509-0
1,HOCHIR__ligand2864-0
2,HOCHIR__ligand670-0
3,HOCHIR__ligand9495-0
4,HOCHIR__ligand8-0
5,HOCHIR__ligand6151-0
6,HOCHIR__ligand2772-0
7,HOCHIR__ligand118-0
8,HOCHIR__ligand571-0
9,HOCHIR__ligand6538-0
10,HOCHIR__ligand2142-0
11,HOCHIR__ligand278-0
12,HOCHIR__ligand2880-0
13,HOCHIR__ligand5941-0
14,HOCHIR__ligand2838-0
15,HOCHIR__ligand1799-0
16,HOCHIR__ligand3838-0
17,HOCHIR__ligand365-0
18,HOCHIR__ligand32-0
19,HOCHIR__ligand5022-0
20,HOCHIR__ligand358-0
21,HOCHIR__ligand1169-0
22,HOCHIR__ligand430-0
23,HOCHIR__ligand669-0
24,HOCHIR__ligand1502-0
25,HOCHIR__ligand48-0
26,HOCHIR__ligand2794-0
27,HOCHIR__ligand2345-0
28,HOCHIR__ligand1835-0
29,HOCHIR__ligand4983-0
30,HOCHIR__ligand9027-0
31,HOCHIR__ligand1113-0
32,HOCHIR__ligand2265-0
33,HOCHIR__ligand6396-0
34,HOCHIR__ligand1273-0
35,HOCHIR__ligand51-0
36,HOCHIR__ligand29-0
37,HOCHIR__ligand91-0
38,HOCHIR__ligand383-0
39,HOCHIR__ligand162-0
40,HOCHIR__ligand226-0
41,HOCHIR__ligand1052-0
42,HOCHIR__ligand55-0
43,HOCHIR__ligand497-0
44,HOCHIR__ligand2907-0
45,HOCHIR__ligand918-0
46,HOCHIR__ligand633-0
47,HOCHIR__ligand1703-0
48,HOCHIR__ligand2430-0
49,HOCHIR__ligand532-0
50,HOCHIR__ligand2320-0
51,HOCHIR__ligand1056-0
52,HOCHIR__ligand166-0
53,HOCHIR__ligand2862-0
54,HOCHIR__ligand95-0
55,HOCHIR__ligand838-0
56,HOCHIR__ligand2285-0
57,HOCHIR__ligand1567-0
58,HOCHIR__ligand8921-0
59,HOCHIR__ligand2510-0
60,HOCHIR__ligand142-0
61,HOCHIR__ligand206-0
62,HOCHIR__ligand436-0
63,HOCHIR__ligand1607-0
64,HOCHIR__ligand821-0
65,HOCHIR__ligand1152-0
66,HOCHIR__ligand34-0
67,HOCHIR__ligand326-0
68,HOCHIR__ligand553-0
69,HOCHIR__ligand1727-0
70,HOCHIR__ligand283-0
71,HOCHIR__ligand361-0
72,HOCHIR__ligand324-0
73,HOCHIR__ligand409-0
74,HOCHIR__ligand73-0
75,HOCHIR__ligand11730-0
76,HOCHIR__ligand8774-0
77,HOCHIR__ligand105-0
78,HOCHIR__ligand140-0
79,HOCHIR__ligand3637-0
80,HOCHIR__ligand6294-0
81,HOCHIR__ligand927-0
82,HOCHIR__ligand199-0
83,HOCHIR__ligand1054-0
84,HOCHIR__ligand1598-0
85,HOCHIR__ligand1248-0
86,HOCHIR__ligand4303-0
87,HOCHIR__ligand57-0
88,HOCHIR__ligand7464-0
89,HOCHIR__ligand575-0
90,HOCHIR__ligand1951-0
91,HOCHIR__ligand366-0
92,HOCHIR__ligand1687-0
93,HOCHIR__ligand861-0
94,HOCHIR__ligand89-0
95,HOCHIR__ligand612-0
96,HOCHIR__ligand187-0
97,HOCHIR__ligand6277-0
98,HOCHIR__ligand1376-0
99,HOCHIR__ligand2768-0
100,HOCHIR__ligand596-0
101,HOCHIR__ligand49-0
102,HOCHIR__ligand2259-0
103,HOCHIR__ligand2688-0
104,HOCHIR__ligand126-0
105,HOCHIR__ligand2629-0
106,HOCHIR__ligand4381-0
107,HOCHIR__ligand1706-0
108,HOCHIR__ligand3734-0
109,HOCHIR__ligand1171-0
110,HOCHIR__ligand17-0
111,HOCHIR__ligand119-0
112,HOCHIR__ligand3063-0
113,HOCHIR__ligand1438-0
114,HOCHIR__ligand124-0
115,HOCHIR__ligand92-0
116,HOCHIR__ligand5801-0
117,HOCHIR__ligand1459-0
118,HOCHIR__ligand100-0
119,HOCHIR__ligand244-0
120,HOCHIR__ligand201-0
121,HOCHIR__ligand1544-0
122,HOCHIR__ligand1685-0
123,HOCHIR__ligand321-0
124,HOCHIR__ligand279-0
125,HOCHIR__ligand2087-0
126,HOCHIR__ligand1048-0
127,HOCHIR__ligand3757-0
128,HOCHIR__ligand178-0
129,HOCHIR__ligand1228-0
130,HOCHIR__ligand9244-0
131,HOCHIR__ligand240-0
132,HOCHIR__ligand141-0
133,HOCHIR__ligand1114-0
134,HOCHIR__ligand1538-0
135,HOCHIR__ligand3246-0
136,HOCHIR__ligand1148-0
137,HOCHIR__ligand384-0
138,HOCHIR__ligand1479-0
139,HOCHIR__ligand120-0
140,HOCHIR__ligand3178-0
141,HOCHIR__ligand757-0
142,HOCHIR__ligand6332-0
143,HOCHIR__ligand2098-0
144,HOCHIR__ligand6502-0
145,HOCHIR__ligand2863-0
146,HOCHIR__ligand7915-0
147,HOCHIR__ligand5548-0
148,HOCHIR__ligand1747-0
149,HOCHIR__ligand6686-0
150,HOCHIR__ligand797-0
151,HOCHIR__ligand11-0
152,HOCHIR__ligand3145-0
153,HOCHIR__ligand2751-0
154,HOCHIR__ligand2634-0
155,HOCHIR__ligand1542-0
156,HOCHIR__ligand3041-0
157,HOCHIR__ligand353-0
158,HOCHIR__ligand3251-0
159,HOCHIR__ligand5235-0
160,HOCHIR__ligand6143-0
161,HOCHIR__ligand4619-0
162,HOCHIR__ligand236-0
163,HOCHIR__ligand14530-0
164,HOCHIR__ligand1493-0
165,HOCHIR__ligand2718-0
166,HOCHIR__ligand3070-0
167,HOCHIR__ligand3035-0
168,HOCHIR__ligand9176-0
169,HOCHIR__ligand3852-0
170,HOCHIR__ligand113-0
171,HOCHIR__ligand3-0
172,HOCHIR__ligand3478-0
173,HOCHIR__ligand5758-0
174,HOCHIR__ligand422-0
175,HOCHIR__ligand10910-0
176,HOCHIR__ligand7456-0
177,HOCHIR__ligand1818-0
178,HOCHIR__ligand502-0
179,HOCHIR__ligand196-0
180,HOCHIR__ligand67-0
181,HOCHIR__ligand1907-0
182,HOCHIR__ligand10114-0
183,HOCHIR__ligand4423-0
184,HOCHIR__ligand3890-0
185,HOCHIR__ligand210-0
186,HOCHIR__ligand1-0
187,HOCHIR__ligand7630-0
188,HOCHIR__ligand1555-0
189,HOCHIR__ligand1285-0
190,HOCHIR__ligand170-0
191,HOCHIR__ligand7550-0
192,HOCHIR__ligand10479-0
193,HOCHIR__ligand391-0
194,HOCHIR__ligand2954-0
195,HOCHIR__ligand5093-0
196,HOCHIR__ligand481-0
197,HOCHIR__ligand2253-0
198,HOCHIR__ligand1160-0
199,HOCHIR__ligand314-0
200,HOCHIR__ligand1038-0
201,HOCHIR__ligand2762-0
202,HOCHIR__ligand4012-0
203,HOCHIR__ligand3196-0
204,HOCHIR__ligand784-0
205,HOCHIR__ligand355-0
206,HOCHIR__ligand2915-0
207,HOCHIR__ligand485-0
208,HOCHIR__ligand2707-0
209,HOCHIR__ligand291-0
210,HOCHIR__ligand1690-0
211,HOCHIR__ligand2526-0
212,HOCHIR__ligand1551-0
213,HOCHIR__ligand115-0
214,HOCHIR__ligand4370-0
215,HOCHIR__ligand682-0
216,HOCHIR__ligand1436-0
217,HOCHIR__ligand3618-0
218,HOCHIR__ligand2618-0
219,HOCHIR__ligand4175-0
220,HOCHIR__ligand522-0
221,HOCHIR__ligand666-0
222,HOCHIR__ligand487-0
223,HOCHIR__ligand45-0
224,HOCHIR__ligand2255-0
225,HOCHIR__ligand447-0
226,HOCHIR__ligand78-0
227,HOCHIR__ligand1918-0
228,HOCHIR__ligand85-0
229,HOCHIR__ligand133-0
230,HOCHIR__ligand3566-0
231,HOCHIR__ligand798-0
232,HOCHIR__ligand421-0
233,HOCHIR__ligand1178-0
234,HOCHIR__ligand916-0
235,HOCHIR__ligand584-0
236,HOCHIR__ligand1321-0
237,HOCHIR__ligand1788-0
238,HOCHIR__ligand294-0
239,HOCHIR__ligand993-0
240,HOCHIR__ligand331-0
241,HOCHIR__ligand66-0
242,HOCHIR__ligand560-0
243,HOCHIR__ligand525-0
244,HOCHIR__ligand109-0
245,HOCHIR__ligand4894-0
246,HOCHIR__ligand1260-0
247,HOCHIR__ligand9620-0
248,HOCHIR__ligand4811-0
249,HOCHIR__ligand1449-1
250,HOCHIR__ligand390-0
251,HOCHIR__ligand932-0
252,HOCHIR__ligand134-0
253,HOCHIR__ligand3337-0
254,HOCHIR__ligand7514-0
255,HOCHIR__ligand235-0
256,HOCHIR__ligand868-0
257,HOCHIR__ligand442-0
258,HOCHIR__ligand38-0
259,HOCHIR__ligand10357-0
260,HOCHIR__ligand136-0
261,HOCHIR__ligand1307-0
262,HOCHIR__ligand15630-0
263,HOCHIR__ligand783-0
264,HOCHIR__ligand352-0
265,HOCHIR__ligand40-0
266,HOCHIR__ligand197-0
267,HOCHIR__ligand296-0
268,HOCHIR__ligand6166-0
269,HOCHIR__ligand1246-0
270,HOCHIR__ligand21-0
271,HOCHIR__ligand5089-0
272,HOCHIR__ligand2599-0
273,HOCHIR__ligand3853-0
274,HOCHIR__ligand2853-0
275,HOCHIR__ligand112-0
276,HOCHIR__ligand830-0
277,HOCHIR__ligand8032-0
278,HOCHIR__ligand1858-0
279,HOCHIR__ligand193-0
280,HOCHIR__ligand2315-0
281,HOCHIR__ligand252-0
282,HOCHIR__ligand4504-0
283,HOCHIR__ligand3051-0
284,HOCHIR__ligand2480-0
285,HOCHIR__ligand955-0
286,HOCHIR__ligand1898-0
287,HOCHIR__ligand6-0
288,HOCHIR__ligand5334-0
289,HOCHIR__ligand18-0
290,HOCHIR__ligand177-0
291,HOCHIR__ligand934-0
292,HOCHIR__ligand2389-0
293,HOCHIR__ligand1919-0
294,HOCHIR__ligand851-0
295,HOCHIR__ligand2916-0
296,HOCHIR__ligand2110-0
297,HOCHIR__ligand3579-0
298,HOCHIR__ligand1712-0
299,HOCHIR__ligand909-0
300,HOCHIR__ligand6430-0
301,HOCHIR__ligand1299-0
302,HOCHIR__ligand311-0
303,HOCHIR__ligand1221-0
304,HOCHIR__ligand1264-0
305,HOCHIR__ligand1379-0
306,HOCHIR__ligand188-0
307,HOCHIR__ligand2376-0
308,HOCHIR__ligand2929-0
309,HOCHIR__ligand86-0
310,HOCHIR__ligand444-0
311,HOCHIR__ligand369-0
312,HOCHIR__ligand4-0
313,HOCHIR__ligand1325-0
314,HOCHIR__ligand2482-0
315,HOCHIR__ligand250-0
316,HOCHIR__ligand6571-0
317,HOCHIR__ligand460-0
318,HOCHIR__ligand370-0
319,HOCHIR__ligand7414-0
320,HOCHIR__ligand5762-0
321,HOCHIR__ligand62-0
322,HOCHIR__ligand1104-0
323,HOCHIR__ligand2442-0
324,HOCHIR__ligand1019-0
