,TMC
0,FAVXAC__ligand1768-0
1,FAVXAC__ligand199-0
2,FAVXAC__ligand1469-0
3,FAVXAC__ligand3871-0
4,FAVXAC__ligand5357-0
5,FAVXAC__ligand3647-0
6,FAVXAC__ligand1688-0
7,FAVXAC__ligand10151-0
8,FAVXAC__ligand5056-0
9,FAVXAC__ligand4850-0
10,FAVXAC__ligand19668-0
11,FAVXAC__ligand9525-0
12,FAVXAC__ligand1165-0
13,FAVXAC__ligand300-0
14,FAVXAC__ligand19906-0
15,FAVXAC__ligand32-0
16,FAVXAC__ligand3157-0
17,FAVXAC__ligand22353-0
18,FAVXAC__ligand2722-0
19,FAVXAC__ligand588-0
20,FAVXAC__ligand1379-0
21,FAVXAC__ligand5935-0
22,FAVXAC__ligand24851-0
23,FAVXAC__ligand20530-0
24,FAVXAC__ligand324-0
25,FAVXAC__ligand11698-0
26,FAVXAC__ligand361-0
27,FAVXAC__ligand16-0
28,FAVXAC__ligand5849-0
29,FAVXAC__ligand14347-0
30,FAVXAC__ligand13657-0
31,FAVXAC__ligand14302-0
32,FAVXAC__ligand409-0
33,FAVXAC__ligand1771-0
34,FAVXAC__ligand4911-0
35,FAVXAC__ligand27610-0
36,FAVXAC__ligand10479-0
37,FAVXAC__ligand11479-0
38,FAVXAC__ligand29441-0
39,FAVXAC__ligand10853-0
40,FAVXAC__ligand3392-0
41,FAVXAC__ligand8349-0
42,FAVXAC__ligand1709-0
43,FAVXAC__ligand29813-0
44,FAVXAC__ligand8464-0
45,FAVXAC__ligand16952-0
46,FAVXAC__ligand2527-0
47,FAVXAC__ligand20220-0
48,FAVXAC__ligand15387-0
49,FAVXAC__ligand20121-0
50,FAVXAC__ligand692-0
51,FAVXAC__ligand7573-0
52,FAVXAC__ligand2781-0
53,FAVXAC__ligand3350-0
54,FAVXAC__ligand17686-0
55,FAVXAC__ligand25658-0
56,FAVXAC__ligand8722-0
57,FAVXAC__ligand31205-0
58,FAVXAC__ligand9809-0
59,FAVXAC__ligand6672-0
60,FAVXAC__ligand1327-0
61,FAVXAC__ligand91-0
62,FAVXAC__ligand11177-0
63,FAVXAC__ligand436-0
64,FAVXAC__ligand15455-0
65,FAVXAC__ligand3208-0
66,FAVXAC__ligand2208-0
67,FAVXAC__ligand16870-0
68,FAVXAC__ligand9197-0
69,FAVXAC__ligand1900-0
70,FAVXAC__ligand326-0
71,FAVXAC__ligand51-0
72,FAVXAC__ligand11622-0
73,FAVXAC__ligand7162-0
74,FAVXAC__ligand11814-0
75,FAVXAC__ligand3029-0
76,FAVXAC__ligand1773-0
77,FAVXAC__ligand4581-0
78,FAVXAC__ligand2328-0
79,FAVXAC__ligand16603-0
80,FAVXAC__ligand5094-0
81,FAVXAC__ligand497-0
82,FAVXAC__ligand5892-0
83,FAVXAC__ligand11606-0
84,FAVXAC__ligand31000-0
85,FAVXAC__ligand4131-0
86,FAVXAC__ligand1712-0
87,FAVXAC__ligand26673-0
88,FAVXAC__ligand20821-0
89,FAVXAC__ligand633-0
90,FAVXAC__ligand7557-0
91,FAVXAC__ligand19824-0
92,FAVXAC__ligand1496-0
93,FAVXAC__ligand18067-0
94,FAVXAC__ligand48-0
95,FAVXAC__ligand11252-0
96,FAVXAC__ligand10582-0
97,FAVXAC__ligand13260-0
98,FAVXAC__ligand1533-0
99,FAVXAC__ligand7107-0
100,FAVXAC__ligand30004-0
101,FAVXAC__ligand3215-0
102,FAVXAC__ligand20557-0
103,FAVXAC__ligand34-0
104,FAVXAC__ligand25048-0
105,FAVXAC__ligand21940-0
106,FAVXAC__ligand383-0
107,FAVXAC__ligand6062-0
108,FAVXAC__ligand4738-0
109,FAVXAC__ligand416-0
110,FAVXAC__ligand5813-0
111,FAVXAC__ligand4813-0
112,FAVXAC__ligand226-0
113,FAVXAC__ligand20432-0
114,FAVXAC__ligand27122-0
115,FAVXAC__ligand13755-0
116,FAVXAC__ligand16133-0
117,FAVXAC__ligand162-0
118,FAVXAC__ligand24953-0
119,FAVXAC__ligand23445-0
120,FAVXAC__ligand6283-0
121,FAVXAC__ligand14339-0
122,FAVXAC__ligand68-0
123,FAVXAC__ligand4330-0
124,FAVXAC__ligand30788-0
125,FAVXAC__ligand13691-0
126,FAVXAC__ligand2599-0
127,FAVXAC__ligand21752-0
128,FAVXAC__ligand4194-0
129,FAVXAC__ligand696-0
130,FAVXAC__ligand7532-0
131,FAVXAC__ligand18757-0
132,FAVXAC__ligand24560-0
133,FAVXAC__ligand18413-0
134,FAVXAC__ligand20844-0
135,FAVXAC__ligand7925-0
136,FAVXAC__ligand24624-0
137,FAVXAC__ligand656-0
138,FAVXAC__ligand2068-0
139,FAVXAC__ligand3973-0
140,FAVXAC__ligand1147-0
141,FAVXAC__ligand55-0
142,FAVXAC__ligand27550-0
143,FAVXAC__ligand2403-0
144,FAVXAC__ligand6882-0
145,FAVXAC__ligand6455-0
146,FAVXAC__ligand57-0
147,FAVXAC__ligand3934-0
148,FAVXAC__ligand18019-1
149,FAVXAC__ligand14007-0
150,FAVXAC__ligand29565-0
151,FAVXAC__ligand488-0
152,FAVXAC__ligand23682-0
153,FAVXAC__ligand4332-0
154,FAVXAC__ligand9681-0
155,FAVXAC__ligand18158-0
156,FAVXAC__ligand358-0
157,FAVXAC__ligand430-0
158,FAVXAC__ligand27771-0
159,FAVXAC__ligand694-0
160,FAVXAC__ligand7530-0
161,FAVXAC__ligand1065-0
162,FAVXAC__ligand20942-1
163,FAVXAC__ligand21339-0
164,FAVXAC__ligand14226-0
165,FAVXAC__ligand16956-0
166,FAVXAC__ligand3012-0
167,FAVXAC__ligand1449-0
168,FAVXAC__ligand5483-0
169,FAVXAC__ligand17069-0
170,FAVXAC__ligand14477-0
171,FAVXAC__ligand5316-0
172,FAVXAC__ligand17445-0
173,FAVXAC__ligand12413-0
174,FAVXAC__ligand29334-0
175,FAVXAC__ligand2830-0
176,FAVXAC__ligand20731-0
177,FAVXAC__ligand1729-0
178,FAVXAC__ligand5627-0
179,FAVXAC__ligand11798-0
180,FAVXAC__ligand571-0
181,FAVXAC__ligand534-0
182,FAVXAC__ligand7529-0
183,FAVXAC__ligand21448-0
184,FAVXAC__ligand22357-0
185,FAVXAC__ligand6946-0
186,FAVXAC__ligand1415-0
187,FAVXAC__ligand670-0
188,FAVXAC__ligand11758-0
189,FAVXAC__ligand29214-0
190,FAVXAC__ligand9148-0
191,FAVXAC__ligand11501-0
192,FAVXAC__ligand11544-0
193,FAVXAC__ligand7126-0
194,FAVXAC__ligand8835-0
195,FAVXAC__ligand2028-0
196,FAVXAC__ligand12365-0
197,FAVXAC__ligand10056-0
198,FAVXAC__ligand13862-0
199,FAVXAC__ligand11357-0
200,FAVXAC__ligand28743-0
201,FAVXAC__ligand15531-0
202,FAVXAC__ligand22168-0
203,FAVXAC__ligand28930-0
204,FAVXAC__ligand3234-0
205,FAVXAC__ligand1142-0
206,FAVXAC__ligand22294-0
207,FAVXAC__ligand21919-0
208,FAVXAC__ligand11970-0
209,FAVXAC__ligand15883-0
210,FAVXAC__ligand28810-0
211,FAVXAC__ligand11096-0
212,FAVXAC__ligand11447-0
213,FAVXAC__ligand24230-0
214,FAVXAC__ligand693-0
215,FAVXAC__ligand4641-0
216,FAVXAC__ligand15926-0
217,FAVXAC__ligand19792-0
218,FAVXAC__ligand10828-0
219,FAVXAC__ligand11682-0
220,FAVXAC__ligand49-0
221,FAVXAC__ligand30711-0
222,FAVXAC__ligand20207-0
223,FAVXAC__ligand757-0
224,FAVXAC__ligand2295-0
225,FAVXAC__ligand6067-0
226,FAVXAC__ligand1577-0
227,FAVXAC__ligand122-0
228,FAVXAC__ligand16988-0
229,FAVXAC__ligand25913-0
230,FAVXAC__ligand4620-0
231,FAVXAC__ligand16663-0
232,FAVXAC__ligand3465-0
233,FAVXAC__ligand14614-0
234,FAVXAC__ligand6102-0
235,FAVXAC__ligand6596-0
236,FAVXAC__ligand6904-0
237,FAVXAC__ligand3721-0
238,FAVXAC__ligand24035-0
239,FAVXAC__ligand2917-0
240,FAVXAC__ligand89-0
241,FAVXAC__ligand7819-0
242,FAVXAC__ligand31044-0
243,FAVXAC__ligand31842-0
244,FAVXAC__ligand11994-0
245,FAVXAC__ligand1378-0
246,FAVXAC__ligand6244-0
247,FAVXAC__ligand10371-0
248,FAVXAC__ligand13672-0
249,FAVXAC__ligand768-0
250,FAVXAC__ligand18568-0
251,FAVXAC__ligand28685-0
252,FAVXAC__ligand3156-0
253,FAVXAC__ligand2915-0
254,FAVXAC__ligand384-0
255,FAVXAC__ligand19184-0
256,FAVXAC__ligand1575-0
257,FAVXAC__ligand1530-0
258,FAVXAC__ligand9933-0
259,FAVXAC__ligand1631-0
260,FAVXAC__ligand9441-0
261,FAVXAC__ligand2332-0
262,FAVXAC__ligand12453-0
263,FAVXAC__ligand18448-0
264,FAVXAC__ligand28459-0
265,FAVXAC__ligand5036-0
266,FAVXAC__ligand2526-0
267,FAVXAC__ligand1615-0
268,FAVXAC__ligand9111-0
269,FAVXAC__ligand9952-0
270,FAVXAC__ligand141-0
271,FAVXAC__ligand1324-0
272,FAVXAC__ligand13477-0
273,FAVXAC__ligand14167-0
274,FAVXAC__ligand8721-0
275,FAVXAC__ligand5643-0
276,FAVXAC__ligand240-0
277,FAVXAC__ligand1823-0
278,FAVXAC__ligand30142-0
279,FAVXAC__ligand27669-0
280,FAVXAC__ligand1018-0
281,FAVXAC__ligand27285-0
282,FAVXAC__ligand4116-0
283,FAVXAC__ligand29029-0
284,FAVXAC__ligand6124-0
285,FAVXAC__ligand3707-0
286,FAVXAC__ligand7967-0
287,FAVXAC__ligand23197-0
288,FAVXAC__ligand9601-0
289,FAVXAC__ligand17-0
290,FAVXAC__ligand8992-0
291,FAVXAC__ligand201-0
292,FAVXAC__ligand4546-0
293,FAVXAC__ligand4503-0
294,FAVXAC__ligand26529-0
295,FAVXAC__ligand6768-0
296,FAVXAC__ligand8115-0
297,FAVXAC__ligand11618-0
298,FAVXAC__ligand7000-0
299,FAVXAC__ligand1982-0
300,FAVXAC__ligand1285-0
301,FAVXAC__ligand2232-0
302,FAVXAC__ligand321-0
303,FAVXAC__ligand19927-0
304,FAVXAC__ligand28559-0
305,FAVXAC__ligand2176-0
306,FAVXAC__ligand26324-0
307,FAVXAC__ligand14043-0
308,FAVXAC__ligand9291-0
309,FAVXAC__ligand178-0
310,FAVXAC__ligand7648-0
311,FAVXAC__ligand8876-0
312,FAVXAC__ligand21729-0
313,FAVXAC__ligand2828-0
314,FAVXAC__ligand9833-0
315,FAVXAC__ligand27239-0
316,FAVXAC__ligand5256-0
317,FAVXAC__ligand279-0
318,FAVXAC__ligand4157-0
319,FAVXAC__ligand185-0
320,FAVXAC__ligand29215-0
321,FAVXAC__ligand3954-0
322,FAVXAC__ligand4093-0
323,FAVXAC__ligand4442-0
324,FAVXAC__ligand9520-0
325,FAVXAC__ligand1160-0
326,FAVXAC__ligand8699-0
327,FAVXAC__ligand16148-0
328,FAVXAC__ligand26631-0
329,FAVXAC__ligand8-0
330,FAVXAC__ligand9784-0
331,FAVXAC__ligand12003-0
332,FAVXAC__ligand4272-0
333,FAVXAC__ligand1451-0
334,FAVXAC__ligand21399-0
335,FAVXAC__ligand7629-0
336,FAVXAC__ligand10872-0
337,FAVXAC__ligand7280-0
338,FAVXAC__ligand1304-0
339,FAVXAC__ligand1790-0
340,FAVXAC__ligand22403-0
341,FAVXAC__ligand7238-0
342,FAVXAC__ligand20695-0
343,FAVXAC__ligand4016-0
344,FAVXAC__ligand27754-0
345,FAVXAC__ligand338-0
346,FAVXAC__ligand7867-0
347,FAVXAC__ligand16369-0
348,FAVXAC__ligand6709-0
349,FAVXAC__ligand1219-0
350,FAVXAC__ligand28540-0
351,FAVXAC__ligand11111-0
352,FAVXAC__ligand14569-0
353,FAVXAC__ligand4661-0
354,FAVXAC__ligand1844-0
355,FAVXAC__ligand13385-0
356,FAVXAC__ligand126-0
357,FAVXAC__ligand24111-0
358,FAVXAC__ligand163-0
359,FAVXAC__ligand22444-0
360,FAVXAC__ligand6616-0
361,FAVXAC__ligand3035-0
362,FAVXAC__ligand1343-0
363,FAVXAC__ligand3876-0
364,FAVXAC__ligand3718-0
365,FAVXAC__ligand9935-0
366,FAVXAC__ligand13220-0
367,FAVXAC__ligand11587-0
368,FAVXAC__ligand1573-0
369,FAVXAC__ligand1536-0
370,FAVXAC__ligand17396-0
371,FAVXAC__ligand1959-0
372,FAVXAC__ligand23175-0
373,FAVXAC__ligand15788-0
374,FAVXAC__ligand3504-0
375,FAVXAC__ligand27840-0
376,FAVXAC__ligand30728-0
377,FAVXAC__ligand9908-0
378,FAVXAC__ligand1263-0
379,FAVXAC__ligand24872-0
380,FAVXAC__ligand845-0
381,FAVXAC__ligand10033-0
382,FAVXAC__ligand7106-0
383,FAVXAC__ligand24644-0
384,FAVXAC__ligand12001-0
385,FAVXAC__ligand7242-0
386,FAVXAC__ligand6839-0
387,FAVXAC__ligand3131-0
388,FAVXAC__ligand3937-0
389,FAVXAC__ligand1202-0
390,FAVXAC__ligand3174-0
391,FAVXAC__ligand11949-0
392,FAVXAC__ligand8969-0
393,FAVXAC__ligand22129-0
394,FAVXAC__ligand4720-0
395,FAVXAC__ligand12138-0
396,FAVXAC__ligand366-0
397,FAVXAC__ligand11-0
398,FAVXAC__ligand24780-0
399,FAVXAC__ligand4155-0
400,FAVXAC__ligand25561-0
401,FAVXAC__ligand3094-0
402,FAVXAC__ligand187-0
403,FAVXAC__ligand5211-0
404,FAVXAC__ligand657-0
405,FAVXAC__ligand6919-0
406,FAVXAC__ligand941-0
407,FAVXAC__ligand2485-0
408,FAVXAC__ligand596-0
409,FAVXAC__ligand31694-0
410,FAVXAC__ligand3852-0
411,FAVXAC__ligand29486-0
412,FAVXAC__ligand3565-0
413,FAVXAC__ligand69-0
414,FAVXAC__ligand5331-0
415,FAVXAC__ligand777-0
416,FAVXAC__ligand1512-0
417,FAVXAC__ligand17427-0
418,FAVXAC__ligand4649-0
419,FAVXAC__ligand5649-0
420,FAVXAC__ligand2788-0
421,FAVXAC__ligand8793-0
422,FAVXAC__ligand26810-0
423,FAVXAC__ligand3244-0
424,FAVXAC__ligand4711-0
425,FAVXAC__ligand27482-0
426,FAVXAC__ligand2906-0
427,FAVXAC__ligand13208-0
428,FAVXAC__ligand487-0
429,FAVXAC__ligand3178-0
430,FAVXAC__ligand746-0
431,FAVXAC__ligand4807-0
432,FAVXAC__ligand20682-0
433,FAVXAC__ligand447-0
434,FAVXAC__ligand7196-0
435,FAVXAC__ligand5159-0
436,FAVXAC__ligand13390-0
437,FAVXAC__ligand1787-0
438,FAVXAC__ligand1356-0
439,FAVXAC__ligand5530-0
440,FAVXAC__ligand176-0
441,FAVXAC__ligand9753-0
442,FAVXAC__ligand25411-0
443,FAVXAC__ligand7316-0
444,FAVXAC__ligand5708-0
445,FAVXAC__ligand6017-0
446,FAVXAC__ligand14174-0
447,FAVXAC__ligand10712-0
448,FAVXAC__ligand152-0
449,FAVXAC__ligand5180-0
450,FAVXAC__ligand11456-0
451,FAVXAC__ligand14248-0
452,FAVXAC__ligand7273-0
453,FAVXAC__ligand506-0
454,FAVXAC__ligand29879-0
455,FAVXAC__ligand12030-0
456,FAVXAC__ligand9323-0
457,FAVXAC__ligand7172-0
458,FAVXAC__ligand28884-0
459,FAVXAC__ligand13331-0
460,FAVXAC__ligand8612-0
461,FAVXAC__ligand2124-0
462,FAVXAC__ligand13294-0
463,FAVXAC__ligand2260-0
464,FAVXAC__ligand31832-0
465,FAVXAC__ligand7092-0
466,FAVXAC__ligand1116-0
467,FAVXAC__ligand1153-0
468,FAVXAC__ligand3225-0
469,FAVXAC__ligand17982-0
470,FAVXAC__ligand29414-0
471,FAVXAC__ligand20011-0
472,FAVXAC__ligand17278-0
473,FAVXAC__ligand2417-0
474,FAVXAC__ligand43-0
475,FAVXAC__ligand1114-0
476,FAVXAC__ligand17398-0
477,FAVXAC__ligand24047-0
478,FAVXAC__ligand833-0
479,FAVXAC__ligand22557-0
480,FAVXAC__ligand10589-0
481,FAVXAC__ligand6391-0
482,FAVXAC__ligand3126-0
483,FAVXAC__ligand20598-0
484,FAVXAC__ligand9284-0
485,FAVXAC__ligand11675-0
486,FAVXAC__ligand14703-0
487,FAVXAC__ligand16475-0
488,FAVXAC__ligand1228-0
489,FAVXAC__ligand9943-0
490,FAVXAC__ligand1604-0
491,FAVXAC__ligand1832-0
492,FAVXAC__ligand8788-0
493,FAVXAC__ligand4-0
494,FAVXAC__ligand2043-0
495,FAVXAC__ligand115-0
496,FAVXAC__ligand20251-1
497,FAVXAC__ligand30702-0
498,FAVXAC__ligand20214-0
499,FAVXAC__ligand20251-0
500,FAVXAC__ligand368-0
501,FAVXAC__ligand1599-0
502,FAVXAC__ligand20539-0
503,FAVXAC__ligand21581-0
504,FAVXAC__ligand31097-0
505,FAVXAC__ligand2612-0
506,FAVXAC__ligand395-0
507,FAVXAC__ligand14117-0
508,FAVXAC__ligand17261-0
509,FAVXAC__ligand9450-0
510,FAVXAC__ligand21371-0
511,FAVXAC__ligand17118-0
512,FAVXAC__ligand20419-0
513,FAVXAC__ligand28789-0
514,FAVXAC__ligand29568-0
515,FAVXAC__ligand1289-0
516,FAVXAC__ligand5387-0
517,FAVXAC__ligand14889-0
518,FAVXAC__ligand67-0
519,FAVXAC__ligand2203-0
520,FAVXAC__ligand784-0
521,FAVXAC__ligand30851-0
522,FAVXAC__ligand3677-1
523,FAVXAC__ligand9883-0
524,FAVXAC__ligand27175-0
525,FAVXAC__ligand18832-0
526,FAVXAC__ligand23713-0
527,FAVXAC__ligand618-0
528,FAVXAC__ligand30988-0
529,FAVXAC__ligand7291-0
530,FAVXAC__ligand27893-0
531,FAVXAC__ligand9299-0
532,FAVXAC__ligand391-0
533,FAVXAC__ligand14723-0
534,FAVXAC__ligand4007-0
535,FAVXAC__ligand19641-0
536,FAVXAC__ligand2985-0
537,FAVXAC__ligand20578-0
538,FAVXAC__ligand12934-0
539,FAVXAC__ligand15422-0
540,FAVXAC__ligand314-0
541,FAVXAC__ligand2693-0
542,FAVXAC__ligand5383-0
543,FAVXAC__ligand780-0
544,FAVXAC__ligand31783-0
545,FAVXAC__ligand813-0
546,FAVXAC__ligand3945-0
547,FAVXAC__ligand3736-0
548,FAVXAC__ligand17258-0
549,FAVXAC__ligand8000-0
550,FAVXAC__ligand14603-0
551,FAVXAC__ligand14297-0
552,FAVXAC__ligand26665-0
553,FAVXAC__ligand17631-0
554,FAVXAC__ligand9344-0
555,FAVXAC__ligand13012-0
556,FAVXAC__ligand30333-0
557,FAVXAC__ligand1211-0
558,FAVXAC__ligand6892-0
559,FAVXAC__ligand12606-0
560,FAVXAC__ligand17281-0
561,FAVXAC__ligand1499-0
562,FAVXAC__ligand2881-0
563,FAVXAC__ligand30296-0
564,FAVXAC__ligand12337-0
565,FAVXAC__ligand314-1
566,FAVXAC__ligand29410-0
567,FAVXAC__ligand26540-0
568,FAVXAC__ligand3712-0
569,FAVXAC__ligand1464-0
570,FAVXAC__ligand20740-0
571,FAVXAC__ligand28468-0
572,FAVXAC__ligand12427-0
573,FAVXAC__ligand16628-0
574,FAVXAC__ligand6699-0
575,FAVXAC__ligand1168-0
576,FAVXAC__ligand1294-0
577,FAVXAC__ligand465-0
578,FAVXAC__ligand3677-0
579,FAVXAC__ligand27460-0
580,FAVXAC__ligand3632-0
581,FAVXAC__ligand18814-0
582,FAVXAC__ligand686-0
583,FAVXAC__ligand19057-0
584,FAVXAC__ligand13425-0
585,FAVXAC__ligand29302-0
586,FAVXAC__ligand9773-0
587,FAVXAC__ligand1376-0
588,FAVXAC__ligand5510-0
589,FAVXAC__ligand1197-0
590,FAVXAC__ligand8592-0
591,FAVXAC__ligand5099-0
592,FAVXAC__ligand1296-0
593,FAVXAC__ligand27763-0
594,FAVXAC__ligand422-0
595,FAVXAC__ligand2259-0
596,FAVXAC__ligand78-0
597,FAVXAC__ligand28676-0
598,FAVXAC__ligand10262-0
599,FAVXAC__ligand12641-0
600,FAVXAC__ligand45-0
601,FAVXAC__ligand2221-0
602,FAVXAC__ligand4358-0
603,FAVXAC__ligand3926-0
604,FAVXAC__ligand10958-0
605,FAVXAC__ligand3120-0
606,FAVXAC__ligand14108-0
607,FAVXAC__ligand196-0
608,FAVXAC__ligand5595-0
609,FAVXAC__ligand4101-0
610,FAVXAC__ligand5080-0
611,FAVXAC__ligand7762-0
612,FAVXAC__ligand17302-0
613,FAVXAC__ligand353-0
614,FAVXAC__ligand24-0
615,FAVXAC__ligand17805-0
616,FAVXAC__ligand23769-0
617,FAVXAC__ligand24185-0
618,FAVXAC__ligand25178-0
619,FAVXAC__ligand8002-0
620,FAVXAC__ligand5509-0
621,FAVXAC__ligand6117-0
622,FAVXAC__ligand1407-0
623,FAVXAC__ligand3867-0
624,FAVXAC__ligand1317-0
625,FAVXAC__ligand7293-0
626,FAVXAC__ligand2822-0
627,FAVXAC__ligand24145-0
628,FAVXAC__ligand12401-0
629,FAVXAC__ligand15585-0
630,FAVXAC__ligand13068-0
631,FAVXAC__ligand19830-0
632,FAVXAC__ligand10476-0
633,FAVXAC__ligand19-0
634,FAVXAC__ligand2238-0
635,FAVXAC__ligand12130-0
636,FAVXAC__ligand17387-0
637,FAVXAC__ligand18292-0
638,FAVXAC__ligand12289-0
639,FAVXAC__ligand26702-0
640,FAVXAC__ligand13658-0
641,FAVXAC__ligand9167-0
642,FAVXAC__ligand12231-0
643,FAVXAC__ligand5304-0
644,FAVXAC__ligand393-0
645,FAVXAC__ligand25267-0
646,FAVXAC__ligand250-0
647,FAVXAC__ligand10084-0
648,FAVXAC__ligand3042-0
649,FAVXAC__ligand12467-0
650,FAVXAC__ligand13257-0
651,FAVXAC__ligand21936-0
652,FAVXAC__ligand7438-0
653,FAVXAC__ligand8200-0
654,FAVXAC__ligand4063-0
655,FAVXAC__ligand23904-0
656,FAVXAC__ligand370-0
657,FAVXAC__ligand42-0
658,FAVXAC__ligand1150-0
659,FAVXAC__ligand27074-0
660,FAVXAC__ligand22981-0
661,FAVXAC__ligand25805-0
662,FAVXAC__ligand1539-0
663,FAVXAC__ligand20599-0
664,FAVXAC__ligand4207-0
665,FAVXAC__ligand27169-0
666,FAVXAC__ligand14523-0
667,FAVXAC__ligand3453-0
668,FAVXAC__ligand18391-0
669,FAVXAC__ligand3416-0
670,FAVXAC__ligand16791-0
671,FAVXAC__ligand1288-0
672,FAVXAC__ligand479-0
673,FAVXAC__ligand785-0
674,FAVXAC__ligand311-0
675,FAVXAC__ligand66-0
676,FAVXAC__ligand28668-0
677,FAVXAC__ligand564-0
678,FAVXAC__ligand4167-0
679,FAVXAC__ligand620-0
680,FAVXAC__ligand1400-0
681,FAVXAC__ligand4266-0
682,FAVXAC__ligand18465-0
683,FAVXAC__ligand9491-0
684,FAVXAC__ligand18799-0
685,FAVXAC__ligand370-1
686,FAVXAC__ligand9750-0
687,FAVXAC__ligand188-0
688,FAVXAC__ligand29863-0
689,FAVXAC__ligand1779-0
690,FAVXAC__ligand18074-0
691,FAVXAC__ligand6993-0
692,FAVXAC__ligand1817-0
693,FAVXAC__ligand13869-0
694,FAVXAC__ligand3980-0
695,FAVXAC__ligand3557-0
696,FAVXAC__ligand29610-0
697,FAVXAC__ligand1149-0
698,FAVXAC__ligand7075-0
699,FAVXAC__ligand11140-0
700,FAVXAC__ligand5630-0
701,FAVXAC__ligand1786-0
702,FAVXAC__ligand177-0
703,FAVXAC__ligand25735-0
704,FAVXAC__ligand12519-0
705,FAVXAC__ligand4795-0
706,FAVXAC__ligand3285-0
707,FAVXAC__ligand11206-0
708,FAVXAC__ligand1908-0
709,FAVXAC__ligand23124-0
710,FAVXAC__ligand5755-0
711,FAVXAC__ligand4710-0
712,FAVXAC__ligand12660-0
713,FAVXAC__ligand19257-0
714,FAVXAC__ligand5085-0
715,FAVXAC__ligand13209-0
716,FAVXAC__ligand3144-0
717,FAVXAC__ligand31248-0
718,FAVXAC__ligand8042-0
719,FAVXAC__ligand909-0
720,FAVXAC__ligand25650-0
721,FAVXAC__ligand6112-0
722,FAVXAC__ligand1828-0
723,FAVXAC__ligand7213-0
724,FAVXAC__ligand1397-0
725,FAVXAC__ligand830-0
726,FAVXAC__ligand1216-0
727,FAVXAC__ligand12295-0
728,FAVXAC__ligand5019-0
729,FAVXAC__ligand372-0
730,FAVXAC__ligand1152-0
731,FAVXAC__ligand27835-0
732,FAVXAC__ligand3261-0
733,FAVXAC__ligand193-0
734,FAVXAC__ligand21787-0
735,FAVXAC__ligand25575-0
736,FAVXAC__ligand1849-0
737,FAVXAC__ligand25689-0
738,FAVXAC__ligand30539-0
739,FAVXAC__ligand6663-0
740,FAVXAC__ligand116-0
741,FAVXAC__ligand5515-0
742,FAVXAC__ligand1831-0
743,FAVXAC__ligand5280-0
744,FAVXAC__ligand252-0
745,FAVXAC__ligand5614-0
746,FAVXAC__ligand23906-0
747,FAVXAC__ligand38-0
748,FAVXAC__ligand21132-0
749,FAVXAC__ligand11166-0
750,FAVXAC__ligand5201-0
751,FAVXAC__ligand29087-0
752,FAVXAC__ligand197-0
753,FAVXAC__ligand18703-0
754,FAVXAC__ligand28924-0
755,FAVXAC__ligand8553-0
756,FAVXAC__ligand1113-0
757,FAVXAC__ligand15438-0
758,FAVXAC__ligand24750-0
759,FAVXAC__ligand8593-0
760,FAVXAC__ligand9944-0
761,FAVXAC__ligand3-0
762,FAVXAC__ligand17945-0
763,FAVXAC__ligand18013-0
764,FAVXAC__ligand25224-0
765,FAVXAC__ligand7566-0
766,FAVXAC__ligand31578-0
767,FAVXAC__ligand17207-0
768,FAVXAC__ligand2001-0
769,FAVXAC__ligand18-0
770,FAVXAC__ligand3180-0
771,FAVXAC__ligand868-0
772,FAVXAC__ligand4340-0
773,FAVXAC__ligand2650-0
774,FAVXAC__ligand2281-0
775,FAVXAC__ligand2823-0
776,FAVXAC__ligand29898-0
777,FAVXAC__ligand26277-0
778,FAVXAC__ligand22755-0
779,FAVXAC__ligand6995-0
780,FAVXAC__ligand11432-0
781,FAVXAC__ligand31618-0
782,FAVXAC__ligand10432-0
783,FAVXAC__ligand3471-0
784,FAVXAC__ligand4161-0
785,FAVXAC__ligand4124-0
786,FAVXAC__ligand15168-0
787,FAVXAC__ligand5415-0
788,FAVXAC__ligand24064-0
789,FAVXAC__ligand352-0
790,FAVXAC__ligand783-0
791,FAVXAC__ligand23589-0
792,FAVXAC__ligand24613-0
793,FAVXAC__ligand4262-0
794,FAVXAC__ligand560-0
795,FAVXAC__ligand19725-0
796,FAVXAC__ligand1028-0
797,FAVXAC__ligand10555-0
798,FAVXAC__ligand1618-0
799,FAVXAC__ligand31483-0
800,FAVXAC__ligand2692-0
801,FAVXAC__ligand11568-0
802,FAVXAC__ligand20579-0
803,FAVXAC__ligand17710-0
804,FAVXAC__ligand1015-0
805,FAVXAC__ligand1050-0
806,FAVXAC__ligand235-0
807,FAVXAC__ligand21421-0
808,FAVXAC__ligand14586-0
809,FAVXAC__ligand11774-0
810,FAVXAC__ligand134-0
811,FAVXAC__ligand2027-0
812,FAVXAC__ligand1169-0
813,FAVXAC__ligand421-0
814,FAVXAC__ligand8529-0
815,FAVXAC__ligand18699-0
816,FAVXAC__ligand12682-0
817,FAVXAC__ligand17240-0
818,FAVXAC__ligand685-0
819,FAVXAC__ligand1-0
820,FAVXAC__ligand17590-0
821,FAVXAC__ligand1498-0
822,FAVXAC__ligand13072-0
823,FAVXAC__ligand4596-0
824,FAVXAC__ligand12336-0
825,FAVXAC__ligand294-0
826,FAVXAC__ligand9615-0
827,FAVXAC__ligand1154-0
