,TMC
0,HEGKEJ__ligand162-0
1,HEGKEJ__ligand14889-0
2,HEGKEJ__ligand30851-0
3,HEGKEJ__ligand226-0
4,HEGKEJ__ligand1533-0
5,HEGKEJ__ligand29568-0
6,HEGKEJ__ligand28789-0
7,HEGKEJ__ligand416-0
8,HEGKEJ__ligand21371-0
9,HEGKEJ__ligand17118-0
10,HEGKEJ__ligand20419-0
11,HEGKEJ__ligand7557-0
12,HEGKEJ__ligand383-0
13,HEGKEJ__ligand1496-0
14,HEGKEJ__ligand1712-0
15,HEGKEJ__ligand4131-0
16,HEGKEJ__ligand14117-0
17,HEGKEJ__ligand17261-0
18,HEGKEJ__ligand31097-0
19,HEGKEJ__ligand21581-0
20,HEGKEJ__ligand5892-0
21,HEGKEJ__ligand5094-0
22,HEGKEJ__ligand20251-0
23,HEGKEJ__ligand20214-0
24,HEGKEJ__ligand30702-0
25,HEGKEJ__ligand20539-0
26,HEGKEJ__ligand3029-0
27,HEGKEJ__ligand20251-1
28,HEGKEJ__ligand7162-0
29,HEGKEJ__ligand2328-0
30,HEGKEJ__ligand4581-0
31,HEGKEJ__ligand1773-0
32,HEGKEJ__ligand1900-0
33,HEGKEJ__ligand656-0
34,HEGKEJ__ligand9197-0
35,HEGKEJ__ligand16475-0
36,HEGKEJ__ligand14703-0
37,HEGKEJ__ligand24047-0
38,HEGKEJ__ligand22557-0
39,HEGKEJ__ligand10589-0
40,HEGKEJ__ligand20598-0
41,HEGKEJ__ligand11675-0
42,HEGKEJ__ligand696-0
43,HEGKEJ__ligand3208-0
44,HEGKEJ__ligand2208-0
45,HEGKEJ__ligand17398-0
46,HEGKEJ__ligand2781-0
47,HEGKEJ__ligand7573-0
48,HEGKEJ__ligand3350-0
49,HEGKEJ__ligand17982-0
50,HEGKEJ__ligand1327-0
51,HEGKEJ__ligand9809-0
52,HEGKEJ__ligand6672-0
53,HEGKEJ__ligand29414-0
54,HEGKEJ__ligand17278-0
55,HEGKEJ__ligand20011-0
56,HEGKEJ__ligand8722-0
57,HEGKEJ__ligand2527-0
58,HEGKEJ__ligand13294-0
59,HEGKEJ__ligand31832-0
60,HEGKEJ__ligand45-0
61,HEGKEJ__ligand694-0
62,HEGKEJ__ligand358-0
63,HEGKEJ__ligand28884-0
64,HEGKEJ__ligand13331-0
65,HEGKEJ__ligand430-0
66,HEGKEJ__ligand29879-0
67,HEGKEJ__ligand488-0
68,HEGKEJ__ligand14248-0
69,HEGKEJ__ligand1709-0
70,HEGKEJ__ligand8464-0
71,HEGKEJ__ligand12030-0
72,HEGKEJ__ligand8349-0
73,HEGKEJ__ligand4911-0
74,HEGKEJ__ligand1771-0
75,HEGKEJ__ligand11456-0
76,HEGKEJ__ligand3392-0
77,HEGKEJ__ligand14174-0
78,HEGKEJ__ligand10712-0
79,HEGKEJ__ligand78-0
80,HEGKEJ__ligand25411-0
81,HEGKEJ__ligand5849-0
82,HEGKEJ__ligand1379-0
83,HEGKEJ__ligand2722-0
84,HEGKEJ__ligand13390-0
85,HEGKEJ__ligand5935-0
86,HEGKEJ__ligand1165-0
87,HEGKEJ__ligand670-0
88,HEGKEJ__ligand20682-0
89,HEGKEJ__ligand9525-0
90,HEGKEJ__ligand534-0
91,HEGKEJ__ligand3157-0
92,HEGKEJ__ligand571-0
93,HEGKEJ__ligand19-0
94,HEGKEJ__ligand1688-0
95,HEGKEJ__ligand13208-0
96,HEGKEJ__ligand24-0
97,HEGKEJ__ligand5357-0
98,HEGKEJ__ligand3647-0
99,HEGKEJ__ligand26810-0
100,HEGKEJ__ligand27482-0
101,HEGKEJ__ligand5056-0
102,HEGKEJ__ligand4850-0
103,HEGKEJ__ligand1768-0
104,HEGKEJ__ligand3871-0
105,HEGKEJ__ligand1469-0
106,HEGKEJ__ligand9148-0
107,HEGKEJ__ligand12231-0
108,HEGKEJ__ligand12130-0
109,HEGKEJ__ligand17387-0
110,HEGKEJ__ligand12289-0
111,HEGKEJ__ligand18292-0
112,HEGKEJ__ligand13658-0
113,HEGKEJ__ligand588-0
114,HEGKEJ__ligand26702-0
115,HEGKEJ__ligand7529-0
116,HEGKEJ__ligand19830-0
117,HEGKEJ__ligand13068-0
118,HEGKEJ__ligand10476-0
119,HEGKEJ__ligand24145-0
120,HEGKEJ__ligand1415-0
121,HEGKEJ__ligand6946-0
122,HEGKEJ__ligand300-0
123,HEGKEJ__ligand15585-0
124,HEGKEJ__ligand12401-0
125,HEGKEJ__ligand2830-0
126,HEGKEJ__ligand25178-0
127,HEGKEJ__ligand5627-0
128,HEGKEJ__ligand23769-0
129,HEGKEJ__ligand24185-0
130,HEGKEJ__ligand1729-0
131,HEGKEJ__ligand17805-0
132,HEGKEJ__ligand5483-0
133,HEGKEJ__ligand199-0
134,HEGKEJ__ligand5316-0
135,HEGKEJ__ligand17302-0
136,HEGKEJ__ligand7530-0
137,HEGKEJ__ligand1065-0
138,HEGKEJ__ligand1449-0
139,HEGKEJ__ligand14108-0
140,HEGKEJ__ligand3012-0
141,HEGKEJ__ligand4332-0
142,HEGKEJ__ligand10958-0
143,HEGKEJ__ligand12641-0
144,HEGKEJ__ligand9681-0
145,HEGKEJ__ligand27763-0
146,HEGKEJ__ligand6455-0
147,HEGKEJ__ligand6882-0
148,HEGKEJ__ligand10262-0
149,HEGKEJ__ligand28676-0
150,HEGKEJ__ligand3934-0
151,HEGKEJ__ligand361-0
152,HEGKEJ__ligand13425-0
153,HEGKEJ__ligand29302-0
154,HEGKEJ__ligand324-0
155,HEGKEJ__ligand409-0
156,HEGKEJ__ligand2403-0
157,HEGKEJ__ligand18814-0
158,HEGKEJ__ligand19057-0
159,HEGKEJ__ligand3973-0
160,HEGKEJ__ligand27460-0
161,HEGKEJ__ligand1147-0
162,HEGKEJ__ligand16628-0
163,HEGKEJ__ligand20740-0
164,HEGKEJ__ligand28468-0
165,HEGKEJ__ligand2068-0
166,HEGKEJ__ligand326-0
167,HEGKEJ__ligand7925-0
168,HEGKEJ__ligand12427-0
169,HEGKEJ__ligand12337-0
170,HEGKEJ__ligand4194-0
171,HEGKEJ__ligand29410-0
172,HEGKEJ__ligand436-0
173,HEGKEJ__ligand26540-0
174,HEGKEJ__ligand7532-0
175,HEGKEJ__ligand17281-0
176,HEGKEJ__ligand30296-0
177,HEGKEJ__ligand12606-0
178,HEGKEJ__ligand2599-0
179,HEGKEJ__ligand30333-0
180,HEGKEJ__ligand43-0
181,HEGKEJ__ligand4330-0
182,HEGKEJ__ligand692-0
183,HEGKEJ__ligand26665-0
184,HEGKEJ__ligand17631-0
185,HEGKEJ__ligand13012-0
186,HEGKEJ__ligand17258-0
187,HEGKEJ__ligand14297-0
188,HEGKEJ__ligand14603-0
189,HEGKEJ__ligand6283-0
190,HEGKEJ__ligand67-0
191,HEGKEJ__ligand6062-0
192,HEGKEJ__ligand31783-0
193,HEGKEJ__ligand5813-0
194,HEGKEJ__ligand4813-0
195,HEGKEJ__ligand4738-0
196,HEGKEJ__ligand19641-0
197,HEGKEJ__ligand3215-0
198,HEGKEJ__ligand633-0
199,HEGKEJ__ligand15422-0
200,HEGKEJ__ligand12934-0
201,HEGKEJ__ligand20578-0
202,HEGKEJ__ligand27893-0
203,HEGKEJ__ligand14723-0
204,HEGKEJ__ligand7107-0
205,HEGKEJ__ligand30988-0
206,HEGKEJ__ligand497-0
207,HEGKEJ__ligand18832-0
208,HEGKEJ__ligand27175-0
209,HEGKEJ__ligand23713-0
210,HEGKEJ__ligand21132-0
211,HEGKEJ__ligand279-0
212,HEGKEJ__ligand9601-0
213,HEGKEJ__ligand185-0
214,HEGKEJ__ligand11166-0
215,HEGKEJ__ligand8992-0
216,HEGKEJ__ligand23906-0
217,HEGKEJ__ligand178-0
218,HEGKEJ__ligand4116-0
219,HEGKEJ__ligand1018-0
220,HEGKEJ__ligand3707-0
221,HEGKEJ__ligand321-0
222,HEGKEJ__ligand6124-0
223,HEGKEJ__ligand30539-0
224,HEGKEJ__ligand7967-0
225,HEGKEJ__ligand8721-0
226,HEGKEJ__ligand1324-0
227,HEGKEJ__ligand21787-0
228,HEGKEJ__ligand25575-0
229,HEGKEJ__ligand25689-0
230,HEGKEJ__ligand5643-0
231,HEGKEJ__ligand1823-0
232,HEGKEJ__ligand12295-0
233,HEGKEJ__ligand2526-0
234,HEGKEJ__ligand5036-0
235,HEGKEJ__ligand1615-0
236,HEGKEJ__ligand27835-0
237,HEGKEJ__ligand201-0
238,HEGKEJ__ligand9952-0
239,HEGKEJ__ligand9111-0
240,HEGKEJ__ligand2332-0
241,HEGKEJ__ligand9441-0
242,HEGKEJ__ligand31248-0
243,HEGKEJ__ligand338-0
244,HEGKEJ__ligand25650-0
245,HEGKEJ__ligand19257-0
246,HEGKEJ__ligand13209-0
247,HEGKEJ__ligand9933-0
248,HEGKEJ__ligand1530-0
249,HEGKEJ__ligand1575-0
250,HEGKEJ__ligand12660-0
251,HEGKEJ__ligand1631-0
252,HEGKEJ__ligand11206-0
253,HEGKEJ__ligand23124-0
254,HEGKEJ__ligand3156-0
255,HEGKEJ__ligand2915-0
256,HEGKEJ__ligand12519-0
257,HEGKEJ__ligand25735-0
258,HEGKEJ__ligand18-0
259,HEGKEJ__ligand1378-0
260,HEGKEJ__ligand6244-0
261,HEGKEJ__ligand7819-0
262,HEGKEJ__ligand11140-0
263,HEGKEJ__ligand2917-0
264,HEGKEJ__ligand29610-0
265,HEGKEJ__ligand29863-0
266,HEGKEJ__ligand845-0
267,HEGKEJ__ligand3465-0
268,HEGKEJ__ligand18074-0
269,HEGKEJ__ligand13869-0
270,HEGKEJ__ligand6596-0
271,HEGKEJ__ligand3721-0
272,HEGKEJ__ligand6904-0
273,HEGKEJ__ligand6102-0
274,HEGKEJ__ligand18465-0
275,HEGKEJ__ligand18799-0
276,HEGKEJ__ligand4620-0
277,HEGKEJ__ligand163-0
278,HEGKEJ__ligand126-0
279,HEGKEJ__ligand28668-0
280,HEGKEJ__ligand2295-0
281,HEGKEJ__ligand1577-0
282,HEGKEJ__ligand16791-0
283,HEGKEJ__ligand6067-0
284,HEGKEJ__ligand27169-0
285,HEGKEJ__ligand14523-0
286,HEGKEJ__ligand777-0
287,HEGKEJ__ligand4641-0
288,HEGKEJ__ligand18391-0
289,HEGKEJ__ligand25805-0
290,HEGKEJ__ligand22981-0
291,HEGKEJ__ligand20599-0
292,HEGKEJ__ligand27074-0
293,HEGKEJ__ligand596-0
294,HEGKEJ__ligand941-0
295,HEGKEJ__ligand657-0
296,HEGKEJ__ligand1142-0
297,HEGKEJ__ligand3234-0
298,HEGKEJ__ligand23904-0
299,HEGKEJ__ligand187-0
300,HEGKEJ__ligand13257-0
301,HEGKEJ__ligand21936-0
302,HEGKEJ__ligand8835-0
303,HEGKEJ__ligand2028-0
304,HEGKEJ__ligand366-0
305,HEGKEJ__ligand7126-0
306,HEGKEJ__ligand12467-0
307,HEGKEJ__ligand25267-0
308,HEGKEJ__ligand10084-0
309,HEGKEJ__ligand3565-0
310,HEGKEJ__ligand5331-0
311,HEGKEJ__ligand42-0
312,HEGKEJ__ligand693-0
313,HEGKEJ__ligand1512-0
314,HEGKEJ__ligand12336-0
315,HEGKEJ__ligand2485-0
316,HEGKEJ__ligand3852-0
317,HEGKEJ__ligand6919-0
318,HEGKEJ__ligand13072-0
319,HEGKEJ__ligand4155-0
320,HEGKEJ__ligand3094-0
321,HEGKEJ__ligand17590-0
322,HEGKEJ__ligand5211-0
323,HEGKEJ__ligand17240-0
324,HEGKEJ__ligand3174-0
325,HEGKEJ__ligand1202-0
326,HEGKEJ__ligand3937-0
327,HEGKEJ__ligand3131-0
328,HEGKEJ__ligand12682-0
329,HEGKEJ__ligand8969-0
330,HEGKEJ__ligand18699-0
331,HEGKEJ__ligand6839-0
332,HEGKEJ__ligand4720-0
333,HEGKEJ__ligand11774-0
334,HEGKEJ__ligand14586-0
335,HEGKEJ__ligand7106-0
336,HEGKEJ__ligand7242-0
337,HEGKEJ__ligand21421-0
338,HEGKEJ__ligand11568-0
339,HEGKEJ__ligand17710-0
340,HEGKEJ__ligand20579-0
341,HEGKEJ__ligand9908-0
342,HEGKEJ__ligand1263-0
343,HEGKEJ__ligand66-0
344,HEGKEJ__ligand1536-0
345,HEGKEJ__ligand1573-0
346,HEGKEJ__ligand9935-0
347,HEGKEJ__ligand8-0
348,HEGKEJ__ligand10555-0
349,HEGKEJ__ligand122-0
350,HEGKEJ__ligand3504-0
351,HEGKEJ__ligand1959-0
352,HEGKEJ__ligand31483-0
353,HEGKEJ__ligand19725-0
354,HEGKEJ__ligand1844-0
355,HEGKEJ__ligand757-0
356,HEGKEJ__ligand4661-0
357,HEGKEJ__ligand24613-0
358,HEGKEJ__ligand3718-0
359,HEGKEJ__ligand3876-0
360,HEGKEJ__ligand1343-0
361,HEGKEJ__ligand3035-0
362,HEGKEJ__ligand6616-0
363,HEGKEJ__ligand4016-0
364,HEGKEJ__ligand23589-0
365,HEGKEJ__ligand24064-0
366,HEGKEJ__ligand1219-0
367,HEGKEJ__ligand6709-0
368,HEGKEJ__ligand7867-0
369,HEGKEJ__ligand7280-0
370,HEGKEJ__ligand1790-0
371,HEGKEJ__ligand1304-0
372,HEGKEJ__ligand15168-0
373,HEGKEJ__ligand384-0
374,HEGKEJ__ligand7238-0
375,HEGKEJ__ligand22755-0
376,HEGKEJ__ligand768-0
377,HEGKEJ__ligand9784-0
378,HEGKEJ__ligand31618-0
379,HEGKEJ__ligand11432-0
380,HEGKEJ__ligand10432-0
381,HEGKEJ__ligand7629-0
382,HEGKEJ__ligand26277-0
383,HEGKEJ__ligand29898-0
384,HEGKEJ__ligand1451-0
385,HEGKEJ__ligand4272-0
386,HEGKEJ__ligand4093-0
387,HEGKEJ__ligand4442-0
388,HEGKEJ__ligand3954-0
389,HEGKEJ__ligand1160-0
390,HEGKEJ__ligand8699-0
391,HEGKEJ__ligand9520-0
392,HEGKEJ__ligand31578-0
393,HEGKEJ__ligand5256-0
394,HEGKEJ__ligand17207-0
395,HEGKEJ__ligand8876-0
396,HEGKEJ__ligand2828-0
397,HEGKEJ__ligand7648-0
398,HEGKEJ__ligand9833-0
399,HEGKEJ__ligand4157-0
400,HEGKEJ__ligand17945-0
401,HEGKEJ__ligand18013-0
402,HEGKEJ__ligand25224-0
403,HEGKEJ__ligand2232-0
404,HEGKEJ__ligand38-0
405,HEGKEJ__ligand9291-0
406,HEGKEJ__ligand24750-0
407,HEGKEJ__ligand2176-0
408,HEGKEJ__ligand7000-0
409,HEGKEJ__ligand1982-0
410,HEGKEJ__ligand240-0
411,HEGKEJ__ligand6768-0
412,HEGKEJ__ligand8115-0
413,HEGKEJ__ligand28924-0
414,HEGKEJ__ligand141-0
415,HEGKEJ__ligand1285-0
416,HEGKEJ__ligand15438-0
417,HEGKEJ__ligand18703-0
418,HEGKEJ__ligand4503-0
419,HEGKEJ__ligand29087-0
420,HEGKEJ__ligand4546-0
421,HEGKEJ__ligand10582-0
422,HEGKEJ__ligand13260-0
423,HEGKEJ__ligand2203-0
424,HEGKEJ__ligand5387-0
425,HEGKEJ__ligand11252-0
426,HEGKEJ__ligand1289-0
427,HEGKEJ__ligand19824-0
428,HEGKEJ__ligand18067-0
429,HEGKEJ__ligand813-0
430,HEGKEJ__ligand780-0
431,HEGKEJ__ligand314-0
432,HEGKEJ__ligand20821-0
433,HEGKEJ__ligand391-0
434,HEGKEJ__ligand9450-0
435,HEGKEJ__ligand26673-0
436,HEGKEJ__ligand31000-0
437,HEGKEJ__ligand1599-0
438,HEGKEJ__ligand618-0
439,HEGKEJ__ligand11606-0
440,HEGKEJ__ligand2612-0
441,HEGKEJ__ligand34-0
442,HEGKEJ__ligand16603-0
443,HEGKEJ__ligand1832-0
444,HEGKEJ__ligand8788-0
445,HEGKEJ__ligand465-0
446,HEGKEJ__ligand11814-0
447,HEGKEJ__ligand2043-0
448,HEGKEJ__ligand11622-0
449,HEGKEJ__ligand55-0
450,HEGKEJ__ligand1228-0
451,HEGKEJ__ligand9943-0
452,HEGKEJ__ligand1604-0
453,HEGKEJ__ligand16870-0
454,HEGKEJ__ligand314-1
455,HEGKEJ__ligand15455-0
456,HEGKEJ__ligand1114-0
457,HEGKEJ__ligand9284-0
458,HEGKEJ__ligand68-0
459,HEGKEJ__ligand6391-0
460,HEGKEJ__ligand11177-0
461,HEGKEJ__ligand3126-0
462,HEGKEJ__ligand17686-0
463,HEGKEJ__ligand25658-0
464,HEGKEJ__ligand31205-0
465,HEGKEJ__ligand2417-0
466,HEGKEJ__ligand2124-0
467,HEGKEJ__ligand15387-0
468,HEGKEJ__ligand4-0
469,HEGKEJ__ligand196-0
470,HEGKEJ__ligand8612-0
471,HEGKEJ__ligand20121-0
472,HEGKEJ__ligand7092-0
473,HEGKEJ__ligand2260-0
474,HEGKEJ__ligand3225-0
475,HEGKEJ__ligand1153-0
476,HEGKEJ__ligand1116-0
477,HEGKEJ__ligand20220-0
478,HEGKEJ__ligand9323-0
479,HEGKEJ__ligand7273-0
480,HEGKEJ__ligand29813-0
481,HEGKEJ__ligand16952-0
482,HEGKEJ__ligand7172-0
483,HEGKEJ__ligand29441-0
484,HEGKEJ__ligand422-0
485,HEGKEJ__ligand5180-0
486,HEGKEJ__ligand10853-0
487,HEGKEJ__ligand10479-0
488,HEGKEJ__ligand27610-0
489,HEGKEJ__ligand11479-0
490,HEGKEJ__ligand5708-0
491,HEGKEJ__ligand20530-0
492,HEGKEJ__ligand11698-0
493,HEGKEJ__ligand14302-0
494,HEGKEJ__ligand13657-0
495,HEGKEJ__ligand14347-0
496,HEGKEJ__ligand7316-0
497,HEGKEJ__ligand24851-0
498,HEGKEJ__ligand686-0
499,HEGKEJ__ligand6017-0
500,HEGKEJ__ligand57-0
501,HEGKEJ__ligand5159-0
502,HEGKEJ__ligand393-0
503,HEGKEJ__ligand7196-0
504,HEGKEJ__ligand22353-0
505,HEGKEJ__ligand9753-0
506,HEGKEJ__ligand1787-0
507,HEGKEJ__ligand1356-0
508,HEGKEJ__ligand5530-0
509,HEGKEJ__ligand3178-0
510,HEGKEJ__ligand19668-0
511,HEGKEJ__ligand4807-0
512,HEGKEJ__ligand19906-0
513,HEGKEJ__ligand4711-0
514,HEGKEJ__ligand3244-0
515,HEGKEJ__ligand10151-0
516,HEGKEJ__ligand2906-0
517,HEGKEJ__ligand353-0
518,HEGKEJ__ligand4649-0
519,HEGKEJ__ligand8793-0
520,HEGKEJ__ligand5649-0
521,HEGKEJ__ligand2788-0
522,HEGKEJ__ligand11544-0
523,HEGKEJ__ligand176-0
524,HEGKEJ__ligand11501-0
525,HEGKEJ__ligand2238-0
526,HEGKEJ__ligand29214-0
527,HEGKEJ__ligand5304-0
528,HEGKEJ__ligand32-0
529,HEGKEJ__ligand9167-0
530,HEGKEJ__ligand22357-0
531,HEGKEJ__ligand11758-0
532,HEGKEJ__ligand447-0
533,HEGKEJ__ligand1317-0
534,HEGKEJ__ligand3867-0
535,HEGKEJ__ligand2822-0
536,HEGKEJ__ligand7293-0
537,HEGKEJ__ligand746-0
538,HEGKEJ__ligand21448-0
539,HEGKEJ__ligand487-0
540,HEGKEJ__ligand11798-0
541,HEGKEJ__ligand12413-0
542,HEGKEJ__ligand1407-0
543,HEGKEJ__ligand6117-0
544,HEGKEJ__ligand29334-0
545,HEGKEJ__ligand20731-0
546,HEGKEJ__ligand5509-0
547,HEGKEJ__ligand8002-0
548,HEGKEJ__ligand7762-0
549,HEGKEJ__ligand17445-0
550,HEGKEJ__ligand5080-0
551,HEGKEJ__ligand17069-0
552,HEGKEJ__ligand14477-0
553,HEGKEJ__ligand5595-0
554,HEGKEJ__ligand20942-1
555,HEGKEJ__ligand16956-0
556,HEGKEJ__ligand4101-0
557,HEGKEJ__ligand14226-0
558,HEGKEJ__ligand21339-0
559,HEGKEJ__ligand2221-0
560,HEGKEJ__ligand18158-0
561,HEGKEJ__ligand27771-0
562,HEGKEJ__ligand506-0
563,HEGKEJ__ligand3120-0
564,HEGKEJ__ligand3926-0
565,HEGKEJ__ligand29565-0
566,HEGKEJ__ligand4358-0
567,HEGKEJ__ligand23682-0
568,HEGKEJ__ligand5099-0
569,HEGKEJ__ligand18019-1
570,HEGKEJ__ligand8592-0
571,HEGKEJ__ligand1197-0
572,HEGKEJ__ligand14007-0
573,HEGKEJ__ligand16-0
574,HEGKEJ__ligand2259-0
575,HEGKEJ__ligand1296-0
576,HEGKEJ__ligand152-0
577,HEGKEJ__ligand1376-0
578,HEGKEJ__ligand5510-0
579,HEGKEJ__ligand27550-0
580,HEGKEJ__ligand9773-0
581,HEGKEJ__ligand115-0
582,HEGKEJ__ligand1294-0
583,HEGKEJ__ligand1168-0
584,HEGKEJ__ligand3632-0
585,HEGKEJ__ligand3677-0
586,HEGKEJ__ligand51-0
587,HEGKEJ__ligand20844-0
588,HEGKEJ__ligand18413-0
589,HEGKEJ__ligand24624-0
590,HEGKEJ__ligand18757-0
591,HEGKEJ__ligand6699-0
592,HEGKEJ__ligand24560-0
593,HEGKEJ__ligand2881-0
594,HEGKEJ__ligand833-0
595,HEGKEJ__ligand1499-0
596,HEGKEJ__ligand1464-0
597,HEGKEJ__ligand3712-0
598,HEGKEJ__ligand21752-0
599,HEGKEJ__ligand30788-0
600,HEGKEJ__ligand1211-0
601,HEGKEJ__ligand13691-0
602,HEGKEJ__ligand14339-0
603,HEGKEJ__ligand91-0
604,HEGKEJ__ligand6892-0
605,HEGKEJ__ligand23445-0
606,HEGKEJ__ligand24953-0
607,HEGKEJ__ligand8000-0
608,HEGKEJ__ligand784-0
609,HEGKEJ__ligand3736-0
610,HEGKEJ__ligand9344-0
611,HEGKEJ__ligand27122-0
612,HEGKEJ__ligand20432-0
613,HEGKEJ__ligand13755-0
614,HEGKEJ__ligand16133-0
615,HEGKEJ__ligand5383-0
616,HEGKEJ__ligand2693-0
617,HEGKEJ__ligand25048-0
618,HEGKEJ__ligand3945-0
619,HEGKEJ__ligand21940-0
620,HEGKEJ__ligand48-0
621,HEGKEJ__ligand9299-0
622,HEGKEJ__ligand20557-0
623,HEGKEJ__ligand30004-0
624,HEGKEJ__ligand4007-0
625,HEGKEJ__ligand2985-0
626,HEGKEJ__ligand395-0
627,HEGKEJ__ligand3677-1
628,HEGKEJ__ligand9883-0
629,HEGKEJ__ligand7291-0
630,HEGKEJ__ligand368-0
631,HEGKEJ__ligand23197-0
632,HEGKEJ__ligand6663-0
633,HEGKEJ__ligand5515-0
634,HEGKEJ__ligand1831-0
635,HEGKEJ__ligand5614-0
636,HEGKEJ__ligand5280-0
637,HEGKEJ__ligand27285-0
638,HEGKEJ__ligand29029-0
639,HEGKEJ__ligand1849-0
640,HEGKEJ__ligand30142-0
641,HEGKEJ__ligand27669-0
642,HEGKEJ__ligand14167-0
643,HEGKEJ__ligand13477-0
644,HEGKEJ__ligand197-0
645,HEGKEJ__ligand1216-0
646,HEGKEJ__ligand3261-0
647,HEGKEJ__ligand1152-0
648,HEGKEJ__ligand5019-0
649,HEGKEJ__ligand18448-0
650,HEGKEJ__ligand12453-0
651,HEGKEJ__ligand783-0
652,HEGKEJ__ligand352-0
653,HEGKEJ__ligand6112-0
654,HEGKEJ__ligand28459-0
655,HEGKEJ__ligand8042-0
656,HEGKEJ__ligand7213-0
657,HEGKEJ__ligand1397-0
658,HEGKEJ__ligand1828-0
659,HEGKEJ__ligand5755-0
660,HEGKEJ__ligand4710-0
661,HEGKEJ__ligand19184-0
662,HEGKEJ__ligand5085-0
663,HEGKEJ__ligand3144-0
664,HEGKEJ__ligand3285-0
665,HEGKEJ__ligand4795-0
666,HEGKEJ__ligand28685-0
667,HEGKEJ__ligand18568-0
668,HEGKEJ__ligand13672-0
669,HEGKEJ__ligand1908-0
670,HEGKEJ__ligand868-0
671,HEGKEJ__ligand10371-0
672,HEGKEJ__ligand5630-0
673,HEGKEJ__ligand1786-0
674,HEGKEJ__ligand31842-0
675,HEGKEJ__ligand1149-0
676,HEGKEJ__ligand31044-0
677,HEGKEJ__ligand11994-0
678,HEGKEJ__ligand3557-0
679,HEGKEJ__ligand134-0
680,HEGKEJ__ligand3980-0
681,HEGKEJ__ligand24035-0
682,HEGKEJ__ligand235-0
683,HEGKEJ__ligand7075-0
684,HEGKEJ__ligand14614-0
685,HEGKEJ__ligand9750-0
686,HEGKEJ__ligand1817-0
687,HEGKEJ__ligand16663-0
688,HEGKEJ__ligand6993-0
689,HEGKEJ__ligand1779-0
690,HEGKEJ__ligand4167-0
691,HEGKEJ__ligand16988-0
692,HEGKEJ__ligand9491-0
693,HEGKEJ__ligand25913-0
694,HEGKEJ__ligand4266-0
695,HEGKEJ__ligand1400-0
696,HEGKEJ__ligand560-0
697,HEGKEJ__ligand11682-0
698,HEGKEJ__ligand1288-0
699,HEGKEJ__ligand20207-0
700,HEGKEJ__ligand30711-0
701,HEGKEJ__ligand15926-0
702,HEGKEJ__ligand4207-0
703,HEGKEJ__ligand19792-0
704,HEGKEJ__ligand10828-0
705,HEGKEJ__ligand28810-0
706,HEGKEJ__ligand11096-0
707,HEGKEJ__ligand3416-0
708,HEGKEJ__ligand11447-0
709,HEGKEJ__ligand3453-0
710,HEGKEJ__ligand24230-0
711,HEGKEJ__ligand15883-0
712,HEGKEJ__ligand294-0
713,HEGKEJ__ligand1150-0
714,HEGKEJ__ligand1539-0
715,HEGKEJ__ligand69-0
716,HEGKEJ__ligand11970-0
717,HEGKEJ__ligand685-0
718,HEGKEJ__ligand21919-0
719,HEGKEJ__ligand11-0
720,HEGKEJ__ligand4063-0
721,HEGKEJ__ligand28930-0
722,HEGKEJ__ligand22168-0
723,HEGKEJ__ligand22294-0
724,HEGKEJ__ligand7438-0
725,HEGKEJ__ligand8200-0
726,HEGKEJ__ligand13862-0
727,HEGKEJ__ligand11357-0
728,HEGKEJ__ligand15531-0
729,HEGKEJ__ligand28743-0
730,HEGKEJ__ligand421-0
731,HEGKEJ__ligand3042-0
732,HEGKEJ__ligand10056-0
733,HEGKEJ__ligand12365-0
734,HEGKEJ__ligand9615-0
735,HEGKEJ__ligand3-0
736,HEGKEJ__ligand17427-0
737,HEGKEJ__ligand1154-0
738,HEGKEJ__ligand29486-0
739,HEGKEJ__ligand4596-0
740,HEGKEJ__ligand1498-0
741,HEGKEJ__ligand370-0
742,HEGKEJ__ligand31694-0
743,HEGKEJ__ligand25561-0
744,HEGKEJ__ligand22129-0
745,HEGKEJ__ligand8529-0
746,HEGKEJ__ligand12138-0
747,HEGKEJ__ligand24780-0
748,HEGKEJ__ligand1169-0
749,HEGKEJ__ligand250-0
750,HEGKEJ__ligand11949-0
751,HEGKEJ__ligand1050-0
752,HEGKEJ__ligand1015-0
753,HEGKEJ__ligand12001-0
754,HEGKEJ__ligand2027-0
755,HEGKEJ__ligand10033-0
756,HEGKEJ__ligand24644-0
757,HEGKEJ__ligand188-0
758,HEGKEJ__ligand24872-0
759,HEGKEJ__ligand27840-0
760,HEGKEJ__ligand89-0
761,HEGKEJ__ligand30728-0
762,HEGKEJ__ligand2692-0
763,HEGKEJ__ligand17396-0
764,HEGKEJ__ligand620-0
765,HEGKEJ__ligand23175-0
766,HEGKEJ__ligand370-1
767,HEGKEJ__ligand1618-0
768,HEGKEJ__ligand15788-0
769,HEGKEJ__ligand564-0
770,HEGKEJ__ligand13220-0
771,HEGKEJ__ligand11587-0
772,HEGKEJ__ligand49-0
773,HEGKEJ__ligand479-0
774,HEGKEJ__ligand24111-0
775,HEGKEJ__ligand22444-0
776,HEGKEJ__ligand311-0
777,HEGKEJ__ligand785-0
778,HEGKEJ__ligand4262-0
779,HEGKEJ__ligand14569-0
780,HEGKEJ__ligand1028-0
781,HEGKEJ__ligand13385-0
782,HEGKEJ__ligand16369-0
783,HEGKEJ__ligand28540-0
784,HEGKEJ__ligand5415-0
785,HEGKEJ__ligand11111-0
786,HEGKEJ__ligand909-0
787,HEGKEJ__ligand20695-0
788,HEGKEJ__ligand27754-0
789,HEGKEJ__ligand4124-0
790,HEGKEJ__ligand4161-0
791,HEGKEJ__ligand3471-0
792,HEGKEJ__ligand22403-0
793,HEGKEJ__ligand21399-0
794,HEGKEJ__ligand2823-0
795,HEGKEJ__ligand10872-0
796,HEGKEJ__ligand26631-0
797,HEGKEJ__ligand16148-0
798,HEGKEJ__ligand6995-0
799,HEGKEJ__ligand12003-0
800,HEGKEJ__ligand177-0
801,HEGKEJ__ligand3180-0
802,HEGKEJ__ligand4340-0
803,HEGKEJ__ligand29215-0
804,HEGKEJ__ligand2650-0
805,HEGKEJ__ligand2281-0
806,HEGKEJ__ligand7566-0
807,HEGKEJ__ligand21729-0
808,HEGKEJ__ligand2001-0
809,HEGKEJ__ligand27239-0
810,HEGKEJ__ligand8593-0
811,HEGKEJ__ligand28559-0
812,HEGKEJ__ligand26324-0
813,HEGKEJ__ligand9944-0
814,HEGKEJ__ligand14043-0
815,HEGKEJ__ligand252-0
816,HEGKEJ__ligand17-0
817,HEGKEJ__ligand19927-0
818,HEGKEJ__ligand116-0
819,HEGKEJ__ligand1113-0
820,HEGKEJ__ligand8553-0
821,HEGKEJ__ligand1-0
822,HEGKEJ__ligand193-0
823,HEGKEJ__ligand11618-0
824,HEGKEJ__ligand5201-0
825,HEGKEJ__ligand26529-0
826,HEGKEJ__ligand372-0
827,HEGKEJ__ligand830-0
