,TMC
0,NOWCOR__ligand13257-0
1,NOWCOR__ligand4807-0
2,NOWCOR__ligand21936-0
3,NOWCOR__ligand3178-0
4,NOWCOR__ligand23904-0
5,NOWCOR__ligand25267-0
6,NOWCOR__ligand9753-0
7,NOWCOR__ligand5530-0
8,NOWCOR__ligand10084-0
9,NOWCOR__ligand1787-0
10,NOWCOR__ligand1356-0
11,NOWCOR__ligand5159-0
12,NOWCOR__ligand338-0
13,NOWCOR__ligand7196-0
14,NOWCOR__ligand12467-0
15,NOWCOR__ligand8793-0
16,NOWCOR__ligand5649-0
17,NOWCOR__ligand2788-0
18,NOWCOR__ligand4649-0
19,NOWCOR__ligand27169-0
20,NOWCOR__ligand14523-0
21,NOWCOR__ligand18391-0
22,NOWCOR__ligand27074-0
23,NOWCOR__ligand2906-0
24,NOWCOR__ligand22981-0
25,NOWCOR__ligand25805-0
26,NOWCOR__ligand4711-0
27,NOWCOR__ligand3244-0
28,NOWCOR__ligand20599-0
29,NOWCOR__ligand7172-0
30,NOWCOR__ligand18465-0
31,NOWCOR__ligand9323-0
32,NOWCOR__ligand18799-0
33,NOWCOR__ligand321-0
34,NOWCOR__ligand7273-0
35,NOWCOR__ligand3225-0
36,NOWCOR__ligand1153-0
37,NOWCOR__ligand1116-0
38,NOWCOR__ligand7092-0
39,NOWCOR__ligand16791-0
40,NOWCOR__ligand185-0
41,NOWCOR__ligand2260-0
42,NOWCOR__ligand279-0
43,NOWCOR__ligand2124-0
44,NOWCOR__ligand8612-0
45,NOWCOR__ligand178-0
46,NOWCOR__ligand28668-0
47,NOWCOR__ligand38-0
48,NOWCOR__ligand29610-0
49,NOWCOR__ligand6017-0
50,NOWCOR__ligand5708-0
51,NOWCOR__ligand11140-0
52,NOWCOR__ligand201-0
53,NOWCOR__ligand7316-0
54,NOWCOR__ligand5180-0
55,NOWCOR__ligand29863-0
56,NOWCOR__ligand18074-0
57,NOWCOR__ligand13869-0
58,NOWCOR__ligand1604-0
59,NOWCOR__ligand25735-0
60,NOWCOR__ligand12519-0
61,NOWCOR__ligand596-0
62,NOWCOR__ligand11206-0
63,NOWCOR__ligand941-0
64,NOWCOR__ligand1228-0
65,NOWCOR__ligand9943-0
66,NOWCOR__ligand23124-0
67,NOWCOR__ligand2043-0
68,NOWCOR__ligand777-0
69,NOWCOR__ligand8788-0
70,NOWCOR__ligand1832-0
71,NOWCOR__ligand31248-0
72,NOWCOR__ligand366-0
73,NOWCOR__ligand2417-0
74,NOWCOR__ligand25650-0
75,NOWCOR__ligand4-0
76,NOWCOR__ligand9284-0
77,NOWCOR__ligand6391-0
78,NOWCOR__ligand3126-0
79,NOWCOR__ligand12660-0
80,NOWCOR__ligand657-0
81,NOWCOR__ligand42-0
82,NOWCOR__ligand13209-0
83,NOWCOR__ligand19257-0
84,NOWCOR__ligand1114-0
85,NOWCOR__ligand187-0
86,NOWCOR__ligand21787-0
87,NOWCOR__ligand25575-0
88,NOWCOR__ligand25689-0
89,NOWCOR__ligand845-0
90,NOWCOR__ligand2203-0
91,NOWCOR__ligand5387-0
92,NOWCOR__ligand1289-0
93,NOWCOR__ligand12295-0
94,NOWCOR__ligand66-0
95,NOWCOR__ligand27835-0
96,NOWCOR__ligand23906-0
97,NOWCOR__ligand2612-0
98,NOWCOR__ligand163-0
99,NOWCOR__ligand126-0
100,NOWCOR__ligand1599-0
101,NOWCOR__ligand21132-0
102,NOWCOR__ligand11166-0
103,NOWCOR__ligand30539-0
104,NOWCOR__ligand9450-0
105,NOWCOR__ligand3945-0
106,NOWCOR__ligand28924-0
107,NOWCOR__ligand15438-0
108,NOWCOR__ligand5383-0
109,NOWCOR__ligand2693-0
110,NOWCOR__ligand9344-0
111,NOWCOR__ligand29087-0
112,NOWCOR__ligand8000-0
113,NOWCOR__ligand18703-0
114,NOWCOR__ligand3736-0
115,NOWCOR__ligand757-0
116,NOWCOR__ligand7291-0
117,NOWCOR__ligand17945-0
118,NOWCOR__ligand25224-0
119,NOWCOR__ligand18013-0
120,NOWCOR__ligand31578-0
121,NOWCOR__ligand17207-0
122,NOWCOR__ligand3677-1
123,NOWCOR__ligand9883-0
124,NOWCOR__ligand24750-0
125,NOWCOR__ligand2985-0
126,NOWCOR__ligand4007-0
127,NOWCOR__ligand122-0
128,NOWCOR__ligand9299-0
129,NOWCOR__ligand6699-0
130,NOWCOR__ligand29898-0
131,NOWCOR__ligand26277-0
132,NOWCOR__ligand22755-0
133,NOWCOR__ligand11432-0
134,NOWCOR__ligand31618-0
135,NOWCOR__ligand10432-0
136,NOWCOR__ligand3632-0
137,NOWCOR__ligand3677-0
138,NOWCOR__ligand693-0
139,NOWCOR__ligand1294-0
140,NOWCOR__ligand1168-0
141,NOWCOR__ligand24064-0
142,NOWCOR__ligand6892-0
143,NOWCOR__ligand1211-0
144,NOWCOR__ligand23589-0
145,NOWCOR__ligand1464-0
146,NOWCOR__ligand3712-0
147,NOWCOR__ligand2881-0
148,NOWCOR__ligand1499-0
149,NOWCOR__ligand15168-0
150,NOWCOR__ligand10555-0
151,NOWCOR__ligand3120-0
152,NOWCOR__ligand3926-0
153,NOWCOR__ligand31483-0
154,NOWCOR__ligand4358-0
155,NOWCOR__ligand2221-0
156,NOWCOR__ligand24613-0
157,NOWCOR__ligand4101-0
158,NOWCOR__ligand5595-0
159,NOWCOR__ligand19725-0
160,NOWCOR__ligand5510-0
161,NOWCOR__ligand1376-0
162,NOWCOR__ligand9773-0
163,NOWCOR__ligand21421-0
164,NOWCOR__ligand14586-0
165,NOWCOR__ligand11774-0
166,NOWCOR__ligand2259-0
167,NOWCOR__ligand240-0
168,NOWCOR__ligand1296-0
169,NOWCOR__ligand5099-0
170,NOWCOR__ligand8592-0
171,NOWCOR__ligand11568-0
172,NOWCOR__ligand141-0
173,NOWCOR__ligand1197-0
174,NOWCOR__ligand20579-0
175,NOWCOR__ligand17710-0
176,NOWCOR__ligand17240-0
177,NOWCOR__ligand2822-0
178,NOWCOR__ligand384-0
179,NOWCOR__ligand7293-0
180,NOWCOR__ligand1317-0
181,NOWCOR__ligand17590-0
182,NOWCOR__ligand3867-0
183,NOWCOR__ligand5304-0
184,NOWCOR__ligand9167-0
185,NOWCOR__ligand18-0
186,NOWCOR__ligand18699-0
187,NOWCOR__ligand12682-0
188,NOWCOR__ligand2238-0
189,NOWCOR__ligand7762-0
190,NOWCOR__ligand5080-0
191,NOWCOR__ligand1407-0
192,NOWCOR__ligand6117-0
193,NOWCOR__ligand13072-0
194,NOWCOR__ligand768-0
195,NOWCOR__ligand5509-0
196,NOWCOR__ligand8002-0
197,NOWCOR__ligand12336-0
198,NOWCOR__ligand26810-0
199,NOWCOR__ligand1539-0
200,NOWCOR__ligand27482-0
201,NOWCOR__ligand43-0
202,NOWCOR__ligand656-0
203,NOWCOR__ligand13208-0
204,NOWCOR__ligand1150-0
205,NOWCOR__ligand3416-0
206,NOWCOR__ligand3453-0
207,NOWCOR__ligand4207-0
208,NOWCOR__ligand13390-0
209,NOWCOR__ligand3042-0
210,NOWCOR__ligand696-0
211,NOWCOR__ligand4063-0
212,NOWCOR__ligand7438-0
213,NOWCOR__ligand8200-0
214,NOWCOR__ligand20682-0
215,NOWCOR__ligand416-0
216,NOWCOR__ligand14174-0
217,NOWCOR__ligand1817-0
218,NOWCOR__ligand10712-0
219,NOWCOR__ligand6993-0
220,NOWCOR__ligand1779-0
221,NOWCOR__ligand11456-0
222,NOWCOR__ligand383-0
223,NOWCOR__ligand9750-0
224,NOWCOR__ligand25411-0
225,NOWCOR__ligand7075-0
226,NOWCOR__ligand162-0
227,NOWCOR__ligand1149-0
228,NOWCOR__ligand226-0
229,NOWCOR__ligand3557-0
230,NOWCOR__ligand3980-0
231,NOWCOR__ligand1288-0
232,NOWCOR__ligand67-0
233,NOWCOR__ligand13294-0
234,NOWCOR__ligand31832-0
235,NOWCOR__ligand14248-0
236,NOWCOR__ligand29879-0
237,NOWCOR__ligand9491-0
238,NOWCOR__ligand12030-0
239,NOWCOR__ligand4266-0
240,NOWCOR__ligand1400-0
241,NOWCOR__ligand28884-0
242,NOWCOR__ligand4167-0
243,NOWCOR__ligand13331-0
244,NOWCOR__ligand17398-0
245,NOWCOR__ligand3144-0
246,NOWCOR__ligand5085-0
247,NOWCOR__ligand670-0
248,NOWCOR__ligand24047-0
249,NOWCOR__ligand10589-0
250,NOWCOR__ligand22557-0
251,NOWCOR__ligand20598-0
252,NOWCOR__ligand4710-0
253,NOWCOR__ligand534-0
254,NOWCOR__ligand5755-0
255,NOWCOR__ligand571-0
256,NOWCOR__ligand11675-0
257,NOWCOR__ligand1397-0
258,NOWCOR__ligand17982-0
259,NOWCOR__ligand29414-0
260,NOWCOR__ligand7213-0
261,NOWCOR__ligand20011-0
262,NOWCOR__ligand17278-0
263,NOWCOR__ligand1828-0
264,NOWCOR__ligand6112-0
265,NOWCOR__ligand8042-0
266,NOWCOR__ligand1786-0
267,NOWCOR__ligand5630-0
268,NOWCOR__ligand20251-1
269,NOWCOR__ligand16475-0
270,NOWCOR__ligand14703-0
271,NOWCOR__ligand1908-0
272,NOWCOR__ligand3285-0
273,NOWCOR__ligand4795-0
274,NOWCOR__ligand5614-0
275,NOWCOR__ligand14117-0
276,NOWCOR__ligand5280-0
277,NOWCOR__ligand430-0
278,NOWCOR__ligand1831-0
279,NOWCOR__ligand17261-0
280,NOWCOR__ligand358-0
281,NOWCOR__ligand5515-0
282,NOWCOR__ligand6663-0
283,NOWCOR__ligand488-0
284,NOWCOR__ligand30702-0
285,NOWCOR__ligand20214-0
286,NOWCOR__ligand20251-0
287,NOWCOR__ligand20539-0
288,NOWCOR__ligand21581-0
289,NOWCOR__ligand31097-0
290,NOWCOR__ligand694-0
291,NOWCOR__ligand3261-0
292,NOWCOR__ligand1152-0
293,NOWCOR__ligand5019-0
294,NOWCOR__ligand29568-0
295,NOWCOR__ligand1216-0
296,NOWCOR__ligand14889-0
297,NOWCOR__ligand30851-0
298,NOWCOR__ligand21371-0
299,NOWCOR__ligand17118-0
300,NOWCOR__ligand20419-0
301,NOWCOR__ligand1849-0
302,NOWCOR__ligand28789-0
303,NOWCOR__ligand27893-0
304,NOWCOR__ligand14723-0
305,NOWCOR__ligand9944-0
306,NOWCOR__ligand19641-0
307,NOWCOR__ligand8593-0
308,NOWCOR__ligand78-0
309,NOWCOR__ligand12934-0
310,NOWCOR__ligand20578-0
311,NOWCOR__ligand15422-0
312,NOWCOR__ligand2001-0
313,NOWCOR__ligand27175-0
314,NOWCOR__ligand18832-0
315,NOWCOR__ligand23713-0
316,NOWCOR__ligand7566-0
317,NOWCOR__ligand30988-0
318,NOWCOR__ligand409-0
319,NOWCOR__ligand17258-0
320,NOWCOR__ligand361-0
321,NOWCOR__ligand14603-0
322,NOWCOR__ligand324-0
323,NOWCOR__ligand14297-0
324,NOWCOR__ligand26665-0
325,NOWCOR__ligand3-0
326,NOWCOR__ligand17631-0
327,NOWCOR__ligand13012-0
328,NOWCOR__ligand5201-0
329,NOWCOR__ligand45-0
330,NOWCOR__ligand1113-0
331,NOWCOR__ligand8553-0
332,NOWCOR__ligand31783-0
333,NOWCOR__ligand17281-0
334,NOWCOR__ligand30296-0
335,NOWCOR__ligand4124-0
336,NOWCOR__ligand12337-0
337,NOWCOR__ligand4161-0
338,NOWCOR__ligand3471-0
339,NOWCOR__ligand29410-0
340,NOWCOR__ligand300-0
341,NOWCOR__ligand26540-0
342,NOWCOR__ligand30333-0
343,NOWCOR__ligand588-0
344,NOWCOR__ligand12606-0
345,NOWCOR__ligand5415-0
346,NOWCOR__ligand24-0
347,NOWCOR__ligand2650-0
348,NOWCOR__ligand2281-0
349,NOWCOR__ligand4340-0
350,NOWCOR__ligand19-0
351,NOWCOR__ligand3180-0
352,NOWCOR__ligand27460-0
353,NOWCOR__ligand199-0
354,NOWCOR__ligand28468-0
355,NOWCOR__ligand20740-0
356,NOWCOR__ligand12427-0
357,NOWCOR__ligand6995-0
358,NOWCOR__ligand16628-0
359,NOWCOR__ligand2823-0
360,NOWCOR__ligand27763-0
361,NOWCOR__ligand28676-0
362,NOWCOR__ligand10262-0
363,NOWCOR__ligand2027-0
364,NOWCOR__ligand18814-0
365,NOWCOR__ligand19057-0
366,NOWCOR__ligand29302-0
367,NOWCOR__ligand13425-0
368,NOWCOR__ligand1050-0
369,NOWCOR__ligand1015-0
370,NOWCOR__ligand14108-0
371,NOWCOR__ligand1028-0
372,NOWCOR__ligand4262-0
373,NOWCOR__ligand497-0
374,NOWCOR__ligand12641-0
375,NOWCOR__ligand633-0
376,NOWCOR__ligand2692-0
377,NOWCOR__ligand1618-0
378,NOWCOR__ligand10958-0
379,NOWCOR__ligand23769-0
380,NOWCOR__ligand24185-0
381,NOWCOR__ligand1-0
382,NOWCOR__ligand25178-0
383,NOWCOR__ligand4596-0
384,NOWCOR__ligand326-0
385,NOWCOR__ligand1498-0
386,NOWCOR__ligand17302-0
387,NOWCOR__ligand1154-0
388,NOWCOR__ligand9615-0
389,NOWCOR__ligand17805-0
390,NOWCOR__ligand17387-0
391,NOWCOR__ligand12130-0
392,NOWCOR__ligand18292-0
393,NOWCOR__ligand12289-0
394,NOWCOR__ligand26702-0
395,NOWCOR__ligand13658-0
396,NOWCOR__ligand8529-0
397,NOWCOR__ligand692-0
398,NOWCOR__ligand12231-0
399,NOWCOR__ligand1169-0
400,NOWCOR__ligand24145-0
401,NOWCOR__ligand436-0
402,NOWCOR__ligand12401-0
403,NOWCOR__ligand15585-0
404,NOWCOR__ligand13068-0
405,NOWCOR__ligand19830-0
406,NOWCOR__ligand10476-0
407,NOWCOR__ligand22168-0
408,NOWCOR__ligand28930-0
409,NOWCOR__ligand3157-0
410,NOWCOR__ligand22294-0
411,NOWCOR__ligand21919-0
412,NOWCOR__ligand1165-0
413,NOWCOR__ligand9525-0
414,NOWCOR__ligand5935-0
415,NOWCOR__ligand352-0
416,NOWCOR__ligand783-0
417,NOWCOR__ligand12365-0
418,NOWCOR__ligand10056-0
419,NOWCOR__ligand1379-0
420,NOWCOR__ligand11357-0
421,NOWCOR__ligand13862-0
422,NOWCOR__ligand2722-0
423,NOWCOR__ligand28743-0
424,NOWCOR__ligand15531-0
425,NOWCOR__ligand28810-0
426,NOWCOR__ligand3871-0
427,NOWCOR__ligand11447-0
428,NOWCOR__ligand11096-0
429,NOWCOR__ligand868-0
430,NOWCOR__ligand24230-0
431,NOWCOR__ligand1469-0
432,NOWCOR__ligand15926-0
433,NOWCOR__ligand19792-0
434,NOWCOR__ligand1768-0
435,NOWCOR__ligand10828-0
436,NOWCOR__ligand4850-0
437,NOWCOR__ligand5056-0
438,NOWCOR__ligand11970-0
439,NOWCOR__ligand1688-0
440,NOWCOR__ligand15883-0
441,NOWCOR__ligand3647-0
442,NOWCOR__ligand5357-0
443,NOWCOR__ligand8464-0
444,NOWCOR__ligand16988-0
445,NOWCOR__ligand25913-0
446,NOWCOR__ligand1709-0
447,NOWCOR__ligand8349-0
448,NOWCOR__ligand11682-0
449,NOWCOR__ligand30711-0
450,NOWCOR__ligand20207-0
451,NOWCOR__ligand2527-0
452,NOWCOR__ligand24035-0
453,NOWCOR__ligand5849-0
454,NOWCOR__ligand197-0
455,NOWCOR__ligand31044-0
456,NOWCOR__ligand31842-0
457,NOWCOR__ligand17-0
458,NOWCOR__ligand11994-0
459,NOWCOR__ligand16663-0
460,NOWCOR__ligand3392-0
461,NOWCOR__ligand14614-0
462,NOWCOR__ligand4911-0
463,NOWCOR__ligand1771-0
464,NOWCOR__ligand294-0
465,NOWCOR__ligand13672-0
466,NOWCOR__ligand1900-0
467,NOWCOR__ligand18568-0
468,NOWCOR__ligand28685-0
469,NOWCOR__ligand9197-0
470,NOWCOR__ligand2328-0
471,NOWCOR__ligand4581-0
472,NOWCOR__ligand1773-0
473,NOWCOR__ligand3029-0
474,NOWCOR__ligand7162-0
475,NOWCOR__ligand10371-0
476,NOWCOR__ligand1327-0
477,NOWCOR__ligand9809-0
478,NOWCOR__ligand6672-0
479,NOWCOR__ligand8722-0
480,NOWCOR__ligand3350-0
481,NOWCOR__ligand12453-0
482,NOWCOR__ligand18448-0
483,NOWCOR__ligand2781-0
484,NOWCOR__ligand421-0
485,NOWCOR__ligand7573-0
486,NOWCOR__ligand28459-0
487,NOWCOR__ligand19184-0
488,NOWCOR__ligand2208-0
489,NOWCOR__ligand3208-0
490,NOWCOR__ligand685-0
491,NOWCOR__ligand1496-0
492,NOWCOR__ligand14167-0
493,NOWCOR__ligand13477-0
494,NOWCOR__ligand7557-0
495,NOWCOR__ligand30142-0
496,NOWCOR__ligand27669-0
497,NOWCOR__ligand1533-0
498,NOWCOR__ligand134-0
499,NOWCOR__ligand49-0
500,NOWCOR__ligand235-0
501,NOWCOR__ligand89-0
502,NOWCOR__ligand23197-0
503,NOWCOR__ligand560-0
504,NOWCOR__ligand5892-0
505,NOWCOR__ligand5094-0
506,NOWCOR__ligand27285-0
507,NOWCOR__ligand29029-0
508,NOWCOR__ligand1712-0
509,NOWCOR__ligand4131-0
510,NOWCOR__ligand4813-0
511,NOWCOR__ligand5813-0
512,NOWCOR__ligand11618-0
513,NOWCOR__ligand188-0
514,NOWCOR__ligand4738-0
515,NOWCOR__ligand6062-0
516,NOWCOR__ligand6283-0
517,NOWCOR__ligand26529-0
518,NOWCOR__ligand311-0
519,NOWCOR__ligand21729-0
520,NOWCOR__ligand785-0
521,NOWCOR__ligand27239-0
522,NOWCOR__ligand479-0
523,NOWCOR__ligand7107-0
524,NOWCOR__ligand19927-0
525,NOWCOR__ligand370-1
526,NOWCOR__ligand620-0
527,NOWCOR__ligand28559-0
528,NOWCOR__ligand26324-0
529,NOWCOR__ligand564-0
530,NOWCOR__ligand14043-0
531,NOWCOR__ligand3215-0
532,NOWCOR__ligand26631-0
533,NOWCOR__ligand16148-0
534,NOWCOR__ligand2068-0
535,NOWCOR__ligand7925-0
536,NOWCOR__ligand12003-0
537,NOWCOR__ligand21399-0
538,NOWCOR__ligand370-0
539,NOWCOR__ligand10872-0
540,NOWCOR__ligand29215-0
541,NOWCOR__ligand1147-0
542,NOWCOR__ligand11-0
543,NOWCOR__ligand3973-0
544,NOWCOR__ligand69-0
545,NOWCOR__ligand2599-0
546,NOWCOR__ligand27754-0
547,NOWCOR__ligand20695-0
548,NOWCOR__ligand4330-0
549,NOWCOR__ligand16369-0
550,NOWCOR__ligand28540-0
551,NOWCOR__ligand250-0
552,NOWCOR__ligand11111-0
553,NOWCOR__ligand7532-0
554,NOWCOR__ligand22403-0
555,NOWCOR__ligand4194-0
556,NOWCOR__ligand252-0
557,NOWCOR__ligand11587-0
558,NOWCOR__ligand13220-0
559,NOWCOR__ligand9681-0
560,NOWCOR__ligand17396-0
561,NOWCOR__ligand4332-0
562,NOWCOR__ligand116-0
563,NOWCOR__ligand23175-0
564,NOWCOR__ligand15788-0
565,NOWCOR__ligand14569-0
566,NOWCOR__ligand1449-0
567,NOWCOR__ligand3012-0
568,NOWCOR__ligand13385-0
569,NOWCOR__ligand24111-0
570,NOWCOR__ligand22444-0
571,NOWCOR__ligand1065-0
572,NOWCOR__ligand7530-0
573,NOWCOR__ligand372-0
574,NOWCOR__ligand2403-0
575,NOWCOR__ligand10033-0
576,NOWCOR__ligand24644-0
577,NOWCOR__ligand830-0
578,NOWCOR__ligand12001-0
579,NOWCOR__ligand27840-0
580,NOWCOR__ligand30728-0
581,NOWCOR__ligand3934-0
582,NOWCOR__ligand24872-0
583,NOWCOR__ligand193-0
584,NOWCOR__ligand6455-0
585,NOWCOR__ligand6882-0
586,NOWCOR__ligand25561-0
587,NOWCOR__ligand6946-0
588,NOWCOR__ligand1415-0
589,NOWCOR__ligand7529-0
590,NOWCOR__ligand11949-0
591,NOWCOR__ligand9148-0
592,NOWCOR__ligand22129-0
593,NOWCOR__ligand12138-0
594,NOWCOR__ligand24780-0
595,NOWCOR__ligand909-0
596,NOWCOR__ligand5316-0
597,NOWCOR__ligand177-0
598,NOWCOR__ligand17427-0
599,NOWCOR__ligand5483-0
600,NOWCOR__ligand5627-0
601,NOWCOR__ligand31694-0
602,NOWCOR__ligand1729-0
603,NOWCOR__ligand29486-0
604,NOWCOR__ligand2830-0
605,NOWCOR__ligand10151-0
606,NOWCOR__ligand91-0
607,NOWCOR__ligand4641-0
608,NOWCOR__ligand465-0
609,NOWCOR__ligand22353-0
610,NOWCOR__ligand8835-0
611,NOWCOR__ligand2028-0
612,NOWCOR__ligand7126-0
613,NOWCOR__ligand51-0
614,NOWCOR__ligand19668-0
615,NOWCOR__ligand19906-0
616,NOWCOR__ligand314-1
617,NOWCOR__ligand1142-0
618,NOWCOR__ligand3234-0
619,NOWCOR__ligand813-0
620,NOWCOR__ligand6596-0
621,NOWCOR__ligand3721-0
622,NOWCOR__ligand6904-0
623,NOWCOR__ligand6102-0
624,NOWCOR__ligand27610-0
625,NOWCOR__ligand10479-0
626,NOWCOR__ligand11479-0
627,NOWCOR__ligand780-0
628,NOWCOR__ligand29441-0
629,NOWCOR__ligand314-0
630,NOWCOR__ligand10853-0
631,NOWCOR__ligand3465-0
632,NOWCOR__ligand24851-0
633,NOWCOR__ligand20530-0
634,NOWCOR__ligand11698-0
635,NOWCOR__ligand7819-0
636,NOWCOR__ligand13657-0
637,NOWCOR__ligand2917-0
638,NOWCOR__ligand14347-0
639,NOWCOR__ligand14302-0
640,NOWCOR__ligand1577-0
641,NOWCOR__ligand6067-0
642,NOWCOR__ligand2295-0
643,NOWCOR__ligand48-0
644,NOWCOR__ligand618-0
645,NOWCOR__ligand20220-0
646,NOWCOR__ligand15387-0
647,NOWCOR__ligand20121-0
648,NOWCOR__ligand4620-0
649,NOWCOR__ligand391-0
650,NOWCOR__ligand16952-0
651,NOWCOR__ligand29813-0
652,NOWCOR__ligand1631-0
653,NOWCOR__ligand11177-0
654,NOWCOR__ligand9933-0
655,NOWCOR__ligand15455-0
656,NOWCOR__ligand1530-0
657,NOWCOR__ligand1575-0
658,NOWCOR__ligand393-0
659,NOWCOR__ligand25658-0
660,NOWCOR__ligand17686-0
661,NOWCOR__ligand2332-0
662,NOWCOR__ligand31205-0
663,NOWCOR__ligand9441-0
664,NOWCOR__ligand353-0
665,NOWCOR__ligand11814-0
666,NOWCOR__ligand6244-0
667,NOWCOR__ligand1378-0
668,NOWCOR__ligand16603-0
669,NOWCOR__ligand2915-0
670,NOWCOR__ligand16870-0
671,NOWCOR__ligand32-0
672,NOWCOR__ligand3156-0
673,NOWCOR__ligand11622-0
674,NOWCOR__ligand7967-0
675,NOWCOR__ligand3707-0
676,NOWCOR__ligand6124-0
677,NOWCOR__ligand26673-0
678,NOWCOR__ligand4116-0
679,NOWCOR__ligand20821-0
680,NOWCOR__ligand1018-0
681,NOWCOR__ligand8992-0
682,NOWCOR__ligand11606-0
683,NOWCOR__ligand196-0
684,NOWCOR__ligand9601-0
685,NOWCOR__ligand31000-0
686,NOWCOR__ligand16-0
687,NOWCOR__ligand11252-0
688,NOWCOR__ligand9952-0
689,NOWCOR__ligand9111-0
690,NOWCOR__ligand1615-0
691,NOWCOR__ligand10582-0
692,NOWCOR__ligand13260-0
693,NOWCOR__ligand2526-0
694,NOWCOR__ligand5036-0
695,NOWCOR__ligand686-0
696,NOWCOR__ligand1823-0
697,NOWCOR__ligand422-0
698,NOWCOR__ligand5643-0
699,NOWCOR__ligand8721-0
700,NOWCOR__ligand19824-0
701,NOWCOR__ligand18067-0
702,NOWCOR__ligand1324-0
703,NOWCOR__ligand30004-0
704,NOWCOR__ligand9291-0
705,NOWCOR__ligand20557-0
706,NOWCOR__ligand2176-0
707,NOWCOR__ligand57-0
708,NOWCOR__ligand506-0
709,NOWCOR__ligand2232-0
710,NOWCOR__ligand4157-0
711,NOWCOR__ligand5256-0
712,NOWCOR__ligand9833-0
713,NOWCOR__ligand8876-0
714,NOWCOR__ligand2828-0
715,NOWCOR__ligand7648-0
716,NOWCOR__ligand27122-0
717,NOWCOR__ligand20432-0
718,NOWCOR__ligand4503-0
719,NOWCOR__ligand4546-0
720,NOWCOR__ligand16133-0
721,NOWCOR__ligand13755-0
722,NOWCOR__ligand24953-0
723,NOWCOR__ligand23445-0
724,NOWCOR__ligand25048-0
725,NOWCOR__ligand1285-0
726,NOWCOR__ligand21940-0
727,NOWCOR__ligand1982-0
728,NOWCOR__ligand7000-0
729,NOWCOR__ligand152-0
730,NOWCOR__ligand8115-0
731,NOWCOR__ligand6768-0
732,NOWCOR__ligand447-0
733,NOWCOR__ligand7238-0
734,NOWCOR__ligand21752-0
735,NOWCOR__ligand8-0
736,NOWCOR__ligand1790-0
737,NOWCOR__ligand1304-0
738,NOWCOR__ligand7280-0
739,NOWCOR__ligand746-0
740,NOWCOR__ligand14339-0
741,NOWCOR__ligand1219-0
742,NOWCOR__ligand6709-0
743,NOWCOR__ligand7867-0
744,NOWCOR__ligand176-0
745,NOWCOR__ligand30788-0
746,NOWCOR__ligand4016-0
747,NOWCOR__ligand13691-0
748,NOWCOR__ligand8699-0
749,NOWCOR__ligand1160-0
750,NOWCOR__ligand9520-0
751,NOWCOR__ligand4093-0
752,NOWCOR__ligand4442-0
753,NOWCOR__ligand3954-0
754,NOWCOR__ligand18757-0
755,NOWCOR__ligand7629-0
756,NOWCOR__ligand24560-0
757,NOWCOR__ligand487-0
758,NOWCOR__ligand1451-0
759,NOWCOR__ligand4272-0
760,NOWCOR__ligand18413-0
761,NOWCOR__ligand20844-0
762,NOWCOR__ligand9784-0
763,NOWCOR__ligand24624-0
764,NOWCOR__ligand34-0
765,NOWCOR__ligand9908-0
766,NOWCOR__ligand1263-0
767,NOWCOR__ligand18019-1
768,NOWCOR__ligand14007-0
769,NOWCOR__ligand784-0
770,NOWCOR__ligand7242-0
771,NOWCOR__ligand27550-0
772,NOWCOR__ligand7106-0
773,NOWCOR__ligand3718-0
774,NOWCOR__ligand20942-1
775,NOWCOR__ligand1343-0
776,NOWCOR__ligand3876-0
777,NOWCOR__ligand3035-0
778,NOWCOR__ligand6616-0
779,NOWCOR__ligand395-0
780,NOWCOR__ligand14226-0
781,NOWCOR__ligand21339-0
782,NOWCOR__ligand16956-0
783,NOWCOR__ligand368-0
784,NOWCOR__ligand1844-0
785,NOWCOR__ligand4661-0
786,NOWCOR__ligand3504-0
787,NOWCOR__ligand29565-0
788,NOWCOR__ligand23682-0
789,NOWCOR__ligand1959-0
790,NOWCOR__ligand1536-0
791,NOWCOR__ligand18158-0
792,NOWCOR__ligand1573-0
793,NOWCOR__ligand9935-0
794,NOWCOR__ligand27771-0
795,NOWCOR__ligand12413-0
796,NOWCOR__ligand29334-0
797,NOWCOR__ligand20731-0
798,NOWCOR__ligand3852-0
799,NOWCOR__ligand2485-0
800,NOWCOR__ligand11798-0
801,NOWCOR__ligand6919-0
802,NOWCOR__ligand68-0
803,NOWCOR__ligand17069-0
804,NOWCOR__ligand1512-0
805,NOWCOR__ligand14477-0
806,NOWCOR__ligand115-0
807,NOWCOR__ligand5331-0
808,NOWCOR__ligand3565-0
809,NOWCOR__ligand17445-0
810,NOWCOR__ligand29214-0
811,NOWCOR__ligand4720-0
812,NOWCOR__ligand11501-0
813,NOWCOR__ligand55-0
814,NOWCOR__ligand8969-0
815,NOWCOR__ligand11544-0
816,NOWCOR__ligand3174-0
817,NOWCOR__ligand3937-0
818,NOWCOR__ligand1202-0
819,NOWCOR__ligand3131-0
820,NOWCOR__ligand6839-0
821,NOWCOR__ligand5211-0
822,NOWCOR__ligand833-0
823,NOWCOR__ligand21448-0
824,NOWCOR__ligand22357-0
825,NOWCOR__ligand11758-0
826,NOWCOR__ligand4155-0
827,NOWCOR__ligand3094-0
