,TMC
0,XAKMUU__ligand15168-0
1,XAKMUU__ligand19-0
2,XAKMUU__ligand5304-0
3,XAKMUU__ligand9167-0
4,XAKMUU__ligand2238-0
5,XAKMUU__ligand23589-0
6,XAKMUU__ligand1317-0
7,XAKMUU__ligand3867-0
8,XAKMUU__ligand2822-0
9,XAKMUU__ligand24064-0
10,XAKMUU__ligand7293-0
11,XAKMUU__ligand1407-0
12,XAKMUU__ligand6117-0
13,XAKMUU__ligand5509-0
14,XAKMUU__ligand8002-0
15,XAKMUU__ligand10432-0
16,XAKMUU__ligand31618-0
17,XAKMUU__ligand11432-0
18,XAKMUU__ligand240-0
19,XAKMUU__ligand22755-0
20,XAKMUU__ligand24-0
21,XAKMUU__ligand7762-0
22,XAKMUU__ligand26277-0
23,XAKMUU__ligand29898-0
24,XAKMUU__ligand5080-0
25,XAKMUU__ligand141-0
26,XAKMUU__ligand5595-0
27,XAKMUU__ligand4101-0
28,XAKMUU__ligand24750-0
29,XAKMUU__ligand384-0
30,XAKMUU__ligand3120-0
31,XAKMUU__ligand3926-0
32,XAKMUU__ligand4358-0
33,XAKMUU__ligand45-0
34,XAKMUU__ligand17207-0
35,XAKMUU__ligand31578-0
36,XAKMUU__ligand2221-0
37,XAKMUU__ligand18013-0
38,XAKMUU__ligand25224-0
39,XAKMUU__ligand17945-0
40,XAKMUU__ligand2259-0
41,XAKMUU__ligand18703-0
42,XAKMUU__ligand1296-0
43,XAKMUU__ligand5099-0
44,XAKMUU__ligand29087-0
45,XAKMUU__ligand8592-0
46,XAKMUU__ligand1197-0
47,XAKMUU__ligand78-0
48,XAKMUU__ligand1376-0
49,XAKMUU__ligand5510-0
50,XAKMUU__ligand9773-0
51,XAKMUU__ligand768-0
52,XAKMUU__ligand15438-0
53,XAKMUU__ligand28924-0
54,XAKMUU__ligand3632-0
55,XAKMUU__ligand3677-0
56,XAKMUU__ligand12336-0
57,XAKMUU__ligand1294-0
58,XAKMUU__ligand13072-0
59,XAKMUU__ligand1168-0
60,XAKMUU__ligand6699-0
61,XAKMUU__ligand757-0
62,XAKMUU__ligand1464-0
63,XAKMUU__ligand3712-0
64,XAKMUU__ligand12682-0
65,XAKMUU__ligand18699-0
66,XAKMUU__ligand2881-0
67,XAKMUU__ligand1499-0
68,XAKMUU__ligand17590-0
69,XAKMUU__ligand6892-0
70,XAKMUU__ligand17240-0
71,XAKMUU__ligand122-0
72,XAKMUU__ligand1211-0
73,XAKMUU__ligand20579-0
74,XAKMUU__ligand17710-0
75,XAKMUU__ligand9344-0
76,XAKMUU__ligand11568-0
77,XAKMUU__ligand8000-0
78,XAKMUU__ligand3736-0
79,XAKMUU__ligand3945-0
80,XAKMUU__ligand11774-0
81,XAKMUU__ligand14586-0
82,XAKMUU__ligand5383-0
83,XAKMUU__ligand21421-0
84,XAKMUU__ligand2693-0
85,XAKMUU__ligand693-0
86,XAKMUU__ligand4007-0
87,XAKMUU__ligand2985-0
88,XAKMUU__ligand19725-0
89,XAKMUU__ligand9299-0
90,XAKMUU__ligand24613-0
91,XAKMUU__ligand7291-0
92,XAKMUU__ligand31483-0
93,XAKMUU__ligand10555-0
94,XAKMUU__ligand3677-1
95,XAKMUU__ligand9883-0
96,XAKMUU__ligand2203-0
97,XAKMUU__ligand5387-0
98,XAKMUU__ligand13869-0
99,XAKMUU__ligand18074-0
100,XAKMUU__ligand1289-0
101,XAKMUU__ligand29863-0
102,XAKMUU__ligand596-0
103,XAKMUU__ligand941-0
104,XAKMUU__ligand67-0
105,XAKMUU__ligand11140-0
106,XAKMUU__ligand777-0
107,XAKMUU__ligand29610-0
108,XAKMUU__ligand28668-0
109,XAKMUU__ligand366-0
110,XAKMUU__ligand9450-0
111,XAKMUU__ligand16791-0
112,XAKMUU__ligand18799-0
113,XAKMUU__ligand657-0
114,XAKMUU__ligand18465-0
115,XAKMUU__ligand2612-0
116,XAKMUU__ligand1599-0
117,XAKMUU__ligand187-0
118,XAKMUU__ligand20599-0
119,XAKMUU__ligand845-0
120,XAKMUU__ligand25805-0
121,XAKMUU__ligand22981-0
122,XAKMUU__ligand2043-0
123,XAKMUU__ligand1832-0
124,XAKMUU__ligand27074-0
125,XAKMUU__ligand8788-0
126,XAKMUU__ligand1604-0
127,XAKMUU__ligand18391-0
128,XAKMUU__ligand14523-0
129,XAKMUU__ligand27169-0
130,XAKMUU__ligand1228-0
131,XAKMUU__ligand9943-0
132,XAKMUU__ligand43-0
133,XAKMUU__ligand9284-0
134,XAKMUU__ligand12467-0
135,XAKMUU__ligand163-0
136,XAKMUU__ligand6391-0
137,XAKMUU__ligand3126-0
138,XAKMUU__ligand126-0
139,XAKMUU__ligand10084-0
140,XAKMUU__ligand1114-0
141,XAKMUU__ligand25267-0
142,XAKMUU__ligand23904-0
143,XAKMUU__ligand2417-0
144,XAKMUU__ligand21936-0
145,XAKMUU__ligand13257-0
146,XAKMUU__ligand7092-0
147,XAKMUU__ligand2260-0
148,XAKMUU__ligand3225-0
149,XAKMUU__ligand1153-0
150,XAKMUU__ligand1116-0
151,XAKMUU__ligand2124-0
152,XAKMUU__ligand30539-0
153,XAKMUU__ligand8612-0
154,XAKMUU__ligand11166-0
155,XAKMUU__ligand21132-0
156,XAKMUU__ligand7172-0
157,XAKMUU__ligand9323-0
158,XAKMUU__ligand338-0
159,XAKMUU__ligand23906-0
160,XAKMUU__ligand7273-0
161,XAKMUU__ligand27835-0
162,XAKMUU__ligand12295-0
163,XAKMUU__ligand5180-0
164,XAKMUU__ligand6017-0
165,XAKMUU__ligand5708-0
166,XAKMUU__ligand25689-0
167,XAKMUU__ligand25575-0
168,XAKMUU__ligand21787-0
169,XAKMUU__ligand7316-0
170,XAKMUU__ligand9753-0
171,XAKMUU__ligand1787-0
172,XAKMUU__ligand1356-0
173,XAKMUU__ligand19257-0
174,XAKMUU__ligand13209-0
175,XAKMUU__ligand5530-0
176,XAKMUU__ligand5159-0
177,XAKMUU__ligand12660-0
178,XAKMUU__ligand321-0
179,XAKMUU__ligand7196-0
180,XAKMUU__ligand185-0
181,XAKMUU__ligand4807-0
182,XAKMUU__ligand4-0
183,XAKMUU__ligand279-0
184,XAKMUU__ligand25650-0
185,XAKMUU__ligand31248-0
186,XAKMUU__ligand3178-0
187,XAKMUU__ligand178-0
188,XAKMUU__ligand2906-0
189,XAKMUU__ligand4711-0
190,XAKMUU__ligand3244-0
191,XAKMUU__ligand201-0
192,XAKMUU__ligand23124-0
193,XAKMUU__ligand4649-0
194,XAKMUU__ligand8793-0
195,XAKMUU__ligand11206-0
196,XAKMUU__ligand5649-0
197,XAKMUU__ligand2788-0
198,XAKMUU__ligand12519-0
199,XAKMUU__ligand25735-0
200,XAKMUU__ligand16628-0
201,XAKMUU__ligand1154-0
202,XAKMUU__ligand9615-0
203,XAKMUU__ligand12427-0
204,XAKMUU__ligand20740-0
205,XAKMUU__ligand28468-0
206,XAKMUU__ligand27460-0
207,XAKMUU__ligand4596-0
208,XAKMUU__ligand1498-0
209,XAKMUU__ligand12606-0
210,XAKMUU__ligand497-0
211,XAKMUU__ligand30333-0
212,XAKMUU__ligand633-0
213,XAKMUU__ligand26540-0
214,XAKMUU__ligand29410-0
215,XAKMUU__ligand12337-0
216,XAKMUU__ligand30296-0
217,XAKMUU__ligand8529-0
218,XAKMUU__ligand1169-0
219,XAKMUU__ligand17281-0
220,XAKMUU__ligand31783-0
221,XAKMUU__ligand2027-0
222,XAKMUU__ligand1050-0
223,XAKMUU__ligand1015-0
224,XAKMUU__ligand326-0
225,XAKMUU__ligand13012-0
226,XAKMUU__ligand17631-0
227,XAKMUU__ligand3-0
228,XAKMUU__ligand26665-0
229,XAKMUU__ligand14297-0
230,XAKMUU__ligand14603-0
231,XAKMUU__ligand17258-0
232,XAKMUU__ligand30988-0
233,XAKMUU__ligand2692-0
234,XAKMUU__ligand23713-0
235,XAKMUU__ligand18832-0
236,XAKMUU__ligand692-0
237,XAKMUU__ligand27175-0
238,XAKMUU__ligand1618-0
239,XAKMUU__ligand15422-0
240,XAKMUU__ligand1028-0
241,XAKMUU__ligand12934-0
242,XAKMUU__ligand20578-0
243,XAKMUU__ligand19641-0
244,XAKMUU__ligand436-0
245,XAKMUU__ligand14723-0
246,XAKMUU__ligand27893-0
247,XAKMUU__ligand4262-0
248,XAKMUU__ligand10476-0
249,XAKMUU__ligand19830-0
250,XAKMUU__ligand13068-0
251,XAKMUU__ligand15585-0
252,XAKMUU__ligand12401-0
253,XAKMUU__ligand24145-0
254,XAKMUU__ligand5415-0
255,XAKMUU__ligand12231-0
256,XAKMUU__ligand13658-0
257,XAKMUU__ligand26702-0
258,XAKMUU__ligand12289-0
259,XAKMUU__ligand4124-0
260,XAKMUU__ligand4161-0
261,XAKMUU__ligand3471-0
262,XAKMUU__ligand18292-0
263,XAKMUU__ligand12130-0
264,XAKMUU__ligand17387-0
265,XAKMUU__ligand409-0
266,XAKMUU__ligand17805-0
267,XAKMUU__ligand361-0
268,XAKMUU__ligand6995-0
269,XAKMUU__ligand324-0
270,XAKMUU__ligand17302-0
271,XAKMUU__ligand2823-0
272,XAKMUU__ligand4340-0
273,XAKMUU__ligand18-0
274,XAKMUU__ligand2650-0
275,XAKMUU__ligand2281-0
276,XAKMUU__ligand25178-0
277,XAKMUU__ligand3180-0
278,XAKMUU__ligand24185-0
279,XAKMUU__ligand23769-0
280,XAKMUU__ligand1-0
281,XAKMUU__ligand10958-0
282,XAKMUU__ligand2001-0
283,XAKMUU__ligand300-0
284,XAKMUU__ligand7566-0
285,XAKMUU__ligand12641-0
286,XAKMUU__ligand8593-0
287,XAKMUU__ligand588-0
288,XAKMUU__ligand9944-0
289,XAKMUU__ligand14108-0
290,XAKMUU__ligand13425-0
291,XAKMUU__ligand29302-0
292,XAKMUU__ligand19057-0
293,XAKMUU__ligand1113-0
294,XAKMUU__ligand18814-0
295,XAKMUU__ligand199-0
296,XAKMUU__ligand8553-0
297,XAKMUU__ligand10262-0
298,XAKMUU__ligand28676-0
299,XAKMUU__ligand27763-0
300,XAKMUU__ligand5201-0
301,XAKMUU__ligand13331-0
302,XAKMUU__ligand28884-0
303,XAKMUU__ligand38-0
304,XAKMUU__ligand670-0
305,XAKMUU__ligand12030-0
306,XAKMUU__ligand534-0
307,XAKMUU__ligand571-0
308,XAKMUU__ligand29879-0
309,XAKMUU__ligand14248-0
310,XAKMUU__ligand1831-0
311,XAKMUU__ligand31832-0
312,XAKMUU__ligand5614-0
313,XAKMUU__ligand5280-0
314,XAKMUU__ligand13294-0
315,XAKMUU__ligand6663-0
316,XAKMUU__ligand5515-0
317,XAKMUU__ligand1849-0
318,XAKMUU__ligand25411-0
319,XAKMUU__ligand3261-0
320,XAKMUU__ligand1152-0
321,XAKMUU__ligand5019-0
322,XAKMUU__ligand11456-0
323,XAKMUU__ligand1216-0
324,XAKMUU__ligand10712-0
325,XAKMUU__ligand14174-0
326,XAKMUU__ligand7213-0
327,XAKMUU__ligand20682-0
328,XAKMUU__ligand1397-0
329,XAKMUU__ligand430-0
330,XAKMUU__ligand358-0
331,XAKMUU__ligand1828-0
332,XAKMUU__ligand6112-0
333,XAKMUU__ligand488-0
334,XAKMUU__ligand8042-0
335,XAKMUU__ligand5085-0
336,XAKMUU__ligand3144-0
337,XAKMUU__ligand13390-0
338,XAKMUU__ligand5755-0
339,XAKMUU__ligand4710-0
340,XAKMUU__ligand694-0
341,XAKMUU__ligand1908-0
342,XAKMUU__ligand3285-0
343,XAKMUU__ligand4795-0
344,XAKMUU__ligand1786-0
345,XAKMUU__ligand13208-0
346,XAKMUU__ligand27482-0
347,XAKMUU__ligand26810-0
348,XAKMUU__ligand5630-0
349,XAKMUU__ligand656-0
350,XAKMUU__ligand28789-0
351,XAKMUU__ligand7075-0
352,XAKMUU__ligand1149-0
353,XAKMUU__ligand20419-0
354,XAKMUU__ligand3557-0
355,XAKMUU__ligand3980-0
356,XAKMUU__ligand17118-0
357,XAKMUU__ligand21371-0
358,XAKMUU__ligand1817-0
359,XAKMUU__ligand6993-0
360,XAKMUU__ligand30851-0
361,XAKMUU__ligand14889-0
362,XAKMUU__ligand1779-0
363,XAKMUU__ligand29568-0
364,XAKMUU__ligand9750-0
365,XAKMUU__ligand9491-0
366,XAKMUU__ligand21581-0
367,XAKMUU__ligand31097-0
368,XAKMUU__ligand4266-0
369,XAKMUU__ligand1400-0
370,XAKMUU__ligand20539-0
371,XAKMUU__ligand20251-0
372,XAKMUU__ligand4167-0
373,XAKMUU__ligand30702-0
374,XAKMUU__ligand20214-0
375,XAKMUU__ligand696-0
376,XAKMUU__ligand1288-0
377,XAKMUU__ligand66-0
378,XAKMUU__ligand17261-0
379,XAKMUU__ligand14117-0
380,XAKMUU__ligand3416-0
381,XAKMUU__ligand3453-0
382,XAKMUU__ligand416-0
383,XAKMUU__ligand383-0
384,XAKMUU__ligand4207-0
385,XAKMUU__ligand16475-0
386,XAKMUU__ligand14703-0
387,XAKMUU__ligand20251-1
388,XAKMUU__ligand42-0
389,XAKMUU__ligand1539-0
390,XAKMUU__ligand162-0
391,XAKMUU__ligand226-0
392,XAKMUU__ligand1150-0
393,XAKMUU__ligand4063-0
394,XAKMUU__ligand7438-0
395,XAKMUU__ligand8200-0
396,XAKMUU__ligand20011-0
397,XAKMUU__ligand17278-0
398,XAKMUU__ligand29414-0
399,XAKMUU__ligand17982-0
400,XAKMUU__ligand11675-0
401,XAKMUU__ligand20598-0
402,XAKMUU__ligand22557-0
403,XAKMUU__ligand10589-0
404,XAKMUU__ligand3042-0
405,XAKMUU__ligand24047-0
406,XAKMUU__ligand17398-0
407,XAKMUU__ligand252-0
408,XAKMUU__ligand22403-0
409,XAKMUU__ligand9148-0
410,XAKMUU__ligand116-0
411,XAKMUU__ligand11111-0
412,XAKMUU__ligand28540-0
413,XAKMUU__ligand6946-0
414,XAKMUU__ligand1415-0
415,XAKMUU__ligand16369-0
416,XAKMUU__ligand7529-0
417,XAKMUU__ligand20695-0
418,XAKMUU__ligand27754-0
419,XAKMUU__ligand5627-0
420,XAKMUU__ligand372-0
421,XAKMUU__ligand1729-0
422,XAKMUU__ligand2830-0
423,XAKMUU__ligand830-0
424,XAKMUU__ligand29215-0
425,XAKMUU__ligand10872-0
426,XAKMUU__ligand21399-0
427,XAKMUU__ligand5316-0
428,XAKMUU__ligand12003-0
429,XAKMUU__ligand26631-0
430,XAKMUU__ligand5483-0
431,XAKMUU__ligand16148-0
432,XAKMUU__ligand193-0
433,XAKMUU__ligand1449-0
434,XAKMUU__ligand14043-0
435,XAKMUU__ligand26324-0
436,XAKMUU__ligand3012-0
437,XAKMUU__ligand28559-0
438,XAKMUU__ligand19927-0
439,XAKMUU__ligand7530-0
440,XAKMUU__ligand1065-0
441,XAKMUU__ligand9681-0
442,XAKMUU__ligand4332-0
443,XAKMUU__ligand27239-0
444,XAKMUU__ligand909-0
445,XAKMUU__ligand21729-0
446,XAKMUU__ligand26529-0
447,XAKMUU__ligand57-0
448,XAKMUU__ligand177-0
449,XAKMUU__ligand3934-0
450,XAKMUU__ligand6455-0
451,XAKMUU__ligand6882-0
452,XAKMUU__ligand2403-0
453,XAKMUU__ligand11618-0
454,XAKMUU__ligand1147-0
455,XAKMUU__ligand29486-0
456,XAKMUU__ligand188-0
457,XAKMUU__ligand3973-0
458,XAKMUU__ligand31694-0
459,XAKMUU__ligand55-0
460,XAKMUU__ligand2068-0
461,XAKMUU__ligand17427-0
462,XAKMUU__ligand7925-0
463,XAKMUU__ligand24780-0
464,XAKMUU__ligand7532-0
465,XAKMUU__ligand311-0
466,XAKMUU__ligand12138-0
467,XAKMUU__ligand785-0
468,XAKMUU__ligand479-0
469,XAKMUU__ligand22129-0
470,XAKMUU__ligand11949-0
471,XAKMUU__ligand4194-0
472,XAKMUU__ligand370-1
473,XAKMUU__ligand2599-0
474,XAKMUU__ligand68-0
475,XAKMUU__ligand4330-0
476,XAKMUU__ligand620-0
477,XAKMUU__ligand564-0
478,XAKMUU__ligand25561-0
479,XAKMUU__ligand24872-0
480,XAKMUU__ligand6283-0
481,XAKMUU__ligand30728-0
482,XAKMUU__ligand27840-0
483,XAKMUU__ligand370-0
484,XAKMUU__ligand5813-0
485,XAKMUU__ligand4813-0
486,XAKMUU__ligand12001-0
487,XAKMUU__ligand4738-0
488,XAKMUU__ligand24644-0
489,XAKMUU__ligand6062-0
490,XAKMUU__ligand10033-0
491,XAKMUU__ligand34-0
492,XAKMUU__ligand22444-0
493,XAKMUU__ligand24111-0
494,XAKMUU__ligand13385-0
495,XAKMUU__ligand3215-0
496,XAKMUU__ligand250-0
497,XAKMUU__ligand14569-0
498,XAKMUU__ligand15788-0
499,XAKMUU__ligand23175-0
500,XAKMUU__ligand17396-0
501,XAKMUU__ligand7107-0
502,XAKMUU__ligand13220-0
503,XAKMUU__ligand11587-0
504,XAKMUU__ligand294-0
505,XAKMUU__ligand48-0
506,XAKMUU__ligand1533-0
507,XAKMUU__ligand14614-0
508,XAKMUU__ligand16663-0
509,XAKMUU__ligand11994-0
510,XAKMUU__ligand31842-0
511,XAKMUU__ligand31044-0
512,XAKMUU__ligand7557-0
513,XAKMUU__ligand1496-0
514,XAKMUU__ligand24035-0
515,XAKMUU__ligand1712-0
516,XAKMUU__ligand30711-0
517,XAKMUU__ligand20207-0
518,XAKMUU__ligand421-0
519,XAKMUU__ligand4131-0
520,XAKMUU__ligand11682-0
521,XAKMUU__ligand685-0
522,XAKMUU__ligand25913-0
523,XAKMUU__ligand16988-0
524,XAKMUU__ligand5892-0
525,XAKMUU__ligand5094-0
526,XAKMUU__ligand2328-0
527,XAKMUU__ligand15883-0
528,XAKMUU__ligand4581-0
529,XAKMUU__ligand1773-0
530,XAKMUU__ligand11970-0
531,XAKMUU__ligand3029-0
532,XAKMUU__ligand7162-0
533,XAKMUU__ligand134-0
534,XAKMUU__ligand10828-0
535,XAKMUU__ligand19792-0
536,XAKMUU__ligand51-0
537,XAKMUU__ligand15926-0
538,XAKMUU__ligand1900-0
539,XAKMUU__ligand235-0
540,XAKMUU__ligand24230-0
541,XAKMUU__ligand11096-0
542,XAKMUU__ligand11447-0
543,XAKMUU__ligand28810-0
544,XAKMUU__ligand9197-0
545,XAKMUU__ligand15531-0
546,XAKMUU__ligand91-0
547,XAKMUU__ligand28743-0
548,XAKMUU__ligand3208-0
549,XAKMUU__ligand13862-0
550,XAKMUU__ligand11357-0
551,XAKMUU__ligand2208-0
552,XAKMUU__ligand560-0
553,XAKMUU__ligand10056-0
554,XAKMUU__ligand12365-0
555,XAKMUU__ligand1327-0
556,XAKMUU__ligand9809-0
557,XAKMUU__ligand6672-0
558,XAKMUU__ligand21919-0
559,XAKMUU__ligand8722-0
560,XAKMUU__ligand2781-0
561,XAKMUU__ligand7573-0
562,XAKMUU__ligand22294-0
563,XAKMUU__ligand3350-0
564,XAKMUU__ligand28930-0
565,XAKMUU__ligand22168-0
566,XAKMUU__ligand2527-0
567,XAKMUU__ligand29029-0
568,XAKMUU__ligand27285-0
569,XAKMUU__ligand1709-0
570,XAKMUU__ligand8464-0
571,XAKMUU__ligand8349-0
572,XAKMUU__ligand783-0
573,XAKMUU__ligand352-0
574,XAKMUU__ligand23197-0
575,XAKMUU__ligand3392-0
576,XAKMUU__ligand868-0
577,XAKMUU__ligand4911-0
578,XAKMUU__ligand1771-0
579,XAKMUU__ligand5849-0
580,XAKMUU__ligand27669-0
581,XAKMUU__ligand30142-0
582,XAKMUU__ligand14167-0
583,XAKMUU__ligand13477-0
584,XAKMUU__ligand16-0
585,XAKMUU__ligand5935-0
586,XAKMUU__ligand1379-0
587,XAKMUU__ligand19184-0
588,XAKMUU__ligand2722-0
589,XAKMUU__ligand28459-0
590,XAKMUU__ligand3157-0
591,XAKMUU__ligand32-0
592,XAKMUU__ligand18448-0
593,XAKMUU__ligand12453-0
594,XAKMUU__ligand1165-0
595,XAKMUU__ligand9525-0
596,XAKMUU__ligand10371-0
597,XAKMUU__ligand5056-0
598,XAKMUU__ligand197-0
599,XAKMUU__ligand4850-0
600,XAKMUU__ligand1688-0
601,XAKMUU__ligand5357-0
602,XAKMUU__ligand3647-0
603,XAKMUU__ligand3871-0
604,XAKMUU__ligand1469-0
605,XAKMUU__ligand28685-0
606,XAKMUU__ligand18568-0
607,XAKMUU__ligand1768-0
608,XAKMUU__ligand13672-0
609,XAKMUU__ligand5331-0
610,XAKMUU__ligand24624-0
611,XAKMUU__ligand20844-0
612,XAKMUU__ligand1512-0
613,XAKMUU__ligand69-0
614,XAKMUU__ligand18413-0
615,XAKMUU__ligand24560-0
616,XAKMUU__ligand18757-0
617,XAKMUU__ligand3565-0
618,XAKMUU__ligand784-0
619,XAKMUU__ligand2485-0
620,XAKMUU__ligand3852-0
621,XAKMUU__ligand6919-0
622,XAKMUU__ligand13691-0
623,XAKMUU__ligand30788-0
624,XAKMUU__ligand395-0
625,XAKMUU__ligand5211-0
626,XAKMUU__ligand368-0
627,XAKMUU__ligand4155-0
628,XAKMUU__ligand3094-0
629,XAKMUU__ligand14339-0
630,XAKMUU__ligand8-0
631,XAKMUU__ligand4720-0
632,XAKMUU__ligand3174-0
633,XAKMUU__ligand3937-0
634,XAKMUU__ligand1202-0
635,XAKMUU__ligand3131-0
636,XAKMUU__ligand8969-0
637,XAKMUU__ligand21752-0
638,XAKMUU__ligand6839-0
639,XAKMUU__ligand11-0
640,XAKMUU__ligand7242-0
641,XAKMUU__ligand7106-0
642,XAKMUU__ligand21940-0
643,XAKMUU__ligand25048-0
644,XAKMUU__ligand115-0
645,XAKMUU__ligand9908-0
646,XAKMUU__ligand1263-0
647,XAKMUU__ligand23445-0
648,XAKMUU__ligand24953-0
649,XAKMUU__ligand13755-0
650,XAKMUU__ligand16133-0
651,XAKMUU__ligand27122-0
652,XAKMUU__ligand20432-0
653,XAKMUU__ligand3504-0
654,XAKMUU__ligand1959-0
655,XAKMUU__ligand1536-0
656,XAKMUU__ligand1573-0
657,XAKMUU__ligand9935-0
658,XAKMUU__ligand3718-0
659,XAKMUU__ligand833-0
660,XAKMUU__ligand1343-0
661,XAKMUU__ligand3876-0
662,XAKMUU__ligand3035-0
663,XAKMUU__ligand6616-0
664,XAKMUU__ligand20557-0
665,XAKMUU__ligand1844-0
666,XAKMUU__ligand4661-0
667,XAKMUU__ligand30004-0
668,XAKMUU__ligand1219-0
669,XAKMUU__ligand6709-0
670,XAKMUU__ligand7867-0
671,XAKMUU__ligand11758-0
672,XAKMUU__ligand22357-0
673,XAKMUU__ligand21448-0
674,XAKMUU__ligand506-0
675,XAKMUU__ligand4016-0
676,XAKMUU__ligand7238-0
677,XAKMUU__ligand11544-0
678,XAKMUU__ligand11501-0
679,XAKMUU__ligand7280-0
680,XAKMUU__ligand1790-0
681,XAKMUU__ligand1304-0
682,XAKMUU__ligand29214-0
683,XAKMUU__ligand7629-0
684,XAKMUU__ligand17445-0
685,XAKMUU__ligand1451-0
686,XAKMUU__ligand4272-0
687,XAKMUU__ligand14477-0
688,XAKMUU__ligand9784-0
689,XAKMUU__ligand17069-0
690,XAKMUU__ligand1160-0
691,XAKMUU__ligand11798-0
692,XAKMUU__ligand8699-0
693,XAKMUU__ligand9520-0
694,XAKMUU__ligand20731-0
695,XAKMUU__ligand4093-0
696,XAKMUU__ligand4442-0
697,XAKMUU__ligand152-0
698,XAKMUU__ligand3954-0
699,XAKMUU__ligand29334-0
700,XAKMUU__ligand12413-0
701,XAKMUU__ligand447-0
702,XAKMUU__ligand27771-0
703,XAKMUU__ligand4157-0
704,XAKMUU__ligand18158-0
705,XAKMUU__ligand746-0
706,XAKMUU__ligand23682-0
707,XAKMUU__ligand5256-0
708,XAKMUU__ligand8876-0
709,XAKMUU__ligand2828-0
710,XAKMUU__ligand7648-0
711,XAKMUU__ligand29565-0
712,XAKMUU__ligand9833-0
713,XAKMUU__ligand9291-0
714,XAKMUU__ligand176-0
715,XAKMUU__ligand2176-0
716,XAKMUU__ligand16956-0
717,XAKMUU__ligand14226-0
718,XAKMUU__ligand21339-0
719,XAKMUU__ligand20942-1
720,XAKMUU__ligand2232-0
721,XAKMUU__ligand1285-0
722,XAKMUU__ligand7000-0
723,XAKMUU__ligand1982-0
724,XAKMUU__ligand27550-0
725,XAKMUU__ligand6768-0
726,XAKMUU__ligand8115-0
727,XAKMUU__ligand14007-0
728,XAKMUU__ligand18019-1
729,XAKMUU__ligand4503-0
730,XAKMUU__ligand487-0
731,XAKMUU__ligand4546-0
732,XAKMUU__ligand29813-0
733,XAKMUU__ligand16952-0
734,XAKMUU__ligand8992-0
735,XAKMUU__ligand17-0
736,XAKMUU__ligand9601-0
737,XAKMUU__ligand3707-0
738,XAKMUU__ligand393-0
739,XAKMUU__ligand20121-0
740,XAKMUU__ligand6124-0
741,XAKMUU__ligand7967-0
742,XAKMUU__ligand15387-0
743,XAKMUU__ligand4116-0
744,XAKMUU__ligand20220-0
745,XAKMUU__ligand1018-0
746,XAKMUU__ligand14302-0
747,XAKMUU__ligand13657-0
748,XAKMUU__ligand14347-0
749,XAKMUU__ligand11698-0
750,XAKMUU__ligand5643-0
751,XAKMUU__ligand1823-0
752,XAKMUU__ligand353-0
753,XAKMUU__ligand20530-0
754,XAKMUU__ligand8721-0
755,XAKMUU__ligand24851-0
756,XAKMUU__ligand1324-0
757,XAKMUU__ligand10853-0
758,XAKMUU__ligand9952-0
759,XAKMUU__ligand9111-0
760,XAKMUU__ligand29441-0
761,XAKMUU__ligand11479-0
762,XAKMUU__ligand2526-0
763,XAKMUU__ligand5036-0
764,XAKMUU__ligand1615-0
765,XAKMUU__ligand27610-0
766,XAKMUU__ligand10479-0
767,XAKMUU__ligand2332-0
768,XAKMUU__ligand19906-0
769,XAKMUU__ligand9441-0
770,XAKMUU__ligand19668-0
771,XAKMUU__ligand1631-0
772,XAKMUU__ligand196-0
773,XAKMUU__ligand9933-0
774,XAKMUU__ligand22353-0
775,XAKMUU__ligand1530-0
776,XAKMUU__ligand1575-0
777,XAKMUU__ligand3156-0
778,XAKMUU__ligand2915-0
779,XAKMUU__ligand686-0
780,XAKMUU__ligand6244-0
781,XAKMUU__ligand422-0
782,XAKMUU__ligand10151-0
783,XAKMUU__ligand1378-0
784,XAKMUU__ligand18067-0
785,XAKMUU__ligand89-0
786,XAKMUU__ligand19824-0
787,XAKMUU__ligand7819-0
788,XAKMUU__ligand2917-0
789,XAKMUU__ligand6596-0
790,XAKMUU__ligand3721-0
791,XAKMUU__ligand6904-0
792,XAKMUU__ligand6102-0
793,XAKMUU__ligand13260-0
794,XAKMUU__ligand10582-0
795,XAKMUU__ligand465-0
796,XAKMUU__ligand3465-0
797,XAKMUU__ligand11252-0
798,XAKMUU__ligand31000-0
799,XAKMUU__ligand4620-0
800,XAKMUU__ligand11606-0
801,XAKMUU__ligand2295-0
802,XAKMUU__ligand20821-0
803,XAKMUU__ligand49-0
804,XAKMUU__ligand1577-0
805,XAKMUU__ligand6067-0
806,XAKMUU__ligand314-1
807,XAKMUU__ligand26673-0
808,XAKMUU__ligand813-0
809,XAKMUU__ligand11622-0
810,XAKMUU__ligand780-0
811,XAKMUU__ligand4641-0
812,XAKMUU__ligand314-0
813,XAKMUU__ligand16870-0
814,XAKMUU__ligand16603-0
815,XAKMUU__ligand11814-0
816,XAKMUU__ligand31205-0
817,XAKMUU__ligand17686-0
818,XAKMUU__ligand25658-0
819,XAKMUU__ligand618-0
820,XAKMUU__ligand1142-0
821,XAKMUU__ligand3234-0
822,XAKMUU__ligand15455-0
823,XAKMUU__ligand11177-0
824,XAKMUU__ligand8835-0
825,XAKMUU__ligand2028-0
826,XAKMUU__ligand391-0
827,XAKMUU__ligand7126-0
