,TMC
0,LIWWOF__ligand14569-0
1,LIWWOF__ligand5935-0
2,LIWWOF__ligand45-0
3,LIWWOF__ligand13385-0
4,LIWWOF__ligand24111-0
5,LIWWOF__ligand22444-0
6,LIWWOF__ligand2722-0
7,LIWWOF__ligand1379-0
8,LIWWOF__ligand506-0
9,LIWWOF__ligand11587-0
10,LIWWOF__ligand13220-0
11,LIWWOF__ligand3157-0
12,LIWWOF__ligand17396-0
13,LIWWOF__ligand9525-0
14,LIWWOF__ligand1165-0
15,LIWWOF__ligand23175-0
16,LIWWOF__ligand15788-0
17,LIWWOF__ligand27840-0
18,LIWWOF__ligand5056-0
19,LIWWOF__ligand4850-0
20,LIWWOF__ligand30728-0
21,LIWWOF__ligand152-0
22,LIWWOF__ligand5357-0
23,LIWWOF__ligand24872-0
24,LIWWOF__ligand3647-0
25,LIWWOF__ligand1688-0
26,LIWWOF__ligand1469-0
27,LIWWOF__ligand10033-0
28,LIWWOF__ligand24644-0
29,LIWWOF__ligand3871-0
30,LIWWOF__ligand1768-0
31,LIWWOF__ligand12001-0
32,LIWWOF__ligand78-0
33,LIWWOF__ligand11949-0
34,LIWWOF__ligand22129-0
35,LIWWOF__ligand176-0
36,LIWWOF__ligand2527-0
37,LIWWOF__ligand12138-0
38,LIWWOF__ligand24780-0
39,LIWWOF__ligand25561-0
40,LIWWOF__ligand8349-0
41,LIWWOF__ligand19-0
42,LIWWOF__ligand1709-0
43,LIWWOF__ligand746-0
44,LIWWOF__ligand8464-0
45,LIWWOF__ligand447-0
46,LIWWOF__ligand3392-0
47,LIWWOF__ligand31694-0
48,LIWWOF__ligand487-0
49,LIWWOF__ligand24-0
50,LIWWOF__ligand29486-0
51,LIWWOF__ligand4911-0
52,LIWWOF__ligand1771-0
53,LIWWOF__ligand5849-0
54,LIWWOF__ligand17427-0
55,LIWWOF__ligand4581-0
56,LIWWOF__ligand1773-0
57,LIWWOF__ligand2328-0
58,LIWWOF__ligand7162-0
59,LIWWOF__ligand784-0
60,LIWWOF__ligand3029-0
61,LIWWOF__ligand26529-0
62,LIWWOF__ligand11618-0
63,LIWWOF__ligand9197-0
64,LIWWOF__ligand1900-0
65,LIWWOF__ligand19927-0
66,LIWWOF__ligand3208-0
67,LIWWOF__ligand2208-0
68,LIWWOF__ligand28559-0
69,LIWWOF__ligand26324-0
70,LIWWOF__ligand14043-0
71,LIWWOF__ligand21729-0
72,LIWWOF__ligand27239-0
73,LIWWOF__ligand8722-0
74,LIWWOF__ligand368-0
75,LIWWOF__ligand1327-0
76,LIWWOF__ligand9809-0
77,LIWWOF__ligand6672-0
78,LIWWOF__ligand395-0
79,LIWWOF__ligand2781-0
80,LIWWOF__ligand7573-0
81,LIWWOF__ligand3350-0
82,LIWWOF__ligand29215-0
83,LIWWOF__ligand1533-0
84,LIWWOF__ligand115-0
85,LIWWOF__ligand7557-0
86,LIWWOF__ligand16148-0
87,LIWWOF__ligand26631-0
88,LIWWOF__ligand1496-0
89,LIWWOF__ligand12003-0
90,LIWWOF__ligand21399-0
91,LIWWOF__ligand10872-0
92,LIWWOF__ligand22403-0
93,LIWWOF__ligand833-0
94,LIWWOF__ligand1712-0
95,LIWWOF__ligand4131-0
96,LIWWOF__ligand27754-0
97,LIWWOF__ligand20695-0
98,LIWWOF__ligand16369-0
99,LIWWOF__ligand5892-0
100,LIWWOF__ligand5094-0
101,LIWWOF__ligand28540-0
102,LIWWOF__ligand11111-0
103,LIWWOF__ligand6283-0
104,LIWWOF__ligand465-0
105,LIWWOF__ligand10371-0
106,LIWWOF__ligand13672-0
107,LIWWOF__ligand4738-0
108,LIWWOF__ligand5813-0
109,LIWWOF__ligand4813-0
110,LIWWOF__ligand18568-0
111,LIWWOF__ligand28685-0
112,LIWWOF__ligand6062-0
113,LIWWOF__ligand19184-0
114,LIWWOF__ligand3215-0
115,LIWWOF__ligand314-1
116,LIWWOF__ligand43-0
117,LIWWOF__ligand12453-0
118,LIWWOF__ligand18448-0
119,LIWWOF__ligand7107-0
120,LIWWOF__ligand28459-0
121,LIWWOF__ligand1147-0
122,LIWWOF__ligand3973-0
123,LIWWOF__ligand7925-0
124,LIWWOF__ligand780-0
125,LIWWOF__ligand314-0
126,LIWWOF__ligand2068-0
127,LIWWOF__ligand13477-0
128,LIWWOF__ligand14167-0
129,LIWWOF__ligand30142-0
130,LIWWOF__ligand27669-0
131,LIWWOF__ligand813-0
132,LIWWOF__ligand67-0
133,LIWWOF__ligand391-0
134,LIWWOF__ligand7532-0
135,LIWWOF__ligand27285-0
136,LIWWOF__ligand29029-0
137,LIWWOF__ligand4194-0
138,LIWWOF__ligand4330-0
139,LIWWOF__ligand23197-0
140,LIWWOF__ligand2599-0
141,LIWWOF__ligand618-0
142,LIWWOF__ligand3012-0
143,LIWWOF__ligand1449-0
144,LIWWOF__ligand12365-0
145,LIWWOF__ligand10056-0
146,LIWWOF__ligand7530-0
147,LIWWOF__ligand1065-0
148,LIWWOF__ligand11357-0
149,LIWWOF__ligand13862-0
150,LIWWOF__ligand393-0
151,LIWWOF__ligand28743-0
152,LIWWOF__ligand15531-0
153,LIWWOF__ligand9681-0
154,LIWWOF__ligand22168-0
155,LIWWOF__ligand28930-0
156,LIWWOF__ligand22294-0
157,LIWWOF__ligand21919-0
158,LIWWOF__ligand4332-0
159,LIWWOF__ligand3934-0
160,LIWWOF__ligand11970-0
161,LIWWOF__ligand6455-0
162,LIWWOF__ligand6882-0
163,LIWWOF__ligand15883-0
164,LIWWOF__ligand28810-0
165,LIWWOF__ligand11447-0
166,LIWWOF__ligand11096-0
167,LIWWOF__ligand24230-0
168,LIWWOF__ligand2403-0
169,LIWWOF__ligand15926-0
170,LIWWOF__ligand353-0
171,LIWWOF__ligand19792-0
172,LIWWOF__ligand10828-0
173,LIWWOF__ligand11682-0
174,LIWWOF__ligand20207-0
175,LIWWOF__ligand30711-0
176,LIWWOF__ligand196-0
177,LIWWOF__ligand9148-0
178,LIWWOF__ligand1415-0
179,LIWWOF__ligand6946-0
180,LIWWOF__ligand16988-0
181,LIWWOF__ligand25913-0
182,LIWWOF__ligand7529-0
183,LIWWOF__ligand16663-0
184,LIWWOF__ligand1729-0
185,LIWWOF__ligand5627-0
186,LIWWOF__ligand14614-0
187,LIWWOF__ligand422-0
188,LIWWOF__ligand2830-0
189,LIWWOF__ligand5316-0
190,LIWWOF__ligand24035-0
191,LIWWOF__ligand686-0
192,LIWWOF__ligand5483-0
193,LIWWOF__ligand31044-0
194,LIWWOF__ligand31842-0
195,LIWWOF__ligand11994-0
196,LIWWOF__ligand27550-0
197,LIWWOF__ligand4641-0
198,LIWWOF__ligand188-0
199,LIWWOF__ligand18019-1
200,LIWWOF__ligand14007-0
201,LIWWOF__ligand564-0
202,LIWWOF__ligand29565-0
203,LIWWOF__ligand23682-0
204,LIWWOF__ligand18158-0
205,LIWWOF__ligand620-0
206,LIWWOF__ligand1142-0
207,LIWWOF__ligand3234-0
208,LIWWOF__ligand27771-0
209,LIWWOF__ligand370-1
210,LIWWOF__ligand20942-1
211,LIWWOF__ligand21339-0
212,LIWWOF__ligand14226-0
213,LIWWOF__ligand16956-0
214,LIWWOF__ligand479-0
215,LIWWOF__ligand7126-0
216,LIWWOF__ligand311-0
217,LIWWOF__ligand8835-0
218,LIWWOF__ligand2028-0
219,LIWWOF__ligand785-0
220,LIWWOF__ligand17069-0
221,LIWWOF__ligand14477-0
222,LIWWOF__ligand2917-0
223,LIWWOF__ligand7819-0
224,LIWWOF__ligand17445-0
225,LIWWOF__ligand12413-0
226,LIWWOF__ligand370-0
227,LIWWOF__ligand29334-0
228,LIWWOF__ligand6596-0
229,LIWWOF__ligand3721-0
230,LIWWOF__ligand6904-0
231,LIWWOF__ligand6102-0
232,LIWWOF__ligand20731-0
233,LIWWOF__ligand11798-0
234,LIWWOF__ligand3465-0
235,LIWWOF__ligand4620-0
236,LIWWOF__ligand21448-0
237,LIWWOF__ligand22357-0
238,LIWWOF__ligand11758-0
239,LIWWOF__ligand29214-0
240,LIWWOF__ligand250-0
241,LIWWOF__ligand2295-0
242,LIWWOF__ligand1577-0
243,LIWWOF__ligand6067-0
244,LIWWOF__ligand11501-0
245,LIWWOF__ligand11544-0
246,LIWWOF__ligand9441-0
247,LIWWOF__ligand2332-0
248,LIWWOF__ligand30004-0
249,LIWWOF__ligand20557-0
250,LIWWOF__ligand1631-0
251,LIWWOF__ligand116-0
252,LIWWOF__ligand1530-0
253,LIWWOF__ligand1575-0
254,LIWWOF__ligand9933-0
255,LIWWOF__ligand252-0
256,LIWWOF__ligand193-0
257,LIWWOF__ligand25048-0
258,LIWWOF__ligand21940-0
259,LIWWOF__ligand3156-0
260,LIWWOF__ligand2915-0
261,LIWWOF__ligand6244-0
262,LIWWOF__ligand20432-0
263,LIWWOF__ligand27122-0
264,LIWWOF__ligand830-0
265,LIWWOF__ligand16133-0
266,LIWWOF__ligand13755-0
267,LIWWOF__ligand24953-0
268,LIWWOF__ligand23445-0
269,LIWWOF__ligand372-0
270,LIWWOF__ligand1378-0
271,LIWWOF__ligand14339-0
272,LIWWOF__ligand909-0
273,LIWWOF__ligand8992-0
274,LIWWOF__ligand30788-0
275,LIWWOF__ligand13691-0
276,LIWWOF__ligand9601-0
277,LIWWOF__ligand21752-0
278,LIWWOF__ligand3707-0
279,LIWWOF__ligand6124-0
280,LIWWOF__ligand7967-0
281,LIWWOF__ligand1018-0
282,LIWWOF__ligand4116-0
283,LIWWOF__ligand18-0
284,LIWWOF__ligand5643-0
285,LIWWOF__ligand18757-0
286,LIWWOF__ligand1823-0
287,LIWWOF__ligand24560-0
288,LIWWOF__ligand18413-0
289,LIWWOF__ligand20844-0
290,LIWWOF__ligand24624-0
291,LIWWOF__ligand1324-0
292,LIWWOF__ligand8721-0
293,LIWWOF__ligand9952-0
294,LIWWOF__ligand9111-0
295,LIWWOF__ligand177-0
296,LIWWOF__ligand2526-0
297,LIWWOF__ligand5036-0
298,LIWWOF__ligand1615-0
299,LIWWOF__ligand4157-0
300,LIWWOF__ligand8876-0
301,LIWWOF__ligand25658-0
302,LIWWOF__ligand17686-0
303,LIWWOF__ligand2828-0
304,LIWWOF__ligand352-0
305,LIWWOF__ligand7648-0
306,LIWWOF__ligand783-0
307,LIWWOF__ligand9833-0
308,LIWWOF__ligand31205-0
309,LIWWOF__ligand5256-0
310,LIWWOF__ligand2176-0
311,LIWWOF__ligand9291-0
312,LIWWOF__ligand11177-0
313,LIWWOF__ligand2232-0
314,LIWWOF__ligand15455-0
315,LIWWOF__ligand16870-0
316,LIWWOF__ligand1285-0
317,LIWWOF__ligand6768-0
318,LIWWOF__ligand11622-0
319,LIWWOF__ligand8115-0
320,LIWWOF__ligand7000-0
321,LIWWOF__ligand1982-0
322,LIWWOF__ligand4503-0
323,LIWWOF__ligand4546-0
324,LIWWOF__ligand11814-0
325,LIWWOF__ligand868-0
326,LIWWOF__ligand16603-0
327,LIWWOF__ligand7867-0
328,LIWWOF__ligand11606-0
329,LIWWOF__ligand1219-0
330,LIWWOF__ligand6709-0
331,LIWWOF__ligand31000-0
332,LIWWOF__ligand4016-0
333,LIWWOF__ligand7238-0
334,LIWWOF__ligand38-0
335,LIWWOF__ligand26673-0
336,LIWWOF__ligand7280-0
337,LIWWOF__ligand20821-0
338,LIWWOF__ligand1790-0
339,LIWWOF__ligand1304-0
340,LIWWOF__ligand1451-0
341,LIWWOF__ligand4272-0
342,LIWWOF__ligand7629-0
343,LIWWOF__ligand19824-0
344,LIWWOF__ligand18067-0
345,LIWWOF__ligand9784-0
346,LIWWOF__ligand11252-0
347,LIWWOF__ligand9520-0
348,LIWWOF__ligand1160-0
349,LIWWOF__ligand8699-0
350,LIWWOF__ligand197-0
351,LIWWOF__ligand10582-0
352,LIWWOF__ligand13260-0
353,LIWWOF__ligand4093-0
354,LIWWOF__ligand4442-0
355,LIWWOF__ligand3954-0
356,LIWWOF__ligand42-0
357,LIWWOF__ligand7242-0
358,LIWWOF__ligand7106-0
359,LIWWOF__ligand9908-0
360,LIWWOF__ligand1263-0
361,LIWWOF__ligand10151-0
362,LIWWOF__ligand294-0
363,LIWWOF__ligand1959-0
364,LIWWOF__ligand19668-0
365,LIWWOF__ligand19906-0
366,LIWWOF__ligand3504-0
367,LIWWOF__ligand9935-0
368,LIWWOF__ligand685-0
369,LIWWOF__ligand1536-0
370,LIWWOF__ligand1573-0
371,LIWWOF__ligand22353-0
372,LIWWOF__ligand3876-0
373,LIWWOF__ligand1343-0
374,LIWWOF__ligand3035-0
375,LIWWOF__ligand6616-0
376,LIWWOF__ligand3718-0
377,LIWWOF__ligand421-0
378,LIWWOF__ligand1844-0
379,LIWWOF__ligand4661-0
380,LIWWOF__ligand5331-0
381,LIWWOF__ligand1512-0
382,LIWWOF__ligand24851-0
383,LIWWOF__ligand235-0
384,LIWWOF__ligand20530-0
385,LIWWOF__ligand3565-0
386,LIWWOF__ligand11698-0
387,LIWWOF__ligand14347-0
388,LIWWOF__ligand13657-0
389,LIWWOF__ligand14302-0
390,LIWWOF__ligand134-0
391,LIWWOF__ligand10479-0
392,LIWWOF__ligand27610-0
393,LIWWOF__ligand11479-0
394,LIWWOF__ligand6919-0
395,LIWWOF__ligand29441-0
396,LIWWOF__ligand10853-0
397,LIWWOF__ligand2485-0
398,LIWWOF__ligand3852-0
399,LIWWOF__ligand5211-0
400,LIWWOF__ligand4155-0
401,LIWWOF__ligand3094-0
402,LIWWOF__ligand66-0
403,LIWWOF__ligand16952-0
404,LIWWOF__ligand29813-0
405,LIWWOF__ligand8-0
406,LIWWOF__ligand4720-0
407,LIWWOF__ligand20220-0
408,LIWWOF__ligand560-0
409,LIWWOF__ligand15387-0
410,LIWWOF__ligand6839-0
411,LIWWOF__ligand3174-0
412,LIWWOF__ligand1202-0
413,LIWWOF__ligand3937-0
414,LIWWOF__ligand3131-0
415,LIWWOF__ligand20121-0
416,LIWWOF__ligand8969-0
417,LIWWOF__ligand1787-0
418,LIWWOF__ligand24613-0
419,LIWWOF__ligand1356-0
420,LIWWOF__ligand5530-0
421,LIWWOF__ligand9753-0
422,LIWWOF__ligand19725-0
423,LIWWOF__ligand7196-0
424,LIWWOF__ligand5159-0
425,LIWWOF__ligand10555-0
426,LIWWOF__ligand31483-0
427,LIWWOF__ligand4-0
428,LIWWOF__ligand4807-0
429,LIWWOF__ligand3178-0
430,LIWWOF__ligand2906-0
431,LIWWOF__ligand4711-0
432,LIWWOF__ligand3244-0
433,LIWWOF__ligand11568-0
434,LIWWOF__ligand17710-0
435,LIWWOF__ligand20579-0
436,LIWWOF__ligand4649-0
437,LIWWOF__ligand8793-0
438,LIWWOF__ligand5649-0
439,LIWWOF__ligand57-0
440,LIWWOF__ligand2788-0
441,LIWWOF__ligand21421-0
442,LIWWOF__ligand14586-0
443,LIWWOF__ligand11774-0
444,LIWWOF__ligand361-0
445,LIWWOF__ligand324-0
446,LIWWOF__ligand409-0
447,LIWWOF__ligand7092-0
448,LIWWOF__ligand588-0
449,LIWWOF__ligand2260-0
450,LIWWOF__ligand3225-0
451,LIWWOF__ligand1153-0
452,LIWWOF__ligand1116-0
453,LIWWOF__ligand18699-0
454,LIWWOF__ligand8612-0
455,LIWWOF__ligand12682-0
456,LIWWOF__ligand2124-0
457,LIWWOF__ligand7172-0
458,LIWWOF__ligand17240-0
459,LIWWOF__ligand300-0
460,LIWWOF__ligand7273-0
461,LIWWOF__ligand9323-0
462,LIWWOF__ligand17590-0
463,LIWWOF__ligand13072-0
464,LIWWOF__ligand12336-0
465,LIWWOF__ligand5180-0
466,LIWWOF__ligand6017-0
467,LIWWOF__ligand199-0
468,LIWWOF__ligand7316-0
469,LIWWOF__ligand5708-0
470,LIWWOF__ligand2043-0
471,LIWWOF__ligand29087-0
472,LIWWOF__ligand1832-0
473,LIWWOF__ligand8788-0
474,LIWWOF__ligand18703-0
475,LIWWOF__ligand28924-0
476,LIWWOF__ligand1604-0
477,LIWWOF__ligand15438-0
478,LIWWOF__ligand1228-0
479,LIWWOF__ligand9943-0
480,LIWWOF__ligand6391-0
481,LIWWOF__ligand3126-0
482,LIWWOF__ligand24750-0
483,LIWWOF__ligand9284-0
484,LIWWOF__ligand1114-0
485,LIWWOF__ligand633-0
486,LIWWOF__ligand34-0
487,LIWWOF__ligand497-0
488,LIWWOF__ligand17945-0
489,LIWWOF__ligand25224-0
490,LIWWOF__ligand2417-0
491,LIWWOF__ligand18013-0
492,LIWWOF__ligand31578-0
493,LIWWOF__ligand17207-0
494,LIWWOF__ligand1289-0
495,LIWWOF__ligand2203-0
496,LIWWOF__ligand5387-0
497,LIWWOF__ligand29898-0
498,LIWWOF__ligand26277-0
499,LIWWOF__ligand326-0
500,LIWWOF__ligand22755-0
501,LIWWOF__ligand11432-0
502,LIWWOF__ligand31618-0
503,LIWWOF__ligand10432-0
504,LIWWOF__ligand55-0
505,LIWWOF__ligand9450-0
506,LIWWOF__ligand68-0
507,LIWWOF__ligand436-0
508,LIWWOF__ligand15168-0
509,LIWWOF__ligand24064-0
510,LIWWOF__ligand2612-0
511,LIWWOF__ligand692-0
512,LIWWOF__ligand23589-0
513,LIWWOF__ligand1599-0
514,LIWWOF__ligand9344-0
515,LIWWOF__ligand51-0
516,LIWWOF__ligand3736-0
517,LIWWOF__ligand8000-0
518,LIWWOF__ligand25735-0
519,LIWWOF__ligand12519-0
520,LIWWOF__ligand3945-0
521,LIWWOF__ligand11206-0
522,LIWWOF__ligand656-0
523,LIWWOF__ligand5383-0
524,LIWWOF__ligand2693-0
525,LIWWOF__ligand23124-0
526,LIWWOF__ligand4007-0
527,LIWWOF__ligand2985-0
528,LIWWOF__ligand12660-0
529,LIWWOF__ligand9299-0
530,LIWWOF__ligand13209-0
531,LIWWOF__ligand19257-0
532,LIWWOF__ligand696-0
533,LIWWOF__ligand91-0
534,LIWWOF__ligand31248-0
535,LIWWOF__ligand25650-0
536,LIWWOF__ligand7291-0
537,LIWWOF__ligand3677-1
538,LIWWOF__ligand9883-0
539,LIWWOF__ligand226-0
540,LIWWOF__ligand3632-0
541,LIWWOF__ligand3677-0
542,LIWWOF__ligand12295-0
543,LIWWOF__ligand162-0
544,LIWWOF__ligand1168-0
545,LIWWOF__ligand1294-0
546,LIWWOF__ligand27835-0
547,LIWWOF__ligand21787-0
548,LIWWOF__ligand25575-0
549,LIWWOF__ligand48-0
550,LIWWOF__ligand383-0
551,LIWWOF__ligand25689-0
552,LIWWOF__ligand6699-0
553,LIWWOF__ligand416-0
554,LIWWOF__ligand30539-0
555,LIWWOF__ligand1464-0
556,LIWWOF__ligand3712-0
557,LIWWOF__ligand1499-0
558,LIWWOF__ligand2881-0
559,LIWWOF__ligand6892-0
560,LIWWOF__ligand23906-0
561,LIWWOF__ligand21132-0
562,LIWWOF__ligand1211-0
563,LIWWOF__ligand11166-0
564,LIWWOF__ligand5595-0
565,LIWWOF__ligand25267-0
566,LIWWOF__ligand4101-0
567,LIWWOF__ligand32-0
568,LIWWOF__ligand10084-0
569,LIWWOF__ligand12467-0
570,LIWWOF__ligand4358-0
571,LIWWOF__ligand13257-0
572,LIWWOF__ligand534-0
573,LIWWOF__ligand571-0
574,LIWWOF__ligand21936-0
575,LIWWOF__ligand3120-0
576,LIWWOF__ligand3926-0
577,LIWWOF__ligand670-0
578,LIWWOF__ligand2221-0
579,LIWWOF__ligand23904-0
580,LIWWOF__ligand1296-0
581,LIWWOF__ligand27074-0
582,LIWWOF__ligand2259-0
583,LIWWOF__ligand1197-0
584,LIWWOF__ligand22981-0
585,LIWWOF__ligand25805-0
586,LIWWOF__ligand5099-0
587,LIWWOF__ligand20599-0
588,LIWWOF__ligand8592-0
589,LIWWOF__ligand9773-0
590,LIWWOF__ligand1376-0
591,LIWWOF__ligand5510-0
592,LIWWOF__ligand27169-0
593,LIWWOF__ligand14523-0
594,LIWWOF__ligand18391-0
595,LIWWOF__ligand694-0
596,LIWWOF__ligand16791-0
597,LIWWOF__ligand9167-0
598,LIWWOF__ligand5304-0
599,LIWWOF__ligand2238-0
600,LIWWOF__ligand28668-0
601,LIWWOF__ligand488-0
602,LIWWOF__ligand1317-0
603,LIWWOF__ligand3867-0
604,LIWWOF__ligand18465-0
605,LIWWOF__ligand2822-0
606,LIWWOF__ligand358-0
607,LIWWOF__ligand7293-0
608,LIWWOF__ligand430-0
609,LIWWOF__ligand18799-0
610,LIWWOF__ligand5509-0
611,LIWWOF__ligand8002-0
612,LIWWOF__ligand1407-0
613,LIWWOF__ligand6117-0
614,LIWWOF__ligand29863-0
615,LIWWOF__ligand16-0
616,LIWWOF__ligand18074-0
617,LIWWOF__ligand13869-0
618,LIWWOF__ligand29610-0
619,LIWWOF__ligand7762-0
620,LIWWOF__ligand5080-0
621,LIWWOF__ligand11140-0
622,LIWWOF__ligand18814-0
623,LIWWOF__ligand3416-0
624,LIWWOF__ligand19057-0
625,LIWWOF__ligand3453-0
626,LIWWOF__ligand29302-0
627,LIWWOF__ligand13425-0
628,LIWWOF__ligand4207-0
629,LIWWOF__ligand1539-0
630,LIWWOF__ligand27763-0
631,LIWWOF__ligand1150-0
632,LIWWOF__ligand28676-0
633,LIWWOF__ligand10262-0
634,LIWWOF__ligand12641-0
635,LIWWOF__ligand7438-0
636,LIWWOF__ligand122-0
637,LIWWOF__ligand8200-0
638,LIWWOF__ligand4063-0
639,LIWWOF__ligand10958-0
640,LIWWOF__ligand14108-0
641,LIWWOF__ligand3042-0
642,LIWWOF__ligand757-0
643,LIWWOF__ligand7075-0
644,LIWWOF__ligand17302-0
645,LIWWOF__ligand693-0
646,LIWWOF__ligand3557-0
647,LIWWOF__ligand3980-0
648,LIWWOF__ligand17805-0
649,LIWWOF__ligand1149-0
650,LIWWOF__ligand23769-0
651,LIWWOF__ligand1779-0
652,LIWWOF__ligand1817-0
653,LIWWOF__ligand24185-0
654,LIWWOF__ligand6993-0
655,LIWWOF__ligand69-0
656,LIWWOF__ligand25178-0
657,LIWWOF__ligand9750-0
658,LIWWOF__ligand24145-0
659,LIWWOF__ligand1400-0
660,LIWWOF__ligand4266-0
661,LIWWOF__ligand9491-0
662,LIWWOF__ligand12401-0
663,LIWWOF__ligand15585-0
664,LIWWOF__ligand13068-0
665,LIWWOF__ligand4167-0
666,LIWWOF__ligand19830-0
667,LIWWOF__ligand10476-0
668,LIWWOF__ligand11-0
669,LIWWOF__ligand1288-0
670,LIWWOF__ligand17387-0
671,LIWWOF__ligand12130-0
672,LIWWOF__ligand18292-0
673,LIWWOF__ligand12289-0
674,LIWWOF__ligand26702-0
675,LIWWOF__ligand13658-0
676,LIWWOF__ligand12231-0
677,LIWWOF__ligand1828-0
678,LIWWOF__ligand27175-0
679,LIWWOF__ligand18832-0
680,LIWWOF__ligand7213-0
681,LIWWOF__ligand1397-0
682,LIWWOF__ligand23713-0
683,LIWWOF__ligand30988-0
684,LIWWOF__ligand8042-0
685,LIWWOF__ligand6112-0
686,LIWWOF__ligand27893-0
687,LIWWOF__ligand5085-0
688,LIWWOF__ligand3144-0
689,LIWWOF__ligand14723-0
690,LIWWOF__ligand5755-0
691,LIWWOF__ligand19641-0
692,LIWWOF__ligand4710-0
693,LIWWOF__ligand20578-0
694,LIWWOF__ligand12934-0
695,LIWWOF__ligand15422-0
696,LIWWOF__ligand141-0
697,LIWWOF__ligand1908-0
698,LIWWOF__ligand240-0
699,LIWWOF__ligand3285-0
700,LIWWOF__ligand4795-0
701,LIWWOF__ligand31783-0
702,LIWWOF__ligand1786-0
703,LIWWOF__ligand17258-0
704,LIWWOF__ligand14603-0
705,LIWWOF__ligand14297-0
706,LIWWOF__ligand26665-0
707,LIWWOF__ligand5630-0
708,LIWWOF__ligand17631-0
709,LIWWOF__ligand13012-0
710,LIWWOF__ligand30333-0
711,LIWWOF__ligand12606-0
712,LIWWOF__ligand17281-0
713,LIWWOF__ligand384-0
714,LIWWOF__ligand1831-0
715,LIWWOF__ligand30296-0
716,LIWWOF__ligand5614-0
717,LIWWOF__ligand5280-0
718,LIWWOF__ligand12337-0
719,LIWWOF__ligand29410-0
720,LIWWOF__ligand26540-0
721,LIWWOF__ligand6663-0
722,LIWWOF__ligand5515-0
723,LIWWOF__ligand28468-0
724,LIWWOF__ligand20740-0
725,LIWWOF__ligand12427-0
726,LIWWOF__ligand768-0
727,LIWWOF__ligand16628-0
728,LIWWOF__ligand1849-0
729,LIWWOF__ligand5019-0
730,LIWWOF__ligand3261-0
731,LIWWOF__ligand1152-0
732,LIWWOF__ligand27460-0
733,LIWWOF__ligand1216-0
734,LIWWOF__ligand17982-0
735,LIWWOF__ligand29414-0
736,LIWWOF__ligand2001-0
737,LIWWOF__ligand17278-0
738,LIWWOF__ligand20011-0
739,LIWWOF__ligand338-0
740,LIWWOF__ligand7566-0
741,LIWWOF__ligand17398-0
742,LIWWOF__ligand24047-0
743,LIWWOF__ligand10589-0
744,LIWWOF__ligand22557-0
745,LIWWOF__ligand8593-0
746,LIWWOF__ligand20598-0
747,LIWWOF__ligand9944-0
748,LIWWOF__ligand11675-0
749,LIWWOF__ligand14703-0
750,LIWWOF__ligand16475-0
751,LIWWOF__ligand8553-0
752,LIWWOF__ligand1113-0
753,LIWWOF__ligand5201-0
754,LIWWOF__ligand20251-1
755,LIWWOF__ligand20214-0
756,LIWWOF__ligand30702-0
757,LIWWOF__ligand20251-0
758,LIWWOF__ligand178-0
759,LIWWOF__ligand20539-0
760,LIWWOF__ligand5415-0
761,LIWWOF__ligand279-0
762,LIWWOF__ligand31097-0
763,LIWWOF__ligand21581-0
764,LIWWOF__ligand185-0
765,LIWWOF__ligand14117-0
766,LIWWOF__ligand321-0
767,LIWWOF__ligand17261-0
768,LIWWOF__ligand17-0
769,LIWWOF__ligand4124-0
770,LIWWOF__ligand4161-0
771,LIWWOF__ligand3471-0
772,LIWWOF__ligand21371-0
773,LIWWOF__ligand6995-0
774,LIWWOF__ligand17118-0
775,LIWWOF__ligand20419-0
776,LIWWOF__ligand28789-0
777,LIWWOF__ligand2823-0
778,LIWWOF__ligand201-0
779,LIWWOF__ligand4340-0
780,LIWWOF__ligand29568-0
781,LIWWOF__ligand2650-0
782,LIWWOF__ligand2281-0
783,LIWWOF__ligand14889-0
784,LIWWOF__ligand3180-0
785,LIWWOF__ligand1-0
786,LIWWOF__ligand30851-0
787,LIWWOF__ligand2027-0
788,LIWWOF__ligand777-0
789,LIWWOF__ligand1050-0
790,LIWWOF__ligand1015-0
791,LIWWOF__ligand3-0
792,LIWWOF__ligand26810-0
793,LIWWOF__ligand27482-0
794,LIWWOF__ligand596-0
795,LIWWOF__ligand941-0
796,LIWWOF__ligand13208-0
797,LIWWOF__ligand187-0
798,LIWWOF__ligand1618-0
799,LIWWOF__ligand657-0
800,LIWWOF__ligand2692-0
801,LIWWOF__ligand20682-0
802,LIWWOF__ligand1028-0
803,LIWWOF__ligand13390-0
804,LIWWOF__ligand4262-0
805,LIWWOF__ligand366-0
806,LIWWOF__ligand25411-0
807,LIWWOF__ligand1154-0
808,LIWWOF__ligand9615-0
809,LIWWOF__ligand14174-0
810,LIWWOF__ligand10712-0
811,LIWWOF__ligand89-0
812,LIWWOF__ligand11456-0
813,LIWWOF__ligand1498-0
814,LIWWOF__ligand845-0
815,LIWWOF__ligand4596-0
816,LIWWOF__ligand14248-0
817,LIWWOF__ligand29879-0
818,LIWWOF__ligand49-0
819,LIWWOF__ligand12030-0
820,LIWWOF__ligand28884-0
821,LIWWOF__ligand13331-0
822,LIWWOF__ligand163-0
823,LIWWOF__ligand126-0
824,LIWWOF__ligand13294-0
825,LIWWOF__ligand1169-0
826,LIWWOF__ligand31832-0
827,LIWWOF__ligand8529-0
