,TMC
0,YAMDEV__ligand17240-0
1,YAMDEV__ligand17590-0
2,YAMDEV__ligand9450-0
3,YAMDEV__ligand1599-0
4,YAMDEV__ligand18699-0
5,YAMDEV__ligand656-0
6,YAMDEV__ligand12682-0
7,YAMDEV__ligand2612-0
8,YAMDEV__ligand5387-0
9,YAMDEV__ligand2203-0
10,YAMDEV__ligand1289-0
11,YAMDEV__ligand696-0
12,YAMDEV__ligand13072-0
13,YAMDEV__ligand12336-0
14,YAMDEV__ligand10555-0
15,YAMDEV__ligand226-0
16,YAMDEV__ligand31483-0
17,YAMDEV__ligand1114-0
18,YAMDEV__ligand9284-0
19,YAMDEV__ligand162-0
20,YAMDEV__ligand3126-0
21,YAMDEV__ligand6391-0
22,YAMDEV__ligand24613-0
23,YAMDEV__ligand383-0
24,YAMDEV__ligand2417-0
25,YAMDEV__ligand19725-0
26,YAMDEV__ligand416-0
27,YAMDEV__ligand1832-0
28,YAMDEV__ligand8788-0
29,YAMDEV__ligand21421-0
30,YAMDEV__ligand14586-0
31,YAMDEV__ligand11774-0
32,YAMDEV__ligand2043-0
33,YAMDEV__ligand9943-0
34,YAMDEV__ligand1228-0
35,YAMDEV__ligand1604-0
36,YAMDEV__ligand11568-0
37,YAMDEV__ligand3-0
38,YAMDEV__ligand20579-0
39,YAMDEV__ligand17710-0
40,YAMDEV__ligand29898-0
41,YAMDEV__ligand26277-0
42,YAMDEV__ligand5180-0
43,YAMDEV__ligand22755-0
44,YAMDEV__ligand11432-0
45,YAMDEV__ligand31618-0
46,YAMDEV__ligand10432-0
47,YAMDEV__ligand5708-0
48,YAMDEV__ligand1-0
49,YAMDEV__ligand534-0
50,YAMDEV__ligand571-0
51,YAMDEV__ligand18-0
52,YAMDEV__ligand7316-0
53,YAMDEV__ligand670-0
54,YAMDEV__ligand6017-0
55,YAMDEV__ligand24064-0
56,YAMDEV__ligand2124-0
57,YAMDEV__ligand8612-0
58,YAMDEV__ligand2260-0
59,YAMDEV__ligand7092-0
60,YAMDEV__ligand1116-0
61,YAMDEV__ligand1153-0
62,YAMDEV__ligand3225-0
63,YAMDEV__ligand23589-0
64,YAMDEV__ligand9323-0
65,YAMDEV__ligand7273-0
66,YAMDEV__ligand7172-0
67,YAMDEV__ligand15168-0
68,YAMDEV__ligand694-0
69,YAMDEV__ligand28924-0
70,YAMDEV__ligand3244-0
71,YAMDEV__ligand15438-0
72,YAMDEV__ligand4711-0
73,YAMDEV__ligand2906-0
74,YAMDEV__ligand488-0
75,YAMDEV__ligand29087-0
76,YAMDEV__ligand358-0
77,YAMDEV__ligand18703-0
78,YAMDEV__ligand4649-0
79,YAMDEV__ligand430-0
80,YAMDEV__ligand2788-0
81,YAMDEV__ligand5649-0
82,YAMDEV__ligand8793-0
83,YAMDEV__ligand5159-0
84,YAMDEV__ligand17945-0
85,YAMDEV__ligand25224-0
86,YAMDEV__ligand18013-0
87,YAMDEV__ligand7196-0
88,YAMDEV__ligand31578-0
89,YAMDEV__ligand17207-0
90,YAMDEV__ligand9753-0
91,YAMDEV__ligand1356-0
92,YAMDEV__ligand1787-0
93,YAMDEV__ligand5530-0
94,YAMDEV__ligand24750-0
95,YAMDEV__ligand3178-0
96,YAMDEV__ligand4807-0
97,YAMDEV__ligand21787-0
98,YAMDEV__ligand25575-0
99,YAMDEV__ligand25689-0
100,YAMDEV__ligand6117-0
101,YAMDEV__ligand1407-0
102,YAMDEV__ligand8002-0
103,YAMDEV__ligand5509-0
104,YAMDEV__ligand5080-0
105,YAMDEV__ligand7762-0
106,YAMDEV__ligand12295-0
107,YAMDEV__ligand27835-0
108,YAMDEV__ligand38-0
109,YAMDEV__ligand23906-0
110,YAMDEV__ligand2238-0
111,YAMDEV__ligand21132-0
112,YAMDEV__ligand5304-0
113,YAMDEV__ligand11166-0
114,YAMDEV__ligand9167-0
115,YAMDEV__ligand30539-0
116,YAMDEV__ligand3867-0
117,YAMDEV__ligand1317-0
118,YAMDEV__ligand7293-0
119,YAMDEV__ligand2822-0
120,YAMDEV__ligand361-0
121,YAMDEV__ligand324-0
122,YAMDEV__ligand409-0
123,YAMDEV__ligand8592-0
124,YAMDEV__ligand5099-0
125,YAMDEV__ligand588-0
126,YAMDEV__ligand25735-0
127,YAMDEV__ligand12519-0
128,YAMDEV__ligand1197-0
129,YAMDEV__ligand11206-0
130,YAMDEV__ligand2259-0
131,YAMDEV__ligand1296-0
132,YAMDEV__ligand23124-0
133,YAMDEV__ligand300-0
134,YAMDEV__ligand1376-0
135,YAMDEV__ligand5510-0
136,YAMDEV__ligand9773-0
137,YAMDEV__ligand31248-0
138,YAMDEV__ligand25650-0
139,YAMDEV__ligand5595-0
140,YAMDEV__ligand4101-0
141,YAMDEV__ligand2221-0
142,YAMDEV__ligand199-0
143,YAMDEV__ligand12660-0
144,YAMDEV__ligand13209-0
145,YAMDEV__ligand19257-0
146,YAMDEV__ligand3926-0
147,YAMDEV__ligand3120-0
148,YAMDEV__ligand4358-0
149,YAMDEV__ligand2881-0
150,YAMDEV__ligand1499-0
151,YAMDEV__ligand18465-0
152,YAMDEV__ligand3712-0
153,YAMDEV__ligand1464-0
154,YAMDEV__ligand18799-0
155,YAMDEV__ligand16791-0
156,YAMDEV__ligand1211-0
157,YAMDEV__ligand66-0
158,YAMDEV__ligand6892-0
159,YAMDEV__ligand28668-0
160,YAMDEV__ligand1294-0
161,YAMDEV__ligand29610-0
162,YAMDEV__ligand1168-0
163,YAMDEV__ligand3677-0
164,YAMDEV__ligand3632-0
165,YAMDEV__ligand11140-0
166,YAMDEV__ligand633-0
167,YAMDEV__ligand497-0
168,YAMDEV__ligand29863-0
169,YAMDEV__ligand6699-0
170,YAMDEV__ligand18074-0
171,YAMDEV__ligand13869-0
172,YAMDEV__ligand13257-0
173,YAMDEV__ligand9299-0
174,YAMDEV__ligand21936-0
175,YAMDEV__ligand4007-0
176,YAMDEV__ligand2985-0
177,YAMDEV__ligand23904-0
178,YAMDEV__ligand25267-0
179,YAMDEV__ligand9883-0
180,YAMDEV__ligand3677-1
181,YAMDEV__ligand10084-0
182,YAMDEV__ligand326-0
183,YAMDEV__ligand7291-0
184,YAMDEV__ligand12467-0
185,YAMDEV__ligand8000-0
186,YAMDEV__ligand3736-0
187,YAMDEV__ligand27169-0
188,YAMDEV__ligand436-0
189,YAMDEV__ligand9344-0
190,YAMDEV__ligand14523-0
191,YAMDEV__ligand18391-0
192,YAMDEV__ligand2693-0
193,YAMDEV__ligand5383-0
194,YAMDEV__ligand27074-0
195,YAMDEV__ligand42-0
196,YAMDEV__ligand692-0
197,YAMDEV__ligand22981-0
198,YAMDEV__ligand3945-0
199,YAMDEV__ligand25805-0
200,YAMDEV__ligand20599-0
201,YAMDEV__ligand1849-0
202,YAMDEV__ligand23769-0
203,YAMDEV__ligand24185-0
204,YAMDEV__ligand338-0
205,YAMDEV__ligand25178-0
206,YAMDEV__ligand1216-0
207,YAMDEV__ligand17302-0
208,YAMDEV__ligand1152-0
209,YAMDEV__ligand3261-0
210,YAMDEV__ligand24-0
211,YAMDEV__ligand17805-0
212,YAMDEV__ligand5019-0
213,YAMDEV__ligand17387-0
214,YAMDEV__ligand12130-0
215,YAMDEV__ligand18292-0
216,YAMDEV__ligand19-0
217,YAMDEV__ligand12289-0
218,YAMDEV__ligand26702-0
219,YAMDEV__ligand13658-0
220,YAMDEV__ligand12231-0
221,YAMDEV__ligand6663-0
222,YAMDEV__ligand24145-0
223,YAMDEV__ligand5515-0
224,YAMDEV__ligand12401-0
225,YAMDEV__ligand15585-0
226,YAMDEV__ligand1831-0
227,YAMDEV__ligand13068-0
228,YAMDEV__ligand5280-0
229,YAMDEV__ligand19830-0
230,YAMDEV__ligand5614-0
231,YAMDEV__ligand10476-0
232,YAMDEV__ligand178-0
233,YAMDEV__ligand4795-0
234,YAMDEV__ligand3285-0
235,YAMDEV__ligand78-0
236,YAMDEV__ligand27763-0
237,YAMDEV__ligand279-0
238,YAMDEV__ligand185-0
239,YAMDEV__ligand28676-0
240,YAMDEV__ligand1908-0
241,YAMDEV__ligand10262-0
242,YAMDEV__ligand321-0
243,YAMDEV__ligand18814-0
244,YAMDEV__ligand5630-0
245,YAMDEV__ligand19057-0
246,YAMDEV__ligand29302-0
247,YAMDEV__ligand13425-0
248,YAMDEV__ligand1786-0
249,YAMDEV__ligand14108-0
250,YAMDEV__ligand6112-0
251,YAMDEV__ligand8042-0
252,YAMDEV__ligand7213-0
253,YAMDEV__ligand1397-0
254,YAMDEV__ligand1828-0
255,YAMDEV__ligand12641-0
256,YAMDEV__ligand45-0
257,YAMDEV__ligand201-0
258,YAMDEV__ligand5755-0
259,YAMDEV__ligand4710-0
260,YAMDEV__ligand5085-0
261,YAMDEV__ligand3144-0
262,YAMDEV__ligand10958-0
263,YAMDEV__ligand17281-0
264,YAMDEV__ligand4167-0
265,YAMDEV__ligand30296-0
266,YAMDEV__ligand12337-0
267,YAMDEV__ligand9491-0
268,YAMDEV__ligand777-0
269,YAMDEV__ligand29410-0
270,YAMDEV__ligand26540-0
271,YAMDEV__ligand1400-0
272,YAMDEV__ligand4266-0
273,YAMDEV__ligand30333-0
274,YAMDEV__ligand596-0
275,YAMDEV__ligand941-0
276,YAMDEV__ligand12606-0
277,YAMDEV__ligand1288-0
278,YAMDEV__ligand187-0
279,YAMDEV__ligand1149-0
280,YAMDEV__ligand3980-0
281,YAMDEV__ligand3557-0
282,YAMDEV__ligand657-0
283,YAMDEV__ligand27460-0
284,YAMDEV__ligand7075-0
285,YAMDEV__ligand28468-0
286,YAMDEV__ligand20740-0
287,YAMDEV__ligand9750-0
288,YAMDEV__ligand12427-0
289,YAMDEV__ligand6993-0
290,YAMDEV__ligand1817-0
291,YAMDEV__ligand16628-0
292,YAMDEV__ligand1779-0
293,YAMDEV__ligand366-0
294,YAMDEV__ligand27893-0
295,YAMDEV__ligand14723-0
296,YAMDEV__ligand4063-0
297,YAMDEV__ligand19641-0
298,YAMDEV__ligand8200-0
299,YAMDEV__ligand7438-0
300,YAMDEV__ligand12934-0
301,YAMDEV__ligand20578-0
302,YAMDEV__ligand15422-0
303,YAMDEV__ligand27175-0
304,YAMDEV__ligand18832-0
305,YAMDEV__ligand23713-0
306,YAMDEV__ligand845-0
307,YAMDEV__ligand30988-0
308,YAMDEV__ligand3042-0
309,YAMDEV__ligand4207-0
310,YAMDEV__ligand17258-0
311,YAMDEV__ligand14603-0
312,YAMDEV__ligand14297-0
313,YAMDEV__ligand26665-0
314,YAMDEV__ligand3453-0
315,YAMDEV__ligand3416-0
316,YAMDEV__ligand17631-0
317,YAMDEV__ligand13012-0
318,YAMDEV__ligand1150-0
319,YAMDEV__ligand163-0
320,YAMDEV__ligand1539-0
321,YAMDEV__ligand126-0
322,YAMDEV__ligand31783-0
323,YAMDEV__ligand14117-0
324,YAMDEV__ligand17261-0
325,YAMDEV__ligand30702-0
326,YAMDEV__ligand20214-0
327,YAMDEV__ligand20251-0
328,YAMDEV__ligand8529-0
329,YAMDEV__ligand1169-0
330,YAMDEV__ligand20539-0
331,YAMDEV__ligand21581-0
332,YAMDEV__ligand31097-0
333,YAMDEV__ligand9615-0
334,YAMDEV__ligand122-0
335,YAMDEV__ligand29568-0
336,YAMDEV__ligand67-0
337,YAMDEV__ligand14889-0
338,YAMDEV__ligand30851-0
339,YAMDEV__ligand1154-0
340,YAMDEV__ligand21371-0
341,YAMDEV__ligand4596-0
342,YAMDEV__ligand17118-0
343,YAMDEV__ligand1498-0
344,YAMDEV__ligand20419-0
345,YAMDEV__ligand28789-0
346,YAMDEV__ligand757-0
347,YAMDEV__ligand2692-0
348,YAMDEV__ligand17398-0
349,YAMDEV__ligand693-0
350,YAMDEV__ligand1618-0
351,YAMDEV__ligand43-0
352,YAMDEV__ligand24047-0
353,YAMDEV__ligand10589-0
354,YAMDEV__ligand22557-0
355,YAMDEV__ligand20598-0
356,YAMDEV__ligand11675-0
357,YAMDEV__ligand17982-0
358,YAMDEV__ligand29414-0
359,YAMDEV__ligand4262-0
360,YAMDEV__ligand20011-0
361,YAMDEV__ligand17278-0
362,YAMDEV__ligand1028-0
363,YAMDEV__ligand1015-0
364,YAMDEV__ligand1050-0
365,YAMDEV__ligand2027-0
366,YAMDEV__ligand20251-1
367,YAMDEV__ligand16475-0
368,YAMDEV__ligand14703-0
369,YAMDEV__ligand14174-0
370,YAMDEV__ligand10712-0
371,YAMDEV__ligand2823-0
372,YAMDEV__ligand11456-0
373,YAMDEV__ligand6995-0
374,YAMDEV__ligand3180-0
375,YAMDEV__ligand25411-0
376,YAMDEV__ligand4340-0
377,YAMDEV__ligand2281-0
378,YAMDEV__ligand2650-0
379,YAMDEV__ligand141-0
380,YAMDEV__ligand5415-0
381,YAMDEV__ligand240-0
382,YAMDEV__ligand13294-0
383,YAMDEV__ligand31832-0
384,YAMDEV__ligand14248-0
385,YAMDEV__ligand29879-0
386,YAMDEV__ligand3471-0
387,YAMDEV__ligand4161-0
388,YAMDEV__ligand4124-0
389,YAMDEV__ligand12030-0
390,YAMDEV__ligand28884-0
391,YAMDEV__ligand13331-0
392,YAMDEV__ligand26810-0
393,YAMDEV__ligand27482-0
394,YAMDEV__ligand1113-0
395,YAMDEV__ligand8553-0
396,YAMDEV__ligand13208-0
397,YAMDEV__ligand384-0
398,YAMDEV__ligand5201-0
399,YAMDEV__ligand7566-0
400,YAMDEV__ligand13390-0
401,YAMDEV__ligand768-0
402,YAMDEV__ligand2001-0
403,YAMDEV__ligand8593-0
404,YAMDEV__ligand9944-0
405,YAMDEV__ligand4-0
406,YAMDEV__ligand20682-0
407,YAMDEV__ligand25561-0
408,YAMDEV__ligand4131-0
409,YAMDEV__ligand1712-0
410,YAMDEV__ligand465-0
411,YAMDEV__ligand11949-0
412,YAMDEV__ligand5094-0
413,YAMDEV__ligand5892-0
414,YAMDEV__ligand11-0
415,YAMDEV__ligand22129-0
416,YAMDEV__ligand12138-0
417,YAMDEV__ligand24780-0
418,YAMDEV__ligand8-0
419,YAMDEV__ligand69-0
420,YAMDEV__ligand1533-0
421,YAMDEV__ligand314-1
422,YAMDEV__ligand17427-0
423,YAMDEV__ligand31694-0
424,YAMDEV__ligand29486-0
425,YAMDEV__ligand7557-0
426,YAMDEV__ligand1496-0
427,YAMDEV__ligand11587-0
428,YAMDEV__ligand13220-0
429,YAMDEV__ligand3208-0
430,YAMDEV__ligand17396-0
431,YAMDEV__ligand2208-0
432,YAMDEV__ligand23175-0
433,YAMDEV__ligand15788-0
434,YAMDEV__ligand7573-0
435,YAMDEV__ligand2781-0
436,YAMDEV__ligand14569-0
437,YAMDEV__ligand3350-0
438,YAMDEV__ligand780-0
439,YAMDEV__ligand314-0
440,YAMDEV__ligand13385-0
441,YAMDEV__ligand24111-0
442,YAMDEV__ligand6672-0
443,YAMDEV__ligand22444-0
444,YAMDEV__ligand9809-0
445,YAMDEV__ligand1327-0
446,YAMDEV__ligand813-0
447,YAMDEV__ligand8722-0
448,YAMDEV__ligand10033-0
449,YAMDEV__ligand391-0
450,YAMDEV__ligand3029-0
451,YAMDEV__ligand24644-0
452,YAMDEV__ligand7162-0
453,YAMDEV__ligand2328-0
454,YAMDEV__ligand12001-0
455,YAMDEV__ligand1773-0
456,YAMDEV__ligand4581-0
457,YAMDEV__ligand27840-0
458,YAMDEV__ligand1900-0
459,YAMDEV__ligand9197-0
460,YAMDEV__ligand30728-0
461,YAMDEV__ligand618-0
462,YAMDEV__ligand24872-0
463,YAMDEV__ligand1771-0
464,YAMDEV__ligand4911-0
465,YAMDEV__ligand26631-0
466,YAMDEV__ligand16148-0
467,YAMDEV__ligand12003-0
468,YAMDEV__ligand3392-0
469,YAMDEV__ligand21399-0
470,YAMDEV__ligand10872-0
471,YAMDEV__ligand393-0
472,YAMDEV__ligand29215-0
473,YAMDEV__ligand5849-0
474,YAMDEV__ligand2527-0
475,YAMDEV__ligand27754-0
476,YAMDEV__ligand20695-0
477,YAMDEV__ligand16369-0
478,YAMDEV__ligand28540-0
479,YAMDEV__ligand11111-0
480,YAMDEV__ligand22403-0
481,YAMDEV__ligand1709-0
482,YAMDEV__ligand353-0
483,YAMDEV__ligand8464-0
484,YAMDEV__ligand8349-0
485,YAMDEV__ligand1688-0
486,YAMDEV__ligand11618-0
487,YAMDEV__ligand5357-0
488,YAMDEV__ligand3647-0
489,YAMDEV__ligand196-0
490,YAMDEV__ligand5056-0
491,YAMDEV__ligand4850-0
492,YAMDEV__ligand1768-0
493,YAMDEV__ligand3871-0
494,YAMDEV__ligand1469-0
495,YAMDEV__ligand26529-0
496,YAMDEV__ligand21729-0
497,YAMDEV__ligand27239-0
498,YAMDEV__ligand1379-0
499,YAMDEV__ligand2722-0
500,YAMDEV__ligand422-0
501,YAMDEV__ligand5935-0
502,YAMDEV__ligand1165-0
503,YAMDEV__ligand19927-0
504,YAMDEV__ligand686-0
505,YAMDEV__ligand9525-0
506,YAMDEV__ligand3157-0
507,YAMDEV__ligand28559-0
508,YAMDEV__ligand26324-0
509,YAMDEV__ligand14043-0
510,YAMDEV__ligand2830-0
511,YAMDEV__ligand14167-0
512,YAMDEV__ligand13477-0
513,YAMDEV__ligand5627-0
514,YAMDEV__ligand30142-0
515,YAMDEV__ligand1729-0
516,YAMDEV__ligand27669-0
517,YAMDEV__ligand506-0
518,YAMDEV__ligand5483-0
519,YAMDEV__ligand5316-0
520,YAMDEV__ligand9148-0
521,YAMDEV__ligand23197-0
522,YAMDEV__ligand152-0
523,YAMDEV__ligand17-0
524,YAMDEV__ligand7529-0
525,YAMDEV__ligand27285-0
526,YAMDEV__ligand29029-0
527,YAMDEV__ligand6946-0
528,YAMDEV__ligand1415-0
529,YAMDEV__ligand13672-0
530,YAMDEV__ligand6882-0
531,YAMDEV__ligand6455-0
532,YAMDEV__ligand18568-0
533,YAMDEV__ligand176-0
534,YAMDEV__ligand28685-0
535,YAMDEV__ligand3934-0
536,YAMDEV__ligand746-0
537,YAMDEV__ligand2403-0
538,YAMDEV__ligand447-0
539,YAMDEV__ligand10371-0
540,YAMDEV__ligand7530-0
541,YAMDEV__ligand1065-0
542,YAMDEV__ligand12453-0
543,YAMDEV__ligand487-0
544,YAMDEV__ligand1449-0
545,YAMDEV__ligand18448-0
546,YAMDEV__ligand3012-0
547,YAMDEV__ligand28459-0
548,YAMDEV__ligand19184-0
549,YAMDEV__ligand4332-0
550,YAMDEV__ligand9681-0
551,YAMDEV__ligand16988-0
552,YAMDEV__ligand25913-0
553,YAMDEV__ligand4194-0
554,YAMDEV__ligand7532-0
555,YAMDEV__ligand784-0
556,YAMDEV__ligand11682-0
557,YAMDEV__ligand30711-0
558,YAMDEV__ligand20207-0
559,YAMDEV__ligand49-0
560,YAMDEV__ligand2599-0
561,YAMDEV__ligand4330-0
562,YAMDEV__ligand3973-0
563,YAMDEV__ligand89-0
564,YAMDEV__ligand24035-0
565,YAMDEV__ligand1147-0
566,YAMDEV__ligand31044-0
567,YAMDEV__ligand31842-0
568,YAMDEV__ligand11994-0
569,YAMDEV__ligand16663-0
570,YAMDEV__ligand368-0
571,YAMDEV__ligand2068-0
572,YAMDEV__ligand14614-0
573,YAMDEV__ligand395-0
574,YAMDEV__ligand7925-0
575,YAMDEV__ligand22168-0
576,YAMDEV__ligand28930-0
577,YAMDEV__ligand3215-0
578,YAMDEV__ligand22294-0
579,YAMDEV__ligand21919-0
580,YAMDEV__ligand115-0
581,YAMDEV__ligand7107-0
582,YAMDEV__ligand12365-0
583,YAMDEV__ligand10056-0
584,YAMDEV__ligand13862-0
585,YAMDEV__ligand11357-0
586,YAMDEV__ligand28743-0
587,YAMDEV__ligand15531-0
588,YAMDEV__ligand28810-0
589,YAMDEV__ligand11447-0
590,YAMDEV__ligand11096-0
591,YAMDEV__ligand24230-0
592,YAMDEV__ligand833-0
593,YAMDEV__ligand15926-0
594,YAMDEV__ligand19792-0
595,YAMDEV__ligand6283-0
596,YAMDEV__ligand10828-0
597,YAMDEV__ligand6062-0
598,YAMDEV__ligand11970-0
599,YAMDEV__ligand5813-0
600,YAMDEV__ligand4813-0
601,YAMDEV__ligand15883-0
602,YAMDEV__ligand4738-0
603,YAMDEV__ligand12413-0
604,YAMDEV__ligand29334-0
605,YAMDEV__ligand8721-0
606,YAMDEV__ligand1324-0
607,YAMDEV__ligand20731-0
608,YAMDEV__ligand783-0
609,YAMDEV__ligand352-0
610,YAMDEV__ligand5643-0
611,YAMDEV__ligand11798-0
612,YAMDEV__ligand1823-0
613,YAMDEV__ligand5036-0
614,YAMDEV__ligand2526-0
615,YAMDEV__ligand17069-0
616,YAMDEV__ligand1615-0
617,YAMDEV__ligand14477-0
618,YAMDEV__ligand9111-0
619,YAMDEV__ligand9952-0
620,YAMDEV__ligand17445-0
621,YAMDEV__ligand29214-0
622,YAMDEV__ligand9601-0
623,YAMDEV__ligand11501-0
624,YAMDEV__ligand8992-0
625,YAMDEV__ligand11544-0
626,YAMDEV__ligand4116-0
627,YAMDEV__ligand21448-0
628,YAMDEV__ligand1018-0
629,YAMDEV__ligand6124-0
630,YAMDEV__ligand3707-0
631,YAMDEV__ligand868-0
632,YAMDEV__ligand22357-0
633,YAMDEV__ligand7967-0
634,YAMDEV__ligand11758-0
635,YAMDEV__ligand57-0
636,YAMDEV__ligand3156-0
637,YAMDEV__ligand18019-1
638,YAMDEV__ligand2915-0
639,YAMDEV__ligand14007-0
640,YAMDEV__ligand1378-0
641,YAMDEV__ligand27550-0
642,YAMDEV__ligand6244-0
643,YAMDEV__ligand2332-0
644,YAMDEV__ligand20942-1
645,YAMDEV__ligand9441-0
646,YAMDEV__ligand14226-0
647,YAMDEV__ligand21339-0
648,YAMDEV__ligand16956-0
649,YAMDEV__ligand9933-0
650,YAMDEV__ligand29565-0
651,YAMDEV__ligand23682-0
652,YAMDEV__ligand1575-0
653,YAMDEV__ligand1530-0
654,YAMDEV__ligand197-0
655,YAMDEV__ligand18158-0
656,YAMDEV__ligand27771-0
657,YAMDEV__ligand1631-0
658,YAMDEV__ligand21752-0
659,YAMDEV__ligand4620-0
660,YAMDEV__ligand14339-0
661,YAMDEV__ligand68-0
662,YAMDEV__ligand2295-0
663,YAMDEV__ligand6067-0
664,YAMDEV__ligand1577-0
665,YAMDEV__ligand294-0
666,YAMDEV__ligand30788-0
667,YAMDEV__ligand13691-0
668,YAMDEV__ligand7819-0
669,YAMDEV__ligand2917-0
670,YAMDEV__ligand685-0
671,YAMDEV__ligand55-0
672,YAMDEV__ligand3465-0
673,YAMDEV__ligand18757-0
674,YAMDEV__ligand24560-0
675,YAMDEV__ligand421-0
676,YAMDEV__ligand6102-0
677,YAMDEV__ligand18413-0
678,YAMDEV__ligand6904-0
679,YAMDEV__ligand3721-0
680,YAMDEV__ligand6596-0
681,YAMDEV__ligand20844-0
682,YAMDEV__ligand24624-0
683,YAMDEV__ligand30004-0
684,YAMDEV__ligand3234-0
685,YAMDEV__ligand1142-0
686,YAMDEV__ligand20557-0
687,YAMDEV__ligand34-0
688,YAMDEV__ligand235-0
689,YAMDEV__ligand134-0
690,YAMDEV__ligand2028-0
691,YAMDEV__ligand8835-0
692,YAMDEV__ligand7126-0
693,YAMDEV__ligand4641-0
694,YAMDEV__ligand27122-0
695,YAMDEV__ligand20432-0
696,YAMDEV__ligand16133-0
697,YAMDEV__ligand13755-0
698,YAMDEV__ligand24953-0
699,YAMDEV__ligand23445-0
700,YAMDEV__ligand25048-0
701,YAMDEV__ligand21940-0
702,YAMDEV__ligand560-0
703,YAMDEV__ligand3094-0
704,YAMDEV__ligand4155-0
705,YAMDEV__ligand26673-0
706,YAMDEV__ligand20821-0
707,YAMDEV__ligand5211-0
708,YAMDEV__ligand3131-0
709,YAMDEV__ligand3937-0
710,YAMDEV__ligand1202-0
711,YAMDEV__ligand3174-0
712,YAMDEV__ligand8969-0
713,YAMDEV__ligand11606-0
714,YAMDEV__ligand6839-0
715,YAMDEV__ligand4720-0
716,YAMDEV__ligand188-0
717,YAMDEV__ligand31000-0
718,YAMDEV__ligand564-0
719,YAMDEV__ligand11252-0
720,YAMDEV__ligand48-0
721,YAMDEV__ligand3565-0
722,YAMDEV__ligand620-0
723,YAMDEV__ligand10582-0
724,YAMDEV__ligand13260-0
725,YAMDEV__ligand5331-0
726,YAMDEV__ligand370-1
727,YAMDEV__ligand1512-0
728,YAMDEV__ligand2485-0
729,YAMDEV__ligand3852-0
730,YAMDEV__ligand6919-0
731,YAMDEV__ligand19824-0
732,YAMDEV__ligand479-0
733,YAMDEV__ligand18067-0
734,YAMDEV__ligand311-0
735,YAMDEV__ligand785-0
736,YAMDEV__ligand1573-0
737,YAMDEV__ligand1536-0
738,YAMDEV__ligand91-0
739,YAMDEV__ligand9935-0
740,YAMDEV__ligand11177-0
741,YAMDEV__ligand3504-0
742,YAMDEV__ligand1959-0
743,YAMDEV__ligand15455-0
744,YAMDEV__ligand370-0
745,YAMDEV__ligand4661-0
746,YAMDEV__ligand1844-0
747,YAMDEV__ligand25658-0
748,YAMDEV__ligand3718-0
749,YAMDEV__ligand17686-0
750,YAMDEV__ligand31205-0
751,YAMDEV__ligand6616-0
752,YAMDEV__ligand3035-0
753,YAMDEV__ligand1343-0
754,YAMDEV__ligand3876-0
755,YAMDEV__ligand7106-0
756,YAMDEV__ligand11814-0
757,YAMDEV__ligand7242-0
758,YAMDEV__ligand16603-0
759,YAMDEV__ligand16870-0
760,YAMDEV__ligand250-0
761,YAMDEV__ligand51-0
762,YAMDEV__ligand11622-0
763,YAMDEV__ligand1263-0
764,YAMDEV__ligand9908-0
765,YAMDEV__ligand9784-0
766,YAMDEV__ligand27610-0
767,YAMDEV__ligand10479-0
768,YAMDEV__ligand11479-0
769,YAMDEV__ligand29441-0
770,YAMDEV__ligand7629-0
771,YAMDEV__ligand10853-0
772,YAMDEV__ligand4272-0
773,YAMDEV__ligand1451-0
774,YAMDEV__ligand3954-0
775,YAMDEV__ligand4442-0
776,YAMDEV__ligand4093-0
777,YAMDEV__ligand24851-0
778,YAMDEV__ligand116-0
779,YAMDEV__ligand20530-0
780,YAMDEV__ligand1160-0
781,YAMDEV__ligand11698-0
782,YAMDEV__ligand8699-0
783,YAMDEV__ligand13657-0
784,YAMDEV__ligand14347-0
785,YAMDEV__ligand14302-0
786,YAMDEV__ligand16-0
787,YAMDEV__ligand252-0
788,YAMDEV__ligand9520-0
789,YAMDEV__ligand193-0
790,YAMDEV__ligand20220-0
791,YAMDEV__ligand4016-0
792,YAMDEV__ligand6709-0
793,YAMDEV__ligand15387-0
794,YAMDEV__ligand1219-0
795,YAMDEV__ligand7867-0
796,YAMDEV__ligand20121-0
797,YAMDEV__ligand7280-0
798,YAMDEV__ligand1304-0
799,YAMDEV__ligand1790-0
800,YAMDEV__ligand830-0
801,YAMDEV__ligand372-0
802,YAMDEV__ligand16952-0
803,YAMDEV__ligand7238-0
804,YAMDEV__ligand29813-0
805,YAMDEV__ligand7000-0
806,YAMDEV__ligand909-0
807,YAMDEV__ligand1982-0
808,YAMDEV__ligand10151-0
809,YAMDEV__ligand6768-0
810,YAMDEV__ligand8115-0
811,YAMDEV__ligand1285-0
812,YAMDEV__ligand4546-0
813,YAMDEV__ligand4503-0
814,YAMDEV__ligand22353-0
815,YAMDEV__ligand5256-0
816,YAMDEV__ligand7648-0
817,YAMDEV__ligand2828-0
818,YAMDEV__ligand8876-0
819,YAMDEV__ligand9833-0
820,YAMDEV__ligand4157-0
821,YAMDEV__ligand19668-0
822,YAMDEV__ligand32-0
823,YAMDEV__ligand2232-0
824,YAMDEV__ligand19906-0
825,YAMDEV__ligand177-0
826,YAMDEV__ligand9291-0
827,YAMDEV__ligand2176-0
