,TMC
0,HAHSER__ligand9176-0
1,HAHSER__ligand3035-0
2,HAHSER__ligand3070-0
3,HAHSER__ligand118-0
4,HAHSER__ligand86-0
5,HAHSER__ligand2718-0
6,HAHSER__ligand670-0
7,HAHSER__ligand1493-0
8,HAHSER__ligand571-0
9,HAHSER__ligand4619-0
10,HAHSER__ligand509-0
11,HAHSER__ligand5235-0
12,HAHSER__ligand6143-0
13,HAHSER__ligand3251-0
14,HAHSER__ligand669-0
15,HAHSER__ligand1818-0
16,HAHSER__ligand62-0
17,HAHSER__ligand430-0
18,HAHSER__ligand7456-0
19,HAHSER__ligand358-0
20,HAHSER__ligand365-0
21,HAHSER__ligand5758-0
22,HAHSER__ligand3478-0
23,HAHSER__ligand278-0
24,HAHSER__ligand3852-0
25,HAHSER__ligand1285-0
26,HAHSER__ligand1555-0
27,HAHSER__ligand7630-0
28,HAHSER__ligand18-0
29,HAHSER__ligand8-0
30,HAHSER__ligand3890-0
31,HAHSER__ligand4423-0
32,HAHSER__ligand1907-0
33,HAHSER__ligand2762-0
34,HAHSER__ligand162-0
35,HAHSER__ligand1038-0
36,HAHSER__ligand226-0
37,HAHSER__ligand2253-0
38,HAHSER__ligand1160-0
39,HAHSER__ligand383-0
40,HAHSER__ligand5093-0
41,HAHSER__ligand2954-0
42,HAHSER__ligand15630-0
43,HAHSER__ligand10357-0
44,HAHSER__ligand7550-0
45,HAHSER__ligand2915-0
46,HAHSER__ligand838-0
47,HAHSER__ligand40-0
48,HAHSER__ligand166-0
49,HAHSER__ligand633-0
50,HAHSER__ligand918-0
51,HAHSER__ligand532-0
52,HAHSER__ligand38-0
53,HAHSER__ligand3196-0
54,HAHSER__ligand4012-0
55,HAHSER__ligand497-0
56,HAHSER__ligand553-0
57,HAHSER__ligand283-0
58,HAHSER__ligand821-0
59,HAHSER__ligand1551-0
60,HAHSER__ligand326-0
61,HAHSER__ligand2526-0
62,HAHSER__ligand436-0
63,HAHSER__ligand1690-0
64,HAHSER__ligand142-0
65,HAHSER__ligand2707-0
66,HAHSER__ligand206-0
67,HAHSER__ligand21-0
68,HAHSER__ligand3618-0
69,HAHSER__ligand2618-0
70,HAHSER__ligand66-0
71,HAHSER__ligand1436-0
72,HAHSER__ligand105-0
73,HAHSER__ligand140-0
74,HAHSER__ligand409-0
75,HAHSER__ligand361-0
76,HAHSER__ligand324-0
77,HAHSER__ligand4370-0
78,HAHSER__ligand575-0
79,HAHSER__ligand1918-0
80,HAHSER__ligand2255-0
81,HAHSER__ligand927-0
82,HAHSER__ligand199-0
83,HAHSER__ligand4175-0
84,HAHSER__ligand1788-0
85,HAHSER__ligand596-0
86,HAHSER__ligand10910-0
87,HAHSER__ligand1321-0
88,HAHSER__ligand612-0
89,HAHSER__ligand187-0
90,HAHSER__ligand366-0
91,HAHSER__ligand1178-0
92,HAHSER__ligand3566-0
93,HAHSER__ligand861-0
94,HAHSER__ligand3337-0
95,HAHSER__ligand7514-0
96,HAHSER__ligand78-0
97,HAHSER__ligand85-0
98,HAHSER__ligand1449-1
99,HAHSER__ligand4811-0
100,HAHSER__ligand14530-0
101,HAHSER__ligand9620-0
102,HAHSER__ligand1260-0
103,HAHSER__ligand4894-0
104,HAHSER__ligand126-0
105,HAHSER__ligand45-0
106,HAHSER__ligand124-0
107,HAHSER__ligand1307-0
108,HAHSER__ligand119-0
109,HAHSER__ligand10479-0
110,HAHSER__ligand279-0
111,HAHSER__ligand3853-0
112,HAHSER__ligand178-0
113,HAHSER__ligand2853-0
114,HAHSER__ligand2599-0
115,HAHSER__ligand5089-0
116,HAHSER__ligand321-0
117,HAHSER__ligand1246-0
118,HAHSER__ligand6166-0
119,HAHSER__ligand10114-0
120,HAHSER__ligand100-0
121,HAHSER__ligand244-0
122,HAHSER__ligand201-0
123,HAHSER__ligand5334-0
124,HAHSER__ligand1898-0
125,HAHSER__ligand3051-0
126,HAHSER__ligand4504-0
127,HAHSER__ligand2480-0
128,HAHSER__ligand2315-0
129,HAHSER__ligand1858-0
130,HAHSER__ligand240-0
131,HAHSER__ligand67-0
132,HAHSER__ligand141-0
133,HAHSER__ligand8032-0
134,HAHSER__ligand120-0
135,HAHSER__ligand1712-0
136,HAHSER__ligand3579-0
137,HAHSER__ligand2110-0
138,HAHSER__ligand2916-0
139,HAHSER__ligand384-0
140,HAHSER__ligand1919-0
141,HAHSER__ligand2389-0
142,HAHSER__ligand797-0
143,HAHSER__ligand2929-0
144,HAHSER__ligand2376-0
145,HAHSER__ligand1379-0
146,HAHSER__ligand757-0
147,HAHSER__ligand1264-0
148,HAHSER__ligand1221-0
149,HAHSER__ligand1299-0
150,HAHSER__ligand6430-0
151,HAHSER__ligand1019-0
152,HAHSER__ligand2442-0
153,HAHSER__ligand5762-0
154,HAHSER__ligand7414-0
155,HAHSER__ligand1104-0
156,HAHSER__ligand6571-0
157,HAHSER__ligand1325-0
158,HAHSER__ligand2482-0
159,HAHSER__ligand2142-0
160,HAHSER__ligand236-0
161,HAHSER__ligand11-0
162,HAHSER__ligand6538-0
163,HAHSER__ligand6151-0
164,HAHSER__ligand2772-0
165,HAHSER__ligand9495-0
166,HAHSER__ligand2864-0
167,HAHSER__ligand1-0
168,HAHSER__ligand353-0
169,HAHSER__ligand502-0
170,HAHSER__ligand196-0
171,HAHSER__ligand1169-0
172,HAHSER__ligand5022-0
173,HAHSER__ligand422-0
174,HAHSER__ligand2838-0
175,HAHSER__ligand113-0
176,HAHSER__ligand3838-0
177,HAHSER__ligand1799-0
178,HAHSER__ligand5941-0
179,HAHSER__ligand2880-0
180,HAHSER__ligand6396-0
181,HAHSER__ligand1113-0
182,HAHSER__ligand2265-0
183,HAHSER__ligand210-0
184,HAHSER__ligand9027-0
185,HAHSER__ligand4983-0
186,HAHSER__ligand2345-0
187,HAHSER__ligand2794-0
188,HAHSER__ligand1835-0
189,HAHSER__ligand1502-0
190,HAHSER__ligand1052-0
191,HAHSER__ligand3-0
192,HAHSER__ligand481-0
193,HAHSER__ligand314-0
194,HAHSER__ligand1273-0
195,HAHSER__ligand391-0
196,HAHSER__ligand170-0
197,HAHSER__ligand355-0
198,HAHSER__ligand784-0
199,HAHSER__ligand2510-0
200,HAHSER__ligand485-0
201,HAHSER__ligand8921-0
202,HAHSER__ligand2285-0
203,HAHSER__ligand1567-0
204,HAHSER__ligand2862-0
205,HAHSER__ligand92-0
206,HAHSER__ligand2320-0
207,HAHSER__ligand1056-0
208,HAHSER__ligand17-0
209,HAHSER__ligand1703-0
210,HAHSER__ligand2430-0
211,HAHSER__ligand2907-0
212,HAHSER__ligand115-0
213,HAHSER__ligand1727-0
214,HAHSER__ligand1152-0
215,HAHSER__ligand1607-0
216,HAHSER__ligand291-0
217,HAHSER__ligand3637-0
218,HAHSER__ligand8774-0
219,HAHSER__ligand49-0
220,HAHSER__ligand682-0
221,HAHSER__ligand89-0
222,HAHSER__ligand133-0
223,HAHSER__ligand447-0
224,HAHSER__ligand7464-0
225,HAHSER__ligand4303-0
226,HAHSER__ligand1248-0
227,HAHSER__ligand487-0
228,HAHSER__ligand1598-0
229,HAHSER__ligand522-0
230,HAHSER__ligand1054-0
231,HAHSER__ligand666-0
232,HAHSER__ligand6294-0
233,HAHSER__ligand331-0
234,HAHSER__ligand2688-0
235,HAHSER__ligand2259-0
236,HAHSER__ligand294-0
237,HAHSER__ligand2768-0
238,HAHSER__ligand1376-0
239,HAHSER__ligand993-0
240,HAHSER__ligand6277-0
241,HAHSER__ligand73-0
242,HAHSER__ligand584-0
243,HAHSER__ligand916-0
244,HAHSER__ligand1687-0
245,HAHSER__ligand421-0
246,HAHSER__ligand1951-0
247,HAHSER__ligand798-0
248,HAHSER__ligand932-0
249,HAHSER__ligand134-0
250,HAHSER__ligand3734-0
251,HAHSER__ligand235-0
252,HAHSER__ligand57-0
253,HAHSER__ligand1706-0
254,HAHSER__ligand4381-0
255,HAHSER__ligand2629-0
256,HAHSER__ligand390-0
257,HAHSER__ligand560-0
258,HAHSER__ligand525-0
259,HAHSER__ligand109-0
260,HAHSER__ligand5801-0
261,HAHSER__ligand352-0
262,HAHSER__ligand783-0
263,HAHSER__ligand1438-0
264,HAHSER__ligand95-0
265,HAHSER__ligand3063-0
266,HAHSER__ligand55-0
267,HAHSER__ligand136-0
268,HAHSER__ligand868-0
269,HAHSER__ligand442-0
270,HAHSER__ligand1171-0
271,HAHSER__ligand112-0
272,HAHSER__ligand3757-0
273,HAHSER__ligand34-0
274,HAHSER__ligand1048-0
275,HAHSER__ligand2087-0
276,HAHSER__ligand1685-0
277,HAHSER__ligand1544-0
278,HAHSER__ligand197-0
279,HAHSER__ligand1459-0
280,HAHSER__ligand296-0
281,HAHSER__ligand1538-0
282,HAHSER__ligand1114-0
283,HAHSER__ligand252-0
284,HAHSER__ligand955-0
285,HAHSER__ligand48-0
286,HAHSER__ligand193-0
287,HAHSER__ligand9244-0
288,HAHSER__ligand1228-0
289,HAHSER__ligand830-0
290,HAHSER__ligand4-0
291,HAHSER__ligand29-0
292,HAHSER__ligand1479-0
293,HAHSER__ligand91-0
294,HAHSER__ligand909-0
295,HAHSER__ligand851-0
296,HAHSER__ligand1148-0
297,HAHSER__ligand3246-0
298,HAHSER__ligand177-0
299,HAHSER__ligand934-0
300,HAHSER__ligand51-0
301,HAHSER__ligand3145-0
302,HAHSER__ligand369-0
303,HAHSER__ligand444-0
304,HAHSER__ligand6686-0
305,HAHSER__ligand1747-0
306,HAHSER__ligand188-0
307,HAHSER__ligand5548-0
308,HAHSER__ligand7915-0
309,HAHSER__ligand2863-0
310,HAHSER__ligand6502-0
311,HAHSER__ligand6-0
312,HAHSER__ligand2098-0
313,HAHSER__ligand311-0
314,HAHSER__ligand6332-0
315,HAHSER__ligand3178-0
316,HAHSER__ligand3041-0
317,HAHSER__ligand2634-0
318,HAHSER__ligand1542-0
319,HAHSER__ligand370-0
320,HAHSER__ligand460-0
321,HAHSER__ligand11730-0
322,HAHSER__ligand2751-0
323,HAHSER__ligand250-0
324,HAHSER__ligand32-0
