,TMC
0,IKEPAQ__ligand51-0
1,IKEPAQ__ligand532-0
2,IKEPAQ__ligand2526-0
3,IKEPAQ__ligand1551-0
4,IKEPAQ__ligand633-0
5,IKEPAQ__ligand918-0
6,IKEPAQ__ligand497-0
7,IKEPAQ__ligand2707-0
8,IKEPAQ__ligand838-0
9,IKEPAQ__ligand166-0
10,IKEPAQ__ligand91-0
11,IKEPAQ__ligand1690-0
12,IKEPAQ__ligand29-0
13,IKEPAQ__ligand436-0
14,IKEPAQ__ligand206-0
15,IKEPAQ__ligand48-0
16,IKEPAQ__ligand2915-0
17,IKEPAQ__ligand142-0
18,IKEPAQ__ligand283-0
19,IKEPAQ__ligand3196-0
20,IKEPAQ__ligand4012-0
21,IKEPAQ__ligand553-0
22,IKEPAQ__ligand326-0
23,IKEPAQ__ligand821-0
24,IKEPAQ__ligand32-0
25,IKEPAQ__ligand1918-0
26,IKEPAQ__ligand409-0
27,IKEPAQ__ligand361-0
28,IKEPAQ__ligand324-0
29,IKEPAQ__ligand4175-0
30,IKEPAQ__ligand105-0
31,IKEPAQ__ligand140-0
32,IKEPAQ__ligand2255-0
33,IKEPAQ__ligand1436-0
34,IKEPAQ__ligand199-0
35,IKEPAQ__ligand927-0
36,IKEPAQ__ligand3618-0
37,IKEPAQ__ligand2618-0
38,IKEPAQ__ligand4370-0
39,IKEPAQ__ligand575-0
40,IKEPAQ__ligand7456-0
41,IKEPAQ__ligand509-0
42,IKEPAQ__ligand1818-0
43,IKEPAQ__ligand3852-0
44,IKEPAQ__ligand3478-0
45,IKEPAQ__ligand5758-0
46,IKEPAQ__ligand57-0
47,IKEPAQ__ligand571-0
48,IKEPAQ__ligand118-0
49,IKEPAQ__ligand670-0
50,IKEPAQ__ligand1493-0
51,IKEPAQ__ligand365-0
52,IKEPAQ__ligand2718-0
53,IKEPAQ__ligand3035-0
54,IKEPAQ__ligand3070-0
55,IKEPAQ__ligand9176-0
56,IKEPAQ__ligand73-0
57,IKEPAQ__ligand278-0
58,IKEPAQ__ligand3251-0
59,IKEPAQ__ligand669-0
60,IKEPAQ__ligand5235-0
61,IKEPAQ__ligand6143-0
62,IKEPAQ__ligand430-0
63,IKEPAQ__ligand4619-0
64,IKEPAQ__ligand358-0
65,IKEPAQ__ligand5093-0
66,IKEPAQ__ligand2954-0
67,IKEPAQ__ligand2253-0
68,IKEPAQ__ligand1160-0
69,IKEPAQ__ligand1038-0
70,IKEPAQ__ligand2762-0
71,IKEPAQ__ligand7550-0
72,IKEPAQ__ligand34-0
73,IKEPAQ__ligand7630-0
74,IKEPAQ__ligand1555-0
75,IKEPAQ__ligand55-0
76,IKEPAQ__ligand1285-0
77,IKEPAQ__ligand226-0
78,IKEPAQ__ligand1907-0
79,IKEPAQ__ligand162-0
80,IKEPAQ__ligand95-0
81,IKEPAQ__ligand4423-0
82,IKEPAQ__ligand383-0
83,IKEPAQ__ligand3890-0
84,IKEPAQ__ligand2110-0
85,IKEPAQ__ligand141-0
86,IKEPAQ__ligand2916-0
87,IKEPAQ__ligand3579-0
88,IKEPAQ__ligand240-0
89,IKEPAQ__ligand1712-0
90,IKEPAQ__ligand2389-0
91,IKEPAQ__ligand1919-0
92,IKEPAQ__ligand2315-0
93,IKEPAQ__ligand3051-0
94,IKEPAQ__ligand4504-0
95,IKEPAQ__ligand2480-0
96,IKEPAQ__ligand1898-0
97,IKEPAQ__ligand5334-0
98,IKEPAQ__ligand17-0
99,IKEPAQ__ligand8-0
100,IKEPAQ__ligand120-0
101,IKEPAQ__ligand92-0
102,IKEPAQ__ligand8032-0
103,IKEPAQ__ligand384-0
104,IKEPAQ__ligand1858-0
105,IKEPAQ__ligand5762-0
106,IKEPAQ__ligand7414-0
107,IKEPAQ__ligand1104-0
108,IKEPAQ__ligand2442-0
109,IKEPAQ__ligand1019-0
110,IKEPAQ__ligand757-0
111,IKEPAQ__ligand1325-0
112,IKEPAQ__ligand2482-0
113,IKEPAQ__ligand6571-0
114,IKEPAQ__ligand797-0
115,IKEPAQ__ligand2376-0
116,IKEPAQ__ligand2929-0
117,IKEPAQ__ligand89-0
118,IKEPAQ__ligand6430-0
119,IKEPAQ__ligand49-0
120,IKEPAQ__ligand1299-0
121,IKEPAQ__ligand1264-0
122,IKEPAQ__ligand1221-0
123,IKEPAQ__ligand1379-0
124,IKEPAQ__ligand1449-1
125,IKEPAQ__ligand4811-0
126,IKEPAQ__ligand187-0
127,IKEPAQ__ligand612-0
128,IKEPAQ__ligand861-0
129,IKEPAQ__ligand3337-0
130,IKEPAQ__ligand7514-0
131,IKEPAQ__ligand366-0
132,IKEPAQ__ligand596-0
133,IKEPAQ__ligand1260-0
134,IKEPAQ__ligand4894-0
135,IKEPAQ__ligand9620-0
136,IKEPAQ__ligand1788-0
137,IKEPAQ__ligand126-0
138,IKEPAQ__ligand11-0
139,IKEPAQ__ligand3566-0
140,IKEPAQ__ligand1178-0
141,IKEPAQ__ligand1321-0
142,IKEPAQ__ligand119-0
143,IKEPAQ__ligand2599-0
144,IKEPAQ__ligand5089-0
145,IKEPAQ__ligand3853-0
146,IKEPAQ__ligand2853-0
147,IKEPAQ__ligand6166-0
148,IKEPAQ__ligand124-0
149,IKEPAQ__ligand1246-0
150,IKEPAQ__ligand244-0
151,IKEPAQ__ligand201-0
152,IKEPAQ__ligand100-0
153,IKEPAQ__ligand11730-0
154,IKEPAQ__ligand178-0
155,IKEPAQ__ligand279-0
156,IKEPAQ__ligand321-0
157,IKEPAQ__ligand1307-0
158,IKEPAQ__ligand1152-0
159,IKEPAQ__ligand1727-0
160,IKEPAQ__ligand485-0
161,IKEPAQ__ligand355-0
162,IKEPAQ__ligand784-0
163,IKEPAQ__ligand1607-0
164,IKEPAQ__ligand2320-0
165,IKEPAQ__ligand1056-0
166,IKEPAQ__ligand2862-0
167,IKEPAQ__ligand2285-0
168,IKEPAQ__ligand291-0
169,IKEPAQ__ligand1567-0
170,IKEPAQ__ligand8921-0
171,IKEPAQ__ligand2510-0
172,IKEPAQ__ligand67-0
173,IKEPAQ__ligand2907-0
174,IKEPAQ__ligand115-0
175,IKEPAQ__ligand1703-0
176,IKEPAQ__ligand2430-0
177,IKEPAQ__ligand7464-0
178,IKEPAQ__ligand682-0
179,IKEPAQ__ligand6294-0
180,IKEPAQ__ligand1054-0
181,IKEPAQ__ligand1598-0
182,IKEPAQ__ligand1248-0
183,IKEPAQ__ligand4303-0
184,IKEPAQ__ligand8774-0
185,IKEPAQ__ligand487-0
186,IKEPAQ__ligand15630-0
187,IKEPAQ__ligand666-0
188,IKEPAQ__ligand3637-0
189,IKEPAQ__ligand522-0
190,IKEPAQ__ligand10357-0
191,IKEPAQ__ligand133-0
192,IKEPAQ__ligand447-0
193,IKEPAQ__ligand5022-0
194,IKEPAQ__ligand45-0
195,IKEPAQ__ligand1169-0
196,IKEPAQ__ligand353-0
197,IKEPAQ__ligand5941-0
198,IKEPAQ__ligand2880-0
199,IKEPAQ__ligand2838-0
200,IKEPAQ__ligand3838-0
201,IKEPAQ__ligand1799-0
202,IKEPAQ__ligand85-0
203,IKEPAQ__ligand78-0
204,IKEPAQ__ligand236-0
205,IKEPAQ__ligand9495-0
206,IKEPAQ__ligand6151-0
207,IKEPAQ__ligand2772-0
208,IKEPAQ__ligand6538-0
209,IKEPAQ__ligand422-0
210,IKEPAQ__ligand6-0
211,IKEPAQ__ligand2142-0
212,IKEPAQ__ligand113-0
213,IKEPAQ__ligand502-0
214,IKEPAQ__ligand196-0
215,IKEPAQ__ligand2864-0
216,IKEPAQ__ligand1052-0
217,IKEPAQ__ligand1273-0
218,IKEPAQ__ligand4-0
219,IKEPAQ__ligand210-0
220,IKEPAQ__ligand9027-0
221,IKEPAQ__ligand391-0
222,IKEPAQ__ligand1113-0
223,IKEPAQ__ligand2265-0
224,IKEPAQ__ligand6396-0
225,IKEPAQ__ligand170-0
226,IKEPAQ__ligand1502-0
227,IKEPAQ__ligand314-0
228,IKEPAQ__ligand2345-0
229,IKEPAQ__ligand2794-0
230,IKEPAQ__ligand1835-0
231,IKEPAQ__ligand481-0
232,IKEPAQ__ligand4983-0
233,IKEPAQ__ligand1148-0
234,IKEPAQ__ligand193-0
235,IKEPAQ__ligand21-0
236,IKEPAQ__ligand830-0
237,IKEPAQ__ligand1479-0
238,IKEPAQ__ligand10910-0
239,IKEPAQ__ligand955-0
240,IKEPAQ__ligand3246-0
241,IKEPAQ__ligand252-0
242,IKEPAQ__ligand3-0
243,IKEPAQ__ligand38-0
244,IKEPAQ__ligand1114-0
245,IKEPAQ__ligand1538-0
246,IKEPAQ__ligand177-0
247,IKEPAQ__ligand934-0
248,IKEPAQ__ligand1228-0
249,IKEPAQ__ligand909-0
250,IKEPAQ__ligand40-0
251,IKEPAQ__ligand14530-0
252,IKEPAQ__ligand9244-0
253,IKEPAQ__ligand851-0
254,IKEPAQ__ligand10479-0
255,IKEPAQ__ligand2634-0
256,IKEPAQ__ligand1542-0
257,IKEPAQ__ligand3041-0
258,IKEPAQ__ligand311-0
259,IKEPAQ__ligand369-0
260,IKEPAQ__ligand444-0
261,IKEPAQ__ligand2751-0
262,IKEPAQ__ligand188-0
263,IKEPAQ__ligand10114-0
264,IKEPAQ__ligand7915-0
265,IKEPAQ__ligand5548-0
266,IKEPAQ__ligand6686-0
267,IKEPAQ__ligand1747-0
268,IKEPAQ__ligand460-0
269,IKEPAQ__ligand1-0
270,IKEPAQ__ligand250-0
271,IKEPAQ__ligand3145-0
272,IKEPAQ__ligand3178-0
273,IKEPAQ__ligand66-0
274,IKEPAQ__ligand6332-0
275,IKEPAQ__ligand2098-0
276,IKEPAQ__ligand370-0
277,IKEPAQ__ligand6502-0
278,IKEPAQ__ligand2863-0
279,IKEPAQ__ligand2629-0
280,IKEPAQ__ligand584-0
281,IKEPAQ__ligand916-0
282,IKEPAQ__ligand4381-0
283,IKEPAQ__ligand1706-0
284,IKEPAQ__ligand421-0
285,IKEPAQ__ligand798-0
286,IKEPAQ__ligand3734-0
287,IKEPAQ__ligand331-0
288,IKEPAQ__ligand993-0
289,IKEPAQ__ligand62-0
290,IKEPAQ__ligand294-0
291,IKEPAQ__ligand1376-0
292,IKEPAQ__ligand2768-0
293,IKEPAQ__ligand109-0
294,IKEPAQ__ligand2688-0
295,IKEPAQ__ligand2259-0
296,IKEPAQ__ligand560-0
297,IKEPAQ__ligand525-0
298,IKEPAQ__ligand1951-0
299,IKEPAQ__ligand235-0
300,IKEPAQ__ligand1687-0
301,IKEPAQ__ligand86-0
302,IKEPAQ__ligand932-0
303,IKEPAQ__ligand134-0
304,IKEPAQ__ligand390-0
305,IKEPAQ__ligand6277-0
306,IKEPAQ__ligand1685-0
307,IKEPAQ__ligand136-0
308,IKEPAQ__ligand2087-0
309,IKEPAQ__ligand442-0
310,IKEPAQ__ligand1048-0
311,IKEPAQ__ligand3757-0
312,IKEPAQ__ligand868-0
313,IKEPAQ__ligand1459-0
314,IKEPAQ__ligand352-0
315,IKEPAQ__ligand783-0
316,IKEPAQ__ligand1544-0
317,IKEPAQ__ligand3063-0
318,IKEPAQ__ligand1438-0
319,IKEPAQ__ligand296-0
320,IKEPAQ__ligand197-0
321,IKEPAQ__ligand5801-0
322,IKEPAQ__ligand1171-0
323,IKEPAQ__ligand18-0
324,IKEPAQ__ligand112-0
