,TMC
0,FIPHOE__ligand1685-0
1,FIPHOE__ligand497-0
2,FIPHOE__ligand633-0
3,FIPHOE__ligand3757-0
4,FIPHOE__ligand918-0
5,FIPHOE__ligand1048-0
6,FIPHOE__ligand532-0
7,FIPHOE__ligand2087-0
8,FIPHOE__ligand166-0
9,FIPHOE__ligand1459-0
10,FIPHOE__ligand838-0
11,FIPHOE__ligand1544-0
12,FIPHOE__ligand1438-0
13,FIPHOE__ligand142-0
14,FIPHOE__ligand3063-0
15,FIPHOE__ligand206-0
16,FIPHOE__ligand5801-0
17,FIPHOE__ligand436-0
18,FIPHOE__ligand45-0
19,FIPHOE__ligand821-0
20,FIPHOE__ligand78-0
21,FIPHOE__ligand326-0
22,FIPHOE__ligand85-0
23,FIPHOE__ligand1171-0
24,FIPHOE__ligand553-0
25,FIPHOE__ligand283-0
26,FIPHOE__ligand10357-0
27,FIPHOE__ligand4381-0
28,FIPHOE__ligand409-0
29,FIPHOE__ligand324-0
30,FIPHOE__ligand361-0
31,FIPHOE__ligand15630-0
32,FIPHOE__ligand2629-0
33,FIPHOE__ligand3734-0
34,FIPHOE__ligand1706-0
35,FIPHOE__ligand140-0
36,FIPHOE__ligand105-0
37,FIPHOE__ligand2768-0
38,FIPHOE__ligand927-0
39,FIPHOE__ligand1376-0
40,FIPHOE__ligand199-0
41,FIPHOE__ligand2259-0
42,FIPHOE__ligand2688-0
43,FIPHOE__ligand1687-0
44,FIPHOE__ligand1951-0
45,FIPHOE__ligand6277-0
46,FIPHOE__ligand575-0
47,FIPHOE__ligand1542-0
48,FIPHOE__ligand67-0
49,FIPHOE__ligand2634-0
50,FIPHOE__ligand509-0
51,FIPHOE__ligand3041-0
52,FIPHOE__ligand2751-0
53,FIPHOE__ligand118-0
54,FIPHOE__ligand670-0
55,FIPHOE__ligand571-0
56,FIPHOE__ligand1747-0
57,FIPHOE__ligand6686-0
58,FIPHOE__ligand278-0
59,FIPHOE__ligand5548-0
60,FIPHOE__ligand7915-0
61,FIPHOE__ligand3145-0
62,FIPHOE__ligand365-0
63,FIPHOE__ligand430-0
64,FIPHOE__ligand6332-0
65,FIPHOE__ligand358-0
66,FIPHOE__ligand3178-0
67,FIPHOE__ligand669-0
68,FIPHOE__ligand2863-0
69,FIPHOE__ligand6502-0
70,FIPHOE__ligand2098-0
71,FIPHOE__ligand1148-0
72,FIPHOE__ligand1479-0
73,FIPHOE__ligand3246-0
74,FIPHOE__ligand1538-0
75,FIPHOE__ligand1114-0
76,FIPHOE__ligand9244-0
77,FIPHOE__ligand8-0
78,FIPHOE__ligand1228-0
79,FIPHOE__ligand383-0
80,FIPHOE__ligand162-0
81,FIPHOE__ligand226-0
82,FIPHOE__ligand1052-0
83,FIPHOE__ligand240-0
84,FIPHOE__ligand141-0
85,FIPHOE__ligand86-0
86,FIPHOE__ligand14530-0
87,FIPHOE__ligand1273-0
88,FIPHOE__ligand9027-0
89,FIPHOE__ligand6396-0
90,FIPHOE__ligand2265-0
91,FIPHOE__ligand1113-0
92,FIPHOE__ligand1502-0
93,FIPHOE__ligand62-0
94,FIPHOE__ligand384-0
95,FIPHOE__ligand120-0
96,FIPHOE__ligand4983-0
97,FIPHOE__ligand10910-0
98,FIPHOE__ligand1835-0
99,FIPHOE__ligand2794-0
100,FIPHOE__ligand2345-0
101,FIPHOE__ligand757-0
102,FIPHOE__ligand1169-0
103,FIPHOE__ligand5022-0
104,FIPHOE__ligand10114-0
105,FIPHOE__ligand1799-0
106,FIPHOE__ligand3838-0
107,FIPHOE__ligand2838-0
108,FIPHOE__ligand2880-0
109,FIPHOE__ligand5941-0
110,FIPHOE__ligand797-0
111,FIPHOE__ligand18-0
112,FIPHOE__ligand6538-0
113,FIPHOE__ligand2772-0
114,FIPHOE__ligand6151-0
115,FIPHOE__ligand9495-0
116,FIPHOE__ligand2142-0
117,FIPHOE__ligand10479-0
118,FIPHOE__ligand2864-0
119,FIPHOE__ligand366-0
120,FIPHOE__ligand7464-0
121,FIPHOE__ligand861-0
122,FIPHOE__ligand38-0
123,FIPHOE__ligand612-0
124,FIPHOE__ligand187-0
125,FIPHOE__ligand1054-0
126,FIPHOE__ligand596-0
127,FIPHOE__ligand6294-0
128,FIPHOE__ligand4303-0
129,FIPHOE__ligand40-0
130,FIPHOE__ligand1248-0
131,FIPHOE__ligand1598-0
132,FIPHOE__ligand8774-0
133,FIPHOE__ligand126-0
134,FIPHOE__ligand3637-0
135,FIPHOE__ligand21-0
136,FIPHOE__ligand1152-0
137,FIPHOE__ligand119-0
138,FIPHOE__ligand1727-0
139,FIPHOE__ligand124-0
140,FIPHOE__ligand66-0
141,FIPHOE__ligand1607-0
142,FIPHOE__ligand2862-0
143,FIPHOE__ligand100-0
144,FIPHOE__ligand1056-0
145,FIPHOE__ligand2320-0
146,FIPHOE__ligand201-0
147,FIPHOE__ligand244-0
148,FIPHOE__ligand2510-0
149,FIPHOE__ligand8921-0
150,FIPHOE__ligand1567-0
151,FIPHOE__ligand2285-0
152,FIPHOE__ligand2907-0
153,FIPHOE__ligand321-0
154,FIPHOE__ligand2430-0
155,FIPHOE__ligand279-0
156,FIPHOE__ligand1703-0
157,FIPHOE__ligand178-0
158,FIPHOE__ligand73-0
159,FIPHOE__ligand2599-0
160,FIPHOE__ligand5089-0
161,FIPHOE__ligand2853-0
162,FIPHOE__ligand3853-0
163,FIPHOE__ligand6166-0
164,FIPHOE__ligand784-0
165,FIPHOE__ligand355-0
166,FIPHOE__ligand485-0
167,FIPHOE__ligand1246-0
168,FIPHOE__ligand291-0
169,FIPHOE__ligand57-0
170,FIPHOE__ligand1307-0
171,FIPHOE__ligand115-0
172,FIPHOE__ligand55-0
173,FIPHOE__ligand4811-0
174,FIPHOE__ligand1449-1
175,FIPHOE__ligand682-0
176,FIPHOE__ligand7514-0
177,FIPHOE__ligand3337-0
178,FIPHOE__ligand95-0
179,FIPHOE__ligand9620-0
180,FIPHOE__ligand4894-0
181,FIPHOE__ligand1260-0
182,FIPHOE__ligand522-0
183,FIPHOE__ligand666-0
184,FIPHOE__ligand1788-0
185,FIPHOE__ligand487-0
186,FIPHOE__ligand1178-0
187,FIPHOE__ligand447-0
188,FIPHOE__ligand3566-0
189,FIPHOE__ligand34-0
190,FIPHOE__ligand1321-0
191,FIPHOE__ligand133-0
192,FIPHOE__ligand1104-0
193,FIPHOE__ligand5762-0
194,FIPHOE__ligand7414-0
195,FIPHOE__ligand353-0
196,FIPHOE__ligand48-0
197,FIPHOE__ligand1019-0
198,FIPHOE__ligand2442-0
199,FIPHOE__ligand6571-0
200,FIPHOE__ligand236-0
201,FIPHOE__ligand2482-0
202,FIPHOE__ligand1325-0
203,FIPHOE__ligand113-0
204,FIPHOE__ligand2376-0
205,FIPHOE__ligand422-0
206,FIPHOE__ligand51-0
207,FIPHOE__ligand2929-0
208,FIPHOE__ligand29-0
209,FIPHOE__ligand1221-0
210,FIPHOE__ligand1264-0
211,FIPHOE__ligand1-0
212,FIPHOE__ligand1299-0
213,FIPHOE__ligand6430-0
214,FIPHOE__ligand91-0
215,FIPHOE__ligand196-0
216,FIPHOE__ligand502-0
217,FIPHOE__ligand1379-0
218,FIPHOE__ligand3579-0
219,FIPHOE__ligand2916-0
220,FIPHOE__ligand3-0
221,FIPHOE__ligand2110-0
222,FIPHOE__ligand1712-0
223,FIPHOE__ligand210-0
224,FIPHOE__ligand2389-0
225,FIPHOE__ligand1919-0
226,FIPHOE__ligand170-0
227,FIPHOE__ligand1898-0
228,FIPHOE__ligand2480-0
229,FIPHOE__ligand4504-0
230,FIPHOE__ligand3051-0
231,FIPHOE__ligand2315-0
232,FIPHOE__ligand5334-0
233,FIPHOE__ligand32-0
234,FIPHOE__ligand391-0
235,FIPHOE__ligand481-0
236,FIPHOE__ligand314-0
237,FIPHOE__ligand1858-0
238,FIPHOE__ligand8032-0
239,FIPHOE__ligand1160-0
240,FIPHOE__ligand2253-0
241,FIPHOE__ligand830-0
242,FIPHOE__ligand2954-0
243,FIPHOE__ligand4-0
244,FIPHOE__ligand5093-0
245,FIPHOE__ligand2762-0
246,FIPHOE__ligand193-0
247,FIPHOE__ligand1038-0
248,FIPHOE__ligand252-0
249,FIPHOE__ligand7550-0
250,FIPHOE__ligand955-0
251,FIPHOE__ligand11-0
252,FIPHOE__ligand7630-0
253,FIPHOE__ligand177-0
254,FIPHOE__ligand934-0
255,FIPHOE__ligand1285-0
256,FIPHOE__ligand1555-0
257,FIPHOE__ligand4423-0
258,FIPHOE__ligand851-0
259,FIPHOE__ligand1907-0
260,FIPHOE__ligand3890-0
261,FIPHOE__ligand909-0
262,FIPHOE__ligand311-0
263,FIPHOE__ligand7456-0
264,FIPHOE__ligand1818-0
265,FIPHOE__ligand3478-0
266,FIPHOE__ligand188-0
267,FIPHOE__ligand3852-0
268,FIPHOE__ligand369-0
269,FIPHOE__ligand444-0
270,FIPHOE__ligand5758-0
271,FIPHOE__ligand3070-0
272,FIPHOE__ligand3035-0
273,FIPHOE__ligand2718-0
274,FIPHOE__ligand1493-0
275,FIPHOE__ligand250-0
276,FIPHOE__ligand460-0
277,FIPHOE__ligand9176-0
278,FIPHOE__ligand6-0
279,FIPHOE__ligand3251-0
280,FIPHOE__ligand370-0
281,FIPHOE__ligand4619-0
282,FIPHOE__ligand6143-0
283,FIPHOE__ligand5235-0
284,FIPHOE__ligand17-0
285,FIPHOE__ligand421-0
286,FIPHOE__ligand1918-0
287,FIPHOE__ligand798-0
288,FIPHOE__ligand916-0
289,FIPHOE__ligand584-0
290,FIPHOE__ligand294-0
291,FIPHOE__ligand993-0
292,FIPHOE__ligand4175-0
293,FIPHOE__ligand92-0
294,FIPHOE__ligand2255-0
295,FIPHOE__ligand331-0
296,FIPHOE__ligand525-0
297,FIPHOE__ligand560-0
298,FIPHOE__ligand1436-0
299,FIPHOE__ligand109-0
300,FIPHOE__ligand2618-0
301,FIPHOE__ligand3618-0
302,FIPHOE__ligand4370-0
303,FIPHOE__ligand390-0
304,FIPHOE__ligand134-0
305,FIPHOE__ligand932-0
306,FIPHOE__ligand235-0
307,FIPHOE__ligand11730-0
308,FIPHOE__ligand1551-0
309,FIPHOE__ligand868-0
310,FIPHOE__ligand442-0
311,FIPHOE__ligand89-0
312,FIPHOE__ligand2526-0
313,FIPHOE__ligand136-0
314,FIPHOE__ligand2707-0
315,FIPHOE__ligand783-0
316,FIPHOE__ligand352-0
317,FIPHOE__ligand1690-0
318,FIPHOE__ligand49-0
319,FIPHOE__ligand197-0
320,FIPHOE__ligand296-0
321,FIPHOE__ligand2915-0
322,FIPHOE__ligand4012-0
323,FIPHOE__ligand3196-0
324,FIPHOE__ligand112-0
