,TMC
0,BISHUI__ligand9943-0
1,BISHUI__ligand1228-0
2,BISHUI__ligand21729-0
3,BISHUI__ligand27239-0
4,BISHUI__ligand1604-0
5,BISHUI__ligand8788-0
6,BISHUI__ligand1832-0
7,BISHUI__ligand16-0
8,BISHUI__ligand19927-0
9,BISHUI__ligand14043-0
10,BISHUI__ligand2043-0
11,BISHUI__ligand28559-0
12,BISHUI__ligand26324-0
13,BISHUI__ligand115-0
14,BISHUI__ligand11618-0
15,BISHUI__ligand2417-0
16,BISHUI__ligand1114-0
17,BISHUI__ligand3126-0
18,BISHUI__ligand6391-0
19,BISHUI__ligand26529-0
20,BISHUI__ligand833-0
21,BISHUI__ligand9284-0
22,BISHUI__ligand20695-0
23,BISHUI__ligand27754-0
24,BISHUI__ligand28540-0
25,BISHUI__ligand11111-0
26,BISHUI__ligand16369-0
27,BISHUI__ligand22403-0
28,BISHUI__ligand784-0
29,BISHUI__ligand1289-0
30,BISHUI__ligand5387-0
31,BISHUI__ligand2203-0
32,BISHUI__ligand368-0
33,BISHUI__ligand12003-0
34,BISHUI__ligand1599-0
35,BISHUI__ligand16148-0
36,BISHUI__ligand26631-0
37,BISHUI__ligand21399-0
38,BISHUI__ligand2612-0
39,BISHUI__ligand10872-0
40,BISHUI__ligand395-0
41,BISHUI__ligand29215-0
42,BISHUI__ligand32-0
43,BISHUI__ligand9450-0
44,BISHUI__ligand3178-0
45,BISHUI__ligand24644-0
46,BISHUI__ligand746-0
47,BISHUI__ligand10033-0
48,BISHUI__ligand447-0
49,BISHUI__ligand4807-0
50,BISHUI__ligand12001-0
51,BISHUI__ligand7196-0
52,BISHUI__ligand30728-0
53,BISHUI__ligand27840-0
54,BISHUI__ligand5159-0
55,BISHUI__ligand5530-0
56,BISHUI__ligand1356-0
57,BISHUI__ligand1787-0
58,BISHUI__ligand9753-0
59,BISHUI__ligand24872-0
60,BISHUI__ligand176-0
61,BISHUI__ligand13220-0
62,BISHUI__ligand11587-0
63,BISHUI__ligand2788-0
64,BISHUI__ligand5649-0
65,BISHUI__ligand23175-0
66,BISHUI__ligand8793-0
67,BISHUI__ligand4649-0
68,BISHUI__ligand15788-0
69,BISHUI__ligand48-0
70,BISHUI__ligand17396-0
71,BISHUI__ligand3244-0
72,BISHUI__ligand4711-0
73,BISHUI__ligand13385-0
74,BISHUI__ligand14569-0
75,BISHUI__ligand2906-0
76,BISHUI__ligand487-0
77,BISHUI__ligand24111-0
78,BISHUI__ligand22444-0
79,BISHUI__ligand7273-0
80,BISHUI__ligand506-0
81,BISHUI__ligand9323-0
82,BISHUI__ligand17427-0
83,BISHUI__ligand7172-0
84,BISHUI__ligand91-0
85,BISHUI__ligand31694-0
86,BISHUI__ligand8612-0
87,BISHUI__ligand2124-0
88,BISHUI__ligand1116-0
89,BISHUI__ligand1153-0
90,BISHUI__ligand3225-0
91,BISHUI__ligand2260-0
92,BISHUI__ligand29486-0
93,BISHUI__ligand7092-0
94,BISHUI__ligand7316-0
95,BISHUI__ligand25561-0
96,BISHUI__ligand5708-0
97,BISHUI__ligand6017-0
98,BISHUI__ligand152-0
99,BISHUI__ligand11949-0
100,BISHUI__ligand5180-0
101,BISHUI__ligand51-0
102,BISHUI__ligand12138-0
103,BISHUI__ligand24780-0
104,BISHUI__ligand22129-0
105,BISHUI__ligand24230-0
106,BISHUI__ligand28810-0
107,BISHUI__ligand2221-0
108,BISHUI__ligand11096-0
109,BISHUI__ligand11447-0
110,BISHUI__ligand19792-0
111,BISHUI__ligand10828-0
112,BISHUI__ligand4358-0
113,BISHUI__ligand3926-0
114,BISHUI__ligand15926-0
115,BISHUI__ligand3120-0
116,BISHUI__ligand11970-0
117,BISHUI__ligand68-0
118,BISHUI__ligand4101-0
119,BISHUI__ligand15883-0
120,BISHUI__ligand5595-0
121,BISHUI__ligand196-0
122,BISHUI__ligand22294-0
123,BISHUI__ligand55-0
124,BISHUI__ligand686-0
125,BISHUI__ligand22168-0
126,BISHUI__ligand28930-0
127,BISHUI__ligand9773-0
128,BISHUI__ligand5510-0
129,BISHUI__ligand21919-0
130,BISHUI__ligand1376-0
131,BISHUI__ligand12365-0
132,BISHUI__ligand10056-0
133,BISHUI__ligand1197-0
134,BISHUI__ligand8592-0
135,BISHUI__ligand5099-0
136,BISHUI__ligand11357-0
137,BISHUI__ligand13862-0
138,BISHUI__ligand28743-0
139,BISHUI__ligand1296-0
140,BISHUI__ligand15531-0
141,BISHUI__ligand422-0
142,BISHUI__ligand2259-0
143,BISHUI__ligand7293-0
144,BISHUI__ligand2822-0
145,BISHUI__ligand3867-0
146,BISHUI__ligand1317-0
147,BISHUI__ligand24035-0
148,BISHUI__ligand11994-0
149,BISHUI__ligand34-0
150,BISHUI__ligand31044-0
151,BISHUI__ligand31842-0
152,BISHUI__ligand2238-0
153,BISHUI__ligand16663-0
154,BISHUI__ligand9167-0
155,BISHUI__ligand393-0
156,BISHUI__ligand14614-0
157,BISHUI__ligand5304-0
158,BISHUI__ligand5080-0
159,BISHUI__ligand7762-0
160,BISHUI__ligand16988-0
161,BISHUI__ligand25913-0
162,BISHUI__ligand353-0
163,BISHUI__ligand20207-0
164,BISHUI__ligand30711-0
165,BISHUI__ligand11682-0
166,BISHUI__ligand8002-0
167,BISHUI__ligand5509-0
168,BISHUI__ligand6117-0
169,BISHUI__ligand1407-0
170,BISHUI__ligand314-0
171,BISHUI__ligand780-0
172,BISHUI__ligand2693-0
173,BISHUI__ligand5383-0
174,BISHUI__ligand813-0
175,BISHUI__ligand28459-0
176,BISHUI__ligand12453-0
177,BISHUI__ligand18448-0
178,BISHUI__ligand3945-0
179,BISHUI__ligand3736-0
180,BISHUI__ligand8000-0
181,BISHUI__ligand19184-0
182,BISHUI__ligand9344-0
183,BISHUI__ligand9883-0
184,BISHUI__ligand3677-1
185,BISHUI__ligand8-0
186,BISHUI__ligand13672-0
187,BISHUI__ligand7291-0
188,BISHUI__ligand618-0
189,BISHUI__ligand18568-0
190,BISHUI__ligand28685-0
191,BISHUI__ligand9299-0
192,BISHUI__ligand391-0
193,BISHUI__ligand2985-0
194,BISHUI__ligand10371-0
195,BISHUI__ligand4007-0
196,BISHUI__ligand23197-0
197,BISHUI__ligand57-0
198,BISHUI__ligand6699-0
199,BISHUI__ligand1168-0
200,BISHUI__ligand27285-0
201,BISHUI__ligand29029-0
202,BISHUI__ligand465-0
203,BISHUI__ligand1294-0
204,BISHUI__ligand3677-0
205,BISHUI__ligand3632-0
206,BISHUI__ligand1211-0
207,BISHUI__ligand13477-0
208,BISHUI__ligand14167-0
209,BISHUI__ligand27669-0
210,BISHUI__ligand6892-0
211,BISHUI__ligand30142-0
212,BISHUI__ligand1499-0
213,BISHUI__ligand2881-0
214,BISHUI__ligand3712-0
215,BISHUI__ligand1464-0
216,BISHUI__ligand314-1
217,BISHUI__ligand4710-0
218,BISHUI__ligand5755-0
219,BISHUI__ligand16133-0
220,BISHUI__ligand13755-0
221,BISHUI__ligand20432-0
222,BISHUI__ligand27122-0
223,BISHUI__ligand3144-0
224,BISHUI__ligand5085-0
225,BISHUI__ligand24953-0
226,BISHUI__ligand23445-0
227,BISHUI__ligand21940-0
228,BISHUI__ligand8042-0
229,BISHUI__ligand6112-0
230,BISHUI__ligand25048-0
231,BISHUI__ligand909-0
232,BISHUI__ligand1828-0
233,BISHUI__ligand1397-0
234,BISHUI__ligand49-0
235,BISHUI__ligand7213-0
236,BISHUI__ligand5630-0
237,BISHUI__ligand30004-0
238,BISHUI__ligand20557-0
239,BISHUI__ligand89-0
240,BISHUI__ligand1786-0
241,BISHUI__ligand177-0
242,BISHUI__ligand4795-0
243,BISHUI__ligand3285-0
244,BISHUI__ligand1908-0
245,BISHUI__ligand116-0
246,BISHUI__ligand5515-0
247,BISHUI__ligand6663-0
248,BISHUI__ligand252-0
249,BISHUI__ligand5280-0
250,BISHUI__ligand5614-0
251,BISHUI__ligand1831-0
252,BISHUI__ligand18757-0
253,BISHUI__ligand24560-0
254,BISHUI__ligand18413-0
255,BISHUI__ligand20844-0
256,BISHUI__ligand24624-0
257,BISHUI__ligand830-0
258,BISHUI__ligand21752-0
259,BISHUI__ligand1216-0
260,BISHUI__ligand372-0
261,BISHUI__ligand5019-0
262,BISHUI__ligand1152-0
263,BISHUI__ligand3261-0
264,BISHUI__ligand14339-0
265,BISHUI__ligand193-0
266,BISHUI__ligand1849-0
267,BISHUI__ligand30788-0
268,BISHUI__ligand13691-0
269,BISHUI__ligand1150-0
270,BISHUI__ligand20942-1
271,BISHUI__ligand21339-0
272,BISHUI__ligand14226-0
273,BISHUI__ligand16956-0
274,BISHUI__ligand370-0
275,BISHUI__ligand1539-0
276,BISHUI__ligand23682-0
277,BISHUI__ligand4207-0
278,BISHUI__ligand29565-0
279,BISHUI__ligand27771-0
280,BISHUI__ligand3453-0
281,BISHUI__ligand3416-0
282,BISHUI__ligand18158-0
283,BISHUI__ligand17-0
284,BISHUI__ligand250-0
285,BISHUI__ligand14007-0
286,BISHUI__ligand3042-0
287,BISHUI__ligand18019-1
288,BISHUI__ligand27550-0
289,BISHUI__ligand8200-0
290,BISHUI__ligand7438-0
291,BISHUI__ligand4063-0
292,BISHUI__ligand9750-0
293,BISHUI__ligand29214-0
294,BISHUI__ligand1779-0
295,BISHUI__ligand188-0
296,BISHUI__ligand11501-0
297,BISHUI__ligand11544-0
298,BISHUI__ligand6993-0
299,BISHUI__ligand1817-0
300,BISHUI__ligand21448-0
301,BISHUI__ligand3980-0
302,BISHUI__ligand3557-0
303,BISHUI__ligand1149-0
304,BISHUI__ligand7075-0
305,BISHUI__ligand22357-0
306,BISHUI__ligand11758-0
307,BISHUI__ligand20731-0
308,BISHUI__ligand12413-0
309,BISHUI__ligand29334-0
310,BISHUI__ligand785-0
311,BISHUI__ligand311-0
312,BISHUI__ligand11798-0
313,BISHUI__ligand1288-0
314,BISHUI__ligand479-0
315,BISHUI__ligand4167-0
316,BISHUI__ligand14477-0
317,BISHUI__ligand564-0
318,BISHUI__ligand17069-0
319,BISHUI__ligand1400-0
320,BISHUI__ligand4266-0
321,BISHUI__ligand17445-0
322,BISHUI__ligand370-1
323,BISHUI__ligand620-0
324,BISHUI__ligand9491-0
325,BISHUI__ligand22353-0
326,BISHUI__ligand235-0
327,BISHUI__ligand19906-0
328,BISHUI__ligand19668-0
329,BISHUI__ligand1015-0
330,BISHUI__ligand1050-0
331,BISHUI__ligand134-0
332,BISHUI__ligand2027-0
333,BISHUI__ligand4262-0
334,BISHUI__ligand10151-0
335,BISHUI__ligand560-0
336,BISHUI__ligand1028-0
337,BISHUI__ligand1618-0
338,BISHUI__ligand2692-0
339,BISHUI__ligand1498-0
340,BISHUI__ligand20220-0
341,BISHUI__ligand4596-0
342,BISHUI__ligand294-0
343,BISHUI__ligand20121-0
344,BISHUI__ligand15387-0
345,BISHUI__ligand9615-0
346,BISHUI__ligand1154-0
347,BISHUI__ligand29813-0
348,BISHUI__ligand16952-0
349,BISHUI__ligand1169-0
350,BISHUI__ligand10479-0
351,BISHUI__ligand27610-0
352,BISHUI__ligand11479-0
353,BISHUI__ligand421-0
354,BISHUI__ligand8529-0
355,BISHUI__ligand29441-0
356,BISHUI__ligand10853-0
357,BISHUI__ligand24851-0
358,BISHUI__ligand14347-0
359,BISHUI__ligand13657-0
360,BISHUI__ligand14302-0
361,BISHUI__ligand20530-0
362,BISHUI__ligand11698-0
363,BISHUI__ligand685-0
364,BISHUI__ligand11814-0
365,BISHUI__ligand9944-0
366,BISHUI__ligand8593-0
367,BISHUI__ligand16603-0
368,BISHUI__ligand11-0
369,BISHUI__ligand16870-0
370,BISHUI__ligand7566-0
371,BISHUI__ligand11622-0
372,BISHUI__ligand2001-0
373,BISHUI__ligand11177-0
374,BISHUI__ligand5201-0
375,BISHUI__ligand15455-0
376,BISHUI__ligand69-0
377,BISHUI__ligand197-0
378,BISHUI__ligand8553-0
379,BISHUI__ligand1113-0
380,BISHUI__ligand31205-0
381,BISHUI__ligand17686-0
382,BISHUI__ligand25658-0
383,BISHUI__ligand3471-0
384,BISHUI__ligand4161-0
385,BISHUI__ligand4124-0
386,BISHUI__ligand11252-0
387,BISHUI__ligand10582-0
388,BISHUI__ligand13260-0
389,BISHUI__ligand5415-0
390,BISHUI__ligand352-0
391,BISHUI__ligand783-0
392,BISHUI__ligand19824-0
393,BISHUI__ligand18067-0
394,BISHUI__ligand26673-0
395,BISHUI__ligand3180-0
396,BISHUI__ligand20821-0
397,BISHUI__ligand868-0
398,BISHUI__ligand2281-0
399,BISHUI__ligand2650-0
400,BISHUI__ligand4340-0
401,BISHUI__ligand11606-0
402,BISHUI__ligand2823-0
403,BISHUI__ligand6995-0
404,BISHUI__ligand31000-0
405,BISHUI__ligand9197-0
406,BISHUI__ligand18013-0
407,BISHUI__ligand25224-0
408,BISHUI__ligand326-0
409,BISHUI__ligand17945-0
410,BISHUI__ligand1900-0
411,BISHUI__ligand31578-0
412,BISHUI__ligand17207-0
413,BISHUI__ligand7162-0
414,BISHUI__ligand3029-0
415,BISHUI__ligand24750-0
416,BISHUI__ligand1773-0
417,BISHUI__ligand4581-0
418,BISHUI__ligand2328-0
419,BISHUI__ligand692-0
420,BISHUI__ligand15438-0
421,BISHUI__ligand28924-0
422,BISHUI__ligand3350-0
423,BISHUI__ligand7573-0
424,BISHUI__ligand2781-0
425,BISHUI__ligand8722-0
426,BISHUI__ligand6672-0
427,BISHUI__ligand9809-0
428,BISHUI__ligand1327-0
429,BISHUI__ligand29087-0
430,BISHUI__ligand436-0
431,BISHUI__ligand2208-0
432,BISHUI__ligand3208-0
433,BISHUI__ligand18703-0
434,BISHUI__ligand24064-0
435,BISHUI__ligand1496-0
436,BISHUI__ligand7557-0
437,BISHUI__ligand23589-0
438,BISHUI__ligand15168-0
439,BISHUI__ligand1533-0
440,BISHUI__ligand5094-0
441,BISHUI__ligand5892-0
442,BISHUI__ligand29898-0
443,BISHUI__ligand497-0
444,BISHUI__ligand26277-0
445,BISHUI__ligand11432-0
446,BISHUI__ligand31618-0
447,BISHUI__ligand10432-0
448,BISHUI__ligand22755-0
449,BISHUI__ligand4131-0
450,BISHUI__ligand1712-0
451,BISHUI__ligand633-0
452,BISHUI__ligand9525-0
453,BISHUI__ligand300-0
454,BISHUI__ligand21421-0
455,BISHUI__ligand1165-0
456,BISHUI__ligand14586-0
457,BISHUI__ligand11774-0
458,BISHUI__ligand3157-0
459,BISHUI__ligand2722-0
460,BISHUI__ligand588-0
461,BISHUI__ligand1379-0
462,BISHUI__ligand5935-0
463,BISHUI__ligand17710-0
464,BISHUI__ligand20579-0
465,BISHUI__ligand11568-0
466,BISHUI__ligand31483-0
467,BISHUI__ligand1768-0
468,BISHUI__ligand67-0
469,BISHUI__ligand10555-0
470,BISHUI__ligand199-0
471,BISHUI__ligand1469-0
472,BISHUI__ligand3871-0
473,BISHUI__ligand3647-0
474,BISHUI__ligand5357-0
475,BISHUI__ligand24613-0
476,BISHUI__ligand1688-0
477,BISHUI__ligand4850-0
478,BISHUI__ligand5056-0
479,BISHUI__ligand19725-0
480,BISHUI__ligand8349-0
481,BISHUI__ligand8464-0
482,BISHUI__ligand1709-0
483,BISHUI__ligand43-0
484,BISHUI__ligand13072-0
485,BISHUI__ligand2527-0
486,BISHUI__ligand12336-0
487,BISHUI__ligand17240-0
488,BISHUI__ligand409-0
489,BISHUI__ligand17590-0
490,BISHUI__ligand324-0
491,BISHUI__ligand5849-0
492,BISHUI__ligand361-0
493,BISHUI__ligand1771-0
494,BISHUI__ligand4911-0
495,BISHUI__ligand18699-0
496,BISHUI__ligand12682-0
497,BISHUI__ligand3392-0
498,BISHUI__ligand4332-0
499,BISHUI__ligand488-0
500,BISHUI__ligand430-0
501,BISHUI__ligand9681-0
502,BISHUI__ligand18391-0
503,BISHUI__ligand27169-0
504,BISHUI__ligand358-0
505,BISHUI__ligand14523-0
506,BISHUI__ligand1065-0
507,BISHUI__ligand7530-0
508,BISHUI__ligand694-0
509,BISHUI__ligand27074-0
510,BISHUI__ligand3012-0
511,BISHUI__ligand20599-0
512,BISHUI__ligand22981-0
513,BISHUI__ligand25805-0
514,BISHUI__ligand1449-0
515,BISHUI__ligand21936-0
516,BISHUI__ligand13257-0
517,BISHUI__ligand23904-0
518,BISHUI__ligand2403-0
519,BISHUI__ligand1-0
520,BISHUI__ligand6882-0
521,BISHUI__ligand6455-0
522,BISHUI__ligand10084-0
523,BISHUI__ligand25267-0
524,BISHUI__ligand3934-0
525,BISHUI__ligand12467-0
526,BISHUI__ligand29610-0
527,BISHUI__ligand571-0
528,BISHUI__ligand7529-0
529,BISHUI__ligand534-0
530,BISHUI__ligand11140-0
531,BISHUI__ligand1415-0
532,BISHUI__ligand6946-0
533,BISHUI__ligand670-0
534,BISHUI__ligand9148-0
535,BISHUI__ligand18074-0
536,BISHUI__ligand13869-0
537,BISHUI__ligand29863-0
538,BISHUI__ligand5483-0
539,BISHUI__ligand18799-0
540,BISHUI__ligand5316-0
541,BISHUI__ligand18465-0
542,BISHUI__ligand16791-0
543,BISHUI__ligand2830-0
544,BISHUI__ligand1729-0
545,BISHUI__ligand28668-0
546,BISHUI__ligand5627-0
547,BISHUI__ligand383-0
548,BISHUI__ligand25650-0
549,BISHUI__ligand6062-0
550,BISHUI__ligand31248-0
551,BISHUI__ligand416-0
552,BISHUI__ligand4738-0
553,BISHUI__ligand4813-0
554,BISHUI__ligand5813-0
555,BISHUI__ligand12660-0
556,BISHUI__ligand226-0
557,BISHUI__ligand24-0
558,BISHUI__ligand6283-0
559,BISHUI__ligand162-0
560,BISHUI__ligand19257-0
561,BISHUI__ligand13209-0
562,BISHUI__ligand25735-0
563,BISHUI__ligand12519-0
564,BISHUI__ligand7107-0
565,BISHUI__ligand23124-0
566,BISHUI__ligand11206-0
567,BISHUI__ligand19-0
568,BISHUI__ligand3215-0
569,BISHUI__ligand3-0
570,BISHUI__ligand78-0
571,BISHUI__ligand23906-0
572,BISHUI__ligand11166-0
573,BISHUI__ligand7925-0
574,BISHUI__ligand2068-0
575,BISHUI__ligand656-0
576,BISHUI__ligand21132-0
577,BISHUI__ligand3973-0
578,BISHUI__ligand30539-0
579,BISHUI__ligand1147-0
580,BISHUI__ligand25689-0
581,BISHUI__ligand21787-0
582,BISHUI__ligand25575-0
583,BISHUI__ligand4330-0
584,BISHUI__ligand2599-0
585,BISHUI__ligand4194-0
586,BISHUI__ligand696-0
587,BISHUI__ligand27835-0
588,BISHUI__ligand45-0
589,BISHUI__ligand12295-0
590,BISHUI__ligand7532-0
591,BISHUI__ligand1575-0
592,BISHUI__ligand1530-0
593,BISHUI__ligand14603-0
594,BISHUI__ligand14297-0
595,BISHUI__ligand384-0
596,BISHUI__ligand17258-0
597,BISHUI__ligand9933-0
598,BISHUI__ligand17631-0
599,BISHUI__ligand1631-0
600,BISHUI__ligand13012-0
601,BISHUI__ligand26665-0
602,BISHUI__ligand9441-0
603,BISHUI__ligand66-0
604,BISHUI__ligand2332-0
605,BISHUI__ligand31783-0
606,BISHUI__ligand14723-0
607,BISHUI__ligand1378-0
608,BISHUI__ligand27893-0
609,BISHUI__ligand20578-0
610,BISHUI__ligand12934-0
611,BISHUI__ligand15422-0
612,BISHUI__ligand6244-0
613,BISHUI__ligand19641-0
614,BISHUI__ligand27175-0
615,BISHUI__ligand18832-0
616,BISHUI__ligand23713-0
617,BISHUI__ligand768-0
618,BISHUI__ligand2915-0
619,BISHUI__ligand30988-0
620,BISHUI__ligand3156-0
621,BISHUI__ligand1018-0
622,BISHUI__ligand4-0
623,BISHUI__ligand4116-0
624,BISHUI__ligand27460-0
625,BISHUI__ligand7967-0
626,BISHUI__ligand6124-0
627,BISHUI__ligand3707-0
628,BISHUI__ligand12427-0
629,BISHUI__ligand20740-0
630,BISHUI__ligand9601-0
631,BISHUI__ligand28468-0
632,BISHUI__ligand16628-0
633,BISHUI__ligand8992-0
634,BISHUI__ligand30296-0
635,BISHUI__ligand17281-0
636,BISHUI__ligand1615-0
637,BISHUI__ligand5036-0
638,BISHUI__ligand2526-0
639,BISHUI__ligand26540-0
640,BISHUI__ligand9111-0
641,BISHUI__ligand9952-0
642,BISHUI__ligand12337-0
643,BISHUI__ligand29410-0
644,BISHUI__ligand1324-0
645,BISHUI__ligand141-0
646,BISHUI__ligand8721-0
647,BISHUI__ligand30333-0
648,BISHUI__ligand12606-0
649,BISHUI__ligand1823-0
650,BISHUI__ligand5643-0
651,BISHUI__ligand240-0
652,BISHUI__ligand42-0
653,BISHUI__ligand14108-0
654,BISHUI__ligand693-0
655,BISHUI__ligand12641-0
656,BISHUI__ligand4641-0
657,BISHUI__ligand10958-0
658,BISHUI__ligand7126-0
659,BISHUI__ligand2028-0
660,BISHUI__ligand8835-0
661,BISHUI__ligand38-0
662,BISHUI__ligand28676-0
663,BISHUI__ligand10262-0
664,BISHUI__ligand27763-0
665,BISHUI__ligand18814-0
666,BISHUI__ligand19057-0
667,BISHUI__ligand3234-0
668,BISHUI__ligand1142-0
669,BISHUI__ligand13425-0
670,BISHUI__ligand29302-0
671,BISHUI__ligand18292-0
672,BISHUI__ligand12289-0
673,BISHUI__ligand26702-0
674,BISHUI__ligand13658-0
675,BISHUI__ligand3465-0
676,BISHUI__ligand12130-0
677,BISHUI__ligand17387-0
678,BISHUI__ligand6102-0
679,BISHUI__ligand6904-0
680,BISHUI__ligand3721-0
681,BISHUI__ligand6596-0
682,BISHUI__ligand12231-0
683,BISHUI__ligand2917-0
684,BISHUI__ligand12401-0
685,BISHUI__ligand15585-0
686,BISHUI__ligand7819-0
687,BISHUI__ligand24145-0
688,BISHUI__ligand10476-0
689,BISHUI__ligand13068-0
690,BISHUI__ligand19830-0
691,BISHUI__ligand24185-0
692,BISHUI__ligand23769-0
693,BISHUI__ligand757-0
694,BISHUI__ligand6067-0
695,BISHUI__ligand1577-0
696,BISHUI__ligand25178-0
697,BISHUI__ligand2295-0
698,BISHUI__ligand17302-0
699,BISHUI__ligand122-0
700,BISHUI__ligand17805-0
701,BISHUI__ligand4620-0
702,BISHUI__ligand13390-0
703,BISHUI__ligand1263-0
704,BISHUI__ligand9908-0
705,BISHUI__ligand845-0
706,BISHUI__ligand7106-0
707,BISHUI__ligand20682-0
708,BISHUI__ligand7242-0
709,BISHUI__ligand18-0
710,BISHUI__ligand4661-0
711,BISHUI__ligand1844-0
712,BISHUI__ligand26810-0
713,BISHUI__ligand27482-0
714,BISHUI__ligand6616-0
715,BISHUI__ligand3035-0
716,BISHUI__ligand3876-0
717,BISHUI__ligand1343-0
718,BISHUI__ligand13208-0
719,BISHUI__ligand126-0
720,BISHUI__ligand163-0
721,BISHUI__ligand3718-0
722,BISHUI__ligand9935-0
723,BISHUI__ligand1573-0
724,BISHUI__ligand1536-0
725,BISHUI__ligand1959-0
726,BISHUI__ligand3504-0
727,BISHUI__ligand941-0
728,BISHUI__ligand596-0
729,BISHUI__ligand6919-0
730,BISHUI__ligand3852-0
731,BISHUI__ligand2485-0
732,BISHUI__ligand31832-0
733,BISHUI__ligand13294-0
734,BISHUI__ligand12030-0
735,BISHUI__ligand3565-0
736,BISHUI__ligand14248-0
737,BISHUI__ligand29879-0
738,BISHUI__ligand28884-0
739,BISHUI__ligand1512-0
740,BISHUI__ligand13331-0
741,BISHUI__ligand5331-0
742,BISHUI__ligand777-0
743,BISHUI__ligand6839-0
744,BISHUI__ligand14174-0
745,BISHUI__ligand8969-0
746,BISHUI__ligand3131-0
747,BISHUI__ligand1202-0
748,BISHUI__ligand3937-0
749,BISHUI__ligand3174-0
750,BISHUI__ligand10712-0
751,BISHUI__ligand366-0
752,BISHUI__ligand11456-0
753,BISHUI__ligand4720-0
754,BISHUI__ligand3094-0
755,BISHUI__ligand4155-0
756,BISHUI__ligand25411-0
757,BISHUI__ligand187-0
758,BISHUI__ligand5211-0
759,BISHUI__ligand657-0
760,BISHUI__ligand2232-0
761,BISHUI__ligand321-0
762,BISHUI__ligand2176-0
763,BISHUI__ligand20251-1
764,BISHUI__ligand9291-0
765,BISHUI__ligand9833-0
766,BISHUI__ligand7648-0
767,BISHUI__ligand2828-0
768,BISHUI__ligand8876-0
769,BISHUI__ligand178-0
770,BISHUI__ligand5256-0
771,BISHUI__ligand14703-0
772,BISHUI__ligand16475-0
773,BISHUI__ligand185-0
774,BISHUI__ligand279-0
775,BISHUI__ligand4157-0
776,BISHUI__ligand201-0
777,BISHUI__ligand17398-0
778,BISHUI__ligand4546-0
779,BISHUI__ligand20598-0
780,BISHUI__ligand4503-0
781,BISHUI__ligand11675-0
782,BISHUI__ligand24047-0
783,BISHUI__ligand22557-0
784,BISHUI__ligand10589-0
785,BISHUI__ligand8115-0
786,BISHUI__ligand17278-0
787,BISHUI__ligand20011-0
788,BISHUI__ligand6768-0
789,BISHUI__ligand17982-0
790,BISHUI__ligand1982-0
791,BISHUI__ligand29414-0
792,BISHUI__ligand7000-0
793,BISHUI__ligand1285-0
794,BISHUI__ligand29568-0
795,BISHUI__ligand1304-0
796,BISHUI__ligand1790-0
797,BISHUI__ligand7280-0
798,BISHUI__ligand14889-0
799,BISHUI__ligand7238-0
800,BISHUI__ligand30851-0
801,BISHUI__ligand20419-0
802,BISHUI__ligand4016-0
803,BISHUI__ligand338-0
804,BISHUI__ligand21371-0
805,BISHUI__ligand17118-0
806,BISHUI__ligand7867-0
807,BISHUI__ligand28789-0
808,BISHUI__ligand6709-0
809,BISHUI__ligand1219-0
810,BISHUI__ligand14117-0
811,BISHUI__ligand3954-0
812,BISHUI__ligand17261-0
813,BISHUI__ligand4442-0
814,BISHUI__ligand4093-0
815,BISHUI__ligand9520-0
816,BISHUI__ligand8699-0
817,BISHUI__ligand1160-0
818,BISHUI__ligand20539-0
819,BISHUI__ligand9784-0
820,BISHUI__ligand20214-0
821,BISHUI__ligand30702-0
822,BISHUI__ligand20251-0
823,BISHUI__ligand4272-0
824,BISHUI__ligand1451-0
825,BISHUI__ligand31097-0
826,BISHUI__ligand21581-0
827,BISHUI__ligand7629-0
