,TMC
0,ZONGUG__ligand30702-0
1,ZONGUG__ligand20214-0
2,ZONGUG__ligand20251-0
3,ZONGUG__ligand9681-0
4,ZONGUG__ligand383-0
5,ZONGUG__ligand20539-0
6,ZONGUG__ligand21581-0
7,ZONGUG__ligand31097-0
8,ZONGUG__ligand4332-0
9,ZONGUG__ligand416-0
10,ZONGUG__ligand3012-0
11,ZONGUG__ligand14117-0
12,ZONGUG__ligand226-0
13,ZONGUG__ligand17261-0
14,ZONGUG__ligand1449-0
15,ZONGUG__ligand1065-0
16,ZONGUG__ligand162-0
17,ZONGUG__ligand7530-0
18,ZONGUG__ligand21371-0
19,ZONGUG__ligand17118-0
20,ZONGUG__ligand2403-0
21,ZONGUG__ligand20419-0
22,ZONGUG__ligand67-0
23,ZONGUG__ligand28789-0
24,ZONGUG__ligand3934-0
25,ZONGUG__ligand29568-0
26,ZONGUG__ligand6882-0
27,ZONGUG__ligand6455-0
28,ZONGUG__ligand14889-0
29,ZONGUG__ligand30851-0
30,ZONGUG__ligand17982-0
31,ZONGUG__ligand29414-0
32,ZONGUG__ligand1415-0
33,ZONGUG__ligand6946-0
34,ZONGUG__ligand43-0
35,ZONGUG__ligand20011-0
36,ZONGUG__ligand17278-0
37,ZONGUG__ligand656-0
38,ZONGUG__ligand7529-0
39,ZONGUG__ligand17398-0
40,ZONGUG__ligand24047-0
41,ZONGUG__ligand10589-0
42,ZONGUG__ligand22557-0
43,ZONGUG__ligand20598-0
44,ZONGUG__ligand11675-0
45,ZONGUG__ligand9148-0
46,ZONGUG__ligand14703-0
47,ZONGUG__ligand16475-0
48,ZONGUG__ligand5316-0
49,ZONGUG__ligand5483-0
50,ZONGUG__ligand1729-0
51,ZONGUG__ligand5627-0
52,ZONGUG__ligand696-0
53,ZONGUG__ligand20251-1
54,ZONGUG__ligand2830-0
55,ZONGUG__ligand25411-0
56,ZONGUG__ligand4738-0
57,ZONGUG__ligand488-0
58,ZONGUG__ligand4813-0
59,ZONGUG__ligand5813-0
60,ZONGUG__ligand358-0
61,ZONGUG__ligand6062-0
62,ZONGUG__ligand430-0
63,ZONGUG__ligand6283-0
64,ZONGUG__ligand694-0
65,ZONGUG__ligand14174-0
66,ZONGUG__ligand10712-0
67,ZONGUG__ligand11456-0
68,ZONGUG__ligand14248-0
69,ZONGUG__ligand29879-0
70,ZONGUG__ligand12030-0
71,ZONGUG__ligand28884-0
72,ZONGUG__ligand7107-0
73,ZONGUG__ligand13331-0
74,ZONGUG__ligand13294-0
75,ZONGUG__ligand3215-0
76,ZONGUG__ligand31832-0
77,ZONGUG__ligand7925-0
78,ZONGUG__ligand534-0
79,ZONGUG__ligand571-0
80,ZONGUG__ligand2068-0
81,ZONGUG__ligand670-0
82,ZONGUG__ligand26810-0
83,ZONGUG__ligand27482-0
84,ZONGUG__ligand1147-0
85,ZONGUG__ligand13208-0
86,ZONGUG__ligand3973-0
87,ZONGUG__ligand4330-0
88,ZONGUG__ligand2599-0
89,ZONGUG__ligand20682-0
90,ZONGUG__ligand13390-0
91,ZONGUG__ligand7532-0
92,ZONGUG__ligand4194-0
93,ZONGUG__ligand17302-0
94,ZONGUG__ligand300-0
95,ZONGUG__ligand9197-0
96,ZONGUG__ligand17805-0
97,ZONGUG__ligand1900-0
98,ZONGUG__ligand23769-0
99,ZONGUG__ligand1773-0
100,ZONGUG__ligand4581-0
101,ZONGUG__ligand588-0
102,ZONGUG__ligand24185-0
103,ZONGUG__ligand2328-0
104,ZONGUG__ligand25178-0
105,ZONGUG__ligand7162-0
106,ZONGUG__ligand24-0
107,ZONGUG__ligand3029-0
108,ZONGUG__ligand8722-0
109,ZONGUG__ligand199-0
110,ZONGUG__ligand24145-0
111,ZONGUG__ligand6672-0
112,ZONGUG__ligand19-0
113,ZONGUG__ligand9809-0
114,ZONGUG__ligand1327-0
115,ZONGUG__ligand12401-0
116,ZONGUG__ligand15585-0
117,ZONGUG__ligand13068-0
118,ZONGUG__ligand19830-0
119,ZONGUG__ligand3350-0
120,ZONGUG__ligand7573-0
121,ZONGUG__ligand10476-0
122,ZONGUG__ligand2781-0
123,ZONGUG__ligand17387-0
124,ZONGUG__ligand12130-0
125,ZONGUG__ligand18292-0
126,ZONGUG__ligand2208-0
127,ZONGUG__ligand12289-0
128,ZONGUG__ligand3208-0
129,ZONGUG__ligand26702-0
130,ZONGUG__ligand13658-0
131,ZONGUG__ligand12231-0
132,ZONGUG__ligand1496-0
133,ZONGUG__ligand7557-0
134,ZONGUG__ligand18814-0
135,ZONGUG__ligand19057-0
136,ZONGUG__ligand29302-0
137,ZONGUG__ligand13425-0
138,ZONGUG__ligand78-0
139,ZONGUG__ligand1533-0
140,ZONGUG__ligand27763-0
141,ZONGUG__ligand28676-0
142,ZONGUG__ligand10262-0
143,ZONGUG__ligand12641-0
144,ZONGUG__ligand5094-0
145,ZONGUG__ligand5892-0
146,ZONGUG__ligand361-0
147,ZONGUG__ligand324-0
148,ZONGUG__ligand409-0
149,ZONGUG__ligand10958-0
150,ZONGUG__ligand45-0
151,ZONGUG__ligand14108-0
152,ZONGUG__ligand4131-0
153,ZONGUG__ligand1712-0
154,ZONGUG__ligand30333-0
155,ZONGUG__ligand3157-0
156,ZONGUG__ligand326-0
157,ZONGUG__ligand9525-0
158,ZONGUG__ligand12606-0
159,ZONGUG__ligand1165-0
160,ZONGUG__ligand17281-0
161,ZONGUG__ligand5935-0
162,ZONGUG__ligand30296-0
163,ZONGUG__ligand12337-0
164,ZONGUG__ligand2722-0
165,ZONGUG__ligand29410-0
166,ZONGUG__ligand26540-0
167,ZONGUG__ligand1379-0
168,ZONGUG__ligand28468-0
169,ZONGUG__ligand20740-0
170,ZONGUG__ligand1469-0
171,ZONGUG__ligand3871-0
172,ZONGUG__ligand692-0
173,ZONGUG__ligand12427-0
174,ZONGUG__ligand16628-0
175,ZONGUG__ligand1768-0
176,ZONGUG__ligand4850-0
177,ZONGUG__ligand5056-0
178,ZONGUG__ligand3647-0
179,ZONGUG__ligand436-0
180,ZONGUG__ligand5357-0
181,ZONGUG__ligand27460-0
182,ZONGUG__ligand1688-0
183,ZONGUG__ligand8349-0
184,ZONGUG__ligand27175-0
185,ZONGUG__ligand8464-0
186,ZONGUG__ligand18832-0
187,ZONGUG__ligand1709-0
188,ZONGUG__ligand23713-0
189,ZONGUG__ligand30988-0
190,ZONGUG__ligand27893-0
191,ZONGUG__ligand14723-0
192,ZONGUG__ligand19641-0
193,ZONGUG__ligand20578-0
194,ZONGUG__ligand12934-0
195,ZONGUG__ligand2527-0
196,ZONGUG__ligand15422-0
197,ZONGUG__ligand497-0
198,ZONGUG__ligand5849-0
199,ZONGUG__ligand31783-0
200,ZONGUG__ligand17258-0
201,ZONGUG__ligand14603-0
202,ZONGUG__ligand14297-0
203,ZONGUG__ligand3392-0
204,ZONGUG__ligand26665-0
205,ZONGUG__ligand17631-0
206,ZONGUG__ligand633-0
207,ZONGUG__ligand13012-0
208,ZONGUG__ligand1771-0
209,ZONGUG__ligand4911-0
210,ZONGUG__ligand1263-0
211,ZONGUG__ligand321-0
212,ZONGUG__ligand9908-0
213,ZONGUG__ligand12295-0
214,ZONGUG__ligand27835-0
215,ZONGUG__ligand21787-0
216,ZONGUG__ligand178-0
217,ZONGUG__ligand25575-0
218,ZONGUG__ligand25689-0
219,ZONGUG__ligand7242-0
220,ZONGUG__ligand279-0
221,ZONGUG__ligand7106-0
222,ZONGUG__ligand185-0
223,ZONGUG__ligand6616-0
224,ZONGUG__ligand3876-0
225,ZONGUG__ligand1343-0
226,ZONGUG__ligand38-0
227,ZONGUG__ligand3035-0
228,ZONGUG__ligand201-0
229,ZONGUG__ligand30539-0
230,ZONGUG__ligand3718-0
231,ZONGUG__ligand1844-0
232,ZONGUG__ligand4661-0
233,ZONGUG__ligand1959-0
234,ZONGUG__ligand23906-0
235,ZONGUG__ligand3504-0
236,ZONGUG__ligand9935-0
237,ZONGUG__ligand21132-0
238,ZONGUG__ligand1573-0
239,ZONGUG__ligand11166-0
240,ZONGUG__ligand1536-0
241,ZONGUG__ligand6919-0
242,ZONGUG__ligand3852-0
243,ZONGUG__ligand2485-0
244,ZONGUG__ligand1512-0
245,ZONGUG__ligand5331-0
246,ZONGUG__ligand25735-0
247,ZONGUG__ligand12519-0
248,ZONGUG__ligand338-0
249,ZONGUG__ligand11206-0
250,ZONGUG__ligand3565-0
251,ZONGUG__ligand23124-0
252,ZONGUG__ligand12660-0
253,ZONGUG__ligand4720-0
254,ZONGUG__ligand13209-0
255,ZONGUG__ligand19257-0
256,ZONGUG__ligand6839-0
257,ZONGUG__ligand8969-0
258,ZONGUG__ligand3131-0
259,ZONGUG__ligand3174-0
260,ZONGUG__ligand1202-0
261,ZONGUG__ligand3937-0
262,ZONGUG__ligand5211-0
263,ZONGUG__ligand31248-0
264,ZONGUG__ligand25650-0
265,ZONGUG__ligand3094-0
266,ZONGUG__ligand4155-0
267,ZONGUG__ligand2176-0
268,ZONGUG__ligand16791-0
269,ZONGUG__ligand9291-0
270,ZONGUG__ligand2232-0
271,ZONGUG__ligand845-0
272,ZONGUG__ligand28668-0
273,ZONGUG__ligand4157-0
274,ZONGUG__ligand9833-0
275,ZONGUG__ligand66-0
276,ZONGUG__ligand7648-0
277,ZONGUG__ligand18465-0
278,ZONGUG__ligand2828-0
279,ZONGUG__ligand8876-0
280,ZONGUG__ligand5256-0
281,ZONGUG__ligand18799-0
282,ZONGUG__ligand4546-0
283,ZONGUG__ligand4503-0
284,ZONGUG__ligand163-0
285,ZONGUG__ligand126-0
286,ZONGUG__ligand29863-0
287,ZONGUG__ligand18074-0
288,ZONGUG__ligand13869-0
289,ZONGUG__ligand1285-0
290,ZONGUG__ligand29610-0
291,ZONGUG__ligand8115-0
292,ZONGUG__ligand6768-0
293,ZONGUG__ligand11140-0
294,ZONGUG__ligand1982-0
295,ZONGUG__ligand7000-0
296,ZONGUG__ligand25267-0
297,ZONGUG__ligand7238-0
298,ZONGUG__ligand596-0
299,ZONGUG__ligand941-0
300,ZONGUG__ligand10084-0
301,ZONGUG__ligand1304-0
302,ZONGUG__ligand1790-0
303,ZONGUG__ligand12467-0
304,ZONGUG__ligand7280-0
305,ZONGUG__ligand13257-0
306,ZONGUG__ligand7867-0
307,ZONGUG__ligand21936-0
308,ZONGUG__ligand1219-0
309,ZONGUG__ligand6709-0
310,ZONGUG__ligand4016-0
311,ZONGUG__ligand777-0
312,ZONGUG__ligand23904-0
313,ZONGUG__ligand9520-0
314,ZONGUG__ligand27074-0
315,ZONGUG__ligand8699-0
316,ZONGUG__ligand1160-0
317,ZONGUG__ligand22981-0
318,ZONGUG__ligand25805-0
319,ZONGUG__ligand20599-0
320,ZONGUG__ligand3954-0
321,ZONGUG__ligand4442-0
322,ZONGUG__ligand4093-0
323,ZONGUG__ligand366-0
324,ZONGUG__ligand187-0
325,ZONGUG__ligand4272-0
326,ZONGUG__ligand1451-0
327,ZONGUG__ligand42-0
328,ZONGUG__ligand7629-0
329,ZONGUG__ligand27169-0
330,ZONGUG__ligand657-0
331,ZONGUG__ligand14523-0
332,ZONGUG__ligand9784-0
333,ZONGUG__ligand18391-0
334,ZONGUG__ligand1631-0
335,ZONGUG__ligand1575-0
336,ZONGUG__ligand1530-0
337,ZONGUG__ligand18699-0
338,ZONGUG__ligand12682-0
339,ZONGUG__ligand9933-0
340,ZONGUG__ligand693-0
341,ZONGUG__ligand17240-0
342,ZONGUG__ligand9441-0
343,ZONGUG__ligand2332-0
344,ZONGUG__ligand17590-0
345,ZONGUG__ligand13072-0
346,ZONGUG__ligand6244-0
347,ZONGUG__ligand12336-0
348,ZONGUG__ligand1378-0
349,ZONGUG__ligand2915-0
350,ZONGUG__ligand3156-0
351,ZONGUG__ligand24613-0
352,ZONGUG__ligand7967-0
353,ZONGUG__ligand6124-0
354,ZONGUG__ligand3707-0
355,ZONGUG__ligand1018-0
356,ZONGUG__ligand19725-0
357,ZONGUG__ligand4116-0
358,ZONGUG__ligand10555-0
359,ZONGUG__ligand31483-0
360,ZONGUG__ligand8992-0
361,ZONGUG__ligand9601-0
362,ZONGUG__ligand9952-0
363,ZONGUG__ligand9111-0
364,ZONGUG__ligand11568-0
365,ZONGUG__ligand757-0
366,ZONGUG__ligand1615-0
367,ZONGUG__ligand2526-0
368,ZONGUG__ligand5036-0
369,ZONGUG__ligand20579-0
370,ZONGUG__ligand17710-0
371,ZONGUG__ligand122-0
372,ZONGUG__ligand1823-0
373,ZONGUG__ligand5643-0
374,ZONGUG__ligand21421-0
375,ZONGUG__ligand1324-0
376,ZONGUG__ligand14586-0
377,ZONGUG__ligand11774-0
378,ZONGUG__ligand8721-0
379,ZONGUG__ligand384-0
380,ZONGUG__ligand29898-0
381,ZONGUG__ligand26277-0
382,ZONGUG__ligand18-0
383,ZONGUG__ligand22755-0
384,ZONGUG__ligand11432-0
385,ZONGUG__ligand4641-0
386,ZONGUG__ligand31618-0
387,ZONGUG__ligand10432-0
388,ZONGUG__ligand7126-0
389,ZONGUG__ligand2028-0
390,ZONGUG__ligand8835-0
391,ZONGUG__ligand15168-0
392,ZONGUG__ligand24064-0
393,ZONGUG__ligand768-0
394,ZONGUG__ligand1142-0
395,ZONGUG__ligand23589-0
396,ZONGUG__ligand3234-0
397,ZONGUG__ligand6102-0
398,ZONGUG__ligand29087-0
399,ZONGUG__ligand3721-0
400,ZONGUG__ligand6904-0
401,ZONGUG__ligand6596-0
402,ZONGUG__ligand18703-0
403,ZONGUG__ligand3465-0
404,ZONGUG__ligand8-0
405,ZONGUG__ligand28924-0
406,ZONGUG__ligand15438-0
407,ZONGUG__ligand2917-0
408,ZONGUG__ligand7819-0
409,ZONGUG__ligand24750-0
410,ZONGUG__ligand1577-0
411,ZONGUG__ligand6067-0
412,ZONGUG__ligand2295-0
413,ZONGUG__ligand141-0
414,ZONGUG__ligand4620-0
415,ZONGUG__ligand17945-0
416,ZONGUG__ligand25224-0
417,ZONGUG__ligand18013-0
418,ZONGUG__ligand31578-0
419,ZONGUG__ligand240-0
420,ZONGUG__ligand17207-0
421,ZONGUG__ligand4358-0
422,ZONGUG__ligand3926-0
423,ZONGUG__ligand780-0
424,ZONGUG__ligand11606-0
425,ZONGUG__ligand3120-0
426,ZONGUG__ligand314-0
427,ZONGUG__ligand31000-0
428,ZONGUG__ligand813-0
429,ZONGUG__ligand2221-0
430,ZONGUG__ligand4101-0
431,ZONGUG__ligand5595-0
432,ZONGUG__ligand26673-0
433,ZONGUG__ligand20821-0
434,ZONGUG__ligand9773-0
435,ZONGUG__ligand5510-0
436,ZONGUG__ligand1376-0
437,ZONGUG__ligand48-0
438,ZONGUG__ligand19824-0
439,ZONGUG__ligand4-0
440,ZONGUG__ligand618-0
441,ZONGUG__ligand18067-0
442,ZONGUG__ligand391-0
443,ZONGUG__ligand1296-0
444,ZONGUG__ligand11252-0
445,ZONGUG__ligand2259-0
446,ZONGUG__ligand10582-0
447,ZONGUG__ligand13260-0
448,ZONGUG__ligand1197-0
449,ZONGUG__ligand8592-0
450,ZONGUG__ligand5099-0
451,ZONGUG__ligand91-0
452,ZONGUG__ligand25658-0
453,ZONGUG__ligand7293-0
454,ZONGUG__ligand17686-0
455,ZONGUG__ligand2822-0
456,ZONGUG__ligand3867-0
457,ZONGUG__ligand1317-0
458,ZONGUG__ligand31205-0
459,ZONGUG__ligand9167-0
460,ZONGUG__ligand5304-0
461,ZONGUG__ligand465-0
462,ZONGUG__ligand11177-0
463,ZONGUG__ligand2238-0
464,ZONGUG__ligand15455-0
465,ZONGUG__ligand16870-0
466,ZONGUG__ligand11622-0
467,ZONGUG__ligand5080-0
468,ZONGUG__ligand7762-0
469,ZONGUG__ligand8002-0
470,ZONGUG__ligand5509-0
471,ZONGUG__ligand51-0
472,ZONGUG__ligand11814-0
473,ZONGUG__ligand1407-0
474,ZONGUG__ligand6117-0
475,ZONGUG__ligand314-1
476,ZONGUG__ligand16603-0
477,ZONGUG__ligand24851-0
478,ZONGUG__ligand3945-0
479,ZONGUG__ligand20530-0
480,ZONGUG__ligand11698-0
481,ZONGUG__ligand14347-0
482,ZONGUG__ligand13657-0
483,ZONGUG__ligand14302-0
484,ZONGUG__ligand5383-0
485,ZONGUG__ligand2693-0
486,ZONGUG__ligand27610-0
487,ZONGUG__ligand10479-0
488,ZONGUG__ligand11479-0
489,ZONGUG__ligand9344-0
490,ZONGUG__ligand3736-0
491,ZONGUG__ligand196-0
492,ZONGUG__ligand29441-0
493,ZONGUG__ligand10853-0
494,ZONGUG__ligand8000-0
495,ZONGUG__ligand16-0
496,ZONGUG__ligand7291-0
497,ZONGUG__ligand686-0
498,ZONGUG__ligand9883-0
499,ZONGUG__ligand3677-1
500,ZONGUG__ligand16952-0
501,ZONGUG__ligand29813-0
502,ZONGUG__ligand2985-0
503,ZONGUG__ligand4007-0
504,ZONGUG__ligand20220-0
505,ZONGUG__ligand15387-0
506,ZONGUG__ligand9299-0
507,ZONGUG__ligand422-0
508,ZONGUG__ligand20121-0
509,ZONGUG__ligand6699-0
510,ZONGUG__ligand10151-0
511,ZONGUG__ligand3677-0
512,ZONGUG__ligand3632-0
513,ZONGUG__ligand1168-0
514,ZONGUG__ligand393-0
515,ZONGUG__ligand1294-0
516,ZONGUG__ligand6892-0
517,ZONGUG__ligand19668-0
518,ZONGUG__ligand19906-0
519,ZONGUG__ligand1211-0
520,ZONGUG__ligand353-0
521,ZONGUG__ligand22353-0
522,ZONGUG__ligand32-0
523,ZONGUG__ligand1464-0
524,ZONGUG__ligand3712-0
525,ZONGUG__ligand1499-0
526,ZONGUG__ligand2881-0
527,ZONGUG__ligand17069-0
528,ZONGUG__ligand746-0
529,ZONGUG__ligand14477-0
530,ZONGUG__ligand1604-0
531,ZONGUG__ligand9943-0
532,ZONGUG__ligand1228-0
533,ZONGUG__ligand17445-0
534,ZONGUG__ligand447-0
535,ZONGUG__ligand12413-0
536,ZONGUG__ligand2043-0
537,ZONGUG__ligand29334-0
538,ZONGUG__ligand20731-0
539,ZONGUG__ligand8788-0
540,ZONGUG__ligand1832-0
541,ZONGUG__ligand176-0
542,ZONGUG__ligand11798-0
543,ZONGUG__ligand21448-0
544,ZONGUG__ligand2417-0
545,ZONGUG__ligand22357-0
546,ZONGUG__ligand11758-0
547,ZONGUG__ligand29214-0
548,ZONGUG__ligand3126-0
549,ZONGUG__ligand6391-0
550,ZONGUG__ligand9284-0
551,ZONGUG__ligand11501-0
552,ZONGUG__ligand487-0
553,ZONGUG__ligand1114-0
554,ZONGUG__ligand11544-0
555,ZONGUG__ligand506-0
556,ZONGUG__ligand27550-0
557,ZONGUG__ligand57-0
558,ZONGUG__ligand1289-0
559,ZONGUG__ligand5387-0
560,ZONGUG__ligand2203-0
561,ZONGUG__ligand18019-1
562,ZONGUG__ligand14007-0
563,ZONGUG__ligand2612-0
564,ZONGUG__ligand29565-0
565,ZONGUG__ligand23682-0
566,ZONGUG__ligand18158-0
567,ZONGUG__ligand1599-0
568,ZONGUG__ligand27771-0
569,ZONGUG__ligand9450-0
570,ZONGUG__ligand20942-1
571,ZONGUG__ligand21339-0
572,ZONGUG__ligand14226-0
573,ZONGUG__ligand152-0
574,ZONGUG__ligand16956-0
575,ZONGUG__ligand14339-0
576,ZONGUG__ligand4807-0
577,ZONGUG__ligand3178-0
578,ZONGUG__ligand30788-0
579,ZONGUG__ligand13691-0
580,ZONGUG__ligand5530-0
581,ZONGUG__ligand1356-0
582,ZONGUG__ligand1787-0
583,ZONGUG__ligand68-0
584,ZONGUG__ligand21752-0
585,ZONGUG__ligand9753-0
586,ZONGUG__ligand7196-0
587,ZONGUG__ligand115-0
588,ZONGUG__ligand5159-0
589,ZONGUG__ligand2788-0
590,ZONGUG__ligand5649-0
591,ZONGUG__ligand18757-0
592,ZONGUG__ligand8793-0
593,ZONGUG__ligand4649-0
594,ZONGUG__ligand24560-0
595,ZONGUG__ligand18413-0
596,ZONGUG__ligand20844-0
597,ZONGUG__ligand24624-0
598,ZONGUG__ligand55-0
599,ZONGUG__ligand2906-0
600,ZONGUG__ligand833-0
601,ZONGUG__ligand3244-0
602,ZONGUG__ligand4711-0
603,ZONGUG__ligand7172-0
604,ZONGUG__ligand34-0
605,ZONGUG__ligand7273-0
606,ZONGUG__ligand9323-0
607,ZONGUG__ligand30004-0
608,ZONGUG__ligand20557-0
609,ZONGUG__ligand1116-0
610,ZONGUG__ligand3225-0
611,ZONGUG__ligand1153-0
612,ZONGUG__ligand2260-0
613,ZONGUG__ligand7092-0
614,ZONGUG__ligand8612-0
615,ZONGUG__ligand784-0
616,ZONGUG__ligand2124-0
617,ZONGUG__ligand25048-0
618,ZONGUG__ligand6017-0
619,ZONGUG__ligand21940-0
620,ZONGUG__ligand368-0
621,ZONGUG__ligand7316-0
622,ZONGUG__ligand395-0
623,ZONGUG__ligand5708-0
624,ZONGUG__ligand20432-0
625,ZONGUG__ligand27122-0
626,ZONGUG__ligand13755-0
627,ZONGUG__ligand16133-0
628,ZONGUG__ligand24953-0
629,ZONGUG__ligand23445-0
630,ZONGUG__ligand5180-0
631,ZONGUG__ligand2027-0
632,ZONGUG__ligand13477-0
633,ZONGUG__ligand14167-0
634,ZONGUG__ligand30142-0
635,ZONGUG__ligand27669-0
636,ZONGUG__ligand1015-0
637,ZONGUG__ligand1050-0
638,ZONGUG__ligand27285-0
639,ZONGUG__ligand29029-0
640,ZONGUG__ligand1028-0
641,ZONGUG__ligand197-0
642,ZONGUG__ligand4262-0
643,ZONGUG__ligand17-0
644,ZONGUG__ligand23197-0
645,ZONGUG__ligand1618-0
646,ZONGUG__ligand2692-0
647,ZONGUG__ligand1498-0
648,ZONGUG__ligand4596-0
649,ZONGUG__ligand10371-0
650,ZONGUG__ligand1154-0
651,ZONGUG__ligand13672-0
652,ZONGUG__ligand783-0
653,ZONGUG__ligand352-0
654,ZONGUG__ligand18568-0
655,ZONGUG__ligand28685-0
656,ZONGUG__ligand9615-0
657,ZONGUG__ligand19184-0
658,ZONGUG__ligand1169-0
659,ZONGUG__ligand868-0
660,ZONGUG__ligand8529-0
661,ZONGUG__ligand12453-0
662,ZONGUG__ligand18448-0
663,ZONGUG__ligand28459-0
664,ZONGUG__ligand11682-0
665,ZONGUG__ligand30711-0
666,ZONGUG__ligand20207-0
667,ZONGUG__ligand9944-0
668,ZONGUG__ligand8593-0
669,ZONGUG__ligand16988-0
670,ZONGUG__ligand25913-0
671,ZONGUG__ligand2001-0
672,ZONGUG__ligand49-0
673,ZONGUG__ligand235-0
674,ZONGUG__ligand7566-0
675,ZONGUG__ligand134-0
676,ZONGUG__ligand89-0
677,ZONGUG__ligand16663-0
678,ZONGUG__ligand560-0
679,ZONGUG__ligand14614-0
680,ZONGUG__ligand5201-0
681,ZONGUG__ligand24035-0
682,ZONGUG__ligand8553-0
683,ZONGUG__ligand31044-0
684,ZONGUG__ligand31842-0
685,ZONGUG__ligand1113-0
686,ZONGUG__ligand11994-0
687,ZONGUG__ligand12365-0
688,ZONGUG__ligand10056-0
689,ZONGUG__ligand294-0
690,ZONGUG__ligand4161-0
691,ZONGUG__ligand3471-0
692,ZONGUG__ligand11357-0
693,ZONGUG__ligand13862-0
694,ZONGUG__ligand4124-0
695,ZONGUG__ligand28743-0
696,ZONGUG__ligand15531-0
697,ZONGUG__ligand22168-0
698,ZONGUG__ligand28930-0
699,ZONGUG__ligand22294-0
700,ZONGUG__ligand21919-0
701,ZONGUG__ligand5415-0
702,ZONGUG__ligand2281-0
703,ZONGUG__ligand2650-0
704,ZONGUG__ligand421-0
705,ZONGUG__ligand4340-0
706,ZONGUG__ligand11970-0
707,ZONGUG__ligand15883-0
708,ZONGUG__ligand3180-0
709,ZONGUG__ligand28810-0
710,ZONGUG__ligand6995-0
711,ZONGUG__ligand11447-0
712,ZONGUG__ligand11096-0
713,ZONGUG__ligand24230-0
714,ZONGUG__ligand15926-0
715,ZONGUG__ligand2823-0
716,ZONGUG__ligand685-0
717,ZONGUG__ligand19792-0
718,ZONGUG__ligand10828-0
719,ZONGUG__ligand3144-0
720,ZONGUG__ligand370-0
721,ZONGUG__ligand5085-0
722,ZONGUG__ligand11949-0
723,ZONGUG__ligand4710-0
724,ZONGUG__ligand5755-0
725,ZONGUG__ligand22129-0
726,ZONGUG__ligand12138-0
727,ZONGUG__ligand24780-0
728,ZONGUG__ligand25561-0
729,ZONGUG__ligand1828-0
730,ZONGUG__ligand1397-0
731,ZONGUG__ligand7213-0
732,ZONGUG__ligand8042-0
733,ZONGUG__ligand11-0
734,ZONGUG__ligand6112-0
735,ZONGUG__ligand69-0
736,ZONGUG__ligand250-0
737,ZONGUG__ligand1786-0
738,ZONGUG__ligand31694-0
739,ZONGUG__ligand5630-0
740,ZONGUG__ligand29486-0
741,ZONGUG__ligand1908-0
742,ZONGUG__ligand17427-0
743,ZONGUG__ligand3285-0
744,ZONGUG__ligand4795-0
745,ZONGUG__ligand1-0
746,ZONGUG__ligand14569-0
747,ZONGUG__ligand5280-0
748,ZONGUG__ligand5614-0
749,ZONGUG__ligand13385-0
750,ZONGUG__ligand1831-0
751,ZONGUG__ligand24111-0
752,ZONGUG__ligand188-0
753,ZONGUG__ligand22444-0
754,ZONGUG__ligand5515-0
755,ZONGUG__ligand6663-0
756,ZONGUG__ligand11587-0
757,ZONGUG__ligand13220-0
758,ZONGUG__ligand17396-0
759,ZONGUG__ligand23175-0
760,ZONGUG__ligand15788-0
761,ZONGUG__ligand27840-0
762,ZONGUG__ligand5019-0
763,ZONGUG__ligand1152-0
764,ZONGUG__ligand3261-0
765,ZONGUG__ligand30728-0
766,ZONGUG__ligand24872-0
767,ZONGUG__ligand479-0
768,ZONGUG__ligand311-0
769,ZONGUG__ligand1216-0
770,ZONGUG__ligand785-0
771,ZONGUG__ligand564-0
772,ZONGUG__ligand10033-0
773,ZONGUG__ligand24644-0
774,ZONGUG__ligand620-0
775,ZONGUG__ligand12001-0
776,ZONGUG__ligand370-1
777,ZONGUG__ligand1849-0
778,ZONGUG__ligand29215-0
779,ZONGUG__ligand1539-0
780,ZONGUG__ligand1150-0
781,ZONGUG__ligand16148-0
782,ZONGUG__ligand26631-0
783,ZONGUG__ligand909-0
784,ZONGUG__ligand3453-0
785,ZONGUG__ligand3416-0
786,ZONGUG__ligand12003-0
787,ZONGUG__ligand21399-0
788,ZONGUG__ligand4207-0
789,ZONGUG__ligand10872-0
790,ZONGUG__ligand3042-0
791,ZONGUG__ligand22403-0
792,ZONGUG__ligand177-0
793,ZONGUG__ligand3-0
794,ZONGUG__ligand27754-0
795,ZONGUG__ligand8200-0
796,ZONGUG__ligand7438-0
797,ZONGUG__ligand20695-0
798,ZONGUG__ligand4063-0
799,ZONGUG__ligand16369-0
800,ZONGUG__ligand28540-0
801,ZONGUG__ligand11111-0
802,ZONGUG__ligand1779-0
803,ZONGUG__ligand6993-0
804,ZONGUG__ligand116-0
805,ZONGUG__ligand1817-0
806,ZONGUG__ligand9750-0
807,ZONGUG__ligand252-0
808,ZONGUG__ligand26529-0
809,ZONGUG__ligand7075-0
810,ZONGUG__ligand11618-0
811,ZONGUG__ligand3980-0
812,ZONGUG__ligand3557-0
813,ZONGUG__ligand1149-0
814,ZONGUG__ligand19927-0
815,ZONGUG__ligand1288-0
816,ZONGUG__ligand830-0
817,ZONGUG__ligand28559-0
818,ZONGUG__ligand26324-0
819,ZONGUG__ligand372-0
820,ZONGUG__ligand14043-0
821,ZONGUG__ligand4266-0
822,ZONGUG__ligand1400-0
823,ZONGUG__ligand193-0
824,ZONGUG__ligand21729-0
825,ZONGUG__ligand27239-0
826,ZONGUG__ligand9491-0
827,ZONGUG__ligand4167-0
