,TMC
0,LALTOI__ligand5080-0
1,LALTOI__ligand7762-0
2,LALTOI__ligand11-0
3,LALTOI__ligand30004-0
4,LALTOI__ligand20557-0
5,LALTOI__ligand8002-0
6,LALTOI__ligand5509-0
7,LALTOI__ligand201-0
8,LALTOI__ligand1407-0
9,LALTOI__ligand6117-0
10,LALTOI__ligand7293-0
11,LALTOI__ligand2822-0
12,LALTOI__ligand21940-0
13,LALTOI__ligand3867-0
14,LALTOI__ligand279-0
15,LALTOI__ligand1317-0
16,LALTOI__ligand185-0
17,LALTOI__ligand25048-0
18,LALTOI__ligand178-0
19,LALTOI__ligand16133-0
20,LALTOI__ligand13755-0
21,LALTOI__ligand2238-0
22,LALTOI__ligand20432-0
23,LALTOI__ligand27122-0
24,LALTOI__ligand321-0
25,LALTOI__ligand9167-0
26,LALTOI__ligand69-0
27,LALTOI__ligand5304-0
28,LALTOI__ligand24953-0
29,LALTOI__ligand23445-0
30,LALTOI__ligand14339-0
31,LALTOI__ligand13691-0
32,LALTOI__ligand9773-0
33,LALTOI__ligand30788-0
34,LALTOI__ligand5510-0
35,LALTOI__ligand1376-0
36,LALTOI__ligand21752-0
37,LALTOI__ligand1197-0
38,LALTOI__ligand8592-0
39,LALTOI__ligand5099-0
40,LALTOI__ligand1296-0
41,LALTOI__ligand2259-0
42,LALTOI__ligand24560-0
43,LALTOI__ligand18757-0
44,LALTOI__ligand2221-0
45,LALTOI__ligand4358-0
46,LALTOI__ligand3926-0
47,LALTOI__ligand24624-0
48,LALTOI__ligand3120-0
49,LALTOI__ligand338-0
50,LALTOI__ligand18413-0
51,LALTOI__ligand20844-0
52,LALTOI__ligand4101-0
53,LALTOI__ligand5595-0
54,LALTOI__ligand1211-0
55,LALTOI__ligand27550-0
56,LALTOI__ligand6892-0
57,LALTOI__ligand163-0
58,LALTOI__ligand1499-0
59,LALTOI__ligand126-0
60,LALTOI__ligand2881-0
61,LALTOI__ligand14007-0
62,LALTOI__ligand1464-0
63,LALTOI__ligand3712-0
64,LALTOI__ligand18019-1
65,LALTOI__ligand23682-0
66,LALTOI__ligand29565-0
67,LALTOI__ligand27771-0
68,LALTOI__ligand6699-0
69,LALTOI__ligand18158-0
70,LALTOI__ligand21339-0
71,LALTOI__ligand845-0
72,LALTOI__ligand1168-0
73,LALTOI__ligand14226-0
74,LALTOI__ligand16956-0
75,LALTOI__ligand20942-1
76,LALTOI__ligand1294-0
77,LALTOI__ligand3677-0
78,LALTOI__ligand3632-0
79,LALTOI__ligand3677-1
80,LALTOI__ligand657-0
81,LALTOI__ligand14477-0
82,LALTOI__ligand9883-0
83,LALTOI__ligand17069-0
84,LALTOI__ligand187-0
85,LALTOI__ligand17445-0
86,LALTOI__ligand7291-0
87,LALTOI__ligand20731-0
88,LALTOI__ligand9299-0
89,LALTOI__ligand29334-0
90,LALTOI__ligand366-0
91,LALTOI__ligand12413-0
92,LALTOI__ligand2985-0
93,LALTOI__ligand4007-0
94,LALTOI__ligand11798-0
95,LALTOI__ligand777-0
96,LALTOI__ligand21448-0
97,LALTOI__ligand5383-0
98,LALTOI__ligand2693-0
99,LALTOI__ligand3945-0
100,LALTOI__ligand11758-0
101,LALTOI__ligand22357-0
102,LALTOI__ligand3736-0
103,LALTOI__ligand8000-0
104,LALTOI__ligand29214-0
105,LALTOI__ligand4-0
106,LALTOI__ligand596-0
107,LALTOI__ligand11501-0
108,LALTOI__ligand9344-0
109,LALTOI__ligand11544-0
110,LALTOI__ligand941-0
111,LALTOI__ligand1599-0
112,LALTOI__ligand2612-0
113,LALTOI__ligand10151-0
114,LALTOI__ligand9450-0
115,LALTOI__ligand19906-0
116,LALTOI__ligand19668-0
117,LALTOI__ligand693-0
118,LALTOI__ligand22353-0
119,LALTOI__ligand17-0
120,LALTOI__ligand1289-0
121,LALTOI__ligand5387-0
122,LALTOI__ligand2203-0
123,LALTOI__ligand24851-0
124,LALTOI__ligand14347-0
125,LALTOI__ligand13657-0
126,LALTOI__ligand122-0
127,LALTOI__ligand14302-0
128,LALTOI__ligand11698-0
129,LALTOI__ligand2417-0
130,LALTOI__ligand20530-0
131,LALTOI__ligand1114-0
132,LALTOI__ligand11479-0
133,LALTOI__ligand10479-0
134,LALTOI__ligand27610-0
135,LALTOI__ligand757-0
136,LALTOI__ligand6391-0
137,LALTOI__ligand3126-0
138,LALTOI__ligand10853-0
139,LALTOI__ligand9284-0
140,LALTOI__ligand29441-0
141,LALTOI__ligand1228-0
142,LALTOI__ligand9943-0
143,LALTOI__ligand29813-0
144,LALTOI__ligand16952-0
145,LALTOI__ligand1604-0
146,LALTOI__ligand8788-0
147,LALTOI__ligand20220-0
148,LALTOI__ligand1832-0
149,LALTOI__ligand20121-0
150,LALTOI__ligand2043-0
151,LALTOI__ligand15387-0
152,LALTOI__ligand7316-0
153,LALTOI__ligand768-0
154,LALTOI__ligand5708-0
155,LALTOI__ligand6017-0
156,LALTOI__ligand31205-0
157,LALTOI__ligand17686-0
158,LALTOI__ligand25658-0
159,LALTOI__ligand49-0
160,LALTOI__ligand11177-0
161,LALTOI__ligand5180-0
162,LALTOI__ligand15455-0
163,LALTOI__ligand7273-0
164,LALTOI__ligand9323-0
165,LALTOI__ligand16870-0
166,LALTOI__ligand7172-0
167,LALTOI__ligand11622-0
168,LALTOI__ligand8612-0
169,LALTOI__ligand11814-0
170,LALTOI__ligand2124-0
171,LALTOI__ligand89-0
172,LALTOI__ligand384-0
173,LALTOI__ligand16603-0
174,LALTOI__ligand1116-0
175,LALTOI__ligand3225-0
176,LALTOI__ligand1153-0
177,LALTOI__ligand2260-0
178,LALTOI__ligand7092-0
179,LALTOI__ligand11606-0
180,LALTOI__ligand240-0
181,LALTOI__ligand5649-0
182,LALTOI__ligand2788-0
183,LALTOI__ligand8793-0
184,LALTOI__ligand141-0
185,LALTOI__ligand4649-0
186,LALTOI__ligand31000-0
187,LALTOI__ligand26673-0
188,LALTOI__ligand3244-0
189,LALTOI__ligand4711-0
190,LALTOI__ligand2906-0
191,LALTOI__ligand20821-0
192,LALTOI__ligand3178-0
193,LALTOI__ligand18067-0
194,LALTOI__ligand4807-0
195,LALTOI__ligand19824-0
196,LALTOI__ligand7196-0
197,LALTOI__ligand11252-0
198,LALTOI__ligand5159-0
199,LALTOI__ligand5530-0
200,LALTOI__ligand1787-0
201,LALTOI__ligand1356-0
202,LALTOI__ligand13260-0
203,LALTOI__ligand9753-0
204,LALTOI__ligand10582-0
205,LALTOI__ligand1169-0
206,LALTOI__ligand8529-0
207,LALTOI__ligand26529-0
208,LALTOI__ligand11618-0
209,LALTOI__ligand1498-0
210,LALTOI__ligand162-0
211,LALTOI__ligand4596-0
212,LALTOI__ligand19927-0
213,LALTOI__ligand226-0
214,LALTOI__ligand14043-0
215,LALTOI__ligand26324-0
216,LALTOI__ligand28559-0
217,LALTOI__ligand27239-0
218,LALTOI__ligand9615-0
219,LALTOI__ligand416-0
220,LALTOI__ligand21729-0
221,LALTOI__ligand1154-0
222,LALTOI__ligand383-0
223,LALTOI__ligand4262-0
224,LALTOI__ligand29215-0
225,LALTOI__ligand696-0
226,LALTOI__ligand1028-0
227,LALTOI__ligand12003-0
228,LALTOI__ligand1618-0
229,LALTOI__ligand16148-0
230,LALTOI__ligand26631-0
231,LALTOI__ligand2692-0
232,LALTOI__ligand10872-0
233,LALTOI__ligand21399-0
234,LALTOI__ligand57-0
235,LALTOI__ligand22403-0
236,LALTOI__ligand656-0
237,LALTOI__ligand20695-0
238,LALTOI__ligand27754-0
239,LALTOI__ligand1015-0
240,LALTOI__ligand1050-0
241,LALTOI__ligand11111-0
242,LALTOI__ligand28540-0
243,LALTOI__ligand2027-0
244,LALTOI__ligand16369-0
245,LALTOI__ligand13385-0
246,LALTOI__ligand14569-0
247,LALTOI__ligand3180-0
248,LALTOI__ligand68-0
249,LALTOI__ligand22444-0
250,LALTOI__ligand2650-0
251,LALTOI__ligand2281-0
252,LALTOI__ligand24111-0
253,LALTOI__ligand4340-0
254,LALTOI__ligand2823-0
255,LALTOI__ligand13220-0
256,LALTOI__ligand11587-0
257,LALTOI__ligand15788-0
258,LALTOI__ligand6995-0
259,LALTOI__ligand23175-0
260,LALTOI__ligand17396-0
261,LALTOI__ligand30728-0
262,LALTOI__ligand4161-0
263,LALTOI__ligand3471-0
264,LALTOI__ligand4124-0
265,LALTOI__ligand27840-0
266,LALTOI__ligand694-0
267,LALTOI__ligand24872-0
268,LALTOI__ligand24644-0
269,LALTOI__ligand358-0
270,LALTOI__ligand5415-0
271,LALTOI__ligand55-0
272,LALTOI__ligand10033-0
273,LALTOI__ligand430-0
274,LALTOI__ligand488-0
275,LALTOI__ligand12001-0
276,LALTOI__ligand11949-0
277,LALTOI__ligand5201-0
278,LALTOI__ligand24780-0
279,LALTOI__ligand12138-0
280,LALTOI__ligand22129-0
281,LALTOI__ligand8553-0
282,LALTOI__ligand1113-0
283,LALTOI__ligand25561-0
284,LALTOI__ligand34-0
285,LALTOI__ligand31694-0
286,LALTOI__ligand9944-0
287,LALTOI__ligand8593-0
288,LALTOI__ligand29486-0
289,LALTOI__ligand670-0
290,LALTOI__ligand7566-0
291,LALTOI__ligand534-0
292,LALTOI__ligand571-0
293,LALTOI__ligand17427-0
294,LALTOI__ligand2001-0
295,LALTOI__ligand12365-0
296,LALTOI__ligand10056-0
297,LALTOI__ligand1216-0
298,LALTOI__ligand28743-0
299,LALTOI__ligand5019-0
300,LALTOI__ligand15531-0
301,LALTOI__ligand13862-0
302,LALTOI__ligand11357-0
303,LALTOI__ligand1152-0
304,LALTOI__ligand3261-0
305,LALTOI__ligand22294-0
306,LALTOI__ligand22168-0
307,LALTOI__ligand28930-0
308,LALTOI__ligand1849-0
309,LALTOI__ligand199-0
310,LALTOI__ligand21919-0
311,LALTOI__ligand11970-0
312,LALTOI__ligand5515-0
313,LALTOI__ligand6663-0
314,LALTOI__ligand15883-0
315,LALTOI__ligand5280-0
316,LALTOI__ligand5614-0
317,LALTOI__ligand588-0
318,LALTOI__ligand1831-0
319,LALTOI__ligand24230-0
320,LALTOI__ligand11096-0
321,LALTOI__ligand11447-0
322,LALTOI__ligand28810-0
323,LALTOI__ligand10828-0
324,LALTOI__ligand19792-0
325,LALTOI__ligand300-0
326,LALTOI__ligand48-0
327,LALTOI__ligand15926-0
328,LALTOI__ligand20207-0
329,LALTOI__ligand30711-0
330,LALTOI__ligand5630-0
331,LALTOI__ligand11682-0
332,LALTOI__ligand1786-0
333,LALTOI__ligand361-0
334,LALTOI__ligand324-0
335,LALTOI__ligand25913-0
336,LALTOI__ligand409-0
337,LALTOI__ligand16988-0
338,LALTOI__ligand3285-0
339,LALTOI__ligand4795-0
340,LALTOI__ligand1908-0
341,LALTOI__ligand91-0
342,LALTOI__ligand4710-0
343,LALTOI__ligand5755-0
344,LALTOI__ligand16663-0
345,LALTOI__ligand3144-0
346,LALTOI__ligand51-0
347,LALTOI__ligand5085-0
348,LALTOI__ligand14614-0
349,LALTOI__ligand8042-0
350,LALTOI__ligand6112-0
351,LALTOI__ligand24035-0
352,LALTOI__ligand3-0
353,LALTOI__ligand1828-0
354,LALTOI__ligand11994-0
355,LALTOI__ligand31044-0
356,LALTOI__ligand31842-0
357,LALTOI__ligand1397-0
358,LALTOI__ligand7213-0
359,LALTOI__ligand436-0
360,LALTOI__ligand16-0
361,LALTOI__ligand10371-0
362,LALTOI__ligand1288-0
363,LALTOI__ligand4167-0
364,LALTOI__ligand1-0
365,LALTOI__ligand13672-0
366,LALTOI__ligand1400-0
367,LALTOI__ligand4266-0
368,LALTOI__ligand18568-0
369,LALTOI__ligand28685-0
370,LALTOI__ligand9491-0
371,LALTOI__ligand692-0
372,LALTOI__ligand9750-0
373,LALTOI__ligand19184-0
374,LALTOI__ligand1779-0
375,LALTOI__ligand6993-0
376,LALTOI__ligand1817-0
377,LALTOI__ligand3980-0
378,LALTOI__ligand3557-0
379,LALTOI__ligand1149-0
380,LALTOI__ligand7075-0
381,LALTOI__ligand28459-0
382,LALTOI__ligand326-0
383,LALTOI__ligand12453-0
384,LALTOI__ligand18448-0
385,LALTOI__ligand633-0
386,LALTOI__ligand3042-0
387,LALTOI__ligand13477-0
388,LALTOI__ligand14167-0
389,LALTOI__ligand497-0
390,LALTOI__ligand7438-0
391,LALTOI__ligand27669-0
392,LALTOI__ligand8200-0
393,LALTOI__ligand30142-0
394,LALTOI__ligand4063-0
395,LALTOI__ligand1150-0
396,LALTOI__ligand29029-0
397,LALTOI__ligand27285-0
398,LALTOI__ligand32-0
399,LALTOI__ligand1539-0
400,LALTOI__ligand23197-0
401,LALTOI__ligand4207-0
402,LALTOI__ligand3453-0
403,LALTOI__ligand3416-0
404,LALTOI__ligand23713-0
405,LALTOI__ligand5483-0
406,LALTOI__ligand27175-0
407,LALTOI__ligand18832-0
408,LALTOI__ligand5316-0
409,LALTOI__ligand30988-0
410,LALTOI__ligand197-0
411,LALTOI__ligand14723-0
412,LALTOI__ligand27893-0
413,LALTOI__ligand2830-0
414,LALTOI__ligand20578-0
415,LALTOI__ligand12934-0
416,LALTOI__ligand15422-0
417,LALTOI__ligand1729-0
418,LALTOI__ligand19641-0
419,LALTOI__ligand5627-0
420,LALTOI__ligand7529-0
421,LALTOI__ligand31783-0
422,LALTOI__ligand6946-0
423,LALTOI__ligand1415-0
424,LALTOI__ligand14603-0
425,LALTOI__ligand14297-0
426,LALTOI__ligand17258-0
427,LALTOI__ligand9148-0
428,LALTOI__ligand13012-0
429,LALTOI__ligand17631-0
430,LALTOI__ligand26665-0
431,LALTOI__ligand30333-0
432,LALTOI__ligand12606-0
433,LALTOI__ligand2403-0
434,LALTOI__ligand30296-0
435,LALTOI__ligand6882-0
436,LALTOI__ligand6455-0
437,LALTOI__ligand868-0
438,LALTOI__ligand17281-0
439,LALTOI__ligand3934-0
440,LALTOI__ligand26540-0
441,LALTOI__ligand29410-0
442,LALTOI__ligand12337-0
443,LALTOI__ligand12427-0
444,LALTOI__ligand352-0
445,LALTOI__ligand783-0
446,LALTOI__ligand4332-0
447,LALTOI__ligand20740-0
448,LALTOI__ligand28468-0
449,LALTOI__ligand9681-0
450,LALTOI__ligand16628-0
451,LALTOI__ligand1065-0
452,LALTOI__ligand7530-0
453,LALTOI__ligand3012-0
454,LALTOI__ligand27460-0
455,LALTOI__ligand1449-0
456,LALTOI__ligand19057-0
457,LALTOI__ligand18814-0
458,LALTOI__ligand4330-0
459,LALTOI__ligand18-0
460,LALTOI__ligand2599-0
461,LALTOI__ligand13425-0
462,LALTOI__ligand29302-0
463,LALTOI__ligand560-0
464,LALTOI__ligand4194-0
465,LALTOI__ligand28676-0
466,LALTOI__ligand10262-0
467,LALTOI__ligand27763-0
468,LALTOI__ligand7532-0
469,LALTOI__ligand134-0
470,LALTOI__ligand12641-0
471,LALTOI__ligand7925-0
472,LALTOI__ligand10958-0
473,LALTOI__ligand235-0
474,LALTOI__ligand2068-0
475,LALTOI__ligand3973-0
476,LALTOI__ligand14108-0
477,LALTOI__ligand1147-0
478,LALTOI__ligand685-0
479,LALTOI__ligand17302-0
480,LALTOI__ligand7107-0
481,LALTOI__ligand17805-0
482,LALTOI__ligand3215-0
483,LALTOI__ligand24185-0
484,LALTOI__ligand23769-0
485,LALTOI__ligand421-0
486,LALTOI__ligand25178-0
487,LALTOI__ligand12401-0
488,LALTOI__ligand15585-0
489,LALTOI__ligand6062-0
490,LALTOI__ligand24145-0
491,LALTOI__ligand10476-0
492,LALTOI__ligand4738-0
493,LALTOI__ligand13068-0
494,LALTOI__ligand4813-0
495,LALTOI__ligand19830-0
496,LALTOI__ligand5813-0
497,LALTOI__ligand26702-0
498,LALTOI__ligand13658-0
499,LALTOI__ligand18292-0
500,LALTOI__ligand12289-0
501,LALTOI__ligand12130-0
502,LALTOI__ligand17387-0
503,LALTOI__ligand294-0
504,LALTOI__ligand6283-0
505,LALTOI__ligand12231-0
506,LALTOI__ligand5094-0
507,LALTOI__ligand5892-0
508,LALTOI__ligand27482-0
509,LALTOI__ligand4131-0
510,LALTOI__ligand1712-0
511,LALTOI__ligand26810-0
512,LALTOI__ligand250-0
513,LALTOI__ligand13208-0
514,LALTOI__ligand1496-0
515,LALTOI__ligand7557-0
516,LALTOI__ligand20682-0
517,LALTOI__ligand13390-0
518,LALTOI__ligand38-0
519,LALTOI__ligand370-0
520,LALTOI__ligand1533-0
521,LALTOI__ligand620-0
522,LALTOI__ligand3350-0
523,LALTOI__ligand370-1
524,LALTOI__ligand7573-0
525,LALTOI__ligand2781-0
526,LALTOI__ligand25411-0
527,LALTOI__ligand8722-0
528,LALTOI__ligand564-0
529,LALTOI__ligand9809-0
530,LALTOI__ligand6672-0
531,LALTOI__ligand1327-0
532,LALTOI__ligand479-0
533,LALTOI__ligand10712-0
534,LALTOI__ligand311-0
535,LALTOI__ligand14174-0
536,LALTOI__ligand785-0
537,LALTOI__ligand2208-0
538,LALTOI__ligand11456-0
539,LALTOI__ligand3208-0
540,LALTOI__ligand9197-0
541,LALTOI__ligand12030-0
542,LALTOI__ligand14248-0
543,LALTOI__ligand1900-0
544,LALTOI__ligand29879-0
545,LALTOI__ligand13331-0
546,LALTOI__ligand28884-0
547,LALTOI__ligand7162-0
548,LALTOI__ligand188-0
549,LALTOI__ligand3029-0
550,LALTOI__ligand1773-0
551,LALTOI__ligand31832-0
552,LALTOI__ligand4581-0
553,LALTOI__ligand13294-0
554,LALTOI__ligand2328-0
555,LALTOI__ligand66-0
556,LALTOI__ligand17278-0
557,LALTOI__ligand20011-0
558,LALTOI__ligand29414-0
559,LALTOI__ligand17982-0
560,LALTOI__ligand5849-0
561,LALTOI__ligand177-0
562,LALTOI__ligand17398-0
563,LALTOI__ligand1771-0
564,LALTOI__ligand4911-0
565,LALTOI__ligand11675-0
566,LALTOI__ligand20598-0
567,LALTOI__ligand22557-0
568,LALTOI__ligand10589-0
569,LALTOI__ligand24047-0
570,LALTOI__ligand3392-0
571,LALTOI__ligand14703-0
572,LALTOI__ligand16475-0
573,LALTOI__ligand909-0
574,LALTOI__ligand8349-0
575,LALTOI__ligand8464-0
576,LALTOI__ligand1709-0
577,LALTOI__ligand2527-0
578,LALTOI__ligand20251-1
579,LALTOI__ligand20539-0
580,LALTOI__ligand1768-0
581,LALTOI__ligand20214-0
582,LALTOI__ligand30702-0
583,LALTOI__ligand20251-0
584,LALTOI__ligand193-0
585,LALTOI__ligand1469-0
586,LALTOI__ligand3871-0
587,LALTOI__ligand31097-0
588,LALTOI__ligand21581-0
589,LALTOI__ligand3647-0
590,LALTOI__ligand5357-0
591,LALTOI__ligand17261-0
592,LALTOI__ligand14117-0
593,LALTOI__ligand1688-0
594,LALTOI__ligand372-0
595,LALTOI__ligand4850-0
596,LALTOI__ligand5056-0
597,LALTOI__ligand830-0
598,LALTOI__ligand9525-0
599,LALTOI__ligand20419-0
600,LALTOI__ligand17118-0
601,LALTOI__ligand21371-0
602,LALTOI__ligand1165-0
603,LALTOI__ligand28789-0
604,LALTOI__ligand42-0
605,LALTOI__ligand3157-0
606,LALTOI__ligand2722-0
607,LALTOI__ligand29568-0
608,LALTOI__ligand252-0
609,LALTOI__ligand1379-0
610,LALTOI__ligand30851-0
611,LALTOI__ligand5935-0
612,LALTOI__ligand14889-0
613,LALTOI__ligand116-0
614,LALTOI__ligand29087-0
615,LALTOI__ligand6839-0
616,LALTOI__ligand24-0
617,LALTOI__ligand8969-0
618,LALTOI__ligand3131-0
619,LALTOI__ligand3174-0
620,LALTOI__ligand3937-0
621,LALTOI__ligand1202-0
622,LALTOI__ligand391-0
623,LALTOI__ligand18703-0
624,LALTOI__ligand4720-0
625,LALTOI__ligand15438-0
626,LALTOI__ligand4155-0
627,LALTOI__ligand3094-0
628,LALTOI__ligand618-0
629,LALTOI__ligand28924-0
630,LALTOI__ligand5211-0
631,LALTOI__ligand6919-0
632,LALTOI__ligand3852-0
633,LALTOI__ligand24750-0
634,LALTOI__ligand2485-0
635,LALTOI__ligand3565-0
636,LALTOI__ligand18013-0
637,LALTOI__ligand25224-0
638,LALTOI__ligand17945-0
639,LALTOI__ligand813-0
640,LALTOI__ligand1512-0
641,LALTOI__ligand5331-0
642,LALTOI__ligand17207-0
643,LALTOI__ligand19-0
644,LALTOI__ligand31578-0
645,LALTOI__ligand780-0
646,LALTOI__ligand314-0
647,LALTOI__ligand1844-0
648,LALTOI__ligand4661-0
649,LALTOI__ligand314-1
650,LALTOI__ligand6616-0
651,LALTOI__ligand1343-0
652,LALTOI__ligand3876-0
653,LALTOI__ligand3035-0
654,LALTOI__ligand3718-0
655,LALTOI__ligand78-0
656,LALTOI__ligand9935-0
657,LALTOI__ligand1573-0
658,LALTOI__ligand29898-0
659,LALTOI__ligand1536-0
660,LALTOI__ligand26277-0
661,LALTOI__ligand10432-0
662,LALTOI__ligand1959-0
663,LALTOI__ligand11432-0
664,LALTOI__ligand31618-0
665,LALTOI__ligand3504-0
666,LALTOI__ligand22755-0
667,LALTOI__ligand15168-0
668,LALTOI__ligand45-0
669,LALTOI__ligand9908-0
670,LALTOI__ligand1263-0
671,LALTOI__ligand465-0
672,LALTOI__ligand7106-0
673,LALTOI__ligand24064-0
674,LALTOI__ligand23589-0
675,LALTOI__ligand7242-0
676,LALTOI__ligand422-0
677,LALTOI__ligand3954-0
678,LALTOI__ligand4093-0
679,LALTOI__ligand24613-0
680,LALTOI__ligand4442-0
681,LALTOI__ligand9520-0
682,LALTOI__ligand8699-0
683,LALTOI__ligand1160-0
684,LALTOI__ligand19725-0
685,LALTOI__ligand31483-0
686,LALTOI__ligand9784-0
687,LALTOI__ligand10555-0
688,LALTOI__ligand4272-0
689,LALTOI__ligand1451-0
690,LALTOI__ligand686-0
691,LALTOI__ligand7629-0
692,LALTOI__ligand196-0
693,LALTOI__ligand1304-0
694,LALTOI__ligand1790-0
695,LALTOI__ligand7280-0
696,LALTOI__ligand7238-0
697,LALTOI__ligand17710-0
698,LALTOI__ligand20579-0
699,LALTOI__ligand11568-0
700,LALTOI__ligand21421-0
701,LALTOI__ligand4016-0
702,LALTOI__ligand7867-0
703,LALTOI__ligand1219-0
704,LALTOI__ligand6709-0
705,LALTOI__ligand14586-0
706,LALTOI__ligand11774-0
707,LALTOI__ligand4546-0
708,LALTOI__ligand4503-0
709,LALTOI__ligand18699-0
710,LALTOI__ligand12682-0
711,LALTOI__ligand8115-0
712,LALTOI__ligand17240-0
713,LALTOI__ligand353-0
714,LALTOI__ligand6768-0
715,LALTOI__ligand1982-0
716,LALTOI__ligand7000-0
717,LALTOI__ligand17590-0
718,LALTOI__ligand1285-0
719,LALTOI__ligand2232-0
720,LALTOI__ligand393-0
721,LALTOI__ligand13072-0
722,LALTOI__ligand2176-0
723,LALTOI__ligand9291-0
724,LALTOI__ligand12336-0
725,LALTOI__ligand9833-0
726,LALTOI__ligand7648-0
727,LALTOI__ligand8876-0
728,LALTOI__ligand2828-0
729,LALTOI__ligand5256-0
730,LALTOI__ligand4157-0
731,LALTOI__ligand10084-0
732,LALTOI__ligand487-0
733,LALTOI__ligand1615-0
734,LALTOI__ligand2526-0
735,LALTOI__ligand25267-0
736,LALTOI__ligand5036-0
737,LALTOI__ligand12467-0
738,LALTOI__ligand9952-0
739,LALTOI__ligand9111-0
740,LALTOI__ligand1324-0
741,LALTOI__ligand21936-0
742,LALTOI__ligand8721-0
743,LALTOI__ligand13257-0
744,LALTOI__ligand1823-0
745,LALTOI__ligand23904-0
746,LALTOI__ligand8-0
747,LALTOI__ligand5643-0
748,LALTOI__ligand1018-0
749,LALTOI__ligand176-0
750,LALTOI__ligand27074-0
751,LALTOI__ligand4116-0
752,LALTOI__ligand20599-0
753,LALTOI__ligand7967-0
754,LALTOI__ligand22981-0
755,LALTOI__ligand25805-0
756,LALTOI__ligand6124-0
757,LALTOI__ligand3707-0
758,LALTOI__ligand67-0
759,LALTOI__ligand447-0
760,LALTOI__ligand9601-0
761,LALTOI__ligand18391-0
762,LALTOI__ligand746-0
763,LALTOI__ligand14523-0
764,LALTOI__ligand8992-0
765,LALTOI__ligand27169-0
766,LALTOI__ligand1378-0
767,LALTOI__ligand16791-0
768,LALTOI__ligand28668-0
769,LALTOI__ligand6244-0
770,LALTOI__ligand152-0
771,LALTOI__ligand18799-0
772,LALTOI__ligand18465-0
773,LALTOI__ligand2915-0
774,LALTOI__ligand43-0
775,LALTOI__ligand3156-0
776,LALTOI__ligand1575-0
777,LALTOI__ligand1530-0
778,LALTOI__ligand9933-0
779,LALTOI__ligand13869-0
780,LALTOI__ligand1631-0
781,LALTOI__ligand18074-0
782,LALTOI__ligand29863-0
783,LALTOI__ligand29610-0
784,LALTOI__ligand9441-0
785,LALTOI__ligand2332-0
786,LALTOI__ligand506-0
787,LALTOI__ligand11140-0
788,LALTOI__ligand833-0
789,LALTOI__ligand1577-0
790,LALTOI__ligand6067-0
791,LALTOI__ligand2295-0
792,LALTOI__ligand25735-0
793,LALTOI__ligand12519-0
794,LALTOI__ligand23124-0
795,LALTOI__ligand4620-0
796,LALTOI__ligand11206-0
797,LALTOI__ligand115-0
798,LALTOI__ligand12660-0
799,LALTOI__ligand3465-0
800,LALTOI__ligand6102-0
801,LALTOI__ligand6596-0
802,LALTOI__ligand19257-0
803,LALTOI__ligand3721-0
804,LALTOI__ligand13209-0
805,LALTOI__ligand6904-0
806,LALTOI__ligand25650-0
807,LALTOI__ligand2917-0
808,LALTOI__ligand31248-0
809,LALTOI__ligand7819-0
810,LALTOI__ligand7126-0
811,LALTOI__ligand8835-0
812,LALTOI__ligand2028-0
813,LALTOI__ligand27835-0
814,LALTOI__ligand12295-0
815,LALTOI__ligand395-0
816,LALTOI__ligand25689-0
817,LALTOI__ligand25575-0
818,LALTOI__ligand1142-0
819,LALTOI__ligand3234-0
820,LALTOI__ligand21787-0
821,LALTOI__ligand368-0
822,LALTOI__ligand30539-0
823,LALTOI__ligand784-0
824,LALTOI__ligand4641-0
825,LALTOI__ligand23906-0
826,LALTOI__ligand11166-0
827,LALTOI__ligand21132-0
