,TMC
0,UNAVOU__ligand4850-0
1,UNAVOU__ligand5056-0
2,UNAVOU__ligand27771-0
3,UNAVOU__ligand18158-0
4,UNAVOU__ligand3647-0
5,UNAVOU__ligand23682-0
6,UNAVOU__ligand5357-0
7,UNAVOU__ligand29565-0
8,UNAVOU__ligand1688-0
9,UNAVOU__ligand1469-0
10,UNAVOU__ligand3871-0
11,UNAVOU__ligand20942-1
12,UNAVOU__ligand21339-0
13,UNAVOU__ligand14226-0
14,UNAVOU__ligand16956-0
15,UNAVOU__ligand1768-0
16,UNAVOU__ligand5935-0
17,UNAVOU__ligand2722-0
18,UNAVOU__ligand27550-0
19,UNAVOU__ligand1379-0
20,UNAVOU__ligand361-0
21,UNAVOU__ligand324-0
22,UNAVOU__ligand14007-0
23,UNAVOU__ligand18019-1
24,UNAVOU__ligand409-0
25,UNAVOU__ligand3157-0
26,UNAVOU__ligand9525-0
27,UNAVOU__ligand1165-0
28,UNAVOU__ligand22357-0
29,UNAVOU__ligand3392-0
30,UNAVOU__ligand11758-0
31,UNAVOU__ligand21448-0
32,UNAVOU__ligand1771-0
33,UNAVOU__ligand588-0
34,UNAVOU__ligand4911-0
35,UNAVOU__ligand11501-0
36,UNAVOU__ligand11544-0
37,UNAVOU__ligand5849-0
38,UNAVOU__ligand300-0
39,UNAVOU__ligand29214-0
40,UNAVOU__ligand17445-0
41,UNAVOU__ligand14477-0
42,UNAVOU__ligand17069-0
43,UNAVOU__ligand2527-0
44,UNAVOU__ligand11798-0
45,UNAVOU__ligand8349-0
46,UNAVOU__ligand8464-0
47,UNAVOU__ligand1709-0
48,UNAVOU__ligand199-0
49,UNAVOU__ligand20731-0
50,UNAVOU__ligand12413-0
51,UNAVOU__ligand29334-0
52,UNAVOU__ligand2208-0
53,UNAVOU__ligand3208-0
54,UNAVOU__ligand43-0
55,UNAVOU__ligand21940-0
56,UNAVOU__ligand25048-0
57,UNAVOU__ligand8722-0
58,UNAVOU__ligand24953-0
59,UNAVOU__ligand9809-0
60,UNAVOU__ligand6672-0
61,UNAVOU__ligand23445-0
62,UNAVOU__ligand1327-0
63,UNAVOU__ligand16133-0
64,UNAVOU__ligand13755-0
65,UNAVOU__ligand3350-0
66,UNAVOU__ligand7573-0
67,UNAVOU__ligand2781-0
68,UNAVOU__ligand20432-0
69,UNAVOU__ligand27122-0
70,UNAVOU__ligand1773-0
71,UNAVOU__ligand4581-0
72,UNAVOU__ligand633-0
73,UNAVOU__ligand2328-0
74,UNAVOU__ligand7162-0
75,UNAVOU__ligand3029-0
76,UNAVOU__ligand497-0
77,UNAVOU__ligand9197-0
78,UNAVOU__ligand30004-0
79,UNAVOU__ligand20557-0
80,UNAVOU__ligand1900-0
81,UNAVOU__ligand18413-0
82,UNAVOU__ligand20844-0
83,UNAVOU__ligand24624-0
84,UNAVOU__ligand18757-0
85,UNAVOU__ligand4131-0
86,UNAVOU__ligand1712-0
87,UNAVOU__ligand24560-0
88,UNAVOU__ligand5094-0
89,UNAVOU__ligand5892-0
90,UNAVOU__ligand326-0
91,UNAVOU__ligand30788-0
92,UNAVOU__ligand13691-0
93,UNAVOU__ligand436-0
94,UNAVOU__ligand1533-0
95,UNAVOU__ligand67-0
96,UNAVOU__ligand14339-0
97,UNAVOU__ligand1496-0
98,UNAVOU__ligand7557-0
99,UNAVOU__ligand21752-0
100,UNAVOU__ligand692-0
101,UNAVOU__ligand11622-0
102,UNAVOU__ligand3215-0
103,UNAVOU__ligand16870-0
104,UNAVOU__ligand16603-0
105,UNAVOU__ligand656-0
106,UNAVOU__ligand11814-0
107,UNAVOU__ligand7107-0
108,UNAVOU__ligand6283-0
109,UNAVOU__ligand31205-0
110,UNAVOU__ligand25658-0
111,UNAVOU__ligand17686-0
112,UNAVOU__ligand696-0
113,UNAVOU__ligand15455-0
114,UNAVOU__ligand4738-0
115,UNAVOU__ligand4813-0
116,UNAVOU__ligand5813-0
117,UNAVOU__ligand11177-0
118,UNAVOU__ligand6062-0
119,UNAVOU__ligand162-0
120,UNAVOU__ligand19824-0
121,UNAVOU__ligand18067-0
122,UNAVOU__ligand7532-0
123,UNAVOU__ligand226-0
124,UNAVOU__ligand4194-0
125,UNAVOU__ligand4330-0
126,UNAVOU__ligand2599-0
127,UNAVOU__ligand10582-0
128,UNAVOU__ligand13260-0
129,UNAVOU__ligand416-0
130,UNAVOU__ligand383-0
131,UNAVOU__ligand11252-0
132,UNAVOU__ligand31000-0
133,UNAVOU__ligand1147-0
134,UNAVOU__ligand11606-0
135,UNAVOU__ligand3973-0
136,UNAVOU__ligand7925-0
137,UNAVOU__ligand20821-0
138,UNAVOU__ligand2068-0
139,UNAVOU__ligand26673-0
140,UNAVOU__ligand3934-0
141,UNAVOU__ligand19906-0
142,UNAVOU__ligand78-0
143,UNAVOU__ligand6882-0
144,UNAVOU__ligand6455-0
145,UNAVOU__ligand19668-0
146,UNAVOU__ligand670-0
147,UNAVOU__ligand2403-0
148,UNAVOU__ligand534-0
149,UNAVOU__ligand571-0
150,UNAVOU__ligand22353-0
151,UNAVOU__ligand3012-0
152,UNAVOU__ligand1449-0
153,UNAVOU__ligand1065-0
154,UNAVOU__ligand7530-0
155,UNAVOU__ligand9681-0
156,UNAVOU__ligand45-0
157,UNAVOU__ligand10151-0
158,UNAVOU__ligand4332-0
159,UNAVOU__ligand1729-0
160,UNAVOU__ligand16952-0
161,UNAVOU__ligand29813-0
162,UNAVOU__ligand5627-0
163,UNAVOU__ligand694-0
164,UNAVOU__ligand2830-0
165,UNAVOU__ligand358-0
166,UNAVOU__ligand20121-0
167,UNAVOU__ligand5316-0
168,UNAVOU__ligand15387-0
169,UNAVOU__ligand430-0
170,UNAVOU__ligand488-0
171,UNAVOU__ligand20220-0
172,UNAVOU__ligand5483-0
173,UNAVOU__ligand24-0
174,UNAVOU__ligand14347-0
175,UNAVOU__ligand13657-0
176,UNAVOU__ligand14302-0
177,UNAVOU__ligand20530-0
178,UNAVOU__ligand11698-0
179,UNAVOU__ligand19-0
180,UNAVOU__ligand4-0
181,UNAVOU__ligand24851-0
182,UNAVOU__ligand9148-0
183,UNAVOU__ligand6946-0
184,UNAVOU__ligand1415-0
185,UNAVOU__ligand29441-0
186,UNAVOU__ligand10853-0
187,UNAVOU__ligand10479-0
188,UNAVOU__ligand27610-0
189,UNAVOU__ligand11479-0
190,UNAVOU__ligand7529-0
191,UNAVOU__ligand24872-0
192,UNAVOU__ligand30728-0
193,UNAVOU__ligand27840-0
194,UNAVOU__ligand1142-0
195,UNAVOU__ligand3234-0
196,UNAVOU__ligand12001-0
197,UNAVOU__ligand7126-0
198,UNAVOU__ligand24644-0
199,UNAVOU__ligand10033-0
200,UNAVOU__ligand8835-0
201,UNAVOU__ligand2028-0
202,UNAVOU__ligand24111-0
203,UNAVOU__ligand22444-0
204,UNAVOU__ligand13385-0
205,UNAVOU__ligand122-0
206,UNAVOU__ligand4641-0
207,UNAVOU__ligand14569-0
208,UNAVOU__ligand23175-0
209,UNAVOU__ligand15788-0
210,UNAVOU__ligand17396-0
211,UNAVOU__ligand42-0
212,UNAVOU__ligand757-0
213,UNAVOU__ligand11587-0
214,UNAVOU__ligand13220-0
215,UNAVOU__ligand4620-0
216,UNAVOU__ligand29486-0
217,UNAVOU__ligand31694-0
218,UNAVOU__ligand693-0
219,UNAVOU__ligand17427-0
220,UNAVOU__ligand1577-0
221,UNAVOU__ligand6067-0
222,UNAVOU__ligand2295-0
223,UNAVOU__ligand66-0
224,UNAVOU__ligand12138-0
225,UNAVOU__ligand24780-0
226,UNAVOU__ligand22129-0
227,UNAVOU__ligand3-0
228,UNAVOU__ligand2917-0
229,UNAVOU__ligand11949-0
230,UNAVOU__ligand7819-0
231,UNAVOU__ligand6102-0
232,UNAVOU__ligand6596-0
233,UNAVOU__ligand3721-0
234,UNAVOU__ligand6904-0
235,UNAVOU__ligand25561-0
236,UNAVOU__ligand3465-0
237,UNAVOU__ligand14043-0
238,UNAVOU__ligand28559-0
239,UNAVOU__ligand1-0
240,UNAVOU__ligand2915-0
241,UNAVOU__ligand26324-0
242,UNAVOU__ligand3156-0
243,UNAVOU__ligand19927-0
244,UNAVOU__ligand6244-0
245,UNAVOU__ligand1378-0
246,UNAVOU__ligand21729-0
247,UNAVOU__ligand27239-0
248,UNAVOU__ligand240-0
249,UNAVOU__ligand26529-0
250,UNAVOU__ligand9441-0
251,UNAVOU__ligand141-0
252,UNAVOU__ligand2332-0
253,UNAVOU__ligand1631-0
254,UNAVOU__ligand11618-0
255,UNAVOU__ligand1575-0
256,UNAVOU__ligand1530-0
257,UNAVOU__ligand9933-0
258,UNAVOU__ligand1823-0
259,UNAVOU__ligand5643-0
260,UNAVOU__ligand1324-0
261,UNAVOU__ligand22403-0
262,UNAVOU__ligand8721-0
263,UNAVOU__ligand28540-0
264,UNAVOU__ligand9952-0
265,UNAVOU__ligand9111-0
266,UNAVOU__ligand11111-0
267,UNAVOU__ligand16369-0
268,UNAVOU__ligand384-0
269,UNAVOU__ligand1615-0
270,UNAVOU__ligand27754-0
271,UNAVOU__ligand2526-0
272,UNAVOU__ligand20695-0
273,UNAVOU__ligand5036-0
274,UNAVOU__ligand768-0
275,UNAVOU__ligand38-0
276,UNAVOU__ligand8992-0
277,UNAVOU__ligand29215-0
278,UNAVOU__ligand9601-0
279,UNAVOU__ligand21399-0
280,UNAVOU__ligand10872-0
281,UNAVOU__ligand7967-0
282,UNAVOU__ligand6124-0
283,UNAVOU__ligand3707-0
284,UNAVOU__ligand1018-0
285,UNAVOU__ligand12003-0
286,UNAVOU__ligand16148-0
287,UNAVOU__ligand26631-0
288,UNAVOU__ligand4116-0
289,UNAVOU__ligand1285-0
290,UNAVOU__ligand8115-0
291,UNAVOU__ligand6768-0
292,UNAVOU__ligand1982-0
293,UNAVOU__ligand19184-0
294,UNAVOU__ligand338-0
295,UNAVOU__ligand7000-0
296,UNAVOU__ligand4546-0
297,UNAVOU__ligand4503-0
298,UNAVOU__ligand28459-0
299,UNAVOU__ligand12453-0
300,UNAVOU__ligand18448-0
301,UNAVOU__ligand10371-0
302,UNAVOU__ligand4157-0
303,UNAVOU__ligand9833-0
304,UNAVOU__ligand7648-0
305,UNAVOU__ligand8876-0
306,UNAVOU__ligand2828-0
307,UNAVOU__ligand5256-0
308,UNAVOU__ligand2176-0
309,UNAVOU__ligand9291-0
310,UNAVOU__ligand18568-0
311,UNAVOU__ligand28685-0
312,UNAVOU__ligand2232-0
313,UNAVOU__ligand13672-0
314,UNAVOU__ligand4272-0
315,UNAVOU__ligand1451-0
316,UNAVOU__ligand279-0
317,UNAVOU__ligand185-0
318,UNAVOU__ligand7629-0
319,UNAVOU__ligand27285-0
320,UNAVOU__ligand29029-0
321,UNAVOU__ligand178-0
322,UNAVOU__ligand9784-0
323,UNAVOU__ligand9520-0
324,UNAVOU__ligand8699-0
325,UNAVOU__ligand1160-0
326,UNAVOU__ligand18-0
327,UNAVOU__ligand321-0
328,UNAVOU__ligand3954-0
329,UNAVOU__ligand4093-0
330,UNAVOU__ligand23197-0
331,UNAVOU__ligand4442-0
332,UNAVOU__ligand7867-0
333,UNAVOU__ligand1219-0
334,UNAVOU__ligand6709-0
335,UNAVOU__ligand4016-0
336,UNAVOU__ligand27669-0
337,UNAVOU__ligand7238-0
338,UNAVOU__ligand30142-0
339,UNAVOU__ligand13477-0
340,UNAVOU__ligand14167-0
341,UNAVOU__ligand201-0
342,UNAVOU__ligand1304-0
343,UNAVOU__ligand1790-0
344,UNAVOU__ligand7280-0
345,UNAVOU__ligand15883-0
346,UNAVOU__ligand1959-0
347,UNAVOU__ligand777-0
348,UNAVOU__ligand3504-0
349,UNAVOU__ligand9935-0
350,UNAVOU__ligand11970-0
351,UNAVOU__ligand1573-0
352,UNAVOU__ligand1536-0
353,UNAVOU__ligand19792-0
354,UNAVOU__ligand6616-0
355,UNAVOU__ligand1343-0
356,UNAVOU__ligand3876-0
357,UNAVOU__ligand3035-0
358,UNAVOU__ligand10828-0
359,UNAVOU__ligand15926-0
360,UNAVOU__ligand3718-0
361,UNAVOU__ligand1844-0
362,UNAVOU__ligand4661-0
363,UNAVOU__ligand24230-0
364,UNAVOU__ligand28810-0
365,UNAVOU__ligand596-0
366,UNAVOU__ligand11447-0
367,UNAVOU__ligand941-0
368,UNAVOU__ligand11096-0
369,UNAVOU__ligand657-0
370,UNAVOU__ligand13862-0
371,UNAVOU__ligand11357-0
372,UNAVOU__ligand28743-0
373,UNAVOU__ligand15531-0
374,UNAVOU__ligand7242-0
375,UNAVOU__ligand187-0
376,UNAVOU__ligand12365-0
377,UNAVOU__ligand10056-0
378,UNAVOU__ligand7106-0
379,UNAVOU__ligand9908-0
380,UNAVOU__ligand1263-0
381,UNAVOU__ligand366-0
382,UNAVOU__ligand21919-0
383,UNAVOU__ligand22294-0
384,UNAVOU__ligand22168-0
385,UNAVOU__ligand28930-0
386,UNAVOU__ligand5211-0
387,UNAVOU__ligand14614-0
388,UNAVOU__ligand4155-0
389,UNAVOU__ligand3094-0
390,UNAVOU__ligand16663-0
391,UNAVOU__ligand845-0
392,UNAVOU__ligand11994-0
393,UNAVOU__ligand4720-0
394,UNAVOU__ligand31044-0
395,UNAVOU__ligand31842-0
396,UNAVOU__ligand6839-0
397,UNAVOU__ligand8969-0
398,UNAVOU__ligand24035-0
399,UNAVOU__ligand3131-0
400,UNAVOU__ligand3174-0
401,UNAVOU__ligand3937-0
402,UNAVOU__ligand1202-0
403,UNAVOU__ligand1512-0
404,UNAVOU__ligand5331-0
405,UNAVOU__ligand3565-0
406,UNAVOU__ligand20207-0
407,UNAVOU__ligand30711-0
408,UNAVOU__ligand11682-0
409,UNAVOU__ligand163-0
410,UNAVOU__ligand126-0
411,UNAVOU__ligand6919-0
412,UNAVOU__ligand3852-0
413,UNAVOU__ligand16988-0
414,UNAVOU__ligand2485-0
415,UNAVOU__ligand25913-0
416,UNAVOU__ligand2906-0
417,UNAVOU__ligand10958-0
418,UNAVOU__ligand3244-0
419,UNAVOU__ligand4711-0
420,UNAVOU__ligand12641-0
421,UNAVOU__ligand5649-0
422,UNAVOU__ligand2788-0
423,UNAVOU__ligand8793-0
424,UNAVOU__ligand4649-0
425,UNAVOU__ligand506-0
426,UNAVOU__ligand14108-0
427,UNAVOU__ligand5530-0
428,UNAVOU__ligand1787-0
429,UNAVOU__ligand1356-0
430,UNAVOU__ligand29302-0
431,UNAVOU__ligand13425-0
432,UNAVOU__ligand9753-0
433,UNAVOU__ligand7196-0
434,UNAVOU__ligand18814-0
435,UNAVOU__ligand19057-0
436,UNAVOU__ligand152-0
437,UNAVOU__ligand5159-0
438,UNAVOU__ligand32-0
439,UNAVOU__ligand28676-0
440,UNAVOU__ligand10262-0
441,UNAVOU__ligand27763-0
442,UNAVOU__ligand4807-0
443,UNAVOU__ligand3178-0
444,UNAVOU__ligand176-0
445,UNAVOU__ligand10476-0
446,UNAVOU__ligand13068-0
447,UNAVOU__ligand19830-0
448,UNAVOU__ligand12401-0
449,UNAVOU__ligand15585-0
450,UNAVOU__ligand5180-0
451,UNAVOU__ligand24145-0
452,UNAVOU__ligand6017-0
453,UNAVOU__ligand447-0
454,UNAVOU__ligand12231-0
455,UNAVOU__ligand18292-0
456,UNAVOU__ligand7316-0
457,UNAVOU__ligand12289-0
458,UNAVOU__ligand26702-0
459,UNAVOU__ligand13658-0
460,UNAVOU__ligand16-0
461,UNAVOU__ligand746-0
462,UNAVOU__ligand5708-0
463,UNAVOU__ligand17387-0
464,UNAVOU__ligand12130-0
465,UNAVOU__ligand17805-0
466,UNAVOU__ligand487-0
467,UNAVOU__ligand1116-0
468,UNAVOU__ligand3225-0
469,UNAVOU__ligand1153-0
470,UNAVOU__ligand2260-0
471,UNAVOU__ligand7092-0
472,UNAVOU__ligand17302-0
473,UNAVOU__ligand8612-0
474,UNAVOU__ligand2124-0
475,UNAVOU__ligand7172-0
476,UNAVOU__ligand25178-0
477,UNAVOU__ligand24185-0
478,UNAVOU__ligand7273-0
479,UNAVOU__ligand23769-0
480,UNAVOU__ligand9323-0
481,UNAVOU__ligand6391-0
482,UNAVOU__ligand31783-0
483,UNAVOU__ligand3126-0
484,UNAVOU__ligand9284-0
485,UNAVOU__ligand784-0
486,UNAVOU__ligand91-0
487,UNAVOU__ligand1114-0
488,UNAVOU__ligand17631-0
489,UNAVOU__ligand13012-0
490,UNAVOU__ligand26665-0
491,UNAVOU__ligand2417-0
492,UNAVOU__ligand14603-0
493,UNAVOU__ligand14297-0
494,UNAVOU__ligand17258-0
495,UNAVOU__ligand2043-0
496,UNAVOU__ligand30988-0
497,UNAVOU__ligand27175-0
498,UNAVOU__ligand8788-0
499,UNAVOU__ligand18832-0
500,UNAVOU__ligand1832-0
501,UNAVOU__ligand23713-0
502,UNAVOU__ligand395-0
503,UNAVOU__ligand51-0
504,UNAVOU__ligand20578-0
505,UNAVOU__ligand12934-0
506,UNAVOU__ligand15422-0
507,UNAVOU__ligand1604-0
508,UNAVOU__ligand19641-0
509,UNAVOU__ligand1228-0
510,UNAVOU__ligand14723-0
511,UNAVOU__ligand9943-0
512,UNAVOU__ligand27893-0
513,UNAVOU__ligand368-0
514,UNAVOU__ligand115-0
515,UNAVOU__ligand9450-0
516,UNAVOU__ligand16628-0
517,UNAVOU__ligand12427-0
518,UNAVOU__ligand28468-0
519,UNAVOU__ligand20740-0
520,UNAVOU__ligand2612-0
521,UNAVOU__ligand27460-0
522,UNAVOU__ligand1599-0
523,UNAVOU__ligand12606-0
524,UNAVOU__ligand1289-0
525,UNAVOU__ligand833-0
526,UNAVOU__ligand48-0
527,UNAVOU__ligand5387-0
528,UNAVOU__ligand2203-0
529,UNAVOU__ligand30333-0
530,UNAVOU__ligand26540-0
531,UNAVOU__ligand12337-0
532,UNAVOU__ligand29410-0
533,UNAVOU__ligand30296-0
534,UNAVOU__ligand17281-0
535,UNAVOU__ligand2985-0
536,UNAVOU__ligand4007-0
537,UNAVOU__ligand34-0
538,UNAVOU__ligand9299-0
539,UNAVOU__ligand465-0
540,UNAVOU__ligand14703-0
541,UNAVOU__ligand16475-0
542,UNAVOU__ligand20251-1
543,UNAVOU__ligand7291-0
544,UNAVOU__ligand3677-1
545,UNAVOU__ligand9883-0
546,UNAVOU__ligand314-1
547,UNAVOU__ligand9344-0
548,UNAVOU__ligand3736-0
549,UNAVOU__ligand17278-0
550,UNAVOU__ligand20011-0
551,UNAVOU__ligand8000-0
552,UNAVOU__ligand17982-0
553,UNAVOU__ligand29414-0
554,UNAVOU__ligand20598-0
555,UNAVOU__ligand11675-0
556,UNAVOU__ligand24047-0
557,UNAVOU__ligand3945-0
558,UNAVOU__ligand10589-0
559,UNAVOU__ligand22557-0
560,UNAVOU__ligand5383-0
561,UNAVOU__ligand2693-0
562,UNAVOU__ligand17398-0
563,UNAVOU__ligand1464-0
564,UNAVOU__ligand3712-0
565,UNAVOU__ligand28789-0
566,UNAVOU__ligand20419-0
567,UNAVOU__ligand1499-0
568,UNAVOU__ligand21371-0
569,UNAVOU__ligand2881-0
570,UNAVOU__ligand17118-0
571,UNAVOU__ligand14889-0
572,UNAVOU__ligand6892-0
573,UNAVOU__ligand68-0
574,UNAVOU__ligand30851-0
575,UNAVOU__ligand813-0
576,UNAVOU__ligand1211-0
577,UNAVOU__ligand29568-0
578,UNAVOU__ligand780-0
579,UNAVOU__ligand314-0
580,UNAVOU__ligand3677-0
581,UNAVOU__ligand3632-0
582,UNAVOU__ligand31097-0
583,UNAVOU__ligand21581-0
584,UNAVOU__ligand391-0
585,UNAVOU__ligand1168-0
586,UNAVOU__ligand55-0
587,UNAVOU__ligand20539-0
588,UNAVOU__ligand20214-0
589,UNAVOU__ligand30702-0
590,UNAVOU__ligand20251-0
591,UNAVOU__ligand1294-0
592,UNAVOU__ligand618-0
593,UNAVOU__ligand6699-0
594,UNAVOU__ligand14117-0
595,UNAVOU__ligand17261-0
596,UNAVOU__ligand20682-0
597,UNAVOU__ligand1296-0
598,UNAVOU__ligand393-0
599,UNAVOU__ligand57-0
600,UNAVOU__ligand2259-0
601,UNAVOU__ligand1197-0
602,UNAVOU__ligand8592-0
603,UNAVOU__ligand5099-0
604,UNAVOU__ligand9773-0
605,UNAVOU__ligand5510-0
606,UNAVOU__ligand1376-0
607,UNAVOU__ligand13390-0
608,UNAVOU__ligand4101-0
609,UNAVOU__ligand5595-0
610,UNAVOU__ligand353-0
611,UNAVOU__ligand4358-0
612,UNAVOU__ligand13208-0
613,UNAVOU__ligand3926-0
614,UNAVOU__ligand3120-0
615,UNAVOU__ligand26810-0
616,UNAVOU__ligand2221-0
617,UNAVOU__ligand27482-0
618,UNAVOU__ligand8002-0
619,UNAVOU__ligand28884-0
620,UNAVOU__ligand5509-0
621,UNAVOU__ligand13331-0
622,UNAVOU__ligand196-0
623,UNAVOU__ligand1407-0
624,UNAVOU__ligand6117-0
625,UNAVOU__ligand12030-0
626,UNAVOU__ligand14248-0
627,UNAVOU__ligand29879-0
628,UNAVOU__ligand31832-0
629,UNAVOU__ligand13294-0
630,UNAVOU__ligand5080-0
631,UNAVOU__ligand7762-0
632,UNAVOU__ligand9167-0
633,UNAVOU__ligand422-0
634,UNAVOU__ligand5304-0
635,UNAVOU__ligand2238-0
636,UNAVOU__ligand25411-0
637,UNAVOU__ligand11456-0
638,UNAVOU__ligand7293-0
639,UNAVOU__ligand2822-0
640,UNAVOU__ligand3867-0
641,UNAVOU__ligand1317-0
642,UNAVOU__ligand14174-0
643,UNAVOU__ligand686-0
644,UNAVOU__ligand10712-0
645,UNAVOU__ligand7438-0
646,UNAVOU__ligand8200-0
647,UNAVOU__ligand17710-0
648,UNAVOU__ligand20579-0
649,UNAVOU__ligand4063-0
650,UNAVOU__ligand11568-0
651,UNAVOU__ligand8-0
652,UNAVOU__ligand3042-0
653,UNAVOU__ligand188-0
654,UNAVOU__ligand14586-0
655,UNAVOU__ligand11774-0
656,UNAVOU__ligand21421-0
657,UNAVOU__ligand620-0
658,UNAVOU__ligand3453-0
659,UNAVOU__ligand19725-0
660,UNAVOU__ligand3416-0
661,UNAVOU__ligand370-1
662,UNAVOU__ligand564-0
663,UNAVOU__ligand24613-0
664,UNAVOU__ligand4207-0
665,UNAVOU__ligand479-0
666,UNAVOU__ligand311-0
667,UNAVOU__ligand1539-0
668,UNAVOU__ligand785-0
669,UNAVOU__ligand1150-0
670,UNAVOU__ligand31483-0
671,UNAVOU__ligand10555-0
672,UNAVOU__ligand1400-0
673,UNAVOU__ligand4266-0
674,UNAVOU__ligand12336-0
675,UNAVOU__ligand9491-0
676,UNAVOU__ligand4167-0
677,UNAVOU__ligand13072-0
678,UNAVOU__ligand1288-0
679,UNAVOU__ligand49-0
680,UNAVOU__ligand370-0
681,UNAVOU__ligand7075-0
682,UNAVOU__ligand89-0
683,UNAVOU__ligand18699-0
684,UNAVOU__ligand12682-0
685,UNAVOU__ligand3980-0
686,UNAVOU__ligand3557-0
687,UNAVOU__ligand1149-0
688,UNAVOU__ligand1779-0
689,UNAVOU__ligand17590-0
690,UNAVOU__ligand6993-0
691,UNAVOU__ligand1817-0
692,UNAVOU__ligand250-0
693,UNAVOU__ligand9750-0
694,UNAVOU__ligand17240-0
695,UNAVOU__ligand1908-0
696,UNAVOU__ligand24750-0
697,UNAVOU__ligand3285-0
698,UNAVOU__ligand4795-0
699,UNAVOU__ligand1786-0
700,UNAVOU__ligand252-0
701,UNAVOU__ligand31578-0
702,UNAVOU__ligand17207-0
703,UNAVOU__ligand25224-0
704,UNAVOU__ligand18013-0
705,UNAVOU__ligand5630-0
706,UNAVOU__ligand116-0
707,UNAVOU__ligand17945-0
708,UNAVOU__ligand1828-0
709,UNAVOU__ligand1397-0
710,UNAVOU__ligand7213-0
711,UNAVOU__ligand18703-0
712,UNAVOU__ligand8042-0
713,UNAVOU__ligand193-0
714,UNAVOU__ligand29087-0
715,UNAVOU__ligand6112-0
716,UNAVOU__ligand3144-0
717,UNAVOU__ligand5085-0
718,UNAVOU__ligand372-0
719,UNAVOU__ligand4710-0
720,UNAVOU__ligand15438-0
721,UNAVOU__ligand5755-0
722,UNAVOU__ligand28924-0
723,UNAVOU__ligand830-0
724,UNAVOU__ligand15168-0
725,UNAVOU__ligand909-0
726,UNAVOU__ligand1849-0
727,UNAVOU__ligand5019-0
728,UNAVOU__ligand23589-0
729,UNAVOU__ligand1152-0
730,UNAVOU__ligand3261-0
731,UNAVOU__ligand24064-0
732,UNAVOU__ligand1216-0
733,UNAVOU__ligand17-0
734,UNAVOU__ligand11432-0
735,UNAVOU__ligand177-0
736,UNAVOU__ligand31618-0
737,UNAVOU__ligand10432-0
738,UNAVOU__ligand5280-0
739,UNAVOU__ligand22755-0
740,UNAVOU__ligand5614-0
741,UNAVOU__ligand1831-0
742,UNAVOU__ligand5515-0
743,UNAVOU__ligand29898-0
744,UNAVOU__ligand26277-0
745,UNAVOU__ligand6663-0
746,UNAVOU__ligand352-0
747,UNAVOU__ligand783-0
748,UNAVOU__ligand13209-0
749,UNAVOU__ligand19257-0
750,UNAVOU__ligand12660-0
751,UNAVOU__ligand8553-0
752,UNAVOU__ligand1113-0
753,UNAVOU__ligand25650-0
754,UNAVOU__ligand5201-0
755,UNAVOU__ligand31248-0
756,UNAVOU__ligand2001-0
757,UNAVOU__ligand7566-0
758,UNAVOU__ligand23124-0
759,UNAVOU__ligand868-0
760,UNAVOU__ligand11206-0
761,UNAVOU__ligand25735-0
762,UNAVOU__ligand12519-0
763,UNAVOU__ligand9944-0
764,UNAVOU__ligand8593-0
765,UNAVOU__ligand6995-0
766,UNAVOU__ligand2823-0
767,UNAVOU__ligand30539-0
768,UNAVOU__ligand11166-0
769,UNAVOU__ligand2650-0
770,UNAVOU__ligand2281-0
771,UNAVOU__ligand21132-0
772,UNAVOU__ligand4340-0
773,UNAVOU__ligand23906-0
774,UNAVOU__ligand3180-0
775,UNAVOU__ligand27835-0
776,UNAVOU__ligand12295-0
777,UNAVOU__ligand5415-0
778,UNAVOU__ligand197-0
779,UNAVOU__ligand25689-0
780,UNAVOU__ligand4161-0
781,UNAVOU__ligand3471-0
782,UNAVOU__ligand4124-0
783,UNAVOU__ligand21787-0
784,UNAVOU__ligand25575-0
785,UNAVOU__ligand20599-0
786,UNAVOU__ligand22981-0
787,UNAVOU__ligand25805-0
788,UNAVOU__ligand1618-0
789,UNAVOU__ligand27074-0
790,UNAVOU__ligand2692-0
791,UNAVOU__ligand18391-0
792,UNAVOU__ligand27169-0
793,UNAVOU__ligand294-0
794,UNAVOU__ligand14523-0
795,UNAVOU__ligand1028-0
796,UNAVOU__ligand4262-0
797,UNAVOU__ligand685-0
798,UNAVOU__ligand12467-0
799,UNAVOU__ligand2027-0
800,UNAVOU__ligand10084-0
801,UNAVOU__ligand25267-0
802,UNAVOU__ligand1015-0
803,UNAVOU__ligand1050-0
804,UNAVOU__ligand23904-0
805,UNAVOU__ligand21936-0
806,UNAVOU__ligand421-0
807,UNAVOU__ligand13257-0
808,UNAVOU__ligand18074-0
809,UNAVOU__ligand13869-0
810,UNAVOU__ligand29863-0
811,UNAVOU__ligand134-0
812,UNAVOU__ligand235-0
813,UNAVOU__ligand11140-0
814,UNAVOU__ligand29610-0
815,UNAVOU__ligand11-0
816,UNAVOU__ligand1169-0
817,UNAVOU__ligand8529-0
818,UNAVOU__ligand1154-0
819,UNAVOU__ligand69-0
820,UNAVOU__ligand28668-0
821,UNAVOU__ligand16791-0
822,UNAVOU__ligand9615-0
823,UNAVOU__ligand18799-0
824,UNAVOU__ligand560-0
825,UNAVOU__ligand18465-0
826,UNAVOU__ligand1498-0
827,UNAVOU__ligand4596-0
