,TMC
0,DUPYIX__ligand6166-0
1,DUPYIX__ligand1246-0
2,DUPYIX__ligand2599-0
3,DUPYIX__ligand5089-0
4,DUPYIX__ligand3853-0
5,DUPYIX__ligand2853-0
6,DUPYIX__ligand1307-0
7,DUPYIX__ligand162-0
8,DUPYIX__ligand226-0
9,DUPYIX__ligand383-0
10,DUPYIX__ligand509-0
11,DUPYIX__ligand9620-0
12,DUPYIX__ligand4894-0
13,DUPYIX__ligand1260-0
14,DUPYIX__ligand4811-0
15,DUPYIX__ligand1449-1
16,DUPYIX__ligand118-0
17,DUPYIX__ligand670-0
18,DUPYIX__ligand3337-0
19,DUPYIX__ligand571-0
20,DUPYIX__ligand7514-0
21,DUPYIX__ligand1178-0
22,DUPYIX__ligand3566-0
23,DUPYIX__ligand365-0
24,DUPYIX__ligand278-0
25,DUPYIX__ligand1321-0
26,DUPYIX__ligand1788-0
27,DUPYIX__ligand669-0
28,DUPYIX__ligand430-0
29,DUPYIX__ligand11-0
30,DUPYIX__ligand358-0
31,DUPYIX__ligand1325-0
32,DUPYIX__ligand2482-0
33,DUPYIX__ligand6571-0
34,DUPYIX__ligand409-0
35,DUPYIX__ligand361-0
36,DUPYIX__ligand324-0
37,DUPYIX__ligand1-0
38,DUPYIX__ligand5762-0
39,DUPYIX__ligand7414-0
40,DUPYIX__ligand1104-0
41,DUPYIX__ligand1019-0
42,DUPYIX__ligand2442-0
43,DUPYIX__ligand105-0
44,DUPYIX__ligand140-0
45,DUPYIX__ligand1299-0
46,DUPYIX__ligand6430-0
47,DUPYIX__ligand89-0
48,DUPYIX__ligand1221-0
49,DUPYIX__ligand1264-0
50,DUPYIX__ligand927-0
51,DUPYIX__ligand1379-0
52,DUPYIX__ligand199-0
53,DUPYIX__ligand575-0
54,DUPYIX__ligand2376-0
55,DUPYIX__ligand2929-0
56,DUPYIX__ligand49-0
57,DUPYIX__ligand633-0
58,DUPYIX__ligand2389-0
59,DUPYIX__ligand918-0
60,DUPYIX__ligand532-0
61,DUPYIX__ligand1919-0
62,DUPYIX__ligand497-0
63,DUPYIX__ligand2916-0
64,DUPYIX__ligand2110-0
65,DUPYIX__ligand838-0
66,DUPYIX__ligand3579-0
67,DUPYIX__ligand1712-0
68,DUPYIX__ligand166-0
69,DUPYIX__ligand436-0
70,DUPYIX__ligand17-0
71,DUPYIX__ligand3-0
72,DUPYIX__ligand142-0
73,DUPYIX__ligand8032-0
74,DUPYIX__ligand206-0
75,DUPYIX__ligand1858-0
76,DUPYIX__ligand2315-0
77,DUPYIX__ligand553-0
78,DUPYIX__ligand1898-0
79,DUPYIX__ligand4504-0
80,DUPYIX__ligand3051-0
81,DUPYIX__ligand283-0
82,DUPYIX__ligand2480-0
83,DUPYIX__ligand92-0
84,DUPYIX__ligand821-0
85,DUPYIX__ligand5334-0
86,DUPYIX__ligand326-0
87,DUPYIX__ligand119-0
88,DUPYIX__ligand7550-0
89,DUPYIX__ligand2954-0
90,DUPYIX__ligand5093-0
91,DUPYIX__ligand2253-0
92,DUPYIX__ligand1160-0
93,DUPYIX__ligand34-0
94,DUPYIX__ligand1038-0
95,DUPYIX__ligand2762-0
96,DUPYIX__ligand124-0
97,DUPYIX__ligand1907-0
98,DUPYIX__ligand55-0
99,DUPYIX__ligand4-0
100,DUPYIX__ligand4423-0
101,DUPYIX__ligand100-0
102,DUPYIX__ligand11730-0
103,DUPYIX__ligand244-0
104,DUPYIX__ligand201-0
105,DUPYIX__ligand3890-0
106,DUPYIX__ligand279-0
107,DUPYIX__ligand7630-0
108,DUPYIX__ligand178-0
109,DUPYIX__ligand95-0
110,DUPYIX__ligand1555-0
111,DUPYIX__ligand1285-0
112,DUPYIX__ligand321-0
113,DUPYIX__ligand3852-0
114,DUPYIX__ligand612-0
115,DUPYIX__ligand3478-0
116,DUPYIX__ligand187-0
117,DUPYIX__ligand366-0
118,DUPYIX__ligand5758-0
119,DUPYIX__ligand861-0
120,DUPYIX__ligand6-0
121,DUPYIX__ligand7456-0
122,DUPYIX__ligand57-0
123,DUPYIX__ligand1818-0
124,DUPYIX__ligand596-0
125,DUPYIX__ligand73-0
126,DUPYIX__ligand3251-0
127,DUPYIX__ligand5235-0
128,DUPYIX__ligand126-0
129,DUPYIX__ligand6143-0
130,DUPYIX__ligand4619-0
131,DUPYIX__ligand1493-0
132,DUPYIX__ligand3070-0
133,DUPYIX__ligand3035-0
134,DUPYIX__ligand2718-0
135,DUPYIX__ligand9176-0
136,DUPYIX__ligand4175-0
137,DUPYIX__ligand757-0
138,DUPYIX__ligand2255-0
139,DUPYIX__ligand32-0
140,DUPYIX__ligand1918-0
141,DUPYIX__ligand797-0
142,DUPYIX__ligand4370-0
143,DUPYIX__ligand1436-0
144,DUPYIX__ligand3618-0
145,DUPYIX__ligand2618-0
146,DUPYIX__ligand240-0
147,DUPYIX__ligand141-0
148,DUPYIX__ligand2707-0
149,DUPYIX__ligand1690-0
150,DUPYIX__ligand51-0
151,DUPYIX__ligand29-0
152,DUPYIX__ligand2526-0
153,DUPYIX__ligand91-0
154,DUPYIX__ligand1551-0
155,DUPYIX__ligand4012-0
156,DUPYIX__ligand3196-0
157,DUPYIX__ligand48-0
158,DUPYIX__ligand120-0
159,DUPYIX__ligand2915-0
160,DUPYIX__ligand384-0
161,DUPYIX__ligand1459-0
162,DUPYIX__ligand1544-0
163,DUPYIX__ligand1685-0
164,DUPYIX__ligand1048-0
165,DUPYIX__ligand210-0
166,DUPYIX__ligand2087-0
167,DUPYIX__ligand3757-0
168,DUPYIX__ligand1171-0
169,DUPYIX__ligand391-0
170,DUPYIX__ligand170-0
171,DUPYIX__ligand1438-0
172,DUPYIX__ligand3063-0
173,DUPYIX__ligand481-0
174,DUPYIX__ligand5801-0
175,DUPYIX__ligand314-0
176,DUPYIX__ligand18-0
177,DUPYIX__ligand353-0
178,DUPYIX__ligand2629-0
179,DUPYIX__ligand4381-0
180,DUPYIX__ligand62-0
181,DUPYIX__ligand1706-0
182,DUPYIX__ligand236-0
183,DUPYIX__ligand3734-0
184,DUPYIX__ligand1951-0
185,DUPYIX__ligand422-0
186,DUPYIX__ligand1687-0
187,DUPYIX__ligand113-0
188,DUPYIX__ligand6277-0
189,DUPYIX__ligand502-0
190,DUPYIX__ligand196-0
191,DUPYIX__ligand2768-0
192,DUPYIX__ligand1376-0
193,DUPYIX__ligand86-0
194,DUPYIX__ligand2259-0
195,DUPYIX__ligand2688-0
196,DUPYIX__ligand682-0
197,DUPYIX__ligand2751-0
198,DUPYIX__ligand2634-0
199,DUPYIX__ligand1542-0
200,DUPYIX__ligand3041-0
201,DUPYIX__ligand3178-0
202,DUPYIX__ligand487-0
203,DUPYIX__ligand6332-0
204,DUPYIX__ligand522-0
205,DUPYIX__ligand10357-0
206,DUPYIX__ligand6502-0
207,DUPYIX__ligand2098-0
208,DUPYIX__ligand2863-0
209,DUPYIX__ligand15630-0
210,DUPYIX__ligand666-0
211,DUPYIX__ligand5548-0
212,DUPYIX__ligand7915-0
213,DUPYIX__ligand133-0
214,DUPYIX__ligand1747-0
215,DUPYIX__ligand6686-0
216,DUPYIX__ligand66-0
217,DUPYIX__ligand447-0
218,DUPYIX__ligand3145-0
219,DUPYIX__ligand21-0
220,DUPYIX__ligand3246-0
221,DUPYIX__ligand355-0
222,DUPYIX__ligand784-0
223,DUPYIX__ligand1148-0
224,DUPYIX__ligand485-0
225,DUPYIX__ligand8-0
226,DUPYIX__ligand1479-0
227,DUPYIX__ligand1228-0
228,DUPYIX__ligand9244-0
229,DUPYIX__ligand38-0
230,DUPYIX__ligand291-0
231,DUPYIX__ligand115-0
232,DUPYIX__ligand1114-0
233,DUPYIX__ligand40-0
234,DUPYIX__ligand1538-0
235,DUPYIX__ligand136-0
236,DUPYIX__ligand1273-0
237,DUPYIX__ligand868-0
238,DUPYIX__ligand442-0
239,DUPYIX__ligand352-0
240,DUPYIX__ligand783-0
241,DUPYIX__ligand1052-0
242,DUPYIX__ligand1502-0
243,DUPYIX__ligand2794-0
244,DUPYIX__ligand197-0
245,DUPYIX__ligand2345-0
246,DUPYIX__ligand1835-0
247,DUPYIX__ligand296-0
248,DUPYIX__ligand4983-0
249,DUPYIX__ligand112-0
250,DUPYIX__ligand9027-0
251,DUPYIX__ligand1113-0
252,DUPYIX__ligand2265-0
253,DUPYIX__ligand6396-0
254,DUPYIX__ligand2880-0
255,DUPYIX__ligand5941-0
256,DUPYIX__ligand2838-0
257,DUPYIX__ligand1799-0
258,DUPYIX__ligand3838-0
259,DUPYIX__ligand584-0
260,DUPYIX__ligand916-0
261,DUPYIX__ligand45-0
262,DUPYIX__ligand421-0
263,DUPYIX__ligand798-0
264,DUPYIX__ligand78-0
265,DUPYIX__ligand1169-0
266,DUPYIX__ligand331-0
267,DUPYIX__ligand5022-0
268,DUPYIX__ligand85-0
269,DUPYIX__ligand294-0
270,DUPYIX__ligand993-0
271,DUPYIX__ligand560-0
272,DUPYIX__ligand525-0
273,DUPYIX__ligand109-0
274,DUPYIX__ligand2864-0
275,DUPYIX__ligand6151-0
276,DUPYIX__ligand2772-0
277,DUPYIX__ligand932-0
278,DUPYIX__ligand134-0
279,DUPYIX__ligand9495-0
280,DUPYIX__ligand235-0
281,DUPYIX__ligand6538-0
282,DUPYIX__ligand2142-0
283,DUPYIX__ligand390-0
284,DUPYIX__ligand6294-0
285,DUPYIX__ligand10479-0
286,DUPYIX__ligand1054-0
287,DUPYIX__ligand311-0
288,DUPYIX__ligand1598-0
289,DUPYIX__ligand4303-0
290,DUPYIX__ligand1248-0
291,DUPYIX__ligand369-0
292,DUPYIX__ligand7464-0
293,DUPYIX__ligand444-0
294,DUPYIX__ligand188-0
295,DUPYIX__ligand460-0
296,DUPYIX__ligand10114-0
297,DUPYIX__ligand250-0
298,DUPYIX__ligand8774-0
299,DUPYIX__ligand3637-0
300,DUPYIX__ligand370-0
301,DUPYIX__ligand193-0
302,DUPYIX__ligand1607-0
303,DUPYIX__ligand830-0
304,DUPYIX__ligand10910-0
305,DUPYIX__ligand1152-0
306,DUPYIX__ligand1727-0
307,DUPYIX__ligand252-0
308,DUPYIX__ligand955-0
309,DUPYIX__ligand67-0
310,DUPYIX__ligand2907-0
311,DUPYIX__ligand177-0
312,DUPYIX__ligand934-0
313,DUPYIX__ligand1703-0
314,DUPYIX__ligand2430-0
315,DUPYIX__ligand2320-0
316,DUPYIX__ligand14530-0
317,DUPYIX__ligand1056-0
318,DUPYIX__ligand2862-0
319,DUPYIX__ligand909-0
320,DUPYIX__ligand8921-0
321,DUPYIX__ligand851-0
322,DUPYIX__ligand2285-0
323,DUPYIX__ligand1567-0
324,DUPYIX__ligand2510-0
