,TMC
0,TAXFAZ__ligand24851-0
1,TAXFAZ__ligand2985-0
2,TAXFAZ__ligand4007-0
3,TAXFAZ__ligand11698-0
4,TAXFAZ__ligand20530-0
5,TAXFAZ__ligand9299-0
6,TAXFAZ__ligand14302-0
7,TAXFAZ__ligand14347-0
8,TAXFAZ__ligand13657-0
9,TAXFAZ__ligand7291-0
10,TAXFAZ__ligand11479-0
11,TAXFAZ__ligand27610-0
12,TAXFAZ__ligand10479-0
13,TAXFAZ__ligand250-0
14,TAXFAZ__ligand10853-0
15,TAXFAZ__ligand29441-0
16,TAXFAZ__ligand3677-1
17,TAXFAZ__ligand9883-0
18,TAXFAZ__ligand9344-0
19,TAXFAZ__ligand8000-0
20,TAXFAZ__ligand29813-0
21,TAXFAZ__ligand16952-0
22,TAXFAZ__ligand3736-0
23,TAXFAZ__ligand3945-0
24,TAXFAZ__ligand370-0
25,TAXFAZ__ligand20220-0
26,TAXFAZ__ligand2693-0
27,TAXFAZ__ligand15387-0
28,TAXFAZ__ligand5383-0
29,TAXFAZ__ligand20121-0
30,TAXFAZ__ligand3712-0
31,TAXFAZ__ligand1464-0
32,TAXFAZ__ligand564-0
33,TAXFAZ__ligand370-1
34,TAXFAZ__ligand2881-0
35,TAXFAZ__ligand620-0
36,TAXFAZ__ligand1499-0
37,TAXFAZ__ligand6892-0
38,TAXFAZ__ligand10151-0
39,TAXFAZ__ligand785-0
40,TAXFAZ__ligand311-0
41,TAXFAZ__ligand1211-0
42,TAXFAZ__ligand479-0
43,TAXFAZ__ligand19668-0
44,TAXFAZ__ligand3632-0
45,TAXFAZ__ligand3677-0
46,TAXFAZ__ligand19906-0
47,TAXFAZ__ligand1294-0
48,TAXFAZ__ligand1168-0
49,TAXFAZ__ligand6699-0
50,TAXFAZ__ligand22353-0
51,TAXFAZ__ligand17-0
52,TAXFAZ__ligand188-0
53,TAXFAZ__ligand2259-0
54,TAXFAZ__ligand1296-0
55,TAXFAZ__ligand11606-0
56,TAXFAZ__ligand31000-0
57,TAXFAZ__ligand5099-0
58,TAXFAZ__ligand8592-0
59,TAXFAZ__ligand1197-0
60,TAXFAZ__ligand5510-0
61,TAXFAZ__ligand1376-0
62,TAXFAZ__ligand9773-0
63,TAXFAZ__ligand26673-0
64,TAXFAZ__ligand177-0
65,TAXFAZ__ligand20821-0
66,TAXFAZ__ligand4101-0
67,TAXFAZ__ligand5595-0
68,TAXFAZ__ligand909-0
69,TAXFAZ__ligand18067-0
70,TAXFAZ__ligand19824-0
71,TAXFAZ__ligand3120-0
72,TAXFAZ__ligand11252-0
73,TAXFAZ__ligand3926-0
74,TAXFAZ__ligand4358-0
75,TAXFAZ__ligand13260-0
76,TAXFAZ__ligand10582-0
77,TAXFAZ__ligand2221-0
78,TAXFAZ__ligand6117-0
79,TAXFAZ__ligand49-0
80,TAXFAZ__ligand1407-0
81,TAXFAZ__ligand8-0
82,TAXFAZ__ligand5509-0
83,TAXFAZ__ligand8002-0
84,TAXFAZ__ligand193-0
85,TAXFAZ__ligand17686-0
86,TAXFAZ__ligand25658-0
87,TAXFAZ__ligand31205-0
88,TAXFAZ__ligand830-0
89,TAXFAZ__ligand11177-0
90,TAXFAZ__ligand372-0
91,TAXFAZ__ligand7762-0
92,TAXFAZ__ligand15455-0
93,TAXFAZ__ligand5080-0
94,TAXFAZ__ligand5304-0
95,TAXFAZ__ligand16870-0
96,TAXFAZ__ligand9167-0
97,TAXFAZ__ligand11622-0
98,TAXFAZ__ligand2238-0
99,TAXFAZ__ligand116-0
100,TAXFAZ__ligand89-0
101,TAXFAZ__ligand11814-0
102,TAXFAZ__ligand252-0
103,TAXFAZ__ligand2822-0
104,TAXFAZ__ligand7293-0
105,TAXFAZ__ligand1317-0
106,TAXFAZ__ligand16603-0
107,TAXFAZ__ligand3867-0
108,TAXFAZ__ligand14339-0
109,TAXFAZ__ligand2906-0
110,TAXFAZ__ligand4711-0
111,TAXFAZ__ligand3244-0
112,TAXFAZ__ligand13691-0
113,TAXFAZ__ligand30788-0
114,TAXFAZ__ligand8793-0
115,TAXFAZ__ligand5649-0
116,TAXFAZ__ligand2788-0
117,TAXFAZ__ligand4649-0
118,TAXFAZ__ligand21752-0
119,TAXFAZ__ligand197-0
120,TAXFAZ__ligand24560-0
121,TAXFAZ__ligand9753-0
122,TAXFAZ__ligand18757-0
123,TAXFAZ__ligand5530-0
124,TAXFAZ__ligand1787-0
125,TAXFAZ__ligand1356-0
126,TAXFAZ__ligand24624-0
127,TAXFAZ__ligand20844-0
128,TAXFAZ__ligand5159-0
129,TAXFAZ__ligand18413-0
130,TAXFAZ__ligand7196-0
131,TAXFAZ__ligand4807-0
132,TAXFAZ__ligand3178-0
133,TAXFAZ__ligand5180-0
134,TAXFAZ__ligand11-0
135,TAXFAZ__ligand20557-0
136,TAXFAZ__ligand30004-0
137,TAXFAZ__ligand6017-0
138,TAXFAZ__ligand5708-0
139,TAXFAZ__ligand868-0
140,TAXFAZ__ligand7316-0
141,TAXFAZ__ligand1153-0
142,TAXFAZ__ligand3225-0
143,TAXFAZ__ligand1116-0
144,TAXFAZ__ligand7092-0
145,TAXFAZ__ligand25048-0
146,TAXFAZ__ligand2260-0
147,TAXFAZ__ligand21940-0
148,TAXFAZ__ligand2124-0
149,TAXFAZ__ligand8612-0
150,TAXFAZ__ligand783-0
151,TAXFAZ__ligand352-0
152,TAXFAZ__ligand20432-0
153,TAXFAZ__ligand27122-0
154,TAXFAZ__ligand13755-0
155,TAXFAZ__ligand16133-0
156,TAXFAZ__ligand69-0
157,TAXFAZ__ligand7172-0
158,TAXFAZ__ligand23445-0
159,TAXFAZ__ligand9323-0
160,TAXFAZ__ligand24953-0
161,TAXFAZ__ligand7273-0
162,TAXFAZ__ligand17069-0
163,TAXFAZ__ligand9284-0
164,TAXFAZ__ligand6391-0
165,TAXFAZ__ligand3126-0
166,TAXFAZ__ligand14477-0
167,TAXFAZ__ligand1114-0
168,TAXFAZ__ligand17445-0
169,TAXFAZ__ligand29334-0
170,TAXFAZ__ligand2417-0
171,TAXFAZ__ligand12413-0
172,TAXFAZ__ligand20731-0
173,TAXFAZ__ligand560-0
174,TAXFAZ__ligand11798-0
175,TAXFAZ__ligand235-0
176,TAXFAZ__ligand2043-0
177,TAXFAZ__ligand21448-0
178,TAXFAZ__ligand11758-0
179,TAXFAZ__ligand134-0
180,TAXFAZ__ligand22357-0
181,TAXFAZ__ligand8788-0
182,TAXFAZ__ligand1832-0
183,TAXFAZ__ligand29214-0
184,TAXFAZ__ligand1604-0
185,TAXFAZ__ligand11544-0
186,TAXFAZ__ligand11501-0
187,TAXFAZ__ligand1228-0
188,TAXFAZ__ligand9943-0
189,TAXFAZ__ligand9450-0
190,TAXFAZ__ligand27550-0
191,TAXFAZ__ligand685-0
192,TAXFAZ__ligand421-0
193,TAXFAZ__ligand2612-0
194,TAXFAZ__ligand1599-0
195,TAXFAZ__ligand18019-1
196,TAXFAZ__ligand14007-0
197,TAXFAZ__ligand29565-0
198,TAXFAZ__ligand2203-0
199,TAXFAZ__ligand5387-0
200,TAXFAZ__ligand23682-0
201,TAXFAZ__ligand1289-0
202,TAXFAZ__ligand18158-0
203,TAXFAZ__ligand27771-0
204,TAXFAZ__ligand16956-0
205,TAXFAZ__ligand21339-0
206,TAXFAZ__ligand14226-0
207,TAXFAZ__ligand20942-1
208,TAXFAZ__ligand294-0
209,TAXFAZ__ligand11682-0
210,TAXFAZ__ligand30711-0
211,TAXFAZ__ligand20207-0
212,TAXFAZ__ligand1113-0
213,TAXFAZ__ligand8553-0
214,TAXFAZ__ligand487-0
215,TAXFAZ__ligand25913-0
216,TAXFAZ__ligand91-0
217,TAXFAZ__ligand16988-0
218,TAXFAZ__ligand5201-0
219,TAXFAZ__ligand2001-0
220,TAXFAZ__ligand16663-0
221,TAXFAZ__ligand51-0
222,TAXFAZ__ligand7566-0
223,TAXFAZ__ligand14614-0
224,TAXFAZ__ligand176-0
225,TAXFAZ__ligand24035-0
226,TAXFAZ__ligand746-0
227,TAXFAZ__ligand31842-0
228,TAXFAZ__ligand31044-0
229,TAXFAZ__ligand9944-0
230,TAXFAZ__ligand8593-0
231,TAXFAZ__ligand447-0
232,TAXFAZ__ligand11994-0
233,TAXFAZ__ligand152-0
234,TAXFAZ__ligand10056-0
235,TAXFAZ__ligand12365-0
236,TAXFAZ__ligand6995-0
237,TAXFAZ__ligand15531-0
238,TAXFAZ__ligand2823-0
239,TAXFAZ__ligand28743-0
240,TAXFAZ__ligand11357-0
241,TAXFAZ__ligand13862-0
242,TAXFAZ__ligand2650-0
243,TAXFAZ__ligand28930-0
244,TAXFAZ__ligand2281-0
245,TAXFAZ__ligand22168-0
246,TAXFAZ__ligand4340-0
247,TAXFAZ__ligand22294-0
248,TAXFAZ__ligand21919-0
249,TAXFAZ__ligand3180-0
250,TAXFAZ__ligand11970-0
251,TAXFAZ__ligand5415-0
252,TAXFAZ__ligand15883-0
253,TAXFAZ__ligand11096-0
254,TAXFAZ__ligand11447-0
255,TAXFAZ__ligand48-0
256,TAXFAZ__ligand28810-0
257,TAXFAZ__ligand506-0
258,TAXFAZ__ligand24230-0
259,TAXFAZ__ligand4124-0
260,TAXFAZ__ligand3471-0
261,TAXFAZ__ligand4161-0
262,TAXFAZ__ligand15926-0
263,TAXFAZ__ligand10828-0
264,TAXFAZ__ligand19792-0
265,TAXFAZ__ligand2692-0
266,TAXFAZ__ligand833-0
267,TAXFAZ__ligand1618-0
268,TAXFAZ__ligand1028-0
269,TAXFAZ__ligand13477-0
270,TAXFAZ__ligand14167-0
271,TAXFAZ__ligand30142-0
272,TAXFAZ__ligand4262-0
273,TAXFAZ__ligand27669-0
274,TAXFAZ__ligand2027-0
275,TAXFAZ__ligand32-0
276,TAXFAZ__ligand29029-0
277,TAXFAZ__ligand27285-0
278,TAXFAZ__ligand1050-0
279,TAXFAZ__ligand1015-0
280,TAXFAZ__ligand115-0
281,TAXFAZ__ligand23197-0
282,TAXFAZ__ligand16-0
283,TAXFAZ__ligand10371-0
284,TAXFAZ__ligand368-0
285,TAXFAZ__ligand13672-0
286,TAXFAZ__ligand8529-0
287,TAXFAZ__ligand28685-0
288,TAXFAZ__ligand18568-0
289,TAXFAZ__ligand1169-0
290,TAXFAZ__ligand395-0
291,TAXFAZ__ligand19184-0
292,TAXFAZ__ligand1154-0
293,TAXFAZ__ligand784-0
294,TAXFAZ__ligand9615-0
295,TAXFAZ__ligand4596-0
296,TAXFAZ__ligand18448-0
297,TAXFAZ__ligand12453-0
298,TAXFAZ__ligand28459-0
299,TAXFAZ__ligand1498-0
300,TAXFAZ__ligand4063-0
301,TAXFAZ__ligand29215-0
302,TAXFAZ__ligand7438-0
303,TAXFAZ__ligand391-0
304,TAXFAZ__ligand8200-0
305,TAXFAZ__ligand57-0
306,TAXFAZ__ligand16148-0
307,TAXFAZ__ligand26631-0
308,TAXFAZ__ligand12003-0
309,TAXFAZ__ligand3042-0
310,TAXFAZ__ligand618-0
311,TAXFAZ__ligand10872-0
312,TAXFAZ__ligand21399-0
313,TAXFAZ__ligand3416-0
314,TAXFAZ__ligand3453-0
315,TAXFAZ__ligand22403-0
316,TAXFAZ__ligand4207-0
317,TAXFAZ__ligand314-0
318,TAXFAZ__ligand780-0
319,TAXFAZ__ligand20695-0
320,TAXFAZ__ligand27754-0
321,TAXFAZ__ligand1539-0
322,TAXFAZ__ligand813-0
323,TAXFAZ__ligand16369-0
324,TAXFAZ__ligand11111-0
325,TAXFAZ__ligand1150-0
326,TAXFAZ__ligand28540-0
327,TAXFAZ__ligand9491-0
328,TAXFAZ__ligand4266-0
329,TAXFAZ__ligand1400-0
330,TAXFAZ__ligand26529-0
331,TAXFAZ__ligand4167-0
332,TAXFAZ__ligand314-1
333,TAXFAZ__ligand1288-0
334,TAXFAZ__ligand11618-0
335,TAXFAZ__ligand19927-0
336,TAXFAZ__ligand465-0
337,TAXFAZ__ligand7075-0
338,TAXFAZ__ligand1149-0
339,TAXFAZ__ligand26324-0
340,TAXFAZ__ligand28559-0
341,TAXFAZ__ligand14043-0
342,TAXFAZ__ligand3557-0
343,TAXFAZ__ligand3980-0
344,TAXFAZ__ligand27239-0
345,TAXFAZ__ligand1817-0
346,TAXFAZ__ligand21729-0
347,TAXFAZ__ligand6993-0
348,TAXFAZ__ligand1779-0
349,TAXFAZ__ligand9750-0
350,TAXFAZ__ligand1908-0
351,TAXFAZ__ligand11949-0
352,TAXFAZ__ligand22129-0
353,TAXFAZ__ligand4795-0
354,TAXFAZ__ligand3285-0
355,TAXFAZ__ligand24780-0
356,TAXFAZ__ligand12138-0
357,TAXFAZ__ligand422-0
358,TAXFAZ__ligand34-0
359,TAXFAZ__ligand686-0
360,TAXFAZ__ligand25561-0
361,TAXFAZ__ligand1786-0
362,TAXFAZ__ligand5630-0
363,TAXFAZ__ligand1397-0
364,TAXFAZ__ligand7213-0
365,TAXFAZ__ligand31694-0
366,TAXFAZ__ligand1828-0
367,TAXFAZ__ligand6112-0
368,TAXFAZ__ligand29486-0
369,TAXFAZ__ligand196-0
370,TAXFAZ__ligand8042-0
371,TAXFAZ__ligand3144-0
372,TAXFAZ__ligand5085-0
373,TAXFAZ__ligand4710-0
374,TAXFAZ__ligand17427-0
375,TAXFAZ__ligand5755-0
376,TAXFAZ__ligand14569-0
377,TAXFAZ__ligand13385-0
378,TAXFAZ__ligand68-0
379,TAXFAZ__ligand22444-0
380,TAXFAZ__ligand1849-0
381,TAXFAZ__ligand24111-0
382,TAXFAZ__ligand3261-0
383,TAXFAZ__ligand13220-0
384,TAXFAZ__ligand1152-0
385,TAXFAZ__ligand11587-0
386,TAXFAZ__ligand5019-0
387,TAXFAZ__ligand1216-0
388,TAXFAZ__ligand17396-0
389,TAXFAZ__ligand15788-0
390,TAXFAZ__ligand353-0
391,TAXFAZ__ligand23175-0
392,TAXFAZ__ligand27840-0
393,TAXFAZ__ligand30728-0
394,TAXFAZ__ligand24872-0
395,TAXFAZ__ligand393-0
396,TAXFAZ__ligand5614-0
397,TAXFAZ__ligand5280-0
398,TAXFAZ__ligand10033-0
399,TAXFAZ__ligand1831-0
400,TAXFAZ__ligand24644-0
401,TAXFAZ__ligand12001-0
402,TAXFAZ__ligand5515-0
403,TAXFAZ__ligand6663-0
404,TAXFAZ__ligand55-0
405,TAXFAZ__ligand25411-0
406,TAXFAZ__ligand3215-0
407,TAXFAZ__ligand10712-0
408,TAXFAZ__ligand14174-0
409,TAXFAZ__ligand7107-0
410,TAXFAZ__ligand11456-0
411,TAXFAZ__ligand693-0
412,TAXFAZ__ligand29879-0
413,TAXFAZ__ligand14248-0
414,TAXFAZ__ligand6283-0
415,TAXFAZ__ligand12030-0
416,TAXFAZ__ligand13331-0
417,TAXFAZ__ligand28884-0
418,TAXFAZ__ligand4813-0
419,TAXFAZ__ligand5813-0
420,TAXFAZ__ligand4738-0
421,TAXFAZ__ligand6062-0
422,TAXFAZ__ligand13294-0
423,TAXFAZ__ligand31832-0
424,TAXFAZ__ligand7532-0
425,TAXFAZ__ligand122-0
426,TAXFAZ__ligand4194-0
427,TAXFAZ__ligand1-0
428,TAXFAZ__ligand2599-0
429,TAXFAZ__ligand27482-0
430,TAXFAZ__ligand26810-0
431,TAXFAZ__ligand4330-0
432,TAXFAZ__ligand757-0
433,TAXFAZ__ligand13208-0
434,TAXFAZ__ligand1147-0
435,TAXFAZ__ligand3973-0
436,TAXFAZ__ligand20682-0
437,TAXFAZ__ligand2068-0
438,TAXFAZ__ligand7925-0
439,TAXFAZ__ligand13390-0
440,TAXFAZ__ligand38-0
441,TAXFAZ__ligand20251-0
442,TAXFAZ__ligand30702-0
443,TAXFAZ__ligand20214-0
444,TAXFAZ__ligand20539-0
445,TAXFAZ__ligand3934-0
446,TAXFAZ__ligand21581-0
447,TAXFAZ__ligand31097-0
448,TAXFAZ__ligand768-0
449,TAXFAZ__ligand6455-0
450,TAXFAZ__ligand6882-0
451,TAXFAZ__ligand17261-0
452,TAXFAZ__ligand2403-0
453,TAXFAZ__ligand14117-0
454,TAXFAZ__ligand17118-0
455,TAXFAZ__ligand1449-0
456,TAXFAZ__ligand42-0
457,TAXFAZ__ligand21371-0
458,TAXFAZ__ligand3012-0
459,TAXFAZ__ligand20419-0
460,TAXFAZ__ligand3-0
461,TAXFAZ__ligand28789-0
462,TAXFAZ__ligand1065-0
463,TAXFAZ__ligand7530-0
464,TAXFAZ__ligand384-0
465,TAXFAZ__ligand29568-0
466,TAXFAZ__ligand9681-0
467,TAXFAZ__ligand4332-0
468,TAXFAZ__ligand30851-0
469,TAXFAZ__ligand14889-0
470,TAXFAZ__ligand29414-0
471,TAXFAZ__ligand17982-0
472,TAXFAZ__ligand5627-0
473,TAXFAZ__ligand20011-0
474,TAXFAZ__ligand17278-0
475,TAXFAZ__ligand141-0
476,TAXFAZ__ligand1729-0
477,TAXFAZ__ligand2830-0
478,TAXFAZ__ligand240-0
479,TAXFAZ__ligand66-0
480,TAXFAZ__ligand17398-0
481,TAXFAZ__ligand5316-0
482,TAXFAZ__ligand22557-0
483,TAXFAZ__ligand10589-0
484,TAXFAZ__ligand24047-0
485,TAXFAZ__ligand11675-0
486,TAXFAZ__ligand5483-0
487,TAXFAZ__ligand20598-0
488,TAXFAZ__ligand14703-0
489,TAXFAZ__ligand16475-0
490,TAXFAZ__ligand9148-0
491,TAXFAZ__ligand1415-0
492,TAXFAZ__ligand6946-0
493,TAXFAZ__ligand7529-0
494,TAXFAZ__ligand20251-1
495,TAXFAZ__ligand30333-0
496,TAXFAZ__ligand4850-0
497,TAXFAZ__ligand5056-0
498,TAXFAZ__ligand1688-0
499,TAXFAZ__ligand3647-0
500,TAXFAZ__ligand12606-0
501,TAXFAZ__ligand5357-0
502,TAXFAZ__ligand3871-0
503,TAXFAZ__ligand17281-0
504,TAXFAZ__ligand201-0
505,TAXFAZ__ligand30296-0
506,TAXFAZ__ligand1469-0
507,TAXFAZ__ligand29410-0
508,TAXFAZ__ligand12337-0
509,TAXFAZ__ligand1768-0
510,TAXFAZ__ligand26540-0
511,TAXFAZ__ligand20740-0
512,TAXFAZ__ligand28468-0
513,TAXFAZ__ligand178-0
514,TAXFAZ__ligand5935-0
515,TAXFAZ__ligand12427-0
516,TAXFAZ__ligand1379-0
517,TAXFAZ__ligand16628-0
518,TAXFAZ__ligand185-0
519,TAXFAZ__ligand279-0
520,TAXFAZ__ligand2722-0
521,TAXFAZ__ligand3157-0
522,TAXFAZ__ligand321-0
523,TAXFAZ__ligand1165-0
524,TAXFAZ__ligand9525-0
525,TAXFAZ__ligand27460-0
526,TAXFAZ__ligand3392-0
527,TAXFAZ__ligand23713-0
528,TAXFAZ__ligand18832-0
529,TAXFAZ__ligand27175-0
530,TAXFAZ__ligand30988-0
531,TAXFAZ__ligand4911-0
532,TAXFAZ__ligand1771-0
533,TAXFAZ__ligand5849-0
534,TAXFAZ__ligand27893-0
535,TAXFAZ__ligand14723-0
536,TAXFAZ__ligand19641-0
537,TAXFAZ__ligand15422-0
538,TAXFAZ__ligand20578-0
539,TAXFAZ__ligand12934-0
540,TAXFAZ__ligand338-0
541,TAXFAZ__ligand2527-0
542,TAXFAZ__ligand31783-0
543,TAXFAZ__ligand17258-0
544,TAXFAZ__ligand8464-0
545,TAXFAZ__ligand1709-0
546,TAXFAZ__ligand14297-0
547,TAXFAZ__ligand14603-0
548,TAXFAZ__ligand8349-0
549,TAXFAZ__ligand26665-0
550,TAXFAZ__ligand13012-0
551,TAXFAZ__ligand17631-0
552,TAXFAZ__ligand2208-0
553,TAXFAZ__ligand3208-0
554,TAXFAZ__ligand17302-0
555,TAXFAZ__ligand17805-0
556,TAXFAZ__ligand1327-0
557,TAXFAZ__ligand9809-0
558,TAXFAZ__ligand23769-0
559,TAXFAZ__ligand6672-0
560,TAXFAZ__ligand8722-0
561,TAXFAZ__ligand24185-0
562,TAXFAZ__ligand3350-0
563,TAXFAZ__ligand2781-0
564,TAXFAZ__ligand7573-0
565,TAXFAZ__ligand25178-0
566,TAXFAZ__ligand126-0
567,TAXFAZ__ligand163-0
568,TAXFAZ__ligand24145-0
569,TAXFAZ__ligand2328-0
570,TAXFAZ__ligand15585-0
571,TAXFAZ__ligand12401-0
572,TAXFAZ__ligand4581-0
573,TAXFAZ__ligand1773-0
574,TAXFAZ__ligand3029-0
575,TAXFAZ__ligand19830-0
576,TAXFAZ__ligand13068-0
577,TAXFAZ__ligand7162-0
578,TAXFAZ__ligand10476-0
579,TAXFAZ__ligand12130-0
580,TAXFAZ__ligand17387-0
581,TAXFAZ__ligand13658-0
582,TAXFAZ__ligand26702-0
583,TAXFAZ__ligand12289-0
584,TAXFAZ__ligand18292-0
585,TAXFAZ__ligand12231-0
586,TAXFAZ__ligand1900-0
587,TAXFAZ__ligand9197-0
588,TAXFAZ__ligand845-0
589,TAXFAZ__ligand18-0
590,TAXFAZ__ligand19057-0
591,TAXFAZ__ligand18814-0
592,TAXFAZ__ligand187-0
593,TAXFAZ__ligand1712-0
594,TAXFAZ__ligand4131-0
595,TAXFAZ__ligand13425-0
596,TAXFAZ__ligand29302-0
597,TAXFAZ__ligand657-0
598,TAXFAZ__ligand366-0
599,TAXFAZ__ligand27763-0
600,TAXFAZ__ligand10262-0
601,TAXFAZ__ligand5892-0
602,TAXFAZ__ligand5094-0
603,TAXFAZ__ligand28676-0
604,TAXFAZ__ligand1533-0
605,TAXFAZ__ligand12641-0
606,TAXFAZ__ligand10958-0
607,TAXFAZ__ligand777-0
608,TAXFAZ__ligand941-0
609,TAXFAZ__ligand596-0
610,TAXFAZ__ligand14108-0
611,TAXFAZ__ligand1496-0
612,TAXFAZ__ligand7557-0
613,TAXFAZ__ligand16791-0
614,TAXFAZ__ligand1285-0
615,TAXFAZ__ligand1982-0
616,TAXFAZ__ligand7000-0
617,TAXFAZ__ligand8115-0
618,TAXFAZ__ligand28668-0
619,TAXFAZ__ligand6768-0
620,TAXFAZ__ligand43-0
621,TAXFAZ__ligand4503-0
622,TAXFAZ__ligand4546-0
623,TAXFAZ__ligand199-0
624,TAXFAZ__ligand18465-0
625,TAXFAZ__ligand18799-0
626,TAXFAZ__ligand588-0
627,TAXFAZ__ligand4157-0
628,TAXFAZ__ligand5256-0
629,TAXFAZ__ligand29863-0
630,TAXFAZ__ligand13869-0
631,TAXFAZ__ligand9833-0
632,TAXFAZ__ligand8876-0
633,TAXFAZ__ligand2828-0
634,TAXFAZ__ligand18074-0
635,TAXFAZ__ligand7648-0
636,TAXFAZ__ligand9291-0
637,TAXFAZ__ligand300-0
638,TAXFAZ__ligand2176-0
639,TAXFAZ__ligand29610-0
640,TAXFAZ__ligand2232-0
641,TAXFAZ__ligand11140-0
642,TAXFAZ__ligand7629-0
643,TAXFAZ__ligand25267-0
644,TAXFAZ__ligand10084-0
645,TAXFAZ__ligand1451-0
646,TAXFAZ__ligand4272-0
647,TAXFAZ__ligand9784-0
648,TAXFAZ__ligand12467-0
649,TAXFAZ__ligand8699-0
650,TAXFAZ__ligand13257-0
651,TAXFAZ__ligand1160-0
652,TAXFAZ__ligand9520-0
653,TAXFAZ__ligand21936-0
654,TAXFAZ__ligand409-0
655,TAXFAZ__ligand4093-0
656,TAXFAZ__ligand4442-0
657,TAXFAZ__ligand3954-0
658,TAXFAZ__ligand23904-0
659,TAXFAZ__ligand324-0
660,TAXFAZ__ligand361-0
661,TAXFAZ__ligand27074-0
662,TAXFAZ__ligand6709-0
663,TAXFAZ__ligand1219-0
664,TAXFAZ__ligand7867-0
665,TAXFAZ__ligand25805-0
666,TAXFAZ__ligand22981-0
667,TAXFAZ__ligand4016-0
668,TAXFAZ__ligand20599-0
669,TAXFAZ__ligand7238-0
670,TAXFAZ__ligand1790-0
671,TAXFAZ__ligand14523-0
672,TAXFAZ__ligand1304-0
673,TAXFAZ__ligand7280-0
674,TAXFAZ__ligand27169-0
675,TAXFAZ__ligand18391-0
676,TAXFAZ__ligand67-0
677,TAXFAZ__ligand3504-0
678,TAXFAZ__ligand1959-0
679,TAXFAZ__ligand1536-0
680,TAXFAZ__ligand1573-0
681,TAXFAZ__ligand12295-0
682,TAXFAZ__ligand436-0
683,TAXFAZ__ligand27835-0
684,TAXFAZ__ligand9935-0
685,TAXFAZ__ligand692-0
686,TAXFAZ__ligand25575-0
687,TAXFAZ__ligand21787-0
688,TAXFAZ__ligand3718-0
689,TAXFAZ__ligand3035-0
690,TAXFAZ__ligand3876-0
691,TAXFAZ__ligand1343-0
692,TAXFAZ__ligand6616-0
693,TAXFAZ__ligand25689-0
694,TAXFAZ__ligand4661-0
695,TAXFAZ__ligand1844-0
696,TAXFAZ__ligand7242-0
697,TAXFAZ__ligand30539-0
698,TAXFAZ__ligand7106-0
699,TAXFAZ__ligand23906-0
700,TAXFAZ__ligand326-0
701,TAXFAZ__ligand9908-0
702,TAXFAZ__ligand1263-0
703,TAXFAZ__ligand21132-0
704,TAXFAZ__ligand11166-0
705,TAXFAZ__ligand5211-0
706,TAXFAZ__ligand633-0
707,TAXFAZ__ligand4155-0
708,TAXFAZ__ligand3094-0
709,TAXFAZ__ligand4720-0
710,TAXFAZ__ligand12519-0
711,TAXFAZ__ligand25735-0
712,TAXFAZ__ligand497-0
713,TAXFAZ__ligand8969-0
714,TAXFAZ__ligand1202-0
715,TAXFAZ__ligand3937-0
716,TAXFAZ__ligand11206-0
717,TAXFAZ__ligand3174-0
718,TAXFAZ__ligand3131-0
719,TAXFAZ__ligand6839-0
720,TAXFAZ__ligand23124-0
721,TAXFAZ__ligand1512-0
722,TAXFAZ__ligand12660-0
723,TAXFAZ__ligand5331-0
724,TAXFAZ__ligand19257-0
725,TAXFAZ__ligand13209-0
726,TAXFAZ__ligand3565-0
727,TAXFAZ__ligand31248-0
728,TAXFAZ__ligand25650-0
729,TAXFAZ__ligand3852-0
730,TAXFAZ__ligand2485-0
731,TAXFAZ__ligand6919-0
732,TAXFAZ__ligand3234-0
733,TAXFAZ__ligand1142-0
734,TAXFAZ__ligand26277-0
735,TAXFAZ__ligand29898-0
736,TAXFAZ__ligand8835-0
737,TAXFAZ__ligand22755-0
738,TAXFAZ__ligand2028-0
739,TAXFAZ__ligand10432-0
740,TAXFAZ__ligand7126-0
741,TAXFAZ__ligand31618-0
742,TAXFAZ__ligand78-0
743,TAXFAZ__ligand11432-0
744,TAXFAZ__ligand4-0
745,TAXFAZ__ligand226-0
746,TAXFAZ__ligand45-0
747,TAXFAZ__ligand4641-0
748,TAXFAZ__ligand15168-0
749,TAXFAZ__ligand162-0
750,TAXFAZ__ligand383-0
751,TAXFAZ__ligand24064-0
752,TAXFAZ__ligand416-0
753,TAXFAZ__ligand23589-0
754,TAXFAZ__ligand4620-0
755,TAXFAZ__ligand29087-0
756,TAXFAZ__ligand18703-0
757,TAXFAZ__ligand696-0
758,TAXFAZ__ligand24-0
759,TAXFAZ__ligand6067-0
760,TAXFAZ__ligand1577-0
761,TAXFAZ__ligand28924-0
762,TAXFAZ__ligand2295-0
763,TAXFAZ__ligand15438-0
764,TAXFAZ__ligand24750-0
765,TAXFAZ__ligand7819-0
766,TAXFAZ__ligand2917-0
767,TAXFAZ__ligand17945-0
768,TAXFAZ__ligand6596-0
769,TAXFAZ__ligand6904-0
770,TAXFAZ__ligand19-0
771,TAXFAZ__ligand3721-0
772,TAXFAZ__ligand6102-0
773,TAXFAZ__ligand18013-0
774,TAXFAZ__ligand25224-0
775,TAXFAZ__ligand17207-0
776,TAXFAZ__ligand31578-0
777,TAXFAZ__ligand3465-0
778,TAXFAZ__ligand656-0
779,TAXFAZ__ligand2915-0
780,TAXFAZ__ligand3156-0
781,TAXFAZ__ligand12682-0
782,TAXFAZ__ligand18699-0
783,TAXFAZ__ligand17240-0
784,TAXFAZ__ligand6244-0
785,TAXFAZ__ligand1378-0
786,TAXFAZ__ligand17590-0
787,TAXFAZ__ligand13072-0
788,TAXFAZ__ligand694-0
789,TAXFAZ__ligand12336-0
790,TAXFAZ__ligand2332-0
791,TAXFAZ__ligand9441-0
792,TAXFAZ__ligand1631-0
793,TAXFAZ__ligand488-0
794,TAXFAZ__ligand430-0
795,TAXFAZ__ligand9933-0
796,TAXFAZ__ligand1530-0
797,TAXFAZ__ligand1575-0
798,TAXFAZ__ligand358-0
799,TAXFAZ__ligand24613-0
800,TAXFAZ__ligand1823-0
801,TAXFAZ__ligand5643-0
802,TAXFAZ__ligand8721-0
803,TAXFAZ__ligand19725-0
804,TAXFAZ__ligand1324-0
805,TAXFAZ__ligand10555-0
806,TAXFAZ__ligand9111-0
807,TAXFAZ__ligand31483-0
808,TAXFAZ__ligand9952-0
809,TAXFAZ__ligand1615-0
810,TAXFAZ__ligand5036-0
811,TAXFAZ__ligand2526-0
812,TAXFAZ__ligand8992-0
813,TAXFAZ__ligand11568-0
814,TAXFAZ__ligand9601-0
815,TAXFAZ__ligand20579-0
816,TAXFAZ__ligand17710-0
817,TAXFAZ__ligand7967-0
818,TAXFAZ__ligand3707-0
819,TAXFAZ__ligand6124-0
820,TAXFAZ__ligand21421-0
821,TAXFAZ__ligand571-0
822,TAXFAZ__ligand534-0
823,TAXFAZ__ligand11774-0
824,TAXFAZ__ligand4116-0
825,TAXFAZ__ligand14586-0
826,TAXFAZ__ligand1018-0
827,TAXFAZ__ligand670-0
