,TMC
0,BUJXAG__ligand2917-0
1,BUJXAG__ligand7819-0
2,BUJXAG__ligand694-0
3,BUJXAG__ligand29898-0
4,BUJXAG__ligand26277-0
5,BUJXAG__ligand11432-0
6,BUJXAG__ligand31618-0
7,BUJXAG__ligand10432-0
8,BUJXAG__ligand22755-0
9,BUJXAG__ligand3465-0
10,BUJXAG__ligand488-0
11,BUJXAG__ligand430-0
12,BUJXAG__ligand6596-0
13,BUJXAG__ligand3721-0
14,BUJXAG__ligand6904-0
15,BUJXAG__ligand6102-0
16,BUJXAG__ligand358-0
17,BUJXAG__ligand24064-0
18,BUJXAG__ligand4620-0
19,BUJXAG__ligand23589-0
20,BUJXAG__ligand43-0
21,BUJXAG__ligand15168-0
22,BUJXAG__ligand2295-0
23,BUJXAG__ligand1577-0
24,BUJXAG__ligand6067-0
25,BUJXAG__ligand15438-0
26,BUJXAG__ligand28924-0
27,BUJXAG__ligand4641-0
28,BUJXAG__ligand29087-0
29,BUJXAG__ligand534-0
30,BUJXAG__ligand571-0
31,BUJXAG__ligand67-0
32,BUJXAG__ligand670-0
33,BUJXAG__ligand18703-0
34,BUJXAG__ligand18013-0
35,BUJXAG__ligand25224-0
36,BUJXAG__ligand1142-0
37,BUJXAG__ligand3234-0
38,BUJXAG__ligand17945-0
39,BUJXAG__ligand31578-0
40,BUJXAG__ligand17207-0
41,BUJXAG__ligand7126-0
42,BUJXAG__ligand8835-0
43,BUJXAG__ligand2028-0
44,BUJXAG__ligand24750-0
45,BUJXAG__ligand17240-0
46,BUJXAG__ligand226-0
47,BUJXAG__ligand9601-0
48,BUJXAG__ligand17590-0
49,BUJXAG__ligand8992-0
50,BUJXAG__ligand162-0
51,BUJXAG__ligand383-0
52,BUJXAG__ligand1018-0
53,BUJXAG__ligand4116-0
54,BUJXAG__ligand416-0
55,BUJXAG__ligand3707-0
56,BUJXAG__ligand6124-0
57,BUJXAG__ligand18699-0
58,BUJXAG__ligand12682-0
59,BUJXAG__ligand7967-0
60,BUJXAG__ligand1324-0
61,BUJXAG__ligand8721-0
62,BUJXAG__ligand5643-0
63,BUJXAG__ligand1823-0
64,BUJXAG__ligand2526-0
65,BUJXAG__ligand5036-0
66,BUJXAG__ligand1615-0
67,BUJXAG__ligand13072-0
68,BUJXAG__ligand9952-0
69,BUJXAG__ligand9111-0
70,BUJXAG__ligand12336-0
71,BUJXAG__ligand31483-0
72,BUJXAG__ligand9441-0
73,BUJXAG__ligand10555-0
74,BUJXAG__ligand2332-0
75,BUJXAG__ligand1530-0
76,BUJXAG__ligand1575-0
77,BUJXAG__ligand9933-0
78,BUJXAG__ligand24613-0
79,BUJXAG__ligand1631-0
80,BUJXAG__ligand19725-0
81,BUJXAG__ligand656-0
82,BUJXAG__ligand21421-0
83,BUJXAG__ligand696-0
84,BUJXAG__ligand3156-0
85,BUJXAG__ligand14586-0
86,BUJXAG__ligand11774-0
87,BUJXAG__ligand2915-0
88,BUJXAG__ligand1378-0
89,BUJXAG__ligand6244-0
90,BUJXAG__ligand17710-0
91,BUJXAG__ligand20579-0
92,BUJXAG__ligand11568-0
93,BUJXAG__ligand45-0
94,BUJXAG__ligand4016-0
95,BUJXAG__ligand7867-0
96,BUJXAG__ligand18799-0
97,BUJXAG__ligand1219-0
98,BUJXAG__ligand6709-0
99,BUJXAG__ligand18465-0
100,BUJXAG__ligand326-0
101,BUJXAG__ligand7280-0
102,BUJXAG__ligand1790-0
103,BUJXAG__ligand16791-0
104,BUJXAG__ligand1304-0
105,BUJXAG__ligand7238-0
106,BUJXAG__ligand28668-0
107,BUJXAG__ligand29610-0
108,BUJXAG__ligand9784-0
109,BUJXAG__ligand11140-0
110,BUJXAG__ligand1451-0
111,BUJXAG__ligand4272-0
112,BUJXAG__ligand7629-0
113,BUJXAG__ligand436-0
114,BUJXAG__ligand692-0
115,BUJXAG__ligand4093-0
116,BUJXAG__ligand4442-0
117,BUJXAG__ligand3954-0
118,BUJXAG__ligand18074-0
119,BUJXAG__ligand13869-0
120,BUJXAG__ligand78-0
121,BUJXAG__ligand9520-0
122,BUJXAG__ligand1160-0
123,BUJXAG__ligand29863-0
124,BUJXAG__ligand8699-0
125,BUJXAG__ligand8876-0
126,BUJXAG__ligand2828-0
127,BUJXAG__ligand7648-0
128,BUJXAG__ligand21936-0
129,BUJXAG__ligand9833-0
130,BUJXAG__ligand13257-0
131,BUJXAG__ligand5256-0
132,BUJXAG__ligand23904-0
133,BUJXAG__ligand4157-0
134,BUJXAG__ligand10084-0
135,BUJXAG__ligand2232-0
136,BUJXAG__ligand25267-0
137,BUJXAG__ligand19-0
138,BUJXAG__ligand2176-0
139,BUJXAG__ligand12467-0
140,BUJXAG__ligand9291-0
141,BUJXAG__ligand6768-0
142,BUJXAG__ligand8115-0
143,BUJXAG__ligand7000-0
144,BUJXAG__ligand1982-0
145,BUJXAG__ligand633-0
146,BUJXAG__ligand18391-0
147,BUJXAG__ligand27169-0
148,BUJXAG__ligand14523-0
149,BUJXAG__ligand1285-0
150,BUJXAG__ligand24-0
151,BUJXAG__ligand27074-0
152,BUJXAG__ligand497-0
153,BUJXAG__ligand20599-0
154,BUJXAG__ligand4503-0
155,BUJXAG__ligand4546-0
156,BUJXAG__ligand22981-0
157,BUJXAG__ligand25805-0
158,BUJXAG__ligand588-0
159,BUJXAG__ligand25689-0
160,BUJXAG__ligand3565-0
161,BUJXAG__ligand21787-0
162,BUJXAG__ligand25575-0
163,BUJXAG__ligand5331-0
164,BUJXAG__ligand1512-0
165,BUJXAG__ligand6919-0
166,BUJXAG__ligand300-0
167,BUJXAG__ligand2485-0
168,BUJXAG__ligand3852-0
169,BUJXAG__ligand27835-0
170,BUJXAG__ligand12295-0
171,BUJXAG__ligand4155-0
172,BUJXAG__ligand3094-0
173,BUJXAG__ligand23906-0
174,BUJXAG__ligand11166-0
175,BUJXAG__ligand5211-0
176,BUJXAG__ligand21132-0
177,BUJXAG__ligand6839-0
178,BUJXAG__ligand3174-0
179,BUJXAG__ligand1202-0
180,BUJXAG__ligand3937-0
181,BUJXAG__ligand3131-0
182,BUJXAG__ligand199-0
183,BUJXAG__ligand8969-0
184,BUJXAG__ligand30539-0
185,BUJXAG__ligand4720-0
186,BUJXAG__ligand25735-0
187,BUJXAG__ligand12519-0
188,BUJXAG__ligand7106-0
189,BUJXAG__ligand23124-0
190,BUJXAG__ligand11206-0
191,BUJXAG__ligand7242-0
192,BUJXAG__ligand9908-0
193,BUJXAG__ligand1263-0
194,BUJXAG__ligand9935-0
195,BUJXAG__ligand25650-0
196,BUJXAG__ligand31248-0
197,BUJXAG__ligand1536-0
198,BUJXAG__ligand1573-0
199,BUJXAG__ligand1959-0
200,BUJXAG__ligand3504-0
201,BUJXAG__ligand12660-0
202,BUJXAG__ligand1844-0
203,BUJXAG__ligand4661-0
204,BUJXAG__ligand409-0
205,BUJXAG__ligand3876-0
206,BUJXAG__ligand1343-0
207,BUJXAG__ligand3035-0
208,BUJXAG__ligand6616-0
209,BUJXAG__ligand19257-0
210,BUJXAG__ligand3718-0
211,BUJXAG__ligand13209-0
212,BUJXAG__ligand361-0
213,BUJXAG__ligand324-0
214,BUJXAG__ligand30296-0
215,BUJXAG__ligand17281-0
216,BUJXAG__ligand2527-0
217,BUJXAG__ligand26540-0
218,BUJXAG__ligand12337-0
219,BUJXAG__ligand29410-0
220,BUJXAG__ligand30333-0
221,BUJXAG__ligand12606-0
222,BUJXAG__ligand8349-0
223,BUJXAG__ligand1709-0
224,BUJXAG__ligand845-0
225,BUJXAG__ligand8464-0
226,BUJXAG__ligand4911-0
227,BUJXAG__ligand1771-0
228,BUJXAG__ligand27460-0
229,BUJXAG__ligand3392-0
230,BUJXAG__ligand12427-0
231,BUJXAG__ligand20740-0
232,BUJXAG__ligand28468-0
233,BUJXAG__ligand163-0
234,BUJXAG__ligand5849-0
235,BUJXAG__ligand126-0
236,BUJXAG__ligand16628-0
237,BUJXAG__ligand14723-0
238,BUJXAG__ligand2722-0
239,BUJXAG__ligand27893-0
240,BUJXAG__ligand1379-0
241,BUJXAG__ligand12934-0
242,BUJXAG__ligand20578-0
243,BUJXAG__ligand5935-0
244,BUJXAG__ligand15422-0
245,BUJXAG__ligand777-0
246,BUJXAG__ligand19641-0
247,BUJXAG__ligand27175-0
248,BUJXAG__ligand596-0
249,BUJXAG__ligand18832-0
250,BUJXAG__ligand941-0
251,BUJXAG__ligand9525-0
252,BUJXAG__ligand23713-0
253,BUJXAG__ligand38-0
254,BUJXAG__ligand1165-0
255,BUJXAG__ligand3157-0
256,BUJXAG__ligand30988-0
257,BUJXAG__ligand5357-0
258,BUJXAG__ligand14603-0
259,BUJXAG__ligand3647-0
260,BUJXAG__ligand14297-0
261,BUJXAG__ligand1688-0
262,BUJXAG__ligand187-0
263,BUJXAG__ligand17258-0
264,BUJXAG__ligand17631-0
265,BUJXAG__ligand5056-0
266,BUJXAG__ligand4850-0
267,BUJXAG__ligand13012-0
268,BUJXAG__ligand26665-0
269,BUJXAG__ligand657-0
270,BUJXAG__ligand1768-0
271,BUJXAG__ligand1469-0
272,BUJXAG__ligand31783-0
273,BUJXAG__ligand366-0
274,BUJXAG__ligand3871-0
275,BUJXAG__ligand24185-0
276,BUJXAG__ligand178-0
277,BUJXAG__ligand23769-0
278,BUJXAG__ligand42-0
279,BUJXAG__ligand185-0
280,BUJXAG__ligand25178-0
281,BUJXAG__ligand279-0
282,BUJXAG__ligand1533-0
283,BUJXAG__ligand17302-0
284,BUJXAG__ligand321-0
285,BUJXAG__ligand17805-0
286,BUJXAG__ligand7557-0
287,BUJXAG__ligand1496-0
288,BUJXAG__ligand18292-0
289,BUJXAG__ligand12289-0
290,BUJXAG__ligand26702-0
291,BUJXAG__ligand13658-0
292,BUJXAG__ligand1712-0
293,BUJXAG__ligand4131-0
294,BUJXAG__ligand12130-0
295,BUJXAG__ligand17387-0
296,BUJXAG__ligand12231-0
297,BUJXAG__ligand12401-0
298,BUJXAG__ligand5892-0
299,BUJXAG__ligand15585-0
300,BUJXAG__ligand5094-0
301,BUJXAG__ligand201-0
302,BUJXAG__ligand24145-0
303,BUJXAG__ligand10476-0
304,BUJXAG__ligand13068-0
305,BUJXAG__ligand19830-0
306,BUJXAG__ligand7162-0
307,BUJXAG__ligand338-0
308,BUJXAG__ligand3029-0
309,BUJXAG__ligand4581-0
310,BUJXAG__ligand1773-0
311,BUJXAG__ligand28676-0
312,BUJXAG__ligand10262-0
313,BUJXAG__ligand2328-0
314,BUJXAG__ligand27763-0
315,BUJXAG__ligand18814-0
316,BUJXAG__ligand9197-0
317,BUJXAG__ligand19057-0
318,BUJXAG__ligand1900-0
319,BUJXAG__ligand13425-0
320,BUJXAG__ligand29302-0
321,BUJXAG__ligand14108-0
322,BUJXAG__ligand66-0
323,BUJXAG__ligand3208-0
324,BUJXAG__ligand2208-0
325,BUJXAG__ligand2781-0
326,BUJXAG__ligand12641-0
327,BUJXAG__ligand7573-0
328,BUJXAG__ligand3350-0
329,BUJXAG__ligand8722-0
330,BUJXAG__ligand10958-0
331,BUJXAG__ligand1327-0
332,BUJXAG__ligand9809-0
333,BUJXAG__ligand6672-0
334,BUJXAG__ligand3973-0
335,BUJXAG__ligand14174-0
336,BUJXAG__ligand10712-0
337,BUJXAG__ligand1147-0
338,BUJXAG__ligand11456-0
339,BUJXAG__ligand25411-0
340,BUJXAG__ligand384-0
341,BUJXAG__ligand7925-0
342,BUJXAG__ligand2068-0
343,BUJXAG__ligand4194-0
344,BUJXAG__ligand31832-0
345,BUJXAG__ligand768-0
346,BUJXAG__ligand7532-0
347,BUJXAG__ligand13294-0
348,BUJXAG__ligand12030-0
349,BUJXAG__ligand14248-0
350,BUJXAG__ligand29879-0
351,BUJXAG__ligand28884-0
352,BUJXAG__ligand13331-0
353,BUJXAG__ligand4330-0
354,BUJXAG__ligand2599-0
355,BUJXAG__ligand26810-0
356,BUJXAG__ligand27482-0
357,BUJXAG__ligand6283-0
358,BUJXAG__ligand8-0
359,BUJXAG__ligand13208-0
360,BUJXAG__ligand6062-0
361,BUJXAG__ligand4738-0
362,BUJXAG__ligand5813-0
363,BUJXAG__ligand4813-0
364,BUJXAG__ligand3215-0
365,BUJXAG__ligand13390-0
366,BUJXAG__ligand141-0
367,BUJXAG__ligand240-0
368,BUJXAG__ligand7107-0
369,BUJXAG__ligand20682-0
370,BUJXAG__ligand693-0
371,BUJXAG__ligand14117-0
372,BUJXAG__ligand9148-0
373,BUJXAG__ligand17261-0
374,BUJXAG__ligand20539-0
375,BUJXAG__ligand20214-0
376,BUJXAG__ligand30702-0
377,BUJXAG__ligand7529-0
378,BUJXAG__ligand20251-0
379,BUJXAG__ligand1415-0
380,BUJXAG__ligand6946-0
381,BUJXAG__ligand31097-0
382,BUJXAG__ligand21581-0
383,BUJXAG__ligand29568-0
384,BUJXAG__ligand2830-0
385,BUJXAG__ligand14889-0
386,BUJXAG__ligand1729-0
387,BUJXAG__ligand30851-0
388,BUJXAG__ligand5627-0
389,BUJXAG__ligand20419-0
390,BUJXAG__ligand5483-0
391,BUJXAG__ligand21371-0
392,BUJXAG__ligand17118-0
393,BUJXAG__ligand5316-0
394,BUJXAG__ligand28789-0
395,BUJXAG__ligand7530-0
396,BUJXAG__ligand1065-0
397,BUJXAG__ligand17398-0
398,BUJXAG__ligand20598-0
399,BUJXAG__ligand11675-0
400,BUJXAG__ligand3012-0
401,BUJXAG__ligand1449-0
402,BUJXAG__ligand24047-0
403,BUJXAG__ligand22557-0
404,BUJXAG__ligand10589-0
405,BUJXAG__ligand17278-0
406,BUJXAG__ligand20011-0
407,BUJXAG__ligand17982-0
408,BUJXAG__ligand29414-0
409,BUJXAG__ligand4332-0
410,BUJXAG__ligand9681-0
411,BUJXAG__ligand6455-0
412,BUJXAG__ligand6882-0
413,BUJXAG__ligand122-0
414,BUJXAG__ligand18-0
415,BUJXAG__ligand3934-0
416,BUJXAG__ligand20251-1
417,BUJXAG__ligand16475-0
418,BUJXAG__ligand14703-0
419,BUJXAG__ligand757-0
420,BUJXAG__ligand2403-0
421,BUJXAG__ligand3557-0
422,BUJXAG__ligand51-0
423,BUJXAG__ligand3980-0
424,BUJXAG__ligand12003-0
425,BUJXAG__ligand26631-0
426,BUJXAG__ligand16148-0
427,BUJXAG__ligand1149-0
428,BUJXAG__ligand21399-0
429,BUJXAG__ligand10872-0
430,BUJXAG__ligand7075-0
431,BUJXAG__ligand196-0
432,BUJXAG__ligand9750-0
433,BUJXAG__ligand29215-0
434,BUJXAG__ligand1779-0
435,BUJXAG__ligand1817-0
436,BUJXAG__ligand6993-0
437,BUJXAG__ligand4167-0
438,BUJXAG__ligand20695-0
439,BUJXAG__ligand27754-0
440,BUJXAG__ligand28540-0
441,BUJXAG__ligand11111-0
442,BUJXAG__ligand1400-0
443,BUJXAG__ligand4266-0
444,BUJXAG__ligand9491-0
445,BUJXAG__ligand16369-0
446,BUJXAG__ligand422-0
447,BUJXAG__ligand22403-0
448,BUJXAG__ligand686-0
449,BUJXAG__ligand91-0
450,BUJXAG__ligand1288-0
451,BUJXAG__ligand11618-0
452,BUJXAG__ligand4207-0
453,BUJXAG__ligand393-0
454,BUJXAG__ligand3416-0
455,BUJXAG__ligand3453-0
456,BUJXAG__ligand1150-0
457,BUJXAG__ligand48-0
458,BUJXAG__ligand26529-0
459,BUJXAG__ligand1539-0
460,BUJXAG__ligand21729-0
461,BUJXAG__ligand27239-0
462,BUJXAG__ligand7438-0
463,BUJXAG__ligand8200-0
464,BUJXAG__ligand4063-0
465,BUJXAG__ligand19927-0
466,BUJXAG__ligand14043-0
467,BUJXAG__ligand3042-0
468,BUJXAG__ligand353-0
469,BUJXAG__ligand28559-0
470,BUJXAG__ligand26324-0
471,BUJXAG__ligand32-0
472,BUJXAG__ligand25561-0
473,BUJXAG__ligand780-0
474,BUJXAG__ligand314-0
475,BUJXAG__ligand11949-0
476,BUJXAG__ligand6663-0
477,BUJXAG__ligand5515-0
478,BUJXAG__ligand813-0
479,BUJXAG__ligand12138-0
480,BUJXAG__ligand24780-0
481,BUJXAG__ligand1831-0
482,BUJXAG__ligand5614-0
483,BUJXAG__ligand22129-0
484,BUJXAG__ligand5280-0
485,BUJXAG__ligand1849-0
486,BUJXAG__ligand391-0
487,BUJXAG__ligand17427-0
488,BUJXAG__ligand4-0
489,BUJXAG__ligand31694-0
490,BUJXAG__ligand1216-0
491,BUJXAG__ligand5019-0
492,BUJXAG__ligand618-0
493,BUJXAG__ligand3261-0
494,BUJXAG__ligand29486-0
495,BUJXAG__ligand1152-0
496,BUJXAG__ligand465-0
497,BUJXAG__ligand8042-0
498,BUJXAG__ligand13220-0
499,BUJXAG__ligand11587-0
500,BUJXAG__ligand6112-0
501,BUJXAG__ligand23175-0
502,BUJXAG__ligand1828-0
503,BUJXAG__ligand15788-0
504,BUJXAG__ligand17396-0
505,BUJXAG__ligand7213-0
506,BUJXAG__ligand1397-0
507,BUJXAG__ligand5755-0
508,BUJXAG__ligand13385-0
509,BUJXAG__ligand4710-0
510,BUJXAG__ligand14569-0
511,BUJXAG__ligand5085-0
512,BUJXAG__ligand3144-0
513,BUJXAG__ligand24111-0
514,BUJXAG__ligand22444-0
515,BUJXAG__ligand24644-0
516,BUJXAG__ligand3285-0
517,BUJXAG__ligand4795-0
518,BUJXAG__ligand10033-0
519,BUJXAG__ligand1908-0
520,BUJXAG__ligand16-0
521,BUJXAG__ligand314-1
522,BUJXAG__ligand12001-0
523,BUJXAG__ligand30728-0
524,BUJXAG__ligand5630-0
525,BUJXAG__ligand27840-0
526,BUJXAG__ligand1786-0
527,BUJXAG__ligand24872-0
528,BUJXAG__ligand5415-0
529,BUJXAG__ligand16988-0
530,BUJXAG__ligand25913-0
531,BUJXAG__ligand115-0
532,BUJXAG__ligand20207-0
533,BUJXAG__ligand30711-0
534,BUJXAG__ligand4124-0
535,BUJXAG__ligand11682-0
536,BUJXAG__ligand4161-0
537,BUJXAG__ligand3471-0
538,BUJXAG__ligand2823-0
539,BUJXAG__ligand24035-0
540,BUJXAG__ligand11994-0
541,BUJXAG__ligand6995-0
542,BUJXAG__ligand833-0
543,BUJXAG__ligand31044-0
544,BUJXAG__ligand31842-0
545,BUJXAG__ligand57-0
546,BUJXAG__ligand3180-0
547,BUJXAG__ligand16663-0
548,BUJXAG__ligand4340-0
549,BUJXAG__ligand14614-0
550,BUJXAG__ligand2650-0
551,BUJXAG__ligand2281-0
552,BUJXAG__ligand22294-0
553,BUJXAG__ligand22168-0
554,BUJXAG__ligand7566-0
555,BUJXAG__ligand28930-0
556,BUJXAG__ligand784-0
557,BUJXAG__ligand21919-0
558,BUJXAG__ligand2001-0
559,BUJXAG__ligand12365-0
560,BUJXAG__ligand10056-0
561,BUJXAG__ligand8593-0
562,BUJXAG__ligand9944-0
563,BUJXAG__ligand13862-0
564,BUJXAG__ligand11357-0
565,BUJXAG__ligand28743-0
566,BUJXAG__ligand15531-0
567,BUJXAG__ligand24230-0
568,BUJXAG__ligand8553-0
569,BUJXAG__ligand28810-0
570,BUJXAG__ligand1113-0
571,BUJXAG__ligand11096-0
572,BUJXAG__ligand11447-0
573,BUJXAG__ligand19792-0
574,BUJXAG__ligand10828-0
575,BUJXAG__ligand15926-0
576,BUJXAG__ligand5201-0
577,BUJXAG__ligand368-0
578,BUJXAG__ligand11970-0
579,BUJXAG__ligand15883-0
580,BUJXAG__ligand395-0
581,BUJXAG__ligand14167-0
582,BUJXAG__ligand13477-0
583,BUJXAG__ligand9615-0
584,BUJXAG__ligand27669-0
585,BUJXAG__ligand1154-0
586,BUJXAG__ligand176-0
587,BUJXAG__ligand30142-0
588,BUJXAG__ligand1498-0
589,BUJXAG__ligand746-0
590,BUJXAG__ligand4596-0
591,BUJXAG__ligand447-0
592,BUJXAG__ligand23197-0
593,BUJXAG__ligand487-0
594,BUJXAG__ligand27285-0
595,BUJXAG__ligand29029-0
596,BUJXAG__ligand1169-0
597,BUJXAG__ligand34-0
598,BUJXAG__ligand8529-0
599,BUJXAG__ligand1050-0
600,BUJXAG__ligand1015-0
601,BUJXAG__ligand13672-0
602,BUJXAG__ligand18568-0
603,BUJXAG__ligand2027-0
604,BUJXAG__ligand28685-0
605,BUJXAG__ligand506-0
606,BUJXAG__ligand55-0
607,BUJXAG__ligand10371-0
608,BUJXAG__ligand68-0
609,BUJXAG__ligand1618-0
610,BUJXAG__ligand152-0
611,BUJXAG__ligand2692-0
612,BUJXAG__ligand28459-0
613,BUJXAG__ligand12453-0
614,BUJXAG__ligand18448-0
615,BUJXAG__ligand4262-0
616,BUJXAG__ligand19184-0
617,BUJXAG__ligand1028-0
618,BUJXAG__ligand21752-0
619,BUJXAG__ligand8612-0
620,BUJXAG__ligand235-0
621,BUJXAG__ligand2124-0
622,BUJXAG__ligand134-0
623,BUJXAG__ligand7092-0
624,BUJXAG__ligand2260-0
625,BUJXAG__ligand3225-0
626,BUJXAG__ligand1153-0
627,BUJXAG__ligand1116-0
628,BUJXAG__ligand7273-0
629,BUJXAG__ligand14339-0
630,BUJXAG__ligand9323-0
631,BUJXAG__ligand30788-0
632,BUJXAG__ligand7172-0
633,BUJXAG__ligand13691-0
634,BUJXAG__ligand5180-0
635,BUJXAG__ligand7316-0
636,BUJXAG__ligand5708-0
637,BUJXAG__ligand18757-0
638,BUJXAG__ligand24560-0
639,BUJXAG__ligand6017-0
640,BUJXAG__ligand560-0
641,BUJXAG__ligand18413-0
642,BUJXAG__ligand20844-0
643,BUJXAG__ligand24624-0
644,BUJXAG__ligand7196-0
645,BUJXAG__ligand30004-0
646,BUJXAG__ligand5159-0
647,BUJXAG__ligand20557-0
648,BUJXAG__ligand1787-0
649,BUJXAG__ligand1356-0
650,BUJXAG__ligand5530-0
651,BUJXAG__ligand9753-0
652,BUJXAG__ligand3178-0
653,BUJXAG__ligand294-0
654,BUJXAG__ligand17-0
655,BUJXAG__ligand4807-0
656,BUJXAG__ligand4711-0
657,BUJXAG__ligand3244-0
658,BUJXAG__ligand16133-0
659,BUJXAG__ligand13755-0
660,BUJXAG__ligand27122-0
661,BUJXAG__ligand20432-0
662,BUJXAG__ligand2906-0
663,BUJXAG__ligand24953-0
664,BUJXAG__ligand23445-0
665,BUJXAG__ligand685-0
666,BUJXAG__ligand21940-0
667,BUJXAG__ligand421-0
668,BUJXAG__ligand25048-0
669,BUJXAG__ligand4649-0
670,BUJXAG__ligand8793-0
671,BUJXAG__ligand5649-0
672,BUJXAG__ligand2788-0
673,BUJXAG__ligand20731-0
674,BUJXAG__ligand12413-0
675,BUJXAG__ligand29334-0
676,BUJXAG__ligand1289-0
677,BUJXAG__ligand11798-0
678,BUJXAG__ligand2203-0
679,BUJXAG__ligand5387-0
680,BUJXAG__ligand14477-0
681,BUJXAG__ligand17069-0
682,BUJXAG__ligand17445-0
683,BUJXAG__ligand29214-0
684,BUJXAG__ligand9450-0
685,BUJXAG__ligand11501-0
686,BUJXAG__ligand11544-0
687,BUJXAG__ligand21448-0
688,BUJXAG__ligand1599-0
689,BUJXAG__ligand2612-0
690,BUJXAG__ligand197-0
691,BUJXAG__ligand22357-0
692,BUJXAG__ligand11758-0
693,BUJXAG__ligand1832-0
694,BUJXAG__ligand8788-0
695,BUJXAG__ligand14007-0
696,BUJXAG__ligand2043-0
697,BUJXAG__ligand18019-1
698,BUJXAG__ligand783-0
699,BUJXAG__ligand352-0
700,BUJXAG__ligand27550-0
701,BUJXAG__ligand89-0
702,BUJXAG__ligand1228-0
703,BUJXAG__ligand9943-0
704,BUJXAG__ligand1604-0
705,BUJXAG__ligand20942-1
706,BUJXAG__ligand14226-0
707,BUJXAG__ligand21339-0
708,BUJXAG__ligand1114-0
709,BUJXAG__ligand16956-0
710,BUJXAG__ligand49-0
711,BUJXAG__ligand6391-0
712,BUJXAG__ligand3126-0
713,BUJXAG__ligand9284-0
714,BUJXAG__ligand23682-0
715,BUJXAG__ligand29565-0
716,BUJXAG__ligand27771-0
717,BUJXAG__ligand2417-0
718,BUJXAG__ligand18158-0
719,BUJXAG__ligand868-0
720,BUJXAG__ligand10479-0
721,BUJXAG__ligand27610-0
722,BUJXAG__ligand11479-0
723,BUJXAG__ligand1168-0
724,BUJXAG__ligand1294-0
725,BUJXAG__ligand909-0
726,BUJXAG__ligand3632-0
727,BUJXAG__ligand29441-0
728,BUJXAG__ligand3677-0
729,BUJXAG__ligand10853-0
730,BUJXAG__ligand24851-0
731,BUJXAG__ligand13657-0
732,BUJXAG__ligand14347-0
733,BUJXAG__ligand14302-0
734,BUJXAG__ligand20530-0
735,BUJXAG__ligand6699-0
736,BUJXAG__ligand11698-0
737,BUJXAG__ligand1499-0
738,BUJXAG__ligand20220-0
739,BUJXAG__ligand2881-0
740,BUJXAG__ligand3-0
741,BUJXAG__ligand20121-0
742,BUJXAG__ligand15387-0
743,BUJXAG__ligand1464-0
744,BUJXAG__ligand3712-0
745,BUJXAG__ligand1211-0
746,BUJXAG__ligand29813-0
747,BUJXAG__ligand16952-0
748,BUJXAG__ligand6892-0
749,BUJXAG__ligand177-0
750,BUJXAG__ligand10151-0
751,BUJXAG__ligand3736-0
752,BUJXAG__ligand8000-0
753,BUJXAG__ligand9344-0
754,BUJXAG__ligand69-0
755,BUJXAG__ligand116-0
756,BUJXAG__ligand5383-0
757,BUJXAG__ligand2693-0
758,BUJXAG__ligand252-0
759,BUJXAG__ligand3945-0
760,BUJXAG__ligand9299-0
761,BUJXAG__ligand193-0
762,BUJXAG__ligand22353-0
763,BUJXAG__ligand4007-0
764,BUJXAG__ligand11-0
765,BUJXAG__ligand2985-0
766,BUJXAG__ligand830-0
767,BUJXAG__ligand19906-0
768,BUJXAG__ligand3677-1
769,BUJXAG__ligand9883-0
770,BUJXAG__ligand19668-0
771,BUJXAG__ligand372-0
772,BUJXAG__ligand7291-0
773,BUJXAG__ligand2238-0
774,BUJXAG__ligand26673-0
775,BUJXAG__ligand20821-0
776,BUJXAG__ligand9167-0
777,BUJXAG__ligand5304-0
778,BUJXAG__ligand11606-0
779,BUJXAG__ligand1317-0
780,BUJXAG__ligand3867-0
781,BUJXAG__ligand2822-0
782,BUJXAG__ligand7293-0
783,BUJXAG__ligand370-0
784,BUJXAG__ligand31000-0
785,BUJXAG__ligand11252-0
786,BUJXAG__ligand5509-0
787,BUJXAG__ligand8002-0
788,BUJXAG__ligand10582-0
789,BUJXAG__ligand13260-0
790,BUJXAG__ligand1407-0
791,BUJXAG__ligand6117-0
792,BUJXAG__ligand7762-0
793,BUJXAG__ligand5080-0
794,BUJXAG__ligand250-0
795,BUJXAG__ligand19824-0
796,BUJXAG__ligand18067-0
797,BUJXAG__ligand11177-0
798,BUJXAG__ligand1-0
799,BUJXAG__ligand5595-0
800,BUJXAG__ligand15455-0
801,BUJXAG__ligand4101-0
802,BUJXAG__ligand2221-0
803,BUJXAG__ligand4358-0
804,BUJXAG__ligand31205-0
805,BUJXAG__ligand17686-0
806,BUJXAG__ligand25658-0
807,BUJXAG__ligand188-0
808,BUJXAG__ligand3120-0
809,BUJXAG__ligand3926-0
810,BUJXAG__ligand1197-0
811,BUJXAG__ligand11814-0
812,BUJXAG__ligand5099-0
813,BUJXAG__ligand564-0
814,BUJXAG__ligand8592-0
815,BUJXAG__ligand1296-0
816,BUJXAG__ligand16603-0
817,BUJXAG__ligand370-1
818,BUJXAG__ligand2259-0
819,BUJXAG__ligand620-0
820,BUJXAG__ligand16870-0
821,BUJXAG__ligand311-0
822,BUJXAG__ligand785-0
823,BUJXAG__ligand9773-0
824,BUJXAG__ligand11622-0
825,BUJXAG__ligand1376-0
826,BUJXAG__ligand479-0
827,BUJXAG__ligand5510-0
