,TMC
0,GUXPIA__ligand67-0
1,GUXPIA__ligand1459-0
2,GUXPIA__ligand1544-0
3,GUXPIA__ligand955-0
4,GUXPIA__ligand252-0
5,GUXPIA__ligand193-0
6,GUXPIA__ligand1685-0
7,GUXPIA__ligand3757-0
8,GUXPIA__ligand830-0
9,GUXPIA__ligand1048-0
10,GUXPIA__ligand2087-0
11,GUXPIA__ligand909-0
12,GUXPIA__ligand1171-0
13,GUXPIA__ligand851-0
14,GUXPIA__ligand1438-0
15,GUXPIA__ligand3063-0
16,GUXPIA__ligand5801-0
17,GUXPIA__ligand177-0
18,GUXPIA__ligand934-0
19,GUXPIA__ligand444-0
20,GUXPIA__ligand369-0
21,GUXPIA__ligand188-0
22,GUXPIA__ligand4381-0
23,GUXPIA__ligand2629-0
24,GUXPIA__ligand3734-0
25,GUXPIA__ligand311-0
26,GUXPIA__ligand1706-0
27,GUXPIA__ligand1687-0
28,GUXPIA__ligand1951-0
29,GUXPIA__ligand370-0
30,GUXPIA__ligand6277-0
31,GUXPIA__ligand2768-0
32,GUXPIA__ligand1376-0
33,GUXPIA__ligand460-0
34,GUXPIA__ligand250-0
35,GUXPIA__ligand15630-0
36,GUXPIA__ligand2688-0
37,GUXPIA__ligand2259-0
38,GUXPIA__ligand10357-0
39,GUXPIA__ligand2751-0
40,GUXPIA__ligand331-0
41,GUXPIA__ligand993-0
42,GUXPIA__ligand294-0
43,GUXPIA__ligand1542-0
44,GUXPIA__ligand916-0
45,GUXPIA__ligand584-0
46,GUXPIA__ligand2634-0
47,GUXPIA__ligand798-0
48,GUXPIA__ligand421-0
49,GUXPIA__ligand3041-0
50,GUXPIA__ligand6332-0
51,GUXPIA__ligand235-0
52,GUXPIA__ligand3178-0
53,GUXPIA__ligand932-0
54,GUXPIA__ligand134-0
55,GUXPIA__ligand45-0
56,GUXPIA__ligand390-0
57,GUXPIA__ligand2863-0
58,GUXPIA__ligand6502-0
59,GUXPIA__ligand2098-0
60,GUXPIA__ligand85-0
61,GUXPIA__ligand6686-0
62,GUXPIA__ligand1747-0
63,GUXPIA__ligand78-0
64,GUXPIA__ligand5548-0
65,GUXPIA__ligand7915-0
66,GUXPIA__ligand3145-0
67,GUXPIA__ligand109-0
68,GUXPIA__ligand560-0
69,GUXPIA__ligand525-0
70,GUXPIA__ligand783-0
71,GUXPIA__ligand352-0
72,GUXPIA__ligand3246-0
73,GUXPIA__ligand136-0
74,GUXPIA__ligand1148-0
75,GUXPIA__ligand442-0
76,GUXPIA__ligand1479-0
77,GUXPIA__ligand868-0
78,GUXPIA__ligand9244-0
79,GUXPIA__ligand1228-0
80,GUXPIA__ligand112-0
81,GUXPIA__ligand296-0
82,GUXPIA__ligand1538-0
83,GUXPIA__ligand197-0
84,GUXPIA__ligand1114-0
85,GUXPIA__ligand38-0
86,GUXPIA__ligand485-0
87,GUXPIA__ligand784-0
88,GUXPIA__ligand355-0
89,GUXPIA__ligand10910-0
90,GUXPIA__ligand1273-0
91,GUXPIA__ligand1052-0
92,GUXPIA__ligand40-0
93,GUXPIA__ligand1502-0
94,GUXPIA__ligand115-0
95,GUXPIA__ligand14530-0
96,GUXPIA__ligand21-0
97,GUXPIA__ligand4983-0
98,GUXPIA__ligand1835-0
99,GUXPIA__ligand2345-0
100,GUXPIA__ligand2794-0
101,GUXPIA__ligand9027-0
102,GUXPIA__ligand6396-0
103,GUXPIA__ligand291-0
104,GUXPIA__ligand2265-0
105,GUXPIA__ligand1113-0
106,GUXPIA__ligand3838-0
107,GUXPIA__ligand1799-0
108,GUXPIA__ligand2838-0
109,GUXPIA__ligand5941-0
110,GUXPIA__ligand2880-0
111,GUXPIA__ligand10479-0
112,GUXPIA__ligand1169-0
113,GUXPIA__ligand682-0
114,GUXPIA__ligand5022-0
115,GUXPIA__ligand66-0
116,GUXPIA__ligand133-0
117,GUXPIA__ligand2864-0
118,GUXPIA__ligand447-0
119,GUXPIA__ligand10114-0
120,GUXPIA__ligand6538-0
121,GUXPIA__ligand2772-0
122,GUXPIA__ligand6151-0
123,GUXPIA__ligand487-0
124,GUXPIA__ligand9495-0
125,GUXPIA__ligand2142-0
126,GUXPIA__ligand666-0
127,GUXPIA__ligand522-0
128,GUXPIA__ligand1054-0
129,GUXPIA__ligand6294-0
130,GUXPIA__ligand4303-0
131,GUXPIA__ligand1248-0
132,GUXPIA__ligand236-0
133,GUXPIA__ligand1598-0
134,GUXPIA__ligand7464-0
135,GUXPIA__ligand353-0
136,GUXPIA__ligand86-0
137,GUXPIA__ligand502-0
138,GUXPIA__ligand196-0
139,GUXPIA__ligand62-0
140,GUXPIA__ligand8774-0
141,GUXPIA__ligand422-0
142,GUXPIA__ligand8-0
143,GUXPIA__ligand113-0
144,GUXPIA__ligand3637-0
145,GUXPIA__ligand210-0
146,GUXPIA__ligand1607-0
147,GUXPIA__ligand1152-0
148,GUXPIA__ligand18-0
149,GUXPIA__ligand1727-0
150,GUXPIA__ligand2907-0
151,GUXPIA__ligand2430-0
152,GUXPIA__ligand314-0
153,GUXPIA__ligand1703-0
154,GUXPIA__ligand481-0
155,GUXPIA__ligand391-0
156,GUXPIA__ligand2862-0
157,GUXPIA__ligand1056-0
158,GUXPIA__ligand2320-0
159,GUXPIA__ligand2510-0
160,GUXPIA__ligand8921-0
161,GUXPIA__ligand1567-0
162,GUXPIA__ligand170-0
163,GUXPIA__ligand2285-0
164,GUXPIA__ligand6166-0
165,GUXPIA__ligand48-0
166,GUXPIA__ligand1246-0
167,GUXPIA__ligand141-0
168,GUXPIA__ligand2599-0
169,GUXPIA__ligand5089-0
170,GUXPIA__ligand240-0
171,GUXPIA__ligand2853-0
172,GUXPIA__ligand3853-0
173,GUXPIA__ligand120-0
174,GUXPIA__ligand1307-0
175,GUXPIA__ligand51-0
176,GUXPIA__ligand384-0
177,GUXPIA__ligand91-0
178,GUXPIA__ligand29-0
179,GUXPIA__ligand6-0
180,GUXPIA__ligand797-0
181,GUXPIA__ligand4-0
182,GUXPIA__ligand9620-0
183,GUXPIA__ligand1260-0
184,GUXPIA__ligand4894-0
185,GUXPIA__ligand1449-1
186,GUXPIA__ligand4811-0
187,GUXPIA__ligand7514-0
188,GUXPIA__ligand3337-0
189,GUXPIA__ligand757-0
190,GUXPIA__ligand1178-0
191,GUXPIA__ligand3566-0
192,GUXPIA__ligand1321-0
193,GUXPIA__ligand32-0
194,GUXPIA__ligand1788-0
195,GUXPIA__ligand6571-0
196,GUXPIA__ligand2482-0
197,GUXPIA__ligand1325-0
198,GUXPIA__ligand73-0
199,GUXPIA__ligand596-0
200,GUXPIA__ligand187-0
201,GUXPIA__ligand1104-0
202,GUXPIA__ligand5762-0
203,GUXPIA__ligand7414-0
204,GUXPIA__ligand612-0
205,GUXPIA__ligand861-0
206,GUXPIA__ligand1019-0
207,GUXPIA__ligand366-0
208,GUXPIA__ligand2442-0
209,GUXPIA__ligand1264-0
210,GUXPIA__ligand1221-0
211,GUXPIA__ligand1299-0
212,GUXPIA__ligand6430-0
213,GUXPIA__ligand1379-0
214,GUXPIA__ligand57-0
215,GUXPIA__ligand2376-0
216,GUXPIA__ligand126-0
217,GUXPIA__ligand2929-0
218,GUXPIA__ligand55-0
219,GUXPIA__ligand2389-0
220,GUXPIA__ligand124-0
221,GUXPIA__ligand1919-0
222,GUXPIA__ligand3579-0
223,GUXPIA__ligand2110-0
224,GUXPIA__ligand2916-0
225,GUXPIA__ligand119-0
226,GUXPIA__ligand95-0
227,GUXPIA__ligand1712-0
228,GUXPIA__ligand178-0
229,GUXPIA__ligand279-0
230,GUXPIA__ligand321-0
231,GUXPIA__ligand1858-0
232,GUXPIA__ligand8032-0
233,GUXPIA__ligand1898-0
234,GUXPIA__ligand2480-0
235,GUXPIA__ligand3051-0
236,GUXPIA__ligand4504-0
237,GUXPIA__ligand34-0
238,GUXPIA__ligand2315-0
239,GUXPIA__ligand244-0
240,GUXPIA__ligand201-0
241,GUXPIA__ligand5334-0
242,GUXPIA__ligand100-0
243,GUXPIA__ligand7550-0
244,GUXPIA__ligand838-0
245,GUXPIA__ligand17-0
246,GUXPIA__ligand166-0
247,GUXPIA__ligand532-0
248,GUXPIA__ligand1160-0
249,GUXPIA__ligand2253-0
250,GUXPIA__ligand918-0
251,GUXPIA__ligand633-0
252,GUXPIA__ligand5093-0
253,GUXPIA__ligand2954-0
254,GUXPIA__ligand497-0
255,GUXPIA__ligand2762-0
256,GUXPIA__ligand92-0
257,GUXPIA__ligand1038-0
258,GUXPIA__ligand4423-0
259,GUXPIA__ligand283-0
260,GUXPIA__ligand1907-0
261,GUXPIA__ligand553-0
262,GUXPIA__ligand3890-0
263,GUXPIA__ligand326-0
264,GUXPIA__ligand821-0
265,GUXPIA__ligand7630-0
266,GUXPIA__ligand436-0
267,GUXPIA__ligand206-0
268,GUXPIA__ligand1285-0
269,GUXPIA__ligand142-0
270,GUXPIA__ligand1555-0
271,GUXPIA__ligand3478-0
272,GUXPIA__ligand89-0
273,GUXPIA__ligand3852-0
274,GUXPIA__ligand105-0
275,GUXPIA__ligand140-0
276,GUXPIA__ligand5758-0
277,GUXPIA__ligand7456-0
278,GUXPIA__ligand49-0
279,GUXPIA__ligand361-0
280,GUXPIA__ligand324-0
281,GUXPIA__ligand409-0
282,GUXPIA__ligand1818-0
283,GUXPIA__ligand3251-0
284,GUXPIA__ligand575-0
285,GUXPIA__ligand4619-0
286,GUXPIA__ligand6143-0
287,GUXPIA__ligand5235-0
288,GUXPIA__ligand3035-0
289,GUXPIA__ligand3070-0
290,GUXPIA__ligand2718-0
291,GUXPIA__ligand1493-0
292,GUXPIA__ligand199-0
293,GUXPIA__ligand9176-0
294,GUXPIA__ligand927-0
295,GUXPIA__ligand4175-0
296,GUXPIA__ligand3-0
297,GUXPIA__ligand571-0
298,GUXPIA__ligand2255-0
299,GUXPIA__ligand670-0
300,GUXPIA__ligand118-0
301,GUXPIA__ligand1918-0
302,GUXPIA__ligand509-0
303,GUXPIA__ligand11-0
304,GUXPIA__ligand4370-0
305,GUXPIA__ligand669-0
306,GUXPIA__ligand358-0
307,GUXPIA__ligand430-0
308,GUXPIA__ligand365-0
309,GUXPIA__ligand1436-0
310,GUXPIA__ligand2618-0
311,GUXPIA__ligand3618-0
312,GUXPIA__ligand278-0
313,GUXPIA__ligand2707-0
314,GUXPIA__ligand1690-0
315,GUXPIA__ligand1551-0
316,GUXPIA__ligand2526-0
317,GUXPIA__ligand3196-0
318,GUXPIA__ligand226-0
319,GUXPIA__ligand4012-0
320,GUXPIA__ligand162-0
321,GUXPIA__ligand383-0
322,GUXPIA__ligand2915-0
323,GUXPIA__ligand1-0
324,GUXPIA__ligand11730-0
