,TMC
0,PESGUQ__ligand352-0
1,PESGUQ__ligand783-0
2,PESGUQ__ligand8032-0
3,PESGUQ__ligand86-0
4,PESGUQ__ligand1858-0
5,PESGUQ__ligand2315-0
6,PESGUQ__ligand11730-0
7,PESGUQ__ligand1898-0
8,PESGUQ__ligand2480-0
9,PESGUQ__ligand136-0
10,PESGUQ__ligand3051-0
11,PESGUQ__ligand4504-0
12,PESGUQ__ligand5334-0
13,PESGUQ__ligand868-0
14,PESGUQ__ligand442-0
15,PESGUQ__ligand112-0
16,PESGUQ__ligand62-0
17,PESGUQ__ligand2389-0
18,PESGUQ__ligand1919-0
19,PESGUQ__ligand2110-0
20,PESGUQ__ligand2916-0
21,PESGUQ__ligand3579-0
22,PESGUQ__ligand1712-0
23,PESGUQ__ligand197-0
24,PESGUQ__ligand296-0
25,PESGUQ__ligand1299-0
26,PESGUQ__ligand6430-0
27,PESGUQ__ligand331-0
28,PESGUQ__ligand1264-0
29,PESGUQ__ligand1221-0
30,PESGUQ__ligand18-0
31,PESGUQ__ligand294-0
32,PESGUQ__ligand1379-0
33,PESGUQ__ligand993-0
34,PESGUQ__ligand2376-0
35,PESGUQ__ligand584-0
36,PESGUQ__ligand916-0
37,PESGUQ__ligand2929-0
38,PESGUQ__ligand421-0
39,PESGUQ__ligand798-0
40,PESGUQ__ligand134-0
41,PESGUQ__ligand2482-0
42,PESGUQ__ligand932-0
43,PESGUQ__ligand1325-0
44,PESGUQ__ligand235-0
45,PESGUQ__ligand6571-0
46,PESGUQ__ligand390-0
47,PESGUQ__ligand1104-0
48,PESGUQ__ligand5762-0
49,PESGUQ__ligand7414-0
50,PESGUQ__ligand1019-0
51,PESGUQ__ligand525-0
52,PESGUQ__ligand2442-0
53,PESGUQ__ligand560-0
54,PESGUQ__ligand109-0
55,PESGUQ__ligand1178-0
56,PESGUQ__ligand369-0
57,PESGUQ__ligand444-0
58,PESGUQ__ligand3566-0
59,PESGUQ__ligand188-0
60,PESGUQ__ligand1321-0
61,PESGUQ__ligand40-0
62,PESGUQ__ligand1788-0
63,PESGUQ__ligand38-0
64,PESGUQ__ligand311-0
65,PESGUQ__ligand9620-0
66,PESGUQ__ligand4894-0
67,PESGUQ__ligand1260-0
68,PESGUQ__ligand370-0
69,PESGUQ__ligand460-0
70,PESGUQ__ligand1449-1
71,PESGUQ__ligand4811-0
72,PESGUQ__ligand21-0
73,PESGUQ__ligand7514-0
74,PESGUQ__ligand250-0
75,PESGUQ__ligand3337-0
76,PESGUQ__ligand252-0
77,PESGUQ__ligand955-0
78,PESGUQ__ligand1307-0
79,PESGUQ__ligand66-0
80,PESGUQ__ligand193-0
81,PESGUQ__ligand830-0
82,PESGUQ__ligand6166-0
83,PESGUQ__ligand909-0
84,PESGUQ__ligand1246-0
85,PESGUQ__ligand851-0
86,PESGUQ__ligand2599-0
87,PESGUQ__ligand5089-0
88,PESGUQ__ligand2853-0
89,PESGUQ__ligand177-0
90,PESGUQ__ligand934-0
91,PESGUQ__ligand3853-0
92,PESGUQ__ligand8-0
93,PESGUQ__ligand3196-0
94,PESGUQ__ligand4012-0
95,PESGUQ__ligand210-0
96,PESGUQ__ligand2915-0
97,PESGUQ__ligand85-0
98,PESGUQ__ligand78-0
99,PESGUQ__ligand2707-0
100,PESGUQ__ligand1690-0
101,PESGUQ__ligand481-0
102,PESGUQ__ligand314-0
103,PESGUQ__ligand2526-0
104,PESGUQ__ligand391-0
105,PESGUQ__ligand1551-0
106,PESGUQ__ligand170-0
107,PESGUQ__ligand45-0
108,PESGUQ__ligand4370-0
109,PESGUQ__ligand236-0
110,PESGUQ__ligand1436-0
111,PESGUQ__ligand353-0
112,PESGUQ__ligand2618-0
113,PESGUQ__ligand3618-0
114,PESGUQ__ligand4175-0
115,PESGUQ__ligand196-0
116,PESGUQ__ligand502-0
117,PESGUQ__ligand2255-0
118,PESGUQ__ligand1918-0
119,PESGUQ__ligand422-0
120,PESGUQ__ligand113-0
121,PESGUQ__ligand3251-0
122,PESGUQ__ligand6143-0
123,PESGUQ__ligand5235-0
124,PESGUQ__ligand4619-0
125,PESGUQ__ligand682-0
126,PESGUQ__ligand1493-0
127,PESGUQ__ligand3035-0
128,PESGUQ__ligand3070-0
129,PESGUQ__ligand67-0
130,PESGUQ__ligand2718-0
131,PESGUQ__ligand9176-0
132,PESGUQ__ligand133-0
133,PESGUQ__ligand3852-0
134,PESGUQ__ligand3478-0
135,PESGUQ__ligand447-0
136,PESGUQ__ligand5758-0
137,PESGUQ__ligand487-0
138,PESGUQ__ligand7456-0
139,PESGUQ__ligand522-0
140,PESGUQ__ligand1818-0
141,PESGUQ__ligand666-0
142,PESGUQ__ligand1907-0
143,PESGUQ__ligand355-0
144,PESGUQ__ligand784-0
145,PESGUQ__ligand4423-0
146,PESGUQ__ligand485-0
147,PESGUQ__ligand3890-0
148,PESGUQ__ligand7630-0
149,PESGUQ__ligand1555-0
150,PESGUQ__ligand1285-0
151,PESGUQ__ligand115-0
152,PESGUQ__ligand7550-0
153,PESGUQ__ligand5093-0
154,PESGUQ__ligand2954-0
155,PESGUQ__ligand1160-0
156,PESGUQ__ligand2253-0
157,PESGUQ__ligand1038-0
158,PESGUQ__ligand291-0
159,PESGUQ__ligand2762-0
160,PESGUQ__ligand1228-0
161,PESGUQ__ligand9244-0
162,PESGUQ__ligand124-0
163,PESGUQ__ligand11-0
164,PESGUQ__ligand119-0
165,PESGUQ__ligand1114-0
166,PESGUQ__ligand1538-0
167,PESGUQ__ligand279-0
168,PESGUQ__ligand178-0
169,PESGUQ__ligand321-0
170,PESGUQ__ligand3246-0
171,PESGUQ__ligand1148-0
172,PESGUQ__ligand1479-0
173,PESGUQ__ligand100-0
174,PESGUQ__ligand201-0
175,PESGUQ__ligand244-0
176,PESGUQ__ligand3178-0
177,PESGUQ__ligand6332-0
178,PESGUQ__ligand6502-0
179,PESGUQ__ligand2098-0
180,PESGUQ__ligand2863-0
181,PESGUQ__ligand596-0
182,PESGUQ__ligand5548-0
183,PESGUQ__ligand612-0
184,PESGUQ__ligand7915-0
185,PESGUQ__ligand187-0
186,PESGUQ__ligand1747-0
187,PESGUQ__ligand6686-0
188,PESGUQ__ligand366-0
189,PESGUQ__ligand861-0
190,PESGUQ__ligand3145-0
191,PESGUQ__ligand2751-0
192,PESGUQ__ligand1542-0
193,PESGUQ__ligand2634-0
194,PESGUQ__ligand3041-0
195,PESGUQ__ligand126-0
196,PESGUQ__ligand797-0
197,PESGUQ__ligand1951-0
198,PESGUQ__ligand6-0
199,PESGUQ__ligand1687-0
200,PESGUQ__ligand6277-0
201,PESGUQ__ligand92-0
202,PESGUQ__ligand2768-0
203,PESGUQ__ligand17-0
204,PESGUQ__ligand1376-0
205,PESGUQ__ligand757-0
206,PESGUQ__ligand10114-0
207,PESGUQ__ligand2259-0
208,PESGUQ__ligand2688-0
209,PESGUQ__ligand2629-0
210,PESGUQ__ligand4381-0
211,PESGUQ__ligand1706-0
212,PESGUQ__ligand10479-0
213,PESGUQ__ligand3734-0
214,PESGUQ__ligand1171-0
215,PESGUQ__ligand49-0
216,PESGUQ__ligand14530-0
217,PESGUQ__ligand89-0
218,PESGUQ__ligand240-0
219,PESGUQ__ligand1438-0
220,PESGUQ__ligand3063-0
221,PESGUQ__ligand141-0
222,PESGUQ__ligand5801-0
223,PESGUQ__ligand120-0
224,PESGUQ__ligand1459-0
225,PESGUQ__ligand10910-0
226,PESGUQ__ligand1544-0
227,PESGUQ__ligand384-0
228,PESGUQ__ligand1685-0
229,PESGUQ__ligand4-0
230,PESGUQ__ligand1048-0
231,PESGUQ__ligand2087-0
232,PESGUQ__ligand3757-0
233,PESGUQ__ligand2907-0
234,PESGUQ__ligand2430-0
235,PESGUQ__ligand1703-0
236,PESGUQ__ligand1056-0
237,PESGUQ__ligand2320-0
238,PESGUQ__ligand2862-0
239,PESGUQ__ligand73-0
240,PESGUQ__ligand8921-0
241,PESGUQ__ligand1567-0
242,PESGUQ__ligand2285-0
243,PESGUQ__ligand2510-0
244,PESGUQ__ligand57-0
245,PESGUQ__ligand162-0
246,PESGUQ__ligand226-0
247,PESGUQ__ligand1607-0
248,PESGUQ__ligand383-0
249,PESGUQ__ligand3-0
250,PESGUQ__ligand1152-0
251,PESGUQ__ligand1727-0
252,PESGUQ__ligand1-0
253,PESGUQ__ligand118-0
254,PESGUQ__ligand670-0
255,PESGUQ__ligand95-0
256,PESGUQ__ligand571-0
257,PESGUQ__ligand509-0
258,PESGUQ__ligand8774-0
259,PESGUQ__ligand55-0
260,PESGUQ__ligand3637-0
261,PESGUQ__ligand669-0
262,PESGUQ__ligand34-0
263,PESGUQ__ligand6294-0
264,PESGUQ__ligand1054-0
265,PESGUQ__ligand430-0
266,PESGUQ__ligand358-0
267,PESGUQ__ligand1598-0
268,PESGUQ__ligand4303-0
269,PESGUQ__ligand1248-0
270,PESGUQ__ligand365-0
271,PESGUQ__ligand7464-0
272,PESGUQ__ligand278-0
273,PESGUQ__ligand2864-0
274,PESGUQ__ligand140-0
275,PESGUQ__ligand105-0
276,PESGUQ__ligand10357-0
277,PESGUQ__ligand2772-0
278,PESGUQ__ligand48-0
279,PESGUQ__ligand6151-0
280,PESGUQ__ligand9495-0
281,PESGUQ__ligand15630-0
282,PESGUQ__ligand6538-0
283,PESGUQ__ligand409-0
284,PESGUQ__ligand324-0
285,PESGUQ__ligand361-0
286,PESGUQ__ligand2142-0
287,PESGUQ__ligand91-0
288,PESGUQ__ligand2880-0
289,PESGUQ__ligand575-0
290,PESGUQ__ligand5941-0
291,PESGUQ__ligand3838-0
292,PESGUQ__ligand1799-0
293,PESGUQ__ligand2838-0
294,PESGUQ__ligand29-0
295,PESGUQ__ligand1169-0
296,PESGUQ__ligand5022-0
297,PESGUQ__ligand927-0
298,PESGUQ__ligand51-0
299,PESGUQ__ligand199-0
300,PESGUQ__ligand1502-0
301,PESGUQ__ligand838-0
302,PESGUQ__ligand1835-0
303,PESGUQ__ligand2794-0
304,PESGUQ__ligand2345-0
305,PESGUQ__ligand4983-0
306,PESGUQ__ligand166-0
307,PESGUQ__ligand633-0
308,PESGUQ__ligand9027-0
309,PESGUQ__ligand918-0
310,PESGUQ__ligand532-0
311,PESGUQ__ligand2265-0
312,PESGUQ__ligand1113-0
313,PESGUQ__ligand497-0
314,PESGUQ__ligand6396-0
315,PESGUQ__ligand553-0
316,PESGUQ__ligand283-0
317,PESGUQ__ligand821-0
318,PESGUQ__ligand1273-0
319,PESGUQ__ligand326-0
320,PESGUQ__ligand436-0
321,PESGUQ__ligand142-0
322,PESGUQ__ligand32-0
323,PESGUQ__ligand1052-0
324,PESGUQ__ligand206-0
