,TMC
0,XABBIM__ligand4332-0
1,XABBIM__ligand19257-0
2,XABBIM__ligand13209-0
3,XABBIM__ligand9681-0
4,XABBIM__ligand12660-0
5,XABBIM__ligand1065-0
6,XABBIM__ligand7530-0
7,XABBIM__ligand25650-0
8,XABBIM__ligand3012-0
9,XABBIM__ligand31248-0
10,XABBIM__ligand1449-0
11,XABBIM__ligand2403-0
12,XABBIM__ligand23124-0
13,XABBIM__ligand6455-0
14,XABBIM__ligand6882-0
15,XABBIM__ligand11206-0
16,XABBIM__ligand25735-0
17,XABBIM__ligand3934-0
18,XABBIM__ligand12519-0
19,XABBIM__ligand338-0
20,XABBIM__ligand7529-0
21,XABBIM__ligand1415-0
22,XABBIM__ligand6946-0
23,XABBIM__ligand201-0
24,XABBIM__ligand30539-0
25,XABBIM__ligand11166-0
26,XABBIM__ligand21132-0
27,XABBIM__ligand9148-0
28,XABBIM__ligand23906-0
29,XABBIM__ligand27835-0
30,XABBIM__ligand5483-0
31,XABBIM__ligand12295-0
32,XABBIM__ligand5316-0
33,XABBIM__ligand321-0
34,XABBIM__ligand185-0
35,XABBIM__ligand279-0
36,XABBIM__ligand2830-0
37,XABBIM__ligand4-0
38,XABBIM__ligand1729-0
39,XABBIM__ligand25689-0
40,XABBIM__ligand25575-0
41,XABBIM__ligand178-0
42,XABBIM__ligand5627-0
43,XABBIM__ligand21787-0
44,XABBIM__ligand20599-0
45,XABBIM__ligand366-0
46,XABBIM__ligand6062-0
47,XABBIM__ligand22981-0
48,XABBIM__ligand25805-0
49,XABBIM__ligand43-0
50,XABBIM__ligand4738-0
51,XABBIM__ligand27074-0
52,XABBIM__ligand4813-0
53,XABBIM__ligand5813-0
54,XABBIM__ligand18391-0
55,XABBIM__ligand14523-0
56,XABBIM__ligand27169-0
57,XABBIM__ligand657-0
58,XABBIM__ligand6283-0
59,XABBIM__ligand187-0
60,XABBIM__ligand12467-0
61,XABBIM__ligand7107-0
62,XABBIM__ligand596-0
63,XABBIM__ligand941-0
64,XABBIM__ligand10084-0
65,XABBIM__ligand25267-0
66,XABBIM__ligand23904-0
67,XABBIM__ligand3215-0
68,XABBIM__ligand777-0
69,XABBIM__ligand21936-0
70,XABBIM__ligand13257-0
71,XABBIM__ligand13869-0
72,XABBIM__ligand18074-0
73,XABBIM__ligand163-0
74,XABBIM__ligand126-0
75,XABBIM__ligand29863-0
76,XABBIM__ligand7925-0
77,XABBIM__ligand2068-0
78,XABBIM__ligand11140-0
79,XABBIM__ligand3973-0
80,XABBIM__ligand29610-0
81,XABBIM__ligand1147-0
82,XABBIM__ligand28668-0
83,XABBIM__ligand845-0
84,XABBIM__ligand4330-0
85,XABBIM__ligand67-0
86,XABBIM__ligand16791-0
87,XABBIM__ligand2599-0
88,XABBIM__ligand18799-0
89,XABBIM__ligand4194-0
90,XABBIM__ligand18465-0
91,XABBIM__ligand7532-0
92,XABBIM__ligand17710-0
93,XABBIM__ligand20579-0
94,XABBIM__ligand9197-0
95,XABBIM__ligand757-0
96,XABBIM__ligand11568-0
97,XABBIM__ligand1900-0
98,XABBIM__ligand7162-0
99,XABBIM__ligand3029-0
100,XABBIM__ligand14586-0
101,XABBIM__ligand11774-0
102,XABBIM__ligand21421-0
103,XABBIM__ligand4581-0
104,XABBIM__ligand1773-0
105,XABBIM__ligand122-0
106,XABBIM__ligand2328-0
107,XABBIM__ligand3350-0
108,XABBIM__ligand2781-0
109,XABBIM__ligand7573-0
110,XABBIM__ligand19725-0
111,XABBIM__ligand8722-0
112,XABBIM__ligand1327-0
113,XABBIM__ligand6672-0
114,XABBIM__ligand9809-0
115,XABBIM__ligand24613-0
116,XABBIM__ligand31483-0
117,XABBIM__ligand2208-0
118,XABBIM__ligand10555-0
119,XABBIM__ligand3208-0
120,XABBIM__ligand12336-0
121,XABBIM__ligand1496-0
122,XABBIM__ligand7557-0
123,XABBIM__ligand13072-0
124,XABBIM__ligand1533-0
125,XABBIM__ligand5892-0
126,XABBIM__ligand5094-0
127,XABBIM__ligand18699-0
128,XABBIM__ligand12682-0
129,XABBIM__ligand17590-0
130,XABBIM__ligand1712-0
131,XABBIM__ligand4131-0
132,XABBIM__ligand693-0
133,XABBIM__ligand17240-0
134,XABBIM__ligand9525-0
135,XABBIM__ligand1165-0
136,XABBIM__ligand78-0
137,XABBIM__ligand24750-0
138,XABBIM__ligand3157-0
139,XABBIM__ligand2722-0
140,XABBIM__ligand240-0
141,XABBIM__ligand1379-0
142,XABBIM__ligand17207-0
143,XABBIM__ligand31578-0
144,XABBIM__ligand5935-0
145,XABBIM__ligand18013-0
146,XABBIM__ligand25224-0
147,XABBIM__ligand17945-0
148,XABBIM__ligand141-0
149,XABBIM__ligand1768-0
150,XABBIM__ligand18703-0
151,XABBIM__ligand29087-0
152,XABBIM__ligand1469-0
153,XABBIM__ligand3871-0
154,XABBIM__ligand3647-0
155,XABBIM__ligand45-0
156,XABBIM__ligand5357-0
157,XABBIM__ligand1688-0
158,XABBIM__ligand4850-0
159,XABBIM__ligand15438-0
160,XABBIM__ligand5056-0
161,XABBIM__ligand28924-0
162,XABBIM__ligand15168-0
163,XABBIM__ligand8349-0
164,XABBIM__ligand8464-0
165,XABBIM__ligand1709-0
166,XABBIM__ligand23589-0
167,XABBIM__ligand768-0
168,XABBIM__ligand2527-0
169,XABBIM__ligand24-0
170,XABBIM__ligand24064-0
171,XABBIM__ligand19-0
172,XABBIM__ligand384-0
173,XABBIM__ligand5849-0
174,XABBIM__ligand10432-0
175,XABBIM__ligand11432-0
176,XABBIM__ligand31618-0
177,XABBIM__ligand4911-0
178,XABBIM__ligand22755-0
179,XABBIM__ligand1771-0
180,XABBIM__ligand29898-0
181,XABBIM__ligand26277-0
182,XABBIM__ligand3392-0
183,XABBIM__ligand1263-0
184,XABBIM__ligand9908-0
185,XABBIM__ligand16475-0
186,XABBIM__ligand14703-0
187,XABBIM__ligand20251-1
188,XABBIM__ligand696-0
189,XABBIM__ligand7106-0
190,XABBIM__ligand7242-0
191,XABBIM__ligand1844-0
192,XABBIM__ligand4661-0
193,XABBIM__ligand656-0
194,XABBIM__ligand3876-0
195,XABBIM__ligand1343-0
196,XABBIM__ligand3035-0
197,XABBIM__ligand6616-0
198,XABBIM__ligand17278-0
199,XABBIM__ligand20011-0
200,XABBIM__ligand29414-0
201,XABBIM__ligand17982-0
202,XABBIM__ligand3718-0
203,XABBIM__ligand11675-0
204,XABBIM__ligand9935-0
205,XABBIM__ligand20598-0
206,XABBIM__ligand22557-0
207,XABBIM__ligand1536-0
208,XABBIM__ligand10589-0
209,XABBIM__ligand1573-0
210,XABBIM__ligand42-0
211,XABBIM__ligand24047-0
212,XABBIM__ligand1959-0
213,XABBIM__ligand17398-0
214,XABBIM__ligand3504-0
215,XABBIM__ligand6919-0
216,XABBIM__ligand3852-0
217,XABBIM__ligand28789-0
218,XABBIM__ligand2485-0
219,XABBIM__ligand20419-0
220,XABBIM__ligand17118-0
221,XABBIM__ligand21371-0
222,XABBIM__ligand3565-0
223,XABBIM__ligand30851-0
224,XABBIM__ligand14889-0
225,XABBIM__ligand1512-0
226,XABBIM__ligand66-0
227,XABBIM__ligand29568-0
228,XABBIM__ligand5331-0
229,XABBIM__ligand6839-0
230,XABBIM__ligand416-0
231,XABBIM__ligand8969-0
232,XABBIM__ligand31097-0
233,XABBIM__ligand21581-0
234,XABBIM__ligand3174-0
235,XABBIM__ligand1202-0
236,XABBIM__ligand3937-0
237,XABBIM__ligand3131-0
238,XABBIM__ligand383-0
239,XABBIM__ligand20539-0
240,XABBIM__ligand20214-0
241,XABBIM__ligand30702-0
242,XABBIM__ligand4720-0
243,XABBIM__ligand20251-0
244,XABBIM__ligand3094-0
245,XABBIM__ligand4155-0
246,XABBIM__ligand162-0
247,XABBIM__ligand5211-0
248,XABBIM__ligand226-0
249,XABBIM__ligand17261-0
250,XABBIM__ligand14117-0
251,XABBIM__ligand2232-0
252,XABBIM__ligand20682-0
253,XABBIM__ligand2176-0
254,XABBIM__ligand9291-0
255,XABBIM__ligand9833-0
256,XABBIM__ligand2828-0
257,XABBIM__ligand8876-0
258,XABBIM__ligand7648-0
259,XABBIM__ligand5256-0
260,XABBIM__ligand13390-0
261,XABBIM__ligand4157-0
262,XABBIM__ligand670-0
263,XABBIM__ligand4503-0
264,XABBIM__ligand4546-0
265,XABBIM__ligand534-0
266,XABBIM__ligand571-0
267,XABBIM__ligand8115-0
268,XABBIM__ligand6768-0
269,XABBIM__ligand1982-0
270,XABBIM__ligand13208-0
271,XABBIM__ligand7000-0
272,XABBIM__ligand27482-0
273,XABBIM__ligand1285-0
274,XABBIM__ligand26810-0
275,XABBIM__ligand13331-0
276,XABBIM__ligand28884-0
277,XABBIM__ligand1790-0
278,XABBIM__ligand1304-0
279,XABBIM__ligand7280-0
280,XABBIM__ligand7238-0
281,XABBIM__ligand12030-0
282,XABBIM__ligand14248-0
283,XABBIM__ligand29879-0
284,XABBIM__ligand4016-0
285,XABBIM__ligand31832-0
286,XABBIM__ligand13294-0
287,XABBIM__ligand7867-0
288,XABBIM__ligand1219-0
289,XABBIM__ligand6709-0
290,XABBIM__ligand430-0
291,XABBIM__ligand38-0
292,XABBIM__ligand4442-0
293,XABBIM__ligand4093-0
294,XABBIM__ligand3954-0
295,XABBIM__ligand358-0
296,XABBIM__ligand9520-0
297,XABBIM__ligand8699-0
298,XABBIM__ligand1160-0
299,XABBIM__ligand25411-0
300,XABBIM__ligand488-0
301,XABBIM__ligand9784-0
302,XABBIM__ligand11456-0
303,XABBIM__ligand1451-0
304,XABBIM__ligand4272-0
305,XABBIM__ligand694-0
306,XABBIM__ligand10712-0
307,XABBIM__ligand7629-0
308,XABBIM__ligand14174-0
309,XABBIM__ligand1530-0
310,XABBIM__ligand409-0
311,XABBIM__ligand1575-0
312,XABBIM__ligand10958-0
313,XABBIM__ligand361-0
314,XABBIM__ligand9933-0
315,XABBIM__ligand324-0
316,XABBIM__ligand1631-0
317,XABBIM__ligand12641-0
318,XABBIM__ligand1-0
319,XABBIM__ligand9441-0
320,XABBIM__ligand2332-0
321,XABBIM__ligand14108-0
322,XABBIM__ligand1378-0
323,XABBIM__ligand13425-0
324,XABBIM__ligand29302-0
325,XABBIM__ligand19057-0
326,XABBIM__ligand6244-0
327,XABBIM__ligand18814-0
328,XABBIM__ligand28676-0
329,XABBIM__ligand10262-0
330,XABBIM__ligand27763-0
331,XABBIM__ligand2915-0
332,XABBIM__ligand3156-0
333,XABBIM__ligand1018-0
334,XABBIM__ligand10476-0
335,XABBIM__ligand13068-0
336,XABBIM__ligand19830-0
337,XABBIM__ligand4116-0
338,XABBIM__ligand12401-0
339,XABBIM__ligand15585-0
340,XABBIM__ligand24145-0
341,XABBIM__ligand7967-0
342,XABBIM__ligand3707-0
343,XABBIM__ligand199-0
344,XABBIM__ligand6124-0
345,XABBIM__ligand9601-0
346,XABBIM__ligand12231-0
347,XABBIM__ligand18-0
348,XABBIM__ligand26702-0
349,XABBIM__ligand13658-0
350,XABBIM__ligand18292-0
351,XABBIM__ligand12289-0
352,XABBIM__ligand12130-0
353,XABBIM__ligand17387-0
354,XABBIM__ligand8992-0
355,XABBIM__ligand17805-0
356,XABBIM__ligand1615-0
357,XABBIM__ligand2526-0
358,XABBIM__ligand5036-0
359,XABBIM__ligand17302-0
360,XABBIM__ligand9952-0
361,XABBIM__ligand300-0
362,XABBIM__ligand9111-0
363,XABBIM__ligand1324-0
364,XABBIM__ligand8721-0
365,XABBIM__ligand25178-0
366,XABBIM__ligand588-0
367,XABBIM__ligand1823-0
368,XABBIM__ligand5643-0
369,XABBIM__ligand24185-0
370,XABBIM__ligand23769-0
371,XABBIM__ligand31783-0
372,XABBIM__ligand497-0
373,XABBIM__ligand13012-0
374,XABBIM__ligand633-0
375,XABBIM__ligand17631-0
376,XABBIM__ligand4641-0
377,XABBIM__ligand26665-0
378,XABBIM__ligand14603-0
379,XABBIM__ligand14297-0
380,XABBIM__ligand17258-0
381,XABBIM__ligand7126-0
382,XABBIM__ligand30988-0
383,XABBIM__ligand2028-0
384,XABBIM__ligand8835-0
385,XABBIM__ligand23713-0
386,XABBIM__ligand27175-0
387,XABBIM__ligand18832-0
388,XABBIM__ligand12934-0
389,XABBIM__ligand20578-0
390,XABBIM__ligand15422-0
391,XABBIM__ligand19641-0
392,XABBIM__ligand1142-0
393,XABBIM__ligand3234-0
394,XABBIM__ligand14723-0
395,XABBIM__ligand27893-0
396,XABBIM__ligand16628-0
397,XABBIM__ligand3465-0
398,XABBIM__ligand12427-0
399,XABBIM__ligand692-0
400,XABBIM__ligand3721-0
401,XABBIM__ligand20740-0
402,XABBIM__ligand6904-0
403,XABBIM__ligand6596-0
404,XABBIM__ligand28468-0
405,XABBIM__ligand6102-0
406,XABBIM__ligand2917-0
407,XABBIM__ligand27460-0
408,XABBIM__ligand436-0
409,XABBIM__ligand7819-0
410,XABBIM__ligand12606-0
411,XABBIM__ligand326-0
412,XABBIM__ligand30333-0
413,XABBIM__ligand1577-0
414,XABBIM__ligand6067-0
415,XABBIM__ligand2295-0
416,XABBIM__ligand26540-0
417,XABBIM__ligand29410-0
418,XABBIM__ligand12337-0
419,XABBIM__ligand30296-0
420,XABBIM__ligand4620-0
421,XABBIM__ligand3-0
422,XABBIM__ligand17281-0
423,XABBIM__ligand868-0
424,XABBIM__ligand2221-0
425,XABBIM__ligand4358-0
426,XABBIM__ligand3120-0
427,XABBIM__ligand3926-0
428,XABBIM__ligand19184-0
429,XABBIM__ligand28459-0
430,XABBIM__ligand12453-0
431,XABBIM__ligand18448-0
432,XABBIM__ligand4101-0
433,XABBIM__ligand5595-0
434,XABBIM__ligand10371-0
435,XABBIM__ligand9773-0
436,XABBIM__ligand5510-0
437,XABBIM__ligand1376-0
438,XABBIM__ligand32-0
439,XABBIM__ligand1197-0
440,XABBIM__ligand18568-0
441,XABBIM__ligand352-0
442,XABBIM__ligand783-0
443,XABBIM__ligand28685-0
444,XABBIM__ligand5099-0
445,XABBIM__ligand8592-0
446,XABBIM__ligand1296-0
447,XABBIM__ligand2259-0
448,XABBIM__ligand13672-0
449,XABBIM__ligand2822-0
450,XABBIM__ligand7293-0
451,XABBIM__ligand1317-0
452,XABBIM__ligand3867-0
453,XABBIM__ligand197-0
454,XABBIM__ligand29029-0
455,XABBIM__ligand27285-0
456,XABBIM__ligand2238-0
457,XABBIM__ligand9167-0
458,XABBIM__ligand16-0
459,XABBIM__ligand5304-0
460,XABBIM__ligand23197-0
461,XABBIM__ligand7762-0
462,XABBIM__ligand5080-0
463,XABBIM__ligand27669-0
464,XABBIM__ligand30142-0
465,XABBIM__ligand14167-0
466,XABBIM__ligand5509-0
467,XABBIM__ligand13477-0
468,XABBIM__ligand8002-0
469,XABBIM__ligand1407-0
470,XABBIM__ligand6117-0
471,XABBIM__ligand15883-0
472,XABBIM__ligand91-0
473,XABBIM__ligand5383-0
474,XABBIM__ligand2693-0
475,XABBIM__ligand11970-0
476,XABBIM__ligand421-0
477,XABBIM__ligand3945-0
478,XABBIM__ligand10828-0
479,XABBIM__ligand3736-0
480,XABBIM__ligand19792-0
481,XABBIM__ligand8000-0
482,XABBIM__ligand685-0
483,XABBIM__ligand15926-0
484,XABBIM__ligand24230-0
485,XABBIM__ligand11096-0
486,XABBIM__ligand11447-0
487,XABBIM__ligand28810-0
488,XABBIM__ligand9344-0
489,XABBIM__ligand294-0
490,XABBIM__ligand28743-0
491,XABBIM__ligand15531-0
492,XABBIM__ligand9883-0
493,XABBIM__ligand3677-1
494,XABBIM__ligand13862-0
495,XABBIM__ligand11357-0
496,XABBIM__ligand12365-0
497,XABBIM__ligand10056-0
498,XABBIM__ligand7291-0
499,XABBIM__ligand51-0
500,XABBIM__ligand9299-0
501,XABBIM__ligand21919-0
502,XABBIM__ligand2985-0
503,XABBIM__ligand4007-0
504,XABBIM__ligand22294-0
505,XABBIM__ligand22168-0
506,XABBIM__ligand28930-0
507,XABBIM__ligand560-0
508,XABBIM__ligand14614-0
509,XABBIM__ligand6699-0
510,XABBIM__ligand16663-0
511,XABBIM__ligand1168-0
512,XABBIM__ligand11994-0
513,XABBIM__ligand31044-0
514,XABBIM__ligand31842-0
515,XABBIM__ligand1294-0
516,XABBIM__ligand24035-0
517,XABBIM__ligand3632-0
518,XABBIM__ligand3677-0
519,XABBIM__ligand1211-0
520,XABBIM__ligand48-0
521,XABBIM__ligand6892-0
522,XABBIM__ligand20207-0
523,XABBIM__ligand30711-0
524,XABBIM__ligand11682-0
525,XABBIM__ligand1499-0
526,XABBIM__ligand134-0
527,XABBIM__ligand2881-0
528,XABBIM__ligand235-0
529,XABBIM__ligand25913-0
530,XABBIM__ligand1464-0
531,XABBIM__ligand3712-0
532,XABBIM__ligand16988-0
533,XABBIM__ligand311-0
534,XABBIM__ligand9943-0
535,XABBIM__ligand1228-0
536,XABBIM__ligand785-0
537,XABBIM__ligand34-0
538,XABBIM__ligand24872-0
539,XABBIM__ligand479-0
540,XABBIM__ligand30728-0
541,XABBIM__ligand1604-0
542,XABBIM__ligand27840-0
543,XABBIM__ligand8788-0
544,XABBIM__ligand370-1
545,XABBIM__ligand1832-0
546,XABBIM__ligand12001-0
547,XABBIM__ligand620-0
548,XABBIM__ligand24644-0
549,XABBIM__ligand2043-0
550,XABBIM__ligand564-0
551,XABBIM__ligand10033-0
552,XABBIM__ligand22444-0
553,XABBIM__ligand188-0
554,XABBIM__ligand24111-0
555,XABBIM__ligand13385-0
556,XABBIM__ligand2417-0
557,XABBIM__ligand14569-0
558,XABBIM__ligand15788-0
559,XABBIM__ligand1114-0
560,XABBIM__ligand23175-0
561,XABBIM__ligand17396-0
562,XABBIM__ligand3126-0
563,XABBIM__ligand6391-0
564,XABBIM__ligand13220-0
565,XABBIM__ligand11587-0
566,XABBIM__ligand9284-0
567,XABBIM__ligand29486-0
568,XABBIM__ligand31694-0
569,XABBIM__ligand250-0
570,XABBIM__ligand68-0
571,XABBIM__ligand17427-0
572,XABBIM__ligand1289-0
573,XABBIM__ligand2203-0
574,XABBIM__ligand5387-0
575,XABBIM__ligand24780-0
576,XABBIM__ligand12138-0
577,XABBIM__ligand22129-0
578,XABBIM__ligand1599-0
579,XABBIM__ligand2612-0
580,XABBIM__ligand11949-0
581,XABBIM__ligand55-0
582,XABBIM__ligand370-0
583,XABBIM__ligand9450-0
584,XABBIM__ligand25561-0
585,XABBIM__ligand3178-0
586,XABBIM__ligand372-0
587,XABBIM__ligand14043-0
588,XABBIM__ligand57-0
589,XABBIM__ligand26324-0
590,XABBIM__ligand28559-0
591,XABBIM__ligand830-0
592,XABBIM__ligand19927-0
593,XABBIM__ligand4807-0
594,XABBIM__ligand7196-0
595,XABBIM__ligand5159-0
596,XABBIM__ligand5530-0
597,XABBIM__ligand1356-0
598,XABBIM__ligand1787-0
599,XABBIM__ligand9753-0
600,XABBIM__ligand193-0
601,XABBIM__ligand27239-0
602,XABBIM__ligand21729-0
603,XABBIM__ligand26529-0
604,XABBIM__ligand252-0
605,XABBIM__ligand8793-0
606,XABBIM__ligand2788-0
607,XABBIM__ligand5649-0
608,XABBIM__ligand4649-0
609,XABBIM__ligand116-0
610,XABBIM__ligand4711-0
611,XABBIM__ligand3244-0
612,XABBIM__ligand11618-0
613,XABBIM__ligand2906-0
614,XABBIM__ligand7273-0
615,XABBIM__ligand177-0
616,XABBIM__ligand9323-0
617,XABBIM__ligand22403-0
618,XABBIM__ligand7172-0
619,XABBIM__ligand8612-0
620,XABBIM__ligand11111-0
621,XABBIM__ligand28540-0
622,XABBIM__ligand2124-0
623,XABBIM__ligand16369-0
624,XABBIM__ligand20695-0
625,XABBIM__ligand3225-0
626,XABBIM__ligand27754-0
627,XABBIM__ligand1153-0
628,XABBIM__ligand1116-0
629,XABBIM__ligand7092-0
630,XABBIM__ligand2260-0
631,XABBIM__ligand7316-0
632,XABBIM__ligand5708-0
633,XABBIM__ligand6017-0
634,XABBIM__ligand29215-0
635,XABBIM__ligand10872-0
636,XABBIM__ligand21399-0
637,XABBIM__ligand5180-0
638,XABBIM__ligand12003-0
639,XABBIM__ligand26631-0
640,XABBIM__ligand16148-0
641,XABBIM__ligand909-0
642,XABBIM__ligand11622-0
643,XABBIM__ligand16870-0
644,XABBIM__ligand16603-0
645,XABBIM__ligand1050-0
646,XABBIM__ligand1015-0
647,XABBIM__ligand314-1
648,XABBIM__ligand11814-0
649,XABBIM__ligand2027-0
650,XABBIM__ligand4262-0
651,XABBIM__ligand31205-0
652,XABBIM__ligand17686-0
653,XABBIM__ligand25658-0
654,XABBIM__ligand1028-0
655,XABBIM__ligand15455-0
656,XABBIM__ligand1618-0
657,XABBIM__ligand2692-0
658,XABBIM__ligand11177-0
659,XABBIM__ligand465-0
660,XABBIM__ligand1498-0
661,XABBIM__ligand618-0
662,XABBIM__ligand4596-0
663,XABBIM__ligand18067-0
664,XABBIM__ligand19824-0
665,XABBIM__ligand13260-0
666,XABBIM__ligand49-0
667,XABBIM__ligand9615-0
668,XABBIM__ligand10582-0
669,XABBIM__ligand1154-0
670,XABBIM__ligand11252-0
671,XABBIM__ligand391-0
672,XABBIM__ligand1169-0
673,XABBIM__ligand813-0
674,XABBIM__ligand89-0
675,XABBIM__ligand31000-0
676,XABBIM__ligand8529-0
677,XABBIM__ligand780-0
678,XABBIM__ligand314-0
679,XABBIM__ligand11606-0
680,XABBIM__ligand20821-0
681,XABBIM__ligand26673-0
682,XABBIM__ligand353-0
683,XABBIM__ligand9944-0
684,XABBIM__ligand8593-0
685,XABBIM__ligand19906-0
686,XABBIM__ligand19668-0
687,XABBIM__ligand7566-0
688,XABBIM__ligand2001-0
689,XABBIM__ligand22353-0
690,XABBIM__ligand5201-0
691,XABBIM__ligand8553-0
692,XABBIM__ligand393-0
693,XABBIM__ligand1113-0
694,XABBIM__ligand10151-0
695,XABBIM__ligand29813-0
696,XABBIM__ligand16952-0
697,XABBIM__ligand4124-0
698,XABBIM__ligand4161-0
699,XABBIM__ligand3471-0
700,XABBIM__ligand686-0
701,XABBIM__ligand20121-0
702,XABBIM__ligand5415-0
703,XABBIM__ligand15387-0
704,XABBIM__ligand422-0
705,XABBIM__ligand20220-0
706,XABBIM__ligand13657-0
707,XABBIM__ligand14347-0
708,XABBIM__ligand14302-0
709,XABBIM__ligand11698-0
710,XABBIM__ligand3180-0
711,XABBIM__ligand20530-0
712,XABBIM__ligand2281-0
713,XABBIM__ligand2650-0
714,XABBIM__ligand17-0
715,XABBIM__ligand24851-0
716,XABBIM__ligand4340-0
717,XABBIM__ligand2823-0
718,XABBIM__ligand10853-0
719,XABBIM__ligand196-0
720,XABBIM__ligand29441-0
721,XABBIM__ligand11479-0
722,XABBIM__ligand6995-0
723,XABBIM__ligand10479-0
724,XABBIM__ligand27610-0
725,XABBIM__ligand4710-0
726,XABBIM__ligand27771-0
727,XABBIM__ligand5755-0
728,XABBIM__ligand18158-0
729,XABBIM__ligand3144-0
730,XABBIM__ligand23682-0
731,XABBIM__ligand5085-0
732,XABBIM__ligand29565-0
733,XABBIM__ligand8042-0
734,XABBIM__ligand6112-0
735,XABBIM__ligand14226-0
736,XABBIM__ligand21339-0
737,XABBIM__ligand16956-0
738,XABBIM__ligand20942-1
739,XABBIM__ligand1828-0
740,XABBIM__ligand152-0
741,XABBIM__ligand1397-0
742,XABBIM__ligand7213-0
743,XABBIM__ligand5630-0
744,XABBIM__ligand27550-0
745,XABBIM__ligand1786-0
746,XABBIM__ligand506-0
747,XABBIM__ligand14007-0
748,XABBIM__ligand3285-0
749,XABBIM__ligand4795-0
750,XABBIM__ligand18019-1
751,XABBIM__ligand1908-0
752,XABBIM__ligand5515-0
753,XABBIM__ligand11758-0
754,XABBIM__ligand6663-0
755,XABBIM__ligand22357-0
756,XABBIM__ligand21448-0
757,XABBIM__ligand5614-0
758,XABBIM__ligand5280-0
759,XABBIM__ligand1831-0
760,XABBIM__ligand487-0
761,XABBIM__ligand11501-0
762,XABBIM__ligand11544-0
763,XABBIM__ligand29214-0
764,XABBIM__ligand447-0
765,XABBIM__ligand17445-0
766,XABBIM__ligand1216-0
767,XABBIM__ligand5019-0
768,XABBIM__ligand14477-0
769,XABBIM__ligand746-0
770,XABBIM__ligand3261-0
771,XABBIM__ligand17069-0
772,XABBIM__ligand1152-0
773,XABBIM__ligand11798-0
774,XABBIM__ligand1849-0
775,XABBIM__ligand176-0
776,XABBIM__ligand20731-0
777,XABBIM__ligand29334-0
778,XABBIM__ligand12413-0
779,XABBIM__ligand1150-0
780,XABBIM__ligand395-0
781,XABBIM__ligand368-0
782,XABBIM__ligand21940-0
783,XABBIM__ligand25048-0
784,XABBIM__ligand1539-0
785,XABBIM__ligand4207-0
786,XABBIM__ligand24953-0
787,XABBIM__ligand23445-0
788,XABBIM__ligand16133-0
789,XABBIM__ligand13755-0
790,XABBIM__ligand3416-0
791,XABBIM__ligand27122-0
792,XABBIM__ligand3453-0
793,XABBIM__ligand20432-0
794,XABBIM__ligand8-0
795,XABBIM__ligand3042-0
796,XABBIM__ligand784-0
797,XABBIM__ligand8200-0
798,XABBIM__ligand7438-0
799,XABBIM__ligand30004-0
800,XABBIM__ligand4063-0
801,XABBIM__ligand20557-0
802,XABBIM__ligand9750-0
803,XABBIM__ligand24624-0
804,XABBIM__ligand18413-0
805,XABBIM__ligand20844-0
806,XABBIM__ligand1779-0
807,XABBIM__ligand24560-0
808,XABBIM__ligand1817-0
809,XABBIM__ligand18757-0
810,XABBIM__ligand6993-0
811,XABBIM__ligand3557-0
812,XABBIM__ligand3980-0
813,XABBIM__ligand1149-0
814,XABBIM__ligand833-0
815,XABBIM__ligand11-0
816,XABBIM__ligand7075-0
817,XABBIM__ligand13691-0
818,XABBIM__ligand69-0
819,XABBIM__ligand30788-0
820,XABBIM__ligand1288-0
821,XABBIM__ligand14339-0
822,XABBIM__ligand4167-0
823,XABBIM__ligand115-0
824,XABBIM__ligand1400-0
825,XABBIM__ligand4266-0
826,XABBIM__ligand21752-0
827,XABBIM__ligand9491-0
