,TMC
0,OJAGIP__ligand133-0
1,OJAGIP__ligand91-0
2,OJAGIP__ligand1171-0
3,OJAGIP__ligand29-0
4,OJAGIP__ligand447-0
5,OJAGIP__ligand51-0
6,OJAGIP__ligand5801-0
7,OJAGIP__ligand487-0
8,OJAGIP__ligand3063-0
9,OJAGIP__ligand666-0
10,OJAGIP__ligand1438-0
11,OJAGIP__ligand522-0
12,OJAGIP__ligand1544-0
13,OJAGIP__ligand1459-0
14,OJAGIP__ligand3757-0
15,OJAGIP__ligand2087-0
16,OJAGIP__ligand1048-0
17,OJAGIP__ligand682-0
18,OJAGIP__ligand48-0
19,OJAGIP__ligand1685-0
20,OJAGIP__ligand6277-0
21,OJAGIP__ligand115-0
22,OJAGIP__ligand1687-0
23,OJAGIP__ligand1951-0
24,OJAGIP__ligand2259-0
25,OJAGIP__ligand2688-0
26,OJAGIP__ligand32-0
27,OJAGIP__ligand1376-0
28,OJAGIP__ligand2768-0
29,OJAGIP__ligand291-0
30,OJAGIP__ligand485-0
31,OJAGIP__ligand355-0
32,OJAGIP__ligand784-0
33,OJAGIP__ligand3734-0
34,OJAGIP__ligand1706-0
35,OJAGIP__ligand4381-0
36,OJAGIP__ligand2629-0
37,OJAGIP__ligand2863-0
38,OJAGIP__ligand2098-0
39,OJAGIP__ligand6502-0
40,OJAGIP__ligand6332-0
41,OJAGIP__ligand314-0
42,OJAGIP__ligand57-0
43,OJAGIP__ligand481-0
44,OJAGIP__ligand3178-0
45,OJAGIP__ligand391-0
46,OJAGIP__ligand3145-0
47,OJAGIP__ligand1747-0
48,OJAGIP__ligand6686-0
49,OJAGIP__ligand7915-0
50,OJAGIP__ligand5548-0
51,OJAGIP__ligand170-0
52,OJAGIP__ligand2751-0
53,OJAGIP__ligand210-0
54,OJAGIP__ligand3041-0
55,OJAGIP__ligand1542-0
56,OJAGIP__ligand2634-0
57,OJAGIP__ligand73-0
58,OJAGIP__ligand502-0
59,OJAGIP__ligand196-0
60,OJAGIP__ligand34-0
61,OJAGIP__ligand9244-0
62,OJAGIP__ligand1228-0
63,OJAGIP__ligand1538-0
64,OJAGIP__ligand422-0
65,OJAGIP__ligand1114-0
66,OJAGIP__ligand15630-0
67,OJAGIP__ligand10357-0
68,OJAGIP__ligand113-0
69,OJAGIP__ligand3246-0
70,OJAGIP__ligand95-0
71,OJAGIP__ligand236-0
72,OJAGIP__ligand1479-0
73,OJAGIP__ligand353-0
74,OJAGIP__ligand1148-0
75,OJAGIP__ligand55-0
76,OJAGIP__ligand4983-0
77,OJAGIP__ligand1835-0
78,OJAGIP__ligand2794-0
79,OJAGIP__ligand2345-0
80,OJAGIP__ligand370-0
81,OJAGIP__ligand1502-0
82,OJAGIP__ligand6396-0
83,OJAGIP__ligand2265-0
84,OJAGIP__ligand1113-0
85,OJAGIP__ligand460-0
86,OJAGIP__ligand250-0
87,OJAGIP__ligand9027-0
88,OJAGIP__ligand444-0
89,OJAGIP__ligand369-0
90,OJAGIP__ligand92-0
91,OJAGIP__ligand1273-0
92,OJAGIP__ligand188-0
93,OJAGIP__ligand1052-0
94,OJAGIP__ligand311-0
95,OJAGIP__ligand17-0
96,OJAGIP__ligand909-0
97,OJAGIP__ligand2864-0
98,OJAGIP__ligand851-0
99,OJAGIP__ligand2142-0
100,OJAGIP__ligand6538-0
101,OJAGIP__ligand9495-0
102,OJAGIP__ligand177-0
103,OJAGIP__ligand934-0
104,OJAGIP__ligand2772-0
105,OJAGIP__ligand6151-0
106,OJAGIP__ligand49-0
107,OJAGIP__ligand1799-0
108,OJAGIP__ligand3838-0
109,OJAGIP__ligand955-0
110,OJAGIP__ligand2838-0
111,OJAGIP__ligand2880-0
112,OJAGIP__ligand5941-0
113,OJAGIP__ligand252-0
114,OJAGIP__ligand193-0
115,OJAGIP__ligand89-0
116,OJAGIP__ligand830-0
117,OJAGIP__ligand5022-0
118,OJAGIP__ligand1169-0
119,OJAGIP__ligand14530-0
120,OJAGIP__ligand112-0
121,OJAGIP__ligand8-0
122,OJAGIP__ligand3637-0
123,OJAGIP__ligand296-0
124,OJAGIP__ligand8774-0
125,OJAGIP__ligand197-0
126,OJAGIP__ligand1248-0
127,OJAGIP__ligand4303-0
128,OJAGIP__ligand352-0
129,OJAGIP__ligand783-0
130,OJAGIP__ligand1598-0
131,OJAGIP__ligand11-0
132,OJAGIP__ligand10910-0
133,OJAGIP__ligand1054-0
134,OJAGIP__ligand6294-0
135,OJAGIP__ligand136-0
136,OJAGIP__ligand7464-0
137,OJAGIP__ligand442-0
138,OJAGIP__ligand868-0
139,OJAGIP__ligand2430-0
140,OJAGIP__ligand1703-0
141,OJAGIP__ligand235-0
142,OJAGIP__ligand932-0
143,OJAGIP__ligand134-0
144,OJAGIP__ligand390-0
145,OJAGIP__ligand2907-0
146,OJAGIP__ligand10114-0
147,OJAGIP__ligand2510-0
148,OJAGIP__ligand1567-0
149,OJAGIP__ligand2285-0
150,OJAGIP__ligand8921-0
151,OJAGIP__ligand109-0
152,OJAGIP__ligand2862-0
153,OJAGIP__ligand560-0
154,OJAGIP__ligand525-0
155,OJAGIP__ligand1056-0
156,OJAGIP__ligand2320-0
157,OJAGIP__ligand331-0
158,OJAGIP__ligand1607-0
159,OJAGIP__ligand993-0
160,OJAGIP__ligand294-0
161,OJAGIP__ligand10479-0
162,OJAGIP__ligand584-0
163,OJAGIP__ligand916-0
164,OJAGIP__ligand1727-0
165,OJAGIP__ligand798-0
166,OJAGIP__ligand1152-0
167,OJAGIP__ligand421-0
168,OJAGIP__ligand1307-0
169,OJAGIP__ligand575-0
170,OJAGIP__ligand6-0
171,OJAGIP__ligand199-0
172,OJAGIP__ligand927-0
173,OJAGIP__ligand1246-0
174,OJAGIP__ligand105-0
175,OJAGIP__ligand140-0
176,OJAGIP__ligand6166-0
177,OJAGIP__ligand2853-0
178,OJAGIP__ligand3853-0
179,OJAGIP__ligand5089-0
180,OJAGIP__ligand2599-0
181,OJAGIP__ligand67-0
182,OJAGIP__ligand361-0
183,OJAGIP__ligand324-0
184,OJAGIP__ligand409-0
185,OJAGIP__ligand283-0
186,OJAGIP__ligand1321-0
187,OJAGIP__ligand553-0
188,OJAGIP__ligand3566-0
189,OJAGIP__ligand1178-0
190,OJAGIP__ligand326-0
191,OJAGIP__ligand821-0
192,OJAGIP__ligand436-0
193,OJAGIP__ligand206-0
194,OJAGIP__ligand142-0
195,OJAGIP__ligand1788-0
196,OJAGIP__ligand4894-0
197,OJAGIP__ligand1260-0
198,OJAGIP__ligand838-0
199,OJAGIP__ligand9620-0
200,OJAGIP__ligand166-0
201,OJAGIP__ligand7514-0
202,OJAGIP__ligand3337-0
203,OJAGIP__ligand532-0
204,OJAGIP__ligand918-0
205,OJAGIP__ligand633-0
206,OJAGIP__ligand4-0
207,OJAGIP__ligand497-0
208,OJAGIP__ligand4811-0
209,OJAGIP__ligand1449-1
210,OJAGIP__ligand226-0
211,OJAGIP__ligand162-0
212,OJAGIP__ligand1379-0
213,OJAGIP__ligand1221-0
214,OJAGIP__ligand1264-0
215,OJAGIP__ligand383-0
216,OJAGIP__ligand85-0
217,OJAGIP__ligand6430-0
218,OJAGIP__ligand78-0
219,OJAGIP__ligand1299-0
220,OJAGIP__ligand45-0
221,OJAGIP__ligand2929-0
222,OJAGIP__ligand2376-0
223,OJAGIP__ligand6571-0
224,OJAGIP__ligand2482-0
225,OJAGIP__ligand1325-0
226,OJAGIP__ligand2442-0
227,OJAGIP__ligand1019-0
228,OJAGIP__ligand1104-0
229,OJAGIP__ligand7414-0
230,OJAGIP__ligand5762-0
231,OJAGIP__ligand1858-0
232,OJAGIP__ligand8032-0
233,OJAGIP__ligand669-0
234,OJAGIP__ligand358-0
235,OJAGIP__ligand430-0
236,OJAGIP__ligand365-0
237,OJAGIP__ligand5334-0
238,OJAGIP__ligand2480-0
239,OJAGIP__ligand4504-0
240,OJAGIP__ligand3051-0
241,OJAGIP__ligand1898-0
242,OJAGIP__ligand2315-0
243,OJAGIP__ligand278-0
244,OJAGIP__ligand1919-0
245,OJAGIP__ligand571-0
246,OJAGIP__ligand2389-0
247,OJAGIP__ligand670-0
248,OJAGIP__ligand118-0
249,OJAGIP__ligand1712-0
250,OJAGIP__ligand509-0
251,OJAGIP__ligand3579-0
252,OJAGIP__ligand2916-0
253,OJAGIP__ligand2110-0
254,OJAGIP__ligand3890-0
255,OJAGIP__ligand4423-0
256,OJAGIP__ligand1907-0
257,OJAGIP__ligand1285-0
258,OJAGIP__ligand21-0
259,OJAGIP__ligand1555-0
260,OJAGIP__ligand7630-0
261,OJAGIP__ligand40-0
262,OJAGIP__ligand797-0
263,OJAGIP__ligand7550-0
264,OJAGIP__ligand2762-0
265,OJAGIP__ligand1038-0
266,OJAGIP__ligand1160-0
267,OJAGIP__ligand38-0
268,OJAGIP__ligand2253-0
269,OJAGIP__ligand2954-0
270,OJAGIP__ligand5093-0
271,OJAGIP__ligand757-0
272,OJAGIP__ligand4619-0
273,OJAGIP__ligand6143-0
274,OJAGIP__ligand5235-0
275,OJAGIP__ligand120-0
276,OJAGIP__ligand384-0
277,OJAGIP__ligand3251-0
278,OJAGIP__ligand9176-0
279,OJAGIP__ligand2718-0
280,OJAGIP__ligand3070-0
281,OJAGIP__ligand3035-0
282,OJAGIP__ligand11730-0
283,OJAGIP__ligand1493-0
284,OJAGIP__ligand66-0
285,OJAGIP__ligand5758-0
286,OJAGIP__ligand3478-0
287,OJAGIP__ligand3852-0
288,OJAGIP__ligand141-0
289,OJAGIP__ligand240-0
290,OJAGIP__ligand1818-0
291,OJAGIP__ligand7456-0
292,OJAGIP__ligand178-0
293,OJAGIP__ligand279-0
294,OJAGIP__ligand62-0
295,OJAGIP__ligand321-0
296,OJAGIP__ligand4370-0
297,OJAGIP__ligand2618-0
298,OJAGIP__ligand3618-0
299,OJAGIP__ligand244-0
300,OJAGIP__ligand201-0
301,OJAGIP__ligand100-0
302,OJAGIP__ligand1436-0
303,OJAGIP__ligand2255-0
304,OJAGIP__ligand86-0
305,OJAGIP__ligand124-0
306,OJAGIP__ligand4175-0
307,OJAGIP__ligand119-0
308,OJAGIP__ligand3-0
309,OJAGIP__ligand1918-0
310,OJAGIP__ligand4012-0
311,OJAGIP__ligand3196-0
312,OJAGIP__ligand1-0
313,OJAGIP__ligand2915-0
314,OJAGIP__ligand126-0
315,OJAGIP__ligand18-0
316,OJAGIP__ligand1690-0
317,OJAGIP__ligand2707-0
318,OJAGIP__ligand596-0
319,OJAGIP__ligand187-0
320,OJAGIP__ligand612-0
321,OJAGIP__ligand1551-0
322,OJAGIP__ligand861-0
323,OJAGIP__ligand2526-0
324,OJAGIP__ligand366-0
