,TMC
0,SILVUE__ligand21936-0
1,SILVUE__ligand38-0
2,SILVUE__ligand13257-0
3,SILVUE__ligand23904-0
4,SILVUE__ligand10084-0
5,SILVUE__ligand465-0
6,SILVUE__ligand25267-0
7,SILVUE__ligand12467-0
8,SILVUE__ligand1289-0
9,SILVUE__ligand5387-0
10,SILVUE__ligand2203-0
11,SILVUE__ligand1599-0
12,SILVUE__ligand18391-0
13,SILVUE__ligand2612-0
14,SILVUE__ligand14523-0
15,SILVUE__ligand27169-0
16,SILVUE__ligand27074-0
17,SILVUE__ligand314-1
18,SILVUE__ligand9450-0
19,SILVUE__ligand20599-0
20,SILVUE__ligand22981-0
21,SILVUE__ligand25805-0
22,SILVUE__ligand9943-0
23,SILVUE__ligand1228-0
24,SILVUE__ligand780-0
25,SILVUE__ligand314-0
26,SILVUE__ligand18799-0
27,SILVUE__ligand18465-0
28,SILVUE__ligand1604-0
29,SILVUE__ligand813-0
30,SILVUE__ligand1832-0
31,SILVUE__ligand8788-0
32,SILVUE__ligand16791-0
33,SILVUE__ligand28668-0
34,SILVUE__ligand2043-0
35,SILVUE__ligand29610-0
36,SILVUE__ligand11140-0
37,SILVUE__ligand618-0
38,SILVUE__ligand2417-0
39,SILVUE__ligand391-0
40,SILVUE__ligand1114-0
41,SILVUE__ligand13869-0
42,SILVUE__ligand18074-0
43,SILVUE__ligand3126-0
44,SILVUE__ligand6391-0
45,SILVUE__ligand9284-0
46,SILVUE__ligand29863-0
47,SILVUE__ligand7273-0
48,SILVUE__ligand25735-0
49,SILVUE__ligand12519-0
50,SILVUE__ligand9323-0
51,SILVUE__ligand7172-0
52,SILVUE__ligand23124-0
53,SILVUE__ligand11206-0
54,SILVUE__ligand8612-0
55,SILVUE__ligand2124-0
56,SILVUE__ligand393-0
57,SILVUE__ligand2260-0
58,SILVUE__ligand7092-0
59,SILVUE__ligand1116-0
60,SILVUE__ligand1153-0
61,SILVUE__ligand3225-0
62,SILVUE__ligand25650-0
63,SILVUE__ligand7316-0
64,SILVUE__ligand31248-0
65,SILVUE__ligand5708-0
66,SILVUE__ligand6017-0
67,SILVUE__ligand353-0
68,SILVUE__ligand12660-0
69,SILVUE__ligand5180-0
70,SILVUE__ligand66-0
71,SILVUE__ligand13209-0
72,SILVUE__ligand19257-0
73,SILVUE__ligand25689-0
74,SILVUE__ligand3178-0
75,SILVUE__ligand25575-0
76,SILVUE__ligand21787-0
77,SILVUE__ligand4807-0
78,SILVUE__ligand7196-0
79,SILVUE__ligand5159-0
80,SILVUE__ligand42-0
81,SILVUE__ligand8-0
82,SILVUE__ligand1356-0
83,SILVUE__ligand27835-0
84,SILVUE__ligand1787-0
85,SILVUE__ligand5530-0
86,SILVUE__ligand196-0
87,SILVUE__ligand12295-0
88,SILVUE__ligand9753-0
89,SILVUE__ligand23906-0
90,SILVUE__ligand686-0
91,SILVUE__ligand4649-0
92,SILVUE__ligand2788-0
93,SILVUE__ligand11166-0
94,SILVUE__ligand5649-0
95,SILVUE__ligand8793-0
96,SILVUE__ligand21132-0
97,SILVUE__ligand3244-0
98,SILVUE__ligand4711-0
99,SILVUE__ligand30539-0
100,SILVUE__ligand2906-0
101,SILVUE__ligand422-0
102,SILVUE__ligand3867-0
103,SILVUE__ligand15438-0
104,SILVUE__ligand1317-0
105,SILVUE__ligand7293-0
106,SILVUE__ligand506-0
107,SILVUE__ligand2822-0
108,SILVUE__ligand28924-0
109,SILVUE__ligand2238-0
110,SILVUE__ligand29087-0
111,SILVUE__ligand9167-0
112,SILVUE__ligand18703-0
113,SILVUE__ligand5304-0
114,SILVUE__ligand5080-0
115,SILVUE__ligand7762-0
116,SILVUE__ligand25224-0
117,SILVUE__ligand18013-0
118,SILVUE__ligand17945-0
119,SILVUE__ligand17207-0
120,SILVUE__ligand31578-0
121,SILVUE__ligand24750-0
122,SILVUE__ligand152-0
123,SILVUE__ligand8002-0
124,SILVUE__ligand5509-0
125,SILVUE__ligand6117-0
126,SILVUE__ligand1407-0
127,SILVUE__ligand29898-0
128,SILVUE__ligand746-0
129,SILVUE__ligand26277-0
130,SILVUE__ligand2221-0
131,SILVUE__ligand10432-0
132,SILVUE__ligand4358-0
133,SILVUE__ligand11432-0
134,SILVUE__ligand31618-0
135,SILVUE__ligand447-0
136,SILVUE__ligand22755-0
137,SILVUE__ligand3926-0
138,SILVUE__ligand3120-0
139,SILVUE__ligand5595-0
140,SILVUE__ligand176-0
141,SILVUE__ligand4101-0
142,SILVUE__ligand24064-0
143,SILVUE__ligand23589-0
144,SILVUE__ligand9773-0
145,SILVUE__ligand1376-0
146,SILVUE__ligand5510-0
147,SILVUE__ligand1197-0
148,SILVUE__ligand8592-0
149,SILVUE__ligand5099-0
150,SILVUE__ligand1296-0
151,SILVUE__ligand15168-0
152,SILVUE__ligand487-0
153,SILVUE__ligand2259-0
154,SILVUE__ligand31483-0
155,SILVUE__ligand10555-0
156,SILVUE__ligand6699-0
157,SILVUE__ligand1168-0
158,SILVUE__ligand1294-0
159,SILVUE__ligand24613-0
160,SILVUE__ligand3677-0
161,SILVUE__ligand3632-0
162,SILVUE__ligand784-0
163,SILVUE__ligand19725-0
164,SILVUE__ligand21421-0
165,SILVUE__ligand1211-0
166,SILVUE__ligand368-0
167,SILVUE__ligand395-0
168,SILVUE__ligand6892-0
169,SILVUE__ligand14586-0
170,SILVUE__ligand11774-0
171,SILVUE__ligand1499-0
172,SILVUE__ligand2881-0
173,SILVUE__ligand18-0
174,SILVUE__ligand17710-0
175,SILVUE__ligand20579-0
176,SILVUE__ligand11568-0
177,SILVUE__ligand3712-0
178,SILVUE__ligand1464-0
179,SILVUE__ligand17240-0
180,SILVUE__ligand2693-0
181,SILVUE__ligand5383-0
182,SILVUE__ligand17590-0
183,SILVUE__ligand3945-0
184,SILVUE__ligand3736-0
185,SILVUE__ligand8000-0
186,SILVUE__ligand115-0
187,SILVUE__ligand18699-0
188,SILVUE__ligand12682-0
189,SILVUE__ligand9344-0
190,SILVUE__ligand9883-0
191,SILVUE__ligand3677-1
192,SILVUE__ligand7291-0
193,SILVUE__ligand9299-0
194,SILVUE__ligand13072-0
195,SILVUE__ligand4007-0
196,SILVUE__ligand833-0
197,SILVUE__ligand2985-0
198,SILVUE__ligand12336-0
199,SILVUE__ligand6663-0
200,SILVUE__ligand27482-0
201,SILVUE__ligand26810-0
202,SILVUE__ligand5515-0
203,SILVUE__ligand67-0
204,SILVUE__ligand1831-0
205,SILVUE__ligand13208-0
206,SILVUE__ligand5280-0
207,SILVUE__ligand5614-0
208,SILVUE__ligand352-0
209,SILVUE__ligand783-0
210,SILVUE__ligand13390-0
211,SILVUE__ligand1216-0
212,SILVUE__ligand868-0
213,SILVUE__ligand5019-0
214,SILVUE__ligand1152-0
215,SILVUE__ligand3261-0
216,SILVUE__ligand1849-0
217,SILVUE__ligand20682-0
218,SILVUE__ligand5755-0
219,SILVUE__ligand4710-0
220,SILVUE__ligand10712-0
221,SILVUE__ligand14174-0
222,SILVUE__ligand5085-0
223,SILVUE__ligand3144-0
224,SILVUE__ligand11456-0
225,SILVUE__ligand8042-0
226,SILVUE__ligand6112-0
227,SILVUE__ligand25411-0
228,SILVUE__ligand1828-0
229,SILVUE__ligand7213-0
230,SILVUE__ligand1397-0
231,SILVUE__ligand5630-0
232,SILVUE__ligand43-0
233,SILVUE__ligand1786-0
234,SILVUE__ligand197-0
235,SILVUE__ligand31832-0
236,SILVUE__ligand13294-0
237,SILVUE__ligand12030-0
238,SILVUE__ligand4795-0
239,SILVUE__ligand3285-0
240,SILVUE__ligand14248-0
241,SILVUE__ligand29879-0
242,SILVUE__ligand13331-0
243,SILVUE__ligand28884-0
244,SILVUE__ligand1908-0
245,SILVUE__ligand9750-0
246,SILVUE__ligand17398-0
247,SILVUE__ligand11675-0
248,SILVUE__ligand1779-0
249,SILVUE__ligand20598-0
250,SILVUE__ligand6993-0
251,SILVUE__ligand10589-0
252,SILVUE__ligand22557-0
253,SILVUE__ligand1817-0
254,SILVUE__ligand294-0
255,SILVUE__ligand24047-0
256,SILVUE__ligand3980-0
257,SILVUE__ligand17278-0
258,SILVUE__ligand20011-0
259,SILVUE__ligand3557-0
260,SILVUE__ligand29414-0
261,SILVUE__ligand1149-0
262,SILVUE__ligand17982-0
263,SILVUE__ligand7075-0
264,SILVUE__ligand421-0
265,SILVUE__ligand1288-0
266,SILVUE__ligand20251-1
267,SILVUE__ligand4167-0
268,SILVUE__ligand16475-0
269,SILVUE__ligand14703-0
270,SILVUE__ligand685-0
271,SILVUE__ligand4266-0
272,SILVUE__ligand1400-0
273,SILVUE__ligand9491-0
274,SILVUE__ligand1150-0
275,SILVUE__ligand17261-0
276,SILVUE__ligand14117-0
277,SILVUE__ligand1539-0
278,SILVUE__ligand20539-0
279,SILVUE__ligand235-0
280,SILVUE__ligand20214-0
281,SILVUE__ligand30702-0
282,SILVUE__ligand4207-0
283,SILVUE__ligand20251-0
284,SILVUE__ligand134-0
285,SILVUE__ligand31097-0
286,SILVUE__ligand21581-0
287,SILVUE__ligand3453-0
288,SILVUE__ligand3416-0
289,SILVUE__ligand29568-0
290,SILVUE__ligand3042-0
291,SILVUE__ligand30851-0
292,SILVUE__ligand560-0
293,SILVUE__ligand14889-0
294,SILVUE__ligand20419-0
295,SILVUE__ligand17118-0
296,SILVUE__ligand21371-0
297,SILVUE__ligand8200-0
298,SILVUE__ligand7438-0
299,SILVUE__ligand28789-0
300,SILVUE__ligand4063-0
301,SILVUE__ligand1498-0
302,SILVUE__ligand14723-0
303,SILVUE__ligand4596-0
304,SILVUE__ligand27893-0
305,SILVUE__ligand19-0
306,SILVUE__ligand12934-0
307,SILVUE__ligand20578-0
308,SILVUE__ligand15422-0
309,SILVUE__ligand188-0
310,SILVUE__ligand19641-0
311,SILVUE__ligand23713-0
312,SILVUE__ligand27175-0
313,SILVUE__ligand18832-0
314,SILVUE__ligand9615-0
315,SILVUE__ligand1154-0
316,SILVUE__ligand30988-0
317,SILVUE__ligand14603-0
318,SILVUE__ligand14297-0
319,SILVUE__ligand1169-0
320,SILVUE__ligand17258-0
321,SILVUE__ligand8529-0
322,SILVUE__ligand13012-0
323,SILVUE__ligand479-0
324,SILVUE__ligand17631-0
325,SILVUE__ligand311-0
326,SILVUE__ligand26665-0
327,SILVUE__ligand785-0
328,SILVUE__ligand564-0
329,SILVUE__ligand31783-0
330,SILVUE__ligand620-0
331,SILVUE__ligand370-1
332,SILVUE__ligand24-0
333,SILVUE__ligand30296-0
334,SILVUE__ligand370-0
335,SILVUE__ligand17281-0
336,SILVUE__ligand26540-0
337,SILVUE__ligand29410-0
338,SILVUE__ligand12337-0
339,SILVUE__ligand45-0
340,SILVUE__ligand1015-0
341,SILVUE__ligand30333-0
342,SILVUE__ligand1050-0
343,SILVUE__ligand12606-0
344,SILVUE__ligand2027-0
345,SILVUE__ligand250-0
346,SILVUE__ligand4262-0
347,SILVUE__ligand78-0
348,SILVUE__ligand27460-0
349,SILVUE__ligand1028-0
350,SILVUE__ligand12427-0
351,SILVUE__ligand1618-0
352,SILVUE__ligand2692-0
353,SILVUE__ligand28468-0
354,SILVUE__ligand20740-0
355,SILVUE__ligand16628-0
356,SILVUE__ligand116-0
357,SILVUE__ligand3471-0
358,SILVUE__ligand4161-0
359,SILVUE__ligand4124-0
360,SILVUE__ligand28676-0
361,SILVUE__ligand10262-0
362,SILVUE__ligand252-0
363,SILVUE__ligand27763-0
364,SILVUE__ligand5415-0
365,SILVUE__ligand19057-0
366,SILVUE__ligand18814-0
367,SILVUE__ligand29302-0
368,SILVUE__ligand13425-0
369,SILVUE__ligand3180-0
370,SILVUE__ligand14108-0
371,SILVUE__ligand830-0
372,SILVUE__ligand4340-0
373,SILVUE__ligand372-0
374,SILVUE__ligand2281-0
375,SILVUE__ligand2650-0
376,SILVUE__ligand2823-0
377,SILVUE__ligand193-0
378,SILVUE__ligand12641-0
379,SILVUE__ligand6995-0
380,SILVUE__ligand10958-0
381,SILVUE__ligand24185-0
382,SILVUE__ligand23769-0
383,SILVUE__ligand8593-0
384,SILVUE__ligand9944-0
385,SILVUE__ligand25178-0
386,SILVUE__ligand909-0
387,SILVUE__ligand17302-0
388,SILVUE__ligand7566-0
389,SILVUE__ligand17805-0
390,SILVUE__ligand2001-0
391,SILVUE__ligand26702-0
392,SILVUE__ligand5201-0
393,SILVUE__ligand13658-0
394,SILVUE__ligand18292-0
395,SILVUE__ligand12289-0
396,SILVUE__ligand17387-0
397,SILVUE__ligand12130-0
398,SILVUE__ligand177-0
399,SILVUE__ligand12231-0
400,SILVUE__ligand12401-0
401,SILVUE__ligand15585-0
402,SILVUE__ligand8553-0
403,SILVUE__ligand24145-0
404,SILVUE__ligand1113-0
405,SILVUE__ligand10476-0
406,SILVUE__ligand13068-0
407,SILVUE__ligand19830-0
408,SILVUE__ligand22294-0
409,SILVUE__ligand22168-0
410,SILVUE__ligand28930-0
411,SILVUE__ligand7557-0
412,SILVUE__ligand656-0
413,SILVUE__ligand1496-0
414,SILVUE__ligand17-0
415,SILVUE__ligand21919-0
416,SILVUE__ligand12365-0
417,SILVUE__ligand10056-0
418,SILVUE__ligand28743-0
419,SILVUE__ligand15531-0
420,SILVUE__ligand11357-0
421,SILVUE__ligand13862-0
422,SILVUE__ligand1533-0
423,SILVUE__ligand5094-0
424,SILVUE__ligand5892-0
425,SILVUE__ligand24230-0
426,SILVUE__ligand11447-0
427,SILVUE__ligand11096-0
428,SILVUE__ligand28810-0
429,SILVUE__ligand10828-0
430,SILVUE__ligand19792-0
431,SILVUE__ligand15926-0
432,SILVUE__ligand11970-0
433,SILVUE__ligand4131-0
434,SILVUE__ligand1712-0
435,SILVUE__ligand15883-0
436,SILVUE__ligand696-0
437,SILVUE__ligand9197-0
438,SILVUE__ligand25913-0
439,SILVUE__ligand1900-0
440,SILVUE__ligand383-0
441,SILVUE__ligand16988-0
442,SILVUE__ligand416-0
443,SILVUE__ligand20207-0
444,SILVUE__ligand30711-0
445,SILVUE__ligand226-0
446,SILVUE__ligand7162-0
447,SILVUE__ligand11682-0
448,SILVUE__ligand3029-0
449,SILVUE__ligand1773-0
450,SILVUE__ligand1-0
451,SILVUE__ligand4581-0
452,SILVUE__ligand162-0
453,SILVUE__ligand2328-0
454,SILVUE__ligand7573-0
455,SILVUE__ligand24035-0
456,SILVUE__ligand2781-0
457,SILVUE__ligand3350-0
458,SILVUE__ligand8722-0
459,SILVUE__ligand11994-0
460,SILVUE__ligand31044-0
461,SILVUE__ligand31842-0
462,SILVUE__ligand6672-0
463,SILVUE__ligand9809-0
464,SILVUE__ligand1327-0
465,SILVUE__ligand16663-0
466,SILVUE__ligand3208-0
467,SILVUE__ligand2208-0
468,SILVUE__ligand14614-0
469,SILVUE__ligand534-0
470,SILVUE__ligand571-0
471,SILVUE__ligand89-0
472,SILVUE__ligand13672-0
473,SILVUE__ligand8349-0
474,SILVUE__ligand670-0
475,SILVUE__ligand1709-0
476,SILVUE__ligand18568-0
477,SILVUE__ligand28685-0
478,SILVUE__ligand8464-0
479,SILVUE__ligand2527-0
480,SILVUE__ligand10371-0
481,SILVUE__ligand28459-0
482,SILVUE__ligand5849-0
483,SILVUE__ligand12453-0
484,SILVUE__ligand18448-0
485,SILVUE__ligand1771-0
486,SILVUE__ligand3-0
487,SILVUE__ligand4911-0
488,SILVUE__ligand49-0
489,SILVUE__ligand19184-0
490,SILVUE__ligand3392-0
491,SILVUE__ligand14167-0
492,SILVUE__ligand13477-0
493,SILVUE__ligand488-0
494,SILVUE__ligand9525-0
495,SILVUE__ligand1165-0
496,SILVUE__ligand358-0
497,SILVUE__ligand27669-0
498,SILVUE__ligand3157-0
499,SILVUE__ligand30142-0
500,SILVUE__ligand430-0
501,SILVUE__ligand2722-0
502,SILVUE__ligand694-0
503,SILVUE__ligand1379-0
504,SILVUE__ligand5935-0
505,SILVUE__ligand1768-0
506,SILVUE__ligand23197-0
507,SILVUE__ligand1469-0
508,SILVUE__ligand3871-0
509,SILVUE__ligand29029-0
510,SILVUE__ligand5357-0
511,SILVUE__ligand3647-0
512,SILVUE__ligand27285-0
513,SILVUE__ligand1688-0
514,SILVUE__ligand5056-0
515,SILVUE__ligand4850-0
516,SILVUE__ligand69-0
517,SILVUE__ligand11618-0
518,SILVUE__ligand7529-0
519,SILVUE__ligand1415-0
520,SILVUE__ligand6946-0
521,SILVUE__ligand9148-0
522,SILVUE__ligand26529-0
523,SILVUE__ligand5483-0
524,SILVUE__ligand27239-0
525,SILVUE__ligand21729-0
526,SILVUE__ligand361-0
527,SILVUE__ligand324-0
528,SILVUE__ligand5316-0
529,SILVUE__ligand409-0
530,SILVUE__ligand19927-0
531,SILVUE__ligand2830-0
532,SILVUE__ligand1729-0
533,SILVUE__ligand11-0
534,SILVUE__ligand14043-0
535,SILVUE__ligand5627-0
536,SILVUE__ligand26324-0
537,SILVUE__ligand28559-0
538,SILVUE__ligand12003-0
539,SILVUE__ligand26631-0
540,SILVUE__ligand16148-0
541,SILVUE__ligand300-0
542,SILVUE__ligand4332-0
543,SILVUE__ligand10872-0
544,SILVUE__ligand9681-0
545,SILVUE__ligand21399-0
546,SILVUE__ligand7530-0
547,SILVUE__ligand1065-0
548,SILVUE__ligand29215-0
549,SILVUE__ligand588-0
550,SILVUE__ligand3012-0
551,SILVUE__ligand1449-0
552,SILVUE__ligand199-0
553,SILVUE__ligand27754-0
554,SILVUE__ligand20695-0
555,SILVUE__ligand11111-0
556,SILVUE__ligand28540-0
557,SILVUE__ligand2403-0
558,SILVUE__ligand16369-0
559,SILVUE__ligand6882-0
560,SILVUE__ligand22403-0
561,SILVUE__ligand6455-0
562,SILVUE__ligand3934-0
563,SILVUE__ligand11587-0
564,SILVUE__ligand13220-0
565,SILVUE__ligand15788-0
566,SILVUE__ligand7925-0
567,SILVUE__ligand23175-0
568,SILVUE__ligand2068-0
569,SILVUE__ligand17396-0
570,SILVUE__ligand13385-0
571,SILVUE__ligand3973-0
572,SILVUE__ligand14569-0
573,SILVUE__ligand22444-0
574,SILVUE__ligand1147-0
575,SILVUE__ligand24111-0
576,SILVUE__ligand24644-0
577,SILVUE__ligand497-0
578,SILVUE__ligand10033-0
579,SILVUE__ligand4330-0
580,SILVUE__ligand12001-0
581,SILVUE__ligand2599-0
582,SILVUE__ligand30728-0
583,SILVUE__ligand27840-0
584,SILVUE__ligand4194-0
585,SILVUE__ligand24872-0
586,SILVUE__ligand633-0
587,SILVUE__ligand7532-0
588,SILVUE__ligand326-0
589,SILVUE__ligand25561-0
590,SILVUE__ligand6062-0
591,SILVUE__ligand4738-0
592,SILVUE__ligand5813-0
593,SILVUE__ligand4813-0
594,SILVUE__ligand11949-0
595,SILVUE__ligand24780-0
596,SILVUE__ligand6283-0
597,SILVUE__ligand12138-0
598,SILVUE__ligand22129-0
599,SILVUE__ligand7107-0
600,SILVUE__ligand692-0
601,SILVUE__ligand17427-0
602,SILVUE__ligand3215-0
603,SILVUE__ligand31694-0
604,SILVUE__ligand436-0
605,SILVUE__ligand29486-0
606,SILVUE__ligand10151-0
607,SILVUE__ligand1018-0
608,SILVUE__ligand48-0
609,SILVUE__ligand4116-0
610,SILVUE__ligand6124-0
611,SILVUE__ligand3707-0
612,SILVUE__ligand7967-0
613,SILVUE__ligand338-0
614,SILVUE__ligand9601-0
615,SILVUE__ligand8992-0
616,SILVUE__ligand5036-0
617,SILVUE__ligand2526-0
618,SILVUE__ligand1615-0
619,SILVUE__ligand22353-0
620,SILVUE__ligand9111-0
621,SILVUE__ligand9952-0
622,SILVUE__ligand19906-0
623,SILVUE__ligand1324-0
624,SILVUE__ligand19668-0
625,SILVUE__ligand8721-0
626,SILVUE__ligand5643-0
627,SILVUE__ligand1823-0
628,SILVUE__ligand321-0
629,SILVUE__ligand11479-0
630,SILVUE__ligand1575-0
631,SILVUE__ligand10479-0
632,SILVUE__ligand27610-0
633,SILVUE__ligand1530-0
634,SILVUE__ligand9933-0
635,SILVUE__ligand1631-0
636,SILVUE__ligand10853-0
637,SILVUE__ligand29441-0
638,SILVUE__ligand9441-0
639,SILVUE__ligand51-0
640,SILVUE__ligand178-0
641,SILVUE__ligand24851-0
642,SILVUE__ligand2332-0
643,SILVUE__ligand13657-0
644,SILVUE__ligand14347-0
645,SILVUE__ligand14302-0
646,SILVUE__ligand279-0
647,SILVUE__ligand11698-0
648,SILVUE__ligand185-0
649,SILVUE__ligand20530-0
650,SILVUE__ligand20220-0
651,SILVUE__ligand201-0
652,SILVUE__ligand1378-0
653,SILVUE__ligand91-0
654,SILVUE__ligand20121-0
655,SILVUE__ligand6244-0
656,SILVUE__ligand15387-0
657,SILVUE__ligand16952-0
658,SILVUE__ligand29813-0
659,SILVUE__ligand3156-0
660,SILVUE__ligand2915-0
661,SILVUE__ligand11177-0
662,SILVUE__ligand3465-0
663,SILVUE__ligand596-0
664,SILVUE__ligand941-0
665,SILVUE__ligand15455-0
666,SILVUE__ligand6102-0
667,SILVUE__ligand6904-0
668,SILVUE__ligand3721-0
669,SILVUE__ligand6596-0
670,SILVUE__ligand2917-0
671,SILVUE__ligand7819-0
672,SILVUE__ligand31205-0
673,SILVUE__ligand777-0
674,SILVUE__ligand25658-0
675,SILVUE__ligand17686-0
676,SILVUE__ligand11814-0
677,SILVUE__ligand16603-0
678,SILVUE__ligand366-0
679,SILVUE__ligand2295-0
680,SILVUE__ligand6067-0
681,SILVUE__ligand1577-0
682,SILVUE__ligand187-0
683,SILVUE__ligand16870-0
684,SILVUE__ligand657-0
685,SILVUE__ligand4620-0
686,SILVUE__ligand16-0
687,SILVUE__ligand11622-0
688,SILVUE__ligand26673-0
689,SILVUE__ligand845-0
690,SILVUE__ligand20821-0
691,SILVUE__ligand32-0
692,SILVUE__ligand11606-0
693,SILVUE__ligand4641-0
694,SILVUE__ligand31000-0
695,SILVUE__ligand7126-0
696,SILVUE__ligand2028-0
697,SILVUE__ligand8835-0
698,SILVUE__ligand11252-0
699,SILVUE__ligand163-0
700,SILVUE__ligand126-0
701,SILVUE__ligand13260-0
702,SILVUE__ligand10582-0
703,SILVUE__ligand3234-0
704,SILVUE__ligand1142-0
705,SILVUE__ligand18067-0
706,SILVUE__ligand19824-0
707,SILVUE__ligand6919-0
708,SILVUE__ligand2485-0
709,SILVUE__ligand30004-0
710,SILVUE__ligand20557-0
711,SILVUE__ligand3852-0
712,SILVUE__ligand3565-0
713,SILVUE__ligand5331-0
714,SILVUE__ligand1512-0
715,SILVUE__ligand16133-0
716,SILVUE__ligand13755-0
717,SILVUE__ligand6839-0
718,SILVUE__ligand3131-0
719,SILVUE__ligand1202-0
720,SILVUE__ligand3937-0
721,SILVUE__ligand27122-0
722,SILVUE__ligand20432-0
723,SILVUE__ligand3174-0
724,SILVUE__ligand8969-0
725,SILVUE__ligand4720-0
726,SILVUE__ligand24953-0
727,SILVUE__ligand23445-0
728,SILVUE__ligand757-0
729,SILVUE__ligand4-0
730,SILVUE__ligand3094-0
731,SILVUE__ligand4155-0
732,SILVUE__ligand21940-0
733,SILVUE__ligand122-0
734,SILVUE__ligand25048-0
735,SILVUE__ligand5211-0
736,SILVUE__ligand21752-0
737,SILVUE__ligand1263-0
738,SILVUE__ligand9908-0
739,SILVUE__ligand14339-0
740,SILVUE__ligand693-0
741,SILVUE__ligand7106-0
742,SILVUE__ligand13691-0
743,SILVUE__ligand30788-0
744,SILVUE__ligand7242-0
745,SILVUE__ligand4661-0
746,SILVUE__ligand1844-0
747,SILVUE__ligand57-0
748,SILVUE__ligand6616-0
749,SILVUE__ligand3035-0
750,SILVUE__ligand3876-0
751,SILVUE__ligand1343-0
752,SILVUE__ligand3718-0
753,SILVUE__ligand9935-0
754,SILVUE__ligand24560-0
755,SILVUE__ligand1573-0
756,SILVUE__ligand1536-0
757,SILVUE__ligand18757-0
758,SILVUE__ligand1959-0
759,SILVUE__ligand24624-0
760,SILVUE__ligand18413-0
761,SILVUE__ligand3504-0
762,SILVUE__ligand20844-0
763,SILVUE__ligand7280-0
764,SILVUE__ligand1304-0
765,SILVUE__ligand1790-0
766,SILVUE__ligand55-0
767,SILVUE__ligand14007-0
768,SILVUE__ligand7238-0
769,SILVUE__ligand18019-1
770,SILVUE__ligand4016-0
771,SILVUE__ligand27550-0
772,SILVUE__ligand7867-0
773,SILVUE__ligand6709-0
774,SILVUE__ligand1219-0
775,SILVUE__ligand14226-0
776,SILVUE__ligand21339-0
777,SILVUE__ligand16956-0
778,SILVUE__ligand20942-1
779,SILVUE__ligand3954-0
780,SILVUE__ligand4442-0
781,SILVUE__ligand4093-0
782,SILVUE__ligand9520-0
783,SILVUE__ligand1160-0
784,SILVUE__ligand8699-0
785,SILVUE__ligand68-0
786,SILVUE__ligand141-0
787,SILVUE__ligand23682-0
788,SILVUE__ligand29565-0
789,SILVUE__ligand9784-0
790,SILVUE__ligand4272-0
791,SILVUE__ligand27771-0
792,SILVUE__ligand1451-0
793,SILVUE__ligand240-0
794,SILVUE__ligand7629-0
795,SILVUE__ligand18158-0
796,SILVUE__ligand20731-0
797,SILVUE__ligand2232-0
798,SILVUE__ligand384-0
799,SILVUE__ligand29334-0
800,SILVUE__ligand12413-0
801,SILVUE__ligand11798-0
802,SILVUE__ligand2176-0
803,SILVUE__ligand9291-0
804,SILVUE__ligand14477-0
805,SILVUE__ligand7648-0
806,SILVUE__ligand2828-0
807,SILVUE__ligand8876-0
808,SILVUE__ligand9833-0
809,SILVUE__ligand17069-0
810,SILVUE__ligand5256-0
811,SILVUE__ligand17445-0
812,SILVUE__ligand4157-0
813,SILVUE__ligand34-0
814,SILVUE__ligand29214-0
815,SILVUE__ligand4546-0
816,SILVUE__ligand4503-0
817,SILVUE__ligand11501-0
818,SILVUE__ligand11544-0
819,SILVUE__ligand6768-0
820,SILVUE__ligand8115-0
821,SILVUE__ligand21448-0
822,SILVUE__ligand7000-0
823,SILVUE__ligand1982-0
824,SILVUE__ligand768-0
825,SILVUE__ligand11758-0
826,SILVUE__ligand1285-0
827,SILVUE__ligand22357-0
