,count
ligand32145-0,1
ligand27604-0,1
ligand33228-0,1
ligand16615-0,1
ligand28585-0,1
ligand33880-0,1
ligand19656-0,1
ligand34540-0,1
ligand23465-0,1
ligand19975-0,1
ligand20526-0,1
ligand11820-0,1
ligand4250-0,1
ligand3013-0,1
ligand36947-0,1
ligand29472-0,1
ligand27007-0,1
ligand9351-1,1
ligand11907-0,1
ligand34554-0,1
ligand14597-0,1
ligand34549-0,1
ligand5145-0,1
ligand22113-0,1
ligand30229-0,1
ligand6643-0,1
ligand3499-0,1
ligand38004-0,1
ligand13470-0,1
ligand5843-0,1
ligand30795-0,1
ligand2304-0,1
ligand26178-0,1
ligand34049-0,1
ligand17255-0,1
ligand23083-0,1
ligand27345-0,1
ligand10920-0,1
ligand7663-0,1
ligand947-0,1
ligand20344-0,1
ligand9400-0,1
ligand17384-0,1
ligand16627-0,1
ligand16190-0,1
ligand6101-0,1
ligand11552-0,1
ligand35788-0,1
ligand31736-0,1
ligand32952-0,1
ligand31976-0,1
ligand18326-0,1
ligand24796-0,1
ligand15192-0,1
ligand4500-0,1
ligand27824-0,1
ligand16880-0,1
ligand24634-0,1
ligand128-0,1
ligand33539-0,1
ligand21447-0,1
ligand12221-0,1
ligand28481-0,1
ligand20942-0,1
ligand36469-0,1
ligand14713-0,1
ligand2724-0,1
ligand38061-0,1
ligand25523-0,1
ligand16580-0,1
ligand36846-0,1
ligand31133-0,1
ligand17888-0,1
ligand31864-0,1
ligand2849-0,1
ligand25377-0,1
ligand71-0,1
ligand6882-0,1
ligand20549-0,1
ligand27485-0,1
ligand6065-0,1
ligand37154-0,1
ligand21869-0,1
ligand5214-0,1
ligand6681-0,1
ligand8623-0,1
ligand11257-0,1
ligand27399-0,1
ligand12044-0,1
ligand23383-0,1
ligand21696-0,1
ligand30985-0,1
ligand5058-0,1
ligand8733-0,1
ligand32727-0,1
ligand21912-0,1
ligand16579-0,1
ligand4623-0,1
ligand293-0,1
ligand6006-0,1
ligand35417-0,1
ligand23788-0,1
ligand18938-0,1
ligand9350-0,1
ligand20200-0,1
ligand523-0,1
ligand37411-0,1
ligand36210-0,1
ligand33409-0,1
ligand21267-0,1
ligand26331-0,1
ligand36249-0,1
ligand8687-0,1
ligand25908-0,1
ligand9760-0,1
ligand12310-0,1
ligand11771-0,1
ligand27417-0,1
ligand8839-0,1
ligand22723-0,1
ligand35245-0,1
ligand25815-0,1
ligand21188-0,1
ligand35523-0,1
ligand28469-0,1
ligand9268-0,1
ligand9949-0,1
ligand28973-0,1
ligand31784-0,1
ligand4606-0,1
ligand22916-0,1
ligand23301-0,1
ligand30156-0,1
ligand30241-0,1
ligand26310-0,1
ligand26607-0,1
ligand35164-0,1
ligand20442-0,1
ligand18628-0,1
ligand20929-0,1
ligand30647-0,1
ligand1529-0,1
ligand11650-0,1
ligand37654-0,1
ligand1097-0,1
ligand29744-0,1
ligand21677-0,1
ligand34922-0,1
ligand19702-0,1
ligand23894-0,1
ligand243-0,1
ligand25843-0,1
ligand25842-0,1
ligand27129-0,1
ligand22899-0,1
ligand19058-0,1
ligand6789-0,1
ligand34010-0,1
ligand1672-0,1
ligand6078-0,1
ligand14660-0,1
ligand33127-0,1
ligand3202-0,1
ligand3708-0,1
ligand4118-0,1
ligand20460-0,1
ligand13391-0,1
ligand25913-0,1
ligand31286-0,1
ligand28208-0,1
ligand12025-0,1
ligand540-0,1
ligand24860-0,1
ligand1131-0,1
ligand13504-0,1
ligand24787-0,1
ligand35899-0,1
ligand3886-0,1
ligand34064-0,1
ligand15705-0,1
ligand33731-0,1
ligand11127-0,1
ligand32851-0,1
ligand20000-0,1
ligand10562-0,1
ligand19802-0,1
ligand33223-0,1
ligand11168-0,1
ligand34769-0,1
ligand14698-0,1
ligand13378-0,1
ligand21064-0,1
ligand32288-0,1
ligand27554-0,1
ligand10993-0,1
ligand22622-0,1
ligand16921-0,1
ligand8494-0,1
ligand10518-0,1
ligand26263-0,1
ligand18351-0,1
ligand14450-0,1
ligand709-0,1
ligand1775-0,1
ligand7966-0,1
ligand29129-0,1
ligand11893-0,1
ligand8958-0,1
ligand22131-0,1
ligand23079-0,1
ligand25158-0,1
ligand25527-0,1
ligand21038-0,1
ligand37879-0,1
ligand18897-0,1
ligand19994-0,1
ligand16747-0,1
ligand23045-0,1
ligand729-0,1
ligand1258-0,1
ligand27762-0,1
ligand12070-0,1
ligand25910-0,1
ligand4137-0,1
ligand11858-0,1
ligand3820-0,1
ligand35944-0,1
ligand34591-0,1
ligand10640-0,1
ligand30495-0,1
ligand33435-0,1
ligand1080-0,1
ligand7293-0,1
ligand24712-0,1
ligand29947-0,1
ligand33356-0,1
ligand30520-0,1
ligand19886-0,1
ligand31233-0,1
ligand831-0,1
ligand19166-0,1
ligand29036-0,1
ligand11620-0,1
ligand16272-0,1
ligand30994-0,1
ligand27261-0,1
ligand25634-0,1
ligand33038-0,1
ligand11355-0,1
ligand18203-0,1
ligand182-0,1
ligand2966-0,1
ligand8788-0,1
ligand24992-0,1
ligand8239-0,1
ligand2282-0,1
ligand7612-0,1
ligand36575-0,1
ligand14463-0,1
ligand27370-0,1
ligand29629-0,1
ligand32532-0,1
ligand441-0,1
ligand28194-0,1
ligand19660-0,1
ligand23326-0,1
ligand17912-0,1
ligand2915-0,1
ligand31370-0,1
ligand13137-0,1
ligand37446-0,1
ligand28362-0,1
ligand5854-0,1
ligand28644-0,1
ligand30919-0,1
ligand29642-0,1
ligand3849-0,1
ligand16320-0,1
ligand8475-0,1
ligand411-0,1
ligand28110-0,1
ligand21160-0,1
ligand29121-0,1
ligand35783-0,1
ligand34400-0,1
ligand13660-0,1
ligand19611-0,1
ligand5194-1,1
ligand12055-0,1
ligand898-0,1
ligand19300-0,1
ligand14515-0,1
ligand13988-0,1
ligand27145-0,1
ligand4637-0,1
ligand38189-0,1
ligand29928-0,1
ligand15084-0,1
ligand299-0,1
ligand22074-0,1
ligand17217-0,1
ligand1860-0,1
ligand19552-0,1
ligand10200-0,1
ligand22831-0,1
ligand27629-0,1
ligand21981-0,1
ligand32373-0,1
ligand25365-0,1
ligand25717-0,1
ligand1320-0,1
ligand34507-0,1
ligand18951-0,1
ligand16968-0,1
ligand18279-0,1
ligand21980-0,1
ligand36494-0,1
ligand8479-0,1
ligand9473-0,1
ligand12844-0,1
ligand7120-0,1
ligand512-0,1
ligand16095-0,1
ligand3135-0,1
ligand22947-0,1
ligand25026-0,1
ligand16134-0,1
ligand19685-0,1
ligand30249-0,1
ligand20467-0,1
ligand14942-0,1
ligand18786-0,1
ligand2112-0,1
ligand29253-0,1
ligand36935-0,1
ligand36971-0,1
ligand18691-0,1
ligand13958-0,1
ligand12654-0,1
ligand38034-0,1
ligand8601-0,1
ligand1143-0,1
ligand23483-0,1
ligand2296-0,1
ligand19521-0,1
ligand35476-0,1
ligand33290-0,1
ligand34832-0,1
ligand21383-0,1
ligand4656-0,1
ligand17362-0,1
ligand38043-0,1
ligand2193-0,1
ligand17986-0,1
ligand14155-0,1
ligand33123-0,1
ligand22987-0,1
ligand2802-0,1
ligand21875-0,1
ligand907-0,1
ligand34780-0,1
ligand23348-0,1
ligand447-0,1
ligand28161-0,1
ligand31851-0,1
ligand29223-0,1
ligand25872-0,1
ligand11184-0,1
ligand5840-0,1
ligand2509-0,1
ligand9891-0,1
ligand31221-0,1
ligand13167-0,1
ligand37980-0,1
ligand33414-0,1
ligand2970-0,1
ligand17206-0,1
ligand20597-0,1
ligand24954-0,1
ligand2319-0,1
ligand3600-0,1
ligand15548-0,1
ligand25569-0,1
ligand28303-0,1
ligand14927-0,1
ligand7037-0,1
ligand4471-0,1
ligand33156-0,1
ligand31257-0,1
ligand29139-0,1
ligand21198-0,1
ligand37767-0,1
ligand16275-0,1
ligand1854-0,1
ligand23823-0,1
ligand20090-0,1
ligand13757-0,1
ligand3729-0,1
ligand2267-0,1
ligand14836-0,1
ligand30407-0,1
ligand1857-0,1
ligand6394-0,1
ligand28975-0,1
ligand14946-1,1
ligand22927-0,1
ligand5814-0,1
ligand19798-0,1
ligand9491-0,1
ligand17550-0,1
ligand19188-0,1
ligand4457-0,1
ligand32890-0,1
ligand17244-0,1
ligand5552-0,1
ligand5164-0,1
ligand4978-0,1
ligand18927-0,1
ligand2142-0,1
ligand11303-0,1
ligand18724-0,1
ligand22697-0,1
ligand24549-0,1
ligand17338-0,1
ligand16723-0,1
ligand508-0,1
ligand10656-0,1
ligand1799-0,1
ligand35084-0,1
ligand32922-0,1
ligand18713-0,1
ligand24020-0,1
ligand23268-0,1
ligand2345-0,1
ligand15910-0,1
ligand18530-0,1
ligand22572-0,1
ligand11718-0,1
ligand31036-0,1
ligand30334-0,1
ligand1421-0,1
ligand30559-0,1
ligand15458-0,1
ligand16099-0,1
ligand20438-0,1
ligand35133-0,1
ligand20695-0,1
ligand3946-0,1
ligand20731-0,1
ligand19329-0,1
ligand3118-0,1
ligand6952-0,1
ligand5806-0,1
ligand23478-0,1
ligand22292-0,1
ligand34055-0,1
ligand5621-0,1
ligand14004-0,1
ligand34313-0,1
ligand22094-0,1
ligand36769-0,1
ligand25739-0,1
ligand31848-0,1
ligand28235-0,1
ligand11912-0,1
ligand22739-0,1
ligand13203-0,1
ligand11968-0,1
ligand4165-0,1
ligand9511-0,1
ligand21918-0,1
ligand37796-0,1
ligand27570-0,1
ligand21639-0,1
ligand28342-0,1
ligand1993-0,1
ligand2954-0,1
ligand21718-0,1
ligand18737-0,1
ligand17970-0,1
ligand11084-0,1
ligand26652-0,1
ligand19900-0,1
ligand6894-0,1
ligand24973-0,1
ligand34984-0,1
ligand4748-0,1
ligand35606-0,1
ligand19189-0,1
ligand13027-0,1
ligand7427-0,1
ligand17818-0,1
ligand4331-0,1
ligand35279-0,1
ligand8178-0,1
ligand16925-0,1
ligand6529-0,1
ligand29829-0,1
ligand30397-0,1
ligand22543-0,1
ligand34378-0,1
ligand24631-1,1
ligand22051-0,1
ligand35081-0,1
ligand15095-0,1
ligand3482-0,1
ligand13644-0,1
ligand9360-0,1
ligand15942-0,1
ligand14014-0,1
ligand2783-0,1
ligand6652-0,1
ligand24138-0,1
ligand1111-0,1
ligand28210-0,1
ligand37487-0,1
ligand31348-0,1
ligand35840-0,1
ligand37665-0,1
ligand1533-0,1
ligand19185-0,1
ligand16942-0,1
ligand24153-0,1
ligand14891-0,1
ligand34318-0,1
ligand37576-0,1
ligand32878-0,1
ligand35311-0,1
ligand18539-0,1
ligand27150-0,1
ligand1267-0,1
ligand8156-0,1
ligand34095-0,1
ligand1461-0,1
ligand17771-0,1
ligand19741-0,1
ligand18513-0,1
ligand15856-0,1
ligand6901-0,1
ligand19577-0,1
ligand38035-0,1
ligand28564-0,1
ligand27235-0,1
ligand12876-0,1
ligand7263-0,1
ligand27491-0,1
ligand11048-0,1
ligand21100-0,1
ligand4205-0,1
ligand29368-0,1
ligand34903-0,1
ligand22812-0,1
ligand28825-0,1
ligand2279-0,1
ligand30926-0,1
ligand33476-0,1
ligand26605-0,1
ligand18702-0,1
ligand24639-0,1
ligand28435-0,1
ligand32152-0,1
ligand36501-0,1
ligand34906-0,1
ligand37525-0,1
ligand8945-0,1
ligand2669-0,1
ligand5465-0,1
ligand2575-0,1
ligand19722-0,1
ligand35948-0,1
ligand8075-0,1
ligand14783-0,1
ligand24905-0,1
ligand33710-0,1
ligand25474-0,1
ligand15560-0,1
ligand29283-0,1
ligand32164-0,1
ligand27853-1,1
ligand28041-0,1
ligand17574-0,1
ligand1916-0,1
ligand32229-0,1
ligand13839-0,1
ligand16552-0,1
ligand2370-0,1
ligand754-0,1
ligand13598-0,1
ligand12333-0,1
ligand6876-0,1
ligand27293-0,1
ligand34818-0,1
ligand37088-0,1
ligand1903-0,1
ligand24491-0,1
ligand10428-0,1
ligand35777-1,1
ligand35777-0,1
ligand15641-0,1
ligand24189-0,1
ligand25198-0,1
ligand37733-0,1
ligand33518-0,1
ligand20594-0,1
ligand9224-0,1
ligand14641-0,1
ligand3690-0,1
ligand37371-0,1
ligand566-0,1
ligand35967-0,1
ligand12847-0,1
ligand29434-0,1
ligand22236-0,1
ligand3745-0,1
ligand12097-0,1
ligand24178-0,1
ligand29500-0,1
ligand22508-0,1
ligand20250-0,1
ligand29687-0,1
ligand12462-0,1
ligand15621-0,1
ligand19160-0,1
ligand17352-0,1
ligand34664-0,1
ligand29608-0,1
ligand36737-0,1
ligand10903-0,1
ligand23580-0,1
ligand31386-0,1
ligand37478-0,1
ligand25885-0,1
ligand14622-0,1
ligand12472-0,1
ligand31967-0,1
ligand27107-0,1
ligand31833-0,1
ligand1871-0,1
ligand23261-0,1
ligand34994-0,1
ligand7691-0,1
ligand32568-0,1
ligand30359-0,1
ligand4951-0,1
ligand17768-0,1
ligand11195-0,1
ligand6357-0,1
ligand24929-0,1
ligand37010-0,1
ligand25722-0,1
ligand17960-0,1
ligand20890-0,1
ligand16020-0,1
ligand3221-0,1
ligand30496-0,1
ligand26778-0,1
ligand13724-0,1
ligand25622-0,1
ligand20415-0,1
ligand13252-0,1
ligand22995-0,1
ligand31724-0,1
ligand20781-0,1
ligand31639-0,1
ligand29440-0,1
ligand4649-0,1
ligand5704-0,1
ligand13891-0,1
ligand1751-0,1
ligand5557-0,1
ligand5556-0,1
ligand31753-0,1
ligand22203-0,1
ligand37375-0,1
ligand24819-0,1
ligand32679-0,1
ligand25761-0,1
ligand21619-0,1
ligand33906-0,1
ligand19316-0,1
ligand23747-0,1
ligand35969-0,1
ligand17769-0,1
ligand1012-0,1
ligand32864-0,1
ligand37312-0,1
ligand4221-0,1
ligand21936-0,1
ligand32945-0,1
ligand26063-0,1
ligand646-1,1
ligand13796-0,1
ligand32004-0,1
ligand24290-0,1
ligand4687-0,1
ligand18902-0,1
ligand21969-0,1
ligand335-0,1
ligand9154-0,1
ligand14734-0,1
ligand343-0,1
ligand7320-0,1
ligand13019-0,1
ligand17077-0,1
ligand2016-0,1
ligand30731-0,1
ligand10367-0,1
ligand27324-0,1
ligand25803-0,1
ligand21065-0,1
ligand36378-0,1
ligand35434-0,1
ligand1475-0,1
ligand15563-0,1
ligand3619-0,1
ligand17165-1,1
ligand27758-0,1
ligand6618-0,1
ligand16891-0,1
ligand25505-0,1
ligand14788-0,1
ligand17303-0,1
ligand17302-0,1
ligand4264-0,1
ligand22851-0,1
ligand6017-0,1
ligand1974-0,1
ligand33114-0,1
ligand32690-0,1
ligand35151-0,1
ligand16662-0,1
ligand5200-0,1
ligand2357-0,1
ligand17416-0,1
ligand8402-0,1
ligand5068-0,1
ligand37319-0,1
ligand34524-0,1
ligand27325-0,1
ligand23669-0,1
ligand4287-0,1
ligand34136-0,1
ligand37803-0,1
ligand11904-0,1
ligand503-0,1
ligand18371-0,1
ligand14279-1,1
ligand21715-0,1
ligand29356-0,1
ligand1112-0,1
ligand30375-0,1
ligand22319-0,1
ligand27660-0,1
ligand10229-0,1
ligand2241-0,1
ligand14459-0,1
ligand37462-0,1
ligand2955-0,1
ligand22763-0,1
ligand26656-0,1
ligand2325-0,1
ligand23212-0,1
ligand15492-0,1
ligand22188-0,1
ligand8992-0,1
ligand25285-0,1
ligand24912-0,1
ligand1792-0,1
ligand35664-0,1
ligand14171-0,1
ligand32715-0,1
ligand24298-0,1
ligand38245-0,1
ligand21250-0,1
ligand22359-0,1
ligand1339-0,1
ligand18827-0,1
ligand2131-0,1
ligand17841-0,1
ligand35938-0,1
ligand11739-0,1
ligand4411-0,1
ligand19331-0,1
ligand21270-0,1
ligand4916-0,1
ligand25364-0,1
ligand3494-0,1
ligand8429-0,1
ligand10750-0,1
ligand25705-0,1
ligand32684-0,1
ligand38296-0,1
ligand9665-0,1
ligand19932-0,1
ligand26427-0,1
ligand24040-0,1
ligand1944-0,1
ligand16547-0,1
ligand7618-0,1
ligand4803-0,1
ligand7568-0,1
ligand26279-0,1
ligand14901-0,1
ligand28923-0,1
ligand36635-0,1
ligand18016-0,1
ligand8675-0,1
ligand8852-0,1
ligand28024-0,1
ligand2264-0,1
ligand22983-0,1
ligand12247-1,1
ligand554-0,1
ligand32197-0,1
ligand29108-0,1
ligand7305-0,1
ligand36315-0,1
ligand32209-0,1
ligand23513-0,1
ligand11151-0,1
ligand24278-0,1
ligand402-0,1
ligand36160-0,1
ligand17365-0,1
ligand4494-0,1
ligand15020-0,1
ligand25576-0,1
ligand24739-0,1
ligand24738-0,1
ligand32897-0,1
ligand7602-0,1
ligand38203-0,1
ligand18508-0,1
ligand35447-0,1
ligand23558-0,1
ligand33597-0,1
ligand25039-0,1
ligand30783-0,1
ligand32332-0,1
ligand6554-0,1
ligand11370-0,1
ligand8606-0,1
ligand31057-0,1
ligand933-0,1
ligand28998-0,1
ligand17412-0,1
ligand34542-0,1
ligand28345-0,1
ligand6679-0,1
ligand29678-0,1
ligand29677-0,1
ligand34394-0,1
ligand5000-0,1
ligand619-0,1
ligand30181-0,1
ligand1152-0,1
ligand12291-0,1
ligand23708-0,1
ligand12319-0,1
ligand33802-0,1
ligand1539-0,1
ligand24541-0,1
ligand23308-0,1
ligand8067-0,1
ligand27186-0,1
ligand24963-0,1
ligand15573-0,1
ligand7692-0,1
ligand3329-0,1
ligand34376-0,1
ligand29122-0,1
ligand18160-0,1
ligand21397-0,1
ligand4664-0,1
ligand18856-0,1
ligand18031-0,1
ligand25105-0,1
ligand16835-0,1
ligand16324-0,1
ligand36471-0,1
ligand31806-0,1
ligand33817-0,1
ligand29610-0,1
ligand20193-0,1
ligand9093-0,1
ligand8890-0,1
ligand1389-0,1
ligand10865-0,1
ligand34611-0,1
ligand36861-0,1
ligand28990-0,1
ligand84-0,1
ligand3267-0,1
ligand34367-0,1
ligand13230-0,1
ligand573-0,1
ligand16444-0,1
ligand30332-0,1
ligand24182-0,1
ligand3949-0,1
ligand29773-0,1
ligand6301-0,1
ligand11720-0,1
ligand12212-1,1
ligand33656-0,1
ligand3885-0,1
ligand35599-0,1
ligand2098-0,1
ligand23656-0,1
ligand30656-0,1
ligand13392-0,1
ligand22424-0,1
ligand32101-0,1
ligand8274-0,1
ligand11632-0,1
ligand11632-1,1
ligand34040-0,1
ligand1905-0,1
ligand5178-0,1
ligand19740-0,1
ligand1761-1,1
ligand1788-0,1
ligand11420-0,1
ligand34343-0,1
ligand37189-0,1
ligand4227-0,1
ligand8285-0,1
ligand2829-0,1
ligand2431-0,1
ligand20577-0,1
ligand14099-0,1
ligand28751-0,1
ligand23988-0,1
ligand951-0,1
ligand15544-0,1
ligand30529-0,1
ligand18305-0,1
ligand7082-0,1
ligand599-0,1
ligand29265-0,1
ligand20833-0,1
ligand33147-0,1
ligand1694-0,1
ligand22840-0,1
ligand27521-0,1
ligand18378-0,1
ligand17940-0,1
ligand34914-0,1
ligand1277-0,1
ligand3087-0,1
ligand6600-0,1
ligand32717-0,1
ligand32886-0,1
ligand26618-0,1
ligand35411-0,1
ligand35342-0,1
ligand9959-0,1
ligand2978-0,1
ligand30043-0,1
ligand10305-0,1
ligand32522-0,1
ligand31065-0,1
ligand5769-0,1
ligand32888-0,1
ligand15787-0,1
ligand15981-0,1
ligand13938-0,1
ligand25428-0,1
ligand14920-0,1
ligand4198-0,1
ligand29289-0,1
ligand36844-0,1
ligand9440-0,1
ligand11352-0,1
ligand20071-0,1
ligand203-0,1
ligand176-0,1
ligand17779-0,1
ligand13361-0,1
ligand15408-0,1
ligand15543-0,1
ligand18250-0,1
ligand21140-0,1
ligand2349-0,1
ligand27528-0,1
ligand12548-0,1
ligand26618-1,1
ligand25630-0,1
ligand11161-0,1
ligand25962-0,1
ligand11283-0,1
ligand37284-0,1
ligand11606-0,1
ligand23572-0,1
ligand14685-0,1
ligand30607-0,1
ligand1361-0,1
ligand38304-0,1
ligand12551-0,1
ligand12550-0,1
ligand19863-0,1
ligand19755-0,1
ligand13984-0,1
ligand13846-0,1
ligand33052-0,1
ligand5174-0,1
ligand29281-0,1
ligand16443-0,1
ligand26103-0,1
ligand26889-0,1
ligand5043-0,1
ligand12337-0,1
ligand38233-0,1
ligand33326-0,1
ligand4335-0,1
ligand25625-0,1
ligand26943-0,1
ligand11879-0,1
ligand32490-0,1
ligand8920-0,1
ligand4958-0,1
ligand23306-0,1
ligand17037-0,1
ligand24082-0,1
ligand20091-0,1
ligand1728-0,1
ligand2369-0,1
ligand23727-0,1
ligand38302-0,1
ligand8765-0,1
ligand28745-0,1
ligand10069-0,1
ligand6771-0,1
ligand24504-0,1
ligand24985-0,1
ligand34177-1,1
ligand35086-0,1
ligand37355-0,1
ligand21746-0,1
ligand1043-0,1
ligand34128-0,1
ligand36534-0,1
ligand6784-0,1
ligand6562-0,1
ligand13577-0,1
ligand16742-0,1
ligand17304-0,1
ligand20125-0,1
ligand31858-0,1
ligand9578-0,1
ligand32778-0,1
ligand17097-0,1
ligand22246-0,1
ligand12483-0,1
ligand23856-0,1
ligand11716-0,1
ligand6870-0,1
ligand27741-0,1
ligand3355-0,1
ligand15936-0,1
ligand30072-0,1
ligand8378-0,1
ligand11133-0,1
ligand24180-0,1
ligand13545-0,1
ligand2515-0,1
ligand18025-0,1
ligand30902-0,1
ligand38211-0,1
ligand11618-0,1
ligand7872-0,1
ligand36790-0,1
ligand17787-0,1
ligand18323-0,1
ligand11918-0,1
ligand29849-0,1
ligand37701-0,1
ligand23586-0,1
ligand15105-0,1
ligand20717-0,1
ligand28863-0,1
ligand30131-0,1
ligand2537-0,1
ligand3763-0,1
ligand3343-0,1
ligand38253-0,1
ligand36252-0,1
ligand11482-0,1
ligand2239-0,1
ligand7291-0,1
ligand27137-0,1
ligand33885-0,1
ligand119-0,1
ligand22401-0,1
ligand16025-0,1
ligand5357-0,1
ligand20029-0,1
ligand13345-0,1
ligand37944-0,1
ligand24913-0,1
ligand30997-0,1
ligand19718-0,1
ligand10973-0,1
ligand31681-0,1
ligand28371-0,1
ligand8033-0,1
ligand8673-0,1
ligand35051-0,1
ligand16830-0,1
ligand17107-0,1
ligand30856-0,1
ligand24512-0,1
ligand9239-0,1
ligand12254-0,1
ligand653-0,1
ligand11235-0,1
ligand31392-0,1
ligand28811-0,1
ligand29776-0,1
ligand33924-0,1
ligand15575-0,1
ligand8872-0,1
ligand2366-0,1
ligand21808-0,1
ligand239-0,1
ligand33955-0,1
ligand2356-0,1
ligand4517-0,1
ligand2734-0,1
ligand1642-0,1
ligand26317-0,1
ligand9986-0,1
ligand7136-0,1
ligand27860-0,1
ligand37726-0,1
ligand35638-0,1
ligand6233-0,1
ligand7518-0,1
ligand38237-0,1
ligand14277-0,1
ligand17971-0,1
ligand32067-0,1
ligand10003-0,1
ligand5565-0,1
ligand35997-0,1
ligand4200-0,1
ligand16900-0,1
ligand33528-0,1
ligand28039-0,1
ligand28967-0,1
ligand14371-0,1
ligand31043-0,1
ligand10252-0,1
ligand25986-0,1
ligand13001-0,1
ligand10709-0,1
ligand17246-0,1
ligand6191-0,1
ligand9874-0,1
ligand2384-0,1
ligand5231-0,1
ligand21018-0,1
ligand23394-0,1
ligand10783-0,1
ligand325-0,1
ligand3830-0,1
ligand5186-0,1
ligand2344-0,1
ligand17556-0,1
ligand19001-0,1
ligand20483-0,1
ligand36725-0,1
ligand32524-0,1
ligand24265-0,1
ligand31917-0,1
ligand13523-0,1
ligand4075-0,1
ligand23162-0,1
ligand14292-0,1
ligand1063-0,1
ligand24296-0,1
ligand18284-0,1
ligand31450-0,1
ligand38015-0,1
ligand35097-0,1
ligand3994-0,1
ligand34344-0,1
ligand5960-0,1
ligand13204-0,1
ligand13074-0,1
ligand34223-0,1
ligand35758-0,1
ligand476-0,1
ligand37476-0,1
ligand27959-0,1
ligand11163-1,1
ligand10717-0,1
ligand23313-0,1
ligand4097-0,1
ligand11214-0,1
ligand7343-0,1
ligand37341-0,1
ligand31814-0,1
ligand6769-0,1
ligand29782-0,1
ligand1491-0,1
ligand3865-0,1
ligand1980-0,1
ligand25156-0,1
ligand1107-0,1
ligand7012-0,1
ligand13347-0,1
ligand25358-0,1
ligand33673-0,1
ligand20141-0,1
ligand32570-0,1
ligand26803-0,1
ligand5335-0,1
ligand24655-0,1
ligand17850-0,1
ligand36063-0,1
ligand10952-0,1
ligand25632-0,1
ligand11109-0,1
ligand8572-0,1
ligand20541-0,1
ligand5010-0,1
ligand20322-0,1
ligand7066-0,1
ligand23547-0,1
ligand6557-0,1
ligand1711-1,1
ligand26707-0,1
ligand35905-0,1
ligand2497-0,1
ligand5735-0,1
ligand8246-0,1
ligand18959-0,1
ligand17411-0,1
ligand26706-0,1
ligand26243-0,1
ligand116-0,1
ligand9928-0,1
ligand10202-0,1
ligand18008-0,1
ligand17707-0,1
ligand34690-0,1
ligand25029-0,1
ligand30095-0,1
ligand24242-0,1
ligand1094-0,1
ligand14094-0,1
ligand32319-0,1
ligand20135-0,1
ligand1858-0,1
ligand1760-0,1
ligand9835-0,1
ligand34446-0,1
ligand10031-0,1
ligand9769-0,1
ligand19560-0,1
ligand29956-0,1
ligand22038-0,1
ligand23875-0,1
ligand25639-0,1
ligand35954-0,1
ligand30212-0,1
ligand37146-0,1
ligand1255-0,1
ligand33063-0,1
ligand3034-0,1
ligand3034-1,1
ligand29478-0,1
ligand26723-0,1
ligand1102-0,1
ligand35812-0,1
ligand4648-0,1
ligand27621-0,1
ligand14437-0,1
ligand18797-0,1
ligand778-0,1
ligand35484-0,1
ligand35978-0,1
ligand15198-0,1
ligand23430-0,1
ligand27711-0,1
ligand6495-0,1
ligand13968-0,1
ligand6612-0,1
ligand1372-0,1
ligand9236-0,1
ligand34692-0,1
ligand26863-0,1
ligand1587-0,1
ligand16301-0,1
ligand14991-0,1
ligand3138-0,1
ligand34708-0,1
ligand33402-0,1
ligand13851-0,1
ligand22683-0,1
ligand26766-0,1
ligand6505-0,1
ligand4368-0,1
ligand33785-0,1
ligand4272-0,1
ligand399-0,1
ligand27707-0,1
ligand33746-0,1
ligand24367-0,1
ligand5077-0,1
ligand37844-0,1
ligand21256-0,1
ligand20775-0,1
ligand33133-0,1
ligand34322-0,1
ligand9282-0,1
ligand12447-0,1
ligand11976-0,1
ligand5171-0,1
ligand10842-0,1
ligand38286-0,1
ligand11885-0,1
ligand32349-0,1
ligand32172-0,1
ligand18101-0,1
ligand22581-0,1
ligand32978-0,1
ligand16209-0,1
ligand28589-0,1
ligand35048-0,1
ligand4063-0,1
ligand35061-0,1
ligand4120-0,1
ligand1441-0,1
ligand248-0,1
ligand8604-0,1
ligand32747-0,1
ligand15206-0,1
ligand36716-0,1
ligand2771-0,1
ligand6059-0,1
ligand15850-0,1
ligand4834-0,1
ligand19973-0,1
ligand21412-0,1
ligand5165-0,1
ligand32848-0,1
ligand2031-0,1
ligand7186-0,1
ligand24006-0,1
ligand6289-0,1
ligand9438-0,1
ligand26979-0,1
ligand22092-0,1
ligand25602-0,1
ligand17640-0,1
ligand33426-0,1
ligand32477-0,1
ligand35772-0,1
ligand27734-0,1
ligand26615-0,1
ligand16492-0,1
ligand12125-0,1
ligand24428-0,1
ligand8678-0,1
ligand9345-0,1
ligand28673-0,1
ligand24314-0,1
ligand7767-0,1
ligand35992-0,1
ligand25104-0,1
ligand16939-0,1
ligand26366-0,1
ligand6229-0,1
ligand117-0,1
ligand698-0,1
ligand23625-0,1
ligand26485-0,1
ligand6814-0,1
ligand25253-0,1
ligand37434-0,1
ligand10645-0,1
ligand10364-0,1
ligand1207-0,1
ligand35445-0,1
ligand6965-0,1
ligand13026-0,1
ligand18442-0,1
ligand27359-0,1
ligand33587-0,1
ligand20881-0,1
ligand622-0,1
ligand5703-0,1
ligand22540-0,1
ligand35497-0,1
ligand11959-0,1
ligand16386-0,1
ligand29056-0,1
ligand14907-0,1
ligand36538-0,1
ligand26007-0,1
ligand32237-0,1
ligand5514-0,1
ligand21578-0,1
ligand740-0,1
ligand37705-0,1
ligand8896-0,1
ligand9999-0,1
ligand36061-0,1
ligand26471-0,1
ligand12645-0,1
ligand13904-0,1
ligand13121-0,1
ligand26226-0,1
ligand18449-0,1
ligand15217-0,1
ligand24803-0,1
ligand2005-0,1
ligand2930-0,1
ligand22438-0,1
ligand31605-0,1
ligand21118-0,1
ligand22647-0,1
ligand35567-0,1
ligand15745-0,1
ligand16971-0,1
ligand22978-0,1
ligand11010-0,1
ligand11009-0,1
ligand29304-0,1
ligand11070-1,1
ligand21806-0,1
ligand2276-0,1
ligand250-0,1
ligand17898-0,1
ligand37718-0,1
ligand24130-0,1
ligand10999-0,1
ligand10766-0,1
ligand33973-0,1
ligand6722-0,1
ligand5212-0,1
ligand9478-0,1
ligand36457-0,1
ligand220-0,1
ligand23381-0,1
ligand29392-0,1
ligand11646-0,1
ligand38045-0,1
ligand23812-0,1
ligand25773-0,1
ligand4006-0,1
ligand32385-0,1
ligand13956-0,1
ligand1162-0,1
ligand8097-0,1
ligand25210-0,1
ligand9794-0,1
ligand30421-0,1
ligand16489-0,1
ligand16892-0,1
ligand2745-0,1
ligand33758-0,1
ligand5945-0,1
ligand22172-0,1
ligand12701-0,1
ligand37778-0,1
ligand1193-0,1
ligand7142-0,1
ligand26695-0,1
ligand28346-0,1
ligand34273-0,1
ligand30347-0,1
ligand3252-0,1
ligand12109-0,1
ligand11877-0,1
ligand4100-0,1
ligand527-0,1
ligand33351-0,1
ligand29090-0,1
ligand22981-0,1
ligand17567-0,1
ligand21906-0,1
ligand25050-0,1
ligand111-0,1
ligand12003-0,1
ligand31455-0,1
ligand32099-0,1
ligand24835-0,1
ligand16486-0,1
ligand22414-0,1
ligand19320-0,1
ligand1129-0,1
ligand18129-0,1
ligand34432-0,1
ligand26432-0,1
ligand32951-0,1
ligand33488-0,1
ligand13789-0,1
ligand991-0,1
ligand37445-0,1
ligand5673-0,1
ligand16986-0,1
ligand32519-0,1
ligand5985-0,1
ligand20776-0,1
ligand19367-0,1
ligand5752-0,1
ligand12192-0,1
ligand18745-0,1
ligand8143-0,1
ligand36271-0,1
ligand2436-0,1
ligand14138-0,1
ligand36348-0,1
ligand18092-0,1
ligand36801-0,1
ligand9148-0,1
ligand11407-0,1
ligand1534-0,1
ligand11051-0,1
ligand21679-0,1
ligand26694-0,1
ligand15313-0,1
ligand1952-0,1
ligand15816-0,1
ligand6306-0,1
ligand34721-0,1
ligand6895-1,1
ligand13160-0,1
ligand20358-0,1
ligand36127-0,1
ligand2076-0,1
ligand33391-0,1
ligand35936-0,1
ligand17004-0,1
ligand27576-0,1
ligand37674-0,1
ligand12329-0,1
ligand7368-0,1
ligand30059-0,1
ligand6032-0,1
ligand14140-0,1
ligand5391-0,1
ligand29405-0,1
ligand31231-0,1
ligand1579-0,1
ligand21767-0,1
ligand31544-0,1
ligand17539-0,1
ligand7266-0,1
ligand18386-0,1
ligand31947-0,1
ligand5533-0,1
ligand21628-0,1
ligand3889-0,1
ligand34124-0,1
ligand601-0,1
ligand37440-0,1
ligand30364-0,1
ligand37774-0,1
ligand27889-0,1
ligand3509-0,1
ligand5740-0,1
ligand25121-0,1
ligand36556-0,1
ligand28842-0,1
ligand28854-0,1
ligand27221-0,1
ligand4933-0,1
ligand18108-0,1
ligand7580-0,1
ligand6785-0,1
ligand37080-0,1
ligand9612-0,1
ligand31803-0,1
ligand19260-0,1
ligand1415-0,1
ligand36397-0,1
ligand2427-0,1
ligand5026-0,1
ligand25060-0,1
ligand34287-0,1
ligand33234-0,1
ligand538-0,1
ligand13212-0,1
ligand32824-0,1
ligand29140-0,1
ligand5888-0,1
ligand23565-0,1
ligand1452-0,1
ligand20792-0,1
ligand15164-0,1
ligand1334-0,1
ligand4966-0,1
ligand24210-0,1
ligand36740-0,1
ligand30074-0,1
ligand35259-0,1
ligand13736-0,1
ligand13029-0,1
ligand14148-0,1
ligand9505-0,1
ligand13143-0,1
ligand27517-0,1
ligand23012-0,1
ligand9590-0,1
ligand16752-0,1
ligand17920-0,1
ligand18150-0,1
ligand14865-0,1
ligand37824-0,1
ligand28516-0,1
ligand29372-0,1
ligand37481-0,1
ligand22626-0,1
ligand33642-0,1
ligand18161-0,1
ligand25580-0,1
ligand23936-0,1
ligand16233-0,1
ligand29240-0,1
ligand7957-0,1
ligand17730-0,1
ligand21540-0,1
ligand21016-0,1
ligand762-0,1
ligand1920-0,1
ligand37649-0,1
ligand26351-0,1
ligand15500-0,1
ligand12180-1,1
ligand6332-0,1
ligand32538-0,1
ligand15106-0,1
ligand8086-0,1
ligand31136-0,1
ligand7465-0,1
ligand1712-0,1
ligand23495-0,1
ligand2794-0,1
ligand17263-0,1
ligand29619-0,1
ligand6057-0,1
ligand15219-0,1
ligand19849-0,1
ligand28826-0,1
ligand23597-0,1
ligand7871-0,1
ligand34153-0,1
ligand18164-0,1
ligand11065-0,1
ligand21690-0,1
ligand36821-0,1
ligand3328-0,1
ligand25975-0,1
ligand4941-0,1
ligand3556-0,1
ligand27525-0,1
ligand32814-0,1
ligand8138-0,1
ligand18007-0,1
ligand13892-0,1
ligand22813-0,1
ligand12387-0,1
ligand14265-0,1
ligand37057-0,1
ligand37056-0,1
ligand9280-0,1
ligand17128-0,1
ligand3037-0,1
ligand10810-0,1
ligand10914-0,1
ligand36360-0,1
ligand18698-0,1
ligand26733-0,1
ligand16679-0,1
ligand10610-0,1
ligand32667-0,1
ligand9761-0,1
ligand10039-0,1
ligand18881-0,1
ligand18669-0,1
ligand35255-0,1
ligand1349-0,1
ligand31588-0,1
ligand13098-0,1
ligand36516-0,1
ligand16066-0,1
ligand1796-0,1
ligand9988-0,1
ligand11134-0,1
ligand14037-0,1
ligand1560-0,1
ligand30891-0,1
ligand9807-0,1
ligand17891-0,1
ligand8027-0,1
ligand33375-0,1
ligand33374-0,1
ligand25138-0,1
ligand32738-0,1
ligand11070-0,1
ligand24580-0,1
ligand32869-0,1
ligand7190-0,1
ligand35419-0,1
ligand21467-0,1
ligand3190-0,1
ligand37484-0,1
ligand8898-0,1
ligand29238-0,1
ligand9719-0,1
ligand20814-0,1
ligand29517-0,1
ligand28701-0,1
ligand20171-0,1
ligand13564-0,1
ligand16187-0,1
ligand33678-0,1
ligand1326-0,1
ligand9447-0,1
ligand7529-0,1
ligand313-0,1
ligand26878-0,1
ligand32748-0,1
ligand13061-0,1
ligand27211-0,1
ligand27210-0,1
ligand5112-0,1
ligand960-0,1
ligand21222-0,1
ligand28712-0,1
ligand18010-0,1
ligand17489-0,1
ligand30195-0,1
ligand15612-0,1
ligand38108-0,1
ligand6821-0,1
ligand17371-0,1
ligand3233-0,1
ligand1778-0,1
ligand26483-0,1
ligand20022-0,1
ligand7501-0,1
ligand9075-0,1
ligand7029-0,1
ligand1104-0,1
ligand33620-0,1
ligand24788-0,1
ligand13730-0,1
ligand4373-0,1
ligand31215-0,1
ligand5039-0,1
ligand1664-0,1
ligand1885-0,1
ligand21006-0,1
ligand9780-0,1
ligand23919-0,1
ligand32499-0,1
ligand19358-0,1
ligand33210-0,1
ligand20909-0,1
ligand33103-0,1
ligand10579-0,1
ligand596-0,1
ligand10112-0,1
ligand19947-0,1
ligand32354-0,1
ligand862-0,1
ligand24018-0,1
ligand920-0,1
ligand16608-0,1
ligand32633-0,1
ligand31936-0,1
ligand16949-0,1
ligand20105-0,1
ligand14774-0,1
ligand7152-0,1
ligand10646-0,1
ligand34441-0,1
ligand37412-0,1
ligand23347-0,1
ligand12503-0,1
ligand223-0,1
ligand1210-0,1
ligand16454-0,1
ligand13628-0,1
ligand4549-0,1
ligand16451-0,1
ligand33541-0,1
ligand38291-0,1
ligand11299-0,1
ligand30940-0,1
ligand37439-0,1
ligand31813-0,1
ligand29634-0,1
ligand445-0,1
ligand5088-0,1
ligand31738-0,1
ligand18177-0,1
ligand16551-0,1
ligand19458-0,1
ligand30363-0,1
ligand14078-0,1
ligand27422-0,1
ligand30344-0,1
ligand37162-0,1
ligand11931-0,1
ligand1497-0,1
ligand28000-0,1
ligand29547-0,1
ligand29236-0,1
ligand19104-0,1
ligand20465-0,1
ligand27586-0,1
ligand27127-0,1
ligand5390-0,1
ligand13234-0,1
ligand30293-0,1
ligand13016-0,1
ligand6373-0,1
ligand19807-0,1
ligand35600-0,1
ligand29276-0,1
ligand20780-0,1
ligand17169-0,1
ligand28934-0,1
ligand13395-0,1
ligand15879-0,1
ligand5683-0,1
ligand7714-0,1
ligand9935-0,1
ligand1224-0,1
ligand19319-0,1
ligand25339-0,1
ligand24726-0,1
ligand20861-0,1
ligand8759-0,1
ligand35383-0,1
ligand24190-0,1
ligand10543-0,1
ligand9912-0,1
ligand1048-0,1
ligand9139-0,1
ligand21709-0,1
ligand5351-0,1
ligand5865-0,1
ligand20977-0,1
ligand25137-0,1
ligand21021-0,1
ligand12125-1,1
ligand37356-0,1
ligand5456-0,1
ligand10136-0,1
ligand18744-0,1
ligand31399-0,1
ligand12367-0,1
ligand5755-0,1
ligand25680-0,1
ligand14492-0,1
ligand9930-0,1
ligand9621-0,1
ligand13687-0,1
ligand9181-0,1
ligand8910-0,1
ligand16808-0,1
ligand2102-0,1
ligand3665-0,1
ligand25589-0,1
ligand14426-0,1
ligand2329-0,1
ligand1032-0,1
ligand11746-0,1
ligand11745-0,1
ligand20356-0,1
ligand22295-0,1
ligand37814-0,1
ligand25153-1,1
ligand16705-0,1
ligand29476-0,1
ligand13276-0,1
ligand17588-0,1
ligand5619-0,1
ligand28271-0,1
ligand27979-0,1
ligand20070-0,1
ligand8812-0,1
ligand1231-0,1
ligand2262-0,1
ligand10301-0,1
ligand22528-0,1
ligand19490-0,1
ligand1956-0,1
ligand2468-0,1
ligand10132-0,1
ligand567-0,1
ligand3145-0,1
ligand15649-0,1
ligand4194-0,1
ligand26076-0,1
ligand10819-0,1
ligand37342-0,1
ligand4547-0,1
ligand25094-0,1
ligand12660-0,1
ligand15364-0,1
ligand20753-0,1
ligand35461-0,1
ligand12771-0,1
ligand3787-0,1
ligand8367-0,1
ligand4361-0,1
ligand27916-0,1
ligand4360-0,1
ligand32306-0,1
ligand3151-0,1
ligand23454-0,1
ligand14389-0,1
ligand33637-0,1
ligand32399-0,1
ligand3543-0,1
ligand35215-0,1
ligand20498-0,1
ligand1504-0,1
ligand25056-0,1
ligand10853-0,1
ligand37065-0,1
ligand26404-0,1
ligand37269-0,1
ligand19836-0,1
ligand6429-0,1
ligand13581-0,1
ligand7331-0,1
ligand21413-0,1
ligand13526-0,1
ligand28328-0,1
ligand32931-0,1
ligand29529-0,1
ligand21382-0,1
ligand2211-0,1
ligand21288-0,1
ligand26719-0,1
ligand9838-0,1
ligand294-0,1
ligand2671-0,1
ligand33189-0,1
ligand23942-0,1
ligand20475-0,1
ligand9434-0,1
ligand2899-0,1
ligand11602-0,1
ligand9330-0,1
ligand11358-0,1
ligand30006-0,1
ligand34399-0,1
ligand6563-0,1
ligand14881-0,1
ligand30413-0,1
ligand35453-0,1
ligand17349-0,1
ligand9593-0,1
ligand33736-0,1
ligand2606-0,1
ligand26179-0,1
ligand9955-0,1
ligand36761-0,1
ligand36912-0,1
ligand17634-0,1
ligand4328-0,1
ligand28014-0,1
ligand24743-0,1
ligand24546-0,1
ligand2110-0,1
ligand4609-0,1
ligand5142-0,1
ligand2616-0,1
ligand7522-0,1
ligand6296-0,1
ligand4583-0,1
ligand23849-0,1
ligand8123-0,1
ligand33705-0,1
ligand31015-0,1
ligand5273-0,1
ligand25713-0,1
ligand34775-0,1
ligand32647-0,1
ligand4277-0,1
ligand7268-0,1
ligand36152-0,1
ligand36841-0,1
ligand31089-0,1
ligand37820-0,1
ligand34927-0,1
ligand26789-0,1
ligand31578-0,1
ligand28287-0,1
ligand19801-0,1
ligand26144-0,1
ligand37732-0,1
ligand29556-0,1
ligand30796-0,1
ligand26170-0,1
ligand27120-0,1
ligand17393-0,1
ligand17271-0,1
ligand8535-0,1
ligand29904-0,1
ligand19273-0,1
ligand23985-0,1
ligand97-0,1
ligand32628-0,1
ligand10216-0,1
ligand28352-0,1
ligand37841-0,1
ligand4947-0,1
ligand15760-0,1
ligand6973-0,1
ligand511-0,1
ligand8141-0,1
ligand23266-0,1
ligand6245-0,1
ligand20010-0,1
ligand36251-0,1
ligand8030-0,1
ligand17604-0,1
ligand19313-0,1
ligand25641-0,1
ligand4937-0,1
ligand31123-0,1
ligand9255-0,1
ligand35281-0,1
ligand36616-0,1
ligand28395-0,1
ligand19891-0,1
ligand10822-0,1
ligand5991-0,1
ligand34433-0,1
ligand4093-0,1
ligand12292-0,1
ligand26139-0,1
ligand6333-0,1
ligand4855-0,1
ligand19734-0,1
ligand9351-0,1
ligand3371-0,1
ligand1245-0,1
ligand29027-0,1
ligand26708-0,1
ligand3304-0,1
ligand35056-0,1
ligand4231-0,1
ligand9026-0,1
ligand15111-0,1
ligand14432-0,1
ligand12010-0,1
ligand13238-0,1
ligand35911-0,1
ligand28667-0,1
ligand9260-0,1
ligand6852-0,1
ligand25580-1,1
ligand6805-0,1
ligand3605-0,1
ligand16951-0,1
ligand34613-0,1
ligand11348-0,1
ligand14674-0,1
ligand19505-0,1
ligand1065-0,1
ligand23758-0,1
ligand5386-0,1
ligand21417-0,1
ligand19268-0,1
ligand34598-0,1
ligand37346-0,1
ligand32774-0,1
ligand10023-0,1
ligand9395-0,1
ligand16669-0,1
ligand33990-0,1
ligand33257-0,1
ligand18596-0,1
ligand21926-0,1
ligand9115-0,1
ligand7033-0,1
ligand3999-0,1
ligand37086-0,1
ligand16007-0,1
ligand37241-0,1
ligand30532-0,1
ligand15771-0,1
ligand815-0,1
ligand2975-0,1
ligand20884-0,1
ligand7130-0,1
ligand32286-0,1
ligand10115-0,1
ligand32230-0,1
ligand37009-0,1
ligand7091-0,1
ligand2355-0,1
ligand7682-0,1
ligand13787-0,1
ligand7496-0,1
ligand21497-0,1
ligand14451-0,1
ligand34631-0,1
ligand544-0,1
ligand18358-0,1
ligand1275-0,1
ligand11230-0,1
ligand22329-0,1
ligand7795-0,1
ligand32741-0,1
ligand15525-0,1
ligand15440-0,1
ligand1531-0,1
ligand11015-0,1
ligand17924-0,1
ligand8989-0,1
ligand6118-0,1
ligand199-0,1
ligand19397-0,1
ligand37867-0,1
ligand2165-0,1
ligand8173-0,1
ligand17008-0,1
ligand17165-0,1
ligand23177-0,1
ligand7849-0,1
ligand5079-0,1
ligand21109-0,1
ligand34359-0,1
ligand1845-0,1
ligand3796-0,1
ligand18886-0,1
ligand31394-0,1
ligand19380-0,1
ligand35356-0,1
ligand2595-0,1
ligand23654-0,1
ligand8397-0,1
ligand1865-0,1
ligand17333-0,1
ligand37930-0,1
ligand4526-0,1
ligand10777-0,1
ligand37895-0,1
ligand31700-0,1
ligand24277-0,1
ligand34510-0,1
ligand4779-0,1
ligand13286-0,1
ligand11938-0,1
ligand34819-0,1
ligand22648-0,1
ligand1433-0,1
ligand18183-0,1
ligand29288-0,1
ligand34227-0,1
ligand31035-0,1
ligand26790-0,1
ligand37886-0,1
ligand1594-0,1
ligand36860-0,1
ligand9805-0,1
ligand30833-0,1
ligand17648-0,1
ligand37691-0,1
ligand17725-0,1
ligand20985-0,1
ligand4246-0,1
ligand31453-0,1
ligand21767-1,1
ligand10324-0,1
ligand28545-0,1
ligand32379-0,1
ligand6152-0,1
ligand34288-0,1
ligand16630-0,1
ligand31433-0,1
ligand17114-0,1
ligand798-0,1
ligand32353-0,1
ligand36695-0,1
ligand6246-0,1
ligand32764-0,1
ligand30291-0,1
ligand3802-0,1
ligand4726-0,1
ligand38173-0,1
ligand32043-0,1
ligand37514-0,1
ligand10721-0,1
ligand1672-1,1
ligand940-0,1
ligand28550-0,1
ligand37769-0,1
ligand15120-0,1
ligand15051-0,1
ligand9726-0,1
ligand22022-0,1
ligand13057-0,1
ligand22251-0,1
ligand3106-0,1
ligand22775-0,1
ligand17926-0,1
ligand14910-0,1
ligand20527-0,1
ligand26235-0,1
ligand5868-0,1
ligand36394-0,1
ligand22806-0,1
ligand24055-0,1
ligand36747-0,1
ligand9645-0,1
ligand19211-0,1
ligand37382-0,1
ligand10090-0,1
ligand16900-1,1
ligand36923-0,1
ligand26590-0,1
ligand282-0,1
ligand23358-0,1
ligand3712-0,1
ligand23368-0,1
ligand27250-0,1
ligand13394-0,1
ligand2836-0,1
ligand15307-0,1
ligand11941-0,1
ligand26625-0,1
ligand21370-0,1
ligand2444-0,1
ligand4372-0,1
ligand36625-0,1
ligand4082-0,1
ligand3685-0,1
ligand20954-0,1
ligand34401-0,1
ligand29609-0,1
ligand28895-0,1
ligand21662-0,1
ligand1116-0,1
ligand36781-0,1
ligand28732-0,1
ligand9248-0,1
ligand15985-0,1
ligand18113-0,1
ligand28526-0,1
ligand20128-0,1
ligand12801-0,1
ligand11633-0,1
ligand25939-0,1
ligand23710-0,1
ligand24610-1,1
ligand33753-0,1
ligand34027-0,1
ligand4809-0,1
ligand16389-0,1
ligand14368-0,1
ligand15706-0,1
ligand27353-0,1
ligand303-0,1
ligand11201-0,1
ligand2641-0,1
ligand34823-0,1
ligand30791-0,1
ligand1637-0,1
ligand34595-0,1
ligand16763-0,1
ligand33443-0,1
ligand17620-0,1
ligand28125-0,1
ligand24003-0,1
ligand6307-0,1
ligand29700-0,1
ligand1970-0,1
ligand16882-0,1
ligand18625-0,1
ligand16409-0,1
ligand30057-0,1
ligand18680-0,1
ligand22713-0,1
ligand597-0,1
ligand8028-0,1
ligand5629-0,1
ligand32566-0,1
ligand2533-0,1
ligand33596-0,1
ligand2823-0,1
ligand13336-0,1
ligand17208-0,1
ligand1949-0,1
ligand31869-0,1
ligand9816-0,1
ligand37464-0,1
ligand6518-0,1
ligand35188-0,1
ligand2982-0,1
ligand10759-0,1
ligand34766-0,1
ligand6568-0,1
ligand31839-0,1
ligand16863-0,1
ligand31840-0,1
ligand30571-0,1
ligand36091-0,1
ligand2772-0,1
ligand27594-0,1
ligand28018-0,1
ligand113-0,1
ligand21797-0,1
ligand13811-0,1
ligand2670-0,1
ligand4917-0,1
ligand22112-0,1
ligand9982-0,1
ligand6799-0,1
ligand37899-0,1
ligand34373-0,1
ligand3218-0,1
ligand20768-0,1
ligand23146-0,1
ligand632-0,1
ligand7471-0,1
ligand24774-0,1
ligand3606-0,1
ligand1069-0,1
ligand35756-0,1
ligand14297-0,1
ligand27514-0,1
ligand11819-0,1
ligand12986-0,1
ligand19920-0,1
ligand14876-0,1
ligand23427-0,1
ligand27123-0,1
ligand33427-0,1
ligand11074-0,1
ligand9348-0,1
ligand17258-0,1
ligand16980-0,1
ligand23948-0,1
ligand16584-0,1
ligand7807-0,1
ligand9122-0,1
ligand6221-0,1
ligand10555-0,1
ligand31954-0,1
ligand6220-0,1
ligand4423-0,1
ligand20156-0,1
ligand483-0,1
ligand15546-0,1
ligand3590-0,1
ligand25989-0,1
ligand2466-0,1
ligand8485-0,1
ligand4430-0,1
ligand27294-0,1
ligand3340-0,1
ligand14863-1,1
ligand3693-0,1
ligand3274-0,1
ligand36872-0,1
ligand25515-0,1
ligand13916-0,1
ligand1776-0,1
ligand4213-0,1
ligand31970-0,1
ligand22663-0,1
ligand9465-0,1
ligand31346-0,1
ligand8169-0,1
ligand1831-0,1
ligand1786-0,1
ligand3531-0,1
ligand4232-0,1
ligand1781-0,1
ligand2816-0,1
ligand17822-0,1
ligand13538-0,1
ligand17096-0,1
ligand35477-0,1
ligand2101-0,1
ligand25193-0,1
ligand4455-0,1
ligand1643-0,1
ligand9692-0,1
ligand27067-0,1
ligand4914-0,1
ligand26666-0,1
ligand1142-0,1
ligand8412-0,1
ligand18133-0,1
ligand15437-0,1
ligand22114-0,1
ligand22218-0,1
ligand2962-0,1
ligand12538-0,1
ligand16738-0,1
ligand6564-0,1
ligand10389-0,1
ligand13772-0,1
ligand21968-0,1
ligand16751-0,1
ligand33623-0,1
ligand6163-0,1
ligand27151-0,1
ligand13932-0,1
ligand9087-0,1
ligand14547-0,1
ligand16576-0,1
ligand21258-0,1
ligand27475-0,1
ligand1619-0,1
ligand20863-0,1
ligand4991-0,1
ligand6697-0,1
ligand24895-0,1
ligand15750-0,1
ligand29349-0,1
ligand21096-0,1
ligand3832-0,1
ligand29104-0,1
ligand13531-0,1
ligand23888-0,1
ligand36060-0,1
ligand1927-0,1
ligand20724-0,1
ligand11460-0,1
ligand19009-0,1
ligand36043-0,1
ligand32394-0,1
ligand36472-0,1
ligand8039-0,1
ligand19938-0,1
ligand29168-0,1
ligand6874-0,1
ligand21602-0,1
ligand20006-0,1
ligand20837-0,1
ligand19952-0,1
ligand3864-0,1
ligand13260-0,1
ligand23150-0,1
ligand23803-0,1
ligand30620-0,1
ligand12772-0,1
ligand5841-0,1
ligand4263-0,1
ligand38218-0,1
ligand17562-0,1
ligand33395-0,1
ligand32508-0,1
ligand17974-0,1
ligand301-0,1
ligand17897-0,1
ligand25399-0,1
ligand35956-0,1
ligand393-0,1
ligand24950-0,1
ligand15571-0,1
ligand12455-0,1
ligand28658-0,1
ligand7989-0,1
ligand33355-0,1
ligand38105-0,1
ligand36181-0,1
ligand17762-0,1
ligand29401-0,1
ligand22965-0,1
ligand671-0,1
ligand16038-0,1
ligand23818-0,1
ligand32594-0,1
ligand7886-0,1
ligand24073-0,1
ligand7341-0,1
ligand30747-0,1
ligand36383-0,1
ligand4108-0,1
ligand5858-0,1
ligand29044-0,1
ligand3287-0,1
ligand6217-1,1
ligand3812-0,1
ligand16799-0,1
ligand3930-0,1
ligand28728-0,1
ligand9034-0,1
ligand9302-0,1
ligand18503-0,1
ligand8492-0,1
ligand6729-0,1
ligand32479-0,1
ligand8247-0,1
ligand959-0,1
ligand9314-0,1
ligand12855-0,1
ligand24263-0,1
ligand25912-0,1
ligand2043-0,1
ligand10500-0,1
ligand33991-0,1
ligand20033-0,1
ligand15133-0,1
ligand30170-0,1
ligand23831-0,1
ligand14410-0,1
ligand34930-0,1
ligand5900-0,1
ligand11468-0,1
ligand9938-0,1
ligand12711-0,1
ligand3527-0,1
ligand22896-0,1
ligand18396-0,1
ligand11714-0,1
ligand33142-0,1
ligand8200-0,1
ligand1260-0,1
ligand34238-0,1
ligand4872-0,1
ligand36094-0,1
ligand4871-0,1
ligand3385-0,1
ligand26633-0,1
ligand19596-0,1
ligand3565-0,1
ligand10153-0,1
ligand1605-0,1
ligand2594-0,1
ligand3412-0,1
ligand15272-0,1
ligand22621-0,1
ligand18234-0,1
ligand27717-0,1
ligand16919-0,1
ligand13025-0,1
ligand19569-0,1
ligand35889-0,1
ligand20739-0,1
ligand31557-0,1
ligand27836-0,1
ligand3390-0,1
ligand35665-0,1
ligand1538-0,1
ligand34306-0,1
ligand4788-0,1
ligand8021-0,1
ligand21585-0,1
ligand9568-0,1
ligand5230-0,1
ligand34892-0,1
ligand7318-0,1
ligand37692-0,1
ligand25584-0,1
ligand24808-0,1
ligand5492-0,1
ligand36389-0,1
ligand33506-0,1
ligand20730-0,1
ligand9917-0,1
ligand271-0,1
ligand5648-0,1
ligand8520-0,1
ligand33807-0,1
ligand1178-0,1
ligand27028-0,1
ligand26744-0,1
ligand10280-0,1
ligand7946-0,1
ligand25965-0,1
ligand34408-0,1
ligand8366-0,1
ligand33478-0,1
ligand9651-0,1
ligand3330-0,1
ligand32820-0,1
ligand3500-0,1
ligand29048-0,1
ligand4413-0,1
ligand28035-0,1
ligand35542-0,1
ligand35258-0,1
ligand25394-0,1
ligand13622-0,1
ligand10217-0,1
ligand31924-0,1
ligand31761-0,1
ligand30756-0,1
ligand5014-0,1
ligand20469-0,1
ligand7824-0,1
ligand6693-0,1
ligand763-0,1
ligand31259-0,1
ligand17795-0,1
ligand7487-0,1
ligand7546-0,1
ligand36708-0,1
ligand13957-0,1
ligand24742-0,1
ligand14667-0,1
ligand8154-0,1
ligand12589-0,1
ligand10754-0,1
ligand1585-0,1
ligand7083-0,1
ligand1066-0,1
ligand13240-0,1
ligand35831-0,1
ligand37940-0,1
ligand5715-0,1
ligand11327-0,1
ligand18356-0,1
ligand16806-0,1
ligand16053-0,1
ligand33032-0,1
ligand17651-0,1
ligand25859-0,1
ligand37915-0,1
ligand28795-0,1
ligand8174-0,1
ligand11053-0,1
ligand32442-0,1
ligand31162-0,1
ligand6944-0,1
ligand36339-0,1
ligand24128-0,1
ligand34428-0,1
ligand24518-0,1
ligand36667-0,1
ligand37470-0,1
ligand18985-0,1
ligand15950-0,1
ligand37524-0,1
ligand3070-0,1
ligand1098-0,1
ligand37191-0,1
ligand25032-0,1
ligand25054-0,1
ligand31704-0,1
ligand36962-0,1
ligand19768-0,1
ligand175-0,1
ligand24839-0,1
ligand4005-0,1
ligand24404-0,1
ligand6217-0,1
ligand657-0,1
ligand1802-0,1
ligand9801-0,1
ligand8904-0,1
ligand34522-0,1
ligand8808-0,1
ligand33242-0,1
ligand28747-0,1
ligand23185-0,1
ligand27071-0,1
ligand23109-0,1
ligand22900-0,1
ligand16497-0,1
ligand16572-0,1
ligand28958-0,1
ligand14568-0,1
ligand5105-0,1
ligand24022-0,1
ligand7440-0,1
ligand36332-0,1
ligand16240-0,1
ligand3231-0,2
ligand2987-0,2
ligand770-0,2
ligand31810-0,2
ligand9176-0,2
ligand8280-0,2
ligand13371-0,2
ligand19601-0,2
ligand21800-0,2
ligand14898-0,2
ligand6099-0,2
ligand3112-0,2
ligand33961-0,2
ligand1352-0,2
ligand11898-0,2
ligand23517-0,2
ligand22998-0,2
ligand10553-0,2
ligand5671-0,2
ligand165-0,2
ligand7666-0,2
ligand21389-0,2
ligand23745-0,2
ligand16467-0,2
ligand4848-0,2
ligand4090-0,2
ligand8113-0,2
ligand8947-0,2
ligand13272-0,2
ligand1519-0,2
ligand9563-0,2
ligand3549-0,2
ligand23351-0,2
ligand6262-0,2
ligand1115-0,2
ligand20338-0,2
ligand1011-0,2
ligand12293-0,2
ligand7151-0,2
ligand3815-0,2
ligand28806-0,2
ligand2701-0,2
ligand11550-0,2
ligand13122-0,2
ligand5734-0,2
ligand1721-0,2
ligand679-0,2
ligand4032-0,2
ligand2359-0,2
ligand11717-0,2
ligand11296-0,2
ligand513-0,2
ligand9635-0,2
ligand11080-0,2
ligand2064-0,2
ligand580-0,2
ligand19437-0,2
ligand19239-0,2
ligand15625-0,2
ligand2974-0,2
ligand7791-0,2
ligand5561-0,2
ligand17593-0,2
ligand6590-0,2
ligand29583-0,2
ligand18734-0,2
ligand3969-0,2
ligand9416-0,2
ligand1671-0,2
ligand897-0,2
ligand16100-0,2
ligand1087-0,2
ligand20714-0,2
ligand13792-0,2
ligand7187-0,2
ligand23043-0,2
ligand3644-0,2
ligand12596-0,2
ligand13727-0,2
ligand1827-0,2
ligand15123-0,2
ligand13231-0,2
ligand2393-1,2
ligand15941-0,2
ligand3071-0,2
ligand8930-0,2
ligand5365-0,2
ligand8513-0,2
ligand8218-0,2
ligand1714-0,2
ligand8511-0,2
ligand2749-0,2
ligand2414-0,2
ligand12504-0,2
ligand1938-0,2
ligand36944-0,2
ligand17399-0,2
ligand4031-0,2
ligand11593-0,2
ligand3803-0,2
ligand1837-0,2
ligand878-0,2
ligand27973-0,2
ligand9270-0,2
ligand9650-0,2
ligand10892-0,2
ligand12529-0,2
ligand11160-0,2
ligand2991-0,2
ligand1910-0,2
ligand9587-0,2
ligand1093-0,2
ligand39-0,2
ligand20393-0,2
ligand13977-0,2
ligand1356-0,2
ligand2524-0,2
ligand18830-0,2
ligand19025-0,2
ligand15501-0,2
ligand1683-0,2
ligand9420-0,2
ligand6980-0,2
ligand15559-0,2
ligand15783-0,2
ligand32866-0,2
ligand21502-0,2
ligand9800-0,2
ligand4419-1,2
ligand32065-0,2
ligand6871-0,2
ligand35870-0,2
ligand3928-0,2
ligand16403-0,2
ligand7069-0,2
ligand582-0,2
ligand6667-0,2
ligand10352-0,2
ligand1665-0,2
ligand3586-0,2
ligand1609-0,2
ligand5152-0,2
ligand1158-0,2
ligand11427-0,2
ligand5767-0,2
ligand11798-0,2
ligand18738-0,2
ligand25191-0,2
ligand10303-0,2
ligand32063-0,2
ligand694-0,2
ligand21290-0,2
ligand22743-0,2
ligand2740-0,2
ligand7325-0,2
ligand1120-0,2
ligand16193-0,2
ligand16682-0,2
ligand13726-0,2
ligand5254-0,2
ligand21573-0,2
ligand14668-0,2
ligand10016-0,2
ligand11037-0,2
ligand2789-0,2
ligand2464-0,2
ligand2549-0,2
ligand955-0,2
ligand6115-0,2
ligand101-0,2
ligand14205-0,2
ligand4142-0,2
ligand8856-0,2
ligand33000-0,2
ligand4415-0,2
ligand4601-0,2
ligand23640-0,2
ligand4955-0,2
ligand3525-0,2
ligand30315-0,2
ligand6665-0,2
ligand2728-0,2
ligand2540-0,2
ligand11672-0,2
ligand680-0,2
ligand1711-0,2
ligand16701-0,2
ligand18021-0,2
ligand12075-0,2
ligand3603-0,2
ligand5454-0,2
ligand396-0,2
ligand26484-0,2
ligand1741-0,2
ligand25273-0,2
ligand2495-0,2
ligand36387-0,2
ligand5222-0,2
ligand488-0,2
ligand23857-0,2
ligand8599-0,2
ligand3799-0,2
ligand1251-0,2
ligand9749-0,2
ligand2078-0,2
ligand2902-0,2
ligand18178-0,2
ligand3433-0,2
ligand19590-0,2
ligand631-0,2
ligand12962-0,2
ligand8658-0,2
ligand5774-0,2
ligand4487-0,2
ligand4702-0,2
ligand17400-0,2
ligand11032-0,2
ligand1918-0,2
ligand8965-0,2
ligand12958-0,2
ligand9039-0,2
ligand6119-0,2
ligand8349-0,2
ligand9809-0,2
ligand24813-0,2
ligand5976-0,2
ligand12076-0,2
ligand20716-0,2
ligand2889-0,2
ligand20740-0,2
ligand32707-0,2
ligand20870-0,2
ligand13580-0,2
ligand1050-0,2
ligand163-0,2
ligand2189-0,2
ligand24682-0,2
ligand2558-0,2
ligand834-0,2
ligand9080-0,2
ligand28115-0,2
ligand1630-0,2
ligand3649-0,2
ligand1327-0,2
ligand8509-0,2
ligand778-1,2
ligand10746-0,2
ligand20064-0,2
ligand305-0,2
ligand12377-0,2
ligand3239-0,2
ligand18242-0,2
ligand9968-0,2
ligand15345-0,2
ligand21944-0,2
ligand3870-0,2
ligand9324-0,2
ligand3035-0,2
ligand2688-0,2
ligand1572-0,2
ligand957-0,2
ligand5524-0,2
ligand228-0,2
ligand5658-0,2
ligand12187-0,2
ligand12554-0,2
ligand13179-0,2
ligand7788-0,2
ligand6129-0,2
ligand5916-0,2
ligand16250-0,2
ligand28861-0,2
ligand5190-0,2
ligand26238-0,2
ligand1333-0,2
ligand547-0,2
ligand13119-0,2
ligand2582-0,2
ligand6143-0,2
ligand5350-0,2
ligand17584-0,2
ligand1188-0,2
ligand5242-0,2
ligand10189-0,2
ligand1836-0,2
ligand564-0,2
ligand289-0,2
ligand4895-0,2
ligand10799-0,2
ligand2045-0,2
ligand20297-0,2
ligand34947-0,2
ligand2744-0,2
ligand11600-0,2
ligand24124-0,2
ligand45-0,2
ligand690-0,2
ligand12262-0,2
ligand8311-0,2
ligand14849-0,2
ligand2443-0,2
ligand1809-0,2
ligand7799-0,2
ligand11882-0,2
ligand25192-0,2
ligand2406-0,2
ligand14279-0,2
ligand3592-0,2
ligand18409-0,2
ligand472-0,2
ligand2445-0,2
ligand6372-0,2
ligand8634-0,2
ligand29322-0,2
ligand14058-0,2
ligand12992-0,2
ligand9834-0,2
ligand23102-0,2
ligand22708-0,2
ligand4156-0,2
ligand9458-0,2
ligand5785-0,2
ligand14541-0,2
ligand4814-0,2
ligand5118-0,2
ligand20706-0,2
ligand14897-0,2
ligand1213-0,3
ligand734-0,3
ligand6603-0,3
ligand2164-0,3
ligand1722-0,3
ligand3356-0,3
ligand695-0,3
ligand14-0,3
ligand4998-0,3
ligand15271-0,3
ligand1370-0,3
ligand3246-0,3
ligand2234-0,3
ligand1292-0,3
ligand353-0,3
ligand64-0,3
ligand4364-0,3
ligand29389-0,3
ligand689-0,3
ligand14023-0,3
ligand7825-0,3
ligand990-0,3
ligand593-0,3
ligand426-0,3
ligand330-0,3
ligand2360-0,3
ligand858-0,3
ligand9864-0,3
ligand15628-0,3
ligand9547-0,3
ligand777-0,3
ligand15368-0,3
ligand274-0,3
ligand860-0,3
ligand8101-0,3
ligand2014-0,3
ligand1249-0,3
ligand1474-0,3
ligand25248-0,3
ligand2148-0,3
ligand1218-0,3
ligand9764-0,3
ligand24330-0,3
ligand1174-0,3
ligand26876-0,3
ligand2395-0,3
ligand2200-0,3
ligand3299-0,3
ligand2015-0,3
ligand11766-0,3
ligand65-0,3
ligand2719-0,3
ligand297-0,3
ligand4614-0,3
ligand6911-0,3
ligand14429-0,3
ligand8943-0,3
ligand14553-0,3
ligand4771-0,3
ligand568-0,3
ligand530-0,3
ligand6791-0,3
ligand883-0,3
ligand20369-0,3
ligand11926-0,3
ligand12236-0,3
ligand3842-0,3
ligand10815-0,3
ligand9179-0,3
ligand6906-0,3
ligand1425-0,3
ligand16466-0,3
ligand1782-0,3
ligand169-0,3
ligand11044-0,3
ligand1761-0,3
ligand693-0,3
ligand2159-0,3
ligand4897-0,3
ligand8592-0,3
ligand1018-0,3
ligand9600-0,3
ligand352-0,3
ligand761-0,3
ligand14908-0,3
ligand3249-0,3
ligand8439-0,3
ligand8637-0,3
ligand1596-0,3
ligand1078-0,3
ligand2692-0,3
ligand10720-0,3
ligand184-0,3
ligand3827-0,3
ligand12736-0,3
ligand17715-0,3
ligand26824-0,3
ligand1254-0,3
ligand8493-0,3
ligand2644-0,3
ligand7808-0,3
ligand2803-0,3
ligand16529-0,3
ligand27564-0,3
ligand2317-0,3
ligand7532-1,3
ligand32796-0,3
ligand1319-0,3
ligand514-0,3
ligand7600-0,3
ligand1059-0,3
ligand15101-0,3
ligand6155-0,3
ligand8878-0,3
ligand3232-0,3
ligand18072-0,3
ligand11487-0,3
ligand3657-0,4
ligand14650-0,4
ligand9442-0,4
ligand5123-0,4
ligand469-0,4
ligand1194-0,4
ligand37-0,4
ligand4875-0,4
ligand14425-0,4
ligand2385-0,4
ligand1250-0,4
ligand9132-0,4
ligand4323-0,4
ligand1226-0,4
ligand272-0,4
ligand5982-0,4
ligand1875-0,4
ligand851-0,4
ligand3420-0,4
ligand8315-0,4
ligand9895-0,4
ligand699-0,4
ligand73-0,4
ligand191-0,4
ligand3445-0,4
ligand743-0,4
ligand14442-0,4
ligand5193-0,4
ligand8060-0,4
ligand688-0,4
ligand8337-0,4
ligand2841-0,4
ligand17150-0,4
ligand131-0,4
ligand494-0,4
ligand2501-0,4
ligand643-0,4
ligand3163-0,4
ligand5615-0,4
ligand1869-0,4
ligand3825-0,5
ligand6081-0,5
ligand735-0,5
ligand13178-0,5
ligand14400-0,5
ligand10707-0,5
ligand821-0,5
ligand13024-0,5
ligand79-0,5
ligand2215-0,5
ligand12-0,5
ligand3126-0,5
ligand1141-0,5
ligand3117-0,5
ligand4735-0,5
ligand7840-0,5
ligand3330-1,5
ligand827-0,5
ligand15369-0,5
ligand1281-0,5
ligand83-0,5
ligand338-0,5
ligand1246-0,5
ligand11944-0,5
ligand841-0,5
ligand12819-0,5
ligand3491-1,5
ligand6953-0,5
ligand15290-0,5
ligand7024-0,5
ligand1435-0,5
ligand1266-0,5
ligand7908-0,5
ligand1735-0,5
ligand864-0,5
ligand3341-0,5
ligand636-0,5
ligand364-0,6
ligand548-0,6
ligand13360-0,6
ligand711-0,6
ligand421-0,6
ligand3681-0,6
ligand6937-0,6
ligand7340-0,6
ligand7376-0,6
ligand3230-0,6
ligand819-0,6
ligand5308-0,6
ligand209-0,6
ligand645-0,6
ligand76-0,6
ligand1688-0,7
ligand997-0,7
ligand12636-0,7
ligand362-0,7
ligand7140-0,7
ligand1724-0,7
ligand4193-0,7
ligand930-0,7
ligand8536-0,7
ligand251-0,7
ligand7482-0,7
ligand4468-0,8
ligand277-0,8
ligand60-0,8
ligand108-0,8
ligand924-0,8
ligand47-0,8
ligand691-0,8
ligand2730-0,8
ligand473-0,8
ligand341-0,8
ligand4800-0,8
ligand1825-0,9
ligand11510-0,9
ligand3337-0,9
ligand745-0,9
ligand1646-0,9
ligand1459-0,10
ligand280-0,10
ligand3805-0,10
ligand1890-0,10
ligand115-0,10
ligand2588-0,11
ligand173-0,11
ligand773-0,11
ligand1357-0,11
ligand1424-0,11
ligand1815-0,12
ligand664-0,12
ligand1001-0,13
ligand17-0,14
ligand221-0,14
ligand2490-0,15
ligand136-0,15
ligand796-0,15
ligand713-0,16
ligand68-0,16
ligand344-0,16
ligand475-0,16
ligand558-0,16
ligand3383-0,17
ligand1599-0,19
ligand75-0,19
ligand1654-0,19
ligand16-0,19
ligand468-0,21
ligand659-0,21
ligand107-0,21
ligand2393-0,22
ligand481-0,22
ligand1567-0,22
ligand172-0,25
ligand1-0,27
ligand90-0,28
ligand6720-0,31
ligand98-0,32
ligand59-0,33
ligand124-0,34
ligand454-0,34
ligand36-0,40
ligand10-0,42
ligand3027-0,44
ligand29-0,45
ligand583-0,46
ligand482-0,47
ligand8-0,47
ligand91-0,52
ligand56-0,54
ligand120-0,61
ligand61-0,63
ligand1975-0,63
ligand20-0,64
ligand28-0,68
ligand52-0,80
ligand764-0,81
ligand130-0,94
ligand6-0,132
ligand42-0,196
ligand22-0,201
ligand0-0,359
ligand55-0,1063
ligand11-0,2418
