,TMC
0,BEXTAA__ligand1104-0
1,BEXTAA__ligand7414-0
2,BEXTAA__ligand5762-0
3,BEXTAA__ligand497-0
4,BEXTAA__ligand918-0
5,BEXTAA__ligand633-0
6,BEXTAA__ligand2442-0
7,BEXTAA__ligand1019-0
8,BEXTAA__ligand532-0
9,BEXTAA__ligand6571-0
10,BEXTAA__ligand166-0
11,BEXTAA__ligand2482-0
12,BEXTAA__ligand1325-0
13,BEXTAA__ligand838-0
14,BEXTAA__ligand142-0
15,BEXTAA__ligand2376-0
16,BEXTAA__ligand206-0
17,BEXTAA__ligand436-0
18,BEXTAA__ligand2929-0
19,BEXTAA__ligand1221-0
20,BEXTAA__ligand1264-0
21,BEXTAA__ligand821-0
22,BEXTAA__ligand6430-0
23,BEXTAA__ligand1299-0
24,BEXTAA__ligand326-0
25,BEXTAA__ligand553-0
26,BEXTAA__ligand1379-0
27,BEXTAA__ligand283-0
28,BEXTAA__ligand361-0
29,BEXTAA__ligand3579-0
30,BEXTAA__ligand324-0
31,BEXTAA__ligand409-0
32,BEXTAA__ligand2916-0
33,BEXTAA__ligand2110-0
34,BEXTAA__ligand1712-0
35,BEXTAA__ligand105-0
36,BEXTAA__ligand140-0
37,BEXTAA__ligand2389-0
38,BEXTAA__ligand15630-0
39,BEXTAA__ligand10357-0
40,BEXTAA__ligand1919-0
41,BEXTAA__ligand2480-0
42,BEXTAA__ligand4504-0
43,BEXTAA__ligand3051-0
44,BEXTAA__ligand1898-0
45,BEXTAA__ligand927-0
46,BEXTAA__ligand2315-0
47,BEXTAA__ligand199-0
48,BEXTAA__ligand5334-0
49,BEXTAA__ligand1858-0
50,BEXTAA__ligand11-0
51,BEXTAA__ligand575-0
52,BEXTAA__ligand8032-0
53,BEXTAA__ligand5089-0
54,BEXTAA__ligand2599-0
55,BEXTAA__ligand509-0
56,BEXTAA__ligand2853-0
57,BEXTAA__ligand3853-0
58,BEXTAA__ligand670-0
59,BEXTAA__ligand6166-0
60,BEXTAA__ligand118-0
61,BEXTAA__ligand571-0
62,BEXTAA__ligand1246-0
63,BEXTAA__ligand278-0
64,BEXTAA__ligand89-0
65,BEXTAA__ligand365-0
66,BEXTAA__ligand358-0
67,BEXTAA__ligand430-0
68,BEXTAA__ligand6-0
69,BEXTAA__ligand669-0
70,BEXTAA__ligand1307-0
71,BEXTAA__ligand49-0
72,BEXTAA__ligand4-0
73,BEXTAA__ligand4811-0
74,BEXTAA__ligand1449-1
75,BEXTAA__ligand7514-0
76,BEXTAA__ligand3337-0
77,BEXTAA__ligand1260-0
78,BEXTAA__ligand4894-0
79,BEXTAA__ligand9620-0
80,BEXTAA__ligand17-0
81,BEXTAA__ligand1788-0
82,BEXTAA__ligand3566-0
83,BEXTAA__ligand1178-0
84,BEXTAA__ligand383-0
85,BEXTAA__ligand92-0
86,BEXTAA__ligand162-0
87,BEXTAA__ligand1321-0
88,BEXTAA__ligand226-0
89,BEXTAA__ligand3-0
90,BEXTAA__ligand14530-0
91,BEXTAA__ligand1918-0
92,BEXTAA__ligand240-0
93,BEXTAA__ligand141-0
94,BEXTAA__ligand4175-0
95,BEXTAA__ligand34-0
96,BEXTAA__ligand2255-0
97,BEXTAA__ligand55-0
98,BEXTAA__ligand1436-0
99,BEXTAA__ligand10910-0
100,BEXTAA__ligand2618-0
101,BEXTAA__ligand3618-0
102,BEXTAA__ligand384-0
103,BEXTAA__ligand4370-0
104,BEXTAA__ligand120-0
105,BEXTAA__ligand95-0
106,BEXTAA__ligand1551-0
107,BEXTAA__ligand757-0
108,BEXTAA__ligand2526-0
109,BEXTAA__ligand10114-0
110,BEXTAA__ligand2707-0
111,BEXTAA__ligand57-0
112,BEXTAA__ligand797-0
113,BEXTAA__ligand1690-0
114,BEXTAA__ligand73-0
115,BEXTAA__ligand2915-0
116,BEXTAA__ligand10479-0
117,BEXTAA__ligand4012-0
118,BEXTAA__ligand3196-0
119,BEXTAA__ligand1-0
120,BEXTAA__ligand1160-0
121,BEXTAA__ligand2253-0
122,BEXTAA__ligand366-0
123,BEXTAA__ligand2954-0
124,BEXTAA__ligand5093-0
125,BEXTAA__ligand861-0
126,BEXTAA__ligand612-0
127,BEXTAA__ligand2762-0
128,BEXTAA__ligand187-0
129,BEXTAA__ligand32-0
130,BEXTAA__ligand1038-0
131,BEXTAA__ligand7550-0
132,BEXTAA__ligand596-0
133,BEXTAA__ligand126-0
134,BEXTAA__ligand7630-0
135,BEXTAA__ligand1285-0
136,BEXTAA__ligand1555-0
137,BEXTAA__ligand4423-0
138,BEXTAA__ligand1907-0
139,BEXTAA__ligand3890-0
140,BEXTAA__ligand7456-0
141,BEXTAA__ligand119-0
142,BEXTAA__ligand1818-0
143,BEXTAA__ligand51-0
144,BEXTAA__ligand29-0
145,BEXTAA__ligand3478-0
146,BEXTAA__ligand3852-0
147,BEXTAA__ligand124-0
148,BEXTAA__ligand91-0
149,BEXTAA__ligand5758-0
150,BEXTAA__ligand100-0
151,BEXTAA__ligand2718-0
152,BEXTAA__ligand3070-0
153,BEXTAA__ligand3035-0
154,BEXTAA__ligand244-0
155,BEXTAA__ligand201-0
156,BEXTAA__ligand48-0
157,BEXTAA__ligand1493-0
158,BEXTAA__ligand9176-0
159,BEXTAA__ligand321-0
160,BEXTAA__ligand3251-0
161,BEXTAA__ligand279-0
162,BEXTAA__ligand4619-0
163,BEXTAA__ligand6143-0
164,BEXTAA__ligand178-0
165,BEXTAA__ligand5235-0
166,BEXTAA__ligand1542-0
167,BEXTAA__ligand2634-0
168,BEXTAA__ligand3041-0
169,BEXTAA__ligand2751-0
170,BEXTAA__ligand784-0
171,BEXTAA__ligand355-0
172,BEXTAA__ligand485-0
173,BEXTAA__ligand6686-0
174,BEXTAA__ligand1747-0
175,BEXTAA__ligand7915-0
176,BEXTAA__ligand291-0
177,BEXTAA__ligand5548-0
178,BEXTAA__ligand3145-0
179,BEXTAA__ligand6332-0
180,BEXTAA__ligand3178-0
181,BEXTAA__ligand115-0
182,BEXTAA__ligand2863-0
183,BEXTAA__ligand2098-0
184,BEXTAA__ligand18-0
185,BEXTAA__ligand6502-0
186,BEXTAA__ligand1148-0
187,BEXTAA__ligand682-0
188,BEXTAA__ligand1479-0
189,BEXTAA__ligand62-0
190,BEXTAA__ligand3246-0
191,BEXTAA__ligand522-0
192,BEXTAA__ligand666-0
193,BEXTAA__ligand487-0
194,BEXTAA__ligand1538-0
195,BEXTAA__ligand1114-0
196,BEXTAA__ligand447-0
197,BEXTAA__ligand9244-0
198,BEXTAA__ligand1228-0
199,BEXTAA__ligand86-0
200,BEXTAA__ligand133-0
201,BEXTAA__ligand353-0
202,BEXTAA__ligand1685-0
203,BEXTAA__ligand3757-0
204,BEXTAA__ligand2087-0
205,BEXTAA__ligand1048-0
206,BEXTAA__ligand236-0
207,BEXTAA__ligand1459-0
208,BEXTAA__ligand1544-0
209,BEXTAA__ligand3063-0
210,BEXTAA__ligand113-0
211,BEXTAA__ligand1438-0
212,BEXTAA__ligand422-0
213,BEXTAA__ligand5801-0
214,BEXTAA__ligand1171-0
215,BEXTAA__ligand66-0
216,BEXTAA__ligand502-0
217,BEXTAA__ligand196-0
218,BEXTAA__ligand4381-0
219,BEXTAA__ligand2629-0
220,BEXTAA__ligand3734-0
221,BEXTAA__ligand1706-0
222,BEXTAA__ligand21-0
223,BEXTAA__ligand210-0
224,BEXTAA__ligand1376-0
225,BEXTAA__ligand2768-0
226,BEXTAA__ligand170-0
227,BEXTAA__ligand38-0
228,BEXTAA__ligand2688-0
229,BEXTAA__ligand2259-0
230,BEXTAA__ligand391-0
231,BEXTAA__ligand1687-0
232,BEXTAA__ligand481-0
233,BEXTAA__ligand1951-0
234,BEXTAA__ligand314-0
235,BEXTAA__ligand40-0
236,BEXTAA__ligand6277-0
237,BEXTAA__ligand7464-0
238,BEXTAA__ligand830-0
239,BEXTAA__ligand193-0
240,BEXTAA__ligand1054-0
241,BEXTAA__ligand252-0
242,BEXTAA__ligand6294-0
243,BEXTAA__ligand955-0
244,BEXTAA__ligand1248-0
245,BEXTAA__ligand4303-0
246,BEXTAA__ligand1598-0
247,BEXTAA__ligand8774-0
248,BEXTAA__ligand177-0
249,BEXTAA__ligand934-0
250,BEXTAA__ligand3637-0
251,BEXTAA__ligand851-0
252,BEXTAA__ligand8-0
253,BEXTAA__ligand909-0
254,BEXTAA__ligand1152-0
255,BEXTAA__ligand311-0
256,BEXTAA__ligand45-0
257,BEXTAA__ligand1727-0
258,BEXTAA__ligand78-0
259,BEXTAA__ligand188-0
260,BEXTAA__ligand85-0
261,BEXTAA__ligand444-0
262,BEXTAA__ligand369-0
263,BEXTAA__ligand1607-0
264,BEXTAA__ligand2862-0
265,BEXTAA__ligand250-0
266,BEXTAA__ligand1056-0
267,BEXTAA__ligand2320-0
268,BEXTAA__ligand2510-0
269,BEXTAA__ligand460-0
270,BEXTAA__ligand1567-0
271,BEXTAA__ligand2285-0
272,BEXTAA__ligand8921-0
273,BEXTAA__ligand2907-0
274,BEXTAA__ligand370-0
275,BEXTAA__ligand2430-0
276,BEXTAA__ligand1703-0
277,BEXTAA__ligand798-0
278,BEXTAA__ligand421-0
279,BEXTAA__ligand1052-0
280,BEXTAA__ligand916-0
281,BEXTAA__ligand584-0
282,BEXTAA__ligand294-0
283,BEXTAA__ligand993-0
284,BEXTAA__ligand331-0
285,BEXTAA__ligand1273-0
286,BEXTAA__ligand560-0
287,BEXTAA__ligand525-0
288,BEXTAA__ligand9027-0
289,BEXTAA__ligand109-0
290,BEXTAA__ligand6396-0
291,BEXTAA__ligand2265-0
292,BEXTAA__ligand1113-0
293,BEXTAA__ligand390-0
294,BEXTAA__ligand1502-0
295,BEXTAA__ligand4983-0
296,BEXTAA__ligand932-0
297,BEXTAA__ligand134-0
298,BEXTAA__ligand1835-0
299,BEXTAA__ligand2345-0
300,BEXTAA__ligand2794-0
301,BEXTAA__ligand235-0
302,BEXTAA__ligand868-0
303,BEXTAA__ligand5022-0
304,BEXTAA__ligand1169-0
305,BEXTAA__ligand442-0
306,BEXTAA__ligand136-0
307,BEXTAA__ligand1799-0
308,BEXTAA__ligand3838-0
309,BEXTAA__ligand2838-0
310,BEXTAA__ligand5941-0
311,BEXTAA__ligand2880-0
312,BEXTAA__ligand783-0
313,BEXTAA__ligand352-0
314,BEXTAA__ligand11730-0
315,BEXTAA__ligand197-0
316,BEXTAA__ligand67-0
317,BEXTAA__ligand6538-0
318,BEXTAA__ligand296-0
319,BEXTAA__ligand9495-0
320,BEXTAA__ligand2772-0
321,BEXTAA__ligand6151-0
322,BEXTAA__ligand2142-0
323,BEXTAA__ligand2864-0
324,BEXTAA__ligand112-0
