,TMC
0,UYOLOL__ligand2068-0
1,UYOLOL__ligand7925-0
2,UYOLOL__ligand25411-0
3,UYOLOL__ligand1147-0
4,UYOLOL__ligand409-0
5,UYOLOL__ligand361-0
6,UYOLOL__ligand11456-0
7,UYOLOL__ligand324-0
8,UYOLOL__ligand3973-0
9,UYOLOL__ligand16-0
10,UYOLOL__ligand14174-0
11,UYOLOL__ligand10712-0
12,UYOLOL__ligand28884-0
13,UYOLOL__ligand2599-0
14,UYOLOL__ligand13331-0
15,UYOLOL__ligand4330-0
16,UYOLOL__ligand12030-0
17,UYOLOL__ligand29879-0
18,UYOLOL__ligand14248-0
19,UYOLOL__ligand31832-0
20,UYOLOL__ligand7532-0
21,UYOLOL__ligand13294-0
22,UYOLOL__ligand4194-0
23,UYOLOL__ligand5813-0
24,UYOLOL__ligand4813-0
25,UYOLOL__ligand4738-0
26,UYOLOL__ligand6062-0
27,UYOLOL__ligand13208-0
28,UYOLOL__ligand6283-0
29,UYOLOL__ligand26810-0
30,UYOLOL__ligand199-0
31,UYOLOL__ligand27482-0
32,UYOLOL__ligand20682-0
33,UYOLOL__ligand588-0
34,UYOLOL__ligand7107-0
35,UYOLOL__ligand32-0
36,UYOLOL__ligand13390-0
37,UYOLOL__ligand300-0
38,UYOLOL__ligand1-0
39,UYOLOL__ligand3215-0
40,UYOLOL__ligand633-0
41,UYOLOL__ligand6946-0
42,UYOLOL__ligand1415-0
43,UYOLOL__ligand21581-0
44,UYOLOL__ligand31097-0
45,UYOLOL__ligand7529-0
46,UYOLOL__ligand20539-0
47,UYOLOL__ligand20251-0
48,UYOLOL__ligand30702-0
49,UYOLOL__ligand20214-0
50,UYOLOL__ligand3-0
51,UYOLOL__ligand9148-0
52,UYOLOL__ligand497-0
53,UYOLOL__ligand14117-0
54,UYOLOL__ligand17261-0
55,UYOLOL__ligand48-0
56,UYOLOL__ligand5316-0
57,UYOLOL__ligand28789-0
58,UYOLOL__ligand20419-0
59,UYOLOL__ligand5483-0
60,UYOLOL__ligand21371-0
61,UYOLOL__ligand17118-0
62,UYOLOL__ligand5627-0
63,UYOLOL__ligand14889-0
64,UYOLOL__ligand30851-0
65,UYOLOL__ligand1729-0
66,UYOLOL__ligand29568-0
67,UYOLOL__ligand2830-0
68,UYOLOL__ligand91-0
69,UYOLOL__ligand9681-0
70,UYOLOL__ligand436-0
71,UYOLOL__ligand20011-0
72,UYOLOL__ligand17278-0
73,UYOLOL__ligand4332-0
74,UYOLOL__ligand17982-0
75,UYOLOL__ligand29414-0
76,UYOLOL__ligand1449-0
77,UYOLOL__ligand20598-0
78,UYOLOL__ligand11675-0
79,UYOLOL__ligand24047-0
80,UYOLOL__ligand3012-0
81,UYOLOL__ligand10589-0
82,UYOLOL__ligand22557-0
83,UYOLOL__ligand692-0
84,UYOLOL__ligand7530-0
85,UYOLOL__ligand1065-0
86,UYOLOL__ligand17398-0
87,UYOLOL__ligand2403-0
88,UYOLOL__ligand16475-0
89,UYOLOL__ligand14703-0
90,UYOLOL__ligand20251-1
91,UYOLOL__ligand3934-0
92,UYOLOL__ligand51-0
93,UYOLOL__ligand326-0
94,UYOLOL__ligand6882-0
95,UYOLOL__ligand6455-0
96,UYOLOL__ligand12606-0
97,UYOLOL__ligand1709-0
98,UYOLOL__ligand696-0
99,UYOLOL__ligand8464-0
100,UYOLOL__ligand8349-0
101,UYOLOL__ligand30333-0
102,UYOLOL__ligand26540-0
103,UYOLOL__ligand12337-0
104,UYOLOL__ligand68-0
105,UYOLOL__ligand29410-0
106,UYOLOL__ligand2527-0
107,UYOLOL__ligand30296-0
108,UYOLOL__ligand17281-0
109,UYOLOL__ligand5849-0
110,UYOLOL__ligand16628-0
111,UYOLOL__ligand12427-0
112,UYOLOL__ligand28468-0
113,UYOLOL__ligand20740-0
114,UYOLOL__ligand55-0
115,UYOLOL__ligand27460-0
116,UYOLOL__ligand3392-0
117,UYOLOL__ligand656-0
118,UYOLOL__ligand1771-0
119,UYOLOL__ligand4911-0
120,UYOLOL__ligand3157-0
121,UYOLOL__ligand34-0
122,UYOLOL__ligand30988-0
123,UYOLOL__ligand18832-0
124,UYOLOL__ligand27175-0
125,UYOLOL__ligand1165-0
126,UYOLOL__ligand23713-0
127,UYOLOL__ligand9525-0
128,UYOLOL__ligand15422-0
129,UYOLOL__ligand12934-0
130,UYOLOL__ligand20578-0
131,UYOLOL__ligand19641-0
132,UYOLOL__ligand5935-0
133,UYOLOL__ligand14723-0
134,UYOLOL__ligand1379-0
135,UYOLOL__ligand27893-0
136,UYOLOL__ligand2722-0
137,UYOLOL__ligand31783-0
138,UYOLOL__ligand3871-0
139,UYOLOL__ligand1469-0
140,UYOLOL__ligand162-0
141,UYOLOL__ligand1768-0
142,UYOLOL__ligand226-0
143,UYOLOL__ligand17631-0
144,UYOLOL__ligand13012-0
145,UYOLOL__ligand416-0
146,UYOLOL__ligand5056-0
147,UYOLOL__ligand26665-0
148,UYOLOL__ligand4850-0
149,UYOLOL__ligand1688-0
150,UYOLOL__ligand14297-0
151,UYOLOL__ligand383-0
152,UYOLOL__ligand14603-0
153,UYOLOL__ligand5357-0
154,UYOLOL__ligand3647-0
155,UYOLOL__ligand17258-0
156,UYOLOL__ligand17805-0
157,UYOLOL__ligand7557-0
158,UYOLOL__ligand1496-0
159,UYOLOL__ligand17302-0
160,UYOLOL__ligand1533-0
161,UYOLOL__ligand25178-0
162,UYOLOL__ligand24185-0
163,UYOLOL__ligand23769-0
164,UYOLOL__ligand10476-0
165,UYOLOL__ligand19830-0
166,UYOLOL__ligand13068-0
167,UYOLOL__ligand15585-0
168,UYOLOL__ligand12401-0
169,UYOLOL__ligand24145-0
170,UYOLOL__ligand5094-0
171,UYOLOL__ligand5892-0
172,UYOLOL__ligand670-0
173,UYOLOL__ligand12231-0
174,UYOLOL__ligand4131-0
175,UYOLOL__ligand12289-0
176,UYOLOL__ligand1712-0
177,UYOLOL__ligand18292-0
178,UYOLOL__ligand13658-0
179,UYOLOL__ligand26702-0
180,UYOLOL__ligand534-0
181,UYOLOL__ligand571-0
182,UYOLOL__ligand17387-0
183,UYOLOL__ligand12130-0
184,UYOLOL__ligand57-0
185,UYOLOL__ligand29302-0
186,UYOLOL__ligand13425-0
187,UYOLOL__ligand18814-0
188,UYOLOL__ligand1900-0
189,UYOLOL__ligand19057-0
190,UYOLOL__ligand9197-0
191,UYOLOL__ligand2328-0
192,UYOLOL__ligand10262-0
193,UYOLOL__ligand28676-0
194,UYOLOL__ligand27763-0
195,UYOLOL__ligand1773-0
196,UYOLOL__ligand4581-0
197,UYOLOL__ligand3029-0
198,UYOLOL__ligand7162-0
199,UYOLOL__ligand9809-0
200,UYOLOL__ligand10958-0
201,UYOLOL__ligand6672-0
202,UYOLOL__ligand1327-0
203,UYOLOL__ligand8722-0
204,UYOLOL__ligand7573-0
205,UYOLOL__ligand2781-0
206,UYOLOL__ligand3350-0
207,UYOLOL__ligand12641-0
208,UYOLOL__ligand694-0
209,UYOLOL__ligand3208-0
210,UYOLOL__ligand2208-0
211,UYOLOL__ligand430-0
212,UYOLOL__ligand358-0
213,UYOLOL__ligand14108-0
214,UYOLOL__ligand488-0
215,UYOLOL__ligand28668-0
216,UYOLOL__ligand7238-0
217,UYOLOL__ligand7280-0
218,UYOLOL__ligand1304-0
219,UYOLOL__ligand1790-0
220,UYOLOL__ligand122-0
221,UYOLOL__ligand16791-0
222,UYOLOL__ligand6709-0
223,UYOLOL__ligand1219-0
224,UYOLOL__ligand18799-0
225,UYOLOL__ligand49-0
226,UYOLOL__ligand757-0
227,UYOLOL__ligand7867-0
228,UYOLOL__ligand18465-0
229,UYOLOL__ligand4016-0
230,UYOLOL__ligand1160-0
231,UYOLOL__ligand18074-0
232,UYOLOL__ligand8699-0
233,UYOLOL__ligand13869-0
234,UYOLOL__ligand29863-0
235,UYOLOL__ligand89-0
236,UYOLOL__ligand9520-0
237,UYOLOL__ligand3954-0
238,UYOLOL__ligand4093-0
239,UYOLOL__ligand4442-0
240,UYOLOL__ligand11140-0
241,UYOLOL__ligand7629-0
242,UYOLOL__ligand4272-0
243,UYOLOL__ligand1451-0
244,UYOLOL__ligand29610-0
245,UYOLOL__ligand9784-0
246,UYOLOL__ligand9291-0
247,UYOLOL__ligand12467-0
248,UYOLOL__ligand2176-0
249,UYOLOL__ligand10084-0
250,UYOLOL__ligand25267-0
251,UYOLOL__ligand2232-0
252,UYOLOL__ligand4157-0
253,UYOLOL__ligand23904-0
254,UYOLOL__ligand5256-0
255,UYOLOL__ligand21936-0
256,UYOLOL__ligand13257-0
257,UYOLOL__ligand7648-0
258,UYOLOL__ligand8876-0
259,UYOLOL__ligand2828-0
260,UYOLOL__ligand9833-0
261,UYOLOL__ligand20599-0
262,UYOLOL__ligand25805-0
263,UYOLOL__ligand4546-0
264,UYOLOL__ligand22981-0
265,UYOLOL__ligand4503-0
266,UYOLOL__ligand693-0
267,UYOLOL__ligand27074-0
268,UYOLOL__ligand1285-0
269,UYOLOL__ligand18391-0
270,UYOLOL__ligand27169-0
271,UYOLOL__ligand14523-0
272,UYOLOL__ligand7000-0
273,UYOLOL__ligand1982-0
274,UYOLOL__ligand6768-0
275,UYOLOL__ligand8115-0
276,UYOLOL__ligand27835-0
277,UYOLOL__ligand12295-0
278,UYOLOL__ligand240-0
279,UYOLOL__ligand2485-0
280,UYOLOL__ligand3852-0
281,UYOLOL__ligand6919-0
282,UYOLOL__ligand141-0
283,UYOLOL__ligand5331-0
284,UYOLOL__ligand1512-0
285,UYOLOL__ligand25689-0
286,UYOLOL__ligand21787-0
287,UYOLOL__ligand25575-0
288,UYOLOL__ligand3565-0
289,UYOLOL__ligand4720-0
290,UYOLOL__ligand3131-0
291,UYOLOL__ligand3937-0
292,UYOLOL__ligand1202-0
293,UYOLOL__ligand3174-0
294,UYOLOL__ligand8969-0
295,UYOLOL__ligand17-0
296,UYOLOL__ligand30539-0
297,UYOLOL__ligand6839-0
298,UYOLOL__ligand11166-0
299,UYOLOL__ligand21132-0
300,UYOLOL__ligand5211-0
301,UYOLOL__ligand4155-0
302,UYOLOL__ligand3094-0
303,UYOLOL__ligand23906-0
304,UYOLOL__ligand9908-0
305,UYOLOL__ligand1263-0
306,UYOLOL__ligand768-0
307,UYOLOL__ligand7242-0
308,UYOLOL__ligand23124-0
309,UYOLOL__ligand11206-0
310,UYOLOL__ligand12519-0
311,UYOLOL__ligand25735-0
312,UYOLOL__ligand7106-0
313,UYOLOL__ligand3718-0
314,UYOLOL__ligand13209-0
315,UYOLOL__ligand19257-0
316,UYOLOL__ligand6616-0
317,UYOLOL__ligand3035-0
318,UYOLOL__ligand1343-0
319,UYOLOL__ligand3876-0
320,UYOLOL__ligand12660-0
321,UYOLOL__ligand4661-0
322,UYOLOL__ligand1844-0
323,UYOLOL__ligand3504-0
324,UYOLOL__ligand1959-0
325,UYOLOL__ligand1573-0
326,UYOLOL__ligand25650-0
327,UYOLOL__ligand1536-0
328,UYOLOL__ligand9935-0
329,UYOLOL__ligand31248-0
330,UYOLOL__ligand384-0
331,UYOLOL__ligand6102-0
332,UYOLOL__ligand6596-0
333,UYOLOL__ligand6904-0
334,UYOLOL__ligand3721-0
335,UYOLOL__ligand3465-0
336,UYOLOL__ligand31618-0
337,UYOLOL__ligand11432-0
338,UYOLOL__ligand4-0
339,UYOLOL__ligand10432-0
340,UYOLOL__ligand22755-0
341,UYOLOL__ligand7819-0
342,UYOLOL__ligand26277-0
343,UYOLOL__ligand29898-0
344,UYOLOL__ligand2917-0
345,UYOLOL__ligand2295-0
346,UYOLOL__ligand6067-0
347,UYOLOL__ligand15168-0
348,UYOLOL__ligand1577-0
349,UYOLOL__ligand338-0
350,UYOLOL__ligand23589-0
351,UYOLOL__ligand4620-0
352,UYOLOL__ligand24064-0
353,UYOLOL__ligand18703-0
354,UYOLOL__ligand29087-0
355,UYOLOL__ligand15438-0
356,UYOLOL__ligand4641-0
357,UYOLOL__ligand28924-0
358,UYOLOL__ligand201-0
359,UYOLOL__ligand185-0
360,UYOLOL__ligand279-0
361,UYOLOL__ligand8835-0
362,UYOLOL__ligand2028-0
363,UYOLOL__ligand7126-0
364,UYOLOL__ligand24750-0
365,UYOLOL__ligand178-0
366,UYOLOL__ligand31578-0
367,UYOLOL__ligand17207-0
368,UYOLOL__ligand25224-0
369,UYOLOL__ligand3234-0
370,UYOLOL__ligand1142-0
371,UYOLOL__ligand18013-0
372,UYOLOL__ligand321-0
373,UYOLOL__ligand17945-0
374,UYOLOL__ligand6124-0
375,UYOLOL__ligand3707-0
376,UYOLOL__ligand7967-0
377,UYOLOL__ligand657-0
378,UYOLOL__ligand12682-0
379,UYOLOL__ligand18699-0
380,UYOLOL__ligand4116-0
381,UYOLOL__ligand187-0
382,UYOLOL__ligand1018-0
383,UYOLOL__ligand8992-0
384,UYOLOL__ligand366-0
385,UYOLOL__ligand17590-0
386,UYOLOL__ligand17240-0
387,UYOLOL__ligand9601-0
388,UYOLOL__ligand11-0
389,UYOLOL__ligand12336-0
390,UYOLOL__ligand9111-0
391,UYOLOL__ligand9952-0
392,UYOLOL__ligand777-0
393,UYOLOL__ligand69-0
394,UYOLOL__ligand5036-0
395,UYOLOL__ligand2526-0
396,UYOLOL__ligand1615-0
397,UYOLOL__ligand13072-0
398,UYOLOL__ligand5643-0
399,UYOLOL__ligand1823-0
400,UYOLOL__ligand596-0
401,UYOLOL__ligand8721-0
402,UYOLOL__ligand941-0
403,UYOLOL__ligand1324-0
404,UYOLOL__ligand19725-0
405,UYOLOL__ligand1631-0
406,UYOLOL__ligand9933-0
407,UYOLOL__ligand24613-0
408,UYOLOL__ligand1575-0
409,UYOLOL__ligand1530-0
410,UYOLOL__ligand163-0
411,UYOLOL__ligand126-0
412,UYOLOL__ligand31483-0
413,UYOLOL__ligand2332-0
414,UYOLOL__ligand9441-0
415,UYOLOL__ligand10555-0
416,UYOLOL__ligand20579-0
417,UYOLOL__ligand17710-0
418,UYOLOL__ligand6244-0
419,UYOLOL__ligand11568-0
420,UYOLOL__ligand1378-0
421,UYOLOL__ligand3156-0
422,UYOLOL__ligand2915-0
423,UYOLOL__ligand845-0
424,UYOLOL__ligand11774-0
425,UYOLOL__ligand14586-0
426,UYOLOL__ligand21421-0
427,UYOLOL__ligand14302-0
428,UYOLOL__ligand13657-0
429,UYOLOL__ligand14347-0
430,UYOLOL__ligand6699-0
431,UYOLOL__ligand20530-0
432,UYOLOL__ligand11698-0
433,UYOLOL__ligand152-0
434,UYOLOL__ligand24851-0
435,UYOLOL__ligand3677-0
436,UYOLOL__ligand3632-0
437,UYOLOL__ligand29441-0
438,UYOLOL__ligand10853-0
439,UYOLOL__ligand27610-0
440,UYOLOL__ligand10479-0
441,UYOLOL__ligand1294-0
442,UYOLOL__ligand11479-0
443,UYOLOL__ligand1168-0
444,UYOLOL__ligand16952-0
445,UYOLOL__ligand29813-0
446,UYOLOL__ligand6892-0
447,UYOLOL__ligand1211-0
448,UYOLOL__ligand3712-0
449,UYOLOL__ligand1464-0
450,UYOLOL__ligand20121-0
451,UYOLOL__ligand15387-0
452,UYOLOL__ligand2881-0
453,UYOLOL__ligand20220-0
454,UYOLOL__ligand1499-0
455,UYOLOL__ligand506-0
456,UYOLOL__ligand3945-0
457,UYOLOL__ligand487-0
458,UYOLOL__ligand2693-0
459,UYOLOL__ligand5383-0
460,UYOLOL__ligand9344-0
461,UYOLOL__ligand10151-0
462,UYOLOL__ligand8000-0
463,UYOLOL__ligand3736-0
464,UYOLOL__ligand7291-0
465,UYOLOL__ligand176-0
466,UYOLOL__ligand19906-0
467,UYOLOL__ligand19668-0
468,UYOLOL__ligand3677-1
469,UYOLOL__ligand9883-0
470,UYOLOL__ligand447-0
471,UYOLOL__ligand4007-0
472,UYOLOL__ligand2985-0
473,UYOLOL__ligand746-0
474,UYOLOL__ligand22353-0
475,UYOLOL__ligand9299-0
476,UYOLOL__ligand31000-0
477,UYOLOL__ligand11606-0
478,UYOLOL__ligand3867-0
479,UYOLOL__ligand1317-0
480,UYOLOL__ligand7293-0
481,UYOLOL__ligand2822-0
482,UYOLOL__ligand20821-0
483,UYOLOL__ligand5304-0
484,UYOLOL__ligand395-0
485,UYOLOL__ligand9167-0
486,UYOLOL__ligand368-0
487,UYOLOL__ligand26673-0
488,UYOLOL__ligand2238-0
489,UYOLOL__ligand784-0
490,UYOLOL__ligand19824-0
491,UYOLOL__ligand18067-0
492,UYOLOL__ligand5080-0
493,UYOLOL__ligand7762-0
494,UYOLOL__ligand67-0
495,UYOLOL__ligand6117-0
496,UYOLOL__ligand1407-0
497,UYOLOL__ligand10582-0
498,UYOLOL__ligand8002-0
499,UYOLOL__ligand13260-0
500,UYOLOL__ligand5509-0
501,UYOLOL__ligand11252-0
502,UYOLOL__ligand31205-0
503,UYOLOL__ligand43-0
504,UYOLOL__ligand3926-0
505,UYOLOL__ligand3120-0
506,UYOLOL__ligand25658-0
507,UYOLOL__ligand4358-0
508,UYOLOL__ligand17686-0
509,UYOLOL__ligand833-0
510,UYOLOL__ligand2221-0
511,UYOLOL__ligand15455-0
512,UYOLOL__ligand5595-0
513,UYOLOL__ligand4101-0
514,UYOLOL__ligand11177-0
515,UYOLOL__ligand1376-0
516,UYOLOL__ligand5510-0
517,UYOLOL__ligand115-0
518,UYOLOL__ligand11622-0
519,UYOLOL__ligand9773-0
520,UYOLOL__ligand16870-0
521,UYOLOL__ligand16603-0
522,UYOLOL__ligand2259-0
523,UYOLOL__ligand8-0
524,UYOLOL__ligand1296-0
525,UYOLOL__ligand8592-0
526,UYOLOL__ligand5099-0
527,UYOLOL__ligand11814-0
528,UYOLOL__ligand1197-0
529,UYOLOL__ligand30788-0
530,UYOLOL__ligand13691-0
531,UYOLOL__ligand7172-0
532,UYOLOL__ligand314-1
533,UYOLOL__ligand9323-0
534,UYOLOL__ligand7273-0
535,UYOLOL__ligand14339-0
536,UYOLOL__ligand2260-0
537,UYOLOL__ligand7092-0
538,UYOLOL__ligand1116-0
539,UYOLOL__ligand1153-0
540,UYOLOL__ligand3225-0
541,UYOLOL__ligand2124-0
542,UYOLOL__ligand21752-0
543,UYOLOL__ligand8612-0
544,UYOLOL__ligand20844-0
545,UYOLOL__ligand6017-0
546,UYOLOL__ligand18413-0
547,UYOLOL__ligand24624-0
548,UYOLOL__ligand5708-0
549,UYOLOL__ligand465-0
550,UYOLOL__ligand18757-0
551,UYOLOL__ligand7316-0
552,UYOLOL__ligand24560-0
553,UYOLOL__ligand5180-0
554,UYOLOL__ligand4807-0
555,UYOLOL__ligand391-0
556,UYOLOL__ligand3178-0
557,UYOLOL__ligand9753-0
558,UYOLOL__ligand1787-0
559,UYOLOL__ligand1356-0
560,UYOLOL__ligand5530-0
561,UYOLOL__ligand618-0
562,UYOLOL__ligand5159-0
563,UYOLOL__ligand20557-0
564,UYOLOL__ligand30004-0
565,UYOLOL__ligand7196-0
566,UYOLOL__ligand4649-0
567,UYOLOL__ligand5649-0
568,UYOLOL__ligand2788-0
569,UYOLOL__ligand8793-0
570,UYOLOL__ligand21940-0
571,UYOLOL__ligand25048-0
572,UYOLOL__ligand813-0
573,UYOLOL__ligand2906-0
574,UYOLOL__ligand23445-0
575,UYOLOL__ligand24953-0
576,UYOLOL__ligand780-0
577,UYOLOL__ligand16133-0
578,UYOLOL__ligand13755-0
579,UYOLOL__ligand314-0
580,UYOLOL__ligand27122-0
581,UYOLOL__ligand20432-0
582,UYOLOL__ligand3244-0
583,UYOLOL__ligand4711-0
584,UYOLOL__ligand17445-0
585,UYOLOL__ligand14477-0
586,UYOLOL__ligand17069-0
587,UYOLOL__ligand11798-0
588,UYOLOL__ligand5387-0
589,UYOLOL__ligand2203-0
590,UYOLOL__ligand1289-0
591,UYOLOL__ligand353-0
592,UYOLOL__ligand24-0
593,UYOLOL__ligand20731-0
594,UYOLOL__ligand12413-0
595,UYOLOL__ligand29334-0
596,UYOLOL__ligand393-0
597,UYOLOL__ligand19-0
598,UYOLOL__ligand22357-0
599,UYOLOL__ligand11758-0
600,UYOLOL__ligand2612-0
601,UYOLOL__ligand21448-0
602,UYOLOL__ligand1599-0
603,UYOLOL__ligand11544-0
604,UYOLOL__ligand11501-0
605,UYOLOL__ligand9450-0
606,UYOLOL__ligand29214-0
607,UYOLOL__ligand1604-0
608,UYOLOL__ligand422-0
609,UYOLOL__ligand27550-0
610,UYOLOL__ligand78-0
611,UYOLOL__ligand1228-0
612,UYOLOL__ligand9943-0
613,UYOLOL__ligand14007-0
614,UYOLOL__ligand18019-1
615,UYOLOL__ligand2043-0
616,UYOLOL__ligand686-0
617,UYOLOL__ligand1832-0
618,UYOLOL__ligand8788-0
619,UYOLOL__ligand2417-0
620,UYOLOL__ligand27771-0
621,UYOLOL__ligand18158-0
622,UYOLOL__ligand196-0
623,UYOLOL__ligand23682-0
624,UYOLOL__ligand29565-0
625,UYOLOL__ligand9284-0
626,UYOLOL__ligand45-0
627,UYOLOL__ligand6391-0
628,UYOLOL__ligand3126-0
629,UYOLOL__ligand20942-1
630,UYOLOL__ligand16956-0
631,UYOLOL__ligand14226-0
632,UYOLOL__ligand21339-0
633,UYOLOL__ligand1114-0
634,UYOLOL__ligand370-1
635,UYOLOL__ligand620-0
636,UYOLOL__ligand30711-0
637,UYOLOL__ligand20207-0
638,UYOLOL__ligand3471-0
639,UYOLOL__ligand4161-0
640,UYOLOL__ligand4124-0
641,UYOLOL__ligand564-0
642,UYOLOL__ligand11682-0
643,UYOLOL__ligand311-0
644,UYOLOL__ligand785-0
645,UYOLOL__ligand479-0
646,UYOLOL__ligand5415-0
647,UYOLOL__ligand16988-0
648,UYOLOL__ligand66-0
649,UYOLOL__ligand25913-0
650,UYOLOL__ligand4340-0
651,UYOLOL__ligand2650-0
652,UYOLOL__ligand2281-0
653,UYOLOL__ligand14614-0
654,UYOLOL__ligand3180-0
655,UYOLOL__ligand16663-0
656,UYOLOL__ligand11994-0
657,UYOLOL__ligand6995-0
658,UYOLOL__ligand31842-0
659,UYOLOL__ligand188-0
660,UYOLOL__ligand31044-0
661,UYOLOL__ligand2823-0
662,UYOLOL__ligand24035-0
663,UYOLOL__ligand11357-0
664,UYOLOL__ligand13862-0
665,UYOLOL__ligand15531-0
666,UYOLOL__ligand28743-0
667,UYOLOL__ligand8593-0
668,UYOLOL__ligand10056-0
669,UYOLOL__ligand9944-0
670,UYOLOL__ligand12365-0
671,UYOLOL__ligand2001-0
672,UYOLOL__ligand21919-0
673,UYOLOL__ligand22294-0
674,UYOLOL__ligand7566-0
675,UYOLOL__ligand250-0
676,UYOLOL__ligand28930-0
677,UYOLOL__ligand22168-0
678,UYOLOL__ligand15883-0
679,UYOLOL__ligand11970-0
680,UYOLOL__ligand5201-0
681,UYOLOL__ligand42-0
682,UYOLOL__ligand19792-0
683,UYOLOL__ligand10828-0
684,UYOLOL__ligand15926-0
685,UYOLOL__ligand24230-0
686,UYOLOL__ligand1113-0
687,UYOLOL__ligand28810-0
688,UYOLOL__ligand11447-0
689,UYOLOL__ligand11096-0
690,UYOLOL__ligand370-0
691,UYOLOL__ligand8553-0
692,UYOLOL__ligand4596-0
693,UYOLOL__ligand1498-0
694,UYOLOL__ligand193-0
695,UYOLOL__ligand27669-0
696,UYOLOL__ligand372-0
697,UYOLOL__ligand30142-0
698,UYOLOL__ligand1154-0
699,UYOLOL__ligand9615-0
700,UYOLOL__ligand830-0
701,UYOLOL__ligand14167-0
702,UYOLOL__ligand13477-0
703,UYOLOL__ligand38-0
704,UYOLOL__ligand27285-0
705,UYOLOL__ligand29029-0
706,UYOLOL__ligand8529-0
707,UYOLOL__ligand1169-0
708,UYOLOL__ligand252-0
709,UYOLOL__ligand116-0
710,UYOLOL__ligand23197-0
711,UYOLOL__ligand10371-0
712,UYOLOL__ligand2027-0
713,UYOLOL__ligand177-0
714,UYOLOL__ligand28685-0
715,UYOLOL__ligand18568-0
716,UYOLOL__ligand1015-0
717,UYOLOL__ligand1050-0
718,UYOLOL__ligand13672-0
719,UYOLOL__ligand1028-0
720,UYOLOL__ligand19184-0
721,UYOLOL__ligand909-0
722,UYOLOL__ligand4262-0
723,UYOLOL__ligand28459-0
724,UYOLOL__ligand18448-0
725,UYOLOL__ligand12453-0
726,UYOLOL__ligand2692-0
727,UYOLOL__ligand1618-0
728,UYOLOL__ligand6993-0
729,UYOLOL__ligand1817-0
730,UYOLOL__ligand1779-0
731,UYOLOL__ligand29215-0
732,UYOLOL__ligand9750-0
733,UYOLOL__ligand18-0
734,UYOLOL__ligand21399-0
735,UYOLOL__ligand10872-0
736,UYOLOL__ligand7075-0
737,UYOLOL__ligand868-0
738,UYOLOL__ligand12003-0
739,UYOLOL__ligand1149-0
740,UYOLOL__ligand3980-0
741,UYOLOL__ligand3557-0
742,UYOLOL__ligand26631-0
743,UYOLOL__ligand16148-0
744,UYOLOL__ligand1288-0
745,UYOLOL__ligand783-0
746,UYOLOL__ligand352-0
747,UYOLOL__ligand22403-0
748,UYOLOL__ligand9491-0
749,UYOLOL__ligand28540-0
750,UYOLOL__ligand11111-0
751,UYOLOL__ligand16369-0
752,UYOLOL__ligand1400-0
753,UYOLOL__ligand4266-0
754,UYOLOL__ligand4167-0
755,UYOLOL__ligand27754-0
756,UYOLOL__ligand20695-0
757,UYOLOL__ligand1539-0
758,UYOLOL__ligand26529-0
759,UYOLOL__ligand1150-0
760,UYOLOL__ligand3453-0
761,UYOLOL__ligand3416-0
762,UYOLOL__ligand197-0
763,UYOLOL__ligand11618-0
764,UYOLOL__ligand4207-0
765,UYOLOL__ligand14043-0
766,UYOLOL__ligand3042-0
767,UYOLOL__ligand28559-0
768,UYOLOL__ligand26324-0
769,UYOLOL__ligand19927-0
770,UYOLOL__ligand4063-0
771,UYOLOL__ligand7438-0
772,UYOLOL__ligand8200-0
773,UYOLOL__ligand21729-0
774,UYOLOL__ligand27239-0
775,UYOLOL__ligand12138-0
776,UYOLOL__ligand1831-0
777,UYOLOL__ligand24780-0
778,UYOLOL__ligand5280-0
779,UYOLOL__ligand5614-0
780,UYOLOL__ligand685-0
781,UYOLOL__ligand22129-0
782,UYOLOL__ligand6663-0
783,UYOLOL__ligand11949-0
784,UYOLOL__ligand5515-0
785,UYOLOL__ligand421-0
786,UYOLOL__ligand25561-0
787,UYOLOL__ligand1152-0
788,UYOLOL__ligand3261-0
789,UYOLOL__ligand29486-0
790,UYOLOL__ligand5019-0
791,UYOLOL__ligand31694-0
792,UYOLOL__ligand1216-0
793,UYOLOL__ligand17427-0
794,UYOLOL__ligand294-0
795,UYOLOL__ligand1849-0
796,UYOLOL__ligand24111-0
797,UYOLOL__ligand5085-0
798,UYOLOL__ligand22444-0
799,UYOLOL__ligand3144-0
800,UYOLOL__ligand13385-0
801,UYOLOL__ligand14569-0
802,UYOLOL__ligand5755-0
803,UYOLOL__ligand4710-0
804,UYOLOL__ligand7213-0
805,UYOLOL__ligand23175-0
806,UYOLOL__ligand1397-0
807,UYOLOL__ligand15788-0
808,UYOLOL__ligand1828-0
809,UYOLOL__ligand17396-0
810,UYOLOL__ligand560-0
811,UYOLOL__ligand6112-0
812,UYOLOL__ligand8042-0
813,UYOLOL__ligand11587-0
814,UYOLOL__ligand13220-0
815,UYOLOL__ligand134-0
816,UYOLOL__ligand1786-0
817,UYOLOL__ligand24872-0
818,UYOLOL__ligand235-0
819,UYOLOL__ligand30728-0
820,UYOLOL__ligand27840-0
821,UYOLOL__ligand5630-0
822,UYOLOL__ligand12001-0
823,UYOLOL__ligand1908-0
824,UYOLOL__ligand4795-0
825,UYOLOL__ligand3285-0
826,UYOLOL__ligand24644-0
827,UYOLOL__ligand10033-0
