,TMC
0,LEGZOP__ligand1604-0
1,LEGZOP__ligand235-0
2,LEGZOP__ligand27835-0
3,LEGZOP__ligand134-0
4,LEGZOP__ligand9943-0
5,LEGZOP__ligand12295-0
6,LEGZOP__ligand1228-0
7,LEGZOP__ligand25689-0
8,LEGZOP__ligand25575-0
9,LEGZOP__ligand21787-0
10,LEGZOP__ligand2043-0
11,LEGZOP__ligand1832-0
12,LEGZOP__ligand8788-0
13,LEGZOP__ligand2417-0
14,LEGZOP__ligand30539-0
15,LEGZOP__ligand9284-0
16,LEGZOP__ligand23906-0
17,LEGZOP__ligand3126-0
18,LEGZOP__ligand6391-0
19,LEGZOP__ligand11166-0
20,LEGZOP__ligand21132-0
21,LEGZOP__ligand560-0
22,LEGZOP__ligand1114-0
23,LEGZOP__ligand2203-0
24,LEGZOP__ligand5387-0
25,LEGZOP__ligand12519-0
26,LEGZOP__ligand25735-0
27,LEGZOP__ligand1289-0
28,LEGZOP__ligand8-0
29,LEGZOP__ligand294-0
30,LEGZOP__ligand23124-0
31,LEGZOP__ligand11206-0
32,LEGZOP__ligand12660-0
33,LEGZOP__ligand2612-0
34,LEGZOP__ligand1599-0
35,LEGZOP__ligand13209-0
36,LEGZOP__ligand685-0
37,LEGZOP__ligand19257-0
38,LEGZOP__ligand25650-0
39,LEGZOP__ligand421-0
40,LEGZOP__ligand31248-0
41,LEGZOP__ligand9450-0
42,LEGZOP__ligand57-0
43,LEGZOP__ligand4807-0
44,LEGZOP__ligand16791-0
45,LEGZOP__ligand28668-0
46,LEGZOP__ligand3178-0
47,LEGZOP__ligand9753-0
48,LEGZOP__ligand55-0
49,LEGZOP__ligand1356-0
50,LEGZOP__ligand1787-0
51,LEGZOP__ligand5530-0
52,LEGZOP__ligand5159-0
53,LEGZOP__ligand18799-0
54,LEGZOP__ligand18465-0
55,LEGZOP__ligand7196-0
56,LEGZOP__ligand4649-0
57,LEGZOP__ligand8793-0
58,LEGZOP__ligand2788-0
59,LEGZOP__ligand5649-0
60,LEGZOP__ligand13869-0
61,LEGZOP__ligand68-0
62,LEGZOP__ligand18074-0
63,LEGZOP__ligand29863-0
64,LEGZOP__ligand29610-0
65,LEGZOP__ligand2906-0
66,LEGZOP__ligand11140-0
67,LEGZOP__ligand197-0
68,LEGZOP__ligand4711-0
69,LEGZOP__ligand3244-0
70,LEGZOP__ligand10084-0
71,LEGZOP__ligand7172-0
72,LEGZOP__ligand25267-0
73,LEGZOP__ligand12467-0
74,LEGZOP__ligand9323-0
75,LEGZOP__ligand783-0
76,LEGZOP__ligand7273-0
77,LEGZOP__ligand352-0
78,LEGZOP__ligand7092-0
79,LEGZOP__ligand21936-0
80,LEGZOP__ligand2260-0
81,LEGZOP__ligand1153-0
82,LEGZOP__ligand3225-0
83,LEGZOP__ligand1116-0
84,LEGZOP__ligand13257-0
85,LEGZOP__ligand23904-0
86,LEGZOP__ligand2124-0
87,LEGZOP__ligand8612-0
88,LEGZOP__ligand27074-0
89,LEGZOP__ligand6017-0
90,LEGZOP__ligand5708-0
91,LEGZOP__ligand20599-0
92,LEGZOP__ligand25805-0
93,LEGZOP__ligand22981-0
94,LEGZOP__ligand7316-0
95,LEGZOP__ligand18391-0
96,LEGZOP__ligand5180-0
97,LEGZOP__ligand14523-0
98,LEGZOP__ligand868-0
99,LEGZOP__ligand34-0
100,LEGZOP__ligand27169-0
101,LEGZOP__ligand3120-0
102,LEGZOP__ligand3926-0
103,LEGZOP__ligand4358-0
104,LEGZOP__ligand909-0
105,LEGZOP__ligand2221-0
106,LEGZOP__ligand12682-0
107,LEGZOP__ligand18699-0
108,LEGZOP__ligand17240-0
109,LEGZOP__ligand5595-0
110,LEGZOP__ligand4101-0
111,LEGZOP__ligand17590-0
112,LEGZOP__ligand48-0
113,LEGZOP__ligand1376-0
114,LEGZOP__ligand5510-0
115,LEGZOP__ligand13072-0
116,LEGZOP__ligand9773-0
117,LEGZOP__ligand12336-0
118,LEGZOP__ligand2259-0
119,LEGZOP__ligand1296-0
120,LEGZOP__ligand5099-0
121,LEGZOP__ligand8592-0
122,LEGZOP__ligand1197-0
123,LEGZOP__ligand177-0
124,LEGZOP__ligand24613-0
125,LEGZOP__ligand51-0
126,LEGZOP__ligand1317-0
127,LEGZOP__ligand3867-0
128,LEGZOP__ligand19725-0
129,LEGZOP__ligand2822-0
130,LEGZOP__ligand7293-0
131,LEGZOP__ligand5304-0
132,LEGZOP__ligand31483-0
133,LEGZOP__ligand116-0
134,LEGZOP__ligand9167-0
135,LEGZOP__ligand10555-0
136,LEGZOP__ligand252-0
137,LEGZOP__ligand2238-0
138,LEGZOP__ligand193-0
139,LEGZOP__ligand17710-0
140,LEGZOP__ligand20579-0
141,LEGZOP__ligand7762-0
142,LEGZOP__ligand11568-0
143,LEGZOP__ligand5080-0
144,LEGZOP__ligand830-0
145,LEGZOP__ligand21421-0
146,LEGZOP__ligand6117-0
147,LEGZOP__ligand1407-0
148,LEGZOP__ligand5509-0
149,LEGZOP__ligand8002-0
150,LEGZOP__ligand372-0
151,LEGZOP__ligand91-0
152,LEGZOP__ligand11774-0
153,LEGZOP__ligand14586-0
154,LEGZOP__ligand3945-0
155,LEGZOP__ligand2693-0
156,LEGZOP__ligand5383-0
157,LEGZOP__ligand9344-0
158,LEGZOP__ligand26277-0
159,LEGZOP__ligand29898-0
160,LEGZOP__ligand370-0
161,LEGZOP__ligand10432-0
162,LEGZOP__ligand31618-0
163,LEGZOP__ligand11432-0
164,LEGZOP__ligand8000-0
165,LEGZOP__ligand3736-0
166,LEGZOP__ligand22755-0
167,LEGZOP__ligand7291-0
168,LEGZOP__ligand16-0
169,LEGZOP__ligand15168-0
170,LEGZOP__ligand9883-0
171,LEGZOP__ligand3677-1
172,LEGZOP__ligand4007-0
173,LEGZOP__ligand24064-0
174,LEGZOP__ligand250-0
175,LEGZOP__ligand2985-0
176,LEGZOP__ligand23589-0
177,LEGZOP__ligand9299-0
178,LEGZOP__ligand29087-0
179,LEGZOP__ligand6699-0
180,LEGZOP__ligand32-0
181,LEGZOP__ligand18703-0
182,LEGZOP__ligand15438-0
183,LEGZOP__ligand3632-0
184,LEGZOP__ligand3677-0
185,LEGZOP__ligand28924-0
186,LEGZOP__ligand1294-0
187,LEGZOP__ligand188-0
188,LEGZOP__ligand1168-0
189,LEGZOP__ligand24750-0
190,LEGZOP__ligand564-0
191,LEGZOP__ligand6892-0
192,LEGZOP__ligand370-1
193,LEGZOP__ligand620-0
194,LEGZOP__ligand1211-0
195,LEGZOP__ligand25224-0
196,LEGZOP__ligand18013-0
197,LEGZOP__ligand3712-0
198,LEGZOP__ligand1464-0
199,LEGZOP__ligand17945-0
200,LEGZOP__ligand311-0
201,LEGZOP__ligand785-0
202,LEGZOP__ligand2881-0
203,LEGZOP__ligand1499-0
204,LEGZOP__ligand17207-0
205,LEGZOP__ligand479-0
206,LEGZOP__ligand31578-0
207,LEGZOP__ligand20539-0
208,LEGZOP__ligand5085-0
209,LEGZOP__ligand3144-0
210,LEGZOP__ligand20251-0
211,LEGZOP__ligand20214-0
212,LEGZOP__ligand30702-0
213,LEGZOP__ligand5755-0
214,LEGZOP__ligand31097-0
215,LEGZOP__ligand21581-0
216,LEGZOP__ligand196-0
217,LEGZOP__ligand4710-0
218,LEGZOP__ligand7213-0
219,LEGZOP__ligand1397-0
220,LEGZOP__ligand17261-0
221,LEGZOP__ligand1828-0
222,LEGZOP__ligand14117-0
223,LEGZOP__ligand6112-0
224,LEGZOP__ligand69-0
225,LEGZOP__ligand8042-0
226,LEGZOP__ligand11-0
227,LEGZOP__ligand20419-0
228,LEGZOP__ligand1786-0
229,LEGZOP__ligand17118-0
230,LEGZOP__ligand21371-0
231,LEGZOP__ligand28789-0
232,LEGZOP__ligand5630-0
233,LEGZOP__ligand422-0
234,LEGZOP__ligand29568-0
235,LEGZOP__ligand686-0
236,LEGZOP__ligand1908-0
237,LEGZOP__ligand4795-0
238,LEGZOP__ligand3285-0
239,LEGZOP__ligand30851-0
240,LEGZOP__ligand14889-0
241,LEGZOP__ligand1831-0
242,LEGZOP__ligand17278-0
243,LEGZOP__ligand20011-0
244,LEGZOP__ligand5614-0
245,LEGZOP__ligand5280-0
246,LEGZOP__ligand29414-0
247,LEGZOP__ligand17982-0
248,LEGZOP__ligand6663-0
249,LEGZOP__ligand393-0
250,LEGZOP__ligand5515-0
251,LEGZOP__ligand17398-0
252,LEGZOP__ligand11675-0
253,LEGZOP__ligand20598-0
254,LEGZOP__ligand10589-0
255,LEGZOP__ligand22557-0
256,LEGZOP__ligand24047-0
257,LEGZOP__ligand3261-0
258,LEGZOP__ligand1152-0
259,LEGZOP__ligand16475-0
260,LEGZOP__ligand14703-0
261,LEGZOP__ligand5019-0
262,LEGZOP__ligand1216-0
263,LEGZOP__ligand1849-0
264,LEGZOP__ligand20251-1
265,LEGZOP__ligand353-0
266,LEGZOP__ligand1539-0
267,LEGZOP__ligand25411-0
268,LEGZOP__ligand1150-0
269,LEGZOP__ligand780-0
270,LEGZOP__ligand314-0
271,LEGZOP__ligand3416-0
272,LEGZOP__ligand3453-0
273,LEGZOP__ligand10712-0
274,LEGZOP__ligand14174-0
275,LEGZOP__ligand813-0
276,LEGZOP__ligand4207-0
277,LEGZOP__ligand11456-0
278,LEGZOP__ligand12030-0
279,LEGZOP__ligand3042-0
280,LEGZOP__ligand29879-0
281,LEGZOP__ligand391-0
282,LEGZOP__ligand14248-0
283,LEGZOP__ligand13331-0
284,LEGZOP__ligand28884-0
285,LEGZOP__ligand4063-0
286,LEGZOP__ligand8200-0
287,LEGZOP__ligand7438-0
288,LEGZOP__ligand31832-0
289,LEGZOP__ligand618-0
290,LEGZOP__ligand13294-0
291,LEGZOP__ligand1817-0
292,LEGZOP__ligand6993-0
293,LEGZOP__ligand465-0
294,LEGZOP__ligand1779-0
295,LEGZOP__ligand9750-0
296,LEGZOP__ligand27482-0
297,LEGZOP__ligand26810-0
298,LEGZOP__ligand7075-0
299,LEGZOP__ligand1149-0
300,LEGZOP__ligand3557-0
301,LEGZOP__ligand3980-0
302,LEGZOP__ligand13208-0
303,LEGZOP__ligand1288-0
304,LEGZOP__ligand20682-0
305,LEGZOP__ligand314-1
306,LEGZOP__ligand9491-0
307,LEGZOP__ligand13390-0
308,LEGZOP__ligand4266-0
309,LEGZOP__ligand1400-0
310,LEGZOP__ligand4167-0
311,LEGZOP__ligand17302-0
312,LEGZOP__ligand17805-0
313,LEGZOP__ligand115-0
314,LEGZOP__ligand24185-0
315,LEGZOP__ligand2027-0
316,LEGZOP__ligand23769-0
317,LEGZOP__ligand17-0
318,LEGZOP__ligand1050-0
319,LEGZOP__ligand1015-0
320,LEGZOP__ligand25178-0
321,LEGZOP__ligand1028-0
322,LEGZOP__ligand15585-0
323,LEGZOP__ligand12401-0
324,LEGZOP__ligand24145-0
325,LEGZOP__ligand10476-0
326,LEGZOP__ligand19830-0
327,LEGZOP__ligand833-0
328,LEGZOP__ligand13068-0
329,LEGZOP__ligand4262-0
330,LEGZOP__ligand13658-0
331,LEGZOP__ligand26702-0
332,LEGZOP__ligand12289-0
333,LEGZOP__ligand18292-0
334,LEGZOP__ligand17387-0
335,LEGZOP__ligand12130-0
336,LEGZOP__ligand2692-0
337,LEGZOP__ligand12231-0
338,LEGZOP__ligand1618-0
339,LEGZOP__ligand19057-0
340,LEGZOP__ligand18814-0
341,LEGZOP__ligand784-0
342,LEGZOP__ligand4596-0
343,LEGZOP__ligand1498-0
344,LEGZOP__ligand29302-0
345,LEGZOP__ligand13425-0
346,LEGZOP__ligand1154-0
347,LEGZOP__ligand10262-0
348,LEGZOP__ligand28676-0
349,LEGZOP__ligand9615-0
350,LEGZOP__ligand27763-0
351,LEGZOP__ligand12641-0
352,LEGZOP__ligand10958-0
353,LEGZOP__ligand8529-0
354,LEGZOP__ligand1169-0
355,LEGZOP__ligand368-0
356,LEGZOP__ligand14108-0
357,LEGZOP__ligand395-0
358,LEGZOP__ligand30333-0
359,LEGZOP__ligand8593-0
360,LEGZOP__ligand12606-0
361,LEGZOP__ligand9944-0
362,LEGZOP__ligand176-0
363,LEGZOP__ligand30296-0
364,LEGZOP__ligand746-0
365,LEGZOP__ligand2001-0
366,LEGZOP__ligand17281-0
367,LEGZOP__ligand89-0
368,LEGZOP__ligand7566-0
369,LEGZOP__ligand447-0
370,LEGZOP__ligand26540-0
371,LEGZOP__ligand29410-0
372,LEGZOP__ligand12337-0
373,LEGZOP__ligand12427-0
374,LEGZOP__ligand28468-0
375,LEGZOP__ligand20740-0
376,LEGZOP__ligand5201-0
377,LEGZOP__ligand487-0
378,LEGZOP__ligand16628-0
379,LEGZOP__ligand49-0
380,LEGZOP__ligand27460-0
381,LEGZOP__ligand1113-0
382,LEGZOP__ligand8553-0
383,LEGZOP__ligand23713-0
384,LEGZOP__ligand18832-0
385,LEGZOP__ligand27175-0
386,LEGZOP__ligand4124-0
387,LEGZOP__ligand3471-0
388,LEGZOP__ligand4161-0
389,LEGZOP__ligand30988-0
390,LEGZOP__ligand14723-0
391,LEGZOP__ligand506-0
392,LEGZOP__ligand27893-0
393,LEGZOP__ligand15422-0
394,LEGZOP__ligand12934-0
395,LEGZOP__ligand20578-0
396,LEGZOP__ligand19641-0
397,LEGZOP__ligand5415-0
398,LEGZOP__ligand4340-0
399,LEGZOP__ligand2281-0
400,LEGZOP__ligand2650-0
401,LEGZOP__ligand152-0
402,LEGZOP__ligand3180-0
403,LEGZOP__ligand31783-0
404,LEGZOP__ligand14297-0
405,LEGZOP__ligand14603-0
406,LEGZOP__ligand17258-0
407,LEGZOP__ligand6995-0
408,LEGZOP__ligand13012-0
409,LEGZOP__ligand17631-0
410,LEGZOP__ligand26665-0
411,LEGZOP__ligand2823-0
412,LEGZOP__ligand1900-0
413,LEGZOP__ligand9197-0
414,LEGZOP__ligand2328-0
415,LEGZOP__ligand14167-0
416,LEGZOP__ligand13477-0
417,LEGZOP__ligand4581-0
418,LEGZOP__ligand1773-0
419,LEGZOP__ligand3029-0
420,LEGZOP__ligand27669-0
421,LEGZOP__ligand30142-0
422,LEGZOP__ligand19-0
423,LEGZOP__ligand845-0
424,LEGZOP__ligand7162-0
425,LEGZOP__ligand29029-0
426,LEGZOP__ligand1327-0
427,LEGZOP__ligand27285-0
428,LEGZOP__ligand6672-0
429,LEGZOP__ligand9809-0
430,LEGZOP__ligand24-0
431,LEGZOP__ligand8722-0
432,LEGZOP__ligand2781-0
433,LEGZOP__ligand7573-0
434,LEGZOP__ligand3350-0
435,LEGZOP__ligand3208-0
436,LEGZOP__ligand2208-0
437,LEGZOP__ligand23197-0
438,LEGZOP__ligand3-0
439,LEGZOP__ligand163-0
440,LEGZOP__ligand126-0
441,LEGZOP__ligand7557-0
442,LEGZOP__ligand1496-0
443,LEGZOP__ligand10371-0
444,LEGZOP__ligand45-0
445,LEGZOP__ligand777-0
446,LEGZOP__ligand596-0
447,LEGZOP__ligand941-0
448,LEGZOP__ligand1533-0
449,LEGZOP__ligand13672-0
450,LEGZOP__ligand28685-0
451,LEGZOP__ligand18568-0
452,LEGZOP__ligand19184-0
453,LEGZOP__ligand187-0
454,LEGZOP__ligand657-0
455,LEGZOP__ligand5892-0
456,LEGZOP__ligand5094-0
457,LEGZOP__ligand78-0
458,LEGZOP__ligand28459-0
459,LEGZOP__ligand1712-0
460,LEGZOP__ligand4131-0
461,LEGZOP__ligand366-0
462,LEGZOP__ligand18448-0
463,LEGZOP__ligand12453-0
464,LEGZOP__ligand20207-0
465,LEGZOP__ligand30711-0
466,LEGZOP__ligand3157-0
467,LEGZOP__ligand11682-0
468,LEGZOP__ligand178-0
469,LEGZOP__ligand1165-0
470,LEGZOP__ligand185-0
471,LEGZOP__ligand279-0
472,LEGZOP__ligand9525-0
473,LEGZOP__ligand25913-0
474,LEGZOP__ligand5935-0
475,LEGZOP__ligand321-0
476,LEGZOP__ligand16988-0
477,LEGZOP__ligand1379-0
478,LEGZOP__ligand2722-0
479,LEGZOP__ligand3871-0
480,LEGZOP__ligand1469-0
481,LEGZOP__ligand16663-0
482,LEGZOP__ligand1768-0
483,LEGZOP__ligand14614-0
484,LEGZOP__ligand24035-0
485,LEGZOP__ligand5056-0
486,LEGZOP__ligand201-0
487,LEGZOP__ligand4850-0
488,LEGZOP__ligand1688-0
489,LEGZOP__ligand11994-0
490,LEGZOP__ligand31842-0
491,LEGZOP__ligand5357-0
492,LEGZOP__ligand31044-0
493,LEGZOP__ligand3647-0
494,LEGZOP__ligand10056-0
495,LEGZOP__ligand12365-0
496,LEGZOP__ligand1709-0
497,LEGZOP__ligand8464-0
498,LEGZOP__ligand338-0
499,LEGZOP__ligand8349-0
500,LEGZOP__ligand15531-0
501,LEGZOP__ligand28743-0
502,LEGZOP__ligand11357-0
503,LEGZOP__ligand13862-0
504,LEGZOP__ligand22294-0
505,LEGZOP__ligand28930-0
506,LEGZOP__ligand22168-0
507,LEGZOP__ligand2527-0
508,LEGZOP__ligand1-0
509,LEGZOP__ligand21919-0
510,LEGZOP__ligand11970-0
511,LEGZOP__ligand5849-0
512,LEGZOP__ligand15883-0
513,LEGZOP__ligand3392-0
514,LEGZOP__ligand24230-0
515,LEGZOP__ligand11447-0
516,LEGZOP__ligand11096-0
517,LEGZOP__ligand28810-0
518,LEGZOP__ligand4911-0
519,LEGZOP__ligand1771-0
520,LEGZOP__ligand10828-0
521,LEGZOP__ligand19792-0
522,LEGZOP__ligand15926-0
523,LEGZOP__ligand11949-0
524,LEGZOP__ligand9681-0
525,LEGZOP__ligand24780-0
526,LEGZOP__ligand4332-0
527,LEGZOP__ligand12138-0
528,LEGZOP__ligand22129-0
529,LEGZOP__ligand1449-0
530,LEGZOP__ligand67-0
531,LEGZOP__ligand384-0
532,LEGZOP__ligand25561-0
533,LEGZOP__ligand3012-0
534,LEGZOP__ligand7530-0
535,LEGZOP__ligand1065-0
536,LEGZOP__ligand31694-0
537,LEGZOP__ligand2403-0
538,LEGZOP__ligand768-0
539,LEGZOP__ligand29486-0
540,LEGZOP__ligand3934-0
541,LEGZOP__ligand17427-0
542,LEGZOP__ligand6455-0
543,LEGZOP__ligand6882-0
544,LEGZOP__ligand13385-0
545,LEGZOP__ligand6946-0
546,LEGZOP__ligand1415-0
547,LEGZOP__ligand14569-0
548,LEGZOP__ligand7529-0
549,LEGZOP__ligand22444-0
550,LEGZOP__ligand24111-0
551,LEGZOP__ligand11587-0
552,LEGZOP__ligand13220-0
553,LEGZOP__ligand9148-0
554,LEGZOP__ligand15788-0
555,LEGZOP__ligand23175-0
556,LEGZOP__ligand17396-0
557,LEGZOP__ligand30728-0
558,LEGZOP__ligand141-0
559,LEGZOP__ligand5316-0
560,LEGZOP__ligand27840-0
561,LEGZOP__ligand240-0
562,LEGZOP__ligand24872-0
563,LEGZOP__ligand5483-0
564,LEGZOP__ligand24644-0
565,LEGZOP__ligand5627-0
566,LEGZOP__ligand10033-0
567,LEGZOP__ligand1729-0
568,LEGZOP__ligand2830-0
569,LEGZOP__ligand12001-0
570,LEGZOP__ligand43-0
571,LEGZOP__ligand693-0
572,LEGZOP__ligand5813-0
573,LEGZOP__ligand4813-0
574,LEGZOP__ligand4738-0
575,LEGZOP__ligand29215-0
576,LEGZOP__ligand6062-0
577,LEGZOP__ligand12003-0
578,LEGZOP__ligand26631-0
579,LEGZOP__ligand16148-0
580,LEGZOP__ligand6283-0
581,LEGZOP__ligand10872-0
582,LEGZOP__ligand21399-0
583,LEGZOP__ligand22403-0
584,LEGZOP__ligand7107-0
585,LEGZOP__ligand27754-0
586,LEGZOP__ligand20695-0
587,LEGZOP__ligand11111-0
588,LEGZOP__ligand28540-0
589,LEGZOP__ligand3215-0
590,LEGZOP__ligand16369-0
591,LEGZOP__ligand2068-0
592,LEGZOP__ligand7925-0
593,LEGZOP__ligand26529-0
594,LEGZOP__ligand1147-0
595,LEGZOP__ligand11618-0
596,LEGZOP__ligand3973-0
597,LEGZOP__ligand2599-0
598,LEGZOP__ligand19927-0
599,LEGZOP__ligand122-0
600,LEGZOP__ligand4330-0
601,LEGZOP__ligand14043-0
602,LEGZOP__ligand26324-0
603,LEGZOP__ligand28559-0
604,LEGZOP__ligand7532-0
605,LEGZOP__ligand27239-0
606,LEGZOP__ligand21729-0
607,LEGZOP__ligand757-0
608,LEGZOP__ligand4194-0
609,LEGZOP__ligand11606-0
610,LEGZOP__ligand694-0
611,LEGZOP__ligand1631-0
612,LEGZOP__ligand9933-0
613,LEGZOP__ligand31000-0
614,LEGZOP__ligand1530-0
615,LEGZOP__ligand1575-0
616,LEGZOP__ligand26673-0
617,LEGZOP__ligand488-0
618,LEGZOP__ligand2332-0
619,LEGZOP__ligand430-0
620,LEGZOP__ligand20821-0
621,LEGZOP__ligand9441-0
622,LEGZOP__ligand358-0
623,LEGZOP__ligand6244-0
624,LEGZOP__ligand1378-0
625,LEGZOP__ligand18067-0
626,LEGZOP__ligand19824-0
627,LEGZOP__ligand3156-0
628,LEGZOP__ligand2915-0
629,LEGZOP__ligand11252-0
630,LEGZOP__ligand13260-0
631,LEGZOP__ligand10582-0
632,LEGZOP__ligand3707-0
633,LEGZOP__ligand6124-0
634,LEGZOP__ligand7967-0
635,LEGZOP__ligand4116-0
636,LEGZOP__ligand31205-0
637,LEGZOP__ligand1018-0
638,LEGZOP__ligand25658-0
639,LEGZOP__ligand17686-0
640,LEGZOP__ligand11177-0
641,LEGZOP__ligand8992-0
642,LEGZOP__ligand534-0
643,LEGZOP__ligand571-0
644,LEGZOP__ligand9601-0
645,LEGZOP__ligand15455-0
646,LEGZOP__ligand670-0
647,LEGZOP__ligand9111-0
648,LEGZOP__ligand9952-0
649,LEGZOP__ligand16870-0
650,LEGZOP__ligand5036-0
651,LEGZOP__ligand2526-0
652,LEGZOP__ligand1615-0
653,LEGZOP__ligand11622-0
654,LEGZOP__ligand11814-0
655,LEGZOP__ligand5643-0
656,LEGZOP__ligand1823-0
657,LEGZOP__ligand16603-0
658,LEGZOP__ligand8721-0
659,LEGZOP__ligand1324-0
660,LEGZOP__ligand24851-0
661,LEGZOP__ligand226-0
662,LEGZOP__ligand14302-0
663,LEGZOP__ligand13657-0
664,LEGZOP__ligand14347-0
665,LEGZOP__ligand11698-0
666,LEGZOP__ligand162-0
667,LEGZOP__ligand20530-0
668,LEGZOP__ligand11479-0
669,LEGZOP__ligand383-0
670,LEGZOP__ligand10479-0
671,LEGZOP__ligand27610-0
672,LEGZOP__ligand416-0
673,LEGZOP__ligand4641-0
674,LEGZOP__ligand10853-0
675,LEGZOP__ligand29441-0
676,LEGZOP__ligand16952-0
677,LEGZOP__ligand29813-0
678,LEGZOP__ligand2028-0
679,LEGZOP__ligand8835-0
680,LEGZOP__ligand18-0
681,LEGZOP__ligand7126-0
682,LEGZOP__ligand20220-0
683,LEGZOP__ligand3234-0
684,LEGZOP__ligand20121-0
685,LEGZOP__ligand1142-0
686,LEGZOP__ligand15387-0
687,LEGZOP__ligand6904-0
688,LEGZOP__ligand3721-0
689,LEGZOP__ligand6596-0
690,LEGZOP__ligand6102-0
691,LEGZOP__ligand3465-0
692,LEGZOP__ligand10151-0
693,LEGZOP__ligand7819-0
694,LEGZOP__ligand2917-0
695,LEGZOP__ligand656-0
696,LEGZOP__ligand2295-0
697,LEGZOP__ligand19906-0
698,LEGZOP__ligand6067-0
699,LEGZOP__ligand1577-0
700,LEGZOP__ligand19668-0
701,LEGZOP__ligand696-0
702,LEGZOP__ligand22353-0
703,LEGZOP__ligand4620-0
704,LEGZOP__ligand14477-0
705,LEGZOP__ligand1263-0
706,LEGZOP__ligand17069-0
707,LEGZOP__ligand9908-0
708,LEGZOP__ligand17445-0
709,LEGZOP__ligand20731-0
710,LEGZOP__ligand7242-0
711,LEGZOP__ligand326-0
712,LEGZOP__ligand29334-0
713,LEGZOP__ligand12413-0
714,LEGZOP__ligand38-0
715,LEGZOP__ligand11798-0
716,LEGZOP__ligand7106-0
717,LEGZOP__ligand3718-0
718,LEGZOP__ligand21448-0
719,LEGZOP__ligand3035-0
720,LEGZOP__ligand1343-0
721,LEGZOP__ligand3876-0
722,LEGZOP__ligand6616-0
723,LEGZOP__ligand11758-0
724,LEGZOP__ligand436-0
725,LEGZOP__ligand22357-0
726,LEGZOP__ligand4661-0
727,LEGZOP__ligand1844-0
728,LEGZOP__ligand692-0
729,LEGZOP__ligand3504-0
730,LEGZOP__ligand1959-0
731,LEGZOP__ligand29214-0
732,LEGZOP__ligand1536-0
733,LEGZOP__ligand1573-0
734,LEGZOP__ligand9935-0
735,LEGZOP__ligand11544-0
736,LEGZOP__ligand11501-0
737,LEGZOP__ligand27550-0
738,LEGZOP__ligand2485-0
739,LEGZOP__ligand3852-0
740,LEGZOP__ligand6919-0
741,LEGZOP__ligand5331-0
742,LEGZOP__ligand1512-0
743,LEGZOP__ligand14007-0
744,LEGZOP__ligand3565-0
745,LEGZOP__ligand18019-1
746,LEGZOP__ligand4720-0
747,LEGZOP__ligand23682-0
748,LEGZOP__ligand29565-0
749,LEGZOP__ligand3937-0
750,LEGZOP__ligand1202-0
751,LEGZOP__ligand27771-0
752,LEGZOP__ligand3174-0
753,LEGZOP__ligand3131-0
754,LEGZOP__ligand8969-0
755,LEGZOP__ligand633-0
756,LEGZOP__ligand18158-0
757,LEGZOP__ligand6839-0
758,LEGZOP__ligand16956-0
759,LEGZOP__ligand14226-0
760,LEGZOP__ligand21339-0
761,LEGZOP__ligand20942-1
762,LEGZOP__ligand497-0
763,LEGZOP__ligand5211-0
764,LEGZOP__ligand3094-0
765,LEGZOP__ligand4155-0
766,LEGZOP__ligand588-0
767,LEGZOP__ligand9291-0
768,LEGZOP__ligand2176-0
769,LEGZOP__ligand14339-0
770,LEGZOP__ligand13691-0
771,LEGZOP__ligand30788-0
772,LEGZOP__ligand2232-0
773,LEGZOP__ligand4157-0
774,LEGZOP__ligand21752-0
775,LEGZOP__ligand300-0
776,LEGZOP__ligand5256-0
777,LEGZOP__ligand2828-0
778,LEGZOP__ligand8876-0
779,LEGZOP__ligand7648-0
780,LEGZOP__ligand9833-0
781,LEGZOP__ligand66-0
782,LEGZOP__ligand24560-0
783,LEGZOP__ligand4503-0
784,LEGZOP__ligand18757-0
785,LEGZOP__ligand4546-0
786,LEGZOP__ligand24624-0
787,LEGZOP__ligand20844-0
788,LEGZOP__ligand18413-0
789,LEGZOP__ligand4-0
790,LEGZOP__ligand1285-0
791,LEGZOP__ligand199-0
792,LEGZOP__ligand7000-0
793,LEGZOP__ligand1982-0
794,LEGZOP__ligand6768-0
795,LEGZOP__ligand8115-0
796,LEGZOP__ligand7238-0
797,LEGZOP__ligand7280-0
798,LEGZOP__ligand1790-0
799,LEGZOP__ligand1304-0
800,LEGZOP__ligand42-0
801,LEGZOP__ligand6709-0
802,LEGZOP__ligand1219-0
803,LEGZOP__ligand7867-0
804,LEGZOP__ligand20557-0
805,LEGZOP__ligand30004-0
806,LEGZOP__ligand4016-0
807,LEGZOP__ligand1160-0
808,LEGZOP__ligand21940-0
809,LEGZOP__ligand8699-0
810,LEGZOP__ligand25048-0
811,LEGZOP__ligand9520-0
812,LEGZOP__ligand4442-0
813,LEGZOP__ligand4093-0
814,LEGZOP__ligand3954-0
815,LEGZOP__ligand13755-0
816,LEGZOP__ligand16133-0
817,LEGZOP__ligand7629-0
818,LEGZOP__ligand27122-0
819,LEGZOP__ligand1451-0
820,LEGZOP__ligand20432-0
821,LEGZOP__ligand4272-0
822,LEGZOP__ligand409-0
823,LEGZOP__ligand9784-0
824,LEGZOP__ligand23445-0
825,LEGZOP__ligand361-0
826,LEGZOP__ligand24953-0
827,LEGZOP__ligand324-0
