,TMC
0,AYEVEF__ligand4207-0
1,AYEVEF__ligand3416-0
2,AYEVEF__ligand57-0
3,AYEVEF__ligand3453-0
4,AYEVEF__ligand20682-0
5,AYEVEF__ligand1150-0
6,AYEVEF__ligand13390-0
7,AYEVEF__ligand1539-0
8,AYEVEF__ligand4063-0
9,AYEVEF__ligand7438-0
10,AYEVEF__ligand8200-0
11,AYEVEF__ligand27482-0
12,AYEVEF__ligand26810-0
13,AYEVEF__ligand13208-0
14,AYEVEF__ligand693-0
15,AYEVEF__ligand3042-0
16,AYEVEF__ligand1149-0
17,AYEVEF__ligand29879-0
18,AYEVEF__ligand14248-0
19,AYEVEF__ligand757-0
20,AYEVEF__ligand3557-0
21,AYEVEF__ligand3980-0
22,AYEVEF__ligand12030-0
23,AYEVEF__ligand7075-0
24,AYEVEF__ligand13331-0
25,AYEVEF__ligand28884-0
26,AYEVEF__ligand9750-0
27,AYEVEF__ligand122-0
28,AYEVEF__ligand13294-0
29,AYEVEF__ligand1817-0
30,AYEVEF__ligand6993-0
31,AYEVEF__ligand1779-0
32,AYEVEF__ligand31832-0
33,AYEVEF__ligand25411-0
34,AYEVEF__ligand4167-0
35,AYEVEF__ligand9491-0
36,AYEVEF__ligand4266-0
37,AYEVEF__ligand1400-0
38,AYEVEF__ligand10712-0
39,AYEVEF__ligand14174-0
40,AYEVEF__ligand11456-0
41,AYEVEF__ligand1288-0
42,AYEVEF__ligand6112-0
43,AYEVEF__ligand14703-0
44,AYEVEF__ligand16475-0
45,AYEVEF__ligand8042-0
46,AYEVEF__ligand1397-0
47,AYEVEF__ligand34-0
48,AYEVEF__ligand7213-0
49,AYEVEF__ligand1828-0
50,AYEVEF__ligand768-0
51,AYEVEF__ligand4710-0
52,AYEVEF__ligand5755-0
53,AYEVEF__ligand3144-0
54,AYEVEF__ligand20251-1
55,AYEVEF__ligand5085-0
56,AYEVEF__ligand29414-0
57,AYEVEF__ligand3285-0
58,AYEVEF__ligand4795-0
59,AYEVEF__ligand17982-0
60,AYEVEF__ligand20011-0
61,AYEVEF__ligand17278-0
62,AYEVEF__ligand384-0
63,AYEVEF__ligand1908-0
64,AYEVEF__ligand17398-0
65,AYEVEF__ligand5630-0
66,AYEVEF__ligand10589-0
67,AYEVEF__ligand22557-0
68,AYEVEF__ligand24047-0
69,AYEVEF__ligand11675-0
70,AYEVEF__ligand1786-0
71,AYEVEF__ligand20598-0
72,AYEVEF__ligand17118-0
73,AYEVEF__ligand21371-0
74,AYEVEF__ligand20419-0
75,AYEVEF__ligand28789-0
76,AYEVEF__ligand5515-0
77,AYEVEF__ligand240-0
78,AYEVEF__ligand6663-0
79,AYEVEF__ligand29568-0
80,AYEVEF__ligand5614-0
81,AYEVEF__ligand5280-0
82,AYEVEF__ligand141-0
83,AYEVEF__ligand1831-0
84,AYEVEF__ligand30851-0
85,AYEVEF__ligand68-0
86,AYEVEF__ligand14889-0
87,AYEVEF__ligand20251-0
88,AYEVEF__ligand1849-0
89,AYEVEF__ligand30702-0
90,AYEVEF__ligand20214-0
91,AYEVEF__ligand20539-0
92,AYEVEF__ligand55-0
93,AYEVEF__ligand21581-0
94,AYEVEF__ligand31097-0
95,AYEVEF__ligand1216-0
96,AYEVEF__ligand17261-0
97,AYEVEF__ligand14117-0
98,AYEVEF__ligand3261-0
99,AYEVEF__ligand1152-0
100,AYEVEF__ligand5019-0
101,AYEVEF__ligand7566-0
102,AYEVEF__ligand201-0
103,AYEVEF__ligand2001-0
104,AYEVEF__ligand91-0
105,AYEVEF__ligand31783-0
106,AYEVEF__ligand17258-0
107,AYEVEF__ligand9944-0
108,AYEVEF__ligand8593-0
109,AYEVEF__ligand14297-0
110,AYEVEF__ligand14603-0
111,AYEVEF__ligand26665-0
112,AYEVEF__ligand13012-0
113,AYEVEF__ligand17631-0
114,AYEVEF__ligand1113-0
115,AYEVEF__ligand8553-0
116,AYEVEF__ligand23713-0
117,AYEVEF__ligand18832-0
118,AYEVEF__ligand27175-0
119,AYEVEF__ligand30988-0
120,AYEVEF__ligand321-0
121,AYEVEF__ligand279-0
122,AYEVEF__ligand27893-0
123,AYEVEF__ligand5201-0
124,AYEVEF__ligand14723-0
125,AYEVEF__ligand185-0
126,AYEVEF__ligand178-0
127,AYEVEF__ligand19641-0
128,AYEVEF__ligand51-0
129,AYEVEF__ligand15422-0
130,AYEVEF__ligand20578-0
131,AYEVEF__ligand12934-0
132,AYEVEF__ligand28468-0
133,AYEVEF__ligand20740-0
134,AYEVEF__ligand12427-0
135,AYEVEF__ligand5415-0
136,AYEVEF__ligand16628-0
137,AYEVEF__ligand4124-0
138,AYEVEF__ligand4161-0
139,AYEVEF__ligand3471-0
140,AYEVEF__ligand27460-0
141,AYEVEF__ligand30333-0
142,AYEVEF__ligand2823-0
143,AYEVEF__ligand48-0
144,AYEVEF__ligand4-0
145,AYEVEF__ligand12606-0
146,AYEVEF__ligand6995-0
147,AYEVEF__ligand3180-0
148,AYEVEF__ligand17281-0
149,AYEVEF__ligand30296-0
150,AYEVEF__ligand2650-0
151,AYEVEF__ligand2281-0
152,AYEVEF__ligand29410-0
153,AYEVEF__ligand4340-0
154,AYEVEF__ligand12337-0
155,AYEVEF__ligand338-0
156,AYEVEF__ligand26540-0
157,AYEVEF__ligand126-0
158,AYEVEF__ligand163-0
159,AYEVEF__ligand1050-0
160,AYEVEF__ligand1015-0
161,AYEVEF__ligand12641-0
162,AYEVEF__ligand2027-0
163,AYEVEF__ligand10958-0
164,AYEVEF__ligand14108-0
165,AYEVEF__ligand2692-0
166,AYEVEF__ligand845-0
167,AYEVEF__ligand19057-0
168,AYEVEF__ligand18814-0
169,AYEVEF__ligand1618-0
170,AYEVEF__ligand29302-0
171,AYEVEF__ligand13425-0
172,AYEVEF__ligand4262-0
173,AYEVEF__ligand27763-0
174,AYEVEF__ligand1028-0
175,AYEVEF__ligand10262-0
176,AYEVEF__ligand28676-0
177,AYEVEF__ligand32-0
178,AYEVEF__ligand24145-0
179,AYEVEF__ligand9615-0
180,AYEVEF__ligand15585-0
181,AYEVEF__ligand12401-0
182,AYEVEF__ligand366-0
183,AYEVEF__ligand19830-0
184,AYEVEF__ligand13068-0
185,AYEVEF__ligand1154-0
186,AYEVEF__ligand10476-0
187,AYEVEF__ligand17387-0
188,AYEVEF__ligand12130-0
189,AYEVEF__ligand16-0
190,AYEVEF__ligand4596-0
191,AYEVEF__ligand657-0
192,AYEVEF__ligand13658-0
193,AYEVEF__ligand26702-0
194,AYEVEF__ligand12289-0
195,AYEVEF__ligand18292-0
196,AYEVEF__ligand1498-0
197,AYEVEF__ligand12231-0
198,AYEVEF__ligand187-0
199,AYEVEF__ligand17302-0
200,AYEVEF__ligand941-0
201,AYEVEF__ligand596-0
202,AYEVEF__ligand17805-0
203,AYEVEF__ligand8529-0
204,AYEVEF__ligand777-0
205,AYEVEF__ligand23769-0
206,AYEVEF__ligand1169-0
207,AYEVEF__ligand24185-0
208,AYEVEF__ligand25178-0
209,AYEVEF__ligand27074-0
210,AYEVEF__ligand1-0
211,AYEVEF__ligand5159-0
212,AYEVEF__ligand7196-0
213,AYEVEF__ligand9753-0
214,AYEVEF__ligand25805-0
215,AYEVEF__ligand22981-0
216,AYEVEF__ligand199-0
217,AYEVEF__ligand5530-0
218,AYEVEF__ligand20599-0
219,AYEVEF__ligand1787-0
220,AYEVEF__ligand1356-0
221,AYEVEF__ligand3178-0
222,AYEVEF__ligand14523-0
223,AYEVEF__ligand4807-0
224,AYEVEF__ligand27169-0
225,AYEVEF__ligand18391-0
226,AYEVEF__ligand25267-0
227,AYEVEF__ligand4711-0
228,AYEVEF__ligand10084-0
229,AYEVEF__ligand3244-0
230,AYEVEF__ligand12467-0
231,AYEVEF__ligand300-0
232,AYEVEF__ligand2906-0
233,AYEVEF__ligand13257-0
234,AYEVEF__ligand21936-0
235,AYEVEF__ligand8793-0
236,AYEVEF__ligand23904-0
237,AYEVEF__ligand5649-0
238,AYEVEF__ligand588-0
239,AYEVEF__ligand2788-0
240,AYEVEF__ligand4649-0
241,AYEVEF__ligand324-0
242,AYEVEF__ligand2124-0
243,AYEVEF__ligand361-0
244,AYEVEF__ligand8612-0
245,AYEVEF__ligand409-0
246,AYEVEF__ligand3225-0
247,AYEVEF__ligand1153-0
248,AYEVEF__ligand1116-0
249,AYEVEF__ligand7092-0
250,AYEVEF__ligand29863-0
251,AYEVEF__ligand2260-0
252,AYEVEF__ligand13869-0
253,AYEVEF__ligand18074-0
254,AYEVEF__ligand9323-0
255,AYEVEF__ligand11-0
256,AYEVEF__ligand29610-0
257,AYEVEF__ligand7273-0
258,AYEVEF__ligand7172-0
259,AYEVEF__ligand11140-0
260,AYEVEF__ligand5180-0
261,AYEVEF__ligand16791-0
262,AYEVEF__ligand69-0
263,AYEVEF__ligand28668-0
264,AYEVEF__ligand5708-0
265,AYEVEF__ligand7316-0
266,AYEVEF__ligand18465-0
267,AYEVEF__ligand18799-0
268,AYEVEF__ligand6017-0
269,AYEVEF__ligand8788-0
270,AYEVEF__ligand12660-0
271,AYEVEF__ligand1832-0
272,AYEVEF__ligand13209-0
273,AYEVEF__ligand19257-0
274,AYEVEF__ligand2043-0
275,AYEVEF__ligand692-0
276,AYEVEF__ligand436-0
277,AYEVEF__ligand31248-0
278,AYEVEF__ligand1228-0
279,AYEVEF__ligand9943-0
280,AYEVEF__ligand25650-0
281,AYEVEF__ligand1604-0
282,AYEVEF__ligand1114-0
283,AYEVEF__ligand9284-0
284,AYEVEF__ligand6391-0
285,AYEVEF__ligand3126-0
286,AYEVEF__ligand326-0
287,AYEVEF__ligand12519-0
288,AYEVEF__ligand25735-0
289,AYEVEF__ligand11206-0
290,AYEVEF__ligand2417-0
291,AYEVEF__ligand23124-0
292,AYEVEF__ligand30539-0
293,AYEVEF__ligand2203-0
294,AYEVEF__ligand5387-0
295,AYEVEF__ligand497-0
296,AYEVEF__ligand1289-0
297,AYEVEF__ligand23906-0
298,AYEVEF__ligand633-0
299,AYEVEF__ligand21132-0
300,AYEVEF__ligand11166-0
301,AYEVEF__ligand12295-0
302,AYEVEF__ligand9450-0
303,AYEVEF__ligand27835-0
304,AYEVEF__ligand3-0
305,AYEVEF__ligand25575-0
306,AYEVEF__ligand1599-0
307,AYEVEF__ligand21787-0
308,AYEVEF__ligand25689-0
309,AYEVEF__ligand2612-0
310,AYEVEF__ligand24750-0
311,AYEVEF__ligand8000-0
312,AYEVEF__ligand3736-0
313,AYEVEF__ligand9344-0
314,AYEVEF__ligand17945-0
315,AYEVEF__ligand5383-0
316,AYEVEF__ligand2693-0
317,AYEVEF__ligand25224-0
318,AYEVEF__ligand18013-0
319,AYEVEF__ligand3945-0
320,AYEVEF__ligand17207-0
321,AYEVEF__ligand31578-0
322,AYEVEF__ligand416-0
323,AYEVEF__ligand29087-0
324,AYEVEF__ligand9299-0
325,AYEVEF__ligand18703-0
326,AYEVEF__ligand2985-0
327,AYEVEF__ligand383-0
328,AYEVEF__ligand4007-0
329,AYEVEF__ligand162-0
330,AYEVEF__ligand28924-0
331,AYEVEF__ligand15438-0
332,AYEVEF__ligand3677-1
333,AYEVEF__ligand9883-0
334,AYEVEF__ligand226-0
335,AYEVEF__ligand7291-0
336,AYEVEF__ligand1294-0
337,AYEVEF__ligand1168-0
338,AYEVEF__ligand3632-0
339,AYEVEF__ligand3677-0
340,AYEVEF__ligand15168-0
341,AYEVEF__ligand24064-0
342,AYEVEF__ligand696-0
343,AYEVEF__ligand6699-0
344,AYEVEF__ligand23589-0
345,AYEVEF__ligand17-0
346,AYEVEF__ligand656-0
347,AYEVEF__ligand2881-0
348,AYEVEF__ligand1499-0
349,AYEVEF__ligand1464-0
350,AYEVEF__ligand3712-0
351,AYEVEF__ligand26277-0
352,AYEVEF__ligand29898-0
353,AYEVEF__ligand1211-0
354,AYEVEF__ligand22755-0
355,AYEVEF__ligand10432-0
356,AYEVEF__ligand6892-0
357,AYEVEF__ligand31618-0
358,AYEVEF__ligand11432-0
359,AYEVEF__ligand11568-0
360,AYEVEF__ligand20579-0
361,AYEVEF__ligand17710-0
362,AYEVEF__ligand4101-0
363,AYEVEF__ligand5595-0
364,AYEVEF__ligand2221-0
365,AYEVEF__ligand21421-0
366,AYEVEF__ligand3120-0
367,AYEVEF__ligand3926-0
368,AYEVEF__ligand11774-0
369,AYEVEF__ligand14586-0
370,AYEVEF__ligand4358-0
371,AYEVEF__ligand5099-0
372,AYEVEF__ligand24613-0
373,AYEVEF__ligand358-0
374,AYEVEF__ligand8592-0
375,AYEVEF__ligand430-0
376,AYEVEF__ligand1197-0
377,AYEVEF__ligand19725-0
378,AYEVEF__ligand2259-0
379,AYEVEF__ligand488-0
380,AYEVEF__ligand1296-0
381,AYEVEF__ligand10555-0
382,AYEVEF__ligand31483-0
383,AYEVEF__ligand694-0
384,AYEVEF__ligand5510-0
385,AYEVEF__ligand1376-0
386,AYEVEF__ligand9773-0
387,AYEVEF__ligand13072-0
388,AYEVEF__ligand2238-0
389,AYEVEF__ligand5304-0
390,AYEVEF__ligand12336-0
391,AYEVEF__ligand9167-0
392,AYEVEF__ligand2822-0
393,AYEVEF__ligand7293-0
394,AYEVEF__ligand1317-0
395,AYEVEF__ligand3867-0
396,AYEVEF__ligand49-0
397,AYEVEF__ligand670-0
398,AYEVEF__ligand1407-0
399,AYEVEF__ligand6117-0
400,AYEVEF__ligand12682-0
401,AYEVEF__ligand18699-0
402,AYEVEF__ligand571-0
403,AYEVEF__ligand534-0
404,AYEVEF__ligand5509-0
405,AYEVEF__ligand8002-0
406,AYEVEF__ligand89-0
407,AYEVEF__ligand17240-0
408,AYEVEF__ligand7762-0
409,AYEVEF__ligand5080-0
410,AYEVEF__ligand17590-0
411,AYEVEF__ligand4641-0
412,AYEVEF__ligand19668-0
413,AYEVEF__ligand19906-0
414,AYEVEF__ligand78-0
415,AYEVEF__ligand250-0
416,AYEVEF__ligand22353-0
417,AYEVEF__ligand1142-0
418,AYEVEF__ligand3234-0
419,AYEVEF__ligand370-0
420,AYEVEF__ligand8835-0
421,AYEVEF__ligand2028-0
422,AYEVEF__ligand7126-0
423,AYEVEF__ligand10151-0
424,AYEVEF__ligand45-0
425,AYEVEF__ligand7819-0
426,AYEVEF__ligand479-0
427,AYEVEF__ligand2917-0
428,AYEVEF__ligand785-0
429,AYEVEF__ligand311-0
430,AYEVEF__ligand16952-0
431,AYEVEF__ligand29813-0
432,AYEVEF__ligand620-0
433,AYEVEF__ligand3465-0
434,AYEVEF__ligand24-0
435,AYEVEF__ligand20220-0
436,AYEVEF__ligand370-1
437,AYEVEF__ligand564-0
438,AYEVEF__ligand6596-0
439,AYEVEF__ligand3721-0
440,AYEVEF__ligand6904-0
441,AYEVEF__ligand6102-0
442,AYEVEF__ligand15387-0
443,AYEVEF__ligand20121-0
444,AYEVEF__ligand188-0
445,AYEVEF__ligand24851-0
446,AYEVEF__ligand11698-0
447,AYEVEF__ligand19-0
448,AYEVEF__ligand20530-0
449,AYEVEF__ligand4620-0
450,AYEVEF__ligand14302-0
451,AYEVEF__ligand14347-0
452,AYEVEF__ligand13657-0
453,AYEVEF__ligand11479-0
454,AYEVEF__ligand27610-0
455,AYEVEF__ligand10479-0
456,AYEVEF__ligand10853-0
457,AYEVEF__ligand1577-0
458,AYEVEF__ligand6067-0
459,AYEVEF__ligand29441-0
460,AYEVEF__ligand2295-0
461,AYEVEF__ligand2332-0
462,AYEVEF__ligand16870-0
463,AYEVEF__ligand177-0
464,AYEVEF__ligand9441-0
465,AYEVEF__ligand11622-0
466,AYEVEF__ligand9933-0
467,AYEVEF__ligand1530-0
468,AYEVEF__ligand1575-0
469,AYEVEF__ligand11814-0
470,AYEVEF__ligand1631-0
471,AYEVEF__ligand16603-0
472,AYEVEF__ligand2915-0
473,AYEVEF__ligand3156-0
474,AYEVEF__ligand25658-0
475,AYEVEF__ligand17686-0
476,AYEVEF__ligand31205-0
477,AYEVEF__ligand1378-0
478,AYEVEF__ligand11177-0
479,AYEVEF__ligand909-0
480,AYEVEF__ligand6244-0
481,AYEVEF__ligand15455-0
482,AYEVEF__ligand9601-0
483,AYEVEF__ligand372-0
484,AYEVEF__ligand18067-0
485,AYEVEF__ligand19824-0
486,AYEVEF__ligand8992-0
487,AYEVEF__ligand830-0
488,AYEVEF__ligand11252-0
489,AYEVEF__ligand4116-0
490,AYEVEF__ligand1018-0
491,AYEVEF__ligand7967-0
492,AYEVEF__ligand193-0
493,AYEVEF__ligand13260-0
494,AYEVEF__ligand3707-0
495,AYEVEF__ligand10582-0
496,AYEVEF__ligand6124-0
497,AYEVEF__ligand8721-0
498,AYEVEF__ligand1324-0
499,AYEVEF__ligand252-0
500,AYEVEF__ligand11606-0
501,AYEVEF__ligand31000-0
502,AYEVEF__ligand1823-0
503,AYEVEF__ligand116-0
504,AYEVEF__ligand5643-0
505,AYEVEF__ligand1615-0
506,AYEVEF__ligand2526-0
507,AYEVEF__ligand5036-0
508,AYEVEF__ligand26673-0
509,AYEVEF__ligand9952-0
510,AYEVEF__ligand20821-0
511,AYEVEF__ligand9111-0
512,AYEVEF__ligand5256-0
513,AYEVEF__ligand197-0
514,AYEVEF__ligand25048-0
515,AYEVEF__ligand9833-0
516,AYEVEF__ligand8876-0
517,AYEVEF__ligand2828-0
518,AYEVEF__ligand21940-0
519,AYEVEF__ligand7648-0
520,AYEVEF__ligand43-0
521,AYEVEF__ligand4157-0
522,AYEVEF__ligand20432-0
523,AYEVEF__ligand27122-0
524,AYEVEF__ligand16133-0
525,AYEVEF__ligand13755-0
526,AYEVEF__ligand2232-0
527,AYEVEF__ligand9291-0
528,AYEVEF__ligand23445-0
529,AYEVEF__ligand24953-0
530,AYEVEF__ligand2176-0
531,AYEVEF__ligand1982-0
532,AYEVEF__ligand7000-0
533,AYEVEF__ligand8115-0
534,AYEVEF__ligand6768-0
535,AYEVEF__ligand1285-0
536,AYEVEF__ligand20557-0
537,AYEVEF__ligand30004-0
538,AYEVEF__ligand4503-0
539,AYEVEF__ligand4546-0
540,AYEVEF__ligand868-0
541,AYEVEF__ligand24560-0
542,AYEVEF__ligand18757-0
543,AYEVEF__ligand4016-0
544,AYEVEF__ligand24624-0
545,AYEVEF__ligand20844-0
546,AYEVEF__ligand1219-0
547,AYEVEF__ligand18413-0
548,AYEVEF__ligand6709-0
549,AYEVEF__ligand7867-0
550,AYEVEF__ligand1790-0
551,AYEVEF__ligand1304-0
552,AYEVEF__ligand7280-0
553,AYEVEF__ligand7238-0
554,AYEVEF__ligand9784-0
555,AYEVEF__ligand14339-0
556,AYEVEF__ligand67-0
557,AYEVEF__ligand7629-0
558,AYEVEF__ligand13691-0
559,AYEVEF__ligand1451-0
560,AYEVEF__ligand30788-0
561,AYEVEF__ligand4272-0
562,AYEVEF__ligand352-0
563,AYEVEF__ligand783-0
564,AYEVEF__ligand4093-0
565,AYEVEF__ligand4442-0
566,AYEVEF__ligand3954-0
567,AYEVEF__ligand21752-0
568,AYEVEF__ligand8699-0
569,AYEVEF__ligand1160-0
570,AYEVEF__ligand9520-0
571,AYEVEF__ligand29565-0
572,AYEVEF__ligand7106-0
573,AYEVEF__ligand560-0
574,AYEVEF__ligand23682-0
575,AYEVEF__ligand7242-0
576,AYEVEF__ligand18158-0
577,AYEVEF__ligand27771-0
578,AYEVEF__ligand16956-0
579,AYEVEF__ligand21339-0
580,AYEVEF__ligand14226-0
581,AYEVEF__ligand20942-1
582,AYEVEF__ligand9908-0
583,AYEVEF__ligand1263-0
584,AYEVEF__ligand1536-0
585,AYEVEF__ligand1573-0
586,AYEVEF__ligand9935-0
587,AYEVEF__ligand27550-0
588,AYEVEF__ligand3504-0
589,AYEVEF__ligand1959-0
590,AYEVEF__ligand1844-0
591,AYEVEF__ligand4661-0
592,AYEVEF__ligand134-0
593,AYEVEF__ligand18019-1
594,AYEVEF__ligand3718-0
595,AYEVEF__ligand1343-0
596,AYEVEF__ligand3876-0
597,AYEVEF__ligand3035-0
598,AYEVEF__ligand6616-0
599,AYEVEF__ligand235-0
600,AYEVEF__ligand14007-0
601,AYEVEF__ligand3565-0
602,AYEVEF__ligand21448-0
603,AYEVEF__ligand11758-0
604,AYEVEF__ligand22357-0
605,AYEVEF__ligand1512-0
606,AYEVEF__ligand5331-0
607,AYEVEF__ligand421-0
608,AYEVEF__ligand3852-0
609,AYEVEF__ligand29214-0
610,AYEVEF__ligand2485-0
611,AYEVEF__ligand685-0
612,AYEVEF__ligand6919-0
613,AYEVEF__ligand11544-0
614,AYEVEF__ligand11501-0
615,AYEVEF__ligand17069-0
616,AYEVEF__ligand14477-0
617,AYEVEF__ligand294-0
618,AYEVEF__ligand4155-0
619,AYEVEF__ligand3094-0
620,AYEVEF__ligand5211-0
621,AYEVEF__ligand17445-0
622,AYEVEF__ligand8969-0
623,AYEVEF__ligand29334-0
624,AYEVEF__ligand3174-0
625,AYEVEF__ligand3937-0
626,AYEVEF__ligand1202-0
627,AYEVEF__ligand12413-0
628,AYEVEF__ligand3131-0
629,AYEVEF__ligand6839-0
630,AYEVEF__ligand20731-0
631,AYEVEF__ligand4720-0
632,AYEVEF__ligand11798-0
633,AYEVEF__ligand1379-0
634,AYEVEF__ligand11970-0
635,AYEVEF__ligand2722-0
636,AYEVEF__ligand5935-0
637,AYEVEF__ligand15883-0
638,AYEVEF__ligand11447-0
639,AYEVEF__ligand11096-0
640,AYEVEF__ligand487-0
641,AYEVEF__ligand1165-0
642,AYEVEF__ligand28810-0
643,AYEVEF__ligand9525-0
644,AYEVEF__ligand24230-0
645,AYEVEF__ligand15926-0
646,AYEVEF__ligand3157-0
647,AYEVEF__ligand10828-0
648,AYEVEF__ligand19792-0
649,AYEVEF__ligand1688-0
650,AYEVEF__ligand10056-0
651,AYEVEF__ligand12365-0
652,AYEVEF__ligand3647-0
653,AYEVEF__ligand5357-0
654,AYEVEF__ligand447-0
655,AYEVEF__ligand4850-0
656,AYEVEF__ligand15531-0
657,AYEVEF__ligand28743-0
658,AYEVEF__ligand13862-0
659,AYEVEF__ligand11357-0
660,AYEVEF__ligand746-0
661,AYEVEF__ligand5056-0
662,AYEVEF__ligand28930-0
663,AYEVEF__ligand22168-0
664,AYEVEF__ligand176-0
665,AYEVEF__ligand1768-0
666,AYEVEF__ligand22294-0
667,AYEVEF__ligand3871-0
668,AYEVEF__ligand21919-0
669,AYEVEF__ligand1469-0
670,AYEVEF__ligand16663-0
671,AYEVEF__ligand2527-0
672,AYEVEF__ligand14614-0
673,AYEVEF__ligand24035-0
674,AYEVEF__ligand31842-0
675,AYEVEF__ligand8464-0
676,AYEVEF__ligand31044-0
677,AYEVEF__ligand1709-0
678,AYEVEF__ligand152-0
679,AYEVEF__ligand11994-0
680,AYEVEF__ligand8349-0
681,AYEVEF__ligand11682-0
682,AYEVEF__ligand4911-0
683,AYEVEF__ligand1771-0
684,AYEVEF__ligand30711-0
685,AYEVEF__ligand20207-0
686,AYEVEF__ligand506-0
687,AYEVEF__ligand3392-0
688,AYEVEF__ligand25913-0
689,AYEVEF__ligand16988-0
690,AYEVEF__ligand5849-0
691,AYEVEF__ligand3029-0
692,AYEVEF__ligand19184-0
693,AYEVEF__ligand7162-0
694,AYEVEF__ligand2328-0
695,AYEVEF__ligand8-0
696,AYEVEF__ligand4581-0
697,AYEVEF__ligand1773-0
698,AYEVEF__ligand833-0
699,AYEVEF__ligand1900-0
700,AYEVEF__ligand9197-0
701,AYEVEF__ligand18448-0
702,AYEVEF__ligand12453-0
703,AYEVEF__ligand28459-0
704,AYEVEF__ligand2208-0
705,AYEVEF__ligand3208-0
706,AYEVEF__ligand10371-0
707,AYEVEF__ligand3350-0
708,AYEVEF__ligand13672-0
709,AYEVEF__ligand2781-0
710,AYEVEF__ligand115-0
711,AYEVEF__ligand7573-0
712,AYEVEF__ligand28685-0
713,AYEVEF__ligand1327-0
714,AYEVEF__ligand9809-0
715,AYEVEF__ligand6672-0
716,AYEVEF__ligand18568-0
717,AYEVEF__ligand8722-0
718,AYEVEF__ligand395-0
719,AYEVEF__ligand29029-0
720,AYEVEF__ligand27285-0
721,AYEVEF__ligand1533-0
722,AYEVEF__ligand368-0
723,AYEVEF__ligand23197-0
724,AYEVEF__ligand18-0
725,AYEVEF__ligand1496-0
726,AYEVEF__ligand7557-0
727,AYEVEF__ligand1712-0
728,AYEVEF__ligand4131-0
729,AYEVEF__ligand5892-0
730,AYEVEF__ligand13477-0
731,AYEVEF__ligand784-0
732,AYEVEF__ligand14167-0
733,AYEVEF__ligand5094-0
734,AYEVEF__ligand30142-0
735,AYEVEF__ligand27669-0
736,AYEVEF__ligand618-0
737,AYEVEF__ligand19927-0
738,AYEVEF__ligand26324-0
739,AYEVEF__ligand28559-0
740,AYEVEF__ligand6283-0
741,AYEVEF__ligand14043-0
742,AYEVEF__ligand27239-0
743,AYEVEF__ligand6062-0
744,AYEVEF__ligand21729-0
745,AYEVEF__ligand4813-0
746,AYEVEF__ligand391-0
747,AYEVEF__ligand5813-0
748,AYEVEF__ligand4738-0
749,AYEVEF__ligand813-0
750,AYEVEF__ligand3215-0
751,AYEVEF__ligand314-0
752,AYEVEF__ligand26529-0
753,AYEVEF__ligand780-0
754,AYEVEF__ligand7107-0
755,AYEVEF__ligand11618-0
756,AYEVEF__ligand3973-0
757,AYEVEF__ligand22403-0
758,AYEVEF__ligand1147-0
759,AYEVEF__ligand27754-0
760,AYEVEF__ligand20695-0
761,AYEVEF__ligand314-1
762,AYEVEF__ligand16369-0
763,AYEVEF__ligand2068-0
764,AYEVEF__ligand11111-0
765,AYEVEF__ligand7925-0
766,AYEVEF__ligand28540-0
767,AYEVEF__ligand4194-0
768,AYEVEF__ligand29215-0
769,AYEVEF__ligand7532-0
770,AYEVEF__ligand38-0
771,AYEVEF__ligand16148-0
772,AYEVEF__ligand26631-0
773,AYEVEF__ligand12003-0
774,AYEVEF__ligand2599-0
775,AYEVEF__ligand4330-0
776,AYEVEF__ligand10872-0
777,AYEVEF__ligand21399-0
778,AYEVEF__ligand465-0
779,AYEVEF__ligand27840-0
780,AYEVEF__ligand1065-0
781,AYEVEF__ligand30728-0
782,AYEVEF__ligand7530-0
783,AYEVEF__ligand24872-0
784,AYEVEF__ligand1449-0
785,AYEVEF__ligand3012-0
786,AYEVEF__ligand686-0
787,AYEVEF__ligand4332-0
788,AYEVEF__ligand10033-0
789,AYEVEF__ligand422-0
790,AYEVEF__ligand24644-0
791,AYEVEF__ligand12001-0
792,AYEVEF__ligand9681-0
793,AYEVEF__ligand14569-0
794,AYEVEF__ligand13385-0
795,AYEVEF__ligand6455-0
796,AYEVEF__ligand6882-0
797,AYEVEF__ligand22444-0
798,AYEVEF__ligand24111-0
799,AYEVEF__ligand3934-0
800,AYEVEF__ligand196-0
801,AYEVEF__ligand11587-0
802,AYEVEF__ligand13220-0
803,AYEVEF__ligand2403-0
804,AYEVEF__ligand17396-0
805,AYEVEF__ligand42-0
806,AYEVEF__ligand15788-0
807,AYEVEF__ligand23175-0
808,AYEVEF__ligand353-0
809,AYEVEF__ligand9148-0
810,AYEVEF__ligand31694-0
811,AYEVEF__ligand29486-0
812,AYEVEF__ligand7529-0
813,AYEVEF__ligand66-0
814,AYEVEF__ligand17427-0
815,AYEVEF__ligand6946-0
816,AYEVEF__ligand1415-0
817,AYEVEF__ligand2830-0
818,AYEVEF__ligand11949-0
819,AYEVEF__ligand22129-0
820,AYEVEF__ligand5627-0
821,AYEVEF__ligand24780-0
822,AYEVEF__ligand12138-0
823,AYEVEF__ligand1729-0
824,AYEVEF__ligand25561-0
825,AYEVEF__ligand5483-0
826,AYEVEF__ligand393-0
827,AYEVEF__ligand5316-0
