,TMC
0,WOSLAT__ligand2915-0
1,WOSLAT__ligand682-0
2,WOSLAT__ligand3196-0
3,WOSLAT__ligand4012-0
4,WOSLAT__ligand447-0
5,WOSLAT__ligand4-0
6,WOSLAT__ligand1551-0
7,WOSLAT__ligand133-0
8,WOSLAT__ligand17-0
9,WOSLAT__ligand2526-0
10,WOSLAT__ligand92-0
11,WOSLAT__ligand522-0
12,WOSLAT__ligand666-0
13,WOSLAT__ligand1690-0
14,WOSLAT__ligand2707-0
15,WOSLAT__ligand487-0
16,WOSLAT__ligand2618-0
17,WOSLAT__ligand3618-0
18,WOSLAT__ligand784-0
19,WOSLAT__ligand355-0
20,WOSLAT__ligand485-0
21,WOSLAT__ligand1436-0
22,WOSLAT__ligand6-0
23,WOSLAT__ligand4370-0
24,WOSLAT__ligand115-0
25,WOSLAT__ligand89-0
26,WOSLAT__ligand1918-0
27,WOSLAT__ligand2255-0
28,WOSLAT__ligand291-0
29,WOSLAT__ligand49-0
30,WOSLAT__ligand4175-0
31,WOSLAT__ligand210-0
32,WOSLAT__ligand9176-0
33,WOSLAT__ligand2718-0
34,WOSLAT__ligand3035-0
35,WOSLAT__ligand3070-0
36,WOSLAT__ligand1493-0
37,WOSLAT__ligand4619-0
38,WOSLAT__ligand6143-0
39,WOSLAT__ligand5235-0
40,WOSLAT__ligand3251-0
41,WOSLAT__ligand481-0
42,WOSLAT__ligand314-0
43,WOSLAT__ligand1818-0
44,WOSLAT__ligand7456-0
45,WOSLAT__ligand170-0
46,WOSLAT__ligand11-0
47,WOSLAT__ligand5758-0
48,WOSLAT__ligand3478-0
49,WOSLAT__ligand3852-0
50,WOSLAT__ligand391-0
51,WOSLAT__ligand1285-0
52,WOSLAT__ligand236-0
53,WOSLAT__ligand1555-0
54,WOSLAT__ligand7630-0
55,WOSLAT__ligand3890-0
56,WOSLAT__ligand353-0
57,WOSLAT__ligand4423-0
58,WOSLAT__ligand1907-0
59,WOSLAT__ligand2762-0
60,WOSLAT__ligand1038-0
61,WOSLAT__ligand1160-0
62,WOSLAT__ligand2253-0
63,WOSLAT__ligand196-0
64,WOSLAT__ligand502-0
65,WOSLAT__ligand5093-0
66,WOSLAT__ligand2954-0
67,WOSLAT__ligand113-0
68,WOSLAT__ligand7550-0
69,WOSLAT__ligand422-0
70,WOSLAT__ligand188-0
71,WOSLAT__ligand51-0
72,WOSLAT__ligand5334-0
73,WOSLAT__ligand2480-0
74,WOSLAT__ligand3051-0
75,WOSLAT__ligand4504-0
76,WOSLAT__ligand1898-0
77,WOSLAT__ligand2315-0
78,WOSLAT__ligand369-0
79,WOSLAT__ligand444-0
80,WOSLAT__ligand1858-0
81,WOSLAT__ligand311-0
82,WOSLAT__ligand8032-0
83,WOSLAT__ligand29-0
84,WOSLAT__ligand91-0
85,WOSLAT__ligand1712-0
86,WOSLAT__ligand370-0
87,WOSLAT__ligand3579-0
88,WOSLAT__ligand2110-0
89,WOSLAT__ligand48-0
90,WOSLAT__ligand2916-0
91,WOSLAT__ligand1919-0
92,WOSLAT__ligand250-0
93,WOSLAT__ligand460-0
94,WOSLAT__ligand2389-0
95,WOSLAT__ligand252-0
96,WOSLAT__ligand955-0
97,WOSLAT__ligand2929-0
98,WOSLAT__ligand32-0
99,WOSLAT__ligand2376-0
100,WOSLAT__ligand830-0
101,WOSLAT__ligand1379-0
102,WOSLAT__ligand1264-0
103,WOSLAT__ligand1221-0
104,WOSLAT__ligand6430-0
105,WOSLAT__ligand193-0
106,WOSLAT__ligand1299-0
107,WOSLAT__ligand851-0
108,WOSLAT__ligand2442-0
109,WOSLAT__ligand1019-0
110,WOSLAT__ligand1104-0
111,WOSLAT__ligand5762-0
112,WOSLAT__ligand7414-0
113,WOSLAT__ligand909-0
114,WOSLAT__ligand177-0
115,WOSLAT__ligand934-0
116,WOSLAT__ligand6571-0
117,WOSLAT__ligand2482-0
118,WOSLAT__ligand1325-0
119,WOSLAT__ligand783-0
120,WOSLAT__ligand352-0
121,WOSLAT__ligand1788-0
122,WOSLAT__ligand1321-0
123,WOSLAT__ligand868-0
124,WOSLAT__ligand442-0
125,WOSLAT__ligand1-0
126,WOSLAT__ligand3566-0
127,WOSLAT__ligand1178-0
128,WOSLAT__ligand136-0
129,WOSLAT__ligand57-0
130,WOSLAT__ligand7514-0
131,WOSLAT__ligand3337-0
132,WOSLAT__ligand112-0
133,WOSLAT__ligand73-0
134,WOSLAT__ligand1449-1
135,WOSLAT__ligand4811-0
136,WOSLAT__ligand197-0
137,WOSLAT__ligand1260-0
138,WOSLAT__ligand4894-0
139,WOSLAT__ligand9620-0
140,WOSLAT__ligand296-0
141,WOSLAT__ligand294-0
142,WOSLAT__ligand993-0
143,WOSLAT__ligand331-0
144,WOSLAT__ligand1307-0
145,WOSLAT__ligand421-0
146,WOSLAT__ligand798-0
147,WOSLAT__ligand916-0
148,WOSLAT__ligand584-0
149,WOSLAT__ligand34-0
150,WOSLAT__ligand3-0
151,WOSLAT__ligand2853-0
152,WOSLAT__ligand3853-0
153,WOSLAT__ligand390-0
154,WOSLAT__ligand134-0
155,WOSLAT__ligand932-0
156,WOSLAT__ligand55-0
157,WOSLAT__ligand2599-0
158,WOSLAT__ligand5089-0
159,WOSLAT__ligand235-0
160,WOSLAT__ligand95-0
161,WOSLAT__ligand525-0
162,WOSLAT__ligand560-0
163,WOSLAT__ligand1246-0
164,WOSLAT__ligand109-0
165,WOSLAT__ligand6166-0
166,WOSLAT__ligand11730-0
167,WOSLAT__ligand2510-0
168,WOSLAT__ligand1567-0
169,WOSLAT__ligand2285-0
170,WOSLAT__ligand21-0
171,WOSLAT__ligand8921-0
172,WOSLAT__ligand140-0
173,WOSLAT__ligand105-0
174,WOSLAT__ligand2862-0
175,WOSLAT__ligand1056-0
176,WOSLAT__ligand2320-0
177,WOSLAT__ligand2430-0
178,WOSLAT__ligand409-0
179,WOSLAT__ligand1703-0
180,WOSLAT__ligand324-0
181,WOSLAT__ligand361-0
182,WOSLAT__ligand2907-0
183,WOSLAT__ligand1727-0
184,WOSLAT__ligand1152-0
185,WOSLAT__ligand575-0
186,WOSLAT__ligand38-0
187,WOSLAT__ligand40-0
188,WOSLAT__ligand927-0
189,WOSLAT__ligand1607-0
190,WOSLAT__ligand199-0
191,WOSLAT__ligand3637-0
192,WOSLAT__ligand166-0
193,WOSLAT__ligand8774-0
194,WOSLAT__ligand838-0
195,WOSLAT__ligand497-0
196,WOSLAT__ligand633-0
197,WOSLAT__ligand918-0
198,WOSLAT__ligand532-0
199,WOSLAT__ligand821-0
200,WOSLAT__ligand326-0
201,WOSLAT__ligand7464-0
202,WOSLAT__ligand553-0
203,WOSLAT__ligand283-0
204,WOSLAT__ligand66-0
205,WOSLAT__ligand142-0
206,WOSLAT__ligand1248-0
207,WOSLAT__ligand4303-0
208,WOSLAT__ligand1598-0
209,WOSLAT__ligand206-0
210,WOSLAT__ligand1054-0
211,WOSLAT__ligand15630-0
212,WOSLAT__ligand436-0
213,WOSLAT__ligand6294-0
214,WOSLAT__ligand10357-0
215,WOSLAT__ligand2142-0
216,WOSLAT__ligand6538-0
217,WOSLAT__ligand9495-0
218,WOSLAT__ligand2772-0
219,WOSLAT__ligand6151-0
220,WOSLAT__ligand2864-0
221,WOSLAT__ligand62-0
222,WOSLAT__ligand383-0
223,WOSLAT__ligand162-0
224,WOSLAT__ligand5022-0
225,WOSLAT__ligand1169-0
226,WOSLAT__ligand226-0
227,WOSLAT__ligand86-0
228,WOSLAT__ligand3838-0
229,WOSLAT__ligand1799-0
230,WOSLAT__ligand2838-0
231,WOSLAT__ligand5941-0
232,WOSLAT__ligand2880-0
233,WOSLAT__ligand118-0
234,WOSLAT__ligand6396-0
235,WOSLAT__ligand670-0
236,WOSLAT__ligand2265-0
237,WOSLAT__ligand1113-0
238,WOSLAT__ligand571-0
239,WOSLAT__ligand9027-0
240,WOSLAT__ligand4983-0
241,WOSLAT__ligand1835-0
242,WOSLAT__ligand2345-0
243,WOSLAT__ligand2794-0
244,WOSLAT__ligand509-0
245,WOSLAT__ligand1502-0
246,WOSLAT__ligand430-0
247,WOSLAT__ligand358-0
248,WOSLAT__ligand1052-0
249,WOSLAT__ligand669-0
250,WOSLAT__ligand278-0
251,WOSLAT__ligand18-0
252,WOSLAT__ligand1273-0
253,WOSLAT__ligand365-0
254,WOSLAT__ligand1538-0
255,WOSLAT__ligand1114-0
256,WOSLAT__ligand10910-0
257,WOSLAT__ligand797-0
258,WOSLAT__ligand757-0
259,WOSLAT__ligand9244-0
260,WOSLAT__ligand1228-0
261,WOSLAT__ligand14530-0
262,WOSLAT__ligand1479-0
263,WOSLAT__ligand67-0
264,WOSLAT__ligand1148-0
265,WOSLAT__ligand3246-0
266,WOSLAT__ligand3145-0
267,WOSLAT__ligand6686-0
268,WOSLAT__ligand1747-0
269,WOSLAT__ligand7915-0
270,WOSLAT__ligand5548-0
271,WOSLAT__ligand10479-0
272,WOSLAT__ligand2863-0
273,WOSLAT__ligand2098-0
274,WOSLAT__ligand6502-0
275,WOSLAT__ligand6332-0
276,WOSLAT__ligand240-0
277,WOSLAT__ligand3178-0
278,WOSLAT__ligand141-0
279,WOSLAT__ligand3041-0
280,WOSLAT__ligand384-0
281,WOSLAT__ligand120-0
282,WOSLAT__ligand1542-0
283,WOSLAT__ligand2634-0
284,WOSLAT__ligand10114-0
285,WOSLAT__ligand2751-0
286,WOSLAT__ligand2688-0
287,WOSLAT__ligand2259-0
288,WOSLAT__ligand45-0
289,WOSLAT__ligand124-0
290,WOSLAT__ligand1376-0
291,WOSLAT__ligand2768-0
292,WOSLAT__ligand6277-0
293,WOSLAT__ligand78-0
294,WOSLAT__ligand1687-0
295,WOSLAT__ligand119-0
296,WOSLAT__ligand1951-0
297,WOSLAT__ligand85-0
298,WOSLAT__ligand3734-0
299,WOSLAT__ligand1706-0
300,WOSLAT__ligand321-0
301,WOSLAT__ligand279-0
302,WOSLAT__ligand4381-0
303,WOSLAT__ligand2629-0
304,WOSLAT__ligand178-0
305,WOSLAT__ligand100-0
306,WOSLAT__ligand201-0
307,WOSLAT__ligand244-0
308,WOSLAT__ligand5801-0
309,WOSLAT__ligand596-0
310,WOSLAT__ligand3063-0
311,WOSLAT__ligand1438-0
312,WOSLAT__ligand366-0
313,WOSLAT__ligand8-0
314,WOSLAT__ligand861-0
315,WOSLAT__ligand612-0
316,WOSLAT__ligand1171-0
317,WOSLAT__ligand187-0
318,WOSLAT__ligand3757-0
319,WOSLAT__ligand2087-0
320,WOSLAT__ligand1048-0
321,WOSLAT__ligand1685-0
322,WOSLAT__ligand1544-0
323,WOSLAT__ligand126-0
324,WOSLAT__ligand1459-0
