,TMC
0,XOJROD__ligand3890-0
1,XOJROD__ligand497-0
2,XOJROD__ligand532-0
3,XOJROD__ligand4423-0
4,XOJROD__ligand633-0
5,XOJROD__ligand1907-0
6,XOJROD__ligand918-0
7,XOJROD__ligand1285-0
8,XOJROD__ligand166-0
9,XOJROD__ligand10479-0
10,XOJROD__ligand1555-0
11,XOJROD__ligand7630-0
12,XOJROD__ligand838-0
13,XOJROD__ligand206-0
14,XOJROD__ligand142-0
15,XOJROD__ligand7550-0
16,XOJROD__ligand18-0
17,XOJROD__ligand436-0
18,XOJROD__ligand326-0
19,XOJROD__ligand10114-0
20,XOJROD__ligand2762-0
21,XOJROD__ligand821-0
22,XOJROD__ligand1038-0
23,XOJROD__ligand1160-0
24,XOJROD__ligand2253-0
25,XOJROD__ligand283-0
26,XOJROD__ligand2954-0
27,XOJROD__ligand5093-0
28,XOJROD__ligand553-0
29,XOJROD__ligand62-0
30,XOJROD__ligand4619-0
31,XOJROD__ligand10910-0
32,XOJROD__ligand409-0
33,XOJROD__ligand6143-0
34,XOJROD__ligand5235-0
35,XOJROD__ligand324-0
36,XOJROD__ligand361-0
37,XOJROD__ligand3251-0
38,XOJROD__ligand140-0
39,XOJROD__ligand105-0
40,XOJROD__ligand9176-0
41,XOJROD__ligand2718-0
42,XOJROD__ligand3070-0
43,XOJROD__ligand3035-0
44,XOJROD__ligand1493-0
45,XOJROD__ligand199-0
46,XOJROD__ligand927-0
47,XOJROD__ligand5758-0
48,XOJROD__ligand14530-0
49,XOJROD__ligand3478-0
50,XOJROD__ligand86-0
51,XOJROD__ligand3852-0
52,XOJROD__ligand1818-0
53,XOJROD__ligand7456-0
54,XOJROD__ligand575-0
55,XOJROD__ligand509-0
56,XOJROD__ligand4370-0
57,XOJROD__ligand2618-0
58,XOJROD__ligand571-0
59,XOJROD__ligand3618-0
60,XOJROD__ligand118-0
61,XOJROD__ligand670-0
62,XOJROD__ligand1436-0
63,XOJROD__ligand2255-0
64,XOJROD__ligand278-0
65,XOJROD__ligand365-0
66,XOJROD__ligand4175-0
67,XOJROD__ligand66-0
68,XOJROD__ligand430-0
69,XOJROD__ligand358-0
70,XOJROD__ligand669-0
71,XOJROD__ligand1918-0
72,XOJROD__ligand4012-0
73,XOJROD__ligand3196-0
74,XOJROD__ligand2915-0
75,XOJROD__ligand21-0
76,XOJROD__ligand1690-0
77,XOJROD__ligand2707-0
78,XOJROD__ligand40-0
79,XOJROD__ligand383-0
80,XOJROD__ligand38-0
81,XOJROD__ligand1551-0
82,XOJROD__ligand226-0
83,XOJROD__ligand2526-0
84,XOJROD__ligand162-0
85,XOJROD__ligand1307-0
86,XOJROD__ligand141-0
87,XOJROD__ligand240-0
88,XOJROD__ligand1246-0
89,XOJROD__ligand6166-0
90,XOJROD__ligand384-0
91,XOJROD__ligand2853-0
92,XOJROD__ligand3853-0
93,XOJROD__ligand2599-0
94,XOJROD__ligand5089-0
95,XOJROD__ligand15630-0
96,XOJROD__ligand120-0
97,XOJROD__ligand8-0
98,XOJROD__ligand10357-0
99,XOJROD__ligand85-0
100,XOJROD__ligand1321-0
101,XOJROD__ligand757-0
102,XOJROD__ligand78-0
103,XOJROD__ligand3566-0
104,XOJROD__ligand1178-0
105,XOJROD__ligand45-0
106,XOJROD__ligand797-0
107,XOJROD__ligand1788-0
108,XOJROD__ligand4894-0
109,XOJROD__ligand1260-0
110,XOJROD__ligand9620-0
111,XOJROD__ligand7514-0
112,XOJROD__ligand3337-0
113,XOJROD__ligand4811-0
114,XOJROD__ligand1449-1
115,XOJROD__ligand861-0
116,XOJROD__ligand366-0
117,XOJROD__ligand1379-0
118,XOJROD__ligand1221-0
119,XOJROD__ligand1264-0
120,XOJROD__ligand187-0
121,XOJROD__ligand6430-0
122,XOJROD__ligand1299-0
123,XOJROD__ligand612-0
124,XOJROD__ligand596-0
125,XOJROD__ligand2929-0
126,XOJROD__ligand2376-0
127,XOJROD__ligand126-0
128,XOJROD__ligand6571-0
129,XOJROD__ligand2482-0
130,XOJROD__ligand1325-0
131,XOJROD__ligand2442-0
132,XOJROD__ligand1019-0
133,XOJROD__ligand1104-0
134,XOJROD__ligand5762-0
135,XOJROD__ligand7414-0
136,XOJROD__ligand1858-0
137,XOJROD__ligand8032-0
138,XOJROD__ligand119-0
139,XOJROD__ligand124-0
140,XOJROD__ligand5334-0
141,XOJROD__ligand2480-0
142,XOJROD__ligand4504-0
143,XOJROD__ligand3051-0
144,XOJROD__ligand1898-0
145,XOJROD__ligand2315-0
146,XOJROD__ligand201-0
147,XOJROD__ligand244-0
148,XOJROD__ligand1919-0
149,XOJROD__ligand100-0
150,XOJROD__ligand2389-0
151,XOJROD__ligand321-0
152,XOJROD__ligand1712-0
153,XOJROD__ligand67-0
154,XOJROD__ligand3579-0
155,XOJROD__ligand178-0
156,XOJROD__ligand279-0
157,XOJROD__ligand2916-0
158,XOJROD__ligand2110-0
159,XOJROD__ligand4983-0
160,XOJROD__ligand1835-0
161,XOJROD__ligand2794-0
162,XOJROD__ligand2345-0
163,XOJROD__ligand1502-0
164,XOJROD__ligand6396-0
165,XOJROD__ligand2265-0
166,XOJROD__ligand1113-0
167,XOJROD__ligand485-0
168,XOJROD__ligand355-0
169,XOJROD__ligand9027-0
170,XOJROD__ligand784-0
171,XOJROD__ligand291-0
172,XOJROD__ligand1273-0
173,XOJROD__ligand1052-0
174,XOJROD__ligand115-0
175,XOJROD__ligand2864-0
176,XOJROD__ligand682-0
177,XOJROD__ligand2142-0
178,XOJROD__ligand6538-0
179,XOJROD__ligand9495-0
180,XOJROD__ligand2772-0
181,XOJROD__ligand6151-0
182,XOJROD__ligand666-0
183,XOJROD__ligand522-0
184,XOJROD__ligand1799-0
185,XOJROD__ligand3838-0
186,XOJROD__ligand2838-0
187,XOJROD__ligand2880-0
188,XOJROD__ligand11-0
189,XOJROD__ligand5941-0
190,XOJROD__ligand487-0
191,XOJROD__ligand447-0
192,XOJROD__ligand5022-0
193,XOJROD__ligand1169-0
194,XOJROD__ligand133-0
195,XOJROD__ligand353-0
196,XOJROD__ligand3637-0
197,XOJROD__ligand236-0
198,XOJROD__ligand8774-0
199,XOJROD__ligand1248-0
200,XOJROD__ligand4303-0
201,XOJROD__ligand1598-0
202,XOJROD__ligand113-0
203,XOJROD__ligand1054-0
204,XOJROD__ligand49-0
205,XOJROD__ligand6294-0
206,XOJROD__ligand422-0
207,XOJROD__ligand89-0
208,XOJROD__ligand7464-0
209,XOJROD__ligand6-0
210,XOJROD__ligand11730-0
211,XOJROD__ligand196-0
212,XOJROD__ligand502-0
213,XOJROD__ligand2430-0
214,XOJROD__ligand1703-0
215,XOJROD__ligand2907-0
216,XOJROD__ligand4-0
217,XOJROD__ligand2510-0
218,XOJROD__ligand1567-0
219,XOJROD__ligand2285-0
220,XOJROD__ligand8921-0
221,XOJROD__ligand210-0
222,XOJROD__ligand2862-0
223,XOJROD__ligand1056-0
224,XOJROD__ligand2320-0
225,XOJROD__ligand170-0
226,XOJROD__ligand1607-0
227,XOJROD__ligand391-0
228,XOJROD__ligand92-0
229,XOJROD__ligand314-0
230,XOJROD__ligand481-0
231,XOJROD__ligand17-0
232,XOJROD__ligand1727-0
233,XOJROD__ligand1152-0
234,XOJROD__ligand830-0
235,XOJROD__ligand34-0
236,XOJROD__ligand193-0
237,XOJROD__ligand1171-0
238,XOJROD__ligand3-0
239,XOJROD__ligand955-0
240,XOJROD__ligand5801-0
241,XOJROD__ligand252-0
242,XOJROD__ligand3063-0
243,XOJROD__ligand1438-0
244,XOJROD__ligand1544-0
245,XOJROD__ligand934-0
246,XOJROD__ligand177-0
247,XOJROD__ligand1459-0
248,XOJROD__ligand95-0
249,XOJROD__ligand3757-0
250,XOJROD__ligand2087-0
251,XOJROD__ligand55-0
252,XOJROD__ligand1048-0
253,XOJROD__ligand851-0
254,XOJROD__ligand909-0
255,XOJROD__ligand1685-0
256,XOJROD__ligand57-0
257,XOJROD__ligand6277-0
258,XOJROD__ligand311-0
259,XOJROD__ligand1687-0
260,XOJROD__ligand1951-0
261,XOJROD__ligand2259-0
262,XOJROD__ligand2688-0
263,XOJROD__ligand188-0
264,XOJROD__ligand1376-0
265,XOJROD__ligand369-0
266,XOJROD__ligand2768-0
267,XOJROD__ligand444-0
268,XOJROD__ligand250-0
269,XOJROD__ligand460-0
270,XOJROD__ligand3734-0
271,XOJROD__ligand370-0
272,XOJROD__ligand73-0
273,XOJROD__ligand1706-0
274,XOJROD__ligand1-0
275,XOJROD__ligand4381-0
276,XOJROD__ligand2629-0
277,XOJROD__ligand421-0
278,XOJROD__ligand798-0
279,XOJROD__ligand2863-0
280,XOJROD__ligand2098-0
281,XOJROD__ligand6502-0
282,XOJROD__ligand6332-0
283,XOJROD__ligand584-0
284,XOJROD__ligand916-0
285,XOJROD__ligand3178-0
286,XOJROD__ligand993-0
287,XOJROD__ligand3145-0
288,XOJROD__ligand294-0
289,XOJROD__ligand32-0
290,XOJROD__ligand1747-0
291,XOJROD__ligand6686-0
292,XOJROD__ligand7915-0
293,XOJROD__ligand331-0
294,XOJROD__ligand5548-0
295,XOJROD__ligand109-0
296,XOJROD__ligand525-0
297,XOJROD__ligand560-0
298,XOJROD__ligand2751-0
299,XOJROD__ligand390-0
300,XOJROD__ligand3041-0
301,XOJROD__ligand235-0
302,XOJROD__ligand1542-0
303,XOJROD__ligand2634-0
304,XOJROD__ligand134-0
305,XOJROD__ligand932-0
306,XOJROD__ligand442-0
307,XOJROD__ligand91-0
308,XOJROD__ligand29-0
309,XOJROD__ligand868-0
310,XOJROD__ligand9244-0
311,XOJROD__ligand136-0
312,XOJROD__ligand1228-0
313,XOJROD__ligand1538-0
314,XOJROD__ligand1114-0
315,XOJROD__ligand51-0
316,XOJROD__ligand352-0
317,XOJROD__ligand783-0
318,XOJROD__ligand3246-0
319,XOJROD__ligand296-0
320,XOJROD__ligand197-0
321,XOJROD__ligand48-0
322,XOJROD__ligand1479-0
323,XOJROD__ligand1148-0
324,XOJROD__ligand112-0
