,TMC
0,WOLPAO__ligand21936-0
1,WOLPAO__ligand34-0
2,WOLPAO__ligand13257-0
3,WOLPAO__ligand23904-0
4,WOLPAO__ligand3156-0
5,WOLPAO__ligand2915-0
6,WOLPAO__ligand10084-0
7,WOLPAO__ligand353-0
8,WOLPAO__ligand1378-0
9,WOLPAO__ligand25267-0
10,WOLPAO__ligand12467-0
11,WOLPAO__ligand6244-0
12,WOLPAO__ligand9441-0
13,WOLPAO__ligand2332-0
14,WOLPAO__ligand393-0
15,WOLPAO__ligand18391-0
16,WOLPAO__ligand14523-0
17,WOLPAO__ligand27169-0
18,WOLPAO__ligand1575-0
19,WOLPAO__ligand1530-0
20,WOLPAO__ligand27074-0
21,WOLPAO__ligand9933-0
22,WOLPAO__ligand20599-0
23,WOLPAO__ligand1631-0
24,WOLPAO__ligand22981-0
25,WOLPAO__ligand25805-0
26,WOLPAO__ligand422-0
27,WOLPAO__ligand1324-0
28,WOLPAO__ligand8721-0
29,WOLPAO__ligand5643-0
30,WOLPAO__ligand18799-0
31,WOLPAO__ligand1823-0
32,WOLPAO__ligand18465-0
33,WOLPAO__ligand68-0
34,WOLPAO__ligand5036-0
35,WOLPAO__ligand2526-0
36,WOLPAO__ligand16791-0
37,WOLPAO__ligand4-0
38,WOLPAO__ligand1615-0
39,WOLPAO__ligand9111-0
40,WOLPAO__ligand28668-0
41,WOLPAO__ligand9952-0
42,WOLPAO__ligand686-0
43,WOLPAO__ligand29610-0
44,WOLPAO__ligand196-0
45,WOLPAO__ligand9601-0
46,WOLPAO__ligand55-0
47,WOLPAO__ligand11140-0
48,WOLPAO__ligand8992-0
49,WOLPAO__ligand1018-0
50,WOLPAO__ligand4116-0
51,WOLPAO__ligand13869-0
52,WOLPAO__ligand18074-0
53,WOLPAO__ligand6124-0
54,WOLPAO__ligand3707-0
55,WOLPAO__ligand7967-0
56,WOLPAO__ligand29863-0
57,WOLPAO__ligand314-1
58,WOLPAO__ligand25735-0
59,WOLPAO__ligand12519-0
60,WOLPAO__ligand3234-0
61,WOLPAO__ligand1142-0
62,WOLPAO__ligand57-0
63,WOLPAO__ligand23124-0
64,WOLPAO__ligand11206-0
65,WOLPAO__ligand7126-0
66,WOLPAO__ligand2028-0
67,WOLPAO__ligand8835-0
68,WOLPAO__ligand25650-0
69,WOLPAO__ligand31248-0
70,WOLPAO__ligand4641-0
71,WOLPAO__ligand465-0
72,WOLPAO__ligand12660-0
73,WOLPAO__ligand19257-0
74,WOLPAO__ligand13209-0
75,WOLPAO__ligand25689-0
76,WOLPAO__ligand25575-0
77,WOLPAO__ligand21787-0
78,WOLPAO__ligand391-0
79,WOLPAO__ligand4620-0
80,WOLPAO__ligand618-0
81,WOLPAO__ligand27835-0
82,WOLPAO__ligand2295-0
83,WOLPAO__ligand6067-0
84,WOLPAO__ligand1577-0
85,WOLPAO__ligand12295-0
86,WOLPAO__ligand2917-0
87,WOLPAO__ligand7819-0
88,WOLPAO__ligand23906-0
89,WOLPAO__ligand11166-0
90,WOLPAO__ligand21132-0
91,WOLPAO__ligand3465-0
92,WOLPAO__ligand30539-0
93,WOLPAO__ligand813-0
94,WOLPAO__ligand6102-0
95,WOLPAO__ligand6904-0
96,WOLPAO__ligand3721-0
97,WOLPAO__ligand6596-0
98,WOLPAO__ligand314-0
99,WOLPAO__ligand780-0
100,WOLPAO__ligand9935-0
101,WOLPAO__ligand15438-0
102,WOLPAO__ligand1573-0
103,WOLPAO__ligand1536-0
104,WOLPAO__ligand28924-0
105,WOLPAO__ligand1959-0
106,WOLPAO__ligand3504-0
107,WOLPAO__ligand29087-0
108,WOLPAO__ligand395-0
109,WOLPAO__ligand4661-0
110,WOLPAO__ligand1844-0
111,WOLPAO__ligand6616-0
112,WOLPAO__ligand3035-0
113,WOLPAO__ligand1343-0
114,WOLPAO__ligand3876-0
115,WOLPAO__ligand3718-0
116,WOLPAO__ligand18703-0
117,WOLPAO__ligand368-0
118,WOLPAO__ligand18013-0
119,WOLPAO__ligand25224-0
120,WOLPAO__ligand17945-0
121,WOLPAO__ligand7106-0
122,WOLPAO__ligand784-0
123,WOLPAO__ligand17207-0
124,WOLPAO__ligand31578-0
125,WOLPAO__ligand7242-0
126,WOLPAO__ligand32-0
127,WOLPAO__ligand24750-0
128,WOLPAO__ligand1263-0
129,WOLPAO__ligand9908-0
130,WOLPAO__ligand3094-0
131,WOLPAO__ligand4155-0
132,WOLPAO__ligand833-0
133,WOLPAO__ligand29898-0
134,WOLPAO__ligand26277-0
135,WOLPAO__ligand10432-0
136,WOLPAO__ligand11432-0
137,WOLPAO__ligand5211-0
138,WOLPAO__ligand31618-0
139,WOLPAO__ligand22755-0
140,WOLPAO__ligand6839-0
141,WOLPAO__ligand3131-0
142,WOLPAO__ligand3937-0
143,WOLPAO__ligand1202-0
144,WOLPAO__ligand3174-0
145,WOLPAO__ligand8969-0
146,WOLPAO__ligand16-0
147,WOLPAO__ligand4720-0
148,WOLPAO__ligand115-0
149,WOLPAO__ligand3565-0
150,WOLPAO__ligand24064-0
151,WOLPAO__ligand23589-0
152,WOLPAO__ligand5331-0
153,WOLPAO__ligand1512-0
154,WOLPAO__ligand6919-0
155,WOLPAO__ligand2485-0
156,WOLPAO__ligand3852-0
157,WOLPAO__ligand15168-0
158,WOLPAO__ligand6768-0
159,WOLPAO__ligand8115-0
160,WOLPAO__ligand31483-0
161,WOLPAO__ligand7000-0
162,WOLPAO__ligand10555-0
163,WOLPAO__ligand1982-0
164,WOLPAO__ligand91-0
165,WOLPAO__ligand152-0
166,WOLPAO__ligand1285-0
167,WOLPAO__ligand24613-0
168,WOLPAO__ligand4546-0
169,WOLPAO__ligand4503-0
170,WOLPAO__ligand19725-0
171,WOLPAO__ligand7648-0
172,WOLPAO__ligand21421-0
173,WOLPAO__ligand2828-0
174,WOLPAO__ligand8876-0
175,WOLPAO__ligand9833-0
176,WOLPAO__ligand5256-0
177,WOLPAO__ligand4157-0
178,WOLPAO__ligand14586-0
179,WOLPAO__ligand11774-0
180,WOLPAO__ligand51-0
181,WOLPAO__ligand2232-0
182,WOLPAO__ligand17710-0
183,WOLPAO__ligand20579-0
184,WOLPAO__ligand506-0
185,WOLPAO__ligand2176-0
186,WOLPAO__ligand11568-0
187,WOLPAO__ligand9291-0
188,WOLPAO__ligand17240-0
189,WOLPAO__ligand487-0
190,WOLPAO__ligand9784-0
191,WOLPAO__ligand4272-0
192,WOLPAO__ligand1451-0
193,WOLPAO__ligand17590-0
194,WOLPAO__ligand7629-0
195,WOLPAO__ligand3954-0
196,WOLPAO__ligand4442-0
197,WOLPAO__ligand4093-0
198,WOLPAO__ligand9520-0
199,WOLPAO__ligand1160-0
200,WOLPAO__ligand18699-0
201,WOLPAO__ligand12682-0
202,WOLPAO__ligand8699-0
203,WOLPAO__ligand176-0
204,WOLPAO__ligand4016-0
205,WOLPAO__ligand48-0
206,WOLPAO__ligand7867-0
207,WOLPAO__ligand6709-0
208,WOLPAO__ligand1219-0
209,WOLPAO__ligand13072-0
210,WOLPAO__ligand7280-0
211,WOLPAO__ligand447-0
212,WOLPAO__ligand1304-0
213,WOLPAO__ligand1790-0
214,WOLPAO__ligand7238-0
215,WOLPAO__ligand746-0
216,WOLPAO__ligand12336-0
217,WOLPAO__ligand685-0
218,WOLPAO__ligand27482-0
219,WOLPAO__ligand26810-0
220,WOLPAO__ligand3208-0
221,WOLPAO__ligand2208-0
222,WOLPAO__ligand13208-0
223,WOLPAO__ligand7573-0
224,WOLPAO__ligand2781-0
225,WOLPAO__ligand3350-0
226,WOLPAO__ligand8722-0
227,WOLPAO__ligand421-0
228,WOLPAO__ligand6672-0
229,WOLPAO__ligand9809-0
230,WOLPAO__ligand1327-0
231,WOLPAO__ligand7162-0
232,WOLPAO__ligand13390-0
233,WOLPAO__ligand3029-0
234,WOLPAO__ligand1773-0
235,WOLPAO__ligand4581-0
236,WOLPAO__ligand2328-0
237,WOLPAO__ligand9197-0
238,WOLPAO__ligand1900-0
239,WOLPAO__ligand294-0
240,WOLPAO__ligand20682-0
241,WOLPAO__ligand4131-0
242,WOLPAO__ligand1712-0
243,WOLPAO__ligand10712-0
244,WOLPAO__ligand14174-0
245,WOLPAO__ligand11456-0
246,WOLPAO__ligand5094-0
247,WOLPAO__ligand5892-0
248,WOLPAO__ligand560-0
249,WOLPAO__ligand25411-0
250,WOLPAO__ligand134-0
251,WOLPAO__ligand31832-0
252,WOLPAO__ligand13294-0
253,WOLPAO__ligand235-0
254,WOLPAO__ligand1533-0
255,WOLPAO__ligand12030-0
256,WOLPAO__ligand14248-0
257,WOLPAO__ligand29879-0
258,WOLPAO__ligand7557-0
259,WOLPAO__ligand13331-0
260,WOLPAO__ligand1496-0
261,WOLPAO__ligand28884-0
262,WOLPAO__ligand5357-0
263,WOLPAO__ligand3647-0
264,WOLPAO__ligand17398-0
265,WOLPAO__ligand1688-0
266,WOLPAO__ligand5056-0
267,WOLPAO__ligand11675-0
268,WOLPAO__ligand20598-0
269,WOLPAO__ligand4850-0
270,WOLPAO__ligand22557-0
271,WOLPAO__ligand10589-0
272,WOLPAO__ligand24047-0
273,WOLPAO__ligand17278-0
274,WOLPAO__ligand20011-0
275,WOLPAO__ligand1768-0
276,WOLPAO__ligand868-0
277,WOLPAO__ligand29414-0
278,WOLPAO__ligand17982-0
279,WOLPAO__ligand1469-0
280,WOLPAO__ligand3871-0
281,WOLPAO__ligand783-0
282,WOLPAO__ligand2722-0
283,WOLPAO__ligand352-0
284,WOLPAO__ligand1379-0
285,WOLPAO__ligand20251-1
286,WOLPAO__ligand5935-0
287,WOLPAO__ligand9525-0
288,WOLPAO__ligand1165-0
289,WOLPAO__ligand14703-0
290,WOLPAO__ligand16475-0
291,WOLPAO__ligand3157-0
292,WOLPAO__ligand1771-0
293,WOLPAO__ligand17261-0
294,WOLPAO__ligand4911-0
295,WOLPAO__ligand14117-0
296,WOLPAO__ligand3392-0
297,WOLPAO__ligand20539-0
298,WOLPAO__ligand197-0
299,WOLPAO__ligand20214-0
300,WOLPAO__ligand30702-0
301,WOLPAO__ligand20251-0
302,WOLPAO__ligand11-0
303,WOLPAO__ligand5849-0
304,WOLPAO__ligand31097-0
305,WOLPAO__ligand21581-0
306,WOLPAO__ligand69-0
307,WOLPAO__ligand29568-0
308,WOLPAO__ligand2527-0
309,WOLPAO__ligand30851-0
310,WOLPAO__ligand14889-0
311,WOLPAO__ligand20419-0
312,WOLPAO__ligand17118-0
313,WOLPAO__ligand21371-0
314,WOLPAO__ligand8349-0
315,WOLPAO__ligand28789-0
316,WOLPAO__ligand1709-0
317,WOLPAO__ligand8464-0
318,WOLPAO__ligand6882-0
319,WOLPAO__ligand6455-0
320,WOLPAO__ligand14723-0
321,WOLPAO__ligand27893-0
322,WOLPAO__ligand20578-0
323,WOLPAO__ligand3934-0
324,WOLPAO__ligand12934-0
325,WOLPAO__ligand15422-0
326,WOLPAO__ligand193-0
327,WOLPAO__ligand19641-0
328,WOLPAO__ligand23713-0
329,WOLPAO__ligand27175-0
330,WOLPAO__ligand18832-0
331,WOLPAO__ligand372-0
332,WOLPAO__ligand30988-0
333,WOLPAO__ligand2403-0
334,WOLPAO__ligand830-0
335,WOLPAO__ligand14603-0
336,WOLPAO__ligand7530-0
337,WOLPAO__ligand14297-0
338,WOLPAO__ligand1065-0
339,WOLPAO__ligand17258-0
340,WOLPAO__ligand13012-0
341,WOLPAO__ligand3012-0
342,WOLPAO__ligand17631-0
343,WOLPAO__ligand1449-0
344,WOLPAO__ligand26665-0
345,WOLPAO__ligand252-0
346,WOLPAO__ligand4332-0
347,WOLPAO__ligand9681-0
348,WOLPAO__ligand31783-0
349,WOLPAO__ligand116-0
350,WOLPAO__ligand1-0
351,WOLPAO__ligand30296-0
352,WOLPAO__ligand2830-0
353,WOLPAO__ligand17281-0
354,WOLPAO__ligand1729-0
355,WOLPAO__ligand26540-0
356,WOLPAO__ligand5627-0
357,WOLPAO__ligand29410-0
358,WOLPAO__ligand12337-0
359,WOLPAO__ligand5483-0
360,WOLPAO__ligand177-0
361,WOLPAO__ligand30333-0
362,WOLPAO__ligand49-0
363,WOLPAO__ligand5316-0
364,WOLPAO__ligand12606-0
365,WOLPAO__ligand89-0
366,WOLPAO__ligand9148-0
367,WOLPAO__ligand909-0
368,WOLPAO__ligand27460-0
369,WOLPAO__ligand12427-0
370,WOLPAO__ligand7529-0
371,WOLPAO__ligand20740-0
372,WOLPAO__ligand28468-0
373,WOLPAO__ligand6946-0
374,WOLPAO__ligand1415-0
375,WOLPAO__ligand16628-0
376,WOLPAO__ligand3215-0
377,WOLPAO__ligand620-0
378,WOLPAO__ligand370-1
379,WOLPAO__ligand28676-0
380,WOLPAO__ligand10262-0
381,WOLPAO__ligand564-0
382,WOLPAO__ligand27763-0
383,WOLPAO__ligand479-0
384,WOLPAO__ligand19057-0
385,WOLPAO__ligand18814-0
386,WOLPAO__ligand785-0
387,WOLPAO__ligand7107-0
388,WOLPAO__ligand311-0
389,WOLPAO__ligand13425-0
390,WOLPAO__ligand29302-0
391,WOLPAO__ligand14108-0
392,WOLPAO__ligand6283-0
393,WOLPAO__ligand188-0
394,WOLPAO__ligand12641-0
395,WOLPAO__ligand6062-0
396,WOLPAO__ligand4738-0
397,WOLPAO__ligand10958-0
398,WOLPAO__ligand5813-0
399,WOLPAO__ligand4813-0
400,WOLPAO__ligand24185-0
401,WOLPAO__ligand23769-0
402,WOLPAO__ligand4194-0
403,WOLPAO__ligand7532-0
404,WOLPAO__ligand25178-0
405,WOLPAO__ligand3-0
406,WOLPAO__ligand17302-0
407,WOLPAO__ligand250-0
408,WOLPAO__ligand4330-0
409,WOLPAO__ligand17805-0
410,WOLPAO__ligand2599-0
411,WOLPAO__ligand26702-0
412,WOLPAO__ligand13658-0
413,WOLPAO__ligand18292-0
414,WOLPAO__ligand12289-0
415,WOLPAO__ligand12130-0
416,WOLPAO__ligand3973-0
417,WOLPAO__ligand17387-0
418,WOLPAO__ligand1147-0
419,WOLPAO__ligand17-0
420,WOLPAO__ligand12231-0
421,WOLPAO__ligand12401-0
422,WOLPAO__ligand15585-0
423,WOLPAO__ligand24145-0
424,WOLPAO__ligand10476-0
425,WOLPAO__ligand7925-0
426,WOLPAO__ligand370-0
427,WOLPAO__ligand13068-0
428,WOLPAO__ligand2068-0
429,WOLPAO__ligand19830-0
430,WOLPAO__ligand22294-0
431,WOLPAO__ligand22168-0
432,WOLPAO__ligand28930-0
433,WOLPAO__ligand4795-0
434,WOLPAO__ligand3285-0
435,WOLPAO__ligand1908-0
436,WOLPAO__ligand21919-0
437,WOLPAO__ligand12365-0
438,WOLPAO__ligand10056-0
439,WOLPAO__ligand5630-0
440,WOLPAO__ligand28743-0
441,WOLPAO__ligand15531-0
442,WOLPAO__ligand1786-0
443,WOLPAO__ligand11357-0
444,WOLPAO__ligand13862-0
445,WOLPAO__ligand8042-0
446,WOLPAO__ligand24230-0
447,WOLPAO__ligand11096-0
448,WOLPAO__ligand11447-0
449,WOLPAO__ligand6112-0
450,WOLPAO__ligand28810-0
451,WOLPAO__ligand1828-0
452,WOLPAO__ligand10828-0
453,WOLPAO__ligand19792-0
454,WOLPAO__ligand7213-0
455,WOLPAO__ligand15926-0
456,WOLPAO__ligand1397-0
457,WOLPAO__ligand670-0
458,WOLPAO__ligand11970-0
459,WOLPAO__ligand5755-0
460,WOLPAO__ligand4710-0
461,WOLPAO__ligand571-0
462,WOLPAO__ligand5085-0
463,WOLPAO__ligand534-0
464,WOLPAO__ligand15883-0
465,WOLPAO__ligand3144-0
466,WOLPAO__ligand25913-0
467,WOLPAO__ligand1849-0
468,WOLPAO__ligand16988-0
469,WOLPAO__ligand20207-0
470,WOLPAO__ligand30711-0
471,WOLPAO__ligand11682-0
472,WOLPAO__ligand1216-0
473,WOLPAO__ligand5019-0
474,WOLPAO__ligand1152-0
475,WOLPAO__ligand3261-0
476,WOLPAO__ligand24035-0
477,WOLPAO__ligand694-0
478,WOLPAO__ligand11994-0
479,WOLPAO__ligand31044-0
480,WOLPAO__ligand31842-0
481,WOLPAO__ligand358-0
482,WOLPAO__ligand6663-0
483,WOLPAO__ligand430-0
484,WOLPAO__ligand16663-0
485,WOLPAO__ligand5515-0
486,WOLPAO__ligand488-0
487,WOLPAO__ligand1831-0
488,WOLPAO__ligand5280-0
489,WOLPAO__ligand14614-0
490,WOLPAO__ligand5614-0
491,WOLPAO__ligand696-0
492,WOLPAO__ligand13672-0
493,WOLPAO__ligand8200-0
494,WOLPAO__ligand7438-0
495,WOLPAO__ligand78-0
496,WOLPAO__ligand18568-0
497,WOLPAO__ligand4063-0
498,WOLPAO__ligand28685-0
499,WOLPAO__ligand3042-0
500,WOLPAO__ligand10371-0
501,WOLPAO__ligand4207-0
502,WOLPAO__ligand28459-0
503,WOLPAO__ligand3453-0
504,WOLPAO__ligand12453-0
505,WOLPAO__ligand18448-0
506,WOLPAO__ligand3416-0
507,WOLPAO__ligand656-0
508,WOLPAO__ligand1150-0
509,WOLPAO__ligand45-0
510,WOLPAO__ligand19184-0
511,WOLPAO__ligand1539-0
512,WOLPAO__ligand13477-0
513,WOLPAO__ligand14167-0
514,WOLPAO__ligand4167-0
515,WOLPAO__ligand27669-0
516,WOLPAO__ligand1400-0
517,WOLPAO__ligand4266-0
518,WOLPAO__ligand9491-0
519,WOLPAO__ligand30142-0
520,WOLPAO__ligand1288-0
521,WOLPAO__ligand24-0
522,WOLPAO__ligand3980-0
523,WOLPAO__ligand3557-0
524,WOLPAO__ligand162-0
525,WOLPAO__ligand23197-0
526,WOLPAO__ligand1149-0
527,WOLPAO__ligand19-0
528,WOLPAO__ligand7075-0
529,WOLPAO__ligand226-0
530,WOLPAO__ligand29029-0
531,WOLPAO__ligand9750-0
532,WOLPAO__ligand27285-0
533,WOLPAO__ligand416-0
534,WOLPAO__ligand1779-0
535,WOLPAO__ligand6993-0
536,WOLPAO__ligand1817-0
537,WOLPAO__ligand383-0
538,WOLPAO__ligand1618-0
539,WOLPAO__ligand11618-0
540,WOLPAO__ligand633-0
541,WOLPAO__ligand2692-0
542,WOLPAO__ligand4262-0
543,WOLPAO__ligand26529-0
544,WOLPAO__ligand497-0
545,WOLPAO__ligand1028-0
546,WOLPAO__ligand1015-0
547,WOLPAO__ligand27239-0
548,WOLPAO__ligand1050-0
549,WOLPAO__ligand21729-0
550,WOLPAO__ligand2027-0
551,WOLPAO__ligand19927-0
552,WOLPAO__ligand14043-0
553,WOLPAO__ligand26324-0
554,WOLPAO__ligand28559-0
555,WOLPAO__ligand12003-0
556,WOLPAO__ligand436-0
557,WOLPAO__ligand16148-0
558,WOLPAO__ligand26631-0
559,WOLPAO__ligand10872-0
560,WOLPAO__ligand21399-0
561,WOLPAO__ligand1169-0
562,WOLPAO__ligand29215-0
563,WOLPAO__ligand8529-0
564,WOLPAO__ligand692-0
565,WOLPAO__ligand20695-0
566,WOLPAO__ligand9615-0
567,WOLPAO__ligand27754-0
568,WOLPAO__ligand11111-0
569,WOLPAO__ligand1154-0
570,WOLPAO__ligand28540-0
571,WOLPAO__ligand16369-0
572,WOLPAO__ligand1498-0
573,WOLPAO__ligand22403-0
574,WOLPAO__ligand4596-0
575,WOLPAO__ligand326-0
576,WOLPAO__ligand8553-0
577,WOLPAO__ligand13220-0
578,WOLPAO__ligand11587-0
579,WOLPAO__ligand43-0
580,WOLPAO__ligand1113-0
581,WOLPAO__ligand15788-0
582,WOLPAO__ligand23175-0
583,WOLPAO__ligand17396-0
584,WOLPAO__ligand13385-0
585,WOLPAO__ligand324-0
586,WOLPAO__ligand361-0
587,WOLPAO__ligand5201-0
588,WOLPAO__ligand409-0
589,WOLPAO__ligand14569-0
590,WOLPAO__ligand22444-0
591,WOLPAO__ligand24111-0
592,WOLPAO__ligand24644-0
593,WOLPAO__ligand10033-0
594,WOLPAO__ligand7566-0
595,WOLPAO__ligand12001-0
596,WOLPAO__ligand2001-0
597,WOLPAO__ligand30728-0
598,WOLPAO__ligand8593-0
599,WOLPAO__ligand9944-0
600,WOLPAO__ligand27840-0
601,WOLPAO__ligand24872-0
602,WOLPAO__ligand2823-0
603,WOLPAO__ligand25561-0
604,WOLPAO__ligand6995-0
605,WOLPAO__ligand11949-0
606,WOLPAO__ligand3180-0
607,WOLPAO__ligand199-0
608,WOLPAO__ligand24780-0
609,WOLPAO__ligand12138-0
610,WOLPAO__ligand4340-0
611,WOLPAO__ligand22129-0
612,WOLPAO__ligand2281-0
613,WOLPAO__ligand2650-0
614,WOLPAO__ligand5415-0
615,WOLPAO__ligand67-0
616,WOLPAO__ligand17427-0
617,WOLPAO__ligand588-0
618,WOLPAO__ligand31694-0
619,WOLPAO__ligand3471-0
620,WOLPAO__ligand4161-0
621,WOLPAO__ligand4124-0
622,WOLPAO__ligand300-0
623,WOLPAO__ligand29486-0
624,WOLPAO__ligand657-0
625,WOLPAO__ligand1114-0
626,WOLPAO__ligand10151-0
627,WOLPAO__ligand187-0
628,WOLPAO__ligand3126-0
629,WOLPAO__ligand6391-0
630,WOLPAO__ligand9284-0
631,WOLPAO__ligand366-0
632,WOLPAO__ligand2417-0
633,WOLPAO__ligand1832-0
634,WOLPAO__ligand8788-0
635,WOLPAO__ligand777-0
636,WOLPAO__ligand22353-0
637,WOLPAO__ligand2043-0
638,WOLPAO__ligand19906-0
639,WOLPAO__ligand9943-0
640,WOLPAO__ligand1228-0
641,WOLPAO__ligand19668-0
642,WOLPAO__ligand1604-0
643,WOLPAO__ligand941-0
644,WOLPAO__ligand596-0
645,WOLPAO__ligand11479-0
646,WOLPAO__ligand10479-0
647,WOLPAO__ligand27610-0
648,WOLPAO__ligand9450-0
649,WOLPAO__ligand10853-0
650,WOLPAO__ligand29441-0
651,WOLPAO__ligand126-0
652,WOLPAO__ligand163-0
653,WOLPAO__ligand24851-0
654,WOLPAO__ligand18-0
655,WOLPAO__ligand1599-0
656,WOLPAO__ligand14347-0
657,WOLPAO__ligand13657-0
658,WOLPAO__ligand14302-0
659,WOLPAO__ligand2612-0
660,WOLPAO__ligand11698-0
661,WOLPAO__ligand20530-0
662,WOLPAO__ligand20220-0
663,WOLPAO__ligand20121-0
664,WOLPAO__ligand1289-0
665,WOLPAO__ligand5387-0
666,WOLPAO__ligand2203-0
667,WOLPAO__ligand15387-0
668,WOLPAO__ligand845-0
669,WOLPAO__ligand29813-0
670,WOLPAO__ligand16952-0
671,WOLPAO__ligand11177-0
672,WOLPAO__ligand3244-0
673,WOLPAO__ligand4711-0
674,WOLPAO__ligand2906-0
675,WOLPAO__ligand15455-0
676,WOLPAO__ligand4649-0
677,WOLPAO__ligand2788-0
678,WOLPAO__ligand5649-0
679,WOLPAO__ligand8793-0
680,WOLPAO__ligand31205-0
681,WOLPAO__ligand17686-0
682,WOLPAO__ligand25658-0
683,WOLPAO__ligand11814-0
684,WOLPAO__ligand7196-0
685,WOLPAO__ligand5159-0
686,WOLPAO__ligand1356-0
687,WOLPAO__ligand1787-0
688,WOLPAO__ligand5530-0
689,WOLPAO__ligand16603-0
690,WOLPAO__ligand338-0
691,WOLPAO__ligand9753-0
692,WOLPAO__ligand3178-0
693,WOLPAO__ligand16870-0
694,WOLPAO__ligand4807-0
695,WOLPAO__ligand11622-0
696,WOLPAO__ligand26673-0
697,WOLPAO__ligand5180-0
698,WOLPAO__ligand20821-0
699,WOLPAO__ligand7316-0
700,WOLPAO__ligand11606-0
701,WOLPAO__ligand5708-0
702,WOLPAO__ligand6017-0
703,WOLPAO__ligand201-0
704,WOLPAO__ligand31000-0
705,WOLPAO__ligand279-0
706,WOLPAO__ligand8612-0
707,WOLPAO__ligand185-0
708,WOLPAO__ligand2124-0
709,WOLPAO__ligand11252-0
710,WOLPAO__ligand178-0
711,WOLPAO__ligand2260-0
712,WOLPAO__ligand13260-0
713,WOLPAO__ligand7092-0
714,WOLPAO__ligand1116-0
715,WOLPAO__ligand10582-0
716,WOLPAO__ligand1153-0
717,WOLPAO__ligand3225-0
718,WOLPAO__ligand7273-0
719,WOLPAO__ligand9323-0
720,WOLPAO__ligand7172-0
721,WOLPAO__ligand321-0
722,WOLPAO__ligand18067-0
723,WOLPAO__ligand19824-0
724,WOLPAO__ligand1197-0
725,WOLPAO__ligand240-0
726,WOLPAO__ligand8592-0
727,WOLPAO__ligand5099-0
728,WOLPAO__ligand30004-0
729,WOLPAO__ligand20557-0
730,WOLPAO__ligand1296-0
731,WOLPAO__ligand141-0
732,WOLPAO__ligand2259-0
733,WOLPAO__ligand9773-0
734,WOLPAO__ligand1376-0
735,WOLPAO__ligand5510-0
736,WOLPAO__ligand13755-0
737,WOLPAO__ligand16133-0
738,WOLPAO__ligand20432-0
739,WOLPAO__ligand27122-0
740,WOLPAO__ligand5595-0
741,WOLPAO__ligand4101-0
742,WOLPAO__ligand24953-0
743,WOLPAO__ligand23445-0
744,WOLPAO__ligand21940-0
745,WOLPAO__ligand2221-0
746,WOLPAO__ligand42-0
747,WOLPAO__ligand25048-0
748,WOLPAO__ligand4358-0
749,WOLPAO__ligand3926-0
750,WOLPAO__ligand3120-0
751,WOLPAO__ligand21752-0
752,WOLPAO__ligand768-0
753,WOLPAO__ligand8002-0
754,WOLPAO__ligand5509-0
755,WOLPAO__ligand6117-0
756,WOLPAO__ligand1407-0
757,WOLPAO__ligand5080-0
758,WOLPAO__ligand7762-0
759,WOLPAO__ligand14339-0
760,WOLPAO__ligand13691-0
761,WOLPAO__ligand30788-0
762,WOLPAO__ligand66-0
763,WOLPAO__ligand2238-0
764,WOLPAO__ligand9167-0
765,WOLPAO__ligand5304-0
766,WOLPAO__ligand3867-0
767,WOLPAO__ligand1317-0
768,WOLPAO__ligand7293-0
769,WOLPAO__ligand2822-0
770,WOLPAO__ligand24560-0
771,WOLPAO__ligand18757-0
772,WOLPAO__ligand384-0
773,WOLPAO__ligand24624-0
774,WOLPAO__ligand18413-0
775,WOLPAO__ligand20844-0
776,WOLPAO__ligand9299-0
777,WOLPAO__ligand4007-0
778,WOLPAO__ligand122-0
779,WOLPAO__ligand14007-0
780,WOLPAO__ligand2985-0
781,WOLPAO__ligand18019-1
782,WOLPAO__ligand9883-0
783,WOLPAO__ligand27550-0
784,WOLPAO__ligand3677-1
785,WOLPAO__ligand757-0
786,WOLPAO__ligand7291-0
787,WOLPAO__ligand21339-0
788,WOLPAO__ligand14226-0
789,WOLPAO__ligand16956-0
790,WOLPAO__ligand3736-0
791,WOLPAO__ligand20942-1
792,WOLPAO__ligand8000-0
793,WOLPAO__ligand9344-0
794,WOLPAO__ligand8-0
795,WOLPAO__ligand23682-0
796,WOLPAO__ligand29565-0
797,WOLPAO__ligand2693-0
798,WOLPAO__ligand5383-0
799,WOLPAO__ligand27771-0
800,WOLPAO__ligand3945-0
801,WOLPAO__ligand18158-0
802,WOLPAO__ligand20731-0
803,WOLPAO__ligand1499-0
804,WOLPAO__ligand29334-0
805,WOLPAO__ligand2881-0
806,WOLPAO__ligand12413-0
807,WOLPAO__ligand11798-0
808,WOLPAO__ligand3712-0
809,WOLPAO__ligand1464-0
810,WOLPAO__ligand14477-0
811,WOLPAO__ligand1211-0
812,WOLPAO__ligand17069-0
813,WOLPAO__ligand6892-0
814,WOLPAO__ligand17445-0
815,WOLPAO__ligand38-0
816,WOLPAO__ligand1168-0
817,WOLPAO__ligand1294-0
818,WOLPAO__ligand29214-0
819,WOLPAO__ligand3677-0
820,WOLPAO__ligand3632-0
821,WOLPAO__ligand11501-0
822,WOLPAO__ligand693-0
823,WOLPAO__ligand11544-0
824,WOLPAO__ligand21448-0
825,WOLPAO__ligand11758-0
826,WOLPAO__ligand22357-0
827,WOLPAO__ligand6699-0
