,TMC
0,COFVIC__ligand178-0
1,COFVIC__ligand5093-0
2,COFVIC__ligand2954-0
3,COFVIC__ligand279-0
4,COFVIC__ligand2253-0
5,COFVIC__ligand1160-0
6,COFVIC__ligand321-0
7,COFVIC__ligand1038-0
8,COFVIC__ligand2762-0
9,COFVIC__ligand7550-0
10,COFVIC__ligand244-0
11,COFVIC__ligand201-0
12,COFVIC__ligand100-0
13,COFVIC__ligand7630-0
14,COFVIC__ligand1555-0
15,COFVIC__ligand124-0
16,COFVIC__ligand1285-0
17,COFVIC__ligand1-0
18,COFVIC__ligand1907-0
19,COFVIC__ligand4423-0
20,COFVIC__ligand119-0
21,COFVIC__ligand67-0
22,COFVIC__ligand3890-0
23,COFVIC__ligand7456-0
24,COFVIC__ligand1818-0
25,COFVIC__ligand3852-0
26,COFVIC__ligand3478-0
27,COFVIC__ligand3-0
28,COFVIC__ligand5758-0
29,COFVIC__ligand126-0
30,COFVIC__ligand1493-0
31,COFVIC__ligand3035-0
32,COFVIC__ligand3070-0
33,COFVIC__ligand2718-0
34,COFVIC__ligand9176-0
35,COFVIC__ligand596-0
36,COFVIC__ligand187-0
37,COFVIC__ligand3251-0
38,COFVIC__ligand612-0
39,COFVIC__ligand5235-0
40,COFVIC__ligand861-0
41,COFVIC__ligand6143-0
42,COFVIC__ligand4619-0
43,COFVIC__ligand366-0
44,COFVIC__ligand1918-0
45,COFVIC__ligand78-0
46,COFVIC__ligand85-0
47,COFVIC__ligand4175-0
48,COFVIC__ligand45-0
49,COFVIC__ligand10910-0
50,COFVIC__ligand2255-0
51,COFVIC__ligand1436-0
52,COFVIC__ligand797-0
53,COFVIC__ligand3618-0
54,COFVIC__ligand2618-0
55,COFVIC__ligand4370-0
56,COFVIC__ligand14530-0
57,COFVIC__ligand757-0
58,COFVIC__ligand10479-0
59,COFVIC__ligand2526-0
60,COFVIC__ligand1551-0
61,COFVIC__ligand120-0
62,COFVIC__ligand384-0
63,COFVIC__ligand2707-0
64,COFVIC__ligand1690-0
65,COFVIC__ligand10114-0
66,COFVIC__ligand2915-0
67,COFVIC__ligand141-0
68,COFVIC__ligand3196-0
69,COFVIC__ligand4012-0
70,COFVIC__ligand240-0
71,COFVIC__ligand226-0
72,COFVIC__ligand162-0
73,COFVIC__ligand2599-0
74,COFVIC__ligand5089-0
75,COFVIC__ligand3853-0
76,COFVIC__ligand383-0
77,COFVIC__ligand2853-0
78,COFVIC__ligand6166-0
79,COFVIC__ligand21-0
80,COFVIC__ligand1246-0
81,COFVIC__ligand40-0
82,COFVIC__ligand1307-0
83,COFVIC__ligand38-0
84,COFVIC__ligand1449-1
85,COFVIC__ligand4811-0
86,COFVIC__ligand669-0
87,COFVIC__ligand358-0
88,COFVIC__ligand3337-0
89,COFVIC__ligand7514-0
90,COFVIC__ligand430-0
91,COFVIC__ligand365-0
92,COFVIC__ligand9620-0
93,COFVIC__ligand4894-0
94,COFVIC__ligand1260-0
95,COFVIC__ligand278-0
96,COFVIC__ligand66-0
97,COFVIC__ligand1788-0
98,COFVIC__ligand571-0
99,COFVIC__ligand670-0
100,COFVIC__ligand118-0
101,COFVIC__ligand509-0
102,COFVIC__ligand1178-0
103,COFVIC__ligand3566-0
104,COFVIC__ligand1321-0
105,COFVIC__ligand575-0
106,COFVIC__ligand5762-0
107,COFVIC__ligand7414-0
108,COFVIC__ligand1104-0
109,COFVIC__ligand1019-0
110,COFVIC__ligand2442-0
111,COFVIC__ligand62-0
112,COFVIC__ligand1325-0
113,COFVIC__ligand2482-0
114,COFVIC__ligand6571-0
115,COFVIC__ligand199-0
116,COFVIC__ligand4-0
117,COFVIC__ligand927-0
118,COFVIC__ligand86-0
119,COFVIC__ligand2376-0
120,COFVIC__ligand105-0
121,COFVIC__ligand140-0
122,COFVIC__ligand2929-0
123,COFVIC__ligand1299-0
124,COFVIC__ligand6430-0
125,COFVIC__ligand1264-0
126,COFVIC__ligand1221-0
127,COFVIC__ligand1379-0
128,COFVIC__ligand361-0
129,COFVIC__ligand324-0
130,COFVIC__ligand409-0
131,COFVIC__ligand2110-0
132,COFVIC__ligand2916-0
133,COFVIC__ligand283-0
134,COFVIC__ligand553-0
135,COFVIC__ligand3579-0
136,COFVIC__ligand326-0
137,COFVIC__ligand1712-0
138,COFVIC__ligand821-0
139,COFVIC__ligand2389-0
140,COFVIC__ligand436-0
141,COFVIC__ligand1919-0
142,COFVIC__ligand206-0
143,COFVIC__ligand142-0
144,COFVIC__ligand2315-0
145,COFVIC__ligand838-0
146,COFVIC__ligand1898-0
147,COFVIC__ligand3051-0
148,COFVIC__ligand18-0
149,COFVIC__ligand4504-0
150,COFVIC__ligand2480-0
151,COFVIC__ligand15630-0
152,COFVIC__ligand5334-0
153,COFVIC__ligand166-0
154,COFVIC__ligand10357-0
155,COFVIC__ligand6-0
156,COFVIC__ligand532-0
157,COFVIC__ligand918-0
158,COFVIC__ligand633-0
159,COFVIC__ligand497-0
160,COFVIC__ligand8032-0
161,COFVIC__ligand1858-0
162,COFVIC__ligand112-0
163,COFVIC__ligand29-0
164,COFVIC__ligand1052-0
165,COFVIC__ligand91-0
166,COFVIC__ligand51-0
167,COFVIC__ligand1273-0
168,COFVIC__ligand296-0
169,COFVIC__ligand197-0
170,COFVIC__ligand9027-0
171,COFVIC__ligand352-0
172,COFVIC__ligand783-0
173,COFVIC__ligand1113-0
174,COFVIC__ligand2265-0
175,COFVIC__ligand6396-0
176,COFVIC__ligand136-0
177,COFVIC__ligand1502-0
178,COFVIC__ligand2794-0
179,COFVIC__ligand442-0
180,COFVIC__ligand2345-0
181,COFVIC__ligand1835-0
182,COFVIC__ligand868-0
183,COFVIC__ligand4983-0
184,COFVIC__ligand48-0
185,COFVIC__ligand1169-0
186,COFVIC__ligand235-0
187,COFVIC__ligand5022-0
188,COFVIC__ligand932-0
189,COFVIC__ligand134-0
190,COFVIC__ligand390-0
191,COFVIC__ligand2880-0
192,COFVIC__ligand5941-0
193,COFVIC__ligand2838-0
194,COFVIC__ligand3838-0
195,COFVIC__ligand32-0
196,COFVIC__ligand1799-0
197,COFVIC__ligand109-0
198,COFVIC__ligand560-0
199,COFVIC__ligand525-0
200,COFVIC__ligand6151-0
201,COFVIC__ligand2772-0
202,COFVIC__ligand9495-0
203,COFVIC__ligand331-0
204,COFVIC__ligand6538-0
205,COFVIC__ligand8-0
206,COFVIC__ligand993-0
207,COFVIC__ligand294-0
208,COFVIC__ligand2142-0
209,COFVIC__ligand11730-0
210,COFVIC__ligand584-0
211,COFVIC__ligand916-0
212,COFVIC__ligand798-0
213,COFVIC__ligand421-0
214,COFVIC__ligand2864-0
215,COFVIC__ligand7464-0
216,COFVIC__ligand370-0
217,COFVIC__ligand57-0
218,COFVIC__ligand6294-0
219,COFVIC__ligand460-0
220,COFVIC__ligand1054-0
221,COFVIC__ligand250-0
222,COFVIC__ligand1598-0
223,COFVIC__ligand4303-0
224,COFVIC__ligand1248-0
225,COFVIC__ligand444-0
226,COFVIC__ligand369-0
227,COFVIC__ligand8774-0
228,COFVIC__ligand3637-0
229,COFVIC__ligand188-0
230,COFVIC__ligand73-0
231,COFVIC__ligand311-0
232,COFVIC__ligand909-0
233,COFVIC__ligand1152-0
234,COFVIC__ligand1727-0
235,COFVIC__ligand851-0
236,COFVIC__ligand34-0
237,COFVIC__ligand1607-0
238,COFVIC__ligand177-0
239,COFVIC__ligand934-0
240,COFVIC__ligand2320-0
241,COFVIC__ligand1056-0
242,COFVIC__ligand95-0
243,COFVIC__ligand2862-0
244,COFVIC__ligand8921-0
245,COFVIC__ligand2285-0
246,COFVIC__ligand955-0
247,COFVIC__ligand1567-0
248,COFVIC__ligand252-0
249,COFVIC__ligand2510-0
250,COFVIC__ligand193-0
251,COFVIC__ligand2907-0
252,COFVIC__ligand55-0
253,COFVIC__ligand830-0
254,COFVIC__ligand1703-0
255,COFVIC__ligand2430-0
256,COFVIC__ligand1685-0
257,COFVIC__ligand1048-0
258,COFVIC__ligand2087-0
259,COFVIC__ligand314-0
260,COFVIC__ligand3757-0
261,COFVIC__ligand481-0
262,COFVIC__ligand391-0
263,COFVIC__ligand1459-0
264,COFVIC__ligand170-0
265,COFVIC__ligand1544-0
266,COFVIC__ligand92-0
267,COFVIC__ligand1438-0
268,COFVIC__ligand3063-0
269,COFVIC__ligand210-0
270,COFVIC__ligand5801-0
271,COFVIC__ligand1171-0
272,COFVIC__ligand17-0
273,COFVIC__ligand2629-0
274,COFVIC__ligand4381-0
275,COFVIC__ligand502-0
276,COFVIC__ligand196-0
277,COFVIC__ligand1706-0
278,COFVIC__ligand3734-0
279,COFVIC__ligand422-0
280,COFVIC__ligand113-0
281,COFVIC__ligand2768-0
282,COFVIC__ligand1376-0
283,COFVIC__ligand49-0
284,COFVIC__ligand236-0
285,COFVIC__ligand2259-0
286,COFVIC__ligand2688-0
287,COFVIC__ligand1951-0
288,COFVIC__ligand1687-0
289,COFVIC__ligand6277-0
290,COFVIC__ligand89-0
291,COFVIC__ligand353-0
292,COFVIC__ligand2634-0
293,COFVIC__ligand133-0
294,COFVIC__ligand1542-0
295,COFVIC__ligand3041-0
296,COFVIC__ligand447-0
297,COFVIC__ligand2751-0
298,COFVIC__ligand487-0
299,COFVIC__ligand666-0
300,COFVIC__ligand522-0
301,COFVIC__ligand5548-0
302,COFVIC__ligand11-0
303,COFVIC__ligand7915-0
304,COFVIC__ligand1747-0
305,COFVIC__ligand6686-0
306,COFVIC__ligand3145-0
307,COFVIC__ligand3178-0
308,COFVIC__ligand682-0
309,COFVIC__ligand6332-0
310,COFVIC__ligand6502-0
311,COFVIC__ligand2098-0
312,COFVIC__ligand2863-0
313,COFVIC__ligand1148-0
314,COFVIC__ligand115-0
315,COFVIC__ligand1479-0
316,COFVIC__ligand291-0
317,COFVIC__ligand3246-0
318,COFVIC__ligand485-0
319,COFVIC__ligand355-0
320,COFVIC__ligand784-0
321,COFVIC__ligand1114-0
322,COFVIC__ligand1538-0
323,COFVIC__ligand1228-0
324,COFVIC__ligand9244-0
