,TMC
0,LEFQIX__ligand25561-0
1,LEFQIX__ligand6062-0
2,LEFQIX__ligand4738-0
3,LEFQIX__ligand4813-0
4,LEFQIX__ligand5813-0
5,LEFQIX__ligand571-0
6,LEFQIX__ligand11949-0
7,LEFQIX__ligand534-0
8,LEFQIX__ligand6283-0
9,LEFQIX__ligand22129-0
10,LEFQIX__ligand12138-0
11,LEFQIX__ligand670-0
12,LEFQIX__ligand24780-0
13,LEFQIX__ligand7107-0
14,LEFQIX__ligand17427-0
15,LEFQIX__ligand3215-0
16,LEFQIX__ligand31694-0
17,LEFQIX__ligand29486-0
18,LEFQIX__ligand13220-0
19,LEFQIX__ligand11587-0
20,LEFQIX__ligand694-0
21,LEFQIX__ligand7925-0
22,LEFQIX__ligand17396-0
23,LEFQIX__ligand23175-0
24,LEFQIX__ligand15788-0
25,LEFQIX__ligand2068-0
26,LEFQIX__ligand14569-0
27,LEFQIX__ligand18-0
28,LEFQIX__ligand13385-0
29,LEFQIX__ligand488-0
30,LEFQIX__ligand3973-0
31,LEFQIX__ligand430-0
32,LEFQIX__ligand24111-0
33,LEFQIX__ligand22444-0
34,LEFQIX__ligand358-0
35,LEFQIX__ligand1147-0
36,LEFQIX__ligand10033-0
37,LEFQIX__ligand24644-0
38,LEFQIX__ligand4330-0
39,LEFQIX__ligand12001-0
40,LEFQIX__ligand2599-0
41,LEFQIX__ligand27840-0
42,LEFQIX__ligand4194-0
43,LEFQIX__ligand30728-0
44,LEFQIX__ligand24872-0
45,LEFQIX__ligand7532-0
46,LEFQIX__ligand16148-0
47,LEFQIX__ligand26631-0
48,LEFQIX__ligand4332-0
49,LEFQIX__ligand12003-0
50,LEFQIX__ligand9681-0
51,LEFQIX__ligand21399-0
52,LEFQIX__ligand10872-0
53,LEFQIX__ligand1065-0
54,LEFQIX__ligand29215-0
55,LEFQIX__ligand7530-0
56,LEFQIX__ligand3012-0
57,LEFQIX__ligand656-0
58,LEFQIX__ligand1449-0
59,LEFQIX__ligand20695-0
60,LEFQIX__ligand27754-0
61,LEFQIX__ligand696-0
62,LEFQIX__ligand16369-0
63,LEFQIX__ligand2403-0
64,LEFQIX__ligand28540-0
65,LEFQIX__ligand11111-0
66,LEFQIX__ligand6882-0
67,LEFQIX__ligand6455-0
68,LEFQIX__ligand22403-0
69,LEFQIX__ligand3934-0
70,LEFQIX__ligand11618-0
71,LEFQIX__ligand226-0
72,LEFQIX__ligand7529-0
73,LEFQIX__ligand1415-0
74,LEFQIX__ligand6946-0
75,LEFQIX__ligand162-0
76,LEFQIX__ligand383-0
77,LEFQIX__ligand9148-0
78,LEFQIX__ligand416-0
79,LEFQIX__ligand26529-0
80,LEFQIX__ligand21729-0
81,LEFQIX__ligand5483-0
82,LEFQIX__ligand27239-0
83,LEFQIX__ligand5316-0
84,LEFQIX__ligand19927-0
85,LEFQIX__ligand2830-0
86,LEFQIX__ligand28559-0
87,LEFQIX__ligand1729-0
88,LEFQIX__ligand26324-0
89,LEFQIX__ligand14043-0
90,LEFQIX__ligand5627-0
91,LEFQIX__ligand9525-0
92,LEFQIX__ligand13477-0
93,LEFQIX__ligand14167-0
94,LEFQIX__ligand1165-0
95,LEFQIX__ligand30142-0
96,LEFQIX__ligand27669-0
97,LEFQIX__ligand3157-0
98,LEFQIX__ligand2722-0
99,LEFQIX__ligand1379-0
100,LEFQIX__ligand5935-0
101,LEFQIX__ligand23197-0
102,LEFQIX__ligand1768-0
103,LEFQIX__ligand1469-0
104,LEFQIX__ligand633-0
105,LEFQIX__ligand3871-0
106,LEFQIX__ligand3647-0
107,LEFQIX__ligand5357-0
108,LEFQIX__ligand27285-0
109,LEFQIX__ligand42-0
110,LEFQIX__ligand1688-0
111,LEFQIX__ligand29029-0
112,LEFQIX__ligand497-0
113,LEFQIX__ligand4850-0
114,LEFQIX__ligand5056-0
115,LEFQIX__ligand13672-0
116,LEFQIX__ligand18568-0
117,LEFQIX__ligand8349-0
118,LEFQIX__ligand28685-0
119,LEFQIX__ligand8464-0
120,LEFQIX__ligand1709-0
121,LEFQIX__ligand326-0
122,LEFQIX__ligand2527-0
123,LEFQIX__ligand66-0
124,LEFQIX__ligand10371-0
125,LEFQIX__ligand12453-0
126,LEFQIX__ligand18448-0
127,LEFQIX__ligand436-0
128,LEFQIX__ligand5849-0
129,LEFQIX__ligand28459-0
130,LEFQIX__ligand692-0
131,LEFQIX__ligand19184-0
132,LEFQIX__ligand1771-0
133,LEFQIX__ligand4911-0
134,LEFQIX__ligand3392-0
135,LEFQIX__ligand9197-0
136,LEFQIX__ligand16988-0
137,LEFQIX__ligand25913-0
138,LEFQIX__ligand1900-0
139,LEFQIX__ligand7162-0
140,LEFQIX__ligand11682-0
141,LEFQIX__ligand3029-0
142,LEFQIX__ligand20207-0
143,LEFQIX__ligand30711-0
144,LEFQIX__ligand1773-0
145,LEFQIX__ligand4581-0
146,LEFQIX__ligand2328-0
147,LEFQIX__ligand24035-0
148,LEFQIX__ligand3350-0
149,LEFQIX__ligand7573-0
150,LEFQIX__ligand2781-0
151,LEFQIX__ligand8722-0
152,LEFQIX__ligand31044-0
153,LEFQIX__ligand31842-0
154,LEFQIX__ligand9809-0
155,LEFQIX__ligand6672-0
156,LEFQIX__ligand11994-0
157,LEFQIX__ligand1327-0
158,LEFQIX__ligand16663-0
159,LEFQIX__ligand14614-0
160,LEFQIX__ligand409-0
161,LEFQIX__ligand2208-0
162,LEFQIX__ligand324-0
163,LEFQIX__ligand3208-0
164,LEFQIX__ligand361-0
165,LEFQIX__ligand588-0
166,LEFQIX__ligand22168-0
167,LEFQIX__ligand28930-0
168,LEFQIX__ligand22294-0
169,LEFQIX__ligand1496-0
170,LEFQIX__ligand21919-0
171,LEFQIX__ligand7557-0
172,LEFQIX__ligand300-0
173,LEFQIX__ligand12365-0
174,LEFQIX__ligand10056-0
175,LEFQIX__ligand1533-0
176,LEFQIX__ligand13862-0
177,LEFQIX__ligand11357-0
178,LEFQIX__ligand28743-0
179,LEFQIX__ligand15531-0
180,LEFQIX__ligand28810-0
181,LEFQIX__ligand5094-0
182,LEFQIX__ligand38-0
183,LEFQIX__ligand5892-0
184,LEFQIX__ligand11096-0
185,LEFQIX__ligand11447-0
186,LEFQIX__ligand24230-0
187,LEFQIX__ligand15926-0
188,LEFQIX__ligand19792-0
189,LEFQIX__ligand10828-0
190,LEFQIX__ligand4131-0
191,LEFQIX__ligand11970-0
192,LEFQIX__ligand199-0
193,LEFQIX__ligand1712-0
194,LEFQIX__ligand15883-0
195,LEFQIX__ligand2232-0
196,LEFQIX__ligand12413-0
197,LEFQIX__ligand29334-0
198,LEFQIX__ligand20731-0
199,LEFQIX__ligand2176-0
200,LEFQIX__ligand777-0
201,LEFQIX__ligand9291-0
202,LEFQIX__ligand11798-0
203,LEFQIX__ligand941-0
204,LEFQIX__ligand9833-0
205,LEFQIX__ligand596-0
206,LEFQIX__ligand7648-0
207,LEFQIX__ligand17069-0
208,LEFQIX__ligand8876-0
209,LEFQIX__ligand2828-0
210,LEFQIX__ligand5256-0
211,LEFQIX__ligand14477-0
212,LEFQIX__ligand17445-0
213,LEFQIX__ligand4157-0
214,LEFQIX__ligand29214-0
215,LEFQIX__ligand187-0
216,LEFQIX__ligand4546-0
217,LEFQIX__ligand11501-0
218,LEFQIX__ligand11544-0
219,LEFQIX__ligand4503-0
220,LEFQIX__ligand657-0
221,LEFQIX__ligand8115-0
222,LEFQIX__ligand6768-0
223,LEFQIX__ligand1982-0
224,LEFQIX__ligand21448-0
225,LEFQIX__ligand7000-0
226,LEFQIX__ligand22357-0
227,LEFQIX__ligand366-0
228,LEFQIX__ligand11758-0
229,LEFQIX__ligand1285-0
230,LEFQIX__ligand1304-0
231,LEFQIX__ligand1790-0
232,LEFQIX__ligand7280-0
233,LEFQIX__ligand7238-0
234,LEFQIX__ligand18019-1
235,LEFQIX__ligand14007-0
236,LEFQIX__ligand4016-0
237,LEFQIX__ligand27550-0
238,LEFQIX__ligand7867-0
239,LEFQIX__ligand1219-0
240,LEFQIX__ligand6709-0
241,LEFQIX__ligand845-0
242,LEFQIX__ligand20942-1
243,LEFQIX__ligand21339-0
244,LEFQIX__ligand14226-0
245,LEFQIX__ligand3954-0
246,LEFQIX__ligand4093-0
247,LEFQIX__ligand4442-0
248,LEFQIX__ligand16956-0
249,LEFQIX__ligand9520-0
250,LEFQIX__ligand8699-0
251,LEFQIX__ligand1160-0
252,LEFQIX__ligand29565-0
253,LEFQIX__ligand23682-0
254,LEFQIX__ligand9784-0
255,LEFQIX__ligand18158-0
256,LEFQIX__ligand4272-0
257,LEFQIX__ligand1451-0
258,LEFQIX__ligand126-0
259,LEFQIX__ligand163-0
260,LEFQIX__ligand7629-0
261,LEFQIX__ligand27771-0
262,LEFQIX__ligand338-0
263,LEFQIX__ligand21752-0
264,LEFQIX__ligand78-0
265,LEFQIX__ligand9908-0
266,LEFQIX__ligand1263-0
267,LEFQIX__ligand14339-0
268,LEFQIX__ligand7106-0
269,LEFQIX__ligand30788-0
270,LEFQIX__ligand7242-0
271,LEFQIX__ligand13691-0
272,LEFQIX__ligand1844-0
273,LEFQIX__ligand4661-0
274,LEFQIX__ligand6616-0
275,LEFQIX__ligand3876-0
276,LEFQIX__ligand1343-0
277,LEFQIX__ligand3035-0
278,LEFQIX__ligand3718-0
279,LEFQIX__ligand45-0
280,LEFQIX__ligand18757-0
281,LEFQIX__ligand24560-0
282,LEFQIX__ligand9935-0
283,LEFQIX__ligand1573-0
284,LEFQIX__ligand1536-0
285,LEFQIX__ligand18413-0
286,LEFQIX__ligand20844-0
287,LEFQIX__ligand24624-0
288,LEFQIX__ligand1959-0
289,LEFQIX__ligand3504-0
290,LEFQIX__ligand30004-0
291,LEFQIX__ligand20557-0
292,LEFQIX__ligand6919-0
293,LEFQIX__ligand178-0
294,LEFQIX__ligand3852-0
295,LEFQIX__ligand2485-0
296,LEFQIX__ligand185-0
297,LEFQIX__ligand279-0
298,LEFQIX__ligand3565-0
299,LEFQIX__ligand321-0
300,LEFQIX__ligand1512-0
301,LEFQIX__ligand5331-0
302,LEFQIX__ligand24-0
303,LEFQIX__ligand6839-0
304,LEFQIX__ligand20432-0
305,LEFQIX__ligand27122-0
306,LEFQIX__ligand19-0
307,LEFQIX__ligand8969-0
308,LEFQIX__ligand3131-0
309,LEFQIX__ligand16133-0
310,LEFQIX__ligand13755-0
311,LEFQIX__ligand3174-0
312,LEFQIX__ligand1202-0
313,LEFQIX__ligand3937-0
314,LEFQIX__ligand24953-0
315,LEFQIX__ligand23445-0
316,LEFQIX__ligand4720-0
317,LEFQIX__ligand25048-0
318,LEFQIX__ligand4155-0
319,LEFQIX__ligand3094-0
320,LEFQIX__ligand201-0
321,LEFQIX__ligand21940-0
322,LEFQIX__ligand5211-0
323,LEFQIX__ligand26673-0
324,LEFQIX__ligand20821-0
325,LEFQIX__ligand4641-0
326,LEFQIX__ligand11606-0
327,LEFQIX__ligand31000-0
328,LEFQIX__ligand7126-0
329,LEFQIX__ligand11252-0
330,LEFQIX__ligand141-0
331,LEFQIX__ligand8835-0
332,LEFQIX__ligand2028-0
333,LEFQIX__ligand10582-0
334,LEFQIX__ligand13260-0
335,LEFQIX__ligand240-0
336,LEFQIX__ligand1142-0
337,LEFQIX__ligand3234-0
338,LEFQIX__ligand19824-0
339,LEFQIX__ligand18067-0
340,LEFQIX__ligand3465-0
341,LEFQIX__ligand11177-0
342,LEFQIX__ligand15455-0
343,LEFQIX__ligand6102-0
344,LEFQIX__ligand6596-0
345,LEFQIX__ligand3721-0
346,LEFQIX__ligand6904-0
347,LEFQIX__ligand8-0
348,LEFQIX__ligand2917-0
349,LEFQIX__ligand384-0
350,LEFQIX__ligand7819-0
351,LEFQIX__ligand17686-0
352,LEFQIX__ligand25658-0
353,LEFQIX__ligand31205-0
354,LEFQIX__ligand11814-0
355,LEFQIX__ligand1577-0
356,LEFQIX__ligand6067-0
357,LEFQIX__ligand768-0
358,LEFQIX__ligand16603-0
359,LEFQIX__ligand2295-0
360,LEFQIX__ligand16870-0
361,LEFQIX__ligand11622-0
362,LEFQIX__ligand4620-0
363,LEFQIX__ligand1575-0
364,LEFQIX__ligand1530-0
365,LEFQIX__ligand43-0
366,LEFQIX__ligand10479-0
367,LEFQIX__ligand27610-0
368,LEFQIX__ligand11479-0
369,LEFQIX__ligand9933-0
370,LEFQIX__ligand1631-0
371,LEFQIX__ligand29441-0
372,LEFQIX__ligand10853-0
373,LEFQIX__ligand9441-0
374,LEFQIX__ligand24851-0
375,LEFQIX__ligand2332-0
376,LEFQIX__ligand20530-0
377,LEFQIX__ligand11698-0
378,LEFQIX__ligand14347-0
379,LEFQIX__ligand13657-0
380,LEFQIX__ligand14302-0
381,LEFQIX__ligand1378-0
382,LEFQIX__ligand122-0
383,LEFQIX__ligand20220-0
384,LEFQIX__ligand15387-0
385,LEFQIX__ligand6244-0
386,LEFQIX__ligand20121-0
387,LEFQIX__ligand757-0
388,LEFQIX__ligand2915-0
389,LEFQIX__ligand29813-0
390,LEFQIX__ligand3156-0
391,LEFQIX__ligand16952-0
392,LEFQIX__ligand693-0
393,LEFQIX__ligand1018-0
394,LEFQIX__ligand10151-0
395,LEFQIX__ligand4116-0
396,LEFQIX__ligand7967-0
397,LEFQIX__ligand6124-0
398,LEFQIX__ligand3707-0
399,LEFQIX__ligand9601-0
400,LEFQIX__ligand8992-0
401,LEFQIX__ligand22353-0
402,LEFQIX__ligand1615-0
403,LEFQIX__ligand2526-0
404,LEFQIX__ligand5036-0
405,LEFQIX__ligand67-0
406,LEFQIX__ligand9952-0
407,LEFQIX__ligand9111-0
408,LEFQIX__ligand1324-0
409,LEFQIX__ligand19668-0
410,LEFQIX__ligand8721-0
411,LEFQIX__ligand19906-0
412,LEFQIX__ligand1823-0
413,LEFQIX__ligand5643-0
414,LEFQIX__ligand5383-0
415,LEFQIX__ligand2693-0
416,LEFQIX__ligand17240-0
417,LEFQIX__ligand393-0
418,LEFQIX__ligand3945-0
419,LEFQIX__ligand17590-0
420,LEFQIX__ligand3736-0
421,LEFQIX__ligand8000-0
422,LEFQIX__ligand18699-0
423,LEFQIX__ligand12682-0
424,LEFQIX__ligand9344-0
425,LEFQIX__ligand3677-1
426,LEFQIX__ligand9883-0
427,LEFQIX__ligand7291-0
428,LEFQIX__ligand13072-0
429,LEFQIX__ligand9299-0
430,LEFQIX__ligand2985-0
431,LEFQIX__ligand12336-0
432,LEFQIX__ligand4007-0
433,LEFQIX__ligand353-0
434,LEFQIX__ligand10555-0
435,LEFQIX__ligand31483-0
436,LEFQIX__ligand196-0
437,LEFQIX__ligand6699-0
438,LEFQIX__ligand1168-0
439,LEFQIX__ligand24613-0
440,LEFQIX__ligand1294-0
441,LEFQIX__ligand19725-0
442,LEFQIX__ligand3677-0
443,LEFQIX__ligand3632-0
444,LEFQIX__ligand1211-0
445,LEFQIX__ligand21421-0
446,LEFQIX__ligand6892-0
447,LEFQIX__ligand14586-0
448,LEFQIX__ligand11774-0
449,LEFQIX__ligand422-0
450,LEFQIX__ligand686-0
451,LEFQIX__ligand1499-0
452,LEFQIX__ligand2881-0
453,LEFQIX__ligand11568-0
454,LEFQIX__ligand1464-0
455,LEFQIX__ligand3712-0
456,LEFQIX__ligand17710-0
457,LEFQIX__ligand20579-0
458,LEFQIX__ligand29898-0
459,LEFQIX__ligand465-0
460,LEFQIX__ligand26277-0
461,LEFQIX__ligand2221-0
462,LEFQIX__ligand22755-0
463,LEFQIX__ligand4358-0
464,LEFQIX__ligand11432-0
465,LEFQIX__ligand3926-0
466,LEFQIX__ligand31618-0
467,LEFQIX__ligand3120-0
468,LEFQIX__ligand10432-0
469,LEFQIX__ligand4101-0
470,LEFQIX__ligand5595-0
471,LEFQIX__ligand24064-0
472,LEFQIX__ligand9773-0
473,LEFQIX__ligand5510-0
474,LEFQIX__ligand23589-0
475,LEFQIX__ligand314-1
476,LEFQIX__ligand1376-0
477,LEFQIX__ligand1197-0
478,LEFQIX__ligand4-0
479,LEFQIX__ligand8592-0
480,LEFQIX__ligand5099-0
481,LEFQIX__ligand1296-0
482,LEFQIX__ligand15168-0
483,LEFQIX__ligand2259-0
484,LEFQIX__ligand7293-0
485,LEFQIX__ligand2822-0
486,LEFQIX__ligand28924-0
487,LEFQIX__ligand3867-0
488,LEFQIX__ligand1317-0
489,LEFQIX__ligand15438-0
490,LEFQIX__ligand314-0
491,LEFQIX__ligand780-0
492,LEFQIX__ligand2238-0
493,LEFQIX__ligand29087-0
494,LEFQIX__ligand9167-0
495,LEFQIX__ligand813-0
496,LEFQIX__ligand11-0
497,LEFQIX__ligand18703-0
498,LEFQIX__ligand5304-0
499,LEFQIX__ligand17945-0
500,LEFQIX__ligand69-0
501,LEFQIX__ligand5080-0
502,LEFQIX__ligand7762-0
503,LEFQIX__ligand18013-0
504,LEFQIX__ligand25224-0
505,LEFQIX__ligand391-0
506,LEFQIX__ligand31578-0
507,LEFQIX__ligand17207-0
508,LEFQIX__ligand24750-0
509,LEFQIX__ligand8002-0
510,LEFQIX__ligand5509-0
511,LEFQIX__ligand618-0
512,LEFQIX__ligand1407-0
513,LEFQIX__ligand6117-0
514,LEFQIX__ligand3178-0
515,LEFQIX__ligand21787-0
516,LEFQIX__ligand25575-0
517,LEFQIX__ligand25689-0
518,LEFQIX__ligand784-0
519,LEFQIX__ligand4807-0
520,LEFQIX__ligand7196-0
521,LEFQIX__ligand5159-0
522,LEFQIX__ligand5530-0
523,LEFQIX__ligand12295-0
524,LEFQIX__ligand1787-0
525,LEFQIX__ligand1356-0
526,LEFQIX__ligand9753-0
527,LEFQIX__ligand27835-0
528,LEFQIX__ligand23906-0
529,LEFQIX__ligand5649-0
530,LEFQIX__ligand2788-0
531,LEFQIX__ligand8793-0
532,LEFQIX__ligand4649-0
533,LEFQIX__ligand21132-0
534,LEFQIX__ligand11166-0
535,LEFQIX__ligand3244-0
536,LEFQIX__ligand368-0
537,LEFQIX__ligand4711-0
538,LEFQIX__ligand30539-0
539,LEFQIX__ligand2906-0
540,LEFQIX__ligand395-0
541,LEFQIX__ligand7273-0
542,LEFQIX__ligand25735-0
543,LEFQIX__ligand12519-0
544,LEFQIX__ligand9323-0
545,LEFQIX__ligand11206-0
546,LEFQIX__ligand7172-0
547,LEFQIX__ligand23124-0
548,LEFQIX__ligand115-0
549,LEFQIX__ligand8612-0
550,LEFQIX__ligand49-0
551,LEFQIX__ligand2124-0
552,LEFQIX__ligand1116-0
553,LEFQIX__ligand3225-0
554,LEFQIX__ligand1153-0
555,LEFQIX__ligand2260-0
556,LEFQIX__ligand7092-0
557,LEFQIX__ligand89-0
558,LEFQIX__ligand7316-0
559,LEFQIX__ligand31248-0
560,LEFQIX__ligand5708-0
561,LEFQIX__ligand25650-0
562,LEFQIX__ligand6017-0
563,LEFQIX__ligand833-0
564,LEFQIX__ligand12660-0
565,LEFQIX__ligand5180-0
566,LEFQIX__ligand19257-0
567,LEFQIX__ligand13209-0
568,LEFQIX__ligand1228-0
569,LEFQIX__ligand9943-0
570,LEFQIX__ligand18465-0
571,LEFQIX__ligand18799-0
572,LEFQIX__ligand1604-0
573,LEFQIX__ligand8788-0
574,LEFQIX__ligand1832-0
575,LEFQIX__ligand16791-0
576,LEFQIX__ligand506-0
577,LEFQIX__ligand2043-0
578,LEFQIX__ligand28668-0
579,LEFQIX__ligand152-0
580,LEFQIX__ligand29610-0
581,LEFQIX__ligand11140-0
582,LEFQIX__ligand2417-0
583,LEFQIX__ligand1114-0
584,LEFQIX__ligand6391-0
585,LEFQIX__ligand29863-0
586,LEFQIX__ligand3126-0
587,LEFQIX__ligand18074-0
588,LEFQIX__ligand9284-0
589,LEFQIX__ligand13869-0
590,LEFQIX__ligand13257-0
591,LEFQIX__ligand21936-0
592,LEFQIX__ligand176-0
593,LEFQIX__ligand23904-0
594,LEFQIX__ligand25267-0
595,LEFQIX__ligand746-0
596,LEFQIX__ligand10084-0
597,LEFQIX__ligand1289-0
598,LEFQIX__ligand447-0
599,LEFQIX__ligand5387-0
600,LEFQIX__ligand12467-0
601,LEFQIX__ligand2203-0
602,LEFQIX__ligand1599-0
603,LEFQIX__ligand27169-0
604,LEFQIX__ligand2612-0
605,LEFQIX__ligand14523-0
606,LEFQIX__ligand487-0
607,LEFQIX__ligand17-0
608,LEFQIX__ligand18391-0
609,LEFQIX__ligand27074-0
610,LEFQIX__ligand9450-0
611,LEFQIX__ligand22981-0
612,LEFQIX__ligand25805-0
613,LEFQIX__ligand20599-0
614,LEFQIX__ligand23769-0
615,LEFQIX__ligand9944-0
616,LEFQIX__ligand24185-0
617,LEFQIX__ligand34-0
618,LEFQIX__ligand8593-0
619,LEFQIX__ligand25178-0
620,LEFQIX__ligand17302-0
621,LEFQIX__ligand7566-0
622,LEFQIX__ligand294-0
623,LEFQIX__ligand17805-0
624,LEFQIX__ligand2001-0
625,LEFQIX__ligand12130-0
626,LEFQIX__ligand5201-0
627,LEFQIX__ligand17387-0
628,LEFQIX__ligand18292-0
629,LEFQIX__ligand12289-0
630,LEFQIX__ligand26702-0
631,LEFQIX__ligand13658-0
632,LEFQIX__ligand12231-0
633,LEFQIX__ligand685-0
634,LEFQIX__ligand8553-0
635,LEFQIX__ligand421-0
636,LEFQIX__ligand24145-0
637,LEFQIX__ligand1113-0
638,LEFQIX__ligand12401-0
639,LEFQIX__ligand15585-0
640,LEFQIX__ligand13068-0
641,LEFQIX__ligand19830-0
642,LEFQIX__ligand10476-0
643,LEFQIX__ligand235-0
644,LEFQIX__ligand4161-0
645,LEFQIX__ligand3471-0
646,LEFQIX__ligand4124-0
647,LEFQIX__ligand27763-0
648,LEFQIX__ligand134-0
649,LEFQIX__ligand28676-0
650,LEFQIX__ligand10262-0
651,LEFQIX__ligand5415-0
652,LEFQIX__ligand68-0
653,LEFQIX__ligand18814-0
654,LEFQIX__ligand19057-0
655,LEFQIX__ligand13425-0
656,LEFQIX__ligand29302-0
657,LEFQIX__ligand14108-0
658,LEFQIX__ligand3180-0
659,LEFQIX__ligand55-0
660,LEFQIX__ligand2650-0
661,LEFQIX__ligand2281-0
662,LEFQIX__ligand4340-0
663,LEFQIX__ligand2823-0
664,LEFQIX__ligand12641-0
665,LEFQIX__ligand6995-0
666,LEFQIX__ligand560-0
667,LEFQIX__ligand10958-0
668,LEFQIX__ligand17281-0
669,LEFQIX__ligand30296-0
670,LEFQIX__ligand57-0
671,LEFQIX__ligand12337-0
672,LEFQIX__ligand29410-0
673,LEFQIX__ligand352-0
674,LEFQIX__ligand26540-0
675,LEFQIX__ligand783-0
676,LEFQIX__ligand30333-0
677,LEFQIX__ligand1015-0
678,LEFQIX__ligand1050-0
679,LEFQIX__ligand12606-0
680,LEFQIX__ligand2027-0
681,LEFQIX__ligand4262-0
682,LEFQIX__ligand27460-0
683,LEFQIX__ligand1028-0
684,LEFQIX__ligand20740-0
685,LEFQIX__ligand28468-0
686,LEFQIX__ligand1618-0
687,LEFQIX__ligand12427-0
688,LEFQIX__ligand2692-0
689,LEFQIX__ligand16628-0
690,LEFQIX__ligand868-0
691,LEFQIX__ligand27893-0
692,LEFQIX__ligand1498-0
693,LEFQIX__ligand4596-0
694,LEFQIX__ligand14723-0
695,LEFQIX__ligand19641-0
696,LEFQIX__ligand20578-0
697,LEFQIX__ligand12934-0
698,LEFQIX__ligand15422-0
699,LEFQIX__ligand27175-0
700,LEFQIX__ligand18832-0
701,LEFQIX__ligand23713-0
702,LEFQIX__ligand9615-0
703,LEFQIX__ligand1154-0
704,LEFQIX__ligand30988-0
705,LEFQIX__ligand1169-0
706,LEFQIX__ligand17258-0
707,LEFQIX__ligand8529-0
708,LEFQIX__ligand14603-0
709,LEFQIX__ligand14297-0
710,LEFQIX__ligand26665-0
711,LEFQIX__ligand17631-0
712,LEFQIX__ligand13012-0
713,LEFQIX__ligand31783-0
714,LEFQIX__ligand197-0
715,LEFQIX__ligand14117-0
716,LEFQIX__ligand1150-0
717,LEFQIX__ligand17261-0
718,LEFQIX__ligand1539-0
719,LEFQIX__ligand20214-0
720,LEFQIX__ligand30702-0
721,LEFQIX__ligand20251-0
722,LEFQIX__ligand116-0
723,LEFQIX__ligand4207-0
724,LEFQIX__ligand20539-0
725,LEFQIX__ligand31097-0
726,LEFQIX__ligand21581-0
727,LEFQIX__ligand252-0
728,LEFQIX__ligand3453-0
729,LEFQIX__ligand3416-0
730,LEFQIX__ligand29568-0
731,LEFQIX__ligand193-0
732,LEFQIX__ligand3042-0
733,LEFQIX__ligand14889-0
734,LEFQIX__ligand30851-0
735,LEFQIX__ligand21371-0
736,LEFQIX__ligand830-0
737,LEFQIX__ligand17118-0
738,LEFQIX__ligand3-0
739,LEFQIX__ligand32-0
740,LEFQIX__ligand20419-0
741,LEFQIX__ligand372-0
742,LEFQIX__ligand28789-0
743,LEFQIX__ligand7438-0
744,LEFQIX__ligand8200-0
745,LEFQIX__ligand4063-0
746,LEFQIX__ligand9750-0
747,LEFQIX__ligand17398-0
748,LEFQIX__ligand909-0
749,LEFQIX__ligand24047-0
750,LEFQIX__ligand1779-0
751,LEFQIX__ligand22557-0
752,LEFQIX__ligand10589-0
753,LEFQIX__ligand20598-0
754,LEFQIX__ligand6993-0
755,LEFQIX__ligand1817-0
756,LEFQIX__ligand11675-0
757,LEFQIX__ligand17982-0
758,LEFQIX__ligand3980-0
759,LEFQIX__ligand29414-0
760,LEFQIX__ligand3557-0
761,LEFQIX__ligand1149-0
762,LEFQIX__ligand17278-0
763,LEFQIX__ligand20011-0
764,LEFQIX__ligand7075-0
765,LEFQIX__ligand16-0
766,LEFQIX__ligand1288-0
767,LEFQIX__ligand20251-1
768,LEFQIX__ligand4167-0
769,LEFQIX__ligand14703-0
770,LEFQIX__ligand16475-0
771,LEFQIX__ligand4266-0
772,LEFQIX__ligand1400-0
773,LEFQIX__ligand9491-0
774,LEFQIX__ligand177-0
775,LEFQIX__ligand4710-0
776,LEFQIX__ligand14174-0
777,LEFQIX__ligand10712-0
778,LEFQIX__ligand5755-0
779,LEFQIX__ligand91-0
780,LEFQIX__ligand11456-0
781,LEFQIX__ligand3144-0
782,LEFQIX__ligand5085-0
783,LEFQIX__ligand8042-0
784,LEFQIX__ligand25411-0
785,LEFQIX__ligand6112-0
786,LEFQIX__ligand1828-0
787,LEFQIX__ligand188-0
788,LEFQIX__ligand1397-0
789,LEFQIX__ligand7213-0
790,LEFQIX__ligand5630-0
791,LEFQIX__ligand564-0
792,LEFQIX__ligand13294-0
793,LEFQIX__ligand370-1
794,LEFQIX__ligand1786-0
795,LEFQIX__ligand620-0
796,LEFQIX__ligand31832-0
797,LEFQIX__ligand14248-0
798,LEFQIX__ligand29879-0
799,LEFQIX__ligand51-0
800,LEFQIX__ligand12030-0
801,LEFQIX__ligand3285-0
802,LEFQIX__ligand4795-0
803,LEFQIX__ligand785-0
804,LEFQIX__ligand311-0
805,LEFQIX__ligand1908-0
806,LEFQIX__ligand28884-0
807,LEFQIX__ligand13331-0
808,LEFQIX__ligand479-0
809,LEFQIX__ligand26810-0
810,LEFQIX__ligand27482-0
811,LEFQIX__ligand5515-0
812,LEFQIX__ligand6663-0
813,LEFQIX__ligand13208-0
814,LEFQIX__ligand5280-0
815,LEFQIX__ligand5614-0
816,LEFQIX__ligand1831-0
817,LEFQIX__ligand370-0
818,LEFQIX__ligand1-0
819,LEFQIX__ligand13390-0
820,LEFQIX__ligand1216-0
821,LEFQIX__ligand48-0
822,LEFQIX__ligand5019-0
823,LEFQIX__ligand1152-0
824,LEFQIX__ligand3261-0
825,LEFQIX__ligand250-0
826,LEFQIX__ligand1849-0
827,LEFQIX__ligand20682-0
