,TMC
0,POZMEW__ligand15883-0
1,POZMEW__ligand4546-0
2,POZMEW__ligand4503-0
3,POZMEW__ligand11970-0
4,POZMEW__ligand19792-0
5,POZMEW__ligand1285-0
6,POZMEW__ligand10828-0
7,POZMEW__ligand15926-0
8,POZMEW__ligand1982-0
9,POZMEW__ligand24230-0
10,POZMEW__ligand7000-0
11,POZMEW__ligand8115-0
12,POZMEW__ligand28810-0
13,POZMEW__ligand11447-0
14,POZMEW__ligand6768-0
15,POZMEW__ligand11096-0
16,POZMEW__ligand9291-0
17,POZMEW__ligand11357-0
18,POZMEW__ligand13862-0
19,POZMEW__ligand28743-0
20,POZMEW__ligand15531-0
21,POZMEW__ligand2176-0
22,POZMEW__ligand12365-0
23,POZMEW__ligand10056-0
24,POZMEW__ligand2232-0
25,POZMEW__ligand4157-0
26,POZMEW__ligand670-0
27,POZMEW__ligand21919-0
28,POZMEW__ligand5256-0
29,POZMEW__ligand22294-0
30,POZMEW__ligand571-0
31,POZMEW__ligand534-0
32,POZMEW__ligand9833-0
33,POZMEW__ligand7648-0
34,POZMEW__ligand22168-0
35,POZMEW__ligand28930-0
36,POZMEW__ligand8876-0
37,POZMEW__ligand2828-0
38,POZMEW__ligand8699-0
39,POZMEW__ligand1160-0
40,POZMEW__ligand9520-0
41,POZMEW__ligand14614-0
42,POZMEW__ligand3954-0
43,POZMEW__ligand4093-0
44,POZMEW__ligand4442-0
45,POZMEW__ligand16663-0
46,POZMEW__ligand18-0
47,POZMEW__ligand11994-0
48,POZMEW__ligand7629-0
49,POZMEW__ligand31044-0
50,POZMEW__ligand4272-0
51,POZMEW__ligand1451-0
52,POZMEW__ligand31842-0
53,POZMEW__ligand9784-0
54,POZMEW__ligand24035-0
55,POZMEW__ligand7238-0
56,POZMEW__ligand694-0
57,POZMEW__ligand1304-0
58,POZMEW__ligand1790-0
59,POZMEW__ligand30711-0
60,POZMEW__ligand20207-0
61,POZMEW__ligand7280-0
62,POZMEW__ligand11682-0
63,POZMEW__ligand1219-0
64,POZMEW__ligand358-0
65,POZMEW__ligand6709-0
66,POZMEW__ligand430-0
67,POZMEW__ligand7867-0
68,POZMEW__ligand488-0
69,POZMEW__ligand4016-0
70,POZMEW__ligand16988-0
71,POZMEW__ligand25913-0
72,POZMEW__ligand3718-0
73,POZMEW__ligand696-0
74,POZMEW__ligand6616-0
75,POZMEW__ligand1343-0
76,POZMEW__ligand3876-0
77,POZMEW__ligand3035-0
78,POZMEW__ligand1844-0
79,POZMEW__ligand4661-0
80,POZMEW__ligand19184-0
81,POZMEW__ligand3504-0
82,POZMEW__ligand28459-0
83,POZMEW__ligand12453-0
84,POZMEW__ligand18448-0
85,POZMEW__ligand1959-0
86,POZMEW__ligand1573-0
87,POZMEW__ligand1536-0
88,POZMEW__ligand9935-0
89,POZMEW__ligand10371-0
90,POZMEW__ligand9908-0
91,POZMEW__ligand1263-0
92,POZMEW__ligand7242-0
93,POZMEW__ligand656-0
94,POZMEW__ligand18568-0
95,POZMEW__ligand28685-0
96,POZMEW__ligand7106-0
97,POZMEW__ligand13672-0
98,POZMEW__ligand4720-0
99,POZMEW__ligand27285-0
100,POZMEW__ligand8969-0
101,POZMEW__ligand29029-0
102,POZMEW__ligand3131-0
103,POZMEW__ligand3174-0
104,POZMEW__ligand3937-0
105,POZMEW__ligand1202-0
106,POZMEW__ligand6839-0
107,POZMEW__ligand5211-0
108,POZMEW__ligand4155-0
109,POZMEW__ligand3094-0
110,POZMEW__ligand23197-0
111,POZMEW__ligand162-0
112,POZMEW__ligand3852-0
113,POZMEW__ligand226-0
114,POZMEW__ligand2485-0
115,POZMEW__ligand6919-0
116,POZMEW__ligand27669-0
117,POZMEW__ligand416-0
118,POZMEW__ligand1512-0
119,POZMEW__ligand5331-0
120,POZMEW__ligand30142-0
121,POZMEW__ligand13477-0
122,POZMEW__ligand14167-0
123,POZMEW__ligand3565-0
124,POZMEW__ligand383-0
125,POZMEW__ligand14043-0
126,POZMEW__ligand28559-0
127,POZMEW__ligand26324-0
128,POZMEW__ligand633-0
129,POZMEW__ligand8835-0
130,POZMEW__ligand2028-0
131,POZMEW__ligand7126-0
132,POZMEW__ligand19927-0
133,POZMEW__ligand1142-0
134,POZMEW__ligand3234-0
135,POZMEW__ligand497-0
136,POZMEW__ligand21729-0
137,POZMEW__ligand27239-0
138,POZMEW__ligand26529-0
139,POZMEW__ligand42-0
140,POZMEW__ligand4641-0
141,POZMEW__ligand11618-0
142,POZMEW__ligand1577-0
143,POZMEW__ligand6067-0
144,POZMEW__ligand436-0
145,POZMEW__ligand2295-0
146,POZMEW__ligand22403-0
147,POZMEW__ligand28540-0
148,POZMEW__ligand11111-0
149,POZMEW__ligand16369-0
150,POZMEW__ligand4620-0
151,POZMEW__ligand692-0
152,POZMEW__ligand66-0
153,POZMEW__ligand27754-0
154,POZMEW__ligand20695-0
155,POZMEW__ligand6102-0
156,POZMEW__ligand6596-0
157,POZMEW__ligand3721-0
158,POZMEW__ligand6904-0
159,POZMEW__ligand3465-0
160,POZMEW__ligand3-0
161,POZMEW__ligand29215-0
162,POZMEW__ligand21399-0
163,POZMEW__ligand10872-0
164,POZMEW__ligand12003-0
165,POZMEW__ligand7819-0
166,POZMEW__ligand2917-0
167,POZMEW__ligand16148-0
168,POZMEW__ligand326-0
169,POZMEW__ligand26631-0
170,POZMEW__ligand24872-0
171,POZMEW__ligand1-0
172,POZMEW__ligand6244-0
173,POZMEW__ligand1378-0
174,POZMEW__ligand30728-0
175,POZMEW__ligand27840-0
176,POZMEW__ligand2915-0
177,POZMEW__ligand324-0
178,POZMEW__ligand361-0
179,POZMEW__ligand3156-0
180,POZMEW__ligand409-0
181,POZMEW__ligand12001-0
182,POZMEW__ligand24644-0
183,POZMEW__ligand10033-0
184,POZMEW__ligand24111-0
185,POZMEW__ligand1631-0
186,POZMEW__ligand22444-0
187,POZMEW__ligand13385-0
188,POZMEW__ligand9933-0
189,POZMEW__ligand1575-0
190,POZMEW__ligand1530-0
191,POZMEW__ligand14569-0
192,POZMEW__ligand23175-0
193,POZMEW__ligand15788-0
194,POZMEW__ligand17396-0
195,POZMEW__ligand2332-0
196,POZMEW__ligand11587-0
197,POZMEW__ligand9441-0
198,POZMEW__ligand13220-0
199,POZMEW__ligand29486-0
200,POZMEW__ligand9952-0
201,POZMEW__ligand9111-0
202,POZMEW__ligand1615-0
203,POZMEW__ligand31694-0
204,POZMEW__ligand2526-0
205,POZMEW__ligand5036-0
206,POZMEW__ligand17427-0
207,POZMEW__ligand1823-0
208,POZMEW__ligand5643-0
209,POZMEW__ligand8721-0
210,POZMEW__ligand199-0
211,POZMEW__ligand1324-0
212,POZMEW__ligand7967-0
213,POZMEW__ligand12138-0
214,POZMEW__ligand6124-0
215,POZMEW__ligand24780-0
216,POZMEW__ligand3707-0
217,POZMEW__ligand38-0
218,POZMEW__ligand22129-0
219,POZMEW__ligand11949-0
220,POZMEW__ligand4116-0
221,POZMEW__ligand588-0
222,POZMEW__ligand1018-0
223,POZMEW__ligand8992-0
224,POZMEW__ligand9601-0
225,POZMEW__ligand25561-0
226,POZMEW__ligand300-0
227,POZMEW__ligand657-0
228,POZMEW__ligand7107-0
229,POZMEW__ligand19906-0
230,POZMEW__ligand187-0
231,POZMEW__ligand19668-0
232,POZMEW__ligand366-0
233,POZMEW__ligand22353-0
234,POZMEW__ligand3215-0
235,POZMEW__ligand4813-0
236,POZMEW__ligand777-0
237,POZMEW__ligand5813-0
238,POZMEW__ligand4738-0
239,POZMEW__ligand6062-0
240,POZMEW__ligand6283-0
241,POZMEW__ligand10151-0
242,POZMEW__ligand941-0
243,POZMEW__ligand596-0
244,POZMEW__ligand2599-0
245,POZMEW__ligand16952-0
246,POZMEW__ligand29813-0
247,POZMEW__ligand4330-0
248,POZMEW__ligand126-0
249,POZMEW__ligand163-0
250,POZMEW__ligand20121-0
251,POZMEW__ligand7532-0
252,POZMEW__ligand15387-0
253,POZMEW__ligand4194-0
254,POZMEW__ligand20220-0
255,POZMEW__ligand14347-0
256,POZMEW__ligand13657-0
257,POZMEW__ligand14302-0
258,POZMEW__ligand2068-0
259,POZMEW__ligand7925-0
260,POZMEW__ligand20530-0
261,POZMEW__ligand11698-0
262,POZMEW__ligand24851-0
263,POZMEW__ligand1147-0
264,POZMEW__ligand845-0
265,POZMEW__ligand29441-0
266,POZMEW__ligand10853-0
267,POZMEW__ligand27610-0
268,POZMEW__ligand10479-0
269,POZMEW__ligand11479-0
270,POZMEW__ligand3973-0
271,POZMEW__ligand2403-0
272,POZMEW__ligand11622-0
273,POZMEW__ligand78-0
274,POZMEW__ligand16870-0
275,POZMEW__ligand16603-0
276,POZMEW__ligand3934-0
277,POZMEW__ligand11814-0
278,POZMEW__ligand6882-0
279,POZMEW__ligand6455-0
280,POZMEW__ligand31205-0
281,POZMEW__ligand25658-0
282,POZMEW__ligand17686-0
283,POZMEW__ligand9681-0
284,POZMEW__ligand4332-0
285,POZMEW__ligand338-0
286,POZMEW__ligand15455-0
287,POZMEW__ligand1449-0
288,POZMEW__ligand3012-0
289,POZMEW__ligand45-0
290,POZMEW__ligand11177-0
291,POZMEW__ligand1065-0
292,POZMEW__ligand7530-0
293,POZMEW__ligand19824-0
294,POZMEW__ligand5316-0
295,POZMEW__ligand18067-0
296,POZMEW__ligand5483-0
297,POZMEW__ligand5627-0
298,POZMEW__ligand10582-0
299,POZMEW__ligand1729-0
300,POZMEW__ligand13260-0
301,POZMEW__ligand201-0
302,POZMEW__ligand24-0
303,POZMEW__ligand2830-0
304,POZMEW__ligand11252-0
305,POZMEW__ligand279-0
306,POZMEW__ligand19-0
307,POZMEW__ligand31000-0
308,POZMEW__ligand185-0
309,POZMEW__ligand6946-0
310,POZMEW__ligand1415-0
311,POZMEW__ligand178-0
312,POZMEW__ligand11606-0
313,POZMEW__ligand7529-0
314,POZMEW__ligand4-0
315,POZMEW__ligand20821-0
316,POZMEW__ligand26673-0
317,POZMEW__ligand9148-0
318,POZMEW__ligand321-0
319,POZMEW__ligand3871-0
320,POZMEW__ligand240-0
321,POZMEW__ligand1469-0
322,POZMEW__ligand21940-0
323,POZMEW__ligand141-0
324,POZMEW__ligand25048-0
325,POZMEW__ligand1768-0
326,POZMEW__ligand24953-0
327,POZMEW__ligand23445-0
328,POZMEW__ligand4850-0
329,POZMEW__ligand5056-0
330,POZMEW__ligand1688-0
331,POZMEW__ligand13755-0
332,POZMEW__ligand16133-0
333,POZMEW__ligand3647-0
334,POZMEW__ligand5357-0
335,POZMEW__ligand20432-0
336,POZMEW__ligand27122-0
337,POZMEW__ligand3157-0
338,POZMEW__ligand1165-0
339,POZMEW__ligand9525-0
340,POZMEW__ligand5935-0
341,POZMEW__ligand1379-0
342,POZMEW__ligand30004-0
343,POZMEW__ligand2722-0
344,POZMEW__ligand20557-0
345,POZMEW__ligand768-0
346,POZMEW__ligand5849-0
347,POZMEW__ligand18413-0
348,POZMEW__ligand20844-0
349,POZMEW__ligand24624-0
350,POZMEW__ligand18757-0
351,POZMEW__ligand24560-0
352,POZMEW__ligand3392-0
353,POZMEW__ligand1771-0
354,POZMEW__ligand4911-0
355,POZMEW__ligand30788-0
356,POZMEW__ligand8464-0
357,POZMEW__ligand13691-0
358,POZMEW__ligand1709-0
359,POZMEW__ligand8349-0
360,POZMEW__ligand14339-0
361,POZMEW__ligand21752-0
362,POZMEW__ligand384-0
363,POZMEW__ligand2527-0
364,POZMEW__ligand9809-0
365,POZMEW__ligand6672-0
366,POZMEW__ligand43-0
367,POZMEW__ligand1327-0
368,POZMEW__ligand27771-0
369,POZMEW__ligand8722-0
370,POZMEW__ligand18158-0
371,POZMEW__ligand122-0
372,POZMEW__ligand23682-0
373,POZMEW__ligand3350-0
374,POZMEW__ligand7573-0
375,POZMEW__ligand2781-0
376,POZMEW__ligand29565-0
377,POZMEW__ligand2208-0
378,POZMEW__ligand3208-0
379,POZMEW__ligand757-0
380,POZMEW__ligand20942-1
381,POZMEW__ligand21339-0
382,POZMEW__ligand14226-0
383,POZMEW__ligand16956-0
384,POZMEW__ligand27550-0
385,POZMEW__ligand1900-0
386,POZMEW__ligand9197-0
387,POZMEW__ligand14007-0
388,POZMEW__ligand2328-0
389,POZMEW__ligand18019-1
390,POZMEW__ligand1773-0
391,POZMEW__ligand4581-0
392,POZMEW__ligand3029-0
393,POZMEW__ligand7162-0
394,POZMEW__ligand22357-0
395,POZMEW__ligand11758-0
396,POZMEW__ligand21448-0
397,POZMEW__ligand5094-0
398,POZMEW__ligand5892-0
399,POZMEW__ligand11501-0
400,POZMEW__ligand11544-0
401,POZMEW__ligand4131-0
402,POZMEW__ligand1712-0
403,POZMEW__ligand29214-0
404,POZMEW__ligand17445-0
405,POZMEW__ligand1496-0
406,POZMEW__ligand7557-0
407,POZMEW__ligand14477-0
408,POZMEW__ligand693-0
409,POZMEW__ligand67-0
410,POZMEW__ligand17069-0
411,POZMEW__ligand1533-0
412,POZMEW__ligand11798-0
413,POZMEW__ligand20731-0
414,POZMEW__ligand12413-0
415,POZMEW__ligand29334-0
416,POZMEW__ligand20599-0
417,POZMEW__ligand22981-0
418,POZMEW__ligand25805-0
419,POZMEW__ligand27074-0
420,POZMEW__ligand5201-0
421,POZMEW__ligand353-0
422,POZMEW__ligand18391-0
423,POZMEW__ligand27169-0
424,POZMEW__ligand14523-0
425,POZMEW__ligand1113-0
426,POZMEW__ligand8553-0
427,POZMEW__ligand12467-0
428,POZMEW__ligand393-0
429,POZMEW__ligand9944-0
430,POZMEW__ligand10084-0
431,POZMEW__ligand8593-0
432,POZMEW__ligand25267-0
433,POZMEW__ligand2001-0
434,POZMEW__ligand23904-0
435,POZMEW__ligand7566-0
436,POZMEW__ligand21936-0
437,POZMEW__ligand13257-0
438,POZMEW__ligand18074-0
439,POZMEW__ligand2650-0
440,POZMEW__ligand2281-0
441,POZMEW__ligand13869-0
442,POZMEW__ligand422-0
443,POZMEW__ligand4340-0
444,POZMEW__ligand29863-0
445,POZMEW__ligand3180-0
446,POZMEW__ligand11140-0
447,POZMEW__ligand6995-0
448,POZMEW__ligand29610-0
449,POZMEW__ligand2823-0
450,POZMEW__ligand686-0
451,POZMEW__ligand196-0
452,POZMEW__ligand28668-0
453,POZMEW__ligand4161-0
454,POZMEW__ligand3471-0
455,POZMEW__ligand4124-0
456,POZMEW__ligand16791-0
457,POZMEW__ligand18799-0
458,POZMEW__ligand18465-0
459,POZMEW__ligand5415-0
460,POZMEW__ligand314-1
461,POZMEW__ligand1028-0
462,POZMEW__ligand13209-0
463,POZMEW__ligand19257-0
464,POZMEW__ligand12660-0
465,POZMEW__ligand4262-0
466,POZMEW__ligand25650-0
467,POZMEW__ligand2692-0
468,POZMEW__ligand1618-0
469,POZMEW__ligand31248-0
470,POZMEW__ligand465-0
471,POZMEW__ligand2027-0
472,POZMEW__ligand23124-0
473,POZMEW__ligand11206-0
474,POZMEW__ligand25735-0
475,POZMEW__ligand12519-0
476,POZMEW__ligand1015-0
477,POZMEW__ligand1050-0
478,POZMEW__ligand8529-0
479,POZMEW__ligand391-0
480,POZMEW__ligand1169-0
481,POZMEW__ligand30539-0
482,POZMEW__ligand618-0
483,POZMEW__ligand11166-0
484,POZMEW__ligand21132-0
485,POZMEW__ligand11-0
486,POZMEW__ligand23906-0
487,POZMEW__ligand27835-0
488,POZMEW__ligand12295-0
489,POZMEW__ligand69-0
490,POZMEW__ligand4596-0
491,POZMEW__ligand1498-0
492,POZMEW__ligand1154-0
493,POZMEW__ligand813-0
494,POZMEW__ligand25689-0
495,POZMEW__ligand9615-0
496,POZMEW__ligand314-0
497,POZMEW__ligand21787-0
498,POZMEW__ligand780-0
499,POZMEW__ligand25575-0
500,POZMEW__ligand3042-0
501,POZMEW__ligand8-0
502,POZMEW__ligand24750-0
503,POZMEW__ligand4063-0
504,POZMEW__ligand395-0
505,POZMEW__ligand31578-0
506,POZMEW__ligand7438-0
507,POZMEW__ligand17207-0
508,POZMEW__ligand8200-0
509,POZMEW__ligand25224-0
510,POZMEW__ligand18013-0
511,POZMEW__ligand368-0
512,POZMEW__ligand17945-0
513,POZMEW__ligand1539-0
514,POZMEW__ligand784-0
515,POZMEW__ligand18703-0
516,POZMEW__ligand29087-0
517,POZMEW__ligand1150-0
518,POZMEW__ligand3453-0
519,POZMEW__ligand3416-0
520,POZMEW__ligand4207-0
521,POZMEW__ligand15438-0
522,POZMEW__ligand28924-0
523,POZMEW__ligand833-0
524,POZMEW__ligand15168-0
525,POZMEW__ligand1288-0
526,POZMEW__ligand9491-0
527,POZMEW__ligand23589-0
528,POZMEW__ligand49-0
529,POZMEW__ligand4266-0
530,POZMEW__ligand1400-0
531,POZMEW__ligand4167-0
532,POZMEW__ligand24064-0
533,POZMEW__ligand6993-0
534,POZMEW__ligand115-0
535,POZMEW__ligand1817-0
536,POZMEW__ligand1779-0
537,POZMEW__ligand89-0
538,POZMEW__ligand9750-0
539,POZMEW__ligand11432-0
540,POZMEW__ligand31618-0
541,POZMEW__ligand10432-0
542,POZMEW__ligand22755-0
543,POZMEW__ligand7075-0
544,POZMEW__ligand1149-0
545,POZMEW__ligand29898-0
546,POZMEW__ligand3980-0
547,POZMEW__ligand3557-0
548,POZMEW__ligand26277-0
549,POZMEW__ligand20579-0
550,POZMEW__ligand17710-0
551,POZMEW__ligand1786-0
552,POZMEW__ligand11568-0
553,POZMEW__ligand5630-0
554,POZMEW__ligand152-0
555,POZMEW__ligand14586-0
556,POZMEW__ligand1908-0
557,POZMEW__ligand11774-0
558,POZMEW__ligand21421-0
559,POZMEW__ligand3285-0
560,POZMEW__ligand4795-0
561,POZMEW__ligand19725-0
562,POZMEW__ligand3144-0
563,POZMEW__ligand5085-0
564,POZMEW__ligand4710-0
565,POZMEW__ligand24613-0
566,POZMEW__ligand5755-0
567,POZMEW__ligand1397-0
568,POZMEW__ligand7213-0
569,POZMEW__ligand1828-0
570,POZMEW__ligand31483-0
571,POZMEW__ligand6112-0
572,POZMEW__ligand506-0
573,POZMEW__ligand8042-0
574,POZMEW__ligand10555-0
575,POZMEW__ligand1152-0
576,POZMEW__ligand3261-0
577,POZMEW__ligand487-0
578,POZMEW__ligand5019-0
579,POZMEW__ligand12336-0
580,POZMEW__ligand1216-0
581,POZMEW__ligand13072-0
582,POZMEW__ligand1849-0
583,POZMEW__ligand5280-0
584,POZMEW__ligand5614-0
585,POZMEW__ligand176-0
586,POZMEW__ligand1831-0
587,POZMEW__ligand18699-0
588,POZMEW__ligand12682-0
589,POZMEW__ligand5515-0
590,POZMEW__ligand17-0
591,POZMEW__ligand6663-0
592,POZMEW__ligand17590-0
593,POZMEW__ligand447-0
594,POZMEW__ligand17240-0
595,POZMEW__ligand746-0
596,POZMEW__ligand7291-0
597,POZMEW__ligand20682-0
598,POZMEW__ligand34-0
599,POZMEW__ligand685-0
600,POZMEW__ligand3677-1
601,POZMEW__ligand9883-0
602,POZMEW__ligand2985-0
603,POZMEW__ligand4007-0
604,POZMEW__ligand13390-0
605,POZMEW__ligand421-0
606,POZMEW__ligand9299-0
607,POZMEW__ligand3945-0
608,POZMEW__ligand5383-0
609,POZMEW__ligand2693-0
610,POZMEW__ligand9344-0
611,POZMEW__ligand13208-0
612,POZMEW__ligand294-0
613,POZMEW__ligand8000-0
614,POZMEW__ligand3736-0
615,POZMEW__ligand26810-0
616,POZMEW__ligand27482-0
617,POZMEW__ligand28884-0
618,POZMEW__ligand13331-0
619,POZMEW__ligand6892-0
620,POZMEW__ligand12030-0
621,POZMEW__ligand14248-0
622,POZMEW__ligand1211-0
623,POZMEW__ligand29879-0
624,POZMEW__ligand1464-0
625,POZMEW__ligand3712-0
626,POZMEW__ligand31832-0
627,POZMEW__ligand560-0
628,POZMEW__ligand68-0
629,POZMEW__ligand13294-0
630,POZMEW__ligand2881-0
631,POZMEW__ligand1499-0
632,POZMEW__ligand6699-0
633,POZMEW__ligand134-0
634,POZMEW__ligand25411-0
635,POZMEW__ligand235-0
636,POZMEW__ligand55-0
637,POZMEW__ligand3677-0
638,POZMEW__ligand3632-0
639,POZMEW__ligand11456-0
640,POZMEW__ligand1294-0
641,POZMEW__ligand1168-0
642,POZMEW__ligand14174-0
643,POZMEW__ligand10712-0
644,POZMEW__ligand5510-0
645,POZMEW__ligand1376-0
646,POZMEW__ligand57-0
647,POZMEW__ligand9773-0
648,POZMEW__ligand14703-0
649,POZMEW__ligand16475-0
650,POZMEW__ligand868-0
651,POZMEW__ligand2259-0
652,POZMEW__ligand20251-1
653,POZMEW__ligand1296-0
654,POZMEW__ligand8592-0
655,POZMEW__ligand5099-0
656,POZMEW__ligand1197-0
657,POZMEW__ligand783-0
658,POZMEW__ligand3926-0
659,POZMEW__ligand352-0
660,POZMEW__ligand3120-0
661,POZMEW__ligand4358-0
662,POZMEW__ligand2221-0
663,POZMEW__ligand20011-0
664,POZMEW__ligand17278-0
665,POZMEW__ligand17982-0
666,POZMEW__ligand29414-0
667,POZMEW__ligand20598-0
668,POZMEW__ligand11675-0
669,POZMEW__ligand24047-0
670,POZMEW__ligand4101-0
671,POZMEW__ligand10589-0
672,POZMEW__ligand22557-0
673,POZMEW__ligand5595-0
674,POZMEW__ligand17398-0
675,POZMEW__ligand28789-0
676,POZMEW__ligand20419-0
677,POZMEW__ligand21371-0
678,POZMEW__ligand17118-0
679,POZMEW__ligand5080-0
680,POZMEW__ligand7762-0
681,POZMEW__ligand14889-0
682,POZMEW__ligand197-0
683,POZMEW__ligand1407-0
684,POZMEW__ligand6117-0
685,POZMEW__ligand30851-0
686,POZMEW__ligand8002-0
687,POZMEW__ligand5509-0
688,POZMEW__ligand29568-0
689,POZMEW__ligand21581-0
690,POZMEW__ligand31097-0
691,POZMEW__ligand20539-0
692,POZMEW__ligand30702-0
693,POZMEW__ligand20214-0
694,POZMEW__ligand7293-0
695,POZMEW__ligand20251-0
696,POZMEW__ligand2822-0
697,POZMEW__ligand3867-0
698,POZMEW__ligand1317-0
699,POZMEW__ligand5304-0
700,POZMEW__ligand9167-0
701,POZMEW__ligand14117-0
702,POZMEW__ligand2238-0
703,POZMEW__ligand17261-0
704,POZMEW__ligand31783-0
705,POZMEW__ligand5649-0
706,POZMEW__ligand2788-0
707,POZMEW__ligand8793-0
708,POZMEW__ligand4649-0
709,POZMEW__ligand193-0
710,POZMEW__ligand17631-0
711,POZMEW__ligand13012-0
712,POZMEW__ligand26665-0
713,POZMEW__ligand372-0
714,POZMEW__ligand2906-0
715,POZMEW__ligand14603-0
716,POZMEW__ligand14297-0
717,POZMEW__ligand3244-0
718,POZMEW__ligand830-0
719,POZMEW__ligand4711-0
720,POZMEW__ligand17258-0
721,POZMEW__ligand4807-0
722,POZMEW__ligand30988-0
723,POZMEW__ligand27175-0
724,POZMEW__ligand18832-0
725,POZMEW__ligand23713-0
726,POZMEW__ligand3178-0
727,POZMEW__ligand9753-0
728,POZMEW__ligand20578-0
729,POZMEW__ligand12934-0
730,POZMEW__ligand15422-0
731,POZMEW__ligand5530-0
732,POZMEW__ligand1787-0
733,POZMEW__ligand19641-0
734,POZMEW__ligand1356-0
735,POZMEW__ligand32-0
736,POZMEW__ligand252-0
737,POZMEW__ligand14723-0
738,POZMEW__ligand5159-0
739,POZMEW__ligand7196-0
740,POZMEW__ligand27893-0
741,POZMEW__ligand116-0
742,POZMEW__ligand6017-0
743,POZMEW__ligand16628-0
744,POZMEW__ligand5708-0
745,POZMEW__ligand12427-0
746,POZMEW__ligand28468-0
747,POZMEW__ligand20740-0
748,POZMEW__ligand7316-0
749,POZMEW__ligand27460-0
750,POZMEW__ligand177-0
751,POZMEW__ligand5180-0
752,POZMEW__ligand16-0
753,POZMEW__ligand12606-0
754,POZMEW__ligand7172-0
755,POZMEW__ligand9323-0
756,POZMEW__ligand909-0
757,POZMEW__ligand30333-0
758,POZMEW__ligand7273-0
759,POZMEW__ligand26540-0
760,POZMEW__ligand1116-0
761,POZMEW__ligand3225-0
762,POZMEW__ligand1153-0
763,POZMEW__ligand2260-0
764,POZMEW__ligand7092-0
765,POZMEW__ligand12337-0
766,POZMEW__ligand29410-0
767,POZMEW__ligand30296-0
768,POZMEW__ligand2124-0
769,POZMEW__ligand17281-0
770,POZMEW__ligand8612-0
771,POZMEW__ligand620-0
772,POZMEW__ligand91-0
773,POZMEW__ligand2417-0
774,POZMEW__ligand10958-0
775,POZMEW__ligand370-1
776,POZMEW__ligand564-0
777,POZMEW__ligand12641-0
778,POZMEW__ligand9284-0
779,POZMEW__ligand479-0
780,POZMEW__ligand785-0
781,POZMEW__ligand6391-0
782,POZMEW__ligand311-0
783,POZMEW__ligand3126-0
784,POZMEW__ligand1114-0
785,POZMEW__ligand14108-0
786,POZMEW__ligand1604-0
787,POZMEW__ligand29302-0
788,POZMEW__ligand13425-0
789,POZMEW__ligand18814-0
790,POZMEW__ligand19057-0
791,POZMEW__ligand1228-0
792,POZMEW__ligand9943-0
793,POZMEW__ligand188-0
794,POZMEW__ligand28676-0
795,POZMEW__ligand10262-0
796,POZMEW__ligand2043-0
797,POZMEW__ligand27763-0
798,POZMEW__ligand51-0
799,POZMEW__ligand8788-0
800,POZMEW__ligand1832-0
801,POZMEW__ligand10476-0
802,POZMEW__ligand2612-0
803,POZMEW__ligand13068-0
804,POZMEW__ligand19830-0
805,POZMEW__ligand1599-0
806,POZMEW__ligand12401-0
807,POZMEW__ligand15585-0
808,POZMEW__ligand24145-0
809,POZMEW__ligand9450-0
810,POZMEW__ligand12231-0
811,POZMEW__ligand18292-0
812,POZMEW__ligand12289-0
813,POZMEW__ligand26702-0
814,POZMEW__ligand13658-0
815,POZMEW__ligand250-0
816,POZMEW__ligand17387-0
817,POZMEW__ligand12130-0
818,POZMEW__ligand17805-0
819,POZMEW__ligand48-0
820,POZMEW__ligand17302-0
821,POZMEW__ligand5387-0
822,POZMEW__ligand2203-0
823,POZMEW__ligand25178-0
824,POZMEW__ligand1289-0
825,POZMEW__ligand370-0
826,POZMEW__ligand24185-0
827,POZMEW__ligand23769-0
