,TMC
0,LIMZEO__ligand10712-0
1,LIMZEO__ligand14174-0
2,LIMZEO__ligand1263-0
3,LIMZEO__ligand9908-0
4,LIMZEO__ligand193-0
5,LIMZEO__ligand11456-0
6,LIMZEO__ligand25411-0
7,LIMZEO__ligand7242-0
8,LIMZEO__ligand372-0
9,LIMZEO__ligand7106-0
10,LIMZEO__ligand830-0
11,LIMZEO__ligand3876-0
12,LIMZEO__ligand1343-0
13,LIMZEO__ligand3035-0
14,LIMZEO__ligand6616-0
15,LIMZEO__ligand3718-0
16,LIMZEO__ligand1844-0
17,LIMZEO__ligand13294-0
18,LIMZEO__ligand4661-0
19,LIMZEO__ligand31832-0
20,LIMZEO__ligand29879-0
21,LIMZEO__ligand1959-0
22,LIMZEO__ligand14248-0
23,LIMZEO__ligand252-0
24,LIMZEO__ligand3504-0
25,LIMZEO__ligand12030-0
26,LIMZEO__ligand9935-0
27,LIMZEO__ligand1536-0
28,LIMZEO__ligand1573-0
29,LIMZEO__ligand116-0
30,LIMZEO__ligand13331-0
31,LIMZEO__ligand28884-0
32,LIMZEO__ligand27482-0
33,LIMZEO__ligand26810-0
34,LIMZEO__ligand13208-0
35,LIMZEO__ligand6919-0
36,LIMZEO__ligand3852-0
37,LIMZEO__ligand2485-0
38,LIMZEO__ligand1512-0
39,LIMZEO__ligand177-0
40,LIMZEO__ligand5331-0
41,LIMZEO__ligand3565-0
42,LIMZEO__ligand13390-0
43,LIMZEO__ligand4720-0
44,LIMZEO__ligand6839-0
45,LIMZEO__ligand909-0
46,LIMZEO__ligand8969-0
47,LIMZEO__ligand3174-0
48,LIMZEO__ligand1202-0
49,LIMZEO__ligand3937-0
50,LIMZEO__ligand3131-0
51,LIMZEO__ligand5211-0
52,LIMZEO__ligand3094-0
53,LIMZEO__ligand4155-0
54,LIMZEO__ligand20682-0
55,LIMZEO__ligand2176-0
56,LIMZEO__ligand17261-0
57,LIMZEO__ligand620-0
58,LIMZEO__ligand14117-0
59,LIMZEO__ligand9291-0
60,LIMZEO__ligand370-1
61,LIMZEO__ligand2232-0
62,LIMZEO__ligand564-0
63,LIMZEO__ligand479-0
64,LIMZEO__ligand20251-0
65,LIMZEO__ligand30702-0
66,LIMZEO__ligand20214-0
67,LIMZEO__ligand69-0
68,LIMZEO__ligand20539-0
69,LIMZEO__ligand311-0
70,LIMZEO__ligand4157-0
71,LIMZEO__ligand785-0
72,LIMZEO__ligand21581-0
73,LIMZEO__ligand31097-0
74,LIMZEO__ligand9833-0
75,LIMZEO__ligand2828-0
76,LIMZEO__ligand8876-0
77,LIMZEO__ligand7648-0
78,LIMZEO__ligand5256-0
79,LIMZEO__ligand4503-0
80,LIMZEO__ligand4546-0
81,LIMZEO__ligand29568-0
82,LIMZEO__ligand11-0
83,LIMZEO__ligand30851-0
84,LIMZEO__ligand14889-0
85,LIMZEO__ligand17118-0
86,LIMZEO__ligand188-0
87,LIMZEO__ligand21371-0
88,LIMZEO__ligand1285-0
89,LIMZEO__ligand20419-0
90,LIMZEO__ligand8115-0
91,LIMZEO__ligand28789-0
92,LIMZEO__ligand6768-0
93,LIMZEO__ligand1982-0
94,LIMZEO__ligand7000-0
95,LIMZEO__ligand7238-0
96,LIMZEO__ligand17398-0
97,LIMZEO__ligand10589-0
98,LIMZEO__ligand22557-0
99,LIMZEO__ligand24047-0
100,LIMZEO__ligand11675-0
101,LIMZEO__ligand1790-0
102,LIMZEO__ligand1304-0
103,LIMZEO__ligand7280-0
104,LIMZEO__ligand20598-0
105,LIMZEO__ligand29414-0
106,LIMZEO__ligand7867-0
107,LIMZEO__ligand17982-0
108,LIMZEO__ligand20011-0
109,LIMZEO__ligand17278-0
110,LIMZEO__ligand1219-0
111,LIMZEO__ligand6709-0
112,LIMZEO__ligand250-0
113,LIMZEO__ligand4016-0
114,LIMZEO__ligand9520-0
115,LIMZEO__ligand8699-0
116,LIMZEO__ligand1160-0
117,LIMZEO__ligand20251-1
118,LIMZEO__ligand4442-0
119,LIMZEO__ligand4093-0
120,LIMZEO__ligand3954-0
121,LIMZEO__ligand1451-0
122,LIMZEO__ligand16475-0
123,LIMZEO__ligand14703-0
124,LIMZEO__ligand4272-0
125,LIMZEO__ligand7629-0
126,LIMZEO__ligand370-0
127,LIMZEO__ligand9784-0
128,LIMZEO__ligand685-0
129,LIMZEO__ligand1631-0
130,LIMZEO__ligand17281-0
131,LIMZEO__ligand30296-0
132,LIMZEO__ligand1530-0
133,LIMZEO__ligand1575-0
134,LIMZEO__ligand29410-0
135,LIMZEO__ligand12337-0
136,LIMZEO__ligand9933-0
137,LIMZEO__ligand26540-0
138,LIMZEO__ligand30333-0
139,LIMZEO__ligand89-0
140,LIMZEO__ligand9441-0
141,LIMZEO__ligand421-0
142,LIMZEO__ligand2332-0
143,LIMZEO__ligand12606-0
144,LIMZEO__ligand49-0
145,LIMZEO__ligand6244-0
146,LIMZEO__ligand1378-0
147,LIMZEO__ligand27460-0
148,LIMZEO__ligand28468-0
149,LIMZEO__ligand20740-0
150,LIMZEO__ligand2915-0
151,LIMZEO__ligand12427-0
152,LIMZEO__ligand294-0
153,LIMZEO__ligand3156-0
154,LIMZEO__ligand16628-0
155,LIMZEO__ligand27893-0
156,LIMZEO__ligand7967-0
157,LIMZEO__ligand3707-0
158,LIMZEO__ligand14723-0
159,LIMZEO__ligand6124-0
160,LIMZEO__ligand1018-0
161,LIMZEO__ligand19641-0
162,LIMZEO__ligand15422-0
163,LIMZEO__ligand12934-0
164,LIMZEO__ligand20578-0
165,LIMZEO__ligand4116-0
166,LIMZEO__ligand560-0
167,LIMZEO__ligand23713-0
168,LIMZEO__ligand8-0
169,LIMZEO__ligand18832-0
170,LIMZEO__ligand27175-0
171,LIMZEO__ligand8992-0
172,LIMZEO__ligand30988-0
173,LIMZEO__ligand9601-0
174,LIMZEO__ligand17258-0
175,LIMZEO__ligand9952-0
176,LIMZEO__ligand9111-0
177,LIMZEO__ligand14297-0
178,LIMZEO__ligand14603-0
179,LIMZEO__ligand134-0
180,LIMZEO__ligand26665-0
181,LIMZEO__ligand1615-0
182,LIMZEO__ligand13012-0
183,LIMZEO__ligand235-0
184,LIMZEO__ligand17631-0
185,LIMZEO__ligand2526-0
186,LIMZEO__ligand5036-0
187,LIMZEO__ligand1823-0
188,LIMZEO__ligand5643-0
189,LIMZEO__ligand1324-0
190,LIMZEO__ligand8721-0
191,LIMZEO__ligand31783-0
192,LIMZEO__ligand23769-0
193,LIMZEO__ligand24185-0
194,LIMZEO__ligand25178-0
195,LIMZEO__ligand868-0
196,LIMZEO__ligand17302-0
197,LIMZEO__ligand17-0
198,LIMZEO__ligand4641-0
199,LIMZEO__ligand17805-0
200,LIMZEO__ligand17387-0
201,LIMZEO__ligand12130-0
202,LIMZEO__ligand352-0
203,LIMZEO__ligand783-0
204,LIMZEO__ligand13658-0
205,LIMZEO__ligand26702-0
206,LIMZEO__ligand12289-0
207,LIMZEO__ligand18292-0
208,LIMZEO__ligand12231-0
209,LIMZEO__ligand7126-0
210,LIMZEO__ligand2028-0
211,LIMZEO__ligand8835-0
212,LIMZEO__ligand24145-0
213,LIMZEO__ligand15585-0
214,LIMZEO__ligand12401-0
215,LIMZEO__ligand19830-0
216,LIMZEO__ligand13068-0
217,LIMZEO__ligand10476-0
218,LIMZEO__ligand1142-0
219,LIMZEO__ligand3234-0
220,LIMZEO__ligand3721-0
221,LIMZEO__ligand6904-0
222,LIMZEO__ligand6596-0
223,LIMZEO__ligand6102-0
224,LIMZEO__ligand27763-0
225,LIMZEO__ligand10262-0
226,LIMZEO__ligand28676-0
227,LIMZEO__ligand3465-0
228,LIMZEO__ligand197-0
229,LIMZEO__ligand19057-0
230,LIMZEO__ligand18814-0
231,LIMZEO__ligand2917-0
232,LIMZEO__ligand29302-0
233,LIMZEO__ligand13425-0
234,LIMZEO__ligand7819-0
235,LIMZEO__ligand14108-0
236,LIMZEO__ligand1577-0
237,LIMZEO__ligand6067-0
238,LIMZEO__ligand2295-0
239,LIMZEO__ligand4620-0
240,LIMZEO__ligand12641-0
241,LIMZEO__ligand10958-0
242,LIMZEO__ligand9681-0
243,LIMZEO__ligand18465-0
244,LIMZEO__ligand4332-0
245,LIMZEO__ligand18799-0
246,LIMZEO__ligand395-0
247,LIMZEO__ligand3012-0
248,LIMZEO__ligand16791-0
249,LIMZEO__ligand1449-0
250,LIMZEO__ligand1065-0
251,LIMZEO__ligand7530-0
252,LIMZEO__ligand55-0
253,LIMZEO__ligand28668-0
254,LIMZEO__ligand368-0
255,LIMZEO__ligand68-0
256,LIMZEO__ligand2403-0
257,LIMZEO__ligand784-0
258,LIMZEO__ligand29610-0
259,LIMZEO__ligand11140-0
260,LIMZEO__ligand3934-0
261,LIMZEO__ligand6455-0
262,LIMZEO__ligand29863-0
263,LIMZEO__ligand6882-0
264,LIMZEO__ligand13869-0
265,LIMZEO__ligand18074-0
266,LIMZEO__ligand1415-0
267,LIMZEO__ligand6946-0
268,LIMZEO__ligand13257-0
269,LIMZEO__ligand833-0
270,LIMZEO__ligand21936-0
271,LIMZEO__ligand23904-0
272,LIMZEO__ligand7529-0
273,LIMZEO__ligand25267-0
274,LIMZEO__ligand10084-0
275,LIMZEO__ligand12467-0
276,LIMZEO__ligand9148-0
277,LIMZEO__ligand115-0
278,LIMZEO__ligand5316-0
279,LIMZEO__ligand14523-0
280,LIMZEO__ligand27169-0
281,LIMZEO__ligand5483-0
282,LIMZEO__ligand18391-0
283,LIMZEO__ligand27074-0
284,LIMZEO__ligand34-0
285,LIMZEO__ligand1729-0
286,LIMZEO__ligand5627-0
287,LIMZEO__ligand25805-0
288,LIMZEO__ligand22981-0
289,LIMZEO__ligand20599-0
290,LIMZEO__ligand2830-0
291,LIMZEO__ligand25575-0
292,LIMZEO__ligand21787-0
293,LIMZEO__ligand4738-0
294,LIMZEO__ligand4813-0
295,LIMZEO__ligand25689-0
296,LIMZEO__ligand5813-0
297,LIMZEO__ligand6062-0
298,LIMZEO__ligand152-0
299,LIMZEO__ligand6283-0
300,LIMZEO__ligand12295-0
301,LIMZEO__ligand27835-0
302,LIMZEO__ligand23906-0
303,LIMZEO__ligand21132-0
304,LIMZEO__ligand7107-0
305,LIMZEO__ligand11166-0
306,LIMZEO__ligand30539-0
307,LIMZEO__ligand506-0
308,LIMZEO__ligand3215-0
309,LIMZEO__ligand7925-0
310,LIMZEO__ligand487-0
311,LIMZEO__ligand12519-0
312,LIMZEO__ligand2068-0
313,LIMZEO__ligand25735-0
314,LIMZEO__ligand11206-0
315,LIMZEO__ligand23124-0
316,LIMZEO__ligand1147-0
317,LIMZEO__ligand3973-0
318,LIMZEO__ligand4330-0
319,LIMZEO__ligand31248-0
320,LIMZEO__ligand176-0
321,LIMZEO__ligand2599-0
322,LIMZEO__ligand25650-0
323,LIMZEO__ligand57-0
324,LIMZEO__ligand447-0
325,LIMZEO__ligand7532-0
326,LIMZEO__ligand12660-0
327,LIMZEO__ligand13209-0
328,LIMZEO__ligand19257-0
329,LIMZEO__ligand4194-0
330,LIMZEO__ligand746-0
331,LIMZEO__ligand26277-0
332,LIMZEO__ligand29898-0
333,LIMZEO__ligand9197-0
334,LIMZEO__ligand22755-0
335,LIMZEO__ligand10432-0
336,LIMZEO__ligand31618-0
337,LIMZEO__ligand1900-0
338,LIMZEO__ligand11432-0
339,LIMZEO__ligand4581-0
340,LIMZEO__ligand353-0
341,LIMZEO__ligand1773-0
342,LIMZEO__ligand2328-0
343,LIMZEO__ligand7162-0
344,LIMZEO__ligand3029-0
345,LIMZEO__ligand8722-0
346,LIMZEO__ligand24064-0
347,LIMZEO__ligand393-0
348,LIMZEO__ligand1327-0
349,LIMZEO__ligand6672-0
350,LIMZEO__ligand9809-0
351,LIMZEO__ligand16-0
352,LIMZEO__ligand3350-0
353,LIMZEO__ligand23589-0
354,LIMZEO__ligand2781-0
355,LIMZEO__ligand7573-0
356,LIMZEO__ligand2208-0
357,LIMZEO__ligand3208-0
358,LIMZEO__ligand15168-0
359,LIMZEO__ligand422-0
360,LIMZEO__ligand1496-0
361,LIMZEO__ligand28924-0
362,LIMZEO__ligand7557-0
363,LIMZEO__ligand15438-0
364,LIMZEO__ligand32-0
365,LIMZEO__ligand1533-0
366,LIMZEO__ligand29087-0
367,LIMZEO__ligand18703-0
368,LIMZEO__ligand686-0
369,LIMZEO__ligand17945-0
370,LIMZEO__ligand196-0
371,LIMZEO__ligand25224-0
372,LIMZEO__ligand18013-0
373,LIMZEO__ligand5892-0
374,LIMZEO__ligand17207-0
375,LIMZEO__ligand5094-0
376,LIMZEO__ligand31578-0
377,LIMZEO__ligand24750-0
378,LIMZEO__ligand1712-0
379,LIMZEO__ligand4131-0
380,LIMZEO__ligand314-1
381,LIMZEO__ligand17240-0
382,LIMZEO__ligand3157-0
383,LIMZEO__ligand9525-0
384,LIMZEO__ligand17590-0
385,LIMZEO__ligand1165-0
386,LIMZEO__ligand5935-0
387,LIMZEO__ligand48-0
388,LIMZEO__ligand12682-0
389,LIMZEO__ligand18699-0
390,LIMZEO__ligand2722-0
391,LIMZEO__ligand1379-0
392,LIMZEO__ligand1469-0
393,LIMZEO__ligand3871-0
394,LIMZEO__ligand1768-0
395,LIMZEO__ligand465-0
396,LIMZEO__ligand4850-0
397,LIMZEO__ligand13072-0
398,LIMZEO__ligand5056-0
399,LIMZEO__ligand3647-0
400,LIMZEO__ligand12336-0
401,LIMZEO__ligand5357-0
402,LIMZEO__ligand1688-0
403,LIMZEO__ligand10555-0
404,LIMZEO__ligand8349-0
405,LIMZEO__ligand8464-0
406,LIMZEO__ligand51-0
407,LIMZEO__ligand31483-0
408,LIMZEO__ligand1709-0
409,LIMZEO__ligand391-0
410,LIMZEO__ligand24613-0
411,LIMZEO__ligand618-0
412,LIMZEO__ligand19725-0
413,LIMZEO__ligand2527-0
414,LIMZEO__ligand21421-0
415,LIMZEO__ligand5849-0
416,LIMZEO__ligand11774-0
417,LIMZEO__ligand14586-0
418,LIMZEO__ligand91-0
419,LIMZEO__ligand3392-0
420,LIMZEO__ligand813-0
421,LIMZEO__ligand11568-0
422,LIMZEO__ligand20579-0
423,LIMZEO__ligand17710-0
424,LIMZEO__ligand780-0
425,LIMZEO__ligand4911-0
426,LIMZEO__ligand314-0
427,LIMZEO__ligand1771-0
428,LIMZEO__ligand240-0
429,LIMZEO__ligand11479-0
430,LIMZEO__ligand27610-0
431,LIMZEO__ligand10479-0
432,LIMZEO__ligand10853-0
433,LIMZEO__ligand29441-0
434,LIMZEO__ligand141-0
435,LIMZEO__ligand24851-0
436,LIMZEO__ligand2027-0
437,LIMZEO__ligand11698-0
438,LIMZEO__ligand20530-0
439,LIMZEO__ligand14302-0
440,LIMZEO__ligand1050-0
441,LIMZEO__ligand13657-0
442,LIMZEO__ligand14347-0
443,LIMZEO__ligand1015-0
444,LIMZEO__ligand18-0
445,LIMZEO__ligand20220-0
446,LIMZEO__ligand1028-0
447,LIMZEO__ligand4262-0
448,LIMZEO__ligand15387-0
449,LIMZEO__ligand20121-0
450,LIMZEO__ligand1618-0
451,LIMZEO__ligand16952-0
452,LIMZEO__ligand29813-0
453,LIMZEO__ligand2692-0
454,LIMZEO__ligand768-0
455,LIMZEO__ligand10151-0
456,LIMZEO__ligand1498-0
457,LIMZEO__ligand4596-0
458,LIMZEO__ligand1154-0
459,LIMZEO__ligand9615-0
460,LIMZEO__ligand22353-0
461,LIMZEO__ligand1169-0
462,LIMZEO__ligand8529-0
463,LIMZEO__ligand19668-0
464,LIMZEO__ligand19906-0
465,LIMZEO__ligand384-0
466,LIMZEO__ligand26673-0
467,LIMZEO__ligand122-0
468,LIMZEO__ligand9944-0
469,LIMZEO__ligand8593-0
470,LIMZEO__ligand20821-0
471,LIMZEO__ligand2001-0
472,LIMZEO__ligand11606-0
473,LIMZEO__ligand757-0
474,LIMZEO__ligand31000-0
475,LIMZEO__ligand7566-0
476,LIMZEO__ligand11252-0
477,LIMZEO__ligand13260-0
478,LIMZEO__ligand10582-0
479,LIMZEO__ligand5201-0
480,LIMZEO__ligand8553-0
481,LIMZEO__ligand18067-0
482,LIMZEO__ligand19824-0
483,LIMZEO__ligand1113-0
484,LIMZEO__ligand11177-0
485,LIMZEO__ligand4124-0
486,LIMZEO__ligand4161-0
487,LIMZEO__ligand3471-0
488,LIMZEO__ligand15455-0
489,LIMZEO__ligand25658-0
490,LIMZEO__ligand17686-0
491,LIMZEO__ligand5415-0
492,LIMZEO__ligand31205-0
493,LIMZEO__ligand2281-0
494,LIMZEO__ligand2650-0
495,LIMZEO__ligand4340-0
496,LIMZEO__ligand11814-0
497,LIMZEO__ligand16603-0
498,LIMZEO__ligand3180-0
499,LIMZEO__ligand693-0
500,LIMZEO__ligand6995-0
501,LIMZEO__ligand16870-0
502,LIMZEO__ligand2823-0
503,LIMZEO__ligand11622-0
504,LIMZEO__ligand3144-0
505,LIMZEO__ligand657-0
506,LIMZEO__ligand5085-0
507,LIMZEO__ligand21752-0
508,LIMZEO__ligand187-0
509,LIMZEO__ligand4710-0
510,LIMZEO__ligand5755-0
511,LIMZEO__ligand1828-0
512,LIMZEO__ligand14339-0
513,LIMZEO__ligand1397-0
514,LIMZEO__ligand366-0
515,LIMZEO__ligand7213-0
516,LIMZEO__ligand8042-0
517,LIMZEO__ligand6112-0
518,LIMZEO__ligand13691-0
519,LIMZEO__ligand30788-0
520,LIMZEO__ligand1786-0
521,LIMZEO__ligand777-0
522,LIMZEO__ligand5630-0
523,LIMZEO__ligand66-0
524,LIMZEO__ligand1908-0
525,LIMZEO__ligand24560-0
526,LIMZEO__ligand18757-0
527,LIMZEO__ligand3-0
528,LIMZEO__ligand24624-0
529,LIMZEO__ligand20844-0
530,LIMZEO__ligand18413-0
531,LIMZEO__ligand596-0
532,LIMZEO__ligand3285-0
533,LIMZEO__ligand4795-0
534,LIMZEO__ligand941-0
535,LIMZEO__ligand20557-0
536,LIMZEO__ligand30004-0
537,LIMZEO__ligand42-0
538,LIMZEO__ligand5614-0
539,LIMZEO__ligand5280-0
540,LIMZEO__ligand1831-0
541,LIMZEO__ligand5515-0
542,LIMZEO__ligand6663-0
543,LIMZEO__ligand163-0
544,LIMZEO__ligand126-0
545,LIMZEO__ligand27122-0
546,LIMZEO__ligand20432-0
547,LIMZEO__ligand5019-0
548,LIMZEO__ligand16133-0
549,LIMZEO__ligand13755-0
550,LIMZEO__ligand3261-0
551,LIMZEO__ligand1152-0
552,LIMZEO__ligand23445-0
553,LIMZEO__ligand24953-0
554,LIMZEO__ligand1216-0
555,LIMZEO__ligand845-0
556,LIMZEO__ligand25048-0
557,LIMZEO__ligand21940-0
558,LIMZEO__ligand1849-0
559,LIMZEO__ligand29334-0
560,LIMZEO__ligand12413-0
561,LIMZEO__ligand20731-0
562,LIMZEO__ligand1539-0
563,LIMZEO__ligand1150-0
564,LIMZEO__ligand11798-0
565,LIMZEO__ligand17069-0
566,LIMZEO__ligand3416-0
567,LIMZEO__ligand14477-0
568,LIMZEO__ligand3453-0
569,LIMZEO__ligand38-0
570,LIMZEO__ligand4207-0
571,LIMZEO__ligand17445-0
572,LIMZEO__ligand29214-0
573,LIMZEO__ligand3042-0
574,LIMZEO__ligand11544-0
575,LIMZEO__ligand11501-0
576,LIMZEO__ligand338-0
577,LIMZEO__ligand8200-0
578,LIMZEO__ligand7438-0
579,LIMZEO__ligand21448-0
580,LIMZEO__ligand4063-0
581,LIMZEO__ligand11758-0
582,LIMZEO__ligand22357-0
583,LIMZEO__ligand1779-0
584,LIMZEO__ligand1817-0
585,LIMZEO__ligand6993-0
586,LIMZEO__ligand9750-0
587,LIMZEO__ligand18019-1
588,LIMZEO__ligand14007-0
589,LIMZEO__ligand7075-0
590,LIMZEO__ligand27550-0
591,LIMZEO__ligand1-0
592,LIMZEO__ligand3557-0
593,LIMZEO__ligand3980-0
594,LIMZEO__ligand201-0
595,LIMZEO__ligand1149-0
596,LIMZEO__ligand1288-0
597,LIMZEO__ligand279-0
598,LIMZEO__ligand16956-0
599,LIMZEO__ligand185-0
600,LIMZEO__ligand14226-0
601,LIMZEO__ligand21339-0
602,LIMZEO__ligand20942-1
603,LIMZEO__ligand178-0
604,LIMZEO__ligand29565-0
605,LIMZEO__ligand4266-0
606,LIMZEO__ligand1400-0
607,LIMZEO__ligand23682-0
608,LIMZEO__ligand9491-0
609,LIMZEO__ligand321-0
610,LIMZEO__ligand4167-0
611,LIMZEO__ligand18158-0
612,LIMZEO__ligand27771-0
613,LIMZEO__ligand25913-0
614,LIMZEO__ligand4358-0
615,LIMZEO__ligand16988-0
616,LIMZEO__ligand3120-0
617,LIMZEO__ligand633-0
618,LIMZEO__ligand3926-0
619,LIMZEO__ligand2221-0
620,LIMZEO__ligand11682-0
621,LIMZEO__ligand4101-0
622,LIMZEO__ligand5595-0
623,LIMZEO__ligand30711-0
624,LIMZEO__ligand20207-0
625,LIMZEO__ligand497-0
626,LIMZEO__ligand9773-0
627,LIMZEO__ligand24035-0
628,LIMZEO__ligand5510-0
629,LIMZEO__ligand1376-0
630,LIMZEO__ligand31842-0
631,LIMZEO__ligand31044-0
632,LIMZEO__ligand11994-0
633,LIMZEO__ligand16663-0
634,LIMZEO__ligand1296-0
635,LIMZEO__ligand2259-0
636,LIMZEO__ligand1197-0
637,LIMZEO__ligand14614-0
638,LIMZEO__ligand5099-0
639,LIMZEO__ligand8592-0
640,LIMZEO__ligand28930-0
641,LIMZEO__ligand22168-0
642,LIMZEO__ligand436-0
643,LIMZEO__ligand22294-0
644,LIMZEO__ligand2822-0
645,LIMZEO__ligand7293-0
646,LIMZEO__ligand1317-0
647,LIMZEO__ligand21919-0
648,LIMZEO__ligand3867-0
649,LIMZEO__ligand9167-0
650,LIMZEO__ligand10056-0
651,LIMZEO__ligand5304-0
652,LIMZEO__ligand12365-0
653,LIMZEO__ligand2238-0
654,LIMZEO__ligand15531-0
655,LIMZEO__ligand28743-0
656,LIMZEO__ligand11357-0
657,LIMZEO__ligand13862-0
658,LIMZEO__ligand692-0
659,LIMZEO__ligand11447-0
660,LIMZEO__ligand11096-0
661,LIMZEO__ligand28810-0
662,LIMZEO__ligand24230-0
663,LIMZEO__ligand7762-0
664,LIMZEO__ligand5080-0
665,LIMZEO__ligand15926-0
666,LIMZEO__ligand10828-0
667,LIMZEO__ligand19792-0
668,LIMZEO__ligand5509-0
669,LIMZEO__ligand8002-0
670,LIMZEO__ligand1407-0
671,LIMZEO__ligand6117-0
672,LIMZEO__ligand11970-0
673,LIMZEO__ligand326-0
674,LIMZEO__ligand15883-0
675,LIMZEO__ligand3945-0
676,LIMZEO__ligand14167-0
677,LIMZEO__ligand13477-0
678,LIMZEO__ligand30142-0
679,LIMZEO__ligand5383-0
680,LIMZEO__ligand27669-0
681,LIMZEO__ligand2693-0
682,LIMZEO__ligand361-0
683,LIMZEO__ligand324-0
684,LIMZEO__ligand19-0
685,LIMZEO__ligand9344-0
686,LIMZEO__ligand409-0
687,LIMZEO__ligand3736-0
688,LIMZEO__ligand8000-0
689,LIMZEO__ligand23197-0
690,LIMZEO__ligand7291-0
691,LIMZEO__ligand9883-0
692,LIMZEO__ligand3677-1
693,LIMZEO__ligand24-0
694,LIMZEO__ligand2985-0
695,LIMZEO__ligand4007-0
696,LIMZEO__ligand4-0
697,LIMZEO__ligand29029-0
698,LIMZEO__ligand27285-0
699,LIMZEO__ligand9299-0
700,LIMZEO__ligand13672-0
701,LIMZEO__ligand6699-0
702,LIMZEO__ligand45-0
703,LIMZEO__ligand28685-0
704,LIMZEO__ligand18568-0
705,LIMZEO__ligand3632-0
706,LIMZEO__ligand3677-0
707,LIMZEO__ligand199-0
708,LIMZEO__ligand1168-0
709,LIMZEO__ligand10371-0
710,LIMZEO__ligand1294-0
711,LIMZEO__ligand6892-0
712,LIMZEO__ligand1211-0
713,LIMZEO__ligand18448-0
714,LIMZEO__ligand12453-0
715,LIMZEO__ligand28459-0
716,LIMZEO__ligand588-0
717,LIMZEO__ligand19184-0
718,LIMZEO__ligand1464-0
719,LIMZEO__ligand3712-0
720,LIMZEO__ligand1499-0
721,LIMZEO__ligand300-0
722,LIMZEO__ligand78-0
723,LIMZEO__ligand2881-0
724,LIMZEO__ligand26631-0
725,LIMZEO__ligand16148-0
726,LIMZEO__ligand12003-0
727,LIMZEO__ligand1604-0
728,LIMZEO__ligand9943-0
729,LIMZEO__ligand1228-0
730,LIMZEO__ligand10872-0
731,LIMZEO__ligand21399-0
732,LIMZEO__ligand2043-0
733,LIMZEO__ligand29215-0
734,LIMZEO__ligand8788-0
735,LIMZEO__ligand1832-0
736,LIMZEO__ligand27754-0
737,LIMZEO__ligand20695-0
738,LIMZEO__ligand2417-0
739,LIMZEO__ligand16369-0
740,LIMZEO__ligand11111-0
741,LIMZEO__ligand28540-0
742,LIMZEO__ligand3126-0
743,LIMZEO__ligand6391-0
744,LIMZEO__ligand670-0
745,LIMZEO__ligand22403-0
746,LIMZEO__ligand9284-0
747,LIMZEO__ligand534-0
748,LIMZEO__ligand571-0
749,LIMZEO__ligand1114-0
750,LIMZEO__ligand11618-0
751,LIMZEO__ligand1289-0
752,LIMZEO__ligand2203-0
753,LIMZEO__ligand5387-0
754,LIMZEO__ligand26529-0
755,LIMZEO__ligand27239-0
756,LIMZEO__ligand2612-0
757,LIMZEO__ligand21729-0
758,LIMZEO__ligand694-0
759,LIMZEO__ligand1599-0
760,LIMZEO__ligand19927-0
761,LIMZEO__ligand9450-0
762,LIMZEO__ligand358-0
763,LIMZEO__ligand430-0
764,LIMZEO__ligand26324-0
765,LIMZEO__ligand488-0
766,LIMZEO__ligand28559-0
767,LIMZEO__ligand14043-0
768,LIMZEO__ligand25561-0
769,LIMZEO__ligand696-0
770,LIMZEO__ligand4807-0
771,LIMZEO__ligand3178-0
772,LIMZEO__ligand5530-0
773,LIMZEO__ligand1356-0
774,LIMZEO__ligand1787-0
775,LIMZEO__ligand9753-0
776,LIMZEO__ligand11949-0
777,LIMZEO__ligand22129-0
778,LIMZEO__ligand7196-0
779,LIMZEO__ligand24780-0
780,LIMZEO__ligand12138-0
781,LIMZEO__ligand67-0
782,LIMZEO__ligand5159-0
783,LIMZEO__ligand8793-0
784,LIMZEO__ligand2788-0
785,LIMZEO__ligand5649-0
786,LIMZEO__ligand4649-0
787,LIMZEO__ligand17427-0
788,LIMZEO__ligand656-0
789,LIMZEO__ligand2906-0
790,LIMZEO__ligand31694-0
791,LIMZEO__ligand4711-0
792,LIMZEO__ligand29486-0
793,LIMZEO__ligand3244-0
794,LIMZEO__ligand11587-0
795,LIMZEO__ligand13220-0
796,LIMZEO__ligand7172-0
797,LIMZEO__ligand7273-0
798,LIMZEO__ligand17396-0
799,LIMZEO__ligand15788-0
800,LIMZEO__ligand23175-0
801,LIMZEO__ligand9323-0
802,LIMZEO__ligand14569-0
803,LIMZEO__ligand3225-0
804,LIMZEO__ligand1153-0
805,LIMZEO__ligand13385-0
806,LIMZEO__ligand1116-0
807,LIMZEO__ligand7092-0
808,LIMZEO__ligand2260-0
809,LIMZEO__ligand8612-0
810,LIMZEO__ligand22444-0
811,LIMZEO__ligand24111-0
812,LIMZEO__ligand2124-0
813,LIMZEO__ligand10033-0
814,LIMZEO__ligand6017-0
815,LIMZEO__ligand162-0
816,LIMZEO__ligand24644-0
817,LIMZEO__ligand12001-0
818,LIMZEO__ligand7316-0
819,LIMZEO__ligand226-0
820,LIMZEO__ligand5708-0
821,LIMZEO__ligand27840-0
822,LIMZEO__ligand43-0
823,LIMZEO__ligand30728-0
824,LIMZEO__ligand416-0
825,LIMZEO__ligand24872-0
826,LIMZEO__ligand5180-0
827,LIMZEO__ligand383-0
