,TMC
0,WAWKEN__ligand1400-0
1,WAWKEN__ligand4266-0
2,WAWKEN__ligand9491-0
3,WAWKEN__ligand4167-0
4,WAWKEN__ligand1288-0
5,WAWKEN__ligand30004-0
6,WAWKEN__ligand20557-0
7,WAWKEN__ligand21940-0
8,WAWKEN__ligand7075-0
9,WAWKEN__ligand416-0
10,WAWKEN__ligand25048-0
11,WAWKEN__ligand3980-0
12,WAWKEN__ligand3557-0
13,WAWKEN__ligand383-0
14,WAWKEN__ligand1149-0
15,WAWKEN__ligand18-0
16,WAWKEN__ligand1779-0
17,WAWKEN__ligand16133-0
18,WAWKEN__ligand13755-0
19,WAWKEN__ligand6993-0
20,WAWKEN__ligand1817-0
21,WAWKEN__ligand20432-0
22,WAWKEN__ligand27122-0
23,WAWKEN__ligand162-0
24,WAWKEN__ligand9750-0
25,WAWKEN__ligand24953-0
26,WAWKEN__ligand23445-0
27,WAWKEN__ligand226-0
28,WAWKEN__ligand8200-0
29,WAWKEN__ligand7438-0
30,WAWKEN__ligand14339-0
31,WAWKEN__ligand4063-0
32,WAWKEN__ligand30788-0
33,WAWKEN__ligand13691-0
34,WAWKEN__ligand3042-0
35,WAWKEN__ligand21752-0
36,WAWKEN__ligand696-0
37,WAWKEN__ligand656-0
38,WAWKEN__ligand18757-0
39,WAWKEN__ligand3453-0
40,WAWKEN__ligand3416-0
41,WAWKEN__ligand24560-0
42,WAWKEN__ligand18413-0
43,WAWKEN__ligand20844-0
44,WAWKEN__ligand24624-0
45,WAWKEN__ligand4207-0
46,WAWKEN__ligand1539-0
47,WAWKEN__ligand1150-0
48,WAWKEN__ligand27550-0
49,WAWKEN__ligand1849-0
50,WAWKEN__ligand5019-0
51,WAWKEN__ligand1152-0
52,WAWKEN__ligand3261-0
53,WAWKEN__ligand14007-0
54,WAWKEN__ligand18019-1
55,WAWKEN__ligand1216-0
56,WAWKEN__ligand23682-0
57,WAWKEN__ligand430-0
58,WAWKEN__ligand358-0
59,WAWKEN__ligand29565-0
60,WAWKEN__ligand27771-0
61,WAWKEN__ligand18158-0
62,WAWKEN__ligand488-0
63,WAWKEN__ligand20942-1
64,WAWKEN__ligand21339-0
65,WAWKEN__ligand14226-0
66,WAWKEN__ligand16956-0
67,WAWKEN__ligand1831-0
68,WAWKEN__ligand5280-0
69,WAWKEN__ligand5614-0
70,WAWKEN__ligand6663-0
71,WAWKEN__ligand5515-0
72,WAWKEN__ligand694-0
73,WAWKEN__ligand14477-0
74,WAWKEN__ligand1908-0
75,WAWKEN__ligand17069-0
76,WAWKEN__ligand17445-0
77,WAWKEN__ligand3285-0
78,WAWKEN__ligand4795-0
79,WAWKEN__ligand1786-0
80,WAWKEN__ligand20731-0
81,WAWKEN__ligand12413-0
82,WAWKEN__ligand29334-0
83,WAWKEN__ligand11798-0
84,WAWKEN__ligand5630-0
85,WAWKEN__ligand1828-0
86,WAWKEN__ligand21448-0
87,WAWKEN__ligand7213-0
88,WAWKEN__ligand670-0
89,WAWKEN__ligand1397-0
90,WAWKEN__ligand8042-0
91,WAWKEN__ligand534-0
92,WAWKEN__ligand571-0
93,WAWKEN__ligand22357-0
94,WAWKEN__ligand6112-0
95,WAWKEN__ligand11758-0
96,WAWKEN__ligand5085-0
97,WAWKEN__ligand3144-0
98,WAWKEN__ligand29214-0
99,WAWKEN__ligand5755-0
100,WAWKEN__ligand4710-0
101,WAWKEN__ligand11501-0
102,WAWKEN__ligand11544-0
103,WAWKEN__ligand6995-0
104,WAWKEN__ligand2823-0
105,WAWKEN__ligand199-0
106,WAWKEN__ligand10151-0
107,WAWKEN__ligand4340-0
108,WAWKEN__ligand2281-0
109,WAWKEN__ligand2650-0
110,WAWKEN__ligand3180-0
111,WAWKEN__ligand19906-0
112,WAWKEN__ligand19668-0
113,WAWKEN__ligand5415-0
114,WAWKEN__ligand300-0
115,WAWKEN__ligand22353-0
116,WAWKEN__ligand588-0
117,WAWKEN__ligand66-0
118,WAWKEN__ligand4161-0
119,WAWKEN__ligand3471-0
120,WAWKEN__ligand4124-0
121,WAWKEN__ligand409-0
122,WAWKEN__ligand361-0
123,WAWKEN__ligand324-0
124,WAWKEN__ligand24851-0
125,WAWKEN__ligand14347-0
126,WAWKEN__ligand13657-0
127,WAWKEN__ligand14302-0
128,WAWKEN__ligand8553-0
129,WAWKEN__ligand20530-0
130,WAWKEN__ligand11698-0
131,WAWKEN__ligand1113-0
132,WAWKEN__ligand42-0
133,WAWKEN__ligand27610-0
134,WAWKEN__ligand10479-0
135,WAWKEN__ligand11479-0
136,WAWKEN__ligand5201-0
137,WAWKEN__ligand29441-0
138,WAWKEN__ligand10853-0
139,WAWKEN__ligand2001-0
140,WAWKEN__ligand16952-0
141,WAWKEN__ligand29813-0
142,WAWKEN__ligand7566-0
143,WAWKEN__ligand20220-0
144,WAWKEN__ligand20121-0
145,WAWKEN__ligand15387-0
146,WAWKEN__ligand8593-0
147,WAWKEN__ligand9944-0
148,WAWKEN__ligand38-0
149,WAWKEN__ligand31205-0
150,WAWKEN__ligand692-0
151,WAWKEN__ligand25658-0
152,WAWKEN__ligand17686-0
153,WAWKEN__ligand11177-0
154,WAWKEN__ligand436-0
155,WAWKEN__ligand15455-0
156,WAWKEN__ligand1169-0
157,WAWKEN__ligand8529-0
158,WAWKEN__ligand1154-0
159,WAWKEN__ligand16870-0
160,WAWKEN__ligand326-0
161,WAWKEN__ligand9615-0
162,WAWKEN__ligand11622-0
163,WAWKEN__ligand11814-0
164,WAWKEN__ligand1498-0
165,WAWKEN__ligand16603-0
166,WAWKEN__ligand4596-0
167,WAWKEN__ligand11606-0
168,WAWKEN__ligand1618-0
169,WAWKEN__ligand497-0
170,WAWKEN__ligand2692-0
171,WAWKEN__ligand31000-0
172,WAWKEN__ligand633-0
173,WAWKEN__ligand26673-0
174,WAWKEN__ligand1028-0
175,WAWKEN__ligand20821-0
176,WAWKEN__ligand4262-0
177,WAWKEN__ligand2027-0
178,WAWKEN__ligand1015-0
179,WAWKEN__ligand19824-0
180,WAWKEN__ligand1050-0
181,WAWKEN__ligand18067-0
182,WAWKEN__ligand11252-0
183,WAWKEN__ligand10582-0
184,WAWKEN__ligand13260-0
185,WAWKEN__ligand26529-0
186,WAWKEN__ligand5180-0
187,WAWKEN__ligand201-0
188,WAWKEN__ligand6017-0
189,WAWKEN__ligand11618-0
190,WAWKEN__ligand7316-0
191,WAWKEN__ligand5708-0
192,WAWKEN__ligand2260-0
193,WAWKEN__ligand7092-0
194,WAWKEN__ligand1116-0
195,WAWKEN__ligand19927-0
196,WAWKEN__ligand3225-0
197,WAWKEN__ligand1153-0
198,WAWKEN__ligand14043-0
199,WAWKEN__ligand8612-0
200,WAWKEN__ligand321-0
201,WAWKEN__ligand28559-0
202,WAWKEN__ligand2124-0
203,WAWKEN__ligand26324-0
204,WAWKEN__ligand7172-0
205,WAWKEN__ligand185-0
206,WAWKEN__ligand21729-0
207,WAWKEN__ligand27239-0
208,WAWKEN__ligand279-0
209,WAWKEN__ligand7273-0
210,WAWKEN__ligand9323-0
211,WAWKEN__ligand178-0
212,WAWKEN__ligand2906-0
213,WAWKEN__ligand29215-0
214,WAWKEN__ligand3244-0
215,WAWKEN__ligand4711-0
216,WAWKEN__ligand4649-0
217,WAWKEN__ligand2788-0
218,WAWKEN__ligand5649-0
219,WAWKEN__ligand12003-0
220,WAWKEN__ligand8793-0
221,WAWKEN__ligand16148-0
222,WAWKEN__ligand26631-0
223,WAWKEN__ligand21399-0
224,WAWKEN__ligand10872-0
225,WAWKEN__ligand1356-0
226,WAWKEN__ligand1787-0
227,WAWKEN__ligand5530-0
228,WAWKEN__ligand22403-0
229,WAWKEN__ligand9753-0
230,WAWKEN__ligand7196-0
231,WAWKEN__ligand5159-0
232,WAWKEN__ligand4807-0
233,WAWKEN__ligand27754-0
234,WAWKEN__ligand20695-0
235,WAWKEN__ligand28540-0
236,WAWKEN__ligand338-0
237,WAWKEN__ligand3178-0
238,WAWKEN__ligand11111-0
239,WAWKEN__ligand16369-0
240,WAWKEN__ligand19-0
241,WAWKEN__ligand13385-0
242,WAWKEN__ligand9450-0
243,WAWKEN__ligand14569-0
244,WAWKEN__ligand163-0
245,WAWKEN__ligand126-0
246,WAWKEN__ligand24111-0
247,WAWKEN__ligand22444-0
248,WAWKEN__ligand8-0
249,WAWKEN__ligand2612-0
250,WAWKEN__ligand11587-0
251,WAWKEN__ligand13220-0
252,WAWKEN__ligand23175-0
253,WAWKEN__ligand15788-0
254,WAWKEN__ligand17396-0
255,WAWKEN__ligand1599-0
256,WAWKEN__ligand1289-0
257,WAWKEN__ligand30728-0
258,WAWKEN__ligand845-0
259,WAWKEN__ligand5387-0
260,WAWKEN__ligand27840-0
261,WAWKEN__ligand2203-0
262,WAWKEN__ligand24872-0
263,WAWKEN__ligand24644-0
264,WAWKEN__ligand10033-0
265,WAWKEN__ligand24-0
266,WAWKEN__ligand12001-0
267,WAWKEN__ligand366-0
268,WAWKEN__ligand11949-0
269,WAWKEN__ligand3126-0
270,WAWKEN__ligand6391-0
271,WAWKEN__ligand9284-0
272,WAWKEN__ligand12138-0
273,WAWKEN__ligand1114-0
274,WAWKEN__ligand24780-0
275,WAWKEN__ligand22129-0
276,WAWKEN__ligand2417-0
277,WAWKEN__ligand25561-0
278,WAWKEN__ligand657-0
279,WAWKEN__ligand45-0
280,WAWKEN__ligand187-0
281,WAWKEN__ligand31694-0
282,WAWKEN__ligand2043-0
283,WAWKEN__ligand1832-0
284,WAWKEN__ligand8788-0
285,WAWKEN__ligand596-0
286,WAWKEN__ligand941-0
287,WAWKEN__ligand78-0
288,WAWKEN__ligand29486-0
289,WAWKEN__ligand1604-0
290,WAWKEN__ligand777-0
291,WAWKEN__ligand17427-0
292,WAWKEN__ligand9943-0
293,WAWKEN__ligand1228-0
294,WAWKEN__ligand12365-0
295,WAWKEN__ligand10056-0
296,WAWKEN__ligand1464-0
297,WAWKEN__ligand3712-0
298,WAWKEN__ligand13862-0
299,WAWKEN__ligand11357-0
300,WAWKEN__ligand1499-0
301,WAWKEN__ligand28743-0
302,WAWKEN__ligand15531-0
303,WAWKEN__ligand2881-0
304,WAWKEN__ligand22294-0
305,WAWKEN__ligand6892-0
306,WAWKEN__ligand22168-0
307,WAWKEN__ligand28930-0
308,WAWKEN__ligand1211-0
309,WAWKEN__ligand21919-0
310,WAWKEN__ligand11970-0
311,WAWKEN__ligand3677-0
312,WAWKEN__ligand3632-0
313,WAWKEN__ligand15883-0
314,WAWKEN__ligand1168-0
315,WAWKEN__ligand1294-0
316,WAWKEN__ligand24230-0
317,WAWKEN__ligand28810-0
318,WAWKEN__ligand11447-0
319,WAWKEN__ligand6699-0
320,WAWKEN__ligand11096-0
321,WAWKEN__ligand19792-0
322,WAWKEN__ligand693-0
323,WAWKEN__ligand10828-0
324,WAWKEN__ligand15926-0
325,WAWKEN__ligand4007-0
326,WAWKEN__ligand30711-0
327,WAWKEN__ligand20207-0
328,WAWKEN__ligand757-0
329,WAWKEN__ligand2985-0
330,WAWKEN__ligand11682-0
331,WAWKEN__ligand9299-0
332,WAWKEN__ligand16988-0
333,WAWKEN__ligand7291-0
334,WAWKEN__ligand25913-0
335,WAWKEN__ligand9883-0
336,WAWKEN__ligand3677-1
337,WAWKEN__ligand122-0
338,WAWKEN__ligand16663-0
339,WAWKEN__ligand9344-0
340,WAWKEN__ligand3736-0
341,WAWKEN__ligand14614-0
342,WAWKEN__ligand8000-0
343,WAWKEN__ligand24035-0
344,WAWKEN__ligand3945-0
345,WAWKEN__ligand11994-0
346,WAWKEN__ligand5383-0
347,WAWKEN__ligand2693-0
348,WAWKEN__ligand31044-0
349,WAWKEN__ligand31842-0
350,WAWKEN__ligand8002-0
351,WAWKEN__ligand5509-0
352,WAWKEN__ligand1407-0
353,WAWKEN__ligand6117-0
354,WAWKEN__ligand10371-0
355,WAWKEN__ligand67-0
356,WAWKEN__ligand13672-0
357,WAWKEN__ligand768-0
358,WAWKEN__ligand5080-0
359,WAWKEN__ligand7762-0
360,WAWKEN__ligand18568-0
361,WAWKEN__ligand28685-0
362,WAWKEN__ligand9167-0
363,WAWKEN__ligand19184-0
364,WAWKEN__ligand5304-0
365,WAWKEN__ligand2238-0
366,WAWKEN__ligand384-0
367,WAWKEN__ligand3867-0
368,WAWKEN__ligand1317-0
369,WAWKEN__ligand7293-0
370,WAWKEN__ligand28459-0
371,WAWKEN__ligand2822-0
372,WAWKEN__ligand12453-0
373,WAWKEN__ligand18448-0
374,WAWKEN__ligand1296-0
375,WAWKEN__ligand2259-0
376,WAWKEN__ligand1197-0
377,WAWKEN__ligand8592-0
378,WAWKEN__ligand5099-0
379,WAWKEN__ligand13477-0
380,WAWKEN__ligand14167-0
381,WAWKEN__ligand9773-0
382,WAWKEN__ligand1376-0
383,WAWKEN__ligand240-0
384,WAWKEN__ligand5510-0
385,WAWKEN__ligand27669-0
386,WAWKEN__ligand141-0
387,WAWKEN__ligand30142-0
388,WAWKEN__ligand43-0
389,WAWKEN__ligand5595-0
390,WAWKEN__ligand27285-0
391,WAWKEN__ligand29029-0
392,WAWKEN__ligand4101-0
393,WAWKEN__ligand4358-0
394,WAWKEN__ligand3926-0
395,WAWKEN__ligand3120-0
396,WAWKEN__ligand23197-0
397,WAWKEN__ligand2221-0
398,WAWKEN__ligand27175-0
399,WAWKEN__ligand18832-0
400,WAWKEN__ligand23713-0
401,WAWKEN__ligand4620-0
402,WAWKEN__ligand618-0
403,WAWKEN__ligand30988-0
404,WAWKEN__ligand14723-0
405,WAWKEN__ligand27893-0
406,WAWKEN__ligand2295-0
407,WAWKEN__ligand1577-0
408,WAWKEN__ligand6067-0
409,WAWKEN__ligand20578-0
410,WAWKEN__ligand12934-0
411,WAWKEN__ligand15422-0
412,WAWKEN__ligand391-0
413,WAWKEN__ligand19641-0
414,WAWKEN__ligand813-0
415,WAWKEN__ligand31783-0
416,WAWKEN__ligand780-0
417,WAWKEN__ligand314-0
418,WAWKEN__ligand2917-0
419,WAWKEN__ligand7819-0
420,WAWKEN__ligand14603-0
421,WAWKEN__ligand14297-0
422,WAWKEN__ligand6102-0
423,WAWKEN__ligand3721-0
424,WAWKEN__ligand6904-0
425,WAWKEN__ligand6596-0
426,WAWKEN__ligand17258-0
427,WAWKEN__ligand17631-0
428,WAWKEN__ligand13012-0
429,WAWKEN__ligand26665-0
430,WAWKEN__ligand3465-0
431,WAWKEN__ligand30333-0
432,WAWKEN__ligand12606-0
433,WAWKEN__ligand1142-0
434,WAWKEN__ligand3234-0
435,WAWKEN__ligand30296-0
436,WAWKEN__ligand17281-0
437,WAWKEN__ligand314-1
438,WAWKEN__ligand26540-0
439,WAWKEN__ligand7126-0
440,WAWKEN__ligand2028-0
441,WAWKEN__ligand12337-0
442,WAWKEN__ligand8835-0
443,WAWKEN__ligand29410-0
444,WAWKEN__ligand12427-0
445,WAWKEN__ligand28468-0
446,WAWKEN__ligand20740-0
447,WAWKEN__ligand16628-0
448,WAWKEN__ligand4641-0
449,WAWKEN__ligand465-0
450,WAWKEN__ligand27460-0
451,WAWKEN__ligand5643-0
452,WAWKEN__ligand18814-0
453,WAWKEN__ligand19057-0
454,WAWKEN__ligand1823-0
455,WAWKEN__ligand69-0
456,WAWKEN__ligand686-0
457,WAWKEN__ligand1324-0
458,WAWKEN__ligand29302-0
459,WAWKEN__ligand13425-0
460,WAWKEN__ligand8721-0
461,WAWKEN__ligand9952-0
462,WAWKEN__ligand9111-0
463,WAWKEN__ligand422-0
464,WAWKEN__ligand28676-0
465,WAWKEN__ligand10262-0
466,WAWKEN__ligand2526-0
467,WAWKEN__ligand5036-0
468,WAWKEN__ligand27763-0
469,WAWKEN__ligand1615-0
470,WAWKEN__ligand8992-0
471,WAWKEN__ligand12641-0
472,WAWKEN__ligand10958-0
473,WAWKEN__ligand9601-0
474,WAWKEN__ligand6124-0
475,WAWKEN__ligand3707-0
476,WAWKEN__ligand14108-0
477,WAWKEN__ligand7967-0
478,WAWKEN__ligand196-0
479,WAWKEN__ligand1018-0
480,WAWKEN__ligand4116-0
481,WAWKEN__ligand11-0
482,WAWKEN__ligand17302-0
483,WAWKEN__ligand3156-0
484,WAWKEN__ligand353-0
485,WAWKEN__ligand2915-0
486,WAWKEN__ligand17805-0
487,WAWKEN__ligand24185-0
488,WAWKEN__ligand6244-0
489,WAWKEN__ligand23769-0
490,WAWKEN__ligand25178-0
491,WAWKEN__ligand1378-0
492,WAWKEN__ligand12401-0
493,WAWKEN__ligand15585-0
494,WAWKEN__ligand24145-0
495,WAWKEN__ligand9441-0
496,WAWKEN__ligand10476-0
497,WAWKEN__ligand2332-0
498,WAWKEN__ligand13068-0
499,WAWKEN__ligand19830-0
500,WAWKEN__ligand393-0
501,WAWKEN__ligand18292-0
502,WAWKEN__ligand12289-0
503,WAWKEN__ligand26702-0
504,WAWKEN__ligand13658-0
505,WAWKEN__ligand1631-0
506,WAWKEN__ligand17387-0
507,WAWKEN__ligand12130-0
508,WAWKEN__ligand1575-0
509,WAWKEN__ligand1530-0
510,WAWKEN__ligand9933-0
511,WAWKEN__ligand12231-0
512,WAWKEN__ligand4272-0
513,WAWKEN__ligand1451-0
514,WAWKEN__ligand7629-0
515,WAWKEN__ligand89-0
516,WAWKEN__ligand9784-0
517,WAWKEN__ligand9520-0
518,WAWKEN__ligand1160-0
519,WAWKEN__ligand26810-0
520,WAWKEN__ligand8699-0
521,WAWKEN__ligand487-0
522,WAWKEN__ligand27482-0
523,WAWKEN__ligand13208-0
524,WAWKEN__ligand3954-0
525,WAWKEN__ligand4442-0
526,WAWKEN__ligand4093-0
527,WAWKEN__ligand447-0
528,WAWKEN__ligand7867-0
529,WAWKEN__ligand1219-0
530,WAWKEN__ligand6709-0
531,WAWKEN__ligand746-0
532,WAWKEN__ligand20682-0
533,WAWKEN__ligand4016-0
534,WAWKEN__ligand13390-0
535,WAWKEN__ligand7238-0
536,WAWKEN__ligand49-0
537,WAWKEN__ligand176-0
538,WAWKEN__ligand7280-0
539,WAWKEN__ligand1304-0
540,WAWKEN__ligand1790-0
541,WAWKEN__ligand25411-0
542,WAWKEN__ligand1285-0
543,WAWKEN__ligand6768-0
544,WAWKEN__ligand8115-0
545,WAWKEN__ligand7000-0
546,WAWKEN__ligand1982-0
547,WAWKEN__ligand4546-0
548,WAWKEN__ligand4503-0
549,WAWKEN__ligand14174-0
550,WAWKEN__ligand10712-0
551,WAWKEN__ligand152-0
552,WAWKEN__ligand11456-0
553,WAWKEN__ligand12030-0
554,WAWKEN__ligand14248-0
555,WAWKEN__ligand4157-0
556,WAWKEN__ligand29879-0
557,WAWKEN__ligand7648-0
558,WAWKEN__ligand28884-0
559,WAWKEN__ligand2828-0
560,WAWKEN__ligand8876-0
561,WAWKEN__ligand9833-0
562,WAWKEN__ligand13331-0
563,WAWKEN__ligand506-0
564,WAWKEN__ligand5256-0
565,WAWKEN__ligand2176-0
566,WAWKEN__ligand4-0
567,WAWKEN__ligand9291-0
568,WAWKEN__ligand31832-0
569,WAWKEN__ligand2232-0
570,WAWKEN__ligand13294-0
571,WAWKEN__ligand20011-0
572,WAWKEN__ligand17278-0
573,WAWKEN__ligand5211-0
574,WAWKEN__ligand17982-0
575,WAWKEN__ligand29414-0
576,WAWKEN__ligand3094-0
577,WAWKEN__ligand4155-0
578,WAWKEN__ligand17-0
579,WAWKEN__ligand4720-0
580,WAWKEN__ligand17398-0
581,WAWKEN__ligand833-0
582,WAWKEN__ligand20598-0
583,WAWKEN__ligand11675-0
584,WAWKEN__ligand6839-0
585,WAWKEN__ligand24047-0
586,WAWKEN__ligand3131-0
587,WAWKEN__ligand3174-0
588,WAWKEN__ligand3937-0
589,WAWKEN__ligand1202-0
590,WAWKEN__ligand10589-0
591,WAWKEN__ligand22557-0
592,WAWKEN__ligand8969-0
593,WAWKEN__ligand5331-0
594,WAWKEN__ligand1512-0
595,WAWKEN__ligand14703-0
596,WAWKEN__ligand16475-0
597,WAWKEN__ligand3565-0
598,WAWKEN__ligand115-0
599,WAWKEN__ligand6919-0
600,WAWKEN__ligand20251-1
601,WAWKEN__ligand2485-0
602,WAWKEN__ligand3852-0
603,WAWKEN__ligand1959-0
604,WAWKEN__ligand20539-0
605,WAWKEN__ligand395-0
606,WAWKEN__ligand30702-0
607,WAWKEN__ligand20214-0
608,WAWKEN__ligand20251-0
609,WAWKEN__ligand3504-0
610,WAWKEN__ligand9935-0
611,WAWKEN__ligand368-0
612,WAWKEN__ligand1573-0
613,WAWKEN__ligand1536-0
614,WAWKEN__ligand21581-0
615,WAWKEN__ligand31097-0
616,WAWKEN__ligand6616-0
617,WAWKEN__ligand1343-0
618,WAWKEN__ligand3876-0
619,WAWKEN__ligand3035-0
620,WAWKEN__ligand14117-0
621,WAWKEN__ligand3718-0
622,WAWKEN__ligand17261-0
623,WAWKEN__ligand1844-0
624,WAWKEN__ligand4661-0
625,WAWKEN__ligand20419-0
626,WAWKEN__ligand21371-0
627,WAWKEN__ligand17118-0
628,WAWKEN__ligand7242-0
629,WAWKEN__ligand7106-0
630,WAWKEN__ligand28789-0
631,WAWKEN__ligand1263-0
632,WAWKEN__ligand9908-0
633,WAWKEN__ligand29568-0
634,WAWKEN__ligand784-0
635,WAWKEN__ligand14889-0
636,WAWKEN__ligand30851-0
637,WAWKEN__ligand29087-0
638,WAWKEN__ligand3392-0
639,WAWKEN__ligand197-0
640,WAWKEN__ligand1771-0
641,WAWKEN__ligand4911-0
642,WAWKEN__ligand55-0
643,WAWKEN__ligand18703-0
644,WAWKEN__ligand15438-0
645,WAWKEN__ligand5849-0
646,WAWKEN__ligand28924-0
647,WAWKEN__ligand1-0
648,WAWKEN__ligand24750-0
649,WAWKEN__ligand2527-0
650,WAWKEN__ligand8349-0
651,WAWKEN__ligand25224-0
652,WAWKEN__ligand18013-0
653,WAWKEN__ligand1709-0
654,WAWKEN__ligand17945-0
655,WAWKEN__ligand68-0
656,WAWKEN__ligand8464-0
657,WAWKEN__ligand31578-0
658,WAWKEN__ligand17207-0
659,WAWKEN__ligand5056-0
660,WAWKEN__ligand4850-0
661,WAWKEN__ligand868-0
662,WAWKEN__ligand5357-0
663,WAWKEN__ligand3647-0
664,WAWKEN__ligand1688-0
665,WAWKEN__ligand1469-0
666,WAWKEN__ligand29898-0
667,WAWKEN__ligand3871-0
668,WAWKEN__ligand26277-0
669,WAWKEN__ligand11432-0
670,WAWKEN__ligand1768-0
671,WAWKEN__ligand31618-0
672,WAWKEN__ligand10432-0
673,WAWKEN__ligand22755-0
674,WAWKEN__ligand34-0
675,WAWKEN__ligand5935-0
676,WAWKEN__ligand2722-0
677,WAWKEN__ligand15168-0
678,WAWKEN__ligand1379-0
679,WAWKEN__ligand3157-0
680,WAWKEN__ligand24064-0
681,WAWKEN__ligand352-0
682,WAWKEN__ligand783-0
683,WAWKEN__ligand23589-0
684,WAWKEN__ligand9525-0
685,WAWKEN__ligand1165-0
686,WAWKEN__ligand24613-0
687,WAWKEN__ligand560-0
688,WAWKEN__ligand4131-0
689,WAWKEN__ligand19725-0
690,WAWKEN__ligand1712-0
691,WAWKEN__ligand31483-0
692,WAWKEN__ligand10555-0
693,WAWKEN__ligand5094-0
694,WAWKEN__ligand5892-0
695,WAWKEN__ligand1533-0
696,WAWKEN__ligand20579-0
697,WAWKEN__ligand17710-0
698,WAWKEN__ligand11568-0
699,WAWKEN__ligand7557-0
700,WAWKEN__ligand134-0
701,WAWKEN__ligand1496-0
702,WAWKEN__ligand21421-0
703,WAWKEN__ligand235-0
704,WAWKEN__ligand14586-0
705,WAWKEN__ligand11774-0
706,WAWKEN__ligand3208-0
707,WAWKEN__ligand2208-0
708,WAWKEN__ligand421-0
709,WAWKEN__ligand18699-0
710,WAWKEN__ligand12682-0
711,WAWKEN__ligand8722-0
712,WAWKEN__ligand17240-0
713,WAWKEN__ligand685-0
714,WAWKEN__ligand6672-0
715,WAWKEN__ligand9809-0
716,WAWKEN__ligand1327-0
717,WAWKEN__ligand17590-0
718,WAWKEN__ligand7573-0
719,WAWKEN__ligand2781-0
720,WAWKEN__ligand3350-0
721,WAWKEN__ligand1773-0
722,WAWKEN__ligand4581-0
723,WAWKEN__ligand294-0
724,WAWKEN__ligand57-0
725,WAWKEN__ligand2328-0
726,WAWKEN__ligand13072-0
727,WAWKEN__ligand7162-0
728,WAWKEN__ligand12336-0
729,WAWKEN__ligand3029-0
730,WAWKEN__ligand3-0
731,WAWKEN__ligand9197-0
732,WAWKEN__ligand1900-0
733,WAWKEN__ligand10084-0
734,WAWKEN__ligand25267-0
735,WAWKEN__ligand7532-0
736,WAWKEN__ligand12467-0
737,WAWKEN__ligand250-0
738,WAWKEN__ligand4194-0
739,WAWKEN__ligand21936-0
740,WAWKEN__ligand4330-0
741,WAWKEN__ligand13257-0
742,WAWKEN__ligand2599-0
743,WAWKEN__ligand23904-0
744,WAWKEN__ligand1147-0
745,WAWKEN__ligand27074-0
746,WAWKEN__ligand20599-0
747,WAWKEN__ligand3973-0
748,WAWKEN__ligand22981-0
749,WAWKEN__ligand370-0
750,WAWKEN__ligand25805-0
751,WAWKEN__ligand7925-0
752,WAWKEN__ligand2068-0
753,WAWKEN__ligand16-0
754,WAWKEN__ligand18391-0
755,WAWKEN__ligand27169-0
756,WAWKEN__ligand14523-0
757,WAWKEN__ligand311-0
758,WAWKEN__ligand785-0
759,WAWKEN__ligand479-0
760,WAWKEN__ligand16791-0
761,WAWKEN__ligand3215-0
762,WAWKEN__ligand28668-0
763,WAWKEN__ligand370-1
764,WAWKEN__ligand32-0
765,WAWKEN__ligand620-0
766,WAWKEN__ligand18799-0
767,WAWKEN__ligand564-0
768,WAWKEN__ligand18465-0
769,WAWKEN__ligand7107-0
770,WAWKEN__ligand6283-0
771,WAWKEN__ligand188-0
772,WAWKEN__ligand18074-0
773,WAWKEN__ligand13869-0
774,WAWKEN__ligand29863-0
775,WAWKEN__ligand4738-0
776,WAWKEN__ligand29610-0
777,WAWKEN__ligand5813-0
778,WAWKEN__ligand4813-0
779,WAWKEN__ligand11140-0
780,WAWKEN__ligand6062-0
781,WAWKEN__ligand1729-0
782,WAWKEN__ligand48-0
783,WAWKEN__ligand5627-0
784,WAWKEN__ligand177-0
785,WAWKEN__ligand2830-0
786,WAWKEN__ligand25735-0
787,WAWKEN__ligand12519-0
788,WAWKEN__ligand5316-0
789,WAWKEN__ligand5483-0
790,WAWKEN__ligand23124-0
791,WAWKEN__ligand11206-0
792,WAWKEN__ligand12660-0
793,WAWKEN__ligand13209-0
794,WAWKEN__ligand19257-0
795,WAWKEN__ligand9148-0
796,WAWKEN__ligand6946-0
797,WAWKEN__ligand1415-0
798,WAWKEN__ligand25650-0
799,WAWKEN__ligand31248-0
800,WAWKEN__ligand7529-0
801,WAWKEN__ligand909-0
802,WAWKEN__ligand3934-0
803,WAWKEN__ligand372-0
804,WAWKEN__ligand6882-0
805,WAWKEN__ligand6455-0
806,WAWKEN__ligand27835-0
807,WAWKEN__ligand830-0
808,WAWKEN__ligand12295-0
809,WAWKEN__ligand25689-0
810,WAWKEN__ligand21787-0
811,WAWKEN__ligand25575-0
812,WAWKEN__ligand2403-0
813,WAWKEN__ligand51-0
814,WAWKEN__ligand193-0
815,WAWKEN__ligand252-0
816,WAWKEN__ligand91-0
817,WAWKEN__ligand3012-0
818,WAWKEN__ligand1449-0
819,WAWKEN__ligand30539-0
820,WAWKEN__ligand7530-0
821,WAWKEN__ligand116-0
822,WAWKEN__ligand1065-0
823,WAWKEN__ligand9681-0
824,WAWKEN__ligand23906-0
825,WAWKEN__ligand11166-0
826,WAWKEN__ligand21132-0
827,WAWKEN__ligand4332-0
