,TMC
0,MAYPUZ__ligand86-0
1,MAYPUZ__ligand391-0
2,MAYPUZ__ligand1690-0
3,MAYPUZ__ligand2707-0
4,MAYPUZ__ligand170-0
5,MAYPUZ__ligand1551-0
6,MAYPUZ__ligand314-0
7,MAYPUZ__ligand2526-0
8,MAYPUZ__ligand481-0
9,MAYPUZ__ligand4012-0
10,MAYPUZ__ligand3196-0
11,MAYPUZ__ligand62-0
12,MAYPUZ__ligand1-0
13,MAYPUZ__ligand2915-0
14,MAYPUZ__ligand210-0
15,MAYPUZ__ligand2255-0
16,MAYPUZ__ligand422-0
17,MAYPUZ__ligand3-0
18,MAYPUZ__ligand18-0
19,MAYPUZ__ligand4175-0
20,MAYPUZ__ligand113-0
21,MAYPUZ__ligand196-0
22,MAYPUZ__ligand502-0
23,MAYPUZ__ligand1918-0
24,MAYPUZ__ligand353-0
25,MAYPUZ__ligand4370-0
26,MAYPUZ__ligand3618-0
27,MAYPUZ__ligand2618-0
28,MAYPUZ__ligand236-0
29,MAYPUZ__ligand1436-0
30,MAYPUZ__ligand40-0
31,MAYPUZ__ligand5758-0
32,MAYPUZ__ligand487-0
33,MAYPUZ__ligand666-0
34,MAYPUZ__ligand3478-0
35,MAYPUZ__ligand3852-0
36,MAYPUZ__ligand522-0
37,MAYPUZ__ligand1818-0
38,MAYPUZ__ligand133-0
39,MAYPUZ__ligand7456-0
40,MAYPUZ__ligand38-0
41,MAYPUZ__ligand447-0
42,MAYPUZ__ligand4619-0
43,MAYPUZ__ligand5235-0
44,MAYPUZ__ligand6143-0
45,MAYPUZ__ligand682-0
46,MAYPUZ__ligand3251-0
47,MAYPUZ__ligand9176-0
48,MAYPUZ__ligand21-0
49,MAYPUZ__ligand2718-0
50,MAYPUZ__ligand3070-0
51,MAYPUZ__ligand3035-0
52,MAYPUZ__ligand1493-0
53,MAYPUZ__ligand66-0
54,MAYPUZ__ligand10357-0
55,MAYPUZ__ligand15630-0
56,MAYPUZ__ligand7550-0
57,MAYPUZ__ligand291-0
58,MAYPUZ__ligand2762-0
59,MAYPUZ__ligand1038-0
60,MAYPUZ__ligand115-0
61,MAYPUZ__ligand2253-0
62,MAYPUZ__ligand1160-0
63,MAYPUZ__ligand2954-0
64,MAYPUZ__ligand5093-0
65,MAYPUZ__ligand3890-0
66,MAYPUZ__ligand4423-0
67,MAYPUZ__ligand1907-0
68,MAYPUZ__ligand1285-0
69,MAYPUZ__ligand485-0
70,MAYPUZ__ligand1555-0
71,MAYPUZ__ligand355-0
72,MAYPUZ__ligand784-0
73,MAYPUZ__ligand7630-0
74,MAYPUZ__ligand1919-0
75,MAYPUZ__ligand296-0
76,MAYPUZ__ligand2389-0
77,MAYPUZ__ligand197-0
78,MAYPUZ__ligand1712-0
79,MAYPUZ__ligand112-0
80,MAYPUZ__ligand3579-0
81,MAYPUZ__ligand2916-0
82,MAYPUZ__ligand2110-0
83,MAYPUZ__ligand1858-0
84,MAYPUZ__ligand136-0
85,MAYPUZ__ligand8032-0
86,MAYPUZ__ligand78-0
87,MAYPUZ__ligand442-0
88,MAYPUZ__ligand868-0
89,MAYPUZ__ligand85-0
90,MAYPUZ__ligand352-0
91,MAYPUZ__ligand783-0
92,MAYPUZ__ligand45-0
93,MAYPUZ__ligand5334-0
94,MAYPUZ__ligand4504-0
95,MAYPUZ__ligand3051-0
96,MAYPUZ__ligand2480-0
97,MAYPUZ__ligand1898-0
98,MAYPUZ__ligand2315-0
99,MAYPUZ__ligand6571-0
100,MAYPUZ__ligand109-0
101,MAYPUZ__ligand525-0
102,MAYPUZ__ligand560-0
103,MAYPUZ__ligand1325-0
104,MAYPUZ__ligand2482-0
105,MAYPUZ__ligand235-0
106,MAYPUZ__ligand2442-0
107,MAYPUZ__ligand1019-0
108,MAYPUZ__ligand134-0
109,MAYPUZ__ligand932-0
110,MAYPUZ__ligand390-0
111,MAYPUZ__ligand5762-0
112,MAYPUZ__ligand7414-0
113,MAYPUZ__ligand1104-0
114,MAYPUZ__ligand584-0
115,MAYPUZ__ligand916-0
116,MAYPUZ__ligand1379-0
117,MAYPUZ__ligand1221-0
118,MAYPUZ__ligand798-0
119,MAYPUZ__ligand1264-0
120,MAYPUZ__ligand421-0
121,MAYPUZ__ligand6430-0
122,MAYPUZ__ligand1299-0
123,MAYPUZ__ligand2929-0
124,MAYPUZ__ligand331-0
125,MAYPUZ__ligand993-0
126,MAYPUZ__ligand2376-0
127,MAYPUZ__ligand294-0
128,MAYPUZ__ligand4-0
129,MAYPUZ__ligand1260-0
130,MAYPUZ__ligand4894-0
131,MAYPUZ__ligand460-0
132,MAYPUZ__ligand9620-0
133,MAYPUZ__ligand250-0
134,MAYPUZ__ligand3337-0
135,MAYPUZ__ligand7514-0
136,MAYPUZ__ligand370-0
137,MAYPUZ__ligand67-0
138,MAYPUZ__ligand14530-0
139,MAYPUZ__ligand4811-0
140,MAYPUZ__ligand1449-1
141,MAYPUZ__ligand1321-0
142,MAYPUZ__ligand3566-0
143,MAYPUZ__ligand1178-0
144,MAYPUZ__ligand311-0
145,MAYPUZ__ligand444-0
146,MAYPUZ__ligand369-0
147,MAYPUZ__ligand10910-0
148,MAYPUZ__ligand188-0
149,MAYPUZ__ligand1788-0
150,MAYPUZ__ligand1246-0
151,MAYPUZ__ligand6166-0
152,MAYPUZ__ligand177-0
153,MAYPUZ__ligand934-0
154,MAYPUZ__ligand10114-0
155,MAYPUZ__ligand909-0
156,MAYPUZ__ligand3853-0
157,MAYPUZ__ligand2853-0
158,MAYPUZ__ligand2599-0
159,MAYPUZ__ligand5089-0
160,MAYPUZ__ligand851-0
161,MAYPUZ__ligand193-0
162,MAYPUZ__ligand1307-0
163,MAYPUZ__ligand830-0
164,MAYPUZ__ligand10479-0
165,MAYPUZ__ligand6-0
166,MAYPUZ__ligand955-0
167,MAYPUZ__ligand252-0
168,MAYPUZ__ligand11-0
169,MAYPUZ__ligand1607-0
170,MAYPUZ__ligand226-0
171,MAYPUZ__ligand162-0
172,MAYPUZ__ligand1727-0
173,MAYPUZ__ligand1152-0
174,MAYPUZ__ligand383-0
175,MAYPUZ__ligand1703-0
176,MAYPUZ__ligand2430-0
177,MAYPUZ__ligand2907-0
178,MAYPUZ__ligand2510-0
179,MAYPUZ__ligand2285-0
180,MAYPUZ__ligand1567-0
181,MAYPUZ__ligand8921-0
182,MAYPUZ__ligand2862-0
183,MAYPUZ__ligand2320-0
184,MAYPUZ__ligand1056-0
185,MAYPUZ__ligand365-0
186,MAYPUZ__ligand1248-0
187,MAYPUZ__ligand4303-0
188,MAYPUZ__ligand1598-0
189,MAYPUZ__ligand1054-0
190,MAYPUZ__ligand6294-0
191,MAYPUZ__ligand278-0
192,MAYPUZ__ligand669-0
193,MAYPUZ__ligand7464-0
194,MAYPUZ__ligand358-0
195,MAYPUZ__ligand430-0
196,MAYPUZ__ligand509-0
197,MAYPUZ__ligand3637-0
198,MAYPUZ__ligand8-0
199,MAYPUZ__ligand571-0
200,MAYPUZ__ligand8774-0
201,MAYPUZ__ligand670-0
202,MAYPUZ__ligand118-0
203,MAYPUZ__ligand92-0
204,MAYPUZ__ligand199-0
205,MAYPUZ__ligand2838-0
206,MAYPUZ__ligand1799-0
207,MAYPUZ__ligand3838-0
208,MAYPUZ__ligand5941-0
209,MAYPUZ__ligand2880-0
210,MAYPUZ__ligand927-0
211,MAYPUZ__ligand575-0
212,MAYPUZ__ligand17-0
213,MAYPUZ__ligand5022-0
214,MAYPUZ__ligand1169-0
215,MAYPUZ__ligand2864-0
216,MAYPUZ__ligand324-0
217,MAYPUZ__ligand361-0
218,MAYPUZ__ligand409-0
219,MAYPUZ__ligand2142-0
220,MAYPUZ__ligand140-0
221,MAYPUZ__ligand6538-0
222,MAYPUZ__ligand105-0
223,MAYPUZ__ligand9495-0
224,MAYPUZ__ligand6151-0
225,MAYPUZ__ligand2772-0
226,MAYPUZ__ligand436-0
227,MAYPUZ__ligand1273-0
228,MAYPUZ__ligand49-0
229,MAYPUZ__ligand206-0
230,MAYPUZ__ligand142-0
231,MAYPUZ__ligand283-0
232,MAYPUZ__ligand1052-0
233,MAYPUZ__ligand553-0
234,MAYPUZ__ligand326-0
235,MAYPUZ__ligand89-0
236,MAYPUZ__ligand821-0
237,MAYPUZ__ligand4983-0
238,MAYPUZ__ligand532-0
239,MAYPUZ__ligand2345-0
240,MAYPUZ__ligand2794-0
241,MAYPUZ__ligand918-0
242,MAYPUZ__ligand1835-0
243,MAYPUZ__ligand633-0
244,MAYPUZ__ligand497-0
245,MAYPUZ__ligand1502-0
246,MAYPUZ__ligand6396-0
247,MAYPUZ__ligand838-0
248,MAYPUZ__ligand1113-0
249,MAYPUZ__ligand2265-0
250,MAYPUZ__ligand166-0
251,MAYPUZ__ligand9027-0
252,MAYPUZ__ligand3246-0
253,MAYPUZ__ligand201-0
254,MAYPUZ__ligand244-0
255,MAYPUZ__ligand100-0
256,MAYPUZ__ligand178-0
257,MAYPUZ__ligand279-0
258,MAYPUZ__ligand1479-0
259,MAYPUZ__ligand321-0
260,MAYPUZ__ligand73-0
261,MAYPUZ__ligand1148-0
262,MAYPUZ__ligand119-0
263,MAYPUZ__ligand9244-0
264,MAYPUZ__ligand57-0
265,MAYPUZ__ligand1228-0
266,MAYPUZ__ligand1538-0
267,MAYPUZ__ligand1114-0
268,MAYPUZ__ligand124-0
269,MAYPUZ__ligand11730-0
270,MAYPUZ__ligand95-0
271,MAYPUZ__ligand2751-0
272,MAYPUZ__ligand126-0
273,MAYPUZ__ligand3041-0
274,MAYPUZ__ligand55-0
275,MAYPUZ__ligand2634-0
276,MAYPUZ__ligand1542-0
277,MAYPUZ__ligand187-0
278,MAYPUZ__ligand2863-0
279,MAYPUZ__ligand612-0
280,MAYPUZ__ligand2098-0
281,MAYPUZ__ligand6502-0
282,MAYPUZ__ligand6332-0
283,MAYPUZ__ligand861-0
284,MAYPUZ__ligand366-0
285,MAYPUZ__ligand34-0
286,MAYPUZ__ligand3178-0
287,MAYPUZ__ligand3145-0
288,MAYPUZ__ligand6686-0
289,MAYPUZ__ligand1747-0
290,MAYPUZ__ligand596-0
291,MAYPUZ__ligand7915-0
292,MAYPUZ__ligand5548-0
293,MAYPUZ__ligand3734-0
294,MAYPUZ__ligand1706-0
295,MAYPUZ__ligand4381-0
296,MAYPUZ__ligand2629-0
297,MAYPUZ__ligand48-0
298,MAYPUZ__ligand6277-0
299,MAYPUZ__ligand29-0
300,MAYPUZ__ligand1687-0
301,MAYPUZ__ligand1951-0
302,MAYPUZ__ligand757-0
303,MAYPUZ__ligand91-0
304,MAYPUZ__ligand2688-0
305,MAYPUZ__ligand2259-0
306,MAYPUZ__ligand797-0
307,MAYPUZ__ligand51-0
308,MAYPUZ__ligand1376-0
309,MAYPUZ__ligand2768-0
310,MAYPUZ__ligand1544-0
311,MAYPUZ__ligand1459-0
312,MAYPUZ__ligand3757-0
313,MAYPUZ__ligand2087-0
314,MAYPUZ__ligand120-0
315,MAYPUZ__ligand1048-0
316,MAYPUZ__ligand384-0
317,MAYPUZ__ligand1685-0
318,MAYPUZ__ligand141-0
319,MAYPUZ__ligand240-0
320,MAYPUZ__ligand1171-0
321,MAYPUZ__ligand5801-0
322,MAYPUZ__ligand32-0
323,MAYPUZ__ligand3063-0
324,MAYPUZ__ligand1438-0
