,TMC
0,NENTAD__ligand326-0
1,NENTAD__ligand6538-0
2,NENTAD__ligand821-0
3,NENTAD__ligand9495-0
4,NENTAD__ligand6151-0
5,NENTAD__ligand2772-0
6,NENTAD__ligand2142-0
7,NENTAD__ligand283-0
8,NENTAD__ligand553-0
9,NENTAD__ligand206-0
10,NENTAD__ligand142-0
11,NENTAD__ligand67-0
12,NENTAD__ligand2864-0
13,NENTAD__ligand8-0
14,NENTAD__ligand436-0
15,NENTAD__ligand166-0
16,NENTAD__ligand5022-0
17,NENTAD__ligand1169-0
18,NENTAD__ligand838-0
19,NENTAD__ligand2838-0
20,NENTAD__ligand497-0
21,NENTAD__ligand3838-0
22,NENTAD__ligand1799-0
23,NENTAD__ligand5941-0
24,NENTAD__ligand2880-0
25,NENTAD__ligand532-0
26,NENTAD__ligand633-0
27,NENTAD__ligand918-0
28,NENTAD__ligand9027-0
29,NENTAD__ligand6396-0
30,NENTAD__ligand1113-0
31,NENTAD__ligand2265-0
32,NENTAD__ligand575-0
33,NENTAD__ligand199-0
34,NENTAD__ligand927-0
35,NENTAD__ligand1502-0
36,NENTAD__ligand4983-0
37,NENTAD__ligand2345-0
38,NENTAD__ligand2794-0
39,NENTAD__ligand1835-0
40,NENTAD__ligand105-0
41,NENTAD__ligand140-0
42,NENTAD__ligand1052-0
43,NENTAD__ligand409-0
44,NENTAD__ligand361-0
45,NENTAD__ligand324-0
46,NENTAD__ligand1273-0
47,NENTAD__ligand2862-0
48,NENTAD__ligand430-0
49,NENTAD__ligand11730-0
50,NENTAD__ligand2320-0
51,NENTAD__ligand358-0
52,NENTAD__ligand1056-0
53,NENTAD__ligand2510-0
54,NENTAD__ligand2285-0
55,NENTAD__ligand669-0
56,NENTAD__ligand1567-0
57,NENTAD__ligand8921-0
58,NENTAD__ligand2907-0
59,NENTAD__ligand278-0
60,NENTAD__ligand1703-0
61,NENTAD__ligand2430-0
62,NENTAD__ligand365-0
63,NENTAD__ligand1152-0
64,NENTAD__ligand85-0
65,NENTAD__ligand571-0
66,NENTAD__ligand118-0
67,NENTAD__ligand670-0
68,NENTAD__ligand78-0
69,NENTAD__ligand1727-0
70,NENTAD__ligand45-0
71,NENTAD__ligand509-0
72,NENTAD__ligand1607-0
73,NENTAD__ligand383-0
74,NENTAD__ligand8774-0
75,NENTAD__ligand226-0
76,NENTAD__ligand3637-0
77,NENTAD__ligand162-0
78,NENTAD__ligand7464-0
79,NENTAD__ligand1054-0
80,NENTAD__ligand6294-0
81,NENTAD__ligand1248-0
82,NENTAD__ligand4303-0
83,NENTAD__ligand1598-0
84,NENTAD__ligand1376-0
85,NENTAD__ligand2768-0
86,NENTAD__ligand384-0
87,NENTAD__ligand2688-0
88,NENTAD__ligand2259-0
89,NENTAD__ligand120-0
90,NENTAD__ligand40-0
91,NENTAD__ligand1687-0
92,NENTAD__ligand38-0
93,NENTAD__ligand1951-0
94,NENTAD__ligand6277-0
95,NENTAD__ligand4381-0
96,NENTAD__ligand2629-0
97,NENTAD__ligand3734-0
98,NENTAD__ligand1706-0
99,NENTAD__ligand21-0
100,NENTAD__ligand141-0
101,NENTAD__ligand240-0
102,NENTAD__ligand3063-0
103,NENTAD__ligand1438-0
104,NENTAD__ligand5801-0
105,NENTAD__ligand66-0
106,NENTAD__ligand1171-0
107,NENTAD__ligand1685-0
108,NENTAD__ligand3757-0
109,NENTAD__ligand2087-0
110,NENTAD__ligand797-0
111,NENTAD__ligand1048-0
112,NENTAD__ligand1459-0
113,NENTAD__ligand757-0
114,NENTAD__ligand1544-0
115,NENTAD__ligand1538-0
116,NENTAD__ligand86-0
117,NENTAD__ligand1114-0
118,NENTAD__ligand9244-0
119,NENTAD__ligand1228-0
120,NENTAD__ligand126-0
121,NENTAD__ligand596-0
122,NENTAD__ligand62-0
123,NENTAD__ligand1148-0
124,NENTAD__ligand1479-0
125,NENTAD__ligand861-0
126,NENTAD__ligand366-0
127,NENTAD__ligand3246-0
128,NENTAD__ligand187-0
129,NENTAD__ligand612-0
130,NENTAD__ligand6686-0
131,NENTAD__ligand1747-0
132,NENTAD__ligand321-0
133,NENTAD__ligand7915-0
134,NENTAD__ligand5548-0
135,NENTAD__ligand18-0
136,NENTAD__ligand3145-0
137,NENTAD__ligand178-0
138,NENTAD__ligand279-0
139,NENTAD__ligand6332-0
140,NENTAD__ligand244-0
141,NENTAD__ligand201-0
142,NENTAD__ligand3178-0
143,NENTAD__ligand100-0
144,NENTAD__ligand2863-0
145,NENTAD__ligand2098-0
146,NENTAD__ligand6502-0
147,NENTAD__ligand124-0
148,NENTAD__ligand2634-0
149,NENTAD__ligand1542-0
150,NENTAD__ligand3041-0
151,NENTAD__ligand2751-0
152,NENTAD__ligand119-0
153,NENTAD__ligand2718-0
154,NENTAD__ligand3035-0
155,NENTAD__ligand3070-0
156,NENTAD__ligand1493-0
157,NENTAD__ligand10114-0
158,NENTAD__ligand115-0
159,NENTAD__ligand9176-0
160,NENTAD__ligand48-0
161,NENTAD__ligand291-0
162,NENTAD__ligand3251-0
163,NENTAD__ligand4619-0
164,NENTAD__ligand5235-0
165,NENTAD__ligand6143-0
166,NENTAD__ligand7456-0
167,NENTAD__ligand91-0
168,NENTAD__ligand29-0
169,NENTAD__ligand3-0
170,NENTAD__ligand485-0
171,NENTAD__ligand10479-0
172,NENTAD__ligand1818-0
173,NENTAD__ligand784-0
174,NENTAD__ligand355-0
175,NENTAD__ligand3478-0
176,NENTAD__ligand3852-0
177,NENTAD__ligand51-0
178,NENTAD__ligand5758-0
179,NENTAD__ligand7630-0
180,NENTAD__ligand447-0
181,NENTAD__ligand1285-0
182,NENTAD__ligand1555-0
183,NENTAD__ligand133-0
184,NENTAD__ligand666-0
185,NENTAD__ligand4423-0
186,NENTAD__ligand522-0
187,NENTAD__ligand1907-0
188,NENTAD__ligand3890-0
189,NENTAD__ligand1-0
190,NENTAD__ligand14530-0
191,NENTAD__ligand487-0
192,NENTAD__ligand2253-0
193,NENTAD__ligand1160-0
194,NENTAD__ligand5093-0
195,NENTAD__ligand2954-0
196,NENTAD__ligand2762-0
197,NENTAD__ligand1038-0
198,NENTAD__ligand7550-0
199,NENTAD__ligand32-0
200,NENTAD__ligand682-0
201,NENTAD__ligand10910-0
202,NENTAD__ligand2915-0
203,NENTAD__ligand502-0
204,NENTAD__ligand196-0
205,NENTAD__ligand3196-0
206,NENTAD__ligand4012-0
207,NENTAD__ligand113-0
208,NENTAD__ligand73-0
209,NENTAD__ligand422-0
210,NENTAD__ligand1551-0
211,NENTAD__ligand57-0
212,NENTAD__ligand2526-0
213,NENTAD__ligand236-0
214,NENTAD__ligand2707-0
215,NENTAD__ligand353-0
216,NENTAD__ligand1690-0
217,NENTAD__ligand314-0
218,NENTAD__ligand481-0
219,NENTAD__ligand1436-0
220,NENTAD__ligand3618-0
221,NENTAD__ligand2618-0
222,NENTAD__ligand95-0
223,NENTAD__ligand170-0
224,NENTAD__ligand4370-0
225,NENTAD__ligand55-0
226,NENTAD__ligand391-0
227,NENTAD__ligand34-0
228,NENTAD__ligand210-0
229,NENTAD__ligand1918-0
230,NENTAD__ligand4175-0
231,NENTAD__ligand2255-0
232,NENTAD__ligand15630-0
233,NENTAD__ligand1788-0
234,NENTAD__ligand10357-0
235,NENTAD__ligand851-0
236,NENTAD__ligand909-0
237,NENTAD__ligand92-0
238,NENTAD__ligand3566-0
239,NENTAD__ligand1178-0
240,NENTAD__ligand17-0
241,NENTAD__ligand934-0
242,NENTAD__ligand177-0
243,NENTAD__ligand1321-0
244,NENTAD__ligand955-0
245,NENTAD__ligand252-0
246,NENTAD__ligand1449-1
247,NENTAD__ligand4811-0
248,NENTAD__ligand3337-0
249,NENTAD__ligand7514-0
250,NENTAD__ligand830-0
251,NENTAD__ligand193-0
252,NENTAD__ligand1260-0
253,NENTAD__ligand4894-0
254,NENTAD__ligand9620-0
255,NENTAD__ligand370-0
256,NENTAD__ligand49-0
257,NENTAD__ligand250-0
258,NENTAD__ligand89-0
259,NENTAD__ligand1307-0
260,NENTAD__ligand460-0
261,NENTAD__ligand2599-0
262,NENTAD__ligand5089-0
263,NENTAD__ligand188-0
264,NENTAD__ligand369-0
265,NENTAD__ligand444-0
266,NENTAD__ligand3853-0
267,NENTAD__ligand2853-0
268,NENTAD__ligand6166-0
269,NENTAD__ligand311-0
270,NENTAD__ligand1246-0
271,NENTAD__ligand3051-0
272,NENTAD__ligand4504-0
273,NENTAD__ligand2480-0
274,NENTAD__ligand390-0
275,NENTAD__ligand1898-0
276,NENTAD__ligand2315-0
277,NENTAD__ligand235-0
278,NENTAD__ligand932-0
279,NENTAD__ligand134-0
280,NENTAD__ligand11-0
281,NENTAD__ligand5334-0
282,NENTAD__ligand109-0
283,NENTAD__ligand560-0
284,NENTAD__ligand525-0
285,NENTAD__ligand1858-0
286,NENTAD__ligand6-0
287,NENTAD__ligand8032-0
288,NENTAD__ligand3579-0
289,NENTAD__ligand993-0
290,NENTAD__ligand294-0
291,NENTAD__ligand2110-0
292,NENTAD__ligand2916-0
293,NENTAD__ligand1712-0
294,NENTAD__ligand331-0
295,NENTAD__ligand421-0
296,NENTAD__ligand798-0
297,NENTAD__ligand2389-0
298,NENTAD__ligand916-0
299,NENTAD__ligand584-0
300,NENTAD__ligand1919-0
301,NENTAD__ligand2376-0
302,NENTAD__ligand2929-0
303,NENTAD__ligand112-0
304,NENTAD__ligand1264-0
305,NENTAD__ligand1221-0
306,NENTAD__ligand296-0
307,NENTAD__ligand6430-0
308,NENTAD__ligand1299-0
309,NENTAD__ligand197-0
310,NENTAD__ligand1379-0
311,NENTAD__ligand5762-0
312,NENTAD__ligand7414-0
313,NENTAD__ligand1104-0
314,NENTAD__ligand4-0
315,NENTAD__ligand2442-0
316,NENTAD__ligand1019-0
317,NENTAD__ligand783-0
318,NENTAD__ligand352-0
319,NENTAD__ligand442-0
320,NENTAD__ligand6571-0
321,NENTAD__ligand1325-0
322,NENTAD__ligand2482-0
323,NENTAD__ligand868-0
324,NENTAD__ligand136-0
