,TMC
0,DURKUX__ligand6396-0
1,DURKUX__ligand2265-0
2,DURKUX__ligand1113-0
3,DURKUX__ligand509-0
4,DURKUX__ligand9027-0
5,DURKUX__ligand67-0
6,DURKUX__ligand670-0
7,DURKUX__ligand4983-0
8,DURKUX__ligand118-0
9,DURKUX__ligand571-0
10,DURKUX__ligand1835-0
11,DURKUX__ligand2794-0
12,DURKUX__ligand2345-0
13,DURKUX__ligand1502-0
14,DURKUX__ligand1052-0
15,DURKUX__ligand278-0
16,DURKUX__ligand365-0
17,DURKUX__ligand358-0
18,DURKUX__ligand430-0
19,DURKUX__ligand1273-0
20,DURKUX__ligand669-0
21,DURKUX__ligand2142-0
22,DURKUX__ligand6538-0
23,DURKUX__ligand2772-0
24,DURKUX__ligand6151-0
25,DURKUX__ligand9495-0
26,DURKUX__ligand2864-0
27,DURKUX__ligand8-0
28,DURKUX__ligand1169-0
29,DURKUX__ligand5022-0
30,DURKUX__ligand383-0
31,DURKUX__ligand3838-0
32,DURKUX__ligand1799-0
33,DURKUX__ligand2838-0
34,DURKUX__ligand162-0
35,DURKUX__ligand226-0
36,DURKUX__ligand2880-0
37,DURKUX__ligand5941-0
38,DURKUX__ligand497-0
39,DURKUX__ligand3637-0
40,DURKUX__ligand918-0
41,DURKUX__ligand633-0
42,DURKUX__ligand8774-0
43,DURKUX__ligand532-0
44,DURKUX__ligand166-0
45,DURKUX__ligand838-0
46,DURKUX__ligand45-0
47,DURKUX__ligand142-0
48,DURKUX__ligand206-0
49,DURKUX__ligand436-0
50,DURKUX__ligand7464-0
51,DURKUX__ligand4303-0
52,DURKUX__ligand821-0
53,DURKUX__ligand1248-0
54,DURKUX__ligand326-0
55,DURKUX__ligand1598-0
56,DURKUX__ligand553-0
57,DURKUX__ligand85-0
58,DURKUX__ligand1054-0
59,DURKUX__ligand15630-0
60,DURKUX__ligand283-0
61,DURKUX__ligand78-0
62,DURKUX__ligand6294-0
63,DURKUX__ligand10357-0
64,DURKUX__ligand361-0
65,DURKUX__ligand324-0
66,DURKUX__ligand409-0
67,DURKUX__ligand2510-0
68,DURKUX__ligand8921-0
69,DURKUX__ligand1567-0
70,DURKUX__ligand2285-0
71,DURKUX__ligand2862-0
72,DURKUX__ligand1056-0
73,DURKUX__ligand2320-0
74,DURKUX__ligand2430-0
75,DURKUX__ligand1703-0
76,DURKUX__ligand105-0
77,DURKUX__ligand140-0
78,DURKUX__ligand2907-0
79,DURKUX__ligand927-0
80,DURKUX__ligand199-0
81,DURKUX__ligand1727-0
82,DURKUX__ligand1152-0
83,DURKUX__ligand1607-0
84,DURKUX__ligand575-0
85,DURKUX__ligand5801-0
86,DURKUX__ligand366-0
87,DURKUX__ligand861-0
88,DURKUX__ligand612-0
89,DURKUX__ligand1438-0
90,DURKUX__ligand38-0
91,DURKUX__ligand3063-0
92,DURKUX__ligand187-0
93,DURKUX__ligand40-0
94,DURKUX__ligand596-0
95,DURKUX__ligand1171-0
96,DURKUX__ligand21-0
97,DURKUX__ligand126-0
98,DURKUX__ligand3757-0
99,DURKUX__ligand1048-0
100,DURKUX__ligand2087-0
101,DURKUX__ligand1685-0
102,DURKUX__ligand1544-0
103,DURKUX__ligand1459-0
104,DURKUX__ligand2259-0
105,DURKUX__ligand2688-0
106,DURKUX__ligand2768-0
107,DURKUX__ligand1376-0
108,DURKUX__ligand119-0
109,DURKUX__ligand6277-0
110,DURKUX__ligand66-0
111,DURKUX__ligand124-0
112,DURKUX__ligand1687-0
113,DURKUX__ligand1951-0
114,DURKUX__ligand100-0
115,DURKUX__ligand3734-0
116,DURKUX__ligand244-0
117,DURKUX__ligand201-0
118,DURKUX__ligand1706-0
119,DURKUX__ligand4381-0
120,DURKUX__ligand2629-0
121,DURKUX__ligand321-0
122,DURKUX__ligand279-0
123,DURKUX__ligand178-0
124,DURKUX__ligand3145-0
125,DURKUX__ligand240-0
126,DURKUX__ligand1747-0
127,DURKUX__ligand6686-0
128,DURKUX__ligand141-0
129,DURKUX__ligand5548-0
130,DURKUX__ligand7915-0
131,DURKUX__ligand2863-0
132,DURKUX__ligand10479-0
133,DURKUX__ligand6502-0
134,DURKUX__ligand2098-0
135,DURKUX__ligand86-0
136,DURKUX__ligand6332-0
137,DURKUX__ligand3178-0
138,DURKUX__ligand3041-0
139,DURKUX__ligand1542-0
140,DURKUX__ligand2634-0
141,DURKUX__ligand10114-0
142,DURKUX__ligand384-0
143,DURKUX__ligand2751-0
144,DURKUX__ligand62-0
145,DURKUX__ligand120-0
146,DURKUX__ligand1538-0
147,DURKUX__ligand757-0
148,DURKUX__ligand10910-0
149,DURKUX__ligand1114-0
150,DURKUX__ligand18-0
151,DURKUX__ligand797-0
152,DURKUX__ligand9244-0
153,DURKUX__ligand1228-0
154,DURKUX__ligand1479-0
155,DURKUX__ligand14530-0
156,DURKUX__ligand1148-0
157,DURKUX__ligand3246-0
158,DURKUX__ligand353-0
159,DURKUX__ligand1285-0
160,DURKUX__ligand1555-0
161,DURKUX__ligand7630-0
162,DURKUX__ligand48-0
163,DURKUX__ligand236-0
164,DURKUX__ligand3890-0
165,DURKUX__ligand4423-0
166,DURKUX__ligand1907-0
167,DURKUX__ligand2762-0
168,DURKUX__ligand113-0
169,DURKUX__ligand1-0
170,DURKUX__ligand51-0
171,DURKUX__ligand1038-0
172,DURKUX__ligand422-0
173,DURKUX__ligand1160-0
174,DURKUX__ligand2253-0
175,DURKUX__ligand5093-0
176,DURKUX__ligand2954-0
177,DURKUX__ligand91-0
178,DURKUX__ligand502-0
179,DURKUX__ligand196-0
180,DURKUX__ligand7550-0
181,DURKUX__ligand29-0
182,DURKUX__ligand9176-0
183,DURKUX__ligand3035-0
184,DURKUX__ligand3070-0
185,DURKUX__ligand2718-0
186,DURKUX__ligand1493-0
187,DURKUX__ligand210-0
188,DURKUX__ligand4619-0
189,DURKUX__ligand3-0
190,DURKUX__ligand6143-0
191,DURKUX__ligand5235-0
192,DURKUX__ligand3251-0
193,DURKUX__ligand170-0
194,DURKUX__ligand32-0
195,DURKUX__ligand1818-0
196,DURKUX__ligand7456-0
197,DURKUX__ligand391-0
198,DURKUX__ligand481-0
199,DURKUX__ligand5758-0
200,DURKUX__ligand314-0
201,DURKUX__ligand3478-0
202,DURKUX__ligand3852-0
203,DURKUX__ligand2618-0
204,DURKUX__ligand3618-0
205,DURKUX__ligand1436-0
206,DURKUX__ligand73-0
207,DURKUX__ligand784-0
208,DURKUX__ligand355-0
209,DURKUX__ligand4370-0
210,DURKUX__ligand485-0
211,DURKUX__ligand291-0
212,DURKUX__ligand1918-0
213,DURKUX__ligand2255-0
214,DURKUX__ligand115-0
215,DURKUX__ligand57-0
216,DURKUX__ligand4175-0
217,DURKUX__ligand2915-0
218,DURKUX__ligand682-0
219,DURKUX__ligand55-0
220,DURKUX__ligand95-0
221,DURKUX__ligand3196-0
222,DURKUX__ligand4012-0
223,DURKUX__ligand522-0
224,DURKUX__ligand666-0
225,DURKUX__ligand487-0
226,DURKUX__ligand1551-0
227,DURKUX__ligand2526-0
228,DURKUX__ligand447-0
229,DURKUX__ligand1690-0
230,DURKUX__ligand133-0
231,DURKUX__ligand34-0
232,DURKUX__ligand2707-0
233,DURKUX__ligand798-0
234,DURKUX__ligand421-0
235,DURKUX__ligand916-0
236,DURKUX__ligand584-0
237,DURKUX__ligand17-0
238,DURKUX__ligand1307-0
239,DURKUX__ligand294-0
240,DURKUX__ligand92-0
241,DURKUX__ligand993-0
242,DURKUX__ligand331-0
243,DURKUX__ligand560-0
244,DURKUX__ligand525-0
245,DURKUX__ligand109-0
246,DURKUX__ligand2853-0
247,DURKUX__ligand3853-0
248,DURKUX__ligand2599-0
249,DURKUX__ligand5089-0
250,DURKUX__ligand390-0
251,DURKUX__ligand1246-0
252,DURKUX__ligand6166-0
253,DURKUX__ligand932-0
254,DURKUX__ligand134-0
255,DURKUX__ligand11730-0
256,DURKUX__ligand235-0
257,DURKUX__ligand868-0
258,DURKUX__ligand442-0
259,DURKUX__ligand89-0
260,DURKUX__ligand136-0
261,DURKUX__ligand1788-0
262,DURKUX__ligand1321-0
263,DURKUX__ligand49-0
264,DURKUX__ligand1178-0
265,DURKUX__ligand783-0
266,DURKUX__ligand352-0
267,DURKUX__ligand3566-0
268,DURKUX__ligand197-0
269,DURKUX__ligand7514-0
270,DURKUX__ligand3337-0
271,DURKUX__ligand296-0
272,DURKUX__ligand1449-1
273,DURKUX__ligand4811-0
274,DURKUX__ligand9620-0
275,DURKUX__ligand4894-0
276,DURKUX__ligand1260-0
277,DURKUX__ligand112-0
278,DURKUX__ligand2929-0
279,DURKUX__ligand830-0
280,DURKUX__ligand193-0
281,DURKUX__ligand2376-0
282,DURKUX__ligand252-0
283,DURKUX__ligand4-0
284,DURKUX__ligand955-0
285,DURKUX__ligand1379-0
286,DURKUX__ligand11-0
287,DURKUX__ligand1264-0
288,DURKUX__ligand1221-0
289,DURKUX__ligand1299-0
290,DURKUX__ligand6430-0
291,DURKUX__ligand934-0
292,DURKUX__ligand177-0
293,DURKUX__ligand1019-0
294,DURKUX__ligand2442-0
295,DURKUX__ligand1104-0
296,DURKUX__ligand5762-0
297,DURKUX__ligand7414-0
298,DURKUX__ligand851-0
299,DURKUX__ligand6571-0
300,DURKUX__ligand2482-0
301,DURKUX__ligand909-0
302,DURKUX__ligand1325-0
303,DURKUX__ligand311-0
304,DURKUX__ligand5334-0
305,DURKUX__ligand1898-0
306,DURKUX__ligand2480-0
307,DURKUX__ligand3051-0
308,DURKUX__ligand4504-0
309,DURKUX__ligand2315-0
310,DURKUX__ligand188-0
311,DURKUX__ligand1858-0
312,DURKUX__ligand8032-0
313,DURKUX__ligand444-0
314,DURKUX__ligand369-0
315,DURKUX__ligand6-0
316,DURKUX__ligand250-0
317,DURKUX__ligand1712-0
318,DURKUX__ligand460-0
319,DURKUX__ligand3579-0
320,DURKUX__ligand2110-0
321,DURKUX__ligand2916-0
322,DURKUX__ligand1919-0
323,DURKUX__ligand370-0
324,DURKUX__ligand2389-0
