,TMC
0,QICNOF__ligand16663-0
1,QICNOF__ligand2692-0
2,QICNOF__ligand14614-0
3,QICNOF__ligand1618-0
4,QICNOF__ligand51-0
5,QICNOF__ligand1028-0
6,QICNOF__ligand24035-0
7,QICNOF__ligand909-0
8,QICNOF__ligand11994-0
9,QICNOF__ligand31842-0
10,QICNOF__ligand4262-0
11,QICNOF__ligand31044-0
12,QICNOF__ligand30711-0
13,QICNOF__ligand20207-0
14,QICNOF__ligand2027-0
15,QICNOF__ligand11682-0
16,QICNOF__ligand91-0
17,QICNOF__ligand1015-0
18,QICNOF__ligand1050-0
19,QICNOF__ligand177-0
20,QICNOF__ligand25913-0
21,QICNOF__ligand16988-0
22,QICNOF__ligand11970-0
23,QICNOF__ligand116-0
24,QICNOF__ligand48-0
25,QICNOF__ligand252-0
26,QICNOF__ligand15883-0
27,QICNOF__ligand24230-0
28,QICNOF__ligand11096-0
29,QICNOF__ligand11447-0
30,QICNOF__ligand28810-0
31,QICNOF__ligand8529-0
32,QICNOF__ligand10828-0
33,QICNOF__ligand19792-0
34,QICNOF__ligand1169-0
35,QICNOF__ligand15926-0
36,QICNOF__ligand10056-0
37,QICNOF__ligand12365-0
38,QICNOF__ligand830-0
39,QICNOF__ligand1154-0
40,QICNOF__ligand15531-0
41,QICNOF__ligand372-0
42,QICNOF__ligand28743-0
43,QICNOF__ligand9615-0
44,QICNOF__ligand11357-0
45,QICNOF__ligand13862-0
46,QICNOF__ligand22294-0
47,QICNOF__ligand28930-0
48,QICNOF__ligand193-0
49,QICNOF__ligand22168-0
50,QICNOF__ligand4596-0
51,QICNOF__ligand1498-0
52,QICNOF__ligand21919-0
53,QICNOF__ligand29029-0
54,QICNOF__ligand27285-0
55,QICNOF__ligand370-0
56,QICNOF__ligand1113-0
57,QICNOF__ligand8553-0
58,QICNOF__ligand32-0
59,QICNOF__ligand23197-0
60,QICNOF__ligand5201-0
61,QICNOF__ligand2001-0
62,QICNOF__ligand250-0
63,QICNOF__ligand7566-0
64,QICNOF__ligand14167-0
65,QICNOF__ligand13477-0
66,QICNOF__ligand9944-0
67,QICNOF__ligand27669-0
68,QICNOF__ligand8593-0
69,QICNOF__ligand30142-0
70,QICNOF__ligand19184-0
71,QICNOF__ligand6995-0
72,QICNOF__ligand2823-0
73,QICNOF__ligand188-0
74,QICNOF__ligand2650-0
75,QICNOF__ligand2281-0
76,QICNOF__ligand4340-0
77,QICNOF__ligand28459-0
78,QICNOF__ligand3180-0
79,QICNOF__ligand18448-0
80,QICNOF__ligand12453-0
81,QICNOF__ligand311-0
82,QICNOF__ligand10371-0
83,QICNOF__ligand785-0
84,QICNOF__ligand5415-0
85,QICNOF__ligand479-0
86,QICNOF__ligand564-0
87,QICNOF__ligand13672-0
88,QICNOF__ligand4161-0
89,QICNOF__ligand3471-0
90,QICNOF__ligand4124-0
91,QICNOF__ligand370-1
92,QICNOF__ligand28685-0
93,QICNOF__ligand16-0
94,QICNOF__ligand18568-0
95,QICNOF__ligand620-0
96,QICNOF__ligand22403-0
97,QICNOF__ligand1908-0
98,QICNOF__ligand3285-0
99,QICNOF__ligand4795-0
100,QICNOF__ligand235-0
101,QICNOF__ligand20695-0
102,QICNOF__ligand27754-0
103,QICNOF__ligand1786-0
104,QICNOF__ligand11111-0
105,QICNOF__ligand28540-0
106,QICNOF__ligand134-0
107,QICNOF__ligand5630-0
108,QICNOF__ligand16369-0
109,QICNOF__ligand1397-0
110,QICNOF__ligand7213-0
111,QICNOF__ligand57-0
112,QICNOF__ligand1828-0
113,QICNOF__ligand29215-0
114,QICNOF__ligand6112-0
115,QICNOF__ligand560-0
116,QICNOF__ligand8042-0
117,QICNOF__ligand12003-0
118,QICNOF__ligand26631-0
119,QICNOF__ligand16148-0
120,QICNOF__ligand3144-0
121,QICNOF__ligand5085-0
122,QICNOF__ligand10872-0
123,QICNOF__ligand21399-0
124,QICNOF__ligand4710-0
125,QICNOF__ligand5755-0
126,QICNOF__ligand19927-0
127,QICNOF__ligand294-0
128,QICNOF__ligand14043-0
129,QICNOF__ligand1849-0
130,QICNOF__ligand26324-0
131,QICNOF__ligand28559-0
132,QICNOF__ligand1152-0
133,QICNOF__ligand3261-0
134,QICNOF__ligand8-0
135,QICNOF__ligand27239-0
136,QICNOF__ligand5019-0
137,QICNOF__ligand21729-0
138,QICNOF__ligand1216-0
139,QICNOF__ligand421-0
140,QICNOF__ligand26529-0
141,QICNOF__ligand5280-0
142,QICNOF__ligand5614-0
143,QICNOF__ligand1831-0
144,QICNOF__ligand11618-0
145,QICNOF__ligand5515-0
146,QICNOF__ligand6663-0
147,QICNOF__ligand685-0
148,QICNOF__ligand31694-0
149,QICNOF__ligand4063-0
150,QICNOF__ligand7438-0
151,QICNOF__ligand8200-0
152,QICNOF__ligand29486-0
153,QICNOF__ligand3042-0
154,QICNOF__ligand17427-0
155,QICNOF__ligand3453-0
156,QICNOF__ligand3416-0
157,QICNOF__ligand11949-0
158,QICNOF__ligand34-0
159,QICNOF__ligand24780-0
160,QICNOF__ligand4207-0
161,QICNOF__ligand12138-0
162,QICNOF__ligand22129-0
163,QICNOF__ligand197-0
164,QICNOF__ligand1539-0
165,QICNOF__ligand25561-0
166,QICNOF__ligand1150-0
167,QICNOF__ligand30728-0
168,QICNOF__ligand9491-0
169,QICNOF__ligand4266-0
170,QICNOF__ligand1400-0
171,QICNOF__ligand27840-0
172,QICNOF__ligand55-0
173,QICNOF__ligand4167-0
174,QICNOF__ligand24872-0
175,QICNOF__ligand24644-0
176,QICNOF__ligand10033-0
177,QICNOF__ligand1288-0
178,QICNOF__ligand12001-0
179,QICNOF__ligand352-0
180,QICNOF__ligand783-0
181,QICNOF__ligand13385-0
182,QICNOF__ligand7075-0
183,QICNOF__ligand14569-0
184,QICNOF__ligand1149-0
185,QICNOF__ligand22444-0
186,QICNOF__ligand868-0
187,QICNOF__ligand3980-0
188,QICNOF__ligand24111-0
189,QICNOF__ligand3557-0
190,QICNOF__ligand68-0
191,QICNOF__ligand6993-0
192,QICNOF__ligand1817-0
193,QICNOF__ligand1779-0
194,QICNOF__ligand13220-0
195,QICNOF__ligand11587-0
196,QICNOF__ligand15788-0
197,QICNOF__ligand23175-0
198,QICNOF__ligand9750-0
199,QICNOF__ligand17396-0
200,QICNOF__ligand2259-0
201,QICNOF__ligand1296-0
202,QICNOF__ligand29813-0
203,QICNOF__ligand16952-0
204,QICNOF__ligand8592-0
205,QICNOF__ligand5099-0
206,QICNOF__ligand1197-0
207,QICNOF__ligand5510-0
208,QICNOF__ligand20220-0
209,QICNOF__ligand1376-0
210,QICNOF__ligand9773-0
211,QICNOF__ligand20121-0
212,QICNOF__ligand115-0
213,QICNOF__ligand15387-0
214,QICNOF__ligand4101-0
215,QICNOF__ligand24851-0
216,QICNOF__ligand5595-0
217,QICNOF__ligand14302-0
218,QICNOF__ligand13657-0
219,QICNOF__ligand14347-0
220,QICNOF__ligand11698-0
221,QICNOF__ligand20530-0
222,QICNOF__ligand11479-0
223,QICNOF__ligand3926-0
224,QICNOF__ligand3120-0
225,QICNOF__ligand27610-0
226,QICNOF__ligand10479-0
227,QICNOF__ligand4358-0
228,QICNOF__ligand2221-0
229,QICNOF__ligand833-0
230,QICNOF__ligand10853-0
231,QICNOF__ligand29441-0
232,QICNOF__ligand1407-0
233,QICNOF__ligand19906-0
234,QICNOF__ligand6117-0
235,QICNOF__ligand8002-0
236,QICNOF__ligand5509-0
237,QICNOF__ligand19668-0
238,QICNOF__ligand17-0
239,QICNOF__ligand22353-0
240,QICNOF__ligand784-0
241,QICNOF__ligand5080-0
242,QICNOF__ligand7762-0
243,QICNOF__ligand5304-0
244,QICNOF__ligand368-0
245,QICNOF__ligand9167-0
246,QICNOF__ligand395-0
247,QICNOF__ligand2238-0
248,QICNOF__ligand10151-0
249,QICNOF__ligand7293-0
250,QICNOF__ligand2822-0
251,QICNOF__ligand3867-0
252,QICNOF__ligand1317-0
253,QICNOF__ligand746-0
254,QICNOF__ligand2985-0
255,QICNOF__ligand4007-0
256,QICNOF__ligand447-0
257,QICNOF__ligand18067-0
258,QICNOF__ligand19824-0
259,QICNOF__ligand9299-0
260,QICNOF__ligand7291-0
261,QICNOF__ligand11252-0
262,QICNOF__ligand3677-1
263,QICNOF__ligand9883-0
264,QICNOF__ligand13260-0
265,QICNOF__ligand10582-0
266,QICNOF__ligand176-0
267,QICNOF__ligand11606-0
268,QICNOF__ligand9344-0
269,QICNOF__ligand8000-0
270,QICNOF__ligand3736-0
271,QICNOF__ligand31000-0
272,QICNOF__ligand26673-0
273,QICNOF__ligand3945-0
274,QICNOF__ligand5383-0
275,QICNOF__ligand2693-0
276,QICNOF__ligand20821-0
277,QICNOF__ligand487-0
278,QICNOF__ligand1464-0
279,QICNOF__ligand3712-0
280,QICNOF__ligand89-0
281,QICNOF__ligand506-0
282,QICNOF__ligand16870-0
283,QICNOF__ligand2881-0
284,QICNOF__ligand1499-0
285,QICNOF__ligand11622-0
286,QICNOF__ligand11814-0
287,QICNOF__ligand6892-0
288,QICNOF__ligand16603-0
289,QICNOF__ligand1211-0
290,QICNOF__ligand3677-0
291,QICNOF__ligand3632-0
292,QICNOF__ligand31205-0
293,QICNOF__ligand1294-0
294,QICNOF__ligand1168-0
295,QICNOF__ligand17686-0
296,QICNOF__ligand25658-0
297,QICNOF__ligand11177-0
298,QICNOF__ligand6699-0
299,QICNOF__ligand152-0
300,QICNOF__ligand49-0
301,QICNOF__ligand15455-0
302,QICNOF__ligand9284-0
303,QICNOF__ligand24560-0
304,QICNOF__ligand6391-0
305,QICNOF__ligand3126-0
306,QICNOF__ligand18757-0
307,QICNOF__ligand1114-0
308,QICNOF__ligand24624-0
309,QICNOF__ligand20844-0
310,QICNOF__ligand18413-0
311,QICNOF__ligand2417-0
312,QICNOF__ligand196-0
313,QICNOF__ligand686-0
314,QICNOF__ligand2043-0
315,QICNOF__ligand14339-0
316,QICNOF__ligand13691-0
317,QICNOF__ligand30788-0
318,QICNOF__ligand8788-0
319,QICNOF__ligand1832-0
320,QICNOF__ligand1604-0
321,QICNOF__ligand21752-0
322,QICNOF__ligand1228-0
323,QICNOF__ligand9943-0
324,QICNOF__ligand422-0
325,QICNOF__ligand69-0
326,QICNOF__ligand21940-0
327,QICNOF__ligand9450-0
328,QICNOF__ligand25048-0
329,QICNOF__ligand13755-0
330,QICNOF__ligand16133-0
331,QICNOF__ligand27122-0
332,QICNOF__ligand20432-0
333,QICNOF__ligand2612-0
334,QICNOF__ligand1599-0
335,QICNOF__ligand393-0
336,QICNOF__ligand23445-0
337,QICNOF__ligand24953-0
338,QICNOF__ligand5387-0
339,QICNOF__ligand2203-0
340,QICNOF__ligand1289-0
341,QICNOF__ligand353-0
342,QICNOF__ligand20557-0
343,QICNOF__ligand30004-0
344,QICNOF__ligand11-0
345,QICNOF__ligand780-0
346,QICNOF__ligand314-0
347,QICNOF__ligand21448-0
348,QICNOF__ligand2906-0
349,QICNOF__ligand813-0
350,QICNOF__ligand3244-0
351,QICNOF__ligand11758-0
352,QICNOF__ligand4711-0
353,QICNOF__ligand22357-0
354,QICNOF__ligand5649-0
355,QICNOF__ligand2788-0
356,QICNOF__ligand8793-0
357,QICNOF__ligand29214-0
358,QICNOF__ligand4649-0
359,QICNOF__ligand11544-0
360,QICNOF__ligand11501-0
361,QICNOF__ligand9753-0
362,QICNOF__ligand14477-0
363,QICNOF__ligand5530-0
364,QICNOF__ligand17069-0
365,QICNOF__ligand1787-0
366,QICNOF__ligand1356-0
367,QICNOF__ligand5159-0
368,QICNOF__ligand17445-0
369,QICNOF__ligand7196-0
370,QICNOF__ligand618-0
371,QICNOF__ligand20731-0
372,QICNOF__ligand4807-0
373,QICNOF__ligand29334-0
374,QICNOF__ligand391-0
375,QICNOF__ligand12413-0
376,QICNOF__ligand11798-0
377,QICNOF__ligand3178-0
378,QICNOF__ligand23682-0
379,QICNOF__ligand29565-0
380,QICNOF__ligand27771-0
381,QICNOF__ligand5180-0
382,QICNOF__ligand18158-0
383,QICNOF__ligand16956-0
384,QICNOF__ligand14226-0
385,QICNOF__ligand21339-0
386,QICNOF__ligand465-0
387,QICNOF__ligand20942-1
388,QICNOF__ligand6017-0
389,QICNOF__ligand5708-0
390,QICNOF__ligand7316-0
391,QICNOF__ligand1116-0
392,QICNOF__ligand3225-0
393,QICNOF__ligand1153-0
394,QICNOF__ligand2260-0
395,QICNOF__ligand27550-0
396,QICNOF__ligand7092-0
397,QICNOF__ligand2124-0
398,QICNOF__ligand8612-0
399,QICNOF__ligand7172-0
400,QICNOF__ligand14007-0
401,QICNOF__ligand9323-0
402,QICNOF__ligand18019-1
403,QICNOF__ligand7273-0
404,QICNOF__ligand314-1
405,QICNOF__ligand3504-0
406,QICNOF__ligand384-0
407,QICNOF__ligand1959-0
408,QICNOF__ligand1573-0
409,QICNOF__ligand13869-0
410,QICNOF__ligand1536-0
411,QICNOF__ligand18074-0
412,QICNOF__ligand29863-0
413,QICNOF__ligand9935-0
414,QICNOF__ligand3718-0
415,QICNOF__ligand29610-0
416,QICNOF__ligand6616-0
417,QICNOF__ligand1343-0
418,QICNOF__ligand3876-0
419,QICNOF__ligand3035-0
420,QICNOF__ligand11140-0
421,QICNOF__ligand1844-0
422,QICNOF__ligand4661-0
423,QICNOF__ligand7242-0
424,QICNOF__ligand16791-0
425,QICNOF__ligand43-0
426,QICNOF__ligand7106-0
427,QICNOF__ligand28668-0
428,QICNOF__ligand9908-0
429,QICNOF__ligand1263-0
430,QICNOF__ligand18799-0
431,QICNOF__ligand768-0
432,QICNOF__ligand18465-0
433,QICNOF__ligand5211-0
434,QICNOF__ligand27074-0
435,QICNOF__ligand20599-0
436,QICNOF__ligand67-0
437,QICNOF__ligand25805-0
438,QICNOF__ligand22981-0
439,QICNOF__ligand4155-0
440,QICNOF__ligand3094-0
441,QICNOF__ligand4720-0
442,QICNOF__ligand18391-0
443,QICNOF__ligand8969-0
444,QICNOF__ligand3131-0
445,QICNOF__ligand3174-0
446,QICNOF__ligand3937-0
447,QICNOF__ligand1202-0
448,QICNOF__ligand14523-0
449,QICNOF__ligand6839-0
450,QICNOF__ligand27169-0
451,QICNOF__ligand10084-0
452,QICNOF__ligand1512-0
453,QICNOF__ligand5331-0
454,QICNOF__ligand25267-0
455,QICNOF__ligand12467-0
456,QICNOF__ligand3565-0
457,QICNOF__ligand21936-0
458,QICNOF__ligand141-0
459,QICNOF__ligand13257-0
460,QICNOF__ligand23904-0
461,QICNOF__ligand3852-0
462,QICNOF__ligand2485-0
463,QICNOF__ligand240-0
464,QICNOF__ligand6919-0
465,QICNOF__ligand1285-0
466,QICNOF__ligand30539-0
467,QICNOF__ligand1982-0
468,QICNOF__ligand7000-0
469,QICNOF__ligand8115-0
470,QICNOF__ligand6768-0
471,QICNOF__ligand693-0
472,QICNOF__ligand23906-0
473,QICNOF__ligand4546-0
474,QICNOF__ligand4503-0
475,QICNOF__ligand11166-0
476,QICNOF__ligand21132-0
477,QICNOF__ligand4157-0
478,QICNOF__ligand5256-0
479,QICNOF__ligand27835-0
480,QICNOF__ligand9833-0
481,QICNOF__ligand7648-0
482,QICNOF__ligand12295-0
483,QICNOF__ligand8876-0
484,QICNOF__ligand2828-0
485,QICNOF__ligand9291-0
486,QICNOF__ligand25689-0
487,QICNOF__ligand2176-0
488,QICNOF__ligand25575-0
489,QICNOF__ligand21787-0
490,QICNOF__ligand2232-0
491,QICNOF__ligand12660-0
492,QICNOF__ligand7629-0
493,QICNOF__ligand4272-0
494,QICNOF__ligand1451-0
495,QICNOF__ligand9784-0
496,QICNOF__ligand19257-0
497,QICNOF__ligand13209-0
498,QICNOF__ligand8699-0
499,QICNOF__ligand25650-0
500,QICNOF__ligand1160-0
501,QICNOF__ligand9520-0
502,QICNOF__ligand31248-0
503,QICNOF__ligand3954-0
504,QICNOF__ligand4093-0
505,QICNOF__ligand4442-0
506,QICNOF__ligand1219-0
507,QICNOF__ligand6709-0
508,QICNOF__ligand7867-0
509,QICNOF__ligand757-0
510,QICNOF__ligand4016-0
511,QICNOF__ligand12519-0
512,QICNOF__ligand25735-0
513,QICNOF__ligand7238-0
514,QICNOF__ligand122-0
515,QICNOF__ligand1304-0
516,QICNOF__ligand1790-0
517,QICNOF__ligand23124-0
518,QICNOF__ligand7280-0
519,QICNOF__ligand11206-0
520,QICNOF__ligand2915-0
521,QICNOF__ligand3156-0
522,QICNOF__ligand15168-0
523,QICNOF__ligand845-0
524,QICNOF__ligand45-0
525,QICNOF__ligand24064-0
526,QICNOF__ligand6244-0
527,QICNOF__ligand1378-0
528,QICNOF__ligand23589-0
529,QICNOF__ligand78-0
530,QICNOF__ligand2332-0
531,QICNOF__ligand163-0
532,QICNOF__ligand126-0
533,QICNOF__ligand9441-0
534,QICNOF__ligand3-0
535,QICNOF__ligand26277-0
536,QICNOF__ligand1631-0
537,QICNOF__ligand29898-0
538,QICNOF__ligand10432-0
539,QICNOF__ligand31618-0
540,QICNOF__ligand9933-0
541,QICNOF__ligand11432-0
542,QICNOF__ligand1575-0
543,QICNOF__ligand1530-0
544,QICNOF__ligand22755-0
545,QICNOF__ligand596-0
546,QICNOF__ligand941-0
547,QICNOF__ligand24750-0
548,QICNOF__ligand1823-0
549,QICNOF__ligand5643-0
550,QICNOF__ligand19-0
551,QICNOF__ligand8721-0
552,QICNOF__ligand1324-0
553,QICNOF__ligand18013-0
554,QICNOF__ligand25224-0
555,QICNOF__ligand17945-0
556,QICNOF__ligand9952-0
557,QICNOF__ligand9111-0
558,QICNOF__ligand1615-0
559,QICNOF__ligand2526-0
560,QICNOF__ligand5036-0
561,QICNOF__ligand777-0
562,QICNOF__ligand17207-0
563,QICNOF__ligand31578-0
564,QICNOF__ligand29087-0
565,QICNOF__ligand8992-0
566,QICNOF__ligand9601-0
567,QICNOF__ligand366-0
568,QICNOF__ligand18703-0
569,QICNOF__ligand7967-0
570,QICNOF__ligand15438-0
571,QICNOF__ligand6124-0
572,QICNOF__ligand3707-0
573,QICNOF__ligand187-0
574,QICNOF__ligand28924-0
575,QICNOF__ligand4116-0
576,QICNOF__ligand1018-0
577,QICNOF__ligand24-0
578,QICNOF__ligand657-0
579,QICNOF__ligand13072-0
580,QICNOF__ligand321-0
581,QICNOF__ligand1142-0
582,QICNOF__ligand3234-0
583,QICNOF__ligand12336-0
584,QICNOF__ligand178-0
585,QICNOF__ligand8835-0
586,QICNOF__ligand2028-0
587,QICNOF__ligand185-0
588,QICNOF__ligand7126-0
589,QICNOF__ligand279-0
590,QICNOF__ligand201-0
591,QICNOF__ligand4641-0
592,QICNOF__ligand12682-0
593,QICNOF__ligand18699-0
594,QICNOF__ligand17240-0
595,QICNOF__ligand17590-0
596,QICNOF__ligand4620-0
597,QICNOF__ligand20579-0
598,QICNOF__ligand17710-0
599,QICNOF__ligand11568-0
600,QICNOF__ligand1577-0
601,QICNOF__ligand6067-0
602,QICNOF__ligand21421-0
603,QICNOF__ligand2295-0
604,QICNOF__ligand338-0
605,QICNOF__ligand1-0
606,QICNOF__ligand11774-0
607,QICNOF__ligand14586-0
608,QICNOF__ligand24613-0
609,QICNOF__ligand7819-0
610,QICNOF__ligand2917-0
611,QICNOF__ligand19725-0
612,QICNOF__ligand6102-0
613,QICNOF__ligand6596-0
614,QICNOF__ligand3721-0
615,QICNOF__ligand31483-0
616,QICNOF__ligand6904-0
617,QICNOF__ligand10555-0
618,QICNOF__ligand3465-0
619,QICNOF__ligand12030-0
620,QICNOF__ligand326-0
621,QICNOF__ligand3934-0
622,QICNOF__ligand29879-0
623,QICNOF__ligand14248-0
624,QICNOF__ligand13331-0
625,QICNOF__ligand28884-0
626,QICNOF__ligand6882-0
627,QICNOF__ligand6455-0
628,QICNOF__ligand2403-0
629,QICNOF__ligand31832-0
630,QICNOF__ligand13294-0
631,QICNOF__ligand692-0
632,QICNOF__ligand1449-0
633,QICNOF__ligand3012-0
634,QICNOF__ligand25411-0
635,QICNOF__ligand1065-0
636,QICNOF__ligand7530-0
637,QICNOF__ligand10712-0
638,QICNOF__ligand14174-0
639,QICNOF__ligand9681-0
640,QICNOF__ligand4332-0
641,QICNOF__ligand436-0
642,QICNOF__ligand11456-0
643,QICNOF__ligand38-0
644,QICNOF__ligand5627-0
645,QICNOF__ligand1729-0
646,QICNOF__ligand20682-0
647,QICNOF__ligand2830-0
648,QICNOF__ligand13390-0
649,QICNOF__ligand5316-0
650,QICNOF__ligand5483-0
651,QICNOF__ligand497-0
652,QICNOF__ligand9148-0
653,QICNOF__ligand27482-0
654,QICNOF__ligand26810-0
655,QICNOF__ligand6946-0
656,QICNOF__ligand1415-0
657,QICNOF__ligand7529-0
658,QICNOF__ligand633-0
659,QICNOF__ligand13208-0
660,QICNOF__ligand20419-0
661,QICNOF__ligand300-0
662,QICNOF__ligand17118-0
663,QICNOF__ligand21371-0
664,QICNOF__ligand28789-0
665,QICNOF__ligand3215-0
666,QICNOF__ligand588-0
667,QICNOF__ligand29568-0
668,QICNOF__ligand42-0
669,QICNOF__ligand7107-0
670,QICNOF__ligand30851-0
671,QICNOF__ligand14889-0
672,QICNOF__ligand20539-0
673,QICNOF__ligand6283-0
674,QICNOF__ligand199-0
675,QICNOF__ligand20251-0
676,QICNOF__ligand30702-0
677,QICNOF__ligand20214-0
678,QICNOF__ligand21581-0
679,QICNOF__ligand31097-0
680,QICNOF__ligand4813-0
681,QICNOF__ligand5813-0
682,QICNOF__ligand17261-0
683,QICNOF__ligand4-0
684,QICNOF__ligand4738-0
685,QICNOF__ligand14117-0
686,QICNOF__ligand6062-0
687,QICNOF__ligand7532-0
688,QICNOF__ligand16475-0
689,QICNOF__ligand14703-0
690,QICNOF__ligand4194-0
691,QICNOF__ligand2599-0
692,QICNOF__ligand4330-0
693,QICNOF__ligand20251-1
694,QICNOF__ligand20011-0
695,QICNOF__ligand17278-0
696,QICNOF__ligand1147-0
697,QICNOF__ligand29414-0
698,QICNOF__ligand17982-0
699,QICNOF__ligand409-0
700,QICNOF__ligand3973-0
701,QICNOF__ligand361-0
702,QICNOF__ligand324-0
703,QICNOF__ligand2068-0
704,QICNOF__ligand7925-0
705,QICNOF__ligand17398-0
706,QICNOF__ligand11675-0
707,QICNOF__ligand66-0
708,QICNOF__ligand20598-0
709,QICNOF__ligand22557-0
710,QICNOF__ligand10589-0
711,QICNOF__ligand24047-0
712,QICNOF__ligand2208-0
713,QICNOF__ligand12427-0
714,QICNOF__ligand3208-0
715,QICNOF__ligand20740-0
716,QICNOF__ligand488-0
717,QICNOF__ligand28468-0
718,QICNOF__ligand430-0
719,QICNOF__ligand16628-0
720,QICNOF__ligand358-0
721,QICNOF__ligand9809-0
722,QICNOF__ligand6672-0
723,QICNOF__ligand1327-0
724,QICNOF__ligand8722-0
725,QICNOF__ligand694-0
726,QICNOF__ligand3350-0
727,QICNOF__ligand27460-0
728,QICNOF__ligand7573-0
729,QICNOF__ligand2781-0
730,QICNOF__ligand2328-0
731,QICNOF__ligand30333-0
732,QICNOF__ligand1773-0
733,QICNOF__ligand4581-0
734,QICNOF__ligand3029-0
735,QICNOF__ligand12606-0
736,QICNOF__ligand7162-0
737,QICNOF__ligand30296-0
738,QICNOF__ligand17281-0
739,QICNOF__ligand1900-0
740,QICNOF__ligand26540-0
741,QICNOF__ligand9197-0
742,QICNOF__ligand29410-0
743,QICNOF__ligand12337-0
744,QICNOF__ligand534-0
745,QICNOF__ligand571-0
746,QICNOF__ligand31783-0
747,QICNOF__ligand4131-0
748,QICNOF__ligand1712-0
749,QICNOF__ligand670-0
750,QICNOF__ligand14297-0
751,QICNOF__ligand14603-0
752,QICNOF__ligand17258-0
753,QICNOF__ligand13012-0
754,QICNOF__ligand17631-0
755,QICNOF__ligand5094-0
756,QICNOF__ligand5892-0
757,QICNOF__ligand26665-0
758,QICNOF__ligand1533-0
759,QICNOF__ligand23713-0
760,QICNOF__ligand18832-0
761,QICNOF__ligand27175-0
762,QICNOF__ligand30988-0
763,QICNOF__ligand14723-0
764,QICNOF__ligand1496-0
765,QICNOF__ligand7557-0
766,QICNOF__ligand27893-0
767,QICNOF__ligand15422-0
768,QICNOF__ligand12934-0
769,QICNOF__ligand20578-0
770,QICNOF__ligand19641-0
771,QICNOF__ligand383-0
772,QICNOF__ligand15585-0
773,QICNOF__ligand12401-0
774,QICNOF__ligand24145-0
775,QICNOF__ligand4850-0
776,QICNOF__ligand5056-0
777,QICNOF__ligand416-0
778,QICNOF__ligand10476-0
779,QICNOF__ligand1688-0
780,QICNOF__ligand19830-0
781,QICNOF__ligand3647-0
782,QICNOF__ligand13068-0
783,QICNOF__ligand5357-0
784,QICNOF__ligand13658-0
785,QICNOF__ligand3871-0
786,QICNOF__ligand26702-0
787,QICNOF__ligand12289-0
788,QICNOF__ligand18292-0
789,QICNOF__ligand226-0
790,QICNOF__ligand12130-0
791,QICNOF__ligand17387-0
792,QICNOF__ligand1469-0
793,QICNOF__ligand12231-0
794,QICNOF__ligand162-0
795,QICNOF__ligand1768-0
796,QICNOF__ligand17302-0
797,QICNOF__ligand5935-0
798,QICNOF__ligand1379-0
799,QICNOF__ligand17805-0
800,QICNOF__ligand2722-0
801,QICNOF__ligand3157-0
802,QICNOF__ligand24185-0
803,QICNOF__ligand23769-0
804,QICNOF__ligand1165-0
805,QICNOF__ligand9525-0
806,QICNOF__ligand25178-0
807,QICNOF__ligand3392-0
808,QICNOF__ligand12641-0
809,QICNOF__ligand10958-0
810,QICNOF__ligand1771-0
811,QICNOF__ligand4911-0
812,QICNOF__ligand656-0
813,QICNOF__ligand5849-0
814,QICNOF__ligand14108-0
815,QICNOF__ligand19057-0
816,QICNOF__ligand18814-0
817,QICNOF__ligand2527-0
818,QICNOF__ligand13425-0
819,QICNOF__ligand29302-0
820,QICNOF__ligand8464-0
821,QICNOF__ligand1709-0
822,QICNOF__ligand8349-0
823,QICNOF__ligand18-0
824,QICNOF__ligand10262-0
825,QICNOF__ligand28676-0
826,QICNOF__ligand696-0
827,QICNOF__ligand27763-0
