,TMC
0,BOYKEG__ligand1152-0
1,BOYKEG__ligand193-0
2,BOYKEG__ligand1727-0
3,BOYKEG__ligand830-0
4,BOYKEG__ligand252-0
5,BOYKEG__ligand1607-0
6,BOYKEG__ligand955-0
7,BOYKEG__ligand2862-0
8,BOYKEG__ligand2320-0
9,BOYKEG__ligand1056-0
10,BOYKEG__ligand177-0
11,BOYKEG__ligand934-0
12,BOYKEG__ligand2510-0
13,BOYKEG__ligand8921-0
14,BOYKEG__ligand2285-0
15,BOYKEG__ligand1567-0
16,BOYKEG__ligand2907-0
17,BOYKEG__ligand909-0
18,BOYKEG__ligand851-0
19,BOYKEG__ligand1703-0
20,BOYKEG__ligand2430-0
21,BOYKEG__ligand7464-0
22,BOYKEG__ligand67-0
23,BOYKEG__ligand311-0
24,BOYKEG__ligand1054-0
25,BOYKEG__ligand444-0
26,BOYKEG__ligand369-0
27,BOYKEG__ligand6294-0
28,BOYKEG__ligand188-0
29,BOYKEG__ligand4303-0
30,BOYKEG__ligand1248-0
31,BOYKEG__ligand1598-0
32,BOYKEG__ligand460-0
33,BOYKEG__ligand8774-0
34,BOYKEG__ligand250-0
35,BOYKEG__ligand3637-0
36,BOYKEG__ligand370-0
37,BOYKEG__ligand1169-0
38,BOYKEG__ligand584-0
39,BOYKEG__ligand916-0
40,BOYKEG__ligand5022-0
41,BOYKEG__ligand798-0
42,BOYKEG__ligand421-0
43,BOYKEG__ligand331-0
44,BOYKEG__ligand2838-0
45,BOYKEG__ligand3838-0
46,BOYKEG__ligand1799-0
47,BOYKEG__ligand4-0
48,BOYKEG__ligand2880-0
49,BOYKEG__ligand5941-0
50,BOYKEG__ligand294-0
51,BOYKEG__ligand993-0
52,BOYKEG__ligand6538-0
53,BOYKEG__ligand6151-0
54,BOYKEG__ligand2772-0
55,BOYKEG__ligand9495-0
56,BOYKEG__ligand560-0
57,BOYKEG__ligand525-0
58,BOYKEG__ligand2142-0
59,BOYKEG__ligand109-0
60,BOYKEG__ligand932-0
61,BOYKEG__ligand134-0
62,BOYKEG__ligand235-0
63,BOYKEG__ligand2864-0
64,BOYKEG__ligand390-0
65,BOYKEG__ligand136-0
66,BOYKEG__ligand868-0
67,BOYKEG__ligand1052-0
68,BOYKEG__ligand442-0
69,BOYKEG__ligand352-0
70,BOYKEG__ligand783-0
71,BOYKEG__ligand1273-0
72,BOYKEG__ligand6-0
73,BOYKEG__ligand9027-0
74,BOYKEG__ligand197-0
75,BOYKEG__ligand45-0
76,BOYKEG__ligand6396-0
77,BOYKEG__ligand296-0
78,BOYKEG__ligand1113-0
79,BOYKEG__ligand2265-0
80,BOYKEG__ligand85-0
81,BOYKEG__ligand112-0
82,BOYKEG__ligand1502-0
83,BOYKEG__ligand78-0
84,BOYKEG__ligand4983-0
85,BOYKEG__ligand2794-0
86,BOYKEG__ligand2345-0
87,BOYKEG__ligand1835-0
88,BOYKEG__ligand1148-0
89,BOYKEG__ligand1479-0
90,BOYKEG__ligand355-0
91,BOYKEG__ligand784-0
92,BOYKEG__ligand485-0
93,BOYKEG__ligand3246-0
94,BOYKEG__ligand66-0
95,BOYKEG__ligand1-0
96,BOYKEG__ligand1538-0
97,BOYKEG__ligand1114-0
98,BOYKEG__ligand291-0
99,BOYKEG__ligand9244-0
100,BOYKEG__ligand115-0
101,BOYKEG__ligand1228-0
102,BOYKEG__ligand2634-0
103,BOYKEG__ligand1542-0
104,BOYKEG__ligand38-0
105,BOYKEG__ligand682-0
106,BOYKEG__ligand11730-0
107,BOYKEG__ligand3041-0
108,BOYKEG__ligand2751-0
109,BOYKEG__ligand3-0
110,BOYKEG__ligand40-0
111,BOYKEG__ligand487-0
112,BOYKEG__ligand1747-0
113,BOYKEG__ligand6686-0
114,BOYKEG__ligand5548-0
115,BOYKEG__ligand7915-0
116,BOYKEG__ligand21-0
117,BOYKEG__ligand3145-0
118,BOYKEG__ligand522-0
119,BOYKEG__ligand666-0
120,BOYKEG__ligand133-0
121,BOYKEG__ligand6332-0
122,BOYKEG__ligand3178-0
123,BOYKEG__ligand2863-0
124,BOYKEG__ligand447-0
125,BOYKEG__ligand6502-0
126,BOYKEG__ligand2098-0
127,BOYKEG__ligand4381-0
128,BOYKEG__ligand2629-0
129,BOYKEG__ligand353-0
130,BOYKEG__ligand3734-0
131,BOYKEG__ligand1706-0
132,BOYKEG__ligand18-0
133,BOYKEG__ligand236-0
134,BOYKEG__ligand422-0
135,BOYKEG__ligand2768-0
136,BOYKEG__ligand1376-0
137,BOYKEG__ligand2259-0
138,BOYKEG__ligand2688-0
139,BOYKEG__ligand113-0
140,BOYKEG__ligand502-0
141,BOYKEG__ligand196-0
142,BOYKEG__ligand1687-0
143,BOYKEG__ligand1951-0
144,BOYKEG__ligand6277-0
145,BOYKEG__ligand1685-0
146,BOYKEG__ligand3757-0
147,BOYKEG__ligand1048-0
148,BOYKEG__ligand2087-0
149,BOYKEG__ligand1459-0
150,BOYKEG__ligand210-0
151,BOYKEG__ligand1544-0
152,BOYKEG__ligand86-0
153,BOYKEG__ligand1438-0
154,BOYKEG__ligand3063-0
155,BOYKEG__ligand391-0
156,BOYKEG__ligand5801-0
157,BOYKEG__ligand170-0
158,BOYKEG__ligand62-0
159,BOYKEG__ligand1171-0
160,BOYKEG__ligand481-0
161,BOYKEG__ligand314-0
162,BOYKEG__ligand240-0
163,BOYKEG__ligand1551-0
164,BOYKEG__ligand141-0
165,BOYKEG__ligand2526-0
166,BOYKEG__ligand2707-0
167,BOYKEG__ligand1690-0
168,BOYKEG__ligand2915-0
169,BOYKEG__ligand32-0
170,BOYKEG__ligand3196-0
171,BOYKEG__ligand4012-0
172,BOYKEG__ligand120-0
173,BOYKEG__ligand384-0
174,BOYKEG__ligand48-0
175,BOYKEG__ligand1918-0
176,BOYKEG__ligand757-0
177,BOYKEG__ligand797-0
178,BOYKEG__ligand4175-0
179,BOYKEG__ligand2255-0
180,BOYKEG__ligand1436-0
181,BOYKEG__ligand3618-0
182,BOYKEG__ligand2618-0
183,BOYKEG__ligand51-0
184,BOYKEG__ligand91-0
185,BOYKEG__ligand4370-0
186,BOYKEG__ligand29-0
187,BOYKEG__ligand612-0
188,BOYKEG__ligand7456-0
189,BOYKEG__ligand187-0
190,BOYKEG__ligand55-0
191,BOYKEG__ligand366-0
192,BOYKEG__ligand1818-0
193,BOYKEG__ligand861-0
194,BOYKEG__ligand3478-0
195,BOYKEG__ligand3852-0
196,BOYKEG__ligand95-0
197,BOYKEG__ligand596-0
198,BOYKEG__ligand5758-0
199,BOYKEG__ligand3035-0
200,BOYKEG__ligand3070-0
201,BOYKEG__ligand2718-0
202,BOYKEG__ligand1493-0
203,BOYKEG__ligand126-0
204,BOYKEG__ligand9176-0
205,BOYKEG__ligand34-0
206,BOYKEG__ligand3251-0
207,BOYKEG__ligand4619-0
208,BOYKEG__ligand5235-0
209,BOYKEG__ligand6143-0
210,BOYKEG__ligand119-0
211,BOYKEG__ligand2253-0
212,BOYKEG__ligand1160-0
213,BOYKEG__ligand5093-0
214,BOYKEG__ligand2954-0
215,BOYKEG__ligand73-0
216,BOYKEG__ligand2762-0
217,BOYKEG__ligand10357-0
218,BOYKEG__ligand1038-0
219,BOYKEG__ligand15630-0
220,BOYKEG__ligand7550-0
221,BOYKEG__ligand124-0
222,BOYKEG__ligand7630-0
223,BOYKEG__ligand100-0
224,BOYKEG__ligand1285-0
225,BOYKEG__ligand244-0
226,BOYKEG__ligand201-0
227,BOYKEG__ligand1555-0
228,BOYKEG__ligand279-0
229,BOYKEG__ligand57-0
230,BOYKEG__ligand4423-0
231,BOYKEG__ligand178-0
232,BOYKEG__ligand1907-0
233,BOYKEG__ligand3890-0
234,BOYKEG__ligand321-0
235,BOYKEG__ligand918-0
236,BOYKEG__ligand89-0
237,BOYKEG__ligand3579-0
238,BOYKEG__ligand633-0
239,BOYKEG__ligand2110-0
240,BOYKEG__ligand2916-0
241,BOYKEG__ligand532-0
242,BOYKEG__ligand497-0
243,BOYKEG__ligand1712-0
244,BOYKEG__ligand838-0
245,BOYKEG__ligand2389-0
246,BOYKEG__ligand49-0
247,BOYKEG__ligand166-0
248,BOYKEG__ligand1919-0
249,BOYKEG__ligand436-0
250,BOYKEG__ligand1898-0
251,BOYKEG__ligand3051-0
252,BOYKEG__ligand4504-0
253,BOYKEG__ligand2480-0
254,BOYKEG__ligand2315-0
255,BOYKEG__ligand142-0
256,BOYKEG__ligand5334-0
257,BOYKEG__ligand206-0
258,BOYKEG__ligand553-0
259,BOYKEG__ligand283-0
260,BOYKEG__ligand1858-0
261,BOYKEG__ligand821-0
262,BOYKEG__ligand326-0
263,BOYKEG__ligand8032-0
264,BOYKEG__ligand7414-0
265,BOYKEG__ligand5762-0
266,BOYKEG__ligand1104-0
267,BOYKEG__ligand17-0
268,BOYKEG__ligand361-0
269,BOYKEG__ligand324-0
270,BOYKEG__ligand409-0
271,BOYKEG__ligand1019-0
272,BOYKEG__ligand2442-0
273,BOYKEG__ligand6571-0
274,BOYKEG__ligand1325-0
275,BOYKEG__ligand2482-0
276,BOYKEG__ligand105-0
277,BOYKEG__ligand140-0
278,BOYKEG__ligand92-0
279,BOYKEG__ligand2376-0
280,BOYKEG__ligand8-0
281,BOYKEG__ligand927-0
282,BOYKEG__ligand199-0
283,BOYKEG__ligand2929-0
284,BOYKEG__ligand575-0
285,BOYKEG__ligand1264-0
286,BOYKEG__ligand1221-0
287,BOYKEG__ligand1299-0
288,BOYKEG__ligand6430-0
289,BOYKEG__ligand1379-0
290,BOYKEG__ligand509-0
291,BOYKEG__ligand1449-1
292,BOYKEG__ligand4811-0
293,BOYKEG__ligand3337-0
294,BOYKEG__ligand7514-0
295,BOYKEG__ligand14530-0
296,BOYKEG__ligand670-0
297,BOYKEG__ligand118-0
298,BOYKEG__ligand9620-0
299,BOYKEG__ligand571-0
300,BOYKEG__ligand4894-0
301,BOYKEG__ligand1260-0
302,BOYKEG__ligand1788-0
303,BOYKEG__ligand365-0
304,BOYKEG__ligand278-0
305,BOYKEG__ligand10910-0
306,BOYKEG__ligand1178-0
307,BOYKEG__ligand3566-0
308,BOYKEG__ligand669-0
309,BOYKEG__ligand1321-0
310,BOYKEG__ligand358-0
311,BOYKEG__ligand430-0
312,BOYKEG__ligand5089-0
313,BOYKEG__ligand2599-0
314,BOYKEG__ligand10114-0
315,BOYKEG__ligand3853-0
316,BOYKEG__ligand2853-0
317,BOYKEG__ligand6166-0
318,BOYKEG__ligand11-0
319,BOYKEG__ligand1246-0
320,BOYKEG__ligand10479-0
321,BOYKEG__ligand162-0
322,BOYKEG__ligand226-0
323,BOYKEG__ligand1307-0
324,BOYKEG__ligand383-0
