,TMC
0,YOXXAK__ligand23713-0
1,YOXXAK__ligand152-0
2,YOXXAK__ligand27175-0
3,YOXXAK__ligand18832-0
4,YOXXAK__ligand4332-0
5,YOXXAK__ligand9681-0
6,YOXXAK__ligand91-0
7,YOXXAK__ligand30988-0
8,YOXXAK__ligand7530-0
9,YOXXAK__ligand1065-0
10,YOXXAK__ligand14723-0
11,YOXXAK__ligand27893-0
12,YOXXAK__ligand12934-0
13,YOXXAK__ligand20578-0
14,YOXXAK__ligand15422-0
15,YOXXAK__ligand3012-0
16,YOXXAK__ligand19641-0
17,YOXXAK__ligand1449-0
18,YOXXAK__ligand31783-0
19,YOXXAK__ligand2403-0
20,YOXXAK__ligand6882-0
21,YOXXAK__ligand14603-0
22,YOXXAK__ligand14297-0
23,YOXXAK__ligand6455-0
24,YOXXAK__ligand1-0
25,YOXXAK__ligand17258-0
26,YOXXAK__ligand506-0
27,YOXXAK__ligand13012-0
28,YOXXAK__ligand3934-0
29,YOXXAK__ligand17631-0
30,YOXXAK__ligand51-0
31,YOXXAK__ligand26665-0
32,YOXXAK__ligand7529-0
33,YOXXAK__ligand30333-0
34,YOXXAK__ligand6946-0
35,YOXXAK__ligand1415-0
36,YOXXAK__ligand12606-0
37,YOXXAK__ligand487-0
38,YOXXAK__ligand30296-0
39,YOXXAK__ligand9148-0
40,YOXXAK__ligand17281-0
41,YOXXAK__ligand26540-0
42,YOXXAK__ligand29410-0
43,YOXXAK__ligand12337-0
44,YOXXAK__ligand12427-0
45,YOXXAK__ligand5483-0
46,YOXXAK__ligand28468-0
47,YOXXAK__ligand20740-0
48,YOXXAK__ligand5316-0
49,YOXXAK__ligand48-0
50,YOXXAK__ligand16628-0
51,YOXXAK__ligand176-0
52,YOXXAK__ligand746-0
53,YOXXAK__ligand2830-0
54,YOXXAK__ligand1729-0
55,YOXXAK__ligand447-0
56,YOXXAK__ligand27460-0
57,YOXXAK__ligand5627-0
58,YOXXAK__ligand19057-0
59,YOXXAK__ligand18814-0
60,YOXXAK__ligand6062-0
61,YOXXAK__ligand4738-0
62,YOXXAK__ligand5813-0
63,YOXXAK__ligand29302-0
64,YOXXAK__ligand13425-0
65,YOXXAK__ligand4813-0
66,YOXXAK__ligand368-0
67,YOXXAK__ligand28676-0
68,YOXXAK__ligand10262-0
69,YOXXAK__ligand6283-0
70,YOXXAK__ligand395-0
71,YOXXAK__ligand27763-0
72,YOXXAK__ligand12641-0
73,YOXXAK__ligand7107-0
74,YOXXAK__ligand10958-0
75,YOXXAK__ligand784-0
76,YOXXAK__ligand3215-0
77,YOXXAK__ligand14108-0
78,YOXXAK__ligand32-0
79,YOXXAK__ligand17302-0
80,YOXXAK__ligand7925-0
81,YOXXAK__ligand17805-0
82,YOXXAK__ligand2068-0
83,YOXXAK__ligand833-0
84,YOXXAK__ligand24185-0
85,YOXXAK__ligand16-0
86,YOXXAK__ligand23769-0
87,YOXXAK__ligand3973-0
88,YOXXAK__ligand1147-0
89,YOXXAK__ligand3-0
90,YOXXAK__ligand25178-0
91,YOXXAK__ligand12401-0
92,YOXXAK__ligand15585-0
93,YOXXAK__ligand24145-0
94,YOXXAK__ligand10476-0
95,YOXXAK__ligand4330-0
96,YOXXAK__ligand115-0
97,YOXXAK__ligand13068-0
98,YOXXAK__ligand19830-0
99,YOXXAK__ligand2599-0
100,YOXXAK__ligand26702-0
101,YOXXAK__ligand13658-0
102,YOXXAK__ligand18292-0
103,YOXXAK__ligand12289-0
104,YOXXAK__ligand17387-0
105,YOXXAK__ligand12130-0
106,YOXXAK__ligand4194-0
107,YOXXAK__ligand12231-0
108,YOXXAK__ligand7532-0
109,YOXXAK__ligand9197-0
110,YOXXAK__ligand1900-0
111,YOXXAK__ligand57-0
112,YOXXAK__ligand314-1
113,YOXXAK__ligand7162-0
114,YOXXAK__ligand27482-0
115,YOXXAK__ligand26810-0
116,YOXXAK__ligand3029-0
117,YOXXAK__ligand1773-0
118,YOXXAK__ligand4581-0
119,YOXXAK__ligand2328-0
120,YOXXAK__ligand13208-0
121,YOXXAK__ligand465-0
122,YOXXAK__ligand7573-0
123,YOXXAK__ligand2781-0
124,YOXXAK__ligand3350-0
125,YOXXAK__ligand8722-0
126,YOXXAK__ligand20682-0
127,YOXXAK__ligand6672-0
128,YOXXAK__ligand9809-0
129,YOXXAK__ligand1327-0
130,YOXXAK__ligand13390-0
131,YOXXAK__ligand3208-0
132,YOXXAK__ligand2208-0
133,YOXXAK__ligand391-0
134,YOXXAK__ligand25411-0
135,YOXXAK__ligand7557-0
136,YOXXAK__ligand1496-0
137,YOXXAK__ligand10712-0
138,YOXXAK__ligand14174-0
139,YOXXAK__ligand11456-0
140,YOXXAK__ligand1533-0
141,YOXXAK__ligand618-0
142,YOXXAK__ligand5094-0
143,YOXXAK__ligand12030-0
144,YOXXAK__ligand5892-0
145,YOXXAK__ligand14248-0
146,YOXXAK__ligand29879-0
147,YOXXAK__ligand13331-0
148,YOXXAK__ligand28884-0
149,YOXXAK__ligand780-0
150,YOXXAK__ligand314-0
151,YOXXAK__ligand4131-0
152,YOXXAK__ligand1712-0
153,YOXXAK__ligand813-0
154,YOXXAK__ligand31832-0
155,YOXXAK__ligand13294-0
156,YOXXAK__ligand20011-0
157,YOXXAK__ligand17278-0
158,YOXXAK__ligand9525-0
159,YOXXAK__ligand29414-0
160,YOXXAK__ligand1165-0
161,YOXXAK__ligand17982-0
162,YOXXAK__ligand34-0
163,YOXXAK__ligand3157-0
164,YOXXAK__ligand2722-0
165,YOXXAK__ligand17398-0
166,YOXXAK__ligand1379-0
167,YOXXAK__ligand11675-0
168,YOXXAK__ligand20598-0
169,YOXXAK__ligand5935-0
170,YOXXAK__ligand10589-0
171,YOXXAK__ligand22557-0
172,YOXXAK__ligand24047-0
173,YOXXAK__ligand353-0
174,YOXXAK__ligand1768-0
175,YOXXAK__ligand16475-0
176,YOXXAK__ligand14703-0
177,YOXXAK__ligand393-0
178,YOXXAK__ligand1469-0
179,YOXXAK__ligand3871-0
180,YOXXAK__ligand5357-0
181,YOXXAK__ligand3647-0
182,YOXXAK__ligand1688-0
183,YOXXAK__ligand5056-0
184,YOXXAK__ligand20251-1
185,YOXXAK__ligand4850-0
186,YOXXAK__ligand20539-0
187,YOXXAK__ligand30702-0
188,YOXXAK__ligand20214-0
189,YOXXAK__ligand20251-0
190,YOXXAK__ligand8349-0
191,YOXXAK__ligand1709-0
192,YOXXAK__ligand422-0
193,YOXXAK__ligand21581-0
194,YOXXAK__ligand31097-0
195,YOXXAK__ligand8464-0
196,YOXXAK__ligand686-0
197,YOXXAK__ligand17261-0
198,YOXXAK__ligand2527-0
199,YOXXAK__ligand14117-0
200,YOXXAK__ligand68-0
201,YOXXAK__ligand20419-0
202,YOXXAK__ligand17118-0
203,YOXXAK__ligand55-0
204,YOXXAK__ligand21371-0
205,YOXXAK__ligand5849-0
206,YOXXAK__ligand28789-0
207,YOXXAK__ligand196-0
208,YOXXAK__ligand29568-0
209,YOXXAK__ligand1771-0
210,YOXXAK__ligand4911-0
211,YOXXAK__ligand30851-0
212,YOXXAK__ligand14889-0
213,YOXXAK__ligand3392-0
214,YOXXAK__ligand29087-0
215,YOXXAK__ligand564-0
216,YOXXAK__ligand1263-0
217,YOXXAK__ligand9908-0
218,YOXXAK__ligand370-1
219,YOXXAK__ligand18703-0
220,YOXXAK__ligand620-0
221,YOXXAK__ligand15438-0
222,YOXXAK__ligand7106-0
223,YOXXAK__ligand28924-0
224,YOXXAK__ligand311-0
225,YOXXAK__ligand785-0
226,YOXXAK__ligand479-0
227,YOXXAK__ligand7242-0
228,YOXXAK__ligand1844-0
229,YOXXAK__ligand4661-0
230,YOXXAK__ligand24750-0
231,YOXXAK__ligand6616-0
232,YOXXAK__ligand1343-0
233,YOXXAK__ligand3876-0
234,YOXXAK__ligand3035-0
235,YOXXAK__ligand3718-0
236,YOXXAK__ligand9935-0
237,YOXXAK__ligand25224-0
238,YOXXAK__ligand18013-0
239,YOXXAK__ligand17945-0
240,YOXXAK__ligand1573-0
241,YOXXAK__ligand1536-0
242,YOXXAK__ligand1959-0
243,YOXXAK__ligand17207-0
244,YOXXAK__ligand3504-0
245,YOXXAK__ligand31578-0
246,YOXXAK__ligand188-0
247,YOXXAK__ligand6919-0
248,YOXXAK__ligand2485-0
249,YOXXAK__ligand3852-0
250,YOXXAK__ligand3565-0
251,YOXXAK__ligand29898-0
252,YOXXAK__ligand250-0
253,YOXXAK__ligand26277-0
254,YOXXAK__ligand5331-0
255,YOXXAK__ligand10432-0
256,YOXXAK__ligand11432-0
257,YOXXAK__ligand1512-0
258,YOXXAK__ligand31618-0
259,YOXXAK__ligand22755-0
260,YOXXAK__ligand17-0
261,YOXXAK__ligand6839-0
262,YOXXAK__ligand3131-0
263,YOXXAK__ligand3174-0
264,YOXXAK__ligand3937-0
265,YOXXAK__ligand1202-0
266,YOXXAK__ligand8969-0
267,YOXXAK__ligand15168-0
268,YOXXAK__ligand4720-0
269,YOXXAK__ligand3094-0
270,YOXXAK__ligand4155-0
271,YOXXAK__ligand24064-0
272,YOXXAK__ligand370-0
273,YOXXAK__ligand23589-0
274,YOXXAK__ligand5211-0
275,YOXXAK__ligand2232-0
276,YOXXAK__ligand193-0
277,YOXXAK__ligand24613-0
278,YOXXAK__ligand2176-0
279,YOXXAK__ligand19725-0
280,YOXXAK__ligand9291-0
281,YOXXAK__ligand7648-0
282,YOXXAK__ligand2828-0
283,YOXXAK__ligand8876-0
284,YOXXAK__ligand31483-0
285,YOXXAK__ligand9833-0
286,YOXXAK__ligand830-0
287,YOXXAK__ligand10555-0
288,YOXXAK__ligand5256-0
289,YOXXAK__ligand372-0
290,YOXXAK__ligand4157-0
291,YOXXAK__ligand20579-0
292,YOXXAK__ligand17710-0
293,YOXXAK__ligand4546-0
294,YOXXAK__ligand4503-0
295,YOXXAK__ligand11568-0
296,YOXXAK__ligand21421-0
297,YOXXAK__ligand116-0
298,YOXXAK__ligand6768-0
299,YOXXAK__ligand8115-0
300,YOXXAK__ligand7000-0
301,YOXXAK__ligand1982-0
302,YOXXAK__ligand252-0
303,YOXXAK__ligand1285-0
304,YOXXAK__ligand14586-0
305,YOXXAK__ligand11774-0
306,YOXXAK__ligand7280-0
307,YOXXAK__ligand1304-0
308,YOXXAK__ligand1790-0
309,YOXXAK__ligand7238-0
310,YOXXAK__ligand18699-0
311,YOXXAK__ligand12682-0
312,YOXXAK__ligand17240-0
313,YOXXAK__ligand4016-0
314,YOXXAK__ligand17590-0
315,YOXXAK__ligand7867-0
316,YOXXAK__ligand49-0
317,YOXXAK__ligand177-0
318,YOXXAK__ligand1219-0
319,YOXXAK__ligand6709-0
320,YOXXAK__ligand13072-0
321,YOXXAK__ligand3954-0
322,YOXXAK__ligand4442-0
323,YOXXAK__ligand909-0
324,YOXXAK__ligand4093-0
325,YOXXAK__ligand9520-0
326,YOXXAK__ligand89-0
327,YOXXAK__ligand1160-0
328,YOXXAK__ligand8699-0
329,YOXXAK__ligand12336-0
330,YOXXAK__ligand9784-0
331,YOXXAK__ligand4272-0
332,YOXXAK__ligand1451-0
333,YOXXAK__ligand7629-0
334,YOXXAK__ligand10084-0
335,YOXXAK__ligand1575-0
336,YOXXAK__ligand1530-0
337,YOXXAK__ligand9933-0
338,YOXXAK__ligand25267-0
339,YOXXAK__ligand12467-0
340,YOXXAK__ligand1631-0
341,YOXXAK__ligand21936-0
342,YOXXAK__ligand9441-0
343,YOXXAK__ligand2332-0
344,YOXXAK__ligand13257-0
345,YOXXAK__ligand23904-0
346,YOXXAK__ligand868-0
347,YOXXAK__ligand27074-0
348,YOXXAK__ligand1378-0
349,YOXXAK__ligand6244-0
350,YOXXAK__ligand20599-0
351,YOXXAK__ligand22981-0
352,YOXXAK__ligand25805-0
353,YOXXAK__ligand783-0
354,YOXXAK__ligand352-0
355,YOXXAK__ligand18391-0
356,YOXXAK__ligand3156-0
357,YOXXAK__ligand14523-0
358,YOXXAK__ligand27169-0
359,YOXXAK__ligand2915-0
360,YOXXAK__ligand1018-0
361,YOXXAK__ligand16791-0
362,YOXXAK__ligand4116-0
363,YOXXAK__ligand28668-0
364,YOXXAK__ligand6124-0
365,YOXXAK__ligand3707-0
366,YOXXAK__ligand7967-0
367,YOXXAK__ligand9601-0
368,YOXXAK__ligand11-0
369,YOXXAK__ligand4-0
370,YOXXAK__ligand18799-0
371,YOXXAK__ligand18465-0
372,YOXXAK__ligand8992-0
373,YOXXAK__ligand197-0
374,YOXXAK__ligand2526-0
375,YOXXAK__ligand5036-0
376,YOXXAK__ligand1615-0
377,YOXXAK__ligand9952-0
378,YOXXAK__ligand9111-0
379,YOXXAK__ligand13869-0
380,YOXXAK__ligand18074-0
381,YOXXAK__ligand69-0
382,YOXXAK__ligand29863-0
383,YOXXAK__ligand1324-0
384,YOXXAK__ligand29610-0
385,YOXXAK__ligand8721-0
386,YOXXAK__ligand5643-0
387,YOXXAK__ligand11140-0
388,YOXXAK__ligand1823-0
389,YOXXAK__ligand685-0
390,YOXXAK__ligand421-0
391,YOXXAK__ligand25735-0
392,YOXXAK__ligand12519-0
393,YOXXAK__ligand4641-0
394,YOXXAK__ligand23124-0
395,YOXXAK__ligand11206-0
396,YOXXAK__ligand7126-0
397,YOXXAK__ligand12660-0
398,YOXXAK__ligand2028-0
399,YOXXAK__ligand8835-0
400,YOXXAK__ligand13209-0
401,YOXXAK__ligand19257-0
402,YOXXAK__ligand25650-0
403,YOXXAK__ligand31248-0
404,YOXXAK__ligand1142-0
405,YOXXAK__ligand3234-0
406,YOXXAK__ligand294-0
407,YOXXAK__ligand3465-0
408,YOXXAK__ligand27835-0
409,YOXXAK__ligand6102-0
410,YOXXAK__ligand3721-0
411,YOXXAK__ligand6904-0
412,YOXXAK__ligand6596-0
413,YOXXAK__ligand12295-0
414,YOXXAK__ligand25689-0
415,YOXXAK__ligand2917-0
416,YOXXAK__ligand25575-0
417,YOXXAK__ligand7819-0
418,YOXXAK__ligand21787-0
419,YOXXAK__ligand560-0
420,YOXXAK__ligand235-0
421,YOXXAK__ligand30539-0
422,YOXXAK__ligand134-0
423,YOXXAK__ligand2295-0
424,YOXXAK__ligand1577-0
425,YOXXAK__ligand6067-0
426,YOXXAK__ligand23906-0
427,YOXXAK__ligand11166-0
428,YOXXAK__ligand4620-0
429,YOXXAK__ligand21132-0
430,YOXXAK__ligand2221-0
431,YOXXAK__ligand43-0
432,YOXXAK__ligand4358-0
433,YOXXAK__ligand3926-0
434,YOXXAK__ligand3120-0
435,YOXXAK__ligand30004-0
436,YOXXAK__ligand20557-0
437,YOXXAK__ligand5595-0
438,YOXXAK__ligand409-0
439,YOXXAK__ligand4101-0
440,YOXXAK__ligand361-0
441,YOXXAK__ligand324-0
442,YOXXAK__ligand21940-0
443,YOXXAK__ligand25048-0
444,YOXXAK__ligand9773-0
445,YOXXAK__ligand1376-0
446,YOXXAK__ligand5510-0
447,YOXXAK__ligand13755-0
448,YOXXAK__ligand16133-0
449,YOXXAK__ligand1197-0
450,YOXXAK__ligand8592-0
451,YOXXAK__ligand27122-0
452,YOXXAK__ligand20432-0
453,YOXXAK__ligand5099-0
454,YOXXAK__ligand1296-0
455,YOXXAK__ligand2259-0
456,YOXXAK__ligand24953-0
457,YOXXAK__ligand23445-0
458,YOXXAK__ligand3867-0
459,YOXXAK__ligand1317-0
460,YOXXAK__ligand7293-0
461,YOXXAK__ligand2822-0
462,YOXXAK__ligand14339-0
463,YOXXAK__ligand13691-0
464,YOXXAK__ligand30788-0
465,YOXXAK__ligand2238-0
466,YOXXAK__ligand21752-0
467,YOXXAK__ligand199-0
468,YOXXAK__ligand9167-0
469,YOXXAK__ligand5304-0
470,YOXXAK__ligand5080-0
471,YOXXAK__ligand7762-0
472,YOXXAK__ligand588-0
473,YOXXAK__ligand67-0
474,YOXXAK__ligand24560-0
475,YOXXAK__ligand18757-0
476,YOXXAK__ligand24624-0
477,YOXXAK__ligand18413-0
478,YOXXAK__ligand20844-0
479,YOXXAK__ligand300-0
480,YOXXAK__ligand8002-0
481,YOXXAK__ligand5509-0
482,YOXXAK__ligand1407-0
483,YOXXAK__ligand6117-0
484,YOXXAK__ligand27550-0
485,YOXXAK__ligand5383-0
486,YOXXAK__ligand2693-0
487,YOXXAK__ligand633-0
488,YOXXAK__ligand3945-0
489,YOXXAK__ligand3736-0
490,YOXXAK__ligand497-0
491,YOXXAK__ligand8000-0
492,YOXXAK__ligand14007-0
493,YOXXAK__ligand9344-0
494,YOXXAK__ligand18019-1
495,YOXXAK__ligand9883-0
496,YOXXAK__ligand23682-0
497,YOXXAK__ligand3677-1
498,YOXXAK__ligand29565-0
499,YOXXAK__ligand27771-0
500,YOXXAK__ligand7291-0
501,YOXXAK__ligand18158-0
502,YOXXAK__ligand14226-0
503,YOXXAK__ligand21339-0
504,YOXXAK__ligand16956-0
505,YOXXAK__ligand9299-0
506,YOXXAK__ligand20942-1
507,YOXXAK__ligand4007-0
508,YOXXAK__ligand2985-0
509,YOXXAK__ligand8-0
510,YOXXAK__ligand14477-0
511,YOXXAK__ligand17069-0
512,YOXXAK__ligand17445-0
513,YOXXAK__ligand436-0
514,YOXXAK__ligand6699-0
515,YOXXAK__ligand20731-0
516,YOXXAK__ligand1168-0
517,YOXXAK__ligand692-0
518,YOXXAK__ligand29334-0
519,YOXXAK__ligand1294-0
520,YOXXAK__ligand12413-0
521,YOXXAK__ligand11798-0
522,YOXXAK__ligand3677-0
523,YOXXAK__ligand3632-0
524,YOXXAK__ligand1211-0
525,YOXXAK__ligand21448-0
526,YOXXAK__ligand6892-0
527,YOXXAK__ligand11758-0
528,YOXXAK__ligand22357-0
529,YOXXAK__ligand1499-0
530,YOXXAK__ligand326-0
531,YOXXAK__ligand2881-0
532,YOXXAK__ligand29214-0
533,YOXXAK__ligand1464-0
534,YOXXAK__ligand11501-0
535,YOXXAK__ligand3712-0
536,YOXXAK__ligand11544-0
537,YOXXAK__ligand9943-0
538,YOXXAK__ligand1228-0
539,YOXXAK__ligand78-0
540,YOXXAK__ligand696-0
541,YOXXAK__ligand1604-0
542,YOXXAK__ligand1832-0
543,YOXXAK__ligand8788-0
544,YOXXAK__ligand10151-0
545,YOXXAK__ligand2043-0
546,YOXXAK__ligand19906-0
547,YOXXAK__ligand19668-0
548,YOXXAK__ligand2417-0
549,YOXXAK__ligand1114-0
550,YOXXAK__ligand22353-0
551,YOXXAK__ligand3126-0
552,YOXXAK__ligand6391-0
553,YOXXAK__ligand9284-0
554,YOXXAK__ligand45-0
555,YOXXAK__ligand656-0
556,YOXXAK__ligand24851-0
557,YOXXAK__ligand13657-0
558,YOXXAK__ligand14347-0
559,YOXXAK__ligand14302-0
560,YOXXAK__ligand11698-0
561,YOXXAK__ligand20530-0
562,YOXXAK__ligand24-0
563,YOXXAK__ligand11479-0
564,YOXXAK__ligand27610-0
565,YOXXAK__ligand10479-0
566,YOXXAK__ligand1289-0
567,YOXXAK__ligand5387-0
568,YOXXAK__ligand2203-0
569,YOXXAK__ligand10853-0
570,YOXXAK__ligand29441-0
571,YOXXAK__ligand226-0
572,YOXXAK__ligand1599-0
573,YOXXAK__ligand19-0
574,YOXXAK__ligand16952-0
575,YOXXAK__ligand29813-0
576,YOXXAK__ligand2612-0
577,YOXXAK__ligand162-0
578,YOXXAK__ligand20220-0
579,YOXXAK__ligand383-0
580,YOXXAK__ligand20121-0
581,YOXXAK__ligand416-0
582,YOXXAK__ligand9450-0
583,YOXXAK__ligand15387-0
584,YOXXAK__ligand3178-0
585,YOXXAK__ligand31205-0
586,YOXXAK__ligand4807-0
587,YOXXAK__ligand25658-0
588,YOXXAK__ligand17686-0
589,YOXXAK__ligand11177-0
590,YOXXAK__ligand7196-0
591,YOXXAK__ligand5159-0
592,YOXXAK__ligand1356-0
593,YOXXAK__ligand1787-0
594,YOXXAK__ligand15455-0
595,YOXXAK__ligand5530-0
596,YOXXAK__ligand9753-0
597,YOXXAK__ligand16870-0
598,YOXXAK__ligand4649-0
599,YOXXAK__ligand2788-0
600,YOXXAK__ligand5649-0
601,YOXXAK__ligand8793-0
602,YOXXAK__ligand11622-0
603,YOXXAK__ligand3244-0
604,YOXXAK__ligand11814-0
605,YOXXAK__ligand4711-0
606,YOXXAK__ligand534-0
607,YOXXAK__ligand571-0
608,YOXXAK__ligand2906-0
609,YOXXAK__ligand16603-0
610,YOXXAK__ligand670-0
611,YOXXAK__ligand7273-0
612,YOXXAK__ligand11606-0
613,YOXXAK__ligand9323-0
614,YOXXAK__ligand7172-0
615,YOXXAK__ligand31000-0
616,YOXXAK__ligand26673-0
617,YOXXAK__ligand8612-0
618,YOXXAK__ligand2124-0
619,YOXXAK__ligand20821-0
620,YOXXAK__ligand2260-0
621,YOXXAK__ligand7092-0
622,YOXXAK__ligand1116-0
623,YOXXAK__ligand3225-0
624,YOXXAK__ligand1153-0
625,YOXXAK__ligand7316-0
626,YOXXAK__ligand5708-0
627,YOXXAK__ligand694-0
628,YOXXAK__ligand6017-0
629,YOXXAK__ligand18067-0
630,YOXXAK__ligand19824-0
631,YOXXAK__ligand11252-0
632,YOXXAK__ligand488-0
633,YOXXAK__ligand5180-0
634,YOXXAK__ligand430-0
635,YOXXAK__ligand13260-0
636,YOXXAK__ligand358-0
637,YOXXAK__ligand10582-0
638,YOXXAK__ligand122-0
639,YOXXAK__ligand26529-0
640,YOXXAK__ligand11618-0
641,YOXXAK__ligand1015-0
642,YOXXAK__ligand1050-0
643,YOXXAK__ligand757-0
644,YOXXAK__ligand2027-0
645,YOXXAK__ligand4262-0
646,YOXXAK__ligand19927-0
647,YOXXAK__ligand14043-0
648,YOXXAK__ligand1028-0
649,YOXXAK__ligand26324-0
650,YOXXAK__ligand28559-0
651,YOXXAK__ligand1618-0
652,YOXXAK__ligand27239-0
653,YOXXAK__ligand2692-0
654,YOXXAK__ligand21729-0
655,YOXXAK__ligand1498-0
656,YOXXAK__ligand29215-0
657,YOXXAK__ligand4596-0
658,YOXXAK__ligand12003-0
659,YOXXAK__ligand9615-0
660,YOXXAK__ligand26631-0
661,YOXXAK__ligand16148-0
662,YOXXAK__ligand10872-0
663,YOXXAK__ligand21399-0
664,YOXXAK__ligand1154-0
665,YOXXAK__ligand22403-0
666,YOXXAK__ligand693-0
667,YOXXAK__ligand1169-0
668,YOXXAK__ligand8529-0
669,YOXXAK__ligand38-0
670,YOXXAK__ligand27754-0
671,YOXXAK__ligand20695-0
672,YOXXAK__ligand11111-0
673,YOXXAK__ligand28540-0
674,YOXXAK__ligand16369-0
675,YOXXAK__ligand13385-0
676,YOXXAK__ligand8593-0
677,YOXXAK__ligand9944-0
678,YOXXAK__ligand141-0
679,YOXXAK__ligand14569-0
680,YOXXAK__ligand22444-0
681,YOXXAK__ligand240-0
682,YOXXAK__ligand24111-0
683,YOXXAK__ligand11587-0
684,YOXXAK__ligand13220-0
685,YOXXAK__ligand7566-0
686,YOXXAK__ligand15788-0
687,YOXXAK__ligand23175-0
688,YOXXAK__ligand17396-0
689,YOXXAK__ligand2001-0
690,YOXXAK__ligand30728-0
691,YOXXAK__ligand5201-0
692,YOXXAK__ligand27840-0
693,YOXXAK__ligand24872-0
694,YOXXAK__ligand24644-0
695,YOXXAK__ligand8553-0
696,YOXXAK__ligand10033-0
697,YOXXAK__ligand1113-0
698,YOXXAK__ligand42-0
699,YOXXAK__ligand12001-0
700,YOXXAK__ligand11949-0
701,YOXXAK__ligand4161-0
702,YOXXAK__ligand3471-0
703,YOXXAK__ligand4124-0
704,YOXXAK__ligand24780-0
705,YOXXAK__ligand12138-0
706,YOXXAK__ligand22129-0
707,YOXXAK__ligand768-0
708,YOXXAK__ligand5415-0
709,YOXXAK__ligand66-0
710,YOXXAK__ligand25561-0
711,YOXXAK__ligand31694-0
712,YOXXAK__ligand3180-0
713,YOXXAK__ligand29486-0
714,YOXXAK__ligand4340-0
715,YOXXAK__ligand2281-0
716,YOXXAK__ligand2650-0
717,YOXXAK__ligand2823-0
718,YOXXAK__ligand384-0
719,YOXXAK__ligand6995-0
720,YOXXAK__ligand17427-0
721,YOXXAK__ligand12365-0
722,YOXXAK__ligand5755-0
723,YOXXAK__ligand10056-0
724,YOXXAK__ligand4710-0
725,YOXXAK__ligand28743-0
726,YOXXAK__ligand5085-0
727,YOXXAK__ligand15531-0
728,YOXXAK__ligand3144-0
729,YOXXAK__ligand13862-0
730,YOXXAK__ligand11357-0
731,YOXXAK__ligand8042-0
732,YOXXAK__ligand22294-0
733,YOXXAK__ligand22168-0
734,YOXXAK__ligand28930-0
735,YOXXAK__ligand6112-0
736,YOXXAK__ligand1828-0
737,YOXXAK__ligand7213-0
738,YOXXAK__ligand1397-0
739,YOXXAK__ligand21919-0
740,YOXXAK__ligand338-0
741,YOXXAK__ligand11970-0
742,YOXXAK__ligand5630-0
743,YOXXAK__ligand1786-0
744,YOXXAK__ligand15883-0
745,YOXXAK__ligand24230-0
746,YOXXAK__ligand11447-0
747,YOXXAK__ligand3285-0
748,YOXXAK__ligand11096-0
749,YOXXAK__ligand4795-0
750,YOXXAK__ligand28810-0
751,YOXXAK__ligand10828-0
752,YOXXAK__ligand19792-0
753,YOXXAK__ligand1908-0
754,YOXXAK__ligand15926-0
755,YOXXAK__ligand30711-0
756,YOXXAK__ligand20207-0
757,YOXXAK__ligand11682-0
758,YOXXAK__ligand6663-0
759,YOXXAK__ligand5515-0
760,YOXXAK__ligand1831-0
761,YOXXAK__ligand5280-0
762,YOXXAK__ligand5614-0
763,YOXXAK__ligand25913-0
764,YOXXAK__ligand16988-0
765,YOXXAK__ligand201-0
766,YOXXAK__ligand16663-0
767,YOXXAK__ligand1216-0
768,YOXXAK__ligand178-0
769,YOXXAK__ligand185-0
770,YOXXAK__ligand5019-0
771,YOXXAK__ligand1152-0
772,YOXXAK__ligand279-0
773,YOXXAK__ligand14614-0
774,YOXXAK__ligand3261-0
775,YOXXAK__ligand24035-0
776,YOXXAK__ligand321-0
777,YOXXAK__ligand1849-0
778,YOXXAK__ligand11994-0
779,YOXXAK__ligand31044-0
780,YOXXAK__ligand31842-0
781,YOXXAK__ligand1150-0
782,YOXXAK__ligand187-0
783,YOXXAK__ligand10371-0
784,YOXXAK__ligand657-0
785,YOXXAK__ligand1539-0
786,YOXXAK__ligand4207-0
787,YOXXAK__ligand13672-0
788,YOXXAK__ligand366-0
789,YOXXAK__ligand18568-0
790,YOXXAK__ligand28685-0
791,YOXXAK__ligand3453-0
792,YOXXAK__ligand3416-0
793,YOXXAK__ligand19184-0
794,YOXXAK__ligand3042-0
795,YOXXAK__ligand777-0
796,YOXXAK__ligand596-0
797,YOXXAK__ligand941-0
798,YOXXAK__ligand8200-0
799,YOXXAK__ligand7438-0
800,YOXXAK__ligand28459-0
801,YOXXAK__ligand4063-0
802,YOXXAK__ligand12453-0
803,YOXXAK__ligand18448-0
804,YOXXAK__ligand9750-0
805,YOXXAK__ligand1779-0
806,YOXXAK__ligand6993-0
807,YOXXAK__ligand1817-0
808,YOXXAK__ligand3980-0
809,YOXXAK__ligand14167-0
810,YOXXAK__ligand13477-0
811,YOXXAK__ligand3557-0
812,YOXXAK__ligand1149-0
813,YOXXAK__ligand18-0
814,YOXXAK__ligand7075-0
815,YOXXAK__ligand27669-0
816,YOXXAK__ligand30142-0
817,YOXXAK__ligand163-0
818,YOXXAK__ligand126-0
819,YOXXAK__ligand29029-0
820,YOXXAK__ligand27285-0
821,YOXXAK__ligand1288-0
822,YOXXAK__ligand4167-0
823,YOXXAK__ligand23197-0
824,YOXXAK__ligand4266-0
825,YOXXAK__ligand1400-0
826,YOXXAK__ligand845-0
827,YOXXAK__ligand9491-0
