,TMC
0,SOTQEA__ligand4358-0
1,SOTQEA__ligand3120-0
2,SOTQEA__ligand3926-0
3,SOTQEA__ligand2221-0
4,SOTQEA__ligand30004-0
5,SOTQEA__ligand20557-0
6,SOTQEA__ligand5595-0
7,SOTQEA__ligand4101-0
8,SOTQEA__ligand9773-0
9,SOTQEA__ligand1376-0
10,SOTQEA__ligand24953-0
11,SOTQEA__ligand5510-0
12,SOTQEA__ligand23445-0
13,SOTQEA__ligand13755-0
14,SOTQEA__ligand16133-0
15,SOTQEA__ligand27122-0
16,SOTQEA__ligand20432-0
17,SOTQEA__ligand66-0
18,SOTQEA__ligand1296-0
19,SOTQEA__ligand2259-0
20,SOTQEA__ligand409-0
21,SOTQEA__ligand1197-0
22,SOTQEA__ligand21940-0
23,SOTQEA__ligand5099-0
24,SOTQEA__ligand8592-0
25,SOTQEA__ligand361-0
26,SOTQEA__ligand324-0
27,SOTQEA__ligand25048-0
28,SOTQEA__ligand588-0
29,SOTQEA__ligand42-0
30,SOTQEA__ligand1317-0
31,SOTQEA__ligand3867-0
32,SOTQEA__ligand21752-0
33,SOTQEA__ligand2822-0
34,SOTQEA__ligand7293-0
35,SOTQEA__ligand13691-0
36,SOTQEA__ligand30788-0
37,SOTQEA__ligand300-0
38,SOTQEA__ligand9167-0
39,SOTQEA__ligand5304-0
40,SOTQEA__ligand2238-0
41,SOTQEA__ligand14339-0
42,SOTQEA__ligand7762-0
43,SOTQEA__ligand5080-0
44,SOTQEA__ligand5509-0
45,SOTQEA__ligand8002-0
46,SOTQEA__ligand24624-0
47,SOTQEA__ligand6117-0
48,SOTQEA__ligand199-0
49,SOTQEA__ligand1407-0
50,SOTQEA__ligand18413-0
51,SOTQEA__ligand20844-0
52,SOTQEA__ligand24560-0
53,SOTQEA__ligand18757-0
54,SOTQEA__ligand14007-0
55,SOTQEA__ligand3945-0
56,SOTQEA__ligand18019-1
57,SOTQEA__ligand2693-0
58,SOTQEA__ligand5383-0
59,SOTQEA__ligand9344-0
60,SOTQEA__ligand38-0
61,SOTQEA__ligand27550-0
62,SOTQEA__ligand3736-0
63,SOTQEA__ligand8000-0
64,SOTQEA__ligand7291-0
65,SOTQEA__ligand14226-0
66,SOTQEA__ligand21339-0
67,SOTQEA__ligand16956-0
68,SOTQEA__ligand20942-1
69,SOTQEA__ligand633-0
70,SOTQEA__ligand9883-0
71,SOTQEA__ligand3677-1
72,SOTQEA__ligand4007-0
73,SOTQEA__ligand27771-0
74,SOTQEA__ligand2985-0
75,SOTQEA__ligand497-0
76,SOTQEA__ligand18158-0
77,SOTQEA__ligand9299-0
78,SOTQEA__ligand23682-0
79,SOTQEA__ligand29565-0
80,SOTQEA__ligand11798-0
81,SOTQEA__ligand6699-0
82,SOTQEA__ligand20731-0
83,SOTQEA__ligand29334-0
84,SOTQEA__ligand12413-0
85,SOTQEA__ligand326-0
86,SOTQEA__ligand17445-0
87,SOTQEA__ligand3632-0
88,SOTQEA__ligand3677-0
89,SOTQEA__ligand14477-0
90,SOTQEA__ligand1168-0
91,SOTQEA__ligand1294-0
92,SOTQEA__ligand17069-0
93,SOTQEA__ligand6892-0
94,SOTQEA__ligand11501-0
95,SOTQEA__ligand11544-0
96,SOTQEA__ligand1211-0
97,SOTQEA__ligand436-0
98,SOTQEA__ligand29214-0
99,SOTQEA__ligand692-0
100,SOTQEA__ligand11758-0
101,SOTQEA__ligand3712-0
102,SOTQEA__ligand22357-0
103,SOTQEA__ligand1464-0
104,SOTQEA__ligand1499-0
105,SOTQEA__ligand21448-0
106,SOTQEA__ligand2881-0
107,SOTQEA__ligand1604-0
108,SOTQEA__ligand9943-0
109,SOTQEA__ligand1228-0
110,SOTQEA__ligand10151-0
111,SOTQEA__ligand2043-0
112,SOTQEA__ligand1832-0
113,SOTQEA__ligand8788-0
114,SOTQEA__ligand656-0
115,SOTQEA__ligand18-0
116,SOTQEA__ligand2417-0
117,SOTQEA__ligand696-0
118,SOTQEA__ligand22353-0
119,SOTQEA__ligand3126-0
120,SOTQEA__ligand6391-0
121,SOTQEA__ligand9284-0
122,SOTQEA__ligand19906-0
123,SOTQEA__ligand1114-0
124,SOTQEA__ligand19668-0
125,SOTQEA__ligand226-0
126,SOTQEA__ligand10853-0
127,SOTQEA__ligand29441-0
128,SOTQEA__ligand11479-0
129,SOTQEA__ligand10479-0
130,SOTQEA__ligand27610-0
131,SOTQEA__ligand162-0
132,SOTQEA__ligand383-0
133,SOTQEA__ligand1289-0
134,SOTQEA__ligand13657-0
135,SOTQEA__ligand14347-0
136,SOTQEA__ligand14302-0
137,SOTQEA__ligand2203-0
138,SOTQEA__ligand11698-0
139,SOTQEA__ligand5387-0
140,SOTQEA__ligand20530-0
141,SOTQEA__ligand416-0
142,SOTQEA__ligand24851-0
143,SOTQEA__ligand20121-0
144,SOTQEA__ligand2612-0
145,SOTQEA__ligand15387-0
146,SOTQEA__ligand20220-0
147,SOTQEA__ligand1599-0
148,SOTQEA__ligand29813-0
149,SOTQEA__ligand16952-0
150,SOTQEA__ligand9450-0
151,SOTQEA__ligand15455-0
152,SOTQEA__ligand4807-0
153,SOTQEA__ligand11177-0
154,SOTQEA__ligand3178-0
155,SOTQEA__ligand1356-0
156,SOTQEA__ligand1787-0
157,SOTQEA__ligand31205-0
158,SOTQEA__ligand5530-0
159,SOTQEA__ligand534-0
160,SOTQEA__ligand17686-0
161,SOTQEA__ligand9753-0
162,SOTQEA__ligand25658-0
163,SOTQEA__ligand571-0
164,SOTQEA__ligand7196-0
165,SOTQEA__ligand5159-0
166,SOTQEA__ligand670-0
167,SOTQEA__ligand4649-0
168,SOTQEA__ligand8793-0
169,SOTQEA__ligand2788-0
170,SOTQEA__ligand16603-0
171,SOTQEA__ligand5649-0
172,SOTQEA__ligand11814-0
173,SOTQEA__ligand2906-0
174,SOTQEA__ligand11622-0
175,SOTQEA__ligand4711-0
176,SOTQEA__ligand3244-0
177,SOTQEA__ligand16870-0
178,SOTQEA__ligand7172-0
179,SOTQEA__ligand20821-0
180,SOTQEA__ligand694-0
181,SOTQEA__ligand26673-0
182,SOTQEA__ligand7273-0
183,SOTQEA__ligand9323-0
184,SOTQEA__ligand31000-0
185,SOTQEA__ligand7092-0
186,SOTQEA__ligand2260-0
187,SOTQEA__ligand1153-0
188,SOTQEA__ligand3225-0
189,SOTQEA__ligand1116-0
190,SOTQEA__ligand488-0
191,SOTQEA__ligand430-0
192,SOTQEA__ligand11606-0
193,SOTQEA__ligand8612-0
194,SOTQEA__ligand2124-0
195,SOTQEA__ligand358-0
196,SOTQEA__ligand6017-0
197,SOTQEA__ligand13260-0
198,SOTQEA__ligand10582-0
199,SOTQEA__ligand7316-0
200,SOTQEA__ligand11252-0
201,SOTQEA__ligand5708-0
202,SOTQEA__ligand18067-0
203,SOTQEA__ligand19824-0
204,SOTQEA__ligand5180-0
205,SOTQEA__ligand11618-0
206,SOTQEA__ligand26529-0
207,SOTQEA__ligand2027-0
208,SOTQEA__ligand1050-0
209,SOTQEA__ligand1015-0
210,SOTQEA__ligand1028-0
211,SOTQEA__ligand122-0
212,SOTQEA__ligand4262-0
213,SOTQEA__ligand27239-0
214,SOTQEA__ligand21729-0
215,SOTQEA__ligand14043-0
216,SOTQEA__ligand26324-0
217,SOTQEA__ligand28559-0
218,SOTQEA__ligand1618-0
219,SOTQEA__ligand757-0
220,SOTQEA__ligand2692-0
221,SOTQEA__ligand19927-0
222,SOTQEA__ligand10872-0
223,SOTQEA__ligand693-0
224,SOTQEA__ligand21399-0
225,SOTQEA__ligand12003-0
226,SOTQEA__ligand1498-0
227,SOTQEA__ligand26631-0
228,SOTQEA__ligand16148-0
229,SOTQEA__ligand4596-0
230,SOTQEA__ligand1154-0
231,SOTQEA__ligand9615-0
232,SOTQEA__ligand29215-0
233,SOTQEA__ligand11111-0
234,SOTQEA__ligand28540-0
235,SOTQEA__ligand16369-0
236,SOTQEA__ligand1169-0
237,SOTQEA__ligand20695-0
238,SOTQEA__ligand27754-0
239,SOTQEA__ligand8529-0
240,SOTQEA__ligand22403-0
241,SOTQEA__ligand15788-0
242,SOTQEA__ligand23175-0
243,SOTQEA__ligand17396-0
244,SOTQEA__ligand8593-0
245,SOTQEA__ligand13220-0
246,SOTQEA__ligand11587-0
247,SOTQEA__ligand9944-0
248,SOTQEA__ligand22444-0
249,SOTQEA__ligand2001-0
250,SOTQEA__ligand24111-0
251,SOTQEA__ligand13385-0
252,SOTQEA__ligand67-0
253,SOTQEA__ligand7566-0
254,SOTQEA__ligand14569-0
255,SOTQEA__ligand141-0
256,SOTQEA__ligand12001-0
257,SOTQEA__ligand5201-0
258,SOTQEA__ligand24644-0
259,SOTQEA__ligand240-0
260,SOTQEA__ligand10033-0
261,SOTQEA__ligand24872-0
262,SOTQEA__ligand30728-0
263,SOTQEA__ligand8553-0
264,SOTQEA__ligand1113-0
265,SOTQEA__ligand27840-0
266,SOTQEA__ligand25561-0
267,SOTQEA__ligand4124-0
268,SOTQEA__ligand3471-0
269,SOTQEA__ligand4161-0
270,SOTQEA__ligand24780-0
271,SOTQEA__ligand12138-0
272,SOTQEA__ligand22129-0
273,SOTQEA__ligand384-0
274,SOTQEA__ligand11949-0
275,SOTQEA__ligand5415-0
276,SOTQEA__ligand17427-0
277,SOTQEA__ligand4340-0
278,SOTQEA__ligand2281-0
279,SOTQEA__ligand2650-0
280,SOTQEA__ligand768-0
281,SOTQEA__ligand3180-0
282,SOTQEA__ligand6995-0
283,SOTQEA__ligand8-0
284,SOTQEA__ligand43-0
285,SOTQEA__ligand29486-0
286,SOTQEA__ligand31694-0
287,SOTQEA__ligand2823-0
288,SOTQEA__ligand5085-0
289,SOTQEA__ligand3144-0
290,SOTQEA__ligand338-0
291,SOTQEA__ligand21919-0
292,SOTQEA__ligand5755-0
293,SOTQEA__ligand22294-0
294,SOTQEA__ligand4710-0
295,SOTQEA__ligand22168-0
296,SOTQEA__ligand28930-0
297,SOTQEA__ligand28743-0
298,SOTQEA__ligand15531-0
299,SOTQEA__ligand1828-0
300,SOTQEA__ligand13862-0
301,SOTQEA__ligand11357-0
302,SOTQEA__ligand7213-0
303,SOTQEA__ligand1397-0
304,SOTQEA__ligand12365-0
305,SOTQEA__ligand10056-0
306,SOTQEA__ligand8042-0
307,SOTQEA__ligand6112-0
308,SOTQEA__ligand10828-0
309,SOTQEA__ligand1786-0
310,SOTQEA__ligand19792-0
311,SOTQEA__ligand15926-0
312,SOTQEA__ligand5630-0
313,SOTQEA__ligand24230-0
314,SOTQEA__ligand11096-0
315,SOTQEA__ligand11447-0
316,SOTQEA__ligand28810-0
317,SOTQEA__ligand1908-0
318,SOTQEA__ligand15883-0
319,SOTQEA__ligand11970-0
320,SOTQEA__ligand4795-0
321,SOTQEA__ligand3285-0
322,SOTQEA__ligand1831-0
323,SOTQEA__ligand178-0
324,SOTQEA__ligand5614-0
325,SOTQEA__ligand5280-0
326,SOTQEA__ligand185-0
327,SOTQEA__ligand25913-0
328,SOTQEA__ligand6663-0
329,SOTQEA__ligand279-0
330,SOTQEA__ligand5515-0
331,SOTQEA__ligand16988-0
332,SOTQEA__ligand321-0
333,SOTQEA__ligand20207-0
334,SOTQEA__ligand30711-0
335,SOTQEA__ligand11682-0
336,SOTQEA__ligand5019-0
337,SOTQEA__ligand11994-0
338,SOTQEA__ligand31044-0
339,SOTQEA__ligand31842-0
340,SOTQEA__ligand3261-0
341,SOTQEA__ligand1152-0
342,SOTQEA__ligand24035-0
343,SOTQEA__ligand1216-0
344,SOTQEA__ligand201-0
345,SOTQEA__ligand14614-0
346,SOTQEA__ligand1849-0
347,SOTQEA__ligand16663-0
348,SOTQEA__ligand18568-0
349,SOTQEA__ligand28685-0
350,SOTQEA__ligand1539-0
351,SOTQEA__ligand1150-0
352,SOTQEA__ligand777-0
353,SOTQEA__ligand13672-0
354,SOTQEA__ligand596-0
355,SOTQEA__ligand10371-0
356,SOTQEA__ligand941-0
357,SOTQEA__ligand19-0
358,SOTQEA__ligand3416-0
359,SOTQEA__ligand3453-0
360,SOTQEA__ligand4207-0
361,SOTQEA__ligand3042-0
362,SOTQEA__ligand28459-0
363,SOTQEA__ligand187-0
364,SOTQEA__ligand12453-0
365,SOTQEA__ligand18448-0
366,SOTQEA__ligand24-0
367,SOTQEA__ligand657-0
368,SOTQEA__ligand8200-0
369,SOTQEA__ligand7438-0
370,SOTQEA__ligand4063-0
371,SOTQEA__ligand366-0
372,SOTQEA__ligand19184-0
373,SOTQEA__ligand27669-0
374,SOTQEA__ligand1779-0
375,SOTQEA__ligand1817-0
376,SOTQEA__ligand6993-0
377,SOTQEA__ligand30142-0
378,SOTQEA__ligand45-0
379,SOTQEA__ligand14167-0
380,SOTQEA__ligand13477-0
381,SOTQEA__ligand9750-0
382,SOTQEA__ligand7075-0
383,SOTQEA__ligand3557-0
384,SOTQEA__ligand3980-0
385,SOTQEA__ligand1149-0
386,SOTQEA__ligand845-0
387,SOTQEA__ligand1288-0
388,SOTQEA__ligand23197-0
389,SOTQEA__ligand1400-0
390,SOTQEA__ligand4266-0
391,SOTQEA__ligand9491-0
392,SOTQEA__ligand29029-0
393,SOTQEA__ligand27285-0
394,SOTQEA__ligand4167-0
395,SOTQEA__ligand163-0
396,SOTQEA__ligand126-0
397,SOTQEA__ligand78-0
398,SOTQEA__ligand12934-0
399,SOTQEA__ligand20578-0
400,SOTQEA__ligand15422-0
401,SOTQEA__ligand9681-0
402,SOTQEA__ligand19641-0
403,SOTQEA__ligand14723-0
404,SOTQEA__ligand4332-0
405,SOTQEA__ligand27893-0
406,SOTQEA__ligand3012-0
407,SOTQEA__ligand30988-0
408,SOTQEA__ligand506-0
409,SOTQEA__ligand1449-0
410,SOTQEA__ligand89-0
411,SOTQEA__ligand23713-0
412,SOTQEA__ligand7530-0
413,SOTQEA__ligand27175-0
414,SOTQEA__ligand18832-0
415,SOTQEA__ligand1065-0
416,SOTQEA__ligand13012-0
417,SOTQEA__ligand49-0
418,SOTQEA__ligand17631-0
419,SOTQEA__ligand152-0
420,SOTQEA__ligand26665-0
421,SOTQEA__ligand2403-0
422,SOTQEA__ligand14603-0
423,SOTQEA__ligand14297-0
424,SOTQEA__ligand17258-0
425,SOTQEA__ligand3934-0
426,SOTQEA__ligand31783-0
427,SOTQEA__ligand6455-0
428,SOTQEA__ligand6882-0
429,SOTQEA__ligand1415-0
430,SOTQEA__ligand6946-0
431,SOTQEA__ligand26540-0
432,SOTQEA__ligand29410-0
433,SOTQEA__ligand12337-0
434,SOTQEA__ligand30296-0
435,SOTQEA__ligand7529-0
436,SOTQEA__ligand17281-0
437,SOTQEA__ligand176-0
438,SOTQEA__ligand746-0
439,SOTQEA__ligand12606-0
440,SOTQEA__ligand447-0
441,SOTQEA__ligand30333-0
442,SOTQEA__ligand9148-0
443,SOTQEA__ligand5316-0
444,SOTQEA__ligand27460-0
445,SOTQEA__ligand5483-0
446,SOTQEA__ligand487-0
447,SOTQEA__ligand1729-0
448,SOTQEA__ligand16628-0
449,SOTQEA__ligand5627-0
450,SOTQEA__ligand12427-0
451,SOTQEA__ligand2830-0
452,SOTQEA__ligand20740-0
453,SOTQEA__ligand28468-0
454,SOTQEA__ligand28676-0
455,SOTQEA__ligand10262-0
456,SOTQEA__ligand4738-0
457,SOTQEA__ligand5813-0
458,SOTQEA__ligand4813-0
459,SOTQEA__ligand27763-0
460,SOTQEA__ligand784-0
461,SOTQEA__ligand6062-0
462,SOTQEA__ligand6283-0
463,SOTQEA__ligand13425-0
464,SOTQEA__ligand29302-0
465,SOTQEA__ligand17-0
466,SOTQEA__ligand19057-0
467,SOTQEA__ligand18814-0
468,SOTQEA__ligand7107-0
469,SOTQEA__ligand14108-0
470,SOTQEA__ligand10958-0
471,SOTQEA__ligand368-0
472,SOTQEA__ligand3215-0
473,SOTQEA__ligand12641-0
474,SOTQEA__ligand395-0
475,SOTQEA__ligand7925-0
476,SOTQEA__ligand2068-0
477,SOTQEA__ligand25178-0
478,SOTQEA__ligand24185-0
479,SOTQEA__ligand23769-0
480,SOTQEA__ligand115-0
481,SOTQEA__ligand17805-0
482,SOTQEA__ligand1147-0
483,SOTQEA__ligand17302-0
484,SOTQEA__ligand3973-0
485,SOTQEA__ligand4330-0
486,SOTQEA__ligand12231-0
487,SOTQEA__ligand2599-0
488,SOTQEA__ligand26702-0
489,SOTQEA__ligand13658-0
490,SOTQEA__ligand18292-0
491,SOTQEA__ligand12289-0
492,SOTQEA__ligand833-0
493,SOTQEA__ligand12130-0
494,SOTQEA__ligand17387-0
495,SOTQEA__ligand10476-0
496,SOTQEA__ligand7532-0
497,SOTQEA__ligand13068-0
498,SOTQEA__ligand19830-0
499,SOTQEA__ligand12401-0
500,SOTQEA__ligand15585-0
501,SOTQEA__ligand24145-0
502,SOTQEA__ligand4194-0
503,SOTQEA__ligand465-0
504,SOTQEA__ligand13208-0
505,SOTQEA__ligand9197-0
506,SOTQEA__ligand1900-0
507,SOTQEA__ligand27482-0
508,SOTQEA__ligand26810-0
509,SOTQEA__ligand4581-0
510,SOTQEA__ligand1773-0
511,SOTQEA__ligand2328-0
512,SOTQEA__ligand4-0
513,SOTQEA__ligand7162-0
514,SOTQEA__ligand3029-0
515,SOTQEA__ligand8722-0
516,SOTQEA__ligand1327-0
517,SOTQEA__ligand6672-0
518,SOTQEA__ligand9809-0
519,SOTQEA__ligand13390-0
520,SOTQEA__ligand2781-0
521,SOTQEA__ligand7573-0
522,SOTQEA__ligand3350-0
523,SOTQEA__ligand314-1
524,SOTQEA__ligand20682-0
525,SOTQEA__ligand3208-0
526,SOTQEA__ligand2208-0
527,SOTQEA__ligand7557-0
528,SOTQEA__ligand1496-0
529,SOTQEA__ligand11456-0
530,SOTQEA__ligand10712-0
531,SOTQEA__ligand14174-0
532,SOTQEA__ligand780-0
533,SOTQEA__ligand314-0
534,SOTQEA__ligand1533-0
535,SOTQEA__ligand813-0
536,SOTQEA__ligand25411-0
537,SOTQEA__ligand31832-0
538,SOTQEA__ligand13294-0
539,SOTQEA__ligand391-0
540,SOTQEA__ligand5892-0
541,SOTQEA__ligand5094-0
542,SOTQEA__ligand13331-0
543,SOTQEA__ligand28884-0
544,SOTQEA__ligand12030-0
545,SOTQEA__ligand1712-0
546,SOTQEA__ligand618-0
547,SOTQEA__ligand4131-0
548,SOTQEA__ligand14248-0
549,SOTQEA__ligand29879-0
550,SOTQEA__ligand11675-0
551,SOTQEA__ligand20598-0
552,SOTQEA__ligand22557-0
553,SOTQEA__ligand10589-0
554,SOTQEA__ligand3157-0
555,SOTQEA__ligand24047-0
556,SOTQEA__ligand393-0
557,SOTQEA__ligand9525-0
558,SOTQEA__ligand17398-0
559,SOTQEA__ligand1165-0
560,SOTQEA__ligand5935-0
561,SOTQEA__ligand69-0
562,SOTQEA__ligand17278-0
563,SOTQEA__ligand20011-0
564,SOTQEA__ligand2722-0
565,SOTQEA__ligand29414-0
566,SOTQEA__ligand1379-0
567,SOTQEA__ligand17982-0
568,SOTQEA__ligand1469-0
569,SOTQEA__ligand20251-1
570,SOTQEA__ligand3871-0
571,SOTQEA__ligand1768-0
572,SOTQEA__ligand11-0
573,SOTQEA__ligand5056-0
574,SOTQEA__ligand4850-0
575,SOTQEA__ligand5357-0
576,SOTQEA__ligand3647-0
577,SOTQEA__ligand353-0
578,SOTQEA__ligand1688-0
579,SOTQEA__ligand16475-0
580,SOTQEA__ligand14703-0
581,SOTQEA__ligand8349-0
582,SOTQEA__ligand1709-0
583,SOTQEA__ligand8464-0
584,SOTQEA__ligand17261-0
585,SOTQEA__ligand196-0
586,SOTQEA__ligand14117-0
587,SOTQEA__ligand31097-0
588,SOTQEA__ligand21581-0
589,SOTQEA__ligand20539-0
590,SOTQEA__ligand2527-0
591,SOTQEA__ligand20214-0
592,SOTQEA__ligand30702-0
593,SOTQEA__ligand20251-0
594,SOTQEA__ligand30851-0
595,SOTQEA__ligand14889-0
596,SOTQEA__ligand5849-0
597,SOTQEA__ligand29568-0
598,SOTQEA__ligand422-0
599,SOTQEA__ligand686-0
600,SOTQEA__ligand28789-0
601,SOTQEA__ligand3392-0
602,SOTQEA__ligand20419-0
603,SOTQEA__ligand17118-0
604,SOTQEA__ligand4911-0
605,SOTQEA__ligand1771-0
606,SOTQEA__ligand21371-0
607,SOTQEA__ligand1263-0
608,SOTQEA__ligand9908-0
609,SOTQEA__ligand15438-0
610,SOTQEA__ligand28924-0
611,SOTQEA__ligand18703-0
612,SOTQEA__ligand7242-0
613,SOTQEA__ligand29087-0
614,SOTQEA__ligand188-0
615,SOTQEA__ligand7106-0
616,SOTQEA__ligand3035-0
617,SOTQEA__ligand3876-0
618,SOTQEA__ligand1343-0
619,SOTQEA__ligand6616-0
620,SOTQEA__ligand564-0
621,SOTQEA__ligand17207-0
622,SOTQEA__ligand3718-0
623,SOTQEA__ligand31578-0
624,SOTQEA__ligand16-0
625,SOTQEA__ligand18013-0
626,SOTQEA__ligand370-1
627,SOTQEA__ligand25224-0
628,SOTQEA__ligand4661-0
629,SOTQEA__ligand1844-0
630,SOTQEA__ligand17945-0
631,SOTQEA__ligand620-0
632,SOTQEA__ligand1959-0
633,SOTQEA__ligand3504-0
634,SOTQEA__ligand311-0
635,SOTQEA__ligand9935-0
636,SOTQEA__ligand785-0
637,SOTQEA__ligand24750-0
638,SOTQEA__ligand1536-0
639,SOTQEA__ligand479-0
640,SOTQEA__ligand1573-0
641,SOTQEA__ligand10432-0
642,SOTQEA__ligand11432-0
643,SOTQEA__ligand31618-0
644,SOTQEA__ligand32-0
645,SOTQEA__ligand22755-0
646,SOTQEA__ligand6919-0
647,SOTQEA__ligand29898-0
648,SOTQEA__ligand2485-0
649,SOTQEA__ligand26277-0
650,SOTQEA__ligand3852-0
651,SOTQEA__ligand5331-0
652,SOTQEA__ligand1512-0
653,SOTQEA__ligand370-0
654,SOTQEA__ligand3565-0
655,SOTQEA__ligand23589-0
656,SOTQEA__ligand4720-0
657,SOTQEA__ligand6839-0
658,SOTQEA__ligand1202-0
659,SOTQEA__ligand3937-0
660,SOTQEA__ligand3174-0
661,SOTQEA__ligand3131-0
662,SOTQEA__ligand8969-0
663,SOTQEA__ligand24064-0
664,SOTQEA__ligand15168-0
665,SOTQEA__ligand5211-0
666,SOTQEA__ligand250-0
667,SOTQEA__ligand3094-0
668,SOTQEA__ligand4155-0
669,SOTQEA__ligand1-0
670,SOTQEA__ligand2176-0
671,SOTQEA__ligand9291-0
672,SOTQEA__ligand31483-0
673,SOTQEA__ligand2232-0
674,SOTQEA__ligand10555-0
675,SOTQEA__ligand48-0
676,SOTQEA__ligand3-0
677,SOTQEA__ligand116-0
678,SOTQEA__ligand4157-0
679,SOTQEA__ligand19725-0
680,SOTQEA__ligand2828-0
681,SOTQEA__ligand8876-0
682,SOTQEA__ligand7648-0
683,SOTQEA__ligand252-0
684,SOTQEA__ligand9833-0
685,SOTQEA__ligand24613-0
686,SOTQEA__ligand5256-0
687,SOTQEA__ligand4503-0
688,SOTQEA__ligand4546-0
689,SOTQEA__ligand193-0
690,SOTQEA__ligand14586-0
691,SOTQEA__ligand11774-0
692,SOTQEA__ligand21421-0
693,SOTQEA__ligand17710-0
694,SOTQEA__ligand20579-0
695,SOTQEA__ligand830-0
696,SOTQEA__ligand11568-0
697,SOTQEA__ligand1285-0
698,SOTQEA__ligand6768-0
699,SOTQEA__ligand372-0
700,SOTQEA__ligand8115-0
701,SOTQEA__ligand7000-0
702,SOTQEA__ligand1982-0
703,SOTQEA__ligand17590-0
704,SOTQEA__ligand7238-0
705,SOTQEA__ligand51-0
706,SOTQEA__ligand909-0
707,SOTQEA__ligand17240-0
708,SOTQEA__ligand7280-0
709,SOTQEA__ligand1790-0
710,SOTQEA__ligand1304-0
711,SOTQEA__ligand7867-0
712,SOTQEA__ligand18699-0
713,SOTQEA__ligand12682-0
714,SOTQEA__ligand6709-0
715,SOTQEA__ligand1219-0
716,SOTQEA__ligand4016-0
717,SOTQEA__ligand9520-0
718,SOTQEA__ligand1160-0
719,SOTQEA__ligand8699-0
720,SOTQEA__ligand4442-0
721,SOTQEA__ligand4093-0
722,SOTQEA__ligand3954-0
723,SOTQEA__ligand1451-0
724,SOTQEA__ligand4272-0
725,SOTQEA__ligand91-0
726,SOTQEA__ligand7629-0
727,SOTQEA__ligand12336-0
728,SOTQEA__ligand13072-0
729,SOTQEA__ligand177-0
730,SOTQEA__ligand9784-0
731,SOTQEA__ligand23904-0
732,SOTQEA__ligand1631-0
733,SOTQEA__ligand21936-0
734,SOTQEA__ligand1530-0
735,SOTQEA__ligand1575-0
736,SOTQEA__ligand9933-0
737,SOTQEA__ligand352-0
738,SOTQEA__ligand783-0
739,SOTQEA__ligand13257-0
740,SOTQEA__ligand12467-0
741,SOTQEA__ligand10084-0
742,SOTQEA__ligand9441-0
743,SOTQEA__ligand55-0
744,SOTQEA__ligand2332-0
745,SOTQEA__ligand25267-0
746,SOTQEA__ligand6244-0
747,SOTQEA__ligand18391-0
748,SOTQEA__ligand14523-0
749,SOTQEA__ligand68-0
750,SOTQEA__ligand27169-0
751,SOTQEA__ligand1378-0
752,SOTQEA__ligand20599-0
753,SOTQEA__ligand3156-0
754,SOTQEA__ligand22981-0
755,SOTQEA__ligand25805-0
756,SOTQEA__ligand2915-0
757,SOTQEA__ligand27074-0
758,SOTQEA__ligand868-0
759,SOTQEA__ligand18799-0
760,SOTQEA__ligand3707-0
761,SOTQEA__ligand18465-0
762,SOTQEA__ligand6124-0
763,SOTQEA__ligand7967-0
764,SOTQEA__ligand1018-0
765,SOTQEA__ligand4116-0
766,SOTQEA__ligand28668-0
767,SOTQEA__ligand8992-0
768,SOTQEA__ligand16791-0
769,SOTQEA__ligand9601-0
770,SOTQEA__ligand9111-0
771,SOTQEA__ligand9952-0
772,SOTQEA__ligand11140-0
773,SOTQEA__ligand29610-0
774,SOTQEA__ligand5036-0
775,SOTQEA__ligand2526-0
776,SOTQEA__ligand1615-0
777,SOTQEA__ligand13869-0
778,SOTQEA__ligand5643-0
779,SOTQEA__ligand34-0
780,SOTQEA__ligand18074-0
781,SOTQEA__ligand1823-0
782,SOTQEA__ligand29863-0
783,SOTQEA__ligand1324-0
784,SOTQEA__ligand197-0
785,SOTQEA__ligand8721-0
786,SOTQEA__ligand23124-0
787,SOTQEA__ligand11206-0
788,SOTQEA__ligand25735-0
789,SOTQEA__ligand12519-0
790,SOTQEA__ligand294-0
791,SOTQEA__ligand4641-0
792,SOTQEA__ligand25650-0
793,SOTQEA__ligand7126-0
794,SOTQEA__ligand31248-0
795,SOTQEA__ligand2028-0
796,SOTQEA__ligand8835-0
797,SOTQEA__ligand685-0
798,SOTQEA__ligand421-0
799,SOTQEA__ligand19257-0
800,SOTQEA__ligand13209-0
801,SOTQEA__ligand12660-0
802,SOTQEA__ligand3234-0
803,SOTQEA__ligand1142-0
804,SOTQEA__ligand235-0
805,SOTQEA__ligand6904-0
806,SOTQEA__ligand3721-0
807,SOTQEA__ligand6596-0
808,SOTQEA__ligand6102-0
809,SOTQEA__ligand25689-0
810,SOTQEA__ligand134-0
811,SOTQEA__ligand25575-0
812,SOTQEA__ligand3465-0
813,SOTQEA__ligand21787-0
814,SOTQEA__ligand27835-0
815,SOTQEA__ligand12295-0
816,SOTQEA__ligand2917-0
817,SOTQEA__ligand7819-0
818,SOTQEA__ligand11166-0
819,SOTQEA__ligand2295-0
820,SOTQEA__ligand21132-0
821,SOTQEA__ligand6067-0
822,SOTQEA__ligand1577-0
823,SOTQEA__ligand23906-0
824,SOTQEA__ligand57-0
825,SOTQEA__ligand4620-0
826,SOTQEA__ligand560-0
827,SOTQEA__ligand30539-0
