,TMC
0,TANDUI__ligand3637-0
1,TANDUI__ligand240-0
2,TANDUI__ligand8774-0
3,TANDUI__ligand141-0
4,TANDUI__ligand7464-0
5,TANDUI__ligand4303-0
6,TANDUI__ligand1248-0
7,TANDUI__ligand384-0
8,TANDUI__ligand1598-0
9,TANDUI__ligand1054-0
10,TANDUI__ligand120-0
11,TANDUI__ligand6294-0
12,TANDUI__ligand757-0
13,TANDUI__ligand2510-0
14,TANDUI__ligand8921-0
15,TANDUI__ligand1567-0
16,TANDUI__ligand2285-0
17,TANDUI__ligand2862-0
18,TANDUI__ligand1056-0
19,TANDUI__ligand2320-0
20,TANDUI__ligand2430-0
21,TANDUI__ligand1703-0
22,TANDUI__ligand2907-0
23,TANDUI__ligand797-0
24,TANDUI__ligand1727-0
25,TANDUI__ligand1152-0
26,TANDUI__ligand45-0
27,TANDUI__ligand78-0
28,TANDUI__ligand1607-0
29,TANDUI__ligand85-0
30,TANDUI__ligand366-0
31,TANDUI__ligand6396-0
32,TANDUI__ligand2265-0
33,TANDUI__ligand1113-0
34,TANDUI__ligand861-0
35,TANDUI__ligand612-0
36,TANDUI__ligand187-0
37,TANDUI__ligand9027-0
38,TANDUI__ligand4983-0
39,TANDUI__ligand596-0
40,TANDUI__ligand1835-0
41,TANDUI__ligand2345-0
42,TANDUI__ligand2794-0
43,TANDUI__ligand1502-0
44,TANDUI__ligand1052-0
45,TANDUI__ligand126-0
46,TANDUI__ligand4-0
47,TANDUI__ligand1273-0
48,TANDUI__ligand2142-0
49,TANDUI__ligand67-0
50,TANDUI__ligand119-0
51,TANDUI__ligand6538-0
52,TANDUI__ligand2772-0
53,TANDUI__ligand6151-0
54,TANDUI__ligand9495-0
55,TANDUI__ligand6-0
56,TANDUI__ligand2864-0
57,TANDUI__ligand124-0
58,TANDUI__ligand100-0
59,TANDUI__ligand244-0
60,TANDUI__ligand201-0
61,TANDUI__ligand1169-0
62,TANDUI__ligand5022-0
63,TANDUI__ligand321-0
64,TANDUI__ligand3838-0
65,TANDUI__ligand1799-0
66,TANDUI__ligand279-0
67,TANDUI__ligand2838-0
68,TANDUI__ligand178-0
69,TANDUI__ligand5941-0
70,TANDUI__ligand2880-0
71,TANDUI__ligand3145-0
72,TANDUI__ligand497-0
73,TANDUI__ligand918-0
74,TANDUI__ligand633-0
75,TANDUI__ligand6686-0
76,TANDUI__ligand1747-0
77,TANDUI__ligand5548-0
78,TANDUI__ligand7915-0
79,TANDUI__ligand532-0
80,TANDUI__ligand2863-0
81,TANDUI__ligand1-0
82,TANDUI__ligand6502-0
83,TANDUI__ligand166-0
84,TANDUI__ligand2098-0
85,TANDUI__ligand838-0
86,TANDUI__ligand6332-0
87,TANDUI__ligand18-0
88,TANDUI__ligand3178-0
89,TANDUI__ligand142-0
90,TANDUI__ligand206-0
91,TANDUI__ligand3041-0
92,TANDUI__ligand1542-0
93,TANDUI__ligand436-0
94,TANDUI__ligand2634-0
95,TANDUI__ligand821-0
96,TANDUI__ligand326-0
97,TANDUI__ligand2751-0
98,TANDUI__ligand553-0
99,TANDUI__ligand283-0
100,TANDUI__ligand361-0
101,TANDUI__ligand324-0
102,TANDUI__ligand1538-0
103,TANDUI__ligand409-0
104,TANDUI__ligand1114-0
105,TANDUI__ligand105-0
106,TANDUI__ligand140-0
107,TANDUI__ligand9244-0
108,TANDUI__ligand86-0
109,TANDUI__ligand1228-0
110,TANDUI__ligand927-0
111,TANDUI__ligand199-0
112,TANDUI__ligand1479-0
113,TANDUI__ligand3-0
114,TANDUI__ligand1148-0
115,TANDUI__ligand3246-0
116,TANDUI__ligand62-0
117,TANDUI__ligand575-0
118,TANDUI__ligand5801-0
119,TANDUI__ligand509-0
120,TANDUI__ligand1438-0
121,TANDUI__ligand3063-0
122,TANDUI__ligand670-0
123,TANDUI__ligand118-0
124,TANDUI__ligand571-0
125,TANDUI__ligand66-0
126,TANDUI__ligand1171-0
127,TANDUI__ligand278-0
128,TANDUI__ligand3757-0
129,TANDUI__ligand1048-0
130,TANDUI__ligand11730-0
131,TANDUI__ligand2087-0
132,TANDUI__ligand365-0
133,TANDUI__ligand1685-0
134,TANDUI__ligand358-0
135,TANDUI__ligand1544-0
136,TANDUI__ligand430-0
137,TANDUI__ligand669-0
138,TANDUI__ligand1459-0
139,TANDUI__ligand2688-0
140,TANDUI__ligand2259-0
141,TANDUI__ligand38-0
142,TANDUI__ligand2768-0
143,TANDUI__ligand1376-0
144,TANDUI__ligand6277-0
145,TANDUI__ligand40-0
146,TANDUI__ligand1687-0
147,TANDUI__ligand1951-0
148,TANDUI__ligand3734-0
149,TANDUI__ligand1706-0
150,TANDUI__ligand4381-0
151,TANDUI__ligand21-0
152,TANDUI__ligand2629-0
153,TANDUI__ligand383-0
154,TANDUI__ligand162-0
155,TANDUI__ligand226-0
156,TANDUI__ligand2618-0
157,TANDUI__ligand3618-0
158,TANDUI__ligand55-0
159,TANDUI__ligand830-0
160,TANDUI__ligand193-0
161,TANDUI__ligand1436-0
162,TANDUI__ligand252-0
163,TANDUI__ligand955-0
164,TANDUI__ligand95-0
165,TANDUI__ligand4370-0
166,TANDUI__ligand177-0
167,TANDUI__ligand934-0
168,TANDUI__ligand15630-0
169,TANDUI__ligand10357-0
170,TANDUI__ligand1918-0
171,TANDUI__ligand851-0
172,TANDUI__ligand2255-0
173,TANDUI__ligand34-0
174,TANDUI__ligand909-0
175,TANDUI__ligand4175-0
176,TANDUI__ligand311-0
177,TANDUI__ligand2915-0
178,TANDUI__ligand73-0
179,TANDUI__ligand188-0
180,TANDUI__ligand3196-0
181,TANDUI__ligand4012-0
182,TANDUI__ligand444-0
183,TANDUI__ligand369-0
184,TANDUI__ligand250-0
185,TANDUI__ligand1551-0
186,TANDUI__ligand460-0
187,TANDUI__ligand2526-0
188,TANDUI__ligand370-0
189,TANDUI__ligand1690-0
190,TANDUI__ligand57-0
191,TANDUI__ligand2707-0
192,TANDUI__ligand1285-0
193,TANDUI__ligand798-0
194,TANDUI__ligand421-0
195,TANDUI__ligand1555-0
196,TANDUI__ligand7630-0
197,TANDUI__ligand584-0
198,TANDUI__ligand916-0
199,TANDUI__ligand294-0
200,TANDUI__ligand3890-0
201,TANDUI__ligand993-0
202,TANDUI__ligand331-0
203,TANDUI__ligand4423-0
204,TANDUI__ligand1907-0
205,TANDUI__ligand560-0
206,TANDUI__ligand525-0
207,TANDUI__ligand2762-0
208,TANDUI__ligand1038-0
209,TANDUI__ligand109-0
210,TANDUI__ligand1160-0
211,TANDUI__ligand2253-0
212,TANDUI__ligand5093-0
213,TANDUI__ligand2954-0
214,TANDUI__ligand32-0
215,TANDUI__ligand390-0
216,TANDUI__ligand7550-0
217,TANDUI__ligand932-0
218,TANDUI__ligand134-0
219,TANDUI__ligand235-0
220,TANDUI__ligand868-0
221,TANDUI__ligand9176-0
222,TANDUI__ligand48-0
223,TANDUI__ligand442-0
224,TANDUI__ligand3035-0
225,TANDUI__ligand3070-0
226,TANDUI__ligand2718-0
227,TANDUI__ligand1493-0
228,TANDUI__ligand136-0
229,TANDUI__ligand4619-0
230,TANDUI__ligand6143-0
231,TANDUI__ligand5235-0
232,TANDUI__ligand352-0
233,TANDUI__ligand783-0
234,TANDUI__ligand3251-0
235,TANDUI__ligand197-0
236,TANDUI__ligand296-0
237,TANDUI__ligand1818-0
238,TANDUI__ligand7456-0
239,TANDUI__ligand51-0
240,TANDUI__ligand29-0
241,TANDUI__ligand91-0
242,TANDUI__ligand5758-0
243,TANDUI__ligand3478-0
244,TANDUI__ligand112-0
245,TANDUI__ligand3852-0
246,TANDUI__ligand2929-0
247,TANDUI__ligand10479-0
248,TANDUI__ligand2376-0
249,TANDUI__ligand1379-0
250,TANDUI__ligand1264-0
251,TANDUI__ligand355-0
252,TANDUI__ligand784-0
253,TANDUI__ligand1221-0
254,TANDUI__ligand1299-0
255,TANDUI__ligand485-0
256,TANDUI__ligand6430-0
257,TANDUI__ligand1019-0
258,TANDUI__ligand291-0
259,TANDUI__ligand2442-0
260,TANDUI__ligand1104-0
261,TANDUI__ligand7414-0
262,TANDUI__ligand5762-0
263,TANDUI__ligand10114-0
264,TANDUI__ligand115-0
265,TANDUI__ligand6571-0
266,TANDUI__ligand2482-0
267,TANDUI__ligand1325-0
268,TANDUI__ligand5334-0
269,TANDUI__ligand1898-0
270,TANDUI__ligand2480-0
271,TANDUI__ligand3051-0
272,TANDUI__ligand4504-0
273,TANDUI__ligand682-0
274,TANDUI__ligand2315-0
275,TANDUI__ligand1858-0
276,TANDUI__ligand8-0
277,TANDUI__ligand8032-0
278,TANDUI__ligand11-0
279,TANDUI__ligand10910-0
280,TANDUI__ligand522-0
281,TANDUI__ligand1712-0
282,TANDUI__ligand666-0
283,TANDUI__ligand487-0
284,TANDUI__ligand3579-0
285,TANDUI__ligand2110-0
286,TANDUI__ligand2916-0
287,TANDUI__ligand447-0
288,TANDUI__ligand1919-0
289,TANDUI__ligand133-0
290,TANDUI__ligand14530-0
291,TANDUI__ligand2389-0
292,TANDUI__ligand353-0
293,TANDUI__ligand89-0
294,TANDUI__ligand236-0
295,TANDUI__ligand1307-0
296,TANDUI__ligand49-0
297,TANDUI__ligand113-0
298,TANDUI__ligand2853-0
299,TANDUI__ligand3853-0
300,TANDUI__ligand422-0
301,TANDUI__ligand5089-0
302,TANDUI__ligand2599-0
303,TANDUI__ligand1246-0
304,TANDUI__ligand502-0
305,TANDUI__ligand6166-0
306,TANDUI__ligand196-0
307,TANDUI__ligand17-0
308,TANDUI__ligand1788-0
309,TANDUI__ligand210-0
310,TANDUI__ligand1321-0
311,TANDUI__ligand1178-0
312,TANDUI__ligand92-0
313,TANDUI__ligand3566-0
314,TANDUI__ligand7514-0
315,TANDUI__ligand170-0
316,TANDUI__ligand3337-0
317,TANDUI__ligand1449-1
318,TANDUI__ligand391-0
319,TANDUI__ligand4811-0
320,TANDUI__ligand481-0
321,TANDUI__ligand9620-0
322,TANDUI__ligand1260-0
323,TANDUI__ligand4894-0
324,TANDUI__ligand314-0
