,TMC
0,KIKNUN__ligand2722-0
1,KIKNUN__ligand1379-0
2,KIKNUN__ligand909-0
3,KIKNUN__ligand5935-0
4,KIKNUN__ligand29215-0
5,KIKNUN__ligand69-0
6,KIKNUN__ligand21399-0
7,KIKNUN__ligand9525-0
8,KIKNUN__ligand10872-0
9,KIKNUN__ligand1165-0
10,KIKNUN__ligand12003-0
11,KIKNUN__ligand3157-0
12,KIKNUN__ligand26631-0
13,KIKNUN__ligand16148-0
14,KIKNUN__ligand3647-0
15,KIKNUN__ligand5357-0
16,KIKNUN__ligand1688-0
17,KIKNUN__ligand4850-0
18,KIKNUN__ligand5056-0
19,KIKNUN__ligand22403-0
20,KIKNUN__ligand28540-0
21,KIKNUN__ligand11111-0
22,KIKNUN__ligand1768-0
23,KIKNUN__ligand11-0
24,KIKNUN__ligand16369-0
25,KIKNUN__ligand1469-0
26,KIKNUN__ligand3871-0
27,KIKNUN__ligand177-0
28,KIKNUN__ligand27754-0
29,KIKNUN__ligand20695-0
30,KIKNUN__ligand26529-0
31,KIKNUN__ligand2527-0
32,KIKNUN__ligand116-0
33,KIKNUN__ligand252-0
34,KIKNUN__ligand11618-0
35,KIKNUN__ligand8349-0
36,KIKNUN__ligand8464-0
37,KIKNUN__ligand1709-0
38,KIKNUN__ligand14043-0
39,KIKNUN__ligand28559-0
40,KIKNUN__ligand1771-0
41,KIKNUN__ligand193-0
42,KIKNUN__ligand4911-0
43,KIKNUN__ligand26324-0
44,KIKNUN__ligand19927-0
45,KIKNUN__ligand3392-0
46,KIKNUN__ligand830-0
47,KIKNUN__ligand372-0
48,KIKNUN__ligand21729-0
49,KIKNUN__ligand5849-0
50,KIKNUN__ligand27239-0
51,KIKNUN__ligand7162-0
52,KIKNUN__ligand12138-0
53,KIKNUN__ligand24780-0
54,KIKNUN__ligand3029-0
55,KIKNUN__ligand22129-0
56,KIKNUN__ligand1773-0
57,KIKNUN__ligand11949-0
58,KIKNUN__ligand4581-0
59,KIKNUN__ligand2328-0
60,KIKNUN__ligand9197-0
61,KIKNUN__ligand370-0
62,KIKNUN__ligand1900-0
63,KIKNUN__ligand25561-0
64,KIKNUN__ligand29486-0
65,KIKNUN__ligand31694-0
66,KIKNUN__ligand2208-0
67,KIKNUN__ligand3208-0
68,KIKNUN__ligand17427-0
69,KIKNUN__ligand250-0
70,KIKNUN__ligand3350-0
71,KIKNUN__ligand7573-0
72,KIKNUN__ligand2781-0
73,KIKNUN__ligand8722-0
74,KIKNUN__ligand9809-0
75,KIKNUN__ligand6672-0
76,KIKNUN__ligand1327-0
77,KIKNUN__ligand24111-0
78,KIKNUN__ligand22444-0
79,KIKNUN__ligand13385-0
80,KIKNUN__ligand1533-0
81,KIKNUN__ligand14569-0
82,KIKNUN__ligand23175-0
83,KIKNUN__ligand15788-0
84,KIKNUN__ligand17396-0
85,KIKNUN__ligand1496-0
86,KIKNUN__ligand7557-0
87,KIKNUN__ligand11587-0
88,KIKNUN__ligand13220-0
89,KIKNUN__ligand188-0
90,KIKNUN__ligand4131-0
91,KIKNUN__ligand564-0
92,KIKNUN__ligand24872-0
93,KIKNUN__ligand1712-0
94,KIKNUN__ligand370-1
95,KIKNUN__ligand30728-0
96,KIKNUN__ligand27840-0
97,KIKNUN__ligand620-0
98,KIKNUN__ligand5094-0
99,KIKNUN__ligand5892-0
100,KIKNUN__ligand12001-0
101,KIKNUN__ligand24644-0
102,KIKNUN__ligand311-0
103,KIKNUN__ligand785-0
104,KIKNUN__ligand479-0
105,KIKNUN__ligand10033-0
106,KIKNUN__ligand17-0
107,KIKNUN__ligand235-0
108,KIKNUN__ligand6283-0
109,KIKNUN__ligand134-0
110,KIKNUN__ligand30711-0
111,KIKNUN__ligand20207-0
112,KIKNUN__ligand11682-0
113,KIKNUN__ligand6062-0
114,KIKNUN__ligand4738-0
115,KIKNUN__ligand4813-0
116,KIKNUN__ligand3-0
117,KIKNUN__ligand16988-0
118,KIKNUN__ligand5813-0
119,KIKNUN__ligand25913-0
120,KIKNUN__ligand3215-0
121,KIKNUN__ligand14614-0
122,KIKNUN__ligand16663-0
123,KIKNUN__ligand11994-0
124,KIKNUN__ligand7107-0
125,KIKNUN__ligand31044-0
126,KIKNUN__ligand31842-0
127,KIKNUN__ligand24035-0
128,KIKNUN__ligand560-0
129,KIKNUN__ligand13862-0
130,KIKNUN__ligand11357-0
131,KIKNUN__ligand28743-0
132,KIKNUN__ligand15531-0
133,KIKNUN__ligand3973-0
134,KIKNUN__ligand12365-0
135,KIKNUN__ligand10056-0
136,KIKNUN__ligand1147-0
137,KIKNUN__ligand21919-0
138,KIKNUN__ligand7925-0
139,KIKNUN__ligand22294-0
140,KIKNUN__ligand294-0
141,KIKNUN__ligand22168-0
142,KIKNUN__ligand2068-0
143,KIKNUN__ligand28930-0
144,KIKNUN__ligand15883-0
145,KIKNUN__ligand4194-0
146,KIKNUN__ligand11970-0
147,KIKNUN__ligand685-0
148,KIKNUN__ligand7532-0
149,KIKNUN__ligand421-0
150,KIKNUN__ligand19792-0
151,KIKNUN__ligand10828-0
152,KIKNUN__ligand15926-0
153,KIKNUN__ligand24230-0
154,KIKNUN__ligand4330-0
155,KIKNUN__ligand28810-0
156,KIKNUN__ligand2599-0
157,KIKNUN__ligand11447-0
158,KIKNUN__ligand11096-0
159,KIKNUN__ligand1065-0
160,KIKNUN__ligand7530-0
161,KIKNUN__ligand3012-0
162,KIKNUN__ligand89-0
163,KIKNUN__ligand1449-0
164,KIKNUN__ligand27669-0
165,KIKNUN__ligand4332-0
166,KIKNUN__ligand30142-0
167,KIKNUN__ligand14167-0
168,KIKNUN__ligand9681-0
169,KIKNUN__ligand13477-0
170,KIKNUN__ligand6882-0
171,KIKNUN__ligand6455-0
172,KIKNUN__ligand27285-0
173,KIKNUN__ligand29029-0
174,KIKNUN__ligand3934-0
175,KIKNUN__ligand49-0
176,KIKNUN__ligand2403-0
177,KIKNUN__ligand197-0
178,KIKNUN__ligand23197-0
179,KIKNUN__ligand10371-0
180,KIKNUN__ligand9148-0
181,KIKNUN__ligand352-0
182,KIKNUN__ligand783-0
183,KIKNUN__ligand7529-0
184,KIKNUN__ligand18568-0
185,KIKNUN__ligand28685-0
186,KIKNUN__ligand1415-0
187,KIKNUN__ligand6946-0
188,KIKNUN__ligand13672-0
189,KIKNUN__ligand2830-0
190,KIKNUN__ligand1729-0
191,KIKNUN__ligand19184-0
192,KIKNUN__ligand5627-0
193,KIKNUN__ligand1-0
194,KIKNUN__ligand5483-0
195,KIKNUN__ligand28459-0
196,KIKNUN__ligand12453-0
197,KIKNUN__ligand18448-0
198,KIKNUN__ligand5316-0
199,KIKNUN__ligand868-0
200,KIKNUN__ligand30788-0
201,KIKNUN__ligand13691-0
202,KIKNUN__ligand4641-0
203,KIKNUN__ligand14339-0
204,KIKNUN__ligand115-0
205,KIKNUN__ligand21752-0
206,KIKNUN__ligand18413-0
207,KIKNUN__ligand20844-0
208,KIKNUN__ligand3234-0
209,KIKNUN__ligand24624-0
210,KIKNUN__ligand1142-0
211,KIKNUN__ligand18757-0
212,KIKNUN__ligand833-0
213,KIKNUN__ligand24560-0
214,KIKNUN__ligand7126-0
215,KIKNUN__ligand8835-0
216,KIKNUN__ligand2028-0
217,KIKNUN__ligand2917-0
218,KIKNUN__ligand7819-0
219,KIKNUN__ligand784-0
220,KIKNUN__ligand3465-0
221,KIKNUN__ligand30004-0
222,KIKNUN__ligand20557-0
223,KIKNUN__ligand6102-0
224,KIKNUN__ligand6596-0
225,KIKNUN__ligand6904-0
226,KIKNUN__ligand3721-0
227,KIKNUN__ligand21940-0
228,KIKNUN__ligand57-0
229,KIKNUN__ligand4620-0
230,KIKNUN__ligand25048-0
231,KIKNUN__ligand368-0
232,KIKNUN__ligand24953-0
233,KIKNUN__ligand23445-0
234,KIKNUN__ligand13755-0
235,KIKNUN__ligand16133-0
236,KIKNUN__ligand395-0
237,KIKNUN__ligand6067-0
238,KIKNUN__ligand1577-0
239,KIKNUN__ligand27122-0
240,KIKNUN__ligand20432-0
241,KIKNUN__ligand2295-0
242,KIKNUN__ligand17445-0
243,KIKNUN__ligand9441-0
244,KIKNUN__ligand55-0
245,KIKNUN__ligand2332-0
246,KIKNUN__ligand14477-0
247,KIKNUN__ligand176-0
248,KIKNUN__ligand17069-0
249,KIKNUN__ligand746-0
250,KIKNUN__ligand1575-0
251,KIKNUN__ligand11798-0
252,KIKNUN__ligand1530-0
253,KIKNUN__ligand9933-0
254,KIKNUN__ligand447-0
255,KIKNUN__ligand1631-0
256,KIKNUN__ligand4-0
257,KIKNUN__ligand20731-0
258,KIKNUN__ligand12413-0
259,KIKNUN__ligand29334-0
260,KIKNUN__ligand22357-0
261,KIKNUN__ligand11758-0
262,KIKNUN__ligand21448-0
263,KIKNUN__ligand2915-0
264,KIKNUN__ligand487-0
265,KIKNUN__ligand3156-0
266,KIKNUN__ligand1378-0
267,KIKNUN__ligand11501-0
268,KIKNUN__ligand11544-0
269,KIKNUN__ligand6244-0
270,KIKNUN__ligand68-0
271,KIKNUN__ligand29214-0
272,KIKNUN__ligand9601-0
273,KIKNUN__ligand27550-0
274,KIKNUN__ligand8992-0
275,KIKNUN__ligand14007-0
276,KIKNUN__ligand1018-0
277,KIKNUN__ligand18019-1
278,KIKNUN__ligand506-0
279,KIKNUN__ligand4116-0
280,KIKNUN__ligand7967-0
281,KIKNUN__ligand6124-0
282,KIKNUN__ligand3707-0
283,KIKNUN__ligand1324-0
284,KIKNUN__ligand152-0
285,KIKNUN__ligand27771-0
286,KIKNUN__ligand8721-0
287,KIKNUN__ligand18158-0
288,KIKNUN__ligand23682-0
289,KIKNUN__ligand1823-0
290,KIKNUN__ligand34-0
291,KIKNUN__ligand5643-0
292,KIKNUN__ligand29565-0
293,KIKNUN__ligand1615-0
294,KIKNUN__ligand5036-0
295,KIKNUN__ligand2526-0
296,KIKNUN__ligand20942-1
297,KIKNUN__ligand14226-0
298,KIKNUN__ligand21339-0
299,KIKNUN__ligand9111-0
300,KIKNUN__ligand9952-0
301,KIKNUN__ligand16956-0
302,KIKNUN__ligand13657-0
303,KIKNUN__ligand14347-0
304,KIKNUN__ligand9833-0
305,KIKNUN__ligand14302-0
306,KIKNUN__ligand7648-0
307,KIKNUN__ligand8876-0
308,KIKNUN__ligand2828-0
309,KIKNUN__ligand20530-0
310,KIKNUN__ligand5256-0
311,KIKNUN__ligand11698-0
312,KIKNUN__ligand48-0
313,KIKNUN__ligand4157-0
314,KIKNUN__ligand24851-0
315,KIKNUN__ligand196-0
316,KIKNUN__ligand2232-0
317,KIKNUN__ligand29441-0
318,KIKNUN__ligand10853-0
319,KIKNUN__ligand2176-0
320,KIKNUN__ligand27610-0
321,KIKNUN__ligand10479-0
322,KIKNUN__ligand11479-0
323,KIKNUN__ligand9291-0
324,KIKNUN__ligand8115-0
325,KIKNUN__ligand16952-0
326,KIKNUN__ligand6768-0
327,KIKNUN__ligand29813-0
328,KIKNUN__ligand1982-0
329,KIKNUN__ligand7000-0
330,KIKNUN__ligand1285-0
331,KIKNUN__ligand422-0
332,KIKNUN__ligand686-0
333,KIKNUN__ligand20121-0
334,KIKNUN__ligand15387-0
335,KIKNUN__ligand4546-0
336,KIKNUN__ligand4503-0
337,KIKNUN__ligand20220-0
338,KIKNUN__ligand4016-0
339,KIKNUN__ligand393-0
340,KIKNUN__ligand7867-0
341,KIKNUN__ligand6709-0
342,KIKNUN__ligand1219-0
343,KIKNUN__ligand1304-0
344,KIKNUN__ligand1790-0
345,KIKNUN__ligand7280-0
346,KIKNUN__ligand10151-0
347,KIKNUN__ligand7238-0
348,KIKNUN__ligand51-0
349,KIKNUN__ligand9784-0
350,KIKNUN__ligand19906-0
351,KIKNUN__ligand4272-0
352,KIKNUN__ligand91-0
353,KIKNUN__ligand1451-0
354,KIKNUN__ligand19668-0
355,KIKNUN__ligand7629-0
356,KIKNUN__ligand3954-0
357,KIKNUN__ligand4093-0
358,KIKNUN__ligand4442-0
359,KIKNUN__ligand9520-0
360,KIKNUN__ligand8699-0
361,KIKNUN__ligand22353-0
362,KIKNUN__ligand353-0
363,KIKNUN__ligand1160-0
364,KIKNUN__ligand7106-0
365,KIKNUN__ligand31000-0
366,KIKNUN__ligand11606-0
367,KIKNUN__ligand7242-0
368,KIKNUN__ligand20821-0
369,KIKNUN__ligand780-0
370,KIKNUN__ligand314-0
371,KIKNUN__ligand9908-0
372,KIKNUN__ligand813-0
373,KIKNUN__ligand1263-0
374,KIKNUN__ligand26673-0
375,KIKNUN__ligand9935-0
376,KIKNUN__ligand391-0
377,KIKNUN__ligand1573-0
378,KIKNUN__ligand19824-0
379,KIKNUN__ligand1536-0
380,KIKNUN__ligand18067-0
381,KIKNUN__ligand1959-0
382,KIKNUN__ligand3504-0
383,KIKNUN__ligand4661-0
384,KIKNUN__ligand1844-0
385,KIKNUN__ligand16-0
386,KIKNUN__ligand10582-0
387,KIKNUN__ligand13260-0
388,KIKNUN__ligand6616-0
389,KIKNUN__ligand3035-0
390,KIKNUN__ligand3876-0
391,KIKNUN__ligand1343-0
392,KIKNUN__ligand3718-0
393,KIKNUN__ligand11252-0
394,KIKNUN__ligand618-0
395,KIKNUN__ligand465-0
396,KIKNUN__ligand31205-0
397,KIKNUN__ligand3565-0
398,KIKNUN__ligand25658-0
399,KIKNUN__ligand17686-0
400,KIKNUN__ligand1512-0
401,KIKNUN__ligand5331-0
402,KIKNUN__ligand15455-0
403,KIKNUN__ligand6919-0
404,KIKNUN__ligand3852-0
405,KIKNUN__ligand2485-0
406,KIKNUN__ligand11177-0
407,KIKNUN__ligand32-0
408,KIKNUN__ligand4155-0
409,KIKNUN__ligand3094-0
410,KIKNUN__ligand11622-0
411,KIKNUN__ligand5211-0
412,KIKNUN__ligand16870-0
413,KIKNUN__ligand314-1
414,KIKNUN__ligand6839-0
415,KIKNUN__ligand16603-0
416,KIKNUN__ligand8969-0
417,KIKNUN__ligand3131-0
418,KIKNUN__ligand1202-0
419,KIKNUN__ligand3937-0
420,KIKNUN__ligand3174-0
421,KIKNUN__ligand11814-0
422,KIKNUN__ligand4720-0
423,KIKNUN__ligand7196-0
424,KIKNUN__ligand5159-0
425,KIKNUN__ligand5530-0
426,KIKNUN__ligand1787-0
427,KIKNUN__ligand1356-0
428,KIKNUN__ligand9753-0
429,KIKNUN__ligand11432-0
430,KIKNUN__ligand31618-0
431,KIKNUN__ligand3178-0
432,KIKNUN__ligand10432-0
433,KIKNUN__ligand22755-0
434,KIKNUN__ligand384-0
435,KIKNUN__ligand29898-0
436,KIKNUN__ligand4807-0
437,KIKNUN__ligand26277-0
438,KIKNUN__ligand3244-0
439,KIKNUN__ligand4711-0
440,KIKNUN__ligand15168-0
441,KIKNUN__ligand2906-0
442,KIKNUN__ligand768-0
443,KIKNUN__ligand23589-0
444,KIKNUN__ligand5649-0
445,KIKNUN__ligand2788-0
446,KIKNUN__ligand8793-0
447,KIKNUN__ligand4649-0
448,KIKNUN__ligand24064-0
449,KIKNUN__ligand8612-0
450,KIKNUN__ligand2124-0
451,KIKNUN__ligand18703-0
452,KIKNUN__ligand29087-0
453,KIKNUN__ligand1116-0
454,KIKNUN__ligand1153-0
455,KIKNUN__ligand3225-0
456,KIKNUN__ligand2260-0
457,KIKNUN__ligand7092-0
458,KIKNUN__ligand7273-0
459,KIKNUN__ligand9323-0
460,KIKNUN__ligand7172-0
461,KIKNUN__ligand15438-0
462,KIKNUN__ligand28924-0
463,KIKNUN__ligand5180-0
464,KIKNUN__ligand141-0
465,KIKNUN__ligand240-0
466,KIKNUN__ligand24750-0
467,KIKNUN__ligand7316-0
468,KIKNUN__ligand31578-0
469,KIKNUN__ligand17207-0
470,KIKNUN__ligand5708-0
471,KIKNUN__ligand25224-0
472,KIKNUN__ligand18013-0
473,KIKNUN__ligand6017-0
474,KIKNUN__ligand17945-0
475,KIKNUN__ligand8788-0
476,KIKNUN__ligand1832-0
477,KIKNUN__ligand693-0
478,KIKNUN__ligand18699-0
479,KIKNUN__ligand12682-0
480,KIKNUN__ligand2043-0
481,KIKNUN__ligand1228-0
482,KIKNUN__ligand9943-0
483,KIKNUN__ligand17590-0
484,KIKNUN__ligand17240-0
485,KIKNUN__ligand1604-0
486,KIKNUN__ligand1114-0
487,KIKNUN__ligand12336-0
488,KIKNUN__ligand6391-0
489,KIKNUN__ligand3126-0
490,KIKNUN__ligand13072-0
491,KIKNUN__ligand9284-0
492,KIKNUN__ligand18-0
493,KIKNUN__ligand2417-0
494,KIKNUN__ligand19725-0
495,KIKNUN__ligand1289-0
496,KIKNUN__ligand24613-0
497,KIKNUN__ligand5387-0
498,KIKNUN__ligand2203-0
499,KIKNUN__ligand31483-0
500,KIKNUN__ligand10555-0
501,KIKNUN__ligand20579-0
502,KIKNUN__ligand17710-0
503,KIKNUN__ligand122-0
504,KIKNUN__ligand11568-0
505,KIKNUN__ligand9450-0
506,KIKNUN__ligand1599-0
507,KIKNUN__ligand14586-0
508,KIKNUN__ligand11774-0
509,KIKNUN__ligand2612-0
510,KIKNUN__ligand21421-0
511,KIKNUN__ligand757-0
512,KIKNUN__ligand3736-0
513,KIKNUN__ligand28668-0
514,KIKNUN__ligand8000-0
515,KIKNUN__ligand16791-0
516,KIKNUN__ligand9344-0
517,KIKNUN__ligand38-0
518,KIKNUN__ligand18799-0
519,KIKNUN__ligand2693-0
520,KIKNUN__ligand18465-0
521,KIKNUN__ligand5383-0
522,KIKNUN__ligand845-0
523,KIKNUN__ligand3945-0
524,KIKNUN__ligand18074-0
525,KIKNUN__ligand13869-0
526,KIKNUN__ligand9299-0
527,KIKNUN__ligand29863-0
528,KIKNUN__ligand2985-0
529,KIKNUN__ligand4007-0
530,KIKNUN__ligand3677-1
531,KIKNUN__ligand9883-0
532,KIKNUN__ligand11140-0
533,KIKNUN__ligand29610-0
534,KIKNUN__ligand7291-0
535,KIKNUN__ligand163-0
536,KIKNUN__ligand126-0
537,KIKNUN__ligand1168-0
538,KIKNUN__ligand12467-0
539,KIKNUN__ligand1294-0
540,KIKNUN__ligand10084-0
541,KIKNUN__ligand25267-0
542,KIKNUN__ligand3677-0
543,KIKNUN__ligand777-0
544,KIKNUN__ligand3632-0
545,KIKNUN__ligand596-0
546,KIKNUN__ligand941-0
547,KIKNUN__ligand23904-0
548,KIKNUN__ligand21936-0
549,KIKNUN__ligand6699-0
550,KIKNUN__ligand13257-0
551,KIKNUN__ligand20599-0
552,KIKNUN__ligand1499-0
553,KIKNUN__ligand187-0
554,KIKNUN__ligand22981-0
555,KIKNUN__ligand2881-0
556,KIKNUN__ligand25805-0
557,KIKNUN__ligand657-0
558,KIKNUN__ligand3712-0
559,KIKNUN__ligand1464-0
560,KIKNUN__ligand27074-0
561,KIKNUN__ligand1211-0
562,KIKNUN__ligand18391-0
563,KIKNUN__ligand27169-0
564,KIKNUN__ligand14523-0
565,KIKNUN__ligand6892-0
566,KIKNUN__ligand366-0
567,KIKNUN__ligand8-0
568,KIKNUN__ligand27835-0
569,KIKNUN__ligand12295-0
570,KIKNUN__ligand178-0
571,KIKNUN__ligand4101-0
572,KIKNUN__ligand185-0
573,KIKNUN__ligand5595-0
574,KIKNUN__ligand279-0
575,KIKNUN__ligand321-0
576,KIKNUN__ligand2221-0
577,KIKNUN__ligand25689-0
578,KIKNUN__ligand4358-0
579,KIKNUN__ligand3926-0
580,KIKNUN__ligand21787-0
581,KIKNUN__ligand3120-0
582,KIKNUN__ligand25575-0
583,KIKNUN__ligand1197-0
584,KIKNUN__ligand8592-0
585,KIKNUN__ligand5099-0
586,KIKNUN__ligand1296-0
587,KIKNUN__ligand2259-0
588,KIKNUN__ligand30539-0
589,KIKNUN__ligand11166-0
590,KIKNUN__ligand201-0
591,KIKNUN__ligand21132-0
592,KIKNUN__ligand66-0
593,KIKNUN__ligand9773-0
594,KIKNUN__ligand5510-0
595,KIKNUN__ligand1376-0
596,KIKNUN__ligand23906-0
597,KIKNUN__ligand338-0
598,KIKNUN__ligand2238-0
599,KIKNUN__ligand9167-0
600,KIKNUN__ligand5304-0
601,KIKNUN__ligand7293-0
602,KIKNUN__ligand2822-0
603,KIKNUN__ligand3867-0
604,KIKNUN__ligand23124-0
605,KIKNUN__ligand1317-0
606,KIKNUN__ligand11206-0
607,KIKNUN__ligand25735-0
608,KIKNUN__ligand12519-0
609,KIKNUN__ligand42-0
610,KIKNUN__ligand13209-0
611,KIKNUN__ligand19257-0
612,KIKNUN__ligand8002-0
613,KIKNUN__ligand5509-0
614,KIKNUN__ligand12660-0
615,KIKNUN__ligand6117-0
616,KIKNUN__ligand1407-0
617,KIKNUN__ligand5080-0
618,KIKNUN__ligand7762-0
619,KIKNUN__ligand25650-0
620,KIKNUN__ligand31248-0
621,KIKNUN__ligand12606-0
622,KIKNUN__ligand4207-0
623,KIKNUN__ligand19-0
624,KIKNUN__ligand3453-0
625,KIKNUN__ligand3416-0
626,KIKNUN__ligand30333-0
627,KIKNUN__ligand26540-0
628,KIKNUN__ligand1150-0
629,KIKNUN__ligand326-0
630,KIKNUN__ligand12337-0
631,KIKNUN__ligand29410-0
632,KIKNUN__ligand30296-0
633,KIKNUN__ligand17281-0
634,KIKNUN__ligand1539-0
635,KIKNUN__ligand16628-0
636,KIKNUN__ligand12427-0
637,KIKNUN__ligand7438-0
638,KIKNUN__ligand8200-0
639,KIKNUN__ligand28468-0
640,KIKNUN__ligand20740-0
641,KIKNUN__ligand4063-0
642,KIKNUN__ligand436-0
643,KIKNUN__ligand27460-0
644,KIKNUN__ligand692-0
645,KIKNUN__ligand24-0
646,KIKNUN__ligand3042-0
647,KIKNUN__ligand3980-0
648,KIKNUN__ligand3557-0
649,KIKNUN__ligand1149-0
650,KIKNUN__ligand30988-0
651,KIKNUN__ligand7075-0
652,KIKNUN__ligand27175-0
653,KIKNUN__ligand18832-0
654,KIKNUN__ligand23713-0
655,KIKNUN__ligand9750-0
656,KIKNUN__ligand12934-0
657,KIKNUN__ligand20578-0
658,KIKNUN__ligand15422-0
659,KIKNUN__ligand19641-0
660,KIKNUN__ligand1779-0
661,KIKNUN__ligand14723-0
662,KIKNUN__ligand27893-0
663,KIKNUN__ligand6993-0
664,KIKNUN__ligand45-0
665,KIKNUN__ligand1817-0
666,KIKNUN__ligand4167-0
667,KIKNUN__ligand31783-0
668,KIKNUN__ligand78-0
669,KIKNUN__ligand1400-0
670,KIKNUN__ligand4266-0
671,KIKNUN__ligand633-0
672,KIKNUN__ligand9491-0
673,KIKNUN__ligand17631-0
674,KIKNUN__ligand13012-0
675,KIKNUN__ligand497-0
676,KIKNUN__ligand26665-0
677,KIKNUN__ligand14603-0
678,KIKNUN__ligand1288-0
679,KIKNUN__ligand14297-0
680,KIKNUN__ligand17258-0
681,KIKNUN__ligand8042-0
682,KIKNUN__ligand17805-0
683,KIKNUN__ligand588-0
684,KIKNUN__ligand6112-0
685,KIKNUN__ligand17302-0
686,KIKNUN__ligand1828-0
687,KIKNUN__ligand1397-0
688,KIKNUN__ligand7213-0
689,KIKNUN__ligand4710-0
690,KIKNUN__ligand300-0
691,KIKNUN__ligand5755-0
692,KIKNUN__ligand25178-0
693,KIKNUN__ligand24185-0
694,KIKNUN__ligand3144-0
695,KIKNUN__ligand5085-0
696,KIKNUN__ligand23769-0
697,KIKNUN__ligand10476-0
698,KIKNUN__ligand13068-0
699,KIKNUN__ligand4795-0
700,KIKNUN__ligand19830-0
701,KIKNUN__ligand3285-0
702,KIKNUN__ligand1908-0
703,KIKNUN__ligand12401-0
704,KIKNUN__ligand15585-0
705,KIKNUN__ligand24145-0
706,KIKNUN__ligand5630-0
707,KIKNUN__ligand199-0
708,KIKNUN__ligand12231-0
709,KIKNUN__ligand18292-0
710,KIKNUN__ligand12289-0
711,KIKNUN__ligand26702-0
712,KIKNUN__ligand1786-0
713,KIKNUN__ligand13658-0
714,KIKNUN__ligand17387-0
715,KIKNUN__ligand12130-0
716,KIKNUN__ligand29302-0
717,KIKNUN__ligand13425-0
718,KIKNUN__ligand18814-0
719,KIKNUN__ligand19057-0
720,KIKNUN__ligand28676-0
721,KIKNUN__ligand10262-0
722,KIKNUN__ligand27763-0
723,KIKNUN__ligand5515-0
724,KIKNUN__ligand6663-0
725,KIKNUN__ligand5280-0
726,KIKNUN__ligand5614-0
727,KIKNUN__ligand1831-0
728,KIKNUN__ligand10958-0
729,KIKNUN__ligand1849-0
730,KIKNUN__ligand12641-0
731,KIKNUN__ligand1216-0
732,KIKNUN__ligand5019-0
733,KIKNUN__ligand409-0
734,KIKNUN__ligand361-0
735,KIKNUN__ligand1152-0
736,KIKNUN__ligand324-0
737,KIKNUN__ligand3261-0
738,KIKNUN__ligand14108-0
739,KIKNUN__ligand7566-0
740,KIKNUN__ligand67-0
741,KIKNUN__ligand694-0
742,KIKNUN__ligand2001-0
743,KIKNUN__ligand25411-0
744,KIKNUN__ligand11456-0
745,KIKNUN__ligand9944-0
746,KIKNUN__ligand488-0
747,KIKNUN__ligand8593-0
748,KIKNUN__ligand430-0
749,KIKNUN__ligand14174-0
750,KIKNUN__ligand358-0
751,KIKNUN__ligand10712-0
752,KIKNUN__ligand28884-0
753,KIKNUN__ligand8553-0
754,KIKNUN__ligand13331-0
755,KIKNUN__ligand1113-0
756,KIKNUN__ligand12030-0
757,KIKNUN__ligand14248-0
758,KIKNUN__ligand29879-0
759,KIKNUN__ligand31832-0
760,KIKNUN__ligand5201-0
761,KIKNUN__ligand13294-0
762,KIKNUN__ligand5415-0
763,KIKNUN__ligand3471-0
764,KIKNUN__ligand534-0
765,KIKNUN__ligand13208-0
766,KIKNUN__ligand4161-0
767,KIKNUN__ligand571-0
768,KIKNUN__ligand4124-0
769,KIKNUN__ligand26810-0
770,KIKNUN__ligand670-0
771,KIKNUN__ligand27482-0
772,KIKNUN__ligand2823-0
773,KIKNUN__ligand20682-0
774,KIKNUN__ligand43-0
775,KIKNUN__ligand6995-0
776,KIKNUN__ligand3180-0
777,KIKNUN__ligand13390-0
778,KIKNUN__ligand2650-0
779,KIKNUN__ligand2281-0
780,KIKNUN__ligand4340-0
781,KIKNUN__ligand1015-0
782,KIKNUN__ligand226-0
783,KIKNUN__ligand1050-0
784,KIKNUN__ligand21581-0
785,KIKNUN__ligand31097-0
786,KIKNUN__ligand20539-0
787,KIKNUN__ligand30702-0
788,KIKNUN__ligand20214-0
789,KIKNUN__ligand2027-0
790,KIKNUN__ligand20251-0
791,KIKNUN__ligand162-0
792,KIKNUN__ligand383-0
793,KIKNUN__ligand416-0
794,KIKNUN__ligand14117-0
795,KIKNUN__ligand17261-0
796,KIKNUN__ligand1618-0
797,KIKNUN__ligand28789-0
798,KIKNUN__ligand2692-0
799,KIKNUN__ligand20419-0
800,KIKNUN__ligand21371-0
801,KIKNUN__ligand17118-0
802,KIKNUN__ligand14889-0
803,KIKNUN__ligand4262-0
804,KIKNUN__ligand30851-0
805,KIKNUN__ligand29568-0
806,KIKNUN__ligand1028-0
807,KIKNUN__ligand9615-0
808,KIKNUN__ligand1154-0
809,KIKNUN__ligand20011-0
810,KIKNUN__ligand17278-0
811,KIKNUN__ligand17982-0
812,KIKNUN__ligand29414-0
813,KIKNUN__ligand20598-0
814,KIKNUN__ligand1498-0
815,KIKNUN__ligand11675-0
816,KIKNUN__ligand24047-0
817,KIKNUN__ligand4596-0
818,KIKNUN__ligand10589-0
819,KIKNUN__ligand22557-0
820,KIKNUN__ligand656-0
821,KIKNUN__ligand17398-0
822,KIKNUN__ligand696-0
823,KIKNUN__ligand16475-0
824,KIKNUN__ligand14703-0
825,KIKNUN__ligand1169-0
826,KIKNUN__ligand20251-1
827,KIKNUN__ligand8529-0
