,TMC
0,ICADUL__ligand2954-0
1,ICADUL__ligand17-0
2,ICADUL__ligand5093-0
3,ICADUL__ligand2253-0
4,ICADUL__ligand1160-0
5,ICADUL__ligand1038-0
6,ICADUL__ligand314-0
7,ICADUL__ligand2762-0
8,ICADUL__ligand481-0
9,ICADUL__ligand391-0
10,ICADUL__ligand7550-0
11,ICADUL__ligand92-0
12,ICADUL__ligand170-0
13,ICADUL__ligand7630-0
14,ICADUL__ligand1555-0
15,ICADUL__ligand1285-0
16,ICADUL__ligand210-0
17,ICADUL__ligand1907-0
18,ICADUL__ligand4423-0
19,ICADUL__ligand1-0
20,ICADUL__ligand3890-0
21,ICADUL__ligand7456-0
22,ICADUL__ligand196-0
23,ICADUL__ligand502-0
24,ICADUL__ligand89-0
25,ICADUL__ligand1818-0
26,ICADUL__ligand3-0
27,ICADUL__ligand3852-0
28,ICADUL__ligand422-0
29,ICADUL__ligand3478-0
30,ICADUL__ligand5758-0
31,ICADUL__ligand49-0
32,ICADUL__ligand113-0
33,ICADUL__ligand1493-0
34,ICADUL__ligand15630-0
35,ICADUL__ligand2718-0
36,ICADUL__ligand3070-0
37,ICADUL__ligand3035-0
38,ICADUL__ligand10357-0
39,ICADUL__ligand9176-0
40,ICADUL__ligand236-0
41,ICADUL__ligand3251-0
42,ICADUL__ligand5235-0
43,ICADUL__ligand6143-0
44,ICADUL__ligand353-0
45,ICADUL__ligand4619-0
46,ICADUL__ligand1918-0
47,ICADUL__ligand133-0
48,ICADUL__ligand447-0
49,ICADUL__ligand4175-0
50,ICADUL__ligand487-0
51,ICADUL__ligand11-0
52,ICADUL__ligand666-0
53,ICADUL__ligand2255-0
54,ICADUL__ligand522-0
55,ICADUL__ligand1436-0
56,ICADUL__ligand3618-0
57,ICADUL__ligand2618-0
58,ICADUL__ligand4370-0
59,ICADUL__ligand682-0
60,ICADUL__ligand2526-0
61,ICADUL__ligand1551-0
62,ICADUL__ligand115-0
63,ICADUL__ligand2707-0
64,ICADUL__ligand1690-0
65,ICADUL__ligand291-0
66,ICADUL__ligand485-0
67,ICADUL__ligand784-0
68,ICADUL__ligand355-0
69,ICADUL__ligand2915-0
70,ICADUL__ligand4012-0
71,ICADUL__ligand3196-0
72,ICADUL__ligand48-0
73,ICADUL__ligand2599-0
74,ICADUL__ligand5089-0
75,ICADUL__ligand112-0
76,ICADUL__ligand3853-0
77,ICADUL__ligand2853-0
78,ICADUL__ligand6166-0
79,ICADUL__ligand296-0
80,ICADUL__ligand1246-0
81,ICADUL__ligand10910-0
82,ICADUL__ligand197-0
83,ICADUL__ligand783-0
84,ICADUL__ligand352-0
85,ICADUL__ligand51-0
86,ICADUL__ligand136-0
87,ICADUL__ligand29-0
88,ICADUL__ligand91-0
89,ICADUL__ligand442-0
90,ICADUL__ligand868-0
91,ICADUL__ligand14530-0
92,ICADUL__ligand1307-0
93,ICADUL__ligand4811-0
94,ICADUL__ligand235-0
95,ICADUL__ligand1449-1
96,ICADUL__ligand134-0
97,ICADUL__ligand932-0
98,ICADUL__ligand390-0
99,ICADUL__ligand10479-0
100,ICADUL__ligand3337-0
101,ICADUL__ligand7514-0
102,ICADUL__ligand4894-0
103,ICADUL__ligand1260-0
104,ICADUL__ligand9620-0
105,ICADUL__ligand109-0
106,ICADUL__ligand525-0
107,ICADUL__ligand560-0
108,ICADUL__ligand1788-0
109,ICADUL__ligand331-0
110,ICADUL__ligand10114-0
111,ICADUL__ligand993-0
112,ICADUL__ligand32-0
113,ICADUL__ligand294-0
114,ICADUL__ligand916-0
115,ICADUL__ligand584-0
116,ICADUL__ligand3566-0
117,ICADUL__ligand1178-0
118,ICADUL__ligand798-0
119,ICADUL__ligand421-0
120,ICADUL__ligand1321-0
121,ICADUL__ligand73-0
122,ICADUL__ligand5762-0
123,ICADUL__ligand7414-0
124,ICADUL__ligand1104-0
125,ICADUL__ligand2442-0
126,ICADUL__ligand370-0
127,ICADUL__ligand4-0
128,ICADUL__ligand1019-0
129,ICADUL__ligand1325-0
130,ICADUL__ligand2482-0
131,ICADUL__ligand6571-0
132,ICADUL__ligand460-0
133,ICADUL__ligand250-0
134,ICADUL__ligand444-0
135,ICADUL__ligand2376-0
136,ICADUL__ligand369-0
137,ICADUL__ligand2929-0
138,ICADUL__ligand188-0
139,ICADUL__ligand6430-0
140,ICADUL__ligand1299-0
141,ICADUL__ligand57-0
142,ICADUL__ligand1221-0
143,ICADUL__ligand1264-0
144,ICADUL__ligand1379-0
145,ICADUL__ligand311-0
146,ICADUL__ligand909-0
147,ICADUL__ligand2916-0
148,ICADUL__ligand2110-0
149,ICADUL__ligand55-0
150,ICADUL__ligand3579-0
151,ICADUL__ligand1712-0
152,ICADUL__ligand851-0
153,ICADUL__ligand2389-0
154,ICADUL__ligand95-0
155,ICADUL__ligand1919-0
156,ICADUL__ligand177-0
157,ICADUL__ligand934-0
158,ICADUL__ligand2315-0
159,ICADUL__ligand4504-0
160,ICADUL__ligand3051-0
161,ICADUL__ligand2480-0
162,ICADUL__ligand1898-0
163,ICADUL__ligand955-0
164,ICADUL__ligand5334-0
165,ICADUL__ligand252-0
166,ICADUL__ligand193-0
167,ICADUL__ligand34-0
168,ICADUL__ligand8032-0
169,ICADUL__ligand830-0
170,ICADUL__ligand1858-0
171,ICADUL__ligand6-0
172,ICADUL__ligand226-0
173,ICADUL__ligand162-0
174,ICADUL__ligand38-0
175,ICADUL__ligand383-0
176,ICADUL__ligand1052-0
177,ICADUL__ligand1273-0
178,ICADUL__ligand40-0
179,ICADUL__ligand9027-0
180,ICADUL__ligand1113-0
181,ICADUL__ligand2265-0
182,ICADUL__ligand6396-0
183,ICADUL__ligand21-0
184,ICADUL__ligand1502-0
185,ICADUL__ligand2794-0
186,ICADUL__ligand2345-0
187,ICADUL__ligand1835-0
188,ICADUL__ligand4983-0
189,ICADUL__ligand5022-0
190,ICADUL__ligand1169-0
191,ICADUL__ligand669-0
192,ICADUL__ligand358-0
193,ICADUL__ligand430-0
194,ICADUL__ligand365-0
195,ICADUL__ligand2880-0
196,ICADUL__ligand5941-0
197,ICADUL__ligand2838-0
198,ICADUL__ligand1799-0
199,ICADUL__ligand3838-0
200,ICADUL__ligand66-0
201,ICADUL__ligand278-0
202,ICADUL__ligand9495-0
203,ICADUL__ligand6151-0
204,ICADUL__ligand2772-0
205,ICADUL__ligand6538-0
206,ICADUL__ligand571-0
207,ICADUL__ligand670-0
208,ICADUL__ligand2142-0
209,ICADUL__ligand118-0
210,ICADUL__ligand509-0
211,ICADUL__ligand8-0
212,ICADUL__ligand2864-0
213,ICADUL__ligand575-0
214,ICADUL__ligand7464-0
215,ICADUL__ligand6294-0
216,ICADUL__ligand1054-0
217,ICADUL__ligand1598-0
218,ICADUL__ligand199-0
219,ICADUL__ligand86-0
220,ICADUL__ligand1248-0
221,ICADUL__ligand927-0
222,ICADUL__ligand4303-0
223,ICADUL__ligand8774-0
224,ICADUL__ligand140-0
225,ICADUL__ligand3637-0
226,ICADUL__ligand105-0
227,ICADUL__ligand62-0
228,ICADUL__ligand324-0
229,ICADUL__ligand361-0
230,ICADUL__ligand409-0
231,ICADUL__ligand283-0
232,ICADUL__ligand1152-0
233,ICADUL__ligand553-0
234,ICADUL__ligand1727-0
235,ICADUL__ligand326-0
236,ICADUL__ligand821-0
237,ICADUL__ligand436-0
238,ICADUL__ligand1607-0
239,ICADUL__ligand206-0
240,ICADUL__ligand18-0
241,ICADUL__ligand142-0
242,ICADUL__ligand2320-0
243,ICADUL__ligand1056-0
244,ICADUL__ligand838-0
245,ICADUL__ligand2862-0
246,ICADUL__ligand2285-0
247,ICADUL__ligand166-0
248,ICADUL__ligand1567-0
249,ICADUL__ligand8921-0
250,ICADUL__ligand2510-0
251,ICADUL__ligand532-0
252,ICADUL__ligand918-0
253,ICADUL__ligand633-0
254,ICADUL__ligand2907-0
255,ICADUL__ligand497-0
256,ICADUL__ligand1703-0
257,ICADUL__ligand2430-0
258,ICADUL__ligand178-0
259,ICADUL__ligand1685-0
260,ICADUL__ligand67-0
261,ICADUL__ligand279-0
262,ICADUL__ligand321-0
263,ICADUL__ligand2087-0
264,ICADUL__ligand1048-0
265,ICADUL__ligand3757-0
266,ICADUL__ligand1459-0
267,ICADUL__ligand201-0
268,ICADUL__ligand244-0
269,ICADUL__ligand100-0
270,ICADUL__ligand1544-0
271,ICADUL__ligand3063-0
272,ICADUL__ligand1438-0
273,ICADUL__ligand124-0
274,ICADUL__ligand5801-0
275,ICADUL__ligand1171-0
276,ICADUL__ligand119-0
277,ICADUL__ligand2629-0
278,ICADUL__ligand4381-0
279,ICADUL__ligand1706-0
280,ICADUL__ligand3734-0
281,ICADUL__ligand126-0
282,ICADUL__ligand1376-0
283,ICADUL__ligand2768-0
284,ICADUL__ligand596-0
285,ICADUL__ligand2259-0
286,ICADUL__ligand2688-0
287,ICADUL__ligand1951-0
288,ICADUL__ligand187-0
289,ICADUL__ligand612-0
290,ICADUL__ligand1687-0
291,ICADUL__ligand861-0
292,ICADUL__ligand6277-0
293,ICADUL__ligand366-0
294,ICADUL__ligand2634-0
295,ICADUL__ligand1542-0
296,ICADUL__ligand3041-0
297,ICADUL__ligand2751-0
298,ICADUL__ligand7915-0
299,ICADUL__ligand5548-0
300,ICADUL__ligand1747-0
301,ICADUL__ligand797-0
302,ICADUL__ligand6686-0
303,ICADUL__ligand3145-0
304,ICADUL__ligand45-0
305,ICADUL__ligand3178-0
306,ICADUL__ligand78-0
307,ICADUL__ligand85-0
308,ICADUL__ligand6332-0
309,ICADUL__ligand2098-0
310,ICADUL__ligand6502-0
311,ICADUL__ligand2863-0
312,ICADUL__ligand757-0
313,ICADUL__ligand1148-0
314,ICADUL__ligand120-0
315,ICADUL__ligand384-0
316,ICADUL__ligand1479-0
317,ICADUL__ligand3246-0
318,ICADUL__ligand11730-0
319,ICADUL__ligand1114-0
320,ICADUL__ligand1538-0
321,ICADUL__ligand141-0
322,ICADUL__ligand1228-0
323,ICADUL__ligand240-0
324,ICADUL__ligand9244-0
