,TMC
0,DOSNAB__ligand1788-0
1,DOSNAB__ligand15630-0
2,DOSNAB__ligand73-0
3,DOSNAB__ligand112-0
4,DOSNAB__ligand10357-0
5,DOSNAB__ligand1178-0
6,DOSNAB__ligand3566-0
7,DOSNAB__ligand296-0
8,DOSNAB__ligand197-0
9,DOSNAB__ligand1321-0
10,DOSNAB__ligand4-0
11,DOSNAB__ligand4811-0
12,DOSNAB__ligand1449-1
13,DOSNAB__ligand7514-0
14,DOSNAB__ligand3337-0
15,DOSNAB__ligand783-0
16,DOSNAB__ligand352-0
17,DOSNAB__ligand442-0
18,DOSNAB__ligand868-0
19,DOSNAB__ligand136-0
20,DOSNAB__ligand57-0
21,DOSNAB__ligand9620-0
22,DOSNAB__ligand4894-0
23,DOSNAB__ligand1260-0
24,DOSNAB__ligand390-0
25,DOSNAB__ligand235-0
26,DOSNAB__ligand55-0
27,DOSNAB__ligand134-0
28,DOSNAB__ligand932-0
29,DOSNAB__ligand95-0
30,DOSNAB__ligand109-0
31,DOSNAB__ligand6-0
32,DOSNAB__ligand525-0
33,DOSNAB__ligand560-0
34,DOSNAB__ligand1307-0
35,DOSNAB__ligand993-0
36,DOSNAB__ligand5089-0
37,DOSNAB__ligand2599-0
38,DOSNAB__ligand294-0
39,DOSNAB__ligand2853-0
40,DOSNAB__ligand3853-0
41,DOSNAB__ligand331-0
42,DOSNAB__ligand6166-0
43,DOSNAB__ligand421-0
44,DOSNAB__ligand798-0
45,DOSNAB__ligand916-0
46,DOSNAB__ligand584-0
47,DOSNAB__ligand34-0
48,DOSNAB__ligand1246-0
49,DOSNAB__ligand1898-0
50,DOSNAB__ligand2480-0
51,DOSNAB__ligand370-0
52,DOSNAB__ligand4504-0
53,DOSNAB__ligand3051-0
54,DOSNAB__ligand2315-0
55,DOSNAB__ligand5334-0
56,DOSNAB__ligand48-0
57,DOSNAB__ligand250-0
58,DOSNAB__ligand1858-0
59,DOSNAB__ligand460-0
60,DOSNAB__ligand8032-0
61,DOSNAB__ligand3579-0
62,DOSNAB__ligand2916-0
63,DOSNAB__ligand2110-0
64,DOSNAB__ligand51-0
65,DOSNAB__ligand188-0
66,DOSNAB__ligand369-0
67,DOSNAB__ligand444-0
68,DOSNAB__ligand1712-0
69,DOSNAB__ligand311-0
70,DOSNAB__ligand2389-0
71,DOSNAB__ligand29-0
72,DOSNAB__ligand91-0
73,DOSNAB__ligand1919-0
74,DOSNAB__ligand2376-0
75,DOSNAB__ligand851-0
76,DOSNAB__ligand909-0
77,DOSNAB__ligand2929-0
78,DOSNAB__ligand1221-0
79,DOSNAB__ligand1264-0
80,DOSNAB__ligand1299-0
81,DOSNAB__ligand6430-0
82,DOSNAB__ligand177-0
83,DOSNAB__ligand934-0
84,DOSNAB__ligand1379-0
85,DOSNAB__ligand1104-0
86,DOSNAB__ligand955-0
87,DOSNAB__ligand7414-0
88,DOSNAB__ligand5762-0
89,DOSNAB__ligand252-0
90,DOSNAB__ligand32-0
91,DOSNAB__ligand1019-0
92,DOSNAB__ligand2442-0
93,DOSNAB__ligand830-0
94,DOSNAB__ligand6571-0
95,DOSNAB__ligand2482-0
96,DOSNAB__ligand1325-0
97,DOSNAB__ligand193-0
98,DOSNAB__ligand3070-0
99,DOSNAB__ligand314-0
100,DOSNAB__ligand3035-0
101,DOSNAB__ligand10114-0
102,DOSNAB__ligand2718-0
103,DOSNAB__ligand1493-0
104,DOSNAB__ligand481-0
105,DOSNAB__ligand9176-0
106,DOSNAB__ligand11-0
107,DOSNAB__ligand170-0
108,DOSNAB__ligand3251-0
109,DOSNAB__ligand4619-0
110,DOSNAB__ligand391-0
111,DOSNAB__ligand6143-0
112,DOSNAB__ligand5235-0
113,DOSNAB__ligand10479-0
114,DOSNAB__ligand7456-0
115,DOSNAB__ligand210-0
116,DOSNAB__ligand1818-0
117,DOSNAB__ligand3478-0
118,DOSNAB__ligand3852-0
119,DOSNAB__ligand5758-0
120,DOSNAB__ligand7630-0
121,DOSNAB__ligand1285-0
122,DOSNAB__ligand196-0
123,DOSNAB__ligand1555-0
124,DOSNAB__ligand502-0
125,DOSNAB__ligand4423-0
126,DOSNAB__ligand1907-0
127,DOSNAB__ligand113-0
128,DOSNAB__ligand14530-0
129,DOSNAB__ligand3890-0
130,DOSNAB__ligand422-0
131,DOSNAB__ligand1160-0
132,DOSNAB__ligand2253-0
133,DOSNAB__ligand236-0
134,DOSNAB__ligand2954-0
135,DOSNAB__ligand5093-0
136,DOSNAB__ligand2762-0
137,DOSNAB__ligand1038-0
138,DOSNAB__ligand7550-0
139,DOSNAB__ligand10910-0
140,DOSNAB__ligand353-0
141,DOSNAB__ligand447-0
142,DOSNAB__ligand17-0
143,DOSNAB__ligand2915-0
144,DOSNAB__ligand133-0
145,DOSNAB__ligand1-0
146,DOSNAB__ligand666-0
147,DOSNAB__ligand4012-0
148,DOSNAB__ligand3196-0
149,DOSNAB__ligand92-0
150,DOSNAB__ligand522-0
151,DOSNAB__ligand487-0
152,DOSNAB__ligand1551-0
153,DOSNAB__ligand2526-0
154,DOSNAB__ligand2707-0
155,DOSNAB__ligand1690-0
156,DOSNAB__ligand682-0
157,DOSNAB__ligand1436-0
158,DOSNAB__ligand2618-0
159,DOSNAB__ligand3618-0
160,DOSNAB__ligand89-0
161,DOSNAB__ligand115-0
162,DOSNAB__ligand291-0
163,DOSNAB__ligand49-0
164,DOSNAB__ligand4370-0
165,DOSNAB__ligand1918-0
166,DOSNAB__ligand3-0
167,DOSNAB__ligand485-0
168,DOSNAB__ligand784-0
169,DOSNAB__ligand355-0
170,DOSNAB__ligand4175-0
171,DOSNAB__ligand2255-0
172,DOSNAB__ligand2768-0
173,DOSNAB__ligand1376-0
174,DOSNAB__ligand321-0
175,DOSNAB__ligand2259-0
176,DOSNAB__ligand2688-0
177,DOSNAB__ligand178-0
178,DOSNAB__ligand279-0
179,DOSNAB__ligand201-0
180,DOSNAB__ligand1687-0
181,DOSNAB__ligand244-0
182,DOSNAB__ligand1951-0
183,DOSNAB__ligand100-0
184,DOSNAB__ligand6277-0
185,DOSNAB__ligand124-0
186,DOSNAB__ligand4381-0
187,DOSNAB__ligand45-0
188,DOSNAB__ligand2629-0
189,DOSNAB__ligand3734-0
190,DOSNAB__ligand1706-0
191,DOSNAB__ligand78-0
192,DOSNAB__ligand85-0
193,DOSNAB__ligand119-0
194,DOSNAB__ligand1438-0
195,DOSNAB__ligand3063-0
196,DOSNAB__ligand5801-0
197,DOSNAB__ligand126-0
198,DOSNAB__ligand1171-0
199,DOSNAB__ligand596-0
200,DOSNAB__ligand1685-0
201,DOSNAB__ligand3757-0
202,DOSNAB__ligand1048-0
203,DOSNAB__ligand2087-0
204,DOSNAB__ligand861-0
205,DOSNAB__ligand366-0
206,DOSNAB__ligand1459-0
207,DOSNAB__ligand187-0
208,DOSNAB__ligand1544-0
209,DOSNAB__ligand612-0
210,DOSNAB__ligand67-0
211,DOSNAB__ligand1538-0
212,DOSNAB__ligand1114-0
213,DOSNAB__ligand9244-0
214,DOSNAB__ligand1228-0
215,DOSNAB__ligand1148-0
216,DOSNAB__ligand1479-0
217,DOSNAB__ligand797-0
218,DOSNAB__ligand757-0
219,DOSNAB__ligand3246-0
220,DOSNAB__ligand1747-0
221,DOSNAB__ligand6686-0
222,DOSNAB__ligand384-0
223,DOSNAB__ligand5548-0
224,DOSNAB__ligand7915-0
225,DOSNAB__ligand3145-0
226,DOSNAB__ligand120-0
227,DOSNAB__ligand6332-0
228,DOSNAB__ligand3178-0
229,DOSNAB__ligand2863-0
230,DOSNAB__ligand6502-0
231,DOSNAB__ligand2098-0
232,DOSNAB__ligand1542-0
233,DOSNAB__ligand2634-0
234,DOSNAB__ligand3041-0
235,DOSNAB__ligand2751-0
236,DOSNAB__ligand141-0
237,DOSNAB__ligand240-0
238,DOSNAB__ligand383-0
239,DOSNAB__ligand6538-0
240,DOSNAB__ligand2772-0
241,DOSNAB__ligand6151-0
242,DOSNAB__ligand9495-0
243,DOSNAB__ligand2142-0
244,DOSNAB__ligand226-0
245,DOSNAB__ligand162-0
246,DOSNAB__ligand86-0
247,DOSNAB__ligand2864-0
248,DOSNAB__ligand1169-0
249,DOSNAB__ligand5022-0
250,DOSNAB__ligand1799-0
251,DOSNAB__ligand3838-0
252,DOSNAB__ligand2838-0
253,DOSNAB__ligand2880-0
254,DOSNAB__ligand5941-0
255,DOSNAB__ligand62-0
256,DOSNAB__ligand430-0
257,DOSNAB__ligand358-0
258,DOSNAB__ligand9027-0
259,DOSNAB__ligand6396-0
260,DOSNAB__ligand669-0
261,DOSNAB__ligand2265-0
262,DOSNAB__ligand1113-0
263,DOSNAB__ligand1502-0
264,DOSNAB__ligand18-0
265,DOSNAB__ligand278-0
266,DOSNAB__ligand4983-0
267,DOSNAB__ligand365-0
268,DOSNAB__ligand1835-0
269,DOSNAB__ligand2794-0
270,DOSNAB__ligand2345-0
271,DOSNAB__ligand571-0
272,DOSNAB__ligand118-0
273,DOSNAB__ligand670-0
274,DOSNAB__ligand1052-0
275,DOSNAB__ligand1273-0
276,DOSNAB__ligand509-0
277,DOSNAB__ligand2862-0
278,DOSNAB__ligand1056-0
279,DOSNAB__ligand2320-0
280,DOSNAB__ligand2510-0
281,DOSNAB__ligand11730-0
282,DOSNAB__ligand8921-0
283,DOSNAB__ligand1567-0
284,DOSNAB__ligand575-0
285,DOSNAB__ligand38-0
286,DOSNAB__ligand2285-0
287,DOSNAB__ligand2907-0
288,DOSNAB__ligand40-0
289,DOSNAB__ligand199-0
290,DOSNAB__ligand927-0
291,DOSNAB__ligand2430-0
292,DOSNAB__ligand1703-0
293,DOSNAB__ligand1152-0
294,DOSNAB__ligand140-0
295,DOSNAB__ligand105-0
296,DOSNAB__ligand21-0
297,DOSNAB__ligand1727-0
298,DOSNAB__ligand409-0
299,DOSNAB__ligand324-0
300,DOSNAB__ligand361-0
301,DOSNAB__ligand1607-0
302,DOSNAB__ligand326-0
303,DOSNAB__ligand8774-0
304,DOSNAB__ligand821-0
305,DOSNAB__ligand283-0
306,DOSNAB__ligand3637-0
307,DOSNAB__ligand553-0
308,DOSNAB__ligand206-0
309,DOSNAB__ligand66-0
310,DOSNAB__ligand142-0
311,DOSNAB__ligand8-0
312,DOSNAB__ligand436-0
313,DOSNAB__ligand7464-0
314,DOSNAB__ligand166-0
315,DOSNAB__ligand838-0
316,DOSNAB__ligand1054-0
317,DOSNAB__ligand497-0
318,DOSNAB__ligand6294-0
319,DOSNAB__ligand4303-0
320,DOSNAB__ligand532-0
321,DOSNAB__ligand1248-0
322,DOSNAB__ligand633-0
323,DOSNAB__ligand1598-0
324,DOSNAB__ligand918-0
