,TMC
0,PCESMO__ligand670-0
1,PCESMO__ligand12336-0
2,PCESMO__ligand534-0
3,PCESMO__ligand571-0
4,PCESMO__ligand13072-0
5,PCESMO__ligand1533-0
6,PCESMO__ligand66-0
7,PCESMO__ligand1496-0
8,PCESMO__ligand7557-0
9,PCESMO__ligand18699-0
10,PCESMO__ligand12682-0
11,PCESMO__ligand1712-0
12,PCESMO__ligand4131-0
13,PCESMO__ligand5892-0
14,PCESMO__ligand5094-0
15,PCESMO__ligand17590-0
16,PCESMO__ligand17240-0
17,PCESMO__ligand20579-0
18,PCESMO__ligand17710-0
19,PCESMO__ligand7162-0
20,PCESMO__ligand358-0
21,PCESMO__ligand3029-0
22,PCESMO__ligand11568-0
23,PCESMO__ligand430-0
24,PCESMO__ligand4581-0
25,PCESMO__ligand488-0
26,PCESMO__ligand1773-0
27,PCESMO__ligand2328-0
28,PCESMO__ligand9197-0
29,PCESMO__ligand1900-0
30,PCESMO__ligand14586-0
31,PCESMO__ligand11774-0
32,PCESMO__ligand21421-0
33,PCESMO__ligand694-0
34,PCESMO__ligand42-0
35,PCESMO__ligand19725-0
36,PCESMO__ligand2208-0
37,PCESMO__ligand3208-0
38,PCESMO__ligand24613-0
39,PCESMO__ligand3350-0
40,PCESMO__ligand2781-0
41,PCESMO__ligand7573-0
42,PCESMO__ligand8722-0
43,PCESMO__ligand31483-0
44,PCESMO__ligand1327-0
45,PCESMO__ligand6672-0
46,PCESMO__ligand9809-0
47,PCESMO__ligand10555-0
48,PCESMO__ligand15168-0
49,PCESMO__ligand656-0
50,PCESMO__ligand2527-0
51,PCESMO__ligand23589-0
52,PCESMO__ligand8349-0
53,PCESMO__ligand8464-0
54,PCESMO__ligand1709-0
55,PCESMO__ligand24064-0
56,PCESMO__ligand4911-0
57,PCESMO__ligand1771-0
58,PCESMO__ligand3392-0
59,PCESMO__ligand10432-0
60,PCESMO__ligand11432-0
61,PCESMO__ligand31618-0
62,PCESMO__ligand696-0
63,PCESMO__ligand38-0
64,PCESMO__ligand22755-0
65,PCESMO__ligand29898-0
66,PCESMO__ligand26277-0
67,PCESMO__ligand5849-0
68,PCESMO__ligand2722-0
69,PCESMO__ligand1379-0
70,PCESMO__ligand416-0
71,PCESMO__ligand5935-0
72,PCESMO__ligand383-0
73,PCESMO__ligand24750-0
74,PCESMO__ligand9525-0
75,PCESMO__ligand162-0
76,PCESMO__ligand17207-0
77,PCESMO__ligand31578-0
78,PCESMO__ligand1165-0
79,PCESMO__ligand226-0
80,PCESMO__ligand18013-0
81,PCESMO__ligand25224-0
82,PCESMO__ligand17945-0
83,PCESMO__ligand3157-0
84,PCESMO__ligand3647-0
85,PCESMO__ligand5357-0
86,PCESMO__ligand18703-0
87,PCESMO__ligand1688-0
88,PCESMO__ligand29087-0
89,PCESMO__ligand4850-0
90,PCESMO__ligand5056-0
91,PCESMO__ligand1768-0
92,PCESMO__ligand15438-0
93,PCESMO__ligand1469-0
94,PCESMO__ligand3871-0
95,PCESMO__ligand28924-0
96,PCESMO__ligand18-0
97,PCESMO__ligand9148-0
98,PCESMO__ligand30539-0
99,PCESMO__ligand11166-0
100,PCESMO__ligand21132-0
101,PCESMO__ligand7529-0
102,PCESMO__ligand6946-0
103,PCESMO__ligand1415-0
104,PCESMO__ligand23906-0
105,PCESMO__ligand27835-0
106,PCESMO__ligand2830-0
107,PCESMO__ligand12295-0
108,PCESMO__ligand497-0
109,PCESMO__ligand1729-0
110,PCESMO__ligand5627-0
111,PCESMO__ligand5483-0
112,PCESMO__ligand633-0
113,PCESMO__ligand5316-0
114,PCESMO__ligand25689-0
115,PCESMO__ligand25575-0
116,PCESMO__ligand21787-0
117,PCESMO__ligand1065-0
118,PCESMO__ligand7530-0
119,PCESMO__ligand19257-0
120,PCESMO__ligand13209-0
121,PCESMO__ligand3012-0
122,PCESMO__ligand12660-0
123,PCESMO__ligand1449-0
124,PCESMO__ligand326-0
125,PCESMO__ligand4332-0
126,PCESMO__ligand25650-0
127,PCESMO__ligand9681-0
128,PCESMO__ligand31248-0
129,PCESMO__ligand1-0
130,PCESMO__ligand6455-0
131,PCESMO__ligand6882-0
132,PCESMO__ligand3934-0
133,PCESMO__ligand692-0
134,PCESMO__ligand23124-0
135,PCESMO__ligand436-0
136,PCESMO__ligand11206-0
137,PCESMO__ligand25735-0
138,PCESMO__ligand12519-0
139,PCESMO__ligand2403-0
140,PCESMO__ligand13869-0
141,PCESMO__ligand18074-0
142,PCESMO__ligand3973-0
143,PCESMO__ligand29863-0
144,PCESMO__ligand3-0
145,PCESMO__ligand1147-0
146,PCESMO__ligand11140-0
147,PCESMO__ligand7925-0
148,PCESMO__ligand29610-0
149,PCESMO__ligand2068-0
150,PCESMO__ligand28668-0
151,PCESMO__ligand361-0
152,PCESMO__ligand324-0
153,PCESMO__ligand409-0
154,PCESMO__ligand4194-0
155,PCESMO__ligand16791-0
156,PCESMO__ligand7532-0
157,PCESMO__ligand18799-0
158,PCESMO__ligand18465-0
159,PCESMO__ligand4330-0
160,PCESMO__ligand2599-0
161,PCESMO__ligand20599-0
162,PCESMO__ligand22981-0
163,PCESMO__ligand25805-0
164,PCESMO__ligand6283-0
165,PCESMO__ligand27074-0
166,PCESMO__ligand300-0
167,PCESMO__ligand18391-0
168,PCESMO__ligand6062-0
169,PCESMO__ligand14523-0
170,PCESMO__ligand27169-0
171,PCESMO__ligand4738-0
172,PCESMO__ligand588-0
173,PCESMO__ligand4813-0
174,PCESMO__ligand5813-0
175,PCESMO__ligand12467-0
176,PCESMO__ligand3215-0
177,PCESMO__ligand10084-0
178,PCESMO__ligand199-0
179,PCESMO__ligand25267-0
180,PCESMO__ligand23904-0
181,PCESMO__ligand7107-0
182,PCESMO__ligand21936-0
183,PCESMO__ligand13257-0
184,PCESMO__ligand10476-0
185,PCESMO__ligand13068-0
186,PCESMO__ligand9601-0
187,PCESMO__ligand19830-0
188,PCESMO__ligand4-0
189,PCESMO__ligand12401-0
190,PCESMO__ligand15585-0
191,PCESMO__ligand596-0
192,PCESMO__ligand941-0
193,PCESMO__ligand24145-0
194,PCESMO__ligand8992-0
195,PCESMO__ligand1018-0
196,PCESMO__ligand777-0
197,PCESMO__ligand12231-0
198,PCESMO__ligand4116-0
199,PCESMO__ligand26702-0
200,PCESMO__ligand13658-0
201,PCESMO__ligand18292-0
202,PCESMO__ligand12289-0
203,PCESMO__ligand12130-0
204,PCESMO__ligand17387-0
205,PCESMO__ligand7967-0
206,PCESMO__ligand3707-0
207,PCESMO__ligand6124-0
208,PCESMO__ligand1324-0
209,PCESMO__ligand17805-0
210,PCESMO__ligand8721-0
211,PCESMO__ligand366-0
212,PCESMO__ligand1823-0
213,PCESMO__ligand17302-0
214,PCESMO__ligand5643-0
215,PCESMO__ligand657-0
216,PCESMO__ligand1615-0
217,PCESMO__ligand25178-0
218,PCESMO__ligand2526-0
219,PCESMO__ligand5036-0
220,PCESMO__ligand187-0
221,PCESMO__ligand9952-0
222,PCESMO__ligand9111-0
223,PCESMO__ligand24185-0
224,PCESMO__ligand23769-0
225,PCESMO__ligand10958-0
226,PCESMO__ligand845-0
227,PCESMO__ligand9441-0
228,PCESMO__ligand2332-0
229,PCESMO__ligand12641-0
230,PCESMO__ligand1530-0
231,PCESMO__ligand1575-0
232,PCESMO__ligand9933-0
233,PCESMO__ligand1631-0
234,PCESMO__ligand14108-0
235,PCESMO__ligand163-0
236,PCESMO__ligand126-0
237,PCESMO__ligand13425-0
238,PCESMO__ligand29302-0
239,PCESMO__ligand19057-0
240,PCESMO__ligand18814-0
241,PCESMO__ligand2915-0
242,PCESMO__ligand3156-0
243,PCESMO__ligand28676-0
244,PCESMO__ligand10262-0
245,PCESMO__ligand1378-0
246,PCESMO__ligand27763-0
247,PCESMO__ligand6244-0
248,PCESMO__ligand2917-0
249,PCESMO__ligand16628-0
250,PCESMO__ligand7819-0
251,PCESMO__ligand12427-0
252,PCESMO__ligand20740-0
253,PCESMO__ligand28468-0
254,PCESMO__ligand27460-0
255,PCESMO__ligand3465-0
256,PCESMO__ligand3721-0
257,PCESMO__ligand6904-0
258,PCESMO__ligand6596-0
259,PCESMO__ligand6102-0
260,PCESMO__ligand338-0
261,PCESMO__ligand12606-0
262,PCESMO__ligand4620-0
263,PCESMO__ligand30333-0
264,PCESMO__ligand26540-0
265,PCESMO__ligand29410-0
266,PCESMO__ligand12337-0
267,PCESMO__ligand30296-0
268,PCESMO__ligand1577-0
269,PCESMO__ligand6067-0
270,PCESMO__ligand2295-0
271,PCESMO__ligand17281-0
272,PCESMO__ligand67-0
273,PCESMO__ligand31783-0
274,PCESMO__ligand4641-0
275,PCESMO__ligand321-0
276,PCESMO__ligand13012-0
277,PCESMO__ligand279-0
278,PCESMO__ligand17631-0
279,PCESMO__ligand43-0
280,PCESMO__ligand185-0
281,PCESMO__ligand26665-0
282,PCESMO__ligand14603-0
283,PCESMO__ligand178-0
284,PCESMO__ligand14297-0
285,PCESMO__ligand17258-0
286,PCESMO__ligand30988-0
287,PCESMO__ligand1142-0
288,PCESMO__ligand3234-0
289,PCESMO__ligand23713-0
290,PCESMO__ligand201-0
291,PCESMO__ligand27175-0
292,PCESMO__ligand18832-0
293,PCESMO__ligand12934-0
294,PCESMO__ligand20578-0
295,PCESMO__ligand15422-0
296,PCESMO__ligand7126-0
297,PCESMO__ligand19641-0
298,PCESMO__ligand2028-0
299,PCESMO__ligand8835-0
300,PCESMO__ligand14723-0
301,PCESMO__ligand27893-0
302,PCESMO__ligand3565-0
303,PCESMO__ligand28789-0
304,PCESMO__ligand1512-0
305,PCESMO__ligand20419-0
306,PCESMO__ligand5331-0
307,PCESMO__ligand17118-0
308,PCESMO__ligand21371-0
309,PCESMO__ligand30851-0
310,PCESMO__ligand14889-0
311,PCESMO__ligand6919-0
312,PCESMO__ligand3852-0
313,PCESMO__ligand2485-0
314,PCESMO__ligand29568-0
315,PCESMO__ligand3094-0
316,PCESMO__ligand4155-0
317,PCESMO__ligand21581-0
318,PCESMO__ligand31097-0
319,PCESMO__ligand5211-0
320,PCESMO__ligand20539-0
321,PCESMO__ligand30702-0
322,PCESMO__ligand20214-0
323,PCESMO__ligand20251-0
324,PCESMO__ligand240-0
325,PCESMO__ligand6839-0
326,PCESMO__ligand8969-0
327,PCESMO__ligand3174-0
328,PCESMO__ligand3937-0
329,PCESMO__ligand1202-0
330,PCESMO__ligand3131-0
331,PCESMO__ligand141-0
332,PCESMO__ligand17261-0
333,PCESMO__ligand14117-0
334,PCESMO__ligand4720-0
335,PCESMO__ligand7106-0
336,PCESMO__ligand384-0
337,PCESMO__ligand7242-0
338,PCESMO__ligand16475-0
339,PCESMO__ligand14703-0
340,PCESMO__ligand20251-1
341,PCESMO__ligand1263-0
342,PCESMO__ligand9908-0
343,PCESMO__ligand9935-0
344,PCESMO__ligand1536-0
345,PCESMO__ligand1573-0
346,PCESMO__ligand20011-0
347,PCESMO__ligand17278-0
348,PCESMO__ligand1959-0
349,PCESMO__ligand29414-0
350,PCESMO__ligand3504-0
351,PCESMO__ligand17982-0
352,PCESMO__ligand768-0
353,PCESMO__ligand11675-0
354,PCESMO__ligand1844-0
355,PCESMO__ligand4661-0
356,PCESMO__ligand20598-0
357,PCESMO__ligand22557-0
358,PCESMO__ligand10589-0
359,PCESMO__ligand24047-0
360,PCESMO__ligand1343-0
361,PCESMO__ligand3876-0
362,PCESMO__ligand3035-0
363,PCESMO__ligand6616-0
364,PCESMO__ligand17398-0
365,PCESMO__ligand3718-0
366,PCESMO__ligand13331-0
367,PCESMO__ligand4016-0
368,PCESMO__ligand28884-0
369,PCESMO__ligand12030-0
370,PCESMO__ligand7867-0
371,PCESMO__ligand24-0
372,PCESMO__ligand14248-0
373,PCESMO__ligand29879-0
374,PCESMO__ligand1219-0
375,PCESMO__ligand6709-0
376,PCESMO__ligand31832-0
377,PCESMO__ligand13294-0
378,PCESMO__ligand1790-0
379,PCESMO__ligand1304-0
380,PCESMO__ligand7280-0
381,PCESMO__ligand7238-0
382,PCESMO__ligand9784-0
383,PCESMO__ligand757-0
384,PCESMO__ligand1451-0
385,PCESMO__ligand4272-0
386,PCESMO__ligand7629-0
387,PCESMO__ligand25411-0
388,PCESMO__ligand19-0
389,PCESMO__ligand4442-0
390,PCESMO__ligand4093-0
391,PCESMO__ligand11456-0
392,PCESMO__ligand3954-0
393,PCESMO__ligand122-0
394,PCESMO__ligand9520-0
395,PCESMO__ligand8699-0
396,PCESMO__ligand10712-0
397,PCESMO__ligand14174-0
398,PCESMO__ligand1160-0
399,PCESMO__ligand9833-0
400,PCESMO__ligand2828-0
401,PCESMO__ligand8876-0
402,PCESMO__ligand7648-0
403,PCESMO__ligand20682-0
404,PCESMO__ligand5256-0
405,PCESMO__ligand4157-0
406,PCESMO__ligand2232-0
407,PCESMO__ligand2176-0
408,PCESMO__ligand13390-0
409,PCESMO__ligand693-0
410,PCESMO__ligand9291-0
411,PCESMO__ligand78-0
412,PCESMO__ligand8115-0
413,PCESMO__ligand6768-0
414,PCESMO__ligand1982-0
415,PCESMO__ligand7000-0
416,PCESMO__ligand45-0
417,PCESMO__ligand1285-0
418,PCESMO__ligand13208-0
419,PCESMO__ligand4503-0
420,PCESMO__ligand4546-0
421,PCESMO__ligand27482-0
422,PCESMO__ligand26810-0
423,PCESMO__ligand49-0
424,PCESMO__ligand29486-0
425,PCESMO__ligand31694-0
426,PCESMO__ligand1289-0
427,PCESMO__ligand2203-0
428,PCESMO__ligand5387-0
429,PCESMO__ligand17427-0
430,PCESMO__ligand393-0
431,PCESMO__ligand353-0
432,PCESMO__ligand24780-0
433,PCESMO__ligand12138-0
434,PCESMO__ligand22129-0
435,PCESMO__ligand11949-0
436,PCESMO__ligand9450-0
437,PCESMO__ligand1599-0
438,PCESMO__ligand89-0
439,PCESMO__ligand2612-0
440,PCESMO__ligand25561-0
441,PCESMO__ligand8788-0
442,PCESMO__ligand1832-0
443,PCESMO__ligand24872-0
444,PCESMO__ligand30728-0
445,PCESMO__ligand2043-0
446,PCESMO__ligand27840-0
447,PCESMO__ligand9943-0
448,PCESMO__ligand1228-0
449,PCESMO__ligand196-0
450,PCESMO__ligand12001-0
451,PCESMO__ligand24644-0
452,PCESMO__ligand10033-0
453,PCESMO__ligand1604-0
454,PCESMO__ligand1114-0
455,PCESMO__ligand22444-0
456,PCESMO__ligand24111-0
457,PCESMO__ligand3126-0
458,PCESMO__ligand13385-0
459,PCESMO__ligand6391-0
460,PCESMO__ligand686-0
461,PCESMO__ligand14569-0
462,PCESMO__ligand9284-0
463,PCESMO__ligand15788-0
464,PCESMO__ligand23175-0
465,PCESMO__ligand422-0
466,PCESMO__ligand17396-0
467,PCESMO__ligand13220-0
468,PCESMO__ligand11587-0
469,PCESMO__ligand2417-0
470,PCESMO__ligand8612-0
471,PCESMO__ligand2124-0
472,PCESMO__ligand22403-0
473,PCESMO__ligand3225-0
474,PCESMO__ligand1153-0
475,PCESMO__ligand1116-0
476,PCESMO__ligand7092-0
477,PCESMO__ligand2260-0
478,PCESMO__ligand11111-0
479,PCESMO__ligand7273-0
480,PCESMO__ligand28540-0
481,PCESMO__ligand9323-0
482,PCESMO__ligand16369-0
483,PCESMO__ligand7172-0
484,PCESMO__ligand20695-0
485,PCESMO__ligand27754-0
486,PCESMO__ligand465-0
487,PCESMO__ligand5180-0
488,PCESMO__ligand29215-0
489,PCESMO__ligand10872-0
490,PCESMO__ligand7316-0
491,PCESMO__ligand21399-0
492,PCESMO__ligand314-1
493,PCESMO__ligand5708-0
494,PCESMO__ligand12003-0
495,PCESMO__ligand17-0
496,PCESMO__ligand6017-0
497,PCESMO__ligand26631-0
498,PCESMO__ligand16148-0
499,PCESMO__ligand7196-0
500,PCESMO__ligand14043-0
501,PCESMO__ligand813-0
502,PCESMO__ligand26324-0
503,PCESMO__ligand28559-0
504,PCESMO__ligand5159-0
505,PCESMO__ligand5530-0
506,PCESMO__ligand1356-0
507,PCESMO__ligand1787-0
508,PCESMO__ligand9753-0
509,PCESMO__ligand780-0
510,PCESMO__ligand314-0
511,PCESMO__ligand19927-0
512,PCESMO__ligand3178-0
513,PCESMO__ligand27239-0
514,PCESMO__ligand21729-0
515,PCESMO__ligand4807-0
516,PCESMO__ligand4711-0
517,PCESMO__ligand26529-0
518,PCESMO__ligand3244-0
519,PCESMO__ligand618-0
520,PCESMO__ligand2906-0
521,PCESMO__ligand8793-0
522,PCESMO__ligand2788-0
523,PCESMO__ligand5649-0
524,PCESMO__ligand11618-0
525,PCESMO__ligand391-0
526,PCESMO__ligand4649-0
527,PCESMO__ligand2238-0
528,PCESMO__ligand29029-0
529,PCESMO__ligand9167-0
530,PCESMO__ligand27285-0
531,PCESMO__ligand5304-0
532,PCESMO__ligand2822-0
533,PCESMO__ligand7293-0
534,PCESMO__ligand1317-0
535,PCESMO__ligand3867-0
536,PCESMO__ligand784-0
537,PCESMO__ligand23197-0
538,PCESMO__ligand395-0
539,PCESMO__ligand5509-0
540,PCESMO__ligand8002-0
541,PCESMO__ligand1407-0
542,PCESMO__ligand6117-0
543,PCESMO__ligand368-0
544,PCESMO__ligand27669-0
545,PCESMO__ligand7762-0
546,PCESMO__ligand5080-0
547,PCESMO__ligand30142-0
548,PCESMO__ligand14167-0
549,PCESMO__ligand13477-0
550,PCESMO__ligand4101-0
551,PCESMO__ligand5595-0
552,PCESMO__ligand19184-0
553,PCESMO__ligand28459-0
554,PCESMO__ligand115-0
555,PCESMO__ligand2221-0
556,PCESMO__ligand12453-0
557,PCESMO__ligand18448-0
558,PCESMO__ligand4358-0
559,PCESMO__ligand3120-0
560,PCESMO__ligand3926-0
561,PCESMO__ligand10371-0
562,PCESMO__ligand1197-0
563,PCESMO__ligand5099-0
564,PCESMO__ligand8592-0
565,PCESMO__ligand1296-0
566,PCESMO__ligand2259-0
567,PCESMO__ligand833-0
568,PCESMO__ligand18568-0
569,PCESMO__ligand28685-0
570,PCESMO__ligand9773-0
571,PCESMO__ligand5510-0
572,PCESMO__ligand1376-0
573,PCESMO__ligand13672-0
574,PCESMO__ligand1168-0
575,PCESMO__ligand1294-0
576,PCESMO__ligand14614-0
577,PCESMO__ligand506-0
578,PCESMO__ligand11-0
579,PCESMO__ligand3632-0
580,PCESMO__ligand3677-0
581,PCESMO__ligand16663-0
582,PCESMO__ligand11994-0
583,PCESMO__ligand31044-0
584,PCESMO__ligand31842-0
585,PCESMO__ligand24035-0
586,PCESMO__ligand6699-0
587,PCESMO__ligand1499-0
588,PCESMO__ligand2881-0
589,PCESMO__ligand30711-0
590,PCESMO__ligand20207-0
591,PCESMO__ligand11682-0
592,PCESMO__ligand1464-0
593,PCESMO__ligand3712-0
594,PCESMO__ligand1211-0
595,PCESMO__ligand69-0
596,PCESMO__ligand6892-0
597,PCESMO__ligand25913-0
598,PCESMO__ligand152-0
599,PCESMO__ligand16988-0
600,PCESMO__ligand3736-0
601,PCESMO__ligand15883-0
602,PCESMO__ligand8000-0
603,PCESMO__ligand447-0
604,PCESMO__ligand11970-0
605,PCESMO__ligand746-0
606,PCESMO__ligand9344-0
607,PCESMO__ligand10828-0
608,PCESMO__ligand19792-0
609,PCESMO__ligand176-0
610,PCESMO__ligand15926-0
611,PCESMO__ligand5383-0
612,PCESMO__ligand2693-0
613,PCESMO__ligand24230-0
614,PCESMO__ligand3945-0
615,PCESMO__ligand11096-0
616,PCESMO__ligand11447-0
617,PCESMO__ligand28810-0
618,PCESMO__ligand28743-0
619,PCESMO__ligand15531-0
620,PCESMO__ligand9299-0
621,PCESMO__ligand13862-0
622,PCESMO__ligand11357-0
623,PCESMO__ligand12365-0
624,PCESMO__ligand2985-0
625,PCESMO__ligand10056-0
626,PCESMO__ligand4007-0
627,PCESMO__ligand8-0
628,PCESMO__ligand487-0
629,PCESMO__ligand9883-0
630,PCESMO__ligand3677-1
631,PCESMO__ligand21919-0
632,PCESMO__ligand22294-0
633,PCESMO__ligand22168-0
634,PCESMO__ligand7291-0
635,PCESMO__ligand28930-0
636,PCESMO__ligand294-0
637,PCESMO__ligand11758-0
638,PCESMO__ligand22357-0
639,PCESMO__ligand16-0
640,PCESMO__ligand21448-0
641,PCESMO__ligand5515-0
642,PCESMO__ligand6663-0
643,PCESMO__ligand11501-0
644,PCESMO__ligand11544-0
645,PCESMO__ligand5614-0
646,PCESMO__ligand5280-0
647,PCESMO__ligand1831-0
648,PCESMO__ligand29214-0
649,PCESMO__ligand17445-0
650,PCESMO__ligand1849-0
651,PCESMO__ligand14477-0
652,PCESMO__ligand17069-0
653,PCESMO__ligand421-0
654,PCESMO__ligand685-0
655,PCESMO__ligand11798-0
656,PCESMO__ligand1216-0
657,PCESMO__ligand5019-0
658,PCESMO__ligand20731-0
659,PCESMO__ligand29334-0
660,PCESMO__ligand3261-0
661,PCESMO__ligand1152-0
662,PCESMO__ligand12413-0
663,PCESMO__ligand8042-0
664,PCESMO__ligand27771-0
665,PCESMO__ligand6112-0
666,PCESMO__ligand18158-0
667,PCESMO__ligand23682-0
668,PCESMO__ligand1828-0
669,PCESMO__ligand1397-0
670,PCESMO__ligand29565-0
671,PCESMO__ligand7213-0
672,PCESMO__ligand4710-0
673,PCESMO__ligand5755-0
674,PCESMO__ligand134-0
675,PCESMO__ligand3144-0
676,PCESMO__ligand14226-0
677,PCESMO__ligand21339-0
678,PCESMO__ligand16956-0
679,PCESMO__ligand5085-0
680,PCESMO__ligand20942-1
681,PCESMO__ligand235-0
682,PCESMO__ligand560-0
683,PCESMO__ligand32-0
684,PCESMO__ligand3285-0
685,PCESMO__ligand4795-0
686,PCESMO__ligand1908-0
687,PCESMO__ligand27550-0
688,PCESMO__ligand5630-0
689,PCESMO__ligand14007-0
690,PCESMO__ligand18019-1
691,PCESMO__ligand1786-0
692,PCESMO__ligand3557-0
693,PCESMO__ligand3980-0
694,PCESMO__ligand1149-0
695,PCESMO__ligand24624-0
696,PCESMO__ligand18413-0
697,PCESMO__ligand20844-0
698,PCESMO__ligand7075-0
699,PCESMO__ligand24560-0
700,PCESMO__ligand18757-0
701,PCESMO__ligand783-0
702,PCESMO__ligand9750-0
703,PCESMO__ligand352-0
704,PCESMO__ligand1779-0
705,PCESMO__ligand1817-0
706,PCESMO__ligand6993-0
707,PCESMO__ligand13691-0
708,PCESMO__ligand4167-0
709,PCESMO__ligand868-0
710,PCESMO__ligand30788-0
711,PCESMO__ligand1400-0
712,PCESMO__ligand4266-0
713,PCESMO__ligand14339-0
714,PCESMO__ligand9491-0
715,PCESMO__ligand48-0
716,PCESMO__ligand21752-0
717,PCESMO__ligand1288-0
718,PCESMO__ligand4207-0
719,PCESMO__ligand21940-0
720,PCESMO__ligand3416-0
721,PCESMO__ligand3453-0
722,PCESMO__ligand25048-0
723,PCESMO__ligand1150-0
724,PCESMO__ligand91-0
725,PCESMO__ligand24953-0
726,PCESMO__ligand23445-0
727,PCESMO__ligand16133-0
728,PCESMO__ligand13755-0
729,PCESMO__ligand27122-0
730,PCESMO__ligand20432-0
731,PCESMO__ligand1539-0
732,PCESMO__ligand197-0
733,PCESMO__ligand51-0
734,PCESMO__ligand8200-0
735,PCESMO__ligand7438-0
736,PCESMO__ligand4063-0
737,PCESMO__ligand3042-0
738,PCESMO__ligand30004-0
739,PCESMO__ligand20557-0
740,PCESMO__ligand68-0
741,PCESMO__ligand18067-0
742,PCESMO__ligand252-0
743,PCESMO__ligand9615-0
744,PCESMO__ligand19824-0
745,PCESMO__ligand1154-0
746,PCESMO__ligand116-0
747,PCESMO__ligand1498-0
748,PCESMO__ligand13260-0
749,PCESMO__ligand4596-0
750,PCESMO__ligand10582-0
751,PCESMO__ligand11252-0
752,PCESMO__ligand31000-0
753,PCESMO__ligand372-0
754,PCESMO__ligand11606-0
755,PCESMO__ligand830-0
756,PCESMO__ligand1169-0
757,PCESMO__ligand20821-0
758,PCESMO__ligand8529-0
759,PCESMO__ligand193-0
760,PCESMO__ligand26673-0
761,PCESMO__ligand55-0
762,PCESMO__ligand11622-0
763,PCESMO__ligand1050-0
764,PCESMO__ligand1015-0
765,PCESMO__ligand2027-0
766,PCESMO__ligand16870-0
767,PCESMO__ligand34-0
768,PCESMO__ligand16603-0
769,PCESMO__ligand11814-0
770,PCESMO__ligand909-0
771,PCESMO__ligand177-0
772,PCESMO__ligand1618-0
773,PCESMO__ligand31205-0
774,PCESMO__ligand17686-0
775,PCESMO__ligand25658-0
776,PCESMO__ligand2692-0
777,PCESMO__ligand4262-0
778,PCESMO__ligand15455-0
779,PCESMO__ligand11177-0
780,PCESMO__ligand1028-0
781,PCESMO__ligand29813-0
782,PCESMO__ligand16952-0
783,PCESMO__ligand188-0
784,PCESMO__ligand5415-0
785,PCESMO__ligand20121-0
786,PCESMO__ligand4124-0
787,PCESMO__ligand4161-0
788,PCESMO__ligand3471-0
789,PCESMO__ligand15387-0
790,PCESMO__ligand20220-0
791,PCESMO__ligand2823-0
792,PCESMO__ligand479-0
793,PCESMO__ligand13657-0
794,PCESMO__ligand14347-0
795,PCESMO__ligand14302-0
796,PCESMO__ligand11698-0
797,PCESMO__ligand311-0
798,PCESMO__ligand785-0
799,PCESMO__ligand20530-0
800,PCESMO__ligand6995-0
801,PCESMO__ligand24851-0
802,PCESMO__ligand620-0
803,PCESMO__ligand10853-0
804,PCESMO__ligand3180-0
805,PCESMO__ligand370-1
806,PCESMO__ligand29441-0
807,PCESMO__ligand564-0
808,PCESMO__ligand11479-0
809,PCESMO__ligand27610-0
810,PCESMO__ligand10479-0
811,PCESMO__ligand2281-0
812,PCESMO__ligand2650-0
813,PCESMO__ligand4340-0
814,PCESMO__ligand7566-0
815,PCESMO__ligand19906-0
816,PCESMO__ligand370-0
817,PCESMO__ligand2001-0
818,PCESMO__ligand19668-0
819,PCESMO__ligand57-0
820,PCESMO__ligand9944-0
821,PCESMO__ligand8593-0
822,PCESMO__ligand22353-0
823,PCESMO__ligand8553-0
824,PCESMO__ligand1113-0
825,PCESMO__ligand250-0
826,PCESMO__ligand5201-0
827,PCESMO__ligand10151-0
