,TMC
0,XELHIG__ligand16603-0
1,XELHIG__ligand11814-0
2,XELHIG__ligand2027-0
3,XELHIG__ligand833-0
4,XELHIG__ligand11622-0
5,XELHIG__ligand1050-0
6,XELHIG__ligand1015-0
7,XELHIG__ligand16870-0
8,XELHIG__ligand1028-0
9,XELHIG__ligand15455-0
10,XELHIG__ligand11177-0
11,XELHIG__ligand4262-0
12,XELHIG__ligand31205-0
13,XELHIG__ligand115-0
14,XELHIG__ligand18-0
15,XELHIG__ligand25658-0
16,XELHIG__ligand17686-0
17,XELHIG__ligand2692-0
18,XELHIG__ligand1618-0
19,XELHIG__ligand395-0
20,XELHIG__ligand13260-0
21,XELHIG__ligand10582-0
22,XELHIG__ligand368-0
23,XELHIG__ligand4596-0
24,XELHIG__ligand11252-0
25,XELHIG__ligand1498-0
26,XELHIG__ligand18067-0
27,XELHIG__ligand19824-0
28,XELHIG__ligand1154-0
29,XELHIG__ligand9615-0
30,XELHIG__ligand20821-0
31,XELHIG__ligand26673-0
32,XELHIG__ligand8529-0
33,XELHIG__ligand1169-0
34,XELHIG__ligand784-0
35,XELHIG__ligand31000-0
36,XELHIG__ligand11606-0
37,XELHIG__ligand8593-0
38,XELHIG__ligand9944-0
39,XELHIG__ligand22353-0
40,XELHIG__ligand2001-0
41,XELHIG__ligand487-0
42,XELHIG__ligand19906-0
43,XELHIG__ligand7566-0
44,XELHIG__ligand19668-0
45,XELHIG__ligand447-0
46,XELHIG__ligand746-0
47,XELHIG__ligand10151-0
48,XELHIG__ligand5201-0
49,XELHIG__ligand176-0
50,XELHIG__ligand1113-0
51,XELHIG__ligand8553-0
52,XELHIG__ligand20121-0
53,XELHIG__ligand15387-0
54,XELHIG__ligand20220-0
55,XELHIG__ligand4124-0
56,XELHIG__ligand3471-0
57,XELHIG__ligand4161-0
58,XELHIG__ligand16952-0
59,XELHIG__ligand29813-0
60,XELHIG__ligand152-0
61,XELHIG__ligand5415-0
62,XELHIG__ligand4340-0
63,XELHIG__ligand2650-0
64,XELHIG__ligand2281-0
65,XELHIG__ligand10853-0
66,XELHIG__ligand29441-0
67,XELHIG__ligand11479-0
68,XELHIG__ligand3180-0
69,XELHIG__ligand27610-0
70,XELHIG__ligand10479-0
71,XELHIG__ligand506-0
72,XELHIG__ligand14302-0
73,XELHIG__ligand14347-0
74,XELHIG__ligand13657-0
75,XELHIG__ligand11698-0
76,XELHIG__ligand6995-0
77,XELHIG__ligand20530-0
78,XELHIG__ligand24851-0
79,XELHIG__ligand2823-0
80,XELHIG__ligand5085-0
81,XELHIG__ligand3144-0
82,XELHIG__ligand16956-0
83,XELHIG__ligand686-0
84,XELHIG__ligand21339-0
85,XELHIG__ligand14226-0
86,XELHIG__ligand20942-1
87,XELHIG__ligand5755-0
88,XELHIG__ligand4710-0
89,XELHIG__ligand27771-0
90,XELHIG__ligand7213-0
91,XELHIG__ligand1397-0
92,XELHIG__ligand422-0
93,XELHIG__ligand1828-0
94,XELHIG__ligand18158-0
95,XELHIG__ligand23682-0
96,XELHIG__ligand6112-0
97,XELHIG__ligand29565-0
98,XELHIG__ligand8042-0
99,XELHIG__ligand14007-0
100,XELHIG__ligand1786-0
101,XELHIG__ligand18019-1
102,XELHIG__ligand5630-0
103,XELHIG__ligand196-0
104,XELHIG__ligand1908-0
105,XELHIG__ligand4795-0
106,XELHIG__ligand3285-0
107,XELHIG__ligand66-0
108,XELHIG__ligand27550-0
109,XELHIG__ligand1831-0
110,XELHIG__ligand5614-0
111,XELHIG__ligand5280-0
112,XELHIG__ligand11544-0
113,XELHIG__ligand11501-0
114,XELHIG__ligand353-0
115,XELHIG__ligand6663-0
116,XELHIG__ligand5515-0
117,XELHIG__ligand29214-0
118,XELHIG__ligand11758-0
119,XELHIG__ligand42-0
120,XELHIG__ligand22357-0
121,XELHIG__ligand21448-0
122,XELHIG__ligand3261-0
123,XELHIG__ligand11798-0
124,XELHIG__ligand1152-0
125,XELHIG__ligand5019-0
126,XELHIG__ligand20731-0
127,XELHIG__ligand4-0
128,XELHIG__ligand1216-0
129,XELHIG__ligand29334-0
130,XELHIG__ligand12413-0
131,XELHIG__ligand393-0
132,XELHIG__ligand17445-0
133,XELHIG__ligand1849-0
134,XELHIG__ligand14477-0
135,XELHIG__ligand17069-0
136,XELHIG__ligand1539-0
137,XELHIG__ligand38-0
138,XELHIG__ligand23445-0
139,XELHIG__ligand618-0
140,XELHIG__ligand24953-0
141,XELHIG__ligand16133-0
142,XELHIG__ligand13755-0
143,XELHIG__ligand20432-0
144,XELHIG__ligand27122-0
145,XELHIG__ligand1150-0
146,XELHIG__ligand3416-0
147,XELHIG__ligand3453-0
148,XELHIG__ligand4207-0
149,XELHIG__ligand21940-0
150,XELHIG__ligand391-0
151,XELHIG__ligand25048-0
152,XELHIG__ligand813-0
153,XELHIG__ligand3042-0
154,XELHIG__ligand314-0
155,XELHIG__ligand780-0
156,XELHIG__ligand20557-0
157,XELHIG__ligand30004-0
158,XELHIG__ligand4063-0
159,XELHIG__ligand7438-0
160,XELHIG__ligand8200-0
161,XELHIG__ligand1817-0
162,XELHIG__ligand6993-0
163,XELHIG__ligand1779-0
164,XELHIG__ligand9750-0
165,XELHIG__ligand314-1
166,XELHIG__ligand24624-0
167,XELHIG__ligand20844-0
168,XELHIG__ligand18413-0
169,XELHIG__ligand7075-0
170,XELHIG__ligand1149-0
171,XELHIG__ligand3557-0
172,XELHIG__ligand24560-0
173,XELHIG__ligand3980-0
174,XELHIG__ligand18757-0
175,XELHIG__ligand1288-0
176,XELHIG__ligand21752-0
177,XELHIG__ligand9491-0
178,XELHIG__ligand13691-0
179,XELHIG__ligand30788-0
180,XELHIG__ligand1400-0
181,XELHIG__ligand4266-0
182,XELHIG__ligand465-0
183,XELHIG__ligand4167-0
184,XELHIG__ligand14339-0
185,XELHIG__ligand28459-0
186,XELHIG__ligand3120-0
187,XELHIG__ligand1-0
188,XELHIG__ligand3926-0
189,XELHIG__ligand4358-0
190,XELHIG__ligand177-0
191,XELHIG__ligand18448-0
192,XELHIG__ligand12453-0
193,XELHIG__ligand2221-0
194,XELHIG__ligand5595-0
195,XELHIG__ligand4101-0
196,XELHIG__ligand19184-0
197,XELHIG__ligand1376-0
198,XELHIG__ligand5510-0
199,XELHIG__ligand28685-0
200,XELHIG__ligand18568-0
201,XELHIG__ligand9773-0
202,XELHIG__ligand13672-0
203,XELHIG__ligand2259-0
204,XELHIG__ligand10371-0
205,XELHIG__ligand1296-0
206,XELHIG__ligand5099-0
207,XELHIG__ligand8592-0
208,XELHIG__ligand909-0
209,XELHIG__ligand1197-0
210,XELHIG__ligand372-0
211,XELHIG__ligand830-0
212,XELHIG__ligand1317-0
213,XELHIG__ligand23197-0
214,XELHIG__ligand3867-0
215,XELHIG__ligand2822-0
216,XELHIG__ligand7293-0
217,XELHIG__ligand5304-0
218,XELHIG__ligand9167-0
219,XELHIG__ligand29029-0
220,XELHIG__ligand27285-0
221,XELHIG__ligand2238-0
222,XELHIG__ligand193-0
223,XELHIG__ligand252-0
224,XELHIG__ligand27669-0
225,XELHIG__ligand30142-0
226,XELHIG__ligand116-0
227,XELHIG__ligand13477-0
228,XELHIG__ligand14167-0
229,XELHIG__ligand7762-0
230,XELHIG__ligand5080-0
231,XELHIG__ligand6117-0
232,XELHIG__ligand1407-0
233,XELHIG__ligand5509-0
234,XELHIG__ligand8002-0
235,XELHIG__ligand10828-0
236,XELHIG__ligand3945-0
237,XELHIG__ligand19792-0
238,XELHIG__ligand15926-0
239,XELHIG__ligand19-0
240,XELHIG__ligand2693-0
241,XELHIG__ligand5383-0
242,XELHIG__ligand24230-0
243,XELHIG__ligand11447-0
244,XELHIG__ligand11096-0
245,XELHIG__ligand250-0
246,XELHIG__ligand28810-0
247,XELHIG__ligand9344-0
248,XELHIG__ligand15883-0
249,XELHIG__ligand11970-0
250,XELHIG__ligand8000-0
251,XELHIG__ligand3736-0
252,XELHIG__ligand7291-0
253,XELHIG__ligand21919-0
254,XELHIG__ligand22294-0
255,XELHIG__ligand28930-0
256,XELHIG__ligand22168-0
257,XELHIG__ligand370-0
258,XELHIG__ligand3677-1
259,XELHIG__ligand9883-0
260,XELHIG__ligand15531-0
261,XELHIG__ligand28743-0
262,XELHIG__ligand13862-0
263,XELHIG__ligand11357-0
264,XELHIG__ligand4007-0
265,XELHIG__ligand2985-0
266,XELHIG__ligand10056-0
267,XELHIG__ligand12365-0
268,XELHIG__ligand9299-0
269,XELHIG__ligand24-0
270,XELHIG__ligand6699-0
271,XELHIG__ligand785-0
272,XELHIG__ligand11994-0
273,XELHIG__ligand311-0
274,XELHIG__ligand31842-0
275,XELHIG__ligand31044-0
276,XELHIG__ligand479-0
277,XELHIG__ligand24035-0
278,XELHIG__ligand3632-0
279,XELHIG__ligand370-1
280,XELHIG__ligand3677-0
281,XELHIG__ligand45-0
282,XELHIG__ligand14614-0
283,XELHIG__ligand620-0
284,XELHIG__ligand1294-0
285,XELHIG__ligand16663-0
286,XELHIG__ligand564-0
287,XELHIG__ligand1168-0
288,XELHIG__ligand188-0
289,XELHIG__ligand6892-0
290,XELHIG__ligand78-0
291,XELHIG__ligand25913-0
292,XELHIG__ligand16988-0
293,XELHIG__ligand1211-0
294,XELHIG__ligand3-0
295,XELHIG__ligand3712-0
296,XELHIG__ligand1464-0
297,XELHIG__ligand30711-0
298,XELHIG__ligand20207-0
299,XELHIG__ligand2881-0
300,XELHIG__ligand1499-0
301,XELHIG__ligand11682-0
302,XELHIG__ligand1604-0
303,XELHIG__ligand12001-0
304,XELHIG__ligand560-0
305,XELHIG__ligand24644-0
306,XELHIG__ligand10033-0
307,XELHIG__ligand1228-0
308,XELHIG__ligand9943-0
309,XELHIG__ligand24872-0
310,XELHIG__ligand2043-0
311,XELHIG__ligand30728-0
312,XELHIG__ligand1832-0
313,XELHIG__ligand27840-0
314,XELHIG__ligand8788-0
315,XELHIG__ligand15788-0
316,XELHIG__ligand2417-0
317,XELHIG__ligand23175-0
318,XELHIG__ligand17396-0
319,XELHIG__ligand11587-0
320,XELHIG__ligand13220-0
321,XELHIG__ligand134-0
322,XELHIG__ligand9284-0
323,XELHIG__ligand22444-0
324,XELHIG__ligand24111-0
325,XELHIG__ligand6391-0
326,XELHIG__ligand3126-0
327,XELHIG__ligand235-0
328,XELHIG__ligand13385-0
329,XELHIG__ligand14569-0
330,XELHIG__ligand1114-0
331,XELHIG__ligand17427-0
332,XELHIG__ligand421-0
333,XELHIG__ligand2203-0
334,XELHIG__ligand5387-0
335,XELHIG__ligand1289-0
336,XELHIG__ligand29486-0
337,XELHIG__ligand685-0
338,XELHIG__ligand31694-0
339,XELHIG__ligand294-0
340,XELHIG__ligand2612-0
341,XELHIG__ligand1599-0
342,XELHIG__ligand25561-0
343,XELHIG__ligand24780-0
344,XELHIG__ligand12138-0
345,XELHIG__ligand22129-0
346,XELHIG__ligand9450-0
347,XELHIG__ligand11949-0
348,XELHIG__ligand4807-0
349,XELHIG__ligand197-0
350,XELHIG__ligand67-0
351,XELHIG__ligand27239-0
352,XELHIG__ligand3178-0
353,XELHIG__ligand21729-0
354,XELHIG__ligand14043-0
355,XELHIG__ligand9753-0
356,XELHIG__ligand26324-0
357,XELHIG__ligand1787-0
358,XELHIG__ligand1356-0
359,XELHIG__ligand28559-0
360,XELHIG__ligand5530-0
361,XELHIG__ligand5159-0
362,XELHIG__ligand19927-0
363,XELHIG__ligand7196-0
364,XELHIG__ligand4649-0
365,XELHIG__ligand8793-0
366,XELHIG__ligand5649-0
367,XELHIG__ligand2788-0
368,XELHIG__ligand11618-0
369,XELHIG__ligand26529-0
370,XELHIG__ligand2906-0
371,XELHIG__ligand4711-0
372,XELHIG__ligand3244-0
373,XELHIG__ligand11111-0
374,XELHIG__ligand28540-0
375,XELHIG__ligand7172-0
376,XELHIG__ligand16369-0
377,XELHIG__ligand868-0
378,XELHIG__ligand9323-0
379,XELHIG__ligand27754-0
380,XELHIG__ligand20695-0
381,XELHIG__ligand7273-0
382,XELHIG__ligand7092-0
383,XELHIG__ligand2260-0
384,XELHIG__ligand1153-0
385,XELHIG__ligand3225-0
386,XELHIG__ligand1116-0
387,XELHIG__ligand2124-0
388,XELHIG__ligand22403-0
389,XELHIG__ligand8612-0
390,XELHIG__ligand10872-0
391,XELHIG__ligand21399-0
392,XELHIG__ligand6017-0
393,XELHIG__ligand43-0
394,XELHIG__ligand12003-0
395,XELHIG__ligand5708-0
396,XELHIG__ligand16148-0
397,XELHIG__ligand26631-0
398,XELHIG__ligand7316-0
399,XELHIG__ligand352-0
400,XELHIG__ligand783-0
401,XELHIG__ligand5180-0
402,XELHIG__ligand29215-0
403,XELHIG__ligand20251-1
404,XELHIG__ligand9908-0
405,XELHIG__ligand1263-0
406,XELHIG__ligand692-0
407,XELHIG__ligand7242-0
408,XELHIG__ligand436-0
409,XELHIG__ligand7106-0
410,XELHIG__ligand14703-0
411,XELHIG__ligand16475-0
412,XELHIG__ligand11675-0
413,XELHIG__ligand3718-0
414,XELHIG__ligand20598-0
415,XELHIG__ligand10589-0
416,XELHIG__ligand22557-0
417,XELHIG__ligand3035-0
418,XELHIG__ligand1343-0
419,XELHIG__ligand3876-0
420,XELHIG__ligand24047-0
421,XELHIG__ligand6616-0
422,XELHIG__ligand326-0
423,XELHIG__ligand17398-0
424,XELHIG__ligand4661-0
425,XELHIG__ligand1844-0
426,XELHIG__ligand3504-0
427,XELHIG__ligand1959-0
428,XELHIG__ligand20011-0
429,XELHIG__ligand17278-0
430,XELHIG__ligand1536-0
431,XELHIG__ligand1573-0
432,XELHIG__ligand9935-0
433,XELHIG__ligand29414-0
434,XELHIG__ligand17982-0
435,XELHIG__ligand30851-0
436,XELHIG__ligand14889-0
437,XELHIG__ligand2485-0
438,XELHIG__ligand3852-0
439,XELHIG__ligand29568-0
440,XELHIG__ligand497-0
441,XELHIG__ligand6919-0
442,XELHIG__ligand633-0
443,XELHIG__ligand5331-0
444,XELHIG__ligand28789-0
445,XELHIG__ligand1512-0
446,XELHIG__ligand20419-0
447,XELHIG__ligand17118-0
448,XELHIG__ligand3565-0
449,XELHIG__ligand21371-0
450,XELHIG__ligand4720-0
451,XELHIG__ligand3937-0
452,XELHIG__ligand1202-0
453,XELHIG__ligand3174-0
454,XELHIG__ligand3131-0
455,XELHIG__ligand8969-0
456,XELHIG__ligand17261-0
457,XELHIG__ligand6839-0
458,XELHIG__ligand14117-0
459,XELHIG__ligand21581-0
460,XELHIG__ligand31097-0
461,XELHIG__ligand5211-0
462,XELHIG__ligand20539-0
463,XELHIG__ligand4155-0
464,XELHIG__ligand3094-0
465,XELHIG__ligand20251-0
466,XELHIG__ligand30702-0
467,XELHIG__ligand20214-0
468,XELHIG__ligand69-0
469,XELHIG__ligand9291-0
470,XELHIG__ligand2176-0
471,XELHIG__ligand13390-0
472,XELHIG__ligand199-0
473,XELHIG__ligand2232-0
474,XELHIG__ligand4157-0
475,XELHIG__ligand20682-0
476,XELHIG__ligand5256-0
477,XELHIG__ligand8876-0
478,XELHIG__ligand2828-0
479,XELHIG__ligand7648-0
480,XELHIG__ligand9833-0
481,XELHIG__ligand4503-0
482,XELHIG__ligand13208-0
483,XELHIG__ligand4546-0
484,XELHIG__ligand300-0
485,XELHIG__ligand27482-0
486,XELHIG__ligand26810-0
487,XELHIG__ligand1285-0
488,XELHIG__ligand7000-0
489,XELHIG__ligand11-0
490,XELHIG__ligand1982-0
491,XELHIG__ligand588-0
492,XELHIG__ligand6768-0
493,XELHIG__ligand8115-0
494,XELHIG__ligand31832-0
495,XELHIG__ligand409-0
496,XELHIG__ligand324-0
497,XELHIG__ligand361-0
498,XELHIG__ligand13294-0
499,XELHIG__ligand7238-0
500,XELHIG__ligand7280-0
501,XELHIG__ligand1790-0
502,XELHIG__ligand1304-0
503,XELHIG__ligand6709-0
504,XELHIG__ligand1219-0
505,XELHIG__ligand13331-0
506,XELHIG__ligand28884-0
507,XELHIG__ligand7867-0
508,XELHIG__ligand12030-0
509,XELHIG__ligand29879-0
510,XELHIG__ligand4016-0
511,XELHIG__ligand14248-0
512,XELHIG__ligand1160-0
513,XELHIG__ligand8699-0
514,XELHIG__ligand9520-0
515,XELHIG__ligand11456-0
516,XELHIG__ligand4093-0
517,XELHIG__ligand4442-0
518,XELHIG__ligand3954-0
519,XELHIG__ligand10712-0
520,XELHIG__ligand14174-0
521,XELHIG__ligand7629-0
522,XELHIG__ligand1451-0
523,XELHIG__ligand4272-0
524,XELHIG__ligand9784-0
525,XELHIG__ligand25411-0
526,XELHIG__ligand89-0
527,XELHIG__ligand1631-0
528,XELHIG__ligand9933-0
529,XELHIG__ligand14108-0
530,XELHIG__ligand1530-0
531,XELHIG__ligand1575-0
532,XELHIG__ligand10958-0
533,XELHIG__ligand2332-0
534,XELHIG__ligand9441-0
535,XELHIG__ligand12641-0
536,XELHIG__ligand10262-0
537,XELHIG__ligand28676-0
538,XELHIG__ligand430-0
539,XELHIG__ligand6244-0
540,XELHIG__ligand358-0
541,XELHIG__ligand27763-0
542,XELHIG__ligand1378-0
543,XELHIG__ligand488-0
544,XELHIG__ligand3156-0
545,XELHIG__ligand2915-0
546,XELHIG__ligand49-0
547,XELHIG__ligand29302-0
548,XELHIG__ligand13425-0
549,XELHIG__ligand19057-0
550,XELHIG__ligand18814-0
551,XELHIG__ligand694-0
552,XELHIG__ligand3707-0
553,XELHIG__ligand6124-0
554,XELHIG__ligand7967-0
555,XELHIG__ligand12231-0
556,XELHIG__ligand4116-0
557,XELHIG__ligand13658-0
558,XELHIG__ligand26702-0
559,XELHIG__ligand12289-0
560,XELHIG__ligand18292-0
561,XELHIG__ligand17387-0
562,XELHIG__ligand12130-0
563,XELHIG__ligand1018-0
564,XELHIG__ligand8992-0
565,XELHIG__ligand10476-0
566,XELHIG__ligand19830-0
567,XELHIG__ligand13068-0
568,XELHIG__ligand15585-0
569,XELHIG__ligand12401-0
570,XELHIG__ligand9601-0
571,XELHIG__ligand24145-0
572,XELHIG__ligand670-0
573,XELHIG__ligand9111-0
574,XELHIG__ligand9952-0
575,XELHIG__ligand25178-0
576,XELHIG__ligand5036-0
577,XELHIG__ligand2526-0
578,XELHIG__ligand24185-0
579,XELHIG__ligand1615-0
580,XELHIG__ligand571-0
581,XELHIG__ligand23769-0
582,XELHIG__ligand534-0
583,XELHIG__ligand17805-0
584,XELHIG__ligand5643-0
585,XELHIG__ligand1823-0
586,XELHIG__ligand8721-0
587,XELHIG__ligand17302-0
588,XELHIG__ligand1324-0
589,XELHIG__ligand13012-0
590,XELHIG__ligand17631-0
591,XELHIG__ligand26665-0
592,XELHIG__ligand14297-0
593,XELHIG__ligand14603-0
594,XELHIG__ligand17258-0
595,XELHIG__ligand17-0
596,XELHIG__ligand31783-0
597,XELHIG__ligand4641-0
598,XELHIG__ligand15422-0
599,XELHIG__ligand20578-0
600,XELHIG__ligand12934-0
601,XELHIG__ligand416-0
602,XELHIG__ligand19641-0
603,XELHIG__ligand8835-0
604,XELHIG__ligand2028-0
605,XELHIG__ligand14723-0
606,XELHIG__ligand383-0
607,XELHIG__ligand27893-0
608,XELHIG__ligand7126-0
609,XELHIG__ligand30988-0
610,XELHIG__ligand162-0
611,XELHIG__ligand3234-0
612,XELHIG__ligand1142-0
613,XELHIG__ligand23713-0
614,XELHIG__ligand18832-0
615,XELHIG__ligand27175-0
616,XELHIG__ligand226-0
617,XELHIG__ligand6596-0
618,XELHIG__ligand6904-0
619,XELHIG__ligand3721-0
620,XELHIG__ligand6102-0
621,XELHIG__ligand27460-0
622,XELHIG__ligand3465-0
623,XELHIG__ligand696-0
624,XELHIG__ligand16628-0
625,XELHIG__ligand7819-0
626,XELHIG__ligand12427-0
627,XELHIG__ligand2917-0
628,XELHIG__ligand28468-0
629,XELHIG__ligand20740-0
630,XELHIG__ligand2295-0
631,XELHIG__ligand26540-0
632,XELHIG__ligand6067-0
633,XELHIG__ligand1577-0
634,XELHIG__ligand656-0
635,XELHIG__ligand29410-0
636,XELHIG__ligand12337-0
637,XELHIG__ligand30296-0
638,XELHIG__ligand17281-0
639,XELHIG__ligand12606-0
640,XELHIG__ligand4620-0
641,XELHIG__ligand30333-0
642,XELHIG__ligand9681-0
643,XELHIG__ligand55-0
644,XELHIG__ligand25650-0
645,XELHIG__ligand4332-0
646,XELHIG__ligand31248-0
647,XELHIG__ligand1449-0
648,XELHIG__ligand13209-0
649,XELHIG__ligand19257-0
650,XELHIG__ligand768-0
651,XELHIG__ligand3012-0
652,XELHIG__ligand12660-0
653,XELHIG__ligand7530-0
654,XELHIG__ligand1065-0
655,XELHIG__ligand23124-0
656,XELHIG__ligand2403-0
657,XELHIG__ligand11206-0
658,XELHIG__ligand12519-0
659,XELHIG__ligand25735-0
660,XELHIG__ligand384-0
661,XELHIG__ligand68-0
662,XELHIG__ligand3934-0
663,XELHIG__ligand6455-0
664,XELHIG__ligand6882-0
665,XELHIG__ligand11166-0
666,XELHIG__ligand21132-0
667,XELHIG__ligand6946-0
668,XELHIG__ligand1415-0
669,XELHIG__ligand7529-0
670,XELHIG__ligand23906-0
671,XELHIG__ligand240-0
672,XELHIG__ligand9148-0
673,XELHIG__ligand30539-0
674,XELHIG__ligand141-0
675,XELHIG__ligand5316-0
676,XELHIG__ligand34-0
677,XELHIG__ligand25689-0
678,XELHIG__ligand5483-0
679,XELHIG__ligand25575-0
680,XELHIG__ligand21787-0
681,XELHIG__ligand27835-0
682,XELHIG__ligand5627-0
683,XELHIG__ligand1729-0
684,XELHIG__ligand12295-0
685,XELHIG__ligand2830-0
686,XELHIG__ligand18391-0
687,XELHIG__ligand5813-0
688,XELHIG__ligand4813-0
689,XELHIG__ligand14523-0
690,XELHIG__ligand4738-0
691,XELHIG__ligand27169-0
692,XELHIG__ligand6062-0
693,XELHIG__ligand8-0
694,XELHIG__ligand20599-0
695,XELHIG__ligand25805-0
696,XELHIG__ligand22981-0
697,XELHIG__ligand6283-0
698,XELHIG__ligand27074-0
699,XELHIG__ligand23904-0
700,XELHIG__ligand21936-0
701,XELHIG__ligand7107-0
702,XELHIG__ligand13257-0
703,XELHIG__ligand12467-0
704,XELHIG__ligand10084-0
705,XELHIG__ligand693-0
706,XELHIG__ligand3215-0
707,XELHIG__ligand25267-0
708,XELHIG__ligand2068-0
709,XELHIG__ligand757-0
710,XELHIG__ligand11140-0
711,XELHIG__ligand7925-0
712,XELHIG__ligand29610-0
713,XELHIG__ligand1147-0
714,XELHIG__ligand13869-0
715,XELHIG__ligand18074-0
716,XELHIG__ligand29863-0
717,XELHIG__ligand3973-0
718,XELHIG__ligand122-0
719,XELHIG__ligand18799-0
720,XELHIG__ligand2599-0
721,XELHIG__ligand18465-0
722,XELHIG__ligand57-0
723,XELHIG__ligand4330-0
724,XELHIG__ligand7532-0
725,XELHIG__ligand28668-0
726,XELHIG__ligand4194-0
727,XELHIG__ligand16791-0
728,XELHIG__ligand126-0
729,XELHIG__ligand11774-0
730,XELHIG__ligand14586-0
731,XELHIG__ligand163-0
732,XELHIG__ligand1900-0
733,XELHIG__ligand21421-0
734,XELHIG__ligand9197-0
735,XELHIG__ligand2328-0
736,XELHIG__ligand20579-0
737,XELHIG__ligand17710-0
738,XELHIG__ligand11568-0
739,XELHIG__ligand4581-0
740,XELHIG__ligand1773-0
741,XELHIG__ligand3029-0
742,XELHIG__ligand7162-0
743,XELHIG__ligand1327-0
744,XELHIG__ligand9809-0
745,XELHIG__ligand6672-0
746,XELHIG__ligand845-0
747,XELHIG__ligand8722-0
748,XELHIG__ligand2781-0
749,XELHIG__ligand7573-0
750,XELHIG__ligand3350-0
751,XELHIG__ligand31483-0
752,XELHIG__ligand10555-0
753,XELHIG__ligand3208-0
754,XELHIG__ligand2208-0
755,XELHIG__ligand19725-0
756,XELHIG__ligand16-0
757,XELHIG__ligand24613-0
758,XELHIG__ligand366-0
759,XELHIG__ligand7557-0
760,XELHIG__ligand1496-0
761,XELHIG__ligand32-0
762,XELHIG__ligand1533-0
763,XELHIG__ligand657-0
764,XELHIG__ligand12336-0
765,XELHIG__ligand13072-0
766,XELHIG__ligand187-0
767,XELHIG__ligand17590-0
768,XELHIG__ligand17240-0
769,XELHIG__ligand941-0
770,XELHIG__ligand596-0
771,XELHIG__ligand5892-0
772,XELHIG__ligand5094-0
773,XELHIG__ligand12682-0
774,XELHIG__ligand18699-0
775,XELHIG__ligand777-0
776,XELHIG__ligand1712-0
777,XELHIG__ligand4131-0
778,XELHIG__ligand3157-0
779,XELHIG__ligand48-0
780,XELHIG__ligand17207-0
781,XELHIG__ligand31578-0
782,XELHIG__ligand1165-0
783,XELHIG__ligand25224-0
784,XELHIG__ligand18013-0
785,XELHIG__ligand17945-0
786,XELHIG__ligand201-0
787,XELHIG__ligand9525-0
788,XELHIG__ligand5935-0
789,XELHIG__ligand1379-0
790,XELHIG__ligand24750-0
791,XELHIG__ligand2722-0
792,XELHIG__ligand3871-0
793,XELHIG__ligand1469-0
794,XELHIG__ligand15438-0
795,XELHIG__ligand1768-0
796,XELHIG__ligand321-0
797,XELHIG__ligand28924-0
798,XELHIG__ligand185-0
799,XELHIG__ligand18703-0
800,XELHIG__ligand5056-0
801,XELHIG__ligand4850-0
802,XELHIG__ligand279-0
803,XELHIG__ligand29087-0
804,XELHIG__ligand1688-0
805,XELHIG__ligand5357-0
806,XELHIG__ligand178-0
807,XELHIG__ligand3647-0
808,XELHIG__ligand23589-0
809,XELHIG__ligand1709-0
810,XELHIG__ligand8464-0
811,XELHIG__ligand8349-0
812,XELHIG__ligand24064-0
813,XELHIG__ligand15168-0
814,XELHIG__ligand51-0
815,XELHIG__ligand2527-0
816,XELHIG__ligand5849-0
817,XELHIG__ligand10432-0
818,XELHIG__ligand31618-0
819,XELHIG__ligand11432-0
820,XELHIG__ligand22755-0
821,XELHIG__ligand91-0
822,XELHIG__ligand26277-0
823,XELHIG__ligand29898-0
824,XELHIG__ligand3392-0
825,XELHIG__ligand4911-0
826,XELHIG__ligand338-0
827,XELHIG__ligand1771-0
