,TMC
0,INIDEO__ligand669-0
1,INIDEO__ligand4-0
2,INIDEO__ligand358-0
3,INIDEO__ligand430-0
4,INIDEO__ligand1169-0
5,INIDEO__ligand5022-0
6,INIDEO__ligand365-0
7,INIDEO__ligand86-0
8,INIDEO__ligand2838-0
9,INIDEO__ligand278-0
10,INIDEO__ligand3838-0
11,INIDEO__ligand1799-0
12,INIDEO__ligand5941-0
13,INIDEO__ligand2880-0
14,INIDEO__ligand2142-0
15,INIDEO__ligand670-0
16,INIDEO__ligand118-0
17,INIDEO__ligand6538-0
18,INIDEO__ligand6151-0
19,INIDEO__ligand571-0
20,INIDEO__ligand2772-0
21,INIDEO__ligand9495-0
22,INIDEO__ligand509-0
23,INIDEO__ligand2864-0
24,INIDEO__ligand62-0
25,INIDEO__ligand162-0
26,INIDEO__ligand1052-0
27,INIDEO__ligand226-0
28,INIDEO__ligand383-0
29,INIDEO__ligand18-0
30,INIDEO__ligand1273-0
31,INIDEO__ligand6396-0
32,INIDEO__ligand1113-0
33,INIDEO__ligand2265-0
34,INIDEO__ligand9027-0
35,INIDEO__ligand6-0
36,INIDEO__ligand4983-0
37,INIDEO__ligand2345-0
38,INIDEO__ligand2794-0
39,INIDEO__ligand1835-0
40,INIDEO__ligand1502-0
41,INIDEO__ligand553-0
42,INIDEO__ligand1727-0
43,INIDEO__ligand283-0
44,INIDEO__ligand1152-0
45,INIDEO__ligand38-0
46,INIDEO__ligand821-0
47,INIDEO__ligand326-0
48,INIDEO__ligand436-0
49,INIDEO__ligand15630-0
50,INIDEO__ligand1607-0
51,INIDEO__ligand10357-0
52,INIDEO__ligand40-0
53,INIDEO__ligand142-0
54,INIDEO__ligand206-0
55,INIDEO__ligand838-0
56,INIDEO__ligand21-0
57,INIDEO__ligand2510-0
58,INIDEO__ligand8921-0
59,INIDEO__ligand2285-0
60,INIDEO__ligand1567-0
61,INIDEO__ligand2862-0
62,INIDEO__ligand2320-0
63,INIDEO__ligand166-0
64,INIDEO__ligand1056-0
65,INIDEO__ligand918-0
66,INIDEO__ligand1703-0
67,INIDEO__ligand2430-0
68,INIDEO__ligand633-0
69,INIDEO__ligand532-0
70,INIDEO__ligand2907-0
71,INIDEO__ligand497-0
72,INIDEO__ligand575-0
73,INIDEO__ligand7464-0
74,INIDEO__ligand4303-0
75,INIDEO__ligand1248-0
76,INIDEO__ligand1598-0
77,INIDEO__ligand66-0
78,INIDEO__ligand927-0
79,INIDEO__ligand1054-0
80,INIDEO__ligand199-0
81,INIDEO__ligand6294-0
82,INIDEO__ligand3637-0
83,INIDEO__ligand8774-0
84,INIDEO__ligand140-0
85,INIDEO__ligand105-0
86,INIDEO__ligand324-0
87,INIDEO__ligand361-0
88,INIDEO__ligand409-0
89,INIDEO__ligand3734-0
90,INIDEO__ligand1706-0
91,INIDEO__ligand4381-0
92,INIDEO__ligand2629-0
93,INIDEO__ligand126-0
94,INIDEO__ligand2688-0
95,INIDEO__ligand45-0
96,INIDEO__ligand2259-0
97,INIDEO__ligand2768-0
98,INIDEO__ligand1376-0
99,INIDEO__ligand596-0
100,INIDEO__ligand6277-0
101,INIDEO__ligand612-0
102,INIDEO__ligand187-0
103,INIDEO__ligand85-0
104,INIDEO__ligand1687-0
105,INIDEO__ligand366-0
106,INIDEO__ligand1951-0
107,INIDEO__ligand861-0
108,INIDEO__ligand78-0
109,INIDEO__ligand279-0
110,INIDEO__ligand3757-0
111,INIDEO__ligand178-0
112,INIDEO__ligand1048-0
113,INIDEO__ligand2087-0
114,INIDEO__ligand1685-0
115,INIDEO__ligand321-0
116,INIDEO__ligand1544-0
117,INIDEO__ligand100-0
118,INIDEO__ligand201-0
119,INIDEO__ligand244-0
120,INIDEO__ligand1459-0
121,INIDEO__ligand5801-0
122,INIDEO__ligand1438-0
123,INIDEO__ligand3063-0
124,INIDEO__ligand124-0
125,INIDEO__ligand119-0
126,INIDEO__ligand1171-0
127,INIDEO__ligand120-0
128,INIDEO__ligand1479-0
129,INIDEO__ligand384-0
130,INIDEO__ligand1148-0
131,INIDEO__ligand67-0
132,INIDEO__ligand3246-0
133,INIDEO__ligand10114-0
134,INIDEO__ligand1538-0
135,INIDEO__ligand1114-0
136,INIDEO__ligand240-0
137,INIDEO__ligand1-0
138,INIDEO__ligand141-0
139,INIDEO__ligand9244-0
140,INIDEO__ligand10479-0
141,INIDEO__ligand1228-0
142,INIDEO__ligand3041-0
143,INIDEO__ligand3-0
144,INIDEO__ligand2634-0
145,INIDEO__ligand1542-0
146,INIDEO__ligand14530-0
147,INIDEO__ligand2751-0
148,INIDEO__ligand3145-0
149,INIDEO__ligand797-0
150,INIDEO__ligand6686-0
151,INIDEO__ligand1747-0
152,INIDEO__ligand5548-0
153,INIDEO__ligand10910-0
154,INIDEO__ligand7915-0
155,INIDEO__ligand2863-0
156,INIDEO__ligand6502-0
157,INIDEO__ligand2098-0
158,INIDEO__ligand757-0
159,INIDEO__ligand6332-0
160,INIDEO__ligand3178-0
161,INIDEO__ligand196-0
162,INIDEO__ligand502-0
163,INIDEO__ligand1818-0
164,INIDEO__ligand7456-0
165,INIDEO__ligand422-0
166,INIDEO__ligand11-0
167,INIDEO__ligand5758-0
168,INIDEO__ligand3478-0
169,INIDEO__ligand113-0
170,INIDEO__ligand3852-0
171,INIDEO__ligand9176-0
172,INIDEO__ligand3035-0
173,INIDEO__ligand3070-0
174,INIDEO__ligand236-0
175,INIDEO__ligand2718-0
176,INIDEO__ligand1493-0
177,INIDEO__ligand4619-0
178,INIDEO__ligand5235-0
179,INIDEO__ligand6143-0
180,INIDEO__ligand353-0
181,INIDEO__ligand3251-0
182,INIDEO__ligand2762-0
183,INIDEO__ligand1038-0
184,INIDEO__ligand2253-0
185,INIDEO__ligand481-0
186,INIDEO__ligand1160-0
187,INIDEO__ligand5093-0
188,INIDEO__ligand314-0
189,INIDEO__ligand2954-0
190,INIDEO__ligand391-0
191,INIDEO__ligand7550-0
192,INIDEO__ligand170-0
193,INIDEO__ligand1285-0
194,INIDEO__ligand1555-0
195,INIDEO__ligand210-0
196,INIDEO__ligand7630-0
197,INIDEO__ligand3890-0
198,INIDEO__ligand4423-0
199,INIDEO__ligand1907-0
200,INIDEO__ligand115-0
201,INIDEO__ligand1551-0
202,INIDEO__ligand17-0
203,INIDEO__ligand2526-0
204,INIDEO__ligand1690-0
205,INIDEO__ligand92-0
206,INIDEO__ligand2707-0
207,INIDEO__ligand291-0
208,INIDEO__ligand2915-0
209,INIDEO__ligand355-0
210,INIDEO__ligand784-0
211,INIDEO__ligand485-0
212,INIDEO__ligand3196-0
213,INIDEO__ligand4012-0
214,INIDEO__ligand133-0
215,INIDEO__ligand89-0
216,INIDEO__ligand447-0
217,INIDEO__ligand1918-0
218,INIDEO__ligand2255-0
219,INIDEO__ligand49-0
220,INIDEO__ligand487-0
221,INIDEO__ligand522-0
222,INIDEO__ligand666-0
223,INIDEO__ligand4175-0
224,INIDEO__ligand3618-0
225,INIDEO__ligand2618-0
226,INIDEO__ligand1436-0
227,INIDEO__ligand682-0
228,INIDEO__ligand4370-0
229,INIDEO__ligand3337-0
230,INIDEO__ligand7514-0
231,INIDEO__ligand134-0
232,INIDEO__ligand932-0
233,INIDEO__ligand235-0
234,INIDEO__ligand1449-1
235,INIDEO__ligand4811-0
236,INIDEO__ligand390-0
237,INIDEO__ligand73-0
238,INIDEO__ligand9620-0
239,INIDEO__ligand11730-0
240,INIDEO__ligand1260-0
241,INIDEO__ligand4894-0
242,INIDEO__ligand525-0
243,INIDEO__ligand560-0
244,INIDEO__ligand109-0
245,INIDEO__ligand331-0
246,INIDEO__ligand294-0
247,INIDEO__ligand1788-0
248,INIDEO__ligand993-0
249,INIDEO__ligand1321-0
250,INIDEO__ligand584-0
251,INIDEO__ligand916-0
252,INIDEO__ligand57-0
253,INIDEO__ligand1178-0
254,INIDEO__ligand3566-0
255,INIDEO__ligand798-0
256,INIDEO__ligand421-0
257,INIDEO__ligand112-0
258,INIDEO__ligand3853-0
259,INIDEO__ligand2853-0
260,INIDEO__ligand5089-0
261,INIDEO__ligand2599-0
262,INIDEO__ligand55-0
263,INIDEO__ligand95-0
264,INIDEO__ligand1246-0
265,INIDEO__ligand197-0
266,INIDEO__ligand6166-0
267,INIDEO__ligand296-0
268,INIDEO__ligand352-0
269,INIDEO__ligand783-0
270,INIDEO__ligand1307-0
271,INIDEO__ligand136-0
272,INIDEO__ligand868-0
273,INIDEO__ligand34-0
274,INIDEO__ligand442-0
275,INIDEO__ligand909-0
276,INIDEO__ligand1712-0
277,INIDEO__ligand851-0
278,INIDEO__ligand48-0
279,INIDEO__ligand3579-0
280,INIDEO__ligand2110-0
281,INIDEO__ligand2916-0
282,INIDEO__ligand1919-0
283,INIDEO__ligand177-0
284,INIDEO__ligand934-0
285,INIDEO__ligand2389-0
286,INIDEO__ligand51-0
287,INIDEO__ligand5334-0
288,INIDEO__ligand1898-0
289,INIDEO__ligand3051-0
290,INIDEO__ligand4504-0
291,INIDEO__ligand2480-0
292,INIDEO__ligand252-0
293,INIDEO__ligand955-0
294,INIDEO__ligand2315-0
295,INIDEO__ligand1858-0
296,INIDEO__ligand193-0
297,INIDEO__ligand8032-0
298,INIDEO__ligand91-0
299,INIDEO__ligand830-0
300,INIDEO__ligand29-0
301,INIDEO__ligand1019-0
302,INIDEO__ligand2442-0
303,INIDEO__ligand7414-0
304,INIDEO__ligand5762-0
305,INIDEO__ligand1104-0
306,INIDEO__ligand370-0
307,INIDEO__ligand460-0
308,INIDEO__ligand6571-0
309,INIDEO__ligand1325-0
310,INIDEO__ligand2482-0
311,INIDEO__ligand250-0
312,INIDEO__ligand32-0
313,INIDEO__ligand444-0
314,INIDEO__ligand2929-0
315,INIDEO__ligand369-0
316,INIDEO__ligand188-0
317,INIDEO__ligand2376-0
318,INIDEO__ligand1379-0
319,INIDEO__ligand8-0
320,INIDEO__ligand311-0
321,INIDEO__ligand1264-0
322,INIDEO__ligand1221-0
323,INIDEO__ligand1299-0
324,INIDEO__ligand6430-0
