,TMC
0,DIJQAR__ligand4504-0
1,DIJQAR__ligand430-0
2,DIJQAR__ligand3051-0
3,DIJQAR__ligand2480-0
4,DIJQAR__ligand1898-0
5,DIJQAR__ligand358-0
6,DIJQAR__ligand2315-0
7,DIJQAR__ligand669-0
8,DIJQAR__ligand5334-0
9,DIJQAR__ligand18-0
10,DIJQAR__ligand278-0
11,DIJQAR__ligand1858-0
12,DIJQAR__ligand8032-0
13,DIJQAR__ligand365-0
14,DIJQAR__ligand118-0
15,DIJQAR__ligand3579-0
16,DIJQAR__ligand670-0
17,DIJQAR__ligand2916-0
18,DIJQAR__ligand2110-0
19,DIJQAR__ligand571-0
20,DIJQAR__ligand1712-0
21,DIJQAR__ligand2389-0
22,DIJQAR__ligand509-0
23,DIJQAR__ligand1919-0
24,DIJQAR__ligand383-0
25,DIJQAR__ligand2376-0
26,DIJQAR__ligand162-0
27,DIJQAR__ligand2929-0
28,DIJQAR__ligand226-0
29,DIJQAR__ligand1221-0
30,DIJQAR__ligand1264-0
31,DIJQAR__ligand6430-0
32,DIJQAR__ligand86-0
33,DIJQAR__ligand1299-0
34,DIJQAR__ligand1379-0
35,DIJQAR__ligand5762-0
36,DIJQAR__ligand7414-0
37,DIJQAR__ligand1104-0
38,DIJQAR__ligand2442-0
39,DIJQAR__ligand1019-0
40,DIJQAR__ligand6571-0
41,DIJQAR__ligand1325-0
42,DIJQAR__ligand2482-0
43,DIJQAR__ligand62-0
44,DIJQAR__ligand821-0
45,DIJQAR__ligand326-0
46,DIJQAR__ligand1788-0
47,DIJQAR__ligand553-0
48,DIJQAR__ligand283-0
49,DIJQAR__ligand3566-0
50,DIJQAR__ligand142-0
51,DIJQAR__ligand1178-0
52,DIJQAR__ligand206-0
53,DIJQAR__ligand66-0
54,DIJQAR__ligand436-0
55,DIJQAR__ligand1321-0
56,DIJQAR__ligand4811-0
57,DIJQAR__ligand166-0
58,DIJQAR__ligand1449-1
59,DIJQAR__ligand3337-0
60,DIJQAR__ligand7514-0
61,DIJQAR__ligand838-0
62,DIJQAR__ligand497-0
63,DIJQAR__ligand633-0
64,DIJQAR__ligand918-0
65,DIJQAR__ligand532-0
66,DIJQAR__ligand4894-0
67,DIJQAR__ligand1260-0
68,DIJQAR__ligand9620-0
69,DIJQAR__ligand38-0
70,DIJQAR__ligand575-0
71,DIJQAR__ligand927-0
72,DIJQAR__ligand40-0
73,DIJQAR__ligand199-0
74,DIJQAR__ligand1307-0
75,DIJQAR__ligand2599-0
76,DIJQAR__ligand5089-0
77,DIJQAR__ligand21-0
78,DIJQAR__ligand105-0
79,DIJQAR__ligand140-0
80,DIJQAR__ligand3853-0
81,DIJQAR__ligand2853-0
82,DIJQAR__ligand409-0
83,DIJQAR__ligand361-0
84,DIJQAR__ligand6166-0
85,DIJQAR__ligand324-0
86,DIJQAR__ligand1246-0
87,DIJQAR__ligand2915-0
88,DIJQAR__ligand4012-0
89,DIJQAR__ligand3196-0
90,DIJQAR__ligand126-0
91,DIJQAR__ligand1551-0
92,DIJQAR__ligand596-0
93,DIJQAR__ligand2526-0
94,DIJQAR__ligand2707-0
95,DIJQAR__ligand366-0
96,DIJQAR__ligand861-0
97,DIJQAR__ligand612-0
98,DIJQAR__ligand1690-0
99,DIJQAR__ligand187-0
100,DIJQAR__ligand321-0
101,DIJQAR__ligand1436-0
102,DIJQAR__ligand3618-0
103,DIJQAR__ligand279-0
104,DIJQAR__ligand2618-0
105,DIJQAR__ligand178-0
106,DIJQAR__ligand100-0
107,DIJQAR__ligand244-0
108,DIJQAR__ligand201-0
109,DIJQAR__ligand4370-0
110,DIJQAR__ligand45-0
111,DIJQAR__ligand124-0
112,DIJQAR__ligand1918-0
113,DIJQAR__ligand4175-0
114,DIJQAR__ligand119-0
115,DIJQAR__ligand2255-0
116,DIJQAR__ligand85-0
117,DIJQAR__ligand78-0
118,DIJQAR__ligand2718-0
119,DIJQAR__ligand3070-0
120,DIJQAR__ligand3035-0
121,DIJQAR__ligand8-0
122,DIJQAR__ligand384-0
123,DIJQAR__ligand1493-0
124,DIJQAR__ligand120-0
125,DIJQAR__ligand9176-0
126,DIJQAR__ligand3251-0
127,DIJQAR__ligand11730-0
128,DIJQAR__ligand4619-0
129,DIJQAR__ligand5235-0
130,DIJQAR__ligand6143-0
131,DIJQAR__ligand7456-0
132,DIJQAR__ligand1818-0
133,DIJQAR__ligand3478-0
134,DIJQAR__ligand3852-0
135,DIJQAR__ligand240-0
136,DIJQAR__ligand5758-0
137,DIJQAR__ligand141-0
138,DIJQAR__ligand7630-0
139,DIJQAR__ligand1285-0
140,DIJQAR__ligand1555-0
141,DIJQAR__ligand67-0
142,DIJQAR__ligand4423-0
143,DIJQAR__ligand1907-0
144,DIJQAR__ligand3890-0
145,DIJQAR__ligand2253-0
146,DIJQAR__ligand1160-0
147,DIJQAR__ligand2954-0
148,DIJQAR__ligand5093-0
149,DIJQAR__ligand2762-0
150,DIJQAR__ligand797-0
151,DIJQAR__ligand1038-0
152,DIJQAR__ligand757-0
153,DIJQAR__ligand7550-0
154,DIJQAR__ligand6-0
155,DIJQAR__ligand1538-0
156,DIJQAR__ligand502-0
157,DIJQAR__ligand196-0
158,DIJQAR__ligand1114-0
159,DIJQAR__ligand113-0
160,DIJQAR__ligand9244-0
161,DIJQAR__ligand1228-0
162,DIJQAR__ligand10357-0
163,DIJQAR__ligand422-0
164,DIJQAR__ligand15630-0
165,DIJQAR__ligand236-0
166,DIJQAR__ligand1148-0
167,DIJQAR__ligand1479-0
168,DIJQAR__ligand353-0
169,DIJQAR__ligand3246-0
170,DIJQAR__ligand1747-0
171,DIJQAR__ligand481-0
172,DIJQAR__ligand6686-0
173,DIJQAR__ligand314-0
174,DIJQAR__ligand7915-0
175,DIJQAR__ligand5548-0
176,DIJQAR__ligand3145-0
177,DIJQAR__ligand6332-0
178,DIJQAR__ligand170-0
179,DIJQAR__ligand11-0
180,DIJQAR__ligand3178-0
181,DIJQAR__ligand2863-0
182,DIJQAR__ligand2098-0
183,DIJQAR__ligand391-0
184,DIJQAR__ligand6502-0
185,DIJQAR__ligand2634-0
186,DIJQAR__ligand210-0
187,DIJQAR__ligand1542-0
188,DIJQAR__ligand3041-0
189,DIJQAR__ligand2751-0
190,DIJQAR__ligand4-0
191,DIJQAR__ligand1376-0
192,DIJQAR__ligand2768-0
193,DIJQAR__ligand89-0
194,DIJQAR__ligand2259-0
195,DIJQAR__ligand2688-0
196,DIJQAR__ligand115-0
197,DIJQAR__ligand1687-0
198,DIJQAR__ligand49-0
199,DIJQAR__ligand1951-0
200,DIJQAR__ligand291-0
201,DIJQAR__ligand6277-0
202,DIJQAR__ligand4381-0
203,DIJQAR__ligand2629-0
204,DIJQAR__ligand355-0
205,DIJQAR__ligand3734-0
206,DIJQAR__ligand784-0
207,DIJQAR__ligand485-0
208,DIJQAR__ligand1706-0
209,DIJQAR__ligand447-0
210,DIJQAR__ligand3063-0
211,DIJQAR__ligand1438-0
212,DIJQAR__ligand5801-0
213,DIJQAR__ligand133-0
214,DIJQAR__ligand17-0
215,DIJQAR__ligand522-0
216,DIJQAR__ligand92-0
217,DIJQAR__ligand1171-0
218,DIJQAR__ligand666-0
219,DIJQAR__ligand487-0
220,DIJQAR__ligand1685-0
221,DIJQAR__ligand3757-0
222,DIJQAR__ligand2087-0
223,DIJQAR__ligand1048-0
224,DIJQAR__ligand1459-0
225,DIJQAR__ligand1544-0
226,DIJQAR__ligand682-0
227,DIJQAR__ligand2862-0
228,DIJQAR__ligand2320-0
229,DIJQAR__ligand1056-0
230,DIJQAR__ligand390-0
231,DIJQAR__ligand2510-0
232,DIJQAR__ligand932-0
233,DIJQAR__ligand134-0
234,DIJQAR__ligand2285-0
235,DIJQAR__ligand1567-0
236,DIJQAR__ligand235-0
237,DIJQAR__ligand55-0
238,DIJQAR__ligand8921-0
239,DIJQAR__ligand560-0
240,DIJQAR__ligand525-0
241,DIJQAR__ligand2907-0
242,DIJQAR__ligand10114-0
243,DIJQAR__ligand109-0
244,DIJQAR__ligand95-0
245,DIJQAR__ligand1703-0
246,DIJQAR__ligand2430-0
247,DIJQAR__ligand294-0
248,DIJQAR__ligand1152-0
249,DIJQAR__ligand993-0
250,DIJQAR__ligand331-0
251,DIJQAR__ligand1727-0
252,DIJQAR__ligand10479-0
253,DIJQAR__ligand421-0
254,DIJQAR__ligand798-0
255,DIJQAR__ligand34-0
256,DIJQAR__ligand584-0
257,DIJQAR__ligand916-0
258,DIJQAR__ligand1607-0
259,DIJQAR__ligand14530-0
260,DIJQAR__ligand8774-0
261,DIJQAR__ligand112-0
262,DIJQAR__ligand3637-0
263,DIJQAR__ligand73-0
264,DIJQAR__ligand197-0
265,DIJQAR__ligand296-0
266,DIJQAR__ligand7464-0
267,DIJQAR__ligand10910-0
268,DIJQAR__ligand352-0
269,DIJQAR__ligand783-0
270,DIJQAR__ligand1054-0
271,DIJQAR__ligand868-0
272,DIJQAR__ligand6294-0
273,DIJQAR__ligand442-0
274,DIJQAR__ligand1248-0
275,DIJQAR__ligand4303-0
276,DIJQAR__ligand57-0
277,DIJQAR__ligand1598-0
278,DIJQAR__ligand136-0
279,DIJQAR__ligand6538-0
280,DIJQAR__ligand851-0
281,DIJQAR__ligand9495-0
282,DIJQAR__ligand6151-0
283,DIJQAR__ligand2772-0
284,DIJQAR__ligand2142-0
285,DIJQAR__ligand909-0
286,DIJQAR__ligand177-0
287,DIJQAR__ligand934-0
288,DIJQAR__ligand2864-0
289,DIJQAR__ligand252-0
290,DIJQAR__ligand32-0
291,DIJQAR__ligand5022-0
292,DIJQAR__ligand955-0
293,DIJQAR__ligand1169-0
294,DIJQAR__ligand2838-0
295,DIJQAR__ligand1799-0
296,DIJQAR__ligand3838-0
297,DIJQAR__ligand830-0
298,DIJQAR__ligand2880-0
299,DIJQAR__ligand5941-0
300,DIJQAR__ligand3-0
301,DIJQAR__ligand193-0
302,DIJQAR__ligand1-0
303,DIJQAR__ligand9027-0
304,DIJQAR__ligand370-0
305,DIJQAR__ligand6396-0
306,DIJQAR__ligand48-0
307,DIJQAR__ligand1113-0
308,DIJQAR__ligand2265-0
309,DIJQAR__ligand250-0
310,DIJQAR__ligand1502-0
311,DIJQAR__ligand460-0
312,DIJQAR__ligand4983-0
313,DIJQAR__ligand2794-0
314,DIJQAR__ligand2345-0
315,DIJQAR__ligand1835-0
316,DIJQAR__ligand51-0
317,DIJQAR__ligand188-0
318,DIJQAR__ligand1052-0
319,DIJQAR__ligand369-0
320,DIJQAR__ligand444-0
321,DIJQAR__ligand311-0
322,DIJQAR__ligand91-0
323,DIJQAR__ligand29-0
324,DIJQAR__ligand1273-0
