,TMC
0,SAQXIS__ligand487-0
1,SAQXIS__ligand3145-0
2,SAQXIS__ligand522-0
3,SAQXIS__ligand7915-0
4,SAQXIS__ligand40-0
5,SAQXIS__ligand5548-0
6,SAQXIS__ligand666-0
7,SAQXIS__ligand14530-0
8,SAQXIS__ligand1747-0
9,SAQXIS__ligand6686-0
10,SAQXIS__ligand1-0
11,SAQXIS__ligand2098-0
12,SAQXIS__ligand6502-0
13,SAQXIS__ligand133-0
14,SAQXIS__ligand38-0
15,SAQXIS__ligand2863-0
16,SAQXIS__ligand447-0
17,SAQXIS__ligand3178-0
18,SAQXIS__ligand6332-0
19,SAQXIS__ligand682-0
20,SAQXIS__ligand3041-0
21,SAQXIS__ligand2634-0
22,SAQXIS__ligand10910-0
23,SAQXIS__ligand1542-0
24,SAQXIS__ligand21-0
25,SAQXIS__ligand2751-0
26,SAQXIS__ligand1114-0
27,SAQXIS__ligand1538-0
28,SAQXIS__ligand66-0
29,SAQXIS__ligand291-0
30,SAQXIS__ligand115-0
31,SAQXIS__ligand10114-0
32,SAQXIS__ligand1228-0
33,SAQXIS__ligand9244-0
34,SAQXIS__ligand1479-0
35,SAQXIS__ligand1148-0
36,SAQXIS__ligand784-0
37,SAQXIS__ligand355-0
38,SAQXIS__ligand3246-0
39,SAQXIS__ligand485-0
40,SAQXIS__ligand10479-0
41,SAQXIS__ligand3-0
42,SAQXIS__ligand5801-0
43,SAQXIS__ligand391-0
44,SAQXIS__ligand170-0
45,SAQXIS__ligand86-0
46,SAQXIS__ligand3063-0
47,SAQXIS__ligand1438-0
48,SAQXIS__ligand1171-0
49,SAQXIS__ligand481-0
50,SAQXIS__ligand314-0
51,SAQXIS__ligand2087-0
52,SAQXIS__ligand1048-0
53,SAQXIS__ligand3757-0
54,SAQXIS__ligand62-0
55,SAQXIS__ligand1685-0
56,SAQXIS__ligand1544-0
57,SAQXIS__ligand1459-0
58,SAQXIS__ligand210-0
59,SAQXIS__ligand422-0
60,SAQXIS__ligand2259-0
61,SAQXIS__ligand2688-0
62,SAQXIS__ligand113-0
63,SAQXIS__ligand18-0
64,SAQXIS__ligand1376-0
65,SAQXIS__ligand2768-0
66,SAQXIS__ligand196-0
67,SAQXIS__ligand502-0
68,SAQXIS__ligand6277-0
69,SAQXIS__ligand1951-0
70,SAQXIS__ligand1687-0
71,SAQXIS__ligand1706-0
72,SAQXIS__ligand3734-0
73,SAQXIS__ligand2629-0
74,SAQXIS__ligand353-0
75,SAQXIS__ligand4381-0
76,SAQXIS__ligand236-0
77,SAQXIS__ligand460-0
78,SAQXIS__ligand3637-0
79,SAQXIS__ligand8774-0
80,SAQXIS__ligand250-0
81,SAQXIS__ligand67-0
82,SAQXIS__ligand370-0
83,SAQXIS__ligand311-0
84,SAQXIS__ligand7464-0
85,SAQXIS__ligand1598-0
86,SAQXIS__ligand1248-0
87,SAQXIS__ligand369-0
88,SAQXIS__ligand444-0
89,SAQXIS__ligand4303-0
90,SAQXIS__ligand6294-0
91,SAQXIS__ligand188-0
92,SAQXIS__ligand1054-0
93,SAQXIS__ligand2285-0
94,SAQXIS__ligand1567-0
95,SAQXIS__ligand8921-0
96,SAQXIS__ligand2510-0
97,SAQXIS__ligand2320-0
98,SAQXIS__ligand1056-0
99,SAQXIS__ligand177-0
100,SAQXIS__ligand934-0
101,SAQXIS__ligand2862-0
102,SAQXIS__ligand15630-0
103,SAQXIS__ligand1703-0
104,SAQXIS__ligand2430-0
105,SAQXIS__ligand10357-0
106,SAQXIS__ligand909-0
107,SAQXIS__ligand851-0
108,SAQXIS__ligand2907-0
109,SAQXIS__ligand1727-0
110,SAQXIS__ligand193-0
111,SAQXIS__ligand830-0
112,SAQXIS__ligand1152-0
113,SAQXIS__ligand1607-0
114,SAQXIS__ligand252-0
115,SAQXIS__ligand955-0
116,SAQXIS__ligand1113-0
117,SAQXIS__ligand2265-0
118,SAQXIS__ligand6396-0
119,SAQXIS__ligand9027-0
120,SAQXIS__ligand197-0
121,SAQXIS__ligand296-0
122,SAQXIS__ligand2794-0
123,SAQXIS__ligand2345-0
124,SAQXIS__ligand112-0
125,SAQXIS__ligand1835-0
126,SAQXIS__ligand4983-0
127,SAQXIS__ligand1502-0
128,SAQXIS__ligand78-0
129,SAQXIS__ligand85-0
130,SAQXIS__ligand136-0
131,SAQXIS__ligand1052-0
132,SAQXIS__ligand868-0
133,SAQXIS__ligand442-0
134,SAQXIS__ligand783-0
135,SAQXIS__ligand352-0
136,SAQXIS__ligand1273-0
137,SAQXIS__ligand4-0
138,SAQXIS__ligand45-0
139,SAQXIS__ligand2142-0
140,SAQXIS__ligand9495-0
141,SAQXIS__ligand525-0
142,SAQXIS__ligand6151-0
143,SAQXIS__ligand560-0
144,SAQXIS__ligand2772-0
145,SAQXIS__ligand6538-0
146,SAQXIS__ligand109-0
147,SAQXIS__ligand6-0
148,SAQXIS__ligand134-0
149,SAQXIS__ligand932-0
150,SAQXIS__ligand2864-0
151,SAQXIS__ligand235-0
152,SAQXIS__ligand390-0
153,SAQXIS__ligand916-0
154,SAQXIS__ligand584-0
155,SAQXIS__ligand5022-0
156,SAQXIS__ligand1169-0
157,SAQXIS__ligand421-0
158,SAQXIS__ligand798-0
159,SAQXIS__ligand331-0
160,SAQXIS__ligand294-0
161,SAQXIS__ligand2880-0
162,SAQXIS__ligand5941-0
163,SAQXIS__ligand993-0
164,SAQXIS__ligand2838-0
165,SAQXIS__ligand3838-0
166,SAQXIS__ligand1799-0
167,SAQXIS__ligand2929-0
168,SAQXIS__ligand927-0
169,SAQXIS__ligand2376-0
170,SAQXIS__ligand92-0
171,SAQXIS__ligand199-0
172,SAQXIS__ligand1379-0
173,SAQXIS__ligand17-0
174,SAQXIS__ligand575-0
175,SAQXIS__ligand6430-0
176,SAQXIS__ligand1299-0
177,SAQXIS__ligand1264-0
178,SAQXIS__ligand1221-0
179,SAQXIS__ligand2442-0
180,SAQXIS__ligand1019-0
181,SAQXIS__ligand409-0
182,SAQXIS__ligand324-0
183,SAQXIS__ligand361-0
184,SAQXIS__ligand7414-0
185,SAQXIS__ligand5762-0
186,SAQXIS__ligand1104-0
187,SAQXIS__ligand1325-0
188,SAQXIS__ligand2482-0
189,SAQXIS__ligand140-0
190,SAQXIS__ligand105-0
191,SAQXIS__ligand6571-0
192,SAQXIS__ligand436-0
193,SAQXIS__ligand5334-0
194,SAQXIS__ligand142-0
195,SAQXIS__ligand2315-0
196,SAQXIS__ligand8-0
197,SAQXIS__ligand3051-0
198,SAQXIS__ligand206-0
199,SAQXIS__ligand4504-0
200,SAQXIS__ligand2480-0
201,SAQXIS__ligand49-0
202,SAQXIS__ligand1898-0
203,SAQXIS__ligand8032-0
204,SAQXIS__ligand553-0
205,SAQXIS__ligand1858-0
206,SAQXIS__ligand89-0
207,SAQXIS__ligand283-0
208,SAQXIS__ligand821-0
209,SAQXIS__ligand326-0
210,SAQXIS__ligand1712-0
211,SAQXIS__ligand633-0
212,SAQXIS__ligand918-0
213,SAQXIS__ligand532-0
214,SAQXIS__ligand2110-0
215,SAQXIS__ligand2916-0
216,SAQXIS__ligand3579-0
217,SAQXIS__ligand497-0
218,SAQXIS__ligand838-0
219,SAQXIS__ligand1919-0
220,SAQXIS__ligand2389-0
221,SAQXIS__ligand166-0
222,SAQXIS__ligand11-0
223,SAQXIS__ligand162-0
224,SAQXIS__ligand1307-0
225,SAQXIS__ligand226-0
226,SAQXIS__ligand383-0
227,SAQXIS__ligand3853-0
228,SAQXIS__ligand2853-0
229,SAQXIS__ligand5089-0
230,SAQXIS__ligand2599-0
231,SAQXIS__ligand1246-0
232,SAQXIS__ligand6166-0
233,SAQXIS__ligand365-0
234,SAQXIS__ligand1788-0
235,SAQXIS__ligand278-0
236,SAQXIS__ligand669-0
237,SAQXIS__ligand1321-0
238,SAQXIS__ligand11730-0
239,SAQXIS__ligand430-0
240,SAQXIS__ligand358-0
241,SAQXIS__ligand3566-0
242,SAQXIS__ligand1178-0
243,SAQXIS__ligand509-0
244,SAQXIS__ligand3337-0
245,SAQXIS__ligand7514-0
246,SAQXIS__ligand1449-1
247,SAQXIS__ligand4811-0
248,SAQXIS__ligand4894-0
249,SAQXIS__ligand1260-0
250,SAQXIS__ligand9620-0
251,SAQXIS__ligand118-0
252,SAQXIS__ligand670-0
253,SAQXIS__ligand571-0
254,SAQXIS__ligand3618-0
255,SAQXIS__ligand2618-0
256,SAQXIS__ligand1436-0
257,SAQXIS__ligand48-0
258,SAQXIS__ligand4370-0
259,SAQXIS__ligand29-0
260,SAQXIS__ligand91-0
261,SAQXIS__ligand757-0
262,SAQXIS__ligand1918-0
263,SAQXIS__ligand797-0
264,SAQXIS__ligand2255-0
265,SAQXIS__ligand4175-0
266,SAQXIS__ligand51-0
267,SAQXIS__ligand2915-0
268,SAQXIS__ligand120-0
269,SAQXIS__ligand3196-0
270,SAQXIS__ligand384-0
271,SAQXIS__ligand4012-0
272,SAQXIS__ligand240-0
273,SAQXIS__ligand141-0
274,SAQXIS__ligand2526-0
275,SAQXIS__ligand1551-0
276,SAQXIS__ligand1690-0
277,SAQXIS__ligand2707-0
278,SAQXIS__ligand32-0
279,SAQXIS__ligand1555-0
280,SAQXIS__ligand1285-0
281,SAQXIS__ligand100-0
282,SAQXIS__ligand201-0
283,SAQXIS__ligand244-0
284,SAQXIS__ligand7630-0
285,SAQXIS__ligand279-0
286,SAQXIS__ligand73-0
287,SAQXIS__ligand3890-0
288,SAQXIS__ligand178-0
289,SAQXIS__ligand1907-0
290,SAQXIS__ligand321-0
291,SAQXIS__ligand4423-0
292,SAQXIS__ligand1038-0
293,SAQXIS__ligand119-0
294,SAQXIS__ligand57-0
295,SAQXIS__ligand2762-0
296,SAQXIS__ligand5093-0
297,SAQXIS__ligand2954-0
298,SAQXIS__ligand2253-0
299,SAQXIS__ligand1160-0
300,SAQXIS__ligand124-0
301,SAQXIS__ligand7550-0
302,SAQXIS__ligand9176-0
303,SAQXIS__ligand95-0
304,SAQXIS__ligand126-0
305,SAQXIS__ligand1493-0
306,SAQXIS__ligand2718-0
307,SAQXIS__ligand3035-0
308,SAQXIS__ligand3070-0
309,SAQXIS__ligand5235-0
310,SAQXIS__ligand6143-0
311,SAQXIS__ligand55-0
312,SAQXIS__ligand4619-0
313,SAQXIS__ligand3251-0
314,SAQXIS__ligand1818-0
315,SAQXIS__ligand612-0
316,SAQXIS__ligand34-0
317,SAQXIS__ligand187-0
318,SAQXIS__ligand366-0
319,SAQXIS__ligand7456-0
320,SAQXIS__ligand861-0
321,SAQXIS__ligand5758-0
322,SAQXIS__ligand3852-0
323,SAQXIS__ligand596-0
324,SAQXIS__ligand3478-0
