,TMC
0,ADOCOO__ligand13012-0
1,ADOCOO__ligand300-0
2,ADOCOO__ligand17631-0
3,ADOCOO__ligand5755-0
4,ADOCOO__ligand26665-0
5,ADOCOO__ligand4710-0
6,ADOCOO__ligand14603-0
7,ADOCOO__ligand14297-0
8,ADOCOO__ligand5085-0
9,ADOCOO__ligand17258-0
10,ADOCOO__ligand3144-0
11,ADOCOO__ligand6112-0
12,ADOCOO__ligand588-0
13,ADOCOO__ligand31783-0
14,ADOCOO__ligand8042-0
15,ADOCOO__ligand7213-0
16,ADOCOO__ligand1397-0
17,ADOCOO__ligand1828-0
18,ADOCOO__ligand12934-0
19,ADOCOO__ligand20578-0
20,ADOCOO__ligand15422-0
21,ADOCOO__ligand199-0
22,ADOCOO__ligand19641-0
23,ADOCOO__ligand5630-0
24,ADOCOO__ligand14723-0
25,ADOCOO__ligand1786-0
26,ADOCOO__ligand27893-0
27,ADOCOO__ligand3285-0
28,ADOCOO__ligand4795-0
29,ADOCOO__ligand30988-0
30,ADOCOO__ligand23713-0
31,ADOCOO__ligand27175-0
32,ADOCOO__ligand18832-0
33,ADOCOO__ligand1908-0
34,ADOCOO__ligand6663-0
35,ADOCOO__ligand27460-0
36,ADOCOO__ligand5515-0
37,ADOCOO__ligand1831-0
38,ADOCOO__ligand5280-0
39,ADOCOO__ligand5614-0
40,ADOCOO__ligand69-0
41,ADOCOO__ligand16628-0
42,ADOCOO__ligand12427-0
43,ADOCOO__ligand20740-0
44,ADOCOO__ligand28468-0
45,ADOCOO__ligand26540-0
46,ADOCOO__ligand1216-0
47,ADOCOO__ligand29410-0
48,ADOCOO__ligand12337-0
49,ADOCOO__ligand30296-0
50,ADOCOO__ligand1152-0
51,ADOCOO__ligand409-0
52,ADOCOO__ligand11-0
53,ADOCOO__ligand3261-0
54,ADOCOO__ligand361-0
55,ADOCOO__ligand324-0
56,ADOCOO__ligand17281-0
57,ADOCOO__ligand5019-0
58,ADOCOO__ligand1849-0
59,ADOCOO__ligand12606-0
60,ADOCOO__ligand30333-0
61,ADOCOO__ligand326-0
62,ADOCOO__ligand1150-0
63,ADOCOO__ligand1539-0
64,ADOCOO__ligand14108-0
65,ADOCOO__ligand10958-0
66,ADOCOO__ligand4207-0
67,ADOCOO__ligand3453-0
68,ADOCOO__ligand3416-0
69,ADOCOO__ligand12641-0
70,ADOCOO__ligand28676-0
71,ADOCOO__ligand10262-0
72,ADOCOO__ligand692-0
73,ADOCOO__ligand27763-0
74,ADOCOO__ligand3042-0
75,ADOCOO__ligand13425-0
76,ADOCOO__ligand29302-0
77,ADOCOO__ligand19057-0
78,ADOCOO__ligand4063-0
79,ADOCOO__ligand18814-0
80,ADOCOO__ligand8200-0
81,ADOCOO__ligand7438-0
82,ADOCOO__ligand436-0
83,ADOCOO__ligand12231-0
84,ADOCOO__ligand9750-0
85,ADOCOO__ligand6993-0
86,ADOCOO__ligand26702-0
87,ADOCOO__ligand13658-0
88,ADOCOO__ligand1817-0
89,ADOCOO__ligand18292-0
90,ADOCOO__ligand12289-0
91,ADOCOO__ligand12130-0
92,ADOCOO__ligand17387-0
93,ADOCOO__ligand1779-0
94,ADOCOO__ligand10476-0
95,ADOCOO__ligand1149-0
96,ADOCOO__ligand3980-0
97,ADOCOO__ligand13068-0
98,ADOCOO__ligand19830-0
99,ADOCOO__ligand3557-0
100,ADOCOO__ligand12401-0
101,ADOCOO__ligand15585-0
102,ADOCOO__ligand24145-0
103,ADOCOO__ligand7075-0
104,ADOCOO__ligand497-0
105,ADOCOO__ligand25178-0
106,ADOCOO__ligand24185-0
107,ADOCOO__ligand23769-0
108,ADOCOO__ligand1288-0
109,ADOCOO__ligand17805-0
110,ADOCOO__ligand4167-0
111,ADOCOO__ligand633-0
112,ADOCOO__ligand9491-0
113,ADOCOO__ligand17302-0
114,ADOCOO__ligand4266-0
115,ADOCOO__ligand1400-0
116,ADOCOO__ligand383-0
117,ADOCOO__ligand13390-0
118,ADOCOO__ligand416-0
119,ADOCOO__ligand1015-0
120,ADOCOO__ligand1050-0
121,ADOCOO__ligand20682-0
122,ADOCOO__ligand226-0
123,ADOCOO__ligand2027-0
124,ADOCOO__ligand162-0
125,ADOCOO__ligand4262-0
126,ADOCOO__ligand13208-0
127,ADOCOO__ligand1028-0
128,ADOCOO__ligand27482-0
129,ADOCOO__ligand26810-0
130,ADOCOO__ligand2692-0
131,ADOCOO__ligand1618-0
132,ADOCOO__ligand4596-0
133,ADOCOO__ligand31832-0
134,ADOCOO__ligand13294-0
135,ADOCOO__ligand1498-0
136,ADOCOO__ligand656-0
137,ADOCOO__ligand9615-0
138,ADOCOO__ligand13331-0
139,ADOCOO__ligand28884-0
140,ADOCOO__ligand12030-0
141,ADOCOO__ligand14248-0
142,ADOCOO__ligand1154-0
143,ADOCOO__ligand17-0
144,ADOCOO__ligand29879-0
145,ADOCOO__ligand8529-0
146,ADOCOO__ligand11456-0
147,ADOCOO__ligand1169-0
148,ADOCOO__ligand10712-0
149,ADOCOO__ligand14174-0
150,ADOCOO__ligand696-0
151,ADOCOO__ligand25411-0
152,ADOCOO__ligand20251-1
153,ADOCOO__ligand8593-0
154,ADOCOO__ligand9944-0
155,ADOCOO__ligand488-0
156,ADOCOO__ligand430-0
157,ADOCOO__ligand358-0
158,ADOCOO__ligand7566-0
159,ADOCOO__ligand694-0
160,ADOCOO__ligand2001-0
161,ADOCOO__ligand16475-0
162,ADOCOO__ligand14703-0
163,ADOCOO__ligand11675-0
164,ADOCOO__ligand20598-0
165,ADOCOO__ligand22557-0
166,ADOCOO__ligand10589-0
167,ADOCOO__ligand5201-0
168,ADOCOO__ligand24047-0
169,ADOCOO__ligand17398-0
170,ADOCOO__ligand1113-0
171,ADOCOO__ligand8553-0
172,ADOCOO__ligand20011-0
173,ADOCOO__ligand17278-0
174,ADOCOO__ligand29414-0
175,ADOCOO__ligand17982-0
176,ADOCOO__ligand30851-0
177,ADOCOO__ligand4161-0
178,ADOCOO__ligand3471-0
179,ADOCOO__ligand14889-0
180,ADOCOO__ligand4124-0
181,ADOCOO__ligand534-0
182,ADOCOO__ligand571-0
183,ADOCOO__ligand29568-0
184,ADOCOO__ligand670-0
185,ADOCOO__ligand89-0
186,ADOCOO__ligand28789-0
187,ADOCOO__ligand5415-0
188,ADOCOO__ligand20419-0
189,ADOCOO__ligand17118-0
190,ADOCOO__ligand21371-0
191,ADOCOO__ligand3180-0
192,ADOCOO__ligand49-0
193,ADOCOO__ligand4340-0
194,ADOCOO__ligand2281-0
195,ADOCOO__ligand2650-0
196,ADOCOO__ligand17261-0
197,ADOCOO__ligand14117-0
198,ADOCOO__ligand21581-0
199,ADOCOO__ligand31097-0
200,ADOCOO__ligand2823-0
201,ADOCOO__ligand20539-0
202,ADOCOO__ligand6995-0
203,ADOCOO__ligand30702-0
204,ADOCOO__ligand20214-0
205,ADOCOO__ligand20251-0
206,ADOCOO__ligand17207-0
207,ADOCOO__ligand31578-0
208,ADOCOO__ligand9943-0
209,ADOCOO__ligand1228-0
210,ADOCOO__ligand1604-0
211,ADOCOO__ligand18013-0
212,ADOCOO__ligand25224-0
213,ADOCOO__ligand17945-0
214,ADOCOO__ligand693-0
215,ADOCOO__ligand1832-0
216,ADOCOO__ligand8788-0
217,ADOCOO__ligand24750-0
218,ADOCOO__ligand2043-0
219,ADOCOO__ligand2417-0
220,ADOCOO__ligand15438-0
221,ADOCOO__ligand28924-0
222,ADOCOO__ligand18703-0
223,ADOCOO__ligand1114-0
224,ADOCOO__ligand57-0
225,ADOCOO__ligand29087-0
226,ADOCOO__ligand9284-0
227,ADOCOO__ligand3126-0
228,ADOCOO__ligand6391-0
229,ADOCOO__ligand23589-0
230,ADOCOO__ligand24064-0
231,ADOCOO__ligand15168-0
232,ADOCOO__ligand5387-0
233,ADOCOO__ligand2203-0
234,ADOCOO__ligand1289-0
235,ADOCOO__ligand10432-0
236,ADOCOO__ligand11432-0
237,ADOCOO__ligand1599-0
238,ADOCOO__ligand31618-0
239,ADOCOO__ligand22755-0
240,ADOCOO__ligand757-0
241,ADOCOO__ligand29898-0
242,ADOCOO__ligand26277-0
243,ADOCOO__ligand2612-0
244,ADOCOO__ligand8-0
245,ADOCOO__ligand122-0
246,ADOCOO__ligand9450-0
247,ADOCOO__ligand14586-0
248,ADOCOO__ligand11774-0
249,ADOCOO__ligand384-0
250,ADOCOO__ligand3178-0
251,ADOCOO__ligand21421-0
252,ADOCOO__ligand4807-0
253,ADOCOO__ligand5159-0
254,ADOCOO__ligand20579-0
255,ADOCOO__ligand17710-0
256,ADOCOO__ligand11568-0
257,ADOCOO__ligand7196-0
258,ADOCOO__ligand9753-0
259,ADOCOO__ligand1356-0
260,ADOCOO__ligand1787-0
261,ADOCOO__ligand5530-0
262,ADOCOO__ligand31483-0
263,ADOCOO__ligand4649-0
264,ADOCOO__ligand10555-0
265,ADOCOO__ligand2788-0
266,ADOCOO__ligand5649-0
267,ADOCOO__ligand8793-0
268,ADOCOO__ligand34-0
269,ADOCOO__ligand3244-0
270,ADOCOO__ligand4711-0
271,ADOCOO__ligand19725-0
272,ADOCOO__ligand2906-0
273,ADOCOO__ligand768-0
274,ADOCOO__ligand24613-0
275,ADOCOO__ligand9323-0
276,ADOCOO__ligand7273-0
277,ADOCOO__ligand7172-0
278,ADOCOO__ligand2124-0
279,ADOCOO__ligand12336-0
280,ADOCOO__ligand8612-0
281,ADOCOO__ligand2260-0
282,ADOCOO__ligand7092-0
283,ADOCOO__ligand1116-0
284,ADOCOO__ligand55-0
285,ADOCOO__ligand3225-0
286,ADOCOO__ligand1153-0
287,ADOCOO__ligand13072-0
288,ADOCOO__ligand5708-0
289,ADOCOO__ligand17590-0
290,ADOCOO__ligand68-0
291,ADOCOO__ligand7316-0
292,ADOCOO__ligand17240-0
293,ADOCOO__ligand6017-0
294,ADOCOO__ligand5180-0
295,ADOCOO__ligand18699-0
296,ADOCOO__ligand12682-0
297,ADOCOO__ligand141-0
298,ADOCOO__ligand240-0
299,ADOCOO__ligand18391-0
300,ADOCOO__ligand2221-0
301,ADOCOO__ligand51-0
302,ADOCOO__ligand321-0
303,ADOCOO__ligand14523-0
304,ADOCOO__ligand27169-0
305,ADOCOO__ligand3926-0
306,ADOCOO__ligand3120-0
307,ADOCOO__ligand4358-0
308,ADOCOO__ligand20599-0
309,ADOCOO__ligand22981-0
310,ADOCOO__ligand25805-0
311,ADOCOO__ligand178-0
312,ADOCOO__ligand185-0
313,ADOCOO__ligand27074-0
314,ADOCOO__ligand5595-0
315,ADOCOO__ligand4101-0
316,ADOCOO__ligand279-0
317,ADOCOO__ligand23904-0
318,ADOCOO__ligand201-0
319,ADOCOO__ligand1376-0
320,ADOCOO__ligand21936-0
321,ADOCOO__ligand5510-0
322,ADOCOO__ligand9773-0
323,ADOCOO__ligand13257-0
324,ADOCOO__ligand8592-0
325,ADOCOO__ligand12467-0
326,ADOCOO__ligand5099-0
327,ADOCOO__ligand91-0
328,ADOCOO__ligand1197-0
329,ADOCOO__ligand10084-0
330,ADOCOO__ligand2259-0
331,ADOCOO__ligand1296-0
332,ADOCOO__ligand25267-0
333,ADOCOO__ligand11140-0
334,ADOCOO__ligand3867-0
335,ADOCOO__ligand1317-0
336,ADOCOO__ligand7293-0
337,ADOCOO__ligand2822-0
338,ADOCOO__ligand29610-0
339,ADOCOO__ligand13869-0
340,ADOCOO__ligand338-0
341,ADOCOO__ligand18074-0
342,ADOCOO__ligand2238-0
343,ADOCOO__ligand48-0
344,ADOCOO__ligand29863-0
345,ADOCOO__ligand5304-0
346,ADOCOO__ligand9167-0
347,ADOCOO__ligand18799-0
348,ADOCOO__ligand5080-0
349,ADOCOO__ligand18465-0
350,ADOCOO__ligand7762-0
351,ADOCOO__ligand28668-0
352,ADOCOO__ligand1407-0
353,ADOCOO__ligand6117-0
354,ADOCOO__ligand16791-0
355,ADOCOO__ligand8002-0
356,ADOCOO__ligand5509-0
357,ADOCOO__ligand5383-0
358,ADOCOO__ligand2693-0
359,ADOCOO__ligand32-0
360,ADOCOO__ligand25650-0
361,ADOCOO__ligand3945-0
362,ADOCOO__ligand31248-0
363,ADOCOO__ligand845-0
364,ADOCOO__ligand8000-0
365,ADOCOO__ligand3736-0
366,ADOCOO__ligand19257-0
367,ADOCOO__ligand13209-0
368,ADOCOO__ligand9344-0
369,ADOCOO__ligand12660-0
370,ADOCOO__ligand23124-0
371,ADOCOO__ligand9883-0
372,ADOCOO__ligand3677-1
373,ADOCOO__ligand11206-0
374,ADOCOO__ligand7291-0
375,ADOCOO__ligand25735-0
376,ADOCOO__ligand12519-0
377,ADOCOO__ligand163-0
378,ADOCOO__ligand126-0
379,ADOCOO__ligand9299-0
380,ADOCOO__ligand4007-0
381,ADOCOO__ligand2985-0
382,ADOCOO__ligand11166-0
383,ADOCOO__ligand596-0
384,ADOCOO__ligand941-0
385,ADOCOO__ligand21132-0
386,ADOCOO__ligand6699-0
387,ADOCOO__ligand23906-0
388,ADOCOO__ligand1294-0
389,ADOCOO__ligand1168-0
390,ADOCOO__ligand3677-0
391,ADOCOO__ligand3632-0
392,ADOCOO__ligand30539-0
393,ADOCOO__ligand777-0
394,ADOCOO__ligand1211-0
395,ADOCOO__ligand366-0
396,ADOCOO__ligand25689-0
397,ADOCOO__ligand25575-0
398,ADOCOO__ligand16-0
399,ADOCOO__ligand6892-0
400,ADOCOO__ligand21787-0
401,ADOCOO__ligand2881-0
402,ADOCOO__ligand27835-0
403,ADOCOO__ligand187-0
404,ADOCOO__ligand1499-0
405,ADOCOO__ligand12295-0
406,ADOCOO__ligand1464-0
407,ADOCOO__ligand3712-0
408,ADOCOO__ligand657-0
409,ADOCOO__ligand746-0
410,ADOCOO__ligand9933-0
411,ADOCOO__ligand1575-0
412,ADOCOO__ligand24953-0
413,ADOCOO__ligand1530-0
414,ADOCOO__ligand23445-0
415,ADOCOO__ligand447-0
416,ADOCOO__ligand16133-0
417,ADOCOO__ligand13755-0
418,ADOCOO__ligand27122-0
419,ADOCOO__ligand20432-0
420,ADOCOO__ligand1631-0
421,ADOCOO__ligand2332-0
422,ADOCOO__ligand9441-0
423,ADOCOO__ligand21940-0
424,ADOCOO__ligand176-0
425,ADOCOO__ligand25048-0
426,ADOCOO__ligand1378-0
427,ADOCOO__ligand6244-0
428,ADOCOO__ligand30004-0
429,ADOCOO__ligand20557-0
430,ADOCOO__ligand3156-0
431,ADOCOO__ligand2915-0
432,ADOCOO__ligand487-0
433,ADOCOO__ligand4116-0
434,ADOCOO__ligand506-0
435,ADOCOO__ligand1018-0
436,ADOCOO__ligand6124-0
437,ADOCOO__ligand3707-0
438,ADOCOO__ligand7967-0
439,ADOCOO__ligand9601-0
440,ADOCOO__ligand24624-0
441,ADOCOO__ligand18413-0
442,ADOCOO__ligand20844-0
443,ADOCOO__ligand8992-0
444,ADOCOO__ligand24560-0
445,ADOCOO__ligand18757-0
446,ADOCOO__ligand2526-0
447,ADOCOO__ligand5036-0
448,ADOCOO__ligand1615-0
449,ADOCOO__ligand21752-0
450,ADOCOO__ligand9952-0
451,ADOCOO__ligand9111-0
452,ADOCOO__ligand13691-0
453,ADOCOO__ligand152-0
454,ADOCOO__ligand30788-0
455,ADOCOO__ligand8721-0
456,ADOCOO__ligand1324-0
457,ADOCOO__ligand5643-0
458,ADOCOO__ligand14339-0
459,ADOCOO__ligand1823-0
460,ADOCOO__ligand14226-0
461,ADOCOO__ligand21339-0
462,ADOCOO__ligand16956-0
463,ADOCOO__ligand20942-1
464,ADOCOO__ligand27771-0
465,ADOCOO__ligand4641-0
466,ADOCOO__ligand18158-0
467,ADOCOO__ligand23682-0
468,ADOCOO__ligand115-0
469,ADOCOO__ligand29565-0
470,ADOCOO__ligand2028-0
471,ADOCOO__ligand8835-0
472,ADOCOO__ligand14007-0
473,ADOCOO__ligand7126-0
474,ADOCOO__ligand18019-1
475,ADOCOO__ligand1142-0
476,ADOCOO__ligand3234-0
477,ADOCOO__ligand27550-0
478,ADOCOO__ligand833-0
479,ADOCOO__ligand3465-0
480,ADOCOO__ligand11501-0
481,ADOCOO__ligand11544-0
482,ADOCOO__ligand6102-0
483,ADOCOO__ligand3721-0
484,ADOCOO__ligand6904-0
485,ADOCOO__ligand6596-0
486,ADOCOO__ligand29214-0
487,ADOCOO__ligand7819-0
488,ADOCOO__ligand11758-0
489,ADOCOO__ligand22357-0
490,ADOCOO__ligand2917-0
491,ADOCOO__ligand784-0
492,ADOCOO__ligand21448-0
493,ADOCOO__ligand368-0
494,ADOCOO__ligand11798-0
495,ADOCOO__ligand18-0
496,ADOCOO__ligand20731-0
497,ADOCOO__ligand2295-0
498,ADOCOO__ligand1577-0
499,ADOCOO__ligand6067-0
500,ADOCOO__ligand395-0
501,ADOCOO__ligand29334-0
502,ADOCOO__ligand12413-0
503,ADOCOO__ligand17445-0
504,ADOCOO__ligand14477-0
505,ADOCOO__ligand17069-0
506,ADOCOO__ligand4620-0
507,ADOCOO__ligand780-0
508,ADOCOO__ligand314-0
509,ADOCOO__ligand813-0
510,ADOCOO__ligand1263-0
511,ADOCOO__ligand9908-0
512,ADOCOO__ligand22353-0
513,ADOCOO__ligand7106-0
514,ADOCOO__ligand19906-0
515,ADOCOO__ligand7242-0
516,ADOCOO__ligand19668-0
517,ADOCOO__ligand1844-0
518,ADOCOO__ligand4661-0
519,ADOCOO__ligand3718-0
520,ADOCOO__ligand10151-0
521,ADOCOO__ligand6616-0
522,ADOCOO__ligand3876-0
523,ADOCOO__ligand1343-0
524,ADOCOO__ligand3035-0
525,ADOCOO__ligand618-0
526,ADOCOO__ligand1573-0
527,ADOCOO__ligand1536-0
528,ADOCOO__ligand391-0
529,ADOCOO__ligand9935-0
530,ADOCOO__ligand3504-0
531,ADOCOO__ligand1959-0
532,ADOCOO__ligand20121-0
533,ADOCOO__ligand2485-0
534,ADOCOO__ligand3852-0
535,ADOCOO__ligand6919-0
536,ADOCOO__ligand15387-0
537,ADOCOO__ligand20220-0
538,ADOCOO__ligand465-0
539,ADOCOO__ligand38-0
540,ADOCOO__ligand29813-0
541,ADOCOO__ligand16952-0
542,ADOCOO__ligand3565-0
543,ADOCOO__ligand5331-0
544,ADOCOO__ligand1512-0
545,ADOCOO__ligand3131-0
546,ADOCOO__ligand3174-0
547,ADOCOO__ligand1202-0
548,ADOCOO__ligand3937-0
549,ADOCOO__ligand8969-0
550,ADOCOO__ligand10853-0
551,ADOCOO__ligand29441-0
552,ADOCOO__ligand6839-0
553,ADOCOO__ligand4720-0
554,ADOCOO__ligand11479-0
555,ADOCOO__ligand27610-0
556,ADOCOO__ligand10479-0
557,ADOCOO__ligand13657-0
558,ADOCOO__ligand14347-0
559,ADOCOO__ligand14302-0
560,ADOCOO__ligand3094-0
561,ADOCOO__ligand11698-0
562,ADOCOO__ligand4155-0
563,ADOCOO__ligand20530-0
564,ADOCOO__ligand24851-0
565,ADOCOO__ligand314-1
566,ADOCOO__ligand5211-0
567,ADOCOO__ligand16603-0
568,ADOCOO__ligand42-0
569,ADOCOO__ligand2232-0
570,ADOCOO__ligand11814-0
571,ADOCOO__ligand9291-0
572,ADOCOO__ligand2176-0
573,ADOCOO__ligand5256-0
574,ADOCOO__ligand7648-0
575,ADOCOO__ligand2828-0
576,ADOCOO__ligand4-0
577,ADOCOO__ligand8876-0
578,ADOCOO__ligand11622-0
579,ADOCOO__ligand9833-0
580,ADOCOO__ligand4157-0
581,ADOCOO__ligand16870-0
582,ADOCOO__ligand196-0
583,ADOCOO__ligand686-0
584,ADOCOO__ligand15455-0
585,ADOCOO__ligand11177-0
586,ADOCOO__ligand4546-0
587,ADOCOO__ligand4503-0
588,ADOCOO__ligand7000-0
589,ADOCOO__ligand31205-0
590,ADOCOO__ligand1982-0
591,ADOCOO__ligand6768-0
592,ADOCOO__ligand17686-0
593,ADOCOO__ligand25658-0
594,ADOCOO__ligand8115-0
595,ADOCOO__ligand1285-0
596,ADOCOO__ligand422-0
597,ADOCOO__ligand7280-0
598,ADOCOO__ligand1304-0
599,ADOCOO__ligand1790-0
600,ADOCOO__ligand13260-0
601,ADOCOO__ligand10582-0
602,ADOCOO__ligand11252-0
603,ADOCOO__ligand7238-0
604,ADOCOO__ligand18067-0
605,ADOCOO__ligand4016-0
606,ADOCOO__ligand19824-0
607,ADOCOO__ligand393-0
608,ADOCOO__ligand1219-0
609,ADOCOO__ligand6709-0
610,ADOCOO__ligand7867-0
611,ADOCOO__ligand3954-0
612,ADOCOO__ligand4442-0
613,ADOCOO__ligand4093-0
614,ADOCOO__ligand20821-0
615,ADOCOO__ligand66-0
616,ADOCOO__ligand26673-0
617,ADOCOO__ligand1160-0
618,ADOCOO__ligand8699-0
619,ADOCOO__ligand353-0
620,ADOCOO__ligand9520-0
621,ADOCOO__ligand9784-0
622,ADOCOO__ligand31000-0
623,ADOCOO__ligand7629-0
624,ADOCOO__ligand11606-0
625,ADOCOO__ligand4272-0
626,ADOCOO__ligand1451-0
627,ADOCOO__ligand45-0
628,ADOCOO__ligand1900-0
629,ADOCOO__ligand9197-0
630,ADOCOO__ligand370-0
631,ADOCOO__ligand27239-0
632,ADOCOO__ligand21729-0
633,ADOCOO__ligand3-0
634,ADOCOO__ligand14043-0
635,ADOCOO__ligand3029-0
636,ADOCOO__ligand26324-0
637,ADOCOO__ligand28559-0
638,ADOCOO__ligand7162-0
639,ADOCOO__ligand2328-0
640,ADOCOO__ligand1773-0
641,ADOCOO__ligand4581-0
642,ADOCOO__ligand19927-0
643,ADOCOO__ligand7573-0
644,ADOCOO__ligand2781-0
645,ADOCOO__ligand3350-0
646,ADOCOO__ligand250-0
647,ADOCOO__ligand6672-0
648,ADOCOO__ligand11618-0
649,ADOCOO__ligand9809-0
650,ADOCOO__ligand1327-0
651,ADOCOO__ligand8722-0
652,ADOCOO__ligand26529-0
653,ADOCOO__ligand3208-0
654,ADOCOO__ligand78-0
655,ADOCOO__ligand2208-0
656,ADOCOO__ligand11111-0
657,ADOCOO__ligand28540-0
658,ADOCOO__ligand16369-0
659,ADOCOO__ligand7557-0
660,ADOCOO__ligand20695-0
661,ADOCOO__ligand27754-0
662,ADOCOO__ligand1496-0
663,ADOCOO__ligand188-0
664,ADOCOO__ligand19-0
665,ADOCOO__ligand22403-0
666,ADOCOO__ligand1533-0
667,ADOCOO__ligand10872-0
668,ADOCOO__ligand21399-0
669,ADOCOO__ligand5094-0
670,ADOCOO__ligand5892-0
671,ADOCOO__ligand12003-0
672,ADOCOO__ligand311-0
673,ADOCOO__ligand785-0
674,ADOCOO__ligand26631-0
675,ADOCOO__ligand24-0
676,ADOCOO__ligand16148-0
677,ADOCOO__ligand479-0
678,ADOCOO__ligand4131-0
679,ADOCOO__ligand1712-0
680,ADOCOO__ligand564-0
681,ADOCOO__ligand370-1
682,ADOCOO__ligand29215-0
683,ADOCOO__ligand620-0
684,ADOCOO__ligand1165-0
685,ADOCOO__ligand12001-0
686,ADOCOO__ligand9525-0
687,ADOCOO__ligand3157-0
688,ADOCOO__ligand24644-0
689,ADOCOO__ligand10033-0
690,ADOCOO__ligand1379-0
691,ADOCOO__ligand24872-0
692,ADOCOO__ligand909-0
693,ADOCOO__ligand2722-0
694,ADOCOO__ligand30728-0
695,ADOCOO__ligand5935-0
696,ADOCOO__ligand27840-0
697,ADOCOO__ligand15788-0
698,ADOCOO__ligand23175-0
699,ADOCOO__ligand1768-0
700,ADOCOO__ligand17396-0
701,ADOCOO__ligand3871-0
702,ADOCOO__ligand13220-0
703,ADOCOO__ligand177-0
704,ADOCOO__ligand11587-0
705,ADOCOO__ligand1469-0
706,ADOCOO__ligand1688-0
707,ADOCOO__ligand22444-0
708,ADOCOO__ligand5357-0
709,ADOCOO__ligand3647-0
710,ADOCOO__ligand24111-0
711,ADOCOO__ligand13385-0
712,ADOCOO__ligand5056-0
713,ADOCOO__ligand14569-0
714,ADOCOO__ligand4850-0
715,ADOCOO__ligand116-0
716,ADOCOO__ligand17427-0
717,ADOCOO__ligand1709-0
718,ADOCOO__ligand252-0
719,ADOCOO__ligand8464-0
720,ADOCOO__ligand8349-0
721,ADOCOO__ligand2527-0
722,ADOCOO__ligand29486-0
723,ADOCOO__ligand31694-0
724,ADOCOO__ligand830-0
725,ADOCOO__ligand5849-0
726,ADOCOO__ligand372-0
727,ADOCOO__ligand25561-0
728,ADOCOO__ligand1771-0
729,ADOCOO__ligand24780-0
730,ADOCOO__ligand4911-0
731,ADOCOO__ligand12138-0
732,ADOCOO__ligand22129-0
733,ADOCOO__ligand193-0
734,ADOCOO__ligand11949-0
735,ADOCOO__ligand3392-0
736,ADOCOO__ligand1-0
737,ADOCOO__ligand10828-0
738,ADOCOO__ligand19792-0
739,ADOCOO__ligand4332-0
740,ADOCOO__ligand15926-0
741,ADOCOO__ligand24230-0
742,ADOCOO__ligand9681-0
743,ADOCOO__ligand11096-0
744,ADOCOO__ligand11447-0
745,ADOCOO__ligand28810-0
746,ADOCOO__ligand15883-0
747,ADOCOO__ligand7530-0
748,ADOCOO__ligand1065-0
749,ADOCOO__ligand11970-0
750,ADOCOO__ligand1449-0
751,ADOCOO__ligand3012-0
752,ADOCOO__ligand21919-0
753,ADOCOO__ligand2403-0
754,ADOCOO__ligand22294-0
755,ADOCOO__ligand22168-0
756,ADOCOO__ligand28930-0
757,ADOCOO__ligand197-0
758,ADOCOO__ligand28743-0
759,ADOCOO__ligand15531-0
760,ADOCOO__ligand13862-0
761,ADOCOO__ligand11357-0
762,ADOCOO__ligand6882-0
763,ADOCOO__ligand43-0
764,ADOCOO__ligand6455-0
765,ADOCOO__ligand12365-0
766,ADOCOO__ligand10056-0
767,ADOCOO__ligand3934-0
768,ADOCOO__ligand7529-0
769,ADOCOO__ligand11994-0
770,ADOCOO__ligand31044-0
771,ADOCOO__ligand31842-0
772,ADOCOO__ligand24035-0
773,ADOCOO__ligand1415-0
774,ADOCOO__ligand6946-0
775,ADOCOO__ligand9148-0
776,ADOCOO__ligand14614-0
777,ADOCOO__ligand67-0
778,ADOCOO__ligand352-0
779,ADOCOO__ligand783-0
780,ADOCOO__ligand16663-0
781,ADOCOO__ligand5483-0
782,ADOCOO__ligand25913-0
783,ADOCOO__ligand5316-0
784,ADOCOO__ligand868-0
785,ADOCOO__ligand16988-0
786,ADOCOO__ligand2830-0
787,ADOCOO__ligand5627-0
788,ADOCOO__ligand30711-0
789,ADOCOO__ligand20207-0
790,ADOCOO__ligand1729-0
791,ADOCOO__ligand11682-0
792,ADOCOO__ligand28459-0
793,ADOCOO__ligand6062-0
794,ADOCOO__ligand12453-0
795,ADOCOO__ligand18448-0
796,ADOCOO__ligand5813-0
797,ADOCOO__ligand4813-0
798,ADOCOO__ligand4738-0
799,ADOCOO__ligand235-0
800,ADOCOO__ligand134-0
801,ADOCOO__ligand6283-0
802,ADOCOO__ligand19184-0
803,ADOCOO__ligand7107-0
804,ADOCOO__ligand18568-0
805,ADOCOO__ligand28685-0
806,ADOCOO__ligand560-0
807,ADOCOO__ligand13672-0
808,ADOCOO__ligand10371-0
809,ADOCOO__ligand3215-0
810,ADOCOO__ligand2068-0
811,ADOCOO__ligand294-0
812,ADOCOO__ligand23197-0
813,ADOCOO__ligand7925-0
814,ADOCOO__ligand3973-0
815,ADOCOO__ligand29029-0
816,ADOCOO__ligand1147-0
817,ADOCOO__ligand27285-0
818,ADOCOO__ligand421-0
819,ADOCOO__ligand27669-0
820,ADOCOO__ligand30142-0
821,ADOCOO__ligand14167-0
822,ADOCOO__ligand13477-0
823,ADOCOO__ligand2599-0
824,ADOCOO__ligand4330-0
825,ADOCOO__ligand4194-0
826,ADOCOO__ligand7532-0
827,ADOCOO__ligand685-0
