,TMC
0,TONWOI__ligand14339-0
1,TONWOI__ligand9773-0
2,TONWOI__ligand506-0
3,TONWOI__ligand5510-0
4,TONWOI__ligand1376-0
5,TONWOI__ligand30788-0
6,TONWOI__ligand13691-0
7,TONWOI__ligand1296-0
8,TONWOI__ligand21752-0
9,TONWOI__ligand2259-0
10,TONWOI__ligand1197-0
11,TONWOI__ligand5099-0
12,TONWOI__ligand8592-0
13,TONWOI__ligand18757-0
14,TONWOI__ligand4358-0
15,TONWOI__ligand24560-0
16,TONWOI__ligand3120-0
17,TONWOI__ligand3926-0
18,TONWOI__ligand18413-0
19,TONWOI__ligand20844-0
20,TONWOI__ligand24624-0
21,TONWOI__ligand2221-0
22,TONWOI__ligand4101-0
23,TONWOI__ligand5595-0
24,TONWOI__ligand152-0
25,TONWOI__ligand746-0
26,TONWOI__ligand7762-0
27,TONWOI__ligand5080-0
28,TONWOI__ligand447-0
29,TONWOI__ligand30004-0
30,TONWOI__ligand5509-0
31,TONWOI__ligand20557-0
32,TONWOI__ligand8002-0
33,TONWOI__ligand1407-0
34,TONWOI__ligand6117-0
35,TONWOI__ligand176-0
36,TONWOI__ligand25048-0
37,TONWOI__ligand21940-0
38,TONWOI__ligand2822-0
39,TONWOI__ligand7293-0
40,TONWOI__ligand1317-0
41,TONWOI__ligand3867-0
42,TONWOI__ligand9167-0
43,TONWOI__ligand27122-0
44,TONWOI__ligand20432-0
45,TONWOI__ligand5304-0
46,TONWOI__ligand13755-0
47,TONWOI__ligand16133-0
48,TONWOI__ligand24953-0
49,TONWOI__ligand23445-0
50,TONWOI__ligand487-0
51,TONWOI__ligand2238-0
52,TONWOI__ligand17069-0
53,TONWOI__ligand7291-0
54,TONWOI__ligand14477-0
55,TONWOI__ligand3677-1
56,TONWOI__ligand9883-0
57,TONWOI__ligand17445-0
58,TONWOI__ligand12413-0
59,TONWOI__ligand2985-0
60,TONWOI__ligand4007-0
61,TONWOI__ligand29334-0
62,TONWOI__ligand20731-0
63,TONWOI__ligand9299-0
64,TONWOI__ligand11798-0
65,TONWOI__ligand784-0
66,TONWOI__ligand3945-0
67,TONWOI__ligand368-0
68,TONWOI__ligand21448-0
69,TONWOI__ligand22357-0
70,TONWOI__ligand11758-0
71,TONWOI__ligand395-0
72,TONWOI__ligand8-0
73,TONWOI__ligand5383-0
74,TONWOI__ligand2693-0
75,TONWOI__ligand29214-0
76,TONWOI__ligand9344-0
77,TONWOI__ligand11501-0
78,TONWOI__ligand11544-0
79,TONWOI__ligand3736-0
80,TONWOI__ligand8000-0
81,TONWOI__ligand6892-0
82,TONWOI__ligand11-0
83,TONWOI__ligand27550-0
84,TONWOI__ligand1211-0
85,TONWOI__ligand1464-0
86,TONWOI__ligand3712-0
87,TONWOI__ligand18019-1
88,TONWOI__ligand1499-0
89,TONWOI__ligand115-0
90,TONWOI__ligand14007-0
91,TONWOI__ligand2881-0
92,TONWOI__ligand29565-0
93,TONWOI__ligand6699-0
94,TONWOI__ligand23682-0
95,TONWOI__ligand18158-0
96,TONWOI__ligand27771-0
97,TONWOI__ligand20942-1
98,TONWOI__ligand14226-0
99,TONWOI__ligand21339-0
100,TONWOI__ligand3632-0
101,TONWOI__ligand16956-0
102,TONWOI__ligand3677-0
103,TONWOI__ligand1168-0
104,TONWOI__ligand833-0
105,TONWOI__ligand69-0
106,TONWOI__ligand1294-0
107,TONWOI__ligand24851-0
108,TONWOI__ligand2417-0
109,TONWOI__ligand20530-0
110,TONWOI__ligand11698-0
111,TONWOI__ligand13657-0
112,TONWOI__ligand14347-0
113,TONWOI__ligand14302-0
114,TONWOI__ligand6391-0
115,TONWOI__ligand3126-0
116,TONWOI__ligand27610-0
117,TONWOI__ligand10479-0
118,TONWOI__ligand465-0
119,TONWOI__ligand9284-0
120,TONWOI__ligand11479-0
121,TONWOI__ligand29441-0
122,TONWOI__ligand1114-0
123,TONWOI__ligand10853-0
124,TONWOI__ligand1604-0
125,TONWOI__ligand1228-0
126,TONWOI__ligand9943-0
127,TONWOI__ligand16952-0
128,TONWOI__ligand29813-0
129,TONWOI__ligand2043-0
130,TONWOI__ligand20220-0
131,TONWOI__ligand15387-0
132,TONWOI__ligand8788-0
133,TONWOI__ligand314-1
134,TONWOI__ligand1832-0
135,TONWOI__ligand20121-0
136,TONWOI__ligand2612-0
137,TONWOI__ligand314-0
138,TONWOI__ligand780-0
139,TONWOI__ligand1599-0
140,TONWOI__ligand813-0
141,TONWOI__ligand49-0
142,TONWOI__ligand9450-0
143,TONWOI__ligand10151-0
144,TONWOI__ligand19668-0
145,TONWOI__ligand19906-0
146,TONWOI__ligand618-0
147,TONWOI__ligand22353-0
148,TONWOI__ligand1289-0
149,TONWOI__ligand391-0
150,TONWOI__ligand2203-0
151,TONWOI__ligand5387-0
152,TONWOI__ligand89-0
153,TONWOI__ligand8793-0
154,TONWOI__ligand5649-0
155,TONWOI__ligand2788-0
156,TONWOI__ligand4649-0
157,TONWOI__ligand11606-0
158,TONWOI__ligand31000-0
159,TONWOI__ligand2906-0
160,TONWOI__ligand26673-0
161,TONWOI__ligand4711-0
162,TONWOI__ligand3244-0
163,TONWOI__ligand20821-0
164,TONWOI__ligand393-0
165,TONWOI__ligand4807-0
166,TONWOI__ligand3178-0
167,TONWOI__ligand19824-0
168,TONWOI__ligand353-0
169,TONWOI__ligand18067-0
170,TONWOI__ligand5530-0
171,TONWOI__ligand11252-0
172,TONWOI__ligand1787-0
173,TONWOI__ligand1356-0
174,TONWOI__ligand9753-0
175,TONWOI__ligand7196-0
176,TONWOI__ligand10582-0
177,TONWOI__ligand13260-0
178,TONWOI__ligand5159-0
179,TONWOI__ligand6017-0
180,TONWOI__ligand25658-0
181,TONWOI__ligand17686-0
182,TONWOI__ligand7316-0
183,TONWOI__ligand31205-0
184,TONWOI__ligand5708-0
185,TONWOI__ligand11177-0
186,TONWOI__ligand196-0
187,TONWOI__ligand15455-0
188,TONWOI__ligand5180-0
189,TONWOI__ligand16870-0
190,TONWOI__ligand7172-0
191,TONWOI__ligand686-0
192,TONWOI__ligand11622-0
193,TONWOI__ligand7273-0
194,TONWOI__ligand9323-0
195,TONWOI__ligand3225-0
196,TONWOI__ligand1153-0
197,TONWOI__ligand11814-0
198,TONWOI__ligand1116-0
199,TONWOI__ligand7092-0
200,TONWOI__ligand17-0
201,TONWOI__ligand2260-0
202,TONWOI__ligand8612-0
203,TONWOI__ligand422-0
204,TONWOI__ligand16603-0
205,TONWOI__ligand2124-0
206,TONWOI__ligand29215-0
207,TONWOI__ligand1028-0
208,TONWOI__ligand188-0
209,TONWOI__ligand4262-0
210,TONWOI__ligand26631-0
211,TONWOI__ligand16148-0
212,TONWOI__ligand12003-0
213,TONWOI__ligand1618-0
214,TONWOI__ligand21399-0
215,TONWOI__ligand2692-0
216,TONWOI__ligand10872-0
217,TONWOI__ligand34-0
218,TONWOI__ligand22403-0
219,TONWOI__ligand479-0
220,TONWOI__ligand785-0
221,TONWOI__ligand311-0
222,TONWOI__ligand564-0
223,TONWOI__ligand27754-0
224,TONWOI__ligand20695-0
225,TONWOI__ligand2027-0
226,TONWOI__ligand620-0
227,TONWOI__ligand16369-0
228,TONWOI__ligand28540-0
229,TONWOI__ligand1050-0
230,TONWOI__ligand370-1
231,TONWOI__ligand1015-0
232,TONWOI__ligand11111-0
233,TONWOI__ligand370-0
234,TONWOI__ligand1169-0
235,TONWOI__ligand68-0
236,TONWOI__ligand8529-0
237,TONWOI__ligand26529-0
238,TONWOI__ligand11618-0
239,TONWOI__ligand19927-0
240,TONWOI__ligand250-0
241,TONWOI__ligand28559-0
242,TONWOI__ligand26324-0
243,TONWOI__ligand1498-0
244,TONWOI__ligand14043-0
245,TONWOI__ligand4596-0
246,TONWOI__ligand1154-0
247,TONWOI__ligand21729-0
248,TONWOI__ligand55-0
249,TONWOI__ligand27239-0
250,TONWOI__ligand9615-0
251,TONWOI__ligand11949-0
252,TONWOI__ligand116-0
253,TONWOI__ligand5201-0
254,TONWOI__ligand22129-0
255,TONWOI__ligand12138-0
256,TONWOI__ligand24780-0
257,TONWOI__ligand252-0
258,TONWOI__ligand25561-0
259,TONWOI__ligand8553-0
260,TONWOI__ligand1113-0
261,TONWOI__ligand57-0
262,TONWOI__ligand830-0
263,TONWOI__ligand31694-0
264,TONWOI__ligand29486-0
265,TONWOI__ligand372-0
266,TONWOI__ligand9944-0
267,TONWOI__ligand8593-0
268,TONWOI__ligand193-0
269,TONWOI__ligand2001-0
270,TONWOI__ligand7566-0
271,TONWOI__ligand17427-0
272,TONWOI__ligand14569-0
273,TONWOI__ligand2650-0
274,TONWOI__ligand2281-0
275,TONWOI__ligand4340-0
276,TONWOI__ligand13385-0
277,TONWOI__ligand24111-0
278,TONWOI__ligand22444-0
279,TONWOI__ligand3180-0
280,TONWOI__ligand909-0
281,TONWOI__ligand11587-0
282,TONWOI__ligand13220-0
283,TONWOI__ligand6995-0
284,TONWOI__ligand17396-0
285,TONWOI__ligand2823-0
286,TONWOI__ligand23175-0
287,TONWOI__ligand15788-0
288,TONWOI__ligand27840-0
289,TONWOI__ligand30728-0
290,TONWOI__ligand24872-0
291,TONWOI__ligand177-0
292,TONWOI__ligand4124-0
293,TONWOI__ligand4161-0
294,TONWOI__ligand3471-0
295,TONWOI__ligand10033-0
296,TONWOI__ligand24644-0
297,TONWOI__ligand5415-0
298,TONWOI__ligand12001-0
299,TONWOI__ligand1786-0
300,TONWOI__ligand11682-0
301,TONWOI__ligand30711-0
302,TONWOI__ligand20207-0
303,TONWOI__ligand5630-0
304,TONWOI__ligand1908-0
305,TONWOI__ligand16988-0
306,TONWOI__ligand25913-0
307,TONWOI__ligand352-0
308,TONWOI__ligand783-0
309,TONWOI__ligand3285-0
310,TONWOI__ligand4795-0
311,TONWOI__ligand3144-0
312,TONWOI__ligand16663-0
313,TONWOI__ligand5085-0
314,TONWOI__ligand868-0
315,TONWOI__ligand4710-0
316,TONWOI__ligand14614-0
317,TONWOI__ligand32-0
318,TONWOI__ligand5755-0
319,TONWOI__ligand24035-0
320,TONWOI__ligand1828-0
321,TONWOI__ligand1397-0
322,TONWOI__ligand7213-0
323,TONWOI__ligand8042-0
324,TONWOI__ligand31044-0
325,TONWOI__ligand31842-0
326,TONWOI__ligand6112-0
327,TONWOI__ligand11994-0
328,TONWOI__ligand5019-0
329,TONWOI__ligand3261-0
330,TONWOI__ligand1152-0
331,TONWOI__ligand12365-0
332,TONWOI__ligand16-0
333,TONWOI__ligand10056-0
334,TONWOI__ligand1216-0
335,TONWOI__ligand13862-0
336,TONWOI__ligand11357-0
337,TONWOI__ligand28743-0
338,TONWOI__ligand15531-0
339,TONWOI__ligand22168-0
340,TONWOI__ligand28930-0
341,TONWOI__ligand22294-0
342,TONWOI__ligand21919-0
343,TONWOI__ligand1849-0
344,TONWOI__ligand5614-0
345,TONWOI__ligand5280-0
346,TONWOI__ligand1831-0
347,TONWOI__ligand11970-0
348,TONWOI__ligand197-0
349,TONWOI__ligand5515-0
350,TONWOI__ligand15883-0
351,TONWOI__ligand6663-0
352,TONWOI__ligand28810-0
353,TONWOI__ligand11447-0
354,TONWOI__ligand11096-0
355,TONWOI__ligand24230-0
356,TONWOI__ligand15926-0
357,TONWOI__ligand19792-0
358,TONWOI__ligand10828-0
359,TONWOI__ligand3042-0
360,TONWOI__ligand294-0
361,TONWOI__ligand7438-0
362,TONWOI__ligand8200-0
363,TONWOI__ligand4063-0
364,TONWOI__ligand14167-0
365,TONWOI__ligand13477-0
366,TONWOI__ligand30142-0
367,TONWOI__ligand27669-0
368,TONWOI__ligand91-0
369,TONWOI__ligand27285-0
370,TONWOI__ligand29029-0
371,TONWOI__ligand421-0
372,TONWOI__ligand1539-0
373,TONWOI__ligand1150-0
374,TONWOI__ligand51-0
375,TONWOI__ligand23197-0
376,TONWOI__ligand3416-0
377,TONWOI__ligand3453-0
378,TONWOI__ligand685-0
379,TONWOI__ligand4207-0
380,TONWOI__ligand1288-0
381,TONWOI__ligand10371-0
382,TONWOI__ligand13672-0
383,TONWOI__ligand4266-0
384,TONWOI__ligand1400-0
385,TONWOI__ligand235-0
386,TONWOI__ligand9491-0
387,TONWOI__ligand4167-0
388,TONWOI__ligand18568-0
389,TONWOI__ligand28685-0
390,TONWOI__ligand134-0
391,TONWOI__ligand19184-0
392,TONWOI__ligand1779-0
393,TONWOI__ligand1817-0
394,TONWOI__ligand6993-0
395,TONWOI__ligand560-0
396,TONWOI__ligand9750-0
397,TONWOI__ligand7075-0
398,TONWOI__ligand12453-0
399,TONWOI__ligand18448-0
400,TONWOI__ligand3557-0
401,TONWOI__ligand3980-0
402,TONWOI__ligand1149-0
403,TONWOI__ligand48-0
404,TONWOI__ligand28459-0
405,TONWOI__ligand30333-0
406,TONWOI__ligand2403-0
407,TONWOI__ligand12606-0
408,TONWOI__ligand17281-0
409,TONWOI__ligand3934-0
410,TONWOI__ligand30296-0
411,TONWOI__ligand12337-0
412,TONWOI__ligand29410-0
413,TONWOI__ligand6455-0
414,TONWOI__ligand6882-0
415,TONWOI__ligand26540-0
416,TONWOI__ligand28468-0
417,TONWOI__ligand20740-0
418,TONWOI__ligand1-0
419,TONWOI__ligand9681-0
420,TONWOI__ligand12427-0
421,TONWOI__ligand324-0
422,TONWOI__ligand16628-0
423,TONWOI__ligand361-0
424,TONWOI__ligand4332-0
425,TONWOI__ligand409-0
426,TONWOI__ligand3012-0
427,TONWOI__ligand1449-0
428,TONWOI__ligand1065-0
429,TONWOI__ligand7530-0
430,TONWOI__ligand27460-0
431,TONWOI__ligand5316-0
432,TONWOI__ligand27175-0
433,TONWOI__ligand18832-0
434,TONWOI__ligand300-0
435,TONWOI__ligand23713-0
436,TONWOI__ligand30988-0
437,TONWOI__ligand5483-0
438,TONWOI__ligand18-0
439,TONWOI__ligand27893-0
440,TONWOI__ligand1729-0
441,TONWOI__ligand588-0
442,TONWOI__ligand14723-0
443,TONWOI__ligand5627-0
444,TONWOI__ligand19641-0
445,TONWOI__ligand2830-0
446,TONWOI__ligand12934-0
447,TONWOI__ligand20578-0
448,TONWOI__ligand15422-0
449,TONWOI__ligand6946-0
450,TONWOI__ligand1415-0
451,TONWOI__ligand199-0
452,TONWOI__ligand31783-0
453,TONWOI__ligand7529-0
454,TONWOI__ligand17258-0
455,TONWOI__ligand14603-0
456,TONWOI__ligand14297-0
457,TONWOI__ligand26665-0
458,TONWOI__ligand17631-0
459,TONWOI__ligand13012-0
460,TONWOI__ligand9148-0
461,TONWOI__ligand17302-0
462,TONWOI__ligand7107-0
463,TONWOI__ligand17805-0
464,TONWOI__ligand23769-0
465,TONWOI__ligand24185-0
466,TONWOI__ligand25178-0
467,TONWOI__ligand3215-0
468,TONWOI__ligand24145-0
469,TONWOI__ligand497-0
470,TONWOI__ligand4738-0
471,TONWOI__ligand4813-0
472,TONWOI__ligand12401-0
473,TONWOI__ligand15585-0
474,TONWOI__ligand5813-0
475,TONWOI__ligand13068-0
476,TONWOI__ligand19830-0
477,TONWOI__ligand6062-0
478,TONWOI__ligand10476-0
479,TONWOI__ligand6283-0
480,TONWOI__ligand17387-0
481,TONWOI__ligand12130-0
482,TONWOI__ligand18292-0
483,TONWOI__ligand12289-0
484,TONWOI__ligand26702-0
485,TONWOI__ligand13658-0
486,TONWOI__ligand12231-0
487,TONWOI__ligand633-0
488,TONWOI__ligand4330-0
489,TONWOI__ligand2599-0
490,TONWOI__ligand18814-0
491,TONWOI__ligand326-0
492,TONWOI__ligand19057-0
493,TONWOI__ligand29302-0
494,TONWOI__ligand13425-0
495,TONWOI__ligand3-0
496,TONWOI__ligand7532-0
497,TONWOI__ligand27763-0
498,TONWOI__ligand4194-0
499,TONWOI__ligand28676-0
500,TONWOI__ligand10262-0
501,TONWOI__ligand12641-0
502,TONWOI__ligand7925-0
503,TONWOI__ligand692-0
504,TONWOI__ligand2068-0
505,TONWOI__ligand10958-0
506,TONWOI__ligand14108-0
507,TONWOI__ligand1147-0
508,TONWOI__ligand436-0
509,TONWOI__ligand3973-0
510,TONWOI__ligand8722-0
511,TONWOI__ligand25411-0
512,TONWOI__ligand1327-0
513,TONWOI__ligand9809-0
514,TONWOI__ligand6672-0
515,TONWOI__ligand656-0
516,TONWOI__ligand3350-0
517,TONWOI__ligand2781-0
518,TONWOI__ligand7573-0
519,TONWOI__ligand14174-0
520,TONWOI__ligand10712-0
521,TONWOI__ligand2208-0
522,TONWOI__ligand3208-0
523,TONWOI__ligand11456-0
524,TONWOI__ligand14248-0
525,TONWOI__ligand29879-0
526,TONWOI__ligand12030-0
527,TONWOI__ligand9197-0
528,TONWOI__ligand28884-0
529,TONWOI__ligand42-0
530,TONWOI__ligand1900-0
531,TONWOI__ligand13331-0
532,TONWOI__ligand4581-0
533,TONWOI__ligand1773-0
534,TONWOI__ligand2328-0
535,TONWOI__ligand7162-0
536,TONWOI__ligand13294-0
537,TONWOI__ligand3029-0
538,TONWOI__ligand696-0
539,TONWOI__ligand31832-0
540,TONWOI__ligand66-0
541,TONWOI__ligand383-0
542,TONWOI__ligand5892-0
543,TONWOI__ligand5094-0
544,TONWOI__ligand416-0
545,TONWOI__ligand226-0
546,TONWOI__ligand26810-0
547,TONWOI__ligand27482-0
548,TONWOI__ligand13208-0
549,TONWOI__ligand162-0
550,TONWOI__ligand1712-0
551,TONWOI__ligand4131-0
552,TONWOI__ligand1496-0
553,TONWOI__ligand7557-0
554,TONWOI__ligand20682-0
555,TONWOI__ligand13390-0
556,TONWOI__ligand1533-0
557,TONWOI__ligand30702-0
558,TONWOI__ligand20214-0
559,TONWOI__ligand20251-0
560,TONWOI__ligand571-0
561,TONWOI__ligand1469-0
562,TONWOI__ligand534-0
563,TONWOI__ligand3871-0
564,TONWOI__ligand20539-0
565,TONWOI__ligand1768-0
566,TONWOI__ligand670-0
567,TONWOI__ligand21581-0
568,TONWOI__ligand31097-0
569,TONWOI__ligand4850-0
570,TONWOI__ligand14117-0
571,TONWOI__ligand17261-0
572,TONWOI__ligand5056-0
573,TONWOI__ligand3647-0
574,TONWOI__ligand5357-0
575,TONWOI__ligand1688-0
576,TONWOI__ligand21371-0
577,TONWOI__ligand17118-0
578,TONWOI__ligand20419-0
579,TONWOI__ligand3157-0
580,TONWOI__ligand9525-0
581,TONWOI__ligand28789-0
582,TONWOI__ligand1165-0
583,TONWOI__ligand5935-0
584,TONWOI__ligand29568-0
585,TONWOI__ligand2722-0
586,TONWOI__ligand1379-0
587,TONWOI__ligand14889-0
588,TONWOI__ligand30851-0
589,TONWOI__ligand17982-0
590,TONWOI__ligand29414-0
591,TONWOI__ligand488-0
592,TONWOI__ligand5849-0
593,TONWOI__ligand20011-0
594,TONWOI__ligand17278-0
595,TONWOI__ligand358-0
596,TONWOI__ligand430-0
597,TONWOI__ligand694-0
598,TONWOI__ligand17398-0
599,TONWOI__ligand3392-0
600,TONWOI__ligand24047-0
601,TONWOI__ligand10589-0
602,TONWOI__ligand22557-0
603,TONWOI__ligand20598-0
604,TONWOI__ligand4911-0
605,TONWOI__ligand1771-0
606,TONWOI__ligand11675-0
607,TONWOI__ligand16475-0
608,TONWOI__ligand14703-0
609,TONWOI__ligand8349-0
610,TONWOI__ligand8464-0
611,TONWOI__ligand1709-0
612,TONWOI__ligand38-0
613,TONWOI__ligand2527-0
614,TONWOI__ligand20251-1
615,TONWOI__ligand1343-0
616,TONWOI__ligand3876-0
617,TONWOI__ligand3035-0
618,TONWOI__ligand6616-0
619,TONWOI__ligand3718-0
620,TONWOI__ligand1844-0
621,TONWOI__ligand4661-0
622,TONWOI__ligand29898-0
623,TONWOI__ligand26277-0
624,TONWOI__ligand1959-0
625,TONWOI__ligand3504-0
626,TONWOI__ligand22755-0
627,TONWOI__ligand9935-0
628,TONWOI__ligand11432-0
629,TONWOI__ligand1536-0
630,TONWOI__ligand31618-0
631,TONWOI__ligand1573-0
632,TONWOI__ligand10432-0
633,TONWOI__ligand9908-0
634,TONWOI__ligand1263-0
635,TONWOI__ligand757-0
636,TONWOI__ligand15168-0
637,TONWOI__ligand122-0
638,TONWOI__ligand24064-0
639,TONWOI__ligand7242-0
640,TONWOI__ligand7106-0
641,TONWOI__ligand23589-0
642,TONWOI__ligand29087-0
643,TONWOI__ligand4720-0
644,TONWOI__ligand6839-0
645,TONWOI__ligand18703-0
646,TONWOI__ligand8969-0
647,TONWOI__ligand3174-0
648,TONWOI__ligand3937-0
649,TONWOI__ligand1202-0
650,TONWOI__ligand3131-0
651,TONWOI__ligand5211-0
652,TONWOI__ligand28924-0
653,TONWOI__ligand693-0
654,TONWOI__ligand15438-0
655,TONWOI__ligand4155-0
656,TONWOI__ligand3094-0
657,TONWOI__ligand24750-0
658,TONWOI__ligand6919-0
659,TONWOI__ligand3852-0
660,TONWOI__ligand2485-0
661,TONWOI__ligand1512-0
662,TONWOI__ligand17945-0
663,TONWOI__ligand5331-0
664,TONWOI__ligand25224-0
665,TONWOI__ligand18013-0
666,TONWOI__ligand3565-0
667,TONWOI__ligand31578-0
668,TONWOI__ligand17207-0
669,TONWOI__ligand4503-0
670,TONWOI__ligand4546-0
671,TONWOI__ligand18699-0
672,TONWOI__ligand12682-0
673,TONWOI__ligand78-0
674,TONWOI__ligand1285-0
675,TONWOI__ligand17240-0
676,TONWOI__ligand8115-0
677,TONWOI__ligand6768-0
678,TONWOI__ligand1982-0
679,TONWOI__ligand7000-0
680,TONWOI__ligand17590-0
681,TONWOI__ligand2176-0
682,TONWOI__ligand13072-0
683,TONWOI__ligand9291-0
684,TONWOI__ligand12336-0
685,TONWOI__ligand45-0
686,TONWOI__ligand2232-0
687,TONWOI__ligand141-0
688,TONWOI__ligand4157-0
689,TONWOI__ligand240-0
690,TONWOI__ligand9833-0
691,TONWOI__ligand8876-0
692,TONWOI__ligand2828-0
693,TONWOI__ligand7648-0
694,TONWOI__ligand5256-0
695,TONWOI__ligand384-0
696,TONWOI__ligand24613-0
697,TONWOI__ligand9520-0
698,TONWOI__ligand24-0
699,TONWOI__ligand8699-0
700,TONWOI__ligand1160-0
701,TONWOI__ligand19725-0
702,TONWOI__ligand4093-0
703,TONWOI__ligand4442-0
704,TONWOI__ligand3954-0
705,TONWOI__ligand10555-0
706,TONWOI__ligand1451-0
707,TONWOI__ligand4272-0
708,TONWOI__ligand31483-0
709,TONWOI__ligand7629-0
710,TONWOI__ligand9784-0
711,TONWOI__ligand7238-0
712,TONWOI__ligand11568-0
713,TONWOI__ligand1790-0
714,TONWOI__ligand1304-0
715,TONWOI__ligand7280-0
716,TONWOI__ligand20579-0
717,TONWOI__ligand17710-0
718,TONWOI__ligand7867-0
719,TONWOI__ligand21421-0
720,TONWOI__ligand1219-0
721,TONWOI__ligand6709-0
722,TONWOI__ligand14586-0
723,TONWOI__ligand768-0
724,TONWOI__ligand4016-0
725,TONWOI__ligand11774-0
726,TONWOI__ligand19-0
727,TONWOI__ligand6244-0
728,TONWOI__ligand16791-0
729,TONWOI__ligand1378-0
730,TONWOI__ligand28668-0
731,TONWOI__ligand2915-0
732,TONWOI__ligand3156-0
733,TONWOI__ligand338-0
734,TONWOI__ligand18465-0
735,TONWOI__ligand18799-0
736,TONWOI__ligand1631-0
737,TONWOI__ligand1530-0
738,TONWOI__ligand29863-0
739,TONWOI__ligand1575-0
740,TONWOI__ligand18074-0
741,TONWOI__ligand9933-0
742,TONWOI__ligand13869-0
743,TONWOI__ligand29610-0
744,TONWOI__ligand9441-0
745,TONWOI__ligand11140-0
746,TONWOI__ligand2332-0
747,TONWOI__ligand25267-0
748,TONWOI__ligand321-0
749,TONWOI__ligand9952-0
750,TONWOI__ligand9111-0
751,TONWOI__ligand10084-0
752,TONWOI__ligand4-0
753,TONWOI__ligand1615-0
754,TONWOI__ligand12467-0
755,TONWOI__ligand2526-0
756,TONWOI__ligand5036-0
757,TONWOI__ligand1823-0
758,TONWOI__ligand178-0
759,TONWOI__ligand13257-0
760,TONWOI__ligand5643-0
761,TONWOI__ligand21936-0
762,TONWOI__ligand279-0
763,TONWOI__ligand1324-0
764,TONWOI__ligand8721-0
765,TONWOI__ligand23904-0
766,TONWOI__ligand185-0
767,TONWOI__ligand201-0
768,TONWOI__ligand27074-0
769,TONWOI__ligand7967-0
770,TONWOI__ligand3707-0
771,TONWOI__ligand6124-0
772,TONWOI__ligand1018-0
773,TONWOI__ligand22981-0
774,TONWOI__ligand25805-0
775,TONWOI__ligand20599-0
776,TONWOI__ligand4116-0
777,TONWOI__ligand8992-0
778,TONWOI__ligand27169-0
779,TONWOI__ligand14523-0
780,TONWOI__ligand9601-0
781,TONWOI__ligand18391-0
782,TONWOI__ligand941-0
783,TONWOI__ligand596-0
784,TONWOI__ligand12295-0
785,TONWOI__ligand7126-0
786,TONWOI__ligand27835-0
787,TONWOI__ligand8835-0
788,TONWOI__ligand2028-0
789,TONWOI__ligand21787-0
790,TONWOI__ligand25575-0
791,TONWOI__ligand25689-0
792,TONWOI__ligand777-0
793,TONWOI__ligand43-0
794,TONWOI__ligand1142-0
795,TONWOI__ligand3234-0
796,TONWOI__ligand30539-0
797,TONWOI__ligand366-0
798,TONWOI__ligand23906-0
799,TONWOI__ligand187-0
800,TONWOI__ligand21132-0
801,TONWOI__ligand657-0
802,TONWOI__ligand11166-0
803,TONWOI__ligand4641-0
804,TONWOI__ligand1577-0
805,TONWOI__ligand6067-0
806,TONWOI__ligand2295-0
807,TONWOI__ligand845-0
808,TONWOI__ligand4620-0
809,TONWOI__ligand25735-0
810,TONWOI__ligand12519-0
811,TONWOI__ligand11206-0
812,TONWOI__ligand23124-0
813,TONWOI__ligand12660-0
814,TONWOI__ligand6596-0
815,TONWOI__ligand3721-0
816,TONWOI__ligand6904-0
817,TONWOI__ligand6102-0
818,TONWOI__ligand126-0
819,TONWOI__ligand13209-0
820,TONWOI__ligand19257-0
821,TONWOI__ligand163-0
822,TONWOI__ligand3465-0
823,TONWOI__ligand67-0
824,TONWOI__ligand31248-0
825,TONWOI__ligand25650-0
826,TONWOI__ligand2917-0
827,TONWOI__ligand7819-0
