,TMC
0,HIBPEN__ligand365-0
1,HIBPEN__ligand6-0
2,HIBPEN__ligand278-0
3,HIBPEN__ligand29-0
4,HIBPEN__ligand91-0
5,HIBPEN__ligand669-0
6,HIBPEN__ligand51-0
7,HIBPEN__ligand1307-0
8,HIBPEN__ligand358-0
9,HIBPEN__ligand430-0
10,HIBPEN__ligand11730-0
11,HIBPEN__ligand3853-0
12,HIBPEN__ligand509-0
13,HIBPEN__ligand2853-0
14,HIBPEN__ligand2599-0
15,HIBPEN__ligand5089-0
16,HIBPEN__ligand1246-0
17,HIBPEN__ligand670-0
18,HIBPEN__ligand118-0
19,HIBPEN__ligand571-0
20,HIBPEN__ligand48-0
21,HIBPEN__ligand6166-0
22,HIBPEN__ligand1788-0
23,HIBPEN__ligand162-0
24,HIBPEN__ligand226-0
25,HIBPEN__ligand32-0
26,HIBPEN__ligand1321-0
27,HIBPEN__ligand3566-0
28,HIBPEN__ligand383-0
29,HIBPEN__ligand1178-0
30,HIBPEN__ligand3337-0
31,HIBPEN__ligand7514-0
32,HIBPEN__ligand1449-1
33,HIBPEN__ligand4811-0
34,HIBPEN__ligand4894-0
35,HIBPEN__ligand1260-0
36,HIBPEN__ligand9620-0
37,HIBPEN__ligand4-0
38,HIBPEN__ligand2929-0
39,HIBPEN__ligand436-0
40,HIBPEN__ligand2376-0
41,HIBPEN__ligand142-0
42,HIBPEN__ligand206-0
43,HIBPEN__ligand57-0
44,HIBPEN__ligand1379-0
45,HIBPEN__ligand553-0
46,HIBPEN__ligand283-0
47,HIBPEN__ligand6430-0
48,HIBPEN__ligand1299-0
49,HIBPEN__ligand821-0
50,HIBPEN__ligand1264-0
51,HIBPEN__ligand1221-0
52,HIBPEN__ligand326-0
53,HIBPEN__ligand2442-0
54,HIBPEN__ligand918-0
55,HIBPEN__ligand1019-0
56,HIBPEN__ligand633-0
57,HIBPEN__ligand532-0
58,HIBPEN__ligand497-0
59,HIBPEN__ligand5762-0
60,HIBPEN__ligand7414-0
61,HIBPEN__ligand1104-0
62,HIBPEN__ligand838-0
63,HIBPEN__ligand73-0
64,HIBPEN__ligand1325-0
65,HIBPEN__ligand2482-0
66,HIBPEN__ligand166-0
67,HIBPEN__ligand6571-0
68,HIBPEN__ligand5334-0
69,HIBPEN__ligand2315-0
70,HIBPEN__ligand927-0
71,HIBPEN__ligand3051-0
72,HIBPEN__ligand4504-0
73,HIBPEN__ligand2480-0
74,HIBPEN__ligand199-0
75,HIBPEN__ligand34-0
76,HIBPEN__ligand1898-0
77,HIBPEN__ligand575-0
78,HIBPEN__ligand8032-0
79,HIBPEN__ligand1858-0
80,HIBPEN__ligand1712-0
81,HIBPEN__ligand95-0
82,HIBPEN__ligand324-0
83,HIBPEN__ligand361-0
84,HIBPEN__ligand2110-0
85,HIBPEN__ligand2916-0
86,HIBPEN__ligand409-0
87,HIBPEN__ligand3579-0
88,HIBPEN__ligand1919-0
89,HIBPEN__ligand2389-0
90,HIBPEN__ligand55-0
91,HIBPEN__ligand140-0
92,HIBPEN__ligand105-0
93,HIBPEN__ligand1555-0
94,HIBPEN__ligand1285-0
95,HIBPEN__ligand126-0
96,HIBPEN__ligand7630-0
97,HIBPEN__ligand3890-0
98,HIBPEN__ligand1907-0
99,HIBPEN__ligand4423-0
100,HIBPEN__ligand1038-0
101,HIBPEN__ligand92-0
102,HIBPEN__ligand612-0
103,HIBPEN__ligand187-0
104,HIBPEN__ligand2762-0
105,HIBPEN__ligand5093-0
106,HIBPEN__ligand2954-0
107,HIBPEN__ligand366-0
108,HIBPEN__ligand2253-0
109,HIBPEN__ligand1160-0
110,HIBPEN__ligand861-0
111,HIBPEN__ligand17-0
112,HIBPEN__ligand7550-0
113,HIBPEN__ligand596-0
114,HIBPEN__ligand9176-0
115,HIBPEN__ligand100-0
116,HIBPEN__ligand1493-0
117,HIBPEN__ligand201-0
118,HIBPEN__ligand2718-0
119,HIBPEN__ligand244-0
120,HIBPEN__ligand3035-0
121,HIBPEN__ligand3070-0
122,HIBPEN__ligand279-0
123,HIBPEN__ligand5235-0
124,HIBPEN__ligand6143-0
125,HIBPEN__ligand178-0
126,HIBPEN__ligand4619-0
127,HIBPEN__ligand3251-0
128,HIBPEN__ligand321-0
129,HIBPEN__ligand1818-0
130,HIBPEN__ligand119-0
131,HIBPEN__ligand49-0
132,HIBPEN__ligand7456-0
133,HIBPEN__ligand5758-0
134,HIBPEN__ligand3852-0
135,HIBPEN__ligand89-0
136,HIBPEN__ligand124-0
137,HIBPEN__ligand3478-0
138,HIBPEN__ligand3618-0
139,HIBPEN__ligand2618-0
140,HIBPEN__ligand1436-0
141,HIBPEN__ligand120-0
142,HIBPEN__ligand4370-0
143,HIBPEN__ligand384-0
144,HIBPEN__ligand240-0
145,HIBPEN__ligand11-0
146,HIBPEN__ligand141-0
147,HIBPEN__ligand1918-0
148,HIBPEN__ligand3-0
149,HIBPEN__ligand2255-0
150,HIBPEN__ligand4175-0
151,HIBPEN__ligand2915-0
152,HIBPEN__ligand1-0
153,HIBPEN__ligand3196-0
154,HIBPEN__ligand4012-0
155,HIBPEN__ligand2526-0
156,HIBPEN__ligand757-0
157,HIBPEN__ligand1551-0
158,HIBPEN__ligand797-0
159,HIBPEN__ligand1690-0
160,HIBPEN__ligand2707-0
161,HIBPEN__ligand422-0
162,HIBPEN__ligand5801-0
163,HIBPEN__ligand113-0
164,HIBPEN__ligand3063-0
165,HIBPEN__ligand1438-0
166,HIBPEN__ligand196-0
167,HIBPEN__ligand502-0
168,HIBPEN__ligand1171-0
169,HIBPEN__ligand2087-0
170,HIBPEN__ligand1048-0
171,HIBPEN__ligand3757-0
172,HIBPEN__ligand353-0
173,HIBPEN__ligand1685-0
174,HIBPEN__ligand1544-0
175,HIBPEN__ligand1459-0
176,HIBPEN__ligand67-0
177,HIBPEN__ligand236-0
178,HIBPEN__ligand2259-0
179,HIBPEN__ligand2688-0
180,HIBPEN__ligand391-0
181,HIBPEN__ligand170-0
182,HIBPEN__ligand1376-0
183,HIBPEN__ligand2768-0
184,HIBPEN__ligand6277-0
185,HIBPEN__ligand1951-0
186,HIBPEN__ligand481-0
187,HIBPEN__ligand1687-0
188,HIBPEN__ligand314-0
189,HIBPEN__ligand1706-0
190,HIBPEN__ligand3734-0
191,HIBPEN__ligand2629-0
192,HIBPEN__ligand4381-0
193,HIBPEN__ligand210-0
194,HIBPEN__ligand3145-0
195,HIBPEN__ligand78-0
196,HIBPEN__ligand7915-0
197,HIBPEN__ligand5548-0
198,HIBPEN__ligand1747-0
199,HIBPEN__ligand6686-0
200,HIBPEN__ligand291-0
201,HIBPEN__ligand85-0
202,HIBPEN__ligand115-0
203,HIBPEN__ligand2098-0
204,HIBPEN__ligand10114-0
205,HIBPEN__ligand6502-0
206,HIBPEN__ligand45-0
207,HIBPEN__ligand2863-0
208,HIBPEN__ligand3178-0
209,HIBPEN__ligand6332-0
210,HIBPEN__ligand3041-0
211,HIBPEN__ligand2634-0
212,HIBPEN__ligand1542-0
213,HIBPEN__ligand10479-0
214,HIBPEN__ligand784-0
215,HIBPEN__ligand355-0
216,HIBPEN__ligand485-0
217,HIBPEN__ligand2751-0
218,HIBPEN__ligand487-0
219,HIBPEN__ligand1114-0
220,HIBPEN__ligand1538-0
221,HIBPEN__ligand14530-0
222,HIBPEN__ligand522-0
223,HIBPEN__ligand666-0
224,HIBPEN__ligand133-0
225,HIBPEN__ligand1228-0
226,HIBPEN__ligand447-0
227,HIBPEN__ligand9244-0
228,HIBPEN__ligand1479-0
229,HIBPEN__ligand682-0
230,HIBPEN__ligand10910-0
231,HIBPEN__ligand1148-0
232,HIBPEN__ligand3246-0
233,HIBPEN__ligand1113-0
234,HIBPEN__ligand2265-0
235,HIBPEN__ligand6396-0
236,HIBPEN__ligand525-0
237,HIBPEN__ligand560-0
238,HIBPEN__ligand9027-0
239,HIBPEN__ligand109-0
240,HIBPEN__ligand2794-0
241,HIBPEN__ligand2345-0
242,HIBPEN__ligand1835-0
243,HIBPEN__ligand134-0
244,HIBPEN__ligand932-0
245,HIBPEN__ligand4983-0
246,HIBPEN__ligand21-0
247,HIBPEN__ligand235-0
248,HIBPEN__ligand1502-0
249,HIBPEN__ligand390-0
250,HIBPEN__ligand40-0
251,HIBPEN__ligand916-0
252,HIBPEN__ligand584-0
253,HIBPEN__ligand1052-0
254,HIBPEN__ligand798-0
255,HIBPEN__ligand421-0
256,HIBPEN__ligand331-0
257,HIBPEN__ligand1273-0
258,HIBPEN__ligand294-0
259,HIBPEN__ligand38-0
260,HIBPEN__ligand993-0
261,HIBPEN__ligand2142-0
262,HIBPEN__ligand197-0
263,HIBPEN__ligand9495-0
264,HIBPEN__ligand6151-0
265,HIBPEN__ligand2772-0
266,HIBPEN__ligand296-0
267,HIBPEN__ligand6538-0
268,HIBPEN__ligand112-0
269,HIBPEN__ligand2864-0
270,HIBPEN__ligand66-0
271,HIBPEN__ligand136-0
272,HIBPEN__ligand868-0
273,HIBPEN__ligand5022-0
274,HIBPEN__ligand1169-0
275,HIBPEN__ligand442-0
276,HIBPEN__ligand783-0
277,HIBPEN__ligand352-0
278,HIBPEN__ligand2880-0
279,HIBPEN__ligand5941-0
280,HIBPEN__ligand2838-0
281,HIBPEN__ligand3838-0
282,HIBPEN__ligand1799-0
283,HIBPEN__ligand8-0
284,HIBPEN__ligand3637-0
285,HIBPEN__ligand177-0
286,HIBPEN__ligand934-0
287,HIBPEN__ligand62-0
288,HIBPEN__ligand8774-0
289,HIBPEN__ligand909-0
290,HIBPEN__ligand15630-0
291,HIBPEN__ligand851-0
292,HIBPEN__ligand10357-0
293,HIBPEN__ligand86-0
294,HIBPEN__ligand193-0
295,HIBPEN__ligand7464-0
296,HIBPEN__ligand830-0
297,HIBPEN__ligand1598-0
298,HIBPEN__ligand1248-0
299,HIBPEN__ligand4303-0
300,HIBPEN__ligand6294-0
301,HIBPEN__ligand252-0
302,HIBPEN__ligand1054-0
303,HIBPEN__ligand955-0
304,HIBPEN__ligand2285-0
305,HIBPEN__ligand1567-0
306,HIBPEN__ligand8921-0
307,HIBPEN__ligand460-0
308,HIBPEN__ligand2510-0
309,HIBPEN__ligand2320-0
310,HIBPEN__ligand1056-0
311,HIBPEN__ligand250-0
312,HIBPEN__ligand2862-0
313,HIBPEN__ligand1703-0
314,HIBPEN__ligand2430-0
315,HIBPEN__ligand370-0
316,HIBPEN__ligand2907-0
317,HIBPEN__ligand1727-0
318,HIBPEN__ligand18-0
319,HIBPEN__ligand311-0
320,HIBPEN__ligand1152-0
321,HIBPEN__ligand1607-0
322,HIBPEN__ligand444-0
323,HIBPEN__ligand369-0
324,HIBPEN__ligand188-0
