,TMC
0,YEYZIL__ligand27669-0
1,YEYZIL__ligand1631-0
2,YEYZIL__ligand30142-0
3,YEYZIL__ligand13477-0
4,YEYZIL__ligand14167-0
5,YEYZIL__ligand366-0
6,YEYZIL__ligand9933-0
7,YEYZIL__ligand1530-0
8,YEYZIL__ligand1575-0
9,YEYZIL__ligand187-0
10,YEYZIL__ligand2332-0
11,YEYZIL__ligand9441-0
12,YEYZIL__ligand657-0
13,YEYZIL__ligand941-0
14,YEYZIL__ligand596-0
15,YEYZIL__ligand6244-0
16,YEYZIL__ligand1378-0
17,YEYZIL__ligand23197-0
18,YEYZIL__ligand2915-0
19,YEYZIL__ligand3156-0
20,YEYZIL__ligand27285-0
21,YEYZIL__ligand29029-0
22,YEYZIL__ligand777-0
23,YEYZIL__ligand16-0
24,YEYZIL__ligand7967-0
25,YEYZIL__ligand3707-0
26,YEYZIL__ligand6124-0
27,YEYZIL__ligand18568-0
28,YEYZIL__ligand28685-0
29,YEYZIL__ligand4116-0
30,YEYZIL__ligand1018-0
31,YEYZIL__ligand126-0
32,YEYZIL__ligand13672-0
33,YEYZIL__ligand163-0
34,YEYZIL__ligand32-0
35,YEYZIL__ligand8992-0
36,YEYZIL__ligand10371-0
37,YEYZIL__ligand9601-0
38,YEYZIL__ligand28459-0
39,YEYZIL__ligand12453-0
40,YEYZIL__ligand18448-0
41,YEYZIL__ligand9952-0
42,YEYZIL__ligand9111-0
43,YEYZIL__ligand1615-0
44,YEYZIL__ligand2526-0
45,YEYZIL__ligand5036-0
46,YEYZIL__ligand845-0
47,YEYZIL__ligand1823-0
48,YEYZIL__ligand5643-0
49,YEYZIL__ligand8721-0
50,YEYZIL__ligand3-0
51,YEYZIL__ligand1324-0
52,YEYZIL__ligand19184-0
53,YEYZIL__ligand48-0
54,YEYZIL__ligand16988-0
55,YEYZIL__ligand25913-0
56,YEYZIL__ligand1-0
57,YEYZIL__ligand4641-0
58,YEYZIL__ligand20207-0
59,YEYZIL__ligand30711-0
60,YEYZIL__ligand11682-0
61,YEYZIL__ligand11994-0
62,YEYZIL__ligand31044-0
63,YEYZIL__ligand31842-0
64,YEYZIL__ligand8835-0
65,YEYZIL__ligand2028-0
66,YEYZIL__ligand7126-0
67,YEYZIL__ligand24035-0
68,YEYZIL__ligand338-0
69,YEYZIL__ligand14614-0
70,YEYZIL__ligand1142-0
71,YEYZIL__ligand3234-0
72,YEYZIL__ligand16663-0
73,YEYZIL__ligand6596-0
74,YEYZIL__ligand3721-0
75,YEYZIL__ligand6904-0
76,YEYZIL__ligand6102-0
77,YEYZIL__ligand201-0
78,YEYZIL__ligand21919-0
79,YEYZIL__ligand22294-0
80,YEYZIL__ligand3465-0
81,YEYZIL__ligand22168-0
82,YEYZIL__ligand28930-0
83,YEYZIL__ligand11357-0
84,YEYZIL__ligand13862-0
85,YEYZIL__ligand28743-0
86,YEYZIL__ligand15531-0
87,YEYZIL__ligand51-0
88,YEYZIL__ligand7819-0
89,YEYZIL__ligand12365-0
90,YEYZIL__ligand10056-0
91,YEYZIL__ligand2917-0
92,YEYZIL__ligand19792-0
93,YEYZIL__ligand1577-0
94,YEYZIL__ligand6067-0
95,YEYZIL__ligand10828-0
96,YEYZIL__ligand2295-0
97,YEYZIL__ligand15926-0
98,YEYZIL__ligand91-0
99,YEYZIL__ligand321-0
100,YEYZIL__ligand24230-0
101,YEYZIL__ligand28810-0
102,YEYZIL__ligand11096-0
103,YEYZIL__ligand11447-0
104,YEYZIL__ligand15883-0
105,YEYZIL__ligand178-0
106,YEYZIL__ligand4620-0
107,YEYZIL__ligand11970-0
108,YEYZIL__ligand185-0
109,YEYZIL__ligand279-0
110,YEYZIL__ligand9908-0
111,YEYZIL__ligand1263-0
112,YEYZIL__ligand55-0
113,YEYZIL__ligand25561-0
114,YEYZIL__ligand7242-0
115,YEYZIL__ligand12138-0
116,YEYZIL__ligand24780-0
117,YEYZIL__ligand141-0
118,YEYZIL__ligand22129-0
119,YEYZIL__ligand7106-0
120,YEYZIL__ligand11949-0
121,YEYZIL__ligand240-0
122,YEYZIL__ligand17427-0
123,YEYZIL__ligand3718-0
124,YEYZIL__ligand1343-0
125,YEYZIL__ligand3876-0
126,YEYZIL__ligand3035-0
127,YEYZIL__ligand6616-0
128,YEYZIL__ligand1844-0
129,YEYZIL__ligand4661-0
130,YEYZIL__ligand3504-0
131,YEYZIL__ligand68-0
132,YEYZIL__ligand29486-0
133,YEYZIL__ligand1959-0
134,YEYZIL__ligand1536-0
135,YEYZIL__ligand31694-0
136,YEYZIL__ligand1573-0
137,YEYZIL__ligand9935-0
138,YEYZIL__ligand23175-0
139,YEYZIL__ligand15788-0
140,YEYZIL__ligand17396-0
141,YEYZIL__ligand3852-0
142,YEYZIL__ligand2485-0
143,YEYZIL__ligand13220-0
144,YEYZIL__ligand11587-0
145,YEYZIL__ligand6919-0
146,YEYZIL__ligand1512-0
147,YEYZIL__ligand24111-0
148,YEYZIL__ligand22444-0
149,YEYZIL__ligand5331-0
150,YEYZIL__ligand13385-0
151,YEYZIL__ligand3565-0
152,YEYZIL__ligand768-0
153,YEYZIL__ligand14569-0
154,YEYZIL__ligand4720-0
155,YEYZIL__ligand384-0
156,YEYZIL__ligand34-0
157,YEYZIL__ligand12001-0
158,YEYZIL__ligand8969-0
159,YEYZIL__ligand3174-0
160,YEYZIL__ligand24644-0
161,YEYZIL__ligand3937-0
162,YEYZIL__ligand1202-0
163,YEYZIL__ligand3131-0
164,YEYZIL__ligand6839-0
165,YEYZIL__ligand10033-0
166,YEYZIL__ligand5211-0
167,YEYZIL__ligand24872-0
168,YEYZIL__ligand30728-0
169,YEYZIL__ligand27840-0
170,YEYZIL__ligand4155-0
171,YEYZIL__ligand3094-0
172,YEYZIL__ligand9291-0
173,YEYZIL__ligand21399-0
174,YEYZIL__ligand10872-0
175,YEYZIL__ligand2176-0
176,YEYZIL__ligand757-0
177,YEYZIL__ligand12003-0
178,YEYZIL__ligand2232-0
179,YEYZIL__ligand16148-0
180,YEYZIL__ligand26631-0
181,YEYZIL__ligand4157-0
182,YEYZIL__ligand122-0
183,YEYZIL__ligand5256-0
184,YEYZIL__ligand29215-0
185,YEYZIL__ligand9833-0
186,YEYZIL__ligand8876-0
187,YEYZIL__ligand2828-0
188,YEYZIL__ligand7648-0
189,YEYZIL__ligand28540-0
190,YEYZIL__ligand11111-0
191,YEYZIL__ligand4503-0
192,YEYZIL__ligand4546-0
193,YEYZIL__ligand16369-0
194,YEYZIL__ligand20695-0
195,YEYZIL__ligand27754-0
196,YEYZIL__ligand1285-0
197,YEYZIL__ligand1982-0
198,YEYZIL__ligand7000-0
199,YEYZIL__ligand22403-0
200,YEYZIL__ligand8115-0
201,YEYZIL__ligand6768-0
202,YEYZIL__ligand7238-0
203,YEYZIL__ligand1790-0
204,YEYZIL__ligand11618-0
205,YEYZIL__ligand1304-0
206,YEYZIL__ligand7280-0
207,YEYZIL__ligand1219-0
208,YEYZIL__ligand26529-0
209,YEYZIL__ligand6709-0
210,YEYZIL__ligand7867-0
211,YEYZIL__ligand4016-0
212,YEYZIL__ligand8699-0
213,YEYZIL__ligand1160-0
214,YEYZIL__ligand9520-0
215,YEYZIL__ligand57-0
216,YEYZIL__ligand4093-0
217,YEYZIL__ligand4442-0
218,YEYZIL__ligand3954-0
219,YEYZIL__ligand21729-0
220,YEYZIL__ligand27239-0
221,YEYZIL__ligand14043-0
222,YEYZIL__ligand693-0
223,YEYZIL__ligand7629-0
224,YEYZIL__ligand28559-0
225,YEYZIL__ligand1451-0
226,YEYZIL__ligand26324-0
227,YEYZIL__ligand4272-0
228,YEYZIL__ligand9784-0
229,YEYZIL__ligand19927-0
230,YEYZIL__ligand20821-0
231,YEYZIL__ligand89-0
232,YEYZIL__ligand26673-0
233,YEYZIL__ligand1900-0
234,YEYZIL__ligand9197-0
235,YEYZIL__ligand2328-0
236,YEYZIL__ligand31000-0
237,YEYZIL__ligand4581-0
238,YEYZIL__ligand1773-0
239,YEYZIL__ligand11606-0
240,YEYZIL__ligand3029-0
241,YEYZIL__ligand7162-0
242,YEYZIL__ligand1327-0
243,YEYZIL__ligand9809-0
244,YEYZIL__ligand6672-0
245,YEYZIL__ligand8722-0
246,YEYZIL__ligand10582-0
247,YEYZIL__ligand571-0
248,YEYZIL__ligand13260-0
249,YEYZIL__ligand534-0
250,YEYZIL__ligand3350-0
251,YEYZIL__ligand2781-0
252,YEYZIL__ligand7573-0
253,YEYZIL__ligand670-0
254,YEYZIL__ligand11252-0
255,YEYZIL__ligand2208-0
256,YEYZIL__ligand3208-0
257,YEYZIL__ligand19824-0
258,YEYZIL__ligand18067-0
259,YEYZIL__ligand49-0
260,YEYZIL__ligand15455-0
261,YEYZIL__ligand1496-0
262,YEYZIL__ligand7557-0
263,YEYZIL__ligand11177-0
264,YEYZIL__ligand31205-0
265,YEYZIL__ligand1533-0
266,YEYZIL__ligand17686-0
267,YEYZIL__ligand25658-0
268,YEYZIL__ligand16603-0
269,YEYZIL__ligand488-0
270,YEYZIL__ligand11814-0
271,YEYZIL__ligand430-0
272,YEYZIL__ligand5892-0
273,YEYZIL__ligand5094-0
274,YEYZIL__ligand358-0
275,YEYZIL__ligand11622-0
276,YEYZIL__ligand694-0
277,YEYZIL__ligand1712-0
278,YEYZIL__ligand4131-0
279,YEYZIL__ligand16870-0
280,YEYZIL__ligand3157-0
281,YEYZIL__ligand29441-0
282,YEYZIL__ligand10853-0
283,YEYZIL__ligand10479-0
284,YEYZIL__ligand27610-0
285,YEYZIL__ligand1165-0
286,YEYZIL__ligand11479-0
287,YEYZIL__ligand9525-0
288,YEYZIL__ligand17-0
289,YEYZIL__ligand14347-0
290,YEYZIL__ligand13657-0
291,YEYZIL__ligand14302-0
292,YEYZIL__ligand5935-0
293,YEYZIL__ligand20530-0
294,YEYZIL__ligand11698-0
295,YEYZIL__ligand1379-0
296,YEYZIL__ligand696-0
297,YEYZIL__ligand2722-0
298,YEYZIL__ligand24851-0
299,YEYZIL__ligand3871-0
300,YEYZIL__ligand20121-0
301,YEYZIL__ligand15387-0
302,YEYZIL__ligand1469-0
303,YEYZIL__ligand20220-0
304,YEYZIL__ligand1768-0
305,YEYZIL__ligand656-0
306,YEYZIL__ligand29813-0
307,YEYZIL__ligand16952-0
308,YEYZIL__ligand4850-0
309,YEYZIL__ligand5056-0
310,YEYZIL__ligand1688-0
311,YEYZIL__ligand3647-0
312,YEYZIL__ligand5357-0
313,YEYZIL__ligand8464-0
314,YEYZIL__ligand1709-0
315,YEYZIL__ligand8349-0
316,YEYZIL__ligand10151-0
317,YEYZIL__ligand2527-0
318,YEYZIL__ligand383-0
319,YEYZIL__ligand5849-0
320,YEYZIL__ligand416-0
321,YEYZIL__ligand22353-0
322,YEYZIL__ligand3392-0
323,YEYZIL__ligand226-0
324,YEYZIL__ligand4911-0
325,YEYZIL__ligand19906-0
326,YEYZIL__ligand1771-0
327,YEYZIL__ligand162-0
328,YEYZIL__ligand19668-0
329,YEYZIL__ligand11798-0
330,YEYZIL__ligand497-0
331,YEYZIL__ligand9681-0
332,YEYZIL__ligand4332-0
333,YEYZIL__ligand20731-0
334,YEYZIL__ligand12413-0
335,YEYZIL__ligand29334-0
336,YEYZIL__ligand17445-0
337,YEYZIL__ligand1449-0
338,YEYZIL__ligand3012-0
339,YEYZIL__ligand14477-0
340,YEYZIL__ligand633-0
341,YEYZIL__ligand1065-0
342,YEYZIL__ligand17069-0
343,YEYZIL__ligand7530-0
344,YEYZIL__ligand2403-0
345,YEYZIL__ligand11501-0
346,YEYZIL__ligand11544-0
347,YEYZIL__ligand29214-0
348,YEYZIL__ligand22357-0
349,YEYZIL__ligand3934-0
350,YEYZIL__ligand11758-0
351,YEYZIL__ligand21448-0
352,YEYZIL__ligand6455-0
353,YEYZIL__ligand6882-0
354,YEYZIL__ligand692-0
355,YEYZIL__ligand14007-0
356,YEYZIL__ligand18019-1
357,YEYZIL__ligand6946-0
358,YEYZIL__ligand1415-0
359,YEYZIL__ligand7529-0
360,YEYZIL__ligand27550-0
361,YEYZIL__ligand9148-0
362,YEYZIL__ligand436-0
363,YEYZIL__ligand326-0
364,YEYZIL__ligand5316-0
365,YEYZIL__ligand20942-1
366,YEYZIL__ligand21339-0
367,YEYZIL__ligand14226-0
368,YEYZIL__ligand16956-0
369,YEYZIL__ligand5483-0
370,YEYZIL__ligand5627-0
371,YEYZIL__ligand27771-0
372,YEYZIL__ligand18158-0
373,YEYZIL__ligand1729-0
374,YEYZIL__ligand23682-0
375,YEYZIL__ligand2830-0
376,YEYZIL__ligand29565-0
377,YEYZIL__ligand4813-0
378,YEYZIL__ligand69-0
379,YEYZIL__ligand5813-0
380,YEYZIL__ligand4738-0
381,YEYZIL__ligand6062-0
382,YEYZIL__ligand21752-0
383,YEYZIL__ligand409-0
384,YEYZIL__ligand324-0
385,YEYZIL__ligand361-0
386,YEYZIL__ligand30788-0
387,YEYZIL__ligand13691-0
388,YEYZIL__ligand6283-0
389,YEYZIL__ligand14339-0
390,YEYZIL__ligand7107-0
391,YEYZIL__ligand18413-0
392,YEYZIL__ligand20844-0
393,YEYZIL__ligand24624-0
394,YEYZIL__ligand11-0
395,YEYZIL__ligand18757-0
396,YEYZIL__ligand3215-0
397,YEYZIL__ligand24560-0
398,YEYZIL__ligand2068-0
399,YEYZIL__ligand7925-0
400,YEYZIL__ligand199-0
401,YEYZIL__ligand30004-0
402,YEYZIL__ligand20557-0
403,YEYZIL__ligand1147-0
404,YEYZIL__ligand3973-0
405,YEYZIL__ligand2599-0
406,YEYZIL__ligand300-0
407,YEYZIL__ligand24953-0
408,YEYZIL__ligand4330-0
409,YEYZIL__ligand23445-0
410,YEYZIL__ligand13755-0
411,YEYZIL__ligand16133-0
412,YEYZIL__ligand20432-0
413,YEYZIL__ligand27122-0
414,YEYZIL__ligand588-0
415,YEYZIL__ligand7532-0
416,YEYZIL__ligand4194-0
417,YEYZIL__ligand21940-0
418,YEYZIL__ligand4-0
419,YEYZIL__ligand25048-0
420,YEYZIL__ligand421-0
421,YEYZIL__ligand3144-0
422,YEYZIL__ligand5085-0
423,YEYZIL__ligand25689-0
424,YEYZIL__ligand4710-0
425,YEYZIL__ligand21787-0
426,YEYZIL__ligand5755-0
427,YEYZIL__ligand25575-0
428,YEYZIL__ligand1397-0
429,YEYZIL__ligand27835-0
430,YEYZIL__ligand7213-0
431,YEYZIL__ligand12295-0
432,YEYZIL__ligand1828-0
433,YEYZIL__ligand6112-0
434,YEYZIL__ligand8-0
435,YEYZIL__ligand8042-0
436,YEYZIL__ligand685-0
437,YEYZIL__ligand11166-0
438,YEYZIL__ligand1786-0
439,YEYZIL__ligand21132-0
440,YEYZIL__ligand294-0
441,YEYZIL__ligand5630-0
442,YEYZIL__ligand23906-0
443,YEYZIL__ligand1908-0
444,YEYZIL__ligand3285-0
445,YEYZIL__ligand4795-0
446,YEYZIL__ligand30539-0
447,YEYZIL__ligand5614-0
448,YEYZIL__ligand5280-0
449,YEYZIL__ligand1831-0
450,YEYZIL__ligand23124-0
451,YEYZIL__ligand11206-0
452,YEYZIL__ligand5515-0
453,YEYZIL__ligand25735-0
454,YEYZIL__ligand12519-0
455,YEYZIL__ligand6663-0
456,YEYZIL__ligand560-0
457,YEYZIL__ligand3261-0
458,YEYZIL__ligand1152-0
459,YEYZIL__ligand5019-0
460,YEYZIL__ligand1216-0
461,YEYZIL__ligand25650-0
462,YEYZIL__ligand31248-0
463,YEYZIL__ligand235-0
464,YEYZIL__ligand19257-0
465,YEYZIL__ligand13209-0
466,YEYZIL__ligand12660-0
467,YEYZIL__ligand134-0
468,YEYZIL__ligand1849-0
469,YEYZIL__ligand18799-0
470,YEYZIL__ligand1539-0
471,YEYZIL__ligand18465-0
472,YEYZIL__ligand67-0
473,YEYZIL__ligand868-0
474,YEYZIL__ligand1150-0
475,YEYZIL__ligand3416-0
476,YEYZIL__ligand3453-0
477,YEYZIL__ligand28668-0
478,YEYZIL__ligand4207-0
479,YEYZIL__ligand16791-0
480,YEYZIL__ligand11140-0
481,YEYZIL__ligand3042-0
482,YEYZIL__ligand29610-0
483,YEYZIL__ligand18074-0
484,YEYZIL__ligand13869-0
485,YEYZIL__ligand4063-0
486,YEYZIL__ligand29863-0
487,YEYZIL__ligand7438-0
488,YEYZIL__ligand8200-0
489,YEYZIL__ligand352-0
490,YEYZIL__ligand783-0
491,YEYZIL__ligand1817-0
492,YEYZIL__ligand23904-0
493,YEYZIL__ligand6993-0
494,YEYZIL__ligand1779-0
495,YEYZIL__ligand21936-0
496,YEYZIL__ligand13257-0
497,YEYZIL__ligand197-0
498,YEYZIL__ligand9750-0
499,YEYZIL__ligand12467-0
500,YEYZIL__ligand7075-0
501,YEYZIL__ligand1149-0
502,YEYZIL__ligand10084-0
503,YEYZIL__ligand25267-0
504,YEYZIL__ligand3557-0
505,YEYZIL__ligand3980-0
506,YEYZIL__ligand18391-0
507,YEYZIL__ligand27169-0
508,YEYZIL__ligand43-0
509,YEYZIL__ligand1288-0
510,YEYZIL__ligand14523-0
511,YEYZIL__ligand20599-0
512,YEYZIL__ligand9491-0
513,YEYZIL__ligand1400-0
514,YEYZIL__ligand4266-0
515,YEYZIL__ligand22981-0
516,YEYZIL__ligand25805-0
517,YEYZIL__ligand4167-0
518,YEYZIL__ligand27074-0
519,YEYZIL__ligand830-0
520,YEYZIL__ligand17590-0
521,YEYZIL__ligand372-0
522,YEYZIL__ligand17240-0
523,YEYZIL__ligand2027-0
524,YEYZIL__ligand193-0
525,YEYZIL__ligand18699-0
526,YEYZIL__ligand12682-0
527,YEYZIL__ligand1050-0
528,YEYZIL__ligand1015-0
529,YEYZIL__ligand1028-0
530,YEYZIL__ligand116-0
531,YEYZIL__ligand252-0
532,YEYZIL__ligand4262-0
533,YEYZIL__ligand12336-0
534,YEYZIL__ligand2692-0
535,YEYZIL__ligand13072-0
536,YEYZIL__ligand1618-0
537,YEYZIL__ligand31483-0
538,YEYZIL__ligand4596-0
539,YEYZIL__ligand10555-0
540,YEYZIL__ligand1498-0
541,YEYZIL__ligand177-0
542,YEYZIL__ligand1154-0
543,YEYZIL__ligand19725-0
544,YEYZIL__ligand9615-0
545,YEYZIL__ligand24613-0
546,YEYZIL__ligand14586-0
547,YEYZIL__ligand11774-0
548,YEYZIL__ligand8529-0
549,YEYZIL__ligand21421-0
550,YEYZIL__ligand1169-0
551,YEYZIL__ligand17710-0
552,YEYZIL__ligand20579-0
553,YEYZIL__ligand909-0
554,YEYZIL__ligand11568-0
555,YEYZIL__ligand11432-0
556,YEYZIL__ligand31618-0
557,YEYZIL__ligand10432-0
558,YEYZIL__ligand22755-0
559,YEYZIL__ligand19-0
560,YEYZIL__ligand785-0
561,YEYZIL__ligand311-0
562,YEYZIL__ligand9944-0
563,YEYZIL__ligand8593-0
564,YEYZIL__ligand29898-0
565,YEYZIL__ligand479-0
566,YEYZIL__ligand26277-0
567,YEYZIL__ligand2001-0
568,YEYZIL__ligand564-0
569,YEYZIL__ligand7566-0
570,YEYZIL__ligand370-1
571,YEYZIL__ligand620-0
572,YEYZIL__ligand23589-0
573,YEYZIL__ligand188-0
574,YEYZIL__ligand24064-0
575,YEYZIL__ligand5201-0
576,YEYZIL__ligand15168-0
577,YEYZIL__ligand1113-0
578,YEYZIL__ligand8553-0
579,YEYZIL__ligand24-0
580,YEYZIL__ligand250-0
581,YEYZIL__ligand4124-0
582,YEYZIL__ligand4161-0
583,YEYZIL__ligand3471-0
584,YEYZIL__ligand15438-0
585,YEYZIL__ligand28924-0
586,YEYZIL__ligand45-0
587,YEYZIL__ligand18703-0
588,YEYZIL__ligand29087-0
589,YEYZIL__ligand5415-0
590,YEYZIL__ligand2650-0
591,YEYZIL__ligand2281-0
592,YEYZIL__ligand4340-0
593,YEYZIL__ligand31578-0
594,YEYZIL__ligand370-0
595,YEYZIL__ligand17207-0
596,YEYZIL__ligand78-0
597,YEYZIL__ligand18013-0
598,YEYZIL__ligand25224-0
599,YEYZIL__ligand3180-0
600,YEYZIL__ligand17945-0
601,YEYZIL__ligand6995-0
602,YEYZIL__ligand2823-0
603,YEYZIL__ligand24750-0
604,YEYZIL__ligand1604-0
605,YEYZIL__ligand14117-0
606,YEYZIL__ligand1228-0
607,YEYZIL__ligand9943-0
608,YEYZIL__ligand353-0
609,YEYZIL__ligand17261-0
610,YEYZIL__ligand2043-0
611,YEYZIL__ligand31097-0
612,YEYZIL__ligand21581-0
613,YEYZIL__ligand20539-0
614,YEYZIL__ligand20214-0
615,YEYZIL__ligand30702-0
616,YEYZIL__ligand8788-0
617,YEYZIL__ligand20251-0
618,YEYZIL__ligand1832-0
619,YEYZIL__ligand14889-0
620,YEYZIL__ligand30851-0
621,YEYZIL__ligand2417-0
622,YEYZIL__ligand29568-0
623,YEYZIL__ligand9284-0
624,YEYZIL__ligand6391-0
625,YEYZIL__ligand3126-0
626,YEYZIL__ligand28789-0
627,YEYZIL__ligand20419-0
628,YEYZIL__ligand66-0
629,YEYZIL__ligand393-0
630,YEYZIL__ligand21371-0
631,YEYZIL__ligand1114-0
632,YEYZIL__ligand17118-0
633,YEYZIL__ligand20598-0
634,YEYZIL__ligand686-0
635,YEYZIL__ligand11675-0
636,YEYZIL__ligand24047-0
637,YEYZIL__ligand22557-0
638,YEYZIL__ligand10589-0
639,YEYZIL__ligand17398-0
640,YEYZIL__ligand2203-0
641,YEYZIL__ligand5387-0
642,YEYZIL__ligand42-0
643,YEYZIL__ligand1289-0
644,YEYZIL__ligand17278-0
645,YEYZIL__ligand20011-0
646,YEYZIL__ligand17982-0
647,YEYZIL__ligand422-0
648,YEYZIL__ligand29414-0
649,YEYZIL__ligand20251-1
650,YEYZIL__ligand2612-0
651,YEYZIL__ligand1599-0
652,YEYZIL__ligand9450-0
653,YEYZIL__ligand196-0
654,YEYZIL__ligand14703-0
655,YEYZIL__ligand16475-0
656,YEYZIL__ligand38-0
657,YEYZIL__ligand4807-0
658,YEYZIL__ligand11456-0
659,YEYZIL__ligand3178-0
660,YEYZIL__ligand14174-0
661,YEYZIL__ligand10712-0
662,YEYZIL__ligand9753-0
663,YEYZIL__ligand5530-0
664,YEYZIL__ligand1787-0
665,YEYZIL__ligand1356-0
666,YEYZIL__ligand5159-0
667,YEYZIL__ligand7196-0
668,YEYZIL__ligand25411-0
669,YEYZIL__ligand314-1
670,YEYZIL__ligand31832-0
671,YEYZIL__ligand8793-0
672,YEYZIL__ligand5649-0
673,YEYZIL__ligand2788-0
674,YEYZIL__ligand13294-0
675,YEYZIL__ligand4649-0
676,YEYZIL__ligand28884-0
677,YEYZIL__ligand13331-0
678,YEYZIL__ligand465-0
679,YEYZIL__ligand2906-0
680,YEYZIL__ligand12030-0
681,YEYZIL__ligand14248-0
682,YEYZIL__ligand4711-0
683,YEYZIL__ligand3244-0
684,YEYZIL__ligand29879-0
685,YEYZIL__ligand13208-0
686,YEYZIL__ligand7172-0
687,YEYZIL__ligand9323-0
688,YEYZIL__ligand618-0
689,YEYZIL__ligand26810-0
690,YEYZIL__ligand27482-0
691,YEYZIL__ligand7273-0
692,YEYZIL__ligand3225-0
693,YEYZIL__ligand1153-0
694,YEYZIL__ligand1116-0
695,YEYZIL__ligand7092-0
696,YEYZIL__ligand2260-0
697,YEYZIL__ligand391-0
698,YEYZIL__ligand2124-0
699,YEYZIL__ligand8612-0
700,YEYZIL__ligand314-0
701,YEYZIL__ligand780-0
702,YEYZIL__ligand6017-0
703,YEYZIL__ligand13390-0
704,YEYZIL__ligand813-0
705,YEYZIL__ligand5708-0
706,YEYZIL__ligand7316-0
707,YEYZIL__ligand20682-0
708,YEYZIL__ligand5180-0
709,YEYZIL__ligand368-0
710,YEYZIL__ligand3120-0
711,YEYZIL__ligand3926-0
712,YEYZIL__ligand25178-0
713,YEYZIL__ligand4358-0
714,YEYZIL__ligand24185-0
715,YEYZIL__ligand2221-0
716,YEYZIL__ligand23769-0
717,YEYZIL__ligand395-0
718,YEYZIL__ligand17805-0
719,YEYZIL__ligand4101-0
720,YEYZIL__ligand5595-0
721,YEYZIL__ligand17302-0
722,YEYZIL__ligand5510-0
723,YEYZIL__ligand1376-0
724,YEYZIL__ligand9773-0
725,YEYZIL__ligand12231-0
726,YEYZIL__ligand18292-0
727,YEYZIL__ligand12289-0
728,YEYZIL__ligand26702-0
729,YEYZIL__ligand13658-0
730,YEYZIL__ligand12130-0
731,YEYZIL__ligand17387-0
732,YEYZIL__ligand10476-0
733,YEYZIL__ligand2259-0
734,YEYZIL__ligand18-0
735,YEYZIL__ligand13068-0
736,YEYZIL__ligand1296-0
737,YEYZIL__ligand19830-0
738,YEYZIL__ligand784-0
739,YEYZIL__ligand5099-0
740,YEYZIL__ligand12401-0
741,YEYZIL__ligand15585-0
742,YEYZIL__ligand8592-0
743,YEYZIL__ligand1197-0
744,YEYZIL__ligand24145-0
745,YEYZIL__ligand28676-0
746,YEYZIL__ligand10262-0
747,YEYZIL__ligand27763-0
748,YEYZIL__ligand2822-0
749,YEYZIL__ligand7293-0
750,YEYZIL__ligand1317-0
751,YEYZIL__ligand3867-0
752,YEYZIL__ligand5304-0
753,YEYZIL__ligand13425-0
754,YEYZIL__ligand29302-0
755,YEYZIL__ligand9167-0
756,YEYZIL__ligand18814-0
757,YEYZIL__ligand19057-0
758,YEYZIL__ligand833-0
759,YEYZIL__ligand2238-0
760,YEYZIL__ligand14108-0
761,YEYZIL__ligand7762-0
762,YEYZIL__ligand5080-0
763,YEYZIL__ligand1407-0
764,YEYZIL__ligand6117-0
765,YEYZIL__ligand10958-0
766,YEYZIL__ligand5509-0
767,YEYZIL__ligand8002-0
768,YEYZIL__ligand12641-0
769,YEYZIL__ligand115-0
770,YEYZIL__ligand3945-0
771,YEYZIL__ligand26540-0
772,YEYZIL__ligand12337-0
773,YEYZIL__ligand29410-0
774,YEYZIL__ligand30296-0
775,YEYZIL__ligand5383-0
776,YEYZIL__ligand2693-0
777,YEYZIL__ligand17281-0
778,YEYZIL__ligand12606-0
779,YEYZIL__ligand9344-0
780,YEYZIL__ligand152-0
781,YEYZIL__ligand8000-0
782,YEYZIL__ligand3736-0
783,YEYZIL__ligand30333-0
784,YEYZIL__ligand27460-0
785,YEYZIL__ligand7291-0
786,YEYZIL__ligand506-0
787,YEYZIL__ligand3677-1
788,YEYZIL__ligand9883-0
789,YEYZIL__ligand2985-0
790,YEYZIL__ligand4007-0
791,YEYZIL__ligand16628-0
792,YEYZIL__ligand12427-0
793,YEYZIL__ligand20740-0
794,YEYZIL__ligand28468-0
795,YEYZIL__ligand9299-0
796,YEYZIL__ligand6699-0
797,YEYZIL__ligand20578-0
798,YEYZIL__ligand12934-0
799,YEYZIL__ligand15422-0
800,YEYZIL__ligand19641-0
801,YEYZIL__ligand14723-0
802,YEYZIL__ligand27893-0
803,YEYZIL__ligand3632-0
804,YEYZIL__ligand3677-0
805,YEYZIL__ligand30988-0
806,YEYZIL__ligand27175-0
807,YEYZIL__ligand18832-0
808,YEYZIL__ligand23713-0
809,YEYZIL__ligand1294-0
810,YEYZIL__ligand487-0
811,YEYZIL__ligand1168-0
812,YEYZIL__ligand17631-0
813,YEYZIL__ligand13012-0
814,YEYZIL__ligand746-0
815,YEYZIL__ligand26665-0
816,YEYZIL__ligand6892-0
817,YEYZIL__ligand14603-0
818,YEYZIL__ligand447-0
819,YEYZIL__ligand14297-0
820,YEYZIL__ligand1211-0
821,YEYZIL__ligand17258-0
822,YEYZIL__ligand31783-0
823,YEYZIL__ligand1464-0
824,YEYZIL__ligand3712-0
825,YEYZIL__ligand2881-0
826,YEYZIL__ligand1499-0
827,YEYZIL__ligand176-0
