,TMC
0,JURCAC__ligand18832-0
1,JURCAC__ligand27175-0
2,JURCAC__ligand23713-0
3,JURCAC__ligand6117-0
4,JURCAC__ligand314-1
5,JURCAC__ligand1407-0
6,JURCAC__ligand8002-0
7,JURCAC__ligand5509-0
8,JURCAC__ligand30988-0
9,JURCAC__ligand14723-0
10,JURCAC__ligand27893-0
11,JURCAC__ligand5080-0
12,JURCAC__ligand7762-0
13,JURCAC__ligand15422-0
14,JURCAC__ligand12934-0
15,JURCAC__ligand20578-0
16,JURCAC__ligand19641-0
17,JURCAC__ligand465-0
18,JURCAC__ligand2238-0
19,JURCAC__ligand31783-0
20,JURCAC__ligand5304-0
21,JURCAC__ligand9167-0
22,JURCAC__ligand14297-0
23,JURCAC__ligand14603-0
24,JURCAC__ligand7293-0
25,JURCAC__ligand2822-0
26,JURCAC__ligand3867-0
27,JURCAC__ligand17258-0
28,JURCAC__ligand1317-0
29,JURCAC__ligand17631-0
30,JURCAC__ligand13012-0
31,JURCAC__ligand26665-0
32,JURCAC__ligand391-0
33,JURCAC__ligand69-0
34,JURCAC__ligand8592-0
35,JURCAC__ligand5099-0
36,JURCAC__ligand1197-0
37,JURCAC__ligand30333-0
38,JURCAC__ligand12606-0
39,JURCAC__ligand2259-0
40,JURCAC__ligand1296-0
41,JURCAC__ligand30296-0
42,JURCAC__ligand17281-0
43,JURCAC__ligand5510-0
44,JURCAC__ligand26540-0
45,JURCAC__ligand1376-0
46,JURCAC__ligand618-0
47,JURCAC__ligand12337-0
48,JURCAC__ligand9773-0
49,JURCAC__ligand29410-0
50,JURCAC__ligand12427-0
51,JURCAC__ligand28468-0
52,JURCAC__ligand20740-0
53,JURCAC__ligand4101-0
54,JURCAC__ligand5595-0
55,JURCAC__ligand16628-0
56,JURCAC__ligand2221-0
57,JURCAC__ligand780-0
58,JURCAC__ligand314-0
59,JURCAC__ligand11-0
60,JURCAC__ligand3926-0
61,JURCAC__ligand27460-0
62,JURCAC__ligand3120-0
63,JURCAC__ligand813-0
64,JURCAC__ligand4358-0
65,JURCAC__ligand18814-0
66,JURCAC__ligand19057-0
67,JURCAC__ligand2881-0
68,JURCAC__ligand1499-0
69,JURCAC__ligand3712-0
70,JURCAC__ligand1464-0
71,JURCAC__ligand29302-0
72,JURCAC__ligand13425-0
73,JURCAC__ligand1211-0
74,JURCAC__ligand353-0
75,JURCAC__ligand10262-0
76,JURCAC__ligand28676-0
77,JURCAC__ligand27763-0
78,JURCAC__ligand6892-0
79,JURCAC__ligand1294-0
80,JURCAC__ligand1168-0
81,JURCAC__ligand12641-0
82,JURCAC__ligand10958-0
83,JURCAC__ligand3677-0
84,JURCAC__ligand3632-0
85,JURCAC__ligand393-0
86,JURCAC__ligand14108-0
87,JURCAC__ligand6699-0
88,JURCAC__ligand17302-0
89,JURCAC__ligand9299-0
90,JURCAC__ligand17805-0
91,JURCAC__ligand422-0
92,JURCAC__ligand2985-0
93,JURCAC__ligand4007-0
94,JURCAC__ligand24185-0
95,JURCAC__ligand3677-1
96,JURCAC__ligand9883-0
97,JURCAC__ligand686-0
98,JURCAC__ligand23769-0
99,JURCAC__ligand7291-0
100,JURCAC__ligand25178-0
101,JURCAC__ligand8000-0
102,JURCAC__ligand15585-0
103,JURCAC__ligand12401-0
104,JURCAC__ligand3736-0
105,JURCAC__ligand24145-0
106,JURCAC__ligand9344-0
107,JURCAC__ligand10476-0
108,JURCAC__ligand196-0
109,JURCAC__ligand19830-0
110,JURCAC__ligand13068-0
111,JURCAC__ligand12289-0
112,JURCAC__ligand18292-0
113,JURCAC__ligand2693-0
114,JURCAC__ligand5383-0
115,JURCAC__ligand13658-0
116,JURCAC__ligand26702-0
117,JURCAC__ligand17387-0
118,JURCAC__ligand12130-0
119,JURCAC__ligand3945-0
120,JURCAC__ligand12231-0
121,JURCAC__ligand152-0
122,JURCAC__ligand9450-0
123,JURCAC__ligand1599-0
124,JURCAC__ligand26810-0
125,JURCAC__ligand27482-0
126,JURCAC__ligand2612-0
127,JURCAC__ligand13208-0
128,JURCAC__ligand20682-0
129,JURCAC__ligand5387-0
130,JURCAC__ligand2203-0
131,JURCAC__ligand1289-0
132,JURCAC__ligand13390-0
133,JURCAC__ligand506-0
134,JURCAC__ligand1114-0
135,JURCAC__ligand25411-0
136,JURCAC__ligand9284-0
137,JURCAC__ligand487-0
138,JURCAC__ligand17-0
139,JURCAC__ligand6391-0
140,JURCAC__ligand3126-0
141,JURCAC__ligand14174-0
142,JURCAC__ligand10712-0
143,JURCAC__ligand2417-0
144,JURCAC__ligand11456-0
145,JURCAC__ligand12030-0
146,JURCAC__ligand29879-0
147,JURCAC__ligand8788-0
148,JURCAC__ligand14248-0
149,JURCAC__ligand1832-0
150,JURCAC__ligand28884-0
151,JURCAC__ligand176-0
152,JURCAC__ligand13331-0
153,JURCAC__ligand2043-0
154,JURCAC__ligand746-0
155,JURCAC__ligand1228-0
156,JURCAC__ligand9943-0
157,JURCAC__ligand31832-0
158,JURCAC__ligand1604-0
159,JURCAC__ligand447-0
160,JURCAC__ligand13294-0
161,JURCAC__ligand5180-0
162,JURCAC__ligand20011-0
163,JURCAC__ligand17278-0
164,JURCAC__ligand17982-0
165,JURCAC__ligand29414-0
166,JURCAC__ligand5708-0
167,JURCAC__ligand7316-0
168,JURCAC__ligand368-0
169,JURCAC__ligand17398-0
170,JURCAC__ligand395-0
171,JURCAC__ligand20598-0
172,JURCAC__ligand11675-0
173,JURCAC__ligand24047-0
174,JURCAC__ligand6017-0
175,JURCAC__ligand10589-0
176,JURCAC__ligand22557-0
177,JURCAC__ligand2124-0
178,JURCAC__ligand16475-0
179,JURCAC__ligand14703-0
180,JURCAC__ligand8612-0
181,JURCAC__ligand1116-0
182,JURCAC__ligand1153-0
183,JURCAC__ligand3225-0
184,JURCAC__ligand2260-0
185,JURCAC__ligand7092-0
186,JURCAC__ligand784-0
187,JURCAC__ligand9323-0
188,JURCAC__ligand7273-0
189,JURCAC__ligand20251-1
190,JURCAC__ligand7172-0
191,JURCAC__ligand20539-0
192,JURCAC__ligand89-0
193,JURCAC__ligand20251-0
194,JURCAC__ligand3244-0
195,JURCAC__ligand4711-0
196,JURCAC__ligand30702-0
197,JURCAC__ligand20214-0
198,JURCAC__ligand833-0
199,JURCAC__ligand2906-0
200,JURCAC__ligand21581-0
201,JURCAC__ligand31097-0
202,JURCAC__ligand8-0
203,JURCAC__ligand14117-0
204,JURCAC__ligand17261-0
205,JURCAC__ligand5649-0
206,JURCAC__ligand2788-0
207,JURCAC__ligand8793-0
208,JURCAC__ligand4649-0
209,JURCAC__ligand20419-0
210,JURCAC__ligand5159-0
211,JURCAC__ligand7196-0
212,JURCAC__ligand21371-0
213,JURCAC__ligand17118-0
214,JURCAC__ligand115-0
215,JURCAC__ligand9753-0
216,JURCAC__ligand5530-0
217,JURCAC__ligand1787-0
218,JURCAC__ligand1356-0
219,JURCAC__ligand28789-0
220,JURCAC__ligand29568-0
221,JURCAC__ligand49-0
222,JURCAC__ligand3178-0
223,JURCAC__ligand14889-0
224,JURCAC__ligand4807-0
225,JURCAC__ligand30851-0
226,JURCAC__ligand29087-0
227,JURCAC__ligand18703-0
228,JURCAC__ligand8529-0
229,JURCAC__ligand15438-0
230,JURCAC__ligand28924-0
231,JURCAC__ligand1169-0
232,JURCAC__ligand868-0
233,JURCAC__ligand9615-0
234,JURCAC__ligand57-0
235,JURCAC__ligand24750-0
236,JURCAC__ligand352-0
237,JURCAC__ligand783-0
238,JURCAC__ligand1154-0
239,JURCAC__ligand25224-0
240,JURCAC__ligand4596-0
241,JURCAC__ligand18013-0
242,JURCAC__ligand1498-0
243,JURCAC__ligand17945-0
244,JURCAC__ligand31578-0
245,JURCAC__ligand17207-0
246,JURCAC__ligand2692-0
247,JURCAC__ligand1618-0
248,JURCAC__ligand4262-0
249,JURCAC__ligand26277-0
250,JURCAC__ligand29898-0
251,JURCAC__ligand31618-0
252,JURCAC__ligand11432-0
253,JURCAC__ligand197-0
254,JURCAC__ligand10432-0
255,JURCAC__ligand1028-0
256,JURCAC__ligand22755-0
257,JURCAC__ligand1015-0
258,JURCAC__ligand1050-0
259,JURCAC__ligand2027-0
260,JURCAC__ligand15168-0
261,JURCAC__ligand24064-0
262,JURCAC__ligand23589-0
263,JURCAC__ligand24613-0
264,JURCAC__ligand2823-0
265,JURCAC__ligand685-0
266,JURCAC__ligand19725-0
267,JURCAC__ligand6995-0
268,JURCAC__ligand31483-0
269,JURCAC__ligand3180-0
270,JURCAC__ligand421-0
271,JURCAC__ligand10555-0
272,JURCAC__ligand2650-0
273,JURCAC__ligand2281-0
274,JURCAC__ligand4340-0
275,JURCAC__ligand34-0
276,JURCAC__ligand5415-0
277,JURCAC__ligand20579-0
278,JURCAC__ligand17710-0
279,JURCAC__ligand11568-0
280,JURCAC__ligand3471-0
281,JURCAC__ligand4161-0
282,JURCAC__ligand4124-0
283,JURCAC__ligand21421-0
284,JURCAC__ligand11774-0
285,JURCAC__ligand14586-0
286,JURCAC__ligand294-0
287,JURCAC__ligand1113-0
288,JURCAC__ligand8553-0
289,JURCAC__ligand55-0
290,JURCAC__ligand12682-0
291,JURCAC__ligand18699-0
292,JURCAC__ligand17240-0
293,JURCAC__ligand5201-0
294,JURCAC__ligand560-0
295,JURCAC__ligand17590-0
296,JURCAC__ligand7566-0
297,JURCAC__ligand235-0
298,JURCAC__ligand13072-0
299,JURCAC__ligand2001-0
300,JURCAC__ligand12336-0
301,JURCAC__ligand134-0
302,JURCAC__ligand9944-0
303,JURCAC__ligand68-0
304,JURCAC__ligand8593-0
305,JURCAC__ligand10084-0
306,JURCAC__ligand564-0
307,JURCAC__ligand1849-0
308,JURCAC__ligand25267-0
309,JURCAC__ligand12467-0
310,JURCAC__ligand620-0
311,JURCAC__ligand370-1
312,JURCAC__ligand51-0
313,JURCAC__ligand1216-0
314,JURCAC__ligand21936-0
315,JURCAC__ligand13257-0
316,JURCAC__ligand1152-0
317,JURCAC__ligand479-0
318,JURCAC__ligand3261-0
319,JURCAC__ligand23904-0
320,JURCAC__ligand5019-0
321,JURCAC__ligand311-0
322,JURCAC__ligand785-0
323,JURCAC__ligand91-0
324,JURCAC__ligand27074-0
325,JURCAC__ligand20599-0
326,JURCAC__ligand25805-0
327,JURCAC__ligand22981-0
328,JURCAC__ligand5515-0
329,JURCAC__ligand6663-0
330,JURCAC__ligand5280-0
331,JURCAC__ligand5614-0
332,JURCAC__ligand188-0
333,JURCAC__ligand18391-0
334,JURCAC__ligand1831-0
335,JURCAC__ligand27169-0
336,JURCAC__ligand14523-0
337,JURCAC__ligand4795-0
338,JURCAC__ligand3285-0
339,JURCAC__ligand48-0
340,JURCAC__ligand16791-0
341,JURCAC__ligand28668-0
342,JURCAC__ligand1908-0
343,JURCAC__ligand250-0
344,JURCAC__ligand5630-0
345,JURCAC__ligand18799-0
346,JURCAC__ligand18465-0
347,JURCAC__ligand1786-0
348,JURCAC__ligand6112-0
349,JURCAC__ligand8042-0
350,JURCAC__ligand1397-0
351,JURCAC__ligand18074-0
352,JURCAC__ligand7213-0
353,JURCAC__ligand13869-0
354,JURCAC__ligand29863-0
355,JURCAC__ligand1828-0
356,JURCAC__ligand29610-0
357,JURCAC__ligand370-0
358,JURCAC__ligand4710-0
359,JURCAC__ligand5755-0
360,JURCAC__ligand11140-0
361,JURCAC__ligand3144-0
362,JURCAC__ligand5085-0
363,JURCAC__ligand193-0
364,JURCAC__ligand4167-0
365,JURCAC__ligand9491-0
366,JURCAC__ligand4266-0
367,JURCAC__ligand1400-0
368,JURCAC__ligand12519-0
369,JURCAC__ligand32-0
370,JURCAC__ligand25735-0
371,JURCAC__ligand830-0
372,JURCAC__ligand23124-0
373,JURCAC__ligand11206-0
374,JURCAC__ligand372-0
375,JURCAC__ligand1288-0
376,JURCAC__ligand12660-0
377,JURCAC__ligand1149-0
378,JURCAC__ligand3980-0
379,JURCAC__ligand3557-0
380,JURCAC__ligand13209-0
381,JURCAC__ligand7075-0
382,JURCAC__ligand19257-0
383,JURCAC__ligand25650-0
384,JURCAC__ligand9750-0
385,JURCAC__ligand116-0
386,JURCAC__ligand31248-0
387,JURCAC__ligand6993-0
388,JURCAC__ligand1817-0
389,JURCAC__ligand252-0
390,JURCAC__ligand1779-0
391,JURCAC__ligand4063-0
392,JURCAC__ligand27835-0
393,JURCAC__ligand12295-0
394,JURCAC__ligand7438-0
395,JURCAC__ligand8200-0
396,JURCAC__ligand25689-0
397,JURCAC__ligand21787-0
398,JURCAC__ligand25575-0
399,JURCAC__ligand177-0
400,JURCAC__ligand3042-0
401,JURCAC__ligand909-0
402,JURCAC__ligand4207-0
403,JURCAC__ligand30539-0
404,JURCAC__ligand3453-0
405,JURCAC__ligand3416-0
406,JURCAC__ligand1150-0
407,JURCAC__ligand23906-0
408,JURCAC__ligand11166-0
409,JURCAC__ligand1539-0
410,JURCAC__ligand16-0
411,JURCAC__ligand21132-0
412,JURCAC__ligand2830-0
413,JURCAC__ligand5627-0
414,JURCAC__ligand1729-0
415,JURCAC__ligand696-0
416,JURCAC__ligand20557-0
417,JURCAC__ligand30004-0
418,JURCAC__ligand5483-0
419,JURCAC__ligand5316-0
420,JURCAC__ligand21940-0
421,JURCAC__ligand9148-0
422,JURCAC__ligand25048-0
423,JURCAC__ligand7529-0
424,JURCAC__ligand16133-0
425,JURCAC__ligand13755-0
426,JURCAC__ligand27122-0
427,JURCAC__ligand20432-0
428,JURCAC__ligand656-0
429,JURCAC__ligand23445-0
430,JURCAC__ligand24953-0
431,JURCAC__ligand6946-0
432,JURCAC__ligand1415-0
433,JURCAC__ligand14339-0
434,JURCAC__ligand6882-0
435,JURCAC__ligand6455-0
436,JURCAC__ligand30788-0
437,JURCAC__ligand13691-0
438,JURCAC__ligand3934-0
439,JURCAC__ligand21752-0
440,JURCAC__ligand2403-0
441,JURCAC__ligand226-0
442,JURCAC__ligand1065-0
443,JURCAC__ligand18757-0
444,JURCAC__ligand24560-0
445,JURCAC__ligand7530-0
446,JURCAC__ligand1449-0
447,JURCAC__ligand162-0
448,JURCAC__ligand20844-0
449,JURCAC__ligand3012-0
450,JURCAC__ligand18413-0
451,JURCAC__ligand24624-0
452,JURCAC__ligand4332-0
453,JURCAC__ligand383-0
454,JURCAC__ligand9681-0
455,JURCAC__ligand416-0
456,JURCAC__ligand4194-0
457,JURCAC__ligand27550-0
458,JURCAC__ligand7532-0
459,JURCAC__ligand14007-0
460,JURCAC__ligand2599-0
461,JURCAC__ligand18019-1
462,JURCAC__ligand4330-0
463,JURCAC__ligand23682-0
464,JURCAC__ligand3973-0
465,JURCAC__ligand29565-0
466,JURCAC__ligand27771-0
467,JURCAC__ligand1147-0
468,JURCAC__ligand18158-0
469,JURCAC__ligand534-0
470,JURCAC__ligand20942-1
471,JURCAC__ligand571-0
472,JURCAC__ligand16956-0
473,JURCAC__ligand14226-0
474,JURCAC__ligand21339-0
475,JURCAC__ligand670-0
476,JURCAC__ligand2068-0
477,JURCAC__ligand7925-0
478,JURCAC__ligand14477-0
479,JURCAC__ligand17069-0
480,JURCAC__ligand3215-0
481,JURCAC__ligand17445-0
482,JURCAC__ligand7107-0
483,JURCAC__ligand20731-0
484,JURCAC__ligand12413-0
485,JURCAC__ligand29334-0
486,JURCAC__ligand11798-0
487,JURCAC__ligand21448-0
488,JURCAC__ligand694-0
489,JURCAC__ligand6283-0
490,JURCAC__ligand22357-0
491,JURCAC__ligand11758-0
492,JURCAC__ligand488-0
493,JURCAC__ligand6062-0
494,JURCAC__ligand29214-0
495,JURCAC__ligand18-0
496,JURCAC__ligand4813-0
497,JURCAC__ligand358-0
498,JURCAC__ligand5813-0
499,JURCAC__ligand11544-0
500,JURCAC__ligand11501-0
501,JURCAC__ligand4738-0
502,JURCAC__ligand430-0
503,JURCAC__ligand4131-0
504,JURCAC__ligand1712-0
505,JURCAC__ligand10151-0
506,JURCAC__ligand5094-0
507,JURCAC__ligand5892-0
508,JURCAC__ligand361-0
509,JURCAC__ligand324-0
510,JURCAC__ligand409-0
511,JURCAC__ligand19906-0
512,JURCAC__ligand19668-0
513,JURCAC__ligand1533-0
514,JURCAC__ligand22353-0
515,JURCAC__ligand1496-0
516,JURCAC__ligand7557-0
517,JURCAC__ligand1-0
518,JURCAC__ligand38-0
519,JURCAC__ligand24851-0
520,JURCAC__ligand2208-0
521,JURCAC__ligand14302-0
522,JURCAC__ligand13657-0
523,JURCAC__ligand14347-0
524,JURCAC__ligand3208-0
525,JURCAC__ligand20530-0
526,JURCAC__ligand11698-0
527,JURCAC__ligand27610-0
528,JURCAC__ligand10479-0
529,JURCAC__ligand199-0
530,JURCAC__ligand3350-0
531,JURCAC__ligand7573-0
532,JURCAC__ligand11479-0
533,JURCAC__ligand2781-0
534,JURCAC__ligand9809-0
535,JURCAC__ligand6672-0
536,JURCAC__ligand1327-0
537,JURCAC__ligand29441-0
538,JURCAC__ligand8722-0
539,JURCAC__ligand10853-0
540,JURCAC__ligand3029-0
541,JURCAC__ligand7162-0
542,JURCAC__ligand588-0
543,JURCAC__ligand16952-0
544,JURCAC__ligand29813-0
545,JURCAC__ligand2328-0
546,JURCAC__ligand1773-0
547,JURCAC__ligand4581-0
548,JURCAC__ligand1900-0
549,JURCAC__ligand20220-0
550,JURCAC__ligand9197-0
551,JURCAC__ligand300-0
552,JURCAC__ligand20121-0
553,JURCAC__ligand15387-0
554,JURCAC__ligand1771-0
555,JURCAC__ligand4911-0
556,JURCAC__ligand31205-0
557,JURCAC__ligand3392-0
558,JURCAC__ligand633-0
559,JURCAC__ligand25658-0
560,JURCAC__ligand17686-0
561,JURCAC__ligand497-0
562,JURCAC__ligand11177-0
563,JURCAC__ligand42-0
564,JURCAC__ligand15455-0
565,JURCAC__ligand5849-0
566,JURCAC__ligand2527-0
567,JURCAC__ligand16870-0
568,JURCAC__ligand3-0
569,JURCAC__ligand11622-0
570,JURCAC__ligand11814-0
571,JURCAC__ligand16603-0
572,JURCAC__ligand8464-0
573,JURCAC__ligand1709-0
574,JURCAC__ligand8349-0
575,JURCAC__ligand11606-0
576,JURCAC__ligand1688-0
577,JURCAC__ligand3647-0
578,JURCAC__ligand5357-0
579,JURCAC__ligand436-0
580,JURCAC__ligand4850-0
581,JURCAC__ligand5056-0
582,JURCAC__ligand31000-0
583,JURCAC__ligand26673-0
584,JURCAC__ligand692-0
585,JURCAC__ligand1768-0
586,JURCAC__ligand3871-0
587,JURCAC__ligand20821-0
588,JURCAC__ligand1469-0
589,JURCAC__ligand1379-0
590,JURCAC__ligand2722-0
591,JURCAC__ligand19824-0
592,JURCAC__ligand5935-0
593,JURCAC__ligand18067-0
594,JURCAC__ligand1165-0
595,JURCAC__ligand9525-0
596,JURCAC__ligand326-0
597,JURCAC__ligand11252-0
598,JURCAC__ligand3157-0
599,JURCAC__ligand66-0
600,JURCAC__ligand10582-0
601,JURCAC__ligand13260-0
602,JURCAC__ligand4155-0
603,JURCAC__ligand3094-0
604,JURCAC__ligand26529-0
605,JURCAC__ligand5211-0
606,JURCAC__ligand11618-0
607,JURCAC__ligand8969-0
608,JURCAC__ligand45-0
609,JURCAC__ligand3131-0
610,JURCAC__ligand3937-0
611,JURCAC__ligand1202-0
612,JURCAC__ligand3174-0
613,JURCAC__ligand6839-0
614,JURCAC__ligand4720-0
615,JURCAC__ligand3565-0
616,JURCAC__ligand338-0
617,JURCAC__ligand19927-0
618,JURCAC__ligand14043-0
619,JURCAC__ligand4-0
620,JURCAC__ligand78-0
621,JURCAC__ligand28559-0
622,JURCAC__ligand1512-0
623,JURCAC__ligand26324-0
624,JURCAC__ligand5331-0
625,JURCAC__ligand3852-0
626,JURCAC__ligand2485-0
627,JURCAC__ligand21729-0
628,JURCAC__ligand27239-0
629,JURCAC__ligand6919-0
630,JURCAC__ligand1573-0
631,JURCAC__ligand1536-0
632,JURCAC__ligand29215-0
633,JURCAC__ligand19-0
634,JURCAC__ligand9935-0
635,JURCAC__ligand3504-0
636,JURCAC__ligand1959-0
637,JURCAC__ligand12003-0
638,JURCAC__ligand201-0
639,JURCAC__ligand4661-0
640,JURCAC__ligand1844-0
641,JURCAC__ligand26631-0
642,JURCAC__ligand16148-0
643,JURCAC__ligand21399-0
644,JURCAC__ligand3718-0
645,JURCAC__ligand10872-0
646,JURCAC__ligand6616-0
647,JURCAC__ligand3035-0
648,JURCAC__ligand1343-0
649,JURCAC__ligand3876-0
650,JURCAC__ligand7106-0
651,JURCAC__ligand22403-0
652,JURCAC__ligand178-0
653,JURCAC__ligand7242-0
654,JURCAC__ligand279-0
655,JURCAC__ligand185-0
656,JURCAC__ligand321-0
657,JURCAC__ligand27754-0
658,JURCAC__ligand20695-0
659,JURCAC__ligand28540-0
660,JURCAC__ligand11111-0
661,JURCAC__ligand16369-0
662,JURCAC__ligand9908-0
663,JURCAC__ligand1263-0
664,JURCAC__ligand24-0
665,JURCAC__ligand9784-0
666,JURCAC__ligand187-0
667,JURCAC__ligand13385-0
668,JURCAC__ligand14569-0
669,JURCAC__ligand657-0
670,JURCAC__ligand7629-0
671,JURCAC__ligand24111-0
672,JURCAC__ligand4272-0
673,JURCAC__ligand1451-0
674,JURCAC__ligand22444-0
675,JURCAC__ligand3954-0
676,JURCAC__ligand4093-0
677,JURCAC__ligand4442-0
678,JURCAC__ligand11587-0
679,JURCAC__ligand13220-0
680,JURCAC__ligand8699-0
681,JURCAC__ligand23175-0
682,JURCAC__ligand1160-0
683,JURCAC__ligand15788-0
684,JURCAC__ligand9520-0
685,JURCAC__ligand366-0
686,JURCAC__ligand17396-0
687,JURCAC__ligand30728-0
688,JURCAC__ligand4016-0
689,JURCAC__ligand27840-0
690,JURCAC__ligand6709-0
691,JURCAC__ligand1219-0
692,JURCAC__ligand777-0
693,JURCAC__ligand7867-0
694,JURCAC__ligand24872-0
695,JURCAC__ligand1304-0
696,JURCAC__ligand1790-0
697,JURCAC__ligand24644-0
698,JURCAC__ligand7280-0
699,JURCAC__ligand596-0
700,JURCAC__ligand10033-0
701,JURCAC__ligand941-0
702,JURCAC__ligand7238-0
703,JURCAC__ligand12001-0
704,JURCAC__ligand1982-0
705,JURCAC__ligand11949-0
706,JURCAC__ligand7000-0
707,JURCAC__ligand8115-0
708,JURCAC__ligand6768-0
709,JURCAC__ligand12138-0
710,JURCAC__ligand1285-0
711,JURCAC__ligand24780-0
712,JURCAC__ligand22129-0
713,JURCAC__ligand25561-0
714,JURCAC__ligand163-0
715,JURCAC__ligand126-0
716,JURCAC__ligand4546-0
717,JURCAC__ligand4503-0
718,JURCAC__ligand5256-0
719,JURCAC__ligand31694-0
720,JURCAC__ligand9833-0
721,JURCAC__ligand7648-0
722,JURCAC__ligand8876-0
723,JURCAC__ligand2828-0
724,JURCAC__ligand4157-0
725,JURCAC__ligand29486-0
726,JURCAC__ligand2232-0
727,JURCAC__ligand17427-0
728,JURCAC__ligand845-0
729,JURCAC__ligand9291-0
730,JURCAC__ligand2176-0
731,JURCAC__ligand8721-0
732,JURCAC__ligand10056-0
733,JURCAC__ligand12365-0
734,JURCAC__ligand122-0
735,JURCAC__ligand1324-0
736,JURCAC__ligand11357-0
737,JURCAC__ligand13862-0
738,JURCAC__ligand15531-0
739,JURCAC__ligand28743-0
740,JURCAC__ligand1823-0
741,JURCAC__ligand5643-0
742,JURCAC__ligand22294-0
743,JURCAC__ligand1615-0
744,JURCAC__ligand5036-0
745,JURCAC__ligand2526-0
746,JURCAC__ligand28930-0
747,JURCAC__ligand22168-0
748,JURCAC__ligand21919-0
749,JURCAC__ligand9111-0
750,JURCAC__ligand9952-0
751,JURCAC__ligand757-0
752,JURCAC__ligand9601-0
753,JURCAC__ligand11970-0
754,JURCAC__ligand43-0
755,JURCAC__ligand15883-0
756,JURCAC__ligand8992-0
757,JURCAC__ligand24230-0
758,JURCAC__ligand4116-0
759,JURCAC__ligand28810-0
760,JURCAC__ligand1018-0
761,JURCAC__ligand11447-0
762,JURCAC__ligand11096-0
763,JURCAC__ligand7967-0
764,JURCAC__ligand19792-0
765,JURCAC__ligand6124-0
766,JURCAC__ligand3707-0
767,JURCAC__ligand10828-0
768,JURCAC__ligand15926-0
769,JURCAC__ligand30711-0
770,JURCAC__ligand20207-0
771,JURCAC__ligand11682-0
772,JURCAC__ligand2915-0
773,JURCAC__ligand67-0
774,JURCAC__ligand3156-0
775,JURCAC__ligand1378-0
776,JURCAC__ligand16988-0
777,JURCAC__ligand25913-0
778,JURCAC__ligand6244-0
779,JURCAC__ligand2332-0
780,JURCAC__ligand16663-0
781,JURCAC__ligand9441-0
782,JURCAC__ligand693-0
783,JURCAC__ligand14614-0
784,JURCAC__ligand9933-0
785,JURCAC__ligand1575-0
786,JURCAC__ligand1530-0
787,JURCAC__ligand24035-0
788,JURCAC__ligand11994-0
789,JURCAC__ligand1631-0
790,JURCAC__ligand31842-0
791,JURCAC__ligand31044-0
792,JURCAC__ligand141-0
793,JURCAC__ligand240-0
794,JURCAC__ligand10371-0
795,JURCAC__ligand4620-0
796,JURCAC__ligand13672-0
797,JURCAC__ligand6067-0
798,JURCAC__ligand1577-0
799,JURCAC__ligand2295-0
800,JURCAC__ligand28685-0
801,JURCAC__ligand18568-0
802,JURCAC__ligand7819-0
803,JURCAC__ligand19184-0
804,JURCAC__ligand2917-0
805,JURCAC__ligand3465-0
806,JURCAC__ligand28459-0
807,JURCAC__ligand6102-0
808,JURCAC__ligand6596-0
809,JURCAC__ligand6904-0
810,JURCAC__ligand3721-0
811,JURCAC__ligand18448-0
812,JURCAC__ligand12453-0
813,JURCAC__ligand3234-0
814,JURCAC__ligand1142-0
815,JURCAC__ligand768-0
816,JURCAC__ligand8835-0
817,JURCAC__ligand2028-0
818,JURCAC__ligand14167-0
819,JURCAC__ligand13477-0
820,JURCAC__ligand7126-0
821,JURCAC__ligand27669-0
822,JURCAC__ligand30142-0
823,JURCAC__ligand4641-0
824,JURCAC__ligand27285-0
825,JURCAC__ligand29029-0
826,JURCAC__ligand384-0
827,JURCAC__ligand23197-0
