,TMC
0,PAGVEA__ligand4012-0
1,PAGVEA__ligand3196-0
2,PAGVEA__ligand596-0
3,PAGVEA__ligand187-0
4,PAGVEA__ligand612-0
5,PAGVEA__ligand861-0
6,PAGVEA__ligand2915-0
7,PAGVEA__ligand366-0
8,PAGVEA__ligand2707-0
9,PAGVEA__ligand1690-0
10,PAGVEA__ligand2526-0
11,PAGVEA__ligand1551-0
12,PAGVEA__ligand126-0
13,PAGVEA__ligand4370-0
14,PAGVEA__ligand124-0
15,PAGVEA__ligand45-0
16,PAGVEA__ligand78-0
17,PAGVEA__ligand1436-0
18,PAGVEA__ligand85-0
19,PAGVEA__ligand119-0
20,PAGVEA__ligand3618-0
21,PAGVEA__ligand2618-0
22,PAGVEA__ligand4175-0
23,PAGVEA__ligand178-0
24,PAGVEA__ligand279-0
25,PAGVEA__ligand321-0
26,PAGVEA__ligand2255-0
27,PAGVEA__ligand1918-0
28,PAGVEA__ligand201-0
29,PAGVEA__ligand244-0
30,PAGVEA__ligand100-0
31,PAGVEA__ligand3251-0
32,PAGVEA__ligand5235-0
33,PAGVEA__ligand6143-0
34,PAGVEA__ligand4619-0
35,PAGVEA__ligand141-0
36,PAGVEA__ligand1493-0
37,PAGVEA__ligand2718-0
38,PAGVEA__ligand240-0
39,PAGVEA__ligand3070-0
40,PAGVEA__ligand3035-0
41,PAGVEA__ligand9176-0
42,PAGVEA__ligand3852-0
43,PAGVEA__ligand120-0
44,PAGVEA__ligand3478-0
45,PAGVEA__ligand5758-0
46,PAGVEA__ligand384-0
47,PAGVEA__ligand7456-0
48,PAGVEA__ligand1818-0
49,PAGVEA__ligand1907-0
50,PAGVEA__ligand797-0
51,PAGVEA__ligand4423-0
52,PAGVEA__ligand3890-0
53,PAGVEA__ligand7630-0
54,PAGVEA__ligand1555-0
55,PAGVEA__ligand1285-0
56,PAGVEA__ligand757-0
57,PAGVEA__ligand67-0
58,PAGVEA__ligand7550-0
59,PAGVEA__ligand2954-0
60,PAGVEA__ligand5093-0
61,PAGVEA__ligand2253-0
62,PAGVEA__ligand1160-0
63,PAGVEA__ligand1038-0
64,PAGVEA__ligand2762-0
65,PAGVEA__ligand571-0
66,PAGVEA__ligand8032-0
67,PAGVEA__ligand670-0
68,PAGVEA__ligand1858-0
69,PAGVEA__ligand118-0
70,PAGVEA__ligand2315-0
71,PAGVEA__ligand509-0
72,PAGVEA__ligand4504-0
73,PAGVEA__ligand3051-0
74,PAGVEA__ligand2480-0
75,PAGVEA__ligand1898-0
76,PAGVEA__ligand5334-0
77,PAGVEA__ligand2389-0
78,PAGVEA__ligand669-0
79,PAGVEA__ligand1919-0
80,PAGVEA__ligand358-0
81,PAGVEA__ligand430-0
82,PAGVEA__ligand365-0
83,PAGVEA__ligand2916-0
84,PAGVEA__ligand2110-0
85,PAGVEA__ligand3579-0
86,PAGVEA__ligand1712-0
87,PAGVEA__ligand18-0
88,PAGVEA__ligand278-0
89,PAGVEA__ligand6430-0
90,PAGVEA__ligand1299-0
91,PAGVEA__ligand1221-0
92,PAGVEA__ligand1264-0
93,PAGVEA__ligand1379-0
94,PAGVEA__ligand2376-0
95,PAGVEA__ligand62-0
96,PAGVEA__ligand2929-0
97,PAGVEA__ligand11730-0
98,PAGVEA__ligand226-0
99,PAGVEA__ligand1325-0
100,PAGVEA__ligand2482-0
101,PAGVEA__ligand162-0
102,PAGVEA__ligand6571-0
103,PAGVEA__ligand8-0
104,PAGVEA__ligand383-0
105,PAGVEA__ligand7414-0
106,PAGVEA__ligand5762-0
107,PAGVEA__ligand1104-0
108,PAGVEA__ligand2442-0
109,PAGVEA__ligand1019-0
110,PAGVEA__ligand86-0
111,PAGVEA__ligand838-0
112,PAGVEA__ligand3566-0
113,PAGVEA__ligand1178-0
114,PAGVEA__ligand166-0
115,PAGVEA__ligand1321-0
116,PAGVEA__ligand1788-0
117,PAGVEA__ligand532-0
118,PAGVEA__ligand918-0
119,PAGVEA__ligand633-0
120,PAGVEA__ligand497-0
121,PAGVEA__ligand283-0
122,PAGVEA__ligand553-0
123,PAGVEA__ligand1260-0
124,PAGVEA__ligand4894-0
125,PAGVEA__ligand326-0
126,PAGVEA__ligand9620-0
127,PAGVEA__ligand821-0
128,PAGVEA__ligand4811-0
129,PAGVEA__ligand1449-1
130,PAGVEA__ligand436-0
131,PAGVEA__ligand66-0
132,PAGVEA__ligand206-0
133,PAGVEA__ligand3337-0
134,PAGVEA__ligand7514-0
135,PAGVEA__ligand142-0
136,PAGVEA__ligand140-0
137,PAGVEA__ligand105-0
138,PAGVEA__ligand21-0
139,PAGVEA__ligand1307-0
140,PAGVEA__ligand324-0
141,PAGVEA__ligand361-0
142,PAGVEA__ligand409-0
143,PAGVEA__ligand575-0
144,PAGVEA__ligand38-0
145,PAGVEA__ligand6166-0
146,PAGVEA__ligand1246-0
147,PAGVEA__ligand5089-0
148,PAGVEA__ligand2599-0
149,PAGVEA__ligand3853-0
150,PAGVEA__ligand199-0
151,PAGVEA__ligand2853-0
152,PAGVEA__ligand40-0
153,PAGVEA__ligand927-0
154,PAGVEA__ligand331-0
155,PAGVEA__ligand2907-0
156,PAGVEA__ligand993-0
157,PAGVEA__ligand1703-0
158,PAGVEA__ligand2430-0
159,PAGVEA__ligand294-0
160,PAGVEA__ligand916-0
161,PAGVEA__ligand584-0
162,PAGVEA__ligand2320-0
163,PAGVEA__ligand1056-0
164,PAGVEA__ligand34-0
165,PAGVEA__ligand2862-0
166,PAGVEA__ligand2285-0
167,PAGVEA__ligand1567-0
168,PAGVEA__ligand798-0
169,PAGVEA__ligand421-0
170,PAGVEA__ligand8921-0
171,PAGVEA__ligand2510-0
172,PAGVEA__ligand235-0
173,PAGVEA__ligand55-0
174,PAGVEA__ligand134-0
175,PAGVEA__ligand932-0
176,PAGVEA__ligand390-0
177,PAGVEA__ligand1607-0
178,PAGVEA__ligand1152-0
179,PAGVEA__ligand95-0
180,PAGVEA__ligand1727-0
181,PAGVEA__ligand109-0
182,PAGVEA__ligand525-0
183,PAGVEA__ligand560-0
184,PAGVEA__ligand783-0
185,PAGVEA__ligand352-0
186,PAGVEA__ligand136-0
187,PAGVEA__ligand57-0
188,PAGVEA__ligand8774-0
189,PAGVEA__ligand3637-0
190,PAGVEA__ligand442-0
191,PAGVEA__ligand868-0
192,PAGVEA__ligand6294-0
193,PAGVEA__ligand73-0
194,PAGVEA__ligand1054-0
195,PAGVEA__ligand112-0
196,PAGVEA__ligand1598-0
197,PAGVEA__ligand1248-0
198,PAGVEA__ligand4303-0
199,PAGVEA__ligand7464-0
200,PAGVEA__ligand296-0
201,PAGVEA__ligand197-0
202,PAGVEA__ligand955-0
203,PAGVEA__ligand2864-0
204,PAGVEA__ligand32-0
205,PAGVEA__ligand252-0
206,PAGVEA__ligand9495-0
207,PAGVEA__ligand193-0
208,PAGVEA__ligand6151-0
209,PAGVEA__ligand2772-0
210,PAGVEA__ligand4-0
211,PAGVEA__ligand6538-0
212,PAGVEA__ligand830-0
213,PAGVEA__ligand2142-0
214,PAGVEA__ligand909-0
215,PAGVEA__ligand5941-0
216,PAGVEA__ligand2880-0
217,PAGVEA__ligand2838-0
218,PAGVEA__ligand1799-0
219,PAGVEA__ligand3838-0
220,PAGVEA__ligand851-0
221,PAGVEA__ligand5022-0
222,PAGVEA__ligand1169-0
223,PAGVEA__ligand177-0
224,PAGVEA__ligand934-0
225,PAGVEA__ligand444-0
226,PAGVEA__ligand1502-0
227,PAGVEA__ligand369-0
228,PAGVEA__ligand2345-0
229,PAGVEA__ligand2794-0
230,PAGVEA__ligand1835-0
231,PAGVEA__ligand188-0
232,PAGVEA__ligand4983-0
233,PAGVEA__ligand51-0
234,PAGVEA__ligand9027-0
235,PAGVEA__ligand29-0
236,PAGVEA__ligand91-0
237,PAGVEA__ligand1113-0
238,PAGVEA__ligand2265-0
239,PAGVEA__ligand10357-0
240,PAGVEA__ligand6396-0
241,PAGVEA__ligand15630-0
242,PAGVEA__ligand311-0
243,PAGVEA__ligand6-0
244,PAGVEA__ligand48-0
245,PAGVEA__ligand370-0
246,PAGVEA__ligand1273-0
247,PAGVEA__ligand460-0
248,PAGVEA__ligand250-0
249,PAGVEA__ligand1052-0
250,PAGVEA__ligand1228-0
251,PAGVEA__ligand9244-0
252,PAGVEA__ligand236-0
253,PAGVEA__ligand1114-0
254,PAGVEA__ligand1538-0
255,PAGVEA__ligand353-0
256,PAGVEA__ligand1-0
257,PAGVEA__ligand196-0
258,PAGVEA__ligand502-0
259,PAGVEA__ligand3246-0
260,PAGVEA__ligand1148-0
261,PAGVEA__ligand422-0
262,PAGVEA__ligand1479-0
263,PAGVEA__ligand113-0
264,PAGVEA__ligand3178-0
265,PAGVEA__ligand6332-0
266,PAGVEA__ligand2098-0
267,PAGVEA__ligand6502-0
268,PAGVEA__ligand210-0
269,PAGVEA__ligand2863-0
270,PAGVEA__ligand7915-0
271,PAGVEA__ligand5548-0
272,PAGVEA__ligand6686-0
273,PAGVEA__ligand1747-0
274,PAGVEA__ligand3-0
275,PAGVEA__ligand3145-0
276,PAGVEA__ligand2751-0
277,PAGVEA__ligand314-0
278,PAGVEA__ligand481-0
279,PAGVEA__ligand391-0
280,PAGVEA__ligand2634-0
281,PAGVEA__ligand1542-0
282,PAGVEA__ligand3041-0
283,PAGVEA__ligand11-0
284,PAGVEA__ligand170-0
285,PAGVEA__ligand1951-0
286,PAGVEA__ligand14530-0
287,PAGVEA__ligand485-0
288,PAGVEA__ligand1687-0
289,PAGVEA__ligand784-0
290,PAGVEA__ligand355-0
291,PAGVEA__ligand6277-0
292,PAGVEA__ligand1376-0
293,PAGVEA__ligand2768-0
294,PAGVEA__ligand2688-0
295,PAGVEA__ligand2259-0
296,PAGVEA__ligand10910-0
297,PAGVEA__ligand115-0
298,PAGVEA__ligand89-0
299,PAGVEA__ligand2629-0
300,PAGVEA__ligand4381-0
301,PAGVEA__ligand1706-0
302,PAGVEA__ligand291-0
303,PAGVEA__ligand3734-0
304,PAGVEA__ligand49-0
305,PAGVEA__ligand1171-0
306,PAGVEA__ligand3063-0
307,PAGVEA__ligand10114-0
308,PAGVEA__ligand682-0
309,PAGVEA__ligand1438-0
310,PAGVEA__ligand5801-0
311,PAGVEA__ligand1459-0
312,PAGVEA__ligand17-0
313,PAGVEA__ligand133-0
314,PAGVEA__ligand1544-0
315,PAGVEA__ligand447-0
316,PAGVEA__ligand1685-0
317,PAGVEA__ligand487-0
318,PAGVEA__ligand10479-0
319,PAGVEA__ligand2087-0
320,PAGVEA__ligand666-0
321,PAGVEA__ligand92-0
322,PAGVEA__ligand1048-0
323,PAGVEA__ligand3757-0
324,PAGVEA__ligand522-0
