,TMC
0,OYEYIB__ligand3196-0
1,OYEYIB__ligand4012-0
2,OYEYIB__ligand383-0
3,OYEYIB__ligand162-0
4,OYEYIB__ligand2915-0
5,OYEYIB__ligand226-0
6,OYEYIB__ligand2707-0
7,OYEYIB__ligand1690-0
8,OYEYIB__ligand2526-0
9,OYEYIB__ligand1551-0
10,OYEYIB__ligand67-0
11,OYEYIB__ligand4370-0
12,OYEYIB__ligand278-0
13,OYEYIB__ligand365-0
14,OYEYIB__ligand430-0
15,OYEYIB__ligand1436-0
16,OYEYIB__ligand358-0
17,OYEYIB__ligand669-0
18,OYEYIB__ligand2618-0
19,OYEYIB__ligand3618-0
20,OYEYIB__ligand4175-0
21,OYEYIB__ligand509-0
22,OYEYIB__ligand2255-0
23,OYEYIB__ligand118-0
24,OYEYIB__ligand1918-0
25,OYEYIB__ligand670-0
26,OYEYIB__ligand571-0
27,OYEYIB__ligand927-0
28,OYEYIB__ligand3251-0
29,OYEYIB__ligand199-0
30,OYEYIB__ligand6143-0
31,OYEYIB__ligand85-0
32,OYEYIB__ligand5235-0
33,OYEYIB__ligand78-0
34,OYEYIB__ligand4619-0
35,OYEYIB__ligand1493-0
36,OYEYIB__ligand45-0
37,OYEYIB__ligand2718-0
38,OYEYIB__ligand3035-0
39,OYEYIB__ligand3070-0
40,OYEYIB__ligand9176-0
41,OYEYIB__ligand575-0
42,OYEYIB__ligand3852-0
43,OYEYIB__ligand409-0
44,OYEYIB__ligand361-0
45,OYEYIB__ligand324-0
46,OYEYIB__ligand3478-0
47,OYEYIB__ligand5758-0
48,OYEYIB__ligand7456-0
49,OYEYIB__ligand105-0
50,OYEYIB__ligand140-0
51,OYEYIB__ligand1818-0
52,OYEYIB__ligand142-0
53,OYEYIB__ligand1907-0
54,OYEYIB__ligand206-0
55,OYEYIB__ligand4423-0
56,OYEYIB__ligand436-0
57,OYEYIB__ligand3890-0
58,OYEYIB__ligand821-0
59,OYEYIB__ligand326-0
60,OYEYIB__ligand7630-0
61,OYEYIB__ligand1555-0
62,OYEYIB__ligand553-0
63,OYEYIB__ligand1285-0
64,OYEYIB__ligand283-0
65,OYEYIB__ligand7550-0
66,OYEYIB__ligand497-0
67,OYEYIB__ligand633-0
68,OYEYIB__ligand918-0
69,OYEYIB__ligand532-0
70,OYEYIB__ligand5093-0
71,OYEYIB__ligand2954-0
72,OYEYIB__ligand1160-0
73,OYEYIB__ligand2253-0
74,OYEYIB__ligand166-0
75,OYEYIB__ligand1038-0
76,OYEYIB__ligand838-0
77,OYEYIB__ligand2762-0
78,OYEYIB__ligand100-0
79,OYEYIB__ligand244-0
80,OYEYIB__ligand201-0
81,OYEYIB__ligand8032-0
82,OYEYIB__ligand1858-0
83,OYEYIB__ligand2315-0
84,OYEYIB__ligand21-0
85,OYEYIB__ligand2480-0
86,OYEYIB__ligand3051-0
87,OYEYIB__ligand4504-0
88,OYEYIB__ligand321-0
89,OYEYIB__ligand1898-0
90,OYEYIB__ligand5334-0
91,OYEYIB__ligand279-0
92,OYEYIB__ligand178-0
93,OYEYIB__ligand2389-0
94,OYEYIB__ligand40-0
95,OYEYIB__ligand119-0
96,OYEYIB__ligand1919-0
97,OYEYIB__ligand2110-0
98,OYEYIB__ligand2916-0
99,OYEYIB__ligand3579-0
100,OYEYIB__ligand124-0
101,OYEYIB__ligand1712-0
102,OYEYIB__ligand38-0
103,OYEYIB__ligand6430-0
104,OYEYIB__ligand126-0
105,OYEYIB__ligand1299-0
106,OYEYIB__ligand1264-0
107,OYEYIB__ligand1221-0
108,OYEYIB__ligand1379-0
109,OYEYIB__ligand2376-0
110,OYEYIB__ligand2929-0
111,OYEYIB__ligand366-0
112,OYEYIB__ligand11730-0
113,OYEYIB__ligand2482-0
114,OYEYIB__ligand1325-0
115,OYEYIB__ligand861-0
116,OYEYIB__ligand66-0
117,OYEYIB__ligand6571-0
118,OYEYIB__ligand612-0
119,OYEYIB__ligand187-0
120,OYEYIB__ligand596-0
121,OYEYIB__ligand1104-0
122,OYEYIB__ligand7414-0
123,OYEYIB__ligand5762-0
124,OYEYIB__ligand2442-0
125,OYEYIB__ligand1019-0
126,OYEYIB__ligand3566-0
127,OYEYIB__ligand1178-0
128,OYEYIB__ligand62-0
129,OYEYIB__ligand1321-0
130,OYEYIB__ligand1788-0
131,OYEYIB__ligand757-0
132,OYEYIB__ligand86-0
133,OYEYIB__ligand1260-0
134,OYEYIB__ligand4894-0
135,OYEYIB__ligand9620-0
136,OYEYIB__ligand1449-1
137,OYEYIB__ligand4811-0
138,OYEYIB__ligand797-0
139,OYEYIB__ligand7514-0
140,OYEYIB__ligand3337-0
141,OYEYIB__ligand1307-0
142,OYEYIB__ligand384-0
143,OYEYIB__ligand120-0
144,OYEYIB__ligand8-0
145,OYEYIB__ligand18-0
146,OYEYIB__ligand6166-0
147,OYEYIB__ligand1246-0
148,OYEYIB__ligand240-0
149,OYEYIB__ligand141-0
150,OYEYIB__ligand5089-0
151,OYEYIB__ligand2599-0
152,OYEYIB__ligand2853-0
153,OYEYIB__ligand3853-0
154,OYEYIB__ligand170-0
155,OYEYIB__ligand2907-0
156,OYEYIB__ligand91-0
157,OYEYIB__ligand2430-0
158,OYEYIB__ligand1703-0
159,OYEYIB__ligand391-0
160,OYEYIB__ligand29-0
161,OYEYIB__ligand481-0
162,OYEYIB__ligand1056-0
163,OYEYIB__ligand51-0
164,OYEYIB__ligand2320-0
165,OYEYIB__ligand314-0
166,OYEYIB__ligand2862-0
167,OYEYIB__ligand1567-0
168,OYEYIB__ligand2285-0
169,OYEYIB__ligand8921-0
170,OYEYIB__ligand2510-0
171,OYEYIB__ligand1607-0
172,OYEYIB__ligand4-0
173,OYEYIB__ligand210-0
174,OYEYIB__ligand1152-0
175,OYEYIB__ligand48-0
176,OYEYIB__ligand1727-0
177,OYEYIB__ligand113-0
178,OYEYIB__ligand422-0
179,OYEYIB__ligand32-0
180,OYEYIB__ligand8774-0
181,OYEYIB__ligand3637-0
182,OYEYIB__ligand6-0
183,OYEYIB__ligand502-0
184,OYEYIB__ligand196-0
185,OYEYIB__ligand6294-0
186,OYEYIB__ligand353-0
187,OYEYIB__ligand1054-0
188,OYEYIB__ligand1598-0
189,OYEYIB__ligand1248-0
190,OYEYIB__ligand4303-0
191,OYEYIB__ligand236-0
192,OYEYIB__ligand7464-0
193,OYEYIB__ligand522-0
194,OYEYIB__ligand666-0
195,OYEYIB__ligand57-0
196,OYEYIB__ligand487-0
197,OYEYIB__ligand2864-0
198,OYEYIB__ligand447-0
199,OYEYIB__ligand9495-0
200,OYEYIB__ligand2772-0
201,OYEYIB__ligand6151-0
202,OYEYIB__ligand6538-0
203,OYEYIB__ligand133-0
204,OYEYIB__ligand2142-0
205,OYEYIB__ligand5941-0
206,OYEYIB__ligand2880-0
207,OYEYIB__ligand3838-0
208,OYEYIB__ligand1799-0
209,OYEYIB__ligand2838-0
210,OYEYIB__ligand682-0
211,OYEYIB__ligand5022-0
212,OYEYIB__ligand1169-0
213,OYEYIB__ligand73-0
214,OYEYIB__ligand1502-0
215,OYEYIB__ligand291-0
216,OYEYIB__ligand1835-0
217,OYEYIB__ligand34-0
218,OYEYIB__ligand2345-0
219,OYEYIB__ligand2794-0
220,OYEYIB__ligand4983-0
221,OYEYIB__ligand9027-0
222,OYEYIB__ligand2265-0
223,OYEYIB__ligand1113-0
224,OYEYIB__ligand115-0
225,OYEYIB__ligand6396-0
226,OYEYIB__ligand10357-0
227,OYEYIB__ligand95-0
228,OYEYIB__ligand15630-0
229,OYEYIB__ligand1273-0
230,OYEYIB__ligand784-0
231,OYEYIB__ligand355-0
232,OYEYIB__ligand485-0
233,OYEYIB__ligand1052-0
234,OYEYIB__ligand55-0
235,OYEYIB__ligand197-0
236,OYEYIB__ligand1228-0
237,OYEYIB__ligand296-0
238,OYEYIB__ligand9244-0
239,OYEYIB__ligand112-0
240,OYEYIB__ligand1114-0
241,OYEYIB__ligand1538-0
242,OYEYIB__ligand868-0
243,OYEYIB__ligand442-0
244,OYEYIB__ligand92-0
245,OYEYIB__ligand3246-0
246,OYEYIB__ligand136-0
247,OYEYIB__ligand1148-0
248,OYEYIB__ligand1479-0
249,OYEYIB__ligand783-0
250,OYEYIB__ligand352-0
251,OYEYIB__ligand17-0
252,OYEYIB__ligand3178-0
253,OYEYIB__ligand560-0
254,OYEYIB__ligand525-0
255,OYEYIB__ligand109-0
256,OYEYIB__ligand6332-0
257,OYEYIB__ligand2098-0
258,OYEYIB__ligand6502-0
259,OYEYIB__ligand2863-0
260,OYEYIB__ligand7915-0
261,OYEYIB__ligand5548-0
262,OYEYIB__ligand6686-0
263,OYEYIB__ligand1747-0
264,OYEYIB__ligand390-0
265,OYEYIB__ligand932-0
266,OYEYIB__ligand134-0
267,OYEYIB__ligand235-0
268,OYEYIB__ligand3145-0
269,OYEYIB__ligand49-0
270,OYEYIB__ligand421-0
271,OYEYIB__ligand2751-0
272,OYEYIB__ligand798-0
273,OYEYIB__ligand916-0
274,OYEYIB__ligand584-0
275,OYEYIB__ligand294-0
276,OYEYIB__ligand993-0
277,OYEYIB__ligand1542-0
278,OYEYIB__ligand2634-0
279,OYEYIB__ligand3041-0
280,OYEYIB__ligand331-0
281,OYEYIB__ligand89-0
282,OYEYIB__ligand1951-0
283,OYEYIB__ligand1687-0
284,OYEYIB__ligand250-0
285,OYEYIB__ligand460-0
286,OYEYIB__ligand6277-0
287,OYEYIB__ligand1376-0
288,OYEYIB__ligand2768-0
289,OYEYIB__ligand370-0
290,OYEYIB__ligand10910-0
291,OYEYIB__ligand1-0
292,OYEYIB__ligand2688-0
293,OYEYIB__ligand2259-0
294,OYEYIB__ligand311-0
295,OYEYIB__ligand11-0
296,OYEYIB__ligand2629-0
297,OYEYIB__ligand188-0
298,OYEYIB__ligand4381-0
299,OYEYIB__ligand1706-0
300,OYEYIB__ligand14530-0
301,OYEYIB__ligand369-0
302,OYEYIB__ligand3734-0
303,OYEYIB__ligand444-0
304,OYEYIB__ligand1171-0
305,OYEYIB__ligand934-0
306,OYEYIB__ligand177-0
307,OYEYIB__ligand10479-0
308,OYEYIB__ligand851-0
309,OYEYIB__ligand3063-0
310,OYEYIB__ligand1438-0
311,OYEYIB__ligand909-0
312,OYEYIB__ligand5801-0
313,OYEYIB__ligand1459-0
314,OYEYIB__ligand830-0
315,OYEYIB__ligand1544-0
316,OYEYIB__ligand10114-0
317,OYEYIB__ligand193-0
318,OYEYIB__ligand3-0
319,OYEYIB__ligand252-0
320,OYEYIB__ligand1685-0
321,OYEYIB__ligand955-0
322,OYEYIB__ligand2087-0
323,OYEYIB__ligand1048-0
324,OYEYIB__ligand3757-0
