,TMC
0,OGIDAK__ligand4649-0
1,OGIDAK__ligand2788-0
2,OGIDAK__ligand5649-0
3,OGIDAK__ligand8793-0
4,OGIDAK__ligand17445-0
5,OGIDAK__ligand14477-0
6,OGIDAK__ligand314-1
7,OGIDAK__ligand17069-0
8,OGIDAK__ligand2906-0
9,OGIDAK__ligand11798-0
10,OGIDAK__ligand20731-0
11,OGIDAK__ligand3244-0
12,OGIDAK__ligand4711-0
13,OGIDAK__ligand29334-0
14,OGIDAK__ligand12413-0
15,OGIDAK__ligand4807-0
16,OGIDAK__ligand11758-0
17,OGIDAK__ligand465-0
18,OGIDAK__ligand22357-0
19,OGIDAK__ligand21448-0
20,OGIDAK__ligand3178-0
21,OGIDAK__ligand1356-0
22,OGIDAK__ligand1787-0
23,OGIDAK__ligand5530-0
24,OGIDAK__ligand11501-0
25,OGIDAK__ligand9753-0
26,OGIDAK__ligand11544-0
27,OGIDAK__ligand7196-0
28,OGIDAK__ligand5159-0
29,OGIDAK__ligand29214-0
30,OGIDAK__ligand6017-0
31,OGIDAK__ligand391-0
32,OGIDAK__ligand7316-0
33,OGIDAK__ligand27550-0
34,OGIDAK__ligand5708-0
35,OGIDAK__ligand14007-0
36,OGIDAK__ligand18019-1
37,OGIDAK__ligand618-0
38,OGIDAK__ligand5180-0
39,OGIDAK__ligand7172-0
40,OGIDAK__ligand27771-0
41,OGIDAK__ligand18158-0
42,OGIDAK__ligand7273-0
43,OGIDAK__ligand23682-0
44,OGIDAK__ligand29565-0
45,OGIDAK__ligand9323-0
46,OGIDAK__ligand2260-0
47,OGIDAK__ligand314-0
48,OGIDAK__ligand780-0
49,OGIDAK__ligand7092-0
50,OGIDAK__ligand1116-0
51,OGIDAK__ligand1153-0
52,OGIDAK__ligand3225-0
53,OGIDAK__ligand21339-0
54,OGIDAK__ligand14226-0
55,OGIDAK__ligand16956-0
56,OGIDAK__ligand20942-1
57,OGIDAK__ligand8612-0
58,OGIDAK__ligand2124-0
59,OGIDAK__ligand813-0
60,OGIDAK__ligand13691-0
61,OGIDAK__ligand30788-0
62,OGIDAK__ligand2417-0
63,OGIDAK__ligand14339-0
64,OGIDAK__ligand3126-0
65,OGIDAK__ligand6391-0
66,OGIDAK__ligand9284-0
67,OGIDAK__ligand353-0
68,OGIDAK__ligand1114-0
69,OGIDAK__ligand21752-0
70,OGIDAK__ligand24624-0
71,OGIDAK__ligand1604-0
72,OGIDAK__ligand18413-0
73,OGIDAK__ligand20844-0
74,OGIDAK__ligand9943-0
75,OGIDAK__ligand1228-0
76,OGIDAK__ligand24560-0
77,OGIDAK__ligand393-0
78,OGIDAK__ligand18757-0
79,OGIDAK__ligand2043-0
80,OGIDAK__ligand1832-0
81,OGIDAK__ligand8788-0
82,OGIDAK__ligand2612-0
83,OGIDAK__ligand422-0
84,OGIDAK__ligand1599-0
85,OGIDAK__ligand9450-0
86,OGIDAK__ligand686-0
87,OGIDAK__ligand30004-0
88,OGIDAK__ligand20557-0
89,OGIDAK__ligand196-0
90,OGIDAK__ligand21940-0
91,OGIDAK__ligand25048-0
92,OGIDAK__ligand1289-0
93,OGIDAK__ligand5387-0
94,OGIDAK__ligand2203-0
95,OGIDAK__ligand24953-0
96,OGIDAK__ligand23445-0
97,OGIDAK__ligand13755-0
98,OGIDAK__ligand16133-0
99,OGIDAK__ligand18-0
100,OGIDAK__ligand20432-0
101,OGIDAK__ligand27122-0
102,OGIDAK__ligand31000-0
103,OGIDAK__ligand7291-0
104,OGIDAK__ligand152-0
105,OGIDAK__ligand9883-0
106,OGIDAK__ligand11606-0
107,OGIDAK__ligand3677-1
108,OGIDAK__ligand4007-0
109,OGIDAK__ligand20821-0
110,OGIDAK__ligand2985-0
111,OGIDAK__ligand26673-0
112,OGIDAK__ligand9299-0
113,OGIDAK__ligand3-0
114,OGIDAK__ligand18067-0
115,OGIDAK__ligand3945-0
116,OGIDAK__ligand19824-0
117,OGIDAK__ligand2693-0
118,OGIDAK__ligand5383-0
119,OGIDAK__ligand506-0
120,OGIDAK__ligand13260-0
121,OGIDAK__ligand9344-0
122,OGIDAK__ligand10582-0
123,OGIDAK__ligand3736-0
124,OGIDAK__ligand11252-0
125,OGIDAK__ligand8000-0
126,OGIDAK__ligand6892-0
127,OGIDAK__ligand31205-0
128,OGIDAK__ligand17686-0
129,OGIDAK__ligand25658-0
130,OGIDAK__ligand38-0
131,OGIDAK__ligand487-0
132,OGIDAK__ligand1211-0
133,OGIDAK__ligand15455-0
134,OGIDAK__ligand3712-0
135,OGIDAK__ligand1464-0
136,OGIDAK__ligand11177-0
137,OGIDAK__ligand1499-0
138,OGIDAK__ligand2881-0
139,OGIDAK__ligand11622-0
140,OGIDAK__ligand6699-0
141,OGIDAK__ligand176-0
142,OGIDAK__ligand16870-0
143,OGIDAK__ligand16603-0
144,OGIDAK__ligand3677-0
145,OGIDAK__ligand3632-0
146,OGIDAK__ligand746-0
147,OGIDAK__ligand11814-0
148,OGIDAK__ligand1168-0
149,OGIDAK__ligand1294-0
150,OGIDAK__ligand447-0
151,OGIDAK__ligand14347-0
152,OGIDAK__ligand13657-0
153,OGIDAK__ligand9773-0
154,OGIDAK__ligand14302-0
155,OGIDAK__ligand1376-0
156,OGIDAK__ligand11698-0
157,OGIDAK__ligand5510-0
158,OGIDAK__ligand20530-0
159,OGIDAK__ligand24851-0
160,OGIDAK__ligand1296-0
161,OGIDAK__ligand368-0
162,OGIDAK__ligand10853-0
163,OGIDAK__ligand2259-0
164,OGIDAK__ligand29441-0
165,OGIDAK__ligand11479-0
166,OGIDAK__ligand1197-0
167,OGIDAK__ligand395-0
168,OGIDAK__ligand10479-0
169,OGIDAK__ligand27610-0
170,OGIDAK__ligand8592-0
171,OGIDAK__ligand42-0
172,OGIDAK__ligand5099-0
173,OGIDAK__ligand29813-0
174,OGIDAK__ligand4358-0
175,OGIDAK__ligand16952-0
176,OGIDAK__ligand3926-0
177,OGIDAK__ligand3120-0
178,OGIDAK__ligand2221-0
179,OGIDAK__ligand784-0
180,OGIDAK__ligand20121-0
181,OGIDAK__ligand5595-0
182,OGIDAK__ligand4101-0
183,OGIDAK__ligand15387-0
184,OGIDAK__ligand20220-0
185,OGIDAK__ligand5080-0
186,OGIDAK__ligand7762-0
187,OGIDAK__ligand833-0
188,OGIDAK__ligand8002-0
189,OGIDAK__ligand5509-0
190,OGIDAK__ligand6117-0
191,OGIDAK__ligand1407-0
192,OGIDAK__ligand10151-0
193,OGIDAK__ligand3867-0
194,OGIDAK__ligand19906-0
195,OGIDAK__ligand1317-0
196,OGIDAK__ligand7293-0
197,OGIDAK__ligand2822-0
198,OGIDAK__ligand115-0
199,OGIDAK__ligand19668-0
200,OGIDAK__ligand1-0
201,OGIDAK__ligand66-0
202,OGIDAK__ligand9167-0
203,OGIDAK__ligand5304-0
204,OGIDAK__ligand2238-0
205,OGIDAK__ligand22353-0
206,OGIDAK__ligand3042-0
207,OGIDAK__ligand24780-0
208,OGIDAK__ligand12138-0
209,OGIDAK__ligand22129-0
210,OGIDAK__ligand11949-0
211,OGIDAK__ligand8200-0
212,OGIDAK__ligand7438-0
213,OGIDAK__ligand4063-0
214,OGIDAK__ligand868-0
215,OGIDAK__ligand45-0
216,OGIDAK__ligand25561-0
217,OGIDAK__ligand78-0
218,OGIDAK__ligand1539-0
219,OGIDAK__ligand29486-0
220,OGIDAK__ligand352-0
221,OGIDAK__ligand783-0
222,OGIDAK__ligand1150-0
223,OGIDAK__ligand31694-0
224,OGIDAK__ligand17427-0
225,OGIDAK__ligand3453-0
226,OGIDAK__ligand3416-0
227,OGIDAK__ligand4207-0
228,OGIDAK__ligand1288-0
229,OGIDAK__ligand22444-0
230,OGIDAK__ligand24111-0
231,OGIDAK__ligand13385-0
232,OGIDAK__ligand19-0
233,OGIDAK__ligand14569-0
234,OGIDAK__ligand15788-0
235,OGIDAK__ligand1400-0
236,OGIDAK__ligand4266-0
237,OGIDAK__ligand23175-0
238,OGIDAK__ligand9491-0
239,OGIDAK__ligand17396-0
240,OGIDAK__ligand197-0
241,OGIDAK__ligand4167-0
242,OGIDAK__ligand13220-0
243,OGIDAK__ligand11587-0
244,OGIDAK__ligand1779-0
245,OGIDAK__ligand6993-0
246,OGIDAK__ligand24872-0
247,OGIDAK__ligand1817-0
248,OGIDAK__ligand30728-0
249,OGIDAK__ligand9750-0
250,OGIDAK__ligand27840-0
251,OGIDAK__ligand7075-0
252,OGIDAK__ligand12001-0
253,OGIDAK__ligand24-0
254,OGIDAK__ligand3980-0
255,OGIDAK__ligand24644-0
256,OGIDAK__ligand3557-0
257,OGIDAK__ligand10033-0
258,OGIDAK__ligand1149-0
259,OGIDAK__ligand1786-0
260,OGIDAK__ligand5630-0
261,OGIDAK__ligand685-0
262,OGIDAK__ligand29215-0
263,OGIDAK__ligand10872-0
264,OGIDAK__ligand21399-0
265,OGIDAK__ligand1908-0
266,OGIDAK__ligand421-0
267,OGIDAK__ligand12003-0
268,OGIDAK__ligand4-0
269,OGIDAK__ligand16148-0
270,OGIDAK__ligand26631-0
271,OGIDAK__ligand4795-0
272,OGIDAK__ligand3285-0
273,OGIDAK__ligand5085-0
274,OGIDAK__ligand3144-0
275,OGIDAK__ligand5755-0
276,OGIDAK__ligand22403-0
277,OGIDAK__ligand4710-0
278,OGIDAK__ligand1828-0
279,OGIDAK__ligand11111-0
280,OGIDAK__ligand28540-0
281,OGIDAK__ligand7213-0
282,OGIDAK__ligand1397-0
283,OGIDAK__ligand16369-0
284,OGIDAK__ligand8042-0
285,OGIDAK__ligand20695-0
286,OGIDAK__ligand27754-0
287,OGIDAK__ligand294-0
288,OGIDAK__ligand6112-0
289,OGIDAK__ligand26529-0
290,OGIDAK__ligand5019-0
291,OGIDAK__ligand1152-0
292,OGIDAK__ligand3261-0
293,OGIDAK__ligand1216-0
294,OGIDAK__ligand560-0
295,OGIDAK__ligand11618-0
296,OGIDAK__ligand1849-0
297,OGIDAK__ligand14043-0
298,OGIDAK__ligand26324-0
299,OGIDAK__ligand1831-0
300,OGIDAK__ligand235-0
301,OGIDAK__ligand28559-0
302,OGIDAK__ligand5280-0
303,OGIDAK__ligand5614-0
304,OGIDAK__ligand6663-0
305,OGIDAK__ligand19927-0
306,OGIDAK__ligand134-0
307,OGIDAK__ligand5515-0
308,OGIDAK__ligand27239-0
309,OGIDAK__ligand21729-0
310,OGIDAK__ligand564-0
311,OGIDAK__ligand620-0
312,OGIDAK__ligand5201-0
313,OGIDAK__ligand370-1
314,OGIDAK__ligand27669-0
315,OGIDAK__ligand30142-0
316,OGIDAK__ligand13477-0
317,OGIDAK__ligand14167-0
318,OGIDAK__ligand8553-0
319,OGIDAK__ligand479-0
320,OGIDAK__ligand785-0
321,OGIDAK__ligand311-0
322,OGIDAK__ligand1113-0
323,OGIDAK__ligand29029-0
324,OGIDAK__ligand27285-0
325,OGIDAK__ligand43-0
326,OGIDAK__ligand8593-0
327,OGIDAK__ligand9944-0
328,OGIDAK__ligand2001-0
329,OGIDAK__ligand188-0
330,OGIDAK__ligand23197-0
331,OGIDAK__ligand7566-0
332,OGIDAK__ligand67-0
333,OGIDAK__ligand10371-0
334,OGIDAK__ligand4340-0
335,OGIDAK__ligand2281-0
336,OGIDAK__ligand2650-0
337,OGIDAK__ligand3180-0
338,OGIDAK__ligand6995-0
339,OGIDAK__ligand250-0
340,OGIDAK__ligand18568-0
341,OGIDAK__ligand28685-0
342,OGIDAK__ligand2823-0
343,OGIDAK__ligand13672-0
344,OGIDAK__ligand3471-0
345,OGIDAK__ligand4161-0
346,OGIDAK__ligand19184-0
347,OGIDAK__ligand4124-0
348,OGIDAK__ligand370-0
349,OGIDAK__ligand28459-0
350,OGIDAK__ligand12453-0
351,OGIDAK__ligand18448-0
352,OGIDAK__ligand5415-0
353,OGIDAK__ligand193-0
354,OGIDAK__ligand1028-0
355,OGIDAK__ligand20207-0
356,OGIDAK__ligand30711-0
357,OGIDAK__ligand4262-0
358,OGIDAK__ligand11682-0
359,OGIDAK__ligand830-0
360,OGIDAK__ligand1618-0
361,OGIDAK__ligand372-0
362,OGIDAK__ligand25913-0
363,OGIDAK__ligand2692-0
364,OGIDAK__ligand16988-0
365,OGIDAK__ligand14614-0
366,OGIDAK__ligand16663-0
367,OGIDAK__ligand11994-0
368,OGIDAK__ligand31044-0
369,OGIDAK__ligand31842-0
370,OGIDAK__ligand116-0
371,OGIDAK__ligand2027-0
372,OGIDAK__ligand1015-0
373,OGIDAK__ligand24035-0
374,OGIDAK__ligand1050-0
375,OGIDAK__ligand252-0
376,OGIDAK__ligand28743-0
377,OGIDAK__ligand15531-0
378,OGIDAK__ligand11357-0
379,OGIDAK__ligand13862-0
380,OGIDAK__ligand12365-0
381,OGIDAK__ligand10056-0
382,OGIDAK__ligand1169-0
383,OGIDAK__ligand8529-0
384,OGIDAK__ligand21919-0
385,OGIDAK__ligand22294-0
386,OGIDAK__ligand177-0
387,OGIDAK__ligand22168-0
388,OGIDAK__ligand28930-0
389,OGIDAK__ligand909-0
390,OGIDAK__ligand15883-0
391,OGIDAK__ligand1498-0
392,OGIDAK__ligand11970-0
393,OGIDAK__ligand4596-0
394,OGIDAK__ligand10828-0
395,OGIDAK__ligand1154-0
396,OGIDAK__ligand19792-0
397,OGIDAK__ligand15926-0
398,OGIDAK__ligand24230-0
399,OGIDAK__ligand9615-0
400,OGIDAK__ligand11096-0
401,OGIDAK__ligand11447-0
402,OGIDAK__ligand28810-0
403,OGIDAK__ligand1469-0
404,OGIDAK__ligand17805-0
405,OGIDAK__ligand3871-0
406,OGIDAK__ligand1768-0
407,OGIDAK__ligand17302-0
408,OGIDAK__ligand696-0
409,OGIDAK__ligand5056-0
410,OGIDAK__ligand4850-0
411,OGIDAK__ligand25178-0
412,OGIDAK__ligand5357-0
413,OGIDAK__ligand3647-0
414,OGIDAK__ligand24185-0
415,OGIDAK__ligand1688-0
416,OGIDAK__ligand23769-0
417,OGIDAK__ligand10476-0
418,OGIDAK__ligand3157-0
419,OGIDAK__ligand13068-0
420,OGIDAK__ligand19830-0
421,OGIDAK__ligand12401-0
422,OGIDAK__ligand15585-0
423,OGIDAK__ligand9525-0
424,OGIDAK__ligand1165-0
425,OGIDAK__ligand24145-0
426,OGIDAK__ligand5935-0
427,OGIDAK__ligand12231-0
428,OGIDAK__ligand26702-0
429,OGIDAK__ligand13658-0
430,OGIDAK__ligand656-0
431,OGIDAK__ligand2722-0
432,OGIDAK__ligand18292-0
433,OGIDAK__ligand12289-0
434,OGIDAK__ligand12130-0
435,OGIDAK__ligand17387-0
436,OGIDAK__ligand1379-0
437,OGIDAK__ligand5849-0
438,OGIDAK__ligand13425-0
439,OGIDAK__ligand29302-0
440,OGIDAK__ligand19057-0
441,OGIDAK__ligand69-0
442,OGIDAK__ligand18814-0
443,OGIDAK__ligand28676-0
444,OGIDAK__ligand10262-0
445,OGIDAK__ligand3392-0
446,OGIDAK__ligand27763-0
447,OGIDAK__ligand1771-0
448,OGIDAK__ligand4911-0
449,OGIDAK__ligand8349-0
450,OGIDAK__ligand226-0
451,OGIDAK__ligand10958-0
452,OGIDAK__ligand1709-0
453,OGIDAK__ligand8464-0
454,OGIDAK__ligand162-0
455,OGIDAK__ligand12641-0
456,OGIDAK__ligand11-0
457,OGIDAK__ligand383-0
458,OGIDAK__ligand416-0
459,OGIDAK__ligand2527-0
460,OGIDAK__ligand14108-0
461,OGIDAK__ligand8722-0
462,OGIDAK__ligand12606-0
463,OGIDAK__ligand6672-0
464,OGIDAK__ligand9809-0
465,OGIDAK__ligand1327-0
466,OGIDAK__ligand30333-0
467,OGIDAK__ligand7573-0
468,OGIDAK__ligand2781-0
469,OGIDAK__ligand3350-0
470,OGIDAK__ligand26540-0
471,OGIDAK__ligand3208-0
472,OGIDAK__ligand29410-0
473,OGIDAK__ligand2208-0
474,OGIDAK__ligand12337-0
475,OGIDAK__ligand30296-0
476,OGIDAK__ligand17281-0
477,OGIDAK__ligand16628-0
478,OGIDAK__ligand12427-0
479,OGIDAK__ligand9197-0
480,OGIDAK__ligand1900-0
481,OGIDAK__ligand20740-0
482,OGIDAK__ligand28468-0
483,OGIDAK__ligand1773-0
484,OGIDAK__ligand4581-0
485,OGIDAK__ligand571-0
486,OGIDAK__ligand27460-0
487,OGIDAK__ligand534-0
488,OGIDAK__ligand2328-0
489,OGIDAK__ligand670-0
490,OGIDAK__ligand7162-0
491,OGIDAK__ligand3029-0
492,OGIDAK__ligand30988-0
493,OGIDAK__ligand23713-0
494,OGIDAK__ligand5094-0
495,OGIDAK__ligand27175-0
496,OGIDAK__ligand5892-0
497,OGIDAK__ligand18832-0
498,OGIDAK__ligand20578-0
499,OGIDAK__ligand12934-0
500,OGIDAK__ligand15422-0
501,OGIDAK__ligand19641-0
502,OGIDAK__ligand14723-0
503,OGIDAK__ligand4131-0
504,OGIDAK__ligand1712-0
505,OGIDAK__ligand27893-0
506,OGIDAK__ligand7557-0
507,OGIDAK__ligand694-0
508,OGIDAK__ligand1496-0
509,OGIDAK__ligand31783-0
510,OGIDAK__ligand13012-0
511,OGIDAK__ligand488-0
512,OGIDAK__ligand17631-0
513,OGIDAK__ligand26665-0
514,OGIDAK__ligand1533-0
515,OGIDAK__ligand14603-0
516,OGIDAK__ligand14297-0
517,OGIDAK__ligand358-0
518,OGIDAK__ligand430-0
519,OGIDAK__ligand17258-0
520,OGIDAK__ligand31097-0
521,OGIDAK__ligand21581-0
522,OGIDAK__ligand20539-0
523,OGIDAK__ligand20214-0
524,OGIDAK__ligand30702-0
525,OGIDAK__ligand7107-0
526,OGIDAK__ligand20251-0
527,OGIDAK__ligand3215-0
528,OGIDAK__ligand324-0
529,OGIDAK__ligand361-0
530,OGIDAK__ligand17261-0
531,OGIDAK__ligand409-0
532,OGIDAK__ligand14117-0
533,OGIDAK__ligand4738-0
534,OGIDAK__ligand28789-0
535,OGIDAK__ligand5813-0
536,OGIDAK__ligand4813-0
537,OGIDAK__ligand20419-0
538,OGIDAK__ligand17118-0
539,OGIDAK__ligand21371-0
540,OGIDAK__ligand6062-0
541,OGIDAK__ligand30851-0
542,OGIDAK__ligand6283-0
543,OGIDAK__ligand14889-0
544,OGIDAK__ligand29568-0
545,OGIDAK__ligand4330-0
546,OGIDAK__ligand17-0
547,OGIDAK__ligand2599-0
548,OGIDAK__ligand17278-0
549,OGIDAK__ligand20011-0
550,OGIDAK__ligand29414-0
551,OGIDAK__ligand17982-0
552,OGIDAK__ligand11675-0
553,OGIDAK__ligand20598-0
554,OGIDAK__ligand199-0
555,OGIDAK__ligand22557-0
556,OGIDAK__ligand10589-0
557,OGIDAK__ligand7532-0
558,OGIDAK__ligand24047-0
559,OGIDAK__ligand17398-0
560,OGIDAK__ligand4194-0
561,OGIDAK__ligand7925-0
562,OGIDAK__ligand2068-0
563,OGIDAK__ligand588-0
564,OGIDAK__ligand14703-0
565,OGIDAK__ligand16475-0
566,OGIDAK__ligand20251-1
567,OGIDAK__ligand1147-0
568,OGIDAK__ligand300-0
569,OGIDAK__ligand3973-0
570,OGIDAK__ligand8-0
571,OGIDAK__ligand2403-0
572,OGIDAK__ligand633-0
573,OGIDAK__ligand25411-0
574,OGIDAK__ligand3934-0
575,OGIDAK__ligand497-0
576,OGIDAK__ligand11456-0
577,OGIDAK__ligand6882-0
578,OGIDAK__ligand6455-0
579,OGIDAK__ligand10712-0
580,OGIDAK__ligand14174-0
581,OGIDAK__ligand13331-0
582,OGIDAK__ligand9681-0
583,OGIDAK__ligand28884-0
584,OGIDAK__ligand12030-0
585,OGIDAK__ligand14248-0
586,OGIDAK__ligand4332-0
587,OGIDAK__ligand29879-0
588,OGIDAK__ligand3012-0
589,OGIDAK__ligand31832-0
590,OGIDAK__ligand13294-0
591,OGIDAK__ligand1449-0
592,OGIDAK__ligand7530-0
593,OGIDAK__ligand1065-0
594,OGIDAK__ligand5316-0
595,OGIDAK__ligand89-0
596,OGIDAK__ligand436-0
597,OGIDAK__ligand5483-0
598,OGIDAK__ligand1729-0
599,OGIDAK__ligand5627-0
600,OGIDAK__ligand692-0
601,OGIDAK__ligand13208-0
602,OGIDAK__ligand27482-0
603,OGIDAK__ligand2830-0
604,OGIDAK__ligand26810-0
605,OGIDAK__ligand6946-0
606,OGIDAK__ligand1415-0
607,OGIDAK__ligand20682-0
608,OGIDAK__ligand7529-0
609,OGIDAK__ligand326-0
610,OGIDAK__ligand13390-0
611,OGIDAK__ligand9148-0
612,OGIDAK__ligand49-0
613,OGIDAK__ligand18699-0
614,OGIDAK__ligand12682-0
615,OGIDAK__ligand7126-0
616,OGIDAK__ligand2028-0
617,OGIDAK__ligand8835-0
618,OGIDAK__ligand17590-0
619,OGIDAK__ligand17240-0
620,OGIDAK__ligand3234-0
621,OGIDAK__ligand1142-0
622,OGIDAK__ligand338-0
623,OGIDAK__ligand12336-0
624,OGIDAK__ligand13072-0
625,OGIDAK__ligand57-0
626,OGIDAK__ligand4641-0
627,OGIDAK__ligand2295-0
628,OGIDAK__ligand6067-0
629,OGIDAK__ligand1577-0
630,OGIDAK__ligand19725-0
631,OGIDAK__ligand24613-0
632,OGIDAK__ligand201-0
633,OGIDAK__ligand4620-0
634,OGIDAK__ligand31483-0
635,OGIDAK__ligand10555-0
636,OGIDAK__ligand178-0
637,OGIDAK__ligand17710-0
638,OGIDAK__ligand20579-0
639,OGIDAK__ligand6102-0
640,OGIDAK__ligand11568-0
641,OGIDAK__ligand6904-0
642,OGIDAK__ligand3721-0
643,OGIDAK__ligand6596-0
644,OGIDAK__ligand279-0
645,OGIDAK__ligand3465-0
646,OGIDAK__ligand185-0
647,OGIDAK__ligand321-0
648,OGIDAK__ligand14586-0
649,OGIDAK__ligand11774-0
650,OGIDAK__ligand21421-0
651,OGIDAK__ligand2917-0
652,OGIDAK__ligand7819-0
653,OGIDAK__ligand6244-0
654,OGIDAK__ligand187-0
655,OGIDAK__ligand657-0
656,OGIDAK__ligand1378-0
657,OGIDAK__ligand10432-0
658,OGIDAK__ligand11432-0
659,OGIDAK__ligand31618-0
660,OGIDAK__ligand3156-0
661,OGIDAK__ligand22755-0
662,OGIDAK__ligand2915-0
663,OGIDAK__ligand29898-0
664,OGIDAK__ligand26277-0
665,OGIDAK__ligand366-0
666,OGIDAK__ligand15168-0
667,OGIDAK__ligand1631-0
668,OGIDAK__ligand777-0
669,OGIDAK__ligand1575-0
670,OGIDAK__ligand1530-0
671,OGIDAK__ligand9933-0
672,OGIDAK__ligand34-0
673,OGIDAK__ligand23589-0
674,OGIDAK__ligand941-0
675,OGIDAK__ligand596-0
676,OGIDAK__ligand9441-0
677,OGIDAK__ligand2332-0
678,OGIDAK__ligand24064-0
679,OGIDAK__ligand9111-0
680,OGIDAK__ligand9952-0
681,OGIDAK__ligand55-0
682,OGIDAK__ligand18703-0
683,OGIDAK__ligand29087-0
684,OGIDAK__ligand5036-0
685,OGIDAK__ligand2526-0
686,OGIDAK__ligand1615-0
687,OGIDAK__ligand5643-0
688,OGIDAK__ligand1823-0
689,OGIDAK__ligand126-0
690,OGIDAK__ligand163-0
691,OGIDAK__ligand15438-0
692,OGIDAK__ligand1324-0
693,OGIDAK__ligand28924-0
694,OGIDAK__ligand8721-0
695,OGIDAK__ligand6124-0
696,OGIDAK__ligand3707-0
697,OGIDAK__ligand7967-0
698,OGIDAK__ligand1018-0
699,OGIDAK__ligand24750-0
700,OGIDAK__ligand4116-0
701,OGIDAK__ligand8992-0
702,OGIDAK__ligand17207-0
703,OGIDAK__ligand31578-0
704,OGIDAK__ligand68-0
705,OGIDAK__ligand18013-0
706,OGIDAK__ligand845-0
707,OGIDAK__ligand25224-0
708,OGIDAK__ligand17945-0
709,OGIDAK__ligand9601-0
710,OGIDAK__ligand27835-0
711,OGIDAK__ligand122-0
712,OGIDAK__ligand4546-0
713,OGIDAK__ligand4503-0
714,OGIDAK__ligand12295-0
715,OGIDAK__ligand1285-0
716,OGIDAK__ligand6768-0
717,OGIDAK__ligand8115-0
718,OGIDAK__ligand51-0
719,OGIDAK__ligand25689-0
720,OGIDAK__ligand757-0
721,OGIDAK__ligand25575-0
722,OGIDAK__ligand7000-0
723,OGIDAK__ligand21787-0
724,OGIDAK__ligand1982-0
725,OGIDAK__ligand2176-0
726,OGIDAK__ligand9291-0
727,OGIDAK__ligand2232-0
728,OGIDAK__ligand91-0
729,OGIDAK__ligand30539-0
730,OGIDAK__ligand11166-0
731,OGIDAK__ligand4157-0
732,OGIDAK__ligand21132-0
733,OGIDAK__ligand7648-0
734,OGIDAK__ligand2828-0
735,OGIDAK__ligand8876-0
736,OGIDAK__ligand9833-0
737,OGIDAK__ligand23906-0
738,OGIDAK__ligand5256-0
739,OGIDAK__ligand9520-0
740,OGIDAK__ligand1160-0
741,OGIDAK__ligand8699-0
742,OGIDAK__ligand3954-0
743,OGIDAK__ligand4442-0
744,OGIDAK__ligand4093-0
745,OGIDAK__ligand48-0
746,OGIDAK__ligand4272-0
747,OGIDAK__ligand23124-0
748,OGIDAK__ligand1451-0
749,OGIDAK__ligand7629-0
750,OGIDAK__ligand11206-0
751,OGIDAK__ligand25735-0
752,OGIDAK__ligand12519-0
753,OGIDAK__ligand9784-0
754,OGIDAK__ligand7238-0
755,OGIDAK__ligand693-0
756,OGIDAK__ligand19257-0
757,OGIDAK__ligand13209-0
758,OGIDAK__ligand12660-0
759,OGIDAK__ligand7280-0
760,OGIDAK__ligand1304-0
761,OGIDAK__ligand1790-0
762,OGIDAK__ligand7867-0
763,OGIDAK__ligand6709-0
764,OGIDAK__ligand1219-0
765,OGIDAK__ligand25650-0
766,OGIDAK__ligand4016-0
767,OGIDAK__ligand31248-0
768,OGIDAK__ligand28668-0
769,OGIDAK__ligand141-0
770,OGIDAK__ligand6616-0
771,OGIDAK__ligand3035-0
772,OGIDAK__ligand1343-0
773,OGIDAK__ligand3876-0
774,OGIDAK__ligand3718-0
775,OGIDAK__ligand240-0
776,OGIDAK__ligand4661-0
777,OGIDAK__ligand1844-0
778,OGIDAK__ligand16791-0
779,OGIDAK__ligand1959-0
780,OGIDAK__ligand18799-0
781,OGIDAK__ligand18465-0
782,OGIDAK__ligand3504-0
783,OGIDAK__ligand9935-0
784,OGIDAK__ligand32-0
785,OGIDAK__ligand1573-0
786,OGIDAK__ligand1536-0
787,OGIDAK__ligand1263-0
788,OGIDAK__ligand13869-0
789,OGIDAK__ligand9908-0
790,OGIDAK__ligand18074-0
791,OGIDAK__ligand29863-0
792,OGIDAK__ligand11140-0
793,OGIDAK__ligand7242-0
794,OGIDAK__ligand29610-0
795,OGIDAK__ligand7106-0
796,OGIDAK__ligand12467-0
797,OGIDAK__ligand4720-0
798,OGIDAK__ligand768-0
799,OGIDAK__ligand10084-0
800,OGIDAK__ligand6839-0
801,OGIDAK__ligand3131-0
802,OGIDAK__ligand3937-0
803,OGIDAK__ligand1202-0
804,OGIDAK__ligand3174-0
805,OGIDAK__ligand25267-0
806,OGIDAK__ligand8969-0
807,OGIDAK__ligand23904-0
808,OGIDAK__ligand5211-0
809,OGIDAK__ligand3094-0
810,OGIDAK__ligand21936-0
811,OGIDAK__ligand4155-0
812,OGIDAK__ligand13257-0
813,OGIDAK__ligand20599-0
814,OGIDAK__ligand22981-0
815,OGIDAK__ligand25805-0
816,OGIDAK__ligand6919-0
817,OGIDAK__ligand2485-0
818,OGIDAK__ligand27074-0
819,OGIDAK__ligand3852-0
820,OGIDAK__ligand384-0
821,OGIDAK__ligand5331-0
822,OGIDAK__ligand18391-0
823,OGIDAK__ligand1512-0
824,OGIDAK__ligand14523-0
825,OGIDAK__ligand27169-0
826,OGIDAK__ligand16-0
827,OGIDAK__ligand3565-0
