,TMC
0,HUXVUT__ligand3647-0
1,HUXVUT__ligand22353-0
2,HUXVUT__ligand5357-0
3,HUXVUT__ligand1688-0
4,HUXVUT__ligand4850-0
5,HUXVUT__ligand384-0
6,HUXVUT__ligand5056-0
7,HUXVUT__ligand19668-0
8,HUXVUT__ligand1768-0
9,HUXVUT__ligand19906-0
10,HUXVUT__ligand1469-0
11,HUXVUT__ligand3871-0
12,HUXVUT__ligand2722-0
13,HUXVUT__ligand1379-0
14,HUXVUT__ligand10151-0
15,HUXVUT__ligand5935-0
16,HUXVUT__ligand9525-0
17,HUXVUT__ligand768-0
18,HUXVUT__ligand1165-0
19,HUXVUT__ligand3157-0
20,HUXVUT__ligand20220-0
21,HUXVUT__ligand4911-0
22,HUXVUT__ligand1771-0
23,HUXVUT__ligand15387-0
24,HUXVUT__ligand20121-0
25,HUXVUT__ligand3392-0
26,HUXVUT__ligand29813-0
27,HUXVUT__ligand16952-0
28,HUXVUT__ligand5849-0
29,HUXVUT__ligand11479-0
30,HUXVUT__ligand10479-0
31,HUXVUT__ligand27610-0
32,HUXVUT__ligand2527-0
33,HUXVUT__ligand10853-0
34,HUXVUT__ligand29441-0
35,HUXVUT__ligand24851-0
36,HUXVUT__ligand240-0
37,HUXVUT__ligand57-0
38,HUXVUT__ligand11698-0
39,HUXVUT__ligand141-0
40,HUXVUT__ligand8349-0
41,HUXVUT__ligand20530-0
42,HUXVUT__ligand8464-0
43,HUXVUT__ligand14302-0
44,HUXVUT__ligand1709-0
45,HUXVUT__ligand14347-0
46,HUXVUT__ligand13657-0
47,HUXVUT__ligand11814-0
48,HUXVUT__ligand2208-0
49,HUXVUT__ligand16603-0
50,HUXVUT__ligand3208-0
51,HUXVUT__ligand16870-0
52,HUXVUT__ligand3350-0
53,HUXVUT__ligand55-0
54,HUXVUT__ligand2781-0
55,HUXVUT__ligand7573-0
56,HUXVUT__ligand8722-0
57,HUXVUT__ligand11622-0
58,HUXVUT__ligand1327-0
59,HUXVUT__ligand9809-0
60,HUXVUT__ligand6672-0
61,HUXVUT__ligand693-0
62,HUXVUT__ligand7162-0
63,HUXVUT__ligand11177-0
64,HUXVUT__ligand3029-0
65,HUXVUT__ligand4581-0
66,HUXVUT__ligand1773-0
67,HUXVUT__ligand68-0
68,HUXVUT__ligand2328-0
69,HUXVUT__ligand15455-0
70,HUXVUT__ligand9197-0
71,HUXVUT__ligand1900-0
72,HUXVUT__ligand17686-0
73,HUXVUT__ligand25658-0
74,HUXVUT__ligand31205-0
75,HUXVUT__ligand11252-0
76,HUXVUT__ligand1712-0
77,HUXVUT__ligand4131-0
78,HUXVUT__ligand13260-0
79,HUXVUT__ligand10582-0
80,HUXVUT__ligand5892-0
81,HUXVUT__ligand5094-0
82,HUXVUT__ligand18067-0
83,HUXVUT__ligand19824-0
84,HUXVUT__ligand26673-0
85,HUXVUT__ligand757-0
86,HUXVUT__ligand1533-0
87,HUXVUT__ligand20821-0
88,HUXVUT__ligand11606-0
89,HUXVUT__ligand34-0
90,HUXVUT__ligand31000-0
91,HUXVUT__ligand1496-0
92,HUXVUT__ligand122-0
93,HUXVUT__ligand7557-0
94,HUXVUT__ligand845-0
95,HUXVUT__ligand20432-0
96,HUXVUT__ligand27122-0
97,HUXVUT__ligand3215-0
98,HUXVUT__ligand13755-0
99,HUXVUT__ligand16133-0
100,HUXVUT__ligand23445-0
101,HUXVUT__ligand24953-0
102,HUXVUT__ligand25048-0
103,HUXVUT__ligand7107-0
104,HUXVUT__ligand21940-0
105,HUXVUT__ligand48-0
106,HUXVUT__ligand163-0
107,HUXVUT__ligand20557-0
108,HUXVUT__ligand126-0
109,HUXVUT__ligand30004-0
110,HUXVUT__ligand6283-0
111,HUXVUT__ligand6062-0
112,HUXVUT__ligand4738-0
113,HUXVUT__ligand4813-0
114,HUXVUT__ligand8-0
115,HUXVUT__ligand5813-0
116,HUXVUT__ligand4194-0
117,HUXVUT__ligand51-0
118,HUXVUT__ligand596-0
119,HUXVUT__ligand7532-0
120,HUXVUT__ligand941-0
121,HUXVUT__ligand24560-0
122,HUXVUT__ligand18757-0
123,HUXVUT__ligand777-0
124,HUXVUT__ligand4330-0
125,HUXVUT__ligand24624-0
126,HUXVUT__ligand20844-0
127,HUXVUT__ligand18413-0
128,HUXVUT__ligand2599-0
129,HUXVUT__ligand366-0
130,HUXVUT__ligand3973-0
131,HUXVUT__ligand21752-0
132,HUXVUT__ligand1147-0
133,HUXVUT__ligand657-0
134,HUXVUT__ligand14339-0
135,HUXVUT__ligand187-0
136,HUXVUT__ligand7925-0
137,HUXVUT__ligand91-0
138,HUXVUT__ligand13691-0
139,HUXVUT__ligand30788-0
140,HUXVUT__ligand2068-0
141,HUXVUT__ligand6455-0
142,HUXVUT__ligand6882-0
143,HUXVUT__ligand16956-0
144,HUXVUT__ligand21339-0
145,HUXVUT__ligand14226-0
146,HUXVUT__ligand20942-1
147,HUXVUT__ligand321-0
148,HUXVUT__ligand3934-0
149,HUXVUT__ligand29565-0
150,HUXVUT__ligand279-0
151,HUXVUT__ligand185-0
152,HUXVUT__ligand23682-0
153,HUXVUT__ligand18158-0
154,HUXVUT__ligand178-0
155,HUXVUT__ligand27771-0
156,HUXVUT__ligand2403-0
157,HUXVUT__ligand1065-0
158,HUXVUT__ligand16-0
159,HUXVUT__ligand7530-0
160,HUXVUT__ligand3012-0
161,HUXVUT__ligand18019-1
162,HUXVUT__ligand201-0
163,HUXVUT__ligand14007-0
164,HUXVUT__ligand1449-0
165,HUXVUT__ligand4332-0
166,HUXVUT__ligand27550-0
167,HUXVUT__ligand9681-0
168,HUXVUT__ligand29214-0
169,HUXVUT__ligand2830-0
170,HUXVUT__ligand11544-0
171,HUXVUT__ligand1729-0
172,HUXVUT__ligand11501-0
173,HUXVUT__ligand32-0
174,HUXVUT__ligand5627-0
175,HUXVUT__ligand5483-0
176,HUXVUT__ligand21448-0
177,HUXVUT__ligand11758-0
178,HUXVUT__ligand5316-0
179,HUXVUT__ligand22357-0
180,HUXVUT__ligand338-0
181,HUXVUT__ligand29334-0
182,HUXVUT__ligand12413-0
183,HUXVUT__ligand20731-0
184,HUXVUT__ligand9148-0
185,HUXVUT__ligand11798-0
186,HUXVUT__ligand17069-0
187,HUXVUT__ligand14477-0
188,HUXVUT__ligand7529-0
189,HUXVUT__ligand6946-0
190,HUXVUT__ligand1415-0
191,HUXVUT__ligand17445-0
192,HUXVUT__ligand11096-0
193,HUXVUT__ligand11447-0
194,HUXVUT__ligand28810-0
195,HUXVUT__ligand24230-0
196,HUXVUT__ligand1142-0
197,HUXVUT__ligand3234-0
198,HUXVUT__ligand15926-0
199,HUXVUT__ligand10828-0
200,HUXVUT__ligand326-0
201,HUXVUT__ligand19792-0
202,HUXVUT__ligand7126-0
203,HUXVUT__ligand11970-0
204,HUXVUT__ligand8835-0
205,HUXVUT__ligand2028-0
206,HUXVUT__ligand69-0
207,HUXVUT__ligand15883-0
208,HUXVUT__ligand28930-0
209,HUXVUT__ligand22168-0
210,HUXVUT__ligand11-0
211,HUXVUT__ligand4641-0
212,HUXVUT__ligand22294-0
213,HUXVUT__ligand21919-0
214,HUXVUT__ligand692-0
215,HUXVUT__ligand436-0
216,HUXVUT__ligand10056-0
217,HUXVUT__ligand12365-0
218,HUXVUT__ligand15531-0
219,HUXVUT__ligand28743-0
220,HUXVUT__ligand13862-0
221,HUXVUT__ligand11357-0
222,HUXVUT__ligand24035-0
223,HUXVUT__ligand4620-0
224,HUXVUT__ligand31842-0
225,HUXVUT__ligand31044-0
226,HUXVUT__ligand11994-0
227,HUXVUT__ligand16663-0
228,HUXVUT__ligand14614-0
229,HUXVUT__ligand1577-0
230,HUXVUT__ligand6067-0
231,HUXVUT__ligand2295-0
232,HUXVUT__ligand2917-0
233,HUXVUT__ligand25913-0
234,HUXVUT__ligand16988-0
235,HUXVUT__ligand7819-0
236,HUXVUT__ligand497-0
237,HUXVUT__ligand11682-0
238,HUXVUT__ligand633-0
239,HUXVUT__ligand20207-0
240,HUXVUT__ligand30711-0
241,HUXVUT__ligand3465-0
242,HUXVUT__ligand6596-0
243,HUXVUT__ligand3721-0
244,HUXVUT__ligand6904-0
245,HUXVUT__ligand6102-0
246,HUXVUT__ligand18448-0
247,HUXVUT__ligand12453-0
248,HUXVUT__ligand2915-0
249,HUXVUT__ligand28459-0
250,HUXVUT__ligand300-0
251,HUXVUT__ligand3156-0
252,HUXVUT__ligand19184-0
253,HUXVUT__ligand1378-0
254,HUXVUT__ligand6244-0
255,HUXVUT__ligand588-0
256,HUXVUT__ligand13672-0
257,HUXVUT__ligand9441-0
258,HUXVUT__ligand2332-0
259,HUXVUT__ligand199-0
260,HUXVUT__ligand28685-0
261,HUXVUT__ligand18568-0
262,HUXVUT__ligand1530-0
263,HUXVUT__ligand1575-0
264,HUXVUT__ligand9933-0
265,HUXVUT__ligand1631-0
266,HUXVUT__ligand10371-0
267,HUXVUT__ligand23197-0
268,HUXVUT__ligand1324-0
269,HUXVUT__ligand8721-0
270,HUXVUT__ligand1823-0
271,HUXVUT__ligand5643-0
272,HUXVUT__ligand1615-0
273,HUXVUT__ligand29029-0
274,HUXVUT__ligand27285-0
275,HUXVUT__ligand2526-0
276,HUXVUT__ligand5036-0
277,HUXVUT__ligand9952-0
278,HUXVUT__ligand9111-0
279,HUXVUT__ligand361-0
280,HUXVUT__ligand324-0
281,HUXVUT__ligand13477-0
282,HUXVUT__ligand14167-0
283,HUXVUT__ligand9601-0
284,HUXVUT__ligand409-0
285,HUXVUT__ligand30142-0
286,HUXVUT__ligand27669-0
287,HUXVUT__ligand8992-0
288,HUXVUT__ligand1018-0
289,HUXVUT__ligand4116-0
290,HUXVUT__ligand7967-0
291,HUXVUT__ligand3707-0
292,HUXVUT__ligand6124-0
293,HUXVUT__ligand27239-0
294,HUXVUT__ligand8115-0
295,HUXVUT__ligand358-0
296,HUXVUT__ligand21729-0
297,HUXVUT__ligand6768-0
298,HUXVUT__ligand1982-0
299,HUXVUT__ligand7000-0
300,HUXVUT__ligand430-0
301,HUXVUT__ligand488-0
302,HUXVUT__ligand1285-0
303,HUXVUT__ligand17-0
304,HUXVUT__ligand19927-0
305,HUXVUT__ligand26324-0
306,HUXVUT__ligand4503-0
307,HUXVUT__ligand4546-0
308,HUXVUT__ligand28559-0
309,HUXVUT__ligand694-0
310,HUXVUT__ligand14043-0
311,HUXVUT__ligand9833-0
312,HUXVUT__ligand8876-0
313,HUXVUT__ligand2828-0
314,HUXVUT__ligand7648-0
315,HUXVUT__ligand5256-0
316,HUXVUT__ligand11618-0
317,HUXVUT__ligand4157-0
318,HUXVUT__ligand2232-0
319,HUXVUT__ligand2176-0
320,HUXVUT__ligand26529-0
321,HUXVUT__ligand9291-0
322,HUXVUT__ligand20695-0
323,HUXVUT__ligand27754-0
324,HUXVUT__ligand670-0
325,HUXVUT__ligand9784-0
326,HUXVUT__ligand534-0
327,HUXVUT__ligand571-0
328,HUXVUT__ligand16369-0
329,HUXVUT__ligand1451-0
330,HUXVUT__ligand4272-0
331,HUXVUT__ligand11111-0
332,HUXVUT__ligand28540-0
333,HUXVUT__ligand7629-0
334,HUXVUT__ligand22403-0
335,HUXVUT__ligand4093-0
336,HUXVUT__ligand4442-0
337,HUXVUT__ligand3954-0
338,HUXVUT__ligand9520-0
339,HUXVUT__ligand8699-0
340,HUXVUT__ligand1160-0
341,HUXVUT__ligand16148-0
342,HUXVUT__ligand26631-0
343,HUXVUT__ligand4016-0
344,HUXVUT__ligand12003-0
345,HUXVUT__ligand7867-0
346,HUXVUT__ligand10872-0
347,HUXVUT__ligand1219-0
348,HUXVUT__ligand6709-0
349,HUXVUT__ligand21399-0
350,HUXVUT__ligand29215-0
351,HUXVUT__ligand1790-0
352,HUXVUT__ligand1304-0
353,HUXVUT__ligand7280-0
354,HUXVUT__ligand7238-0
355,HUXVUT__ligand10033-0
356,HUXVUT__ligand9935-0
357,HUXVUT__ligand1536-0
358,HUXVUT__ligand1573-0
359,HUXVUT__ligand24644-0
360,HUXVUT__ligand416-0
361,HUXVUT__ligand12001-0
362,HUXVUT__ligand1959-0
363,HUXVUT__ligand3504-0
364,HUXVUT__ligand383-0
365,HUXVUT__ligand1844-0
366,HUXVUT__ligand4661-0
367,HUXVUT__ligand27840-0
368,HUXVUT__ligand162-0
369,HUXVUT__ligand30728-0
370,HUXVUT__ligand1343-0
371,HUXVUT__ligand3876-0
372,HUXVUT__ligand3035-0
373,HUXVUT__ligand24872-0
374,HUXVUT__ligand6616-0
375,HUXVUT__ligand226-0
376,HUXVUT__ligand89-0
377,HUXVUT__ligand3718-0
378,HUXVUT__ligand13220-0
379,HUXVUT__ligand11587-0
380,HUXVUT__ligand7106-0
381,HUXVUT__ligand49-0
382,HUXVUT__ligand17396-0
383,HUXVUT__ligand7242-0
384,HUXVUT__ligand15788-0
385,HUXVUT__ligand23175-0
386,HUXVUT__ligand14569-0
387,HUXVUT__ligand13385-0
388,HUXVUT__ligand22444-0
389,HUXVUT__ligand24111-0
390,HUXVUT__ligand9908-0
391,HUXVUT__ligand1263-0
392,HUXVUT__ligand656-0
393,HUXVUT__ligand4155-0
394,HUXVUT__ligand3094-0
395,HUXVUT__ligand5211-0
396,HUXVUT__ligand17427-0
397,HUXVUT__ligand6839-0
398,HUXVUT__ligand8969-0
399,HUXVUT__ligand31694-0
400,HUXVUT__ligand3174-0
401,HUXVUT__ligand3937-0
402,HUXVUT__ligand1202-0
403,HUXVUT__ligand3131-0
404,HUXVUT__ligand29486-0
405,HUXVUT__ligand4720-0
406,HUXVUT__ligand3565-0
407,HUXVUT__ligand25561-0
408,HUXVUT__ligand1512-0
409,HUXVUT__ligand5331-0
410,HUXVUT__ligand6919-0
411,HUXVUT__ligand3852-0
412,HUXVUT__ligand11949-0
413,HUXVUT__ligand2485-0
414,HUXVUT__ligand696-0
415,HUXVUT__ligand22129-0
416,HUXVUT__ligand24780-0
417,HUXVUT__ligand12138-0
418,HUXVUT__ligand4711-0
419,HUXVUT__ligand3244-0
420,HUXVUT__ligand13390-0
421,HUXVUT__ligand2906-0
422,HUXVUT__ligand8793-0
423,HUXVUT__ligand909-0
424,HUXVUT__ligand5649-0
425,HUXVUT__ligand2788-0
426,HUXVUT__ligand19-0
427,HUXVUT__ligand4649-0
428,HUXVUT__ligand20682-0
429,HUXVUT__ligand27482-0
430,HUXVUT__ligand177-0
431,HUXVUT__ligand7196-0
432,HUXVUT__ligand26810-0
433,HUXVUT__ligand24-0
434,HUXVUT__ligand5159-0
435,HUXVUT__ligand5530-0
436,HUXVUT__ligand1787-0
437,HUXVUT__ligand13208-0
438,HUXVUT__ligand1356-0
439,HUXVUT__ligand9753-0
440,HUXVUT__ligand3178-0
441,HUXVUT__ligand4807-0
442,HUXVUT__ligand252-0
443,HUXVUT__ligand5180-0
444,HUXVUT__ligand13294-0
445,HUXVUT__ligand116-0
446,HUXVUT__ligand31832-0
447,HUXVUT__ligand45-0
448,HUXVUT__ligand7316-0
449,HUXVUT__ligand29879-0
450,HUXVUT__ligand14248-0
451,HUXVUT__ligand5708-0
452,HUXVUT__ligand12030-0
453,HUXVUT__ligand6017-0
454,HUXVUT__ligand13331-0
455,HUXVUT__ligand28884-0
456,HUXVUT__ligand8612-0
457,HUXVUT__ligand10712-0
458,HUXVUT__ligand14174-0
459,HUXVUT__ligand2124-0
460,HUXVUT__ligand372-0
461,HUXVUT__ligand11456-0
462,HUXVUT__ligand3225-0
463,HUXVUT__ligand1153-0
464,HUXVUT__ligand1116-0
465,HUXVUT__ligand7092-0
466,HUXVUT__ligand830-0
467,HUXVUT__ligand2260-0
468,HUXVUT__ligand25411-0
469,HUXVUT__ligand7273-0
470,HUXVUT__ligand9323-0
471,HUXVUT__ligand78-0
472,HUXVUT__ligand193-0
473,HUXVUT__ligand7172-0
474,HUXVUT__ligand1114-0
475,HUXVUT__ligand6391-0
476,HUXVUT__ligand3126-0
477,HUXVUT__ligand370-0
478,HUXVUT__ligand20251-1
479,HUXVUT__ligand9284-0
480,HUXVUT__ligand14703-0
481,HUXVUT__ligand16475-0
482,HUXVUT__ligand2417-0
483,HUXVUT__ligand17398-0
484,HUXVUT__ligand8788-0
485,HUXVUT__ligand1832-0
486,HUXVUT__ligand2043-0
487,HUXVUT__ligand250-0
488,HUXVUT__ligand22557-0
489,HUXVUT__ligand10589-0
490,HUXVUT__ligand24047-0
491,HUXVUT__ligand11675-0
492,HUXVUT__ligand20598-0
493,HUXVUT__ligand1228-0
494,HUXVUT__ligand9943-0
495,HUXVUT__ligand29414-0
496,HUXVUT__ligand17982-0
497,HUXVUT__ligand17278-0
498,HUXVUT__ligand20011-0
499,HUXVUT__ligand1604-0
500,HUXVUT__ligand188-0
501,HUXVUT__ligand29568-0
502,HUXVUT__ligand9450-0
503,HUXVUT__ligand30851-0
504,HUXVUT__ligand14889-0
505,HUXVUT__ligand17118-0
506,HUXVUT__ligand21371-0
507,HUXVUT__ligand1599-0
508,HUXVUT__ligand20419-0
509,HUXVUT__ligand2612-0
510,HUXVUT__ligand28789-0
511,HUXVUT__ligand479-0
512,HUXVUT__ligand17261-0
513,HUXVUT__ligand14117-0
514,HUXVUT__ligand311-0
515,HUXVUT__ligand785-0
516,HUXVUT__ligand1289-0
517,HUXVUT__ligand2203-0
518,HUXVUT__ligand5387-0
519,HUXVUT__ligand20251-0
520,HUXVUT__ligand20214-0
521,HUXVUT__ligand30702-0
522,HUXVUT__ligand620-0
523,HUXVUT__ligand20539-0
524,HUXVUT__ligand370-1
525,HUXVUT__ligand31097-0
526,HUXVUT__ligand21581-0
527,HUXVUT__ligand564-0
528,HUXVUT__ligand17258-0
529,HUXVUT__ligand9299-0
530,HUXVUT__ligand14297-0
531,HUXVUT__ligand14603-0
532,HUXVUT__ligand2985-0
533,HUXVUT__ligand4007-0
534,HUXVUT__ligand26665-0
535,HUXVUT__ligand13012-0
536,HUXVUT__ligand17631-0
537,HUXVUT__ligand3677-1
538,HUXVUT__ligand9883-0
539,HUXVUT__ligand134-0
540,HUXVUT__ligand67-0
541,HUXVUT__ligand235-0
542,HUXVUT__ligand7291-0
543,HUXVUT__ligand31783-0
544,HUXVUT__ligand3736-0
545,HUXVUT__ligand560-0
546,HUXVUT__ligand27893-0
547,HUXVUT__ligand8000-0
548,HUXVUT__ligand14723-0
549,HUXVUT__ligand19641-0
550,HUXVUT__ligand15422-0
551,HUXVUT__ligand20578-0
552,HUXVUT__ligand12934-0
553,HUXVUT__ligand9344-0
554,HUXVUT__ligand23713-0
555,HUXVUT__ligand18832-0
556,HUXVUT__ligand5383-0
557,HUXVUT__ligand2693-0
558,HUXVUT__ligand27175-0
559,HUXVUT__ligand30988-0
560,HUXVUT__ligand3945-0
561,HUXVUT__ligand1499-0
562,HUXVUT__ligand294-0
563,HUXVUT__ligand2881-0
564,HUXVUT__ligand1464-0
565,HUXVUT__ligand3712-0
566,HUXVUT__ligand27460-0
567,HUXVUT__ligand1211-0
568,HUXVUT__ligand20740-0
569,HUXVUT__ligand28468-0
570,HUXVUT__ligand12427-0
571,HUXVUT__ligand16628-0
572,HUXVUT__ligand6892-0
573,HUXVUT__ligand3-0
574,HUXVUT__ligand1168-0
575,HUXVUT__ligand17281-0
576,HUXVUT__ligand30296-0
577,HUXVUT__ligand1294-0
578,HUXVUT__ligand29410-0
579,HUXVUT__ligand12337-0
580,HUXVUT__ligand421-0
581,HUXVUT__ligand3632-0
582,HUXVUT__ligand3677-0
583,HUXVUT__ligand26540-0
584,HUXVUT__ligand685-0
585,HUXVUT__ligand30333-0
586,HUXVUT__ligand43-0
587,HUXVUT__ligand6699-0
588,HUXVUT__ligand12606-0
589,HUXVUT__ligand1197-0
590,HUXVUT__ligand14108-0
591,HUXVUT__ligand5099-0
592,HUXVUT__ligand8592-0
593,HUXVUT__ligand1296-0
594,HUXVUT__ligand2259-0
595,HUXVUT__ligand12641-0
596,HUXVUT__ligand9773-0
597,HUXVUT__ligand10958-0
598,HUXVUT__ligand5510-0
599,HUXVUT__ligand1376-0
600,HUXVUT__ligand197-0
601,HUXVUT__ligand4101-0
602,HUXVUT__ligand5595-0
603,HUXVUT__ligand27763-0
604,HUXVUT__ligand10262-0
605,HUXVUT__ligand28676-0
606,HUXVUT__ligand1-0
607,HUXVUT__ligand19057-0
608,HUXVUT__ligand18814-0
609,HUXVUT__ligand2221-0
610,HUXVUT__ligand4358-0
611,HUXVUT__ligand13425-0
612,HUXVUT__ligand29302-0
613,HUXVUT__ligand3120-0
614,HUXVUT__ligand3926-0
615,HUXVUT__ligand12130-0
616,HUXVUT__ligand17387-0
617,HUXVUT__ligand13658-0
618,HUXVUT__ligand26702-0
619,HUXVUT__ligand12289-0
620,HUXVUT__ligand18292-0
621,HUXVUT__ligand5509-0
622,HUXVUT__ligand12231-0
623,HUXVUT__ligand8002-0
624,HUXVUT__ligand1407-0
625,HUXVUT__ligand6117-0
626,HUXVUT__ligand24145-0
627,HUXVUT__ligand7762-0
628,HUXVUT__ligand352-0
629,HUXVUT__ligand5080-0
630,HUXVUT__ligand783-0
631,HUXVUT__ligand15585-0
632,HUXVUT__ligand12401-0
633,HUXVUT__ligand19830-0
634,HUXVUT__ligand13068-0
635,HUXVUT__ligand10476-0
636,HUXVUT__ligand23769-0
637,HUXVUT__ligand2238-0
638,HUXVUT__ligand868-0
639,HUXVUT__ligand24185-0
640,HUXVUT__ligand9167-0
641,HUXVUT__ligand25178-0
642,HUXVUT__ligand5304-0
643,HUXVUT__ligand2822-0
644,HUXVUT__ligand7293-0
645,HUXVUT__ligand1317-0
646,HUXVUT__ligand3867-0
647,HUXVUT__ligand17302-0
648,HUXVUT__ligand17805-0
649,HUXVUT__ligand14523-0
650,HUXVUT__ligand7438-0
651,HUXVUT__ligand27169-0
652,HUXVUT__ligand8200-0
653,HUXVUT__ligand18391-0
654,HUXVUT__ligand4063-0
655,HUXVUT__ligand115-0
656,HUXVUT__ligand27074-0
657,HUXVUT__ligand25805-0
658,HUXVUT__ligand22981-0
659,HUXVUT__ligand3042-0
660,HUXVUT__ligand20599-0
661,HUXVUT__ligand13257-0
662,HUXVUT__ligand4207-0
663,HUXVUT__ligand21936-0
664,HUXVUT__ligand23904-0
665,HUXVUT__ligand3416-0
666,HUXVUT__ligand3453-0
667,HUXVUT__ligand1150-0
668,HUXVUT__ligand833-0
669,HUXVUT__ligand25267-0
670,HUXVUT__ligand10084-0
671,HUXVUT__ligand12467-0
672,HUXVUT__ligand1539-0
673,HUXVUT__ligand4167-0
674,HUXVUT__ligand29610-0
675,HUXVUT__ligand4266-0
676,HUXVUT__ligand1400-0
677,HUXVUT__ligand9491-0
678,HUXVUT__ligand11140-0
679,HUXVUT__ligand784-0
680,HUXVUT__ligand1288-0
681,HUXVUT__ligand29863-0
682,HUXVUT__ligand13869-0
683,HUXVUT__ligand18074-0
684,HUXVUT__ligand395-0
685,HUXVUT__ligand3557-0
686,HUXVUT__ligand3980-0
687,HUXVUT__ligand1149-0
688,HUXVUT__ligand7075-0
689,HUXVUT__ligand18465-0
690,HUXVUT__ligand18799-0
691,HUXVUT__ligand368-0
692,HUXVUT__ligand16791-0
693,HUXVUT__ligand9750-0
694,HUXVUT__ligand1779-0
695,HUXVUT__ligand28668-0
696,HUXVUT__ligand1817-0
697,HUXVUT__ligand6993-0
698,HUXVUT__ligand31248-0
699,HUXVUT__ligand447-0
700,HUXVUT__ligand25650-0
701,HUXVUT__ligand3285-0
702,HUXVUT__ligand4795-0
703,HUXVUT__ligand1908-0
704,HUXVUT__ligand746-0
705,HUXVUT__ligand5630-0
706,HUXVUT__ligand176-0
707,HUXVUT__ligand12660-0
708,HUXVUT__ligand19257-0
709,HUXVUT__ligand1786-0
710,HUXVUT__ligand13209-0
711,HUXVUT__ligand8042-0
712,HUXVUT__ligand6112-0
713,HUXVUT__ligand12519-0
714,HUXVUT__ligand25735-0
715,HUXVUT__ligand11206-0
716,HUXVUT__ligand18-0
717,HUXVUT__ligand1828-0
718,HUXVUT__ligand1397-0
719,HUXVUT__ligand23124-0
720,HUXVUT__ligand7213-0
721,HUXVUT__ligand4710-0
722,HUXVUT__ligand487-0
723,HUXVUT__ligand5755-0
724,HUXVUT__ligand3144-0
725,HUXVUT__ligand5085-0
726,HUXVUT__ligand23906-0
727,HUXVUT__ligand1849-0
728,HUXVUT__ligand21132-0
729,HUXVUT__ligand506-0
730,HUXVUT__ligand11166-0
731,HUXVUT__ligand30539-0
732,HUXVUT__ligand1216-0
733,HUXVUT__ligand5019-0
734,HUXVUT__ligand4-0
735,HUXVUT__ligand3261-0
736,HUXVUT__ligand1152-0
737,HUXVUT__ligand25575-0
738,HUXVUT__ligand21787-0
739,HUXVUT__ligand25689-0
740,HUXVUT__ligand5515-0
741,HUXVUT__ligand6663-0
742,HUXVUT__ligand12295-0
743,HUXVUT__ligand5614-0
744,HUXVUT__ligand5280-0
745,HUXVUT__ligand27835-0
746,HUXVUT__ligand152-0
747,HUXVUT__ligand1831-0
748,HUXVUT__ligand8553-0
749,HUXVUT__ligand17945-0
750,HUXVUT__ligand1113-0
751,HUXVUT__ligand18013-0
752,HUXVUT__ligand25224-0
753,HUXVUT__ligand17207-0
754,HUXVUT__ligand31578-0
755,HUXVUT__ligand24750-0
756,HUXVUT__ligand5201-0
757,HUXVUT__ligand196-0
758,HUXVUT__ligand38-0
759,HUXVUT__ligand28924-0
760,HUXVUT__ligand7566-0
761,HUXVUT__ligand15438-0
762,HUXVUT__ligand2001-0
763,HUXVUT__ligand686-0
764,HUXVUT__ligand422-0
765,HUXVUT__ligand29087-0
766,HUXVUT__ligand9944-0
767,HUXVUT__ligand8593-0
768,HUXVUT__ligand18703-0
769,HUXVUT__ligand2823-0
770,HUXVUT__ligand24064-0
771,HUXVUT__ligand6995-0
772,HUXVUT__ligand23589-0
773,HUXVUT__ligand393-0
774,HUXVUT__ligand3180-0
775,HUXVUT__ligand15168-0
776,HUXVUT__ligand2650-0
777,HUXVUT__ligand2281-0
778,HUXVUT__ligand4340-0
779,HUXVUT__ligand26277-0
780,HUXVUT__ligand29898-0
781,HUXVUT__ligand353-0
782,HUXVUT__ligand5415-0
783,HUXVUT__ligand22755-0
784,HUXVUT__ligand10432-0
785,HUXVUT__ligand31618-0
786,HUXVUT__ligand11432-0
787,HUXVUT__ligand4124-0
788,HUXVUT__ligand4161-0
789,HUXVUT__ligand3471-0
790,HUXVUT__ligand1618-0
791,HUXVUT__ligand21421-0
792,HUXVUT__ligand2692-0
793,HUXVUT__ligand813-0
794,HUXVUT__ligand11774-0
795,HUXVUT__ligand14586-0
796,HUXVUT__ligand780-0
797,HUXVUT__ligand314-0
798,HUXVUT__ligand4262-0
799,HUXVUT__ligand11568-0
800,HUXVUT__ligand17710-0
801,HUXVUT__ligand20579-0
802,HUXVUT__ligand1028-0
803,HUXVUT__ligand10555-0
804,HUXVUT__ligand618-0
805,HUXVUT__ligand1050-0
806,HUXVUT__ligand66-0
807,HUXVUT__ligand1015-0
808,HUXVUT__ligand31483-0
809,HUXVUT__ligand2027-0
810,HUXVUT__ligand24613-0
811,HUXVUT__ligand391-0
812,HUXVUT__ligand19725-0
813,HUXVUT__ligand42-0
814,HUXVUT__ligand1169-0
815,HUXVUT__ligand13072-0
816,HUXVUT__ligand8529-0
817,HUXVUT__ligand12336-0
818,HUXVUT__ligand465-0
819,HUXVUT__ligand17240-0
820,HUXVUT__ligand9615-0
821,HUXVUT__ligand1154-0
822,HUXVUT__ligand17590-0
823,HUXVUT__ligand314-1
824,HUXVUT__ligand1498-0
825,HUXVUT__ligand4596-0
826,HUXVUT__ligand12682-0
827,HUXVUT__ligand18699-0
