,TMC
0,HURJIN__ligand25689-0
1,HURJIN__ligand7532-0
2,HURJIN__ligand21787-0
3,HURJIN__ligand25575-0
4,HURJIN__ligand4194-0
5,HURJIN__ligand2599-0
6,HURJIN__ligand4330-0
7,HURJIN__ligand27835-0
8,HURJIN__ligand12295-0
9,HURJIN__ligand1147-0
10,HURJIN__ligand23906-0
11,HURJIN__ligand11166-0
12,HURJIN__ligand3973-0
13,HURJIN__ligand21132-0
14,HURJIN__ligand2068-0
15,HURJIN__ligand7925-0
16,HURJIN__ligand693-0
17,HURJIN__ligand30539-0
18,HURJIN__ligand25735-0
19,HURJIN__ligand12519-0
20,HURJIN__ligand23124-0
21,HURJIN__ligand11206-0
22,HURJIN__ligand3215-0
23,HURJIN__ligand757-0
24,HURJIN__ligand122-0
25,HURJIN__ligand57-0
26,HURJIN__ligand7107-0
27,HURJIN__ligand25650-0
28,HURJIN__ligand6283-0
29,HURJIN__ligand31248-0
30,HURJIN__ligand4813-0
31,HURJIN__ligand12660-0
32,HURJIN__ligand5813-0
33,HURJIN__ligand4738-0
34,HURJIN__ligand6062-0
35,HURJIN__ligand13209-0
36,HURJIN__ligand19257-0
37,HURJIN__ligand5627-0
38,HURJIN__ligand68-0
39,HURJIN__ligand1729-0
40,HURJIN__ligand18799-0
41,HURJIN__ligand2830-0
42,HURJIN__ligand18465-0
43,HURJIN__ligand16791-0
44,HURJIN__ligand5316-0
45,HURJIN__ligand768-0
46,HURJIN__ligand28668-0
47,HURJIN__ligand5483-0
48,HURJIN__ligand29610-0
49,HURJIN__ligand384-0
50,HURJIN__ligand11140-0
51,HURJIN__ligand4-0
52,HURJIN__ligand9148-0
53,HURJIN__ligand1415-0
54,HURJIN__ligand6946-0
55,HURJIN__ligand18074-0
56,HURJIN__ligand13869-0
57,HURJIN__ligand7529-0
58,HURJIN__ligand29863-0
59,HURJIN__ligand55-0
60,HURJIN__ligand21936-0
61,HURJIN__ligand13257-0
62,HURJIN__ligand3934-0
63,HURJIN__ligand23904-0
64,HURJIN__ligand6455-0
65,HURJIN__ligand6882-0
66,HURJIN__ligand2403-0
67,HURJIN__ligand141-0
68,HURJIN__ligand34-0
69,HURJIN__ligand10084-0
70,HURJIN__ligand25267-0
71,HURJIN__ligand240-0
72,HURJIN__ligand12467-0
73,HURJIN__ligand1449-0
74,HURJIN__ligand3012-0
75,HURJIN__ligand18391-0
76,HURJIN__ligand27169-0
77,HURJIN__ligand1065-0
78,HURJIN__ligand7530-0
79,HURJIN__ligand14523-0
80,HURJIN__ligand27074-0
81,HURJIN__ligand9681-0
82,HURJIN__ligand4332-0
83,HURJIN__ligand20599-0
84,HURJIN__ligand22981-0
85,HURJIN__ligand25805-0
86,HURJIN__ligand3392-0
87,HURJIN__ligand201-0
88,HURJIN__ligand17240-0
89,HURJIN__ligand4911-0
90,HURJIN__ligand17590-0
91,HURJIN__ligand1771-0
92,HURJIN__ligand5849-0
93,HURJIN__ligand18699-0
94,HURJIN__ligand12682-0
95,HURJIN__ligand321-0
96,HURJIN__ligand2527-0
97,HURJIN__ligand8464-0
98,HURJIN__ligand48-0
99,HURJIN__ligand1709-0
100,HURJIN__ligand178-0
101,HURJIN__ligand13072-0
102,HURJIN__ligand8349-0
103,HURJIN__ligand279-0
104,HURJIN__ligand185-0
105,HURJIN__ligand12336-0
106,HURJIN__ligand31483-0
107,HURJIN__ligand10555-0
108,HURJIN__ligand4850-0
109,HURJIN__ligand5056-0
110,HURJIN__ligand1688-0
111,HURJIN__ligand3647-0
112,HURJIN__ligand5357-0
113,HURJIN__ligand3871-0
114,HURJIN__ligand91-0
115,HURJIN__ligand24613-0
116,HURJIN__ligand1469-0
117,HURJIN__ligand19725-0
118,HURJIN__ligand1768-0
119,HURJIN__ligand21421-0
120,HURJIN__ligand5935-0
121,HURJIN__ligand51-0
122,HURJIN__ligand1379-0
123,HURJIN__ligand14586-0
124,HURJIN__ligand11774-0
125,HURJIN__ligand2722-0
126,HURJIN__ligand3157-0
127,HURJIN__ligand338-0
128,HURJIN__ligand1165-0
129,HURJIN__ligand20579-0
130,HURJIN__ligand17710-0
131,HURJIN__ligand9525-0
132,HURJIN__ligand11568-0
133,HURJIN__ligand29898-0
134,HURJIN__ligand26277-0
135,HURJIN__ligand11432-0
136,HURJIN__ligand31618-0
137,HURJIN__ligand163-0
138,HURJIN__ligand1712-0
139,HURJIN__ligand16-0
140,HURJIN__ligand10432-0
141,HURJIN__ligand4131-0
142,HURJIN__ligand126-0
143,HURJIN__ligand22755-0
144,HURJIN__ligand5892-0
145,HURJIN__ligand5094-0
146,HURJIN__ligand1533-0
147,HURJIN__ligand24064-0
148,HURJIN__ligand845-0
149,HURJIN__ligand23589-0
150,HURJIN__ligand1496-0
151,HURJIN__ligand7557-0
152,HURJIN__ligand15168-0
153,HURJIN__ligand2208-0
154,HURJIN__ligand3208-0
155,HURJIN__ligand15438-0
156,HURJIN__ligand28924-0
157,HURJIN__ligand366-0
158,HURJIN__ligand1327-0
159,HURJIN__ligand187-0
160,HURJIN__ligand6672-0
161,HURJIN__ligand9809-0
162,HURJIN__ligand29087-0
163,HURJIN__ligand8722-0
164,HURJIN__ligand3350-0
165,HURJIN__ligand657-0
166,HURJIN__ligand2781-0
167,HURJIN__ligand7573-0
168,HURJIN__ligand18703-0
169,HURJIN__ligand25224-0
170,HURJIN__ligand18013-0
171,HURJIN__ligand2328-0
172,HURJIN__ligand596-0
173,HURJIN__ligand4581-0
174,HURJIN__ligand17945-0
175,HURJIN__ligand32-0
176,HURJIN__ligand1773-0
177,HURJIN__ligand941-0
178,HURJIN__ligand3029-0
179,HURJIN__ligand31578-0
180,HURJIN__ligand7162-0
181,HURJIN__ligand17207-0
182,HURJIN__ligand24750-0
183,HURJIN__ligand1900-0
184,HURJIN__ligand777-0
185,HURJIN__ligand9197-0
186,HURJIN__ligand199-0
187,HURJIN__ligand7629-0
188,HURJIN__ligand14117-0
189,HURJIN__ligand17261-0
190,HURJIN__ligand1451-0
191,HURJIN__ligand4272-0
192,HURJIN__ligand9784-0
193,HURJIN__ligand11-0
194,HURJIN__ligand8699-0
195,HURJIN__ligand1160-0
196,HURJIN__ligand20539-0
197,HURJIN__ligand30702-0
198,HURJIN__ligand20214-0
199,HURJIN__ligand20251-0
200,HURJIN__ligand9520-0
201,HURJIN__ligand4442-0
202,HURJIN__ligand4093-0
203,HURJIN__ligand3954-0
204,HURJIN__ligand21581-0
205,HURJIN__ligand31097-0
206,HURJIN__ligand29568-0
207,HURJIN__ligand6709-0
208,HURJIN__ligand1219-0
209,HURJIN__ligand300-0
210,HURJIN__ligand7867-0
211,HURJIN__ligand14889-0
212,HURJIN__ligand30851-0
213,HURJIN__ligand4016-0
214,HURJIN__ligand20419-0
215,HURJIN__ligand21371-0
216,HURJIN__ligand7238-0
217,HURJIN__ligand17118-0
218,HURJIN__ligand588-0
219,HURJIN__ligand69-0
220,HURJIN__ligand1790-0
221,HURJIN__ligand1304-0
222,HURJIN__ligand7280-0
223,HURJIN__ligand28789-0
224,HURJIN__ligand1285-0
225,HURJIN__ligand17398-0
226,HURJIN__ligand361-0
227,HURJIN__ligand20598-0
228,HURJIN__ligand1982-0
229,HURJIN__ligand324-0
230,HURJIN__ligand7000-0
231,HURJIN__ligand11675-0
232,HURJIN__ligand24047-0
233,HURJIN__ligand8115-0
234,HURJIN__ligand10589-0
235,HURJIN__ligand22557-0
236,HURJIN__ligand6768-0
237,HURJIN__ligand409-0
238,HURJIN__ligand20011-0
239,HURJIN__ligand17278-0
240,HURJIN__ligand4503-0
241,HURJIN__ligand4546-0
242,HURJIN__ligand17982-0
243,HURJIN__ligand29414-0
244,HURJIN__ligand4157-0
245,HURJIN__ligand5256-0
246,HURJIN__ligand20251-1
247,HURJIN__ligand9833-0
248,HURJIN__ligand2828-0
249,HURJIN__ligand8876-0
250,HURJIN__ligand7648-0
251,HURJIN__ligand9291-0
252,HURJIN__ligand2176-0
253,HURJIN__ligand16475-0
254,HURJIN__ligand14703-0
255,HURJIN__ligand2232-0
256,HURJIN__ligand5211-0
257,HURJIN__ligand14174-0
258,HURJIN__ligand10712-0
259,HURJIN__ligand692-0
260,HURJIN__ligand11456-0
261,HURJIN__ligand3094-0
262,HURJIN__ligand4155-0
263,HURJIN__ligand4720-0
264,HURJIN__ligand25411-0
265,HURJIN__ligand8969-0
266,HURJIN__ligand1202-0
267,HURJIN__ligand3937-0
268,HURJIN__ligand3174-0
269,HURJIN__ligand436-0
270,HURJIN__ligand3131-0
271,HURJIN__ligand6839-0
272,HURJIN__ligand1512-0
273,HURJIN__ligand326-0
274,HURJIN__ligand5331-0
275,HURJIN__ligand31832-0
276,HURJIN__ligand3565-0
277,HURJIN__ligand13294-0
278,HURJIN__ligand12030-0
279,HURJIN__ligand14248-0
280,HURJIN__ligand29879-0
281,HURJIN__ligand28884-0
282,HURJIN__ligand3852-0
283,HURJIN__ligand13331-0
284,HURJIN__ligand2485-0
285,HURJIN__ligand6919-0
286,HURJIN__ligand497-0
287,HURJIN__ligand3504-0
288,HURJIN__ligand26810-0
289,HURJIN__ligand1959-0
290,HURJIN__ligand27482-0
291,HURJIN__ligand1536-0
292,HURJIN__ligand1573-0
293,HURJIN__ligand13208-0
294,HURJIN__ligand9935-0
295,HURJIN__ligand3718-0
296,HURJIN__ligand3035-0
297,HURJIN__ligand3876-0
298,HURJIN__ligand1343-0
299,HURJIN__ligand6616-0
300,HURJIN__ligand633-0
301,HURJIN__ligand4661-0
302,HURJIN__ligand1844-0
303,HURJIN__ligand7242-0
304,HURJIN__ligand13390-0
305,HURJIN__ligand7106-0
306,HURJIN__ligand1263-0
307,HURJIN__ligand9908-0
308,HURJIN__ligand20682-0
309,HURJIN__ligand24185-0
310,HURJIN__ligand4620-0
311,HURJIN__ligand23769-0
312,HURJIN__ligand25178-0
313,HURJIN__ligand17302-0
314,HURJIN__ligand6067-0
315,HURJIN__ligand1577-0
316,HURJIN__ligand2295-0
317,HURJIN__ligand17805-0
318,HURJIN__ligand18292-0
319,HURJIN__ligand12289-0
320,HURJIN__ligand26702-0
321,HURJIN__ligand13658-0
322,HURJIN__ligand383-0
323,HURJIN__ligand17387-0
324,HURJIN__ligand12130-0
325,HURJIN__ligand7819-0
326,HURJIN__ligand2917-0
327,HURJIN__ligand3-0
328,HURJIN__ligand12231-0
329,HURJIN__ligand416-0
330,HURJIN__ligand6904-0
331,HURJIN__ligand226-0
332,HURJIN__ligand12401-0
333,HURJIN__ligand3721-0
334,HURJIN__ligand6596-0
335,HURJIN__ligand6102-0
336,HURJIN__ligand15585-0
337,HURJIN__ligand24145-0
338,HURJIN__ligand10476-0
339,HURJIN__ligand17-0
340,HURJIN__ligand3465-0
341,HURJIN__ligand162-0
342,HURJIN__ligand13068-0
343,HURJIN__ligand19830-0
344,HURJIN__ligand28676-0
345,HURJIN__ligand3234-0
346,HURJIN__ligand10262-0
347,HURJIN__ligand1142-0
348,HURJIN__ligand27763-0
349,HURJIN__ligand18814-0
350,HURJIN__ligand19057-0
351,HURJIN__ligand2028-0
352,HURJIN__ligand8835-0
353,HURJIN__ligand29302-0
354,HURJIN__ligand13425-0
355,HURJIN__ligand7126-0
356,HURJIN__ligand696-0
357,HURJIN__ligand14108-0
358,HURJIN__ligand4641-0
359,HURJIN__ligand656-0
360,HURJIN__ligand12641-0
361,HURJIN__ligand10958-0
362,HURJIN__ligand30296-0
363,HURJIN__ligand49-0
364,HURJIN__ligand17281-0
365,HURJIN__ligand1823-0
366,HURJIN__ligand5643-0
367,HURJIN__ligand26540-0
368,HURJIN__ligand8721-0
369,HURJIN__ligand12337-0
370,HURJIN__ligand1324-0
371,HURJIN__ligand29410-0
372,HURJIN__ligand30333-0
373,HURJIN__ligand9111-0
374,HURJIN__ligand9952-0
375,HURJIN__ligand1615-0
376,HURJIN__ligand12606-0
377,HURJIN__ligand5036-0
378,HURJIN__ligand2526-0
379,HURJIN__ligand488-0
380,HURJIN__ligand8992-0
381,HURJIN__ligand9601-0
382,HURJIN__ligand358-0
383,HURJIN__ligand27460-0
384,HURJIN__ligand430-0
385,HURJIN__ligand7967-0
386,HURJIN__ligand12427-0
387,HURJIN__ligand3707-0
388,HURJIN__ligand6124-0
389,HURJIN__ligand694-0
390,HURJIN__ligand28468-0
391,HURJIN__ligand20740-0
392,HURJIN__ligand89-0
393,HURJIN__ligand4116-0
394,HURJIN__ligand1018-0
395,HURJIN__ligand16628-0
396,HURJIN__ligand2915-0
397,HURJIN__ligand1-0
398,HURJIN__ligand14723-0
399,HURJIN__ligand3156-0
400,HURJIN__ligand27893-0
401,HURJIN__ligand12934-0
402,HURJIN__ligand20578-0
403,HURJIN__ligand15422-0
404,HURJIN__ligand19641-0
405,HURJIN__ligand27175-0
406,HURJIN__ligand18832-0
407,HURJIN__ligand23713-0
408,HURJIN__ligand6244-0
409,HURJIN__ligand1378-0
410,HURJIN__ligand30988-0
411,HURJIN__ligand534-0
412,HURJIN__ligand571-0
413,HURJIN__ligand14603-0
414,HURJIN__ligand14297-0
415,HURJIN__ligand17258-0
416,HURJIN__ligand17631-0
417,HURJIN__ligand670-0
418,HURJIN__ligand13012-0
419,HURJIN__ligand2332-0
420,HURJIN__ligand26665-0
421,HURJIN__ligand9441-0
422,HURJIN__ligand1631-0
423,HURJIN__ligand31783-0
424,HURJIN__ligand9933-0
425,HURJIN__ligand1530-0
426,HURJIN__ligand1575-0
427,HURJIN__ligand250-0
428,HURJIN__ligand3712-0
429,HURJIN__ligand1464-0
430,HURJIN__ligand14167-0
431,HURJIN__ligand13477-0
432,HURJIN__ligand27669-0
433,HURJIN__ligand24-0
434,HURJIN__ligand2881-0
435,HURJIN__ligand1499-0
436,HURJIN__ligand30142-0
437,HURJIN__ligand6892-0
438,HURJIN__ligand1211-0
439,HURJIN__ligand3632-0
440,HURJIN__ligand370-0
441,HURJIN__ligand3677-0
442,HURJIN__ligand23197-0
443,HURJIN__ligand1294-0
444,HURJIN__ligand1168-0
445,HURJIN__ligand6699-0
446,HURJIN__ligand19-0
447,HURJIN__ligand27285-0
448,HURJIN__ligand29029-0
449,HURJIN__ligand2985-0
450,HURJIN__ligand13672-0
451,HURJIN__ligand4007-0
452,HURJIN__ligand479-0
453,HURJIN__ligand9299-0
454,HURJIN__ligand311-0
455,HURJIN__ligand18568-0
456,HURJIN__ligand28685-0
457,HURJIN__ligand785-0
458,HURJIN__ligand7291-0
459,HURJIN__ligand564-0
460,HURJIN__ligand10371-0
461,HURJIN__ligand620-0
462,HURJIN__ligand78-0
463,HURJIN__ligand9883-0
464,HURJIN__ligand3677-1
465,HURJIN__ligand370-1
466,HURJIN__ligand9344-0
467,HURJIN__ligand45-0
468,HURJIN__ligand8000-0
469,HURJIN__ligand28459-0
470,HURJIN__ligand188-0
471,HURJIN__ligand12453-0
472,HURJIN__ligand3736-0
473,HURJIN__ligand18448-0
474,HURJIN__ligand3945-0
475,HURJIN__ligand19184-0
476,HURJIN__ligand2693-0
477,HURJIN__ligand5383-0
478,HURJIN__ligand6117-0
479,HURJIN__ligand1407-0
480,HURJIN__ligand5509-0
481,HURJIN__ligand8002-0
482,HURJIN__ligand16988-0
483,HURJIN__ligand25913-0
484,HURJIN__ligand177-0
485,HURJIN__ligand30711-0
486,HURJIN__ligand20207-0
487,HURJIN__ligand11682-0
488,HURJIN__ligand7762-0
489,HURJIN__ligand5080-0
490,HURJIN__ligand5304-0
491,HURJIN__ligand9167-0
492,HURJIN__ligand24035-0
493,HURJIN__ligand11994-0
494,HURJIN__ligand31044-0
495,HURJIN__ligand2238-0
496,HURJIN__ligand31842-0
497,HURJIN__ligand909-0
498,HURJIN__ligand16663-0
499,HURJIN__ligand2822-0
500,HURJIN__ligand7293-0
501,HURJIN__ligand14614-0
502,HURJIN__ligand1317-0
503,HURJIN__ligand3867-0
504,HURJIN__ligand22294-0
505,HURJIN__ligand2259-0
506,HURJIN__ligand1296-0
507,HURJIN__ligand22168-0
508,HURJIN__ligand28930-0
509,HURJIN__ligand830-0
510,HURJIN__ligand5099-0
511,HURJIN__ligand8592-0
512,HURJIN__ligand21919-0
513,HURJIN__ligand1197-0
514,HURJIN__ligand372-0
515,HURJIN__ligand5510-0
516,HURJIN__ligand12365-0
517,HURJIN__ligand193-0
518,HURJIN__ligand1376-0
519,HURJIN__ligand10056-0
520,HURJIN__ligand9773-0
521,HURJIN__ligand11357-0
522,HURJIN__ligand13862-0
523,HURJIN__ligand28743-0
524,HURJIN__ligand15531-0
525,HURJIN__ligand24230-0
526,HURJIN__ligand28810-0
527,HURJIN__ligand116-0
528,HURJIN__ligand4101-0
529,HURJIN__ligand5595-0
530,HURJIN__ligand11447-0
531,HURJIN__ligand11096-0
532,HURJIN__ligand19792-0
533,HURJIN__ligand10828-0
534,HURJIN__ligand252-0
535,HURJIN__ligand15926-0
536,HURJIN__ligand3120-0
537,HURJIN__ligand3926-0
538,HURJIN__ligand11970-0
539,HURJIN__ligand4358-0
540,HURJIN__ligand15883-0
541,HURJIN__ligand2221-0
542,HURJIN__ligand25561-0
543,HURJIN__ligand5180-0
544,HURJIN__ligand197-0
545,HURJIN__ligand11949-0
546,HURJIN__ligand6017-0
547,HURJIN__ligand12138-0
548,HURJIN__ligand24780-0
549,HURJIN__ligand5708-0
550,HURJIN__ligand7316-0
551,HURJIN__ligand22129-0
552,HURJIN__ligand1153-0
553,HURJIN__ligand3225-0
554,HURJIN__ligand1116-0
555,HURJIN__ligand7092-0
556,HURJIN__ligand2260-0
557,HURJIN__ligand17427-0
558,HURJIN__ligand2124-0
559,HURJIN__ligand8612-0
560,HURJIN__ligand31694-0
561,HURJIN__ligand7172-0
562,HURJIN__ligand9323-0
563,HURJIN__ligand67-0
564,HURJIN__ligand29486-0
565,HURJIN__ligand7273-0
566,HURJIN__ligand11587-0
567,HURJIN__ligand13220-0
568,HURJIN__ligand2906-0
569,HURJIN__ligand23175-0
570,HURJIN__ligand15788-0
571,HURJIN__ligand868-0
572,HURJIN__ligand17396-0
573,HURJIN__ligand4711-0
574,HURJIN__ligand3244-0
575,HURJIN__ligand43-0
576,HURJIN__ligand13385-0
577,HURJIN__ligand8793-0
578,HURJIN__ligand2788-0
579,HURJIN__ligand5649-0
580,HURJIN__ligand14569-0
581,HURJIN__ligand4649-0
582,HURJIN__ligand24111-0
583,HURJIN__ligand22444-0
584,HURJIN__ligand9753-0
585,HURJIN__ligand24644-0
586,HURJIN__ligand5530-0
587,HURJIN__ligand10033-0
588,HURJIN__ligand1356-0
589,HURJIN__ligand1787-0
590,HURJIN__ligand5159-0
591,HURJIN__ligand7196-0
592,HURJIN__ligand12001-0
593,HURJIN__ligand30728-0
594,HURJIN__ligand4807-0
595,HURJIN__ligand27840-0
596,HURJIN__ligand352-0
597,HURJIN__ligand783-0
598,HURJIN__ligand3178-0
599,HURJIN__ligand24872-0
600,HURJIN__ligand12003-0
601,HURJIN__ligand9450-0
602,HURJIN__ligand26631-0
603,HURJIN__ligand16148-0
604,HURJIN__ligand21399-0
605,HURJIN__ligand10872-0
606,HURJIN__ligand560-0
607,HURJIN__ligand29215-0
608,HURJIN__ligand2612-0
609,HURJIN__ligand1599-0
610,HURJIN__ligand2203-0
611,HURJIN__ligand5387-0
612,HURJIN__ligand27754-0
613,HURJIN__ligand20695-0
614,HURJIN__ligand1289-0
615,HURJIN__ligand28540-0
616,HURJIN__ligand11111-0
617,HURJIN__ligand16369-0
618,HURJIN__ligand22403-0
619,HURJIN__ligand235-0
620,HURJIN__ligand134-0
621,HURJIN__ligand11618-0
622,HURJIN__ligand9284-0
623,HURJIN__ligand3126-0
624,HURJIN__ligand421-0
625,HURJIN__ligand6391-0
626,HURJIN__ligand1114-0
627,HURJIN__ligand2417-0
628,HURJIN__ligand685-0
629,HURJIN__ligand26529-0
630,HURJIN__ligand2043-0
631,HURJIN__ligand21729-0
632,HURJIN__ligand27239-0
633,HURJIN__ligand8788-0
634,HURJIN__ligand294-0
635,HURJIN__ligand1832-0
636,HURJIN__ligand1604-0
637,HURJIN__ligand19927-0
638,HURJIN__ligand14043-0
639,HURJIN__ligand9943-0
640,HURJIN__ligand28559-0
641,HURJIN__ligand1228-0
642,HURJIN__ligand26324-0
643,HURJIN__ligand26673-0
644,HURJIN__ligand6995-0
645,HURJIN__ligand20821-0
646,HURJIN__ligand2823-0
647,HURJIN__ligand2281-0
648,HURJIN__ligand2650-0
649,HURJIN__ligand11606-0
650,HURJIN__ligand4340-0
651,HURJIN__ligand3180-0
652,HURJIN__ligand487-0
653,HURJIN__ligand31000-0
654,HURJIN__ligand746-0
655,HURJIN__ligand11252-0
656,HURJIN__ligand447-0
657,HURJIN__ligand10582-0
658,HURJIN__ligand13260-0
659,HURJIN__ligand5415-0
660,HURJIN__ligand4124-0
661,HURJIN__ligand3471-0
662,HURJIN__ligand176-0
663,HURJIN__ligand4161-0
664,HURJIN__ligand19824-0
665,HURJIN__ligand18067-0
666,HURJIN__ligand11177-0
667,HURJIN__ligand15455-0
668,HURJIN__ligand1113-0
669,HURJIN__ligand8553-0
670,HURJIN__ligand152-0
671,HURJIN__ligand31205-0
672,HURJIN__ligand25658-0
673,HURJIN__ligand17686-0
674,HURJIN__ligand5201-0
675,HURJIN__ligand2001-0
676,HURJIN__ligand11814-0
677,HURJIN__ligand506-0
678,HURJIN__ligand7566-0
679,HURJIN__ligand16603-0
680,HURJIN__ligand16870-0
681,HURJIN__ligand9944-0
682,HURJIN__ligand8593-0
683,HURJIN__ligand11622-0
684,HURJIN__ligand18-0
685,HURJIN__ligand27610-0
686,HURJIN__ligand10479-0
687,HURJIN__ligand11479-0
688,HURJIN__ligand29441-0
689,HURJIN__ligand10853-0
690,HURJIN__ligand24851-0
691,HURJIN__ligand13657-0
692,HURJIN__ligand14347-0
693,HURJIN__ligand8529-0
694,HURJIN__ligand14302-0
695,HURJIN__ligand833-0
696,HURJIN__ligand20530-0
697,HURJIN__ligand1169-0
698,HURJIN__ligand11698-0
699,HURJIN__ligand20220-0
700,HURJIN__ligand1154-0
701,HURJIN__ligand20121-0
702,HURJIN__ligand9615-0
703,HURJIN__ligand15387-0
704,HURJIN__ligand115-0
705,HURJIN__ligand4596-0
706,HURJIN__ligand16952-0
707,HURJIN__ligand29813-0
708,HURJIN__ligand1498-0
709,HURJIN__ligand10151-0
710,HURJIN__ligand368-0
711,HURJIN__ligand395-0
712,HURJIN__ligand2692-0
713,HURJIN__ligand1618-0
714,HURJIN__ligand1028-0
715,HURJIN__ligand4262-0
716,HURJIN__ligand2027-0
717,HURJIN__ligand22353-0
718,HURJIN__ligand1050-0
719,HURJIN__ligand1015-0
720,HURJIN__ligand19906-0
721,HURJIN__ligand19668-0
722,HURJIN__ligand784-0
723,HURJIN__ligand20731-0
724,HURJIN__ligand9491-0
725,HURJIN__ligand12413-0
726,HURJIN__ligand1400-0
727,HURJIN__ligand4266-0
728,HURJIN__ligand29334-0
729,HURJIN__ligand11798-0
730,HURJIN__ligand618-0
731,HURJIN__ligand4167-0
732,HURJIN__ligand391-0
733,HURJIN__ligand14477-0
734,HURJIN__ligand17069-0
735,HURJIN__ligand1288-0
736,HURJIN__ligand17445-0
737,HURJIN__ligand29214-0
738,HURJIN__ligand7075-0
739,HURJIN__ligand780-0
740,HURJIN__ligand314-0
741,HURJIN__ligand1149-0
742,HURJIN__ligand11501-0
743,HURJIN__ligand11544-0
744,HURJIN__ligand813-0
745,HURJIN__ligand3557-0
746,HURJIN__ligand3980-0
747,HURJIN__ligand21448-0
748,HURJIN__ligand1817-0
749,HURJIN__ligand6993-0
750,HURJIN__ligand38-0
751,HURJIN__ligand1779-0
752,HURJIN__ligand9750-0
753,HURJIN__ligand22357-0
754,HURJIN__ligand11758-0
755,HURJIN__ligand4063-0
756,HURJIN__ligand8200-0
757,HURJIN__ligand7438-0
758,HURJIN__ligand14007-0
759,HURJIN__ligand18019-1
760,HURJIN__ligand8-0
761,HURJIN__ligand27550-0
762,HURJIN__ligand3042-0
763,HURJIN__ligand314-1
764,HURJIN__ligand20942-1
765,HURJIN__ligand3416-0
766,HURJIN__ligand3453-0
767,HURJIN__ligand14226-0
768,HURJIN__ligand21339-0
769,HURJIN__ligand16956-0
770,HURJIN__ligand4207-0
771,HURJIN__ligand23682-0
772,HURJIN__ligand1539-0
773,HURJIN__ligand465-0
774,HURJIN__ligand29565-0
775,HURJIN__ligand27771-0
776,HURJIN__ligand18158-0
777,HURJIN__ligand1150-0
778,HURJIN__ligand21752-0
779,HURJIN__ligand686-0
780,HURJIN__ligand1849-0
781,HURJIN__ligand66-0
782,HURJIN__ligand3261-0
783,HURJIN__ligand1152-0
784,HURJIN__ligand14339-0
785,HURJIN__ligand5019-0
786,HURJIN__ligand1216-0
787,HURJIN__ligand30788-0
788,HURJIN__ligand422-0
789,HURJIN__ligand13691-0
790,HURJIN__ligand5614-0
791,HURJIN__ligand5280-0
792,HURJIN__ligand1831-0
793,HURJIN__ligand18757-0
794,HURJIN__ligand24560-0
795,HURJIN__ligand5515-0
796,HURJIN__ligand6663-0
797,HURJIN__ligand196-0
798,HURJIN__ligand18413-0
799,HURJIN__ligand20844-0
800,HURJIN__ligand24624-0
801,HURJIN__ligand30004-0
802,HURJIN__ligand1908-0
803,HURJIN__ligand20557-0
804,HURJIN__ligand353-0
805,HURJIN__ligand4795-0
806,HURJIN__ligand3285-0
807,HURJIN__ligand1786-0
808,HURJIN__ligand5630-0
809,HURJIN__ligand1397-0
810,HURJIN__ligand42-0
811,HURJIN__ligand7213-0
812,HURJIN__ligand16133-0
813,HURJIN__ligand13755-0
814,HURJIN__ligand27122-0
815,HURJIN__ligand1828-0
816,HURJIN__ligand20432-0
817,HURJIN__ligand6112-0
818,HURJIN__ligand24953-0
819,HURJIN__ligand23445-0
820,HURJIN__ligand8042-0
821,HURJIN__ligand21940-0
822,HURJIN__ligand3144-0
823,HURJIN__ligand25048-0
824,HURJIN__ligand5085-0
825,HURJIN__ligand393-0
826,HURJIN__ligand4710-0
827,HURJIN__ligand5755-0
