,TMC
0,SUGNIT__ligand4-0
1,SUGNIT__ligand9883-0
2,SUGNIT__ligand3677-1
3,SUGNIT__ligand7291-0
4,SUGNIT__ligand10371-0
5,SUGNIT__ligand115-0
6,SUGNIT__ligand9299-0
7,SUGNIT__ligand13672-0
8,SUGNIT__ligand18568-0
9,SUGNIT__ligand2985-0
10,SUGNIT__ligand28685-0
11,SUGNIT__ligand4007-0
12,SUGNIT__ligand2693-0
13,SUGNIT__ligand5383-0
14,SUGNIT__ligand19184-0
15,SUGNIT__ligand3945-0
16,SUGNIT__ligand833-0
17,SUGNIT__ligand8000-0
18,SUGNIT__ligand3736-0
19,SUGNIT__ligand28459-0
20,SUGNIT__ligand9344-0
21,SUGNIT__ligand12453-0
22,SUGNIT__ligand18448-0
23,SUGNIT__ligand1211-0
24,SUGNIT__ligand784-0
25,SUGNIT__ligand6892-0
26,SUGNIT__ligand13477-0
27,SUGNIT__ligand14167-0
28,SUGNIT__ligand2881-0
29,SUGNIT__ligand1499-0
30,SUGNIT__ligand3712-0
31,SUGNIT__ligand1464-0
32,SUGNIT__ligand27669-0
33,SUGNIT__ligand30142-0
34,SUGNIT__ligand29029-0
35,SUGNIT__ligand27285-0
36,SUGNIT__ligand6699-0
37,SUGNIT__ligand368-0
38,SUGNIT__ligand1294-0
39,SUGNIT__ligand1168-0
40,SUGNIT__ligand23197-0
41,SUGNIT__ligand3677-0
42,SUGNIT__ligand3632-0
43,SUGNIT__ligand395-0
44,SUGNIT__ligand12365-0
45,SUGNIT__ligand10056-0
46,SUGNIT__ligand18-0
47,SUGNIT__ligand5510-0
48,SUGNIT__ligand28743-0
49,SUGNIT__ligand15531-0
50,SUGNIT__ligand1376-0
51,SUGNIT__ligand13862-0
52,SUGNIT__ligand11357-0
53,SUGNIT__ligand9773-0
54,SUGNIT__ligand176-0
55,SUGNIT__ligand8592-0
56,SUGNIT__ligand22294-0
57,SUGNIT__ligand746-0
58,SUGNIT__ligand5099-0
59,SUGNIT__ligand22168-0
60,SUGNIT__ligand28930-0
61,SUGNIT__ligand1197-0
62,SUGNIT__ligand447-0
63,SUGNIT__ligand2259-0
64,SUGNIT__ligand21919-0
65,SUGNIT__ligand1296-0
66,SUGNIT__ligand11970-0
67,SUGNIT__ligand2221-0
68,SUGNIT__ligand3926-0
69,SUGNIT__ligand3120-0
70,SUGNIT__ligand15883-0
71,SUGNIT__ligand487-0
72,SUGNIT__ligand4358-0
73,SUGNIT__ligand24230-0
74,SUGNIT__ligand11096-0
75,SUGNIT__ligand11447-0
76,SUGNIT__ligand28810-0
77,SUGNIT__ligand10828-0
78,SUGNIT__ligand19792-0
79,SUGNIT__ligand4101-0
80,SUGNIT__ligand15926-0
81,SUGNIT__ligand5595-0
82,SUGNIT__ligand20207-0
83,SUGNIT__ligand30711-0
84,SUGNIT__ligand11682-0
85,SUGNIT__ligand5080-0
86,SUGNIT__ligand7762-0
87,SUGNIT__ligand25913-0
88,SUGNIT__ligand506-0
89,SUGNIT__ligand16988-0
90,SUGNIT__ligand6117-0
91,SUGNIT__ligand1407-0
92,SUGNIT__ligand8002-0
93,SUGNIT__ligand5509-0
94,SUGNIT__ligand152-0
95,SUGNIT__ligand7293-0
96,SUGNIT__ligand2822-0
97,SUGNIT__ligand3867-0
98,SUGNIT__ligand1317-0
99,SUGNIT__ligand16663-0
100,SUGNIT__ligand14614-0
101,SUGNIT__ligand24035-0
102,SUGNIT__ligand2238-0
103,SUGNIT__ligand5304-0
104,SUGNIT__ligand11994-0
105,SUGNIT__ligand31044-0
106,SUGNIT__ligand9167-0
107,SUGNIT__ligand31842-0
108,SUGNIT__ligand13385-0
109,SUGNIT__ligand14569-0
110,SUGNIT__ligand2788-0
111,SUGNIT__ligand22444-0
112,SUGNIT__ligand5649-0
113,SUGNIT__ligand196-0
114,SUGNIT__ligand8793-0
115,SUGNIT__ligand4649-0
116,SUGNIT__ligand24111-0
117,SUGNIT__ligand13220-0
118,SUGNIT__ligand11587-0
119,SUGNIT__ligand3244-0
120,SUGNIT__ligand4711-0
121,SUGNIT__ligand15788-0
122,SUGNIT__ligand23175-0
123,SUGNIT__ligand17396-0
124,SUGNIT__ligand2906-0
125,SUGNIT__ligand30728-0
126,SUGNIT__ligand3178-0
127,SUGNIT__ligand27840-0
128,SUGNIT__ligand4807-0
129,SUGNIT__ligand24872-0
130,SUGNIT__ligand422-0
131,SUGNIT__ligand24644-0
132,SUGNIT__ligand38-0
133,SUGNIT__ligand686-0
134,SUGNIT__ligand5159-0
135,SUGNIT__ligand10033-0
136,SUGNIT__ligand7196-0
137,SUGNIT__ligand9753-0
138,SUGNIT__ligand5530-0
139,SUGNIT__ligand12001-0
140,SUGNIT__ligand1356-0
141,SUGNIT__ligand1787-0
142,SUGNIT__ligand11949-0
143,SUGNIT__ligand5708-0
144,SUGNIT__ligand7316-0
145,SUGNIT__ligand24780-0
146,SUGNIT__ligand393-0
147,SUGNIT__ligand12138-0
148,SUGNIT__ligand22129-0
149,SUGNIT__ligand6017-0
150,SUGNIT__ligand5180-0
151,SUGNIT__ligand25561-0
152,SUGNIT__ligand9323-0
153,SUGNIT__ligand31694-0
154,SUGNIT__ligand7273-0
155,SUGNIT__ligand29486-0
156,SUGNIT__ligand7172-0
157,SUGNIT__ligand2124-0
158,SUGNIT__ligand8612-0
159,SUGNIT__ligand1116-0
160,SUGNIT__ligand1153-0
161,SUGNIT__ligand3225-0
162,SUGNIT__ligand2260-0
163,SUGNIT__ligand7092-0
164,SUGNIT__ligand17427-0
165,SUGNIT__ligand353-0
166,SUGNIT__ligand66-0
167,SUGNIT__ligand26529-0
168,SUGNIT__ligand2417-0
169,SUGNIT__ligand314-0
170,SUGNIT__ligand780-0
171,SUGNIT__ligand11618-0
172,SUGNIT__ligand1114-0
173,SUGNIT__ligand813-0
174,SUGNIT__ligand9284-0
175,SUGNIT__ligand3126-0
176,SUGNIT__ligand6391-0
177,SUGNIT__ligand9943-0
178,SUGNIT__ligand1228-0
179,SUGNIT__ligand19927-0
180,SUGNIT__ligand391-0
181,SUGNIT__ligand1604-0
182,SUGNIT__ligand14043-0
183,SUGNIT__ligand26324-0
184,SUGNIT__ligand28559-0
185,SUGNIT__ligand8788-0
186,SUGNIT__ligand27239-0
187,SUGNIT__ligand1832-0
188,SUGNIT__ligand21729-0
189,SUGNIT__ligand618-0
190,SUGNIT__ligand2043-0
191,SUGNIT__ligand1599-0
192,SUGNIT__ligand465-0
193,SUGNIT__ligand29215-0
194,SUGNIT__ligand2612-0
195,SUGNIT__ligand12003-0
196,SUGNIT__ligand16148-0
197,SUGNIT__ligand26631-0
198,SUGNIT__ligand10872-0
199,SUGNIT__ligand21399-0
200,SUGNIT__ligand9450-0
201,SUGNIT__ligand22403-0
202,SUGNIT__ligand42-0
203,SUGNIT__ligand314-1
204,SUGNIT__ligand20695-0
205,SUGNIT__ligand27754-0
206,SUGNIT__ligand11111-0
207,SUGNIT__ligand5387-0
208,SUGNIT__ligand2203-0
209,SUGNIT__ligand28540-0
210,SUGNIT__ligand1289-0
211,SUGNIT__ligand16369-0
212,SUGNIT__ligand909-0
213,SUGNIT__ligand5201-0
214,SUGNIT__ligand31205-0
215,SUGNIT__ligand24-0
216,SUGNIT__ligand17686-0
217,SUGNIT__ligand25658-0
218,SUGNIT__ligand11177-0
219,SUGNIT__ligand1113-0
220,SUGNIT__ligand8553-0
221,SUGNIT__ligand15455-0
222,SUGNIT__ligand9944-0
223,SUGNIT__ligand8593-0
224,SUGNIT__ligand16870-0
225,SUGNIT__ligand11622-0
226,SUGNIT__ligand7566-0
227,SUGNIT__ligand11814-0
228,SUGNIT__ligand19-0
229,SUGNIT__ligand2001-0
230,SUGNIT__ligand16603-0
231,SUGNIT__ligand177-0
232,SUGNIT__ligand11606-0
233,SUGNIT__ligand3180-0
234,SUGNIT__ligand2281-0
235,SUGNIT__ligand2650-0
236,SUGNIT__ligand4340-0
237,SUGNIT__ligand31000-0
238,SUGNIT__ligand26673-0
239,SUGNIT__ligand116-0
240,SUGNIT__ligand2823-0
241,SUGNIT__ligand78-0
242,SUGNIT__ligand20821-0
243,SUGNIT__ligand252-0
244,SUGNIT__ligand6995-0
245,SUGNIT__ligand45-0
246,SUGNIT__ligand3471-0
247,SUGNIT__ligand4161-0
248,SUGNIT__ligand4124-0
249,SUGNIT__ligand193-0
250,SUGNIT__ligand18067-0
251,SUGNIT__ligand19824-0
252,SUGNIT__ligand830-0
253,SUGNIT__ligand11252-0
254,SUGNIT__ligand5415-0
255,SUGNIT__ligand372-0
256,SUGNIT__ligand13260-0
257,SUGNIT__ligand10582-0
258,SUGNIT__ligand4262-0
259,SUGNIT__ligand1028-0
260,SUGNIT__ligand10151-0
261,SUGNIT__ligand2692-0
262,SUGNIT__ligand370-0
263,SUGNIT__ligand1618-0
264,SUGNIT__ligand19906-0
265,SUGNIT__ligand19668-0
266,SUGNIT__ligand1015-0
267,SUGNIT__ligand1050-0
268,SUGNIT__ligand250-0
269,SUGNIT__ligand22353-0
270,SUGNIT__ligand2027-0
271,SUGNIT__ligand8529-0
272,SUGNIT__ligand1169-0
273,SUGNIT__ligand24851-0
274,SUGNIT__ligand14347-0
275,SUGNIT__ligand13657-0
276,SUGNIT__ligand14302-0
277,SUGNIT__ligand11698-0
278,SUGNIT__ligand20530-0
279,SUGNIT__ligand11479-0
280,SUGNIT__ligand10479-0
281,SUGNIT__ligand27610-0
282,SUGNIT__ligand188-0
283,SUGNIT__ligand10853-0
284,SUGNIT__ligand29441-0
285,SUGNIT__ligand4596-0
286,SUGNIT__ligand564-0
287,SUGNIT__ligand1498-0
288,SUGNIT__ligand29813-0
289,SUGNIT__ligand16952-0
290,SUGNIT__ligand370-1
291,SUGNIT__ligand620-0
292,SUGNIT__ligand20220-0
293,SUGNIT__ligand9615-0
294,SUGNIT__ligand20121-0
295,SUGNIT__ligand785-0
296,SUGNIT__ligand311-0
297,SUGNIT__ligand1154-0
298,SUGNIT__ligand15387-0
299,SUGNIT__ligand479-0
300,SUGNIT__ligand235-0
301,SUGNIT__ligand27550-0
302,SUGNIT__ligand134-0
303,SUGNIT__ligand3042-0
304,SUGNIT__ligand14007-0
305,SUGNIT__ligand4063-0
306,SUGNIT__ligand8200-0
307,SUGNIT__ligand7438-0
308,SUGNIT__ligand18019-1
309,SUGNIT__ligand23682-0
310,SUGNIT__ligand29565-0
311,SUGNIT__ligand1150-0
312,SUGNIT__ligand27771-0
313,SUGNIT__ligand1539-0
314,SUGNIT__ligand18158-0
315,SUGNIT__ligand21339-0
316,SUGNIT__ligand14226-0
317,SUGNIT__ligand4207-0
318,SUGNIT__ligand16956-0
319,SUGNIT__ligand20942-1
320,SUGNIT__ligand67-0
321,SUGNIT__ligand3453-0
322,SUGNIT__ligand3416-0
323,SUGNIT__ligand560-0
324,SUGNIT__ligand14477-0
325,SUGNIT__ligand17069-0
326,SUGNIT__ligand17445-0
327,SUGNIT__ligand1288-0
328,SUGNIT__ligand20731-0
329,SUGNIT__ligand43-0
330,SUGNIT__ligand29334-0
331,SUGNIT__ligand4167-0
332,SUGNIT__ligand12413-0
333,SUGNIT__ligand294-0
334,SUGNIT__ligand9491-0
335,SUGNIT__ligand11798-0
336,SUGNIT__ligand4266-0
337,SUGNIT__ligand1400-0
338,SUGNIT__ligand21448-0
339,SUGNIT__ligand9750-0
340,SUGNIT__ligand1-0
341,SUGNIT__ligand6993-0
342,SUGNIT__ligand1817-0
343,SUGNIT__ligand1779-0
344,SUGNIT__ligand11758-0
345,SUGNIT__ligand22357-0
346,SUGNIT__ligand685-0
347,SUGNIT__ligand1149-0
348,SUGNIT__ligand421-0
349,SUGNIT__ligand3980-0
350,SUGNIT__ligand29214-0
351,SUGNIT__ligand3557-0
352,SUGNIT__ligand7075-0
353,SUGNIT__ligand11501-0
354,SUGNIT__ligand11544-0
355,SUGNIT__ligand5630-0
356,SUGNIT__ligand3-0
357,SUGNIT__ligand1786-0
358,SUGNIT__ligand4795-0
359,SUGNIT__ligand3285-0
360,SUGNIT__ligand30004-0
361,SUGNIT__ligand20557-0
362,SUGNIT__ligand1908-0
363,SUGNIT__ligand21940-0
364,SUGNIT__ligand4710-0
365,SUGNIT__ligand5755-0
366,SUGNIT__ligand25048-0
367,SUGNIT__ligand3144-0
368,SUGNIT__ligand5085-0
369,SUGNIT__ligand6112-0
370,SUGNIT__ligand16133-0
371,SUGNIT__ligand13755-0
372,SUGNIT__ligand8042-0
373,SUGNIT__ligand20432-0
374,SUGNIT__ligand27122-0
375,SUGNIT__ligand1397-0
376,SUGNIT__ligand7213-0
377,SUGNIT__ligand197-0
378,SUGNIT__ligand1828-0
379,SUGNIT__ligand24953-0
380,SUGNIT__ligand23445-0
381,SUGNIT__ligand1216-0
382,SUGNIT__ligand14339-0
383,SUGNIT__ligand13691-0
384,SUGNIT__ligand1152-0
385,SUGNIT__ligand3261-0
386,SUGNIT__ligand30788-0
387,SUGNIT__ligand352-0
388,SUGNIT__ligand783-0
389,SUGNIT__ligand5019-0
390,SUGNIT__ligand21752-0
391,SUGNIT__ligand1849-0
392,SUGNIT__ligand5515-0
393,SUGNIT__ligand6663-0
394,SUGNIT__ligand24560-0
395,SUGNIT__ligand18757-0
396,SUGNIT__ligand5280-0
397,SUGNIT__ligand5614-0
398,SUGNIT__ligand1831-0
399,SUGNIT__ligand24624-0
400,SUGNIT__ligand18413-0
401,SUGNIT__ligand20844-0
402,SUGNIT__ligand868-0
403,SUGNIT__ligand7107-0
404,SUGNIT__ligand11-0
405,SUGNIT__ligand25735-0
406,SUGNIT__ligand326-0
407,SUGNIT__ligand12519-0
408,SUGNIT__ligand3215-0
409,SUGNIT__ligand23124-0
410,SUGNIT__ligand11206-0
411,SUGNIT__ligand6062-0
412,SUGNIT__ligand12660-0
413,SUGNIT__ligand4813-0
414,SUGNIT__ligand5813-0
415,SUGNIT__ligand436-0
416,SUGNIT__ligand4738-0
417,SUGNIT__ligand19257-0
418,SUGNIT__ligand13209-0
419,SUGNIT__ligand25650-0
420,SUGNIT__ligand692-0
421,SUGNIT__ligand69-0
422,SUGNIT__ligand31248-0
423,SUGNIT__ligand6283-0
424,SUGNIT__ligand27835-0
425,SUGNIT__ligand2599-0
426,SUGNIT__ligand4330-0
427,SUGNIT__ligand12295-0
428,SUGNIT__ligand4194-0
429,SUGNIT__ligand25689-0
430,SUGNIT__ligand25575-0
431,SUGNIT__ligand21787-0
432,SUGNIT__ligand7532-0
433,SUGNIT__ligand30539-0
434,SUGNIT__ligand2068-0
435,SUGNIT__ligand633-0
436,SUGNIT__ligand7925-0
437,SUGNIT__ligand3973-0
438,SUGNIT__ligand23906-0
439,SUGNIT__ligand497-0
440,SUGNIT__ligand11166-0
441,SUGNIT__ligand1147-0
442,SUGNIT__ligand21132-0
443,SUGNIT__ligand588-0
444,SUGNIT__ligand10084-0
445,SUGNIT__ligand25267-0
446,SUGNIT__ligand2403-0
447,SUGNIT__ligand12467-0
448,SUGNIT__ligand21936-0
449,SUGNIT__ligand300-0
450,SUGNIT__ligand6882-0
451,SUGNIT__ligand13257-0
452,SUGNIT__ligand6455-0
453,SUGNIT__ligand23904-0
454,SUGNIT__ligand3934-0
455,SUGNIT__ligand4332-0
456,SUGNIT__ligand27074-0
457,SUGNIT__ligand20599-0
458,SUGNIT__ligand22981-0
459,SUGNIT__ligand25805-0
460,SUGNIT__ligand9681-0
461,SUGNIT__ligand1065-0
462,SUGNIT__ligand7530-0
463,SUGNIT__ligand199-0
464,SUGNIT__ligand18391-0
465,SUGNIT__ligand1449-0
466,SUGNIT__ligand3012-0
467,SUGNIT__ligand14523-0
468,SUGNIT__ligand27169-0
469,SUGNIT__ligand16791-0
470,SUGNIT__ligand5483-0
471,SUGNIT__ligand28668-0
472,SUGNIT__ligand5316-0
473,SUGNIT__ligand2830-0
474,SUGNIT__ligand5627-0
475,SUGNIT__ligand18799-0
476,SUGNIT__ligand18465-0
477,SUGNIT__ligand1729-0
478,SUGNIT__ligand7529-0
479,SUGNIT__ligand13869-0
480,SUGNIT__ligand18074-0
481,SUGNIT__ligand1415-0
482,SUGNIT__ligand29863-0
483,SUGNIT__ligand6946-0
484,SUGNIT__ligand29610-0
485,SUGNIT__ligand9148-0
486,SUGNIT__ligand409-0
487,SUGNIT__ligand11140-0
488,SUGNIT__ligand324-0
489,SUGNIT__ligand361-0
490,SUGNIT__ligand694-0
491,SUGNIT__ligand1768-0
492,SUGNIT__ligand24613-0
493,SUGNIT__ligand3871-0
494,SUGNIT__ligand1469-0
495,SUGNIT__ligand19725-0
496,SUGNIT__ligand1688-0
497,SUGNIT__ligand31483-0
498,SUGNIT__ligand3647-0
499,SUGNIT__ligand10555-0
500,SUGNIT__ligand5357-0
501,SUGNIT__ligand488-0
502,SUGNIT__ligand430-0
503,SUGNIT__ligand4850-0
504,SUGNIT__ligand5056-0
505,SUGNIT__ligand358-0
506,SUGNIT__ligand1165-0
507,SUGNIT__ligand9525-0
508,SUGNIT__ligand17710-0
509,SUGNIT__ligand20579-0
510,SUGNIT__ligand3157-0
511,SUGNIT__ligand11568-0
512,SUGNIT__ligand21421-0
513,SUGNIT__ligand1379-0
514,SUGNIT__ligand2722-0
515,SUGNIT__ligand5935-0
516,SUGNIT__ligand17-0
517,SUGNIT__ligand14586-0
518,SUGNIT__ligand11774-0
519,SUGNIT__ligand5849-0
520,SUGNIT__ligand18699-0
521,SUGNIT__ligand12682-0
522,SUGNIT__ligand17240-0
523,SUGNIT__ligand1771-0
524,SUGNIT__ligand4911-0
525,SUGNIT__ligand571-0
526,SUGNIT__ligand534-0
527,SUGNIT__ligand17590-0
528,SUGNIT__ligand3392-0
529,SUGNIT__ligand670-0
530,SUGNIT__ligand13072-0
531,SUGNIT__ligand8464-0
532,SUGNIT__ligand1709-0
533,SUGNIT__ligand8349-0
534,SUGNIT__ligand12336-0
535,SUGNIT__ligand2527-0
536,SUGNIT__ligand29087-0
537,SUGNIT__ligand3350-0
538,SUGNIT__ligand7573-0
539,SUGNIT__ligand2781-0
540,SUGNIT__ligand226-0
541,SUGNIT__ligand49-0
542,SUGNIT__ligand6672-0
543,SUGNIT__ligand9809-0
544,SUGNIT__ligand1327-0
545,SUGNIT__ligand162-0
546,SUGNIT__ligand8722-0
547,SUGNIT__ligand18703-0
548,SUGNIT__ligand383-0
549,SUGNIT__ligand15438-0
550,SUGNIT__ligand28924-0
551,SUGNIT__ligand416-0
552,SUGNIT__ligand2208-0
553,SUGNIT__ligand3208-0
554,SUGNIT__ligand1900-0
555,SUGNIT__ligand9197-0
556,SUGNIT__ligand24750-0
557,SUGNIT__ligand89-0
558,SUGNIT__ligand3029-0
559,SUGNIT__ligand18013-0
560,SUGNIT__ligand25224-0
561,SUGNIT__ligand17945-0
562,SUGNIT__ligand7162-0
563,SUGNIT__ligand2328-0
564,SUGNIT__ligand17207-0
565,SUGNIT__ligand31578-0
566,SUGNIT__ligand1773-0
567,SUGNIT__ligand4581-0
568,SUGNIT__ligand5094-0
569,SUGNIT__ligand5892-0
570,SUGNIT__ligand4131-0
571,SUGNIT__ligand1712-0
572,SUGNIT__ligand29898-0
573,SUGNIT__ligand26277-0
574,SUGNIT__ligand10432-0
575,SUGNIT__ligand11432-0
576,SUGNIT__ligand31618-0
577,SUGNIT__ligand22755-0
578,SUGNIT__ligand656-0
579,SUGNIT__ligand696-0
580,SUGNIT__ligand15168-0
581,SUGNIT__ligand1496-0
582,SUGNIT__ligand7557-0
583,SUGNIT__ligand24064-0
584,SUGNIT__ligand1533-0
585,SUGNIT__ligand23589-0
586,SUGNIT__ligand17278-0
587,SUGNIT__ligand20011-0
588,SUGNIT__ligand29414-0
589,SUGNIT__ligand17982-0
590,SUGNIT__ligand4546-0
591,SUGNIT__ligand4503-0
592,SUGNIT__ligand1982-0
593,SUGNIT__ligand7000-0
594,SUGNIT__ligand384-0
595,SUGNIT__ligand17398-0
596,SUGNIT__ligand8115-0
597,SUGNIT__ligand6768-0
598,SUGNIT__ligand1285-0
599,SUGNIT__ligand11675-0
600,SUGNIT__ligand20598-0
601,SUGNIT__ligand22557-0
602,SUGNIT__ligand10589-0
603,SUGNIT__ligand24047-0
604,SUGNIT__ligand2232-0
605,SUGNIT__ligand14703-0
606,SUGNIT__ligand16475-0
607,SUGNIT__ligand9291-0
608,SUGNIT__ligand768-0
609,SUGNIT__ligand2176-0
610,SUGNIT__ligand5256-0
611,SUGNIT__ligand9833-0
612,SUGNIT__ligand7648-0
613,SUGNIT__ligand2828-0
614,SUGNIT__ligand8876-0
615,SUGNIT__ligand20251-1
616,SUGNIT__ligand4157-0
617,SUGNIT__ligand20539-0
618,SUGNIT__ligand3954-0
619,SUGNIT__ligand4442-0
620,SUGNIT__ligand4093-0
621,SUGNIT__ligand20214-0
622,SUGNIT__ligand30702-0
623,SUGNIT__ligand20251-0
624,SUGNIT__ligand8699-0
625,SUGNIT__ligand1160-0
626,SUGNIT__ligand9520-0
627,SUGNIT__ligand31097-0
628,SUGNIT__ligand21581-0
629,SUGNIT__ligand9784-0
630,SUGNIT__ligand17261-0
631,SUGNIT__ligand14117-0
632,SUGNIT__ligand57-0
633,SUGNIT__ligand7629-0
634,SUGNIT__ligand4272-0
635,SUGNIT__ligand1451-0
636,SUGNIT__ligand1304-0
637,SUGNIT__ligand1790-0
638,SUGNIT__ligand20419-0
639,SUGNIT__ligand7280-0
640,SUGNIT__ligand17118-0
641,SUGNIT__ligand141-0
642,SUGNIT__ligand21371-0
643,SUGNIT__ligand28789-0
644,SUGNIT__ligand240-0
645,SUGNIT__ligand7238-0
646,SUGNIT__ligand29568-0
647,SUGNIT__ligand4016-0
648,SUGNIT__ligand30851-0
649,SUGNIT__ligand14889-0
650,SUGNIT__ligand6709-0
651,SUGNIT__ligand1219-0
652,SUGNIT__ligand7867-0
653,SUGNIT__ligand693-0
654,SUGNIT__ligand68-0
655,SUGNIT__ligand4661-0
656,SUGNIT__ligand1844-0
657,SUGNIT__ligand3718-0
658,SUGNIT__ligand6616-0
659,SUGNIT__ligand3035-0
660,SUGNIT__ligand3876-0
661,SUGNIT__ligand1343-0
662,SUGNIT__ligand1573-0
663,SUGNIT__ligand1536-0
664,SUGNIT__ligand27482-0
665,SUGNIT__ligand26810-0
666,SUGNIT__ligand9935-0
667,SUGNIT__ligand3504-0
668,SUGNIT__ligand1959-0
669,SUGNIT__ligand13208-0
670,SUGNIT__ligand20682-0
671,SUGNIT__ligand1263-0
672,SUGNIT__ligand9908-0
673,SUGNIT__ligand7106-0
674,SUGNIT__ligand13390-0
675,SUGNIT__ligand7242-0
676,SUGNIT__ligand55-0
677,SUGNIT__ligand8969-0
678,SUGNIT__ligand3131-0
679,SUGNIT__ligand1202-0
680,SUGNIT__ligand3937-0
681,SUGNIT__ligand3174-0
682,SUGNIT__ligand6839-0
683,SUGNIT__ligand25411-0
684,SUGNIT__ligand4720-0
685,SUGNIT__ligand10712-0
686,SUGNIT__ligand3094-0
687,SUGNIT__ligand4155-0
688,SUGNIT__ligand14174-0
689,SUGNIT__ligand34-0
690,SUGNIT__ligand5211-0
691,SUGNIT__ligand11456-0
692,SUGNIT__ligand3852-0
693,SUGNIT__ligand12030-0
694,SUGNIT__ligand2485-0
695,SUGNIT__ligand122-0
696,SUGNIT__ligand14248-0
697,SUGNIT__ligand6919-0
698,SUGNIT__ligand29879-0
699,SUGNIT__ligand13331-0
700,SUGNIT__ligand28884-0
701,SUGNIT__ligand3565-0
702,SUGNIT__ligand757-0
703,SUGNIT__ligand31832-0
704,SUGNIT__ligand13294-0
705,SUGNIT__ligand1512-0
706,SUGNIT__ligand5331-0
707,SUGNIT__ligand19057-0
708,SUGNIT__ligand2028-0
709,SUGNIT__ligand8835-0
710,SUGNIT__ligand18814-0
711,SUGNIT__ligand7126-0
712,SUGNIT__ligand13425-0
713,SUGNIT__ligand29302-0
714,SUGNIT__ligand3234-0
715,SUGNIT__ligand1142-0
716,SUGNIT__ligand28676-0
717,SUGNIT__ligand10262-0
718,SUGNIT__ligand27763-0
719,SUGNIT__ligand845-0
720,SUGNIT__ligand12641-0
721,SUGNIT__ligand10958-0
722,SUGNIT__ligand4641-0
723,SUGNIT__ligand48-0
724,SUGNIT__ligand14108-0
725,SUGNIT__ligand126-0
726,SUGNIT__ligand163-0
727,SUGNIT__ligand17302-0
728,SUGNIT__ligand6067-0
729,SUGNIT__ligand1577-0
730,SUGNIT__ligand17805-0
731,SUGNIT__ligand2295-0
732,SUGNIT__ligand777-0
733,SUGNIT__ligand941-0
734,SUGNIT__ligand596-0
735,SUGNIT__ligand24185-0
736,SUGNIT__ligand91-0
737,SUGNIT__ligand23769-0
738,SUGNIT__ligand4620-0
739,SUGNIT__ligand25178-0
740,SUGNIT__ligand12401-0
741,SUGNIT__ligand15585-0
742,SUGNIT__ligand51-0
743,SUGNIT__ligand3465-0
744,SUGNIT__ligand24145-0
745,SUGNIT__ligand187-0
746,SUGNIT__ligand10476-0
747,SUGNIT__ligand6102-0
748,SUGNIT__ligand6904-0
749,SUGNIT__ligand3721-0
750,SUGNIT__ligand6596-0
751,SUGNIT__ligand13068-0
752,SUGNIT__ligand19830-0
753,SUGNIT__ligand657-0
754,SUGNIT__ligand26702-0
755,SUGNIT__ligand13658-0
756,SUGNIT__ligand18292-0
757,SUGNIT__ligand7819-0
758,SUGNIT__ligand12289-0
759,SUGNIT__ligand12130-0
760,SUGNIT__ligand2917-0
761,SUGNIT__ligand17387-0
762,SUGNIT__ligand366-0
763,SUGNIT__ligand12231-0
764,SUGNIT__ligand23713-0
765,SUGNIT__ligand1378-0
766,SUGNIT__ligand27175-0
767,SUGNIT__ligand18832-0
768,SUGNIT__ligand178-0
769,SUGNIT__ligand185-0
770,SUGNIT__ligand30988-0
771,SUGNIT__ligand279-0
772,SUGNIT__ligand16-0
773,SUGNIT__ligand6244-0
774,SUGNIT__ligand14723-0
775,SUGNIT__ligand27893-0
776,SUGNIT__ligand321-0
777,SUGNIT__ligand20578-0
778,SUGNIT__ligand12934-0
779,SUGNIT__ligand15422-0
780,SUGNIT__ligand2915-0
781,SUGNIT__ligand3156-0
782,SUGNIT__ligand19641-0
783,SUGNIT__ligand9933-0
784,SUGNIT__ligand1575-0
785,SUGNIT__ligand1530-0
786,SUGNIT__ligand31783-0
787,SUGNIT__ligand1631-0
788,SUGNIT__ligand14603-0
789,SUGNIT__ligand14297-0
790,SUGNIT__ligand2332-0
791,SUGNIT__ligand201-0
792,SUGNIT__ligand17258-0
793,SUGNIT__ligand9441-0
794,SUGNIT__ligand13012-0
795,SUGNIT__ligand17631-0
796,SUGNIT__ligand26665-0
797,SUGNIT__ligand1615-0
798,SUGNIT__ligand5036-0
799,SUGNIT__ligand2526-0
800,SUGNIT__ligand338-0
801,SUGNIT__ligand30333-0
802,SUGNIT__ligand12606-0
803,SUGNIT__ligand9111-0
804,SUGNIT__ligand9952-0
805,SUGNIT__ligand30296-0
806,SUGNIT__ligand8721-0
807,SUGNIT__ligand1324-0
808,SUGNIT__ligand17281-0
809,SUGNIT__ligand26540-0
810,SUGNIT__ligand29410-0
811,SUGNIT__ligand1823-0
812,SUGNIT__ligand5643-0
813,SUGNIT__ligand12337-0
814,SUGNIT__ligand12427-0
815,SUGNIT__ligand32-0
816,SUGNIT__ligand4116-0
817,SUGNIT__ligand1018-0
818,SUGNIT__ligand20740-0
819,SUGNIT__ligand28468-0
820,SUGNIT__ligand8-0
821,SUGNIT__ligand7967-0
822,SUGNIT__ligand6124-0
823,SUGNIT__ligand3707-0
824,SUGNIT__ligand16628-0
825,SUGNIT__ligand9601-0
826,SUGNIT__ligand8992-0
827,SUGNIT__ligand27460-0
