,TMC
0,SADRIB__ligand1260-0
1,SADRIB__ligand4894-0
2,SADRIB__ligand9620-0
3,SADRIB__ligand32-0
4,SADRIB__ligand797-0
5,SADRIB__ligand4811-0
6,SADRIB__ligand1449-1
7,SADRIB__ligand6-0
8,SADRIB__ligand757-0
9,SADRIB__ligand7514-0
10,SADRIB__ligand3337-0
11,SADRIB__ligand3566-0
12,SADRIB__ligand1178-0
13,SADRIB__ligand1321-0
14,SADRIB__ligand1788-0
15,SADRIB__ligand6166-0
16,SADRIB__ligand1246-0
17,SADRIB__ligand51-0
18,SADRIB__ligand29-0
19,SADRIB__ligand2599-0
20,SADRIB__ligand5089-0
21,SADRIB__ligand91-0
22,SADRIB__ligand2853-0
23,SADRIB__ligand3853-0
24,SADRIB__ligand141-0
25,SADRIB__ligand240-0
26,SADRIB__ligand4-0
27,SADRIB__ligand384-0
28,SADRIB__ligand48-0
29,SADRIB__ligand120-0
30,SADRIB__ligand1307-0
31,SADRIB__ligand124-0
32,SADRIB__ligand2389-0
33,SADRIB__ligand1919-0
34,SADRIB__ligand10479-0
35,SADRIB__ligand2916-0
36,SADRIB__ligand2110-0
37,SADRIB__ligand3579-0
38,SADRIB__ligand34-0
39,SADRIB__ligand1712-0
40,SADRIB__ligand119-0
41,SADRIB__ligand55-0
42,SADRIB__ligand321-0
43,SADRIB__ligand8032-0
44,SADRIB__ligand178-0
45,SADRIB__ligand10114-0
46,SADRIB__ligand1858-0
47,SADRIB__ligand279-0
48,SADRIB__ligand2315-0
49,SADRIB__ligand244-0
50,SADRIB__ligand201-0
51,SADRIB__ligand2480-0
52,SADRIB__ligand4504-0
53,SADRIB__ligand3051-0
54,SADRIB__ligand1898-0
55,SADRIB__ligand100-0
56,SADRIB__ligand5334-0
57,SADRIB__ligand95-0
58,SADRIB__ligand596-0
59,SADRIB__ligand2482-0
60,SADRIB__ligand1325-0
61,SADRIB__ligand6571-0
62,SADRIB__ligand861-0
63,SADRIB__ligand366-0
64,SADRIB__ligand1104-0
65,SADRIB__ligand57-0
66,SADRIB__ligand5762-0
67,SADRIB__ligand7414-0
68,SADRIB__ligand2442-0
69,SADRIB__ligand1019-0
70,SADRIB__ligand187-0
71,SADRIB__ligand10910-0
72,SADRIB__ligand612-0
73,SADRIB__ligand6430-0
74,SADRIB__ligand73-0
75,SADRIB__ligand1299-0
76,SADRIB__ligand1221-0
77,SADRIB__ligand1264-0
78,SADRIB__ligand1379-0
79,SADRIB__ligand2376-0
80,SADRIB__ligand126-0
81,SADRIB__ligand14530-0
82,SADRIB__ligand2929-0
83,SADRIB__ligand3852-0
84,SADRIB__ligand105-0
85,SADRIB__ligand140-0
86,SADRIB__ligand3478-0
87,SADRIB__ligand5758-0
88,SADRIB__ligand409-0
89,SADRIB__ligand7456-0
90,SADRIB__ligand361-0
91,SADRIB__ligand324-0
92,SADRIB__ligand1818-0
93,SADRIB__ligand3251-0
94,SADRIB__ligand89-0
95,SADRIB__ligand6143-0
96,SADRIB__ligand5235-0
97,SADRIB__ligand4619-0
98,SADRIB__ligand575-0
99,SADRIB__ligand199-0
100,SADRIB__ligand1493-0
101,SADRIB__ligand927-0
102,SADRIB__ligand2718-0
103,SADRIB__ligand3070-0
104,SADRIB__ligand3035-0
105,SADRIB__ligand9176-0
106,SADRIB__ligand49-0
107,SADRIB__ligand166-0
108,SADRIB__ligand7550-0
109,SADRIB__ligand838-0
110,SADRIB__ligand2954-0
111,SADRIB__ligand5093-0
112,SADRIB__ligand497-0
113,SADRIB__ligand1160-0
114,SADRIB__ligand2253-0
115,SADRIB__ligand532-0
116,SADRIB__ligand1038-0
117,SADRIB__ligand633-0
118,SADRIB__ligand918-0
119,SADRIB__ligand2762-0
120,SADRIB__ligand326-0
121,SADRIB__ligand17-0
122,SADRIB__ligand1907-0
123,SADRIB__ligand821-0
124,SADRIB__ligand4423-0
125,SADRIB__ligand283-0
126,SADRIB__ligand3890-0
127,SADRIB__ligand553-0
128,SADRIB__ligand206-0
129,SADRIB__ligand142-0
130,SADRIB__ligand7630-0
131,SADRIB__ligand1555-0
132,SADRIB__ligand92-0
133,SADRIB__ligand1285-0
134,SADRIB__ligand436-0
135,SADRIB__ligand2707-0
136,SADRIB__ligand1690-0
137,SADRIB__ligand2526-0
138,SADRIB__ligand1551-0
139,SADRIB__ligand3-0
140,SADRIB__ligand383-0
141,SADRIB__ligand10357-0
142,SADRIB__ligand15630-0
143,SADRIB__ligand4012-0
144,SADRIB__ligand3196-0
145,SADRIB__ligand226-0
146,SADRIB__ligand162-0
147,SADRIB__ligand2915-0
148,SADRIB__ligand4175-0
149,SADRIB__ligand571-0
150,SADRIB__ligand118-0
151,SADRIB__ligand670-0
152,SADRIB__ligand2255-0
153,SADRIB__ligand1918-0
154,SADRIB__ligand1-0
155,SADRIB__ligand509-0
156,SADRIB__ligand4370-0
157,SADRIB__ligand430-0
158,SADRIB__ligand358-0
159,SADRIB__ligand669-0
160,SADRIB__ligand1436-0
161,SADRIB__ligand278-0
162,SADRIB__ligand11-0
163,SADRIB__ligand365-0
164,SADRIB__ligand2618-0
165,SADRIB__ligand3618-0
166,SADRIB__ligand188-0
167,SADRIB__ligand369-0
168,SADRIB__ligand444-0
169,SADRIB__ligand2629-0
170,SADRIB__ligand311-0
171,SADRIB__ligand4381-0
172,SADRIB__ligand1706-0
173,SADRIB__ligand3734-0
174,SADRIB__ligand1951-0
175,SADRIB__ligand370-0
176,SADRIB__ligand11730-0
177,SADRIB__ligand1687-0
178,SADRIB__ligand6277-0
179,SADRIB__ligand250-0
180,SADRIB__ligand1376-0
181,SADRIB__ligand2768-0
182,SADRIB__ligand2688-0
183,SADRIB__ligand2259-0
184,SADRIB__ligand460-0
185,SADRIB__ligand955-0
186,SADRIB__ligand1459-0
187,SADRIB__ligand252-0
188,SADRIB__ligand1544-0
189,SADRIB__ligand830-0
190,SADRIB__ligand1685-0
191,SADRIB__ligand2087-0
192,SADRIB__ligand193-0
193,SADRIB__ligand1048-0
194,SADRIB__ligand3757-0
195,SADRIB__ligand67-0
196,SADRIB__ligand1171-0
197,SADRIB__ligand851-0
198,SADRIB__ligand909-0
199,SADRIB__ligand3063-0
200,SADRIB__ligand934-0
201,SADRIB__ligand177-0
202,SADRIB__ligand1438-0
203,SADRIB__ligand5801-0
204,SADRIB__ligand3246-0
205,SADRIB__ligand783-0
206,SADRIB__ligand352-0
207,SADRIB__ligand1148-0
208,SADRIB__ligand442-0
209,SADRIB__ligand868-0
210,SADRIB__ligand136-0
211,SADRIB__ligand1479-0
212,SADRIB__ligand1228-0
213,SADRIB__ligand9244-0
214,SADRIB__ligand112-0
215,SADRIB__ligand296-0
216,SADRIB__ligand197-0
217,SADRIB__ligand1114-0
218,SADRIB__ligand1538-0
219,SADRIB__ligand993-0
220,SADRIB__ligand294-0
221,SADRIB__ligand2751-0
222,SADRIB__ligand45-0
223,SADRIB__ligand331-0
224,SADRIB__ligand421-0
225,SADRIB__ligand78-0
226,SADRIB__ligand798-0
227,SADRIB__ligand85-0
228,SADRIB__ligand1542-0
229,SADRIB__ligand2634-0
230,SADRIB__ligand3041-0
231,SADRIB__ligand916-0
232,SADRIB__ligand584-0
233,SADRIB__ligand390-0
234,SADRIB__ligand3178-0
235,SADRIB__ligand6332-0
236,SADRIB__ligand2098-0
237,SADRIB__ligand235-0
238,SADRIB__ligand6502-0
239,SADRIB__ligand932-0
240,SADRIB__ligand134-0
241,SADRIB__ligand2863-0
242,SADRIB__ligand7915-0
243,SADRIB__ligand109-0
244,SADRIB__ligand5548-0
245,SADRIB__ligand6686-0
246,SADRIB__ligand1747-0
247,SADRIB__ligand560-0
248,SADRIB__ligand525-0
249,SADRIB__ligand3145-0
250,SADRIB__ligand5941-0
251,SADRIB__ligand2880-0
252,SADRIB__ligand1799-0
253,SADRIB__ligand3838-0
254,SADRIB__ligand2838-0
255,SADRIB__ligand5022-0
256,SADRIB__ligand1169-0
257,SADRIB__ligand682-0
258,SADRIB__ligand447-0
259,SADRIB__ligand2864-0
260,SADRIB__ligand133-0
261,SADRIB__ligand9495-0
262,SADRIB__ligand666-0
263,SADRIB__ligand2772-0
264,SADRIB__ligand6151-0
265,SADRIB__ligand522-0
266,SADRIB__ligand6538-0
267,SADRIB__ligand66-0
268,SADRIB__ligand2142-0
269,SADRIB__ligand487-0
270,SADRIB__ligand485-0
271,SADRIB__ligand1273-0
272,SADRIB__ligand784-0
273,SADRIB__ligand355-0
274,SADRIB__ligand21-0
275,SADRIB__ligand1052-0
276,SADRIB__ligand1502-0
277,SADRIB__ligand38-0
278,SADRIB__ligand1835-0
279,SADRIB__ligand2345-0
280,SADRIB__ligand2794-0
281,SADRIB__ligand4983-0
282,SADRIB__ligand115-0
283,SADRIB__ligand9027-0
284,SADRIB__ligand291-0
285,SADRIB__ligand2265-0
286,SADRIB__ligand40-0
287,SADRIB__ligand1113-0
288,SADRIB__ligand6396-0
289,SADRIB__ligand210-0
290,SADRIB__ligand1607-0
291,SADRIB__ligand8-0
292,SADRIB__ligand1152-0
293,SADRIB__ligand1727-0
294,SADRIB__ligand314-0
295,SADRIB__ligand481-0
296,SADRIB__ligand2907-0
297,SADRIB__ligand2430-0
298,SADRIB__ligand1703-0
299,SADRIB__ligand1056-0
300,SADRIB__ligand2320-0
301,SADRIB__ligand170-0
302,SADRIB__ligand2862-0
303,SADRIB__ligand1567-0
304,SADRIB__ligand2285-0
305,SADRIB__ligand8921-0
306,SADRIB__ligand391-0
307,SADRIB__ligand2510-0
308,SADRIB__ligand18-0
309,SADRIB__ligand6294-0
310,SADRIB__ligand1054-0
311,SADRIB__ligand236-0
312,SADRIB__ligand1598-0
313,SADRIB__ligand1248-0
314,SADRIB__ligand4303-0
315,SADRIB__ligand7464-0
316,SADRIB__ligand62-0
317,SADRIB__ligand353-0
318,SADRIB__ligand502-0
319,SADRIB__ligand196-0
320,SADRIB__ligand8774-0
321,SADRIB__ligand113-0
322,SADRIB__ligand3637-0
323,SADRIB__ligand86-0
324,SADRIB__ligand422-0
