,TMC
0,AXOBUK__ligand596-0
1,AXOBUK__ligand1788-0
2,AXOBUK__ligand612-0
3,AXOBUK__ligand1321-0
4,AXOBUK__ligand187-0
5,AXOBUK__ligand366-0
6,AXOBUK__ligand3566-0
7,AXOBUK__ligand1178-0
8,AXOBUK__ligand861-0
9,AXOBUK__ligand21-0
10,AXOBUK__ligand7514-0
11,AXOBUK__ligand3337-0
12,AXOBUK__ligand40-0
13,AXOBUK__ligand1449-1
14,AXOBUK__ligand4811-0
15,AXOBUK__ligand1260-0
16,AXOBUK__ligand4894-0
17,AXOBUK__ligand9620-0
18,AXOBUK__ligand38-0
19,AXOBUK__ligand126-0
20,AXOBUK__ligand124-0
21,AXOBUK__ligand119-0
22,AXOBUK__ligand1307-0
23,AXOBUK__ligand279-0
24,AXOBUK__ligand2853-0
25,AXOBUK__ligand3853-0
26,AXOBUK__ligand178-0
27,AXOBUK__ligand5089-0
28,AXOBUK__ligand2599-0
29,AXOBUK__ligand66-0
30,AXOBUK__ligand321-0
31,AXOBUK__ligand1246-0
32,AXOBUK__ligand6166-0
33,AXOBUK__ligand100-0
34,AXOBUK__ligand201-0
35,AXOBUK__ligand244-0
36,AXOBUK__ligand5334-0
37,AXOBUK__ligand62-0
38,AXOBUK__ligand2480-0
39,AXOBUK__ligand3051-0
40,AXOBUK__ligand4504-0
41,AXOBUK__ligand1898-0
42,AXOBUK__ligand2315-0
43,AXOBUK__ligand1858-0
44,AXOBUK__ligand240-0
45,AXOBUK__ligand8032-0
46,AXOBUK__ligand141-0
47,AXOBUK__ligand120-0
48,AXOBUK__ligand1712-0
49,AXOBUK__ligand3579-0
50,AXOBUK__ligand86-0
51,AXOBUK__ligand384-0
52,AXOBUK__ligand2110-0
53,AXOBUK__ligand2916-0
54,AXOBUK__ligand1919-0
55,AXOBUK__ligand2389-0
56,AXOBUK__ligand797-0
57,AXOBUK__ligand2929-0
58,AXOBUK__ligand2376-0
59,AXOBUK__ligand1379-0
60,AXOBUK__ligand1264-0
61,AXOBUK__ligand1221-0
62,AXOBUK__ligand757-0
63,AXOBUK__ligand6430-0
64,AXOBUK__ligand1299-0
65,AXOBUK__ligand2442-0
66,AXOBUK__ligand1019-0
67,AXOBUK__ligand8-0
68,AXOBUK__ligand1104-0
69,AXOBUK__ligand7414-0
70,AXOBUK__ligand5762-0
71,AXOBUK__ligand18-0
72,AXOBUK__ligand6571-0
73,AXOBUK__ligand2482-0
74,AXOBUK__ligand1325-0
75,AXOBUK__ligand9176-0
76,AXOBUK__ligand118-0
77,AXOBUK__ligand2718-0
78,AXOBUK__ligand670-0
79,AXOBUK__ligand3035-0
80,AXOBUK__ligand3070-0
81,AXOBUK__ligand571-0
82,AXOBUK__ligand1493-0
83,AXOBUK__ligand509-0
84,AXOBUK__ligand4619-0
85,AXOBUK__ligand6143-0
86,AXOBUK__ligand5235-0
87,AXOBUK__ligand3251-0
88,AXOBUK__ligand669-0
89,AXOBUK__ligand1818-0
90,AXOBUK__ligand430-0
91,AXOBUK__ligand7456-0
92,AXOBUK__ligand358-0
93,AXOBUK__ligand11730-0
94,AXOBUK__ligand67-0
95,AXOBUK__ligand5758-0
96,AXOBUK__ligand365-0
97,AXOBUK__ligand3478-0
98,AXOBUK__ligand278-0
99,AXOBUK__ligand3852-0
100,AXOBUK__ligand1285-0
101,AXOBUK__ligand1555-0
102,AXOBUK__ligand7630-0
103,AXOBUK__ligand3890-0
104,AXOBUK__ligand4423-0
105,AXOBUK__ligand1907-0
106,AXOBUK__ligand162-0
107,AXOBUK__ligand2762-0
108,AXOBUK__ligand1038-0
109,AXOBUK__ligand226-0
110,AXOBUK__ligand1160-0
111,AXOBUK__ligand2253-0
112,AXOBUK__ligand5093-0
113,AXOBUK__ligand383-0
114,AXOBUK__ligand2954-0
115,AXOBUK__ligand7550-0
116,AXOBUK__ligand2915-0
117,AXOBUK__ligand838-0
118,AXOBUK__ligand78-0
119,AXOBUK__ligand85-0
120,AXOBUK__ligand166-0
121,AXOBUK__ligand633-0
122,AXOBUK__ligand918-0
123,AXOBUK__ligand532-0
124,AXOBUK__ligand3196-0
125,AXOBUK__ligand4012-0
126,AXOBUK__ligand497-0
127,AXOBUK__ligand45-0
128,AXOBUK__ligand553-0
129,AXOBUK__ligand283-0
130,AXOBUK__ligand821-0
131,AXOBUK__ligand1551-0
132,AXOBUK__ligand326-0
133,AXOBUK__ligand2526-0
134,AXOBUK__ligand436-0
135,AXOBUK__ligand1690-0
136,AXOBUK__ligand2707-0
137,AXOBUK__ligand142-0
138,AXOBUK__ligand206-0
139,AXOBUK__ligand2618-0
140,AXOBUK__ligand3618-0
141,AXOBUK__ligand1436-0
142,AXOBUK__ligand140-0
143,AXOBUK__ligand105-0
144,AXOBUK__ligand409-0
145,AXOBUK__ligand324-0
146,AXOBUK__ligand361-0
147,AXOBUK__ligand4370-0
148,AXOBUK__ligand575-0
149,AXOBUK__ligand1918-0
150,AXOBUK__ligand2255-0
151,AXOBUK__ligand927-0
152,AXOBUK__ligand4175-0
153,AXOBUK__ligand199-0
154,AXOBUK__ligand2688-0
155,AXOBUK__ligand2259-0
156,AXOBUK__ligand331-0
157,AXOBUK__ligand1376-0
158,AXOBUK__ligand294-0
159,AXOBUK__ligand2768-0
160,AXOBUK__ligand993-0
161,AXOBUK__ligand6277-0
162,AXOBUK__ligand584-0
163,AXOBUK__ligand916-0
164,AXOBUK__ligand1687-0
165,AXOBUK__ligand421-0
166,AXOBUK__ligand1951-0
167,AXOBUK__ligand798-0
168,AXOBUK__ligand134-0
169,AXOBUK__ligand932-0
170,AXOBUK__ligand3734-0
171,AXOBUK__ligand235-0
172,AXOBUK__ligand1706-0
173,AXOBUK__ligand92-0
174,AXOBUK__ligand4381-0
175,AXOBUK__ligand2629-0
176,AXOBUK__ligand390-0
177,AXOBUK__ligand17-0
178,AXOBUK__ligand525-0
179,AXOBUK__ligand560-0
180,AXOBUK__ligand109-0
181,AXOBUK__ligand352-0
182,AXOBUK__ligand783-0
183,AXOBUK__ligand5801-0
184,AXOBUK__ligand3063-0
185,AXOBUK__ligand1438-0
186,AXOBUK__ligand136-0
187,AXOBUK__ligand868-0
188,AXOBUK__ligand442-0
189,AXOBUK__ligand1171-0
190,AXOBUK__ligand112-0
191,AXOBUK__ligand3757-0
192,AXOBUK__ligand2087-0
193,AXOBUK__ligand1048-0
194,AXOBUK__ligand49-0
195,AXOBUK__ligand1685-0
196,AXOBUK__ligand1544-0
197,AXOBUK__ligand89-0
198,AXOBUK__ligand197-0
199,AXOBUK__ligand1459-0
200,AXOBUK__ligand296-0
201,AXOBUK__ligand1538-0
202,AXOBUK__ligand1114-0
203,AXOBUK__ligand252-0
204,AXOBUK__ligand955-0
205,AXOBUK__ligand193-0
206,AXOBUK__ligand9244-0
207,AXOBUK__ligand830-0
208,AXOBUK__ligand1228-0
209,AXOBUK__ligand909-0
210,AXOBUK__ligand1479-0
211,AXOBUK__ligand11-0
212,AXOBUK__ligand851-0
213,AXOBUK__ligand1148-0
214,AXOBUK__ligand1-0
215,AXOBUK__ligand3246-0
216,AXOBUK__ligand10357-0
217,AXOBUK__ligand15630-0
218,AXOBUK__ligand177-0
219,AXOBUK__ligand934-0
220,AXOBUK__ligand3145-0
221,AXOBUK__ligand369-0
222,AXOBUK__ligand444-0
223,AXOBUK__ligand6686-0
224,AXOBUK__ligand1747-0
225,AXOBUK__ligand188-0
226,AXOBUK__ligand7915-0
227,AXOBUK__ligand5548-0
228,AXOBUK__ligand2863-0
229,AXOBUK__ligand2098-0
230,AXOBUK__ligand6502-0
231,AXOBUK__ligand3-0
232,AXOBUK__ligand6332-0
233,AXOBUK__ligand311-0
234,AXOBUK__ligand3178-0
235,AXOBUK__ligand3041-0
236,AXOBUK__ligand1542-0
237,AXOBUK__ligand2634-0
238,AXOBUK__ligand370-0
239,AXOBUK__ligand460-0
240,AXOBUK__ligand2751-0
241,AXOBUK__ligand250-0
242,AXOBUK__ligand2142-0
243,AXOBUK__ligand29-0
244,AXOBUK__ligand91-0
245,AXOBUK__ligand6538-0
246,AXOBUK__ligand236-0
247,AXOBUK__ligand9495-0
248,AXOBUK__ligand2772-0
249,AXOBUK__ligand6151-0
250,AXOBUK__ligand2864-0
251,AXOBUK__ligand4-0
252,AXOBUK__ligand353-0
253,AXOBUK__ligand51-0
254,AXOBUK__ligand196-0
255,AXOBUK__ligand502-0
256,AXOBUK__ligand5022-0
257,AXOBUK__ligand1169-0
258,AXOBUK__ligand422-0
259,AXOBUK__ligand48-0
260,AXOBUK__ligand113-0
261,AXOBUK__ligand3838-0
262,AXOBUK__ligand1799-0
263,AXOBUK__ligand2838-0
264,AXOBUK__ligand5941-0
265,AXOBUK__ligand2880-0
266,AXOBUK__ligand6396-0
267,AXOBUK__ligand2265-0
268,AXOBUK__ligand1113-0
269,AXOBUK__ligand210-0
270,AXOBUK__ligand9027-0
271,AXOBUK__ligand4983-0
272,AXOBUK__ligand1835-0
273,AXOBUK__ligand2345-0
274,AXOBUK__ligand2794-0
275,AXOBUK__ligand1502-0
276,AXOBUK__ligand32-0
277,AXOBUK__ligand1052-0
278,AXOBUK__ligand481-0
279,AXOBUK__ligand6-0
280,AXOBUK__ligand314-0
281,AXOBUK__ligand391-0
282,AXOBUK__ligand1273-0
283,AXOBUK__ligand170-0
284,AXOBUK__ligand2510-0
285,AXOBUK__ligand355-0
286,AXOBUK__ligand784-0
287,AXOBUK__ligand1567-0
288,AXOBUK__ligand57-0
289,AXOBUK__ligand2285-0
290,AXOBUK__ligand485-0
291,AXOBUK__ligand8921-0
292,AXOBUK__ligand2862-0
293,AXOBUK__ligand1056-0
294,AXOBUK__ligand2320-0
295,AXOBUK__ligand2430-0
296,AXOBUK__ligand1703-0
297,AXOBUK__ligand2907-0
298,AXOBUK__ligand10479-0
299,AXOBUK__ligand115-0
300,AXOBUK__ligand1727-0
301,AXOBUK__ligand1152-0
302,AXOBUK__ligand73-0
303,AXOBUK__ligand1607-0
304,AXOBUK__ligand291-0
305,AXOBUK__ligand10114-0
306,AXOBUK__ligand34-0
307,AXOBUK__ligand3637-0
308,AXOBUK__ligand10910-0
309,AXOBUK__ligand8774-0
310,AXOBUK__ligand682-0
311,AXOBUK__ligand133-0
312,AXOBUK__ligand447-0
313,AXOBUK__ligand7464-0
314,AXOBUK__ligand95-0
315,AXOBUK__ligand14530-0
316,AXOBUK__ligand1248-0
317,AXOBUK__ligand4303-0
318,AXOBUK__ligand55-0
319,AXOBUK__ligand487-0
320,AXOBUK__ligand1598-0
321,AXOBUK__ligand1054-0
322,AXOBUK__ligand522-0
323,AXOBUK__ligand6294-0
324,AXOBUK__ligand666-0
