,TMC
0,EQADIL__ligand1539-0
1,EQADIL__ligand1150-0
2,EQADIL__ligand20682-0
3,EQADIL__ligand163-0
4,EQADIL__ligand126-0
5,EQADIL__ligand3416-0
6,EQADIL__ligand3453-0
7,EQADIL__ligand13390-0
8,EQADIL__ligand4207-0
9,EQADIL__ligand3042-0
10,EQADIL__ligand845-0
11,EQADIL__ligand8200-0
12,EQADIL__ligand7438-0
13,EQADIL__ligand27482-0
14,EQADIL__ligand26810-0
15,EQADIL__ligand4063-0
16,EQADIL__ligand13208-0
17,EQADIL__ligand657-0
18,EQADIL__ligand14248-0
19,EQADIL__ligand1779-0
20,EQADIL__ligand29879-0
21,EQADIL__ligand1817-0
22,EQADIL__ligand6993-0
23,EQADIL__ligand12030-0
24,EQADIL__ligand187-0
25,EQADIL__ligand9750-0
26,EQADIL__ligand13331-0
27,EQADIL__ligand28884-0
28,EQADIL__ligand7075-0
29,EQADIL__ligand366-0
30,EQADIL__ligand13294-0
31,EQADIL__ligand3557-0
32,EQADIL__ligand3980-0
33,EQADIL__ligand1149-0
34,EQADIL__ligand31832-0
35,EQADIL__ligand1288-0
36,EQADIL__ligand25411-0
37,EQADIL__ligand777-0
38,EQADIL__ligand10712-0
39,EQADIL__ligand4266-0
40,EQADIL__ligand1400-0
41,EQADIL__ligand14174-0
42,EQADIL__ligand9491-0
43,EQADIL__ligand11456-0
44,EQADIL__ligand4167-0
45,EQADIL__ligand596-0
46,EQADIL__ligand941-0
47,EQADIL__ligand5085-0
48,EQADIL__ligand3144-0
49,EQADIL__ligand11-0
50,EQADIL__ligand14703-0
51,EQADIL__ligand16475-0
52,EQADIL__ligand5755-0
53,EQADIL__ligand4710-0
54,EQADIL__ligand1828-0
55,EQADIL__ligand4-0
56,EQADIL__ligand7213-0
57,EQADIL__ligand1397-0
58,EQADIL__ligand201-0
59,EQADIL__ligand8042-0
60,EQADIL__ligand20251-1
61,EQADIL__ligand6112-0
62,EQADIL__ligand29414-0
63,EQADIL__ligand1786-0
64,EQADIL__ligand17982-0
65,EQADIL__ligand279-0
66,EQADIL__ligand185-0
67,EQADIL__ligand20011-0
68,EQADIL__ligand17278-0
69,EQADIL__ligand5630-0
70,EQADIL__ligand178-0
71,EQADIL__ligand17398-0
72,EQADIL__ligand1908-0
73,EQADIL__ligand321-0
74,EQADIL__ligand10589-0
75,EQADIL__ligand22557-0
76,EQADIL__ligand24047-0
77,EQADIL__ligand69-0
78,EQADIL__ligand4795-0
79,EQADIL__ligand3285-0
80,EQADIL__ligand11675-0
81,EQADIL__ligand20598-0
82,EQADIL__ligand17118-0
83,EQADIL__ligand21371-0
84,EQADIL__ligand1831-0
85,EQADIL__ligand5614-0
86,EQADIL__ligand20419-0
87,EQADIL__ligand5280-0
88,EQADIL__ligand28789-0
89,EQADIL__ligand6663-0
90,EQADIL__ligand5515-0
91,EQADIL__ligand29568-0
92,EQADIL__ligand30851-0
93,EQADIL__ligand14889-0
94,EQADIL__ligand30702-0
95,EQADIL__ligand20214-0
96,EQADIL__ligand5019-0
97,EQADIL__ligand20251-0
98,EQADIL__ligand20539-0
99,EQADIL__ligand3261-0
100,EQADIL__ligand1152-0
101,EQADIL__ligand21581-0
102,EQADIL__ligand31097-0
103,EQADIL__ligand338-0
104,EQADIL__ligand1216-0
105,EQADIL__ligand17261-0
106,EQADIL__ligand14117-0
107,EQADIL__ligand1849-0
108,EQADIL__ligand768-0
109,EQADIL__ligand8593-0
110,EQADIL__ligand49-0
111,EQADIL__ligand9944-0
112,EQADIL__ligand31783-0
113,EQADIL__ligand17258-0
114,EQADIL__ligand14603-0
115,EQADIL__ligand14297-0
116,EQADIL__ligand2001-0
117,EQADIL__ligand26665-0
118,EQADIL__ligand13012-0
119,EQADIL__ligand7566-0
120,EQADIL__ligand17631-0
121,EQADIL__ligand23713-0
122,EQADIL__ligand27175-0
123,EQADIL__ligand18832-0
124,EQADIL__ligand5201-0
125,EQADIL__ligand30988-0
126,EQADIL__ligand27893-0
127,EQADIL__ligand14723-0
128,EQADIL__ligand19641-0
129,EQADIL__ligand89-0
130,EQADIL__ligand8553-0
131,EQADIL__ligand384-0
132,EQADIL__ligand20578-0
133,EQADIL__ligand12934-0
134,EQADIL__ligand15422-0
135,EQADIL__ligand1113-0
136,EQADIL__ligand28468-0
137,EQADIL__ligand240-0
138,EQADIL__ligand20740-0
139,EQADIL__ligand12427-0
140,EQADIL__ligand16628-0
141,EQADIL__ligand141-0
142,EQADIL__ligand4124-0
143,EQADIL__ligand3471-0
144,EQADIL__ligand4161-0
145,EQADIL__ligand5415-0
146,EQADIL__ligand27460-0
147,EQADIL__ligand30333-0
148,EQADIL__ligand4340-0
149,EQADIL__ligand2281-0
150,EQADIL__ligand2650-0
151,EQADIL__ligand3180-0
152,EQADIL__ligand12606-0
153,EQADIL__ligand6995-0
154,EQADIL__ligand17281-0
155,EQADIL__ligand30296-0
156,EQADIL__ligand29410-0
157,EQADIL__ligand12337-0
158,EQADIL__ligand2823-0
159,EQADIL__ligand26540-0
160,EQADIL__ligand12641-0
161,EQADIL__ligand10958-0
162,EQADIL__ligand14108-0
163,EQADIL__ligand2027-0
164,EQADIL__ligand1050-0
165,EQADIL__ligand1015-0
166,EQADIL__ligand1028-0
167,EQADIL__ligand19057-0
168,EQADIL__ligand18814-0
169,EQADIL__ligand29302-0
170,EQADIL__ligand13425-0
171,EQADIL__ligand4262-0
172,EQADIL__ligand693-0
173,EQADIL__ligand17-0
174,EQADIL__ligand1618-0
175,EQADIL__ligand27763-0
176,EQADIL__ligand28676-0
177,EQADIL__ligand2692-0
178,EQADIL__ligand10262-0
179,EQADIL__ligand24145-0
180,EQADIL__ligand12401-0
181,EQADIL__ligand15585-0
182,EQADIL__ligand13068-0
183,EQADIL__ligand19830-0
184,EQADIL__ligand1498-0
185,EQADIL__ligand122-0
186,EQADIL__ligand10476-0
187,EQADIL__ligand4596-0
188,EQADIL__ligand17387-0
189,EQADIL__ligand12130-0
190,EQADIL__ligand1154-0
191,EQADIL__ligand26702-0
192,EQADIL__ligand13658-0
193,EQADIL__ligand18292-0
194,EQADIL__ligand757-0
195,EQADIL__ligand12289-0
196,EQADIL__ligand12231-0
197,EQADIL__ligand9615-0
198,EQADIL__ligand17302-0
199,EQADIL__ligand1169-0
200,EQADIL__ligand8529-0
201,EQADIL__ligand17805-0
202,EQADIL__ligand23769-0
203,EQADIL__ligand24185-0
204,EQADIL__ligand25178-0
205,EQADIL__ligand27074-0
206,EQADIL__ligand4807-0
207,EQADIL__ligand22981-0
208,EQADIL__ligand25805-0
209,EQADIL__ligand68-0
210,EQADIL__ligand3178-0
211,EQADIL__ligand20599-0
212,EQADIL__ligand1356-0
213,EQADIL__ligand1787-0
214,EQADIL__ligand5530-0
215,EQADIL__ligand9753-0
216,EQADIL__ligand14523-0
217,EQADIL__ligand27169-0
218,EQADIL__ligand7196-0
219,EQADIL__ligand18391-0
220,EQADIL__ligand5159-0
221,EQADIL__ligand4649-0
222,EQADIL__ligand25267-0
223,EQADIL__ligand8793-0
224,EQADIL__ligand2788-0
225,EQADIL__ligand5649-0
226,EQADIL__ligand10084-0
227,EQADIL__ligand694-0
228,EQADIL__ligand12467-0
229,EQADIL__ligand358-0
230,EQADIL__ligand2906-0
231,EQADIL__ligand13257-0
232,EQADIL__ligand55-0
233,EQADIL__ligand21936-0
234,EQADIL__ligand430-0
235,EQADIL__ligand488-0
236,EQADIL__ligand4711-0
237,EQADIL__ligand3244-0
238,EQADIL__ligand23904-0
239,EQADIL__ligand7172-0
240,EQADIL__ligand7273-0
241,EQADIL__ligand29863-0
242,EQADIL__ligand13869-0
243,EQADIL__ligand9323-0
244,EQADIL__ligand18074-0
245,EQADIL__ligand7092-0
246,EQADIL__ligand2260-0
247,EQADIL__ligand29610-0
248,EQADIL__ligand1153-0
249,EQADIL__ligand3225-0
250,EQADIL__ligand1116-0
251,EQADIL__ligand8612-0
252,EQADIL__ligand2124-0
253,EQADIL__ligand11140-0
254,EQADIL__ligand34-0
255,EQADIL__ligand16791-0
256,EQADIL__ligand6017-0
257,EQADIL__ligand7316-0
258,EQADIL__ligand28668-0
259,EQADIL__ligand5708-0
260,EQADIL__ligand670-0
261,EQADIL__ligand18465-0
262,EQADIL__ligand534-0
263,EQADIL__ligand571-0
264,EQADIL__ligand5180-0
265,EQADIL__ligand18799-0
266,EQADIL__ligand1604-0
267,EQADIL__ligand12660-0
268,EQADIL__ligand9943-0
269,EQADIL__ligand1228-0
270,EQADIL__ligand13209-0
271,EQADIL__ligand19257-0
272,EQADIL__ligand31248-0
273,EQADIL__ligand2043-0
274,EQADIL__ligand25650-0
275,EQADIL__ligand1832-0
276,EQADIL__ligand8788-0
277,EQADIL__ligand162-0
278,EQADIL__ligand2417-0
279,EQADIL__ligand226-0
280,EQADIL__ligand3126-0
281,EQADIL__ligand6391-0
282,EQADIL__ligand9284-0
283,EQADIL__ligand25735-0
284,EQADIL__ligand416-0
285,EQADIL__ligand12519-0
286,EQADIL__ligand11206-0
287,EQADIL__ligand1114-0
288,EQADIL__ligand23124-0
289,EQADIL__ligand383-0
290,EQADIL__ligand30539-0
291,EQADIL__ligand696-0
292,EQADIL__ligand1289-0
293,EQADIL__ligand23906-0
294,EQADIL__ligand2203-0
295,EQADIL__ligand5387-0
296,EQADIL__ligand21132-0
297,EQADIL__ligand11166-0
298,EQADIL__ligand57-0
299,EQADIL__ligand2612-0
300,EQADIL__ligand12295-0
301,EQADIL__ligand27835-0
302,EQADIL__ligand1599-0
303,EQADIL__ligand25575-0
304,EQADIL__ligand656-0
305,EQADIL__ligand9450-0
306,EQADIL__ligand21787-0
307,EQADIL__ligand25689-0
308,EQADIL__ligand24750-0
309,EQADIL__ligand436-0
310,EQADIL__ligand3945-0
311,EQADIL__ligand16-0
312,EQADIL__ligand2693-0
313,EQADIL__ligand5383-0
314,EQADIL__ligand17945-0
315,EQADIL__ligand9344-0
316,EQADIL__ligand3-0
317,EQADIL__ligand25224-0
318,EQADIL__ligand18013-0
319,EQADIL__ligand17207-0
320,EQADIL__ligand31578-0
321,EQADIL__ligand3736-0
322,EQADIL__ligand8000-0
323,EQADIL__ligand692-0
324,EQADIL__ligand29087-0
325,EQADIL__ligand7291-0
326,EQADIL__ligand18703-0
327,EQADIL__ligand9883-0
328,EQADIL__ligand3677-1
329,EQADIL__ligand4007-0
330,EQADIL__ligand2985-0
331,EQADIL__ligand28924-0
332,EQADIL__ligand15438-0
333,EQADIL__ligand9299-0
334,EQADIL__ligand326-0
335,EQADIL__ligand633-0
336,EQADIL__ligand6699-0
337,EQADIL__ligand15168-0
338,EQADIL__ligand24064-0
339,EQADIL__ligand3632-0
340,EQADIL__ligand3677-0
341,EQADIL__ligand497-0
342,EQADIL__ligand1168-0
343,EQADIL__ligand1294-0
344,EQADIL__ligand23589-0
345,EQADIL__ligand6892-0
346,EQADIL__ligand32-0
347,EQADIL__ligand1211-0
348,EQADIL__ligand29898-0
349,EQADIL__ligand26277-0
350,EQADIL__ligand3712-0
351,EQADIL__ligand1464-0
352,EQADIL__ligand1499-0
353,EQADIL__ligand22755-0
354,EQADIL__ligand10432-0
355,EQADIL__ligand2881-0
356,EQADIL__ligand11432-0
357,EQADIL__ligand31618-0
358,EQADIL__ligand4358-0
359,EQADIL__ligand3120-0
360,EQADIL__ligand3926-0
361,EQADIL__ligand11568-0
362,EQADIL__ligand2221-0
363,EQADIL__ligand20579-0
364,EQADIL__ligand17710-0
365,EQADIL__ligand5595-0
366,EQADIL__ligand4101-0
367,EQADIL__ligand21421-0
368,EQADIL__ligand199-0
369,EQADIL__ligand14586-0
370,EQADIL__ligand11774-0
371,EQADIL__ligand9773-0
372,EQADIL__ligand24613-0
373,EQADIL__ligand1376-0
374,EQADIL__ligand5510-0
375,EQADIL__ligand19725-0
376,EQADIL__ligand588-0
377,EQADIL__ligand1296-0
378,EQADIL__ligand10555-0
379,EQADIL__ligand2259-0
380,EQADIL__ligand31483-0
381,EQADIL__ligand1197-0
382,EQADIL__ligand5099-0
383,EQADIL__ligand8592-0
384,EQADIL__ligand300-0
385,EQADIL__ligand48-0
386,EQADIL__ligand13072-0
387,EQADIL__ligand1317-0
388,EQADIL__ligand3867-0
389,EQADIL__ligand2822-0
390,EQADIL__ligand7293-0
391,EQADIL__ligand12336-0
392,EQADIL__ligand361-0
393,EQADIL__ligand324-0
394,EQADIL__ligand9167-0
395,EQADIL__ligand5304-0
396,EQADIL__ligand409-0
397,EQADIL__ligand2238-0
398,EQADIL__ligand91-0
399,EQADIL__ligand18699-0
400,EQADIL__ligand7762-0
401,EQADIL__ligand5080-0
402,EQADIL__ligand12682-0
403,EQADIL__ligand51-0
404,EQADIL__ligand5509-0
405,EQADIL__ligand8002-0
406,EQADIL__ligand17240-0
407,EQADIL__ligand6117-0
408,EQADIL__ligand1407-0
409,EQADIL__ligand1-0
410,EQADIL__ligand17590-0
411,EQADIL__ligand19668-0
412,EQADIL__ligand19906-0
413,EQADIL__ligand18-0
414,EQADIL__ligand560-0
415,EQADIL__ligand22353-0
416,EQADIL__ligand4641-0
417,EQADIL__ligand134-0
418,EQADIL__ligand7126-0
419,EQADIL__ligand2028-0
420,EQADIL__ligand235-0
421,EQADIL__ligand8835-0
422,EQADIL__ligand10151-0
423,EQADIL__ligand3234-0
424,EQADIL__ligand1142-0
425,EQADIL__ligand685-0
426,EQADIL__ligand6904-0
427,EQADIL__ligand3721-0
428,EQADIL__ligand6596-0
429,EQADIL__ligand6102-0
430,EQADIL__ligand16952-0
431,EQADIL__ligand3465-0
432,EQADIL__ligand29813-0
433,EQADIL__ligand20220-0
434,EQADIL__ligand2917-0
435,EQADIL__ligand15387-0
436,EQADIL__ligand7819-0
437,EQADIL__ligand421-0
438,EQADIL__ligand20121-0
439,EQADIL__ligand24851-0
440,EQADIL__ligand2295-0
441,EQADIL__ligand6067-0
442,EQADIL__ligand1577-0
443,EQADIL__ligand11698-0
444,EQADIL__ligand20530-0
445,EQADIL__ligand14347-0
446,EQADIL__ligand13657-0
447,EQADIL__ligand14302-0
448,EQADIL__ligand4620-0
449,EQADIL__ligand11479-0
450,EQADIL__ligand294-0
451,EQADIL__ligand27610-0
452,EQADIL__ligand10479-0
453,EQADIL__ligand10853-0
454,EQADIL__ligand29441-0
455,EQADIL__ligand16870-0
456,EQADIL__ligand1631-0
457,EQADIL__ligand1530-0
458,EQADIL__ligand11622-0
459,EQADIL__ligand1575-0
460,EQADIL__ligand9933-0
461,EQADIL__ligand197-0
462,EQADIL__ligand11814-0
463,EQADIL__ligand9441-0
464,EQADIL__ligand2332-0
465,EQADIL__ligand16603-0
466,EQADIL__ligand6244-0
467,EQADIL__ligand25658-0
468,EQADIL__ligand17686-0
469,EQADIL__ligand31205-0
470,EQADIL__ligand1378-0
471,EQADIL__ligand3156-0
472,EQADIL__ligand11177-0
473,EQADIL__ligand2915-0
474,EQADIL__ligand15455-0
475,EQADIL__ligand3707-0
476,EQADIL__ligand6124-0
477,EQADIL__ligand7967-0
478,EQADIL__ligand18067-0
479,EQADIL__ligand1018-0
480,EQADIL__ligand19824-0
481,EQADIL__ligand4116-0
482,EQADIL__ligand11252-0
483,EQADIL__ligand868-0
484,EQADIL__ligand8992-0
485,EQADIL__ligand13260-0
486,EQADIL__ligand10582-0
487,EQADIL__ligand9601-0
488,EQADIL__ligand9111-0
489,EQADIL__ligand9952-0
490,EQADIL__ligand352-0
491,EQADIL__ligand783-0
492,EQADIL__ligand11606-0
493,EQADIL__ligand31000-0
494,EQADIL__ligand5036-0
495,EQADIL__ligand2526-0
496,EQADIL__ligand1615-0
497,EQADIL__ligand5643-0
498,EQADIL__ligand1823-0
499,EQADIL__ligand26673-0
500,EQADIL__ligand1324-0
501,EQADIL__ligand8721-0
502,EQADIL__ligand20821-0
503,EQADIL__ligand66-0
504,EQADIL__ligand2176-0
505,EQADIL__ligand25048-0
506,EQADIL__ligand21940-0
507,EQADIL__ligand9291-0
508,EQADIL__ligand2232-0
509,EQADIL__ligand177-0
510,EQADIL__ligand20432-0
511,EQADIL__ligand27122-0
512,EQADIL__ligand13755-0
513,EQADIL__ligand16133-0
514,EQADIL__ligand4157-0
515,EQADIL__ligand2828-0
516,EQADIL__ligand8876-0
517,EQADIL__ligand7648-0
518,EQADIL__ligand24953-0
519,EQADIL__ligand9833-0
520,EQADIL__ligand23445-0
521,EQADIL__ligand5256-0
522,EQADIL__ligand4503-0
523,EQADIL__ligand4546-0
524,EQADIL__ligand909-0
525,EQADIL__ligand30004-0
526,EQADIL__ligand20557-0
527,EQADIL__ligand1285-0
528,EQADIL__ligand6768-0
529,EQADIL__ligand8115-0
530,EQADIL__ligand7000-0
531,EQADIL__ligand1982-0
532,EQADIL__ligand24560-0
533,EQADIL__ligand7238-0
534,EQADIL__ligand18757-0
535,EQADIL__ligand24624-0
536,EQADIL__ligand18413-0
537,EQADIL__ligand193-0
538,EQADIL__ligand20844-0
539,EQADIL__ligand7280-0
540,EQADIL__ligand1790-0
541,EQADIL__ligand1304-0
542,EQADIL__ligand7867-0
543,EQADIL__ligand6709-0
544,EQADIL__ligand1219-0
545,EQADIL__ligand372-0
546,EQADIL__ligand4016-0
547,EQADIL__ligand830-0
548,EQADIL__ligand14339-0
549,EQADIL__ligand9520-0
550,EQADIL__ligand1160-0
551,EQADIL__ligand8699-0
552,EQADIL__ligand13691-0
553,EQADIL__ligand4442-0
554,EQADIL__ligand42-0
555,EQADIL__ligand4093-0
556,EQADIL__ligand3954-0
557,EQADIL__ligand30788-0
558,EQADIL__ligand1451-0
559,EQADIL__ligand4272-0
560,EQADIL__ligand7629-0
561,EQADIL__ligand252-0
562,EQADIL__ligand21752-0
563,EQADIL__ligand116-0
564,EQADIL__ligand9784-0
565,EQADIL__ligand29565-0
566,EQADIL__ligand1263-0
567,EQADIL__ligand9908-0
568,EQADIL__ligand23682-0
569,EQADIL__ligand18158-0
570,EQADIL__ligand27771-0
571,EQADIL__ligand21339-0
572,EQADIL__ligand14226-0
573,EQADIL__ligand16956-0
574,EQADIL__ligand7242-0
575,EQADIL__ligand20942-1
576,EQADIL__ligand250-0
577,EQADIL__ligand7106-0
578,EQADIL__ligand3035-0
579,EQADIL__ligand1343-0
580,EQADIL__ligand3876-0
581,EQADIL__ligand6616-0
582,EQADIL__ligand3718-0
583,EQADIL__ligand27550-0
584,EQADIL__ligand4661-0
585,EQADIL__ligand1844-0
586,EQADIL__ligand1959-0
587,EQADIL__ligand3504-0
588,EQADIL__ligand38-0
589,EQADIL__ligand9935-0
590,EQADIL__ligand370-0
591,EQADIL__ligand18019-1
592,EQADIL__ligand1536-0
593,EQADIL__ligand1573-0
594,EQADIL__ligand14007-0
595,EQADIL__ligand620-0
596,EQADIL__ligand370-1
597,EQADIL__ligand21448-0
598,EQADIL__ligand11758-0
599,EQADIL__ligand6919-0
600,EQADIL__ligand564-0
601,EQADIL__ligand22357-0
602,EQADIL__ligand2485-0
603,EQADIL__ligand3852-0
604,EQADIL__ligand479-0
605,EQADIL__ligand5331-0
606,EQADIL__ligand1512-0
607,EQADIL__ligand29214-0
608,EQADIL__ligand311-0
609,EQADIL__ligand785-0
610,EQADIL__ligand11501-0
611,EQADIL__ligand3565-0
612,EQADIL__ligand11544-0
613,EQADIL__ligand17069-0
614,EQADIL__ligand14477-0
615,EQADIL__ligand4720-0
616,EQADIL__ligand6839-0
617,EQADIL__ligand3937-0
618,EQADIL__ligand1202-0
619,EQADIL__ligand3174-0
620,EQADIL__ligand3131-0
621,EQADIL__ligand8969-0
622,EQADIL__ligand17445-0
623,EQADIL__ligand29334-0
624,EQADIL__ligand12413-0
625,EQADIL__ligand5211-0
626,EQADIL__ligand188-0
627,EQADIL__ligand20731-0
628,EQADIL__ligand3094-0
629,EQADIL__ligand4155-0
630,EQADIL__ligand11798-0
631,EQADIL__ligand422-0
632,EQADIL__ligand3157-0
633,EQADIL__ligand11970-0
634,EQADIL__ligand9525-0
635,EQADIL__ligand1165-0
636,EQADIL__ligand15883-0
637,EQADIL__ligand11447-0
638,EQADIL__ligand11096-0
639,EQADIL__ligand5935-0
640,EQADIL__ligand28810-0
641,EQADIL__ligand24230-0
642,EQADIL__ligand15926-0
643,EQADIL__ligand2722-0
644,EQADIL__ligand10828-0
645,EQADIL__ligand686-0
646,EQADIL__ligand19792-0
647,EQADIL__ligand1379-0
648,EQADIL__ligand1469-0
649,EQADIL__ligand196-0
650,EQADIL__ligand12365-0
651,EQADIL__ligand10056-0
652,EQADIL__ligand3871-0
653,EQADIL__ligand1768-0
654,EQADIL__ligand28743-0
655,EQADIL__ligand15531-0
656,EQADIL__ligand11357-0
657,EQADIL__ligand13862-0
658,EQADIL__ligand22168-0
659,EQADIL__ligand28930-0
660,EQADIL__ligand5056-0
661,EQADIL__ligand4850-0
662,EQADIL__ligand22294-0
663,EQADIL__ligand5357-0
664,EQADIL__ligand3647-0
665,EQADIL__ligand21919-0
666,EQADIL__ligand1688-0
667,EQADIL__ligand8349-0
668,EQADIL__ligand16663-0
669,EQADIL__ligand1709-0
670,EQADIL__ligand8464-0
671,EQADIL__ligand14614-0
672,EQADIL__ligand24035-0
673,EQADIL__ligand353-0
674,EQADIL__ligand31044-0
675,EQADIL__ligand31842-0
676,EQADIL__ligand2527-0
677,EQADIL__ligand11994-0
678,EQADIL__ligand11682-0
679,EQADIL__ligand393-0
680,EQADIL__ligand30711-0
681,EQADIL__ligand20207-0
682,EQADIL__ligand5849-0
683,EQADIL__ligand25913-0
684,EQADIL__ligand16988-0
685,EQADIL__ligand3392-0
686,EQADIL__ligand4911-0
687,EQADIL__ligand1771-0
688,EQADIL__ligand19184-0
689,EQADIL__ligand24-0
690,EQADIL__ligand391-0
691,EQADIL__ligand9197-0
692,EQADIL__ligand1900-0
693,EQADIL__ligand4581-0
694,EQADIL__ligand1773-0
695,EQADIL__ligand618-0
696,EQADIL__ligand2328-0
697,EQADIL__ligand12453-0
698,EQADIL__ligand7162-0
699,EQADIL__ligand18448-0
700,EQADIL__ligand28459-0
701,EQADIL__ligand3029-0
702,EQADIL__ligand8722-0
703,EQADIL__ligand1327-0
704,EQADIL__ligand6672-0
705,EQADIL__ligand9809-0
706,EQADIL__ligand2781-0
707,EQADIL__ligand7573-0
708,EQADIL__ligand10371-0
709,EQADIL__ligand3350-0
710,EQADIL__ligand13672-0
711,EQADIL__ligand3208-0
712,EQADIL__ligand813-0
713,EQADIL__ligand2208-0
714,EQADIL__ligand18568-0
715,EQADIL__ligand28685-0
716,EQADIL__ligand19-0
717,EQADIL__ligand780-0
718,EQADIL__ligand314-0
719,EQADIL__ligand7557-0
720,EQADIL__ligand314-1
721,EQADIL__ligand1496-0
722,EQADIL__ligand29029-0
723,EQADIL__ligand27285-0
724,EQADIL__ligand78-0
725,EQADIL__ligand23197-0
726,EQADIL__ligand1533-0
727,EQADIL__ligand45-0
728,EQADIL__ligand5892-0
729,EQADIL__ligand5094-0
730,EQADIL__ligand465-0
731,EQADIL__ligand13477-0
732,EQADIL__ligand14167-0
733,EQADIL__ligand30142-0
734,EQADIL__ligand1712-0
735,EQADIL__ligand4131-0
736,EQADIL__ligand27669-0
737,EQADIL__ligand19927-0
738,EQADIL__ligand4738-0
739,EQADIL__ligand833-0
740,EQADIL__ligand5813-0
741,EQADIL__ligand4813-0
742,EQADIL__ligand26324-0
743,EQADIL__ligand28559-0
744,EQADIL__ligand6062-0
745,EQADIL__ligand14043-0
746,EQADIL__ligand27239-0
747,EQADIL__ligand6283-0
748,EQADIL__ligand21729-0
749,EQADIL__ligand115-0
750,EQADIL__ligand26529-0
751,EQADIL__ligand7107-0
752,EQADIL__ligand11618-0
753,EQADIL__ligand3215-0
754,EQADIL__ligand7925-0
755,EQADIL__ligand2068-0
756,EQADIL__ligand22403-0
757,EQADIL__ligand27754-0
758,EQADIL__ligand395-0
759,EQADIL__ligand20695-0
760,EQADIL__ligand1147-0
761,EQADIL__ligand16369-0
762,EQADIL__ligand3973-0
763,EQADIL__ligand11111-0
764,EQADIL__ligand368-0
765,EQADIL__ligand28540-0
766,EQADIL__ligand29215-0
767,EQADIL__ligand4330-0
768,EQADIL__ligand784-0
769,EQADIL__ligand2599-0
770,EQADIL__ligand16148-0
771,EQADIL__ligand26631-0
772,EQADIL__ligand7532-0
773,EQADIL__ligand8-0
774,EQADIL__ligand12003-0
775,EQADIL__ligand10872-0
776,EQADIL__ligand21399-0
777,EQADIL__ligand4194-0
778,EQADIL__ligand9681-0
779,EQADIL__ligand487-0
780,EQADIL__ligand27840-0
781,EQADIL__ligand30728-0
782,EQADIL__ligand24872-0
783,EQADIL__ligand4332-0
784,EQADIL__ligand10033-0
785,EQADIL__ligand3012-0
786,EQADIL__ligand24644-0
787,EQADIL__ligand1449-0
788,EQADIL__ligand7530-0
789,EQADIL__ligand12001-0
790,EQADIL__ligand1065-0
791,EQADIL__ligand176-0
792,EQADIL__ligand14569-0
793,EQADIL__ligand13385-0
794,EQADIL__ligand2403-0
795,EQADIL__ligand22444-0
796,EQADIL__ligand24111-0
797,EQADIL__ligand11587-0
798,EQADIL__ligand13220-0
799,EQADIL__ligand3934-0
800,EQADIL__ligand67-0
801,EQADIL__ligand447-0
802,EQADIL__ligand6455-0
803,EQADIL__ligand6882-0
804,EQADIL__ligand17396-0
805,EQADIL__ligand15788-0
806,EQADIL__ligand746-0
807,EQADIL__ligand23175-0
808,EQADIL__ligand6946-0
809,EQADIL__ligand1415-0
810,EQADIL__ligand31694-0
811,EQADIL__ligand29486-0
812,EQADIL__ligand7529-0
813,EQADIL__ligand152-0
814,EQADIL__ligand9148-0
815,EQADIL__ligand43-0
816,EQADIL__ligand17427-0
817,EQADIL__ligand5316-0
818,EQADIL__ligand11949-0
819,EQADIL__ligand5483-0
820,EQADIL__ligand22129-0
821,EQADIL__ligand24780-0
822,EQADIL__ligand12138-0
823,EQADIL__ligand1729-0
824,EQADIL__ligand25561-0
825,EQADIL__ligand5627-0
826,EQADIL__ligand506-0
827,EQADIL__ligand2830-0
