,TMC
0,KEPKAS__ligand1379-0
1,KEPKAS__ligand13294-0
2,KEPKAS__ligand2722-0
3,KEPKAS__ligand31832-0
4,KEPKAS__ligand5935-0
5,KEPKAS__ligand1165-0
6,KEPKAS__ligand9525-0
7,KEPKAS__ligand13331-0
8,KEPKAS__ligand28884-0
9,KEPKAS__ligand29879-0
10,KEPKAS__ligand14248-0
11,KEPKAS__ligand3157-0
12,KEPKAS__ligand696-0
13,KEPKAS__ligand12030-0
14,KEPKAS__ligand1688-0
15,KEPKAS__ligand11456-0
16,KEPKAS__ligand3647-0
17,KEPKAS__ligand5357-0
18,KEPKAS__ligand10712-0
19,KEPKAS__ligand14174-0
20,KEPKAS__ligand4850-0
21,KEPKAS__ligand656-0
22,KEPKAS__ligand5056-0
23,KEPKAS__ligand38-0
24,KEPKAS__ligand1768-0
25,KEPKAS__ligand3871-0
26,KEPKAS__ligand25411-0
27,KEPKAS__ligand1469-0
28,KEPKAS__ligand2527-0
29,KEPKAS__ligand13390-0
30,KEPKAS__ligand20682-0
31,KEPKAS__ligand8464-0
32,KEPKAS__ligand1709-0
33,KEPKAS__ligand8349-0
34,KEPKAS__ligand383-0
35,KEPKAS__ligand4911-0
36,KEPKAS__ligand1771-0
37,KEPKAS__ligand13208-0
38,KEPKAS__ligand27482-0
39,KEPKAS__ligand26810-0
40,KEPKAS__ligand3392-0
41,KEPKAS__ligand416-0
42,KEPKAS__ligand3-0
43,KEPKAS__ligand226-0
44,KEPKAS__ligand5849-0
45,KEPKAS__ligand162-0
46,KEPKAS__ligand3029-0
47,KEPKAS__ligand1-0
48,KEPKAS__ligand7162-0
49,KEPKAS__ligand30851-0
50,KEPKAS__ligand14889-0
51,KEPKAS__ligand66-0
52,KEPKAS__ligand2328-0
53,KEPKAS__ligand29568-0
54,KEPKAS__ligand4581-0
55,KEPKAS__ligand1773-0
56,KEPKAS__ligand28789-0
57,KEPKAS__ligand1900-0
58,KEPKAS__ligand9197-0
59,KEPKAS__ligand17118-0
60,KEPKAS__ligand21371-0
61,KEPKAS__ligand20419-0
62,KEPKAS__ligand534-0
63,KEPKAS__ligand571-0
64,KEPKAS__ligand2208-0
65,KEPKAS__ligand17261-0
66,KEPKAS__ligand14117-0
67,KEPKAS__ligand3208-0
68,KEPKAS__ligand670-0
69,KEPKAS__ligand3350-0
70,KEPKAS__ligand31097-0
71,KEPKAS__ligand21581-0
72,KEPKAS__ligand2781-0
73,KEPKAS__ligand7573-0
74,KEPKAS__ligand1327-0
75,KEPKAS__ligand9809-0
76,KEPKAS__ligand6672-0
77,KEPKAS__ligand20251-0
78,KEPKAS__ligand20214-0
79,KEPKAS__ligand30702-0
80,KEPKAS__ligand20539-0
81,KEPKAS__ligand8722-0
82,KEPKAS__ligand20251-1
83,KEPKAS__ligand1533-0
84,KEPKAS__ligand14703-0
85,KEPKAS__ligand16475-0
86,KEPKAS__ligand1496-0
87,KEPKAS__ligand7557-0
88,KEPKAS__ligand22557-0
89,KEPKAS__ligand10589-0
90,KEPKAS__ligand1712-0
91,KEPKAS__ligand4131-0
92,KEPKAS__ligand24047-0
93,KEPKAS__ligand11675-0
94,KEPKAS__ligand42-0
95,KEPKAS__ligand488-0
96,KEPKAS__ligand20598-0
97,KEPKAS__ligand17398-0
98,KEPKAS__ligand430-0
99,KEPKAS__ligand358-0
100,KEPKAS__ligand5892-0
101,KEPKAS__ligand5094-0
102,KEPKAS__ligand694-0
103,KEPKAS__ligand29414-0
104,KEPKAS__ligand17982-0
105,KEPKAS__ligand17278-0
106,KEPKAS__ligand20011-0
107,KEPKAS__ligand27460-0
108,KEPKAS__ligand409-0
109,KEPKAS__ligand361-0
110,KEPKAS__ligand6283-0
111,KEPKAS__ligand324-0
112,KEPKAS__ligand6062-0
113,KEPKAS__ligand16628-0
114,KEPKAS__ligand4813-0
115,KEPKAS__ligand20740-0
116,KEPKAS__ligand5813-0
117,KEPKAS__ligand28468-0
118,KEPKAS__ligand12427-0
119,KEPKAS__ligand4738-0
120,KEPKAS__ligand29410-0
121,KEPKAS__ligand12337-0
122,KEPKAS__ligand3215-0
123,KEPKAS__ligand26540-0
124,KEPKAS__ligand17281-0
125,KEPKAS__ligand30296-0
126,KEPKAS__ligand7107-0
127,KEPKAS__ligand12606-0
128,KEPKAS__ligand30333-0
129,KEPKAS__ligand3973-0
130,KEPKAS__ligand26665-0
131,KEPKAS__ligand199-0
132,KEPKAS__ligand13012-0
133,KEPKAS__ligand17631-0
134,KEPKAS__ligand17258-0
135,KEPKAS__ligand1147-0
136,KEPKAS__ligand14297-0
137,KEPKAS__ligand14603-0
138,KEPKAS__ligand31783-0
139,KEPKAS__ligand2068-0
140,KEPKAS__ligand7925-0
141,KEPKAS__ligand4194-0
142,KEPKAS__ligand300-0
143,KEPKAS__ligand19641-0
144,KEPKAS__ligand15422-0
145,KEPKAS__ligand20578-0
146,KEPKAS__ligand12934-0
147,KEPKAS__ligand7532-0
148,KEPKAS__ligand27893-0
149,KEPKAS__ligand14723-0
150,KEPKAS__ligand30988-0
151,KEPKAS__ligand588-0
152,KEPKAS__ligand2599-0
153,KEPKAS__ligand4330-0
154,KEPKAS__ligand23713-0
155,KEPKAS__ligand18832-0
156,KEPKAS__ligand27175-0
157,KEPKAS__ligand12231-0
158,KEPKAS__ligand497-0
159,KEPKAS__ligand18-0
160,KEPKAS__ligand1065-0
161,KEPKAS__ligand7530-0
162,KEPKAS__ligand12130-0
163,KEPKAS__ligand17387-0
164,KEPKAS__ligand1449-0
165,KEPKAS__ligand13658-0
166,KEPKAS__ligand26702-0
167,KEPKAS__ligand3012-0
168,KEPKAS__ligand12289-0
169,KEPKAS__ligand18292-0
170,KEPKAS__ligand4332-0
171,KEPKAS__ligand19830-0
172,KEPKAS__ligand13068-0
173,KEPKAS__ligand10476-0
174,KEPKAS__ligand633-0
175,KEPKAS__ligand24145-0
176,KEPKAS__ligand15585-0
177,KEPKAS__ligand12401-0
178,KEPKAS__ligand9681-0
179,KEPKAS__ligand25178-0
180,KEPKAS__ligand6455-0
181,KEPKAS__ligand6882-0
182,KEPKAS__ligand23769-0
183,KEPKAS__ligand24185-0
184,KEPKAS__ligand3934-0
185,KEPKAS__ligand17805-0
186,KEPKAS__ligand2403-0
187,KEPKAS__ligand17302-0
188,KEPKAS__ligand9148-0
189,KEPKAS__ligand692-0
190,KEPKAS__ligand14108-0
191,KEPKAS__ligand7529-0
192,KEPKAS__ligand10958-0
193,KEPKAS__ligand12641-0
194,KEPKAS__ligand6946-0
195,KEPKAS__ligand1415-0
196,KEPKAS__ligand436-0
197,KEPKAS__ligand326-0
198,KEPKAS__ligand2830-0
199,KEPKAS__ligand27763-0
200,KEPKAS__ligand10262-0
201,KEPKAS__ligand28676-0
202,KEPKAS__ligand5627-0
203,KEPKAS__ligand1729-0
204,KEPKAS__ligand13425-0
205,KEPKAS__ligand29302-0
206,KEPKAS__ligand5483-0
207,KEPKAS__ligand19057-0
208,KEPKAS__ligand5316-0
209,KEPKAS__ligand18814-0
210,KEPKAS__ligand4641-0
211,KEPKAS__ligand11140-0
212,KEPKAS__ligand29610-0
213,KEPKAS__ligand29863-0
214,KEPKAS__ligand13869-0
215,KEPKAS__ligand18074-0
216,KEPKAS__ligand18465-0
217,KEPKAS__ligand3234-0
218,KEPKAS__ligand1142-0
219,KEPKAS__ligand18799-0
220,KEPKAS__ligand338-0
221,KEPKAS__ligand8835-0
222,KEPKAS__ligand2028-0
223,KEPKAS__ligand28668-0
224,KEPKAS__ligand7126-0
225,KEPKAS__ligand16791-0
226,KEPKAS__ligand67-0
227,KEPKAS__ligand14523-0
228,KEPKAS__ligand7819-0
229,KEPKAS__ligand27169-0
230,KEPKAS__ligand2917-0
231,KEPKAS__ligand18391-0
232,KEPKAS__ligand201-0
233,KEPKAS__ligand25805-0
234,KEPKAS__ligand22981-0
235,KEPKAS__ligand3465-0
236,KEPKAS__ligand43-0
237,KEPKAS__ligand20599-0
238,KEPKAS__ligand27074-0
239,KEPKAS__ligand6596-0
240,KEPKAS__ligand6904-0
241,KEPKAS__ligand3721-0
242,KEPKAS__ligand6102-0
243,KEPKAS__ligand321-0
244,KEPKAS__ligand23904-0
245,KEPKAS__ligand13257-0
246,KEPKAS__ligand4620-0
247,KEPKAS__ligand21936-0
248,KEPKAS__ligand12467-0
249,KEPKAS__ligand178-0
250,KEPKAS__ligand185-0
251,KEPKAS__ligand6067-0
252,KEPKAS__ligand1577-0
253,KEPKAS__ligand2295-0
254,KEPKAS__ligand25267-0
255,KEPKAS__ligand10084-0
256,KEPKAS__ligand279-0
257,KEPKAS__ligand21132-0
258,KEPKAS__ligand2332-0
259,KEPKAS__ligand9441-0
260,KEPKAS__ligand11166-0
261,KEPKAS__ligand23906-0
262,KEPKAS__ligand366-0
263,KEPKAS__ligand9933-0
264,KEPKAS__ligand187-0
265,KEPKAS__ligand1530-0
266,KEPKAS__ligand1575-0
267,KEPKAS__ligand30539-0
268,KEPKAS__ligand1631-0
269,KEPKAS__ligand657-0
270,KEPKAS__ligand596-0
271,KEPKAS__ligand941-0
272,KEPKAS__ligand2915-0
273,KEPKAS__ligand25575-0
274,KEPKAS__ligand3156-0
275,KEPKAS__ligand21787-0
276,KEPKAS__ligand25689-0
277,KEPKAS__ligand1378-0
278,KEPKAS__ligand12295-0
279,KEPKAS__ligand27835-0
280,KEPKAS__ligand6244-0
281,KEPKAS__ligand777-0
282,KEPKAS__ligand9601-0
283,KEPKAS__ligand31248-0
284,KEPKAS__ligand8992-0
285,KEPKAS__ligand25650-0
286,KEPKAS__ligand163-0
287,KEPKAS__ligand126-0
288,KEPKAS__ligand19257-0
289,KEPKAS__ligand4116-0
290,KEPKAS__ligand13209-0
291,KEPKAS__ligand1018-0
292,KEPKAS__ligand7967-0
293,KEPKAS__ligand3707-0
294,KEPKAS__ligand6124-0
295,KEPKAS__ligand12660-0
296,KEPKAS__ligand8721-0
297,KEPKAS__ligand11206-0
298,KEPKAS__ligand23124-0
299,KEPKAS__ligand1324-0
300,KEPKAS__ligand1823-0
301,KEPKAS__ligand845-0
302,KEPKAS__ligand12519-0
303,KEPKAS__ligand25735-0
304,KEPKAS__ligand5643-0
305,KEPKAS__ligand1615-0
306,KEPKAS__ligand5036-0
307,KEPKAS__ligand2526-0
308,KEPKAS__ligand9111-0
309,KEPKAS__ligand9952-0
310,KEPKAS__ligand5256-0
311,KEPKAS__ligand23589-0
312,KEPKAS__ligand9833-0
313,KEPKAS__ligand8876-0
314,KEPKAS__ligand2828-0
315,KEPKAS__ligand7648-0
316,KEPKAS__ligand24064-0
317,KEPKAS__ligand4157-0
318,KEPKAS__ligand757-0
319,KEPKAS__ligand24-0
320,KEPKAS__ligand15168-0
321,KEPKAS__ligand2232-0
322,KEPKAS__ligand122-0
323,KEPKAS__ligand9291-0
324,KEPKAS__ligand2176-0
325,KEPKAS__ligand1982-0
326,KEPKAS__ligand7000-0
327,KEPKAS__ligand22755-0
328,KEPKAS__ligand8115-0
329,KEPKAS__ligand10432-0
330,KEPKAS__ligand6768-0
331,KEPKAS__ligand31618-0
332,KEPKAS__ligand11432-0
333,KEPKAS__ligand26277-0
334,KEPKAS__ligand1285-0
335,KEPKAS__ligand29898-0
336,KEPKAS__ligand19-0
337,KEPKAS__ligand4503-0
338,KEPKAS__ligand4546-0
339,KEPKAS__ligand17207-0
340,KEPKAS__ligand31578-0
341,KEPKAS__ligand4016-0
342,KEPKAS__ligand17945-0
343,KEPKAS__ligand6709-0
344,KEPKAS__ligand1219-0
345,KEPKAS__ligand18013-0
346,KEPKAS__ligand7867-0
347,KEPKAS__ligand25224-0
348,KEPKAS__ligand1790-0
349,KEPKAS__ligand1304-0
350,KEPKAS__ligand7280-0
351,KEPKAS__ligand78-0
352,KEPKAS__ligand24750-0
353,KEPKAS__ligand7238-0
354,KEPKAS__ligand45-0
355,KEPKAS__ligand9784-0
356,KEPKAS__ligand28924-0
357,KEPKAS__ligand7629-0
358,KEPKAS__ligand15438-0
359,KEPKAS__ligand1451-0
360,KEPKAS__ligand4272-0
361,KEPKAS__ligand18703-0
362,KEPKAS__ligand4093-0
363,KEPKAS__ligand4442-0
364,KEPKAS__ligand693-0
365,KEPKAS__ligand3954-0
366,KEPKAS__ligand8699-0
367,KEPKAS__ligand1160-0
368,KEPKAS__ligand9520-0
369,KEPKAS__ligand29087-0
370,KEPKAS__ligand7106-0
371,KEPKAS__ligand7242-0
372,KEPKAS__ligand12336-0
373,KEPKAS__ligand141-0
374,KEPKAS__ligand13072-0
375,KEPKAS__ligand240-0
376,KEPKAS__ligand9908-0
377,KEPKAS__ligand1263-0
378,KEPKAS__ligand1536-0
379,KEPKAS__ligand1573-0
380,KEPKAS__ligand17590-0
381,KEPKAS__ligand9935-0
382,KEPKAS__ligand3504-0
383,KEPKAS__ligand17240-0
384,KEPKAS__ligand1959-0
385,KEPKAS__ligand12682-0
386,KEPKAS__ligand18699-0
387,KEPKAS__ligand4661-0
388,KEPKAS__ligand1844-0
389,KEPKAS__ligand3718-0
390,KEPKAS__ligand3035-0
391,KEPKAS__ligand1343-0
392,KEPKAS__ligand3876-0
393,KEPKAS__ligand6616-0
394,KEPKAS__ligand11774-0
395,KEPKAS__ligand14586-0
396,KEPKAS__ligand3565-0
397,KEPKAS__ligand1512-0
398,KEPKAS__ligand21421-0
399,KEPKAS__ligand5331-0
400,KEPKAS__ligand11568-0
401,KEPKAS__ligand3852-0
402,KEPKAS__ligand2485-0
403,KEPKAS__ligand17710-0
404,KEPKAS__ligand20579-0
405,KEPKAS__ligand6919-0
406,KEPKAS__ligand768-0
407,KEPKAS__ligand384-0
408,KEPKAS__ligand4155-0
409,KEPKAS__ligand3094-0
410,KEPKAS__ligand4-0
411,KEPKAS__ligand10555-0
412,KEPKAS__ligand5211-0
413,KEPKAS__ligand31483-0
414,KEPKAS__ligand8969-0
415,KEPKAS__ligand3937-0
416,KEPKAS__ligand1202-0
417,KEPKAS__ligand19725-0
418,KEPKAS__ligand3174-0
419,KEPKAS__ligand3131-0
420,KEPKAS__ligand6839-0
421,KEPKAS__ligand24613-0
422,KEPKAS__ligand4720-0
423,KEPKAS__ligand15387-0
424,KEPKAS__ligand5159-0
425,KEPKAS__ligand7196-0
426,KEPKAS__ligand20121-0
427,KEPKAS__ligand9753-0
428,KEPKAS__ligand8-0
429,KEPKAS__ligand5530-0
430,KEPKAS__ligand20220-0
431,KEPKAS__ligand1787-0
432,KEPKAS__ligand1356-0
433,KEPKAS__ligand29813-0
434,KEPKAS__ligand3178-0
435,KEPKAS__ligand16952-0
436,KEPKAS__ligand4807-0
437,KEPKAS__ligand314-1
438,KEPKAS__ligand10853-0
439,KEPKAS__ligand29441-0
440,KEPKAS__ligand4711-0
441,KEPKAS__ligand3244-0
442,KEPKAS__ligand11479-0
443,KEPKAS__ligand10479-0
444,KEPKAS__ligand27610-0
445,KEPKAS__ligand2906-0
446,KEPKAS__ligand465-0
447,KEPKAS__ligand11698-0
448,KEPKAS__ligand20530-0
449,KEPKAS__ligand14302-0
450,KEPKAS__ligand14347-0
451,KEPKAS__ligand13657-0
452,KEPKAS__ligand24851-0
453,KEPKAS__ligand8793-0
454,KEPKAS__ligand5649-0
455,KEPKAS__ligand2788-0
456,KEPKAS__ligand4649-0
457,KEPKAS__ligand17-0
458,KEPKAS__ligand2124-0
459,KEPKAS__ligand8612-0
460,KEPKAS__ligand1153-0
461,KEPKAS__ligand3225-0
462,KEPKAS__ligand1116-0
463,KEPKAS__ligand7092-0
464,KEPKAS__ligand22353-0
465,KEPKAS__ligand2260-0
466,KEPKAS__ligand618-0
467,KEPKAS__ligand9323-0
468,KEPKAS__ligand391-0
469,KEPKAS__ligand7273-0
470,KEPKAS__ligand19668-0
471,KEPKAS__ligand19906-0
472,KEPKAS__ligand7172-0
473,KEPKAS__ligand5180-0
474,KEPKAS__ligand780-0
475,KEPKAS__ligand314-0
476,KEPKAS__ligand813-0
477,KEPKAS__ligand10151-0
478,KEPKAS__ligand5708-0
479,KEPKAS__ligand7316-0
480,KEPKAS__ligand6017-0
481,KEPKAS__ligand13260-0
482,KEPKAS__ligand10582-0
483,KEPKAS__ligand8788-0
484,KEPKAS__ligand1832-0
485,KEPKAS__ligand49-0
486,KEPKAS__ligand11252-0
487,KEPKAS__ligand2043-0
488,KEPKAS__ligand353-0
489,KEPKAS__ligand18067-0
490,KEPKAS__ligand19824-0
491,KEPKAS__ligand1228-0
492,KEPKAS__ligand9943-0
493,KEPKAS__ligand1604-0
494,KEPKAS__ligand1114-0
495,KEPKAS__ligand20821-0
496,KEPKAS__ligand9284-0
497,KEPKAS__ligand6391-0
498,KEPKAS__ligand3126-0
499,KEPKAS__ligand26673-0
500,KEPKAS__ligand89-0
501,KEPKAS__ligand31000-0
502,KEPKAS__ligand393-0
503,KEPKAS__ligand2417-0
504,KEPKAS__ligand11606-0
505,KEPKAS__ligand686-0
506,KEPKAS__ligand16603-0
507,KEPKAS__ligand2203-0
508,KEPKAS__ligand5387-0
509,KEPKAS__ligand11814-0
510,KEPKAS__ligand1289-0
511,KEPKAS__ligand11622-0
512,KEPKAS__ligand16870-0
513,KEPKAS__ligand422-0
514,KEPKAS__ligand15455-0
515,KEPKAS__ligand11177-0
516,KEPKAS__ligand9450-0
517,KEPKAS__ligand1599-0
518,KEPKAS__ligand17686-0
519,KEPKAS__ligand25658-0
520,KEPKAS__ligand31205-0
521,KEPKAS__ligand2612-0
522,KEPKAS__ligand196-0
523,KEPKAS__ligand8000-0
524,KEPKAS__ligand3736-0
525,KEPKAS__ligand9344-0
526,KEPKAS__ligand11-0
527,KEPKAS__ligand24624-0
528,KEPKAS__ligand152-0
529,KEPKAS__ligand20844-0
530,KEPKAS__ligand2693-0
531,KEPKAS__ligand5383-0
532,KEPKAS__ligand18413-0
533,KEPKAS__ligand24560-0
534,KEPKAS__ligand3945-0
535,KEPKAS__ligand18757-0
536,KEPKAS__ligand506-0
537,KEPKAS__ligand9299-0
538,KEPKAS__ligand2985-0
539,KEPKAS__ligand4007-0
540,KEPKAS__ligand21752-0
541,KEPKAS__ligand69-0
542,KEPKAS__ligand3677-1
543,KEPKAS__ligand9883-0
544,KEPKAS__ligand13691-0
545,KEPKAS__ligand30788-0
546,KEPKAS__ligand7291-0
547,KEPKAS__ligand14339-0
548,KEPKAS__ligand23445-0
549,KEPKAS__ligand1294-0
550,KEPKAS__ligand24953-0
551,KEPKAS__ligand1168-0
552,KEPKAS__ligand20432-0
553,KEPKAS__ligand27122-0
554,KEPKAS__ligand3632-0
555,KEPKAS__ligand3677-0
556,KEPKAS__ligand13755-0
557,KEPKAS__ligand16133-0
558,KEPKAS__ligand6699-0
559,KEPKAS__ligand25048-0
560,KEPKAS__ligand487-0
561,KEPKAS__ligand21940-0
562,KEPKAS__ligand746-0
563,KEPKAS__ligand2881-0
564,KEPKAS__ligand1499-0
565,KEPKAS__ligand447-0
566,KEPKAS__ligand3712-0
567,KEPKAS__ligand1464-0
568,KEPKAS__ligand20557-0
569,KEPKAS__ligand30004-0
570,KEPKAS__ligand1211-0
571,KEPKAS__ligand6892-0
572,KEPKAS__ligand176-0
573,KEPKAS__ligand11544-0
574,KEPKAS__ligand368-0
575,KEPKAS__ligand11501-0
576,KEPKAS__ligand29214-0
577,KEPKAS__ligand395-0
578,KEPKAS__ligand4101-0
579,KEPKAS__ligand5595-0
580,KEPKAS__ligand11758-0
581,KEPKAS__ligand22357-0
582,KEPKAS__ligand2221-0
583,KEPKAS__ligand3120-0
584,KEPKAS__ligand3926-0
585,KEPKAS__ligand4358-0
586,KEPKAS__ligand21448-0
587,KEPKAS__ligand5099-0
588,KEPKAS__ligand8592-0
589,KEPKAS__ligand1197-0
590,KEPKAS__ligand11798-0
591,KEPKAS__ligand29334-0
592,KEPKAS__ligand2259-0
593,KEPKAS__ligand12413-0
594,KEPKAS__ligand20731-0
595,KEPKAS__ligand1296-0
596,KEPKAS__ligand17445-0
597,KEPKAS__ligand5510-0
598,KEPKAS__ligand17069-0
599,KEPKAS__ligand784-0
600,KEPKAS__ligand1376-0
601,KEPKAS__ligand9773-0
602,KEPKAS__ligand14477-0
603,KEPKAS__ligand2238-0
604,KEPKAS__ligand5304-0
605,KEPKAS__ligand16956-0
606,KEPKAS__ligand21339-0
607,KEPKAS__ligand14226-0
608,KEPKAS__ligand9167-0
609,KEPKAS__ligand20942-1
610,KEPKAS__ligand18158-0
611,KEPKAS__ligand2822-0
612,KEPKAS__ligand27771-0
613,KEPKAS__ligand7293-0
614,KEPKAS__ligand1317-0
615,KEPKAS__ligand3867-0
616,KEPKAS__ligand29565-0
617,KEPKAS__ligand833-0
618,KEPKAS__ligand23682-0
619,KEPKAS__ligand18019-1
620,KEPKAS__ligand14007-0
621,KEPKAS__ligand6117-0
622,KEPKAS__ligand1407-0
623,KEPKAS__ligand5509-0
624,KEPKAS__ligand8002-0
625,KEPKAS__ligand7762-0
626,KEPKAS__ligand5080-0
627,KEPKAS__ligand115-0
628,KEPKAS__ligand27550-0
629,KEPKAS__ligand31842-0
630,KEPKAS__ligand4207-0
631,KEPKAS__ligand31044-0
632,KEPKAS__ligand11994-0
633,KEPKAS__ligand3416-0
634,KEPKAS__ligand3453-0
635,KEPKAS__ligand24035-0
636,KEPKAS__ligand868-0
637,KEPKAS__ligand14614-0
638,KEPKAS__ligand1150-0
639,KEPKAS__ligand16663-0
640,KEPKAS__ligand1539-0
641,KEPKAS__ligand25913-0
642,KEPKAS__ligand4063-0
643,KEPKAS__ligand16988-0
644,KEPKAS__ligand7438-0
645,KEPKAS__ligand8200-0
646,KEPKAS__ligand48-0
647,KEPKAS__ligand11682-0
648,KEPKAS__ligand20207-0
649,KEPKAS__ligand30711-0
650,KEPKAS__ligand352-0
651,KEPKAS__ligand3042-0
652,KEPKAS__ligand783-0
653,KEPKAS__ligand1149-0
654,KEPKAS__ligand15926-0
655,KEPKAS__ligand10828-0
656,KEPKAS__ligand3557-0
657,KEPKAS__ligand19792-0
658,KEPKAS__ligand3980-0
659,KEPKAS__ligand11096-0
660,KEPKAS__ligand11447-0
661,KEPKAS__ligand28810-0
662,KEPKAS__ligand7075-0
663,KEPKAS__ligand24230-0
664,KEPKAS__ligand197-0
665,KEPKAS__ligand91-0
666,KEPKAS__ligand9750-0
667,KEPKAS__ligand15883-0
668,KEPKAS__ligand1817-0
669,KEPKAS__ligand6993-0
670,KEPKAS__ligand11970-0
671,KEPKAS__ligand1779-0
672,KEPKAS__ligand21919-0
673,KEPKAS__ligand51-0
674,KEPKAS__ligand4167-0
675,KEPKAS__ligand28930-0
676,KEPKAS__ligand22168-0
677,KEPKAS__ligand9491-0
678,KEPKAS__ligand1400-0
679,KEPKAS__ligand4266-0
680,KEPKAS__ligand22294-0
681,KEPKAS__ligand15531-0
682,KEPKAS__ligand28743-0
683,KEPKAS__ligand13862-0
684,KEPKAS__ligand11357-0
685,KEPKAS__ligand10056-0
686,KEPKAS__ligand12365-0
687,KEPKAS__ligand1288-0
688,KEPKAS__ligand421-0
689,KEPKAS__ligand6112-0
690,KEPKAS__ligand8042-0
691,KEPKAS__ligand23197-0
692,KEPKAS__ligand1397-0
693,KEPKAS__ligand7213-0
694,KEPKAS__ligand16-0
695,KEPKAS__ligand1828-0
696,KEPKAS__ligand4710-0
697,KEPKAS__ligand5755-0
698,KEPKAS__ligand685-0
699,KEPKAS__ligand3144-0
700,KEPKAS__ligand29029-0
701,KEPKAS__ligand27285-0
702,KEPKAS__ligand5085-0
703,KEPKAS__ligand30142-0
704,KEPKAS__ligand4795-0
705,KEPKAS__ligand3285-0
706,KEPKAS__ligand27669-0
707,KEPKAS__ligand294-0
708,KEPKAS__ligand1908-0
709,KEPKAS__ligand13477-0
710,KEPKAS__ligand14167-0
711,KEPKAS__ligand5630-0
712,KEPKAS__ligand1786-0
713,KEPKAS__ligand18448-0
714,KEPKAS__ligand12453-0
715,KEPKAS__ligand28459-0
716,KEPKAS__ligand560-0
717,KEPKAS__ligand5515-0
718,KEPKAS__ligand6663-0
719,KEPKAS__ligand5614-0
720,KEPKAS__ligand5280-0
721,KEPKAS__ligand1831-0
722,KEPKAS__ligand19184-0
723,KEPKAS__ligand28685-0
724,KEPKAS__ligand18568-0
725,KEPKAS__ligand1849-0
726,KEPKAS__ligand32-0
727,KEPKAS__ligand13672-0
728,KEPKAS__ligand1216-0
729,KEPKAS__ligand235-0
730,KEPKAS__ligand10371-0
731,KEPKAS__ligand3261-0
732,KEPKAS__ligand1152-0
733,KEPKAS__ligand134-0
734,KEPKAS__ligand5019-0
735,KEPKAS__ligand7566-0
736,KEPKAS__ligand16369-0
737,KEPKAS__ligand11111-0
738,KEPKAS__ligand28540-0
739,KEPKAS__ligand2001-0
740,KEPKAS__ligand20695-0
741,KEPKAS__ligand27754-0
742,KEPKAS__ligand311-0
743,KEPKAS__ligand785-0
744,KEPKAS__ligand479-0
745,KEPKAS__ligand9944-0
746,KEPKAS__ligand8593-0
747,KEPKAS__ligand564-0
748,KEPKAS__ligand370-1
749,KEPKAS__ligand22403-0
750,KEPKAS__ligand620-0
751,KEPKAS__ligand1113-0
752,KEPKAS__ligand8553-0
753,KEPKAS__ligand10872-0
754,KEPKAS__ligand21399-0
755,KEPKAS__ligand16148-0
756,KEPKAS__ligand26631-0
757,KEPKAS__ligand12003-0
758,KEPKAS__ligand188-0
759,KEPKAS__ligand5201-0
760,KEPKAS__ligand29215-0
761,KEPKAS__ligand250-0
762,KEPKAS__ligand5415-0
763,KEPKAS__ligand27239-0
764,KEPKAS__ligand21729-0
765,KEPKAS__ligand4124-0
766,KEPKAS__ligand26324-0
767,KEPKAS__ligand3471-0
768,KEPKAS__ligand4161-0
769,KEPKAS__ligand28559-0
770,KEPKAS__ligand14043-0
771,KEPKAS__ligand57-0
772,KEPKAS__ligand19927-0
773,KEPKAS__ligand2823-0
774,KEPKAS__ligand370-0
775,KEPKAS__ligand11618-0
776,KEPKAS__ligand6995-0
777,KEPKAS__ligand3180-0
778,KEPKAS__ligand26529-0
779,KEPKAS__ligand2650-0
780,KEPKAS__ligand2281-0
781,KEPKAS__ligand4340-0
782,KEPKAS__ligand1050-0
783,KEPKAS__ligand68-0
784,KEPKAS__ligand1015-0
785,KEPKAS__ligand830-0
786,KEPKAS__ligand17427-0
787,KEPKAS__ligand2027-0
788,KEPKAS__ligand372-0
789,KEPKAS__ligand29486-0
790,KEPKAS__ligand193-0
791,KEPKAS__ligand31694-0
792,KEPKAS__ligand116-0
793,KEPKAS__ligand2692-0
794,KEPKAS__ligand1618-0
795,KEPKAS__ligand252-0
796,KEPKAS__ligand25561-0
797,KEPKAS__ligand22129-0
798,KEPKAS__ligand24780-0
799,KEPKAS__ligand4262-0
800,KEPKAS__ligand12138-0
801,KEPKAS__ligand1028-0
802,KEPKAS__ligand55-0
803,KEPKAS__ligand11949-0
804,KEPKAS__ligand12001-0
805,KEPKAS__ligand9615-0
806,KEPKAS__ligand10033-0
807,KEPKAS__ligand177-0
808,KEPKAS__ligand1154-0
809,KEPKAS__ligand24644-0
810,KEPKAS__ligand24872-0
811,KEPKAS__ligand4596-0
812,KEPKAS__ligand34-0
813,KEPKAS__ligand1498-0
814,KEPKAS__ligand27840-0
815,KEPKAS__ligand30728-0
816,KEPKAS__ligand17396-0
817,KEPKAS__ligand15788-0
818,KEPKAS__ligand23175-0
819,KEPKAS__ligand13220-0
820,KEPKAS__ligand11587-0
821,KEPKAS__ligand8529-0
822,KEPKAS__ligand22444-0
823,KEPKAS__ligand24111-0
824,KEPKAS__ligand1169-0
825,KEPKAS__ligand909-0
826,KEPKAS__ligand14569-0
827,KEPKAS__ligand13385-0
