,TMC
0,HANVEA__ligand7550-0
1,HANVEA__ligand66-0
2,HANVEA__ligand314-0
3,HANVEA__ligand481-0
4,HANVEA__ligand391-0
5,HANVEA__ligand2253-0
6,HANVEA__ligand1160-0
7,HANVEA__ligand5093-0
8,HANVEA__ligand2954-0
9,HANVEA__ligand2762-0
10,HANVEA__ligand170-0
11,HANVEA__ligand1038-0
12,HANVEA__ligand4423-0
13,HANVEA__ligand1907-0
14,HANVEA__ligand3890-0
15,HANVEA__ligand210-0
16,HANVEA__ligand4-0
17,HANVEA__ligand7630-0
18,HANVEA__ligand1285-0
19,HANVEA__ligand1555-0
20,HANVEA__ligand3478-0
21,HANVEA__ligand40-0
22,HANVEA__ligand196-0
23,HANVEA__ligand502-0
24,HANVEA__ligand3852-0
25,HANVEA__ligand6-0
26,HANVEA__ligand5758-0
27,HANVEA__ligand7456-0
28,HANVEA__ligand422-0
29,HANVEA__ligand1818-0
30,HANVEA__ligand113-0
31,HANVEA__ligand38-0
32,HANVEA__ligand3251-0
33,HANVEA__ligand4619-0
34,HANVEA__ligand236-0
35,HANVEA__ligand5235-0
36,HANVEA__ligand6143-0
37,HANVEA__ligand3035-0
38,HANVEA__ligand3070-0
39,HANVEA__ligand2718-0
40,HANVEA__ligand1493-0
41,HANVEA__ligand21-0
42,HANVEA__ligand9176-0
43,HANVEA__ligand353-0
44,HANVEA__ligand133-0
45,HANVEA__ligand18-0
46,HANVEA__ligand4175-0
47,HANVEA__ligand2255-0
48,HANVEA__ligand447-0
49,HANVEA__ligand1918-0
50,HANVEA__ligand487-0
51,HANVEA__ligand666-0
52,HANVEA__ligand522-0
53,HANVEA__ligand4370-0
54,HANVEA__ligand1436-0
55,HANVEA__ligand11730-0
56,HANVEA__ligand682-0
57,HANVEA__ligand3618-0
58,HANVEA__ligand2618-0
59,HANVEA__ligand2707-0
60,HANVEA__ligand86-0
61,HANVEA__ligand115-0
62,HANVEA__ligand1690-0
63,HANVEA__ligand1551-0
64,HANVEA__ligand2526-0
65,HANVEA__ligand291-0
66,HANVEA__ligand3196-0
67,HANVEA__ligand4012-0
68,HANVEA__ligand485-0
69,HANVEA__ligand784-0
70,HANVEA__ligand355-0
71,HANVEA__ligand62-0
72,HANVEA__ligand2915-0
73,HANVEA__ligand6166-0
74,HANVEA__ligand112-0
75,HANVEA__ligand1246-0
76,HANVEA__ligand2599-0
77,HANVEA__ligand5089-0
78,HANVEA__ligand296-0
79,HANVEA__ligand197-0
80,HANVEA__ligand3853-0
81,HANVEA__ligand2853-0
82,HANVEA__ligand783-0
83,HANVEA__ligand352-0
84,HANVEA__ligand1307-0
85,HANVEA__ligand136-0
86,HANVEA__ligand442-0
87,HANVEA__ligand868-0
88,HANVEA__ligand235-0
89,HANVEA__ligand134-0
90,HANVEA__ligand932-0
91,HANVEA__ligand390-0
92,HANVEA__ligand9620-0
93,HANVEA__ligand1260-0
94,HANVEA__ligand4894-0
95,HANVEA__ligand1449-1
96,HANVEA__ligand4811-0
97,HANVEA__ligand3337-0
98,HANVEA__ligand109-0
99,HANVEA__ligand7514-0
100,HANVEA__ligand67-0
101,HANVEA__ligand525-0
102,HANVEA__ligand560-0
103,HANVEA__ligand1178-0
104,HANVEA__ligand3566-0
105,HANVEA__ligand331-0
106,HANVEA__ligand1321-0
107,HANVEA__ligand993-0
108,HANVEA__ligand294-0
109,HANVEA__ligand916-0
110,HANVEA__ligand584-0
111,HANVEA__ligand1788-0
112,HANVEA__ligand798-0
113,HANVEA__ligand421-0
114,HANVEA__ligand6571-0
115,HANVEA__ligand1325-0
116,HANVEA__ligand2482-0
117,HANVEA__ligand1-0
118,HANVEA__ligand370-0
119,HANVEA__ligand5762-0
120,HANVEA__ligand7414-0
121,HANVEA__ligand1104-0
122,HANVEA__ligand460-0
123,HANVEA__ligand250-0
124,HANVEA__ligand1019-0
125,HANVEA__ligand2442-0
126,HANVEA__ligand444-0
127,HANVEA__ligand1264-0
128,HANVEA__ligand369-0
129,HANVEA__ligand1221-0
130,HANVEA__ligand1299-0
131,HANVEA__ligand6430-0
132,HANVEA__ligand188-0
133,HANVEA__ligand1379-0
134,HANVEA__ligand2376-0
135,HANVEA__ligand2929-0
136,HANVEA__ligand311-0
137,HANVEA__ligand909-0
138,HANVEA__ligand2389-0
139,HANVEA__ligand851-0
140,HANVEA__ligand1919-0
141,HANVEA__ligand3579-0
142,HANVEA__ligand2110-0
143,HANVEA__ligand2916-0
144,HANVEA__ligand177-0
145,HANVEA__ligand934-0
146,HANVEA__ligand1712-0
147,HANVEA__ligand955-0
148,HANVEA__ligand1858-0
149,HANVEA__ligand78-0
150,HANVEA__ligand85-0
151,HANVEA__ligand252-0
152,HANVEA__ligand8032-0
153,HANVEA__ligand1898-0
154,HANVEA__ligand193-0
155,HANVEA__ligand3051-0
156,HANVEA__ligand4504-0
157,HANVEA__ligand3-0
158,HANVEA__ligand2480-0
159,HANVEA__ligand45-0
160,HANVEA__ligand2315-0
161,HANVEA__ligand830-0
162,HANVEA__ligand5334-0
163,HANVEA__ligand226-0
164,HANVEA__ligand49-0
165,HANVEA__ligand162-0
166,HANVEA__ligand383-0
167,HANVEA__ligand1273-0
168,HANVEA__ligand10479-0
169,HANVEA__ligand1052-0
170,HANVEA__ligand89-0
171,HANVEA__ligand1502-0
172,HANVEA__ligand4983-0
173,HANVEA__ligand2345-0
174,HANVEA__ligand2794-0
175,HANVEA__ligand1835-0
176,HANVEA__ligand9027-0
177,HANVEA__ligand10114-0
178,HANVEA__ligand6396-0
179,HANVEA__ligand1113-0
180,HANVEA__ligand2265-0
181,HANVEA__ligand2838-0
182,HANVEA__ligand3838-0
183,HANVEA__ligand1799-0
184,HANVEA__ligand92-0
185,HANVEA__ligand669-0
186,HANVEA__ligand5941-0
187,HANVEA__ligand2880-0
188,HANVEA__ligand358-0
189,HANVEA__ligand10910-0
190,HANVEA__ligand430-0
191,HANVEA__ligand365-0
192,HANVEA__ligand1169-0
193,HANVEA__ligand5022-0
194,HANVEA__ligand17-0
195,HANVEA__ligand278-0
196,HANVEA__ligand571-0
197,HANVEA__ligand2864-0
198,HANVEA__ligand670-0
199,HANVEA__ligand14530-0
200,HANVEA__ligand118-0
201,HANVEA__ligand6538-0
202,HANVEA__ligand509-0
203,HANVEA__ligand6151-0
204,HANVEA__ligand2772-0
205,HANVEA__ligand9495-0
206,HANVEA__ligand2142-0
207,HANVEA__ligand1054-0
208,HANVEA__ligand575-0
209,HANVEA__ligand6294-0
210,HANVEA__ligand4303-0
211,HANVEA__ligand1248-0
212,HANVEA__ligand1598-0
213,HANVEA__ligand7464-0
214,HANVEA__ligand199-0
215,HANVEA__ligand927-0
216,HANVEA__ligand140-0
217,HANVEA__ligand105-0
218,HANVEA__ligand8774-0
219,HANVEA__ligand324-0
220,HANVEA__ligand361-0
221,HANVEA__ligand3637-0
222,HANVEA__ligand409-0
223,HANVEA__ligand283-0
224,HANVEA__ligand11-0
225,HANVEA__ligand553-0
226,HANVEA__ligand326-0
227,HANVEA__ligand1607-0
228,HANVEA__ligand821-0
229,HANVEA__ligand1152-0
230,HANVEA__ligand436-0
231,HANVEA__ligand206-0
232,HANVEA__ligand1727-0
233,HANVEA__ligand142-0
234,HANVEA__ligand2907-0
235,HANVEA__ligand838-0
236,HANVEA__ligand166-0
237,HANVEA__ligand1703-0
238,HANVEA__ligand2430-0
239,HANVEA__ligand2862-0
240,HANVEA__ligand532-0
241,HANVEA__ligand2320-0
242,HANVEA__ligand1056-0
243,HANVEA__ligand918-0
244,HANVEA__ligand633-0
245,HANVEA__ligand497-0
246,HANVEA__ligand2510-0
247,HANVEA__ligand8921-0
248,HANVEA__ligand2285-0
249,HANVEA__ligand1567-0
250,HANVEA__ligand178-0
251,HANVEA__ligand279-0
252,HANVEA__ligand1459-0
253,HANVEA__ligand321-0
254,HANVEA__ligand1544-0
255,HANVEA__ligand1685-0
256,HANVEA__ligand201-0
257,HANVEA__ligand244-0
258,HANVEA__ligand3757-0
259,HANVEA__ligand100-0
260,HANVEA__ligand1048-0
261,HANVEA__ligand2087-0
262,HANVEA__ligand1171-0
263,HANVEA__ligand124-0
264,HANVEA__ligand1438-0
265,HANVEA__ligand15630-0
266,HANVEA__ligand3063-0
267,HANVEA__ligand10357-0
268,HANVEA__ligand32-0
269,HANVEA__ligand119-0
270,HANVEA__ligand5801-0
271,HANVEA__ligand4381-0
272,HANVEA__ligand2629-0
273,HANVEA__ligand3734-0
274,HANVEA__ligand48-0
275,HANVEA__ligand126-0
276,HANVEA__ligand1706-0
277,HANVEA__ligand1687-0
278,HANVEA__ligand1951-0
279,HANVEA__ligand6277-0
280,HANVEA__ligand29-0
281,HANVEA__ligand596-0
282,HANVEA__ligand91-0
283,HANVEA__ligand187-0
284,HANVEA__ligand2768-0
285,HANVEA__ligand1376-0
286,HANVEA__ligand612-0
287,HANVEA__ligand51-0
288,HANVEA__ligand861-0
289,HANVEA__ligand2688-0
290,HANVEA__ligand2259-0
291,HANVEA__ligand366-0
292,HANVEA__ligand95-0
293,HANVEA__ligand2751-0
294,HANVEA__ligand2634-0
295,HANVEA__ligand1542-0
296,HANVEA__ligand55-0
297,HANVEA__ligand3041-0
298,HANVEA__ligand6332-0
299,HANVEA__ligand797-0
300,HANVEA__ligand3178-0
301,HANVEA__ligand2863-0
302,HANVEA__ligand34-0
303,HANVEA__ligand6502-0
304,HANVEA__ligand2098-0
305,HANVEA__ligand6686-0
306,HANVEA__ligand1747-0
307,HANVEA__ligand5548-0
308,HANVEA__ligand7915-0
309,HANVEA__ligand3145-0
310,HANVEA__ligand757-0
311,HANVEA__ligand8-0
312,HANVEA__ligand120-0
313,HANVEA__ligand384-0
314,HANVEA__ligand3246-0
315,HANVEA__ligand1148-0
316,HANVEA__ligand73-0
317,HANVEA__ligand1479-0
318,HANVEA__ligand9244-0
319,HANVEA__ligand1228-0
320,HANVEA__ligand57-0
321,HANVEA__ligand141-0
322,HANVEA__ligand240-0
323,HANVEA__ligand1538-0
324,HANVEA__ligand1114-0
