,TMC
0,JIJVOQ__ligand2526-0
1,JIJVOQ__ligand113-0
2,JIJVOQ__ligand1551-0
3,JIJVOQ__ligand422-0
4,JIJVOQ__ligand2707-0
5,JIJVOQ__ligand196-0
6,JIJVOQ__ligand502-0
7,JIJVOQ__ligand1690-0
8,JIJVOQ__ligand73-0
9,JIJVOQ__ligand353-0
10,JIJVOQ__ligand57-0
11,JIJVOQ__ligand2915-0
12,JIJVOQ__ligand236-0
13,JIJVOQ__ligand4012-0
14,JIJVOQ__ligand3196-0
15,JIJVOQ__ligand1918-0
16,JIJVOQ__ligand170-0
17,JIJVOQ__ligand95-0
18,JIJVOQ__ligand391-0
19,JIJVOQ__ligand4175-0
20,JIJVOQ__ligand481-0
21,JIJVOQ__ligand314-0
22,JIJVOQ__ligand55-0
23,JIJVOQ__ligand2255-0
24,JIJVOQ__ligand1436-0
25,JIJVOQ__ligand34-0
26,JIJVOQ__ligand2618-0
27,JIJVOQ__ligand3618-0
28,JIJVOQ__ligand210-0
29,JIJVOQ__ligand4370-0
30,JIJVOQ__ligand7456-0
31,JIJVOQ__ligand291-0
32,JIJVOQ__ligand1818-0
33,JIJVOQ__ligand3852-0
34,JIJVOQ__ligand3478-0
35,JIJVOQ__ligand48-0
36,JIJVOQ__ligand4-0
37,JIJVOQ__ligand5758-0
38,JIJVOQ__ligand115-0
39,JIJVOQ__ligand11730-0
40,JIJVOQ__ligand1493-0
41,JIJVOQ__ligand2718-0
42,JIJVOQ__ligand3070-0
43,JIJVOQ__ligand3035-0
44,JIJVOQ__ligand91-0
45,JIJVOQ__ligand9176-0
46,JIJVOQ__ligand29-0
47,JIJVOQ__ligand51-0
48,JIJVOQ__ligand3251-0
49,JIJVOQ__ligand6143-0
50,JIJVOQ__ligand5235-0
51,JIJVOQ__ligand355-0
52,JIJVOQ__ligand784-0
53,JIJVOQ__ligand485-0
54,JIJVOQ__ligand4619-0
55,JIJVOQ__ligand2954-0
56,JIJVOQ__ligand5093-0
57,JIJVOQ__ligand522-0
58,JIJVOQ__ligand1160-0
59,JIJVOQ__ligand2253-0
60,JIJVOQ__ligand666-0
61,JIJVOQ__ligand487-0
62,JIJVOQ__ligand1038-0
63,JIJVOQ__ligand2762-0
64,JIJVOQ__ligand447-0
65,JIJVOQ__ligand7550-0
66,JIJVOQ__ligand133-0
67,JIJVOQ__ligand7630-0
68,JIJVOQ__ligand1555-0
69,JIJVOQ__ligand682-0
70,JIJVOQ__ligand1285-0
71,JIJVOQ__ligand6-0
72,JIJVOQ__ligand1907-0
73,JIJVOQ__ligand32-0
74,JIJVOQ__ligand4423-0
75,JIJVOQ__ligand3890-0
76,JIJVOQ__ligand525-0
77,JIJVOQ__ligand560-0
78,JIJVOQ__ligand2916-0
79,JIJVOQ__ligand2110-0
80,JIJVOQ__ligand3579-0
81,JIJVOQ__ligand11-0
82,JIJVOQ__ligand109-0
83,JIJVOQ__ligand1712-0
84,JIJVOQ__ligand2389-0
85,JIJVOQ__ligand390-0
86,JIJVOQ__ligand1919-0
87,JIJVOQ__ligand134-0
88,JIJVOQ__ligand932-0
89,JIJVOQ__ligand235-0
90,JIJVOQ__ligand2315-0
91,JIJVOQ__ligand2480-0
92,JIJVOQ__ligand798-0
93,JIJVOQ__ligand4504-0
94,JIJVOQ__ligand3051-0
95,JIJVOQ__ligand1898-0
96,JIJVOQ__ligand421-0
97,JIJVOQ__ligand5334-0
98,JIJVOQ__ligand1-0
99,JIJVOQ__ligand584-0
100,JIJVOQ__ligand916-0
101,JIJVOQ__ligand294-0
102,JIJVOQ__ligand993-0
103,JIJVOQ__ligand8032-0
104,JIJVOQ__ligand331-0
105,JIJVOQ__ligand1858-0
106,JIJVOQ__ligand197-0
107,JIJVOQ__ligand296-0
108,JIJVOQ__ligand1104-0
109,JIJVOQ__ligand7414-0
110,JIJVOQ__ligand5762-0
111,JIJVOQ__ligand2442-0
112,JIJVOQ__ligand1019-0
113,JIJVOQ__ligand2482-0
114,JIJVOQ__ligand1325-0
115,JIJVOQ__ligand6571-0
116,JIJVOQ__ligand3-0
117,JIJVOQ__ligand112-0
118,JIJVOQ__ligand868-0
119,JIJVOQ__ligand2376-0
120,JIJVOQ__ligand442-0
121,JIJVOQ__ligand2929-0
122,JIJVOQ__ligand136-0
123,JIJVOQ__ligand6430-0
124,JIJVOQ__ligand1299-0
125,JIJVOQ__ligand1221-0
126,JIJVOQ__ligand1264-0
127,JIJVOQ__ligand352-0
128,JIJVOQ__ligand783-0
129,JIJVOQ__ligand1379-0
130,JIJVOQ__ligand934-0
131,JIJVOQ__ligand177-0
132,JIJVOQ__ligand4811-0
133,JIJVOQ__ligand1449-1
134,JIJVOQ__ligand92-0
135,JIJVOQ__ligand7514-0
136,JIJVOQ__ligand3337-0
137,JIJVOQ__ligand851-0
138,JIJVOQ__ligand1260-0
139,JIJVOQ__ligand4894-0
140,JIJVOQ__ligand9620-0
141,JIJVOQ__ligand17-0
142,JIJVOQ__ligand909-0
143,JIJVOQ__ligand1788-0
144,JIJVOQ__ligand830-0
145,JIJVOQ__ligand193-0
146,JIJVOQ__ligand252-0
147,JIJVOQ__ligand3566-0
148,JIJVOQ__ligand1178-0
149,JIJVOQ__ligand955-0
150,JIJVOQ__ligand1321-0
151,JIJVOQ__ligand49-0
152,JIJVOQ__ligand250-0
153,JIJVOQ__ligand5089-0
154,JIJVOQ__ligand2599-0
155,JIJVOQ__ligand2853-0
156,JIJVOQ__ligand3853-0
157,JIJVOQ__ligand460-0
158,JIJVOQ__ligand370-0
159,JIJVOQ__ligand6166-0
160,JIJVOQ__ligand1246-0
161,JIJVOQ__ligand89-0
162,JIJVOQ__ligand311-0
163,JIJVOQ__ligand188-0
164,JIJVOQ__ligand444-0
165,JIJVOQ__ligand369-0
166,JIJVOQ__ligand1307-0
167,JIJVOQ__ligand278-0
168,JIJVOQ__ligand1152-0
169,JIJVOQ__ligand1727-0
170,JIJVOQ__ligand10479-0
171,JIJVOQ__ligand365-0
172,JIJVOQ__ligand358-0
173,JIJVOQ__ligand430-0
174,JIJVOQ__ligand1607-0
175,JIJVOQ__ligand669-0
176,JIJVOQ__ligand1056-0
177,JIJVOQ__ligand2320-0
178,JIJVOQ__ligand2862-0
179,JIJVOQ__ligand1567-0
180,JIJVOQ__ligand85-0
181,JIJVOQ__ligand509-0
182,JIJVOQ__ligand2285-0
183,JIJVOQ__ligand8921-0
184,JIJVOQ__ligand2510-0
185,JIJVOQ__ligand10114-0
186,JIJVOQ__ligand78-0
187,JIJVOQ__ligand670-0
188,JIJVOQ__ligand118-0
189,JIJVOQ__ligand45-0
190,JIJVOQ__ligand571-0
191,JIJVOQ__ligand2907-0
192,JIJVOQ__ligand2430-0
193,JIJVOQ__ligand1703-0
194,JIJVOQ__ligand7464-0
195,JIJVOQ__ligand6294-0
196,JIJVOQ__ligand1054-0
197,JIJVOQ__ligand383-0
198,JIJVOQ__ligand162-0
199,JIJVOQ__ligand1598-0
200,JIJVOQ__ligand10910-0
201,JIJVOQ__ligand226-0
202,JIJVOQ__ligand1248-0
203,JIJVOQ__ligand4303-0
204,JIJVOQ__ligand8774-0
205,JIJVOQ__ligand3637-0
206,JIJVOQ__ligand14530-0
207,JIJVOQ__ligand5022-0
208,JIJVOQ__ligand142-0
209,JIJVOQ__ligand1169-0
210,JIJVOQ__ligand206-0
211,JIJVOQ__ligand436-0
212,JIJVOQ__ligand5941-0
213,JIJVOQ__ligand2880-0
214,JIJVOQ__ligand821-0
215,JIJVOQ__ligand1799-0
216,JIJVOQ__ligand3838-0
217,JIJVOQ__ligand326-0
218,JIJVOQ__ligand2838-0
219,JIJVOQ__ligand553-0
220,JIJVOQ__ligand283-0
221,JIJVOQ__ligand67-0
222,JIJVOQ__ligand9495-0
223,JIJVOQ__ligand2772-0
224,JIJVOQ__ligand6151-0
225,JIJVOQ__ligand6538-0
226,JIJVOQ__ligand497-0
227,JIJVOQ__ligand918-0
228,JIJVOQ__ligand633-0
229,JIJVOQ__ligand2142-0
230,JIJVOQ__ligand532-0
231,JIJVOQ__ligand166-0
232,JIJVOQ__ligand838-0
233,JIJVOQ__ligand2864-0
234,JIJVOQ__ligand927-0
235,JIJVOQ__ligand199-0
236,JIJVOQ__ligand1052-0
237,JIJVOQ__ligand575-0
238,JIJVOQ__ligand1273-0
239,JIJVOQ__ligand9027-0
240,JIJVOQ__ligand324-0
241,JIJVOQ__ligand361-0
242,JIJVOQ__ligand409-0
243,JIJVOQ__ligand2265-0
244,JIJVOQ__ligand1113-0
245,JIJVOQ__ligand6396-0
246,JIJVOQ__ligand1502-0
247,JIJVOQ__ligand140-0
248,JIJVOQ__ligand105-0
249,JIJVOQ__ligand1835-0
250,JIJVOQ__ligand2345-0
251,JIJVOQ__ligand2794-0
252,JIJVOQ__ligand4983-0
253,JIJVOQ__ligand126-0
254,JIJVOQ__ligand1148-0
255,JIJVOQ__ligand86-0
256,JIJVOQ__ligand1479-0
257,JIJVOQ__ligand3246-0
258,JIJVOQ__ligand10357-0
259,JIJVOQ__ligand366-0
260,JIJVOQ__ligand15630-0
261,JIJVOQ__ligand861-0
262,JIJVOQ__ligand612-0
263,JIJVOQ__ligand1114-0
264,JIJVOQ__ligand62-0
265,JIJVOQ__ligand1538-0
266,JIJVOQ__ligand187-0
267,JIJVOQ__ligand1228-0
268,JIJVOQ__ligand596-0
269,JIJVOQ__ligand9244-0
270,JIJVOQ__ligand100-0
271,JIJVOQ__ligand18-0
272,JIJVOQ__ligand201-0
273,JIJVOQ__ligand244-0
274,JIJVOQ__ligand1542-0
275,JIJVOQ__ligand2634-0
276,JIJVOQ__ligand3041-0
277,JIJVOQ__ligand321-0
278,JIJVOQ__ligand2751-0
279,JIJVOQ__ligand279-0
280,JIJVOQ__ligand178-0
281,JIJVOQ__ligand7915-0
282,JIJVOQ__ligand5548-0
283,JIJVOQ__ligand6686-0
284,JIJVOQ__ligand1747-0
285,JIJVOQ__ligand119-0
286,JIJVOQ__ligand8-0
287,JIJVOQ__ligand3145-0
288,JIJVOQ__ligand3178-0
289,JIJVOQ__ligand6332-0
290,JIJVOQ__ligand124-0
291,JIJVOQ__ligand2098-0
292,JIJVOQ__ligand6502-0
293,JIJVOQ__ligand2863-0
294,JIJVOQ__ligand2629-0
295,JIJVOQ__ligand4381-0
296,JIJVOQ__ligand40-0
297,JIJVOQ__ligand1706-0
298,JIJVOQ__ligand3734-0
299,JIJVOQ__ligand384-0
300,JIJVOQ__ligand120-0
301,JIJVOQ__ligand38-0
302,JIJVOQ__ligand1376-0
303,JIJVOQ__ligand2768-0
304,JIJVOQ__ligand240-0
305,JIJVOQ__ligand2688-0
306,JIJVOQ__ligand141-0
307,JIJVOQ__ligand2259-0
308,JIJVOQ__ligand1951-0
309,JIJVOQ__ligand21-0
310,JIJVOQ__ligand1687-0
311,JIJVOQ__ligand6277-0
312,JIJVOQ__ligand1685-0
313,JIJVOQ__ligand66-0
314,JIJVOQ__ligand2087-0
315,JIJVOQ__ligand1048-0
316,JIJVOQ__ligand3757-0
317,JIJVOQ__ligand1459-0
318,JIJVOQ__ligand1544-0
319,JIJVOQ__ligand757-0
320,JIJVOQ__ligand3063-0
321,JIJVOQ__ligand1438-0
322,JIJVOQ__ligand5801-0
323,JIJVOQ__ligand1171-0
324,JIJVOQ__ligand797-0
