,TMC
0,AJIHAD__ligand1747-0
1,AJIHAD__ligand6686-0
2,AJIHAD__ligand113-0
3,AJIHAD__ligand7915-0
4,AJIHAD__ligand5548-0
5,AJIHAD__ligand422-0
6,AJIHAD__ligand73-0
7,AJIHAD__ligand3145-0
8,AJIHAD__ligand6332-0
9,AJIHAD__ligand3178-0
10,AJIHAD__ligand502-0
11,AJIHAD__ligand196-0
12,AJIHAD__ligand2863-0
13,AJIHAD__ligand2098-0
14,AJIHAD__ligand6502-0
15,AJIHAD__ligand353-0
16,AJIHAD__ligand1542-0
17,AJIHAD__ligand2634-0
18,AJIHAD__ligand3041-0
19,AJIHAD__ligand11730-0
20,AJIHAD__ligand236-0
21,AJIHAD__ligand2751-0
22,AJIHAD__ligand57-0
23,AJIHAD__ligand170-0
24,AJIHAD__ligand1538-0
25,AJIHAD__ligand55-0
26,AJIHAD__ligand391-0
27,AJIHAD__ligand1114-0
28,AJIHAD__ligand95-0
29,AJIHAD__ligand481-0
30,AJIHAD__ligand9244-0
31,AJIHAD__ligand1228-0
32,AJIHAD__ligand314-0
33,AJIHAD__ligand1148-0
34,AJIHAD__ligand1479-0
35,AJIHAD__ligand210-0
36,AJIHAD__ligand3246-0
37,AJIHAD__ligand34-0
38,AJIHAD__ligand3063-0
39,AJIHAD__ligand1438-0
40,AJIHAD__ligand291-0
41,AJIHAD__ligand5801-0
42,AJIHAD__ligand48-0
43,AJIHAD__ligand1171-0
44,AJIHAD__ligand115-0
45,AJIHAD__ligand51-0
46,AJIHAD__ligand1685-0
47,AJIHAD__ligand3757-0
48,AJIHAD__ligand2087-0
49,AJIHAD__ligand1048-0
50,AJIHAD__ligand1459-0
51,AJIHAD__ligand8-0
52,AJIHAD__ligand1544-0
53,AJIHAD__ligand29-0
54,AJIHAD__ligand355-0
55,AJIHAD__ligand784-0
56,AJIHAD__ligand91-0
57,AJIHAD__ligand485-0
58,AJIHAD__ligand1376-0
59,AJIHAD__ligand2768-0
60,AJIHAD__ligand522-0
61,AJIHAD__ligand666-0
62,AJIHAD__ligand2259-0
63,AJIHAD__ligand2688-0
64,AJIHAD__ligand487-0
65,AJIHAD__ligand1687-0
66,AJIHAD__ligand447-0
67,AJIHAD__ligand1951-0
68,AJIHAD__ligand133-0
69,AJIHAD__ligand6277-0
70,AJIHAD__ligand4381-0
71,AJIHAD__ligand32-0
72,AJIHAD__ligand2629-0
73,AJIHAD__ligand3734-0
74,AJIHAD__ligand682-0
75,AJIHAD__ligand1706-0
76,AJIHAD__ligand8774-0
77,AJIHAD__ligand560-0
78,AJIHAD__ligand525-0
79,AJIHAD__ligand109-0
80,AJIHAD__ligand3637-0
81,AJIHAD__ligand11-0
82,AJIHAD__ligand390-0
83,AJIHAD__ligand932-0
84,AJIHAD__ligand134-0
85,AJIHAD__ligand235-0
86,AJIHAD__ligand7464-0
87,AJIHAD__ligand798-0
88,AJIHAD__ligand421-0
89,AJIHAD__ligand584-0
90,AJIHAD__ligand916-0
91,AJIHAD__ligand1054-0
92,AJIHAD__ligand294-0
93,AJIHAD__ligand6294-0
94,AJIHAD__ligand993-0
95,AJIHAD__ligand1248-0
96,AJIHAD__ligand331-0
97,AJIHAD__ligand4303-0
98,AJIHAD__ligand1598-0
99,AJIHAD__ligand197-0
100,AJIHAD__ligand2862-0
101,AJIHAD__ligand296-0
102,AJIHAD__ligand1056-0
103,AJIHAD__ligand2320-0
104,AJIHAD__ligand2510-0
105,AJIHAD__ligand1567-0
106,AJIHAD__ligand2285-0
107,AJIHAD__ligand8921-0
108,AJIHAD__ligand2907-0
109,AJIHAD__ligand2430-0
110,AJIHAD__ligand1703-0
111,AJIHAD__ligand112-0
112,AJIHAD__ligand868-0
113,AJIHAD__ligand1152-0
114,AJIHAD__ligand442-0
115,AJIHAD__ligand136-0
116,AJIHAD__ligand1727-0
117,AJIHAD__ligand352-0
118,AJIHAD__ligand783-0
119,AJIHAD__ligand1607-0
120,AJIHAD__ligand934-0
121,AJIHAD__ligand177-0
122,AJIHAD__ligand9027-0
123,AJIHAD__ligand6396-0
124,AJIHAD__ligand17-0
125,AJIHAD__ligand2265-0
126,AJIHAD__ligand1113-0
127,AJIHAD__ligand92-0
128,AJIHAD__ligand851-0
129,AJIHAD__ligand1502-0
130,AJIHAD__ligand4983-0
131,AJIHAD__ligand1835-0
132,AJIHAD__ligand909-0
133,AJIHAD__ligand2794-0
134,AJIHAD__ligand2345-0
135,AJIHAD__ligand830-0
136,AJIHAD__ligand1052-0
137,AJIHAD__ligand193-0
138,AJIHAD__ligand252-0
139,AJIHAD__ligand955-0
140,AJIHAD__ligand1273-0
141,AJIHAD__ligand6538-0
142,AJIHAD__ligand250-0
143,AJIHAD__ligand9495-0
144,AJIHAD__ligand2772-0
145,AJIHAD__ligand6151-0
146,AJIHAD__ligand2142-0
147,AJIHAD__ligand460-0
148,AJIHAD__ligand89-0
149,AJIHAD__ligand370-0
150,AJIHAD__ligand49-0
151,AJIHAD__ligand2864-0
152,AJIHAD__ligand311-0
153,AJIHAD__ligand5022-0
154,AJIHAD__ligand1169-0
155,AJIHAD__ligand188-0
156,AJIHAD__ligand3838-0
157,AJIHAD__ligand1799-0
158,AJIHAD__ligand2838-0
159,AJIHAD__ligand2880-0
160,AJIHAD__ligand5941-0
161,AJIHAD__ligand444-0
162,AJIHAD__ligand369-0
163,AJIHAD__ligand278-0
164,AJIHAD__ligand2376-0
165,AJIHAD__ligand365-0
166,AJIHAD__ligand2929-0
167,AJIHAD__ligand1264-0
168,AJIHAD__ligand1221-0
169,AJIHAD__ligand358-0
170,AJIHAD__ligand430-0
171,AJIHAD__ligand6430-0
172,AJIHAD__ligand1299-0
173,AJIHAD__ligand669-0
174,AJIHAD__ligand1379-0
175,AJIHAD__ligand1104-0
176,AJIHAD__ligand7414-0
177,AJIHAD__ligand5762-0
178,AJIHAD__ligand45-0
179,AJIHAD__ligand509-0
180,AJIHAD__ligand2442-0
181,AJIHAD__ligand1019-0
182,AJIHAD__ligand670-0
183,AJIHAD__ligand118-0
184,AJIHAD__ligand6571-0
185,AJIHAD__ligand571-0
186,AJIHAD__ligand2482-0
187,AJIHAD__ligand1325-0
188,AJIHAD__ligand78-0
189,AJIHAD__ligand85-0
190,AJIHAD__ligand2480-0
191,AJIHAD__ligand3051-0
192,AJIHAD__ligand4504-0
193,AJIHAD__ligand1898-0
194,AJIHAD__ligand2315-0
195,AJIHAD__ligand5334-0
196,AJIHAD__ligand383-0
197,AJIHAD__ligand162-0
198,AJIHAD__ligand1858-0
199,AJIHAD__ligand8032-0
200,AJIHAD__ligand226-0
201,AJIHAD__ligand3579-0
202,AJIHAD__ligand2110-0
203,AJIHAD__ligand2916-0
204,AJIHAD__ligand1712-0
205,AJIHAD__ligand2389-0
206,AJIHAD__ligand1919-0
207,AJIHAD__ligand10479-0
208,AJIHAD__ligand142-0
209,AJIHAD__ligand206-0
210,AJIHAD__ligand3-0
211,AJIHAD__ligand67-0
212,AJIHAD__ligand436-0
213,AJIHAD__ligand821-0
214,AJIHAD__ligand326-0
215,AJIHAD__ligand553-0
216,AJIHAD__ligand1307-0
217,AJIHAD__ligand283-0
218,AJIHAD__ligand10114-0
219,AJIHAD__ligand5089-0
220,AJIHAD__ligand2599-0
221,AJIHAD__ligand497-0
222,AJIHAD__ligand918-0
223,AJIHAD__ligand633-0
224,AJIHAD__ligand2853-0
225,AJIHAD__ligand3853-0
226,AJIHAD__ligand532-0
227,AJIHAD__ligand6166-0
228,AJIHAD__ligand166-0
229,AJIHAD__ligand838-0
230,AJIHAD__ligand1246-0
231,AJIHAD__ligand927-0
232,AJIHAD__ligand199-0
233,AJIHAD__ligand1788-0
234,AJIHAD__ligand3566-0
235,AJIHAD__ligand1178-0
236,AJIHAD__ligand10910-0
237,AJIHAD__ligand575-0
238,AJIHAD__ligand1321-0
239,AJIHAD__ligand361-0
240,AJIHAD__ligand324-0
241,AJIHAD__ligand409-0
242,AJIHAD__ligand1449-1
243,AJIHAD__ligand4811-0
244,AJIHAD__ligand7514-0
245,AJIHAD__ligand3337-0
246,AJIHAD__ligand1-0
247,AJIHAD__ligand14530-0
248,AJIHAD__ligand105-0
249,AJIHAD__ligand140-0
250,AJIHAD__ligand4894-0
251,AJIHAD__ligand1260-0
252,AJIHAD__ligand9620-0
253,AJIHAD__ligand126-0
254,AJIHAD__ligand1436-0
255,AJIHAD__ligand2618-0
256,AJIHAD__ligand3618-0
257,AJIHAD__ligand86-0
258,AJIHAD__ligand4370-0
259,AJIHAD__ligand366-0
260,AJIHAD__ligand1918-0
261,AJIHAD__ligand861-0
262,AJIHAD__ligand612-0
263,AJIHAD__ligand187-0
264,AJIHAD__ligand6-0
265,AJIHAD__ligand4175-0
266,AJIHAD__ligand596-0
267,AJIHAD__ligand2255-0
268,AJIHAD__ligand62-0
269,AJIHAD__ligand100-0
270,AJIHAD__ligand244-0
271,AJIHAD__ligand4-0
272,AJIHAD__ligand201-0
273,AJIHAD__ligand2915-0
274,AJIHAD__ligand3196-0
275,AJIHAD__ligand4012-0
276,AJIHAD__ligand321-0
277,AJIHAD__ligand18-0
278,AJIHAD__ligand279-0
279,AJIHAD__ligand178-0
280,AJIHAD__ligand1551-0
281,AJIHAD__ligand2526-0
282,AJIHAD__ligand119-0
283,AJIHAD__ligand2707-0
284,AJIHAD__ligand124-0
285,AJIHAD__ligand1690-0
286,AJIHAD__ligand7630-0
287,AJIHAD__ligand1285-0
288,AJIHAD__ligand38-0
289,AJIHAD__ligand1555-0
290,AJIHAD__ligand40-0
291,AJIHAD__ligand4423-0
292,AJIHAD__ligand384-0
293,AJIHAD__ligand1907-0
294,AJIHAD__ligand3890-0
295,AJIHAD__ligand120-0
296,AJIHAD__ligand1160-0
297,AJIHAD__ligand2253-0
298,AJIHAD__ligand5093-0
299,AJIHAD__ligand2954-0
300,AJIHAD__ligand21-0
301,AJIHAD__ligand240-0
302,AJIHAD__ligand15630-0
303,AJIHAD__ligand2762-0
304,AJIHAD__ligand1038-0
305,AJIHAD__ligand141-0
306,AJIHAD__ligand10357-0
307,AJIHAD__ligand7550-0
308,AJIHAD__ligand2718-0
309,AJIHAD__ligand3035-0
310,AJIHAD__ligand3070-0
311,AJIHAD__ligand1493-0
312,AJIHAD__ligand9176-0
313,AJIHAD__ligand66-0
314,AJIHAD__ligand3251-0
315,AJIHAD__ligand4619-0
316,AJIHAD__ligand6143-0
317,AJIHAD__ligand5235-0
318,AJIHAD__ligand7456-0
319,AJIHAD__ligand757-0
320,AJIHAD__ligand1818-0
321,AJIHAD__ligand3478-0
322,AJIHAD__ligand3852-0
323,AJIHAD__ligand797-0
324,AJIHAD__ligand5758-0
