,TMC
0,WETKUE__ligand89-0
1,WETKUE__ligand2255-0
2,WETKUE__ligand4175-0
3,WETKUE__ligand252-0
4,WETKUE__ligand955-0
5,WETKUE__ligand193-0
6,WETKUE__ligand1918-0
7,WETKUE__ligand49-0
8,WETKUE__ligand830-0
9,WETKUE__ligand909-0
10,WETKUE__ligand851-0
11,WETKUE__ligand4370-0
12,WETKUE__ligand2618-0
13,WETKUE__ligand3618-0
14,WETKUE__ligand1436-0
15,WETKUE__ligand934-0
16,WETKUE__ligand177-0
17,WETKUE__ligand1690-0
18,WETKUE__ligand444-0
19,WETKUE__ligand369-0
20,WETKUE__ligand17-0
21,WETKUE__ligand188-0
22,WETKUE__ligand2707-0
23,WETKUE__ligand2526-0
24,WETKUE__ligand311-0
25,WETKUE__ligand92-0
26,WETKUE__ligand1551-0
27,WETKUE__ligand370-0
28,WETKUE__ligand4012-0
29,WETKUE__ligand3196-0
30,WETKUE__ligand460-0
31,WETKUE__ligand2915-0
32,WETKUE__ligand250-0
33,WETKUE__ligand331-0
34,WETKUE__ligand294-0
35,WETKUE__ligand993-0
36,WETKUE__ligand7550-0
37,WETKUE__ligand1038-0
38,WETKUE__ligand916-0
39,WETKUE__ligand2762-0
40,WETKUE__ligand584-0
41,WETKUE__ligand2954-0
42,WETKUE__ligand5093-0
43,WETKUE__ligand798-0
44,WETKUE__ligand1160-0
45,WETKUE__ligand421-0
46,WETKUE__ligand2253-0
47,WETKUE__ligand932-0
48,WETKUE__ligand134-0
49,WETKUE__ligand3890-0
50,WETKUE__ligand235-0
51,WETKUE__ligand1907-0
52,WETKUE__ligand4423-0
53,WETKUE__ligand390-0
54,WETKUE__ligand1555-0
55,WETKUE__ligand1285-0
56,WETKUE__ligand560-0
57,WETKUE__ligand8-0
58,WETKUE__ligand525-0
59,WETKUE__ligand7630-0
60,WETKUE__ligand109-0
61,WETKUE__ligand783-0
62,WETKUE__ligand352-0
63,WETKUE__ligand5758-0
64,WETKUE__ligand3852-0
65,WETKUE__ligand3478-0
66,WETKUE__ligand1818-0
67,WETKUE__ligand136-0
68,WETKUE__ligand868-0
69,WETKUE__ligand11-0
70,WETKUE__ligand7456-0
71,WETKUE__ligand442-0
72,WETKUE__ligand6143-0
73,WETKUE__ligand112-0
74,WETKUE__ligand5235-0
75,WETKUE__ligand4619-0
76,WETKUE__ligand3251-0
77,WETKUE__ligand9176-0
78,WETKUE__ligand197-0
79,WETKUE__ligand1493-0
80,WETKUE__ligand296-0
81,WETKUE__ligand3070-0
82,WETKUE__ligand3035-0
83,WETKUE__ligand2718-0
84,WETKUE__ligand784-0
85,WETKUE__ligand355-0
86,WETKUE__ligand485-0
87,WETKUE__ligand2482-0
88,WETKUE__ligand1325-0
89,WETKUE__ligand6571-0
90,WETKUE__ligand1019-0
91,WETKUE__ligand2442-0
92,WETKUE__ligand1104-0
93,WETKUE__ligand7414-0
94,WETKUE__ligand5762-0
95,WETKUE__ligand115-0
96,WETKUE__ligand1379-0
97,WETKUE__ligand1299-0
98,WETKUE__ligand32-0
99,WETKUE__ligand6430-0
100,WETKUE__ligand1221-0
101,WETKUE__ligand1264-0
102,WETKUE__ligand2929-0
103,WETKUE__ligand2376-0
104,WETKUE__ligand291-0
105,WETKUE__ligand1919-0
106,WETKUE__ligand48-0
107,WETKUE__ligand2389-0
108,WETKUE__ligand1712-0
109,WETKUE__ligand682-0
110,WETKUE__ligand2916-0
111,WETKUE__ligand2110-0
112,WETKUE__ligand3579-0
113,WETKUE__ligand133-0
114,WETKUE__ligand8032-0
115,WETKUE__ligand1858-0
116,WETKUE__ligand51-0
117,WETKUE__ligand447-0
118,WETKUE__ligand487-0
119,WETKUE__ligand5334-0
120,WETKUE__ligand91-0
121,WETKUE__ligand29-0
122,WETKUE__ligand522-0
123,WETKUE__ligand2315-0
124,WETKUE__ligand1898-0
125,WETKUE__ligand666-0
126,WETKUE__ligand2480-0
127,WETKUE__ligand4504-0
128,WETKUE__ligand3051-0
129,WETKUE__ligand1246-0
130,WETKUE__ligand55-0
131,WETKUE__ligand236-0
132,WETKUE__ligand6166-0
133,WETKUE__ligand2853-0
134,WETKUE__ligand3853-0
135,WETKUE__ligand353-0
136,WETKUE__ligand95-0
137,WETKUE__ligand5089-0
138,WETKUE__ligand2599-0
139,WETKUE__ligand502-0
140,WETKUE__ligand196-0
141,WETKUE__ligand1307-0
142,WETKUE__ligand11730-0
143,WETKUE__ligand422-0
144,WETKUE__ligand34-0
145,WETKUE__ligand113-0
146,WETKUE__ligand9620-0
147,WETKUE__ligand4894-0
148,WETKUE__ligand1260-0
149,WETKUE__ligand73-0
150,WETKUE__ligand210-0
151,WETKUE__ligand7514-0
152,WETKUE__ligand3337-0
153,WETKUE__ligand4811-0
154,WETKUE__ligand1449-1
155,WETKUE__ligand1321-0
156,WETKUE__ligand481-0
157,WETKUE__ligand1178-0
158,WETKUE__ligand314-0
159,WETKUE__ligand3566-0
160,WETKUE__ligand57-0
161,WETKUE__ligand391-0
162,WETKUE__ligand1788-0
163,WETKUE__ligand170-0
164,WETKUE__ligand1598-0
165,WETKUE__ligand4303-0
166,WETKUE__ligand1248-0
167,WETKUE__ligand6294-0
168,WETKUE__ligand1054-0
169,WETKUE__ligand240-0
170,WETKUE__ligand141-0
171,WETKUE__ligand66-0
172,WETKUE__ligand7464-0
173,WETKUE__ligand120-0
174,WETKUE__ligand10357-0
175,WETKUE__ligand384-0
176,WETKUE__ligand15630-0
177,WETKUE__ligand3637-0
178,WETKUE__ligand8774-0
179,WETKUE__ligand38-0
180,WETKUE__ligand1607-0
181,WETKUE__ligand797-0
182,WETKUE__ligand1727-0
183,WETKUE__ligand757-0
184,WETKUE__ligand40-0
185,WETKUE__ligand1152-0
186,WETKUE__ligand2430-0
187,WETKUE__ligand1703-0
188,WETKUE__ligand21-0
189,WETKUE__ligand2907-0
190,WETKUE__ligand8921-0
191,WETKUE__ligand1567-0
192,WETKUE__ligand2285-0
193,WETKUE__ligand2510-0
194,WETKUE__ligand1056-0
195,WETKUE__ligand2320-0
196,WETKUE__ligand2862-0
197,WETKUE__ligand1273-0
198,WETKUE__ligand3-0
199,WETKUE__ligand596-0
200,WETKUE__ligand612-0
201,WETKUE__ligand1052-0
202,WETKUE__ligand187-0
203,WETKUE__ligand18-0
204,WETKUE__ligand366-0
205,WETKUE__ligand861-0
206,WETKUE__ligand1835-0
207,WETKUE__ligand2794-0
208,WETKUE__ligand2345-0
209,WETKUE__ligand4983-0
210,WETKUE__ligand1502-0
211,WETKUE__ligand2265-0
212,WETKUE__ligand1113-0
213,WETKUE__ligand6396-0
214,WETKUE__ligand126-0
215,WETKUE__ligand9027-0
216,WETKUE__ligand2880-0
217,WETKUE__ligand5941-0
218,WETKUE__ligand1799-0
219,WETKUE__ligand3838-0
220,WETKUE__ligand2838-0
221,WETKUE__ligand124-0
222,WETKUE__ligand119-0
223,WETKUE__ligand1169-0
224,WETKUE__ligand5022-0
225,WETKUE__ligand86-0
226,WETKUE__ligand279-0
227,WETKUE__ligand178-0
228,WETKUE__ligand2864-0
229,WETKUE__ligand321-0
230,WETKUE__ligand62-0
231,WETKUE__ligand2142-0
232,WETKUE__ligand2772-0
233,WETKUE__ligand100-0
234,WETKUE__ligand6151-0
235,WETKUE__ligand9495-0
236,WETKUE__ligand244-0
237,WETKUE__ligand201-0
238,WETKUE__ligand6538-0
239,WETKUE__ligand1-0
240,WETKUE__ligand838-0
241,WETKUE__ligand10479-0
242,WETKUE__ligand166-0
243,WETKUE__ligand2751-0
244,WETKUE__ligand918-0
245,WETKUE__ligand3041-0
246,WETKUE__ligand633-0
247,WETKUE__ligand532-0
248,WETKUE__ligand1542-0
249,WETKUE__ligand497-0
250,WETKUE__ligand2634-0
251,WETKUE__ligand6502-0
252,WETKUE__ligand553-0
253,WETKUE__ligand2098-0
254,WETKUE__ligand2863-0
255,WETKUE__ligand283-0
256,WETKUE__ligand10114-0
257,WETKUE__ligand3178-0
258,WETKUE__ligand821-0
259,WETKUE__ligand6332-0
260,WETKUE__ligand326-0
261,WETKUE__ligand436-0
262,WETKUE__ligand3145-0
263,WETKUE__ligand5548-0
264,WETKUE__ligand7915-0
265,WETKUE__ligand142-0
266,WETKUE__ligand6-0
267,WETKUE__ligand206-0
268,WETKUE__ligand1747-0
269,WETKUE__ligand6686-0
270,WETKUE__ligand67-0
271,WETKUE__ligand3246-0
272,WETKUE__ligand4-0
273,WETKUE__ligand105-0
274,WETKUE__ligand140-0
275,WETKUE__ligand10910-0
276,WETKUE__ligand1479-0
277,WETKUE__ligand361-0
278,WETKUE__ligand324-0
279,WETKUE__ligand409-0
280,WETKUE__ligand1148-0
281,WETKUE__ligand575-0
282,WETKUE__ligand1228-0
283,WETKUE__ligand9244-0
284,WETKUE__ligand1114-0
285,WETKUE__ligand14530-0
286,WETKUE__ligand1538-0
287,WETKUE__ligand927-0
288,WETKUE__ligand199-0
289,WETKUE__ligand1544-0
290,WETKUE__ligand670-0
291,WETKUE__ligand118-0
292,WETKUE__ligand1459-0
293,WETKUE__ligand571-0
294,WETKUE__ligand1048-0
295,WETKUE__ligand509-0
296,WETKUE__ligand2087-0
297,WETKUE__ligand3757-0
298,WETKUE__ligand1685-0
299,WETKUE__ligand669-0
300,WETKUE__ligand358-0
301,WETKUE__ligand430-0
302,WETKUE__ligand1171-0
303,WETKUE__ligand365-0
304,WETKUE__ligand5801-0
305,WETKUE__ligand278-0
306,WETKUE__ligand1438-0
307,WETKUE__ligand3063-0
308,WETKUE__ligand1706-0
309,WETKUE__ligand3734-0
310,WETKUE__ligand2629-0
311,WETKUE__ligand4381-0
312,WETKUE__ligand162-0
313,WETKUE__ligand226-0
314,WETKUE__ligand6277-0
315,WETKUE__ligand45-0
316,WETKUE__ligand1951-0
317,WETKUE__ligand383-0
318,WETKUE__ligand1687-0
319,WETKUE__ligand85-0
320,WETKUE__ligand78-0
321,WETKUE__ligand2259-0
322,WETKUE__ligand2688-0
323,WETKUE__ligand2768-0
324,WETKUE__ligand1376-0
