,TMC
0,IFIWUP__ligand8835-0
1,IFIWUP__ligand2028-0
2,IFIWUP__ligand24064-0
3,IFIWUP__ligand7126-0
4,IFIWUP__ligand23589-0
5,IFIWUP__ligand1142-0
6,IFIWUP__ligand3234-0
7,IFIWUP__ligand115-0
8,IFIWUP__ligand15168-0
9,IFIWUP__ligand78-0
10,IFIWUP__ligand45-0
11,IFIWUP__ligand29898-0
12,IFIWUP__ligand26277-0
13,IFIWUP__ligand11432-0
14,IFIWUP__ligand31618-0
15,IFIWUP__ligand10432-0
16,IFIWUP__ligand22755-0
17,IFIWUP__ligand4641-0
18,IFIWUP__ligand833-0
19,IFIWUP__ligand18013-0
20,IFIWUP__ligand25224-0
21,IFIWUP__ligand17945-0
22,IFIWUP__ligand2295-0
23,IFIWUP__ligand24-0
24,IFIWUP__ligand1577-0
25,IFIWUP__ligand6067-0
26,IFIWUP__ligand31578-0
27,IFIWUP__ligand17207-0
28,IFIWUP__ligand784-0
29,IFIWUP__ligand24750-0
30,IFIWUP__ligand4620-0
31,IFIWUP__ligand3465-0
32,IFIWUP__ligand15438-0
33,IFIWUP__ligand28924-0
34,IFIWUP__ligand395-0
35,IFIWUP__ligand6596-0
36,IFIWUP__ligand3721-0
37,IFIWUP__ligand6904-0
38,IFIWUP__ligand6102-0
39,IFIWUP__ligand368-0
40,IFIWUP__ligand7819-0
41,IFIWUP__ligand19-0
42,IFIWUP__ligand29087-0
43,IFIWUP__ligand2917-0
44,IFIWUP__ligand18703-0
45,IFIWUP__ligand447-0
46,IFIWUP__ligand1378-0
47,IFIWUP__ligand746-0
48,IFIWUP__ligand6244-0
49,IFIWUP__ligand176-0
50,IFIWUP__ligand13072-0
51,IFIWUP__ligand3156-0
52,IFIWUP__ligand2915-0
53,IFIWUP__ligand12336-0
54,IFIWUP__ligand9933-0
55,IFIWUP__ligand17240-0
56,IFIWUP__ligand1530-0
57,IFIWUP__ligand1575-0
58,IFIWUP__ligand17590-0
59,IFIWUP__ligand1631-0
60,IFIWUP__ligand2332-0
61,IFIWUP__ligand9441-0
62,IFIWUP__ligand487-0
63,IFIWUP__ligand8-0
64,IFIWUP__ligand18699-0
65,IFIWUP__ligand12682-0
66,IFIWUP__ligand2526-0
67,IFIWUP__ligand5036-0
68,IFIWUP__ligand21421-0
69,IFIWUP__ligand1615-0
70,IFIWUP__ligand14586-0
71,IFIWUP__ligand11774-0
72,IFIWUP__ligand9952-0
73,IFIWUP__ligand9111-0
74,IFIWUP__ligand506-0
75,IFIWUP__ligand8721-0
76,IFIWUP__ligand1324-0
77,IFIWUP__ligand20579-0
78,IFIWUP__ligand17710-0
79,IFIWUP__ligand5643-0
80,IFIWUP__ligand1823-0
81,IFIWUP__ligand11568-0
82,IFIWUP__ligand4116-0
83,IFIWUP__ligand31483-0
84,IFIWUP__ligand10555-0
85,IFIWUP__ligand1018-0
86,IFIWUP__ligand3707-0
87,IFIWUP__ligand6124-0
88,IFIWUP__ligand7967-0
89,IFIWUP__ligand9601-0
90,IFIWUP__ligand24613-0
91,IFIWUP__ligand152-0
92,IFIWUP__ligand8992-0
93,IFIWUP__ligand19725-0
94,IFIWUP__ligand29610-0
95,IFIWUP__ligand11140-0
96,IFIWUP__ligand4503-0
97,IFIWUP__ligand4546-0
98,IFIWUP__ligand7000-0
99,IFIWUP__ligand43-0
100,IFIWUP__ligand1982-0
101,IFIWUP__ligand6768-0
102,IFIWUP__ligand196-0
103,IFIWUP__ligand8115-0
104,IFIWUP__ligand18074-0
105,IFIWUP__ligand13869-0
106,IFIWUP__ligand1285-0
107,IFIWUP__ligand29863-0
108,IFIWUP__ligand2232-0
109,IFIWUP__ligand686-0
110,IFIWUP__ligand18799-0
111,IFIWUP__ligand9291-0
112,IFIWUP__ligand2176-0
113,IFIWUP__ligand18465-0
114,IFIWUP__ligand5256-0
115,IFIWUP__ligand8876-0
116,IFIWUP__ligand422-0
117,IFIWUP__ligand2828-0
118,IFIWUP__ligand7648-0
119,IFIWUP__ligand16791-0
120,IFIWUP__ligand9833-0
121,IFIWUP__ligand4157-0
122,IFIWUP__ligand28668-0
123,IFIWUP__ligand4093-0
124,IFIWUP__ligand4442-0
125,IFIWUP__ligand3954-0
126,IFIWUP__ligand1160-0
127,IFIWUP__ligand18391-0
128,IFIWUP__ligand8699-0
129,IFIWUP__ligand27169-0
130,IFIWUP__ligand9520-0
131,IFIWUP__ligand14523-0
132,IFIWUP__ligand393-0
133,IFIWUP__ligand9784-0
134,IFIWUP__ligand27074-0
135,IFIWUP__ligand7629-0
136,IFIWUP__ligand20599-0
137,IFIWUP__ligand1451-0
138,IFIWUP__ligand4272-0
139,IFIWUP__ligand22981-0
140,IFIWUP__ligand25805-0
141,IFIWUP__ligand7280-0
142,IFIWUP__ligand1790-0
143,IFIWUP__ligand21936-0
144,IFIWUP__ligand1304-0
145,IFIWUP__ligand13257-0
146,IFIWUP__ligand353-0
147,IFIWUP__ligand23904-0
148,IFIWUP__ligand7238-0
149,IFIWUP__ligand10084-0
150,IFIWUP__ligand25267-0
151,IFIWUP__ligand4016-0
152,IFIWUP__ligand1219-0
153,IFIWUP__ligand6709-0
154,IFIWUP__ligand12467-0
155,IFIWUP__ligand7867-0
156,IFIWUP__ligand67-0
157,IFIWUP__ligand813-0
158,IFIWUP__ligand1844-0
159,IFIWUP__ligand4661-0
160,IFIWUP__ligand23906-0
161,IFIWUP__ligand11166-0
162,IFIWUP__ligand3718-0
163,IFIWUP__ligand314-0
164,IFIWUP__ligand780-0
165,IFIWUP__ligand1343-0
166,IFIWUP__ligand3876-0
167,IFIWUP__ligand3035-0
168,IFIWUP__ligand21132-0
169,IFIWUP__ligand6616-0
170,IFIWUP__ligand1536-0
171,IFIWUP__ligand1573-0
172,IFIWUP__ligand9935-0
173,IFIWUP__ligand30539-0
174,IFIWUP__ligand3504-0
175,IFIWUP__ligand1959-0
176,IFIWUP__ligand25689-0
177,IFIWUP__ligand21787-0
178,IFIWUP__ligand618-0
179,IFIWUP__ligand25575-0
180,IFIWUP__ligand9908-0
181,IFIWUP__ligand1263-0
182,IFIWUP__ligand7106-0
183,IFIWUP__ligand27835-0
184,IFIWUP__ligand7242-0
185,IFIWUP__ligand391-0
186,IFIWUP__ligand12295-0
187,IFIWUP__ligand3174-0
188,IFIWUP__ligand3937-0
189,IFIWUP__ligand1202-0
190,IFIWUP__ligand3131-0
191,IFIWUP__ligand25650-0
192,IFIWUP__ligand8969-0
193,IFIWUP__ligand6839-0
194,IFIWUP__ligand31248-0
195,IFIWUP__ligand4720-0
196,IFIWUP__ligand12660-0
197,IFIWUP__ligand4155-0
198,IFIWUP__ligand3094-0
199,IFIWUP__ligand465-0
200,IFIWUP__ligand19257-0
201,IFIWUP__ligand13209-0
202,IFIWUP__ligand5211-0
203,IFIWUP__ligand25735-0
204,IFIWUP__ligand12519-0
205,IFIWUP__ligand2485-0
206,IFIWUP__ligand3852-0
207,IFIWUP__ligand6919-0
208,IFIWUP__ligand23124-0
209,IFIWUP__ligand11206-0
210,IFIWUP__ligand314-1
211,IFIWUP__ligand3565-0
212,IFIWUP__ligand5331-0
213,IFIWUP__ligand1512-0
214,IFIWUP__ligand1768-0
215,IFIWUP__ligand27460-0
216,IFIWUP__ligand3871-0
217,IFIWUP__ligand1469-0
218,IFIWUP__ligand1688-0
219,IFIWUP__ligand12427-0
220,IFIWUP__ligand20740-0
221,IFIWUP__ligand28468-0
222,IFIWUP__ligand5357-0
223,IFIWUP__ligand3647-0
224,IFIWUP__ligand909-0
225,IFIWUP__ligand5056-0
226,IFIWUP__ligand16628-0
227,IFIWUP__ligand4850-0
228,IFIWUP__ligand1165-0
229,IFIWUP__ligand30296-0
230,IFIWUP__ligand17281-0
231,IFIWUP__ligand177-0
232,IFIWUP__ligand9525-0
233,IFIWUP__ligand26540-0
234,IFIWUP__ligand3157-0
235,IFIWUP__ligand12337-0
236,IFIWUP__ligand29410-0
237,IFIWUP__ligand1379-0
238,IFIWUP__ligand30333-0
239,IFIWUP__ligand2722-0
240,IFIWUP__ligand12606-0
241,IFIWUP__ligand5935-0
242,IFIWUP__ligand252-0
243,IFIWUP__ligand14603-0
244,IFIWUP__ligand14297-0
245,IFIWUP__ligand17258-0
246,IFIWUP__ligand116-0
247,IFIWUP__ligand5849-0
248,IFIWUP__ligand17631-0
249,IFIWUP__ligand13012-0
250,IFIWUP__ligand26665-0
251,IFIWUP__ligand4911-0
252,IFIWUP__ligand1771-0
253,IFIWUP__ligand3392-0
254,IFIWUP__ligand31783-0
255,IFIWUP__ligand14723-0
256,IFIWUP__ligand372-0
257,IFIWUP__ligand27893-0
258,IFIWUP__ligand1709-0
259,IFIWUP__ligand20578-0
260,IFIWUP__ligand12934-0
261,IFIWUP__ligand830-0
262,IFIWUP__ligand8464-0
263,IFIWUP__ligand15422-0
264,IFIWUP__ligand8349-0
265,IFIWUP__ligand19641-0
266,IFIWUP__ligand2527-0
267,IFIWUP__ligand27175-0
268,IFIWUP__ligand18832-0
269,IFIWUP__ligand23713-0
270,IFIWUP__ligand30988-0
271,IFIWUP__ligand193-0
272,IFIWUP__ligand2781-0
273,IFIWUP__ligand18292-0
274,IFIWUP__ligand12289-0
275,IFIWUP__ligand7573-0
276,IFIWUP__ligand3350-0
277,IFIWUP__ligand26702-0
278,IFIWUP__ligand13658-0
279,IFIWUP__ligand12130-0
280,IFIWUP__ligand17387-0
281,IFIWUP__ligand1327-0
282,IFIWUP__ligand9809-0
283,IFIWUP__ligand6672-0
284,IFIWUP__ligand370-0
285,IFIWUP__ligand8722-0
286,IFIWUP__ligand12231-0
287,IFIWUP__ligand12401-0
288,IFIWUP__ligand15585-0
289,IFIWUP__ligand24145-0
290,IFIWUP__ligand3208-0
291,IFIWUP__ligand10476-0
292,IFIWUP__ligand2208-0
293,IFIWUP__ligand13068-0
294,IFIWUP__ligand19830-0
295,IFIWUP__ligand1900-0
296,IFIWUP__ligand24185-0
297,IFIWUP__ligand23769-0
298,IFIWUP__ligand9197-0
299,IFIWUP__ligand25178-0
300,IFIWUP__ligand250-0
301,IFIWUP__ligand17302-0
302,IFIWUP__ligand3029-0
303,IFIWUP__ligand7162-0
304,IFIWUP__ligand2328-0
305,IFIWUP__ligand17805-0
306,IFIWUP__ligand4581-0
307,IFIWUP__ligand1773-0
308,IFIWUP__ligand18-0
309,IFIWUP__ligand14108-0
310,IFIWUP__ligand5892-0
311,IFIWUP__ligand188-0
312,IFIWUP__ligand5094-0
313,IFIWUP__ligand1712-0
314,IFIWUP__ligand4131-0
315,IFIWUP__ligand12641-0
316,IFIWUP__ligand10958-0
317,IFIWUP__ligand785-0
318,IFIWUP__ligand311-0
319,IFIWUP__ligand479-0
320,IFIWUP__ligand28676-0
321,IFIWUP__ligand10262-0
322,IFIWUP__ligand27763-0
323,IFIWUP__ligand7557-0
324,IFIWUP__ligand1496-0
325,IFIWUP__ligand370-1
326,IFIWUP__ligand18814-0
327,IFIWUP__ligand19057-0
328,IFIWUP__ligand620-0
329,IFIWUP__ligand1533-0
330,IFIWUP__ligand13425-0
331,IFIWUP__ligand29302-0
332,IFIWUP__ligand564-0
333,IFIWUP__ligand7107-0
334,IFIWUP__ligand31832-0
335,IFIWUP__ligand13294-0
336,IFIWUP__ligand134-0
337,IFIWUP__ligand12030-0
338,IFIWUP__ligand14248-0
339,IFIWUP__ligand3215-0
340,IFIWUP__ligand29879-0
341,IFIWUP__ligand235-0
342,IFIWUP__ligand28884-0
343,IFIWUP__ligand13331-0
344,IFIWUP__ligand6062-0
345,IFIWUP__ligand14174-0
346,IFIWUP__ligand10712-0
347,IFIWUP__ligand560-0
348,IFIWUP__ligand5813-0
349,IFIWUP__ligand4813-0
350,IFIWUP__ligand11456-0
351,IFIWUP__ligand4738-0
352,IFIWUP__ligand25411-0
353,IFIWUP__ligand6283-0
354,IFIWUP__ligand13390-0
355,IFIWUP__ligand294-0
356,IFIWUP__ligand2599-0
357,IFIWUP__ligand4330-0
358,IFIWUP__ligand4194-0
359,IFIWUP__ligand7532-0
360,IFIWUP__ligand20682-0
361,IFIWUP__ligand26810-0
362,IFIWUP__ligand27482-0
363,IFIWUP__ligand421-0
364,IFIWUP__ligand2068-0
365,IFIWUP__ligand13208-0
366,IFIWUP__ligand7925-0
367,IFIWUP__ligand3973-0
368,IFIWUP__ligand38-0
369,IFIWUP__ligand685-0
370,IFIWUP__ligand1147-0
371,IFIWUP__ligand29568-0
372,IFIWUP__ligand14889-0
373,IFIWUP__ligand30851-0
374,IFIWUP__ligand2403-0
375,IFIWUP__ligand20419-0
376,IFIWUP__ligand6455-0
377,IFIWUP__ligand21371-0
378,IFIWUP__ligand6882-0
379,IFIWUP__ligand17118-0
380,IFIWUP__ligand3934-0
381,IFIWUP__ligand28789-0
382,IFIWUP__ligand42-0
383,IFIWUP__ligand4332-0
384,IFIWUP__ligand14117-0
385,IFIWUP__ligand17261-0
386,IFIWUP__ligand197-0
387,IFIWUP__ligand9681-0
388,IFIWUP__ligand20539-0
389,IFIWUP__ligand30702-0
390,IFIWUP__ligand20214-0
391,IFIWUP__ligand7530-0
392,IFIWUP__ligand20251-0
393,IFIWUP__ligand1065-0
394,IFIWUP__ligand1449-0
395,IFIWUP__ligand21581-0
396,IFIWUP__ligand31097-0
397,IFIWUP__ligand3012-0
398,IFIWUP__ligand5483-0
399,IFIWUP__ligand20251-1
400,IFIWUP__ligand5316-0
401,IFIWUP__ligand66-0
402,IFIWUP__ligand2830-0
403,IFIWUP__ligand14703-0
404,IFIWUP__ligand16475-0
405,IFIWUP__ligand783-0
406,IFIWUP__ligand352-0
407,IFIWUP__ligand5627-0
408,IFIWUP__ligand1729-0
409,IFIWUP__ligand7529-0
410,IFIWUP__ligand17398-0
411,IFIWUP__ligand868-0
412,IFIWUP__ligand20598-0
413,IFIWUP__ligand11675-0
414,IFIWUP__ligand24047-0
415,IFIWUP__ligand6946-0
416,IFIWUP__ligand1415-0
417,IFIWUP__ligand22557-0
418,IFIWUP__ligand10589-0
419,IFIWUP__ligand9148-0
420,IFIWUP__ligand20011-0
421,IFIWUP__ligand17278-0
422,IFIWUP__ligand17982-0
423,IFIWUP__ligand29414-0
424,IFIWUP__ligand20695-0
425,IFIWUP__ligand27754-0
426,IFIWUP__ligand326-0
427,IFIWUP__ligand28540-0
428,IFIWUP__ligand11111-0
429,IFIWUP__ligand16369-0
430,IFIWUP__ligand3042-0
431,IFIWUP__ligand22403-0
432,IFIWUP__ligand57-0
433,IFIWUP__ligand4063-0
434,IFIWUP__ligand7438-0
435,IFIWUP__ligand8200-0
436,IFIWUP__ligand12003-0
437,IFIWUP__ligand16148-0
438,IFIWUP__ligand26631-0
439,IFIWUP__ligand1150-0
440,IFIWUP__ligand21399-0
441,IFIWUP__ligand1539-0
442,IFIWUP__ligand692-0
443,IFIWUP__ligand10872-0
444,IFIWUP__ligand1-0
445,IFIWUP__ligand4207-0
446,IFIWUP__ligand29215-0
447,IFIWUP__ligand436-0
448,IFIWUP__ligand3416-0
449,IFIWUP__ligand3453-0
450,IFIWUP__ligand21729-0
451,IFIWUP__ligand27239-0
452,IFIWUP__ligand1288-0
453,IFIWUP__ligand4167-0
454,IFIWUP__ligand19927-0
455,IFIWUP__ligand14043-0
456,IFIWUP__ligand9491-0
457,IFIWUP__ligand28559-0
458,IFIWUP__ligand26324-0
459,IFIWUP__ligand1400-0
460,IFIWUP__ligand4266-0
461,IFIWUP__ligand11618-0
462,IFIWUP__ligand9750-0
463,IFIWUP__ligand1817-0
464,IFIWUP__ligand6993-0
465,IFIWUP__ligand497-0
466,IFIWUP__ligand1779-0
467,IFIWUP__ligand633-0
468,IFIWUP__ligand1149-0
469,IFIWUP__ligand3557-0
470,IFIWUP__ligand3980-0
471,IFIWUP__ligand26529-0
472,IFIWUP__ligand7075-0
473,IFIWUP__ligand5630-0
474,IFIWUP__ligand300-0
475,IFIWUP__ligand17427-0
476,IFIWUP__ligand1786-0
477,IFIWUP__ligand3285-0
478,IFIWUP__ligand4795-0
479,IFIWUP__ligand31694-0
480,IFIWUP__ligand34-0
481,IFIWUP__ligand588-0
482,IFIWUP__ligand1908-0
483,IFIWUP__ligand29486-0
484,IFIWUP__ligand25561-0
485,IFIWUP__ligand5755-0
486,IFIWUP__ligand4710-0
487,IFIWUP__ligand5085-0
488,IFIWUP__ligand199-0
489,IFIWUP__ligand3144-0
490,IFIWUP__ligand11949-0
491,IFIWUP__ligand6112-0
492,IFIWUP__ligand8042-0
493,IFIWUP__ligand12138-0
494,IFIWUP__ligand7213-0
495,IFIWUP__ligand1397-0
496,IFIWUP__ligand24780-0
497,IFIWUP__ligand1828-0
498,IFIWUP__ligand22129-0
499,IFIWUP__ligand24644-0
500,IFIWUP__ligand1216-0
501,IFIWUP__ligand68-0
502,IFIWUP__ligand10033-0
503,IFIWUP__ligand3261-0
504,IFIWUP__ligand1152-0
505,IFIWUP__ligand5019-0
506,IFIWUP__ligand12001-0
507,IFIWUP__ligand1849-0
508,IFIWUP__ligand30728-0
509,IFIWUP__ligand27840-0
510,IFIWUP__ligand24872-0
511,IFIWUP__ligand3-0
512,IFIWUP__ligand6663-0
513,IFIWUP__ligand5515-0
514,IFIWUP__ligand409-0
515,IFIWUP__ligand324-0
516,IFIWUP__ligand361-0
517,IFIWUP__ligand13220-0
518,IFIWUP__ligand11587-0
519,IFIWUP__ligand1831-0
520,IFIWUP__ligand23175-0
521,IFIWUP__ligand15788-0
522,IFIWUP__ligand5614-0
523,IFIWUP__ligand5280-0
524,IFIWUP__ligand17396-0
525,IFIWUP__ligand13385-0
526,IFIWUP__ligand14569-0
527,IFIWUP__ligand24111-0
528,IFIWUP__ligand22444-0
529,IFIWUP__ligand55-0
530,IFIWUP__ligand430-0
531,IFIWUP__ligand358-0
532,IFIWUP__ligand5201-0
533,IFIWUP__ligand24035-0
534,IFIWUP__ligand11994-0
535,IFIWUP__ligand488-0
536,IFIWUP__ligand31044-0
537,IFIWUP__ligand31842-0
538,IFIWUP__ligand91-0
539,IFIWUP__ligand1113-0
540,IFIWUP__ligand16663-0
541,IFIWUP__ligand8553-0
542,IFIWUP__ligand14614-0
543,IFIWUP__ligand694-0
544,IFIWUP__ligand8593-0
545,IFIWUP__ligand9944-0
546,IFIWUP__ligand16988-0
547,IFIWUP__ligand25913-0
548,IFIWUP__ligand51-0
549,IFIWUP__ligand7566-0
550,IFIWUP__ligand30711-0
551,IFIWUP__ligand20207-0
552,IFIWUP__ligand11682-0
553,IFIWUP__ligand2001-0
554,IFIWUP__ligand3180-0
555,IFIWUP__ligand24230-0
556,IFIWUP__ligand670-0
557,IFIWUP__ligand28810-0
558,IFIWUP__ligand11096-0
559,IFIWUP__ligand11447-0
560,IFIWUP__ligand4340-0
561,IFIWUP__ligand19792-0
562,IFIWUP__ligand10828-0
563,IFIWUP__ligand2650-0
564,IFIWUP__ligand2281-0
565,IFIWUP__ligand15926-0
566,IFIWUP__ligand571-0
567,IFIWUP__ligand534-0
568,IFIWUP__ligand11970-0
569,IFIWUP__ligand2823-0
570,IFIWUP__ligand15883-0
571,IFIWUP__ligand6995-0
572,IFIWUP__ligand22294-0
573,IFIWUP__ligand4124-0
574,IFIWUP__ligand4161-0
575,IFIWUP__ligand3471-0
576,IFIWUP__ligand22168-0
577,IFIWUP__ligand28930-0
578,IFIWUP__ligand21919-0
579,IFIWUP__ligand48-0
580,IFIWUP__ligand12365-0
581,IFIWUP__ligand10056-0
582,IFIWUP__ligand5415-0
583,IFIWUP__ligand13862-0
584,IFIWUP__ligand11357-0
585,IFIWUP__ligand28743-0
586,IFIWUP__ligand15531-0
587,IFIWUP__ligand416-0
588,IFIWUP__ligand23197-0
589,IFIWUP__ligand4262-0
590,IFIWUP__ligand1028-0
591,IFIWUP__ligand383-0
592,IFIWUP__ligand2692-0
593,IFIWUP__ligand27285-0
594,IFIWUP__ligand29029-0
595,IFIWUP__ligand1618-0
596,IFIWUP__ligand162-0
597,IFIWUP__ligand226-0
598,IFIWUP__ligand13477-0
599,IFIWUP__ligand14167-0
600,IFIWUP__ligand32-0
601,IFIWUP__ligand27669-0
602,IFIWUP__ligand30142-0
603,IFIWUP__ligand1050-0
604,IFIWUP__ligand1015-0
605,IFIWUP__ligand2027-0
606,IFIWUP__ligand8529-0
607,IFIWUP__ligand656-0
608,IFIWUP__ligand1169-0
609,IFIWUP__ligand16-0
610,IFIWUP__ligand28459-0
611,IFIWUP__ligand12453-0
612,IFIWUP__ligand18448-0
613,IFIWUP__ligand19184-0
614,IFIWUP__ligand4596-0
615,IFIWUP__ligand1498-0
616,IFIWUP__ligand13672-0
617,IFIWUP__ligand18568-0
618,IFIWUP__ligand28685-0
619,IFIWUP__ligand9615-0
620,IFIWUP__ligand696-0
621,IFIWUP__ligand10371-0
622,IFIWUP__ligand1154-0
623,IFIWUP__ligand4649-0
624,IFIWUP__ligand8793-0
625,IFIWUP__ligand384-0
626,IFIWUP__ligand5649-0
627,IFIWUP__ligand2788-0
628,IFIWUP__ligand18757-0
629,IFIWUP__ligand4711-0
630,IFIWUP__ligand3244-0
631,IFIWUP__ligand24560-0
632,IFIWUP__ligand18413-0
633,IFIWUP__ligand2906-0
634,IFIWUP__ligand20844-0
635,IFIWUP__ligand24624-0
636,IFIWUP__ligand21752-0
637,IFIWUP__ligand3178-0
638,IFIWUP__ligand4807-0
639,IFIWUP__ligand5159-0
640,IFIWUP__ligand14339-0
641,IFIWUP__ligand7196-0
642,IFIWUP__ligand768-0
643,IFIWUP__ligand30788-0
644,IFIWUP__ligand13691-0
645,IFIWUP__ligand9753-0
646,IFIWUP__ligand1787-0
647,IFIWUP__ligand1356-0
648,IFIWUP__ligand5530-0
649,IFIWUP__ligand5708-0
650,IFIWUP__ligand13755-0
651,IFIWUP__ligand16133-0
652,IFIWUP__ligand20432-0
653,IFIWUP__ligand7316-0
654,IFIWUP__ligand27122-0
655,IFIWUP__ligand24953-0
656,IFIWUP__ligand23445-0
657,IFIWUP__ligand6017-0
658,IFIWUP__ligand11-0
659,IFIWUP__ligand21940-0
660,IFIWUP__ligand5180-0
661,IFIWUP__ligand25048-0
662,IFIWUP__ligand9323-0
663,IFIWUP__ligand30004-0
664,IFIWUP__ligand7273-0
665,IFIWUP__ligand20557-0
666,IFIWUP__ligand7172-0
667,IFIWUP__ligand2124-0
668,IFIWUP__ligand8612-0
669,IFIWUP__ligand69-0
670,IFIWUP__ligand240-0
671,IFIWUP__ligand7092-0
672,IFIWUP__ligand2260-0
673,IFIWUP__ligand3225-0
674,IFIWUP__ligand1153-0
675,IFIWUP__ligand1116-0
676,IFIWUP__ligand141-0
677,IFIWUP__ligand29214-0
678,IFIWUP__ligand2417-0
679,IFIWUP__ligand11501-0
680,IFIWUP__ligand11544-0
681,IFIWUP__ligand21448-0
682,IFIWUP__ligand1114-0
683,IFIWUP__ligand9284-0
684,IFIWUP__ligand693-0
685,IFIWUP__ligand22357-0
686,IFIWUP__ligand6391-0
687,IFIWUP__ligand3126-0
688,IFIWUP__ligand11758-0
689,IFIWUP__ligand20731-0
690,IFIWUP__ligand12413-0
691,IFIWUP__ligand1228-0
692,IFIWUP__ligand29334-0
693,IFIWUP__ligand9943-0
694,IFIWUP__ligand1604-0
695,IFIWUP__ligand11798-0
696,IFIWUP__ligand14477-0
697,IFIWUP__ligand1832-0
698,IFIWUP__ligand17069-0
699,IFIWUP__ligand8788-0
700,IFIWUP__ligand17445-0
701,IFIWUP__ligand2043-0
702,IFIWUP__ligand20942-1
703,IFIWUP__ligand21339-0
704,IFIWUP__ligand14226-0
705,IFIWUP__ligand1599-0
706,IFIWUP__ligand16956-0
707,IFIWUP__ligand2612-0
708,IFIWUP__ligand23682-0
709,IFIWUP__ligand29565-0
710,IFIWUP__ligand27771-0
711,IFIWUP__ligand18158-0
712,IFIWUP__ligand9450-0
713,IFIWUP__ligand757-0
714,IFIWUP__ligand14007-0
715,IFIWUP__ligand18019-1
716,IFIWUP__ligand27550-0
717,IFIWUP__ligand2203-0
718,IFIWUP__ligand5387-0
719,IFIWUP__ligand1289-0
720,IFIWUP__ligand122-0
721,IFIWUP__ligand20220-0
722,IFIWUP__ligand845-0
723,IFIWUP__ligand3677-1
724,IFIWUP__ligand9883-0
725,IFIWUP__ligand20121-0
726,IFIWUP__ligand7291-0
727,IFIWUP__ligand15387-0
728,IFIWUP__ligand9299-0
729,IFIWUP__ligand29813-0
730,IFIWUP__ligand16952-0
731,IFIWUP__ligand4007-0
732,IFIWUP__ligand2985-0
733,IFIWUP__ligand5383-0
734,IFIWUP__ligand2693-0
735,IFIWUP__ligand27610-0
736,IFIWUP__ligand10479-0
737,IFIWUP__ligand11479-0
738,IFIWUP__ligand126-0
739,IFIWUP__ligand163-0
740,IFIWUP__ligand3945-0
741,IFIWUP__ligand29441-0
742,IFIWUP__ligand10853-0
743,IFIWUP__ligand8000-0
744,IFIWUP__ligand24851-0
745,IFIWUP__ligand3736-0
746,IFIWUP__ligand9344-0
747,IFIWUP__ligand14347-0
748,IFIWUP__ligand13657-0
749,IFIWUP__ligand14302-0
750,IFIWUP__ligand20530-0
751,IFIWUP__ligand11698-0
752,IFIWUP__ligand22353-0
753,IFIWUP__ligand1211-0
754,IFIWUP__ligand941-0
755,IFIWUP__ligand596-0
756,IFIWUP__ligand6892-0
757,IFIWUP__ligand2881-0
758,IFIWUP__ligand19906-0
759,IFIWUP__ligand1499-0
760,IFIWUP__ligand19668-0
761,IFIWUP__ligand777-0
762,IFIWUP__ligand4-0
763,IFIWUP__ligand1464-0
764,IFIWUP__ligand3712-0
765,IFIWUP__ligand366-0
766,IFIWUP__ligand10151-0
767,IFIWUP__ligand6699-0
768,IFIWUP__ligand1294-0
769,IFIWUP__ligand657-0
770,IFIWUP__ligand1168-0
771,IFIWUP__ligand3632-0
772,IFIWUP__ligand3677-0
773,IFIWUP__ligand17-0
774,IFIWUP__ligand187-0
775,IFIWUP__ligand11252-0
776,IFIWUP__ligand1376-0
777,IFIWUP__ligand5510-0
778,IFIWUP__ligand10582-0
779,IFIWUP__ligand321-0
780,IFIWUP__ligand13260-0
781,IFIWUP__ligand9773-0
782,IFIWUP__ligand5099-0
783,IFIWUP__ligand185-0
784,IFIWUP__ligand8592-0
785,IFIWUP__ligand1197-0
786,IFIWUP__ligand279-0
787,IFIWUP__ligand2259-0
788,IFIWUP__ligand1296-0
789,IFIWUP__ligand19824-0
790,IFIWUP__ligand178-0
791,IFIWUP__ligand18067-0
792,IFIWUP__ligand2221-0
793,IFIWUP__ligand26673-0
794,IFIWUP__ligand20821-0
795,IFIWUP__ligand3120-0
796,IFIWUP__ligand3926-0
797,IFIWUP__ligand4358-0
798,IFIWUP__ligand201-0
799,IFIWUP__ligand11606-0
800,IFIWUP__ligand5595-0
801,IFIWUP__ligand31000-0
802,IFIWUP__ligand4101-0
803,IFIWUP__ligand11814-0
804,IFIWUP__ligand49-0
805,IFIWUP__ligand7762-0
806,IFIWUP__ligand5080-0
807,IFIWUP__ligand16603-0
808,IFIWUP__ligand16870-0
809,IFIWUP__ligand338-0
810,IFIWUP__ligand1407-0
811,IFIWUP__ligand6117-0
812,IFIWUP__ligand11622-0
813,IFIWUP__ligand5509-0
814,IFIWUP__ligand8002-0
815,IFIWUP__ligand11177-0
816,IFIWUP__ligand1317-0
817,IFIWUP__ligand3867-0
818,IFIWUP__ligand2822-0
819,IFIWUP__ligand7293-0
820,IFIWUP__ligand15455-0
821,IFIWUP__ligand89-0
822,IFIWUP__ligand2238-0
823,IFIWUP__ligand31205-0
824,IFIWUP__ligand5304-0
825,IFIWUP__ligand17686-0
826,IFIWUP__ligand25658-0
827,IFIWUP__ligand9167-0
