,TMC
0,JAWZAJ__ligand821-0
1,JAWZAJ__ligand1607-0
2,JAWZAJ__ligand326-0
3,JAWZAJ__ligand553-0
4,JAWZAJ__ligand283-0
5,JAWZAJ__ligand1-0
6,JAWZAJ__ligand142-0
7,JAWZAJ__ligand1727-0
8,JAWZAJ__ligand206-0
9,JAWZAJ__ligand436-0
10,JAWZAJ__ligand1152-0
11,JAWZAJ__ligand2430-0
12,JAWZAJ__ligand1703-0
13,JAWZAJ__ligand166-0
14,JAWZAJ__ligand32-0
15,JAWZAJ__ligand838-0
16,JAWZAJ__ligand2907-0
17,JAWZAJ__ligand2510-0
18,JAWZAJ__ligand497-0
19,JAWZAJ__ligand8921-0
20,JAWZAJ__ligand1567-0
21,JAWZAJ__ligand2285-0
22,JAWZAJ__ligand918-0
23,JAWZAJ__ligand2862-0
24,JAWZAJ__ligand633-0
25,JAWZAJ__ligand1056-0
26,JAWZAJ__ligand2320-0
27,JAWZAJ__ligand532-0
28,JAWZAJ__ligand4303-0
29,JAWZAJ__ligand1248-0
30,JAWZAJ__ligand1598-0
31,JAWZAJ__ligand575-0
32,JAWZAJ__ligand1054-0
33,JAWZAJ__ligand48-0
34,JAWZAJ__ligand6294-0
35,JAWZAJ__ligand927-0
36,JAWZAJ__ligand199-0
37,JAWZAJ__ligand7464-0
38,JAWZAJ__ligand140-0
39,JAWZAJ__ligand105-0
40,JAWZAJ__ligand51-0
41,JAWZAJ__ligand3-0
42,JAWZAJ__ligand324-0
43,JAWZAJ__ligand361-0
44,JAWZAJ__ligand409-0
45,JAWZAJ__ligand3637-0
46,JAWZAJ__ligand8774-0
47,JAWZAJ__ligand29-0
48,JAWZAJ__ligand91-0
49,JAWZAJ__ligand358-0
50,JAWZAJ__ligand430-0
51,JAWZAJ__ligand1799-0
52,JAWZAJ__ligand3838-0
53,JAWZAJ__ligand2838-0
54,JAWZAJ__ligand55-0
55,JAWZAJ__ligand669-0
56,JAWZAJ__ligand5941-0
57,JAWZAJ__ligand2880-0
58,JAWZAJ__ligand95-0
59,JAWZAJ__ligand278-0
60,JAWZAJ__ligand365-0
61,JAWZAJ__ligand1169-0
62,JAWZAJ__ligand5022-0
63,JAWZAJ__ligand670-0
64,JAWZAJ__ligand118-0
65,JAWZAJ__ligand2864-0
66,JAWZAJ__ligand571-0
67,JAWZAJ__ligand2142-0
68,JAWZAJ__ligand509-0
69,JAWZAJ__ligand6538-0
70,JAWZAJ__ligand34-0
71,JAWZAJ__ligand2772-0
72,JAWZAJ__ligand6151-0
73,JAWZAJ__ligand9495-0
74,JAWZAJ__ligand1273-0
75,JAWZAJ__ligand383-0
76,JAWZAJ__ligand162-0
77,JAWZAJ__ligand73-0
78,JAWZAJ__ligand226-0
79,JAWZAJ__ligand1052-0
80,JAWZAJ__ligand4983-0
81,JAWZAJ__ligand1835-0
82,JAWZAJ__ligand2345-0
83,JAWZAJ__ligand2794-0
84,JAWZAJ__ligand1502-0
85,JAWZAJ__ligand6396-0
86,JAWZAJ__ligand2265-0
87,JAWZAJ__ligand1113-0
88,JAWZAJ__ligand57-0
89,JAWZAJ__ligand9027-0
90,JAWZAJ__ligand3246-0
91,JAWZAJ__ligand384-0
92,JAWZAJ__ligand120-0
93,JAWZAJ__ligand89-0
94,JAWZAJ__ligand11730-0
95,JAWZAJ__ligand49-0
96,JAWZAJ__ligand1479-0
97,JAWZAJ__ligand1148-0
98,JAWZAJ__ligand9244-0
99,JAWZAJ__ligand1228-0
100,JAWZAJ__ligand1538-0
101,JAWZAJ__ligand1114-0
102,JAWZAJ__ligand240-0
103,JAWZAJ__ligand141-0
104,JAWZAJ__ligand17-0
105,JAWZAJ__ligand2751-0
106,JAWZAJ__ligand92-0
107,JAWZAJ__ligand3041-0
108,JAWZAJ__ligand1542-0
109,JAWZAJ__ligand2634-0
110,JAWZAJ__ligand2863-0
111,JAWZAJ__ligand6502-0
112,JAWZAJ__ligand2098-0
113,JAWZAJ__ligand797-0
114,JAWZAJ__ligand6332-0
115,JAWZAJ__ligand3178-0
116,JAWZAJ__ligand3145-0
117,JAWZAJ__ligand757-0
118,JAWZAJ__ligand6686-0
119,JAWZAJ__ligand1747-0
120,JAWZAJ__ligand5548-0
121,JAWZAJ__ligand7915-0
122,JAWZAJ__ligand126-0
123,JAWZAJ__ligand3734-0
124,JAWZAJ__ligand1706-0
125,JAWZAJ__ligand4381-0
126,JAWZAJ__ligand2629-0
127,JAWZAJ__ligand6277-0
128,JAWZAJ__ligand4-0
129,JAWZAJ__ligand596-0
130,JAWZAJ__ligand1687-0
131,JAWZAJ__ligand1951-0
132,JAWZAJ__ligand366-0
133,JAWZAJ__ligand2688-0
134,JAWZAJ__ligand2259-0
135,JAWZAJ__ligand861-0
136,JAWZAJ__ligand2768-0
137,JAWZAJ__ligand612-0
138,JAWZAJ__ligand1376-0
139,JAWZAJ__ligand187-0
140,JAWZAJ__ligand1544-0
141,JAWZAJ__ligand321-0
142,JAWZAJ__ligand279-0
143,JAWZAJ__ligand178-0
144,JAWZAJ__ligand1459-0
145,JAWZAJ__ligand100-0
146,JAWZAJ__ligand6-0
147,JAWZAJ__ligand11-0
148,JAWZAJ__ligand3757-0
149,JAWZAJ__ligand1048-0
150,JAWZAJ__ligand201-0
151,JAWZAJ__ligand244-0
152,JAWZAJ__ligand2087-0
153,JAWZAJ__ligand1685-0
154,JAWZAJ__ligand124-0
155,JAWZAJ__ligand1171-0
156,JAWZAJ__ligand5801-0
157,JAWZAJ__ligand1438-0
158,JAWZAJ__ligand3063-0
159,JAWZAJ__ligand119-0
160,JAWZAJ__ligand1690-0
161,JAWZAJ__ligand115-0
162,JAWZAJ__ligand2707-0
163,JAWZAJ__ligand291-0
164,JAWZAJ__ligand1551-0
165,JAWZAJ__ligand2526-0
166,JAWZAJ__ligand4012-0
167,JAWZAJ__ligand3196-0
168,JAWZAJ__ligand355-0
169,JAWZAJ__ligand784-0
170,JAWZAJ__ligand485-0
171,JAWZAJ__ligand2915-0
172,JAWZAJ__ligand2255-0
173,JAWZAJ__ligand447-0
174,JAWZAJ__ligand133-0
175,JAWZAJ__ligand67-0
176,JAWZAJ__ligand4175-0
177,JAWZAJ__ligand522-0
178,JAWZAJ__ligand8-0
179,JAWZAJ__ligand666-0
180,JAWZAJ__ligand487-0
181,JAWZAJ__ligand1918-0
182,JAWZAJ__ligand4370-0
183,JAWZAJ__ligand2618-0
184,JAWZAJ__ligand3618-0
185,JAWZAJ__ligand682-0
186,JAWZAJ__ligand1436-0
187,JAWZAJ__ligand5758-0
188,JAWZAJ__ligand15630-0
189,JAWZAJ__ligand3478-0
190,JAWZAJ__ligand196-0
191,JAWZAJ__ligand502-0
192,JAWZAJ__ligand10357-0
193,JAWZAJ__ligand3852-0
194,JAWZAJ__ligand113-0
195,JAWZAJ__ligand1818-0
196,JAWZAJ__ligand422-0
197,JAWZAJ__ligand7456-0
198,JAWZAJ__ligand236-0
199,JAWZAJ__ligand4619-0
200,JAWZAJ__ligand6143-0
201,JAWZAJ__ligand5235-0
202,JAWZAJ__ligand3251-0
203,JAWZAJ__ligand353-0
204,JAWZAJ__ligand9176-0
205,JAWZAJ__ligand3070-0
206,JAWZAJ__ligand3035-0
207,JAWZAJ__ligand2718-0
208,JAWZAJ__ligand1493-0
209,JAWZAJ__ligand481-0
210,JAWZAJ__ligand314-0
211,JAWZAJ__ligand7550-0
212,JAWZAJ__ligand2762-0
213,JAWZAJ__ligand170-0
214,JAWZAJ__ligand1038-0
215,JAWZAJ__ligand1160-0
216,JAWZAJ__ligand2253-0
217,JAWZAJ__ligand391-0
218,JAWZAJ__ligand2954-0
219,JAWZAJ__ligand5093-0
220,JAWZAJ__ligand210-0
221,JAWZAJ__ligand3890-0
222,JAWZAJ__ligand45-0
223,JAWZAJ__ligand4423-0
224,JAWZAJ__ligand1907-0
225,JAWZAJ__ligand1285-0
226,JAWZAJ__ligand1555-0
227,JAWZAJ__ligand7630-0
228,JAWZAJ__ligand78-0
229,JAWZAJ__ligand85-0
230,JAWZAJ__ligand851-0
231,JAWZAJ__ligand1919-0
232,JAWZAJ__ligand909-0
233,JAWZAJ__ligand2389-0
234,JAWZAJ__ligand177-0
235,JAWZAJ__ligand934-0
236,JAWZAJ__ligand66-0
237,JAWZAJ__ligand1712-0
238,JAWZAJ__ligand3579-0
239,JAWZAJ__ligand2916-0
240,JAWZAJ__ligand2110-0
241,JAWZAJ__ligand252-0
242,JAWZAJ__ligand1858-0
243,JAWZAJ__ligand8032-0
244,JAWZAJ__ligand955-0
245,JAWZAJ__ligand5334-0
246,JAWZAJ__ligand830-0
247,JAWZAJ__ligand1898-0
248,JAWZAJ__ligand2480-0
249,JAWZAJ__ligand4504-0
250,JAWZAJ__ligand3051-0
251,JAWZAJ__ligand193-0
252,JAWZAJ__ligand2315-0
253,JAWZAJ__ligand370-0
254,JAWZAJ__ligand6571-0
255,JAWZAJ__ligand2482-0
256,JAWZAJ__ligand1325-0
257,JAWZAJ__ligand38-0
258,JAWZAJ__ligand40-0
259,JAWZAJ__ligand250-0
260,JAWZAJ__ligand1019-0
261,JAWZAJ__ligand2442-0
262,JAWZAJ__ligand1104-0
263,JAWZAJ__ligand5762-0
264,JAWZAJ__ligand7414-0
265,JAWZAJ__ligand460-0
266,JAWZAJ__ligand188-0
267,JAWZAJ__ligand21-0
268,JAWZAJ__ligand1379-0
269,JAWZAJ__ligand1221-0
270,JAWZAJ__ligand1264-0
271,JAWZAJ__ligand444-0
272,JAWZAJ__ligand1299-0
273,JAWZAJ__ligand6430-0
274,JAWZAJ__ligand369-0
275,JAWZAJ__ligand311-0
276,JAWZAJ__ligand2929-0
277,JAWZAJ__ligand2376-0
278,JAWZAJ__ligand10114-0
279,JAWZAJ__ligand390-0
280,JAWZAJ__ligand9620-0
281,JAWZAJ__ligand1260-0
282,JAWZAJ__ligand4894-0
283,JAWZAJ__ligand134-0
284,JAWZAJ__ligand932-0
285,JAWZAJ__ligand235-0
286,JAWZAJ__ligand525-0
287,JAWZAJ__ligand560-0
288,JAWZAJ__ligand7514-0
289,JAWZAJ__ligand3337-0
290,JAWZAJ__ligand18-0
291,JAWZAJ__ligand109-0
292,JAWZAJ__ligand4811-0
293,JAWZAJ__ligand1449-1
294,JAWZAJ__ligand1321-0
295,JAWZAJ__ligand10479-0
296,JAWZAJ__ligand294-0
297,JAWZAJ__ligand993-0
298,JAWZAJ__ligand1178-0
299,JAWZAJ__ligand331-0
300,JAWZAJ__ligand3566-0
301,JAWZAJ__ligand798-0
302,JAWZAJ__ligand421-0
303,JAWZAJ__ligand584-0
304,JAWZAJ__ligand916-0
305,JAWZAJ__ligand1788-0
306,JAWZAJ__ligand1246-0
307,JAWZAJ__ligand6166-0
308,JAWZAJ__ligand112-0
309,JAWZAJ__ligand197-0
310,JAWZAJ__ligand86-0
311,JAWZAJ__ligand14530-0
312,JAWZAJ__ligand296-0
313,JAWZAJ__ligand2853-0
314,JAWZAJ__ligand3853-0
315,JAWZAJ__ligand2599-0
316,JAWZAJ__ligand5089-0
317,JAWZAJ__ligand1307-0
318,JAWZAJ__ligand352-0
319,JAWZAJ__ligand783-0
320,JAWZAJ__ligand868-0
321,JAWZAJ__ligand442-0
322,JAWZAJ__ligand10910-0
323,JAWZAJ__ligand136-0
324,JAWZAJ__ligand62-0
