,TMC
0,IJIMAP__ligand9176-0
1,IJIMAP__ligand3035-0
2,IJIMAP__ligand3070-0
3,IJIMAP__ligand2718-0
4,IJIMAP__ligand1493-0
5,IJIMAP__ligand352-0
6,IJIMAP__ligand783-0
7,IJIMAP__ligand442-0
8,IJIMAP__ligand4619-0
9,IJIMAP__ligand868-0
10,IJIMAP__ligand6143-0
11,IJIMAP__ligand5235-0
12,IJIMAP__ligand86-0
13,IJIMAP__ligand136-0
14,IJIMAP__ligand3251-0
15,IJIMAP__ligand1818-0
16,IJIMAP__ligand7456-0
17,IJIMAP__ligand112-0
18,IJIMAP__ligand296-0
19,IJIMAP__ligand197-0
20,IJIMAP__ligand5758-0
21,IJIMAP__ligand4-0
22,IJIMAP__ligand3478-0
23,IJIMAP__ligand62-0
24,IJIMAP__ligand3852-0
25,IJIMAP__ligand993-0
26,IJIMAP__ligand1285-0
27,IJIMAP__ligand294-0
28,IJIMAP__ligand1555-0
29,IJIMAP__ligand7630-0
30,IJIMAP__ligand6-0
31,IJIMAP__ligand331-0
32,IJIMAP__ligand18-0
33,IJIMAP__ligand421-0
34,IJIMAP__ligand3890-0
35,IJIMAP__ligand798-0
36,IJIMAP__ligand4423-0
37,IJIMAP__ligand584-0
38,IJIMAP__ligand916-0
39,IJIMAP__ligand1907-0
40,IJIMAP__ligand2762-0
41,IJIMAP__ligand390-0
42,IJIMAP__ligand1038-0
43,IJIMAP__ligand235-0
44,IJIMAP__ligand1160-0
45,IJIMAP__ligand2253-0
46,IJIMAP__ligand134-0
47,IJIMAP__ligand932-0
48,IJIMAP__ligand5093-0
49,IJIMAP__ligand2954-0
50,IJIMAP__ligand109-0
51,IJIMAP__ligand525-0
52,IJIMAP__ligand560-0
53,IJIMAP__ligand7550-0
54,IJIMAP__ligand2915-0
55,IJIMAP__ligand188-0
56,IJIMAP__ligand369-0
57,IJIMAP__ligand38-0
58,IJIMAP__ligand444-0
59,IJIMAP__ligand311-0
60,IJIMAP__ligand40-0
61,IJIMAP__ligand3196-0
62,IJIMAP__ligand4012-0
63,IJIMAP__ligand21-0
64,IJIMAP__ligand370-0
65,IJIMAP__ligand1551-0
66,IJIMAP__ligand2526-0
67,IJIMAP__ligand250-0
68,IJIMAP__ligand1690-0
69,IJIMAP__ligand2707-0
70,IJIMAP__ligand460-0
71,IJIMAP__ligand2618-0
72,IJIMAP__ligand955-0
73,IJIMAP__ligand3618-0
74,IJIMAP__ligand252-0
75,IJIMAP__ligand1436-0
76,IJIMAP__ligand830-0
77,IJIMAP__ligand66-0
78,IJIMAP__ligand193-0
79,IJIMAP__ligand4370-0
80,IJIMAP__ligand851-0
81,IJIMAP__ligand909-0
82,IJIMAP__ligand1918-0
83,IJIMAP__ligand2255-0
84,IJIMAP__ligand934-0
85,IJIMAP__ligand177-0
86,IJIMAP__ligand4175-0
87,IJIMAP__ligand210-0
88,IJIMAP__ligand1788-0
89,IJIMAP__ligand1321-0
90,IJIMAP__ligand1178-0
91,IJIMAP__ligand3566-0
92,IJIMAP__ligand314-0
93,IJIMAP__ligand7514-0
94,IJIMAP__ligand45-0
95,IJIMAP__ligand3337-0
96,IJIMAP__ligand481-0
97,IJIMAP__ligand1449-1
98,IJIMAP__ligand4811-0
99,IJIMAP__ligand9620-0
100,IJIMAP__ligand170-0
101,IJIMAP__ligand1260-0
102,IJIMAP__ligand4894-0
103,IJIMAP__ligand85-0
104,IJIMAP__ligand391-0
105,IJIMAP__ligand78-0
106,IJIMAP__ligand236-0
107,IJIMAP__ligand1307-0
108,IJIMAP__ligand353-0
109,IJIMAP__ligand2853-0
110,IJIMAP__ligand3853-0
111,IJIMAP__ligand5089-0
112,IJIMAP__ligand2599-0
113,IJIMAP__ligand196-0
114,IJIMAP__ligand502-0
115,IJIMAP__ligand113-0
116,IJIMAP__ligand1246-0
117,IJIMAP__ligand6166-0
118,IJIMAP__ligand422-0
119,IJIMAP__ligand5334-0
120,IJIMAP__ligand1898-0
121,IJIMAP__ligand2480-0
122,IJIMAP__ligand3051-0
123,IJIMAP__ligand4504-0
124,IJIMAP__ligand1-0
125,IJIMAP__ligand2315-0
126,IJIMAP__ligand67-0
127,IJIMAP__ligand1858-0
128,IJIMAP__ligand8032-0
129,IJIMAP__ligand682-0
130,IJIMAP__ligand447-0
131,IJIMAP__ligand1712-0
132,IJIMAP__ligand3579-0
133,IJIMAP__ligand11730-0
134,IJIMAP__ligand2110-0
135,IJIMAP__ligand2916-0
136,IJIMAP__ligand133-0
137,IJIMAP__ligand666-0
138,IJIMAP__ligand522-0
139,IJIMAP__ligand1919-0
140,IJIMAP__ligand487-0
141,IJIMAP__ligand2389-0
142,IJIMAP__ligand2929-0
143,IJIMAP__ligand485-0
144,IJIMAP__ligand355-0
145,IJIMAP__ligand784-0
146,IJIMAP__ligand2376-0
147,IJIMAP__ligand1379-0
148,IJIMAP__ligand1264-0
149,IJIMAP__ligand1221-0
150,IJIMAP__ligand1299-0
151,IJIMAP__ligand6430-0
152,IJIMAP__ligand1019-0
153,IJIMAP__ligand2442-0
154,IJIMAP__ligand1104-0
155,IJIMAP__ligand7414-0
156,IJIMAP__ligand5762-0
157,IJIMAP__ligand115-0
158,IJIMAP__ligand291-0
159,IJIMAP__ligand6571-0
160,IJIMAP__ligand3-0
161,IJIMAP__ligand2482-0
162,IJIMAP__ligand1325-0
163,IJIMAP__ligand124-0
164,IJIMAP__ligand2142-0
165,IJIMAP__ligand6538-0
166,IJIMAP__ligand2772-0
167,IJIMAP__ligand6151-0
168,IJIMAP__ligand9495-0
169,IJIMAP__ligand2864-0
170,IJIMAP__ligand11-0
171,IJIMAP__ligand119-0
172,IJIMAP__ligand321-0
173,IJIMAP__ligand10357-0
174,IJIMAP__ligand178-0
175,IJIMAP__ligand15630-0
176,IJIMAP__ligand1169-0
177,IJIMAP__ligand279-0
178,IJIMAP__ligand5022-0
179,IJIMAP__ligand201-0
180,IJIMAP__ligand244-0
181,IJIMAP__ligand100-0
182,IJIMAP__ligand3838-0
183,IJIMAP__ligand1799-0
184,IJIMAP__ligand2838-0
185,IJIMAP__ligand5941-0
186,IJIMAP__ligand2880-0
187,IJIMAP__ligand596-0
188,IJIMAP__ligand6396-0
189,IJIMAP__ligand2265-0
190,IJIMAP__ligand1113-0
191,IJIMAP__ligand9027-0
192,IJIMAP__ligand861-0
193,IJIMAP__ligand4983-0
194,IJIMAP__ligand366-0
195,IJIMAP__ligand1835-0
196,IJIMAP__ligand2345-0
197,IJIMAP__ligand2794-0
198,IJIMAP__ligand187-0
199,IJIMAP__ligand1502-0
200,IJIMAP__ligand612-0
201,IJIMAP__ligand1052-0
202,IJIMAP__ligand1273-0
203,IJIMAP__ligand126-0
204,IJIMAP__ligand2510-0
205,IJIMAP__ligand8921-0
206,IJIMAP__ligand1567-0
207,IJIMAP__ligand2285-0
208,IJIMAP__ligand2862-0
209,IJIMAP__ligand1056-0
210,IJIMAP__ligand2320-0
211,IJIMAP__ligand17-0
212,IJIMAP__ligand797-0
213,IJIMAP__ligand2430-0
214,IJIMAP__ligand1703-0
215,IJIMAP__ligand757-0
216,IJIMAP__ligand92-0
217,IJIMAP__ligand2907-0
218,IJIMAP__ligand1727-0
219,IJIMAP__ligand1152-0
220,IJIMAP__ligand1607-0
221,IJIMAP__ligand3637-0
222,IJIMAP__ligand89-0
223,IJIMAP__ligand8774-0
224,IJIMAP__ligand49-0
225,IJIMAP__ligand141-0
226,IJIMAP__ligand240-0
227,IJIMAP__ligand384-0
228,IJIMAP__ligand7464-0
229,IJIMAP__ligand120-0
230,IJIMAP__ligand4303-0
231,IJIMAP__ligand1248-0
232,IJIMAP__ligand1598-0
233,IJIMAP__ligand1054-0
234,IJIMAP__ligand6294-0
235,IJIMAP__ligand2688-0
236,IJIMAP__ligand2259-0
237,IJIMAP__ligand10479-0
238,IJIMAP__ligand2768-0
239,IJIMAP__ligand1376-0
240,IJIMAP__ligand73-0
241,IJIMAP__ligand6277-0
242,IJIMAP__ligand1687-0
243,IJIMAP__ligand1951-0
244,IJIMAP__ligand383-0
245,IJIMAP__ligand3734-0
246,IJIMAP__ligand10114-0
247,IJIMAP__ligand1706-0
248,IJIMAP__ligand4381-0
249,IJIMAP__ligand226-0
250,IJIMAP__ligand162-0
251,IJIMAP__ligand2629-0
252,IJIMAP__ligand57-0
253,IJIMAP__ligand5801-0
254,IJIMAP__ligand571-0
255,IJIMAP__ligand118-0
256,IJIMAP__ligand670-0
257,IJIMAP__ligand1438-0
258,IJIMAP__ligand3063-0
259,IJIMAP__ligand55-0
260,IJIMAP__ligand10910-0
261,IJIMAP__ligand95-0
262,IJIMAP__ligand1171-0
263,IJIMAP__ligand509-0
264,IJIMAP__ligand3757-0
265,IJIMAP__ligand1048-0
266,IJIMAP__ligand430-0
267,IJIMAP__ligand2087-0
268,IJIMAP__ligand358-0
269,IJIMAP__ligand1685-0
270,IJIMAP__ligand669-0
271,IJIMAP__ligand14530-0
272,IJIMAP__ligand1544-0
273,IJIMAP__ligand278-0
274,IJIMAP__ligand34-0
275,IJIMAP__ligand365-0
276,IJIMAP__ligand1459-0
277,IJIMAP__ligand1538-0
278,IJIMAP__ligand140-0
279,IJIMAP__ligand105-0
280,IJIMAP__ligand1114-0
281,IJIMAP__ligand48-0
282,IJIMAP__ligand409-0
283,IJIMAP__ligand324-0
284,IJIMAP__ligand361-0
285,IJIMAP__ligand9244-0
286,IJIMAP__ligand1228-0
287,IJIMAP__ligand51-0
288,IJIMAP__ligand1479-0
289,IJIMAP__ligand575-0
290,IJIMAP__ligand1148-0
291,IJIMAP__ligand199-0
292,IJIMAP__ligand3246-0
293,IJIMAP__ligand927-0
294,IJIMAP__ligand91-0
295,IJIMAP__ligand29-0
296,IJIMAP__ligand3145-0
297,IJIMAP__ligand166-0
298,IJIMAP__ligand8-0
299,IJIMAP__ligand6686-0
300,IJIMAP__ligand1747-0
301,IJIMAP__ligand5548-0
302,IJIMAP__ligand7915-0
303,IJIMAP__ligand838-0
304,IJIMAP__ligand2863-0
305,IJIMAP__ligand497-0
306,IJIMAP__ligand6502-0
307,IJIMAP__ligand2098-0
308,IJIMAP__ligand532-0
309,IJIMAP__ligand6332-0
310,IJIMAP__ligand3178-0
311,IJIMAP__ligand633-0
312,IJIMAP__ligand918-0
313,IJIMAP__ligand326-0
314,IJIMAP__ligand32-0
315,IJIMAP__ligand821-0
316,IJIMAP__ligand3041-0
317,IJIMAP__ligand1542-0
318,IJIMAP__ligand2634-0
319,IJIMAP__ligand283-0
320,IJIMAP__ligand553-0
321,IJIMAP__ligand206-0
322,IJIMAP__ligand142-0
323,IJIMAP__ligand2751-0
324,IJIMAP__ligand436-0
