,TMC
0,TILXIX__ligand17445-0
1,TILXIX__ligand4262-0
2,TILXIX__ligand1028-0
3,TILXIX__ligand14477-0
4,TILXIX__ligand17069-0
5,TILXIX__ligand11798-0
6,TILXIX__ligand2692-0
7,TILXIX__ligand1618-0
8,TILXIX__ligand353-0
9,TILXIX__ligand20731-0
10,TILXIX__ligand12413-0
11,TILXIX__ligand29334-0
12,TILXIX__ligand22357-0
13,TILXIX__ligand11758-0
14,TILXIX__ligand21448-0
15,TILXIX__ligand393-0
16,TILXIX__ligand1015-0
17,TILXIX__ligand1050-0
18,TILXIX__ligand11501-0
19,TILXIX__ligand11544-0
20,TILXIX__ligand2027-0
21,TILXIX__ligand57-0
22,TILXIX__ligand29214-0
23,TILXIX__ligand8529-0
24,TILXIX__ligand1169-0
25,TILXIX__ligand27550-0
26,TILXIX__ligand422-0
27,TILXIX__ligand14007-0
28,TILXIX__ligand686-0
29,TILXIX__ligand18019-1
30,TILXIX__ligand4596-0
31,TILXIX__ligand27771-0
32,TILXIX__ligand1498-0
33,TILXIX__ligand18158-0
34,TILXIX__ligand23682-0
35,TILXIX__ligand196-0
36,TILXIX__ligand29565-0
37,TILXIX__ligand9615-0
38,TILXIX__ligand20942-1
39,TILXIX__ligand21339-0
40,TILXIX__ligand14226-0
41,TILXIX__ligand16956-0
42,TILXIX__ligand1154-0
43,TILXIX__ligand30788-0
44,TILXIX__ligand13691-0
45,TILXIX__ligand5201-0
46,TILXIX__ligand314-1
47,TILXIX__ligand14339-0
48,TILXIX__ligand1113-0
49,TILXIX__ligand8553-0
50,TILXIX__ligand21752-0
51,TILXIX__ligand8593-0
52,TILXIX__ligand9944-0
53,TILXIX__ligand18413-0
54,TILXIX__ligand465-0
55,TILXIX__ligand20844-0
56,TILXIX__ligand24624-0
57,TILXIX__ligand18757-0
58,TILXIX__ligand24560-0
59,TILXIX__ligand7566-0
60,TILXIX__ligand2001-0
61,TILXIX__ligand34-0
62,TILXIX__ligand391-0
63,TILXIX__ligand3180-0
64,TILXIX__ligand4340-0
65,TILXIX__ligand2281-0
66,TILXIX__ligand2650-0
67,TILXIX__ligand55-0
68,TILXIX__ligand2823-0
69,TILXIX__ligand618-0
70,TILXIX__ligand6995-0
71,TILXIX__ligand30004-0
72,TILXIX__ligand20557-0
73,TILXIX__ligand4161-0
74,TILXIX__ligand3471-0
75,TILXIX__ligand4124-0
76,TILXIX__ligand21940-0
77,TILXIX__ligand68-0
78,TILXIX__ligand25048-0
79,TILXIX__ligand24953-0
80,TILXIX__ligand5415-0
81,TILXIX__ligand23445-0
82,TILXIX__ligand780-0
83,TILXIX__ligand314-0
84,TILXIX__ligand13755-0
85,TILXIX__ligand16133-0
86,TILXIX__ligand813-0
87,TILXIX__ligand20432-0
88,TILXIX__ligand27122-0
89,TILXIX__ligand31000-0
90,TILXIX__ligand5630-0
91,TILXIX__ligand51-0
92,TILXIX__ligand11606-0
93,TILXIX__ligand1786-0
94,TILXIX__ligand20821-0
95,TILXIX__ligand3285-0
96,TILXIX__ligand4795-0
97,TILXIX__ligand368-0
98,TILXIX__ligand395-0
99,TILXIX__ligand26673-0
100,TILXIX__ligand1908-0
101,TILXIX__ligand5755-0
102,TILXIX__ligand19824-0
103,TILXIX__ligand4710-0
104,TILXIX__ligand18067-0
105,TILXIX__ligand5085-0
106,TILXIX__ligand784-0
107,TILXIX__ligand3144-0
108,TILXIX__ligand6112-0
109,TILXIX__ligand10582-0
110,TILXIX__ligand8042-0
111,TILXIX__ligand13260-0
112,TILXIX__ligand7213-0
113,TILXIX__ligand1397-0
114,TILXIX__ligand1828-0
115,TILXIX__ligand91-0
116,TILXIX__ligand11252-0
117,TILXIX__ligand31205-0
118,TILXIX__ligand1216-0
119,TILXIX__ligand25658-0
120,TILXIX__ligand17686-0
121,TILXIX__ligand833-0
122,TILXIX__ligand1152-0
123,TILXIX__ligand3261-0
124,TILXIX__ligand5019-0
125,TILXIX__ligand15455-0
126,TILXIX__ligand1849-0
127,TILXIX__ligand11177-0
128,TILXIX__ligand48-0
129,TILXIX__ligand6663-0
130,TILXIX__ligand5515-0
131,TILXIX__ligand11622-0
132,TILXIX__ligand115-0
133,TILXIX__ligand1831-0
134,TILXIX__ligand5280-0
135,TILXIX__ligand5614-0
136,TILXIX__ligand16870-0
137,TILXIX__ligand16603-0
138,TILXIX__ligand11814-0
139,TILXIX__ligand14347-0
140,TILXIX__ligand13657-0
141,TILXIX__ligand14302-0
142,TILXIX__ligand20530-0
143,TILXIX__ligand152-0
144,TILXIX__ligand11698-0
145,TILXIX__ligand32-0
146,TILXIX__ligand3042-0
147,TILXIX__ligand24851-0
148,TILXIX__ligand29441-0
149,TILXIX__ligand10853-0
150,TILXIX__ligand27610-0
151,TILXIX__ligand10479-0
152,TILXIX__ligand4063-0
153,TILXIX__ligand11479-0
154,TILXIX__ligand8200-0
155,TILXIX__ligand7438-0
156,TILXIX__ligand16952-0
157,TILXIX__ligand29813-0
158,TILXIX__ligand1150-0
159,TILXIX__ligand1539-0
160,TILXIX__ligand506-0
161,TILXIX__ligand20121-0
162,TILXIX__ligand4207-0
163,TILXIX__ligand15387-0
164,TILXIX__ligand20220-0
165,TILXIX__ligand3453-0
166,TILXIX__ligand3416-0
167,TILXIX__ligand487-0
168,TILXIX__ligand1288-0
169,TILXIX__ligand4167-0
170,TILXIX__ligand9491-0
171,TILXIX__ligand10151-0
172,TILXIX__ligand1400-0
173,TILXIX__ligand4266-0
174,TILXIX__ligand16-0
175,TILXIX__ligand9750-0
176,TILXIX__ligand4-0
177,TILXIX__ligand6993-0
178,TILXIX__ligand176-0
179,TILXIX__ligand1817-0
180,TILXIX__ligand19906-0
181,TILXIX__ligand19668-0
182,TILXIX__ligand1779-0
183,TILXIX__ligand1149-0
184,TILXIX__ligand3980-0
185,TILXIX__ligand746-0
186,TILXIX__ligand3557-0
187,TILXIX__ligand447-0
188,TILXIX__ligand22353-0
189,TILXIX__ligand7075-0
190,TILXIX__ligand12138-0
191,TILXIX__ligand24780-0
192,TILXIX__ligand22129-0
193,TILXIX__ligand685-0
194,TILXIX__ligand1376-0
195,TILXIX__ligand11949-0
196,TILXIX__ligand5510-0
197,TILXIX__ligand9773-0
198,TILXIX__ligand8592-0
199,TILXIX__ligand5099-0
200,TILXIX__ligand421-0
201,TILXIX__ligand1197-0
202,TILXIX__ligand2259-0
203,TILXIX__ligand25561-0
204,TILXIX__ligand1296-0
205,TILXIX__ligand2221-0
206,TILXIX__ligand29486-0
207,TILXIX__ligand31694-0
208,TILXIX__ligand3926-0
209,TILXIX__ligand3120-0
210,TILXIX__ligand4358-0
211,TILXIX__ligand17427-0
212,TILXIX__ligand5595-0
213,TILXIX__ligand294-0
214,TILXIX__ligand4101-0
215,TILXIX__ligand5080-0
216,TILXIX__ligand24111-0
217,TILXIX__ligand7762-0
218,TILXIX__ligand22444-0
219,TILXIX__ligand13385-0
220,TILXIX__ligand14569-0
221,TILXIX__ligand23175-0
222,TILXIX__ligand15788-0
223,TILXIX__ligand17396-0
224,TILXIX__ligand69-0
225,TILXIX__ligand560-0
226,TILXIX__ligand1407-0
227,TILXIX__ligand6117-0
228,TILXIX__ligand11587-0
229,TILXIX__ligand13220-0
230,TILXIX__ligand8002-0
231,TILXIX__ligand5509-0
232,TILXIX__ligand11-0
233,TILXIX__ligand3-0
234,TILXIX__ligand3867-0
235,TILXIX__ligand1317-0
236,TILXIX__ligand235-0
237,TILXIX__ligand24872-0
238,TILXIX__ligand7293-0
239,TILXIX__ligand2822-0
240,TILXIX__ligand30728-0
241,TILXIX__ligand27840-0
242,TILXIX__ligand134-0
243,TILXIX__ligand2238-0
244,TILXIX__ligand12001-0
245,TILXIX__ligand24644-0
246,TILXIX__ligand5304-0
247,TILXIX__ligand10033-0
248,TILXIX__ligand9167-0
249,TILXIX__ligand9883-0
250,TILXIX__ligand3677-1
251,TILXIX__ligand7291-0
252,TILXIX__ligand29215-0
253,TILXIX__ligand1-0
254,TILXIX__ligand21399-0
255,TILXIX__ligand10872-0
256,TILXIX__ligand9299-0
257,TILXIX__ligand12003-0
258,TILXIX__ligand868-0
259,TILXIX__ligand4007-0
260,TILXIX__ligand16148-0
261,TILXIX__ligand26631-0
262,TILXIX__ligand2985-0
263,TILXIX__ligand5383-0
264,TILXIX__ligand2693-0
265,TILXIX__ligand3945-0
266,TILXIX__ligand783-0
267,TILXIX__ligand352-0
268,TILXIX__ligand22403-0
269,TILXIX__ligand28540-0
270,TILXIX__ligand8000-0
271,TILXIX__ligand11111-0
272,TILXIX__ligand16369-0
273,TILXIX__ligand3736-0
274,TILXIX__ligand9344-0
275,TILXIX__ligand27754-0
276,TILXIX__ligand20695-0
277,TILXIX__ligand26529-0
278,TILXIX__ligand1211-0
279,TILXIX__ligand6892-0
280,TILXIX__ligand2881-0
281,TILXIX__ligand1499-0
282,TILXIX__ligand11618-0
283,TILXIX__ligand1464-0
284,TILXIX__ligand3712-0
285,TILXIX__ligand197-0
286,TILXIX__ligand14043-0
287,TILXIX__ligand28559-0
288,TILXIX__ligand26324-0
289,TILXIX__ligand6699-0
290,TILXIX__ligand19927-0
291,TILXIX__ligand1294-0
292,TILXIX__ligand1168-0
293,TILXIX__ligand3677-0
294,TILXIX__ligand3632-0
295,TILXIX__ligand21729-0
296,TILXIX__ligand27239-0
297,TILXIX__ligand193-0
298,TILXIX__ligand2417-0
299,TILXIX__ligand27669-0
300,TILXIX__ligand1114-0
301,TILXIX__ligand830-0
302,TILXIX__ligand30142-0
303,TILXIX__ligand9284-0
304,TILXIX__ligand13477-0
305,TILXIX__ligand14167-0
306,TILXIX__ligand3126-0
307,TILXIX__ligand372-0
308,TILXIX__ligand6391-0
309,TILXIX__ligand9943-0
310,TILXIX__ligand1228-0
311,TILXIX__ligand1604-0
312,TILXIX__ligand27285-0
313,TILXIX__ligand29029-0
314,TILXIX__ligand1832-0
315,TILXIX__ligand116-0
316,TILXIX__ligand8788-0
317,TILXIX__ligand252-0
318,TILXIX__ligand2043-0
319,TILXIX__ligand23197-0
320,TILXIX__ligand1599-0
321,TILXIX__ligand10371-0
322,TILXIX__ligand2612-0
323,TILXIX__ligand17-0
324,TILXIX__ligand18568-0
325,TILXIX__ligand28685-0
326,TILXIX__ligand177-0
327,TILXIX__ligand13672-0
328,TILXIX__ligand9450-0
329,TILXIX__ligand909-0
330,TILXIX__ligand19184-0
331,TILXIX__ligand28459-0
332,TILXIX__ligand12453-0
333,TILXIX__ligand18448-0
334,TILXIX__ligand5387-0
335,TILXIX__ligand2203-0
336,TILXIX__ligand1289-0
337,TILXIX__ligand564-0
338,TILXIX__ligand620-0
339,TILXIX__ligand30711-0
340,TILXIX__ligand20207-0
341,TILXIX__ligand4649-0
342,TILXIX__ligand370-1
343,TILXIX__ligand2788-0
344,TILXIX__ligand5649-0
345,TILXIX__ligand11682-0
346,TILXIX__ligand8793-0
347,TILXIX__ligand3244-0
348,TILXIX__ligand4711-0
349,TILXIX__ligand479-0
350,TILXIX__ligand2906-0
351,TILXIX__ligand16988-0
352,TILXIX__ligand311-0
353,TILXIX__ligand25913-0
354,TILXIX__ligand785-0
355,TILXIX__ligand14614-0
356,TILXIX__ligand3178-0
357,TILXIX__ligand4807-0
358,TILXIX__ligand16663-0
359,TILXIX__ligand5159-0
360,TILXIX__ligand11994-0
361,TILXIX__ligand31044-0
362,TILXIX__ligand7196-0
363,TILXIX__ligand31842-0
364,TILXIX__ligand9753-0
365,TILXIX__ligand188-0
366,TILXIX__ligand1356-0
367,TILXIX__ligand1787-0
368,TILXIX__ligand24035-0
369,TILXIX__ligand5530-0
370,TILXIX__ligand5708-0
371,TILXIX__ligand11357-0
372,TILXIX__ligand13862-0
373,TILXIX__ligand28743-0
374,TILXIX__ligand15531-0
375,TILXIX__ligand7316-0
376,TILXIX__ligand12365-0
377,TILXIX__ligand10056-0
378,TILXIX__ligand6017-0
379,TILXIX__ligand250-0
380,TILXIX__ligand5180-0
381,TILXIX__ligand21919-0
382,TILXIX__ligand22294-0
383,TILXIX__ligand89-0
384,TILXIX__ligand22168-0
385,TILXIX__ligand28930-0
386,TILXIX__ligand15883-0
387,TILXIX__ligand9323-0
388,TILXIX__ligand7273-0
389,TILXIX__ligand11970-0
390,TILXIX__ligand49-0
391,TILXIX__ligand7172-0
392,TILXIX__ligand19792-0
393,TILXIX__ligand2124-0
394,TILXIX__ligand10828-0
395,TILXIX__ligand370-0
396,TILXIX__ligand15926-0
397,TILXIX__ligand8612-0
398,TILXIX__ligand2260-0
399,TILXIX__ligand24230-0
400,TILXIX__ligand7092-0
401,TILXIX__ligand1116-0
402,TILXIX__ligand3225-0
403,TILXIX__ligand1153-0
404,TILXIX__ligand28810-0
405,TILXIX__ligand11447-0
406,TILXIX__ligand11096-0
407,TILXIX__ligand17805-0
408,TILXIX__ligand1844-0
409,TILXIX__ligand4661-0
410,TILXIX__ligand17302-0
411,TILXIX__ligand3718-0
412,TILXIX__ligand45-0
413,TILXIX__ligand6616-0
414,TILXIX__ligand3876-0
415,TILXIX__ligand1343-0
416,TILXIX__ligand3035-0
417,TILXIX__ligand1573-0
418,TILXIX__ligand1536-0
419,TILXIX__ligand25178-0
420,TILXIX__ligand9935-0
421,TILXIX__ligand24185-0
422,TILXIX__ligand3504-0
423,TILXIX__ligand1959-0
424,TILXIX__ligand23769-0
425,TILXIX__ligand10476-0
426,TILXIX__ligand13068-0
427,TILXIX__ligand19830-0
428,TILXIX__ligand12401-0
429,TILXIX__ligand15585-0
430,TILXIX__ligand1263-0
431,TILXIX__ligand9908-0
432,TILXIX__ligand24145-0
433,TILXIX__ligand534-0
434,TILXIX__ligand571-0
435,TILXIX__ligand7106-0
436,TILXIX__ligand78-0
437,TILXIX__ligand12231-0
438,TILXIX__ligand18292-0
439,TILXIX__ligand670-0
440,TILXIX__ligand12289-0
441,TILXIX__ligand26702-0
442,TILXIX__ligand7242-0
443,TILXIX__ligand13658-0
444,TILXIX__ligand17387-0
445,TILXIX__ligand12130-0
446,TILXIX__ligand3131-0
447,TILXIX__ligand3174-0
448,TILXIX__ligand1202-0
449,TILXIX__ligand3937-0
450,TILXIX__ligand8969-0
451,TILXIX__ligand29302-0
452,TILXIX__ligand13425-0
453,TILXIX__ligand6839-0
454,TILXIX__ligand4720-0
455,TILXIX__ligand18814-0
456,TILXIX__ligand19057-0
457,TILXIX__ligand28676-0
458,TILXIX__ligand10262-0
459,TILXIX__ligand3094-0
460,TILXIX__ligand4155-0
461,TILXIX__ligand27763-0
462,TILXIX__ligand19-0
463,TILXIX__ligand5211-0
464,TILXIX__ligand2485-0
465,TILXIX__ligand3852-0
466,TILXIX__ligand694-0
467,TILXIX__ligand10958-0
468,TILXIX__ligand6919-0
469,TILXIX__ligand24-0
470,TILXIX__ligand12641-0
471,TILXIX__ligand488-0
472,TILXIX__ligand3565-0
473,TILXIX__ligand358-0
474,TILXIX__ligand5331-0
475,TILXIX__ligand14108-0
476,TILXIX__ligand1512-0
477,TILXIX__ligand430-0
478,TILXIX__ligand12606-0
479,TILXIX__ligand4546-0
480,TILXIX__ligand30333-0
481,TILXIX__ligand4503-0
482,TILXIX__ligand696-0
483,TILXIX__ligand26540-0
484,TILXIX__ligand7000-0
485,TILXIX__ligand1982-0
486,TILXIX__ligand12337-0
487,TILXIX__ligand6768-0
488,TILXIX__ligand29410-0
489,TILXIX__ligand8115-0
490,TILXIX__ligand1285-0
491,TILXIX__ligand30296-0
492,TILXIX__ligand17281-0
493,TILXIX__ligand2232-0
494,TILXIX__ligand16628-0
495,TILXIX__ligand12427-0
496,TILXIX__ligand9291-0
497,TILXIX__ligand28468-0
498,TILXIX__ligand20740-0
499,TILXIX__ligand2176-0
500,TILXIX__ligand27460-0
501,TILXIX__ligand5256-0
502,TILXIX__ligand7648-0
503,TILXIX__ligand2828-0
504,TILXIX__ligand8876-0
505,TILXIX__ligand9833-0
506,TILXIX__ligand4157-0
507,TILXIX__ligand656-0
508,TILXIX__ligand3954-0
509,TILXIX__ligand4442-0
510,TILXIX__ligand4093-0
511,TILXIX__ligand30988-0
512,TILXIX__ligand27175-0
513,TILXIX__ligand1160-0
514,TILXIX__ligand18832-0
515,TILXIX__ligand8699-0
516,TILXIX__ligand23713-0
517,TILXIX__ligand9520-0
518,TILXIX__ligand9784-0
519,TILXIX__ligand20578-0
520,TILXIX__ligand12934-0
521,TILXIX__ligand15422-0
522,TILXIX__ligand19641-0
523,TILXIX__ligand7629-0
524,TILXIX__ligand14723-0
525,TILXIX__ligand27893-0
526,TILXIX__ligand4272-0
527,TILXIX__ligand1451-0
528,TILXIX__ligand7280-0
529,TILXIX__ligand31783-0
530,TILXIX__ligand1304-0
531,TILXIX__ligand226-0
532,TILXIX__ligand1790-0
533,TILXIX__ligand162-0
534,TILXIX__ligand7238-0
535,TILXIX__ligand17631-0
536,TILXIX__ligand13012-0
537,TILXIX__ligand26665-0
538,TILXIX__ligand383-0
539,TILXIX__ligand4016-0
540,TILXIX__ligand1219-0
541,TILXIX__ligand6709-0
542,TILXIX__ligand14603-0
543,TILXIX__ligand14297-0
544,TILXIX__ligand7867-0
545,TILXIX__ligand17258-0
546,TILXIX__ligand416-0
547,TILXIX__ligand1378-0
548,TILXIX__ligand21581-0
549,TILXIX__ligand31097-0
550,TILXIX__ligand20539-0
551,TILXIX__ligand30702-0
552,TILXIX__ligand20214-0
553,TILXIX__ligand633-0
554,TILXIX__ligand20251-0
555,TILXIX__ligand6244-0
556,TILXIX__ligand497-0
557,TILXIX__ligand3156-0
558,TILXIX__ligand2915-0
559,TILXIX__ligand14117-0
560,TILXIX__ligand17261-0
561,TILXIX__ligand9933-0
562,TILXIX__ligand1575-0
563,TILXIX__ligand28789-0
564,TILXIX__ligand1530-0
565,TILXIX__ligand20419-0
566,TILXIX__ligand21371-0
567,TILXIX__ligand17118-0
568,TILXIX__ligand1631-0
569,TILXIX__ligand14889-0
570,TILXIX__ligand2332-0
571,TILXIX__ligand30851-0
572,TILXIX__ligand9441-0
573,TILXIX__ligand29568-0
574,TILXIX__ligand43-0
575,TILXIX__ligand2526-0
576,TILXIX__ligand5036-0
577,TILXIX__ligand1615-0
578,TILXIX__ligand436-0
579,TILXIX__ligand20011-0
580,TILXIX__ligand17278-0
581,TILXIX__ligand9952-0
582,TILXIX__ligand9111-0
583,TILXIX__ligand17982-0
584,TILXIX__ligand29414-0
585,TILXIX__ligand20598-0
586,TILXIX__ligand67-0
587,TILXIX__ligand11675-0
588,TILXIX__ligand8721-0
589,TILXIX__ligand24047-0
590,TILXIX__ligand10589-0
591,TILXIX__ligand1324-0
592,TILXIX__ligand22557-0
593,TILXIX__ligand692-0
594,TILXIX__ligand5643-0
595,TILXIX__ligand17398-0
596,TILXIX__ligand1823-0
597,TILXIX__ligand4116-0
598,TILXIX__ligand1018-0
599,TILXIX__ligand6124-0
600,TILXIX__ligand3707-0
601,TILXIX__ligand7967-0
602,TILXIX__ligand14703-0
603,TILXIX__ligand16475-0
604,TILXIX__ligand9601-0
605,TILXIX__ligand20251-1
606,TILXIX__ligand326-0
607,TILXIX__ligand8992-0
608,TILXIX__ligand2028-0
609,TILXIX__ligand8835-0
610,TILXIX__ligand7126-0
611,TILXIX__ligand25411-0
612,TILXIX__ligand1142-0
613,TILXIX__ligand3234-0
614,TILXIX__ligand11456-0
615,TILXIX__ligand361-0
616,TILXIX__ligand324-0
617,TILXIX__ligand14174-0
618,TILXIX__ligand409-0
619,TILXIX__ligand10712-0
620,TILXIX__ligand28884-0
621,TILXIX__ligand13331-0
622,TILXIX__ligand12030-0
623,TILXIX__ligand14248-0
624,TILXIX__ligand29879-0
625,TILXIX__ligand31832-0
626,TILXIX__ligand4641-0
627,TILXIX__ligand13294-0
628,TILXIX__ligand2295-0
629,TILXIX__ligand1577-0
630,TILXIX__ligand6067-0
631,TILXIX__ligand199-0
632,TILXIX__ligand13208-0
633,TILXIX__ligand26810-0
634,TILXIX__ligand4620-0
635,TILXIX__ligand27482-0
636,TILXIX__ligand3465-0
637,TILXIX__ligand20682-0
638,TILXIX__ligand588-0
639,TILXIX__ligand6102-0
640,TILXIX__ligand3721-0
641,TILXIX__ligand6904-0
642,TILXIX__ligand6596-0
643,TILXIX__ligand7819-0
644,TILXIX__ligand300-0
645,TILXIX__ligand2917-0
646,TILXIX__ligand13390-0
647,TILXIX__ligand187-0
648,TILXIX__ligand8-0
649,TILXIX__ligand18699-0
650,TILXIX__ligand12682-0
651,TILXIX__ligand657-0
652,TILXIX__ligand2403-0
653,TILXIX__ligand17590-0
654,TILXIX__ligand6882-0
655,TILXIX__ligand6455-0
656,TILXIX__ligand17240-0
657,TILXIX__ligand3934-0
658,TILXIX__ligand366-0
659,TILXIX__ligand4332-0
660,TILXIX__ligand12336-0
661,TILXIX__ligand777-0
662,TILXIX__ligand9681-0
663,TILXIX__ligand13072-0
664,TILXIX__ligand7530-0
665,TILXIX__ligand1065-0
666,TILXIX__ligand596-0
667,TILXIX__ligand941-0
668,TILXIX__ligand1449-0
669,TILXIX__ligand3012-0
670,TILXIX__ligand5483-0
671,TILXIX__ligand19725-0
672,TILXIX__ligand24613-0
673,TILXIX__ligand5316-0
674,TILXIX__ligand2830-0
675,TILXIX__ligand5627-0
676,TILXIX__ligand31483-0
677,TILXIX__ligand163-0
678,TILXIX__ligand126-0
679,TILXIX__ligand1729-0
680,TILXIX__ligand10555-0
681,TILXIX__ligand7529-0
682,TILXIX__ligand20579-0
683,TILXIX__ligand17710-0
684,TILXIX__ligand11568-0
685,TILXIX__ligand1415-0
686,TILXIX__ligand6946-0
687,TILXIX__ligand9148-0
688,TILXIX__ligand14586-0
689,TILXIX__ligand11774-0
690,TILXIX__ligand845-0
691,TILXIX__ligand21421-0
692,TILXIX__ligand7107-0
693,TILXIX__ligand11432-0
694,TILXIX__ligand31618-0
695,TILXIX__ligand10432-0
696,TILXIX__ligand22755-0
697,TILXIX__ligand3215-0
698,TILXIX__ligand29898-0
699,TILXIX__ligand26277-0
700,TILXIX__ligand6062-0
701,TILXIX__ligand15168-0
702,TILXIX__ligand338-0
703,TILXIX__ligand5813-0
704,TILXIX__ligand4813-0
705,TILXIX__ligand4738-0
706,TILXIX__ligand23589-0
707,TILXIX__ligand24064-0
708,TILXIX__ligand6283-0
709,TILXIX__ligand18703-0
710,TILXIX__ligand29087-0
711,TILXIX__ligand2599-0
712,TILXIX__ligand4330-0
713,TILXIX__ligand4194-0
714,TILXIX__ligand201-0
715,TILXIX__ligand7532-0
716,TILXIX__ligand15438-0
717,TILXIX__ligand28924-0
718,TILXIX__ligand178-0
719,TILXIX__ligand2068-0
720,TILXIX__ligand279-0
721,TILXIX__ligand185-0
722,TILXIX__ligand7925-0
723,TILXIX__ligand24750-0
724,TILXIX__ligand18-0
725,TILXIX__ligand321-0
726,TILXIX__ligand3973-0
727,TILXIX__ligand31578-0
728,TILXIX__ligand17207-0
729,TILXIX__ligand25224-0
730,TILXIX__ligand1147-0
731,TILXIX__ligand18013-0
732,TILXIX__ligand17945-0
733,TILXIX__ligand7573-0
734,TILXIX__ligand2781-0
735,TILXIX__ligand27835-0
736,TILXIX__ligand141-0
737,TILXIX__ligand3350-0
738,TILXIX__ligand12295-0
739,TILXIX__ligand6672-0
740,TILXIX__ligand240-0
741,TILXIX__ligand9809-0
742,TILXIX__ligand1327-0
743,TILXIX__ligand8722-0
744,TILXIX__ligand3208-0
745,TILXIX__ligand25689-0
746,TILXIX__ligand2208-0
747,TILXIX__ligand21787-0
748,TILXIX__ligand25575-0
749,TILXIX__ligand1900-0
750,TILXIX__ligand9197-0
751,TILXIX__ligand30539-0
752,TILXIX__ligand11166-0
753,TILXIX__ligand3029-0
754,TILXIX__ligand7162-0
755,TILXIX__ligand21132-0
756,TILXIX__ligand2328-0
757,TILXIX__ligand1773-0
758,TILXIX__ligand4581-0
759,TILXIX__ligand23906-0
760,TILXIX__ligand5094-0
761,TILXIX__ligand5892-0
762,TILXIX__ligand768-0
763,TILXIX__ligand4131-0
764,TILXIX__ligand1712-0
765,TILXIX__ligand23124-0
766,TILXIX__ligand11206-0
767,TILXIX__ligand25735-0
768,TILXIX__ligand12519-0
769,TILXIX__ligand38-0
770,TILXIX__ligand13209-0
771,TILXIX__ligand19257-0
772,TILXIX__ligand12660-0
773,TILXIX__ligand7557-0
774,TILXIX__ligand1496-0
775,TILXIX__ligand384-0
776,TILXIX__ligand1533-0
777,TILXIX__ligand25650-0
778,TILXIX__ligand31248-0
779,TILXIX__ligand28668-0
780,TILXIX__ligand122-0
781,TILXIX__ligand1768-0
782,TILXIX__ligand3871-0
783,TILXIX__ligand1469-0
784,TILXIX__ligand16791-0
785,TILXIX__ligand42-0
786,TILXIX__ligand1688-0
787,TILXIX__ligand18799-0
788,TILXIX__ligand5357-0
789,TILXIX__ligand3647-0
790,TILXIX__ligand18465-0
791,TILXIX__ligand5056-0
792,TILXIX__ligand757-0
793,TILXIX__ligand4850-0
794,TILXIX__ligand18074-0
795,TILXIX__ligand1165-0
796,TILXIX__ligand13869-0
797,TILXIX__ligand29863-0
798,TILXIX__ligand9525-0
799,TILXIX__ligand3157-0
800,TILXIX__ligand11140-0
801,TILXIX__ligand1379-0
802,TILXIX__ligand2722-0
803,TILXIX__ligand29610-0
804,TILXIX__ligand5935-0
805,TILXIX__ligand12467-0
806,TILXIX__ligand5849-0
807,TILXIX__ligand10084-0
808,TILXIX__ligand25267-0
809,TILXIX__ligand1771-0
810,TILXIX__ligand4911-0
811,TILXIX__ligand23904-0
812,TILXIX__ligand3392-0
813,TILXIX__ligand21936-0
814,TILXIX__ligand13257-0
815,TILXIX__ligand20599-0
816,TILXIX__ligand66-0
817,TILXIX__ligand693-0
818,TILXIX__ligand22981-0
819,TILXIX__ligand25805-0
820,TILXIX__ligand1709-0
821,TILXIX__ligand8464-0
822,TILXIX__ligand8349-0
823,TILXIX__ligand27074-0
824,TILXIX__ligand2527-0
825,TILXIX__ligand18391-0
826,TILXIX__ligand27169-0
827,TILXIX__ligand14523-0
