,TMC
0,FERQOJ__ligand584-0
1,FERQOJ__ligand17-0
2,FERQOJ__ligand916-0
3,FERQOJ__ligand1114-0
4,FERQOJ__ligand1538-0
5,FERQOJ__ligand798-0
6,FERQOJ__ligand421-0
7,FERQOJ__ligand331-0
8,FERQOJ__ligand92-0
9,FERQOJ__ligand993-0
10,FERQOJ__ligand1228-0
11,FERQOJ__ligand294-0
12,FERQOJ__ligand9244-0
13,FERQOJ__ligand1479-0
14,FERQOJ__ligand1148-0
15,FERQOJ__ligand109-0
16,FERQOJ__ligand525-0
17,FERQOJ__ligand560-0
18,FERQOJ__ligand235-0
19,FERQOJ__ligand3246-0
20,FERQOJ__ligand134-0
21,FERQOJ__ligand932-0
22,FERQOJ__ligand390-0
23,FERQOJ__ligand136-0
24,FERQOJ__ligand89-0
25,FERQOJ__ligand3145-0
26,FERQOJ__ligand7915-0
27,FERQOJ__ligand442-0
28,FERQOJ__ligand5548-0
29,FERQOJ__ligand868-0
30,FERQOJ__ligand6686-0
31,FERQOJ__ligand1747-0
32,FERQOJ__ligand2098-0
33,FERQOJ__ligand6502-0
34,FERQOJ__ligand352-0
35,FERQOJ__ligand783-0
36,FERQOJ__ligand2863-0
37,FERQOJ__ligand3178-0
38,FERQOJ__ligand6332-0
39,FERQOJ__ligand49-0
40,FERQOJ__ligand3041-0
41,FERQOJ__ligand296-0
42,FERQOJ__ligand197-0
43,FERQOJ__ligand1542-0
44,FERQOJ__ligand2634-0
45,FERQOJ__ligand112-0
46,FERQOJ__ligand10357-0
47,FERQOJ__ligand15630-0
48,FERQOJ__ligand2751-0
49,FERQOJ__ligand193-0
50,FERQOJ__ligand2688-0
51,FERQOJ__ligand2259-0
52,FERQOJ__ligand830-0
53,FERQOJ__ligand1376-0
54,FERQOJ__ligand2768-0
55,FERQOJ__ligand6277-0
56,FERQOJ__ligand1951-0
57,FERQOJ__ligand955-0
58,FERQOJ__ligand11-0
59,FERQOJ__ligand1687-0
60,FERQOJ__ligand252-0
61,FERQOJ__ligand1706-0
62,FERQOJ__ligand3734-0
63,FERQOJ__ligand2629-0
64,FERQOJ__ligand934-0
65,FERQOJ__ligand177-0
66,FERQOJ__ligand4381-0
67,FERQOJ__ligand909-0
68,FERQOJ__ligand851-0
69,FERQOJ__ligand5801-0
70,FERQOJ__ligand3063-0
71,FERQOJ__ligand311-0
72,FERQOJ__ligand1438-0
73,FERQOJ__ligand444-0
74,FERQOJ__ligand369-0
75,FERQOJ__ligand1171-0
76,FERQOJ__ligand188-0
77,FERQOJ__ligand2087-0
78,FERQOJ__ligand1048-0
79,FERQOJ__ligand3757-0
80,FERQOJ__ligand460-0
81,FERQOJ__ligand250-0
82,FERQOJ__ligand1685-0
83,FERQOJ__ligand8-0
84,FERQOJ__ligand1544-0
85,FERQOJ__ligand370-0
86,FERQOJ__ligand1459-0
87,FERQOJ__ligand1567-0
88,FERQOJ__ligand10910-0
89,FERQOJ__ligand2285-0
90,FERQOJ__ligand8921-0
91,FERQOJ__ligand2510-0
92,FERQOJ__ligand48-0
93,FERQOJ__ligand1056-0
94,FERQOJ__ligand2320-0
95,FERQOJ__ligand353-0
96,FERQOJ__ligand2862-0
97,FERQOJ__ligand2430-0
98,FERQOJ__ligand1703-0
99,FERQOJ__ligand236-0
100,FERQOJ__ligand2907-0
101,FERQOJ__ligand1727-0
102,FERQOJ__ligand14530-0
103,FERQOJ__ligand422-0
104,FERQOJ__ligand1152-0
105,FERQOJ__ligand51-0
106,FERQOJ__ligand113-0
107,FERQOJ__ligand1607-0
108,FERQOJ__ligand29-0
109,FERQOJ__ligand196-0
110,FERQOJ__ligand502-0
111,FERQOJ__ligand91-0
112,FERQOJ__ligand3637-0
113,FERQOJ__ligand8774-0
114,FERQOJ__ligand10479-0
115,FERQOJ__ligand210-0
116,FERQOJ__ligand391-0
117,FERQOJ__ligand7464-0
118,FERQOJ__ligand32-0
119,FERQOJ__ligand170-0
120,FERQOJ__ligand1598-0
121,FERQOJ__ligand1248-0
122,FERQOJ__ligand4303-0
123,FERQOJ__ligand10114-0
124,FERQOJ__ligand6294-0
125,FERQOJ__ligand314-0
126,FERQOJ__ligand1054-0
127,FERQOJ__ligand481-0
128,FERQOJ__ligand73-0
129,FERQOJ__ligand2142-0
130,FERQOJ__ligand9495-0
131,FERQOJ__ligand2772-0
132,FERQOJ__ligand6151-0
133,FERQOJ__ligand6538-0
134,FERQOJ__ligand485-0
135,FERQOJ__ligand2864-0
136,FERQOJ__ligand355-0
137,FERQOJ__ligand784-0
138,FERQOJ__ligand5022-0
139,FERQOJ__ligand291-0
140,FERQOJ__ligand1169-0
141,FERQOJ__ligand57-0
142,FERQOJ__ligand115-0
143,FERQOJ__ligand5941-0
144,FERQOJ__ligand2880-0
145,FERQOJ__ligand1799-0
146,FERQOJ__ligand3838-0
147,FERQOJ__ligand2838-0
148,FERQOJ__ligand2265-0
149,FERQOJ__ligand1113-0
150,FERQOJ__ligand55-0
151,FERQOJ__ligand6396-0
152,FERQOJ__ligand682-0
153,FERQOJ__ligand9027-0
154,FERQOJ__ligand1835-0
155,FERQOJ__ligand2345-0
156,FERQOJ__ligand2794-0
157,FERQOJ__ligand4983-0
158,FERQOJ__ligand95-0
159,FERQOJ__ligand1502-0
160,FERQOJ__ligand487-0
161,FERQOJ__ligand1052-0
162,FERQOJ__ligand666-0
163,FERQOJ__ligand522-0
164,FERQOJ__ligand1273-0
165,FERQOJ__ligand34-0
166,FERQOJ__ligand133-0
167,FERQOJ__ligand447-0
168,FERQOJ__ligand187-0
169,FERQOJ__ligand5334-0
170,FERQOJ__ligand612-0
171,FERQOJ__ligand38-0
172,FERQOJ__ligand2315-0
173,FERQOJ__ligand861-0
174,FERQOJ__ligand2480-0
175,FERQOJ__ligand4504-0
176,FERQOJ__ligand3051-0
177,FERQOJ__ligand1898-0
178,FERQOJ__ligand366-0
179,FERQOJ__ligand8032-0
180,FERQOJ__ligand1858-0
181,FERQOJ__ligand40-0
182,FERQOJ__ligand596-0
183,FERQOJ__ligand1712-0
184,FERQOJ__ligand2916-0
185,FERQOJ__ligand2110-0
186,FERQOJ__ligand126-0
187,FERQOJ__ligand21-0
188,FERQOJ__ligand3579-0
189,FERQOJ__ligand1919-0
190,FERQOJ__ligand2389-0
191,FERQOJ__ligand2929-0
192,FERQOJ__ligand119-0
193,FERQOJ__ligand2376-0
194,FERQOJ__ligand1379-0
195,FERQOJ__ligand6430-0
196,FERQOJ__ligand66-0
197,FERQOJ__ligand124-0
198,FERQOJ__ligand1299-0
199,FERQOJ__ligand1221-0
200,FERQOJ__ligand1264-0
201,FERQOJ__ligand2442-0
202,FERQOJ__ligand1019-0
203,FERQOJ__ligand201-0
204,FERQOJ__ligand244-0
205,FERQOJ__ligand100-0
206,FERQOJ__ligand1104-0
207,FERQOJ__ligand5762-0
208,FERQOJ__ligand7414-0
209,FERQOJ__ligand178-0
210,FERQOJ__ligand279-0
211,FERQOJ__ligand321-0
212,FERQOJ__ligand2482-0
213,FERQOJ__ligand1325-0
214,FERQOJ__ligand6571-0
215,FERQOJ__ligand141-0
216,FERQOJ__ligand240-0
217,FERQOJ__ligand1788-0
218,FERQOJ__ligand1321-0
219,FERQOJ__ligand86-0
220,FERQOJ__ligand3566-0
221,FERQOJ__ligand1178-0
222,FERQOJ__ligand7514-0
223,FERQOJ__ligand3337-0
224,FERQOJ__ligand4811-0
225,FERQOJ__ligand1449-1
226,FERQOJ__ligand1260-0
227,FERQOJ__ligand4894-0
228,FERQOJ__ligand9620-0
229,FERQOJ__ligand62-0
230,FERQOJ__ligand120-0
231,FERQOJ__ligand1-0
232,FERQOJ__ligand384-0
233,FERQOJ__ligand3-0
234,FERQOJ__ligand757-0
235,FERQOJ__ligand797-0
236,FERQOJ__ligand1307-0
237,FERQOJ__ligand18-0
238,FERQOJ__ligand2853-0
239,FERQOJ__ligand3853-0
240,FERQOJ__ligand2599-0
241,FERQOJ__ligand5089-0
242,FERQOJ__ligand1246-0
243,FERQOJ__ligand6166-0
244,FERQOJ__ligand67-0
245,FERQOJ__ligand4-0
246,FERQOJ__ligand509-0
247,FERQOJ__ligand2915-0
248,FERQOJ__ligand571-0
249,FERQOJ__ligand670-0
250,FERQOJ__ligand118-0
251,FERQOJ__ligand4012-0
252,FERQOJ__ligand3196-0
253,FERQOJ__ligand365-0
254,FERQOJ__ligand2526-0
255,FERQOJ__ligand278-0
256,FERQOJ__ligand1551-0
257,FERQOJ__ligand1690-0
258,FERQOJ__ligand669-0
259,FERQOJ__ligand358-0
260,FERQOJ__ligand2707-0
261,FERQOJ__ligand430-0
262,FERQOJ__ligand2618-0
263,FERQOJ__ligand3618-0
264,FERQOJ__ligand1436-0
265,FERQOJ__ligand4370-0
266,FERQOJ__ligand1918-0
267,FERQOJ__ligand226-0
268,FERQOJ__ligand162-0
269,FERQOJ__ligand6-0
270,FERQOJ__ligand2255-0
271,FERQOJ__ligand4175-0
272,FERQOJ__ligand383-0
273,FERQOJ__ligand9176-0
274,FERQOJ__ligand532-0
275,FERQOJ__ligand918-0
276,FERQOJ__ligand633-0
277,FERQOJ__ligand497-0
278,FERQOJ__ligand1493-0
279,FERQOJ__ligand2718-0
280,FERQOJ__ligand3070-0
281,FERQOJ__ligand3035-0
282,FERQOJ__ligand6143-0
283,FERQOJ__ligand5235-0
284,FERQOJ__ligand838-0
285,FERQOJ__ligand4619-0
286,FERQOJ__ligand166-0
287,FERQOJ__ligand3251-0
288,FERQOJ__ligand1818-0
289,FERQOJ__ligand436-0
290,FERQOJ__ligand206-0
291,FERQOJ__ligand7456-0
292,FERQOJ__ligand142-0
293,FERQOJ__ligand45-0
294,FERQOJ__ligand283-0
295,FERQOJ__ligand5758-0
296,FERQOJ__ligand78-0
297,FERQOJ__ligand553-0
298,FERQOJ__ligand85-0
299,FERQOJ__ligand3852-0
300,FERQOJ__ligand326-0
301,FERQOJ__ligand3478-0
302,FERQOJ__ligand821-0
303,FERQOJ__ligand1555-0
304,FERQOJ__ligand1285-0
305,FERQOJ__ligand324-0
306,FERQOJ__ligand361-0
307,FERQOJ__ligand7630-0
308,FERQOJ__ligand409-0
309,FERQOJ__ligand3890-0
310,FERQOJ__ligand140-0
311,FERQOJ__ligand105-0
312,FERQOJ__ligand1907-0
313,FERQOJ__ligand4423-0
314,FERQOJ__ligand1038-0
315,FERQOJ__ligand2762-0
316,FERQOJ__ligand2954-0
317,FERQOJ__ligand199-0
318,FERQOJ__ligand5093-0
319,FERQOJ__ligand1160-0
320,FERQOJ__ligand2253-0
321,FERQOJ__ligand927-0
322,FERQOJ__ligand575-0
323,FERQOJ__ligand11730-0
324,FERQOJ__ligand7550-0
