,TMC
0,XIHZUK__ligand7629-0
1,XIHZUK__ligand29215-0
2,XIHZUK__ligand4272-0
3,XIHZUK__ligand1451-0
4,XIHZUK__ligand618-0
5,XIHZUK__ligand9784-0
6,XIHZUK__ligand8699-0
7,XIHZUK__ligand26631-0
8,XIHZUK__ligand16148-0
9,XIHZUK__ligand1160-0
10,XIHZUK__ligand12003-0
11,XIHZUK__ligand9520-0
12,XIHZUK__ligand3954-0
13,XIHZUK__ligand4442-0
14,XIHZUK__ligand4093-0
15,XIHZUK__ligand391-0
16,XIHZUK__ligand10872-0
17,XIHZUK__ligand21399-0
18,XIHZUK__ligand6709-0
19,XIHZUK__ligand813-0
20,XIHZUK__ligand1219-0
21,XIHZUK__ligand22403-0
22,XIHZUK__ligand7867-0
23,XIHZUK__ligand780-0
24,XIHZUK__ligand314-0
25,XIHZUK__ligand4016-0
26,XIHZUK__ligand20695-0
27,XIHZUK__ligand27754-0
28,XIHZUK__ligand7238-0
29,XIHZUK__ligand1304-0
30,XIHZUK__ligand1790-0
31,XIHZUK__ligand16369-0
32,XIHZUK__ligand7280-0
33,XIHZUK__ligand11111-0
34,XIHZUK__ligand28540-0
35,XIHZUK__ligand1285-0
36,XIHZUK__ligand1982-0
37,XIHZUK__ligand7000-0
38,XIHZUK__ligand26529-0
39,XIHZUK__ligand8115-0
40,XIHZUK__ligand6768-0
41,XIHZUK__ligand4546-0
42,XIHZUK__ligand4503-0
43,XIHZUK__ligand314-1
44,XIHZUK__ligand11618-0
45,XIHZUK__ligand19927-0
46,XIHZUK__ligand4157-0
47,XIHZUK__ligand5256-0
48,XIHZUK__ligand26324-0
49,XIHZUK__ligand28559-0
50,XIHZUK__ligand9833-0
51,XIHZUK__ligand7648-0
52,XIHZUK__ligand14043-0
53,XIHZUK__ligand2828-0
54,XIHZUK__ligand8876-0
55,XIHZUK__ligand27239-0
56,XIHZUK__ligand9291-0
57,XIHZUK__ligand21729-0
58,XIHZUK__ligand2176-0
59,XIHZUK__ligand465-0
60,XIHZUK__ligand2232-0
61,XIHZUK__ligand5211-0
62,XIHZUK__ligand11949-0
63,XIHZUK__ligand22129-0
64,XIHZUK__ligand686-0
65,XIHZUK__ligand24780-0
66,XIHZUK__ligand3094-0
67,XIHZUK__ligand12138-0
68,XIHZUK__ligand4155-0
69,XIHZUK__ligand4720-0
70,XIHZUK__ligand25561-0
71,XIHZUK__ligand422-0
72,XIHZUK__ligand8969-0
73,XIHZUK__ligand3131-0
74,XIHZUK__ligand78-0
75,XIHZUK__ligand3937-0
76,XIHZUK__ligand1202-0
77,XIHZUK__ligand3174-0
78,XIHZUK__ligand6839-0
79,XIHZUK__ligand45-0
80,XIHZUK__ligand1512-0
81,XIHZUK__ligand31694-0
82,XIHZUK__ligand5331-0
83,XIHZUK__ligand29486-0
84,XIHZUK__ligand3565-0
85,XIHZUK__ligand196-0
86,XIHZUK__ligand3852-0
87,XIHZUK__ligand2485-0
88,XIHZUK__ligand6919-0
89,XIHZUK__ligand17427-0
90,XIHZUK__ligand3504-0
91,XIHZUK__ligand14569-0
92,XIHZUK__ligand13385-0
93,XIHZUK__ligand353-0
94,XIHZUK__ligand1959-0
95,XIHZUK__ligand1573-0
96,XIHZUK__ligand22444-0
97,XIHZUK__ligand1536-0
98,XIHZUK__ligand24111-0
99,XIHZUK__ligand24-0
100,XIHZUK__ligand9935-0
101,XIHZUK__ligand13220-0
102,XIHZUK__ligand11587-0
103,XIHZUK__ligand3718-0
104,XIHZUK__ligand6616-0
105,XIHZUK__ligand3035-0
106,XIHZUK__ligand1343-0
107,XIHZUK__ligand3876-0
108,XIHZUK__ligand17396-0
109,XIHZUK__ligand4661-0
110,XIHZUK__ligand1844-0
111,XIHZUK__ligand15788-0
112,XIHZUK__ligand23175-0
113,XIHZUK__ligand7242-0
114,XIHZUK__ligand27840-0
115,XIHZUK__ligand30728-0
116,XIHZUK__ligand7106-0
117,XIHZUK__ligand24872-0
118,XIHZUK__ligand393-0
119,XIHZUK__ligand10033-0
120,XIHZUK__ligand24644-0
121,XIHZUK__ligand1263-0
122,XIHZUK__ligand9908-0
123,XIHZUK__ligand19-0
124,XIHZUK__ligand12001-0
125,XIHZUK__ligand11682-0
126,XIHZUK__ligand30711-0
127,XIHZUK__ligand20207-0
128,XIHZUK__ligand4620-0
129,XIHZUK__ligand6067-0
130,XIHZUK__ligand1577-0
131,XIHZUK__ligand25913-0
132,XIHZUK__ligand16988-0
133,XIHZUK__ligand2295-0
134,XIHZUK__ligand487-0
135,XIHZUK__ligand447-0
136,XIHZUK__ligand16663-0
137,XIHZUK__ligand1-0
138,XIHZUK__ligand746-0
139,XIHZUK__ligand14614-0
140,XIHZUK__ligand7819-0
141,XIHZUK__ligand2917-0
142,XIHZUK__ligand24035-0
143,XIHZUK__ligand6102-0
144,XIHZUK__ligand6904-0
145,XIHZUK__ligand3721-0
146,XIHZUK__ligand6596-0
147,XIHZUK__ligand176-0
148,XIHZUK__ligand31842-0
149,XIHZUK__ligand31044-0
150,XIHZUK__ligand3465-0
151,XIHZUK__ligand11994-0
152,XIHZUK__ligand10056-0
153,XIHZUK__ligand12365-0
154,XIHZUK__ligand3234-0
155,XIHZUK__ligand1142-0
156,XIHZUK__ligand15531-0
157,XIHZUK__ligand28743-0
158,XIHZUK__ligand11357-0
159,XIHZUK__ligand13862-0
160,XIHZUK__ligand28930-0
161,XIHZUK__ligand22168-0
162,XIHZUK__ligand22294-0
163,XIHZUK__ligand152-0
164,XIHZUK__ligand21919-0
165,XIHZUK__ligand2028-0
166,XIHZUK__ligand8835-0
167,XIHZUK__ligand7126-0
168,XIHZUK__ligand11970-0
169,XIHZUK__ligand4641-0
170,XIHZUK__ligand506-0
171,XIHZUK__ligand15883-0
172,XIHZUK__ligand11096-0
173,XIHZUK__ligand11447-0
174,XIHZUK__ligand28810-0
175,XIHZUK__ligand24230-0
176,XIHZUK__ligand15926-0
177,XIHZUK__ligand10828-0
178,XIHZUK__ligand19792-0
179,XIHZUK__ligand1823-0
180,XIHZUK__ligand5643-0
181,XIHZUK__ligand8721-0
182,XIHZUK__ligand1324-0
183,XIHZUK__ligand14167-0
184,XIHZUK__ligand13477-0
185,XIHZUK__ligand9111-0
186,XIHZUK__ligand9952-0
187,XIHZUK__ligand833-0
188,XIHZUK__ligand43-0
189,XIHZUK__ligand30142-0
190,XIHZUK__ligand1615-0
191,XIHZUK__ligand5036-0
192,XIHZUK__ligand2526-0
193,XIHZUK__ligand27669-0
194,XIHZUK__ligand8992-0
195,XIHZUK__ligand29029-0
196,XIHZUK__ligand27285-0
197,XIHZUK__ligand9601-0
198,XIHZUK__ligand23197-0
199,XIHZUK__ligand7967-0
200,XIHZUK__ligand6124-0
201,XIHZUK__ligand3707-0
202,XIHZUK__ligand115-0
203,XIHZUK__ligand4116-0
204,XIHZUK__ligand1018-0
205,XIHZUK__ligand2915-0
206,XIHZUK__ligand3156-0
207,XIHZUK__ligand395-0
208,XIHZUK__ligand3-0
209,XIHZUK__ligand368-0
210,XIHZUK__ligand10371-0
211,XIHZUK__ligand13672-0
212,XIHZUK__ligand6244-0
213,XIHZUK__ligand28685-0
214,XIHZUK__ligand1378-0
215,XIHZUK__ligand18568-0
216,XIHZUK__ligand19184-0
217,XIHZUK__ligand2332-0
218,XIHZUK__ligand9441-0
219,XIHZUK__ligand784-0
220,XIHZUK__ligand1631-0
221,XIHZUK__ligand18448-0
222,XIHZUK__ligand9933-0
223,XIHZUK__ligand67-0
224,XIHZUK__ligand12453-0
225,XIHZUK__ligand1575-0
226,XIHZUK__ligand28459-0
227,XIHZUK__ligand1530-0
228,XIHZUK__ligand7532-0
229,XIHZUK__ligand14339-0
230,XIHZUK__ligand197-0
231,XIHZUK__ligand4194-0
232,XIHZUK__ligand13691-0
233,XIHZUK__ligand30788-0
234,XIHZUK__ligand2599-0
235,XIHZUK__ligand4330-0
236,XIHZUK__ligand21752-0
237,XIHZUK__ligand24560-0
238,XIHZUK__ligand18757-0
239,XIHZUK__ligand1147-0
240,XIHZUK__ligand24624-0
241,XIHZUK__ligand20844-0
242,XIHZUK__ligand3973-0
243,XIHZUK__ligand18413-0
244,XIHZUK__ligand2068-0
245,XIHZUK__ligand7925-0
246,XIHZUK__ligand18-0
247,XIHZUK__ligand868-0
248,XIHZUK__ligand4-0
249,XIHZUK__ligand3215-0
250,XIHZUK__ligand20557-0
251,XIHZUK__ligand30004-0
252,XIHZUK__ligand7107-0
253,XIHZUK__ligand25048-0
254,XIHZUK__ligand6283-0
255,XIHZUK__ligand21940-0
256,XIHZUK__ligand27122-0
257,XIHZUK__ligand4813-0
258,XIHZUK__ligand20432-0
259,XIHZUK__ligand5813-0
260,XIHZUK__ligand13755-0
261,XIHZUK__ligand16133-0
262,XIHZUK__ligand4738-0
263,XIHZUK__ligand352-0
264,XIHZUK__ligand783-0
265,XIHZUK__ligand6062-0
266,XIHZUK__ligand23445-0
267,XIHZUK__ligand24953-0
268,XIHZUK__ligand17069-0
269,XIHZUK__ligand5627-0
270,XIHZUK__ligand14477-0
271,XIHZUK__ligand560-0
272,XIHZUK__ligand1729-0
273,XIHZUK__ligand2830-0
274,XIHZUK__ligand17445-0
275,XIHZUK__ligand29334-0
276,XIHZUK__ligand12413-0
277,XIHZUK__ligand20731-0
278,XIHZUK__ligand5316-0
279,XIHZUK__ligand5483-0
280,XIHZUK__ligand11798-0
281,XIHZUK__ligand21448-0
282,XIHZUK__ligand11758-0
283,XIHZUK__ligand22357-0
284,XIHZUK__ligand9148-0
285,XIHZUK__ligand134-0
286,XIHZUK__ligand29214-0
287,XIHZUK__ligand6946-0
288,XIHZUK__ligand1415-0
289,XIHZUK__ligand235-0
290,XIHZUK__ligand11544-0
291,XIHZUK__ligand7529-0
292,XIHZUK__ligand11501-0
293,XIHZUK__ligand3934-0
294,XIHZUK__ligand27550-0
295,XIHZUK__ligand421-0
296,XIHZUK__ligand6882-0
297,XIHZUK__ligand6455-0
298,XIHZUK__ligand2403-0
299,XIHZUK__ligand685-0
300,XIHZUK__ligand18019-1
301,XIHZUK__ligand14007-0
302,XIHZUK__ligand29565-0
303,XIHZUK__ligand294-0
304,XIHZUK__ligand1449-0
305,XIHZUK__ligand3012-0
306,XIHZUK__ligand23682-0
307,XIHZUK__ligand18158-0
308,XIHZUK__ligand27771-0
309,XIHZUK__ligand1065-0
310,XIHZUK__ligand7530-0
311,XIHZUK__ligand16956-0
312,XIHZUK__ligand14226-0
313,XIHZUK__ligand21339-0
314,XIHZUK__ligand9681-0
315,XIHZUK__ligand20942-1
316,XIHZUK__ligand4332-0
317,XIHZUK__ligand24851-0
318,XIHZUK__ligand3392-0
319,XIHZUK__ligand11698-0
320,XIHZUK__ligand1771-0
321,XIHZUK__ligand20530-0
322,XIHZUK__ligand4911-0
323,XIHZUK__ligand250-0
324,XIHZUK__ligand14302-0
325,XIHZUK__ligand13657-0
326,XIHZUK__ligand14347-0
327,XIHZUK__ligand5849-0
328,XIHZUK__ligand11479-0
329,XIHZUK__ligand27610-0
330,XIHZUK__ligand10479-0
331,XIHZUK__ligand10853-0
332,XIHZUK__ligand29441-0
333,XIHZUK__ligand42-0
334,XIHZUK__ligand2527-0
335,XIHZUK__ligand29813-0
336,XIHZUK__ligand16952-0
337,XIHZUK__ligand370-0
338,XIHZUK__ligand8464-0
339,XIHZUK__ligand1709-0
340,XIHZUK__ligand20220-0
341,XIHZUK__ligand8349-0
342,XIHZUK__ligand15387-0
343,XIHZUK__ligand20121-0
344,XIHZUK__ligand311-0
345,XIHZUK__ligand785-0
346,XIHZUK__ligand479-0
347,XIHZUK__ligand4850-0
348,XIHZUK__ligand5056-0
349,XIHZUK__ligand1688-0
350,XIHZUK__ligand66-0
351,XIHZUK__ligand3647-0
352,XIHZUK__ligand5357-0
353,XIHZUK__ligand3871-0
354,XIHZUK__ligand370-1
355,XIHZUK__ligand10151-0
356,XIHZUK__ligand1469-0
357,XIHZUK__ligand620-0
358,XIHZUK__ligand564-0
359,XIHZUK__ligand1768-0
360,XIHZUK__ligand19668-0
361,XIHZUK__ligand5935-0
362,XIHZUK__ligand19906-0
363,XIHZUK__ligand188-0
364,XIHZUK__ligand1379-0
365,XIHZUK__ligand2722-0
366,XIHZUK__ligand22353-0
367,XIHZUK__ligand3157-0
368,XIHZUK__ligand1165-0
369,XIHZUK__ligand9525-0
370,XIHZUK__ligand177-0
371,XIHZUK__ligand11606-0
372,XIHZUK__ligand31000-0
373,XIHZUK__ligand4131-0
374,XIHZUK__ligand1712-0
375,XIHZUK__ligand26673-0
376,XIHZUK__ligand5094-0
377,XIHZUK__ligand5892-0
378,XIHZUK__ligand20821-0
379,XIHZUK__ligand1533-0
380,XIHZUK__ligand18067-0
381,XIHZUK__ligand19824-0
382,XIHZUK__ligand11252-0
383,XIHZUK__ligand1496-0
384,XIHZUK__ligand7557-0
385,XIHZUK__ligand13260-0
386,XIHZUK__ligand10582-0
387,XIHZUK__ligand909-0
388,XIHZUK__ligand2208-0
389,XIHZUK__ligand3208-0
390,XIHZUK__ligand372-0
391,XIHZUK__ligand17686-0
392,XIHZUK__ligand830-0
393,XIHZUK__ligand25658-0
394,XIHZUK__ligand31205-0
395,XIHZUK__ligand6672-0
396,XIHZUK__ligand9809-0
397,XIHZUK__ligand1327-0
398,XIHZUK__ligand11177-0
399,XIHZUK__ligand8722-0
400,XIHZUK__ligand3350-0
401,XIHZUK__ligand7573-0
402,XIHZUK__ligand2781-0
403,XIHZUK__ligand193-0
404,XIHZUK__ligand15455-0
405,XIHZUK__ligand252-0
406,XIHZUK__ligand16870-0
407,XIHZUK__ligand2328-0
408,XIHZUK__ligand1773-0
409,XIHZUK__ligand4581-0
410,XIHZUK__ligand116-0
411,XIHZUK__ligand3029-0
412,XIHZUK__ligand11622-0
413,XIHZUK__ligand7162-0
414,XIHZUK__ligand38-0
415,XIHZUK__ligand11814-0
416,XIHZUK__ligand1900-0
417,XIHZUK__ligand9197-0
418,XIHZUK__ligand16603-0
419,XIHZUK__ligand6995-0
420,XIHZUK__ligand2823-0
421,XIHZUK__ligand26277-0
422,XIHZUK__ligand2281-0
423,XIHZUK__ligand2650-0
424,XIHZUK__ligand29898-0
425,XIHZUK__ligand4340-0
426,XIHZUK__ligand34-0
427,XIHZUK__ligand3180-0
428,XIHZUK__ligand22755-0
429,XIHZUK__ligand10432-0
430,XIHZUK__ligand31618-0
431,XIHZUK__ligand11432-0
432,XIHZUK__ligand416-0
433,XIHZUK__ligand383-0
434,XIHZUK__ligand15168-0
435,XIHZUK__ligand5415-0
436,XIHZUK__ligand24064-0
437,XIHZUK__ligand162-0
438,XIHZUK__ligand3471-0
439,XIHZUK__ligand4161-0
440,XIHZUK__ligand4124-0
441,XIHZUK__ligand23589-0
442,XIHZUK__ligand226-0
443,XIHZUK__ligand68-0
444,XIHZUK__ligand29087-0
445,XIHZUK__ligand18703-0
446,XIHZUK__ligand1113-0
447,XIHZUK__ligand8553-0
448,XIHZUK__ligand28924-0
449,XIHZUK__ligand696-0
450,XIHZUK__ligand15438-0
451,XIHZUK__ligand5201-0
452,XIHZUK__ligand24750-0
453,XIHZUK__ligand2001-0
454,XIHZUK__ligand656-0
455,XIHZUK__ligand7566-0
456,XIHZUK__ligand17945-0
457,XIHZUK__ligand18013-0
458,XIHZUK__ligand25224-0
459,XIHZUK__ligand9944-0
460,XIHZUK__ligand55-0
461,XIHZUK__ligand17207-0
462,XIHZUK__ligand31578-0
463,XIHZUK__ligand8593-0
464,XIHZUK__ligand12682-0
465,XIHZUK__ligand18699-0
466,XIHZUK__ligand17240-0
467,XIHZUK__ligand57-0
468,XIHZUK__ligand8529-0
469,XIHZUK__ligand17590-0
470,XIHZUK__ligand1169-0
471,XIHZUK__ligand13072-0
472,XIHZUK__ligand430-0
473,XIHZUK__ligand1154-0
474,XIHZUK__ligand358-0
475,XIHZUK__ligand9615-0
476,XIHZUK__ligand12336-0
477,XIHZUK__ligand488-0
478,XIHZUK__ligand4596-0
479,XIHZUK__ligand1498-0
480,XIHZUK__ligand694-0
481,XIHZUK__ligand24613-0
482,XIHZUK__ligand19725-0
483,XIHZUK__ligand2692-0
484,XIHZUK__ligand1618-0
485,XIHZUK__ligand10555-0
486,XIHZUK__ligand1028-0
487,XIHZUK__ligand31483-0
488,XIHZUK__ligand4262-0
489,XIHZUK__ligand2027-0
490,XIHZUK__ligand670-0
491,XIHZUK__ligand11568-0
492,XIHZUK__ligand1015-0
493,XIHZUK__ligand1050-0
494,XIHZUK__ligand20579-0
495,XIHZUK__ligand17710-0
496,XIHZUK__ligand534-0
497,XIHZUK__ligand571-0
498,XIHZUK__ligand21421-0
499,XIHZUK__ligand11774-0
500,XIHZUK__ligand14586-0
501,XIHZUK__ligand16791-0
502,XIHZUK__ligand9491-0
503,XIHZUK__ligand1400-0
504,XIHZUK__ligand4266-0
505,XIHZUK__ligand199-0
506,XIHZUK__ligand4167-0
507,XIHZUK__ligand28668-0
508,XIHZUK__ligand1288-0
509,XIHZUK__ligand18465-0
510,XIHZUK__ligand18799-0
511,XIHZUK__ligand32-0
512,XIHZUK__ligand7075-0
513,XIHZUK__ligand1149-0
514,XIHZUK__ligand300-0
515,XIHZUK__ligand29863-0
516,XIHZUK__ligand13869-0
517,XIHZUK__ligand3980-0
518,XIHZUK__ligand18074-0
519,XIHZUK__ligand3557-0
520,XIHZUK__ligand6993-0
521,XIHZUK__ligand1817-0
522,XIHZUK__ligand1779-0
523,XIHZUK__ligand29610-0
524,XIHZUK__ligand588-0
525,XIHZUK__ligand9750-0
526,XIHZUK__ligand11140-0
527,XIHZUK__ligand409-0
528,XIHZUK__ligand4063-0
529,XIHZUK__ligand25267-0
530,XIHZUK__ligand361-0
531,XIHZUK__ligand10084-0
532,XIHZUK__ligand324-0
533,XIHZUK__ligand8200-0
534,XIHZUK__ligand7438-0
535,XIHZUK__ligand16-0
536,XIHZUK__ligand12467-0
537,XIHZUK__ligand13257-0
538,XIHZUK__ligand21936-0
539,XIHZUK__ligand3042-0
540,XIHZUK__ligand23904-0
541,XIHZUK__ligand3453-0
542,XIHZUK__ligand3416-0
543,XIHZUK__ligand27074-0
544,XIHZUK__ligand25805-0
545,XIHZUK__ligand4207-0
546,XIHZUK__ligand22981-0
547,XIHZUK__ligand20599-0
548,XIHZUK__ligand1539-0
549,XIHZUK__ligand14523-0
550,XIHZUK__ligand27169-0
551,XIHZUK__ligand1150-0
552,XIHZUK__ligand18391-0
553,XIHZUK__ligand12295-0
554,XIHZUK__ligand1849-0
555,XIHZUK__ligand692-0
556,XIHZUK__ligand27835-0
557,XIHZUK__ligand1152-0
558,XIHZUK__ligand3261-0
559,XIHZUK__ligand25575-0
560,XIHZUK__ligand21787-0
561,XIHZUK__ligand5019-0
562,XIHZUK__ligand25689-0
563,XIHZUK__ligand436-0
564,XIHZUK__ligand91-0
565,XIHZUK__ligand1216-0
566,XIHZUK__ligand30539-0
567,XIHZUK__ligand51-0
568,XIHZUK__ligand326-0
569,XIHZUK__ligand8-0
570,XIHZUK__ligand23906-0
571,XIHZUK__ligand5280-0
572,XIHZUK__ligand5614-0
573,XIHZUK__ligand1831-0
574,XIHZUK__ligand21132-0
575,XIHZUK__ligand5515-0
576,XIHZUK__ligand6663-0
577,XIHZUK__ligand11166-0
578,XIHZUK__ligand1908-0
579,XIHZUK__ligand4795-0
580,XIHZUK__ligand3285-0
581,XIHZUK__ligand497-0
582,XIHZUK__ligand633-0
583,XIHZUK__ligand12519-0
584,XIHZUK__ligand25735-0
585,XIHZUK__ligand1786-0
586,XIHZUK__ligand11206-0
587,XIHZUK__ligand5630-0
588,XIHZUK__ligand23124-0
589,XIHZUK__ligand1397-0
590,XIHZUK__ligand7213-0
591,XIHZUK__ligand1828-0
592,XIHZUK__ligand12660-0
593,XIHZUK__ligand6112-0
594,XIHZUK__ligand19257-0
595,XIHZUK__ligand13209-0
596,XIHZUK__ligand8042-0
597,XIHZUK__ligand31248-0
598,XIHZUK__ligand48-0
599,XIHZUK__ligand25650-0
600,XIHZUK__ligand3144-0
601,XIHZUK__ligand5085-0
602,XIHZUK__ligand4710-0
603,XIHZUK__ligand5755-0
604,XIHZUK__ligand3712-0
605,XIHZUK__ligand1464-0
606,XIHZUK__ligand30333-0
607,XIHZUK__ligand2881-0
608,XIHZUK__ligand12606-0
609,XIHZUK__ligand201-0
610,XIHZUK__ligand1499-0
611,XIHZUK__ligand17281-0
612,XIHZUK__ligand6892-0
613,XIHZUK__ligand30296-0
614,XIHZUK__ligand29410-0
615,XIHZUK__ligand12337-0
616,XIHZUK__ligand1211-0
617,XIHZUK__ligand26540-0
618,XIHZUK__ligand3677-0
619,XIHZUK__ligand20740-0
620,XIHZUK__ligand3632-0
621,XIHZUK__ligand28468-0
622,XIHZUK__ligand12427-0
623,XIHZUK__ligand16628-0
624,XIHZUK__ligand1294-0
625,XIHZUK__ligand321-0
626,XIHZUK__ligand1168-0
627,XIHZUK__ligand185-0
628,XIHZUK__ligand6699-0
629,XIHZUK__ligand279-0
630,XIHZUK__ligand27460-0
631,XIHZUK__ligand178-0
632,XIHZUK__ligand23713-0
633,XIHZUK__ligand2985-0
634,XIHZUK__ligand18832-0
635,XIHZUK__ligand27175-0
636,XIHZUK__ligand4007-0
637,XIHZUK__ligand30988-0
638,XIHZUK__ligand9299-0
639,XIHZUK__ligand7291-0
640,XIHZUK__ligand27893-0
641,XIHZUK__ligand14723-0
642,XIHZUK__ligand19641-0
643,XIHZUK__ligand9883-0
644,XIHZUK__ligand15422-0
645,XIHZUK__ligand3677-1
646,XIHZUK__ligand12934-0
647,XIHZUK__ligand20578-0
648,XIHZUK__ligand9344-0
649,XIHZUK__ligand8000-0
650,XIHZUK__ligand3736-0
651,XIHZUK__ligand31783-0
652,XIHZUK__ligand17258-0
653,XIHZUK__ligand3945-0
654,XIHZUK__ligand14297-0
655,XIHZUK__ligand14603-0
656,XIHZUK__ligand338-0
657,XIHZUK__ligand2693-0
658,XIHZUK__ligand5383-0
659,XIHZUK__ligand26665-0
660,XIHZUK__ligand13012-0
661,XIHZUK__ligand17631-0
662,XIHZUK__ligand6117-0
663,XIHZUK__ligand1407-0
664,XIHZUK__ligand8002-0
665,XIHZUK__ligand5509-0
666,XIHZUK__ligand163-0
667,XIHZUK__ligand126-0
668,XIHZUK__ligand17302-0
669,XIHZUK__ligand17805-0
670,XIHZUK__ligand23769-0
671,XIHZUK__ligand24185-0
672,XIHZUK__ligand25178-0
673,XIHZUK__ligand5080-0
674,XIHZUK__ligand7762-0
675,XIHZUK__ligand24145-0
676,XIHZUK__ligand5304-0
677,XIHZUK__ligand15585-0
678,XIHZUK__ligand9167-0
679,XIHZUK__ligand845-0
680,XIHZUK__ligand12401-0
681,XIHZUK__ligand19830-0
682,XIHZUK__ligand13068-0
683,XIHZUK__ligand10476-0
684,XIHZUK__ligand2238-0
685,XIHZUK__ligand12130-0
686,XIHZUK__ligand17387-0
687,XIHZUK__ligand13658-0
688,XIHZUK__ligand26702-0
689,XIHZUK__ligand12289-0
690,XIHZUK__ligand18292-0
691,XIHZUK__ligand12231-0
692,XIHZUK__ligand7293-0
693,XIHZUK__ligand2822-0
694,XIHZUK__ligand3867-0
695,XIHZUK__ligand1317-0
696,XIHZUK__ligand366-0
697,XIHZUK__ligand2259-0
698,XIHZUK__ligand19057-0
699,XIHZUK__ligand18814-0
700,XIHZUK__ligand1296-0
701,XIHZUK__ligand11-0
702,XIHZUK__ligand8592-0
703,XIHZUK__ligand13425-0
704,XIHZUK__ligand29302-0
705,XIHZUK__ligand5099-0
706,XIHZUK__ligand1197-0
707,XIHZUK__ligand5510-0
708,XIHZUK__ligand1376-0
709,XIHZUK__ligand657-0
710,XIHZUK__ligand9773-0
711,XIHZUK__ligand27763-0
712,XIHZUK__ligand10262-0
713,XIHZUK__ligand187-0
714,XIHZUK__ligand28676-0
715,XIHZUK__ligand12641-0
716,XIHZUK__ligand4101-0
717,XIHZUK__ligand5595-0
718,XIHZUK__ligand596-0
719,XIHZUK__ligand941-0
720,XIHZUK__ligand10958-0
721,XIHZUK__ligand3926-0
722,XIHZUK__ligand69-0
723,XIHZUK__ligand3120-0
724,XIHZUK__ligand14108-0
725,XIHZUK__ligand777-0
726,XIHZUK__ligand4358-0
727,XIHZUK__ligand2221-0
728,XIHZUK__ligand25411-0
729,XIHZUK__ligand5180-0
730,XIHZUK__ligand10712-0
731,XIHZUK__ligand14174-0
732,XIHZUK__ligand6017-0
733,XIHZUK__ligand5708-0
734,XIHZUK__ligand11456-0
735,XIHZUK__ligand7316-0
736,XIHZUK__ligand1116-0
737,XIHZUK__ligand1153-0
738,XIHZUK__ligand3225-0
739,XIHZUK__ligand2260-0
740,XIHZUK__ligand29879-0
741,XIHZUK__ligand14248-0
742,XIHZUK__ligand7092-0
743,XIHZUK__ligand12030-0
744,XIHZUK__ligand2124-0
745,XIHZUK__ligand13331-0
746,XIHZUK__ligand8612-0
747,XIHZUK__ligand28884-0
748,XIHZUK__ligand7172-0
749,XIHZUK__ligand13294-0
750,XIHZUK__ligand693-0
751,XIHZUK__ligand9323-0
752,XIHZUK__ligand7273-0
753,XIHZUK__ligand31832-0
754,XIHZUK__ligand757-0
755,XIHZUK__ligand49-0
756,XIHZUK__ligand2906-0
757,XIHZUK__ligand3244-0
758,XIHZUK__ligand4711-0
759,XIHZUK__ligand27482-0
760,XIHZUK__ligand26810-0
761,XIHZUK__ligand2788-0
762,XIHZUK__ligand5649-0
763,XIHZUK__ligand8793-0
764,XIHZUK__ligand4649-0
765,XIHZUK__ligand13208-0
766,XIHZUK__ligand122-0
767,XIHZUK__ligand9753-0
768,XIHZUK__ligand5530-0
769,XIHZUK__ligand1356-0
770,XIHZUK__ligand1787-0
771,XIHZUK__ligand5159-0
772,XIHZUK__ligand7196-0
773,XIHZUK__ligand20682-0
774,XIHZUK__ligand4807-0
775,XIHZUK__ligand89-0
776,XIHZUK__ligand13390-0
777,XIHZUK__ligand3178-0
778,XIHZUK__ligand20251-0
779,XIHZUK__ligand30702-0
780,XIHZUK__ligand20214-0
781,XIHZUK__ligand20539-0
782,XIHZUK__ligand9450-0
783,XIHZUK__ligand21581-0
784,XIHZUK__ligand31097-0
785,XIHZUK__ligand17261-0
786,XIHZUK__ligand14117-0
787,XIHZUK__ligand2612-0
788,XIHZUK__ligand768-0
789,XIHZUK__ligand1599-0
790,XIHZUK__ligand17118-0
791,XIHZUK__ligand5387-0
792,XIHZUK__ligand21371-0
793,XIHZUK__ligand2203-0
794,XIHZUK__ligand1289-0
795,XIHZUK__ligand20419-0
796,XIHZUK__ligand28789-0
797,XIHZUK__ligand384-0
798,XIHZUK__ligand29568-0
799,XIHZUK__ligand30851-0
800,XIHZUK__ligand14889-0
801,XIHZUK__ligand29414-0
802,XIHZUK__ligand17982-0
803,XIHZUK__ligand9284-0
804,XIHZUK__ligand20011-0
805,XIHZUK__ligand17278-0
806,XIHZUK__ligand3126-0
807,XIHZUK__ligand6391-0
808,XIHZUK__ligand1114-0
809,XIHZUK__ligand17398-0
810,XIHZUK__ligand2417-0
811,XIHZUK__ligand240-0
812,XIHZUK__ligand22557-0
813,XIHZUK__ligand10589-0
814,XIHZUK__ligand24047-0
815,XIHZUK__ligand11675-0
816,XIHZUK__ligand141-0
817,XIHZUK__ligand20598-0
818,XIHZUK__ligand16475-0
819,XIHZUK__ligand14703-0
820,XIHZUK__ligand2043-0
821,XIHZUK__ligand8788-0
822,XIHZUK__ligand1832-0
823,XIHZUK__ligand1604-0
824,XIHZUK__ligand20251-1
825,XIHZUK__ligand9943-0
826,XIHZUK__ligand1228-0
827,XIHZUK__ligand17-0
