,TMC
0,HINREC__ligand383-0
1,HINREC__ligand8032-0
2,HINREC__ligand1858-0
3,HINREC__ligand226-0
4,HINREC__ligand162-0
5,HINREC__ligand5334-0
6,HINREC__ligand2315-0
7,HINREC__ligand1898-0
8,HINREC__ligand3051-0
9,HINREC__ligand4504-0
10,HINREC__ligand2480-0
11,HINREC__ligand1919-0
12,HINREC__ligand2389-0
13,HINREC__ligand1712-0
14,HINREC__ligand4-0
15,HINREC__ligand2110-0
16,HINREC__ligand2916-0
17,HINREC__ligand15630-0
18,HINREC__ligand3579-0
19,HINREC__ligand10357-0
20,HINREC__ligand6-0
21,HINREC__ligand1379-0
22,HINREC__ligand11-0
23,HINREC__ligand430-0
24,HINREC__ligand358-0
25,HINREC__ligand1299-0
26,HINREC__ligand6430-0
27,HINREC__ligand669-0
28,HINREC__ligand1264-0
29,HINREC__ligand1221-0
30,HINREC__ligand2929-0
31,HINREC__ligand278-0
32,HINREC__ligand365-0
33,HINREC__ligand2376-0
34,HINREC__ligand571-0
35,HINREC__ligand118-0
36,HINREC__ligand670-0
37,HINREC__ligand1325-0
38,HINREC__ligand2482-0
39,HINREC__ligand6571-0
40,HINREC__ligand1019-0
41,HINREC__ligand2442-0
42,HINREC__ligand5762-0
43,HINREC__ligand7414-0
44,HINREC__ligand1104-0
45,HINREC__ligand509-0
46,HINREC__ligand1321-0
47,HINREC__ligand49-0
48,HINREC__ligand1178-0
49,HINREC__ligand575-0
50,HINREC__ligand3566-0
51,HINREC__ligand199-0
52,HINREC__ligand927-0
53,HINREC__ligand1788-0
54,HINREC__ligand89-0
55,HINREC__ligand9620-0
56,HINREC__ligand1260-0
57,HINREC__ligand4894-0
58,HINREC__ligand105-0
59,HINREC__ligand140-0
60,HINREC__ligand409-0
61,HINREC__ligand361-0
62,HINREC__ligand324-0
63,HINREC__ligand3337-0
64,HINREC__ligand7514-0
65,HINREC__ligand1449-1
66,HINREC__ligand4811-0
67,HINREC__ligand326-0
68,HINREC__ligand92-0
69,HINREC__ligand1307-0
70,HINREC__ligand821-0
71,HINREC__ligand283-0
72,HINREC__ligand553-0
73,HINREC__ligand206-0
74,HINREC__ligand142-0
75,HINREC__ligand17-0
76,HINREC__ligand436-0
77,HINREC__ligand1246-0
78,HINREC__ligand166-0
79,HINREC__ligand6166-0
80,HINREC__ligand838-0
81,HINREC__ligand497-0
82,HINREC__ligand3853-0
83,HINREC__ligand2853-0
84,HINREC__ligand532-0
85,HINREC__ligand633-0
86,HINREC__ligand2599-0
87,HINREC__ligand5089-0
88,HINREC__ligand918-0
89,HINREC__ligand95-0
90,HINREC__ligand321-0
91,HINREC__ligand178-0
92,HINREC__ligand3196-0
93,HINREC__ligand4012-0
94,HINREC__ligand279-0
95,HINREC__ligand10479-0
96,HINREC__ligand244-0
97,HINREC__ligand201-0
98,HINREC__ligand2915-0
99,HINREC__ligand100-0
100,HINREC__ligand55-0
101,HINREC__ligand124-0
102,HINREC__ligand1690-0
103,HINREC__ligand34-0
104,HINREC__ligand2707-0
105,HINREC__ligand10114-0
106,HINREC__ligand2526-0
107,HINREC__ligand119-0
108,HINREC__ligand1551-0
109,HINREC__ligand10910-0
110,HINREC__ligand4370-0
111,HINREC__ligand3618-0
112,HINREC__ligand2618-0
113,HINREC__ligand126-0
114,HINREC__ligand1436-0
115,HINREC__ligand73-0
116,HINREC__ligand596-0
117,HINREC__ligand2255-0
118,HINREC__ligand14530-0
119,HINREC__ligand4175-0
120,HINREC__ligand57-0
121,HINREC__ligand861-0
122,HINREC__ligand366-0
123,HINREC__ligand1918-0
124,HINREC__ligand187-0
125,HINREC__ligand612-0
126,HINREC__ligand5235-0
127,HINREC__ligand1-0
128,HINREC__ligand6143-0
129,HINREC__ligand4619-0
130,HINREC__ligand3251-0
131,HINREC__ligand9176-0
132,HINREC__ligand1493-0
133,HINREC__ligand3035-0
134,HINREC__ligand3070-0
135,HINREC__ligand2718-0
136,HINREC__ligand5758-0
137,HINREC__ligand3852-0
138,HINREC__ligand3478-0
139,HINREC__ligand797-0
140,HINREC__ligand1818-0
141,HINREC__ligand757-0
142,HINREC__ligand32-0
143,HINREC__ligand7456-0
144,HINREC__ligand384-0
145,HINREC__ligand3890-0
146,HINREC__ligand1907-0
147,HINREC__ligand4423-0
148,HINREC__ligand120-0
149,HINREC__ligand1555-0
150,HINREC__ligand1285-0
151,HINREC__ligand48-0
152,HINREC__ligand7630-0
153,HINREC__ligand29-0
154,HINREC__ligand91-0
155,HINREC__ligand7550-0
156,HINREC__ligand1038-0
157,HINREC__ligand2762-0
158,HINREC__ligand3-0
159,HINREC__ligand51-0
160,HINREC__ligand5093-0
161,HINREC__ligand2954-0
162,HINREC__ligand141-0
163,HINREC__ligand2253-0
164,HINREC__ligand240-0
165,HINREC__ligand1160-0
166,HINREC__ligand314-0
167,HINREC__ligand18-0
168,HINREC__ligand481-0
169,HINREC__ligand1228-0
170,HINREC__ligand9244-0
171,HINREC__ligand1114-0
172,HINREC__ligand170-0
173,HINREC__ligand1538-0
174,HINREC__ligand391-0
175,HINREC__ligand210-0
176,HINREC__ligand3246-0
177,HINREC__ligand1479-0
178,HINREC__ligand1148-0
179,HINREC__ligand6502-0
180,HINREC__ligand2098-0
181,HINREC__ligand86-0
182,HINREC__ligand2863-0
183,HINREC__ligand3178-0
184,HINREC__ligand502-0
185,HINREC__ligand196-0
186,HINREC__ligand6332-0
187,HINREC__ligand113-0
188,HINREC__ligand3145-0
189,HINREC__ligand5548-0
190,HINREC__ligand7915-0
191,HINREC__ligand6686-0
192,HINREC__ligand422-0
193,HINREC__ligand1747-0
194,HINREC__ligand236-0
195,HINREC__ligand2751-0
196,HINREC__ligand62-0
197,HINREC__ligand3041-0
198,HINREC__ligand353-0
199,HINREC__ligand2634-0
200,HINREC__ligand1542-0
201,HINREC__ligand66-0
202,HINREC__ligand447-0
203,HINREC__ligand6277-0
204,HINREC__ligand1951-0
205,HINREC__ligand1687-0
206,HINREC__ligand133-0
207,HINREC__ligand666-0
208,HINREC__ligand522-0
209,HINREC__ligand2688-0
210,HINREC__ligand2259-0
211,HINREC__ligand2768-0
212,HINREC__ligand487-0
213,HINREC__ligand1376-0
214,HINREC__ligand1706-0
215,HINREC__ligand3734-0
216,HINREC__ligand2629-0
217,HINREC__ligand4381-0
218,HINREC__ligand682-0
219,HINREC__ligand40-0
220,HINREC__ligand1171-0
221,HINREC__ligand115-0
222,HINREC__ligand291-0
223,HINREC__ligand5801-0
224,HINREC__ligand1438-0
225,HINREC__ligand38-0
226,HINREC__ligand3063-0
227,HINREC__ligand1544-0
228,HINREC__ligand485-0
229,HINREC__ligand1459-0
230,HINREC__ligand355-0
231,HINREC__ligand784-0
232,HINREC__ligand1048-0
233,HINREC__ligand2087-0
234,HINREC__ligand21-0
235,HINREC__ligand3757-0
236,HINREC__ligand1685-0
237,HINREC__ligand1703-0
238,HINREC__ligand2430-0
239,HINREC__ligand112-0
240,HINREC__ligand2907-0
241,HINREC__ligand8921-0
242,HINREC__ligand2285-0
243,HINREC__ligand296-0
244,HINREC__ligand1567-0
245,HINREC__ligand2510-0
246,HINREC__ligand197-0
247,HINREC__ligand2320-0
248,HINREC__ligand1056-0
249,HINREC__ligand2862-0
250,HINREC__ligand1607-0
251,HINREC__ligand352-0
252,HINREC__ligand783-0
253,HINREC__ligand442-0
254,HINREC__ligand1727-0
255,HINREC__ligand868-0
256,HINREC__ligand136-0
257,HINREC__ligand1152-0
258,HINREC__ligand390-0
259,HINREC__ligand235-0
260,HINREC__ligand932-0
261,HINREC__ligand134-0
262,HINREC__ligand109-0
263,HINREC__ligand3637-0
264,HINREC__ligand560-0
265,HINREC__ligand525-0
266,HINREC__ligand8774-0
267,HINREC__ligand993-0
268,HINREC__ligand1598-0
269,HINREC__ligand294-0
270,HINREC__ligand4303-0
271,HINREC__ligand1248-0
272,HINREC__ligand78-0
273,HINREC__ligand6294-0
274,HINREC__ligand85-0
275,HINREC__ligand331-0
276,HINREC__ligand1054-0
277,HINREC__ligand421-0
278,HINREC__ligand798-0
279,HINREC__ligand45-0
280,HINREC__ligand584-0
281,HINREC__ligand916-0
282,HINREC__ligand7464-0
283,HINREC__ligand370-0
284,HINREC__ligand2864-0
285,HINREC__ligand250-0
286,HINREC__ligand2142-0
287,HINREC__ligand6151-0
288,HINREC__ligand2772-0
289,HINREC__ligand9495-0
290,HINREC__ligand460-0
291,HINREC__ligand6538-0
292,HINREC__ligand188-0
293,HINREC__ligand369-0
294,HINREC__ligand444-0
295,HINREC__ligand5941-0
296,HINREC__ligand2880-0
297,HINREC__ligand2838-0
298,HINREC__ligand3838-0
299,HINREC__ligand1799-0
300,HINREC__ligand311-0
301,HINREC__ligand1169-0
302,HINREC__ligand5022-0
303,HINREC__ligand11730-0
304,HINREC__ligand2345-0
305,HINREC__ligand2794-0
306,HINREC__ligand1835-0
307,HINREC__ligand8-0
308,HINREC__ligand851-0
309,HINREC__ligand4983-0
310,HINREC__ligand1502-0
311,HINREC__ligand909-0
312,HINREC__ligand1113-0
313,HINREC__ligand2265-0
314,HINREC__ligand177-0
315,HINREC__ligand934-0
316,HINREC__ligand6396-0
317,HINREC__ligand67-0
318,HINREC__ligand9027-0
319,HINREC__ligand1273-0
320,HINREC__ligand955-0
321,HINREC__ligand252-0
322,HINREC__ligand830-0
323,HINREC__ligand1052-0
324,HINREC__ligand193-0
