,TMC
0,DEYDIU__ligand5201-0
1,DEYDIU__ligand27550-0
2,DEYDIU__ligand8553-0
3,DEYDIU__ligand18019-1
4,DEYDIU__ligand1113-0
5,DEYDIU__ligand14007-0
6,DEYDIU__ligand11-0
7,DEYDIU__ligand18158-0
8,DEYDIU__ligand69-0
9,DEYDIU__ligand162-0
10,DEYDIU__ligand9944-0
11,DEYDIU__ligand27771-0
12,DEYDIU__ligand8593-0
13,DEYDIU__ligand226-0
14,DEYDIU__ligand29565-0
15,DEYDIU__ligand23682-0
16,DEYDIU__ligand7566-0
17,DEYDIU__ligand416-0
18,DEYDIU__ligand2001-0
19,DEYDIU__ligand20942-1
20,DEYDIU__ligand16956-0
21,DEYDIU__ligand14226-0
22,DEYDIU__ligand21339-0
23,DEYDIU__ligand383-0
24,DEYDIU__ligand17445-0
25,DEYDIU__ligand3180-0
26,DEYDIU__ligand696-0
27,DEYDIU__ligand17069-0
28,DEYDIU__ligand2650-0
29,DEYDIU__ligand2281-0
30,DEYDIU__ligand4340-0
31,DEYDIU__ligand14477-0
32,DEYDIU__ligand2823-0
33,DEYDIU__ligand11798-0
34,DEYDIU__ligand12413-0
35,DEYDIU__ligand29334-0
36,DEYDIU__ligand6995-0
37,DEYDIU__ligand20731-0
38,DEYDIU__ligand22357-0
39,DEYDIU__ligand11758-0
40,DEYDIU__ligand4124-0
41,DEYDIU__ligand3471-0
42,DEYDIU__ligand4161-0
43,DEYDIU__ligand21448-0
44,DEYDIU__ligand11544-0
45,DEYDIU__ligand656-0
46,DEYDIU__ligand11501-0
47,DEYDIU__ligand5415-0
48,DEYDIU__ligand29214-0
49,DEYDIU__ligand4262-0
50,DEYDIU__ligand1028-0
51,DEYDIU__ligand1618-0
52,DEYDIU__ligand2692-0
53,DEYDIU__ligand20557-0
54,DEYDIU__ligand30004-0
55,DEYDIU__ligand25048-0
56,DEYDIU__ligand694-0
57,DEYDIU__ligand21940-0
58,DEYDIU__ligand23445-0
59,DEYDIU__ligand358-0
60,DEYDIU__ligand24953-0
61,DEYDIU__ligand1050-0
62,DEYDIU__ligand430-0
63,DEYDIU__ligand1015-0
64,DEYDIU__ligand488-0
65,DEYDIU__ligand27122-0
66,DEYDIU__ligand20432-0
67,DEYDIU__ligand2027-0
68,DEYDIU__ligand13755-0
69,DEYDIU__ligand16133-0
70,DEYDIU__ligand1169-0
71,DEYDIU__ligand8529-0
72,DEYDIU__ligand30788-0
73,DEYDIU__ligand13691-0
74,DEYDIU__ligand14339-0
75,DEYDIU__ligand21752-0
76,DEYDIU__ligand20844-0
77,DEYDIU__ligand18413-0
78,DEYDIU__ligand1498-0
79,DEYDIU__ligand24624-0
80,DEYDIU__ligand4596-0
81,DEYDIU__ligand18757-0
82,DEYDIU__ligand24560-0
83,DEYDIU__ligand670-0
84,DEYDIU__ligand9615-0
85,DEYDIU__ligand571-0
86,DEYDIU__ligand534-0
87,DEYDIU__ligand1154-0
88,DEYDIU__ligand25658-0
89,DEYDIU__ligand17686-0
90,DEYDIU__ligand31205-0
91,DEYDIU__ligand3042-0
92,DEYDIU__ligand15455-0
93,DEYDIU__ligand199-0
94,DEYDIU__ligand7438-0
95,DEYDIU__ligand8200-0
96,DEYDIU__ligand4063-0
97,DEYDIU__ligand11177-0
98,DEYDIU__ligand1150-0
99,DEYDIU__ligand11622-0
100,DEYDIU__ligand16870-0
101,DEYDIU__ligand17-0
102,DEYDIU__ligand1539-0
103,DEYDIU__ligand588-0
104,DEYDIU__ligand16603-0
105,DEYDIU__ligand4207-0
106,DEYDIU__ligand3416-0
107,DEYDIU__ligand300-0
108,DEYDIU__ligand3453-0
109,DEYDIU__ligand11814-0
110,DEYDIU__ligand31000-0
111,DEYDIU__ligand1288-0
112,DEYDIU__ligand11606-0
113,DEYDIU__ligand324-0
114,DEYDIU__ligand361-0
115,DEYDIU__ligand4167-0
116,DEYDIU__ligand20821-0
117,DEYDIU__ligand409-0
118,DEYDIU__ligand1400-0
119,DEYDIU__ligand4266-0
120,DEYDIU__ligand9491-0
121,DEYDIU__ligand26673-0
122,DEYDIU__ligand19824-0
123,DEYDIU__ligand9750-0
124,DEYDIU__ligand18067-0
125,DEYDIU__ligand1779-0
126,DEYDIU__ligand1817-0
127,DEYDIU__ligand6993-0
128,DEYDIU__ligand10582-0
129,DEYDIU__ligand3557-0
130,DEYDIU__ligand13260-0
131,DEYDIU__ligand3980-0
132,DEYDIU__ligand1149-0
133,DEYDIU__ligand7075-0
134,DEYDIU__ligand11252-0
135,DEYDIU__ligand5630-0
136,DEYDIU__ligand436-0
137,DEYDIU__ligand1786-0
138,DEYDIU__ligand49-0
139,DEYDIU__ligand4795-0
140,DEYDIU__ligand3285-0
141,DEYDIU__ligand1908-0
142,DEYDIU__ligand10151-0
143,DEYDIU__ligand692-0
144,DEYDIU__ligand4710-0
145,DEYDIU__ligand89-0
146,DEYDIU__ligand5755-0
147,DEYDIU__ligand19668-0
148,DEYDIU__ligand3144-0
149,DEYDIU__ligand5085-0
150,DEYDIU__ligand19906-0
151,DEYDIU__ligand8042-0
152,DEYDIU__ligand6112-0
153,DEYDIU__ligand22353-0
154,DEYDIU__ligand1828-0
155,DEYDIU__ligand326-0
156,DEYDIU__ligand1397-0
157,DEYDIU__ligand7213-0
158,DEYDIU__ligand20530-0
159,DEYDIU__ligand11698-0
160,DEYDIU__ligand14302-0
161,DEYDIU__ligand1216-0
162,DEYDIU__ligand13657-0
163,DEYDIU__ligand14347-0
164,DEYDIU__ligand633-0
165,DEYDIU__ligand5019-0
166,DEYDIU__ligand24851-0
167,DEYDIU__ligand3261-0
168,DEYDIU__ligand1152-0
169,DEYDIU__ligand29441-0
170,DEYDIU__ligand10853-0
171,DEYDIU__ligand1849-0
172,DEYDIU__ligand497-0
173,DEYDIU__ligand27610-0
174,DEYDIU__ligand10479-0
175,DEYDIU__ligand11479-0
176,DEYDIU__ligand5515-0
177,DEYDIU__ligand8-0
178,DEYDIU__ligand16952-0
179,DEYDIU__ligand6663-0
180,DEYDIU__ligand29813-0
181,DEYDIU__ligand5614-0
182,DEYDIU__ligand5280-0
183,DEYDIU__ligand1831-0
184,DEYDIU__ligand15387-0
185,DEYDIU__ligand20121-0
186,DEYDIU__ligand20220-0
187,DEYDIU__ligand24111-0
188,DEYDIU__ligand3677-1
189,DEYDIU__ligand9883-0
190,DEYDIU__ligand22444-0
191,DEYDIU__ligand14569-0
192,DEYDIU__ligand7291-0
193,DEYDIU__ligand13385-0
194,DEYDIU__ligand17396-0
195,DEYDIU__ligand9299-0
196,DEYDIU__ligand23175-0
197,DEYDIU__ligand15788-0
198,DEYDIU__ligand2985-0
199,DEYDIU__ligand201-0
200,DEYDIU__ligand4007-0
201,DEYDIU__ligand11587-0
202,DEYDIU__ligand13220-0
203,DEYDIU__ligand279-0
204,DEYDIU__ligand24872-0
205,DEYDIU__ligand185-0
206,DEYDIU__ligand2693-0
207,DEYDIU__ligand5383-0
208,DEYDIU__ligand27840-0
209,DEYDIU__ligand178-0
210,DEYDIU__ligand3945-0
211,DEYDIU__ligand30728-0
212,DEYDIU__ligand3736-0
213,DEYDIU__ligand12001-0
214,DEYDIU__ligand8000-0
215,DEYDIU__ligand321-0
216,DEYDIU__ligand10033-0
217,DEYDIU__ligand9344-0
218,DEYDIU__ligand24644-0
219,DEYDIU__ligand1211-0
220,DEYDIU__ligand22129-0
221,DEYDIU__ligand57-0
222,DEYDIU__ligand12138-0
223,DEYDIU__ligand24780-0
224,DEYDIU__ligand6892-0
225,DEYDIU__ligand11949-0
226,DEYDIU__ligand1499-0
227,DEYDIU__ligand2881-0
228,DEYDIU__ligand25561-0
229,DEYDIU__ligand3712-0
230,DEYDIU__ligand1464-0
231,DEYDIU__ligand29486-0
232,DEYDIU__ligand6699-0
233,DEYDIU__ligand338-0
234,DEYDIU__ligand31694-0
235,DEYDIU__ligand1168-0
236,DEYDIU__ligand17427-0
237,DEYDIU__ligand1294-0
238,DEYDIU__ligand3632-0
239,DEYDIU__ligand3677-0
240,DEYDIU__ligand26529-0
241,DEYDIU__ligand9773-0
242,DEYDIU__ligand5510-0
243,DEYDIU__ligand1376-0
244,DEYDIU__ligand68-0
245,DEYDIU__ligand1197-0
246,DEYDIU__ligand126-0
247,DEYDIU__ligand163-0
248,DEYDIU__ligand5099-0
249,DEYDIU__ligand8592-0
250,DEYDIU__ligand1296-0
251,DEYDIU__ligand11618-0
252,DEYDIU__ligand2259-0
253,DEYDIU__ligand28559-0
254,DEYDIU__ligand26324-0
255,DEYDIU__ligand14043-0
256,DEYDIU__ligand2221-0
257,DEYDIU__ligand55-0
258,DEYDIU__ligand19927-0
259,DEYDIU__ligand4358-0
260,DEYDIU__ligand3120-0
261,DEYDIU__ligand3926-0
262,DEYDIU__ligand845-0
263,DEYDIU__ligand21729-0
264,DEYDIU__ligand4101-0
265,DEYDIU__ligand27239-0
266,DEYDIU__ligand5595-0
267,DEYDIU__ligand657-0
268,DEYDIU__ligand7762-0
269,DEYDIU__ligand5080-0
270,DEYDIU__ligand34-0
271,DEYDIU__ligand29215-0
272,DEYDIU__ligand187-0
273,DEYDIU__ligand366-0
274,DEYDIU__ligand21399-0
275,DEYDIU__ligand10872-0
276,DEYDIU__ligand5509-0
277,DEYDIU__ligand8002-0
278,DEYDIU__ligand26631-0
279,DEYDIU__ligand16148-0
280,DEYDIU__ligand6117-0
281,DEYDIU__ligand1407-0
282,DEYDIU__ligand12003-0
283,DEYDIU__ligand2822-0
284,DEYDIU__ligand7293-0
285,DEYDIU__ligand1317-0
286,DEYDIU__ligand777-0
287,DEYDIU__ligand3867-0
288,DEYDIU__ligand22403-0
289,DEYDIU__ligand16369-0
290,DEYDIU__ligand2238-0
291,DEYDIU__ligand28540-0
292,DEYDIU__ligand11111-0
293,DEYDIU__ligand9167-0
294,DEYDIU__ligand27754-0
295,DEYDIU__ligand20695-0
296,DEYDIU__ligand5304-0
297,DEYDIU__ligand941-0
298,DEYDIU__ligand596-0
299,DEYDIU__ligand10371-0
300,DEYDIU__ligand8793-0
301,DEYDIU__ligand5649-0
302,DEYDIU__ligand2788-0
303,DEYDIU__ligand4649-0
304,DEYDIU__ligand4711-0
305,DEYDIU__ligand3244-0
306,DEYDIU__ligand28685-0
307,DEYDIU__ligand18568-0
308,DEYDIU__ligand13672-0
309,DEYDIU__ligand2906-0
310,DEYDIU__ligand3178-0
311,DEYDIU__ligand48-0
312,DEYDIU__ligand19184-0
313,DEYDIU__ligand4807-0
314,DEYDIU__ligand693-0
315,DEYDIU__ligand18448-0
316,DEYDIU__ligand7196-0
317,DEYDIU__ligand12453-0
318,DEYDIU__ligand28459-0
319,DEYDIU__ligand5159-0
320,DEYDIU__ligand5530-0
321,DEYDIU__ligand1787-0
322,DEYDIU__ligand1356-0
323,DEYDIU__ligand9753-0
324,DEYDIU__ligand7316-0
325,DEYDIU__ligand91-0
326,DEYDIU__ligand5708-0
327,DEYDIU__ligand122-0
328,DEYDIU__ligand6017-0
329,DEYDIU__ligand30142-0
330,DEYDIU__ligand5180-0
331,DEYDIU__ligand27669-0
332,DEYDIU__ligand757-0
333,DEYDIU__ligand14167-0
334,DEYDIU__ligand13477-0
335,DEYDIU__ligand7273-0
336,DEYDIU__ligand9323-0
337,DEYDIU__ligand7172-0
338,DEYDIU__ligand27285-0
339,DEYDIU__ligand29029-0
340,DEYDIU__ligand8612-0
341,DEYDIU__ligand51-0
342,DEYDIU__ligand2124-0
343,DEYDIU__ligand23197-0
344,DEYDIU__ligand1153-0
345,DEYDIU__ligand3225-0
346,DEYDIU__ligand1116-0
347,DEYDIU__ligand7092-0
348,DEYDIU__ligand2260-0
349,DEYDIU__ligand768-0
350,DEYDIU__ligand13862-0
351,DEYDIU__ligand11357-0
352,DEYDIU__ligand15531-0
353,DEYDIU__ligand28743-0
354,DEYDIU__ligand10056-0
355,DEYDIU__ligand12365-0
356,DEYDIU__ligand2417-0
357,DEYDIU__ligand21919-0
358,DEYDIU__ligand1114-0
359,DEYDIU__ligand6391-0
360,DEYDIU__ligand3126-0
361,DEYDIU__ligand28930-0
362,DEYDIU__ligand22168-0
363,DEYDIU__ligand22294-0
364,DEYDIU__ligand16-0
365,DEYDIU__ligand9284-0
366,DEYDIU__ligand1228-0
367,DEYDIU__ligand9943-0
368,DEYDIU__ligand15883-0
369,DEYDIU__ligand11970-0
370,DEYDIU__ligand1604-0
371,DEYDIU__ligand15926-0
372,DEYDIU__ligand8788-0
373,DEYDIU__ligand1832-0
374,DEYDIU__ligand19792-0
375,DEYDIU__ligand10828-0
376,DEYDIU__ligand2043-0
377,DEYDIU__ligand28810-0
378,DEYDIU__ligand384-0
379,DEYDIU__ligand11447-0
380,DEYDIU__ligand11096-0
381,DEYDIU__ligand24230-0
382,DEYDIU__ligand240-0
383,DEYDIU__ligand1599-0
384,DEYDIU__ligand2612-0
385,DEYDIU__ligand11682-0
386,DEYDIU__ligand141-0
387,DEYDIU__ligand30711-0
388,DEYDIU__ligand20207-0
389,DEYDIU__ligand9450-0
390,DEYDIU__ligand16988-0
391,DEYDIU__ligand25913-0
392,DEYDIU__ligand14614-0
393,DEYDIU__ligand16663-0
394,DEYDIU__ligand32-0
395,DEYDIU__ligand31842-0
396,DEYDIU__ligand31044-0
397,DEYDIU__ligand11994-0
398,DEYDIU__ligand24035-0
399,DEYDIU__ligand1289-0
400,DEYDIU__ligand2203-0
401,DEYDIU__ligand5387-0
402,DEYDIU__ligand29302-0
403,DEYDIU__ligand13425-0
404,DEYDIU__ligand4503-0
405,DEYDIU__ligand391-0
406,DEYDIU__ligand4546-0
407,DEYDIU__ligand18814-0
408,DEYDIU__ligand19057-0
409,DEYDIU__ligand27763-0
410,DEYDIU__ligand8115-0
411,DEYDIU__ligand618-0
412,DEYDIU__ligand6768-0
413,DEYDIU__ligand1982-0
414,DEYDIU__ligand7000-0
415,DEYDIU__ligand10262-0
416,DEYDIU__ligand28676-0
417,DEYDIU__ligand1285-0
418,DEYDIU__ligand2232-0
419,DEYDIU__ligand10958-0
420,DEYDIU__ligand2176-0
421,DEYDIU__ligand12641-0
422,DEYDIU__ligand9291-0
423,DEYDIU__ligand9833-0
424,DEYDIU__ligand8876-0
425,DEYDIU__ligand2828-0
426,DEYDIU__ligand7648-0
427,DEYDIU__ligand5256-0
428,DEYDIU__ligand813-0
429,DEYDIU__ligand14108-0
430,DEYDIU__ligand314-0
431,DEYDIU__ligand4157-0
432,DEYDIU__ligand780-0
433,DEYDIU__ligand314-1
434,DEYDIU__ligand17805-0
435,DEYDIU__ligand4093-0
436,DEYDIU__ligand4442-0
437,DEYDIU__ligand3954-0
438,DEYDIU__ligand9520-0
439,DEYDIU__ligand17302-0
440,DEYDIU__ligand8699-0
441,DEYDIU__ligand1160-0
442,DEYDIU__ligand25178-0
443,DEYDIU__ligand9784-0
444,DEYDIU__ligand1451-0
445,DEYDIU__ligand23769-0
446,DEYDIU__ligand4272-0
447,DEYDIU__ligand24185-0
448,DEYDIU__ligand7629-0
449,DEYDIU__ligand19830-0
450,DEYDIU__ligand13068-0
451,DEYDIU__ligand1790-0
452,DEYDIU__ligand1304-0
453,DEYDIU__ligand7280-0
454,DEYDIU__ligand10476-0
455,DEYDIU__ligand7238-0
456,DEYDIU__ligand24145-0
457,DEYDIU__ligand465-0
458,DEYDIU__ligand15585-0
459,DEYDIU__ligand12401-0
460,DEYDIU__ligand4016-0
461,DEYDIU__ligand12231-0
462,DEYDIU__ligand17387-0
463,DEYDIU__ligand7867-0
464,DEYDIU__ligand12130-0
465,DEYDIU__ligand12289-0
466,DEYDIU__ligand18292-0
467,DEYDIU__ligand13658-0
468,DEYDIU__ligand6709-0
469,DEYDIU__ligand1219-0
470,DEYDIU__ligand26702-0
471,DEYDIU__ligand422-0
472,DEYDIU__ligand4661-0
473,DEYDIU__ligand1844-0
474,DEYDIU__ligand30988-0
475,DEYDIU__ligand3035-0
476,DEYDIU__ligand1343-0
477,DEYDIU__ligand3876-0
478,DEYDIU__ligand6616-0
479,DEYDIU__ligand18832-0
480,DEYDIU__ligand27175-0
481,DEYDIU__ligand3718-0
482,DEYDIU__ligand23713-0
483,DEYDIU__ligand9935-0
484,DEYDIU__ligand19641-0
485,DEYDIU__ligand1536-0
486,DEYDIU__ligand1573-0
487,DEYDIU__ligand15422-0
488,DEYDIU__ligand12934-0
489,DEYDIU__ligand20578-0
490,DEYDIU__ligand18-0
491,DEYDIU__ligand27893-0
492,DEYDIU__ligand1959-0
493,DEYDIU__ligand686-0
494,DEYDIU__ligand14723-0
495,DEYDIU__ligand3504-0
496,DEYDIU__ligand196-0
497,DEYDIU__ligand31783-0
498,DEYDIU__ligand9908-0
499,DEYDIU__ligand1263-0
500,DEYDIU__ligand26665-0
501,DEYDIU__ligand17631-0
502,DEYDIU__ligand7106-0
503,DEYDIU__ligand13012-0
504,DEYDIU__ligand17258-0
505,DEYDIU__ligand7242-0
506,DEYDIU__ligand14297-0
507,DEYDIU__ligand14603-0
508,DEYDIU__ligand6839-0
509,DEYDIU__ligand8969-0
510,DEYDIU__ligand12606-0
511,DEYDIU__ligand3937-0
512,DEYDIU__ligand1202-0
513,DEYDIU__ligand3174-0
514,DEYDIU__ligand3131-0
515,DEYDIU__ligand30333-0
516,DEYDIU__ligand4720-0
517,DEYDIU__ligand12337-0
518,DEYDIU__ligand29410-0
519,DEYDIU__ligand353-0
520,DEYDIU__ligand4155-0
521,DEYDIU__ligand3094-0
522,DEYDIU__ligand26540-0
523,DEYDIU__ligand5211-0
524,DEYDIU__ligand17281-0
525,DEYDIU__ligand30296-0
526,DEYDIU__ligand6919-0
527,DEYDIU__ligand16628-0
528,DEYDIU__ligand3852-0
529,DEYDIU__ligand393-0
530,DEYDIU__ligand2485-0
531,DEYDIU__ligand28468-0
532,DEYDIU__ligand20740-0
533,DEYDIU__ligand12427-0
534,DEYDIU__ligand3565-0
535,DEYDIU__ligand27460-0
536,DEYDIU__ligand1512-0
537,DEYDIU__ligand5331-0
538,DEYDIU__ligand7126-0
539,DEYDIU__ligand487-0
540,DEYDIU__ligand8835-0
541,DEYDIU__ligand2028-0
542,DEYDIU__ligand17982-0
543,DEYDIU__ligand29414-0
544,DEYDIU__ligand20011-0
545,DEYDIU__ligand17278-0
546,DEYDIU__ligand24047-0
547,DEYDIU__ligand10589-0
548,DEYDIU__ligand22557-0
549,DEYDIU__ligand20598-0
550,DEYDIU__ligand11675-0
551,DEYDIU__ligand3234-0
552,DEYDIU__ligand1142-0
553,DEYDIU__ligand17398-0
554,DEYDIU__ligand176-0
555,DEYDIU__ligand38-0
556,DEYDIU__ligand16475-0
557,DEYDIU__ligand14703-0
558,DEYDIU__ligand4641-0
559,DEYDIU__ligand447-0
560,DEYDIU__ligand20251-1
561,DEYDIU__ligand746-0
562,DEYDIU__ligand21581-0
563,DEYDIU__ligand31097-0
564,DEYDIU__ligand20251-0
565,DEYDIU__ligand30702-0
566,DEYDIU__ligand20214-0
567,DEYDIU__ligand152-0
568,DEYDIU__ligand6067-0
569,DEYDIU__ligand1577-0
570,DEYDIU__ligand20539-0
571,DEYDIU__ligand2295-0
572,DEYDIU__ligand4620-0
573,DEYDIU__ligand14117-0
574,DEYDIU__ligand17261-0
575,DEYDIU__ligand28789-0
576,DEYDIU__ligand3465-0
577,DEYDIU__ligand21371-0
578,DEYDIU__ligand1-0
579,DEYDIU__ligand17118-0
580,DEYDIU__ligand20419-0
581,DEYDIU__ligand6596-0
582,DEYDIU__ligand6904-0
583,DEYDIU__ligand3721-0
584,DEYDIU__ligand6102-0
585,DEYDIU__ligand2917-0
586,DEYDIU__ligand14889-0
587,DEYDIU__ligand7819-0
588,DEYDIU__ligand30851-0
589,DEYDIU__ligand506-0
590,DEYDIU__ligand29568-0
591,DEYDIU__ligand833-0
592,DEYDIU__ligand1378-0
593,DEYDIU__ligand3-0
594,DEYDIU__ligand6244-0
595,DEYDIU__ligand13208-0
596,DEYDIU__ligand26810-0
597,DEYDIU__ligand27482-0
598,DEYDIU__ligand66-0
599,DEYDIU__ligand2915-0
600,DEYDIU__ligand3156-0
601,DEYDIU__ligand1530-0
602,DEYDIU__ligand115-0
603,DEYDIU__ligand1575-0
604,DEYDIU__ligand20682-0
605,DEYDIU__ligand9933-0
606,DEYDIU__ligand1631-0
607,DEYDIU__ligand9441-0
608,DEYDIU__ligand2332-0
609,DEYDIU__ligand13390-0
610,DEYDIU__ligand1615-0
611,DEYDIU__ligand5036-0
612,DEYDIU__ligand2526-0
613,DEYDIU__ligand25411-0
614,DEYDIU__ligand9111-0
615,DEYDIU__ligand9952-0
616,DEYDIU__ligand11456-0
617,DEYDIU__ligand395-0
618,DEYDIU__ligand1324-0
619,DEYDIU__ligand8721-0
620,DEYDIU__ligand1823-0
621,DEYDIU__ligand14174-0
622,DEYDIU__ligand10712-0
623,DEYDIU__ligand5643-0
624,DEYDIU__ligand368-0
625,DEYDIU__ligand1018-0
626,DEYDIU__ligand28884-0
627,DEYDIU__ligand4116-0
628,DEYDIU__ligand13331-0
629,DEYDIU__ligand784-0
630,DEYDIU__ligand29879-0
631,DEYDIU__ligand14248-0
632,DEYDIU__ligand7967-0
633,DEYDIU__ligand12030-0
634,DEYDIU__ligand3707-0
635,DEYDIU__ligand6124-0
636,DEYDIU__ligand13294-0
637,DEYDIU__ligand31832-0
638,DEYDIU__ligand9601-0
639,DEYDIU__ligand42-0
640,DEYDIU__ligand8992-0
641,DEYDIU__ligand19725-0
642,DEYDIU__ligand4-0
643,DEYDIU__ligand7107-0
644,DEYDIU__ligand24613-0
645,DEYDIU__ligand3215-0
646,DEYDIU__ligand197-0
647,DEYDIU__ligand10555-0
648,DEYDIU__ligand31483-0
649,DEYDIU__ligand24-0
650,DEYDIU__ligand11568-0
651,DEYDIU__ligand6062-0
652,DEYDIU__ligand19-0
653,DEYDIU__ligand20579-0
654,DEYDIU__ligand17710-0
655,DEYDIU__ligand4738-0
656,DEYDIU__ligand4813-0
657,DEYDIU__ligand5813-0
658,DEYDIU__ligand11774-0
659,DEYDIU__ligand14586-0
660,DEYDIU__ligand6283-0
661,DEYDIU__ligand21421-0
662,DEYDIU__ligand12682-0
663,DEYDIU__ligand18699-0
664,DEYDIU__ligand4330-0
665,DEYDIU__ligand78-0
666,DEYDIU__ligand2599-0
667,DEYDIU__ligand868-0
668,DEYDIU__ligand4194-0
669,DEYDIU__ligand17590-0
670,DEYDIU__ligand17240-0
671,DEYDIU__ligand7532-0
672,DEYDIU__ligand12336-0
673,DEYDIU__ligand352-0
674,DEYDIU__ligand783-0
675,DEYDIU__ligand7925-0
676,DEYDIU__ligand13072-0
677,DEYDIU__ligand2068-0
678,DEYDIU__ligand45-0
679,DEYDIU__ligand3973-0
680,DEYDIU__ligand1147-0
681,DEYDIU__ligand18703-0
682,DEYDIU__ligand2403-0
683,DEYDIU__ligand29087-0
684,DEYDIU__ligand6455-0
685,DEYDIU__ligand560-0
686,DEYDIU__ligand6882-0
687,DEYDIU__ligand28924-0
688,DEYDIU__ligand3934-0
689,DEYDIU__ligand15438-0
690,DEYDIU__ligand4332-0
691,DEYDIU__ligand134-0
692,DEYDIU__ligand24750-0
693,DEYDIU__ligand9681-0
694,DEYDIU__ligand235-0
695,DEYDIU__ligand1065-0
696,DEYDIU__ligand31578-0
697,DEYDIU__ligand7530-0
698,DEYDIU__ligand17207-0
699,DEYDIU__ligand3012-0
700,DEYDIU__ligand17945-0
701,DEYDIU__ligand25224-0
702,DEYDIU__ligand18013-0
703,DEYDIU__ligand1449-0
704,DEYDIU__ligand685-0
705,DEYDIU__ligand5483-0
706,DEYDIU__ligand5316-0
707,DEYDIU__ligand22755-0
708,DEYDIU__ligand31618-0
709,DEYDIU__ligand11432-0
710,DEYDIU__ligand2830-0
711,DEYDIU__ligand10432-0
712,DEYDIU__ligand26277-0
713,DEYDIU__ligand29898-0
714,DEYDIU__ligand1729-0
715,DEYDIU__ligand421-0
716,DEYDIU__ligand5627-0
717,DEYDIU__ligand15168-0
718,DEYDIU__ligand7529-0
719,DEYDIU__ligand6946-0
720,DEYDIU__ligand1415-0
721,DEYDIU__ligand9148-0
722,DEYDIU__ligand294-0
723,DEYDIU__ligand23589-0
724,DEYDIU__ligand24064-0
725,DEYDIU__ligand1768-0
726,DEYDIU__ligand1469-0
727,DEYDIU__ligand3871-0
728,DEYDIU__ligand11206-0
729,DEYDIU__ligand3647-0
730,DEYDIU__ligand5357-0
731,DEYDIU__ligand1688-0
732,DEYDIU__ligand23124-0
733,DEYDIU__ligand4850-0
734,DEYDIU__ligand250-0
735,DEYDIU__ligand5056-0
736,DEYDIU__ligand12519-0
737,DEYDIU__ligand25735-0
738,DEYDIU__ligand13209-0
739,DEYDIU__ligand9525-0
740,DEYDIU__ligand19257-0
741,DEYDIU__ligand1165-0
742,DEYDIU__ligand67-0
743,DEYDIU__ligand12660-0
744,DEYDIU__ligand3157-0
745,DEYDIU__ligand2722-0
746,DEYDIU__ligand1379-0
747,DEYDIU__ligand5935-0
748,DEYDIU__ligand370-0
749,DEYDIU__ligand31248-0
750,DEYDIU__ligand25650-0
751,DEYDIU__ligand12295-0
752,DEYDIU__ligand620-0
753,DEYDIU__ligand370-1
754,DEYDIU__ligand43-0
755,DEYDIU__ligand27835-0
756,DEYDIU__ligand564-0
757,DEYDIU__ligand5849-0
758,DEYDIU__ligand479-0
759,DEYDIU__ligand4911-0
760,DEYDIU__ligand785-0
761,DEYDIU__ligand1771-0
762,DEYDIU__ligand311-0
763,DEYDIU__ligand21787-0
764,DEYDIU__ligand25575-0
765,DEYDIU__ligand25689-0
766,DEYDIU__ligand3392-0
767,DEYDIU__ligand30539-0
768,DEYDIU__ligand8349-0
769,DEYDIU__ligand8464-0
770,DEYDIU__ligand1709-0
771,DEYDIU__ligand21132-0
772,DEYDIU__ligand188-0
773,DEYDIU__ligand11166-0
774,DEYDIU__ligand2527-0
775,DEYDIU__ligand23906-0
776,DEYDIU__ligand3350-0
777,DEYDIU__ligand2781-0
778,DEYDIU__ligand12467-0
779,DEYDIU__ligand7573-0
780,DEYDIU__ligand25267-0
781,DEYDIU__ligand8722-0
782,DEYDIU__ligand1327-0
783,DEYDIU__ligand9809-0
784,DEYDIU__ligand6672-0
785,DEYDIU__ligand10084-0
786,DEYDIU__ligand177-0
787,DEYDIU__ligand23904-0
788,DEYDIU__ligand13257-0
789,DEYDIU__ligand2208-0
790,DEYDIU__ligand21936-0
791,DEYDIU__ligand3208-0
792,DEYDIU__ligand9197-0
793,DEYDIU__ligand25805-0
794,DEYDIU__ligand22981-0
795,DEYDIU__ligand20599-0
796,DEYDIU__ligand1900-0
797,DEYDIU__ligand909-0
798,DEYDIU__ligand27074-0
799,DEYDIU__ligand7162-0
800,DEYDIU__ligand27169-0
801,DEYDIU__ligand14523-0
802,DEYDIU__ligand3029-0
803,DEYDIU__ligand18391-0
804,DEYDIU__ligand4581-0
805,DEYDIU__ligand1773-0
806,DEYDIU__ligand2328-0
807,DEYDIU__ligand5892-0
808,DEYDIU__ligand5094-0
809,DEYDIU__ligand28668-0
810,DEYDIU__ligand16791-0
811,DEYDIU__ligand193-0
812,DEYDIU__ligand18465-0
813,DEYDIU__ligand18799-0
814,DEYDIU__ligand1712-0
815,DEYDIU__ligand372-0
816,DEYDIU__ligand4131-0
817,DEYDIU__ligand830-0
818,DEYDIU__ligand29863-0
819,DEYDIU__ligand18074-0
820,DEYDIU__ligand13869-0
821,DEYDIU__ligand1496-0
822,DEYDIU__ligand7557-0
823,DEYDIU__ligand252-0
824,DEYDIU__ligand11140-0
825,DEYDIU__ligand116-0
826,DEYDIU__ligand1533-0
827,DEYDIU__ligand29610-0
