,TMC
0,ZESWOJ__ligand26277-0
1,ZESWOJ__ligand29898-0
2,ZESWOJ__ligand10432-0
3,ZESWOJ__ligand31618-0
4,ZESWOJ__ligand11432-0
5,ZESWOJ__ligand2527-0
6,ZESWOJ__ligand22755-0
7,ZESWOJ__ligand8349-0
8,ZESWOJ__ligand1709-0
9,ZESWOJ__ligand8464-0
10,ZESWOJ__ligand240-0
11,ZESWOJ__ligand3392-0
12,ZESWOJ__ligand24064-0
13,ZESWOJ__ligand23589-0
14,ZESWOJ__ligand1771-0
15,ZESWOJ__ligand141-0
16,ZESWOJ__ligand4911-0
17,ZESWOJ__ligand5849-0
18,ZESWOJ__ligand15168-0
19,ZESWOJ__ligand15438-0
20,ZESWOJ__ligand5935-0
21,ZESWOJ__ligand28924-0
22,ZESWOJ__ligand2722-0
23,ZESWOJ__ligand1379-0
24,ZESWOJ__ligand29087-0
25,ZESWOJ__ligand3157-0
26,ZESWOJ__ligand9525-0
27,ZESWOJ__ligand384-0
28,ZESWOJ__ligand18703-0
29,ZESWOJ__ligand1165-0
30,ZESWOJ__ligand5056-0
31,ZESWOJ__ligand25224-0
32,ZESWOJ__ligand18013-0
33,ZESWOJ__ligand4850-0
34,ZESWOJ__ligand17-0
35,ZESWOJ__ligand768-0
36,ZESWOJ__ligand17945-0
37,ZESWOJ__ligand5357-0
38,ZESWOJ__ligand3647-0
39,ZESWOJ__ligand1688-0
40,ZESWOJ__ligand17207-0
41,ZESWOJ__ligand31578-0
42,ZESWOJ__ligand1469-0
43,ZESWOJ__ligand24750-0
44,ZESWOJ__ligand3871-0
45,ZESWOJ__ligand1768-0
46,ZESWOJ__ligand17240-0
47,ZESWOJ__ligand1533-0
48,ZESWOJ__ligand17590-0
49,ZESWOJ__ligand7557-0
50,ZESWOJ__ligand1496-0
51,ZESWOJ__ligand12682-0
52,ZESWOJ__ligand18699-0
53,ZESWOJ__ligand122-0
54,ZESWOJ__ligand4131-0
55,ZESWOJ__ligand1712-0
56,ZESWOJ__ligand757-0
57,ZESWOJ__ligand13072-0
58,ZESWOJ__ligand5094-0
59,ZESWOJ__ligand5892-0
60,ZESWOJ__ligand12336-0
61,ZESWOJ__ligand1773-0
62,ZESWOJ__ligand4581-0
63,ZESWOJ__ligand31483-0
64,ZESWOJ__ligand2328-0
65,ZESWOJ__ligand10555-0
66,ZESWOJ__ligand693-0
67,ZESWOJ__ligand7162-0
68,ZESWOJ__ligand3029-0
69,ZESWOJ__ligand24613-0
70,ZESWOJ__ligand9197-0
71,ZESWOJ__ligand1900-0
72,ZESWOJ__ligand49-0
73,ZESWOJ__ligand19725-0
74,ZESWOJ__ligand21421-0
75,ZESWOJ__ligand3208-0
76,ZESWOJ__ligand2208-0
77,ZESWOJ__ligand89-0
78,ZESWOJ__ligand11774-0
79,ZESWOJ__ligand14586-0
80,ZESWOJ__ligand8722-0
81,ZESWOJ__ligand6672-0
82,ZESWOJ__ligand9809-0
83,ZESWOJ__ligand1327-0
84,ZESWOJ__ligand20579-0
85,ZESWOJ__ligand17710-0
86,ZESWOJ__ligand7573-0
87,ZESWOJ__ligand11568-0
88,ZESWOJ__ligand2781-0
89,ZESWOJ__ligand3350-0
90,ZESWOJ__ligand777-0
91,ZESWOJ__ligand1147-0
92,ZESWOJ__ligand18799-0
93,ZESWOJ__ligand18465-0
94,ZESWOJ__ligand3973-0
95,ZESWOJ__ligand7925-0
96,ZESWOJ__ligand2068-0
97,ZESWOJ__ligand16791-0
98,ZESWOJ__ligand941-0
99,ZESWOJ__ligand596-0
100,ZESWOJ__ligand28668-0
101,ZESWOJ__ligand29610-0
102,ZESWOJ__ligand7532-0
103,ZESWOJ__ligand657-0
104,ZESWOJ__ligand11140-0
105,ZESWOJ__ligand187-0
106,ZESWOJ__ligand4194-0
107,ZESWOJ__ligand366-0
108,ZESWOJ__ligand4330-0
109,ZESWOJ__ligand2599-0
110,ZESWOJ__ligand13869-0
111,ZESWOJ__ligand18074-0
112,ZESWOJ__ligand29863-0
113,ZESWOJ__ligand21936-0
114,ZESWOJ__ligand6283-0
115,ZESWOJ__ligand13257-0
116,ZESWOJ__ligand23904-0
117,ZESWOJ__ligand4738-0
118,ZESWOJ__ligand10084-0
119,ZESWOJ__ligand11-0
120,ZESWOJ__ligand5813-0
121,ZESWOJ__ligand4813-0
122,ZESWOJ__ligand25267-0
123,ZESWOJ__ligand845-0
124,ZESWOJ__ligand12467-0
125,ZESWOJ__ligand6062-0
126,ZESWOJ__ligand18391-0
127,ZESWOJ__ligand3215-0
128,ZESWOJ__ligand69-0
129,ZESWOJ__ligand14523-0
130,ZESWOJ__ligand27169-0
131,ZESWOJ__ligand126-0
132,ZESWOJ__ligand27074-0
133,ZESWOJ__ligand163-0
134,ZESWOJ__ligand20599-0
135,ZESWOJ__ligand25805-0
136,ZESWOJ__ligand22981-0
137,ZESWOJ__ligand7107-0
138,ZESWOJ__ligand25689-0
139,ZESWOJ__ligand25575-0
140,ZESWOJ__ligand21787-0
141,ZESWOJ__ligand338-0
142,ZESWOJ__ligand9148-0
143,ZESWOJ__ligand1415-0
144,ZESWOJ__ligand6946-0
145,ZESWOJ__ligand27835-0
146,ZESWOJ__ligand7529-0
147,ZESWOJ__ligand12295-0
148,ZESWOJ__ligand1729-0
149,ZESWOJ__ligand5627-0
150,ZESWOJ__ligand23906-0
151,ZESWOJ__ligand11166-0
152,ZESWOJ__ligand21132-0
153,ZESWOJ__ligand2830-0
154,ZESWOJ__ligand5316-0
155,ZESWOJ__ligand30539-0
156,ZESWOJ__ligand4-0
157,ZESWOJ__ligand5483-0
158,ZESWOJ__ligand3012-0
159,ZESWOJ__ligand12519-0
160,ZESWOJ__ligand185-0
161,ZESWOJ__ligand25735-0
162,ZESWOJ__ligand279-0
163,ZESWOJ__ligand1449-0
164,ZESWOJ__ligand7530-0
165,ZESWOJ__ligand23124-0
166,ZESWOJ__ligand1065-0
167,ZESWOJ__ligand178-0
168,ZESWOJ__ligand11206-0
169,ZESWOJ__ligand9681-0
170,ZESWOJ__ligand4332-0
171,ZESWOJ__ligand321-0
172,ZESWOJ__ligand3934-0
173,ZESWOJ__ligand25650-0
174,ZESWOJ__ligand31248-0
175,ZESWOJ__ligand6882-0
176,ZESWOJ__ligand6455-0
177,ZESWOJ__ligand12660-0
178,ZESWOJ__ligand2403-0
179,ZESWOJ__ligand201-0
180,ZESWOJ__ligand13209-0
181,ZESWOJ__ligand19257-0
182,ZESWOJ__ligand30296-0
183,ZESWOJ__ligand17281-0
184,ZESWOJ__ligand26540-0
185,ZESWOJ__ligand2917-0
186,ZESWOJ__ligand29410-0
187,ZESWOJ__ligand7819-0
188,ZESWOJ__ligand91-0
189,ZESWOJ__ligand12337-0
190,ZESWOJ__ligand6102-0
191,ZESWOJ__ligand3721-0
192,ZESWOJ__ligand6904-0
193,ZESWOJ__ligand30333-0
194,ZESWOJ__ligand6596-0
195,ZESWOJ__ligand12606-0
196,ZESWOJ__ligand3465-0
197,ZESWOJ__ligand633-0
198,ZESWOJ__ligand4620-0
199,ZESWOJ__ligand27460-0
200,ZESWOJ__ligand12427-0
201,ZESWOJ__ligand2295-0
202,ZESWOJ__ligand1577-0
203,ZESWOJ__ligand6067-0
204,ZESWOJ__ligand28468-0
205,ZESWOJ__ligand20740-0
206,ZESWOJ__ligand51-0
207,ZESWOJ__ligand3-0
208,ZESWOJ__ligand16628-0
209,ZESWOJ__ligand497-0
210,ZESWOJ__ligand14723-0
211,ZESWOJ__ligand27893-0
212,ZESWOJ__ligand15422-0
213,ZESWOJ__ligand12934-0
214,ZESWOJ__ligand20578-0
215,ZESWOJ__ligand19641-0
216,ZESWOJ__ligand4641-0
217,ZESWOJ__ligand23713-0
218,ZESWOJ__ligand18832-0
219,ZESWOJ__ligand27175-0
220,ZESWOJ__ligand326-0
221,ZESWOJ__ligand30988-0
222,ZESWOJ__ligand14297-0
223,ZESWOJ__ligand14603-0
224,ZESWOJ__ligand436-0
225,ZESWOJ__ligand17258-0
226,ZESWOJ__ligand13012-0
227,ZESWOJ__ligand17631-0
228,ZESWOJ__ligand48-0
229,ZESWOJ__ligand1142-0
230,ZESWOJ__ligand3234-0
231,ZESWOJ__ligand26665-0
232,ZESWOJ__ligand692-0
233,ZESWOJ__ligand31783-0
234,ZESWOJ__ligand7126-0
235,ZESWOJ__ligand2028-0
236,ZESWOJ__ligand8835-0
237,ZESWOJ__ligand24185-0
238,ZESWOJ__ligand8992-0
239,ZESWOJ__ligand23769-0
240,ZESWOJ__ligand9601-0
241,ZESWOJ__ligand25178-0
242,ZESWOJ__ligand17302-0
243,ZESWOJ__ligand6124-0
244,ZESWOJ__ligand3707-0
245,ZESWOJ__ligand7967-0
246,ZESWOJ__ligand17805-0
247,ZESWOJ__ligand1018-0
248,ZESWOJ__ligand4116-0
249,ZESWOJ__ligand5643-0
250,ZESWOJ__ligand13658-0
251,ZESWOJ__ligand26702-0
252,ZESWOJ__ligand12289-0
253,ZESWOJ__ligand18292-0
254,ZESWOJ__ligand1823-0
255,ZESWOJ__ligand17387-0
256,ZESWOJ__ligand12130-0
257,ZESWOJ__ligand1324-0
258,ZESWOJ__ligand12231-0
259,ZESWOJ__ligand8721-0
260,ZESWOJ__ligand9952-0
261,ZESWOJ__ligand9111-0
262,ZESWOJ__ligand15585-0
263,ZESWOJ__ligand12401-0
264,ZESWOJ__ligand409-0
265,ZESWOJ__ligand24145-0
266,ZESWOJ__ligand324-0
267,ZESWOJ__ligand361-0
268,ZESWOJ__ligand32-0
269,ZESWOJ__ligand10476-0
270,ZESWOJ__ligand19830-0
271,ZESWOJ__ligand2526-0
272,ZESWOJ__ligand5036-0
273,ZESWOJ__ligand13068-0
274,ZESWOJ__ligand1615-0
275,ZESWOJ__ligand10262-0
276,ZESWOJ__ligand9441-0
277,ZESWOJ__ligand28676-0
278,ZESWOJ__ligand588-0
279,ZESWOJ__ligand2332-0
280,ZESWOJ__ligand27763-0
281,ZESWOJ__ligand19057-0
282,ZESWOJ__ligand1-0
283,ZESWOJ__ligand18814-0
284,ZESWOJ__ligand1631-0
285,ZESWOJ__ligand16-0
286,ZESWOJ__ligand1575-0
287,ZESWOJ__ligand300-0
288,ZESWOJ__ligand1530-0
289,ZESWOJ__ligand9933-0
290,ZESWOJ__ligand29302-0
291,ZESWOJ__ligand13425-0
292,ZESWOJ__ligand3156-0
293,ZESWOJ__ligand14108-0
294,ZESWOJ__ligand2915-0
295,ZESWOJ__ligand6244-0
296,ZESWOJ__ligand12641-0
297,ZESWOJ__ligand10958-0
298,ZESWOJ__ligand1378-0
299,ZESWOJ__ligand199-0
300,ZESWOJ__ligand7867-0
301,ZESWOJ__ligand10712-0
302,ZESWOJ__ligand1219-0
303,ZESWOJ__ligand6709-0
304,ZESWOJ__ligand14174-0
305,ZESWOJ__ligand4016-0
306,ZESWOJ__ligand57-0
307,ZESWOJ__ligand11456-0
308,ZESWOJ__ligand7238-0
309,ZESWOJ__ligand25411-0
310,ZESWOJ__ligand670-0
311,ZESWOJ__ligand7280-0
312,ZESWOJ__ligand1304-0
313,ZESWOJ__ligand571-0
314,ZESWOJ__ligand534-0
315,ZESWOJ__ligand1790-0
316,ZESWOJ__ligand4272-0
317,ZESWOJ__ligand1451-0
318,ZESWOJ__ligand7629-0
319,ZESWOJ__ligand31832-0
320,ZESWOJ__ligand13294-0
321,ZESWOJ__ligand9784-0
322,ZESWOJ__ligand9520-0
323,ZESWOJ__ligand12030-0
324,ZESWOJ__ligand1160-0
325,ZESWOJ__ligand8699-0
326,ZESWOJ__ligand29879-0
327,ZESWOJ__ligand14248-0
328,ZESWOJ__ligand13331-0
329,ZESWOJ__ligand28884-0
330,ZESWOJ__ligand3954-0
331,ZESWOJ__ligand4442-0
332,ZESWOJ__ligand4093-0
333,ZESWOJ__ligand4157-0
334,ZESWOJ__ligand27482-0
335,ZESWOJ__ligand26810-0
336,ZESWOJ__ligand7648-0
337,ZESWOJ__ligand2828-0
338,ZESWOJ__ligand8876-0
339,ZESWOJ__ligand9833-0
340,ZESWOJ__ligand694-0
341,ZESWOJ__ligand5256-0
342,ZESWOJ__ligand13208-0
343,ZESWOJ__ligand430-0
344,ZESWOJ__ligand2176-0
345,ZESWOJ__ligand358-0
346,ZESWOJ__ligand9291-0
347,ZESWOJ__ligand2232-0
348,ZESWOJ__ligand488-0
349,ZESWOJ__ligand13390-0
350,ZESWOJ__ligand1285-0
351,ZESWOJ__ligand6768-0
352,ZESWOJ__ligand8115-0
353,ZESWOJ__ligand7000-0
354,ZESWOJ__ligand1982-0
355,ZESWOJ__ligand4546-0
356,ZESWOJ__ligand4503-0
357,ZESWOJ__ligand20682-0
358,ZESWOJ__ligand5331-0
359,ZESWOJ__ligand1512-0
360,ZESWOJ__ligand17261-0
361,ZESWOJ__ligand14117-0
362,ZESWOJ__ligand3565-0
363,ZESWOJ__ligand34-0
364,ZESWOJ__ligand20539-0
365,ZESWOJ__ligand20251-0
366,ZESWOJ__ligand656-0
367,ZESWOJ__ligand30702-0
368,ZESWOJ__ligand20214-0
369,ZESWOJ__ligand6919-0
370,ZESWOJ__ligand2485-0
371,ZESWOJ__ligand21581-0
372,ZESWOJ__ligand31097-0
373,ZESWOJ__ligand3852-0
374,ZESWOJ__ligand696-0
375,ZESWOJ__ligand29568-0
376,ZESWOJ__ligand5211-0
377,ZESWOJ__ligand3094-0
378,ZESWOJ__ligand4155-0
379,ZESWOJ__ligand30851-0
380,ZESWOJ__ligand14889-0
381,ZESWOJ__ligand20419-0
382,ZESWOJ__ligand4720-0
383,ZESWOJ__ligand17118-0
384,ZESWOJ__ligand21371-0
385,ZESWOJ__ligand6839-0
386,ZESWOJ__ligand3131-0
387,ZESWOJ__ligand3174-0
388,ZESWOJ__ligand1202-0
389,ZESWOJ__ligand3937-0
390,ZESWOJ__ligand28789-0
391,ZESWOJ__ligand8969-0
392,ZESWOJ__ligand162-0
393,ZESWOJ__ligand17398-0
394,ZESWOJ__ligand7242-0
395,ZESWOJ__ligand11675-0
396,ZESWOJ__ligand20598-0
397,ZESWOJ__ligand10589-0
398,ZESWOJ__ligand22557-0
399,ZESWOJ__ligand226-0
400,ZESWOJ__ligand7106-0
401,ZESWOJ__ligand24047-0
402,ZESWOJ__ligand1263-0
403,ZESWOJ__ligand9908-0
404,ZESWOJ__ligand20011-0
405,ZESWOJ__ligand17278-0
406,ZESWOJ__ligand416-0
407,ZESWOJ__ligand29414-0
408,ZESWOJ__ligand17982-0
409,ZESWOJ__ligand68-0
410,ZESWOJ__ligand383-0
411,ZESWOJ__ligand1959-0
412,ZESWOJ__ligand55-0
413,ZESWOJ__ligand3504-0
414,ZESWOJ__ligand20251-1
415,ZESWOJ__ligand9935-0
416,ZESWOJ__ligand1573-0
417,ZESWOJ__ligand1536-0
418,ZESWOJ__ligand6616-0
419,ZESWOJ__ligand3876-0
420,ZESWOJ__ligand1343-0
421,ZESWOJ__ligand3035-0
422,ZESWOJ__ligand3718-0
423,ZESWOJ__ligand16475-0
424,ZESWOJ__ligand14703-0
425,ZESWOJ__ligand1844-0
426,ZESWOJ__ligand4661-0
427,ZESWOJ__ligand12003-0
428,ZESWOJ__ligand2260-0
429,ZESWOJ__ligand26631-0
430,ZESWOJ__ligand16148-0
431,ZESWOJ__ligand7092-0
432,ZESWOJ__ligand1116-0
433,ZESWOJ__ligand3225-0
434,ZESWOJ__ligand1153-0
435,ZESWOJ__ligand10872-0
436,ZESWOJ__ligand21399-0
437,ZESWOJ__ligand8612-0
438,ZESWOJ__ligand2124-0
439,ZESWOJ__ligand7172-0
440,ZESWOJ__ligand252-0
441,ZESWOJ__ligand29215-0
442,ZESWOJ__ligand7273-0
443,ZESWOJ__ligand116-0
444,ZESWOJ__ligand9323-0
445,ZESWOJ__ligand27754-0
446,ZESWOJ__ligand20695-0
447,ZESWOJ__ligand11111-0
448,ZESWOJ__ligand28540-0
449,ZESWOJ__ligand193-0
450,ZESWOJ__ligand16369-0
451,ZESWOJ__ligand5180-0
452,ZESWOJ__ligand6017-0
453,ZESWOJ__ligand22403-0
454,ZESWOJ__ligand372-0
455,ZESWOJ__ligand830-0
456,ZESWOJ__ligand7316-0
457,ZESWOJ__ligand5708-0
458,ZESWOJ__ligand1356-0
459,ZESWOJ__ligand1787-0
460,ZESWOJ__ligand5530-0
461,ZESWOJ__ligand11618-0
462,ZESWOJ__ligand9753-0
463,ZESWOJ__ligand7196-0
464,ZESWOJ__ligand5159-0
465,ZESWOJ__ligand909-0
466,ZESWOJ__ligand4807-0
467,ZESWOJ__ligand26529-0
468,ZESWOJ__ligand3178-0
469,ZESWOJ__ligand2906-0
470,ZESWOJ__ligand27239-0
471,ZESWOJ__ligand21729-0
472,ZESWOJ__ligand3244-0
473,ZESWOJ__ligand38-0
474,ZESWOJ__ligand4711-0
475,ZESWOJ__ligand4649-0
476,ZESWOJ__ligand2788-0
477,ZESWOJ__ligand5649-0
478,ZESWOJ__ligand8793-0
479,ZESWOJ__ligand19927-0
480,ZESWOJ__ligand177-0
481,ZESWOJ__ligand14043-0
482,ZESWOJ__ligand26324-0
483,ZESWOJ__ligand28559-0
484,ZESWOJ__ligand1289-0
485,ZESWOJ__ligand5387-0
486,ZESWOJ__ligand2203-0
487,ZESWOJ__ligand25561-0
488,ZESWOJ__ligand11949-0
489,ZESWOJ__ligand188-0
490,ZESWOJ__ligand24780-0
491,ZESWOJ__ligand12138-0
492,ZESWOJ__ligand22129-0
493,ZESWOJ__ligand370-1
494,ZESWOJ__ligand9450-0
495,ZESWOJ__ligand620-0
496,ZESWOJ__ligand17427-0
497,ZESWOJ__ligand564-0
498,ZESWOJ__ligand785-0
499,ZESWOJ__ligand311-0
500,ZESWOJ__ligand31694-0
501,ZESWOJ__ligand2612-0
502,ZESWOJ__ligand479-0
503,ZESWOJ__ligand29486-0
504,ZESWOJ__ligand42-0
505,ZESWOJ__ligand1599-0
506,ZESWOJ__ligand2043-0
507,ZESWOJ__ligand11587-0
508,ZESWOJ__ligand13220-0
509,ZESWOJ__ligand1832-0
510,ZESWOJ__ligand15788-0
511,ZESWOJ__ligand8788-0
512,ZESWOJ__ligand23175-0
513,ZESWOJ__ligand17396-0
514,ZESWOJ__ligand13385-0
515,ZESWOJ__ligand66-0
516,ZESWOJ__ligand1604-0
517,ZESWOJ__ligand14569-0
518,ZESWOJ__ligand9943-0
519,ZESWOJ__ligand1228-0
520,ZESWOJ__ligand370-0
521,ZESWOJ__ligand22444-0
522,ZESWOJ__ligand24111-0
523,ZESWOJ__ligand24644-0
524,ZESWOJ__ligand3126-0
525,ZESWOJ__ligand6391-0
526,ZESWOJ__ligand9284-0
527,ZESWOJ__ligand10033-0
528,ZESWOJ__ligand1114-0
529,ZESWOJ__ligand12001-0
530,ZESWOJ__ligand30728-0
531,ZESWOJ__ligand2417-0
532,ZESWOJ__ligand27840-0
533,ZESWOJ__ligand24872-0
534,ZESWOJ__ligand250-0
535,ZESWOJ__ligand3677-0
536,ZESWOJ__ligand3632-0
537,ZESWOJ__ligand25913-0
538,ZESWOJ__ligand16988-0
539,ZESWOJ__ligand1168-0
540,ZESWOJ__ligand1294-0
541,ZESWOJ__ligand30711-0
542,ZESWOJ__ligand20207-0
543,ZESWOJ__ligand294-0
544,ZESWOJ__ligand11682-0
545,ZESWOJ__ligand6699-0
546,ZESWOJ__ligand24035-0
547,ZESWOJ__ligand1464-0
548,ZESWOJ__ligand3712-0
549,ZESWOJ__ligand685-0
550,ZESWOJ__ligand1499-0
551,ZESWOJ__ligand11994-0
552,ZESWOJ__ligand2881-0
553,ZESWOJ__ligand31842-0
554,ZESWOJ__ligand31044-0
555,ZESWOJ__ligand6892-0
556,ZESWOJ__ligand16663-0
557,ZESWOJ__ligand1211-0
558,ZESWOJ__ligand421-0
559,ZESWOJ__ligand14614-0
560,ZESWOJ__ligand134-0
561,ZESWOJ__ligand22294-0
562,ZESWOJ__ligand28930-0
563,ZESWOJ__ligand22168-0
564,ZESWOJ__ligand9344-0
565,ZESWOJ__ligand3736-0
566,ZESWOJ__ligand235-0
567,ZESWOJ__ligand8000-0
568,ZESWOJ__ligand21919-0
569,ZESWOJ__ligand10056-0
570,ZESWOJ__ligand12365-0
571,ZESWOJ__ligand3945-0
572,ZESWOJ__ligand15531-0
573,ZESWOJ__ligand28743-0
574,ZESWOJ__ligand13862-0
575,ZESWOJ__ligand11357-0
576,ZESWOJ__ligand5383-0
577,ZESWOJ__ligand2693-0
578,ZESWOJ__ligand4007-0
579,ZESWOJ__ligand24230-0
580,ZESWOJ__ligand2985-0
581,ZESWOJ__ligand11447-0
582,ZESWOJ__ligand11096-0
583,ZESWOJ__ligand28810-0
584,ZESWOJ__ligand9299-0
585,ZESWOJ__ligand10828-0
586,ZESWOJ__ligand19792-0
587,ZESWOJ__ligand15926-0
588,ZESWOJ__ligand11970-0
589,ZESWOJ__ligand560-0
590,ZESWOJ__ligand7291-0
591,ZESWOJ__ligand9883-0
592,ZESWOJ__ligand3677-1
593,ZESWOJ__ligand15883-0
594,ZESWOJ__ligand14167-0
595,ZESWOJ__ligand13477-0
596,ZESWOJ__ligand9167-0
597,ZESWOJ__ligand783-0
598,ZESWOJ__ligand352-0
599,ZESWOJ__ligand5304-0
600,ZESWOJ__ligand2238-0
601,ZESWOJ__ligand27669-0
602,ZESWOJ__ligand30142-0
603,ZESWOJ__ligand3867-0
604,ZESWOJ__ligand1317-0
605,ZESWOJ__ligand7293-0
606,ZESWOJ__ligand2822-0
607,ZESWOJ__ligand8002-0
608,ZESWOJ__ligand5509-0
609,ZESWOJ__ligand23197-0
610,ZESWOJ__ligand1407-0
611,ZESWOJ__ligand6117-0
612,ZESWOJ__ligand29029-0
613,ZESWOJ__ligand27285-0
614,ZESWOJ__ligand868-0
615,ZESWOJ__ligand5080-0
616,ZESWOJ__ligand7762-0
617,ZESWOJ__ligand5595-0
618,ZESWOJ__ligand4101-0
619,ZESWOJ__ligand13672-0
620,ZESWOJ__ligand28685-0
621,ZESWOJ__ligand18568-0
622,ZESWOJ__ligand4358-0
623,ZESWOJ__ligand3926-0
624,ZESWOJ__ligand3120-0
625,ZESWOJ__ligand10371-0
626,ZESWOJ__ligand2221-0
627,ZESWOJ__ligand18-0
628,ZESWOJ__ligand1296-0
629,ZESWOJ__ligand2259-0
630,ZESWOJ__ligand28459-0
631,ZESWOJ__ligand1197-0
632,ZESWOJ__ligand8592-0
633,ZESWOJ__ligand5099-0
634,ZESWOJ__ligand18448-0
635,ZESWOJ__ligand12453-0
636,ZESWOJ__ligand9773-0
637,ZESWOJ__ligand1376-0
638,ZESWOJ__ligand197-0
639,ZESWOJ__ligand19184-0
640,ZESWOJ__ligand5510-0
641,ZESWOJ__ligand784-0
642,ZESWOJ__ligand7075-0
643,ZESWOJ__ligand21752-0
644,ZESWOJ__ligand3980-0
645,ZESWOJ__ligand3557-0
646,ZESWOJ__ligand1149-0
647,ZESWOJ__ligand43-0
648,ZESWOJ__ligand1779-0
649,ZESWOJ__ligand6993-0
650,ZESWOJ__ligand1817-0
651,ZESWOJ__ligand14339-0
652,ZESWOJ__ligand13691-0
653,ZESWOJ__ligand9750-0
654,ZESWOJ__ligand30788-0
655,ZESWOJ__ligand4266-0
656,ZESWOJ__ligand1400-0
657,ZESWOJ__ligand9491-0
658,ZESWOJ__ligand4167-0
659,ZESWOJ__ligand1288-0
660,ZESWOJ__ligand24560-0
661,ZESWOJ__ligand18757-0
662,ZESWOJ__ligand395-0
663,ZESWOJ__ligand368-0
664,ZESWOJ__ligand24624-0
665,ZESWOJ__ligand20844-0
666,ZESWOJ__ligand18413-0
667,ZESWOJ__ligand20557-0
668,ZESWOJ__ligand3453-0
669,ZESWOJ__ligand30004-0
670,ZESWOJ__ligand115-0
671,ZESWOJ__ligand3416-0
672,ZESWOJ__ligand4207-0
673,ZESWOJ__ligand1539-0
674,ZESWOJ__ligand1150-0
675,ZESWOJ__ligand8-0
676,ZESWOJ__ligand8200-0
677,ZESWOJ__ligand13755-0
678,ZESWOJ__ligand16133-0
679,ZESWOJ__ligand7438-0
680,ZESWOJ__ligand67-0
681,ZESWOJ__ligand27122-0
682,ZESWOJ__ligand20432-0
683,ZESWOJ__ligand833-0
684,ZESWOJ__ligand4063-0
685,ZESWOJ__ligand23445-0
686,ZESWOJ__ligand24953-0
687,ZESWOJ__ligand3042-0
688,ZESWOJ__ligand21940-0
689,ZESWOJ__ligand25048-0
690,ZESWOJ__ligand20731-0
691,ZESWOJ__ligand29334-0
692,ZESWOJ__ligand12413-0
693,ZESWOJ__ligand11798-0
694,ZESWOJ__ligand14477-0
695,ZESWOJ__ligand17069-0
696,ZESWOJ__ligand1831-0
697,ZESWOJ__ligand5280-0
698,ZESWOJ__ligand5614-0
699,ZESWOJ__ligand17445-0
700,ZESWOJ__ligand6663-0
701,ZESWOJ__ligand506-0
702,ZESWOJ__ligand5515-0
703,ZESWOJ__ligand29214-0
704,ZESWOJ__ligand152-0
705,ZESWOJ__ligand1849-0
706,ZESWOJ__ligand11544-0
707,ZESWOJ__ligand11501-0
708,ZESWOJ__ligand21448-0
709,ZESWOJ__ligand5019-0
710,ZESWOJ__ligand1152-0
711,ZESWOJ__ligand3261-0
712,ZESWOJ__ligand11758-0
713,ZESWOJ__ligand22357-0
714,ZESWOJ__ligand1216-0
715,ZESWOJ__ligand1828-0
716,ZESWOJ__ligand7213-0
717,ZESWOJ__ligand176-0
718,ZESWOJ__ligand1397-0
719,ZESWOJ__ligand14007-0
720,ZESWOJ__ligand8042-0
721,ZESWOJ__ligand6112-0
722,ZESWOJ__ligand18019-1
723,ZESWOJ__ligand5085-0
724,ZESWOJ__ligand3144-0
725,ZESWOJ__ligand27550-0
726,ZESWOJ__ligand447-0
727,ZESWOJ__ligand5755-0
728,ZESWOJ__ligand4710-0
729,ZESWOJ__ligand746-0
730,ZESWOJ__ligand16956-0
731,ZESWOJ__ligand14226-0
732,ZESWOJ__ligand21339-0
733,ZESWOJ__ligand1908-0
734,ZESWOJ__ligand20942-1
735,ZESWOJ__ligand487-0
736,ZESWOJ__ligand3285-0
737,ZESWOJ__ligand4795-0
738,ZESWOJ__ligand1786-0
739,ZESWOJ__ligand23682-0
740,ZESWOJ__ligand29565-0
741,ZESWOJ__ligand27771-0
742,ZESWOJ__ligand5630-0
743,ZESWOJ__ligand18158-0
744,ZESWOJ__ligand11479-0
745,ZESWOJ__ligand27610-0
746,ZESWOJ__ligand10479-0
747,ZESWOJ__ligand78-0
748,ZESWOJ__ligand393-0
749,ZESWOJ__ligand5415-0
750,ZESWOJ__ligand10853-0
751,ZESWOJ__ligand29441-0
752,ZESWOJ__ligand24851-0
753,ZESWOJ__ligand14302-0
754,ZESWOJ__ligand13657-0
755,ZESWOJ__ligand14347-0
756,ZESWOJ__ligand11698-0
757,ZESWOJ__ligand4161-0
758,ZESWOJ__ligand3471-0
759,ZESWOJ__ligand20530-0
760,ZESWOJ__ligand4124-0
761,ZESWOJ__ligand6995-0
762,ZESWOJ__ligand20220-0
763,ZESWOJ__ligand20121-0
764,ZESWOJ__ligand2823-0
765,ZESWOJ__ligand15387-0
766,ZESWOJ__ligand4340-0
767,ZESWOJ__ligand353-0
768,ZESWOJ__ligand2281-0
769,ZESWOJ__ligand2650-0
770,ZESWOJ__ligand16952-0
771,ZESWOJ__ligand29813-0
772,ZESWOJ__ligand45-0
773,ZESWOJ__ligand3180-0
774,ZESWOJ__ligand10151-0
775,ZESWOJ__ligand196-0
776,ZESWOJ__ligand2001-0
777,ZESWOJ__ligand7566-0
778,ZESWOJ__ligand24-0
779,ZESWOJ__ligand8593-0
780,ZESWOJ__ligand9944-0
781,ZESWOJ__ligand22353-0
782,ZESWOJ__ligand422-0
783,ZESWOJ__ligand8553-0
784,ZESWOJ__ligand19-0
785,ZESWOJ__ligand1113-0
786,ZESWOJ__ligand19906-0
787,ZESWOJ__ligand19668-0
788,ZESWOJ__ligand5201-0
789,ZESWOJ__ligand686-0
790,ZESWOJ__ligand26673-0
791,ZESWOJ__ligand1154-0
792,ZESWOJ__ligand20821-0
793,ZESWOJ__ligand465-0
794,ZESWOJ__ligand9615-0
795,ZESWOJ__ligand11606-0
796,ZESWOJ__ligand1498-0
797,ZESWOJ__ligand31000-0
798,ZESWOJ__ligand4596-0
799,ZESWOJ__ligand11252-0
800,ZESWOJ__ligand314-1
801,ZESWOJ__ligand13260-0
802,ZESWOJ__ligand10582-0
803,ZESWOJ__ligand1169-0
804,ZESWOJ__ligand18067-0
805,ZESWOJ__ligand19824-0
806,ZESWOJ__ligand8529-0
807,ZESWOJ__ligand11177-0
808,ZESWOJ__ligand2027-0
809,ZESWOJ__ligand15455-0
810,ZESWOJ__ligand1015-0
811,ZESWOJ__ligand1050-0
812,ZESWOJ__ligand813-0
813,ZESWOJ__ligand314-0
814,ZESWOJ__ligand780-0
815,ZESWOJ__ligand31205-0
816,ZESWOJ__ligand25658-0
817,ZESWOJ__ligand17686-0
818,ZESWOJ__ligand11814-0
819,ZESWOJ__ligand1618-0
820,ZESWOJ__ligand16603-0
821,ZESWOJ__ligand2692-0
822,ZESWOJ__ligand391-0
823,ZESWOJ__ligand618-0
824,ZESWOJ__ligand1028-0
825,ZESWOJ__ligand16870-0
826,ZESWOJ__ligand4262-0
827,ZESWOJ__ligand11622-0
