,TMC
0,LAYSEJ__ligand30296-0
1,LAYSEJ__ligand395-0
2,LAYSEJ__ligand16-0
3,LAYSEJ__ligand17281-0
4,LAYSEJ__ligand2527-0
5,LAYSEJ__ligand26540-0
6,LAYSEJ__ligand368-0
7,LAYSEJ__ligand29410-0
8,LAYSEJ__ligand12337-0
9,LAYSEJ__ligand1709-0
10,LAYSEJ__ligand8464-0
11,LAYSEJ__ligand30333-0
12,LAYSEJ__ligand8349-0
13,LAYSEJ__ligand12606-0
14,LAYSEJ__ligand3392-0
15,LAYSEJ__ligand4911-0
16,LAYSEJ__ligand1771-0
17,LAYSEJ__ligand27460-0
18,LAYSEJ__ligand12427-0
19,LAYSEJ__ligand5849-0
20,LAYSEJ__ligand784-0
21,LAYSEJ__ligand28468-0
22,LAYSEJ__ligand20740-0
23,LAYSEJ__ligand16628-0
24,LAYSEJ__ligand14723-0
25,LAYSEJ__ligand5935-0
26,LAYSEJ__ligand27893-0
27,LAYSEJ__ligand12934-0
28,LAYSEJ__ligand20578-0
29,LAYSEJ__ligand15422-0
30,LAYSEJ__ligand1379-0
31,LAYSEJ__ligand19641-0
32,LAYSEJ__ligand2722-0
33,LAYSEJ__ligand23713-0
34,LAYSEJ__ligand3157-0
35,LAYSEJ__ligand27175-0
36,LAYSEJ__ligand18832-0
37,LAYSEJ__ligand833-0
38,LAYSEJ__ligand1165-0
39,LAYSEJ__ligand30988-0
40,LAYSEJ__ligand9525-0
41,LAYSEJ__ligand14603-0
42,LAYSEJ__ligand14297-0
43,LAYSEJ__ligand5056-0
44,LAYSEJ__ligand17258-0
45,LAYSEJ__ligand4850-0
46,LAYSEJ__ligand13012-0
47,LAYSEJ__ligand1688-0
48,LAYSEJ__ligand32-0
49,LAYSEJ__ligand17631-0
50,LAYSEJ__ligand5357-0
51,LAYSEJ__ligand26665-0
52,LAYSEJ__ligand3647-0
53,LAYSEJ__ligand3871-0
54,LAYSEJ__ligand1469-0
55,LAYSEJ__ligand115-0
56,LAYSEJ__ligand31783-0
57,LAYSEJ__ligand1768-0
58,LAYSEJ__ligand1533-0
59,LAYSEJ__ligand24185-0
60,LAYSEJ__ligand23769-0
61,LAYSEJ__ligand25178-0
62,LAYSEJ__ligand17302-0
63,LAYSEJ__ligand7557-0
64,LAYSEJ__ligand1496-0
65,LAYSEJ__ligand152-0
66,LAYSEJ__ligand17805-0
67,LAYSEJ__ligand8-0
68,LAYSEJ__ligand26702-0
69,LAYSEJ__ligand13658-0
70,LAYSEJ__ligand18292-0
71,LAYSEJ__ligand12289-0
72,LAYSEJ__ligand17387-0
73,LAYSEJ__ligand12130-0
74,LAYSEJ__ligand1712-0
75,LAYSEJ__ligand4131-0
76,LAYSEJ__ligand12231-0
77,LAYSEJ__ligand506-0
78,LAYSEJ__ligand12401-0
79,LAYSEJ__ligand15585-0
80,LAYSEJ__ligand24145-0
81,LAYSEJ__ligand10476-0
82,LAYSEJ__ligand13068-0
83,LAYSEJ__ligand19830-0
84,LAYSEJ__ligand48-0
85,LAYSEJ__ligand5892-0
86,LAYSEJ__ligand5094-0
87,LAYSEJ__ligand2328-0
88,LAYSEJ__ligand4581-0
89,LAYSEJ__ligand1773-0
90,LAYSEJ__ligand28676-0
91,LAYSEJ__ligand10262-0
92,LAYSEJ__ligand3029-0
93,LAYSEJ__ligand27763-0
94,LAYSEJ__ligand7162-0
95,LAYSEJ__ligand19057-0
96,LAYSEJ__ligand18814-0
97,LAYSEJ__ligand487-0
98,LAYSEJ__ligand1900-0
99,LAYSEJ__ligand91-0
100,LAYSEJ__ligand29302-0
101,LAYSEJ__ligand13425-0
102,LAYSEJ__ligand9197-0
103,LAYSEJ__ligand447-0
104,LAYSEJ__ligand3208-0
105,LAYSEJ__ligand2208-0
106,LAYSEJ__ligand14108-0
107,LAYSEJ__ligand51-0
108,LAYSEJ__ligand746-0
109,LAYSEJ__ligand1327-0
110,LAYSEJ__ligand6672-0
111,LAYSEJ__ligand9809-0
112,LAYSEJ__ligand176-0
113,LAYSEJ__ligand12641-0
114,LAYSEJ__ligand8722-0
115,LAYSEJ__ligand2781-0
116,LAYSEJ__ligand7573-0
117,LAYSEJ__ligand10958-0
118,LAYSEJ__ligand3350-0
119,LAYSEJ__ligand1147-0
120,LAYSEJ__ligand10712-0
121,LAYSEJ__ligand353-0
122,LAYSEJ__ligand14174-0
123,LAYSEJ__ligand3973-0
124,LAYSEJ__ligand68-0
125,LAYSEJ__ligand11456-0
126,LAYSEJ__ligand2068-0
127,LAYSEJ__ligand25411-0
128,LAYSEJ__ligand7925-0
129,LAYSEJ__ligand7532-0
130,LAYSEJ__ligand4194-0
131,LAYSEJ__ligand31832-0
132,LAYSEJ__ligand13294-0
133,LAYSEJ__ligand55-0
134,LAYSEJ__ligand393-0
135,LAYSEJ__ligand12030-0
136,LAYSEJ__ligand2599-0
137,LAYSEJ__ligand4330-0
138,LAYSEJ__ligand14248-0
139,LAYSEJ__ligand29879-0
140,LAYSEJ__ligand13331-0
141,LAYSEJ__ligand28884-0
142,LAYSEJ__ligand27482-0
143,LAYSEJ__ligand26810-0
144,LAYSEJ__ligand6283-0
145,LAYSEJ__ligand686-0
146,LAYSEJ__ligand13208-0
147,LAYSEJ__ligand5813-0
148,LAYSEJ__ligand4813-0
149,LAYSEJ__ligand422-0
150,LAYSEJ__ligand4738-0
151,LAYSEJ__ligand6062-0
152,LAYSEJ__ligand34-0
153,LAYSEJ__ligand13390-0
154,LAYSEJ__ligand3215-0
155,LAYSEJ__ligand196-0
156,LAYSEJ__ligand7107-0
157,LAYSEJ__ligand20682-0
158,LAYSEJ__ligand17261-0
159,LAYSEJ__ligand14117-0
160,LAYSEJ__ligand9148-0
161,LAYSEJ__ligand20539-0
162,LAYSEJ__ligand6946-0
163,LAYSEJ__ligand1415-0
164,LAYSEJ__ligand314-1
165,LAYSEJ__ligand20214-0
166,LAYSEJ__ligand30702-0
167,LAYSEJ__ligand20251-0
168,LAYSEJ__ligand7529-0
169,LAYSEJ__ligand31097-0
170,LAYSEJ__ligand21581-0
171,LAYSEJ__ligand5627-0
172,LAYSEJ__ligand29568-0
173,LAYSEJ__ligand1729-0
174,LAYSEJ__ligand30851-0
175,LAYSEJ__ligand2830-0
176,LAYSEJ__ligand14889-0
177,LAYSEJ__ligand20419-0
178,LAYSEJ__ligand17118-0
179,LAYSEJ__ligand5316-0
180,LAYSEJ__ligand21371-0
181,LAYSEJ__ligand465-0
182,LAYSEJ__ligand28789-0
183,LAYSEJ__ligand5483-0
184,LAYSEJ__ligand1449-0
185,LAYSEJ__ligand17398-0
186,LAYSEJ__ligand618-0
187,LAYSEJ__ligand3012-0
188,LAYSEJ__ligand11675-0
189,LAYSEJ__ligand20598-0
190,LAYSEJ__ligand7530-0
191,LAYSEJ__ligand10589-0
192,LAYSEJ__ligand22557-0
193,LAYSEJ__ligand24047-0
194,LAYSEJ__ligand1065-0
195,LAYSEJ__ligand17278-0
196,LAYSEJ__ligand20011-0
197,LAYSEJ__ligand29414-0
198,LAYSEJ__ligand9681-0
199,LAYSEJ__ligand17982-0
200,LAYSEJ__ligand4332-0
201,LAYSEJ__ligand57-0
202,LAYSEJ__ligand391-0
203,LAYSEJ__ligand813-0
204,LAYSEJ__ligand3934-0
205,LAYSEJ__ligand20251-1
206,LAYSEJ__ligand314-0
207,LAYSEJ__ligand780-0
208,LAYSEJ__ligand6455-0
209,LAYSEJ__ligand6882-0
210,LAYSEJ__ligand2403-0
211,LAYSEJ__ligand16475-0
212,LAYSEJ__ligand14703-0
213,LAYSEJ__ligand372-0
214,LAYSEJ__ligand29898-0
215,LAYSEJ__ligand26277-0
216,LAYSEJ__ligand7819-0
217,LAYSEJ__ligand10432-0
218,LAYSEJ__ligand11432-0
219,LAYSEJ__ligand830-0
220,LAYSEJ__ligand31618-0
221,LAYSEJ__ligand49-0
222,LAYSEJ__ligand22755-0
223,LAYSEJ__ligand2917-0
224,LAYSEJ__ligand3721-0
225,LAYSEJ__ligand6904-0
226,LAYSEJ__ligand6596-0
227,LAYSEJ__ligand6102-0
228,LAYSEJ__ligand3465-0
229,LAYSEJ__ligand193-0
230,LAYSEJ__ligand252-0
231,LAYSEJ__ligand4620-0
232,LAYSEJ__ligand24064-0
233,LAYSEJ__ligand116-0
234,LAYSEJ__ligand23589-0
235,LAYSEJ__ligand2295-0
236,LAYSEJ__ligand1577-0
237,LAYSEJ__ligand6067-0
238,LAYSEJ__ligand15168-0
239,LAYSEJ__ligand89-0
240,LAYSEJ__ligand15438-0
241,LAYSEJ__ligand177-0
242,LAYSEJ__ligand28924-0
243,LAYSEJ__ligand4641-0
244,LAYSEJ__ligand29087-0
245,LAYSEJ__ligand18703-0
246,LAYSEJ__ligand25224-0
247,LAYSEJ__ligand18013-0
248,LAYSEJ__ligand17945-0
249,LAYSEJ__ligand1142-0
250,LAYSEJ__ligand3234-0
251,LAYSEJ__ligand17207-0
252,LAYSEJ__ligand31578-0
253,LAYSEJ__ligand24750-0
254,LAYSEJ__ligand2028-0
255,LAYSEJ__ligand8835-0
256,LAYSEJ__ligand909-0
257,LAYSEJ__ligand7126-0
258,LAYSEJ__ligand17240-0
259,LAYSEJ__ligand8992-0
260,LAYSEJ__ligand785-0
261,LAYSEJ__ligand311-0
262,LAYSEJ__ligand479-0
263,LAYSEJ__ligand17590-0
264,LAYSEJ__ligand9601-0
265,LAYSEJ__ligand3707-0
266,LAYSEJ__ligand370-1
267,LAYSEJ__ligand6124-0
268,LAYSEJ__ligand7967-0
269,LAYSEJ__ligand620-0
270,LAYSEJ__ligand4116-0
271,LAYSEJ__ligand18699-0
272,LAYSEJ__ligand12682-0
273,LAYSEJ__ligand1018-0
274,LAYSEJ__ligand564-0
275,LAYSEJ__ligand5643-0
276,LAYSEJ__ligand188-0
277,LAYSEJ__ligand1823-0
278,LAYSEJ__ligand8721-0
279,LAYSEJ__ligand1324-0
280,LAYSEJ__ligand13072-0
281,LAYSEJ__ligand17-0
282,LAYSEJ__ligand9952-0
283,LAYSEJ__ligand9111-0
284,LAYSEJ__ligand2526-0
285,LAYSEJ__ligand5036-0
286,LAYSEJ__ligand1615-0
287,LAYSEJ__ligand12336-0
288,LAYSEJ__ligand31483-0
289,LAYSEJ__ligand10555-0
290,LAYSEJ__ligand2332-0
291,LAYSEJ__ligand250-0
292,LAYSEJ__ligand9441-0
293,LAYSEJ__ligand1631-0
294,LAYSEJ__ligand24613-0
295,LAYSEJ__ligand9933-0
296,LAYSEJ__ligand1530-0
297,LAYSEJ__ligand1575-0
298,LAYSEJ__ligand19725-0
299,LAYSEJ__ligand3156-0
300,LAYSEJ__ligand21421-0
301,LAYSEJ__ligand2915-0
302,LAYSEJ__ligand370-0
303,LAYSEJ__ligand14586-0
304,LAYSEJ__ligand11774-0
305,LAYSEJ__ligand6244-0
306,LAYSEJ__ligand17710-0
307,LAYSEJ__ligand20579-0
308,LAYSEJ__ligand1378-0
309,LAYSEJ__ligand11568-0
310,LAYSEJ__ligand1219-0
311,LAYSEJ__ligand6709-0
312,LAYSEJ__ligand7867-0
313,LAYSEJ__ligand421-0
314,LAYSEJ__ligand18799-0
315,LAYSEJ__ligand18465-0
316,LAYSEJ__ligand4016-0
317,LAYSEJ__ligand16791-0
318,LAYSEJ__ligand685-0
319,LAYSEJ__ligand7238-0
320,LAYSEJ__ligand7280-0
321,LAYSEJ__ligand28668-0
322,LAYSEJ__ligand1790-0
323,LAYSEJ__ligand1304-0
324,LAYSEJ__ligand7629-0
325,LAYSEJ__ligand29610-0
326,LAYSEJ__ligand294-0
327,LAYSEJ__ligand1451-0
328,LAYSEJ__ligand4272-0
329,LAYSEJ__ligand11140-0
330,LAYSEJ__ligand9784-0
331,LAYSEJ__ligand1160-0
332,LAYSEJ__ligand8699-0
333,LAYSEJ__ligand9520-0
334,LAYSEJ__ligand4442-0
335,LAYSEJ__ligand4093-0
336,LAYSEJ__ligand13869-0
337,LAYSEJ__ligand3954-0
338,LAYSEJ__ligand18074-0
339,LAYSEJ__ligand29863-0
340,LAYSEJ__ligand21936-0
341,LAYSEJ__ligand4157-0
342,LAYSEJ__ligand560-0
343,LAYSEJ__ligand13257-0
344,LAYSEJ__ligand23904-0
345,LAYSEJ__ligand5256-0
346,LAYSEJ__ligand2828-0
347,LAYSEJ__ligand8876-0
348,LAYSEJ__ligand7648-0
349,LAYSEJ__ligand9833-0
350,LAYSEJ__ligand10084-0
351,LAYSEJ__ligand9291-0
352,LAYSEJ__ligand25267-0
353,LAYSEJ__ligand2176-0
354,LAYSEJ__ligand12467-0
355,LAYSEJ__ligand2232-0
356,LAYSEJ__ligand1285-0
357,LAYSEJ__ligand18391-0
358,LAYSEJ__ligand7000-0
359,LAYSEJ__ligand1982-0
360,LAYSEJ__ligand6768-0
361,LAYSEJ__ligand14523-0
362,LAYSEJ__ligand27169-0
363,LAYSEJ__ligand8115-0
364,LAYSEJ__ligand134-0
365,LAYSEJ__ligand27074-0
366,LAYSEJ__ligand4503-0
367,LAYSEJ__ligand4546-0
368,LAYSEJ__ligand235-0
369,LAYSEJ__ligand20599-0
370,LAYSEJ__ligand22981-0
371,LAYSEJ__ligand25805-0
372,LAYSEJ__ligand11-0
373,LAYSEJ__ligand25689-0
374,LAYSEJ__ligand25575-0
375,LAYSEJ__ligand5331-0
376,LAYSEJ__ligand1512-0
377,LAYSEJ__ligand868-0
378,LAYSEJ__ligand21787-0
379,LAYSEJ__ligand3565-0
380,LAYSEJ__ligand27835-0
381,LAYSEJ__ligand2485-0
382,LAYSEJ__ligand3852-0
383,LAYSEJ__ligand6919-0
384,LAYSEJ__ligand12295-0
385,LAYSEJ__ligand23906-0
386,LAYSEJ__ligand5211-0
387,LAYSEJ__ligand11166-0
388,LAYSEJ__ligand3094-0
389,LAYSEJ__ligand21132-0
390,LAYSEJ__ligand4155-0
391,LAYSEJ__ligand4720-0
392,LAYSEJ__ligand30539-0
393,LAYSEJ__ligand352-0
394,LAYSEJ__ligand783-0
395,LAYSEJ__ligand3174-0
396,LAYSEJ__ligand3937-0
397,LAYSEJ__ligand1202-0
398,LAYSEJ__ligand69-0
399,LAYSEJ__ligand3131-0
400,LAYSEJ__ligand8969-0
401,LAYSEJ__ligand6839-0
402,LAYSEJ__ligand7242-0
403,LAYSEJ__ligand25735-0
404,LAYSEJ__ligand12519-0
405,LAYSEJ__ligand197-0
406,LAYSEJ__ligand23124-0
407,LAYSEJ__ligand7106-0
408,LAYSEJ__ligand11206-0
409,LAYSEJ__ligand1263-0
410,LAYSEJ__ligand9908-0
411,LAYSEJ__ligand25650-0
412,LAYSEJ__ligand3504-0
413,LAYSEJ__ligand31248-0
414,LAYSEJ__ligand1959-0
415,LAYSEJ__ligand1536-0
416,LAYSEJ__ligand1573-0
417,LAYSEJ__ligand9935-0
418,LAYSEJ__ligand3718-0
419,LAYSEJ__ligand12660-0
420,LAYSEJ__ligand1343-0
421,LAYSEJ__ligand3876-0
422,LAYSEJ__ligand3035-0
423,LAYSEJ__ligand6616-0
424,LAYSEJ__ligand13209-0
425,LAYSEJ__ligand1844-0
426,LAYSEJ__ligand19257-0
427,LAYSEJ__ligand4661-0
428,LAYSEJ__ligand7092-0
429,LAYSEJ__ligand2260-0
430,LAYSEJ__ligand21752-0
431,LAYSEJ__ligand3225-0
432,LAYSEJ__ligand1153-0
433,LAYSEJ__ligand1116-0
434,LAYSEJ__ligand2124-0
435,LAYSEJ__ligand497-0
436,LAYSEJ__ligand8612-0
437,LAYSEJ__ligand1-0
438,LAYSEJ__ligand633-0
439,LAYSEJ__ligand7172-0
440,LAYSEJ__ligand14339-0
441,LAYSEJ__ligand13691-0
442,LAYSEJ__ligand9323-0
443,LAYSEJ__ligand30788-0
444,LAYSEJ__ligand7273-0
445,LAYSEJ__ligand5180-0
446,LAYSEJ__ligand6017-0
447,LAYSEJ__ligand24560-0
448,LAYSEJ__ligand18757-0
449,LAYSEJ__ligand5708-0
450,LAYSEJ__ligand24624-0
451,LAYSEJ__ligand18413-0
452,LAYSEJ__ligand7316-0
453,LAYSEJ__ligand20844-0
454,LAYSEJ__ligand9753-0
455,LAYSEJ__ligand1356-0
456,LAYSEJ__ligand1787-0
457,LAYSEJ__ligand30004-0
458,LAYSEJ__ligand20557-0
459,LAYSEJ__ligand5530-0
460,LAYSEJ__ligand5159-0
461,LAYSEJ__ligand692-0
462,LAYSEJ__ligand7196-0
463,LAYSEJ__ligand4807-0
464,LAYSEJ__ligand436-0
465,LAYSEJ__ligand3178-0
466,LAYSEJ__ligand16133-0
467,LAYSEJ__ligand13755-0
468,LAYSEJ__ligand27122-0
469,LAYSEJ__ligand20432-0
470,LAYSEJ__ligand2906-0
471,LAYSEJ__ligand326-0
472,LAYSEJ__ligand24953-0
473,LAYSEJ__ligand4711-0
474,LAYSEJ__ligand23445-0
475,LAYSEJ__ligand3244-0
476,LAYSEJ__ligand21940-0
477,LAYSEJ__ligand4649-0
478,LAYSEJ__ligand8793-0
479,LAYSEJ__ligand25048-0
480,LAYSEJ__ligand2788-0
481,LAYSEJ__ligand5649-0
482,LAYSEJ__ligand2203-0
483,LAYSEJ__ligand5387-0
484,LAYSEJ__ligand20731-0
485,LAYSEJ__ligand409-0
486,LAYSEJ__ligand324-0
487,LAYSEJ__ligand29334-0
488,LAYSEJ__ligand361-0
489,LAYSEJ__ligand1289-0
490,LAYSEJ__ligand12413-0
491,LAYSEJ__ligand11798-0
492,LAYSEJ__ligand14477-0
493,LAYSEJ__ligand17069-0
494,LAYSEJ__ligand17445-0
495,LAYSEJ__ligand9450-0
496,LAYSEJ__ligand29214-0
497,LAYSEJ__ligand11501-0
498,LAYSEJ__ligand11544-0
499,LAYSEJ__ligand67-0
500,LAYSEJ__ligand21448-0
501,LAYSEJ__ligand2612-0
502,LAYSEJ__ligand1599-0
503,LAYSEJ__ligand11758-0
504,LAYSEJ__ligand22357-0
505,LAYSEJ__ligand2043-0
506,LAYSEJ__ligand14007-0
507,LAYSEJ__ligand199-0
508,LAYSEJ__ligand1832-0
509,LAYSEJ__ligand8788-0
510,LAYSEJ__ligand18019-1
511,LAYSEJ__ligand1604-0
512,LAYSEJ__ligand27550-0
513,LAYSEJ__ligand43-0
514,LAYSEJ__ligand9943-0
515,LAYSEJ__ligand1228-0
516,LAYSEJ__ligand14226-0
517,LAYSEJ__ligand21339-0
518,LAYSEJ__ligand16956-0
519,LAYSEJ__ligand9284-0
520,LAYSEJ__ligand20942-1
521,LAYSEJ__ligand3126-0
522,LAYSEJ__ligand6391-0
523,LAYSEJ__ligand300-0
524,LAYSEJ__ligand1114-0
525,LAYSEJ__ligand2417-0
526,LAYSEJ__ligand23682-0
527,LAYSEJ__ligand29565-0
528,LAYSEJ__ligand27771-0
529,LAYSEJ__ligand588-0
530,LAYSEJ__ligand3-0
531,LAYSEJ__ligand18158-0
532,LAYSEJ__ligand3632-0
533,LAYSEJ__ligand3677-0
534,LAYSEJ__ligand11479-0
535,LAYSEJ__ligand10479-0
536,LAYSEJ__ligand27610-0
537,LAYSEJ__ligand1294-0
538,LAYSEJ__ligand10853-0
539,LAYSEJ__ligand1168-0
540,LAYSEJ__ligand29441-0
541,LAYSEJ__ligand6699-0
542,LAYSEJ__ligand24851-0
543,LAYSEJ__ligand13657-0
544,LAYSEJ__ligand14347-0
545,LAYSEJ__ligand14302-0
546,LAYSEJ__ligand11698-0
547,LAYSEJ__ligand20530-0
548,LAYSEJ__ligand20220-0
549,LAYSEJ__ligand1464-0
550,LAYSEJ__ligand3712-0
551,LAYSEJ__ligand670-0
552,LAYSEJ__ligand20121-0
553,LAYSEJ__ligand2881-0
554,LAYSEJ__ligand571-0
555,LAYSEJ__ligand1499-0
556,LAYSEJ__ligand534-0
557,LAYSEJ__ligand15387-0
558,LAYSEJ__ligand6892-0
559,LAYSEJ__ligand16952-0
560,LAYSEJ__ligand29813-0
561,LAYSEJ__ligand1211-0
562,LAYSEJ__ligand9344-0
563,LAYSEJ__ligand10151-0
564,LAYSEJ__ligand8000-0
565,LAYSEJ__ligand3736-0
566,LAYSEJ__ligand3945-0
567,LAYSEJ__ligand5383-0
568,LAYSEJ__ligand2693-0
569,LAYSEJ__ligand430-0
570,LAYSEJ__ligand358-0
571,LAYSEJ__ligand4007-0
572,LAYSEJ__ligand2985-0
573,LAYSEJ__ligand22353-0
574,LAYSEJ__ligand9299-0
575,LAYSEJ__ligand488-0
576,LAYSEJ__ligand19906-0
577,LAYSEJ__ligand7291-0
578,LAYSEJ__ligand19668-0
579,LAYSEJ__ligand694-0
580,LAYSEJ__ligand9883-0
581,LAYSEJ__ligand3677-1
582,LAYSEJ__ligand26673-0
583,LAYSEJ__ligand5304-0
584,LAYSEJ__ligand9167-0
585,LAYSEJ__ligand24-0
586,LAYSEJ__ligand20821-0
587,LAYSEJ__ligand2238-0
588,LAYSEJ__ligand11606-0
589,LAYSEJ__ligand696-0
590,LAYSEJ__ligand1317-0
591,LAYSEJ__ligand31000-0
592,LAYSEJ__ligand3867-0
593,LAYSEJ__ligand2822-0
594,LAYSEJ__ligand7293-0
595,LAYSEJ__ligand1407-0
596,LAYSEJ__ligand6117-0
597,LAYSEJ__ligand656-0
598,LAYSEJ__ligand11252-0
599,LAYSEJ__ligand5509-0
600,LAYSEJ__ligand8002-0
601,LAYSEJ__ligand13260-0
602,LAYSEJ__ligand10582-0
603,LAYSEJ__ligand7762-0
604,LAYSEJ__ligand5080-0
605,LAYSEJ__ligand18067-0
606,LAYSEJ__ligand19-0
607,LAYSEJ__ligand19824-0
608,LAYSEJ__ligand11177-0
609,LAYSEJ__ligand5595-0
610,LAYSEJ__ligand4101-0
611,LAYSEJ__ligand15455-0
612,LAYSEJ__ligand3120-0
613,LAYSEJ__ligand3926-0
614,LAYSEJ__ligand78-0
615,LAYSEJ__ligand4358-0
616,LAYSEJ__ligand2221-0
617,LAYSEJ__ligand31205-0
618,LAYSEJ__ligand25658-0
619,LAYSEJ__ligand17686-0
620,LAYSEJ__ligand2259-0
621,LAYSEJ__ligand416-0
622,LAYSEJ__ligand11814-0
623,LAYSEJ__ligand1296-0
624,LAYSEJ__ligand5099-0
625,LAYSEJ__ligand8592-0
626,LAYSEJ__ligand45-0
627,LAYSEJ__ligand16603-0
628,LAYSEJ__ligand383-0
629,LAYSEJ__ligand1197-0
630,LAYSEJ__ligand1376-0
631,LAYSEJ__ligand5510-0
632,LAYSEJ__ligand9773-0
633,LAYSEJ__ligand16870-0
634,LAYSEJ__ligand162-0
635,LAYSEJ__ligand11622-0
636,LAYSEJ__ligand226-0
637,LAYSEJ__ligand12003-0
638,LAYSEJ__ligand66-0
639,LAYSEJ__ligand26631-0
640,LAYSEJ__ligand16148-0
641,LAYSEJ__ligand7075-0
642,LAYSEJ__ligand10872-0
643,LAYSEJ__ligand1149-0
644,LAYSEJ__ligand21399-0
645,LAYSEJ__ligand3557-0
646,LAYSEJ__ligand3980-0
647,LAYSEJ__ligand1817-0
648,LAYSEJ__ligand6993-0
649,LAYSEJ__ligand29215-0
650,LAYSEJ__ligand1779-0
651,LAYSEJ__ligand240-0
652,LAYSEJ__ligand9750-0
653,LAYSEJ__ligand141-0
654,LAYSEJ__ligand9491-0
655,LAYSEJ__ligand27754-0
656,LAYSEJ__ligand20695-0
657,LAYSEJ__ligand1400-0
658,LAYSEJ__ligand4266-0
659,LAYSEJ__ligand11111-0
660,LAYSEJ__ligand28540-0
661,LAYSEJ__ligand16369-0
662,LAYSEJ__ligand4167-0
663,LAYSEJ__ligand22403-0
664,LAYSEJ__ligand1288-0
665,LAYSEJ__ligand11618-0
666,LAYSEJ__ligand3416-0
667,LAYSEJ__ligand3453-0
668,LAYSEJ__ligand4207-0
669,LAYSEJ__ligand1539-0
670,LAYSEJ__ligand768-0
671,LAYSEJ__ligand26529-0
672,LAYSEJ__ligand1150-0
673,LAYSEJ__ligand4063-0
674,LAYSEJ__ligand8200-0
675,LAYSEJ__ligand27239-0
676,LAYSEJ__ligand7438-0
677,LAYSEJ__ligand21729-0
678,LAYSEJ__ligand384-0
679,LAYSEJ__ligand42-0
680,LAYSEJ__ligand19927-0
681,LAYSEJ__ligand3042-0
682,LAYSEJ__ligand14043-0
683,LAYSEJ__ligand26324-0
684,LAYSEJ__ligand28559-0
685,LAYSEJ__ligand757-0
686,LAYSEJ__ligand25561-0
687,LAYSEJ__ligand11949-0
688,LAYSEJ__ligand1831-0
689,LAYSEJ__ligand5614-0
690,LAYSEJ__ligand5280-0
691,LAYSEJ__ligand6663-0
692,LAYSEJ__ligand24780-0
693,LAYSEJ__ligand5515-0
694,LAYSEJ__ligand12138-0
695,LAYSEJ__ligand22129-0
696,LAYSEJ__ligand122-0
697,LAYSEJ__ligand1849-0
698,LAYSEJ__ligand17427-0
699,LAYSEJ__ligand3261-0
700,LAYSEJ__ligand31694-0
701,LAYSEJ__ligand1152-0
702,LAYSEJ__ligand5019-0
703,LAYSEJ__ligand1216-0
704,LAYSEJ__ligand38-0
705,LAYSEJ__ligand29486-0
706,LAYSEJ__ligand7213-0
707,LAYSEJ__ligand1397-0
708,LAYSEJ__ligand11587-0
709,LAYSEJ__ligand13220-0
710,LAYSEJ__ligand1828-0
711,LAYSEJ__ligand15788-0
712,LAYSEJ__ligand6112-0
713,LAYSEJ__ligand23175-0
714,LAYSEJ__ligand17396-0
715,LAYSEJ__ligand8042-0
716,LAYSEJ__ligand13385-0
717,LAYSEJ__ligand5085-0
718,LAYSEJ__ligand3144-0
719,LAYSEJ__ligand14569-0
720,LAYSEJ__ligand5755-0
721,LAYSEJ__ligand22444-0
722,LAYSEJ__ligand24111-0
723,LAYSEJ__ligand4710-0
724,LAYSEJ__ligand24644-0
725,LAYSEJ__ligand10033-0
726,LAYSEJ__ligand1908-0
727,LAYSEJ__ligand3285-0
728,LAYSEJ__ligand4795-0
729,LAYSEJ__ligand12001-0
730,LAYSEJ__ligand30728-0
731,LAYSEJ__ligand1786-0
732,LAYSEJ__ligand27840-0
733,LAYSEJ__ligand693-0
734,LAYSEJ__ligand24872-0
735,LAYSEJ__ligand5630-0
736,LAYSEJ__ligand366-0
737,LAYSEJ__ligand25913-0
738,LAYSEJ__ligand16988-0
739,LAYSEJ__ligand5415-0
740,LAYSEJ__ligand18-0
741,LAYSEJ__ligand20207-0
742,LAYSEJ__ligand30711-0
743,LAYSEJ__ligand11682-0
744,LAYSEJ__ligand657-0
745,LAYSEJ__ligand4124-0
746,LAYSEJ__ligand4161-0
747,LAYSEJ__ligand3471-0
748,LAYSEJ__ligand187-0
749,LAYSEJ__ligand24035-0
750,LAYSEJ__ligand6995-0
751,LAYSEJ__ligand941-0
752,LAYSEJ__ligand596-0
753,LAYSEJ__ligand11994-0
754,LAYSEJ__ligand31044-0
755,LAYSEJ__ligand31842-0
756,LAYSEJ__ligand2823-0
757,LAYSEJ__ligand4340-0
758,LAYSEJ__ligand2281-0
759,LAYSEJ__ligand2650-0
760,LAYSEJ__ligand777-0
761,LAYSEJ__ligand16663-0
762,LAYSEJ__ligand3180-0
763,LAYSEJ__ligand14614-0
764,LAYSEJ__ligand2001-0
765,LAYSEJ__ligand22294-0
766,LAYSEJ__ligand22168-0
767,LAYSEJ__ligand28930-0
768,LAYSEJ__ligand126-0
769,LAYSEJ__ligand163-0
770,LAYSEJ__ligand7566-0
771,LAYSEJ__ligand21919-0
772,LAYSEJ__ligand12365-0
773,LAYSEJ__ligand10056-0
774,LAYSEJ__ligand28743-0
775,LAYSEJ__ligand8593-0
776,LAYSEJ__ligand15531-0
777,LAYSEJ__ligand9944-0
778,LAYSEJ__ligand11357-0
779,LAYSEJ__ligand13862-0
780,LAYSEJ__ligand24230-0
781,LAYSEJ__ligand11447-0
782,LAYSEJ__ligand845-0
783,LAYSEJ__ligand11096-0
784,LAYSEJ__ligand28810-0
785,LAYSEJ__ligand10828-0
786,LAYSEJ__ligand19792-0
787,LAYSEJ__ligand1113-0
788,LAYSEJ__ligand8553-0
789,LAYSEJ__ligand15926-0
790,LAYSEJ__ligand11970-0
791,LAYSEJ__ligand4-0
792,LAYSEJ__ligand15883-0
793,LAYSEJ__ligand5201-0
794,LAYSEJ__ligand14167-0
795,LAYSEJ__ligand13477-0
796,LAYSEJ__ligand1154-0
797,LAYSEJ__ligand9615-0
798,LAYSEJ__ligand27669-0
799,LAYSEJ__ligand30142-0
800,LAYSEJ__ligand4596-0
801,LAYSEJ__ligand1498-0
802,LAYSEJ__ligand23197-0
803,LAYSEJ__ligand29029-0
804,LAYSEJ__ligand27285-0
805,LAYSEJ__ligand338-0
806,LAYSEJ__ligand8529-0
807,LAYSEJ__ligand1169-0
808,LAYSEJ__ligand2027-0
809,LAYSEJ__ligand13672-0
810,LAYSEJ__ligand1050-0
811,LAYSEJ__ligand1015-0
812,LAYSEJ__ligand18568-0
813,LAYSEJ__ligand28685-0
814,LAYSEJ__ligand201-0
815,LAYSEJ__ligand10371-0
816,LAYSEJ__ligand2692-0
817,LAYSEJ__ligand28459-0
818,LAYSEJ__ligand1618-0
819,LAYSEJ__ligand321-0
820,LAYSEJ__ligand12453-0
821,LAYSEJ__ligand18448-0
822,LAYSEJ__ligand1028-0
823,LAYSEJ__ligand185-0
824,LAYSEJ__ligand279-0
825,LAYSEJ__ligand19184-0
826,LAYSEJ__ligand178-0
827,LAYSEJ__ligand4262-0
