,TMC
0,UBOXER__ligand7291-0
1,UBOXER__ligand12606-0
2,UBOXER__ligand30333-0
3,UBOXER__ligand3677-1
4,UBOXER__ligand9883-0
5,UBOXER__ligand29410-0
6,UBOXER__ligand12337-0
7,UBOXER__ligand4007-0
8,UBOXER__ligand2985-0
9,UBOXER__ligand26540-0
10,UBOXER__ligand188-0
11,UBOXER__ligand17281-0
12,UBOXER__ligand9299-0
13,UBOXER__ligand30296-0
14,UBOXER__ligand16628-0
15,UBOXER__ligand564-0
16,UBOXER__ligand3945-0
17,UBOXER__ligand620-0
18,UBOXER__ligand2693-0
19,UBOXER__ligand5383-0
20,UBOXER__ligand20740-0
21,UBOXER__ligand28468-0
22,UBOXER__ligand12427-0
23,UBOXER__ligand370-1
24,UBOXER__ligand9344-0
25,UBOXER__ligand16-0
26,UBOXER__ligand27460-0
27,UBOXER__ligand479-0
28,UBOXER__ligand8000-0
29,UBOXER__ligand785-0
30,UBOXER__ligand311-0
31,UBOXER__ligand3736-0
32,UBOXER__ligand30988-0
33,UBOXER__ligand6892-0
34,UBOXER__ligand23713-0
35,UBOXER__ligand18832-0
36,UBOXER__ligand27175-0
37,UBOXER__ligand1211-0
38,UBOXER__ligand370-0
39,UBOXER__ligand19641-0
40,UBOXER__ligand3712-0
41,UBOXER__ligand1464-0
42,UBOXER__ligand15422-0
43,UBOXER__ligand12934-0
44,UBOXER__ligand20578-0
45,UBOXER__ligand2881-0
46,UBOXER__ligand32-0
47,UBOXER__ligand27893-0
48,UBOXER__ligand1499-0
49,UBOXER__ligand14723-0
50,UBOXER__ligand6699-0
51,UBOXER__ligand31783-0
52,UBOXER__ligand3632-0
53,UBOXER__ligand3677-0
54,UBOXER__ligand26665-0
55,UBOXER__ligand250-0
56,UBOXER__ligand13012-0
57,UBOXER__ligand17631-0
58,UBOXER__ligand17258-0
59,UBOXER__ligand1294-0
60,UBOXER__ligand14297-0
61,UBOXER__ligand14603-0
62,UBOXER__ligand1168-0
63,UBOXER__ligand1376-0
64,UBOXER__ligand5510-0
65,UBOXER__ligand17805-0
66,UBOXER__ligand9773-0
67,UBOXER__ligand48-0
68,UBOXER__ligand17302-0
69,UBOXER__ligand2259-0
70,UBOXER__ligand25178-0
71,UBOXER__ligand1296-0
72,UBOXER__ligand116-0
73,UBOXER__ligand5099-0
74,UBOXER__ligand8592-0
75,UBOXER__ligand23769-0
76,UBOXER__ligand8-0
77,UBOXER__ligand1197-0
78,UBOXER__ligand24185-0
79,UBOXER__ligand252-0
80,UBOXER__ligand19830-0
81,UBOXER__ligand193-0
82,UBOXER__ligand13068-0
83,UBOXER__ligand3120-0
84,UBOXER__ligand3926-0
85,UBOXER__ligand4358-0
86,UBOXER__ligand10476-0
87,UBOXER__ligand24145-0
88,UBOXER__ligand2221-0
89,UBOXER__ligand15585-0
90,UBOXER__ligand12401-0
91,UBOXER__ligand12231-0
92,UBOXER__ligand830-0
93,UBOXER__ligand5595-0
94,UBOXER__ligand4101-0
95,UBOXER__ligand12130-0
96,UBOXER__ligand17387-0
97,UBOXER__ligand13658-0
98,UBOXER__ligand372-0
99,UBOXER__ligand26702-0
100,UBOXER__ligand12289-0
101,UBOXER__ligand18292-0
102,UBOXER__ligand909-0
103,UBOXER__ligand13425-0
104,UBOXER__ligand29302-0
105,UBOXER__ligand7762-0
106,UBOXER__ligand19057-0
107,UBOXER__ligand5080-0
108,UBOXER__ligand18814-0
109,UBOXER__ligand27763-0
110,UBOXER__ligand6117-0
111,UBOXER__ligand1407-0
112,UBOXER__ligand10262-0
113,UBOXER__ligand28676-0
114,UBOXER__ligand5509-0
115,UBOXER__ligand8002-0
116,UBOXER__ligand51-0
117,UBOXER__ligand10958-0
118,UBOXER__ligand12641-0
119,UBOXER__ligand1317-0
120,UBOXER__ligand3867-0
121,UBOXER__ligand2822-0
122,UBOXER__ligand91-0
123,UBOXER__ligand7293-0
124,UBOXER__ligand5304-0
125,UBOXER__ligand9167-0
126,UBOXER__ligand14108-0
127,UBOXER__ligand177-0
128,UBOXER__ligand2238-0
129,UBOXER__ligand55-0
130,UBOXER__ligand4649-0
131,UBOXER__ligand8793-0
132,UBOXER__ligand5649-0
133,UBOXER__ligand2788-0
134,UBOXER__ligand783-0
135,UBOXER__ligand352-0
136,UBOXER__ligand25411-0
137,UBOXER__ligand11456-0
138,UBOXER__ligand2906-0
139,UBOXER__ligand10712-0
140,UBOXER__ligand14174-0
141,UBOXER__ligand4711-0
142,UBOXER__ligand3244-0
143,UBOXER__ligand4807-0
144,UBOXER__ligand13331-0
145,UBOXER__ligand28884-0
146,UBOXER__ligand29879-0
147,UBOXER__ligand14248-0
148,UBOXER__ligand3178-0
149,UBOXER__ligand12030-0
150,UBOXER__ligand13294-0
151,UBOXER__ligand9753-0
152,UBOXER__ligand1787-0
153,UBOXER__ligand1356-0
154,UBOXER__ligand31832-0
155,UBOXER__ligand5530-0
156,UBOXER__ligand868-0
157,UBOXER__ligand5159-0
158,UBOXER__ligand68-0
159,UBOXER__ligand7196-0
160,UBOXER__ligand6017-0
161,UBOXER__ligand5708-0
162,UBOXER__ligand7316-0
163,UBOXER__ligand13208-0
164,UBOXER__ligand27482-0
165,UBOXER__ligand26810-0
166,UBOXER__ligand5180-0
167,UBOXER__ligand7172-0
168,UBOXER__ligand20682-0
169,UBOXER__ligand9323-0
170,UBOXER__ligand34-0
171,UBOXER__ligand7273-0
172,UBOXER__ligand7092-0
173,UBOXER__ligand2260-0
174,UBOXER__ligand1153-0
175,UBOXER__ligand3225-0
176,UBOXER__ligand1116-0
177,UBOXER__ligand2124-0
178,UBOXER__ligand197-0
179,UBOXER__ligand13390-0
180,UBOXER__ligand8612-0
181,UBOXER__ligand31097-0
182,UBOXER__ligand21581-0
183,UBOXER__ligand2417-0
184,UBOXER__ligand20251-0
185,UBOXER__ligand20214-0
186,UBOXER__ligand30702-0
187,UBOXER__ligand20539-0
188,UBOXER__ligand9284-0
189,UBOXER__ligand6391-0
190,UBOXER__ligand3126-0
191,UBOXER__ligand17261-0
192,UBOXER__ligand14117-0
193,UBOXER__ligand294-0
194,UBOXER__ligand1114-0
195,UBOXER__ligand28789-0
196,UBOXER__ligand1604-0
197,UBOXER__ligand17118-0
198,UBOXER__ligand685-0
199,UBOXER__ligand21371-0
200,UBOXER__ligand1228-0
201,UBOXER__ligand9943-0
202,UBOXER__ligand20419-0
203,UBOXER__ligand30851-0
204,UBOXER__ligand2043-0
205,UBOXER__ligand421-0
206,UBOXER__ligand14889-0
207,UBOXER__ligand1832-0
208,UBOXER__ligand29568-0
209,UBOXER__ligand8788-0
210,UBOXER__ligand2612-0
211,UBOXER__ligand235-0
212,UBOXER__ligand29414-0
213,UBOXER__ligand17982-0
214,UBOXER__ligand1599-0
215,UBOXER__ligand17278-0
216,UBOXER__ligand20011-0
217,UBOXER__ligand134-0
218,UBOXER__ligand22557-0
219,UBOXER__ligand10589-0
220,UBOXER__ligand24047-0
221,UBOXER__ligand11675-0
222,UBOXER__ligand9450-0
223,UBOXER__ligand20598-0
224,UBOXER__ligand17398-0
225,UBOXER__ligand16475-0
226,UBOXER__ligand14703-0
227,UBOXER__ligand57-0
228,UBOXER__ligand2203-0
229,UBOXER__ligand5387-0
230,UBOXER__ligand20251-1
231,UBOXER__ligand1289-0
232,UBOXER__ligand560-0
233,UBOXER__ligand89-0
234,UBOXER__ligand5201-0
235,UBOXER__ligand506-0
236,UBOXER__ligand22755-0
237,UBOXER__ligand10432-0
238,UBOXER__ligand31618-0
239,UBOXER__ligand11432-0
240,UBOXER__ligand26277-0
241,UBOXER__ligand29898-0
242,UBOXER__ligand1113-0
243,UBOXER__ligand8553-0
244,UBOXER__ligand15168-0
245,UBOXER__ligand152-0
246,UBOXER__ligand8593-0
247,UBOXER__ligand9944-0
248,UBOXER__ligand2001-0
249,UBOXER__ligand23589-0
250,UBOXER__ligand24064-0
251,UBOXER__ligand7566-0
252,UBOXER__ligand49-0
253,UBOXER__ligand18703-0
254,UBOXER__ligand4340-0
255,UBOXER__ligand2650-0
256,UBOXER__ligand2281-0
257,UBOXER__ligand3180-0
258,UBOXER__ligand176-0
259,UBOXER__ligand29087-0
260,UBOXER__ligand6995-0
261,UBOXER__ligand746-0
262,UBOXER__ligand28924-0
263,UBOXER__ligand15438-0
264,UBOXER__ligand2823-0
265,UBOXER__ligand447-0
266,UBOXER__ligand24750-0
267,UBOXER__ligand487-0
268,UBOXER__ligand4124-0
269,UBOXER__ligand3471-0
270,UBOXER__ligand4161-0
271,UBOXER__ligand17207-0
272,UBOXER__ligand31578-0
273,UBOXER__ligand17945-0
274,UBOXER__ligand5415-0
275,UBOXER__ligand18013-0
276,UBOXER__ligand25224-0
277,UBOXER__ligand12682-0
278,UBOXER__ligand1028-0
279,UBOXER__ligand18699-0
280,UBOXER__ligand17-0
281,UBOXER__ligand784-0
282,UBOXER__ligand4262-0
283,UBOXER__ligand17590-0
284,UBOXER__ligand2692-0
285,UBOXER__ligand17240-0
286,UBOXER__ligand1618-0
287,UBOXER__ligand12336-0
288,UBOXER__ligand13072-0
289,UBOXER__ligand2027-0
290,UBOXER__ligand368-0
291,UBOXER__ligand1050-0
292,UBOXER__ligand1015-0
293,UBOXER__ligand395-0
294,UBOXER__ligand19725-0
295,UBOXER__ligand8529-0
296,UBOXER__ligand24613-0
297,UBOXER__ligand115-0
298,UBOXER__ligand1169-0
299,UBOXER__ligand10555-0
300,UBOXER__ligand31483-0
301,UBOXER__ligand11568-0
302,UBOXER__ligand17710-0
303,UBOXER__ligand20579-0
304,UBOXER__ligand833-0
305,UBOXER__ligand4596-0
306,UBOXER__ligand1498-0
307,UBOXER__ligand11774-0
308,UBOXER__ligand14586-0
309,UBOXER__ligand1154-0
310,UBOXER__ligand9615-0
311,UBOXER__ligand21421-0
312,UBOXER__ligand28668-0
313,UBOXER__ligand3042-0
314,UBOXER__ligand465-0
315,UBOXER__ligand16791-0
316,UBOXER__ligand4063-0
317,UBOXER__ligand18465-0
318,UBOXER__ligand7438-0
319,UBOXER__ligand8200-0
320,UBOXER__ligand18799-0
321,UBOXER__ligand1539-0
322,UBOXER__ligand29863-0
323,UBOXER__ligand13869-0
324,UBOXER__ligand18074-0
325,UBOXER__ligand314-1
326,UBOXER__ligand1150-0
327,UBOXER__ligand3416-0
328,UBOXER__ligand3453-0
329,UBOXER__ligand11140-0
330,UBOXER__ligand4207-0
331,UBOXER__ligand29610-0
332,UBOXER__ligand1288-0
333,UBOXER__ligand12467-0
334,UBOXER__ligand25267-0
335,UBOXER__ligand10084-0
336,UBOXER__ligand9491-0
337,UBOXER__ligand23904-0
338,UBOXER__ligand314-0
339,UBOXER__ligand780-0
340,UBOXER__ligand4266-0
341,UBOXER__ligand1400-0
342,UBOXER__ligand13257-0
343,UBOXER__ligand813-0
344,UBOXER__ligand21936-0
345,UBOXER__ligand4167-0
346,UBOXER__ligand1817-0
347,UBOXER__ligand25805-0
348,UBOXER__ligand6993-0
349,UBOXER__ligand22981-0
350,UBOXER__ligand391-0
351,UBOXER__ligand20599-0
352,UBOXER__ligand1779-0
353,UBOXER__ligand27074-0
354,UBOXER__ligand9750-0
355,UBOXER__ligand14523-0
356,UBOXER__ligand27169-0
357,UBOXER__ligand18391-0
358,UBOXER__ligand7075-0
359,UBOXER__ligand618-0
360,UBOXER__ligand1149-0
361,UBOXER__ligand3557-0
362,UBOXER__ligand3980-0
363,UBOXER__ligand12295-0
364,UBOXER__ligand1786-0
365,UBOXER__ligand27835-0
366,UBOXER__ligand69-0
367,UBOXER__ligand5630-0
368,UBOXER__ligand393-0
369,UBOXER__ligand1908-0
370,UBOXER__ligand4795-0
371,UBOXER__ligand3285-0
372,UBOXER__ligand25575-0
373,UBOXER__ligand21787-0
374,UBOXER__ligand25689-0
375,UBOXER__ligand5085-0
376,UBOXER__ligand3144-0
377,UBOXER__ligand30539-0
378,UBOXER__ligand5755-0
379,UBOXER__ligand4710-0
380,UBOXER__ligand11-0
381,UBOXER__ligand21132-0
382,UBOXER__ligand7213-0
383,UBOXER__ligand1397-0
384,UBOXER__ligand1828-0
385,UBOXER__ligand11166-0
386,UBOXER__ligand23906-0
387,UBOXER__ligand353-0
388,UBOXER__ligand6112-0
389,UBOXER__ligand8042-0
390,UBOXER__ligand3261-0
391,UBOXER__ligand1152-0
392,UBOXER__ligand5019-0
393,UBOXER__ligand196-0
394,UBOXER__ligand1216-0
395,UBOXER__ligand11206-0
396,UBOXER__ligand23124-0
397,UBOXER__ligand1849-0
398,UBOXER__ligand12519-0
399,UBOXER__ligand25735-0
400,UBOXER__ligand1831-0
401,UBOXER__ligand19257-0
402,UBOXER__ligand13209-0
403,UBOXER__ligand5614-0
404,UBOXER__ligand5280-0
405,UBOXER__ligand6663-0
406,UBOXER__ligand5515-0
407,UBOXER__ligand422-0
408,UBOXER__ligand12660-0
409,UBOXER__ligand686-0
410,UBOXER__ligand31248-0
411,UBOXER__ligand25650-0
412,UBOXER__ligand13691-0
413,UBOXER__ligand30788-0
414,UBOXER__ligand7107-0
415,UBOXER__ligand14339-0
416,UBOXER__ligand1-0
417,UBOXER__ligand3215-0
418,UBOXER__ligand21752-0
419,UBOXER__ligand122-0
420,UBOXER__ligand5813-0
421,UBOXER__ligand24624-0
422,UBOXER__ligand20844-0
423,UBOXER__ligand4813-0
424,UBOXER__ligand18413-0
425,UBOXER__ligand4738-0
426,UBOXER__ligand24560-0
427,UBOXER__ligand18757-0
428,UBOXER__ligand6062-0
429,UBOXER__ligand6283-0
430,UBOXER__ligand757-0
431,UBOXER__ligand2599-0
432,UBOXER__ligand693-0
433,UBOXER__ligand4330-0
434,UBOXER__ligand7532-0
435,UBOXER__ligand4194-0
436,UBOXER__ligand20557-0
437,UBOXER__ligand30004-0
438,UBOXER__ligand2068-0
439,UBOXER__ligand7925-0
440,UBOXER__ligand25048-0
441,UBOXER__ligand21940-0
442,UBOXER__ligand1147-0
443,UBOXER__ligand23445-0
444,UBOXER__ligand24953-0
445,UBOXER__ligand27122-0
446,UBOXER__ligand20432-0
447,UBOXER__ligand3973-0
448,UBOXER__ligand16133-0
449,UBOXER__ligand13755-0
450,UBOXER__ligand67-0
451,UBOXER__ligand2403-0
452,UBOXER__ligand17445-0
453,UBOXER__ligand17069-0
454,UBOXER__ligand14477-0
455,UBOXER__ligand3934-0
456,UBOXER__ligand11798-0
457,UBOXER__ligand29334-0
458,UBOXER__ligand12413-0
459,UBOXER__ligand20731-0
460,UBOXER__ligand6455-0
461,UBOXER__ligand6882-0
462,UBOXER__ligand11758-0
463,UBOXER__ligand141-0
464,UBOXER__ligand22357-0
465,UBOXER__ligand9681-0
466,UBOXER__ligand240-0
467,UBOXER__ligand4332-0
468,UBOXER__ligand21448-0
469,UBOXER__ligand1449-0
470,UBOXER__ligand11544-0
471,UBOXER__ligand11501-0
472,UBOXER__ligand3012-0
473,UBOXER__ligand29214-0
474,UBOXER__ligand7530-0
475,UBOXER__ligand1065-0
476,UBOXER__ligand5316-0
477,UBOXER__ligand5483-0
478,UBOXER__ligand27550-0
479,UBOXER__ligand384-0
480,UBOXER__ligand5627-0
481,UBOXER__ligand18019-1
482,UBOXER__ligand1729-0
483,UBOXER__ligand14007-0
484,UBOXER__ligand2830-0
485,UBOXER__ligand18158-0
486,UBOXER__ligand27771-0
487,UBOXER__ligand6946-0
488,UBOXER__ligand1415-0
489,UBOXER__ligand7529-0
490,UBOXER__ligand768-0
491,UBOXER__ligand29565-0
492,UBOXER__ligand43-0
493,UBOXER__ligand23682-0
494,UBOXER__ligand9148-0
495,UBOXER__ligand3-0
496,UBOXER__ligand16956-0
497,UBOXER__ligand14226-0
498,UBOXER__ligand21339-0
499,UBOXER__ligand20942-1
500,UBOXER__ligand11698-0
501,UBOXER__ligand20530-0
502,UBOXER__ligand3871-0
503,UBOXER__ligand1469-0
504,UBOXER__ligand338-0
505,UBOXER__ligand14302-0
506,UBOXER__ligand13657-0
507,UBOXER__ligand14347-0
508,UBOXER__ligand24851-0
509,UBOXER__ligand1768-0
510,UBOXER__ligand10853-0
511,UBOXER__ligand29441-0
512,UBOXER__ligand5056-0
513,UBOXER__ligand4850-0
514,UBOXER__ligand1688-0
515,UBOXER__ligand11479-0
516,UBOXER__ligand5357-0
517,UBOXER__ligand10479-0
518,UBOXER__ligand27610-0
519,UBOXER__ligand3647-0
520,UBOXER__ligand3157-0
521,UBOXER__ligand29813-0
522,UBOXER__ligand16952-0
523,UBOXER__ligand1165-0
524,UBOXER__ligand9525-0
525,UBOXER__ligand15387-0
526,UBOXER__ligand20121-0
527,UBOXER__ligand5935-0
528,UBOXER__ligand1379-0
529,UBOXER__ligand20220-0
530,UBOXER__ligand2722-0
531,UBOXER__ligand178-0
532,UBOXER__ligand5849-0
533,UBOXER__ligand279-0
534,UBOXER__ligand185-0
535,UBOXER__ligand3392-0
536,UBOXER__ligand321-0
537,UBOXER__ligand4911-0
538,UBOXER__ligand1771-0
539,UBOXER__ligand10151-0
540,UBOXER__ligand1709-0
541,UBOXER__ligand8464-0
542,UBOXER__ligand8349-0
543,UBOXER__ligand19668-0
544,UBOXER__ligand19906-0
545,UBOXER__ligand201-0
546,UBOXER__ligand2527-0
547,UBOXER__ligand22353-0
548,UBOXER__ligand31000-0
549,UBOXER__ligand1327-0
550,UBOXER__ligand9809-0
551,UBOXER__ligand6672-0
552,UBOXER__ligand8722-0
553,UBOXER__ligand777-0
554,UBOXER__ligand2781-0
555,UBOXER__ligand7573-0
556,UBOXER__ligand3350-0
557,UBOXER__ligand19-0
558,UBOXER__ligand11606-0
559,UBOXER__ligand3208-0
560,UBOXER__ligand2208-0
561,UBOXER__ligand941-0
562,UBOXER__ligand596-0
563,UBOXER__ligand20821-0
564,UBOXER__ligand26673-0
565,UBOXER__ligand18067-0
566,UBOXER__ligand19824-0
567,UBOXER__ligand187-0
568,UBOXER__ligand1900-0
569,UBOXER__ligand657-0
570,UBOXER__ligand9197-0
571,UBOXER__ligand2328-0
572,UBOXER__ligand13260-0
573,UBOXER__ligand10582-0
574,UBOXER__ligand4581-0
575,UBOXER__ligand1773-0
576,UBOXER__ligand24-0
577,UBOXER__ligand11252-0
578,UBOXER__ligand3029-0
579,UBOXER__ligand366-0
580,UBOXER__ligand7162-0
581,UBOXER__ligand17686-0
582,UBOXER__ligand25658-0
583,UBOXER__ligand31205-0
584,UBOXER__ligand5892-0
585,UBOXER__ligand5094-0
586,UBOXER__ligand15455-0
587,UBOXER__ligand1712-0
588,UBOXER__ligand4131-0
589,UBOXER__ligand45-0
590,UBOXER__ligand845-0
591,UBOXER__ligand11177-0
592,UBOXER__ligand11622-0
593,UBOXER__ligand78-0
594,UBOXER__ligand7557-0
595,UBOXER__ligand1496-0
596,UBOXER__ligand16870-0
597,UBOXER__ligand1533-0
598,UBOXER__ligand16603-0
599,UBOXER__ligand126-0
600,UBOXER__ligand163-0
601,UBOXER__ligand11814-0
602,UBOXER__ligand4503-0
603,UBOXER__ligand4546-0
604,UBOXER__ligand29215-0
605,UBOXER__ligand1285-0
606,UBOXER__ligand10872-0
607,UBOXER__ligand21399-0
608,UBOXER__ligand7000-0
609,UBOXER__ligand26631-0
610,UBOXER__ligand16148-0
611,UBOXER__ligand1982-0
612,UBOXER__ligand6768-0
613,UBOXER__ligand12003-0
614,UBOXER__ligand8115-0
615,UBOXER__ligand9291-0
616,UBOXER__ligand2176-0
617,UBOXER__ligand22403-0
618,UBOXER__ligand2232-0
619,UBOXER__ligand4157-0
620,UBOXER__ligand16369-0
621,UBOXER__ligand66-0
622,UBOXER__ligand11111-0
623,UBOXER__ligand28540-0
624,UBOXER__ligand20695-0
625,UBOXER__ligand27754-0
626,UBOXER__ligand324-0
627,UBOXER__ligand5256-0
628,UBOXER__ligand361-0
629,UBOXER__ligand8876-0
630,UBOXER__ligand2828-0
631,UBOXER__ligand409-0
632,UBOXER__ligand7648-0
633,UBOXER__ligand9833-0
634,UBOXER__ligand1160-0
635,UBOXER__ligand8699-0
636,UBOXER__ligand26529-0
637,UBOXER__ligand588-0
638,UBOXER__ligand9520-0
639,UBOXER__ligand4093-0
640,UBOXER__ligand4442-0
641,UBOXER__ligand3954-0
642,UBOXER__ligand7629-0
643,UBOXER__ligand1451-0
644,UBOXER__ligand4272-0
645,UBOXER__ligand300-0
646,UBOXER__ligand9784-0
647,UBOXER__ligand42-0
648,UBOXER__ligand11618-0
649,UBOXER__ligand26324-0
650,UBOXER__ligand28559-0
651,UBOXER__ligand14043-0
652,UBOXER__ligand7238-0
653,UBOXER__ligand19927-0
654,UBOXER__ligand7280-0
655,UBOXER__ligand1790-0
656,UBOXER__ligand1304-0
657,UBOXER__ligand6709-0
658,UBOXER__ligand1219-0
659,UBOXER__ligand199-0
660,UBOXER__ligand7867-0
661,UBOXER__ligand27239-0
662,UBOXER__ligand21729-0
663,UBOXER__ligand4016-0
664,UBOXER__ligand22129-0
665,UBOXER__ligand3718-0
666,UBOXER__ligand24780-0
667,UBOXER__ligand3035-0
668,UBOXER__ligand1343-0
669,UBOXER__ligand3876-0
670,UBOXER__ligand12138-0
671,UBOXER__ligand6616-0
672,UBOXER__ligand38-0
673,UBOXER__ligand11949-0
674,UBOXER__ligand4661-0
675,UBOXER__ligand1844-0
676,UBOXER__ligand3504-0
677,UBOXER__ligand1959-0
678,UBOXER__ligand1536-0
679,UBOXER__ligand25561-0
680,UBOXER__ligand1573-0
681,UBOXER__ligand9935-0
682,UBOXER__ligand29486-0
683,UBOXER__ligand9908-0
684,UBOXER__ligand1263-0
685,UBOXER__ligand31694-0
686,UBOXER__ligand633-0
687,UBOXER__ligand7242-0
688,UBOXER__ligand497-0
689,UBOXER__ligand17427-0
690,UBOXER__ligand7106-0
691,UBOXER__ligand22444-0
692,UBOXER__ligand4720-0
693,UBOXER__ligand24111-0
694,UBOXER__ligand3937-0
695,UBOXER__ligand1202-0
696,UBOXER__ligand3174-0
697,UBOXER__ligand3131-0
698,UBOXER__ligand14569-0
699,UBOXER__ligand8969-0
700,UBOXER__ligand13385-0
701,UBOXER__ligand6839-0
702,UBOXER__ligand17396-0
703,UBOXER__ligand15788-0
704,UBOXER__ligand5211-0
705,UBOXER__ligand23175-0
706,UBOXER__ligand326-0
707,UBOXER__ligand13220-0
708,UBOXER__ligand11587-0
709,UBOXER__ligand4155-0
710,UBOXER__ligand3094-0
711,UBOXER__ligand24872-0
712,UBOXER__ligand436-0
713,UBOXER__ligand2485-0
714,UBOXER__ligand27840-0
715,UBOXER__ligand3852-0
716,UBOXER__ligand30728-0
717,UBOXER__ligand6919-0
718,UBOXER__ligand12001-0
719,UBOXER__ligand692-0
720,UBOXER__ligand5331-0
721,UBOXER__ligand1512-0
722,UBOXER__ligand10033-0
723,UBOXER__ligand24644-0
724,UBOXER__ligand3565-0
725,UBOXER__ligand8835-0
726,UBOXER__ligand11682-0
727,UBOXER__ligand2028-0
728,UBOXER__ligand20207-0
729,UBOXER__ligand30711-0
730,UBOXER__ligand7126-0
731,UBOXER__ligand25913-0
732,UBOXER__ligand3234-0
733,UBOXER__ligand1142-0
734,UBOXER__ligand656-0
735,UBOXER__ligand16988-0
736,UBOXER__ligand14614-0
737,UBOXER__ligand16663-0
738,UBOXER__ligand696-0
739,UBOXER__ligand31842-0
740,UBOXER__ligand31044-0
741,UBOXER__ligand11994-0
742,UBOXER__ligand24035-0
743,UBOXER__ligand4641-0
744,UBOXER__ligand18-0
745,UBOXER__ligand2295-0
746,UBOXER__ligand226-0
747,UBOXER__ligand6067-0
748,UBOXER__ligand1577-0
749,UBOXER__ligand15531-0
750,UBOXER__ligand28743-0
751,UBOXER__ligand11357-0
752,UBOXER__ligand13862-0
753,UBOXER__ligand162-0
754,UBOXER__ligand10056-0
755,UBOXER__ligand12365-0
756,UBOXER__ligand21919-0
757,UBOXER__ligand383-0
758,UBOXER__ligand4620-0
759,UBOXER__ligand28930-0
760,UBOXER__ligand22168-0
761,UBOXER__ligand416-0
762,UBOXER__ligand22294-0
763,UBOXER__ligand6596-0
764,UBOXER__ligand6904-0
765,UBOXER__ligand3721-0
766,UBOXER__ligand6102-0
767,UBOXER__ligand15883-0
768,UBOXER__ligand3465-0
769,UBOXER__ligand11970-0
770,UBOXER__ligand15926-0
771,UBOXER__ligand10828-0
772,UBOXER__ligand19792-0
773,UBOXER__ligand11096-0
774,UBOXER__ligand7819-0
775,UBOXER__ligand11447-0
776,UBOXER__ligand28810-0
777,UBOXER__ligand4-0
778,UBOXER__ligand2917-0
779,UBOXER__ligand24230-0
780,UBOXER__ligand6244-0
781,UBOXER__ligand1378-0
782,UBOXER__ligand30142-0
783,UBOXER__ligand3156-0
784,UBOXER__ligand2915-0
785,UBOXER__ligand571-0
786,UBOXER__ligand534-0
787,UBOXER__ligand27669-0
788,UBOXER__ligand670-0
789,UBOXER__ligand14167-0
790,UBOXER__ligand13477-0
791,UBOXER__ligand1631-0
792,UBOXER__ligand9933-0
793,UBOXER__ligand29029-0
794,UBOXER__ligand27285-0
795,UBOXER__ligand1530-0
796,UBOXER__ligand1575-0
797,UBOXER__ligand23197-0
798,UBOXER__ligand2332-0
799,UBOXER__ligand9441-0
800,UBOXER__ligand694-0
801,UBOXER__ligand10371-0
802,UBOXER__ligand9111-0
803,UBOXER__ligand9952-0
804,UBOXER__ligand5036-0
805,UBOXER__ligand2526-0
806,UBOXER__ligand1615-0
807,UBOXER__ligand28685-0
808,UBOXER__ligand18568-0
809,UBOXER__ligand488-0
810,UBOXER__ligand5643-0
811,UBOXER__ligand1823-0
812,UBOXER__ligand358-0
813,UBOXER__ligand8721-0
814,UBOXER__ligand13672-0
815,UBOXER__ligand430-0
816,UBOXER__ligand1324-0
817,UBOXER__ligand3707-0
818,UBOXER__ligand6124-0
819,UBOXER__ligand7967-0
820,UBOXER__ligand4116-0
821,UBOXER__ligand19184-0
822,UBOXER__ligand1018-0
823,UBOXER__ligand8992-0
824,UBOXER__ligand18448-0
825,UBOXER__ligand12453-0
826,UBOXER__ligand28459-0
827,UBOXER__ligand9601-0
