,TMC
0,MEHPUM__ligand2320-0
1,MEHPUM__ligand1056-0
2,MEHPUM__ligand383-0
3,MEHPUM__ligand2862-0
4,MEHPUM__ligand226-0
5,MEHPUM__ligand8921-0
6,MEHPUM__ligand2285-0
7,MEHPUM__ligand1567-0
8,MEHPUM__ligand162-0
9,MEHPUM__ligand2510-0
10,MEHPUM__ligand2907-0
11,MEHPUM__ligand1703-0
12,MEHPUM__ligand2430-0
13,MEHPUM__ligand1152-0
14,MEHPUM__ligand1727-0
15,MEHPUM__ligand8-0
16,MEHPUM__ligand1607-0
17,MEHPUM__ligand358-0
18,MEHPUM__ligand430-0
19,MEHPUM__ligand8774-0
20,MEHPUM__ligand3637-0
21,MEHPUM__ligand669-0
22,MEHPUM__ligand278-0
23,MEHPUM__ligand365-0
24,MEHPUM__ligand571-0
25,MEHPUM__ligand11-0
26,MEHPUM__ligand670-0
27,MEHPUM__ligand118-0
28,MEHPUM__ligand7464-0
29,MEHPUM__ligand10357-0
30,MEHPUM__ligand15630-0
31,MEHPUM__ligand6294-0
32,MEHPUM__ligand1054-0
33,MEHPUM__ligand1598-0
34,MEHPUM__ligand4303-0
35,MEHPUM__ligand509-0
36,MEHPUM__ligand1248-0
37,MEHPUM__ligand6151-0
38,MEHPUM__ligand2772-0
39,MEHPUM__ligand9495-0
40,MEHPUM__ligand6538-0
41,MEHPUM__ligand575-0
42,MEHPUM__ligand2142-0
43,MEHPUM__ligand199-0
44,MEHPUM__ligand927-0
45,MEHPUM__ligand2864-0
46,MEHPUM__ligand105-0
47,MEHPUM__ligand140-0
48,MEHPUM__ligand1169-0
49,MEHPUM__ligand5022-0
50,MEHPUM__ligand49-0
51,MEHPUM__ligand5941-0
52,MEHPUM__ligand2880-0
53,MEHPUM__ligand2838-0
54,MEHPUM__ligand1799-0
55,MEHPUM__ligand361-0
56,MEHPUM__ligand324-0
57,MEHPUM__ligand3838-0
58,MEHPUM__ligand409-0
59,MEHPUM__ligand89-0
60,MEHPUM__ligand9027-0
61,MEHPUM__ligand326-0
62,MEHPUM__ligand821-0
63,MEHPUM__ligand283-0
64,MEHPUM__ligand1113-0
65,MEHPUM__ligand2265-0
66,MEHPUM__ligand553-0
67,MEHPUM__ligand6396-0
68,MEHPUM__ligand1502-0
69,MEHPUM__ligand206-0
70,MEHPUM__ligand142-0
71,MEHPUM__ligand2345-0
72,MEHPUM__ligand2794-0
73,MEHPUM__ligand1835-0
74,MEHPUM__ligand436-0
75,MEHPUM__ligand4983-0
76,MEHPUM__ligand166-0
77,MEHPUM__ligand92-0
78,MEHPUM__ligand838-0
79,MEHPUM__ligand1052-0
80,MEHPUM__ligand497-0
81,MEHPUM__ligand1273-0
82,MEHPUM__ligand17-0
83,MEHPUM__ligand532-0
84,MEHPUM__ligand918-0
85,MEHPUM__ligand633-0
86,MEHPUM__ligand321-0
87,MEHPUM__ligand1114-0
88,MEHPUM__ligand178-0
89,MEHPUM__ligand34-0
90,MEHPUM__ligand279-0
91,MEHPUM__ligand1538-0
92,MEHPUM__ligand244-0
93,MEHPUM__ligand201-0
94,MEHPUM__ligand1228-0
95,MEHPUM__ligand10910-0
96,MEHPUM__ligand9244-0
97,MEHPUM__ligand100-0
98,MEHPUM__ligand95-0
99,MEHPUM__ligand1148-0
100,MEHPUM__ligand124-0
101,MEHPUM__ligand1479-0
102,MEHPUM__ligand14530-0
103,MEHPUM__ligand55-0
104,MEHPUM__ligand119-0
105,MEHPUM__ligand3246-0
106,MEHPUM__ligand5548-0
107,MEHPUM__ligand7915-0
108,MEHPUM__ligand10479-0
109,MEHPUM__ligand6686-0
110,MEHPUM__ligand1747-0
111,MEHPUM__ligand3145-0
112,MEHPUM__ligand57-0
113,MEHPUM__ligand3178-0
114,MEHPUM__ligand126-0
115,MEHPUM__ligand6332-0
116,MEHPUM__ligand6502-0
117,MEHPUM__ligand2098-0
118,MEHPUM__ligand2863-0
119,MEHPUM__ligand596-0
120,MEHPUM__ligand2634-0
121,MEHPUM__ligand10114-0
122,MEHPUM__ligand1542-0
123,MEHPUM__ligand3041-0
124,MEHPUM__ligand861-0
125,MEHPUM__ligand2751-0
126,MEHPUM__ligand366-0
127,MEHPUM__ligand187-0
128,MEHPUM__ligand73-0
129,MEHPUM__ligand612-0
130,MEHPUM__ligand2768-0
131,MEHPUM__ligand1376-0
132,MEHPUM__ligand2688-0
133,MEHPUM__ligand2259-0
134,MEHPUM__ligand1951-0
135,MEHPUM__ligand32-0
136,MEHPUM__ligand1687-0
137,MEHPUM__ligand6277-0
138,MEHPUM__ligand2629-0
139,MEHPUM__ligand4381-0
140,MEHPUM__ligand1706-0
141,MEHPUM__ligand797-0
142,MEHPUM__ligand3734-0
143,MEHPUM__ligand757-0
144,MEHPUM__ligand384-0
145,MEHPUM__ligand1438-0
146,MEHPUM__ligand3063-0
147,MEHPUM__ligand29-0
148,MEHPUM__ligand5801-0
149,MEHPUM__ligand91-0
150,MEHPUM__ligand120-0
151,MEHPUM__ligand1171-0
152,MEHPUM__ligand51-0
153,MEHPUM__ligand1685-0
154,MEHPUM__ligand1048-0
155,MEHPUM__ligand2087-0
156,MEHPUM__ligand3757-0
157,MEHPUM__ligand1459-0
158,MEHPUM__ligand141-0
159,MEHPUM__ligand240-0
160,MEHPUM__ligand48-0
161,MEHPUM__ligand1544-0
162,MEHPUM__ligand314-0
163,MEHPUM__ligand481-0
164,MEHPUM__ligand3-0
165,MEHPUM__ligand2915-0
166,MEHPUM__ligand4012-0
167,MEHPUM__ligand3196-0
168,MEHPUM__ligand170-0
169,MEHPUM__ligand391-0
170,MEHPUM__ligand2526-0
171,MEHPUM__ligand18-0
172,MEHPUM__ligand210-0
173,MEHPUM__ligand1551-0
174,MEHPUM__ligand2707-0
175,MEHPUM__ligand1690-0
176,MEHPUM__ligand1436-0
177,MEHPUM__ligand502-0
178,MEHPUM__ligand196-0
179,MEHPUM__ligand3618-0
180,MEHPUM__ligand2618-0
181,MEHPUM__ligand62-0
182,MEHPUM__ligand4370-0
183,MEHPUM__ligand113-0
184,MEHPUM__ligand422-0
185,MEHPUM__ligand1918-0
186,MEHPUM__ligand86-0
187,MEHPUM__ligand236-0
188,MEHPUM__ligand1-0
189,MEHPUM__ligand4175-0
190,MEHPUM__ligand353-0
191,MEHPUM__ligand2255-0
192,MEHPUM__ligand1493-0
193,MEHPUM__ligand3070-0
194,MEHPUM__ligand3035-0
195,MEHPUM__ligand2718-0
196,MEHPUM__ligand447-0
197,MEHPUM__ligand9176-0
198,MEHPUM__ligand133-0
199,MEHPUM__ligand3251-0
200,MEHPUM__ligand666-0
201,MEHPUM__ligand522-0
202,MEHPUM__ligand5235-0
203,MEHPUM__ligand6143-0
204,MEHPUM__ligand4619-0
205,MEHPUM__ligand487-0
206,MEHPUM__ligand66-0
207,MEHPUM__ligand7456-0
208,MEHPUM__ligand1818-0
209,MEHPUM__ligand3852-0
210,MEHPUM__ligand3478-0
211,MEHPUM__ligand5758-0
212,MEHPUM__ligand682-0
213,MEHPUM__ligand7630-0
214,MEHPUM__ligand1555-0
215,MEHPUM__ligand115-0
216,MEHPUM__ligand1285-0
217,MEHPUM__ligand1907-0
218,MEHPUM__ligand291-0
219,MEHPUM__ligand4423-0
220,MEHPUM__ligand21-0
221,MEHPUM__ligand3890-0
222,MEHPUM__ligand2954-0
223,MEHPUM__ligand5093-0
224,MEHPUM__ligand40-0
225,MEHPUM__ligand2253-0
226,MEHPUM__ligand1160-0
227,MEHPUM__ligand485-0
228,MEHPUM__ligand1038-0
229,MEHPUM__ligand2762-0
230,MEHPUM__ligand784-0
231,MEHPUM__ligand355-0
232,MEHPUM__ligand7550-0
233,MEHPUM__ligand38-0
234,MEHPUM__ligand2315-0
235,MEHPUM__ligand1898-0
236,MEHPUM__ligand4504-0
237,MEHPUM__ligand3051-0
238,MEHPUM__ligand2480-0
239,MEHPUM__ligand5334-0
240,MEHPUM__ligand112-0
241,MEHPUM__ligand296-0
242,MEHPUM__ligand197-0
243,MEHPUM__ligand8032-0
244,MEHPUM__ligand1858-0
245,MEHPUM__ligand2916-0
246,MEHPUM__ligand2110-0
247,MEHPUM__ligand3579-0
248,MEHPUM__ligand1712-0
249,MEHPUM__ligand783-0
250,MEHPUM__ligand352-0
251,MEHPUM__ligand2389-0
252,MEHPUM__ligand442-0
253,MEHPUM__ligand868-0
254,MEHPUM__ligand1919-0
255,MEHPUM__ligand136-0
256,MEHPUM__ligand390-0
257,MEHPUM__ligand2376-0
258,MEHPUM__ligand2929-0
259,MEHPUM__ligand78-0
260,MEHPUM__ligand235-0
261,MEHPUM__ligand85-0
262,MEHPUM__ligand932-0
263,MEHPUM__ligand134-0
264,MEHPUM__ligand1299-0
265,MEHPUM__ligand109-0
266,MEHPUM__ligand6430-0
267,MEHPUM__ligand560-0
268,MEHPUM__ligand525-0
269,MEHPUM__ligand1221-0
270,MEHPUM__ligand1264-0
271,MEHPUM__ligand45-0
272,MEHPUM__ligand1379-0
273,MEHPUM__ligand993-0
274,MEHPUM__ligand7414-0
275,MEHPUM__ligand5762-0
276,MEHPUM__ligand1104-0
277,MEHPUM__ligand294-0
278,MEHPUM__ligand1019-0
279,MEHPUM__ligand2442-0
280,MEHPUM__ligand331-0
281,MEHPUM__ligand798-0
282,MEHPUM__ligand1325-0
283,MEHPUM__ligand2482-0
284,MEHPUM__ligand421-0
285,MEHPUM__ligand6571-0
286,MEHPUM__ligand916-0
287,MEHPUM__ligand584-0
288,MEHPUM__ligand1788-0
289,MEHPUM__ligand370-0
290,MEHPUM__ligand250-0
291,MEHPUM__ligand1178-0
292,MEHPUM__ligand3566-0
293,MEHPUM__ligand1321-0
294,MEHPUM__ligand460-0
295,MEHPUM__ligand4811-0
296,MEHPUM__ligand1449-1
297,MEHPUM__ligand188-0
298,MEHPUM__ligand444-0
299,MEHPUM__ligand369-0
300,MEHPUM__ligand3337-0
301,MEHPUM__ligand7514-0
302,MEHPUM__ligand6-0
303,MEHPUM__ligand311-0
304,MEHPUM__ligand9620-0
305,MEHPUM__ligand1260-0
306,MEHPUM__ligand4894-0
307,MEHPUM__ligand851-0
308,MEHPUM__ligand4-0
309,MEHPUM__ligand909-0
310,MEHPUM__ligand934-0
311,MEHPUM__ligand177-0
312,MEHPUM__ligand1307-0
313,MEHPUM__ligand955-0
314,MEHPUM__ligand5089-0
315,MEHPUM__ligand2599-0
316,MEHPUM__ligand252-0
317,MEHPUM__ligand11730-0
318,MEHPUM__ligand3853-0
319,MEHPUM__ligand2853-0
320,MEHPUM__ligand830-0
321,MEHPUM__ligand6166-0
322,MEHPUM__ligand193-0
323,MEHPUM__ligand1246-0
324,MEHPUM__ligand67-0
