,TMC
0,ONOYAT__ligand134-0
1,ONOYAT__ligand932-0
2,ONOYAT__ligand235-0
3,ONOYAT__ligand17-0
4,ONOYAT__ligand390-0
5,ONOYAT__ligand1171-0
6,ONOYAT__ligand92-0
7,ONOYAT__ligand5801-0
8,ONOYAT__ligand1438-0
9,ONOYAT__ligand525-0
10,ONOYAT__ligand560-0
11,ONOYAT__ligand3063-0
12,ONOYAT__ligand109-0
13,ONOYAT__ligand331-0
14,ONOYAT__ligand1544-0
15,ONOYAT__ligand294-0
16,ONOYAT__ligand993-0
17,ONOYAT__ligand1459-0
18,ONOYAT__ligand3757-0
19,ONOYAT__ligand1048-0
20,ONOYAT__ligand2087-0
21,ONOYAT__ligand584-0
22,ONOYAT__ligand916-0
23,ONOYAT__ligand1685-0
24,ONOYAT__ligand421-0
25,ONOYAT__ligand798-0
26,ONOYAT__ligand6277-0
27,ONOYAT__ligand112-0
28,ONOYAT__ligand1687-0
29,ONOYAT__ligand89-0
30,ONOYAT__ligand1951-0
31,ONOYAT__ligand2259-0
32,ONOYAT__ligand2688-0
33,ONOYAT__ligand49-0
34,ONOYAT__ligand2768-0
35,ONOYAT__ligand1376-0
36,ONOYAT__ligand197-0
37,ONOYAT__ligand296-0
38,ONOYAT__ligand352-0
39,ONOYAT__ligand783-0
40,ONOYAT__ligand3734-0
41,ONOYAT__ligand136-0
42,ONOYAT__ligand1706-0
43,ONOYAT__ligand4381-0
44,ONOYAT__ligand868-0
45,ONOYAT__ligand442-0
46,ONOYAT__ligand2629-0
47,ONOYAT__ligand2863-0
48,ONOYAT__ligand6502-0
49,ONOYAT__ligand2098-0
50,ONOYAT__ligand909-0
51,ONOYAT__ligand6332-0
52,ONOYAT__ligand851-0
53,ONOYAT__ligand3178-0
54,ONOYAT__ligand3145-0
55,ONOYAT__ligand11-0
56,ONOYAT__ligand1747-0
57,ONOYAT__ligand6686-0
58,ONOYAT__ligand177-0
59,ONOYAT__ligand934-0
60,ONOYAT__ligand5548-0
61,ONOYAT__ligand7915-0
62,ONOYAT__ligand2751-0
63,ONOYAT__ligand252-0
64,ONOYAT__ligand955-0
65,ONOYAT__ligand3041-0
66,ONOYAT__ligand193-0
67,ONOYAT__ligand1542-0
68,ONOYAT__ligand2634-0
69,ONOYAT__ligand830-0
70,ONOYAT__ligand9244-0
71,ONOYAT__ligand1228-0
72,ONOYAT__ligand370-0
73,ONOYAT__ligand460-0
74,ONOYAT__ligand1538-0
75,ONOYAT__ligand1114-0
76,ONOYAT__ligand250-0
77,ONOYAT__ligand3246-0
78,ONOYAT__ligand369-0
79,ONOYAT__ligand444-0
80,ONOYAT__ligand188-0
81,ONOYAT__ligand1479-0
82,ONOYAT__ligand311-0
83,ONOYAT__ligand1148-0
84,ONOYAT__ligand196-0
85,ONOYAT__ligand502-0
86,ONOYAT__ligand4983-0
87,ONOYAT__ligand1835-0
88,ONOYAT__ligand2794-0
89,ONOYAT__ligand2345-0
90,ONOYAT__ligand1502-0
91,ONOYAT__ligand48-0
92,ONOYAT__ligand422-0
93,ONOYAT__ligand6396-0
94,ONOYAT__ligand2265-0
95,ONOYAT__ligand1113-0
96,ONOYAT__ligand8-0
97,ONOYAT__ligand113-0
98,ONOYAT__ligand9027-0
99,ONOYAT__ligand1273-0
100,ONOYAT__ligand51-0
101,ONOYAT__ligand236-0
102,ONOYAT__ligand1052-0
103,ONOYAT__ligand29-0
104,ONOYAT__ligand353-0
105,ONOYAT__ligand91-0
106,ONOYAT__ligand2864-0
107,ONOYAT__ligand481-0
108,ONOYAT__ligand314-0
109,ONOYAT__ligand2142-0
110,ONOYAT__ligand391-0
111,ONOYAT__ligand170-0
112,ONOYAT__ligand6538-0
113,ONOYAT__ligand2772-0
114,ONOYAT__ligand6151-0
115,ONOYAT__ligand9495-0
116,ONOYAT__ligand32-0
117,ONOYAT__ligand11730-0
118,ONOYAT__ligand1799-0
119,ONOYAT__ligand3838-0
120,ONOYAT__ligand2838-0
121,ONOYAT__ligand210-0
122,ONOYAT__ligand2880-0
123,ONOYAT__ligand5941-0
124,ONOYAT__ligand1169-0
125,ONOYAT__ligand5022-0
126,ONOYAT__ligand115-0
127,ONOYAT__ligand73-0
128,ONOYAT__ligand3637-0
129,ONOYAT__ligand8774-0
130,ONOYAT__ligand291-0
131,ONOYAT__ligand4303-0
132,ONOYAT__ligand355-0
133,ONOYAT__ligand784-0
134,ONOYAT__ligand1248-0
135,ONOYAT__ligand485-0
136,ONOYAT__ligand1598-0
137,ONOYAT__ligand1054-0
138,ONOYAT__ligand6294-0
139,ONOYAT__ligand7464-0
140,ONOYAT__ligand57-0
141,ONOYAT__ligand2430-0
142,ONOYAT__ligand1703-0
143,ONOYAT__ligand133-0
144,ONOYAT__ligand2907-0
145,ONOYAT__ligand447-0
146,ONOYAT__ligand55-0
147,ONOYAT__ligand487-0
148,ONOYAT__ligand95-0
149,ONOYAT__ligand2510-0
150,ONOYAT__ligand8921-0
151,ONOYAT__ligand1567-0
152,ONOYAT__ligand2285-0
153,ONOYAT__ligand522-0
154,ONOYAT__ligand2862-0
155,ONOYAT__ligand666-0
156,ONOYAT__ligand1056-0
157,ONOYAT__ligand2320-0
158,ONOYAT__ligand1607-0
159,ONOYAT__ligand682-0
160,ONOYAT__ligand1727-0
161,ONOYAT__ligand1152-0
162,ONOYAT__ligand34-0
163,ONOYAT__ligand1307-0
164,ONOYAT__ligand38-0
165,ONOYAT__ligand40-0
166,ONOYAT__ligand126-0
167,ONOYAT__ligand21-0
168,ONOYAT__ligand1246-0
169,ONOYAT__ligand6166-0
170,ONOYAT__ligand596-0
171,ONOYAT__ligand612-0
172,ONOYAT__ligand2853-0
173,ONOYAT__ligand3853-0
174,ONOYAT__ligand187-0
175,ONOYAT__ligand366-0
176,ONOYAT__ligand2599-0
177,ONOYAT__ligand5089-0
178,ONOYAT__ligand861-0
179,ONOYAT__ligand1321-0
180,ONOYAT__ligand279-0
181,ONOYAT__ligand178-0
182,ONOYAT__ligand1178-0
183,ONOYAT__ligand3566-0
184,ONOYAT__ligand321-0
185,ONOYAT__ligand66-0
186,ONOYAT__ligand100-0
187,ONOYAT__ligand1788-0
188,ONOYAT__ligand201-0
189,ONOYAT__ligand244-0
190,ONOYAT__ligand9620-0
191,ONOYAT__ligand4894-0
192,ONOYAT__ligand1260-0
193,ONOYAT__ligand124-0
194,ONOYAT__ligand119-0
195,ONOYAT__ligand7514-0
196,ONOYAT__ligand3337-0
197,ONOYAT__ligand4811-0
198,ONOYAT__ligand1449-1
199,ONOYAT__ligand120-0
200,ONOYAT__ligand1379-0
201,ONOYAT__ligand1221-0
202,ONOYAT__ligand1264-0
203,ONOYAT__ligand1299-0
204,ONOYAT__ligand384-0
205,ONOYAT__ligand6430-0
206,ONOYAT__ligand86-0
207,ONOYAT__ligand2929-0
208,ONOYAT__ligand6-0
209,ONOYAT__ligand2376-0
210,ONOYAT__ligand6571-0
211,ONOYAT__ligand2482-0
212,ONOYAT__ligand1325-0
213,ONOYAT__ligand240-0
214,ONOYAT__ligand1019-0
215,ONOYAT__ligand141-0
216,ONOYAT__ligand2442-0
217,ONOYAT__ligand1104-0
218,ONOYAT__ligand5762-0
219,ONOYAT__ligand7414-0
220,ONOYAT__ligand62-0
221,ONOYAT__ligand1858-0
222,ONOYAT__ligand8032-0
223,ONOYAT__ligand5334-0
224,ONOYAT__ligand18-0
225,ONOYAT__ligand1898-0
226,ONOYAT__ligand2480-0
227,ONOYAT__ligand4504-0
228,ONOYAT__ligand3051-0
229,ONOYAT__ligand2315-0
230,ONOYAT__ligand15630-0
231,ONOYAT__ligand797-0
232,ONOYAT__ligand10357-0
233,ONOYAT__ligand1919-0
234,ONOYAT__ligand4-0
235,ONOYAT__ligand2389-0
236,ONOYAT__ligand1712-0
237,ONOYAT__ligand757-0
238,ONOYAT__ligand3579-0
239,ONOYAT__ligand2916-0
240,ONOYAT__ligand2110-0
241,ONOYAT__ligand669-0
242,ONOYAT__ligand3890-0
243,ONOYAT__ligand430-0
244,ONOYAT__ligand4423-0
245,ONOYAT__ligand67-0
246,ONOYAT__ligand358-0
247,ONOYAT__ligand1907-0
248,ONOYAT__ligand1285-0
249,ONOYAT__ligand1555-0
250,ONOYAT__ligand365-0
251,ONOYAT__ligand7630-0
252,ONOYAT__ligand278-0
253,ONOYAT__ligand118-0
254,ONOYAT__ligand3-0
255,ONOYAT__ligand7550-0
256,ONOYAT__ligand670-0
257,ONOYAT__ligand571-0
258,ONOYAT__ligand2762-0
259,ONOYAT__ligand509-0
260,ONOYAT__ligand1038-0
261,ONOYAT__ligand1160-0
262,ONOYAT__ligand2253-0
263,ONOYAT__ligand2954-0
264,ONOYAT__ligand5093-0
265,ONOYAT__ligand4619-0
266,ONOYAT__ligand162-0
267,ONOYAT__ligand226-0
268,ONOYAT__ligand6143-0
269,ONOYAT__ligand5235-0
270,ONOYAT__ligand383-0
271,ONOYAT__ligand3251-0
272,ONOYAT__ligand9176-0
273,ONOYAT__ligand3070-0
274,ONOYAT__ligand3035-0
275,ONOYAT__ligand2718-0
276,ONOYAT__ligand1493-0
277,ONOYAT__ligand1-0
278,ONOYAT__ligand5758-0
279,ONOYAT__ligand3478-0
280,ONOYAT__ligand3852-0
281,ONOYAT__ligand1818-0
282,ONOYAT__ligand7456-0
283,ONOYAT__ligand553-0
284,ONOYAT__ligand283-0
285,ONOYAT__ligand821-0
286,ONOYAT__ligand326-0
287,ONOYAT__ligand4370-0
288,ONOYAT__ligand2618-0
289,ONOYAT__ligand3618-0
290,ONOYAT__ligand436-0
291,ONOYAT__ligand142-0
292,ONOYAT__ligand1436-0
293,ONOYAT__ligand206-0
294,ONOYAT__ligand10910-0
295,ONOYAT__ligand2255-0
296,ONOYAT__ligand838-0
297,ONOYAT__ligand45-0
298,ONOYAT__ligand4175-0
299,ONOYAT__ligand166-0
300,ONOYAT__ligand633-0
301,ONOYAT__ligand918-0
302,ONOYAT__ligand532-0
303,ONOYAT__ligand78-0
304,ONOYAT__ligand1918-0
305,ONOYAT__ligand14530-0
306,ONOYAT__ligand497-0
307,ONOYAT__ligand85-0
308,ONOYAT__ligand575-0
309,ONOYAT__ligand4012-0
310,ONOYAT__ligand10479-0
311,ONOYAT__ligand3196-0
312,ONOYAT__ligand2915-0
313,ONOYAT__ligand927-0
314,ONOYAT__ligand199-0
315,ONOYAT__ligand1690-0
316,ONOYAT__ligand10114-0
317,ONOYAT__ligand2707-0
318,ONOYAT__ligand140-0
319,ONOYAT__ligand105-0
320,ONOYAT__ligand409-0
321,ONOYAT__ligand324-0
322,ONOYAT__ligand1551-0
323,ONOYAT__ligand361-0
324,ONOYAT__ligand2526-0
