,TMC
0,UBICIR__ligand4-0
1,UBICIR__ligand8529-0
2,UBICIR__ligand20251-1
3,UBICIR__ligand1169-0
4,UBICIR__ligand14703-0
5,UBICIR__ligand16475-0
6,UBICIR__ligand294-0
7,UBICIR__ligand17398-0
8,UBICIR__ligand10589-0
9,UBICIR__ligand685-0
10,UBICIR__ligand22557-0
11,UBICIR__ligand24047-0
12,UBICIR__ligand4596-0
13,UBICIR__ligand11675-0
14,UBICIR__ligand1498-0
15,UBICIR__ligand20598-0
16,UBICIR__ligand29414-0
17,UBICIR__ligand17982-0
18,UBICIR__ligand67-0
19,UBICIR__ligand20011-0
20,UBICIR__ligand17278-0
21,UBICIR__ligand421-0
22,UBICIR__ligand1154-0
23,UBICIR__ligand9615-0
24,UBICIR__ligand1028-0
25,UBICIR__ligand235-0
26,UBICIR__ligand29568-0
27,UBICIR__ligand134-0
28,UBICIR__ligand30851-0
29,UBICIR__ligand14889-0
30,UBICIR__ligand4262-0
31,UBICIR__ligand17118-0
32,UBICIR__ligand21371-0
33,UBICIR__ligand20419-0
34,UBICIR__ligand43-0
35,UBICIR__ligand2692-0
36,UBICIR__ligand28789-0
37,UBICIR__ligand1618-0
38,UBICIR__ligand17261-0
39,UBICIR__ligand14117-0
40,UBICIR__ligand20251-0
41,UBICIR__ligand2027-0
42,UBICIR__ligand30702-0
43,UBICIR__ligand20214-0
44,UBICIR__ligand20539-0
45,UBICIR__ligand21581-0
46,UBICIR__ligand31097-0
47,UBICIR__ligand1050-0
48,UBICIR__ligand1015-0
49,UBICIR__ligand560-0
50,UBICIR__ligand4340-0
51,UBICIR__ligand2281-0
52,UBICIR__ligand2650-0
53,UBICIR__ligand13390-0
54,UBICIR__ligand3180-0
55,UBICIR__ligand783-0
56,UBICIR__ligand352-0
57,UBICIR__ligand6995-0
58,UBICIR__ligand20682-0
59,UBICIR__ligand2823-0
60,UBICIR__ligand27482-0
61,UBICIR__ligand26810-0
62,UBICIR__ligand4124-0
63,UBICIR__ligand13208-0
64,UBICIR__ligand4161-0
65,UBICIR__ligand3471-0
66,UBICIR__ligand868-0
67,UBICIR__ligand5415-0
68,UBICIR__ligand13294-0
69,UBICIR__ligand5201-0
70,UBICIR__ligand31832-0
71,UBICIR__ligand29879-0
72,UBICIR__ligand14248-0
73,UBICIR__ligand12030-0
74,UBICIR__ligand1113-0
75,UBICIR__ligand13331-0
76,UBICIR__ligand8553-0
77,UBICIR__ligand28884-0
78,UBICIR__ligand10712-0
79,UBICIR__ligand14174-0
80,UBICIR__ligand8593-0
81,UBICIR__ligand9944-0
82,UBICIR__ligand11456-0
83,UBICIR__ligand25411-0
84,UBICIR__ligand2001-0
85,UBICIR__ligand7566-0
86,UBICIR__ligand197-0
87,UBICIR__ligand24-0
88,UBICIR__ligand14108-0
89,UBICIR__ligand3261-0
90,UBICIR__ligand1152-0
91,UBICIR__ligand5019-0
92,UBICIR__ligand1216-0
93,UBICIR__ligand12641-0
94,UBICIR__ligand116-0
95,UBICIR__ligand1849-0
96,UBICIR__ligand10958-0
97,UBICIR__ligand252-0
98,UBICIR__ligand1831-0
99,UBICIR__ligand5614-0
100,UBICIR__ligand193-0
101,UBICIR__ligand5280-0
102,UBICIR__ligand6663-0
103,UBICIR__ligand27763-0
104,UBICIR__ligand5515-0
105,UBICIR__ligand10262-0
106,UBICIR__ligand28676-0
107,UBICIR__ligand19057-0
108,UBICIR__ligand830-0
109,UBICIR__ligand18814-0
110,UBICIR__ligand19-0
111,UBICIR__ligand29302-0
112,UBICIR__ligand13425-0
113,UBICIR__ligand372-0
114,UBICIR__ligand17387-0
115,UBICIR__ligand12130-0
116,UBICIR__ligand909-0
117,UBICIR__ligand13658-0
118,UBICIR__ligand1786-0
119,UBICIR__ligand26702-0
120,UBICIR__ligand12289-0
121,UBICIR__ligand18292-0
122,UBICIR__ligand12231-0
123,UBICIR__ligand5630-0
124,UBICIR__ligand24145-0
125,UBICIR__ligand15585-0
126,UBICIR__ligand12401-0
127,UBICIR__ligand78-0
128,UBICIR__ligand1908-0
129,UBICIR__ligand19830-0
130,UBICIR__ligand3285-0
131,UBICIR__ligand4795-0
132,UBICIR__ligand13068-0
133,UBICIR__ligand10476-0
134,UBICIR__ligand23769-0
135,UBICIR__ligand5085-0
136,UBICIR__ligand3144-0
137,UBICIR__ligand24185-0
138,UBICIR__ligand25178-0
139,UBICIR__ligand45-0
140,UBICIR__ligand5755-0
141,UBICIR__ligand4710-0
142,UBICIR__ligand7213-0
143,UBICIR__ligand1397-0
144,UBICIR__ligand1828-0
145,UBICIR__ligand17302-0
146,UBICIR__ligand177-0
147,UBICIR__ligand6112-0
148,UBICIR__ligand17805-0
149,UBICIR__ligand8042-0
150,UBICIR__ligand17258-0
151,UBICIR__ligand14297-0
152,UBICIR__ligand1288-0
153,UBICIR__ligand14603-0
154,UBICIR__ligand26665-0
155,UBICIR__ligand13012-0
156,UBICIR__ligand17631-0
157,UBICIR__ligand9491-0
158,UBICIR__ligand4266-0
159,UBICIR__ligand1400-0
160,UBICIR__ligand188-0
161,UBICIR__ligand31783-0
162,UBICIR__ligand4167-0
163,UBICIR__ligand1817-0
164,UBICIR__ligand6993-0
165,UBICIR__ligand27893-0
166,UBICIR__ligand564-0
167,UBICIR__ligand14723-0
168,UBICIR__ligand1779-0
169,UBICIR__ligand19641-0
170,UBICIR__ligand620-0
171,UBICIR__ligand370-1
172,UBICIR__ligand15422-0
173,UBICIR__ligand20578-0
174,UBICIR__ligand12934-0
175,UBICIR__ligand9750-0
176,UBICIR__ligand23713-0
177,UBICIR__ligand18832-0
178,UBICIR__ligand27175-0
179,UBICIR__ligand7075-0
180,UBICIR__ligand479-0
181,UBICIR__ligand30988-0
182,UBICIR__ligand1149-0
183,UBICIR__ligand3557-0
184,UBICIR__ligand3980-0
185,UBICIR__ligand785-0
186,UBICIR__ligand311-0
187,UBICIR__ligand3042-0
188,UBICIR__ligand27460-0
189,UBICIR__ligand4063-0
190,UBICIR__ligand370-0
191,UBICIR__ligand28468-0
192,UBICIR__ligand20740-0
193,UBICIR__ligand8200-0
194,UBICIR__ligand12427-0
195,UBICIR__ligand7438-0
196,UBICIR__ligand16628-0
197,UBICIR__ligand1539-0
198,UBICIR__ligand17281-0
199,UBICIR__ligand30296-0
200,UBICIR__ligand29410-0
201,UBICIR__ligand12337-0
202,UBICIR__ligand26540-0
203,UBICIR__ligand1150-0
204,UBICIR__ligand250-0
205,UBICIR__ligand30333-0
206,UBICIR__ligand3416-0
207,UBICIR__ligand3453-0
208,UBICIR__ligand4207-0
209,UBICIR__ligand12606-0
210,UBICIR__ligand31248-0
211,UBICIR__ligand25650-0
212,UBICIR__ligand7762-0
213,UBICIR__ligand5080-0
214,UBICIR__ligand393-0
215,UBICIR__ligand1407-0
216,UBICIR__ligand6117-0
217,UBICIR__ligand5509-0
218,UBICIR__ligand12660-0
219,UBICIR__ligand8002-0
220,UBICIR__ligand13209-0
221,UBICIR__ligand19257-0
222,UBICIR__ligand12519-0
223,UBICIR__ligand25735-0
224,UBICIR__ligand11206-0
225,UBICIR__ligand1317-0
226,UBICIR__ligand3867-0
227,UBICIR__ligand23124-0
228,UBICIR__ligand2822-0
229,UBICIR__ligand7293-0
230,UBICIR__ligand5304-0
231,UBICIR__ligand9167-0
232,UBICIR__ligand353-0
233,UBICIR__ligand38-0
234,UBICIR__ligand2238-0
235,UBICIR__ligand23906-0
236,UBICIR__ligand1376-0
237,UBICIR__ligand5510-0
238,UBICIR__ligand9773-0
239,UBICIR__ligand21132-0
240,UBICIR__ligand196-0
241,UBICIR__ligand11166-0
242,UBICIR__ligand30539-0
243,UBICIR__ligand2259-0
244,UBICIR__ligand1296-0
245,UBICIR__ligand5099-0
246,UBICIR__ligand8592-0
247,UBICIR__ligand1197-0
248,UBICIR__ligand25575-0
249,UBICIR__ligand21787-0
250,UBICIR__ligand3120-0
251,UBICIR__ligand3926-0
252,UBICIR__ligand4358-0
253,UBICIR__ligand25689-0
254,UBICIR__ligand2221-0
255,UBICIR__ligand422-0
256,UBICIR__ligand686-0
257,UBICIR__ligand5595-0
258,UBICIR__ligand4101-0
259,UBICIR__ligand12295-0
260,UBICIR__ligand27835-0
261,UBICIR__ligand66-0
262,UBICIR__ligand465-0
263,UBICIR__ligand6892-0
264,UBICIR__ligand14523-0
265,UBICIR__ligand27169-0
266,UBICIR__ligand18391-0
267,UBICIR__ligand1211-0
268,UBICIR__ligand27074-0
269,UBICIR__ligand1464-0
270,UBICIR__ligand3712-0
271,UBICIR__ligand25805-0
272,UBICIR__ligand22981-0
273,UBICIR__ligand2881-0
274,UBICIR__ligand1499-0
275,UBICIR__ligand20599-0
276,UBICIR__ligand13257-0
277,UBICIR__ligand6699-0
278,UBICIR__ligand21936-0
279,UBICIR__ligand314-1
280,UBICIR__ligand23904-0
281,UBICIR__ligand3632-0
282,UBICIR__ligand3677-0
283,UBICIR__ligand25267-0
284,UBICIR__ligand10084-0
285,UBICIR__ligand1294-0
286,UBICIR__ligand12467-0
287,UBICIR__ligand1168-0
288,UBICIR__ligand7291-0
289,UBICIR__ligand29610-0
290,UBICIR__ligand9883-0
291,UBICIR__ligand11140-0
292,UBICIR__ligand3677-1
293,UBICIR__ligand4007-0
294,UBICIR__ligand314-0
295,UBICIR__ligand2985-0
296,UBICIR__ligand780-0
297,UBICIR__ligand29863-0
298,UBICIR__ligand9299-0
299,UBICIR__ligand13869-0
300,UBICIR__ligand813-0
301,UBICIR__ligand18074-0
302,UBICIR__ligand391-0
303,UBICIR__ligand3945-0
304,UBICIR__ligand18465-0
305,UBICIR__ligand42-0
306,UBICIR__ligand5383-0
307,UBICIR__ligand2693-0
308,UBICIR__ligand18799-0
309,UBICIR__ligand9344-0
310,UBICIR__ligand16791-0
311,UBICIR__ligand618-0
312,UBICIR__ligand8000-0
313,UBICIR__ligand28668-0
314,UBICIR__ligand3736-0
315,UBICIR__ligand21421-0
316,UBICIR__ligand2612-0
317,UBICIR__ligand11774-0
318,UBICIR__ligand14586-0
319,UBICIR__ligand1599-0
320,UBICIR__ligand784-0
321,UBICIR__ligand9450-0
322,UBICIR__ligand11568-0
323,UBICIR__ligand20579-0
324,UBICIR__ligand17710-0
325,UBICIR__ligand10555-0
326,UBICIR__ligand31483-0
327,UBICIR__ligand2203-0
328,UBICIR__ligand5387-0
329,UBICIR__ligand24613-0
330,UBICIR__ligand1289-0
331,UBICIR__ligand368-0
332,UBICIR__ligand395-0
333,UBICIR__ligand19725-0
334,UBICIR__ligand2417-0
335,UBICIR__ligand115-0
336,UBICIR__ligand13072-0
337,UBICIR__ligand9284-0
338,UBICIR__ligand3126-0
339,UBICIR__ligand6391-0
340,UBICIR__ligand12336-0
341,UBICIR__ligand1114-0
342,UBICIR__ligand1604-0
343,UBICIR__ligand17240-0
344,UBICIR__ligand833-0
345,UBICIR__ligand17590-0
346,UBICIR__ligand1-0
347,UBICIR__ligand9943-0
348,UBICIR__ligand1228-0
349,UBICIR__ligand2043-0
350,UBICIR__ligand12682-0
351,UBICIR__ligand18699-0
352,UBICIR__ligand1832-0
353,UBICIR__ligand8788-0
354,UBICIR__ligand3-0
355,UBICIR__ligand17945-0
356,UBICIR__ligand6017-0
357,UBICIR__ligand25224-0
358,UBICIR__ligand18013-0
359,UBICIR__ligand17207-0
360,UBICIR__ligand5708-0
361,UBICIR__ligand18-0
362,UBICIR__ligand31578-0
363,UBICIR__ligand7316-0
364,UBICIR__ligand24750-0
365,UBICIR__ligand506-0
366,UBICIR__ligand5180-0
367,UBICIR__ligand28924-0
368,UBICIR__ligand152-0
369,UBICIR__ligand15438-0
370,UBICIR__ligand7172-0
371,UBICIR__ligand9323-0
372,UBICIR__ligand7273-0
373,UBICIR__ligand7092-0
374,UBICIR__ligand2260-0
375,UBICIR__ligand3225-0
376,UBICIR__ligand1153-0
377,UBICIR__ligand1116-0
378,UBICIR__ligand29087-0
379,UBICIR__ligand18703-0
380,UBICIR__ligand2124-0
381,UBICIR__ligand8612-0
382,UBICIR__ligand24064-0
383,UBICIR__ligand4649-0
384,UBICIR__ligand8793-0
385,UBICIR__ligand2788-0
386,UBICIR__ligand5649-0
387,UBICIR__ligand176-0
388,UBICIR__ligand23589-0
389,UBICIR__ligand746-0
390,UBICIR__ligand2906-0
391,UBICIR__ligand15168-0
392,UBICIR__ligand447-0
393,UBICIR__ligand4711-0
394,UBICIR__ligand3244-0
395,UBICIR__ligand26277-0
396,UBICIR__ligand29898-0
397,UBICIR__ligand4807-0
398,UBICIR__ligand22755-0
399,UBICIR__ligand487-0
400,UBICIR__ligand10432-0
401,UBICIR__ligand31618-0
402,UBICIR__ligand3178-0
403,UBICIR__ligand11432-0
404,UBICIR__ligand9753-0
405,UBICIR__ligand1356-0
406,UBICIR__ligand1787-0
407,UBICIR__ligand5530-0
408,UBICIR__ligand5159-0
409,UBICIR__ligand7196-0
410,UBICIR__ligand4720-0
411,UBICIR__ligand11814-0
412,UBICIR__ligand3174-0
413,UBICIR__ligand1202-0
414,UBICIR__ligand3937-0
415,UBICIR__ligand3131-0
416,UBICIR__ligand777-0
417,UBICIR__ligand8969-0
418,UBICIR__ligand16603-0
419,UBICIR__ligand6839-0
420,UBICIR__ligand16870-0
421,UBICIR__ligand941-0
422,UBICIR__ligand5211-0
423,UBICIR__ligand596-0
424,UBICIR__ligand11622-0
425,UBICIR__ligand3094-0
426,UBICIR__ligand4155-0
427,UBICIR__ligand187-0
428,UBICIR__ligand11177-0
429,UBICIR__ligand657-0
430,UBICIR__ligand2485-0
431,UBICIR__ligand3852-0
432,UBICIR__ligand6919-0
433,UBICIR__ligand15455-0
434,UBICIR__ligand5331-0
435,UBICIR__ligand1512-0
436,UBICIR__ligand25658-0
437,UBICIR__ligand17686-0
438,UBICIR__ligand48-0
439,UBICIR__ligand366-0
440,UBICIR__ligand31205-0
441,UBICIR__ligand3565-0
442,UBICIR__ligand11252-0
443,UBICIR__ligand3718-0
444,UBICIR__ligand3876-0
445,UBICIR__ligand1343-0
446,UBICIR__ligand3035-0
447,UBICIR__ligand6616-0
448,UBICIR__ligand13260-0
449,UBICIR__ligand10582-0
450,UBICIR__ligand1844-0
451,UBICIR__ligand4661-0
452,UBICIR__ligand3504-0
453,UBICIR__ligand1959-0
454,UBICIR__ligand91-0
455,UBICIR__ligand18067-0
456,UBICIR__ligand845-0
457,UBICIR__ligand1536-0
458,UBICIR__ligand19824-0
459,UBICIR__ligand1573-0
460,UBICIR__ligand9935-0
461,UBICIR__ligand1263-0
462,UBICIR__ligand26673-0
463,UBICIR__ligand9908-0
464,UBICIR__ligand51-0
465,UBICIR__ligand20821-0
466,UBICIR__ligand7242-0
467,UBICIR__ligand11606-0
468,UBICIR__ligand31000-0
469,UBICIR__ligand126-0
470,UBICIR__ligand163-0
471,UBICIR__ligand7106-0
472,UBICIR__ligand1160-0
473,UBICIR__ligand22353-0
474,UBICIR__ligand16-0
475,UBICIR__ligand8699-0
476,UBICIR__ligand338-0
477,UBICIR__ligand9520-0
478,UBICIR__ligand4442-0
479,UBICIR__ligand4093-0
480,UBICIR__ligand3954-0
481,UBICIR__ligand7629-0
482,UBICIR__ligand19668-0
483,UBICIR__ligand1451-0
484,UBICIR__ligand19906-0
485,UBICIR__ligand4272-0
486,UBICIR__ligand9784-0
487,UBICIR__ligand10151-0
488,UBICIR__ligand7238-0
489,UBICIR__ligand7280-0
490,UBICIR__ligand1790-0
491,UBICIR__ligand1304-0
492,UBICIR__ligand1219-0
493,UBICIR__ligand6709-0
494,UBICIR__ligand7867-0
495,UBICIR__ligand4016-0
496,UBICIR__ligand178-0
497,UBICIR__ligand20220-0
498,UBICIR__ligand4503-0
499,UBICIR__ligand4546-0
500,UBICIR__ligand279-0
501,UBICIR__ligand15387-0
502,UBICIR__ligand185-0
503,UBICIR__ligand20121-0
504,UBICIR__ligand321-0
505,UBICIR__ligand1285-0
506,UBICIR__ligand7000-0
507,UBICIR__ligand1982-0
508,UBICIR__ligand16952-0
509,UBICIR__ligand29813-0
510,UBICIR__ligand6768-0
511,UBICIR__ligand8115-0
512,UBICIR__ligand9291-0
513,UBICIR__ligand11479-0
514,UBICIR__ligand27610-0
515,UBICIR__ligand10479-0
516,UBICIR__ligand2176-0
517,UBICIR__ligand10853-0
518,UBICIR__ligand29441-0
519,UBICIR__ligand32-0
520,UBICIR__ligand2232-0
521,UBICIR__ligand24851-0
522,UBICIR__ligand4157-0
523,UBICIR__ligand201-0
524,UBICIR__ligand11698-0
525,UBICIR__ligand20530-0
526,UBICIR__ligand5256-0
527,UBICIR__ligand2828-0
528,UBICIR__ligand8876-0
529,UBICIR__ligand7648-0
530,UBICIR__ligand14302-0
531,UBICIR__ligand14347-0
532,UBICIR__ligand13657-0
533,UBICIR__ligand9833-0
534,UBICIR__ligand16956-0
535,UBICIR__ligand21339-0
536,UBICIR__ligand9952-0
537,UBICIR__ligand9111-0
538,UBICIR__ligand14226-0
539,UBICIR__ligand20942-1
540,UBICIR__ligand2526-0
541,UBICIR__ligand5036-0
542,UBICIR__ligand1615-0
543,UBICIR__ligand29565-0
544,UBICIR__ligand5643-0
545,UBICIR__ligand1823-0
546,UBICIR__ligand23682-0
547,UBICIR__ligand18158-0
548,UBICIR__ligand8721-0
549,UBICIR__ligand27771-0
550,UBICIR__ligand1324-0
551,UBICIR__ligand3707-0
552,UBICIR__ligand6124-0
553,UBICIR__ligand141-0
554,UBICIR__ligand7967-0
555,UBICIR__ligand4116-0
556,UBICIR__ligand18019-1
557,UBICIR__ligand240-0
558,UBICIR__ligand1018-0
559,UBICIR__ligand14007-0
560,UBICIR__ligand8992-0
561,UBICIR__ligand27550-0
562,UBICIR__ligand9601-0
563,UBICIR__ligand29214-0
564,UBICIR__ligand6244-0
565,UBICIR__ligand11544-0
566,UBICIR__ligand11501-0
567,UBICIR__ligand1378-0
568,UBICIR__ligand3156-0
569,UBICIR__ligand384-0
570,UBICIR__ligand2915-0
571,UBICIR__ligand21448-0
572,UBICIR__ligand11758-0
573,UBICIR__ligand57-0
574,UBICIR__ligand22357-0
575,UBICIR__ligand29334-0
576,UBICIR__ligand12413-0
577,UBICIR__ligand20731-0
578,UBICIR__ligand1631-0
579,UBICIR__ligand9933-0
580,UBICIR__ligand768-0
581,UBICIR__ligand11798-0
582,UBICIR__ligand1530-0
583,UBICIR__ligand1575-0
584,UBICIR__ligand17069-0
585,UBICIR__ligand14477-0
586,UBICIR__ligand2332-0
587,UBICIR__ligand9441-0
588,UBICIR__ligand17445-0
589,UBICIR__ligand20432-0
590,UBICIR__ligand2295-0
591,UBICIR__ligand27122-0
592,UBICIR__ligand1577-0
593,UBICIR__ligand6067-0
594,UBICIR__ligand16133-0
595,UBICIR__ligand13755-0
596,UBICIR__ligand23445-0
597,UBICIR__ligand24953-0
598,UBICIR__ligand68-0
599,UBICIR__ligand25048-0
600,UBICIR__ligand4620-0
601,UBICIR__ligand21940-0
602,UBICIR__ligand3721-0
603,UBICIR__ligand6904-0
604,UBICIR__ligand6596-0
605,UBICIR__ligand6102-0
606,UBICIR__ligand122-0
607,UBICIR__ligand20557-0
608,UBICIR__ligand30004-0
609,UBICIR__ligand3465-0
610,UBICIR__ligand55-0
611,UBICIR__ligand7819-0
612,UBICIR__ligand757-0
613,UBICIR__ligand2917-0
614,UBICIR__ligand693-0
615,UBICIR__ligand2028-0
616,UBICIR__ligand8835-0
617,UBICIR__ligand7126-0
618,UBICIR__ligand24560-0
619,UBICIR__ligand18757-0
620,UBICIR__ligand24624-0
621,UBICIR__ligand1142-0
622,UBICIR__ligand3234-0
623,UBICIR__ligand20844-0
624,UBICIR__ligand34-0
625,UBICIR__ligand18413-0
626,UBICIR__ligand21752-0
627,UBICIR__ligand14339-0
628,UBICIR__ligand4641-0
629,UBICIR__ligand13691-0
630,UBICIR__ligand30788-0
631,UBICIR__ligand5316-0
632,UBICIR__ligand18448-0
633,UBICIR__ligand12453-0
634,UBICIR__ligand28459-0
635,UBICIR__ligand5483-0
636,UBICIR__ligand571-0
637,UBICIR__ligand5627-0
638,UBICIR__ligand534-0
639,UBICIR__ligand19184-0
640,UBICIR__ligand1729-0
641,UBICIR__ligand670-0
642,UBICIR__ligand2830-0
643,UBICIR__ligand13672-0
644,UBICIR__ligand1415-0
645,UBICIR__ligand6946-0
646,UBICIR__ligand28685-0
647,UBICIR__ligand7529-0
648,UBICIR__ligand18568-0
649,UBICIR__ligand17-0
650,UBICIR__ligand9148-0
651,UBICIR__ligand10371-0
652,UBICIR__ligand23197-0
653,UBICIR__ligand694-0
654,UBICIR__ligand2403-0
655,UBICIR__ligand488-0
656,UBICIR__ligand3934-0
657,UBICIR__ligand29029-0
658,UBICIR__ligand27285-0
659,UBICIR__ligand358-0
660,UBICIR__ligand6455-0
661,UBICIR__ligand6882-0
662,UBICIR__ligand430-0
663,UBICIR__ligand9681-0
664,UBICIR__ligand13477-0
665,UBICIR__ligand14167-0
666,UBICIR__ligand30142-0
667,UBICIR__ligand4332-0
668,UBICIR__ligand27669-0
669,UBICIR__ligand1449-0
670,UBICIR__ligand3012-0
671,UBICIR__ligand7530-0
672,UBICIR__ligand1065-0
673,UBICIR__ligand11447-0
674,UBICIR__ligand11096-0
675,UBICIR__ligand2599-0
676,UBICIR__ligand28810-0
677,UBICIR__ligand4330-0
678,UBICIR__ligand24230-0
679,UBICIR__ligand49-0
680,UBICIR__ligand15926-0
681,UBICIR__ligand10828-0
682,UBICIR__ligand19792-0
683,UBICIR__ligand7532-0
684,UBICIR__ligand11970-0
685,UBICIR__ligand656-0
686,UBICIR__ligand4194-0
687,UBICIR__ligand15883-0
688,UBICIR__ligand28930-0
689,UBICIR__ligand2068-0
690,UBICIR__ligand22168-0
691,UBICIR__ligand22294-0
692,UBICIR__ligand7925-0
693,UBICIR__ligand21919-0
694,UBICIR__ligand696-0
695,UBICIR__ligand1147-0
696,UBICIR__ligand10056-0
697,UBICIR__ligand12365-0
698,UBICIR__ligand3973-0
699,UBICIR__ligand15531-0
700,UBICIR__ligand89-0
701,UBICIR__ligand28743-0
702,UBICIR__ligand13862-0
703,UBICIR__ligand11357-0
704,UBICIR__ligand24035-0
705,UBICIR__ligand226-0
706,UBICIR__ligand31842-0
707,UBICIR__ligand31044-0
708,UBICIR__ligand162-0
709,UBICIR__ligand7107-0
710,UBICIR__ligand11994-0
711,UBICIR__ligand16663-0
712,UBICIR__ligand383-0
713,UBICIR__ligand14614-0
714,UBICIR__ligand3215-0
715,UBICIR__ligand416-0
716,UBICIR__ligand5813-0
717,UBICIR__ligand25913-0
718,UBICIR__ligand16988-0
719,UBICIR__ligand4813-0
720,UBICIR__ligand4738-0
721,UBICIR__ligand6062-0
722,UBICIR__ligand11682-0
723,UBICIR__ligand30711-0
724,UBICIR__ligand20207-0
725,UBICIR__ligand6283-0
726,UBICIR__ligand10033-0
727,UBICIR__ligand24644-0
728,UBICIR__ligand11-0
729,UBICIR__ligand12001-0
730,UBICIR__ligand5892-0
731,UBICIR__ligand5094-0
732,UBICIR__ligand27840-0
733,UBICIR__ligand30728-0
734,UBICIR__ligand1712-0
735,UBICIR__ligand24872-0
736,UBICIR__ligand4131-0
737,UBICIR__ligand11587-0
738,UBICIR__ligand13220-0
739,UBICIR__ligand7557-0
740,UBICIR__ligand1496-0
741,UBICIR__ligand17396-0
742,UBICIR__ligand633-0
743,UBICIR__ligand15788-0
744,UBICIR__ligand23175-0
745,UBICIR__ligand497-0
746,UBICIR__ligand14569-0
747,UBICIR__ligand1533-0
748,UBICIR__ligand13385-0
749,UBICIR__ligand22444-0
750,UBICIR__ligand24111-0
751,UBICIR__ligand69-0
752,UBICIR__ligand1327-0
753,UBICIR__ligand6672-0
754,UBICIR__ligand9809-0
755,UBICIR__ligand8722-0
756,UBICIR__ligand2781-0
757,UBICIR__ligand7573-0
758,UBICIR__ligand3350-0
759,UBICIR__ligand17427-0
760,UBICIR__ligand3208-0
761,UBICIR__ligand2208-0
762,UBICIR__ligand326-0
763,UBICIR__ligand31694-0
764,UBICIR__ligand29486-0
765,UBICIR__ligand25561-0
766,UBICIR__ligand1900-0
767,UBICIR__ligand436-0
768,UBICIR__ligand9197-0
769,UBICIR__ligand2328-0
770,UBICIR__ligand4581-0
771,UBICIR__ligand11949-0
772,UBICIR__ligand1773-0
773,UBICIR__ligand692-0
774,UBICIR__ligand22129-0
775,UBICIR__ligand3029-0
776,UBICIR__ligand24780-0
777,UBICIR__ligand12138-0
778,UBICIR__ligand7162-0
779,UBICIR__ligand27239-0
780,UBICIR__ligand5849-0
781,UBICIR__ligand21729-0
782,UBICIR__ligand19927-0
783,UBICIR__ligand3392-0
784,UBICIR__ligand26324-0
785,UBICIR__ligand4911-0
786,UBICIR__ligand1771-0
787,UBICIR__ligand28559-0
788,UBICIR__ligand14043-0
789,UBICIR__ligand1709-0
790,UBICIR__ligand8464-0
791,UBICIR__ligand8349-0
792,UBICIR__ligand11618-0
793,UBICIR__ligand2527-0
794,UBICIR__ligand324-0
795,UBICIR__ligand361-0
796,UBICIR__ligand26529-0
797,UBICIR__ligand409-0
798,UBICIR__ligand27754-0
799,UBICIR__ligand20695-0
800,UBICIR__ligand3871-0
801,UBICIR__ligand1469-0
802,UBICIR__ligand588-0
803,UBICIR__ligand16369-0
804,UBICIR__ligand1768-0
805,UBICIR__ligand11111-0
806,UBICIR__ligand28540-0
807,UBICIR__ligand300-0
808,UBICIR__ligand22403-0
809,UBICIR__ligand5056-0
810,UBICIR__ligand4850-0
811,UBICIR__ligand1688-0
812,UBICIR__ligand5357-0
813,UBICIR__ligand3647-0
814,UBICIR__ligand3157-0
815,UBICIR__ligand16148-0
816,UBICIR__ligand26631-0
817,UBICIR__ligand8-0
818,UBICIR__ligand12003-0
819,UBICIR__ligand1165-0
820,UBICIR__ligand10872-0
821,UBICIR__ligand9525-0
822,UBICIR__ligand21399-0
823,UBICIR__ligand199-0
824,UBICIR__ligand29215-0
825,UBICIR__ligand5935-0
826,UBICIR__ligand1379-0
827,UBICIR__ligand2722-0
