,TMC
0,CIKXIE__ligand2259-0
1,CIKXIE__ligand2688-0
2,CIKXIE__ligand2768-0
3,CIKXIE__ligand1376-0
4,CIKXIE__ligand6277-0
5,CIKXIE__ligand1687-0
6,CIKXIE__ligand126-0
7,CIKXIE__ligand1951-0
8,CIKXIE__ligand3734-0
9,CIKXIE__ligand1706-0
10,CIKXIE__ligand17-0
11,CIKXIE__ligand4381-0
12,CIKXIE__ligand596-0
13,CIKXIE__ligand2629-0
14,CIKXIE__ligand612-0
15,CIKXIE__ligand92-0
16,CIKXIE__ligand187-0
17,CIKXIE__ligand366-0
18,CIKXIE__ligand861-0
19,CIKXIE__ligand5801-0
20,CIKXIE__ligand279-0
21,CIKXIE__ligand178-0
22,CIKXIE__ligand1438-0
23,CIKXIE__ligand3063-0
24,CIKXIE__ligand321-0
25,CIKXIE__ligand100-0
26,CIKXIE__ligand1171-0
27,CIKXIE__ligand201-0
28,CIKXIE__ligand244-0
29,CIKXIE__ligand3757-0
30,CIKXIE__ligand11730-0
31,CIKXIE__ligand1048-0
32,CIKXIE__ligand2087-0
33,CIKXIE__ligand1685-0
34,CIKXIE__ligand124-0
35,CIKXIE__ligand89-0
36,CIKXIE__ligand119-0
37,CIKXIE__ligand1544-0
38,CIKXIE__ligand49-0
39,CIKXIE__ligand1459-0
40,CIKXIE__ligand120-0
41,CIKXIE__ligand1538-0
42,CIKXIE__ligand1114-0
43,CIKXIE__ligand384-0
44,CIKXIE__ligand9244-0
45,CIKXIE__ligand1228-0
46,CIKXIE__ligand1479-0
47,CIKXIE__ligand1148-0
48,CIKXIE__ligand11-0
49,CIKXIE__ligand240-0
50,CIKXIE__ligand3246-0
51,CIKXIE__ligand141-0
52,CIKXIE__ligand3145-0
53,CIKXIE__ligand1747-0
54,CIKXIE__ligand6686-0
55,CIKXIE__ligand5548-0
56,CIKXIE__ligand7915-0
57,CIKXIE__ligand2863-0
58,CIKXIE__ligand6502-0
59,CIKXIE__ligand2098-0
60,CIKXIE__ligand6332-0
61,CIKXIE__ligand3178-0
62,CIKXIE__ligand797-0
63,CIKXIE__ligand3041-0
64,CIKXIE__ligand2634-0
65,CIKXIE__ligand1542-0
66,CIKXIE__ligand757-0
67,CIKXIE__ligand2751-0
68,CIKXIE__ligand669-0
69,CIKXIE__ligand2142-0
70,CIKXIE__ligand51-0
71,CIKXIE__ligand430-0
72,CIKXIE__ligand6538-0
73,CIKXIE__ligand358-0
74,CIKXIE__ligand6151-0
75,CIKXIE__ligand2772-0
76,CIKXIE__ligand9495-0
77,CIKXIE__ligand2864-0
78,CIKXIE__ligand365-0
79,CIKXIE__ligand29-0
80,CIKXIE__ligand278-0
81,CIKXIE__ligand91-0
82,CIKXIE__ligand118-0
83,CIKXIE__ligand670-0
84,CIKXIE__ligand1169-0
85,CIKXIE__ligand48-0
86,CIKXIE__ligand5022-0
87,CIKXIE__ligand571-0
88,CIKXIE__ligand509-0
89,CIKXIE__ligand2838-0
90,CIKXIE__ligand3838-0
91,CIKXIE__ligand1799-0
92,CIKXIE__ligand2880-0
93,CIKXIE__ligand5941-0
94,CIKXIE__ligand162-0
95,CIKXIE__ligand6396-0
96,CIKXIE__ligand1113-0
97,CIKXIE__ligand226-0
98,CIKXIE__ligand32-0
99,CIKXIE__ligand2265-0
100,CIKXIE__ligand383-0
101,CIKXIE__ligand9027-0
102,CIKXIE__ligand4983-0
103,CIKXIE__ligand2794-0
104,CIKXIE__ligand2345-0
105,CIKXIE__ligand1835-0
106,CIKXIE__ligand1502-0
107,CIKXIE__ligand1052-0
108,CIKXIE__ligand1273-0
109,CIKXIE__ligand2510-0
110,CIKXIE__ligand553-0
111,CIKXIE__ligand8921-0
112,CIKXIE__ligand8-0
113,CIKXIE__ligand2285-0
114,CIKXIE__ligand283-0
115,CIKXIE__ligand1567-0
116,CIKXIE__ligand2862-0
117,CIKXIE__ligand821-0
118,CIKXIE__ligand2320-0
119,CIKXIE__ligand326-0
120,CIKXIE__ligand1056-0
121,CIKXIE__ligand436-0
122,CIKXIE__ligand1703-0
123,CIKXIE__ligand2430-0
124,CIKXIE__ligand142-0
125,CIKXIE__ligand2907-0
126,CIKXIE__ligand57-0
127,CIKXIE__ligand206-0
128,CIKXIE__ligand838-0
129,CIKXIE__ligand1727-0
130,CIKXIE__ligand73-0
131,CIKXIE__ligand1152-0
132,CIKXIE__ligand166-0
133,CIKXIE__ligand633-0
134,CIKXIE__ligand918-0
135,CIKXIE__ligand1607-0
136,CIKXIE__ligand532-0
137,CIKXIE__ligand497-0
138,CIKXIE__ligand575-0
139,CIKXIE__ligand3637-0
140,CIKXIE__ligand8774-0
141,CIKXIE__ligand927-0
142,CIKXIE__ligand34-0
143,CIKXIE__ligand199-0
144,CIKXIE__ligand55-0
145,CIKXIE__ligand7464-0
146,CIKXIE__ligand140-0
147,CIKXIE__ligand105-0
148,CIKXIE__ligand95-0
149,CIKXIE__ligand4303-0
150,CIKXIE__ligand1248-0
151,CIKXIE__ligand1598-0
152,CIKXIE__ligand409-0
153,CIKXIE__ligand1054-0
154,CIKXIE__ligand324-0
155,CIKXIE__ligand361-0
156,CIKXIE__ligand6294-0
157,CIKXIE__ligand134-0
158,CIKXIE__ligand932-0
159,CIKXIE__ligand6-0
160,CIKXIE__ligand235-0
161,CIKXIE__ligand21-0
162,CIKXIE__ligand1788-0
163,CIKXIE__ligand390-0
164,CIKXIE__ligand1321-0
165,CIKXIE__ligand1178-0
166,CIKXIE__ligand525-0
167,CIKXIE__ligand3566-0
168,CIKXIE__ligand560-0
169,CIKXIE__ligand109-0
170,CIKXIE__ligand3337-0
171,CIKXIE__ligand331-0
172,CIKXIE__ligand7514-0
173,CIKXIE__ligand294-0
174,CIKXIE__ligand1449-1
175,CIKXIE__ligand993-0
176,CIKXIE__ligand4811-0
177,CIKXIE__ligand38-0
178,CIKXIE__ligand40-0
179,CIKXIE__ligand9620-0
180,CIKXIE__ligand4894-0
181,CIKXIE__ligand1260-0
182,CIKXIE__ligand584-0
183,CIKXIE__ligand916-0
184,CIKXIE__ligand421-0
185,CIKXIE__ligand798-0
186,CIKXIE__ligand112-0
187,CIKXIE__ligand1307-0
188,CIKXIE__ligand197-0
189,CIKXIE__ligand296-0
190,CIKXIE__ligand352-0
191,CIKXIE__ligand783-0
192,CIKXIE__ligand3853-0
193,CIKXIE__ligand2853-0
194,CIKXIE__ligand2599-0
195,CIKXIE__ligand5089-0
196,CIKXIE__ligand66-0
197,CIKXIE__ligand4-0
198,CIKXIE__ligand1246-0
199,CIKXIE__ligand136-0
200,CIKXIE__ligand6166-0
201,CIKXIE__ligand868-0
202,CIKXIE__ligand442-0
203,CIKXIE__ligand5334-0
204,CIKXIE__ligand909-0
205,CIKXIE__ligand1898-0
206,CIKXIE__ligand3051-0
207,CIKXIE__ligand4504-0
208,CIKXIE__ligand851-0
209,CIKXIE__ligand2480-0
210,CIKXIE__ligand2315-0
211,CIKXIE__ligand1858-0
212,CIKXIE__ligand8032-0
213,CIKXIE__ligand934-0
214,CIKXIE__ligand177-0
215,CIKXIE__ligand10910-0
216,CIKXIE__ligand62-0
217,CIKXIE__ligand1712-0
218,CIKXIE__ligand252-0
219,CIKXIE__ligand3579-0
220,CIKXIE__ligand2110-0
221,CIKXIE__ligand2916-0
222,CIKXIE__ligand955-0
223,CIKXIE__ligand86-0
224,CIKXIE__ligand1919-0
225,CIKXIE__ligand193-0
226,CIKXIE__ligand14530-0
227,CIKXIE__ligand830-0
228,CIKXIE__ligand2389-0
229,CIKXIE__ligand2929-0
230,CIKXIE__ligand10479-0
231,CIKXIE__ligand370-0
232,CIKXIE__ligand2376-0
233,CIKXIE__ligand460-0
234,CIKXIE__ligand1379-0
235,CIKXIE__ligand1264-0
236,CIKXIE__ligand1221-0
237,CIKXIE__ligand1299-0
238,CIKXIE__ligand250-0
239,CIKXIE__ligand6430-0
240,CIKXIE__ligand369-0
241,CIKXIE__ligand1019-0
242,CIKXIE__ligand2442-0
243,CIKXIE__ligand444-0
244,CIKXIE__ligand5762-0
245,CIKXIE__ligand7414-0
246,CIKXIE__ligand1104-0
247,CIKXIE__ligand188-0
248,CIKXIE__ligand10114-0
249,CIKXIE__ligand18-0
250,CIKXIE__ligand6571-0
251,CIKXIE__ligand311-0
252,CIKXIE__ligand1325-0
253,CIKXIE__ligand2482-0
254,CIKXIE__ligand196-0
255,CIKXIE__ligand502-0
256,CIKXIE__ligand9176-0
257,CIKXIE__ligand3035-0
258,CIKXIE__ligand3070-0
259,CIKXIE__ligand2718-0
260,CIKXIE__ligand1493-0
261,CIKXIE__ligand4619-0
262,CIKXIE__ligand422-0
263,CIKXIE__ligand5235-0
264,CIKXIE__ligand6143-0
265,CIKXIE__ligand113-0
266,CIKXIE__ligand3251-0
267,CIKXIE__ligand1818-0
268,CIKXIE__ligand7456-0
269,CIKXIE__ligand67-0
270,CIKXIE__ligand236-0
271,CIKXIE__ligand5758-0
272,CIKXIE__ligand3478-0
273,CIKXIE__ligand353-0
274,CIKXIE__ligand3852-0
275,CIKXIE__ligand1285-0
276,CIKXIE__ligand1555-0
277,CIKXIE__ligand481-0
278,CIKXIE__ligand7630-0
279,CIKXIE__ligand314-0
280,CIKXIE__ligand3890-0
281,CIKXIE__ligand391-0
282,CIKXIE__ligand170-0
283,CIKXIE__ligand4423-0
284,CIKXIE__ligand1907-0
285,CIKXIE__ligand2762-0
286,CIKXIE__ligand1038-0
287,CIKXIE__ligand2253-0
288,CIKXIE__ligand210-0
289,CIKXIE__ligand1160-0
290,CIKXIE__ligand5093-0
291,CIKXIE__ligand2954-0
292,CIKXIE__ligand7550-0
293,CIKXIE__ligand2915-0
294,CIKXIE__ligand115-0
295,CIKXIE__ligand45-0
296,CIKXIE__ligand3196-0
297,CIKXIE__ligand4012-0
298,CIKXIE__ligand78-0
299,CIKXIE__ligand291-0
300,CIKXIE__ligand85-0
301,CIKXIE__ligand355-0
302,CIKXIE__ligand784-0
303,CIKXIE__ligand485-0
304,CIKXIE__ligand1551-0
305,CIKXIE__ligand2526-0
306,CIKXIE__ligand1690-0
307,CIKXIE__ligand3-0
308,CIKXIE__ligand2707-0
309,CIKXIE__ligand3618-0
310,CIKXIE__ligand2618-0
311,CIKXIE__ligand1-0
312,CIKXIE__ligand133-0
313,CIKXIE__ligand447-0
314,CIKXIE__ligand1436-0
315,CIKXIE__ligand487-0
316,CIKXIE__ligand522-0
317,CIKXIE__ligand666-0
318,CIKXIE__ligand4370-0
319,CIKXIE__ligand10357-0
320,CIKXIE__ligand15630-0
321,CIKXIE__ligand1918-0
322,CIKXIE__ligand2255-0
323,CIKXIE__ligand682-0
324,CIKXIE__ligand4175-0
