,TMC
0,KIBLUE__ligand29-0
1,KIBLUE__ligand91-0
2,KIBLUE__ligand1918-0
3,KIBLUE__ligand2255-0
4,KIBLUE__ligand4175-0
5,KIBLUE__ligand51-0
6,KIBLUE__ligand3-0
7,KIBLUE__ligand757-0
8,KIBLUE__ligand3618-0
9,KIBLUE__ligand2618-0
10,KIBLUE__ligand1436-0
11,KIBLUE__ligand48-0
12,KIBLUE__ligand797-0
13,KIBLUE__ligand4370-0
14,KIBLUE__ligand2526-0
15,KIBLUE__ligand1551-0
16,KIBLUE__ligand1690-0
17,KIBLUE__ligand384-0
18,KIBLUE__ligand1-0
19,KIBLUE__ligand120-0
20,KIBLUE__ligand32-0
21,KIBLUE__ligand2707-0
22,KIBLUE__ligand2915-0
23,KIBLUE__ligand240-0
24,KIBLUE__ligand141-0
25,KIBLUE__ligand4012-0
26,KIBLUE__ligand3196-0
27,KIBLUE__ligand1038-0
28,KIBLUE__ligand100-0
29,KIBLUE__ligand244-0
30,KIBLUE__ligand201-0
31,KIBLUE__ligand2762-0
32,KIBLUE__ligand57-0
33,KIBLUE__ligand2954-0
34,KIBLUE__ligand5093-0
35,KIBLUE__ligand2253-0
36,KIBLUE__ligand1160-0
37,KIBLUE__ligand14530-0
38,KIBLUE__ligand321-0
39,KIBLUE__ligand279-0
40,KIBLUE__ligand178-0
41,KIBLUE__ligand7550-0
42,KIBLUE__ligand1555-0
43,KIBLUE__ligand1285-0
44,KIBLUE__ligand119-0
45,KIBLUE__ligand7630-0
46,KIBLUE__ligand73-0
47,KIBLUE__ligand10910-0
48,KIBLUE__ligand3890-0
49,KIBLUE__ligand124-0
50,KIBLUE__ligand1907-0
51,KIBLUE__ligand4423-0
52,KIBLUE__ligand1818-0
53,KIBLUE__ligand126-0
54,KIBLUE__ligand34-0
55,KIBLUE__ligand10114-0
56,KIBLUE__ligand7456-0
57,KIBLUE__ligand5758-0
58,KIBLUE__ligand3852-0
59,KIBLUE__ligand3478-0
60,KIBLUE__ligand366-0
61,KIBLUE__ligand9176-0
62,KIBLUE__ligand861-0
63,KIBLUE__ligand10479-0
64,KIBLUE__ligand612-0
65,KIBLUE__ligand1493-0
66,KIBLUE__ligand95-0
67,KIBLUE__ligand2718-0
68,KIBLUE__ligand187-0
69,KIBLUE__ligand3070-0
70,KIBLUE__ligand3035-0
71,KIBLUE__ligand5235-0
72,KIBLUE__ligand55-0
73,KIBLUE__ligand6143-0
74,KIBLUE__ligand4619-0
75,KIBLUE__ligand596-0
76,KIBLUE__ligand3251-0
77,KIBLUE__ligand2442-0
78,KIBLUE__ligand1019-0
79,KIBLUE__ligand927-0
80,KIBLUE__ligand199-0
81,KIBLUE__ligand5762-0
82,KIBLUE__ligand7414-0
83,KIBLUE__ligand1104-0
84,KIBLUE__ligand575-0
85,KIBLUE__ligand1325-0
86,KIBLUE__ligand2482-0
87,KIBLUE__ligand6571-0
88,KIBLUE__ligand361-0
89,KIBLUE__ligand324-0
90,KIBLUE__ligand2929-0
91,KIBLUE__ligand409-0
92,KIBLUE__ligand92-0
93,KIBLUE__ligand2376-0
94,KIBLUE__ligand1379-0
95,KIBLUE__ligand17-0
96,KIBLUE__ligand105-0
97,KIBLUE__ligand140-0
98,KIBLUE__ligand6430-0
99,KIBLUE__ligand1299-0
100,KIBLUE__ligand1221-0
101,KIBLUE__ligand1264-0
102,KIBLUE__ligand1712-0
103,KIBLUE__ligand142-0
104,KIBLUE__ligand206-0
105,KIBLUE__ligand436-0
106,KIBLUE__ligand2916-0
107,KIBLUE__ligand2110-0
108,KIBLUE__ligand3579-0
109,KIBLUE__ligand821-0
110,KIBLUE__ligand1919-0
111,KIBLUE__ligand326-0
112,KIBLUE__ligand2389-0
113,KIBLUE__ligand553-0
114,KIBLUE__ligand283-0
115,KIBLUE__ligand5334-0
116,KIBLUE__ligand497-0
117,KIBLUE__ligand918-0
118,KIBLUE__ligand2315-0
119,KIBLUE__ligand633-0
120,KIBLUE__ligand4504-0
121,KIBLUE__ligand3051-0
122,KIBLUE__ligand2480-0
123,KIBLUE__ligand532-0
124,KIBLUE__ligand49-0
125,KIBLUE__ligand1898-0
126,KIBLUE__ligand8032-0
127,KIBLUE__ligand1858-0
128,KIBLUE__ligand89-0
129,KIBLUE__ligand166-0
130,KIBLUE__ligand838-0
131,KIBLUE__ligand3853-0
132,KIBLUE__ligand2853-0
133,KIBLUE__ligand2599-0
134,KIBLUE__ligand5089-0
135,KIBLUE__ligand1246-0
136,KIBLUE__ligand6-0
137,KIBLUE__ligand383-0
138,KIBLUE__ligand162-0
139,KIBLUE__ligand226-0
140,KIBLUE__ligand6166-0
141,KIBLUE__ligand11-0
142,KIBLUE__ligand1307-0
143,KIBLUE__ligand278-0
144,KIBLUE__ligand3337-0
145,KIBLUE__ligand7514-0
146,KIBLUE__ligand4811-0
147,KIBLUE__ligand10357-0
148,KIBLUE__ligand1449-1
149,KIBLUE__ligand365-0
150,KIBLUE__ligand15630-0
151,KIBLUE__ligand358-0
152,KIBLUE__ligand4894-0
153,KIBLUE__ligand1260-0
154,KIBLUE__ligand9620-0
155,KIBLUE__ligand430-0
156,KIBLUE__ligand669-0
157,KIBLUE__ligand4-0
158,KIBLUE__ligand509-0
159,KIBLUE__ligand1788-0
160,KIBLUE__ligand670-0
161,KIBLUE__ligand118-0
162,KIBLUE__ligand571-0
163,KIBLUE__ligand1321-0
164,KIBLUE__ligand3566-0
165,KIBLUE__ligand1178-0
166,KIBLUE__ligand250-0
167,KIBLUE__ligand460-0
168,KIBLUE__ligand7464-0
169,KIBLUE__ligand1598-0
170,KIBLUE__ligand8-0
171,KIBLUE__ligand1248-0
172,KIBLUE__ligand370-0
173,KIBLUE__ligand4303-0
174,KIBLUE__ligand6294-0
175,KIBLUE__ligand1054-0
176,KIBLUE__ligand3637-0
177,KIBLUE__ligand311-0
178,KIBLUE__ligand8774-0
179,KIBLUE__ligand188-0
180,KIBLUE__ligand67-0
181,KIBLUE__ligand444-0
182,KIBLUE__ligand369-0
183,KIBLUE__ligand934-0
184,KIBLUE__ligand177-0
185,KIBLUE__ligand1727-0
186,KIBLUE__ligand11730-0
187,KIBLUE__ligand1152-0
188,KIBLUE__ligand851-0
189,KIBLUE__ligand1607-0
190,KIBLUE__ligand909-0
191,KIBLUE__ligand2285-0
192,KIBLUE__ligand1567-0
193,KIBLUE__ligand8921-0
194,KIBLUE__ligand2510-0
195,KIBLUE__ligand830-0
196,KIBLUE__ligand2320-0
197,KIBLUE__ligand1056-0
198,KIBLUE__ligand193-0
199,KIBLUE__ligand2862-0
200,KIBLUE__ligand252-0
201,KIBLUE__ligand1703-0
202,KIBLUE__ligand2430-0
203,KIBLUE__ligand955-0
204,KIBLUE__ligand2907-0
205,KIBLUE__ligand78-0
206,KIBLUE__ligand197-0
207,KIBLUE__ligand296-0
208,KIBLUE__ligand85-0
209,KIBLUE__ligand1052-0
210,KIBLUE__ligand1273-0
211,KIBLUE__ligand112-0
212,KIBLUE__ligand45-0
213,KIBLUE__ligand1113-0
214,KIBLUE__ligand868-0
215,KIBLUE__ligand2265-0
216,KIBLUE__ligand6396-0
217,KIBLUE__ligand442-0
218,KIBLUE__ligand9027-0
219,KIBLUE__ligand136-0
220,KIBLUE__ligand2794-0
221,KIBLUE__ligand2345-0
222,KIBLUE__ligand1835-0
223,KIBLUE__ligand4983-0
224,KIBLUE__ligand352-0
225,KIBLUE__ligand783-0
226,KIBLUE__ligand1502-0
227,KIBLUE__ligand560-0
228,KIBLUE__ligand525-0
229,KIBLUE__ligand109-0
230,KIBLUE__ligand5022-0
231,KIBLUE__ligand1169-0
232,KIBLUE__ligand390-0
233,KIBLUE__ligand2880-0
234,KIBLUE__ligand5941-0
235,KIBLUE__ligand932-0
236,KIBLUE__ligand134-0
237,KIBLUE__ligand235-0
238,KIBLUE__ligand2838-0
239,KIBLUE__ligand1799-0
240,KIBLUE__ligand3838-0
241,KIBLUE__ligand798-0
242,KIBLUE__ligand2142-0
243,KIBLUE__ligand421-0
244,KIBLUE__ligand9495-0
245,KIBLUE__ligand6151-0
246,KIBLUE__ligand2772-0
247,KIBLUE__ligand584-0
248,KIBLUE__ligand916-0
249,KIBLUE__ligand6538-0
250,KIBLUE__ligand294-0
251,KIBLUE__ligand2864-0
252,KIBLUE__ligand993-0
253,KIBLUE__ligand331-0
254,KIBLUE__ligand3041-0
255,KIBLUE__ligand522-0
256,KIBLUE__ligand666-0
257,KIBLUE__ligand487-0
258,KIBLUE__ligand2634-0
259,KIBLUE__ligand1542-0
260,KIBLUE__ligand447-0
261,KIBLUE__ligand133-0
262,KIBLUE__ligand2751-0
263,KIBLUE__ligand21-0
264,KIBLUE__ligand3145-0
265,KIBLUE__ligand7915-0
266,KIBLUE__ligand40-0
267,KIBLUE__ligand5548-0
268,KIBLUE__ligand682-0
269,KIBLUE__ligand1747-0
270,KIBLUE__ligand6686-0
271,KIBLUE__ligand2098-0
272,KIBLUE__ligand6502-0
273,KIBLUE__ligand38-0
274,KIBLUE__ligand2863-0
275,KIBLUE__ligand3178-0
276,KIBLUE__ligand6332-0
277,KIBLUE__ligand1479-0
278,KIBLUE__ligand291-0
279,KIBLUE__ligand1148-0
280,KIBLUE__ligand3246-0
281,KIBLUE__ligand115-0
282,KIBLUE__ligand1114-0
283,KIBLUE__ligand1538-0
284,KIBLUE__ligand66-0
285,KIBLUE__ligand1228-0
286,KIBLUE__ligand355-0
287,KIBLUE__ligand784-0
288,KIBLUE__ligand9244-0
289,KIBLUE__ligand485-0
290,KIBLUE__ligand2087-0
291,KIBLUE__ligand170-0
292,KIBLUE__ligand1048-0
293,KIBLUE__ligand3757-0
294,KIBLUE__ligand62-0
295,KIBLUE__ligand1685-0
296,KIBLUE__ligand391-0
297,KIBLUE__ligand481-0
298,KIBLUE__ligand1544-0
299,KIBLUE__ligand314-0
300,KIBLUE__ligand1459-0
301,KIBLUE__ligand5801-0
302,KIBLUE__ligand86-0
303,KIBLUE__ligand3063-0
304,KIBLUE__ligand1438-0
305,KIBLUE__ligand210-0
306,KIBLUE__ligand1171-0
307,KIBLUE__ligand1706-0
308,KIBLUE__ligand113-0
309,KIBLUE__ligand3734-0
310,KIBLUE__ligand2629-0
311,KIBLUE__ligand422-0
312,KIBLUE__ligand4381-0
313,KIBLUE__ligand502-0
314,KIBLUE__ligand196-0
315,KIBLUE__ligand353-0
316,KIBLUE__ligand2259-0
317,KIBLUE__ligand2688-0
318,KIBLUE__ligand1376-0
319,KIBLUE__ligand18-0
320,KIBLUE__ligand2768-0
321,KIBLUE__ligand236-0
322,KIBLUE__ligand6277-0
323,KIBLUE__ligand1951-0
324,KIBLUE__ligand1687-0
