,TMC
0,RISPUF__ligand2907-0
1,RISPUF__ligand109-0
2,RISPUF__ligand2430-0
3,RISPUF__ligand560-0
4,RISPUF__ligand1703-0
5,RISPUF__ligand525-0
6,RISPUF__ligand48-0
7,RISPUF__ligand1056-0
8,RISPUF__ligand235-0
9,RISPUF__ligand2320-0
10,RISPUF__ligand932-0
11,RISPUF__ligand134-0
12,RISPUF__ligand2862-0
13,RISPUF__ligand390-0
14,RISPUF__ligand1567-0
15,RISPUF__ligand2285-0
16,RISPUF__ligand8921-0
17,RISPUF__ligand2510-0
18,RISPUF__ligand584-0
19,RISPUF__ligand916-0
20,RISPUF__ligand51-0
21,RISPUF__ligand798-0
22,RISPUF__ligand1607-0
23,RISPUF__ligand421-0
24,RISPUF__ligand331-0
25,RISPUF__ligand1152-0
26,RISPUF__ligand29-0
27,RISPUF__ligand1727-0
28,RISPUF__ligand993-0
29,RISPUF__ligand294-0
30,RISPUF__ligand91-0
31,RISPUF__ligand296-0
32,RISPUF__ligand197-0
33,RISPUF__ligand8774-0
34,RISPUF__ligand112-0
35,RISPUF__ligand3637-0
36,RISPUF__ligand6294-0
37,RISPUF__ligand136-0
38,RISPUF__ligand1054-0
39,RISPUF__ligand32-0
40,RISPUF__ligand1598-0
41,RISPUF__ligand442-0
42,RISPUF__ligand1248-0
43,RISPUF__ligand868-0
44,RISPUF__ligand4303-0
45,RISPUF__ligand7464-0
46,RISPUF__ligand352-0
47,RISPUF__ligand783-0
48,RISPUF__ligand73-0
49,RISPUF__ligand934-0
50,RISPUF__ligand177-0
51,RISPUF__ligand2864-0
52,RISPUF__ligand9495-0
53,RISPUF__ligand909-0
54,RISPUF__ligand2772-0
55,RISPUF__ligand6151-0
56,RISPUF__ligand6538-0
57,RISPUF__ligand2142-0
58,RISPUF__ligand851-0
59,RISPUF__ligand2880-0
60,RISPUF__ligand5941-0
61,RISPUF__ligand193-0
62,RISPUF__ligand3838-0
63,RISPUF__ligand1799-0
64,RISPUF__ligand2838-0
65,RISPUF__ligand4-0
66,RISPUF__ligand830-0
67,RISPUF__ligand5022-0
68,RISPUF__ligand1169-0
69,RISPUF__ligand955-0
70,RISPUF__ligand252-0
71,RISPUF__ligand57-0
72,RISPUF__ligand1502-0
73,RISPUF__ligand460-0
74,RISPUF__ligand250-0
75,RISPUF__ligand1835-0
76,RISPUF__ligand55-0
77,RISPUF__ligand2794-0
78,RISPUF__ligand2345-0
79,RISPUF__ligand4983-0
80,RISPUF__ligand9027-0
81,RISPUF__ligand95-0
82,RISPUF__ligand2265-0
83,RISPUF__ligand1113-0
84,RISPUF__ligand370-0
85,RISPUF__ligand6-0
86,RISPUF__ligand6396-0
87,RISPUF__ligand1273-0
88,RISPUF__ligand311-0
89,RISPUF__ligand444-0
90,RISPUF__ligand369-0
91,RISPUF__ligand188-0
92,RISPUF__ligand1052-0
93,RISPUF__ligand34-0
94,RISPUF__ligand1228-0
95,RISPUF__ligand422-0
96,RISPUF__ligand9244-0
97,RISPUF__ligand17-0
98,RISPUF__ligand113-0
99,RISPUF__ligand92-0
100,RISPUF__ligand502-0
101,RISPUF__ligand196-0
102,RISPUF__ligand1114-0
103,RISPUF__ligand1538-0
104,RISPUF__ligand1-0
105,RISPUF__ligand353-0
106,RISPUF__ligand3246-0
107,RISPUF__ligand1148-0
108,RISPUF__ligand1479-0
109,RISPUF__ligand236-0
110,RISPUF__ligand391-0
111,RISPUF__ligand3178-0
112,RISPUF__ligand6332-0
113,RISPUF__ligand2098-0
114,RISPUF__ligand6502-0
115,RISPUF__ligand89-0
116,RISPUF__ligand170-0
117,RISPUF__ligand2863-0
118,RISPUF__ligand7915-0
119,RISPUF__ligand5548-0
120,RISPUF__ligand1747-0
121,RISPUF__ligand6686-0
122,RISPUF__ligand49-0
123,RISPUF__ligand314-0
124,RISPUF__ligand481-0
125,RISPUF__ligand3145-0
126,RISPUF__ligand2751-0
127,RISPUF__ligand3-0
128,RISPUF__ligand1542-0
129,RISPUF__ligand2634-0
130,RISPUF__ligand3041-0
131,RISPUF__ligand210-0
132,RISPUF__ligand1951-0
133,RISPUF__ligand1687-0
134,RISPUF__ligand291-0
135,RISPUF__ligand6277-0
136,RISPUF__ligand11-0
137,RISPUF__ligand115-0
138,RISPUF__ligand1376-0
139,RISPUF__ligand2768-0
140,RISPUF__ligand2259-0
141,RISPUF__ligand2688-0
142,RISPUF__ligand2629-0
143,RISPUF__ligand485-0
144,RISPUF__ligand355-0
145,RISPUF__ligand784-0
146,RISPUF__ligand4381-0
147,RISPUF__ligand1706-0
148,RISPUF__ligand3734-0
149,RISPUF__ligand1171-0
150,RISPUF__ligand487-0
151,RISPUF__ligand666-0
152,RISPUF__ligand522-0
153,RISPUF__ligand11730-0
154,RISPUF__ligand133-0
155,RISPUF__ligand3063-0
156,RISPUF__ligand1438-0
157,RISPUF__ligand447-0
158,RISPUF__ligand5801-0
159,RISPUF__ligand1459-0
160,RISPUF__ligand682-0
161,RISPUF__ligand1544-0
162,RISPUF__ligand1685-0
163,RISPUF__ligand2087-0
164,RISPUF__ligand1048-0
165,RISPUF__ligand3757-0
166,RISPUF__ligand3196-0
167,RISPUF__ligand4012-0
168,RISPUF__ligand67-0
169,RISPUF__ligand126-0
170,RISPUF__ligand2915-0
171,RISPUF__ligand187-0
172,RISPUF__ligand612-0
173,RISPUF__ligand2707-0
174,RISPUF__ligand861-0
175,RISPUF__ligand1690-0
176,RISPUF__ligand366-0
177,RISPUF__ligand2526-0
178,RISPUF__ligand1551-0
179,RISPUF__ligand596-0
180,RISPUF__ligand4370-0
181,RISPUF__ligand15630-0
182,RISPUF__ligand244-0
183,RISPUF__ligand201-0
184,RISPUF__ligand10357-0
185,RISPUF__ligand100-0
186,RISPUF__ligand178-0
187,RISPUF__ligand1436-0
188,RISPUF__ligand279-0
189,RISPUF__ligand321-0
190,RISPUF__ligand2618-0
191,RISPUF__ligand3618-0
192,RISPUF__ligand4175-0
193,RISPUF__ligand119-0
194,RISPUF__ligand2255-0
195,RISPUF__ligand1918-0
196,RISPUF__ligand124-0
197,RISPUF__ligand3251-0
198,RISPUF__ligand6143-0
199,RISPUF__ligand5235-0
200,RISPUF__ligand4619-0
201,RISPUF__ligand1493-0
202,RISPUF__ligand2718-0
203,RISPUF__ligand3035-0
204,RISPUF__ligand3070-0
205,RISPUF__ligand120-0
206,RISPUF__ligand384-0
207,RISPUF__ligand9176-0
208,RISPUF__ligand141-0
209,RISPUF__ligand3852-0
210,RISPUF__ligand240-0
211,RISPUF__ligand45-0
212,RISPUF__ligand3478-0
213,RISPUF__ligand5758-0
214,RISPUF__ligand7456-0
215,RISPUF__ligand78-0
216,RISPUF__ligand1818-0
217,RISPUF__ligand85-0
218,RISPUF__ligand1907-0
219,RISPUF__ligand4423-0
220,RISPUF__ligand3890-0
221,RISPUF__ligand7630-0
222,RISPUF__ligand1555-0
223,RISPUF__ligand1285-0
224,RISPUF__ligand7550-0
225,RISPUF__ligand757-0
226,RISPUF__ligand5093-0
227,RISPUF__ligand2954-0
228,RISPUF__ligand1160-0
229,RISPUF__ligand797-0
230,RISPUF__ligand2253-0
231,RISPUF__ligand1038-0
232,RISPUF__ligand2762-0
233,RISPUF__ligand365-0
234,RISPUF__ligand8032-0
235,RISPUF__ligand278-0
236,RISPUF__ligand38-0
237,RISPUF__ligand1858-0
238,RISPUF__ligand2315-0
239,RISPUF__ligand40-0
240,RISPUF__ligand2480-0
241,RISPUF__ligand3051-0
242,RISPUF__ligand14530-0
243,RISPUF__ligand4504-0
244,RISPUF__ligand669-0
245,RISPUF__ligand1898-0
246,RISPUF__ligand5334-0
247,RISPUF__ligand358-0
248,RISPUF__ligand430-0
249,RISPUF__ligand2389-0
250,RISPUF__ligand509-0
251,RISPUF__ligand21-0
252,RISPUF__ligand1919-0
253,RISPUF__ligand2110-0
254,RISPUF__ligand2916-0
255,RISPUF__ligand3579-0
256,RISPUF__ligand10910-0
257,RISPUF__ligand1712-0
258,RISPUF__ligand571-0
259,RISPUF__ligand670-0
260,RISPUF__ligand118-0
261,RISPUF__ligand6430-0
262,RISPUF__ligand10114-0
263,RISPUF__ligand1299-0
264,RISPUF__ligand1264-0
265,RISPUF__ligand1221-0
266,RISPUF__ligand1379-0
267,RISPUF__ligand2376-0
268,RISPUF__ligand66-0
269,RISPUF__ligand226-0
270,RISPUF__ligand162-0
271,RISPUF__ligand8-0
272,RISPUF__ligand2929-0
273,RISPUF__ligand383-0
274,RISPUF__ligand10479-0
275,RISPUF__ligand2482-0
276,RISPUF__ligand1325-0
277,RISPUF__ligand6571-0
278,RISPUF__ligand1104-0
279,RISPUF__ligand5762-0
280,RISPUF__ligand7414-0
281,RISPUF__ligand2442-0
282,RISPUF__ligand1019-0
283,RISPUF__ligand3566-0
284,RISPUF__ligand436-0
285,RISPUF__ligand1178-0
286,RISPUF__ligand206-0
287,RISPUF__ligand1321-0
288,RISPUF__ligand142-0
289,RISPUF__ligand86-0
290,RISPUF__ligand283-0
291,RISPUF__ligand1788-0
292,RISPUF__ligand553-0
293,RISPUF__ligand326-0
294,RISPUF__ligand821-0
295,RISPUF__ligand532-0
296,RISPUF__ligand918-0
297,RISPUF__ligand633-0
298,RISPUF__ligand497-0
299,RISPUF__ligand4894-0
300,RISPUF__ligand1260-0
301,RISPUF__ligand9620-0
302,RISPUF__ligand1449-1
303,RISPUF__ligand4811-0
304,RISPUF__ligand838-0
305,RISPUF__ligand166-0
306,RISPUF__ligand7514-0
307,RISPUF__ligand62-0
308,RISPUF__ligand3337-0
309,RISPUF__ligand199-0
310,RISPUF__ligand1307-0
311,RISPUF__ligand927-0
312,RISPUF__ligand575-0
313,RISPUF__ligand18-0
314,RISPUF__ligand6166-0
315,RISPUF__ligand1246-0
316,RISPUF__ligand361-0
317,RISPUF__ligand324-0
318,RISPUF__ligand409-0
319,RISPUF__ligand2599-0
320,RISPUF__ligand5089-0
321,RISPUF__ligand2853-0
322,RISPUF__ligand105-0
323,RISPUF__ligand3853-0
324,RISPUF__ligand140-0
