,TMC
0,TONCEE__ligand372-0
1,TONCEE__ligand1113-0
2,TONCEE__ligand30988-0
3,TONCEE__ligand8553-0
4,TONCEE__ligand51-0
5,TONCEE__ligand23713-0
6,TONCEE__ligand830-0
7,TONCEE__ligand27175-0
8,TONCEE__ligand18832-0
9,TONCEE__ligand20578-0
10,TONCEE__ligand12934-0
11,TONCEE__ligand15422-0
12,TONCEE__ligand19641-0
13,TONCEE__ligand5201-0
14,TONCEE__ligand14723-0
15,TONCEE__ligand193-0
16,TONCEE__ligand27893-0
17,TONCEE__ligand252-0
18,TONCEE__ligand7566-0
19,TONCEE__ligand31783-0
20,TONCEE__ligand2001-0
21,TONCEE__ligand116-0
22,TONCEE__ligand8593-0
23,TONCEE__ligand91-0
24,TONCEE__ligand13012-0
25,TONCEE__ligand9944-0
26,TONCEE__ligand17631-0
27,TONCEE__ligand26665-0
28,TONCEE__ligand14603-0
29,TONCEE__ligand14297-0
30,TONCEE__ligand17258-0
31,TONCEE__ligand12606-0
32,TONCEE__ligand177-0
33,TONCEE__ligand2823-0
34,TONCEE__ligand30333-0
35,TONCEE__ligand6995-0
36,TONCEE__ligand3180-0
37,TONCEE__ligand26540-0
38,TONCEE__ligand48-0
39,TONCEE__ligand29410-0
40,TONCEE__ligand12337-0
41,TONCEE__ligand30296-0
42,TONCEE__ligand4340-0
43,TONCEE__ligand2281-0
44,TONCEE__ligand2650-0
45,TONCEE__ligand17281-0
46,TONCEE__ligand16628-0
47,TONCEE__ligand5415-0
48,TONCEE__ligand12427-0
49,TONCEE__ligand20740-0
50,TONCEE__ligand28468-0
51,TONCEE__ligand4124-0
52,TONCEE__ligand27460-0
53,TONCEE__ligand4161-0
54,TONCEE__ligand3471-0
55,TONCEE__ligand909-0
56,TONCEE__ligand311-0
57,TONCEE__ligand2692-0
58,TONCEE__ligand785-0
59,TONCEE__ligand1618-0
60,TONCEE__ligand13425-0
61,TONCEE__ligand29302-0
62,TONCEE__ligand479-0
63,TONCEE__ligand32-0
64,TONCEE__ligand19057-0
65,TONCEE__ligand18814-0
66,TONCEE__ligand28676-0
67,TONCEE__ligand10262-0
68,TONCEE__ligand370-1
69,TONCEE__ligand620-0
70,TONCEE__ligand4262-0
71,TONCEE__ligand27763-0
72,TONCEE__ligand1028-0
73,TONCEE__ligand564-0
74,TONCEE__ligand1050-0
75,TONCEE__ligand10958-0
76,TONCEE__ligand1015-0
77,TONCEE__ligand188-0
78,TONCEE__ligand2027-0
79,TONCEE__ligand12641-0
80,TONCEE__ligand14108-0
81,TONCEE__ligand17805-0
82,TONCEE__ligand17302-0
83,TONCEE__ligand250-0
84,TONCEE__ligand8529-0
85,TONCEE__ligand1169-0
86,TONCEE__ligand25178-0
87,TONCEE__ligand24185-0
88,TONCEE__ligand23769-0
89,TONCEE__ligand10476-0
90,TONCEE__ligand9615-0
91,TONCEE__ligand13068-0
92,TONCEE__ligand19830-0
93,TONCEE__ligand12401-0
94,TONCEE__ligand15585-0
95,TONCEE__ligand16-0
96,TONCEE__ligand370-0
97,TONCEE__ligand24145-0
98,TONCEE__ligand1154-0
99,TONCEE__ligand4596-0
100,TONCEE__ligand1498-0
101,TONCEE__ligand12231-0
102,TONCEE__ligand26702-0
103,TONCEE__ligand13658-0
104,TONCEE__ligand18292-0
105,TONCEE__ligand12289-0
106,TONCEE__ligand12130-0
107,TONCEE__ligand17387-0
108,TONCEE__ligand4063-0
109,TONCEE__ligand3-0
110,TONCEE__ligand421-0
111,TONCEE__ligand8200-0
112,TONCEE__ligand7438-0
113,TONCEE__ligand13208-0
114,TONCEE__ligand685-0
115,TONCEE__ligand27482-0
116,TONCEE__ligand3042-0
117,TONCEE__ligand26810-0
118,TONCEE__ligand294-0
119,TONCEE__ligand4207-0
120,TONCEE__ligand20682-0
121,TONCEE__ligand3416-0
122,TONCEE__ligand3453-0
123,TONCEE__ligand57-0
124,TONCEE__ligand1150-0
125,TONCEE__ligand1539-0
126,TONCEE__ligand13390-0
127,TONCEE__ligand560-0
128,TONCEE__ligand4167-0
129,TONCEE__ligand9491-0
130,TONCEE__ligand4266-0
131,TONCEE__ligand1400-0
132,TONCEE__ligand25411-0
133,TONCEE__ligand11456-0
134,TONCEE__ligand1288-0
135,TONCEE__ligand10712-0
136,TONCEE__ligand14174-0
137,TONCEE__ligand13331-0
138,TONCEE__ligand1149-0
139,TONCEE__ligand28884-0
140,TONCEE__ligand3557-0
141,TONCEE__ligand3980-0
142,TONCEE__ligand12030-0
143,TONCEE__ligand14248-0
144,TONCEE__ligand29879-0
145,TONCEE__ligand7075-0
146,TONCEE__ligand31832-0
147,TONCEE__ligand134-0
148,TONCEE__ligand13294-0
149,TONCEE__ligand9750-0
150,TONCEE__ligand1817-0
151,TONCEE__ligand6993-0
152,TONCEE__ligand235-0
153,TONCEE__ligand1779-0
154,TONCEE__ligand3285-0
155,TONCEE__ligand4795-0
156,TONCEE__ligand868-0
157,TONCEE__ligand17278-0
158,TONCEE__ligand20011-0
159,TONCEE__ligand29414-0
160,TONCEE__ligand1908-0
161,TONCEE__ligand17982-0
162,TONCEE__ligand11675-0
163,TONCEE__ligand20598-0
164,TONCEE__ligand22557-0
165,TONCEE__ligand10589-0
166,TONCEE__ligand5630-0
167,TONCEE__ligand24047-0
168,TONCEE__ligand17398-0
169,TONCEE__ligand1786-0
170,TONCEE__ligand6112-0
171,TONCEE__ligand8042-0
172,TONCEE__ligand7213-0
173,TONCEE__ligand1397-0
174,TONCEE__ligand1828-0
175,TONCEE__ligand14703-0
176,TONCEE__ligand16475-0
177,TONCEE__ligand20251-1
178,TONCEE__ligand34-0
179,TONCEE__ligand5755-0
180,TONCEE__ligand352-0
181,TONCEE__ligand783-0
182,TONCEE__ligand4710-0
183,TONCEE__ligand5085-0
184,TONCEE__ligand3144-0
185,TONCEE__ligand1849-0
186,TONCEE__ligand197-0
187,TONCEE__ligand31097-0
188,TONCEE__ligand21581-0
189,TONCEE__ligand20539-0
190,TONCEE__ligand20214-0
191,TONCEE__ligand30702-0
192,TONCEE__ligand20251-0
193,TONCEE__ligand1216-0
194,TONCEE__ligand3261-0
195,TONCEE__ligand1152-0
196,TONCEE__ligand17261-0
197,TONCEE__ligand14117-0
198,TONCEE__ligand5019-0
199,TONCEE__ligand55-0
200,TONCEE__ligand28789-0
201,TONCEE__ligand1-0
202,TONCEE__ligand68-0
203,TONCEE__ligand20419-0
204,TONCEE__ligand17118-0
205,TONCEE__ligand21371-0
206,TONCEE__ligand6663-0
207,TONCEE__ligand30851-0
208,TONCEE__ligand5515-0
209,TONCEE__ligand14889-0
210,TONCEE__ligand1831-0
211,TONCEE__ligand5614-0
212,TONCEE__ligand29568-0
213,TONCEE__ligand5280-0
214,TONCEE__ligand9299-0
215,TONCEE__ligand18703-0
216,TONCEE__ligand395-0
217,TONCEE__ligand29087-0
218,TONCEE__ligand368-0
219,TONCEE__ligand4007-0
220,TONCEE__ligand2985-0
221,TONCEE__ligand9883-0
222,TONCEE__ligand3677-1
223,TONCEE__ligand15438-0
224,TONCEE__ligand7291-0
225,TONCEE__ligand28924-0
226,TONCEE__ligand8000-0
227,TONCEE__ligand3736-0
228,TONCEE__ligand9344-0
229,TONCEE__ligand24750-0
230,TONCEE__ligand784-0
231,TONCEE__ligand5383-0
232,TONCEE__ligand2693-0
233,TONCEE__ligand17207-0
234,TONCEE__ligand31578-0
235,TONCEE__ligand3945-0
236,TONCEE__ligand18013-0
237,TONCEE__ligand25224-0
238,TONCEE__ligand17945-0
239,TONCEE__ligand2881-0
240,TONCEE__ligand1499-0
241,TONCEE__ligand1464-0
242,TONCEE__ligand3712-0
243,TONCEE__ligand10432-0
244,TONCEE__ligand11432-0
245,TONCEE__ligand31618-0
246,TONCEE__ligand833-0
247,TONCEE__ligand22755-0
248,TONCEE__ligand1211-0
249,TONCEE__ligand17-0
250,TONCEE__ligand29898-0
251,TONCEE__ligand26277-0
252,TONCEE__ligand6892-0
253,TONCEE__ligand1294-0
254,TONCEE__ligand15168-0
255,TONCEE__ligand1168-0
256,TONCEE__ligand3632-0
257,TONCEE__ligand3677-0
258,TONCEE__ligand23589-0
259,TONCEE__ligand115-0
260,TONCEE__ligand6699-0
261,TONCEE__ligand24064-0
262,TONCEE__ligand5099-0
263,TONCEE__ligand8592-0
264,TONCEE__ligand1197-0
265,TONCEE__ligand19725-0
266,TONCEE__ligand2259-0
267,TONCEE__ligand1296-0
268,TONCEE__ligand4-0
269,TONCEE__ligand24613-0
270,TONCEE__ligand1376-0
271,TONCEE__ligand31483-0
272,TONCEE__ligand152-0
273,TONCEE__ligand5510-0
274,TONCEE__ligand9773-0
275,TONCEE__ligand10555-0
276,TONCEE__ligand17710-0
277,TONCEE__ligand20579-0
278,TONCEE__ligand11568-0
279,TONCEE__ligand506-0
280,TONCEE__ligand5595-0
281,TONCEE__ligand4101-0
282,TONCEE__ligand2221-0
283,TONCEE__ligand14586-0
284,TONCEE__ligand11774-0
285,TONCEE__ligand21421-0
286,TONCEE__ligand3120-0
287,TONCEE__ligand3926-0
288,TONCEE__ligand4358-0
289,TONCEE__ligand18699-0
290,TONCEE__ligand12682-0
291,TONCEE__ligand1407-0
292,TONCEE__ligand6117-0
293,TONCEE__ligand5509-0
294,TONCEE__ligand8002-0
295,TONCEE__ligand17590-0
296,TONCEE__ligand89-0
297,TONCEE__ligand487-0
298,TONCEE__ligand7762-0
299,TONCEE__ligand5080-0
300,TONCEE__ligand17240-0
301,TONCEE__ligand447-0
302,TONCEE__ligand49-0
303,TONCEE__ligand2238-0
304,TONCEE__ligand12336-0
305,TONCEE__ligand746-0
306,TONCEE__ligand5304-0
307,TONCEE__ligand13072-0
308,TONCEE__ligand9167-0
309,TONCEE__ligand1317-0
310,TONCEE__ligand3867-0
311,TONCEE__ligand2822-0
312,TONCEE__ligand7293-0
313,TONCEE__ligand176-0
314,TONCEE__ligand12467-0
315,TONCEE__ligand353-0
316,TONCEE__ligand4711-0
317,TONCEE__ligand3244-0
318,TONCEE__ligand10084-0
319,TONCEE__ligand2906-0
320,TONCEE__ligand25267-0
321,TONCEE__ligand23904-0
322,TONCEE__ligand21936-0
323,TONCEE__ligand4649-0
324,TONCEE__ligand8793-0
325,TONCEE__ligand13257-0
326,TONCEE__ligand2788-0
327,TONCEE__ligand5649-0
328,TONCEE__ligand5159-0
329,TONCEE__ligand20599-0
330,TONCEE__ligand22981-0
331,TONCEE__ligand25805-0
332,TONCEE__ligand7196-0
333,TONCEE__ligand9753-0
334,TONCEE__ligand27074-0
335,TONCEE__ligand1356-0
336,TONCEE__ligand1787-0
337,TONCEE__ligand5530-0
338,TONCEE__ligand18391-0
339,TONCEE__ligand393-0
340,TONCEE__ligand14523-0
341,TONCEE__ligand27169-0
342,TONCEE__ligand3178-0
343,TONCEE__ligand4807-0
344,TONCEE__ligand28668-0
345,TONCEE__ligand5180-0
346,TONCEE__ligand686-0
347,TONCEE__ligand16791-0
348,TONCEE__ligand5708-0
349,TONCEE__ligand18799-0
350,TONCEE__ligand18465-0
351,TONCEE__ligand69-0
352,TONCEE__ligand7316-0
353,TONCEE__ligand422-0
354,TONCEE__ligand6017-0
355,TONCEE__ligand13869-0
356,TONCEE__ligand2124-0
357,TONCEE__ligand18074-0
358,TONCEE__ligand8612-0
359,TONCEE__ligand29863-0
360,TONCEE__ligand7092-0
361,TONCEE__ligand2260-0
362,TONCEE__ligand3225-0
363,TONCEE__ligand1153-0
364,TONCEE__ligand1116-0
365,TONCEE__ligand11-0
366,TONCEE__ligand9323-0
367,TONCEE__ligand11140-0
368,TONCEE__ligand7273-0
369,TONCEE__ligand196-0
370,TONCEE__ligand29610-0
371,TONCEE__ligand7172-0
372,TONCEE__ligand1114-0
373,TONCEE__ligand9284-0
374,TONCEE__ligand3126-0
375,TONCEE__ligand6391-0
376,TONCEE__ligand23124-0
377,TONCEE__ligand11206-0
378,TONCEE__ligand314-1
379,TONCEE__ligand2417-0
380,TONCEE__ligand25735-0
381,TONCEE__ligand12519-0
382,TONCEE__ligand1832-0
383,TONCEE__ligand8788-0
384,TONCEE__ligand19257-0
385,TONCEE__ligand13209-0
386,TONCEE__ligand12660-0
387,TONCEE__ligand2043-0
388,TONCEE__ligand9943-0
389,TONCEE__ligand1228-0
390,TONCEE__ligand25650-0
391,TONCEE__ligand1604-0
392,TONCEE__ligand465-0
393,TONCEE__ligand31248-0
394,TONCEE__ligand27835-0
395,TONCEE__ligand618-0
396,TONCEE__ligand12295-0
397,TONCEE__ligand9450-0
398,TONCEE__ligand1599-0
399,TONCEE__ligand25689-0
400,TONCEE__ligand25575-0
401,TONCEE__ligand391-0
402,TONCEE__ligand2612-0
403,TONCEE__ligand21787-0
404,TONCEE__ligand813-0
405,TONCEE__ligand2203-0
406,TONCEE__ligand780-0
407,TONCEE__ligand314-0
408,TONCEE__ligand5387-0
409,TONCEE__ligand1289-0
410,TONCEE__ligand30539-0
411,TONCEE__ligand11166-0
412,TONCEE__ligand21132-0
413,TONCEE__ligand23906-0
414,TONCEE__ligand7000-0
415,TONCEE__ligand1982-0
416,TONCEE__ligand6768-0
417,TONCEE__ligand8115-0
418,TONCEE__ligand1285-0
419,TONCEE__ligand240-0
420,TONCEE__ligand141-0
421,TONCEE__ligand4503-0
422,TONCEE__ligand30004-0
423,TONCEE__ligand4546-0
424,TONCEE__ligand20557-0
425,TONCEE__ligand5256-0
426,TONCEE__ligand2828-0
427,TONCEE__ligand8876-0
428,TONCEE__ligand7648-0
429,TONCEE__ligand9833-0
430,TONCEE__ligand4157-0
431,TONCEE__ligand21940-0
432,TONCEE__ligand25048-0
433,TONCEE__ligand43-0
434,TONCEE__ligand24953-0
435,TONCEE__ligand2232-0
436,TONCEE__ligand23445-0
437,TONCEE__ligand13755-0
438,TONCEE__ligand16133-0
439,TONCEE__ligand9291-0
440,TONCEE__ligand20432-0
441,TONCEE__ligand27122-0
442,TONCEE__ligand2176-0
443,TONCEE__ligand13691-0
444,TONCEE__ligand30788-0
445,TONCEE__ligand9784-0
446,TONCEE__ligand7629-0
447,TONCEE__ligand1451-0
448,TONCEE__ligand4272-0
449,TONCEE__ligand14339-0
450,TONCEE__ligand4442-0
451,TONCEE__ligand4093-0
452,TONCEE__ligand3954-0
453,TONCEE__ligand768-0
454,TONCEE__ligand1160-0
455,TONCEE__ligand21752-0
456,TONCEE__ligand8699-0
457,TONCEE__ligand67-0
458,TONCEE__ligand9520-0
459,TONCEE__ligand24624-0
460,TONCEE__ligand18413-0
461,TONCEE__ligand20844-0
462,TONCEE__ligand4016-0
463,TONCEE__ligand1219-0
464,TONCEE__ligand6709-0
465,TONCEE__ligand7867-0
466,TONCEE__ligand384-0
467,TONCEE__ligand24560-0
468,TONCEE__ligand18757-0
469,TONCEE__ligand7280-0
470,TONCEE__ligand1790-0
471,TONCEE__ligand1304-0
472,TONCEE__ligand7238-0
473,TONCEE__ligand757-0
474,TONCEE__ligand1536-0
475,TONCEE__ligand1573-0
476,TONCEE__ligand9935-0
477,TONCEE__ligand27550-0
478,TONCEE__ligand3504-0
479,TONCEE__ligand1959-0
480,TONCEE__ligand14007-0
481,TONCEE__ligand18019-1
482,TONCEE__ligand1844-0
483,TONCEE__ligand4661-0
484,TONCEE__ligand3718-0
485,TONCEE__ligand122-0
486,TONCEE__ligand3876-0
487,TONCEE__ligand1343-0
488,TONCEE__ligand3035-0
489,TONCEE__ligand6616-0
490,TONCEE__ligand27771-0
491,TONCEE__ligand7106-0
492,TONCEE__ligand18158-0
493,TONCEE__ligand23682-0
494,TONCEE__ligand7242-0
495,TONCEE__ligand29565-0
496,TONCEE__ligand21339-0
497,TONCEE__ligand14226-0
498,TONCEE__ligand16956-0
499,TONCEE__ligand20942-1
500,TONCEE__ligand1263-0
501,TONCEE__ligand9908-0
502,TONCEE__ligand17445-0
503,TONCEE__ligand3094-0
504,TONCEE__ligand4155-0
505,TONCEE__ligand14477-0
506,TONCEE__ligand17069-0
507,TONCEE__ligand5211-0
508,TONCEE__ligand3174-0
509,TONCEE__ligand1202-0
510,TONCEE__ligand3937-0
511,TONCEE__ligand3131-0
512,TONCEE__ligand8969-0
513,TONCEE__ligand11798-0
514,TONCEE__ligand6839-0
515,TONCEE__ligand20731-0
516,TONCEE__ligand4720-0
517,TONCEE__ligand29334-0
518,TONCEE__ligand12413-0
519,TONCEE__ligand11758-0
520,TONCEE__ligand3565-0
521,TONCEE__ligand22357-0
522,TONCEE__ligand21448-0
523,TONCEE__ligand5331-0
524,TONCEE__ligand1512-0
525,TONCEE__ligand2485-0
526,TONCEE__ligand3852-0
527,TONCEE__ligand6919-0
528,TONCEE__ligand11501-0
529,TONCEE__ligand11544-0
530,TONCEE__ligand693-0
531,TONCEE__ligand29214-0
532,TONCEE__ligand1142-0
533,TONCEE__ligand3234-0
534,TONCEE__ligand366-0
535,TONCEE__ligand45-0
536,TONCEE__ligand2028-0
537,TONCEE__ligand8835-0
538,TONCEE__ligand657-0
539,TONCEE__ligand7126-0
540,TONCEE__ligand10151-0
541,TONCEE__ligand187-0
542,TONCEE__ligand4641-0
543,TONCEE__ligand596-0
544,TONCEE__ligand19906-0
545,TONCEE__ligand941-0
546,TONCEE__ligand19668-0
547,TONCEE__ligand777-0
548,TONCEE__ligand78-0
549,TONCEE__ligand22353-0
550,TONCEE__ligand14347-0
551,TONCEE__ligand13657-0
552,TONCEE__ligand14302-0
553,TONCEE__ligand11698-0
554,TONCEE__ligand163-0
555,TONCEE__ligand126-0
556,TONCEE__ligand20530-0
557,TONCEE__ligand24851-0
558,TONCEE__ligand4620-0
559,TONCEE__ligand19-0
560,TONCEE__ligand10853-0
561,TONCEE__ligand29441-0
562,TONCEE__ligand2295-0
563,TONCEE__ligand11479-0
564,TONCEE__ligand1577-0
565,TONCEE__ligand6067-0
566,TONCEE__ligand10479-0
567,TONCEE__ligand27610-0
568,TONCEE__ligand7819-0
569,TONCEE__ligand29813-0
570,TONCEE__ligand16952-0
571,TONCEE__ligand2917-0
572,TONCEE__ligand845-0
573,TONCEE__ligand24-0
574,TONCEE__ligand8-0
575,TONCEE__ligand20121-0
576,TONCEE__ligand3465-0
577,TONCEE__ligand15387-0
578,TONCEE__ligand3721-0
579,TONCEE__ligand6904-0
580,TONCEE__ligand20220-0
581,TONCEE__ligand6596-0
582,TONCEE__ligand6102-0
583,TONCEE__ligand31205-0
584,TONCEE__ligand17686-0
585,TONCEE__ligand25658-0
586,TONCEE__ligand3156-0
587,TONCEE__ligand2915-0
588,TONCEE__ligand15455-0
589,TONCEE__ligand1378-0
590,TONCEE__ligand11177-0
591,TONCEE__ligand6244-0
592,TONCEE__ligand2332-0
593,TONCEE__ligand9441-0
594,TONCEE__ligand11622-0
595,TONCEE__ligand16870-0
596,TONCEE__ligand9933-0
597,TONCEE__ligand16603-0
598,TONCEE__ligand1530-0
599,TONCEE__ligand1575-0
600,TONCEE__ligand11814-0
601,TONCEE__ligand338-0
602,TONCEE__ligand1631-0
603,TONCEE__ligand8721-0
604,TONCEE__ligand31000-0
605,TONCEE__ligand1324-0
606,TONCEE__ligand11606-0
607,TONCEE__ligand201-0
608,TONCEE__ligand5643-0
609,TONCEE__ligand1823-0
610,TONCEE__ligand2526-0
611,TONCEE__ligand5036-0
612,TONCEE__ligand20821-0
613,TONCEE__ligand1615-0
614,TONCEE__ligand26673-0
615,TONCEE__ligand9952-0
616,TONCEE__ligand9111-0
617,TONCEE__ligand9601-0
618,TONCEE__ligand18067-0
619,TONCEE__ligand19824-0
620,TONCEE__ligand8992-0
621,TONCEE__ligand321-0
622,TONCEE__ligand4116-0
623,TONCEE__ligand185-0
624,TONCEE__ligand13260-0
625,TONCEE__ligand279-0
626,TONCEE__ligand1018-0
627,TONCEE__ligand10582-0
628,TONCEE__ligand3707-0
629,TONCEE__ligand6124-0
630,TONCEE__ligand7967-0
631,TONCEE__ligand178-0
632,TONCEE__ligand11252-0
633,TONCEE__ligand26529-0
634,TONCEE__ligand3215-0
635,TONCEE__ligand497-0
636,TONCEE__ligand7107-0
637,TONCEE__ligand633-0
638,TONCEE__ligand11618-0
639,TONCEE__ligand14043-0
640,TONCEE__ligand26324-0
641,TONCEE__ligand28559-0
642,TONCEE__ligand19927-0
643,TONCEE__ligand6283-0
644,TONCEE__ligand6062-0
645,TONCEE__ligand5813-0
646,TONCEE__ligand4813-0
647,TONCEE__ligand4738-0
648,TONCEE__ligand27239-0
649,TONCEE__ligand21729-0
650,TONCEE__ligand4194-0
651,TONCEE__ligand7532-0
652,TONCEE__ligand692-0
653,TONCEE__ligand29215-0
654,TONCEE__ligand10872-0
655,TONCEE__ligand21399-0
656,TONCEE__ligand38-0
657,TONCEE__ligand436-0
658,TONCEE__ligand12003-0
659,TONCEE__ligand2599-0
660,TONCEE__ligand16148-0
661,TONCEE__ligand26631-0
662,TONCEE__ligand4330-0
663,TONCEE__ligand3973-0
664,TONCEE__ligand1147-0
665,TONCEE__ligand22403-0
666,TONCEE__ligand326-0
667,TONCEE__ligand11111-0
668,TONCEE__ligand28540-0
669,TONCEE__ligand16369-0
670,TONCEE__ligand2068-0
671,TONCEE__ligand20695-0
672,TONCEE__ligand27754-0
673,TONCEE__ligand7925-0
674,TONCEE__ligand409-0
675,TONCEE__ligand42-0
676,TONCEE__ligand22444-0
677,TONCEE__ligand6455-0
678,TONCEE__ligand6882-0
679,TONCEE__ligand361-0
680,TONCEE__ligand324-0
681,TONCEE__ligand24111-0
682,TONCEE__ligand13385-0
683,TONCEE__ligand3934-0
684,TONCEE__ligand14569-0
685,TONCEE__ligand15788-0
686,TONCEE__ligand23175-0
687,TONCEE__ligand17396-0
688,TONCEE__ligand2403-0
689,TONCEE__ligand13220-0
690,TONCEE__ligand11587-0
691,TONCEE__ligand7530-0
692,TONCEE__ligand24872-0
693,TONCEE__ligand1065-0
694,TONCEE__ligand30728-0
695,TONCEE__ligand1449-0
696,TONCEE__ligand3012-0
697,TONCEE__ligand27840-0
698,TONCEE__ligand4332-0
699,TONCEE__ligand12001-0
700,TONCEE__ligand24644-0
701,TONCEE__ligand10033-0
702,TONCEE__ligand9681-0
703,TONCEE__ligand2830-0
704,TONCEE__ligand24780-0
705,TONCEE__ligand12138-0
706,TONCEE__ligand22129-0
707,TONCEE__ligand11949-0
708,TONCEE__ligand5627-0
709,TONCEE__ligand1729-0
710,TONCEE__ligand199-0
711,TONCEE__ligand5483-0
712,TONCEE__ligand5316-0
713,TONCEE__ligand25561-0
714,TONCEE__ligand9148-0
715,TONCEE__ligand29486-0
716,TONCEE__ligand300-0
717,TONCEE__ligand31694-0
718,TONCEE__ligand66-0
719,TONCEE__ligand7529-0
720,TONCEE__ligand17427-0
721,TONCEE__ligand588-0
722,TONCEE__ligand1415-0
723,TONCEE__ligand6946-0
724,TONCEE__ligand28743-0
725,TONCEE__ligand1688-0
726,TONCEE__ligand15531-0
727,TONCEE__ligand11357-0
728,TONCEE__ligand13862-0
729,TONCEE__ligand5357-0
730,TONCEE__ligand3647-0
731,TONCEE__ligand12365-0
732,TONCEE__ligand10056-0
733,TONCEE__ligand5056-0
734,TONCEE__ligand4850-0
735,TONCEE__ligand1768-0
736,TONCEE__ligand21919-0
737,TONCEE__ligand22294-0
738,TONCEE__ligand3871-0
739,TONCEE__ligand22168-0
740,TONCEE__ligand1469-0
741,TONCEE__ligand28930-0
742,TONCEE__ligand15883-0
743,TONCEE__ligand1379-0
744,TONCEE__ligand2722-0
745,TONCEE__ligand670-0
746,TONCEE__ligand11970-0
747,TONCEE__ligand5935-0
748,TONCEE__ligand534-0
749,TONCEE__ligand571-0
750,TONCEE__ligand10828-0
751,TONCEE__ligand1165-0
752,TONCEE__ligand19792-0
753,TONCEE__ligand15926-0
754,TONCEE__ligand9525-0
755,TONCEE__ligand3157-0
756,TONCEE__ligand24230-0
757,TONCEE__ligand11096-0
758,TONCEE__ligand11447-0
759,TONCEE__ligand28810-0
760,TONCEE__ligand4911-0
761,TONCEE__ligand1771-0
762,TONCEE__ligand3392-0
763,TONCEE__ligand20207-0
764,TONCEE__ligand30711-0
765,TONCEE__ligand11682-0
766,TONCEE__ligand5849-0
767,TONCEE__ligand25913-0
768,TONCEE__ligand16988-0
769,TONCEE__ligand2527-0
770,TONCEE__ligand430-0
771,TONCEE__ligand14614-0
772,TONCEE__ligand358-0
773,TONCEE__ligand16663-0
774,TONCEE__ligand488-0
775,TONCEE__ligand11994-0
776,TONCEE__ligand31044-0
777,TONCEE__ligand31842-0
778,TONCEE__ligand1709-0
779,TONCEE__ligand8464-0
780,TONCEE__ligand24035-0
781,TONCEE__ligand694-0
782,TONCEE__ligand8349-0
783,TONCEE__ligand10371-0
784,TONCEE__ligand3208-0
785,TONCEE__ligand2208-0
786,TONCEE__ligand2781-0
787,TONCEE__ligand7573-0
788,TONCEE__ligand696-0
789,TONCEE__ligand3350-0
790,TONCEE__ligand18568-0
791,TONCEE__ligand28685-0
792,TONCEE__ligand1327-0
793,TONCEE__ligand6672-0
794,TONCEE__ligand9809-0
795,TONCEE__ligand13672-0
796,TONCEE__ligand8722-0
797,TONCEE__ligand3029-0
798,TONCEE__ligand656-0
799,TONCEE__ligand7162-0
800,TONCEE__ligand2328-0
801,TONCEE__ligand4581-0
802,TONCEE__ligand1773-0
803,TONCEE__ligand19184-0
804,TONCEE__ligand1900-0
805,TONCEE__ligand28459-0
806,TONCEE__ligand12453-0
807,TONCEE__ligand18448-0
808,TONCEE__ligand9197-0
809,TONCEE__ligand1712-0
810,TONCEE__ligand4131-0
811,TONCEE__ligand27669-0
812,TONCEE__ligand30142-0
813,TONCEE__ligand5892-0
814,TONCEE__ligand5094-0
815,TONCEE__ligand13477-0
816,TONCEE__ligand14167-0
817,TONCEE__ligand416-0
818,TONCEE__ligand18-0
819,TONCEE__ligand383-0
820,TONCEE__ligand29029-0
821,TONCEE__ligand27285-0
822,TONCEE__ligand1533-0
823,TONCEE__ligand162-0
824,TONCEE__ligand226-0
825,TONCEE__ligand23197-0
826,TONCEE__ligand7557-0
827,TONCEE__ligand1496-0
