,TMC
0,EWOWUJ__ligand10479-0
1,EWOWUJ__ligand1273-0
2,EWOWUJ__ligand1052-0
3,EWOWUJ__ligand73-0
4,EWOWUJ__ligand210-0
5,EWOWUJ__ligand391-0
6,EWOWUJ__ligand10114-0
7,EWOWUJ__ligand1502-0
8,EWOWUJ__ligand4983-0
9,EWOWUJ__ligand170-0
10,EWOWUJ__ligand1835-0
11,EWOWUJ__ligand57-0
12,EWOWUJ__ligand2345-0
13,EWOWUJ__ligand2794-0
14,EWOWUJ__ligand9027-0
15,EWOWUJ__ligand314-0
16,EWOWUJ__ligand6396-0
17,EWOWUJ__ligand481-0
18,EWOWUJ__ligand2265-0
19,EWOWUJ__ligand1113-0
20,EWOWUJ__ligand3838-0
21,EWOWUJ__ligand1799-0
22,EWOWUJ__ligand2838-0
23,EWOWUJ__ligand95-0
24,EWOWUJ__ligand5941-0
25,EWOWUJ__ligand2880-0
26,EWOWUJ__ligand353-0
27,EWOWUJ__ligand10910-0
28,EWOWUJ__ligand1169-0
29,EWOWUJ__ligand5022-0
30,EWOWUJ__ligand55-0
31,EWOWUJ__ligand236-0
32,EWOWUJ__ligand422-0
33,EWOWUJ__ligand2864-0
34,EWOWUJ__ligand113-0
35,EWOWUJ__ligand34-0
36,EWOWUJ__ligand6538-0
37,EWOWUJ__ligand2772-0
38,EWOWUJ__ligand6151-0
39,EWOWUJ__ligand14530-0
40,EWOWUJ__ligand9495-0
41,EWOWUJ__ligand196-0
42,EWOWUJ__ligand502-0
43,EWOWUJ__ligand2142-0
44,EWOWUJ__ligand1054-0
45,EWOWUJ__ligand682-0
46,EWOWUJ__ligand6294-0
47,EWOWUJ__ligand4303-0
48,EWOWUJ__ligand1248-0
49,EWOWUJ__ligand1598-0
50,EWOWUJ__ligand7464-0
51,EWOWUJ__ligand1-0
52,EWOWUJ__ligand48-0
53,EWOWUJ__ligand487-0
54,EWOWUJ__ligand29-0
55,EWOWUJ__ligand666-0
56,EWOWUJ__ligand522-0
57,EWOWUJ__ligand91-0
58,EWOWUJ__ligand8774-0
59,EWOWUJ__ligand51-0
60,EWOWUJ__ligand133-0
61,EWOWUJ__ligand447-0
62,EWOWUJ__ligand3637-0
63,EWOWUJ__ligand1607-0
64,EWOWUJ__ligand485-0
65,EWOWUJ__ligand1152-0
66,EWOWUJ__ligand355-0
67,EWOWUJ__ligand784-0
68,EWOWUJ__ligand1727-0
69,EWOWUJ__ligand2907-0
70,EWOWUJ__ligand291-0
71,EWOWUJ__ligand2430-0
72,EWOWUJ__ligand3-0
73,EWOWUJ__ligand1703-0
74,EWOWUJ__ligand2862-0
75,EWOWUJ__ligand1056-0
76,EWOWUJ__ligand32-0
77,EWOWUJ__ligand2320-0
78,EWOWUJ__ligand115-0
79,EWOWUJ__ligand2510-0
80,EWOWUJ__ligand8921-0
81,EWOWUJ__ligand1567-0
82,EWOWUJ__ligand2285-0
83,EWOWUJ__ligand11-0
84,EWOWUJ__ligand136-0
85,EWOWUJ__ligand1459-0
86,EWOWUJ__ligand442-0
87,EWOWUJ__ligand1544-0
88,EWOWUJ__ligand868-0
89,EWOWUJ__ligand1685-0
90,EWOWUJ__ligand352-0
91,EWOWUJ__ligand783-0
92,EWOWUJ__ligand3757-0
93,EWOWUJ__ligand1048-0
94,EWOWUJ__ligand2087-0
95,EWOWUJ__ligand1171-0
96,EWOWUJ__ligand4-0
97,EWOWUJ__ligand15630-0
98,EWOWUJ__ligand296-0
99,EWOWUJ__ligand10357-0
100,EWOWUJ__ligand197-0
101,EWOWUJ__ligand1438-0
102,EWOWUJ__ligand3063-0
103,EWOWUJ__ligand112-0
104,EWOWUJ__ligand5801-0
105,EWOWUJ__ligand584-0
106,EWOWUJ__ligand916-0
107,EWOWUJ__ligand421-0
108,EWOWUJ__ligand798-0
109,EWOWUJ__ligand4381-0
110,EWOWUJ__ligand331-0
111,EWOWUJ__ligand2629-0
112,EWOWUJ__ligand993-0
113,EWOWUJ__ligand3734-0
114,EWOWUJ__ligand294-0
115,EWOWUJ__ligand1706-0
116,EWOWUJ__ligand6-0
117,EWOWUJ__ligand1687-0
118,EWOWUJ__ligand1951-0
119,EWOWUJ__ligand109-0
120,EWOWUJ__ligand6277-0
121,EWOWUJ__ligand525-0
122,EWOWUJ__ligand560-0
123,EWOWUJ__ligand235-0
124,EWOWUJ__ligand2768-0
125,EWOWUJ__ligand1376-0
126,EWOWUJ__ligand134-0
127,EWOWUJ__ligand932-0
128,EWOWUJ__ligand2688-0
129,EWOWUJ__ligand390-0
130,EWOWUJ__ligand2259-0
131,EWOWUJ__ligand2751-0
132,EWOWUJ__ligand92-0
133,EWOWUJ__ligand311-0
134,EWOWUJ__ligand1542-0
135,EWOWUJ__ligand2634-0
136,EWOWUJ__ligand369-0
137,EWOWUJ__ligand444-0
138,EWOWUJ__ligand17-0
139,EWOWUJ__ligand3041-0
140,EWOWUJ__ligand188-0
141,EWOWUJ__ligand6332-0
142,EWOWUJ__ligand460-0
143,EWOWUJ__ligand3178-0
144,EWOWUJ__ligand2863-0
145,EWOWUJ__ligand250-0
146,EWOWUJ__ligand6502-0
147,EWOWUJ__ligand2098-0
148,EWOWUJ__ligand6686-0
149,EWOWUJ__ligand1747-0
150,EWOWUJ__ligand5548-0
151,EWOWUJ__ligand7915-0
152,EWOWUJ__ligand3145-0
153,EWOWUJ__ligand370-0
154,EWOWUJ__ligand193-0
155,EWOWUJ__ligand49-0
156,EWOWUJ__ligand830-0
157,EWOWUJ__ligand3246-0
158,EWOWUJ__ligand1148-0
159,EWOWUJ__ligand955-0
160,EWOWUJ__ligand252-0
161,EWOWUJ__ligand89-0
162,EWOWUJ__ligand1479-0
163,EWOWUJ__ligand9244-0
164,EWOWUJ__ligand1228-0
165,EWOWUJ__ligand177-0
166,EWOWUJ__ligand934-0
167,EWOWUJ__ligand909-0
168,EWOWUJ__ligand1538-0
169,EWOWUJ__ligand1114-0
170,EWOWUJ__ligand851-0
171,EWOWUJ__ligand7550-0
172,EWOWUJ__ligand1160-0
173,EWOWUJ__ligand2253-0
174,EWOWUJ__ligand5093-0
175,EWOWUJ__ligand2954-0
176,EWOWUJ__ligand2762-0
177,EWOWUJ__ligand1038-0
178,EWOWUJ__ligand4423-0
179,EWOWUJ__ligand1907-0
180,EWOWUJ__ligand78-0
181,EWOWUJ__ligand3890-0
182,EWOWUJ__ligand85-0
183,EWOWUJ__ligand7630-0
184,EWOWUJ__ligand226-0
185,EWOWUJ__ligand45-0
186,EWOWUJ__ligand162-0
187,EWOWUJ__ligand383-0
188,EWOWUJ__ligand1285-0
189,EWOWUJ__ligand1555-0
190,EWOWUJ__ligand3478-0
191,EWOWUJ__ligand509-0
192,EWOWUJ__ligand3852-0
193,EWOWUJ__ligand5758-0
194,EWOWUJ__ligand7456-0
195,EWOWUJ__ligand571-0
196,EWOWUJ__ligand118-0
197,EWOWUJ__ligand670-0
198,EWOWUJ__ligand1818-0
199,EWOWUJ__ligand365-0
200,EWOWUJ__ligand3251-0
201,EWOWUJ__ligand4619-0
202,EWOWUJ__ligand6143-0
203,EWOWUJ__ligand5235-0
204,EWOWUJ__ligand278-0
205,EWOWUJ__ligand3035-0
206,EWOWUJ__ligand3070-0
207,EWOWUJ__ligand2718-0
208,EWOWUJ__ligand669-0
209,EWOWUJ__ligand1493-0
210,EWOWUJ__ligand9176-0
211,EWOWUJ__ligand430-0
212,EWOWUJ__ligand358-0
213,EWOWUJ__ligand4175-0
214,EWOWUJ__ligand2255-0
215,EWOWUJ__ligand409-0
216,EWOWUJ__ligand324-0
217,EWOWUJ__ligand361-0
218,EWOWUJ__ligand1918-0
219,EWOWUJ__ligand67-0
220,EWOWUJ__ligand140-0
221,EWOWUJ__ligand105-0
222,EWOWUJ__ligand4370-0
223,EWOWUJ__ligand199-0
224,EWOWUJ__ligand11730-0
225,EWOWUJ__ligand927-0
226,EWOWUJ__ligand1436-0
227,EWOWUJ__ligand575-0
228,EWOWUJ__ligand2618-0
229,EWOWUJ__ligand3618-0
230,EWOWUJ__ligand532-0
231,EWOWUJ__ligand2707-0
232,EWOWUJ__ligand633-0
233,EWOWUJ__ligand918-0
234,EWOWUJ__ligand497-0
235,EWOWUJ__ligand1690-0
236,EWOWUJ__ligand1551-0
237,EWOWUJ__ligand838-0
238,EWOWUJ__ligand2526-0
239,EWOWUJ__ligand8-0
240,EWOWUJ__ligand166-0
241,EWOWUJ__ligand3196-0
242,EWOWUJ__ligand4012-0
243,EWOWUJ__ligand436-0
244,EWOWUJ__ligand206-0
245,EWOWUJ__ligand142-0
246,EWOWUJ__ligand283-0
247,EWOWUJ__ligand553-0
248,EWOWUJ__ligand326-0
249,EWOWUJ__ligand2915-0
250,EWOWUJ__ligand821-0
251,EWOWUJ__ligand6166-0
252,EWOWUJ__ligand86-0
253,EWOWUJ__ligand119-0
254,EWOWUJ__ligand1246-0
255,EWOWUJ__ligand5089-0
256,EWOWUJ__ligand2599-0
257,EWOWUJ__ligand124-0
258,EWOWUJ__ligand2853-0
259,EWOWUJ__ligand3853-0
260,EWOWUJ__ligand1307-0
261,EWOWUJ__ligand201-0
262,EWOWUJ__ligand244-0
263,EWOWUJ__ligand62-0
264,EWOWUJ__ligand100-0
265,EWOWUJ__ligand178-0
266,EWOWUJ__ligand279-0
267,EWOWUJ__ligand321-0
268,EWOWUJ__ligand187-0
269,EWOWUJ__ligand612-0
270,EWOWUJ__ligand18-0
271,EWOWUJ__ligand861-0
272,EWOWUJ__ligand366-0
273,EWOWUJ__ligand9620-0
274,EWOWUJ__ligand1260-0
275,EWOWUJ__ligand4894-0
276,EWOWUJ__ligand1449-1
277,EWOWUJ__ligand4811-0
278,EWOWUJ__ligand596-0
279,EWOWUJ__ligand7514-0
280,EWOWUJ__ligand3337-0
281,EWOWUJ__ligand1178-0
282,EWOWUJ__ligand3566-0
283,EWOWUJ__ligand1321-0
284,EWOWUJ__ligand126-0
285,EWOWUJ__ligand1788-0
286,EWOWUJ__ligand40-0
287,EWOWUJ__ligand6571-0
288,EWOWUJ__ligand2482-0
289,EWOWUJ__ligand1325-0
290,EWOWUJ__ligand757-0
291,EWOWUJ__ligand1104-0
292,EWOWUJ__ligand7414-0
293,EWOWUJ__ligand5762-0
294,EWOWUJ__ligand797-0
295,EWOWUJ__ligand1019-0
296,EWOWUJ__ligand38-0
297,EWOWUJ__ligand2442-0
298,EWOWUJ__ligand1264-0
299,EWOWUJ__ligand1221-0
300,EWOWUJ__ligand1299-0
301,EWOWUJ__ligand6430-0
302,EWOWUJ__ligand1379-0
303,EWOWUJ__ligand2376-0
304,EWOWUJ__ligand21-0
305,EWOWUJ__ligand2929-0
306,EWOWUJ__ligand66-0
307,EWOWUJ__ligand141-0
308,EWOWUJ__ligand240-0
309,EWOWUJ__ligand2389-0
310,EWOWUJ__ligand1919-0
311,EWOWUJ__ligand3579-0
312,EWOWUJ__ligand2110-0
313,EWOWUJ__ligand2916-0
314,EWOWUJ__ligand1712-0
315,EWOWUJ__ligand1858-0
316,EWOWUJ__ligand8032-0
317,EWOWUJ__ligand1898-0
318,EWOWUJ__ligand2480-0
319,EWOWUJ__ligand3051-0
320,EWOWUJ__ligand4504-0
321,EWOWUJ__ligand120-0
322,EWOWUJ__ligand2315-0
323,EWOWUJ__ligand384-0
324,EWOWUJ__ligand5334-0
