,TMC
0,LIJWAC__ligand162-0
1,LIJWAC__ligand226-0
2,LIJWAC__ligand1273-0
3,LIJWAC__ligand383-0
4,LIJWAC__ligand1052-0
5,LIJWAC__ligand14530-0
6,LIJWAC__ligand1502-0
7,LIJWAC__ligand85-0
8,LIJWAC__ligand8-0
9,LIJWAC__ligand78-0
10,LIJWAC__ligand1835-0
11,LIJWAC__ligand2794-0
12,LIJWAC__ligand2345-0
13,LIJWAC__ligand4983-0
14,LIJWAC__ligand9027-0
15,LIJWAC__ligand45-0
16,LIJWAC__ligand2265-0
17,LIJWAC__ligand1113-0
18,LIJWAC__ligand6396-0
19,LIJWAC__ligand10910-0
20,LIJWAC__ligand669-0
21,LIJWAC__ligand2880-0
22,LIJWAC__ligand5941-0
23,LIJWAC__ligand3838-0
24,LIJWAC__ligand1799-0
25,LIJWAC__ligand2838-0
26,LIJWAC__ligand358-0
27,LIJWAC__ligand10114-0
28,LIJWAC__ligand430-0
29,LIJWAC__ligand1169-0
30,LIJWAC__ligand5022-0
31,LIJWAC__ligand365-0
32,LIJWAC__ligand278-0
33,LIJWAC__ligand670-0
34,LIJWAC__ligand10479-0
35,LIJWAC__ligand118-0
36,LIJWAC__ligand571-0
37,LIJWAC__ligand2864-0
38,LIJWAC__ligand2772-0
39,LIJWAC__ligand509-0
40,LIJWAC__ligand6151-0
41,LIJWAC__ligand9495-0
42,LIJWAC__ligand6538-0
43,LIJWAC__ligand2142-0
44,LIJWAC__ligand575-0
45,LIJWAC__ligand6294-0
46,LIJWAC__ligand1054-0
47,LIJWAC__ligand1598-0
48,LIJWAC__ligand4303-0
49,LIJWAC__ligand1248-0
50,LIJWAC__ligand67-0
51,LIJWAC__ligand7464-0
52,LIJWAC__ligand927-0
53,LIJWAC__ligand199-0
54,LIJWAC__ligand105-0
55,LIJWAC__ligand140-0
56,LIJWAC__ligand8774-0
57,LIJWAC__ligand361-0
58,LIJWAC__ligand324-0
59,LIJWAC__ligand3637-0
60,LIJWAC__ligand409-0
61,LIJWAC__ligand553-0
62,LIJWAC__ligand283-0
63,LIJWAC__ligand1607-0
64,LIJWAC__ligand821-0
65,LIJWAC__ligand326-0
66,LIJWAC__ligand436-0
67,LIJWAC__ligand1152-0
68,LIJWAC__ligand1727-0
69,LIJWAC__ligand142-0
70,LIJWAC__ligand206-0
71,LIJWAC__ligand838-0
72,LIJWAC__ligand2907-0
73,LIJWAC__ligand166-0
74,LIJWAC__ligand2430-0
75,LIJWAC__ligand1703-0
76,LIJWAC__ligand1056-0
77,LIJWAC__ligand918-0
78,LIJWAC__ligand2320-0
79,LIJWAC__ligand633-0
80,LIJWAC__ligand2862-0
81,LIJWAC__ligand532-0
82,LIJWAC__ligand8921-0
83,LIJWAC__ligand1567-0
84,LIJWAC__ligand2285-0
85,LIJWAC__ligand497-0
86,LIJWAC__ligand2510-0
87,LIJWAC__ligand279-0
88,LIJWAC__ligand1459-0
89,LIJWAC__ligand178-0
90,LIJWAC__ligand321-0
91,LIJWAC__ligand86-0
92,LIJWAC__ligand1544-0
93,LIJWAC__ligand1685-0
94,LIJWAC__ligand1048-0
95,LIJWAC__ligand100-0
96,LIJWAC__ligand2087-0
97,LIJWAC__ligand244-0
98,LIJWAC__ligand201-0
99,LIJWAC__ligand3757-0
100,LIJWAC__ligand62-0
101,LIJWAC__ligand1171-0
102,LIJWAC__ligand124-0
103,LIJWAC__ligand119-0
104,LIJWAC__ligand1438-0
105,LIJWAC__ligand3063-0
106,LIJWAC__ligand5801-0
107,LIJWAC__ligand15630-0
108,LIJWAC__ligand10357-0
109,LIJWAC__ligand18-0
110,LIJWAC__ligand2629-0
111,LIJWAC__ligand4381-0
112,LIJWAC__ligand126-0
113,LIJWAC__ligand1706-0
114,LIJWAC__ligand3734-0
115,LIJWAC__ligand1951-0
116,LIJWAC__ligand1687-0
117,LIJWAC__ligand6277-0
118,LIJWAC__ligand596-0
119,LIJWAC__ligand612-0
120,LIJWAC__ligand187-0
121,LIJWAC__ligand2768-0
122,LIJWAC__ligand1376-0
123,LIJWAC__ligand366-0
124,LIJWAC__ligand2259-0
125,LIJWAC__ligand2688-0
126,LIJWAC__ligand861-0
127,LIJWAC__ligand2751-0
128,LIJWAC__ligand40-0
129,LIJWAC__ligand38-0
130,LIJWAC__ligand1542-0
131,LIJWAC__ligand2634-0
132,LIJWAC__ligand3041-0
133,LIJWAC__ligand797-0
134,LIJWAC__ligand3178-0
135,LIJWAC__ligand6332-0
136,LIJWAC__ligand6502-0
137,LIJWAC__ligand2098-0
138,LIJWAC__ligand2863-0
139,LIJWAC__ligand5548-0
140,LIJWAC__ligand7915-0
141,LIJWAC__ligand1747-0
142,LIJWAC__ligand6686-0
143,LIJWAC__ligand21-0
144,LIJWAC__ligand757-0
145,LIJWAC__ligand3145-0
146,LIJWAC__ligand120-0
147,LIJWAC__ligand66-0
148,LIJWAC__ligand384-0
149,LIJWAC__ligand3246-0
150,LIJWAC__ligand1148-0
151,LIJWAC__ligand1479-0
152,LIJWAC__ligand1228-0
153,LIJWAC__ligand9244-0
154,LIJWAC__ligand240-0
155,LIJWAC__ligand141-0
156,LIJWAC__ligand1114-0
157,LIJWAC__ligand1538-0
158,LIJWAC__ligand7550-0
159,LIJWAC__ligand481-0
160,LIJWAC__ligand314-0
161,LIJWAC__ligand5093-0
162,LIJWAC__ligand2954-0
163,LIJWAC__ligand391-0
164,LIJWAC__ligand73-0
165,LIJWAC__ligand3-0
166,LIJWAC__ligand1160-0
167,LIJWAC__ligand2253-0
168,LIJWAC__ligand170-0
169,LIJWAC__ligand1038-0
170,LIJWAC__ligand2762-0
171,LIJWAC__ligand1907-0
172,LIJWAC__ligand57-0
173,LIJWAC__ligand4423-0
174,LIJWAC__ligand210-0
175,LIJWAC__ligand3890-0
176,LIJWAC__ligand7630-0
177,LIJWAC__ligand1555-0
178,LIJWAC__ligand1285-0
179,LIJWAC__ligand502-0
180,LIJWAC__ligand196-0
181,LIJWAC__ligand3852-0
182,LIJWAC__ligand3478-0
183,LIJWAC__ligand5758-0
184,LIJWAC__ligand95-0
185,LIJWAC__ligand422-0
186,LIJWAC__ligand55-0
187,LIJWAC__ligand7456-0
188,LIJWAC__ligand113-0
189,LIJWAC__ligand1818-0
190,LIJWAC__ligand3251-0
191,LIJWAC__ligand34-0
192,LIJWAC__ligand1-0
193,LIJWAC__ligand236-0
194,LIJWAC__ligand6143-0
195,LIJWAC__ligand5235-0
196,LIJWAC__ligand4619-0
197,LIJWAC__ligand1493-0
198,LIJWAC__ligand3035-0
199,LIJWAC__ligand3070-0
200,LIJWAC__ligand2718-0
201,LIJWAC__ligand9176-0
202,LIJWAC__ligand353-0
203,LIJWAC__ligand133-0
204,LIJWAC__ligand4175-0
205,LIJWAC__ligand447-0
206,LIJWAC__ligand2255-0
207,LIJWAC__ligand1918-0
208,LIJWAC__ligand487-0
209,LIJWAC__ligand48-0
210,LIJWAC__ligand522-0
211,LIJWAC__ligand666-0
212,LIJWAC__ligand4370-0
213,LIJWAC__ligand91-0
214,LIJWAC__ligand29-0
215,LIJWAC__ligand1436-0
216,LIJWAC__ligand682-0
217,LIJWAC__ligand51-0
218,LIJWAC__ligand2618-0
219,LIJWAC__ligand3618-0
220,LIJWAC__ligand115-0
221,LIJWAC__ligand2707-0
222,LIJWAC__ligand11730-0
223,LIJWAC__ligand1690-0
224,LIJWAC__ligand2526-0
225,LIJWAC__ligand1551-0
226,LIJWAC__ligand291-0
227,LIJWAC__ligand355-0
228,LIJWAC__ligand784-0
229,LIJWAC__ligand3196-0
230,LIJWAC__ligand4012-0
231,LIJWAC__ligand485-0
232,LIJWAC__ligand32-0
233,LIJWAC__ligand2915-0
234,LIJWAC__ligand112-0
235,LIJWAC__ligand6166-0
236,LIJWAC__ligand1246-0
237,LIJWAC__ligand11-0
238,LIJWAC__ligand5089-0
239,LIJWAC__ligand2599-0
240,LIJWAC__ligand197-0
241,LIJWAC__ligand2853-0
242,LIJWAC__ligand3853-0
243,LIJWAC__ligand296-0
244,LIJWAC__ligand352-0
245,LIJWAC__ligand783-0
246,LIJWAC__ligand1307-0
247,LIJWAC__ligand136-0
248,LIJWAC__ligand868-0
249,LIJWAC__ligand442-0
250,LIJWAC__ligand932-0
251,LIJWAC__ligand134-0
252,LIJWAC__ligand235-0
253,LIJWAC__ligand9620-0
254,LIJWAC__ligand4894-0
255,LIJWAC__ligand1260-0
256,LIJWAC__ligand390-0
257,LIJWAC__ligand1449-1
258,LIJWAC__ligand4811-0
259,LIJWAC__ligand560-0
260,LIJWAC__ligand525-0
261,LIJWAC__ligand109-0
262,LIJWAC__ligand7514-0
263,LIJWAC__ligand3337-0
264,LIJWAC__ligand331-0
265,LIJWAC__ligand1178-0
266,LIJWAC__ligand3566-0
267,LIJWAC__ligand294-0
268,LIJWAC__ligand1321-0
269,LIJWAC__ligand993-0
270,LIJWAC__ligand1788-0
271,LIJWAC__ligand584-0
272,LIJWAC__ligand916-0
273,LIJWAC__ligand798-0
274,LIJWAC__ligand421-0
275,LIJWAC__ligand2482-0
276,LIJWAC__ligand1325-0
277,LIJWAC__ligand6571-0
278,LIJWAC__ligand92-0
279,LIJWAC__ligand370-0
280,LIJWAC__ligand460-0
281,LIJWAC__ligand1104-0
282,LIJWAC__ligand7414-0
283,LIJWAC__ligand5762-0
284,LIJWAC__ligand17-0
285,LIJWAC__ligand1019-0
286,LIJWAC__ligand2442-0
287,LIJWAC__ligand250-0
288,LIJWAC__ligand6-0
289,LIJWAC__ligand1299-0
290,LIJWAC__ligand6430-0
291,LIJWAC__ligand444-0
292,LIJWAC__ligand1264-0
293,LIJWAC__ligand1221-0
294,LIJWAC__ligand369-0
295,LIJWAC__ligand188-0
296,LIJWAC__ligand1379-0
297,LIJWAC__ligand2376-0
298,LIJWAC__ligand311-0
299,LIJWAC__ligand2929-0
300,LIJWAC__ligand2389-0
301,LIJWAC__ligand909-0
302,LIJWAC__ligand1919-0
303,LIJWAC__ligand851-0
304,LIJWAC__ligand49-0
305,LIJWAC__ligand2110-0
306,LIJWAC__ligand89-0
307,LIJWAC__ligand2916-0
308,LIJWAC__ligand3579-0
309,LIJWAC__ligand4-0
310,LIJWAC__ligand934-0
311,LIJWAC__ligand177-0
312,LIJWAC__ligand1712-0
313,LIJWAC__ligand252-0
314,LIJWAC__ligand8032-0
315,LIJWAC__ligand955-0
316,LIJWAC__ligand1858-0
317,LIJWAC__ligand2315-0
318,LIJWAC__ligand1898-0
319,LIJWAC__ligand193-0
320,LIJWAC__ligand2480-0
321,LIJWAC__ligand3051-0
322,LIJWAC__ligand4504-0
323,LIJWAC__ligand5334-0
324,LIJWAC__ligand830-0
