,TMC
0,QAJCAF__ligand395-0
1,QAJCAF__ligand89-0
2,QAJCAF__ligand7819-0
3,QAJCAF__ligand368-0
4,QAJCAF__ligand10371-0
5,QAJCAF__ligand2917-0
6,QAJCAF__ligand6596-0
7,QAJCAF__ligand3721-0
8,QAJCAF__ligand6904-0
9,QAJCAF__ligand6102-0
10,QAJCAF__ligand13672-0
11,QAJCAF__ligand28685-0
12,QAJCAF__ligand3465-0
13,QAJCAF__ligand18568-0
14,QAJCAF__ligand19184-0
15,QAJCAF__ligand4620-0
16,QAJCAF__ligand784-0
17,QAJCAF__ligand2295-0
18,QAJCAF__ligand1577-0
19,QAJCAF__ligand6067-0
20,QAJCAF__ligand18448-0
21,QAJCAF__ligand12453-0
22,QAJCAF__ligand28459-0
23,QAJCAF__ligand49-0
24,QAJCAF__ligand4641-0
25,QAJCAF__ligand833-0
26,QAJCAF__ligand13477-0
27,QAJCAF__ligand14167-0
28,QAJCAF__ligand30142-0
29,QAJCAF__ligand27669-0
30,QAJCAF__ligand29029-0
31,QAJCAF__ligand27285-0
32,QAJCAF__ligand1142-0
33,QAJCAF__ligand3234-0
34,QAJCAF__ligand23197-0
35,QAJCAF__ligand115-0
36,QAJCAF__ligand8835-0
37,QAJCAF__ligand2028-0
38,QAJCAF__ligand7126-0
39,QAJCAF__ligand8992-0
40,QAJCAF__ligand10056-0
41,QAJCAF__ligand12365-0
42,QAJCAF__ligand17-0
43,QAJCAF__ligand9601-0
44,QAJCAF__ligand15531-0
45,QAJCAF__ligand28743-0
46,QAJCAF__ligand11357-0
47,QAJCAF__ligand13862-0
48,QAJCAF__ligand28930-0
49,QAJCAF__ligand3707-0
50,QAJCAF__ligand6124-0
51,QAJCAF__ligand22168-0
52,QAJCAF__ligand7967-0
53,QAJCAF__ligand22294-0
54,QAJCAF__ligand4116-0
55,QAJCAF__ligand21919-0
56,QAJCAF__ligand152-0
57,QAJCAF__ligand1018-0
58,QAJCAF__ligand11970-0
59,QAJCAF__ligand5643-0
60,QAJCAF__ligand1823-0
61,QAJCAF__ligand8721-0
62,QAJCAF__ligand506-0
63,QAJCAF__ligand15883-0
64,QAJCAF__ligand1324-0
65,QAJCAF__ligand11447-0
66,QAJCAF__ligand11096-0
67,QAJCAF__ligand28810-0
68,QAJCAF__ligand9952-0
69,QAJCAF__ligand9111-0
70,QAJCAF__ligand24230-0
71,QAJCAF__ligand2526-0
72,QAJCAF__ligand5036-0
73,QAJCAF__ligand1615-0
74,QAJCAF__ligand15926-0
75,QAJCAF__ligand10828-0
76,QAJCAF__ligand19792-0
77,QAJCAF__ligand11682-0
78,QAJCAF__ligand30711-0
79,QAJCAF__ligand20207-0
80,QAJCAF__ligand2332-0
81,QAJCAF__ligand9441-0
82,QAJCAF__ligand25913-0
83,QAJCAF__ligand16988-0
84,QAJCAF__ligand487-0
85,QAJCAF__ligand1631-0
86,QAJCAF__ligand9933-0
87,QAJCAF__ligand1530-0
88,QAJCAF__ligand1575-0
89,QAJCAF__ligand3156-0
90,QAJCAF__ligand447-0
91,QAJCAF__ligand16663-0
92,QAJCAF__ligand2915-0
93,QAJCAF__ligand14614-0
94,QAJCAF__ligand746-0
95,QAJCAF__ligand24035-0
96,QAJCAF__ligand6244-0
97,QAJCAF__ligand176-0
98,QAJCAF__ligand31842-0
99,QAJCAF__ligand31044-0
100,QAJCAF__ligand1378-0
101,QAJCAF__ligand11994-0
102,QAJCAF__ligand1219-0
103,QAJCAF__ligand6709-0
104,QAJCAF__ligand14569-0
105,QAJCAF__ligand7867-0
106,QAJCAF__ligand353-0
107,QAJCAF__ligand13385-0
108,QAJCAF__ligand22444-0
109,QAJCAF__ligand24111-0
110,QAJCAF__ligand4016-0
111,QAJCAF__ligand11587-0
112,QAJCAF__ligand13220-0
113,QAJCAF__ligand7238-0
114,QAJCAF__ligand7280-0
115,QAJCAF__ligand1790-0
116,QAJCAF__ligand17396-0
117,QAJCAF__ligand1304-0
118,QAJCAF__ligand15788-0
119,QAJCAF__ligand23175-0
120,QAJCAF__ligand7629-0
121,QAJCAF__ligand27840-0
122,QAJCAF__ligand1451-0
123,QAJCAF__ligand30728-0
124,QAJCAF__ligand4272-0
125,QAJCAF__ligand24872-0
126,QAJCAF__ligand9784-0
127,QAJCAF__ligand1160-0
128,QAJCAF__ligand10033-0
129,QAJCAF__ligand393-0
130,QAJCAF__ligand8699-0
131,QAJCAF__ligand24644-0
132,QAJCAF__ligand9520-0
133,QAJCAF__ligand4093-0
134,QAJCAF__ligand12001-0
135,QAJCAF__ligand4442-0
136,QAJCAF__ligand3954-0
137,QAJCAF__ligand4157-0
138,QAJCAF__ligand11949-0
139,QAJCAF__ligand22129-0
140,QAJCAF__ligand5256-0
141,QAJCAF__ligand686-0
142,QAJCAF__ligand8876-0
143,QAJCAF__ligand24780-0
144,QAJCAF__ligand2828-0
145,QAJCAF__ligand7648-0
146,QAJCAF__ligand12138-0
147,QAJCAF__ligand9833-0
148,QAJCAF__ligand9291-0
149,QAJCAF__ligand25561-0
150,QAJCAF__ligand2176-0
151,QAJCAF__ligand422-0
152,QAJCAF__ligand2232-0
153,QAJCAF__ligand1285-0
154,QAJCAF__ligand31694-0
155,QAJCAF__ligand7000-0
156,QAJCAF__ligand29486-0
157,QAJCAF__ligand1982-0
158,QAJCAF__ligand6768-0
159,QAJCAF__ligand8115-0
160,QAJCAF__ligand196-0
161,QAJCAF__ligand4503-0
162,QAJCAF__ligand4546-0
163,QAJCAF__ligand17427-0
164,QAJCAF__ligand5331-0
165,QAJCAF__ligand1512-0
166,QAJCAF__ligand69-0
167,QAJCAF__ligand26529-0
168,QAJCAF__ligand3565-0
169,QAJCAF__ligand11618-0
170,QAJCAF__ligand314-1
171,QAJCAF__ligand2485-0
172,QAJCAF__ligand3852-0
173,QAJCAF__ligand6919-0
174,QAJCAF__ligand19927-0
175,QAJCAF__ligand5211-0
176,QAJCAF__ligand26324-0
177,QAJCAF__ligand28559-0
178,QAJCAF__ligand4155-0
179,QAJCAF__ligand3094-0
180,QAJCAF__ligand14043-0
181,QAJCAF__ligand27239-0
182,QAJCAF__ligand4720-0
183,QAJCAF__ligand11-0
184,QAJCAF__ligand21729-0
185,QAJCAF__ligand3174-0
186,QAJCAF__ligand1202-0
187,QAJCAF__ligand3937-0
188,QAJCAF__ligand3131-0
189,QAJCAF__ligand465-0
190,QAJCAF__ligand8969-0
191,QAJCAF__ligand6839-0
192,QAJCAF__ligand7242-0
193,QAJCAF__ligand29215-0
194,QAJCAF__ligand618-0
195,QAJCAF__ligand7106-0
196,QAJCAF__ligand16148-0
197,QAJCAF__ligand26631-0
198,QAJCAF__ligand12003-0
199,QAJCAF__ligand9908-0
200,QAJCAF__ligand1263-0
201,QAJCAF__ligand10872-0
202,QAJCAF__ligand391-0
203,QAJCAF__ligand21399-0
204,QAJCAF__ligand813-0
205,QAJCAF__ligand3504-0
206,QAJCAF__ligand22403-0
207,QAJCAF__ligand1959-0
208,QAJCAF__ligand780-0
209,QAJCAF__ligand314-0
210,QAJCAF__ligand1536-0
211,QAJCAF__ligand1573-0
212,QAJCAF__ligand9935-0
213,QAJCAF__ligand27754-0
214,QAJCAF__ligand3718-0
215,QAJCAF__ligand20695-0
216,QAJCAF__ligand3876-0
217,QAJCAF__ligand1343-0
218,QAJCAF__ligand3035-0
219,QAJCAF__ligand6616-0
220,QAJCAF__ligand16369-0
221,QAJCAF__ligand11111-0
222,QAJCAF__ligand28540-0
223,QAJCAF__ligand1844-0
224,QAJCAF__ligand4661-0
225,QAJCAF__ligand372-0
226,QAJCAF__ligand2527-0
227,QAJCAF__ligand830-0
228,QAJCAF__ligand25658-0
229,QAJCAF__ligand17686-0
230,QAJCAF__ligand31205-0
231,QAJCAF__ligand1709-0
232,QAJCAF__ligand8464-0
233,QAJCAF__ligand11177-0
234,QAJCAF__ligand8349-0
235,QAJCAF__ligand193-0
236,QAJCAF__ligand15455-0
237,QAJCAF__ligand3392-0
238,QAJCAF__ligand252-0
239,QAJCAF__ligand16870-0
240,QAJCAF__ligand4911-0
241,QAJCAF__ligand1771-0
242,QAJCAF__ligand116-0
243,QAJCAF__ligand11622-0
244,QAJCAF__ligand5849-0
245,QAJCAF__ligand16-0
246,QAJCAF__ligand11814-0
247,QAJCAF__ligand16603-0
248,QAJCAF__ligand177-0
249,QAJCAF__ligand5935-0
250,QAJCAF__ligand11606-0
251,QAJCAF__ligand31000-0
252,QAJCAF__ligand1379-0
253,QAJCAF__ligand2722-0
254,QAJCAF__ligand3157-0
255,QAJCAF__ligand26673-0
256,QAJCAF__ligand1165-0
257,QAJCAF__ligand32-0
258,QAJCAF__ligand9525-0
259,QAJCAF__ligand20821-0
260,QAJCAF__ligand5056-0
261,QAJCAF__ligand4850-0
262,QAJCAF__ligand18067-0
263,QAJCAF__ligand1688-0
264,QAJCAF__ligand19824-0
265,QAJCAF__ligand5357-0
266,QAJCAF__ligand3647-0
267,QAJCAF__ligand11252-0
268,QAJCAF__ligand3871-0
269,QAJCAF__ligand1469-0
270,QAJCAF__ligand13260-0
271,QAJCAF__ligand10582-0
272,QAJCAF__ligand1768-0
273,QAJCAF__ligand909-0
274,QAJCAF__ligand311-0
275,QAJCAF__ligand785-0
276,QAJCAF__ligand1533-0
277,QAJCAF__ligand479-0
278,QAJCAF__ligand48-0
279,QAJCAF__ligand370-1
280,QAJCAF__ligand7557-0
281,QAJCAF__ligand620-0
282,QAJCAF__ligand10151-0
283,QAJCAF__ligand1496-0
284,QAJCAF__ligand564-0
285,QAJCAF__ligand19668-0
286,QAJCAF__ligand188-0
287,QAJCAF__ligand19906-0
288,QAJCAF__ligand1712-0
289,QAJCAF__ligand4131-0
290,QAJCAF__ligand22353-0
291,QAJCAF__ligand5892-0
292,QAJCAF__ligand5094-0
293,QAJCAF__ligand2328-0
294,QAJCAF__ligand24851-0
295,QAJCAF__ligand4581-0
296,QAJCAF__ligand1773-0
297,QAJCAF__ligand11698-0
298,QAJCAF__ligand3029-0
299,QAJCAF__ligand20530-0
300,QAJCAF__ligand14302-0
301,QAJCAF__ligand250-0
302,QAJCAF__ligand14347-0
303,QAJCAF__ligand13657-0
304,QAJCAF__ligand7162-0
305,QAJCAF__ligand11479-0
306,QAJCAF__ligand27610-0
307,QAJCAF__ligand10479-0
308,QAJCAF__ligand10853-0
309,QAJCAF__ligand1900-0
310,QAJCAF__ligand29441-0
311,QAJCAF__ligand51-0
312,QAJCAF__ligand9197-0
313,QAJCAF__ligand3208-0
314,QAJCAF__ligand2208-0
315,QAJCAF__ligand91-0
316,QAJCAF__ligand16952-0
317,QAJCAF__ligand29813-0
318,QAJCAF__ligand370-0
319,QAJCAF__ligand1327-0
320,QAJCAF__ligand9809-0
321,QAJCAF__ligand6672-0
322,QAJCAF__ligand20220-0
323,QAJCAF__ligand8722-0
324,QAJCAF__ligand2781-0
325,QAJCAF__ligand7573-0
326,QAJCAF__ligand3350-0
327,QAJCAF__ligand8-0
328,QAJCAF__ligand15387-0
329,QAJCAF__ligand20121-0
330,QAJCAF__ligand1147-0
331,QAJCAF__ligand55-0
332,QAJCAF__ligand27550-0
333,QAJCAF__ligand3973-0
334,QAJCAF__ligand421-0
335,QAJCAF__ligand2068-0
336,QAJCAF__ligand685-0
337,QAJCAF__ligand7925-0
338,QAJCAF__ligand18019-1
339,QAJCAF__ligand14007-0
340,QAJCAF__ligand294-0
341,QAJCAF__ligand7532-0
342,QAJCAF__ligand29565-0
343,QAJCAF__ligand23682-0
344,QAJCAF__ligand4194-0
345,QAJCAF__ligand18158-0
346,QAJCAF__ligand27771-0
347,QAJCAF__ligand2599-0
348,QAJCAF__ligand16956-0
349,QAJCAF__ligand21339-0
350,QAJCAF__ligand14226-0
351,QAJCAF__ligand4330-0
352,QAJCAF__ligand20942-1
353,QAJCAF__ligand68-0
354,QAJCAF__ligand17069-0
355,QAJCAF__ligand560-0
356,QAJCAF__ligand14477-0
357,QAJCAF__ligand6283-0
358,QAJCAF__ligand17445-0
359,QAJCAF__ligand29334-0
360,QAJCAF__ligand5813-0
361,QAJCAF__ligand4813-0
362,QAJCAF__ligand12413-0
363,QAJCAF__ligand20731-0
364,QAJCAF__ligand4738-0
365,QAJCAF__ligand6062-0
366,QAJCAF__ligand11798-0
367,QAJCAF__ligand21448-0
368,QAJCAF__ligand11758-0
369,QAJCAF__ligand22357-0
370,QAJCAF__ligand3215-0
371,QAJCAF__ligand34-0
372,QAJCAF__ligand29214-0
373,QAJCAF__ligand134-0
374,QAJCAF__ligand11544-0
375,QAJCAF__ligand7107-0
376,QAJCAF__ligand11501-0
377,QAJCAF__ligand235-0
378,QAJCAF__ligand868-0
379,QAJCAF__ligand9148-0
380,QAJCAF__ligand20557-0
381,QAJCAF__ligand30004-0
382,QAJCAF__ligand1415-0
383,QAJCAF__ligand6946-0
384,QAJCAF__ligand7529-0
385,QAJCAF__ligand5627-0
386,QAJCAF__ligand25048-0
387,QAJCAF__ligand1729-0
388,QAJCAF__ligand21940-0
389,QAJCAF__ligand2830-0
390,QAJCAF__ligand20432-0
391,QAJCAF__ligand27122-0
392,QAJCAF__ligand13755-0
393,QAJCAF__ligand16133-0
394,QAJCAF__ligand5316-0
395,QAJCAF__ligand352-0
396,QAJCAF__ligand783-0
397,QAJCAF__ligand23445-0
398,QAJCAF__ligand24953-0
399,QAJCAF__ligand5483-0
400,QAJCAF__ligand1449-0
401,QAJCAF__ligand14339-0
402,QAJCAF__ligand197-0
403,QAJCAF__ligand3012-0
404,QAJCAF__ligand7530-0
405,QAJCAF__ligand13691-0
406,QAJCAF__ligand1065-0
407,QAJCAF__ligand30788-0
408,QAJCAF__ligand9681-0
409,QAJCAF__ligand21752-0
410,QAJCAF__ligand4332-0
411,QAJCAF__ligand24560-0
412,QAJCAF__ligand18757-0
413,QAJCAF__ligand3934-0
414,QAJCAF__ligand24624-0
415,QAJCAF__ligand20844-0
416,QAJCAF__ligand18413-0
417,QAJCAF__ligand6455-0
418,QAJCAF__ligand6882-0
419,QAJCAF__ligand57-0
420,QAJCAF__ligand2403-0
421,QAJCAF__ligand7075-0
422,QAJCAF__ligand1149-0
423,QAJCAF__ligand3557-0
424,QAJCAF__ligand3980-0
425,QAJCAF__ligand497-0
426,QAJCAF__ligand1817-0
427,QAJCAF__ligand6993-0
428,QAJCAF__ligand633-0
429,QAJCAF__ligand12519-0
430,QAJCAF__ligand25735-0
431,QAJCAF__ligand1779-0
432,QAJCAF__ligand11206-0
433,QAJCAF__ligand23124-0
434,QAJCAF__ligand9750-0
435,QAJCAF__ligand9491-0
436,QAJCAF__ligand12660-0
437,QAJCAF__ligand4266-0
438,QAJCAF__ligand1400-0
439,QAJCAF__ligand13209-0
440,QAJCAF__ligand19257-0
441,QAJCAF__ligand4167-0
442,QAJCAF__ligand66-0
443,QAJCAF__ligand31248-0
444,QAJCAF__ligand1288-0
445,QAJCAF__ligand25650-0
446,QAJCAF__ligand3416-0
447,QAJCAF__ligand3453-0
448,QAJCAF__ligand692-0
449,QAJCAF__ligand12295-0
450,QAJCAF__ligand4207-0
451,QAJCAF__ligand27835-0
452,QAJCAF__ligand25575-0
453,QAJCAF__ligand1539-0
454,QAJCAF__ligand21787-0
455,QAJCAF__ligand436-0
456,QAJCAF__ligand25689-0
457,QAJCAF__ligand42-0
458,QAJCAF__ligand1150-0
459,QAJCAF__ligand30539-0
460,QAJCAF__ligand4063-0
461,QAJCAF__ligand7438-0
462,QAJCAF__ligand8200-0
463,QAJCAF__ligand326-0
464,QAJCAF__ligand23906-0
465,QAJCAF__ligand3042-0
466,QAJCAF__ligand21132-0
467,QAJCAF__ligand11166-0
468,QAJCAF__ligand409-0
469,QAJCAF__ligand25267-0
470,QAJCAF__ligand10084-0
471,QAJCAF__ligand361-0
472,QAJCAF__ligand324-0
473,QAJCAF__ligand38-0
474,QAJCAF__ligand12467-0
475,QAJCAF__ligand1831-0
476,QAJCAF__ligand13257-0
477,QAJCAF__ligand5614-0
478,QAJCAF__ligand5280-0
479,QAJCAF__ligand21936-0
480,QAJCAF__ligand6663-0
481,QAJCAF__ligand5515-0
482,QAJCAF__ligand23904-0
483,QAJCAF__ligand27074-0
484,QAJCAF__ligand25805-0
485,QAJCAF__ligand1849-0
486,QAJCAF__ligand22981-0
487,QAJCAF__ligand20599-0
488,QAJCAF__ligand3261-0
489,QAJCAF__ligand1152-0
490,QAJCAF__ligand5019-0
491,QAJCAF__ligand14523-0
492,QAJCAF__ligand1216-0
493,QAJCAF__ligand27169-0
494,QAJCAF__ligand18391-0
495,QAJCAF__ligand16791-0
496,QAJCAF__ligand7213-0
497,QAJCAF__ligand1397-0
498,QAJCAF__ligand1828-0
499,QAJCAF__ligand6112-0
500,QAJCAF__ligand28668-0
501,QAJCAF__ligand199-0
502,QAJCAF__ligand8042-0
503,QAJCAF__ligand5085-0
504,QAJCAF__ligand3144-0
505,QAJCAF__ligand18465-0
506,QAJCAF__ligand5755-0
507,QAJCAF__ligand18799-0
508,QAJCAF__ligand4710-0
509,QAJCAF__ligand1908-0
510,QAJCAF__ligand3285-0
511,QAJCAF__ligand4795-0
512,QAJCAF__ligand29863-0
513,QAJCAF__ligand300-0
514,QAJCAF__ligand13869-0
515,QAJCAF__ligand18074-0
516,QAJCAF__ligand1786-0
517,QAJCAF__ligand29610-0
518,QAJCAF__ligand588-0
519,QAJCAF__ligand5630-0
520,QAJCAF__ligand11140-0
521,QAJCAF__ligand24613-0
522,QAJCAF__ligand19725-0
523,QAJCAF__ligand5415-0
524,QAJCAF__ligand10555-0
525,QAJCAF__ligand31483-0
526,QAJCAF__ligand4124-0
527,QAJCAF__ligand4161-0
528,QAJCAF__ligand3471-0
529,QAJCAF__ligand4-0
530,QAJCAF__ligand6995-0
531,QAJCAF__ligand670-0
532,QAJCAF__ligand11568-0
533,QAJCAF__ligand20579-0
534,QAJCAF__ligand17710-0
535,QAJCAF__ligand534-0
536,QAJCAF__ligand2823-0
537,QAJCAF__ligand571-0
538,QAJCAF__ligand4340-0
539,QAJCAF__ligand2650-0
540,QAJCAF__ligand2281-0
541,QAJCAF__ligand21421-0
542,QAJCAF__ligand3180-0
543,QAJCAF__ligand11774-0
544,QAJCAF__ligand14586-0
545,QAJCAF__ligand18-0
546,QAJCAF__ligand2001-0
547,QAJCAF__ligand12682-0
548,QAJCAF__ligand18699-0
549,QAJCAF__ligand7566-0
550,QAJCAF__ligand17240-0
551,QAJCAF__ligand8593-0
552,QAJCAF__ligand9944-0
553,QAJCAF__ligand17590-0
554,QAJCAF__ligand430-0
555,QAJCAF__ligand13072-0
556,QAJCAF__ligand358-0
557,QAJCAF__ligand1113-0
558,QAJCAF__ligand12336-0
559,QAJCAF__ligand8553-0
560,QAJCAF__ligand488-0
561,QAJCAF__ligand5201-0
562,QAJCAF__ligand694-0
563,QAJCAF__ligand29087-0
564,QAJCAF__ligand1154-0
565,QAJCAF__ligand18703-0
566,QAJCAF__ligand9615-0
567,QAJCAF__ligand696-0
568,QAJCAF__ligand28924-0
569,QAJCAF__ligand15438-0
570,QAJCAF__ligand4596-0
571,QAJCAF__ligand1498-0
572,QAJCAF__ligand24750-0
573,QAJCAF__ligand656-0
574,QAJCAF__ligand17945-0
575,QAJCAF__ligand25224-0
576,QAJCAF__ligand18013-0
577,QAJCAF__ligand17207-0
578,QAJCAF__ligand8529-0
579,QAJCAF__ligand31578-0
580,QAJCAF__ligand1169-0
581,QAJCAF__ligand2027-0
582,QAJCAF__ligand1050-0
583,QAJCAF__ligand1015-0
584,QAJCAF__ligand26277-0
585,QAJCAF__ligand29898-0
586,QAJCAF__ligand22755-0
587,QAJCAF__ligand10432-0
588,QAJCAF__ligand31618-0
589,QAJCAF__ligand11432-0
590,QAJCAF__ligand416-0
591,QAJCAF__ligand383-0
592,QAJCAF__ligand2692-0
593,QAJCAF__ligand15168-0
594,QAJCAF__ligand1618-0
595,QAJCAF__ligand1028-0
596,QAJCAF__ligand24064-0
597,QAJCAF__ligand162-0
598,QAJCAF__ligand226-0
599,QAJCAF__ligand23589-0
600,QAJCAF__ligand4262-0
601,QAJCAF__ligand7092-0
602,QAJCAF__ligand29414-0
603,QAJCAF__ligand2260-0
604,QAJCAF__ligand3225-0
605,QAJCAF__ligand1153-0
606,QAJCAF__ligand17982-0
607,QAJCAF__ligand1116-0
608,QAJCAF__ligand20011-0
609,QAJCAF__ligand17278-0
610,QAJCAF__ligand2124-0
611,QAJCAF__ligand8612-0
612,QAJCAF__ligand17398-0
613,QAJCAF__ligand240-0
614,QAJCAF__ligand7172-0
615,QAJCAF__ligand10589-0
616,QAJCAF__ligand9323-0
617,QAJCAF__ligand22557-0
618,QAJCAF__ligand24047-0
619,QAJCAF__ligand141-0
620,QAJCAF__ligand11675-0
621,QAJCAF__ligand7273-0
622,QAJCAF__ligand20598-0
623,QAJCAF__ligand14703-0
624,QAJCAF__ligand16475-0
625,QAJCAF__ligand5180-0
626,QAJCAF__ligand6017-0
627,QAJCAF__ligand5708-0
628,QAJCAF__ligand20251-1
629,QAJCAF__ligand7316-0
630,QAJCAF__ligand20251-0
631,QAJCAF__ligand9753-0
632,QAJCAF__ligand30702-0
633,QAJCAF__ligand20214-0
634,QAJCAF__ligand20539-0
635,QAJCAF__ligand1787-0
636,QAJCAF__ligand1356-0
637,QAJCAF__ligand5530-0
638,QAJCAF__ligand21581-0
639,QAJCAF__ligand31097-0
640,QAJCAF__ligand5159-0
641,QAJCAF__ligand7196-0
642,QAJCAF__ligand17261-0
643,QAJCAF__ligand4807-0
644,QAJCAF__ligand14117-0
645,QAJCAF__ligand768-0
646,QAJCAF__ligand3178-0
647,QAJCAF__ligand17118-0
648,QAJCAF__ligand21371-0
649,QAJCAF__ligand2906-0
650,QAJCAF__ligand20419-0
651,QAJCAF__ligand28789-0
652,QAJCAF__ligand384-0
653,QAJCAF__ligand4711-0
654,QAJCAF__ligand3244-0
655,QAJCAF__ligand1-0
656,QAJCAF__ligand4649-0
657,QAJCAF__ligand8793-0
658,QAJCAF__ligand29568-0
659,QAJCAF__ligand5649-0
660,QAJCAF__ligand2788-0
661,QAJCAF__ligand30851-0
662,QAJCAF__ligand14889-0
663,QAJCAF__ligand67-0
664,QAJCAF__ligand2203-0
665,QAJCAF__ligand5387-0
666,QAJCAF__ligand757-0
667,QAJCAF__ligand1289-0
668,QAJCAF__ligand27482-0
669,QAJCAF__ligand26810-0
670,QAJCAF__ligand3-0
671,QAJCAF__ligand13208-0
672,QAJCAF__ligand122-0
673,QAJCAF__ligand9450-0
674,QAJCAF__ligand20682-0
675,QAJCAF__ligand2612-0
676,QAJCAF__ligand13390-0
677,QAJCAF__ligand1599-0
678,QAJCAF__ligand25411-0
679,QAJCAF__ligand2043-0
680,QAJCAF__ligand1832-0
681,QAJCAF__ligand8788-0
682,QAJCAF__ligand10712-0
683,QAJCAF__ligand1604-0
684,QAJCAF__ligand14174-0
685,QAJCAF__ligand11456-0
686,QAJCAF__ligand1228-0
687,QAJCAF__ligand9943-0
688,QAJCAF__ligand9284-0
689,QAJCAF__ligand29879-0
690,QAJCAF__ligand14248-0
691,QAJCAF__ligand6391-0
692,QAJCAF__ligand3126-0
693,QAJCAF__ligand12030-0
694,QAJCAF__ligand43-0
695,QAJCAF__ligand13331-0
696,QAJCAF__ligand28884-0
697,QAJCAF__ligand1114-0
698,QAJCAF__ligand2417-0
699,QAJCAF__ligand693-0
700,QAJCAF__ligand13294-0
701,QAJCAF__ligand31832-0
702,QAJCAF__ligand3632-0
703,QAJCAF__ligand3677-0
704,QAJCAF__ligand366-0
705,QAJCAF__ligand19057-0
706,QAJCAF__ligand18814-0
707,QAJCAF__ligand1294-0
708,QAJCAF__ligand29302-0
709,QAJCAF__ligand13425-0
710,QAJCAF__ligand1168-0
711,QAJCAF__ligand6699-0
712,QAJCAF__ligand657-0
713,QAJCAF__ligand27763-0
714,QAJCAF__ligand10262-0
715,QAJCAF__ligand28676-0
716,QAJCAF__ligand187-0
717,QAJCAF__ligand1464-0
718,QAJCAF__ligand12641-0
719,QAJCAF__ligand3712-0
720,QAJCAF__ligand596-0
721,QAJCAF__ligand2881-0
722,QAJCAF__ligand941-0
723,QAJCAF__ligand1499-0
724,QAJCAF__ligand10958-0
725,QAJCAF__ligand14108-0
726,QAJCAF__ligand777-0
727,QAJCAF__ligand6892-0
728,QAJCAF__ligand1211-0
729,QAJCAF__ligand9344-0
730,QAJCAF__ligand163-0
731,QAJCAF__ligand126-0
732,QAJCAF__ligand17302-0
733,QAJCAF__ligand8000-0
734,QAJCAF__ligand17805-0
735,QAJCAF__ligand3736-0
736,QAJCAF__ligand23769-0
737,QAJCAF__ligand3945-0
738,QAJCAF__ligand24185-0
739,QAJCAF__ligand5383-0
740,QAJCAF__ligand2693-0
741,QAJCAF__ligand25178-0
742,QAJCAF__ligand24145-0
743,QAJCAF__ligand4007-0
744,QAJCAF__ligand15585-0
745,QAJCAF__ligand12401-0
746,QAJCAF__ligand2985-0
747,QAJCAF__ligand845-0
748,QAJCAF__ligand19830-0
749,QAJCAF__ligand13068-0
750,QAJCAF__ligand9299-0
751,QAJCAF__ligand10476-0
752,QAJCAF__ligand17387-0
753,QAJCAF__ligand12130-0
754,QAJCAF__ligand7291-0
755,QAJCAF__ligand13658-0
756,QAJCAF__ligand26702-0
757,QAJCAF__ligand12289-0
758,QAJCAF__ligand18292-0
759,QAJCAF__ligand12231-0
760,QAJCAF__ligand3677-1
761,QAJCAF__ligand9883-0
762,QAJCAF__ligand5304-0
763,QAJCAF__ligand23713-0
764,QAJCAF__ligand18832-0
765,QAJCAF__ligand27175-0
766,QAJCAF__ligand9167-0
767,QAJCAF__ligand30988-0
768,QAJCAF__ligand19-0
769,QAJCAF__ligand2238-0
770,QAJCAF__ligand27893-0
771,QAJCAF__ligand14723-0
772,QAJCAF__ligand19641-0
773,QAJCAF__ligand15422-0
774,QAJCAF__ligand1317-0
775,QAJCAF__ligand20578-0
776,QAJCAF__ligand3867-0
777,QAJCAF__ligand12934-0
778,QAJCAF__ligand2822-0
779,QAJCAF__ligand7293-0
780,QAJCAF__ligand1407-0
781,QAJCAF__ligand6117-0
782,QAJCAF__ligand5509-0
783,QAJCAF__ligand8002-0
784,QAJCAF__ligand31783-0
785,QAJCAF__ligand17258-0
786,QAJCAF__ligand14297-0
787,QAJCAF__ligand24-0
788,QAJCAF__ligand14603-0
789,QAJCAF__ligand26665-0
790,QAJCAF__ligand338-0
791,QAJCAF__ligand7762-0
792,QAJCAF__ligand13012-0
793,QAJCAF__ligand5080-0
794,QAJCAF__ligand17631-0
795,QAJCAF__ligand30333-0
796,QAJCAF__ligand5595-0
797,QAJCAF__ligand4101-0
798,QAJCAF__ligand201-0
799,QAJCAF__ligand12606-0
800,QAJCAF__ligand3120-0
801,QAJCAF__ligand17281-0
802,QAJCAF__ligand3926-0
803,QAJCAF__ligand4358-0
804,QAJCAF__ligand30296-0
805,QAJCAF__ligand45-0
806,QAJCAF__ligand2221-0
807,QAJCAF__ligand29410-0
808,QAJCAF__ligand12337-0
809,QAJCAF__ligand26540-0
810,QAJCAF__ligand2259-0
811,QAJCAF__ligand78-0
812,QAJCAF__ligand28468-0
813,QAJCAF__ligand20740-0
814,QAJCAF__ligand1296-0
815,QAJCAF__ligand12427-0
816,QAJCAF__ligand5099-0
817,QAJCAF__ligand16628-0
818,QAJCAF__ligand8592-0
819,QAJCAF__ligand1197-0
820,QAJCAF__ligand321-0
821,QAJCAF__ligand1376-0
822,QAJCAF__ligand185-0
823,QAJCAF__ligand5510-0
824,QAJCAF__ligand279-0
825,QAJCAF__ligand9773-0
826,QAJCAF__ligand178-0
827,QAJCAF__ligand27460-0
