,TMC
0,LIBGIM__ligand768-0
1,LIBGIM__ligand16603-0
2,LIBGIM__ligand5080-0
3,LIBGIM__ligand7762-0
4,LIBGIM__ligand11814-0
5,LIBGIM__ligand11622-0
6,LIBGIM__ligand8002-0
7,LIBGIM__ligand5509-0
8,LIBGIM__ligand6117-0
9,LIBGIM__ligand1407-0
10,LIBGIM__ligand16870-0
11,LIBGIM__ligand15455-0
12,LIBGIM__ligand3867-0
13,LIBGIM__ligand1317-0
14,LIBGIM__ligand7293-0
15,LIBGIM__ligand2822-0
16,LIBGIM__ligand11177-0
17,LIBGIM__ligand17686-0
18,LIBGIM__ligand25658-0
19,LIBGIM__ligand9167-0
20,LIBGIM__ligand31205-0
21,LIBGIM__ligand5304-0
22,LIBGIM__ligand384-0
23,LIBGIM__ligand2238-0
24,LIBGIM__ligand240-0
25,LIBGIM__ligand10582-0
26,LIBGIM__ligand13260-0
27,LIBGIM__ligand9773-0
28,LIBGIM__ligand1376-0
29,LIBGIM__ligand5510-0
30,LIBGIM__ligand141-0
31,LIBGIM__ligand11252-0
32,LIBGIM__ligand1296-0
33,LIBGIM__ligand19824-0
34,LIBGIM__ligand18067-0
35,LIBGIM__ligand2259-0
36,LIBGIM__ligand1197-0
37,LIBGIM__ligand8592-0
38,LIBGIM__ligand5099-0
39,LIBGIM__ligand18-0
40,LIBGIM__ligand4358-0
41,LIBGIM__ligand20821-0
42,LIBGIM__ligand3926-0
43,LIBGIM__ligand3120-0
44,LIBGIM__ligand2221-0
45,LIBGIM__ligand26673-0
46,LIBGIM__ligand5595-0
47,LIBGIM__ligand31000-0
48,LIBGIM__ligand4101-0
49,LIBGIM__ligand11606-0
50,LIBGIM__ligand6892-0
51,LIBGIM__ligand22353-0
52,LIBGIM__ligand1211-0
53,LIBGIM__ligand3712-0
54,LIBGIM__ligand1464-0
55,LIBGIM__ligand19668-0
56,LIBGIM__ligand1499-0
57,LIBGIM__ligand2881-0
58,LIBGIM__ligand19906-0
59,LIBGIM__ligand6699-0
60,LIBGIM__ligand693-0
61,LIBGIM__ligand10151-0
62,LIBGIM__ligand3677-0
63,LIBGIM__ligand3632-0
64,LIBGIM__ligand1168-0
65,LIBGIM__ligand1294-0
66,LIBGIM__ligand15387-0
67,LIBGIM__ligand7291-0
68,LIBGIM__ligand20121-0
69,LIBGIM__ligand122-0
70,LIBGIM__ligand9883-0
71,LIBGIM__ligand3677-1
72,LIBGIM__ligand20220-0
73,LIBGIM__ligand4007-0
74,LIBGIM__ligand2985-0
75,LIBGIM__ligand757-0
76,LIBGIM__ligand29813-0
77,LIBGIM__ligand16952-0
78,LIBGIM__ligand9299-0
79,LIBGIM__ligand29441-0
80,LIBGIM__ligand10853-0
81,LIBGIM__ligand3945-0
82,LIBGIM__ligand2693-0
83,LIBGIM__ligand5383-0
84,LIBGIM__ligand27610-0
85,LIBGIM__ligand10479-0
86,LIBGIM__ligand11479-0
87,LIBGIM__ligand4-0
88,LIBGIM__ligand20530-0
89,LIBGIM__ligand11698-0
90,LIBGIM__ligand14347-0
91,LIBGIM__ligand13657-0
92,LIBGIM__ligand14302-0
93,LIBGIM__ligand9344-0
94,LIBGIM__ligand3736-0
95,LIBGIM__ligand24851-0
96,LIBGIM__ligand8000-0
97,LIBGIM__ligand42-0
98,LIBGIM__ligand2612-0
99,LIBGIM__ligand20942-1
100,LIBGIM__ligand21339-0
101,LIBGIM__ligand1599-0
102,LIBGIM__ligand14226-0
103,LIBGIM__ligand16956-0
104,LIBGIM__ligand126-0
105,LIBGIM__ligand18158-0
106,LIBGIM__ligand163-0
107,LIBGIM__ligand9450-0
108,LIBGIM__ligand27771-0
109,LIBGIM__ligand29565-0
110,LIBGIM__ligand23682-0
111,LIBGIM__ligand18019-1
112,LIBGIM__ligand14007-0
113,LIBGIM__ligand1289-0
114,LIBGIM__ligand845-0
115,LIBGIM__ligand5387-0
116,LIBGIM__ligand2203-0
117,LIBGIM__ligand27550-0
118,LIBGIM__ligand11501-0
119,LIBGIM__ligand11544-0
120,LIBGIM__ligand657-0
121,LIBGIM__ligand2417-0
122,LIBGIM__ligand29214-0
123,LIBGIM__ligand187-0
124,LIBGIM__ligand22357-0
125,LIBGIM__ligand3126-0
126,LIBGIM__ligand11758-0
127,LIBGIM__ligand6391-0
128,LIBGIM__ligand9284-0
129,LIBGIM__ligand366-0
130,LIBGIM__ligand1114-0
131,LIBGIM__ligand21448-0
132,LIBGIM__ligand777-0
133,LIBGIM__ligand1604-0
134,LIBGIM__ligand11798-0
135,LIBGIM__ligand12413-0
136,LIBGIM__ligand29334-0
137,LIBGIM__ligand9943-0
138,LIBGIM__ligand1228-0
139,LIBGIM__ligand66-0
140,LIBGIM__ligand20731-0
141,LIBGIM__ligand2043-0
142,LIBGIM__ligand17445-0
143,LIBGIM__ligand1832-0
144,LIBGIM__ligand8788-0
145,LIBGIM__ligand17069-0
146,LIBGIM__ligand941-0
147,LIBGIM__ligand596-0
148,LIBGIM__ligand14477-0
149,LIBGIM__ligand6017-0
150,LIBGIM__ligand24953-0
151,LIBGIM__ligand23445-0
152,LIBGIM__ligand7316-0
153,LIBGIM__ligand20432-0
154,LIBGIM__ligand27122-0
155,LIBGIM__ligand5708-0
156,LIBGIM__ligand13755-0
157,LIBGIM__ligand16133-0
158,LIBGIM__ligand201-0
159,LIBGIM__ligand25048-0
160,LIBGIM__ligand21940-0
161,LIBGIM__ligand5180-0
162,LIBGIM__ligand7172-0
163,LIBGIM__ligand279-0
164,LIBGIM__ligand185-0
165,LIBGIM__ligand178-0
166,LIBGIM__ligand7273-0
167,LIBGIM__ligand30004-0
168,LIBGIM__ligand20557-0
169,LIBGIM__ligand9323-0
170,LIBGIM__ligand2260-0
171,LIBGIM__ligand7092-0
172,LIBGIM__ligand1116-0
173,LIBGIM__ligand1153-0
174,LIBGIM__ligand3225-0
175,LIBGIM__ligand321-0
176,LIBGIM__ligand8612-0
177,LIBGIM__ligand2124-0
178,LIBGIM__ligand4649-0
179,LIBGIM__ligand2788-0
180,LIBGIM__ligand5649-0
181,LIBGIM__ligand8793-0
182,LIBGIM__ligand18413-0
183,LIBGIM__ligand2906-0
184,LIBGIM__ligand20844-0
185,LIBGIM__ligand24624-0
186,LIBGIM__ligand38-0
187,LIBGIM__ligand18757-0
188,LIBGIM__ligand3244-0
189,LIBGIM__ligand24560-0
190,LIBGIM__ligand4711-0
191,LIBGIM__ligand4807-0
192,LIBGIM__ligand3178-0
193,LIBGIM__ligand21752-0
194,LIBGIM__ligand338-0
195,LIBGIM__ligand1356-0
196,LIBGIM__ligand1787-0
197,LIBGIM__ligand5530-0
198,LIBGIM__ligand30788-0
199,LIBGIM__ligand13691-0
200,LIBGIM__ligand9753-0
201,LIBGIM__ligand14339-0
202,LIBGIM__ligand7196-0
203,LIBGIM__ligand5159-0
204,LIBGIM__ligand436-0
205,LIBGIM__ligand12453-0
206,LIBGIM__ligand18448-0
207,LIBGIM__ligand28459-0
208,LIBGIM__ligand1169-0
209,LIBGIM__ligand8529-0
210,LIBGIM__ligand19184-0
211,LIBGIM__ligand692-0
212,LIBGIM__ligand18568-0
213,LIBGIM__ligand28685-0
214,LIBGIM__ligand1498-0
215,LIBGIM__ligand13672-0
216,LIBGIM__ligand4596-0
217,LIBGIM__ligand1154-0
218,LIBGIM__ligand10371-0
219,LIBGIM__ligand9615-0
220,LIBGIM__ligand326-0
221,LIBGIM__ligand1028-0
222,LIBGIM__ligand633-0
223,LIBGIM__ligand4262-0
224,LIBGIM__ligand23197-0
225,LIBGIM__ligand1618-0
226,LIBGIM__ligand497-0
227,LIBGIM__ligand27285-0
228,LIBGIM__ligand2692-0
229,LIBGIM__ligand29029-0
230,LIBGIM__ligand30142-0
231,LIBGIM__ligand27669-0
232,LIBGIM__ligand13477-0
233,LIBGIM__ligand14167-0
234,LIBGIM__ligand2027-0
235,LIBGIM__ligand1015-0
236,LIBGIM__ligand1050-0
237,LIBGIM__ligand15926-0
238,LIBGIM__ligand45-0
239,LIBGIM__ligand19792-0
240,LIBGIM__ligand4340-0
241,LIBGIM__ligand10828-0
242,LIBGIM__ligand2281-0
243,LIBGIM__ligand2650-0
244,LIBGIM__ligand28810-0
245,LIBGIM__ligand11096-0
246,LIBGIM__ligand11447-0
247,LIBGIM__ligand3180-0
248,LIBGIM__ligand24230-0
249,LIBGIM__ligand6995-0
250,LIBGIM__ligand15883-0
251,LIBGIM__ligand2823-0
252,LIBGIM__ligand199-0
253,LIBGIM__ligand11970-0
254,LIBGIM__ligand21919-0
255,LIBGIM__ligand22168-0
256,LIBGIM__ligand28930-0
257,LIBGIM__ligand22294-0
258,LIBGIM__ligand588-0
259,LIBGIM__ligand3471-0
260,LIBGIM__ligand4161-0
261,LIBGIM__ligand4124-0
262,LIBGIM__ligand11357-0
263,LIBGIM__ligand13862-0
264,LIBGIM__ligand28743-0
265,LIBGIM__ligand15531-0
266,LIBGIM__ligand5415-0
267,LIBGIM__ligand78-0
268,LIBGIM__ligand300-0
269,LIBGIM__ligand12365-0
270,LIBGIM__ligand10056-0
271,LIBGIM__ligand31044-0
272,LIBGIM__ligand31842-0
273,LIBGIM__ligand11994-0
274,LIBGIM__ligand5201-0
275,LIBGIM__ligand24035-0
276,LIBGIM__ligand19-0
277,LIBGIM__ligand14614-0
278,LIBGIM__ligand324-0
279,LIBGIM__ligand361-0
280,LIBGIM__ligand409-0
281,LIBGIM__ligand16663-0
282,LIBGIM__ligand8553-0
283,LIBGIM__ligand1113-0
284,LIBGIM__ligand16988-0
285,LIBGIM__ligand24-0
286,LIBGIM__ligand25913-0
287,LIBGIM__ligand8593-0
288,LIBGIM__ligand9944-0
289,LIBGIM__ligand2001-0
290,LIBGIM__ligand11682-0
291,LIBGIM__ligand7566-0
292,LIBGIM__ligand30711-0
293,LIBGIM__ligand20207-0
294,LIBGIM__ligand12001-0
295,LIBGIM__ligand5019-0
296,LIBGIM__ligand1152-0
297,LIBGIM__ligand3261-0
298,LIBGIM__ligand10033-0
299,LIBGIM__ligand24644-0
300,LIBGIM__ligand1216-0
301,LIBGIM__ligand24872-0
302,LIBGIM__ligand27840-0
303,LIBGIM__ligand1849-0
304,LIBGIM__ligand30728-0
305,LIBGIM__ligand17396-0
306,LIBGIM__ligand23175-0
307,LIBGIM__ligand1831-0
308,LIBGIM__ligand15788-0
309,LIBGIM__ligand5280-0
310,LIBGIM__ligand5614-0
311,LIBGIM__ligand694-0
312,LIBGIM__ligand13220-0
313,LIBGIM__ligand11587-0
314,LIBGIM__ligand6663-0
315,LIBGIM__ligand5515-0
316,LIBGIM__ligand24111-0
317,LIBGIM__ligand22444-0
318,LIBGIM__ligand358-0
319,LIBGIM__ligand430-0
320,LIBGIM__ligand14569-0
321,LIBGIM__ligand488-0
322,LIBGIM__ligand13385-0
323,LIBGIM__ligand1786-0
324,LIBGIM__ligand17427-0
325,LIBGIM__ligand5630-0
326,LIBGIM__ligand29486-0
327,LIBGIM__ligand1908-0
328,LIBGIM__ligand31694-0
329,LIBGIM__ligand4795-0
330,LIBGIM__ligand3285-0
331,LIBGIM__ligand5085-0
332,LIBGIM__ligand3144-0
333,LIBGIM__ligand25561-0
334,LIBGIM__ligand5755-0
335,LIBGIM__ligand3-0
336,LIBGIM__ligand4710-0
337,LIBGIM__ligand1828-0
338,LIBGIM__ligand670-0
339,LIBGIM__ligand22129-0
340,LIBGIM__ligand7213-0
341,LIBGIM__ligand12138-0
342,LIBGIM__ligand1397-0
343,LIBGIM__ligand24780-0
344,LIBGIM__ligand571-0
345,LIBGIM__ligand8042-0
346,LIBGIM__ligand534-0
347,LIBGIM__ligand6112-0
348,LIBGIM__ligand11949-0
349,LIBGIM__ligand1288-0
350,LIBGIM__ligand1-0
351,LIBGIM__ligand21729-0
352,LIBGIM__ligand27239-0
353,LIBGIM__ligand28559-0
354,LIBGIM__ligand4266-0
355,LIBGIM__ligand1400-0
356,LIBGIM__ligand26324-0
357,LIBGIM__ligand9491-0
358,LIBGIM__ligand14043-0
359,LIBGIM__ligand4167-0
360,LIBGIM__ligand19927-0
361,LIBGIM__ligand162-0
362,LIBGIM__ligand1779-0
363,LIBGIM__ligand6993-0
364,LIBGIM__ligand1817-0
365,LIBGIM__ligand226-0
366,LIBGIM__ligand9750-0
367,LIBGIM__ligand11618-0
368,LIBGIM__ligand43-0
369,LIBGIM__ligand7075-0
370,LIBGIM__ligand416-0
371,LIBGIM__ligand26529-0
372,LIBGIM__ligand3980-0
373,LIBGIM__ligand3557-0
374,LIBGIM__ligand383-0
375,LIBGIM__ligand1149-0
376,LIBGIM__ligand3042-0
377,LIBGIM__ligand16369-0
378,LIBGIM__ligand696-0
379,LIBGIM__ligand28540-0
380,LIBGIM__ligand11111-0
381,LIBGIM__ligand20695-0
382,LIBGIM__ligand27754-0
383,LIBGIM__ligand8200-0
384,LIBGIM__ligand7438-0
385,LIBGIM__ligand4063-0
386,LIBGIM__ligand67-0
387,LIBGIM__ligand22403-0
388,LIBGIM__ligand21399-0
389,LIBGIM__ligand1539-0
390,LIBGIM__ligand10872-0
391,LIBGIM__ligand16148-0
392,LIBGIM__ligand26631-0
393,LIBGIM__ligand1150-0
394,LIBGIM__ligand12003-0
395,LIBGIM__ligand656-0
396,LIBGIM__ligand3453-0
397,LIBGIM__ligand3416-0
398,LIBGIM__ligand29215-0
399,LIBGIM__ligand4207-0
400,LIBGIM__ligand5316-0
401,LIBGIM__ligand20251-1
402,LIBGIM__ligand5483-0
403,LIBGIM__ligand1729-0
404,LIBGIM__ligand177-0
405,LIBGIM__ligand5627-0
406,LIBGIM__ligand14703-0
407,LIBGIM__ligand16475-0
408,LIBGIM__ligand2830-0
409,LIBGIM__ligand24047-0
410,LIBGIM__ligand1415-0
411,LIBGIM__ligand6946-0
412,LIBGIM__ligand22557-0
413,LIBGIM__ligand10589-0
414,LIBGIM__ligand20598-0
415,LIBGIM__ligand11675-0
416,LIBGIM__ligand17398-0
417,LIBGIM__ligand909-0
418,LIBGIM__ligand7529-0
419,LIBGIM__ligand17982-0
420,LIBGIM__ligand29414-0
421,LIBGIM__ligand9148-0
422,LIBGIM__ligand20011-0
423,LIBGIM__ligand17278-0
424,LIBGIM__ligand14889-0
425,LIBGIM__ligand2403-0
426,LIBGIM__ligand30851-0
427,LIBGIM__ligand193-0
428,LIBGIM__ligand29568-0
429,LIBGIM__ligand3934-0
430,LIBGIM__ligand28789-0
431,LIBGIM__ligand372-0
432,LIBGIM__ligand6882-0
433,LIBGIM__ligand21371-0
434,LIBGIM__ligand6455-0
435,LIBGIM__ligand17118-0
436,LIBGIM__ligand20419-0
437,LIBGIM__ligand830-0
438,LIBGIM__ligand9681-0
439,LIBGIM__ligand14117-0
440,LIBGIM__ligand17261-0
441,LIBGIM__ligand4332-0
442,LIBGIM__ligand3012-0
443,LIBGIM__ligand21581-0
444,LIBGIM__ligand31097-0
445,LIBGIM__ligand1449-0
446,LIBGIM__ligand252-0
447,LIBGIM__ligand30702-0
448,LIBGIM__ligand20214-0
449,LIBGIM__ligand7530-0
450,LIBGIM__ligand20251-0
451,LIBGIM__ligand1065-0
452,LIBGIM__ligand116-0
453,LIBGIM__ligand20539-0
454,LIBGIM__ligand4330-0
455,LIBGIM__ligand2599-0
456,LIBGIM__ligand13390-0
457,LIBGIM__ligand7532-0
458,LIBGIM__ligand20682-0
459,LIBGIM__ligand250-0
460,LIBGIM__ligand4194-0
461,LIBGIM__ligand13208-0
462,LIBGIM__ligand7925-0
463,LIBGIM__ligand2068-0
464,LIBGIM__ligand26810-0
465,LIBGIM__ligand27482-0
466,LIBGIM__ligand1147-0
467,LIBGIM__ligand370-0
468,LIBGIM__ligand3973-0
469,LIBGIM__ligand620-0
470,LIBGIM__ligand13294-0
471,LIBGIM__ligand31832-0
472,LIBGIM__ligand370-1
473,LIBGIM__ligand564-0
474,LIBGIM__ligand7107-0
475,LIBGIM__ligand479-0
476,LIBGIM__ligand785-0
477,LIBGIM__ligand28884-0
478,LIBGIM__ligand311-0
479,LIBGIM__ligand13331-0
480,LIBGIM__ligand69-0
481,LIBGIM__ligand14248-0
482,LIBGIM__ligand3215-0
483,LIBGIM__ligand29879-0
484,LIBGIM__ligand12030-0
485,LIBGIM__ligand4738-0
486,LIBGIM__ligand11456-0
487,LIBGIM__ligand5813-0
488,LIBGIM__ligand4813-0
489,LIBGIM__ligand14174-0
490,LIBGIM__ligand10712-0
491,LIBGIM__ligand11-0
492,LIBGIM__ligand6062-0
493,LIBGIM__ligand188-0
494,LIBGIM__ligand6283-0
495,LIBGIM__ligand25411-0
496,LIBGIM__ligand14108-0
497,LIBGIM__ligand5094-0
498,LIBGIM__ligand5892-0
499,LIBGIM__ligand560-0
500,LIBGIM__ligand10958-0
501,LIBGIM__ligand12641-0
502,LIBGIM__ligand4131-0
503,LIBGIM__ligand1712-0
504,LIBGIM__ligand7557-0
505,LIBGIM__ligand27763-0
506,LIBGIM__ligand1496-0
507,LIBGIM__ligand134-0
508,LIBGIM__ligand28676-0
509,LIBGIM__ligand10262-0
510,LIBGIM__ligand235-0
511,LIBGIM__ligand13425-0
512,LIBGIM__ligand29302-0
513,LIBGIM__ligand1533-0
514,LIBGIM__ligand18814-0
515,LIBGIM__ligand19057-0
516,LIBGIM__ligand8722-0
517,LIBGIM__ligand685-0
518,LIBGIM__ligand12231-0
519,LIBGIM__ligand6672-0
520,LIBGIM__ligand9809-0
521,LIBGIM__ligand1327-0
522,LIBGIM__ligand12130-0
523,LIBGIM__ligand17387-0
524,LIBGIM__ligand7573-0
525,LIBGIM__ligand18292-0
526,LIBGIM__ligand12289-0
527,LIBGIM__ligand2781-0
528,LIBGIM__ligand26702-0
529,LIBGIM__ligand13658-0
530,LIBGIM__ligand3350-0
531,LIBGIM__ligand13068-0
532,LIBGIM__ligand19830-0
533,LIBGIM__ligand3208-0
534,LIBGIM__ligand89-0
535,LIBGIM__ligand10476-0
536,LIBGIM__ligand2208-0
537,LIBGIM__ligand24145-0
538,LIBGIM__ligand12401-0
539,LIBGIM__ligand421-0
540,LIBGIM__ligand15585-0
541,LIBGIM__ligand25178-0
542,LIBGIM__ligand49-0
543,LIBGIM__ligand9197-0
544,LIBGIM__ligand23769-0
545,LIBGIM__ligand24185-0
546,LIBGIM__ligand1900-0
547,LIBGIM__ligand1773-0
548,LIBGIM__ligand4581-0
549,LIBGIM__ligand294-0
550,LIBGIM__ligand17805-0
551,LIBGIM__ligand2328-0
552,LIBGIM__ligand7162-0
553,LIBGIM__ligand17302-0
554,LIBGIM__ligand3029-0
555,LIBGIM__ligand26665-0
556,LIBGIM__ligand5849-0
557,LIBGIM__ligand17631-0
558,LIBGIM__ligand13012-0
559,LIBGIM__ligand17258-0
560,LIBGIM__ligand14603-0
561,LIBGIM__ligand14297-0
562,LIBGIM__ligand197-0
563,LIBGIM__ligand31783-0
564,LIBGIM__ligand3392-0
565,LIBGIM__ligand1771-0
566,LIBGIM__ligand4911-0
567,LIBGIM__ligand8349-0
568,LIBGIM__ligand19641-0
569,LIBGIM__ligand1709-0
570,LIBGIM__ligand20578-0
571,LIBGIM__ligand12934-0
572,LIBGIM__ligand8464-0
573,LIBGIM__ligand15422-0
574,LIBGIM__ligand27893-0
575,LIBGIM__ligand14723-0
576,LIBGIM__ligand30988-0
577,LIBGIM__ligand27175-0
578,LIBGIM__ligand2527-0
579,LIBGIM__ligand18832-0
580,LIBGIM__ligand23713-0
581,LIBGIM__ligand1469-0
582,LIBGIM__ligand27460-0
583,LIBGIM__ligand3871-0
584,LIBGIM__ligand1768-0
585,LIBGIM__ligand868-0
586,LIBGIM__ligand5056-0
587,LIBGIM__ligand16628-0
588,LIBGIM__ligand4850-0
589,LIBGIM__ligand20740-0
590,LIBGIM__ligand5357-0
591,LIBGIM__ligand28468-0
592,LIBGIM__ligand3647-0
593,LIBGIM__ligand17-0
594,LIBGIM__ligand1688-0
595,LIBGIM__ligand12427-0
596,LIBGIM__ligand352-0
597,LIBGIM__ligand12337-0
598,LIBGIM__ligand783-0
599,LIBGIM__ligand29410-0
600,LIBGIM__ligand3157-0
601,LIBGIM__ligand26540-0
602,LIBGIM__ligand17281-0
603,LIBGIM__ligand9525-0
604,LIBGIM__ligand1165-0
605,LIBGIM__ligand30296-0
606,LIBGIM__ligand5935-0
607,LIBGIM__ligand12606-0
608,LIBGIM__ligand30333-0
609,LIBGIM__ligand2722-0
610,LIBGIM__ligand1379-0
611,LIBGIM__ligand833-0
612,LIBGIM__ligand4720-0
613,LIBGIM__ligand31248-0
614,LIBGIM__ligand6839-0
615,LIBGIM__ligand3131-0
616,LIBGIM__ligand1202-0
617,LIBGIM__ligand3937-0
618,LIBGIM__ligand3174-0
619,LIBGIM__ligand25650-0
620,LIBGIM__ligand8969-0
621,LIBGIM__ligand19257-0
622,LIBGIM__ligand13209-0
623,LIBGIM__ligand5211-0
624,LIBGIM__ligand3094-0
625,LIBGIM__ligand4155-0
626,LIBGIM__ligand12660-0
627,LIBGIM__ligand11206-0
628,LIBGIM__ligand115-0
629,LIBGIM__ligand23124-0
630,LIBGIM__ligand6919-0
631,LIBGIM__ligand25735-0
632,LIBGIM__ligand2485-0
633,LIBGIM__ligand12519-0
634,LIBGIM__ligand3852-0
635,LIBGIM__ligand5331-0
636,LIBGIM__ligand1512-0
637,LIBGIM__ligand34-0
638,LIBGIM__ligand3565-0
639,LIBGIM__ligand6616-0
640,LIBGIM__ligand3035-0
641,LIBGIM__ligand3876-0
642,LIBGIM__ligand1343-0
643,LIBGIM__ligand21132-0
644,LIBGIM__ligand11166-0
645,LIBGIM__ligand3718-0
646,LIBGIM__ligand4661-0
647,LIBGIM__ligand1844-0
648,LIBGIM__ligand23906-0
649,LIBGIM__ligand1959-0
650,LIBGIM__ligand395-0
651,LIBGIM__ligand3504-0
652,LIBGIM__ligand9935-0
653,LIBGIM__ligand30539-0
654,LIBGIM__ligand368-0
655,LIBGIM__ligand1573-0
656,LIBGIM__ligand55-0
657,LIBGIM__ligand1536-0
658,LIBGIM__ligand1263-0
659,LIBGIM__ligand9908-0
660,LIBGIM__ligand784-0
661,LIBGIM__ligand68-0
662,LIBGIM__ligand21787-0
663,LIBGIM__ligand25575-0
664,LIBGIM__ligand25689-0
665,LIBGIM__ligand12295-0
666,LIBGIM__ligand27835-0
667,LIBGIM__ligand7242-0
668,LIBGIM__ligand7106-0
669,LIBGIM__ligand27169-0
670,LIBGIM__ligand487-0
671,LIBGIM__ligand9520-0
672,LIBGIM__ligand14523-0
673,LIBGIM__ligand1160-0
674,LIBGIM__ligand8699-0
675,LIBGIM__ligand18391-0
676,LIBGIM__ligand3954-0
677,LIBGIM__ligand4442-0
678,LIBGIM__ligand4093-0
679,LIBGIM__ligand4272-0
680,LIBGIM__ligand1451-0
681,LIBGIM__ligand22981-0
682,LIBGIM__ligand25805-0
683,LIBGIM__ligand20599-0
684,LIBGIM__ligand7629-0
685,LIBGIM__ligand27074-0
686,LIBGIM__ligand9784-0
687,LIBGIM__ligand176-0
688,LIBGIM__ligand7238-0
689,LIBGIM__ligand23904-0
690,LIBGIM__ligand13257-0
691,LIBGIM__ligand7280-0
692,LIBGIM__ligand1304-0
693,LIBGIM__ligand21936-0
694,LIBGIM__ligand1790-0
695,LIBGIM__ligand7867-0
696,LIBGIM__ligand57-0
697,LIBGIM__ligand6709-0
698,LIBGIM__ligand1219-0
699,LIBGIM__ligand12467-0
700,LIBGIM__ligand447-0
701,LIBGIM__ligand25267-0
702,LIBGIM__ligand4016-0
703,LIBGIM__ligand10084-0
704,LIBGIM__ligand746-0
705,LIBGIM__ligand4546-0
706,LIBGIM__ligand4503-0
707,LIBGIM__ligand11140-0
708,LIBGIM__ligand29610-0
709,LIBGIM__ligand152-0
710,LIBGIM__ligand29863-0
711,LIBGIM__ligand18074-0
712,LIBGIM__ligand13869-0
713,LIBGIM__ligand1285-0
714,LIBGIM__ligand6768-0
715,LIBGIM__ligand8115-0
716,LIBGIM__ligand7000-0
717,LIBGIM__ligand1982-0
718,LIBGIM__ligand18465-0
719,LIBGIM__ligand2176-0
720,LIBGIM__ligand18799-0
721,LIBGIM__ligand9291-0
722,LIBGIM__ligand2232-0
723,LIBGIM__ligand4157-0
724,LIBGIM__ligand28668-0
725,LIBGIM__ligand7648-0
726,LIBGIM__ligand2828-0
727,LIBGIM__ligand506-0
728,LIBGIM__ligand8876-0
729,LIBGIM__ligand9833-0
730,LIBGIM__ligand16791-0
731,LIBGIM__ligand5256-0
732,LIBGIM__ligand9111-0
733,LIBGIM__ligand9952-0
734,LIBGIM__ligand14586-0
735,LIBGIM__ligand11774-0
736,LIBGIM__ligand422-0
737,LIBGIM__ligand32-0
738,LIBGIM__ligand8-0
739,LIBGIM__ligand5036-0
740,LIBGIM__ligand2526-0
741,LIBGIM__ligand21421-0
742,LIBGIM__ligand1615-0
743,LIBGIM__ligand5643-0
744,LIBGIM__ligand11568-0
745,LIBGIM__ligand1823-0
746,LIBGIM__ligand20579-0
747,LIBGIM__ligand17710-0
748,LIBGIM__ligand1324-0
749,LIBGIM__ligand686-0
750,LIBGIM__ligand8721-0
751,LIBGIM__ligand196-0
752,LIBGIM__ligand6124-0
753,LIBGIM__ligand3707-0
754,LIBGIM__ligand7967-0
755,LIBGIM__ligand10555-0
756,LIBGIM__ligand1018-0
757,LIBGIM__ligand31483-0
758,LIBGIM__ligand4116-0
759,LIBGIM__ligand19725-0
760,LIBGIM__ligand8992-0
761,LIBGIM__ligand24613-0
762,LIBGIM__ligand9601-0
763,LIBGIM__ligand6244-0
764,LIBGIM__ligand1378-0
765,LIBGIM__ligand353-0
766,LIBGIM__ligand12336-0
767,LIBGIM__ligand3156-0
768,LIBGIM__ligand2915-0
769,LIBGIM__ligand13072-0
770,LIBGIM__ligand1631-0
771,LIBGIM__ligand393-0
772,LIBGIM__ligand17590-0
773,LIBGIM__ligand1575-0
774,LIBGIM__ligand1530-0
775,LIBGIM__ligand16-0
776,LIBGIM__ligand9933-0
777,LIBGIM__ligand17240-0
778,LIBGIM__ligand18699-0
779,LIBGIM__ligand12682-0
780,LIBGIM__ligand9441-0
781,LIBGIM__ligand2332-0
782,LIBGIM__ligand31578-0
783,LIBGIM__ligand17207-0
784,LIBGIM__ligand2295-0
785,LIBGIM__ligand6067-0
786,LIBGIM__ligand1577-0
787,LIBGIM__ligand51-0
788,LIBGIM__ligand17945-0
789,LIBGIM__ligand391-0
790,LIBGIM__ligand18013-0
791,LIBGIM__ligand25224-0
792,LIBGIM__ligand618-0
793,LIBGIM__ligand4620-0
794,LIBGIM__ligand24750-0
795,LIBGIM__ligand6102-0
796,LIBGIM__ligand6904-0
797,LIBGIM__ligand3721-0
798,LIBGIM__ligand6596-0
799,LIBGIM__ligand28924-0
800,LIBGIM__ligand3465-0
801,LIBGIM__ligand15438-0
802,LIBGIM__ligand91-0
803,LIBGIM__ligand18703-0
804,LIBGIM__ligand813-0
805,LIBGIM__ligand2917-0
806,LIBGIM__ligand314-0
807,LIBGIM__ligand7819-0
808,LIBGIM__ligand780-0
809,LIBGIM__ligand29087-0
810,LIBGIM__ligand314-1
811,LIBGIM__ligand23589-0
812,LIBGIM__ligand24064-0
813,LIBGIM__ligand7126-0
814,LIBGIM__ligand2028-0
815,LIBGIM__ligand8835-0
816,LIBGIM__ligand48-0
817,LIBGIM__ligand15168-0
818,LIBGIM__ligand3234-0
819,LIBGIM__ligand1142-0
820,LIBGIM__ligand22755-0
821,LIBGIM__ligand11432-0
822,LIBGIM__ligand31618-0
823,LIBGIM__ligand10432-0
824,LIBGIM__ligand29898-0
825,LIBGIM__ligand26277-0
826,LIBGIM__ligand465-0
827,LIBGIM__ligand4641-0
