,TMC
0,HUXSEZ__ligand3579-0
1,HUXSEZ__ligand2110-0
2,HUXSEZ__ligand177-0
3,HUXSEZ__ligand934-0
4,HUXSEZ__ligand2916-0
5,HUXSEZ__ligand3-0
6,HUXSEZ__ligand1712-0
7,HUXSEZ__ligand851-0
8,HUXSEZ__ligand2389-0
9,HUXSEZ__ligand909-0
10,HUXSEZ__ligand1919-0
11,HUXSEZ__ligand1898-0
12,HUXSEZ__ligand3051-0
13,HUXSEZ__ligand4504-0
14,HUXSEZ__ligand830-0
15,HUXSEZ__ligand2480-0
16,HUXSEZ__ligand2315-0
17,HUXSEZ__ligand193-0
18,HUXSEZ__ligand5334-0
19,HUXSEZ__ligand955-0
20,HUXSEZ__ligand252-0
21,HUXSEZ__ligand1858-0
22,HUXSEZ__ligand8032-0
23,HUXSEZ__ligand7414-0
24,HUXSEZ__ligand5762-0
25,HUXSEZ__ligand250-0
26,HUXSEZ__ligand1104-0
27,HUXSEZ__ligand1019-0
28,HUXSEZ__ligand2442-0
29,HUXSEZ__ligand460-0
30,HUXSEZ__ligand6571-0
31,HUXSEZ__ligand370-0
32,HUXSEZ__ligand1325-0
33,HUXSEZ__ligand2482-0
34,HUXSEZ__ligand11-0
35,HUXSEZ__ligand2376-0
36,HUXSEZ__ligand311-0
37,HUXSEZ__ligand2929-0
38,HUXSEZ__ligand1264-0
39,HUXSEZ__ligand1-0
40,HUXSEZ__ligand1221-0
41,HUXSEZ__ligand1299-0
42,HUXSEZ__ligand188-0
43,HUXSEZ__ligand6430-0
44,HUXSEZ__ligand444-0
45,HUXSEZ__ligand369-0
46,HUXSEZ__ligand1379-0
47,HUXSEZ__ligand89-0
48,HUXSEZ__ligand109-0
49,HUXSEZ__ligand1449-1
50,HUXSEZ__ligand4811-0
51,HUXSEZ__ligand525-0
52,HUXSEZ__ligand560-0
53,HUXSEZ__ligand3337-0
54,HUXSEZ__ligand7514-0
55,HUXSEZ__ligand390-0
56,HUXSEZ__ligand14530-0
57,HUXSEZ__ligand235-0
58,HUXSEZ__ligand49-0
59,HUXSEZ__ligand9620-0
60,HUXSEZ__ligand134-0
61,HUXSEZ__ligand932-0
62,HUXSEZ__ligand1260-0
63,HUXSEZ__ligand4894-0
64,HUXSEZ__ligand798-0
65,HUXSEZ__ligand421-0
66,HUXSEZ__ligand1788-0
67,HUXSEZ__ligand916-0
68,HUXSEZ__ligand584-0
69,HUXSEZ__ligand1178-0
70,HUXSEZ__ligand3566-0
71,HUXSEZ__ligand993-0
72,HUXSEZ__ligand10910-0
73,HUXSEZ__ligand294-0
74,HUXSEZ__ligand1321-0
75,HUXSEZ__ligand331-0
76,HUXSEZ__ligand10114-0
77,HUXSEZ__ligand296-0
78,HUXSEZ__ligand5089-0
79,HUXSEZ__ligand2599-0
80,HUXSEZ__ligand197-0
81,HUXSEZ__ligand17-0
82,HUXSEZ__ligand3853-0
83,HUXSEZ__ligand2853-0
84,HUXSEZ__ligand6166-0
85,HUXSEZ__ligand92-0
86,HUXSEZ__ligand112-0
87,HUXSEZ__ligand1246-0
88,HUXSEZ__ligand10479-0
89,HUXSEZ__ligand442-0
90,HUXSEZ__ligand868-0
91,HUXSEZ__ligand136-0
92,HUXSEZ__ligand1307-0
93,HUXSEZ__ligand783-0
94,HUXSEZ__ligand352-0
95,HUXSEZ__ligand1551-0
96,HUXSEZ__ligand291-0
97,HUXSEZ__ligand55-0
98,HUXSEZ__ligand2526-0
99,HUXSEZ__ligand2707-0
100,HUXSEZ__ligand115-0
101,HUXSEZ__ligand1690-0
102,HUXSEZ__ligand95-0
103,HUXSEZ__ligand2915-0
104,HUXSEZ__ligand3196-0
105,HUXSEZ__ligand4012-0
106,HUXSEZ__ligand34-0
107,HUXSEZ__ligand485-0
108,HUXSEZ__ligand784-0
109,HUXSEZ__ligand355-0
110,HUXSEZ__ligand666-0
111,HUXSEZ__ligand1918-0
112,HUXSEZ__ligand73-0
113,HUXSEZ__ligand522-0
114,HUXSEZ__ligand487-0
115,HUXSEZ__ligand447-0
116,HUXSEZ__ligand4175-0
117,HUXSEZ__ligand2255-0
118,HUXSEZ__ligand133-0
119,HUXSEZ__ligand1436-0
120,HUXSEZ__ligand3618-0
121,HUXSEZ__ligand2618-0
122,HUXSEZ__ligand682-0
123,HUXSEZ__ligand57-0
124,HUXSEZ__ligand4370-0
125,HUXSEZ__ligand7456-0
126,HUXSEZ__ligand113-0
127,HUXSEZ__ligand422-0
128,HUXSEZ__ligand1818-0
129,HUXSEZ__ligand3478-0
130,HUXSEZ__ligand3852-0
131,HUXSEZ__ligand196-0
132,HUXSEZ__ligand502-0
133,HUXSEZ__ligand5758-0
134,HUXSEZ__ligand3035-0
135,HUXSEZ__ligand3070-0
136,HUXSEZ__ligand2718-0
137,HUXSEZ__ligand1493-0
138,HUXSEZ__ligand353-0
139,HUXSEZ__ligand32-0
140,HUXSEZ__ligand9176-0
141,HUXSEZ__ligand6-0
142,HUXSEZ__ligand236-0
143,HUXSEZ__ligand3251-0
144,HUXSEZ__ligand4619-0
145,HUXSEZ__ligand5235-0
146,HUXSEZ__ligand6143-0
147,HUXSEZ__ligand2253-0
148,HUXSEZ__ligand48-0
149,HUXSEZ__ligand1160-0
150,HUXSEZ__ligand5093-0
151,HUXSEZ__ligand170-0
152,HUXSEZ__ligand2954-0
153,HUXSEZ__ligand4-0
154,HUXSEZ__ligand391-0
155,HUXSEZ__ligand2762-0
156,HUXSEZ__ligand15630-0
157,HUXSEZ__ligand10357-0
158,HUXSEZ__ligand1038-0
159,HUXSEZ__ligand7550-0
160,HUXSEZ__ligand314-0
161,HUXSEZ__ligand481-0
162,HUXSEZ__ligand7630-0
163,HUXSEZ__ligand51-0
164,HUXSEZ__ligand1285-0
165,HUXSEZ__ligand1555-0
166,HUXSEZ__ligand4423-0
167,HUXSEZ__ligand91-0
168,HUXSEZ__ligand210-0
169,HUXSEZ__ligand29-0
170,HUXSEZ__ligand1907-0
171,HUXSEZ__ligand3890-0
172,HUXSEZ__ligand1148-0
173,HUXSEZ__ligand1479-0
174,HUXSEZ__ligand384-0
175,HUXSEZ__ligand18-0
176,HUXSEZ__ligand3246-0
177,HUXSEZ__ligand120-0
178,HUXSEZ__ligand141-0
179,HUXSEZ__ligand1538-0
180,HUXSEZ__ligand1114-0
181,HUXSEZ__ligand240-0
182,HUXSEZ__ligand9244-0
183,HUXSEZ__ligand1228-0
184,HUXSEZ__ligand8-0
185,HUXSEZ__ligand2634-0
186,HUXSEZ__ligand1542-0
187,HUXSEZ__ligand11730-0
188,HUXSEZ__ligand3041-0
189,HUXSEZ__ligand2751-0
190,HUXSEZ__ligand86-0
191,HUXSEZ__ligand6686-0
192,HUXSEZ__ligand1747-0
193,HUXSEZ__ligand5548-0
194,HUXSEZ__ligand757-0
195,HUXSEZ__ligand7915-0
196,HUXSEZ__ligand3145-0
197,HUXSEZ__ligand62-0
198,HUXSEZ__ligand6332-0
199,HUXSEZ__ligand3178-0
200,HUXSEZ__ligand2863-0
201,HUXSEZ__ligand797-0
202,HUXSEZ__ligand6502-0
203,HUXSEZ__ligand2098-0
204,HUXSEZ__ligand4381-0
205,HUXSEZ__ligand126-0
206,HUXSEZ__ligand2629-0
207,HUXSEZ__ligand3734-0
208,HUXSEZ__ligand1706-0
209,HUXSEZ__ligand66-0
210,HUXSEZ__ligand2768-0
211,HUXSEZ__ligand861-0
212,HUXSEZ__ligand1376-0
213,HUXSEZ__ligand366-0
214,HUXSEZ__ligand187-0
215,HUXSEZ__ligand2688-0
216,HUXSEZ__ligand2259-0
217,HUXSEZ__ligand612-0
218,HUXSEZ__ligand1687-0
219,HUXSEZ__ligand596-0
220,HUXSEZ__ligand1951-0
221,HUXSEZ__ligand6277-0
222,HUXSEZ__ligand38-0
223,HUXSEZ__ligand201-0
224,HUXSEZ__ligand244-0
225,HUXSEZ__ligand1685-0
226,HUXSEZ__ligand100-0
227,HUXSEZ__ligand3757-0
228,HUXSEZ__ligand1048-0
229,HUXSEZ__ligand2087-0
230,HUXSEZ__ligand321-0
231,HUXSEZ__ligand1459-0
232,HUXSEZ__ligand178-0
233,HUXSEZ__ligand1544-0
234,HUXSEZ__ligand40-0
235,HUXSEZ__ligand279-0
236,HUXSEZ__ligand1438-0
237,HUXSEZ__ligand3063-0
238,HUXSEZ__ligand5801-0
239,HUXSEZ__ligand21-0
240,HUXSEZ__ligand119-0
241,HUXSEZ__ligand124-0
242,HUXSEZ__ligand1171-0
243,HUXSEZ__ligand1152-0
244,HUXSEZ__ligand206-0
245,HUXSEZ__ligand142-0
246,HUXSEZ__ligand1727-0
247,HUXSEZ__ligand436-0
248,HUXSEZ__ligand326-0
249,HUXSEZ__ligand821-0
250,HUXSEZ__ligand283-0
251,HUXSEZ__ligand553-0
252,HUXSEZ__ligand1607-0
253,HUXSEZ__ligand2862-0
254,HUXSEZ__ligand497-0
255,HUXSEZ__ligand2320-0
256,HUXSEZ__ligand1056-0
257,HUXSEZ__ligand2510-0
258,HUXSEZ__ligand532-0
259,HUXSEZ__ligand8921-0
260,HUXSEZ__ligand918-0
261,HUXSEZ__ligand2285-0
262,HUXSEZ__ligand633-0
263,HUXSEZ__ligand1567-0
264,HUXSEZ__ligand166-0
265,HUXSEZ__ligand2907-0
266,HUXSEZ__ligand1703-0
267,HUXSEZ__ligand2430-0
268,HUXSEZ__ligand838-0
269,HUXSEZ__ligand199-0
270,HUXSEZ__ligand7464-0
271,HUXSEZ__ligand927-0
272,HUXSEZ__ligand1054-0
273,HUXSEZ__ligand6294-0
274,HUXSEZ__ligand4303-0
275,HUXSEZ__ligand1248-0
276,HUXSEZ__ligand575-0
277,HUXSEZ__ligand1598-0
278,HUXSEZ__ligand8774-0
279,HUXSEZ__ligand324-0
280,HUXSEZ__ligand361-0
281,HUXSEZ__ligand409-0
282,HUXSEZ__ligand45-0
283,HUXSEZ__ligand3637-0
284,HUXSEZ__ligand140-0
285,HUXSEZ__ligand105-0
286,HUXSEZ__ligand85-0
287,HUXSEZ__ligand78-0
288,HUXSEZ__ligand1169-0
289,HUXSEZ__ligand278-0
290,HUXSEZ__ligand5022-0
291,HUXSEZ__ligand365-0
292,HUXSEZ__ligand2838-0
293,HUXSEZ__ligand3838-0
294,HUXSEZ__ligand1799-0
295,HUXSEZ__ligand358-0
296,HUXSEZ__ligand5941-0
297,HUXSEZ__ligand430-0
298,HUXSEZ__ligand2880-0
299,HUXSEZ__ligand669-0
300,HUXSEZ__ligand6538-0
301,HUXSEZ__ligand6151-0
302,HUXSEZ__ligand2772-0
303,HUXSEZ__ligand9495-0
304,HUXSEZ__ligand2142-0
305,HUXSEZ__ligand509-0
306,HUXSEZ__ligand571-0
307,HUXSEZ__ligand670-0
308,HUXSEZ__ligand118-0
309,HUXSEZ__ligand2864-0
310,HUXSEZ__ligand67-0
311,HUXSEZ__ligand1052-0
312,HUXSEZ__ligand383-0
313,HUXSEZ__ligand226-0
314,HUXSEZ__ligand1273-0
315,HUXSEZ__ligand162-0
316,HUXSEZ__ligand9027-0
317,HUXSEZ__ligand6396-0
318,HUXSEZ__ligand1113-0
319,HUXSEZ__ligand2265-0
320,HUXSEZ__ligand1502-0
321,HUXSEZ__ligand4983-0
322,HUXSEZ__ligand2345-0
323,HUXSEZ__ligand2794-0
324,HUXSEZ__ligand1835-0
