,TMC
0,CAKVUG__ligand18067-0
1,CAKVUG__ligand19824-0
2,CAKVUG__ligand162-0
3,CAKVUG__ligand226-0
4,CAKVUG__ligand13260-0
5,CAKVUG__ligand10582-0
6,CAKVUG__ligand2027-0
7,CAKVUG__ligand416-0
8,CAKVUG__ligand11252-0
9,CAKVUG__ligand1050-0
10,CAKVUG__ligand1015-0
11,CAKVUG__ligand383-0
12,CAKVUG__ligand31000-0
13,CAKVUG__ligand1028-0
14,CAKVUG__ligand4262-0
15,CAKVUG__ligand11606-0
16,CAKVUG__ligand20821-0
17,CAKVUG__ligand1618-0
18,CAKVUG__ligand26673-0
19,CAKVUG__ligand2692-0
20,CAKVUG__ligand11622-0
21,CAKVUG__ligand16870-0
22,CAKVUG__ligand1498-0
23,CAKVUG__ligand4596-0
24,CAKVUG__ligand656-0
25,CAKVUG__ligand1154-0
26,CAKVUG__ligand16603-0
27,CAKVUG__ligand9615-0
28,CAKVUG__ligand11814-0
29,CAKVUG__ligand25658-0
30,CAKVUG__ligand17686-0
31,CAKVUG__ligand31205-0
32,CAKVUG__ligand696-0
33,CAKVUG__ligand1169-0
34,CAKVUG__ligand8529-0
35,CAKVUG__ligand15455-0
36,CAKVUG__ligand11177-0
37,CAKVUG__ligand16952-0
38,CAKVUG__ligand78-0
39,CAKVUG__ligand29813-0
40,CAKVUG__ligand694-0
41,CAKVUG__ligand9944-0
42,CAKVUG__ligand8593-0
43,CAKVUG__ligand358-0
44,CAKVUG__ligand15387-0
45,CAKVUG__ligand2001-0
46,CAKVUG__ligand20121-0
47,CAKVUG__ligand430-0
48,CAKVUG__ligand488-0
49,CAKVUG__ligand7566-0
50,CAKVUG__ligand20220-0
51,CAKVUG__ligand11698-0
52,CAKVUG__ligand20530-0
53,CAKVUG__ligand14302-0
54,CAKVUG__ligand13657-0
55,CAKVUG__ligand14347-0
56,CAKVUG__ligand24851-0
57,CAKVUG__ligand5201-0
58,CAKVUG__ligand10853-0
59,CAKVUG__ligand29441-0
60,CAKVUG__ligand8553-0
61,CAKVUG__ligand11479-0
62,CAKVUG__ligand1113-0
63,CAKVUG__ligand45-0
64,CAKVUG__ligand10479-0
65,CAKVUG__ligand27610-0
66,CAKVUG__ligand19668-0
67,CAKVUG__ligand4124-0
68,CAKVUG__ligand19906-0
69,CAKVUG__ligand3471-0
70,CAKVUG__ligand4161-0
71,CAKVUG__ligand670-0
72,CAKVUG__ligand24-0
73,CAKVUG__ligand571-0
74,CAKVUG__ligand534-0
75,CAKVUG__ligand22353-0
76,CAKVUG__ligand5415-0
77,CAKVUG__ligand2281-0
78,CAKVUG__ligand2650-0
79,CAKVUG__ligand4340-0
80,CAKVUG__ligand19-0
81,CAKVUG__ligand3180-0
82,CAKVUG__ligand6995-0
83,CAKVUG__ligand2823-0
84,CAKVUG__ligand10151-0
85,CAKVUG__ligand11758-0
86,CAKVUG__ligand3144-0
87,CAKVUG__ligand5085-0
88,CAKVUG__ligand22357-0
89,CAKVUG__ligand4710-0
90,CAKVUG__ligand5755-0
91,CAKVUG__ligand21448-0
92,CAKVUG__ligand588-0
93,CAKVUG__ligand11544-0
94,CAKVUG__ligand1828-0
95,CAKVUG__ligand11501-0
96,CAKVUG__ligand1397-0
97,CAKVUG__ligand7213-0
98,CAKVUG__ligand8042-0
99,CAKVUG__ligand29214-0
100,CAKVUG__ligand300-0
101,CAKVUG__ligand6112-0
102,CAKVUG__ligand1786-0
103,CAKVUG__ligand17445-0
104,CAKVUG__ligand5630-0
105,CAKVUG__ligand17069-0
106,CAKVUG__ligand14477-0
107,CAKVUG__ligand1908-0
108,CAKVUG__ligand11798-0
109,CAKVUG__ligand29334-0
110,CAKVUG__ligand199-0
111,CAKVUG__ligand12413-0
112,CAKVUG__ligand20731-0
113,CAKVUG__ligand4795-0
114,CAKVUG__ligand3285-0
115,CAKVUG__ligand18158-0
116,CAKVUG__ligand5614-0
117,CAKVUG__ligand27771-0
118,CAKVUG__ligand5280-0
119,CAKVUG__ligand1831-0
120,CAKVUG__ligand29565-0
121,CAKVUG__ligand5515-0
122,CAKVUG__ligand6663-0
123,CAKVUG__ligand23682-0
124,CAKVUG__ligand16956-0
125,CAKVUG__ligand14226-0
126,CAKVUG__ligand21339-0
127,CAKVUG__ligand20942-1
128,CAKVUG__ligand5019-0
129,CAKVUG__ligand3261-0
130,CAKVUG__ligand1152-0
131,CAKVUG__ligand1216-0
132,CAKVUG__ligand27550-0
133,CAKVUG__ligand324-0
134,CAKVUG__ligand361-0
135,CAKVUG__ligand18019-1
136,CAKVUG__ligand14007-0
137,CAKVUG__ligand409-0
138,CAKVUG__ligand1849-0
139,CAKVUG__ligand24624-0
140,CAKVUG__ligand20844-0
141,CAKVUG__ligand18413-0
142,CAKVUG__ligand1539-0
143,CAKVUG__ligand24560-0
144,CAKVUG__ligand43-0
145,CAKVUG__ligand1150-0
146,CAKVUG__ligand18757-0
147,CAKVUG__ligand3416-0
148,CAKVUG__ligand3453-0
149,CAKVUG__ligand4207-0
150,CAKVUG__ligand326-0
151,CAKVUG__ligand436-0
152,CAKVUG__ligand3042-0
153,CAKVUG__ligand13691-0
154,CAKVUG__ligand30788-0
155,CAKVUG__ligand14339-0
156,CAKVUG__ligand8200-0
157,CAKVUG__ligand7438-0
158,CAKVUG__ligand4063-0
159,CAKVUG__ligand692-0
160,CAKVUG__ligand21752-0
161,CAKVUG__ligand1779-0
162,CAKVUG__ligand1817-0
163,CAKVUG__ligand6993-0
164,CAKVUG__ligand9750-0
165,CAKVUG__ligand25048-0
166,CAKVUG__ligand21940-0
167,CAKVUG__ligand7075-0
168,CAKVUG__ligand23445-0
169,CAKVUG__ligand24953-0
170,CAKVUG__ligand27122-0
171,CAKVUG__ligand20432-0
172,CAKVUG__ligand3557-0
173,CAKVUG__ligand3980-0
174,CAKVUG__ligand1149-0
175,CAKVUG__ligand13755-0
176,CAKVUG__ligand16133-0
177,CAKVUG__ligand1288-0
178,CAKVUG__ligand633-0
179,CAKVUG__ligand67-0
180,CAKVUG__ligand4266-0
181,CAKVUG__ligand1400-0
182,CAKVUG__ligand9491-0
183,CAKVUG__ligand497-0
184,CAKVUG__ligand4167-0
185,CAKVUG__ligand20557-0
186,CAKVUG__ligand30004-0
187,CAKVUG__ligand279-0
188,CAKVUG__ligand4358-0
189,CAKVUG__ligand3120-0
190,CAKVUG__ligand185-0
191,CAKVUG__ligand3926-0
192,CAKVUG__ligand178-0
193,CAKVUG__ligand29029-0
194,CAKVUG__ligand2221-0
195,CAKVUG__ligand27285-0
196,CAKVUG__ligand4101-0
197,CAKVUG__ligand5595-0
198,CAKVUG__ligand23197-0
199,CAKVUG__ligand321-0
200,CAKVUG__ligand9773-0
201,CAKVUG__ligand5510-0
202,CAKVUG__ligand1376-0
203,CAKVUG__ligand30142-0
204,CAKVUG__ligand1296-0
205,CAKVUG__ligand2259-0
206,CAKVUG__ligand27669-0
207,CAKVUG__ligand201-0
208,CAKVUG__ligand1197-0
209,CAKVUG__ligand14167-0
210,CAKVUG__ligand13477-0
211,CAKVUG__ligand5099-0
212,CAKVUG__ligand8592-0
213,CAKVUG__ligand2822-0
214,CAKVUG__ligand7293-0
215,CAKVUG__ligand19184-0
216,CAKVUG__ligand1317-0
217,CAKVUG__ligand3867-0
218,CAKVUG__ligand338-0
219,CAKVUG__ligand9167-0
220,CAKVUG__ligand18448-0
221,CAKVUG__ligand12453-0
222,CAKVUG__ligand28459-0
223,CAKVUG__ligand5304-0
224,CAKVUG__ligand18-0
225,CAKVUG__ligand2238-0
226,CAKVUG__ligand10371-0
227,CAKVUG__ligand7762-0
228,CAKVUG__ligand5080-0
229,CAKVUG__ligand28685-0
230,CAKVUG__ligand5509-0
231,CAKVUG__ligand18568-0
232,CAKVUG__ligand8002-0
233,CAKVUG__ligand6117-0
234,CAKVUG__ligand1407-0
235,CAKVUG__ligand13672-0
236,CAKVUG__ligand14614-0
237,CAKVUG__ligand3945-0
238,CAKVUG__ligand16663-0
239,CAKVUG__ligand2693-0
240,CAKVUG__ligand5383-0
241,CAKVUG__ligand31842-0
242,CAKVUG__ligand845-0
243,CAKVUG__ligand31044-0
244,CAKVUG__ligand11994-0
245,CAKVUG__ligand9344-0
246,CAKVUG__ligand24035-0
247,CAKVUG__ligand3736-0
248,CAKVUG__ligand8000-0
249,CAKVUG__ligand7291-0
250,CAKVUG__ligand9883-0
251,CAKVUG__ligand11682-0
252,CAKVUG__ligand3677-1
253,CAKVUG__ligand20207-0
254,CAKVUG__ligand30711-0
255,CAKVUG__ligand2985-0
256,CAKVUG__ligand126-0
257,CAKVUG__ligand4007-0
258,CAKVUG__ligand163-0
259,CAKVUG__ligand25913-0
260,CAKVUG__ligand9299-0
261,CAKVUG__ligand16988-0
262,CAKVUG__ligand777-0
263,CAKVUG__ligand6699-0
264,CAKVUG__ligand15883-0
265,CAKVUG__ligand11970-0
266,CAKVUG__ligand15926-0
267,CAKVUG__ligand10828-0
268,CAKVUG__ligand3632-0
269,CAKVUG__ligand19792-0
270,CAKVUG__ligand3677-0
271,CAKVUG__ligand11447-0
272,CAKVUG__ligand11096-0
273,CAKVUG__ligand1168-0
274,CAKVUG__ligand28810-0
275,CAKVUG__ligand1294-0
276,CAKVUG__ligand941-0
277,CAKVUG__ligand24230-0
278,CAKVUG__ligand596-0
279,CAKVUG__ligand6892-0
280,CAKVUG__ligand657-0
281,CAKVUG__ligand15531-0
282,CAKVUG__ligand28743-0
283,CAKVUG__ligand11357-0
284,CAKVUG__ligand13862-0
285,CAKVUG__ligand1211-0
286,CAKVUG__ligand187-0
287,CAKVUG__ligand10056-0
288,CAKVUG__ligand12365-0
289,CAKVUG__ligand21919-0
290,CAKVUG__ligand366-0
291,CAKVUG__ligand3712-0
292,CAKVUG__ligand1464-0
293,CAKVUG__ligand28930-0
294,CAKVUG__ligand22168-0
295,CAKVUG__ligand1499-0
296,CAKVUG__ligand22294-0
297,CAKVUG__ligand2881-0
298,CAKVUG__ligand29486-0
299,CAKVUG__ligand1604-0
300,CAKVUG__ligand9943-0
301,CAKVUG__ligand1228-0
302,CAKVUG__ligand31694-0
303,CAKVUG__ligand693-0
304,CAKVUG__ligand2043-0
305,CAKVUG__ligand17427-0
306,CAKVUG__ligand8788-0
307,CAKVUG__ligand1832-0
308,CAKVUG__ligand22129-0
309,CAKVUG__ligand24780-0
310,CAKVUG__ligand12138-0
311,CAKVUG__ligand2417-0
312,CAKVUG__ligand11949-0
313,CAKVUG__ligand3126-0
314,CAKVUG__ligand6391-0
315,CAKVUG__ligand9284-0
316,CAKVUG__ligand42-0
317,CAKVUG__ligand1114-0
318,CAKVUG__ligand25561-0
319,CAKVUG__ligand24872-0
320,CAKVUG__ligand27840-0
321,CAKVUG__ligand30728-0
322,CAKVUG__ligand12001-0
323,CAKVUG__ligand1289-0
324,CAKVUG__ligand66-0
325,CAKVUG__ligand2203-0
326,CAKVUG__ligand5387-0
327,CAKVUG__ligand10033-0
328,CAKVUG__ligand24644-0
329,CAKVUG__ligand2612-0
330,CAKVUG__ligand22444-0
331,CAKVUG__ligand24111-0
332,CAKVUG__ligand122-0
333,CAKVUG__ligand14569-0
334,CAKVUG__ligand1599-0
335,CAKVUG__ligand13385-0
336,CAKVUG__ligand9450-0
337,CAKVUG__ligand17396-0
338,CAKVUG__ligand15788-0
339,CAKVUG__ligand757-0
340,CAKVUG__ligand23175-0
341,CAKVUG__ligand11587-0
342,CAKVUG__ligand13220-0
343,CAKVUG__ligand4807-0
344,CAKVUG__ligand3178-0
345,CAKVUG__ligand22403-0
346,CAKVUG__ligand5530-0
347,CAKVUG__ligand16369-0
348,CAKVUG__ligand1356-0
349,CAKVUG__ligand1787-0
350,CAKVUG__ligand9753-0
351,CAKVUG__ligand11111-0
352,CAKVUG__ligand28540-0
353,CAKVUG__ligand27754-0
354,CAKVUG__ligand7196-0
355,CAKVUG__ligand20695-0
356,CAKVUG__ligand384-0
357,CAKVUG__ligand5159-0
358,CAKVUG__ligand8-0
359,CAKVUG__ligand8793-0
360,CAKVUG__ligand2788-0
361,CAKVUG__ligand5649-0
362,CAKVUG__ligand4649-0
363,CAKVUG__ligand768-0
364,CAKVUG__ligand29215-0
365,CAKVUG__ligand2906-0
366,CAKVUG__ligand10872-0
367,CAKVUG__ligand21399-0
368,CAKVUG__ligand4711-0
369,CAKVUG__ligand26631-0
370,CAKVUG__ligand3244-0
371,CAKVUG__ligand16148-0
372,CAKVUG__ligand12003-0
373,CAKVUG__ligand26324-0
374,CAKVUG__ligand28559-0
375,CAKVUG__ligand7172-0
376,CAKVUG__ligand14043-0
377,CAKVUG__ligand19927-0
378,CAKVUG__ligand7273-0
379,CAKVUG__ligand9323-0
380,CAKVUG__ligand1153-0
381,CAKVUG__ligand3225-0
382,CAKVUG__ligand1116-0
383,CAKVUG__ligand7092-0
384,CAKVUG__ligand2260-0
385,CAKVUG__ligand27239-0
386,CAKVUG__ligand8612-0
387,CAKVUG__ligand21729-0
388,CAKVUG__ligand2124-0
389,CAKVUG__ligand6017-0
390,CAKVUG__ligand240-0
391,CAKVUG__ligand26529-0
392,CAKVUG__ligand7316-0
393,CAKVUG__ligand141-0
394,CAKVUG__ligand38-0
395,CAKVUG__ligand5708-0
396,CAKVUG__ligand5180-0
397,CAKVUG__ligand11618-0
398,CAKVUG__ligand28789-0
399,CAKVUG__ligand1263-0
400,CAKVUG__ligand9908-0
401,CAKVUG__ligand17118-0
402,CAKVUG__ligand34-0
403,CAKVUG__ligand21371-0
404,CAKVUG__ligand20419-0
405,CAKVUG__ligand7242-0
406,CAKVUG__ligand30851-0
407,CAKVUG__ligand813-0
408,CAKVUG__ligand14889-0
409,CAKVUG__ligand7106-0
410,CAKVUG__ligand29568-0
411,CAKVUG__ligand314-0
412,CAKVUG__ligand780-0
413,CAKVUG__ligand3035-0
414,CAKVUG__ligand3876-0
415,CAKVUG__ligand1343-0
416,CAKVUG__ligand31097-0
417,CAKVUG__ligand21581-0
418,CAKVUG__ligand6616-0
419,CAKVUG__ligand3718-0
420,CAKVUG__ligand4661-0
421,CAKVUG__ligand391-0
422,CAKVUG__ligand1844-0
423,CAKVUG__ligand20251-0
424,CAKVUG__ligand20214-0
425,CAKVUG__ligand30702-0
426,CAKVUG__ligand20539-0
427,CAKVUG__ligand618-0
428,CAKVUG__ligand1959-0
429,CAKVUG__ligand3504-0
430,CAKVUG__ligand17261-0
431,CAKVUG__ligand9935-0
432,CAKVUG__ligand14117-0
433,CAKVUG__ligand1536-0
434,CAKVUG__ligand1573-0
435,CAKVUG__ligand4-0
436,CAKVUG__ligand16475-0
437,CAKVUG__ligand14703-0
438,CAKVUG__ligand6919-0
439,CAKVUG__ligand3852-0
440,CAKVUG__ligand465-0
441,CAKVUG__ligand2485-0
442,CAKVUG__ligand1512-0
443,CAKVUG__ligand5331-0
444,CAKVUG__ligand20251-1
445,CAKVUG__ligand3565-0
446,CAKVUG__ligand68-0
447,CAKVUG__ligand314-1
448,CAKVUG__ligand55-0
449,CAKVUG__ligand4720-0
450,CAKVUG__ligand6839-0
451,CAKVUG__ligand29414-0
452,CAKVUG__ligand17982-0
453,CAKVUG__ligand8969-0
454,CAKVUG__ligand17278-0
455,CAKVUG__ligand20011-0
456,CAKVUG__ligand1202-0
457,CAKVUG__ligand3937-0
458,CAKVUG__ligand3174-0
459,CAKVUG__ligand3131-0
460,CAKVUG__ligand5211-0
461,CAKVUG__ligand10589-0
462,CAKVUG__ligand22557-0
463,CAKVUG__ligand24047-0
464,CAKVUG__ligand11675-0
465,CAKVUG__ligand20598-0
466,CAKVUG__ligand17398-0
467,CAKVUG__ligand3094-0
468,CAKVUG__ligand4155-0
469,CAKVUG__ligand2176-0
470,CAKVUG__ligand196-0
471,CAKVUG__ligand9291-0
472,CAKVUG__ligand13331-0
473,CAKVUG__ligand28884-0
474,CAKVUG__ligand2232-0
475,CAKVUG__ligand29879-0
476,CAKVUG__ligand57-0
477,CAKVUG__ligand14248-0
478,CAKVUG__ligand12030-0
479,CAKVUG__ligand13294-0
480,CAKVUG__ligand31832-0
481,CAKVUG__ligand4157-0
482,CAKVUG__ligand9833-0
483,CAKVUG__ligand2828-0
484,CAKVUG__ligand8876-0
485,CAKVUG__ligand7648-0
486,CAKVUG__ligand5256-0
487,CAKVUG__ligand4503-0
488,CAKVUG__ligand422-0
489,CAKVUG__ligand4546-0
490,CAKVUG__ligand25411-0
491,CAKVUG__ligand11456-0
492,CAKVUG__ligand1285-0
493,CAKVUG__ligand10712-0
494,CAKVUG__ligand8115-0
495,CAKVUG__ligand6768-0
496,CAKVUG__ligand14174-0
497,CAKVUG__ligand686-0
498,CAKVUG__ligand1982-0
499,CAKVUG__ligand7000-0
500,CAKVUG__ligand7238-0
501,CAKVUG__ligand393-0
502,CAKVUG__ligand20682-0
503,CAKVUG__ligand1790-0
504,CAKVUG__ligand1304-0
505,CAKVUG__ligand7280-0
506,CAKVUG__ligand7867-0
507,CAKVUG__ligand6709-0
508,CAKVUG__ligand1219-0
509,CAKVUG__ligand4016-0
510,CAKVUG__ligand13390-0
511,CAKVUG__ligand9520-0
512,CAKVUG__ligand8699-0
513,CAKVUG__ligand1160-0
514,CAKVUG__ligand4442-0
515,CAKVUG__ligand4093-0
516,CAKVUG__ligand3954-0
517,CAKVUG__ligand1451-0
518,CAKVUG__ligand4272-0
519,CAKVUG__ligand13208-0
520,CAKVUG__ligand353-0
521,CAKVUG__ligand7629-0
522,CAKVUG__ligand27482-0
523,CAKVUG__ligand26810-0
524,CAKVUG__ligand9784-0
525,CAKVUG__ligand19830-0
526,CAKVUG__ligand176-0
527,CAKVUG__ligand1631-0
528,CAKVUG__ligand13068-0
529,CAKVUG__ligand10476-0
530,CAKVUG__ligand24145-0
531,CAKVUG__ligand1530-0
532,CAKVUG__ligand1575-0
533,CAKVUG__ligand15585-0
534,CAKVUG__ligand12401-0
535,CAKVUG__ligand9933-0
536,CAKVUG__ligand12231-0
537,CAKVUG__ligand447-0
538,CAKVUG__ligand17387-0
539,CAKVUG__ligand12130-0
540,CAKVUG__ligand9441-0
541,CAKVUG__ligand13658-0
542,CAKVUG__ligand746-0
543,CAKVUG__ligand26702-0
544,CAKVUG__ligand2332-0
545,CAKVUG__ligand12289-0
546,CAKVUG__ligand18292-0
547,CAKVUG__ligand6244-0
548,CAKVUG__ligand487-0
549,CAKVUG__ligand17805-0
550,CAKVUG__ligand1378-0
551,CAKVUG__ligand17302-0
552,CAKVUG__ligand25178-0
553,CAKVUG__ligand2915-0
554,CAKVUG__ligand3156-0
555,CAKVUG__ligand23769-0
556,CAKVUG__ligand24185-0
557,CAKVUG__ligand32-0
558,CAKVUG__ligand10958-0
559,CAKVUG__ligand7967-0
560,CAKVUG__ligand3707-0
561,CAKVUG__ligand6124-0
562,CAKVUG__ligand1018-0
563,CAKVUG__ligand12641-0
564,CAKVUG__ligand4116-0
565,CAKVUG__ligand16-0
566,CAKVUG__ligand8992-0
567,CAKVUG__ligand14108-0
568,CAKVUG__ligand506-0
569,CAKVUG__ligand9601-0
570,CAKVUG__ligand9111-0
571,CAKVUG__ligand29302-0
572,CAKVUG__ligand9952-0
573,CAKVUG__ligand13425-0
574,CAKVUG__ligand152-0
575,CAKVUG__ligand19057-0
576,CAKVUG__ligand1615-0
577,CAKVUG__ligand18814-0
578,CAKVUG__ligand5036-0
579,CAKVUG__ligand2526-0
580,CAKVUG__ligand1823-0
581,CAKVUG__ligand27763-0
582,CAKVUG__ligand5643-0
583,CAKVUG__ligand10262-0
584,CAKVUG__ligand28676-0
585,CAKVUG__ligand1324-0
586,CAKVUG__ligand8721-0
587,CAKVUG__ligand115-0
588,CAKVUG__ligand16628-0
589,CAKVUG__ligand91-0
590,CAKVUG__ligand28468-0
591,CAKVUG__ligand20740-0
592,CAKVUG__ligand12427-0
593,CAKVUG__ligand27460-0
594,CAKVUG__ligand4641-0
595,CAKVUG__ligand833-0
596,CAKVUG__ligand12606-0
597,CAKVUG__ligand30333-0
598,CAKVUG__ligand7126-0
599,CAKVUG__ligand2028-0
600,CAKVUG__ligand8835-0
601,CAKVUG__ligand29410-0
602,CAKVUG__ligand12337-0
603,CAKVUG__ligand26540-0
604,CAKVUG__ligand17281-0
605,CAKVUG__ligand30296-0
606,CAKVUG__ligand3234-0
607,CAKVUG__ligand51-0
608,CAKVUG__ligand1142-0
609,CAKVUG__ligand6904-0
610,CAKVUG__ligand3721-0
611,CAKVUG__ligand31783-0
612,CAKVUG__ligand6596-0
613,CAKVUG__ligand784-0
614,CAKVUG__ligand6102-0
615,CAKVUG__ligand3465-0
616,CAKVUG__ligand26665-0
617,CAKVUG__ligand13012-0
618,CAKVUG__ligand17631-0
619,CAKVUG__ligand2917-0
620,CAKVUG__ligand17258-0
621,CAKVUG__ligand14297-0
622,CAKVUG__ligand14603-0
623,CAKVUG__ligand7819-0
624,CAKVUG__ligand30988-0
625,CAKVUG__ligand6067-0
626,CAKVUG__ligand1577-0
627,CAKVUG__ligand2295-0
628,CAKVUG__ligand48-0
629,CAKVUG__ligand23713-0
630,CAKVUG__ligand18832-0
631,CAKVUG__ligand27175-0
632,CAKVUG__ligand4620-0
633,CAKVUG__ligand19641-0
634,CAKVUG__ligand395-0
635,CAKVUG__ligand15422-0
636,CAKVUG__ligand12934-0
637,CAKVUG__ligand20578-0
638,CAKVUG__ligand27893-0
639,CAKVUG__ligand368-0
640,CAKVUG__ligand14723-0
641,CAKVUG__ligand9681-0
642,CAKVUG__ligand30539-0
643,CAKVUG__ligand4332-0
644,CAKVUG__ligand21132-0
645,CAKVUG__ligand3012-0
646,CAKVUG__ligand1449-0
647,CAKVUG__ligand11166-0
648,CAKVUG__ligand23906-0
649,CAKVUG__ligand1065-0
650,CAKVUG__ligand7530-0
651,CAKVUG__ligand12295-0
652,CAKVUG__ligand27835-0
653,CAKVUG__ligand2403-0
654,CAKVUG__ligand197-0
655,CAKVUG__ligand3934-0
656,CAKVUG__ligand25575-0
657,CAKVUG__ligand21787-0
658,CAKVUG__ligand6455-0
659,CAKVUG__ligand6882-0
660,CAKVUG__ligand25689-0
661,CAKVUG__ligand13209-0
662,CAKVUG__ligand783-0
663,CAKVUG__ligand1415-0
664,CAKVUG__ligand6946-0
665,CAKVUG__ligand19257-0
666,CAKVUG__ligand352-0
667,CAKVUG__ligand12660-0
668,CAKVUG__ligand7529-0
669,CAKVUG__ligand31248-0
670,CAKVUG__ligand25650-0
671,CAKVUG__ligand9148-0
672,CAKVUG__ligand5316-0
673,CAKVUG__ligand5483-0
674,CAKVUG__ligand11206-0
675,CAKVUG__ligand868-0
676,CAKVUG__ligand1729-0
677,CAKVUG__ligand23124-0
678,CAKVUG__ligand5627-0
679,CAKVUG__ligand2830-0
680,CAKVUG__ligand12519-0
681,CAKVUG__ligand25735-0
682,CAKVUG__ligand29863-0
683,CAKVUG__ligand4738-0
684,CAKVUG__ligand134-0
685,CAKVUG__ligand4813-0
686,CAKVUG__ligand13869-0
687,CAKVUG__ligand5813-0
688,CAKVUG__ligand18074-0
689,CAKVUG__ligand6062-0
690,CAKVUG__ligand235-0
691,CAKVUG__ligand6283-0
692,CAKVUG__ligand11140-0
693,CAKVUG__ligand29610-0
694,CAKVUG__ligand28668-0
695,CAKVUG__ligand16791-0
696,CAKVUG__ligand7107-0
697,CAKVUG__ligand18465-0
698,CAKVUG__ligand560-0
699,CAKVUG__ligand18799-0
700,CAKVUG__ligand3215-0
701,CAKVUG__ligand25805-0
702,CAKVUG__ligand22981-0
703,CAKVUG__ligand7925-0
704,CAKVUG__ligand20599-0
705,CAKVUG__ligand2068-0
706,CAKVUG__ligand27074-0
707,CAKVUG__ligand14523-0
708,CAKVUG__ligand27169-0
709,CAKVUG__ligand18391-0
710,CAKVUG__ligand1147-0
711,CAKVUG__ligand294-0
712,CAKVUG__ligand11-0
713,CAKVUG__ligand3973-0
714,CAKVUG__ligand4330-0
715,CAKVUG__ligand685-0
716,CAKVUG__ligand2599-0
717,CAKVUG__ligand12467-0
718,CAKVUG__ligand25267-0
719,CAKVUG__ligand10084-0
720,CAKVUG__ligand69-0
721,CAKVUG__ligand23904-0
722,CAKVUG__ligand7532-0
723,CAKVUG__ligand13257-0
724,CAKVUG__ligand4194-0
725,CAKVUG__ligand21936-0
726,CAKVUG__ligand421-0
727,CAKVUG__ligand12336-0
728,CAKVUG__ligand9197-0
729,CAKVUG__ligand13072-0
730,CAKVUG__ligand1900-0
731,CAKVUG__ligand4581-0
732,CAKVUG__ligand1773-0
733,CAKVUG__ligand2328-0
734,CAKVUG__ligand7162-0
735,CAKVUG__ligand370-0
736,CAKVUG__ligand3029-0
737,CAKVUG__ligand12682-0
738,CAKVUG__ligand18699-0
739,CAKVUG__ligand8722-0
740,CAKVUG__ligand1327-0
741,CAKVUG__ligand6672-0
742,CAKVUG__ligand9809-0
743,CAKVUG__ligand3350-0
744,CAKVUG__ligand2781-0
745,CAKVUG__ligand7573-0
746,CAKVUG__ligand1-0
747,CAKVUG__ligand17590-0
748,CAKVUG__ligand2208-0
749,CAKVUG__ligand3208-0
750,CAKVUG__ligand250-0
751,CAKVUG__ligand17240-0
752,CAKVUG__ligand11568-0
753,CAKVUG__ligand1496-0
754,CAKVUG__ligand7557-0
755,CAKVUG__ligand17710-0
756,CAKVUG__ligand20579-0
757,CAKVUG__ligand11774-0
758,CAKVUG__ligand188-0
759,CAKVUG__ligand14586-0
760,CAKVUG__ligand1533-0
761,CAKVUG__ligand49-0
762,CAKVUG__ligand21421-0
763,CAKVUG__ligand620-0
764,CAKVUG__ligand19725-0
765,CAKVUG__ligand370-1
766,CAKVUG__ligand5892-0
767,CAKVUG__ligand5094-0
768,CAKVUG__ligand24613-0
769,CAKVUG__ligand564-0
770,CAKVUG__ligand89-0
771,CAKVUG__ligand479-0
772,CAKVUG__ligand785-0
773,CAKVUG__ligand311-0
774,CAKVUG__ligand10555-0
775,CAKVUG__ligand1712-0
776,CAKVUG__ligand31483-0
777,CAKVUG__ligand4131-0
778,CAKVUG__ligand15168-0
779,CAKVUG__ligand3157-0
780,CAKVUG__ligand909-0
781,CAKVUG__ligand9525-0
782,CAKVUG__ligand1165-0
783,CAKVUG__ligand5935-0
784,CAKVUG__ligand23589-0
785,CAKVUG__ligand2722-0
786,CAKVUG__ligand24064-0
787,CAKVUG__ligand1379-0
788,CAKVUG__ligand1469-0
789,CAKVUG__ligand3871-0
790,CAKVUG__ligand1768-0
791,CAKVUG__ligand4850-0
792,CAKVUG__ligand177-0
793,CAKVUG__ligand5056-0
794,CAKVUG__ligand22755-0
795,CAKVUG__ligand10432-0
796,CAKVUG__ligand31618-0
797,CAKVUG__ligand11432-0
798,CAKVUG__ligand26277-0
799,CAKVUG__ligand29898-0
800,CAKVUG__ligand3647-0
801,CAKVUG__ligand5357-0
802,CAKVUG__ligand1688-0
803,CAKVUG__ligand3-0
804,CAKVUG__ligand8349-0
805,CAKVUG__ligand8464-0
806,CAKVUG__ligand1709-0
807,CAKVUG__ligand24750-0
808,CAKVUG__ligand17207-0
809,CAKVUG__ligand31578-0
810,CAKVUG__ligand252-0
811,CAKVUG__ligand17945-0
812,CAKVUG__ligand116-0
813,CAKVUG__ligand2527-0
814,CAKVUG__ligand25224-0
815,CAKVUG__ligand18013-0
816,CAKVUG__ligand18703-0
817,CAKVUG__ligand17-0
818,CAKVUG__ligand5849-0
819,CAKVUG__ligand193-0
820,CAKVUG__ligand29087-0
821,CAKVUG__ligand372-0
822,CAKVUG__ligand3392-0
823,CAKVUG__ligand28924-0
824,CAKVUG__ligand15438-0
825,CAKVUG__ligand830-0
826,CAKVUG__ligand4911-0
827,CAKVUG__ligand1771-0
