,TMC
0,BOBSAM__ligand383-0
1,BOBSAM__ligand3178-0
2,BOBSAM__ligand6332-0
3,BOBSAM__ligand2098-0
4,BOBSAM__ligand6502-0
5,BOBSAM__ligand226-0
6,BOBSAM__ligand66-0
7,BOBSAM__ligand2863-0
8,BOBSAM__ligand162-0
9,BOBSAM__ligand7915-0
10,BOBSAM__ligand5548-0
11,BOBSAM__ligand1747-0
12,BOBSAM__ligand6686-0
13,BOBSAM__ligand3145-0
14,BOBSAM__ligand2751-0
15,BOBSAM__ligand2634-0
16,BOBSAM__ligand1542-0
17,BOBSAM__ligand3041-0
18,BOBSAM__ligand1228-0
19,BOBSAM__ligand430-0
20,BOBSAM__ligand9244-0
21,BOBSAM__ligand358-0
22,BOBSAM__ligand669-0
23,BOBSAM__ligand40-0
24,BOBSAM__ligand38-0
25,BOBSAM__ligand278-0
26,BOBSAM__ligand1114-0
27,BOBSAM__ligand365-0
28,BOBSAM__ligand1538-0
29,BOBSAM__ligand571-0
30,BOBSAM__ligand118-0
31,BOBSAM__ligand670-0
32,BOBSAM__ligand3246-0
33,BOBSAM__ligand1148-0
34,BOBSAM__ligand11730-0
35,BOBSAM__ligand1479-0
36,BOBSAM__ligand21-0
37,BOBSAM__ligand509-0
38,BOBSAM__ligand1171-0
39,BOBSAM__ligand18-0
40,BOBSAM__ligand575-0
41,BOBSAM__ligand199-0
42,BOBSAM__ligand927-0
43,BOBSAM__ligand3063-0
44,BOBSAM__ligand1438-0
45,BOBSAM__ligand5801-0
46,BOBSAM__ligand1459-0
47,BOBSAM__ligand140-0
48,BOBSAM__ligand105-0
49,BOBSAM__ligand4-0
50,BOBSAM__ligand1544-0
51,BOBSAM__ligand1685-0
52,BOBSAM__ligand409-0
53,BOBSAM__ligand324-0
54,BOBSAM__ligand361-0
55,BOBSAM__ligand2087-0
56,BOBSAM__ligand1048-0
57,BOBSAM__ligand3757-0
58,BOBSAM__ligand1951-0
59,BOBSAM__ligand326-0
60,BOBSAM__ligand821-0
61,BOBSAM__ligand1687-0
62,BOBSAM__ligand283-0
63,BOBSAM__ligand86-0
64,BOBSAM__ligand6277-0
65,BOBSAM__ligand553-0
66,BOBSAM__ligand206-0
67,BOBSAM__ligand6-0
68,BOBSAM__ligand142-0
69,BOBSAM__ligand1376-0
70,BOBSAM__ligand2768-0
71,BOBSAM__ligand2259-0
72,BOBSAM__ligand2688-0
73,BOBSAM__ligand436-0
74,BOBSAM__ligand62-0
75,BOBSAM__ligand166-0
76,BOBSAM__ligand838-0
77,BOBSAM__ligand2629-0
78,BOBSAM__ligand497-0
79,BOBSAM__ligand4381-0
80,BOBSAM__ligand1706-0
81,BOBSAM__ligand532-0
82,BOBSAM__ligand3734-0
83,BOBSAM__ligand633-0
84,BOBSAM__ligand918-0
85,BOBSAM__ligand321-0
86,BOBSAM__ligand178-0
87,BOBSAM__ligand279-0
88,BOBSAM__ligand1-0
89,BOBSAM__ligand201-0
90,BOBSAM__ligand244-0
91,BOBSAM__ligand8774-0
92,BOBSAM__ligand100-0
93,BOBSAM__ligand3637-0
94,BOBSAM__ligand124-0
95,BOBSAM__ligand6294-0
96,BOBSAM__ligand1054-0
97,BOBSAM__ligand1598-0
98,BOBSAM__ligand1248-0
99,BOBSAM__ligand4303-0
100,BOBSAM__ligand7464-0
101,BOBSAM__ligand119-0
102,BOBSAM__ligand2907-0
103,BOBSAM__ligand1703-0
104,BOBSAM__ligand2430-0
105,BOBSAM__ligand2320-0
106,BOBSAM__ligand1056-0
107,BOBSAM__ligand67-0
108,BOBSAM__ligand2862-0
109,BOBSAM__ligand126-0
110,BOBSAM__ligand2285-0
111,BOBSAM__ligand1567-0
112,BOBSAM__ligand8921-0
113,BOBSAM__ligand2510-0
114,BOBSAM__ligand596-0
115,BOBSAM__ligand3-0
116,BOBSAM__ligand1607-0
117,BOBSAM__ligand861-0
118,BOBSAM__ligand1152-0
119,BOBSAM__ligand366-0
120,BOBSAM__ligand1727-0
121,BOBSAM__ligand187-0
122,BOBSAM__ligand612-0
123,BOBSAM__ligand1502-0
124,BOBSAM__ligand2794-0
125,BOBSAM__ligand2345-0
126,BOBSAM__ligand1835-0
127,BOBSAM__ligand4983-0
128,BOBSAM__ligand9027-0
129,BOBSAM__ligand1113-0
130,BOBSAM__ligand2265-0
131,BOBSAM__ligand6396-0
132,BOBSAM__ligand1273-0
133,BOBSAM__ligand797-0
134,BOBSAM__ligand757-0
135,BOBSAM__ligand1052-0
136,BOBSAM__ligand384-0
137,BOBSAM__ligand2864-0
138,BOBSAM__ligand120-0
139,BOBSAM__ligand9495-0
140,BOBSAM__ligand6151-0
141,BOBSAM__ligand2772-0
142,BOBSAM__ligand6538-0
143,BOBSAM__ligand2142-0
144,BOBSAM__ligand2880-0
145,BOBSAM__ligand5941-0
146,BOBSAM__ligand85-0
147,BOBSAM__ligand78-0
148,BOBSAM__ligand2838-0
149,BOBSAM__ligand1799-0
150,BOBSAM__ligand3838-0
151,BOBSAM__ligand5022-0
152,BOBSAM__ligand1169-0
153,BOBSAM__ligand45-0
154,BOBSAM__ligand141-0
155,BOBSAM__ligand240-0
156,BOBSAM__ligand6430-0
157,BOBSAM__ligand314-0
158,BOBSAM__ligand1299-0
159,BOBSAM__ligand1221-0
160,BOBSAM__ligand1264-0
161,BOBSAM__ligand481-0
162,BOBSAM__ligand1379-0
163,BOBSAM__ligand49-0
164,BOBSAM__ligand89-0
165,BOBSAM__ligand2376-0
166,BOBSAM__ligand170-0
167,BOBSAM__ligand2929-0
168,BOBSAM__ligand391-0
169,BOBSAM__ligand1325-0
170,BOBSAM__ligand2482-0
171,BOBSAM__ligand6571-0
172,BOBSAM__ligand210-0
173,BOBSAM__ligand7414-0
174,BOBSAM__ligand5762-0
175,BOBSAM__ligand1104-0
176,BOBSAM__ligand2442-0
177,BOBSAM__ligand1019-0
178,BOBSAM__ligand8032-0
179,BOBSAM__ligand1858-0
180,BOBSAM__ligand92-0
181,BOBSAM__ligand196-0
182,BOBSAM__ligand502-0
183,BOBSAM__ligand2315-0
184,BOBSAM__ligand4504-0
185,BOBSAM__ligand113-0
186,BOBSAM__ligand3051-0
187,BOBSAM__ligand2480-0
188,BOBSAM__ligand17-0
189,BOBSAM__ligand1898-0
190,BOBSAM__ligand5334-0
191,BOBSAM__ligand422-0
192,BOBSAM__ligand2389-0
193,BOBSAM__ligand236-0
194,BOBSAM__ligand1919-0
195,BOBSAM__ligand2916-0
196,BOBSAM__ligand2110-0
197,BOBSAM__ligand3579-0
198,BOBSAM__ligand353-0
199,BOBSAM__ligand1712-0
200,BOBSAM__ligand10910-0
201,BOBSAM__ligand447-0
202,BOBSAM__ligand133-0
203,BOBSAM__ligand1307-0
204,BOBSAM__ligand666-0
205,BOBSAM__ligand522-0
206,BOBSAM__ligand487-0
207,BOBSAM__ligand14530-0
208,BOBSAM__ligand6166-0
209,BOBSAM__ligand1246-0
210,BOBSAM__ligand5089-0
211,BOBSAM__ligand2599-0
212,BOBSAM__ligand3853-0
213,BOBSAM__ligand2853-0
214,BOBSAM__ligand682-0
215,BOBSAM__ligand3566-0
216,BOBSAM__ligand1178-0
217,BOBSAM__ligand11-0
218,BOBSAM__ligand115-0
219,BOBSAM__ligand1321-0
220,BOBSAM__ligand291-0
221,BOBSAM__ligand1788-0
222,BOBSAM__ligand10479-0
223,BOBSAM__ligand4894-0
224,BOBSAM__ligand485-0
225,BOBSAM__ligand1260-0
226,BOBSAM__ligand9620-0
227,BOBSAM__ligand784-0
228,BOBSAM__ligand355-0
229,BOBSAM__ligand4811-0
230,BOBSAM__ligand1449-1
231,BOBSAM__ligand10114-0
232,BOBSAM__ligand3337-0
233,BOBSAM__ligand7514-0
234,BOBSAM__ligand4370-0
235,BOBSAM__ligand112-0
236,BOBSAM__ligand1436-0
237,BOBSAM__ligand296-0
238,BOBSAM__ligand197-0
239,BOBSAM__ligand3618-0
240,BOBSAM__ligand2618-0
241,BOBSAM__ligand4175-0
242,BOBSAM__ligand2255-0
243,BOBSAM__ligand783-0
244,BOBSAM__ligand352-0
245,BOBSAM__ligand442-0
246,BOBSAM__ligand1918-0
247,BOBSAM__ligand868-0
248,BOBSAM__ligand32-0
249,BOBSAM__ligand136-0
250,BOBSAM__ligand390-0
251,BOBSAM__ligand4012-0
252,BOBSAM__ligand3196-0
253,BOBSAM__ligand235-0
254,BOBSAM__ligand134-0
255,BOBSAM__ligand932-0
256,BOBSAM__ligand109-0
257,BOBSAM__ligand48-0
258,BOBSAM__ligand525-0
259,BOBSAM__ligand8-0
260,BOBSAM__ligand560-0
261,BOBSAM__ligand2915-0
262,BOBSAM__ligand993-0
263,BOBSAM__ligand91-0
264,BOBSAM__ligand29-0
265,BOBSAM__ligand2707-0
266,BOBSAM__ligand294-0
267,BOBSAM__ligand1690-0
268,BOBSAM__ligand331-0
269,BOBSAM__ligand421-0
270,BOBSAM__ligand2526-0
271,BOBSAM__ligand798-0
272,BOBSAM__ligand1551-0
273,BOBSAM__ligand51-0
274,BOBSAM__ligand916-0
275,BOBSAM__ligand584-0
276,BOBSAM__ligand1907-0
277,BOBSAM__ligand370-0
278,BOBSAM__ligand4423-0
279,BOBSAM__ligand3890-0
280,BOBSAM__ligand95-0
281,BOBSAM__ligand250-0
282,BOBSAM__ligand55-0
283,BOBSAM__ligand7630-0
284,BOBSAM__ligand1555-0
285,BOBSAM__ligand460-0
286,BOBSAM__ligand1285-0
287,BOBSAM__ligand34-0
288,BOBSAM__ligand7550-0
289,BOBSAM__ligand188-0
290,BOBSAM__ligand369-0
291,BOBSAM__ligand444-0
292,BOBSAM__ligand2954-0
293,BOBSAM__ligand5093-0
294,BOBSAM__ligand2253-0
295,BOBSAM__ligand1160-0
296,BOBSAM__ligand311-0
297,BOBSAM__ligand1038-0
298,BOBSAM__ligand2762-0
299,BOBSAM__ligand3251-0
300,BOBSAM__ligand851-0
301,BOBSAM__ligand5235-0
302,BOBSAM__ligand6143-0
303,BOBSAM__ligand909-0
304,BOBSAM__ligand4619-0
305,BOBSAM__ligand1493-0
306,BOBSAM__ligand73-0
307,BOBSAM__ligand2718-0
308,BOBSAM__ligand3070-0
309,BOBSAM__ligand934-0
310,BOBSAM__ligand177-0
311,BOBSAM__ligand3035-0
312,BOBSAM__ligand9176-0
313,BOBSAM__ligand955-0
314,BOBSAM__ligand3852-0
315,BOBSAM__ligand57-0
316,BOBSAM__ligand252-0
317,BOBSAM__ligand3478-0
318,BOBSAM__ligand5758-0
319,BOBSAM__ligand830-0
320,BOBSAM__ligand7456-0
321,BOBSAM__ligand1818-0
322,BOBSAM__ligand10357-0
323,BOBSAM__ligand193-0
324,BOBSAM__ligand15630-0
