,TMC
0,QOMGOO__ligand4157-0
1,QOMGOO__ligand22353-0
2,QOMGOO__ligand7648-0
3,QOMGOO__ligand8876-0
4,QOMGOO__ligand2828-0
5,QOMGOO__ligand9833-0
6,QOMGOO__ligand5256-0
7,QOMGOO__ligand19906-0
8,QOMGOO__ligand2176-0
9,QOMGOO__ligand19668-0
10,QOMGOO__ligand9291-0
11,QOMGOO__ligand2232-0
12,QOMGOO__ligand10151-0
13,QOMGOO__ligand1285-0
14,QOMGOO__ligand6768-0
15,QOMGOO__ligand8115-0
16,QOMGOO__ligand7000-0
17,QOMGOO__ligand1982-0
18,QOMGOO__ligand338-0
19,QOMGOO__ligand4546-0
20,QOMGOO__ligand4503-0
21,QOMGOO__ligand20220-0
22,QOMGOO__ligand7867-0
23,QOMGOO__ligand6709-0
24,QOMGOO__ligand1219-0
25,QOMGOO__ligand20121-0
26,QOMGOO__ligand4016-0
27,QOMGOO__ligand15387-0
28,QOMGOO__ligand7238-0
29,QOMGOO__ligand16952-0
30,QOMGOO__ligand29813-0
31,QOMGOO__ligand201-0
32,QOMGOO__ligand7280-0
33,QOMGOO__ligand1304-0
34,QOMGOO__ligand1790-0
35,QOMGOO__ligand11479-0
36,QOMGOO__ligand4272-0
37,QOMGOO__ligand1451-0
38,QOMGOO__ligand279-0
39,QOMGOO__ligand27610-0
40,QOMGOO__ligand10479-0
41,QOMGOO__ligand7629-0
42,QOMGOO__ligand185-0
43,QOMGOO__ligand178-0
44,QOMGOO__ligand10853-0
45,QOMGOO__ligand29441-0
46,QOMGOO__ligand9784-0
47,QOMGOO__ligand9520-0
48,QOMGOO__ligand24851-0
49,QOMGOO__ligand1160-0
50,QOMGOO__ligand8699-0
51,QOMGOO__ligand14302-0
52,QOMGOO__ligand321-0
53,QOMGOO__ligand14347-0
54,QOMGOO__ligand13657-0
55,QOMGOO__ligand3954-0
56,QOMGOO__ligand11698-0
57,QOMGOO__ligand4093-0
58,QOMGOO__ligand4442-0
59,QOMGOO__ligand20530-0
60,QOMGOO__ligand657-0
61,QOMGOO__ligand11814-0
62,QOMGOO__ligand7242-0
63,QOMGOO__ligand16603-0
64,QOMGOO__ligand187-0
65,QOMGOO__ligand7106-0
66,QOMGOO__ligand9908-0
67,QOMGOO__ligand1263-0
68,QOMGOO__ligand16870-0
69,QOMGOO__ligand366-0
70,QOMGOO__ligand78-0
71,QOMGOO__ligand11622-0
72,QOMGOO__ligand45-0
73,QOMGOO__ligand11177-0
74,QOMGOO__ligand1959-0
75,QOMGOO__ligand777-0
76,QOMGOO__ligand3504-0
77,QOMGOO__ligand9935-0
78,QOMGOO__ligand15455-0
79,QOMGOO__ligand1573-0
80,QOMGOO__ligand1536-0
81,QOMGOO__ligand6616-0
82,QOMGOO__ligand3035-0
83,QOMGOO__ligand3876-0
84,QOMGOO__ligand1343-0
85,QOMGOO__ligand3718-0
86,QOMGOO__ligand4661-0
87,QOMGOO__ligand31205-0
88,QOMGOO__ligand1844-0
89,QOMGOO__ligand596-0
90,QOMGOO__ligand941-0
91,QOMGOO__ligand25658-0
92,QOMGOO__ligand17686-0
93,QOMGOO__ligand5331-0
94,QOMGOO__ligand1512-0
95,QOMGOO__ligand11252-0
96,QOMGOO__ligand3565-0
97,QOMGOO__ligand24-0
98,QOMGOO__ligand13260-0
99,QOMGOO__ligand10582-0
100,QOMGOO__ligand163-0
101,QOMGOO__ligand126-0
102,QOMGOO__ligand6919-0
103,QOMGOO__ligand18067-0
104,QOMGOO__ligand2485-0
105,QOMGOO__ligand19824-0
106,QOMGOO__ligand3852-0
107,QOMGOO__ligand26673-0
108,QOMGOO__ligand5211-0
109,QOMGOO__ligand4155-0
110,QOMGOO__ligand3094-0
111,QOMGOO__ligand20821-0
112,QOMGOO__ligand845-0
113,QOMGOO__ligand11606-0
114,QOMGOO__ligand4720-0
115,QOMGOO__ligand19-0
116,QOMGOO__ligand6839-0
117,QOMGOO__ligand3131-0
118,QOMGOO__ligand1202-0
119,QOMGOO__ligand3937-0
120,QOMGOO__ligand31000-0
121,QOMGOO__ligand3174-0
122,QOMGOO__ligand8969-0
123,QOMGOO__ligand16133-0
124,QOMGOO__ligand13755-0
125,QOMGOO__ligand20432-0
126,QOMGOO__ligand27122-0
127,QOMGOO__ligand122-0
128,QOMGOO__ligand23445-0
129,QOMGOO__ligand4641-0
130,QOMGOO__ligand24953-0
131,QOMGOO__ligand21940-0
132,QOMGOO__ligand757-0
133,QOMGOO__ligand25048-0
134,QOMGOO__ligand20557-0
135,QOMGOO__ligand30004-0
136,QOMGOO__ligand3234-0
137,QOMGOO__ligand1142-0
138,QOMGOO__ligand7126-0
139,QOMGOO__ligand8835-0
140,QOMGOO__ligand2028-0
141,QOMGOO__ligand2917-0
142,QOMGOO__ligand7819-0
143,QOMGOO__ligand24560-0
144,QOMGOO__ligand6102-0
145,QOMGOO__ligand6596-0
146,QOMGOO__ligand6904-0
147,QOMGOO__ligand3721-0
148,QOMGOO__ligand18757-0
149,QOMGOO__ligand3465-0
150,QOMGOO__ligand24624-0
151,QOMGOO__ligand20844-0
152,QOMGOO__ligand18413-0
153,QOMGOO__ligand4620-0
154,QOMGOO__ligand21752-0
155,QOMGOO__ligand693-0
156,QOMGOO__ligand2295-0
157,QOMGOO__ligand6067-0
158,QOMGOO__ligand1577-0
159,QOMGOO__ligand14339-0
160,QOMGOO__ligand13691-0
161,QOMGOO__ligand30788-0
162,QOMGOO__ligand240-0
163,QOMGOO__ligand16956-0
164,QOMGOO__ligand21339-0
165,QOMGOO__ligand14226-0
166,QOMGOO__ligand20942-1
167,QOMGOO__ligand9441-0
168,QOMGOO__ligand141-0
169,QOMGOO__ligand2332-0
170,QOMGOO__ligand1631-0
171,QOMGOO__ligand23682-0
172,QOMGOO__ligand43-0
173,QOMGOO__ligand29565-0
174,QOMGOO__ligand27771-0
175,QOMGOO__ligand1575-0
176,QOMGOO__ligand1530-0
177,QOMGOO__ligand9933-0
178,QOMGOO__ligand18158-0
179,QOMGOO__ligand3156-0
180,QOMGOO__ligand2915-0
181,QOMGOO__ligand14007-0
182,QOMGOO__ligand18019-1
183,QOMGOO__ligand6244-0
184,QOMGOO__ligand27550-0
185,QOMGOO__ligand1378-0
186,QOMGOO__ligand768-0
187,QOMGOO__ligand8992-0
188,QOMGOO__ligand29214-0
189,QOMGOO__ligand11544-0
190,QOMGOO__ligand9601-0
191,QOMGOO__ligand11501-0
192,QOMGOO__ligand21448-0
193,QOMGOO__ligand6124-0
194,QOMGOO__ligand3707-0
195,QOMGOO__ligand7967-0
196,QOMGOO__ligand1018-0
197,QOMGOO__ligand11758-0
198,QOMGOO__ligand4116-0
199,QOMGOO__ligand22357-0
200,QOMGOO__ligand5643-0
201,QOMGOO__ligand20731-0
202,QOMGOO__ligand1823-0
203,QOMGOO__ligand29334-0
204,QOMGOO__ligand12413-0
205,QOMGOO__ligand11798-0
206,QOMGOO__ligand1324-0
207,QOMGOO__ligand8721-0
208,QOMGOO__ligand9111-0
209,QOMGOO__ligand9952-0
210,QOMGOO__ligand14477-0
211,QOMGOO__ligand17069-0
212,QOMGOO__ligand67-0
213,QOMGOO__ligand384-0
214,QOMGOO__ligand17445-0
215,QOMGOO__ligand5036-0
216,QOMGOO__ligand2526-0
217,QOMGOO__ligand1615-0
218,QOMGOO__ligand6283-0
219,QOMGOO__ligand24230-0
220,QOMGOO__ligand11447-0
221,QOMGOO__ligand11096-0
222,QOMGOO__ligand696-0
223,QOMGOO__ligand28810-0
224,QOMGOO__ligand10828-0
225,QOMGOO__ligand19792-0
226,QOMGOO__ligand15926-0
227,QOMGOO__ligand11970-0
228,QOMGOO__ligand4738-0
229,QOMGOO__ligand5813-0
230,QOMGOO__ligand4813-0
231,QOMGOO__ligand15883-0
232,QOMGOO__ligand6062-0
233,QOMGOO__ligand22294-0
234,QOMGOO__ligand28930-0
235,QOMGOO__ligand22168-0
236,QOMGOO__ligand8-0
237,QOMGOO__ligand3215-0
238,QOMGOO__ligand21919-0
239,QOMGOO__ligand10056-0
240,QOMGOO__ligand12365-0
241,QOMGOO__ligand656-0
242,QOMGOO__ligand15531-0
243,QOMGOO__ligand28743-0
244,QOMGOO__ligand13862-0
245,QOMGOO__ligand11357-0
246,QOMGOO__ligand7107-0
247,QOMGOO__ligand1147-0
248,QOMGOO__ligand24035-0
249,QOMGOO__ligand18-0
250,QOMGOO__ligand11994-0
251,QOMGOO__ligand31842-0
252,QOMGOO__ligand31044-0
253,QOMGOO__ligand3973-0
254,QOMGOO__ligand7925-0
255,QOMGOO__ligand2068-0
256,QOMGOO__ligand16663-0
257,QOMGOO__ligand14614-0
258,QOMGOO__ligand162-0
259,QOMGOO__ligand7532-0
260,QOMGOO__ligand25913-0
261,QOMGOO__ligand16988-0
262,QOMGOO__ligand226-0
263,QOMGOO__ligand4194-0
264,QOMGOO__ligand30711-0
265,QOMGOO__ligand20207-0
266,QOMGOO__ligand4330-0
267,QOMGOO__ligand416-0
268,QOMGOO__ligand11682-0
269,QOMGOO__ligand2599-0
270,QOMGOO__ligand383-0
271,QOMGOO__ligand3012-0
272,QOMGOO__ligand1449-0
273,QOMGOO__ligand28459-0
274,QOMGOO__ligand7530-0
275,QOMGOO__ligand1065-0
276,QOMGOO__ligand18448-0
277,QOMGOO__ligand12453-0
278,QOMGOO__ligand9681-0
279,QOMGOO__ligand19184-0
280,QOMGOO__ligand4332-0
281,QOMGOO__ligand3934-0
282,QOMGOO__ligand13672-0
283,QOMGOO__ligand6882-0
284,QOMGOO__ligand6455-0
285,QOMGOO__ligand28685-0
286,QOMGOO__ligand18568-0
287,QOMGOO__ligand670-0
288,QOMGOO__ligand2403-0
289,QOMGOO__ligand10371-0
290,QOMGOO__ligand534-0
291,QOMGOO__ligand571-0
292,QOMGOO__ligand23197-0
293,QOMGOO__ligand9148-0
294,QOMGOO__ligand29029-0
295,QOMGOO__ligand1415-0
296,QOMGOO__ligand6946-0
297,QOMGOO__ligand27285-0
298,QOMGOO__ligand7529-0
299,QOMGOO__ligand1729-0
300,QOMGOO__ligand13477-0
301,QOMGOO__ligand14167-0
302,QOMGOO__ligand5627-0
303,QOMGOO__ligand694-0
304,QOMGOO__ligand27669-0
305,QOMGOO__ligand30142-0
306,QOMGOO__ligand2830-0
307,QOMGOO__ligand5316-0
308,QOMGOO__ligand358-0
309,QOMGOO__ligand430-0
310,QOMGOO__ligand5483-0
311,QOMGOO__ligand488-0
312,QOMGOO__ligand5935-0
313,QOMGOO__ligand27239-0
314,QOMGOO__ligand21729-0
315,QOMGOO__ligand2722-0
316,QOMGOO__ligand1379-0
317,QOMGOO__ligand361-0
318,QOMGOO__ligand324-0
319,QOMGOO__ligand19927-0
320,QOMGOO__ligand3157-0
321,QOMGOO__ligand409-0
322,QOMGOO__ligand14043-0
323,QOMGOO__ligand9525-0
324,QOMGOO__ligand26324-0
325,QOMGOO__ligand1165-0
326,QOMGOO__ligand28559-0
327,QOMGOO__ligand5056-0
328,QOMGOO__ligand4850-0
329,QOMGOO__ligand11618-0
330,QOMGOO__ligand42-0
331,QOMGOO__ligand5357-0
332,QOMGOO__ligand3647-0
333,QOMGOO__ligand1688-0
334,QOMGOO__ligand1469-0
335,QOMGOO__ligand3871-0
336,QOMGOO__ligand26529-0
337,QOMGOO__ligand1768-0
338,QOMGOO__ligand27754-0
339,QOMGOO__ligand20695-0
340,QOMGOO__ligand11111-0
341,QOMGOO__ligand66-0
342,QOMGOO__ligand28540-0
343,QOMGOO__ligand2527-0
344,QOMGOO__ligand16369-0
345,QOMGOO__ligand8349-0
346,QOMGOO__ligand22403-0
347,QOMGOO__ligand1709-0
348,QOMGOO__ligand8464-0
349,QOMGOO__ligand199-0
350,QOMGOO__ligand12003-0
351,QOMGOO__ligand3392-0
352,QOMGOO__ligand16148-0
353,QOMGOO__ligand26631-0
354,QOMGOO__ligand10872-0
355,QOMGOO__ligand21399-0
356,QOMGOO__ligand1771-0
357,QOMGOO__ligand588-0
358,QOMGOO__ligand4911-0
359,QOMGOO__ligand5849-0
360,QOMGOO__ligand29215-0
361,QOMGOO__ligand300-0
362,QOMGOO__ligand1773-0
363,QOMGOO__ligand24644-0
364,QOMGOO__ligand4581-0
365,QOMGOO__ligand10033-0
366,QOMGOO__ligand2328-0
367,QOMGOO__ligand633-0
368,QOMGOO__ligand7162-0
369,QOMGOO__ligand12001-0
370,QOMGOO__ligand3029-0
371,QOMGOO__ligand30728-0
372,QOMGOO__ligand27840-0
373,QOMGOO__ligand497-0
374,QOMGOO__ligand9197-0
375,QOMGOO__ligand24872-0
376,QOMGOO__ligand1900-0
377,QOMGOO__ligand3208-0
378,QOMGOO__ligand11587-0
379,QOMGOO__ligand13220-0
380,QOMGOO__ligand2208-0
381,QOMGOO__ligand15788-0
382,QOMGOO__ligand23175-0
383,QOMGOO__ligand17396-0
384,QOMGOO__ligand13385-0
385,QOMGOO__ligand8722-0
386,QOMGOO__ligand9809-0
387,QOMGOO__ligand14569-0
388,QOMGOO__ligand6672-0
389,QOMGOO__ligand1327-0
390,QOMGOO__ligand7573-0
391,QOMGOO__ligand2781-0
392,QOMGOO__ligand22444-0
393,QOMGOO__ligand24111-0
394,QOMGOO__ligand3350-0
395,QOMGOO__ligand436-0
396,QOMGOO__ligand1533-0
397,QOMGOO__ligand17427-0
398,QOMGOO__ligand7557-0
399,QOMGOO__ligand1496-0
400,QOMGOO__ligand31694-0
401,QOMGOO__ligand29486-0
402,QOMGOO__ligand692-0
403,QOMGOO__ligand25561-0
404,QOMGOO__ligand4131-0
405,QOMGOO__ligand1712-0
406,QOMGOO__ligand11949-0
407,QOMGOO__ligand38-0
408,QOMGOO__ligand24780-0
409,QOMGOO__ligand12138-0
410,QOMGOO__ligand5094-0
411,QOMGOO__ligand5892-0
412,QOMGOO__ligand22129-0
413,QOMGOO__ligand326-0
414,QOMGOO__ligand13390-0
415,QOMGOO__ligand2001-0
416,QOMGOO__ligand7566-0
417,QOMGOO__ligand868-0
418,QOMGOO__ligand34-0
419,QOMGOO__ligand20682-0
420,QOMGOO__ligand8593-0
421,QOMGOO__ligand9944-0
422,QOMGOO__ligand352-0
423,QOMGOO__ligand783-0
424,QOMGOO__ligand27482-0
425,QOMGOO__ligand26810-0
426,QOMGOO__ligand8553-0
427,QOMGOO__ligand13208-0
428,QOMGOO__ligand1113-0
429,QOMGOO__ligand5201-0
430,QOMGOO__ligand68-0
431,QOMGOO__ligand5415-0
432,QOMGOO__ligand31832-0
433,QOMGOO__ligand13294-0
434,QOMGOO__ligand197-0
435,QOMGOO__ligand12030-0
436,QOMGOO__ligand29879-0
437,QOMGOO__ligand14248-0
438,QOMGOO__ligand13331-0
439,QOMGOO__ligand28884-0
440,QOMGOO__ligand3471-0
441,QOMGOO__ligand4161-0
442,QOMGOO__ligand4124-0
443,QOMGOO__ligand6995-0
444,QOMGOO__ligand10712-0
445,QOMGOO__ligand14174-0
446,QOMGOO__ligand2823-0
447,QOMGOO__ligand11456-0
448,QOMGOO__ligand4340-0
449,QOMGOO__ligand25411-0
450,QOMGOO__ligand2650-0
451,QOMGOO__ligand2281-0
452,QOMGOO__ligand55-0
453,QOMGOO__ligand3180-0
454,QOMGOO__ligand685-0
455,QOMGOO__ligand2027-0
456,QOMGOO__ligand20251-1
457,QOMGOO__ligand1015-0
458,QOMGOO__ligand1050-0
459,QOMGOO__ligand57-0
460,QOMGOO__ligand14703-0
461,QOMGOO__ligand16475-0
462,QOMGOO__ligand421-0
463,QOMGOO__ligand17398-0
464,QOMGOO__ligand1618-0
465,QOMGOO__ligand11675-0
466,QOMGOO__ligand20598-0
467,QOMGOO__ligand10589-0
468,QOMGOO__ligand2692-0
469,QOMGOO__ligand22557-0
470,QOMGOO__ligand24047-0
471,QOMGOO__ligand20011-0
472,QOMGOO__ligand17278-0
473,QOMGOO__ligand294-0
474,QOMGOO__ligand29414-0
475,QOMGOO__ligand1028-0
476,QOMGOO__ligand17982-0
477,QOMGOO__ligand4262-0
478,QOMGOO__ligand1154-0
479,QOMGOO__ligand29568-0
480,QOMGOO__ligand30851-0
481,QOMGOO__ligand14889-0
482,QOMGOO__ligand9615-0
483,QOMGOO__ligand560-0
484,QOMGOO__ligand20419-0
485,QOMGOO__ligand17118-0
486,QOMGOO__ligand21371-0
487,QOMGOO__ligand1498-0
488,QOMGOO__ligand28789-0
489,QOMGOO__ligand4596-0
490,QOMGOO__ligand17261-0
491,QOMGOO__ligand14117-0
492,QOMGOO__ligand134-0
493,QOMGOO__ligand235-0
494,QOMGOO__ligand20539-0
495,QOMGOO__ligand20251-0
496,QOMGOO__ligand30702-0
497,QOMGOO__ligand20214-0
498,QOMGOO__ligand1169-0
499,QOMGOO__ligand21581-0
500,QOMGOO__ligand31097-0
501,QOMGOO__ligand8529-0
502,QOMGOO__ligand14297-0
503,QOMGOO__ligand620-0
504,QOMGOO__ligand14603-0
505,QOMGOO__ligand17258-0
506,QOMGOO__ligand3453-0
507,QOMGOO__ligand3416-0
508,QOMGOO__ligand370-1
509,QOMGOO__ligand564-0
510,QOMGOO__ligand13012-0
511,QOMGOO__ligand17631-0
512,QOMGOO__ligand26665-0
513,QOMGOO__ligand4207-0
514,QOMGOO__ligand479-0
515,QOMGOO__ligand1539-0
516,QOMGOO__ligand311-0
517,QOMGOO__ligand785-0
518,QOMGOO__ligand1150-0
519,QOMGOO__ligand31783-0
520,QOMGOO__ligand7438-0
521,QOMGOO__ligand8200-0
522,QOMGOO__ligand14723-0
523,QOMGOO__ligand32-0
524,QOMGOO__ligand4063-0
525,QOMGOO__ligand27893-0
526,QOMGOO__ligand15422-0
527,QOMGOO__ligand20578-0
528,QOMGOO__ligand12934-0
529,QOMGOO__ligand19641-0
530,QOMGOO__ligand3042-0
531,QOMGOO__ligand188-0
532,QOMGOO__ligand23713-0
533,QOMGOO__ligand18832-0
534,QOMGOO__ligand27175-0
535,QOMGOO__ligand30988-0
536,QOMGOO__ligand7075-0
537,QOMGOO__ligand3980-0
538,QOMGOO__ligand3557-0
539,QOMGOO__ligand27460-0
540,QOMGOO__ligand16-0
541,QOMGOO__ligand1149-0
542,QOMGOO__ligand12427-0
543,QOMGOO__ligand1779-0
544,QOMGOO__ligand6993-0
545,QOMGOO__ligand1817-0
546,QOMGOO__ligand28468-0
547,QOMGOO__ligand20740-0
548,QOMGOO__ligand250-0
549,QOMGOO__ligand9750-0
550,QOMGOO__ligand16628-0
551,QOMGOO__ligand30296-0
552,QOMGOO__ligand1400-0
553,QOMGOO__ligand4266-0
554,QOMGOO__ligand9491-0
555,QOMGOO__ligand17281-0
556,QOMGOO__ligand4167-0
557,QOMGOO__ligand26540-0
558,QOMGOO__ligand29410-0
559,QOMGOO__ligand12337-0
560,QOMGOO__ligand1288-0
561,QOMGOO__ligand30333-0
562,QOMGOO__ligand370-0
563,QOMGOO__ligand12606-0
564,QOMGOO__ligand1828-0
565,QOMGOO__ligand7213-0
566,QOMGOO__ligand14108-0
567,QOMGOO__ligand1397-0
568,QOMGOO__ligand193-0
569,QOMGOO__ligand8042-0
570,QOMGOO__ligand6112-0
571,QOMGOO__ligand5085-0
572,QOMGOO__ligand3144-0
573,QOMGOO__ligand91-0
574,QOMGOO__ligand372-0
575,QOMGOO__ligand12641-0
576,QOMGOO__ligand10958-0
577,QOMGOO__ligand5755-0
578,QOMGOO__ligand4710-0
579,QOMGOO__ligand830-0
580,QOMGOO__ligand51-0
581,QOMGOO__ligand1908-0
582,QOMGOO__ligand10262-0
583,QOMGOO__ligand28676-0
584,QOMGOO__ligand4795-0
585,QOMGOO__ligand3285-0
586,QOMGOO__ligand27763-0
587,QOMGOO__ligand19057-0
588,QOMGOO__ligand1786-0
589,QOMGOO__ligand18814-0
590,QOMGOO__ligand252-0
591,QOMGOO__ligand5630-0
592,QOMGOO__ligand29302-0
593,QOMGOO__ligand116-0
594,QOMGOO__ligand13425-0
595,QOMGOO__ligand13658-0
596,QOMGOO__ligand4-0
597,QOMGOO__ligand26702-0
598,QOMGOO__ligand12289-0
599,QOMGOO__ligand18292-0
600,QOMGOO__ligand17387-0
601,QOMGOO__ligand12130-0
602,QOMGOO__ligand12231-0
603,QOMGOO__ligand15585-0
604,QOMGOO__ligand12401-0
605,QOMGOO__ligand177-0
606,QOMGOO__ligand24145-0
607,QOMGOO__ligand1831-0
608,QOMGOO__ligand5280-0
609,QOMGOO__ligand5614-0
610,QOMGOO__ligand10476-0
611,QOMGOO__ligand19830-0
612,QOMGOO__ligand6663-0
613,QOMGOO__ligand13068-0
614,QOMGOO__ligand5515-0
615,QOMGOO__ligand24185-0
616,QOMGOO__ligand23769-0
617,QOMGOO__ligand909-0
618,QOMGOO__ligand1849-0
619,QOMGOO__ligand25178-0
620,QOMGOO__ligand17302-0
621,QOMGOO__ligand5019-0
622,QOMGOO__ligand1152-0
623,QOMGOO__ligand3261-0
624,QOMGOO__ligand48-0
625,QOMGOO__ligand17805-0
626,QOMGOO__ligand1216-0
627,QOMGOO__ligand314-1
628,QOMGOO__ligand9344-0
629,QOMGOO__ligand18391-0
630,QOMGOO__ligand3736-0
631,QOMGOO__ligand14523-0
632,QOMGOO__ligand8000-0
633,QOMGOO__ligand27169-0
634,QOMGOO__ligand27074-0
635,QOMGOO__ligand3945-0
636,QOMGOO__ligand20599-0
637,QOMGOO__ligand2693-0
638,QOMGOO__ligand5383-0
639,QOMGOO__ligand25805-0
640,QOMGOO__ligand22981-0
641,QOMGOO__ligand21936-0
642,QOMGOO__ligand4007-0
643,QOMGOO__ligand2985-0
644,QOMGOO__ligand13257-0
645,QOMGOO__ligand23904-0
646,QOMGOO__ligand9299-0
647,QOMGOO__ligand465-0
648,QOMGOO__ligand10084-0
649,QOMGOO__ligand7291-0
650,QOMGOO__ligand25267-0
651,QOMGOO__ligand12467-0
652,QOMGOO__ligand3677-1
653,QOMGOO__ligand9883-0
654,QOMGOO__ligand29610-0
655,QOMGOO__ligand3-0
656,QOMGOO__ligand3677-0
657,QOMGOO__ligand3632-0
658,QOMGOO__ligand391-0
659,QOMGOO__ligand1168-0
660,QOMGOO__ligand11140-0
661,QOMGOO__ligand1294-0
662,QOMGOO__ligand618-0
663,QOMGOO__ligand6699-0
664,QOMGOO__ligand13869-0
665,QOMGOO__ligand18074-0
666,QOMGOO__ligand29863-0
667,QOMGOO__ligand3712-0
668,QOMGOO__ligand1464-0
669,QOMGOO__ligand1499-0
670,QOMGOO__ligand18799-0
671,QOMGOO__ligand2881-0
672,QOMGOO__ligand18465-0
673,QOMGOO__ligand6892-0
674,QOMGOO__ligand813-0
675,QOMGOO__ligand16791-0
676,QOMGOO__ligand28668-0
677,QOMGOO__ligand1211-0
678,QOMGOO__ligand780-0
679,QOMGOO__ligand314-0
680,QOMGOO__ligand5595-0
681,QOMGOO__ligand25650-0
682,QOMGOO__ligand4101-0
683,QOMGOO__ligand31248-0
684,QOMGOO__ligand353-0
685,QOMGOO__ligand4358-0
686,QOMGOO__ligand12660-0
687,QOMGOO__ligand3926-0
688,QOMGOO__ligand3120-0
689,QOMGOO__ligand2221-0
690,QOMGOO__ligand13209-0
691,QOMGOO__ligand19257-0
692,QOMGOO__ligand1296-0
693,QOMGOO__ligand12519-0
694,QOMGOO__ligand25735-0
695,QOMGOO__ligand2259-0
696,QOMGOO__ligand393-0
697,QOMGOO__ligand1-0
698,QOMGOO__ligand1197-0
699,QOMGOO__ligand23124-0
700,QOMGOO__ligand8592-0
701,QOMGOO__ligand5099-0
702,QOMGOO__ligand11206-0
703,QOMGOO__ligand9773-0
704,QOMGOO__ligand1376-0
705,QOMGOO__ligand5510-0
706,QOMGOO__ligand9167-0
707,QOMGOO__ligand422-0
708,QOMGOO__ligand23906-0
709,QOMGOO__ligand5304-0
710,QOMGOO__ligand2238-0
711,QOMGOO__ligand11-0
712,QOMGOO__ligand11166-0
713,QOMGOO__ligand21132-0
714,QOMGOO__ligand30539-0
715,QOMGOO__ligand3867-0
716,QOMGOO__ligand1317-0
717,QOMGOO__ligand7293-0
718,QOMGOO__ligand2822-0
719,QOMGOO__ligand686-0
720,QOMGOO__ligand196-0
721,QOMGOO__ligand8002-0
722,QOMGOO__ligand25689-0
723,QOMGOO__ligand5509-0
724,QOMGOO__ligand25575-0
725,QOMGOO__ligand21787-0
726,QOMGOO__ligand6117-0
727,QOMGOO__ligand1407-0
728,QOMGOO__ligand69-0
729,QOMGOO__ligand5080-0
730,QOMGOO__ligand27835-0
731,QOMGOO__ligand7762-0
732,QOMGOO__ligand12295-0
733,QOMGOO__ligand1787-0
734,QOMGOO__ligand1356-0
735,QOMGOO__ligand5530-0
736,QOMGOO__ligand25224-0
737,QOMGOO__ligand18013-0
738,QOMGOO__ligand17945-0
739,QOMGOO__ligand9753-0
740,QOMGOO__ligand7196-0
741,QOMGOO__ligand5159-0
742,QOMGOO__ligand17207-0
743,QOMGOO__ligand152-0
744,QOMGOO__ligand31578-0
745,QOMGOO__ligand24750-0
746,QOMGOO__ligand4807-0
747,QOMGOO__ligand3178-0
748,QOMGOO__ligand2906-0
749,QOMGOO__ligand15438-0
750,QOMGOO__ligand28924-0
751,QOMGOO__ligand3244-0
752,QOMGOO__ligand4711-0
753,QOMGOO__ligand4649-0
754,QOMGOO__ligand29087-0
755,QOMGOO__ligand5649-0
756,QOMGOO__ligand2788-0
757,QOMGOO__ligand8793-0
758,QOMGOO__ligand506-0
759,QOMGOO__ligand18703-0
760,QOMGOO__ligand487-0
761,QOMGOO__ligand2260-0
762,QOMGOO__ligand7092-0
763,QOMGOO__ligand1116-0
764,QOMGOO__ligand24064-0
765,QOMGOO__ligand49-0
766,QOMGOO__ligand1153-0
767,QOMGOO__ligand3225-0
768,QOMGOO__ligand23589-0
769,QOMGOO__ligand8612-0
770,QOMGOO__ligand2124-0
771,QOMGOO__ligand7172-0
772,QOMGOO__ligand15168-0
773,QOMGOO__ligand7273-0
774,QOMGOO__ligand9323-0
775,QOMGOO__ligand176-0
776,QOMGOO__ligand26277-0
777,QOMGOO__ligand29898-0
778,QOMGOO__ligand10432-0
779,QOMGOO__ligand31618-0
780,QOMGOO__ligand11432-0
781,QOMGOO__ligand22755-0
782,QOMGOO__ligand5180-0
783,QOMGOO__ligand89-0
784,QOMGOO__ligand6017-0
785,QOMGOO__ligand447-0
786,QOMGOO__ligand7316-0
787,QOMGOO__ligand5708-0
788,QOMGOO__ligand746-0
789,QOMGOO__ligand21421-0
790,QOMGOO__ligand2043-0
791,QOMGOO__ligand1832-0
792,QOMGOO__ligand8788-0
793,QOMGOO__ligand11774-0
794,QOMGOO__ligand14586-0
795,QOMGOO__ligand395-0
796,QOMGOO__ligand1604-0
797,QOMGOO__ligand20579-0
798,QOMGOO__ligand17710-0
799,QOMGOO__ligand1228-0
800,QOMGOO__ligand9943-0
801,QOMGOO__ligand11568-0
802,QOMGOO__ligand368-0
803,QOMGOO__ligand6391-0
804,QOMGOO__ligand31483-0
805,QOMGOO__ligand3126-0
806,QOMGOO__ligand9284-0
807,QOMGOO__ligand784-0
808,QOMGOO__ligand10555-0
809,QOMGOO__ligand1114-0
810,QOMGOO__ligand2417-0
811,QOMGOO__ligand24613-0
812,QOMGOO__ligand19725-0
813,QOMGOO__ligand1289-0
814,QOMGOO__ligand833-0
815,QOMGOO__ligand5387-0
816,QOMGOO__ligand2203-0
817,QOMGOO__ligand13072-0
818,QOMGOO__ligand12336-0
819,QOMGOO__ligand17240-0
820,QOMGOO__ligand115-0
821,QOMGOO__ligand9450-0
822,QOMGOO__ligand17590-0
823,QOMGOO__ligand2612-0
824,QOMGOO__ligand12682-0
825,QOMGOO__ligand18699-0
826,QOMGOO__ligand1599-0
827,QOMGOO__ligand17-0
