,TMC
0,NEVLOR__ligand2863-0
1,NEVLOR__ligand6502-0
2,NEVLOR__ligand170-0
3,NEVLOR__ligand2098-0
4,NEVLOR__ligand62-0
5,NEVLOR__ligand391-0
6,NEVLOR__ligand6332-0
7,NEVLOR__ligand3178-0
8,NEVLOR__ligand314-0
9,NEVLOR__ligand3145-0
10,NEVLOR__ligand481-0
11,NEVLOR__ligand6686-0
12,NEVLOR__ligand1747-0
13,NEVLOR__ligand5548-0
14,NEVLOR__ligand7915-0
15,NEVLOR__ligand86-0
16,NEVLOR__ligand2751-0
17,NEVLOR__ligand15630-0
18,NEVLOR__ligand3041-0
19,NEVLOR__ligand10357-0
20,NEVLOR__ligand210-0
21,NEVLOR__ligand2634-0
22,NEVLOR__ligand1542-0
23,NEVLOR__ligand113-0
24,NEVLOR__ligand9244-0
25,NEVLOR__ligand1228-0
26,NEVLOR__ligand422-0
27,NEVLOR__ligand1538-0
28,NEVLOR__ligand1114-0
29,NEVLOR__ligand196-0
30,NEVLOR__ligand502-0
31,NEVLOR__ligand18-0
32,NEVLOR__ligand3246-0
33,NEVLOR__ligand353-0
34,NEVLOR__ligand1479-0
35,NEVLOR__ligand236-0
36,NEVLOR__ligand1148-0
37,NEVLOR__ligand666-0
38,NEVLOR__ligand522-0
39,NEVLOR__ligand1171-0
40,NEVLOR__ligand487-0
41,NEVLOR__ligand5801-0
42,NEVLOR__ligand21-0
43,NEVLOR__ligand447-0
44,NEVLOR__ligand1438-0
45,NEVLOR__ligand3063-0
46,NEVLOR__ligand133-0
47,NEVLOR__ligand1544-0
48,NEVLOR__ligand40-0
49,NEVLOR__ligand682-0
50,NEVLOR__ligand1459-0
51,NEVLOR__ligand3757-0
52,NEVLOR__ligand1048-0
53,NEVLOR__ligand2087-0
54,NEVLOR__ligand38-0
55,NEVLOR__ligand1685-0
56,NEVLOR__ligand291-0
57,NEVLOR__ligand6277-0
58,NEVLOR__ligand1687-0
59,NEVLOR__ligand1951-0
60,NEVLOR__ligand2688-0
61,NEVLOR__ligand2259-0
62,NEVLOR__ligand2768-0
63,NEVLOR__ligand1376-0
64,NEVLOR__ligand115-0
65,NEVLOR__ligand66-0
66,NEVLOR__ligand3734-0
67,NEVLOR__ligand1706-0
68,NEVLOR__ligand485-0
69,NEVLOR__ligand4381-0
70,NEVLOR__ligand355-0
71,NEVLOR__ligand784-0
72,NEVLOR__ligand2629-0
73,NEVLOR__ligand296-0
74,NEVLOR__ligand197-0
75,NEVLOR__ligand85-0
76,NEVLOR__ligand78-0
77,NEVLOR__ligand45-0
78,NEVLOR__ligand3637-0
79,NEVLOR__ligand10479-0
80,NEVLOR__ligand8774-0
81,NEVLOR__ligand112-0
82,NEVLOR__ligand442-0
83,NEVLOR__ligand4303-0
84,NEVLOR__ligand1248-0
85,NEVLOR__ligand868-0
86,NEVLOR__ligand1598-0
87,NEVLOR__ligand1054-0
88,NEVLOR__ligand136-0
89,NEVLOR__ligand6294-0
90,NEVLOR__ligand10114-0
91,NEVLOR__ligand7464-0
92,NEVLOR__ligand352-0
93,NEVLOR__ligand783-0
94,NEVLOR__ligand109-0
95,NEVLOR__ligand1703-0
96,NEVLOR__ligand2430-0
97,NEVLOR__ligand525-0
98,NEVLOR__ligand560-0
99,NEVLOR__ligand2907-0
100,NEVLOR__ligand10910-0
101,NEVLOR__ligand2510-0
102,NEVLOR__ligand390-0
103,NEVLOR__ligand8921-0
104,NEVLOR__ligand2285-0
105,NEVLOR__ligand1567-0
106,NEVLOR__ligand2862-0
107,NEVLOR__ligand235-0
108,NEVLOR__ligand2320-0
109,NEVLOR__ligand1056-0
110,NEVLOR__ligand134-0
111,NEVLOR__ligand932-0
112,NEVLOR__ligand421-0
113,NEVLOR__ligand798-0
114,NEVLOR__ligand1607-0
115,NEVLOR__ligand584-0
116,NEVLOR__ligand916-0
117,NEVLOR__ligand14530-0
118,NEVLOR__ligand993-0
119,NEVLOR__ligand294-0
120,NEVLOR__ligand1727-0
121,NEVLOR__ligand1152-0
122,NEVLOR__ligand331-0
123,NEVLOR__ligand4983-0
124,NEVLOR__ligand250-0
125,NEVLOR__ligand2345-0
126,NEVLOR__ligand2794-0
127,NEVLOR__ligand1835-0
128,NEVLOR__ligand460-0
129,NEVLOR__ligand1502-0
130,NEVLOR__ligand370-0
131,NEVLOR__ligand6396-0
132,NEVLOR__ligand1113-0
133,NEVLOR__ligand2265-0
134,NEVLOR__ligand9027-0
135,NEVLOR__ligand1273-0
136,NEVLOR__ligand311-0
137,NEVLOR__ligand1052-0
138,NEVLOR__ligand188-0
139,NEVLOR__ligand369-0
140,NEVLOR__ligand444-0
141,NEVLOR__ligand67-0
142,NEVLOR__ligand2864-0
143,NEVLOR__ligand934-0
144,NEVLOR__ligand177-0
145,NEVLOR__ligand2142-0
146,NEVLOR__ligand851-0
147,NEVLOR__ligand6538-0
148,NEVLOR__ligand909-0
149,NEVLOR__ligand6151-0
150,NEVLOR__ligand2772-0
151,NEVLOR__ligand9495-0
152,NEVLOR__ligand830-0
153,NEVLOR__ligand8-0
154,NEVLOR__ligand2838-0
155,NEVLOR__ligand3838-0
156,NEVLOR__ligand1799-0
157,NEVLOR__ligand193-0
158,NEVLOR__ligand5941-0
159,NEVLOR__ligand2880-0
160,NEVLOR__ligand955-0
161,NEVLOR__ligand252-0
162,NEVLOR__ligand1169-0
163,NEVLOR__ligand5022-0
164,NEVLOR__ligand1379-0
165,NEVLOR__ligand1264-0
166,NEVLOR__ligand1221-0
167,NEVLOR__ligand1299-0
168,NEVLOR__ligand6430-0
169,NEVLOR__ligand383-0
170,NEVLOR__ligand4-0
171,NEVLOR__ligand2929-0
172,NEVLOR__ligand226-0
173,NEVLOR__ligand162-0
174,NEVLOR__ligand2376-0
175,NEVLOR__ligand11-0
176,NEVLOR__ligand6571-0
177,NEVLOR__ligand1325-0
178,NEVLOR__ligand2482-0
179,NEVLOR__ligand1019-0
180,NEVLOR__ligand2442-0
181,NEVLOR__ligand5762-0
182,NEVLOR__ligand7414-0
183,NEVLOR__ligand1104-0
184,NEVLOR__ligand1858-0
185,NEVLOR__ligand278-0
186,NEVLOR__ligand8032-0
187,NEVLOR__ligand365-0
188,NEVLOR__ligand430-0
189,NEVLOR__ligand5334-0
190,NEVLOR__ligand358-0
191,NEVLOR__ligand1898-0
192,NEVLOR__ligand3051-0
193,NEVLOR__ligand4504-0
194,NEVLOR__ligand2480-0
195,NEVLOR__ligand669-0
196,NEVLOR__ligand2315-0
197,NEVLOR__ligand1919-0
198,NEVLOR__ligand6-0
199,NEVLOR__ligand2389-0
200,NEVLOR__ligand509-0
201,NEVLOR__ligand571-0
202,NEVLOR__ligand118-0
203,NEVLOR__ligand1712-0
204,NEVLOR__ligand670-0
205,NEVLOR__ligand3579-0
206,NEVLOR__ligand2110-0
207,NEVLOR__ligand2916-0
208,NEVLOR__ligand1307-0
209,NEVLOR__ligand199-0
210,NEVLOR__ligand927-0
211,NEVLOR__ligand575-0
212,NEVLOR__ligand409-0
213,NEVLOR__ligand324-0
214,NEVLOR__ligand1246-0
215,NEVLOR__ligand92-0
216,NEVLOR__ligand361-0
217,NEVLOR__ligand6166-0
218,NEVLOR__ligand140-0
219,NEVLOR__ligand105-0
220,NEVLOR__ligand3853-0
221,NEVLOR__ligand2853-0
222,NEVLOR__ligand2599-0
223,NEVLOR__ligand5089-0
224,NEVLOR__ligand17-0
225,NEVLOR__ligand1321-0
226,NEVLOR__ligand206-0
227,NEVLOR__ligand142-0
228,NEVLOR__ligand1178-0
229,NEVLOR__ligand3566-0
230,NEVLOR__ligand436-0
231,NEVLOR__ligand326-0
232,NEVLOR__ligand821-0
233,NEVLOR__ligand283-0
234,NEVLOR__ligand1788-0
235,NEVLOR__ligand553-0
236,NEVLOR__ligand49-0
237,NEVLOR__ligand497-0
238,NEVLOR__ligand9620-0
239,NEVLOR__ligand1260-0
240,NEVLOR__ligand4894-0
241,NEVLOR__ligand532-0
242,NEVLOR__ligand633-0
243,NEVLOR__ligand918-0
244,NEVLOR__ligand166-0
245,NEVLOR__ligand3337-0
246,NEVLOR__ligand7514-0
247,NEVLOR__ligand89-0
248,NEVLOR__ligand1449-1
249,NEVLOR__ligand4811-0
250,NEVLOR__ligand838-0
251,NEVLOR__ligand201-0
252,NEVLOR__ligand244-0
253,NEVLOR__ligand100-0
254,NEVLOR__ligand57-0
255,NEVLOR__ligand4370-0
256,NEVLOR__ligand3618-0
257,NEVLOR__ligand2618-0
258,NEVLOR__ligand321-0
259,NEVLOR__ligand178-0
260,NEVLOR__ligand1436-0
261,NEVLOR__ligand279-0
262,NEVLOR__ligand2255-0
263,NEVLOR__ligand119-0
264,NEVLOR__ligand4175-0
265,NEVLOR__ligand124-0
266,NEVLOR__ligand1918-0
267,NEVLOR__ligand73-0
268,NEVLOR__ligand126-0
269,NEVLOR__ligand3196-0
270,NEVLOR__ligand34-0
271,NEVLOR__ligand4012-0
272,NEVLOR__ligand2915-0
273,NEVLOR__ligand861-0
274,NEVLOR__ligand366-0
275,NEVLOR__ligand95-0
276,NEVLOR__ligand1690-0
277,NEVLOR__ligand2707-0
278,NEVLOR__ligand187-0
279,NEVLOR__ligand612-0
280,NEVLOR__ligand596-0
281,NEVLOR__ligand1551-0
282,NEVLOR__ligand55-0
283,NEVLOR__ligand2526-0
284,NEVLOR__ligand3890-0
285,NEVLOR__ligand91-0
286,NEVLOR__ligand4423-0
287,NEVLOR__ligand1907-0
288,NEVLOR__ligand29-0
289,NEVLOR__ligand1285-0
290,NEVLOR__ligand51-0
291,NEVLOR__ligand1555-0
292,NEVLOR__ligand7630-0
293,NEVLOR__ligand757-0
294,NEVLOR__ligand1-0
295,NEVLOR__ligand7550-0
296,NEVLOR__ligand2762-0
297,NEVLOR__ligand11730-0
298,NEVLOR__ligand1038-0
299,NEVLOR__ligand48-0
300,NEVLOR__ligand2253-0
301,NEVLOR__ligand1160-0
302,NEVLOR__ligand5093-0
303,NEVLOR__ligand2954-0
304,NEVLOR__ligand797-0
305,NEVLOR__ligand4619-0
306,NEVLOR__ligand5235-0
307,NEVLOR__ligand6143-0
308,NEVLOR__ligand3251-0
309,NEVLOR__ligand384-0
310,NEVLOR__ligand32-0
311,NEVLOR__ligand3-0
312,NEVLOR__ligand9176-0
313,NEVLOR__ligand3035-0
314,NEVLOR__ligand3070-0
315,NEVLOR__ligand2718-0
316,NEVLOR__ligand1493-0
317,NEVLOR__ligand120-0
318,NEVLOR__ligand5758-0
319,NEVLOR__ligand3478-0
320,NEVLOR__ligand141-0
321,NEVLOR__ligand3852-0
322,NEVLOR__ligand240-0
323,NEVLOR__ligand1818-0
324,NEVLOR__ligand7456-0
