,TMC
0,YOCNOU__ligand955-0
1,YOCNOU__ligand252-0
2,YOCNOU__ligand1325-0
3,YOCNOU__ligand2482-0
4,YOCNOU__ligand6571-0
5,YOCNOU__ligand1019-0
6,YOCNOU__ligand830-0
7,YOCNOU__ligand2442-0
8,YOCNOU__ligand193-0
9,YOCNOU__ligand5762-0
10,YOCNOU__ligand7414-0
11,YOCNOU__ligand1104-0
12,YOCNOU__ligand6-0
13,YOCNOU__ligand66-0
14,YOCNOU__ligand1379-0
15,YOCNOU__ligand851-0
16,YOCNOU__ligand1299-0
17,YOCNOU__ligand909-0
18,YOCNOU__ligand6430-0
19,YOCNOU__ligand1221-0
20,YOCNOU__ligand1264-0
21,YOCNOU__ligand2929-0
22,YOCNOU__ligand177-0
23,YOCNOU__ligand934-0
24,YOCNOU__ligand2376-0
25,YOCNOU__ligand1919-0
26,YOCNOU__ligand188-0
27,YOCNOU__ligand369-0
28,YOCNOU__ligand2389-0
29,YOCNOU__ligand444-0
30,YOCNOU__ligand1712-0
31,YOCNOU__ligand21-0
32,YOCNOU__ligand311-0
33,YOCNOU__ligand2916-0
34,YOCNOU__ligand2110-0
35,YOCNOU__ligand3579-0
36,YOCNOU__ligand40-0
37,YOCNOU__ligand8032-0
38,YOCNOU__ligand370-0
39,YOCNOU__ligand1858-0
40,YOCNOU__ligand4-0
41,YOCNOU__ligand5334-0
42,YOCNOU__ligand250-0
43,YOCNOU__ligand2315-0
44,YOCNOU__ligand460-0
45,YOCNOU__ligand1898-0
46,YOCNOU__ligand38-0
47,YOCNOU__ligand4504-0
48,YOCNOU__ligand3051-0
49,YOCNOU__ligand2480-0
50,YOCNOU__ligand993-0
51,YOCNOU__ligand1246-0
52,YOCNOU__ligand294-0
53,YOCNOU__ligand6166-0
54,YOCNOU__ligand331-0
55,YOCNOU__ligand421-0
56,YOCNOU__ligand3853-0
57,YOCNOU__ligand2853-0
58,YOCNOU__ligand798-0
59,YOCNOU__ligand916-0
60,YOCNOU__ligand584-0
61,YOCNOU__ligand2599-0
62,YOCNOU__ligand5089-0
63,YOCNOU__ligand390-0
64,YOCNOU__ligand18-0
65,YOCNOU__ligand1307-0
66,YOCNOU__ligand235-0
67,YOCNOU__ligand932-0
68,YOCNOU__ligand134-0
69,YOCNOU__ligand109-0
70,YOCNOU__ligand560-0
71,YOCNOU__ligand525-0
72,YOCNOU__ligand9620-0
73,YOCNOU__ligand4894-0
74,YOCNOU__ligand1260-0
75,YOCNOU__ligand62-0
76,YOCNOU__ligand783-0
77,YOCNOU__ligand352-0
78,YOCNOU__ligand442-0
79,YOCNOU__ligand3337-0
80,YOCNOU__ligand7514-0
81,YOCNOU__ligand868-0
82,YOCNOU__ligand4811-0
83,YOCNOU__ligand1449-1
84,YOCNOU__ligand136-0
85,YOCNOU__ligand86-0
86,YOCNOU__ligand1321-0
87,YOCNOU__ligand112-0
88,YOCNOU__ligand1178-0
89,YOCNOU__ligand3566-0
90,YOCNOU__ligand296-0
91,YOCNOU__ligand197-0
92,YOCNOU__ligand1788-0
93,YOCNOU__ligand2255-0
94,YOCNOU__ligand485-0
95,YOCNOU__ligand4175-0
96,YOCNOU__ligand784-0
97,YOCNOU__ligand355-0
98,YOCNOU__ligand1918-0
99,YOCNOU__ligand4370-0
100,YOCNOU__ligand115-0
101,YOCNOU__ligand291-0
102,YOCNOU__ligand3618-0
103,YOCNOU__ligand2618-0
104,YOCNOU__ligand1436-0
105,YOCNOU__ligand1690-0
106,YOCNOU__ligand2707-0
107,YOCNOU__ligand2526-0
108,YOCNOU__ligand682-0
109,YOCNOU__ligand1551-0
110,YOCNOU__ligand447-0
111,YOCNOU__ligand4012-0
112,YOCNOU__ligand3196-0
113,YOCNOU__ligand133-0
114,YOCNOU__ligand666-0
115,YOCNOU__ligand522-0
116,YOCNOU__ligand2915-0
117,YOCNOU__ligand67-0
118,YOCNOU__ligand487-0
119,YOCNOU__ligand236-0
120,YOCNOU__ligand7550-0
121,YOCNOU__ligand1038-0
122,YOCNOU__ligand2762-0
123,YOCNOU__ligand353-0
124,YOCNOU__ligand2954-0
125,YOCNOU__ligand5093-0
126,YOCNOU__ligand2253-0
127,YOCNOU__ligand1160-0
128,YOCNOU__ligand3890-0
129,YOCNOU__ligand1907-0
130,YOCNOU__ligand3-0
131,YOCNOU__ligand4423-0
132,YOCNOU__ligand502-0
133,YOCNOU__ligand196-0
134,YOCNOU__ligand1555-0
135,YOCNOU__ligand113-0
136,YOCNOU__ligand1285-0
137,YOCNOU__ligand7630-0
138,YOCNOU__ligand422-0
139,YOCNOU__ligand5758-0
140,YOCNOU__ligand210-0
141,YOCNOU__ligand78-0
142,YOCNOU__ligand3852-0
143,YOCNOU__ligand85-0
144,YOCNOU__ligand3478-0
145,YOCNOU__ligand1818-0
146,YOCNOU__ligand45-0
147,YOCNOU__ligand11730-0
148,YOCNOU__ligand1-0
149,YOCNOU__ligand7456-0
150,YOCNOU__ligand314-0
151,YOCNOU__ligand5235-0
152,YOCNOU__ligand6143-0
153,YOCNOU__ligand4619-0
154,YOCNOU__ligand481-0
155,YOCNOU__ligand3251-0
156,YOCNOU__ligand9176-0
157,YOCNOU__ligand170-0
158,YOCNOU__ligand1493-0
159,YOCNOU__ligand391-0
160,YOCNOU__ligand3070-0
161,YOCNOU__ligand3035-0
162,YOCNOU__ligand2718-0
163,YOCNOU__ligand2751-0
164,YOCNOU__ligand3041-0
165,YOCNOU__ligand141-0
166,YOCNOU__ligand2634-0
167,YOCNOU__ligand1542-0
168,YOCNOU__ligand240-0
169,YOCNOU__ligand6502-0
170,YOCNOU__ligand2098-0
171,YOCNOU__ligand384-0
172,YOCNOU__ligand2863-0
173,YOCNOU__ligand49-0
174,YOCNOU__ligand3178-0
175,YOCNOU__ligand120-0
176,YOCNOU__ligand6332-0
177,YOCNOU__ligand3145-0
178,YOCNOU__ligand5548-0
179,YOCNOU__ligand7915-0
180,YOCNOU__ligand1747-0
181,YOCNOU__ligand6686-0
182,YOCNOU__ligand89-0
183,YOCNOU__ligand3246-0
184,YOCNOU__ligand797-0
185,YOCNOU__ligand1479-0
186,YOCNOU__ligand757-0
187,YOCNOU__ligand1148-0
188,YOCNOU__ligand10357-0
189,YOCNOU__ligand15630-0
190,YOCNOU__ligand92-0
191,YOCNOU__ligand1228-0
192,YOCNOU__ligand9244-0
193,YOCNOU__ligand1114-0
194,YOCNOU__ligand1538-0
195,YOCNOU__ligand17-0
196,YOCNOU__ligand596-0
197,YOCNOU__ligand1544-0
198,YOCNOU__ligand1459-0
199,YOCNOU__ligand861-0
200,YOCNOU__ligand1048-0
201,YOCNOU__ligand2087-0
202,YOCNOU__ligand366-0
203,YOCNOU__ligand3757-0
204,YOCNOU__ligand1685-0
205,YOCNOU__ligand187-0
206,YOCNOU__ligand612-0
207,YOCNOU__ligand1171-0
208,YOCNOU__ligand5801-0
209,YOCNOU__ligand126-0
210,YOCNOU__ligand1438-0
211,YOCNOU__ligand3063-0
212,YOCNOU__ligand124-0
213,YOCNOU__ligand1706-0
214,YOCNOU__ligand3734-0
215,YOCNOU__ligand2629-0
216,YOCNOU__ligand4381-0
217,YOCNOU__ligand119-0
218,YOCNOU__ligand321-0
219,YOCNOU__ligand11-0
220,YOCNOU__ligand6277-0
221,YOCNOU__ligand1951-0
222,YOCNOU__ligand178-0
223,YOCNOU__ligand1687-0
224,YOCNOU__ligand279-0
225,YOCNOU__ligand244-0
226,YOCNOU__ligand201-0
227,YOCNOU__ligand2259-0
228,YOCNOU__ligand100-0
229,YOCNOU__ligand2688-0
230,YOCNOU__ligand2768-0
231,YOCNOU__ligand1376-0
232,YOCNOU__ligand1598-0
233,YOCNOU__ligand14530-0
234,YOCNOU__ligand166-0
235,YOCNOU__ligand4303-0
236,YOCNOU__ligand1248-0
237,YOCNOU__ligand6294-0
238,YOCNOU__ligand838-0
239,YOCNOU__ligand1054-0
240,YOCNOU__ligand497-0
241,YOCNOU__ligand32-0
242,YOCNOU__ligand532-0
243,YOCNOU__ligand633-0
244,YOCNOU__ligand7464-0
245,YOCNOU__ligand918-0
246,YOCNOU__ligand326-0
247,YOCNOU__ligand10910-0
248,YOCNOU__ligand821-0
249,YOCNOU__ligand283-0
250,YOCNOU__ligand553-0
251,YOCNOU__ligand206-0
252,YOCNOU__ligand3637-0
253,YOCNOU__ligand142-0
254,YOCNOU__ligand8774-0
255,YOCNOU__ligand436-0
256,YOCNOU__ligand1607-0
257,YOCNOU__ligand105-0
258,YOCNOU__ligand140-0
259,YOCNOU__ligand29-0
260,YOCNOU__ligand91-0
261,YOCNOU__ligand1727-0
262,YOCNOU__ligand409-0
263,YOCNOU__ligand361-0
264,YOCNOU__ligand324-0
265,YOCNOU__ligand10114-0
266,YOCNOU__ligand51-0
267,YOCNOU__ligand1152-0
268,YOCNOU__ligand1703-0
269,YOCNOU__ligand2430-0
270,YOCNOU__ligand2907-0
271,YOCNOU__ligand575-0
272,YOCNOU__ligand8921-0
273,YOCNOU__ligand199-0
274,YOCNOU__ligand2285-0
275,YOCNOU__ligand1567-0
276,YOCNOU__ligand927-0
277,YOCNOU__ligand2510-0
278,YOCNOU__ligand10479-0
279,YOCNOU__ligand2320-0
280,YOCNOU__ligand1056-0
281,YOCNOU__ligand2862-0
282,YOCNOU__ligand48-0
283,YOCNOU__ligand1273-0
284,YOCNOU__ligand571-0
285,YOCNOU__ligand118-0
286,YOCNOU__ligand670-0
287,YOCNOU__ligand34-0
288,YOCNOU__ligand1052-0
289,YOCNOU__ligand8-0
290,YOCNOU__ligand509-0
291,YOCNOU__ligand95-0
292,YOCNOU__ligand2794-0
293,YOCNOU__ligand2345-0
294,YOCNOU__ligand1835-0
295,YOCNOU__ligand430-0
296,YOCNOU__ligand358-0
297,YOCNOU__ligand4983-0
298,YOCNOU__ligand1502-0
299,YOCNOU__ligand669-0
300,YOCNOU__ligand1113-0
301,YOCNOU__ligand2265-0
302,YOCNOU__ligand6396-0
303,YOCNOU__ligand278-0
304,YOCNOU__ligand365-0
305,YOCNOU__ligand55-0
306,YOCNOU__ligand9027-0
307,YOCNOU__ligand2880-0
308,YOCNOU__ligand5941-0
309,YOCNOU__ligand2838-0
310,YOCNOU__ligand1799-0
311,YOCNOU__ligand57-0
312,YOCNOU__ligand3838-0
313,YOCNOU__ligand1169-0
314,YOCNOU__ligand5022-0
315,YOCNOU__ligand383-0
316,YOCNOU__ligand2864-0
317,YOCNOU__ligand226-0
318,YOCNOU__ligand162-0
319,YOCNOU__ligand2142-0
320,YOCNOU__ligand6151-0
321,YOCNOU__ligand2772-0
322,YOCNOU__ligand9495-0
323,YOCNOU__ligand73-0
324,YOCNOU__ligand6538-0
