,TMC
0,UYOROR__ligand932-0
1,UYOROR__ligand134-0
2,UYOROR__ligand235-0
3,UYOROR__ligand390-0
4,UYOROR__ligand4370-0
5,UYOROR__ligand3618-0
6,UYOROR__ligand2618-0
7,UYOROR__ligand14530-0
8,UYOROR__ligand560-0
9,UYOROR__ligand525-0
10,UYOROR__ligand109-0
11,UYOROR__ligand1436-0
12,UYOROR__ligand2255-0
13,UYOROR__ligand331-0
14,UYOROR__ligand294-0
15,UYOROR__ligand4175-0
16,UYOROR__ligand993-0
17,UYOROR__ligand916-0
18,UYOROR__ligand584-0
19,UYOROR__ligand10910-0
20,UYOROR__ligand421-0
21,UYOROR__ligand798-0
22,UYOROR__ligand1918-0
23,UYOROR__ligand10114-0
24,UYOROR__ligand112-0
25,UYOROR__ligand4012-0
26,UYOROR__ligand3196-0
27,UYOROR__ligand2915-0
28,UYOROR__ligand197-0
29,UYOROR__ligand296-0
30,UYOROR__ligand10479-0
31,UYOROR__ligand783-0
32,UYOROR__ligand352-0
33,UYOROR__ligand1690-0
34,UYOROR__ligand2707-0
35,UYOROR__ligand136-0
36,UYOROR__ligand1551-0
37,UYOROR__ligand868-0
38,UYOROR__ligand442-0
39,UYOROR__ligand2526-0
40,UYOROR__ligand67-0
41,UYOROR__ligand3890-0
42,UYOROR__ligand909-0
43,UYOROR__ligand851-0
44,UYOROR__ligand4423-0
45,UYOROR__ligand1907-0
46,UYOROR__ligand1285-0
47,UYOROR__ligand1555-0
48,UYOROR__ligand177-0
49,UYOROR__ligand934-0
50,UYOROR__ligand7630-0
51,UYOROR__ligand252-0
52,UYOROR__ligand7550-0
53,UYOROR__ligand955-0
54,UYOROR__ligand2762-0
55,UYOROR__ligand1038-0
56,UYOROR__ligand193-0
57,UYOROR__ligand2253-0
58,UYOROR__ligand1160-0
59,UYOROR__ligand2954-0
60,UYOROR__ligand5093-0
61,UYOROR__ligand830-0
62,UYOROR__ligand4619-0
63,UYOROR__ligand5235-0
64,UYOROR__ligand6143-0
65,UYOROR__ligand85-0
66,UYOROR__ligand78-0
67,UYOROR__ligand3251-0
68,UYOROR__ligand370-0
69,UYOROR__ligand460-0
70,UYOROR__ligand45-0
71,UYOROR__ligand9176-0
72,UYOROR__ligand2718-0
73,UYOROR__ligand3070-0
74,UYOROR__ligand3035-0
75,UYOROR__ligand250-0
76,UYOROR__ligand1493-0
77,UYOROR__ligand5758-0
78,UYOROR__ligand369-0
79,UYOROR__ligand444-0
80,UYOROR__ligand188-0
81,UYOROR__ligand3478-0
82,UYOROR__ligand3852-0
83,UYOROR__ligand1818-0
84,UYOROR__ligand7456-0
85,UYOROR__ligand311-0
86,UYOROR__ligand502-0
87,UYOROR__ligand196-0
88,UYOROR__ligand1379-0
89,UYOROR__ligand1221-0
90,UYOROR__ligand1264-0
91,UYOROR__ligand6430-0
92,UYOROR__ligand1299-0
93,UYOROR__ligand422-0
94,UYOROR__ligand2929-0
95,UYOROR__ligand113-0
96,UYOROR__ligand2376-0
97,UYOROR__ligand8-0
98,UYOROR__ligand66-0
99,UYOROR__ligand6571-0
100,UYOROR__ligand236-0
101,UYOROR__ligand1325-0
102,UYOROR__ligand2482-0
103,UYOROR__ligand2442-0
104,UYOROR__ligand1019-0
105,UYOROR__ligand5762-0
106,UYOROR__ligand7414-0
107,UYOROR__ligand1104-0
108,UYOROR__ligand353-0
109,UYOROR__ligand1858-0
110,UYOROR__ligand8032-0
111,UYOROR__ligand481-0
112,UYOROR__ligand15630-0
113,UYOROR__ligand10357-0
114,UYOROR__ligand314-0
115,UYOROR__ligand21-0
116,UYOROR__ligand391-0
117,UYOROR__ligand5334-0
118,UYOROR__ligand4504-0
119,UYOROR__ligand170-0
120,UYOROR__ligand3051-0
121,UYOROR__ligand2480-0
122,UYOROR__ligand1898-0
123,UYOROR__ligand2315-0
124,UYOROR__ligand40-0
125,UYOROR__ligand1919-0
126,UYOROR__ligand210-0
127,UYOROR__ligand2389-0
128,UYOROR__ligand1712-0
129,UYOROR__ligand3579-0
130,UYOROR__ligand38-0
131,UYOROR__ligand2916-0
132,UYOROR__ligand2110-0
133,UYOROR__ligand115-0
134,UYOROR__ligand1307-0
135,UYOROR__ligand291-0
136,UYOROR__ligand18-0
137,UYOROR__ligand784-0
138,UYOROR__ligand355-0
139,UYOROR__ligand485-0
140,UYOROR__ligand1246-0
141,UYOROR__ligand6166-0
142,UYOROR__ligand3853-0
143,UYOROR__ligand2853-0
144,UYOROR__ligand2599-0
145,UYOROR__ligand5089-0
146,UYOROR__ligand133-0
147,UYOROR__ligand1321-0
148,UYOROR__ligand3566-0
149,UYOROR__ligand447-0
150,UYOROR__ligand62-0
151,UYOROR__ligand1178-0
152,UYOROR__ligand487-0
153,UYOROR__ligand522-0
154,UYOROR__ligand666-0
155,UYOROR__ligand1788-0
156,UYOROR__ligand4894-0
157,UYOROR__ligand1260-0
158,UYOROR__ligand9620-0
159,UYOROR__ligand86-0
160,UYOROR__ligand3337-0
161,UYOROR__ligand682-0
162,UYOROR__ligand7514-0
163,UYOROR__ligand4811-0
164,UYOROR__ligand1449-1
165,UYOROR__ligand32-0
166,UYOROR__ligand3637-0
167,UYOROR__ligand8774-0
168,UYOROR__ligand126-0
169,UYOROR__ligand1248-0
170,UYOROR__ligand4303-0
171,UYOROR__ligand1598-0
172,UYOROR__ligand1054-0
173,UYOROR__ligand596-0
174,UYOROR__ligand6294-0
175,UYOROR__ligand612-0
176,UYOROR__ligand187-0
177,UYOROR__ligand366-0
178,UYOROR__ligand7464-0
179,UYOROR__ligand861-0
180,UYOROR__ligand1703-0
181,UYOROR__ligand2430-0
182,UYOROR__ligand279-0
183,UYOROR__ligand178-0
184,UYOROR__ligand91-0
185,UYOROR__ligand2907-0
186,UYOROR__ligand321-0
187,UYOROR__ligand29-0
188,UYOROR__ligand2510-0
189,UYOROR__ligand51-0
190,UYOROR__ligand2285-0
191,UYOROR__ligand1567-0
192,UYOROR__ligand8921-0
193,UYOROR__ligand2862-0
194,UYOROR__ligand100-0
195,UYOROR__ligand2320-0
196,UYOROR__ligand244-0
197,UYOROR__ligand1056-0
198,UYOROR__ligand201-0
199,UYOROR__ligand1607-0
200,UYOROR__ligand124-0
201,UYOROR__ligand119-0
202,UYOROR__ligand1727-0
203,UYOROR__ligand1152-0
204,UYOROR__ligand48-0
205,UYOROR__ligand120-0
206,UYOROR__ligand4983-0
207,UYOROR__ligand2794-0
208,UYOROR__ligand2345-0
209,UYOROR__ligand1835-0
210,UYOROR__ligand34-0
211,UYOROR__ligand1502-0
212,UYOROR__ligand384-0
213,UYOROR__ligand6396-0
214,UYOROR__ligand1113-0
215,UYOROR__ligand2265-0
216,UYOROR__ligand9027-0
217,UYOROR__ligand6-0
218,UYOROR__ligand95-0
219,UYOROR__ligand1273-0
220,UYOROR__ligand240-0
221,UYOROR__ligand1052-0
222,UYOROR__ligand141-0
223,UYOROR__ligand55-0
224,UYOROR__ligand2864-0
225,UYOROR__ligand57-0
226,UYOROR__ligand11730-0
227,UYOROR__ligand2142-0
228,UYOROR__ligand4-0
229,UYOROR__ligand6538-0
230,UYOROR__ligand9495-0
231,UYOROR__ligand6151-0
232,UYOROR__ligand2772-0
233,UYOROR__ligand797-0
234,UYOROR__ligand2838-0
235,UYOROR__ligand1799-0
236,UYOROR__ligand3838-0
237,UYOROR__ligand2880-0
238,UYOROR__ligand5941-0
239,UYOROR__ligand757-0
240,UYOROR__ligand5022-0
241,UYOROR__ligand1169-0
242,UYOROR__ligand73-0
243,UYOROR__ligand669-0
244,UYOROR__ligand2863-0
245,UYOROR__ligand2098-0
246,UYOROR__ligand6502-0
247,UYOROR__ligand6332-0
248,UYOROR__ligand430-0
249,UYOROR__ligand358-0
250,UYOROR__ligand3178-0
251,UYOROR__ligand3-0
252,UYOROR__ligand3145-0
253,UYOROR__ligand365-0
254,UYOROR__ligand1747-0
255,UYOROR__ligand6686-0
256,UYOROR__ligand278-0
257,UYOROR__ligand7915-0
258,UYOROR__ligand5548-0
259,UYOROR__ligand49-0
260,UYOROR__ligand118-0
261,UYOROR__ligand670-0
262,UYOROR__ligand2751-0
263,UYOROR__ligand571-0
264,UYOROR__ligand509-0
265,UYOROR__ligand3041-0
266,UYOROR__ligand89-0
267,UYOROR__ligand2634-0
268,UYOROR__ligand1542-0
269,UYOROR__ligand162-0
270,UYOROR__ligand226-0
271,UYOROR__ligand9244-0
272,UYOROR__ligand383-0
273,UYOROR__ligand1228-0
274,UYOROR__ligand1538-0
275,UYOROR__ligand1114-0
276,UYOROR__ligand3246-0
277,UYOROR__ligand92-0
278,UYOROR__ligand1-0
279,UYOROR__ligand1479-0
280,UYOROR__ligand1148-0
281,UYOROR__ligand17-0
282,UYOROR__ligand553-0
283,UYOROR__ligand283-0
284,UYOROR__ligand821-0
285,UYOROR__ligand1171-0
286,UYOROR__ligand326-0
287,UYOROR__ligand5801-0
288,UYOROR__ligand436-0
289,UYOROR__ligand142-0
290,UYOROR__ligand3063-0
291,UYOROR__ligand1438-0
292,UYOROR__ligand206-0
293,UYOROR__ligand1544-0
294,UYOROR__ligand838-0
295,UYOROR__ligand1459-0
296,UYOROR__ligand166-0
297,UYOROR__ligand633-0
298,UYOROR__ligand3757-0
299,UYOROR__ligand918-0
300,UYOROR__ligand532-0
301,UYOROR__ligand2087-0
302,UYOROR__ligand1048-0
303,UYOROR__ligand497-0
304,UYOROR__ligand1685-0
305,UYOROR__ligand6277-0
306,UYOROR__ligand575-0
307,UYOROR__ligand1687-0
308,UYOROR__ligand1951-0
309,UYOROR__ligand2259-0
310,UYOROR__ligand2688-0
311,UYOROR__ligand1376-0
312,UYOROR__ligand927-0
313,UYOROR__ligand2768-0
314,UYOROR__ligand199-0
315,UYOROR__ligand11-0
316,UYOROR__ligand105-0
317,UYOROR__ligand140-0
318,UYOROR__ligand3734-0
319,UYOROR__ligand1706-0
320,UYOROR__ligand409-0
321,UYOROR__ligand4381-0
322,UYOROR__ligand361-0
323,UYOROR__ligand324-0
324,UYOROR__ligand2629-0
