,TMC
0,KUCXAI__ligand1321-0
1,KUCXAI__ligand447-0
2,KUCXAI__ligand133-0
3,KUCXAI__ligand3566-0
4,KUCXAI__ligand1178-0
5,KUCXAI__ligand666-0
6,KUCXAI__ligand522-0
7,KUCXAI__ligand1788-0
8,KUCXAI__ligand487-0
9,KUCXAI__ligand1260-0
10,KUCXAI__ligand4894-0
11,KUCXAI__ligand9620-0
12,KUCXAI__ligand6-0
13,KUCXAI__ligand7514-0
14,KUCXAI__ligand3337-0
15,KUCXAI__ligand1449-1
16,KUCXAI__ligand4811-0
17,KUCXAI__ligand682-0
18,KUCXAI__ligand1307-0
19,KUCXAI__ligand78-0
20,KUCXAI__ligand115-0
21,KUCXAI__ligand85-0
22,KUCXAI__ligand291-0
23,KUCXAI__ligand45-0
24,KUCXAI__ligand4-0
25,KUCXAI__ligand1246-0
26,KUCXAI__ligand11730-0
27,KUCXAI__ligand485-0
28,KUCXAI__ligand355-0
29,KUCXAI__ligand784-0
30,KUCXAI__ligand6166-0
31,KUCXAI__ligand2853-0
32,KUCXAI__ligand3853-0
33,KUCXAI__ligand2599-0
34,KUCXAI__ligand5089-0
35,KUCXAI__ligand8032-0
36,KUCXAI__ligand314-0
37,KUCXAI__ligand1858-0
38,KUCXAI__ligand481-0
39,KUCXAI__ligand5334-0
40,KUCXAI__ligand170-0
41,KUCXAI__ligand2315-0
42,KUCXAI__ligand391-0
43,KUCXAI__ligand2480-0
44,KUCXAI__ligand3051-0
45,KUCXAI__ligand4504-0
46,KUCXAI__ligand1898-0
47,KUCXAI__ligand1919-0
48,KUCXAI__ligand210-0
49,KUCXAI__ligand2389-0
50,KUCXAI__ligand1712-0
51,KUCXAI__ligand2110-0
52,KUCXAI__ligand2916-0
53,KUCXAI__ligand3579-0
54,KUCXAI__ligand1379-0
55,KUCXAI__ligand6430-0
56,KUCXAI__ligand1299-0
57,KUCXAI__ligand1264-0
58,KUCXAI__ligand502-0
59,KUCXAI__ligand1221-0
60,KUCXAI__ligand196-0
61,KUCXAI__ligand2929-0
62,KUCXAI__ligand113-0
63,KUCXAI__ligand2376-0
64,KUCXAI__ligand422-0
65,KUCXAI__ligand236-0
66,KUCXAI__ligand2482-0
67,KUCXAI__ligand1325-0
68,KUCXAI__ligand6571-0
69,KUCXAI__ligand2442-0
70,KUCXAI__ligand1019-0
71,KUCXAI__ligand353-0
72,KUCXAI__ligand67-0
73,KUCXAI__ligand1104-0
74,KUCXAI__ligand5762-0
75,KUCXAI__ligand7414-0
76,KUCXAI__ligand6143-0
77,KUCXAI__ligand370-0
78,KUCXAI__ligand5235-0
79,KUCXAI__ligand4619-0
80,KUCXAI__ligand3251-0
81,KUCXAI__ligand250-0
82,KUCXAI__ligand9176-0
83,KUCXAI__ligand1493-0
84,KUCXAI__ligand2718-0
85,KUCXAI__ligand3035-0
86,KUCXAI__ligand3070-0
87,KUCXAI__ligand460-0
88,KUCXAI__ligand5758-0
89,KUCXAI__ligand188-0
90,KUCXAI__ligand18-0
91,KUCXAI__ligand3852-0
92,KUCXAI__ligand444-0
93,KUCXAI__ligand369-0
94,KUCXAI__ligand3478-0
95,KUCXAI__ligand1818-0
96,KUCXAI__ligand311-0
97,KUCXAI__ligand7456-0
98,KUCXAI__ligand3890-0
99,KUCXAI__ligand851-0
100,KUCXAI__ligand909-0
101,KUCXAI__ligand1907-0
102,KUCXAI__ligand62-0
103,KUCXAI__ligand4423-0
104,KUCXAI__ligand1555-0
105,KUCXAI__ligand177-0
106,KUCXAI__ligand934-0
107,KUCXAI__ligand1285-0
108,KUCXAI__ligand7630-0
109,KUCXAI__ligand86-0
110,KUCXAI__ligand955-0
111,KUCXAI__ligand252-0
112,KUCXAI__ligand7550-0
113,KUCXAI__ligand1038-0
114,KUCXAI__ligand830-0
115,KUCXAI__ligand2762-0
116,KUCXAI__ligand193-0
117,KUCXAI__ligand5093-0
118,KUCXAI__ligand2954-0
119,KUCXAI__ligand1160-0
120,KUCXAI__ligand2253-0
121,KUCXAI__ligand3196-0
122,KUCXAI__ligand4012-0
123,KUCXAI__ligand112-0
124,KUCXAI__ligand296-0
125,KUCXAI__ligand197-0
126,KUCXAI__ligand2915-0
127,KUCXAI__ligand3-0
128,KUCXAI__ligand66-0
129,KUCXAI__ligand1690-0
130,KUCXAI__ligand352-0
131,KUCXAI__ligand783-0
132,KUCXAI__ligand2707-0
133,KUCXAI__ligand442-0
134,KUCXAI__ligand868-0
135,KUCXAI__ligand2526-0
136,KUCXAI__ligand136-0
137,KUCXAI__ligand1551-0
138,KUCXAI__ligand390-0
139,KUCXAI__ligand4370-0
140,KUCXAI__ligand235-0
141,KUCXAI__ligand932-0
142,KUCXAI__ligand134-0
143,KUCXAI__ligand109-0
144,KUCXAI__ligand560-0
145,KUCXAI__ligand525-0
146,KUCXAI__ligand2618-0
147,KUCXAI__ligand21-0
148,KUCXAI__ligand3618-0
149,KUCXAI__ligand1436-0
150,KUCXAI__ligand40-0
151,KUCXAI__ligand993-0
152,KUCXAI__ligand294-0
153,KUCXAI__ligand2255-0
154,KUCXAI__ligand1-0
155,KUCXAI__ligand4175-0
156,KUCXAI__ligand331-0
157,KUCXAI__ligand798-0
158,KUCXAI__ligand421-0
159,KUCXAI__ligand584-0
160,KUCXAI__ligand916-0
161,KUCXAI__ligand1918-0
162,KUCXAI__ligand38-0
163,KUCXAI__ligand6277-0
164,KUCXAI__ligand1951-0
165,KUCXAI__ligand1687-0
166,KUCXAI__ligand575-0
167,KUCXAI__ligand34-0
168,KUCXAI__ligand199-0
169,KUCXAI__ligand2688-0
170,KUCXAI__ligand2259-0
171,KUCXAI__ligand927-0
172,KUCXAI__ligand1376-0
173,KUCXAI__ligand2768-0
174,KUCXAI__ligand105-0
175,KUCXAI__ligand140-0
176,KUCXAI__ligand95-0
177,KUCXAI__ligand1706-0
178,KUCXAI__ligand361-0
179,KUCXAI__ligand3734-0
180,KUCXAI__ligand324-0
181,KUCXAI__ligand409-0
182,KUCXAI__ligand2629-0
183,KUCXAI__ligand55-0
184,KUCXAI__ligand4381-0
185,KUCXAI__ligand326-0
186,KUCXAI__ligand821-0
187,KUCXAI__ligand1171-0
188,KUCXAI__ligand283-0
189,KUCXAI__ligand553-0
190,KUCXAI__ligand57-0
191,KUCXAI__ligand206-0
192,KUCXAI__ligand142-0
193,KUCXAI__ligand5801-0
194,KUCXAI__ligand3063-0
195,KUCXAI__ligand436-0
196,KUCXAI__ligand1438-0
197,KUCXAI__ligand166-0
198,KUCXAI__ligand1544-0
199,KUCXAI__ligand1459-0
200,KUCXAI__ligand838-0
201,KUCXAI__ligand2087-0
202,KUCXAI__ligand497-0
203,KUCXAI__ligand1048-0
204,KUCXAI__ligand3757-0
205,KUCXAI__ligand73-0
206,KUCXAI__ligand532-0
207,KUCXAI__ligand1685-0
208,KUCXAI__ligand918-0
209,KUCXAI__ligand633-0
210,KUCXAI__ligand383-0
211,KUCXAI__ligand226-0
212,KUCXAI__ligand1228-0
213,KUCXAI__ligand162-0
214,KUCXAI__ligand9244-0
215,KUCXAI__ligand1114-0
216,KUCXAI__ligand1538-0
217,KUCXAI__ligand32-0
218,KUCXAI__ligand10910-0
219,KUCXAI__ligand3246-0
220,KUCXAI__ligand1479-0
221,KUCXAI__ligand1148-0
222,KUCXAI__ligand14530-0
223,KUCXAI__ligand2098-0
224,KUCXAI__ligand6502-0
225,KUCXAI__ligand358-0
226,KUCXAI__ligand430-0
227,KUCXAI__ligand2863-0
228,KUCXAI__ligand10479-0
229,KUCXAI__ligand29-0
230,KUCXAI__ligand3178-0
231,KUCXAI__ligand6332-0
232,KUCXAI__ligand91-0
233,KUCXAI__ligand669-0
234,KUCXAI__ligand278-0
235,KUCXAI__ligand51-0
236,KUCXAI__ligand3145-0
237,KUCXAI__ligand7915-0
238,KUCXAI__ligand365-0
239,KUCXAI__ligand5548-0
240,KUCXAI__ligand6686-0
241,KUCXAI__ligand1747-0
242,KUCXAI__ligand571-0
243,KUCXAI__ligand670-0
244,KUCXAI__ligand118-0
245,KUCXAI__ligand10114-0
246,KUCXAI__ligand2751-0
247,KUCXAI__ligand3041-0
248,KUCXAI__ligand509-0
249,KUCXAI__ligand1542-0
250,KUCXAI__ligand48-0
251,KUCXAI__ligand2634-0
252,KUCXAI__ligand2864-0
253,KUCXAI__ligand2142-0
254,KUCXAI__ligand9495-0
255,KUCXAI__ligand2772-0
256,KUCXAI__ligand6151-0
257,KUCXAI__ligand6538-0
258,KUCXAI__ligand5941-0
259,KUCXAI__ligand2880-0
260,KUCXAI__ligand797-0
261,KUCXAI__ligand3838-0
262,KUCXAI__ligand1799-0
263,KUCXAI__ligand2838-0
264,KUCXAI__ligand757-0
265,KUCXAI__ligand5022-0
266,KUCXAI__ligand1169-0
267,KUCXAI__ligand1835-0
268,KUCXAI__ligand384-0
269,KUCXAI__ligand2345-0
270,KUCXAI__ligand2794-0
271,KUCXAI__ligand4983-0
272,KUCXAI__ligand1502-0
273,KUCXAI__ligand120-0
274,KUCXAI__ligand2265-0
275,KUCXAI__ligand1113-0
276,KUCXAI__ligand6396-0
277,KUCXAI__ligand9027-0
278,KUCXAI__ligand11-0
279,KUCXAI__ligand1273-0
280,KUCXAI__ligand1052-0
281,KUCXAI__ligand141-0
282,KUCXAI__ligand240-0
283,KUCXAI__ligand321-0
284,KUCXAI__ligand2430-0
285,KUCXAI__ligand1703-0
286,KUCXAI__ligand178-0
287,KUCXAI__ligand279-0
288,KUCXAI__ligand2907-0
289,KUCXAI__ligand244-0
290,KUCXAI__ligand201-0
291,KUCXAI__ligand1567-0
292,KUCXAI__ligand2285-0
293,KUCXAI__ligand8921-0
294,KUCXAI__ligand100-0
295,KUCXAI__ligand2510-0
296,KUCXAI__ligand1056-0
297,KUCXAI__ligand2320-0
298,KUCXAI__ligand2862-0
299,KUCXAI__ligand1607-0
300,KUCXAI__ligand124-0
301,KUCXAI__ligand49-0
302,KUCXAI__ligand8-0
303,KUCXAI__ligand1727-0
304,KUCXAI__ligand89-0
305,KUCXAI__ligand1152-0
306,KUCXAI__ligand119-0
307,KUCXAI__ligand3637-0
308,KUCXAI__ligand126-0
309,KUCXAI__ligand8774-0
310,KUCXAI__ligand92-0
311,KUCXAI__ligand15630-0
312,KUCXAI__ligand1598-0
313,KUCXAI__ligand596-0
314,KUCXAI__ligand10357-0
315,KUCXAI__ligand1248-0
316,KUCXAI__ligand4303-0
317,KUCXAI__ligand6294-0
318,KUCXAI__ligand1054-0
319,KUCXAI__ligand861-0
320,KUCXAI__ligand366-0
321,KUCXAI__ligand187-0
322,KUCXAI__ligand17-0
323,KUCXAI__ligand7464-0
324,KUCXAI__ligand612-0
