,TMC
0,NECHEJ__ligand23124-0
1,NECHEJ__ligand6882-0
2,NECHEJ__ligand6455-0
3,NECHEJ__ligand122-0
4,NECHEJ__ligand11206-0
5,NECHEJ__ligand25735-0
6,NECHEJ__ligand12519-0
7,NECHEJ__ligand3934-0
8,NECHEJ__ligand43-0
9,NECHEJ__ligand2403-0
10,NECHEJ__ligand757-0
11,NECHEJ__ligand1065-0
12,NECHEJ__ligand7530-0
13,NECHEJ__ligand25650-0
14,NECHEJ__ligand1449-0
15,NECHEJ__ligand31248-0
16,NECHEJ__ligand3012-0
17,NECHEJ__ligand4332-0
18,NECHEJ__ligand19257-0
19,NECHEJ__ligand13209-0
20,NECHEJ__ligand12660-0
21,NECHEJ__ligand9681-0
22,NECHEJ__ligand2830-0
23,NECHEJ__ligand5627-0
24,NECHEJ__ligand25689-0
25,NECHEJ__ligand25575-0
26,NECHEJ__ligand1729-0
27,NECHEJ__ligand21787-0
28,NECHEJ__ligand27835-0
29,NECHEJ__ligand5483-0
30,NECHEJ__ligand12295-0
31,NECHEJ__ligand5316-0
32,NECHEJ__ligand11166-0
33,NECHEJ__ligand693-0
34,NECHEJ__ligand9148-0
35,NECHEJ__ligand21132-0
36,NECHEJ__ligand23906-0
37,NECHEJ__ligand7529-0
38,NECHEJ__ligand67-0
39,NECHEJ__ligand30539-0
40,NECHEJ__ligand6946-0
41,NECHEJ__ligand1415-0
42,NECHEJ__ligand23904-0
43,NECHEJ__ligand141-0
44,NECHEJ__ligand3215-0
45,NECHEJ__ligand21936-0
46,NECHEJ__ligand240-0
47,NECHEJ__ligand13257-0
48,NECHEJ__ligand12467-0
49,NECHEJ__ligand7107-0
50,NECHEJ__ligand10084-0
51,NECHEJ__ligand25267-0
52,NECHEJ__ligand18391-0
53,NECHEJ__ligand14523-0
54,NECHEJ__ligand27169-0
55,NECHEJ__ligand6283-0
56,NECHEJ__ligand6062-0
57,NECHEJ__ligand20599-0
58,NECHEJ__ligand22981-0
59,NECHEJ__ligand25805-0
60,NECHEJ__ligand4813-0
61,NECHEJ__ligand5813-0
62,NECHEJ__ligand27074-0
63,NECHEJ__ligand4738-0
64,NECHEJ__ligand4194-0
65,NECHEJ__ligand18799-0
66,NECHEJ__ligand18465-0
67,NECHEJ__ligand7532-0
68,NECHEJ__ligand768-0
69,NECHEJ__ligand28668-0
70,NECHEJ__ligand2599-0
71,NECHEJ__ligand16791-0
72,NECHEJ__ligand4330-0
73,NECHEJ__ligand11140-0
74,NECHEJ__ligand3973-0
75,NECHEJ__ligand29610-0
76,NECHEJ__ligand1147-0
77,NECHEJ__ligand13869-0
78,NECHEJ__ligand18074-0
79,NECHEJ__ligand29863-0
80,NECHEJ__ligand384-0
81,NECHEJ__ligand2068-0
82,NECHEJ__ligand7925-0
83,NECHEJ__ligand2208-0
84,NECHEJ__ligand3208-0
85,NECHEJ__ligand31483-0
86,NECHEJ__ligand10555-0
87,NECHEJ__ligand3350-0
88,NECHEJ__ligand7573-0
89,NECHEJ__ligand2781-0
90,NECHEJ__ligand19725-0
91,NECHEJ__ligand9809-0
92,NECHEJ__ligand6672-0
93,NECHEJ__ligand1327-0
94,NECHEJ__ligand78-0
95,NECHEJ__ligand8722-0
96,NECHEJ__ligand24613-0
97,NECHEJ__ligand338-0
98,NECHEJ__ligand3029-0
99,NECHEJ__ligand45-0
100,NECHEJ__ligand7162-0
101,NECHEJ__ligand14586-0
102,NECHEJ__ligand11774-0
103,NECHEJ__ligand21421-0
104,NECHEJ__ligand2328-0
105,NECHEJ__ligand1773-0
106,NECHEJ__ligand4581-0
107,NECHEJ__ligand20579-0
108,NECHEJ__ligand17710-0
109,NECHEJ__ligand1900-0
110,NECHEJ__ligand9197-0
111,NECHEJ__ligand11568-0
112,NECHEJ__ligand1-0
113,NECHEJ__ligand17590-0
114,NECHEJ__ligand4131-0
115,NECHEJ__ligand1712-0
116,NECHEJ__ligand17240-0
117,NECHEJ__ligand24-0
118,NECHEJ__ligand18699-0
119,NECHEJ__ligand5094-0
120,NECHEJ__ligand12682-0
121,NECHEJ__ligand5892-0
122,NECHEJ__ligand201-0
123,NECHEJ__ligand178-0
124,NECHEJ__ligand185-0
125,NECHEJ__ligand1533-0
126,NECHEJ__ligand279-0
127,NECHEJ__ligand321-0
128,NECHEJ__ligand19-0
129,NECHEJ__ligand12336-0
130,NECHEJ__ligand13072-0
131,NECHEJ__ligand1496-0
132,NECHEJ__ligand7557-0
133,NECHEJ__ligand1688-0
134,NECHEJ__ligand187-0
135,NECHEJ__ligand3647-0
136,NECHEJ__ligand5357-0
137,NECHEJ__ligand15438-0
138,NECHEJ__ligand657-0
139,NECHEJ__ligand4850-0
140,NECHEJ__ligand5056-0
141,NECHEJ__ligand28924-0
142,NECHEJ__ligand18703-0
143,NECHEJ__ligand1768-0
144,NECHEJ__ligand29087-0
145,NECHEJ__ligand3871-0
146,NECHEJ__ligand366-0
147,NECHEJ__ligand1469-0
148,NECHEJ__ligand1379-0
149,NECHEJ__ligand2722-0
150,NECHEJ__ligand17207-0
151,NECHEJ__ligand31578-0
152,NECHEJ__ligand18013-0
153,NECHEJ__ligand25224-0
154,NECHEJ__ligand17945-0
155,NECHEJ__ligand5935-0
156,NECHEJ__ligand777-0
157,NECHEJ__ligand596-0
158,NECHEJ__ligand941-0
159,NECHEJ__ligand1165-0
160,NECHEJ__ligand9525-0
161,NECHEJ__ligand3157-0
162,NECHEJ__ligand24750-0
163,NECHEJ__ligand10432-0
164,NECHEJ__ligand1771-0
165,NECHEJ__ligand11432-0
166,NECHEJ__ligand4911-0
167,NECHEJ__ligand31618-0
168,NECHEJ__ligand22755-0
169,NECHEJ__ligand3392-0
170,NECHEJ__ligand29898-0
171,NECHEJ__ligand26277-0
172,NECHEJ__ligand3-0
173,NECHEJ__ligand5849-0
174,NECHEJ__ligand163-0
175,NECHEJ__ligand126-0
176,NECHEJ__ligand23589-0
177,NECHEJ__ligand2527-0
178,NECHEJ__ligand24064-0
179,NECHEJ__ligand15168-0
180,NECHEJ__ligand8464-0
181,NECHEJ__ligand1709-0
182,NECHEJ__ligand845-0
183,NECHEJ__ligand8349-0
184,NECHEJ__ligand1573-0
185,NECHEJ__ligand11675-0
186,NECHEJ__ligand1536-0
187,NECHEJ__ligand20598-0
188,NECHEJ__ligand22557-0
189,NECHEJ__ligand10589-0
190,NECHEJ__ligand24047-0
191,NECHEJ__ligand9935-0
192,NECHEJ__ligand3504-0
193,NECHEJ__ligand17398-0
194,NECHEJ__ligand1959-0
195,NECHEJ__ligand1844-0
196,NECHEJ__ligand4661-0
197,NECHEJ__ligand20011-0
198,NECHEJ__ligand17278-0
199,NECHEJ__ligand409-0
200,NECHEJ__ligand3718-0
201,NECHEJ__ligand361-0
202,NECHEJ__ligand29414-0
203,NECHEJ__ligand6616-0
204,NECHEJ__ligand1343-0
205,NECHEJ__ligand3876-0
206,NECHEJ__ligand324-0
207,NECHEJ__ligand3035-0
208,NECHEJ__ligand17982-0
209,NECHEJ__ligand7106-0
210,NECHEJ__ligand20251-1
211,NECHEJ__ligand7242-0
212,NECHEJ__ligand9908-0
213,NECHEJ__ligand1263-0
214,NECHEJ__ligand14703-0
215,NECHEJ__ligand16475-0
216,NECHEJ__ligand4155-0
217,NECHEJ__ligand3094-0
218,NECHEJ__ligand17261-0
219,NECHEJ__ligand5211-0
220,NECHEJ__ligand14117-0
221,NECHEJ__ligand4-0
222,NECHEJ__ligand8969-0
223,NECHEJ__ligand3131-0
224,NECHEJ__ligand3174-0
225,NECHEJ__ligand3937-0
226,NECHEJ__ligand1202-0
227,NECHEJ__ligand199-0
228,NECHEJ__ligand21581-0
229,NECHEJ__ligand31097-0
230,NECHEJ__ligand6839-0
231,NECHEJ__ligand20539-0
232,NECHEJ__ligand4720-0
233,NECHEJ__ligand30702-0
234,NECHEJ__ligand20214-0
235,NECHEJ__ligand20251-0
236,NECHEJ__ligand30851-0
237,NECHEJ__ligand588-0
238,NECHEJ__ligand14889-0
239,NECHEJ__ligand3565-0
240,NECHEJ__ligand29568-0
241,NECHEJ__ligand1512-0
242,NECHEJ__ligand5331-0
243,NECHEJ__ligand300-0
244,NECHEJ__ligand3852-0
245,NECHEJ__ligand38-0
246,NECHEJ__ligand2485-0
247,NECHEJ__ligand28789-0
248,NECHEJ__ligand6919-0
249,NECHEJ__ligand20419-0
250,NECHEJ__ligand17118-0
251,NECHEJ__ligand21371-0
252,NECHEJ__ligand1982-0
253,NECHEJ__ligand7000-0
254,NECHEJ__ligand8115-0
255,NECHEJ__ligand13208-0
256,NECHEJ__ligand6768-0
257,NECHEJ__ligand633-0
258,NECHEJ__ligand1285-0
259,NECHEJ__ligand27482-0
260,NECHEJ__ligand26810-0
261,NECHEJ__ligand497-0
262,NECHEJ__ligand4546-0
263,NECHEJ__ligand4503-0
264,NECHEJ__ligand5256-0
265,NECHEJ__ligand9833-0
266,NECHEJ__ligand7648-0
267,NECHEJ__ligand42-0
268,NECHEJ__ligand8876-0
269,NECHEJ__ligand2828-0
270,NECHEJ__ligand4157-0
271,NECHEJ__ligand13390-0
272,NECHEJ__ligand20682-0
273,NECHEJ__ligand2232-0
274,NECHEJ__ligand9291-0
275,NECHEJ__ligand2176-0
276,NECHEJ__ligand9784-0
277,NECHEJ__ligand11456-0
278,NECHEJ__ligand66-0
279,NECHEJ__ligand7629-0
280,NECHEJ__ligand10712-0
281,NECHEJ__ligand4272-0
282,NECHEJ__ligand14174-0
283,NECHEJ__ligand1451-0
284,NECHEJ__ligand436-0
285,NECHEJ__ligand3954-0
286,NECHEJ__ligand4093-0
287,NECHEJ__ligand692-0
288,NECHEJ__ligand4442-0
289,NECHEJ__ligand8699-0
290,NECHEJ__ligand1160-0
291,NECHEJ__ligand9520-0
292,NECHEJ__ligand25411-0
293,NECHEJ__ligand31832-0
294,NECHEJ__ligand13294-0
295,NECHEJ__ligand4016-0
296,NECHEJ__ligand1219-0
297,NECHEJ__ligand6709-0
298,NECHEJ__ligand7867-0
299,NECHEJ__ligand13331-0
300,NECHEJ__ligand1304-0
301,NECHEJ__ligand1790-0
302,NECHEJ__ligand326-0
303,NECHEJ__ligand28884-0
304,NECHEJ__ligand7280-0
305,NECHEJ__ligand12030-0
306,NECHEJ__ligand7238-0
307,NECHEJ__ligand14248-0
308,NECHEJ__ligand29879-0
309,NECHEJ__ligand28676-0
310,NECHEJ__ligand10262-0
311,NECHEJ__ligand27763-0
312,NECHEJ__ligand2915-0
313,NECHEJ__ligand696-0
314,NECHEJ__ligand3156-0
315,NECHEJ__ligand1378-0
316,NECHEJ__ligand13425-0
317,NECHEJ__ligand29302-0
318,NECHEJ__ligand19057-0
319,NECHEJ__ligand18814-0
320,NECHEJ__ligand6244-0
321,NECHEJ__ligand2332-0
322,NECHEJ__ligand9441-0
323,NECHEJ__ligand14108-0
324,NECHEJ__ligand10958-0
325,NECHEJ__ligand9933-0
326,NECHEJ__ligand1575-0
327,NECHEJ__ligand1530-0
328,NECHEJ__ligand656-0
329,NECHEJ__ligand1631-0
330,NECHEJ__ligand12641-0
331,NECHEJ__ligand8721-0
332,NECHEJ__ligand1324-0
333,NECHEJ__ligand25178-0
334,NECHEJ__ligand24185-0
335,NECHEJ__ligand23769-0
336,NECHEJ__ligand1823-0
337,NECHEJ__ligand5643-0
338,NECHEJ__ligand1615-0
339,NECHEJ__ligand2526-0
340,NECHEJ__ligand5036-0
341,NECHEJ__ligand17805-0
342,NECHEJ__ligand17302-0
343,NECHEJ__ligand9952-0
344,NECHEJ__ligand9111-0
345,NECHEJ__ligand9601-0
346,NECHEJ__ligand12231-0
347,NECHEJ__ligand226-0
348,NECHEJ__ligand26702-0
349,NECHEJ__ligand13658-0
350,NECHEJ__ligand8992-0
351,NECHEJ__ligand18292-0
352,NECHEJ__ligand12289-0
353,NECHEJ__ligand12130-0
354,NECHEJ__ligand17387-0
355,NECHEJ__ligand162-0
356,NECHEJ__ligand10476-0
357,NECHEJ__ligand383-0
358,NECHEJ__ligand4116-0
359,NECHEJ__ligand13068-0
360,NECHEJ__ligand1018-0
361,NECHEJ__ligand19830-0
362,NECHEJ__ligand7967-0
363,NECHEJ__ligand12401-0
364,NECHEJ__ligand15585-0
365,NECHEJ__ligand6124-0
366,NECHEJ__ligand3707-0
367,NECHEJ__ligand416-0
368,NECHEJ__ligand24145-0
369,NECHEJ__ligand20578-0
370,NECHEJ__ligand12934-0
371,NECHEJ__ligand15422-0
372,NECHEJ__ligand1142-0
373,NECHEJ__ligand3234-0
374,NECHEJ__ligand19641-0
375,NECHEJ__ligand14723-0
376,NECHEJ__ligand27893-0
377,NECHEJ__ligand8835-0
378,NECHEJ__ligand2028-0
379,NECHEJ__ligand7126-0
380,NECHEJ__ligand30988-0
381,NECHEJ__ligand23713-0
382,NECHEJ__ligand27175-0
383,NECHEJ__ligand18832-0
384,NECHEJ__ligand4641-0
385,NECHEJ__ligand13012-0
386,NECHEJ__ligand17631-0
387,NECHEJ__ligand26665-0
388,NECHEJ__ligand14603-0
389,NECHEJ__ligand14297-0
390,NECHEJ__ligand17258-0
391,NECHEJ__ligand31783-0
392,NECHEJ__ligand534-0
393,NECHEJ__ligand571-0
394,NECHEJ__ligand670-0
395,NECHEJ__ligand26540-0
396,NECHEJ__ligand29410-0
397,NECHEJ__ligand18-0
398,NECHEJ__ligand12337-0
399,NECHEJ__ligand30296-0
400,NECHEJ__ligand4620-0
401,NECHEJ__ligand17281-0
402,NECHEJ__ligand12606-0
403,NECHEJ__ligand1577-0
404,NECHEJ__ligand6067-0
405,NECHEJ__ligand2295-0
406,NECHEJ__ligand30333-0
407,NECHEJ__ligand27460-0
408,NECHEJ__ligand7819-0
409,NECHEJ__ligand2917-0
410,NECHEJ__ligand694-0
411,NECHEJ__ligand3465-0
412,NECHEJ__ligand16628-0
413,NECHEJ__ligand488-0
414,NECHEJ__ligand12427-0
415,NECHEJ__ligand6102-0
416,NECHEJ__ligand6596-0
417,NECHEJ__ligand3721-0
418,NECHEJ__ligand430-0
419,NECHEJ__ligand6904-0
420,NECHEJ__ligand358-0
421,NECHEJ__ligand20740-0
422,NECHEJ__ligand28468-0
423,NECHEJ__ligand8592-0
424,NECHEJ__ligand5099-0
425,NECHEJ__ligand18568-0
426,NECHEJ__ligand28685-0
427,NECHEJ__ligand564-0
428,NECHEJ__ligand1197-0
429,NECHEJ__ligand370-1
430,NECHEJ__ligand2259-0
431,NECHEJ__ligand620-0
432,NECHEJ__ligand13672-0
433,NECHEJ__ligand1296-0
434,NECHEJ__ligand10371-0
435,NECHEJ__ligand91-0
436,NECHEJ__ligand5510-0
437,NECHEJ__ligand1376-0
438,NECHEJ__ligand311-0
439,NECHEJ__ligand785-0
440,NECHEJ__ligand479-0
441,NECHEJ__ligand9773-0
442,NECHEJ__ligand51-0
443,NECHEJ__ligand28459-0
444,NECHEJ__ligand12453-0
445,NECHEJ__ligand18448-0
446,NECHEJ__ligand4101-0
447,NECHEJ__ligand5595-0
448,NECHEJ__ligand2221-0
449,NECHEJ__ligand3926-0
450,NECHEJ__ligand3120-0
451,NECHEJ__ligand4358-0
452,NECHEJ__ligand188-0
453,NECHEJ__ligand19184-0
454,NECHEJ__ligand27669-0
455,NECHEJ__ligand30142-0
456,NECHEJ__ligand13477-0
457,NECHEJ__ligand14167-0
458,NECHEJ__ligand1407-0
459,NECHEJ__ligand6117-0
460,NECHEJ__ligand8002-0
461,NECHEJ__ligand5509-0
462,NECHEJ__ligand250-0
463,NECHEJ__ligand5080-0
464,NECHEJ__ligand7762-0
465,NECHEJ__ligand2238-0
466,NECHEJ__ligand5304-0
467,NECHEJ__ligand9167-0
468,NECHEJ__ligand23197-0
469,NECHEJ__ligand48-0
470,NECHEJ__ligand7293-0
471,NECHEJ__ligand2822-0
472,NECHEJ__ligand3867-0
473,NECHEJ__ligand370-0
474,NECHEJ__ligand1317-0
475,NECHEJ__ligand29029-0
476,NECHEJ__ligand27285-0
477,NECHEJ__ligand193-0
478,NECHEJ__ligand21919-0
479,NECHEJ__ligand9299-0
480,NECHEJ__ligand22294-0
481,NECHEJ__ligand22168-0
482,NECHEJ__ligand2985-0
483,NECHEJ__ligand28930-0
484,NECHEJ__ligand4007-0
485,NECHEJ__ligand28743-0
486,NECHEJ__ligand15531-0
487,NECHEJ__ligand830-0
488,NECHEJ__ligand13862-0
489,NECHEJ__ligand11357-0
490,NECHEJ__ligand3677-1
491,NECHEJ__ligand9883-0
492,NECHEJ__ligand7291-0
493,NECHEJ__ligand12365-0
494,NECHEJ__ligand10056-0
495,NECHEJ__ligand372-0
496,NECHEJ__ligand10828-0
497,NECHEJ__ligand8000-0
498,NECHEJ__ligand32-0
499,NECHEJ__ligand19792-0
500,NECHEJ__ligand3736-0
501,NECHEJ__ligand15926-0
502,NECHEJ__ligand9344-0
503,NECHEJ__ligand24230-0
504,NECHEJ__ligand11096-0
505,NECHEJ__ligand11447-0
506,NECHEJ__ligand28810-0
507,NECHEJ__ligand116-0
508,NECHEJ__ligand5383-0
509,NECHEJ__ligand2693-0
510,NECHEJ__ligand15883-0
511,NECHEJ__ligand252-0
512,NECHEJ__ligand11970-0
513,NECHEJ__ligand3945-0
514,NECHEJ__ligand2881-0
515,NECHEJ__ligand1499-0
516,NECHEJ__ligand1464-0
517,NECHEJ__ligand3712-0
518,NECHEJ__ligand25913-0
519,NECHEJ__ligand16-0
520,NECHEJ__ligand16988-0
521,NECHEJ__ligand1211-0
522,NECHEJ__ligand30711-0
523,NECHEJ__ligand20207-0
524,NECHEJ__ligand177-0
525,NECHEJ__ligand11682-0
526,NECHEJ__ligand6892-0
527,NECHEJ__ligand11994-0
528,NECHEJ__ligand1294-0
529,NECHEJ__ligand31044-0
530,NECHEJ__ligand1168-0
531,NECHEJ__ligand31842-0
532,NECHEJ__ligand909-0
533,NECHEJ__ligand3677-0
534,NECHEJ__ligand3632-0
535,NECHEJ__ligand24035-0
536,NECHEJ__ligand14614-0
537,NECHEJ__ligand6699-0
538,NECHEJ__ligand16663-0
539,NECHEJ__ligand15788-0
540,NECHEJ__ligand23175-0
541,NECHEJ__ligand1114-0
542,NECHEJ__ligand17396-0
543,NECHEJ__ligand9284-0
544,NECHEJ__ligand13220-0
545,NECHEJ__ligand11587-0
546,NECHEJ__ligand6391-0
547,NECHEJ__ligand3126-0
548,NECHEJ__ligand22444-0
549,NECHEJ__ligand57-0
550,NECHEJ__ligand24111-0
551,NECHEJ__ligand13385-0
552,NECHEJ__ligand2417-0
553,NECHEJ__ligand14569-0
554,NECHEJ__ligand868-0
555,NECHEJ__ligand8788-0
556,NECHEJ__ligand12001-0
557,NECHEJ__ligand1832-0
558,NECHEJ__ligand24644-0
559,NECHEJ__ligand10033-0
560,NECHEJ__ligand2043-0
561,NECHEJ__ligand783-0
562,NECHEJ__ligand352-0
563,NECHEJ__ligand24872-0
564,NECHEJ__ligand1228-0
565,NECHEJ__ligand9943-0
566,NECHEJ__ligand30728-0
567,NECHEJ__ligand1604-0
568,NECHEJ__ligand27840-0
569,NECHEJ__ligand9450-0
570,NECHEJ__ligand25561-0
571,NECHEJ__ligand1599-0
572,NECHEJ__ligand24780-0
573,NECHEJ__ligand12138-0
574,NECHEJ__ligand22129-0
575,NECHEJ__ligand11949-0
576,NECHEJ__ligand2612-0
577,NECHEJ__ligand197-0
578,NECHEJ__ligand17427-0
579,NECHEJ__ligand5387-0
580,NECHEJ__ligand2203-0
581,NECHEJ__ligand1289-0
582,NECHEJ__ligand29486-0
583,NECHEJ__ligand31694-0
584,NECHEJ__ligand3244-0
585,NECHEJ__ligand4711-0
586,NECHEJ__ligand11618-0
587,NECHEJ__ligand685-0
588,NECHEJ__ligand2906-0
589,NECHEJ__ligand421-0
590,NECHEJ__ligand26529-0
591,NECHEJ__ligand34-0
592,NECHEJ__ligand5649-0
593,NECHEJ__ligand2788-0
594,NECHEJ__ligand8793-0
595,NECHEJ__ligand4649-0
596,NECHEJ__ligand5159-0
597,NECHEJ__ligand7196-0
598,NECHEJ__ligand9753-0
599,NECHEJ__ligand5530-0
600,NECHEJ__ligand27239-0
601,NECHEJ__ligand1787-0
602,NECHEJ__ligand1356-0
603,NECHEJ__ligand21729-0
604,NECHEJ__ligand14043-0
605,NECHEJ__ligand3178-0
606,NECHEJ__ligand26324-0
607,NECHEJ__ligand28559-0
608,NECHEJ__ligand8-0
609,NECHEJ__ligand4807-0
610,NECHEJ__ligand294-0
611,NECHEJ__ligand19927-0
612,NECHEJ__ligand68-0
613,NECHEJ__ligand10872-0
614,NECHEJ__ligand5180-0
615,NECHEJ__ligand21399-0
616,NECHEJ__ligand12003-0
617,NECHEJ__ligand16148-0
618,NECHEJ__ligand26631-0
619,NECHEJ__ligand5708-0
620,NECHEJ__ligand7316-0
621,NECHEJ__ligand29215-0
622,NECHEJ__ligand6017-0
623,NECHEJ__ligand560-0
624,NECHEJ__ligand11111-0
625,NECHEJ__ligand235-0
626,NECHEJ__ligand28540-0
627,NECHEJ__ligand2124-0
628,NECHEJ__ligand8612-0
629,NECHEJ__ligand16369-0
630,NECHEJ__ligand1116-0
631,NECHEJ__ligand3225-0
632,NECHEJ__ligand134-0
633,NECHEJ__ligand1153-0
634,NECHEJ__ligand2260-0
635,NECHEJ__ligand7092-0
636,NECHEJ__ligand20695-0
637,NECHEJ__ligand27754-0
638,NECHEJ__ligand9323-0
639,NECHEJ__ligand7273-0
640,NECHEJ__ligand22403-0
641,NECHEJ__ligand55-0
642,NECHEJ__ligand7172-0
643,NECHEJ__ligand152-0
644,NECHEJ__ligand15455-0
645,NECHEJ__ligand2692-0
646,NECHEJ__ligand1618-0
647,NECHEJ__ligand11177-0
648,NECHEJ__ligand31205-0
649,NECHEJ__ligand4262-0
650,NECHEJ__ligand17686-0
651,NECHEJ__ligand25658-0
652,NECHEJ__ligand1028-0
653,NECHEJ__ligand1015-0
654,NECHEJ__ligand1050-0
655,NECHEJ__ligand16603-0
656,NECHEJ__ligand2027-0
657,NECHEJ__ligand11814-0
658,NECHEJ__ligand11622-0
659,NECHEJ__ligand506-0
660,NECHEJ__ligand16870-0
661,NECHEJ__ligand20821-0
662,NECHEJ__ligand26673-0
663,NECHEJ__ligand487-0
664,NECHEJ__ligand8529-0
665,NECHEJ__ligand31000-0
666,NECHEJ__ligand1169-0
667,NECHEJ__ligand11606-0
668,NECHEJ__ligand9615-0
669,NECHEJ__ligand13260-0
670,NECHEJ__ligand10582-0
671,NECHEJ__ligand1154-0
672,NECHEJ__ligand176-0
673,NECHEJ__ligand11252-0
674,NECHEJ__ligand746-0
675,NECHEJ__ligand4596-0
676,NECHEJ__ligand18067-0
677,NECHEJ__ligand1498-0
678,NECHEJ__ligand19824-0
679,NECHEJ__ligand447-0
680,NECHEJ__ligand17-0
681,NECHEJ__ligand1113-0
682,NECHEJ__ligand8553-0
683,NECHEJ__ligand10151-0
684,NECHEJ__ligand368-0
685,NECHEJ__ligand5201-0
686,NECHEJ__ligand395-0
687,NECHEJ__ligand7566-0
688,NECHEJ__ligand2001-0
689,NECHEJ__ligand784-0
690,NECHEJ__ligand22353-0
691,NECHEJ__ligand9944-0
692,NECHEJ__ligand8593-0
693,NECHEJ__ligand19906-0
694,NECHEJ__ligand19668-0
695,NECHEJ__ligand2823-0
696,NECHEJ__ligand49-0
697,NECHEJ__ligand10853-0
698,NECHEJ__ligand29441-0
699,NECHEJ__ligand11479-0
700,NECHEJ__ligand27610-0
701,NECHEJ__ligand10479-0
702,NECHEJ__ligand833-0
703,NECHEJ__ligand6995-0
704,NECHEJ__ligand14347-0
705,NECHEJ__ligand13657-0
706,NECHEJ__ligand14302-0
707,NECHEJ__ligand3180-0
708,NECHEJ__ligand11698-0
709,NECHEJ__ligand20530-0
710,NECHEJ__ligand2650-0
711,NECHEJ__ligand2281-0
712,NECHEJ__ligand4340-0
713,NECHEJ__ligand24851-0
714,NECHEJ__ligand20121-0
715,NECHEJ__ligand5415-0
716,NECHEJ__ligand15387-0
717,NECHEJ__ligand20220-0
718,NECHEJ__ligand115-0
719,NECHEJ__ligand4161-0
720,NECHEJ__ligand3471-0
721,NECHEJ__ligand4124-0
722,NECHEJ__ligand29813-0
723,NECHEJ__ligand16952-0
724,NECHEJ__ligand89-0
725,NECHEJ__ligand3285-0
726,NECHEJ__ligand14007-0
727,NECHEJ__ligand4795-0
728,NECHEJ__ligand18019-1
729,NECHEJ__ligand314-1
730,NECHEJ__ligand1908-0
731,NECHEJ__ligand5630-0
732,NECHEJ__ligand27550-0
733,NECHEJ__ligand1786-0
734,NECHEJ__ligand6112-0
735,NECHEJ__ligand465-0
736,NECHEJ__ligand8042-0
737,NECHEJ__ligand21339-0
738,NECHEJ__ligand14226-0
739,NECHEJ__ligand16956-0
740,NECHEJ__ligand1397-0
741,NECHEJ__ligand7213-0
742,NECHEJ__ligand20942-1
743,NECHEJ__ligand1828-0
744,NECHEJ__ligand27771-0
745,NECHEJ__ligand4710-0
746,NECHEJ__ligand18158-0
747,NECHEJ__ligand5755-0
748,NECHEJ__ligand23682-0
749,NECHEJ__ligand29565-0
750,NECHEJ__ligand3144-0
751,NECHEJ__ligand5085-0
752,NECHEJ__ligand11798-0
753,NECHEJ__ligand1849-0
754,NECHEJ__ligand391-0
755,NECHEJ__ligand20731-0
756,NECHEJ__ligand11-0
757,NECHEJ__ligand29334-0
758,NECHEJ__ligand12413-0
759,NECHEJ__ligand1216-0
760,NECHEJ__ligand17445-0
761,NECHEJ__ligand1152-0
762,NECHEJ__ligand14477-0
763,NECHEJ__ligand3261-0
764,NECHEJ__ligand17069-0
765,NECHEJ__ligand5019-0
766,NECHEJ__ligand618-0
767,NECHEJ__ligand11501-0
768,NECHEJ__ligand11544-0
769,NECHEJ__ligand29214-0
770,NECHEJ__ligand69-0
771,NECHEJ__ligand5515-0
772,NECHEJ__ligand780-0
773,NECHEJ__ligand314-0
774,NECHEJ__ligand6663-0
775,NECHEJ__ligand11758-0
776,NECHEJ__ligand22357-0
777,NECHEJ__ligand5280-0
778,NECHEJ__ligand5614-0
779,NECHEJ__ligand813-0
780,NECHEJ__ligand1831-0
781,NECHEJ__ligand21448-0
782,NECHEJ__ligand4063-0
783,NECHEJ__ligand7438-0
784,NECHEJ__ligand8200-0
785,NECHEJ__ligand30004-0
786,NECHEJ__ligand20557-0
787,NECHEJ__ligand353-0
788,NECHEJ__ligand3042-0
789,NECHEJ__ligand4207-0
790,NECHEJ__ligand24953-0
791,NECHEJ__ligand23445-0
792,NECHEJ__ligand3453-0
793,NECHEJ__ligand393-0
794,NECHEJ__ligand3416-0
795,NECHEJ__ligand13755-0
796,NECHEJ__ligand16133-0
797,NECHEJ__ligand20432-0
798,NECHEJ__ligand27122-0
799,NECHEJ__ligand1150-0
800,NECHEJ__ligand1539-0
801,NECHEJ__ligand21940-0
802,NECHEJ__ligand25048-0
803,NECHEJ__ligand4167-0
804,NECHEJ__ligand9491-0
805,NECHEJ__ligand21752-0
806,NECHEJ__ligand1400-0
807,NECHEJ__ligand4266-0
808,NECHEJ__ligand422-0
809,NECHEJ__ligand13691-0
810,NECHEJ__ligand686-0
811,NECHEJ__ligand30788-0
812,NECHEJ__ligand14339-0
813,NECHEJ__ligand1288-0
814,NECHEJ__ligand1149-0
815,NECHEJ__ligand3980-0
816,NECHEJ__ligand3557-0
817,NECHEJ__ligand7075-0
818,NECHEJ__ligand196-0
819,NECHEJ__ligand24624-0
820,NECHEJ__ligand9750-0
821,NECHEJ__ligand18413-0
822,NECHEJ__ligand20844-0
823,NECHEJ__ligand6993-0
824,NECHEJ__ligand1817-0
825,NECHEJ__ligand1779-0
826,NECHEJ__ligand24560-0
827,NECHEJ__ligand18757-0
