,TMC
0,POSZEC__ligand21-0
1,POSZEC__ligand119-0
2,POSZEC__ligand124-0
3,POSZEC__ligand1307-0
4,POSZEC__ligand100-0
5,POSZEC__ligand2599-0
6,POSZEC__ligand5089-0
7,POSZEC__ligand201-0
8,POSZEC__ligand244-0
9,POSZEC__ligand38-0
10,POSZEC__ligand2853-0
11,POSZEC__ligand3853-0
12,POSZEC__ligand6166-0
13,POSZEC__ligand40-0
14,POSZEC__ligand321-0
15,POSZEC__ligand279-0
16,POSZEC__ligand178-0
17,POSZEC__ligand1246-0
18,POSZEC__ligand366-0
19,POSZEC__ligand1788-0
20,POSZEC__ligand861-0
21,POSZEC__ligand612-0
22,POSZEC__ligand187-0
23,POSZEC__ligand1178-0
24,POSZEC__ligand3566-0
25,POSZEC__ligand596-0
26,POSZEC__ligand1321-0
27,POSZEC__ligand126-0
28,POSZEC__ligand4811-0
29,POSZEC__ligand1449-1
30,POSZEC__ligand7514-0
31,POSZEC__ligand3337-0
32,POSZEC__ligand66-0
33,POSZEC__ligand9620-0
34,POSZEC__ligand4894-0
35,POSZEC__ligand1260-0
36,POSZEC__ligand757-0
37,POSZEC__ligand2376-0
38,POSZEC__ligand2929-0
39,POSZEC__ligand1221-0
40,POSZEC__ligand1264-0
41,POSZEC__ligand1299-0
42,POSZEC__ligand6430-0
43,POSZEC__ligand62-0
44,POSZEC__ligand797-0
45,POSZEC__ligand10479-0
46,POSZEC__ligand1379-0
47,POSZEC__ligand1104-0
48,POSZEC__ligand5762-0
49,POSZEC__ligand7414-0
50,POSZEC__ligand1019-0
51,POSZEC__ligand2442-0
52,POSZEC__ligand6571-0
53,POSZEC__ligand2482-0
54,POSZEC__ligand86-0
55,POSZEC__ligand1325-0
56,POSZEC__ligand10114-0
57,POSZEC__ligand1898-0
58,POSZEC__ligand2480-0
59,POSZEC__ligand4504-0
60,POSZEC__ligand3051-0
61,POSZEC__ligand2315-0
62,POSZEC__ligand10910-0
63,POSZEC__ligand240-0
64,POSZEC__ligand5334-0
65,POSZEC__ligand141-0
66,POSZEC__ligand1858-0
67,POSZEC__ligand8032-0
68,POSZEC__ligand3579-0
69,POSZEC__ligand2916-0
70,POSZEC__ligand2110-0
71,POSZEC__ligand14530-0
72,POSZEC__ligand1712-0
73,POSZEC__ligand18-0
74,POSZEC__ligand384-0
75,POSZEC__ligand2389-0
76,POSZEC__ligand120-0
77,POSZEC__ligand1919-0
78,POSZEC__ligand7630-0
79,POSZEC__ligand1285-0
80,POSZEC__ligand1555-0
81,POSZEC__ligand4423-0
82,POSZEC__ligand1907-0
83,POSZEC__ligand3890-0
84,POSZEC__ligand1160-0
85,POSZEC__ligand2253-0
86,POSZEC__ligand2954-0
87,POSZEC__ligand5093-0
88,POSZEC__ligand2762-0
89,POSZEC__ligand67-0
90,POSZEC__ligand1038-0
91,POSZEC__ligand7550-0
92,POSZEC__ligand383-0
93,POSZEC__ligand162-0
94,POSZEC__ligand226-0
95,POSZEC__ligand3070-0
96,POSZEC__ligand3035-0
97,POSZEC__ligand2718-0
98,POSZEC__ligand1493-0
99,POSZEC__ligand509-0
100,POSZEC__ligand9176-0
101,POSZEC__ligand670-0
102,POSZEC__ligand118-0
103,POSZEC__ligand571-0
104,POSZEC__ligand3251-0
105,POSZEC__ligand4619-0
106,POSZEC__ligand6143-0
107,POSZEC__ligand5235-0
108,POSZEC__ligand278-0
109,POSZEC__ligand7456-0
110,POSZEC__ligand365-0
111,POSZEC__ligand1818-0
112,POSZEC__ligand358-0
113,POSZEC__ligand3478-0
114,POSZEC__ligand430-0
115,POSZEC__ligand3852-0
116,POSZEC__ligand669-0
117,POSZEC__ligand5758-0
118,POSZEC__ligand324-0
119,POSZEC__ligand361-0
120,POSZEC__ligand45-0
121,POSZEC__ligand409-0
122,POSZEC__ligand1436-0
123,POSZEC__ligand2618-0
124,POSZEC__ligand3618-0
125,POSZEC__ligand140-0
126,POSZEC__ligand4370-0
127,POSZEC__ligand105-0
128,POSZEC__ligand85-0
129,POSZEC__ligand78-0
130,POSZEC__ligand927-0
131,POSZEC__ligand199-0
132,POSZEC__ligand1918-0
133,POSZEC__ligand10357-0
134,POSZEC__ligand15630-0
135,POSZEC__ligand4175-0
136,POSZEC__ligand575-0
137,POSZEC__ligand2255-0
138,POSZEC__ligand497-0
139,POSZEC__ligand918-0
140,POSZEC__ligand633-0
141,POSZEC__ligand2915-0
142,POSZEC__ligand8-0
143,POSZEC__ligand532-0
144,POSZEC__ligand4012-0
145,POSZEC__ligand3196-0
146,POSZEC__ligand166-0
147,POSZEC__ligand838-0
148,POSZEC__ligand142-0
149,POSZEC__ligand1551-0
150,POSZEC__ligand2526-0
151,POSZEC__ligand206-0
152,POSZEC__ligand436-0
153,POSZEC__ligand821-0
154,POSZEC__ligand2707-0
155,POSZEC__ligand326-0
156,POSZEC__ligand553-0
157,POSZEC__ligand1690-0
158,POSZEC__ligand283-0
159,POSZEC__ligand1438-0
160,POSZEC__ligand868-0
161,POSZEC__ligand3063-0
162,POSZEC__ligand442-0
163,POSZEC__ligand5801-0
164,POSZEC__ligand136-0
165,POSZEC__ligand1171-0
166,POSZEC__ligand352-0
167,POSZEC__ligand783-0
168,POSZEC__ligand197-0
169,POSZEC__ligand1685-0
170,POSZEC__ligand296-0
171,POSZEC__ligand3757-0
172,POSZEC__ligand1048-0
173,POSZEC__ligand2087-0
174,POSZEC__ligand17-0
175,POSZEC__ligand11730-0
176,POSZEC__ligand92-0
177,POSZEC__ligand1459-0
178,POSZEC__ligand112-0
179,POSZEC__ligand1544-0
180,POSZEC__ligand4-0
181,POSZEC__ligand2768-0
182,POSZEC__ligand1376-0
183,POSZEC__ligand798-0
184,POSZEC__ligand421-0
185,POSZEC__ligand6-0
186,POSZEC__ligand2259-0
187,POSZEC__ligand2688-0
188,POSZEC__ligand584-0
189,POSZEC__ligand916-0
190,POSZEC__ligand1687-0
191,POSZEC__ligand294-0
192,POSZEC__ligand1951-0
193,POSZEC__ligand993-0
194,POSZEC__ligand6277-0
195,POSZEC__ligand331-0
196,POSZEC__ligand525-0
197,POSZEC__ligand4381-0
198,POSZEC__ligand560-0
199,POSZEC__ligand109-0
200,POSZEC__ligand2629-0
201,POSZEC__ligand89-0
202,POSZEC__ligand3734-0
203,POSZEC__ligand1706-0
204,POSZEC__ligand49-0
205,POSZEC__ligand390-0
206,POSZEC__ligand134-0
207,POSZEC__ligand932-0
208,POSZEC__ligand235-0
209,POSZEC__ligand1747-0
210,POSZEC__ligand6686-0
211,POSZEC__ligand311-0
212,POSZEC__ligand5548-0
213,POSZEC__ligand7915-0
214,POSZEC__ligand3145-0
215,POSZEC__ligand188-0
216,POSZEC__ligand6332-0
217,POSZEC__ligand3178-0
218,POSZEC__ligand2863-0
219,POSZEC__ligand444-0
220,POSZEC__ligand6502-0
221,POSZEC__ligand2098-0
222,POSZEC__ligand369-0
223,POSZEC__ligand1542-0
224,POSZEC__ligand2634-0
225,POSZEC__ligand250-0
226,POSZEC__ligand460-0
227,POSZEC__ligand3041-0
228,POSZEC__ligand2751-0
229,POSZEC__ligand370-0
230,POSZEC__ligand11-0
231,POSZEC__ligand830-0
232,POSZEC__ligand1538-0
233,POSZEC__ligand1114-0
234,POSZEC__ligand193-0
235,POSZEC__ligand9244-0
236,POSZEC__ligand252-0
237,POSZEC__ligand1228-0
238,POSZEC__ligand955-0
239,POSZEC__ligand177-0
240,POSZEC__ligand934-0
241,POSZEC__ligand1148-0
242,POSZEC__ligand1479-0
243,POSZEC__ligand851-0
244,POSZEC__ligand3246-0
245,POSZEC__ligand909-0
246,POSZEC__ligand51-0
247,POSZEC__ligand9027-0
248,POSZEC__ligand6396-0
249,POSZEC__ligand2265-0
250,POSZEC__ligand1113-0
251,POSZEC__ligand210-0
252,POSZEC__ligand1502-0
253,POSZEC__ligand91-0
254,POSZEC__ligand4983-0
255,POSZEC__ligand29-0
256,POSZEC__ligand1835-0
257,POSZEC__ligand2794-0
258,POSZEC__ligand2345-0
259,POSZEC__ligand170-0
260,POSZEC__ligand1052-0
261,POSZEC__ligand48-0
262,POSZEC__ligand391-0
263,POSZEC__ligand481-0
264,POSZEC__ligand314-0
265,POSZEC__ligand1273-0
266,POSZEC__ligand32-0
267,POSZEC__ligand353-0
268,POSZEC__ligand6538-0
269,POSZEC__ligand2772-0
270,POSZEC__ligand6151-0
271,POSZEC__ligand9495-0
272,POSZEC__ligand2142-0
273,POSZEC__ligand236-0
274,POSZEC__ligand2864-0
275,POSZEC__ligand113-0
276,POSZEC__ligand1169-0
277,POSZEC__ligand5022-0
278,POSZEC__ligand422-0
279,POSZEC__ligand1799-0
280,POSZEC__ligand3838-0
281,POSZEC__ligand2838-0
282,POSZEC__ligand2880-0
283,POSZEC__ligand5941-0
284,POSZEC__ligand196-0
285,POSZEC__ligand502-0
286,POSZEC__ligand8774-0
287,POSZEC__ligand682-0
288,POSZEC__ligand1-0
289,POSZEC__ligand3637-0
290,POSZEC__ligand57-0
291,POSZEC__ligand7464-0
292,POSZEC__ligand522-0
293,POSZEC__ligand666-0
294,POSZEC__ligand487-0
295,POSZEC__ligand73-0
296,POSZEC__ligand447-0
297,POSZEC__ligand1054-0
298,POSZEC__ligand6294-0
299,POSZEC__ligand4303-0
300,POSZEC__ligand133-0
301,POSZEC__ligand1248-0
302,POSZEC__ligand1598-0
303,POSZEC__ligand2862-0
304,POSZEC__ligand1056-0
305,POSZEC__ligand2320-0
306,POSZEC__ligand2510-0
307,POSZEC__ligand8921-0
308,POSZEC__ligand1567-0
309,POSZEC__ligand2285-0
310,POSZEC__ligand2907-0
311,POSZEC__ligand2430-0
312,POSZEC__ligand34-0
313,POSZEC__ligand1703-0
314,POSZEC__ligand355-0
315,POSZEC__ligand784-0
316,POSZEC__ligand485-0
317,POSZEC__ligand1152-0
318,POSZEC__ligand291-0
319,POSZEC__ligand1727-0
320,POSZEC__ligand55-0
321,POSZEC__ligand95-0
322,POSZEC__ligand115-0
323,POSZEC__ligand1607-0
324,POSZEC__ligand3-0
