,TMC
0,YAVKOY__ligand1727-0
1,YAVKOY__ligand575-0
2,YAVKOY__ligand1152-0
3,YAVKOY__ligand927-0
4,YAVKOY__ligand1607-0
5,YAVKOY__ligand199-0
6,YAVKOY__ligand21-0
7,YAVKOY__ligand2285-0
8,YAVKOY__ligand40-0
9,YAVKOY__ligand1567-0
10,YAVKOY__ligand8921-0
11,YAVKOY__ligand2510-0
12,YAVKOY__ligand140-0
13,YAVKOY__ligand105-0
14,YAVKOY__ligand2320-0
15,YAVKOY__ligand1056-0
16,YAVKOY__ligand2862-0
17,YAVKOY__ligand409-0
18,YAVKOY__ligand324-0
19,YAVKOY__ligand361-0
20,YAVKOY__ligand1703-0
21,YAVKOY__ligand2430-0
22,YAVKOY__ligand10357-0
23,YAVKOY__ligand38-0
24,YAVKOY__ligand15630-0
25,YAVKOY__ligand2907-0
26,YAVKOY__ligand821-0
27,YAVKOY__ligand326-0
28,YAVKOY__ligand553-0
29,YAVKOY__ligand7464-0
30,YAVKOY__ligand283-0
31,YAVKOY__ligand1598-0
32,YAVKOY__ligand142-0
33,YAVKOY__ligand1248-0
34,YAVKOY__ligand206-0
35,YAVKOY__ligand4303-0
36,YAVKOY__ligand6294-0
37,YAVKOY__ligand436-0
38,YAVKOY__ligand1054-0
39,YAVKOY__ligand66-0
40,YAVKOY__ligand3637-0
41,YAVKOY__ligand166-0
42,YAVKOY__ligand838-0
43,YAVKOY__ligand8774-0
44,YAVKOY__ligand497-0
45,YAVKOY__ligand633-0
46,YAVKOY__ligand918-0
47,YAVKOY__ligand532-0
48,YAVKOY__ligand383-0
49,YAVKOY__ligand5022-0
50,YAVKOY__ligand1169-0
51,YAVKOY__ligand162-0
52,YAVKOY__ligand62-0
53,YAVKOY__ligand226-0
54,YAVKOY__ligand2880-0
55,YAVKOY__ligand5941-0
56,YAVKOY__ligand2838-0
57,YAVKOY__ligand3838-0
58,YAVKOY__ligand1799-0
59,YAVKOY__ligand86-0
60,YAVKOY__ligand2142-0
61,YAVKOY__ligand9495-0
62,YAVKOY__ligand6151-0
63,YAVKOY__ligand2772-0
64,YAVKOY__ligand6538-0
65,YAVKOY__ligand2864-0
66,YAVKOY__ligand430-0
67,YAVKOY__ligand358-0
68,YAVKOY__ligand1052-0
69,YAVKOY__ligand669-0
70,YAVKOY__ligand1273-0
71,YAVKOY__ligand278-0
72,YAVKOY__ligand365-0
73,YAVKOY__ligand1113-0
74,YAVKOY__ligand2265-0
75,YAVKOY__ligand118-0
76,YAVKOY__ligand670-0
77,YAVKOY__ligand6396-0
78,YAVKOY__ligand571-0
79,YAVKOY__ligand18-0
80,YAVKOY__ligand9027-0
81,YAVKOY__ligand2794-0
82,YAVKOY__ligand2345-0
83,YAVKOY__ligand1835-0
84,YAVKOY__ligand4983-0
85,YAVKOY__ligand509-0
86,YAVKOY__ligand1502-0
87,YAVKOY__ligand1479-0
88,YAVKOY__ligand8-0
89,YAVKOY__ligand1148-0
90,YAVKOY__ligand3246-0
91,YAVKOY__ligand10479-0
92,YAVKOY__ligand1114-0
93,YAVKOY__ligand1538-0
94,YAVKOY__ligand797-0
95,YAVKOY__ligand757-0
96,YAVKOY__ligand10114-0
97,YAVKOY__ligand67-0
98,YAVKOY__ligand1228-0
99,YAVKOY__ligand9244-0
100,YAVKOY__ligand3041-0
101,YAVKOY__ligand10910-0
102,YAVKOY__ligand384-0
103,YAVKOY__ligand120-0
104,YAVKOY__ligand2634-0
105,YAVKOY__ligand1542-0
106,YAVKOY__ligand2751-0
107,YAVKOY__ligand14530-0
108,YAVKOY__ligand3145-0
109,YAVKOY__ligand7915-0
110,YAVKOY__ligand5548-0
111,YAVKOY__ligand1747-0
112,YAVKOY__ligand6686-0
113,YAVKOY__ligand2098-0
114,YAVKOY__ligand6502-0
115,YAVKOY__ligand2863-0
116,YAVKOY__ligand3178-0
117,YAVKOY__ligand240-0
118,YAVKOY__ligand6332-0
119,YAVKOY__ligand141-0
120,YAVKOY__ligand1706-0
121,YAVKOY__ligand3734-0
122,YAVKOY__ligand321-0
123,YAVKOY__ligand2629-0
124,YAVKOY__ligand78-0
125,YAVKOY__ligand279-0
126,YAVKOY__ligand85-0
127,YAVKOY__ligand4381-0
128,YAVKOY__ligand178-0
129,YAVKOY__ligand100-0
130,YAVKOY__ligand45-0
131,YAVKOY__ligand201-0
132,YAVKOY__ligand244-0
133,YAVKOY__ligand2259-0
134,YAVKOY__ligand124-0
135,YAVKOY__ligand2688-0
136,YAVKOY__ligand1376-0
137,YAVKOY__ligand2768-0
138,YAVKOY__ligand6277-0
139,YAVKOY__ligand1951-0
140,YAVKOY__ligand119-0
141,YAVKOY__ligand1687-0
142,YAVKOY__ligand2087-0
143,YAVKOY__ligand1048-0
144,YAVKOY__ligand3757-0
145,YAVKOY__ligand1685-0
146,YAVKOY__ligand126-0
147,YAVKOY__ligand1544-0
148,YAVKOY__ligand1459-0
149,YAVKOY__ligand596-0
150,YAVKOY__ligand5801-0
151,YAVKOY__ligand3063-0
152,YAVKOY__ligand1438-0
153,YAVKOY__ligand366-0
154,YAVKOY__ligand861-0
155,YAVKOY__ligand1171-0
156,YAVKOY__ligand612-0
157,YAVKOY__ligand187-0
158,YAVKOY__ligand447-0
159,YAVKOY__ligand2526-0
160,YAVKOY__ligand133-0
161,YAVKOY__ligand1551-0
162,YAVKOY__ligand522-0
163,YAVKOY__ligand1690-0
164,YAVKOY__ligand666-0
165,YAVKOY__ligand487-0
166,YAVKOY__ligand2707-0
167,YAVKOY__ligand92-0
168,YAVKOY__ligand2915-0
169,YAVKOY__ligand682-0
170,YAVKOY__ligand17-0
171,YAVKOY__ligand3196-0
172,YAVKOY__ligand4012-0
173,YAVKOY__ligand115-0
174,YAVKOY__ligand1918-0
175,YAVKOY__ligand291-0
176,YAVKOY__ligand2255-0
177,YAVKOY__ligand4175-0
178,YAVKOY__ligand3618-0
179,YAVKOY__ligand49-0
180,YAVKOY__ligand2618-0
181,YAVKOY__ligand784-0
182,YAVKOY__ligand355-0
183,YAVKOY__ligand1436-0
184,YAVKOY__ligand485-0
185,YAVKOY__ligand4370-0
186,YAVKOY__ligand89-0
187,YAVKOY__ligand1818-0
188,YAVKOY__ligand481-0
189,YAVKOY__ligand314-0
190,YAVKOY__ligand7456-0
191,YAVKOY__ligand6-0
192,YAVKOY__ligand170-0
193,YAVKOY__ligand5758-0
194,YAVKOY__ligand3852-0
195,YAVKOY__ligand391-0
196,YAVKOY__ligand3478-0
197,YAVKOY__ligand11-0
198,YAVKOY__ligand210-0
199,YAVKOY__ligand9176-0
200,YAVKOY__ligand1493-0
201,YAVKOY__ligand2718-0
202,YAVKOY__ligand3035-0
203,YAVKOY__ligand3070-0
204,YAVKOY__ligand5235-0
205,YAVKOY__ligand6143-0
206,YAVKOY__ligand4619-0
207,YAVKOY__ligand3251-0
208,YAVKOY__ligand1038-0
209,YAVKOY__ligand2762-0
210,YAVKOY__ligand5093-0
211,YAVKOY__ligand2954-0
212,YAVKOY__ligand196-0
213,YAVKOY__ligand502-0
214,YAVKOY__ligand2253-0
215,YAVKOY__ligand1160-0
216,YAVKOY__ligand113-0
217,YAVKOY__ligand422-0
218,YAVKOY__ligand7550-0
219,YAVKOY__ligand1555-0
220,YAVKOY__ligand236-0
221,YAVKOY__ligand1285-0
222,YAVKOY__ligand7630-0
223,YAVKOY__ligand353-0
224,YAVKOY__ligand3890-0
225,YAVKOY__ligand1907-0
226,YAVKOY__ligand4-0
227,YAVKOY__ligand4423-0
228,YAVKOY__ligand1712-0
229,YAVKOY__ligand370-0
230,YAVKOY__ligand29-0
231,YAVKOY__ligand2110-0
232,YAVKOY__ligand2916-0
233,YAVKOY__ligand3579-0
234,YAVKOY__ligand91-0
235,YAVKOY__ligand1919-0
236,YAVKOY__ligand51-0
237,YAVKOY__ligand250-0
238,YAVKOY__ligand460-0
239,YAVKOY__ligand2389-0
240,YAVKOY__ligand5334-0
241,YAVKOY__ligand188-0
242,YAVKOY__ligand2315-0
243,YAVKOY__ligand3051-0
244,YAVKOY__ligand4504-0
245,YAVKOY__ligand2480-0
246,YAVKOY__ligand369-0
247,YAVKOY__ligand444-0
248,YAVKOY__ligand1898-0
249,YAVKOY__ligand8032-0
250,YAVKOY__ligand311-0
251,YAVKOY__ligand1858-0
252,YAVKOY__ligand3-0
253,YAVKOY__ligand48-0
254,YAVKOY__ligand2442-0
255,YAVKOY__ligand1019-0
256,YAVKOY__ligand851-0
257,YAVKOY__ligand909-0
258,YAVKOY__ligand5762-0
259,YAVKOY__ligand7414-0
260,YAVKOY__ligand1-0
261,YAVKOY__ligand1104-0
262,YAVKOY__ligand934-0
263,YAVKOY__ligand177-0
264,YAVKOY__ligand32-0
265,YAVKOY__ligand1325-0
266,YAVKOY__ligand2482-0
267,YAVKOY__ligand6571-0
268,YAVKOY__ligand2929-0
269,YAVKOY__ligand252-0
270,YAVKOY__ligand955-0
271,YAVKOY__ligand2376-0
272,YAVKOY__ligand1379-0
273,YAVKOY__ligand830-0
274,YAVKOY__ligand6430-0
275,YAVKOY__ligand1299-0
276,YAVKOY__ligand1264-0
277,YAVKOY__ligand1221-0
278,YAVKOY__ligand193-0
279,YAVKOY__ligand3337-0
280,YAVKOY__ligand7514-0
281,YAVKOY__ligand112-0
282,YAVKOY__ligand1449-1
283,YAVKOY__ligand4811-0
284,YAVKOY__ligand57-0
285,YAVKOY__ligand4894-0
286,YAVKOY__ligand1260-0
287,YAVKOY__ligand9620-0
288,YAVKOY__ligand197-0
289,YAVKOY__ligand296-0
290,YAVKOY__ligand1788-0
291,YAVKOY__ligand783-0
292,YAVKOY__ligand352-0
293,YAVKOY__ligand868-0
294,YAVKOY__ligand442-0
295,YAVKOY__ligand1321-0
296,YAVKOY__ligand73-0
297,YAVKOY__ligand11730-0
298,YAVKOY__ligand3566-0
299,YAVKOY__ligand136-0
300,YAVKOY__ligand1178-0
301,YAVKOY__ligand3853-0
302,YAVKOY__ligand2853-0
303,YAVKOY__ligand390-0
304,YAVKOY__ligand134-0
305,YAVKOY__ligand932-0
306,YAVKOY__ligand2599-0
307,YAVKOY__ligand5089-0
308,YAVKOY__ligand235-0
309,YAVKOY__ligand34-0
310,YAVKOY__ligand1246-0
311,YAVKOY__ligand525-0
312,YAVKOY__ligand560-0
313,YAVKOY__ligand109-0
314,YAVKOY__ligand6166-0
315,YAVKOY__ligand294-0
316,YAVKOY__ligand95-0
317,YAVKOY__ligand993-0
318,YAVKOY__ligand331-0
319,YAVKOY__ligand421-0
320,YAVKOY__ligand1307-0
321,YAVKOY__ligand798-0
322,YAVKOY__ligand55-0
323,YAVKOY__ligand916-0
324,YAVKOY__ligand584-0
