,TMC
0,KEFYEZ__ligand112-0
1,KEFYEZ__ligand8774-0
2,KEFYEZ__ligand197-0
3,KEFYEZ__ligand296-0
4,KEFYEZ__ligand3637-0
5,KEFYEZ__ligand1054-0
6,KEFYEZ__ligand352-0
7,KEFYEZ__ligand783-0
8,KEFYEZ__ligand6294-0
9,KEFYEZ__ligand1248-0
10,KEFYEZ__ligand4303-0
11,KEFYEZ__ligand1598-0
12,KEFYEZ__ligand7464-0
13,KEFYEZ__ligand136-0
14,KEFYEZ__ligand868-0
15,KEFYEZ__ligand442-0
16,KEFYEZ__ligand932-0
17,KEFYEZ__ligand134-0
18,KEFYEZ__ligand2907-0
19,KEFYEZ__ligand235-0
20,KEFYEZ__ligand1703-0
21,KEFYEZ__ligand2430-0
22,KEFYEZ__ligand390-0
23,KEFYEZ__ligand45-0
24,KEFYEZ__ligand2862-0
25,KEFYEZ__ligand78-0
26,KEFYEZ__ligand85-0
27,KEFYEZ__ligand2320-0
28,KEFYEZ__ligand1056-0
29,KEFYEZ__ligand2510-0
30,KEFYEZ__ligand560-0
31,KEFYEZ__ligand525-0
32,KEFYEZ__ligand2285-0
33,KEFYEZ__ligand1567-0
34,KEFYEZ__ligand109-0
35,KEFYEZ__ligand8921-0
36,KEFYEZ__ligand331-0
37,KEFYEZ__ligand294-0
38,KEFYEZ__ligand1607-0
39,KEFYEZ__ligand993-0
40,KEFYEZ__ligand1152-0
41,KEFYEZ__ligand584-0
42,KEFYEZ__ligand916-0
43,KEFYEZ__ligand798-0
44,KEFYEZ__ligand421-0
45,KEFYEZ__ligand1727-0
46,KEFYEZ__ligand10910-0
47,KEFYEZ__ligand1502-0
48,KEFYEZ__ligand4983-0
49,KEFYEZ__ligand2794-0
50,KEFYEZ__ligand2345-0
51,KEFYEZ__ligand1835-0
52,KEFYEZ__ligand370-0
53,KEFYEZ__ligand460-0
54,KEFYEZ__ligand9027-0
55,KEFYEZ__ligand6396-0
56,KEFYEZ__ligand250-0
57,KEFYEZ__ligand1113-0
58,KEFYEZ__ligand2265-0
59,KEFYEZ__ligand444-0
60,KEFYEZ__ligand14530-0
61,KEFYEZ__ligand369-0
62,KEFYEZ__ligand188-0
63,KEFYEZ__ligand1273-0
64,KEFYEZ__ligand311-0
65,KEFYEZ__ligand1052-0
66,KEFYEZ__ligand909-0
67,KEFYEZ__ligand2864-0
68,KEFYEZ__ligand851-0
69,KEFYEZ__ligand10479-0
70,KEFYEZ__ligand6538-0
71,KEFYEZ__ligand9495-0
72,KEFYEZ__ligand6151-0
73,KEFYEZ__ligand2772-0
74,KEFYEZ__ligand934-0
75,KEFYEZ__ligand177-0
76,KEFYEZ__ligand2142-0
77,KEFYEZ__ligand67-0
78,KEFYEZ__ligand2838-0
79,KEFYEZ__ligand1799-0
80,KEFYEZ__ligand3838-0
81,KEFYEZ__ligand2880-0
82,KEFYEZ__ligand5941-0
83,KEFYEZ__ligand252-0
84,KEFYEZ__ligand955-0
85,KEFYEZ__ligand10114-0
86,KEFYEZ__ligand5022-0
87,KEFYEZ__ligand193-0
88,KEFYEZ__ligand1169-0
89,KEFYEZ__ligand830-0
90,KEFYEZ__ligand6332-0
91,KEFYEZ__ligand3178-0
92,KEFYEZ__ligand2863-0
93,KEFYEZ__ligand481-0
94,KEFYEZ__ligand2098-0
95,KEFYEZ__ligand314-0
96,KEFYEZ__ligand6502-0
97,KEFYEZ__ligand1747-0
98,KEFYEZ__ligand6686-0
99,KEFYEZ__ligand391-0
100,KEFYEZ__ligand7915-0
101,KEFYEZ__ligand5548-0
102,KEFYEZ__ligand3145-0
103,KEFYEZ__ligand170-0
104,KEFYEZ__ligand2751-0
105,KEFYEZ__ligand210-0
106,KEFYEZ__ligand2634-0
107,KEFYEZ__ligand1542-0
108,KEFYEZ__ligand18-0
109,KEFYEZ__ligand3041-0
110,KEFYEZ__ligand502-0
111,KEFYEZ__ligand196-0
112,KEFYEZ__ligand9244-0
113,KEFYEZ__ligand1228-0
114,KEFYEZ__ligand422-0
115,KEFYEZ__ligand62-0
116,KEFYEZ__ligand1538-0
117,KEFYEZ__ligand113-0
118,KEFYEZ__ligand1114-0
119,KEFYEZ__ligand236-0
120,KEFYEZ__ligand3246-0
121,KEFYEZ__ligand8-0
122,KEFYEZ__ligand1148-0
123,KEFYEZ__ligand353-0
124,KEFYEZ__ligand86-0
125,KEFYEZ__ligand1479-0
126,KEFYEZ__ligand133-0
127,KEFYEZ__ligand1171-0
128,KEFYEZ__ligand447-0
129,KEFYEZ__ligand487-0
130,KEFYEZ__ligand3063-0
131,KEFYEZ__ligand1438-0
132,KEFYEZ__ligand5801-0
133,KEFYEZ__ligand522-0
134,KEFYEZ__ligand666-0
135,KEFYEZ__ligand1459-0
136,KEFYEZ__ligand1544-0
137,KEFYEZ__ligand682-0
138,KEFYEZ__ligand1685-0
139,KEFYEZ__ligand3757-0
140,KEFYEZ__ligand66-0
141,KEFYEZ__ligand2087-0
142,KEFYEZ__ligand1048-0
143,KEFYEZ__ligand115-0
144,KEFYEZ__ligand1687-0
145,KEFYEZ__ligand1951-0
146,KEFYEZ__ligand6277-0
147,KEFYEZ__ligand21-0
148,KEFYEZ__ligand1376-0
149,KEFYEZ__ligand2768-0
150,KEFYEZ__ligand2259-0
151,KEFYEZ__ligand2688-0
152,KEFYEZ__ligand291-0
153,KEFYEZ__ligand355-0
154,KEFYEZ__ligand784-0
155,KEFYEZ__ligand38-0
156,KEFYEZ__ligand485-0
157,KEFYEZ__ligand4381-0
158,KEFYEZ__ligand2629-0
159,KEFYEZ__ligand3734-0
160,KEFYEZ__ligand15630-0
161,KEFYEZ__ligand40-0
162,KEFYEZ__ligand1706-0
163,KEFYEZ__ligand10357-0
164,KEFYEZ__ligand279-0
165,KEFYEZ__ligand178-0
166,KEFYEZ__ligand4370-0
167,KEFYEZ__ligand321-0
168,KEFYEZ__ligand34-0
169,KEFYEZ__ligand1436-0
170,KEFYEZ__ligand100-0
171,KEFYEZ__ligand3618-0
172,KEFYEZ__ligand2618-0
173,KEFYEZ__ligand244-0
174,KEFYEZ__ligand201-0
175,KEFYEZ__ligand55-0
176,KEFYEZ__ligand4175-0
177,KEFYEZ__ligand2255-0
178,KEFYEZ__ligand124-0
179,KEFYEZ__ligand119-0
180,KEFYEZ__ligand1918-0
181,KEFYEZ__ligand95-0
182,KEFYEZ__ligand4012-0
183,KEFYEZ__ligand3196-0
184,KEFYEZ__ligand57-0
185,KEFYEZ__ligand2915-0
186,KEFYEZ__ligand126-0
187,KEFYEZ__ligand2707-0
188,KEFYEZ__ligand73-0
189,KEFYEZ__ligand596-0
190,KEFYEZ__ligand1690-0
191,KEFYEZ__ligand1551-0
192,KEFYEZ__ligand612-0
193,KEFYEZ__ligand187-0
194,KEFYEZ__ligand2526-0
195,KEFYEZ__ligand366-0
196,KEFYEZ__ligand861-0
197,KEFYEZ__ligand11730-0
198,KEFYEZ__ligand4423-0
199,KEFYEZ__ligand4-0
200,KEFYEZ__ligand1907-0
201,KEFYEZ__ligand3890-0
202,KEFYEZ__ligand32-0
203,KEFYEZ__ligand7630-0
204,KEFYEZ__ligand1285-0
205,KEFYEZ__ligand1555-0
206,KEFYEZ__ligand797-0
207,KEFYEZ__ligand7550-0
208,KEFYEZ__ligand2253-0
209,KEFYEZ__ligand1160-0
210,KEFYEZ__ligand2954-0
211,KEFYEZ__ligand5093-0
212,KEFYEZ__ligand2762-0
213,KEFYEZ__ligand757-0
214,KEFYEZ__ligand1038-0
215,KEFYEZ__ligand120-0
216,KEFYEZ__ligand3251-0
217,KEFYEZ__ligand4619-0
218,KEFYEZ__ligand5235-0
219,KEFYEZ__ligand384-0
220,KEFYEZ__ligand6143-0
221,KEFYEZ__ligand51-0
222,KEFYEZ__ligand2718-0
223,KEFYEZ__ligand3070-0
224,KEFYEZ__ligand3035-0
225,KEFYEZ__ligand29-0
226,KEFYEZ__ligand91-0
227,KEFYEZ__ligand1493-0
228,KEFYEZ__ligand9176-0
229,KEFYEZ__ligand3478-0
230,KEFYEZ__ligand3852-0
231,KEFYEZ__ligand48-0
232,KEFYEZ__ligand5758-0
233,KEFYEZ__ligand7456-0
234,KEFYEZ__ligand240-0
235,KEFYEZ__ligand141-0
236,KEFYEZ__ligand6-0
237,KEFYEZ__ligand1818-0
238,KEFYEZ__ligand1221-0
239,KEFYEZ__ligand162-0
240,KEFYEZ__ligand1264-0
241,KEFYEZ__ligand226-0
242,KEFYEZ__ligand6430-0
243,KEFYEZ__ligand1299-0
244,KEFYEZ__ligand1379-0
245,KEFYEZ__ligand383-0
246,KEFYEZ__ligand2376-0
247,KEFYEZ__ligand2929-0
248,KEFYEZ__ligand6571-0
249,KEFYEZ__ligand1325-0
250,KEFYEZ__ligand2482-0
251,KEFYEZ__ligand5762-0
252,KEFYEZ__ligand7414-0
253,KEFYEZ__ligand1104-0
254,KEFYEZ__ligand1-0
255,KEFYEZ__ligand2442-0
256,KEFYEZ__ligand1019-0
257,KEFYEZ__ligand3-0
258,KEFYEZ__ligand669-0
259,KEFYEZ__ligand1858-0
260,KEFYEZ__ligand358-0
261,KEFYEZ__ligand430-0
262,KEFYEZ__ligand8032-0
263,KEFYEZ__ligand4504-0
264,KEFYEZ__ligand3051-0
265,KEFYEZ__ligand2480-0
266,KEFYEZ__ligand1898-0
267,KEFYEZ__ligand365-0
268,KEFYEZ__ligand2315-0
269,KEFYEZ__ligand278-0
270,KEFYEZ__ligand5334-0
271,KEFYEZ__ligand2389-0
272,KEFYEZ__ligand670-0
273,KEFYEZ__ligand118-0
274,KEFYEZ__ligand571-0
275,KEFYEZ__ligand1919-0
276,KEFYEZ__ligand3579-0
277,KEFYEZ__ligand509-0
278,KEFYEZ__ligand2916-0
279,KEFYEZ__ligand2110-0
280,KEFYEZ__ligand11-0
281,KEFYEZ__ligand1712-0
282,KEFYEZ__ligand575-0
283,KEFYEZ__ligand1307-0
284,KEFYEZ__ligand927-0
285,KEFYEZ__ligand199-0
286,KEFYEZ__ligand6166-0
287,KEFYEZ__ligand89-0
288,KEFYEZ__ligand105-0
289,KEFYEZ__ligand140-0
290,KEFYEZ__ligand1246-0
291,KEFYEZ__ligand2599-0
292,KEFYEZ__ligand5089-0
293,KEFYEZ__ligand361-0
294,KEFYEZ__ligand324-0
295,KEFYEZ__ligand409-0
296,KEFYEZ__ligand3853-0
297,KEFYEZ__ligand2853-0
298,KEFYEZ__ligand49-0
299,KEFYEZ__ligand3566-0
300,KEFYEZ__ligand553-0
301,KEFYEZ__ligand1178-0
302,KEFYEZ__ligand283-0
303,KEFYEZ__ligand821-0
304,KEFYEZ__ligand1321-0
305,KEFYEZ__ligand326-0
306,KEFYEZ__ligand436-0
307,KEFYEZ__ligand1788-0
308,KEFYEZ__ligand142-0
309,KEFYEZ__ligand206-0
310,KEFYEZ__ligand838-0
311,KEFYEZ__ligand17-0
312,KEFYEZ__ligand4894-0
313,KEFYEZ__ligand166-0
314,KEFYEZ__ligand1260-0
315,KEFYEZ__ligand9620-0
316,KEFYEZ__ligand918-0
317,KEFYEZ__ligand633-0
318,KEFYEZ__ligand4811-0
319,KEFYEZ__ligand532-0
320,KEFYEZ__ligand1449-1
321,KEFYEZ__ligand3337-0
322,KEFYEZ__ligand7514-0
323,KEFYEZ__ligand92-0
324,KEFYEZ__ligand497-0
