,TMC
0,VOCTAI__ligand7238-0
1,VOCTAI__ligand12427-0
2,VOCTAI__ligand28468-0
3,VOCTAI__ligand20740-0
4,VOCTAI__ligand7280-0
5,VOCTAI__ligand1790-0
6,VOCTAI__ligand1304-0
7,VOCTAI__ligand16628-0
8,VOCTAI__ligand7867-0
9,VOCTAI__ligand693-0
10,VOCTAI__ligand6709-0
11,VOCTAI__ligand1219-0
12,VOCTAI__ligand27460-0
13,VOCTAI__ligand4016-0
14,VOCTAI__ligand9520-0
15,VOCTAI__ligand1160-0
16,VOCTAI__ligand66-0
17,VOCTAI__ligand30333-0
18,VOCTAI__ligand8699-0
19,VOCTAI__ligand12606-0
20,VOCTAI__ligand4093-0
21,VOCTAI__ligand4442-0
22,VOCTAI__ligand3954-0
23,VOCTAI__ligand1451-0
24,VOCTAI__ligand4272-0
25,VOCTAI__ligand30296-0
26,VOCTAI__ligand7629-0
27,VOCTAI__ligand17281-0
28,VOCTAI__ligand26540-0
29,VOCTAI__ligand12337-0
30,VOCTAI__ligand29410-0
31,VOCTAI__ligand9784-0
32,VOCTAI__ligand2176-0
33,VOCTAI__ligand9291-0
34,VOCTAI__ligand31783-0
35,VOCTAI__ligand42-0
36,VOCTAI__ligand2232-0
37,VOCTAI__ligand14297-0
38,VOCTAI__ligand14603-0
39,VOCTAI__ligand4157-0
40,VOCTAI__ligand17258-0
41,VOCTAI__ligand8876-0
42,VOCTAI__ligand2828-0
43,VOCTAI__ligand17631-0
44,VOCTAI__ligand7648-0
45,VOCTAI__ligand13012-0
46,VOCTAI__ligand9833-0
47,VOCTAI__ligand26665-0
48,VOCTAI__ligand5256-0
49,VOCTAI__ligand18832-0
50,VOCTAI__ligand27175-0
51,VOCTAI__ligand4503-0
52,VOCTAI__ligand23713-0
53,VOCTAI__ligand4546-0
54,VOCTAI__ligand757-0
55,VOCTAI__ligand30988-0
56,VOCTAI__ligand14723-0
57,VOCTAI__ligand122-0
58,VOCTAI__ligand27893-0
59,VOCTAI__ligand1285-0
60,VOCTAI__ligand6768-0
61,VOCTAI__ligand15422-0
62,VOCTAI__ligand8115-0
63,VOCTAI__ligand12934-0
64,VOCTAI__ligand20578-0
65,VOCTAI__ligand7000-0
66,VOCTAI__ligand1982-0
67,VOCTAI__ligand19641-0
68,VOCTAI__ligand15585-0
69,VOCTAI__ligand12401-0
70,VOCTAI__ligand384-0
71,VOCTAI__ligand24145-0
72,VOCTAI__ligand6919-0
73,VOCTAI__ligand10476-0
74,VOCTAI__ligand2485-0
75,VOCTAI__ligand19830-0
76,VOCTAI__ligand3852-0
77,VOCTAI__ligand13068-0
78,VOCTAI__ligand12289-0
79,VOCTAI__ligand18292-0
80,VOCTAI__ligand5331-0
81,VOCTAI__ligand1512-0
82,VOCTAI__ligand13658-0
83,VOCTAI__ligand26702-0
84,VOCTAI__ligand17387-0
85,VOCTAI__ligand12130-0
86,VOCTAI__ligand3565-0
87,VOCTAI__ligand12231-0
88,VOCTAI__ligand38-0
89,VOCTAI__ligand17302-0
90,VOCTAI__ligand4720-0
91,VOCTAI__ligand17805-0
92,VOCTAI__ligand6839-0
93,VOCTAI__ligand1202-0
94,VOCTAI__ligand3937-0
95,VOCTAI__ligand3174-0
96,VOCTAI__ligand3131-0
97,VOCTAI__ligand8969-0
98,VOCTAI__ligand24185-0
99,VOCTAI__ligand5211-0
100,VOCTAI__ligand23769-0
101,VOCTAI__ligand4155-0
102,VOCTAI__ligand3094-0
103,VOCTAI__ligand768-0
104,VOCTAI__ligand25178-0
105,VOCTAI__ligand9908-0
106,VOCTAI__ligand1263-0
107,VOCTAI__ligand12641-0
108,VOCTAI__ligand10958-0
109,VOCTAI__ligand14108-0
110,VOCTAI__ligand7242-0
111,VOCTAI__ligand7106-0
112,VOCTAI__ligand18814-0
113,VOCTAI__ligand19057-0
114,VOCTAI__ligand3035-0
115,VOCTAI__ligand3876-0
116,VOCTAI__ligand1343-0
117,VOCTAI__ligand6616-0
118,VOCTAI__ligand3718-0
119,VOCTAI__ligand4661-0
120,VOCTAI__ligand1844-0
121,VOCTAI__ligand29302-0
122,VOCTAI__ligand13425-0
123,VOCTAI__ligand1959-0
124,VOCTAI__ligand141-0
125,VOCTAI__ligand3504-0
126,VOCTAI__ligand9935-0
127,VOCTAI__ligand10262-0
128,VOCTAI__ligand28676-0
129,VOCTAI__ligand27763-0
130,VOCTAI__ligand240-0
131,VOCTAI__ligand1536-0
132,VOCTAI__ligand1573-0
133,VOCTAI__ligand12030-0
134,VOCTAI__ligand29879-0
135,VOCTAI__ligand6596-0
136,VOCTAI__ligand6904-0
137,VOCTAI__ligand3721-0
138,VOCTAI__ligand6102-0
139,VOCTAI__ligand14248-0
140,VOCTAI__ligand321-0
141,VOCTAI__ligand28884-0
142,VOCTAI__ligand13331-0
143,VOCTAI__ligand3465-0
144,VOCTAI__ligand178-0
145,VOCTAI__ligand31832-0
146,VOCTAI__ligand2917-0
147,VOCTAI__ligand185-0
148,VOCTAI__ligand7819-0
149,VOCTAI__ligand279-0
150,VOCTAI__ligand13294-0
151,VOCTAI__ligand201-0
152,VOCTAI__ligand25411-0
153,VOCTAI__ligand2295-0
154,VOCTAI__ligand6067-0
155,VOCTAI__ligand1577-0
156,VOCTAI__ligand18-0
157,VOCTAI__ligand4620-0
158,VOCTAI__ligand14174-0
159,VOCTAI__ligand10712-0
160,VOCTAI__ligand11456-0
161,VOCTAI__ligand20682-0
162,VOCTAI__ligand13390-0
163,VOCTAI__ligand338-0
164,VOCTAI__ligand4641-0
165,VOCTAI__ligand7126-0
166,VOCTAI__ligand8835-0
167,VOCTAI__ligand2028-0
168,VOCTAI__ligand26810-0
169,VOCTAI__ligand27482-0
170,VOCTAI__ligand3234-0
171,VOCTAI__ligand13208-0
172,VOCTAI__ligand1142-0
173,VOCTAI__ligand20419-0
174,VOCTAI__ligand3707-0
175,VOCTAI__ligand21371-0
176,VOCTAI__ligand6124-0
177,VOCTAI__ligand7967-0
178,VOCTAI__ligand17118-0
179,VOCTAI__ligand1018-0
180,VOCTAI__ligand4116-0
181,VOCTAI__ligand845-0
182,VOCTAI__ligand28789-0
183,VOCTAI__ligand29568-0
184,VOCTAI__ligand8992-0
185,VOCTAI__ligand14889-0
186,VOCTAI__ligand30851-0
187,VOCTAI__ligand9601-0
188,VOCTAI__ligand9111-0
189,VOCTAI__ligand9952-0
190,VOCTAI__ligand20539-0
191,VOCTAI__ligand20251-0
192,VOCTAI__ligand30702-0
193,VOCTAI__ligand20214-0
194,VOCTAI__ligand126-0
195,VOCTAI__ligand5036-0
196,VOCTAI__ligand163-0
197,VOCTAI__ligand2526-0
198,VOCTAI__ligand1615-0
199,VOCTAI__ligand21581-0
200,VOCTAI__ligand31097-0
201,VOCTAI__ligand5643-0
202,VOCTAI__ligand1823-0
203,VOCTAI__ligand14117-0
204,VOCTAI__ligand17261-0
205,VOCTAI__ligand1324-0
206,VOCTAI__ligand8721-0
207,VOCTAI__ligand941-0
208,VOCTAI__ligand596-0
209,VOCTAI__ligand1631-0
210,VOCTAI__ligand16475-0
211,VOCTAI__ligand14703-0
212,VOCTAI__ligand1530-0
213,VOCTAI__ligand1575-0
214,VOCTAI__ligand9933-0
215,VOCTAI__ligand9441-0
216,VOCTAI__ligand20251-1
217,VOCTAI__ligand777-0
218,VOCTAI__ligand2332-0
219,VOCTAI__ligand6244-0
220,VOCTAI__ligand20011-0
221,VOCTAI__ligand17278-0
222,VOCTAI__ligand17982-0
223,VOCTAI__ligand29414-0
224,VOCTAI__ligand366-0
225,VOCTAI__ligand1378-0
226,VOCTAI__ligand3156-0
227,VOCTAI__ligand2915-0
228,VOCTAI__ligand187-0
229,VOCTAI__ligand17398-0
230,VOCTAI__ligand20598-0
231,VOCTAI__ligand11675-0
232,VOCTAI__ligand24047-0
233,VOCTAI__ligand10589-0
234,VOCTAI__ligand22557-0
235,VOCTAI__ligand657-0
236,VOCTAI__ligand300-0
237,VOCTAI__ligand7925-0
238,VOCTAI__ligand2068-0
239,VOCTAI__ligand15168-0
240,VOCTAI__ligand588-0
241,VOCTAI__ligand24064-0
242,VOCTAI__ligand1147-0
243,VOCTAI__ligand23589-0
244,VOCTAI__ligand3973-0
245,VOCTAI__ligand4330-0
246,VOCTAI__ligand2599-0
247,VOCTAI__ligand199-0
248,VOCTAI__ligand7532-0
249,VOCTAI__ligand26277-0
250,VOCTAI__ligand29898-0
251,VOCTAI__ligand31618-0
252,VOCTAI__ligand11432-0
253,VOCTAI__ligand10432-0
254,VOCTAI__ligand22755-0
255,VOCTAI__ligand4194-0
256,VOCTAI__ligand4738-0
257,VOCTAI__ligand5813-0
258,VOCTAI__ligand24750-0
259,VOCTAI__ligand4813-0
260,VOCTAI__ligand6062-0
261,VOCTAI__ligand25224-0
262,VOCTAI__ligand18013-0
263,VOCTAI__ligand6283-0
264,VOCTAI__ligand17945-0
265,VOCTAI__ligand31578-0
266,VOCTAI__ligand17207-0
267,VOCTAI__ligand29087-0
268,VOCTAI__ligand409-0
269,VOCTAI__ligand324-0
270,VOCTAI__ligand7107-0
271,VOCTAI__ligand18703-0
272,VOCTAI__ligand361-0
273,VOCTAI__ligand15438-0
274,VOCTAI__ligand28924-0
275,VOCTAI__ligand3215-0
276,VOCTAI__ligand1415-0
277,VOCTAI__ligand6946-0
278,VOCTAI__ligand326-0
279,VOCTAI__ligand13072-0
280,VOCTAI__ligand12336-0
281,VOCTAI__ligand7529-0
282,VOCTAI__ligand67-0
283,VOCTAI__ligand9148-0
284,VOCTAI__ligand5316-0
285,VOCTAI__ligand692-0
286,VOCTAI__ligand5483-0
287,VOCTAI__ligand12682-0
288,VOCTAI__ligand18699-0
289,VOCTAI__ligand1729-0
290,VOCTAI__ligand17240-0
291,VOCTAI__ligand5627-0
292,VOCTAI__ligand17590-0
293,VOCTAI__ligand2830-0
294,VOCTAI__ligand436-0
295,VOCTAI__ligand9681-0
296,VOCTAI__ligand20579-0
297,VOCTAI__ligand17710-0
298,VOCTAI__ligand4332-0
299,VOCTAI__ligand11568-0
300,VOCTAI__ligand21421-0
301,VOCTAI__ligand3012-0
302,VOCTAI__ligand1449-0
303,VOCTAI__ligand7530-0
304,VOCTAI__ligand1065-0
305,VOCTAI__ligand11774-0
306,VOCTAI__ligand14586-0
307,VOCTAI__ligand24613-0
308,VOCTAI__ligand497-0
309,VOCTAI__ligand2403-0
310,VOCTAI__ligand19725-0
311,VOCTAI__ligand31483-0
312,VOCTAI__ligand3934-0
313,VOCTAI__ligand10555-0
314,VOCTAI__ligand6455-0
315,VOCTAI__ligand6882-0
316,VOCTAI__ligand43-0
317,VOCTAI__ligand633-0
318,VOCTAI__ligand8349-0
319,VOCTAI__ligand383-0
320,VOCTAI__ligand1709-0
321,VOCTAI__ligand8464-0
322,VOCTAI__ligand416-0
323,VOCTAI__ligand18074-0
324,VOCTAI__ligand13869-0
325,VOCTAI__ligand29863-0
326,VOCTAI__ligand29610-0
327,VOCTAI__ligand226-0
328,VOCTAI__ligand11140-0
329,VOCTAI__ligand2527-0
330,VOCTAI__ligand162-0
331,VOCTAI__ligand5849-0
332,VOCTAI__ligand16791-0
333,VOCTAI__ligand28668-0
334,VOCTAI__ligand3392-0
335,VOCTAI__ligand18799-0
336,VOCTAI__ligand4911-0
337,VOCTAI__ligand1771-0
338,VOCTAI__ligand18465-0
339,VOCTAI__ligand3157-0
340,VOCTAI__ligand8-0
341,VOCTAI__ligand27074-0
342,VOCTAI__ligand20599-0
343,VOCTAI__ligand9525-0
344,VOCTAI__ligand1165-0
345,VOCTAI__ligand25805-0
346,VOCTAI__ligand656-0
347,VOCTAI__ligand22981-0
348,VOCTAI__ligand5935-0
349,VOCTAI__ligand18391-0
350,VOCTAI__ligand2722-0
351,VOCTAI__ligand27169-0
352,VOCTAI__ligand14523-0
353,VOCTAI__ligand1379-0
354,VOCTAI__ligand1469-0
355,VOCTAI__ligand10084-0
356,VOCTAI__ligand25267-0
357,VOCTAI__ligand3871-0
358,VOCTAI__ligand1768-0
359,VOCTAI__ligand12467-0
360,VOCTAI__ligand5056-0
361,VOCTAI__ligand4850-0
362,VOCTAI__ligand21936-0
363,VOCTAI__ligand13257-0
364,VOCTAI__ligand696-0
365,VOCTAI__ligand5357-0
366,VOCTAI__ligand23904-0
367,VOCTAI__ligand3647-0
368,VOCTAI__ligand1688-0
369,VOCTAI__ligand7557-0
370,VOCTAI__ligand1496-0
371,VOCTAI__ligand30539-0
372,VOCTAI__ligand488-0
373,VOCTAI__ligand430-0
374,VOCTAI__ligand358-0
375,VOCTAI__ligand694-0
376,VOCTAI__ligand23906-0
377,VOCTAI__ligand1533-0
378,VOCTAI__ligand11166-0
379,VOCTAI__ligand19-0
380,VOCTAI__ligand21132-0
381,VOCTAI__ligand24-0
382,VOCTAI__ligand5892-0
383,VOCTAI__ligand27835-0
384,VOCTAI__ligand5094-0
385,VOCTAI__ligand12295-0
386,VOCTAI__ligand25689-0
387,VOCTAI__ligand21787-0
388,VOCTAI__ligand25575-0
389,VOCTAI__ligand1712-0
390,VOCTAI__ligand4131-0
391,VOCTAI__ligand12660-0
392,VOCTAI__ligand571-0
393,VOCTAI__ligand534-0
394,VOCTAI__ligand9197-0
395,VOCTAI__ligand13209-0
396,VOCTAI__ligand1900-0
397,VOCTAI__ligand19257-0
398,VOCTAI__ligand670-0
399,VOCTAI__ligand45-0
400,VOCTAI__ligand4581-0
401,VOCTAI__ligand1773-0
402,VOCTAI__ligand25650-0
403,VOCTAI__ligand2328-0
404,VOCTAI__ligand31248-0
405,VOCTAI__ligand7162-0
406,VOCTAI__ligand3029-0
407,VOCTAI__ligand8722-0
408,VOCTAI__ligand1327-0
409,VOCTAI__ligand9809-0
410,VOCTAI__ligand6672-0
411,VOCTAI__ligand2781-0
412,VOCTAI__ligand7573-0
413,VOCTAI__ligand3350-0
414,VOCTAI__ligand12519-0
415,VOCTAI__ligand25735-0
416,VOCTAI__ligand3208-0
417,VOCTAI__ligand78-0
418,VOCTAI__ligand2208-0
419,VOCTAI__ligand23124-0
420,VOCTAI__ligand11206-0
421,VOCTAI__ligand370-0
422,VOCTAI__ligand18757-0
423,VOCTAI__ligand24560-0
424,VOCTAI__ligand20844-0
425,VOCTAI__ligand18413-0
426,VOCTAI__ligand4124-0
427,VOCTAI__ligand3471-0
428,VOCTAI__ligand24624-0
429,VOCTAI__ligand4161-0
430,VOCTAI__ligand5415-0
431,VOCTAI__ligand89-0
432,VOCTAI__ligand4340-0
433,VOCTAI__ligand14339-0
434,VOCTAI__ligand2650-0
435,VOCTAI__ligand2281-0
436,VOCTAI__ligand250-0
437,VOCTAI__ligand30788-0
438,VOCTAI__ligand49-0
439,VOCTAI__ligand13691-0
440,VOCTAI__ligand3180-0
441,VOCTAI__ligand21752-0
442,VOCTAI__ligand6995-0
443,VOCTAI__ligand2823-0
444,VOCTAI__ligand21940-0
445,VOCTAI__ligand25048-0
446,VOCTAI__ligand188-0
447,VOCTAI__ligand8593-0
448,VOCTAI__ligand9944-0
449,VOCTAI__ligand16133-0
450,VOCTAI__ligand13755-0
451,VOCTAI__ligand27122-0
452,VOCTAI__ligand2001-0
453,VOCTAI__ligand20432-0
454,VOCTAI__ligand23445-0
455,VOCTAI__ligand24953-0
456,VOCTAI__ligand7566-0
457,VOCTAI__ligand5201-0
458,VOCTAI__ligand785-0
459,VOCTAI__ligand311-0
460,VOCTAI__ligand479-0
461,VOCTAI__ligand20557-0
462,VOCTAI__ligand30004-0
463,VOCTAI__ligand564-0
464,VOCTAI__ligand8553-0
465,VOCTAI__ligand370-1
466,VOCTAI__ligand620-0
467,VOCTAI__ligand1113-0
468,VOCTAI__ligand21448-0
469,VOCTAI__ligand1498-0
470,VOCTAI__ligand22357-0
471,VOCTAI__ligand11758-0
472,VOCTAI__ligand4596-0
473,VOCTAI__ligand17-0
474,VOCTAI__ligand1154-0
475,VOCTAI__ligand29214-0
476,VOCTAI__ligand909-0
477,VOCTAI__ligand11544-0
478,VOCTAI__ligand11501-0
479,VOCTAI__ligand9615-0
480,VOCTAI__ligand14477-0
481,VOCTAI__ligand4-0
482,VOCTAI__ligand17069-0
483,VOCTAI__ligand17445-0
484,VOCTAI__ligand1169-0
485,VOCTAI__ligand8529-0
486,VOCTAI__ligand177-0
487,VOCTAI__ligand20731-0
488,VOCTAI__ligand12413-0
489,VOCTAI__ligand29334-0
490,VOCTAI__ligand11798-0
491,VOCTAI__ligand23682-0
492,VOCTAI__ligand116-0
493,VOCTAI__ligand29565-0
494,VOCTAI__ligand27771-0
495,VOCTAI__ligand252-0
496,VOCTAI__ligand18158-0
497,VOCTAI__ligand20942-1
498,VOCTAI__ligand16956-0
499,VOCTAI__ligand14226-0
500,VOCTAI__ligand21339-0
501,VOCTAI__ligand2027-0
502,VOCTAI__ligand1050-0
503,VOCTAI__ligand1015-0
504,VOCTAI__ligand830-0
505,VOCTAI__ligand27550-0
506,VOCTAI__ligand1028-0
507,VOCTAI__ligand372-0
508,VOCTAI__ligand4262-0
509,VOCTAI__ligand193-0
510,VOCTAI__ligand14007-0
511,VOCTAI__ligand1618-0
512,VOCTAI__ligand2692-0
513,VOCTAI__ligand18019-1
514,VOCTAI__ligand1779-0
515,VOCTAI__ligand1817-0
516,VOCTAI__ligand6993-0
517,VOCTAI__ligand16952-0
518,VOCTAI__ligand29813-0
519,VOCTAI__ligand9750-0
520,VOCTAI__ligand7075-0
521,VOCTAI__ligand20220-0
522,VOCTAI__ligand3557-0
523,VOCTAI__ligand3980-0
524,VOCTAI__ligand20121-0
525,VOCTAI__ligand15387-0
526,VOCTAI__ligand1149-0
527,VOCTAI__ligand1288-0
528,VOCTAI__ligand24851-0
529,VOCTAI__ligand14302-0
530,VOCTAI__ligand13657-0
531,VOCTAI__ligand14347-0
532,VOCTAI__ligand20530-0
533,VOCTAI__ligand197-0
534,VOCTAI__ligand11698-0
535,VOCTAI__ligand27610-0
536,VOCTAI__ligand10479-0
537,VOCTAI__ligand11479-0
538,VOCTAI__ligand4266-0
539,VOCTAI__ligand1400-0
540,VOCTAI__ligand9491-0
541,VOCTAI__ligand4167-0
542,VOCTAI__ligand29441-0
543,VOCTAI__ligand10853-0
544,VOCTAI__ligand19906-0
545,VOCTAI__ligand19668-0
546,VOCTAI__ligand1539-0
547,VOCTAI__ligand1150-0
548,VOCTAI__ligand22353-0
549,VOCTAI__ligand3416-0
550,VOCTAI__ligand3453-0
551,VOCTAI__ligand352-0
552,VOCTAI__ligand783-0
553,VOCTAI__ligand4207-0
554,VOCTAI__ligand3042-0
555,VOCTAI__ligand868-0
556,VOCTAI__ligand10151-0
557,VOCTAI__ligand7438-0
558,VOCTAI__ligand8200-0
559,VOCTAI__ligand4063-0
560,VOCTAI__ligand1831-0
561,VOCTAI__ligand5614-0
562,VOCTAI__ligand5280-0
563,VOCTAI__ligand19824-0
564,VOCTAI__ligand6663-0
565,VOCTAI__ligand5515-0
566,VOCTAI__ligand18067-0
567,VOCTAI__ligand235-0
568,VOCTAI__ligand11252-0
569,VOCTAI__ligand134-0
570,VOCTAI__ligand10582-0
571,VOCTAI__ligand69-0
572,VOCTAI__ligand13260-0
573,VOCTAI__ligand11606-0
574,VOCTAI__ligand5019-0
575,VOCTAI__ligand11-0
576,VOCTAI__ligand3261-0
577,VOCTAI__ligand1152-0
578,VOCTAI__ligand560-0
579,VOCTAI__ligand1216-0
580,VOCTAI__ligand31000-0
581,VOCTAI__ligand26673-0
582,VOCTAI__ligand20821-0
583,VOCTAI__ligand1849-0
584,VOCTAI__ligand5085-0
585,VOCTAI__ligand3144-0
586,VOCTAI__ligand16870-0
587,VOCTAI__ligand5755-0
588,VOCTAI__ligand294-0
589,VOCTAI__ligand4710-0
590,VOCTAI__ligand11622-0
591,VOCTAI__ligand1828-0
592,VOCTAI__ligand11814-0
593,VOCTAI__ligand7213-0
594,VOCTAI__ligand1397-0
595,VOCTAI__ligand16603-0
596,VOCTAI__ligand8042-0
597,VOCTAI__ligand6112-0
598,VOCTAI__ligand1786-0
599,VOCTAI__ligand421-0
600,VOCTAI__ligand31205-0
601,VOCTAI__ligand5630-0
602,VOCTAI__ligand25658-0
603,VOCTAI__ligand17686-0
604,VOCTAI__ligand11177-0
605,VOCTAI__ligand1908-0
606,VOCTAI__ligand15455-0
607,VOCTAI__ligand4795-0
608,VOCTAI__ligand3285-0
609,VOCTAI__ligand685-0
610,VOCTAI__ligand22403-0
611,VOCTAI__ligand746-0
612,VOCTAI__ligand6699-0
613,VOCTAI__ligand447-0
614,VOCTAI__ligand3632-0
615,VOCTAI__ligand3677-0
616,VOCTAI__ligand27754-0
617,VOCTAI__ligand20695-0
618,VOCTAI__ligand28540-0
619,VOCTAI__ligand11111-0
620,VOCTAI__ligand1168-0
621,VOCTAI__ligand16369-0
622,VOCTAI__ligand1294-0
623,VOCTAI__ligand176-0
624,VOCTAI__ligand16-0
625,VOCTAI__ligand6892-0
626,VOCTAI__ligand29215-0
627,VOCTAI__ligand1211-0
628,VOCTAI__ligand12003-0
629,VOCTAI__ligand26631-0
630,VOCTAI__ligand3712-0
631,VOCTAI__ligand1464-0
632,VOCTAI__ligand16148-0
633,VOCTAI__ligand1499-0
634,VOCTAI__ligand21399-0
635,VOCTAI__ligand10872-0
636,VOCTAI__ligand487-0
637,VOCTAI__ligand2881-0
638,VOCTAI__ligand506-0
639,VOCTAI__ligand19927-0
640,VOCTAI__ligand3945-0
641,VOCTAI__ligand14043-0
642,VOCTAI__ligand32-0
643,VOCTAI__ligand2693-0
644,VOCTAI__ligand28559-0
645,VOCTAI__ligand5383-0
646,VOCTAI__ligand26324-0
647,VOCTAI__ligand9344-0
648,VOCTAI__ligand21729-0
649,VOCTAI__ligand27239-0
650,VOCTAI__ligand3736-0
651,VOCTAI__ligand8000-0
652,VOCTAI__ligand7291-0
653,VOCTAI__ligand26529-0
654,VOCTAI__ligand3677-1
655,VOCTAI__ligand9883-0
656,VOCTAI__ligand4007-0
657,VOCTAI__ligand11618-0
658,VOCTAI__ligand2985-0
659,VOCTAI__ligand152-0
660,VOCTAI__ligand9299-0
661,VOCTAI__ligand31694-0
662,VOCTAI__ligand1317-0
663,VOCTAI__ligand3867-0
664,VOCTAI__ligand2822-0
665,VOCTAI__ligand7293-0
666,VOCTAI__ligand29486-0
667,VOCTAI__ligand9167-0
668,VOCTAI__ligand5304-0
669,VOCTAI__ligand17427-0
670,VOCTAI__ligand48-0
671,VOCTAI__ligand2238-0
672,VOCTAI__ligand115-0
673,VOCTAI__ligand11949-0
674,VOCTAI__ligand7762-0
675,VOCTAI__ligand12138-0
676,VOCTAI__ligand5080-0
677,VOCTAI__ligand24780-0
678,VOCTAI__ligand22129-0
679,VOCTAI__ligand5509-0
680,VOCTAI__ligand8002-0
681,VOCTAI__ligand25561-0
682,VOCTAI__ligand6117-0
683,VOCTAI__ligand1407-0
684,VOCTAI__ligand833-0
685,VOCTAI__ligand4358-0
686,VOCTAI__ligand30728-0
687,VOCTAI__ligand27840-0
688,VOCTAI__ligand3120-0
689,VOCTAI__ligand3926-0
690,VOCTAI__ligand2221-0
691,VOCTAI__ligand51-0
692,VOCTAI__ligand24872-0
693,VOCTAI__ligand5595-0
694,VOCTAI__ligand24644-0
695,VOCTAI__ligand4101-0
696,VOCTAI__ligand10033-0
697,VOCTAI__ligand784-0
698,VOCTAI__ligand12001-0
699,VOCTAI__ligand368-0
700,VOCTAI__ligand9773-0
701,VOCTAI__ligand13385-0
702,VOCTAI__ligand14569-0
703,VOCTAI__ligand1376-0
704,VOCTAI__ligand5510-0
705,VOCTAI__ligand24111-0
706,VOCTAI__ligand395-0
707,VOCTAI__ligand22444-0
708,VOCTAI__ligand1296-0
709,VOCTAI__ligand2259-0
710,VOCTAI__ligand11587-0
711,VOCTAI__ligand13220-0
712,VOCTAI__ligand1197-0
713,VOCTAI__ligand23175-0
714,VOCTAI__ligand91-0
715,VOCTAI__ligand15788-0
716,VOCTAI__ligand5099-0
717,VOCTAI__ligand17396-0
718,VOCTAI__ligand8592-0
719,VOCTAI__ligand314-0
720,VOCTAI__ligand7172-0
721,VOCTAI__ligand780-0
722,VOCTAI__ligand16663-0
723,VOCTAI__ligand813-0
724,VOCTAI__ligand7273-0
725,VOCTAI__ligand14614-0
726,VOCTAI__ligand9323-0
727,VOCTAI__ligand7092-0
728,VOCTAI__ligand55-0
729,VOCTAI__ligand2260-0
730,VOCTAI__ligand1153-0
731,VOCTAI__ligand3225-0
732,VOCTAI__ligand24035-0
733,VOCTAI__ligand1116-0
734,VOCTAI__ligand11994-0
735,VOCTAI__ligand8612-0
736,VOCTAI__ligand2124-0
737,VOCTAI__ligand31842-0
738,VOCTAI__ligand31044-0
739,VOCTAI__ligand6017-0
740,VOCTAI__ligand30711-0
741,VOCTAI__ligand20207-0
742,VOCTAI__ligand3-0
743,VOCTAI__ligand11682-0
744,VOCTAI__ligand7316-0
745,VOCTAI__ligand618-0
746,VOCTAI__ligand68-0
747,VOCTAI__ligand5708-0
748,VOCTAI__ligand16988-0
749,VOCTAI__ligand391-0
750,VOCTAI__ligand25913-0
751,VOCTAI__ligand5180-0
752,VOCTAI__ligand11970-0
753,VOCTAI__ligand4807-0
754,VOCTAI__ligand15883-0
755,VOCTAI__ligand3178-0
756,VOCTAI__ligand24230-0
757,VOCTAI__ligand1787-0
758,VOCTAI__ligand1356-0
759,VOCTAI__ligand5530-0
760,VOCTAI__ligand465-0
761,VOCTAI__ligand28810-0
762,VOCTAI__ligand11447-0
763,VOCTAI__ligand11096-0
764,VOCTAI__ligand9753-0
765,VOCTAI__ligand19792-0
766,VOCTAI__ligand7196-0
767,VOCTAI__ligand10828-0
768,VOCTAI__ligand15926-0
769,VOCTAI__ligand5159-0
770,VOCTAI__ligand4649-0
771,VOCTAI__ligand8793-0
772,VOCTAI__ligand10056-0
773,VOCTAI__ligand12365-0
774,VOCTAI__ligand5649-0
775,VOCTAI__ligand2788-0
776,VOCTAI__ligand11357-0
777,VOCTAI__ligand13862-0
778,VOCTAI__ligand15531-0
779,VOCTAI__ligand28743-0
780,VOCTAI__ligand22294-0
781,VOCTAI__ligand2906-0
782,VOCTAI__ligand28930-0
783,VOCTAI__ligand22168-0
784,VOCTAI__ligand34-0
785,VOCTAI__ligand4711-0
786,VOCTAI__ligand3244-0
787,VOCTAI__ligand21919-0
788,VOCTAI__ligand314-1
789,VOCTAI__ligand27285-0
790,VOCTAI__ligand29029-0
791,VOCTAI__ligand1289-0
792,VOCTAI__ligand2203-0
793,VOCTAI__ligand5387-0
794,VOCTAI__ligand23197-0
795,VOCTAI__ligand196-0
796,VOCTAI__ligand2612-0
797,VOCTAI__ligand686-0
798,VOCTAI__ligand1599-0
799,VOCTAI__ligand9450-0
800,VOCTAI__ligand14167-0
801,VOCTAI__ligand13477-0
802,VOCTAI__ligand27669-0
803,VOCTAI__ligand30142-0
804,VOCTAI__ligand422-0
805,VOCTAI__ligand19184-0
806,VOCTAI__ligand1604-0
807,VOCTAI__ligand1228-0
808,VOCTAI__ligand1-0
809,VOCTAI__ligand9943-0
810,VOCTAI__ligand2043-0
811,VOCTAI__ligand1832-0
812,VOCTAI__ligand28459-0
813,VOCTAI__ligand393-0
814,VOCTAI__ligand8788-0
815,VOCTAI__ligand18448-0
816,VOCTAI__ligand12453-0
817,VOCTAI__ligand2417-0
818,VOCTAI__ligand10371-0
819,VOCTAI__ligand353-0
820,VOCTAI__ligand6391-0
821,VOCTAI__ligand3126-0
822,VOCTAI__ligand13672-0
823,VOCTAI__ligand9284-0
824,VOCTAI__ligand57-0
825,VOCTAI__ligand1114-0
826,VOCTAI__ligand28685-0
827,VOCTAI__ligand18568-0
