,TMC
0,GANHOT__ligand1844-0
1,GANHOT__ligand4661-0
2,GANHOT__ligand20557-0
3,GANHOT__ligand30004-0
4,GANHOT__ligand6616-0
5,GANHOT__ligand3876-0
6,GANHOT__ligand1343-0
7,GANHOT__ligand3035-0
8,GANHOT__ligand3718-0
9,GANHOT__ligand9935-0
10,GANHOT__ligand1573-0
11,GANHOT__ligand1536-0
12,GANHOT__ligand1959-0
13,GANHOT__ligand3504-0
14,GANHOT__ligand20432-0
15,GANHOT__ligand27122-0
16,GANHOT__ligand16133-0
17,GANHOT__ligand13755-0
18,GANHOT__ligand162-0
19,GANHOT__ligand9908-0
20,GANHOT__ligand1263-0
21,GANHOT__ligand23445-0
22,GANHOT__ligand24953-0
23,GANHOT__ligand226-0
24,GANHOT__ligand416-0
25,GANHOT__ligand25048-0
26,GANHOT__ligand7106-0
27,GANHOT__ligand21940-0
28,GANHOT__ligand383-0
29,GANHOT__ligand7242-0
30,GANHOT__ligand696-0
31,GANHOT__ligand6839-0
32,GANHOT__ligand3131-0
33,GANHOT__ligand3174-0
34,GANHOT__ligand1202-0
35,GANHOT__ligand3937-0
36,GANHOT__ligand21752-0
37,GANHOT__ligand8969-0
38,GANHOT__ligand4720-0
39,GANHOT__ligand4155-0
40,GANHOT__ligand3094-0
41,GANHOT__ligand14339-0
42,GANHOT__ligand5211-0
43,GANHOT__ligand13691-0
44,GANHOT__ligand30788-0
45,GANHOT__ligand6919-0
46,GANHOT__ligand2485-0
47,GANHOT__ligand3852-0
48,GANHOT__ligand24560-0
49,GANHOT__ligand18757-0
50,GANHOT__ligand3565-0
51,GANHOT__ligand656-0
52,GANHOT__ligand5331-0
53,GANHOT__ligand24624-0
54,GANHOT__ligand20844-0
55,GANHOT__ligand18413-0
56,GANHOT__ligand1512-0
57,GANHOT__ligand18019-1
58,GANHOT__ligand4546-0
59,GANHOT__ligand4503-0
60,GANHOT__ligand14007-0
61,GANHOT__ligand6768-0
62,GANHOT__ligand8115-0
63,GANHOT__ligand7000-0
64,GANHOT__ligand1982-0
65,GANHOT__ligand27550-0
66,GANHOT__ligand67-0
67,GANHOT__ligand1285-0
68,GANHOT__ligand2232-0
69,GANHOT__ligand16956-0
70,GANHOT__ligand21339-0
71,GANHOT__ligand14226-0
72,GANHOT__ligand20942-1
73,GANHOT__ligand2176-0
74,GANHOT__ligand694-0
75,GANHOT__ligand9291-0
76,GANHOT__ligand7648-0
77,GANHOT__ligand29565-0
78,GANHOT__ligand8876-0
79,GANHOT__ligand430-0
80,GANHOT__ligand2828-0
81,GANHOT__ligand9833-0
82,GANHOT__ligand5256-0
83,GANHOT__ligand358-0
84,GANHOT__ligand23682-0
85,GANHOT__ligand18158-0
86,GANHOT__ligand4157-0
87,GANHOT__ligand27771-0
88,GANHOT__ligand488-0
89,GANHOT__ligand29334-0
90,GANHOT__ligand12413-0
91,GANHOT__ligand3954-0
92,GANHOT__ligand20731-0
93,GANHOT__ligand4093-0
94,GANHOT__ligand4442-0
95,GANHOT__ligand9520-0
96,GANHOT__ligand1160-0
97,GANHOT__ligand11798-0
98,GANHOT__ligand8699-0
99,GANHOT__ligand17069-0
100,GANHOT__ligand14477-0
101,GANHOT__ligand9784-0
102,GANHOT__ligand4272-0
103,GANHOT__ligand1451-0
104,GANHOT__ligand7629-0
105,GANHOT__ligand17445-0
106,GANHOT__ligand29214-0
107,GANHOT__ligand7280-0
108,GANHOT__ligand1304-0
109,GANHOT__ligand1790-0
110,GANHOT__ligand11544-0
111,GANHOT__ligand11501-0
112,GANHOT__ligand7238-0
113,GANHOT__ligand43-0
114,GANHOT__ligand4016-0
115,GANHOT__ligand21448-0
116,GANHOT__ligand670-0
117,GANHOT__ligand11758-0
118,GANHOT__ligand7867-0
119,GANHOT__ligand4-0
120,GANHOT__ligand22357-0
121,GANHOT__ligand1219-0
122,GANHOT__ligand6709-0
123,GANHOT__ligand534-0
124,GANHOT__ligand571-0
125,GANHOT__ligand10151-0
126,GANHOT__ligand1378-0
127,GANHOT__ligand6244-0
128,GANHOT__ligand3156-0
129,GANHOT__ligand199-0
130,GANHOT__ligand2915-0
131,GANHOT__ligand1575-0
132,GANHOT__ligand22353-0
133,GANHOT__ligand1530-0
134,GANHOT__ligand9933-0
135,GANHOT__ligand588-0
136,GANHOT__ligand1631-0
137,GANHOT__ligand9441-0
138,GANHOT__ligand19668-0
139,GANHOT__ligand19906-0
140,GANHOT__ligand2332-0
141,GANHOT__ligand300-0
142,GANHOT__ligand2526-0
143,GANHOT__ligand11479-0
144,GANHOT__ligand5036-0
145,GANHOT__ligand10479-0
146,GANHOT__ligand27610-0
147,GANHOT__ligand1615-0
148,GANHOT__ligand10853-0
149,GANHOT__ligand9952-0
150,GANHOT__ligand9111-0
151,GANHOT__ligand29441-0
152,GANHOT__ligand409-0
153,GANHOT__ligand24851-0
154,GANHOT__ligand1324-0
155,GANHOT__ligand361-0
156,GANHOT__ligand8721-0
157,GANHOT__ligand324-0
158,GANHOT__ligand5643-0
159,GANHOT__ligand11698-0
160,GANHOT__ligand1823-0
161,GANHOT__ligand20530-0
162,GANHOT__ligand14302-0
163,GANHOT__ligand14347-0
164,GANHOT__ligand13657-0
165,GANHOT__ligand1018-0
166,GANHOT__ligand4116-0
167,GANHOT__ligand20220-0
168,GANHOT__ligand15387-0
169,GANHOT__ligand6124-0
170,GANHOT__ligand3707-0
171,GANHOT__ligand20121-0
172,GANHOT__ligand7967-0
173,GANHOT__ligand9601-0
174,GANHOT__ligand8992-0
175,GANHOT__ligand16952-0
176,GANHOT__ligand29813-0
177,GANHOT__ligand7126-0
178,GANHOT__ligand8835-0
179,GANHOT__ligand2028-0
180,GANHOT__ligand11177-0
181,GANHOT__ligand436-0
182,GANHOT__ligand15455-0
183,GANHOT__ligand19-0
184,GANHOT__ligand1142-0
185,GANHOT__ligand3234-0
186,GANHOT__ligand692-0
187,GANHOT__ligand25658-0
188,GANHOT__ligand17686-0
189,GANHOT__ligand31205-0
190,GANHOT__ligand11814-0
191,GANHOT__ligand24-0
192,GANHOT__ligand16603-0
193,GANHOT__ligand16870-0
194,GANHOT__ligand4641-0
195,GANHOT__ligand326-0
196,GANHOT__ligand11622-0
197,GANHOT__ligand633-0
198,GANHOT__ligand45-0
199,GANHOT__ligand26673-0
200,GANHOT__ligand2295-0
201,GANHOT__ligand1577-0
202,GANHOT__ligand6067-0
203,GANHOT__ligand20821-0
204,GANHOT__ligand11606-0
205,GANHOT__ligand31000-0
206,GANHOT__ligand4620-0
207,GANHOT__ligand497-0
208,GANHOT__ligand11252-0
209,GANHOT__ligand3465-0
210,GANHOT__ligand13260-0
211,GANHOT__ligand10582-0
212,GANHOT__ligand6102-0
213,GANHOT__ligand6596-0
214,GANHOT__ligand3721-0
215,GANHOT__ligand6904-0
216,GANHOT__ligand2917-0
217,GANHOT__ligand7819-0
218,GANHOT__ligand18067-0
219,GANHOT__ligand19824-0
220,GANHOT__ligand78-0
221,GANHOT__ligand11618-0
222,GANHOT__ligand2403-0
223,GANHOT__ligand6882-0
224,GANHOT__ligand6455-0
225,GANHOT__ligand3934-0
226,GANHOT__ligand26529-0
227,GANHOT__ligand201-0
228,GANHOT__ligand27239-0
229,GANHOT__ligand185-0
230,GANHOT__ligand21729-0
231,GANHOT__ligand279-0
232,GANHOT__ligand4332-0
233,GANHOT__ligand9681-0
234,GANHOT__ligand66-0
235,GANHOT__ligand178-0
236,GANHOT__ligand19927-0
237,GANHOT__ligand7530-0
238,GANHOT__ligand1065-0
239,GANHOT__ligand26324-0
240,GANHOT__ligand3012-0
241,GANHOT__ligand28559-0
242,GANHOT__ligand1449-0
243,GANHOT__ligand14043-0
244,GANHOT__ligand321-0
245,GANHOT__ligand5483-0
246,GANHOT__ligand42-0
247,GANHOT__ligand16148-0
248,GANHOT__ligand26631-0
249,GANHOT__ligand12003-0
250,GANHOT__ligand5316-0
251,GANHOT__ligand10872-0
252,GANHOT__ligand21399-0
253,GANHOT__ligand29215-0
254,GANHOT__ligand2830-0
255,GANHOT__ligand1729-0
256,GANHOT__ligand5627-0
257,GANHOT__ligand27754-0
258,GANHOT__ligand20695-0
259,GANHOT__ligand7529-0
260,GANHOT__ligand1415-0
261,GANHOT__ligand6946-0
262,GANHOT__ligand16369-0
263,GANHOT__ligand338-0
264,GANHOT__ligand11111-0
265,GANHOT__ligand28540-0
266,GANHOT__ligand22403-0
267,GANHOT__ligand9148-0
268,GANHOT__ligand11587-0
269,GANHOT__ligand13220-0
270,GANHOT__ligand7107-0
271,GANHOT__ligand17396-0
272,GANHOT__ligand15788-0
273,GANHOT__ligand23175-0
274,GANHOT__ligand3215-0
275,GANHOT__ligand14569-0
276,GANHOT__ligand163-0
277,GANHOT__ligand126-0
278,GANHOT__ligand13385-0
279,GANHOT__ligand38-0
280,GANHOT__ligand22444-0
281,GANHOT__ligand24111-0
282,GANHOT__ligand10033-0
283,GANHOT__ligand24644-0
284,GANHOT__ligand6062-0
285,GANHOT__ligand12001-0
286,GANHOT__ligand4738-0
287,GANHOT__ligand5813-0
288,GANHOT__ligand4813-0
289,GANHOT__ligand27840-0
290,GANHOT__ligand30728-0
291,GANHOT__ligand845-0
292,GANHOT__ligand24872-0
293,GANHOT__ligand6283-0
294,GANHOT__ligand25561-0
295,GANHOT__ligand657-0
296,GANHOT__ligand4330-0
297,GANHOT__ligand187-0
298,GANHOT__ligand2599-0
299,GANHOT__ligand366-0
300,GANHOT__ligand11949-0
301,GANHOT__ligand4194-0
302,GANHOT__ligand22129-0
303,GANHOT__ligand24780-0
304,GANHOT__ligand7532-0
305,GANHOT__ligand12138-0
306,GANHOT__ligand777-0
307,GANHOT__ligand7925-0
308,GANHOT__ligand2068-0
309,GANHOT__ligand17427-0
310,GANHOT__ligand3973-0
311,GANHOT__ligand31694-0
312,GANHOT__ligand596-0
313,GANHOT__ligand941-0
314,GANHOT__ligand29486-0
315,GANHOT__ligand1147-0
316,GANHOT__ligand28930-0
317,GANHOT__ligand22168-0
318,GANHOT__ligand7573-0
319,GANHOT__ligand2781-0
320,GANHOT__ligand22294-0
321,GANHOT__ligand3350-0
322,GANHOT__ligand8722-0
323,GANHOT__ligand21919-0
324,GANHOT__ligand9809-0
325,GANHOT__ligand6672-0
326,GANHOT__ligand1327-0
327,GANHOT__ligand10056-0
328,GANHOT__ligand12365-0
329,GANHOT__ligand15531-0
330,GANHOT__ligand3208-0
331,GANHOT__ligand28743-0
332,GANHOT__ligand2208-0
333,GANHOT__ligand11357-0
334,GANHOT__ligand13862-0
335,GANHOT__ligand11447-0
336,GANHOT__ligand11096-0
337,GANHOT__ligand18-0
338,GANHOT__ligand9197-0
339,GANHOT__ligand28810-0
340,GANHOT__ligand1900-0
341,GANHOT__ligand24230-0
342,GANHOT__ligand693-0
343,GANHOT__ligand15926-0
344,GANHOT__ligand10828-0
345,GANHOT__ligand19792-0
346,GANHOT__ligand7162-0
347,GANHOT__ligand11970-0
348,GANHOT__ligand3029-0
349,GANHOT__ligand1773-0
350,GANHOT__ligand4581-0
351,GANHOT__ligand2328-0
352,GANHOT__ligand15883-0
353,GANHOT__ligand25913-0
354,GANHOT__ligand16988-0
355,GANHOT__ligand5094-0
356,GANHOT__ligand5892-0
357,GANHOT__ligand122-0
358,GANHOT__ligand757-0
359,GANHOT__ligand11682-0
360,GANHOT__ligand20207-0
361,GANHOT__ligand30711-0
362,GANHOT__ligand4131-0
363,GANHOT__ligand1712-0
364,GANHOT__ligand24035-0
365,GANHOT__ligand31842-0
366,GANHOT__ligand7557-0
367,GANHOT__ligand31044-0
368,GANHOT__ligand1496-0
369,GANHOT__ligand11994-0
370,GANHOT__ligand16663-0
371,GANHOT__ligand14614-0
372,GANHOT__ligand3-0
373,GANHOT__ligand1533-0
374,GANHOT__ligand1768-0
375,GANHOT__ligand13672-0
376,GANHOT__ligand768-0
377,GANHOT__ligand28685-0
378,GANHOT__ligand1469-0
379,GANHOT__ligand18568-0
380,GANHOT__ligand3871-0
381,GANHOT__ligand5357-0
382,GANHOT__ligand1-0
383,GANHOT__ligand3647-0
384,GANHOT__ligand1688-0
385,GANHOT__ligand5056-0
386,GANHOT__ligand4850-0
387,GANHOT__ligand10371-0
388,GANHOT__ligand9525-0
389,GANHOT__ligand1165-0
390,GANHOT__ligand18448-0
391,GANHOT__ligand12453-0
392,GANHOT__ligand28459-0
393,GANHOT__ligand3157-0
394,GANHOT__ligand2722-0
395,GANHOT__ligand19184-0
396,GANHOT__ligand1379-0
397,GANHOT__ligand5935-0
398,GANHOT__ligand384-0
399,GANHOT__ligand240-0
400,GANHOT__ligand13477-0
401,GANHOT__ligand14167-0
402,GANHOT__ligand30142-0
403,GANHOT__ligand5849-0
404,GANHOT__ligand141-0
405,GANHOT__ligand27669-0
406,GANHOT__ligand1771-0
407,GANHOT__ligand4911-0
408,GANHOT__ligand3392-0
409,GANHOT__ligand23197-0
410,GANHOT__ligand8349-0
411,GANHOT__ligand1709-0
412,GANHOT__ligand8464-0
413,GANHOT__ligand29029-0
414,GANHOT__ligand2527-0
415,GANHOT__ligand27285-0
416,GANHOT__ligand4262-0
417,GANHOT__ligand27893-0
418,GANHOT__ligand14723-0
419,GANHOT__ligand19641-0
420,GANHOT__ligand15422-0
421,GANHOT__ligand20578-0
422,GANHOT__ligand1028-0
423,GANHOT__ligand12934-0
424,GANHOT__ligand391-0
425,GANHOT__ligand1618-0
426,GANHOT__ligand2692-0
427,GANHOT__ligand618-0
428,GANHOT__ligand23713-0
429,GANHOT__ligand18832-0
430,GANHOT__ligand27175-0
431,GANHOT__ligand30988-0
432,GANHOT__ligand17258-0
433,GANHOT__ligand14297-0
434,GANHOT__ligand14603-0
435,GANHOT__ligand16-0
436,GANHOT__ligand26665-0
437,GANHOT__ligand13012-0
438,GANHOT__ligand17631-0
439,GANHOT__ligand813-0
440,GANHOT__ligand1015-0
441,GANHOT__ligand1050-0
442,GANHOT__ligand780-0
443,GANHOT__ligand314-0
444,GANHOT__ligand31783-0
445,GANHOT__ligand2027-0
446,GANHOT__ligand17281-0
447,GANHOT__ligand1169-0
448,GANHOT__ligand30296-0
449,GANHOT__ligand32-0
450,GANHOT__ligand8529-0
451,GANHOT__ligand314-1
452,GANHOT__ligand29410-0
453,GANHOT__ligand12337-0
454,GANHOT__ligand26540-0
455,GANHOT__ligand30333-0
456,GANHOT__ligand12606-0
457,GANHOT__ligand1498-0
458,GANHOT__ligand4596-0
459,GANHOT__ligand465-0
460,GANHOT__ligand27460-0
461,GANHOT__ligand28468-0
462,GANHOT__ligand20740-0
463,GANHOT__ligand9615-0
464,GANHOT__ligand12427-0
465,GANHOT__ligand16628-0
466,GANHOT__ligand1154-0
467,GANHOT__ligand5201-0
468,GANHOT__ligand422-0
469,GANHOT__ligand27763-0
470,GANHOT__ligand10262-0
471,GANHOT__ligand28676-0
472,GANHOT__ligand48-0
473,GANHOT__ligand8553-0
474,GANHOT__ligand19057-0
475,GANHOT__ligand18814-0
476,GANHOT__ligand1113-0
477,GANHOT__ligand686-0
478,GANHOT__ligand29302-0
479,GANHOT__ligand13425-0
480,GANHOT__ligand14108-0
481,GANHOT__ligand196-0
482,GANHOT__ligand8593-0
483,GANHOT__ligand9944-0
484,GANHOT__ligand12641-0
485,GANHOT__ligand7566-0
486,GANHOT__ligand10958-0
487,GANHOT__ligand2001-0
488,GANHOT__ligand23769-0
489,GANHOT__ligand3180-0
490,GANHOT__ligand24185-0
491,GANHOT__ligand51-0
492,GANHOT__ligand25178-0
493,GANHOT__ligand4340-0
494,GANHOT__ligand2650-0
495,GANHOT__ligand2281-0
496,GANHOT__ligand2823-0
497,GANHOT__ligand353-0
498,GANHOT__ligand17302-0
499,GANHOT__ligand6995-0
500,GANHOT__ligand17805-0
501,GANHOT__ligand17387-0
502,GANHOT__ligand12130-0
503,GANHOT__ligand393-0
504,GANHOT__ligand13658-0
505,GANHOT__ligand26702-0
506,GANHOT__ligand4161-0
507,GANHOT__ligand3471-0
508,GANHOT__ligand12289-0
509,GANHOT__ligand4124-0
510,GANHOT__ligand18292-0
511,GANHOT__ligand12231-0
512,GANHOT__ligand91-0
513,GANHOT__ligand24145-0
514,GANHOT__ligand5415-0
515,GANHOT__ligand15585-0
516,GANHOT__ligand12401-0
517,GANHOT__ligand19830-0
518,GANHOT__ligand13068-0
519,GANHOT__ligand10476-0
520,GANHOT__ligand27482-0
521,GANHOT__ligand26810-0
522,GANHOT__ligand5630-0
523,GANHOT__ligand487-0
524,GANHOT__ligand1786-0
525,GANHOT__ligand13208-0
526,GANHOT__ligand3285-0
527,GANHOT__ligand4795-0
528,GANHOT__ligand1908-0
529,GANHOT__ligand55-0
530,GANHOT__ligand5755-0
531,GANHOT__ligand4710-0
532,GANHOT__ligand13390-0
533,GANHOT__ligand176-0
534,GANHOT__ligand68-0
535,GANHOT__ligand5085-0
536,GANHOT__ligand3144-0
537,GANHOT__ligand8042-0
538,GANHOT__ligand447-0
539,GANHOT__ligand6112-0
540,GANHOT__ligand1828-0
541,GANHOT__ligand746-0
542,GANHOT__ligand7213-0
543,GANHOT__ligand20682-0
544,GANHOT__ligand1397-0
545,GANHOT__ligand10712-0
546,GANHOT__ligand14174-0
547,GANHOT__ligand1216-0
548,GANHOT__ligand5019-0
549,GANHOT__ligand152-0
550,GANHOT__ligand11456-0
551,GANHOT__ligand1152-0
552,GANHOT__ligand3261-0
553,GANHOT__ligand25411-0
554,GANHOT__ligand1849-0
555,GANHOT__ligand6663-0
556,GANHOT__ligand5515-0
557,GANHOT__ligand13294-0
558,GANHOT__ligand1831-0
559,GANHOT__ligand5280-0
560,GANHOT__ligand31832-0
561,GANHOT__ligand5614-0
562,GANHOT__ligand29879-0
563,GANHOT__ligand34-0
564,GANHOT__ligand14248-0
565,GANHOT__ligand12030-0
566,GANHOT__ligand506-0
567,GANHOT__ligand13331-0
568,GANHOT__ligand28884-0
569,GANHOT__ligand17398-0
570,GANHOT__ligand833-0
571,GANHOT__ligand3042-0
572,GANHOT__ligand10589-0
573,GANHOT__ligand22557-0
574,GANHOT__ligand24047-0
575,GANHOT__ligand11675-0
576,GANHOT__ligand20598-0
577,GANHOT__ligand29414-0
578,GANHOT__ligand17982-0
579,GANHOT__ligand17278-0
580,GANHOT__ligand20011-0
581,GANHOT__ligand7438-0
582,GANHOT__ligand8200-0
583,GANHOT__ligand4063-0
584,GANHOT__ligand1150-0
585,GANHOT__ligand115-0
586,GANHOT__ligand1539-0
587,GANHOT__ligand20251-1
588,GANHOT__ligand14703-0
589,GANHOT__ligand16475-0
590,GANHOT__ligand4207-0
591,GANHOT__ligand3453-0
592,GANHOT__ligand3416-0
593,GANHOT__ligand17261-0
594,GANHOT__ligand14117-0
595,GANHOT__ligand1288-0
596,GANHOT__ligand20251-0
597,GANHOT__ligand4167-0
598,GANHOT__ligand20214-0
599,GANHOT__ligand30702-0
600,GANHOT__ligand20539-0
601,GANHOT__ligand395-0
602,GANHOT__ligand31097-0
603,GANHOT__ligand21581-0
604,GANHOT__ligand368-0
605,GANHOT__ligand4266-0
606,GANHOT__ligand1400-0
607,GANHOT__ligand9491-0
608,GANHOT__ligand784-0
609,GANHOT__ligand9750-0
610,GANHOT__ligand29568-0
611,GANHOT__ligand1779-0
612,GANHOT__ligand6993-0
613,GANHOT__ligand30851-0
614,GANHOT__ligand1817-0
615,GANHOT__ligand14889-0
616,GANHOT__ligand3980-0
617,GANHOT__ligand3557-0
618,GANHOT__ligand17118-0
619,GANHOT__ligand57-0
620,GANHOT__ligand21371-0
621,GANHOT__ligand20419-0
622,GANHOT__ligand1149-0
623,GANHOT__ligand28789-0
624,GANHOT__ligand7075-0
625,GANHOT__ligand28924-0
626,GANHOT__ligand15438-0
627,GANHOT__ligand9773-0
628,GANHOT__ligand1376-0
629,GANHOT__ligand5510-0
630,GANHOT__ligand1197-0
631,GANHOT__ligand197-0
632,GANHOT__ligand89-0
633,GANHOT__ligand8592-0
634,GANHOT__ligand5099-0
635,GANHOT__ligand29087-0
636,GANHOT__ligand18703-0
637,GANHOT__ligand1296-0
638,GANHOT__ligand2259-0
639,GANHOT__ligand17945-0
640,GANHOT__ligand49-0
641,GANHOT__ligand2221-0
642,GANHOT__ligand25224-0
643,GANHOT__ligand18013-0
644,GANHOT__ligand17207-0
645,GANHOT__ligand4358-0
646,GANHOT__ligand31578-0
647,GANHOT__ligand3926-0
648,GANHOT__ligand3120-0
649,GANHOT__ligand24750-0
650,GANHOT__ligand5595-0
651,GANHOT__ligand4101-0
652,GANHOT__ligand26277-0
653,GANHOT__ligand5080-0
654,GANHOT__ligand29898-0
655,GANHOT__ligand7762-0
656,GANHOT__ligand22755-0
657,GANHOT__ligand10432-0
658,GANHOT__ligand31618-0
659,GANHOT__ligand11432-0
660,GANHOT__ligand868-0
661,GANHOT__ligand8002-0
662,GANHOT__ligand5509-0
663,GANHOT__ligand1407-0
664,GANHOT__ligand6117-0
665,GANHOT__ligand3867-0
666,GANHOT__ligand1317-0
667,GANHOT__ligand24064-0
668,GANHOT__ligand7293-0
669,GANHOT__ligand2822-0
670,GANHOT__ligand783-0
671,GANHOT__ligand352-0
672,GANHOT__ligand23589-0
673,GANHOT__ligand2238-0
674,GANHOT__ligand9167-0
675,GANHOT__ligand15168-0
676,GANHOT__ligand5304-0
677,GANHOT__ligand3677-1
678,GANHOT__ligand9883-0
679,GANHOT__ligand10555-0
680,GANHOT__ligand31483-0
681,GANHOT__ligand7291-0
682,GANHOT__ligand9299-0
683,GANHOT__ligand24613-0
684,GANHOT__ligand560-0
685,GANHOT__ligand4007-0
686,GANHOT__ligand19725-0
687,GANHOT__ligand17-0
688,GANHOT__ligand2985-0
689,GANHOT__ligand134-0
690,GANHOT__ligand5383-0
691,GANHOT__ligand2693-0
692,GANHOT__ligand21421-0
693,GANHOT__ligand11774-0
694,GANHOT__ligand14586-0
695,GANHOT__ligand235-0
696,GANHOT__ligand3945-0
697,GANHOT__ligand3736-0
698,GANHOT__ligand8000-0
699,GANHOT__ligand11568-0
700,GANHOT__ligand17710-0
701,GANHOT__ligand20579-0
702,GANHOT__ligand9344-0
703,GANHOT__ligand1211-0
704,GANHOT__ligand17240-0
705,GANHOT__ligand685-0
706,GANHOT__ligand6892-0
707,GANHOT__ligand17590-0
708,GANHOT__ligand1499-0
709,GANHOT__ligand2881-0
710,GANHOT__ligand12682-0
711,GANHOT__ligand18699-0
712,GANHOT__ligand421-0
713,GANHOT__ligand1464-0
714,GANHOT__ligand3712-0
715,GANHOT__ligand6699-0
716,GANHOT__ligand294-0
717,GANHOT__ligand13072-0
718,GANHOT__ligand1168-0
719,GANHOT__ligand1294-0
720,GANHOT__ligand12336-0
721,GANHOT__ligand3677-0
722,GANHOT__ligand3632-0
723,GANHOT__ligand13257-0
724,GANHOT__ligand21936-0
725,GANHOT__ligand2417-0
726,GANHOT__ligand23904-0
727,GANHOT__ligand1114-0
728,GANHOT__ligand25267-0
729,GANHOT__ligand10084-0
730,GANHOT__ligand6391-0
731,GANHOT__ligand3126-0
732,GANHOT__ligand9284-0
733,GANHOT__ligand12467-0
734,GANHOT__ligand250-0
735,GANHOT__ligand8-0
736,GANHOT__ligand1228-0
737,GANHOT__ligand9943-0
738,GANHOT__ligand14523-0
739,GANHOT__ligand27169-0
740,GANHOT__ligand1604-0
741,GANHOT__ligand18391-0
742,GANHOT__ligand1832-0
743,GANHOT__ligand27074-0
744,GANHOT__ligand8788-0
745,GANHOT__ligand25805-0
746,GANHOT__ligand22981-0
747,GANHOT__ligand2043-0
748,GANHOT__ligand370-0
749,GANHOT__ligand20599-0
750,GANHOT__ligand370-1
751,GANHOT__ligand620-0
752,GANHOT__ligand1599-0
753,GANHOT__ligand18465-0
754,GANHOT__ligand2612-0
755,GANHOT__ligand564-0
756,GANHOT__ligand18799-0
757,GANHOT__ligand311-0
758,GANHOT__ligand785-0
759,GANHOT__ligand16791-0
760,GANHOT__ligand479-0
761,GANHOT__ligand9450-0
762,GANHOT__ligand28668-0
763,GANHOT__ligand29610-0
764,GANHOT__ligand11140-0
765,GANHOT__ligand188-0
766,GANHOT__ligand1289-0
767,GANHOT__ligand29863-0
768,GANHOT__ligand5387-0
769,GANHOT__ligand13869-0
770,GANHOT__ligand2203-0
771,GANHOT__ligand18074-0
772,GANHOT__ligand12519-0
773,GANHOT__ligand25735-0
774,GANHOT__ligand4649-0
775,GANHOT__ligand11206-0
776,GANHOT__ligand5649-0
777,GANHOT__ligand2788-0
778,GANHOT__ligand8793-0
779,GANHOT__ligand23124-0
780,GANHOT__ligand3244-0
781,GANHOT__ligand4711-0
782,GANHOT__ligand177-0
783,GANHOT__ligand69-0
784,GANHOT__ligand2906-0
785,GANHOT__ligand31248-0
786,GANHOT__ligand3178-0
787,GANHOT__ligand25650-0
788,GANHOT__ligand4807-0
789,GANHOT__ligand11-0
790,GANHOT__ligand909-0
791,GANHOT__ligand7196-0
792,GANHOT__ligand5159-0
793,GANHOT__ligand12660-0
794,GANHOT__ligand1787-0
795,GANHOT__ligand1356-0
796,GANHOT__ligand13209-0
797,GANHOT__ligand5530-0
798,GANHOT__ligand19257-0
799,GANHOT__ligand9753-0
800,GANHOT__ligand25575-0
801,GANHOT__ligand21787-0
802,GANHOT__ligand7316-0
803,GANHOT__ligand5708-0
804,GANHOT__ligand25689-0
805,GANHOT__ligand6017-0
806,GANHOT__ligand193-0
807,GANHOT__ligand372-0
808,GANHOT__ligand5180-0
809,GANHOT__ligand830-0
810,GANHOT__ligand12295-0
811,GANHOT__ligand27835-0
812,GANHOT__ligand7273-0
813,GANHOT__ligand23906-0
814,GANHOT__ligand9323-0
815,GANHOT__ligand21132-0
816,GANHOT__ligand7172-0
817,GANHOT__ligand11166-0
818,GANHOT__ligand30539-0
819,GANHOT__ligand252-0
820,GANHOT__ligand8612-0
821,GANHOT__ligand2124-0
822,GANHOT__ligand116-0
823,GANHOT__ligand2260-0
824,GANHOT__ligand7092-0
825,GANHOT__ligand1116-0
826,GANHOT__ligand3225-0
827,GANHOT__ligand1153-0
