,TMC
0,CEYSIL__ligand67-0
1,CEYSIL__ligand2612-0
2,CEYSIL__ligand596-0
3,CEYSIL__ligand941-0
4,CEYSIL__ligand1599-0
5,CEYSIL__ligand27482-0
6,CEYSIL__ligand9450-0
7,CEYSIL__ligand26810-0
8,CEYSIL__ligand777-0
9,CEYSIL__ligand13208-0
10,CEYSIL__ligand366-0
11,CEYSIL__ligand20682-0
12,CEYSIL__ligand657-0
13,CEYSIL__ligand1289-0
14,CEYSIL__ligand2203-0
15,CEYSIL__ligand5387-0
16,CEYSIL__ligand13390-0
17,CEYSIL__ligand187-0
18,CEYSIL__ligand845-0
19,CEYSIL__ligand25411-0
20,CEYSIL__ligand2417-0
21,CEYSIL__ligand10712-0
22,CEYSIL__ligand3126-0
23,CEYSIL__ligand6391-0
24,CEYSIL__ligand14174-0
25,CEYSIL__ligand9284-0
26,CEYSIL__ligand11456-0
27,CEYSIL__ligand1114-0
28,CEYSIL__ligand163-0
29,CEYSIL__ligand14248-0
30,CEYSIL__ligand29879-0
31,CEYSIL__ligand126-0
32,CEYSIL__ligand1604-0
33,CEYSIL__ligand12030-0
34,CEYSIL__ligand9943-0
35,CEYSIL__ligand1228-0
36,CEYSIL__ligand13331-0
37,CEYSIL__ligand28884-0
38,CEYSIL__ligand43-0
39,CEYSIL__ligand2043-0
40,CEYSIL__ligand13294-0
41,CEYSIL__ligand1832-0
42,CEYSIL__ligand8788-0
43,CEYSIL__ligand31832-0
44,CEYSIL__ligand29414-0
45,CEYSIL__ligand6017-0
46,CEYSIL__ligand17982-0
47,CEYSIL__ligand20011-0
48,CEYSIL__ligand17278-0
49,CEYSIL__ligand7316-0
50,CEYSIL__ligand5708-0
51,CEYSIL__ligand17398-0
52,CEYSIL__ligand10589-0
53,CEYSIL__ligand22557-0
54,CEYSIL__ligand24047-0
55,CEYSIL__ligand11675-0
56,CEYSIL__ligand338-0
57,CEYSIL__ligand5180-0
58,CEYSIL__ligand20598-0
59,CEYSIL__ligand7172-0
60,CEYSIL__ligand16475-0
61,CEYSIL__ligand14703-0
62,CEYSIL__ligand7273-0
63,CEYSIL__ligand9323-0
64,CEYSIL__ligand7092-0
65,CEYSIL__ligand2260-0
66,CEYSIL__ligand1153-0
67,CEYSIL__ligand3225-0
68,CEYSIL__ligand1116-0
69,CEYSIL__ligand8612-0
70,CEYSIL__ligand2124-0
71,CEYSIL__ligand20251-1
72,CEYSIL__ligand4649-0
73,CEYSIL__ligand30702-0
74,CEYSIL__ligand20214-0
75,CEYSIL__ligand8793-0
76,CEYSIL__ligand2788-0
77,CEYSIL__ligand20251-0
78,CEYSIL__ligand5649-0
79,CEYSIL__ligand20539-0
80,CEYSIL__ligand321-0
81,CEYSIL__ligand21581-0
82,CEYSIL__ligand31097-0
83,CEYSIL__ligand17261-0
84,CEYSIL__ligand2906-0
85,CEYSIL__ligand14117-0
86,CEYSIL__ligand279-0
87,CEYSIL__ligand185-0
88,CEYSIL__ligand4711-0
89,CEYSIL__ligand178-0
90,CEYSIL__ligand3244-0
91,CEYSIL__ligand17118-0
92,CEYSIL__ligand21371-0
93,CEYSIL__ligand4807-0
94,CEYSIL__ligand20419-0
95,CEYSIL__ligand28789-0
96,CEYSIL__ligand3178-0
97,CEYSIL__ligand201-0
98,CEYSIL__ligand1356-0
99,CEYSIL__ligand1787-0
100,CEYSIL__ligand5530-0
101,CEYSIL__ligand9753-0
102,CEYSIL__ligand29568-0
103,CEYSIL__ligand7196-0
104,CEYSIL__ligand30851-0
105,CEYSIL__ligand5159-0
106,CEYSIL__ligand14889-0
107,CEYSIL__ligand23713-0
108,CEYSIL__ligand27175-0
109,CEYSIL__ligand18832-0
110,CEYSIL__ligand7762-0
111,CEYSIL__ligand30988-0
112,CEYSIL__ligand5080-0
113,CEYSIL__ligand19-0
114,CEYSIL__ligand5509-0
115,CEYSIL__ligand27893-0
116,CEYSIL__ligand8002-0
117,CEYSIL__ligand6117-0
118,CEYSIL__ligand1407-0
119,CEYSIL__ligand14723-0
120,CEYSIL__ligand19641-0
121,CEYSIL__ligand12934-0
122,CEYSIL__ligand20578-0
123,CEYSIL__ligand15422-0
124,CEYSIL__ligand1317-0
125,CEYSIL__ligand3867-0
126,CEYSIL__ligand2822-0
127,CEYSIL__ligand7293-0
128,CEYSIL__ligand31783-0
129,CEYSIL__ligand17258-0
130,CEYSIL__ligand240-0
131,CEYSIL__ligand9167-0
132,CEYSIL__ligand14603-0
133,CEYSIL__ligand14297-0
134,CEYSIL__ligand5304-0
135,CEYSIL__ligand24-0
136,CEYSIL__ligand2238-0
137,CEYSIL__ligand141-0
138,CEYSIL__ligand26665-0
139,CEYSIL__ligand13012-0
140,CEYSIL__ligand17631-0
141,CEYSIL__ligand30333-0
142,CEYSIL__ligand9773-0
143,CEYSIL__ligand1376-0
144,CEYSIL__ligand5510-0
145,CEYSIL__ligand384-0
146,CEYSIL__ligand12606-0
147,CEYSIL__ligand1296-0
148,CEYSIL__ligand17281-0
149,CEYSIL__ligand2259-0
150,CEYSIL__ligand30296-0
151,CEYSIL__ligand29410-0
152,CEYSIL__ligand1197-0
153,CEYSIL__ligand45-0
154,CEYSIL__ligand12337-0
155,CEYSIL__ligand5099-0
156,CEYSIL__ligand8592-0
157,CEYSIL__ligand26540-0
158,CEYSIL__ligand4358-0
159,CEYSIL__ligand28468-0
160,CEYSIL__ligand20740-0
161,CEYSIL__ligand78-0
162,CEYSIL__ligand12427-0
163,CEYSIL__ligand3120-0
164,CEYSIL__ligand3926-0
165,CEYSIL__ligand16628-0
166,CEYSIL__ligand2221-0
167,CEYSIL__ligand5595-0
168,CEYSIL__ligand768-0
169,CEYSIL__ligand4101-0
170,CEYSIL__ligand27460-0
171,CEYSIL__ligand6892-0
172,CEYSIL__ligand19057-0
173,CEYSIL__ligand18814-0
174,CEYSIL__ligand29302-0
175,CEYSIL__ligand13425-0
176,CEYSIL__ligand1211-0
177,CEYSIL__ligand3712-0
178,CEYSIL__ligand1464-0
179,CEYSIL__ligand1499-0
180,CEYSIL__ligand27763-0
181,CEYSIL__ligand28676-0
182,CEYSIL__ligand10262-0
183,CEYSIL__ligand2881-0
184,CEYSIL__ligand12641-0
185,CEYSIL__ligand6699-0
186,CEYSIL__ligand757-0
187,CEYSIL__ligand10958-0
188,CEYSIL__ligand14108-0
189,CEYSIL__ligand3632-0
190,CEYSIL__ligand3677-0
191,CEYSIL__ligand1168-0
192,CEYSIL__ligand122-0
193,CEYSIL__ligand1294-0
194,CEYSIL__ligand17302-0
195,CEYSIL__ligand7291-0
196,CEYSIL__ligand9883-0
197,CEYSIL__ligand3677-1
198,CEYSIL__ligand17805-0
199,CEYSIL__ligand23769-0
200,CEYSIL__ligand4007-0
201,CEYSIL__ligand2985-0
202,CEYSIL__ligand24185-0
203,CEYSIL__ligand9299-0
204,CEYSIL__ligand25178-0
205,CEYSIL__ligand693-0
206,CEYSIL__ligand24145-0
207,CEYSIL__ligand12401-0
208,CEYSIL__ligand15585-0
209,CEYSIL__ligand3945-0
210,CEYSIL__ligand13068-0
211,CEYSIL__ligand19830-0
212,CEYSIL__ligand10476-0
213,CEYSIL__ligand2693-0
214,CEYSIL__ligand5383-0
215,CEYSIL__ligand17387-0
216,CEYSIL__ligand12130-0
217,CEYSIL__ligand26702-0
218,CEYSIL__ligand9344-0
219,CEYSIL__ligand13658-0
220,CEYSIL__ligand18292-0
221,CEYSIL__ligand12289-0
222,CEYSIL__ligand12231-0
223,CEYSIL__ligand3736-0
224,CEYSIL__ligand8000-0
225,CEYSIL__ligand670-0
226,CEYSIL__ligand25267-0
227,CEYSIL__ligand5019-0
228,CEYSIL__ligand10084-0
229,CEYSIL__ligand3261-0
230,CEYSIL__ligand1152-0
231,CEYSIL__ligand8-0
232,CEYSIL__ligand534-0
233,CEYSIL__ligand571-0
234,CEYSIL__ligand38-0
235,CEYSIL__ligand12467-0
236,CEYSIL__ligand1216-0
237,CEYSIL__ligand13257-0
238,CEYSIL__ligand21936-0
239,CEYSIL__ligand1849-0
240,CEYSIL__ligand23904-0
241,CEYSIL__ligand27074-0
242,CEYSIL__ligand1831-0
243,CEYSIL__ligand5614-0
244,CEYSIL__ligand5280-0
245,CEYSIL__ligand22981-0
246,CEYSIL__ligand25805-0
247,CEYSIL__ligand6663-0
248,CEYSIL__ligand5515-0
249,CEYSIL__ligand20599-0
250,CEYSIL__ligand14523-0
251,CEYSIL__ligand27169-0
252,CEYSIL__ligand18391-0
253,CEYSIL__ligand16791-0
254,CEYSIL__ligand1786-0
255,CEYSIL__ligand358-0
256,CEYSIL__ligand430-0
257,CEYSIL__ligand488-0
258,CEYSIL__ligand5630-0
259,CEYSIL__ligand28668-0
260,CEYSIL__ligand1908-0
261,CEYSIL__ligand18465-0
262,CEYSIL__ligand694-0
263,CEYSIL__ligand4795-0
264,CEYSIL__ligand3285-0
265,CEYSIL__ligand18799-0
266,CEYSIL__ligand5085-0
267,CEYSIL__ligand3144-0
268,CEYSIL__ligand5755-0
269,CEYSIL__ligand29863-0
270,CEYSIL__ligand4710-0
271,CEYSIL__ligand13869-0
272,CEYSIL__ligand18074-0
273,CEYSIL__ligand1828-0
274,CEYSIL__ligand7213-0
275,CEYSIL__ligand1397-0
276,CEYSIL__ligand29610-0
277,CEYSIL__ligand8042-0
278,CEYSIL__ligand11140-0
279,CEYSIL__ligand6112-0
280,CEYSIL__ligand1288-0
281,CEYSIL__ligand656-0
282,CEYSIL__ligand1400-0
283,CEYSIL__ligand4266-0
284,CEYSIL__ligand9491-0
285,CEYSIL__ligand25735-0
286,CEYSIL__ligand12519-0
287,CEYSIL__ligand11206-0
288,CEYSIL__ligand4167-0
289,CEYSIL__ligand23124-0
290,CEYSIL__ligand1779-0
291,CEYSIL__ligand1817-0
292,CEYSIL__ligand6993-0
293,CEYSIL__ligand12660-0
294,CEYSIL__ligand9750-0
295,CEYSIL__ligand13209-0
296,CEYSIL__ligand19257-0
297,CEYSIL__ligand31248-0
298,CEYSIL__ligand66-0
299,CEYSIL__ligand7075-0
300,CEYSIL__ligand25650-0
301,CEYSIL__ligand696-0
302,CEYSIL__ligand3557-0
303,CEYSIL__ligand3980-0
304,CEYSIL__ligand1149-0
305,CEYSIL__ligand3042-0
306,CEYSIL__ligand416-0
307,CEYSIL__ligand12295-0
308,CEYSIL__ligand27835-0
309,CEYSIL__ligand383-0
310,CEYSIL__ligand25575-0
311,CEYSIL__ligand8200-0
312,CEYSIL__ligand7438-0
313,CEYSIL__ligand21787-0
314,CEYSIL__ligand162-0
315,CEYSIL__ligand4063-0
316,CEYSIL__ligand25689-0
317,CEYSIL__ligand226-0
318,CEYSIL__ligand42-0
319,CEYSIL__ligand30539-0
320,CEYSIL__ligand1539-0
321,CEYSIL__ligand1150-0
322,CEYSIL__ligand23906-0
323,CEYSIL__ligand3416-0
324,CEYSIL__ligand3453-0
325,CEYSIL__ligand21132-0
326,CEYSIL__ligand4207-0
327,CEYSIL__ligand11166-0
328,CEYSIL__ligand29087-0
329,CEYSIL__ligand18703-0
330,CEYSIL__ligand1169-0
331,CEYSIL__ligand8529-0
332,CEYSIL__ligand28924-0
333,CEYSIL__ligand15438-0
334,CEYSIL__ligand24750-0
335,CEYSIL__ligand497-0
336,CEYSIL__ligand1498-0
337,CEYSIL__ligand4596-0
338,CEYSIL__ligand17945-0
339,CEYSIL__ligand1154-0
340,CEYSIL__ligand633-0
341,CEYSIL__ligand25224-0
342,CEYSIL__ligand18013-0
343,CEYSIL__ligand17207-0
344,CEYSIL__ligand31578-0
345,CEYSIL__ligand9615-0
346,CEYSIL__ligand1028-0
347,CEYSIL__ligand4262-0
348,CEYSIL__ligand326-0
349,CEYSIL__ligand29898-0
350,CEYSIL__ligand26277-0
351,CEYSIL__ligand1618-0
352,CEYSIL__ligand22755-0
353,CEYSIL__ligand10432-0
354,CEYSIL__ligand2692-0
355,CEYSIL__ligand11432-0
356,CEYSIL__ligand31618-0
357,CEYSIL__ligand15168-0
358,CEYSIL__ligand692-0
359,CEYSIL__ligand24064-0
360,CEYSIL__ligand436-0
361,CEYSIL__ligand2027-0
362,CEYSIL__ligand1050-0
363,CEYSIL__ligand23589-0
364,CEYSIL__ligand1015-0
365,CEYSIL__ligand24613-0
366,CEYSIL__ligand4340-0
367,CEYSIL__ligand2281-0
368,CEYSIL__ligand2650-0
369,CEYSIL__ligand19725-0
370,CEYSIL__ligand3180-0
371,CEYSIL__ligand6995-0
372,CEYSIL__ligand10555-0
373,CEYSIL__ligand31483-0
374,CEYSIL__ligand2823-0
375,CEYSIL__ligand361-0
376,CEYSIL__ligand324-0
377,CEYSIL__ligand409-0
378,CEYSIL__ligand11568-0
379,CEYSIL__ligand20579-0
380,CEYSIL__ligand17710-0
381,CEYSIL__ligand4124-0
382,CEYSIL__ligand3471-0
383,CEYSIL__ligand4161-0
384,CEYSIL__ligand21421-0
385,CEYSIL__ligand5415-0
386,CEYSIL__ligand14586-0
387,CEYSIL__ligand11774-0
388,CEYSIL__ligand18-0
389,CEYSIL__ligand18699-0
390,CEYSIL__ligand5201-0
391,CEYSIL__ligand12682-0
392,CEYSIL__ligand300-0
393,CEYSIL__ligand17240-0
394,CEYSIL__ligand8553-0
395,CEYSIL__ligand17590-0
396,CEYSIL__ligand588-0
397,CEYSIL__ligand1113-0
398,CEYSIL__ligand13072-0
399,CEYSIL__ligand199-0
400,CEYSIL__ligand12336-0
401,CEYSIL__ligand8593-0
402,CEYSIL__ligand9944-0
403,CEYSIL__ligand2001-0
404,CEYSIL__ligand7566-0
405,CEYSIL__ligand294-0
406,CEYSIL__ligand5892-0
407,CEYSIL__ligand5094-0
408,CEYSIL__ligand48-0
409,CEYSIL__ligand10151-0
410,CEYSIL__ligand1712-0
411,CEYSIL__ligand4131-0
412,CEYSIL__ligand7557-0
413,CEYSIL__ligand1496-0
414,CEYSIL__ligand19668-0
415,CEYSIL__ligand19906-0
416,CEYSIL__ligand421-0
417,CEYSIL__ligand685-0
418,CEYSIL__ligand22353-0
419,CEYSIL__ligand1533-0
420,CEYSIL__ligand24851-0
421,CEYSIL__ligand8722-0
422,CEYSIL__ligand1327-0
423,CEYSIL__ligand6672-0
424,CEYSIL__ligand9809-0
425,CEYSIL__ligand11698-0
426,CEYSIL__ligand20530-0
427,CEYSIL__ligand2781-0
428,CEYSIL__ligand7573-0
429,CEYSIL__ligand13657-0
430,CEYSIL__ligand14347-0
431,CEYSIL__ligand3350-0
432,CEYSIL__ligand14302-0
433,CEYSIL__ligand3208-0
434,CEYSIL__ligand134-0
435,CEYSIL__ligand11479-0
436,CEYSIL__ligand27610-0
437,CEYSIL__ligand10479-0
438,CEYSIL__ligand2208-0
439,CEYSIL__ligand51-0
440,CEYSIL__ligand10853-0
441,CEYSIL__ligand29441-0
442,CEYSIL__ligand235-0
443,CEYSIL__ligand560-0
444,CEYSIL__ligand9197-0
445,CEYSIL__ligand1900-0
446,CEYSIL__ligand16952-0
447,CEYSIL__ligand29813-0
448,CEYSIL__ligand91-0
449,CEYSIL__ligand4581-0
450,CEYSIL__ligand1773-0
451,CEYSIL__ligand20220-0
452,CEYSIL__ligand2328-0
453,CEYSIL__ligand15387-0
454,CEYSIL__ligand7162-0
455,CEYSIL__ligand20121-0
456,CEYSIL__ligand3029-0
457,CEYSIL__ligand5849-0
458,CEYSIL__ligand25658-0
459,CEYSIL__ligand17686-0
460,CEYSIL__ligand31205-0
461,CEYSIL__ligand352-0
462,CEYSIL__ligand783-0
463,CEYSIL__ligand3392-0
464,CEYSIL__ligand11177-0
465,CEYSIL__ligand4911-0
466,CEYSIL__ligand1771-0
467,CEYSIL__ligand15455-0
468,CEYSIL__ligand8349-0
469,CEYSIL__ligand16870-0
470,CEYSIL__ligand868-0
471,CEYSIL__ligand1709-0
472,CEYSIL__ligand8464-0
473,CEYSIL__ligand11622-0
474,CEYSIL__ligand16-0
475,CEYSIL__ligand11814-0
476,CEYSIL__ligand2527-0
477,CEYSIL__ligand16603-0
478,CEYSIL__ligand1469-0
479,CEYSIL__ligand11606-0
480,CEYSIL__ligand3871-0
481,CEYSIL__ligand1768-0
482,CEYSIL__ligand31000-0
483,CEYSIL__ligand5056-0
484,CEYSIL__ligand4850-0
485,CEYSIL__ligand26673-0
486,CEYSIL__ligand32-0
487,CEYSIL__ligand5357-0
488,CEYSIL__ligand3647-0
489,CEYSIL__ligand1688-0
490,CEYSIL__ligand20821-0
491,CEYSIL__ligand197-0
492,CEYSIL__ligand3157-0
493,CEYSIL__ligand18067-0
494,CEYSIL__ligand9525-0
495,CEYSIL__ligand19824-0
496,CEYSIL__ligand1165-0
497,CEYSIL__ligand11252-0
498,CEYSIL__ligand5935-0
499,CEYSIL__ligand13260-0
500,CEYSIL__ligand10582-0
501,CEYSIL__ligand2722-0
502,CEYSIL__ligand1379-0
503,CEYSIL__ligand5316-0
504,CEYSIL__ligand252-0
505,CEYSIL__ligand5483-0
506,CEYSIL__ligand116-0
507,CEYSIL__ligand1729-0
508,CEYSIL__ligand30004-0
509,CEYSIL__ligand20557-0
510,CEYSIL__ligand5627-0
511,CEYSIL__ligand2830-0
512,CEYSIL__ligand6946-0
513,CEYSIL__ligand1415-0
514,CEYSIL__ligand25048-0
515,CEYSIL__ligand21940-0
516,CEYSIL__ligand372-0
517,CEYSIL__ligand7529-0
518,CEYSIL__ligand830-0
519,CEYSIL__ligand27122-0
520,CEYSIL__ligand20432-0
521,CEYSIL__ligand13755-0
522,CEYSIL__ligand16133-0
523,CEYSIL__ligand24953-0
524,CEYSIL__ligand193-0
525,CEYSIL__ligand23445-0
526,CEYSIL__ligand9148-0
527,CEYSIL__ligand14339-0
528,CEYSIL__ligand2403-0
529,CEYSIL__ligand13691-0
530,CEYSIL__ligand30788-0
531,CEYSIL__ligand3934-0
532,CEYSIL__ligand21752-0
533,CEYSIL__ligand6455-0
534,CEYSIL__ligand6882-0
535,CEYSIL__ligand909-0
536,CEYSIL__ligand177-0
537,CEYSIL__ligand9681-0
538,CEYSIL__ligand24560-0
539,CEYSIL__ligand18757-0
540,CEYSIL__ligand24624-0
541,CEYSIL__ligand18413-0
542,CEYSIL__ligand20844-0
543,CEYSIL__ligand57-0
544,CEYSIL__ligand4332-0
545,CEYSIL__ligand3012-0
546,CEYSIL__ligand1449-0
547,CEYSIL__ligand7530-0
548,CEYSIL__ligand1065-0
549,CEYSIL__ligand55-0
550,CEYSIL__ligand4330-0
551,CEYSIL__ligand188-0
552,CEYSIL__ligand2599-0
553,CEYSIL__ligand27550-0
554,CEYSIL__ligand7532-0
555,CEYSIL__ligand18019-1
556,CEYSIL__ligand4194-0
557,CEYSIL__ligand14007-0
558,CEYSIL__ligand29565-0
559,CEYSIL__ligand479-0
560,CEYSIL__ligand7925-0
561,CEYSIL__ligand2068-0
562,CEYSIL__ligand311-0
563,CEYSIL__ligand23682-0
564,CEYSIL__ligand785-0
565,CEYSIL__ligand18158-0
566,CEYSIL__ligand27771-0
567,CEYSIL__ligand620-0
568,CEYSIL__ligand14226-0
569,CEYSIL__ligand21339-0
570,CEYSIL__ligand1147-0
571,CEYSIL__ligand16956-0
572,CEYSIL__ligand370-1
573,CEYSIL__ligand20942-1
574,CEYSIL__ligand68-0
575,CEYSIL__ligand564-0
576,CEYSIL__ligand3973-0
577,CEYSIL__ligand17069-0
578,CEYSIL__ligand14477-0
579,CEYSIL__ligand370-0
580,CEYSIL__ligand7107-0
581,CEYSIL__ligand17445-0
582,CEYSIL__ligand29334-0
583,CEYSIL__ligand12413-0
584,CEYSIL__ligand20731-0
585,CEYSIL__ligand3215-0
586,CEYSIL__ligand11798-0
587,CEYSIL__ligand4-0
588,CEYSIL__ligand4738-0
589,CEYSIL__ligand5813-0
590,CEYSIL__ligand21448-0
591,CEYSIL__ligand4813-0
592,CEYSIL__ligand250-0
593,CEYSIL__ligand11758-0
594,CEYSIL__ligand22357-0
595,CEYSIL__ligand34-0
596,CEYSIL__ligand6062-0
597,CEYSIL__ligand29214-0
598,CEYSIL__ligand6283-0
599,CEYSIL__ligand11501-0
600,CEYSIL__ligand11544-0
601,CEYSIL__ligand9111-0
602,CEYSIL__ligand9952-0
603,CEYSIL__ligand12365-0
604,CEYSIL__ligand17-0
605,CEYSIL__ligand10056-0
606,CEYSIL__ligand28743-0
607,CEYSIL__ligand5036-0
608,CEYSIL__ligand2526-0
609,CEYSIL__ligand15531-0
610,CEYSIL__ligand1615-0
611,CEYSIL__ligand13862-0
612,CEYSIL__ligand11357-0
613,CEYSIL__ligand22168-0
614,CEYSIL__ligand5643-0
615,CEYSIL__ligand28930-0
616,CEYSIL__ligand1823-0
617,CEYSIL__ligand393-0
618,CEYSIL__ligand22294-0
619,CEYSIL__ligand1324-0
620,CEYSIL__ligand21919-0
621,CEYSIL__ligand8721-0
622,CEYSIL__ligand353-0
623,CEYSIL__ligand3707-0
624,CEYSIL__ligand6124-0
625,CEYSIL__ligand11970-0
626,CEYSIL__ligand7967-0
627,CEYSIL__ligand1018-0
628,CEYSIL__ligand4116-0
629,CEYSIL__ligand15883-0
630,CEYSIL__ligand11447-0
631,CEYSIL__ligand11096-0
632,CEYSIL__ligand28810-0
633,CEYSIL__ligand8992-0
634,CEYSIL__ligand24230-0
635,CEYSIL__ligand15926-0
636,CEYSIL__ligand10828-0
637,CEYSIL__ligand19792-0
638,CEYSIL__ligand9601-0
639,CEYSIL__ligand6244-0
640,CEYSIL__ligand11682-0
641,CEYSIL__ligand30711-0
642,CEYSIL__ligand20207-0
643,CEYSIL__ligand1378-0
644,CEYSIL__ligand25913-0
645,CEYSIL__ligand16988-0
646,CEYSIL__ligand196-0
647,CEYSIL__ligand3156-0
648,CEYSIL__ligand2915-0
649,CEYSIL__ligand1631-0
650,CEYSIL__ligand16663-0
651,CEYSIL__ligand3-0
652,CEYSIL__ligand1530-0
653,CEYSIL__ligand1575-0
654,CEYSIL__ligand14614-0
655,CEYSIL__ligand9933-0
656,CEYSIL__ligand686-0
657,CEYSIL__ligand24035-0
658,CEYSIL__ligand422-0
659,CEYSIL__ligand31044-0
660,CEYSIL__ligand31842-0
661,CEYSIL__ligand9441-0
662,CEYSIL__ligand2332-0
663,CEYSIL__ligand11994-0
664,CEYSIL__ligand2295-0
665,CEYSIL__ligand6067-0
666,CEYSIL__ligand1577-0
667,CEYSIL__ligand1-0
668,CEYSIL__ligand89-0
669,CEYSIL__ligand10371-0
670,CEYSIL__ligand4620-0
671,CEYSIL__ligand13672-0
672,CEYSIL__ligand18568-0
673,CEYSIL__ligand28685-0
674,CEYSIL__ligand465-0
675,CEYSIL__ligand19184-0
676,CEYSIL__ligand6904-0
677,CEYSIL__ligand3721-0
678,CEYSIL__ligand6596-0
679,CEYSIL__ligand6102-0
680,CEYSIL__ligand3465-0
681,CEYSIL__ligand314-1
682,CEYSIL__ligand12453-0
683,CEYSIL__ligand2917-0
684,CEYSIL__ligand18448-0
685,CEYSIL__ligand7819-0
686,CEYSIL__ligand49-0
687,CEYSIL__ligand28459-0
688,CEYSIL__ligand813-0
689,CEYSIL__ligand7126-0
690,CEYSIL__ligand2028-0
691,CEYSIL__ligand8835-0
692,CEYSIL__ligand780-0
693,CEYSIL__ligand314-0
694,CEYSIL__ligand14167-0
695,CEYSIL__ligand13477-0
696,CEYSIL__ligand30142-0
697,CEYSIL__ligand3234-0
698,CEYSIL__ligand1142-0
699,CEYSIL__ligand27669-0
700,CEYSIL__ligand618-0
701,CEYSIL__ligand29029-0
702,CEYSIL__ligand27285-0
703,CEYSIL__ligand23197-0
704,CEYSIL__ligand391-0
705,CEYSIL__ligand4641-0
706,CEYSIL__ligand4720-0
707,CEYSIL__ligand69-0
708,CEYSIL__ligand6839-0
709,CEYSIL__ligand3937-0
710,CEYSIL__ligand1202-0
711,CEYSIL__ligand3174-0
712,CEYSIL__ligand3131-0
713,CEYSIL__ligand26529-0
714,CEYSIL__ligand8969-0
715,CEYSIL__ligand5211-0
716,CEYSIL__ligand11618-0
717,CEYSIL__ligand784-0
718,CEYSIL__ligand3094-0
719,CEYSIL__ligand4155-0
720,CEYSIL__ligand395-0
721,CEYSIL__ligand19927-0
722,CEYSIL__ligand26324-0
723,CEYSIL__ligand6919-0
724,CEYSIL__ligand28559-0
725,CEYSIL__ligand2485-0
726,CEYSIL__ligand3852-0
727,CEYSIL__ligand368-0
728,CEYSIL__ligand14043-0
729,CEYSIL__ligand11-0
730,CEYSIL__ligand27239-0
731,CEYSIL__ligand5331-0
732,CEYSIL__ligand1512-0
733,CEYSIL__ligand21729-0
734,CEYSIL__ligand3565-0
735,CEYSIL__ligand3035-0
736,CEYSIL__ligand1343-0
737,CEYSIL__ligand29215-0
738,CEYSIL__ligand3876-0
739,CEYSIL__ligand6616-0
740,CEYSIL__ligand3718-0
741,CEYSIL__ligand4661-0
742,CEYSIL__ligand1844-0
743,CEYSIL__ligand26631-0
744,CEYSIL__ligand115-0
745,CEYSIL__ligand16148-0
746,CEYSIL__ligand1959-0
747,CEYSIL__ligand12003-0
748,CEYSIL__ligand3504-0
749,CEYSIL__ligand9935-0
750,CEYSIL__ligand10872-0
751,CEYSIL__ligand21399-0
752,CEYSIL__ligand1536-0
753,CEYSIL__ligand1573-0
754,CEYSIL__ligand1263-0
755,CEYSIL__ligand9908-0
756,CEYSIL__ligand22403-0
757,CEYSIL__ligand27754-0
758,CEYSIL__ligand20695-0
759,CEYSIL__ligand833-0
760,CEYSIL__ligand7242-0
761,CEYSIL__ligand16369-0
762,CEYSIL__ligand11111-0
763,CEYSIL__ligand28540-0
764,CEYSIL__ligand7106-0
765,CEYSIL__ligand9520-0
766,CEYSIL__ligand14569-0
767,CEYSIL__ligand13385-0
768,CEYSIL__ligand1160-0
769,CEYSIL__ligand8699-0
770,CEYSIL__ligand22444-0
771,CEYSIL__ligand506-0
772,CEYSIL__ligand24111-0
773,CEYSIL__ligand4442-0
774,CEYSIL__ligand4093-0
775,CEYSIL__ligand3954-0
776,CEYSIL__ligand1451-0
777,CEYSIL__ligand11587-0
778,CEYSIL__ligand13220-0
779,CEYSIL__ligand4272-0
780,CEYSIL__ligand7629-0
781,CEYSIL__ligand17396-0
782,CEYSIL__ligand15788-0
783,CEYSIL__ligand9784-0
784,CEYSIL__ligand23175-0
785,CEYSIL__ligand7238-0
786,CEYSIL__ligand27840-0
787,CEYSIL__ligand30728-0
788,CEYSIL__ligand24872-0
789,CEYSIL__ligand7280-0
790,CEYSIL__ligand1790-0
791,CEYSIL__ligand1304-0
792,CEYSIL__ligand10033-0
793,CEYSIL__ligand7867-0
794,CEYSIL__ligand24644-0
795,CEYSIL__ligand6709-0
796,CEYSIL__ligand1219-0
797,CEYSIL__ligand12001-0
798,CEYSIL__ligand4016-0
799,CEYSIL__ligand152-0
800,CEYSIL__ligand4503-0
801,CEYSIL__ligand4546-0
802,CEYSIL__ligand11949-0
803,CEYSIL__ligand447-0
804,CEYSIL__ligand22129-0
805,CEYSIL__ligand746-0
806,CEYSIL__ligand24780-0
807,CEYSIL__ligand12138-0
808,CEYSIL__ligand176-0
809,CEYSIL__ligand25561-0
810,CEYSIL__ligand1285-0
811,CEYSIL__ligand6768-0
812,CEYSIL__ligand8115-0
813,CEYSIL__ligand7000-0
814,CEYSIL__ligand1982-0
815,CEYSIL__ligand2176-0
816,CEYSIL__ligand9291-0
817,CEYSIL__ligand31694-0
818,CEYSIL__ligand29486-0
819,CEYSIL__ligand2232-0
820,CEYSIL__ligand487-0
821,CEYSIL__ligand4157-0
822,CEYSIL__ligand2828-0
823,CEYSIL__ligand8876-0
824,CEYSIL__ligand7648-0
825,CEYSIL__ligand9833-0
826,CEYSIL__ligand17427-0
827,CEYSIL__ligand5256-0
