,TMC
0,XEVBEG__ligand391-0
1,XEVBEG__ligand1321-0
2,XEVBEG__ligand1178-0
3,XEVBEG__ligand8-0
4,XEVBEG__ligand3566-0
5,XEVBEG__ligand170-0
6,XEVBEG__ligand314-0
7,XEVBEG__ligand1788-0
8,XEVBEG__ligand481-0
9,XEVBEG__ligand9620-0
10,XEVBEG__ligand4894-0
11,XEVBEG__ligand1260-0
12,XEVBEG__ligand7514-0
13,XEVBEG__ligand3337-0
14,XEVBEG__ligand210-0
15,XEVBEG__ligand1449-1
16,XEVBEG__ligand4811-0
17,XEVBEG__ligand1307-0
18,XEVBEG__ligand422-0
19,XEVBEG__ligand113-0
20,XEVBEG__ligand502-0
21,XEVBEG__ligand196-0
22,XEVBEG__ligand1246-0
23,XEVBEG__ligand6166-0
24,XEVBEG__ligand353-0
25,XEVBEG__ligand67-0
26,XEVBEG__ligand2853-0
27,XEVBEG__ligand3853-0
28,XEVBEG__ligand2599-0
29,XEVBEG__ligand5089-0
30,XEVBEG__ligand236-0
31,XEVBEG__ligand1858-0
32,XEVBEG__ligand487-0
33,XEVBEG__ligand8032-0
34,XEVBEG__ligand666-0
35,XEVBEG__ligand522-0
36,XEVBEG__ligand5334-0
37,XEVBEG__ligand133-0
38,XEVBEG__ligand1898-0
39,XEVBEG__ligand2480-0
40,XEVBEG__ligand3051-0
41,XEVBEG__ligand4504-0
42,XEVBEG__ligand2315-0
43,XEVBEG__ligand447-0
44,XEVBEG__ligand1919-0
45,XEVBEG__ligand682-0
46,XEVBEG__ligand2389-0
47,XEVBEG__ligand1712-0
48,XEVBEG__ligand3579-0
49,XEVBEG__ligand2110-0
50,XEVBEG__ligand2916-0
51,XEVBEG__ligand78-0
52,XEVBEG__ligand85-0
53,XEVBEG__ligand1379-0
54,XEVBEG__ligand1264-0
55,XEVBEG__ligand291-0
56,XEVBEG__ligand1221-0
57,XEVBEG__ligand1299-0
58,XEVBEG__ligand6430-0
59,XEVBEG__ligand115-0
60,XEVBEG__ligand2929-0
61,XEVBEG__ligand45-0
62,XEVBEG__ligand2376-0
63,XEVBEG__ligand6571-0
64,XEVBEG__ligand2482-0
65,XEVBEG__ligand1325-0
66,XEVBEG__ligand485-0
67,XEVBEG__ligand1019-0
68,XEVBEG__ligand355-0
69,XEVBEG__ligand784-0
70,XEVBEG__ligand2442-0
71,XEVBEG__ligand1104-0
72,XEVBEG__ligand5762-0
73,XEVBEG__ligand7414-0
74,XEVBEG__ligand4619-0
75,XEVBEG__ligand6143-0
76,XEVBEG__ligand5235-0
77,XEVBEG__ligand296-0
78,XEVBEG__ligand3251-0
79,XEVBEG__ligand197-0
80,XEVBEG__ligand9176-0
81,XEVBEG__ligand112-0
82,XEVBEG__ligand3035-0
83,XEVBEG__ligand3070-0
84,XEVBEG__ligand2718-0
85,XEVBEG__ligand1493-0
86,XEVBEG__ligand136-0
87,XEVBEG__ligand5758-0
88,XEVBEG__ligand3478-0
89,XEVBEG__ligand66-0
90,XEVBEG__ligand442-0
91,XEVBEG__ligand868-0
92,XEVBEG__ligand3852-0
93,XEVBEG__ligand352-0
94,XEVBEG__ligand783-0
95,XEVBEG__ligand1818-0
96,XEVBEG__ligand7456-0
97,XEVBEG__ligand3890-0
98,XEVBEG__ligand4423-0
99,XEVBEG__ligand109-0
100,XEVBEG__ligand560-0
101,XEVBEG__ligand1907-0
102,XEVBEG__ligand525-0
103,XEVBEG__ligand235-0
104,XEVBEG__ligand1285-0
105,XEVBEG__ligand932-0
106,XEVBEG__ligand1555-0
107,XEVBEG__ligand134-0
108,XEVBEG__ligand7630-0
109,XEVBEG__ligand390-0
110,XEVBEG__ligand21-0
111,XEVBEG__ligand584-0
112,XEVBEG__ligand916-0
113,XEVBEG__ligand798-0
114,XEVBEG__ligand7550-0
115,XEVBEG__ligand40-0
116,XEVBEG__ligand421-0
117,XEVBEG__ligand2762-0
118,XEVBEG__ligand331-0
119,XEVBEG__ligand38-0
120,XEVBEG__ligand1038-0
121,XEVBEG__ligand1160-0
122,XEVBEG__ligand993-0
123,XEVBEG__ligand2253-0
124,XEVBEG__ligand294-0
125,XEVBEG__ligand5093-0
126,XEVBEG__ligand2954-0
127,XEVBEG__ligand460-0
128,XEVBEG__ligand250-0
129,XEVBEG__ligand3196-0
130,XEVBEG__ligand4012-0
131,XEVBEG__ligand2915-0
132,XEVBEG__ligand370-0
133,XEVBEG__ligand1690-0
134,XEVBEG__ligand2707-0
135,XEVBEG__ligand18-0
136,XEVBEG__ligand311-0
137,XEVBEG__ligand444-0
138,XEVBEG__ligand369-0
139,XEVBEG__ligand1551-0
140,XEVBEG__ligand188-0
141,XEVBEG__ligand2526-0
142,XEVBEG__ligand62-0
143,XEVBEG__ligand934-0
144,XEVBEG__ligand4370-0
145,XEVBEG__ligand177-0
146,XEVBEG__ligand2618-0
147,XEVBEG__ligand3618-0
148,XEVBEG__ligand909-0
149,XEVBEG__ligand11730-0
150,XEVBEG__ligand851-0
151,XEVBEG__ligand1436-0
152,XEVBEG__ligand193-0
153,XEVBEG__ligand2255-0
154,XEVBEG__ligand830-0
155,XEVBEG__ligand86-0
156,XEVBEG__ligand4175-0
157,XEVBEG__ligand955-0
158,XEVBEG__ligand1918-0
159,XEVBEG__ligand252-0
160,XEVBEG__ligand6277-0
161,XEVBEG__ligand1687-0
162,XEVBEG__ligand1951-0
163,XEVBEG__ligand226-0
164,XEVBEG__ligand2259-0
165,XEVBEG__ligand2688-0
166,XEVBEG__ligand162-0
167,XEVBEG__ligand2768-0
168,XEVBEG__ligand383-0
169,XEVBEG__ligand1376-0
170,XEVBEG__ligand32-0
171,XEVBEG__ligand3734-0
172,XEVBEG__ligand1706-0
173,XEVBEG__ligand3-0
174,XEVBEG__ligand4381-0
175,XEVBEG__ligand2629-0
176,XEVBEG__ligand365-0
177,XEVBEG__ligand29-0
178,XEVBEG__ligand91-0
179,XEVBEG__ligand278-0
180,XEVBEG__ligand1-0
181,XEVBEG__ligand1171-0
182,XEVBEG__ligand5801-0
183,XEVBEG__ligand669-0
184,XEVBEG__ligand1438-0
185,XEVBEG__ligand3063-0
186,XEVBEG__ligand10357-0
187,XEVBEG__ligand358-0
188,XEVBEG__ligand430-0
189,XEVBEG__ligand15630-0
190,XEVBEG__ligand51-0
191,XEVBEG__ligand1544-0
192,XEVBEG__ligand509-0
193,XEVBEG__ligand1459-0
194,XEVBEG__ligand3757-0
195,XEVBEG__ligand1048-0
196,XEVBEG__ligand48-0
197,XEVBEG__ligand2087-0
198,XEVBEG__ligand571-0
199,XEVBEG__ligand1685-0
200,XEVBEG__ligand670-0
201,XEVBEG__ligand118-0
202,XEVBEG__ligand34-0
203,XEVBEG__ligand199-0
204,XEVBEG__ligand9244-0
205,XEVBEG__ligand1228-0
206,XEVBEG__ligand927-0
207,XEVBEG__ligand1538-0
208,XEVBEG__ligand575-0
209,XEVBEG__ligand1114-0
210,XEVBEG__ligand3246-0
211,XEVBEG__ligand95-0
212,XEVBEG__ligand361-0
213,XEVBEG__ligand324-0
214,XEVBEG__ligand409-0
215,XEVBEG__ligand55-0
216,XEVBEG__ligand1479-0
217,XEVBEG__ligand105-0
218,XEVBEG__ligand140-0
219,XEVBEG__ligand1148-0
220,XEVBEG__ligand2863-0
221,XEVBEG__ligand6502-0
222,XEVBEG__ligand436-0
223,XEVBEG__ligand57-0
224,XEVBEG__ligand2098-0
225,XEVBEG__ligand206-0
226,XEVBEG__ligand6332-0
227,XEVBEG__ligand3178-0
228,XEVBEG__ligand142-0
229,XEVBEG__ligand283-0
230,XEVBEG__ligand3145-0
231,XEVBEG__ligand553-0
232,XEVBEG__ligand1747-0
233,XEVBEG__ligand326-0
234,XEVBEG__ligand6686-0
235,XEVBEG__ligand5548-0
236,XEVBEG__ligand7915-0
237,XEVBEG__ligand821-0
238,XEVBEG__ligand532-0
239,XEVBEG__ligand918-0
240,XEVBEG__ligand633-0
241,XEVBEG__ligand2751-0
242,XEVBEG__ligand497-0
243,XEVBEG__ligand73-0
244,XEVBEG__ligand838-0
245,XEVBEG__ligand3041-0
246,XEVBEG__ligand1542-0
247,XEVBEG__ligand166-0
248,XEVBEG__ligand2634-0
249,XEVBEG__ligand14530-0
250,XEVBEG__ligand2864-0
251,XEVBEG__ligand244-0
252,XEVBEG__ligand201-0
253,XEVBEG__ligand100-0
254,XEVBEG__ligand178-0
255,XEVBEG__ligand2142-0
256,XEVBEG__ligand279-0
257,XEVBEG__ligand321-0
258,XEVBEG__ligand6538-0
259,XEVBEG__ligand2772-0
260,XEVBEG__ligand6151-0
261,XEVBEG__ligand9495-0
262,XEVBEG__ligand10910-0
263,XEVBEG__ligand119-0
264,XEVBEG__ligand3838-0
265,XEVBEG__ligand1799-0
266,XEVBEG__ligand2838-0
267,XEVBEG__ligand49-0
268,XEVBEG__ligand2880-0
269,XEVBEG__ligand5941-0
270,XEVBEG__ligand89-0
271,XEVBEG__ligand124-0
272,XEVBEG__ligand1169-0
273,XEVBEG__ligand5022-0
274,XEVBEG__ligand4983-0
275,XEVBEG__ligand1835-0
276,XEVBEG__ligand2794-0
277,XEVBEG__ligand2345-0
278,XEVBEG__ligand1502-0
279,XEVBEG__ligand126-0
280,XEVBEG__ligand6396-0
281,XEVBEG__ligand2265-0
282,XEVBEG__ligand10114-0
283,XEVBEG__ligand1113-0
284,XEVBEG__ligand9027-0
285,XEVBEG__ligand187-0
286,XEVBEG__ligand1273-0
287,XEVBEG__ligand612-0
288,XEVBEG__ligand92-0
289,XEVBEG__ligand861-0
290,XEVBEG__ligand366-0
291,XEVBEG__ligand1052-0
292,XEVBEG__ligand17-0
293,XEVBEG__ligand10479-0
294,XEVBEG__ligand596-0
295,XEVBEG__ligand2430-0
296,XEVBEG__ligand1703-0
297,XEVBEG__ligand2907-0
298,XEVBEG__ligand6-0
299,XEVBEG__ligand2510-0
300,XEVBEG__ligand8921-0
301,XEVBEG__ligand1567-0
302,XEVBEG__ligand2285-0
303,XEVBEG__ligand2862-0
304,XEVBEG__ligand1056-0
305,XEVBEG__ligand2320-0
306,XEVBEG__ligand1607-0
307,XEVBEG__ligand757-0
308,XEVBEG__ligand1727-0
309,XEVBEG__ligand797-0
310,XEVBEG__ligand1152-0
311,XEVBEG__ligand3637-0
312,XEVBEG__ligand120-0
313,XEVBEG__ligand384-0
314,XEVBEG__ligand8774-0
315,XEVBEG__ligand141-0
316,XEVBEG__ligand4303-0
317,XEVBEG__ligand1248-0
318,XEVBEG__ligand240-0
319,XEVBEG__ligand1598-0
320,XEVBEG__ligand1054-0
321,XEVBEG__ligand11-0
322,XEVBEG__ligand6294-0
323,XEVBEG__ligand4-0
324,XEVBEG__ligand7464-0
