,TMC
0,LENQAY__ligand11166-0
1,LENQAY__ligand21132-0
2,LENQAY__ligand4262-0
3,LENQAY__ligand1028-0
4,LENQAY__ligand23906-0
5,LENQAY__ligand2692-0
6,LENQAY__ligand1618-0
7,LENQAY__ligand294-0
8,LENQAY__ligand30539-0
9,LENQAY__ligand25689-0
10,LENQAY__ligand16-0
11,LENQAY__ligand21787-0
12,LENQAY__ligand685-0
13,LENQAY__ligand25575-0
14,LENQAY__ligand1050-0
15,LENQAY__ligand1015-0
16,LENQAY__ligand421-0
17,LENQAY__ligand27835-0
18,LENQAY__ligand12295-0
19,LENQAY__ligand2027-0
20,LENQAY__ligand8529-0
21,LENQAY__ligand235-0
22,LENQAY__ligand32-0
23,LENQAY__ligand1169-0
24,LENQAY__ligand25650-0
25,LENQAY__ligand134-0
26,LENQAY__ligand31248-0
27,LENQAY__ligand19257-0
28,LENQAY__ligand13209-0
29,LENQAY__ligand12660-0
30,LENQAY__ligand23124-0
31,LENQAY__ligand4596-0
32,LENQAY__ligand11206-0
33,LENQAY__ligand1498-0
34,LENQAY__ligand12519-0
35,LENQAY__ligand25735-0
36,LENQAY__ligand9615-0
37,LENQAY__ligand560-0
38,LENQAY__ligand1154-0
39,LENQAY__ligand11140-0
40,LENQAY__ligand5201-0
41,LENQAY__ligand29610-0
42,LENQAY__ligand352-0
43,LENQAY__ligand783-0
44,LENQAY__ligand18074-0
45,LENQAY__ligand48-0
46,LENQAY__ligand1113-0
47,LENQAY__ligand13869-0
48,LENQAY__ligand29863-0
49,LENQAY__ligand8553-0
50,LENQAY__ligand18799-0
51,LENQAY__ligand8593-0
52,LENQAY__ligand9944-0
53,LENQAY__ligand18465-0
54,LENQAY__ligand7566-0
55,LENQAY__ligand28668-0
56,LENQAY__ligand2001-0
57,LENQAY__ligand868-0
58,LENQAY__ligand16791-0
59,LENQAY__ligand3180-0
60,LENQAY__ligand18391-0
61,LENQAY__ligand51-0
62,LENQAY__ligand27169-0
63,LENQAY__ligand14523-0
64,LENQAY__ligand4340-0
65,LENQAY__ligand2650-0
66,LENQAY__ligand2281-0
67,LENQAY__ligand20599-0
68,LENQAY__ligand25805-0
69,LENQAY__ligand2823-0
70,LENQAY__ligand22981-0
71,LENQAY__ligand6995-0
72,LENQAY__ligand27074-0
73,LENQAY__ligand23904-0
74,LENQAY__ligand4124-0
75,LENQAY__ligand3471-0
76,LENQAY__ligand4161-0
77,LENQAY__ligand21936-0
78,LENQAY__ligand13257-0
79,LENQAY__ligand91-0
80,LENQAY__ligand12467-0
81,LENQAY__ligand5415-0
82,LENQAY__ligand10084-0
83,LENQAY__ligand197-0
84,LENQAY__ligand25267-0
85,LENQAY__ligand5630-0
86,LENQAY__ligand1786-0
87,LENQAY__ligand4795-0
88,LENQAY__ligand3285-0
89,LENQAY__ligand116-0
90,LENQAY__ligand12336-0
91,LENQAY__ligand252-0
92,LENQAY__ligand55-0
93,LENQAY__ligand1908-0
94,LENQAY__ligand13072-0
95,LENQAY__ligand17590-0
96,LENQAY__ligand193-0
97,LENQAY__ligand5755-0
98,LENQAY__ligand68-0
99,LENQAY__ligand4710-0
100,LENQAY__ligand17240-0
101,LENQAY__ligand5085-0
102,LENQAY__ligand3144-0
103,LENQAY__ligand830-0
104,LENQAY__ligand6112-0
105,LENQAY__ligand12682-0
106,LENQAY__ligand8042-0
107,LENQAY__ligand18699-0
108,LENQAY__ligand372-0
109,LENQAY__ligand7213-0
110,LENQAY__ligand1397-0
111,LENQAY__ligand1828-0
112,LENQAY__ligand1216-0
113,LENQAY__ligand11774-0
114,LENQAY__ligand14586-0
115,LENQAY__ligand909-0
116,LENQAY__ligand3261-0
117,LENQAY__ligand21421-0
118,LENQAY__ligand1152-0
119,LENQAY__ligand5019-0
120,LENQAY__ligand1849-0
121,LENQAY__ligand20579-0
122,LENQAY__ligand17710-0
123,LENQAY__ligand11568-0
124,LENQAY__ligand6663-0
125,LENQAY__ligand5515-0
126,LENQAY__ligand3-0
127,LENQAY__ligand1831-0
128,LENQAY__ligand31483-0
129,LENQAY__ligand5614-0
130,LENQAY__ligand5280-0
131,LENQAY__ligand10555-0
132,LENQAY__ligand34-0
133,LENQAY__ligand19725-0
134,LENQAY__ligand24613-0
135,LENQAY__ligand177-0
136,LENQAY__ligand23589-0
137,LENQAY__ligand1-0
138,LENQAY__ligand24064-0
139,LENQAY__ligand3042-0
140,LENQAY__ligand15168-0
141,LENQAY__ligand4063-0
142,LENQAY__ligand7438-0
143,LENQAY__ligand188-0
144,LENQAY__ligand8200-0
145,LENQAY__ligand31618-0
146,LENQAY__ligand11432-0
147,LENQAY__ligand10432-0
148,LENQAY__ligand564-0
149,LENQAY__ligand22755-0
150,LENQAY__ligand1150-0
151,LENQAY__ligand1539-0
152,LENQAY__ligand370-1
153,LENQAY__ligand620-0
154,LENQAY__ligand26277-0
155,LENQAY__ligand29898-0
156,LENQAY__ligand4207-0
157,LENQAY__ligand311-0
158,LENQAY__ligand785-0
159,LENQAY__ligand3416-0
160,LENQAY__ligand3453-0
161,LENQAY__ligand479-0
162,LENQAY__ligand31578-0
163,LENQAY__ligand17207-0
164,LENQAY__ligand18013-0
165,LENQAY__ligand25224-0
166,LENQAY__ligand1288-0
167,LENQAY__ligand17945-0
168,LENQAY__ligand370-0
169,LENQAY__ligand4167-0
170,LENQAY__ligand9491-0
171,LENQAY__ligand24750-0
172,LENQAY__ligand4266-0
173,LENQAY__ligand1400-0
174,LENQAY__ligand9750-0
175,LENQAY__ligand1817-0
176,LENQAY__ligand6993-0
177,LENQAY__ligand15438-0
178,LENQAY__ligand28924-0
179,LENQAY__ligand1779-0
180,LENQAY__ligand57-0
181,LENQAY__ligand1149-0
182,LENQAY__ligand3557-0
183,LENQAY__ligand3980-0
184,LENQAY__ligand250-0
185,LENQAY__ligand18703-0
186,LENQAY__ligand29087-0
187,LENQAY__ligand7075-0
188,LENQAY__ligand14889-0
189,LENQAY__ligand30851-0
190,LENQAY__ligand29568-0
191,LENQAY__ligand1376-0
192,LENQAY__ligand393-0
193,LENQAY__ligand5510-0
194,LENQAY__ligand9773-0
195,LENQAY__ligand5099-0
196,LENQAY__ligand8592-0
197,LENQAY__ligand1197-0
198,LENQAY__ligand89-0
199,LENQAY__ligand28789-0
200,LENQAY__ligand2259-0
201,LENQAY__ligand20419-0
202,LENQAY__ligand1296-0
203,LENQAY__ligand21371-0
204,LENQAY__ligand17118-0
205,LENQAY__ligand49-0
206,LENQAY__ligand2221-0
207,LENQAY__ligand3120-0
208,LENQAY__ligand3926-0
209,LENQAY__ligand4358-0
210,LENQAY__ligand14117-0
211,LENQAY__ligand17261-0
212,LENQAY__ligand21581-0
213,LENQAY__ligand31097-0
214,LENQAY__ligand20539-0
215,LENQAY__ligand353-0
216,LENQAY__ligand5595-0
217,LENQAY__ligand20251-0
218,LENQAY__ligand30702-0
219,LENQAY__ligand20214-0
220,LENQAY__ligand4101-0
221,LENQAY__ligand20251-1
222,LENQAY__ligand7762-0
223,LENQAY__ligand5080-0
224,LENQAY__ligand196-0
225,LENQAY__ligand6117-0
226,LENQAY__ligand1407-0
227,LENQAY__ligand14703-0
228,LENQAY__ligand16475-0
229,LENQAY__ligand5509-0
230,LENQAY__ligand8002-0
231,LENQAY__ligand20598-0
232,LENQAY__ligand11675-0
233,LENQAY__ligand1317-0
234,LENQAY__ligand24047-0
235,LENQAY__ligand3867-0
236,LENQAY__ligand2822-0
237,LENQAY__ligand22557-0
238,LENQAY__ligand10589-0
239,LENQAY__ligand7293-0
240,LENQAY__ligand17398-0
241,LENQAY__ligand422-0
242,LENQAY__ligand686-0
243,LENQAY__ligand2238-0
244,LENQAY__ligand5304-0
245,LENQAY__ligand20011-0
246,LENQAY__ligand17278-0
247,LENQAY__ligand17982-0
248,LENQAY__ligand29414-0
249,LENQAY__ligand9167-0
250,LENQAY__ligand31832-0
251,LENQAY__ligand465-0
252,LENQAY__ligand3677-1
253,LENQAY__ligand13294-0
254,LENQAY__ligand9883-0
255,LENQAY__ligand7291-0
256,LENQAY__ligand28884-0
257,LENQAY__ligand13331-0
258,LENQAY__ligand9299-0
259,LENQAY__ligand17-0
260,LENQAY__ligand12030-0
261,LENQAY__ligand4007-0
262,LENQAY__ligand29879-0
263,LENQAY__ligand14248-0
264,LENQAY__ligand2985-0
265,LENQAY__ligand2693-0
266,LENQAY__ligand5383-0
267,LENQAY__ligand11456-0
268,LENQAY__ligand3945-0
269,LENQAY__ligand14174-0
270,LENQAY__ligand10712-0
271,LENQAY__ligand314-1
272,LENQAY__ligand8000-0
273,LENQAY__ligand3736-0
274,LENQAY__ligand9344-0
275,LENQAY__ligand25411-0
276,LENQAY__ligand1211-0
277,LENQAY__ligand13390-0
278,LENQAY__ligand6892-0
279,LENQAY__ligand20682-0
280,LENQAY__ligand780-0
281,LENQAY__ligand314-0
282,LENQAY__ligand2881-0
283,LENQAY__ligand1499-0
284,LENQAY__ligand813-0
285,LENQAY__ligand3712-0
286,LENQAY__ligand1464-0
287,LENQAY__ligand4-0
288,LENQAY__ligand13208-0
289,LENQAY__ligand391-0
290,LENQAY__ligand6699-0
291,LENQAY__ligand26810-0
292,LENQAY__ligand27482-0
293,LENQAY__ligand1294-0
294,LENQAY__ligand1168-0
295,LENQAY__ligand3632-0
296,LENQAY__ligand3677-0
297,LENQAY__ligand618-0
298,LENQAY__ligand12231-0
299,LENQAY__ligand12289-0
300,LENQAY__ligand784-0
301,LENQAY__ligand2417-0
302,LENQAY__ligand18292-0
303,LENQAY__ligand13658-0
304,LENQAY__ligand26702-0
305,LENQAY__ligand12130-0
306,LENQAY__ligand17387-0
307,LENQAY__ligand10476-0
308,LENQAY__ligand19830-0
309,LENQAY__ligand1114-0
310,LENQAY__ligand13068-0
311,LENQAY__ligand9284-0
312,LENQAY__ligand15585-0
313,LENQAY__ligand12401-0
314,LENQAY__ligand6391-0
315,LENQAY__ligand3126-0
316,LENQAY__ligand24145-0
317,LENQAY__ligand25178-0
318,LENQAY__ligand1228-0
319,LENQAY__ligand9943-0
320,LENQAY__ligand24185-0
321,LENQAY__ligand1604-0
322,LENQAY__ligand23769-0
323,LENQAY__ligand17805-0
324,LENQAY__ligand368-0
325,LENQAY__ligand1832-0
326,LENQAY__ligand8788-0
327,LENQAY__ligand17302-0
328,LENQAY__ligand395-0
329,LENQAY__ligand2043-0
330,LENQAY__ligand1599-0
331,LENQAY__ligand14108-0
332,LENQAY__ligand2612-0
333,LENQAY__ligand115-0
334,LENQAY__ligand10958-0
335,LENQAY__ligand12641-0
336,LENQAY__ligand9450-0
337,LENQAY__ligand10262-0
338,LENQAY__ligand28676-0
339,LENQAY__ligand27763-0
340,LENQAY__ligand833-0
341,LENQAY__ligand13425-0
342,LENQAY__ligand29302-0
343,LENQAY__ligand18814-0
344,LENQAY__ligand2203-0
345,LENQAY__ligand5387-0
346,LENQAY__ligand19057-0
347,LENQAY__ligand1289-0
348,LENQAY__ligand27460-0
349,LENQAY__ligand4649-0
350,LENQAY__ligand8793-0
351,LENQAY__ligand5649-0
352,LENQAY__ligand2788-0
353,LENQAY__ligand506-0
354,LENQAY__ligand69-0
355,LENQAY__ligand4711-0
356,LENQAY__ligand16628-0
357,LENQAY__ligand3244-0
358,LENQAY__ligand12427-0
359,LENQAY__ligand20740-0
360,LENQAY__ligand2906-0
361,LENQAY__ligand28468-0
362,LENQAY__ligand26540-0
363,LENQAY__ligand152-0
364,LENQAY__ligand12337-0
365,LENQAY__ligand3178-0
366,LENQAY__ligand29410-0
367,LENQAY__ligand4807-0
368,LENQAY__ligand30296-0
369,LENQAY__ligand11-0
370,LENQAY__ligand17281-0
371,LENQAY__ligand12606-0
372,LENQAY__ligand5159-0
373,LENQAY__ligand7196-0
374,LENQAY__ligand9753-0
375,LENQAY__ligand1787-0
376,LENQAY__ligand1356-0
377,LENQAY__ligand30333-0
378,LENQAY__ligand5530-0
379,LENQAY__ligand17631-0
380,LENQAY__ligand5708-0
381,LENQAY__ligand13012-0
382,LENQAY__ligand26665-0
383,LENQAY__ligand7316-0
384,LENQAY__ligand14297-0
385,LENQAY__ligand14603-0
386,LENQAY__ligand6017-0
387,LENQAY__ligand17258-0
388,LENQAY__ligand176-0
389,LENQAY__ligand31783-0
390,LENQAY__ligand746-0
391,LENQAY__ligand5180-0
392,LENQAY__ligand447-0
393,LENQAY__ligand9323-0
394,LENQAY__ligand15422-0
395,LENQAY__ligand20578-0
396,LENQAY__ligand12934-0
397,LENQAY__ligand7273-0
398,LENQAY__ligand19641-0
399,LENQAY__ligand14723-0
400,LENQAY__ligand487-0
401,LENQAY__ligand7172-0
402,LENQAY__ligand27893-0
403,LENQAY__ligand2124-0
404,LENQAY__ligand8612-0
405,LENQAY__ligand30988-0
406,LENQAY__ligand7092-0
407,LENQAY__ligand18832-0
408,LENQAY__ligand2260-0
409,LENQAY__ligand27175-0
410,LENQAY__ligand1153-0
411,LENQAY__ligand3225-0
412,LENQAY__ligand1116-0
413,LENQAY__ligand23713-0
414,LENQAY__ligand4661-0
415,LENQAY__ligand1844-0
416,LENQAY__ligand3718-0
417,LENQAY__ligand777-0
418,LENQAY__ligand23197-0
419,LENQAY__ligand3035-0
420,LENQAY__ligand3876-0
421,LENQAY__ligand1343-0
422,LENQAY__ligand6616-0
423,LENQAY__ligand596-0
424,LENQAY__ligand941-0
425,LENQAY__ligand1536-0
426,LENQAY__ligand1573-0
427,LENQAY__ligand9935-0
428,LENQAY__ligand27285-0
429,LENQAY__ligand3504-0
430,LENQAY__ligand29029-0
431,LENQAY__ligand1959-0
432,LENQAY__ligand27669-0
433,LENQAY__ligand187-0
434,LENQAY__ligand30142-0
435,LENQAY__ligand13477-0
436,LENQAY__ligand14167-0
437,LENQAY__ligand9908-0
438,LENQAY__ligand1263-0
439,LENQAY__ligand657-0
440,LENQAY__ligand7106-0
441,LENQAY__ligand7242-0
442,LENQAY__ligand366-0
443,LENQAY__ligand1202-0
444,LENQAY__ligand3937-0
445,LENQAY__ligand3174-0
446,LENQAY__ligand3131-0
447,LENQAY__ligand8969-0
448,LENQAY__ligand28459-0
449,LENQAY__ligand18448-0
450,LENQAY__ligand12453-0
451,LENQAY__ligand6839-0
452,LENQAY__ligand4720-0
453,LENQAY__ligand4155-0
454,LENQAY__ligand3094-0
455,LENQAY__ligand19184-0
456,LENQAY__ligand5211-0
457,LENQAY__ligand845-0
458,LENQAY__ligand2485-0
459,LENQAY__ligand3852-0
460,LENQAY__ligand6919-0
461,LENQAY__ligand28685-0
462,LENQAY__ligand18568-0
463,LENQAY__ligand13672-0
464,LENQAY__ligand10371-0
465,LENQAY__ligand3565-0
466,LENQAY__ligand163-0
467,LENQAY__ligand5331-0
468,LENQAY__ligand126-0
469,LENQAY__ligand1512-0
470,LENQAY__ligand11994-0
471,LENQAY__ligand338-0
472,LENQAY__ligand31842-0
473,LENQAY__ligand31044-0
474,LENQAY__ligand4503-0
475,LENQAY__ligand4546-0
476,LENQAY__ligand24035-0
477,LENQAY__ligand7000-0
478,LENQAY__ligand1982-0
479,LENQAY__ligand6768-0
480,LENQAY__ligand14614-0
481,LENQAY__ligand8115-0
482,LENQAY__ligand1285-0
483,LENQAY__ligand16663-0
484,LENQAY__ligand67-0
485,LENQAY__ligand2232-0
486,LENQAY__ligand9291-0
487,LENQAY__ligand16988-0
488,LENQAY__ligand2176-0
489,LENQAY__ligand25913-0
490,LENQAY__ligand5256-0
491,LENQAY__ligand8876-0
492,LENQAY__ligand2828-0
493,LENQAY__ligand7648-0
494,LENQAY__ligand9833-0
495,LENQAY__ligand4157-0
496,LENQAY__ligand30711-0
497,LENQAY__ligand20207-0
498,LENQAY__ligand11682-0
499,LENQAY__ligand4093-0
500,LENQAY__ligand4442-0
501,LENQAY__ligand3954-0
502,LENQAY__ligand19792-0
503,LENQAY__ligand10828-0
504,LENQAY__ligand178-0
505,LENQAY__ligand15926-0
506,LENQAY__ligand24230-0
507,LENQAY__ligand1160-0
508,LENQAY__ligand185-0
509,LENQAY__ligand8699-0
510,LENQAY__ligand279-0
511,LENQAY__ligand28810-0
512,LENQAY__ligand11096-0
513,LENQAY__ligand11447-0
514,LENQAY__ligand9520-0
515,LENQAY__ligand15883-0
516,LENQAY__ligand9784-0
517,LENQAY__ligand321-0
518,LENQAY__ligand7629-0
519,LENQAY__ligand11970-0
520,LENQAY__ligand1451-0
521,LENQAY__ligand4272-0
522,LENQAY__ligand7280-0
523,LENQAY__ligand1790-0
524,LENQAY__ligand1304-0
525,LENQAY__ligand21919-0
526,LENQAY__ligand22294-0
527,LENQAY__ligand7238-0
528,LENQAY__ligand28930-0
529,LENQAY__ligand22168-0
530,LENQAY__ligand13862-0
531,LENQAY__ligand11357-0
532,LENQAY__ligand43-0
533,LENQAY__ligand15531-0
534,LENQAY__ligand28743-0
535,LENQAY__ligand201-0
536,LENQAY__ligand4016-0
537,LENQAY__ligand6709-0
538,LENQAY__ligand1219-0
539,LENQAY__ligand10056-0
540,LENQAY__ligand12365-0
541,LENQAY__ligand7867-0
542,LENQAY__ligand17427-0
543,LENQAY__ligand1378-0
544,LENQAY__ligand8-0
545,LENQAY__ligand6244-0
546,LENQAY__ligand29486-0
547,LENQAY__ligand31694-0
548,LENQAY__ligand3156-0
549,LENQAY__ligand2915-0
550,LENQAY__ligand9933-0
551,LENQAY__ligand141-0
552,LENQAY__ligand1530-0
553,LENQAY__ligand1575-0
554,LENQAY__ligand240-0
555,LENQAY__ligand25561-0
556,LENQAY__ligand1631-0
557,LENQAY__ligand12138-0
558,LENQAY__ligand2332-0
559,LENQAY__ligand24780-0
560,LENQAY__ligand9441-0
561,LENQAY__ligand22129-0
562,LENQAY__ligand11949-0
563,LENQAY__ligand5036-0
564,LENQAY__ligand2526-0
565,LENQAY__ligand1615-0
566,LENQAY__ligand12001-0
567,LENQAY__ligand24644-0
568,LENQAY__ligand9111-0
569,LENQAY__ligand9952-0
570,LENQAY__ligand10033-0
571,LENQAY__ligand8721-0
572,LENQAY__ligand384-0
573,LENQAY__ligand24872-0
574,LENQAY__ligand1324-0
575,LENQAY__ligand30728-0
576,LENQAY__ligand27840-0
577,LENQAY__ligand5643-0
578,LENQAY__ligand1823-0
579,LENQAY__ligand23175-0
580,LENQAY__ligand4116-0
581,LENQAY__ligand15788-0
582,LENQAY__ligand17396-0
583,LENQAY__ligand1018-0
584,LENQAY__ligand3707-0
585,LENQAY__ligand6124-0
586,LENQAY__ligand7967-0
587,LENQAY__ligand768-0
588,LENQAY__ligand13220-0
589,LENQAY__ligand11587-0
590,LENQAY__ligand9601-0
591,LENQAY__ligand24111-0
592,LENQAY__ligand22444-0
593,LENQAY__ligand8992-0
594,LENQAY__ligand13385-0
595,LENQAY__ligand14569-0
596,LENQAY__ligand28540-0
597,LENQAY__ligand8835-0
598,LENQAY__ligand2028-0
599,LENQAY__ligand11111-0
600,LENQAY__ligand16369-0
601,LENQAY__ligand7126-0
602,LENQAY__ligand20695-0
603,LENQAY__ligand27754-0
604,LENQAY__ligand3234-0
605,LENQAY__ligand1142-0
606,LENQAY__ligand19-0
607,LENQAY__ligand22403-0
608,LENQAY__ligand21399-0
609,LENQAY__ligand10872-0
610,LENQAY__ligand122-0
611,LENQAY__ligand12003-0
612,LENQAY__ligand24-0
613,LENQAY__ligand16148-0
614,LENQAY__ligand26631-0
615,LENQAY__ligand4641-0
616,LENQAY__ligand757-0
617,LENQAY__ligand29215-0
618,LENQAY__ligand693-0
619,LENQAY__ligand45-0
620,LENQAY__ligand2295-0
621,LENQAY__ligand6067-0
622,LENQAY__ligand1577-0
623,LENQAY__ligand21729-0
624,LENQAY__ligand27239-0
625,LENQAY__ligand14043-0
626,LENQAY__ligand28559-0
627,LENQAY__ligand26324-0
628,LENQAY__ligand4620-0
629,LENQAY__ligand19927-0
630,LENQAY__ligand3465-0
631,LENQAY__ligand6596-0
632,LENQAY__ligand6904-0
633,LENQAY__ligand3721-0
634,LENQAY__ligand6102-0
635,LENQAY__ligand11618-0
636,LENQAY__ligand7819-0
637,LENQAY__ligand26529-0
638,LENQAY__ligand2917-0
639,LENQAY__ligand78-0
640,LENQAY__ligand10582-0
641,LENQAY__ligand13260-0
642,LENQAY__ligand2403-0
643,LENQAY__ligand11252-0
644,LENQAY__ligand6455-0
645,LENQAY__ligand19824-0
646,LENQAY__ligand6882-0
647,LENQAY__ligand18067-0
648,LENQAY__ligand534-0
649,LENQAY__ligand571-0
650,LENQAY__ligand3934-0
651,LENQAY__ligand670-0
652,LENQAY__ligand20821-0
653,LENQAY__ligand4332-0
654,LENQAY__ligand26673-0
655,LENQAY__ligand9681-0
656,LENQAY__ligand66-0
657,LENQAY__ligand7530-0
658,LENQAY__ligand31000-0
659,LENQAY__ligand1065-0
660,LENQAY__ligand1449-0
661,LENQAY__ligand11606-0
662,LENQAY__ligand3012-0
663,LENQAY__ligand16603-0
664,LENQAY__ligand42-0
665,LENQAY__ligand5483-0
666,LENQAY__ligand694-0
667,LENQAY__ligand11814-0
668,LENQAY__ligand5316-0
669,LENQAY__ligand2830-0
670,LENQAY__ligand11622-0
671,LENQAY__ligand488-0
672,LENQAY__ligand430-0
673,LENQAY__ligand5627-0
674,LENQAY__ligand16870-0
675,LENQAY__ligand1729-0
676,LENQAY__ligand358-0
677,LENQAY__ligand7529-0
678,LENQAY__ligand15455-0
679,LENQAY__ligand11177-0
680,LENQAY__ligand1415-0
681,LENQAY__ligand6946-0
682,LENQAY__ligand9148-0
683,LENQAY__ligand31205-0
684,LENQAY__ligand17686-0
685,LENQAY__ligand25658-0
686,LENQAY__ligand7107-0
687,LENQAY__ligand20121-0
688,LENQAY__ligand15387-0
689,LENQAY__ligand20220-0
690,LENQAY__ligand29813-0
691,LENQAY__ligand16952-0
692,LENQAY__ligand3215-0
693,LENQAY__ligand38-0
694,LENQAY__ligand656-0
695,LENQAY__ligand6062-0
696,LENQAY__ligand29441-0
697,LENQAY__ligand10853-0
698,LENQAY__ligand27610-0
699,LENQAY__ligand10479-0
700,LENQAY__ligand696-0
701,LENQAY__ligand5813-0
702,LENQAY__ligand11479-0
703,LENQAY__ligand4813-0
704,LENQAY__ligand4738-0
705,LENQAY__ligand14302-0
706,LENQAY__ligand14347-0
707,LENQAY__ligand13657-0
708,LENQAY__ligand20530-0
709,LENQAY__ligand11698-0
710,LENQAY__ligand24851-0
711,LENQAY__ligand6283-0
712,LENQAY__ligand226-0
713,LENQAY__ligand2599-0
714,LENQAY__ligand22353-0
715,LENQAY__ligand162-0
716,LENQAY__ligand4330-0
717,LENQAY__ligand383-0
718,LENQAY__ligand4194-0
719,LENQAY__ligand7532-0
720,LENQAY__ligand416-0
721,LENQAY__ligand19906-0
722,LENQAY__ligand19668-0
723,LENQAY__ligand10151-0
724,LENQAY__ligand2068-0
725,LENQAY__ligand7925-0
726,LENQAY__ligand3973-0
727,LENQAY__ligand1147-0
728,LENQAY__ligand2781-0
729,LENQAY__ligand7573-0
730,LENQAY__ligand3350-0
731,LENQAY__ligand11544-0
732,LENQAY__ligand11501-0
733,LENQAY__ligand1327-0
734,LENQAY__ligand9809-0
735,LENQAY__ligand6672-0
736,LENQAY__ligand29214-0
737,LENQAY__ligand8722-0
738,LENQAY__ligand22357-0
739,LENQAY__ligand11758-0
740,LENQAY__ligand21448-0
741,LENQAY__ligand3208-0
742,LENQAY__ligand2208-0
743,LENQAY__ligand1900-0
744,LENQAY__ligand11798-0
745,LENQAY__ligand18-0
746,LENQAY__ligand9197-0
747,LENQAY__ligand20731-0
748,LENQAY__ligand633-0
749,LENQAY__ligand12413-0
750,LENQAY__ligand29334-0
751,LENQAY__ligand17445-0
752,LENQAY__ligand3029-0
753,LENQAY__ligand497-0
754,LENQAY__ligand7162-0
755,LENQAY__ligand2328-0
756,LENQAY__ligand14477-0
757,LENQAY__ligand4581-0
758,LENQAY__ligand1773-0
759,LENQAY__ligand17069-0
760,LENQAY__ligand5892-0
761,LENQAY__ligand5094-0
762,LENQAY__ligand20942-1
763,LENQAY__ligand16956-0
764,LENQAY__ligand21339-0
765,LENQAY__ligand14226-0
766,LENQAY__ligand1712-0
767,LENQAY__ligand4131-0
768,LENQAY__ligand27771-0
769,LENQAY__ligand326-0
770,LENQAY__ligand18158-0
771,LENQAY__ligand23682-0
772,LENQAY__ligand29565-0
773,LENQAY__ligand14007-0
774,LENQAY__ligand18019-1
775,LENQAY__ligand436-0
776,LENQAY__ligand7557-0
777,LENQAY__ligand1496-0
778,LENQAY__ligand692-0
779,LENQAY__ligand27550-0
780,LENQAY__ligand1533-0
781,LENQAY__ligand1768-0
782,LENQAY__ligand3871-0
783,LENQAY__ligand1469-0
784,LENQAY__ligand1688-0
785,LENQAY__ligand20844-0
786,LENQAY__ligand5357-0
787,LENQAY__ligand18413-0
788,LENQAY__ligand24624-0
789,LENQAY__ligand3647-0
790,LENQAY__ligand18757-0
791,LENQAY__ligand5056-0
792,LENQAY__ligand4850-0
793,LENQAY__ligand24560-0
794,LENQAY__ligand1165-0
795,LENQAY__ligand9525-0
796,LENQAY__ligand3157-0
797,LENQAY__ligand21752-0
798,LENQAY__ligand30788-0
799,LENQAY__ligand1379-0
800,LENQAY__ligand13691-0
801,LENQAY__ligand2722-0
802,LENQAY__ligand409-0
803,LENQAY__ligand14339-0
804,LENQAY__ligand361-0
805,LENQAY__ligand5935-0
806,LENQAY__ligand324-0
807,LENQAY__ligand588-0
808,LENQAY__ligand23445-0
809,LENQAY__ligand24953-0
810,LENQAY__ligand5849-0
811,LENQAY__ligand16133-0
812,LENQAY__ligand13755-0
813,LENQAY__ligand20432-0
814,LENQAY__ligand27122-0
815,LENQAY__ligand4911-0
816,LENQAY__ligand1771-0
817,LENQAY__ligand300-0
818,LENQAY__ligand3392-0
819,LENQAY__ligand21940-0
820,LENQAY__ligand25048-0
821,LENQAY__ligand1709-0
822,LENQAY__ligand8464-0
823,LENQAY__ligand20557-0
824,LENQAY__ligand8349-0
825,LENQAY__ligand30004-0
826,LENQAY__ligand2527-0
827,LENQAY__ligand199-0
