,TMC
0,KULGAZ__ligand757-0
1,KULGAZ__ligand2751-0
2,KULGAZ__ligand1542-0
3,KULGAZ__ligand2634-0
4,KULGAZ__ligand3041-0
5,KULGAZ__ligand797-0
6,KULGAZ__ligand3178-0
7,KULGAZ__ligand6332-0
8,KULGAZ__ligand2098-0
9,KULGAZ__ligand6502-0
10,KULGAZ__ligand2863-0
11,KULGAZ__ligand7915-0
12,KULGAZ__ligand32-0
13,KULGAZ__ligand5548-0
14,KULGAZ__ligand6686-0
15,KULGAZ__ligand1747-0
16,KULGAZ__ligand1-0
17,KULGAZ__ligand3145-0
18,KULGAZ__ligand3-0
19,KULGAZ__ligand141-0
20,KULGAZ__ligand3246-0
21,KULGAZ__ligand240-0
22,KULGAZ__ligand1148-0
23,KULGAZ__ligand48-0
24,KULGAZ__ligand1479-0
25,KULGAZ__ligand1228-0
26,KULGAZ__ligand9244-0
27,KULGAZ__ligand91-0
28,KULGAZ__ligand29-0
29,KULGAZ__ligand51-0
30,KULGAZ__ligand384-0
31,KULGAZ__ligand1114-0
32,KULGAZ__ligand120-0
33,KULGAZ__ligand1538-0
34,KULGAZ__ligand1459-0
35,KULGAZ__ligand95-0
36,KULGAZ__ligand119-0
37,KULGAZ__ligand1544-0
38,KULGAZ__ligand124-0
39,KULGAZ__ligand1685-0
40,KULGAZ__ligand2087-0
41,KULGAZ__ligand1048-0
42,KULGAZ__ligand55-0
43,KULGAZ__ligand3757-0
44,KULGAZ__ligand1171-0
45,KULGAZ__ligand244-0
46,KULGAZ__ligand201-0
47,KULGAZ__ligand100-0
48,KULGAZ__ligand34-0
49,KULGAZ__ligand321-0
50,KULGAZ__ligand3063-0
51,KULGAZ__ligand1438-0
52,KULGAZ__ligand11730-0
53,KULGAZ__ligand178-0
54,KULGAZ__ligand279-0
55,KULGAZ__ligand5801-0
56,KULGAZ__ligand861-0
57,KULGAZ__ligand366-0
58,KULGAZ__ligand187-0
59,KULGAZ__ligand612-0
60,KULGAZ__ligand596-0
61,KULGAZ__ligand2629-0
62,KULGAZ__ligand4381-0
63,KULGAZ__ligand1706-0
64,KULGAZ__ligand73-0
65,KULGAZ__ligand3734-0
66,KULGAZ__ligand1951-0
67,KULGAZ__ligand1687-0
68,KULGAZ__ligand126-0
69,KULGAZ__ligand57-0
70,KULGAZ__ligand6277-0
71,KULGAZ__ligand1376-0
72,KULGAZ__ligand2768-0
73,KULGAZ__ligand2688-0
74,KULGAZ__ligand2259-0
75,KULGAZ__ligand6294-0
76,KULGAZ__ligand49-0
77,KULGAZ__ligand409-0
78,KULGAZ__ligand1054-0
79,KULGAZ__ligand361-0
80,KULGAZ__ligand324-0
81,KULGAZ__ligand1598-0
82,KULGAZ__ligand1248-0
83,KULGAZ__ligand4303-0
84,KULGAZ__ligand105-0
85,KULGAZ__ligand140-0
86,KULGAZ__ligand7464-0
87,KULGAZ__ligand89-0
88,KULGAZ__ligand199-0
89,KULGAZ__ligand927-0
90,KULGAZ__ligand8774-0
91,KULGAZ__ligand3637-0
92,KULGAZ__ligand575-0
93,KULGAZ__ligand497-0
94,KULGAZ__ligand92-0
95,KULGAZ__ligand532-0
96,KULGAZ__ligand1607-0
97,KULGAZ__ligand633-0
98,KULGAZ__ligand918-0
99,KULGAZ__ligand166-0
100,KULGAZ__ligand1152-0
101,KULGAZ__ligand1727-0
102,KULGAZ__ligand17-0
103,KULGAZ__ligand838-0
104,KULGAZ__ligand206-0
105,KULGAZ__ligand142-0
106,KULGAZ__ligand2907-0
107,KULGAZ__ligand2430-0
108,KULGAZ__ligand1703-0
109,KULGAZ__ligand436-0
110,KULGAZ__ligand326-0
111,KULGAZ__ligand1056-0
112,KULGAZ__ligand2320-0
113,KULGAZ__ligand821-0
114,KULGAZ__ligand2862-0
115,KULGAZ__ligand1567-0
116,KULGAZ__ligand2285-0
117,KULGAZ__ligand8921-0
118,KULGAZ__ligand283-0
119,KULGAZ__ligand2510-0
120,KULGAZ__ligand553-0
121,KULGAZ__ligand4-0
122,KULGAZ__ligand1273-0
123,KULGAZ__ligand1052-0
124,KULGAZ__ligand1502-0
125,KULGAZ__ligand1835-0
126,KULGAZ__ligand2345-0
127,KULGAZ__ligand2794-0
128,KULGAZ__ligand4983-0
129,KULGAZ__ligand383-0
130,KULGAZ__ligand9027-0
131,KULGAZ__ligand2265-0
132,KULGAZ__ligand1113-0
133,KULGAZ__ligand226-0
134,KULGAZ__ligand6396-0
135,KULGAZ__ligand162-0
136,KULGAZ__ligand5941-0
137,KULGAZ__ligand2880-0
138,KULGAZ__ligand11-0
139,KULGAZ__ligand1799-0
140,KULGAZ__ligand3838-0
141,KULGAZ__ligand2838-0
142,KULGAZ__ligand509-0
143,KULGAZ__ligand5022-0
144,KULGAZ__ligand1169-0
145,KULGAZ__ligand571-0
146,KULGAZ__ligand118-0
147,KULGAZ__ligand670-0
148,KULGAZ__ligand278-0
149,KULGAZ__ligand365-0
150,KULGAZ__ligand2864-0
151,KULGAZ__ligand9495-0
152,KULGAZ__ligand2772-0
153,KULGAZ__ligand6151-0
154,KULGAZ__ligand430-0
155,KULGAZ__ligand6538-0
156,KULGAZ__ligand358-0
157,KULGAZ__ligand2142-0
158,KULGAZ__ligand6-0
159,KULGAZ__ligand669-0
160,KULGAZ__ligand2482-0
161,KULGAZ__ligand1325-0
162,KULGAZ__ligand311-0
163,KULGAZ__ligand6571-0
164,KULGAZ__ligand10479-0
165,KULGAZ__ligand1104-0
166,KULGAZ__ligand188-0
167,KULGAZ__ligand5762-0
168,KULGAZ__ligand7414-0
169,KULGAZ__ligand369-0
170,KULGAZ__ligand2442-0
171,KULGAZ__ligand1019-0
172,KULGAZ__ligand444-0
173,KULGAZ__ligand6430-0
174,KULGAZ__ligand250-0
175,KULGAZ__ligand1299-0
176,KULGAZ__ligand1221-0
177,KULGAZ__ligand1264-0
178,KULGAZ__ligand1379-0
179,KULGAZ__ligand460-0
180,KULGAZ__ligand2376-0
181,KULGAZ__ligand370-0
182,KULGAZ__ligand10114-0
183,KULGAZ__ligand2929-0
184,KULGAZ__ligand10910-0
185,KULGAZ__ligand830-0
186,KULGAZ__ligand2389-0
187,KULGAZ__ligand1919-0
188,KULGAZ__ligand193-0
189,KULGAZ__ligand955-0
190,KULGAZ__ligand2916-0
191,KULGAZ__ligand2110-0
192,KULGAZ__ligand252-0
193,KULGAZ__ligand3579-0
194,KULGAZ__ligand1712-0
195,KULGAZ__ligand67-0
196,KULGAZ__ligand14530-0
197,KULGAZ__ligand177-0
198,KULGAZ__ligand934-0
199,KULGAZ__ligand8032-0
200,KULGAZ__ligand1858-0
201,KULGAZ__ligand2315-0
202,KULGAZ__ligand2480-0
203,KULGAZ__ligand4504-0
204,KULGAZ__ligand3051-0
205,KULGAZ__ligand1898-0
206,KULGAZ__ligand851-0
207,KULGAZ__ligand8-0
208,KULGAZ__ligand5334-0
209,KULGAZ__ligand909-0
210,KULGAZ__ligand442-0
211,KULGAZ__ligand6166-0
212,KULGAZ__ligand868-0
213,KULGAZ__ligand1246-0
214,KULGAZ__ligand136-0
215,KULGAZ__ligand2599-0
216,KULGAZ__ligand5089-0
217,KULGAZ__ligand2853-0
218,KULGAZ__ligand3853-0
219,KULGAZ__ligand352-0
220,KULGAZ__ligand783-0
221,KULGAZ__ligand296-0
222,KULGAZ__ligand197-0
223,KULGAZ__ligand1307-0
224,KULGAZ__ligand112-0
225,KULGAZ__ligand421-0
226,KULGAZ__ligand798-0
227,KULGAZ__ligand1260-0
228,KULGAZ__ligand4894-0
229,KULGAZ__ligand584-0
230,KULGAZ__ligand916-0
231,KULGAZ__ligand9620-0
232,KULGAZ__ligand993-0
233,KULGAZ__ligand4811-0
234,KULGAZ__ligand1449-1
235,KULGAZ__ligand294-0
236,KULGAZ__ligand7514-0
237,KULGAZ__ligand3337-0
238,KULGAZ__ligand331-0
239,KULGAZ__ligand109-0
240,KULGAZ__ligand3566-0
241,KULGAZ__ligand560-0
242,KULGAZ__ligand1178-0
243,KULGAZ__ligand525-0
244,KULGAZ__ligand85-0
245,KULGAZ__ligand78-0
246,KULGAZ__ligand1321-0
247,KULGAZ__ligand45-0
248,KULGAZ__ligand1788-0
249,KULGAZ__ligand390-0
250,KULGAZ__ligand235-0
251,KULGAZ__ligand932-0
252,KULGAZ__ligand134-0
253,KULGAZ__ligand4175-0
254,KULGAZ__ligand66-0
255,KULGAZ__ligand682-0
256,KULGAZ__ligand2255-0
257,KULGAZ__ligand1918-0
258,KULGAZ__ligand666-0
259,KULGAZ__ligand4370-0
260,KULGAZ__ligand522-0
261,KULGAZ__ligand487-0
262,KULGAZ__ligand1436-0
263,KULGAZ__ligand447-0
264,KULGAZ__ligand10357-0
265,KULGAZ__ligand2618-0
266,KULGAZ__ligand15630-0
267,KULGAZ__ligand133-0
268,KULGAZ__ligand3618-0
269,KULGAZ__ligand40-0
270,KULGAZ__ligand2707-0
271,KULGAZ__ligand1690-0
272,KULGAZ__ligand2526-0
273,KULGAZ__ligand1551-0
274,KULGAZ__ligand485-0
275,KULGAZ__ligand38-0
276,KULGAZ__ligand355-0
277,KULGAZ__ligand784-0
278,KULGAZ__ligand291-0
279,KULGAZ__ligand4012-0
280,KULGAZ__ligand3196-0
281,KULGAZ__ligand21-0
282,KULGAZ__ligand2915-0
283,KULGAZ__ligand115-0
284,KULGAZ__ligand18-0
285,KULGAZ__ligand7550-0
286,KULGAZ__ligand2954-0
287,KULGAZ__ligand5093-0
288,KULGAZ__ligand1160-0
289,KULGAZ__ligand2253-0
290,KULGAZ__ligand210-0
291,KULGAZ__ligand1038-0
292,KULGAZ__ligand2762-0
293,KULGAZ__ligand1907-0
294,KULGAZ__ligand170-0
295,KULGAZ__ligand4423-0
296,KULGAZ__ligand391-0
297,KULGAZ__ligand3890-0
298,KULGAZ__ligand314-0
299,KULGAZ__ligand481-0
300,KULGAZ__ligand7630-0
301,KULGAZ__ligand1555-0
302,KULGAZ__ligand1285-0
303,KULGAZ__ligand3852-0
304,KULGAZ__ligand86-0
305,KULGAZ__ligand353-0
306,KULGAZ__ligand3478-0
307,KULGAZ__ligand5758-0
308,KULGAZ__ligand7456-0
309,KULGAZ__ligand236-0
310,KULGAZ__ligand1818-0
311,KULGAZ__ligand3251-0
312,KULGAZ__ligand113-0
313,KULGAZ__ligand6143-0
314,KULGAZ__ligand62-0
315,KULGAZ__ligand5235-0
316,KULGAZ__ligand4619-0
317,KULGAZ__ligand422-0
318,KULGAZ__ligand1493-0
319,KULGAZ__ligand2718-0
320,KULGAZ__ligand3070-0
321,KULGAZ__ligand3035-0
322,KULGAZ__ligand9176-0
323,KULGAZ__ligand502-0
324,KULGAZ__ligand196-0
