,TMC
0,HAKHEG__ligand9176-0
1,HAKHEG__ligand447-0
2,HAKHEG__ligand1493-0
3,HAKHEG__ligand133-0
4,HAKHEG__ligand3070-0
5,HAKHEG__ligand3035-0
6,HAKHEG__ligand2718-0
7,HAKHEG__ligand1-0
8,HAKHEG__ligand21-0
9,HAKHEG__ligand522-0
10,HAKHEG__ligand6143-0
11,HAKHEG__ligand10114-0
12,HAKHEG__ligand5235-0
13,HAKHEG__ligand4619-0
14,HAKHEG__ligand666-0
15,HAKHEG__ligand3251-0
16,HAKHEG__ligand487-0
17,HAKHEG__ligand1818-0
18,HAKHEG__ligand40-0
19,HAKHEG__ligand7456-0
20,HAKHEG__ligand5758-0
21,HAKHEG__ligand10479-0
22,HAKHEG__ligand682-0
23,HAKHEG__ligand3852-0
24,HAKHEG__ligand38-0
25,HAKHEG__ligand3478-0
26,HAKHEG__ligand1555-0
27,HAKHEG__ligand1285-0
28,HAKHEG__ligand14530-0
29,HAKHEG__ligand115-0
30,HAKHEG__ligand7630-0
31,HAKHEG__ligand291-0
32,HAKHEG__ligand3890-0
33,HAKHEG__ligand1907-0
34,HAKHEG__ligand4423-0
35,HAKHEG__ligand1038-0
36,HAKHEG__ligand10910-0
37,HAKHEG__ligand2762-0
38,HAKHEG__ligand3-0
39,HAKHEG__ligand66-0
40,HAKHEG__ligand784-0
41,HAKHEG__ligand355-0
42,HAKHEG__ligand2954-0
43,HAKHEG__ligand5093-0
44,HAKHEG__ligand485-0
45,HAKHEG__ligand1160-0
46,HAKHEG__ligand2253-0
47,HAKHEG__ligand7550-0
48,HAKHEG__ligand481-0
49,HAKHEG__ligand314-0
50,HAKHEG__ligand2915-0
51,HAKHEG__ligand62-0
52,HAKHEG__ligand170-0
53,HAKHEG__ligand4012-0
54,HAKHEG__ligand3196-0
55,HAKHEG__ligand391-0
56,HAKHEG__ligand210-0
57,HAKHEG__ligand86-0
58,HAKHEG__ligand2526-0
59,HAKHEG__ligand1551-0
60,HAKHEG__ligand1690-0
61,HAKHEG__ligand2707-0
62,HAKHEG__ligand2618-0
63,HAKHEG__ligand3618-0
64,HAKHEG__ligand1436-0
65,HAKHEG__ligand196-0
66,HAKHEG__ligand502-0
67,HAKHEG__ligand113-0
68,HAKHEG__ligand4370-0
69,HAKHEG__ligand422-0
70,HAKHEG__ligand18-0
71,HAKHEG__ligand236-0
72,HAKHEG__ligand1918-0
73,HAKHEG__ligand353-0
74,HAKHEG__ligand2255-0
75,HAKHEG__ligand4175-0
76,HAKHEG__ligand370-0
77,HAKHEG__ligand1788-0
78,HAKHEG__ligand1321-0
79,HAKHEG__ligand250-0
80,HAKHEG__ligand460-0
81,HAKHEG__ligand15630-0
82,HAKHEG__ligand1178-0
83,HAKHEG__ligand10357-0
84,HAKHEG__ligand3566-0
85,HAKHEG__ligand188-0
86,HAKHEG__ligand7514-0
87,HAKHEG__ligand3337-0
88,HAKHEG__ligand4811-0
89,HAKHEG__ligand1449-1
90,HAKHEG__ligand369-0
91,HAKHEG__ligand444-0
92,HAKHEG__ligand9620-0
93,HAKHEG__ligand311-0
94,HAKHEG__ligand1260-0
95,HAKHEG__ligand4894-0
96,HAKHEG__ligand67-0
97,HAKHEG__ligand851-0
98,HAKHEG__ligand909-0
99,HAKHEG__ligand934-0
100,HAKHEG__ligand177-0
101,HAKHEG__ligand1307-0
102,HAKHEG__ligand252-0
103,HAKHEG__ligand2853-0
104,HAKHEG__ligand3853-0
105,HAKHEG__ligand955-0
106,HAKHEG__ligand2599-0
107,HAKHEG__ligand5089-0
108,HAKHEG__ligand1246-0
109,HAKHEG__ligand830-0
110,HAKHEG__ligand6166-0
111,HAKHEG__ligand193-0
112,HAKHEG__ligand5334-0
113,HAKHEG__ligand85-0
114,HAKHEG__ligand112-0
115,HAKHEG__ligand2315-0
116,HAKHEG__ligand1898-0
117,HAKHEG__ligand2480-0
118,HAKHEG__ligand4504-0
119,HAKHEG__ligand3051-0
120,HAKHEG__ligand78-0
121,HAKHEG__ligand8032-0
122,HAKHEG__ligand45-0
123,HAKHEG__ligand197-0
124,HAKHEG__ligand1858-0
125,HAKHEG__ligand296-0
126,HAKHEG__ligand1712-0
127,HAKHEG__ligand4-0
128,HAKHEG__ligand2916-0
129,HAKHEG__ligand2110-0
130,HAKHEG__ligand783-0
131,HAKHEG__ligand352-0
132,HAKHEG__ligand3579-0
133,HAKHEG__ligand1919-0
134,HAKHEG__ligand868-0
135,HAKHEG__ligand442-0
136,HAKHEG__ligand2389-0
137,HAKHEG__ligand136-0
138,HAKHEG__ligand2929-0
139,HAKHEG__ligand390-0
140,HAKHEG__ligand134-0
141,HAKHEG__ligand932-0
142,HAKHEG__ligand2376-0
143,HAKHEG__ligand235-0
144,HAKHEG__ligand6-0
145,HAKHEG__ligand525-0
146,HAKHEG__ligand560-0
147,HAKHEG__ligand1379-0
148,HAKHEG__ligand109-0
149,HAKHEG__ligand1299-0
150,HAKHEG__ligand6430-0
151,HAKHEG__ligand1221-0
152,HAKHEG__ligand1264-0
153,HAKHEG__ligand1019-0
154,HAKHEG__ligand294-0
155,HAKHEG__ligand2442-0
156,HAKHEG__ligand993-0
157,HAKHEG__ligand331-0
158,HAKHEG__ligand1104-0
159,HAKHEG__ligand5762-0
160,HAKHEG__ligand7414-0
161,HAKHEG__ligand421-0
162,HAKHEG__ligand798-0
163,HAKHEG__ligand2482-0
164,HAKHEG__ligand1325-0
165,HAKHEG__ligand6571-0
166,HAKHEG__ligand916-0
167,HAKHEG__ligand584-0
168,HAKHEG__ligand2142-0
169,HAKHEG__ligand2772-0
170,HAKHEG__ligand6151-0
171,HAKHEG__ligand575-0
172,HAKHEG__ligand9495-0
173,HAKHEG__ligand6538-0
174,HAKHEG__ligand927-0
175,HAKHEG__ligand199-0
176,HAKHEG__ligand2864-0
177,HAKHEG__ligand140-0
178,HAKHEG__ligand105-0
179,HAKHEG__ligand92-0
180,HAKHEG__ligand1169-0
181,HAKHEG__ligand5022-0
182,HAKHEG__ligand409-0
183,HAKHEG__ligand324-0
184,HAKHEG__ligand361-0
185,HAKHEG__ligand5941-0
186,HAKHEG__ligand2880-0
187,HAKHEG__ligand17-0
188,HAKHEG__ligand1799-0
189,HAKHEG__ligand3838-0
190,HAKHEG__ligand2838-0
191,HAKHEG__ligand821-0
192,HAKHEG__ligand2265-0
193,HAKHEG__ligand1113-0
194,HAKHEG__ligand326-0
195,HAKHEG__ligand6396-0
196,HAKHEG__ligand553-0
197,HAKHEG__ligand9027-0
198,HAKHEG__ligand283-0
199,HAKHEG__ligand142-0
200,HAKHEG__ligand1835-0
201,HAKHEG__ligand2345-0
202,HAKHEG__ligand2794-0
203,HAKHEG__ligand206-0
204,HAKHEG__ligand4983-0
205,HAKHEG__ligand8-0
206,HAKHEG__ligand1502-0
207,HAKHEG__ligand436-0
208,HAKHEG__ligand49-0
209,HAKHEG__ligand1052-0
210,HAKHEG__ligand166-0
211,HAKHEG__ligand838-0
212,HAKHEG__ligand1273-0
213,HAKHEG__ligand497-0
214,HAKHEG__ligand633-0
215,HAKHEG__ligand89-0
216,HAKHEG__ligand918-0
217,HAKHEG__ligand532-0
218,HAKHEG__ligand8921-0
219,HAKHEG__ligand1567-0
220,HAKHEG__ligand2285-0
221,HAKHEG__ligand383-0
222,HAKHEG__ligand2510-0
223,HAKHEG__ligand1056-0
224,HAKHEG__ligand2320-0
225,HAKHEG__ligand162-0
226,HAKHEG__ligand2862-0
227,HAKHEG__ligand226-0
228,HAKHEG__ligand2430-0
229,HAKHEG__ligand1703-0
230,HAKHEG__ligand2907-0
231,HAKHEG__ligand11730-0
232,HAKHEG__ligand1727-0
233,HAKHEG__ligand11-0
234,HAKHEG__ligand1152-0
235,HAKHEG__ligand1607-0
236,HAKHEG__ligand430-0
237,HAKHEG__ligand3637-0
238,HAKHEG__ligand358-0
239,HAKHEG__ligand669-0
240,HAKHEG__ligand8774-0
241,HAKHEG__ligand278-0
242,HAKHEG__ligand365-0
243,HAKHEG__ligand118-0
244,HAKHEG__ligand670-0
245,HAKHEG__ligand571-0
246,HAKHEG__ligand7464-0
247,HAKHEG__ligand1598-0
248,HAKHEG__ligand4303-0
249,HAKHEG__ligand1248-0
250,HAKHEG__ligand509-0
251,HAKHEG__ligand6294-0
252,HAKHEG__ligand1054-0
253,HAKHEG__ligand2688-0
254,HAKHEG__ligand2259-0
255,HAKHEG__ligand91-0
256,HAKHEG__ligand2768-0
257,HAKHEG__ligand1376-0
258,HAKHEG__ligand29-0
259,HAKHEG__ligand51-0
260,HAKHEG__ligand6277-0
261,HAKHEG__ligand1951-0
262,HAKHEG__ligand1687-0
263,HAKHEG__ligand1706-0
264,HAKHEG__ligand3734-0
265,HAKHEG__ligand797-0
266,HAKHEG__ligand2629-0
267,HAKHEG__ligand4381-0
268,HAKHEG__ligand757-0
269,HAKHEG__ligand48-0
270,HAKHEG__ligand5801-0
271,HAKHEG__ligand384-0
272,HAKHEG__ligand120-0
273,HAKHEG__ligand1438-0
274,HAKHEG__ligand3063-0
275,HAKHEG__ligand32-0
276,HAKHEG__ligand1171-0
277,HAKHEG__ligand1048-0
278,HAKHEG__ligand2087-0
279,HAKHEG__ligand3757-0
280,HAKHEG__ligand1685-0
281,HAKHEG__ligand1544-0
282,HAKHEG__ligand1459-0
283,HAKHEG__ligand240-0
284,HAKHEG__ligand141-0
285,HAKHEG__ligand1114-0
286,HAKHEG__ligand1538-0
287,HAKHEG__ligand321-0
288,HAKHEG__ligand57-0
289,HAKHEG__ligand279-0
290,HAKHEG__ligand178-0
291,HAKHEG__ligand100-0
292,HAKHEG__ligand201-0
293,HAKHEG__ligand244-0
294,HAKHEG__ligand1228-0
295,HAKHEG__ligand9244-0
296,HAKHEG__ligand1479-0
297,HAKHEG__ligand124-0
298,HAKHEG__ligand1148-0
299,HAKHEG__ligand3246-0
300,HAKHEG__ligand119-0
301,HAKHEG__ligand73-0
302,HAKHEG__ligand3145-0
303,HAKHEG__ligand34-0
304,HAKHEG__ligand5548-0
305,HAKHEG__ligand7915-0
306,HAKHEG__ligand6686-0
307,HAKHEG__ligand1747-0
308,HAKHEG__ligand6502-0
309,HAKHEG__ligand2098-0
310,HAKHEG__ligand126-0
311,HAKHEG__ligand2863-0
312,HAKHEG__ligand3178-0
313,HAKHEG__ligand6332-0
314,HAKHEG__ligand3041-0
315,HAKHEG__ligand95-0
316,HAKHEG__ligand596-0
317,HAKHEG__ligand1542-0
318,HAKHEG__ligand2634-0
319,HAKHEG__ligand366-0
320,HAKHEG__ligand861-0
321,HAKHEG__ligand612-0
322,HAKHEG__ligand2751-0
323,HAKHEG__ligand55-0
324,HAKHEG__ligand187-0
