,TMC
0,KOLPUW__ligand5201-0
1,KOLPUW__ligand15168-0
2,KOLPUW__ligand199-0
3,KOLPUW__ligand8553-0
4,KOLPUW__ligand23589-0
5,KOLPUW__ligand1113-0
6,KOLPUW__ligand24064-0
7,KOLPUW__ligand9944-0
8,KOLPUW__ligand8593-0
9,KOLPUW__ligand300-0
10,KOLPUW__ligand11432-0
11,KOLPUW__ligand31618-0
12,KOLPUW__ligand10432-0
13,KOLPUW__ligand7566-0
14,KOLPUW__ligand22755-0
15,KOLPUW__ligand588-0
16,KOLPUW__ligand2001-0
17,KOLPUW__ligand29898-0
18,KOLPUW__ligand26277-0
19,KOLPUW__ligand3180-0
20,KOLPUW__ligand324-0
21,KOLPUW__ligand361-0
22,KOLPUW__ligand2281-0
23,KOLPUW__ligand2650-0
24,KOLPUW__ligand409-0
25,KOLPUW__ligand4340-0
26,KOLPUW__ligand24750-0
27,KOLPUW__ligand2823-0
28,KOLPUW__ligand31578-0
29,KOLPUW__ligand17207-0
30,KOLPUW__ligand18013-0
31,KOLPUW__ligand25224-0
32,KOLPUW__ligand6995-0
33,KOLPUW__ligand17945-0
34,KOLPUW__ligand4124-0
35,KOLPUW__ligand4161-0
36,KOLPUW__ligand3471-0
37,KOLPUW__ligand18703-0
38,KOLPUW__ligand29087-0
39,KOLPUW__ligand5415-0
40,KOLPUW__ligand15438-0
41,KOLPUW__ligand28924-0
42,KOLPUW__ligand4262-0
43,KOLPUW__ligand692-0
44,KOLPUW__ligand12336-0
45,KOLPUW__ligand1028-0
46,KOLPUW__ligand13072-0
47,KOLPUW__ligand1618-0
48,KOLPUW__ligand2692-0
49,KOLPUW__ligand436-0
50,KOLPUW__ligand69-0
51,KOLPUW__ligand11-0
52,KOLPUW__ligand18699-0
53,KOLPUW__ligand326-0
54,KOLPUW__ligand12682-0
55,KOLPUW__ligand17590-0
56,KOLPUW__ligand1050-0
57,KOLPUW__ligand1015-0
58,KOLPUW__ligand17240-0
59,KOLPUW__ligand2027-0
60,KOLPUW__ligand1169-0
61,KOLPUW__ligand20579-0
62,KOLPUW__ligand17710-0
63,KOLPUW__ligand497-0
64,KOLPUW__ligand8529-0
65,KOLPUW__ligand11568-0
66,KOLPUW__ligand14586-0
67,KOLPUW__ligand11774-0
68,KOLPUW__ligand21421-0
69,KOLPUW__ligand633-0
70,KOLPUW__ligand1498-0
71,KOLPUW__ligand4596-0
72,KOLPUW__ligand19725-0
73,KOLPUW__ligand24613-0
74,KOLPUW__ligand9615-0
75,KOLPUW__ligand31483-0
76,KOLPUW__ligand1154-0
77,KOLPUW__ligand10555-0
78,KOLPUW__ligand18074-0
79,KOLPUW__ligand13869-0
80,KOLPUW__ligand29863-0
81,KOLPUW__ligand3042-0
82,KOLPUW__ligand11140-0
83,KOLPUW__ligand29610-0
84,KOLPUW__ligand8200-0
85,KOLPUW__ligand89-0
86,KOLPUW__ligand7438-0
87,KOLPUW__ligand4063-0
88,KOLPUW__ligand1150-0
89,KOLPUW__ligand28668-0
90,KOLPUW__ligand383-0
91,KOLPUW__ligand416-0
92,KOLPUW__ligand49-0
93,KOLPUW__ligand16791-0
94,KOLPUW__ligand1539-0
95,KOLPUW__ligand226-0
96,KOLPUW__ligand18799-0
97,KOLPUW__ligand4207-0
98,KOLPUW__ligand18465-0
99,KOLPUW__ligand162-0
100,KOLPUW__ligand3416-0
101,KOLPUW__ligand3453-0
102,KOLPUW__ligand20599-0
103,KOLPUW__ligand22981-0
104,KOLPUW__ligand25805-0
105,KOLPUW__ligand1288-0
106,KOLPUW__ligand27074-0
107,KOLPUW__ligand4167-0
108,KOLPUW__ligand18391-0
109,KOLPUW__ligand27169-0
110,KOLPUW__ligand14523-0
111,KOLPUW__ligand4266-0
112,KOLPUW__ligand1400-0
113,KOLPUW__ligand696-0
114,KOLPUW__ligand9491-0
115,KOLPUW__ligand9750-0
116,KOLPUW__ligand12467-0
117,KOLPUW__ligand1779-0
118,KOLPUW__ligand656-0
119,KOLPUW__ligand10084-0
120,KOLPUW__ligand25267-0
121,KOLPUW__ligand1817-0
122,KOLPUW__ligand6993-0
123,KOLPUW__ligand3557-0
124,KOLPUW__ligand3980-0
125,KOLPUW__ligand23904-0
126,KOLPUW__ligand1149-0
127,KOLPUW__ligand7075-0
128,KOLPUW__ligand21936-0
129,KOLPUW__ligand13257-0
130,KOLPUW__ligand5630-0
131,KOLPUW__ligand1786-0
132,KOLPUW__ligand30539-0
133,KOLPUW__ligand11166-0
134,KOLPUW__ligand17-0
135,KOLPUW__ligand3285-0
136,KOLPUW__ligand4795-0
137,KOLPUW__ligand21132-0
138,KOLPUW__ligand1908-0
139,KOLPUW__ligand23906-0
140,KOLPUW__ligand4710-0
141,KOLPUW__ligand5755-0
142,KOLPUW__ligand488-0
143,KOLPUW__ligand27835-0
144,KOLPUW__ligand12295-0
145,KOLPUW__ligand3144-0
146,KOLPUW__ligand358-0
147,KOLPUW__ligand5085-0
148,KOLPUW__ligand430-0
149,KOLPUW__ligand694-0
150,KOLPUW__ligand8042-0
151,KOLPUW__ligand6112-0
152,KOLPUW__ligand25689-0
153,KOLPUW__ligand1828-0
154,KOLPUW__ligand1397-0
155,KOLPUW__ligand21787-0
156,KOLPUW__ligand25575-0
157,KOLPUW__ligand7213-0
158,KOLPUW__ligand1216-0
159,KOLPUW__ligand19257-0
160,KOLPUW__ligand13209-0
161,KOLPUW__ligand5019-0
162,KOLPUW__ligand12660-0
163,KOLPUW__ligand3261-0
164,KOLPUW__ligand1152-0
165,KOLPUW__ligand1849-0
166,KOLPUW__ligand25650-0
167,KOLPUW__ligand31248-0
168,KOLPUW__ligand571-0
169,KOLPUW__ligand534-0
170,KOLPUW__ligand5515-0
171,KOLPUW__ligand6663-0
172,KOLPUW__ligand670-0
173,KOLPUW__ligand5614-0
174,KOLPUW__ligand5280-0
175,KOLPUW__ligand1831-0
176,KOLPUW__ligand23124-0
177,KOLPUW__ligand11206-0
178,KOLPUW__ligand25735-0
179,KOLPUW__ligand12519-0
180,KOLPUW__ligand9883-0
181,KOLPUW__ligand3677-1
182,KOLPUW__ligand16628-0
183,KOLPUW__ligand12427-0
184,KOLPUW__ligand20740-0
185,KOLPUW__ligand28468-0
186,KOLPUW__ligand7291-0
187,KOLPUW__ligand27460-0
188,KOLPUW__ligand55-0
189,KOLPUW__ligand9299-0
190,KOLPUW__ligand2985-0
191,KOLPUW__ligand4007-0
192,KOLPUW__ligand12606-0
193,KOLPUW__ligand5383-0
194,KOLPUW__ligand2693-0
195,KOLPUW__ligand68-0
196,KOLPUW__ligand3945-0
197,KOLPUW__ligand30333-0
198,KOLPUW__ligand26540-0
199,KOLPUW__ligand3736-0
200,KOLPUW__ligand12337-0
201,KOLPUW__ligand693-0
202,KOLPUW__ligand8000-0
203,KOLPUW__ligand29410-0
204,KOLPUW__ligand30296-0
205,KOLPUW__ligand17281-0
206,KOLPUW__ligand9344-0
207,KOLPUW__ligand1211-0
208,KOLPUW__ligand31783-0
209,KOLPUW__ligand6892-0
210,KOLPUW__ligand757-0
211,KOLPUW__ligand122-0
212,KOLPUW__ligand17631-0
213,KOLPUW__ligand1499-0
214,KOLPUW__ligand13012-0
215,KOLPUW__ligand26665-0
216,KOLPUW__ligand2881-0
217,KOLPUW__ligand14603-0
218,KOLPUW__ligand14297-0
219,KOLPUW__ligand1464-0
220,KOLPUW__ligand3712-0
221,KOLPUW__ligand17258-0
222,KOLPUW__ligand8-0
223,KOLPUW__ligand30988-0
224,KOLPUW__ligand27175-0
225,KOLPUW__ligand18832-0
226,KOLPUW__ligand23713-0
227,KOLPUW__ligand6699-0
228,KOLPUW__ligand1168-0
229,KOLPUW__ligand20578-0
230,KOLPUW__ligand12934-0
231,KOLPUW__ligand15422-0
232,KOLPUW__ligand1294-0
233,KOLPUW__ligand19641-0
234,KOLPUW__ligand14723-0
235,KOLPUW__ligand27893-0
236,KOLPUW__ligand34-0
237,KOLPUW__ligand3632-0
238,KOLPUW__ligand3677-0
239,KOLPUW__ligand10476-0
240,KOLPUW__ligand13068-0
241,KOLPUW__ligand19830-0
242,KOLPUW__ligand9773-0
243,KOLPUW__ligand12401-0
244,KOLPUW__ligand15585-0
245,KOLPUW__ligand5510-0
246,KOLPUW__ligand1376-0
247,KOLPUW__ligand24145-0
248,KOLPUW__ligand1197-0
249,KOLPUW__ligand5099-0
250,KOLPUW__ligand8592-0
251,KOLPUW__ligand12231-0
252,KOLPUW__ligand18292-0
253,KOLPUW__ligand12289-0
254,KOLPUW__ligand768-0
255,KOLPUW__ligand26702-0
256,KOLPUW__ligand1296-0
257,KOLPUW__ligand13658-0
258,KOLPUW__ligand2259-0
259,KOLPUW__ligand12130-0
260,KOLPUW__ligand17387-0
261,KOLPUW__ligand384-0
262,KOLPUW__ligand17805-0
263,KOLPUW__ligand2221-0
264,KOLPUW__ligand17302-0
265,KOLPUW__ligand4358-0
266,KOLPUW__ligand3120-0
267,KOLPUW__ligand3926-0
268,KOLPUW__ligand25178-0
269,KOLPUW__ligand24185-0
270,KOLPUW__ligand4101-0
271,KOLPUW__ligand5595-0
272,KOLPUW__ligand23769-0
273,KOLPUW__ligand7762-0
274,KOLPUW__ligand10958-0
275,KOLPUW__ligand5080-0
276,KOLPUW__ligand12641-0
277,KOLPUW__ligand141-0
278,KOLPUW__ligand5509-0
279,KOLPUW__ligand240-0
280,KOLPUW__ligand8002-0
281,KOLPUW__ligand1407-0
282,KOLPUW__ligand6117-0
283,KOLPUW__ligand14108-0
284,KOLPUW__ligand2822-0
285,KOLPUW__ligand7293-0
286,KOLPUW__ligand1317-0
287,KOLPUW__ligand3867-0
288,KOLPUW__ligand13425-0
289,KOLPUW__ligand29302-0
290,KOLPUW__ligand18814-0
291,KOLPUW__ligand19057-0
292,KOLPUW__ligand28676-0
293,KOLPUW__ligand10262-0
294,KOLPUW__ligand2238-0
295,KOLPUW__ligand27763-0
296,KOLPUW__ligand9167-0
297,KOLPUW__ligand5304-0
298,KOLPUW__ligand57-0
299,KOLPUW__ligand28884-0
300,KOLPUW__ligand201-0
301,KOLPUW__ligand13331-0
302,KOLPUW__ligand12030-0
303,KOLPUW__ligand8793-0
304,KOLPUW__ligand2788-0
305,KOLPUW__ligand5649-0
306,KOLPUW__ligand4649-0
307,KOLPUW__ligand14248-0
308,KOLPUW__ligand29879-0
309,KOLPUW__ligand4711-0
310,KOLPUW__ligand31832-0
311,KOLPUW__ligand3244-0
312,KOLPUW__ligand13294-0
313,KOLPUW__ligand2906-0
314,KOLPUW__ligand3178-0
315,KOLPUW__ligand321-0
316,KOLPUW__ligand16-0
317,KOLPUW__ligand25411-0
318,KOLPUW__ligand4807-0
319,KOLPUW__ligand178-0
320,KOLPUW__ligand7196-0
321,KOLPUW__ligand11456-0
322,KOLPUW__ligand5159-0
323,KOLPUW__ligand279-0
324,KOLPUW__ligand5530-0
325,KOLPUW__ligand1356-0
326,KOLPUW__ligand1787-0
327,KOLPUW__ligand9753-0
328,KOLPUW__ligand14174-0
329,KOLPUW__ligand185-0
330,KOLPUW__ligand10712-0
331,KOLPUW__ligand20682-0
332,KOLPUW__ligand7316-0
333,KOLPUW__ligand5708-0
334,KOLPUW__ligand32-0
335,KOLPUW__ligand6017-0
336,KOLPUW__ligand5180-0
337,KOLPUW__ligand13390-0
338,KOLPUW__ligand7273-0
339,KOLPUW__ligand9323-0
340,KOLPUW__ligand7172-0
341,KOLPUW__ligand8612-0
342,KOLPUW__ligand13208-0
343,KOLPUW__ligand338-0
344,KOLPUW__ligand2124-0
345,KOLPUW__ligand3225-0
346,KOLPUW__ligand1153-0
347,KOLPUW__ligand26810-0
348,KOLPUW__ligand1116-0
349,KOLPUW__ligand7092-0
350,KOLPUW__ligand2260-0
351,KOLPUW__ligand27482-0
352,KOLPUW__ligand28789-0
353,KOLPUW__ligand126-0
354,KOLPUW__ligand20419-0
355,KOLPUW__ligand163-0
356,KOLPUW__ligand21371-0
357,KOLPUW__ligand17118-0
358,KOLPUW__ligand2417-0
359,KOLPUW__ligand14889-0
360,KOLPUW__ligand1114-0
361,KOLPUW__ligand30851-0
362,KOLPUW__ligand3126-0
363,KOLPUW__ligand6391-0
364,KOLPUW__ligand29568-0
365,KOLPUW__ligand48-0
366,KOLPUW__ligand9284-0
367,KOLPUW__ligand9943-0
368,KOLPUW__ligand1228-0
369,KOLPUW__ligand21581-0
370,KOLPUW__ligand31097-0
371,KOLPUW__ligand20539-0
372,KOLPUW__ligand845-0
373,KOLPUW__ligand30702-0
374,KOLPUW__ligand20214-0
375,KOLPUW__ligand20251-0
376,KOLPUW__ligand1604-0
377,KOLPUW__ligand8788-0
378,KOLPUW__ligand1832-0
379,KOLPUW__ligand2043-0
380,KOLPUW__ligand14117-0
381,KOLPUW__ligand17261-0
382,KOLPUW__ligand1599-0
383,KOLPUW__ligand2612-0
384,KOLPUW__ligand51-0
385,KOLPUW__ligand14703-0
386,KOLPUW__ligand16475-0
387,KOLPUW__ligand366-0
388,KOLPUW__ligand187-0
389,KOLPUW__ligand20251-1
390,KOLPUW__ligand9450-0
391,KOLPUW__ligand657-0
392,KOLPUW__ligand941-0
393,KOLPUW__ligand596-0
394,KOLPUW__ligand20011-0
395,KOLPUW__ligand17278-0
396,KOLPUW__ligand17982-0
397,KOLPUW__ligand29414-0
398,KOLPUW__ligand20598-0
399,KOLPUW__ligand11675-0
400,KOLPUW__ligand24047-0
401,KOLPUW__ligand22557-0
402,KOLPUW__ligand10589-0
403,KOLPUW__ligand777-0
404,KOLPUW__ligand1289-0
405,KOLPUW__ligand2203-0
406,KOLPUW__ligand17398-0
407,KOLPUW__ligand5387-0
408,KOLPUW__ligand91-0
409,KOLPUW__ligand4503-0
410,KOLPUW__ligand4546-0
411,KOLPUW__ligand22403-0
412,KOLPUW__ligand28540-0
413,KOLPUW__ligand8115-0
414,KOLPUW__ligand6768-0
415,KOLPUW__ligand11111-0
416,KOLPUW__ligand1982-0
417,KOLPUW__ligand16369-0
418,KOLPUW__ligand7000-0
419,KOLPUW__ligand487-0
420,KOLPUW__ligand1285-0
421,KOLPUW__ligand20695-0
422,KOLPUW__ligand27754-0
423,KOLPUW__ligand2232-0
424,KOLPUW__ligand746-0
425,KOLPUW__ligand2176-0
426,KOLPUW__ligand29215-0
427,KOLPUW__ligand9291-0
428,KOLPUW__ligand18-0
429,KOLPUW__ligand447-0
430,KOLPUW__ligand21399-0
431,KOLPUW__ligand9833-0
432,KOLPUW__ligand2828-0
433,KOLPUW__ligand10872-0
434,KOLPUW__ligand8876-0
435,KOLPUW__ligand7648-0
436,KOLPUW__ligand5256-0
437,KOLPUW__ligand176-0
438,KOLPUW__ligand12003-0
439,KOLPUW__ligand16148-0
440,KOLPUW__ligand26631-0
441,KOLPUW__ligand4157-0
442,KOLPUW__ligand14043-0
443,KOLPUW__ligand28559-0
444,KOLPUW__ligand4442-0
445,KOLPUW__ligand4093-0
446,KOLPUW__ligand3954-0
447,KOLPUW__ligand26324-0
448,KOLPUW__ligand9520-0
449,KOLPUW__ligand8699-0
450,KOLPUW__ligand1160-0
451,KOLPUW__ligand19927-0
452,KOLPUW__ligand9784-0
453,KOLPUW__ligand152-0
454,KOLPUW__ligand1451-0
455,KOLPUW__ligand4272-0
456,KOLPUW__ligand21729-0
457,KOLPUW__ligand7629-0
458,KOLPUW__ligand27239-0
459,KOLPUW__ligand506-0
460,KOLPUW__ligand26529-0
461,KOLPUW__ligand1790-0
462,KOLPUW__ligand1304-0
463,KOLPUW__ligand7280-0
464,KOLPUW__ligand7238-0
465,KOLPUW__ligand4016-0
466,KOLPUW__ligand11618-0
467,KOLPUW__ligand7867-0
468,KOLPUW__ligand1219-0
469,KOLPUW__ligand6709-0
470,KOLPUW__ligand1844-0
471,KOLPUW__ligand4661-0
472,KOLPUW__ligand29486-0
473,KOLPUW__ligand3876-0
474,KOLPUW__ligand1343-0
475,KOLPUW__ligand3035-0
476,KOLPUW__ligand31694-0
477,KOLPUW__ligand6616-0
478,KOLPUW__ligand3718-0
479,KOLPUW__ligand17427-0
480,KOLPUW__ligand9935-0
481,KOLPUW__ligand1536-0
482,KOLPUW__ligand1573-0
483,KOLPUW__ligand833-0
484,KOLPUW__ligand1959-0
485,KOLPUW__ligand3504-0
486,KOLPUW__ligand12138-0
487,KOLPUW__ligand24780-0
488,KOLPUW__ligand22129-0
489,KOLPUW__ligand11949-0
490,KOLPUW__ligand1263-0
491,KOLPUW__ligand9908-0
492,KOLPUW__ligand7106-0
493,KOLPUW__ligand115-0
494,KOLPUW__ligand7242-0
495,KOLPUW__ligand25561-0
496,KOLPUW__ligand6839-0
497,KOLPUW__ligand368-0
498,KOLPUW__ligand8969-0
499,KOLPUW__ligand3174-0
500,KOLPUW__ligand1202-0
501,KOLPUW__ligand3937-0
502,KOLPUW__ligand24872-0
503,KOLPUW__ligand3131-0
504,KOLPUW__ligand30728-0
505,KOLPUW__ligand395-0
506,KOLPUW__ligand27840-0
507,KOLPUW__ligand4720-0
508,KOLPUW__ligand3094-0
509,KOLPUW__ligand4155-0
510,KOLPUW__ligand12001-0
511,KOLPUW__ligand5211-0
512,KOLPUW__ligand24644-0
513,KOLPUW__ligand10033-0
514,KOLPUW__ligand6919-0
515,KOLPUW__ligand3852-0
516,KOLPUW__ligand24111-0
517,KOLPUW__ligand22444-0
518,KOLPUW__ligand2485-0
519,KOLPUW__ligand13385-0
520,KOLPUW__ligand14569-0
521,KOLPUW__ligand3565-0
522,KOLPUW__ligand23175-0
523,KOLPUW__ligand15788-0
524,KOLPUW__ligand17396-0
525,KOLPUW__ligand1512-0
526,KOLPUW__ligand5331-0
527,KOLPUW__ligand784-0
528,KOLPUW__ligand13220-0
529,KOLPUW__ligand11587-0
530,KOLPUW__ligand7126-0
531,KOLPUW__ligand14614-0
532,KOLPUW__ligand2028-0
533,KOLPUW__ligand8835-0
534,KOLPUW__ligand618-0
535,KOLPUW__ligand16663-0
536,KOLPUW__ligand11994-0
537,KOLPUW__ligand391-0
538,KOLPUW__ligand31044-0
539,KOLPUW__ligand31842-0
540,KOLPUW__ligand1142-0
541,KOLPUW__ligand3234-0
542,KOLPUW__ligand24035-0
543,KOLPUW__ligand66-0
544,KOLPUW__ligand314-0
545,KOLPUW__ligand780-0
546,KOLPUW__ligand30711-0
547,KOLPUW__ligand20207-0
548,KOLPUW__ligand813-0
549,KOLPUW__ligand11682-0
550,KOLPUW__ligand4641-0
551,KOLPUW__ligand16988-0
552,KOLPUW__ligand25913-0
553,KOLPUW__ligand15883-0
554,KOLPUW__ligand11970-0
555,KOLPUW__ligand1577-0
556,KOLPUW__ligand6067-0
557,KOLPUW__ligand2295-0
558,KOLPUW__ligand42-0
559,KOLPUW__ligand19792-0
560,KOLPUW__ligand10828-0
561,KOLPUW__ligand15926-0
562,KOLPUW__ligand4620-0
563,KOLPUW__ligand24230-0
564,KOLPUW__ligand314-1
565,KOLPUW__ligand28810-0
566,KOLPUW__ligand11096-0
567,KOLPUW__ligand11447-0
568,KOLPUW__ligand11357-0
569,KOLPUW__ligand13862-0
570,KOLPUW__ligand28743-0
571,KOLPUW__ligand15531-0
572,KOLPUW__ligand3465-0
573,KOLPUW__ligand12365-0
574,KOLPUW__ligand10056-0
575,KOLPUW__ligand3721-0
576,KOLPUW__ligand6904-0
577,KOLPUW__ligand6596-0
578,KOLPUW__ligand6102-0
579,KOLPUW__ligand2917-0
580,KOLPUW__ligand21919-0
581,KOLPUW__ligand7819-0
582,KOLPUW__ligand465-0
583,KOLPUW__ligand22294-0
584,KOLPUW__ligand22168-0
585,KOLPUW__ligand28930-0
586,KOLPUW__ligand4-0
587,KOLPUW__ligand1378-0
588,KOLPUW__ligand686-0
589,KOLPUW__ligand27285-0
590,KOLPUW__ligand6244-0
591,KOLPUW__ligand29029-0
592,KOLPUW__ligand38-0
593,KOLPUW__ligand422-0
594,KOLPUW__ligand2915-0
595,KOLPUW__ligand3156-0
596,KOLPUW__ligand23197-0
597,KOLPUW__ligand1530-0
598,KOLPUW__ligand1575-0
599,KOLPUW__ligand9933-0
600,KOLPUW__ligand1631-0
601,KOLPUW__ligand27669-0
602,KOLPUW__ligand9441-0
603,KOLPUW__ligand2332-0
604,KOLPUW__ligand30142-0
605,KOLPUW__ligand196-0
606,KOLPUW__ligand13477-0
607,KOLPUW__ligand14167-0
608,KOLPUW__ligand1615-0
609,KOLPUW__ligand2526-0
610,KOLPUW__ligand5036-0
611,KOLPUW__ligand353-0
612,KOLPUW__ligand9952-0
613,KOLPUW__ligand9111-0
614,KOLPUW__ligand19184-0
615,KOLPUW__ligand1324-0
616,KOLPUW__ligand28459-0
617,KOLPUW__ligand12453-0
618,KOLPUW__ligand8721-0
619,KOLPUW__ligand18448-0
620,KOLPUW__ligand1823-0
621,KOLPUW__ligand5643-0
622,KOLPUW__ligand1018-0
623,KOLPUW__ligand10371-0
624,KOLPUW__ligand4116-0
625,KOLPUW__ligand7967-0
626,KOLPUW__ligand3707-0
627,KOLPUW__ligand6124-0
628,KOLPUW__ligand9601-0
629,KOLPUW__ligand18568-0
630,KOLPUW__ligand28685-0
631,KOLPUW__ligand13672-0
632,KOLPUW__ligand393-0
633,KOLPUW__ligand8992-0
634,KOLPUW__ligand3-0
635,KOLPUW__ligand250-0
636,KOLPUW__ligand18413-0
637,KOLPUW__ligand7107-0
638,KOLPUW__ligand20844-0
639,KOLPUW__ligand24624-0
640,KOLPUW__ligand18757-0
641,KOLPUW__ligand24560-0
642,KOLPUW__ligand3215-0
643,KOLPUW__ligand30788-0
644,KOLPUW__ligand370-0
645,KOLPUW__ligand13691-0
646,KOLPUW__ligand6062-0
647,KOLPUW__ligand4738-0
648,KOLPUW__ligand14339-0
649,KOLPUW__ligand4813-0
650,KOLPUW__ligand5813-0
651,KOLPUW__ligand21752-0
652,KOLPUW__ligand6283-0
653,KOLPUW__ligand4330-0
654,KOLPUW__ligand21940-0
655,KOLPUW__ligand479-0
656,KOLPUW__ligand785-0
657,KOLPUW__ligand2599-0
658,KOLPUW__ligand311-0
659,KOLPUW__ligand25048-0
660,KOLPUW__ligand564-0
661,KOLPUW__ligand24953-0
662,KOLPUW__ligand4194-0
663,KOLPUW__ligand23445-0
664,KOLPUW__ligand620-0
665,KOLPUW__ligand16133-0
666,KOLPUW__ligand13755-0
667,KOLPUW__ligand370-1
668,KOLPUW__ligand7532-0
669,KOLPUW__ligand20432-0
670,KOLPUW__ligand27122-0
671,KOLPUW__ligand188-0
672,KOLPUW__ligand7925-0
673,KOLPUW__ligand2068-0
674,KOLPUW__ligand3973-0
675,KOLPUW__ligand30004-0
676,KOLPUW__ligand20557-0
677,KOLPUW__ligand1147-0
678,KOLPUW__ligand22357-0
679,KOLPUW__ligand11758-0
680,KOLPUW__ligand21448-0
681,KOLPUW__ligand177-0
682,KOLPUW__ligand2403-0
683,KOLPUW__ligand6455-0
684,KOLPUW__ligand6882-0
685,KOLPUW__ligand11501-0
686,KOLPUW__ligand11544-0
687,KOLPUW__ligand3934-0
688,KOLPUW__ligand29214-0
689,KOLPUW__ligand19-0
690,KOLPUW__ligand17445-0
691,KOLPUW__ligand4332-0
692,KOLPUW__ligand24-0
693,KOLPUW__ligand14477-0
694,KOLPUW__ligand9681-0
695,KOLPUW__ligand17069-0
696,KOLPUW__ligand11798-0
697,KOLPUW__ligand1065-0
698,KOLPUW__ligand7530-0
699,KOLPUW__ligand909-0
700,KOLPUW__ligand3012-0
701,KOLPUW__ligand20731-0
702,KOLPUW__ligand12413-0
703,KOLPUW__ligand29334-0
704,KOLPUW__ligand1449-0
705,KOLPUW__ligand27771-0
706,KOLPUW__ligand5483-0
707,KOLPUW__ligand830-0
708,KOLPUW__ligand18158-0
709,KOLPUW__ligand23682-0
710,KOLPUW__ligand5316-0
711,KOLPUW__ligand45-0
712,KOLPUW__ligand372-0
713,KOLPUW__ligand29565-0
714,KOLPUW__ligand193-0
715,KOLPUW__ligand2830-0
716,KOLPUW__ligand20942-1
717,KOLPUW__ligand21339-0
718,KOLPUW__ligand14226-0
719,KOLPUW__ligand1729-0
720,KOLPUW__ligand16956-0
721,KOLPUW__ligand5627-0
722,KOLPUW__ligand116-0
723,KOLPUW__ligand7529-0
724,KOLPUW__ligand27550-0
725,KOLPUW__ligand1415-0
726,KOLPUW__ligand6946-0
727,KOLPUW__ligand1-0
728,KOLPUW__ligand252-0
729,KOLPUW__ligand14007-0
730,KOLPUW__ligand78-0
731,KOLPUW__ligand18019-1
732,KOLPUW__ligand9148-0
733,KOLPUW__ligand1768-0
734,KOLPUW__ligand29813-0
735,KOLPUW__ligand16952-0
736,KOLPUW__ligand197-0
737,KOLPUW__ligand1469-0
738,KOLPUW__ligand3871-0
739,KOLPUW__ligand3647-0
740,KOLPUW__ligand20121-0
741,KOLPUW__ligand5357-0
742,KOLPUW__ligand15387-0
743,KOLPUW__ligand1688-0
744,KOLPUW__ligand4850-0
745,KOLPUW__ligand20220-0
746,KOLPUW__ligand5056-0
747,KOLPUW__ligand9525-0
748,KOLPUW__ligand14347-0
749,KOLPUW__ligand13657-0
750,KOLPUW__ligand14302-0
751,KOLPUW__ligand20530-0
752,KOLPUW__ligand1165-0
753,KOLPUW__ligand11698-0
754,KOLPUW__ligand3157-0
755,KOLPUW__ligand24851-0
756,KOLPUW__ligand2722-0
757,KOLPUW__ligand1379-0
758,KOLPUW__ligand29441-0
759,KOLPUW__ligand10853-0
760,KOLPUW__ligand5935-0
761,KOLPUW__ligand27610-0
762,KOLPUW__ligand10479-0
763,KOLPUW__ligand11479-0
764,KOLPUW__ligand868-0
765,KOLPUW__ligand19906-0
766,KOLPUW__ligand19668-0
767,KOLPUW__ligand5849-0
768,KOLPUW__ligand4911-0
769,KOLPUW__ligand1771-0
770,KOLPUW__ligand22353-0
771,KOLPUW__ligand3392-0
772,KOLPUW__ligand8349-0
773,KOLPUW__ligand8464-0
774,KOLPUW__ligand1709-0
775,KOLPUW__ligand2527-0
776,KOLPUW__ligand783-0
777,KOLPUW__ligand352-0
778,KOLPUW__ligand10151-0
779,KOLPUW__ligand3350-0
780,KOLPUW__ligand19824-0
781,KOLPUW__ligand2781-0
782,KOLPUW__ligand18067-0
783,KOLPUW__ligand7573-0
784,KOLPUW__ligand8722-0
785,KOLPUW__ligand560-0
786,KOLPUW__ligand1327-0
787,KOLPUW__ligand6672-0
788,KOLPUW__ligand9809-0
789,KOLPUW__ligand67-0
790,KOLPUW__ligand10582-0
791,KOLPUW__ligand13260-0
792,KOLPUW__ligand2208-0
793,KOLPUW__ligand3208-0
794,KOLPUW__ligand11252-0
795,KOLPUW__ligand9197-0
796,KOLPUW__ligand31000-0
797,KOLPUW__ligand1900-0
798,KOLPUW__ligand11606-0
799,KOLPUW__ligand20821-0
800,KOLPUW__ligand7162-0
801,KOLPUW__ligand3029-0
802,KOLPUW__ligand235-0
803,KOLPUW__ligand26673-0
804,KOLPUW__ligand4581-0
805,KOLPUW__ligand1773-0
806,KOLPUW__ligand134-0
807,KOLPUW__ligand2328-0
808,KOLPUW__ligand5892-0
809,KOLPUW__ligand5094-0
810,KOLPUW__ligand11622-0
811,KOLPUW__ligand421-0
812,KOLPUW__ligand16870-0
813,KOLPUW__ligand16603-0
814,KOLPUW__ligand1712-0
815,KOLPUW__ligand4131-0
816,KOLPUW__ligand11814-0
817,KOLPUW__ligand685-0
818,KOLPUW__ligand31205-0
819,KOLPUW__ligand17686-0
820,KOLPUW__ligand25658-0
821,KOLPUW__ligand1496-0
822,KOLPUW__ligand7557-0
823,KOLPUW__ligand294-0
824,KOLPUW__ligand15455-0
825,KOLPUW__ligand11177-0
826,KOLPUW__ligand1533-0
827,KOLPUW__ligand43-0
