,TMC
0,HAZYEP__ligand5801-0
1,HAZYEP__ligand3063-0
2,HAZYEP__ligand1438-0
3,HAZYEP__ligand1171-0
4,HAZYEP__ligand18-0
5,HAZYEP__ligand2087-0
6,HAZYEP__ligand1048-0
7,HAZYEP__ligand3757-0
8,HAZYEP__ligand383-0
9,HAZYEP__ligand162-0
10,HAZYEP__ligand1685-0
11,HAZYEP__ligand226-0
12,HAZYEP__ligand1544-0
13,HAZYEP__ligand1459-0
14,HAZYEP__ligand670-0
15,HAZYEP__ligand118-0
16,HAZYEP__ligand571-0
17,HAZYEP__ligand2688-0
18,HAZYEP__ligand2259-0
19,HAZYEP__ligand1376-0
20,HAZYEP__ligand2768-0
21,HAZYEP__ligand6277-0
22,HAZYEP__ligand509-0
23,HAZYEP__ligand1951-0
24,HAZYEP__ligand1687-0
25,HAZYEP__ligand86-0
26,HAZYEP__ligand358-0
27,HAZYEP__ligand1706-0
28,HAZYEP__ligand430-0
29,HAZYEP__ligand3734-0
30,HAZYEP__ligand2629-0
31,HAZYEP__ligand669-0
32,HAZYEP__ligand4381-0
33,HAZYEP__ligand62-0
34,HAZYEP__ligand278-0
35,HAZYEP__ligand365-0
36,HAZYEP__ligand140-0
37,HAZYEP__ligand105-0
38,HAZYEP__ligand3145-0
39,HAZYEP__ligand7915-0
40,HAZYEP__ligand5548-0
41,HAZYEP__ligand6686-0
42,HAZYEP__ligand1747-0
43,HAZYEP__ligand324-0
44,HAZYEP__ligand361-0
45,HAZYEP__ligand10479-0
46,HAZYEP__ligand2098-0
47,HAZYEP__ligand6502-0
48,HAZYEP__ligand409-0
49,HAZYEP__ligand2863-0
50,HAZYEP__ligand3178-0
51,HAZYEP__ligand66-0
52,HAZYEP__ligand6332-0
53,HAZYEP__ligand3041-0
54,HAZYEP__ligand575-0
55,HAZYEP__ligand2634-0
56,HAZYEP__ligand1542-0
57,HAZYEP__ligand10114-0
58,HAZYEP__ligand927-0
59,HAZYEP__ligand199-0
60,HAZYEP__ligand4-0
61,HAZYEP__ligand2751-0
62,HAZYEP__ligand38-0
63,HAZYEP__ligand1114-0
64,HAZYEP__ligand1538-0
65,HAZYEP__ligand166-0
66,HAZYEP__ligand10910-0
67,HAZYEP__ligand838-0
68,HAZYEP__ligand6-0
69,HAZYEP__ligand497-0
70,HAZYEP__ligand918-0
71,HAZYEP__ligand1228-0
72,HAZYEP__ligand633-0
73,HAZYEP__ligand40-0
74,HAZYEP__ligand532-0
75,HAZYEP__ligand9244-0
76,HAZYEP__ligand1479-0
77,HAZYEP__ligand821-0
78,HAZYEP__ligand14530-0
79,HAZYEP__ligand326-0
80,HAZYEP__ligand553-0
81,HAZYEP__ligand1148-0
82,HAZYEP__ligand21-0
83,HAZYEP__ligand283-0
84,HAZYEP__ligand142-0
85,HAZYEP__ligand3246-0
86,HAZYEP__ligand206-0
87,HAZYEP__ligand436-0
88,HAZYEP__ligand1113-0
89,HAZYEP__ligand2265-0
90,HAZYEP__ligand6396-0
91,HAZYEP__ligand124-0
92,HAZYEP__ligand9027-0
93,HAZYEP__ligand1-0
94,HAZYEP__ligand2345-0
95,HAZYEP__ligand2794-0
96,HAZYEP__ligand1835-0
97,HAZYEP__ligand4983-0
98,HAZYEP__ligand1502-0
99,HAZYEP__ligand119-0
100,HAZYEP__ligand321-0
101,HAZYEP__ligand1052-0
102,HAZYEP__ligand279-0
103,HAZYEP__ligand178-0
104,HAZYEP__ligand100-0
105,HAZYEP__ligand1273-0
106,HAZYEP__ligand201-0
107,HAZYEP__ligand244-0
108,HAZYEP__ligand2142-0
109,HAZYEP__ligand596-0
110,HAZYEP__ligand9495-0
111,HAZYEP__ligand6151-0
112,HAZYEP__ligand2772-0
113,HAZYEP__ligand6538-0
114,HAZYEP__ligand366-0
115,HAZYEP__ligand2864-0
116,HAZYEP__ligand861-0
117,HAZYEP__ligand612-0
118,HAZYEP__ligand187-0
119,HAZYEP__ligand5022-0
120,HAZYEP__ligand45-0
121,HAZYEP__ligand1169-0
122,HAZYEP__ligand126-0
123,HAZYEP__ligand85-0
124,HAZYEP__ligand78-0
125,HAZYEP__ligand5941-0
126,HAZYEP__ligand2880-0
127,HAZYEP__ligand3-0
128,HAZYEP__ligand2838-0
129,HAZYEP__ligand3838-0
130,HAZYEP__ligand1799-0
131,HAZYEP__ligand3637-0
132,HAZYEP__ligand797-0
133,HAZYEP__ligand8774-0
134,HAZYEP__ligand757-0
135,HAZYEP__ligand7464-0
136,HAZYEP__ligand1598-0
137,HAZYEP__ligand1248-0
138,HAZYEP__ligand4303-0
139,HAZYEP__ligand15630-0
140,HAZYEP__ligand6294-0
141,HAZYEP__ligand10357-0
142,HAZYEP__ligand1054-0
143,HAZYEP__ligand2285-0
144,HAZYEP__ligand1567-0
145,HAZYEP__ligand8921-0
146,HAZYEP__ligand2510-0
147,HAZYEP__ligand67-0
148,HAZYEP__ligand2320-0
149,HAZYEP__ligand1056-0
150,HAZYEP__ligand2862-0
151,HAZYEP__ligand1703-0
152,HAZYEP__ligand2430-0
153,HAZYEP__ligand240-0
154,HAZYEP__ligand141-0
155,HAZYEP__ligand2907-0
156,HAZYEP__ligand1727-0
157,HAZYEP__ligand384-0
158,HAZYEP__ligand120-0
159,HAZYEP__ligand1152-0
160,HAZYEP__ligand1607-0
161,HAZYEP__ligand210-0
162,HAZYEP__ligand1307-0
163,HAZYEP__ligand3853-0
164,HAZYEP__ligand2853-0
165,HAZYEP__ligand481-0
166,HAZYEP__ligand314-0
167,HAZYEP__ligand5089-0
168,HAZYEP__ligand2599-0
169,HAZYEP__ligand1246-0
170,HAZYEP__ligand170-0
171,HAZYEP__ligand391-0
172,HAZYEP__ligand11730-0
173,HAZYEP__ligand6166-0
174,HAZYEP__ligand236-0
175,HAZYEP__ligand1788-0
176,HAZYEP__ligand353-0
177,HAZYEP__ligand1321-0
178,HAZYEP__ligand11-0
179,HAZYEP__ligand3566-0
180,HAZYEP__ligand1178-0
181,HAZYEP__ligand3337-0
182,HAZYEP__ligand7514-0
183,HAZYEP__ligand196-0
184,HAZYEP__ligand502-0
185,HAZYEP__ligand1449-1
186,HAZYEP__ligand4811-0
187,HAZYEP__ligand1260-0
188,HAZYEP__ligand4894-0
189,HAZYEP__ligand9620-0
190,HAZYEP__ligand113-0
191,HAZYEP__ligand422-0
192,HAZYEP__ligand2929-0
193,HAZYEP__ligand89-0
194,HAZYEP__ligand2376-0
195,HAZYEP__ligand1379-0
196,HAZYEP__ligand6430-0
197,HAZYEP__ligand49-0
198,HAZYEP__ligand682-0
199,HAZYEP__ligand1299-0
200,HAZYEP__ligand1264-0
201,HAZYEP__ligand1221-0
202,HAZYEP__ligand2442-0
203,HAZYEP__ligand447-0
204,HAZYEP__ligand1019-0
205,HAZYEP__ligand133-0
206,HAZYEP__ligand7414-0
207,HAZYEP__ligand5762-0
208,HAZYEP__ligand1104-0
209,HAZYEP__ligand522-0
210,HAZYEP__ligand666-0
211,HAZYEP__ligand487-0
212,HAZYEP__ligand1325-0
213,HAZYEP__ligand2482-0
214,HAZYEP__ligand6571-0
215,HAZYEP__ligand5334-0
216,HAZYEP__ligand17-0
217,HAZYEP__ligand2315-0
218,HAZYEP__ligand355-0
219,HAZYEP__ligand784-0
220,HAZYEP__ligand3051-0
221,HAZYEP__ligand4504-0
222,HAZYEP__ligand2480-0
223,HAZYEP__ligand485-0
224,HAZYEP__ligand1898-0
225,HAZYEP__ligand8032-0
226,HAZYEP__ligand1858-0
227,HAZYEP__ligand92-0
228,HAZYEP__ligand1712-0
229,HAZYEP__ligand115-0
230,HAZYEP__ligand2110-0
231,HAZYEP__ligand2916-0
232,HAZYEP__ligand3579-0
233,HAZYEP__ligand1919-0
234,HAZYEP__ligand291-0
235,HAZYEP__ligand2389-0
236,HAZYEP__ligand1555-0
237,HAZYEP__ligand55-0
238,HAZYEP__ligand1285-0
239,HAZYEP__ligand352-0
240,HAZYEP__ligand783-0
241,HAZYEP__ligand7630-0
242,HAZYEP__ligand868-0
243,HAZYEP__ligand3890-0
244,HAZYEP__ligand442-0
245,HAZYEP__ligand1907-0
246,HAZYEP__ligand136-0
247,HAZYEP__ligand95-0
248,HAZYEP__ligand4423-0
249,HAZYEP__ligand1038-0
250,HAZYEP__ligand2762-0
251,HAZYEP__ligand5093-0
252,HAZYEP__ligand2954-0
253,HAZYEP__ligand112-0
254,HAZYEP__ligand2253-0
255,HAZYEP__ligand1160-0
256,HAZYEP__ligand197-0
257,HAZYEP__ligand34-0
258,HAZYEP__ligand296-0
259,HAZYEP__ligand7550-0
260,HAZYEP__ligand9176-0
261,HAZYEP__ligand294-0
262,HAZYEP__ligand73-0
263,HAZYEP__ligand993-0
264,HAZYEP__ligand331-0
265,HAZYEP__ligand1493-0
266,HAZYEP__ligand2718-0
267,HAZYEP__ligand8-0
268,HAZYEP__ligand3035-0
269,HAZYEP__ligand3070-0
270,HAZYEP__ligand5235-0
271,HAZYEP__ligand6143-0
272,HAZYEP__ligand798-0
273,HAZYEP__ligand4619-0
274,HAZYEP__ligand421-0
275,HAZYEP__ligand3251-0
276,HAZYEP__ligand584-0
277,HAZYEP__ligand916-0
278,HAZYEP__ligand1818-0
279,HAZYEP__ligand390-0
280,HAZYEP__ligand134-0
281,HAZYEP__ligand932-0
282,HAZYEP__ligand7456-0
283,HAZYEP__ligand235-0
284,HAZYEP__ligand5758-0
285,HAZYEP__ligand525-0
286,HAZYEP__ligand560-0
287,HAZYEP__ligand57-0
288,HAZYEP__ligand109-0
289,HAZYEP__ligand3852-0
290,HAZYEP__ligand3478-0
291,HAZYEP__ligand188-0
292,HAZYEP__ligand3618-0
293,HAZYEP__ligand2618-0
294,HAZYEP__ligand1436-0
295,HAZYEP__ligand444-0
296,HAZYEP__ligand369-0
297,HAZYEP__ligand311-0
298,HAZYEP__ligand4370-0
299,HAZYEP__ligand370-0
300,HAZYEP__ligand32-0
301,HAZYEP__ligand1918-0
302,HAZYEP__ligand250-0
303,HAZYEP__ligand2255-0
304,HAZYEP__ligand4175-0
305,HAZYEP__ligand460-0
306,HAZYEP__ligand252-0
307,HAZYEP__ligand48-0
308,HAZYEP__ligand2915-0
309,HAZYEP__ligand955-0
310,HAZYEP__ligand830-0
311,HAZYEP__ligand193-0
312,HAZYEP__ligand3196-0
313,HAZYEP__ligand4012-0
314,HAZYEP__ligand851-0
315,HAZYEP__ligand51-0
316,HAZYEP__ligand2526-0
317,HAZYEP__ligand909-0
318,HAZYEP__ligand1551-0
319,HAZYEP__ligand177-0
320,HAZYEP__ligand934-0
321,HAZYEP__ligand91-0
322,HAZYEP__ligand1690-0
323,HAZYEP__ligand29-0
324,HAZYEP__ligand2707-0
