,TMC
0,DIBRAJ__ligand1400-0
1,DIBRAJ__ligand4266-0
2,DIBRAJ__ligand9491-0
3,DIBRAJ__ligand4167-0
4,DIBRAJ__ligand48-0
5,DIBRAJ__ligand1288-0
6,DIBRAJ__ligand12336-0
7,DIBRAJ__ligand465-0
8,DIBRAJ__ligand13072-0
9,DIBRAJ__ligand7075-0
10,DIBRAJ__ligand17590-0
11,DIBRAJ__ligand17240-0
12,DIBRAJ__ligand3980-0
13,DIBRAJ__ligand3557-0
14,DIBRAJ__ligand1149-0
15,DIBRAJ__ligand1779-0
16,DIBRAJ__ligand314-1
17,DIBRAJ__ligand18699-0
18,DIBRAJ__ligand12682-0
19,DIBRAJ__ligand6993-0
20,DIBRAJ__ligand1817-0
21,DIBRAJ__ligand9750-0
22,DIBRAJ__ligand7438-0
23,DIBRAJ__ligand8200-0
24,DIBRAJ__ligand14586-0
25,DIBRAJ__ligand813-0
26,DIBRAJ__ligand11774-0
27,DIBRAJ__ligand4063-0
28,DIBRAJ__ligand51-0
29,DIBRAJ__ligand21421-0
30,DIBRAJ__ligand780-0
31,DIBRAJ__ligand314-0
32,DIBRAJ__ligand17710-0
33,DIBRAJ__ligand20579-0
34,DIBRAJ__ligand3042-0
35,DIBRAJ__ligand11568-0
36,DIBRAJ__ligand618-0
37,DIBRAJ__ligand3453-0
38,DIBRAJ__ligand3416-0
39,DIBRAJ__ligand31483-0
40,DIBRAJ__ligand4207-0
41,DIBRAJ__ligand10555-0
42,DIBRAJ__ligand91-0
43,DIBRAJ__ligand1539-0
44,DIBRAJ__ligand19725-0
45,DIBRAJ__ligand391-0
46,DIBRAJ__ligand1150-0
47,DIBRAJ__ligand24613-0
48,DIBRAJ__ligand23589-0
49,DIBRAJ__ligand24064-0
50,DIBRAJ__ligand1849-0
51,DIBRAJ__ligand5019-0
52,DIBRAJ__ligand15168-0
53,DIBRAJ__ligand393-0
54,DIBRAJ__ligand1152-0
55,DIBRAJ__ligand3261-0
56,DIBRAJ__ligand1216-0
57,DIBRAJ__ligand10432-0
58,DIBRAJ__ligand353-0
59,DIBRAJ__ligand11432-0
60,DIBRAJ__ligand31618-0
61,DIBRAJ__ligand22755-0
62,DIBRAJ__ligand16-0
63,DIBRAJ__ligand29898-0
64,DIBRAJ__ligand26277-0
65,DIBRAJ__ligand5280-0
66,DIBRAJ__ligand5614-0
67,DIBRAJ__ligand1831-0
68,DIBRAJ__ligand5515-0
69,DIBRAJ__ligand6663-0
70,DIBRAJ__ligand1908-0
71,DIBRAJ__ligand17207-0
72,DIBRAJ__ligand31578-0
73,DIBRAJ__ligand32-0
74,DIBRAJ__ligand18013-0
75,DIBRAJ__ligand25224-0
76,DIBRAJ__ligand17945-0
77,DIBRAJ__ligand3285-0
78,DIBRAJ__ligand4795-0
79,DIBRAJ__ligand1786-0
80,DIBRAJ__ligand196-0
81,DIBRAJ__ligand5630-0
82,DIBRAJ__ligand24750-0
83,DIBRAJ__ligand1828-0
84,DIBRAJ__ligand1397-0
85,DIBRAJ__ligand7213-0
86,DIBRAJ__ligand8042-0
87,DIBRAJ__ligand15438-0
88,DIBRAJ__ligand6112-0
89,DIBRAJ__ligand686-0
90,DIBRAJ__ligand28924-0
91,DIBRAJ__ligand422-0
92,DIBRAJ__ligand3144-0
93,DIBRAJ__ligand5085-0
94,DIBRAJ__ligand18703-0
95,DIBRAJ__ligand29087-0
96,DIBRAJ__ligand4710-0
97,DIBRAJ__ligand5755-0
98,DIBRAJ__ligand11166-0
99,DIBRAJ__ligand6995-0
100,DIBRAJ__ligand21132-0
101,DIBRAJ__ligand2823-0
102,DIBRAJ__ligand506-0
103,DIBRAJ__ligand23906-0
104,DIBRAJ__ligand2650-0
105,DIBRAJ__ligand2281-0
106,DIBRAJ__ligand4340-0
107,DIBRAJ__ligand30539-0
108,DIBRAJ__ligand3180-0
109,DIBRAJ__ligand5415-0
110,DIBRAJ__ligand25689-0
111,DIBRAJ__ligand25575-0
112,DIBRAJ__ligand21787-0
113,DIBRAJ__ligand27835-0
114,DIBRAJ__ligand12295-0
115,DIBRAJ__ligand4161-0
116,DIBRAJ__ligand3471-0
117,DIBRAJ__ligand4124-0
118,DIBRAJ__ligand152-0
119,DIBRAJ__ligand447-0
120,DIBRAJ__ligand25650-0
121,DIBRAJ__ligand8553-0
122,DIBRAJ__ligand31248-0
123,DIBRAJ__ligand746-0
124,DIBRAJ__ligand1113-0
125,DIBRAJ__ligand176-0
126,DIBRAJ__ligand19257-0
127,DIBRAJ__ligand13209-0
128,DIBRAJ__ligand12660-0
129,DIBRAJ__ligand5201-0
130,DIBRAJ__ligand23124-0
131,DIBRAJ__ligand2001-0
132,DIBRAJ__ligand11206-0
133,DIBRAJ__ligand25735-0
134,DIBRAJ__ligand12519-0
135,DIBRAJ__ligand7566-0
136,DIBRAJ__ligand487-0
137,DIBRAJ__ligand57-0
138,DIBRAJ__ligand9944-0
139,DIBRAJ__ligand8593-0
140,DIBRAJ__ligand11140-0
141,DIBRAJ__ligand29610-0
142,DIBRAJ__ligand13869-0
143,DIBRAJ__ligand18074-0
144,DIBRAJ__ligand784-0
145,DIBRAJ__ligand29863-0
146,DIBRAJ__ligand1169-0
147,DIBRAJ__ligand8529-0
148,DIBRAJ__ligand55-0
149,DIBRAJ__ligand1154-0
150,DIBRAJ__ligand395-0
151,DIBRAJ__ligand18799-0
152,DIBRAJ__ligand18465-0
153,DIBRAJ__ligand68-0
154,DIBRAJ__ligand9615-0
155,DIBRAJ__ligand368-0
156,DIBRAJ__ligand28668-0
157,DIBRAJ__ligand1498-0
158,DIBRAJ__ligand4596-0
159,DIBRAJ__ligand16791-0
160,DIBRAJ__ligand18391-0
161,DIBRAJ__ligand14523-0
162,DIBRAJ__ligand27169-0
163,DIBRAJ__ligand1618-0
164,DIBRAJ__ligand2692-0
165,DIBRAJ__ligand115-0
166,DIBRAJ__ligand20599-0
167,DIBRAJ__ligand22981-0
168,DIBRAJ__ligand25805-0
169,DIBRAJ__ligand4-0
170,DIBRAJ__ligand1028-0
171,DIBRAJ__ligand4262-0
172,DIBRAJ__ligand27074-0
173,DIBRAJ__ligand23904-0
174,DIBRAJ__ligand2027-0
175,DIBRAJ__ligand21936-0
176,DIBRAJ__ligand1015-0
177,DIBRAJ__ligand1050-0
178,DIBRAJ__ligand13257-0
179,DIBRAJ__ligand12467-0
180,DIBRAJ__ligand833-0
181,DIBRAJ__ligand34-0
182,DIBRAJ__ligand10084-0
183,DIBRAJ__ligand25267-0
184,DIBRAJ__ligand12231-0
185,DIBRAJ__ligand26702-0
186,DIBRAJ__ligand13658-0
187,DIBRAJ__ligand18292-0
188,DIBRAJ__ligand12289-0
189,DIBRAJ__ligand12130-0
190,DIBRAJ__ligand17387-0
191,DIBRAJ__ligand5180-0
192,DIBRAJ__ligand10476-0
193,DIBRAJ__ligand6017-0
194,DIBRAJ__ligand352-0
195,DIBRAJ__ligand783-0
196,DIBRAJ__ligand13068-0
197,DIBRAJ__ligand19830-0
198,DIBRAJ__ligand12401-0
199,DIBRAJ__ligand7316-0
200,DIBRAJ__ligand15585-0
201,DIBRAJ__ligand17-0
202,DIBRAJ__ligand24145-0
203,DIBRAJ__ligand5708-0
204,DIBRAJ__ligand868-0
205,DIBRAJ__ligand1116-0
206,DIBRAJ__ligand3225-0
207,DIBRAJ__ligand1153-0
208,DIBRAJ__ligand2260-0
209,DIBRAJ__ligand25178-0
210,DIBRAJ__ligand7092-0
211,DIBRAJ__ligand8612-0
212,DIBRAJ__ligand24185-0
213,DIBRAJ__ligand23769-0
214,DIBRAJ__ligand2124-0
215,DIBRAJ__ligand7172-0
216,DIBRAJ__ligand17805-0
217,DIBRAJ__ligand7273-0
218,DIBRAJ__ligand17302-0
219,DIBRAJ__ligand9323-0
220,DIBRAJ__ligand2906-0
221,DIBRAJ__ligand3244-0
222,DIBRAJ__ligand4711-0
223,DIBRAJ__ligand14108-0
224,DIBRAJ__ligand5649-0
225,DIBRAJ__ligand2788-0
226,DIBRAJ__ligand8793-0
227,DIBRAJ__ligand10958-0
228,DIBRAJ__ligand3-0
229,DIBRAJ__ligand4649-0
230,DIBRAJ__ligand12641-0
231,DIBRAJ__ligand5530-0
232,DIBRAJ__ligand28676-0
233,DIBRAJ__ligand10262-0
234,DIBRAJ__ligand1787-0
235,DIBRAJ__ligand197-0
236,DIBRAJ__ligand1356-0
237,DIBRAJ__ligand9753-0
238,DIBRAJ__ligand27763-0
239,DIBRAJ__ligand7196-0
240,DIBRAJ__ligand5159-0
241,DIBRAJ__ligand13425-0
242,DIBRAJ__ligand4807-0
243,DIBRAJ__ligand29302-0
244,DIBRAJ__ligand3178-0
245,DIBRAJ__ligand19057-0
246,DIBRAJ__ligand18814-0
247,DIBRAJ__ligand9450-0
248,DIBRAJ__ligand27460-0
249,DIBRAJ__ligand294-0
250,DIBRAJ__ligand2612-0
251,DIBRAJ__ligand16628-0
252,DIBRAJ__ligand89-0
253,DIBRAJ__ligand12427-0
254,DIBRAJ__ligand1599-0
255,DIBRAJ__ligand20740-0
256,DIBRAJ__ligand28468-0
257,DIBRAJ__ligand1289-0
258,DIBRAJ__ligand26540-0
259,DIBRAJ__ligand49-0
260,DIBRAJ__ligand29410-0
261,DIBRAJ__ligand5387-0
262,DIBRAJ__ligand12337-0
263,DIBRAJ__ligand2203-0
264,DIBRAJ__ligand30296-0
265,DIBRAJ__ligand421-0
266,DIBRAJ__ligand17281-0
267,DIBRAJ__ligand685-0
268,DIBRAJ__ligand12606-0
269,DIBRAJ__ligand30333-0
270,DIBRAJ__ligand1-0
271,DIBRAJ__ligand13012-0
272,DIBRAJ__ligand6391-0
273,DIBRAJ__ligand3126-0
274,DIBRAJ__ligand17631-0
275,DIBRAJ__ligand9284-0
276,DIBRAJ__ligand26665-0
277,DIBRAJ__ligand14603-0
278,DIBRAJ__ligand1114-0
279,DIBRAJ__ligand14297-0
280,DIBRAJ__ligand17258-0
281,DIBRAJ__ligand31783-0
282,DIBRAJ__ligand134-0
283,DIBRAJ__ligand2417-0
284,DIBRAJ__ligand235-0
285,DIBRAJ__ligand12934-0
286,DIBRAJ__ligand20578-0
287,DIBRAJ__ligand2043-0
288,DIBRAJ__ligand15422-0
289,DIBRAJ__ligand560-0
290,DIBRAJ__ligand19641-0
291,DIBRAJ__ligand8788-0
292,DIBRAJ__ligand1832-0
293,DIBRAJ__ligand14723-0
294,DIBRAJ__ligand27893-0
295,DIBRAJ__ligand30988-0
296,DIBRAJ__ligand1604-0
297,DIBRAJ__ligand23713-0
298,DIBRAJ__ligand1228-0
299,DIBRAJ__ligand9943-0
300,DIBRAJ__ligand27175-0
301,DIBRAJ__ligand18832-0
302,DIBRAJ__ligand30851-0
303,DIBRAJ__ligand14889-0
304,DIBRAJ__ligand188-0
305,DIBRAJ__ligand1464-0
306,DIBRAJ__ligand3712-0
307,DIBRAJ__ligand29568-0
308,DIBRAJ__ligand1499-0
309,DIBRAJ__ligand2881-0
310,DIBRAJ__ligand6892-0
311,DIBRAJ__ligand28789-0
312,DIBRAJ__ligand69-0
313,DIBRAJ__ligand1211-0
314,DIBRAJ__ligand20419-0
315,DIBRAJ__ligand17118-0
316,DIBRAJ__ligand21371-0
317,DIBRAJ__ligand479-0
318,DIBRAJ__ligand311-0
319,DIBRAJ__ligand3677-0
320,DIBRAJ__ligand3632-0
321,DIBRAJ__ligand785-0
322,DIBRAJ__ligand1168-0
323,DIBRAJ__ligand17261-0
324,DIBRAJ__ligand14117-0
325,DIBRAJ__ligand11-0
326,DIBRAJ__ligand1294-0
327,DIBRAJ__ligand620-0
328,DIBRAJ__ligand6699-0
329,DIBRAJ__ligand31097-0
330,DIBRAJ__ligand21581-0
331,DIBRAJ__ligand370-1
332,DIBRAJ__ligand20539-0
333,DIBRAJ__ligand564-0
334,DIBRAJ__ligand20214-0
335,DIBRAJ__ligand30702-0
336,DIBRAJ__ligand20251-0
337,DIBRAJ__ligand20251-1
338,DIBRAJ__ligand2985-0
339,DIBRAJ__ligand4007-0
340,DIBRAJ__ligand370-0
341,DIBRAJ__ligand9299-0
342,DIBRAJ__ligand7291-0
343,DIBRAJ__ligand3677-1
344,DIBRAJ__ligand9883-0
345,DIBRAJ__ligand16475-0
346,DIBRAJ__ligand14703-0
347,DIBRAJ__ligand11675-0
348,DIBRAJ__ligand20598-0
349,DIBRAJ__ligand22557-0
350,DIBRAJ__ligand10589-0
351,DIBRAJ__ligand24047-0
352,DIBRAJ__ligand9344-0
353,DIBRAJ__ligand250-0
354,DIBRAJ__ligand3736-0
355,DIBRAJ__ligand8000-0
356,DIBRAJ__ligand17398-0
357,DIBRAJ__ligand3945-0
358,DIBRAJ__ligand17278-0
359,DIBRAJ__ligand20011-0
360,DIBRAJ__ligand29414-0
361,DIBRAJ__ligand5383-0
362,DIBRAJ__ligand2693-0
363,DIBRAJ__ligand17982-0
364,DIBRAJ__ligand8002-0
365,DIBRAJ__ligand5509-0
366,DIBRAJ__ligand31832-0
367,DIBRAJ__ligand13294-0
368,DIBRAJ__ligand252-0
369,DIBRAJ__ligand1407-0
370,DIBRAJ__ligand6117-0
371,DIBRAJ__ligand116-0
372,DIBRAJ__ligand13331-0
373,DIBRAJ__ligand28884-0
374,DIBRAJ__ligand12030-0
375,DIBRAJ__ligand5080-0
376,DIBRAJ__ligand7762-0
377,DIBRAJ__ligand14248-0
378,DIBRAJ__ligand29879-0
379,DIBRAJ__ligand9167-0
380,DIBRAJ__ligand5304-0
381,DIBRAJ__ligand11456-0
382,DIBRAJ__ligand372-0
383,DIBRAJ__ligand2238-0
384,DIBRAJ__ligand10712-0
385,DIBRAJ__ligand14174-0
386,DIBRAJ__ligand830-0
387,DIBRAJ__ligand7293-0
388,DIBRAJ__ligand2822-0
389,DIBRAJ__ligand3867-0
390,DIBRAJ__ligand193-0
391,DIBRAJ__ligand1317-0
392,DIBRAJ__ligand25411-0
393,DIBRAJ__ligand1296-0
394,DIBRAJ__ligand2259-0
395,DIBRAJ__ligand1197-0
396,DIBRAJ__ligand13390-0
397,DIBRAJ__ligand8592-0
398,DIBRAJ__ligand5099-0
399,DIBRAJ__ligand9773-0
400,DIBRAJ__ligand20682-0
401,DIBRAJ__ligand5510-0
402,DIBRAJ__ligand1376-0
403,DIBRAJ__ligand909-0
404,DIBRAJ__ligand4101-0
405,DIBRAJ__ligand177-0
406,DIBRAJ__ligand5595-0
407,DIBRAJ__ligand13208-0
408,DIBRAJ__ligand27482-0
409,DIBRAJ__ligand26810-0
410,DIBRAJ__ligand4358-0
411,DIBRAJ__ligand3926-0
412,DIBRAJ__ligand3120-0
413,DIBRAJ__ligand2221-0
414,DIBRAJ__ligand4620-0
415,DIBRAJ__ligand656-0
416,DIBRAJ__ligand17427-0
417,DIBRAJ__ligand29486-0
418,DIBRAJ__ligand1577-0
419,DIBRAJ__ligand6067-0
420,DIBRAJ__ligand2295-0
421,DIBRAJ__ligand31694-0
422,DIBRAJ__ligand67-0
423,DIBRAJ__ligand2917-0
424,DIBRAJ__ligand25561-0
425,DIBRAJ__ligand7819-0
426,DIBRAJ__ligand24780-0
427,DIBRAJ__ligand12138-0
428,DIBRAJ__ligand22129-0
429,DIBRAJ__ligand6102-0
430,DIBRAJ__ligand6596-0
431,DIBRAJ__ligand3721-0
432,DIBRAJ__ligand6904-0
433,DIBRAJ__ligand696-0
434,DIBRAJ__ligand11949-0
435,DIBRAJ__ligand3465-0
436,DIBRAJ__ligand12001-0
437,DIBRAJ__ligand416-0
438,DIBRAJ__ligand24644-0
439,DIBRAJ__ligand10033-0
440,DIBRAJ__ligand383-0
441,DIBRAJ__ligand1142-0
442,DIBRAJ__ligand3234-0
443,DIBRAJ__ligand162-0
444,DIBRAJ__ligand24872-0
445,DIBRAJ__ligand7126-0
446,DIBRAJ__ligand30728-0
447,DIBRAJ__ligand226-0
448,DIBRAJ__ligand8835-0
449,DIBRAJ__ligand2028-0
450,DIBRAJ__ligand27840-0
451,DIBRAJ__ligand15788-0
452,DIBRAJ__ligand23175-0
453,DIBRAJ__ligand17396-0
454,DIBRAJ__ligand4641-0
455,DIBRAJ__ligand13220-0
456,DIBRAJ__ligand11587-0
457,DIBRAJ__ligand43-0
458,DIBRAJ__ligand22444-0
459,DIBRAJ__ligand24111-0
460,DIBRAJ__ligand13385-0
461,DIBRAJ__ligand14569-0
462,DIBRAJ__ligand11111-0
463,DIBRAJ__ligand1823-0
464,DIBRAJ__ligand670-0
465,DIBRAJ__ligand5643-0
466,DIBRAJ__ligand28540-0
467,DIBRAJ__ligand16369-0
468,DIBRAJ__ligand534-0
469,DIBRAJ__ligand1324-0
470,DIBRAJ__ligand571-0
471,DIBRAJ__ligand20695-0
472,DIBRAJ__ligand27754-0
473,DIBRAJ__ligand8721-0
474,DIBRAJ__ligand9952-0
475,DIBRAJ__ligand9111-0
476,DIBRAJ__ligand22403-0
477,DIBRAJ__ligand1615-0
478,DIBRAJ__ligand2526-0
479,DIBRAJ__ligand5036-0
480,DIBRAJ__ligand10872-0
481,DIBRAJ__ligand21399-0
482,DIBRAJ__ligand8992-0
483,DIBRAJ__ligand12003-0
484,DIBRAJ__ligand26631-0
485,DIBRAJ__ligand16148-0
486,DIBRAJ__ligand9601-0
487,DIBRAJ__ligand7967-0
488,DIBRAJ__ligand6124-0
489,DIBRAJ__ligand3707-0
490,DIBRAJ__ligand1018-0
491,DIBRAJ__ligand29215-0
492,DIBRAJ__ligand4116-0
493,DIBRAJ__ligand358-0
494,DIBRAJ__ligand2915-0
495,DIBRAJ__ligand430-0
496,DIBRAJ__ligand3156-0
497,DIBRAJ__ligand488-0
498,DIBRAJ__ligand27239-0
499,DIBRAJ__ligand21729-0
500,DIBRAJ__ligand6244-0
501,DIBRAJ__ligand14043-0
502,DIBRAJ__ligand26324-0
503,DIBRAJ__ligand28559-0
504,DIBRAJ__ligand694-0
505,DIBRAJ__ligand1378-0
506,DIBRAJ__ligand19927-0
507,DIBRAJ__ligand9441-0
508,DIBRAJ__ligand11618-0
509,DIBRAJ__ligand2332-0
510,DIBRAJ__ligand26529-0
511,DIBRAJ__ligand1631-0
512,DIBRAJ__ligand1575-0
513,DIBRAJ__ligand1530-0
514,DIBRAJ__ligand9933-0
515,DIBRAJ__ligand4272-0
516,DIBRAJ__ligand1451-0
517,DIBRAJ__ligand7629-0
518,DIBRAJ__ligand9784-0
519,DIBRAJ__ligand23197-0
520,DIBRAJ__ligand9520-0
521,DIBRAJ__ligand19-0
522,DIBRAJ__ligand8699-0
523,DIBRAJ__ligand1160-0
524,DIBRAJ__ligand29029-0
525,DIBRAJ__ligand27285-0
526,DIBRAJ__ligand3954-0
527,DIBRAJ__ligand4093-0
528,DIBRAJ__ligand4442-0
529,DIBRAJ__ligand361-0
530,DIBRAJ__ligand324-0
531,DIBRAJ__ligand27669-0
532,DIBRAJ__ligand7867-0
533,DIBRAJ__ligand30142-0
534,DIBRAJ__ligand1219-0
535,DIBRAJ__ligand6709-0
536,DIBRAJ__ligand409-0
537,DIBRAJ__ligand14167-0
538,DIBRAJ__ligand4016-0
539,DIBRAJ__ligand13477-0
540,DIBRAJ__ligand24-0
541,DIBRAJ__ligand7238-0
542,DIBRAJ__ligand1304-0
543,DIBRAJ__ligand1790-0
544,DIBRAJ__ligand7280-0
545,DIBRAJ__ligand28459-0
546,DIBRAJ__ligand1285-0
547,DIBRAJ__ligand45-0
548,DIBRAJ__ligand12453-0
549,DIBRAJ__ligand18448-0
550,DIBRAJ__ligand8115-0
551,DIBRAJ__ligand6768-0
552,DIBRAJ__ligand1982-0
553,DIBRAJ__ligand300-0
554,DIBRAJ__ligand7000-0
555,DIBRAJ__ligand4546-0
556,DIBRAJ__ligand4503-0
557,DIBRAJ__ligand588-0
558,DIBRAJ__ligand19184-0
559,DIBRAJ__ligand18568-0
560,DIBRAJ__ligand28685-0
561,DIBRAJ__ligand4157-0
562,DIBRAJ__ligand199-0
563,DIBRAJ__ligand9833-0
564,DIBRAJ__ligand7648-0
565,DIBRAJ__ligand8876-0
566,DIBRAJ__ligand2828-0
567,DIBRAJ__ligand5256-0
568,DIBRAJ__ligand13672-0
569,DIBRAJ__ligand10371-0
570,DIBRAJ__ligand2176-0
571,DIBRAJ__ligand9291-0
572,DIBRAJ__ligand2232-0
573,DIBRAJ__ligand78-0
574,DIBRAJ__ligand5211-0
575,DIBRAJ__ligand11994-0
576,DIBRAJ__ligand31044-0
577,DIBRAJ__ligand31842-0
578,DIBRAJ__ligand4155-0
579,DIBRAJ__ligand3094-0
580,DIBRAJ__ligand24035-0
581,DIBRAJ__ligand4720-0
582,DIBRAJ__ligand14614-0
583,DIBRAJ__ligand6839-0
584,DIBRAJ__ligand8969-0
585,DIBRAJ__ligand3131-0
586,DIBRAJ__ligand3174-0
587,DIBRAJ__ligand3937-0
588,DIBRAJ__ligand16663-0
589,DIBRAJ__ligand1202-0
590,DIBRAJ__ligand1512-0
591,DIBRAJ__ligand5331-0
592,DIBRAJ__ligand497-0
593,DIBRAJ__ligand3565-0
594,DIBRAJ__ligand25913-0
595,DIBRAJ__ligand16988-0
596,DIBRAJ__ligand633-0
597,DIBRAJ__ligand20207-0
598,DIBRAJ__ligand30711-0
599,DIBRAJ__ligand6919-0
600,DIBRAJ__ligand11682-0
601,DIBRAJ__ligand3852-0
602,DIBRAJ__ligand2485-0
603,DIBRAJ__ligand10828-0
604,DIBRAJ__ligand1959-0
605,DIBRAJ__ligand19792-0
606,DIBRAJ__ligand3504-0
607,DIBRAJ__ligand15926-0
608,DIBRAJ__ligand24230-0
609,DIBRAJ__ligand9935-0
610,DIBRAJ__ligand1573-0
611,DIBRAJ__ligand11096-0
612,DIBRAJ__ligand326-0
613,DIBRAJ__ligand1536-0
614,DIBRAJ__ligand11447-0
615,DIBRAJ__ligand28810-0
616,DIBRAJ__ligand6616-0
617,DIBRAJ__ligand1343-0
618,DIBRAJ__ligand3876-0
619,DIBRAJ__ligand3035-0
620,DIBRAJ__ligand15883-0
621,DIBRAJ__ligand3718-0
622,DIBRAJ__ligand1844-0
623,DIBRAJ__ligand4661-0
624,DIBRAJ__ligand11970-0
625,DIBRAJ__ligand7242-0
626,DIBRAJ__ligand21919-0
627,DIBRAJ__ligand22294-0
628,DIBRAJ__ligand7106-0
629,DIBRAJ__ligand22168-0
630,DIBRAJ__ligand28930-0
631,DIBRAJ__ligand692-0
632,DIBRAJ__ligand28743-0
633,DIBRAJ__ligand15531-0
634,DIBRAJ__ligand9908-0
635,DIBRAJ__ligand1263-0
636,DIBRAJ__ligand436-0
637,DIBRAJ__ligand13862-0
638,DIBRAJ__ligand11357-0
639,DIBRAJ__ligand12365-0
640,DIBRAJ__ligand10056-0
641,DIBRAJ__ligand11501-0
642,DIBRAJ__ligand3392-0
643,DIBRAJ__ligand11544-0
644,DIBRAJ__ligand1771-0
645,DIBRAJ__ligand4911-0
646,DIBRAJ__ligand29214-0
647,DIBRAJ__ligand38-0
648,DIBRAJ__ligand11758-0
649,DIBRAJ__ligand5849-0
650,DIBRAJ__ligand22357-0
651,DIBRAJ__ligand21448-0
652,DIBRAJ__ligand338-0
653,DIBRAJ__ligand11798-0
654,DIBRAJ__ligand20731-0
655,DIBRAJ__ligand29334-0
656,DIBRAJ__ligand12413-0
657,DIBRAJ__ligand2527-0
658,DIBRAJ__ligand8-0
659,DIBRAJ__ligand8349-0
660,DIBRAJ__ligand17445-0
661,DIBRAJ__ligand8464-0
662,DIBRAJ__ligand1709-0
663,DIBRAJ__ligand14477-0
664,DIBRAJ__ligand17069-0
665,DIBRAJ__ligand4850-0
666,DIBRAJ__ligand5056-0
667,DIBRAJ__ligand321-0
668,DIBRAJ__ligand3647-0
669,DIBRAJ__ligand14226-0
670,DIBRAJ__ligand21339-0
671,DIBRAJ__ligand16956-0
672,DIBRAJ__ligand5357-0
673,DIBRAJ__ligand20942-1
674,DIBRAJ__ligand1688-0
675,DIBRAJ__ligand27771-0
676,DIBRAJ__ligand1469-0
677,DIBRAJ__ligand279-0
678,DIBRAJ__ligand185-0
679,DIBRAJ__ligand3871-0
680,DIBRAJ__ligand18158-0
681,DIBRAJ__ligand23682-0
682,DIBRAJ__ligand178-0
683,DIBRAJ__ligand1768-0
684,DIBRAJ__ligand29565-0
685,DIBRAJ__ligand5935-0
686,DIBRAJ__ligand14007-0
687,DIBRAJ__ligand18019-1
688,DIBRAJ__ligand2722-0
689,DIBRAJ__ligand201-0
690,DIBRAJ__ligand1379-0
691,DIBRAJ__ligand3157-0
692,DIBRAJ__ligand9525-0
693,DIBRAJ__ligand27550-0
694,DIBRAJ__ligand1165-0
695,DIBRAJ__ligand4131-0
696,DIBRAJ__ligand596-0
697,DIBRAJ__ligand1712-0
698,DIBRAJ__ligand941-0
699,DIBRAJ__ligand777-0
700,DIBRAJ__ligand24624-0
701,DIBRAJ__ligand18413-0
702,DIBRAJ__ligand20844-0
703,DIBRAJ__ligand5094-0
704,DIBRAJ__ligand5892-0
705,DIBRAJ__ligand24560-0
706,DIBRAJ__ligand18757-0
707,DIBRAJ__ligand1533-0
708,DIBRAJ__ligand366-0
709,DIBRAJ__ligand21752-0
710,DIBRAJ__ligand66-0
711,DIBRAJ__ligand13691-0
712,DIBRAJ__ligand1496-0
713,DIBRAJ__ligand657-0
714,DIBRAJ__ligand30788-0
715,DIBRAJ__ligand7557-0
716,DIBRAJ__ligand187-0
717,DIBRAJ__ligand14339-0
718,DIBRAJ__ligand42-0
719,DIBRAJ__ligand845-0
720,DIBRAJ__ligand2208-0
721,DIBRAJ__ligand3208-0
722,DIBRAJ__ligand24953-0
723,DIBRAJ__ligand23445-0
724,DIBRAJ__ligand16133-0
725,DIBRAJ__ligand13755-0
726,DIBRAJ__ligand27122-0
727,DIBRAJ__ligand20432-0
728,DIBRAJ__ligand8722-0
729,DIBRAJ__ligand9809-0
730,DIBRAJ__ligand6672-0
731,DIBRAJ__ligand1327-0
732,DIBRAJ__ligand21940-0
733,DIBRAJ__ligand3350-0
734,DIBRAJ__ligand7573-0
735,DIBRAJ__ligand2781-0
736,DIBRAJ__ligand25048-0
737,DIBRAJ__ligand1773-0
738,DIBRAJ__ligand163-0
739,DIBRAJ__ligand126-0
740,DIBRAJ__ligand4581-0
741,DIBRAJ__ligand2328-0
742,DIBRAJ__ligand7162-0
743,DIBRAJ__ligand3029-0
744,DIBRAJ__ligand30004-0
745,DIBRAJ__ligand20557-0
746,DIBRAJ__ligand9197-0
747,DIBRAJ__ligand1900-0
748,DIBRAJ__ligand13260-0
749,DIBRAJ__ligand10582-0
750,DIBRAJ__ligand7532-0
751,DIBRAJ__ligand4194-0
752,DIBRAJ__ligand11252-0
753,DIBRAJ__ligand4330-0
754,DIBRAJ__ligand2599-0
755,DIBRAJ__ligand18067-0
756,DIBRAJ__ligand19824-0
757,DIBRAJ__ligand20821-0
758,DIBRAJ__ligand1147-0
759,DIBRAJ__ligand757-0
760,DIBRAJ__ligand26673-0
761,DIBRAJ__ligand3973-0
762,DIBRAJ__ligand7925-0
763,DIBRAJ__ligand31000-0
764,DIBRAJ__ligand2068-0
765,DIBRAJ__ligand11606-0
766,DIBRAJ__ligand122-0
767,DIBRAJ__ligand16603-0
768,DIBRAJ__ligand11814-0
769,DIBRAJ__ligand3215-0
770,DIBRAJ__ligand11622-0
771,DIBRAJ__ligand7107-0
772,DIBRAJ__ligand693-0
773,DIBRAJ__ligand16870-0
774,DIBRAJ__ligand6283-0
775,DIBRAJ__ligand15455-0
776,DIBRAJ__ligand11177-0
777,DIBRAJ__ligand4738-0
778,DIBRAJ__ligand31205-0
779,DIBRAJ__ligand4813-0
780,DIBRAJ__ligand17686-0
781,DIBRAJ__ligand25658-0
782,DIBRAJ__ligand5813-0
783,DIBRAJ__ligand6062-0
784,DIBRAJ__ligand20121-0
785,DIBRAJ__ligand1729-0
786,DIBRAJ__ligand15387-0
787,DIBRAJ__ligand5627-0
788,DIBRAJ__ligand20220-0
789,DIBRAJ__ligand2830-0
790,DIBRAJ__ligand29813-0
791,DIBRAJ__ligand16952-0
792,DIBRAJ__ligand5316-0
793,DIBRAJ__ligand5483-0
794,DIBRAJ__ligand18-0
795,DIBRAJ__ligand10853-0
796,DIBRAJ__ligand29441-0
797,DIBRAJ__ligand11479-0
798,DIBRAJ__ligand10479-0
799,DIBRAJ__ligand27610-0
800,DIBRAJ__ligand9148-0
801,DIBRAJ__ligand240-0
802,DIBRAJ__ligand13657-0
803,DIBRAJ__ligand14347-0
804,DIBRAJ__ligand6946-0
805,DIBRAJ__ligand1415-0
806,DIBRAJ__ligand14302-0
807,DIBRAJ__ligand11698-0
808,DIBRAJ__ligand20530-0
809,DIBRAJ__ligand141-0
810,DIBRAJ__ligand24851-0
811,DIBRAJ__ligand7529-0
812,DIBRAJ__ligand3934-0
813,DIBRAJ__ligand6882-0
814,DIBRAJ__ligand6455-0
815,DIBRAJ__ligand384-0
816,DIBRAJ__ligand22353-0
817,DIBRAJ__ligand2403-0
818,DIBRAJ__ligand19906-0
819,DIBRAJ__ligand19668-0
820,DIBRAJ__ligand3012-0
821,DIBRAJ__ligand1449-0
822,DIBRAJ__ligand1065-0
823,DIBRAJ__ligand10151-0
824,DIBRAJ__ligand7530-0
825,DIBRAJ__ligand768-0
826,DIBRAJ__ligand9681-0
827,DIBRAJ__ligand4332-0
