,TMC
0,BECNIG__ligand68-0
1,BECNIG__ligand2917-0
2,BECNIG__ligand30788-0
3,BECNIG__ligand7819-0
4,BECNIG__ligand13691-0
5,BECNIG__ligand14339-0
6,BECNIG__ligand3465-0
7,BECNIG__ligand21752-0
8,BECNIG__ligand6102-0
9,BECNIG__ligand656-0
10,BECNIG__ligand6596-0
11,BECNIG__ligand3721-0
12,BECNIG__ligand6904-0
13,BECNIG__ligand20844-0
14,BECNIG__ligand18413-0
15,BECNIG__ligand24624-0
16,BECNIG__ligand18757-0
17,BECNIG__ligand696-0
18,BECNIG__ligand4620-0
19,BECNIG__ligand24560-0
20,BECNIG__ligand55-0
21,BECNIG__ligand1577-0
22,BECNIG__ligand6067-0
23,BECNIG__ligand2295-0
24,BECNIG__ligand4641-0
25,BECNIG__ligand226-0
26,BECNIG__ligand162-0
27,BECNIG__ligand383-0
28,BECNIG__ligand34-0
29,BECNIG__ligand416-0
30,BECNIG__ligand20557-0
31,BECNIG__ligand30004-0
32,BECNIG__ligand1142-0
33,BECNIG__ligand3234-0
34,BECNIG__ligand25048-0
35,BECNIG__ligand21940-0
36,BECNIG__ligand7126-0
37,BECNIG__ligand23445-0
38,BECNIG__ligand24953-0
39,BECNIG__ligand8835-0
40,BECNIG__ligand2028-0
41,BECNIG__ligand27122-0
42,BECNIG__ligand20432-0
43,BECNIG__ligand16133-0
44,BECNIG__ligand13755-0
45,BECNIG__ligand9601-0
46,BECNIG__ligand17445-0
47,BECNIG__ligand17069-0
48,BECNIG__ligand8992-0
49,BECNIG__ligand14477-0
50,BECNIG__ligand1018-0
51,BECNIG__ligand11798-0
52,BECNIG__ligand571-0
53,BECNIG__ligand534-0
54,BECNIG__ligand4116-0
55,BECNIG__ligand12413-0
56,BECNIG__ligand29334-0
57,BECNIG__ligand7967-0
58,BECNIG__ligand20731-0
59,BECNIG__ligand6124-0
60,BECNIG__ligand670-0
61,BECNIG__ligand3707-0
62,BECNIG__ligand22357-0
63,BECNIG__ligand1324-0
64,BECNIG__ligand11758-0
65,BECNIG__ligand8721-0
66,BECNIG__ligand1823-0
67,BECNIG__ligand5643-0
68,BECNIG__ligand21448-0
69,BECNIG__ligand11544-0
70,BECNIG__ligand11501-0
71,BECNIG__ligand1615-0
72,BECNIG__ligand2526-0
73,BECNIG__ligand5036-0
74,BECNIG__ligand29214-0
75,BECNIG__ligand9952-0
76,BECNIG__ligand9111-0
77,BECNIG__ligand9441-0
78,BECNIG__ligand694-0
79,BECNIG__ligand2332-0
80,BECNIG__ligand27550-0
81,BECNIG__ligand18019-1
82,BECNIG__ligand1575-0
83,BECNIG__ligand1530-0
84,BECNIG__ligand14007-0
85,BECNIG__ligand57-0
86,BECNIG__ligand488-0
87,BECNIG__ligand9933-0
88,BECNIG__ligand430-0
89,BECNIG__ligand1631-0
90,BECNIG__ligand358-0
91,BECNIG__ligand18158-0
92,BECNIG__ligand27771-0
93,BECNIG__ligand29565-0
94,BECNIG__ligand23682-0
95,BECNIG__ligand2915-0
96,BECNIG__ligand3156-0
97,BECNIG__ligand1378-0
98,BECNIG__ligand6244-0
99,BECNIG__ligand20942-1
100,BECNIG__ligand16956-0
101,BECNIG__ligand14226-0
102,BECNIG__ligand21339-0
103,BECNIG__ligand4016-0
104,BECNIG__ligand20530-0
105,BECNIG__ligand11698-0
106,BECNIG__ligand14302-0
107,BECNIG__ligand13657-0
108,BECNIG__ligand14347-0
109,BECNIG__ligand24851-0
110,BECNIG__ligand7867-0
111,BECNIG__ligand16-0
112,BECNIG__ligand1219-0
113,BECNIG__ligand6709-0
114,BECNIG__ligand29441-0
115,BECNIG__ligand10853-0
116,BECNIG__ligand1304-0
117,BECNIG__ligand1790-0
118,BECNIG__ligand7280-0
119,BECNIG__ligand7238-0
120,BECNIG__ligand27610-0
121,BECNIG__ligand10479-0
122,BECNIG__ligand11479-0
123,BECNIG__ligand9784-0
124,BECNIG__ligand29813-0
125,BECNIG__ligand16952-0
126,BECNIG__ligand4272-0
127,BECNIG__ligand1451-0
128,BECNIG__ligand7629-0
129,BECNIG__ligand15387-0
130,BECNIG__ligand3954-0
131,BECNIG__ligand4093-0
132,BECNIG__ligand20121-0
133,BECNIG__ligand4442-0
134,BECNIG__ligand9520-0
135,BECNIG__ligand409-0
136,BECNIG__ligand8699-0
137,BECNIG__ligand1160-0
138,BECNIG__ligand324-0
139,BECNIG__ligand361-0
140,BECNIG__ligand20220-0
141,BECNIG__ligand9833-0
142,BECNIG__ligand588-0
143,BECNIG__ligand7648-0
144,BECNIG__ligand8876-0
145,BECNIG__ligand2828-0
146,BECNIG__ligand5256-0
147,BECNIG__ligand4157-0
148,BECNIG__ligand2232-0
149,BECNIG__ligand300-0
150,BECNIG__ligand1-0
151,BECNIG__ligand2176-0
152,BECNIG__ligand10151-0
153,BECNIG__ligand9291-0
154,BECNIG__ligand32-0
155,BECNIG__ligand8115-0
156,BECNIG__ligand6768-0
157,BECNIG__ligand1982-0
158,BECNIG__ligand7000-0
159,BECNIG__ligand19668-0
160,BECNIG__ligand1285-0
161,BECNIG__ligand19906-0
162,BECNIG__ligand199-0
163,BECNIG__ligand22353-0
164,BECNIG__ligand4546-0
165,BECNIG__ligand4503-0
166,BECNIG__ligand3565-0
167,BECNIG__ligand31000-0
168,BECNIG__ligand1512-0
169,BECNIG__ligand5331-0
170,BECNIG__ligand11606-0
171,BECNIG__ligand6919-0
172,BECNIG__ligand20821-0
173,BECNIG__ligand3852-0
174,BECNIG__ligand2485-0
175,BECNIG__ligand26673-0
176,BECNIG__ligand19824-0
177,BECNIG__ligand4155-0
178,BECNIG__ligand18067-0
179,BECNIG__ligand3094-0
180,BECNIG__ligand5211-0
181,BECNIG__ligand633-0
182,BECNIG__ligand10582-0
183,BECNIG__ligand6839-0
184,BECNIG__ligand13260-0
185,BECNIG__ligand48-0
186,BECNIG__ligand8969-0
187,BECNIG__ligand3131-0
188,BECNIG__ligand497-0
189,BECNIG__ligand3174-0
190,BECNIG__ligand1202-0
191,BECNIG__ligand3937-0
192,BECNIG__ligand3-0
193,BECNIG__ligand11252-0
194,BECNIG__ligand4720-0
195,BECNIG__ligand17686-0
196,BECNIG__ligand25658-0
197,BECNIG__ligand7106-0
198,BECNIG__ligand31205-0
199,BECNIG__ligand7242-0
200,BECNIG__ligand326-0
201,BECNIG__ligand15455-0
202,BECNIG__ligand91-0
203,BECNIG__ligand9908-0
204,BECNIG__ligand1263-0
205,BECNIG__ligand11177-0
206,BECNIG__ligand51-0
207,BECNIG__ligand11622-0
208,BECNIG__ligand9935-0
209,BECNIG__ligand1573-0
210,BECNIG__ligand1536-0
211,BECNIG__ligand16870-0
212,BECNIG__ligand1959-0
213,BECNIG__ligand3504-0
214,BECNIG__ligand436-0
215,BECNIG__ligand1844-0
216,BECNIG__ligand4661-0
217,BECNIG__ligand692-0
218,BECNIG__ligand16603-0
219,BECNIG__ligand6616-0
220,BECNIG__ligand3876-0
221,BECNIG__ligand1343-0
222,BECNIG__ligand3035-0
223,BECNIG__ligand11814-0
224,BECNIG__ligand3718-0
225,BECNIG__ligand338-0
226,BECNIG__ligand2527-0
227,BECNIG__ligand29215-0
228,BECNIG__ligand21399-0
229,BECNIG__ligand10872-0
230,BECNIG__ligand8349-0
231,BECNIG__ligand26631-0
232,BECNIG__ligand16148-0
233,BECNIG__ligand8464-0
234,BECNIG__ligand12003-0
235,BECNIG__ligand1709-0
236,BECNIG__ligand1771-0
237,BECNIG__ligand4911-0
238,BECNIG__ligand22403-0
239,BECNIG__ligand3392-0
240,BECNIG__ligand16369-0
241,BECNIG__ligand28540-0
242,BECNIG__ligand11111-0
243,BECNIG__ligand20695-0
244,BECNIG__ligand27754-0
245,BECNIG__ligand4-0
246,BECNIG__ligand5849-0
247,BECNIG__ligand2722-0
248,BECNIG__ligand178-0
249,BECNIG__ligand1379-0
250,BECNIG__ligand26529-0
251,BECNIG__ligand5935-0
252,BECNIG__ligand185-0
253,BECNIG__ligand279-0
254,BECNIG__ligand9525-0
255,BECNIG__ligand1165-0
256,BECNIG__ligand321-0
257,BECNIG__ligand11618-0
258,BECNIG__ligand3157-0
259,BECNIG__ligand3647-0
260,BECNIG__ligand28559-0
261,BECNIG__ligand5357-0
262,BECNIG__ligand26324-0
263,BECNIG__ligand14043-0
264,BECNIG__ligand1688-0
265,BECNIG__ligand4850-0
266,BECNIG__ligand5056-0
267,BECNIG__ligand19927-0
268,BECNIG__ligand1768-0
269,BECNIG__ligand201-0
270,BECNIG__ligand21729-0
271,BECNIG__ligand27239-0
272,BECNIG__ligand1469-0
273,BECNIG__ligand3871-0
274,BECNIG__ligand22129-0
275,BECNIG__ligand12138-0
276,BECNIG__ligand24780-0
277,BECNIG__ligand11-0
278,BECNIG__ligand1533-0
279,BECNIG__ligand777-0
280,BECNIG__ligand11949-0
281,BECNIG__ligand941-0
282,BECNIG__ligand596-0
283,BECNIG__ligand1496-0
284,BECNIG__ligand25561-0
285,BECNIG__ligand7557-0
286,BECNIG__ligand29486-0
287,BECNIG__ligand4131-0
288,BECNIG__ligand1712-0
289,BECNIG__ligand187-0
290,BECNIG__ligand31694-0
291,BECNIG__ligand657-0
292,BECNIG__ligand5094-0
293,BECNIG__ligand69-0
294,BECNIG__ligand5892-0
295,BECNIG__ligand17427-0
296,BECNIG__ligand366-0
297,BECNIG__ligand7162-0
298,BECNIG__ligand24111-0
299,BECNIG__ligand22444-0
300,BECNIG__ligand3029-0
301,BECNIG__ligand14569-0
302,BECNIG__ligand1773-0
303,BECNIG__ligand4581-0
304,BECNIG__ligand2328-0
305,BECNIG__ligand13385-0
306,BECNIG__ligand9197-0
307,BECNIG__ligand17396-0
308,BECNIG__ligand23175-0
309,BECNIG__ligand15788-0
310,BECNIG__ligand1900-0
311,BECNIG__ligand13220-0
312,BECNIG__ligand11587-0
313,BECNIG__ligand845-0
314,BECNIG__ligand24872-0
315,BECNIG__ligand27840-0
316,BECNIG__ligand2208-0
317,BECNIG__ligand3208-0
318,BECNIG__ligand30728-0
319,BECNIG__ligand12001-0
320,BECNIG__ligand3350-0
321,BECNIG__ligand7573-0
322,BECNIG__ligand2781-0
323,BECNIG__ligand8722-0
324,BECNIG__ligand10033-0
325,BECNIG__ligand9809-0
326,BECNIG__ligand6672-0
327,BECNIG__ligand126-0
328,BECNIG__ligand1327-0
329,BECNIG__ligand163-0
330,BECNIG__ligand24644-0
331,BECNIG__ligand49-0
332,BECNIG__ligand3973-0
333,BECNIG__ligand11682-0
334,BECNIG__ligand30711-0
335,BECNIG__ligand20207-0
336,BECNIG__ligand1147-0
337,BECNIG__ligand7925-0
338,BECNIG__ligand16988-0
339,BECNIG__ligand25913-0
340,BECNIG__ligand2068-0
341,BECNIG__ligand14614-0
342,BECNIG__ligand122-0
343,BECNIG__ligand4194-0
344,BECNIG__ligand16663-0
345,BECNIG__ligand7532-0
346,BECNIG__ligand31842-0
347,BECNIG__ligand31044-0
348,BECNIG__ligand89-0
349,BECNIG__ligand11994-0
350,BECNIG__ligand757-0
351,BECNIG__ligand4330-0
352,BECNIG__ligand24035-0
353,BECNIG__ligand2599-0
354,BECNIG__ligand693-0
355,BECNIG__ligand11357-0
356,BECNIG__ligand13862-0
357,BECNIG__ligand15531-0
358,BECNIG__ligand28743-0
359,BECNIG__ligand6283-0
360,BECNIG__ligand10056-0
361,BECNIG__ligand12365-0
362,BECNIG__ligand21919-0
363,BECNIG__ligand6062-0
364,BECNIG__ligand4738-0
365,BECNIG__ligand28930-0
366,BECNIG__ligand22168-0
367,BECNIG__ligand22294-0
368,BECNIG__ligand4813-0
369,BECNIG__ligand5813-0
370,BECNIG__ligand3215-0
371,BECNIG__ligand15883-0
372,BECNIG__ligand11970-0
373,BECNIG__ligand15926-0
374,BECNIG__ligand7107-0
375,BECNIG__ligand19792-0
376,BECNIG__ligand10828-0
377,BECNIG__ligand28810-0
378,BECNIG__ligand11096-0
379,BECNIG__ligand11447-0
380,BECNIG__ligand24230-0
381,BECNIG__ligand9148-0
382,BECNIG__ligand30142-0
383,BECNIG__ligand27669-0
384,BECNIG__ligand7529-0
385,BECNIG__ligand1415-0
386,BECNIG__ligand6946-0
387,BECNIG__ligand14167-0
388,BECNIG__ligand13477-0
389,BECNIG__ligand141-0
390,BECNIG__ligand2830-0
391,BECNIG__ligand1729-0
392,BECNIG__ligand27285-0
393,BECNIG__ligand240-0
394,BECNIG__ligand5627-0
395,BECNIG__ligand29029-0
396,BECNIG__ligand5483-0
397,BECNIG__ligand23197-0
398,BECNIG__ligand5316-0
399,BECNIG__ligand17-0
400,BECNIG__ligand1065-0
401,BECNIG__ligand7530-0
402,BECNIG__ligand10371-0
403,BECNIG__ligand3012-0
404,BECNIG__ligand1449-0
405,BECNIG__ligand28685-0
406,BECNIG__ligand18568-0
407,BECNIG__ligand384-0
408,BECNIG__ligand4332-0
409,BECNIG__ligand13672-0
410,BECNIG__ligand9681-0
411,BECNIG__ligand6882-0
412,BECNIG__ligand6455-0
413,BECNIG__ligand19184-0
414,BECNIG__ligand3934-0
415,BECNIG__ligand768-0
416,BECNIG__ligand18448-0
417,BECNIG__ligand12453-0
418,BECNIG__ligand28459-0
419,BECNIG__ligand2403-0
420,BECNIG__ligand3980-0
421,BECNIG__ligand3557-0
422,BECNIG__ligand465-0
423,BECNIG__ligand12606-0
424,BECNIG__ligand1149-0
425,BECNIG__ligand7075-0
426,BECNIG__ligand30333-0
427,BECNIG__ligand9750-0
428,BECNIG__ligand12337-0
429,BECNIG__ligand29410-0
430,BECNIG__ligand26540-0
431,BECNIG__ligand1779-0
432,BECNIG__ligand17281-0
433,BECNIG__ligand6993-0
434,BECNIG__ligand1817-0
435,BECNIG__ligand30296-0
436,BECNIG__ligand4167-0
437,BECNIG__ligand16628-0
438,BECNIG__ligand1400-0
439,BECNIG__ligand4266-0
440,BECNIG__ligand20740-0
441,BECNIG__ligand28468-0
442,BECNIG__ligand9491-0
443,BECNIG__ligand314-1
444,BECNIG__ligand12427-0
445,BECNIG__ligand27460-0
446,BECNIG__ligand1288-0
447,BECNIG__ligand30988-0
448,BECNIG__ligand4207-0
449,BECNIG__ligand18832-0
450,BECNIG__ligand3453-0
451,BECNIG__ligand3416-0
452,BECNIG__ligand27175-0
453,BECNIG__ligand23713-0
454,BECNIG__ligand314-0
455,BECNIG__ligand1150-0
456,BECNIG__ligand780-0
457,BECNIG__ligand19641-0
458,BECNIG__ligand15422-0
459,BECNIG__ligand12934-0
460,BECNIG__ligand20578-0
461,BECNIG__ligand813-0
462,BECNIG__ligand27893-0
463,BECNIG__ligand14723-0
464,BECNIG__ligand1539-0
465,BECNIG__ligand31783-0
466,BECNIG__ligand391-0
467,BECNIG__ligand7438-0
468,BECNIG__ligand8200-0
469,BECNIG__ligand4063-0
470,BECNIG__ligand26665-0
471,BECNIG__ligand17631-0
472,BECNIG__ligand13012-0
473,BECNIG__ligand17258-0
474,BECNIG__ligand3042-0
475,BECNIG__ligand618-0
476,BECNIG__ligand14297-0
477,BECNIG__ligand14603-0
478,BECNIG__ligand17805-0
479,BECNIG__ligand393-0
480,BECNIG__ligand17302-0
481,BECNIG__ligand24-0
482,BECNIG__ligand25178-0
483,BECNIG__ligand5515-0
484,BECNIG__ligand6663-0
485,BECNIG__ligand23769-0
486,BECNIG__ligand5280-0
487,BECNIG__ligand24185-0
488,BECNIG__ligand5614-0
489,BECNIG__ligand1831-0
490,BECNIG__ligand19830-0
491,BECNIG__ligand13068-0
492,BECNIG__ligand10476-0
493,BECNIG__ligand1849-0
494,BECNIG__ligand24145-0
495,BECNIG__ligand15585-0
496,BECNIG__ligand12401-0
497,BECNIG__ligand12231-0
498,BECNIG__ligand1216-0
499,BECNIG__ligand19-0
500,BECNIG__ligand5019-0
501,BECNIG__ligand12130-0
502,BECNIG__ligand17387-0
503,BECNIG__ligand12289-0
504,BECNIG__ligand1152-0
505,BECNIG__ligand353-0
506,BECNIG__ligand3261-0
507,BECNIG__ligand18292-0
508,BECNIG__ligand13658-0
509,BECNIG__ligand26702-0
510,BECNIG__ligand8042-0
511,BECNIG__ligand13425-0
512,BECNIG__ligand29302-0
513,BECNIG__ligand6112-0
514,BECNIG__ligand1828-0
515,BECNIG__ligand18814-0
516,BECNIG__ligand196-0
517,BECNIG__ligand1397-0
518,BECNIG__ligand7213-0
519,BECNIG__ligand19057-0
520,BECNIG__ligand4710-0
521,BECNIG__ligand27763-0
522,BECNIG__ligand5755-0
523,BECNIG__ligand10262-0
524,BECNIG__ligand28676-0
525,BECNIG__ligand3144-0
526,BECNIG__ligand78-0
527,BECNIG__ligand5085-0
528,BECNIG__ligand45-0
529,BECNIG__ligand10958-0
530,BECNIG__ligand3285-0
531,BECNIG__ligand4795-0
532,BECNIG__ligand12641-0
533,BECNIG__ligand1908-0
534,BECNIG__ligand422-0
535,BECNIG__ligand5630-0
536,BECNIG__ligand686-0
537,BECNIG__ligand14108-0
538,BECNIG__ligand1786-0
539,BECNIG__ligand5415-0
540,BECNIG__ligand25411-0
541,BECNIG__ligand11456-0
542,BECNIG__ligand4161-0
543,BECNIG__ligand3471-0
544,BECNIG__ligand4124-0
545,BECNIG__ligand506-0
546,BECNIG__ligand14174-0
547,BECNIG__ligand10712-0
548,BECNIG__ligand2823-0
549,BECNIG__ligand152-0
550,BECNIG__ligand28884-0
551,BECNIG__ligand13331-0
552,BECNIG__ligand29879-0
553,BECNIG__ligand14248-0
554,BECNIG__ligand6995-0
555,BECNIG__ligand12030-0
556,BECNIG__ligand13294-0
557,BECNIG__ligand31832-0
558,BECNIG__ligand3180-0
559,BECNIG__ligand2650-0
560,BECNIG__ligand2281-0
561,BECNIG__ligand4340-0
562,BECNIG__ligand7566-0
563,BECNIG__ligand2001-0
564,BECNIG__ligand176-0
565,BECNIG__ligand13208-0
566,BECNIG__ligand746-0
567,BECNIG__ligand9944-0
568,BECNIG__ligand8593-0
569,BECNIG__ligand26810-0
570,BECNIG__ligand27482-0
571,BECNIG__ligand447-0
572,BECNIG__ligand8553-0
573,BECNIG__ligand20682-0
574,BECNIG__ligand1113-0
575,BECNIG__ligand487-0
576,BECNIG__ligand5201-0
577,BECNIG__ligand13390-0
578,BECNIG__ligand21581-0
579,BECNIG__ligand31097-0
580,BECNIG__ligand9615-0
581,BECNIG__ligand1154-0
582,BECNIG__ligand20251-0
583,BECNIG__ligand784-0
584,BECNIG__ligand30702-0
585,BECNIG__ligand20214-0
586,BECNIG__ligand20539-0
587,BECNIG__ligand1498-0
588,BECNIG__ligand4596-0
589,BECNIG__ligand14117-0
590,BECNIG__ligand17261-0
591,BECNIG__ligand28789-0
592,BECNIG__ligand21371-0
593,BECNIG__ligand17118-0
594,BECNIG__ligand20419-0
595,BECNIG__ligand368-0
596,BECNIG__ligand1169-0
597,BECNIG__ligand8529-0
598,BECNIG__ligand14889-0
599,BECNIG__ligand30851-0
600,BECNIG__ligand67-0
601,BECNIG__ligand29568-0
602,BECNIG__ligand395-0
603,BECNIG__ligand1015-0
604,BECNIG__ligand1050-0
605,BECNIG__ligand17982-0
606,BECNIG__ligand29414-0
607,BECNIG__ligand2027-0
608,BECNIG__ligand20011-0
609,BECNIG__ligand17278-0
610,BECNIG__ligand115-0
611,BECNIG__ligand24047-0
612,BECNIG__ligand22557-0
613,BECNIG__ligand10589-0
614,BECNIG__ligand20598-0
615,BECNIG__ligand11675-0
616,BECNIG__ligand43-0
617,BECNIG__ligand17398-0
618,BECNIG__ligand8-0
619,BECNIG__ligand1618-0
620,BECNIG__ligand2692-0
621,BECNIG__ligand16475-0
622,BECNIG__ligand14703-0
623,BECNIG__ligand833-0
624,BECNIG__ligand4262-0
625,BECNIG__ligand20251-1
626,BECNIG__ligand1028-0
627,BECNIG__ligand8612-0
628,BECNIG__ligand18-0
629,BECNIG__ligand2124-0
630,BECNIG__ligand352-0
631,BECNIG__ligand1116-0
632,BECNIG__ligand783-0
633,BECNIG__ligand3225-0
634,BECNIG__ligand1153-0
635,BECNIG__ligand2260-0
636,BECNIG__ligand7092-0
637,BECNIG__ligand22755-0
638,BECNIG__ligand7273-0
639,BECNIG__ligand31618-0
640,BECNIG__ligand11432-0
641,BECNIG__ligand9323-0
642,BECNIG__ligand10432-0
643,BECNIG__ligand7172-0
644,BECNIG__ligand26277-0
645,BECNIG__ligand29898-0
646,BECNIG__ligand5180-0
647,BECNIG__ligand15168-0
648,BECNIG__ligand7316-0
649,BECNIG__ligand5708-0
650,BECNIG__ligand23589-0
651,BECNIG__ligand24064-0
652,BECNIG__ligand6017-0
653,BECNIG__ligand868-0
654,BECNIG__ligand7196-0
655,BECNIG__ligand18703-0
656,BECNIG__ligand5159-0
657,BECNIG__ligand5530-0
658,BECNIG__ligand1787-0
659,BECNIG__ligand1356-0
660,BECNIG__ligand9753-0
661,BECNIG__ligand29087-0
662,BECNIG__ligand3178-0
663,BECNIG__ligand28924-0
664,BECNIG__ligand4807-0
665,BECNIG__ligand15438-0
666,BECNIG__ligand3244-0
667,BECNIG__ligand4711-0
668,BECNIG__ligand2906-0
669,BECNIG__ligand24750-0
670,BECNIG__ligand31578-0
671,BECNIG__ligand17207-0
672,BECNIG__ligand5649-0
673,BECNIG__ligand2788-0
674,BECNIG__ligand8793-0
675,BECNIG__ligand4649-0
676,BECNIG__ligand17945-0
677,BECNIG__ligand18013-0
678,BECNIG__ligand25224-0
679,BECNIG__ligand197-0
680,BECNIG__ligand12682-0
681,BECNIG__ligand18699-0
682,BECNIG__ligand1289-0
683,BECNIG__ligand5387-0
684,BECNIG__ligand2203-0
685,BECNIG__ligand17590-0
686,BECNIG__ligand294-0
687,BECNIG__ligand17240-0
688,BECNIG__ligand12336-0
689,BECNIG__ligand9450-0
690,BECNIG__ligand13072-0
691,BECNIG__ligand685-0
692,BECNIG__ligand421-0
693,BECNIG__ligand1599-0
694,BECNIG__ligand2612-0
695,BECNIG__ligand8788-0
696,BECNIG__ligand19725-0
697,BECNIG__ligand235-0
698,BECNIG__ligand1832-0
699,BECNIG__ligand24613-0
700,BECNIG__ligand2043-0
701,BECNIG__ligand134-0
702,BECNIG__ligand1228-0
703,BECNIG__ligand9943-0
704,BECNIG__ligand10555-0
705,BECNIG__ligand31483-0
706,BECNIG__ligand1604-0
707,BECNIG__ligand1114-0
708,BECNIG__ligand11568-0
709,BECNIG__ligand20579-0
710,BECNIG__ligand17710-0
711,BECNIG__ligand6391-0
712,BECNIG__ligand3126-0
713,BECNIG__ligand9284-0
714,BECNIG__ligand11774-0
715,BECNIG__ligand14586-0
716,BECNIG__ligand560-0
717,BECNIG__ligand2417-0
718,BECNIG__ligand21421-0
719,BECNIG__ligand1168-0
720,BECNIG__ligand28668-0
721,BECNIG__ligand1294-0
722,BECNIG__ligand66-0
723,BECNIG__ligand16791-0
724,BECNIG__ligand3677-0
725,BECNIG__ligand3632-0
726,BECNIG__ligand18465-0
727,BECNIG__ligand18799-0
728,BECNIG__ligand188-0
729,BECNIG__ligand6699-0
730,BECNIG__ligand29863-0
731,BECNIG__ligand1499-0
732,BECNIG__ligand18074-0
733,BECNIG__ligand564-0
734,BECNIG__ligand2881-0
735,BECNIG__ligand13869-0
736,BECNIG__ligand370-1
737,BECNIG__ligand1464-0
738,BECNIG__ligand620-0
739,BECNIG__ligand3712-0
740,BECNIG__ligand1211-0
741,BECNIG__ligand11140-0
742,BECNIG__ligand6892-0
743,BECNIG__ligand785-0
744,BECNIG__ligand311-0
745,BECNIG__ligand29610-0
746,BECNIG__ligand479-0
747,BECNIG__ligand3736-0
748,BECNIG__ligand8000-0
749,BECNIG__ligand12467-0
750,BECNIG__ligand25267-0
751,BECNIG__ligand10084-0
752,BECNIG__ligand9344-0
753,BECNIG__ligand370-0
754,BECNIG__ligand23904-0
755,BECNIG__ligand5383-0
756,BECNIG__ligand2693-0
757,BECNIG__ligand13257-0
758,BECNIG__ligand3945-0
759,BECNIG__ligand21936-0
760,BECNIG__ligand25805-0
761,BECNIG__ligand9299-0
762,BECNIG__ligand22981-0
763,BECNIG__ligand20599-0
764,BECNIG__ligand42-0
765,BECNIG__ligand2985-0
766,BECNIG__ligand4007-0
767,BECNIG__ligand27074-0
768,BECNIG__ligand3677-1
769,BECNIG__ligand9883-0
770,BECNIG__ligand27169-0
771,BECNIG__ligand14523-0
772,BECNIG__ligand250-0
773,BECNIG__ligand18391-0
774,BECNIG__ligand7291-0
775,BECNIG__ligand12295-0
776,BECNIG__ligand2238-0
777,BECNIG__ligand27835-0
778,BECNIG__ligand9167-0
779,BECNIG__ligand5304-0
780,BECNIG__ligand7293-0
781,BECNIG__ligand2822-0
782,BECNIG__ligand3867-0
783,BECNIG__ligand116-0
784,BECNIG__ligand1317-0
785,BECNIG__ligand21787-0
786,BECNIG__ligand252-0
787,BECNIG__ligand25575-0
788,BECNIG__ligand25689-0
789,BECNIG__ligand193-0
790,BECNIG__ligand8002-0
791,BECNIG__ligand5509-0
792,BECNIG__ligand30539-0
793,BECNIG__ligand1407-0
794,BECNIG__ligand6117-0
795,BECNIG__ligand830-0
796,BECNIG__ligand38-0
797,BECNIG__ligand5080-0
798,BECNIG__ligand21132-0
799,BECNIG__ligand7762-0
800,BECNIG__ligand11166-0
801,BECNIG__ligand372-0
802,BECNIG__ligand23906-0
803,BECNIG__ligand909-0
804,BECNIG__ligand4101-0
805,BECNIG__ligand5595-0
806,BECNIG__ligand11206-0
807,BECNIG__ligand23124-0
808,BECNIG__ligand2221-0
809,BECNIG__ligand4358-0
810,BECNIG__ligand12519-0
811,BECNIG__ligand3926-0
812,BECNIG__ligand25735-0
813,BECNIG__ligand3120-0
814,BECNIG__ligand19257-0
815,BECNIG__ligand13209-0
816,BECNIG__ligand1197-0
817,BECNIG__ligand8592-0
818,BECNIG__ligand5099-0
819,BECNIG__ligand1296-0
820,BECNIG__ligand12660-0
821,BECNIG__ligand2259-0
822,BECNIG__ligand9773-0
823,BECNIG__ligand31248-0
824,BECNIG__ligand5510-0
825,BECNIG__ligand1376-0
826,BECNIG__ligand25650-0
827,BECNIG__ligand177-0
