,TMC
0,ACUTAU__ligand4016-0
1,ACUTAU__ligand31783-0
2,ACUTAU__ligand1219-0
3,ACUTAU__ligand6709-0
4,ACUTAU__ligand7867-0
5,ACUTAU__ligand7280-0
6,ACUTAU__ligand1304-0
7,ACUTAU__ligand26665-0
8,ACUTAU__ligand1790-0
9,ACUTAU__ligand13012-0
10,ACUTAU__ligand17631-0
11,ACUTAU__ligand17258-0
12,ACUTAU__ligand14603-0
13,ACUTAU__ligand14297-0
14,ACUTAU__ligand1-0
15,ACUTAU__ligand656-0
16,ACUTAU__ligand7238-0
17,ACUTAU__ligand30988-0
18,ACUTAU__ligand66-0
19,ACUTAU__ligand9784-0
20,ACUTAU__ligand7629-0
21,ACUTAU__ligand696-0
22,ACUTAU__ligand4272-0
23,ACUTAU__ligand23713-0
24,ACUTAU__ligand1451-0
25,ACUTAU__ligand27175-0
26,ACUTAU__ligand18832-0
27,ACUTAU__ligand19641-0
28,ACUTAU__ligand3954-0
29,ACUTAU__ligand4442-0
30,ACUTAU__ligand4093-0
31,ACUTAU__ligand12934-0
32,ACUTAU__ligand20578-0
33,ACUTAU__ligand15422-0
34,ACUTAU__ligand1160-0
35,ACUTAU__ligand8699-0
36,ACUTAU__ligand27893-0
37,ACUTAU__ligand9520-0
38,ACUTAU__ligand14723-0
39,ACUTAU__ligand16628-0
40,ACUTAU__ligand5256-0
41,ACUTAU__ligand7648-0
42,ACUTAU__ligand226-0
43,ACUTAU__ligand2828-0
44,ACUTAU__ligand8876-0
45,ACUTAU__ligand9833-0
46,ACUTAU__ligand4157-0
47,ACUTAU__ligand28468-0
48,ACUTAU__ligand20740-0
49,ACUTAU__ligand12427-0
50,ACUTAU__ligand42-0
51,ACUTAU__ligand162-0
52,ACUTAU__ligand383-0
53,ACUTAU__ligand2232-0
54,ACUTAU__ligand27460-0
55,ACUTAU__ligand416-0
56,ACUTAU__ligand9291-0
57,ACUTAU__ligand2176-0
58,ACUTAU__ligand7000-0
59,ACUTAU__ligand1982-0
60,ACUTAU__ligand6768-0
61,ACUTAU__ligand8115-0
62,ACUTAU__ligand12606-0
63,ACUTAU__ligand30333-0
64,ACUTAU__ligand1285-0
65,ACUTAU__ligand29410-0
66,ACUTAU__ligand12337-0
67,ACUTAU__ligand26540-0
68,ACUTAU__ligand17281-0
69,ACUTAU__ligand30296-0
70,ACUTAU__ligand4546-0
71,ACUTAU__ligand4503-0
72,ACUTAU__ligand10958-0
73,ACUTAU__ligand3565-0
74,ACUTAU__ligand12641-0
75,ACUTAU__ligand5331-0
76,ACUTAU__ligand1512-0
77,ACUTAU__ligand2485-0
78,ACUTAU__ligand3852-0
79,ACUTAU__ligand6919-0
80,ACUTAU__ligand534-0
81,ACUTAU__ligand571-0
82,ACUTAU__ligand38-0
83,ACUTAU__ligand14108-0
84,ACUTAU__ligand670-0
85,ACUTAU__ligand29302-0
86,ACUTAU__ligand13425-0
87,ACUTAU__ligand3094-0
88,ACUTAU__ligand4155-0
89,ACUTAU__ligand19057-0
90,ACUTAU__ligand18814-0
91,ACUTAU__ligand5211-0
92,ACUTAU__ligand3131-0
93,ACUTAU__ligand3174-0
94,ACUTAU__ligand1202-0
95,ACUTAU__ligand3937-0
96,ACUTAU__ligand27763-0
97,ACUTAU__ligand8969-0
98,ACUTAU__ligand28676-0
99,ACUTAU__ligand10262-0
100,ACUTAU__ligand6839-0
101,ACUTAU__ligand4720-0
102,ACUTAU__ligand13068-0
103,ACUTAU__ligand19830-0
104,ACUTAU__ligand7106-0
105,ACUTAU__ligand10476-0
106,ACUTAU__ligand694-0
107,ACUTAU__ligand24145-0
108,ACUTAU__ligand7242-0
109,ACUTAU__ligand12401-0
110,ACUTAU__ligand15585-0
111,ACUTAU__ligand12231-0
112,ACUTAU__ligand488-0
113,ACUTAU__ligand17387-0
114,ACUTAU__ligand430-0
115,ACUTAU__ligand12130-0
116,ACUTAU__ligand1263-0
117,ACUTAU__ligand26702-0
118,ACUTAU__ligand9908-0
119,ACUTAU__ligand13658-0
120,ACUTAU__ligand18292-0
121,ACUTAU__ligand358-0
122,ACUTAU__ligand12289-0
123,ACUTAU__ligand1573-0
124,ACUTAU__ligand1536-0
125,ACUTAU__ligand9935-0
126,ACUTAU__ligand17805-0
127,ACUTAU__ligand3504-0
128,ACUTAU__ligand1959-0
129,ACUTAU__ligand17302-0
130,ACUTAU__ligand25178-0
131,ACUTAU__ligand3-0
132,ACUTAU__ligand1844-0
133,ACUTAU__ligand4661-0
134,ACUTAU__ligand23769-0
135,ACUTAU__ligand3718-0
136,ACUTAU__ligand6616-0
137,ACUTAU__ligand3876-0
138,ACUTAU__ligand1343-0
139,ACUTAU__ligand3035-0
140,ACUTAU__ligand24185-0
141,ACUTAU__ligand7819-0
142,ACUTAU__ligand20682-0
143,ACUTAU__ligand2917-0
144,ACUTAU__ligand3465-0
145,ACUTAU__ligand6102-0
146,ACUTAU__ligand3721-0
147,ACUTAU__ligand6904-0
148,ACUTAU__ligand6596-0
149,ACUTAU__ligand13390-0
150,ACUTAU__ligand18-0
151,ACUTAU__ligand4620-0
152,ACUTAU__ligand13208-0
153,ACUTAU__ligand409-0
154,ACUTAU__ligand2295-0
155,ACUTAU__ligand27482-0
156,ACUTAU__ligand1577-0
157,ACUTAU__ligand6067-0
158,ACUTAU__ligand26810-0
159,ACUTAU__ligand361-0
160,ACUTAU__ligand324-0
161,ACUTAU__ligand588-0
162,ACUTAU__ligand4641-0
163,ACUTAU__ligand13331-0
164,ACUTAU__ligand28884-0
165,ACUTAU__ligand14248-0
166,ACUTAU__ligand29879-0
167,ACUTAU__ligand12030-0
168,ACUTAU__ligand13294-0
169,ACUTAU__ligand300-0
170,ACUTAU__ligand31832-0
171,ACUTAU__ligand1142-0
172,ACUTAU__ligand3234-0
173,ACUTAU__ligand25411-0
174,ACUTAU__ligand2028-0
175,ACUTAU__ligand8835-0
176,ACUTAU__ligand11456-0
177,ACUTAU__ligand7126-0
178,ACUTAU__ligand199-0
179,ACUTAU__ligand10712-0
180,ACUTAU__ligand14174-0
181,ACUTAU__ligand9601-0
182,ACUTAU__ligand8992-0
183,ACUTAU__ligand16475-0
184,ACUTAU__ligand14703-0
185,ACUTAU__ligand4116-0
186,ACUTAU__ligand20251-1
187,ACUTAU__ligand1018-0
188,ACUTAU__ligand6124-0
189,ACUTAU__ligand3707-0
190,ACUTAU__ligand7967-0
191,ACUTAU__ligand8721-0
192,ACUTAU__ligand1324-0
193,ACUTAU__ligand29414-0
194,ACUTAU__ligand633-0
195,ACUTAU__ligand17982-0
196,ACUTAU__ligand5643-0
197,ACUTAU__ligand17278-0
198,ACUTAU__ligand20011-0
199,ACUTAU__ligand1823-0
200,ACUTAU__ligand2526-0
201,ACUTAU__ligand10589-0
202,ACUTAU__ligand5036-0
203,ACUTAU__ligand22557-0
204,ACUTAU__ligand24047-0
205,ACUTAU__ligand1615-0
206,ACUTAU__ligand11675-0
207,ACUTAU__ligand20598-0
208,ACUTAU__ligand497-0
209,ACUTAU__ligand17398-0
210,ACUTAU__ligand9952-0
211,ACUTAU__ligand9111-0
212,ACUTAU__ligand28789-0
213,ACUTAU__ligand2332-0
214,ACUTAU__ligand9441-0
215,ACUTAU__ligand17118-0
216,ACUTAU__ligand21371-0
217,ACUTAU__ligand20419-0
218,ACUTAU__ligand9933-0
219,ACUTAU__ligand326-0
220,ACUTAU__ligand30851-0
221,ACUTAU__ligand1575-0
222,ACUTAU__ligand14889-0
223,ACUTAU__ligand1530-0
224,ACUTAU__ligand29568-0
225,ACUTAU__ligand1631-0
226,ACUTAU__ligand31097-0
227,ACUTAU__ligand21581-0
228,ACUTAU__ligand3156-0
229,ACUTAU__ligand20214-0
230,ACUTAU__ligand30702-0
231,ACUTAU__ligand20251-0
232,ACUTAU__ligand2915-0
233,ACUTAU__ligand436-0
234,ACUTAU__ligand20539-0
235,ACUTAU__ligand692-0
236,ACUTAU__ligand1378-0
237,ACUTAU__ligand17261-0
238,ACUTAU__ligand14117-0
239,ACUTAU__ligand6244-0
240,ACUTAU__ligand3973-0
241,ACUTAU__ligand338-0
242,ACUTAU__ligand24750-0
243,ACUTAU__ligand1147-0
244,ACUTAU__ligand17207-0
245,ACUTAU__ligand31578-0
246,ACUTAU__ligand2068-0
247,ACUTAU__ligand17945-0
248,ACUTAU__ligand7925-0
249,ACUTAU__ligand25224-0
250,ACUTAU__ligand18013-0
251,ACUTAU__ligand18703-0
252,ACUTAU__ligand4194-0
253,ACUTAU__ligand7532-0
254,ACUTAU__ligand29087-0
255,ACUTAU__ligand28924-0
256,ACUTAU__ligand2599-0
257,ACUTAU__ligand15438-0
258,ACUTAU__ligand4330-0
259,ACUTAU__ligand15168-0
260,ACUTAU__ligand178-0
261,ACUTAU__ligand185-0
262,ACUTAU__ligand279-0
263,ACUTAU__ligand6283-0
264,ACUTAU__ligand6062-0
265,ACUTAU__ligand23589-0
266,ACUTAU__ligand321-0
267,ACUTAU__ligand5813-0
268,ACUTAU__ligand4813-0
269,ACUTAU__ligand24064-0
270,ACUTAU__ligand4738-0
271,ACUTAU__ligand3215-0
272,ACUTAU__ligand22755-0
273,ACUTAU__ligand7107-0
274,ACUTAU__ligand10432-0
275,ACUTAU__ligand201-0
276,ACUTAU__ligand11432-0
277,ACUTAU__ligand31618-0
278,ACUTAU__ligand29898-0
279,ACUTAU__ligand26277-0
280,ACUTAU__ligand11568-0
281,ACUTAU__ligand9148-0
282,ACUTAU__ligand17710-0
283,ACUTAU__ligand20579-0
284,ACUTAU__ligand777-0
285,ACUTAU__ligand67-0
286,ACUTAU__ligand7529-0
287,ACUTAU__ligand596-0
288,ACUTAU__ligand941-0
289,ACUTAU__ligand14586-0
290,ACUTAU__ligand11774-0
291,ACUTAU__ligand21421-0
292,ACUTAU__ligand1415-0
293,ACUTAU__ligand6946-0
294,ACUTAU__ligand2830-0
295,ACUTAU__ligand19725-0
296,ACUTAU__ligand187-0
297,ACUTAU__ligand5627-0
298,ACUTAU__ligand24613-0
299,ACUTAU__ligand1729-0
300,ACUTAU__ligand657-0
301,ACUTAU__ligand5483-0
302,ACUTAU__ligand10555-0
303,ACUTAU__ligand366-0
304,ACUTAU__ligand5316-0
305,ACUTAU__ligand31483-0
306,ACUTAU__ligand12336-0
307,ACUTAU__ligand7530-0
308,ACUTAU__ligand1065-0
309,ACUTAU__ligand13072-0
310,ACUTAU__ligand1449-0
311,ACUTAU__ligand3012-0
312,ACUTAU__ligand4332-0
313,ACUTAU__ligand9681-0
314,ACUTAU__ligand845-0
315,ACUTAU__ligand18699-0
316,ACUTAU__ligand12682-0
317,ACUTAU__ligand6882-0
318,ACUTAU__ligand6455-0
319,ACUTAU__ligand3934-0
320,ACUTAU__ligand17590-0
321,ACUTAU__ligand2403-0
322,ACUTAU__ligand163-0
323,ACUTAU__ligand43-0
324,ACUTAU__ligand126-0
325,ACUTAU__ligand17240-0
326,ACUTAU__ligand22981-0
327,ACUTAU__ligand2527-0
328,ACUTAU__ligand25805-0
329,ACUTAU__ligand20599-0
330,ACUTAU__ligand27074-0
331,ACUTAU__ligand14523-0
332,ACUTAU__ligand27169-0
333,ACUTAU__ligand18391-0
334,ACUTAU__ligand1709-0
335,ACUTAU__ligand8464-0
336,ACUTAU__ligand8349-0
337,ACUTAU__ligand1771-0
338,ACUTAU__ligand4911-0
339,ACUTAU__ligand12467-0
340,ACUTAU__ligand122-0
341,ACUTAU__ligand3392-0
342,ACUTAU__ligand25267-0
343,ACUTAU__ligand10084-0
344,ACUTAU__ligand23904-0
345,ACUTAU__ligand5849-0
346,ACUTAU__ligand757-0
347,ACUTAU__ligand13257-0
348,ACUTAU__ligand21936-0
349,ACUTAU__ligand693-0
350,ACUTAU__ligand29863-0
351,ACUTAU__ligand1379-0
352,ACUTAU__ligand13869-0
353,ACUTAU__ligand18074-0
354,ACUTAU__ligand2722-0
355,ACUTAU__ligand5935-0
356,ACUTAU__ligand1165-0
357,ACUTAU__ligand11140-0
358,ACUTAU__ligand9525-0
359,ACUTAU__ligand3157-0
360,ACUTAU__ligand29610-0
361,ACUTAU__ligand1688-0
362,ACUTAU__ligand28668-0
363,ACUTAU__ligand5357-0
364,ACUTAU__ligand3647-0
365,ACUTAU__ligand16791-0
366,ACUTAU__ligand5056-0
367,ACUTAU__ligand4850-0
368,ACUTAU__ligand18465-0
369,ACUTAU__ligand1768-0
370,ACUTAU__ligand18799-0
371,ACUTAU__ligand4-0
372,ACUTAU__ligand3871-0
373,ACUTAU__ligand1469-0
374,ACUTAU__ligand13209-0
375,ACUTAU__ligand19257-0
376,ACUTAU__ligand1533-0
377,ACUTAU__ligand12660-0
378,ACUTAU__ligand31248-0
379,ACUTAU__ligand7557-0
380,ACUTAU__ligand25650-0
381,ACUTAU__ligand19-0
382,ACUTAU__ligand1496-0
383,ACUTAU__ligand4131-0
384,ACUTAU__ligand1712-0
385,ACUTAU__ligand141-0
386,ACUTAU__ligand24-0
387,ACUTAU__ligand240-0
388,ACUTAU__ligand11206-0
389,ACUTAU__ligand23124-0
390,ACUTAU__ligand5094-0
391,ACUTAU__ligand5892-0
392,ACUTAU__ligand25735-0
393,ACUTAU__ligand12519-0
394,ACUTAU__ligand3029-0
395,ACUTAU__ligand7162-0
396,ACUTAU__ligand45-0
397,ACUTAU__ligand30539-0
398,ACUTAU__ligand2328-0
399,ACUTAU__ligand1773-0
400,ACUTAU__ligand4581-0
401,ACUTAU__ligand21132-0
402,ACUTAU__ligand1900-0
403,ACUTAU__ligand384-0
404,ACUTAU__ligand9197-0
405,ACUTAU__ligand11166-0
406,ACUTAU__ligand23906-0
407,ACUTAU__ligand12295-0
408,ACUTAU__ligand27835-0
409,ACUTAU__ligand3208-0
410,ACUTAU__ligand2208-0
411,ACUTAU__ligand768-0
412,ACUTAU__ligand7573-0
413,ACUTAU__ligand78-0
414,ACUTAU__ligand2781-0
415,ACUTAU__ligand3350-0
416,ACUTAU__ligand25575-0
417,ACUTAU__ligand6672-0
418,ACUTAU__ligand9809-0
419,ACUTAU__ligand21787-0
420,ACUTAU__ligand1327-0
421,ACUTAU__ligand8722-0
422,ACUTAU__ligand25689-0
423,ACUTAU__ligand465-0
424,ACUTAU__ligand5415-0
425,ACUTAU__ligand25048-0
426,ACUTAU__ligand21940-0
427,ACUTAU__ligand24953-0
428,ACUTAU__ligand4161-0
429,ACUTAU__ligand3471-0
430,ACUTAU__ligand23445-0
431,ACUTAU__ligand4124-0
432,ACUTAU__ligand89-0
433,ACUTAU__ligand27122-0
434,ACUTAU__ligand20432-0
435,ACUTAU__ligand16133-0
436,ACUTAU__ligand13755-0
437,ACUTAU__ligand2823-0
438,ACUTAU__ligand6995-0
439,ACUTAU__ligand49-0
440,ACUTAU__ligand314-1
441,ACUTAU__ligand3180-0
442,ACUTAU__ligand4340-0
443,ACUTAU__ligand30004-0
444,ACUTAU__ligand2281-0
445,ACUTAU__ligand20557-0
446,ACUTAU__ligand2650-0
447,ACUTAU__ligand24624-0
448,ACUTAU__ligand18413-0
449,ACUTAU__ligand7566-0
450,ACUTAU__ligand20844-0
451,ACUTAU__ligand24560-0
452,ACUTAU__ligand18757-0
453,ACUTAU__ligand2001-0
454,ACUTAU__ligand780-0
455,ACUTAU__ligand8593-0
456,ACUTAU__ligand314-0
457,ACUTAU__ligand9944-0
458,ACUTAU__ligand813-0
459,ACUTAU__ligand1113-0
460,ACUTAU__ligand13691-0
461,ACUTAU__ligand391-0
462,ACUTAU__ligand30788-0
463,ACUTAU__ligand8553-0
464,ACUTAU__ligand14339-0
465,ACUTAU__ligand5201-0
466,ACUTAU__ligand618-0
467,ACUTAU__ligand21752-0
468,ACUTAU__ligand9615-0
469,ACUTAU__ligand18158-0
470,ACUTAU__ligand27771-0
471,ACUTAU__ligand29565-0
472,ACUTAU__ligand393-0
473,ACUTAU__ligand1154-0
474,ACUTAU__ligand23682-0
475,ACUTAU__ligand8-0
476,ACUTAU__ligand4596-0
477,ACUTAU__ligand1498-0
478,ACUTAU__ligand17-0
479,ACUTAU__ligand14226-0
480,ACUTAU__ligand21339-0
481,ACUTAU__ligand16956-0
482,ACUTAU__ligand20942-1
483,ACUTAU__ligand27550-0
484,ACUTAU__ligand8529-0
485,ACUTAU__ligand18019-1
486,ACUTAU__ligand1169-0
487,ACUTAU__ligand14007-0
488,ACUTAU__ligand353-0
489,ACUTAU__ligand1015-0
490,ACUTAU__ligand11758-0
491,ACUTAU__ligand1050-0
492,ACUTAU__ligand22357-0
493,ACUTAU__ligand2027-0
494,ACUTAU__ligand196-0
495,ACUTAU__ligand21448-0
496,ACUTAU__ligand11501-0
497,ACUTAU__ligand11544-0
498,ACUTAU__ligand29214-0
499,ACUTAU__ligand2692-0
500,ACUTAU__ligand1618-0
501,ACUTAU__ligand17445-0
502,ACUTAU__ligand17069-0
503,ACUTAU__ligand14477-0
504,ACUTAU__ligand422-0
505,ACUTAU__ligand686-0
506,ACUTAU__ligand4262-0
507,ACUTAU__ligand11798-0
508,ACUTAU__ligand29334-0
509,ACUTAU__ligand1028-0
510,ACUTAU__ligand12413-0
511,ACUTAU__ligand20731-0
512,ACUTAU__ligand1149-0
513,ACUTAU__ligand3980-0
514,ACUTAU__ligand3557-0
515,ACUTAU__ligand19668-0
516,ACUTAU__ligand19906-0
517,ACUTAU__ligand7075-0
518,ACUTAU__ligand506-0
519,ACUTAU__ligand9750-0
520,ACUTAU__ligand6993-0
521,ACUTAU__ligand1817-0
522,ACUTAU__ligand22353-0
523,ACUTAU__ligand1779-0
524,ACUTAU__ligand152-0
525,ACUTAU__ligand4167-0
526,ACUTAU__ligand9491-0
527,ACUTAU__ligand1400-0
528,ACUTAU__ligand4266-0
529,ACUTAU__ligand1288-0
530,ACUTAU__ligand10151-0
531,ACUTAU__ligand4207-0
532,ACUTAU__ligand16952-0
533,ACUTAU__ligand29813-0
534,ACUTAU__ligand3453-0
535,ACUTAU__ligand3416-0
536,ACUTAU__ligand176-0
537,ACUTAU__ligand746-0
538,ACUTAU__ligand15387-0
539,ACUTAU__ligand20121-0
540,ACUTAU__ligand1150-0
541,ACUTAU__ligand1539-0
542,ACUTAU__ligand447-0
543,ACUTAU__ligand20220-0
544,ACUTAU__ligand11698-0
545,ACUTAU__ligand20530-0
546,ACUTAU__ligand13657-0
547,ACUTAU__ligand14347-0
548,ACUTAU__ligand14302-0
549,ACUTAU__ligand24851-0
550,ACUTAU__ligand4063-0
551,ACUTAU__ligand8200-0
552,ACUTAU__ligand7438-0
553,ACUTAU__ligand487-0
554,ACUTAU__ligand10853-0
555,ACUTAU__ligand29441-0
556,ACUTAU__ligand3042-0
557,ACUTAU__ligand11479-0
558,ACUTAU__ligand10479-0
559,ACUTAU__ligand27610-0
560,ACUTAU__ligand11622-0
561,ACUTAU__ligand784-0
562,ACUTAU__ligand16870-0
563,ACUTAU__ligand6663-0
564,ACUTAU__ligand5515-0
565,ACUTAU__ligand16603-0
566,ACUTAU__ligand1831-0
567,ACUTAU__ligand5280-0
568,ACUTAU__ligand69-0
569,ACUTAU__ligand5614-0
570,ACUTAU__ligand11814-0
571,ACUTAU__ligand1849-0
572,ACUTAU__ligand25658-0
573,ACUTAU__ligand11-0
574,ACUTAU__ligand17686-0
575,ACUTAU__ligand31205-0
576,ACUTAU__ligand368-0
577,ACUTAU__ligand1216-0
578,ACUTAU__ligand15455-0
579,ACUTAU__ligand1152-0
580,ACUTAU__ligand3261-0
581,ACUTAU__ligand11177-0
582,ACUTAU__ligand395-0
583,ACUTAU__ligand5019-0
584,ACUTAU__ligand18067-0
585,ACUTAU__ligand6112-0
586,ACUTAU__ligand19824-0
587,ACUTAU__ligand8042-0
588,ACUTAU__ligand7213-0
589,ACUTAU__ligand1397-0
590,ACUTAU__ligand1828-0
591,ACUTAU__ligand115-0
592,ACUTAU__ligand13260-0
593,ACUTAU__ligand10582-0
594,ACUTAU__ligand5755-0
595,ACUTAU__ligand4710-0
596,ACUTAU__ligand11252-0
597,ACUTAU__ligand5085-0
598,ACUTAU__ligand3144-0
599,ACUTAU__ligand31000-0
600,ACUTAU__ligand3285-0
601,ACUTAU__ligand4795-0
602,ACUTAU__ligand833-0
603,ACUTAU__ligand11606-0
604,ACUTAU__ligand1908-0
605,ACUTAU__ligand20821-0
606,ACUTAU__ligand5630-0
607,ACUTAU__ligand26673-0
608,ACUTAU__ligand1786-0
609,ACUTAU__ligand1294-0
610,ACUTAU__ligand26324-0
611,ACUTAU__ligand28559-0
612,ACUTAU__ligand1168-0
613,ACUTAU__ligand14043-0
614,ACUTAU__ligand3677-0
615,ACUTAU__ligand3632-0
616,ACUTAU__ligand19927-0
617,ACUTAU__ligand783-0
618,ACUTAU__ligand352-0
619,ACUTAU__ligand27239-0
620,ACUTAU__ligand6699-0
621,ACUTAU__ligand21729-0
622,ACUTAU__ligand2881-0
623,ACUTAU__ligand1499-0
624,ACUTAU__ligand26529-0
625,ACUTAU__ligand16-0
626,ACUTAU__ligand1464-0
627,ACUTAU__ligand3712-0
628,ACUTAU__ligand1211-0
629,ACUTAU__ligand868-0
630,ACUTAU__ligand6892-0
631,ACUTAU__ligand11618-0
632,ACUTAU__ligand8000-0
633,ACUTAU__ligand3736-0
634,ACUTAU__ligand9344-0
635,ACUTAU__ligand32-0
636,ACUTAU__ligand22403-0
637,ACUTAU__ligand5383-0
638,ACUTAU__ligand2693-0
639,ACUTAU__ligand16369-0
640,ACUTAU__ligand11111-0
641,ACUTAU__ligand28540-0
642,ACUTAU__ligand27754-0
643,ACUTAU__ligand20695-0
644,ACUTAU__ligand3945-0
645,ACUTAU__ligand9299-0
646,ACUTAU__ligand29215-0
647,ACUTAU__ligand4007-0
648,ACUTAU__ligand2985-0
649,ACUTAU__ligand10872-0
650,ACUTAU__ligand9883-0
651,ACUTAU__ligand21399-0
652,ACUTAU__ligand3677-1
653,ACUTAU__ligand26631-0
654,ACUTAU__ligand16148-0
655,ACUTAU__ligand7291-0
656,ACUTAU__ligand197-0
657,ACUTAU__ligand12003-0
658,ACUTAU__ligand24872-0
659,ACUTAU__ligand2238-0
660,ACUTAU__ligand27840-0
661,ACUTAU__ligand5304-0
662,ACUTAU__ligand30728-0
663,ACUTAU__ligand9167-0
664,ACUTAU__ligand12001-0
665,ACUTAU__ligand3867-0
666,ACUTAU__ligand1317-0
667,ACUTAU__ligand7293-0
668,ACUTAU__ligand2822-0
669,ACUTAU__ligand10033-0
670,ACUTAU__ligand294-0
671,ACUTAU__ligand24644-0
672,ACUTAU__ligand48-0
673,ACUTAU__ligand22444-0
674,ACUTAU__ligand24111-0
675,ACUTAU__ligand1407-0
676,ACUTAU__ligand6117-0
677,ACUTAU__ligand14569-0
678,ACUTAU__ligand13385-0
679,ACUTAU__ligand685-0
680,ACUTAU__ligand8002-0
681,ACUTAU__ligand5509-0
682,ACUTAU__ligand17396-0
683,ACUTAU__ligand421-0
684,ACUTAU__ligand5080-0
685,ACUTAU__ligand15788-0
686,ACUTAU__ligand7762-0
687,ACUTAU__ligand23175-0
688,ACUTAU__ligand11587-0
689,ACUTAU__ligand13220-0
690,ACUTAU__ligand29486-0
691,ACUTAU__ligand235-0
692,ACUTAU__ligand51-0
693,ACUTAU__ligand134-0
694,ACUTAU__ligand5595-0
695,ACUTAU__ligand4101-0
696,ACUTAU__ligand31694-0
697,ACUTAU__ligand2221-0
698,ACUTAU__ligand17427-0
699,ACUTAU__ligand3926-0
700,ACUTAU__ligand3120-0
701,ACUTAU__ligand4358-0
702,ACUTAU__ligand8592-0
703,ACUTAU__ligand5099-0
704,ACUTAU__ligand22129-0
705,ACUTAU__ligand24780-0
706,ACUTAU__ligand1197-0
707,ACUTAU__ligand12138-0
708,ACUTAU__ligand2259-0
709,ACUTAU__ligand11949-0
710,ACUTAU__ligand1296-0
711,ACUTAU__ligand1376-0
712,ACUTAU__ligand25561-0
713,ACUTAU__ligand5510-0
714,ACUTAU__ligand91-0
715,ACUTAU__ligand560-0
716,ACUTAU__ligand9773-0
717,ACUTAU__ligand2124-0
718,ACUTAU__ligand15883-0
719,ACUTAU__ligand8612-0
720,ACUTAU__ligand2260-0
721,ACUTAU__ligand7092-0
722,ACUTAU__ligand1116-0
723,ACUTAU__ligand3225-0
724,ACUTAU__ligand1153-0
725,ACUTAU__ligand11970-0
726,ACUTAU__ligand9323-0
727,ACUTAU__ligand15926-0
728,ACUTAU__ligand55-0
729,ACUTAU__ligand7273-0
730,ACUTAU__ligand10828-0
731,ACUTAU__ligand19792-0
732,ACUTAU__ligand11447-0
733,ACUTAU__ligand11096-0
734,ACUTAU__ligand28810-0
735,ACUTAU__ligand7172-0
736,ACUTAU__ligand188-0
737,ACUTAU__ligand24230-0
738,ACUTAU__ligand5180-0
739,ACUTAU__ligand28743-0
740,ACUTAU__ligand564-0
741,ACUTAU__ligand15531-0
742,ACUTAU__ligand11357-0
743,ACUTAU__ligand13862-0
744,ACUTAU__ligand370-1
745,ACUTAU__ligand68-0
746,ACUTAU__ligand12365-0
747,ACUTAU__ligand10056-0
748,ACUTAU__ligand620-0
749,ACUTAU__ligand5708-0
750,ACUTAU__ligand21919-0
751,ACUTAU__ligand7316-0
752,ACUTAU__ligand311-0
753,ACUTAU__ligand22168-0
754,ACUTAU__ligand785-0
755,ACUTAU__ligand28930-0
756,ACUTAU__ligand6017-0
757,ACUTAU__ligand479-0
758,ACUTAU__ligand22294-0
759,ACUTAU__ligand5159-0
760,ACUTAU__ligand14614-0
761,ACUTAU__ligand7196-0
762,ACUTAU__ligand9753-0
763,ACUTAU__ligand16663-0
764,ACUTAU__ligand1356-0
765,ACUTAU__ligand1787-0
766,ACUTAU__ligand5530-0
767,ACUTAU__ligand31044-0
768,ACUTAU__ligand31842-0
769,ACUTAU__ligand370-0
770,ACUTAU__ligand3178-0
771,ACUTAU__ligand11994-0
772,ACUTAU__ligand24035-0
773,ACUTAU__ligand4807-0
774,ACUTAU__ligand3244-0
775,ACUTAU__ligand4711-0
776,ACUTAU__ligand11682-0
777,ACUTAU__ligand2906-0
778,ACUTAU__ligand20207-0
779,ACUTAU__ligand30711-0
780,ACUTAU__ligand250-0
781,ACUTAU__ligand25913-0
782,ACUTAU__ligand16988-0
783,ACUTAU__ligand4649-0
784,ACUTAU__ligand2788-0
785,ACUTAU__ligand5649-0
786,ACUTAU__ligand34-0
787,ACUTAU__ligand8793-0
788,ACUTAU__ligand5387-0
789,ACUTAU__ligand2203-0
790,ACUTAU__ligand19184-0
791,ACUTAU__ligand1289-0
792,ACUTAU__ligand12453-0
793,ACUTAU__ligand116-0
794,ACUTAU__ligand18448-0
795,ACUTAU__ligand28459-0
796,ACUTAU__ligand252-0
797,ACUTAU__ligand193-0
798,ACUTAU__ligand10371-0
799,ACUTAU__ligand9450-0
800,ACUTAU__ligand18568-0
801,ACUTAU__ligand28685-0
802,ACUTAU__ligand830-0
803,ACUTAU__ligand1599-0
804,ACUTAU__ligand372-0
805,ACUTAU__ligand13672-0
806,ACUTAU__ligand2612-0
807,ACUTAU__ligand1832-0
808,ACUTAU__ligand8788-0
809,ACUTAU__ligand909-0
810,ACUTAU__ligand29029-0
811,ACUTAU__ligand2043-0
812,ACUTAU__ligand27285-0
813,ACUTAU__ligand9943-0
814,ACUTAU__ligand1228-0
815,ACUTAU__ligand1604-0
816,ACUTAU__ligand23197-0
817,ACUTAU__ligand1114-0
818,ACUTAU__ligand9284-0
819,ACUTAU__ligand3126-0
820,ACUTAU__ligand6391-0
821,ACUTAU__ligand30142-0
822,ACUTAU__ligand27669-0
823,ACUTAU__ligand2417-0
824,ACUTAU__ligand14167-0
825,ACUTAU__ligand13477-0
826,ACUTAU__ligand177-0
827,ACUTAU__ligand57-0
