,TMC
0,VAWBIH__ligand17396-0
1,VAWBIH__ligand3565-0
2,VAWBIH__ligand15788-0
3,VAWBIH__ligand23175-0
4,VAWBIH__ligand11587-0
5,VAWBIH__ligand13220-0
6,VAWBIH__ligand1512-0
7,VAWBIH__ligand5331-0
8,VAWBIH__ligand3852-0
9,VAWBIH__ligand22444-0
10,VAWBIH__ligand24111-0
11,VAWBIH__ligand2485-0
12,VAWBIH__ligand6919-0
13,VAWBIH__ligand768-0
14,VAWBIH__ligand14569-0
15,VAWBIH__ligand18-0
16,VAWBIH__ligand13385-0
17,VAWBIH__ligand12001-0
18,VAWBIH__ligand384-0
19,VAWBIH__ligand3094-0
20,VAWBIH__ligand4155-0
21,VAWBIH__ligand10033-0
22,VAWBIH__ligand5211-0
23,VAWBIH__ligand24644-0
24,VAWBIH__ligand8969-0
25,VAWBIH__ligand24872-0
26,VAWBIH__ligand3174-0
27,VAWBIH__ligand3937-0
28,VAWBIH__ligand1202-0
29,VAWBIH__ligand3131-0
30,VAWBIH__ligand6839-0
31,VAWBIH__ligand27840-0
32,VAWBIH__ligand4720-0
33,VAWBIH__ligand30728-0
34,VAWBIH__ligand7106-0
35,VAWBIH__ligand7242-0
36,VAWBIH__ligand25561-0
37,VAWBIH__ligand22129-0
38,VAWBIH__ligand141-0
39,VAWBIH__ligand24780-0
40,VAWBIH__ligand12138-0
41,VAWBIH__ligand240-0
42,VAWBIH__ligand11949-0
43,VAWBIH__ligand1263-0
44,VAWBIH__ligand9908-0
45,VAWBIH__ligand1536-0
46,VAWBIH__ligand1573-0
47,VAWBIH__ligand17427-0
48,VAWBIH__ligand9935-0
49,VAWBIH__ligand3504-0
50,VAWBIH__ligand1959-0
51,VAWBIH__ligand29486-0
52,VAWBIH__ligand1844-0
53,VAWBIH__ligand4661-0
54,VAWBIH__ligand3718-0
55,VAWBIH__ligand1343-0
56,VAWBIH__ligand3876-0
57,VAWBIH__ligand3035-0
58,VAWBIH__ligand6616-0
59,VAWBIH__ligand31694-0
60,VAWBIH__ligand4016-0
61,VAWBIH__ligand1219-0
62,VAWBIH__ligand6709-0
63,VAWBIH__ligand7867-0
64,VAWBIH__ligand11618-0
65,VAWBIH__ligand1790-0
66,VAWBIH__ligand1304-0
67,VAWBIH__ligand7280-0
68,VAWBIH__ligand26529-0
69,VAWBIH__ligand7238-0
70,VAWBIH__ligand9784-0
71,VAWBIH__ligand27239-0
72,VAWBIH__ligand7629-0
73,VAWBIH__ligand21729-0
74,VAWBIH__ligand1451-0
75,VAWBIH__ligand4272-0
76,VAWBIH__ligand26324-0
77,VAWBIH__ligand4442-0
78,VAWBIH__ligand4093-0
79,VAWBIH__ligand28559-0
80,VAWBIH__ligand3954-0
81,VAWBIH__ligand693-0
82,VAWBIH__ligand14043-0
83,VAWBIH__ligand19927-0
84,VAWBIH__ligand8699-0
85,VAWBIH__ligand1160-0
86,VAWBIH__ligand9520-0
87,VAWBIH__ligand5256-0
88,VAWBIH__ligand10872-0
89,VAWBIH__ligand9833-0
90,VAWBIH__ligand2828-0
91,VAWBIH__ligand8876-0
92,VAWBIH__ligand7648-0
93,VAWBIH__ligand21399-0
94,VAWBIH__ligand16148-0
95,VAWBIH__ligand26631-0
96,VAWBIH__ligand4157-0
97,VAWBIH__ligand12003-0
98,VAWBIH__ligand757-0
99,VAWBIH__ligand122-0
100,VAWBIH__ligand2232-0
101,VAWBIH__ligand9291-0
102,VAWBIH__ligand29215-0
103,VAWBIH__ligand2176-0
104,VAWBIH__ligand1982-0
105,VAWBIH__ligand16369-0
106,VAWBIH__ligand7000-0
107,VAWBIH__ligand11111-0
108,VAWBIH__ligand8115-0
109,VAWBIH__ligand28540-0
110,VAWBIH__ligand6768-0
111,VAWBIH__ligand1285-0
112,VAWBIH__ligand27754-0
113,VAWBIH__ligand20695-0
114,VAWBIH__ligand4503-0
115,VAWBIH__ligand22403-0
116,VAWBIH__ligand4546-0
117,VAWBIH__ligand28685-0
118,VAWBIH__ligand9601-0
119,VAWBIH__ligand18568-0
120,VAWBIH__ligand13672-0
121,VAWBIH__ligand163-0
122,VAWBIH__ligand126-0
123,VAWBIH__ligand8992-0
124,VAWBIH__ligand66-0
125,VAWBIH__ligand4116-0
126,VAWBIH__ligand1018-0
127,VAWBIH__ligand10371-0
128,VAWBIH__ligand7967-0
129,VAWBIH__ligand3707-0
130,VAWBIH__ligand6124-0
131,VAWBIH__ligand8721-0
132,VAWBIH__ligand18448-0
133,VAWBIH__ligand12453-0
134,VAWBIH__ligand28459-0
135,VAWBIH__ligand1324-0
136,VAWBIH__ligand845-0
137,VAWBIH__ligand1823-0
138,VAWBIH__ligand5643-0
139,VAWBIH__ligand1615-0
140,VAWBIH__ligand2526-0
141,VAWBIH__ligand5036-0
142,VAWBIH__ligand19184-0
143,VAWBIH__ligand9952-0
144,VAWBIH__ligand9111-0
145,VAWBIH__ligand30142-0
146,VAWBIH__ligand2332-0
147,VAWBIH__ligand9441-0
148,VAWBIH__ligand27669-0
149,VAWBIH__ligand13477-0
150,VAWBIH__ligand14167-0
151,VAWBIH__ligand366-0
152,VAWBIH__ligand187-0
153,VAWBIH__ligand9933-0
154,VAWBIH__ligand1530-0
155,VAWBIH__ligand1575-0
156,VAWBIH__ligand657-0
157,VAWBIH__ligand1631-0
158,VAWBIH__ligand596-0
159,VAWBIH__ligand941-0
160,VAWBIH__ligand2915-0
161,VAWBIH__ligand23197-0
162,VAWBIH__ligand3156-0
163,VAWBIH__ligand1378-0
164,VAWBIH__ligand777-0
165,VAWBIH__ligand29029-0
166,VAWBIH__ligand42-0
167,VAWBIH__ligand27285-0
168,VAWBIH__ligand6244-0
169,VAWBIH__ligand7819-0
170,VAWBIH__ligand21919-0
171,VAWBIH__ligand201-0
172,VAWBIH__ligand2917-0
173,VAWBIH__ligand28930-0
174,VAWBIH__ligand22168-0
175,VAWBIH__ligand22294-0
176,VAWBIH__ligand3465-0
177,VAWBIH__ligand15531-0
178,VAWBIH__ligand28743-0
179,VAWBIH__ligand11357-0
180,VAWBIH__ligand13862-0
181,VAWBIH__ligand3721-0
182,VAWBIH__ligand6904-0
183,VAWBIH__ligand6596-0
184,VAWBIH__ligand6102-0
185,VAWBIH__ligand10056-0
186,VAWBIH__ligand12365-0
187,VAWBIH__ligand321-0
188,VAWBIH__ligand15926-0
189,VAWBIH__ligand10828-0
190,VAWBIH__ligand19792-0
191,VAWBIH__ligand11447-0
192,VAWBIH__ligand11096-0
193,VAWBIH__ligand38-0
194,VAWBIH__ligand28810-0
195,VAWBIH__ligand4620-0
196,VAWBIH__ligand24230-0
197,VAWBIH__ligand178-0
198,VAWBIH__ligand15883-0
199,VAWBIH__ligand1577-0
200,VAWBIH__ligand6067-0
201,VAWBIH__ligand2295-0
202,VAWBIH__ligand279-0
203,VAWBIH__ligand185-0
204,VAWBIH__ligand11970-0
205,VAWBIH__ligand4641-0
206,VAWBIH__ligand25913-0
207,VAWBIH__ligand16988-0
208,VAWBIH__ligand11682-0
209,VAWBIH__ligand20207-0
210,VAWBIH__ligand30711-0
211,VAWBIH__ligand31842-0
212,VAWBIH__ligand31044-0
213,VAWBIH__ligand1142-0
214,VAWBIH__ligand3234-0
215,VAWBIH__ligand11994-0
216,VAWBIH__ligand24035-0
217,VAWBIH__ligand14614-0
218,VAWBIH__ligand2028-0
219,VAWBIH__ligand8835-0
220,VAWBIH__ligand338-0
221,VAWBIH__ligand7126-0
222,VAWBIH__ligand16663-0
223,VAWBIH__ligand18019-1
224,VAWBIH__ligand9148-0
225,VAWBIH__ligand14007-0
226,VAWBIH__ligand692-0
227,VAWBIH__ligand7529-0
228,VAWBIH__ligand436-0
229,VAWBIH__ligand6946-0
230,VAWBIH__ligand1415-0
231,VAWBIH__ligand27550-0
232,VAWBIH__ligand2830-0
233,VAWBIH__ligand326-0
234,VAWBIH__ligand5627-0
235,VAWBIH__ligand16956-0
236,VAWBIH__ligand21339-0
237,VAWBIH__ligand14226-0
238,VAWBIH__ligand1729-0
239,VAWBIH__ligand20942-1
240,VAWBIH__ligand18158-0
241,VAWBIH__ligand27771-0
242,VAWBIH__ligand5483-0
243,VAWBIH__ligand29565-0
244,VAWBIH__ligand5316-0
245,VAWBIH__ligand23682-0
246,VAWBIH__ligand497-0
247,VAWBIH__ligand1065-0
248,VAWBIH__ligand11798-0
249,VAWBIH__ligand7530-0
250,VAWBIH__ligand29334-0
251,VAWBIH__ligand1449-0
252,VAWBIH__ligand12413-0
253,VAWBIH__ligand20731-0
254,VAWBIH__ligand3012-0
255,VAWBIH__ligand4332-0
256,VAWBIH__ligand17445-0
257,VAWBIH__ligand17069-0
258,VAWBIH__ligand633-0
259,VAWBIH__ligand14477-0
260,VAWBIH__ligand9681-0
261,VAWBIH__ligand11544-0
262,VAWBIH__ligand11501-0
263,VAWBIH__ligand6455-0
264,VAWBIH__ligand6882-0
265,VAWBIH__ligand29214-0
266,VAWBIH__ligand3934-0
267,VAWBIH__ligand11758-0
268,VAWBIH__ligand22357-0
269,VAWBIH__ligand8-0
270,VAWBIH__ligand2403-0
271,VAWBIH__ligand21448-0
272,VAWBIH__ligand199-0
273,VAWBIH__ligand3973-0
274,VAWBIH__ligand20557-0
275,VAWBIH__ligand1147-0
276,VAWBIH__ligand30004-0
277,VAWBIH__ligand24-0
278,VAWBIH__ligand2068-0
279,VAWBIH__ligand7925-0
280,VAWBIH__ligand4194-0
281,VAWBIH__ligand23445-0
282,VAWBIH__ligand24953-0
283,VAWBIH__ligand300-0
284,VAWBIH__ligand20432-0
285,VAWBIH__ligand27122-0
286,VAWBIH__ligand7532-0
287,VAWBIH__ligand13755-0
288,VAWBIH__ligand16133-0
289,VAWBIH__ligand19-0
290,VAWBIH__ligand588-0
291,VAWBIH__ligand2599-0
292,VAWBIH__ligand25048-0
293,VAWBIH__ligand4330-0
294,VAWBIH__ligand21940-0
295,VAWBIH__ligand78-0
296,VAWBIH__ligand361-0
297,VAWBIH__ligand324-0
298,VAWBIH__ligand6283-0
299,VAWBIH__ligand409-0
300,VAWBIH__ligand21752-0
301,VAWBIH__ligand6062-0
302,VAWBIH__ligand13691-0
303,VAWBIH__ligand30788-0
304,VAWBIH__ligand4813-0
305,VAWBIH__ligand5813-0
306,VAWBIH__ligand14339-0
307,VAWBIH__ligand4738-0
308,VAWBIH__ligand3215-0
309,VAWBIH__ligand7107-0
310,VAWBIH__ligand24624-0
311,VAWBIH__ligand20844-0
312,VAWBIH__ligand18413-0
313,VAWBIH__ligand45-0
314,VAWBIH__ligand24560-0
315,VAWBIH__ligand18757-0
316,VAWBIH__ligand15455-0
317,VAWBIH__ligand1533-0
318,VAWBIH__ligand11177-0
319,VAWBIH__ligand25658-0
320,VAWBIH__ligand17686-0
321,VAWBIH__ligand31205-0
322,VAWBIH__ligand1496-0
323,VAWBIH__ligand7557-0
324,VAWBIH__ligand488-0
325,VAWBIH__ligand1712-0
326,VAWBIH__ligand4131-0
327,VAWBIH__ligand16603-0
328,VAWBIH__ligand358-0
329,VAWBIH__ligand11814-0
330,VAWBIH__ligand430-0
331,VAWBIH__ligand694-0
332,VAWBIH__ligand11622-0
333,VAWBIH__ligand5892-0
334,VAWBIH__ligand5094-0
335,VAWBIH__ligand16870-0
336,VAWBIH__ligand3029-0
337,VAWBIH__ligand7162-0
338,VAWBIH__ligand20821-0
339,VAWBIH__ligand2328-0
340,VAWBIH__ligand26673-0
341,VAWBIH__ligand4581-0
342,VAWBIH__ligand1773-0
343,VAWBIH__ligand31000-0
344,VAWBIH__ligand1900-0
345,VAWBIH__ligand9197-0
346,VAWBIH__ligand11606-0
347,VAWBIH__ligand534-0
348,VAWBIH__ligand571-0
349,VAWBIH__ligand13260-0
350,VAWBIH__ligand10582-0
351,VAWBIH__ligand11252-0
352,VAWBIH__ligand670-0
353,VAWBIH__ligand2208-0
354,VAWBIH__ligand3208-0
355,VAWBIH__ligand18067-0
356,VAWBIH__ligand3350-0
357,VAWBIH__ligand19824-0
358,VAWBIH__ligand2781-0
359,VAWBIH__ligand7573-0
360,VAWBIH__ligand1327-0
361,VAWBIH__ligand6672-0
362,VAWBIH__ligand9809-0
363,VAWBIH__ligand8722-0
364,VAWBIH__ligand2527-0
365,VAWBIH__ligand10151-0
366,VAWBIH__ligand8464-0
367,VAWBIH__ligand1709-0
368,VAWBIH__ligand8349-0
369,VAWBIH__ligand67-0
370,VAWBIH__ligand4911-0
371,VAWBIH__ligand1771-0
372,VAWBIH__ligand383-0
373,VAWBIH__ligand3392-0
374,VAWBIH__ligand22353-0
375,VAWBIH__ligand416-0
376,VAWBIH__ligand226-0
377,VAWBIH__ligand19668-0
378,VAWBIH__ligand162-0
379,VAWBIH__ligand5849-0
380,VAWBIH__ligand19906-0
381,VAWBIH__ligand10853-0
382,VAWBIH__ligand1379-0
383,VAWBIH__ligand29441-0
384,VAWBIH__ligand2722-0
385,VAWBIH__ligand43-0
386,VAWBIH__ligand5935-0
387,VAWBIH__ligand11479-0
388,VAWBIH__ligand10479-0
389,VAWBIH__ligand27610-0
390,VAWBIH__ligand11698-0
391,VAWBIH__ligand1165-0
392,VAWBIH__ligand20530-0
393,VAWBIH__ligand9525-0
394,VAWBIH__ligand14302-0
395,VAWBIH__ligand14347-0
396,VAWBIH__ligand13657-0
397,VAWBIH__ligand24851-0
398,VAWBIH__ligand3157-0
399,VAWBIH__ligand696-0
400,VAWBIH__ligand1688-0
401,VAWBIH__ligand15387-0
402,VAWBIH__ligand3647-0
403,VAWBIH__ligand20121-0
404,VAWBIH__ligand5357-0
405,VAWBIH__ligand656-0
406,VAWBIH__ligand4850-0
407,VAWBIH__ligand20220-0
408,VAWBIH__ligand5056-0
409,VAWBIH__ligand16952-0
410,VAWBIH__ligand29813-0
411,VAWBIH__ligand1768-0
412,VAWBIH__ligand3871-0
413,VAWBIH__ligand1469-0
414,VAWBIH__ligand9615-0
415,VAWBIH__ligand177-0
416,VAWBIH__ligand10555-0
417,VAWBIH__ligand1154-0
418,VAWBIH__ligand31483-0
419,VAWBIH__ligand4596-0
420,VAWBIH__ligand19725-0
421,VAWBIH__ligand1498-0
422,VAWBIH__ligand24613-0
423,VAWBIH__ligand11774-0
424,VAWBIH__ligand14586-0
425,VAWBIH__ligand21421-0
426,VAWBIH__ligand8529-0
427,VAWBIH__ligand11568-0
428,VAWBIH__ligand909-0
429,VAWBIH__ligand1169-0
430,VAWBIH__ligand17710-0
431,VAWBIH__ligand20579-0
432,VAWBIH__ligand1050-0
433,VAWBIH__ligand1015-0
434,VAWBIH__ligand17590-0
435,VAWBIH__ligand830-0
436,VAWBIH__ligand2027-0
437,VAWBIH__ligand17240-0
438,VAWBIH__ligand372-0
439,VAWBIH__ligand12682-0
440,VAWBIH__ligand18699-0
441,VAWBIH__ligand193-0
442,VAWBIH__ligand2692-0
443,VAWBIH__ligand116-0
444,VAWBIH__ligand1618-0
445,VAWBIH__ligand252-0
446,VAWBIH__ligand12336-0
447,VAWBIH__ligand4262-0
448,VAWBIH__ligand13072-0
449,VAWBIH__ligand1028-0
450,VAWBIH__ligand250-0
451,VAWBIH__ligand5415-0
452,VAWBIH__ligand28924-0
453,VAWBIH__ligand15438-0
454,VAWBIH__ligand4124-0
455,VAWBIH__ligand18703-0
456,VAWBIH__ligand4161-0
457,VAWBIH__ligand3471-0
458,VAWBIH__ligand11-0
459,VAWBIH__ligand29087-0
460,VAWBIH__ligand17207-0
461,VAWBIH__ligand31578-0
462,VAWBIH__ligand370-0
463,VAWBIH__ligand2823-0
464,VAWBIH__ligand17945-0
465,VAWBIH__ligand69-0
466,VAWBIH__ligand25224-0
467,VAWBIH__ligand18013-0
468,VAWBIH__ligand6995-0
469,VAWBIH__ligand3180-0
470,VAWBIH__ligand2281-0
471,VAWBIH__ligand24750-0
472,VAWBIH__ligand2650-0
473,VAWBIH__ligand4340-0
474,VAWBIH__ligand7566-0
475,VAWBIH__ligand22755-0
476,VAWBIH__ligand10432-0
477,VAWBIH__ligand31618-0
478,VAWBIH__ligand11432-0
479,VAWBIH__ligand479-0
480,VAWBIH__ligand26277-0
481,VAWBIH__ligand2001-0
482,VAWBIH__ligand29898-0
483,VAWBIH__ligand311-0
484,VAWBIH__ligand785-0
485,VAWBIH__ligand9944-0
486,VAWBIH__ligand8593-0
487,VAWBIH__ligand564-0
488,VAWBIH__ligand620-0
489,VAWBIH__ligand370-1
490,VAWBIH__ligand1113-0
491,VAWBIH__ligand8553-0
492,VAWBIH__ligand23589-0
493,VAWBIH__ligand24064-0
494,VAWBIH__ligand188-0
495,VAWBIH__ligand15168-0
496,VAWBIH__ligand5201-0
497,VAWBIH__ligand11206-0
498,VAWBIH__ligand23124-0
499,VAWBIH__ligand560-0
500,VAWBIH__ligand12519-0
501,VAWBIH__ligand25735-0
502,VAWBIH__ligand5515-0
503,VAWBIH__ligand6663-0
504,VAWBIH__ligand5614-0
505,VAWBIH__ligand5280-0
506,VAWBIH__ligand1831-0
507,VAWBIH__ligand49-0
508,VAWBIH__ligand1849-0
509,VAWBIH__ligand89-0
510,VAWBIH__ligand31248-0
511,VAWBIH__ligand25650-0
512,VAWBIH__ligand1216-0
513,VAWBIH__ligand13209-0
514,VAWBIH__ligand19257-0
515,VAWBIH__ligand235-0
516,VAWBIH__ligand3261-0
517,VAWBIH__ligand1152-0
518,VAWBIH__ligand5019-0
519,VAWBIH__ligand134-0
520,VAWBIH__ligand12660-0
521,VAWBIH__ligand6112-0
522,VAWBIH__ligand421-0
523,VAWBIH__ligand8042-0
524,VAWBIH__ligand1397-0
525,VAWBIH__ligand25575-0
526,VAWBIH__ligand21787-0
527,VAWBIH__ligand7213-0
528,VAWBIH__ligand25689-0
529,VAWBIH__ligand1828-0
530,VAWBIH__ligand12295-0
531,VAWBIH__ligand27835-0
532,VAWBIH__ligand4710-0
533,VAWBIH__ligand5755-0
534,VAWBIH__ligand685-0
535,VAWBIH__ligand3144-0
536,VAWBIH__ligand5085-0
537,VAWBIH__ligand21132-0
538,VAWBIH__ligand3285-0
539,VAWBIH__ligand4795-0
540,VAWBIH__ligand11166-0
541,VAWBIH__ligand23906-0
542,VAWBIH__ligand1908-0
543,VAWBIH__ligand294-0
544,VAWBIH__ligand5630-0
545,VAWBIH__ligand30539-0
546,VAWBIH__ligand1786-0
547,VAWBIH__ligand1149-0
548,VAWBIH__ligand23904-0
549,VAWBIH__ligand3557-0
550,VAWBIH__ligand3980-0
551,VAWBIH__ligand197-0
552,VAWBIH__ligand13257-0
553,VAWBIH__ligand21936-0
554,VAWBIH__ligand7075-0
555,VAWBIH__ligand4-0
556,VAWBIH__ligand12467-0
557,VAWBIH__ligand9750-0
558,VAWBIH__ligand1817-0
559,VAWBIH__ligand6993-0
560,VAWBIH__ligand25267-0
561,VAWBIH__ligand10084-0
562,VAWBIH__ligand1779-0
563,VAWBIH__ligand14523-0
564,VAWBIH__ligand27169-0
565,VAWBIH__ligand18391-0
566,VAWBIH__ligand4167-0
567,VAWBIH__ligand17-0
568,VAWBIH__ligand9491-0
569,VAWBIH__ligand4266-0
570,VAWBIH__ligand1400-0
571,VAWBIH__ligand25805-0
572,VAWBIH__ligand22981-0
573,VAWBIH__ligand20599-0
574,VAWBIH__ligand27074-0
575,VAWBIH__ligand1288-0
576,VAWBIH__ligand4207-0
577,VAWBIH__ligand18465-0
578,VAWBIH__ligand18799-0
579,VAWBIH__ligand3416-0
580,VAWBIH__ligand3453-0
581,VAWBIH__ligand868-0
582,VAWBIH__ligand1150-0
583,VAWBIH__ligand28668-0
584,VAWBIH__ligand16791-0
585,VAWBIH__ligand1539-0
586,VAWBIH__ligand11140-0
587,VAWBIH__ligand4063-0
588,VAWBIH__ligand8200-0
589,VAWBIH__ligand29610-0
590,VAWBIH__ligand7438-0
591,VAWBIH__ligand29863-0
592,VAWBIH__ligand13869-0
593,VAWBIH__ligand18074-0
594,VAWBIH__ligand783-0
595,VAWBIH__ligand352-0
596,VAWBIH__ligand3042-0
597,VAWBIH__ligand27763-0
598,VAWBIH__ligand10262-0
599,VAWBIH__ligand28676-0
600,VAWBIH__ligand2238-0
601,VAWBIH__ligand5304-0
602,VAWBIH__ligand9167-0
603,VAWBIH__ligand29302-0
604,VAWBIH__ligand13425-0
605,VAWBIH__ligand2822-0
606,VAWBIH__ligand3-0
607,VAWBIH__ligand7293-0
608,VAWBIH__ligand1317-0
609,VAWBIH__ligand3867-0
610,VAWBIH__ligand833-0
611,VAWBIH__ligand68-0
612,VAWBIH__ligand19057-0
613,VAWBIH__ligand18814-0
614,VAWBIH__ligand55-0
615,VAWBIH__ligand1407-0
616,VAWBIH__ligand6117-0
617,VAWBIH__ligand14108-0
618,VAWBIH__ligand5509-0
619,VAWBIH__ligand8002-0
620,VAWBIH__ligand10958-0
621,VAWBIH__ligand7762-0
622,VAWBIH__ligand5080-0
623,VAWBIH__ligand115-0
624,VAWBIH__ligand12641-0
625,VAWBIH__ligand25178-0
626,VAWBIH__ligand368-0
627,VAWBIH__ligand395-0
628,VAWBIH__ligand23769-0
629,VAWBIH__ligand4101-0
630,VAWBIH__ligand24185-0
631,VAWBIH__ligand5595-0
632,VAWBIH__ligand34-0
633,VAWBIH__ligand2221-0
634,VAWBIH__ligand17805-0
635,VAWBIH__ligand3120-0
636,VAWBIH__ligand3926-0
637,VAWBIH__ligand4358-0
638,VAWBIH__ligand17302-0
639,VAWBIH__ligand12231-0
640,VAWBIH__ligand5099-0
641,VAWBIH__ligand8592-0
642,VAWBIH__ligand1197-0
643,VAWBIH__ligand17387-0
644,VAWBIH__ligand12130-0
645,VAWBIH__ligand2259-0
646,VAWBIH__ligand13658-0
647,VAWBIH__ligand26702-0
648,VAWBIH__ligand1296-0
649,VAWBIH__ligand12289-0
650,VAWBIH__ligand18292-0
651,VAWBIH__ligand19830-0
652,VAWBIH__ligand13068-0
653,VAWBIH__ligand10476-0
654,VAWBIH__ligand24145-0
655,VAWBIH__ligand5510-0
656,VAWBIH__ligand1376-0
657,VAWBIH__ligand9773-0
658,VAWBIH__ligand15585-0
659,VAWBIH__ligand12401-0
660,VAWBIH__ligand784-0
661,VAWBIH__ligand19641-0
662,VAWBIH__ligand1294-0
663,VAWBIH__ligand15422-0
664,VAWBIH__ligand1168-0
665,VAWBIH__ligand20578-0
666,VAWBIH__ligand12934-0
667,VAWBIH__ligand3632-0
668,VAWBIH__ligand3677-0
669,VAWBIH__ligand27893-0
670,VAWBIH__ligand14723-0
671,VAWBIH__ligand30988-0
672,VAWBIH__ligand6699-0
673,VAWBIH__ligand487-0
674,VAWBIH__ligand23713-0
675,VAWBIH__ligand18832-0
676,VAWBIH__ligand27175-0
677,VAWBIH__ligand2881-0
678,VAWBIH__ligand26665-0
679,VAWBIH__ligand746-0
680,VAWBIH__ligand13012-0
681,VAWBIH__ligand1499-0
682,VAWBIH__ligand17631-0
683,VAWBIH__ligand17258-0
684,VAWBIH__ligand1464-0
685,VAWBIH__ligand3712-0
686,VAWBIH__ligand14297-0
687,VAWBIH__ligand447-0
688,VAWBIH__ligand14603-0
689,VAWBIH__ligand1211-0
690,VAWBIH__ligand31783-0
691,VAWBIH__ligand176-0
692,VAWBIH__ligand6892-0
693,VAWBIH__ligand29410-0
694,VAWBIH__ligand8000-0
695,VAWBIH__ligand12337-0
696,VAWBIH__ligand3736-0
697,VAWBIH__ligand26540-0
698,VAWBIH__ligand9344-0
699,VAWBIH__ligand17281-0
700,VAWBIH__ligand30296-0
701,VAWBIH__ligand57-0
702,VAWBIH__ligand5383-0
703,VAWBIH__ligand2693-0
704,VAWBIH__ligand152-0
705,VAWBIH__ligand12606-0
706,VAWBIH__ligand3945-0
707,VAWBIH__ligand30333-0
708,VAWBIH__ligand506-0
709,VAWBIH__ligand9299-0
710,VAWBIH__ligand27460-0
711,VAWBIH__ligand2985-0
712,VAWBIH__ligand4007-0
713,VAWBIH__ligand16628-0
714,VAWBIH__ligand9883-0
715,VAWBIH__ligand3677-1
716,VAWBIH__ligand1-0
717,VAWBIH__ligand7291-0
718,VAWBIH__ligand28468-0
719,VAWBIH__ligand20740-0
720,VAWBIH__ligand12427-0
721,VAWBIH__ligand10589-0
722,VAWBIH__ligand22557-0
723,VAWBIH__ligand24047-0
724,VAWBIH__ligand11675-0
725,VAWBIH__ligand686-0
726,VAWBIH__ligand20598-0
727,VAWBIH__ligand17398-0
728,VAWBIH__ligand2203-0
729,VAWBIH__ligand5387-0
730,VAWBIH__ligand1289-0
731,VAWBIH__ligand16-0
732,VAWBIH__ligand29414-0
733,VAWBIH__ligand422-0
734,VAWBIH__ligand17982-0
735,VAWBIH__ligand17278-0
736,VAWBIH__ligand20011-0
737,VAWBIH__ligand20251-1
738,VAWBIH__ligand9450-0
739,VAWBIH__ligand1599-0
740,VAWBIH__ligand14703-0
741,VAWBIH__ligand16475-0
742,VAWBIH__ligand196-0
743,VAWBIH__ligand2612-0
744,VAWBIH__ligand8788-0
745,VAWBIH__ligand1832-0
746,VAWBIH__ligand17261-0
747,VAWBIH__ligand353-0
748,VAWBIH__ligand14117-0
749,VAWBIH__ligand2043-0
750,VAWBIH__ligand31097-0
751,VAWBIH__ligand21581-0
752,VAWBIH__ligand9943-0
753,VAWBIH__ligand1228-0
754,VAWBIH__ligand20251-0
755,VAWBIH__ligand20214-0
756,VAWBIH__ligand30702-0
757,VAWBIH__ligand1604-0
758,VAWBIH__ligand20539-0
759,VAWBIH__ligand30851-0
760,VAWBIH__ligand1114-0
761,VAWBIH__ligand14889-0
762,VAWBIH__ligand9284-0
763,VAWBIH__ligand3126-0
764,VAWBIH__ligand6391-0
765,VAWBIH__ligand29568-0
766,VAWBIH__ligand28789-0
767,VAWBIH__ligand17118-0
768,VAWBIH__ligand2417-0
769,VAWBIH__ligand32-0
770,VAWBIH__ligand21371-0
771,VAWBIH__ligand393-0
772,VAWBIH__ligand20419-0
773,VAWBIH__ligand2124-0
774,VAWBIH__ligand13208-0
775,VAWBIH__ligand8612-0
776,VAWBIH__ligand3225-0
777,VAWBIH__ligand1153-0
778,VAWBIH__ligand27482-0
779,VAWBIH__ligand1116-0
780,VAWBIH__ligand7092-0
781,VAWBIH__ligand26810-0
782,VAWBIH__ligand2260-0
783,VAWBIH__ligand618-0
784,VAWBIH__ligand391-0
785,VAWBIH__ligand9323-0
786,VAWBIH__ligand7273-0
787,VAWBIH__ligand7172-0
788,VAWBIH__ligand5180-0
789,VAWBIH__ligand780-0
790,VAWBIH__ligand314-0
791,VAWBIH__ligand813-0
792,VAWBIH__ligand13390-0
793,VAWBIH__ligand48-0
794,VAWBIH__ligand5708-0
795,VAWBIH__ligand7316-0
796,VAWBIH__ligand20682-0
797,VAWBIH__ligand6017-0
798,VAWBIH__ligand11456-0
799,VAWBIH__ligand5159-0
800,VAWBIH__ligand7196-0
801,VAWBIH__ligand9753-0
802,VAWBIH__ligand10712-0
803,VAWBIH__ligand14174-0
804,VAWBIH__ligand91-0
805,VAWBIH__ligand5530-0
806,VAWBIH__ligand1356-0
807,VAWBIH__ligand1787-0
808,VAWBIH__ligand3178-0
809,VAWBIH__ligand314-1
810,VAWBIH__ligand25411-0
811,VAWBIH__ligand4807-0
812,VAWBIH__ligand13294-0
813,VAWBIH__ligand4711-0
814,VAWBIH__ligand3244-0
815,VAWBIH__ligand31832-0
816,VAWBIH__ligand2906-0
817,VAWBIH__ligand465-0
818,VAWBIH__ligand13331-0
819,VAWBIH__ligand28884-0
820,VAWBIH__ligand51-0
821,VAWBIH__ligand29879-0
822,VAWBIH__ligand14248-0
823,VAWBIH__ligand8793-0
824,VAWBIH__ligand2788-0
825,VAWBIH__ligand5649-0
826,VAWBIH__ligand4649-0
827,VAWBIH__ligand12030-0
