,TMC
0,FORNIJ__ligand1687-0
1,FORNIJ__ligand851-0
2,FORNIJ__ligand1951-0
3,FORNIJ__ligand909-0
4,FORNIJ__ligand6277-0
5,FORNIJ__ligand1376-0
6,FORNIJ__ligand2768-0
7,FORNIJ__ligand934-0
8,FORNIJ__ligand177-0
9,FORNIJ__ligand2259-0
10,FORNIJ__ligand67-0
11,FORNIJ__ligand2688-0
12,FORNIJ__ligand10479-0
13,FORNIJ__ligand955-0
14,FORNIJ__ligand6-0
15,FORNIJ__ligand252-0
16,FORNIJ__ligand830-0
17,FORNIJ__ligand4381-0
18,FORNIJ__ligand2629-0
19,FORNIJ__ligand193-0
20,FORNIJ__ligand3734-0
21,FORNIJ__ligand1706-0
22,FORNIJ__ligand10114-0
23,FORNIJ__ligand370-0
24,FORNIJ__ligand1171-0
25,FORNIJ__ligand10910-0
26,FORNIJ__ligand4-0
27,FORNIJ__ligand250-0
28,FORNIJ__ligand3063-0
29,FORNIJ__ligand1438-0
30,FORNIJ__ligand5801-0
31,FORNIJ__ligand460-0
32,FORNIJ__ligand1459-0
33,FORNIJ__ligand188-0
34,FORNIJ__ligand1544-0
35,FORNIJ__ligand444-0
36,FORNIJ__ligand369-0
37,FORNIJ__ligand14530-0
38,FORNIJ__ligand1685-0
39,FORNIJ__ligand311-0
40,FORNIJ__ligand3757-0
41,FORNIJ__ligand2087-0
42,FORNIJ__ligand1048-0
43,FORNIJ__ligand390-0
44,FORNIJ__ligand9244-0
45,FORNIJ__ligand1228-0
46,FORNIJ__ligand235-0
47,FORNIJ__ligand932-0
48,FORNIJ__ligand134-0
49,FORNIJ__ligand109-0
50,FORNIJ__ligand560-0
51,FORNIJ__ligand525-0
52,FORNIJ__ligand1538-0
53,FORNIJ__ligand1114-0
54,FORNIJ__ligand993-0
55,FORNIJ__ligand294-0
56,FORNIJ__ligand3246-0
57,FORNIJ__ligand78-0
58,FORNIJ__ligand331-0
59,FORNIJ__ligand85-0
60,FORNIJ__ligand798-0
61,FORNIJ__ligand421-0
62,FORNIJ__ligand1148-0
63,FORNIJ__ligand45-0
64,FORNIJ__ligand916-0
65,FORNIJ__ligand584-0
66,FORNIJ__ligand1479-0
67,FORNIJ__ligand6332-0
68,FORNIJ__ligand3178-0
69,FORNIJ__ligand2863-0
70,FORNIJ__ligand2098-0
71,FORNIJ__ligand6502-0
72,FORNIJ__ligand112-0
73,FORNIJ__ligand296-0
74,FORNIJ__ligand1747-0
75,FORNIJ__ligand6686-0
76,FORNIJ__ligand197-0
77,FORNIJ__ligand7915-0
78,FORNIJ__ligand5548-0
79,FORNIJ__ligand3145-0
80,FORNIJ__ligand2751-0
81,FORNIJ__ligand783-0
82,FORNIJ__ligand352-0
83,FORNIJ__ligand2634-0
84,FORNIJ__ligand1542-0
85,FORNIJ__ligand442-0
86,FORNIJ__ligand868-0
87,FORNIJ__ligand136-0
88,FORNIJ__ligand3041-0
89,FORNIJ__ligand40-0
90,FORNIJ__ligand2864-0
91,FORNIJ__ligand115-0
92,FORNIJ__ligand6538-0
93,FORNIJ__ligand291-0
94,FORNIJ__ligand9495-0
95,FORNIJ__ligand6151-0
96,FORNIJ__ligand2772-0
97,FORNIJ__ligand2142-0
98,FORNIJ__ligand38-0
99,FORNIJ__ligand2838-0
100,FORNIJ__ligand3838-0
101,FORNIJ__ligand1799-0
102,FORNIJ__ligand2880-0
103,FORNIJ__ligand5941-0
104,FORNIJ__ligand485-0
105,FORNIJ__ligand784-0
106,FORNIJ__ligand355-0
107,FORNIJ__ligand10357-0
108,FORNIJ__ligand5022-0
109,FORNIJ__ligand1169-0
110,FORNIJ__ligand15630-0
111,FORNIJ__ligand21-0
112,FORNIJ__ligand66-0
113,FORNIJ__ligand1502-0
114,FORNIJ__ligand447-0
115,FORNIJ__ligand4983-0
116,FORNIJ__ligand2794-0
117,FORNIJ__ligand2345-0
118,FORNIJ__ligand133-0
119,FORNIJ__ligand1835-0
120,FORNIJ__ligand666-0
121,FORNIJ__ligand9027-0
122,FORNIJ__ligand522-0
123,FORNIJ__ligand6396-0
124,FORNIJ__ligand1113-0
125,FORNIJ__ligand487-0
126,FORNIJ__ligand2265-0
127,FORNIJ__ligand1273-0
128,FORNIJ__ligand1052-0
129,FORNIJ__ligand682-0
130,FORNIJ__ligand86-0
131,FORNIJ__ligand2907-0
132,FORNIJ__ligand1703-0
133,FORNIJ__ligand2430-0
134,FORNIJ__ligand502-0
135,FORNIJ__ligand196-0
136,FORNIJ__ligand2862-0
137,FORNIJ__ligand3-0
138,FORNIJ__ligand2320-0
139,FORNIJ__ligand113-0
140,FORNIJ__ligand1056-0
141,FORNIJ__ligand2510-0
142,FORNIJ__ligand2285-0
143,FORNIJ__ligand1567-0
144,FORNIJ__ligand422-0
145,FORNIJ__ligand8921-0
146,FORNIJ__ligand236-0
147,FORNIJ__ligand62-0
148,FORNIJ__ligand1607-0
149,FORNIJ__ligand1152-0
150,FORNIJ__ligand353-0
151,FORNIJ__ligand1727-0
152,FORNIJ__ligand314-0
153,FORNIJ__ligand481-0
154,FORNIJ__ligand18-0
155,FORNIJ__ligand8774-0
156,FORNIJ__ligand170-0
157,FORNIJ__ligand391-0
158,FORNIJ__ligand3637-0
159,FORNIJ__ligand1054-0
160,FORNIJ__ligand1-0
161,FORNIJ__ligand6294-0
162,FORNIJ__ligand210-0
163,FORNIJ__ligand1248-0
164,FORNIJ__ligand4303-0
165,FORNIJ__ligand1598-0
166,FORNIJ__ligand7464-0
167,FORNIJ__ligand3566-0
168,FORNIJ__ligand384-0
169,FORNIJ__ligand1178-0
170,FORNIJ__ligand1321-0
171,FORNIJ__ligand120-0
172,FORNIJ__ligand1788-0
173,FORNIJ__ligand48-0
174,FORNIJ__ligand29-0
175,FORNIJ__ligand4894-0
176,FORNIJ__ligand1260-0
177,FORNIJ__ligand9620-0
178,FORNIJ__ligand91-0
179,FORNIJ__ligand51-0
180,FORNIJ__ligand1449-1
181,FORNIJ__ligand4811-0
182,FORNIJ__ligand141-0
183,FORNIJ__ligand3337-0
184,FORNIJ__ligand7514-0
185,FORNIJ__ligand240-0
186,FORNIJ__ligand1307-0
187,FORNIJ__ligand6166-0
188,FORNIJ__ligand1246-0
189,FORNIJ__ligand797-0
190,FORNIJ__ligand2599-0
191,FORNIJ__ligand5089-0
192,FORNIJ__ligand32-0
193,FORNIJ__ligand757-0
194,FORNIJ__ligand3853-0
195,FORNIJ__ligand2853-0
196,FORNIJ__ligand1858-0
197,FORNIJ__ligand8032-0
198,FORNIJ__ligand3051-0
199,FORNIJ__ligand4504-0
200,FORNIJ__ligand2480-0
201,FORNIJ__ligand1898-0
202,FORNIJ__ligand126-0
203,FORNIJ__ligand2315-0
204,FORNIJ__ligand73-0
205,FORNIJ__ligand5334-0
206,FORNIJ__ligand596-0
207,FORNIJ__ligand2389-0
208,FORNIJ__ligand57-0
209,FORNIJ__ligand1919-0
210,FORNIJ__ligand3579-0
211,FORNIJ__ligand11730-0
212,FORNIJ__ligand861-0
213,FORNIJ__ligand2110-0
214,FORNIJ__ligand2916-0
215,FORNIJ__ligand366-0
216,FORNIJ__ligand187-0
217,FORNIJ__ligand1712-0
218,FORNIJ__ligand612-0
219,FORNIJ__ligand321-0
220,FORNIJ__ligand1264-0
221,FORNIJ__ligand1221-0
222,FORNIJ__ligand95-0
223,FORNIJ__ligand6430-0
224,FORNIJ__ligand1299-0
225,FORNIJ__ligand178-0
226,FORNIJ__ligand1379-0
227,FORNIJ__ligand279-0
228,FORNIJ__ligand244-0
229,FORNIJ__ligand201-0
230,FORNIJ__ligand100-0
231,FORNIJ__ligand2376-0
232,FORNIJ__ligand55-0
233,FORNIJ__ligand2929-0
234,FORNIJ__ligand6571-0
235,FORNIJ__ligand124-0
236,FORNIJ__ligand1325-0
237,FORNIJ__ligand2482-0
238,FORNIJ__ligand34-0
239,FORNIJ__ligand5762-0
240,FORNIJ__ligand7414-0
241,FORNIJ__ligand1104-0
242,FORNIJ__ligand2442-0
243,FORNIJ__ligand119-0
244,FORNIJ__ligand1019-0
245,FORNIJ__ligand92-0
246,FORNIJ__ligand326-0
247,FORNIJ__ligand3251-0
248,FORNIJ__ligand821-0
249,FORNIJ__ligand283-0
250,FORNIJ__ligand4619-0
251,FORNIJ__ligand5235-0
252,FORNIJ__ligand6143-0
253,FORNIJ__ligand553-0
254,FORNIJ__ligand2718-0
255,FORNIJ__ligand3035-0
256,FORNIJ__ligand206-0
257,FORNIJ__ligand3070-0
258,FORNIJ__ligand1493-0
259,FORNIJ__ligand142-0
260,FORNIJ__ligand17-0
261,FORNIJ__ligand436-0
262,FORNIJ__ligand9176-0
263,FORNIJ__ligand166-0
264,FORNIJ__ligand3478-0
265,FORNIJ__ligand3852-0
266,FORNIJ__ligand5758-0
267,FORNIJ__ligand838-0
268,FORNIJ__ligand7456-0
269,FORNIJ__ligand497-0
270,FORNIJ__ligand532-0
271,FORNIJ__ligand918-0
272,FORNIJ__ligand1818-0
273,FORNIJ__ligand633-0
274,FORNIJ__ligand4423-0
275,FORNIJ__ligand49-0
276,FORNIJ__ligand1907-0
277,FORNIJ__ligand3890-0
278,FORNIJ__ligand575-0
279,FORNIJ__ligand199-0
280,FORNIJ__ligand7630-0
281,FORNIJ__ligand927-0
282,FORNIJ__ligand1285-0
283,FORNIJ__ligand1555-0
284,FORNIJ__ligand89-0
285,FORNIJ__ligand105-0
286,FORNIJ__ligand140-0
287,FORNIJ__ligand7550-0
288,FORNIJ__ligand2253-0
289,FORNIJ__ligand1160-0
290,FORNIJ__ligand5093-0
291,FORNIJ__ligand2954-0
292,FORNIJ__ligand361-0
293,FORNIJ__ligand324-0
294,FORNIJ__ligand409-0
295,FORNIJ__ligand2762-0
296,FORNIJ__ligand1038-0
297,FORNIJ__ligand11-0
298,FORNIJ__ligand3196-0
299,FORNIJ__ligand4012-0
300,FORNIJ__ligand358-0
301,FORNIJ__ligand430-0
302,FORNIJ__ligand669-0
303,FORNIJ__ligand278-0
304,FORNIJ__ligand2915-0
305,FORNIJ__ligand365-0
306,FORNIJ__ligand2707-0
307,FORNIJ__ligand571-0
308,FORNIJ__ligand8-0
309,FORNIJ__ligand670-0
310,FORNIJ__ligand118-0
311,FORNIJ__ligand1690-0
312,FORNIJ__ligand1551-0
313,FORNIJ__ligand2526-0
314,FORNIJ__ligand509-0
315,FORNIJ__ligand383-0
316,FORNIJ__ligand4370-0
317,FORNIJ__ligand226-0
318,FORNIJ__ligand162-0
319,FORNIJ__ligand1436-0
320,FORNIJ__ligand3618-0
321,FORNIJ__ligand2618-0
322,FORNIJ__ligand4175-0
323,FORNIJ__ligand2255-0
324,FORNIJ__ligand1918-0
