,TMC
0,CETXOP__ligand4012-0
1,CETXOP__ligand3196-0
2,CETXOP__ligand370-0
3,CETXOP__ligand460-0
4,CETXOP__ligand250-0
5,CETXOP__ligand2915-0
6,CETXOP__ligand444-0
7,CETXOP__ligand369-0
8,CETXOP__ligand66-0
9,CETXOP__ligand2707-0
10,CETXOP__ligand1690-0
11,CETXOP__ligand188-0
12,CETXOP__ligand2526-0
13,CETXOP__ligand1551-0
14,CETXOP__ligand311-0
15,CETXOP__ligand909-0
16,CETXOP__ligand4370-0
17,CETXOP__ligand851-0
18,CETXOP__ligand1436-0
19,CETXOP__ligand21-0
20,CETXOP__ligand934-0
21,CETXOP__ligand177-0
22,CETXOP__ligand2618-0
23,CETXOP__ligand3618-0
24,CETXOP__ligand4175-0
25,CETXOP__ligand40-0
26,CETXOP__ligand10357-0
27,CETXOP__ligand955-0
28,CETXOP__ligand15630-0
29,CETXOP__ligand252-0
30,CETXOP__ligand2255-0
31,CETXOP__ligand193-0
32,CETXOP__ligand1918-0
33,CETXOP__ligand830-0
34,CETXOP__ligand38-0
35,CETXOP__ligand3251-0
36,CETXOP__ligand112-0
37,CETXOP__ligand6143-0
38,CETXOP__ligand5235-0
39,CETXOP__ligand4619-0
40,CETXOP__ligand1493-0
41,CETXOP__ligand2718-0
42,CETXOP__ligand3070-0
43,CETXOP__ligand3035-0
44,CETXOP__ligand296-0
45,CETXOP__ligand9176-0
46,CETXOP__ligand197-0
47,CETXOP__ligand3852-0
48,CETXOP__ligand783-0
49,CETXOP__ligand352-0
50,CETXOP__ligand18-0
51,CETXOP__ligand3478-0
52,CETXOP__ligand5758-0
53,CETXOP__ligand136-0
54,CETXOP__ligand7456-0
55,CETXOP__ligand1818-0
56,CETXOP__ligand442-0
57,CETXOP__ligand868-0
58,CETXOP__ligand1907-0
59,CETXOP__ligand235-0
60,CETXOP__ligand134-0
61,CETXOP__ligand4423-0
62,CETXOP__ligand932-0
63,CETXOP__ligand390-0
64,CETXOP__ligand3890-0
65,CETXOP__ligand62-0
66,CETXOP__ligand7630-0
67,CETXOP__ligand8-0
68,CETXOP__ligand1555-0
69,CETXOP__ligand109-0
70,CETXOP__ligand1285-0
71,CETXOP__ligand525-0
72,CETXOP__ligand560-0
73,CETXOP__ligand86-0
74,CETXOP__ligand7550-0
75,CETXOP__ligand331-0
76,CETXOP__ligand993-0
77,CETXOP__ligand294-0
78,CETXOP__ligand916-0
79,CETXOP__ligand584-0
80,CETXOP__ligand2954-0
81,CETXOP__ligand5093-0
82,CETXOP__ligand1160-0
83,CETXOP__ligand2253-0
84,CETXOP__ligand1038-0
85,CETXOP__ligand798-0
86,CETXOP__ligand421-0
87,CETXOP__ligand2762-0
88,CETXOP__ligand133-0
89,CETXOP__ligand8032-0
90,CETXOP__ligand1858-0
91,CETXOP__ligand447-0
92,CETXOP__ligand2315-0
93,CETXOP__ligand10910-0
94,CETXOP__ligand2480-0
95,CETXOP__ligand4504-0
96,CETXOP__ligand3051-0
97,CETXOP__ligand487-0
98,CETXOP__ligand1898-0
99,CETXOP__ligand5334-0
100,CETXOP__ligand666-0
101,CETXOP__ligand522-0
102,CETXOP__ligand2389-0
103,CETXOP__ligand1919-0
104,CETXOP__ligand14530-0
105,CETXOP__ligand2916-0
106,CETXOP__ligand2110-0
107,CETXOP__ligand3579-0
108,CETXOP__ligand682-0
109,CETXOP__ligand1712-0
110,CETXOP__ligand6430-0
111,CETXOP__ligand1299-0
112,CETXOP__ligand1221-0
113,CETXOP__ligand115-0
114,CETXOP__ligand1264-0
115,CETXOP__ligand10479-0
116,CETXOP__ligand1379-0
117,CETXOP__ligand2376-0
118,CETXOP__ligand2929-0
119,CETXOP__ligand291-0
120,CETXOP__ligand2482-0
121,CETXOP__ligand485-0
122,CETXOP__ligand1325-0
123,CETXOP__ligand10114-0
124,CETXOP__ligand6571-0
125,CETXOP__ligand784-0
126,CETXOP__ligand355-0
127,CETXOP__ligand1104-0
128,CETXOP__ligand7414-0
129,CETXOP__ligand5762-0
130,CETXOP__ligand2442-0
131,CETXOP__ligand67-0
132,CETXOP__ligand1019-0
133,CETXOP__ligand3566-0
134,CETXOP__ligand1178-0
135,CETXOP__ligand314-0
136,CETXOP__ligand481-0
137,CETXOP__ligand1321-0
138,CETXOP__ligand391-0
139,CETXOP__ligand1788-0
140,CETXOP__ligand170-0
141,CETXOP__ligand4894-0
142,CETXOP__ligand1260-0
143,CETXOP__ligand9620-0
144,CETXOP__ligand210-0
145,CETXOP__ligand4811-0
146,CETXOP__ligand1449-1
147,CETXOP__ligand7514-0
148,CETXOP__ligand3337-0
149,CETXOP__ligand196-0
150,CETXOP__ligand502-0
151,CETXOP__ligand78-0
152,CETXOP__ligand85-0
153,CETXOP__ligand1307-0
154,CETXOP__ligand422-0
155,CETXOP__ligand45-0
156,CETXOP__ligand113-0
157,CETXOP__ligand6166-0
158,CETXOP__ligand1246-0
159,CETXOP__ligand236-0
160,CETXOP__ligand5089-0
161,CETXOP__ligand2599-0
162,CETXOP__ligand2853-0
163,CETXOP__ligand3853-0
164,CETXOP__ligand353-0
165,CETXOP__ligand2907-0
166,CETXOP__ligand2430-0
167,CETXOP__ligand1703-0
168,CETXOP__ligand1056-0
169,CETXOP__ligand2320-0
170,CETXOP__ligand2862-0
171,CETXOP__ligand1567-0
172,CETXOP__ligand2285-0
173,CETXOP__ligand8921-0
174,CETXOP__ligand2510-0
175,CETXOP__ligand797-0
176,CETXOP__ligand49-0
177,CETXOP__ligand1607-0
178,CETXOP__ligand1152-0
179,CETXOP__ligand1727-0
180,CETXOP__ligand757-0
181,CETXOP__ligand89-0
182,CETXOP__ligand120-0
183,CETXOP__ligand384-0
184,CETXOP__ligand8774-0
185,CETXOP__ligand3637-0
186,CETXOP__ligand6294-0
187,CETXOP__ligand92-0
188,CETXOP__ligand1054-0
189,CETXOP__ligand1598-0
190,CETXOP__ligand1248-0
191,CETXOP__ligand4303-0
192,CETXOP__ligand141-0
193,CETXOP__ligand7464-0
194,CETXOP__ligand240-0
195,CETXOP__ligand17-0
196,CETXOP__ligand178-0
197,CETXOP__ligand279-0
198,CETXOP__ligand321-0
199,CETXOP__ligand2864-0
200,CETXOP__ligand9495-0
201,CETXOP__ligand2772-0
202,CETXOP__ligand6151-0
203,CETXOP__ligand6538-0
204,CETXOP__ligand201-0
205,CETXOP__ligand244-0
206,CETXOP__ligand2142-0
207,CETXOP__ligand100-0
208,CETXOP__ligand1-0
209,CETXOP__ligand2880-0
210,CETXOP__ligand5941-0
211,CETXOP__ligand1799-0
212,CETXOP__ligand3838-0
213,CETXOP__ligand2838-0
214,CETXOP__ligand124-0
215,CETXOP__ligand5022-0
216,CETXOP__ligand1169-0
217,CETXOP__ligand119-0
218,CETXOP__ligand1502-0
219,CETXOP__ligand1835-0
220,CETXOP__ligand2794-0
221,CETXOP__ligand2345-0
222,CETXOP__ligand4983-0
223,CETXOP__ligand9027-0
224,CETXOP__ligand2265-0
225,CETXOP__ligand1113-0
226,CETXOP__ligand126-0
227,CETXOP__ligand6396-0
228,CETXOP__ligand11-0
229,CETXOP__ligand3-0
230,CETXOP__ligand1273-0
231,CETXOP__ligand596-0
232,CETXOP__ligand187-0
233,CETXOP__ligand612-0
234,CETXOP__ligand861-0
235,CETXOP__ligand366-0
236,CETXOP__ligand1052-0
237,CETXOP__ligand1228-0
238,CETXOP__ligand575-0
239,CETXOP__ligand9244-0
240,CETXOP__ligand32-0
241,CETXOP__ligand199-0
242,CETXOP__ligand1114-0
243,CETXOP__ligand1538-0
244,CETXOP__ligand927-0
245,CETXOP__ligand140-0
246,CETXOP__ligand105-0
247,CETXOP__ligand4-0
248,CETXOP__ligand3246-0
249,CETXOP__ligand1148-0
250,CETXOP__ligand1479-0
251,CETXOP__ligand324-0
252,CETXOP__ligand361-0
253,CETXOP__ligand409-0
254,CETXOP__ligand283-0
255,CETXOP__ligand3178-0
256,CETXOP__ligand6332-0
257,CETXOP__ligand553-0
258,CETXOP__ligand2098-0
259,CETXOP__ligand326-0
260,CETXOP__ligand29-0
261,CETXOP__ligand6502-0
262,CETXOP__ligand91-0
263,CETXOP__ligand821-0
264,CETXOP__ligand2863-0
265,CETXOP__ligand7915-0
266,CETXOP__ligand5548-0
267,CETXOP__ligand1747-0
268,CETXOP__ligand6686-0
269,CETXOP__ligand436-0
270,CETXOP__ligand51-0
271,CETXOP__ligand206-0
272,CETXOP__ligand6-0
273,CETXOP__ligand142-0
274,CETXOP__ligand3145-0
275,CETXOP__ligand838-0
276,CETXOP__ligand2751-0
277,CETXOP__ligand166-0
278,CETXOP__ligand532-0
279,CETXOP__ligand918-0
280,CETXOP__ligand633-0
281,CETXOP__ligand1542-0
282,CETXOP__ligand2634-0
283,CETXOP__ligand3041-0
284,CETXOP__ligand497-0
285,CETXOP__ligand48-0
286,CETXOP__ligand1951-0
287,CETXOP__ligand226-0
288,CETXOP__ligand162-0
289,CETXOP__ligand1687-0
290,CETXOP__ligand383-0
291,CETXOP__ligand34-0
292,CETXOP__ligand6277-0
293,CETXOP__ligand1376-0
294,CETXOP__ligand2768-0
295,CETXOP__ligand2259-0
296,CETXOP__ligand2688-0
297,CETXOP__ligand95-0
298,CETXOP__ligand2629-0
299,CETXOP__ligand4381-0
300,CETXOP__ligand1706-0
301,CETXOP__ligand55-0
302,CETXOP__ligand3734-0
303,CETXOP__ligand1171-0
304,CETXOP__ligand669-0
305,CETXOP__ligand57-0
306,CETXOP__ligand358-0
307,CETXOP__ligand430-0
308,CETXOP__ligand365-0
309,CETXOP__ligand3063-0
310,CETXOP__ligand1438-0
311,CETXOP__ligand278-0
312,CETXOP__ligand5801-0
313,CETXOP__ligand1459-0
314,CETXOP__ligand571-0
315,CETXOP__ligand11730-0
316,CETXOP__ligand670-0
317,CETXOP__ligand1544-0
318,CETXOP__ligand118-0
319,CETXOP__ligand1685-0
320,CETXOP__ligand509-0
321,CETXOP__ligand2087-0
322,CETXOP__ligand73-0
323,CETXOP__ligand1048-0
324,CETXOP__ligand3757-0
