,TMC
0,LODLUO__ligand571-0
1,LODLUO__ligand118-0
2,LODLUO__ligand51-0
3,LODLUO__ligand670-0
4,LODLUO__ligand4370-0
5,LODLUO__ligand3618-0
6,LODLUO__ligand2618-0
7,LODLUO__ligand29-0
8,LODLUO__ligand1436-0
9,LODLUO__ligand91-0
10,LODLUO__ligand509-0
11,LODLUO__ligand430-0
12,LODLUO__ligand2255-0
13,LODLUO__ligand358-0
14,LODLUO__ligand4175-0
15,LODLUO__ligand669-0
16,LODLUO__ligand48-0
17,LODLUO__ligand278-0
18,LODLUO__ligand365-0
19,LODLUO__ligand1918-0
20,LODLUO__ligand32-0
21,LODLUO__ligand3196-0
22,LODLUO__ligand4012-0
23,LODLUO__ligand2915-0
24,LODLUO__ligand383-0
25,LODLUO__ligand1690-0
26,LODLUO__ligand226-0
27,LODLUO__ligand2707-0
28,LODLUO__ligand162-0
29,LODLUO__ligand2526-0
30,LODLUO__ligand1551-0
31,LODLUO__ligand166-0
32,LODLUO__ligand3890-0
33,LODLUO__ligand1907-0
34,LODLUO__ligand838-0
35,LODLUO__ligand4423-0
36,LODLUO__ligand1555-0
37,LODLUO__ligand497-0
38,LODLUO__ligand1285-0
39,LODLUO__ligand532-0
40,LODLUO__ligand633-0
41,LODLUO__ligand57-0
42,LODLUO__ligand918-0
43,LODLUO__ligand7630-0
44,LODLUO__ligand326-0
45,LODLUO__ligand821-0
46,LODLUO__ligand73-0
47,LODLUO__ligand283-0
48,LODLUO__ligand7550-0
49,LODLUO__ligand6-0
50,LODLUO__ligand553-0
51,LODLUO__ligand206-0
52,LODLUO__ligand1038-0
53,LODLUO__ligand142-0
54,LODLUO__ligand2762-0
55,LODLUO__ligand5093-0
56,LODLUO__ligand2954-0
57,LODLUO__ligand2253-0
58,LODLUO__ligand1160-0
59,LODLUO__ligand436-0
60,LODLUO__ligand5235-0
61,LODLUO__ligand6143-0
62,LODLUO__ligand105-0
63,LODLUO__ligand140-0
64,LODLUO__ligand4619-0
65,LODLUO__ligand3251-0
66,LODLUO__ligand9176-0
67,LODLUO__ligand409-0
68,LODLUO__ligand361-0
69,LODLUO__ligand324-0
70,LODLUO__ligand4-0
71,LODLUO__ligand1493-0
72,LODLUO__ligand2718-0
73,LODLUO__ligand34-0
74,LODLUO__ligand3035-0
75,LODLUO__ligand3070-0
76,LODLUO__ligand5758-0
77,LODLUO__ligand3852-0
78,LODLUO__ligand55-0
79,LODLUO__ligand3478-0
80,LODLUO__ligand575-0
81,LODLUO__ligand95-0
82,LODLUO__ligand1818-0
83,LODLUO__ligand199-0
84,LODLUO__ligand927-0
85,LODLUO__ligand7456-0
86,LODLUO__ligand1379-0
87,LODLUO__ligand596-0
88,LODLUO__ligand6430-0
89,LODLUO__ligand1299-0
90,LODLUO__ligand1264-0
91,LODLUO__ligand1221-0
92,LODLUO__ligand11730-0
93,LODLUO__ligand2929-0
94,LODLUO__ligand861-0
95,LODLUO__ligand366-0
96,LODLUO__ligand2376-0
97,LODLUO__ligand3-0
98,LODLUO__ligand187-0
99,LODLUO__ligand612-0
100,LODLUO__ligand17-0
101,LODLUO__ligand1325-0
102,LODLUO__ligand2482-0
103,LODLUO__ligand6571-0
104,LODLUO__ligand2442-0
105,LODLUO__ligand92-0
106,LODLUO__ligand1019-0
107,LODLUO__ligand126-0
108,LODLUO__ligand7414-0
109,LODLUO__ligand5762-0
110,LODLUO__ligand1104-0
111,LODLUO__ligand124-0
112,LODLUO__ligand8032-0
113,LODLUO__ligand1858-0
114,LODLUO__ligand5334-0
115,LODLUO__ligand2315-0
116,LODLUO__ligand119-0
117,LODLUO__ligand3051-0
118,LODLUO__ligand4504-0
119,LODLUO__ligand2480-0
120,LODLUO__ligand1898-0
121,LODLUO__ligand321-0
122,LODLUO__ligand1919-0
123,LODLUO__ligand2389-0
124,LODLUO__ligand178-0
125,LODLUO__ligand1-0
126,LODLUO__ligand89-0
127,LODLUO__ligand279-0
128,LODLUO__ligand1712-0
129,LODLUO__ligand244-0
130,LODLUO__ligand201-0
131,LODLUO__ligand49-0
132,LODLUO__ligand100-0
133,LODLUO__ligand2110-0
134,LODLUO__ligand2916-0
135,LODLUO__ligand3579-0
136,LODLUO__ligand1307-0
137,LODLUO__ligand141-0
138,LODLUO__ligand240-0
139,LODLUO__ligand1246-0
140,LODLUO__ligand384-0
141,LODLUO__ligand120-0
142,LODLUO__ligand6166-0
143,LODLUO__ligand3853-0
144,LODLUO__ligand2853-0
145,LODLUO__ligand11-0
146,LODLUO__ligand5089-0
147,LODLUO__ligand2599-0
148,LODLUO__ligand1321-0
149,LODLUO__ligand3566-0
150,LODLUO__ligand1178-0
151,LODLUO__ligand797-0
152,LODLUO__ligand757-0
153,LODLUO__ligand1788-0
154,LODLUO__ligand4894-0
155,LODLUO__ligand1260-0
156,LODLUO__ligand9620-0
157,LODLUO__ligand3337-0
158,LODLUO__ligand7514-0
159,LODLUO__ligand1449-1
160,LODLUO__ligand4811-0
161,LODLUO__ligand236-0
162,LODLUO__ligand3637-0
163,LODLUO__ligand353-0
164,LODLUO__ligand8774-0
165,LODLUO__ligand1598-0
166,LODLUO__ligand1248-0
167,LODLUO__ligand4303-0
168,LODLUO__ligand6294-0
169,LODLUO__ligand67-0
170,LODLUO__ligand1054-0
171,LODLUO__ligand502-0
172,LODLUO__ligand196-0
173,LODLUO__ligand113-0
174,LODLUO__ligand7464-0
175,LODLUO__ligand422-0
176,LODLUO__ligand1703-0
177,LODLUO__ligand2430-0
178,LODLUO__ligand210-0
179,LODLUO__ligand2907-0
180,LODLUO__ligand2285-0
181,LODLUO__ligand1567-0
182,LODLUO__ligand8921-0
183,LODLUO__ligand2510-0
184,LODLUO__ligand2320-0
185,LODLUO__ligand1056-0
186,LODLUO__ligand2862-0
187,LODLUO__ligand314-0
188,LODLUO__ligand1607-0
189,LODLUO__ligand481-0
190,LODLUO__ligand1727-0
191,LODLUO__ligand170-0
192,LODLUO__ligand391-0
193,LODLUO__ligand1152-0
194,LODLUO__ligand2794-0
195,LODLUO__ligand2345-0
196,LODLUO__ligand1835-0
197,LODLUO__ligand4983-0
198,LODLUO__ligand45-0
199,LODLUO__ligand485-0
200,LODLUO__ligand15630-0
201,LODLUO__ligand1502-0
202,LODLUO__ligand355-0
203,LODLUO__ligand784-0
204,LODLUO__ligand10357-0
205,LODLUO__ligand1113-0
206,LODLUO__ligand2265-0
207,LODLUO__ligand6396-0
208,LODLUO__ligand9027-0
209,LODLUO__ligand78-0
210,LODLUO__ligand85-0
211,LODLUO__ligand1273-0
212,LODLUO__ligand115-0
213,LODLUO__ligand291-0
214,LODLUO__ligand1052-0
215,LODLUO__ligand2864-0
216,LODLUO__ligand2142-0
217,LODLUO__ligand9495-0
218,LODLUO__ligand6151-0
219,LODLUO__ligand2772-0
220,LODLUO__ligand6538-0
221,LODLUO__ligand682-0
222,LODLUO__ligand447-0
223,LODLUO__ligand2880-0
224,LODLUO__ligand5941-0
225,LODLUO__ligand2838-0
226,LODLUO__ligand3838-0
227,LODLUO__ligand133-0
228,LODLUO__ligand1799-0
229,LODLUO__ligand666-0
230,LODLUO__ligand522-0
231,LODLUO__ligand5022-0
232,LODLUO__ligand1169-0
233,LODLUO__ligand487-0
234,LODLUO__ligand993-0
235,LODLUO__ligand2098-0
236,LODLUO__ligand6502-0
237,LODLUO__ligand294-0
238,LODLUO__ligand21-0
239,LODLUO__ligand2863-0
240,LODLUO__ligand3178-0
241,LODLUO__ligand6332-0
242,LODLUO__ligand331-0
243,LODLUO__ligand421-0
244,LODLUO__ligand798-0
245,LODLUO__ligand3145-0
246,LODLUO__ligand7915-0
247,LODLUO__ligand5548-0
248,LODLUO__ligand584-0
249,LODLUO__ligand916-0
250,LODLUO__ligand1747-0
251,LODLUO__ligand6686-0
252,LODLUO__ligand390-0
253,LODLUO__ligand235-0
254,LODLUO__ligand8-0
255,LODLUO__ligand932-0
256,LODLUO__ligand134-0
257,LODLUO__ligand38-0
258,LODLUO__ligand2751-0
259,LODLUO__ligand109-0
260,LODLUO__ligand3041-0
261,LODLUO__ligand40-0
262,LODLUO__ligand560-0
263,LODLUO__ligand525-0
264,LODLUO__ligand2634-0
265,LODLUO__ligand1542-0
266,LODLUO__ligand1228-0
267,LODLUO__ligand352-0
268,LODLUO__ligand9244-0
269,LODLUO__ligand783-0
270,LODLUO__ligand442-0
271,LODLUO__ligand1114-0
272,LODLUO__ligand1538-0
273,LODLUO__ligand868-0
274,LODLUO__ligand136-0
275,LODLUO__ligand3246-0
276,LODLUO__ligand112-0
277,LODLUO__ligand296-0
278,LODLUO__ligand1479-0
279,LODLUO__ligand66-0
280,LODLUO__ligand197-0
281,LODLUO__ligand1148-0
282,LODLUO__ligand10114-0
283,LODLUO__ligand955-0
284,LODLUO__ligand252-0
285,LODLUO__ligand1171-0
286,LODLUO__ligand830-0
287,LODLUO__ligand5801-0
288,LODLUO__ligand193-0
289,LODLUO__ligand3063-0
290,LODLUO__ligand1438-0
291,LODLUO__ligand62-0
292,LODLUO__ligand10479-0
293,LODLUO__ligand1544-0
294,LODLUO__ligand851-0
295,LODLUO__ligand1459-0
296,LODLUO__ligand909-0
297,LODLUO__ligand2087-0
298,LODLUO__ligand1048-0
299,LODLUO__ligand86-0
300,LODLUO__ligand3757-0
301,LODLUO__ligand177-0
302,LODLUO__ligand934-0
303,LODLUO__ligand1685-0
304,LODLUO__ligand188-0
305,LODLUO__ligand6277-0
306,LODLUO__ligand369-0
307,LODLUO__ligand1951-0
308,LODLUO__ligand444-0
309,LODLUO__ligand1687-0
310,LODLUO__ligand311-0
311,LODLUO__ligand14530-0
312,LODLUO__ligand2259-0
313,LODLUO__ligand2688-0
314,LODLUO__ligand1376-0
315,LODLUO__ligand2768-0
316,LODLUO__ligand370-0
317,LODLUO__ligand1706-0
318,LODLUO__ligand250-0
319,LODLUO__ligand18-0
320,LODLUO__ligand3734-0
321,LODLUO__ligand10910-0
322,LODLUO__ligand2629-0
323,LODLUO__ligand460-0
324,LODLUO__ligand4381-0
