,TMC
0,CIWRUX__ligand4-0
1,CIWRUX__ligand28789-0
2,CIWRUX__ligand20419-0
3,CIWRUX__ligand21371-0
4,CIWRUX__ligand17118-0
5,CIWRUX__ligand1263-0
6,CIWRUX__ligand9908-0
7,CIWRUX__ligand14889-0
8,CIWRUX__ligand7106-0
9,CIWRUX__ligand30851-0
10,CIWRUX__ligand141-0
11,CIWRUX__ligand7242-0
12,CIWRUX__ligand29568-0
13,CIWRUX__ligand240-0
14,CIWRUX__ligand4661-0
15,CIWRUX__ligand1844-0
16,CIWRUX__ligand31097-0
17,CIWRUX__ligand21581-0
18,CIWRUX__ligand20539-0
19,CIWRUX__ligand3718-0
20,CIWRUX__ligand3035-0
21,CIWRUX__ligand1343-0
22,CIWRUX__ligand3876-0
23,CIWRUX__ligand20214-0
24,CIWRUX__ligand30702-0
25,CIWRUX__ligand6616-0
26,CIWRUX__ligand20251-0
27,CIWRUX__ligand1536-0
28,CIWRUX__ligand17-0
29,CIWRUX__ligand1573-0
30,CIWRUX__ligand9935-0
31,CIWRUX__ligand3504-0
32,CIWRUX__ligand14117-0
33,CIWRUX__ligand17261-0
34,CIWRUX__ligand1959-0
35,CIWRUX__ligand3852-0
36,CIWRUX__ligand2485-0
37,CIWRUX__ligand6919-0
38,CIWRUX__ligand16475-0
39,CIWRUX__ligand14703-0
40,CIWRUX__ligand20251-1
41,CIWRUX__ligand3565-0
42,CIWRUX__ligand1512-0
43,CIWRUX__ligand768-0
44,CIWRUX__ligand5331-0
45,CIWRUX__ligand8969-0
46,CIWRUX__ligand3937-0
47,CIWRUX__ligand1202-0
48,CIWRUX__ligand3174-0
49,CIWRUX__ligand3131-0
50,CIWRUX__ligand6839-0
51,CIWRUX__ligand384-0
52,CIWRUX__ligand17278-0
53,CIWRUX__ligand20011-0
54,CIWRUX__ligand4720-0
55,CIWRUX__ligand17982-0
56,CIWRUX__ligand29414-0
57,CIWRUX__ligand20598-0
58,CIWRUX__ligand11675-0
59,CIWRUX__ligand24047-0
60,CIWRUX__ligand22557-0
61,CIWRUX__ligand10589-0
62,CIWRUX__ligand3094-0
63,CIWRUX__ligand4155-0
64,CIWRUX__ligand5211-0
65,CIWRUX__ligand17398-0
66,CIWRUX__ligand28884-0
67,CIWRUX__ligand13331-0
68,CIWRUX__ligand2232-0
69,CIWRUX__ligand12030-0
70,CIWRUX__ligand9291-0
71,CIWRUX__ligand49-0
72,CIWRUX__ligand757-0
73,CIWRUX__ligand14248-0
74,CIWRUX__ligand2176-0
75,CIWRUX__ligand29879-0
76,CIWRUX__ligand31832-0
77,CIWRUX__ligand5256-0
78,CIWRUX__ligand9833-0
79,CIWRUX__ligand2828-0
80,CIWRUX__ligand13294-0
81,CIWRUX__ligand8876-0
82,CIWRUX__ligand7648-0
83,CIWRUX__ligand122-0
84,CIWRUX__ligand4157-0
85,CIWRUX__ligand4503-0
86,CIWRUX__ligand4546-0
87,CIWRUX__ligand25411-0
88,CIWRUX__ligand1982-0
89,CIWRUX__ligand7000-0
90,CIWRUX__ligand11456-0
91,CIWRUX__ligand8115-0
92,CIWRUX__ligand6768-0
93,CIWRUX__ligand1285-0
94,CIWRUX__ligand14174-0
95,CIWRUX__ligand89-0
96,CIWRUX__ligand10712-0
97,CIWRUX__ligand1790-0
98,CIWRUX__ligand20682-0
99,CIWRUX__ligand1304-0
100,CIWRUX__ligand7280-0
101,CIWRUX__ligand7238-0
102,CIWRUX__ligand4016-0
103,CIWRUX__ligand13390-0
104,CIWRUX__ligand6709-0
105,CIWRUX__ligand1219-0
106,CIWRUX__ligand7867-0
107,CIWRUX__ligand4442-0
108,CIWRUX__ligand4093-0
109,CIWRUX__ligand3954-0
110,CIWRUX__ligand8699-0
111,CIWRUX__ligand1160-0
112,CIWRUX__ligand9520-0
113,CIWRUX__ligand9784-0
114,CIWRUX__ligand693-0
115,CIWRUX__ligand13208-0
116,CIWRUX__ligand7629-0
117,CIWRUX__ligand26810-0
118,CIWRUX__ligand1451-0
119,CIWRUX__ligand27482-0
120,CIWRUX__ligand4272-0
121,CIWRUX__ligand10476-0
122,CIWRUX__ligand9933-0
123,CIWRUX__ligand1530-0
124,CIWRUX__ligand11-0
125,CIWRUX__ligand1575-0
126,CIWRUX__ligand13068-0
127,CIWRUX__ligand19830-0
128,CIWRUX__ligand366-0
129,CIWRUX__ligand12401-0
130,CIWRUX__ligand15585-0
131,CIWRUX__ligand1631-0
132,CIWRUX__ligand24145-0
133,CIWRUX__ligand2332-0
134,CIWRUX__ligand187-0
135,CIWRUX__ligand12231-0
136,CIWRUX__ligand9441-0
137,CIWRUX__ligand18292-0
138,CIWRUX__ligand12289-0
139,CIWRUX__ligand26702-0
140,CIWRUX__ligand13658-0
141,CIWRUX__ligand657-0
142,CIWRUX__ligand12130-0
143,CIWRUX__ligand17387-0
144,CIWRUX__ligand17805-0
145,CIWRUX__ligand1378-0
146,CIWRUX__ligand596-0
147,CIWRUX__ligand941-0
148,CIWRUX__ligand17302-0
149,CIWRUX__ligand6244-0
150,CIWRUX__ligand25178-0
151,CIWRUX__ligand2915-0
152,CIWRUX__ligand24185-0
153,CIWRUX__ligand3156-0
154,CIWRUX__ligand69-0
155,CIWRUX__ligand23769-0
156,CIWRUX__ligand777-0
157,CIWRUX__ligand4116-0
158,CIWRUX__ligand10958-0
159,CIWRUX__ligand1018-0
160,CIWRUX__ligand7967-0
161,CIWRUX__ligand3707-0
162,CIWRUX__ligand6124-0
163,CIWRUX__ligand12641-0
164,CIWRUX__ligand163-0
165,CIWRUX__ligand126-0
166,CIWRUX__ligand9601-0
167,CIWRUX__ligand8992-0
168,CIWRUX__ligand14108-0
169,CIWRUX__ligand1615-0
170,CIWRUX__ligand5036-0
171,CIWRUX__ligand2526-0
172,CIWRUX__ligand13425-0
173,CIWRUX__ligand29302-0
174,CIWRUX__ligand18814-0
175,CIWRUX__ligand19057-0
176,CIWRUX__ligand845-0
177,CIWRUX__ligand9111-0
178,CIWRUX__ligand9952-0
179,CIWRUX__ligand8721-0
180,CIWRUX__ligand28676-0
181,CIWRUX__ligand10262-0
182,CIWRUX__ligand1324-0
183,CIWRUX__ligand27763-0
184,CIWRUX__ligand1823-0
185,CIWRUX__ligand5643-0
186,CIWRUX__ligand16628-0
187,CIWRUX__ligand12427-0
188,CIWRUX__ligand20740-0
189,CIWRUX__ligand28468-0
190,CIWRUX__ligand27460-0
191,CIWRUX__ligand4641-0
192,CIWRUX__ligand12606-0
193,CIWRUX__ligand2028-0
194,CIWRUX__ligand8835-0
195,CIWRUX__ligand7126-0
196,CIWRUX__ligand30333-0
197,CIWRUX__ligand26540-0
198,CIWRUX__ligand338-0
199,CIWRUX__ligand3234-0
200,CIWRUX__ligand1142-0
201,CIWRUX__ligand12337-0
202,CIWRUX__ligand29410-0
203,CIWRUX__ligand30296-0
204,CIWRUX__ligand17281-0
205,CIWRUX__ligand31783-0
206,CIWRUX__ligand3465-0
207,CIWRUX__ligand201-0
208,CIWRUX__ligand6904-0
209,CIWRUX__ligand3721-0
210,CIWRUX__ligand6596-0
211,CIWRUX__ligand6102-0
212,CIWRUX__ligand17631-0
213,CIWRUX__ligand7819-0
214,CIWRUX__ligand13012-0
215,CIWRUX__ligand26665-0
216,CIWRUX__ligand2917-0
217,CIWRUX__ligand14603-0
218,CIWRUX__ligand14297-0
219,CIWRUX__ligand17258-0
220,CIWRUX__ligand321-0
221,CIWRUX__ligand30988-0
222,CIWRUX__ligand27175-0
223,CIWRUX__ligand6067-0
224,CIWRUX__ligand18832-0
225,CIWRUX__ligand1577-0
226,CIWRUX__ligand23713-0
227,CIWRUX__ligand2295-0
228,CIWRUX__ligand12934-0
229,CIWRUX__ligand20578-0
230,CIWRUX__ligand15422-0
231,CIWRUX__ligand19641-0
232,CIWRUX__ligand178-0
233,CIWRUX__ligand185-0
234,CIWRUX__ligand14723-0
235,CIWRUX__ligand4620-0
236,CIWRUX__ligand27893-0
237,CIWRUX__ligand279-0
238,CIWRUX__ligand4332-0
239,CIWRUX__ligand497-0
240,CIWRUX__ligand9681-0
241,CIWRUX__ligand30539-0
242,CIWRUX__ligand11166-0
243,CIWRUX__ligand1065-0
244,CIWRUX__ligand7530-0
245,CIWRUX__ligand21132-0
246,CIWRUX__ligand633-0
247,CIWRUX__ligand1449-0
248,CIWRUX__ligand3012-0
249,CIWRUX__ligand23906-0
250,CIWRUX__ligand27835-0
251,CIWRUX__ligand12295-0
252,CIWRUX__ligand2403-0
253,CIWRUX__ligand6455-0
254,CIWRUX__ligand6882-0
255,CIWRUX__ligand48-0
256,CIWRUX__ligand25689-0
257,CIWRUX__ligand21787-0
258,CIWRUX__ligand25575-0
259,CIWRUX__ligand3934-0
260,CIWRUX__ligand692-0
261,CIWRUX__ligand7529-0
262,CIWRUX__ligand19257-0
263,CIWRUX__ligand13209-0
264,CIWRUX__ligand12660-0
265,CIWRUX__ligand6946-0
266,CIWRUX__ligand1415-0
267,CIWRUX__ligand9148-0
268,CIWRUX__ligand25650-0
269,CIWRUX__ligand91-0
270,CIWRUX__ligand31248-0
271,CIWRUX__ligand436-0
272,CIWRUX__ligand326-0
273,CIWRUX__ligand5483-0
274,CIWRUX__ligand51-0
275,CIWRUX__ligand5316-0
276,CIWRUX__ligand23124-0
277,CIWRUX__ligand2830-0
278,CIWRUX__ligand11206-0
279,CIWRUX__ligand25735-0
280,CIWRUX__ligand12519-0
281,CIWRUX__ligand5627-0
282,CIWRUX__ligand1729-0
283,CIWRUX__ligand18074-0
284,CIWRUX__ligand6062-0
285,CIWRUX__ligand16-0
286,CIWRUX__ligand13869-0
287,CIWRUX__ligand29863-0
288,CIWRUX__ligand4813-0
289,CIWRUX__ligand409-0
290,CIWRUX__ligand5813-0
291,CIWRUX__ligand361-0
292,CIWRUX__ligand324-0
293,CIWRUX__ligand4738-0
294,CIWRUX__ligand11140-0
295,CIWRUX__ligand29610-0
296,CIWRUX__ligand6283-0
297,CIWRUX__ligand7107-0
298,CIWRUX__ligand28668-0
299,CIWRUX__ligand16791-0
300,CIWRUX__ligand18799-0
301,CIWRUX__ligand18465-0
302,CIWRUX__ligand3215-0
303,CIWRUX__ligand20599-0
304,CIWRUX__ligand199-0
305,CIWRUX__ligand22981-0
306,CIWRUX__ligand25805-0
307,CIWRUX__ligand2068-0
308,CIWRUX__ligand7925-0
309,CIWRUX__ligand27074-0
310,CIWRUX__ligand3973-0
311,CIWRUX__ligand18391-0
312,CIWRUX__ligand27169-0
313,CIWRUX__ligand14523-0
314,CIWRUX__ligand1147-0
315,CIWRUX__ligand300-0
316,CIWRUX__ligand12467-0
317,CIWRUX__ligand2599-0
318,CIWRUX__ligand10084-0
319,CIWRUX__ligand4330-0
320,CIWRUX__ligand32-0
321,CIWRUX__ligand25267-0
322,CIWRUX__ligand4194-0
323,CIWRUX__ligand588-0
324,CIWRUX__ligand23904-0
325,CIWRUX__ligand7532-0
326,CIWRUX__ligand21936-0
327,CIWRUX__ligand13257-0
328,CIWRUX__ligand1900-0
329,CIWRUX__ligand9197-0
330,CIWRUX__ligand12336-0
331,CIWRUX__ligand13072-0
332,CIWRUX__ligand3029-0
333,CIWRUX__ligand7162-0
334,CIWRUX__ligand2328-0
335,CIWRUX__ligand4581-0
336,CIWRUX__ligand1773-0
337,CIWRUX__ligand3350-0
338,CIWRUX__ligand2781-0
339,CIWRUX__ligand7573-0
340,CIWRUX__ligand534-0
341,CIWRUX__ligand571-0
342,CIWRUX__ligand18699-0
343,CIWRUX__ligand12682-0
344,CIWRUX__ligand1327-0
345,CIWRUX__ligand6672-0
346,CIWRUX__ligand9809-0
347,CIWRUX__ligand670-0
348,CIWRUX__ligand8722-0
349,CIWRUX__ligand17590-0
350,CIWRUX__ligand2208-0
351,CIWRUX__ligand3208-0
352,CIWRUX__ligand17240-0
353,CIWRUX__ligand17710-0
354,CIWRUX__ligand20579-0
355,CIWRUX__ligand11568-0
356,CIWRUX__ligand1496-0
357,CIWRUX__ligand7557-0
358,CIWRUX__ligand14586-0
359,CIWRUX__ligand11774-0
360,CIWRUX__ligand1533-0
361,CIWRUX__ligand57-0
362,CIWRUX__ligand21421-0
363,CIWRUX__ligand5892-0
364,CIWRUX__ligand5094-0
365,CIWRUX__ligand488-0
366,CIWRUX__ligand19725-0
367,CIWRUX__ligand430-0
368,CIWRUX__ligand1-0
369,CIWRUX__ligand358-0
370,CIWRUX__ligand24613-0
371,CIWRUX__ligand1712-0
372,CIWRUX__ligand4131-0
373,CIWRUX__ligand694-0
374,CIWRUX__ligand31483-0
375,CIWRUX__ligand10555-0
376,CIWRUX__ligand1165-0
377,CIWRUX__ligand15168-0
378,CIWRUX__ligand9525-0
379,CIWRUX__ligand3-0
380,CIWRUX__ligand3157-0
381,CIWRUX__ligand68-0
382,CIWRUX__ligand1379-0
383,CIWRUX__ligand23589-0
384,CIWRUX__ligand2722-0
385,CIWRUX__ligand696-0
386,CIWRUX__ligand5935-0
387,CIWRUX__ligand24064-0
388,CIWRUX__ligand1768-0
389,CIWRUX__ligand3871-0
390,CIWRUX__ligand656-0
391,CIWRUX__ligand1469-0
392,CIWRUX__ligand11432-0
393,CIWRUX__ligand31618-0
394,CIWRUX__ligand10432-0
395,CIWRUX__ligand1688-0
396,CIWRUX__ligand22755-0
397,CIWRUX__ligand3647-0
398,CIWRUX__ligand55-0
399,CIWRUX__ligand5357-0
400,CIWRUX__ligand4850-0
401,CIWRUX__ligand29898-0
402,CIWRUX__ligand5056-0
403,CIWRUX__ligand26277-0
404,CIWRUX__ligand8464-0
405,CIWRUX__ligand1709-0
406,CIWRUX__ligand8349-0
407,CIWRUX__ligand24750-0
408,CIWRUX__ligand2527-0
409,CIWRUX__ligand31578-0
410,CIWRUX__ligand17207-0
411,CIWRUX__ligand34-0
412,CIWRUX__ligand18013-0
413,CIWRUX__ligand25224-0
414,CIWRUX__ligand17945-0
415,CIWRUX__ligand383-0
416,CIWRUX__ligand18703-0
417,CIWRUX__ligand29087-0
418,CIWRUX__ligand416-0
419,CIWRUX__ligand5849-0
420,CIWRUX__ligand4911-0
421,CIWRUX__ligand1771-0
422,CIWRUX__ligand226-0
423,CIWRUX__ligand3392-0
424,CIWRUX__ligand15438-0
425,CIWRUX__ligand28924-0
426,CIWRUX__ligand162-0
427,CIWRUX__ligand830-0
428,CIWRUX__ligand19824-0
429,CIWRUX__ligand18067-0
430,CIWRUX__ligand372-0
431,CIWRUX__ligand1050-0
432,CIWRUX__ligand1015-0
433,CIWRUX__ligand10582-0
434,CIWRUX__ligand13260-0
435,CIWRUX__ligand193-0
436,CIWRUX__ligand2027-0
437,CIWRUX__ligand11252-0
438,CIWRUX__ligand116-0
439,CIWRUX__ligand4262-0
440,CIWRUX__ligand31000-0
441,CIWRUX__ligand11606-0
442,CIWRUX__ligand252-0
443,CIWRUX__ligand1028-0
444,CIWRUX__ligand20821-0
445,CIWRUX__ligand2692-0
446,CIWRUX__ligand1618-0
447,CIWRUX__ligand26673-0
448,CIWRUX__ligand38-0
449,CIWRUX__ligand4596-0
450,CIWRUX__ligand11622-0
451,CIWRUX__ligand1498-0
452,CIWRUX__ligand177-0
453,CIWRUX__ligand16870-0
454,CIWRUX__ligand16603-0
455,CIWRUX__ligand9615-0
456,CIWRUX__ligand11814-0
457,CIWRUX__ligand1154-0
458,CIWRUX__ligand8529-0
459,CIWRUX__ligand31205-0
460,CIWRUX__ligand1169-0
461,CIWRUX__ligand17686-0
462,CIWRUX__ligand25658-0
463,CIWRUX__ligand15455-0
464,CIWRUX__ligand909-0
465,CIWRUX__ligand11177-0
466,CIWRUX__ligand9944-0
467,CIWRUX__ligand8593-0
468,CIWRUX__ligand29813-0
469,CIWRUX__ligand16952-0
470,CIWRUX__ligand66-0
471,CIWRUX__ligand311-0
472,CIWRUX__ligand785-0
473,CIWRUX__ligand479-0
474,CIWRUX__ligand7566-0
475,CIWRUX__ligand20121-0
476,CIWRUX__ligand15387-0
477,CIWRUX__ligand564-0
478,CIWRUX__ligand2001-0
479,CIWRUX__ligand370-1
480,CIWRUX__ligand20220-0
481,CIWRUX__ligand620-0
482,CIWRUX__ligand13657-0
483,CIWRUX__ligand14347-0
484,CIWRUX__ligand14302-0
485,CIWRUX__ligand20530-0
486,CIWRUX__ligand11698-0
487,CIWRUX__ligand5201-0
488,CIWRUX__ligand188-0
489,CIWRUX__ligand24851-0
490,CIWRUX__ligand1113-0
491,CIWRUX__ligand8553-0
492,CIWRUX__ligand29441-0
493,CIWRUX__ligand10853-0
494,CIWRUX__ligand10479-0
495,CIWRUX__ligand27610-0
496,CIWRUX__ligand11479-0
497,CIWRUX__ligand4124-0
498,CIWRUX__ligand3471-0
499,CIWRUX__ligand4161-0
500,CIWRUX__ligand250-0
501,CIWRUX__ligand19906-0
502,CIWRUX__ligand19668-0
503,CIWRUX__ligand5415-0
504,CIWRUX__ligand22353-0
505,CIWRUX__ligand3180-0
506,CIWRUX__ligand370-0
507,CIWRUX__ligand2281-0
508,CIWRUX__ligand2650-0
509,CIWRUX__ligand42-0
510,CIWRUX__ligand4340-0
511,CIWRUX__ligand2823-0
512,CIWRUX__ligand10151-0
513,CIWRUX__ligand6995-0
514,CIWRUX__ligand421-0
515,CIWRUX__ligand22357-0
516,CIWRUX__ligand4710-0
517,CIWRUX__ligand5755-0
518,CIWRUX__ligand11758-0
519,CIWRUX__ligand21448-0
520,CIWRUX__ligand3144-0
521,CIWRUX__ligand5085-0
522,CIWRUX__ligand6112-0
523,CIWRUX__ligand11501-0
524,CIWRUX__ligand11544-0
525,CIWRUX__ligand8042-0
526,CIWRUX__ligand1397-0
527,CIWRUX__ligand7213-0
528,CIWRUX__ligand685-0
529,CIWRUX__ligand29214-0
530,CIWRUX__ligand1828-0
531,CIWRUX__ligand17445-0
532,CIWRUX__ligand5630-0
533,CIWRUX__ligand294-0
534,CIWRUX__ligand14477-0
535,CIWRUX__ligand1786-0
536,CIWRUX__ligand17069-0
537,CIWRUX__ligand11798-0
538,CIWRUX__ligand4795-0
539,CIWRUX__ligand3285-0
540,CIWRUX__ligand20731-0
541,CIWRUX__ligand1908-0
542,CIWRUX__ligand12413-0
543,CIWRUX__ligand29334-0
544,CIWRUX__ligand5515-0
545,CIWRUX__ligand6663-0
546,CIWRUX__ligand27771-0
547,CIWRUX__ligand18158-0
548,CIWRUX__ligand23682-0
549,CIWRUX__ligand5614-0
550,CIWRUX__ligand5280-0
551,CIWRUX__ligand1831-0
552,CIWRUX__ligand560-0
553,CIWRUX__ligand29565-0
554,CIWRUX__ligand20942-1
555,CIWRUX__ligand14226-0
556,CIWRUX__ligand21339-0
557,CIWRUX__ligand16956-0
558,CIWRUX__ligand1216-0
559,CIWRUX__ligand27550-0
560,CIWRUX__ligand3261-0
561,CIWRUX__ligand1152-0
562,CIWRUX__ligand5019-0
563,CIWRUX__ligand14007-0
564,CIWRUX__ligand235-0
565,CIWRUX__ligand1849-0
566,CIWRUX__ligand18019-1
567,CIWRUX__ligand134-0
568,CIWRUX__ligand18413-0
569,CIWRUX__ligand20844-0
570,CIWRUX__ligand1150-0
571,CIWRUX__ligand24624-0
572,CIWRUX__ligand18-0
573,CIWRUX__ligand1539-0
574,CIWRUX__ligand18757-0
575,CIWRUX__ligand24560-0
576,CIWRUX__ligand868-0
577,CIWRUX__ligand4207-0
578,CIWRUX__ligand3416-0
579,CIWRUX__ligand3453-0
580,CIWRUX__ligand30788-0
581,CIWRUX__ligand13691-0
582,CIWRUX__ligand14339-0
583,CIWRUX__ligand3042-0
584,CIWRUX__ligand21752-0
585,CIWRUX__ligand4063-0
586,CIWRUX__ligand352-0
587,CIWRUX__ligand8200-0
588,CIWRUX__ligand783-0
589,CIWRUX__ligand7438-0
590,CIWRUX__ligand9750-0
591,CIWRUX__ligand21940-0
592,CIWRUX__ligand1817-0
593,CIWRUX__ligand6993-0
594,CIWRUX__ligand1779-0
595,CIWRUX__ligand25048-0
596,CIWRUX__ligand197-0
597,CIWRUX__ligand1149-0
598,CIWRUX__ligand24953-0
599,CIWRUX__ligand23445-0
600,CIWRUX__ligand3557-0
601,CIWRUX__ligand3980-0
602,CIWRUX__ligand16133-0
603,CIWRUX__ligand13755-0
604,CIWRUX__ligand7075-0
605,CIWRUX__ligand27122-0
606,CIWRUX__ligand20432-0
607,CIWRUX__ligand1288-0
608,CIWRUX__ligand4167-0
609,CIWRUX__ligand9491-0
610,CIWRUX__ligand30004-0
611,CIWRUX__ligand4266-0
612,CIWRUX__ligand1400-0
613,CIWRUX__ligand20557-0
614,CIWRUX__ligand2221-0
615,CIWRUX__ligand368-0
616,CIWRUX__ligand3120-0
617,CIWRUX__ligand3926-0
618,CIWRUX__ligand27285-0
619,CIWRUX__ligand29029-0
620,CIWRUX__ligand395-0
621,CIWRUX__ligand4358-0
622,CIWRUX__ligand4101-0
623,CIWRUX__ligand5595-0
624,CIWRUX__ligand23197-0
625,CIWRUX__ligand5510-0
626,CIWRUX__ligand1376-0
627,CIWRUX__ligand9773-0
628,CIWRUX__ligand27669-0
629,CIWRUX__ligand5099-0
630,CIWRUX__ligand8592-0
631,CIWRUX__ligand1197-0
632,CIWRUX__ligand67-0
633,CIWRUX__ligand30142-0
634,CIWRUX__ligand14167-0
635,CIWRUX__ligand13477-0
636,CIWRUX__ligand2259-0
637,CIWRUX__ligand784-0
638,CIWRUX__ligand1296-0
639,CIWRUX__ligand2822-0
640,CIWRUX__ligand7293-0
641,CIWRUX__ligand1317-0
642,CIWRUX__ligand3867-0
643,CIWRUX__ligand19184-0
644,CIWRUX__ligand28459-0
645,CIWRUX__ligand12453-0
646,CIWRUX__ligand18448-0
647,CIWRUX__ligand2238-0
648,CIWRUX__ligand5304-0
649,CIWRUX__ligand43-0
650,CIWRUX__ligand9167-0
651,CIWRUX__ligand833-0
652,CIWRUX__ligand10371-0
653,CIWRUX__ligand7762-0
654,CIWRUX__ligand5080-0
655,CIWRUX__ligand18568-0
656,CIWRUX__ligand28685-0
657,CIWRUX__ligand6117-0
658,CIWRUX__ligand1407-0
659,CIWRUX__ligand5509-0
660,CIWRUX__ligand115-0
661,CIWRUX__ligand8002-0
662,CIWRUX__ligand13672-0
663,CIWRUX__ligand2693-0
664,CIWRUX__ligand5383-0
665,CIWRUX__ligand14614-0
666,CIWRUX__ligand3945-0
667,CIWRUX__ligand16663-0
668,CIWRUX__ligand11994-0
669,CIWRUX__ligand8000-0
670,CIWRUX__ligand152-0
671,CIWRUX__ligand3736-0
672,CIWRUX__ligand31044-0
673,CIWRUX__ligand31842-0
674,CIWRUX__ligand9344-0
675,CIWRUX__ligand24035-0
676,CIWRUX__ligand9883-0
677,CIWRUX__ligand3677-1
678,CIWRUX__ligand506-0
679,CIWRUX__ligand7291-0
680,CIWRUX__ligand20207-0
681,CIWRUX__ligand30711-0
682,CIWRUX__ligand11682-0
683,CIWRUX__ligand9299-0
684,CIWRUX__ligand2985-0
685,CIWRUX__ligand16988-0
686,CIWRUX__ligand25913-0
687,CIWRUX__ligand4007-0
688,CIWRUX__ligand15883-0
689,CIWRUX__ligand6699-0
690,CIWRUX__ligand11970-0
691,CIWRUX__ligand19792-0
692,CIWRUX__ligand1294-0
693,CIWRUX__ligand10828-0
694,CIWRUX__ligand15926-0
695,CIWRUX__ligand1168-0
696,CIWRUX__ligand24230-0
697,CIWRUX__ligand3632-0
698,CIWRUX__ligand3677-0
699,CIWRUX__ligand28810-0
700,CIWRUX__ligand487-0
701,CIWRUX__ligand11096-0
702,CIWRUX__ligand11447-0
703,CIWRUX__ligand746-0
704,CIWRUX__ligand11357-0
705,CIWRUX__ligand13862-0
706,CIWRUX__ligand28743-0
707,CIWRUX__ligand15531-0
708,CIWRUX__ligand1211-0
709,CIWRUX__ligand447-0
710,CIWRUX__ligand12365-0
711,CIWRUX__ligand10056-0
712,CIWRUX__ligand6892-0
713,CIWRUX__ligand2881-0
714,CIWRUX__ligand21919-0
715,CIWRUX__ligand1499-0
716,CIWRUX__ligand3712-0
717,CIWRUX__ligand22294-0
718,CIWRUX__ligand1464-0
719,CIWRUX__ligand176-0
720,CIWRUX__ligand22168-0
721,CIWRUX__ligand28930-0
722,CIWRUX__ligand24-0
723,CIWRUX__ligand9943-0
724,CIWRUX__ligand1228-0
725,CIWRUX__ligand29486-0
726,CIWRUX__ligand31694-0
727,CIWRUX__ligand1604-0
728,CIWRUX__ligand353-0
729,CIWRUX__ligand17427-0
730,CIWRUX__ligand8788-0
731,CIWRUX__ligand1832-0
732,CIWRUX__ligand2043-0
733,CIWRUX__ligand12138-0
734,CIWRUX__ligand24780-0
735,CIWRUX__ligand22129-0
736,CIWRUX__ligand11949-0
737,CIWRUX__ligand2417-0
738,CIWRUX__ligand1114-0
739,CIWRUX__ligand393-0
740,CIWRUX__ligand19-0
741,CIWRUX__ligand9284-0
742,CIWRUX__ligand3126-0
743,CIWRUX__ligand25561-0
744,CIWRUX__ligand6391-0
745,CIWRUX__ligand686-0
746,CIWRUX__ligand24872-0
747,CIWRUX__ligand30728-0
748,CIWRUX__ligand27840-0
749,CIWRUX__ligand78-0
750,CIWRUX__ligand12001-0
751,CIWRUX__ligand2203-0
752,CIWRUX__ligand24644-0
753,CIWRUX__ligand5387-0
754,CIWRUX__ligand422-0
755,CIWRUX__ligand10033-0
756,CIWRUX__ligand1289-0
757,CIWRUX__ligand1599-0
758,CIWRUX__ligand24111-0
759,CIWRUX__ligand22444-0
760,CIWRUX__ligand13385-0
761,CIWRUX__ligand2612-0
762,CIWRUX__ligand14569-0
763,CIWRUX__ligand45-0
764,CIWRUX__ligand23175-0
765,CIWRUX__ligand15788-0
766,CIWRUX__ligand17396-0
767,CIWRUX__ligand9450-0
768,CIWRUX__ligand13220-0
769,CIWRUX__ligand11587-0
770,CIWRUX__ligand196-0
771,CIWRUX__ligand3178-0
772,CIWRUX__ligand22403-0
773,CIWRUX__ligand4807-0
774,CIWRUX__ligand28540-0
775,CIWRUX__ligand11111-0
776,CIWRUX__ligand5159-0
777,CIWRUX__ligand16369-0
778,CIWRUX__ligand7196-0
779,CIWRUX__ligand9753-0
780,CIWRUX__ligand5530-0
781,CIWRUX__ligand314-1
782,CIWRUX__ligand20695-0
783,CIWRUX__ligand27754-0
784,CIWRUX__ligand1356-0
785,CIWRUX__ligand1787-0
786,CIWRUX__ligand8793-0
787,CIWRUX__ligand29215-0
788,CIWRUX__ligand2788-0
789,CIWRUX__ligand5649-0
790,CIWRUX__ligand4649-0
791,CIWRUX__ligand465-0
792,CIWRUX__ligand21399-0
793,CIWRUX__ligand10872-0
794,CIWRUX__ligand4711-0
795,CIWRUX__ligand3244-0
796,CIWRUX__ligand12003-0
797,CIWRUX__ligand26631-0
798,CIWRUX__ligand16148-0
799,CIWRUX__ligand2906-0
800,CIWRUX__ligand14043-0
801,CIWRUX__ligand9323-0
802,CIWRUX__ligand28559-0
803,CIWRUX__ligand7273-0
804,CIWRUX__ligand26324-0
805,CIWRUX__ligand618-0
806,CIWRUX__ligand7172-0
807,CIWRUX__ligand19927-0
808,CIWRUX__ligand2124-0
809,CIWRUX__ligand391-0
810,CIWRUX__ligand8612-0
811,CIWRUX__ligand1153-0
812,CIWRUX__ligand3225-0
813,CIWRUX__ligand1116-0
814,CIWRUX__ligand7092-0
815,CIWRUX__ligand2260-0
816,CIWRUX__ligand21729-0
817,CIWRUX__ligand27239-0
818,CIWRUX__ligand780-0
819,CIWRUX__ligand26529-0
820,CIWRUX__ligand314-0
821,CIWRUX__ligand5708-0
822,CIWRUX__ligand8-0
823,CIWRUX__ligand7316-0
824,CIWRUX__ligand813-0
825,CIWRUX__ligand6017-0
826,CIWRUX__ligand5180-0
827,CIWRUX__ligand11618-0
