,TMC
0,CEYSOR__ligand19-0
1,CEYSOR__ligand11606-0
2,CEYSOR__ligand31000-0
3,CEYSOR__ligand5201-0
4,CEYSOR__ligand26673-0
5,CEYSOR__ligand768-0
6,CEYSOR__ligand20821-0
7,CEYSOR__ligand1113-0
8,CEYSOR__ligand1-0
9,CEYSOR__ligand8553-0
10,CEYSOR__ligand8593-0
11,CEYSOR__ligand9944-0
12,CEYSOR__ligand384-0
13,CEYSOR__ligand18067-0
14,CEYSOR__ligand19824-0
15,CEYSOR__ligand2001-0
16,CEYSOR__ligand11252-0
17,CEYSOR__ligand7566-0
18,CEYSOR__ligand24-0
19,CEYSOR__ligand13260-0
20,CEYSOR__ligand10582-0
21,CEYSOR__ligand4340-0
22,CEYSOR__ligand2281-0
23,CEYSOR__ligand2650-0
24,CEYSOR__ligand3180-0
25,CEYSOR__ligand31205-0
26,CEYSOR__ligand25658-0
27,CEYSOR__ligand17686-0
28,CEYSOR__ligand11177-0
29,CEYSOR__ligand240-0
30,CEYSOR__ligand6995-0
31,CEYSOR__ligand45-0
32,CEYSOR__ligand15455-0
33,CEYSOR__ligand141-0
34,CEYSOR__ligand2823-0
35,CEYSOR__ligand16870-0
36,CEYSOR__ligand4161-0
37,CEYSOR__ligand3471-0
38,CEYSOR__ligand4124-0
39,CEYSOR__ligand11622-0
40,CEYSOR__ligand78-0
41,CEYSOR__ligand11814-0
42,CEYSOR__ligand16603-0
43,CEYSOR__ligand5415-0
44,CEYSOR__ligand1028-0
45,CEYSOR__ligand24851-0
46,CEYSOR__ligand14347-0
47,CEYSOR__ligand13657-0
48,CEYSOR__ligand14302-0
49,CEYSOR__ligand11698-0
50,CEYSOR__ligand4262-0
51,CEYSOR__ligand20530-0
52,CEYSOR__ligand11479-0
53,CEYSOR__ligand27610-0
54,CEYSOR__ligand10479-0
55,CEYSOR__ligand2692-0
56,CEYSOR__ligand1618-0
57,CEYSOR__ligand10853-0
58,CEYSOR__ligand29441-0
59,CEYSOR__ligand16952-0
60,CEYSOR__ligand29813-0
61,CEYSOR__ligand20220-0
62,CEYSOR__ligand2027-0
63,CEYSOR__ligand20121-0
64,CEYSOR__ligand1015-0
65,CEYSOR__ligand1050-0
66,CEYSOR__ligand15387-0
67,CEYSOR__ligand693-0
68,CEYSOR__ligand757-0
69,CEYSOR__ligand8529-0
70,CEYSOR__ligand1169-0
71,CEYSOR__ligand10151-0
72,CEYSOR__ligand122-0
73,CEYSOR__ligand19906-0
74,CEYSOR__ligand19668-0
75,CEYSOR__ligand4596-0
76,CEYSOR__ligand1498-0
77,CEYSOR__ligand1154-0
78,CEYSOR__ligand3-0
79,CEYSOR__ligand22353-0
80,CEYSOR__ligand9615-0
81,CEYSOR__ligand14477-0
82,CEYSOR__ligand126-0
83,CEYSOR__ligand163-0
84,CEYSOR__ligand17069-0
85,CEYSOR__ligand3042-0
86,CEYSOR__ligand17445-0
87,CEYSOR__ligand67-0
88,CEYSOR__ligand4063-0
89,CEYSOR__ligand20731-0
90,CEYSOR__ligand8200-0
91,CEYSOR__ligand29334-0
92,CEYSOR__ligand7438-0
93,CEYSOR__ligand12413-0
94,CEYSOR__ligand11798-0
95,CEYSOR__ligand1539-0
96,CEYSOR__ligand845-0
97,CEYSOR__ligand21448-0
98,CEYSOR__ligand11758-0
99,CEYSOR__ligand1150-0
100,CEYSOR__ligand22357-0
101,CEYSOR__ligand3453-0
102,CEYSOR__ligand3416-0
103,CEYSOR__ligand29214-0
104,CEYSOR__ligand4207-0
105,CEYSOR__ligand11501-0
106,CEYSOR__ligand11544-0
107,CEYSOR__ligand27550-0
108,CEYSOR__ligand366-0
109,CEYSOR__ligand1288-0
110,CEYSOR__ligand9491-0
111,CEYSOR__ligand657-0
112,CEYSOR__ligand4266-0
113,CEYSOR__ligand1400-0
114,CEYSOR__ligand187-0
115,CEYSOR__ligand14007-0
116,CEYSOR__ligand4167-0
117,CEYSOR__ligand18019-1
118,CEYSOR__ligand6993-0
119,CEYSOR__ligand1817-0
120,CEYSOR__ligand43-0
121,CEYSOR__ligand23682-0
122,CEYSOR__ligand29565-0
123,CEYSOR__ligand1779-0
124,CEYSOR__ligand27771-0
125,CEYSOR__ligand941-0
126,CEYSOR__ligand9750-0
127,CEYSOR__ligand18158-0
128,CEYSOR__ligand596-0
129,CEYSOR__ligand21339-0
130,CEYSOR__ligand14226-0
131,CEYSOR__ligand16956-0
132,CEYSOR__ligand777-0
133,CEYSOR__ligand20942-1
134,CEYSOR__ligand7075-0
135,CEYSOR__ligand1149-0
136,CEYSOR__ligand3980-0
137,CEYSOR__ligand3557-0
138,CEYSOR__ligand1786-0
139,CEYSOR__ligand14339-0
140,CEYSOR__ligand13691-0
141,CEYSOR__ligand201-0
142,CEYSOR__ligand30788-0
143,CEYSOR__ligand5630-0
144,CEYSOR__ligand21752-0
145,CEYSOR__ligand1908-0
146,CEYSOR__ligand3285-0
147,CEYSOR__ligand4795-0
148,CEYSOR__ligand5085-0
149,CEYSOR__ligand24560-0
150,CEYSOR__ligand3144-0
151,CEYSOR__ligand18757-0
152,CEYSOR__ligand321-0
153,CEYSOR__ligand24624-0
154,CEYSOR__ligand5755-0
155,CEYSOR__ligand18413-0
156,CEYSOR__ligand4710-0
157,CEYSOR__ligand20844-0
158,CEYSOR__ligand7213-0
159,CEYSOR__ligand279-0
160,CEYSOR__ligand1397-0
161,CEYSOR__ligand1828-0
162,CEYSOR__ligand185-0
163,CEYSOR__ligand6112-0
164,CEYSOR__ligand178-0
165,CEYSOR__ligand8042-0
166,CEYSOR__ligand1152-0
167,CEYSOR__ligand3261-0
168,CEYSOR__ligand5019-0
169,CEYSOR__ligand1216-0
170,CEYSOR__ligand30004-0
171,CEYSOR__ligand20557-0
172,CEYSOR__ligand1849-0
173,CEYSOR__ligand1831-0
174,CEYSOR__ligand21940-0
175,CEYSOR__ligand5280-0
176,CEYSOR__ligand5614-0
177,CEYSOR__ligand25048-0
178,CEYSOR__ligand6663-0
179,CEYSOR__ligand5515-0
180,CEYSOR__ligand13755-0
181,CEYSOR__ligand16133-0
182,CEYSOR__ligand20432-0
183,CEYSOR__ligand27122-0
184,CEYSOR__ligand338-0
185,CEYSOR__ligand24953-0
186,CEYSOR__ligand23445-0
187,CEYSOR__ligand7291-0
188,CEYSOR__ligand692-0
189,CEYSOR__ligand9883-0
190,CEYSOR__ligand3677-1
191,CEYSOR__ligand13477-0
192,CEYSOR__ligand14167-0
193,CEYSOR__ligand436-0
194,CEYSOR__ligand4007-0
195,CEYSOR__ligand2985-0
196,CEYSOR__ligand27669-0
197,CEYSOR__ligand9299-0
198,CEYSOR__ligand30142-0
199,CEYSOR__ligand29029-0
200,CEYSOR__ligand3945-0
201,CEYSOR__ligand27285-0
202,CEYSOR__ligand5383-0
203,CEYSOR__ligand2693-0
204,CEYSOR__ligand326-0
205,CEYSOR__ligand9344-0
206,CEYSOR__ligand23197-0
207,CEYSOR__ligand8000-0
208,CEYSOR__ligand3736-0
209,CEYSOR__ligand6892-0
210,CEYSOR__ligand497-0
211,CEYSOR__ligand10371-0
212,CEYSOR__ligand1211-0
213,CEYSOR__ligand1464-0
214,CEYSOR__ligand3712-0
215,CEYSOR__ligand633-0
216,CEYSOR__ligand13672-0
217,CEYSOR__ligand2881-0
218,CEYSOR__ligand18568-0
219,CEYSOR__ligand28685-0
220,CEYSOR__ligand1499-0
221,CEYSOR__ligand6699-0
222,CEYSOR__ligand19184-0
223,CEYSOR__ligand3677-0
224,CEYSOR__ligand3632-0
225,CEYSOR__ligand28459-0
226,CEYSOR__ligand1294-0
227,CEYSOR__ligand1168-0
228,CEYSOR__ligand12453-0
229,CEYSOR__ligand18448-0
230,CEYSOR__ligand1376-0
231,CEYSOR__ligand30711-0
232,CEYSOR__ligand20207-0
233,CEYSOR__ligand5510-0
234,CEYSOR__ligand11682-0
235,CEYSOR__ligand9773-0
236,CEYSOR__ligand199-0
237,CEYSOR__ligand2259-0
238,CEYSOR__ligand25913-0
239,CEYSOR__ligand1296-0
240,CEYSOR__ligand16988-0
241,CEYSOR__ligand8592-0
242,CEYSOR__ligand5099-0
243,CEYSOR__ligand1197-0
244,CEYSOR__ligand3926-0
245,CEYSOR__ligand3120-0
246,CEYSOR__ligand4358-0
247,CEYSOR__ligand16663-0
248,CEYSOR__ligand2221-0
249,CEYSOR__ligand300-0
250,CEYSOR__ligand14614-0
251,CEYSOR__ligand18-0
252,CEYSOR__ligand24035-0
253,CEYSOR__ligand5595-0
254,CEYSOR__ligand4101-0
255,CEYSOR__ligand11994-0
256,CEYSOR__ligand31044-0
257,CEYSOR__ligand31842-0
258,CEYSOR__ligand588-0
259,CEYSOR__ligand12365-0
260,CEYSOR__ligand324-0
261,CEYSOR__ligand10056-0
262,CEYSOR__ligand361-0
263,CEYSOR__ligand409-0
264,CEYSOR__ligand28743-0
265,CEYSOR__ligand15531-0
266,CEYSOR__ligand13862-0
267,CEYSOR__ligand11357-0
268,CEYSOR__ligand5080-0
269,CEYSOR__ligand7762-0
270,CEYSOR__ligand1407-0
271,CEYSOR__ligand6117-0
272,CEYSOR__ligand22294-0
273,CEYSOR__ligand22168-0
274,CEYSOR__ligand28930-0
275,CEYSOR__ligand8002-0
276,CEYSOR__ligand5509-0
277,CEYSOR__ligand21919-0
278,CEYSOR__ligand11970-0
279,CEYSOR__ligand15883-0
280,CEYSOR__ligand3867-0
281,CEYSOR__ligand1317-0
282,CEYSOR__ligand7293-0
283,CEYSOR__ligand2822-0
284,CEYSOR__ligand24230-0
285,CEYSOR__ligand5304-0
286,CEYSOR__ligand11447-0
287,CEYSOR__ligand11096-0
288,CEYSOR__ligand9167-0
289,CEYSOR__ligand28810-0
290,CEYSOR__ligand10828-0
291,CEYSOR__ligand19792-0
292,CEYSOR__ligand2238-0
293,CEYSOR__ligand15926-0
294,CEYSOR__ligand11949-0
295,CEYSOR__ligand4649-0
296,CEYSOR__ligand2788-0
297,CEYSOR__ligand5649-0
298,CEYSOR__ligand8793-0
299,CEYSOR__ligand38-0
300,CEYSOR__ligand24780-0
301,CEYSOR__ligand12138-0
302,CEYSOR__ligand22129-0
303,CEYSOR__ligand2906-0
304,CEYSOR__ligand25561-0
305,CEYSOR__ligand3244-0
306,CEYSOR__ligand4711-0
307,CEYSOR__ligand358-0
308,CEYSOR__ligand4807-0
309,CEYSOR__ligand31694-0
310,CEYSOR__ligand430-0
311,CEYSOR__ligand488-0
312,CEYSOR__ligand29486-0
313,CEYSOR__ligand3178-0
314,CEYSOR__ligand9753-0
315,CEYSOR__ligand1356-0
316,CEYSOR__ligand1787-0
317,CEYSOR__ligand5530-0
318,CEYSOR__ligand5159-0
319,CEYSOR__ligand694-0
320,CEYSOR__ligand17427-0
321,CEYSOR__ligand7196-0
322,CEYSOR__ligand13385-0
323,CEYSOR__ligand6017-0
324,CEYSOR__ligand14569-0
325,CEYSOR__ligand5708-0
326,CEYSOR__ligand22444-0
327,CEYSOR__ligand7316-0
328,CEYSOR__ligand24111-0
329,CEYSOR__ligand11587-0
330,CEYSOR__ligand13220-0
331,CEYSOR__ligand15788-0
332,CEYSOR__ligand5180-0
333,CEYSOR__ligand23175-0
334,CEYSOR__ligand17396-0
335,CEYSOR__ligand670-0
336,CEYSOR__ligand30728-0
337,CEYSOR__ligand7172-0
338,CEYSOR__ligand27840-0
339,CEYSOR__ligand9323-0
340,CEYSOR__ligand571-0
341,CEYSOR__ligand534-0
342,CEYSOR__ligand7273-0
343,CEYSOR__ligand24872-0
344,CEYSOR__ligand2260-0
345,CEYSOR__ligand24644-0
346,CEYSOR__ligand7092-0
347,CEYSOR__ligand4-0
348,CEYSOR__ligand1116-0
349,CEYSOR__ligand3225-0
350,CEYSOR__ligand1153-0
351,CEYSOR__ligand10033-0
352,CEYSOR__ligand2124-0
353,CEYSOR__ligand12001-0
354,CEYSOR__ligand8612-0
355,CEYSOR__ligand2417-0
356,CEYSOR__ligand29215-0
357,CEYSOR__ligand9284-0
358,CEYSOR__ligand12003-0
359,CEYSOR__ligand16148-0
360,CEYSOR__ligand26631-0
361,CEYSOR__ligand3126-0
362,CEYSOR__ligand6391-0
363,CEYSOR__ligand10872-0
364,CEYSOR__ligand21399-0
365,CEYSOR__ligand1114-0
366,CEYSOR__ligand1604-0
367,CEYSOR__ligand22403-0
368,CEYSOR__ligand416-0
369,CEYSOR__ligand9943-0
370,CEYSOR__ligand383-0
371,CEYSOR__ligand1228-0
372,CEYSOR__ligand162-0
373,CEYSOR__ligand27754-0
374,CEYSOR__ligand20695-0
375,CEYSOR__ligand2043-0
376,CEYSOR__ligand11111-0
377,CEYSOR__ligand226-0
378,CEYSOR__ligand28540-0
379,CEYSOR__ligand1832-0
380,CEYSOR__ligand8788-0
381,CEYSOR__ligand16369-0
382,CEYSOR__ligand66-0
383,CEYSOR__ligand2612-0
384,CEYSOR__ligand26529-0
385,CEYSOR__ligand1599-0
386,CEYSOR__ligand11618-0
387,CEYSOR__ligand42-0
388,CEYSOR__ligand696-0
389,CEYSOR__ligand9450-0
390,CEYSOR__ligand656-0
391,CEYSOR__ligand19927-0
392,CEYSOR__ligand14043-0
393,CEYSOR__ligand26324-0
394,CEYSOR__ligand28559-0
395,CEYSOR__ligand5387-0
396,CEYSOR__ligand2203-0
397,CEYSOR__ligand1289-0
398,CEYSOR__ligand27239-0
399,CEYSOR__ligand21729-0
400,CEYSOR__ligand177-0
401,CEYSOR__ligand20539-0
402,CEYSOR__ligand4546-0
403,CEYSOR__ligand30702-0
404,CEYSOR__ligand20214-0
405,CEYSOR__ligand20251-0
406,CEYSOR__ligand4503-0
407,CEYSOR__ligand21581-0
408,CEYSOR__ligand31097-0
409,CEYSOR__ligand1285-0
410,CEYSOR__ligand17261-0
411,CEYSOR__ligand14117-0
412,CEYSOR__ligand7000-0
413,CEYSOR__ligand1982-0
414,CEYSOR__ligand6768-0
415,CEYSOR__ligand8115-0
416,CEYSOR__ligand20419-0
417,CEYSOR__ligand9291-0
418,CEYSOR__ligand17118-0
419,CEYSOR__ligand21371-0
420,CEYSOR__ligand2176-0
421,CEYSOR__ligand28789-0
422,CEYSOR__ligand2232-0
423,CEYSOR__ligand4157-0
424,CEYSOR__ligand29568-0
425,CEYSOR__ligand30851-0
426,CEYSOR__ligand909-0
427,CEYSOR__ligand14889-0
428,CEYSOR__ligand5256-0
429,CEYSOR__ligand7648-0
430,CEYSOR__ligand2828-0
431,CEYSOR__ligand8876-0
432,CEYSOR__ligand9833-0
433,CEYSOR__ligand1160-0
434,CEYSOR__ligand20011-0
435,CEYSOR__ligand17278-0
436,CEYSOR__ligand8699-0
437,CEYSOR__ligand29414-0
438,CEYSOR__ligand9520-0
439,CEYSOR__ligand372-0
440,CEYSOR__ligand17982-0
441,CEYSOR__ligand3954-0
442,CEYSOR__ligand4442-0
443,CEYSOR__ligand4093-0
444,CEYSOR__ligand830-0
445,CEYSOR__ligand7629-0
446,CEYSOR__ligand4272-0
447,CEYSOR__ligand17398-0
448,CEYSOR__ligand1451-0
449,CEYSOR__ligand11675-0
450,CEYSOR__ligand9784-0
451,CEYSOR__ligand20598-0
452,CEYSOR__ligand193-0
453,CEYSOR__ligand10589-0
454,CEYSOR__ligand22557-0
455,CEYSOR__ligand24047-0
456,CEYSOR__ligand57-0
457,CEYSOR__ligand252-0
458,CEYSOR__ligand7238-0
459,CEYSOR__ligand14703-0
460,CEYSOR__ligand16475-0
461,CEYSOR__ligand7280-0
462,CEYSOR__ligand1304-0
463,CEYSOR__ligand1790-0
464,CEYSOR__ligand116-0
465,CEYSOR__ligand1219-0
466,CEYSOR__ligand6709-0
467,CEYSOR__ligand7867-0
468,CEYSOR__ligand20251-1
469,CEYSOR__ligand4016-0
470,CEYSOR__ligand3718-0
471,CEYSOR__ligand6616-0
472,CEYSOR__ligand25411-0
473,CEYSOR__ligand3876-0
474,CEYSOR__ligand1343-0
475,CEYSOR__ligand3035-0
476,CEYSOR__ligand250-0
477,CEYSOR__ligand55-0
478,CEYSOR__ligand1844-0
479,CEYSOR__ligand4661-0
480,CEYSOR__ligand3504-0
481,CEYSOR__ligand8-0
482,CEYSOR__ligand1959-0
483,CEYSOR__ligand10712-0
484,CEYSOR__ligand14174-0
485,CEYSOR__ligand1573-0
486,CEYSOR__ligand1536-0
487,CEYSOR__ligand9935-0
488,CEYSOR__ligand11456-0
489,CEYSOR__ligand12030-0
490,CEYSOR__ligand1263-0
491,CEYSOR__ligand9908-0
492,CEYSOR__ligand14248-0
493,CEYSOR__ligand29879-0
494,CEYSOR__ligand13331-0
495,CEYSOR__ligand28884-0
496,CEYSOR__ligand370-0
497,CEYSOR__ligand7242-0
498,CEYSOR__ligand68-0
499,CEYSOR__ligand7106-0
500,CEYSOR__ligand31832-0
501,CEYSOR__ligand13294-0
502,CEYSOR__ligand4720-0
503,CEYSOR__ligand479-0
504,CEYSOR__ligand785-0
505,CEYSOR__ligand311-0
506,CEYSOR__ligand3131-0
507,CEYSOR__ligand3174-0
508,CEYSOR__ligand1202-0
509,CEYSOR__ligand3937-0
510,CEYSOR__ligand8969-0
511,CEYSOR__ligand6839-0
512,CEYSOR__ligand620-0
513,CEYSOR__ligand370-1
514,CEYSOR__ligand27482-0
515,CEYSOR__ligand5211-0
516,CEYSOR__ligand26810-0
517,CEYSOR__ligand564-0
518,CEYSOR__ligand3094-0
519,CEYSOR__ligand4155-0
520,CEYSOR__ligand13208-0
521,CEYSOR__ligand34-0
522,CEYSOR__ligand188-0
523,CEYSOR__ligand2485-0
524,CEYSOR__ligand3852-0
525,CEYSOR__ligand20682-0
526,CEYSOR__ligand6919-0
527,CEYSOR__ligand13390-0
528,CEYSOR__ligand5331-0
529,CEYSOR__ligand1512-0
530,CEYSOR__ligand3565-0
531,CEYSOR__ligand48-0
532,CEYSOR__ligand17302-0
533,CEYSOR__ligand560-0
534,CEYSOR__ligand2028-0
535,CEYSOR__ligand8835-0
536,CEYSOR__ligand17805-0
537,CEYSOR__ligand7126-0
538,CEYSOR__ligand24185-0
539,CEYSOR__ligand23769-0
540,CEYSOR__ligand1142-0
541,CEYSOR__ligand3234-0
542,CEYSOR__ligand25178-0
543,CEYSOR__ligand12401-0
544,CEYSOR__ligand15585-0
545,CEYSOR__ligand24145-0
546,CEYSOR__ligand10476-0
547,CEYSOR__ligand13068-0
548,CEYSOR__ligand19830-0
549,CEYSOR__ligand26702-0
550,CEYSOR__ligand13658-0
551,CEYSOR__ligand18292-0
552,CEYSOR__ligand12289-0
553,CEYSOR__ligand134-0
554,CEYSOR__ligand17387-0
555,CEYSOR__ligand12130-0
556,CEYSOR__ligand4641-0
557,CEYSOR__ligand235-0
558,CEYSOR__ligand12231-0
559,CEYSOR__ligand19057-0
560,CEYSOR__ligand2295-0
561,CEYSOR__ligand1577-0
562,CEYSOR__ligand6067-0
563,CEYSOR__ligand18814-0
564,CEYSOR__ligand421-0
565,CEYSOR__ligand29302-0
566,CEYSOR__ligand13425-0
567,CEYSOR__ligand685-0
568,CEYSOR__ligand51-0
569,CEYSOR__ligand4620-0
570,CEYSOR__ligand28676-0
571,CEYSOR__ligand10262-0
572,CEYSOR__ligand27763-0
573,CEYSOR__ligand6102-0
574,CEYSOR__ligand3721-0
575,CEYSOR__ligand6904-0
576,CEYSOR__ligand6596-0
577,CEYSOR__ligand91-0
578,CEYSOR__ligand12641-0
579,CEYSOR__ligand294-0
580,CEYSOR__ligand3465-0
581,CEYSOR__ligand10958-0
582,CEYSOR__ligand14108-0
583,CEYSOR__ligand7819-0
584,CEYSOR__ligand2917-0
585,CEYSOR__ligand197-0
586,CEYSOR__ligand30333-0
587,CEYSOR__ligand6244-0
588,CEYSOR__ligand1378-0
589,CEYSOR__ligand12606-0
590,CEYSOR__ligand30296-0
591,CEYSOR__ligand3156-0
592,CEYSOR__ligand2915-0
593,CEYSOR__ligand17281-0
594,CEYSOR__ligand26540-0
595,CEYSOR__ligand29410-0
596,CEYSOR__ligand12337-0
597,CEYSOR__ligand12427-0
598,CEYSOR__ligand28468-0
599,CEYSOR__ligand20740-0
600,CEYSOR__ligand1631-0
601,CEYSOR__ligand9933-0
602,CEYSOR__ligand16628-0
603,CEYSOR__ligand1575-0
604,CEYSOR__ligand1530-0
605,CEYSOR__ligand2332-0
606,CEYSOR__ligand16-0
607,CEYSOR__ligand27460-0
608,CEYSOR__ligand9441-0
609,CEYSOR__ligand23713-0
610,CEYSOR__ligand27175-0
611,CEYSOR__ligand868-0
612,CEYSOR__ligand18832-0
613,CEYSOR__ligand9952-0
614,CEYSOR__ligand9111-0
615,CEYSOR__ligand2526-0
616,CEYSOR__ligand5036-0
617,CEYSOR__ligand1615-0
618,CEYSOR__ligand30988-0
619,CEYSOR__ligand14723-0
620,CEYSOR__ligand5643-0
621,CEYSOR__ligand32-0
622,CEYSOR__ligand27893-0
623,CEYSOR__ligand1823-0
624,CEYSOR__ligand20578-0
625,CEYSOR__ligand12934-0
626,CEYSOR__ligand15422-0
627,CEYSOR__ligand8721-0
628,CEYSOR__ligand19641-0
629,CEYSOR__ligand1324-0
630,CEYSOR__ligand6124-0
631,CEYSOR__ligand3707-0
632,CEYSOR__ligand7967-0
633,CEYSOR__ligand4116-0
634,CEYSOR__ligand31783-0
635,CEYSOR__ligand1018-0
636,CEYSOR__ligand14603-0
637,CEYSOR__ligand8992-0
638,CEYSOR__ligand14297-0
639,CEYSOR__ligand783-0
640,CEYSOR__ligand352-0
641,CEYSOR__ligand17258-0
642,CEYSOR__ligand13012-0
643,CEYSOR__ligand9601-0
644,CEYSOR__ligand17631-0
645,CEYSOR__ligand26665-0
646,CEYSOR__ligand69-0
647,CEYSOR__ligand27835-0
648,CEYSOR__ligand7107-0
649,CEYSOR__ligand12295-0
650,CEYSOR__ligand833-0
651,CEYSOR__ligand25689-0
652,CEYSOR__ligand25575-0
653,CEYSOR__ligand21787-0
654,CEYSOR__ligand3215-0
655,CEYSOR__ligand5813-0
656,CEYSOR__ligand4813-0
657,CEYSOR__ligand4738-0
658,CEYSOR__ligand30539-0
659,CEYSOR__ligand6062-0
660,CEYSOR__ligand115-0
661,CEYSOR__ligand23906-0
662,CEYSOR__ligand6283-0
663,CEYSOR__ligand11166-0
664,CEYSOR__ligand11-0
665,CEYSOR__ligand21132-0
666,CEYSOR__ligand395-0
667,CEYSOR__ligand2599-0
668,CEYSOR__ligand4330-0
669,CEYSOR__ligand368-0
670,CEYSOR__ligand7532-0
671,CEYSOR__ligand25735-0
672,CEYSOR__ligand12519-0
673,CEYSOR__ligand23124-0
674,CEYSOR__ligand4194-0
675,CEYSOR__ligand11206-0
676,CEYSOR__ligand2068-0
677,CEYSOR__ligand12660-0
678,CEYSOR__ligand7925-0
679,CEYSOR__ligand13209-0
680,CEYSOR__ligand19257-0
681,CEYSOR__ligand25650-0
682,CEYSOR__ligand1147-0
683,CEYSOR__ligand31248-0
684,CEYSOR__ligand784-0
685,CEYSOR__ligand3973-0
686,CEYSOR__ligand2403-0
687,CEYSOR__ligand16791-0
688,CEYSOR__ligand28668-0
689,CEYSOR__ligand487-0
690,CEYSOR__ligand3934-0
691,CEYSOR__ligand18799-0
692,CEYSOR__ligand6882-0
693,CEYSOR__ligand18465-0
694,CEYSOR__ligand6455-0
695,CEYSOR__ligand9681-0
696,CEYSOR__ligand447-0
697,CEYSOR__ligand13869-0
698,CEYSOR__ligand18074-0
699,CEYSOR__ligand4332-0
700,CEYSOR__ligand746-0
701,CEYSOR__ligand29863-0
702,CEYSOR__ligand176-0
703,CEYSOR__ligand1449-0
704,CEYSOR__ligand29610-0
705,CEYSOR__ligand3012-0
706,CEYSOR__ligand11140-0
707,CEYSOR__ligand7530-0
708,CEYSOR__ligand1065-0
709,CEYSOR__ligand10084-0
710,CEYSOR__ligand5316-0
711,CEYSOR__ligand25267-0
712,CEYSOR__ligand12467-0
713,CEYSOR__ligand5483-0
714,CEYSOR__ligand5627-0
715,CEYSOR__ligand21936-0
716,CEYSOR__ligand1729-0
717,CEYSOR__ligand13257-0
718,CEYSOR__ligand2830-0
719,CEYSOR__ligand23904-0
720,CEYSOR__ligand152-0
721,CEYSOR__ligand27074-0
722,CEYSOR__ligand1415-0
723,CEYSOR__ligand6946-0
724,CEYSOR__ligand7529-0
725,CEYSOR__ligand506-0
726,CEYSOR__ligand20599-0
727,CEYSOR__ligand22981-0
728,CEYSOR__ligand25805-0
729,CEYSOR__ligand18391-0
730,CEYSOR__ligand9148-0
731,CEYSOR__ligand14523-0
732,CEYSOR__ligand27169-0
733,CEYSOR__ligand3871-0
734,CEYSOR__ligand1469-0
735,CEYSOR__ligand17-0
736,CEYSOR__ligand686-0
737,CEYSOR__ligand18699-0
738,CEYSOR__ligand1768-0
739,CEYSOR__ligand12682-0
740,CEYSOR__ligand422-0
741,CEYSOR__ligand17240-0
742,CEYSOR__ligand5056-0
743,CEYSOR__ligand4850-0
744,CEYSOR__ligand1688-0
745,CEYSOR__ligand17590-0
746,CEYSOR__ligand5357-0
747,CEYSOR__ligand3647-0
748,CEYSOR__ligand3157-0
749,CEYSOR__ligand13072-0
750,CEYSOR__ligand1165-0
751,CEYSOR__ligand12336-0
752,CEYSOR__ligand9525-0
753,CEYSOR__ligand196-0
754,CEYSOR__ligand5935-0
755,CEYSOR__ligand1379-0
756,CEYSOR__ligand2722-0
757,CEYSOR__ligand5849-0
758,CEYSOR__ligand353-0
759,CEYSOR__ligand24613-0
760,CEYSOR__ligand19725-0
761,CEYSOR__ligand3392-0
762,CEYSOR__ligand31483-0
763,CEYSOR__ligand10555-0
764,CEYSOR__ligand1771-0
765,CEYSOR__ligand4911-0
766,CEYSOR__ligand1709-0
767,CEYSOR__ligand8464-0
768,CEYSOR__ligand8349-0
769,CEYSOR__ligand20579-0
770,CEYSOR__ligand17710-0
771,CEYSOR__ligand11568-0
772,CEYSOR__ligand21421-0
773,CEYSOR__ligand393-0
774,CEYSOR__ligand2527-0
775,CEYSOR__ligand14586-0
776,CEYSOR__ligand11774-0
777,CEYSOR__ligand6672-0
778,CEYSOR__ligand618-0
779,CEYSOR__ligand9809-0
780,CEYSOR__ligand1327-0
781,CEYSOR__ligand8722-0
782,CEYSOR__ligand89-0
783,CEYSOR__ligand7573-0
784,CEYSOR__ligand2781-0
785,CEYSOR__ligand3350-0
786,CEYSOR__ligand3208-0
787,CEYSOR__ligand2208-0
788,CEYSOR__ligand29898-0
789,CEYSOR__ligand26277-0
790,CEYSOR__ligand10432-0
791,CEYSOR__ligand391-0
792,CEYSOR__ligand11432-0
793,CEYSOR__ligand31618-0
794,CEYSOR__ligand22755-0
795,CEYSOR__ligand813-0
796,CEYSOR__ligand15168-0
797,CEYSOR__ligand1900-0
798,CEYSOR__ligand9197-0
799,CEYSOR__ligand314-0
800,CEYSOR__ligand780-0
801,CEYSOR__ligand49-0
802,CEYSOR__ligand2328-0
803,CEYSOR__ligand1773-0
804,CEYSOR__ligand4581-0
805,CEYSOR__ligand24064-0
806,CEYSOR__ligand23589-0
807,CEYSOR__ligand3029-0
808,CEYSOR__ligand7162-0
809,CEYSOR__ligand29087-0
810,CEYSOR__ligand18703-0
811,CEYSOR__ligand5094-0
812,CEYSOR__ligand5892-0
813,CEYSOR__ligand314-1
814,CEYSOR__ligand15438-0
815,CEYSOR__ligand28924-0
816,CEYSOR__ligand4131-0
817,CEYSOR__ligand1712-0
818,CEYSOR__ligand7557-0
819,CEYSOR__ligand24750-0
820,CEYSOR__ligand1496-0
821,CEYSOR__ligand1533-0
822,CEYSOR__ligand25224-0
823,CEYSOR__ligand18013-0
824,CEYSOR__ligand17945-0
825,CEYSOR__ligand17207-0
826,CEYSOR__ligand465-0
827,CEYSOR__ligand31578-0
