,TMC
0,UDODUO__ligand7967-0
1,UDODUO__ligand3707-0
2,UDODUO__ligand6124-0
3,UDODUO__ligand18074-0
4,UDODUO__ligand1018-0
5,UDODUO__ligand13869-0
6,UDODUO__ligand29863-0
7,UDODUO__ligand4116-0
8,UDODUO__ligand29610-0
9,UDODUO__ligand8992-0
10,UDODUO__ligand11140-0
11,UDODUO__ligand9601-0
12,UDODUO__ligand9111-0
13,UDODUO__ligand9952-0
14,UDODUO__ligand16791-0
15,UDODUO__ligand338-0
16,UDODUO__ligand28668-0
17,UDODUO__ligand1615-0
18,UDODUO__ligand5036-0
19,UDODUO__ligand2526-0
20,UDODUO__ligand1823-0
21,UDODUO__ligand5643-0
22,UDODUO__ligand18799-0
23,UDODUO__ligand1324-0
24,UDODUO__ligand8721-0
25,UDODUO__ligand18465-0
26,UDODUO__ligand1631-0
27,UDODUO__ligand1-0
28,UDODUO__ligand27074-0
29,UDODUO__ligand1530-0
30,UDODUO__ligand20599-0
31,UDODUO__ligand1575-0
32,UDODUO__ligand22981-0
33,UDODUO__ligand9933-0
34,UDODUO__ligand25805-0
35,UDODUO__ligand18391-0
36,UDODUO__ligand9441-0
37,UDODUO__ligand27169-0
38,UDODUO__ligand2332-0
39,UDODUO__ligand14523-0
40,UDODUO__ligand201-0
41,UDODUO__ligand185-0
42,UDODUO__ligand6244-0
43,UDODUO__ligand10084-0
44,UDODUO__ligand25267-0
45,UDODUO__ligand279-0
46,UDODUO__ligand12467-0
47,UDODUO__ligand1378-0
48,UDODUO__ligand178-0
49,UDODUO__ligand21936-0
50,UDODUO__ligand2915-0
51,UDODUO__ligand13257-0
52,UDODUO__ligand3156-0
53,UDODUO__ligand23904-0
54,UDODUO__ligand321-0
55,UDODUO__ligand657-0
56,UDODUO__ligand6596-0
57,UDODUO__ligand6904-0
58,UDODUO__ligand3721-0
59,UDODUO__ligand30539-0
60,UDODUO__ligand6102-0
61,UDODUO__ligand187-0
62,UDODUO__ligand3465-0
63,UDODUO__ligand366-0
64,UDODUO__ligand69-0
65,UDODUO__ligand23906-0
66,UDODUO__ligand2917-0
67,UDODUO__ligand11166-0
68,UDODUO__ligand7819-0
69,UDODUO__ligand21132-0
70,UDODUO__ligand6067-0
71,UDODUO__ligand1577-0
72,UDODUO__ligand2295-0
73,UDODUO__ligand777-0
74,UDODUO__ligand27835-0
75,UDODUO__ligand12295-0
76,UDODUO__ligand3-0
77,UDODUO__ligand11-0
78,UDODUO__ligand4620-0
79,UDODUO__ligand25689-0
80,UDODUO__ligand21787-0
81,UDODUO__ligand25575-0
82,UDODUO__ligand596-0
83,UDODUO__ligand941-0
84,UDODUO__ligand12660-0
85,UDODUO__ligand13209-0
86,UDODUO__ligand19257-0
87,UDODUO__ligand25650-0
88,UDODUO__ligand163-0
89,UDODUO__ligand31248-0
90,UDODUO__ligand126-0
91,UDODUO__ligand4641-0
92,UDODUO__ligand7126-0
93,UDODUO__ligand8835-0
94,UDODUO__ligand2028-0
95,UDODUO__ligand25735-0
96,UDODUO__ligand12519-0
97,UDODUO__ligand845-0
98,UDODUO__ligand23124-0
99,UDODUO__ligand11206-0
100,UDODUO__ligand3234-0
101,UDODUO__ligand1142-0
102,UDODUO__ligand6919-0
103,UDODUO__ligand15168-0
104,UDODUO__ligand3852-0
105,UDODUO__ligand122-0
106,UDODUO__ligand2485-0
107,UDODUO__ligand1512-0
108,UDODUO__ligand5331-0
109,UDODUO__ligand757-0
110,UDODUO__ligand24064-0
111,UDODUO__ligand89-0
112,UDODUO__ligand3565-0
113,UDODUO__ligand23589-0
114,UDODUO__ligand49-0
115,UDODUO__ligand4720-0
116,UDODUO__ligand6839-0
117,UDODUO__ligand8969-0
118,UDODUO__ligand1202-0
119,UDODUO__ligand3937-0
120,UDODUO__ligand3174-0
121,UDODUO__ligand3131-0
122,UDODUO__ligand5211-0
123,UDODUO__ligand29898-0
124,UDODUO__ligand26277-0
125,UDODUO__ligand11432-0
126,UDODUO__ligand31618-0
127,UDODUO__ligand10432-0
128,UDODUO__ligand4155-0
129,UDODUO__ligand3094-0
130,UDODUO__ligand22755-0
131,UDODUO__ligand9908-0
132,UDODUO__ligand1263-0
133,UDODUO__ligand24750-0
134,UDODUO__ligand25224-0
135,UDODUO__ligand18013-0
136,UDODUO__ligand7242-0
137,UDODUO__ligand17945-0
138,UDODUO__ligand31578-0
139,UDODUO__ligand7106-0
140,UDODUO__ligand17207-0
141,UDODUO__ligand3035-0
142,UDODUO__ligand3876-0
143,UDODUO__ligand1343-0
144,UDODUO__ligand6616-0
145,UDODUO__ligand29087-0
146,UDODUO__ligand3718-0
147,UDODUO__ligand4661-0
148,UDODUO__ligand1844-0
149,UDODUO__ligand693-0
150,UDODUO__ligand18703-0
151,UDODUO__ligand15438-0
152,UDODUO__ligand1959-0
153,UDODUO__ligand28924-0
154,UDODUO__ligand3504-0
155,UDODUO__ligand9935-0
156,UDODUO__ligand1536-0
157,UDODUO__ligand1573-0
158,UDODUO__ligand7238-0
159,UDODUO__ligand13072-0
160,UDODUO__ligand240-0
161,UDODUO__ligand1790-0
162,UDODUO__ligand12336-0
163,UDODUO__ligand1304-0
164,UDODUO__ligand141-0
165,UDODUO__ligand7280-0
166,UDODUO__ligand7867-0
167,UDODUO__ligand6709-0
168,UDODUO__ligand1219-0
169,UDODUO__ligand4016-0
170,UDODUO__ligand17-0
171,UDODUO__ligand9520-0
172,UDODUO__ligand8699-0
173,UDODUO__ligand1160-0
174,UDODUO__ligand4093-0
175,UDODUO__ligand18699-0
176,UDODUO__ligand4442-0
177,UDODUO__ligand3954-0
178,UDODUO__ligand12682-0
179,UDODUO__ligand1451-0
180,UDODUO__ligand17240-0
181,UDODUO__ligand4272-0
182,UDODUO__ligand7629-0
183,UDODUO__ligand17590-0
184,UDODUO__ligand9784-0
185,UDODUO__ligand2176-0
186,UDODUO__ligand9291-0
187,UDODUO__ligand768-0
188,UDODUO__ligand2232-0
189,UDODUO__ligand17710-0
190,UDODUO__ligand20579-0
191,UDODUO__ligand11568-0
192,UDODUO__ligand21421-0
193,UDODUO__ligand4157-0
194,UDODUO__ligand9833-0
195,UDODUO__ligand8876-0
196,UDODUO__ligand2828-0
197,UDODUO__ligand7648-0
198,UDODUO__ligand14586-0
199,UDODUO__ligand5256-0
200,UDODUO__ligand11774-0
201,UDODUO__ligand4503-0
202,UDODUO__ligand4546-0
203,UDODUO__ligand24613-0
204,UDODUO__ligand19725-0
205,UDODUO__ligand31483-0
206,UDODUO__ligand10555-0
207,UDODUO__ligand1285-0
208,UDODUO__ligand8115-0
209,UDODUO__ligand6768-0
210,UDODUO__ligand1982-0
211,UDODUO__ligand7000-0
212,UDODUO__ligand384-0
213,UDODUO__ligand12030-0
214,UDODUO__ligand1496-0
215,UDODUO__ligand696-0
216,UDODUO__ligand7557-0
217,UDODUO__ligand14248-0
218,UDODUO__ligand29879-0
219,UDODUO__ligand28884-0
220,UDODUO__ligand13331-0
221,UDODUO__ligand1533-0
222,UDODUO__ligand31832-0
223,UDODUO__ligand13294-0
224,UDODUO__ligand55-0
225,UDODUO__ligand25411-0
226,UDODUO__ligand68-0
227,UDODUO__ligand5892-0
228,UDODUO__ligand5094-0
229,UDODUO__ligand656-0
230,UDODUO__ligand14174-0
231,UDODUO__ligand10712-0
232,UDODUO__ligand11456-0
233,UDODUO__ligand1712-0
234,UDODUO__ligand4131-0
235,UDODUO__ligand9197-0
236,UDODUO__ligand20682-0
237,UDODUO__ligand1900-0
238,UDODUO__ligand13390-0
239,UDODUO__ligand4581-0
240,UDODUO__ligand1773-0
241,UDODUO__ligand2328-0
242,UDODUO__ligand7162-0
243,UDODUO__ligand3029-0
244,UDODUO__ligand8722-0
245,UDODUO__ligand1327-0
246,UDODUO__ligand9809-0
247,UDODUO__ligand6672-0
248,UDODUO__ligand162-0
249,UDODUO__ligand3350-0
250,UDODUO__ligand2781-0
251,UDODUO__ligand226-0
252,UDODUO__ligand7573-0
253,UDODUO__ligand34-0
254,UDODUO__ligand416-0
255,UDODUO__ligand2208-0
256,UDODUO__ligand26810-0
257,UDODUO__ligand3208-0
258,UDODUO__ligand27482-0
259,UDODUO__ligand383-0
260,UDODUO__ligand13208-0
261,UDODUO__ligand20419-0
262,UDODUO__ligand8349-0
263,UDODUO__ligand8464-0
264,UDODUO__ligand21371-0
265,UDODUO__ligand17118-0
266,UDODUO__ligand1709-0
267,UDODUO__ligand28789-0
268,UDODUO__ligand29568-0
269,UDODUO__ligand14889-0
270,UDODUO__ligand30851-0
271,UDODUO__ligand2527-0
272,UDODUO__ligand20539-0
273,UDODUO__ligand20214-0
274,UDODUO__ligand30702-0
275,UDODUO__ligand20251-0
276,UDODUO__ligand5849-0
277,UDODUO__ligand31097-0
278,UDODUO__ligand21581-0
279,UDODUO__ligand14117-0
280,UDODUO__ligand670-0
281,UDODUO__ligand17261-0
282,UDODUO__ligand3392-0
283,UDODUO__ligand534-0
284,UDODUO__ligand571-0
285,UDODUO__ligand4911-0
286,UDODUO__ligand1771-0
287,UDODUO__ligand14703-0
288,UDODUO__ligand16475-0
289,UDODUO__ligand3157-0
290,UDODUO__ligand9525-0
291,UDODUO__ligand1165-0
292,UDODUO__ligand5935-0
293,UDODUO__ligand2722-0
294,UDODUO__ligand20251-1
295,UDODUO__ligand1379-0
296,UDODUO__ligand1469-0
297,UDODUO__ligand17278-0
298,UDODUO__ligand20011-0
299,UDODUO__ligand17982-0
300,UDODUO__ligand3871-0
301,UDODUO__ligand29414-0
302,UDODUO__ligand1768-0
303,UDODUO__ligand694-0
304,UDODUO__ligand4850-0
305,UDODUO__ligand57-0
306,UDODUO__ligand430-0
307,UDODUO__ligand5056-0
308,UDODUO__ligand358-0
309,UDODUO__ligand17398-0
310,UDODUO__ligand20598-0
311,UDODUO__ligand3647-0
312,UDODUO__ligand5357-0
313,UDODUO__ligand11675-0
314,UDODUO__ligand24047-0
315,UDODUO__ligand488-0
316,UDODUO__ligand10589-0
317,UDODUO__ligand22557-0
318,UDODUO__ligand1688-0
319,UDODUO__ligand12427-0
320,UDODUO__ligand1415-0
321,UDODUO__ligand6946-0
322,UDODUO__ligand28468-0
323,UDODUO__ligand20740-0
324,UDODUO__ligand16628-0
325,UDODUO__ligand7529-0
326,UDODUO__ligand409-0
327,UDODUO__ligand361-0
328,UDODUO__ligand324-0
329,UDODUO__ligand27460-0
330,UDODUO__ligand9148-0
331,UDODUO__ligand5316-0
332,UDODUO__ligand30333-0
333,UDODUO__ligand12606-0
334,UDODUO__ligand16-0
335,UDODUO__ligand4-0
336,UDODUO__ligand5483-0
337,UDODUO__ligand30296-0
338,UDODUO__ligand1729-0
339,UDODUO__ligand17281-0
340,UDODUO__ligand5627-0
341,UDODUO__ligand26540-0
342,UDODUO__ligand12337-0
343,UDODUO__ligand2830-0
344,UDODUO__ligand29410-0
345,UDODUO__ligand9681-0
346,UDODUO__ligand32-0
347,UDODUO__ligand31783-0
348,UDODUO__ligand4332-0
349,UDODUO__ligand3012-0
350,UDODUO__ligand14603-0
351,UDODUO__ligand14297-0
352,UDODUO__ligand1449-0
353,UDODUO__ligand17258-0
354,UDODUO__ligand1065-0
355,UDODUO__ligand17631-0
356,UDODUO__ligand13012-0
357,UDODUO__ligand7530-0
358,UDODUO__ligand26665-0
359,UDODUO__ligand199-0
360,UDODUO__ligand27175-0
361,UDODUO__ligand18832-0
362,UDODUO__ligand23713-0
363,UDODUO__ligand2403-0
364,UDODUO__ligand588-0
365,UDODUO__ligand30988-0
366,UDODUO__ligand14723-0
367,UDODUO__ligand3934-0
368,UDODUO__ligand27893-0
369,UDODUO__ligand300-0
370,UDODUO__ligand6455-0
371,UDODUO__ligand20578-0
372,UDODUO__ligand12934-0
373,UDODUO__ligand6882-0
374,UDODUO__ligand15422-0
375,UDODUO__ligand19641-0
376,UDODUO__ligand633-0
377,UDODUO__ligand7925-0
378,UDODUO__ligand12401-0
379,UDODUO__ligand15585-0
380,UDODUO__ligand24145-0
381,UDODUO__ligand2068-0
382,UDODUO__ligand10476-0
383,UDODUO__ligand13068-0
384,UDODUO__ligand19830-0
385,UDODUO__ligand18292-0
386,UDODUO__ligand12289-0
387,UDODUO__ligand48-0
388,UDODUO__ligand26702-0
389,UDODUO__ligand13658-0
390,UDODUO__ligand1147-0
391,UDODUO__ligand17387-0
392,UDODUO__ligand12130-0
393,UDODUO__ligand497-0
394,UDODUO__ligand3973-0
395,UDODUO__ligand12231-0
396,UDODUO__ligand17302-0
397,UDODUO__ligand4330-0
398,UDODUO__ligand2599-0
399,UDODUO__ligand17805-0
400,UDODUO__ligand24185-0
401,UDODUO__ligand23769-0
402,UDODUO__ligand7532-0
403,UDODUO__ligand25178-0
404,UDODUO__ligand4194-0
405,UDODUO__ligand4738-0
406,UDODUO__ligand12641-0
407,UDODUO__ligand4813-0
408,UDODUO__ligand5813-0
409,UDODUO__ligand51-0
410,UDODUO__ligand436-0
411,UDODUO__ligand10958-0
412,UDODUO__ligand6062-0
413,UDODUO__ligand6283-0
414,UDODUO__ligand14108-0
415,UDODUO__ligand692-0
416,UDODUO__ligand18814-0
417,UDODUO__ligand19057-0
418,UDODUO__ligand29302-0
419,UDODUO__ligand7107-0
420,UDODUO__ligand13425-0
421,UDODUO__ligand91-0
422,UDODUO__ligand326-0
423,UDODUO__ligand3215-0
424,UDODUO__ligand28676-0
425,UDODUO__ligand10262-0
426,UDODUO__ligand27763-0
427,UDODUO__ligand5614-0
428,UDODUO__ligand16663-0
429,UDODUO__ligand5280-0
430,UDODUO__ligand1831-0
431,UDODUO__ligand5515-0
432,UDODUO__ligand14614-0
433,UDODUO__ligand6663-0
434,UDODUO__ligand24035-0
435,UDODUO__ligand868-0
436,UDODUO__ligand11994-0
437,UDODUO__ligand31044-0
438,UDODUO__ligand31842-0
439,UDODUO__ligand18-0
440,UDODUO__ligand5019-0
441,UDODUO__ligand20207-0
442,UDODUO__ligand30711-0
443,UDODUO__ligand3261-0
444,UDODUO__ligand1152-0
445,UDODUO__ligand11682-0
446,UDODUO__ligand783-0
447,UDODUO__ligand352-0
448,UDODUO__ligand1216-0
449,UDODUO__ligand16988-0
450,UDODUO__ligand25913-0
451,UDODUO__ligand1849-0
452,UDODUO__ligand3144-0
453,UDODUO__ligand5085-0
454,UDODUO__ligand11970-0
455,UDODUO__ligand15883-0
456,UDODUO__ligand4710-0
457,UDODUO__ligand5755-0
458,UDODUO__ligand24230-0
459,UDODUO__ligand1828-0
460,UDODUO__ligand28810-0
461,UDODUO__ligand1397-0
462,UDODUO__ligand197-0
463,UDODUO__ligand11447-0
464,UDODUO__ligand7213-0
465,UDODUO__ligand11096-0
466,UDODUO__ligand19792-0
467,UDODUO__ligand8042-0
468,UDODUO__ligand10828-0
469,UDODUO__ligand15926-0
470,UDODUO__ligand6112-0
471,UDODUO__ligand1786-0
472,UDODUO__ligand12365-0
473,UDODUO__ligand10056-0
474,UDODUO__ligand5630-0
475,UDODUO__ligand13862-0
476,UDODUO__ligand11357-0
477,UDODUO__ligand28743-0
478,UDODUO__ligand15531-0
479,UDODUO__ligand1908-0
480,UDODUO__ligand22294-0
481,UDODUO__ligand22168-0
482,UDODUO__ligand28930-0
483,UDODUO__ligand21919-0
484,UDODUO__ligand4795-0
485,UDODUO__ligand3285-0
486,UDODUO__ligand1779-0
487,UDODUO__ligand27285-0
488,UDODUO__ligand29029-0
489,UDODUO__ligand685-0
490,UDODUO__ligand1817-0
491,UDODUO__ligand6993-0
492,UDODUO__ligand9750-0
493,UDODUO__ligand7075-0
494,UDODUO__ligand23197-0
495,UDODUO__ligand421-0
496,UDODUO__ligand3557-0
497,UDODUO__ligand3980-0
498,UDODUO__ligand1149-0
499,UDODUO__ligand1288-0
500,UDODUO__ligand4266-0
501,UDODUO__ligand1400-0
502,UDODUO__ligand13477-0
503,UDODUO__ligand14167-0
504,UDODUO__ligand294-0
505,UDODUO__ligand9491-0
506,UDODUO__ligand27669-0
507,UDODUO__ligand4167-0
508,UDODUO__ligand30142-0
509,UDODUO__ligand19184-0
510,UDODUO__ligand1539-0
511,UDODUO__ligand1150-0
512,UDODUO__ligand8-0
513,UDODUO__ligand3416-0
514,UDODUO__ligand3453-0
515,UDODUO__ligand560-0
516,UDODUO__ligand28459-0
517,UDODUO__ligand12453-0
518,UDODUO__ligand4207-0
519,UDODUO__ligand18448-0
520,UDODUO__ligand134-0
521,UDODUO__ligand3042-0
522,UDODUO__ligand235-0
523,UDODUO__ligand10371-0
524,UDODUO__ligand7438-0
525,UDODUO__ligand8200-0
526,UDODUO__ligand13672-0
527,UDODUO__ligand4063-0
528,UDODUO__ligand18568-0
529,UDODUO__ligand28685-0
530,UDODUO__ligand370-1
531,UDODUO__ligand22403-0
532,UDODUO__ligand620-0
533,UDODUO__ligand1498-0
534,UDODUO__ligand4596-0
535,UDODUO__ligand564-0
536,UDODUO__ligand1154-0
537,UDODUO__ligand311-0
538,UDODUO__ligand785-0
539,UDODUO__ligand479-0
540,UDODUO__ligand27754-0
541,UDODUO__ligand20695-0
542,UDODUO__ligand28540-0
543,UDODUO__ligand11111-0
544,UDODUO__ligand16369-0
545,UDODUO__ligand9615-0
546,UDODUO__ligand29215-0
547,UDODUO__ligand1169-0
548,UDODUO__ligand8529-0
549,UDODUO__ligand66-0
550,UDODUO__ligand12003-0
551,UDODUO__ligand16148-0
552,UDODUO__ligand26631-0
553,UDODUO__ligand188-0
554,UDODUO__ligand21399-0
555,UDODUO__ligand10872-0
556,UDODUO__ligand42-0
557,UDODUO__ligand19927-0
558,UDODUO__ligand14043-0
559,UDODUO__ligand28559-0
560,UDODUO__ligand26324-0
561,UDODUO__ligand2027-0
562,UDODUO__ligand21729-0
563,UDODUO__ligand27239-0
564,UDODUO__ligand250-0
565,UDODUO__ligand1050-0
566,UDODUO__ligand1015-0
567,UDODUO__ligand1028-0
568,UDODUO__ligand4262-0
569,UDODUO__ligand26529-0
570,UDODUO__ligand11618-0
571,UDODUO__ligand1618-0
572,UDODUO__ligand2692-0
573,UDODUO__ligand370-0
574,UDODUO__ligand31694-0
575,UDODUO__ligand4124-0
576,UDODUO__ligand3471-0
577,UDODUO__ligand4161-0
578,UDODUO__ligand193-0
579,UDODUO__ligand29486-0
580,UDODUO__ligand372-0
581,UDODUO__ligand38-0
582,UDODUO__ligand17427-0
583,UDODUO__ligand5415-0
584,UDODUO__ligand830-0
585,UDODUO__ligand11949-0
586,UDODUO__ligand2650-0
587,UDODUO__ligand2281-0
588,UDODUO__ligand4340-0
589,UDODUO__ligand12138-0
590,UDODUO__ligand24780-0
591,UDODUO__ligand3180-0
592,UDODUO__ligand22129-0
593,UDODUO__ligand252-0
594,UDODUO__ligand6995-0
595,UDODUO__ligand25561-0
596,UDODUO__ligand116-0
597,UDODUO__ligand2823-0
598,UDODUO__ligand30728-0
599,UDODUO__ligand27840-0
600,UDODUO__ligand9944-0
601,UDODUO__ligand24872-0
602,UDODUO__ligand8593-0
603,UDODUO__ligand24644-0
604,UDODUO__ligand2001-0
605,UDODUO__ligand177-0
606,UDODUO__ligand10033-0
607,UDODUO__ligand7566-0
608,UDODUO__ligand12001-0
609,UDODUO__ligand13385-0
610,UDODUO__ligand14569-0
611,UDODUO__ligand5201-0
612,UDODUO__ligand24111-0
613,UDODUO__ligand909-0
614,UDODUO__ligand22444-0
615,UDODUO__ligand11587-0
616,UDODUO__ligand13220-0
617,UDODUO__ligand8553-0
618,UDODUO__ligand23175-0
619,UDODUO__ligand15788-0
620,UDODUO__ligand17396-0
621,UDODUO__ligand1113-0
622,UDODUO__ligand314-1
623,UDODUO__ligand16952-0
624,UDODUO__ligand29813-0
625,UDODUO__ligand20220-0
626,UDODUO__ligand1289-0
627,UDODUO__ligand2203-0
628,UDODUO__ligand5387-0
629,UDODUO__ligand20121-0
630,UDODUO__ligand15387-0
631,UDODUO__ligand2612-0
632,UDODUO__ligand24851-0
633,UDODUO__ligand14347-0
634,UDODUO__ligand13657-0
635,UDODUO__ligand465-0
636,UDODUO__ligand14302-0
637,UDODUO__ligand20530-0
638,UDODUO__ligand1599-0
639,UDODUO__ligand11698-0
640,UDODUO__ligand9450-0
641,UDODUO__ligand10479-0
642,UDODUO__ligand27610-0
643,UDODUO__ligand11479-0
644,UDODUO__ligand29441-0
645,UDODUO__ligand10853-0
646,UDODUO__ligand19906-0
647,UDODUO__ligand19668-0
648,UDODUO__ligand1604-0
649,UDODUO__ligand1228-0
650,UDODUO__ligand9943-0
651,UDODUO__ligand391-0
652,UDODUO__ligand2043-0
653,UDODUO__ligand22353-0
654,UDODUO__ligand618-0
655,UDODUO__ligand8788-0
656,UDODUO__ligand1832-0
657,UDODUO__ligand2417-0
658,UDODUO__ligand6391-0
659,UDODUO__ligand3126-0
660,UDODUO__ligand10151-0
661,UDODUO__ligand813-0
662,UDODUO__ligand9284-0
663,UDODUO__ligand1114-0
664,UDODUO__ligand780-0
665,UDODUO__ligand314-0
666,UDODUO__ligand7172-0
667,UDODUO__ligand7273-0
668,UDODUO__ligand19824-0
669,UDODUO__ligand9323-0
670,UDODUO__ligand18067-0
671,UDODUO__ligand19-0
672,UDODUO__ligand1153-0
673,UDODUO__ligand3225-0
674,UDODUO__ligand1116-0
675,UDODUO__ligand7092-0
676,UDODUO__ligand353-0
677,UDODUO__ligand11252-0
678,UDODUO__ligand2260-0
679,UDODUO__ligand8612-0
680,UDODUO__ligand10582-0
681,UDODUO__ligand2124-0
682,UDODUO__ligand13260-0
683,UDODUO__ligand393-0
684,UDODUO__ligand11606-0
685,UDODUO__ligand6017-0
686,UDODUO__ligand24-0
687,UDODUO__ligand7316-0
688,UDODUO__ligand31000-0
689,UDODUO__ligand5708-0
690,UDODUO__ligand26673-0
691,UDODUO__ligand20821-0
692,UDODUO__ligand5180-0
693,UDODUO__ligand16870-0
694,UDODUO__ligand45-0
695,UDODUO__ligand422-0
696,UDODUO__ligand4807-0
697,UDODUO__ligand3178-0
698,UDODUO__ligand11622-0
699,UDODUO__ligand11814-0
700,UDODUO__ligand5530-0
701,UDODUO__ligand1787-0
702,UDODUO__ligand1356-0
703,UDODUO__ligand9753-0
704,UDODUO__ligand686-0
705,UDODUO__ligand7196-0
706,UDODUO__ligand16603-0
707,UDODUO__ligand5159-0
708,UDODUO__ligand8793-0
709,UDODUO__ligand5649-0
710,UDODUO__ligand2788-0
711,UDODUO__ligand4649-0
712,UDODUO__ligand196-0
713,UDODUO__ligand31205-0
714,UDODUO__ligand25658-0
715,UDODUO__ligand17686-0
716,UDODUO__ligand2906-0
717,UDODUO__ligand11177-0
718,UDODUO__ligand4711-0
719,UDODUO__ligand15455-0
720,UDODUO__ligand3244-0
721,UDODUO__ligand78-0
722,UDODUO__ligand18757-0
723,UDODUO__ligand24560-0
724,UDODUO__ligand2822-0
725,UDODUO__ligand152-0
726,UDODUO__ligand7293-0
727,UDODUO__ligand1317-0
728,UDODUO__ligand3867-0
729,UDODUO__ligand18413-0
730,UDODUO__ligand20844-0
731,UDODUO__ligand24624-0
732,UDODUO__ligand9167-0
733,UDODUO__ligand5304-0
734,UDODUO__ligand2238-0
735,UDODUO__ligand14339-0
736,UDODUO__ligand30788-0
737,UDODUO__ligand7762-0
738,UDODUO__ligand13691-0
739,UDODUO__ligand5080-0
740,UDODUO__ligand21752-0
741,UDODUO__ligand5509-0
742,UDODUO__ligand8002-0
743,UDODUO__ligand6117-0
744,UDODUO__ligand1407-0
745,UDODUO__ligand506-0
746,UDODUO__ligand21940-0
747,UDODUO__ligand4358-0
748,UDODUO__ligand3120-0
749,UDODUO__ligand25048-0
750,UDODUO__ligand3926-0
751,UDODUO__ligand487-0
752,UDODUO__ligand2221-0
753,UDODUO__ligand4101-0
754,UDODUO__ligand5595-0
755,UDODUO__ligand13755-0
756,UDODUO__ligand16133-0
757,UDODUO__ligand20432-0
758,UDODUO__ligand27122-0
759,UDODUO__ligand24953-0
760,UDODUO__ligand23445-0
761,UDODUO__ligand9773-0
762,UDODUO__ligand5510-0
763,UDODUO__ligand176-0
764,UDODUO__ligand1376-0
765,UDODUO__ligand447-0
766,UDODUO__ligand1296-0
767,UDODUO__ligand30004-0
768,UDODUO__ligand20557-0
769,UDODUO__ligand2259-0
770,UDODUO__ligand746-0
771,UDODUO__ligand1197-0
772,UDODUO__ligand5099-0
773,UDODUO__ligand8592-0
774,UDODUO__ligand21448-0
775,UDODUO__ligand6699-0
776,UDODUO__ligand22357-0
777,UDODUO__ligand11758-0
778,UDODUO__ligand395-0
779,UDODUO__ligand29214-0
780,UDODUO__ligand3632-0
781,UDODUO__ligand3677-0
782,UDODUO__ligand1168-0
783,UDODUO__ligand368-0
784,UDODUO__ligand11501-0
785,UDODUO__ligand11544-0
786,UDODUO__ligand67-0
787,UDODUO__ligand1294-0
788,UDODUO__ligand6892-0
789,UDODUO__ligand784-0
790,UDODUO__ligand14477-0
791,UDODUO__ligand17069-0
792,UDODUO__ligand17445-0
793,UDODUO__ligand1211-0
794,UDODUO__ligand20731-0
795,UDODUO__ligand12413-0
796,UDODUO__ligand3712-0
797,UDODUO__ligand1464-0
798,UDODUO__ligand29334-0
799,UDODUO__ligand11798-0
800,UDODUO__ligand1499-0
801,UDODUO__ligand2881-0
802,UDODUO__ligand23682-0
803,UDODUO__ligand3945-0
804,UDODUO__ligand833-0
805,UDODUO__ligand29565-0
806,UDODUO__ligand27771-0
807,UDODUO__ligand18158-0
808,UDODUO__ligand2693-0
809,UDODUO__ligand5383-0
810,UDODUO__ligand20942-1
811,UDODUO__ligand21339-0
812,UDODUO__ligand14226-0
813,UDODUO__ligand16956-0
814,UDODUO__ligand9344-0
815,UDODUO__ligand3736-0
816,UDODUO__ligand8000-0
817,UDODUO__ligand27550-0
818,UDODUO__ligand115-0
819,UDODUO__ligand7291-0
820,UDODUO__ligand3677-1
821,UDODUO__ligand9883-0
822,UDODUO__ligand2985-0
823,UDODUO__ligand43-0
824,UDODUO__ligand4007-0
825,UDODUO__ligand14007-0
826,UDODUO__ligand9299-0
827,UDODUO__ligand18019-1
