,TMC
0,VUMBUA__ligand3156-0
1,VUMBUA__ligand25178-0
2,VUMBUA__ligand2915-0
3,VUMBUA__ligand24185-0
4,VUMBUA__ligand560-0
5,VUMBUA__ligand23769-0
6,VUMBUA__ligand6244-0
7,VUMBUA__ligand17805-0
8,VUMBUA__ligand17302-0
9,VUMBUA__ligand1378-0
10,VUMBUA__ligand12231-0
11,VUMBUA__ligand26702-0
12,VUMBUA__ligand13658-0
13,VUMBUA__ligand9441-0
14,VUMBUA__ligand18292-0
15,VUMBUA__ligand12289-0
16,VUMBUA__ligand2332-0
17,VUMBUA__ligand12130-0
18,VUMBUA__ligand17387-0
19,VUMBUA__ligand10476-0
20,VUMBUA__ligand1631-0
21,VUMBUA__ligand13068-0
22,VUMBUA__ligand235-0
23,VUMBUA__ligand19830-0
24,VUMBUA__ligand12401-0
25,VUMBUA__ligand15585-0
26,VUMBUA__ligand1530-0
27,VUMBUA__ligand1575-0
28,VUMBUA__ligand9933-0
29,VUMBUA__ligand134-0
30,VUMBUA__ligand24145-0
31,VUMBUA__ligand28676-0
32,VUMBUA__ligand10262-0
33,VUMBUA__ligand5643-0
34,VUMBUA__ligand1823-0
35,VUMBUA__ligand89-0
36,VUMBUA__ligand421-0
37,VUMBUA__ligand27763-0
38,VUMBUA__ligand1324-0
39,VUMBUA__ligand8721-0
40,VUMBUA__ligand9952-0
41,VUMBUA__ligand9111-0
42,VUMBUA__ligand13425-0
43,VUMBUA__ligand29302-0
44,VUMBUA__ligand685-0
45,VUMBUA__ligand19057-0
46,VUMBUA__ligand18814-0
47,VUMBUA__ligand2526-0
48,VUMBUA__ligand5036-0
49,VUMBUA__ligand1615-0
50,VUMBUA__ligand8992-0
51,VUMBUA__ligand9601-0
52,VUMBUA__ligand294-0
53,VUMBUA__ligand14108-0
54,VUMBUA__ligand10958-0
55,VUMBUA__ligand49-0
56,VUMBUA__ligand3707-0
57,VUMBUA__ligand6124-0
58,VUMBUA__ligand7967-0
59,VUMBUA__ligand1018-0
60,VUMBUA__ligand4116-0
61,VUMBUA__ligand12641-0
62,VUMBUA__ligand26540-0
63,VUMBUA__ligand29410-0
64,VUMBUA__ligand12337-0
65,VUMBUA__ligand30296-0
66,VUMBUA__ligand197-0
67,VUMBUA__ligand1142-0
68,VUMBUA__ligand3234-0
69,VUMBUA__ligand17281-0
70,VUMBUA__ligand12606-0
71,VUMBUA__ligand7126-0
72,VUMBUA__ligand30333-0
73,VUMBUA__ligand2028-0
74,VUMBUA__ligand8835-0
75,VUMBUA__ligand27460-0
76,VUMBUA__ligand4641-0
77,VUMBUA__ligand16628-0
78,VUMBUA__ligand12427-0
79,VUMBUA__ligand20740-0
80,VUMBUA__ligand28468-0
81,VUMBUA__ligand20578-0
82,VUMBUA__ligand12934-0
83,VUMBUA__ligand15422-0
84,VUMBUA__ligand4620-0
85,VUMBUA__ligand19641-0
86,VUMBUA__ligand17-0
87,VUMBUA__ligand868-0
88,VUMBUA__ligand14723-0
89,VUMBUA__ligand27893-0
90,VUMBUA__ligand2295-0
91,VUMBUA__ligand30988-0
92,VUMBUA__ligand1577-0
93,VUMBUA__ligand6067-0
94,VUMBUA__ligand23713-0
95,VUMBUA__ligand27175-0
96,VUMBUA__ligand18832-0
97,VUMBUA__ligand13012-0
98,VUMBUA__ligand17631-0
99,VUMBUA__ligand26665-0
100,VUMBUA__ligand14603-0
101,VUMBUA__ligand14297-0
102,VUMBUA__ligand2917-0
103,VUMBUA__ligand7819-0
104,VUMBUA__ligand17258-0
105,VUMBUA__ligand31783-0
106,VUMBUA__ligand3721-0
107,VUMBUA__ligand6904-0
108,VUMBUA__ligand6596-0
109,VUMBUA__ligand6102-0
110,VUMBUA__ligand783-0
111,VUMBUA__ligand352-0
112,VUMBUA__ligand3465-0
113,VUMBUA__ligand1959-0
114,VUMBUA__ligand3504-0
115,VUMBUA__ligand9935-0
116,VUMBUA__ligand177-0
117,VUMBUA__ligand17261-0
118,VUMBUA__ligand14117-0
119,VUMBUA__ligand1536-0
120,VUMBUA__ligand1573-0
121,VUMBUA__ligand3876-0
122,VUMBUA__ligand1343-0
123,VUMBUA__ligand3035-0
124,VUMBUA__ligand6616-0
125,VUMBUA__ligand31097-0
126,VUMBUA__ligand21581-0
127,VUMBUA__ligand3718-0
128,VUMBUA__ligand20539-0
129,VUMBUA__ligand1844-0
130,VUMBUA__ligand4661-0
131,VUMBUA__ligand20214-0
132,VUMBUA__ligand30702-0
133,VUMBUA__ligand20251-0
134,VUMBUA__ligand30851-0
135,VUMBUA__ligand14889-0
136,VUMBUA__ligand7242-0
137,VUMBUA__ligand29568-0
138,VUMBUA__ligand7106-0
139,VUMBUA__ligand909-0
140,VUMBUA__ligand1263-0
141,VUMBUA__ligand9908-0
142,VUMBUA__ligand28789-0
143,VUMBUA__ligand20419-0
144,VUMBUA__ligand17118-0
145,VUMBUA__ligand21371-0
146,VUMBUA__ligand11675-0
147,VUMBUA__ligand20598-0
148,VUMBUA__ligand5211-0
149,VUMBUA__ligand22557-0
150,VUMBUA__ligand10589-0
151,VUMBUA__ligand830-0
152,VUMBUA__ligand24047-0
153,VUMBUA__ligand3094-0
154,VUMBUA__ligand4155-0
155,VUMBUA__ligand17398-0
156,VUMBUA__ligand372-0
157,VUMBUA__ligand193-0
158,VUMBUA__ligand4720-0
159,VUMBUA__ligand17278-0
160,VUMBUA__ligand20011-0
161,VUMBUA__ligand6839-0
162,VUMBUA__ligand3174-0
163,VUMBUA__ligand1202-0
164,VUMBUA__ligand3937-0
165,VUMBUA__ligand29414-0
166,VUMBUA__ligand3131-0
167,VUMBUA__ligand8969-0
168,VUMBUA__ligand17982-0
169,VUMBUA__ligand20251-1
170,VUMBUA__ligand5331-0
171,VUMBUA__ligand1512-0
172,VUMBUA__ligand116-0
173,VUMBUA__ligand3565-0
174,VUMBUA__ligand252-0
175,VUMBUA__ligand6919-0
176,VUMBUA__ligand2485-0
177,VUMBUA__ligand3852-0
178,VUMBUA__ligand14703-0
179,VUMBUA__ligand16475-0
180,VUMBUA__ligand250-0
181,VUMBUA__ligand11456-0
182,VUMBUA__ligand1285-0
183,VUMBUA__ligand6768-0
184,VUMBUA__ligand8115-0
185,VUMBUA__ligand7000-0
186,VUMBUA__ligand10712-0
187,VUMBUA__ligand1982-0
188,VUMBUA__ligand14174-0
189,VUMBUA__ligand4503-0
190,VUMBUA__ligand4546-0
191,VUMBUA__ligand25411-0
192,VUMBUA__ligand370-0
193,VUMBUA__ligand31832-0
194,VUMBUA__ligand13294-0
195,VUMBUA__ligand4157-0
196,VUMBUA__ligand2828-0
197,VUMBUA__ligand8876-0
198,VUMBUA__ligand7648-0
199,VUMBUA__ligand9833-0
200,VUMBUA__ligand5256-0
201,VUMBUA__ligand13331-0
202,VUMBUA__ligand2176-0
203,VUMBUA__ligand28884-0
204,VUMBUA__ligand8-0
205,VUMBUA__ligand9291-0
206,VUMBUA__ligand12030-0
207,VUMBUA__ligand2232-0
208,VUMBUA__ligand14248-0
209,VUMBUA__ligand29879-0
210,VUMBUA__ligand1451-0
211,VUMBUA__ligand4272-0
212,VUMBUA__ligand7629-0
213,VUMBUA__ligand13208-0
214,VUMBUA__ligand69-0
215,VUMBUA__ligand479-0
216,VUMBUA__ligand27482-0
217,VUMBUA__ligand785-0
218,VUMBUA__ligand9784-0
219,VUMBUA__ligand26810-0
220,VUMBUA__ligand311-0
221,VUMBUA__ligand564-0
222,VUMBUA__ligand9520-0
223,VUMBUA__ligand1160-0
224,VUMBUA__ligand8699-0
225,VUMBUA__ligand620-0
226,VUMBUA__ligand370-1
227,VUMBUA__ligand4442-0
228,VUMBUA__ligand4093-0
229,VUMBUA__ligand3954-0
230,VUMBUA__ligand7867-0
231,VUMBUA__ligand1219-0
232,VUMBUA__ligand6709-0
233,VUMBUA__ligand188-0
234,VUMBUA__ligand13390-0
235,VUMBUA__ligand4016-0
236,VUMBUA__ligand7238-0
237,VUMBUA__ligand20682-0
238,VUMBUA__ligand7280-0
239,VUMBUA__ligand11-0
240,VUMBUA__ligand1790-0
241,VUMBUA__ligand1304-0
242,VUMBUA__ligand17590-0
243,VUMBUA__ligand686-0
244,VUMBUA__ligand3208-0
245,VUMBUA__ligand2208-0
246,VUMBUA__ligand17240-0
247,VUMBUA__ligand8722-0
248,VUMBUA__ligand18699-0
249,VUMBUA__ligand12682-0
250,VUMBUA__ligand1327-0
251,VUMBUA__ligand6672-0
252,VUMBUA__ligand32-0
253,VUMBUA__ligand9809-0
254,VUMBUA__ligand422-0
255,VUMBUA__ligand2781-0
256,VUMBUA__ligand7573-0
257,VUMBUA__ligand3350-0
258,VUMBUA__ligand4581-0
259,VUMBUA__ligand1773-0
260,VUMBUA__ligand2328-0
261,VUMBUA__ligand7162-0
262,VUMBUA__ligand3029-0
263,VUMBUA__ligand12336-0
264,VUMBUA__ligand196-0
265,VUMBUA__ligand9197-0
266,VUMBUA__ligand13072-0
267,VUMBUA__ligand1900-0
268,VUMBUA__ligand31483-0
269,VUMBUA__ligand353-0
270,VUMBUA__ligand1712-0
271,VUMBUA__ligand4131-0
272,VUMBUA__ligand10555-0
273,VUMBUA__ligand19725-0
274,VUMBUA__ligand5892-0
275,VUMBUA__ligand5094-0
276,VUMBUA__ligand24613-0
277,VUMBUA__ligand14586-0
278,VUMBUA__ligand11774-0
279,VUMBUA__ligand1533-0
280,VUMBUA__ligand21421-0
281,VUMBUA__ligand7557-0
282,VUMBUA__ligand17710-0
283,VUMBUA__ligand20579-0
284,VUMBUA__ligand1496-0
285,VUMBUA__ligand11568-0
286,VUMBUA__ligand16-0
287,VUMBUA__ligand393-0
288,VUMBUA__ligand10432-0
289,VUMBUA__ligand5056-0
290,VUMBUA__ligand11432-0
291,VUMBUA__ligand4850-0
292,VUMBUA__ligand31618-0
293,VUMBUA__ligand22755-0
294,VUMBUA__ligand5357-0
295,VUMBUA__ligand618-0
296,VUMBUA__ligand3647-0
297,VUMBUA__ligand29898-0
298,VUMBUA__ligand1688-0
299,VUMBUA__ligand26277-0
300,VUMBUA__ligand1469-0
301,VUMBUA__ligand391-0
302,VUMBUA__ligand51-0
303,VUMBUA__ligand3871-0
304,VUMBUA__ligand1768-0
305,VUMBUA__ligand23589-0
306,VUMBUA__ligand91-0
307,VUMBUA__ligand5935-0
308,VUMBUA__ligand314-0
309,VUMBUA__ligand780-0
310,VUMBUA__ligand2722-0
311,VUMBUA__ligand1379-0
312,VUMBUA__ligand813-0
313,VUMBUA__ligand24064-0
314,VUMBUA__ligand15168-0
315,VUMBUA__ligand3157-0
316,VUMBUA__ligand9525-0
317,VUMBUA__ligand1165-0
318,VUMBUA__ligand48-0
319,VUMBUA__ligand3392-0
320,VUMBUA__ligand15438-0
321,VUMBUA__ligand4911-0
322,VUMBUA__ligand1771-0
323,VUMBUA__ligand28924-0
324,VUMBUA__ligand18703-0
325,VUMBUA__ligand5849-0
326,VUMBUA__ligand314-1
327,VUMBUA__ligand29087-0
328,VUMBUA__ligand17207-0
329,VUMBUA__ligand31578-0
330,VUMBUA__ligand18013-0
331,VUMBUA__ligand25224-0
332,VUMBUA__ligand17945-0
333,VUMBUA__ligand2527-0
334,VUMBUA__ligand8349-0
335,VUMBUA__ligand1709-0
336,VUMBUA__ligand465-0
337,VUMBUA__ligand8464-0
338,VUMBUA__ligand24750-0
339,VUMBUA__ligand3934-0
340,VUMBUA__ligand6455-0
341,VUMBUA__ligand6882-0
342,VUMBUA__ligand25689-0
343,VUMBUA__ligand25575-0
344,VUMBUA__ligand21787-0
345,VUMBUA__ligand27835-0
346,VUMBUA__ligand2403-0
347,VUMBUA__ligand12295-0
348,VUMBUA__ligand833-0
349,VUMBUA__ligand11166-0
350,VUMBUA__ligand3012-0
351,VUMBUA__ligand34-0
352,VUMBUA__ligand1449-0
353,VUMBUA__ligand21132-0
354,VUMBUA__ligand7530-0
355,VUMBUA__ligand1065-0
356,VUMBUA__ligand23906-0
357,VUMBUA__ligand9681-0
358,VUMBUA__ligand115-0
359,VUMBUA__ligand30539-0
360,VUMBUA__ligand4332-0
361,VUMBUA__ligand23124-0
362,VUMBUA__ligand1729-0
363,VUMBUA__ligand5627-0
364,VUMBUA__ligand368-0
365,VUMBUA__ligand11206-0
366,VUMBUA__ligand395-0
367,VUMBUA__ligand25735-0
368,VUMBUA__ligand12519-0
369,VUMBUA__ligand2830-0
370,VUMBUA__ligand55-0
371,VUMBUA__ligand5316-0
372,VUMBUA__ligand5483-0
373,VUMBUA__ligand25650-0
374,VUMBUA__ligand31248-0
375,VUMBUA__ligand9148-0
376,VUMBUA__ligand1415-0
377,VUMBUA__ligand6946-0
378,VUMBUA__ligand19257-0
379,VUMBUA__ligand13209-0
380,VUMBUA__ligand68-0
381,VUMBUA__ligand12660-0
382,VUMBUA__ligand7529-0
383,VUMBUA__ligand784-0
384,VUMBUA__ligand18799-0
385,VUMBUA__ligand18465-0
386,VUMBUA__ligand3215-0
387,VUMBUA__ligand28668-0
388,VUMBUA__ligand487-0
389,VUMBUA__ligand16791-0
390,VUMBUA__ligand7107-0
391,VUMBUA__ligand57-0
392,VUMBUA__ligand11140-0
393,VUMBUA__ligand6283-0
394,VUMBUA__ligand746-0
395,VUMBUA__ligand29610-0
396,VUMBUA__ligand447-0
397,VUMBUA__ligand13869-0
398,VUMBUA__ligand4738-0
399,VUMBUA__ligand18074-0
400,VUMBUA__ligand5813-0
401,VUMBUA__ligand29863-0
402,VUMBUA__ligand4813-0
403,VUMBUA__ligand176-0
404,VUMBUA__ligand6062-0
405,VUMBUA__ligand23904-0
406,VUMBUA__ligand7532-0
407,VUMBUA__ligand21936-0
408,VUMBUA__ligand4194-0
409,VUMBUA__ligand13257-0
410,VUMBUA__ligand12467-0
411,VUMBUA__ligand4330-0
412,VUMBUA__ligand152-0
413,VUMBUA__ligand2599-0
414,VUMBUA__ligand10084-0
415,VUMBUA__ligand25267-0
416,VUMBUA__ligand18391-0
417,VUMBUA__ligand506-0
418,VUMBUA__ligand1147-0
419,VUMBUA__ligand14523-0
420,VUMBUA__ligand27169-0
421,VUMBUA__ligand3973-0
422,VUMBUA__ligand20599-0
423,VUMBUA__ligand7925-0
424,VUMBUA__ligand22981-0
425,VUMBUA__ligand25805-0
426,VUMBUA__ligand2068-0
427,VUMBUA__ligand27074-0
428,VUMBUA__ligand1908-0
429,VUMBUA__ligand11798-0
430,VUMBUA__ligand20731-0
431,VUMBUA__ligand126-0
432,VUMBUA__ligand163-0
433,VUMBUA__ligand3285-0
434,VUMBUA__ligand29334-0
435,VUMBUA__ligand4795-0
436,VUMBUA__ligand12413-0
437,VUMBUA__ligand1786-0
438,VUMBUA__ligand42-0
439,VUMBUA__ligand17445-0
440,VUMBUA__ligand14477-0
441,VUMBUA__ligand5630-0
442,VUMBUA__ligand17069-0
443,VUMBUA__ligand1828-0
444,VUMBUA__ligand7213-0
445,VUMBUA__ligand1397-0
446,VUMBUA__ligand11501-0
447,VUMBUA__ligand11544-0
448,VUMBUA__ligand845-0
449,VUMBUA__ligand8042-0
450,VUMBUA__ligand6112-0
451,VUMBUA__ligand29214-0
452,VUMBUA__ligand5085-0
453,VUMBUA__ligand3144-0
454,VUMBUA__ligand11758-0
455,VUMBUA__ligand22357-0
456,VUMBUA__ligand5755-0
457,VUMBUA__ligand4710-0
458,VUMBUA__ligand21448-0
459,VUMBUA__ligand14007-0
460,VUMBUA__ligand18019-1
461,VUMBUA__ligand1849-0
462,VUMBUA__ligand366-0
463,VUMBUA__ligand187-0
464,VUMBUA__ligand5019-0
465,VUMBUA__ligand3261-0
466,VUMBUA__ligand1152-0
467,VUMBUA__ligand657-0
468,VUMBUA__ligand27550-0
469,VUMBUA__ligand1216-0
470,VUMBUA__ligand941-0
471,VUMBUA__ligand596-0
472,VUMBUA__ligand21339-0
473,VUMBUA__ligand14226-0
474,VUMBUA__ligand16956-0
475,VUMBUA__ligand20942-1
476,VUMBUA__ligand27771-0
477,VUMBUA__ligand1831-0
478,VUMBUA__ligand5614-0
479,VUMBUA__ligand5280-0
480,VUMBUA__ligand18158-0
481,VUMBUA__ligand23682-0
482,VUMBUA__ligand777-0
483,VUMBUA__ligand6663-0
484,VUMBUA__ligand29565-0
485,VUMBUA__ligand66-0
486,VUMBUA__ligand5515-0
487,VUMBUA__ligand8200-0
488,VUMBUA__ligand7438-0
489,VUMBUA__ligand201-0
490,VUMBUA__ligand4063-0
491,VUMBUA__ligand21752-0
492,VUMBUA__ligand13691-0
493,VUMBUA__ligand3042-0
494,VUMBUA__ligand30788-0
495,VUMBUA__ligand14339-0
496,VUMBUA__ligand321-0
497,VUMBUA__ligand3416-0
498,VUMBUA__ligand3453-0
499,VUMBUA__ligand4207-0
500,VUMBUA__ligand178-0
501,VUMBUA__ligand24624-0
502,VUMBUA__ligand1539-0
503,VUMBUA__ligand18413-0
504,VUMBUA__ligand20844-0
505,VUMBUA__ligand279-0
506,VUMBUA__ligand1150-0
507,VUMBUA__ligand185-0
508,VUMBUA__ligand24560-0
509,VUMBUA__ligand18757-0
510,VUMBUA__ligand1400-0
511,VUMBUA__ligand4266-0
512,VUMBUA__ligand38-0
513,VUMBUA__ligand9491-0
514,VUMBUA__ligand4167-0
515,VUMBUA__ligand30004-0
516,VUMBUA__ligand20557-0
517,VUMBUA__ligand1288-0
518,VUMBUA__ligand7075-0
519,VUMBUA__ligand24953-0
520,VUMBUA__ligand23445-0
521,VUMBUA__ligand3557-0
522,VUMBUA__ligand3980-0
523,VUMBUA__ligand16133-0
524,VUMBUA__ligand13755-0
525,VUMBUA__ligand20432-0
526,VUMBUA__ligand27122-0
527,VUMBUA__ligand1149-0
528,VUMBUA__ligand1779-0
529,VUMBUA__ligand338-0
530,VUMBUA__ligand1817-0
531,VUMBUA__ligand6993-0
532,VUMBUA__ligand21940-0
533,VUMBUA__ligand9750-0
534,VUMBUA__ligand25048-0
535,VUMBUA__ligand20821-0
536,VUMBUA__ligand26673-0
537,VUMBUA__ligand1618-0
538,VUMBUA__ligand2692-0
539,VUMBUA__ligand1028-0
540,VUMBUA__ligand31000-0
541,VUMBUA__ligand11606-0
542,VUMBUA__ligand4262-0
543,VUMBUA__ligand768-0
544,VUMBUA__ligand384-0
545,VUMBUA__ligand13260-0
546,VUMBUA__ligand2027-0
547,VUMBUA__ligand10582-0
548,VUMBUA__ligand1050-0
549,VUMBUA__ligand11252-0
550,VUMBUA__ligand1015-0
551,VUMBUA__ligand18067-0
552,VUMBUA__ligand19824-0
553,VUMBUA__ligand1-0
554,VUMBUA__ligand15455-0
555,VUMBUA__ligand11177-0
556,VUMBUA__ligand141-0
557,VUMBUA__ligand31205-0
558,VUMBUA__ligand17686-0
559,VUMBUA__ligand25658-0
560,VUMBUA__ligand1169-0
561,VUMBUA__ligand240-0
562,VUMBUA__ligand8529-0
563,VUMBUA__ligand1154-0
564,VUMBUA__ligand16603-0
565,VUMBUA__ligand11814-0
566,VUMBUA__ligand9615-0
567,VUMBUA__ligand18-0
568,VUMBUA__ligand11622-0
569,VUMBUA__ligand1498-0
570,VUMBUA__ligand16870-0
571,VUMBUA__ligand4596-0
572,VUMBUA__ligand10853-0
573,VUMBUA__ligand29441-0
574,VUMBUA__ligand11479-0
575,VUMBUA__ligand8553-0
576,VUMBUA__ligand10479-0
577,VUMBUA__ligand27610-0
578,VUMBUA__ligand1113-0
579,VUMBUA__ligand14347-0
580,VUMBUA__ligand13657-0
581,VUMBUA__ligand14302-0
582,VUMBUA__ligand11698-0
583,VUMBUA__ligand20530-0
584,VUMBUA__ligand5201-0
585,VUMBUA__ligand24851-0
586,VUMBUA__ligand20121-0
587,VUMBUA__ligand15387-0
588,VUMBUA__ligand2001-0
589,VUMBUA__ligand20220-0
590,VUMBUA__ligand7566-0
591,VUMBUA__ligand29813-0
592,VUMBUA__ligand16952-0
593,VUMBUA__ligand693-0
594,VUMBUA__ligand8593-0
595,VUMBUA__ligand9944-0
596,VUMBUA__ligand6995-0
597,VUMBUA__ligand10151-0
598,VUMBUA__ligand2823-0
599,VUMBUA__ligand757-0
600,VUMBUA__ligand122-0
601,VUMBUA__ligand4340-0
602,VUMBUA__ligand2281-0
603,VUMBUA__ligand3-0
604,VUMBUA__ligand2650-0
605,VUMBUA__ligand3180-0
606,VUMBUA__ligand5415-0
607,VUMBUA__ligand22353-0
608,VUMBUA__ligand19906-0
609,VUMBUA__ligand4124-0
610,VUMBUA__ligand19668-0
611,VUMBUA__ligand4161-0
612,VUMBUA__ligand3471-0
613,VUMBUA__ligand3126-0
614,VUMBUA__ligand6391-0
615,VUMBUA__ligand9284-0
616,VUMBUA__ligand1114-0
617,VUMBUA__ligand25561-0
618,VUMBUA__ligand24780-0
619,VUMBUA__ligand12138-0
620,VUMBUA__ligand2417-0
621,VUMBUA__ligand22129-0
622,VUMBUA__ligand11949-0
623,VUMBUA__ligand488-0
624,VUMBUA__ligand2043-0
625,VUMBUA__ligand17427-0
626,VUMBUA__ligand358-0
627,VUMBUA__ligand1832-0
628,VUMBUA__ligand8788-0
629,VUMBUA__ligand430-0
630,VUMBUA__ligand694-0
631,VUMBUA__ligand29486-0
632,VUMBUA__ligand1604-0
633,VUMBUA__ligand9943-0
634,VUMBUA__ligand1228-0
635,VUMBUA__ligand31694-0
636,VUMBUA__ligand15788-0
637,VUMBUA__ligand9450-0
638,VUMBUA__ligand23175-0
639,VUMBUA__ligand17396-0
640,VUMBUA__ligand13220-0
641,VUMBUA__ligand11587-0
642,VUMBUA__ligand2612-0
643,VUMBUA__ligand4-0
644,VUMBUA__ligand22444-0
645,VUMBUA__ligand24111-0
646,VUMBUA__ligand13385-0
647,VUMBUA__ligand14569-0
648,VUMBUA__ligand1599-0
649,VUMBUA__ligand571-0
650,VUMBUA__ligand1289-0
651,VUMBUA__ligand534-0
652,VUMBUA__ligand2203-0
653,VUMBUA__ligand12001-0
654,VUMBUA__ligand5387-0
655,VUMBUA__ligand670-0
656,VUMBUA__ligand24644-0
657,VUMBUA__ligand10033-0
658,VUMBUA__ligand24872-0
659,VUMBUA__ligand30728-0
660,VUMBUA__ligand27840-0
661,VUMBUA__ligand10872-0
662,VUMBUA__ligand2906-0
663,VUMBUA__ligand21399-0
664,VUMBUA__ligand12003-0
665,VUMBUA__ligand4711-0
666,VUMBUA__ligand3244-0
667,VUMBUA__ligand16148-0
668,VUMBUA__ligand26631-0
669,VUMBUA__ligand4649-0
670,VUMBUA__ligand8793-0
671,VUMBUA__ligand2788-0
672,VUMBUA__ligand5649-0
673,VUMBUA__ligand29215-0
674,VUMBUA__ligand43-0
675,VUMBUA__ligand11111-0
676,VUMBUA__ligand1356-0
677,VUMBUA__ligand1787-0
678,VUMBUA__ligand28540-0
679,VUMBUA__ligand5530-0
680,VUMBUA__ligand9753-0
681,VUMBUA__ligand16369-0
682,VUMBUA__ligand383-0
683,VUMBUA__ligand7196-0
684,VUMBUA__ligand20695-0
685,VUMBUA__ligand27754-0
686,VUMBUA__ligand5159-0
687,VUMBUA__ligand416-0
688,VUMBUA__ligand226-0
689,VUMBUA__ligand4807-0
690,VUMBUA__ligand22403-0
691,VUMBUA__ligand162-0
692,VUMBUA__ligand3178-0
693,VUMBUA__ligand11618-0
694,VUMBUA__ligand67-0
695,VUMBUA__ligand5180-0
696,VUMBUA__ligand6017-0
697,VUMBUA__ligand26529-0
698,VUMBUA__ligand7316-0
699,VUMBUA__ligand5708-0
700,VUMBUA__ligand696-0
701,VUMBUA__ligand7092-0
702,VUMBUA__ligand2260-0
703,VUMBUA__ligand3225-0
704,VUMBUA__ligand1153-0
705,VUMBUA__ligand1116-0
706,VUMBUA__ligand656-0
707,VUMBUA__ligand8612-0
708,VUMBUA__ligand2124-0
709,VUMBUA__ligand27239-0
710,VUMBUA__ligand21729-0
711,VUMBUA__ligand7172-0
712,VUMBUA__ligand14043-0
713,VUMBUA__ligand26324-0
714,VUMBUA__ligand28559-0
715,VUMBUA__ligand7273-0
716,VUMBUA__ligand9323-0
717,VUMBUA__ligand19927-0
718,VUMBUA__ligand1296-0
719,VUMBUA__ligand27669-0
720,VUMBUA__ligand2259-0
721,VUMBUA__ligand30142-0
722,VUMBUA__ligand692-0
723,VUMBUA__ligand13477-0
724,VUMBUA__ligand14167-0
725,VUMBUA__ligand1197-0
726,VUMBUA__ligand5099-0
727,VUMBUA__ligand8592-0
728,VUMBUA__ligand9773-0
729,VUMBUA__ligand1376-0
730,VUMBUA__ligand5510-0
731,VUMBUA__ligand436-0
732,VUMBUA__ligand5595-0
733,VUMBUA__ligand4101-0
734,VUMBUA__ligand326-0
735,VUMBUA__ligand23197-0
736,VUMBUA__ligand4358-0
737,VUMBUA__ligand3120-0
738,VUMBUA__ligand3926-0
739,VUMBUA__ligand29029-0
740,VUMBUA__ligand27285-0
741,VUMBUA__ligand2221-0
742,VUMBUA__ligand497-0
743,VUMBUA__ligand5509-0
744,VUMBUA__ligand8002-0
745,VUMBUA__ligand18568-0
746,VUMBUA__ligand28685-0
747,VUMBUA__ligand1407-0
748,VUMBUA__ligand6117-0
749,VUMBUA__ligand13672-0
750,VUMBUA__ligand10371-0
751,VUMBUA__ligand7762-0
752,VUMBUA__ligand5080-0
753,VUMBUA__ligand633-0
754,VUMBUA__ligand28459-0
755,VUMBUA__ligand9167-0
756,VUMBUA__ligand12453-0
757,VUMBUA__ligand5304-0
758,VUMBUA__ligand18448-0
759,VUMBUA__ligand2238-0
760,VUMBUA__ligand1317-0
761,VUMBUA__ligand3867-0
762,VUMBUA__ligand2822-0
763,VUMBUA__ligand7293-0
764,VUMBUA__ligand19184-0
765,VUMBUA__ligand4007-0
766,VUMBUA__ligand199-0
767,VUMBUA__ligand2985-0
768,VUMBUA__ligand9299-0
769,VUMBUA__ligand25913-0
770,VUMBUA__ligand16988-0
771,VUMBUA__ligand45-0
772,VUMBUA__ligand7291-0
773,VUMBUA__ligand20207-0
774,VUMBUA__ligand30711-0
775,VUMBUA__ligand9883-0
776,VUMBUA__ligand3677-1
777,VUMBUA__ligand11682-0
778,VUMBUA__ligand11994-0
779,VUMBUA__ligand31044-0
780,VUMBUA__ligand300-0
781,VUMBUA__ligand9344-0
782,VUMBUA__ligand31842-0
783,VUMBUA__ligand3736-0
784,VUMBUA__ligand24035-0
785,VUMBUA__ligand78-0
786,VUMBUA__ligand8000-0
787,VUMBUA__ligand3945-0
788,VUMBUA__ligand14614-0
789,VUMBUA__ligand588-0
790,VUMBUA__ligand5383-0
791,VUMBUA__ligand2693-0
792,VUMBUA__ligand16663-0
793,VUMBUA__ligand19-0
794,VUMBUA__ligand1464-0
795,VUMBUA__ligand21919-0
796,VUMBUA__ligand3712-0
797,VUMBUA__ligand1499-0
798,VUMBUA__ligand324-0
799,VUMBUA__ligand361-0
800,VUMBUA__ligand22294-0
801,VUMBUA__ligand22168-0
802,VUMBUA__ligand2881-0
803,VUMBUA__ligand28930-0
804,VUMBUA__ligand409-0
805,VUMBUA__ligand28743-0
806,VUMBUA__ligand15531-0
807,VUMBUA__ligand6892-0
808,VUMBUA__ligand13862-0
809,VUMBUA__ligand11357-0
810,VUMBUA__ligand12365-0
811,VUMBUA__ligand10056-0
812,VUMBUA__ligand1211-0
813,VUMBUA__ligand10828-0
814,VUMBUA__ligand19792-0
815,VUMBUA__ligand3632-0
816,VUMBUA__ligand3677-0
817,VUMBUA__ligand15926-0
818,VUMBUA__ligand1168-0
819,VUMBUA__ligand24230-0
820,VUMBUA__ligand1294-0
821,VUMBUA__ligand11096-0
822,VUMBUA__ligand11447-0
823,VUMBUA__ligand28810-0
824,VUMBUA__ligand15883-0
825,VUMBUA__ligand6699-0
826,VUMBUA__ligand24-0
827,VUMBUA__ligand11970-0
