,TMC
0,GARRAU__ligand1951-0
1,GARRAU__ligand1687-0
2,GARRAU__ligand236-0
3,GARRAU__ligand14530-0
4,GARRAU__ligand6277-0
5,GARRAU__ligand3-0
6,GARRAU__ligand1376-0
7,GARRAU__ligand2768-0
8,GARRAU__ligand353-0
9,GARRAU__ligand2688-0
10,GARRAU__ligand2259-0
11,GARRAU__ligand502-0
12,GARRAU__ligand196-0
13,GARRAU__ligand10910-0
14,GARRAU__ligand2629-0
15,GARRAU__ligand422-0
16,GARRAU__ligand4381-0
17,GARRAU__ligand1706-0
18,GARRAU__ligand113-0
19,GARRAU__ligand3734-0
20,GARRAU__ligand66-0
21,GARRAU__ligand1171-0
22,GARRAU__ligand21-0
23,GARRAU__ligand210-0
24,GARRAU__ligand3063-0
25,GARRAU__ligand1438-0
26,GARRAU__ligand10114-0
27,GARRAU__ligand5801-0
28,GARRAU__ligand1459-0
29,GARRAU__ligand38-0
30,GARRAU__ligand481-0
31,GARRAU__ligand314-0
32,GARRAU__ligand1544-0
33,GARRAU__ligand1685-0
34,GARRAU__ligand391-0
35,GARRAU__ligand10479-0
36,GARRAU__ligand1-0
37,GARRAU__ligand2087-0
38,GARRAU__ligand170-0
39,GARRAU__ligand1048-0
40,GARRAU__ligand3757-0
41,GARRAU__ligand40-0
42,GARRAU__ligand355-0
43,GARRAU__ligand784-0
44,GARRAU__ligand1228-0
45,GARRAU__ligand485-0
46,GARRAU__ligand9244-0
47,GARRAU__ligand1114-0
48,GARRAU__ligand1538-0
49,GARRAU__ligand115-0
50,GARRAU__ligand3246-0
51,GARRAU__ligand1148-0
52,GARRAU__ligand18-0
53,GARRAU__ligand1479-0
54,GARRAU__ligand291-0
55,GARRAU__ligand3178-0
56,GARRAU__ligand6332-0
57,GARRAU__ligand2098-0
58,GARRAU__ligand6502-0
59,GARRAU__ligand2863-0
60,GARRAU__ligand7915-0
61,GARRAU__ligand682-0
62,GARRAU__ligand5548-0
63,GARRAU__ligand62-0
64,GARRAU__ligand6686-0
65,GARRAU__ligand1747-0
66,GARRAU__ligand3145-0
67,GARRAU__ligand133-0
68,GARRAU__ligand2751-0
69,GARRAU__ligand447-0
70,GARRAU__ligand487-0
71,GARRAU__ligand2634-0
72,GARRAU__ligand1542-0
73,GARRAU__ligand522-0
74,GARRAU__ligand3041-0
75,GARRAU__ligand666-0
76,GARRAU__ligand86-0
77,GARRAU__ligand331-0
78,GARRAU__ligand294-0
79,GARRAU__ligand2864-0
80,GARRAU__ligand993-0
81,GARRAU__ligand9495-0
82,GARRAU__ligand6151-0
83,GARRAU__ligand2772-0
84,GARRAU__ligand6538-0
85,GARRAU__ligand584-0
86,GARRAU__ligand916-0
87,GARRAU__ligand421-0
88,GARRAU__ligand2142-0
89,GARRAU__ligand798-0
90,GARRAU__ligand932-0
91,GARRAU__ligand5941-0
92,GARRAU__ligand134-0
93,GARRAU__ligand2880-0
94,GARRAU__ligand235-0
95,GARRAU__ligand2838-0
96,GARRAU__ligand1799-0
97,GARRAU__ligand3838-0
98,GARRAU__ligand390-0
99,GARRAU__ligand5022-0
100,GARRAU__ligand1169-0
101,GARRAU__ligand560-0
102,GARRAU__ligand525-0
103,GARRAU__ligand109-0
104,GARRAU__ligand352-0
105,GARRAU__ligand783-0
106,GARRAU__ligand1502-0
107,GARRAU__ligand2345-0
108,GARRAU__ligand2794-0
109,GARRAU__ligand1835-0
110,GARRAU__ligand4983-0
111,GARRAU__ligand15630-0
112,GARRAU__ligand9027-0
113,GARRAU__ligand10357-0
114,GARRAU__ligand136-0
115,GARRAU__ligand1113-0
116,GARRAU__ligand2265-0
117,GARRAU__ligand868-0
118,GARRAU__ligand6396-0
119,GARRAU__ligand442-0
120,GARRAU__ligand112-0
121,GARRAU__ligand67-0
122,GARRAU__ligand1273-0
123,GARRAU__ligand197-0
124,GARRAU__ligand296-0
125,GARRAU__ligand1052-0
126,GARRAU__ligand2907-0
127,GARRAU__ligand252-0
128,GARRAU__ligand1703-0
129,GARRAU__ligand2430-0
130,GARRAU__ligand955-0
131,GARRAU__ligand2320-0
132,GARRAU__ligand1056-0
133,GARRAU__ligand193-0
134,GARRAU__ligand2862-0
135,GARRAU__ligand2285-0
136,GARRAU__ligand1567-0
137,GARRAU__ligand8921-0
138,GARRAU__ligand2510-0
139,GARRAU__ligand830-0
140,GARRAU__ligand909-0
141,GARRAU__ligand851-0
142,GARRAU__ligand1607-0
143,GARRAU__ligand1152-0
144,GARRAU__ligand1727-0
145,GARRAU__ligand177-0
146,GARRAU__ligand934-0
147,GARRAU__ligand6-0
148,GARRAU__ligand369-0
149,GARRAU__ligand444-0
150,GARRAU__ligand45-0
151,GARRAU__ligand188-0
152,GARRAU__ligand4-0
153,GARRAU__ligand85-0
154,GARRAU__ligand8774-0
155,GARRAU__ligand78-0
156,GARRAU__ligand311-0
157,GARRAU__ligand3637-0
158,GARRAU__ligand6294-0
159,GARRAU__ligand1054-0
160,GARRAU__ligand1598-0
161,GARRAU__ligand1248-0
162,GARRAU__ligand370-0
163,GARRAU__ligand4303-0
164,GARRAU__ligand460-0
165,GARRAU__ligand7464-0
166,GARRAU__ligand250-0
167,GARRAU__ligand3566-0
168,GARRAU__ligand1178-0
169,GARRAU__ligand118-0
170,GARRAU__ligand670-0
171,GARRAU__ligand1321-0
172,GARRAU__ligand571-0
173,GARRAU__ligand1788-0
174,GARRAU__ligand509-0
175,GARRAU__ligand669-0
176,GARRAU__ligand89-0
177,GARRAU__ligand430-0
178,GARRAU__ligand1260-0
179,GARRAU__ligand4894-0
180,GARRAU__ligand9620-0
181,GARRAU__ligand358-0
182,GARRAU__ligand4811-0
183,GARRAU__ligand1449-1
184,GARRAU__ligand365-0
185,GARRAU__ligand49-0
186,GARRAU__ligand278-0
187,GARRAU__ligand3337-0
188,GARRAU__ligand7514-0
189,GARRAU__ligand8-0
190,GARRAU__ligand1307-0
191,GARRAU__ligand162-0
192,GARRAU__ligand17-0
193,GARRAU__ligand226-0
194,GARRAU__ligand6166-0
195,GARRAU__ligand1246-0
196,GARRAU__ligand383-0
197,GARRAU__ligand5089-0
198,GARRAU__ligand2599-0
199,GARRAU__ligand3853-0
200,GARRAU__ligand2853-0
201,GARRAU__ligand92-0
202,GARRAU__ligand838-0
203,GARRAU__ligand8032-0
204,GARRAU__ligand1858-0
205,GARRAU__ligand166-0
206,GARRAU__ligand2315-0
207,GARRAU__ligand633-0
208,GARRAU__ligand918-0
209,GARRAU__ligand4504-0
210,GARRAU__ligand3051-0
211,GARRAU__ligand532-0
212,GARRAU__ligand2480-0
213,GARRAU__ligand1898-0
214,GARRAU__ligand5334-0
215,GARRAU__ligand497-0
216,GARRAU__ligand2389-0
217,GARRAU__ligand553-0
218,GARRAU__ligand283-0
219,GARRAU__ligand821-0
220,GARRAU__ligand1919-0
221,GARRAU__ligand326-0
222,GARRAU__ligand2916-0
223,GARRAU__ligand436-0
224,GARRAU__ligand2110-0
225,GARRAU__ligand3579-0
226,GARRAU__ligand142-0
227,GARRAU__ligand1712-0
228,GARRAU__ligand206-0
229,GARRAU__ligand6430-0
230,GARRAU__ligand1299-0
231,GARRAU__ligand1221-0
232,GARRAU__ligand1264-0
233,GARRAU__ligand1379-0
234,GARRAU__ligand105-0
235,GARRAU__ligand140-0
236,GARRAU__ligand2376-0
237,GARRAU__ligand11730-0
238,GARRAU__ligand409-0
239,GARRAU__ligand2929-0
240,GARRAU__ligand361-0
241,GARRAU__ligand324-0
242,GARRAU__ligand1325-0
243,GARRAU__ligand2482-0
244,GARRAU__ligand575-0
245,GARRAU__ligand6571-0
246,GARRAU__ligand7414-0
247,GARRAU__ligand5762-0
248,GARRAU__ligand1104-0
249,GARRAU__ligand2442-0
250,GARRAU__ligand927-0
251,GARRAU__ligand1019-0
252,GARRAU__ligand199-0
253,GARRAU__ligand11-0
254,GARRAU__ligand3251-0
255,GARRAU__ligand5235-0
256,GARRAU__ligand6143-0
257,GARRAU__ligand32-0
258,GARRAU__ligand596-0
259,GARRAU__ligand4619-0
260,GARRAU__ligand1493-0
261,GARRAU__ligand612-0
262,GARRAU__ligand2718-0
263,GARRAU__ligand3070-0
264,GARRAU__ligand3035-0
265,GARRAU__ligand187-0
266,GARRAU__ligand366-0
267,GARRAU__ligand9176-0
268,GARRAU__ligand861-0
269,GARRAU__ligand3852-0
270,GARRAU__ligand3478-0
271,GARRAU__ligand5758-0
272,GARRAU__ligand7456-0
273,GARRAU__ligand1818-0
274,GARRAU__ligand126-0
275,GARRAU__ligand1907-0
276,GARRAU__ligand4423-0
277,GARRAU__ligand51-0
278,GARRAU__ligand124-0
279,GARRAU__ligand3890-0
280,GARRAU__ligand119-0
281,GARRAU__ligand91-0
282,GARRAU__ligand7630-0
283,GARRAU__ligand29-0
284,GARRAU__ligand1555-0
285,GARRAU__ligand1285-0
286,GARRAU__ligand48-0
287,GARRAU__ligand279-0
288,GARRAU__ligand7550-0
289,GARRAU__ligand178-0
290,GARRAU__ligand321-0
291,GARRAU__ligand2954-0
292,GARRAU__ligand5093-0
293,GARRAU__ligand2253-0
294,GARRAU__ligand1160-0
295,GARRAU__ligand1038-0
296,GARRAU__ligand100-0
297,GARRAU__ligand244-0
298,GARRAU__ligand2762-0
299,GARRAU__ligand201-0
300,GARRAU__ligand4012-0
301,GARRAU__ligand3196-0
302,GARRAU__ligand34-0
303,GARRAU__ligand240-0
304,GARRAU__ligand141-0
305,GARRAU__ligand2915-0
306,GARRAU__ligand120-0
307,GARRAU__ligand2707-0
308,GARRAU__ligand55-0
309,GARRAU__ligand1690-0
310,GARRAU__ligand384-0
311,GARRAU__ligand2526-0
312,GARRAU__ligand1551-0
313,GARRAU__ligand95-0
314,GARRAU__ligand4370-0
315,GARRAU__ligand797-0
316,GARRAU__ligand57-0
317,GARRAU__ligand1436-0
318,GARRAU__ligand757-0
319,GARRAU__ligand3618-0
320,GARRAU__ligand2618-0
321,GARRAU__ligand4175-0
322,GARRAU__ligand73-0
323,GARRAU__ligand2255-0
324,GARRAU__ligand1918-0
