,TMC
0,BIVGIW__ligand16369-0
1,BIVGIW__ligand6017-0
2,BIVGIW__ligand28540-0
3,BIVGIW__ligand11111-0
4,BIVGIW__ligand7316-0
5,BIVGIW__ligand20695-0
6,BIVGIW__ligand27754-0
7,BIVGIW__ligand126-0
8,BIVGIW__ligand163-0
9,BIVGIW__ligand5708-0
10,BIVGIW__ligand5180-0
11,BIVGIW__ligand22403-0
12,BIVGIW__ligand7172-0
13,BIVGIW__ligand21399-0
14,BIVGIW__ligand10872-0
15,BIVGIW__ligand26631-0
16,BIVGIW__ligand16148-0
17,BIVGIW__ligand7273-0
18,BIVGIW__ligand12003-0
19,BIVGIW__ligand9323-0
20,BIVGIW__ligand845-0
21,BIVGIW__ligand1153-0
22,BIVGIW__ligand3225-0
23,BIVGIW__ligand1116-0
24,BIVGIW__ligand7092-0
25,BIVGIW__ligand2260-0
26,BIVGIW__ligand8612-0
27,BIVGIW__ligand29215-0
28,BIVGIW__ligand2124-0
29,BIVGIW__ligand8793-0
30,BIVGIW__ligand5649-0
31,BIVGIW__ligand2788-0
32,BIVGIW__ligand4649-0
33,BIVGIW__ligand21729-0
34,BIVGIW__ligand366-0
35,BIVGIW__ligand27239-0
36,BIVGIW__ligand28559-0
37,BIVGIW__ligand26324-0
38,BIVGIW__ligand2906-0
39,BIVGIW__ligand14043-0
40,BIVGIW__ligand187-0
41,BIVGIW__ligand4711-0
42,BIVGIW__ligand3244-0
43,BIVGIW__ligand19927-0
44,BIVGIW__ligand657-0
45,BIVGIW__ligand941-0
46,BIVGIW__ligand596-0
47,BIVGIW__ligand4807-0
48,BIVGIW__ligand3178-0
49,BIVGIW__ligand11618-0
50,BIVGIW__ligand5530-0
51,BIVGIW__ligand1787-0
52,BIVGIW__ligand1356-0
53,BIVGIW__ligand9753-0
54,BIVGIW__ligand26529-0
55,BIVGIW__ligand7196-0
56,BIVGIW__ligand777-0
57,BIVGIW__ligand5159-0
58,BIVGIW__ligand2612-0
59,BIVGIW__ligand201-0
60,BIVGIW__ligand17427-0
61,BIVGIW__ligand1599-0
62,BIVGIW__ligand9450-0
63,BIVGIW__ligand29486-0
64,BIVGIW__ligand31694-0
65,BIVGIW__ligand321-0
66,BIVGIW__ligand25561-0
67,BIVGIW__ligand43-0
68,BIVGIW__ligand22129-0
69,BIVGIW__ligand1289-0
70,BIVGIW__ligand178-0
71,BIVGIW__ligand12138-0
72,BIVGIW__ligand24780-0
73,BIVGIW__ligand2203-0
74,BIVGIW__ligand5387-0
75,BIVGIW__ligand185-0
76,BIVGIW__ligand279-0
77,BIVGIW__ligand11949-0
78,BIVGIW__ligand12001-0
79,BIVGIW__ligand67-0
80,BIVGIW__ligand2417-0
81,BIVGIW__ligand10033-0
82,BIVGIW__ligand24644-0
83,BIVGIW__ligand6391-0
84,BIVGIW__ligand3126-0
85,BIVGIW__ligand24872-0
86,BIVGIW__ligand9284-0
87,BIVGIW__ligand27840-0
88,BIVGIW__ligand1114-0
89,BIVGIW__ligand30728-0
90,BIVGIW__ligand17396-0
91,BIVGIW__ligand23175-0
92,BIVGIW__ligand15788-0
93,BIVGIW__ligand1604-0
94,BIVGIW__ligand1228-0
95,BIVGIW__ligand9943-0
96,BIVGIW__ligand13220-0
97,BIVGIW__ligand11587-0
98,BIVGIW__ligand2043-0
99,BIVGIW__ligand24111-0
100,BIVGIW__ligand338-0
101,BIVGIW__ligand22444-0
102,BIVGIW__ligand14569-0
103,BIVGIW__ligand8788-0
104,BIVGIW__ligand1832-0
105,BIVGIW__ligand13385-0
106,BIVGIW__ligand6892-0
107,BIVGIW__ligand31842-0
108,BIVGIW__ligand31044-0
109,BIVGIW__ligand11994-0
110,BIVGIW__ligand1211-0
111,BIVGIW__ligand24035-0
112,BIVGIW__ligand14614-0
113,BIVGIW__ligand3712-0
114,BIVGIW__ligand1464-0
115,BIVGIW__ligand16663-0
116,BIVGIW__ligand1499-0
117,BIVGIW__ligand768-0
118,BIVGIW__ligand2881-0
119,BIVGIW__ligand384-0
120,BIVGIW__ligand6699-0
121,BIVGIW__ligand16988-0
122,BIVGIW__ligand25913-0
123,BIVGIW__ligand3632-0
124,BIVGIW__ligand3677-0
125,BIVGIW__ligand1168-0
126,BIVGIW__ligand11682-0
127,BIVGIW__ligand30711-0
128,BIVGIW__ligand20207-0
129,BIVGIW__ligand1294-0
130,BIVGIW__ligand15926-0
131,BIVGIW__ligand19792-0
132,BIVGIW__ligand7291-0
133,BIVGIW__ligand10828-0
134,BIVGIW__ligand3677-1
135,BIVGIW__ligand28810-0
136,BIVGIW__ligand9883-0
137,BIVGIW__ligand11096-0
138,BIVGIW__ligand11447-0
139,BIVGIW__ligand24230-0
140,BIVGIW__ligand2985-0
141,BIVGIW__ligand4007-0
142,BIVGIW__ligand15883-0
143,BIVGIW__ligand141-0
144,BIVGIW__ligand9299-0
145,BIVGIW__ligand240-0
146,BIVGIW__ligand11970-0
147,BIVGIW__ligand21919-0
148,BIVGIW__ligand3945-0
149,BIVGIW__ligand28930-0
150,BIVGIW__ligand22168-0
151,BIVGIW__ligand22294-0
152,BIVGIW__ligand2693-0
153,BIVGIW__ligand5383-0
154,BIVGIW__ligand13862-0
155,BIVGIW__ligand11357-0
156,BIVGIW__ligand15531-0
157,BIVGIW__ligand9344-0
158,BIVGIW__ligand28743-0
159,BIVGIW__ligand3736-0
160,BIVGIW__ligand8000-0
161,BIVGIW__ligand10056-0
162,BIVGIW__ligand12365-0
163,BIVGIW__ligand23197-0
164,BIVGIW__ligand7762-0
165,BIVGIW__ligand5080-0
166,BIVGIW__ligand5509-0
167,BIVGIW__ligand8002-0
168,BIVGIW__ligand4-0
169,BIVGIW__ligand6117-0
170,BIVGIW__ligand1407-0
171,BIVGIW__ligand27285-0
172,BIVGIW__ligand45-0
173,BIVGIW__ligand29029-0
174,BIVGIW__ligand30142-0
175,BIVGIW__ligand27669-0
176,BIVGIW__ligand78-0
177,BIVGIW__ligand2822-0
178,BIVGIW__ligand7293-0
179,BIVGIW__ligand1317-0
180,BIVGIW__ligand3867-0
181,BIVGIW__ligand14167-0
182,BIVGIW__ligand13477-0
183,BIVGIW__ligand693-0
184,BIVGIW__ligand9167-0
185,BIVGIW__ligand5304-0
186,BIVGIW__ligand2238-0
187,BIVGIW__ligand18448-0
188,BIVGIW__ligand9773-0
189,BIVGIW__ligand12453-0
190,BIVGIW__ligand5510-0
191,BIVGIW__ligand28459-0
192,BIVGIW__ligand1376-0
193,BIVGIW__ligand757-0
194,BIVGIW__ligand19-0
195,BIVGIW__ligand1296-0
196,BIVGIW__ligand122-0
197,BIVGIW__ligand2259-0
198,BIVGIW__ligand19184-0
199,BIVGIW__ligand1197-0
200,BIVGIW__ligand5099-0
201,BIVGIW__ligand8592-0
202,BIVGIW__ligand4358-0
203,BIVGIW__ligand28685-0
204,BIVGIW__ligand18568-0
205,BIVGIW__ligand3120-0
206,BIVGIW__ligand3926-0
207,BIVGIW__ligand13672-0
208,BIVGIW__ligand2221-0
209,BIVGIW__ligand4101-0
210,BIVGIW__ligand24-0
211,BIVGIW__ligand5595-0
212,BIVGIW__ligand10371-0
213,BIVGIW__ligand1288-0
214,BIVGIW__ligand20844-0
215,BIVGIW__ligand3-0
216,BIVGIW__ligand4266-0
217,BIVGIW__ligand1400-0
218,BIVGIW__ligand18413-0
219,BIVGIW__ligand24624-0
220,BIVGIW__ligand9491-0
221,BIVGIW__ligand18757-0
222,BIVGIW__ligand4167-0
223,BIVGIW__ligand24560-0
224,BIVGIW__ligand42-0
225,BIVGIW__ligand1779-0
226,BIVGIW__ligand1817-0
227,BIVGIW__ligand488-0
228,BIVGIW__ligand6993-0
229,BIVGIW__ligand430-0
230,BIVGIW__ligand9750-0
231,BIVGIW__ligand21752-0
232,BIVGIW__ligand358-0
233,BIVGIW__ligand7075-0
234,BIVGIW__ligand694-0
235,BIVGIW__ligand30788-0
236,BIVGIW__ligand13691-0
237,BIVGIW__ligand14339-0
238,BIVGIW__ligand3557-0
239,BIVGIW__ligand3980-0
240,BIVGIW__ligand1149-0
241,BIVGIW__ligand23445-0
242,BIVGIW__ligand24953-0
243,BIVGIW__ligand3042-0
244,BIVGIW__ligand27122-0
245,BIVGIW__ligand20432-0
246,BIVGIW__ligand13755-0
247,BIVGIW__ligand16133-0
248,BIVGIW__ligand7438-0
249,BIVGIW__ligand8200-0
250,BIVGIW__ligand4063-0
251,BIVGIW__ligand25048-0
252,BIVGIW__ligand21940-0
253,BIVGIW__ligand571-0
254,BIVGIW__ligand1539-0
255,BIVGIW__ligand534-0
256,BIVGIW__ligand20557-0
257,BIVGIW__ligand1150-0
258,BIVGIW__ligand30004-0
259,BIVGIW__ligand670-0
260,BIVGIW__ligand3416-0
261,BIVGIW__ligand3453-0
262,BIVGIW__ligand66-0
263,BIVGIW__ligand4207-0
264,BIVGIW__ligand5019-0
265,BIVGIW__ligand11544-0
266,BIVGIW__ligand11501-0
267,BIVGIW__ligand3261-0
268,BIVGIW__ligand1152-0
269,BIVGIW__ligand29214-0
270,BIVGIW__ligand1216-0
271,BIVGIW__ligand22357-0
272,BIVGIW__ligand11758-0
273,BIVGIW__ligand21448-0
274,BIVGIW__ligand1849-0
275,BIVGIW__ligand383-0
276,BIVGIW__ligand5614-0
277,BIVGIW__ligand11798-0
278,BIVGIW__ligand5280-0
279,BIVGIW__ligand1831-0
280,BIVGIW__ligand416-0
281,BIVGIW__ligand12413-0
282,BIVGIW__ligand29334-0
283,BIVGIW__ligand5515-0
284,BIVGIW__ligand20731-0
285,BIVGIW__ligand6663-0
286,BIVGIW__ligand17445-0
287,BIVGIW__ligand226-0
288,BIVGIW__ligand17069-0
289,BIVGIW__ligand162-0
290,BIVGIW__ligand14477-0
291,BIVGIW__ligand1786-0
292,BIVGIW__ligand5630-0
293,BIVGIW__ligand20942-1
294,BIVGIW__ligand16956-0
295,BIVGIW__ligand38-0
296,BIVGIW__ligand14226-0
297,BIVGIW__ligand21339-0
298,BIVGIW__ligand18158-0
299,BIVGIW__ligand1908-0
300,BIVGIW__ligand27771-0
301,BIVGIW__ligand696-0
302,BIVGIW__ligand29565-0
303,BIVGIW__ligand23682-0
304,BIVGIW__ligand4795-0
305,BIVGIW__ligand3285-0
306,BIVGIW__ligand18019-1
307,BIVGIW__ligand3144-0
308,BIVGIW__ligand5085-0
309,BIVGIW__ligand14007-0
310,BIVGIW__ligand4710-0
311,BIVGIW__ligand5755-0
312,BIVGIW__ligand656-0
313,BIVGIW__ligand1828-0
314,BIVGIW__ligand1397-0
315,BIVGIW__ligand7213-0
316,BIVGIW__ligand8042-0
317,BIVGIW__ligand27550-0
318,BIVGIW__ligand1-0
319,BIVGIW__ligand6112-0
320,BIVGIW__ligand692-0
321,BIVGIW__ligand15387-0
322,BIVGIW__ligand2650-0
323,BIVGIW__ligand2281-0
324,BIVGIW__ligand4340-0
325,BIVGIW__ligand20121-0
326,BIVGIW__ligand3180-0
327,BIVGIW__ligand20220-0
328,BIVGIW__ligand6995-0
329,BIVGIW__ligand29813-0
330,BIVGIW__ligand16952-0
331,BIVGIW__ligand2823-0
332,BIVGIW__ligand436-0
333,BIVGIW__ligand29441-0
334,BIVGIW__ligand326-0
335,BIVGIW__ligand10853-0
336,BIVGIW__ligand4124-0
337,BIVGIW__ligand27610-0
338,BIVGIW__ligand10479-0
339,BIVGIW__ligand3471-0
340,BIVGIW__ligand4161-0
341,BIVGIW__ligand11479-0
342,BIVGIW__ligand20530-0
343,BIVGIW__ligand11698-0
344,BIVGIW__ligand14302-0
345,BIVGIW__ligand13657-0
346,BIVGIW__ligand14347-0
347,BIVGIW__ligand24851-0
348,BIVGIW__ligand5415-0
349,BIVGIW__ligand497-0
350,BIVGIW__ligand22353-0
351,BIVGIW__ligand5201-0
352,BIVGIW__ligand19668-0
353,BIVGIW__ligand8553-0
354,BIVGIW__ligand633-0
355,BIVGIW__ligand1113-0
356,BIVGIW__ligand19906-0
357,BIVGIW__ligand10151-0
358,BIVGIW__ligand9944-0
359,BIVGIW__ligand8593-0
360,BIVGIW__ligand2001-0
361,BIVGIW__ligand18-0
362,BIVGIW__ligand7566-0
363,BIVGIW__ligand10582-0
364,BIVGIW__ligand13260-0
365,BIVGIW__ligand199-0
366,BIVGIW__ligand1169-0
367,BIVGIW__ligand11252-0
368,BIVGIW__ligand8529-0
369,BIVGIW__ligand19824-0
370,BIVGIW__ligand18067-0
371,BIVGIW__ligand300-0
372,BIVGIW__ligand20821-0
373,BIVGIW__ligand1498-0
374,BIVGIW__ligand4596-0
375,BIVGIW__ligand26673-0
376,BIVGIW__ligand1154-0
377,BIVGIW__ligand588-0
378,BIVGIW__ligand31000-0
379,BIVGIW__ligand11606-0
380,BIVGIW__ligand9615-0
381,BIVGIW__ligand16603-0
382,BIVGIW__ligand1028-0
383,BIVGIW__ligand409-0
384,BIVGIW__ligand4262-0
385,BIVGIW__ligand11814-0
386,BIVGIW__ligand324-0
387,BIVGIW__ligand361-0
388,BIVGIW__ligand11622-0
389,BIVGIW__ligand16870-0
390,BIVGIW__ligand1618-0
391,BIVGIW__ligand2692-0
392,BIVGIW__ligand15455-0
393,BIVGIW__ligand11177-0
394,BIVGIW__ligand17686-0
395,BIVGIW__ligand25658-0
396,BIVGIW__ligand2027-0
397,BIVGIW__ligand31205-0
398,BIVGIW__ligand1050-0
399,BIVGIW__ligand1015-0
400,BIVGIW__ligand23589-0
401,BIVGIW__ligand5849-0
402,BIVGIW__ligand24064-0
403,BIVGIW__ligand560-0
404,BIVGIW__ligand3392-0
405,BIVGIW__ligand15168-0
406,BIVGIW__ligand32-0
407,BIVGIW__ligand4911-0
408,BIVGIW__ligand1771-0
409,BIVGIW__ligand22755-0
410,BIVGIW__ligand8349-0
411,BIVGIW__ligand31618-0
412,BIVGIW__ligand8464-0
413,BIVGIW__ligand11432-0
414,BIVGIW__ligand10432-0
415,BIVGIW__ligand1709-0
416,BIVGIW__ligand26277-0
417,BIVGIW__ligand29898-0
418,BIVGIW__ligand235-0
419,BIVGIW__ligand134-0
420,BIVGIW__ligand2527-0
421,BIVGIW__ligand31578-0
422,BIVGIW__ligand1469-0
423,BIVGIW__ligand421-0
424,BIVGIW__ligand17207-0
425,BIVGIW__ligand3871-0
426,BIVGIW__ligand1768-0
427,BIVGIW__ligand17945-0
428,BIVGIW__ligand18013-0
429,BIVGIW__ligand25224-0
430,BIVGIW__ligand4850-0
431,BIVGIW__ligand5056-0
432,BIVGIW__ligand3647-0
433,BIVGIW__ligand24750-0
434,BIVGIW__ligand5357-0
435,BIVGIW__ligand1688-0
436,BIVGIW__ligand685-0
437,BIVGIW__ligand3157-0
438,BIVGIW__ligand9525-0
439,BIVGIW__ligand28924-0
440,BIVGIW__ligand294-0
441,BIVGIW__ligand1165-0
442,BIVGIW__ligand15438-0
443,BIVGIW__ligand16-0
444,BIVGIW__ligand5935-0
445,BIVGIW__ligand18703-0
446,BIVGIW__ligand2722-0
447,BIVGIW__ligand1379-0
448,BIVGIW__ligand29087-0
449,BIVGIW__ligand5892-0
450,BIVGIW__ligand5094-0
451,BIVGIW__ligand197-0
452,BIVGIW__ligand12336-0
453,BIVGIW__ligand13072-0
454,BIVGIW__ligand51-0
455,BIVGIW__ligand1712-0
456,BIVGIW__ligand4131-0
457,BIVGIW__ligand1496-0
458,BIVGIW__ligand7557-0
459,BIVGIW__ligand17590-0
460,BIVGIW__ligand91-0
461,BIVGIW__ligand17240-0
462,BIVGIW__ligand12682-0
463,BIVGIW__ligand18699-0
464,BIVGIW__ligand1533-0
465,BIVGIW__ligand11774-0
466,BIVGIW__ligand8722-0
467,BIVGIW__ligand14586-0
468,BIVGIW__ligand1327-0
469,BIVGIW__ligand9809-0
470,BIVGIW__ligand6672-0
471,BIVGIW__ligand48-0
472,BIVGIW__ligand3350-0
473,BIVGIW__ligand868-0
474,BIVGIW__ligand2781-0
475,BIVGIW__ligand21421-0
476,BIVGIW__ligand7573-0
477,BIVGIW__ligand11568-0
478,BIVGIW__ligand2208-0
479,BIVGIW__ligand20579-0
480,BIVGIW__ligand17710-0
481,BIVGIW__ligand3208-0
482,BIVGIW__ligand10555-0
483,BIVGIW__ligand9197-0
484,BIVGIW__ligand31483-0
485,BIVGIW__ligand1900-0
486,BIVGIW__ligand19725-0
487,BIVGIW__ligand4581-0
488,BIVGIW__ligand1773-0
489,BIVGIW__ligand2328-0
490,BIVGIW__ligand24613-0
491,BIVGIW__ligand7162-0
492,BIVGIW__ligand3029-0
493,BIVGIW__ligand352-0
494,BIVGIW__ligand783-0
495,BIVGIW__ligand4330-0
496,BIVGIW__ligand2599-0
497,BIVGIW__ligand11140-0
498,BIVGIW__ligand29610-0
499,BIVGIW__ligand177-0
500,BIVGIW__ligand29863-0
501,BIVGIW__ligand18074-0
502,BIVGIW__ligand7532-0
503,BIVGIW__ligand13869-0
504,BIVGIW__ligand4194-0
505,BIVGIW__ligand7925-0
506,BIVGIW__ligand18465-0
507,BIVGIW__ligand18799-0
508,BIVGIW__ligand2068-0
509,BIVGIW__ligand34-0
510,BIVGIW__ligand1147-0
511,BIVGIW__ligand909-0
512,BIVGIW__ligand28668-0
513,BIVGIW__ligand16791-0
514,BIVGIW__ligand3973-0
515,BIVGIW__ligand830-0
516,BIVGIW__ligand27169-0
517,BIVGIW__ligand14523-0
518,BIVGIW__ligand55-0
519,BIVGIW__ligand18391-0
520,BIVGIW__ligand372-0
521,BIVGIW__ligand7107-0
522,BIVGIW__ligand25805-0
523,BIVGIW__ligand22981-0
524,BIVGIW__ligand20599-0
525,BIVGIW__ligand193-0
526,BIVGIW__ligand3215-0
527,BIVGIW__ligand27074-0
528,BIVGIW__ligand116-0
529,BIVGIW__ligand4738-0
530,BIVGIW__ligand4813-0
531,BIVGIW__ligand23904-0
532,BIVGIW__ligand5813-0
533,BIVGIW__ligand13257-0
534,BIVGIW__ligand252-0
535,BIVGIW__ligand6062-0
536,BIVGIW__ligand21936-0
537,BIVGIW__ligand6283-0
538,BIVGIW__ligand12467-0
539,BIVGIW__ligand25267-0
540,BIVGIW__ligand68-0
541,BIVGIW__ligand10084-0
542,BIVGIW__ligand5316-0
543,BIVGIW__ligand21132-0
544,BIVGIW__ligand11166-0
545,BIVGIW__ligand250-0
546,BIVGIW__ligand23906-0
547,BIVGIW__ligand5483-0
548,BIVGIW__ligand1729-0
549,BIVGIW__ligand5627-0
550,BIVGIW__ligand30539-0
551,BIVGIW__ligand2830-0
552,BIVGIW__ligand1415-0
553,BIVGIW__ligand6946-0
554,BIVGIW__ligand370-0
555,BIVGIW__ligand21787-0
556,BIVGIW__ligand57-0
557,BIVGIW__ligand25575-0
558,BIVGIW__ligand25689-0
559,BIVGIW__ligand7529-0
560,BIVGIW__ligand12295-0
561,BIVGIW__ligand27835-0
562,BIVGIW__ligand9148-0
563,BIVGIW__ligand2403-0
564,BIVGIW__ligand785-0
565,BIVGIW__ligand311-0
566,BIVGIW__ligand31248-0
567,BIVGIW__ligand25650-0
568,BIVGIW__ligand479-0
569,BIVGIW__ligand19257-0
570,BIVGIW__ligand13209-0
571,BIVGIW__ligand3934-0
572,BIVGIW__ligand564-0
573,BIVGIW__ligand6455-0
574,BIVGIW__ligand370-1
575,BIVGIW__ligand6882-0
576,BIVGIW__ligand12660-0
577,BIVGIW__ligand620-0
578,BIVGIW__ligand11206-0
579,BIVGIW__ligand9681-0
580,BIVGIW__ligand23124-0
581,BIVGIW__ligand12519-0
582,BIVGIW__ligand188-0
583,BIVGIW__ligand4332-0
584,BIVGIW__ligand25735-0
585,BIVGIW__ligand3012-0
586,BIVGIW__ligand1449-0
587,BIVGIW__ligand1065-0
588,BIVGIW__ligand7530-0
589,BIVGIW__ligand686-0
590,BIVGIW__ligand27460-0
591,BIVGIW__ligand6067-0
592,BIVGIW__ligand1577-0
593,BIVGIW__ligand2295-0
594,BIVGIW__ligand4620-0
595,BIVGIW__ligand16628-0
596,BIVGIW__ligand20740-0
597,BIVGIW__ligand28468-0
598,BIVGIW__ligand422-0
599,BIVGIW__ligand12427-0
600,BIVGIW__ligand12337-0
601,BIVGIW__ligand29410-0
602,BIVGIW__ligand26540-0
603,BIVGIW__ligand6596-0
604,BIVGIW__ligand6904-0
605,BIVGIW__ligand3721-0
606,BIVGIW__ligand6102-0
607,BIVGIW__ligand17281-0
608,BIVGIW__ligand3465-0
609,BIVGIW__ligand30296-0
610,BIVGIW__ligand12606-0
611,BIVGIW__ligand2917-0
612,BIVGIW__ligand30333-0
613,BIVGIW__ligand196-0
614,BIVGIW__ligand7819-0
615,BIVGIW__ligand26665-0
616,BIVGIW__ligand17631-0
617,BIVGIW__ligand13012-0
618,BIVGIW__ligand7126-0
619,BIVGIW__ligand17258-0
620,BIVGIW__ligand353-0
621,BIVGIW__ligand14297-0
622,BIVGIW__ligand14603-0
623,BIVGIW__ligand8835-0
624,BIVGIW__ligand2028-0
625,BIVGIW__ligand89-0
626,BIVGIW__ligand31783-0
627,BIVGIW__ligand3234-0
628,BIVGIW__ligand1142-0
629,BIVGIW__ligand19641-0
630,BIVGIW__ligand15422-0
631,BIVGIW__ligand12934-0
632,BIVGIW__ligand20578-0
633,BIVGIW__ligand27893-0
634,BIVGIW__ligand14723-0
635,BIVGIW__ligand8-0
636,BIVGIW__ligand30988-0
637,BIVGIW__ligand49-0
638,BIVGIW__ligand393-0
639,BIVGIW__ligand18832-0
640,BIVGIW__ligand4641-0
641,BIVGIW__ligand27175-0
642,BIVGIW__ligand23713-0
643,BIVGIW__ligand12231-0
644,BIVGIW__ligand9111-0
645,BIVGIW__ligand9952-0
646,BIVGIW__ligand12130-0
647,BIVGIW__ligand17387-0
648,BIVGIW__ligand12289-0
649,BIVGIW__ligand618-0
650,BIVGIW__ligand1615-0
651,BIVGIW__ligand18292-0
652,BIVGIW__ligand13658-0
653,BIVGIW__ligand26702-0
654,BIVGIW__ligand5036-0
655,BIVGIW__ligand2526-0
656,BIVGIW__ligand1823-0
657,BIVGIW__ligand19830-0
658,BIVGIW__ligand13068-0
659,BIVGIW__ligand5643-0
660,BIVGIW__ligand10476-0
661,BIVGIW__ligand391-0
662,BIVGIW__ligand1324-0
663,BIVGIW__ligand24145-0
664,BIVGIW__ligand8721-0
665,BIVGIW__ligand15585-0
666,BIVGIW__ligand12401-0
667,BIVGIW__ligand314-0
668,BIVGIW__ligand25178-0
669,BIVGIW__ligand780-0
670,BIVGIW__ligand7967-0
671,BIVGIW__ligand3707-0
672,BIVGIW__ligand6124-0
673,BIVGIW__ligand1018-0
674,BIVGIW__ligand813-0
675,BIVGIW__ligand23769-0
676,BIVGIW__ligand24185-0
677,BIVGIW__ligand4116-0
678,BIVGIW__ligand17805-0
679,BIVGIW__ligand8992-0
680,BIVGIW__ligand9601-0
681,BIVGIW__ligand17302-0
682,BIVGIW__ligand17-0
683,BIVGIW__ligand6244-0
684,BIVGIW__ligand14108-0
685,BIVGIW__ligand1378-0
686,BIVGIW__ligand2915-0
687,BIVGIW__ligand10958-0
688,BIVGIW__ligand3156-0
689,BIVGIW__ligand12641-0
690,BIVGIW__ligand314-1
691,BIVGIW__ligand1631-0
692,BIVGIW__ligand27763-0
693,BIVGIW__ligand10262-0
694,BIVGIW__ligand28676-0
695,BIVGIW__ligand1530-0
696,BIVGIW__ligand1575-0
697,BIVGIW__ligand9933-0
698,BIVGIW__ligand13425-0
699,BIVGIW__ligand29302-0
700,BIVGIW__ligand465-0
701,BIVGIW__ligand9441-0
702,BIVGIW__ligand18814-0
703,BIVGIW__ligand2332-0
704,BIVGIW__ligand19057-0
705,BIVGIW__ligand9520-0
706,BIVGIW__ligand13294-0
707,BIVGIW__ligand31832-0
708,BIVGIW__ligand8699-0
709,BIVGIW__ligand1160-0
710,BIVGIW__ligand4093-0
711,BIVGIW__ligand4442-0
712,BIVGIW__ligand3954-0
713,BIVGIW__ligand1451-0
714,BIVGIW__ligand4272-0
715,BIVGIW__ligand28884-0
716,BIVGIW__ligand7629-0
717,BIVGIW__ligand13331-0
718,BIVGIW__ligand29879-0
719,BIVGIW__ligand14248-0
720,BIVGIW__ligand12030-0
721,BIVGIW__ligand833-0
722,BIVGIW__ligand9784-0
723,BIVGIW__ligand7238-0
724,BIVGIW__ligand11456-0
725,BIVGIW__ligand14174-0
726,BIVGIW__ligand10712-0
727,BIVGIW__ligand1790-0
728,BIVGIW__ligand1304-0
729,BIVGIW__ligand7280-0
730,BIVGIW__ligand7867-0
731,BIVGIW__ligand6709-0
732,BIVGIW__ligand1219-0
733,BIVGIW__ligand25411-0
734,BIVGIW__ligand4016-0
735,BIVGIW__ligand115-0
736,BIVGIW__ligand368-0
737,BIVGIW__ligand4503-0
738,BIVGIW__ligand4546-0
739,BIVGIW__ligand13390-0
740,BIVGIW__ligand395-0
741,BIVGIW__ligand20682-0
742,BIVGIW__ligand1285-0
743,BIVGIW__ligand8115-0
744,BIVGIW__ligand6768-0
745,BIVGIW__ligand1982-0
746,BIVGIW__ligand7000-0
747,BIVGIW__ligand2176-0
748,BIVGIW__ligand13208-0
749,BIVGIW__ligand9291-0
750,BIVGIW__ligand26810-0
751,BIVGIW__ligand2232-0
752,BIVGIW__ligand27482-0
753,BIVGIW__ligand4157-0
754,BIVGIW__ligand9833-0
755,BIVGIW__ligand784-0
756,BIVGIW__ligand8876-0
757,BIVGIW__ligand2828-0
758,BIVGIW__ligand7648-0
759,BIVGIW__ligand5256-0
760,BIVGIW__ligand14889-0
761,BIVGIW__ligand4720-0
762,BIVGIW__ligand30851-0
763,BIVGIW__ligand6839-0
764,BIVGIW__ligand29568-0
765,BIVGIW__ligand8969-0
766,BIVGIW__ligand1202-0
767,BIVGIW__ligand3937-0
768,BIVGIW__ligand3174-0
769,BIVGIW__ligand3131-0
770,BIVGIW__ligand5211-0
771,BIVGIW__ligand28789-0
772,BIVGIW__ligand21371-0
773,BIVGIW__ligand4155-0
774,BIVGIW__ligand17118-0
775,BIVGIW__ligand3094-0
776,BIVGIW__ligand20419-0
777,BIVGIW__ligand487-0
778,BIVGIW__ligand746-0
779,BIVGIW__ligand14117-0
780,BIVGIW__ligand447-0
781,BIVGIW__ligand6919-0
782,BIVGIW__ligand17261-0
783,BIVGIW__ligand3852-0
784,BIVGIW__ligand2485-0
785,BIVGIW__ligand1512-0
786,BIVGIW__ligand21581-0
787,BIVGIW__ligand31097-0
788,BIVGIW__ligand5331-0
789,BIVGIW__ligand3565-0
790,BIVGIW__ligand20251-0
791,BIVGIW__ligand30702-0
792,BIVGIW__ligand20214-0
793,BIVGIW__ligand20539-0
794,BIVGIW__ligand176-0
795,BIVGIW__ligand3035-0
796,BIVGIW__ligand3876-0
797,BIVGIW__ligand1343-0
798,BIVGIW__ligand6616-0
799,BIVGIW__ligand20251-1
800,BIVGIW__ligand3718-0
801,BIVGIW__ligand4661-0
802,BIVGIW__ligand1844-0
803,BIVGIW__ligand69-0
804,BIVGIW__ligand152-0
805,BIVGIW__ligand1959-0
806,BIVGIW__ligand3504-0
807,BIVGIW__ligand16475-0
808,BIVGIW__ligand14703-0
809,BIVGIW__ligand9935-0
810,BIVGIW__ligand1536-0
811,BIVGIW__ligand1573-0
812,BIVGIW__ligand24047-0
813,BIVGIW__ligand22557-0
814,BIVGIW__ligand9908-0
815,BIVGIW__ligand1263-0
816,BIVGIW__ligand10589-0
817,BIVGIW__ligand20598-0
818,BIVGIW__ligand506-0
819,BIVGIW__ligand11675-0
820,BIVGIW__ligand17398-0
821,BIVGIW__ligand7242-0
822,BIVGIW__ligand11-0
823,BIVGIW__ligand17982-0
824,BIVGIW__ligand29414-0
825,BIVGIW__ligand7106-0
826,BIVGIW__ligand20011-0
827,BIVGIW__ligand17278-0
