,TMC
0,WAYFOT__ligand422-0
1,WAYFOT__ligand17-0
2,WAYFOT__ligand2707-0
3,WAYFOT__ligand113-0
4,WAYFOT__ligand1690-0
5,WAYFOT__ligand196-0
6,WAYFOT__ligand502-0
7,WAYFOT__ligand2526-0
8,WAYFOT__ligand1551-0
9,WAYFOT__ligand92-0
10,WAYFOT__ligand3196-0
11,WAYFOT__ligand4012-0
12,WAYFOT__ligand353-0
13,WAYFOT__ligand236-0
14,WAYFOT__ligand2915-0
15,WAYFOT__ligand4175-0
16,WAYFOT__ligand89-0
17,WAYFOT__ligand391-0
18,WAYFOT__ligand170-0
19,WAYFOT__ligand2255-0
20,WAYFOT__ligand1918-0
21,WAYFOT__ligand49-0
22,WAYFOT__ligand481-0
23,WAYFOT__ligand11730-0
24,WAYFOT__ligand314-0
25,WAYFOT__ligand4370-0
26,WAYFOT__ligand1436-0
27,WAYFOT__ligand210-0
28,WAYFOT__ligand3618-0
29,WAYFOT__ligand2618-0
30,WAYFOT__ligand3852-0
31,WAYFOT__ligand3478-0
32,WAYFOT__ligand5758-0
33,WAYFOT__ligand291-0
34,WAYFOT__ligand115-0
35,WAYFOT__ligand7456-0
36,WAYFOT__ligand1818-0
37,WAYFOT__ligand11-0
38,WAYFOT__ligand3251-0
39,WAYFOT__ligand5235-0
40,WAYFOT__ligand6143-0
41,WAYFOT__ligand4619-0
42,WAYFOT__ligand1493-0
43,WAYFOT__ligand784-0
44,WAYFOT__ligand355-0
45,WAYFOT__ligand3035-0
46,WAYFOT__ligand3070-0
47,WAYFOT__ligand485-0
48,WAYFOT__ligand2718-0
49,WAYFOT__ligand9176-0
50,WAYFOT__ligand487-0
51,WAYFOT__ligand7550-0
52,WAYFOT__ligand522-0
53,WAYFOT__ligand666-0
54,WAYFOT__ligand5093-0
55,WAYFOT__ligand2954-0
56,WAYFOT__ligand133-0
57,WAYFOT__ligand2253-0
58,WAYFOT__ligand1160-0
59,WAYFOT__ligand447-0
60,WAYFOT__ligand1038-0
61,WAYFOT__ligand2762-0
62,WAYFOT__ligand682-0
63,WAYFOT__ligand1907-0
64,WAYFOT__ligand4423-0
65,WAYFOT__ligand3890-0
66,WAYFOT__ligand7630-0
67,WAYFOT__ligand1555-0
68,WAYFOT__ligand1285-0
69,WAYFOT__ligand48-0
70,WAYFOT__ligand2389-0
71,WAYFOT__ligand1919-0
72,WAYFOT__ligand525-0
73,WAYFOT__ligand560-0
74,WAYFOT__ligand109-0
75,WAYFOT__ligand2110-0
76,WAYFOT__ligand134-0
77,WAYFOT__ligand932-0
78,WAYFOT__ligand2916-0
79,WAYFOT__ligand235-0
80,WAYFOT__ligand3579-0
81,WAYFOT__ligand1712-0
82,WAYFOT__ligand390-0
83,WAYFOT__ligand916-0
84,WAYFOT__ligand584-0
85,WAYFOT__ligand51-0
86,WAYFOT__ligand8032-0
87,WAYFOT__ligand421-0
88,WAYFOT__ligand1858-0
89,WAYFOT__ligand798-0
90,WAYFOT__ligand91-0
91,WAYFOT__ligand2315-0
92,WAYFOT__ligand331-0
93,WAYFOT__ligand1898-0
94,WAYFOT__ligand3051-0
95,WAYFOT__ligand29-0
96,WAYFOT__ligand4504-0
97,WAYFOT__ligand2480-0
98,WAYFOT__ligand5334-0
99,WAYFOT__ligand294-0
100,WAYFOT__ligand993-0
101,WAYFOT__ligand1325-0
102,WAYFOT__ligand2482-0
103,WAYFOT__ligand6571-0
104,WAYFOT__ligand197-0
105,WAYFOT__ligand296-0
106,WAYFOT__ligand112-0
107,WAYFOT__ligand5762-0
108,WAYFOT__ligand7414-0
109,WAYFOT__ligand1104-0
110,WAYFOT__ligand1019-0
111,WAYFOT__ligand2442-0
112,WAYFOT__ligand1299-0
113,WAYFOT__ligand6430-0
114,WAYFOT__ligand136-0
115,WAYFOT__ligand1264-0
116,WAYFOT__ligand1221-0
117,WAYFOT__ligand1379-0
118,WAYFOT__ligand32-0
119,WAYFOT__ligand868-0
120,WAYFOT__ligand442-0
121,WAYFOT__ligand783-0
122,WAYFOT__ligand2376-0
123,WAYFOT__ligand352-0
124,WAYFOT__ligand2929-0
125,WAYFOT__ligand73-0
126,WAYFOT__ligand9620-0
127,WAYFOT__ligand934-0
128,WAYFOT__ligand177-0
129,WAYFOT__ligand4894-0
130,WAYFOT__ligand1260-0
131,WAYFOT__ligand1449-1
132,WAYFOT__ligand4811-0
133,WAYFOT__ligand909-0
134,WAYFOT__ligand851-0
135,WAYFOT__ligand3337-0
136,WAYFOT__ligand7514-0
137,WAYFOT__ligand1178-0
138,WAYFOT__ligand3566-0
139,WAYFOT__ligand193-0
140,WAYFOT__ligand1321-0
141,WAYFOT__ligand830-0
142,WAYFOT__ligand1788-0
143,WAYFOT__ligand57-0
144,WAYFOT__ligand252-0
145,WAYFOT__ligand955-0
146,WAYFOT__ligand460-0
147,WAYFOT__ligand6166-0
148,WAYFOT__ligand55-0
149,WAYFOT__ligand1246-0
150,WAYFOT__ligand250-0
151,WAYFOT__ligand2599-0
152,WAYFOT__ligand5089-0
153,WAYFOT__ligand3853-0
154,WAYFOT__ligand2853-0
155,WAYFOT__ligand95-0
156,WAYFOT__ligand370-0
157,WAYFOT__ligand311-0
158,WAYFOT__ligand1307-0
159,WAYFOT__ligand34-0
160,WAYFOT__ligand369-0
161,WAYFOT__ligand444-0
162,WAYFOT__ligand8-0
163,WAYFOT__ligand188-0
164,WAYFOT__ligand38-0
165,WAYFOT__ligand4-0
166,WAYFOT__ligand365-0
167,WAYFOT__ligand1607-0
168,WAYFOT__ligand278-0
169,WAYFOT__ligand669-0
170,WAYFOT__ligand1152-0
171,WAYFOT__ligand1727-0
172,WAYFOT__ligand430-0
173,WAYFOT__ligand358-0
174,WAYFOT__ligand40-0
175,WAYFOT__ligand509-0
176,WAYFOT__ligand2907-0
177,WAYFOT__ligand21-0
178,WAYFOT__ligand1703-0
179,WAYFOT__ligand2430-0
180,WAYFOT__ligand2320-0
181,WAYFOT__ligand1056-0
182,WAYFOT__ligand2862-0
183,WAYFOT__ligand8921-0
184,WAYFOT__ligand118-0
185,WAYFOT__ligand670-0
186,WAYFOT__ligand2285-0
187,WAYFOT__ligand1567-0
188,WAYFOT__ligand571-0
189,WAYFOT__ligand2510-0
190,WAYFOT__ligand6294-0
191,WAYFOT__ligand1054-0
192,WAYFOT__ligand1598-0
193,WAYFOT__ligand4303-0
194,WAYFOT__ligand1248-0
195,WAYFOT__ligand162-0
196,WAYFOT__ligand7464-0
197,WAYFOT__ligand226-0
198,WAYFOT__ligand383-0
199,WAYFOT__ligand66-0
200,WAYFOT__ligand6-0
201,WAYFOT__ligand8774-0
202,WAYFOT__ligand3637-0
203,WAYFOT__ligand14530-0
204,WAYFOT__ligand2880-0
205,WAYFOT__ligand5941-0
206,WAYFOT__ligand436-0
207,WAYFOT__ligand2838-0
208,WAYFOT__ligand3838-0
209,WAYFOT__ligand1799-0
210,WAYFOT__ligand142-0
211,WAYFOT__ligand206-0
212,WAYFOT__ligand1169-0
213,WAYFOT__ligand553-0
214,WAYFOT__ligand5022-0
215,WAYFOT__ligand283-0
216,WAYFOT__ligand821-0
217,WAYFOT__ligand326-0
218,WAYFOT__ligand86-0
219,WAYFOT__ligand633-0
220,WAYFOT__ligand10910-0
221,WAYFOT__ligand918-0
222,WAYFOT__ligand532-0
223,WAYFOT__ligand2864-0
224,WAYFOT__ligand497-0
225,WAYFOT__ligand6151-0
226,WAYFOT__ligand2772-0
227,WAYFOT__ligand838-0
228,WAYFOT__ligand62-0
229,WAYFOT__ligand9495-0
230,WAYFOT__ligand6538-0
231,WAYFOT__ligand166-0
232,WAYFOT__ligand2142-0
233,WAYFOT__ligand1273-0
234,WAYFOT__ligand927-0
235,WAYFOT__ligand199-0
236,WAYFOT__ligand575-0
237,WAYFOT__ligand10114-0
238,WAYFOT__ligand18-0
239,WAYFOT__ligand1052-0
240,WAYFOT__ligand1502-0
241,WAYFOT__ligand409-0
242,WAYFOT__ligand324-0
243,WAYFOT__ligand2794-0
244,WAYFOT__ligand361-0
245,WAYFOT__ligand2345-0
246,WAYFOT__ligand1835-0
247,WAYFOT__ligand4983-0
248,WAYFOT__ligand9027-0
249,WAYFOT__ligand10479-0
250,WAYFOT__ligand1113-0
251,WAYFOT__ligand2265-0
252,WAYFOT__ligand6396-0
253,WAYFOT__ligand140-0
254,WAYFOT__ligand105-0
255,WAYFOT__ligand67-0
256,WAYFOT__ligand126-0
257,WAYFOT__ligand3246-0
258,WAYFOT__ligand1148-0
259,WAYFOT__ligand1479-0
260,WAYFOT__ligand1228-0
261,WAYFOT__ligand612-0
262,WAYFOT__ligand9244-0
263,WAYFOT__ligand187-0
264,WAYFOT__ligand366-0
265,WAYFOT__ligand861-0
266,WAYFOT__ligand1114-0
267,WAYFOT__ligand596-0
268,WAYFOT__ligand1538-0
269,WAYFOT__ligand2751-0
270,WAYFOT__ligand100-0
271,WAYFOT__ligand201-0
272,WAYFOT__ligand244-0
273,WAYFOT__ligand279-0
274,WAYFOT__ligand2634-0
275,WAYFOT__ligand1542-0
276,WAYFOT__ligand178-0
277,WAYFOT__ligand3041-0
278,WAYFOT__ligand321-0
279,WAYFOT__ligand3178-0
280,WAYFOT__ligand119-0
281,WAYFOT__ligand6332-0
282,WAYFOT__ligand6502-0
283,WAYFOT__ligand2098-0
284,WAYFOT__ligand2863-0
285,WAYFOT__ligand5548-0
286,WAYFOT__ligand7915-0
287,WAYFOT__ligand1747-0
288,WAYFOT__ligand6686-0
289,WAYFOT__ligand3145-0
290,WAYFOT__ligand124-0
291,WAYFOT__ligand120-0
292,WAYFOT__ligand2629-0
293,WAYFOT__ligand4381-0
294,WAYFOT__ligand1706-0
295,WAYFOT__ligand3734-0
296,WAYFOT__ligand384-0
297,WAYFOT__ligand1951-0
298,WAYFOT__ligand240-0
299,WAYFOT__ligand1687-0
300,WAYFOT__ligand141-0
301,WAYFOT__ligand45-0
302,WAYFOT__ligand6277-0
303,WAYFOT__ligand1-0
304,WAYFOT__ligand85-0
305,WAYFOT__ligand2768-0
306,WAYFOT__ligand78-0
307,WAYFOT__ligand1376-0
308,WAYFOT__ligand2259-0
309,WAYFOT__ligand2688-0
310,WAYFOT__ligand1459-0
311,WAYFOT__ligand3-0
312,WAYFOT__ligand1544-0
313,WAYFOT__ligand1685-0
314,WAYFOT__ligand1048-0
315,WAYFOT__ligand10357-0
316,WAYFOT__ligand2087-0
317,WAYFOT__ligand15630-0
318,WAYFOT__ligand3757-0
319,WAYFOT__ligand1171-0
320,WAYFOT__ligand757-0
321,WAYFOT__ligand797-0
322,WAYFOT__ligand1438-0
323,WAYFOT__ligand3063-0
324,WAYFOT__ligand5801-0
