,TMC
0,FUMPAF__ligand17427-0
1,FUMPAF__ligand5595-0
2,FUMPAF__ligand4101-0
3,FUMPAF__ligand2221-0
4,FUMPAF__ligand29486-0
5,FUMPAF__ligand384-0
6,FUMPAF__ligand3120-0
7,FUMPAF__ligand3926-0
8,FUMPAF__ligand4358-0
9,FUMPAF__ligand31694-0
10,FUMPAF__ligand5099-0
11,FUMPAF__ligand8592-0
12,FUMPAF__ligand1197-0
13,FUMPAF__ligand2259-0
14,FUMPAF__ligand25561-0
15,FUMPAF__ligand1296-0
16,FUMPAF__ligand768-0
17,FUMPAF__ligand22129-0
18,FUMPAF__ligand12138-0
19,FUMPAF__ligand24780-0
20,FUMPAF__ligand1376-0
21,FUMPAF__ligand5510-0
22,FUMPAF__ligand9773-0
23,FUMPAF__ligand11949-0
24,FUMPAF__ligand12001-0
25,FUMPAF__ligand2238-0
26,FUMPAF__ligand5304-0
27,FUMPAF__ligand10033-0
28,FUMPAF__ligand24644-0
29,FUMPAF__ligand9167-0
30,FUMPAF__ligand24872-0
31,FUMPAF__ligand1317-0
32,FUMPAF__ligand3867-0
33,FUMPAF__ligand2822-0
34,FUMPAF__ligand7293-0
35,FUMPAF__ligand27840-0
36,FUMPAF__ligand30728-0
37,FUMPAF__ligand17396-0
38,FUMPAF__ligand23175-0
39,FUMPAF__ligand141-0
40,FUMPAF__ligand15788-0
41,FUMPAF__ligand18-0
42,FUMPAF__ligand1407-0
43,FUMPAF__ligand6117-0
44,FUMPAF__ligand11587-0
45,FUMPAF__ligand13220-0
46,FUMPAF__ligand5509-0
47,FUMPAF__ligand240-0
48,FUMPAF__ligand8002-0
49,FUMPAF__ligand24111-0
50,FUMPAF__ligand22444-0
51,FUMPAF__ligand7762-0
52,FUMPAF__ligand5080-0
53,FUMPAF__ligand14569-0
54,FUMPAF__ligand13385-0
55,FUMPAF__ligand16369-0
56,FUMPAF__ligand693-0
57,FUMPAF__ligand8000-0
58,FUMPAF__ligand28540-0
59,FUMPAF__ligand11111-0
60,FUMPAF__ligand3736-0
61,FUMPAF__ligand9344-0
62,FUMPAF__ligand27754-0
63,FUMPAF__ligand20695-0
64,FUMPAF__ligand5383-0
65,FUMPAF__ligand2693-0
66,FUMPAF__ligand3945-0
67,FUMPAF__ligand22403-0
68,FUMPAF__ligand9299-0
69,FUMPAF__ligand21399-0
70,FUMPAF__ligand10872-0
71,FUMPAF__ligand26631-0
72,FUMPAF__ligand16148-0
73,FUMPAF__ligand4007-0
74,FUMPAF__ligand2985-0
75,FUMPAF__ligand12003-0
76,FUMPAF__ligand3677-1
77,FUMPAF__ligand9883-0
78,FUMPAF__ligand4-0
79,FUMPAF__ligand29215-0
80,FUMPAF__ligand7291-0
81,FUMPAF__ligand1294-0
82,FUMPAF__ligand1168-0
83,FUMPAF__ligand21729-0
84,FUMPAF__ligand3632-0
85,FUMPAF__ligand3677-0
86,FUMPAF__ligand27239-0
87,FUMPAF__ligand28559-0
88,FUMPAF__ligand26324-0
89,FUMPAF__ligand14043-0
90,FUMPAF__ligand19927-0
91,FUMPAF__ligand6699-0
92,FUMPAF__ligand2881-0
93,FUMPAF__ligand1499-0
94,FUMPAF__ligand122-0
95,FUMPAF__ligand1464-0
96,FUMPAF__ligand3712-0
97,FUMPAF__ligand11618-0
98,FUMPAF__ligand26529-0
99,FUMPAF__ligand1211-0
100,FUMPAF__ligand757-0
101,FUMPAF__ligand6892-0
102,FUMPAF__ligand1832-0
103,FUMPAF__ligand8788-0
104,FUMPAF__ligand42-0
105,FUMPAF__ligand23197-0
106,FUMPAF__ligand2043-0
107,FUMPAF__ligand1228-0
108,FUMPAF__ligand9943-0
109,FUMPAF__ligand1604-0
110,FUMPAF__ligand845-0
111,FUMPAF__ligand27285-0
112,FUMPAF__ligand29029-0
113,FUMPAF__ligand30142-0
114,FUMPAF__ligand27669-0
115,FUMPAF__ligand1114-0
116,FUMPAF__ligand9284-0
117,FUMPAF__ligand6391-0
118,FUMPAF__ligand3126-0
119,FUMPAF__ligand14167-0
120,FUMPAF__ligand13477-0
121,FUMPAF__ligand2417-0
122,FUMPAF__ligand163-0
123,FUMPAF__ligand126-0
124,FUMPAF__ligand18448-0
125,FUMPAF__ligand12453-0
126,FUMPAF__ligand28459-0
127,FUMPAF__ligand2203-0
128,FUMPAF__ligand5387-0
129,FUMPAF__ligand1289-0
130,FUMPAF__ligand777-0
131,FUMPAF__ligand596-0
132,FUMPAF__ligand941-0
133,FUMPAF__ligand19184-0
134,FUMPAF__ligand28685-0
135,FUMPAF__ligand18568-0
136,FUMPAF__ligand187-0
137,FUMPAF__ligand66-0
138,FUMPAF__ligand13672-0
139,FUMPAF__ligand657-0
140,FUMPAF__ligand9450-0
141,FUMPAF__ligand1599-0
142,FUMPAF__ligand10371-0
143,FUMPAF__ligand366-0
144,FUMPAF__ligand2612-0
145,FUMPAF__ligand5159-0
146,FUMPAF__ligand31842-0
147,FUMPAF__ligand31044-0
148,FUMPAF__ligand11994-0
149,FUMPAF__ligand7196-0
150,FUMPAF__ligand178-0
151,FUMPAF__ligand185-0
152,FUMPAF__ligand9753-0
153,FUMPAF__ligand24035-0
154,FUMPAF__ligand1787-0
155,FUMPAF__ligand1356-0
156,FUMPAF__ligand5530-0
157,FUMPAF__ligand279-0
158,FUMPAF__ligand14614-0
159,FUMPAF__ligand321-0
160,FUMPAF__ligand3178-0
161,FUMPAF__ligand16663-0
162,FUMPAF__ligand4807-0
163,FUMPAF__ligand4711-0
164,FUMPAF__ligand3244-0
165,FUMPAF__ligand16988-0
166,FUMPAF__ligand25913-0
167,FUMPAF__ligand2906-0
168,FUMPAF__ligand201-0
169,FUMPAF__ligand11682-0
170,FUMPAF__ligand4649-0
171,FUMPAF__ligand20207-0
172,FUMPAF__ligand30711-0
173,FUMPAF__ligand8793-0
174,FUMPAF__ligand5649-0
175,FUMPAF__ligand2788-0
176,FUMPAF__ligand2124-0
177,FUMPAF__ligand338-0
178,FUMPAF__ligand15926-0
179,FUMPAF__ligand19792-0
180,FUMPAF__ligand8612-0
181,FUMPAF__ligand10828-0
182,FUMPAF__ligand7092-0
183,FUMPAF__ligand28810-0
184,FUMPAF__ligand2260-0
185,FUMPAF__ligand3225-0
186,FUMPAF__ligand1153-0
187,FUMPAF__ligand11447-0
188,FUMPAF__ligand11096-0
189,FUMPAF__ligand1116-0
190,FUMPAF__ligand24230-0
191,FUMPAF__ligand9323-0
192,FUMPAF__ligand15883-0
193,FUMPAF__ligand7273-0
194,FUMPAF__ligand38-0
195,FUMPAF__ligand7172-0
196,FUMPAF__ligand11970-0
197,FUMPAF__ligand21919-0
198,FUMPAF__ligand5180-0
199,FUMPAF__ligand28930-0
200,FUMPAF__ligand22168-0
201,FUMPAF__ligand22294-0
202,FUMPAF__ligand5708-0
203,FUMPAF__ligand13862-0
204,FUMPAF__ligand11357-0
205,FUMPAF__ligand15531-0
206,FUMPAF__ligand28743-0
207,FUMPAF__ligand7316-0
208,FUMPAF__ligand6017-0
209,FUMPAF__ligand10056-0
210,FUMPAF__ligand12365-0
211,FUMPAF__ligand1050-0
212,FUMPAF__ligand11544-0
213,FUMPAF__ligand11501-0
214,FUMPAF__ligand1015-0
215,FUMPAF__ligand29214-0
216,FUMPAF__ligand2027-0
217,FUMPAF__ligand22357-0
218,FUMPAF__ligand326-0
219,FUMPAF__ligand11758-0
220,FUMPAF__ligand21448-0
221,FUMPAF__ligand2692-0
222,FUMPAF__ligand11798-0
223,FUMPAF__ligand1618-0
224,FUMPAF__ligand12413-0
225,FUMPAF__ligand29334-0
226,FUMPAF__ligand20731-0
227,FUMPAF__ligand436-0
228,FUMPAF__ligand692-0
229,FUMPAF__ligand17445-0
230,FUMPAF__ligand4262-0
231,FUMPAF__ligand1028-0
232,FUMPAF__ligand17069-0
233,FUMPAF__ligand14477-0
234,FUMPAF__ligand9615-0
235,FUMPAF__ligand20942-1
236,FUMPAF__ligand16956-0
237,FUMPAF__ligand1154-0
238,FUMPAF__ligand14226-0
239,FUMPAF__ligand21339-0
240,FUMPAF__ligand18158-0
241,FUMPAF__ligand4596-0
242,FUMPAF__ligand1498-0
243,FUMPAF__ligand27771-0
244,FUMPAF__ligand29565-0
245,FUMPAF__ligand23682-0
246,FUMPAF__ligand18019-1
247,FUMPAF__ligand14007-0
248,FUMPAF__ligand633-0
249,FUMPAF__ligand8529-0
250,FUMPAF__ligand497-0
251,FUMPAF__ligand1169-0
252,FUMPAF__ligand27550-0
253,FUMPAF__ligand588-0
254,FUMPAF__ligand7566-0
255,FUMPAF__ligand2001-0
256,FUMPAF__ligand45-0
257,FUMPAF__ligand20844-0
258,FUMPAF__ligand8593-0
259,FUMPAF__ligand18413-0
260,FUMPAF__ligand300-0
261,FUMPAF__ligand24624-0
262,FUMPAF__ligand9944-0
263,FUMPAF__ligand18757-0
264,FUMPAF__ligand24560-0
265,FUMPAF__ligand1113-0
266,FUMPAF__ligand8553-0
267,FUMPAF__ligand21752-0
268,FUMPAF__ligand5201-0
269,FUMPAF__ligand199-0
270,FUMPAF__ligand78-0
271,FUMPAF__ligand30788-0
272,FUMPAF__ligand13691-0
273,FUMPAF__ligand14339-0
274,FUMPAF__ligand23445-0
275,FUMPAF__ligand24953-0
276,FUMPAF__ligand5415-0
277,FUMPAF__ligand27122-0
278,FUMPAF__ligand20432-0
279,FUMPAF__ligand16133-0
280,FUMPAF__ligand13755-0
281,FUMPAF__ligand4124-0
282,FUMPAF__ligand4161-0
283,FUMPAF__ligand3471-0
284,FUMPAF__ligand25048-0
285,FUMPAF__ligand19-0
286,FUMPAF__ligand21940-0
287,FUMPAF__ligand24-0
288,FUMPAF__ligand2823-0
289,FUMPAF__ligand20557-0
290,FUMPAF__ligand30004-0
291,FUMPAF__ligand6995-0
292,FUMPAF__ligand3180-0
293,FUMPAF__ligand4340-0
294,FUMPAF__ligand409-0
295,FUMPAF__ligand2650-0
296,FUMPAF__ligand2281-0
297,FUMPAF__ligand361-0
298,FUMPAF__ligand324-0
299,FUMPAF__ligand10582-0
300,FUMPAF__ligand6112-0
301,FUMPAF__ligand13260-0
302,FUMPAF__ligand8042-0
303,FUMPAF__ligand694-0
304,FUMPAF__ligand7213-0
305,FUMPAF__ligand11252-0
306,FUMPAF__ligand1397-0
307,FUMPAF__ligand1828-0
308,FUMPAF__ligand19824-0
309,FUMPAF__ligand18067-0
310,FUMPAF__ligand5755-0
311,FUMPAF__ligand488-0
312,FUMPAF__ligand4710-0
313,FUMPAF__ligand430-0
314,FUMPAF__ligand5085-0
315,FUMPAF__ligand358-0
316,FUMPAF__ligand3144-0
317,FUMPAF__ligand3285-0
318,FUMPAF__ligand4795-0
319,FUMPAF__ligand20821-0
320,FUMPAF__ligand1908-0
321,FUMPAF__ligand26673-0
322,FUMPAF__ligand31000-0
323,FUMPAF__ligand5630-0
324,FUMPAF__ligand1786-0
325,FUMPAF__ligand11606-0
326,FUMPAF__ligand3-0
327,FUMPAF__ligand16603-0
328,FUMPAF__ligand11814-0
329,FUMPAF__ligand6663-0
330,FUMPAF__ligand11622-0
331,FUMPAF__ligand5515-0
332,FUMPAF__ligand534-0
333,FUMPAF__ligand571-0
334,FUMPAF__ligand1831-0
335,FUMPAF__ligand16870-0
336,FUMPAF__ligand5614-0
337,FUMPAF__ligand5280-0
338,FUMPAF__ligand670-0
339,FUMPAF__ligand1849-0
340,FUMPAF__ligand15455-0
341,FUMPAF__ligand11177-0
342,FUMPAF__ligand25658-0
343,FUMPAF__ligand17686-0
344,FUMPAF__ligand1216-0
345,FUMPAF__ligand31205-0
346,FUMPAF__ligand3261-0
347,FUMPAF__ligand1152-0
348,FUMPAF__ligand5019-0
349,FUMPAF__ligand15387-0
350,FUMPAF__ligand4207-0
351,FUMPAF__ligand226-0
352,FUMPAF__ligand20121-0
353,FUMPAF__ligand3416-0
354,FUMPAF__ligand3453-0
355,FUMPAF__ligand162-0
356,FUMPAF__ligand20220-0
357,FUMPAF__ligand383-0
358,FUMPAF__ligand16952-0
359,FUMPAF__ligand29813-0
360,FUMPAF__ligand1150-0
361,FUMPAF__ligand1539-0
362,FUMPAF__ligand416-0
363,FUMPAF__ligand29441-0
364,FUMPAF__ligand10853-0
365,FUMPAF__ligand4063-0
366,FUMPAF__ligand10479-0
367,FUMPAF__ligand27610-0
368,FUMPAF__ligand7438-0
369,FUMPAF__ligand8200-0
370,FUMPAF__ligand11479-0
371,FUMPAF__ligand20530-0
372,FUMPAF__ligand11698-0
373,FUMPAF__ligand14302-0
374,FUMPAF__ligand13657-0
375,FUMPAF__ligand14347-0
376,FUMPAF__ligand43-0
377,FUMPAF__ligand24851-0
378,FUMPAF__ligand3042-0
379,FUMPAF__ligand1149-0
380,FUMPAF__ligand3557-0
381,FUMPAF__ligand3980-0
382,FUMPAF__ligand22353-0
383,FUMPAF__ligand7075-0
384,FUMPAF__ligand1-0
385,FUMPAF__ligand67-0
386,FUMPAF__ligand9750-0
387,FUMPAF__ligand1817-0
388,FUMPAF__ligand19668-0
389,FUMPAF__ligand6993-0
390,FUMPAF__ligand656-0
391,FUMPAF__ligand19906-0
392,FUMPAF__ligand1779-0
393,FUMPAF__ligand4167-0
394,FUMPAF__ligand9491-0
395,FUMPAF__ligand696-0
396,FUMPAF__ligand10151-0
397,FUMPAF__ligand1400-0
398,FUMPAF__ligand4266-0
399,FUMPAF__ligand1288-0
400,FUMPAF__ligand7530-0
401,FUMPAF__ligand909-0
402,FUMPAF__ligand1065-0
403,FUMPAF__ligand1449-0
404,FUMPAF__ligand3012-0
405,FUMPAF__ligand12336-0
406,FUMPAF__ligand4332-0
407,FUMPAF__ligand13072-0
408,FUMPAF__ligand9681-0
409,FUMPAF__ligand6455-0
410,FUMPAF__ligand6882-0
411,FUMPAF__ligand17590-0
412,FUMPAF__ligand3934-0
413,FUMPAF__ligand17240-0
414,FUMPAF__ligand12682-0
415,FUMPAF__ligand18699-0
416,FUMPAF__ligand2403-0
417,FUMPAF__ligand177-0
418,FUMPAF__ligand9148-0
419,FUMPAF__ligand11774-0
420,FUMPAF__ligand14586-0
421,FUMPAF__ligand21421-0
422,FUMPAF__ligand7529-0
423,FUMPAF__ligand116-0
424,FUMPAF__ligand11568-0
425,FUMPAF__ligand17710-0
426,FUMPAF__ligand20579-0
427,FUMPAF__ligand252-0
428,FUMPAF__ligand1415-0
429,FUMPAF__ligand6946-0
430,FUMPAF__ligand2830-0
431,FUMPAF__ligand193-0
432,FUMPAF__ligand5627-0
433,FUMPAF__ligand10555-0
434,FUMPAF__ligand31483-0
435,FUMPAF__ligand1729-0
436,FUMPAF__ligand19725-0
437,FUMPAF__ligand830-0
438,FUMPAF__ligand5483-0
439,FUMPAF__ligand24613-0
440,FUMPAF__ligand372-0
441,FUMPAF__ligand5316-0
442,FUMPAF__ligand23589-0
443,FUMPAF__ligand24064-0
444,FUMPAF__ligand6283-0
445,FUMPAF__ligand6062-0
446,FUMPAF__ligand15168-0
447,FUMPAF__ligand370-0
448,FUMPAF__ligand5813-0
449,FUMPAF__ligand4813-0
450,FUMPAF__ligand4738-0
451,FUMPAF__ligand22755-0
452,FUMPAF__ligand3215-0
453,FUMPAF__ligand31618-0
454,FUMPAF__ligand11432-0
455,FUMPAF__ligand10432-0
456,FUMPAF__ligand26277-0
457,FUMPAF__ligand29898-0
458,FUMPAF__ligand7107-0
459,FUMPAF__ligand250-0
460,FUMPAF__ligand3973-0
461,FUMPAF__ligand31578-0
462,FUMPAF__ligand17207-0
463,FUMPAF__ligand1147-0
464,FUMPAF__ligand17945-0
465,FUMPAF__ligand25224-0
466,FUMPAF__ligand18013-0
467,FUMPAF__ligand2068-0
468,FUMPAF__ligand24750-0
469,FUMPAF__ligand7925-0
470,FUMPAF__ligand69-0
471,FUMPAF__ligand188-0
472,FUMPAF__ligand4194-0
473,FUMPAF__ligand564-0
474,FUMPAF__ligand11-0
475,FUMPAF__ligand28924-0
476,FUMPAF__ligand7532-0
477,FUMPAF__ligand370-1
478,FUMPAF__ligand15438-0
479,FUMPAF__ligand620-0
480,FUMPAF__ligand18703-0
481,FUMPAF__ligand2599-0
482,FUMPAF__ligand311-0
483,FUMPAF__ligand785-0
484,FUMPAF__ligand479-0
485,FUMPAF__ligand4330-0
486,FUMPAF__ligand29087-0
487,FUMPAF__ligand235-0
488,FUMPAF__ligand21132-0
489,FUMPAF__ligand3029-0
490,FUMPAF__ligand11166-0
491,FUMPAF__ligand7162-0
492,FUMPAF__ligand2328-0
493,FUMPAF__ligand134-0
494,FUMPAF__ligand23906-0
495,FUMPAF__ligand4581-0
496,FUMPAF__ligand1773-0
497,FUMPAF__ligand1900-0
498,FUMPAF__ligand9197-0
499,FUMPAF__ligand30539-0
500,FUMPAF__ligand21787-0
501,FUMPAF__ligand3208-0
502,FUMPAF__ligand25575-0
503,FUMPAF__ligand2208-0
504,FUMPAF__ligand25689-0
505,FUMPAF__ligand12295-0
506,FUMPAF__ligand2781-0
507,FUMPAF__ligand7573-0
508,FUMPAF__ligand3350-0
509,FUMPAF__ligand27835-0
510,FUMPAF__ligand1327-0
511,FUMPAF__ligand9809-0
512,FUMPAF__ligand6672-0
513,FUMPAF__ligand560-0
514,FUMPAF__ligand8722-0
515,FUMPAF__ligand31248-0
516,FUMPAF__ligand1533-0
517,FUMPAF__ligand25650-0
518,FUMPAF__ligand13209-0
519,FUMPAF__ligand19257-0
520,FUMPAF__ligand294-0
521,FUMPAF__ligand12660-0
522,FUMPAF__ligand7557-0
523,FUMPAF__ligand89-0
524,FUMPAF__ligand1496-0
525,FUMPAF__ligand11206-0
526,FUMPAF__ligand1712-0
527,FUMPAF__ligand4131-0
528,FUMPAF__ligand23124-0
529,FUMPAF__ligand49-0
530,FUMPAF__ligand685-0
531,FUMPAF__ligand12519-0
532,FUMPAF__ligand25735-0
533,FUMPAF__ligand421-0
534,FUMPAF__ligand5892-0
535,FUMPAF__ligand5094-0
536,FUMPAF__ligand1379-0
537,FUMPAF__ligand11140-0
538,FUMPAF__ligand2722-0
539,FUMPAF__ligand29610-0
540,FUMPAF__ligand5935-0
541,FUMPAF__ligand1165-0
542,FUMPAF__ligand29863-0
543,FUMPAF__ligand18074-0
544,FUMPAF__ligand9525-0
545,FUMPAF__ligand13869-0
546,FUMPAF__ligand3157-0
547,FUMPAF__ligand1688-0
548,FUMPAF__ligand18465-0
549,FUMPAF__ligand18799-0
550,FUMPAF__ligand5357-0
551,FUMPAF__ligand3647-0
552,FUMPAF__ligand5056-0
553,FUMPAF__ligand4850-0
554,FUMPAF__ligand1768-0
555,FUMPAF__ligand28668-0
556,FUMPAF__ligand16791-0
557,FUMPAF__ligand3871-0
558,FUMPAF__ligand1469-0
559,FUMPAF__ligand197-0
560,FUMPAF__ligand2527-0
561,FUMPAF__ligand27169-0
562,FUMPAF__ligand14523-0
563,FUMPAF__ligand18391-0
564,FUMPAF__ligand783-0
565,FUMPAF__ligand352-0
566,FUMPAF__ligand25805-0
567,FUMPAF__ligand17-0
568,FUMPAF__ligand22981-0
569,FUMPAF__ligand20599-0
570,FUMPAF__ligand1709-0
571,FUMPAF__ligand8464-0
572,FUMPAF__ligand27074-0
573,FUMPAF__ligand8349-0
574,FUMPAF__ligand4911-0
575,FUMPAF__ligand1771-0
576,FUMPAF__ligand23904-0
577,FUMPAF__ligand3392-0
578,FUMPAF__ligand13257-0
579,FUMPAF__ligand21936-0
580,FUMPAF__ligand12467-0
581,FUMPAF__ligand25267-0
582,FUMPAF__ligand5849-0
583,FUMPAF__ligand10084-0
584,FUMPAF__ligand868-0
585,FUMPAF__ligand12231-0
586,FUMPAF__ligand7106-0
587,FUMPAF__ligand17387-0
588,FUMPAF__ligand7242-0
589,FUMPAF__ligand12130-0
590,FUMPAF__ligand115-0
591,FUMPAF__ligand12289-0
592,FUMPAF__ligand18292-0
593,FUMPAF__ligand13658-0
594,FUMPAF__ligand26702-0
595,FUMPAF__ligand19830-0
596,FUMPAF__ligand13068-0
597,FUMPAF__ligand10476-0
598,FUMPAF__ligand24145-0
599,FUMPAF__ligand9908-0
600,FUMPAF__ligand1263-0
601,FUMPAF__ligand15585-0
602,FUMPAF__ligand12401-0
603,FUMPAF__ligand25178-0
604,FUMPAF__ligand1536-0
605,FUMPAF__ligand1573-0
606,FUMPAF__ligand9935-0
607,FUMPAF__ligand3504-0
608,FUMPAF__ligand23769-0
609,FUMPAF__ligand24185-0
610,FUMPAF__ligand1959-0
611,FUMPAF__ligand833-0
612,FUMPAF__ligand17805-0
613,FUMPAF__ligand1844-0
614,FUMPAF__ligand4661-0
615,FUMPAF__ligand3718-0
616,FUMPAF__ligand34-0
617,FUMPAF__ligand17302-0
618,FUMPAF__ligand3876-0
619,FUMPAF__ligand1343-0
620,FUMPAF__ligand3035-0
621,FUMPAF__ligand6616-0
622,FUMPAF__ligand3565-0
623,FUMPAF__ligand14108-0
624,FUMPAF__ligand784-0
625,FUMPAF__ligand5331-0
626,FUMPAF__ligand1512-0
627,FUMPAF__ligand2485-0
628,FUMPAF__ligand3852-0
629,FUMPAF__ligand6919-0
630,FUMPAF__ligand10958-0
631,FUMPAF__ligand55-0
632,FUMPAF__ligand12641-0
633,FUMPAF__ligand27763-0
634,FUMPAF__ligand4155-0
635,FUMPAF__ligand3094-0
636,FUMPAF__ligand10262-0
637,FUMPAF__ligand28676-0
638,FUMPAF__ligand5211-0
639,FUMPAF__ligand68-0
640,FUMPAF__ligand3174-0
641,FUMPAF__ligand1202-0
642,FUMPAF__ligand3937-0
643,FUMPAF__ligand29302-0
644,FUMPAF__ligand3131-0
645,FUMPAF__ligand13425-0
646,FUMPAF__ligand8969-0
647,FUMPAF__ligand368-0
648,FUMPAF__ligand6839-0
649,FUMPAF__ligand4720-0
650,FUMPAF__ligand18814-0
651,FUMPAF__ligand395-0
652,FUMPAF__ligand19057-0
653,FUMPAF__ligand5256-0
654,FUMPAF__ligand8876-0
655,FUMPAF__ligand2828-0
656,FUMPAF__ligand27460-0
657,FUMPAF__ligand7648-0
658,FUMPAF__ligand9833-0
659,FUMPAF__ligand4157-0
660,FUMPAF__ligand176-0
661,FUMPAF__ligand746-0
662,FUMPAF__ligand16628-0
663,FUMPAF__ligand2232-0
664,FUMPAF__ligand447-0
665,FUMPAF__ligand28468-0
666,FUMPAF__ligand20740-0
667,FUMPAF__ligand9291-0
668,FUMPAF__ligand2176-0
669,FUMPAF__ligand12427-0
670,FUMPAF__ligand7000-0
671,FUMPAF__ligand12337-0
672,FUMPAF__ligand1982-0
673,FUMPAF__ligand29410-0
674,FUMPAF__ligand6768-0
675,FUMPAF__ligand26540-0
676,FUMPAF__ligand8115-0
677,FUMPAF__ligand17281-0
678,FUMPAF__ligand1285-0
679,FUMPAF__ligand487-0
680,FUMPAF__ligand30296-0
681,FUMPAF__ligand12606-0
682,FUMPAF__ligand57-0
683,FUMPAF__ligand30333-0
684,FUMPAF__ligand4503-0
685,FUMPAF__ligand4546-0
686,FUMPAF__ligand26665-0
687,FUMPAF__ligand17631-0
688,FUMPAF__ligand13012-0
689,FUMPAF__ligand4016-0
690,FUMPAF__ligand1219-0
691,FUMPAF__ligand6709-0
692,FUMPAF__ligand17258-0
693,FUMPAF__ligand7867-0
694,FUMPAF__ligand14297-0
695,FUMPAF__ligand14603-0
696,FUMPAF__ligand7280-0
697,FUMPAF__ligand1790-0
698,FUMPAF__ligand1304-0
699,FUMPAF__ligand31783-0
700,FUMPAF__ligand506-0
701,FUMPAF__ligand7238-0
702,FUMPAF__ligand152-0
703,FUMPAF__ligand19641-0
704,FUMPAF__ligand9784-0
705,FUMPAF__ligand15422-0
706,FUMPAF__ligand12934-0
707,FUMPAF__ligand20578-0
708,FUMPAF__ligand7629-0
709,FUMPAF__ligand27893-0
710,FUMPAF__ligand14723-0
711,FUMPAF__ligand1451-0
712,FUMPAF__ligand4272-0
713,FUMPAF__ligand4093-0
714,FUMPAF__ligand4442-0
715,FUMPAF__ligand3954-0
716,FUMPAF__ligand30988-0
717,FUMPAF__ligand1160-0
718,FUMPAF__ligand8699-0
719,FUMPAF__ligand18832-0
720,FUMPAF__ligand27175-0
721,FUMPAF__ligand9520-0
722,FUMPAF__ligand23713-0
723,FUMPAF__ligand2332-0
724,FUMPAF__ligand9441-0
725,FUMPAF__ligand14889-0
726,FUMPAF__ligand30851-0
727,FUMPAF__ligand29568-0
728,FUMPAF__ligand32-0
729,FUMPAF__ligand196-0
730,FUMPAF__ligand9933-0
731,FUMPAF__ligand28789-0
732,FUMPAF__ligand1530-0
733,FUMPAF__ligand1575-0
734,FUMPAF__ligand21371-0
735,FUMPAF__ligand17118-0
736,FUMPAF__ligand20419-0
737,FUMPAF__ligand1631-0
738,FUMPAF__ligand3156-0
739,FUMPAF__ligand14117-0
740,FUMPAF__ligand2915-0
741,FUMPAF__ligand17261-0
742,FUMPAF__ligand422-0
743,FUMPAF__ligand686-0
744,FUMPAF__ligand31097-0
745,FUMPAF__ligand21581-0
746,FUMPAF__ligand1378-0
747,FUMPAF__ligand20251-0
748,FUMPAF__ligand20214-0
749,FUMPAF__ligand30702-0
750,FUMPAF__ligand6244-0
751,FUMPAF__ligand20539-0
752,FUMPAF__ligand9601-0
753,FUMPAF__ligand20251-1
754,FUMPAF__ligand393-0
755,FUMPAF__ligand8992-0
756,FUMPAF__ligand4116-0
757,FUMPAF__ligand1018-0
758,FUMPAF__ligand16475-0
759,FUMPAF__ligand3707-0
760,FUMPAF__ligand14703-0
761,FUMPAF__ligand6124-0
762,FUMPAF__ligand7967-0
763,FUMPAF__ligand8-0
764,FUMPAF__ligand24047-0
765,FUMPAF__ligand16-0
766,FUMPAF__ligand8721-0
767,FUMPAF__ligand10589-0
768,FUMPAF__ligand22557-0
769,FUMPAF__ligand20598-0
770,FUMPAF__ligand11675-0
771,FUMPAF__ligand1324-0
772,FUMPAF__ligand17398-0
773,FUMPAF__ligand5643-0
774,FUMPAF__ligand1823-0
775,FUMPAF__ligand2526-0
776,FUMPAF__ligand5036-0
777,FUMPAF__ligand1615-0
778,FUMPAF__ligand17982-0
779,FUMPAF__ligand29414-0
780,FUMPAF__ligand9952-0
781,FUMPAF__ligand9111-0
782,FUMPAF__ligand353-0
783,FUMPAF__ligand17278-0
784,FUMPAF__ligand20011-0
785,FUMPAF__ligand4641-0
786,FUMPAF__ligand13294-0
787,FUMPAF__ligand31832-0
788,FUMPAF__ligand51-0
789,FUMPAF__ligand780-0
790,FUMPAF__ligand314-0
791,FUMPAF__ligand28884-0
792,FUMPAF__ligand13331-0
793,FUMPAF__ligand29879-0
794,FUMPAF__ligand14248-0
795,FUMPAF__ligand813-0
796,FUMPAF__ligand12030-0
797,FUMPAF__ligand11456-0
798,FUMPAF__ligand1142-0
799,FUMPAF__ligand3234-0
800,FUMPAF__ligand391-0
801,FUMPAF__ligand14174-0
802,FUMPAF__ligand10712-0
803,FUMPAF__ligand8835-0
804,FUMPAF__ligand2028-0
805,FUMPAF__ligand7126-0
806,FUMPAF__ligand25411-0
807,FUMPAF__ligand91-0
808,FUMPAF__ligand618-0
809,FUMPAF__ligand7819-0
810,FUMPAF__ligand465-0
811,FUMPAF__ligand2917-0
812,FUMPAF__ligand13390-0
813,FUMPAF__ligand3465-0
814,FUMPAF__ligand20682-0
815,FUMPAF__ligand6596-0
816,FUMPAF__ligand3721-0
817,FUMPAF__ligand6904-0
818,FUMPAF__ligand6102-0
819,FUMPAF__ligand48-0
820,FUMPAF__ligand13208-0
821,FUMPAF__ligand26810-0
822,FUMPAF__ligand27482-0
823,FUMPAF__ligand314-1
824,FUMPAF__ligand4620-0
825,FUMPAF__ligand2295-0
826,FUMPAF__ligand1577-0
827,FUMPAF__ligand6067-0
