,TMC
0,UMISEO__ligand7915-0
1,UMISEO__ligand5548-0
2,UMISEO__ligand6686-0
3,UMISEO__ligand1747-0
4,UMISEO__ligand436-0
5,UMISEO__ligand206-0
6,UMISEO__ligand142-0
7,UMISEO__ligand3145-0
8,UMISEO__ligand3178-0
9,UMISEO__ligand283-0
10,UMISEO__ligand6332-0
11,UMISEO__ligand553-0
12,UMISEO__ligand2098-0
13,UMISEO__ligand326-0
14,UMISEO__ligand6502-0
15,UMISEO__ligand821-0
16,UMISEO__ligand2863-0
17,UMISEO__ligand532-0
18,UMISEO__ligand633-0
19,UMISEO__ligand918-0
20,UMISEO__ligand1542-0
21,UMISEO__ligand2634-0
22,UMISEO__ligand3041-0
23,UMISEO__ligand497-0
24,UMISEO__ligand2751-0
25,UMISEO__ligand838-0
26,UMISEO__ligand166-0
27,UMISEO__ligand67-0
28,UMISEO__ligand1114-0
29,UMISEO__ligand199-0
30,UMISEO__ligand927-0
31,UMISEO__ligand1538-0
32,UMISEO__ligand1228-0
33,UMISEO__ligand9244-0
34,UMISEO__ligand575-0
35,UMISEO__ligand10357-0
36,UMISEO__ligand15630-0
37,UMISEO__ligand1148-0
38,UMISEO__ligand1479-0
39,UMISEO__ligand409-0
40,UMISEO__ligand361-0
41,UMISEO__ligand324-0
42,UMISEO__ligand105-0
43,UMISEO__ligand140-0
44,UMISEO__ligand3246-0
45,UMISEO__ligand365-0
46,UMISEO__ligand3063-0
47,UMISEO__ligand1438-0
48,UMISEO__ligand278-0
49,UMISEO__ligand5801-0
50,UMISEO__ligand1171-0
51,UMISEO__ligand669-0
52,UMISEO__ligand430-0
53,UMISEO__ligand358-0
54,UMISEO__ligand1685-0
55,UMISEO__ligand509-0
56,UMISEO__ligand2087-0
57,UMISEO__ligand1048-0
58,UMISEO__ligand3757-0
59,UMISEO__ligand1459-0
60,UMISEO__ligand571-0
61,UMISEO__ligand1544-0
62,UMISEO__ligand118-0
63,UMISEO__ligand670-0
64,UMISEO__ligand1376-0
65,UMISEO__ligand2768-0
66,UMISEO__ligand2688-0
67,UMISEO__ligand2259-0
68,UMISEO__ligand1951-0
69,UMISEO__ligand226-0
70,UMISEO__ligand1687-0
71,UMISEO__ligand162-0
72,UMISEO__ligand383-0
73,UMISEO__ligand6277-0
74,UMISEO__ligand2629-0
75,UMISEO__ligand4381-0
76,UMISEO__ligand1706-0
77,UMISEO__ligand3734-0
78,UMISEO__ligand45-0
79,UMISEO__ligand78-0
80,UMISEO__ligand85-0
81,UMISEO__ligand14530-0
82,UMISEO__ligand8774-0
83,UMISEO__ligand3637-0
84,UMISEO__ligand120-0
85,UMISEO__ligand66-0
86,UMISEO__ligand384-0
87,UMISEO__ligand10910-0
88,UMISEO__ligand141-0
89,UMISEO__ligand7464-0
90,UMISEO__ligand240-0
91,UMISEO__ligand6294-0
92,UMISEO__ligand1054-0
93,UMISEO__ligand1598-0
94,UMISEO__ligand1248-0
95,UMISEO__ligand4303-0
96,UMISEO__ligand1056-0
97,UMISEO__ligand2320-0
98,UMISEO__ligand38-0
99,UMISEO__ligand2862-0
100,UMISEO__ligand1567-0
101,UMISEO__ligand2285-0
102,UMISEO__ligand8921-0
103,UMISEO__ligand2510-0
104,UMISEO__ligand10114-0
105,UMISEO__ligand2907-0
106,UMISEO__ligand40-0
107,UMISEO__ligand2430-0
108,UMISEO__ligand1703-0
109,UMISEO__ligand1152-0
110,UMISEO__ligand1727-0
111,UMISEO__ligand757-0
112,UMISEO__ligand21-0
113,UMISEO__ligand10479-0
114,UMISEO__ligand797-0
115,UMISEO__ligand1607-0
116,UMISEO__ligand9027-0
117,UMISEO__ligand8-0
118,UMISEO__ligand2265-0
119,UMISEO__ligand1113-0
120,UMISEO__ligand6396-0
121,UMISEO__ligand126-0
122,UMISEO__ligand1502-0
123,UMISEO__ligand1835-0
124,UMISEO__ligand2345-0
125,UMISEO__ligand2794-0
126,UMISEO__ligand18-0
127,UMISEO__ligand4983-0
128,UMISEO__ligand187-0
129,UMISEO__ligand612-0
130,UMISEO__ligand861-0
131,UMISEO__ligand366-0
132,UMISEO__ligand1052-0
133,UMISEO__ligand596-0
134,UMISEO__ligand1273-0
135,UMISEO__ligand9495-0
136,UMISEO__ligand2772-0
137,UMISEO__ligand6151-0
138,UMISEO__ligand6538-0
139,UMISEO__ligand244-0
140,UMISEO__ligand201-0
141,UMISEO__ligand2142-0
142,UMISEO__ligand100-0
143,UMISEO__ligand178-0
144,UMISEO__ligand279-0
145,UMISEO__ligand86-0
146,UMISEO__ligand321-0
147,UMISEO__ligand2864-0
148,UMISEO__ligand5022-0
149,UMISEO__ligand1169-0
150,UMISEO__ligand119-0
151,UMISEO__ligand5941-0
152,UMISEO__ligand2880-0
153,UMISEO__ligand1799-0
154,UMISEO__ligand62-0
155,UMISEO__ligand3838-0
156,UMISEO__ligand2838-0
157,UMISEO__ligand124-0
158,UMISEO__ligand2376-0
159,UMISEO__ligand6-0
160,UMISEO__ligand291-0
161,UMISEO__ligand2929-0
162,UMISEO__ligand6430-0
163,UMISEO__ligand1299-0
164,UMISEO__ligand1221-0
165,UMISEO__ligand1264-0
166,UMISEO__ligand115-0
167,UMISEO__ligand1379-0
168,UMISEO__ligand1104-0
169,UMISEO__ligand7414-0
170,UMISEO__ligand5762-0
171,UMISEO__ligand2442-0
172,UMISEO__ligand1019-0
173,UMISEO__ligand32-0
174,UMISEO__ligand485-0
175,UMISEO__ligand2482-0
176,UMISEO__ligand1325-0
177,UMISEO__ligand784-0
178,UMISEO__ligand355-0
179,UMISEO__ligand6571-0
180,UMISEO__ligand2315-0
181,UMISEO__ligand2480-0
182,UMISEO__ligand4504-0
183,UMISEO__ligand48-0
184,UMISEO__ligand3051-0
185,UMISEO__ligand1898-0
186,UMISEO__ligand487-0
187,UMISEO__ligand666-0
188,UMISEO__ligand5334-0
189,UMISEO__ligand522-0
190,UMISEO__ligand133-0
191,UMISEO__ligand8032-0
192,UMISEO__ligand1858-0
193,UMISEO__ligand447-0
194,UMISEO__ligand2916-0
195,UMISEO__ligand2110-0
196,UMISEO__ligand3579-0
197,UMISEO__ligand682-0
198,UMISEO__ligand1712-0
199,UMISEO__ligand51-0
200,UMISEO__ligand2389-0
201,UMISEO__ligand4-0
202,UMISEO__ligand29-0
203,UMISEO__ligand91-0
204,UMISEO__ligand1919-0
205,UMISEO__ligand55-0
206,UMISEO__ligand422-0
207,UMISEO__ligand113-0
208,UMISEO__ligand502-0
209,UMISEO__ligand196-0
210,UMISEO__ligand95-0
211,UMISEO__ligand1307-0
212,UMISEO__ligand5089-0
213,UMISEO__ligand2599-0
214,UMISEO__ligand2853-0
215,UMISEO__ligand3853-0
216,UMISEO__ligand353-0
217,UMISEO__ligand34-0
218,UMISEO__ligand6166-0
219,UMISEO__ligand1246-0
220,UMISEO__ligand236-0
221,UMISEO__ligand391-0
222,UMISEO__ligand73-0
223,UMISEO__ligand1788-0
224,UMISEO__ligand170-0
225,UMISEO__ligand3566-0
226,UMISEO__ligand1178-0
227,UMISEO__ligand314-0
228,UMISEO__ligand481-0
229,UMISEO__ligand1321-0
230,UMISEO__ligand4811-0
231,UMISEO__ligand1449-1
232,UMISEO__ligand7514-0
233,UMISEO__ligand3337-0
234,UMISEO__ligand57-0
235,UMISEO__ligand1260-0
236,UMISEO__ligand4894-0
237,UMISEO__ligand9620-0
238,UMISEO__ligand210-0
239,UMISEO__ligand1436-0
240,UMISEO__ligand89-0
241,UMISEO__ligand2618-0
242,UMISEO__ligand177-0
243,UMISEO__ligand934-0
244,UMISEO__ligand3618-0
245,UMISEO__ligand4370-0
246,UMISEO__ligand909-0
247,UMISEO__ligand49-0
248,UMISEO__ligand851-0
249,UMISEO__ligand193-0
250,UMISEO__ligand1918-0
251,UMISEO__ligand830-0
252,UMISEO__ligand4175-0
253,UMISEO__ligand955-0
254,UMISEO__ligand252-0
255,UMISEO__ligand2255-0
256,UMISEO__ligand17-0
257,UMISEO__ligand460-0
258,UMISEO__ligand250-0
259,UMISEO__ligand2915-0
260,UMISEO__ligand4012-0
261,UMISEO__ligand3196-0
262,UMISEO__ligand92-0
263,UMISEO__ligand370-0
264,UMISEO__ligand2526-0
265,UMISEO__ligand1551-0
266,UMISEO__ligand311-0
267,UMISEO__ligand369-0
268,UMISEO__ligand444-0
269,UMISEO__ligand2707-0
270,UMISEO__ligand1690-0
271,UMISEO__ligand188-0
272,UMISEO__ligand7630-0
273,UMISEO__ligand1555-0
274,UMISEO__ligand109-0
275,UMISEO__ligand1285-0
276,UMISEO__ligand560-0
277,UMISEO__ligand525-0
278,UMISEO__ligand235-0
279,UMISEO__ligand1907-0
280,UMISEO__ligand932-0
281,UMISEO__ligand134-0
282,UMISEO__ligand4423-0
283,UMISEO__ligand390-0
284,UMISEO__ligand3890-0
285,UMISEO__ligand2954-0
286,UMISEO__ligand5093-0
287,UMISEO__ligand916-0
288,UMISEO__ligand584-0
289,UMISEO__ligand1160-0
290,UMISEO__ligand2253-0
291,UMISEO__ligand421-0
292,UMISEO__ligand1038-0
293,UMISEO__ligand798-0
294,UMISEO__ligand2762-0
295,UMISEO__ligand3-0
296,UMISEO__ligand7550-0
297,UMISEO__ligand331-0
298,UMISEO__ligand993-0
299,UMISEO__ligand294-0
300,UMISEO__ligand1493-0
301,UMISEO__ligand2718-0
302,UMISEO__ligand1-0
303,UMISEO__ligand3070-0
304,UMISEO__ligand3035-0
305,UMISEO__ligand296-0
306,UMISEO__ligand9176-0
307,UMISEO__ligand197-0
308,UMISEO__ligand3251-0
309,UMISEO__ligand112-0
310,UMISEO__ligand6143-0
311,UMISEO__ligand11730-0
312,UMISEO__ligand5235-0
313,UMISEO__ligand11-0
314,UMISEO__ligand4619-0
315,UMISEO__ligand136-0
316,UMISEO__ligand7456-0
317,UMISEO__ligand1818-0
318,UMISEO__ligand442-0
319,UMISEO__ligand868-0
320,UMISEO__ligand3852-0
321,UMISEO__ligand3478-0
322,UMISEO__ligand783-0
323,UMISEO__ligand352-0
324,UMISEO__ligand5758-0
