,TMC
0,FURKUY__ligand2634-0
1,FURKUY__ligand1542-0
2,FURKUY__ligand3041-0
3,FURKUY__ligand141-0
4,FURKUY__ligand240-0
5,FURKUY__ligand2751-0
6,FURKUY__ligand5548-0
7,FURKUY__ligand7915-0
8,FURKUY__ligand120-0
9,FURKUY__ligand17-0
10,FURKUY__ligand6686-0
11,FURKUY__ligand1747-0
12,FURKUY__ligand384-0
13,FURKUY__ligand15630-0
14,FURKUY__ligand3145-0
15,FURKUY__ligand10357-0
16,FURKUY__ligand3178-0
17,FURKUY__ligand6332-0
18,FURKUY__ligand6502-0
19,FURKUY__ligand2098-0
20,FURKUY__ligand2863-0
21,FURKUY__ligand92-0
22,FURKUY__ligand1148-0
23,FURKUY__ligand797-0
24,FURKUY__ligand1479-0
25,FURKUY__ligand757-0
26,FURKUY__ligand3246-0
27,FURKUY__ligand89-0
28,FURKUY__ligand1114-0
29,FURKUY__ligand1538-0
30,FURKUY__ligand1228-0
31,FURKUY__ligand9244-0
32,FURKUY__ligand49-0
33,FURKUY__ligand1685-0
34,FURKUY__ligand1048-0
35,FURKUY__ligand596-0
36,FURKUY__ligand2087-0
37,FURKUY__ligand3757-0
38,FURKUY__ligand187-0
39,FURKUY__ligand1459-0
40,FURKUY__ligand612-0
41,FURKUY__ligand861-0
42,FURKUY__ligand1544-0
43,FURKUY__ligand366-0
44,FURKUY__ligand1438-0
45,FURKUY__ligand3063-0
46,FURKUY__ligand5801-0
47,FURKUY__ligand1171-0
48,FURKUY__ligand126-0
49,FURKUY__ligand11-0
50,FURKUY__ligand2629-0
51,FURKUY__ligand4381-0
52,FURKUY__ligand124-0
53,FURKUY__ligand1706-0
54,FURKUY__ligand3734-0
55,FURKUY__ligand8-0
56,FURKUY__ligand119-0
57,FURKUY__ligand178-0
58,FURKUY__ligand279-0
59,FURKUY__ligand2768-0
60,FURKUY__ligand1376-0
61,FURKUY__ligand321-0
62,FURKUY__ligand2688-0
63,FURKUY__ligand2259-0
64,FURKUY__ligand1951-0
65,FURKUY__ligand1687-0
66,FURKUY__ligand201-0
67,FURKUY__ligand244-0
68,FURKUY__ligand100-0
69,FURKUY__ligand6277-0
70,FURKUY__ligand10479-0
71,FURKUY__ligand838-0
72,FURKUY__ligand7464-0
73,FURKUY__ligand166-0
74,FURKUY__ligand51-0
75,FURKUY__ligand6294-0
76,FURKUY__ligand91-0
77,FURKUY__ligand532-0
78,FURKUY__ligand29-0
79,FURKUY__ligand918-0
80,FURKUY__ligand1054-0
81,FURKUY__ligand633-0
82,FURKUY__ligand497-0
83,FURKUY__ligand1598-0
84,FURKUY__ligand4303-0
85,FURKUY__ligand1248-0
86,FURKUY__ligand10114-0
87,FURKUY__ligand283-0
88,FURKUY__ligand48-0
89,FURKUY__ligand553-0
90,FURKUY__ligand8774-0
91,FURKUY__ligand326-0
92,FURKUY__ligand3637-0
93,FURKUY__ligand821-0
94,FURKUY__ligand436-0
95,FURKUY__ligand206-0
96,FURKUY__ligand142-0
97,FURKUY__ligand1152-0
98,FURKUY__ligand140-0
99,FURKUY__ligand105-0
100,FURKUY__ligand1727-0
101,FURKUY__ligand32-0
102,FURKUY__ligand10910-0
103,FURKUY__ligand1607-0
104,FURKUY__ligand324-0
105,FURKUY__ligand361-0
106,FURKUY__ligand409-0
107,FURKUY__ligand2320-0
108,FURKUY__ligand1056-0
109,FURKUY__ligand2862-0
110,FURKUY__ligand575-0
111,FURKUY__ligand8921-0
112,FURKUY__ligand2285-0
113,FURKUY__ligand1567-0
114,FURKUY__ligand2510-0
115,FURKUY__ligand14530-0
116,FURKUY__ligand2907-0
117,FURKUY__ligand199-0
118,FURKUY__ligand927-0
119,FURKUY__ligand1703-0
120,FURKUY__ligand2430-0
121,FURKUY__ligand571-0
122,FURKUY__ligand670-0
123,FURKUY__ligand1052-0
124,FURKUY__ligand118-0
125,FURKUY__ligand57-0
126,FURKUY__ligand509-0
127,FURKUY__ligand1273-0
128,FURKUY__ligand9027-0
129,FURKUY__ligand73-0
130,FURKUY__ligand669-0
131,FURKUY__ligand1113-0
132,FURKUY__ligand2265-0
133,FURKUY__ligand358-0
134,FURKUY__ligand430-0
135,FURKUY__ligand6396-0
136,FURKUY__ligand1502-0
137,FURKUY__ligand365-0
138,FURKUY__ligand2345-0
139,FURKUY__ligand2794-0
140,FURKUY__ligand1835-0
141,FURKUY__ligand278-0
142,FURKUY__ligand4983-0
143,FURKUY__ligand1169-0
144,FURKUY__ligand5022-0
145,FURKUY__ligand34-0
146,FURKUY__ligand5941-0
147,FURKUY__ligand2880-0
148,FURKUY__ligand2838-0
149,FURKUY__ligand3838-0
150,FURKUY__ligand1799-0
151,FURKUY__ligand6151-0
152,FURKUY__ligand226-0
153,FURKUY__ligand2772-0
154,FURKUY__ligand9495-0
155,FURKUY__ligand162-0
156,FURKUY__ligand55-0
157,FURKUY__ligand6538-0
158,FURKUY__ligand383-0
159,FURKUY__ligand2142-0
160,FURKUY__ligand2864-0
161,FURKUY__ligand95-0
162,FURKUY__ligand7414-0
163,FURKUY__ligand5762-0
164,FURKUY__ligand1104-0
165,FURKUY__ligand1019-0
166,FURKUY__ligand2442-0
167,FURKUY__ligand955-0
168,FURKUY__ligand21-0
169,FURKUY__ligand252-0
170,FURKUY__ligand1325-0
171,FURKUY__ligand193-0
172,FURKUY__ligand2482-0
173,FURKUY__ligand6571-0
174,FURKUY__ligand830-0
175,FURKUY__ligand909-0
176,FURKUY__ligand38-0
177,FURKUY__ligand2376-0
178,FURKUY__ligand2929-0
179,FURKUY__ligand851-0
180,FURKUY__ligand1299-0
181,FURKUY__ligand6430-0
182,FURKUY__ligand1264-0
183,FURKUY__ligand1221-0
184,FURKUY__ligand1379-0
185,FURKUY__ligand177-0
186,FURKUY__ligand934-0
187,FURKUY__ligand40-0
188,FURKUY__ligand2110-0
189,FURKUY__ligand2916-0
190,FURKUY__ligand444-0
191,FURKUY__ligand369-0
192,FURKUY__ligand3579-0
193,FURKUY__ligand1712-0
194,FURKUY__ligand188-0
195,FURKUY__ligand2389-0
196,FURKUY__ligand1919-0
197,FURKUY__ligand311-0
198,FURKUY__ligand2315-0
199,FURKUY__ligand1898-0
200,FURKUY__ligand3051-0
201,FURKUY__ligand4504-0
202,FURKUY__ligand2480-0
203,FURKUY__ligand370-0
204,FURKUY__ligand5334-0
205,FURKUY__ligand460-0
206,FURKUY__ligand250-0
207,FURKUY__ligand8032-0
208,FURKUY__ligand66-0
209,FURKUY__ligand1858-0
210,FURKUY__ligand331-0
211,FURKUY__ligand5089-0
212,FURKUY__ligand2599-0
213,FURKUY__ligand993-0
214,FURKUY__ligand3853-0
215,FURKUY__ligand2853-0
216,FURKUY__ligand294-0
217,FURKUY__ligand916-0
218,FURKUY__ligand584-0
219,FURKUY__ligand62-0
220,FURKUY__ligand6166-0
221,FURKUY__ligand1-0
222,FURKUY__ligand798-0
223,FURKUY__ligand1246-0
224,FURKUY__ligand421-0
225,FURKUY__ligand235-0
226,FURKUY__ligand134-0
227,FURKUY__ligand932-0
228,FURKUY__ligand390-0
229,FURKUY__ligand109-0
230,FURKUY__ligand1307-0
231,FURKUY__ligand525-0
232,FURKUY__ligand560-0
233,FURKUY__ligand86-0
234,FURKUY__ligand1449-1
235,FURKUY__ligand4811-0
236,FURKUY__ligand783-0
237,FURKUY__ligand352-0
238,FURKUY__ligand3337-0
239,FURKUY__ligand7514-0
240,FURKUY__ligand136-0
241,FURKUY__ligand9620-0
242,FURKUY__ligand1260-0
243,FURKUY__ligand4894-0
244,FURKUY__ligand442-0
245,FURKUY__ligand868-0
246,FURKUY__ligand1788-0
247,FURKUY__ligand3-0
248,FURKUY__ligand112-0
249,FURKUY__ligand1178-0
250,FURKUY__ligand3566-0
251,FURKUY__ligand296-0
252,FURKUY__ligand18-0
253,FURKUY__ligand1321-0
254,FURKUY__ligand197-0
255,FURKUY__ligand1918-0
256,FURKUY__ligand485-0
257,FURKUY__ligand784-0
258,FURKUY__ligand355-0
259,FURKUY__ligand4175-0
260,FURKUY__ligand2255-0
261,FURKUY__ligand1436-0
262,FURKUY__ligand4-0
263,FURKUY__ligand67-0
264,FURKUY__ligand115-0
265,FURKUY__ligand3618-0
266,FURKUY__ligand2618-0
267,FURKUY__ligand4370-0
268,FURKUY__ligand291-0
269,FURKUY__ligand2526-0
270,FURKUY__ligand1551-0
271,FURKUY__ligand6-0
272,FURKUY__ligand2707-0
273,FURKUY__ligand682-0
274,FURKUY__ligand1690-0
275,FURKUY__ligand133-0
276,FURKUY__ligand2915-0
277,FURKUY__ligand447-0
278,FURKUY__ligand3196-0
279,FURKUY__ligand487-0
280,FURKUY__ligand4012-0
281,FURKUY__ligand666-0
282,FURKUY__ligand522-0
283,FURKUY__ligand5093-0
284,FURKUY__ligand2954-0
285,FURKUY__ligand2253-0
286,FURKUY__ligand1160-0
287,FURKUY__ligand45-0
288,FURKUY__ligand1038-0
289,FURKUY__ligand2762-0
290,FURKUY__ligand236-0
291,FURKUY__ligand85-0
292,FURKUY__ligand78-0
293,FURKUY__ligand7550-0
294,FURKUY__ligand353-0
295,FURKUY__ligand196-0
296,FURKUY__ligand502-0
297,FURKUY__ligand7630-0
298,FURKUY__ligand1555-0
299,FURKUY__ligand1285-0
300,FURKUY__ligand11730-0
301,FURKUY__ligand1907-0
302,FURKUY__ligand422-0
303,FURKUY__ligand4423-0
304,FURKUY__ligand3890-0
305,FURKUY__ligand113-0
306,FURKUY__ligand7456-0
307,FURKUY__ligand1818-0
308,FURKUY__ligand210-0
309,FURKUY__ligand3852-0
310,FURKUY__ligand3478-0
311,FURKUY__ligand5758-0
312,FURKUY__ligand1493-0
313,FURKUY__ligand3035-0
314,FURKUY__ligand3070-0
315,FURKUY__ligand2718-0
316,FURKUY__ligand9176-0
317,FURKUY__ligand314-0
318,FURKUY__ligand481-0
319,FURKUY__ligand3251-0
320,FURKUY__ligand391-0
321,FURKUY__ligand5235-0
322,FURKUY__ligand6143-0
323,FURKUY__ligand4619-0
324,FURKUY__ligand170-0
