,TMC
0,DEPHUB__ligand9495-0
1,DEPHUB__ligand2772-0
2,DEPHUB__ligand6151-0
3,DEPHUB__ligand6538-0
4,DEPHUB__ligand199-0
5,DEPHUB__ligand2142-0
6,DEPHUB__ligand73-0
7,DEPHUB__ligand927-0
8,DEPHUB__ligand575-0
9,DEPHUB__ligand2864-0
10,DEPHUB__ligand5022-0
11,DEPHUB__ligand1169-0
12,DEPHUB__ligand361-0
13,DEPHUB__ligand324-0
14,DEPHUB__ligand409-0
15,DEPHUB__ligand5941-0
16,DEPHUB__ligand2880-0
17,DEPHUB__ligand1799-0
18,DEPHUB__ligand3838-0
19,DEPHUB__ligand2838-0
20,DEPHUB__ligand105-0
21,DEPHUB__ligand57-0
22,DEPHUB__ligand140-0
23,DEPHUB__ligand9027-0
24,DEPHUB__ligand436-0
25,DEPHUB__ligand2265-0
26,DEPHUB__ligand1113-0
27,DEPHUB__ligand206-0
28,DEPHUB__ligand6396-0
29,DEPHUB__ligand55-0
30,DEPHUB__ligand142-0
31,DEPHUB__ligand283-0
32,DEPHUB__ligand1502-0
33,DEPHUB__ligand553-0
34,DEPHUB__ligand95-0
35,DEPHUB__ligand1835-0
36,DEPHUB__ligand2345-0
37,DEPHUB__ligand2794-0
38,DEPHUB__ligand326-0
39,DEPHUB__ligand4983-0
40,DEPHUB__ligand821-0
41,DEPHUB__ligand532-0
42,DEPHUB__ligand918-0
43,DEPHUB__ligand633-0
44,DEPHUB__ligand497-0
45,DEPHUB__ligand1052-0
46,DEPHUB__ligand838-0
47,DEPHUB__ligand34-0
48,DEPHUB__ligand166-0
49,DEPHUB__ligand1273-0
50,DEPHUB__ligand1056-0
51,DEPHUB__ligand2320-0
52,DEPHUB__ligand2862-0
53,DEPHUB__ligand48-0
54,DEPHUB__ligand1567-0
55,DEPHUB__ligand2285-0
56,DEPHUB__ligand8921-0
57,DEPHUB__ligand10114-0
58,DEPHUB__ligand2510-0
59,DEPHUB__ligand226-0
60,DEPHUB__ligand162-0
61,DEPHUB__ligand2907-0
62,DEPHUB__ligand383-0
63,DEPHUB__ligand2430-0
64,DEPHUB__ligand6-0
65,DEPHUB__ligand1703-0
66,DEPHUB__ligand51-0
67,DEPHUB__ligand1152-0
68,DEPHUB__ligand1727-0
69,DEPHUB__ligand10479-0
70,DEPHUB__ligand91-0
71,DEPHUB__ligand1607-0
72,DEPHUB__ligand29-0
73,DEPHUB__ligand365-0
74,DEPHUB__ligand8774-0
75,DEPHUB__ligand3637-0
76,DEPHUB__ligand278-0
77,DEPHUB__ligand669-0
78,DEPHUB__ligand14530-0
79,DEPHUB__ligand358-0
80,DEPHUB__ligand430-0
81,DEPHUB__ligand32-0
82,DEPHUB__ligand7464-0
83,DEPHUB__ligand509-0
84,DEPHUB__ligand4-0
85,DEPHUB__ligand6294-0
86,DEPHUB__ligand1054-0
87,DEPHUB__ligand571-0
88,DEPHUB__ligand1598-0
89,DEPHUB__ligand10910-0
90,DEPHUB__ligand670-0
91,DEPHUB__ligand1248-0
92,DEPHUB__ligand4303-0
93,DEPHUB__ligand118-0
94,DEPHUB__ligand1376-0
95,DEPHUB__ligand2768-0
96,DEPHUB__ligand2688-0
97,DEPHUB__ligand2259-0
98,DEPHUB__ligand1951-0
99,DEPHUB__ligand1687-0
100,DEPHUB__ligand11-0
101,DEPHUB__ligand6277-0
102,DEPHUB__ligand2629-0
103,DEPHUB__ligand4381-0
104,DEPHUB__ligand3-0
105,DEPHUB__ligand1706-0
106,DEPHUB__ligand3734-0
107,DEPHUB__ligand757-0
108,DEPHUB__ligand797-0
109,DEPHUB__ligand3063-0
110,DEPHUB__ligand1438-0
111,DEPHUB__ligand5801-0
112,DEPHUB__ligand1171-0
113,DEPHUB__ligand120-0
114,DEPHUB__ligand384-0
115,DEPHUB__ligand1-0
116,DEPHUB__ligand141-0
117,DEPHUB__ligand1685-0
118,DEPHUB__ligand240-0
119,DEPHUB__ligand2087-0
120,DEPHUB__ligand1048-0
121,DEPHUB__ligand3757-0
122,DEPHUB__ligand1459-0
123,DEPHUB__ligand1544-0
124,DEPHUB__ligand10357-0
125,DEPHUB__ligand15630-0
126,DEPHUB__ligand244-0
127,DEPHUB__ligand201-0
128,DEPHUB__ligand1114-0
129,DEPHUB__ligand100-0
130,DEPHUB__ligand1538-0
131,DEPHUB__ligand17-0
132,DEPHUB__ligand178-0
133,DEPHUB__ligand1228-0
134,DEPHUB__ligand279-0
135,DEPHUB__ligand92-0
136,DEPHUB__ligand9244-0
137,DEPHUB__ligand321-0
138,DEPHUB__ligand1148-0
139,DEPHUB__ligand119-0
140,DEPHUB__ligand1479-0
141,DEPHUB__ligand124-0
142,DEPHUB__ligand3246-0
143,DEPHUB__ligand7915-0
144,DEPHUB__ligand5548-0
145,DEPHUB__ligand6686-0
146,DEPHUB__ligand1747-0
147,DEPHUB__ligand89-0
148,DEPHUB__ligand126-0
149,DEPHUB__ligand3145-0
150,DEPHUB__ligand49-0
151,DEPHUB__ligand3178-0
152,DEPHUB__ligand6332-0
153,DEPHUB__ligand2098-0
154,DEPHUB__ligand6502-0
155,DEPHUB__ligand2863-0
156,DEPHUB__ligand187-0
157,DEPHUB__ligand612-0
158,DEPHUB__ligand1542-0
159,DEPHUB__ligand2634-0
160,DEPHUB__ligand3041-0
161,DEPHUB__ligand861-0
162,DEPHUB__ligand366-0
163,DEPHUB__ligand2751-0
164,DEPHUB__ligand596-0
165,DEPHUB__ligand11730-0
166,DEPHUB__ligand1493-0
167,DEPHUB__ligand487-0
168,DEPHUB__ligand2718-0
169,DEPHUB__ligand3070-0
170,DEPHUB__ligand3035-0
171,DEPHUB__ligand9176-0
172,DEPHUB__ligand666-0
173,DEPHUB__ligand522-0
174,DEPHUB__ligand3251-0
175,DEPHUB__ligand133-0
176,DEPHUB__ligand6143-0
177,DEPHUB__ligand5235-0
178,DEPHUB__ligand447-0
179,DEPHUB__ligand4619-0
180,DEPHUB__ligand45-0
181,DEPHUB__ligand7456-0
182,DEPHUB__ligand682-0
183,DEPHUB__ligand1818-0
184,DEPHUB__ligand3852-0
185,DEPHUB__ligand3478-0
186,DEPHUB__ligand85-0
187,DEPHUB__ligand5758-0
188,DEPHUB__ligand78-0
189,DEPHUB__ligand7630-0
190,DEPHUB__ligand1555-0
191,DEPHUB__ligand291-0
192,DEPHUB__ligand1285-0
193,DEPHUB__ligand1907-0
194,DEPHUB__ligand115-0
195,DEPHUB__ligand4423-0
196,DEPHUB__ligand3890-0
197,DEPHUB__ligand2954-0
198,DEPHUB__ligand5093-0
199,DEPHUB__ligand1160-0
200,DEPHUB__ligand2253-0
201,DEPHUB__ligand1038-0
202,DEPHUB__ligand2762-0
203,DEPHUB__ligand485-0
204,DEPHUB__ligand7550-0
205,DEPHUB__ligand355-0
206,DEPHUB__ligand784-0
207,DEPHUB__ligand391-0
208,DEPHUB__ligand2915-0
209,DEPHUB__ligand67-0
210,DEPHUB__ligand170-0
211,DEPHUB__ligand4012-0
212,DEPHUB__ligand3196-0
213,DEPHUB__ligand314-0
214,DEPHUB__ligand481-0
215,DEPHUB__ligand2526-0
216,DEPHUB__ligand1551-0
217,DEPHUB__ligand2707-0
218,DEPHUB__ligand1690-0
219,DEPHUB__ligand210-0
220,DEPHUB__ligand1436-0
221,DEPHUB__ligand422-0
222,DEPHUB__ligand2618-0
223,DEPHUB__ligand113-0
224,DEPHUB__ligand3618-0
225,DEPHUB__ligand4370-0
226,DEPHUB__ligand502-0
227,DEPHUB__ligand196-0
228,DEPHUB__ligand1918-0
229,DEPHUB__ligand353-0
230,DEPHUB__ligand4175-0
231,DEPHUB__ligand236-0
232,DEPHUB__ligand2255-0
233,DEPHUB__ligand1788-0
234,DEPHUB__ligand460-0
235,DEPHUB__ligand250-0
236,DEPHUB__ligand3566-0
237,DEPHUB__ligand1178-0
238,DEPHUB__ligand86-0
239,DEPHUB__ligand370-0
240,DEPHUB__ligand8-0
241,DEPHUB__ligand1321-0
242,DEPHUB__ligand4811-0
243,DEPHUB__ligand1449-1
244,DEPHUB__ligand7514-0
245,DEPHUB__ligand3337-0
246,DEPHUB__ligand311-0
247,DEPHUB__ligand444-0
248,DEPHUB__ligand369-0
249,DEPHUB__ligand1260-0
250,DEPHUB__ligand4894-0
251,DEPHUB__ligand62-0
252,DEPHUB__ligand9620-0
253,DEPHUB__ligand188-0
254,DEPHUB__ligand177-0
255,DEPHUB__ligand934-0
256,DEPHUB__ligand18-0
257,DEPHUB__ligand909-0
258,DEPHUB__ligand851-0
259,DEPHUB__ligand1307-0
260,DEPHUB__ligand193-0
261,DEPHUB__ligand2599-0
262,DEPHUB__ligand5089-0
263,DEPHUB__ligand2853-0
264,DEPHUB__ligand3853-0
265,DEPHUB__ligand830-0
266,DEPHUB__ligand6166-0
267,DEPHUB__ligand1246-0
268,DEPHUB__ligand955-0
269,DEPHUB__ligand252-0
270,DEPHUB__ligand2315-0
271,DEPHUB__ligand2480-0
272,DEPHUB__ligand4504-0
273,DEPHUB__ligand3051-0
274,DEPHUB__ligand1898-0
275,DEPHUB__ligand296-0
276,DEPHUB__ligand5334-0
277,DEPHUB__ligand38-0
278,DEPHUB__ligand197-0
279,DEPHUB__ligand40-0
280,DEPHUB__ligand112-0
281,DEPHUB__ligand8032-0
282,DEPHUB__ligand1858-0
283,DEPHUB__ligand136-0
284,DEPHUB__ligand21-0
285,DEPHUB__ligand2916-0
286,DEPHUB__ligand2110-0
287,DEPHUB__ligand3579-0
288,DEPHUB__ligand1712-0
289,DEPHUB__ligand442-0
290,DEPHUB__ligand868-0
291,DEPHUB__ligand2389-0
292,DEPHUB__ligand352-0
293,DEPHUB__ligand783-0
294,DEPHUB__ligand1919-0
295,DEPHUB__ligand2376-0
296,DEPHUB__ligand2929-0
297,DEPHUB__ligand109-0
298,DEPHUB__ligand560-0
299,DEPHUB__ligand525-0
300,DEPHUB__ligand6430-0
301,DEPHUB__ligand1299-0
302,DEPHUB__ligand235-0
303,DEPHUB__ligand1221-0
304,DEPHUB__ligand1264-0
305,DEPHUB__ligand932-0
306,DEPHUB__ligand66-0
307,DEPHUB__ligand134-0
308,DEPHUB__ligand390-0
309,DEPHUB__ligand1379-0
310,DEPHUB__ligand584-0
311,DEPHUB__ligand916-0
312,DEPHUB__ligand1104-0
313,DEPHUB__ligand5762-0
314,DEPHUB__ligand7414-0
315,DEPHUB__ligand798-0
316,DEPHUB__ligand2442-0
317,DEPHUB__ligand1019-0
318,DEPHUB__ligand421-0
319,DEPHUB__ligand2482-0
320,DEPHUB__ligand1325-0
321,DEPHUB__ligand331-0
322,DEPHUB__ligand6571-0
323,DEPHUB__ligand993-0
324,DEPHUB__ligand294-0
