,TMC
0,QODWIS__ligand13068-0
1,QODWIS__ligand19830-0
2,QODWIS__ligand4101-0
3,QODWIS__ligand5595-0
4,QODWIS__ligand10476-0
5,QODWIS__ligand24145-0
6,QODWIS__ligand692-0
7,QODWIS__ligand12401-0
8,QODWIS__ligand15585-0
9,QODWIS__ligand436-0
10,QODWIS__ligand3120-0
11,QODWIS__ligand3926-0
12,QODWIS__ligand12231-0
13,QODWIS__ligand4358-0
14,QODWIS__ligand2221-0
15,QODWIS__ligand17387-0
16,QODWIS__ligand12130-0
17,QODWIS__ligand18292-0
18,QODWIS__ligand12289-0
19,QODWIS__ligand26702-0
20,QODWIS__ligand13658-0
21,QODWIS__ligand2259-0
22,QODWIS__ligand17805-0
23,QODWIS__ligand1296-0
24,QODWIS__ligand5099-0
25,QODWIS__ligand8592-0
26,QODWIS__ligand17302-0
27,QODWIS__ligand1197-0
28,QODWIS__ligand326-0
29,QODWIS__ligand25178-0
30,QODWIS__ligand5510-0
31,QODWIS__ligand1376-0
32,QODWIS__ligand9773-0
33,QODWIS__ligand23769-0
34,QODWIS__ligand24185-0
35,QODWIS__ligand5304-0
36,QODWIS__ligand9167-0
37,QODWIS__ligand10958-0
38,QODWIS__ligand12641-0
39,QODWIS__ligand497-0
40,QODWIS__ligand89-0
41,QODWIS__ligand2238-0
42,QODWIS__ligand633-0
43,QODWIS__ligand14108-0
44,QODWIS__ligand2822-0
45,QODWIS__ligand7293-0
46,QODWIS__ligand1317-0
47,QODWIS__ligand3867-0
48,QODWIS__ligand29302-0
49,QODWIS__ligand6117-0
50,QODWIS__ligand13425-0
51,QODWIS__ligand1407-0
52,QODWIS__ligand5509-0
53,QODWIS__ligand8002-0
54,QODWIS__ligand18814-0
55,QODWIS__ligand19057-0
56,QODWIS__ligand27763-0
57,QODWIS__ligand28676-0
58,QODWIS__ligand10262-0
59,QODWIS__ligand49-0
60,QODWIS__ligand7762-0
61,QODWIS__ligand5080-0
62,QODWIS__ligand9344-0
63,QODWIS__ligand16628-0
64,QODWIS__ligand28468-0
65,QODWIS__ligand20740-0
66,QODWIS__ligand8000-0
67,QODWIS__ligand199-0
68,QODWIS__ligand3736-0
69,QODWIS__ligand12427-0
70,QODWIS__ligand3945-0
71,QODWIS__ligand27460-0
72,QODWIS__ligand2693-0
73,QODWIS__ligand5383-0
74,QODWIS__ligand2985-0
75,QODWIS__ligand12606-0
76,QODWIS__ligand4007-0
77,QODWIS__ligand30333-0
78,QODWIS__ligand9299-0
79,QODWIS__ligand300-0
80,QODWIS__ligand12337-0
81,QODWIS__ligand7291-0
82,QODWIS__ligand29410-0
83,QODWIS__ligand26540-0
84,QODWIS__ligand17281-0
85,QODWIS__ligand3677-1
86,QODWIS__ligand588-0
87,QODWIS__ligand9883-0
88,QODWIS__ligand30296-0
89,QODWIS__ligand324-0
90,QODWIS__ligand17-0
91,QODWIS__ligand3632-0
92,QODWIS__ligand3677-0
93,QODWIS__ligand361-0
94,QODWIS__ligand409-0
95,QODWIS__ligand31783-0
96,QODWIS__ligand1294-0
97,QODWIS__ligand1168-0
98,QODWIS__ligand6699-0
99,QODWIS__ligand26665-0
100,QODWIS__ligand17631-0
101,QODWIS__ligand13012-0
102,QODWIS__ligand17258-0
103,QODWIS__ligand14603-0
104,QODWIS__ligand14297-0
105,QODWIS__ligand3712-0
106,QODWIS__ligand1464-0
107,QODWIS__ligand30988-0
108,QODWIS__ligand2881-0
109,QODWIS__ligand27175-0
110,QODWIS__ligand18832-0
111,QODWIS__ligand1499-0
112,QODWIS__ligand23713-0
113,QODWIS__ligand19641-0
114,QODWIS__ligand6892-0
115,QODWIS__ligand12934-0
116,QODWIS__ligand20578-0
117,QODWIS__ligand15422-0
118,QODWIS__ligand27893-0
119,QODWIS__ligand1211-0
120,QODWIS__ligand14723-0
121,QODWIS__ligand28789-0
122,QODWIS__ligand2043-0
123,QODWIS__ligand21371-0
124,QODWIS__ligand17118-0
125,QODWIS__ligand20419-0
126,QODWIS__ligand8788-0
127,QODWIS__ligand1832-0
128,QODWIS__ligand1604-0
129,QODWIS__ligand14889-0
130,QODWIS__ligand30851-0
131,QODWIS__ligand1228-0
132,QODWIS__ligand9943-0
133,QODWIS__ligand29568-0
134,QODWIS__ligand358-0
135,QODWIS__ligand9284-0
136,QODWIS__ligand21581-0
137,QODWIS__ligand31097-0
138,QODWIS__ligand6391-0
139,QODWIS__ligand3126-0
140,QODWIS__ligand430-0
141,QODWIS__ligand30702-0
142,QODWIS__ligand20214-0
143,QODWIS__ligand20251-0
144,QODWIS__ligand488-0
145,QODWIS__ligand1114-0
146,QODWIS__ligand20539-0
147,QODWIS__ligand2417-0
148,QODWIS__ligand694-0
149,QODWIS__ligand14117-0
150,QODWIS__ligand17261-0
151,QODWIS__ligand2203-0
152,QODWIS__ligand5387-0
153,QODWIS__ligand1289-0
154,QODWIS__ligand16475-0
155,QODWIS__ligand14703-0
156,QODWIS__ligand8-0
157,QODWIS__ligand20251-1
158,QODWIS__ligand670-0
159,QODWIS__ligand9450-0
160,QODWIS__ligand17982-0
161,QODWIS__ligand29414-0
162,QODWIS__ligand571-0
163,QODWIS__ligand534-0
164,QODWIS__ligand20011-0
165,QODWIS__ligand17278-0
166,QODWIS__ligand24047-0
167,QODWIS__ligand10589-0
168,QODWIS__ligand22557-0
169,QODWIS__ligand2612-0
170,QODWIS__ligand20598-0
171,QODWIS__ligand11675-0
172,QODWIS__ligand1599-0
173,QODWIS__ligand17398-0
174,QODWIS__ligand9753-0
175,QODWIS__ligand28884-0
176,QODWIS__ligand5530-0
177,QODWIS__ligand13331-0
178,QODWIS__ligand1787-0
179,QODWIS__ligand1356-0
180,QODWIS__ligand14248-0
181,QODWIS__ligand29879-0
182,QODWIS__ligand5159-0
183,QODWIS__ligand12030-0
184,QODWIS__ligand7196-0
185,QODWIS__ligand13294-0
186,QODWIS__ligand4807-0
187,QODWIS__ligand31832-0
188,QODWIS__ligand3178-0
189,QODWIS__ligand416-0
190,QODWIS__ligand2906-0
191,QODWIS__ligand25411-0
192,QODWIS__ligand4711-0
193,QODWIS__ligand3244-0
194,QODWIS__ligand383-0
195,QODWIS__ligand11456-0
196,QODWIS__ligand162-0
197,QODWIS__ligand8793-0
198,QODWIS__ligand5649-0
199,QODWIS__ligand2788-0
200,QODWIS__ligand4649-0
201,QODWIS__ligand226-0
202,QODWIS__ligand14174-0
203,QODWIS__ligand10712-0
204,QODWIS__ligand1153-0
205,QODWIS__ligand3225-0
206,QODWIS__ligand1116-0
207,QODWIS__ligand7092-0
208,QODWIS__ligand2260-0
209,QODWIS__ligand20682-0
210,QODWIS__ligand2124-0
211,QODWIS__ligand8612-0
212,QODWIS__ligand69-0
213,QODWIS__ligand696-0
214,QODWIS__ligand7172-0
215,QODWIS__ligand9323-0
216,QODWIS__ligand13390-0
217,QODWIS__ligand7273-0
218,QODWIS__ligand656-0
219,QODWIS__ligand5180-0
220,QODWIS__ligand13208-0
221,QODWIS__ligand11-0
222,QODWIS__ligand6017-0
223,QODWIS__ligand26810-0
224,QODWIS__ligand5708-0
225,QODWIS__ligand27482-0
226,QODWIS__ligand7316-0
227,QODWIS__ligand2027-0
228,QODWIS__ligand12336-0
229,QODWIS__ligand1050-0
230,QODWIS__ligand13072-0
231,QODWIS__ligand1015-0
232,QODWIS__ligand768-0
233,QODWIS__ligand32-0
234,QODWIS__ligand18699-0
235,QODWIS__ligand12682-0
236,QODWIS__ligand384-0
237,QODWIS__ligand2692-0
238,QODWIS__ligand1618-0
239,QODWIS__ligand1028-0
240,QODWIS__ligand17590-0
241,QODWIS__ligand4262-0
242,QODWIS__ligand17240-0
243,QODWIS__ligand11568-0
244,QODWIS__ligand1154-0
245,QODWIS__ligand20579-0
246,QODWIS__ligand17710-0
247,QODWIS__ligand9615-0
248,QODWIS__ligand14586-0
249,QODWIS__ligand11774-0
250,QODWIS__ligand240-0
251,QODWIS__ligand141-0
252,QODWIS__ligand4596-0
253,QODWIS__ligand21421-0
254,QODWIS__ligand1498-0
255,QODWIS__ligand19725-0
256,QODWIS__ligand24613-0
257,QODWIS__ligand16-0
258,QODWIS__ligand8529-0
259,QODWIS__ligand10555-0
260,QODWIS__ligand31483-0
261,QODWIS__ligand1169-0
262,QODWIS__ligand2001-0
263,QODWIS__ligand15168-0
264,QODWIS__ligand7566-0
265,QODWIS__ligand23589-0
266,QODWIS__ligand24064-0
267,QODWIS__ligand9944-0
268,QODWIS__ligand8593-0
269,QODWIS__ligand51-0
270,QODWIS__ligand1113-0
271,QODWIS__ligand91-0
272,QODWIS__ligand8553-0
273,QODWIS__ligand22755-0
274,QODWIS__ligand11432-0
275,QODWIS__ligand31618-0
276,QODWIS__ligand10432-0
277,QODWIS__ligand29898-0
278,QODWIS__ligand26277-0
279,QODWIS__ligand693-0
280,QODWIS__ligand5201-0
281,QODWIS__ligand757-0
282,QODWIS__ligand24750-0
283,QODWIS__ligand48-0
284,QODWIS__ligand5415-0
285,QODWIS__ligand31578-0
286,QODWIS__ligand17207-0
287,QODWIS__ligand122-0
288,QODWIS__ligand4124-0
289,QODWIS__ligand3471-0
290,QODWIS__ligand4161-0
291,QODWIS__ligand17945-0
292,QODWIS__ligand25224-0
293,QODWIS__ligand18013-0
294,QODWIS__ligand18703-0
295,QODWIS__ligand6995-0
296,QODWIS__ligand2823-0
297,QODWIS__ligand29087-0
298,QODWIS__ligand2650-0
299,QODWIS__ligand2281-0
300,QODWIS__ligand4340-0
301,QODWIS__ligand28924-0
302,QODWIS__ligand3180-0
303,QODWIS__ligand15438-0
304,QODWIS__ligand126-0
305,QODWIS__ligand1397-0
306,QODWIS__ligand163-0
307,QODWIS__ligand7213-0
308,QODWIS__ligand1828-0
309,QODWIS__ligand6112-0
310,QODWIS__ligand30539-0
311,QODWIS__ligand8042-0
312,QODWIS__ligand21132-0
313,QODWIS__ligand11166-0
314,QODWIS__ligand3144-0
315,QODWIS__ligand5085-0
316,QODWIS__ligand23906-0
317,QODWIS__ligand4710-0
318,QODWIS__ligand5755-0
319,QODWIS__ligand12295-0
320,QODWIS__ligand845-0
321,QODWIS__ligand1908-0
322,QODWIS__ligand27835-0
323,QODWIS__ligand4795-0
324,QODWIS__ligand3285-0
325,QODWIS__ligand34-0
326,QODWIS__ligand1786-0
327,QODWIS__ligand21787-0
328,QODWIS__ligand25575-0
329,QODWIS__ligand5630-0
330,QODWIS__ligand25689-0
331,QODWIS__ligand13209-0
332,QODWIS__ligand19257-0
333,QODWIS__ligand55-0
334,QODWIS__ligand366-0
335,QODWIS__ligand12660-0
336,QODWIS__ligand5614-0
337,QODWIS__ligand5280-0
338,QODWIS__ligand1831-0
339,QODWIS__ligand657-0
340,QODWIS__ligand5515-0
341,QODWIS__ligand6663-0
342,QODWIS__ligand31248-0
343,QODWIS__ligand187-0
344,QODWIS__ligand25650-0
345,QODWIS__ligand1849-0
346,QODWIS__ligand941-0
347,QODWIS__ligand596-0
348,QODWIS__ligand777-0
349,QODWIS__ligand3261-0
350,QODWIS__ligand1152-0
351,QODWIS__ligand11206-0
352,QODWIS__ligand5019-0
353,QODWIS__ligand23124-0
354,QODWIS__ligand1216-0
355,QODWIS__ligand25735-0
356,QODWIS__ligand12519-0
357,QODWIS__ligand68-0
358,QODWIS__ligand3416-0
359,QODWIS__ligand3453-0
360,QODWIS__ligand29863-0
361,QODWIS__ligand18074-0
362,QODWIS__ligand13869-0
363,QODWIS__ligand4207-0
364,QODWIS__ligand201-0
365,QODWIS__ligand1539-0
366,QODWIS__ligand11140-0
367,QODWIS__ligand29610-0
368,QODWIS__ligand1150-0
369,QODWIS__ligand4063-0
370,QODWIS__ligand28668-0
371,QODWIS__ligand7438-0
372,QODWIS__ligand8200-0
373,QODWIS__ligand16791-0
374,QODWIS__ligand57-0
375,QODWIS__ligand321-0
376,QODWIS__ligand279-0
377,QODWIS__ligand18465-0
378,QODWIS__ligand18799-0
379,QODWIS__ligand185-0
380,QODWIS__ligand3042-0
381,QODWIS__ligand178-0
382,QODWIS__ligand22981-0
383,QODWIS__ligand25805-0
384,QODWIS__ligand7075-0
385,QODWIS__ligand20599-0
386,QODWIS__ligand1149-0
387,QODWIS__ligand27074-0
388,QODWIS__ligand3557-0
389,QODWIS__ligand3980-0
390,QODWIS__ligand27169-0
391,QODWIS__ligand1817-0
392,QODWIS__ligand14523-0
393,QODWIS__ligand6993-0
394,QODWIS__ligand1779-0
395,QODWIS__ligand18391-0
396,QODWIS__ligand9750-0
397,QODWIS__ligand9491-0
398,QODWIS__ligand1400-0
399,QODWIS__ligand4266-0
400,QODWIS__ligand12467-0
401,QODWIS__ligand25267-0
402,QODWIS__ligand4167-0
403,QODWIS__ligand10084-0
404,QODWIS__ligand1288-0
405,QODWIS__ligand23904-0
406,QODWIS__ligand13257-0
407,QODWIS__ligand21936-0
408,QODWIS__ligand338-0
409,QODWIS__ligand22357-0
410,QODWIS__ligand1449-0
411,QODWIS__ligand11758-0
412,QODWIS__ligand3012-0
413,QODWIS__ligand21448-0
414,QODWIS__ligand1065-0
415,QODWIS__ligand7530-0
416,QODWIS__ligand11501-0
417,QODWIS__ligand11544-0
418,QODWIS__ligand833-0
419,QODWIS__ligand9681-0
420,QODWIS__ligand4332-0
421,QODWIS__ligand29214-0
422,QODWIS__ligand42-0
423,QODWIS__ligand17445-0
424,QODWIS__ligand3934-0
425,QODWIS__ligand17069-0
426,QODWIS__ligand14477-0
427,QODWIS__ligand6455-0
428,QODWIS__ligand6882-0
429,QODWIS__ligand2403-0
430,QODWIS__ligand115-0
431,QODWIS__ligand11798-0
432,QODWIS__ligand12413-0
433,QODWIS__ligand29334-0
434,QODWIS__ligand20731-0
435,QODWIS__ligand18158-0
436,QODWIS__ligand395-0
437,QODWIS__ligand27771-0
438,QODWIS__ligand9148-0
439,QODWIS__ligand29565-0
440,QODWIS__ligand368-0
441,QODWIS__ligand23682-0
442,QODWIS__ligand1415-0
443,QODWIS__ligand6946-0
444,QODWIS__ligand7529-0
445,QODWIS__ligand20942-1
446,QODWIS__ligand14226-0
447,QODWIS__ligand21339-0
448,QODWIS__ligand16956-0
449,QODWIS__ligand5627-0
450,QODWIS__ligand1729-0
451,QODWIS__ligand2830-0
452,QODWIS__ligand27550-0
453,QODWIS__ligand18019-1
454,QODWIS__ligand784-0
455,QODWIS__ligand14007-0
456,QODWIS__ligand66-0
457,QODWIS__ligand5316-0
458,QODWIS__ligand5483-0
459,QODWIS__ligand18413-0
460,QODWIS__ligand20844-0
461,QODWIS__ligand24624-0
462,QODWIS__ligand6283-0
463,QODWIS__ligand18757-0
464,QODWIS__ligand24560-0
465,QODWIS__ligand4813-0
466,QODWIS__ligand487-0
467,QODWIS__ligand5813-0
468,QODWIS__ligand4738-0
469,QODWIS__ligand6062-0
470,QODWIS__ligand30788-0
471,QODWIS__ligand13691-0
472,QODWIS__ligand447-0
473,QODWIS__ligand14339-0
474,QODWIS__ligand3215-0
475,QODWIS__ligand746-0
476,QODWIS__ligand176-0
477,QODWIS__ligand7107-0
478,QODWIS__ligand21752-0
479,QODWIS__ligand1147-0
480,QODWIS__ligand25048-0
481,QODWIS__ligand3973-0
482,QODWIS__ligand21940-0
483,QODWIS__ligand38-0
484,QODWIS__ligand24953-0
485,QODWIS__ligand23445-0
486,QODWIS__ligand2068-0
487,QODWIS__ligand7925-0
488,QODWIS__ligand27122-0
489,QODWIS__ligand20432-0
490,QODWIS__ligand152-0
491,QODWIS__ligand16133-0
492,QODWIS__ligand13755-0
493,QODWIS__ligand7532-0
494,QODWIS__ligand4194-0
495,QODWIS__ligand506-0
496,QODWIS__ligand2599-0
497,QODWIS__ligand4330-0
498,QODWIS__ligand30004-0
499,QODWIS__ligand20557-0
500,QODWIS__ligand19824-0
501,QODWIS__ligand2328-0
502,QODWIS__ligand18067-0
503,QODWIS__ligand4581-0
504,QODWIS__ligand1773-0
505,QODWIS__ligand3029-0
506,QODWIS__ligand7162-0
507,QODWIS__ligand686-0
508,QODWIS__ligand10582-0
509,QODWIS__ligand13260-0
510,QODWIS__ligand422-0
511,QODWIS__ligand1900-0
512,QODWIS__ligand11252-0
513,QODWIS__ligand9197-0
514,QODWIS__ligand2208-0
515,QODWIS__ligand31000-0
516,QODWIS__ligand3208-0
517,QODWIS__ligand11606-0
518,QODWIS__ligand196-0
519,QODWIS__ligand3-0
520,QODWIS__ligand1327-0
521,QODWIS__ligand9809-0
522,QODWIS__ligand6672-0
523,QODWIS__ligand20821-0
524,QODWIS__ligand8722-0
525,QODWIS__ligand3350-0
526,QODWIS__ligand2781-0
527,QODWIS__ligand7573-0
528,QODWIS__ligand26673-0
529,QODWIS__ligand11622-0
530,QODWIS__ligand1533-0
531,QODWIS__ligand353-0
532,QODWIS__ligand16870-0
533,QODWIS__ligand16603-0
534,QODWIS__ligand1496-0
535,QODWIS__ligand7557-0
536,QODWIS__ligand11814-0
537,QODWIS__ligand25658-0
538,QODWIS__ligand17686-0
539,QODWIS__ligand31205-0
540,QODWIS__ligand1712-0
541,QODWIS__ligand4131-0
542,QODWIS__ligand15455-0
543,QODWIS__ligand393-0
544,QODWIS__ligand18-0
545,QODWIS__ligand5892-0
546,QODWIS__ligand5094-0
547,QODWIS__ligand11177-0
548,QODWIS__ligand618-0
549,QODWIS__ligand5935-0
550,QODWIS__ligand16952-0
551,QODWIS__ligand29813-0
552,QODWIS__ligand1379-0
553,QODWIS__ligand2722-0
554,QODWIS__ligand15387-0
555,QODWIS__ligand3157-0
556,QODWIS__ligand20121-0
557,QODWIS__ligand1165-0
558,QODWIS__ligand391-0
559,QODWIS__ligand9525-0
560,QODWIS__ligand20220-0
561,QODWIS__ligand20530-0
562,QODWIS__ligand11698-0
563,QODWIS__ligand13657-0
564,QODWIS__ligand4850-0
565,QODWIS__ligand14347-0
566,QODWIS__ligand813-0
567,QODWIS__ligand14302-0
568,QODWIS__ligand5056-0
569,QODWIS__ligand24851-0
570,QODWIS__ligand1688-0
571,QODWIS__ligand314-0
572,QODWIS__ligand780-0
573,QODWIS__ligand3647-0
574,QODWIS__ligand5357-0
575,QODWIS__ligand29441-0
576,QODWIS__ligand3871-0
577,QODWIS__ligand10853-0
578,QODWIS__ligand1469-0
579,QODWIS__ligand27610-0
580,QODWIS__ligand10479-0
581,QODWIS__ligand1768-0
582,QODWIS__ligand11479-0
583,QODWIS__ligand19668-0
584,QODWIS__ligand2527-0
585,QODWIS__ligand19906-0
586,QODWIS__ligand8464-0
587,QODWIS__ligand314-1
588,QODWIS__ligand1709-0
589,QODWIS__ligand8349-0
590,QODWIS__ligand22353-0
591,QODWIS__ligand1-0
592,QODWIS__ligand3392-0
593,QODWIS__ligand4911-0
594,QODWIS__ligand1771-0
595,QODWIS__ligand5849-0
596,QODWIS__ligand10151-0
597,QODWIS__ligand465-0
598,QODWIS__ligand7242-0
599,QODWIS__ligand29486-0
600,QODWIS__ligand177-0
601,QODWIS__ligand7106-0
602,QODWIS__ligand31694-0
603,QODWIS__ligand17427-0
604,QODWIS__ligand9908-0
605,QODWIS__ligand1263-0
606,QODWIS__ligand3504-0
607,QODWIS__ligand22129-0
608,QODWIS__ligand12138-0
609,QODWIS__ligand24780-0
610,QODWIS__ligand1959-0
611,QODWIS__ligand1536-0
612,QODWIS__ligand1573-0
613,QODWIS__ligand11949-0
614,QODWIS__ligand9935-0
615,QODWIS__ligand3718-0
616,QODWIS__ligand3035-0
617,QODWIS__ligand3876-0
618,QODWIS__ligand1343-0
619,QODWIS__ligand6616-0
620,QODWIS__ligand25561-0
621,QODWIS__ligand909-0
622,QODWIS__ligand4661-0
623,QODWIS__ligand1844-0
624,QODWIS__ligand24872-0
625,QODWIS__ligand372-0
626,QODWIS__ligand1512-0
627,QODWIS__ligand5331-0
628,QODWIS__ligand27840-0
629,QODWIS__ligand830-0
630,QODWIS__ligand3565-0
631,QODWIS__ligand30728-0
632,QODWIS__ligand12001-0
633,QODWIS__ligand3852-0
634,QODWIS__ligand193-0
635,QODWIS__ligand10033-0
636,QODWIS__ligand2485-0
637,QODWIS__ligand24644-0
638,QODWIS__ligand6919-0
639,QODWIS__ligand24111-0
640,QODWIS__ligand22444-0
641,QODWIS__ligand5211-0
642,QODWIS__ligand252-0
643,QODWIS__ligand14569-0
644,QODWIS__ligand116-0
645,QODWIS__ligand13385-0
646,QODWIS__ligand4155-0
647,QODWIS__ligand3094-0
648,QODWIS__ligand17396-0
649,QODWIS__ligand4720-0
650,QODWIS__ligand23175-0
651,QODWIS__ligand15788-0
652,QODWIS__ligand8969-0
653,QODWIS__ligand11587-0
654,QODWIS__ligand1202-0
655,QODWIS__ligand3937-0
656,QODWIS__ligand13220-0
657,QODWIS__ligand3174-0
658,QODWIS__ligand3131-0
659,QODWIS__ligand6839-0
660,QODWIS__ligand4157-0
661,QODWIS__ligand5256-0
662,QODWIS__ligand250-0
663,QODWIS__ligand9833-0
664,QODWIS__ligand8876-0
665,QODWIS__ligand2828-0
666,QODWIS__ligand22403-0
667,QODWIS__ligand7648-0
668,QODWIS__ligand9291-0
669,QODWIS__ligand16369-0
670,QODWIS__ligand2176-0
671,QODWIS__ligand28540-0
672,QODWIS__ligand11111-0
673,QODWIS__ligand27754-0
674,QODWIS__ligand20695-0
675,QODWIS__ligand2232-0
676,QODWIS__ligand1285-0
677,QODWIS__ligand1982-0
678,QODWIS__ligand29215-0
679,QODWIS__ligand43-0
680,QODWIS__ligand370-0
681,QODWIS__ligand7000-0
682,QODWIS__ligand8115-0
683,QODWIS__ligand6768-0
684,QODWIS__ligand21399-0
685,QODWIS__ligand4503-0
686,QODWIS__ligand4-0
687,QODWIS__ligand4546-0
688,QODWIS__ligand10872-0
689,QODWIS__ligand26631-0
690,QODWIS__ligand16148-0
691,QODWIS__ligand12003-0
692,QODWIS__ligand28559-0
693,QODWIS__ligand6709-0
694,QODWIS__ligand479-0
695,QODWIS__ligand26324-0
696,QODWIS__ligand1219-0
697,QODWIS__ligand785-0
698,QODWIS__ligand67-0
699,QODWIS__ligand311-0
700,QODWIS__ligand14043-0
701,QODWIS__ligand7867-0
702,QODWIS__ligand19927-0
703,QODWIS__ligand4016-0
704,QODWIS__ligand620-0
705,QODWIS__ligand7238-0
706,QODWIS__ligand370-1
707,QODWIS__ligand1790-0
708,QODWIS__ligand564-0
709,QODWIS__ligand21729-0
710,QODWIS__ligand1304-0
711,QODWIS__ligand7280-0
712,QODWIS__ligand27239-0
713,QODWIS__ligand188-0
714,QODWIS__ligand7629-0
715,QODWIS__ligand1451-0
716,QODWIS__ligand26529-0
717,QODWIS__ligand4272-0
718,QODWIS__ligand9784-0
719,QODWIS__ligand8699-0
720,QODWIS__ligand1160-0
721,QODWIS__ligand9520-0
722,QODWIS__ligand4093-0
723,QODWIS__ligand4442-0
724,QODWIS__ligand3954-0
725,QODWIS__ligand11618-0
726,QODWIS__ligand560-0
727,QODWIS__ligand2332-0
728,QODWIS__ligand27285-0
729,QODWIS__ligand29029-0
730,QODWIS__ligand9441-0
731,QODWIS__ligand1631-0
732,QODWIS__ligand9933-0
733,QODWIS__ligand23197-0
734,QODWIS__ligand1530-0
735,QODWIS__ligand1575-0
736,QODWIS__ligand2915-0
737,QODWIS__ligand3156-0
738,QODWIS__ligand30142-0
739,QODWIS__ligand27669-0
740,QODWIS__ligand6244-0
741,QODWIS__ligand134-0
742,QODWIS__ligand1378-0
743,QODWIS__ligand14167-0
744,QODWIS__ligand235-0
745,QODWIS__ligand13477-0
746,QODWIS__ligand8992-0
747,QODWIS__ligand19184-0
748,QODWIS__ligand9601-0
749,QODWIS__ligand421-0
750,QODWIS__ligand12453-0
751,QODWIS__ligand7967-0
752,QODWIS__ligand18448-0
753,QODWIS__ligand3707-0
754,QODWIS__ligand685-0
755,QODWIS__ligand6124-0
756,QODWIS__ligand28459-0
757,QODWIS__ligand4116-0
758,QODWIS__ligand1018-0
759,QODWIS__ligand1823-0
760,QODWIS__ligand294-0
761,QODWIS__ligand5643-0
762,QODWIS__ligand10371-0
763,QODWIS__ligand8721-0
764,QODWIS__ligand1324-0
765,QODWIS__ligand18568-0
766,QODWIS__ligand28685-0
767,QODWIS__ligand9111-0
768,QODWIS__ligand9952-0
769,QODWIS__ligand1615-0
770,QODWIS__ligand13672-0
771,QODWIS__ligand5036-0
772,QODWIS__ligand2526-0
773,QODWIS__ligand197-0
774,QODWIS__ligand14614-0
775,QODWIS__ligand4641-0
776,QODWIS__ligand16663-0
777,QODWIS__ligand31044-0
778,QODWIS__ligand31842-0
779,QODWIS__ligand11994-0
780,QODWIS__ligand24035-0
781,QODWIS__ligand45-0
782,QODWIS__ligand78-0
783,QODWIS__ligand11682-0
784,QODWIS__ligand3234-0
785,QODWIS__ligand1142-0
786,QODWIS__ligand30711-0
787,QODWIS__ligand20207-0
788,QODWIS__ligand16988-0
789,QODWIS__ligand25913-0
790,QODWIS__ligand8835-0
791,QODWIS__ligand2028-0
792,QODWIS__ligand7126-0
793,QODWIS__ligand868-0
794,QODWIS__ligand15883-0
795,QODWIS__ligand19-0
796,QODWIS__ligand7819-0
797,QODWIS__ligand2917-0
798,QODWIS__ligand11970-0
799,QODWIS__ligand15926-0
800,QODWIS__ligand6596-0
801,QODWIS__ligand6904-0
802,QODWIS__ligand3721-0
803,QODWIS__ligand6102-0
804,QODWIS__ligand19792-0
805,QODWIS__ligand10828-0
806,QODWIS__ligand28810-0
807,QODWIS__ligand3465-0
808,QODWIS__ligand11447-0
809,QODWIS__ligand11096-0
810,QODWIS__ligand24230-0
811,QODWIS__ligand4620-0
812,QODWIS__ligand11357-0
813,QODWIS__ligand13862-0
814,QODWIS__ligand28743-0
815,QODWIS__ligand15531-0
816,QODWIS__ligand12365-0
817,QODWIS__ligand10056-0
818,QODWIS__ligand783-0
819,QODWIS__ligand352-0
820,QODWIS__ligand24-0
821,QODWIS__ligand6067-0
822,QODWIS__ligand1577-0
823,QODWIS__ligand21919-0
824,QODWIS__ligand2295-0
825,QODWIS__ligand22168-0
826,QODWIS__ligand28930-0
827,QODWIS__ligand22294-0
