,TMC
0,TAWWIX__ligand32-0
1,TAWWIX__ligand291-0
2,TAWWIX__ligand3734-0
3,TAWWIX__ligand115-0
4,TAWWIX__ligand1706-0
5,TAWWIX__ligand4381-0
6,TAWWIX__ligand2629-0
7,TAWWIX__ligand6277-0
8,TAWWIX__ligand1687-0
9,TAWWIX__ligand1951-0
10,TAWWIX__ligand2259-0
11,TAWWIX__ligand2688-0
12,TAWWIX__ligand784-0
13,TAWWIX__ligand355-0
14,TAWWIX__ligand485-0
15,TAWWIX__ligand1376-0
16,TAWWIX__ligand2768-0
17,TAWWIX__ligand1544-0
18,TAWWIX__ligand51-0
19,TAWWIX__ligand487-0
20,TAWWIX__ligand522-0
21,TAWWIX__ligand1459-0
22,TAWWIX__ligand666-0
23,TAWWIX__ligand3757-0
24,TAWWIX__ligand133-0
25,TAWWIX__ligand2087-0
26,TAWWIX__ligand1048-0
27,TAWWIX__ligand447-0
28,TAWWIX__ligand91-0
29,TAWWIX__ligand29-0
30,TAWWIX__ligand1685-0
31,TAWWIX__ligand682-0
32,TAWWIX__ligand48-0
33,TAWWIX__ligand1171-0
34,TAWWIX__ligand10357-0
35,TAWWIX__ligand5801-0
36,TAWWIX__ligand15630-0
37,TAWWIX__ligand3063-0
38,TAWWIX__ligand1438-0
39,TAWWIX__ligand3246-0
40,TAWWIX__ligand422-0
41,TAWWIX__ligand113-0
42,TAWWIX__ligand502-0
43,TAWWIX__ligand196-0
44,TAWWIX__ligand1479-0
45,TAWWIX__ligand34-0
46,TAWWIX__ligand1148-0
47,TAWWIX__ligand9244-0
48,TAWWIX__ligand353-0
49,TAWWIX__ligand55-0
50,TAWWIX__ligand1228-0
51,TAWWIX__ligand1-0
52,TAWWIX__ligand1538-0
53,TAWWIX__ligand95-0
54,TAWWIX__ligand1114-0
55,TAWWIX__ligand236-0
56,TAWWIX__ligand3-0
57,TAWWIX__ligand391-0
58,TAWWIX__ligand170-0
59,TAWWIX__ligand2751-0
60,TAWWIX__ligand3041-0
61,TAWWIX__ligand481-0
62,TAWWIX__ligand1542-0
63,TAWWIX__ligand2634-0
64,TAWWIX__ligand57-0
65,TAWWIX__ligand314-0
66,TAWWIX__ligand2863-0
67,TAWWIX__ligand2098-0
68,TAWWIX__ligand6502-0
69,TAWWIX__ligand6332-0
70,TAWWIX__ligand73-0
71,TAWWIX__ligand3178-0
72,TAWWIX__ligand3145-0
73,TAWWIX__ligand1747-0
74,TAWWIX__ligand6686-0
75,TAWWIX__ligand210-0
76,TAWWIX__ligand7915-0
77,TAWWIX__ligand5548-0
78,TAWWIX__ligand4-0
79,TAWWIX__ligand934-0
80,TAWWIX__ligand177-0
81,TAWWIX__ligand1799-0
82,TAWWIX__ligand10910-0
83,TAWWIX__ligand3838-0
84,TAWWIX__ligand2838-0
85,TAWWIX__ligand2880-0
86,TAWWIX__ligand5941-0
87,TAWWIX__ligand909-0
88,TAWWIX__ligand851-0
89,TAWWIX__ligand5022-0
90,TAWWIX__ligand1169-0
91,TAWWIX__ligand2864-0
92,TAWWIX__ligand193-0
93,TAWWIX__ligand14530-0
94,TAWWIX__ligand89-0
95,TAWWIX__ligand830-0
96,TAWWIX__ligand2142-0
97,TAWWIX__ligand49-0
98,TAWWIX__ligand252-0
99,TAWWIX__ligand6538-0
100,TAWWIX__ligand9495-0
101,TAWWIX__ligand955-0
102,TAWWIX__ligand2772-0
103,TAWWIX__ligand6151-0
104,TAWWIX__ligand460-0
105,TAWWIX__ligand1273-0
106,TAWWIX__ligand250-0
107,TAWWIX__ligand1052-0
108,TAWWIX__ligand10479-0
109,TAWWIX__ligand370-0
110,TAWWIX__ligand4983-0
111,TAWWIX__ligand1835-0
112,TAWWIX__ligand2794-0
113,TAWWIX__ligand2345-0
114,TAWWIX__ligand311-0
115,TAWWIX__ligand1502-0
116,TAWWIX__ligand17-0
117,TAWWIX__ligand6396-0
118,TAWWIX__ligand6-0
119,TAWWIX__ligand92-0
120,TAWWIX__ligand2265-0
121,TAWWIX__ligand369-0
122,TAWWIX__ligand1113-0
123,TAWWIX__ligand444-0
124,TAWWIX__ligand188-0
125,TAWWIX__ligand10114-0
126,TAWWIX__ligand9027-0
127,TAWWIX__ligand1607-0
128,TAWWIX__ligand560-0
129,TAWWIX__ligand525-0
130,TAWWIX__ligand109-0
131,TAWWIX__ligand932-0
132,TAWWIX__ligand134-0
133,TAWWIX__ligand235-0
134,TAWWIX__ligand1727-0
135,TAWWIX__ligand1152-0
136,TAWWIX__ligand390-0
137,TAWWIX__ligand2430-0
138,TAWWIX__ligand1703-0
139,TAWWIX__ligand916-0
140,TAWWIX__ligand584-0
141,TAWWIX__ligand2907-0
142,TAWWIX__ligand421-0
143,TAWWIX__ligand798-0
144,TAWWIX__ligand2510-0
145,TAWWIX__ligand331-0
146,TAWWIX__ligand1567-0
147,TAWWIX__ligand2285-0
148,TAWWIX__ligand8921-0
149,TAWWIX__ligand294-0
150,TAWWIX__ligand2862-0
151,TAWWIX__ligand993-0
152,TAWWIX__ligand1056-0
153,TAWWIX__ligand2320-0
154,TAWWIX__ligand1248-0
155,TAWWIX__ligand4303-0
156,TAWWIX__ligand1598-0
157,TAWWIX__ligand1054-0
158,TAWWIX__ligand197-0
159,TAWWIX__ligand6294-0
160,TAWWIX__ligand296-0
161,TAWWIX__ligand112-0
162,TAWWIX__ligand7464-0
163,TAWWIX__ligand136-0
164,TAWWIX__ligand868-0
165,TAWWIX__ligand442-0
166,TAWWIX__ligand783-0
167,TAWWIX__ligand352-0
168,TAWWIX__ligand3637-0
169,TAWWIX__ligand11-0
170,TAWWIX__ligand8774-0
171,TAWWIX__ligand436-0
172,TAWWIX__ligand4894-0
173,TAWWIX__ligand1260-0
174,TAWWIX__ligand9620-0
175,TAWWIX__ligand142-0
176,TAWWIX__ligand206-0
177,TAWWIX__ligand7514-0
178,TAWWIX__ligand3337-0
179,TAWWIX__ligand553-0
180,TAWWIX__ligand283-0
181,TAWWIX__ligand821-0
182,TAWWIX__ligand326-0
183,TAWWIX__ligand4811-0
184,TAWWIX__ligand1449-1
185,TAWWIX__ligand633-0
186,TAWWIX__ligand918-0
187,TAWWIX__ligand1321-0
188,TAWWIX__ligand532-0
189,TAWWIX__ligand3566-0
190,TAWWIX__ligand1178-0
191,TAWWIX__ligand497-0
192,TAWWIX__ligand838-0
193,TAWWIX__ligand166-0
194,TAWWIX__ligand1788-0
195,TAWWIX__ligand1246-0
196,TAWWIX__ligand927-0
197,TAWWIX__ligand6166-0
198,TAWWIX__ligand199-0
199,TAWWIX__ligand575-0
200,TAWWIX__ligand2853-0
201,TAWWIX__ligand3853-0
202,TAWWIX__ligand5089-0
203,TAWWIX__ligand2599-0
204,TAWWIX__ligand1307-0
205,TAWWIX__ligand409-0
206,TAWWIX__ligand361-0
207,TAWWIX__ligand324-0
208,TAWWIX__ligand67-0
209,TAWWIX__ligand105-0
210,TAWWIX__ligand140-0
211,TAWWIX__ligand365-0
212,TAWWIX__ligand1919-0
213,TAWWIX__ligand278-0
214,TAWWIX__ligand2389-0
215,TAWWIX__ligand669-0
216,TAWWIX__ligand1712-0
217,TAWWIX__ligand3579-0
218,TAWWIX__ligand430-0
219,TAWWIX__ligand358-0
220,TAWWIX__ligand2916-0
221,TAWWIX__ligand2110-0
222,TAWWIX__ligand1858-0
223,TAWWIX__ligand509-0
224,TAWWIX__ligand8032-0
225,TAWWIX__ligand5334-0
226,TAWWIX__ligand2480-0
227,TAWWIX__ligand4504-0
228,TAWWIX__ligand3051-0
229,TAWWIX__ligand118-0
230,TAWWIX__ligand1898-0
231,TAWWIX__ligand670-0
232,TAWWIX__ligand2315-0
233,TAWWIX__ligand571-0
234,TAWWIX__ligand45-0
235,TAWWIX__ligand6571-0
236,TAWWIX__ligand2482-0
237,TAWWIX__ligand1325-0
238,TAWWIX__ligand162-0
239,TAWWIX__ligand2442-0
240,TAWWIX__ligand226-0
241,TAWWIX__ligand1019-0
242,TAWWIX__ligand1104-0
243,TAWWIX__ligand7414-0
244,TAWWIX__ligand5762-0
245,TAWWIX__ligand85-0
246,TAWWIX__ligand78-0
247,TAWWIX__ligand383-0
248,TAWWIX__ligand1379-0
249,TAWWIX__ligand1221-0
250,TAWWIX__ligand1264-0
251,TAWWIX__ligand6430-0
252,TAWWIX__ligand1299-0
253,TAWWIX__ligand2929-0
254,TAWWIX__ligand8-0
255,TAWWIX__ligand2376-0
256,TAWWIX__ligand5758-0
257,TAWWIX__ligand3478-0
258,TAWWIX__ligand3852-0
259,TAWWIX__ligand120-0
260,TAWWIX__ligand1818-0
261,TAWWIX__ligand7456-0
262,TAWWIX__ligand384-0
263,TAWWIX__ligand240-0
264,TAWWIX__ligand4619-0
265,TAWWIX__ligand6143-0
266,TAWWIX__ligand5235-0
267,TAWWIX__ligand141-0
268,TAWWIX__ligand3251-0
269,TAWWIX__ligand66-0
270,TAWWIX__ligand9176-0
271,TAWWIX__ligand2718-0
272,TAWWIX__ligand3070-0
273,TAWWIX__ligand3035-0
274,TAWWIX__ligand1493-0
275,TAWWIX__ligand21-0
276,TAWWIX__ligand7550-0
277,TAWWIX__ligand2762-0
278,TAWWIX__ligand1038-0
279,TAWWIX__ligand1160-0
280,TAWWIX__ligand2253-0
281,TAWWIX__ligand2954-0
282,TAWWIX__ligand5093-0
283,TAWWIX__ligand3890-0
284,TAWWIX__ligand38-0
285,TAWWIX__ligand757-0
286,TAWWIX__ligand4423-0
287,TAWWIX__ligand1907-0
288,TAWWIX__ligand1285-0
289,TAWWIX__ligand797-0
290,TAWWIX__ligand40-0
291,TAWWIX__ligand1555-0
292,TAWWIX__ligand7630-0
293,TAWWIX__ligand1690-0
294,TAWWIX__ligand2707-0
295,TAWWIX__ligand126-0
296,TAWWIX__ligand1551-0
297,TAWWIX__ligand2526-0
298,TAWWIX__ligand612-0
299,TAWWIX__ligand187-0
300,TAWWIX__ligand366-0
301,TAWWIX__ligand4012-0
302,TAWWIX__ligand3196-0
303,TAWWIX__ligand861-0
304,TAWWIX__ligand2915-0
305,TAWWIX__ligand18-0
306,TAWWIX__ligand596-0
307,TAWWIX__ligand2255-0
308,TAWWIX__ligand100-0
309,TAWWIX__ligand4175-0
310,TAWWIX__ligand244-0
311,TAWWIX__ligand201-0
312,TAWWIX__ligand279-0
313,TAWWIX__ligand178-0
314,TAWWIX__ligand62-0
315,TAWWIX__ligand321-0
316,TAWWIX__ligand1918-0
317,TAWWIX__ligand119-0
318,TAWWIX__ligand4370-0
319,TAWWIX__ligand11730-0
320,TAWWIX__ligand2618-0
321,TAWWIX__ligand3618-0
322,TAWWIX__ligand86-0
323,TAWWIX__ligand124-0
324,TAWWIX__ligand1436-0
