,TMC
0,VEFTEI__ligand15630-0
1,VEFTEI__ligand10357-0
2,VEFTEI__ligand2880-0
3,VEFTEI__ligand5941-0
4,VEFTEI__ligand2838-0
5,VEFTEI__ligand3838-0
6,VEFTEI__ligand1799-0
7,VEFTEI__ligand62-0
8,VEFTEI__ligand5022-0
9,VEFTEI__ligand1169-0
10,VEFTEI__ligand797-0
11,VEFTEI__ligand2864-0
12,VEFTEI__ligand2142-0
13,VEFTEI__ligand86-0
14,VEFTEI__ligand757-0
15,VEFTEI__ligand9495-0
16,VEFTEI__ligand6151-0
17,VEFTEI__ligand2772-0
18,VEFTEI__ligand6538-0
19,VEFTEI__ligand120-0
20,VEFTEI__ligand1273-0
21,VEFTEI__ligand384-0
22,VEFTEI__ligand1052-0
23,VEFTEI__ligand2794-0
24,VEFTEI__ligand2345-0
25,VEFTEI__ligand1835-0
26,VEFTEI__ligand4983-0
27,VEFTEI__ligand1502-0
28,VEFTEI__ligand1113-0
29,VEFTEI__ligand2265-0
30,VEFTEI__ligand18-0
31,VEFTEI__ligand240-0
32,VEFTEI__ligand6396-0
33,VEFTEI__ligand141-0
34,VEFTEI__ligand9027-0
35,VEFTEI__ligand21-0
36,VEFTEI__ligand1607-0
37,VEFTEI__ligand279-0
38,VEFTEI__ligand178-0
39,VEFTEI__ligand321-0
40,VEFTEI__ligand1727-0
41,VEFTEI__ligand100-0
42,VEFTEI__ligand1152-0
43,VEFTEI__ligand201-0
44,VEFTEI__ligand244-0
45,VEFTEI__ligand1703-0
46,VEFTEI__ligand2430-0
47,VEFTEI__ligand38-0
48,VEFTEI__ligand124-0
49,VEFTEI__ligand2907-0
50,VEFTEI__ligand2285-0
51,VEFTEI__ligand119-0
52,VEFTEI__ligand1567-0
53,VEFTEI__ligand8921-0
54,VEFTEI__ligand40-0
55,VEFTEI__ligand2510-0
56,VEFTEI__ligand2320-0
57,VEFTEI__ligand1056-0
58,VEFTEI__ligand2862-0
59,VEFTEI__ligand1598-0
60,VEFTEI__ligand1248-0
61,VEFTEI__ligand4303-0
62,VEFTEI__ligand6294-0
63,VEFTEI__ligand1054-0
64,VEFTEI__ligand126-0
65,VEFTEI__ligand7464-0
66,VEFTEI__ligand596-0
67,VEFTEI__ligand3637-0
68,VEFTEI__ligand612-0
69,VEFTEI__ligand66-0
70,VEFTEI__ligand187-0
71,VEFTEI__ligand366-0
72,VEFTEI__ligand861-0
73,VEFTEI__ligand8774-0
74,VEFTEI__ligand45-0
75,VEFTEI__ligand575-0
76,VEFTEI__ligand10114-0
77,VEFTEI__ligand1706-0
78,VEFTEI__ligand3734-0
79,VEFTEI__ligand2629-0
80,VEFTEI__ligand927-0
81,VEFTEI__ligand85-0
82,VEFTEI__ligand78-0
83,VEFTEI__ligand199-0
84,VEFTEI__ligand4381-0
85,VEFTEI__ligand6277-0
86,VEFTEI__ligand1951-0
87,VEFTEI__ligand10479-0
88,VEFTEI__ligand1687-0
89,VEFTEI__ligand140-0
90,VEFTEI__ligand105-0
91,VEFTEI__ligand2259-0
92,VEFTEI__ligand2688-0
93,VEFTEI__ligand409-0
94,VEFTEI__ligand324-0
95,VEFTEI__ligand361-0
96,VEFTEI__ligand1376-0
97,VEFTEI__ligand2768-0
98,VEFTEI__ligand553-0
99,VEFTEI__ligand1544-0
100,VEFTEI__ligand283-0
101,VEFTEI__ligand1459-0
102,VEFTEI__ligand821-0
103,VEFTEI__ligand326-0
104,VEFTEI__ligand2087-0
105,VEFTEI__ligand436-0
106,VEFTEI__ligand1048-0
107,VEFTEI__ligand3757-0
108,VEFTEI__ligand142-0
109,VEFTEI__ligand1685-0
110,VEFTEI__ligand206-0
111,VEFTEI__ligand14530-0
112,VEFTEI__ligand838-0
113,VEFTEI__ligand1171-0
114,VEFTEI__ligand166-0
115,VEFTEI__ligand633-0
116,VEFTEI__ligand918-0
117,VEFTEI__ligand532-0
118,VEFTEI__ligand5801-0
119,VEFTEI__ligand10910-0
120,VEFTEI__ligand3063-0
121,VEFTEI__ligand1438-0
122,VEFTEI__ligand497-0
123,VEFTEI__ligand162-0
124,VEFTEI__ligand3246-0
125,VEFTEI__ligand226-0
126,VEFTEI__ligand383-0
127,VEFTEI__ligand1479-0
128,VEFTEI__ligand1148-0
129,VEFTEI__ligand1228-0
130,VEFTEI__ligand67-0
131,VEFTEI__ligand9244-0
132,VEFTEI__ligand1114-0
133,VEFTEI__ligand1538-0
134,VEFTEI__ligand669-0
135,VEFTEI__ligand430-0
136,VEFTEI__ligand358-0
137,VEFTEI__ligand2751-0
138,VEFTEI__ligand3041-0
139,VEFTEI__ligand365-0
140,VEFTEI__ligand8-0
141,VEFTEI__ligand278-0
142,VEFTEI__ligand2634-0
143,VEFTEI__ligand1542-0
144,VEFTEI__ligand2098-0
145,VEFTEI__ligand6502-0
146,VEFTEI__ligand2863-0
147,VEFTEI__ligand118-0
148,VEFTEI__ligand3178-0
149,VEFTEI__ligand670-0
150,VEFTEI__ligand6332-0
151,VEFTEI__ligand571-0
152,VEFTEI__ligand509-0
153,VEFTEI__ligand3145-0
154,VEFTEI__ligand7915-0
155,VEFTEI__ligand5548-0
156,VEFTEI__ligand1747-0
157,VEFTEI__ligand6686-0
158,VEFTEI__ligand5758-0
159,VEFTEI__ligand3852-0
160,VEFTEI__ligand370-0
161,VEFTEI__ligand3478-0
162,VEFTEI__ligand460-0
163,VEFTEI__ligand1818-0
164,VEFTEI__ligand7456-0
165,VEFTEI__ligand250-0
166,VEFTEI__ligand5235-0
167,VEFTEI__ligand6143-0
168,VEFTEI__ligand369-0
169,VEFTEI__ligand444-0
170,VEFTEI__ligand4619-0
171,VEFTEI__ligand4-0
172,VEFTEI__ligand188-0
173,VEFTEI__ligand3251-0
174,VEFTEI__ligand9176-0
175,VEFTEI__ligand11-0
176,VEFTEI__ligand311-0
177,VEFTEI__ligand1493-0
178,VEFTEI__ligand2718-0
179,VEFTEI__ligand3035-0
180,VEFTEI__ligand3070-0
181,VEFTEI__ligand909-0
182,VEFTEI__ligand851-0
183,VEFTEI__ligand7550-0
184,VEFTEI__ligand1038-0
185,VEFTEI__ligand2762-0
186,VEFTEI__ligand5093-0
187,VEFTEI__ligand2954-0
188,VEFTEI__ligand177-0
189,VEFTEI__ligand934-0
190,VEFTEI__ligand2253-0
191,VEFTEI__ligand1160-0
192,VEFTEI__ligand6-0
193,VEFTEI__ligand3890-0
194,VEFTEI__ligand252-0
195,VEFTEI__ligand1907-0
196,VEFTEI__ligand955-0
197,VEFTEI__ligand4423-0
198,VEFTEI__ligand1555-0
199,VEFTEI__ligand1285-0
200,VEFTEI__ligand193-0
201,VEFTEI__ligand830-0
202,VEFTEI__ligand7630-0
203,VEFTEI__ligand112-0
204,VEFTEI__ligand1690-0
205,VEFTEI__ligand2707-0
206,VEFTEI__ligand2526-0
207,VEFTEI__ligand197-0
208,VEFTEI__ligand1551-0
209,VEFTEI__ligand296-0
210,VEFTEI__ligand352-0
211,VEFTEI__ligand783-0
212,VEFTEI__ligand3196-0
213,VEFTEI__ligand4012-0
214,VEFTEI__ligand17-0
215,VEFTEI__ligand2915-0
216,VEFTEI__ligand92-0
217,VEFTEI__ligand136-0
218,VEFTEI__ligand868-0
219,VEFTEI__ligand442-0
220,VEFTEI__ligand134-0
221,VEFTEI__ligand932-0
222,VEFTEI__ligand235-0
223,VEFTEI__ligand2255-0
224,VEFTEI__ligand4175-0
225,VEFTEI__ligand390-0
226,VEFTEI__ligand525-0
227,VEFTEI__ligand1918-0
228,VEFTEI__ligand560-0
229,VEFTEI__ligand109-0
230,VEFTEI__ligand331-0
231,VEFTEI__ligand89-0
232,VEFTEI__ligand294-0
233,VEFTEI__ligand4370-0
234,VEFTEI__ligand993-0
235,VEFTEI__ligand49-0
236,VEFTEI__ligand3618-0
237,VEFTEI__ligand584-0
238,VEFTEI__ligand916-0
239,VEFTEI__ligand2618-0
240,VEFTEI__ligand1436-0
241,VEFTEI__ligand421-0
242,VEFTEI__ligand798-0
243,VEFTEI__ligand4894-0
244,VEFTEI__ligand1260-0
245,VEFTEI__ligand9620-0
246,VEFTEI__ligand133-0
247,VEFTEI__ligand447-0
248,VEFTEI__ligand487-0
249,VEFTEI__ligand3337-0
250,VEFTEI__ligand7514-0
251,VEFTEI__ligand522-0
252,VEFTEI__ligand1449-1
253,VEFTEI__ligand4811-0
254,VEFTEI__ligand57-0
255,VEFTEI__ligand666-0
256,VEFTEI__ligand1321-0
257,VEFTEI__ligand3566-0
258,VEFTEI__ligand73-0
259,VEFTEI__ligand1178-0
260,VEFTEI__ligand682-0
261,VEFTEI__ligand1788-0
262,VEFTEI__ligand1246-0
263,VEFTEI__ligand115-0
264,VEFTEI__ligand6166-0
265,VEFTEI__ligand3853-0
266,VEFTEI__ligand2853-0
267,VEFTEI__ligand34-0
268,VEFTEI__ligand2599-0
269,VEFTEI__ligand5089-0
270,VEFTEI__ligand291-0
271,VEFTEI__ligand355-0
272,VEFTEI__ligand784-0
273,VEFTEI__ligand485-0
274,VEFTEI__ligand1307-0
275,VEFTEI__ligand55-0
276,VEFTEI__ligand95-0
277,VEFTEI__ligand51-0
278,VEFTEI__ligand1919-0
279,VEFTEI__ligand11730-0
280,VEFTEI__ligand2389-0
281,VEFTEI__ligand481-0
282,VEFTEI__ligand314-0
283,VEFTEI__ligand1712-0
284,VEFTEI__ligand391-0
285,VEFTEI__ligand170-0
286,VEFTEI__ligand2110-0
287,VEFTEI__ligand91-0
288,VEFTEI__ligand2916-0
289,VEFTEI__ligand3579-0
290,VEFTEI__ligand29-0
291,VEFTEI__ligand1-0
292,VEFTEI__ligand8032-0
293,VEFTEI__ligand1858-0
294,VEFTEI__ligand210-0
295,VEFTEI__ligand48-0
296,VEFTEI__ligand5334-0
297,VEFTEI__ligand2315-0
298,VEFTEI__ligand3051-0
299,VEFTEI__ligand4504-0
300,VEFTEI__ligand2480-0
301,VEFTEI__ligand1898-0
302,VEFTEI__ligand32-0
303,VEFTEI__ligand196-0
304,VEFTEI__ligand502-0
305,VEFTEI__ligand1325-0
306,VEFTEI__ligand2482-0
307,VEFTEI__ligand6571-0
308,VEFTEI__ligand2442-0
309,VEFTEI__ligand422-0
310,VEFTEI__ligand1019-0
311,VEFTEI__ligand113-0
312,VEFTEI__ligand5762-0
313,VEFTEI__ligand7414-0
314,VEFTEI__ligand1104-0
315,VEFTEI__ligand1379-0
316,VEFTEI__ligand6430-0
317,VEFTEI__ligand236-0
318,VEFTEI__ligand1299-0
319,VEFTEI__ligand3-0
320,VEFTEI__ligand1264-0
321,VEFTEI__ligand1221-0
322,VEFTEI__ligand2929-0
323,VEFTEI__ligand2376-0
324,VEFTEI__ligand353-0
