,TMC
0,XUPSIL__ligand5762-0
1,XUPSIL__ligand119-0
2,XUPSIL__ligand7414-0
3,XUPSIL__ligand1104-0
4,XUPSIL__ligand1019-0
5,XUPSIL__ligand2442-0
6,XUPSIL__ligand6571-0
7,XUPSIL__ligand1325-0
8,XUPSIL__ligand2482-0
9,XUPSIL__ligand14530-0
10,XUPSIL__ligand124-0
11,XUPSIL__ligand2376-0
12,XUPSIL__ligand100-0
13,XUPSIL__ligand32-0
14,XUPSIL__ligand2929-0
15,XUPSIL__ligand201-0
16,XUPSIL__ligand244-0
17,XUPSIL__ligand279-0
18,XUPSIL__ligand1264-0
19,XUPSIL__ligand1221-0
20,XUPSIL__ligand1299-0
21,XUPSIL__ligand178-0
22,XUPSIL__ligand10910-0
23,XUPSIL__ligand6430-0
24,XUPSIL__ligand1379-0
25,XUPSIL__ligand321-0
26,XUPSIL__ligand10114-0
27,XUPSIL__ligand3579-0
28,XUPSIL__ligand612-0
29,XUPSIL__ligand2110-0
30,XUPSIL__ligand2916-0
31,XUPSIL__ligand48-0
32,XUPSIL__ligand187-0
33,XUPSIL__ligand366-0
34,XUPSIL__ligand861-0
35,XUPSIL__ligand1712-0
36,XUPSIL__ligand2389-0
37,XUPSIL__ligand596-0
38,XUPSIL__ligand1919-0
39,XUPSIL__ligand10479-0
40,XUPSIL__ligand1898-0
41,XUPSIL__ligand3051-0
42,XUPSIL__ligand4504-0
43,XUPSIL__ligand2480-0
44,XUPSIL__ligand2315-0
45,XUPSIL__ligand126-0
46,XUPSIL__ligand51-0
47,XUPSIL__ligand5334-0
48,XUPSIL__ligand29-0
49,XUPSIL__ligand91-0
50,XUPSIL__ligand1858-0
51,XUPSIL__ligand8032-0
52,XUPSIL__ligand55-0
53,XUPSIL__ligand2599-0
54,XUPSIL__ligand5089-0
55,XUPSIL__ligand757-0
56,XUPSIL__ligand3853-0
57,XUPSIL__ligand2853-0
58,XUPSIL__ligand6166-0
59,XUPSIL__ligand797-0
60,XUPSIL__ligand95-0
61,XUPSIL__ligand1246-0
62,XUPSIL__ligand34-0
63,XUPSIL__ligand1307-0
64,XUPSIL__ligand73-0
65,XUPSIL__ligand240-0
66,XUPSIL__ligand1449-1
67,XUPSIL__ligand4811-0
68,XUPSIL__ligand141-0
69,XUPSIL__ligand3337-0
70,XUPSIL__ligand7514-0
71,XUPSIL__ligand9620-0
72,XUPSIL__ligand1260-0
73,XUPSIL__ligand4894-0
74,XUPSIL__ligand1788-0
75,XUPSIL__ligand120-0
76,XUPSIL__ligand1178-0
77,XUPSIL__ligand3566-0
78,XUPSIL__ligand57-0
79,XUPSIL__ligand1321-0
80,XUPSIL__ligand384-0
81,XUPSIL__ligand1918-0
82,XUPSIL__ligand89-0
83,XUPSIL__ligand4175-0
84,XUPSIL__ligand2255-0
85,XUPSIL__ligand49-0
86,XUPSIL__ligand1436-0
87,XUPSIL__ligand3618-0
88,XUPSIL__ligand2618-0
89,XUPSIL__ligand162-0
90,XUPSIL__ligand4370-0
91,XUPSIL__ligand226-0
92,XUPSIL__ligand383-0
93,XUPSIL__ligand1551-0
94,XUPSIL__ligand17-0
95,XUPSIL__ligand509-0
96,XUPSIL__ligand2526-0
97,XUPSIL__ligand15630-0
98,XUPSIL__ligand10357-0
99,XUPSIL__ligand2707-0
100,XUPSIL__ligand118-0
101,XUPSIL__ligand92-0
102,XUPSIL__ligand670-0
103,XUPSIL__ligand1690-0
104,XUPSIL__ligand571-0
105,XUPSIL__ligand365-0
106,XUPSIL__ligand2915-0
107,XUPSIL__ligand278-0
108,XUPSIL__ligand3196-0
109,XUPSIL__ligand4012-0
110,XUPSIL__ligand669-0
111,XUPSIL__ligand430-0
112,XUPSIL__ligand358-0
113,XUPSIL__ligand2253-0
114,XUPSIL__ligand1160-0
115,XUPSIL__ligand5093-0
116,XUPSIL__ligand2954-0
117,XUPSIL__ligand409-0
118,XUPSIL__ligand2762-0
119,XUPSIL__ligand324-0
120,XUPSIL__ligand361-0
121,XUPSIL__ligand1038-0
122,XUPSIL__ligand7550-0
123,XUPSIL__ligand140-0
124,XUPSIL__ligand105-0
125,XUPSIL__ligand7630-0
126,XUPSIL__ligand927-0
127,XUPSIL__ligand1285-0
128,XUPSIL__ligand1555-0
129,XUPSIL__ligand199-0
130,XUPSIL__ligand4423-0
131,XUPSIL__ligand575-0
132,XUPSIL__ligand1907-0
133,XUPSIL__ligand3890-0
134,XUPSIL__ligand8-0
135,XUPSIL__ligand633-0
136,XUPSIL__ligand7456-0
137,XUPSIL__ligand918-0
138,XUPSIL__ligand532-0
139,XUPSIL__ligand1818-0
140,XUPSIL__ligand497-0
141,XUPSIL__ligand3478-0
142,XUPSIL__ligand838-0
143,XUPSIL__ligand3852-0
144,XUPSIL__ligand11-0
145,XUPSIL__ligand166-0
146,XUPSIL__ligand5758-0
147,XUPSIL__ligand3035-0
148,XUPSIL__ligand3070-0
149,XUPSIL__ligand436-0
150,XUPSIL__ligand2718-0
151,XUPSIL__ligand1493-0
152,XUPSIL__ligand142-0
153,XUPSIL__ligand206-0
154,XUPSIL__ligand9176-0
155,XUPSIL__ligand553-0
156,XUPSIL__ligand3251-0
157,XUPSIL__ligand283-0
158,XUPSIL__ligand4619-0
159,XUPSIL__ligand821-0
160,XUPSIL__ligand326-0
161,XUPSIL__ligand5235-0
162,XUPSIL__ligand6143-0
163,XUPSIL__ligand2634-0
164,XUPSIL__ligand1542-0
165,XUPSIL__ligand136-0
166,XUPSIL__ligand868-0
167,XUPSIL__ligand442-0
168,XUPSIL__ligand3041-0
169,XUPSIL__ligand2751-0
170,XUPSIL__ligand352-0
171,XUPSIL__ligand783-0
172,XUPSIL__ligand6686-0
173,XUPSIL__ligand1747-0
174,XUPSIL__ligand5548-0
175,XUPSIL__ligand7915-0
176,XUPSIL__ligand3145-0
177,XUPSIL__ligand197-0
178,XUPSIL__ligand296-0
179,XUPSIL__ligand112-0
180,XUPSIL__ligand6332-0
181,XUPSIL__ligand3178-0
182,XUPSIL__ligand2863-0
183,XUPSIL__ligand6-0
184,XUPSIL__ligand6502-0
185,XUPSIL__ligand2098-0
186,XUPSIL__ligand67-0
187,XUPSIL__ligand1148-0
188,XUPSIL__ligand584-0
189,XUPSIL__ligand916-0
190,XUPSIL__ligand1479-0
191,XUPSIL__ligand421-0
192,XUPSIL__ligand4-0
193,XUPSIL__ligand798-0
194,XUPSIL__ligand331-0
195,XUPSIL__ligand294-0
196,XUPSIL__ligand3246-0
197,XUPSIL__ligand993-0
198,XUPSIL__ligand525-0
199,XUPSIL__ligand560-0
200,XUPSIL__ligand1538-0
201,XUPSIL__ligand1114-0
202,XUPSIL__ligand109-0
203,XUPSIL__ligand9244-0
204,XUPSIL__ligand134-0
205,XUPSIL__ligand932-0
206,XUPSIL__ligand1228-0
207,XUPSIL__ligand235-0
208,XUPSIL__ligand390-0
209,XUPSIL__ligand1685-0
210,XUPSIL__ligand311-0
211,XUPSIL__ligand3757-0
212,XUPSIL__ligand1048-0
213,XUPSIL__ligand2087-0
214,XUPSIL__ligand369-0
215,XUPSIL__ligand1459-0
216,XUPSIL__ligand444-0
217,XUPSIL__ligand188-0
218,XUPSIL__ligand1544-0
219,XUPSIL__ligand1438-0
220,XUPSIL__ligand460-0
221,XUPSIL__ligand3063-0
222,XUPSIL__ligand5801-0
223,XUPSIL__ligand250-0
224,XUPSIL__ligand1171-0
225,XUPSIL__ligand370-0
226,XUPSIL__ligand4381-0
227,XUPSIL__ligand2629-0
228,XUPSIL__ligand193-0
229,XUPSIL__ligand3734-0
230,XUPSIL__ligand830-0
231,XUPSIL__ligand1706-0
232,XUPSIL__ligand11730-0
233,XUPSIL__ligand252-0
234,XUPSIL__ligand955-0
235,XUPSIL__ligand2768-0
236,XUPSIL__ligand1376-0
237,XUPSIL__ligand2688-0
238,XUPSIL__ligand2259-0
239,XUPSIL__ligand934-0
240,XUPSIL__ligand177-0
241,XUPSIL__ligand45-0
242,XUPSIL__ligand78-0
243,XUPSIL__ligand1687-0
244,XUPSIL__ligand85-0
245,XUPSIL__ligand1951-0
246,XUPSIL__ligand909-0
247,XUPSIL__ligand6277-0
248,XUPSIL__ligand851-0
249,XUPSIL__ligand7464-0
250,XUPSIL__ligand1054-0
251,XUPSIL__ligand6294-0
252,XUPSIL__ligand66-0
253,XUPSIL__ligand4303-0
254,XUPSIL__ligand1248-0
255,XUPSIL__ligand210-0
256,XUPSIL__ligand1598-0
257,XUPSIL__ligand8774-0
258,XUPSIL__ligand391-0
259,XUPSIL__ligand170-0
260,XUPSIL__ligand3637-0
261,XUPSIL__ligand481-0
262,XUPSIL__ligand314-0
263,XUPSIL__ligand1152-0
264,XUPSIL__ligand38-0
265,XUPSIL__ligand353-0
266,XUPSIL__ligand1727-0
267,XUPSIL__ligand40-0
268,XUPSIL__ligand236-0
269,XUPSIL__ligand1607-0
270,XUPSIL__ligand2862-0
271,XUPSIL__ligand422-0
272,XUPSIL__ligand2320-0
273,XUPSIL__ligand1056-0
274,XUPSIL__ligand113-0
275,XUPSIL__ligand2510-0
276,XUPSIL__ligand8921-0
277,XUPSIL__ligand2285-0
278,XUPSIL__ligand1567-0
279,XUPSIL__ligand21-0
280,XUPSIL__ligand2907-0
281,XUPSIL__ligand196-0
282,XUPSIL__ligand502-0
283,XUPSIL__ligand1703-0
284,XUPSIL__ligand2430-0
285,XUPSIL__ligand682-0
286,XUPSIL__ligand1052-0
287,XUPSIL__ligand3-0
288,XUPSIL__ligand1273-0
289,XUPSIL__ligand18-0
290,XUPSIL__ligand487-0
291,XUPSIL__ligand9027-0
292,XUPSIL__ligand522-0
293,XUPSIL__ligand6396-0
294,XUPSIL__ligand666-0
295,XUPSIL__ligand1113-0
296,XUPSIL__ligand2265-0
297,XUPSIL__ligand133-0
298,XUPSIL__ligand1502-0
299,XUPSIL__ligand447-0
300,XUPSIL__ligand4983-0
301,XUPSIL__ligand2345-0
302,XUPSIL__ligand2794-0
303,XUPSIL__ligand1835-0
304,XUPSIL__ligand1169-0
305,XUPSIL__ligand5022-0
306,XUPSIL__ligand2838-0
307,XUPSIL__ligand355-0
308,XUPSIL__ligand784-0
309,XUPSIL__ligand3838-0
310,XUPSIL__ligand1799-0
311,XUPSIL__ligand485-0
312,XUPSIL__ligand5941-0
313,XUPSIL__ligand2880-0
314,XUPSIL__ligand86-0
315,XUPSIL__ligand6538-0
316,XUPSIL__ligand6151-0
317,XUPSIL__ligand2772-0
318,XUPSIL__ligand9495-0
319,XUPSIL__ligand2142-0
320,XUPSIL__ligand291-0
321,XUPSIL__ligand115-0
322,XUPSIL__ligand62-0
323,XUPSIL__ligand1-0
324,XUPSIL__ligand2864-0
