,TMC
0,EABHCP__ligand1379-0
1,EABHCP__ligand170-0
2,EABHCP__ligand1221-0
3,EABHCP__ligand391-0
4,EABHCP__ligand1264-0
5,EABHCP__ligand6430-0
6,EABHCP__ligand1299-0
7,EABHCP__ligand314-0
8,EABHCP__ligand2929-0
9,EABHCP__ligand481-0
10,EABHCP__ligand2376-0
11,EABHCP__ligand4-0
12,EABHCP__ligand6571-0
13,EABHCP__ligand2482-0
14,EABHCP__ligand1325-0
15,EABHCP__ligand210-0
16,EABHCP__ligand2442-0
17,EABHCP__ligand1019-0
18,EABHCP__ligand1104-0
19,EABHCP__ligand7414-0
20,EABHCP__ligand5762-0
21,EABHCP__ligand1858-0
22,EABHCP__ligand8032-0
23,EABHCP__ligand113-0
24,EABHCP__ligand422-0
25,EABHCP__ligand45-0
26,EABHCP__ligand78-0
27,EABHCP__ligand5334-0
28,EABHCP__ligand85-0
29,EABHCP__ligand2480-0
30,EABHCP__ligand4504-0
31,EABHCP__ligand3051-0
32,EABHCP__ligand1898-0
33,EABHCP__ligand2315-0
34,EABHCP__ligand196-0
35,EABHCP__ligand502-0
36,EABHCP__ligand353-0
37,EABHCP__ligand1919-0
38,EABHCP__ligand6-0
39,EABHCP__ligand2389-0
40,EABHCP__ligand236-0
41,EABHCP__ligand1712-0
42,EABHCP__ligand3579-0
43,EABHCP__ligand2916-0
44,EABHCP__ligand2110-0
45,EABHCP__ligand666-0
46,EABHCP__ligand1307-0
47,EABHCP__ligand522-0
48,EABHCP__ligand487-0
49,EABHCP__ligand447-0
50,EABHCP__ligand133-0
51,EABHCP__ligand1246-0
52,EABHCP__ligand6166-0
53,EABHCP__ligand682-0
54,EABHCP__ligand2853-0
55,EABHCP__ligand3853-0
56,EABHCP__ligand5089-0
57,EABHCP__ligand2599-0
58,EABHCP__ligand291-0
59,EABHCP__ligand1321-0
60,EABHCP__ligand3566-0
61,EABHCP__ligand1178-0
62,EABHCP__ligand115-0
63,EABHCP__ligand1788-0
64,EABHCP__ligand67-0
65,EABHCP__ligand4894-0
66,EABHCP__ligand1260-0
67,EABHCP__ligand9620-0
68,EABHCP__ligand10357-0
69,EABHCP__ligand15630-0
70,EABHCP__ligand7514-0
71,EABHCP__ligand3337-0
72,EABHCP__ligand485-0
73,EABHCP__ligand4811-0
74,EABHCP__ligand355-0
75,EABHCP__ligand1449-1
76,EABHCP__ligand784-0
77,EABHCP__ligand296-0
78,EABHCP__ligand197-0
79,EABHCP__ligand4370-0
80,EABHCP__ligand2618-0
81,EABHCP__ligand3618-0
82,EABHCP__ligand112-0
83,EABHCP__ligand1436-0
84,EABHCP__ligand442-0
85,EABHCP__ligand2255-0
86,EABHCP__ligand868-0
87,EABHCP__ligand136-0
88,EABHCP__ligand4175-0
89,EABHCP__ligand352-0
90,EABHCP__ligand783-0
91,EABHCP__ligand18-0
92,EABHCP__ligand1918-0
93,EABHCP__ligand109-0
94,EABHCP__ligand525-0
95,EABHCP__ligand560-0
96,EABHCP__ligand4012-0
97,EABHCP__ligand3196-0
98,EABHCP__ligand390-0
99,EABHCP__ligand2915-0
100,EABHCP__ligand62-0
101,EABHCP__ligand235-0
102,EABHCP__ligand134-0
103,EABHCP__ligand932-0
104,EABHCP__ligand798-0
105,EABHCP__ligand421-0
106,EABHCP__ligand1690-0
107,EABHCP__ligand584-0
108,EABHCP__ligand916-0
109,EABHCP__ligand2707-0
110,EABHCP__ligand993-0
111,EABHCP__ligand294-0
112,EABHCP__ligand86-0
113,EABHCP__ligand1551-0
114,EABHCP__ligand2526-0
115,EABHCP__ligand331-0
116,EABHCP__ligand250-0
117,EABHCP__ligand3890-0
118,EABHCP__ligand4423-0
119,EABHCP__ligand460-0
120,EABHCP__ligand1907-0
121,EABHCP__ligand370-0
122,EABHCP__ligand10910-0
123,EABHCP__ligand1285-0
124,EABHCP__ligand1555-0
125,EABHCP__ligand7630-0
126,EABHCP__ligand311-0
127,EABHCP__ligand7550-0
128,EABHCP__ligand1-0
129,EABHCP__ligand2762-0
130,EABHCP__ligand14530-0
131,EABHCP__ligand188-0
132,EABHCP__ligand1038-0
133,EABHCP__ligand444-0
134,EABHCP__ligand1160-0
135,EABHCP__ligand66-0
136,EABHCP__ligand2253-0
137,EABHCP__ligand369-0
138,EABHCP__ligand2954-0
139,EABHCP__ligand5093-0
140,EABHCP__ligand4619-0
141,EABHCP__ligand934-0
142,EABHCP__ligand6143-0
143,EABHCP__ligand177-0
144,EABHCP__ligand5235-0
145,EABHCP__ligand10479-0
146,EABHCP__ligand3251-0
147,EABHCP__ligand21-0
148,EABHCP__ligand851-0
149,EABHCP__ligand9176-0
150,EABHCP__ligand909-0
151,EABHCP__ligand2718-0
152,EABHCP__ligand3070-0
153,EABHCP__ligand3035-0
154,EABHCP__ligand3-0
155,EABHCP__ligand1493-0
156,EABHCP__ligand830-0
157,EABHCP__ligand38-0
158,EABHCP__ligand5758-0
159,EABHCP__ligand10114-0
160,EABHCP__ligand193-0
161,EABHCP__ligand3478-0
162,EABHCP__ligand3852-0
163,EABHCP__ligand955-0
164,EABHCP__ligand1818-0
165,EABHCP__ligand252-0
166,EABHCP__ligand40-0
167,EABHCP__ligand7456-0
168,EABHCP__ligand2863-0
169,EABHCP__ligand2098-0
170,EABHCP__ligand6502-0
171,EABHCP__ligand6332-0
172,EABHCP__ligand3178-0
173,EABHCP__ligand3145-0
174,EABHCP__ligand383-0
175,EABHCP__ligand34-0
176,EABHCP__ligand1747-0
177,EABHCP__ligand6686-0
178,EABHCP__ligand226-0
179,EABHCP__ligand7915-0
180,EABHCP__ligand162-0
181,EABHCP__ligand5548-0
182,EABHCP__ligand55-0
183,EABHCP__ligand2751-0
184,EABHCP__ligand3041-0
185,EABHCP__ligand95-0
186,EABHCP__ligand1542-0
187,EABHCP__ligand2634-0
188,EABHCP__ligand278-0
189,EABHCP__ligand365-0
190,EABHCP__ligand9244-0
191,EABHCP__ligand1228-0
192,EABHCP__ligand1538-0
193,EABHCP__ligand358-0
194,EABHCP__ligand430-0
195,EABHCP__ligand1114-0
196,EABHCP__ligand57-0
197,EABHCP__ligand669-0
198,EABHCP__ligand3246-0
199,EABHCP__ligand73-0
200,EABHCP__ligand509-0
201,EABHCP__ligand571-0
202,EABHCP__ligand670-0
203,EABHCP__ligand118-0
204,EABHCP__ligand1479-0
205,EABHCP__ligand1148-0
206,EABHCP__ligand199-0
207,EABHCP__ligand927-0
208,EABHCP__ligand32-0
209,EABHCP__ligand1171-0
210,EABHCP__ligand5801-0
211,EABHCP__ligand3063-0
212,EABHCP__ligand1438-0
213,EABHCP__ligand575-0
214,EABHCP__ligand1544-0
215,EABHCP__ligand324-0
216,EABHCP__ligand361-0
217,EABHCP__ligand409-0
218,EABHCP__ligand1459-0
219,EABHCP__ligand140-0
220,EABHCP__ligand105-0
221,EABHCP__ligand3757-0
222,EABHCP__ligand2087-0
223,EABHCP__ligand1048-0
224,EABHCP__ligand1685-0
225,EABHCP__ligand6277-0
226,EABHCP__ligand206-0
227,EABHCP__ligand142-0
228,EABHCP__ligand1687-0
229,EABHCP__ligand1951-0
230,EABHCP__ligand436-0
231,EABHCP__ligand51-0
232,EABHCP__ligand2259-0
233,EABHCP__ligand2688-0
234,EABHCP__ligand29-0
235,EABHCP__ligand326-0
236,EABHCP__ligand91-0
237,EABHCP__ligand821-0
238,EABHCP__ligand283-0
239,EABHCP__ligand1376-0
240,EABHCP__ligand2768-0
241,EABHCP__ligand553-0
242,EABHCP__ligand497-0
243,EABHCP__ligand48-0
244,EABHCP__ligand532-0
245,EABHCP__ligand918-0
246,EABHCP__ligand633-0
247,EABHCP__ligand166-0
248,EABHCP__ligand3734-0
249,EABHCP__ligand1706-0
250,EABHCP__ligand4381-0
251,EABHCP__ligand838-0
252,EABHCP__ligand2629-0
253,EABHCP__ligand201-0
254,EABHCP__ligand244-0
255,EABHCP__ligand100-0
256,EABHCP__ligand321-0
257,EABHCP__ligand3637-0
258,EABHCP__ligand8774-0
259,EABHCP__ligand178-0
260,EABHCP__ligand279-0
261,EABHCP__ligand1248-0
262,EABHCP__ligand4303-0
263,EABHCP__ligand1598-0
264,EABHCP__ligand1054-0
265,EABHCP__ligand6294-0
266,EABHCP__ligand119-0
267,EABHCP__ligand124-0
268,EABHCP__ligand7464-0
269,EABHCP__ligand2430-0
270,EABHCP__ligand1703-0
271,EABHCP__ligand126-0
272,EABHCP__ligand2907-0
273,EABHCP__ligand2510-0
274,EABHCP__ligand1567-0
275,EABHCP__ligand2285-0
276,EABHCP__ligand8921-0
277,EABHCP__ligand2862-0
278,EABHCP__ligand1056-0
279,EABHCP__ligand2320-0
280,EABHCP__ligand861-0
281,EABHCP__ligand366-0
282,EABHCP__ligand1607-0
283,EABHCP__ligand187-0
284,EABHCP__ligand11730-0
285,EABHCP__ligand612-0
286,EABHCP__ligand596-0
287,EABHCP__ligand1727-0
288,EABHCP__ligand1152-0
289,EABHCP__ligand11-0
290,EABHCP__ligand4983-0
291,EABHCP__ligand1835-0
292,EABHCP__ligand2794-0
293,EABHCP__ligand2345-0
294,EABHCP__ligand1502-0
295,EABHCP__ligand6396-0
296,EABHCP__ligand2265-0
297,EABHCP__ligand1113-0
298,EABHCP__ligand9027-0
299,EABHCP__ligand89-0
300,EABHCP__ligand1273-0
301,EABHCP__ligand757-0
302,EABHCP__ligand1052-0
303,EABHCP__ligand797-0
304,EABHCP__ligand49-0
305,EABHCP__ligand2864-0
306,EABHCP__ligand2142-0
307,EABHCP__ligand384-0
308,EABHCP__ligand6538-0
309,EABHCP__ligand9495-0
310,EABHCP__ligand2772-0
311,EABHCP__ligand120-0
312,EABHCP__ligand6151-0
313,EABHCP__ligand17-0
314,EABHCP__ligand141-0
315,EABHCP__ligand1799-0
316,EABHCP__ligand3838-0
317,EABHCP__ligand2838-0
318,EABHCP__ligand2880-0
319,EABHCP__ligand5941-0
320,EABHCP__ligand8-0
321,EABHCP__ligand240-0
322,EABHCP__ligand92-0
323,EABHCP__ligand5022-0
324,EABHCP__ligand1169-0
