,TMC
0,WOCMUX__ligand6538-0
1,WOCMUX__ligand9495-0
2,WOCMUX__ligand2772-0
3,WOCMUX__ligand575-0
4,WOCMUX__ligand6151-0
5,WOCMUX__ligand2142-0
6,WOCMUX__ligand17-0
7,WOCMUX__ligand92-0
8,WOCMUX__ligand2864-0
9,WOCMUX__ligand199-0
10,WOCMUX__ligand927-0
11,WOCMUX__ligand5022-0
12,WOCMUX__ligand1169-0
13,WOCMUX__ligand105-0
14,WOCMUX__ligand140-0
15,WOCMUX__ligand1799-0
16,WOCMUX__ligand3838-0
17,WOCMUX__ligand2838-0
18,WOCMUX__ligand2880-0
19,WOCMUX__ligand5941-0
20,WOCMUX__ligand409-0
21,WOCMUX__ligand361-0
22,WOCMUX__ligand324-0
23,WOCMUX__ligand283-0
24,WOCMUX__ligand9027-0
25,WOCMUX__ligand553-0
26,WOCMUX__ligand326-0
27,WOCMUX__ligand6396-0
28,WOCMUX__ligand821-0
29,WOCMUX__ligand2265-0
30,WOCMUX__ligand1113-0
31,WOCMUX__ligand89-0
32,WOCMUX__ligand49-0
33,WOCMUX__ligand1502-0
34,WOCMUX__ligand436-0
35,WOCMUX__ligand4983-0
36,WOCMUX__ligand206-0
37,WOCMUX__ligand1835-0
38,WOCMUX__ligand2794-0
39,WOCMUX__ligand2345-0
40,WOCMUX__ligand142-0
41,WOCMUX__ligand838-0
42,WOCMUX__ligand1052-0
43,WOCMUX__ligand166-0
44,WOCMUX__ligand532-0
45,WOCMUX__ligand633-0
46,WOCMUX__ligand918-0
47,WOCMUX__ligand497-0
48,WOCMUX__ligand1273-0
49,WOCMUX__ligand226-0
50,WOCMUX__ligand2862-0
51,WOCMUX__ligand1056-0
52,WOCMUX__ligand2320-0
53,WOCMUX__ligand162-0
54,WOCMUX__ligand383-0
55,WOCMUX__ligand2510-0
56,WOCMUX__ligand1567-0
57,WOCMUX__ligand2285-0
58,WOCMUX__ligand8921-0
59,WOCMUX__ligand11-0
60,WOCMUX__ligand2907-0
61,WOCMUX__ligand2430-0
62,WOCMUX__ligand1703-0
63,WOCMUX__ligand1152-0
64,WOCMUX__ligand8-0
65,WOCMUX__ligand1727-0
66,WOCMUX__ligand1607-0
67,WOCMUX__ligand8774-0
68,WOCMUX__ligand669-0
69,WOCMUX__ligand3637-0
70,WOCMUX__ligand430-0
71,WOCMUX__ligand358-0
72,WOCMUX__ligand365-0
73,WOCMUX__ligand278-0
74,WOCMUX__ligand7464-0
75,WOCMUX__ligand571-0
76,WOCMUX__ligand118-0
77,WOCMUX__ligand670-0
78,WOCMUX__ligand1054-0
79,WOCMUX__ligand6294-0
80,WOCMUX__ligand509-0
81,WOCMUX__ligand1248-0
82,WOCMUX__ligand4303-0
83,WOCMUX__ligand1598-0
84,WOCMUX__ligand1376-0
85,WOCMUX__ligand2768-0
86,WOCMUX__ligand2259-0
87,WOCMUX__ligand2688-0
88,WOCMUX__ligand48-0
89,WOCMUX__ligand1687-0
90,WOCMUX__ligand1951-0
91,WOCMUX__ligand6277-0
92,WOCMUX__ligand4381-0
93,WOCMUX__ligand51-0
94,WOCMUX__ligand2629-0
95,WOCMUX__ligand797-0
96,WOCMUX__ligand3734-0
97,WOCMUX__ligand1706-0
98,WOCMUX__ligand29-0
99,WOCMUX__ligand757-0
100,WOCMUX__ligand91-0
101,WOCMUX__ligand3063-0
102,WOCMUX__ligand1438-0
103,WOCMUX__ligand120-0
104,WOCMUX__ligand5801-0
105,WOCMUX__ligand384-0
106,WOCMUX__ligand1171-0
107,WOCMUX__ligand32-0
108,WOCMUX__ligand1685-0
109,WOCMUX__ligand3757-0
110,WOCMUX__ligand2087-0
111,WOCMUX__ligand1048-0
112,WOCMUX__ligand141-0
113,WOCMUX__ligand1459-0
114,WOCMUX__ligand240-0
115,WOCMUX__ligand1544-0
116,WOCMUX__ligand178-0
117,WOCMUX__ligand279-0
118,WOCMUX__ligand1538-0
119,WOCMUX__ligand73-0
120,WOCMUX__ligand321-0
121,WOCMUX__ligand1114-0
122,WOCMUX__ligand9244-0
123,WOCMUX__ligand1228-0
124,WOCMUX__ligand244-0
125,WOCMUX__ligand201-0
126,WOCMUX__ligand100-0
127,WOCMUX__ligand1148-0
128,WOCMUX__ligand124-0
129,WOCMUX__ligand1479-0
130,WOCMUX__ligand119-0
131,WOCMUX__ligand3246-0
132,WOCMUX__ligand57-0
133,WOCMUX__ligand1747-0
134,WOCMUX__ligand6686-0
135,WOCMUX__ligand7915-0
136,WOCMUX__ligand5548-0
137,WOCMUX__ligand55-0
138,WOCMUX__ligand3145-0
139,WOCMUX__ligand6332-0
140,WOCMUX__ligand95-0
141,WOCMUX__ligand3178-0
142,WOCMUX__ligand11730-0
143,WOCMUX__ligand2863-0
144,WOCMUX__ligand2098-0
145,WOCMUX__ligand6502-0
146,WOCMUX__ligand126-0
147,WOCMUX__ligand1542-0
148,WOCMUX__ligand2634-0
149,WOCMUX__ligand596-0
150,WOCMUX__ligand3041-0
151,WOCMUX__ligand187-0
152,WOCMUX__ligand2751-0
153,WOCMUX__ligand612-0
154,WOCMUX__ligand861-0
155,WOCMUX__ligand366-0
156,WOCMUX__ligand34-0
157,WOCMUX__ligand2718-0
158,WOCMUX__ligand3070-0
159,WOCMUX__ligand3035-0
160,WOCMUX__ligand133-0
161,WOCMUX__ligand1493-0
162,WOCMUX__ligand447-0
163,WOCMUX__ligand38-0
164,WOCMUX__ligand9176-0
165,WOCMUX__ligand40-0
166,WOCMUX__ligand3251-0
167,WOCMUX__ligand487-0
168,WOCMUX__ligand666-0
169,WOCMUX__ligand4619-0
170,WOCMUX__ligand6143-0
171,WOCMUX__ligand522-0
172,WOCMUX__ligand5235-0
173,WOCMUX__ligand7456-0
174,WOCMUX__ligand21-0
175,WOCMUX__ligand1818-0
176,WOCMUX__ligand3478-0
177,WOCMUX__ligand682-0
178,WOCMUX__ligand3852-0
179,WOCMUX__ligand5758-0
180,WOCMUX__ligand7630-0
181,WOCMUX__ligand115-0
182,WOCMUX__ligand1285-0
183,WOCMUX__ligand1555-0
184,WOCMUX__ligand66-0
185,WOCMUX__ligand4423-0
186,WOCMUX__ligand1907-0
187,WOCMUX__ligand3890-0
188,WOCMUX__ligand291-0
189,WOCMUX__ligand10357-0
190,WOCMUX__ligand15630-0
191,WOCMUX__ligand1160-0
192,WOCMUX__ligand485-0
193,WOCMUX__ligand2253-0
194,WOCMUX__ligand355-0
195,WOCMUX__ligand2954-0
196,WOCMUX__ligand784-0
197,WOCMUX__ligand5093-0
198,WOCMUX__ligand2762-0
199,WOCMUX__ligand1038-0
200,WOCMUX__ligand7550-0
201,WOCMUX__ligand314-0
202,WOCMUX__ligand2915-0
203,WOCMUX__ligand481-0
204,WOCMUX__ligand86-0
205,WOCMUX__ligand391-0
206,WOCMUX__ligand4012-0
207,WOCMUX__ligand3196-0
208,WOCMUX__ligand170-0
209,WOCMUX__ligand3-0
210,WOCMUX__ligand1551-0
211,WOCMUX__ligand2526-0
212,WOCMUX__ligand210-0
213,WOCMUX__ligand2707-0
214,WOCMUX__ligand62-0
215,WOCMUX__ligand1690-0
216,WOCMUX__ligand1436-0
217,WOCMUX__ligand502-0
218,WOCMUX__ligand196-0
219,WOCMUX__ligand2618-0
220,WOCMUX__ligand3618-0
221,WOCMUX__ligand422-0
222,WOCMUX__ligand18-0
223,WOCMUX__ligand4370-0
224,WOCMUX__ligand113-0
225,WOCMUX__ligand1918-0
226,WOCMUX__ligand1-0
227,WOCMUX__ligand236-0
228,WOCMUX__ligand4175-0
229,WOCMUX__ligand2255-0
230,WOCMUX__ligand353-0
231,WOCMUX__ligand14530-0
232,WOCMUX__ligand1788-0
233,WOCMUX__ligand67-0
234,WOCMUX__ligand370-0
235,WOCMUX__ligand3566-0
236,WOCMUX__ligand1178-0
237,WOCMUX__ligand460-0
238,WOCMUX__ligand250-0
239,WOCMUX__ligand1321-0
240,WOCMUX__ligand369-0
241,WOCMUX__ligand10910-0
242,WOCMUX__ligand444-0
243,WOCMUX__ligand4811-0
244,WOCMUX__ligand1449-1
245,WOCMUX__ligand7514-0
246,WOCMUX__ligand3337-0
247,WOCMUX__ligand6-0
248,WOCMUX__ligand188-0
249,WOCMUX__ligand4894-0
250,WOCMUX__ligand1260-0
251,WOCMUX__ligand311-0
252,WOCMUX__ligand9620-0
253,WOCMUX__ligand909-0
254,WOCMUX__ligand851-0
255,WOCMUX__ligand10114-0
256,WOCMUX__ligand1307-0
257,WOCMUX__ligand4-0
258,WOCMUX__ligand934-0
259,WOCMUX__ligand177-0
260,WOCMUX__ligand5089-0
261,WOCMUX__ligand2599-0
262,WOCMUX__ligand955-0
263,WOCMUX__ligand252-0
264,WOCMUX__ligand2853-0
265,WOCMUX__ligand3853-0
266,WOCMUX__ligand6166-0
267,WOCMUX__ligand193-0
268,WOCMUX__ligand10479-0
269,WOCMUX__ligand830-0
270,WOCMUX__ligand1246-0
271,WOCMUX__ligand2480-0
272,WOCMUX__ligand4504-0
273,WOCMUX__ligand3051-0
274,WOCMUX__ligand1898-0
275,WOCMUX__ligand2315-0
276,WOCMUX__ligand112-0
277,WOCMUX__ligand5334-0
278,WOCMUX__ligand1858-0
279,WOCMUX__ligand296-0
280,WOCMUX__ligand8032-0
281,WOCMUX__ligand197-0
282,WOCMUX__ligand3579-0
283,WOCMUX__ligand45-0
284,WOCMUX__ligand2916-0
285,WOCMUX__ligand2110-0
286,WOCMUX__ligand352-0
287,WOCMUX__ligand783-0
288,WOCMUX__ligand1712-0
289,WOCMUX__ligand136-0
290,WOCMUX__ligand2389-0
291,WOCMUX__ligand442-0
292,WOCMUX__ligand78-0
293,WOCMUX__ligand1919-0
294,WOCMUX__ligand85-0
295,WOCMUX__ligand868-0
296,WOCMUX__ligand235-0
297,WOCMUX__ligand932-0
298,WOCMUX__ligand2376-0
299,WOCMUX__ligand134-0
300,WOCMUX__ligand390-0
301,WOCMUX__ligand2929-0
302,WOCMUX__ligand1221-0
303,WOCMUX__ligand1264-0
304,WOCMUX__ligand6430-0
305,WOCMUX__ligand1299-0
306,WOCMUX__ligand109-0
307,WOCMUX__ligand1379-0
308,WOCMUX__ligand560-0
309,WOCMUX__ligand525-0
310,WOCMUX__ligand1104-0
311,WOCMUX__ligand7414-0
312,WOCMUX__ligand5762-0
313,WOCMUX__ligand331-0
314,WOCMUX__ligand993-0
315,WOCMUX__ligand294-0
316,WOCMUX__ligand2442-0
317,WOCMUX__ligand1019-0
318,WOCMUX__ligand584-0
319,WOCMUX__ligand916-0
320,WOCMUX__ligand6571-0
321,WOCMUX__ligand2482-0
322,WOCMUX__ligand1325-0
323,WOCMUX__ligand421-0
324,WOCMUX__ligand798-0
