,TMC
0,AVOSOT__ligand3094-0
1,AVOSOT__ligand4155-0
2,AVOSOT__ligand19-0
3,AVOSOT__ligand5211-0
4,AVOSOT__ligand8969-0
5,AVOSOT__ligand22755-0
6,AVOSOT__ligand1202-0
7,AVOSOT__ligand3937-0
8,AVOSOT__ligand3174-0
9,AVOSOT__ligand3131-0
10,AVOSOT__ligand31618-0
11,AVOSOT__ligand6839-0
12,AVOSOT__ligand11432-0
13,AVOSOT__ligand10432-0
14,AVOSOT__ligand26277-0
15,AVOSOT__ligand29898-0
16,AVOSOT__ligand4720-0
17,AVOSOT__ligand3565-0
18,AVOSOT__ligand15168-0
19,AVOSOT__ligand1512-0
20,AVOSOT__ligand5331-0
21,AVOSOT__ligand3852-0
22,AVOSOT__ligand2485-0
23,AVOSOT__ligand338-0
24,AVOSOT__ligand24-0
25,AVOSOT__ligand23589-0
26,AVOSOT__ligand6919-0
27,AVOSOT__ligand24064-0
28,AVOSOT__ligand1536-0
29,AVOSOT__ligand1573-0
30,AVOSOT__ligand18703-0
31,AVOSOT__ligand201-0
32,AVOSOT__ligand9935-0
33,AVOSOT__ligand3504-0
34,AVOSOT__ligand1959-0
35,AVOSOT__ligand29087-0
36,AVOSOT__ligand4661-0
37,AVOSOT__ligand1844-0
38,AVOSOT__ligand28924-0
39,AVOSOT__ligand45-0
40,AVOSOT__ligand3718-0
41,AVOSOT__ligand3035-0
42,AVOSOT__ligand3876-0
43,AVOSOT__ligand1343-0
44,AVOSOT__ligand6616-0
45,AVOSOT__ligand15438-0
46,AVOSOT__ligand78-0
47,AVOSOT__ligand7106-0
48,AVOSOT__ligand321-0
49,AVOSOT__ligand7242-0
50,AVOSOT__ligand24750-0
51,AVOSOT__ligand31578-0
52,AVOSOT__ligand17207-0
53,AVOSOT__ligand178-0
54,AVOSOT__ligand185-0
55,AVOSOT__ligand17945-0
56,AVOSOT__ligand25224-0
57,AVOSOT__ligand18013-0
58,AVOSOT__ligand279-0
59,AVOSOT__ligand1263-0
60,AVOSOT__ligand9908-0
61,AVOSOT__ligand9784-0
62,AVOSOT__ligand12682-0
63,AVOSOT__ligand18699-0
64,AVOSOT__ligand7629-0
65,AVOSOT__ligand366-0
66,AVOSOT__ligand1451-0
67,AVOSOT__ligand4272-0
68,AVOSOT__ligand4442-0
69,AVOSOT__ligand4093-0
70,AVOSOT__ligand3954-0
71,AVOSOT__ligand17590-0
72,AVOSOT__ligand187-0
73,AVOSOT__ligand8699-0
74,AVOSOT__ligand1160-0
75,AVOSOT__ligand9520-0
76,AVOSOT__ligand17240-0
77,AVOSOT__ligand657-0
78,AVOSOT__ligand12336-0
79,AVOSOT__ligand596-0
80,AVOSOT__ligand941-0
81,AVOSOT__ligand4016-0
82,AVOSOT__ligand13072-0
83,AVOSOT__ligand6709-0
84,AVOSOT__ligand1219-0
85,AVOSOT__ligand7867-0
86,AVOSOT__ligand1790-0
87,AVOSOT__ligand1304-0
88,AVOSOT__ligand7280-0
89,AVOSOT__ligand7238-0
90,AVOSOT__ligand777-0
91,AVOSOT__ligand19725-0
92,AVOSOT__ligand1982-0
93,AVOSOT__ligand7000-0
94,AVOSOT__ligand8115-0
95,AVOSOT__ligand6768-0
96,AVOSOT__ligand24613-0
97,AVOSOT__ligand1285-0
98,AVOSOT__ligand163-0
99,AVOSOT__ligand126-0
100,AVOSOT__ligand10555-0
101,AVOSOT__ligand4503-0
102,AVOSOT__ligand31483-0
103,AVOSOT__ligand4546-0
104,AVOSOT__ligand5256-0
105,AVOSOT__ligand11568-0
106,AVOSOT__ligand9833-0
107,AVOSOT__ligand2828-0
108,AVOSOT__ligand8876-0
109,AVOSOT__ligand20579-0
110,AVOSOT__ligand17710-0
111,AVOSOT__ligand7648-0
112,AVOSOT__ligand4157-0
113,AVOSOT__ligand845-0
114,AVOSOT__ligand11774-0
115,AVOSOT__ligand14586-0
116,AVOSOT__ligand2232-0
117,AVOSOT__ligand9291-0
118,AVOSOT__ligand2176-0
119,AVOSOT__ligand21421-0
120,AVOSOT__ligand67-0
121,AVOSOT__ligand8721-0
122,AVOSOT__ligand1324-0
123,AVOSOT__ligand28668-0
124,AVOSOT__ligand757-0
125,AVOSOT__ligand16791-0
126,AVOSOT__ligand1823-0
127,AVOSOT__ligand5643-0
128,AVOSOT__ligand1615-0
129,AVOSOT__ligand18465-0
130,AVOSOT__ligand5036-0
131,AVOSOT__ligand2526-0
132,AVOSOT__ligand18799-0
133,AVOSOT__ligand122-0
134,AVOSOT__ligand9111-0
135,AVOSOT__ligand9952-0
136,AVOSOT__ligand29863-0
137,AVOSOT__ligand9601-0
138,AVOSOT__ligand18074-0
139,AVOSOT__ligand13869-0
140,AVOSOT__ligand8992-0
141,AVOSOT__ligand4116-0
142,AVOSOT__ligand1018-0
143,AVOSOT__ligand11140-0
144,AVOSOT__ligand7967-0
145,AVOSOT__ligand3707-0
146,AVOSOT__ligand6124-0
147,AVOSOT__ligand29610-0
148,AVOSOT__ligand12467-0
149,AVOSOT__ligand2915-0
150,AVOSOT__ligand25267-0
151,AVOSOT__ligand4-0
152,AVOSOT__ligand3156-0
153,AVOSOT__ligand10084-0
154,AVOSOT__ligand1378-0
155,AVOSOT__ligand23904-0
156,AVOSOT__ligand13257-0
157,AVOSOT__ligand6244-0
158,AVOSOT__ligand21936-0
159,AVOSOT__ligand2332-0
160,AVOSOT__ligand25805-0
161,AVOSOT__ligand22981-0
162,AVOSOT__ligand20599-0
163,AVOSOT__ligand9441-0
164,AVOSOT__ligand27074-0
165,AVOSOT__ligand43-0
166,AVOSOT__ligand693-0
167,AVOSOT__ligand27169-0
168,AVOSOT__ligand14523-0
169,AVOSOT__ligand9933-0
170,AVOSOT__ligand1530-0
171,AVOSOT__ligand1575-0
172,AVOSOT__ligand18391-0
173,AVOSOT__ligand1631-0
174,AVOSOT__ligand12295-0
175,AVOSOT__ligand27835-0
176,AVOSOT__ligand4620-0
177,AVOSOT__ligand141-0
178,AVOSOT__ligand21787-0
179,AVOSOT__ligand6067-0
180,AVOSOT__ligand1577-0
181,AVOSOT__ligand2295-0
182,AVOSOT__ligand25575-0
183,AVOSOT__ligand25689-0
184,AVOSOT__ligand240-0
185,AVOSOT__ligand7819-0
186,AVOSOT__ligand2917-0
187,AVOSOT__ligand30539-0
188,AVOSOT__ligand21132-0
189,AVOSOT__ligand3465-0
190,AVOSOT__ligand11166-0
191,AVOSOT__ligand6904-0
192,AVOSOT__ligand3721-0
193,AVOSOT__ligand6596-0
194,AVOSOT__ligand23906-0
195,AVOSOT__ligand6102-0
196,AVOSOT__ligand3234-0
197,AVOSOT__ligand1142-0
198,AVOSOT__ligand11206-0
199,AVOSOT__ligand2028-0
200,AVOSOT__ligand8835-0
201,AVOSOT__ligand7126-0
202,AVOSOT__ligand23124-0
203,AVOSOT__ligand768-0
204,AVOSOT__ligand12519-0
205,AVOSOT__ligand25735-0
206,AVOSOT__ligand13209-0
207,AVOSOT__ligand19257-0
208,AVOSOT__ligand4641-0
209,AVOSOT__ligand384-0
210,AVOSOT__ligand12660-0
211,AVOSOT__ligand31248-0
212,AVOSOT__ligand25650-0
213,AVOSOT__ligand2830-0
214,AVOSOT__ligand12606-0
215,AVOSOT__ligand5627-0
216,AVOSOT__ligand30333-0
217,AVOSOT__ligand1729-0
218,AVOSOT__ligand12337-0
219,AVOSOT__ligand29410-0
220,AVOSOT__ligand26540-0
221,AVOSOT__ligand5483-0
222,AVOSOT__ligand17281-0
223,AVOSOT__ligand696-0
224,AVOSOT__ligand5316-0
225,AVOSOT__ligand30296-0
226,AVOSOT__ligand1-0
227,AVOSOT__ligand9148-0
228,AVOSOT__ligand16628-0
229,AVOSOT__ligand28468-0
230,AVOSOT__ligand20740-0
231,AVOSOT__ligand12427-0
232,AVOSOT__ligand656-0
233,AVOSOT__ligand7529-0
234,AVOSOT__ligand27460-0
235,AVOSOT__ligand1415-0
236,AVOSOT__ligand6946-0
237,AVOSOT__ligand30988-0
238,AVOSOT__ligand6455-0
239,AVOSOT__ligand6882-0
240,AVOSOT__ligand18832-0
241,AVOSOT__ligand27175-0
242,AVOSOT__ligand3934-0
243,AVOSOT__ligand23713-0
244,AVOSOT__ligand19641-0
245,AVOSOT__ligand15422-0
246,AVOSOT__ligand12934-0
247,AVOSOT__ligand20578-0
248,AVOSOT__ligand2403-0
249,AVOSOT__ligand27893-0
250,AVOSOT__ligand14723-0
251,AVOSOT__ligand383-0
252,AVOSOT__ligand31783-0
253,AVOSOT__ligand1065-0
254,AVOSOT__ligand7530-0
255,AVOSOT__ligand416-0
256,AVOSOT__ligand1449-0
257,AVOSOT__ligand3012-0
258,AVOSOT__ligand4332-0
259,AVOSOT__ligand26665-0
260,AVOSOT__ligand226-0
261,AVOSOT__ligand17631-0
262,AVOSOT__ligand13012-0
263,AVOSOT__ligand17258-0
264,AVOSOT__ligand162-0
265,AVOSOT__ligand14297-0
266,AVOSOT__ligand9681-0
267,AVOSOT__ligand14603-0
268,AVOSOT__ligand4194-0
269,AVOSOT__ligand17805-0
270,AVOSOT__ligand7532-0
271,AVOSOT__ligand17302-0
272,AVOSOT__ligand25178-0
273,AVOSOT__ligand2599-0
274,AVOSOT__ligand23769-0
275,AVOSOT__ligand4330-0
276,AVOSOT__ligand24185-0
277,AVOSOT__ligand19830-0
278,AVOSOT__ligand3973-0
279,AVOSOT__ligand13068-0
280,AVOSOT__ligand534-0
281,AVOSOT__ligand571-0
282,AVOSOT__ligand10476-0
283,AVOSOT__ligand24145-0
284,AVOSOT__ligand1147-0
285,AVOSOT__ligand15585-0
286,AVOSOT__ligand12401-0
287,AVOSOT__ligand670-0
288,AVOSOT__ligand12231-0
289,AVOSOT__ligand17387-0
290,AVOSOT__ligand12130-0
291,AVOSOT__ligand2068-0
292,AVOSOT__ligand12289-0
293,AVOSOT__ligand18292-0
294,AVOSOT__ligand18-0
295,AVOSOT__ligand7925-0
296,AVOSOT__ligand13658-0
297,AVOSOT__ligand26702-0
298,AVOSOT__ligand29302-0
299,AVOSOT__ligand13425-0
300,AVOSOT__ligand3215-0
301,AVOSOT__ligand18814-0
302,AVOSOT__ligand3-0
303,AVOSOT__ligand19057-0
304,AVOSOT__ligand27763-0
305,AVOSOT__ligand7107-0
306,AVOSOT__ligand10262-0
307,AVOSOT__ligand28676-0
308,AVOSOT__ligand10958-0
309,AVOSOT__ligand488-0
310,AVOSOT__ligand430-0
311,AVOSOT__ligand12641-0
312,AVOSOT__ligand6283-0
313,AVOSOT__ligand358-0
314,AVOSOT__ligand6062-0
315,AVOSOT__ligand694-0
316,AVOSOT__ligand14108-0
317,AVOSOT__ligand4813-0
318,AVOSOT__ligand5813-0
319,AVOSOT__ligand4738-0
320,AVOSOT__ligand1712-0
321,AVOSOT__ligand4131-0
322,AVOSOT__ligand25411-0
323,AVOSOT__ligand409-0
324,AVOSOT__ligand38-0
325,AVOSOT__ligand361-0
326,AVOSOT__ligand324-0
327,AVOSOT__ligand11456-0
328,AVOSOT__ligand5892-0
329,AVOSOT__ligand5094-0
330,AVOSOT__ligand14174-0
331,AVOSOT__ligand10712-0
332,AVOSOT__ligand28884-0
333,AVOSOT__ligand13331-0
334,AVOSOT__ligand29879-0
335,AVOSOT__ligand1533-0
336,AVOSOT__ligand14248-0
337,AVOSOT__ligand12030-0
338,AVOSOT__ligand13294-0
339,AVOSOT__ligand31832-0
340,AVOSOT__ligand1496-0
341,AVOSOT__ligand7557-0
342,AVOSOT__ligand199-0
343,AVOSOT__ligand2208-0
344,AVOSOT__ligand3208-0
345,AVOSOT__ligand3350-0
346,AVOSOT__ligand13208-0
347,AVOSOT__ligand2781-0
348,AVOSOT__ligand7573-0
349,AVOSOT__ligand1327-0
350,AVOSOT__ligand26810-0
351,AVOSOT__ligand6672-0
352,AVOSOT__ligand9809-0
353,AVOSOT__ligand27482-0
354,AVOSOT__ligand8722-0
355,AVOSOT__ligand3029-0
356,AVOSOT__ligand300-0
357,AVOSOT__ligand20682-0
358,AVOSOT__ligand7162-0
359,AVOSOT__ligand2328-0
360,AVOSOT__ligand4581-0
361,AVOSOT__ligand1773-0
362,AVOSOT__ligand588-0
363,AVOSOT__ligand1900-0
364,AVOSOT__ligand9197-0
365,AVOSOT__ligand13390-0
366,AVOSOT__ligand21581-0
367,AVOSOT__ligand31097-0
368,AVOSOT__ligand4911-0
369,AVOSOT__ligand1771-0
370,AVOSOT__ligand497-0
371,AVOSOT__ligand20251-0
372,AVOSOT__ligand30702-0
373,AVOSOT__ligand20214-0
374,AVOSOT__ligand3392-0
375,AVOSOT__ligand20539-0
376,AVOSOT__ligand14117-0
377,AVOSOT__ligand633-0
378,AVOSOT__ligand17261-0
379,AVOSOT__ligand5849-0
380,AVOSOT__ligand2527-0
381,AVOSOT__ligand28789-0
382,AVOSOT__ligand21371-0
383,AVOSOT__ligand17118-0
384,AVOSOT__ligand20419-0
385,AVOSOT__ligand66-0
386,AVOSOT__ligand14889-0
387,AVOSOT__ligand30851-0
388,AVOSOT__ligand8464-0
389,AVOSOT__ligand1709-0
390,AVOSOT__ligand29568-0
391,AVOSOT__ligand8349-0
392,AVOSOT__ligand692-0
393,AVOSOT__ligand1688-0
394,AVOSOT__ligand3647-0
395,AVOSOT__ligand5357-0
396,AVOSOT__ligand17982-0
397,AVOSOT__ligand29414-0
398,AVOSOT__ligand4850-0
399,AVOSOT__ligand20011-0
400,AVOSOT__ligand17278-0
401,AVOSOT__ligand5056-0
402,AVOSOT__ligand24047-0
403,AVOSOT__ligand10589-0
404,AVOSOT__ligand22557-0
405,AVOSOT__ligand20598-0
406,AVOSOT__ligand1768-0
407,AVOSOT__ligand11675-0
408,AVOSOT__ligand3871-0
409,AVOSOT__ligand17398-0
410,AVOSOT__ligand436-0
411,AVOSOT__ligand42-0
412,AVOSOT__ligand1469-0
413,AVOSOT__ligand1379-0
414,AVOSOT__ligand326-0
415,AVOSOT__ligand2722-0
416,AVOSOT__ligand16475-0
417,AVOSOT__ligand14703-0
418,AVOSOT__ligand5935-0
419,AVOSOT__ligand1165-0
420,AVOSOT__ligand9525-0
421,AVOSOT__ligand20251-1
422,AVOSOT__ligand3157-0
423,AVOSOT__ligand29215-0
424,AVOSOT__ligand868-0
425,AVOSOT__ligand8529-0
426,AVOSOT__ligand1169-0
427,AVOSOT__ligand21399-0
428,AVOSOT__ligand10872-0
429,AVOSOT__ligand26631-0
430,AVOSOT__ligand16148-0
431,AVOSOT__ligand12003-0
432,AVOSOT__ligand9615-0
433,AVOSOT__ligand1154-0
434,AVOSOT__ligand22403-0
435,AVOSOT__ligand16369-0
436,AVOSOT__ligand4596-0
437,AVOSOT__ligand28540-0
438,AVOSOT__ligand11111-0
439,AVOSOT__ligand1498-0
440,AVOSOT__ligand27754-0
441,AVOSOT__ligand20695-0
442,AVOSOT__ligand352-0
443,AVOSOT__ligand783-0
444,AVOSOT__ligand2692-0
445,AVOSOT__ligand26529-0
446,AVOSOT__ligand1618-0
447,AVOSOT__ligand197-0
448,AVOSOT__ligand4262-0
449,AVOSOT__ligand1028-0
450,AVOSOT__ligand11618-0
451,AVOSOT__ligand28559-0
452,AVOSOT__ligand26324-0
453,AVOSOT__ligand1050-0
454,AVOSOT__ligand1015-0
455,AVOSOT__ligand14043-0
456,AVOSOT__ligand2027-0
457,AVOSOT__ligand19927-0
458,AVOSOT__ligand57-0
459,AVOSOT__ligand21729-0
460,AVOSOT__ligand27239-0
461,AVOSOT__ligand421-0
462,AVOSOT__ligand55-0
463,AVOSOT__ligand22129-0
464,AVOSOT__ligand12138-0
465,AVOSOT__ligand2823-0
466,AVOSOT__ligand24780-0
467,AVOSOT__ligand11949-0
468,AVOSOT__ligand6995-0
469,AVOSOT__ligand3180-0
470,AVOSOT__ligand2281-0
471,AVOSOT__ligand2650-0
472,AVOSOT__ligand25561-0
473,AVOSOT__ligand4340-0
474,AVOSOT__ligand685-0
475,AVOSOT__ligand29486-0
476,AVOSOT__ligand5415-0
477,AVOSOT__ligand294-0
478,AVOSOT__ligand31694-0
479,AVOSOT__ligand4124-0
480,AVOSOT__ligand3471-0
481,AVOSOT__ligand4161-0
482,AVOSOT__ligand17427-0
483,AVOSOT__ligand68-0
484,AVOSOT__ligand24111-0
485,AVOSOT__ligand1113-0
486,AVOSOT__ligand22444-0
487,AVOSOT__ligand8553-0
488,AVOSOT__ligand14569-0
489,AVOSOT__ligand560-0
490,AVOSOT__ligand13385-0
491,AVOSOT__ligand17396-0
492,AVOSOT__ligand23175-0
493,AVOSOT__ligand5201-0
494,AVOSOT__ligand15788-0
495,AVOSOT__ligand11587-0
496,AVOSOT__ligand13220-0
497,AVOSOT__ligand7566-0
498,AVOSOT__ligand24872-0
499,AVOSOT__ligand27840-0
500,AVOSOT__ligand2001-0
501,AVOSOT__ligand34-0
502,AVOSOT__ligand30728-0
503,AVOSOT__ligand9944-0
504,AVOSOT__ligand8593-0
505,AVOSOT__ligand12001-0
506,AVOSOT__ligand235-0
507,AVOSOT__ligand10033-0
508,AVOSOT__ligand134-0
509,AVOSOT__ligand24644-0
510,AVOSOT__ligand1849-0
511,AVOSOT__ligand311-0
512,AVOSOT__ligand785-0
513,AVOSOT__ligand11682-0
514,AVOSOT__ligand30711-0
515,AVOSOT__ligand20207-0
516,AVOSOT__ligand479-0
517,AVOSOT__ligand48-0
518,AVOSOT__ligand1216-0
519,AVOSOT__ligand564-0
520,AVOSOT__ligand3261-0
521,AVOSOT__ligand16988-0
522,AVOSOT__ligand1152-0
523,AVOSOT__ligand25913-0
524,AVOSOT__ligand370-1
525,AVOSOT__ligand5019-0
526,AVOSOT__ligand620-0
527,AVOSOT__ligand14614-0
528,AVOSOT__ligand16663-0
529,AVOSOT__ligand188-0
530,AVOSOT__ligand5515-0
531,AVOSOT__ligand6663-0
532,AVOSOT__ligand31842-0
533,AVOSOT__ligand31044-0
534,AVOSOT__ligand11994-0
535,AVOSOT__ligand5614-0
536,AVOSOT__ligand5280-0
537,AVOSOT__ligand1831-0
538,AVOSOT__ligand24035-0
539,AVOSOT__ligand4795-0
540,AVOSOT__ligand3285-0
541,AVOSOT__ligand11357-0
542,AVOSOT__ligand13862-0
543,AVOSOT__ligand250-0
544,AVOSOT__ligand15531-0
545,AVOSOT__ligand28743-0
546,AVOSOT__ligand1908-0
547,AVOSOT__ligand10056-0
548,AVOSOT__ligand12365-0
549,AVOSOT__ligand21919-0
550,AVOSOT__ligand5630-0
551,AVOSOT__ligand51-0
552,AVOSOT__ligand28930-0
553,AVOSOT__ligand22168-0
554,AVOSOT__ligand22294-0
555,AVOSOT__ligand1786-0
556,AVOSOT__ligand6112-0
557,AVOSOT__ligand370-0
558,AVOSOT__ligand15883-0
559,AVOSOT__ligand8042-0
560,AVOSOT__ligand1397-0
561,AVOSOT__ligand7213-0
562,AVOSOT__ligand91-0
563,AVOSOT__ligand11970-0
564,AVOSOT__ligand1828-0
565,AVOSOT__ligand15926-0
566,AVOSOT__ligand19792-0
567,AVOSOT__ligand4710-0
568,AVOSOT__ligand5755-0
569,AVOSOT__ligand10828-0
570,AVOSOT__ligand28810-0
571,AVOSOT__ligand11447-0
572,AVOSOT__ligand11096-0
573,AVOSOT__ligand3144-0
574,AVOSOT__ligand24230-0
575,AVOSOT__ligand5085-0
576,AVOSOT__ligand830-0
577,AVOSOT__ligand4167-0
578,AVOSOT__ligand372-0
579,AVOSOT__ligand9491-0
580,AVOSOT__ligand1400-0
581,AVOSOT__ligand4266-0
582,AVOSOT__ligand30142-0
583,AVOSOT__ligand193-0
584,AVOSOT__ligand27669-0
585,AVOSOT__ligand1288-0
586,AVOSOT__ligand14167-0
587,AVOSOT__ligand13477-0
588,AVOSOT__ligand1149-0
589,AVOSOT__ligand116-0
590,AVOSOT__ligand3557-0
591,AVOSOT__ligand3980-0
592,AVOSOT__ligand252-0
593,AVOSOT__ligand27285-0
594,AVOSOT__ligand7075-0
595,AVOSOT__ligand29029-0
596,AVOSOT__ligand9750-0
597,AVOSOT__ligand16-0
598,AVOSOT__ligand23197-0
599,AVOSOT__ligand1817-0
600,AVOSOT__ligand6993-0
601,AVOSOT__ligand1779-0
602,AVOSOT__ligand10371-0
603,AVOSOT__ligand4063-0
604,AVOSOT__ligand177-0
605,AVOSOT__ligand8200-0
606,AVOSOT__ligand7438-0
607,AVOSOT__ligand28685-0
608,AVOSOT__ligand18568-0
609,AVOSOT__ligand13672-0
610,AVOSOT__ligand32-0
611,AVOSOT__ligand3042-0
612,AVOSOT__ligand4207-0
613,AVOSOT__ligand19184-0
614,AVOSOT__ligand3416-0
615,AVOSOT__ligand3453-0
616,AVOSOT__ligand18448-0
617,AVOSOT__ligand12453-0
618,AVOSOT__ligand1150-0
619,AVOSOT__ligand28459-0
620,AVOSOT__ligand909-0
621,AVOSOT__ligand1539-0
622,AVOSOT__ligand30788-0
623,AVOSOT__ligand13691-0
624,AVOSOT__ligand6117-0
625,AVOSOT__ligand1407-0
626,AVOSOT__ligand14339-0
627,AVOSOT__ligand69-0
628,AVOSOT__ligand5509-0
629,AVOSOT__ligand8002-0
630,AVOSOT__ligand7762-0
631,AVOSOT__ligand5080-0
632,AVOSOT__ligand21752-0
633,AVOSOT__ligand314-1
634,AVOSOT__ligand20844-0
635,AVOSOT__ligand18413-0
636,AVOSOT__ligand24624-0
637,AVOSOT__ligand2238-0
638,AVOSOT__ligand5304-0
639,AVOSOT__ligand18757-0
640,AVOSOT__ligand24560-0
641,AVOSOT__ligand9167-0
642,AVOSOT__ligand465-0
643,AVOSOT__ligand11-0
644,AVOSOT__ligand2822-0
645,AVOSOT__ligand7293-0
646,AVOSOT__ligand1317-0
647,AVOSOT__ligand3867-0
648,AVOSOT__ligand5099-0
649,AVOSOT__ligand8592-0
650,AVOSOT__ligand1197-0
651,AVOSOT__ligand2259-0
652,AVOSOT__ligand618-0
653,AVOSOT__ligand1296-0
654,AVOSOT__ligand391-0
655,AVOSOT__ligand20557-0
656,AVOSOT__ligand30004-0
657,AVOSOT__ligand5510-0
658,AVOSOT__ligand1376-0
659,AVOSOT__ligand9773-0
660,AVOSOT__ligand780-0
661,AVOSOT__ligand314-0
662,AVOSOT__ligand25048-0
663,AVOSOT__ligand813-0
664,AVOSOT__ligand21940-0
665,AVOSOT__ligand4101-0
666,AVOSOT__ligand5595-0
667,AVOSOT__ligand23445-0
668,AVOSOT__ligand24953-0
669,AVOSOT__ligand2221-0
670,AVOSOT__ligand3120-0
671,AVOSOT__ligand3926-0
672,AVOSOT__ligand27122-0
673,AVOSOT__ligand20432-0
674,AVOSOT__ligand16133-0
675,AVOSOT__ligand13755-0
676,AVOSOT__ligand4358-0
677,AVOSOT__ligand2881-0
678,AVOSOT__ligand17445-0
679,AVOSOT__ligand1499-0
680,AVOSOT__ligand3712-0
681,AVOSOT__ligand1464-0
682,AVOSOT__ligand17069-0
683,AVOSOT__ligand353-0
684,AVOSOT__ligand14477-0
685,AVOSOT__ligand11798-0
686,AVOSOT__ligand1211-0
687,AVOSOT__ligand12413-0
688,AVOSOT__ligand29334-0
689,AVOSOT__ligand6892-0
690,AVOSOT__ligand20731-0
691,AVOSOT__ligand22357-0
692,AVOSOT__ligand1294-0
693,AVOSOT__ligand11758-0
694,AVOSOT__ligand1168-0
695,AVOSOT__ligand3632-0
696,AVOSOT__ligand3677-0
697,AVOSOT__ligand21448-0
698,AVOSOT__ligand8-0
699,AVOSOT__ligand11544-0
700,AVOSOT__ligand11501-0
701,AVOSOT__ligand29214-0
702,AVOSOT__ligand6699-0
703,AVOSOT__ligand393-0
704,AVOSOT__ligand686-0
705,AVOSOT__ligand9299-0
706,AVOSOT__ligand2985-0
707,AVOSOT__ligand27550-0
708,AVOSOT__ligand4007-0
709,AVOSOT__ligand18019-1
710,AVOSOT__ligand14007-0
711,AVOSOT__ligand9883-0
712,AVOSOT__ligand3677-1
713,AVOSOT__ligand7291-0
714,AVOSOT__ligand422-0
715,AVOSOT__ligand18158-0
716,AVOSOT__ligand8000-0
717,AVOSOT__ligand3736-0
718,AVOSOT__ligand27771-0
719,AVOSOT__ligand9344-0
720,AVOSOT__ligand29565-0
721,AVOSOT__ligand23682-0
722,AVOSOT__ligand2693-0
723,AVOSOT__ligand5383-0
724,AVOSOT__ligand3945-0
725,AVOSOT__ligand20942-1
726,AVOSOT__ligand196-0
727,AVOSOT__ligand16956-0
728,AVOSOT__ligand14226-0
729,AVOSOT__ligand21339-0
730,AVOSOT__ligand20530-0
731,AVOSOT__ligand11698-0
732,AVOSOT__ligand14302-0
733,AVOSOT__ligand13657-0
734,AVOSOT__ligand14347-0
735,AVOSOT__ligand17-0
736,AVOSOT__ligand24851-0
737,AVOSOT__ligand9450-0
738,AVOSOT__ligand29441-0
739,AVOSOT__ligand1599-0
740,AVOSOT__ligand10853-0
741,AVOSOT__ligand152-0
742,AVOSOT__ligand27610-0
743,AVOSOT__ligand10479-0
744,AVOSOT__ligand2612-0
745,AVOSOT__ligand11479-0
746,AVOSOT__ligand506-0
747,AVOSOT__ligand16952-0
748,AVOSOT__ligand29813-0
749,AVOSOT__ligand2203-0
750,AVOSOT__ligand5387-0
751,AVOSOT__ligand1289-0
752,AVOSOT__ligand15387-0
753,AVOSOT__ligand20121-0
754,AVOSOT__ligand20220-0
755,AVOSOT__ligand1114-0
756,AVOSOT__ligand9284-0
757,AVOSOT__ligand3126-0
758,AVOSOT__ligand6391-0
759,AVOSOT__ligand2417-0
760,AVOSOT__ligand487-0
761,AVOSOT__ligand10151-0
762,AVOSOT__ligand746-0
763,AVOSOT__ligand8788-0
764,AVOSOT__ligand1832-0
765,AVOSOT__ligand19668-0
766,AVOSOT__ligand447-0
767,AVOSOT__ligand2043-0
768,AVOSOT__ligand19906-0
769,AVOSOT__ligand9943-0
770,AVOSOT__ligand1228-0
771,AVOSOT__ligand22353-0
772,AVOSOT__ligand1604-0
773,AVOSOT__ligand176-0
774,AVOSOT__ligand5180-0
775,AVOSOT__ligand368-0
776,AVOSOT__ligand31000-0
777,AVOSOT__ligand89-0
778,AVOSOT__ligand11606-0
779,AVOSOT__ligand395-0
780,AVOSOT__ligand5708-0
781,AVOSOT__ligand7316-0
782,AVOSOT__ligand20821-0
783,AVOSOT__ligand6017-0
784,AVOSOT__ligand26673-0
785,AVOSOT__ligand19824-0
786,AVOSOT__ligand2124-0
787,AVOSOT__ligand18067-0
788,AVOSOT__ligand8612-0
789,AVOSOT__ligand1153-0
790,AVOSOT__ligand3225-0
791,AVOSOT__ligand1116-0
792,AVOSOT__ligand7092-0
793,AVOSOT__ligand2260-0
794,AVOSOT__ligand10582-0
795,AVOSOT__ligand13260-0
796,AVOSOT__ligand9323-0
797,AVOSOT__ligand7273-0
798,AVOSOT__ligand784-0
799,AVOSOT__ligand11252-0
800,AVOSOT__ligand49-0
801,AVOSOT__ligand7172-0
802,AVOSOT__ligand25658-0
803,AVOSOT__ligand17686-0
804,AVOSOT__ligand31205-0
805,AVOSOT__ligand4711-0
806,AVOSOT__ligand3244-0
807,AVOSOT__ligand2906-0
808,AVOSOT__ligand15455-0
809,AVOSOT__ligand8793-0
810,AVOSOT__ligand833-0
811,AVOSOT__ligand2788-0
812,AVOSOT__ligand5649-0
813,AVOSOT__ligand11177-0
814,AVOSOT__ligand4649-0
815,AVOSOT__ligand11622-0
816,AVOSOT__ligand5159-0
817,AVOSOT__ligand7196-0
818,AVOSOT__ligand9753-0
819,AVOSOT__ligand16870-0
820,AVOSOT__ligand5530-0
821,AVOSOT__ligand1356-0
822,AVOSOT__ligand1787-0
823,AVOSOT__ligand16603-0
824,AVOSOT__ligand3178-0
825,AVOSOT__ligand4807-0
826,AVOSOT__ligand11814-0
827,AVOSOT__ligand115-0
