,TMC
0,HADBOG__ligand112-0
1,HADBOG__ligand11730-0
2,HADBOG__ligand4381-0
3,HADBOG__ligand296-0
4,HADBOG__ligand197-0
5,HADBOG__ligand2629-0
6,HADBOG__ligand66-0
7,HADBOG__ligand3734-0
8,HADBOG__ligand1706-0
9,HADBOG__ligand1687-0
10,HADBOG__ligand1951-0
11,HADBOG__ligand6277-0
12,HADBOG__ligand783-0
13,HADBOG__ligand352-0
14,HADBOG__ligand2768-0
15,HADBOG__ligand442-0
16,HADBOG__ligand1376-0
17,HADBOG__ligand868-0
18,HADBOG__ligand136-0
19,HADBOG__ligand2259-0
20,HADBOG__ligand2688-0
21,HADBOG__ligand390-0
22,HADBOG__ligand38-0
23,HADBOG__ligand1459-0
24,HADBOG__ligand235-0
25,HADBOG__ligand1544-0
26,HADBOG__ligand932-0
27,HADBOG__ligand134-0
28,HADBOG__ligand109-0
29,HADBOG__ligand1685-0
30,HADBOG__ligand560-0
31,HADBOG__ligand525-0
32,HADBOG__ligand40-0
33,HADBOG__ligand3757-0
34,HADBOG__ligand1048-0
35,HADBOG__ligand2087-0
36,HADBOG__ligand993-0
37,HADBOG__ligand1171-0
38,HADBOG__ligand294-0
39,HADBOG__ligand331-0
40,HADBOG__ligand21-0
41,HADBOG__ligand1438-0
42,HADBOG__ligand798-0
43,HADBOG__ligand421-0
44,HADBOG__ligand3063-0
45,HADBOG__ligand916-0
46,HADBOG__ligand584-0
47,HADBOG__ligand5801-0
48,HADBOG__ligand370-0
49,HADBOG__ligand3246-0
50,HADBOG__ligand250-0
51,HADBOG__ligand1148-0
52,HADBOG__ligand1479-0
53,HADBOG__ligand460-0
54,HADBOG__ligand18-0
55,HADBOG__ligand9244-0
56,HADBOG__ligand3-0
57,HADBOG__ligand1228-0
58,HADBOG__ligand188-0
59,HADBOG__ligand444-0
60,HADBOG__ligand369-0
61,HADBOG__ligand311-0
62,HADBOG__ligand1538-0
63,HADBOG__ligand1114-0
64,HADBOG__ligand2751-0
65,HADBOG__ligand851-0
66,HADBOG__ligand909-0
67,HADBOG__ligand2634-0
68,HADBOG__ligand1542-0
69,HADBOG__ligand934-0
70,HADBOG__ligand1-0
71,HADBOG__ligand177-0
72,HADBOG__ligand86-0
73,HADBOG__ligand3041-0
74,HADBOG__ligand955-0
75,HADBOG__ligand6332-0
76,HADBOG__ligand3178-0
77,HADBOG__ligand252-0
78,HADBOG__ligand2863-0
79,HADBOG__ligand6502-0
80,HADBOG__ligand2098-0
81,HADBOG__ligand1747-0
82,HADBOG__ligand6686-0
83,HADBOG__ligand830-0
84,HADBOG__ligand5548-0
85,HADBOG__ligand62-0
86,HADBOG__ligand7915-0
87,HADBOG__ligand3145-0
88,HADBOG__ligand193-0
89,HADBOG__ligand2838-0
90,HADBOG__ligand1799-0
91,HADBOG__ligand3838-0
92,HADBOG__ligand314-0
93,HADBOG__ligand481-0
94,HADBOG__ligand2880-0
95,HADBOG__ligand5941-0
96,HADBOG__ligand1169-0
97,HADBOG__ligand5022-0
98,HADBOG__ligand6-0
99,HADBOG__ligand170-0
100,HADBOG__ligand391-0
101,HADBOG__ligand210-0
102,HADBOG__ligand2864-0
103,HADBOG__ligand6538-0
104,HADBOG__ligand6151-0
105,HADBOG__ligand2772-0
106,HADBOG__ligand9495-0
107,HADBOG__ligand2142-0
108,HADBOG__ligand67-0
109,HADBOG__ligand1273-0
110,HADBOG__ligand502-0
111,HADBOG__ligand196-0
112,HADBOG__ligand113-0
113,HADBOG__ligand1052-0
114,HADBOG__ligand422-0
115,HADBOG__ligand4-0
116,HADBOG__ligand236-0
117,HADBOG__ligand1502-0
118,HADBOG__ligand4983-0
119,HADBOG__ligand2794-0
120,HADBOG__ligand2345-0
121,HADBOG__ligand1835-0
122,HADBOG__ligand353-0
123,HADBOG__ligand9027-0
124,HADBOG__ligand6396-0
125,HADBOG__ligand1113-0
126,HADBOG__ligand2265-0
127,HADBOG__ligand447-0
128,HADBOG__ligand133-0
129,HADBOG__ligand1607-0
130,HADBOG__ligand1152-0
131,HADBOG__ligand666-0
132,HADBOG__ligand522-0
133,HADBOG__ligand1727-0
134,HADBOG__ligand487-0
135,HADBOG__ligand2907-0
136,HADBOG__ligand1703-0
137,HADBOG__ligand2430-0
138,HADBOG__ligand2862-0
139,HADBOG__ligand2320-0
140,HADBOG__ligand1056-0
141,HADBOG__ligand2510-0
142,HADBOG__ligand8921-0
143,HADBOG__ligand682-0
144,HADBOG__ligand2285-0
145,HADBOG__ligand1567-0
146,HADBOG__ligand1054-0
147,HADBOG__ligand6294-0
148,HADBOG__ligand4303-0
149,HADBOG__ligand1248-0
150,HADBOG__ligand115-0
151,HADBOG__ligand1598-0
152,HADBOG__ligand7464-0
153,HADBOG__ligand291-0
154,HADBOG__ligand485-0
155,HADBOG__ligand45-0
156,HADBOG__ligand784-0
157,HADBOG__ligand355-0
158,HADBOG__ligand78-0
159,HADBOG__ligand8774-0
160,HADBOG__ligand85-0
161,HADBOG__ligand3637-0
162,HADBOG__ligand321-0
163,HADBOG__ligand89-0
164,HADBOG__ligand178-0
165,HADBOG__ligand9620-0
166,HADBOG__ligand279-0
167,HADBOG__ligand4894-0
168,HADBOG__ligand1260-0
169,HADBOG__ligand244-0
170,HADBOG__ligand201-0
171,HADBOG__ligand4811-0
172,HADBOG__ligand1449-1
173,HADBOG__ligand100-0
174,HADBOG__ligand3337-0
175,HADBOG__ligand7514-0
176,HADBOG__ligand49-0
177,HADBOG__ligand1178-0
178,HADBOG__ligand3566-0
179,HADBOG__ligand124-0
180,HADBOG__ligand1321-0
181,HADBOG__ligand1788-0
182,HADBOG__ligand119-0
183,HADBOG__ligand6166-0
184,HADBOG__ligand17-0
185,HADBOG__ligand1246-0
186,HADBOG__ligand2599-0
187,HADBOG__ligand5089-0
188,HADBOG__ligand126-0
189,HADBOG__ligand92-0
190,HADBOG__ligand3853-0
191,HADBOG__ligand2853-0
192,HADBOG__ligand596-0
193,HADBOG__ligand1307-0
194,HADBOG__ligand861-0
195,HADBOG__ligand366-0
196,HADBOG__ligand187-0
197,HADBOG__ligand612-0
198,HADBOG__ligand2389-0
199,HADBOG__ligand1919-0
200,HADBOG__ligand3579-0
201,HADBOG__ligand8-0
202,HADBOG__ligand2916-0
203,HADBOG__ligand2110-0
204,HADBOG__ligand10114-0
205,HADBOG__ligand1712-0
206,HADBOG__ligand1858-0
207,HADBOG__ligand797-0
208,HADBOG__ligand8032-0
209,HADBOG__ligand1898-0
210,HADBOG__ligand4504-0
211,HADBOG__ligand3051-0
212,HADBOG__ligand2480-0
213,HADBOG__ligand2315-0
214,HADBOG__ligand757-0
215,HADBOG__ligand5334-0
216,HADBOG__ligand10479-0
217,HADBOG__ligand6571-0
218,HADBOG__ligand384-0
219,HADBOG__ligand1325-0
220,HADBOG__ligand2482-0
221,HADBOG__ligand14530-0
222,HADBOG__ligand120-0
223,HADBOG__ligand5762-0
224,HADBOG__ligand7414-0
225,HADBOG__ligand1104-0
226,HADBOG__ligand11-0
227,HADBOG__ligand1019-0
228,HADBOG__ligand2442-0
229,HADBOG__ligand1221-0
230,HADBOG__ligand1264-0
231,HADBOG__ligand1299-0
232,HADBOG__ligand6430-0
233,HADBOG__ligand10910-0
234,HADBOG__ligand1379-0
235,HADBOG__ligand2376-0
236,HADBOG__ligand141-0
237,HADBOG__ligand240-0
238,HADBOG__ligand2929-0
239,HADBOG__ligand3478-0
240,HADBOG__ligand383-0
241,HADBOG__ligand3852-0
242,HADBOG__ligand226-0
243,HADBOG__ligand162-0
244,HADBOG__ligand5758-0
245,HADBOG__ligand7456-0
246,HADBOG__ligand1818-0
247,HADBOG__ligand3251-0
248,HADBOG__ligand4619-0
249,HADBOG__ligand32-0
250,HADBOG__ligand5235-0
251,HADBOG__ligand6143-0
252,HADBOG__ligand3070-0
253,HADBOG__ligand3035-0
254,HADBOG__ligand2718-0
255,HADBOG__ligand1493-0
256,HADBOG__ligand9176-0
257,HADBOG__ligand7550-0
258,HADBOG__ligand358-0
259,HADBOG__ligand48-0
260,HADBOG__ligand430-0
261,HADBOG__ligand669-0
262,HADBOG__ligand2253-0
263,HADBOG__ligand1160-0
264,HADBOG__ligand278-0
265,HADBOG__ligand2954-0
266,HADBOG__ligand5093-0
267,HADBOG__ligand2762-0
268,HADBOG__ligand365-0
269,HADBOG__ligand1038-0
270,HADBOG__ligand571-0
271,HADBOG__ligand4423-0
272,HADBOG__ligand670-0
273,HADBOG__ligand1907-0
274,HADBOG__ligand118-0
275,HADBOG__ligand3890-0
276,HADBOG__ligand51-0
277,HADBOG__ligand29-0
278,HADBOG__ligand7630-0
279,HADBOG__ligand91-0
280,HADBOG__ligand1285-0
281,HADBOG__ligand509-0
282,HADBOG__ligand1555-0
283,HADBOG__ligand55-0
284,HADBOG__ligand2707-0
285,HADBOG__ligand575-0
286,HADBOG__ligand1690-0
287,HADBOG__ligand199-0
288,HADBOG__ligand1551-0
289,HADBOG__ligand10357-0
290,HADBOG__ligand15630-0
291,HADBOG__ligand2526-0
292,HADBOG__ligand927-0
293,HADBOG__ligand95-0
294,HADBOG__ligand4012-0
295,HADBOG__ligand3196-0
296,HADBOG__ligand105-0
297,HADBOG__ligand140-0
298,HADBOG__ligand361-0
299,HADBOG__ligand324-0
300,HADBOG__ligand34-0
301,HADBOG__ligand409-0
302,HADBOG__ligand2915-0
303,HADBOG__ligand73-0
304,HADBOG__ligand326-0
305,HADBOG__ligand821-0
306,HADBOG__ligand4175-0
307,HADBOG__ligand2255-0
308,HADBOG__ligand283-0
309,HADBOG__ligand553-0
310,HADBOG__ligand206-0
311,HADBOG__ligand1918-0
312,HADBOG__ligand142-0
313,HADBOG__ligand436-0
314,HADBOG__ligand166-0
315,HADBOG__ligand4370-0
316,HADBOG__ligand838-0
317,HADBOG__ligand497-0
318,HADBOG__ligand1436-0
319,HADBOG__ligand57-0
320,HADBOG__ligand3618-0
321,HADBOG__ligand2618-0
322,HADBOG__ligand532-0
323,HADBOG__ligand918-0
324,HADBOG__ligand633-0
