,TMC
0,JUSQUJ__ligand421-0
1,JUSQUJ__ligand1178-0
2,JUSQUJ__ligand3566-0
3,JUSQUJ__ligand798-0
4,JUSQUJ__ligand57-0
5,JUSQUJ__ligand1321-0
6,JUSQUJ__ligand584-0
7,JUSQUJ__ligand916-0
8,JUSQUJ__ligand1788-0
9,JUSQUJ__ligand294-0
10,JUSQUJ__ligand993-0
11,JUSQUJ__ligand6-0
12,JUSQUJ__ligand331-0
13,JUSQUJ__ligand560-0
14,JUSQUJ__ligand525-0
15,JUSQUJ__ligand109-0
16,JUSQUJ__ligand9620-0
17,JUSQUJ__ligand4894-0
18,JUSQUJ__ligand1260-0
19,JUSQUJ__ligand1449-1
20,JUSQUJ__ligand4811-0
21,JUSQUJ__ligand390-0
22,JUSQUJ__ligand932-0
23,JUSQUJ__ligand134-0
24,JUSQUJ__ligand235-0
25,JUSQUJ__ligand3337-0
26,JUSQUJ__ligand7514-0
27,JUSQUJ__ligand73-0
28,JUSQUJ__ligand868-0
29,JUSQUJ__ligand442-0
30,JUSQUJ__ligand34-0
31,JUSQUJ__ligand1307-0
32,JUSQUJ__ligand136-0
33,JUSQUJ__ligand352-0
34,JUSQUJ__ligand783-0
35,JUSQUJ__ligand4-0
36,JUSQUJ__ligand197-0
37,JUSQUJ__ligand95-0
38,JUSQUJ__ligand6166-0
39,JUSQUJ__ligand296-0
40,JUSQUJ__ligand1246-0
41,JUSQUJ__ligand2599-0
42,JUSQUJ__ligand5089-0
43,JUSQUJ__ligand112-0
44,JUSQUJ__ligand3853-0
45,JUSQUJ__ligand2853-0
46,JUSQUJ__ligand55-0
47,JUSQUJ__ligand830-0
48,JUSQUJ__ligand91-0
49,JUSQUJ__ligand8032-0
50,JUSQUJ__ligand1858-0
51,JUSQUJ__ligand193-0
52,JUSQUJ__ligand29-0
53,JUSQUJ__ligand252-0
54,JUSQUJ__ligand51-0
55,JUSQUJ__ligand2315-0
56,JUSQUJ__ligand955-0
57,JUSQUJ__ligand1898-0
58,JUSQUJ__ligand3051-0
59,JUSQUJ__ligand4504-0
60,JUSQUJ__ligand2480-0
61,JUSQUJ__ligand5334-0
62,JUSQUJ__ligand10357-0
63,JUSQUJ__ligand15630-0
64,JUSQUJ__ligand934-0
65,JUSQUJ__ligand177-0
66,JUSQUJ__ligand2389-0
67,JUSQUJ__ligand1919-0
68,JUSQUJ__ligand2110-0
69,JUSQUJ__ligand2916-0
70,JUSQUJ__ligand851-0
71,JUSQUJ__ligand3579-0
72,JUSQUJ__ligand48-0
73,JUSQUJ__ligand1712-0
74,JUSQUJ__ligand909-0
75,JUSQUJ__ligand1299-0
76,JUSQUJ__ligand311-0
77,JUSQUJ__ligand6430-0
78,JUSQUJ__ligand1264-0
79,JUSQUJ__ligand1221-0
80,JUSQUJ__ligand1379-0
81,JUSQUJ__ligand32-0
82,JUSQUJ__ligand2376-0
83,JUSQUJ__ligand188-0
84,JUSQUJ__ligand2929-0
85,JUSQUJ__ligand369-0
86,JUSQUJ__ligand444-0
87,JUSQUJ__ligand1325-0
88,JUSQUJ__ligand2482-0
89,JUSQUJ__ligand6571-0
90,JUSQUJ__ligand250-0
91,JUSQUJ__ligand460-0
92,JUSQUJ__ligand5762-0
93,JUSQUJ__ligand7414-0
94,JUSQUJ__ligand1104-0
95,JUSQUJ__ligand370-0
96,JUSQUJ__ligand1019-0
97,JUSQUJ__ligand2442-0
98,JUSQUJ__ligand3251-0
99,JUSQUJ__ligand353-0
100,JUSQUJ__ligand5235-0
101,JUSQUJ__ligand6143-0
102,JUSQUJ__ligand4619-0
103,JUSQUJ__ligand1493-0
104,JUSQUJ__ligand236-0
105,JUSQUJ__ligand3035-0
106,JUSQUJ__ligand3070-0
107,JUSQUJ__ligand2718-0
108,JUSQUJ__ligand9176-0
109,JUSQUJ__ligand113-0
110,JUSQUJ__ligand3852-0
111,JUSQUJ__ligand3478-0
112,JUSQUJ__ligand11-0
113,JUSQUJ__ligand5758-0
114,JUSQUJ__ligand422-0
115,JUSQUJ__ligand7456-0
116,JUSQUJ__ligand1818-0
117,JUSQUJ__ligand502-0
118,JUSQUJ__ligand196-0
119,JUSQUJ__ligand1907-0
120,JUSQUJ__ligand4423-0
121,JUSQUJ__ligand3890-0
122,JUSQUJ__ligand210-0
123,JUSQUJ__ligand7630-0
124,JUSQUJ__ligand1555-0
125,JUSQUJ__ligand1285-0
126,JUSQUJ__ligand170-0
127,JUSQUJ__ligand7550-0
128,JUSQUJ__ligand391-0
129,JUSQUJ__ligand481-0
130,JUSQUJ__ligand5093-0
131,JUSQUJ__ligand2954-0
132,JUSQUJ__ligand314-0
133,JUSQUJ__ligand2253-0
134,JUSQUJ__ligand1160-0
135,JUSQUJ__ligand1038-0
136,JUSQUJ__ligand2762-0
137,JUSQUJ__ligand3196-0
138,JUSQUJ__ligand4012-0
139,JUSQUJ__ligand10114-0
140,JUSQUJ__ligand355-0
141,JUSQUJ__ligand784-0
142,JUSQUJ__ligand485-0
143,JUSQUJ__ligand2915-0
144,JUSQUJ__ligand3-0
145,JUSQUJ__ligand291-0
146,JUSQUJ__ligand2707-0
147,JUSQUJ__ligand92-0
148,JUSQUJ__ligand1690-0
149,JUSQUJ__ligand2526-0
150,JUSQUJ__ligand10479-0
151,JUSQUJ__ligand1551-0
152,JUSQUJ__ligand115-0
153,JUSQUJ__ligand17-0
154,JUSQUJ__ligand4370-0
155,JUSQUJ__ligand14530-0
156,JUSQUJ__ligand682-0
157,JUSQUJ__ligand1436-0
158,JUSQUJ__ligand1-0
159,JUSQUJ__ligand3618-0
160,JUSQUJ__ligand2618-0
161,JUSQUJ__ligand10910-0
162,JUSQUJ__ligand522-0
163,JUSQUJ__ligand49-0
164,JUSQUJ__ligand4175-0
165,JUSQUJ__ligand666-0
166,JUSQUJ__ligand487-0
167,JUSQUJ__ligand2255-0
168,JUSQUJ__ligand447-0
169,JUSQUJ__ligand1918-0
170,JUSQUJ__ligand133-0
171,JUSQUJ__ligand89-0
172,JUSQUJ__ligand366-0
173,JUSQUJ__ligand1951-0
174,JUSQUJ__ligand861-0
175,JUSQUJ__ligand1687-0
176,JUSQUJ__ligand85-0
177,JUSQUJ__ligand612-0
178,JUSQUJ__ligand6277-0
179,JUSQUJ__ligand187-0
180,JUSQUJ__ligand78-0
181,JUSQUJ__ligand45-0
182,JUSQUJ__ligand596-0
183,JUSQUJ__ligand2768-0
184,JUSQUJ__ligand1376-0
185,JUSQUJ__ligand2259-0
186,JUSQUJ__ligand2688-0
187,JUSQUJ__ligand126-0
188,JUSQUJ__ligand2629-0
189,JUSQUJ__ligand4381-0
190,JUSQUJ__ligand1706-0
191,JUSQUJ__ligand3734-0
192,JUSQUJ__ligand1171-0
193,JUSQUJ__ligand119-0
194,JUSQUJ__ligand1438-0
195,JUSQUJ__ligand124-0
196,JUSQUJ__ligand3063-0
197,JUSQUJ__ligand5801-0
198,JUSQUJ__ligand1459-0
199,JUSQUJ__ligand100-0
200,JUSQUJ__ligand244-0
201,JUSQUJ__ligand201-0
202,JUSQUJ__ligand1544-0
203,JUSQUJ__ligand1685-0
204,JUSQUJ__ligand321-0
205,JUSQUJ__ligand1048-0
206,JUSQUJ__ligand2087-0
207,JUSQUJ__ligand279-0
208,JUSQUJ__ligand3757-0
209,JUSQUJ__ligand178-0
210,JUSQUJ__ligand1228-0
211,JUSQUJ__ligand9244-0
212,JUSQUJ__ligand240-0
213,JUSQUJ__ligand141-0
214,JUSQUJ__ligand1114-0
215,JUSQUJ__ligand1538-0
216,JUSQUJ__ligand3246-0
217,JUSQUJ__ligand1148-0
218,JUSQUJ__ligand384-0
219,JUSQUJ__ligand1479-0
220,JUSQUJ__ligand120-0
221,JUSQUJ__ligand67-0
222,JUSQUJ__ligand3178-0
223,JUSQUJ__ligand757-0
224,JUSQUJ__ligand6332-0
225,JUSQUJ__ligand6502-0
226,JUSQUJ__ligand2098-0
227,JUSQUJ__ligand2863-0
228,JUSQUJ__ligand5548-0
229,JUSQUJ__ligand7915-0
230,JUSQUJ__ligand1747-0
231,JUSQUJ__ligand6686-0
232,JUSQUJ__ligand797-0
233,JUSQUJ__ligand3145-0
234,JUSQUJ__ligand2751-0
235,JUSQUJ__ligand2634-0
236,JUSQUJ__ligand1542-0
237,JUSQUJ__ligand3041-0
238,JUSQUJ__ligand62-0
239,JUSQUJ__ligand509-0
240,JUSQUJ__ligand2864-0
241,JUSQUJ__ligand6151-0
242,JUSQUJ__ligand2772-0
243,JUSQUJ__ligand118-0
244,JUSQUJ__ligand670-0
245,JUSQUJ__ligand9495-0
246,JUSQUJ__ligand571-0
247,JUSQUJ__ligand6538-0
248,JUSQUJ__ligand11730-0
249,JUSQUJ__ligand2142-0
250,JUSQUJ__ligand2880-0
251,JUSQUJ__ligand5941-0
252,JUSQUJ__ligand278-0
253,JUSQUJ__ligand2838-0
254,JUSQUJ__ligand3838-0
255,JUSQUJ__ligand1799-0
256,JUSQUJ__ligand86-0
257,JUSQUJ__ligand365-0
258,JUSQUJ__ligand1169-0
259,JUSQUJ__ligand430-0
260,JUSQUJ__ligand5022-0
261,JUSQUJ__ligand358-0
262,JUSQUJ__ligand669-0
263,JUSQUJ__ligand1502-0
264,JUSQUJ__ligand2794-0
265,JUSQUJ__ligand2345-0
266,JUSQUJ__ligand1835-0
267,JUSQUJ__ligand4983-0
268,JUSQUJ__ligand9027-0
269,JUSQUJ__ligand1113-0
270,JUSQUJ__ligand2265-0
271,JUSQUJ__ligand6396-0
272,JUSQUJ__ligand18-0
273,JUSQUJ__ligand1273-0
274,JUSQUJ__ligand383-0
275,JUSQUJ__ligand162-0
276,JUSQUJ__ligand1052-0
277,JUSQUJ__ligand226-0
278,JUSQUJ__ligand2907-0
279,JUSQUJ__ligand497-0
280,JUSQUJ__ligand633-0
281,JUSQUJ__ligand918-0
282,JUSQUJ__ligand532-0
283,JUSQUJ__ligand1703-0
284,JUSQUJ__ligand2430-0
285,JUSQUJ__ligand2320-0
286,JUSQUJ__ligand21-0
287,JUSQUJ__ligand1056-0
288,JUSQUJ__ligand8-0
289,JUSQUJ__ligand2862-0
290,JUSQUJ__ligand166-0
291,JUSQUJ__ligand8921-0
292,JUSQUJ__ligand2285-0
293,JUSQUJ__ligand838-0
294,JUSQUJ__ligand1567-0
295,JUSQUJ__ligand2510-0
296,JUSQUJ__ligand142-0
297,JUSQUJ__ligand206-0
298,JUSQUJ__ligand40-0
299,JUSQUJ__ligand1607-0
300,JUSQUJ__ligand436-0
301,JUSQUJ__ligand821-0
302,JUSQUJ__ligand326-0
303,JUSQUJ__ligand1152-0
304,JUSQUJ__ligand1727-0
305,JUSQUJ__ligand38-0
306,JUSQUJ__ligand553-0
307,JUSQUJ__ligand283-0
308,JUSQUJ__ligand409-0
309,JUSQUJ__ligand361-0
310,JUSQUJ__ligand324-0
311,JUSQUJ__ligand105-0
312,JUSQUJ__ligand8774-0
313,JUSQUJ__ligand140-0
314,JUSQUJ__ligand3637-0
315,JUSQUJ__ligand927-0
316,JUSQUJ__ligand6294-0
317,JUSQUJ__ligand66-0
318,JUSQUJ__ligand199-0
319,JUSQUJ__ligand1054-0
320,JUSQUJ__ligand1598-0
321,JUSQUJ__ligand4303-0
322,JUSQUJ__ligand1248-0
323,JUSQUJ__ligand7464-0
324,JUSQUJ__ligand575-0
