,TMC
0,LIJVEG__ligand57-0
1,LIJVEG__ligand9176-0
2,LIJVEG__ligand2718-0
3,LIJVEG__ligand3070-0
4,LIJVEG__ligand3035-0
5,LIJVEG__ligand370-0
6,LIJVEG__ligand1493-0
7,LIJVEG__ligand460-0
8,LIJVEG__ligand4619-0
9,LIJVEG__ligand6143-0
10,LIJVEG__ligand5235-0
11,LIJVEG__ligand3-0
12,LIJVEG__ligand250-0
13,LIJVEG__ligand3251-0
14,LIJVEG__ligand1818-0
15,LIJVEG__ligand369-0
16,LIJVEG__ligand444-0
17,LIJVEG__ligand7456-0
18,LIJVEG__ligand188-0
19,LIJVEG__ligand73-0
20,LIJVEG__ligand5758-0
21,LIJVEG__ligand311-0
22,LIJVEG__ligand3478-0
23,LIJVEG__ligand3852-0
24,LIJVEG__ligand1285-0
25,LIJVEG__ligand34-0
26,LIJVEG__ligand1555-0
27,LIJVEG__ligand909-0
28,LIJVEG__ligand7630-0
29,LIJVEG__ligand851-0
30,LIJVEG__ligand3890-0
31,LIJVEG__ligand4423-0
32,LIJVEG__ligand177-0
33,LIJVEG__ligand934-0
34,LIJVEG__ligand1907-0
35,LIJVEG__ligand2762-0
36,LIJVEG__ligand1038-0
37,LIJVEG__ligand1160-0
38,LIJVEG__ligand252-0
39,LIJVEG__ligand2253-0
40,LIJVEG__ligand95-0
41,LIJVEG__ligand955-0
42,LIJVEG__ligand1-0
43,LIJVEG__ligand2954-0
44,LIJVEG__ligand5093-0
45,LIJVEG__ligand55-0
46,LIJVEG__ligand193-0
47,LIJVEG__ligand7550-0
48,LIJVEG__ligand830-0
49,LIJVEG__ligand112-0
50,LIJVEG__ligand2915-0
51,LIJVEG__ligand29-0
52,LIJVEG__ligand91-0
53,LIJVEG__ligand4012-0
54,LIJVEG__ligand3196-0
55,LIJVEG__ligand197-0
56,LIJVEG__ligand51-0
57,LIJVEG__ligand296-0
58,LIJVEG__ligand352-0
59,LIJVEG__ligand783-0
60,LIJVEG__ligand1551-0
61,LIJVEG__ligand2526-0
62,LIJVEG__ligand48-0
63,LIJVEG__ligand136-0
64,LIJVEG__ligand1690-0
65,LIJVEG__ligand2707-0
66,LIJVEG__ligand868-0
67,LIJVEG__ligand442-0
68,LIJVEG__ligand134-0
69,LIJVEG__ligand932-0
70,LIJVEG__ligand2618-0
71,LIJVEG__ligand3618-0
72,LIJVEG__ligand235-0
73,LIJVEG__ligand1436-0
74,LIJVEG__ligand390-0
75,LIJVEG__ligand525-0
76,LIJVEG__ligand560-0
77,LIJVEG__ligand109-0
78,LIJVEG__ligand32-0
79,LIJVEG__ligand4370-0
80,LIJVEG__ligand331-0
81,LIJVEG__ligand294-0
82,LIJVEG__ligand993-0
83,LIJVEG__ligand1918-0
84,LIJVEG__ligand2255-0
85,LIJVEG__ligand584-0
86,LIJVEG__ligand916-0
87,LIJVEG__ligand4175-0
88,LIJVEG__ligand421-0
89,LIJVEG__ligand798-0
90,LIJVEG__ligand133-0
91,LIJVEG__ligand447-0
92,LIJVEG__ligand1788-0
93,LIJVEG__ligand1321-0
94,LIJVEG__ligand487-0
95,LIJVEG__ligand3566-0
96,LIJVEG__ligand522-0
97,LIJVEG__ligand1178-0
98,LIJVEG__ligand666-0
99,LIJVEG__ligand7514-0
100,LIJVEG__ligand3337-0
101,LIJVEG__ligand11-0
102,LIJVEG__ligand4811-0
103,LIJVEG__ligand1449-1
104,LIJVEG__ligand682-0
105,LIJVEG__ligand1260-0
106,LIJVEG__ligand4894-0
107,LIJVEG__ligand9620-0
108,LIJVEG__ligand115-0
109,LIJVEG__ligand1307-0
110,LIJVEG__ligand291-0
111,LIJVEG__ligand355-0
112,LIJVEG__ligand784-0
113,LIJVEG__ligand2853-0
114,LIJVEG__ligand3853-0
115,LIJVEG__ligand485-0
116,LIJVEG__ligand2599-0
117,LIJVEG__ligand5089-0
118,LIJVEG__ligand1246-0
119,LIJVEG__ligand6166-0
120,LIJVEG__ligand5334-0
121,LIJVEG__ligand2480-0
122,LIJVEG__ligand4504-0
123,LIJVEG__ligand3051-0
124,LIJVEG__ligand481-0
125,LIJVEG__ligand1898-0
126,LIJVEG__ligand2315-0
127,LIJVEG__ligand314-0
128,LIJVEG__ligand1858-0
129,LIJVEG__ligand8032-0
130,LIJVEG__ligand391-0
131,LIJVEG__ligand170-0
132,LIJVEG__ligand1712-0
133,LIJVEG__ligand3579-0
134,LIJVEG__ligand210-0
135,LIJVEG__ligand92-0
136,LIJVEG__ligand2916-0
137,LIJVEG__ligand2110-0
138,LIJVEG__ligand6-0
139,LIJVEG__ligand17-0
140,LIJVEG__ligand1919-0
141,LIJVEG__ligand11730-0
142,LIJVEG__ligand2389-0
143,LIJVEG__ligand196-0
144,LIJVEG__ligand502-0
145,LIJVEG__ligand2929-0
146,LIJVEG__ligand2376-0
147,LIJVEG__ligand422-0
148,LIJVEG__ligand1379-0
149,LIJVEG__ligand1221-0
150,LIJVEG__ligand1264-0
151,LIJVEG__ligand113-0
152,LIJVEG__ligand4-0
153,LIJVEG__ligand6430-0
154,LIJVEG__ligand1299-0
155,LIJVEG__ligand2442-0
156,LIJVEG__ligand1019-0
157,LIJVEG__ligand1104-0
158,LIJVEG__ligand236-0
159,LIJVEG__ligand5762-0
160,LIJVEG__ligand7414-0
161,LIJVEG__ligand49-0
162,LIJVEG__ligand89-0
163,LIJVEG__ligand6571-0
164,LIJVEG__ligand353-0
165,LIJVEG__ligand2482-0
166,LIJVEG__ligand1325-0
167,LIJVEG__ligand2142-0
168,LIJVEG__ligand78-0
169,LIJVEG__ligand85-0
170,LIJVEG__ligand6538-0
171,LIJVEG__ligand9495-0
172,LIJVEG__ligand2772-0
173,LIJVEG__ligand6151-0
174,LIJVEG__ligand2864-0
175,LIJVEG__ligand45-0
176,LIJVEG__ligand797-0
177,LIJVEG__ligand8-0
178,LIJVEG__ligand5022-0
179,LIJVEG__ligand1169-0
180,LIJVEG__ligand15630-0
181,LIJVEG__ligand10357-0
182,LIJVEG__ligand757-0
183,LIJVEG__ligand1799-0
184,LIJVEG__ligand3838-0
185,LIJVEG__ligand2838-0
186,LIJVEG__ligand5941-0
187,LIJVEG__ligand2880-0
188,LIJVEG__ligand6396-0
189,LIJVEG__ligand120-0
190,LIJVEG__ligand2265-0
191,LIJVEG__ligand1113-0
192,LIJVEG__ligand9027-0
193,LIJVEG__ligand384-0
194,LIJVEG__ligand4983-0
195,LIJVEG__ligand1835-0
196,LIJVEG__ligand2345-0
197,LIJVEG__ligand2794-0
198,LIJVEG__ligand1502-0
199,LIJVEG__ligand1052-0
200,LIJVEG__ligand240-0
201,LIJVEG__ligand1273-0
202,LIJVEG__ligand141-0
203,LIJVEG__ligand2510-0
204,LIJVEG__ligand279-0
205,LIJVEG__ligand1567-0
206,LIJVEG__ligand2285-0
207,LIJVEG__ligand8921-0
208,LIJVEG__ligand178-0
209,LIJVEG__ligand2862-0
210,LIJVEG__ligand321-0
211,LIJVEG__ligand1056-0
212,LIJVEG__ligand2320-0
213,LIJVEG__ligand2430-0
214,LIJVEG__ligand1703-0
215,LIJVEG__ligand2907-0
216,LIJVEG__ligand100-0
217,LIJVEG__ligand201-0
218,LIJVEG__ligand244-0
219,LIJVEG__ligand1727-0
220,LIJVEG__ligand1152-0
221,LIJVEG__ligand124-0
222,LIJVEG__ligand119-0
223,LIJVEG__ligand67-0
224,LIJVEG__ligand1607-0
225,LIJVEG__ligand3637-0
226,LIJVEG__ligand8774-0
227,LIJVEG__ligand126-0
228,LIJVEG__ligand7464-0
229,LIJVEG__ligand596-0
230,LIJVEG__ligand1248-0
231,LIJVEG__ligand4303-0
232,LIJVEG__ligand612-0
233,LIJVEG__ligand1598-0
234,LIJVEG__ligand187-0
235,LIJVEG__ligand366-0
236,LIJVEG__ligand1054-0
237,LIJVEG__ligand861-0
238,LIJVEG__ligand6294-0
239,LIJVEG__ligand2688-0
240,LIJVEG__ligand2259-0
241,LIJVEG__ligand575-0
242,LIJVEG__ligand62-0
243,LIJVEG__ligand1376-0
244,LIJVEG__ligand2768-0
245,LIJVEG__ligand6277-0
246,LIJVEG__ligand10479-0
247,LIJVEG__ligand927-0
248,LIJVEG__ligand1687-0
249,LIJVEG__ligand1951-0
250,LIJVEG__ligand199-0
251,LIJVEG__ligand3734-0
252,LIJVEG__ligand1706-0
253,LIJVEG__ligand86-0
254,LIJVEG__ligand4381-0
255,LIJVEG__ligand2629-0
256,LIJVEG__ligand140-0
257,LIJVEG__ligand105-0
258,LIJVEG__ligand10114-0
259,LIJVEG__ligand409-0
260,LIJVEG__ligand324-0
261,LIJVEG__ligand361-0
262,LIJVEG__ligand553-0
263,LIJVEG__ligand5801-0
264,LIJVEG__ligand283-0
265,LIJVEG__ligand3063-0
266,LIJVEG__ligand821-0
267,LIJVEG__ligand1438-0
268,LIJVEG__ligand326-0
269,LIJVEG__ligand10910-0
270,LIJVEG__ligand436-0
271,LIJVEG__ligand142-0
272,LIJVEG__ligand206-0
273,LIJVEG__ligand1171-0
274,LIJVEG__ligand3757-0
275,LIJVEG__ligand838-0
276,LIJVEG__ligand2087-0
277,LIJVEG__ligand1048-0
278,LIJVEG__ligand14530-0
279,LIJVEG__ligand18-0
280,LIJVEG__ligand166-0
281,LIJVEG__ligand1685-0
282,LIJVEG__ligand1544-0
283,LIJVEG__ligand633-0
284,LIJVEG__ligand918-0
285,LIJVEG__ligand532-0
286,LIJVEG__ligand1459-0
287,LIJVEG__ligand497-0
288,LIJVEG__ligand1538-0
289,LIJVEG__ligand162-0
290,LIJVEG__ligand1114-0
291,LIJVEG__ligand226-0
292,LIJVEG__ligand383-0
293,LIJVEG__ligand9244-0
294,LIJVEG__ligand21-0
295,LIJVEG__ligand1228-0
296,LIJVEG__ligand1479-0
297,LIJVEG__ligand40-0
298,LIJVEG__ligand1148-0
299,LIJVEG__ligand3246-0
300,LIJVEG__ligand38-0
301,LIJVEG__ligand669-0
302,LIJVEG__ligand3145-0
303,LIJVEG__ligand430-0
304,LIJVEG__ligand6686-0
305,LIJVEG__ligand1747-0
306,LIJVEG__ligand358-0
307,LIJVEG__ligand7915-0
308,LIJVEG__ligand5548-0
309,LIJVEG__ligand2863-0
310,LIJVEG__ligand2098-0
311,LIJVEG__ligand365-0
312,LIJVEG__ligand6502-0
313,LIJVEG__ligand6332-0
314,LIJVEG__ligand278-0
315,LIJVEG__ligand3178-0
316,LIJVEG__ligand3041-0
317,LIJVEG__ligand118-0
318,LIJVEG__ligand670-0
319,LIJVEG__ligand1542-0
320,LIJVEG__ligand66-0
321,LIJVEG__ligand2634-0
322,LIJVEG__ligand571-0
323,LIJVEG__ligand509-0
324,LIJVEG__ligand2751-0
