,TMC
0,XOZPAD__ligand92-0
1,XOZPAD__ligand7514-0
2,XOZPAD__ligand3337-0
3,XOZPAD__ligand119-0
4,XOZPAD__ligand4811-0
5,XOZPAD__ligand1449-1
6,XOZPAD__ligand4894-0
7,XOZPAD__ligand1260-0
8,XOZPAD__ligand9620-0
9,XOZPAD__ligand124-0
10,XOZPAD__ligand8-0
11,XOZPAD__ligand17-0
12,XOZPAD__ligand201-0
13,XOZPAD__ligand1788-0
14,XOZPAD__ligand244-0
15,XOZPAD__ligand100-0
16,XOZPAD__ligand178-0
17,XOZPAD__ligand279-0
18,XOZPAD__ligand1321-0
19,XOZPAD__ligand321-0
20,XOZPAD__ligand3566-0
21,XOZPAD__ligand1178-0
22,XOZPAD__ligand2853-0
23,XOZPAD__ligand3853-0
24,XOZPAD__ligand187-0
25,XOZPAD__ligand612-0
26,XOZPAD__ligand49-0
27,XOZPAD__ligand861-0
28,XOZPAD__ligand366-0
29,XOZPAD__ligand2599-0
30,XOZPAD__ligand5089-0
31,XOZPAD__ligand1246-0
32,XOZPAD__ligand596-0
33,XOZPAD__ligand89-0
34,XOZPAD__ligand6166-0
35,XOZPAD__ligand126-0
36,XOZPAD__ligand1307-0
37,XOZPAD__ligand10357-0
38,XOZPAD__ligand15630-0
39,XOZPAD__ligand1712-0
40,XOZPAD__ligand11-0
41,XOZPAD__ligand2916-0
42,XOZPAD__ligand2110-0
43,XOZPAD__ligand757-0
44,XOZPAD__ligand3579-0
45,XOZPAD__ligand1919-0
46,XOZPAD__ligand797-0
47,XOZPAD__ligand2389-0
48,XOZPAD__ligand5334-0
49,XOZPAD__ligand2315-0
50,XOZPAD__ligand2480-0
51,XOZPAD__ligand4504-0
52,XOZPAD__ligand3051-0
53,XOZPAD__ligand1898-0
54,XOZPAD__ligand8032-0
55,XOZPAD__ligand1858-0
56,XOZPAD__ligand2442-0
57,XOZPAD__ligand1019-0
58,XOZPAD__ligand141-0
59,XOZPAD__ligand240-0
60,XOZPAD__ligand1104-0
61,XOZPAD__ligand5762-0
62,XOZPAD__ligand7414-0
63,XOZPAD__ligand2482-0
64,XOZPAD__ligand1325-0
65,XOZPAD__ligand6571-0
66,XOZPAD__ligand2929-0
67,XOZPAD__ligand2376-0
68,XOZPAD__ligand1379-0
69,XOZPAD__ligand120-0
70,XOZPAD__ligand6430-0
71,XOZPAD__ligand1299-0
72,XOZPAD__ligand384-0
73,XOZPAD__ligand1221-0
74,XOZPAD__ligand1264-0
75,XOZPAD__ligand10910-0
76,XOZPAD__ligand1818-0
77,XOZPAD__ligand7456-0
78,XOZPAD__ligand5758-0
79,XOZPAD__ligand3852-0
80,XOZPAD__ligand3478-0
81,XOZPAD__ligand48-0
82,XOZPAD__ligand9176-0
83,XOZPAD__ligand14530-0
84,XOZPAD__ligand29-0
85,XOZPAD__ligand1493-0
86,XOZPAD__ligand2718-0
87,XOZPAD__ligand91-0
88,XOZPAD__ligand3070-0
89,XOZPAD__ligand3035-0
90,XOZPAD__ligand6143-0
91,XOZPAD__ligand5235-0
92,XOZPAD__ligand226-0
93,XOZPAD__ligand51-0
94,XOZPAD__ligand162-0
95,XOZPAD__ligand4619-0
96,XOZPAD__ligand383-0
97,XOZPAD__ligand3251-0
98,XOZPAD__ligand1038-0
99,XOZPAD__ligand509-0
100,XOZPAD__ligand2762-0
101,XOZPAD__ligand2954-0
102,XOZPAD__ligand5093-0
103,XOZPAD__ligand1160-0
104,XOZPAD__ligand2253-0
105,XOZPAD__ligand10479-0
106,XOZPAD__ligand571-0
107,XOZPAD__ligand7550-0
108,XOZPAD__ligand118-0
109,XOZPAD__ligand670-0
110,XOZPAD__ligand1555-0
111,XOZPAD__ligand365-0
112,XOZPAD__ligand1285-0
113,XOZPAD__ligand7630-0
114,XOZPAD__ligand278-0
115,XOZPAD__ligand3890-0
116,XOZPAD__ligand669-0
117,XOZPAD__ligand32-0
118,XOZPAD__ligand10114-0
119,XOZPAD__ligand1907-0
120,XOZPAD__ligand430-0
121,XOZPAD__ligand358-0
122,XOZPAD__ligand4423-0
123,XOZPAD__ligand2526-0
124,XOZPAD__ligand1551-0
125,XOZPAD__ligand409-0
126,XOZPAD__ligand324-0
127,XOZPAD__ligand361-0
128,XOZPAD__ligand1690-0
129,XOZPAD__ligand73-0
130,XOZPAD__ligand140-0
131,XOZPAD__ligand105-0
132,XOZPAD__ligand2707-0
133,XOZPAD__ligand2915-0
134,XOZPAD__ligand199-0
135,XOZPAD__ligand927-0
136,XOZPAD__ligand57-0
137,XOZPAD__ligand575-0
138,XOZPAD__ligand4012-0
139,XOZPAD__ligand3196-0
140,XOZPAD__ligand532-0
141,XOZPAD__ligand95-0
142,XOZPAD__ligand633-0
143,XOZPAD__ligand918-0
144,XOZPAD__ligand1918-0
145,XOZPAD__ligand497-0
146,XOZPAD__ligand838-0
147,XOZPAD__ligand2255-0
148,XOZPAD__ligand4175-0
149,XOZPAD__ligand55-0
150,XOZPAD__ligand166-0
151,XOZPAD__ligand2618-0
152,XOZPAD__ligand436-0
153,XOZPAD__ligand3618-0
154,XOZPAD__ligand206-0
155,XOZPAD__ligand1436-0
156,XOZPAD__ligand142-0
157,XOZPAD__ligand34-0
158,XOZPAD__ligand283-0
159,XOZPAD__ligand553-0
160,XOZPAD__ligand326-0
161,XOZPAD__ligand4370-0
162,XOZPAD__ligand821-0
163,XOZPAD__ligand40-0
164,XOZPAD__ligand1706-0
165,XOZPAD__ligand136-0
166,XOZPAD__ligand3734-0
167,XOZPAD__ligand442-0
168,XOZPAD__ligand2629-0
169,XOZPAD__ligand868-0
170,XOZPAD__ligand4381-0
171,XOZPAD__ligand783-0
172,XOZPAD__ligand352-0
173,XOZPAD__ligand38-0
174,XOZPAD__ligand2259-0
175,XOZPAD__ligand2688-0
176,XOZPAD__ligand3-0
177,XOZPAD__ligand296-0
178,XOZPAD__ligand1376-0
179,XOZPAD__ligand2768-0
180,XOZPAD__ligand197-0
181,XOZPAD__ligand112-0
182,XOZPAD__ligand21-0
183,XOZPAD__ligand6277-0
184,XOZPAD__ligand1951-0
185,XOZPAD__ligand1687-0
186,XOZPAD__ligand2087-0
187,XOZPAD__ligand66-0
188,XOZPAD__ligand916-0
189,XOZPAD__ligand1048-0
190,XOZPAD__ligand584-0
191,XOZPAD__ligand3757-0
192,XOZPAD__ligand421-0
193,XOZPAD__ligand1685-0
194,XOZPAD__ligand798-0
195,XOZPAD__ligand1544-0
196,XOZPAD__ligand331-0
197,XOZPAD__ligand993-0
198,XOZPAD__ligand1459-0
199,XOZPAD__ligand1-0
200,XOZPAD__ligand294-0
201,XOZPAD__ligand5801-0
202,XOZPAD__ligand109-0
203,XOZPAD__ligand3063-0
204,XOZPAD__ligand1438-0
205,XOZPAD__ligand525-0
206,XOZPAD__ligand560-0
207,XOZPAD__ligand235-0
208,XOZPAD__ligand134-0
209,XOZPAD__ligand932-0
210,XOZPAD__ligand1171-0
211,XOZPAD__ligand390-0
212,XOZPAD__ligand86-0
213,XOZPAD__ligand1479-0
214,XOZPAD__ligand1148-0
215,XOZPAD__ligand311-0
216,XOZPAD__ligand369-0
217,XOZPAD__ligand444-0
218,XOZPAD__ligand3246-0
219,XOZPAD__ligand188-0
220,XOZPAD__ligand1114-0
221,XOZPAD__ligand460-0
222,XOZPAD__ligand1538-0
223,XOZPAD__ligand250-0
224,XOZPAD__ligand62-0
225,XOZPAD__ligand370-0
226,XOZPAD__ligand1228-0
227,XOZPAD__ligand9244-0
228,XOZPAD__ligand3041-0
229,XOZPAD__ligand193-0
230,XOZPAD__ligand18-0
231,XOZPAD__ligand830-0
232,XOZPAD__ligand1542-0
233,XOZPAD__ligand2634-0
234,XOZPAD__ligand955-0
235,XOZPAD__ligand252-0
236,XOZPAD__ligand2751-0
237,XOZPAD__ligand3145-0
238,XOZPAD__ligand7915-0
239,XOZPAD__ligand5548-0
240,XOZPAD__ligand1747-0
241,XOZPAD__ligand6686-0
242,XOZPAD__ligand177-0
243,XOZPAD__ligand934-0
244,XOZPAD__ligand2098-0
245,XOZPAD__ligand909-0
246,XOZPAD__ligand6502-0
247,XOZPAD__ligand2863-0
248,XOZPAD__ligand3178-0
249,XOZPAD__ligand6332-0
250,XOZPAD__ligand851-0
251,XOZPAD__ligand5022-0
252,XOZPAD__ligand1169-0
253,XOZPAD__ligand67-0
254,XOZPAD__ligand2880-0
255,XOZPAD__ligand5941-0
256,XOZPAD__ligand1799-0
257,XOZPAD__ligand3838-0
258,XOZPAD__ligand210-0
259,XOZPAD__ligand2838-0
260,XOZPAD__ligand391-0
261,XOZPAD__ligand2142-0
262,XOZPAD__ligand9495-0
263,XOZPAD__ligand2772-0
264,XOZPAD__ligand6151-0
265,XOZPAD__ligand170-0
266,XOZPAD__ligand6538-0
267,XOZPAD__ligand2864-0
268,XOZPAD__ligand314-0
269,XOZPAD__ligand481-0
270,XOZPAD__ligand1052-0
271,XOZPAD__ligand353-0
272,XOZPAD__ligand1273-0
273,XOZPAD__ligand236-0
274,XOZPAD__ligand2265-0
275,XOZPAD__ligand1113-0
276,XOZPAD__ligand6396-0
277,XOZPAD__ligand422-0
278,XOZPAD__ligand9027-0
279,XOZPAD__ligand113-0
280,XOZPAD__ligand1835-0
281,XOZPAD__ligand2794-0
282,XOZPAD__ligand2345-0
283,XOZPAD__ligand4983-0
284,XOZPAD__ligand196-0
285,XOZPAD__ligand502-0
286,XOZPAD__ligand1502-0
287,XOZPAD__ligand1727-0
288,XOZPAD__ligand682-0
289,XOZPAD__ligand1152-0
290,XOZPAD__ligand1607-0
291,XOZPAD__ligand6-0
292,XOZPAD__ligand1567-0
293,XOZPAD__ligand2285-0
294,XOZPAD__ligand8921-0
295,XOZPAD__ligand2510-0
296,XOZPAD__ligand487-0
297,XOZPAD__ligand78-0
298,XOZPAD__ligand666-0
299,XOZPAD__ligand1056-0
300,XOZPAD__ligand2320-0
301,XOZPAD__ligand522-0
302,XOZPAD__ligand85-0
303,XOZPAD__ligand2862-0
304,XOZPAD__ligand45-0
305,XOZPAD__ligand2430-0
306,XOZPAD__ligand1703-0
307,XOZPAD__ligand133-0
308,XOZPAD__ligand447-0
309,XOZPAD__ligand2907-0
310,XOZPAD__ligand7464-0
311,XOZPAD__ligand1598-0
312,XOZPAD__ligand485-0
313,XOZPAD__ligand784-0
314,XOZPAD__ligand1248-0
315,XOZPAD__ligand355-0
316,XOZPAD__ligand4303-0
317,XOZPAD__ligand6294-0
318,XOZPAD__ligand1054-0
319,XOZPAD__ligand3637-0
320,XOZPAD__ligand291-0
321,XOZPAD__ligand4-0
322,XOZPAD__ligand8774-0
323,XOZPAD__ligand115-0
324,XOZPAD__ligand11730-0
