,TMC
0,ICIGIL__ligand1317-0
1,ICIGIL__ligand3867-0
2,ICIGIL__ligand18391-0
3,ICIGIL__ligand2822-0
4,ICIGIL__ligand7293-0
5,ICIGIL__ligand27169-0
6,ICIGIL__ligand14523-0
7,ICIGIL__ligand152-0
8,ICIGIL__ligand2238-0
9,ICIGIL__ligand20599-0
10,ICIGIL__ligand78-0
11,ICIGIL__ligand22981-0
12,ICIGIL__ligand25805-0
13,ICIGIL__ligand9167-0
14,ICIGIL__ligand27074-0
15,ICIGIL__ligand5304-0
16,ICIGIL__ligand7762-0
17,ICIGIL__ligand5080-0
18,ICIGIL__ligand23904-0
19,ICIGIL__ligand21936-0
20,ICIGIL__ligand45-0
21,ICIGIL__ligand13257-0
22,ICIGIL__ligand12467-0
23,ICIGIL__ligand506-0
24,ICIGIL__ligand5509-0
25,ICIGIL__ligand10084-0
26,ICIGIL__ligand8002-0
27,ICIGIL__ligand25267-0
28,ICIGIL__ligand1407-0
29,ICIGIL__ligand6117-0
30,ICIGIL__ligand11140-0
31,ICIGIL__ligand487-0
32,ICIGIL__ligand2221-0
33,ICIGIL__ligand24-0
34,ICIGIL__ligand4358-0
35,ICIGIL__ligand29610-0
36,ICIGIL__ligand3120-0
37,ICIGIL__ligand3926-0
38,ICIGIL__ligand18074-0
39,ICIGIL__ligand13869-0
40,ICIGIL__ligand29863-0
41,ICIGIL__ligand5595-0
42,ICIGIL__ligand4101-0
43,ICIGIL__ligand18799-0
44,ICIGIL__ligand176-0
45,ICIGIL__ligand18465-0
46,ICIGIL__ligand9773-0
47,ICIGIL__ligand1376-0
48,ICIGIL__ligand5510-0
49,ICIGIL__ligand1197-0
50,ICIGIL__ligand28668-0
51,ICIGIL__ligand5099-0
52,ICIGIL__ligand8592-0
53,ICIGIL__ligand447-0
54,ICIGIL__ligand1296-0
55,ICIGIL__ligand2259-0
56,ICIGIL__ligand19-0
57,ICIGIL__ligand16791-0
58,ICIGIL__ligand746-0
59,ICIGIL__ligand25650-0
60,ICIGIL__ligand31248-0
61,ICIGIL__ligand6699-0
62,ICIGIL__ligand1168-0
63,ICIGIL__ligand395-0
64,ICIGIL__ligand1294-0
65,ICIGIL__ligand13209-0
66,ICIGIL__ligand19257-0
67,ICIGIL__ligand12660-0
68,ICIGIL__ligand3632-0
69,ICIGIL__ligand368-0
70,ICIGIL__ligand3677-0
71,ICIGIL__ligand23124-0
72,ICIGIL__ligand1211-0
73,ICIGIL__ligand784-0
74,ICIGIL__ligand11206-0
75,ICIGIL__ligand25735-0
76,ICIGIL__ligand12519-0
77,ICIGIL__ligand6892-0
78,ICIGIL__ligand1499-0
79,ICIGIL__ligand2881-0
80,ICIGIL__ligand1464-0
81,ICIGIL__ligand3712-0
82,ICIGIL__ligand11166-0
83,ICIGIL__ligand833-0
84,ICIGIL__ligand5383-0
85,ICIGIL__ligand2693-0
86,ICIGIL__ligand21132-0
87,ICIGIL__ligand3945-0
88,ICIGIL__ligand23906-0
89,ICIGIL__ligand3736-0
90,ICIGIL__ligand8000-0
91,ICIGIL__ligand9344-0
92,ICIGIL__ligand30539-0
93,ICIGIL__ligand115-0
94,ICIGIL__ligand9883-0
95,ICIGIL__ligand3677-1
96,ICIGIL__ligand25689-0
97,ICIGIL__ligand21787-0
98,ICIGIL__ligand25575-0
99,ICIGIL__ligand7291-0
100,ICIGIL__ligand9299-0
101,ICIGIL__ligand27835-0
102,ICIGIL__ligand12295-0
103,ICIGIL__ligand4007-0
104,ICIGIL__ligand2985-0
105,ICIGIL__ligand314-1
106,ICIGIL__ligand31578-0
107,ICIGIL__ligand17207-0
108,ICIGIL__ligand25224-0
109,ICIGIL__ligand18013-0
110,ICIGIL__ligand17945-0
111,ICIGIL__ligand1289-0
112,ICIGIL__ligand2203-0
113,ICIGIL__ligand5387-0
114,ICIGIL__ligand43-0
115,ICIGIL__ligand24750-0
116,ICIGIL__ligand1599-0
117,ICIGIL__ligand2612-0
118,ICIGIL__ligand15438-0
119,ICIGIL__ligand28924-0
120,ICIGIL__ligand465-0
121,ICIGIL__ligand18703-0
122,ICIGIL__ligand29087-0
123,ICIGIL__ligand9450-0
124,ICIGIL__ligand9943-0
125,ICIGIL__ligand23589-0
126,ICIGIL__ligand1228-0
127,ICIGIL__ligand391-0
128,ICIGIL__ligand24064-0
129,ICIGIL__ligand1604-0
130,ICIGIL__ligand618-0
131,ICIGIL__ligand1832-0
132,ICIGIL__ligand8788-0
133,ICIGIL__ligand15168-0
134,ICIGIL__ligand4-0
135,ICIGIL__ligand2043-0
136,ICIGIL__ligand11432-0
137,ICIGIL__ligand31618-0
138,ICIGIL__ligand10432-0
139,ICIGIL__ligand22755-0
140,ICIGIL__ligand2417-0
141,ICIGIL__ligand29898-0
142,ICIGIL__ligand26277-0
143,ICIGIL__ligand67-0
144,ICIGIL__ligand1114-0
145,ICIGIL__ligand813-0
146,ICIGIL__ligand3126-0
147,ICIGIL__ligand6391-0
148,ICIGIL__ligand314-0
149,ICIGIL__ligand780-0
150,ICIGIL__ligand9284-0
151,ICIGIL__ligand7273-0
152,ICIGIL__ligand14586-0
153,ICIGIL__ligand9323-0
154,ICIGIL__ligand11774-0
155,ICIGIL__ligand7172-0
156,ICIGIL__ligand21421-0
157,ICIGIL__ligand353-0
158,ICIGIL__ligand8612-0
159,ICIGIL__ligand17710-0
160,ICIGIL__ligand20579-0
161,ICIGIL__ligand2124-0
162,ICIGIL__ligand11568-0
163,ICIGIL__ligand7092-0
164,ICIGIL__ligand2260-0
165,ICIGIL__ligand3225-0
166,ICIGIL__ligand1153-0
167,ICIGIL__ligand1116-0
168,ICIGIL__ligand7316-0
169,ICIGIL__ligand5708-0
170,ICIGIL__ligand393-0
171,ICIGIL__ligand31483-0
172,ICIGIL__ligand6017-0
173,ICIGIL__ligand10555-0
174,ICIGIL__ligand19725-0
175,ICIGIL__ligand5180-0
176,ICIGIL__ligand24613-0
177,ICIGIL__ligand422-0
178,ICIGIL__ligand3178-0
179,ICIGIL__ligand4807-0
180,ICIGIL__ligand7196-0
181,ICIGIL__ligand12336-0
182,ICIGIL__ligand5159-0
183,ICIGIL__ligand1356-0
184,ICIGIL__ligand1787-0
185,ICIGIL__ligand5530-0
186,ICIGIL__ligand9753-0
187,ICIGIL__ligand13072-0
188,ICIGIL__ligand686-0
189,ICIGIL__ligand196-0
190,ICIGIL__ligand17590-0
191,ICIGIL__ligand4649-0
192,ICIGIL__ligand8793-0
193,ICIGIL__ligand2788-0
194,ICIGIL__ligand17240-0
195,ICIGIL__ligand5649-0
196,ICIGIL__ligand4711-0
197,ICIGIL__ligand3244-0
198,ICIGIL__ligand18699-0
199,ICIGIL__ligand12682-0
200,ICIGIL__ligand2906-0
201,ICIGIL__ligand620-0
202,ICIGIL__ligand1498-0
203,ICIGIL__ligand370-1
204,ICIGIL__ligand4596-0
205,ICIGIL__ligand13390-0
206,ICIGIL__ligand564-0
207,ICIGIL__ligand20682-0
208,ICIGIL__ligand479-0
209,ICIGIL__ligand785-0
210,ICIGIL__ligand9615-0
211,ICIGIL__ligand311-0
212,ICIGIL__ligand1154-0
213,ICIGIL__ligand1169-0
214,ICIGIL__ligand13208-0
215,ICIGIL__ligand8529-0
216,ICIGIL__ligand26810-0
217,ICIGIL__ligand27482-0
218,ICIGIL__ligand188-0
219,ICIGIL__ligand1-0
220,ICIGIL__ligand31832-0
221,ICIGIL__ligand13294-0
222,ICIGIL__ligand28884-0
223,ICIGIL__ligand13331-0
224,ICIGIL__ligand1050-0
225,ICIGIL__ligand1015-0
226,ICIGIL__ligand12030-0
227,ICIGIL__ligand250-0
228,ICIGIL__ligand14248-0
229,ICIGIL__ligand29879-0
230,ICIGIL__ligand2027-0
231,ICIGIL__ligand4262-0
232,ICIGIL__ligand11456-0
233,ICIGIL__ligand1028-0
234,ICIGIL__ligand14174-0
235,ICIGIL__ligand10712-0
236,ICIGIL__ligand1618-0
237,ICIGIL__ligand2692-0
238,ICIGIL__ligand370-0
239,ICIGIL__ligand25411-0
240,ICIGIL__ligand20251-1
241,ICIGIL__ligand4124-0
242,ICIGIL__ligand4161-0
243,ICIGIL__ligand3471-0
244,ICIGIL__ligand193-0
245,ICIGIL__ligand5415-0
246,ICIGIL__ligand372-0
247,ICIGIL__ligand830-0
248,ICIGIL__ligand16475-0
249,ICIGIL__ligand14703-0
250,ICIGIL__ligand20598-0
251,ICIGIL__ligand11675-0
252,ICIGIL__ligand3180-0
253,ICIGIL__ligand24047-0
254,ICIGIL__ligand10589-0
255,ICIGIL__ligand22557-0
256,ICIGIL__ligand4340-0
257,ICIGIL__ligand2281-0
258,ICIGIL__ligand17398-0
259,ICIGIL__ligand2650-0
260,ICIGIL__ligand2823-0
261,ICIGIL__ligand252-0
262,ICIGIL__ligand6995-0
263,ICIGIL__ligand17278-0
264,ICIGIL__ligand20011-0
265,ICIGIL__ligand17982-0
266,ICIGIL__ligand29414-0
267,ICIGIL__ligand116-0
268,ICIGIL__ligand14889-0
269,ICIGIL__ligand30851-0
270,ICIGIL__ligand8593-0
271,ICIGIL__ligand9944-0
272,ICIGIL__ligand29568-0
273,ICIGIL__ligand18-0
274,ICIGIL__ligand3-0
275,ICIGIL__ligand177-0
276,ICIGIL__ligand7566-0
277,ICIGIL__ligand28789-0
278,ICIGIL__ligand20419-0
279,ICIGIL__ligand21371-0
280,ICIGIL__ligand17118-0
281,ICIGIL__ligand2001-0
282,ICIGIL__ligand5201-0
283,ICIGIL__ligand909-0
284,ICIGIL__ligand14117-0
285,ICIGIL__ligand17261-0
286,ICIGIL__ligand8553-0
287,ICIGIL__ligand1113-0
288,ICIGIL__ligand31097-0
289,ICIGIL__ligand21581-0
290,ICIGIL__ligand20539-0
291,ICIGIL__ligand20214-0
292,ICIGIL__ligand30702-0
293,ICIGIL__ligand20251-0
294,ICIGIL__ligand17631-0
295,ICIGIL__ligand13012-0
296,ICIGIL__ligand6663-0
297,ICIGIL__ligand26665-0
298,ICIGIL__ligand5515-0
299,ICIGIL__ligand14603-0
300,ICIGIL__ligand14297-0
301,ICIGIL__ligand1831-0
302,ICIGIL__ligand5614-0
303,ICIGIL__ligand5280-0
304,ICIGIL__ligand17258-0
305,ICIGIL__ligand868-0
306,ICIGIL__ligand31783-0
307,ICIGIL__ligand783-0
308,ICIGIL__ligand352-0
309,ICIGIL__ligand12934-0
310,ICIGIL__ligand20578-0
311,ICIGIL__ligand15422-0
312,ICIGIL__ligand1216-0
313,ICIGIL__ligand19641-0
314,ICIGIL__ligand14723-0
315,ICIGIL__ligand5019-0
316,ICIGIL__ligand27893-0
317,ICIGIL__ligand3261-0
318,ICIGIL__ligand1152-0
319,ICIGIL__ligand1849-0
320,ICIGIL__ligand30988-0
321,ICIGIL__ligand27175-0
322,ICIGIL__ligand18832-0
323,ICIGIL__ligand23713-0
324,ICIGIL__ligand5755-0
325,ICIGIL__ligand27460-0
326,ICIGIL__ligand4710-0
327,ICIGIL__ligand5085-0
328,ICIGIL__ligand3144-0
329,ICIGIL__ligand197-0
330,ICIGIL__ligand8042-0
331,ICIGIL__ligand16628-0
332,ICIGIL__ligand6112-0
333,ICIGIL__ligand1828-0
334,ICIGIL__ligand12427-0
335,ICIGIL__ligand28468-0
336,ICIGIL__ligand20740-0
337,ICIGIL__ligand7213-0
338,ICIGIL__ligand1397-0
339,ICIGIL__ligand26540-0
340,ICIGIL__ligand5630-0
341,ICIGIL__ligand12337-0
342,ICIGIL__ligand29410-0
343,ICIGIL__ligand1786-0
344,ICIGIL__ligand30296-0
345,ICIGIL__ligand17281-0
346,ICIGIL__ligand12606-0
347,ICIGIL__ligand3285-0
348,ICIGIL__ligand4795-0
349,ICIGIL__ligand1908-0
350,ICIGIL__ligand38-0
351,ICIGIL__ligand30333-0
352,ICIGIL__ligand685-0
353,ICIGIL__ligand9750-0
354,ICIGIL__ligand1779-0
355,ICIGIL__ligand1817-0
356,ICIGIL__ligand14108-0
357,ICIGIL__ligand6993-0
358,ICIGIL__ligand3557-0
359,ICIGIL__ligand3980-0
360,ICIGIL__ligand10958-0
361,ICIGIL__ligand1149-0
362,ICIGIL__ligand7075-0
363,ICIGIL__ligand12641-0
364,ICIGIL__ligand421-0
365,ICIGIL__ligand28676-0
366,ICIGIL__ligand10262-0
367,ICIGIL__ligand27763-0
368,ICIGIL__ligand1288-0
369,ICIGIL__ligand42-0
370,ICIGIL__ligand4167-0
371,ICIGIL__ligand29302-0
372,ICIGIL__ligand13425-0
373,ICIGIL__ligand294-0
374,ICIGIL__ligand18814-0
375,ICIGIL__ligand19057-0
376,ICIGIL__ligand1400-0
377,ICIGIL__ligand4266-0
378,ICIGIL__ligand9491-0
379,ICIGIL__ligand66-0
380,ICIGIL__ligand1150-0
381,ICIGIL__ligand12231-0
382,ICIGIL__ligand18292-0
383,ICIGIL__ligand12289-0
384,ICIGIL__ligand26702-0
385,ICIGIL__ligand13658-0
386,ICIGIL__ligand1539-0
387,ICIGIL__ligand17387-0
388,ICIGIL__ligand12130-0
389,ICIGIL__ligand560-0
390,ICIGIL__ligand10476-0
391,ICIGIL__ligand4207-0
392,ICIGIL__ligand13068-0
393,ICIGIL__ligand19830-0
394,ICIGIL__ligand12401-0
395,ICIGIL__ligand15585-0
396,ICIGIL__ligand3416-0
397,ICIGIL__ligand24145-0
398,ICIGIL__ligand3453-0
399,ICIGIL__ligand25178-0
400,ICIGIL__ligand134-0
401,ICIGIL__ligand3042-0
402,ICIGIL__ligand24185-0
403,ICIGIL__ligand23769-0
404,ICIGIL__ligand235-0
405,ICIGIL__ligand17805-0
406,ICIGIL__ligand17302-0
407,ICIGIL__ligand8200-0
408,ICIGIL__ligand7438-0
409,ICIGIL__ligand4063-0
410,ICIGIL__ligand19792-0
411,ICIGIL__ligand10828-0
412,ICIGIL__ligand15926-0
413,ICIGIL__ligand7529-0
414,ICIGIL__ligand1415-0
415,ICIGIL__ligand6946-0
416,ICIGIL__ligand24230-0
417,ICIGIL__ligand28810-0
418,ICIGIL__ligand11447-0
419,ICIGIL__ligand11096-0
420,ICIGIL__ligand15883-0
421,ICIGIL__ligand324-0
422,ICIGIL__ligand361-0
423,ICIGIL__ligand9148-0
424,ICIGIL__ligand409-0
425,ICIGIL__ligand11970-0
426,ICIGIL__ligand57-0
427,ICIGIL__ligand5483-0
428,ICIGIL__ligand21919-0
429,ICIGIL__ligand5316-0
430,ICIGIL__ligand22294-0
431,ICIGIL__ligand22168-0
432,ICIGIL__ligand28930-0
433,ICIGIL__ligand13862-0
434,ICIGIL__ligand11357-0
435,ICIGIL__ligand28743-0
436,ICIGIL__ligand15531-0
437,ICIGIL__ligand2830-0
438,ICIGIL__ligand1729-0
439,ICIGIL__ligand12365-0
440,ICIGIL__ligand10056-0
441,ICIGIL__ligand5627-0
442,ICIGIL__ligand11994-0
443,ICIGIL__ligand4332-0
444,ICIGIL__ligand31044-0
445,ICIGIL__ligand31842-0
446,ICIGIL__ligand9681-0
447,ICIGIL__ligand24035-0
448,ICIGIL__ligand7530-0
449,ICIGIL__ligand1065-0
450,ICIGIL__ligand14614-0
451,ICIGIL__ligand3012-0
452,ICIGIL__ligand199-0
453,ICIGIL__ligand1449-0
454,ICIGIL__ligand16663-0
455,ICIGIL__ligand588-0
456,ICIGIL__ligand16988-0
457,ICIGIL__ligand25913-0
458,ICIGIL__ligand2403-0
459,ICIGIL__ligand6455-0
460,ICIGIL__ligand6882-0
461,ICIGIL__ligand3934-0
462,ICIGIL__ligand20207-0
463,ICIGIL__ligand30711-0
464,ICIGIL__ligand11682-0
465,ICIGIL__ligand300-0
466,ICIGIL__ligand28459-0
467,ICIGIL__ligand12453-0
468,ICIGIL__ligand18448-0
469,ICIGIL__ligand633-0
470,ICIGIL__ligand7925-0
471,ICIGIL__ligand2068-0
472,ICIGIL__ligand3973-0
473,ICIGIL__ligand497-0
474,ICIGIL__ligand1147-0
475,ICIGIL__ligand19184-0
476,ICIGIL__ligand34-0
477,ICIGIL__ligand18568-0
478,ICIGIL__ligand28685-0
479,ICIGIL__ligand4330-0
480,ICIGIL__ligand13672-0
481,ICIGIL__ligand2599-0
482,ICIGIL__ligand10371-0
483,ICIGIL__ligand4194-0
484,ICIGIL__ligand7532-0
485,ICIGIL__ligand436-0
486,ICIGIL__ligand6062-0
487,ICIGIL__ligand68-0
488,ICIGIL__ligand4738-0
489,ICIGIL__ligand5813-0
490,ICIGIL__ligand23197-0
491,ICIGIL__ligand4813-0
492,ICIGIL__ligand27285-0
493,ICIGIL__ligand29029-0
494,ICIGIL__ligand6283-0
495,ICIGIL__ligand692-0
496,ICIGIL__ligand27669-0
497,ICIGIL__ligand7107-0
498,ICIGIL__ligand30142-0
499,ICIGIL__ligand14167-0
500,ICIGIL__ligand13477-0
501,ICIGIL__ligand3215-0
502,ICIGIL__ligand55-0
503,ICIGIL__ligand326-0
504,ICIGIL__ligand696-0
505,ICIGIL__ligand7557-0
506,ICIGIL__ligand1496-0
507,ICIGIL__ligand21729-0
508,ICIGIL__ligand27239-0
509,ICIGIL__ligand14043-0
510,ICIGIL__ligand28559-0
511,ICIGIL__ligand26324-0
512,ICIGIL__ligand91-0
513,ICIGIL__ligand19927-0
514,ICIGIL__ligand1533-0
515,ICIGIL__ligand5892-0
516,ICIGIL__ligand5094-0
517,ICIGIL__ligand11618-0
518,ICIGIL__ligand51-0
519,ICIGIL__ligand656-0
520,ICIGIL__ligand26529-0
521,ICIGIL__ligand1712-0
522,ICIGIL__ligand4131-0
523,ICIGIL__ligand28540-0
524,ICIGIL__ligand9197-0
525,ICIGIL__ligand11111-0
526,ICIGIL__ligand1900-0
527,ICIGIL__ligand16369-0
528,ICIGIL__ligand27754-0
529,ICIGIL__ligand20695-0
530,ICIGIL__ligand7162-0
531,ICIGIL__ligand3029-0
532,ICIGIL__ligand4581-0
533,ICIGIL__ligand1773-0
534,ICIGIL__ligand22403-0
535,ICIGIL__ligand2328-0
536,ICIGIL__ligand162-0
537,ICIGIL__ligand21399-0
538,ICIGIL__ligand10872-0
539,ICIGIL__ligand2781-0
540,ICIGIL__ligand7573-0
541,ICIGIL__ligand3350-0
542,ICIGIL__ligand226-0
543,ICIGIL__ligand8722-0
544,ICIGIL__ligand12003-0
545,ICIGIL__ligand1327-0
546,ICIGIL__ligand26631-0
547,ICIGIL__ligand16148-0
548,ICIGIL__ligand6672-0
549,ICIGIL__ligand9809-0
550,ICIGIL__ligand416-0
551,ICIGIL__ligand29215-0
552,ICIGIL__ligand48-0
553,ICIGIL__ligand3208-0
554,ICIGIL__ligand383-0
555,ICIGIL__ligand2208-0
556,ICIGIL__ligand12001-0
557,ICIGIL__ligand8349-0
558,ICIGIL__ligand24644-0
559,ICIGIL__ligand1709-0
560,ICIGIL__ligand8464-0
561,ICIGIL__ligand10033-0
562,ICIGIL__ligand2527-0
563,ICIGIL__ligand24872-0
564,ICIGIL__ligand30728-0
565,ICIGIL__ligand27840-0
566,ICIGIL__ligand23175-0
567,ICIGIL__ligand15788-0
568,ICIGIL__ligand17396-0
569,ICIGIL__ligand32-0
570,ICIGIL__ligand5849-0
571,ICIGIL__ligand11587-0
572,ICIGIL__ligand13220-0
573,ICIGIL__ligand670-0
574,ICIGIL__ligand4911-0
575,ICIGIL__ligand24111-0
576,ICIGIL__ligand1771-0
577,ICIGIL__ligand22444-0
578,ICIGIL__ligand13385-0
579,ICIGIL__ligand571-0
580,ICIGIL__ligand534-0
581,ICIGIL__ligand3392-0
582,ICIGIL__ligand14569-0
583,ICIGIL__ligand17427-0
584,ICIGIL__ligand9525-0
585,ICIGIL__ligand1165-0
586,ICIGIL__ligand16-0
587,ICIGIL__ligand3157-0
588,ICIGIL__ligand2722-0
589,ICIGIL__ligand29486-0
590,ICIGIL__ligand1379-0
591,ICIGIL__ligand31694-0
592,ICIGIL__ligand5935-0
593,ICIGIL__ligand1768-0
594,ICIGIL__ligand694-0
595,ICIGIL__ligand1469-0
596,ICIGIL__ligand25561-0
597,ICIGIL__ligand3871-0
598,ICIGIL__ligand12138-0
599,ICIGIL__ligand5357-0
600,ICIGIL__ligand358-0
601,ICIGIL__ligand3647-0
602,ICIGIL__ligand24780-0
603,ICIGIL__ligand430-0
604,ICIGIL__ligand1688-0
605,ICIGIL__ligand22129-0
606,ICIGIL__ligand5056-0
607,ICIGIL__ligand11949-0
608,ICIGIL__ligand488-0
609,ICIGIL__ligand4850-0
610,ICIGIL__ligand6919-0
611,ICIGIL__ligand2485-0
612,ICIGIL__ligand3852-0
613,ICIGIL__ligand122-0
614,ICIGIL__ligand22353-0
615,ICIGIL__ligand3565-0
616,ICIGIL__ligand757-0
617,ICIGIL__ligand5331-0
618,ICIGIL__ligand1512-0
619,ICIGIL__ligand19906-0
620,ICIGIL__ligand19668-0
621,ICIGIL__ligand6839-0
622,ICIGIL__ligand3174-0
623,ICIGIL__ligand1202-0
624,ICIGIL__ligand3937-0
625,ICIGIL__ligand3131-0
626,ICIGIL__ligand8969-0
627,ICIGIL__ligand10151-0
628,ICIGIL__ligand4720-0
629,ICIGIL__ligand3094-0
630,ICIGIL__ligand4155-0
631,ICIGIL__ligand5211-0
632,ICIGIL__ligand11-0
633,ICIGIL__ligand20121-0
634,ICIGIL__ligand15387-0
635,ICIGIL__ligand1263-0
636,ICIGIL__ligand9908-0
637,ICIGIL__ligand20220-0
638,ICIGIL__ligand16952-0
639,ICIGIL__ligand29813-0
640,ICIGIL__ligand7106-0
641,ICIGIL__ligand7242-0
642,ICIGIL__ligand1844-0
643,ICIGIL__ligand4661-0
644,ICIGIL__ligand29441-0
645,ICIGIL__ligand10853-0
646,ICIGIL__ligand10479-0
647,ICIGIL__ligand27610-0
648,ICIGIL__ligand3876-0
649,ICIGIL__ligand1343-0
650,ICIGIL__ligand3035-0
651,ICIGIL__ligand6616-0
652,ICIGIL__ligand11479-0
653,ICIGIL__ligand693-0
654,ICIGIL__ligand3718-0
655,ICIGIL__ligand9935-0
656,ICIGIL__ligand13657-0
657,ICIGIL__ligand14347-0
658,ICIGIL__ligand14302-0
659,ICIGIL__ligand20530-0
660,ICIGIL__ligand1536-0
661,ICIGIL__ligand11698-0
662,ICIGIL__ligand1573-0
663,ICIGIL__ligand69-0
664,ICIGIL__ligand1959-0
665,ICIGIL__ligand24851-0
666,ICIGIL__ligand3504-0
667,ICIGIL__ligand16603-0
668,ICIGIL__ligand240-0
669,ICIGIL__ligand7280-0
670,ICIGIL__ligand1790-0
671,ICIGIL__ligand1304-0
672,ICIGIL__ligand11814-0
673,ICIGIL__ligand141-0
674,ICIGIL__ligand7238-0
675,ICIGIL__ligand4016-0
676,ICIGIL__ligand11622-0
677,ICIGIL__ligand7867-0
678,ICIGIL__ligand16870-0
679,ICIGIL__ligand1219-0
680,ICIGIL__ligand6709-0
681,ICIGIL__ligand15455-0
682,ICIGIL__ligand4442-0
683,ICIGIL__ligand4093-0
684,ICIGIL__ligand3954-0
685,ICIGIL__ligand9520-0
686,ICIGIL__ligand11177-0
687,ICIGIL__ligand1160-0
688,ICIGIL__ligand8699-0
689,ICIGIL__ligand31205-0
690,ICIGIL__ligand8-0
691,ICIGIL__ligand25658-0
692,ICIGIL__ligand17686-0
693,ICIGIL__ligand9784-0
694,ICIGIL__ligand1451-0
695,ICIGIL__ligand4272-0
696,ICIGIL__ligand7629-0
697,ICIGIL__ligand768-0
698,ICIGIL__ligand2232-0
699,ICIGIL__ligand10582-0
700,ICIGIL__ligand13260-0
701,ICIGIL__ligand2176-0
702,ICIGIL__ligand9291-0
703,ICIGIL__ligand11252-0
704,ICIGIL__ligand2828-0
705,ICIGIL__ligand8876-0
706,ICIGIL__ligand7648-0
707,ICIGIL__ligand9833-0
708,ICIGIL__ligand19824-0
709,ICIGIL__ligand5256-0
710,ICIGIL__ligand18067-0
711,ICIGIL__ligand4157-0
712,ICIGIL__ligand20821-0
713,ICIGIL__ligand4503-0
714,ICIGIL__ligand26673-0
715,ICIGIL__ligand4546-0
716,ICIGIL__ligand6768-0
717,ICIGIL__ligand8115-0
718,ICIGIL__ligand7000-0
719,ICIGIL__ligand1982-0
720,ICIGIL__ligand31000-0
721,ICIGIL__ligand11606-0
722,ICIGIL__ligand384-0
723,ICIGIL__ligand1285-0
724,ICIGIL__ligand1018-0
725,ICIGIL__ligand24953-0
726,ICIGIL__ligand4116-0
727,ICIGIL__ligand23445-0
728,ICIGIL__ligand16133-0
729,ICIGIL__ligand13755-0
730,ICIGIL__ligand3707-0
731,ICIGIL__ligand6124-0
732,ICIGIL__ligand27122-0
733,ICIGIL__ligand20432-0
734,ICIGIL__ligand7967-0
735,ICIGIL__ligand9601-0
736,ICIGIL__ligand21940-0
737,ICIGIL__ligand25048-0
738,ICIGIL__ligand8992-0
739,ICIGIL__ligand2526-0
740,ICIGIL__ligand5036-0
741,ICIGIL__ligand1615-0
742,ICIGIL__ligand9952-0
743,ICIGIL__ligand9111-0
744,ICIGIL__ligand30004-0
745,ICIGIL__ligand20557-0
746,ICIGIL__ligand338-0
747,ICIGIL__ligand1324-0
748,ICIGIL__ligand8721-0
749,ICIGIL__ligand5643-0
750,ICIGIL__ligand1823-0
751,ICIGIL__ligand1530-0
752,ICIGIL__ligand1575-0
753,ICIGIL__ligand9933-0
754,ICIGIL__ligand1631-0
755,ICIGIL__ligand9441-0
756,ICIGIL__ligand2332-0
757,ICIGIL__ligand18413-0
758,ICIGIL__ligand20844-0
759,ICIGIL__ligand24624-0
760,ICIGIL__ligand201-0
761,ICIGIL__ligand18757-0
762,ICIGIL__ligand24560-0
763,ICIGIL__ligand279-0
764,ICIGIL__ligand185-0
765,ICIGIL__ligand1378-0
766,ICIGIL__ligand21752-0
767,ICIGIL__ligand178-0
768,ICIGIL__ligand6244-0
769,ICIGIL__ligand30788-0
770,ICIGIL__ligand13691-0
771,ICIGIL__ligand17-0
772,ICIGIL__ligand321-0
773,ICIGIL__ligand3156-0
774,ICIGIL__ligand14339-0
775,ICIGIL__ligand2915-0
776,ICIGIL__ligand657-0
777,ICIGIL__ligand3465-0
778,ICIGIL__ligand20942-1
779,ICIGIL__ligand14226-0
780,ICIGIL__ligand21339-0
781,ICIGIL__ligand16956-0
782,ICIGIL__ligand187-0
783,ICIGIL__ligand3721-0
784,ICIGIL__ligand6904-0
785,ICIGIL__ligand6596-0
786,ICIGIL__ligand6102-0
787,ICIGIL__ligand2917-0
788,ICIGIL__ligand27771-0
789,ICIGIL__ligand7819-0
790,ICIGIL__ligand18158-0
791,ICIGIL__ligand366-0
792,ICIGIL__ligand23682-0
793,ICIGIL__ligand29565-0
794,ICIGIL__ligand777-0
795,ICIGIL__ligand14007-0
796,ICIGIL__ligand18019-1
797,ICIGIL__ligand2295-0
798,ICIGIL__ligand1577-0
799,ICIGIL__ligand6067-0
800,ICIGIL__ligand27550-0
801,ICIGIL__ligand4620-0
802,ICIGIL__ligand941-0
803,ICIGIL__ligand596-0
804,ICIGIL__ligand11501-0
805,ICIGIL__ligand11544-0
806,ICIGIL__ligand49-0
807,ICIGIL__ligand29214-0
808,ICIGIL__ligand126-0
809,ICIGIL__ligand163-0
810,ICIGIL__ligand22357-0
811,ICIGIL__ligand11758-0
812,ICIGIL__ligand4641-0
813,ICIGIL__ligand21448-0
814,ICIGIL__ligand11798-0
815,ICIGIL__ligand7126-0
816,ICIGIL__ligand2028-0
817,ICIGIL__ligand8835-0
818,ICIGIL__ligand20731-0
819,ICIGIL__ligand12413-0
820,ICIGIL__ligand29334-0
821,ICIGIL__ligand17445-0
822,ICIGIL__ligand845-0
823,ICIGIL__ligand1142-0
824,ICIGIL__ligand3234-0
825,ICIGIL__ligand89-0
826,ICIGIL__ligand14477-0
827,ICIGIL__ligand17069-0
