,TMC
0,SUGMUE__ligand17281-0
1,SUGMUE__ligand4641-0
2,SUGMUE__ligand30296-0
3,SUGMUE__ligand12337-0
4,SUGMUE__ligand29410-0
5,SUGMUE__ligand26540-0
6,SUGMUE__ligand30333-0
7,SUGMUE__ligand42-0
8,SUGMUE__ligand12606-0
9,SUGMUE__ligand833-0
10,SUGMUE__ligand1142-0
11,SUGMUE__ligand3234-0
12,SUGMUE__ligand27460-0
13,SUGMUE__ligand7126-0
14,SUGMUE__ligand20740-0
15,SUGMUE__ligand28468-0
16,SUGMUE__ligand8835-0
17,SUGMUE__ligand2028-0
18,SUGMUE__ligand12427-0
19,SUGMUE__ligand16628-0
20,SUGMUE__ligand115-0
21,SUGMUE__ligand368-0
22,SUGMUE__ligand2917-0
23,SUGMUE__ligand4-0
24,SUGMUE__ligand27893-0
25,SUGMUE__ligand14723-0
26,SUGMUE__ligand7819-0
27,SUGMUE__ligand19641-0
28,SUGMUE__ligand15422-0
29,SUGMUE__ligand12934-0
30,SUGMUE__ligand395-0
31,SUGMUE__ligand20578-0
32,SUGMUE__ligand18832-0
33,SUGMUE__ligand27175-0
34,SUGMUE__ligand3465-0
35,SUGMUE__ligand23713-0
36,SUGMUE__ligand30988-0
37,SUGMUE__ligand6102-0
38,SUGMUE__ligand6596-0
39,SUGMUE__ligand3721-0
40,SUGMUE__ligand6904-0
41,SUGMUE__ligand17258-0
42,SUGMUE__ligand14297-0
43,SUGMUE__ligand14603-0
44,SUGMUE__ligand26665-0
45,SUGMUE__ligand4620-0
46,SUGMUE__ligand17631-0
47,SUGMUE__ligand13012-0
48,SUGMUE__ligand66-0
49,SUGMUE__ligand784-0
50,SUGMUE__ligand31783-0
51,SUGMUE__ligand1577-0
52,SUGMUE__ligand6067-0
53,SUGMUE__ligand2295-0
54,SUGMUE__ligand9441-0
55,SUGMUE__ligand23769-0
56,SUGMUE__ligand24185-0
57,SUGMUE__ligand2332-0
58,SUGMUE__ligand25178-0
59,SUGMUE__ligand1575-0
60,SUGMUE__ligand1530-0
61,SUGMUE__ligand17302-0
62,SUGMUE__ligand9933-0
63,SUGMUE__ligand1631-0
64,SUGMUE__ligand17805-0
65,SUGMUE__ligand487-0
66,SUGMUE__ligand12130-0
67,SUGMUE__ligand17387-0
68,SUGMUE__ligand746-0
69,SUGMUE__ligand12289-0
70,SUGMUE__ligand18292-0
71,SUGMUE__ligand13658-0
72,SUGMUE__ligand26702-0
73,SUGMUE__ligand12231-0
74,SUGMUE__ligand447-0
75,SUGMUE__ligand2915-0
76,SUGMUE__ligand3156-0
77,SUGMUE__ligand24145-0
78,SUGMUE__ligand1378-0
79,SUGMUE__ligand15585-0
80,SUGMUE__ligand12401-0
81,SUGMUE__ligand19830-0
82,SUGMUE__ligand6244-0
83,SUGMUE__ligand13068-0
84,SUGMUE__ligand176-0
85,SUGMUE__ligand10476-0
86,SUGMUE__ligand9601-0
87,SUGMUE__ligand27763-0
88,SUGMUE__ligand38-0
89,SUGMUE__ligand10262-0
90,SUGMUE__ligand8992-0
91,SUGMUE__ligand28676-0
92,SUGMUE__ligand1018-0
93,SUGMUE__ligand152-0
94,SUGMUE__ligand18814-0
95,SUGMUE__ligand19057-0
96,SUGMUE__ligand4116-0
97,SUGMUE__ligand13425-0
98,SUGMUE__ligand29302-0
99,SUGMUE__ligand7967-0
100,SUGMUE__ligand6124-0
101,SUGMUE__ligand3707-0
102,SUGMUE__ligand1324-0
103,SUGMUE__ligand14108-0
104,SUGMUE__ligand8721-0
105,SUGMUE__ligand506-0
106,SUGMUE__ligand1823-0
107,SUGMUE__ligand5643-0
108,SUGMUE__ligand12641-0
109,SUGMUE__ligand1615-0
110,SUGMUE__ligand2526-0
111,SUGMUE__ligand5036-0
112,SUGMUE__ligand9952-0
113,SUGMUE__ligand9111-0
114,SUGMUE__ligand10958-0
115,SUGMUE__ligand14174-0
116,SUGMUE__ligand9833-0
117,SUGMUE__ligand7648-0
118,SUGMUE__ligand10712-0
119,SUGMUE__ligand686-0
120,SUGMUE__ligand8876-0
121,SUGMUE__ligand2828-0
122,SUGMUE__ligand5256-0
123,SUGMUE__ligand11456-0
124,SUGMUE__ligand4157-0
125,SUGMUE__ligand2232-0
126,SUGMUE__ligand25411-0
127,SUGMUE__ligand2176-0
128,SUGMUE__ligand9291-0
129,SUGMUE__ligand422-0
130,SUGMUE__ligand8115-0
131,SUGMUE__ligand6768-0
132,SUGMUE__ligand1982-0
133,SUGMUE__ligand7000-0
134,SUGMUE__ligand13294-0
135,SUGMUE__ligand31832-0
136,SUGMUE__ligand1285-0
137,SUGMUE__ligand29879-0
138,SUGMUE__ligand14248-0
139,SUGMUE__ligand12030-0
140,SUGMUE__ligand4546-0
141,SUGMUE__ligand4503-0
142,SUGMUE__ligand196-0
143,SUGMUE__ligand28884-0
144,SUGMUE__ligand13331-0
145,SUGMUE__ligand26810-0
146,SUGMUE__ligand4016-0
147,SUGMUE__ligand27482-0
148,SUGMUE__ligand13208-0
149,SUGMUE__ligand7867-0
150,SUGMUE__ligand353-0
151,SUGMUE__ligand1219-0
152,SUGMUE__ligand6709-0
153,SUGMUE__ligand1304-0
154,SUGMUE__ligand1790-0
155,SUGMUE__ligand7280-0
156,SUGMUE__ligand7238-0
157,SUGMUE__ligand13390-0
158,SUGMUE__ligand9784-0
159,SUGMUE__ligand4272-0
160,SUGMUE__ligand1451-0
161,SUGMUE__ligand7629-0
162,SUGMUE__ligand3954-0
163,SUGMUE__ligand4093-0
164,SUGMUE__ligand4442-0
165,SUGMUE__ligand9520-0
166,SUGMUE__ligand393-0
167,SUGMUE__ligand20682-0
168,SUGMUE__ligand8699-0
169,SUGMUE__ligand18-0
170,SUGMUE__ligand1160-0
171,SUGMUE__ligand14117-0
172,SUGMUE__ligand17261-0
173,SUGMUE__ligand7106-0
174,SUGMUE__ligand618-0
175,SUGMUE__ligand7242-0
176,SUGMUE__ligand20251-0
177,SUGMUE__ligand20214-0
178,SUGMUE__ligand30702-0
179,SUGMUE__ligand20539-0
180,SUGMUE__ligand391-0
181,SUGMUE__ligand9908-0
182,SUGMUE__ligand31097-0
183,SUGMUE__ligand21581-0
184,SUGMUE__ligand1263-0
185,SUGMUE__ligand314-0
186,SUGMUE__ligand780-0
187,SUGMUE__ligand9935-0
188,SUGMUE__ligand29568-0
189,SUGMUE__ligand1573-0
190,SUGMUE__ligand1536-0
191,SUGMUE__ligand813-0
192,SUGMUE__ligand1959-0
193,SUGMUE__ligand3504-0
194,SUGMUE__ligand14889-0
195,SUGMUE__ligand30851-0
196,SUGMUE__ligand1844-0
197,SUGMUE__ligand4661-0
198,SUGMUE__ligand21371-0
199,SUGMUE__ligand17118-0
200,SUGMUE__ligand20419-0
201,SUGMUE__ligand6616-0
202,SUGMUE__ligand3876-0
203,SUGMUE__ligand1343-0
204,SUGMUE__ligand3035-0
205,SUGMUE__ligand28789-0
206,SUGMUE__ligand3718-0
207,SUGMUE__ligand3565-0
208,SUGMUE__ligand17398-0
209,SUGMUE__ligand1512-0
210,SUGMUE__ligand24047-0
211,SUGMUE__ligand5331-0
212,SUGMUE__ligand22557-0
213,SUGMUE__ligand10589-0
214,SUGMUE__ligand20598-0
215,SUGMUE__ligand11675-0
216,SUGMUE__ligand17982-0
217,SUGMUE__ligand6919-0
218,SUGMUE__ligand29414-0
219,SUGMUE__ligand3852-0
220,SUGMUE__ligand17278-0
221,SUGMUE__ligand20011-0
222,SUGMUE__ligand2485-0
223,SUGMUE__ligand314-1
224,SUGMUE__ligand4155-0
225,SUGMUE__ligand3094-0
226,SUGMUE__ligand5211-0
227,SUGMUE__ligand20251-1
228,SUGMUE__ligand16475-0
229,SUGMUE__ligand14703-0
230,SUGMUE__ligand6839-0
231,SUGMUE__ligand465-0
232,SUGMUE__ligand8969-0
233,SUGMUE__ligand3131-0
234,SUGMUE__ligand3174-0
235,SUGMUE__ligand1202-0
236,SUGMUE__ligand3937-0
237,SUGMUE__ligand4720-0
238,SUGMUE__ligand2722-0
239,SUGMUE__ligand26277-0
240,SUGMUE__ligand29898-0
241,SUGMUE__ligand1379-0
242,SUGMUE__ligand5935-0
243,SUGMUE__ligand22755-0
244,SUGMUE__ligand31618-0
245,SUGMUE__ligand11432-0
246,SUGMUE__ligand10432-0
247,SUGMUE__ligand177-0
248,SUGMUE__ligand9525-0
249,SUGMUE__ligand1165-0
250,SUGMUE__ligand3157-0
251,SUGMUE__ligand24064-0
252,SUGMUE__ligand3647-0
253,SUGMUE__ligand5357-0
254,SUGMUE__ligand1688-0
255,SUGMUE__ligand4850-0
256,SUGMUE__ligand5056-0
257,SUGMUE__ligand23589-0
258,SUGMUE__ligand1768-0
259,SUGMUE__ligand909-0
260,SUGMUE__ligand1469-0
261,SUGMUE__ligand3871-0
262,SUGMUE__ligand15168-0
263,SUGMUE__ligand830-0
264,SUGMUE__ligand28924-0
265,SUGMUE__ligand15438-0
266,SUGMUE__ligand2527-0
267,SUGMUE__ligand372-0
268,SUGMUE__ligand193-0
269,SUGMUE__ligand29087-0
270,SUGMUE__ligand8349-0
271,SUGMUE__ligand18703-0
272,SUGMUE__ligand8464-0
273,SUGMUE__ligand1709-0
274,SUGMUE__ligand116-0
275,SUGMUE__ligand17945-0
276,SUGMUE__ligand18013-0
277,SUGMUE__ligand25224-0
278,SUGMUE__ligand1771-0
279,SUGMUE__ligand4911-0
280,SUGMUE__ligand31578-0
281,SUGMUE__ligand252-0
282,SUGMUE__ligand17207-0
283,SUGMUE__ligand3392-0
284,SUGMUE__ligand24750-0
285,SUGMUE__ligand5849-0
286,SUGMUE__ligand7162-0
287,SUGMUE__ligand3029-0
288,SUGMUE__ligand17240-0
289,SUGMUE__ligand250-0
290,SUGMUE__ligand1773-0
291,SUGMUE__ligand4581-0
292,SUGMUE__ligand17590-0
293,SUGMUE__ligand2328-0
294,SUGMUE__ligand9197-0
295,SUGMUE__ligand1900-0
296,SUGMUE__ligand12682-0
297,SUGMUE__ligand18699-0
298,SUGMUE__ligand370-0
299,SUGMUE__ligand2208-0
300,SUGMUE__ligand43-0
301,SUGMUE__ligand3208-0
302,SUGMUE__ligand13072-0
303,SUGMUE__ligand3350-0
304,SUGMUE__ligand7573-0
305,SUGMUE__ligand2781-0
306,SUGMUE__ligand8722-0
307,SUGMUE__ligand12336-0
308,SUGMUE__ligand9809-0
309,SUGMUE__ligand6672-0
310,SUGMUE__ligand1327-0
311,SUGMUE__ligand10555-0
312,SUGMUE__ligand67-0
313,SUGMUE__ligand31483-0
314,SUGMUE__ligand785-0
315,SUGMUE__ligand311-0
316,SUGMUE__ligand1533-0
317,SUGMUE__ligand479-0
318,SUGMUE__ligand24613-0
319,SUGMUE__ligand564-0
320,SUGMUE__ligand1496-0
321,SUGMUE__ligand19725-0
322,SUGMUE__ligand370-1
323,SUGMUE__ligand7557-0
324,SUGMUE__ligand620-0
325,SUGMUE__ligand4131-0
326,SUGMUE__ligand21421-0
327,SUGMUE__ligand1712-0
328,SUGMUE__ligand11774-0
329,SUGMUE__ligand14586-0
330,SUGMUE__ligand188-0
331,SUGMUE__ligand5094-0
332,SUGMUE__ligand5892-0
333,SUGMUE__ligand11568-0
334,SUGMUE__ligand17710-0
335,SUGMUE__ligand20579-0
336,SUGMUE__ligand6283-0
337,SUGMUE__ligand18465-0
338,SUGMUE__ligand18799-0
339,SUGMUE__ligand560-0
340,SUGMUE__ligand16791-0
341,SUGMUE__ligand6062-0
342,SUGMUE__ligand4738-0
343,SUGMUE__ligand4813-0
344,SUGMUE__ligand5813-0
345,SUGMUE__ligand28668-0
346,SUGMUE__ligand3215-0
347,SUGMUE__ligand29610-0
348,SUGMUE__ligand1-0
349,SUGMUE__ligand11140-0
350,SUGMUE__ligand235-0
351,SUGMUE__ligand7107-0
352,SUGMUE__ligand29863-0
353,SUGMUE__ligand134-0
354,SUGMUE__ligand18074-0
355,SUGMUE__ligand13869-0
356,SUGMUE__ligand13257-0
357,SUGMUE__ligand421-0
358,SUGMUE__ligand21936-0
359,SUGMUE__ligand3973-0
360,SUGMUE__ligand23904-0
361,SUGMUE__ligand1147-0
362,SUGMUE__ligand25267-0
363,SUGMUE__ligand10084-0
364,SUGMUE__ligand7925-0
365,SUGMUE__ligand2068-0
366,SUGMUE__ligand685-0
367,SUGMUE__ligand12467-0
368,SUGMUE__ligand4194-0
369,SUGMUE__ligand27169-0
370,SUGMUE__ligand294-0
371,SUGMUE__ligand14523-0
372,SUGMUE__ligand18391-0
373,SUGMUE__ligand7532-0
374,SUGMUE__ligand27074-0
375,SUGMUE__ligand4330-0
376,SUGMUE__ligand25805-0
377,SUGMUE__ligand22981-0
378,SUGMUE__ligand20599-0
379,SUGMUE__ligand2599-0
380,SUGMUE__ligand1065-0
381,SUGMUE__ligand21787-0
382,SUGMUE__ligand7530-0
383,SUGMUE__ligand25575-0
384,SUGMUE__ligand25689-0
385,SUGMUE__ligand3012-0
386,SUGMUE__ligand197-0
387,SUGMUE__ligand1449-0
388,SUGMUE__ligand4332-0
389,SUGMUE__ligand12295-0
390,SUGMUE__ligand45-0
391,SUGMUE__ligand9681-0
392,SUGMUE__ligand27835-0
393,SUGMUE__ligand78-0
394,SUGMUE__ligand23906-0
395,SUGMUE__ligand6882-0
396,SUGMUE__ligand6455-0
397,SUGMUE__ligand3934-0
398,SUGMUE__ligand21132-0
399,SUGMUE__ligand11166-0
400,SUGMUE__ligand30539-0
401,SUGMUE__ligand2403-0
402,SUGMUE__ligand12519-0
403,SUGMUE__ligand3-0
404,SUGMUE__ligand25735-0
405,SUGMUE__ligand9148-0
406,SUGMUE__ligand11206-0
407,SUGMUE__ligand868-0
408,SUGMUE__ligand19-0
409,SUGMUE__ligand23124-0
410,SUGMUE__ligand7529-0
411,SUGMUE__ligand1415-0
412,SUGMUE__ligand6946-0
413,SUGMUE__ligand31248-0
414,SUGMUE__ligand25650-0
415,SUGMUE__ligand2830-0
416,SUGMUE__ligand1729-0
417,SUGMUE__ligand5627-0
418,SUGMUE__ligand5483-0
419,SUGMUE__ligand24-0
420,SUGMUE__ligand12660-0
421,SUGMUE__ligand19257-0
422,SUGMUE__ligand13209-0
423,SUGMUE__ligand5316-0
424,SUGMUE__ligand352-0
425,SUGMUE__ligand783-0
426,SUGMUE__ligand692-0
427,SUGMUE__ligand21752-0
428,SUGMUE__ligand4207-0
429,SUGMUE__ligand3453-0
430,SUGMUE__ligand3416-0
431,SUGMUE__ligand1150-0
432,SUGMUE__ligand14339-0
433,SUGMUE__ligand436-0
434,SUGMUE__ligand30788-0
435,SUGMUE__ligand1539-0
436,SUGMUE__ligand13691-0
437,SUGMUE__ligand326-0
438,SUGMUE__ligand7438-0
439,SUGMUE__ligand8200-0
440,SUGMUE__ligand4063-0
441,SUGMUE__ligand18757-0
442,SUGMUE__ligand24560-0
443,SUGMUE__ligand20844-0
444,SUGMUE__ligand18413-0
445,SUGMUE__ligand3042-0
446,SUGMUE__ligand24624-0
447,SUGMUE__ligand20557-0
448,SUGMUE__ligand30004-0
449,SUGMUE__ligand3980-0
450,SUGMUE__ligand3557-0
451,SUGMUE__ligand1149-0
452,SUGMUE__ligand497-0
453,SUGMUE__ligand7075-0
454,SUGMUE__ligand89-0
455,SUGMUE__ligand9750-0
456,SUGMUE__ligand1779-0
457,SUGMUE__ligand633-0
458,SUGMUE__ligand6993-0
459,SUGMUE__ligand1817-0
460,SUGMUE__ligand4167-0
461,SUGMUE__ligand27122-0
462,SUGMUE__ligand20432-0
463,SUGMUE__ligand13755-0
464,SUGMUE__ligand16133-0
465,SUGMUE__ligand23445-0
466,SUGMUE__ligand1400-0
467,SUGMUE__ligand4266-0
468,SUGMUE__ligand24953-0
469,SUGMUE__ligand9491-0
470,SUGMUE__ligand25048-0
471,SUGMUE__ligand21940-0
472,SUGMUE__ligand1288-0
473,SUGMUE__ligand49-0
474,SUGMUE__ligand8042-0
475,SUGMUE__ligand12413-0
476,SUGMUE__ligand29334-0
477,SUGMUE__ligand6112-0
478,SUGMUE__ligand20731-0
479,SUGMUE__ligand199-0
480,SUGMUE__ligand1828-0
481,SUGMUE__ligand11798-0
482,SUGMUE__ligand1397-0
483,SUGMUE__ligand7213-0
484,SUGMUE__ligand4710-0
485,SUGMUE__ligand5755-0
486,SUGMUE__ligand17069-0
487,SUGMUE__ligand14477-0
488,SUGMUE__ligand3144-0
489,SUGMUE__ligand5085-0
490,SUGMUE__ligand17445-0
491,SUGMUE__ligand29214-0
492,SUGMUE__ligand300-0
493,SUGMUE__ligand3285-0
494,SUGMUE__ligand4795-0
495,SUGMUE__ligand11544-0
496,SUGMUE__ligand1908-0
497,SUGMUE__ligand11501-0
498,SUGMUE__ligand588-0
499,SUGMUE__ligand5630-0
500,SUGMUE__ligand21448-0
501,SUGMUE__ligand22357-0
502,SUGMUE__ligand11758-0
503,SUGMUE__ligand1786-0
504,SUGMUE__ligand17-0
505,SUGMUE__ligand18019-1
506,SUGMUE__ligand409-0
507,SUGMUE__ligand14007-0
508,SUGMUE__ligand324-0
509,SUGMUE__ligand361-0
510,SUGMUE__ligand5515-0
511,SUGMUE__ligand27550-0
512,SUGMUE__ligand6663-0
513,SUGMUE__ligand5280-0
514,SUGMUE__ligand5614-0
515,SUGMUE__ligand1831-0
516,SUGMUE__ligand20942-1
517,SUGMUE__ligand16956-0
518,SUGMUE__ligand14226-0
519,SUGMUE__ligand21339-0
520,SUGMUE__ligand1849-0
521,SUGMUE__ligand29565-0
522,SUGMUE__ligand23682-0
523,SUGMUE__ligand1216-0
524,SUGMUE__ligand18158-0
525,SUGMUE__ligand5019-0
526,SUGMUE__ligand1152-0
527,SUGMUE__ligand3261-0
528,SUGMUE__ligand27771-0
529,SUGMUE__ligand10479-0
530,SUGMUE__ligand27610-0
531,SUGMUE__ligand7566-0
532,SUGMUE__ligand11479-0
533,SUGMUE__ligand29441-0
534,SUGMUE__ligand10853-0
535,SUGMUE__ligand2001-0
536,SUGMUE__ligand24851-0
537,SUGMUE__ligand9944-0
538,SUGMUE__ligand8593-0
539,SUGMUE__ligand20530-0
540,SUGMUE__ligand11698-0
541,SUGMUE__ligand14302-0
542,SUGMUE__ligand13657-0
543,SUGMUE__ligand14347-0
544,SUGMUE__ligand8553-0
545,SUGMUE__ligand1113-0
546,SUGMUE__ligand488-0
547,SUGMUE__ligand20220-0
548,SUGMUE__ligand430-0
549,SUGMUE__ligand15387-0
550,SUGMUE__ligand358-0
551,SUGMUE__ligand20121-0
552,SUGMUE__ligand5201-0
553,SUGMUE__ligand694-0
554,SUGMUE__ligand29813-0
555,SUGMUE__ligand16952-0
556,SUGMUE__ligand5415-0
557,SUGMUE__ligand10151-0
558,SUGMUE__ligand4161-0
559,SUGMUE__ligand3471-0
560,SUGMUE__ligand4124-0
561,SUGMUE__ligand22353-0
562,SUGMUE__ligand2823-0
563,SUGMUE__ligand571-0
564,SUGMUE__ligand534-0
565,SUGMUE__ligand6995-0
566,SUGMUE__ligand670-0
567,SUGMUE__ligand19668-0
568,SUGMUE__ligand19906-0
569,SUGMUE__ligand3180-0
570,SUGMUE__ligand2650-0
571,SUGMUE__ligand2281-0
572,SUGMUE__ligand4340-0
573,SUGMUE__ligand1015-0
574,SUGMUE__ligand26673-0
575,SUGMUE__ligand1050-0
576,SUGMUE__ligand20821-0
577,SUGMUE__ligand2027-0
578,SUGMUE__ligand11606-0
579,SUGMUE__ligand31000-0
580,SUGMUE__ligand383-0
581,SUGMUE__ligand11252-0
582,SUGMUE__ligand1618-0
583,SUGMUE__ligand2692-0
584,SUGMUE__ligand416-0
585,SUGMUE__ligand10582-0
586,SUGMUE__ligand13260-0
587,SUGMUE__ligand4262-0
588,SUGMUE__ligand226-0
589,SUGMUE__ligand19824-0
590,SUGMUE__ligand18067-0
591,SUGMUE__ligand162-0
592,SUGMUE__ligand1028-0
593,SUGMUE__ligand11177-0
594,SUGMUE__ligand9615-0
595,SUGMUE__ligand1154-0
596,SUGMUE__ligand69-0
597,SUGMUE__ligand15455-0
598,SUGMUE__ligand1498-0
599,SUGMUE__ligand4596-0
600,SUGMUE__ligand696-0
601,SUGMUE__ligand17686-0
602,SUGMUE__ligand25658-0
603,SUGMUE__ligand31205-0
604,SUGMUE__ligand11814-0
605,SUGMUE__ligand16603-0
606,SUGMUE__ligand656-0
607,SUGMUE__ligand16870-0
608,SUGMUE__ligand1169-0
609,SUGMUE__ligand11-0
610,SUGMUE__ligand8529-0
611,SUGMUE__ligand11622-0
612,SUGMUE__ligand7196-0
613,SUGMUE__ligand26631-0
614,SUGMUE__ligand16148-0
615,SUGMUE__ligand5159-0
616,SUGMUE__ligand12003-0
617,SUGMUE__ligand5530-0
618,SUGMUE__ligand1787-0
619,SUGMUE__ligand1356-0
620,SUGMUE__ligand9753-0
621,SUGMUE__ligand21399-0
622,SUGMUE__ligand10872-0
623,SUGMUE__ligand3178-0
624,SUGMUE__ligand29215-0
625,SUGMUE__ligand32-0
626,SUGMUE__ligand768-0
627,SUGMUE__ligand4807-0
628,SUGMUE__ligand3244-0
629,SUGMUE__ligand4711-0
630,SUGMUE__ligand20695-0
631,SUGMUE__ligand27754-0
632,SUGMUE__ligand384-0
633,SUGMUE__ligand16369-0
634,SUGMUE__ligand2906-0
635,SUGMUE__ligand28540-0
636,SUGMUE__ligand11111-0
637,SUGMUE__ligand22403-0
638,SUGMUE__ligand5649-0
639,SUGMUE__ligand2788-0
640,SUGMUE__ligand8793-0
641,SUGMUE__ligand4649-0
642,SUGMUE__ligand8612-0
643,SUGMUE__ligand11618-0
644,SUGMUE__ligand2124-0
645,SUGMUE__ligand1116-0
646,SUGMUE__ligand3225-0
647,SUGMUE__ligand1153-0
648,SUGMUE__ligand2260-0
649,SUGMUE__ligand7092-0
650,SUGMUE__ligand7273-0
651,SUGMUE__ligand141-0
652,SUGMUE__ligand9323-0
653,SUGMUE__ligand7172-0
654,SUGMUE__ligand240-0
655,SUGMUE__ligand26529-0
656,SUGMUE__ligand21729-0
657,SUGMUE__ligand27239-0
658,SUGMUE__ligand5180-0
659,SUGMUE__ligand7316-0
660,SUGMUE__ligand19927-0
661,SUGMUE__ligand5708-0
662,SUGMUE__ligand16-0
663,SUGMUE__ligand28559-0
664,SUGMUE__ligand6017-0
665,SUGMUE__ligand26324-0
666,SUGMUE__ligand14043-0
667,SUGMUE__ligand8788-0
668,SUGMUE__ligand25561-0
669,SUGMUE__ligand1832-0
670,SUGMUE__ligand2043-0
671,SUGMUE__ligand1228-0
672,SUGMUE__ligand9943-0
673,SUGMUE__ligand11949-0
674,SUGMUE__ligand22129-0
675,SUGMUE__ligand51-0
676,SUGMUE__ligand12138-0
677,SUGMUE__ligand1604-0
678,SUGMUE__ligand24780-0
679,SUGMUE__ligand1114-0
680,SUGMUE__ligand6391-0
681,SUGMUE__ligand3126-0
682,SUGMUE__ligand17427-0
683,SUGMUE__ligand91-0
684,SUGMUE__ligand9284-0
685,SUGMUE__ligand693-0
686,SUGMUE__ligand31694-0
687,SUGMUE__ligand29486-0
688,SUGMUE__ligand2417-0
689,SUGMUE__ligand13220-0
690,SUGMUE__ligand11587-0
691,SUGMUE__ligand757-0
692,SUGMUE__ligand17396-0
693,SUGMUE__ligand1289-0
694,SUGMUE__ligand23175-0
695,SUGMUE__ligand5387-0
696,SUGMUE__ligand48-0
697,SUGMUE__ligand15788-0
698,SUGMUE__ligand2203-0
699,SUGMUE__ligand14569-0
700,SUGMUE__ligand122-0
701,SUGMUE__ligand13385-0
702,SUGMUE__ligand24111-0
703,SUGMUE__ligand22444-0
704,SUGMUE__ligand10033-0
705,SUGMUE__ligand24644-0
706,SUGMUE__ligand9450-0
707,SUGMUE__ligand12001-0
708,SUGMUE__ligand27840-0
709,SUGMUE__ligand1599-0
710,SUGMUE__ligand30728-0
711,SUGMUE__ligand2612-0
712,SUGMUE__ligand24872-0
713,SUGMUE__ligand16988-0
714,SUGMUE__ligand3736-0
715,SUGMUE__ligand25913-0
716,SUGMUE__ligand8000-0
717,SUGMUE__ligand126-0
718,SUGMUE__ligand163-0
719,SUGMUE__ligand9344-0
720,SUGMUE__ligand11682-0
721,SUGMUE__ligand5383-0
722,SUGMUE__ligand2693-0
723,SUGMUE__ligand20207-0
724,SUGMUE__ligand30711-0
725,SUGMUE__ligand3945-0
726,SUGMUE__ligand24035-0
727,SUGMUE__ligand9299-0
728,SUGMUE__ligand2985-0
729,SUGMUE__ligand31842-0
730,SUGMUE__ligand4007-0
731,SUGMUE__ligand31044-0
732,SUGMUE__ligand11994-0
733,SUGMUE__ligand34-0
734,SUGMUE__ligand845-0
735,SUGMUE__ligand3677-1
736,SUGMUE__ligand9883-0
737,SUGMUE__ligand16663-0
738,SUGMUE__ligand14614-0
739,SUGMUE__ligand7291-0
740,SUGMUE__ligand1168-0
741,SUGMUE__ligand28930-0
742,SUGMUE__ligand22168-0
743,SUGMUE__ligand55-0
744,SUGMUE__ligand22294-0
745,SUGMUE__ligand1294-0
746,SUGMUE__ligand21919-0
747,SUGMUE__ligand366-0
748,SUGMUE__ligand3677-0
749,SUGMUE__ligand3632-0
750,SUGMUE__ligand10056-0
751,SUGMUE__ligand12365-0
752,SUGMUE__ligand187-0
753,SUGMUE__ligand13862-0
754,SUGMUE__ligand11357-0
755,SUGMUE__ligand6699-0
756,SUGMUE__ligand15531-0
757,SUGMUE__ligand28743-0
758,SUGMUE__ligand657-0
759,SUGMUE__ligand941-0
760,SUGMUE__ligand596-0
761,SUGMUE__ligand28810-0
762,SUGMUE__ligand11096-0
763,SUGMUE__ligand11447-0
764,SUGMUE__ligand1499-0
765,SUGMUE__ligand24230-0
766,SUGMUE__ligand2881-0
767,SUGMUE__ligand15926-0
768,SUGMUE__ligand1464-0
769,SUGMUE__ligand3712-0
770,SUGMUE__ligand19792-0
771,SUGMUE__ligand10828-0
772,SUGMUE__ligand1211-0
773,SUGMUE__ligand11970-0
774,SUGMUE__ligand6892-0
775,SUGMUE__ligand68-0
776,SUGMUE__ligand777-0
777,SUGMUE__ligand15883-0
778,SUGMUE__ligand201-0
779,SUGMUE__ligand14167-0
780,SUGMUE__ligand13477-0
781,SUGMUE__ligand4101-0
782,SUGMUE__ligand30142-0
783,SUGMUE__ligand5595-0
784,SUGMUE__ligand27669-0
785,SUGMUE__ligand2221-0
786,SUGMUE__ligand4358-0
787,SUGMUE__ligand3926-0
788,SUGMUE__ligand3120-0
789,SUGMUE__ligand23197-0
790,SUGMUE__ligand1197-0
791,SUGMUE__ligand8592-0
792,SUGMUE__ligand5099-0
793,SUGMUE__ligand321-0
794,SUGMUE__ligand8-0
795,SUGMUE__ligand1296-0
796,SUGMUE__ligand57-0
797,SUGMUE__ligand2259-0
798,SUGMUE__ligand178-0
799,SUGMUE__ligand27285-0
800,SUGMUE__ligand29029-0
801,SUGMUE__ligand9773-0
802,SUGMUE__ligand185-0
803,SUGMUE__ligand5510-0
804,SUGMUE__ligand279-0
805,SUGMUE__ligand1376-0
806,SUGMUE__ligand13672-0
807,SUGMUE__ligand2238-0
808,SUGMUE__ligand9167-0
809,SUGMUE__ligand28685-0
810,SUGMUE__ligand18568-0
811,SUGMUE__ligand5304-0
812,SUGMUE__ligand7293-0
813,SUGMUE__ligand2822-0
814,SUGMUE__ligand3867-0
815,SUGMUE__ligand1317-0
816,SUGMUE__ligand10371-0
817,SUGMUE__ligand18448-0
818,SUGMUE__ligand8002-0
819,SUGMUE__ligand5509-0
820,SUGMUE__ligand12453-0
821,SUGMUE__ligand1407-0
822,SUGMUE__ligand6117-0
823,SUGMUE__ligand28459-0
824,SUGMUE__ligand19184-0
825,SUGMUE__ligand338-0
826,SUGMUE__ligand5080-0
827,SUGMUE__ligand7762-0
