,TMC
0,HULBOF__ligand955-0
1,HULBOF__ligand252-0
2,HULBOF__ligand1052-0
3,HULBOF__ligand193-0
4,HULBOF__ligand66-0
5,HULBOF__ligand1273-0
6,HULBOF__ligand830-0
7,HULBOF__ligand909-0
8,HULBOF__ligand9027-0
9,HULBOF__ligand1113-0
10,HULBOF__ligand2265-0
11,HULBOF__ligand6396-0
12,HULBOF__ligand851-0
13,HULBOF__ligand1502-0
14,HULBOF__ligand2794-0
15,HULBOF__ligand2345-0
16,HULBOF__ligand1835-0
17,HULBOF__ligand4983-0
18,HULBOF__ligand934-0
19,HULBOF__ligand177-0
20,HULBOF__ligand1169-0
21,HULBOF__ligand369-0
22,HULBOF__ligand5022-0
23,HULBOF__ligand444-0
24,HULBOF__ligand38-0
25,HULBOF__ligand188-0
26,HULBOF__ligand2880-0
27,HULBOF__ligand5941-0
28,HULBOF__ligand2838-0
29,HULBOF__ligand1799-0
30,HULBOF__ligand3838-0
31,HULBOF__ligand40-0
32,HULBOF__ligand311-0
33,HULBOF__ligand6151-0
34,HULBOF__ligand2772-0
35,HULBOF__ligand21-0
36,HULBOF__ligand9495-0
37,HULBOF__ligand6538-0
38,HULBOF__ligand370-0
39,HULBOF__ligand2142-0
40,HULBOF__ligand460-0
41,HULBOF__ligand250-0
42,HULBOF__ligand2864-0
43,HULBOF__ligand331-0
44,HULBOF__ligand7464-0
45,HULBOF__ligand993-0
46,HULBOF__ligand294-0
47,HULBOF__ligand18-0
48,HULBOF__ligand584-0
49,HULBOF__ligand6294-0
50,HULBOF__ligand916-0
51,HULBOF__ligand1054-0
52,HULBOF__ligand421-0
53,HULBOF__ligand1598-0
54,HULBOF__ligand798-0
55,HULBOF__ligand4303-0
56,HULBOF__ligand1248-0
57,HULBOF__ligand235-0
58,HULBOF__ligand134-0
59,HULBOF__ligand932-0
60,HULBOF__ligand8774-0
61,HULBOF__ligand390-0
62,HULBOF__ligand3637-0
63,HULBOF__ligand109-0
64,HULBOF__ligand525-0
65,HULBOF__ligand560-0
66,HULBOF__ligand1152-0
67,HULBOF__ligand352-0
68,HULBOF__ligand783-0
69,HULBOF__ligand1727-0
70,HULBOF__ligand136-0
71,HULBOF__ligand86-0
72,HULBOF__ligand442-0
73,HULBOF__ligand1607-0
74,HULBOF__ligand868-0
75,HULBOF__ligand2320-0
76,HULBOF__ligand1056-0
77,HULBOF__ligand2862-0
78,HULBOF__ligand112-0
79,HULBOF__ligand8921-0
80,HULBOF__ligand2285-0
81,HULBOF__ligand1567-0
82,HULBOF__ligand2510-0
83,HULBOF__ligand2907-0
84,HULBOF__ligand296-0
85,HULBOF__ligand62-0
86,HULBOF__ligand1703-0
87,HULBOF__ligand197-0
88,HULBOF__ligand2430-0
89,HULBOF__ligand485-0
90,HULBOF__ligand1685-0
91,HULBOF__ligand355-0
92,HULBOF__ligand784-0
93,HULBOF__ligand1048-0
94,HULBOF__ligand2087-0
95,HULBOF__ligand3757-0
96,HULBOF__ligand1459-0
97,HULBOF__ligand11730-0
98,HULBOF__ligand1544-0
99,HULBOF__ligand1438-0
100,HULBOF__ligand115-0
101,HULBOF__ligand3063-0
102,HULBOF__ligand5801-0
103,HULBOF__ligand1171-0
104,HULBOF__ligand291-0
105,HULBOF__ligand2629-0
106,HULBOF__ligand4381-0
107,HULBOF__ligand1706-0
108,HULBOF__ligand3734-0
109,HULBOF__ligand67-0
110,HULBOF__ligand682-0
111,HULBOF__ligand2768-0
112,HULBOF__ligand1376-0
113,HULBOF__ligand133-0
114,HULBOF__ligand447-0
115,HULBOF__ligand2259-0
116,HULBOF__ligand2688-0
117,HULBOF__ligand1951-0
118,HULBOF__ligand1687-0
119,HULBOF__ligand487-0
120,HULBOF__ligand666-0
121,HULBOF__ligand6277-0
122,HULBOF__ligand522-0
123,HULBOF__ligand2634-0
124,HULBOF__ligand1542-0
125,HULBOF__ligand3041-0
126,HULBOF__ligand236-0
127,HULBOF__ligand2751-0
128,HULBOF__ligand353-0
129,HULBOF__ligand5548-0
130,HULBOF__ligand7915-0
131,HULBOF__ligand1747-0
132,HULBOF__ligand6686-0
133,HULBOF__ligand196-0
134,HULBOF__ligand502-0
135,HULBOF__ligand3145-0
136,HULBOF__ligand3178-0
137,HULBOF__ligand6332-0
138,HULBOF__ligand422-0
139,HULBOF__ligand6502-0
140,HULBOF__ligand2098-0
141,HULBOF__ligand2863-0
142,HULBOF__ligand113-0
143,HULBOF__ligand1148-0
144,HULBOF__ligand1479-0
145,HULBOF__ligand210-0
146,HULBOF__ligand3246-0
147,HULBOF__ligand8-0
148,HULBOF__ligand45-0
149,HULBOF__ligand314-0
150,HULBOF__ligand1114-0
151,HULBOF__ligand481-0
152,HULBOF__ligand1538-0
153,HULBOF__ligand1228-0
154,HULBOF__ligand391-0
155,HULBOF__ligand9244-0
156,HULBOF__ligand85-0
157,HULBOF__ligand170-0
158,HULBOF__ligand78-0
159,HULBOF__ligand2954-0
160,HULBOF__ligand5093-0
161,HULBOF__ligand2253-0
162,HULBOF__ligand1160-0
163,HULBOF__ligand1038-0
164,HULBOF__ligand89-0
165,HULBOF__ligand2762-0
166,HULBOF__ligand49-0
167,HULBOF__ligand141-0
168,HULBOF__ligand240-0
169,HULBOF__ligand7550-0
170,HULBOF__ligand120-0
171,HULBOF__ligand7630-0
172,HULBOF__ligand384-0
173,HULBOF__ligand1555-0
174,HULBOF__ligand4-0
175,HULBOF__ligand1285-0
176,HULBOF__ligand1907-0
177,HULBOF__ligand4423-0
178,HULBOF__ligand3890-0
179,HULBOF__ligand7456-0
180,HULBOF__ligand797-0
181,HULBOF__ligand1818-0
182,HULBOF__ligand17-0
183,HULBOF__ligand3852-0
184,HULBOF__ligand3478-0
185,HULBOF__ligand92-0
186,HULBOF__ligand5758-0
187,HULBOF__ligand6-0
188,HULBOF__ligand757-0
189,HULBOF__ligand1493-0
190,HULBOF__ligand3070-0
191,HULBOF__ligand3035-0
192,HULBOF__ligand2718-0
193,HULBOF__ligand9176-0
194,HULBOF__ligand3251-0
195,HULBOF__ligand5235-0
196,HULBOF__ligand6143-0
197,HULBOF__ligand4619-0
198,HULBOF__ligand1918-0
199,HULBOF__ligand596-0
200,HULBOF__ligand4175-0
201,HULBOF__ligand187-0
202,HULBOF__ligand612-0
203,HULBOF__ligand861-0
204,HULBOF__ligand10357-0
205,HULBOF__ligand2255-0
206,HULBOF__ligand366-0
207,HULBOF__ligand15630-0
208,HULBOF__ligand1436-0
209,HULBOF__ligand3618-0
210,HULBOF__ligand2618-0
211,HULBOF__ligand4370-0
212,HULBOF__ligand126-0
213,HULBOF__ligand2526-0
214,HULBOF__ligand1551-0
215,HULBOF__ligand124-0
216,HULBOF__ligand119-0
217,HULBOF__ligand11-0
218,HULBOF__ligand2707-0
219,HULBOF__ligand1690-0
220,HULBOF__ligand178-0
221,HULBOF__ligand279-0
222,HULBOF__ligand321-0
223,HULBOF__ligand2915-0
224,HULBOF__ligand4012-0
225,HULBOF__ligand3196-0
226,HULBOF__ligand201-0
227,HULBOF__ligand244-0
228,HULBOF__ligand100-0
229,HULBOF__ligand2599-0
230,HULBOF__ligand5089-0
231,HULBOF__ligand838-0
232,HULBOF__ligand3853-0
233,HULBOF__ligand166-0
234,HULBOF__ligand2853-0
235,HULBOF__ligand532-0
236,HULBOF__ligand6166-0
237,HULBOF__ligand633-0
238,HULBOF__ligand918-0
239,HULBOF__ligand497-0
240,HULBOF__ligand1246-0
241,HULBOF__ligand32-0
242,HULBOF__ligand283-0
243,HULBOF__ligand553-0
244,HULBOF__ligand326-0
245,HULBOF__ligand821-0
246,HULBOF__ligand436-0
247,HULBOF__ligand206-0
248,HULBOF__ligand142-0
249,HULBOF__ligand1307-0
250,HULBOF__ligand4811-0
251,HULBOF__ligand1449-1
252,HULBOF__ligand48-0
253,HULBOF__ligand140-0
254,HULBOF__ligand105-0
255,HULBOF__ligand3337-0
256,HULBOF__ligand7514-0
257,HULBOF__ligand9620-0
258,HULBOF__ligand4894-0
259,HULBOF__ligand1260-0
260,HULBOF__ligand409-0
261,HULBOF__ligand324-0
262,HULBOF__ligand361-0
263,HULBOF__ligand1788-0
264,HULBOF__ligand51-0
265,HULBOF__ligand575-0
266,HULBOF__ligand1178-0
267,HULBOF__ligand3566-0
268,HULBOF__ligand91-0
269,HULBOF__ligand199-0
270,HULBOF__ligand927-0
271,HULBOF__ligand1321-0
272,HULBOF__ligand29-0
273,HULBOF__ligand5762-0
274,HULBOF__ligand7414-0
275,HULBOF__ligand1104-0
276,HULBOF__ligand1019-0
277,HULBOF__ligand2442-0
278,HULBOF__ligand571-0
279,HULBOF__ligand118-0
280,HULBOF__ligand55-0
281,HULBOF__ligand670-0
282,HULBOF__ligand1325-0
283,HULBOF__ligand2482-0
284,HULBOF__ligand6571-0
285,HULBOF__ligand95-0
286,HULBOF__ligand10114-0
287,HULBOF__ligand509-0
288,HULBOF__ligand1-0
289,HULBOF__ligand2376-0
290,HULBOF__ligand669-0
291,HULBOF__ligand2929-0
292,HULBOF__ligand430-0
293,HULBOF__ligand358-0
294,HULBOF__ligand1299-0
295,HULBOF__ligand6430-0
296,HULBOF__ligand365-0
297,HULBOF__ligand10479-0
298,HULBOF__ligand1221-0
299,HULBOF__ligand1264-0
300,HULBOF__ligand34-0
301,HULBOF__ligand1379-0
302,HULBOF__ligand278-0
303,HULBOF__ligand2916-0
304,HULBOF__ligand2110-0
305,HULBOF__ligand14530-0
306,HULBOF__ligand3579-0
307,HULBOF__ligand1712-0
308,HULBOF__ligand73-0
309,HULBOF__ligand2389-0
310,HULBOF__ligand1919-0
311,HULBOF__ligand10910-0
312,HULBOF__ligand226-0
313,HULBOF__ligand2315-0
314,HULBOF__ligand1898-0
315,HULBOF__ligand4504-0
316,HULBOF__ligand162-0
317,HULBOF__ligand3051-0
318,HULBOF__ligand2480-0
319,HULBOF__ligand383-0
320,HULBOF__ligand5334-0
321,HULBOF__ligand3-0
322,HULBOF__ligand57-0
323,HULBOF__ligand8032-0
324,HULBOF__ligand1858-0
